Workbook
Name ProductList: [1]November15!$R$3:$R$9
Name ProductList: [2]November15!$R$3:$R$9

Sheet Dec 18th
T1: P.G. | V1: Hot Time | X1: Process Time | Z1: Cooling Time
B2: Brewing Department Daily Process Loss Report | T2: Lower | U2: Upper | V2: Lower | W2: Upper | X2: Lower | Y2: Upper | Z2: Lower | AA2: Upper
S3: CARIB | T3: 11.6 | U3: 12 | V3: 0 | W3: 0.11805556 | X3: 0.17361111 | Y3: 0.21180556 | Z3: 0 | AA3: 60 | AC3: HR- PISNER
B4: Date: | C4: 45278 | J4: LOT WORT COLOUR: 3.4 | M4: Filter Sheets (Target 20 days) | S4: STAG | T4: 11.6 | U4: 12 | V4: 0 | W4: 0.11805556 | X4: 0.17361111 | Y4: 0.21180556 | Z4: 0 | AA4: 60
M5: Double | N5: Single | S5: GUINNESS | T5: 17 | U5: 17.5 | V5: 0 | W5: 0.10763889 | X5: 0.19444444 | Y5: 0.23263889 | Z5: 0 | AA5: 60
J6: MALT LOT: Lot 8 | L6: Sheet Day | S6: MACKESON | T6: 13.3 | U6: 13.5 | V6: 0 | W6: 0.12905093 | X6: 0.22222222 | Y6: 0.25347222 | Z6: 0
S7: STARMALT | T7: 17.1 | U7: 17.5 | V7: 0 | W7: 0.13605324 | X7: 0.20833333 | Y7: 0.24305556 | Z7: 0 | AA7: 60
B8: Brand | C8: Brew no. | D8: Kett. Hls | E8: Wort | F8: Cool Time(Mins) | G8: Cast. P.G. (Lab Result) | H8: Cast P.G. (Cellar Operator)-gravity | I8: Extr. Rec (79.1%) | J8: Theor. Extr. (77.5%) | K8: Boil Off /Vol. (4-6%) | L8: Boil Time | M8: Total Hot | N8: Brewing | P8: Comments | Q8: Actual Pilsen Malt | S8: Hurricane Reef | T8: 16.6 | U8: 17 | V8: 0 | W8: 0.12905093 | X8: 0.22222222 | Y8: 0.25347222 | Z8: 0
E9: Meter (Hls) | F9: Target(< 60Mins) | M9: Time | S9: VITAMALT | T9: 14.4 | U9: 14.6 | V9: 0 | W9: 0.13905093 | X9: 0.19097222 | Y9: 0.22569444 | Z9: 0 | AA9: 75
S10: =B10 -> 0 | T10: =VLOOKUP($B10,$S$3:$Y$9,2,FALSE) -> #N/A | U10: =VLOOKUP($B10,$S$3:$Y$9,3,FALSE) -> #N/A | V10: =VLOOKUP($B10,$S$3:$Y$9,4,FALSE) -> #N/A | W10: =VLOOKUP($B10,$S$3:$Y$9,5,FALSE) -> #N/A | X10: =VLOOKUP($B10,$S$3:$Y$9,6,FALSE) -> #N/A | Y10: =VLOOKUP($B10,$S$3:$Y$9,7,FALSE) -> #N/A | Z10: =VLOOKUP($B10,$S$3:$AA$9,8,FALSE) -> #N/A | AA10: =VLOOKUP($B10,$S$3:$AA$9,9,FALSE) -> #N/A
S11: =B11 -> 0 | T11: =VLOOKUP($B11,$S$3:$Y$9,2,FALSE) -> #N/A | U11: =VLOOKUP($B11,$S$3:$Y$9,3,FALSE) -> #N/A | V11: =VLOOKUP($B11,$S$3:$Y$9,4,FALSE) -> #N/A | W11: =VLOOKUP($B11,$S$3:$Y$9,5,FALSE) -> #N/A | X11: =VLOOKUP($B11,$S$3:$Y$9,6,FALSE) -> #N/A | Y11: =VLOOKUP($B11,$S$3:$Y$9,7,FALSE) -> #N/A | Z11: =VLOOKUP($B11,$S$3:$AA$9,8,FALSE) -> #N/A | AA11: =VLOOKUP($B11,$S$3:$AA$9,9,FALSE) -> #N/A
S12: =B12 -> 0 | T12: =VLOOKUP($B12,$S$3:$Y$9,2,FALSE) -> #N/A | U12: =VLOOKUP($B12,$S$3:$Y$9,3,FALSE) -> #N/A | V12: =VLOOKUP($B12,$S$3:$Y$9,4,FALSE) -> #N/A | W12: =VLOOKUP($B12,$S$3:$Y$9,5,FALSE) -> #N/A | X12: =VLOOKUP($B12,$S$3:$Y$9,6,FALSE) -> #N/A | Y12: =VLOOKUP($B12,$S$3:$Y$9,7,FALSE) -> #N/A | Z12: =VLOOKUP($B12,$S$3:$AA$9,8,FALSE) -> #N/A | AA12: =VLOOKUP($B12,$S$3:$AA$9,9,FALSE) -> #N/A
S13: =B13 -> 0 | T13: =VLOOKUP($B13,$S$3:$Y$9,2,FALSE) -> #N/A | U13: =VLOOKUP($B13,$S$3:$Y$9,3,FALSE) -> #N/A | V13: =VLOOKUP($B13,$S$3:$Y$9,4,FALSE) -> #N/A | W13: =VLOOKUP($B13,$S$3:$Y$9,5,FALSE) -> #N/A | X13: =VLOOKUP($B13,$S$3:$Y$9,6,FALSE) -> #N/A | Y13: =VLOOKUP($B13,$S$3:$Y$9,7,FALSE) -> #N/A | Z13: =VLOOKUP($B13,$S$3:$AA$9,8,FALSE) -> #N/A | AA13: =VLOOKUP($B13,$S$3:$AA$9,9,FALSE) -> #N/A
S14: =B14 -> 0 | T14: =VLOOKUP($B14,$S$3:$Y$9,2,FALSE) -> #N/A | U14: =VLOOKUP($B14,$S$3:$Y$9,3,FALSE) -> #N/A | V14: =VLOOKUP($B14,$S$3:$Y$9,4,FALSE) -> #N/A | W14: =VLOOKUP($B14,$S$3:$Y$9,5,FALSE) -> #N/A | X14: =VLOOKUP($B14,$S$3:$Y$9,6,FALSE) -> #N/A | Y14: =VLOOKUP($B14,$S$3:$Y$9,7,FALSE) -> #N/A | Z14: =VLOOKUP($B14,$S$3:$AA$9,8,FALSE) -> #N/A | AA14: =VLOOKUP($B14,$S$3:$AA$9,9,FALSE) -> #N/A
S15: =B15 -> 0 | T15: =VLOOKUP($B15,$S$3:$Y$9,2,FALSE) -> #N/A | U15: =VLOOKUP($B15,$S$3:$Y$9,3,FALSE) -> #N/A | V15: =VLOOKUP($B15,$S$3:$Y$9,4,FALSE) -> #N/A | W15: =VLOOKUP($B15,$S$3:$Y$9,5,FALSE) -> #N/A | X15: =VLOOKUP($B15,$S$3:$Y$9,6,FALSE) -> #N/A | Y15: =VLOOKUP($B15,$S$3:$Y$9,7,FALSE) -> #N/A | Z15: =VLOOKUP($B15,$S$3:$AA$9,8,FALSE) -> #N/A | AA15: =VLOOKUP($B15,$S$3:$AA$9,9,FALSE) -> #N/A
S16: =B16 -> 0 | T16: =VLOOKUP($B16,$S$3:$Y$9,2,FALSE) -> #N/A | U16: =VLOOKUP($B16,$S$3:$Y$9,3,FALSE) -> #N/A | V16: =VLOOKUP($B16,$S$3:$Y$9,4,FALSE) -> #N/A | W16: =VLOOKUP($B16,$S$3:$Y$9,5,FALSE) -> #N/A | X16: =VLOOKUP($B16,$S$3:$Y$9,6,FALSE) -> #N/A | Y16: =VLOOKUP($B16,$S$3:$Y$9,7,FALSE) -> #N/A | Z16: =VLOOKUP($B16,$S$3:$AA$9,8,FALSE) -> #N/A | AA16: =VLOOKUP($B16,$S$3:$AA$9,9,FALSE) -> #N/A
S17: =B17 -> 0 | T17: =VLOOKUP($B17,$S$3:$Y$9,2,FALSE) -> #N/A | U17: =VLOOKUP($B17,$S$3:$Y$9,3,FALSE) -> #N/A | V17: =VLOOKUP($B17,$S$3:$Y$9,4,FALSE) -> #N/A | W17: =VLOOKUP($B17,$S$3:$Y$9,5,FALSE) -> #N/A | X17: =VLOOKUP($B17,$S$3:$Y$9,6,FALSE) -> #N/A | Y17: =VLOOKUP($B17,$S$3:$Y$9,7,FALSE) -> #N/A | Z17: =VLOOKUP($B17,$S$3:$AA$9,8,FALSE) -> #N/A | AA17: =VLOOKUP($B17,$S$3:$AA$9,9,FALSE) -> #N/A
S18: =B18 -> 0 | T18: =VLOOKUP($B18,$S$3:$Y$9,2,FALSE) -> #N/A | U18: =VLOOKUP($B18,$S$3:$Y$9,3,FALSE) -> #N/A | V18: =VLOOKUP($B18,$S$3:$Y$9,4,FALSE) -> #N/A | W18: =VLOOKUP($B18,$S$3:$Y$9,5,FALSE) -> #N/A | X18: =VLOOKUP($B18,$S$3:$Y$9,6,FALSE) -> #N/A | Y18: =VLOOKUP($B18,$S$3:$Y$9,7,FALSE) -> #N/A | Z18: =VLOOKUP($B18,$S$3:$AA$9,8,FALSE) -> #N/A | AA18: =VLOOKUP($B18,$S$3:$AA$9,9,FALSE) -> #N/A
S19: =B19 -> 0 | T19: =VLOOKUP($B19,$S$3:$Y$9,2,FALSE) -> #N/A | U19: =VLOOKUP($B19,$S$3:$Y$9,3,FALSE) -> #N/A | V19: =VLOOKUP($B19,$S$3:$Y$9,4,FALSE) -> #N/A | W19: =VLOOKUP($B19,$S$3:$Y$9,5,FALSE) -> #N/A | X19: =VLOOKUP($B19,$S$3:$Y$9,6,FALSE) -> #N/A | Y19: =VLOOKUP($B19,$S$3:$Y$9,7,FALSE) -> #N/A | Z19: =VLOOKUP($B19,$S$3:$AA$9,8,FALSE) -> #N/A | AA19: =VLOOKUP($B19,$S$3:$AA$9,9,FALSE) -> #N/A
S20: =B20 -> 0 | T20: =VLOOKUP($B20,$S$3:$Y$9,2,FALSE) -> #N/A | U20: =VLOOKUP($B20,$S$3:$Y$9,3,FALSE) -> #N/A | V20: =VLOOKUP($B20,$S$3:$Y$9,4,FALSE) -> #N/A | W20: =VLOOKUP($B20,$S$3:$Y$9,5,FALSE) -> #N/A | X20: =VLOOKUP($B20,$S$3:$Y$9,6,FALSE) -> #N/A | Y20: =VLOOKUP($B20,$S$3:$Y$9,7,FALSE) -> #N/A | Z20: =VLOOKUP($B20,$S$3:$AA$9,8,FALSE) -> #N/A | AA20: =VLOOKUP($B20,$S$3:$AA$9,9,FALSE) -> #N/A
S21: =B21 -> 0 | T21: =VLOOKUP($B21,$S$3:$Y$9,2,FALSE) -> #N/A | U21: =VLOOKUP($B21,$S$3:$Y$9,3,FALSE) -> #N/A | V21: =VLOOKUP($B21,$S$3:$Y$9,4,FALSE) -> #N/A | W21: =VLOOKUP($B21,$S$3:$Y$9,5,FALSE) -> #N/A | X21: =VLOOKUP($B21,$S$3:$Y$9,6,FALSE) -> #N/A | Y21: =VLOOKUP($B21,$S$3:$Y$9,7,FALSE) -> #N/A | Z21: =VLOOKUP($B21,$S$3:$AA$9,8,FALSE) -> #N/A | AA21: =VLOOKUP($B21,$S$3:$AA$9,9,FALSE) -> #N/A
... S47: =B47 -> 0 | T47: =VLOOKUP($B47,$S$3:$Y$9,2,FALSE) -> #N/A | U47: =VLOOKUP($B47,$S$3:$Y$9,3,FALSE) -> #N/A | V47: =VLOOKUP($B47,$S$3:$Y$9,4,FALSE) -> #N/A | W47: =VLOOKUP($B47,$S$3:$Y$9,5,FALSE) -> #N/A | X47: =VLOOKUP($B47,$S$3:$Y$9,6,FALSE) -> #N/A | Y47: =VLOOKUP($B47,$S$3:$Y$9,7,FALSE) -> #N/A | Z47: =VLOOKUP($B47,$S$3:$AA$9,8,FALSE) -> #N/A | AA47: =VLOOKUP($B47,$S$3:$AA$9,9,FALSE) -> #N/A
I48: EXTRACT RECOVERY
B49: BRAND | D49: BBT P.G./ O.G | I49: Brand | J49: Actual | K49: MTD No. of Brews | L49: MTD | M49: YTD | N49: Target
B50: STAG | C50: 11.8 | D50: 11.73 | I50: CARIB | K50: =COUNTA([3]Brewhouse!$A$1596:$A$1619) -> 24 | L50: =AVERAGE([3]Brewhouse!$AU$1529,[3]Brewhouse!$AU$1531:$AU$1594,[3]Brewhouse!$AU$1596:$AU$1619) -> 98.205761 | M50: =AVERAGE([3]Brewhouse!$AU$849:$AU$924,[3]Brewhouse!$AU$926:$AU$971,[3]Brewhouse!$AU$973:$AU$1066,[3]Brewhouse!$AU$1068:$AU$1111,[3]Brewhouse!$AU$1113:$AU$1132,[3]Brewhouse!$AU$1134:$AU$1167,[3]Brewhouse!$AU$1169:$AU$1230,[3]Brewhouse!$AU$1232:$AU$1299,[3]Brewhouse!$AU$1301:$AU$1363,[3]Brewhouse!$AU$1365:$AU$1444,[3]Brewhouse!$AU$1446:$AU$1527,[3]Brewhouse!$AU$1529,[3]Brewhouse!$AU$1531:$AU$1594,[3]Brewhouse!$AU$1596:$AU$1619) -> 98.381806 | N50: 98
C51: 11.9 | I51: STAG | K51: =COUNTA([4]Brewhouse!$A$976:$A$1007) -> 32 | L51: =AVERAGE([4]Brewhouse!$AS$976:$AS$979,[4]Brewhouse!$AS$981:$AS$1007) -> 98.538567 | M51: =AVERAGE([4]Brewhouse!$AS$577:$AS$618,[4]Brewhouse!$AS$620:$AS$651,[4]Brewhouse!$AS$653:$AS$696,[4]Brewhouse!$AS$698:$AS$708,[4]Brewhouse!$AS$710:$AS$733,[4]Brewhouse!$AS$735:$AS$777,[4]Brewhouse!$AS$779:$AS$822,[4]Brewhouse!$AS$824:$AS$863,[4]Brewhouse!$AS$865:$AS$974,[4]Brewhouse!$AS$976:$AS$979,[4]Brewhouse!$AS$981:$AS$1007) -> 98.489671 | N51: 98
I52: GUINNESS | K52: =COUNTA([5]Brewhouse!$A$282:$A$289) -> 8 | L52: =AVERAGE([5]Brewhouse!$AU$269:$AU$279,[5]Brewhouse!$AU$282:$AU$289) -> 96.186177 | M52: =AVERAGE([5]Brewhouse!$AU$161:$AU$176,[5]Brewhouse!$AU$178:$AU$195,[5]Brewhouse!$AU$197:$AU$208,[5]Brewhouse!$AU$210:$AU$221,[5]Brewhouse!$AU$223:$AU$232,[5]Brewhouse!$AU$234:$AU$279,[5]Brewhouse!$AU$282:$AU$289) -> 96.64916 | N52: 98
I53: VITAMALT | K53: =COUNTA([6]Brewhouse!$A$158:$A$163) -> 6 | L53: =AVERAGE([6]Brewhouse!$AU$158:$AU$163) -> 94.60305 | M53: =AVERAGE([6]Brewhouse!$AU$91:$AU$101,[6]Brewhouse!$AU$103:$AU$112,[6]Brewhouse!$AU$114:$AU$123,[6]Brewhouse!$AU$125:$AU$134,[6]Brewhouse!$AU$136:$AU$145,[6]Brewhouse!$AU$147:$AU$156,[6]Brewhouse!$AU$158:$AU$163) -> 96.240014 | N53: 98
I54: MAXIMALT | N54: 98
I55: MACKESON | M55: =AVERAGE([7]Brewhouse!$AT$74:$AT$79) -> 93.959836 | N55: 98
I56: STARMALT | K56: =COUNTA([8]Brewhouse!$A$249:$A$254) -> 6 | L56: =AVERAGE([8]Brewhouse!$AY$249:$AY$254) -> 99.681996 | M56: =AVERAGE([8]Brewhouse!$AY$138:$AY$143,[8]Brewhouse!$AY$145:$AY$153,[8]Brewhouse!$AY$155,[8]Brewhouse!$AY$156:$AY$174,[8]Brewhouse!$AY$176:$AY$185,[8]Brewhouse!$AY$187:$AY$198,[8]Brewhouse!$AY$200:$AY$247,[8]Brewhouse!$AY$249:$AY$254) -> 98.774703 | N56: 98
I57: HR- P | M57: =AVERAGE([9]Brewhouse!$AW$13:$AW$14,[9]Brewhouse!$AW$16:$AW$17) -> 92.042628 | N57: 98
I58: Hurricane Reef | M58: =AVERAGE([9]Brewhouse!$AW$13:$AW$14) -> 88.376943 | N58: 98
K59: =SUM(K50:K58) -> 76 | L59: =((L50*K50)+(L51*K51)+(L52*K52)+(L53*K53)+(L54*K54)+(K57*L57)+(L55*K55)+(L56*K56)+(L58*K58))/(K59) -> 97.965422 | M59: =AVERAGE('[10]Closing- January 2023'!$L$42,'[11]Feb. 28th'!$L$42,'[12]March 31st'!$L$75,'[13]Apri 28th'!$L$51,L59) -> 98.06926 | N59: 98
J62: Daily Brewing Plan
J63: Brand | K63: Brews Achieved | L63: Average Brews per day
J64: CARIB | L64: MTD | M64: YTD | N64: TARGET
J65: STAG | K65: 5 | L65: =AVERAGE(#REF!,#REF!,K74,#REF!,#REF!,#REF!,#REF!,#REF!,#REF!,#REF!,#REF!) -> #REF! | M65: =AVERAGE(6,6,'[12]March 31st'!$L$80,'[14]June 30th '!$L$71,6,L65,'[15]July 31st'!$L$108,'[16]Aug 30th'!$L$124,7,[17]Oct.31st!$L$51) -> #REF! | N65: 9
J66: GUINN
J67: VITAMALT
J68: STARMALT
J69: MACKESON
J70: HURRICANE REEF- IPA
J71: HURRICANE REEF- APA
B72: AVERAGE | D72: =AVERAGE(D50:E71) -> 11.73 | J72: HR- PILSNER
J73: CARIBE
J74: Total | K74: =SUM(K64:K73) -> 5
B75: Process: | C75: Fermentation/Filtration
B77: Brand | C77: Filt. Date | D77: FV Hls | E77: GFE/ Prim/ Vita Blend (Hls) | F77: SV Hls | G77: BBT Hls | H77: Loss (%) Ferm | I77: Loss (%) Filt | J77: Comments | K77: Throughput | L77: Process Loss (%) | M77: Filt. Operator
U78: 43466 | V78: 43467 | W78: 43468 | X78: 43469 | Y78: 43470 | Z78: 43471 | AA78: 43472 | AB78: 43473 | AC78: 43474 | AD78: 43475 | AE78: 43476 | AF78: 43477 | AG78: 43478 | AH78: 43479 | AI78: 43480 | AJ78: 43481 | AK78: 43482 | AL78: 43483 | AM78: 43484 | AN78: 43485 | AO78: 43486 | AP78: 43487 | AQ78: 43488 | AR78: 43489 | AS78: 43490 | AT78: 43491 | AU78: 43492 | AV78: 43493 | AW78: 43494 | AX78: 43495 | AY78: 43496
B79: STAG | C79: 45278 | D79: =[18]December_2023!$U$13 -> 150.4 | G79: =[18]December_2023!$U$17 -> 120.8 | J79: NO BREAK | K79: =[19]December_2023!$U$25 -> 0.42385965 | L79: =(((D79+E79)-G79)/(D79+E79))*100 -> 19.680851 | M79: K.Hosten | T79: hls
T80: Throughput | U80: =[20]January_2019!D8 -> #DIV/0! | V80: =[20]January_2019!E8 -> 1.0319298 | W80: =[20]January_2019!F8 -> 1.7789474 | X80: =[20]January_2019!G8 -> 0.51929825 | Y80: =[20]January_2019!H8 -> #DIV/0! | Z80: =[20]January_2019!I8 -> #DIV/0! | AA80: =[20]January_2019!J8 -> 1.3652632 | AB80: =[20]January_2019!K8 -> #DIV/0! | ... AY80: =[20]January_2019!AH8 -> #DIV/0!
B87: Process Loss (Volume) | G87: Process Loss (Extract) | K87: Throughput
B88: Brand | C88: Actual | D88: MTD | E88: YTD | F88: Target | G88: Actual | H88: MTD | I88: YTD | J88: Target | K88: Actual | L88: MTD | M88: YTD | N88: Target
B89: CARIB | D89: 5.181332 | E89: 6.6038503 | F89: 4.8 | H89: 5.2502762 | I89: 6.9665258 | J89: 4.8 | L89: 0.70807018 | M89: 0.77999467 | N89: 1
B90: STAG | C90: =AVERAGE(L79,L81) -> 19.680851 | D90: 6.5498915 | E90: 6.1662321 | F90: 4.8 | G90: =[18]December_2023!$U$21 -> 19.680851 | H90: 6.3458282 | I90: 5.9138834 | J90: 4.8 | K90: =AVERAGE(K79,K81) -> 0.42385965 | L90: 0.66137427 | M90: 0.71942944 | N90: 1
B91: GUINN | D91: 8.4423676 | E91: 8.9890455 | F91: 5.5 | H91: 5.9624998 | I91: 8.6652309 | J91: 5.5 | L91: 0.51561404 | M91: 0.65035608 | N91: 1
B92: VITAMALT | D92: 3.597848 | E92: 2.9936807 | F92: 3.3 | H92: 6.098202 | I92: 3.3134543 | J92: 3.3 | L92: 0.50298246 | M92: 1.0625518 | N92: 1
B93: MAXIMALT | F93: 3.3 | J93: 3 | N93: 1
B94: MACKESON | E94: 6.4174306 | F94: =[21]May_2022!$M$43 -> 3.4878407 | I94: 7.0730655 | J94: 5.5 | M94: 1.0342105 | N94: 1
B95: STARMALT | D95: 2.7692803 | E95: 3.0589058 | F95: 3.3 | H95: 4.2179953 | I95: 4.9470953 | J95: 3.3 | L95: 1.0594737 | M95: 1.0223839 | N95: 1
B96: HURRICANE REEF | E96: 11.178248 | F96: 7.5 | I96: 14.59851 | J96: 7.5 | M96: 0.30947368 | N96: 1
D97: 5.3927001 | E97: 6.2517133 | F97: 4.5 | H97: 5.4965257 | I97: 6.527958 | J97: 4.5 | L97: 0.69682018 | M97: 0.78265038 | N97: 1
AD110: :

Sheet Apr. 1st
T1: P.G. | V1: Hot Time | X1: Process Time | Z1: Cooling Time
B2: Brewing Department Daily Process Loss Report | T2: Lower | U2: Upper | V2: Lower | W2: Upper | X2: Lower | Y2: Upper | Z2: Lower | AA2: Upper
S3: CARIB | T3: 11.6 | U3: 12 | V3: 0 | W3: 0.11805556 | X3: 0.22569444 | Y3: 0.26388889 | Z3: 0 | AA3: 60 | AC3: HR- PISNER
B4: Date: | C4: 45749 | J4: LOT WORT COLOUR: 3.3 | M4: Filter Sheets (Target 20 days) | S4: STAG | T4: 11.6 | U4: 12 | V4: 0 | W4: 0.11805556 | X4: 0.22569444 | Y4: 0.26388889 | Z4: 0 | AA4: 60
M5: Double | N5: Single | S5: GUINNESS | T5: 17 | U5: 17.5 | V5: 0 | W5: 0.10763889 | X5: 0.24652778 | Y5: 0.28472222 | Z5: 0 | AA5: 60
J6: MALT LOT: Lot 33 | L6: Sheet Day | M6: 12 | N6: 10 | S6: MACKESON | T6: 13.3 | U6: 13.5 | V6: 0 | W6: 0.12905093 | X6: 0.27430556 | Y6: 0.30208333 | Z6: 0
S7: STARMALT | T7: 17.1 | U7: 17.5 | V7: 0 | W7: 0.13605324 | X7: 0.27430556 | Y7: 0.30902778 | Z7: 0 | AA7: 60
B8: Brand | C8: Brew no. | D8: Kett. Hls | E8: Wort | F8: Cool Time(Mins) | G8: Cast. P.G. (Lab Result) | H8: Cast P.G. (Cellar Operator)-gravity | I8: Extr. Rec (80.9%) | J8: Theor. Extr. (77.5%) | K8: Boil Off /Vol. (4-6%) | L8: Boil Time | M8: Total Hot | N8: Brewing | O8: Operator | P8: Comments | Q8: Actual Pilsen Malt | S8: Hurricane Reef | T8: 16.6 | U8: 17 | V8: 0 | W8: 0.12905093 | X8: 0.27430556 | Y8: 0.30208333 | Z8: 0
E9: Meter (Hls) | F9: Target(< 60Mins) | M9: Time | S9: VITAMALT | T9: 14.4 | U9: 14.6 | V9: 0 | W9: 0.13905093 | X9: 0.26041667 | Y9: 0.29513889 | Z9: 0 | AA9: 75
S10: =B10 -> 0 | T10: =VLOOKUP($B10,$S$3:$Y$9,2,FALSE) -> #N/A | U10: =VLOOKUP($B10,$S$3:$Y$9,3,FALSE) -> #N/A | V10: =VLOOKUP($B10,$S$3:$Y$9,4,FALSE) -> #N/A | W10: =VLOOKUP($B10,$S$3:$Y$9,5,FALSE) -> #N/A | X10: =VLOOKUP($B10,$S$3:$Y$9,6,FALSE) -> #N/A | Y10: =VLOOKUP($B10,$S$3:$Y$9,7,FALSE) -> #N/A | Z10: =VLOOKUP($B10,$S$3:$AA$9,8,FALSE) -> #N/A | AA10: =VLOOKUP($B10,$S$3:$AA$9,9,FALSE) -> #N/A
S11: =B11 -> 0 | T11: =VLOOKUP($B11,$S$3:$Y$9,2,FALSE) -> #N/A | U11: =VLOOKUP($B11,$S$3:$Y$9,3,FALSE) -> #N/A | V11: =VLOOKUP($B11,$S$3:$Y$9,4,FALSE) -> #N/A | W11: =VLOOKUP($B11,$S$3:$Y$9,5,FALSE) -> #N/A | X11: =VLOOKUP($B11,$S$3:$Y$9,6,FALSE) -> #N/A | Y11: =VLOOKUP($B11,$S$3:$Y$9,7,FALSE) -> #N/A | Z11: =VLOOKUP($B11,$S$3:$AA$9,8,FALSE) -> #N/A | AA11: =VLOOKUP($B11,$S$3:$AA$9,9,FALSE) -> #N/A
S12: =B12 -> 0 | T12: =VLOOKUP($B12,$S$3:$Y$9,2,FALSE) -> #N/A | U12: =VLOOKUP($B12,$S$3:$Y$9,3,FALSE) -> #N/A | V12: =VLOOKUP($B12,$S$3:$Y$9,4,FALSE) -> #N/A | W12: =VLOOKUP($B12,$S$3:$Y$9,5,FALSE) -> #N/A | X12: =VLOOKUP($B12,$S$3:$Y$9,6,FALSE) -> #N/A | Y12: =VLOOKUP($B12,$S$3:$Y$9,7,FALSE) -> #N/A | Z12: =VLOOKUP($B12,$S$3:$AA$9,8,FALSE) -> #N/A | AA12: =VLOOKUP($B12,$S$3:$AA$9,9,FALSE) -> #N/A
S13: =B13 -> 0 | T13: =VLOOKUP($B13,$S$3:$Y$9,2,FALSE) -> #N/A | U13: =VLOOKUP($B13,$S$3:$Y$9,3,FALSE) -> #N/A | V13: =VLOOKUP($B13,$S$3:$Y$9,4,FALSE) -> #N/A | W13: =VLOOKUP($B13,$S$3:$Y$9,5,FALSE) -> #N/A | X13: =VLOOKUP($B13,$S$3:$Y$9,6,FALSE) -> #N/A | Y13: =VLOOKUP($B13,$S$3:$Y$9,7,FALSE) -> #N/A | Z13: =VLOOKUP($B13,$S$3:$AA$9,8,FALSE) -> #N/A | AA13: =VLOOKUP($B13,$S$3:$AA$9,9,FALSE) -> #N/A
S14: =B14 -> 0 | T14: =VLOOKUP($B14,$S$3:$Y$9,2,FALSE) -> #N/A | U14: =VLOOKUP($B14,$S$3:$Y$9,3,FALSE) -> #N/A | V14: =VLOOKUP($B14,$S$3:$Y$9,4,FALSE) -> #N/A | W14: =VLOOKUP($B14,$S$3:$Y$9,5,FALSE) -> #N/A | X14: =VLOOKUP($B14,$S$3:$Y$9,6,FALSE) -> #N/A | Y14: =VLOOKUP($B14,$S$3:$Y$9,7,FALSE) -> #N/A | Z14: =VLOOKUP($B14,$S$3:$AA$9,8,FALSE) -> #N/A | AA14: =VLOOKUP($B14,$S$3:$AA$9,9,FALSE) -> #N/A
B15: GUINNESS | C15: =[22]Brewhouse!$A37 -> GU031 | D15: =[22]Brewhouse!$AF37 -> 58.6 | E15: =[22]Brewhouse!$AI37 -> 53.6 | F15: =[22]Brewhouse!$V37 -> 63 | G15: =[22]Brewhouse!$AG37 -> 17 | H15: 17.1 | I15: =[22]Brewhouse!$AU37 -> 96.214668 | J15: =[22]Brewhouse!$AV37 -> 97.322929 | K15: =[22]Brewhouse!$R37 -> 2.9015544 | L15: =[22]Brewhouse!$O37 -> 60 | M15: =[22]Brewhouse!$U37-[22]Brewhouse!$T37 -> 0.12361111 | N15: =[22]Brewhouse!$Z37 -> 0.29861111 | O15: =[22]Brewhouse!$AW37 -> R. Regis | S15: =B15 -> GUINNESS | T15: =VLOOKUP($B15,$S$3:$Y$9,2,FALSE) -> 17 | U15: =VLOOKUP($B15,$S$3:$Y$9,3,FALSE) -> 17.5 | V15: =VLOOKUP($B15,$S$3:$Y$9,4,FALSE) -> 0 | W15: =VLOOKUP($B15,$S$3:$Y$9,5,FALSE) -> 0.10763889 | X15: =VLOOKUP($B15,$S$3:$Y$9,6,FALSE) -> 0.24652778 | Y15: =VLOOKUP($B15,$S$3:$Y$9,7,FALSE) -> 0.28472222 | Z15: =VLOOKUP($B15,$S$3:$AA$9,8,FALSE) -> 0 | AA15: =VLOOKUP($B15,$S$3:$AA$9,9,FALSE) -> 60
S16: =B16 -> 0 | T16: =VLOOKUP($B16,$S$3:$Y$9,2,FALSE) -> #N/A | U16: =VLOOKUP($B16,$S$3:$Y$9,3,FALSE) -> #N/A | V16: =VLOOKUP($B16,$S$3:$Y$9,4,FALSE) -> #N/A | W16: =VLOOKUP($B16,$S$3:$Y$9,5,FALSE) -> #N/A | X16: =VLOOKUP($B16,$S$3:$Y$9,6,FALSE) -> #N/A | Y16: =VLOOKUP($B16,$S$3:$Y$9,7,FALSE) -> #N/A | Z16: =VLOOKUP($B16,$S$3:$AA$9,8,FALSE) -> #N/A | AA16: =VLOOKUP($B16,$S$3:$AA$9,9,FALSE) -> #N/A
S17: =B17 -> 0 | T17: =VLOOKUP($B17,$S$3:$Y$9,2,FALSE) -> #N/A | U17: =VLOOKUP($B17,$S$3:$Y$9,3,FALSE) -> #N/A | V17: =VLOOKUP($B17,$S$3:$Y$9,4,FALSE) -> #N/A | W17: =VLOOKUP($B17,$S$3:$Y$9,5,FALSE) -> #N/A | X17: =VLOOKUP($B17,$S$3:$Y$9,6,FALSE) -> #N/A | Y17: =VLOOKUP($B17,$S$3:$Y$9,7,FALSE) -> #N/A | Z17: =VLOOKUP($B17,$S$3:$AA$9,8,FALSE) -> #N/A | AA17: =VLOOKUP($B17,$S$3:$AA$9,9,FALSE) -> #N/A
S18: =B18 -> 0 | T18: =VLOOKUP($B18,$S$3:$Y$9,2,FALSE) -> #N/A | U18: =VLOOKUP($B18,$S$3:$Y$9,3,FALSE) -> #N/A | V18: =VLOOKUP($B18,$S$3:$Y$9,4,FALSE) -> #N/A | W18: =VLOOKUP($B18,$S$3:$Y$9,5,FALSE) -> #N/A | X18: =VLOOKUP($B18,$S$3:$Y$9,6,FALSE) -> #N/A | Y18: =VLOOKUP($B18,$S$3:$Y$9,7,FALSE) -> #N/A | Z18: =VLOOKUP($B18,$S$3:$AA$9,8,FALSE) -> #N/A | AA18: =VLOOKUP($B18,$S$3:$AA$9,9,FALSE) -> #N/A
S19: =B19 -> 0 | T19: =VLOOKUP($B19,$S$3:$Y$9,2,FALSE) -> #N/A | U19: =VLOOKUP($B19,$S$3:$Y$9,3,FALSE) -> #N/A | V19: =VLOOKUP($B19,$S$3:$Y$9,4,FALSE) -> #N/A | W19: =VLOOKUP($B19,$S$3:$Y$9,5,FALSE) -> #N/A | X19: =VLOOKUP($B19,$S$3:$Y$9,6,FALSE) -> #N/A | Y19: =VLOOKUP($B19,$S$3:$Y$9,7,FALSE) -> #N/A | Z19: =VLOOKUP($B19,$S$3:$AA$9,8,FALSE) -> #N/A | AA19: =VLOOKUP($B19,$S$3:$AA$9,9,FALSE) -> #N/A
S20: =B20 -> 0 | T20: =VLOOKUP($B20,$S$3:$Y$9,2,FALSE) -> #N/A | U20: =VLOOKUP($B20,$S$3:$Y$9,3,FALSE) -> #N/A | V20: =VLOOKUP($B20,$S$3:$Y$9,4,FALSE) -> #N/A | W20: =VLOOKUP($B20,$S$3:$Y$9,5,FALSE) -> #N/A | X20: =VLOOKUP($B20,$S$3:$Y$9,6,FALSE) -> #N/A | Y20: =VLOOKUP($B20,$S$3:$Y$9,7,FALSE) -> #N/A | Z20: =VLOOKUP($B20,$S$3:$AA$9,8,FALSE) -> #N/A | AA20: =VLOOKUP($B20,$S$3:$AA$9,9,FALSE) -> #N/A
S21: =B21 -> 0 | T21: =VLOOKUP($B21,$S$3:$Y$9,2,FALSE) -> #N/A | U21: =VLOOKUP($B21,$S$3:$Y$9,3,FALSE) -> #N/A | V21: =VLOOKUP($B21,$S$3:$Y$9,4,FALSE) -> #N/A | W21: =VLOOKUP($B21,$S$3:$Y$9,5,FALSE) -> #N/A | X21: =VLOOKUP($B21,$S$3:$Y$9,6,FALSE) -> #N/A | Y21: =VLOOKUP($B21,$S$3:$Y$9,7,FALSE) -> #N/A | Z21: =VLOOKUP($B21,$S$3:$AA$9,8,FALSE) -> #N/A | AA21: =VLOOKUP($B21,$S$3:$AA$9,9,FALSE) -> #N/A
S22: =B22 -> 0 | T22: =VLOOKUP($B22,$S$3:$Y$9,2,FALSE) -> #N/A | U22: =VLOOKUP($B22,$S$3:$Y$9,3,FALSE) -> #N/A | V22: =VLOOKUP($B22,$S$3:$Y$9,4,FALSE) -> #N/A | W22: =VLOOKUP($B22,$S$3:$Y$9,5,FALSE) -> #N/A | X22: =VLOOKUP($B22,$S$3:$Y$9,6,FALSE) -> #N/A | Y22: =VLOOKUP($B22,$S$3:$Y$9,7,FALSE) -> #N/A | Z22: =VLOOKUP($B22,$S$3:$AA$9,8,FALSE) -> #N/A | AA22: =VLOOKUP($B22,$S$3:$AA$9,9,FALSE) -> #N/A
I23: EXTRACT RECOVERY | S23: =B23 -> 0 | T23: =VLOOKUP($B23,$S$3:$Y$9,2,FALSE) -> #N/A | U23: =VLOOKUP($B23,$S$3:$Y$9,3,FALSE) -> #N/A | V23: =VLOOKUP($B23,$S$3:$Y$9,4,FALSE) -> #N/A | W23: =VLOOKUP($B23,$S$3:$Y$9,5,FALSE) -> #N/A | X23: =VLOOKUP($B23,$S$3:$Y$9,6,FALSE) -> #N/A | Y23: =VLOOKUP($B23,$S$3:$Y$9,7,FALSE) -> #N/A | Z23: =VLOOKUP($B23,$S$3:$AA$9,8,FALSE) -> #N/A | AA23: =VLOOKUP($B23,$S$3:$AA$9,9,FALSE) -> #N/A
B24: BRAND | D24: BBT P.G./ O.G | I24: Brand | J24: Actual | K24: MTD No. of Brews | L24: MTD | M24: YTD | N24: Target | S24: =B24 -> BRAND | T24: =VLOOKUP($B24,$S$3:$Y$9,2,FALSE) -> #N/A | U24: =VLOOKUP($B24,$S$3:$Y$9,3,FALSE) -> #N/A | V24: =VLOOKUP($B24,$S$3:$Y$9,4,FALSE) -> #N/A | W24: =VLOOKUP($B24,$S$3:$Y$9,5,FALSE) -> #N/A | X24: =VLOOKUP($B24,$S$3:$Y$9,6,FALSE) -> #N/A | Y24: =VLOOKUP($B24,$S$3:$Y$9,7,FALSE) -> #N/A | Z24: =VLOOKUP($B24,$S$3:$AA$9,8,FALSE) -> #N/A | AA24: =VLOOKUP($B24,$S$3:$AA$9,9,FALSE) -> #N/A
B25: =I25 -> CARIB | C25: =[23]Process!D291 -> 11.83 | D25: 11.67 | I25: CARIB | M25: =AVERAGE([23]Brewhouse!$AU$102:$AU$171,[23]Brewhouse!$AU$173:$AU$253,[23]Brewhouse!$AU$255:$AU$339) -> 96.788244 | N25: 98
C26: =[23]Process!D292 -> 11.8 | I26: STAG | M26: =AVERAGE([24]Brewhouse!$AS$15:$AS$64,[24]Brewhouse!$AS$66:$AS$103,[24]Brewhouse!$AS$105:$AS$140) -> 96.70556 | N26: 98
C27: =[23]Process!D293 -> 11.8 | D27: 11.78 | I27: GUINNESS | J27: =AVERAGE(I15) -> 96.214668 | K27: =COUNTA([22]Brewhouse!$A$37) -> 1 | L27: =AVERAGE([22]Brewhouse!$AU$37) -> 96.214668 | M27: =AVERAGE([22]Brewhouse!$AU$4:$AU$7,[22]Brewhouse!$AU$9:$AU$22,[22]Brewhouse!$AU$24:$AU$35,[22]Brewhouse!$AU$37) -> 96.767265 | N27: 98
C28: =[23]Process!D294 -> 12 | I28: VITAMALT | M28: =AVERAGE([25]Brewhouse!$AV$5:$AV$14,[25]Brewhouse!$AV$16:$AV$19,[25]Brewhouse!$AV$21:$AV$24) -> 98.616017 | N28: 98
I29: MAXIMALT | N29: 98
I30: MACKESON | M30: =AVERAGE([26]Brewhouse!$AT$4:$AT$11) -> 94.812617 | N30: 98
I31: STARMALT | M31: =AVERAGE([27]Brewhouse!$AY$6:$AY$13,[27]Brewhouse!$AY$15:$AY$20,[27]Brewhouse!$AY$22:$AY$29) -> 95.660462 | N31: 98
I32: HR- Pils | M32: =AVERAGE([28]Brewhouse!$AU$5:$AU$8) -> 91.006888 | N32: 98
I33: HR- IPA | N33: 98
I34: HR- APA | N34: 98
K35: =SUM(K25:K34) -> 1 | L35: =((L25*K25)+(L26*K26)+(L27*K27)+(L28*K28)+(L29*K29)+(K32*L32)+(L30*K30)+(L31*K31)+(L34*K34))/(K35) -> 96.214668 | M35: =AVERAGE('[29]Jan 31st'!$L$65,'[30]Feb 28th'!$L$35,L35) -> 95.885881 | N35: 98
B37: =I26 -> STAG | C37: =[24]Process!D121 -> 11.8 | D37: 11.71 | J37: Daily Brewing Plan
C38: =[24]Process!D122 -> 11.7 | J38: Brand | K38: Brews Achieved | L38: Average Brews per day
C39: =[24]Process!D123 -> 11.9 | D39: 11.79 | J39: CARIB | L39: MTD | M39: YTD | N39: TARGET
C40: =[24]Process!D124 -> 11.7 | J40: STAG | L40: =K49 -> 1 | M40: =AVERAGE('[29]Jan 29th '!$M$70,'[30]Feb 28th'!$L$40,'[31]Mar. 31st'!$L$40,L40) -> 5.2038342 | N40: 9.2
C41: =[24]Process!D125 -> 11.85 | D41: 11.65 | J41: GUINN | K41: 1
C42: =[24]Process!D126 -> 11.71 | J42: VITAMALT
C43: =[24]Process!D127 -> 11.74 | D43: 11.64 | J43: STARMALT
C44: =[24]Process!D128 -> 11.76 | J44: MACKESON
J45: HURRICANE REEF- IPA
J46: HURRICANE REEF- APA
B47: AVERAGE | D47: =AVERAGE(D25:E46) -> 11.706667 | J47: HR- PILSNER
J48: CARIBE
J49: Total | K49: =SUM(K39:K48) -> 1
B50: Process: | C50: Fermentation/Filtration
B52: Brand | C52: Filt. Date | D52: FV Hls | E52: GFE/ Prim/ Vita Blend (Hls) | F52: SV Hls | G52: BBT Hls | H52: Loss (%) Ferm | I52: Loss (%) Filt | J52: Comments | K52: Throughput | L52: Process Loss (%) | M52: Filt. Operator
U53: 43466 | V53: 43467 | W53: 43468 | X53: 43469 | Y53: 43470 | Z53: 43471 | AA53: 43472 | AB53: 43473 | AC53: 43474 | AD53: 43475 | AE53: 43476 | AF53: 43477 | AG53: 43478 | AH53: 43479 | AI53: 43480 | AJ53: 43481 | AK53: 43482 | AL53: 43483 | AM53: 43484 | AN53: 43485 | AO53: 43486 | AP53: 43487 | AQ53: 43488 | AR53: 43489 | AS53: 43490 | AT53: 43491 | AU53: 43492 | AV53: 43493 | AW53: 43494 | AX53: 43495 | AY53: 43496
B54: CARIB | C54: 45748 | D54: =[32]April_2025!$D$3 -> 205.4 | G54: =[32]April_2025!$D$7 -> 178.2 | J54: 1 BREAK | K54: =[33]April_2025!$D$18 -> 0.31263158 | L54: =(((D54+E54)-G54)/(D54+E54))*100 -> 13.242454 | M54: T. Charles | T54: hls
B56: =B63 -> STAG | C56: 45748 | D56: =[32]April_2025!$D$13 -> 407.2 | F56: =[34]STAG!$L$6+[34]STAG!$L$8+[34]STAG!$L$10+[34]STAG!$L$12 -> 397 | G56: =[32]April_2025!$D$17 -> 388.2 | H56: =(D56-F56)/D56*100 -> 2.5049116 | I56: =((F56+E56)-G56)/(F56+E56)*100 -> 2.2166247 | J56: NO BREAK | K56: =[33]April_2025!$D$25 -> 1.3621053 | L56: =(((D56+E56)-G56)/(D56+E56))*100 -> 4.6660118 | M56: K. Hosten
T57: Throughput | U57: =[20]January_2019!D8 -> #DIV/0! | V57: =[20]January_2019!E8 -> 1.0319298 | W57: =[20]January_2019!F8 -> 1.7789474 | X57: =[20]January_2019!G8 -> 0.51929825 | Y57: =[20]January_2019!H8 -> #DIV/0! | Z57: =[20]January_2019!I8 -> #DIV/0! | AA57: =[20]January_2019!J8 -> 1.3652632 | AB57: =[20]January_2019!K8 -> #DIV/0! | ... AY57: =[20]January_2019!AH8 -> #DIV/0!
B60: Process Loss (Volume) | G60: Process Loss (Extract) | K60: Throughput
B61: Brand | C61: Actual | D61: MTD | E61: YTD | F61: Target | G61: Actual | H61: MTD | I61: YTD | J61: Target | K61: Actual | L61: MTD | M61: YTD | N61: Target
B62: CARIB | C62: =L54 -> 13.242454 | D62: 13.62094 | E62: 7.1787312 | F62: 4.8 | G62: =[32]April_2025!$D$11 -> 14.082043 | H62: 14.456867 | I62: 7.848352 | J62: 4.8 | K62: =K54 -> 0.31263158 | L62: 0.31263158 | M62: 0.76809623 | N62: 1
B63: STAG | C63: =L56 -> 4.6660118 | D63: 4.6660118 | E63: 6.6015693 | F63: 4.8 | G63: =[32]April_2025!$D$21 -> 5.2855665 | H63: 5.2855665 | I63: 7.5048624 | J63: 4.8 | K63: =K56 -> 1.3621053 | L63: 1.3621053 | M63: 0.74739012 | N63: 1
B64: GUINN | E64: 13.702326 | F64: 5.5 | I64: 14.436248 | J64: 5.5 | M64: 0.52401498 | N64: 1
B65: VITAMALT | E65: 3.9190537 | F65: 3.3 | I65: 6.2094378 | J65: 3.3 | M65: 0.75184211 | N65: 1
B66: MAXIMALT | F66: 3.3 | J66: 3 | N66: 1
B67: MACKESON | E67: 8.7664671 | F67: =[21]May_2022!$M$43 -> 3.4878407 | I67: 10.607236 | J67: 5.5 | M67: 0.66824561 | N67: 1
B68: STARMALT | E68: 2.2765363 | F68: 3.3 | I68: 4.6996399 | J68: 3.3 | M68: 0.86251969 | N68: 1
B69: HURRICANE REEF | F69: 7.5 | J69: 7.5 | N69: 1
B70: HURRICANE REEF PILS | E70: 4.8792509 | F70: 4.8 | I70: 6.2003724 | J70: 4.8 | M70: 0.33859649 | N70: 1
D71: 7.6772616 | E71: 7.1109174 | F71: 4.5 | H71: 8.3845039 | I71: 8.2178213 | J71: 4.5 | L71: 0.83736842 | M71: 0.73560293 | N71: 1
AD83: :

Sheet Apr. 3rd
T1: P.G. | V1: Hot Time | X1: Process Time | Z1: Cooling Time
B2: Brewing Department Daily Process Loss Report | T2: Lower | U2: Upper | V2: Lower | W2: Upper | X2: Lower | Y2: Upper | Z2: Lower | AA2: Upper
S3: CARIB | T3: 11.6 | U3: 12 | V3: 0 | W3: 0.11805556 | X3: 0.22569444 | Y3: 0.26388889 | Z3: 0 | AA3: 60 | AC3: HR- PISNER
B4: Date: | C4: 45751 | J4: LOT WORT COLOUR: 3.3 | M4: Filter Sheets (Target 20 days) | S4: STAG | T4: 11.6 | U4: 12 | V4: 0 | W4: 0.11805556 | X4: 0.22569444 | Y4: 0.26388889 | Z4: 0 | AA4: 60
M5: Double | N5: Single | S5: GUINNESS | T5: 17 | U5: 17.5 | V5: 0 | W5: 0.10763889 | X5: 0.24652778 | Y5: 0.28472222 | Z5: 0 | AA5: 60
J6: MALT LOT: Lot 29/ 33 | L6: Sheet Day | M6: 12 | N6: 10 | S6: MACKESON | T6: 13.3 | U6: 13.5 | V6: 0 | W6: 0.12905093 | X6: 0.27430556 | Y6: 0.30208333 | Z6: 0
S7: STARMALT | T7: 17.1 | U7: 17.5 | V7: 0 | W7: 0.13605324 | X7: 0.27430556 | Y7: 0.30902778 | Z7: 0 | AA7: 60
B8: Brand | C8: Brew no. | D8: Kett. Hls | E8: Wort | F8: Cool Time(Mins) | G8: Cast. P.G. (Lab Result) | H8: Cast P.G. (Cellar Operator)-gravity | I8: Extr. Rec (80.9%) | J8: Theor. Extr. (77.5%) | K8: Boil Off /Vol. (4-6%) | L8: Boil Time | M8: Total Hot | N8: Brewing | O8: Operator | P8: Comments | Q8: Actual Pilsen Malt | S8: Hurricane Reef | T8: 16.6 | U8: 17 | V8: 0 | W8: 0.12905093 | X8: 0.27430556 | Y8: 0.30208333 | Z8: 0
E9: Meter (Hls) | F9: Target(< 60Mins) | M9: Time | S9: VITAMALT | T9: 14.4 | U9: 14.6 | V9: 0 | W9: 0.13905093 | X9: 0.26041667 | Y9: 0.29513889 | Z9: 0 | AA9: 75
B10: STAG | C10: =[24]Brewhouse!$A142 -> ST125 | D10: =[24]Brewhouse!$AD142 -> 52.3 | E10: =[24]Brewhouse!$AG142 -> 48.3 | F10: =[24]Brewhouse!$V142 -> 55 | G10: =[24]Brewhouse!$AE142 -> 12.1 | H10: 12.1 | I10: =[24]Brewhouse!$AS142 -> 97.215215 | J10: =[24]Brewhouse!$AT142 -> 98.325317 | K10: =[24]Brewhouse!$Q142 -> 8.8724584 | L10: =[24]Brewhouse!$P142 -> 61 | M10: =[24]Brewhouse!$U142-[24]Brewhouse!$T142 -> 0.11319444 | N10: =[24]Brewhouse!$AW142 -> 0.26944444 | O10: =[24]Brewhouse!$AV142 -> K. Benjamin | S10: =B10 -> STAG | T10: =VLOOKUP($B10,$S$3:$Y$9,2,FALSE) -> 11.6 | U10: =VLOOKUP($B10,$S$3:$Y$9,3,FALSE) -> 12 | V10: =VLOOKUP($B10,$S$3:$Y$9,4,FALSE) -> 0 | W10: =VLOOKUP($B10,$S$3:$Y$9,5,FALSE) -> 0.11805556 | X10: =VLOOKUP($B10,$S$3:$Y$9,6,FALSE) -> 0.22569444 | Y10: =VLOOKUP($B10,$S$3:$Y$9,7,FALSE) -> 0.26388889 | Z10: =VLOOKUP($B10,$S$3:$AA$9,8,FALSE) -> 0 | AA10: =VLOOKUP($B10,$S$3:$AA$9,9,FALSE) -> 60
B11: STAG | C11: =[24]Brewhouse!$A143 -> ST126 | D11: =[24]Brewhouse!$AD143 -> 52.3 | E11: =[24]Brewhouse!$AG143 -> 51 | F11: =[24]Brewhouse!$V143 -> 57 | G11: =[24]Brewhouse!$AE143 -> 11.8 | H11: 11.8 | I11: =[24]Brewhouse!$AS143 -> 100.22636 | J11: =[24]Brewhouse!$AT143 -> 101.3701 | K11: =[24]Brewhouse!$Q143 -> 6.4102564 | L11: =[24]Brewhouse!$P143 -> 78 | M11: =[24]Brewhouse!$U143-[24]Brewhouse!$T143 -> 0.11041667 | N11: =[24]Brewhouse!$AW143 -> 0.24652778 | O11: =[24]Brewhouse!$AV143 -> K. Benjamin | S11: =B11 -> STAG | T11: =VLOOKUP($B11,$S$3:$Y$9,2,FALSE) -> 11.6 | U11: =VLOOKUP($B11,$S$3:$Y$9,3,FALSE) -> 12 | V11: =VLOOKUP($B11,$S$3:$Y$9,4,FALSE) -> 0 | W11: =VLOOKUP($B11,$S$3:$Y$9,5,FALSE) -> 0.11805556 | X11: =VLOOKUP($B11,$S$3:$Y$9,6,FALSE) -> 0.22569444 | Y11: =VLOOKUP($B11,$S$3:$Y$9,7,FALSE) -> 0.26388889 | Z11: =VLOOKUP($B11,$S$3:$AA$9,8,FALSE) -> 0 | AA11: =VLOOKUP($B11,$S$3:$AA$9,9,FALSE) -> 60
S12: =B12 -> 0 | T12: =VLOOKUP($B12,$S$3:$Y$9,2,FALSE) -> #N/A | U12: =VLOOKUP($B12,$S$3:$Y$9,3,FALSE) -> #N/A | V12: =VLOOKUP($B12,$S$3:$Y$9,4,FALSE) -> #N/A | W12: =VLOOKUP($B12,$S$3:$Y$9,5,FALSE) -> #N/A | X12: =VLOOKUP($B12,$S$3:$Y$9,6,FALSE) -> #N/A | Y12: =VLOOKUP($B12,$S$3:$Y$9,7,FALSE) -> #N/A | Z12: =VLOOKUP($B12,$S$3:$AA$9,8,FALSE) -> #N/A | AA12: =VLOOKUP($B12,$S$3:$AA$9,9,FALSE) -> #N/A
S13: =B13 -> 0 | T13: =VLOOKUP($B13,$S$3:$Y$9,2,FALSE) -> #N/A | U13: =VLOOKUP($B13,$S$3:$Y$9,3,FALSE) -> #N/A | V13: =VLOOKUP($B13,$S$3:$Y$9,4,FALSE) -> #N/A | W13: =VLOOKUP($B13,$S$3:$Y$9,5,FALSE) -> #N/A | X13: =VLOOKUP($B13,$S$3:$Y$9,6,FALSE) -> #N/A | Y13: =VLOOKUP($B13,$S$3:$Y$9,7,FALSE) -> #N/A | Z13: =VLOOKUP($B13,$S$3:$AA$9,8,FALSE) -> #N/A | AA13: =VLOOKUP($B13,$S$3:$AA$9,9,FALSE) -> #N/A
S14: =B14 -> 0 | T14: =VLOOKUP($B14,$S$3:$Y$9,2,FALSE) -> #N/A | U14: =VLOOKUP($B14,$S$3:$Y$9,3,FALSE) -> #N/A | V14: =VLOOKUP($B14,$S$3:$Y$9,4,FALSE) -> #N/A | W14: =VLOOKUP($B14,$S$3:$Y$9,5,FALSE) -> #N/A | X14: =VLOOKUP($B14,$S$3:$Y$9,6,FALSE) -> #N/A | Y14: =VLOOKUP($B14,$S$3:$Y$9,7,FALSE) -> #N/A | Z14: =VLOOKUP($B14,$S$3:$AA$9,8,FALSE) -> #N/A | AA14: =VLOOKUP($B14,$S$3:$AA$9,9,FALSE) -> #N/A
S15: =B15 -> 0 | T15: =VLOOKUP($B15,$S$3:$Y$9,2,FALSE) -> #N/A | U15: =VLOOKUP($B15,$S$3:$Y$9,3,FALSE) -> #N/A | V15: =VLOOKUP($B15,$S$3:$Y$9,4,FALSE) -> #N/A | W15: =VLOOKUP($B15,$S$3:$Y$9,5,FALSE) -> #N/A | X15: =VLOOKUP($B15,$S$3:$Y$9,6,FALSE) -> #N/A | Y15: =VLOOKUP($B15,$S$3:$Y$9,7,FALSE) -> #N/A | Z15: =VLOOKUP($B15,$S$3:$AA$9,8,FALSE) -> #N/A | AA15: =VLOOKUP($B15,$S$3:$AA$9,9,FALSE) -> #N/A
S16: =B16 -> 0 | T16: =VLOOKUP($B16,$S$3:$Y$9,2,FALSE) -> #N/A | U16: =VLOOKUP($B16,$S$3:$Y$9,3,FALSE) -> #N/A | V16: =VLOOKUP($B16,$S$3:$Y$9,4,FALSE) -> #N/A | W16: =VLOOKUP($B16,$S$3:$Y$9,5,FALSE) -> #N/A | X16: =VLOOKUP($B16,$S$3:$Y$9,6,FALSE) -> #N/A | Y16: =VLOOKUP($B16,$S$3:$Y$9,7,FALSE) -> #N/A | Z16: =VLOOKUP($B16,$S$3:$AA$9,8,FALSE) -> #N/A | AA16: =VLOOKUP($B16,$S$3:$AA$9,9,FALSE) -> #N/A
S17: =B17 -> 0 | T17: =VLOOKUP($B17,$S$3:$Y$9,2,FALSE) -> #N/A | U17: =VLOOKUP($B17,$S$3:$Y$9,3,FALSE) -> #N/A | V17: =VLOOKUP($B17,$S$3:$Y$9,4,FALSE) -> #N/A | W17: =VLOOKUP($B17,$S$3:$Y$9,5,FALSE) -> #N/A | X17: =VLOOKUP($B17,$S$3:$Y$9,6,FALSE) -> #N/A | Y17: =VLOOKUP($B17,$S$3:$Y$9,7,FALSE) -> #N/A | Z17: =VLOOKUP($B17,$S$3:$AA$9,8,FALSE) -> #N/A | AA17: =VLOOKUP($B17,$S$3:$AA$9,9,FALSE) -> #N/A
S18: =B18 -> 0 | T18: =VLOOKUP($B18,$S$3:$Y$9,2,FALSE) -> #N/A | U18: =VLOOKUP($B18,$S$3:$Y$9,3,FALSE) -> #N/A | V18: =VLOOKUP($B18,$S$3:$Y$9,4,FALSE) -> #N/A | W18: =VLOOKUP($B18,$S$3:$Y$9,5,FALSE) -> #N/A | X18: =VLOOKUP($B18,$S$3:$Y$9,6,FALSE) -> #N/A | Y18: =VLOOKUP($B18,$S$3:$Y$9,7,FALSE) -> #N/A | Z18: =VLOOKUP($B18,$S$3:$AA$9,8,FALSE) -> #N/A | AA18: =VLOOKUP($B18,$S$3:$AA$9,9,FALSE) -> #N/A
S19: =B19 -> 0 | T19: =VLOOKUP($B19,$S$3:$Y$9,2,FALSE) -> #N/A | U19: =VLOOKUP($B19,$S$3:$Y$9,3,FALSE) -> #N/A | V19: =VLOOKUP($B19,$S$3:$Y$9,4,FALSE) -> #N/A | W19: =VLOOKUP($B19,$S$3:$Y$9,5,FALSE) -> #N/A | X19: =VLOOKUP($B19,$S$3:$Y$9,6,FALSE) -> #N/A | Y19: =VLOOKUP($B19,$S$3:$Y$9,7,FALSE) -> #N/A | Z19: =VLOOKUP($B19,$S$3:$AA$9,8,FALSE) -> #N/A | AA19: =VLOOKUP($B19,$S$3:$AA$9,9,FALSE) -> #N/A
S20: =B20 -> 0 | T20: =VLOOKUP($B20,$S$3:$Y$9,2,FALSE) -> #N/A | U20: =VLOOKUP($B20,$S$3:$Y$9,3,FALSE) -> #N/A | V20: =VLOOKUP($B20,$S$3:$Y$9,4,FALSE) -> #N/A | W20: =VLOOKUP($B20,$S$3:$Y$9,5,FALSE) -> #N/A | X20: =VLOOKUP($B20,$S$3:$Y$9,6,FALSE) -> #N/A | Y20: =VLOOKUP($B20,$S$3:$Y$9,7,FALSE) -> #N/A | Z20: =VLOOKUP($B20,$S$3:$AA$9,8,FALSE) -> #N/A | AA20: =VLOOKUP($B20,$S$3:$AA$9,9,FALSE) -> #N/A
S21: =B21 -> 0 | T21: =VLOOKUP($B21,$S$3:$Y$9,2,FALSE) -> #N/A | U21: =VLOOKUP($B21,$S$3:$Y$9,3,FALSE) -> #N/A | V21: =VLOOKUP($B21,$S$3:$Y$9,4,FALSE) -> #N/A | W21: =VLOOKUP($B21,$S$3:$Y$9,5,FALSE) -> #N/A | X21: =VLOOKUP($B21,$S$3:$Y$9,6,FALSE) -> #N/A | Y21: =VLOOKUP($B21,$S$3:$Y$9,7,FALSE) -> #N/A | Z21: =VLOOKUP($B21,$S$3:$AA$9,8,FALSE) -> #N/A | AA21: =VLOOKUP($B21,$S$3:$AA$9,9,FALSE) -> #N/A
S22: =B22 -> 0 | T22: =VLOOKUP($B22,$S$3:$Y$9,2,FALSE) -> #N/A | U22: =VLOOKUP($B22,$S$3:$Y$9,3,FALSE) -> #N/A | V22: =VLOOKUP($B22,$S$3:$Y$9,4,FALSE) -> #N/A | W22: =VLOOKUP($B22,$S$3:$Y$9,5,FALSE) -> #N/A | X22: =VLOOKUP($B22,$S$3:$Y$9,6,FALSE) -> #N/A | Y22: =VLOOKUP($B22,$S$3:$Y$9,7,FALSE) -> #N/A | Z22: =VLOOKUP($B22,$S$3:$AA$9,8,FALSE) -> #N/A | AA22: =VLOOKUP($B22,$S$3:$AA$9,9,FALSE) -> #N/A
I23: EXTRACT RECOVERY | S23: =B23 -> 0 | T23: =VLOOKUP($B23,$S$3:$Y$9,2,FALSE) -> #N/A | U23: =VLOOKUP($B23,$S$3:$Y$9,3,FALSE) -> #N/A | V23: =VLOOKUP($B23,$S$3:$Y$9,4,FALSE) -> #N/A | W23: =VLOOKUP($B23,$S$3:$Y$9,5,FALSE) -> #N/A | X23: =VLOOKUP($B23,$S$3:$Y$9,6,FALSE) -> #N/A | Y23: =VLOOKUP($B23,$S$3:$Y$9,7,FALSE) -> #N/A | Z23: =VLOOKUP($B23,$S$3:$AA$9,8,FALSE) -> #N/A | AA23: =VLOOKUP($B23,$S$3:$AA$9,9,FALSE) -> #N/A
B24: BRAND | D24: BBT P.G./ O.G | I24: Brand | J24: Actual | K24: MTD No. of Brews | L24: MTD | M24: YTD | N24: Target | S24: =B24 -> BRAND | T24: =VLOOKUP($B24,$S$3:$Y$9,2,FALSE) -> #N/A | U24: =VLOOKUP($B24,$S$3:$Y$9,3,FALSE) -> #N/A | V24: =VLOOKUP($B24,$S$3:$Y$9,4,FALSE) -> #N/A | W24: =VLOOKUP($B24,$S$3:$Y$9,5,FALSE) -> #N/A | X24: =VLOOKUP($B24,$S$3:$Y$9,6,FALSE) -> #N/A | Y24: =VLOOKUP($B24,$S$3:$Y$9,7,FALSE) -> #N/A | Z24: =VLOOKUP($B24,$S$3:$AA$9,8,FALSE) -> #N/A | AA24: =VLOOKUP($B24,$S$3:$AA$9,9,FALSE) -> #N/A
B25: CARIBE | I25: CARIB | M25: =AVERAGE([23]Brewhouse!$AU$102:$AU$171,[23]Brewhouse!$AU$173:$AU$253,[23]Brewhouse!$AU$255:$AU$339) -> 96.788244 | N25: 98
I26: STAG | J26: =AVERAGE(I10:I11) -> 98.720787 | K26: =COUNTA([24]Brewhouse!$A$142:$A$143) -> 2 | L26: =AVERAGE([24]Brewhouse!$AS$142:$AS$143) -> 98.720787 | M26: =AVERAGE([24]Brewhouse!$AS$15:$AS$64,[24]Brewhouse!$AS$66:$AS$103,[24]Brewhouse!$AS$105:$AS$140,[24]Brewhouse!$AS$142:$AS$143) -> 96.737548 | N26: 98
I27: GUINNESS | K27: =COUNTA([22]Brewhouse!$A$37) -> 1 | L27: =AVERAGE([22]Brewhouse!$AU$37) -> 96.214668 | M27: =AVERAGE([22]Brewhouse!$AU$4:$AU$7,[22]Brewhouse!$AU$9:$AU$22,[22]Brewhouse!$AU$24:$AU$35,[22]Brewhouse!$AU$37) -> 96.767265 | N27: 98
I28: VITAMALT | M28: =AVERAGE([25]Brewhouse!$AV$5:$AV$14,[25]Brewhouse!$AV$16:$AV$19,[25]Brewhouse!$AV$21:$AV$24) -> 98.616017 | N28: 98
I29: MAXIMALT | N29: 98
I30: MACKESON | M30: =AVERAGE([26]Brewhouse!$AT$4:$AT$11) -> 94.812617 | N30: 98
I31: STARMALT | M31: =AVERAGE([27]Brewhouse!$AY$6:$AY$13,[27]Brewhouse!$AY$15:$AY$20,[27]Brewhouse!$AY$22:$AY$29) -> 95.660462 | N31: 98
I32: HR- Pils | M32: =AVERAGE([28]Brewhouse!$AU$5:$AU$8) -> 91.006888 | N32: 98
I33: HR- IPA | N33: 98
I34: HR- APA | N34: 98
K35: =SUM(K25:K34) -> 3 | L35: =((L25*K25)+(L26*K26)+(L27*K27)+(L28*K28)+(L29*K29)+(K32*L32)+(L30*K30)+(L31*K31)+(L34*K34))/(K35) -> 97.885414 | M35: =AVERAGE('[29]Jan 31st'!$L$65,'[30]Feb 28th'!$L$35,L35) -> 96.442797 | N35: 98
J37: Daily Brewing Plan
J38: Brand | K38: Brews Achieved | L38: Average Brews per day
J39: CARIB | L39: MTD | M39: YTD | N39: TARGET
J40: STAG | K40: 2 | L40: =AVERAGE('Apr. 1st'!K49,'Apr. 3rd'!K49) -> 1.5 | M40: =AVERAGE('[29]Jan 29th '!$M$70,'[30]Feb 28th'!$L$40,'[31]Mar. 31st'!$L$40,L40) -> 5.3288342 | N40: 9.2
J41: GUINN
J42: VITAMALT
J43: STARMALT
J44: MACKESON
J45: HURRICANE REEF- IPA
J46: HURRICANE REEF- APA
B47: AVERAGE | D47: =AVERAGE(D25:E46) -> #DIV/0! | J47: HR- PILSNER
J48: CARIBE
J49: Total | K49: =SUM(K39:K48) -> 2
B50: Process: | C50: Fermentation/Filtration
B52: Brand | C52: Filt. Date | D52: FV Hls | E52: GFE/ Prim/ Vita Blend (Hls) | F52: SV Hls | G52: BBT Hls | H52: Loss (%) Ferm | I52: Loss (%) Filt | J52: Comments | K52: Throughput | L52: Process Loss (%) | M52: Filt. Operator
U53: 43466 | V53: 43467 | W53: 43468 | X53: 43469 | Y53: 43470 | Z53: 43471 | AA53: 43472 | AB53: 43473 | AC53: 43474 | AD53: 43475 | AE53: 43476 | AF53: 43477 | AG53: 43478 | AH53: 43479 | AI53: 43480 | AJ53: 43481 | AK53: 43482 | AL53: 43483 | AM53: 43484 | AN53: 43485 | AO53: 43486 | AP53: 43487 | AQ53: 43488 | AR53: 43489 | AS53: 43490 | AT53: 43491 | AU53: 43492 | AV53: 43493 | AW53: 43494 | AX53: 43495 | AY53: 43496
B54: CARIB | C54: 45748 | J54: 1 BREAK | L54: =(((D54+E54)-G54)/(D54+E54))*100 -> #DIV/0! | M54: T. Charles | T54: hls
B56: =B63 -> STAG | C56: 45748 | H56: =(D56-F56)/D56*100 -> #DIV/0! | I56: =((F56+E56)-G56)/(F56+E56)*100 -> #DIV/0! | J56: NO BREAK | L56: =(((D56+E56)-G56)/(D56+E56))*100 -> #DIV/0! | M56: K. Hosten
T57: Throughput | U57: =[20]January_2019!D8 -> #DIV/0! | V57: =[20]January_2019!E8 -> 1.0319298 | W57: =[20]January_2019!F8 -> 1.7789474 | X57: =[20]January_2019!G8 -> 0.51929825 | Y57: =[20]January_2019!H8 -> #DIV/0! | Z57: =[20]January_2019!I8 -> #DIV/0! | AA57: =[20]January_2019!J8 -> 1.3652632 | AB57: =[20]January_2019!K8 -> #DIV/0! | ... AY57: =[20]January_2019!AH8 -> #DIV/0!
B60: Process Loss (Volume) | G60: Process Loss (Extract) | K60: Throughput
B61: Brand | C61: Actual | D61: MTD | E61: YTD | F61: Target | G61: Actual | H61: MTD | I61: YTD | J61: Target | K61: Actual | L61: MTD | M61: YTD | N61: Target
B62: CARIB | D62: 13.62094 | E62: 7.1787312 | F62: 4.8 | H62: 14.456867 | I62: 7.848352 | J62: 4.8 | L62: 0.31263158 | M62: 0.76809623 | N62: 1
B63: STAG | D63: 4.6660118 | E63: 6.6015693 | F63: 4.8 | H63: 5.2855665 | I63: 7.5048624 | J63: 4.8 | L63: 1.3621053 | M63: 0.74739012 | N63: 1
B64: GUINN | E64: 13.702326 | F64: 5.5 | I64: 14.436248 | J64: 5.5 | M64: 0.52401498 | N64: 1
B65: VITAMALT | E65: 3.9190537 | F65: 3.3 | I65: 6.2094378 | J65: 3.3 | M65: 0.75184211 | N65: 1
B66: MAXIMALT | F66: 3.3 | J66: 3 | N66: 1
B67: MACKESON | E67: 8.7664671 | F67: =[21]May_2022!$M$43 -> 3.4878407 | I67: 10.607236 | J67: 5.5 | M67: 0.66824561 | N67: 1
B68: STARMALT | E68: 2.2765363 | F68: 3.3 | I68: 4.6996399 | J68: 3.3 | M68: 0.86251969 | N68: 1
B69: HURRICANE REEF | F69: 7.5 | J69: 7.5 | N69: 1
B70: HURRICANE REEF PILS | E70: 4.8792509 | F70: 4.8 | I70: 6.2003724 | J70: 4.8 | M70: 0.33859649 | N70: 1
D71: 7.6772616 | E71: 7.1109174 | F71: 4.5 | H71: 8.3845039 | I71: 8.2178213 | J71: 4.5 | L71: 0.83736842 | M71: 0.73560293 | N71: 1
AD83: :

Sheet Apr. 4th
T1: P.G. | V1: Hot Time | X1: Process Time | Z1: Cooling Time
B2: Brewing Department Daily Process Loss Report | T2: Lower | U2: Upper | V2: Lower | W2: Upper | X2: Lower | Y2: Upper | Z2: Lower | AA2: Upper
S3: CARIB | T3: 11.6 | U3: 12 | V3: 0 | W3: 0.11805556 | X3: 0.22569444 | Y3: 0.26388889 | Z3: 0 | AA3: 60 | AC3: HR- PISNER
B4: Date: | C4: 45754 | J4: LOT WORT COLOUR: 3.3 | M4: Filter Sheets (Target 20 days) | S4: STAG | T4: 11.6 | U4: 12 | V4: 0 | W4: 0.11805556 | X4: 0.22569444 | Y4: 0.26388889 | Z4: 0 | AA4: 60
M5: Double | N5: Single | S5: GUINNESS | T5: 17 | U5: 17.5 | V5: 0 | W5: 0.10763889 | X5: 0.24652778 | Y5: 0.28472222 | Z5: 0 | AA5: 60
J6: MALT LOT: Lot 29/ 33 | L6: Sheet Day | M6: 12 | N6: 10 | S6: MACKESON | T6: 13.3 | U6: 13.5 | V6: 0 | W6: 0.12905093 | X6: 0.27430556 | Y6: 0.30208333 | Z6: 0
S7: STARMALT | T7: 17.1 | U7: 17.5 | V7: 0 | W7: 0.13605324 | X7: 0.27430556 | Y7: 0.30902778 | Z7: 0 | AA7: 60
B8: Brand | C8: Brew no. | D8: Kett. Hls | E8: Wort | F8: Cool Time(Mins) | G8: Cast. P.G. (Lab Result) | H8: Cast P.G. (Cellar Operator)-gravity | I8: Extr. Rec (80.9%) | J8: Theor. Extr. (77.5%) | K8: Boil Off /Vol. (4-6%) | L8: Boil Time | M8: Total Hot | N8: Brewing | O8: Operator | P8: Cellars Vol. Extr | Q8: Actual Pilsen Malt | S8: Hurricane Reef | T8: 16.6 | U8: 17 | V8: 0 | W8: 0.12905093 | X8: 0.27430556 | Y8: 0.30208333 | Z8: 0
E9: Meter (Hls) | F9: Target(< 60Mins) | M9: Time | S9: VITAMALT | T9: 14.4 | U9: 14.6 | V9: 0 | W9: 0.13905093 | X9: 0.26041667 | Y9: 0.29513889 | Z9: 0 | AA9: 75
S10: =B10 -> 0 | T10: =VLOOKUP($B10,$S$3:$Y$9,2,FALSE) -> #N/A | U10: =VLOOKUP($B10,$S$3:$Y$9,3,FALSE) -> #N/A | V10: =VLOOKUP($B10,$S$3:$Y$9,4,FALSE) -> #N/A | W10: =VLOOKUP($B10,$S$3:$Y$9,5,FALSE) -> #N/A | X10: =VLOOKUP($B10,$S$3:$Y$9,6,FALSE) -> #N/A | Y10: =VLOOKUP($B10,$S$3:$Y$9,7,FALSE) -> #N/A | Z10: =VLOOKUP($B10,$S$3:$AA$9,8,FALSE) -> #N/A | AA10: =VLOOKUP($B10,$S$3:$AA$9,9,FALSE) -> #N/A
S11: =B11 -> 0 | T11: =VLOOKUP($B11,$S$3:$Y$9,2,FALSE) -> #N/A | U11: =VLOOKUP($B11,$S$3:$Y$9,3,FALSE) -> #N/A | V11: =VLOOKUP($B11,$S$3:$Y$9,4,FALSE) -> #N/A | W11: =VLOOKUP($B11,$S$3:$Y$9,5,FALSE) -> #N/A | X11: =VLOOKUP($B11,$S$3:$Y$9,6,FALSE) -> #N/A | Y11: =VLOOKUP($B11,$S$3:$Y$9,7,FALSE) -> #N/A | Z11: =VLOOKUP($B11,$S$3:$AA$9,8,FALSE) -> #N/A | AA11: =VLOOKUP($B11,$S$3:$AA$9,9,FALSE) -> #N/A
B12: STAG | C12: =[24]Brewhouse!$A144 -> ST127 | D12: =[24]Brewhouse!$AD144 -> 53.3 | E12: =[24]Brewhouse!$AG144 -> 49.8 | F12: =[24]Brewhouse!$V144 -> 79 | G12: =[24]Brewhouse!$AE144 -> 12 | H12: 12 | I12: =[24]Brewhouse!$AS144 -> 99.612903 | J12: =[24]Brewhouse!$AT144 -> 100.74964 | K12: =[24]Brewhouse!$Q144 -> 4.2750929 | L12: =[24]Brewhouse!$P144 -> 58 | M12: =[24]Brewhouse!$U144-[24]Brewhouse!$T144 -> 0.12152778 | N12: =[24]Brewhouse!$AW144 -> 0.26180556 | O12: =[24]Brewhouse!$AV144 -> R.Sookram | P12: 96.269229 | S12: =B12 -> STAG | T12: =VLOOKUP($B12,$S$3:$Y$9,2,FALSE) -> 11.6 | U12: =VLOOKUP($B12,$S$3:$Y$9,3,FALSE) -> 12 | V12: =VLOOKUP($B12,$S$3:$Y$9,4,FALSE) -> 0 | W12: =VLOOKUP($B12,$S$3:$Y$9,5,FALSE) -> 0.11805556 | X12: =VLOOKUP($B12,$S$3:$Y$9,6,FALSE) -> 0.22569444 | Y12: =VLOOKUP($B12,$S$3:$Y$9,7,FALSE) -> 0.26388889 | Z12: =VLOOKUP($B12,$S$3:$AA$9,8,FALSE) -> 0 | AA12: =VLOOKUP($B12,$S$3:$AA$9,9,FALSE) -> 60
B13: STAG | C13: =[24]Brewhouse!$A145 -> ST128 | D13: =[24]Brewhouse!$AD145 -> 53.9 | E13: =[24]Brewhouse!$AG145 -> 50.5 | F13: =[24]Brewhouse!$V145 -> 62 | G13: =[24]Brewhouse!$AE145 -> 11.8 | H13: 11.8 | I13: =[24]Brewhouse!$AS145 -> 98.872381 | J13: =[24]Brewhouse!$AT145 -> 100.00177 | K13: =[24]Brewhouse!$Q145 -> 5.1756007 | L13: =[24]Brewhouse!$P145 -> 57 | M13: =[24]Brewhouse!$U145-[24]Brewhouse!$T145 -> 0.11180556 | N13: =[24]Brewhouse!$AW145 -> 0.25138889 | O13: =[24]Brewhouse!$AV145 -> K. Benjamin | P13: 92.56199 | S13: =B13 -> STAG | T13: =VLOOKUP($B13,$S$3:$Y$9,2,FALSE) -> 11.6 | U13: =VLOOKUP($B13,$S$3:$Y$9,3,FALSE) -> 12 | V13: =VLOOKUP($B13,$S$3:$Y$9,4,FALSE) -> 0 | W13: =VLOOKUP($B13,$S$3:$Y$9,5,FALSE) -> 0.11805556 | X13: =VLOOKUP($B13,$S$3:$Y$9,6,FALSE) -> 0.22569444 | Y13: =VLOOKUP($B13,$S$3:$Y$9,7,FALSE) -> 0.26388889 | Z13: =VLOOKUP($B13,$S$3:$AA$9,8,FALSE) -> 0 | AA13: =VLOOKUP($B13,$S$3:$AA$9,9,FALSE) -> 60
B14: STAG | C14: =[24]Brewhouse!$A146 -> ST129 | D14: =[24]Brewhouse!$AD146 -> 53.7 | E14: =[24]Brewhouse!$AG146 -> 50.4 | F14: =[24]Brewhouse!$V146 -> 60 | G14: =[24]Brewhouse!$AE146 -> 11.7 | H14: 11.8 | I14: =[24]Brewhouse!$AS146 -> 98.164308 | J14: =[24]Brewhouse!$AT146 -> 99.284517 | K14: =[24]Brewhouse!$Q146 -> 4.6296296 | L14: =[24]Brewhouse!$P146 -> 60 | M14: =[24]Brewhouse!$U146-[24]Brewhouse!$T146 -> 0.11527778 | N14: =[24]Brewhouse!$AW146 -> 0.25625 | O14: =[24]Brewhouse!$AV146 -> K. Benjamin | P14: 98.612773 | S14: =B14 -> STAG | T14: =VLOOKUP($B14,$S$3:$Y$9,2,FALSE) -> 11.6 | U14: =VLOOKUP($B14,$S$3:$Y$9,3,FALSE) -> 12 | V14: =VLOOKUP($B14,$S$3:$Y$9,4,FALSE) -> 0 | W14: =VLOOKUP($B14,$S$3:$Y$9,5,FALSE) -> 0.11805556 | X14: =VLOOKUP($B14,$S$3:$Y$9,6,FALSE) -> 0.22569444 | Y14: =VLOOKUP($B14,$S$3:$Y$9,7,FALSE) -> 0.26388889 | Z14: =VLOOKUP($B14,$S$3:$AA$9,8,FALSE) -> 0 | AA14: =VLOOKUP($B14,$S$3:$AA$9,9,FALSE) -> 60
B15: STAG | C15: =[24]Brewhouse!$A147 -> ST130 | D15: =[24]Brewhouse!$AD147 -> 52.5 | E15: =[24]Brewhouse!$AG147 -> 49.3 | F15: =[24]Brewhouse!$V147 -> 59 | G15: =[24]Brewhouse!$AE147 -> 11.8 | H15: 11.8 | I15: =[24]Brewhouse!$AS147 -> 96.76433 | J15: =[24]Brewhouse!$AT147 -> 97.868924 | K15: =[24]Brewhouse!$Q147 -> 4.4444444 | L15: =[24]Brewhouse!$P147 -> 61 | M15: =[24]Brewhouse!$U147-[24]Brewhouse!$T147 -> 0.11875 | N15: =[24]Brewhouse!$AW147 -> 0.24722222 | O15: =[24]Brewhouse!$AV147 -> K. Benjamin | P15: 97.403979 | S15: =B15 -> STAG | T15: =VLOOKUP($B15,$S$3:$Y$9,2,FALSE) -> 11.6 | U15: =VLOOKUP($B15,$S$3:$Y$9,3,FALSE) -> 12 | V15: =VLOOKUP($B15,$S$3:$Y$9,4,FALSE) -> 0 | W15: =VLOOKUP($B15,$S$3:$Y$9,5,FALSE) -> 0.11805556 | X15: =VLOOKUP($B15,$S$3:$Y$9,6,FALSE) -> 0.22569444 | Y15: =VLOOKUP($B15,$S$3:$Y$9,7,FALSE) -> 0.26388889 | Z15: =VLOOKUP($B15,$S$3:$AA$9,8,FALSE) -> 0 | AA15: =VLOOKUP($B15,$S$3:$AA$9,9,FALSE) -> 60
B16: STAG | C16: =[24]Brewhouse!$A148 -> ST131 | D16: =[24]Brewhouse!$AD148 -> 53.4 | E16: =[24]Brewhouse!$AG148 -> 50.1 | F16: =[24]Brewhouse!$V148 -> 63 | G16: =[24]Brewhouse!$AE148 -> 11.8 | H16: 11.9 | I16: =[24]Brewhouse!$AS148 -> 98.581082 | J16: =[24]Brewhouse!$AT148 -> 99.70568 | K16: =[24]Brewhouse!$Q148 -> 4.4036697 | L16: =[24]Brewhouse!$P148 -> 60 | M16: =[24]Brewhouse!$U148-[24]Brewhouse!$T148 -> 0.10902778 | N16: =[24]Brewhouse!$AW148 -> 0.25902778 | O16: =[24]Brewhouse!$AV148 -> R.Sookram | P16: 96.995685 | S16: =B16 -> STAG | T16: =VLOOKUP($B16,$S$3:$Y$9,2,FALSE) -> 11.6 | U16: =VLOOKUP($B16,$S$3:$Y$9,3,FALSE) -> 12 | V16: =VLOOKUP($B16,$S$3:$Y$9,4,FALSE) -> 0 | W16: =VLOOKUP($B16,$S$3:$Y$9,5,FALSE) -> 0.11805556 | X16: =VLOOKUP($B16,$S$3:$Y$9,6,FALSE) -> 0.22569444 | Y16: =VLOOKUP($B16,$S$3:$Y$9,7,FALSE) -> 0.26388889 | Z16: =VLOOKUP($B16,$S$3:$AA$9,8,FALSE) -> 0 | AA16: =VLOOKUP($B16,$S$3:$AA$9,9,FALSE) -> 60
B17: STAG | C17: =[24]Brewhouse!$A149 -> ST132 | D17: =[24]Brewhouse!$AD149 -> 53.4 | E17: =[24]Brewhouse!$AG149 -> 50.2 | F17: =[24]Brewhouse!$V149 -> 61 | G17: =[24]Brewhouse!$AE149 -> 11.8 | H17: 11.8 | I17: =[24]Brewhouse!$AS149 -> 98.65418 | J17: =[24]Brewhouse!$AT149 -> 99.77998 | K17: =[24]Brewhouse!$Q149 -> 4.9270073 | L17: =[24]Brewhouse!$P149 -> 57 | M17: =[24]Brewhouse!$U149-[24]Brewhouse!$T149 -> 0.10763889 | N17: =[24]Brewhouse!$AW149 -> 0.26666667 | O17: =[24]Brewhouse!$AV149 -> R.Sookram | P17: 95.370767 | S17: =B17 -> STAG | T17: =VLOOKUP($B17,$S$3:$Y$9,2,FALSE) -> 11.6 | U17: =VLOOKUP($B17,$S$3:$Y$9,3,FALSE) -> 12 | V17: =VLOOKUP($B17,$S$3:$Y$9,4,FALSE) -> 0 | W17: =VLOOKUP($B17,$S$3:$Y$9,5,FALSE) -> 0.11805556 | X17: =VLOOKUP($B17,$S$3:$Y$9,6,FALSE) -> 0.22569444 | Y17: =VLOOKUP($B17,$S$3:$Y$9,7,FALSE) -> 0.26388889 | Z17: =VLOOKUP($B17,$S$3:$AA$9,8,FALSE) -> 0 | AA17: =VLOOKUP($B17,$S$3:$AA$9,9,FALSE) -> 60
P18: 96.39695 | S18: =B18 -> 0 | T18: =VLOOKUP($B18,$S$3:$Y$9,2,FALSE) -> #N/A | U18: =VLOOKUP($B18,$S$3:$Y$9,3,FALSE) -> #N/A | V18: =VLOOKUP($B18,$S$3:$Y$9,4,FALSE) -> #N/A | W18: =VLOOKUP($B18,$S$3:$Y$9,5,FALSE) -> #N/A | X18: =VLOOKUP($B18,$S$3:$Y$9,6,FALSE) -> #N/A | Y18: =VLOOKUP($B18,$S$3:$Y$9,7,FALSE) -> #N/A | Z18: =VLOOKUP($B18,$S$3:$AA$9,8,FALSE) -> #N/A | AA18: =VLOOKUP($B18,$S$3:$AA$9,9,FALSE) -> #N/A
P19: 97.671569 | S19: =B19 -> 0 | T19: =VLOOKUP($B19,$S$3:$Y$9,2,FALSE) -> #N/A | U19: =VLOOKUP($B19,$S$3:$Y$9,3,FALSE) -> #N/A | V19: =VLOOKUP($B19,$S$3:$Y$9,4,FALSE) -> #N/A | W19: =VLOOKUP($B19,$S$3:$Y$9,5,FALSE) -> #N/A | X19: =VLOOKUP($B19,$S$3:$Y$9,6,FALSE) -> #N/A | Y19: =VLOOKUP($B19,$S$3:$Y$9,7,FALSE) -> #N/A | Z19: =VLOOKUP($B19,$S$3:$AA$9,8,FALSE) -> #N/A | AA19: =VLOOKUP($B19,$S$3:$AA$9,9,FALSE) -> #N/A
S20: =B20 -> 0 | T20: =VLOOKUP($B20,$S$3:$Y$9,2,FALSE) -> #N/A | U20: =VLOOKUP($B20,$S$3:$Y$9,3,FALSE) -> #N/A | V20: =VLOOKUP($B20,$S$3:$Y$9,4,FALSE) -> #N/A | W20: =VLOOKUP($B20,$S$3:$Y$9,5,FALSE) -> #N/A | X20: =VLOOKUP($B20,$S$3:$Y$9,6,FALSE) -> #N/A | Y20: =VLOOKUP($B20,$S$3:$Y$9,7,FALSE) -> #N/A | Z20: =VLOOKUP($B20,$S$3:$AA$9,8,FALSE) -> #N/A | AA20: =VLOOKUP($B20,$S$3:$AA$9,9,FALSE) -> #N/A
S21: =B21 -> 0 | T21: =VLOOKUP($B21,$S$3:$Y$9,2,FALSE) -> #N/A | U21: =VLOOKUP($B21,$S$3:$Y$9,3,FALSE) -> #N/A | V21: =VLOOKUP($B21,$S$3:$Y$9,4,FALSE) -> #N/A | W21: =VLOOKUP($B21,$S$3:$Y$9,5,FALSE) -> #N/A | X21: =VLOOKUP($B21,$S$3:$Y$9,6,FALSE) -> #N/A | Y21: =VLOOKUP($B21,$S$3:$Y$9,7,FALSE) -> #N/A | Z21: =VLOOKUP($B21,$S$3:$AA$9,8,FALSE) -> #N/A | AA21: =VLOOKUP($B21,$S$3:$AA$9,9,FALSE) -> #N/A
S22: =B22 -> 0 | T22: =VLOOKUP($B22,$S$3:$Y$9,2,FALSE) -> #N/A | U22: =VLOOKUP($B22,$S$3:$Y$9,3,FALSE) -> #N/A | V22: =VLOOKUP($B22,$S$3:$Y$9,4,FALSE) -> #N/A | W22: =VLOOKUP($B22,$S$3:$Y$9,5,FALSE) -> #N/A | X22: =VLOOKUP($B22,$S$3:$Y$9,6,FALSE) -> #N/A | Y22: =VLOOKUP($B22,$S$3:$Y$9,7,FALSE) -> #N/A | Z22: =VLOOKUP($B22,$S$3:$AA$9,8,FALSE) -> #N/A | AA22: =VLOOKUP($B22,$S$3:$AA$9,9,FALSE) -> #N/A
I23: EXTRACT RECOVERY | S23: =B23 -> 0 | T23: =VLOOKUP($B23,$S$3:$Y$9,2,FALSE) -> #N/A | U23: =VLOOKUP($B23,$S$3:$Y$9,3,FALSE) -> #N/A | V23: =VLOOKUP($B23,$S$3:$Y$9,4,FALSE) -> #N/A | W23: =VLOOKUP($B23,$S$3:$Y$9,5,FALSE) -> #N/A | X23: =VLOOKUP($B23,$S$3:$Y$9,6,FALSE) -> #N/A | Y23: =VLOOKUP($B23,$S$3:$Y$9,7,FALSE) -> #N/A | Z23: =VLOOKUP($B23,$S$3:$AA$9,8,FALSE) -> #N/A | AA23: =VLOOKUP($B23,$S$3:$AA$9,9,FALSE) -> #N/A
B24: BRAND | D24: BBT P.G./ O.G | I24: Brand | J24: Actual | K24: MTD No. of Brews | L24: MTD | M24: YTD | N24: Target | S24: =B24 -> BRAND | T24: =VLOOKUP($B24,$S$3:$Y$9,2,FALSE) -> #N/A | U24: =VLOOKUP($B24,$S$3:$Y$9,3,FALSE) -> #N/A | V24: =VLOOKUP($B24,$S$3:$Y$9,4,FALSE) -> #N/A | W24: =VLOOKUP($B24,$S$3:$Y$9,5,FALSE) -> #N/A | X24: =VLOOKUP($B24,$S$3:$Y$9,6,FALSE) -> #N/A | Y24: =VLOOKUP($B24,$S$3:$Y$9,7,FALSE) -> #N/A | Z24: =VLOOKUP($B24,$S$3:$AA$9,8,FALSE) -> #N/A | AA24: =VLOOKUP($B24,$S$3:$AA$9,9,FALSE) -> #N/A
B25: =I25 -> CARIB | C25: =[23]Process!D296 -> 11.7 | D25: 11.77 | I25: CARIB | M25: =AVERAGE([23]Brewhouse!$AU$102:$AU$171,[23]Brewhouse!$AU$173:$AU$253,[23]Brewhouse!$AU$255:$AU$339) -> 96.788244 | N25: 98
C26: =[23]Process!D297 -> 12 | I26: STAG | J26: =AVERAGE(I12:I17) -> 98.441531 | K26: =COUNTA([24]Brewhouse!$A$142:$A$149) -> 8 | L26: =AVERAGE([24]Brewhouse!$AS$142:$AS$149) -> 98.511345 | M26: =AVERAGE([24]Brewhouse!$AS$15:$AS$64,[24]Brewhouse!$AS$66:$AS$103,[24]Brewhouse!$AS$105:$AS$140,[24]Brewhouse!$AS$142:$AS$149) -> 96.815001 | N26: 98
C27: =[23]Process!D304 -> 11.76 | D27: 11.8 | I27: GUINNESS | K27: =COUNTA([22]Brewhouse!$A$37) -> 1 | L27: =AVERAGE([22]Brewhouse!$AU$37) -> 96.214668 | M27: =AVERAGE([22]Brewhouse!$AU$4:$AU$7,[22]Brewhouse!$AU$9:$AU$22,[22]Brewhouse!$AU$24:$AU$35,[22]Brewhouse!$AU$37) -> 96.767265 | N27: 98
C28: =[23]Process!D305 -> 11.72 | I28: VITAMALT | M28: =AVERAGE([25]Brewhouse!$AV$5:$AV$14,[25]Brewhouse!$AV$16:$AV$19,[25]Brewhouse!$AV$21:$AV$24) -> 98.616017 | N28: 98
C29: =[23]Process!D306 -> 11.78 | D29: 11.84 | I29: MAXIMALT | N29: 98
C30: =[23]Process!D307 -> 11.76 | I30: MACKESON | M30: =AVERAGE([26]Brewhouse!$AT$4:$AT$11) -> 94.812617 | N30: 98
I31: STARMALT | M31: =AVERAGE([27]Brewhouse!$AY$6:$AY$13,[27]Brewhouse!$AY$15:$AY$20,[27]Brewhouse!$AY$22:$AY$29) -> 95.660462 | N31: 98
I32: HR- Pils | M32: =AVERAGE([28]Brewhouse!$AU$5:$AU$8) -> 91.006888 | N32: 98
I33: HR- IPA | N33: 98
I34: HR- APA | N34: 98
K35: =SUM(K25:K34) -> 9 | L35: =((L25*K25)+(L26*K26)+(L27*K27)+(L28*K28)+(L29*K29)+(K32*L32)+(L30*K30)+(L31*K31)+(L34*K34))/(K35) -> 98.256158 | M35: =AVERAGE('[29]Jan 31st'!$L$65,'[30]Feb 28th'!$L$35,L35) -> 96.566378 | N35: 98
B37: =I25 -> CARIB | C37: =[23]Process!D308 -> 11.7 | D37: 12.02 | J37: Daily Brewing Plan
C38: =[23]Process!D309 -> 11.95 | J38: Brand | K38: Brews Achieved | L38: Average Brews per day
C39: =[23]Process!D310 -> 11.93 | D39: 12.05 | J39: CARIB | L39: MTD | M39: YTD | N39: TARGET
C40: =[23]Process!D311 -> 11.8 | J40: STAG | K40: 6 | L40: =AVERAGE('Apr. 1st'!K49,'Apr. 4th'!K49,'Apr. 3rd'!K49) -> 3 | M40: =AVERAGE('[29]Jan 29th '!$M$70,'[30]Feb 28th'!$L$40,'[31]Mar. 31st'!$L$40,L40) -> 5.7038342 | N40: 9.2
J41: GUINN
J42: VITAMALT
J43: STARMALT
J44: MACKESON
J45: HURRICANE REEF- IPA
J46: HURRICANE REEF- APA
B47: AVERAGE | D47: =AVERAGE(D25:E46) -> 11.896 | J47: HR- PILSNER
J48: CARIBE
J49: Total | K49: =SUM(K39:K48) -> 6
B50: Process: | C50: Fermentation/Filtration
B52: Brand | C52: Filt. Date | D52: FV Hls | E52: GFE/ Prim/ Vita Blend (Hls) | F52: SV Hls | G52: BBT Hls | H52: Loss (%) Ferm | I52: Loss (%) Filt | J52: Comments | K52: Throughput | L52: Process Loss (%) | M52: Filt. Operator
U53: 43466 | V53: 43467 | W53: 43468 | X53: 43469 | Y53: 43470 | Z53: 43471 | AA53: 43472 | AB53: 43473 | AC53: 43474 | AD53: 43475 | AE53: 43476 | AF53: 43477 | AG53: 43478 | AH53: 43479 | AI53: 43480 | AJ53: 43481 | AK53: 43482 | AL53: 43483 | AM53: 43484 | AN53: 43485 | AO53: 43486 | AP53: 43487 | AQ53: 43488 | AR53: 43489 | AS53: 43490 | AT53: 43491 | AU53: 43492 | AV53: 43493 | AW53: 43494 | AX53: 43495 | AY53: 43496
B54: CARIB | C54: 45751 | D54: =[32]April_2025!$G$3 -> 300.1 | G54: =[32]April_2025!$G$7 -> 276.9 | J54: NO BREAK | K54: =[33]April_2025!$G$18 -> 0.97157895 | L54: =(((D54+E54)-G54)/(D54+E54))*100 -> 7.7307564 | M54: T. Charles | T54: hls
B56: =B54 -> CARIB | C56: 45751 | D56: =[32]April_2025!$H$3 -> 200.8 | F56: =[34]CARIB!$L$24+[34]CARIB!$L$26 -> 196.45 | G56: =[32]April_2025!$H$7 -> 190.1 | H56: =(D56-F56)/D56*100 -> 2.1663347 | I56: =((F56+E56)-G56)/(F56+E56)*100 -> 3.2323747 | J56: NO BREAK | K56: =[33]April_2025!$H$18 -> 0.66701754 | L56: =(((D56+E56)-G56)/(D56+E56))*100 -> 5.3286853 | M56: D. Emery
T57: Throughput | U57: =[20]January_2019!D8 -> #DIV/0! | V57: =[20]January_2019!E8 -> 1.0319298 | W57: =[20]January_2019!F8 -> 1.7789474 | X57: =[20]January_2019!G8 -> 0.51929825 | Y57: =[20]January_2019!H8 -> #DIV/0! | Z57: =[20]January_2019!I8 -> #DIV/0! | AA57: =[20]January_2019!J8 -> 1.3652632 | AB57: =[20]January_2019!K8 -> #DIV/0! | ... AY57: =[20]January_2019!AH8 -> #DIV/0!
B60: Process Loss (Volume) | G60: Process Loss (Extract) | K60: Throughput
B61: Brand | C61: Actual | D61: MTD | E61: YTD | F61: Target | G61: Actual | H61: MTD | I61: YTD | J61: Target | K61: Actual | L61: MTD | M61: YTD | N61: Target
B62: CARIB | C62: =AVERAGE(L54,L56) -> 6.5297208 | D62: 9.3055946 | E62: 7.2012532 | F62: 4.8 | G62: =AVERAGE([32]April_2025!$H$11,[32]April_2025!$G$11) -> 5.6518003 | H62: 9.0436436 | I62: 7.8060073 | J62: 4.8 | K62: =AVERAGE(K54,K56) -> 0.81929825 | L62: 0.65040936 | M62: 0.77053378 | N62: 1
B63: STAG | D63: 4.6660118 | E63: 6.6015693 | F63: 4.8 | H63: 5.2855665 | I63: 7.5048624 | J63: 4.8 | L63: 1.3621053 | M63: 0.74739012 | N63: 1
B64: GUINN | E64: 13.702326 | F64: 5.5 | I64: 14.359343 | J64: 5.5 | M64: 0.52401498 | N64: 1
B65: VITAMALT | E65: 3.9190537 | F65: 3.3 | I65: 6.2094378 | J65: 3.3 | M65: 0.75184211 | N65: 1
B66: MAXIMALT | F66: 3.3 | J66: 3 | N66: 1
B67: MACKESON | E67: 8.7664671 | F67: =[21]May_2022!$M$43 -> 3.4878407 | I67: 10.607236 | J67: 5.5 | M67: 0.66824561 | N67: 1
B68: STARMALT | E68: 2.2765363 | F68: 3.3 | I68: 4.6996399 | J68: 3.3 | M68: 0.86251969 | N68: 1
B69: HURRICANE REEF | F69: 7.5 | J69: 7.5 | N69: 1
B70: HURRICANE REEF PILS | E70: 4.8792509 | F70: 4.8 | I70: 6.2003724 | J70: 4.8 | M70: 0.33859649 | N70: 1
D71: 7.6166637 | E71: 7.125008 | F71: 4.5 | H71: 7.6796391 | I71: 8.180507 | J71: 4.5 | L71: 0.82833333 | M71: 0.7376261 | N71: 1
AD83: :

Sheet Apr. 7th 
T1: P.G. | V1: Hot Time | X1: Process Time | Z1: Cooling Time
B2: Brewing Department Daily Process Loss Report | T2: Lower | U2: Upper | V2: Lower | W2: Upper | X2: Lower | Y2: Upper | Z2: Lower | AA2: Upper
S3: CARIB | T3: 11.6 | U3: 12 | V3: 0 | W3: 0.11805556 | X3: 0.22569444 | Y3: 0.26388889 | Z3: 0 | AA3: 60 | AC3: HR- PISNER
B4: Date: | C4: 45755 | J4: LOT WORT COLOUR: 3.3 | M4: Filter Sheets (Target 20 days) | S4: STAG | T4: 11.6 | U4: 12 | V4: 0 | W4: 0.11805556 | X4: 0.22569444 | Y4: 0.26388889 | Z4: 0 | AA4: 60
M5: Double | N5: Single | S5: GUINNESS | T5: 17 | U5: 17.5 | V5: 0 | W5: 0.10763889 | X5: 0.24652778 | Y5: 0.28472222 | Z5: 0 | AA5: 60
J6: MALT LOT: Lot 29/ 33 | L6: Sheet Day | M6: 12 | N6: 10 | S6: MACKESON | T6: 13.3 | U6: 13.5 | V6: 0 | W6: 0.12905093 | X6: 0.27430556 | Y6: 0.30208333 | Z6: 0
S7: STARMALT | T7: 17.1 | U7: 17.5 | V7: 0 | W7: 0.13605324 | X7: 0.27430556 | Y7: 0.30902778 | Z7: 0 | AA7: 60
B8: Brand | C8: Brew no. | D8: Kett. Hls | E8: Wort | F8: Cool Time(Mins) | G8: Cast. P.G. (Lab Result) | H8: Cast P.G. (Cellar Operator)-gravity | I8: Extr. Rec (80.9%) | J8: Theor. Extr. (77.5%) | K8: Boil Off /Vol. (4-6%) | L8: Boil Time | M8: Total Hot | N8: Brewing | O8: Operator | P8: Cellars Vol. Extr | Q8: Actual Pilsen Malt | S8: Hurricane Reef | T8: 16.6 | U8: 17 | V8: 0 | W8: 0.12905093 | X8: 0.27430556 | Y8: 0.30208333 | Z8: 0
E9: Meter (Hls) | F9: Target(< 60Mins) | M9: Time | S9: VITAMALT | T9: 14.4 | U9: 14.6 | V9: 0 | W9: 0.13905093 | X9: 0.26041667 | Y9: 0.29513889 | Z9: 0 | AA9: 75
B10: CARIB | C10: =[23]Brewhouse!$A341 -> CA237 | D10: =[23]Brewhouse!$AF341 -> 52.5 | E10: =[23]Brewhouse!$AI341 -> 48.4 | F10: =[23]Brewhouse!$V341 -> 56 | G10: =[23]Brewhouse!$AG341 -> 12 | H10: 11.8 | I10: =[23]Brewhouse!$AU341 -> 95.054952 | J10: =[23]Brewhouse!$AV341 -> 96.311757 | K10: =[23]Brewhouse!$Q341 -> 8.6764706 | L10: =[23]Brewhouse!$P341 -> 64 | M10: =[23]Brewhouse!$U341-[23]Brewhouse!$T341 -> 0.11458333 | N10: =[23]Brewhouse!$Z341 -> 0.25902778 | O10: =[23]Brewhouse!$AX341 -> K.Benjamin | S10: =B10 -> CARIB | T10: =VLOOKUP($B10,$S$3:$Y$9,2,FALSE) -> 11.6 | U10: =VLOOKUP($B10,$S$3:$Y$9,3,FALSE) -> 12 | V10: =VLOOKUP($B10,$S$3:$Y$9,4,FALSE) -> 0 | W10: =VLOOKUP($B10,$S$3:$Y$9,5,FALSE) -> 0.11805556 | X10: =VLOOKUP($B10,$S$3:$Y$9,6,FALSE) -> 0.22569444 | Y10: =VLOOKUP($B10,$S$3:$Y$9,7,FALSE) -> 0.26388889 | Z10: =VLOOKUP($B10,$S$3:$AA$9,8,FALSE) -> 0 | AA10: =VLOOKUP($B10,$S$3:$AA$9,9,FALSE) -> 60
B11: CARIB | C11: =[23]Brewhouse!$A342 -> CA238 | D11: =[23]Brewhouse!$AF342 -> 53.8 | E11: =[23]Brewhouse!$AI342 -> 50 | F11: =[23]Brewhouse!$V342 -> 57 | G11: =[23]Brewhouse!$AG342 -> 12 | H11: 11.7 | I11: =[23]Brewhouse!$AU342 -> 98.197264 | J11: =[23]Brewhouse!$AV342 -> 99.495617 | K11: =[23]Brewhouse!$Q342 -> 7.4909091 | L11: =[23]Brewhouse!$P342 -> 57 | M11: =[23]Brewhouse!$U342-[23]Brewhouse!$T342 -> 0.10486111 | N11: =[23]Brewhouse!$Z342 -> 0.26111111 | O11: =[23]Brewhouse!$AX342 -> K.Benjamin | S11: =B11 -> CARIB | T11: =VLOOKUP($B11,$S$3:$Y$9,2,FALSE) -> 11.6 | U11: =VLOOKUP($B11,$S$3:$Y$9,3,FALSE) -> 12 | V11: =VLOOKUP($B11,$S$3:$Y$9,4,FALSE) -> 0 | W11: =VLOOKUP($B11,$S$3:$Y$9,5,FALSE) -> 0.11805556 | X11: =VLOOKUP($B11,$S$3:$Y$9,6,FALSE) -> 0.22569444 | Y11: =VLOOKUP($B11,$S$3:$Y$9,7,FALSE) -> 0.26388889 | Z11: =VLOOKUP($B11,$S$3:$AA$9,8,FALSE) -> 0 | AA11: =VLOOKUP($B11,$S$3:$AA$9,9,FALSE) -> 60
B12: CARIB | C12: =[23]Brewhouse!$A343 -> CA239 | D12: =[23]Brewhouse!$AF343 -> 54.3 | E12: =[23]Brewhouse!$AI343 -> 50.7 | F12: =[23]Brewhouse!$V343 -> 61 | G12: =[23]Brewhouse!$AG343 -> 11.7 | H12: 11.7 | I12: =[23]Brewhouse!$AU343 -> 97.890696 | J12: =[23]Brewhouse!$AV343 -> 99.240154 | K12: =[23]Brewhouse!$Q343 -> 7.477314 | L12: =[23]Brewhouse!$P343 -> 60 | M12: =[23]Brewhouse!$U343-[23]Brewhouse!$T343 -> 0.11319444 | N12: =[23]Brewhouse!$Z343 -> 0.24513889 | O12: =[23]Brewhouse!$AX343 -> R. Regis | S12: =B12 -> CARIB | T12: =VLOOKUP($B12,$S$3:$Y$9,2,FALSE) -> 11.6 | U12: =VLOOKUP($B12,$S$3:$Y$9,3,FALSE) -> 12 | V12: =VLOOKUP($B12,$S$3:$Y$9,4,FALSE) -> 0 | W12: =VLOOKUP($B12,$S$3:$Y$9,5,FALSE) -> 0.11805556 | X12: =VLOOKUP($B12,$S$3:$Y$9,6,FALSE) -> 0.22569444 | Y12: =VLOOKUP($B12,$S$3:$Y$9,7,FALSE) -> 0.26388889 | Z12: =VLOOKUP($B12,$S$3:$AA$9,8,FALSE) -> 0 | AA12: =VLOOKUP($B12,$S$3:$AA$9,9,FALSE) -> 60
B13: CARIB | C13: =[23]Brewhouse!$A344 -> CA240 | D13: =[23]Brewhouse!$AF344 -> 53.9 | E13: =[23]Brewhouse!$AI344 -> 50.3 | F13: =[23]Brewhouse!$V344 -> 60 | G13: =[23]Brewhouse!$AG344 -> 11.8 | H13: 11.8 | I13: =[23]Brewhouse!$AU344 -> 97.267564 | J13: =[23]Brewhouse!$AV344 -> 98.608871 | K13: =[23]Brewhouse!$Q344 -> 7.2563177 | L13: =[23]Brewhouse!$P344 -> 60 | M13: =[23]Brewhouse!$U344-[23]Brewhouse!$T344 -> 0.12013889 | N13: =[23]Brewhouse!$Z344 -> 0.25763889 | O13: =[23]Brewhouse!$AX344 -> R. Regis | S13: =B13 -> CARIB | T13: =VLOOKUP($B13,$S$3:$Y$9,2,FALSE) -> 11.6 | U13: =VLOOKUP($B13,$S$3:$Y$9,3,FALSE) -> 12 | V13: =VLOOKUP($B13,$S$3:$Y$9,4,FALSE) -> 0 | W13: =VLOOKUP($B13,$S$3:$Y$9,5,FALSE) -> 0.11805556 | X13: =VLOOKUP($B13,$S$3:$Y$9,6,FALSE) -> 0.22569444 | Y13: =VLOOKUP($B13,$S$3:$Y$9,7,FALSE) -> 0.26388889 | Z13: =VLOOKUP($B13,$S$3:$AA$9,8,FALSE) -> 0 | AA13: =VLOOKUP($B13,$S$3:$AA$9,9,FALSE) -> 60
B14: CARIB | C14: =[23]Brewhouse!$A345 -> CA241 | D14: =[23]Brewhouse!$AF345 -> 55.4 | E14: =[23]Brewhouse!$AI345 -> 51.8 | F14: =[23]Brewhouse!$V345 -> 60 | G14: =[23]Brewhouse!$AG345 -> 11.8 | H14: 11.8 | I14: =[23]Brewhouse!$AU345 -> 100.78902 | J14: =[23]Brewhouse!$AV345 -> 102.17851 | K14: =[23]Brewhouse!$Q345 -> 6.4991023 | L14: =[23]Brewhouse!$P345 -> 58 | M14: =[23]Brewhouse!$U345-[23]Brewhouse!$T345 -> 0.10833333 | N14: =[23]Brewhouse!$Z345 -> 0.25277778 | O14: =[23]Brewhouse!$AX345 -> R.Sookram | S14: =B14 -> CARIB | T14: =VLOOKUP($B14,$S$3:$Y$9,2,FALSE) -> 11.6 | U14: =VLOOKUP($B14,$S$3:$Y$9,3,FALSE) -> 12 | V14: =VLOOKUP($B14,$S$3:$Y$9,4,FALSE) -> 0 | W14: =VLOOKUP($B14,$S$3:$Y$9,5,FALSE) -> 0.11805556 | X14: =VLOOKUP($B14,$S$3:$Y$9,6,FALSE) -> 0.22569444 | Y14: =VLOOKUP($B14,$S$3:$Y$9,7,FALSE) -> 0.26388889 | Z14: =VLOOKUP($B14,$S$3:$AA$9,8,FALSE) -> 0 | AA14: =VLOOKUP($B14,$S$3:$AA$9,9,FALSE) -> 60
B15: CARIB | C15: =[23]Brewhouse!$A346 -> CA242 | D15: =[23]Brewhouse!$AF346 -> 53.2 | E15: =[23]Brewhouse!$AI346 -> 49.9 | F15: =[23]Brewhouse!$V346 -> 62 | G15: =[23]Brewhouse!$AG346 -> 11.8 | I15: =[23]Brewhouse!$AU346 -> 97.09213 | J15: =[23]Brewhouse!$AV346 -> 98.430652 | K15: =[23]Brewhouse!$Q346 -> 6.118068 | L15: =[23]Brewhouse!$P346 -> 57 | M15: =[23]Brewhouse!$U346-[23]Brewhouse!$T346 -> 0.10625 | N15: =[23]Brewhouse!$Z346 -> 0.24652778 | O15: =[23]Brewhouse!$AX346 -> R.Sookram | S15: =B15 -> CARIB | T15: =VLOOKUP($B15,$S$3:$Y$9,2,FALSE) -> 11.6 | U15: =VLOOKUP($B15,$S$3:$Y$9,3,FALSE) -> 12 | V15: =VLOOKUP($B15,$S$3:$Y$9,4,FALSE) -> 0 | W15: =VLOOKUP($B15,$S$3:$Y$9,5,FALSE) -> 0.11805556 | X15: =VLOOKUP($B15,$S$3:$Y$9,6,FALSE) -> 0.22569444 | Y15: =VLOOKUP($B15,$S$3:$Y$9,7,FALSE) -> 0.26388889 | Z15: =VLOOKUP($B15,$S$3:$AA$9,8,FALSE) -> 0 | AA15: =VLOOKUP($B15,$S$3:$AA$9,9,FALSE) -> 60
B16: CARIB | C16: =[23]Brewhouse!$A347 -> CA243 | D16: =[23]Brewhouse!$AF347 -> 55.7 | E16: =[23]Brewhouse!$AI347 -> 52.2 | F16: =[23]Brewhouse!$V347 -> 63 | G16: Missing Brew data.. Dump? Placed in tank? | K16: =[23]Brewhouse!$Q347 -> 5.4121864 | L16: =[23]Brewhouse!$P347 -> 62 | M16: =[23]Brewhouse!$U347-[23]Brewhouse!$T347 -> 0.11527778 | N16: =[23]Brewhouse!$Z347 -> 0.25347222 | O16: =[23]Brewhouse!$AX347 -> R.Sookram | S16: =B16 -> CARIB | T16: =VLOOKUP($B16,$S$3:$Y$9,2,FALSE) -> 11.6 | U16: =VLOOKUP($B16,$S$3:$Y$9,3,FALSE) -> 12 | V16: =VLOOKUP($B16,$S$3:$Y$9,4,FALSE) -> 0 | W16: =VLOOKUP($B16,$S$3:$Y$9,5,FALSE) -> 0.11805556 | X16: =VLOOKUP($B16,$S$3:$Y$9,6,FALSE) -> 0.22569444 | Y16: =VLOOKUP($B16,$S$3:$Y$9,7,FALSE) -> 0.26388889 | Z16: =VLOOKUP($B16,$S$3:$AA$9,8,FALSE) -> 0 | AA16: =VLOOKUP($B16,$S$3:$AA$9,9,FALSE) -> 60
B17: CARIB | C17: =[23]Brewhouse!$A348 -> CA244 | D17: =[23]Brewhouse!$AF348 -> 52.1 | E17: =[23]Brewhouse!$AI348 -> 49.9 | F17: =[23]Brewhouse!$V348 -> 63 | G17: =[23]Brewhouse!$AG348 -> 11.7 | H17: 11.9 | I17: =[23]Brewhouse!$AU348 -> 96.34607 | J17: =[23]Brewhouse!$AV348 -> 97.674234 | K17: =[23]Brewhouse!$Q348 -> 7.2563177 | L17: =[23]Brewhouse!$P348 -> 59 | M17: =[23]Brewhouse!$U348-[23]Brewhouse!$T348 -> 0.11944444 | N17: =[23]Brewhouse!$Z348 -> 0.25625 | O17: =[23]Brewhouse!$AX348 -> K.Benjamin | S17: =B17 -> CARIB | T17: =VLOOKUP($B17,$S$3:$Y$9,2,FALSE) -> 11.6 | U17: =VLOOKUP($B17,$S$3:$Y$9,3,FALSE) -> 12 | V17: =VLOOKUP($B17,$S$3:$Y$9,4,FALSE) -> 0 | W17: =VLOOKUP($B17,$S$3:$Y$9,5,FALSE) -> 0.11805556 | X17: =VLOOKUP($B17,$S$3:$Y$9,6,FALSE) -> 0.22569444 | Y17: =VLOOKUP($B17,$S$3:$Y$9,7,FALSE) -> 0.26388889 | Z17: =VLOOKUP($B17,$S$3:$AA$9,8,FALSE) -> 0 | AA17: =VLOOKUP($B17,$S$3:$AA$9,9,FALSE) -> 60
S18: =B18 -> 0 | T18: =VLOOKUP($B18,$S$3:$Y$9,2,FALSE) -> #N/A | U18: =VLOOKUP($B18,$S$3:$Y$9,3,FALSE) -> #N/A | V18: =VLOOKUP($B18,$S$3:$Y$9,4,FALSE) -> #N/A | W18: =VLOOKUP($B18,$S$3:$Y$9,5,FALSE) -> #N/A | X18: =VLOOKUP($B18,$S$3:$Y$9,6,FALSE) -> #N/A | Y18: =VLOOKUP($B18,$S$3:$Y$9,7,FALSE) -> #N/A | Z18: =VLOOKUP($B18,$S$3:$AA$9,8,FALSE) -> #N/A | AA18: =VLOOKUP($B18,$S$3:$AA$9,9,FALSE) -> #N/A
B19: STARMALT | C19: =[27]Brewhouse!$A31 -> SM023 | D19: =[27]Brewhouse!$AH31 -> 52.2 | E19: =[27]Brewhouse!$AM31 -> 50.8 | F19: =[27]Brewhouse!$Z31 -> 64 | G19: =[27]Brewhouse!$AK31 -> 17.5 | I19: =[27]Brewhouse!$AY31 -> 97.699495 | J19: =[27]Brewhouse!$AZ31 -> 98.349954 | K19: =[27]Brewhouse!$U31 -> 3.0268199 | L19: =[27]Brewhouse!$T31 -> 60 | M19: =[27]Brewhouse!$Y31-[27]Brewhouse!$X31 -> 0.12986111 | N19: =[27]Brewhouse!$AD31 -> 0.28611111 | O19: =[27]Brewhouse!$BC31 -> K. Benjamin | S19: =B19 -> STARMALT | T19: =VLOOKUP($B19,$S$3:$Y$9,2,FALSE) -> 17.1 | U19: =VLOOKUP($B19,$S$3:$Y$9,3,FALSE) -> 17.5 | V19: =VLOOKUP($B19,$S$3:$Y$9,4,FALSE) -> 0 | W19: =VLOOKUP($B19,$S$3:$Y$9,5,FALSE) -> 0.13605324 | X19: =VLOOKUP($B19,$S$3:$Y$9,6,FALSE) -> 0.27430556 | Y19: =VLOOKUP($B19,$S$3:$Y$9,7,FALSE) -> 0.30902778 | Z19: =VLOOKUP($B19,$S$3:$AA$9,8,FALSE) -> 0 | AA19: =VLOOKUP($B19,$S$3:$AA$9,9,FALSE) -> 60
S20: =B20 -> 0 | T20: =VLOOKUP($B20,$S$3:$Y$9,2,FALSE) -> #N/A | U20: =VLOOKUP($B20,$S$3:$Y$9,3,FALSE) -> #N/A | V20: =VLOOKUP($B20,$S$3:$Y$9,4,FALSE) -> #N/A | W20: =VLOOKUP($B20,$S$3:$Y$9,5,FALSE) -> #N/A | X20: =VLOOKUP($B20,$S$3:$Y$9,6,FALSE) -> #N/A | Y20: =VLOOKUP($B20,$S$3:$Y$9,7,FALSE) -> #N/A | Z20: =VLOOKUP($B20,$S$3:$AA$9,8,FALSE) -> #N/A | AA20: =VLOOKUP($B20,$S$3:$AA$9,9,FALSE) -> #N/A
S21: =B21 -> 0 | T21: =VLOOKUP($B21,$S$3:$Y$9,2,FALSE) -> #N/A | U21: =VLOOKUP($B21,$S$3:$Y$9,3,FALSE) -> #N/A | V21: =VLOOKUP($B21,$S$3:$Y$9,4,FALSE) -> #N/A | W21: =VLOOKUP($B21,$S$3:$Y$9,5,FALSE) -> #N/A | X21: =VLOOKUP($B21,$S$3:$Y$9,6,FALSE) -> #N/A | Y21: =VLOOKUP($B21,$S$3:$Y$9,7,FALSE) -> #N/A | Z21: =VLOOKUP($B21,$S$3:$AA$9,8,FALSE) -> #N/A | AA21: =VLOOKUP($B21,$S$3:$AA$9,9,FALSE) -> #N/A
S22: =B22 -> 0 | T22: =VLOOKUP($B22,$S$3:$Y$9,2,FALSE) -> #N/A | U22: =VLOOKUP($B22,$S$3:$Y$9,3,FALSE) -> #N/A | V22: =VLOOKUP($B22,$S$3:$Y$9,4,FALSE) -> #N/A | W22: =VLOOKUP($B22,$S$3:$Y$9,5,FALSE) -> #N/A | X22: =VLOOKUP($B22,$S$3:$Y$9,6,FALSE) -> #N/A | Y22: =VLOOKUP($B22,$S$3:$Y$9,7,FALSE) -> #N/A | Z22: =VLOOKUP($B22,$S$3:$AA$9,8,FALSE) -> #N/A | AA22: =VLOOKUP($B22,$S$3:$AA$9,9,FALSE) -> #N/A
S23: =B23 -> 0 | T23: =VLOOKUP($B23,$S$3:$Y$9,2,FALSE) -> #N/A | U23: =VLOOKUP($B23,$S$3:$Y$9,3,FALSE) -> #N/A | V23: =VLOOKUP($B23,$S$3:$Y$9,4,FALSE) -> #N/A | W23: =VLOOKUP($B23,$S$3:$Y$9,5,FALSE) -> #N/A | X23: =VLOOKUP($B23,$S$3:$Y$9,6,FALSE) -> #N/A | Y23: =VLOOKUP($B23,$S$3:$Y$9,7,FALSE) -> #N/A | Z23: =VLOOKUP($B23,$S$3:$AA$9,8,FALSE) -> #N/A | AA23: =VLOOKUP($B23,$S$3:$AA$9,9,FALSE) -> #N/A
I24: EXTRACT RECOVERY | S24: =B24 -> 0 | T24: =VLOOKUP($B24,$S$3:$Y$9,2,FALSE) -> #N/A | U24: =VLOOKUP($B24,$S$3:$Y$9,3,FALSE) -> #N/A | V24: =VLOOKUP($B24,$S$3:$Y$9,4,FALSE) -> #N/A | W24: =VLOOKUP($B24,$S$3:$Y$9,5,FALSE) -> #N/A | X24: =VLOOKUP($B24,$S$3:$Y$9,6,FALSE) -> #N/A | Y24: =VLOOKUP($B24,$S$3:$Y$9,7,FALSE) -> #N/A | Z24: =VLOOKUP($B24,$S$3:$AA$9,8,FALSE) -> #N/A | AA24: =VLOOKUP($B24,$S$3:$AA$9,9,FALSE) -> #N/A
B25: BRAND | D25: BBT P.G./ O.G | I25: Brand | J25: Actual | K25: MTD No. of Brews | L25: MTD | M25: YTD | N25: Target | S25: =B25 -> BRAND | T25: =VLOOKUP($B25,$S$3:$Y$9,2,FALSE) -> #N/A | U25: =VLOOKUP($B25,$S$3:$Y$9,3,FALSE) -> #N/A | V25: =VLOOKUP($B25,$S$3:$Y$9,4,FALSE) -> #N/A | W25: =VLOOKUP($B25,$S$3:$Y$9,5,FALSE) -> #N/A | X25: =VLOOKUP($B25,$S$3:$Y$9,6,FALSE) -> #N/A | Y25: =VLOOKUP($B25,$S$3:$Y$9,7,FALSE) -> #N/A | Z25: =VLOOKUP($B25,$S$3:$AA$9,8,FALSE) -> #N/A | AA25: =VLOOKUP($B25,$S$3:$AA$9,9,FALSE) -> #N/A
B26: =I26 -> CARIB | C26: {=[23]Process!$D$296:$D$301} -> 11.7 | D26: 11.9 | I26: CARIB | J26: =AVERAGE(I10:I15,I17) -> 97.519671 | K26: =COUNTA([23]Brewhouse!$A$341:$A$348) -> 8 | L26: =AVERAGE([23]Brewhouse!$AU$341:$AU$346,[23]Brewhouse!$AU$348) -> 97.519671 | M26: =AVERAGE([23]Brewhouse!$AU$102:$AU$171,[23]Brewhouse!$AU$173:$AU$253,[23]Brewhouse!$AU$255:$AU$339,[23]Brewhouse!$AU$341:$AU$346,[23]Brewhouse!$AU$348) -> 96.809313 | N26: 98
C27: 12 | I27: STAG | K27: =COUNTA([24]Brewhouse!$A$142:$A$149) -> 8 | L27: =AVERAGE([24]Brewhouse!$AS$142:$AS$149) -> 98.511345 | M27: =AVERAGE([24]Brewhouse!$AS$15:$AS$64,[24]Brewhouse!$AS$66:$AS$103,[24]Brewhouse!$AS$105:$AS$140,[24]Brewhouse!$AS$142:$AS$149) -> 96.815001 | N27: 98
C28: 12.4 | D28: 11.85 | I28: GUINNESS | K28: =COUNTA([22]Brewhouse!$A$37) -> 1 | L28: =AVERAGE([22]Brewhouse!$AU$37) -> 96.214668 | M28: =AVERAGE([22]Brewhouse!$AU$4:$AU$7,[22]Brewhouse!$AU$9:$AU$22,[22]Brewhouse!$AU$24:$AU$35,[22]Brewhouse!$AU$37) -> 96.767265 | N28: 98
C29: 11.88 | I29: VITAMALT | M29: =AVERAGE([25]Brewhouse!$AV$5:$AV$14,[25]Brewhouse!$AV$16:$AV$19,[25]Brewhouse!$AV$21:$AV$24) -> 98.616017 | N29: 98
C30: 11.9 | D30: 12.19 | I30: MAXIMALT | N30: 98
C31: 11.91 | I31: MACKESON | M31: =AVERAGE([26]Brewhouse!$AT$4:$AT$11) -> 94.812617 | N31: 98
C32: =[23]Process!$D$295 -> 11.64 | D32: 12 | I32: STARMALT | J32: =I19 -> 97.699495 | K32: =COUNTA([27]Brewhouse!$A$31) -> 1 | L32: =AVERAGE([27]Brewhouse!$AY$31) -> 97.699495 | M32: =AVERAGE([27]Brewhouse!$AY$6:$AY$13,[27]Brewhouse!$AY$15:$AY$20,[27]Brewhouse!$AY$22:$AY$29,[27]Brewhouse!$AY$31) -> 95.749116 | N32: 98
C33: =[23]Process!$D$286 -> 11.8 | I33: HR- Pils | M33: =AVERAGE([28]Brewhouse!$AU$5:$AU$8) -> 91.006888 | N33: 98
I34: HR- IPA | N34: 98
I35: HR- APA | N35: 98
K36: =SUM(K26:K35) -> 18 | L36: =((L26*K26)+(L27*K27)+(L28*K28)+(L29*K29)+(L30*K30)+(K33*L33)+(L31*K31)+(L32*K32)+(L35*K35))/(K36) -> 97.897905 | M36: =AVERAGE('[29]Jan 31st'!$L$65,'[30]Feb 28th'!$L$35,'[31]Mar. 31st'!$L$35,L36) -> 97.01578 | N36: 98
B38: =I26 -> CARIB | C38: {=[23]Process!$D$316:$D$319} -> 11.99 | D38: 11.7 | J38: Daily Brewing Plan
C39: 11.91 | J39: Brand | K39: Brews Achieved | L39: Average Brews per day
C40: 11.95 | D40: 11.97 | J40: CARIB | K40: 8 | L40: MTD | M40: YTD | N40: TARGET
C41: 12 | J41: STAG | L41: =AVERAGE('Apr. 1st'!K49,'Apr. 7th '!K50,'Apr. 3rd'!K49,'Apr. 4th'!K49) -> 4.5 | M41: =AVERAGE('[29]Jan 29th '!$M$70,'[30]Feb 28th'!$L$40,'[31]Mar. 31st'!$L$40,L41) -> 6.0788342 | N41: 9.2
J42: GUINN
J43: VITAMALT
J44: STARMALT | K44: 1
J45: MACKESON
J46: HURRICANE REEF- IPA
J47: HURRICANE REEF- APA
B48: AVERAGE | D48: =AVERAGE(D26:E47) -> 11.935 | J48: HR- PILSNER
J49: CARIBE
J50: Total | K50: =SUM(K40:K49) -> 9
B51: Process: | C51: Fermentation/Filtration
B53: Brand | C53: Filt. Date | D53: FV Hls | E53: GFE/ Prim/ Vita Blend (Hls) | F53: SV Hls | G53: BBT Hls | H53: Loss (%) Ferm | I53: Loss (%) Filt | J53: Comments | K53: Throughput | L53: Process Loss (%) | M53: Filt. Operator
U54: 43466 | V54: 43467 | W54: 43468 | X54: 43469 | Y54: 43470 | Z54: 43471 | AA54: 43472 | AB54: 43473 | AC54: 43474 | AD54: 43475 | AE54: 43476 | AF54: 43477 | AG54: 43478 | AH54: 43479 | AI54: 43480 | AJ54: 43481 | AK54: 43482 | AL54: 43483 | AM54: 43484 | AN54: 43485 | AO54: 43486 | AP54: 43487 | AQ54: 43488 | AR54: 43489 | AS54: 43490 | AT54: 43491 | AU54: 43492 | AV54: 43493 | AW54: 43494 | AX54: 43495 | AY54: 43496
B55: CARIB | C55: 45751 | D55: =[32]April_2025!$I$3 -> 406.27 | G55: =[32]April_2025!$I$7 -> 375.6 | J55: NO BREAK | K55: =[33]April_2025!$G$18 -> 0.97157895 | L55: =(((D55+E55)-G55)/(D55+E55))*100 -> 7.5491668 | M55: T. Charles | T55: hls
B57: =B55 -> CARIB | C57: 45751 | D57: =[32]April_2025!$J$3 -> 205.1 | G57: =[32]April_2025!$J$7 -> 197 | J57: 1 BREAK- Water added | K57: =[33]April_2025!$H$18 -> 0.66701754 | L57: =(((D57+E57)-G57)/(D57+E57))*100 -> 3.949293 | M57: D. Emery
T58: Throughput | U58: =[20]January_2019!D8 -> #DIV/0! | V58: =[20]January_2019!E8 -> 1.0319298 | W58: =[20]January_2019!F8 -> 1.7789474 | X58: =[20]January_2019!G8 -> 0.51929825 | Y58: =[20]January_2019!H8 -> #DIV/0! | Z58: =[20]January_2019!I8 -> #DIV/0! | AA58: =[20]January_2019!J8 -> 1.3652632 | AB58: =[20]January_2019!K8 -> #DIV/0! | ... AY58: =[20]January_2019!AH8 -> #DIV/0!
B61: Process Loss (Volume) | G61: Process Loss (Extract) | K61: Throughput
B62: Brand | C62: Actual | D62: MTD | E62: YTD | F62: Target | G62: Actual | H62: MTD | I62: YTD | J62: Target | K62: Actual | L62: MTD | M62: YTD | N62: Target
B63: CARIB | C63: =AVERAGE(L55,L57) -> 5.7492299 | D63: 7.9356199 | E63: 7.1414013 | F63: 4.8 | G63: =AVERAGE([32]April_2025!$H$11,[32]April_2025!$G$11) -> 5.6518003 | H63: 14.721863 | I63: 8.4516523 | J63: 4.8 | K63: =AVERAGE(K55,K57) -> 0.81929825 | L63: 0.59185965 | M63: 0.75842326 | N63: 1
B64: STAG | D64: 4.6660118 | E64: 6.6015693 | F64: 4.8 | H64: 5.2855665 | I64: 7.5048624 | J64: 4.8 | L64: 1.3621053 | M64: 0.74739012 | N64: 1
B65: GUINN | E65: 13.702326 | F65: 5.5 | I65: 14.359343 | J65: 5.5 | M65: 0.52401498 | N65: 1
B66: VITAMALT | E66: 3.9190537 | F66: 3.3 | I66: 6.2094378 | J66: 3.3 | M66: 0.75184211 | N66: 1
B67: MAXIMALT | F67: 3.3 | J67: 3 | N67: 1
B68: MACKESON | E68: 8.7664671 | F68: =[21]May_2022!$M$43 -> 3.4878407 | I68: 10.607236 | J68: 5.5 | M68: 0.66824561 | N68: 1
B69: STARMALT | E69: 2.2765363 | F69: 3.3 | I69: 4.6996399 | J69: 3.3 | M69: 0.86251969 | N69: 1
B70: HURRICANE REEF | F70: 7.5 | J70: 7.5 | N70: 1
B71: HURRICANE REEF PILS | E71: 4.8792509 | F71: 4.8 | I71: 6.2003724 | J71: 4.8 | L71: 0 | M71: 0.33859649 | N71: 1
D72: 7.1660202 | E72: 7.0952597 | F72: 4.5 | H72: 12.509462 | I72: 8.4985139 | J72: 4.5 | L72: 0.72023392 | M72: 0.73211277 | N72: 1
AD84: :

Sheet Apr. 8th  
T1: P.G. | V1: Hot Time | X1: Process Time | Z1: Cooling Time
B2: Brewing Department Daily Process Loss Report | T2: Lower | U2: Upper | V2: Lower | W2: Upper | X2: Lower | Y2: Upper | Z2: Lower | AA2: Upper
S3: CARIB | T3: 11.6 | U3: 12 | V3: 0 | W3: 0.11805556 | X3: 0.22569444 | Y3: 0.26388889 | Z3: 0 | AA3: 60 | AC3: HR- PISNER
B4: Date: | C4: 45756 | J4: LOT WORT COLOUR: 3.3 | M4: Filter Sheets (Target 20 days) | S4: STAG | T4: 11.6 | U4: 12 | V4: 0 | W4: 0.11805556 | X4: 0.22569444 | Y4: 0.26388889 | Z4: 0 | AA4: 60
M5: Double | N5: Single | S5: GUINNESS | T5: 17 | U5: 17.5 | V5: 0 | W5: 0.10763889 | X5: 0.24652778 | Y5: 0.28472222 | Z5: 0 | AA5: 60
J6: MALT LOT: Lot 29/ 33 | L6: Sheet Day | M6: 12 | N6: 10 | S6: MACKESON | T6: 13.3 | U6: 13.5 | V6: 0 | W6: 0.12905093 | X6: 0.27430556 | Y6: 0.30208333 | Z6: 0
S7: STARMALT | T7: 17.1 | U7: 17.5 | V7: 0 | W7: 0.13605324 | X7: 0.27430556 | Y7: 0.30902778 | Z7: 0 | AA7: 60
B8: Brand | C8: Brew no. | D8: Kett. Hls | E8: Wort | F8: Cool Time(Mins) | G8: Cast. P.G. (Lab Result) | H8: Cast P.G. (Cellar Operator)-gravity | I8: Extr. Rec (78.5%) | J8: Theor. Extr. (77.5%) | K8: Boil Off /Vol. (4-6%) | L8: Boil Time | M8: Total Hot | N8: Brewing | O8: Operator | P8: Cellars Vol. Extr | Q8: Actual Pilsen Malt | S8: Hurricane Reef | T8: 16.6 | U8: 17 | V8: 0 | W8: 0.12905093 | X8: 0.27430556 | Y8: 0.30208333 | Z8: 0
E9: Meter (Hls) | F9: Target(< 60Mins) | M9: Time | S9: VITAMALT | T9: 14.4 | U9: 14.6 | V9: 0 | W9: 0.13905093 | X9: 0.26041667 | Y9: 0.29513889 | Z9: 0 | AA9: 75
B10: STARMALT | C10: =[27]Brewhouse!$A32 -> SM024 | D10: =[27]Brewhouse!$AH32 -> 52.6 | E10: =[27]Brewhouse!$AM32 -> 51.3 | F10: =[27]Brewhouse!$Z32 -> 65 | G10: =[27]Brewhouse!$AK32 -> 17.4 | I10: =[27]Brewhouse!$AY32 -> 98.002212 | J10: =[27]Brewhouse!$AZ32 -> 98.655294 | K10: =[27]Brewhouse!$U32 -> 3.1939163 | L10: =[27]Brewhouse!$T32 -> 59 | M10: =[27]Brewhouse!$Y32-[27]Brewhouse!$X32 -> 0.13125 | N10: =[27]Brewhouse!$AD32 -> 0.2875 | O10: =[27]Brewhouse!$BC32 -> R. Regis
B11: STARMALT | C11: =[27]Brewhouse!$A33 -> SM025 | D11: =[27]Brewhouse!$AH33 -> 52.4 | E11: =[27]Brewhouse!$AM33 -> 51.3 | F11: =[27]Brewhouse!$Z33 -> 65 | G11: =[27]Brewhouse!$AK33 -> 17.5 | I11: =[27]Brewhouse!$AY33 -> 98.900741 | J11: =[27]Brewhouse!$AZ33 -> 99.557353 | K11: =[27]Brewhouse!$U33 -> 3.3969466 | L11: =[27]Brewhouse!$T33 -> 60 | M11: =[27]Brewhouse!$Y33-[27]Brewhouse!$X33 -> 0.12361111 | N11: =[27]Brewhouse!$AD33 -> 0.34930556 | O11: =[27]Brewhouse!$BC33 -> R. Regis | S11: =B11 -> STARMALT | T11: =VLOOKUP($B11,$S$3:$Y$9,2,FALSE) -> 17.1 | U11: =VLOOKUP($B11,$S$3:$Y$9,3,FALSE) -> 17.5 | V11: =VLOOKUP($B11,$S$3:$Y$9,4,FALSE) -> 0 | W11: =VLOOKUP($B11,$S$3:$Y$9,5,FALSE) -> 0.13605324 | X11: =VLOOKUP($B11,$S$3:$Y$9,6,FALSE) -> 0.27430556 | Y11: =VLOOKUP($B11,$S$3:$Y$9,7,FALSE) -> 0.30902778 | Z11: =VLOOKUP($B11,$S$3:$AA$9,8,FALSE) -> 0 | AA11: =VLOOKUP($B11,$S$3:$AA$9,9,FALSE) -> 60
B12: STARMALT | C12: =[27]Brewhouse!$A34 -> SM026 | D12: =[27]Brewhouse!$AH34 -> 53.2 | E12: =[27]Brewhouse!$AM34 -> 51.9 | F12: =[27]Brewhouse!$Z34 -> 63 | G12: =[27]Brewhouse!$AK34 -> 17.5 | I12: =[27]Brewhouse!$AY34 -> 100.01047 | J12: =[27]Brewhouse!$AZ34 -> 100.64091 | K12: =[27]Brewhouse!$U34 -> 3.3458647 | L12: =[27]Brewhouse!$T34 -> 61 | M12: =[27]Brewhouse!$Y34-[27]Brewhouse!$X34 -> 0.12291667 | N12: =[27]Brewhouse!$AD34 -> 0.27013889 | O12: =[27]Brewhouse!$BC34 -> G. Mason | S12: =B12 -> STARMALT | T12: =VLOOKUP($B12,$S$3:$Y$9,2,FALSE) -> 17.1 | U12: =VLOOKUP($B12,$S$3:$Y$9,3,FALSE) -> 17.5 | V12: =VLOOKUP($B12,$S$3:$Y$9,4,FALSE) -> 0 | W12: =VLOOKUP($B12,$S$3:$Y$9,5,FALSE) -> 0.13605324 | X12: =VLOOKUP($B12,$S$3:$Y$9,6,FALSE) -> 0.27430556 | Y12: =VLOOKUP($B12,$S$3:$Y$9,7,FALSE) -> 0.30902778 | Z12: =VLOOKUP($B12,$S$3:$AA$9,8,FALSE) -> 0 | AA12: =VLOOKUP($B12,$S$3:$AA$9,9,FALSE) -> 60
S13: =B13 -> 0 | T13: =VLOOKUP($B13,$S$3:$Y$9,2,FALSE) -> #N/A | U13: =VLOOKUP($B13,$S$3:$Y$9,3,FALSE) -> #N/A | V13: =VLOOKUP($B13,$S$3:$Y$9,4,FALSE) -> #N/A | W13: =VLOOKUP($B13,$S$3:$Y$9,5,FALSE) -> #N/A | X13: =VLOOKUP($B13,$S$3:$Y$9,6,FALSE) -> #N/A | Y13: =VLOOKUP($B13,$S$3:$Y$9,7,FALSE) -> #N/A | Z13: =VLOOKUP($B13,$S$3:$AA$9,8,FALSE) -> #N/A | AA13: =VLOOKUP($B13,$S$3:$AA$9,9,FALSE) -> #N/A
S14: =B14 -> 0 | T14: =VLOOKUP($B14,$S$3:$Y$9,2,FALSE) -> #N/A | U14: =VLOOKUP($B14,$S$3:$Y$9,3,FALSE) -> #N/A | V14: =VLOOKUP($B14,$S$3:$Y$9,4,FALSE) -> #N/A | W14: =VLOOKUP($B14,$S$3:$Y$9,5,FALSE) -> #N/A | X14: =VLOOKUP($B14,$S$3:$Y$9,6,FALSE) -> #N/A | Y14: =VLOOKUP($B14,$S$3:$Y$9,7,FALSE) -> #N/A | Z14: =VLOOKUP($B14,$S$3:$AA$9,8,FALSE) -> #N/A | AA14: =VLOOKUP($B14,$S$3:$AA$9,9,FALSE) -> #N/A
S15: =B15 -> 0 | T15: =VLOOKUP($B15,$S$3:$Y$9,2,FALSE) -> #N/A | U15: =VLOOKUP($B15,$S$3:$Y$9,3,FALSE) -> #N/A | V15: =VLOOKUP($B15,$S$3:$Y$9,4,FALSE) -> #N/A | W15: =VLOOKUP($B15,$S$3:$Y$9,5,FALSE) -> #N/A | X15: =VLOOKUP($B15,$S$3:$Y$9,6,FALSE) -> #N/A | Y15: =VLOOKUP($B15,$S$3:$Y$9,7,FALSE) -> #N/A | Z15: =VLOOKUP($B15,$S$3:$AA$9,8,FALSE) -> #N/A | AA15: =VLOOKUP($B15,$S$3:$AA$9,9,FALSE) -> #N/A
B16: CARIB | C16: =[23]Brewhouse!$A349 -> CA245 | D16: =[23]Brewhouse!$AF349 -> 53.3 | E16: =[23]Brewhouse!$AI349 -> 49 | F16: =[23]Brewhouse!$V349 -> 60 | G16: =[23]Brewhouse!$AG349 -> 11.9 | I16: =[23]Brewhouse!$AU349 -> 95.167733 | J16: =[23]Brewhouse!$AV349 -> 96.297038 | K16: =[23]Brewhouse!$Q349 -> 6.7636364 | L16: =[23]Brewhouse!$P349 -> 57 | M16: =[23]Brewhouse!$U349-[23]Brewhouse!$T349 -> 0.10694444 | N16: =[23]Brewhouse!$Z349 -> 0.24722222 | O16: =[23]Brewhouse!$AX349 -> G. Mason | S16: =B16 -> CARIB | T16: =VLOOKUP($B16,$S$3:$Y$9,2,FALSE) -> 11.6 | U16: =VLOOKUP($B16,$S$3:$Y$9,3,FALSE) -> 12 | V16: =VLOOKUP($B16,$S$3:$Y$9,4,FALSE) -> 0 | W16: =VLOOKUP($B16,$S$3:$Y$9,5,FALSE) -> 0.11805556 | X16: =VLOOKUP($B16,$S$3:$Y$9,6,FALSE) -> 0.22569444 | Y16: =VLOOKUP($B16,$S$3:$Y$9,7,FALSE) -> 0.26388889 | Z16: =VLOOKUP($B16,$S$3:$AA$9,8,FALSE) -> 0 | AA16: =VLOOKUP($B16,$S$3:$AA$9,9,FALSE) -> 60
B17: CARIB | C17: =[23]Brewhouse!$A350 -> CA246 | D17: =[23]Brewhouse!$AF350 -> 54.1 | E17: =[23]Brewhouse!$AI350 -> 50.8 | F17: =[23]Brewhouse!$V350 -> 59 | G17: =[23]Brewhouse!$AG350 -> 12 | I17: =[23]Brewhouse!$AU350 -> 99.535418 | J17: =[23]Brewhouse!$AV350 -> 100.71655 | K17: =[23]Brewhouse!$Q350 -> 6.0363636 | L17: =[23]Brewhouse!$P350 -> 58 | M17: =[23]Brewhouse!$U350-[23]Brewhouse!$T350 -> 0.10555556 | N17: =[23]Brewhouse!$Z350 -> 0.24166667 | O17: =[23]Brewhouse!$AX350 -> G. Mason | S17: =B17 -> CARIB | T17: =VLOOKUP($B17,$S$3:$Y$9,2,FALSE) -> 11.6 | U17: =VLOOKUP($B17,$S$3:$Y$9,3,FALSE) -> 12 | V17: =VLOOKUP($B17,$S$3:$Y$9,4,FALSE) -> 0 | W17: =VLOOKUP($B17,$S$3:$Y$9,5,FALSE) -> 0.11805556 | X17: =VLOOKUP($B17,$S$3:$Y$9,6,FALSE) -> 0.22569444 | Y17: =VLOOKUP($B17,$S$3:$Y$9,7,FALSE) -> 0.26388889 | Z17: =VLOOKUP($B17,$S$3:$AA$9,8,FALSE) -> 0 | AA17: =VLOOKUP($B17,$S$3:$AA$9,9,FALSE) -> 60
B18: CARIB | C18: =[23]Brewhouse!$A351 -> CA247 | D18: =[23]Brewhouse!$AF351 -> 53.7 | E18: =[23]Brewhouse!$AI351 -> 50.3 | F18: =[23]Brewhouse!$V351 -> 56 | G18: =[23]Brewhouse!$AG351 -> 11.9 | I18: =[23]Brewhouse!$AU351 -> 98.27204 | J18: =[23]Brewhouse!$AV351 -> 99.48788 | K18: =[23]Brewhouse!$Q351 -> 7.2694394 | L18: =[23]Brewhouse!$P351 -> 61 | M18: =[23]Brewhouse!$U351-[23]Brewhouse!$T351 -> 0.10555556 | N18: =[23]Brewhouse!$Z351 -> 0.24236111 | O18: =[23]Brewhouse!$AX351 -> K.Benjamin | S18: =B18 -> CARIB | T18: =VLOOKUP($B18,$S$3:$Y$9,2,FALSE) -> 11.6 | U18: =VLOOKUP($B18,$S$3:$Y$9,3,FALSE) -> 12 | V18: =VLOOKUP($B18,$S$3:$Y$9,4,FALSE) -> 0 | W18: =VLOOKUP($B18,$S$3:$Y$9,5,FALSE) -> 0.11805556 | X18: =VLOOKUP($B18,$S$3:$Y$9,6,FALSE) -> 0.22569444 | Y18: =VLOOKUP($B18,$S$3:$Y$9,7,FALSE) -> 0.26388889 | Z18: =VLOOKUP($B18,$S$3:$AA$9,8,FALSE) -> 0 | AA18: =VLOOKUP($B18,$S$3:$AA$9,9,FALSE) -> 60
B19: CARIB | C19: =[23]Brewhouse!$A352 -> CA248 | D19: =[23]Brewhouse!$AF352 -> 52.7 | E19: =[23]Brewhouse!$AI352 -> 49.2 | F19: =[23]Brewhouse!$V352 -> 56 | G19: =[23]Brewhouse!$AG352 -> 12 | I19: =[23]Brewhouse!$AU352 -> 97.452427 | J19: =[23]Brewhouse!$AV352 -> 98.657864 | K19: =[23]Brewhouse!$Q352 -> 6.3423423 | L19: =[23]Brewhouse!$P352 -> 61 | M19: =[23]Brewhouse!$U352-[23]Brewhouse!$T352 -> 0.13958333 | N19: =[23]Brewhouse!$Z352 -> 0.23958333 | O19: =[23]Brewhouse!$AX352 -> K.Benjamin | S19: =B19 -> CARIB | T19: =VLOOKUP($B19,$S$3:$Y$9,2,FALSE) -> 11.6 | U19: =VLOOKUP($B19,$S$3:$Y$9,3,FALSE) -> 12 | V19: =VLOOKUP($B19,$S$3:$Y$9,4,FALSE) -> 0 | W19: =VLOOKUP($B19,$S$3:$Y$9,5,FALSE) -> 0.11805556 | X19: =VLOOKUP($B19,$S$3:$Y$9,6,FALSE) -> 0.22569444 | Y19: =VLOOKUP($B19,$S$3:$Y$9,7,FALSE) -> 0.26388889 | Z19: =VLOOKUP($B19,$S$3:$AA$9,8,FALSE) -> 0 | AA19: =VLOOKUP($B19,$S$3:$AA$9,9,FALSE) -> 60
S20: =B20 -> 0 | T20: =VLOOKUP($B20,$S$3:$Y$9,2,FALSE) -> #N/A | U20: =VLOOKUP($B20,$S$3:$Y$9,3,FALSE) -> #N/A | V20: =VLOOKUP($B20,$S$3:$Y$9,4,FALSE) -> #N/A | W20: =VLOOKUP($B20,$S$3:$Y$9,5,FALSE) -> #N/A | X20: =VLOOKUP($B20,$S$3:$Y$9,6,FALSE) -> #N/A | Y20: =VLOOKUP($B20,$S$3:$Y$9,7,FALSE) -> #N/A | Z20: =VLOOKUP($B20,$S$3:$AA$9,8,FALSE) -> #N/A | AA20: =VLOOKUP($B20,$S$3:$AA$9,9,FALSE) -> #N/A
S21: =B21 -> 0 | T21: =VLOOKUP($B21,$S$3:$Y$9,2,FALSE) -> #N/A | U21: =VLOOKUP($B21,$S$3:$Y$9,3,FALSE) -> #N/A | V21: =VLOOKUP($B21,$S$3:$Y$9,4,FALSE) -> #N/A | W21: =VLOOKUP($B21,$S$3:$Y$9,5,FALSE) -> #N/A | X21: =VLOOKUP($B21,$S$3:$Y$9,6,FALSE) -> #N/A | Y21: =VLOOKUP($B21,$S$3:$Y$9,7,FALSE) -> #N/A | Z21: =VLOOKUP($B21,$S$3:$AA$9,8,FALSE) -> #N/A | AA21: =VLOOKUP($B21,$S$3:$AA$9,9,FALSE) -> #N/A
S22: =B22 -> 0 | T22: =VLOOKUP($B22,$S$3:$Y$9,2,FALSE) -> #N/A | U22: =VLOOKUP($B22,$S$3:$Y$9,3,FALSE) -> #N/A | V22: =VLOOKUP($B22,$S$3:$Y$9,4,FALSE) -> #N/A | W22: =VLOOKUP($B22,$S$3:$Y$9,5,FALSE) -> #N/A | X22: =VLOOKUP($B22,$S$3:$Y$9,6,FALSE) -> #N/A | Y22: =VLOOKUP($B22,$S$3:$Y$9,7,FALSE) -> #N/A | Z22: =VLOOKUP($B22,$S$3:$AA$9,8,FALSE) -> #N/A | AA22: =VLOOKUP($B22,$S$3:$AA$9,9,FALSE) -> #N/A
S23: =B23 -> 0 | T23: =VLOOKUP($B23,$S$3:$Y$9,2,FALSE) -> #N/A | U23: =VLOOKUP($B23,$S$3:$Y$9,3,FALSE) -> #N/A | V23: =VLOOKUP($B23,$S$3:$Y$9,4,FALSE) -> #N/A | W23: =VLOOKUP($B23,$S$3:$Y$9,5,FALSE) -> #N/A | X23: =VLOOKUP($B23,$S$3:$Y$9,6,FALSE) -> #N/A | Y23: =VLOOKUP($B23,$S$3:$Y$9,7,FALSE) -> #N/A | Z23: =VLOOKUP($B23,$S$3:$AA$9,8,FALSE) -> #N/A | AA23: =VLOOKUP($B23,$S$3:$AA$9,9,FALSE) -> #N/A
S24: =B24 -> 0 | T24: =VLOOKUP($B24,$S$3:$Y$9,2,FALSE) -> #N/A | U24: =VLOOKUP($B24,$S$3:$Y$9,3,FALSE) -> #N/A | V24: =VLOOKUP($B24,$S$3:$Y$9,4,FALSE) -> #N/A | W24: =VLOOKUP($B24,$S$3:$Y$9,5,FALSE) -> #N/A | X24: =VLOOKUP($B24,$S$3:$Y$9,6,FALSE) -> #N/A | Y24: =VLOOKUP($B24,$S$3:$Y$9,7,FALSE) -> #N/A | Z24: =VLOOKUP($B24,$S$3:$AA$9,8,FALSE) -> #N/A | AA24: =VLOOKUP($B24,$S$3:$AA$9,9,FALSE) -> #N/A
S25: =B25 -> 0 | T25: =VLOOKUP($B25,$S$3:$Y$9,2,FALSE) -> #N/A | U25: =VLOOKUP($B25,$S$3:$Y$9,3,FALSE) -> #N/A | V25: =VLOOKUP($B25,$S$3:$Y$9,4,FALSE) -> #N/A | W25: =VLOOKUP($B25,$S$3:$Y$9,5,FALSE) -> #N/A | X25: =VLOOKUP($B25,$S$3:$Y$9,6,FALSE) -> #N/A | Y25: =VLOOKUP($B25,$S$3:$Y$9,7,FALSE) -> #N/A | Z25: =VLOOKUP($B25,$S$3:$AA$9,8,FALSE) -> #N/A | AA25: =VLOOKUP($B25,$S$3:$AA$9,9,FALSE) -> #N/A
S26: =B26 -> 0 | T26: =VLOOKUP($B26,$S$3:$Y$9,2,FALSE) -> #N/A | U26: =VLOOKUP($B26,$S$3:$Y$9,3,FALSE) -> #N/A | V26: =VLOOKUP($B26,$S$3:$Y$9,4,FALSE) -> #N/A | W26: =VLOOKUP($B26,$S$3:$Y$9,5,FALSE) -> #N/A | X26: =VLOOKUP($B26,$S$3:$Y$9,6,FALSE) -> #N/A | Y26: =VLOOKUP($B26,$S$3:$Y$9,7,FALSE) -> #N/A | Z26: =VLOOKUP($B26,$S$3:$AA$9,8,FALSE) -> #N/A | AA26: =VLOOKUP($B26,$S$3:$AA$9,9,FALSE) -> #N/A
S27: =B27 -> 0 | T27: =VLOOKUP($B27,$S$3:$Y$9,2,FALSE) -> #N/A | U27: =VLOOKUP($B27,$S$3:$Y$9,3,FALSE) -> #N/A | V27: =VLOOKUP($B27,$S$3:$Y$9,4,FALSE) -> #N/A | W27: =VLOOKUP($B27,$S$3:$Y$9,5,FALSE) -> #N/A | X27: =VLOOKUP($B27,$S$3:$Y$9,6,FALSE) -> #N/A | Y27: =VLOOKUP($B27,$S$3:$Y$9,7,FALSE) -> #N/A | Z27: =VLOOKUP($B27,$S$3:$AA$9,8,FALSE) -> #N/A | AA27: =VLOOKUP($B27,$S$3:$AA$9,9,FALSE) -> #N/A
S28: =B28 -> 0 | T28: =VLOOKUP($B28,$S$3:$Y$9,2,FALSE) -> #N/A | U28: =VLOOKUP($B28,$S$3:$Y$9,3,FALSE) -> #N/A | V28: =VLOOKUP($B28,$S$3:$Y$9,4,FALSE) -> #N/A | W28: =VLOOKUP($B28,$S$3:$Y$9,5,FALSE) -> #N/A | X28: =VLOOKUP($B28,$S$3:$Y$9,6,FALSE) -> #N/A | Y28: =VLOOKUP($B28,$S$3:$Y$9,7,FALSE) -> #N/A | Z28: =VLOOKUP($B28,$S$3:$AA$9,8,FALSE) -> #N/A | AA28: =VLOOKUP($B28,$S$3:$AA$9,9,FALSE) -> #N/A
S29: =B29 -> 0 | T29: =VLOOKUP($B29,$S$3:$Y$9,2,FALSE) -> #N/A | U29: =VLOOKUP($B29,$S$3:$Y$9,3,FALSE) -> #N/A | V29: =VLOOKUP($B29,$S$3:$Y$9,4,FALSE) -> #N/A | W29: =VLOOKUP($B29,$S$3:$Y$9,5,FALSE) -> #N/A | X29: =VLOOKUP($B29,$S$3:$Y$9,6,FALSE) -> #N/A | Y29: =VLOOKUP($B29,$S$3:$Y$9,7,FALSE) -> #N/A | Z29: =VLOOKUP($B29,$S$3:$AA$9,8,FALSE) -> #N/A | AA29: =VLOOKUP($B29,$S$3:$AA$9,9,FALSE) -> #N/A
S30: =B30 -> 0 | T30: =VLOOKUP($B30,$S$3:$Y$9,2,FALSE) -> #N/A | U30: =VLOOKUP($B30,$S$3:$Y$9,3,FALSE) -> #N/A | V30: =VLOOKUP($B30,$S$3:$Y$9,4,FALSE) -> #N/A | W30: =VLOOKUP($B30,$S$3:$Y$9,5,FALSE) -> #N/A | X30: =VLOOKUP($B30,$S$3:$Y$9,6,FALSE) -> #N/A | Y30: =VLOOKUP($B30,$S$3:$Y$9,7,FALSE) -> #N/A | Z30: =VLOOKUP($B30,$S$3:$AA$9,8,FALSE) -> #N/A | AA30: =VLOOKUP($B30,$S$3:$AA$9,9,FALSE) -> #N/A
S31: =B31 -> 0 | T31: =VLOOKUP($B31,$S$3:$Y$9,2,FALSE) -> #N/A | U31: =VLOOKUP($B31,$S$3:$Y$9,3,FALSE) -> #N/A | V31: =VLOOKUP($B31,$S$3:$Y$9,4,FALSE) -> #N/A | W31: =VLOOKUP($B31,$S$3:$Y$9,5,FALSE) -> #N/A | X31: =VLOOKUP($B31,$S$3:$Y$9,6,FALSE) -> #N/A | Y31: =VLOOKUP($B31,$S$3:$Y$9,7,FALSE) -> #N/A | Z31: =VLOOKUP($B31,$S$3:$AA$9,8,FALSE) -> #N/A | AA31: =VLOOKUP($B31,$S$3:$AA$9,9,FALSE) -> #N/A
... S33: =B33 -> 0 | T33: =VLOOKUP($B33,$S$3:$Y$9,2,FALSE) -> #N/A | U33: =VLOOKUP($B33,$S$3:$Y$9,3,FALSE) -> #N/A | V33: =VLOOKUP($B33,$S$3:$Y$9,4,FALSE) -> #N/A | W33: =VLOOKUP($B33,$S$3:$Y$9,5,FALSE) -> #N/A | X33: =VLOOKUP($B33,$S$3:$Y$9,6,FALSE) -> #N/A | Y33: =VLOOKUP($B33,$S$3:$Y$9,7,FALSE) -> #N/A | Z33: =VLOOKUP($B33,$S$3:$AA$9,8,FALSE) -> #N/A | AA33: =VLOOKUP($B33,$S$3:$AA$9,9,FALSE) -> #N/A
I34: EXTRACT RECOVERY | S34: =B34 -> 0 | T34: =VLOOKUP($B34,$S$3:$Y$9,2,FALSE) -> #N/A | U34: =VLOOKUP($B34,$S$3:$Y$9,3,FALSE) -> #N/A | V34: =VLOOKUP($B34,$S$3:$Y$9,4,FALSE) -> #N/A | W34: =VLOOKUP($B34,$S$3:$Y$9,5,FALSE) -> #N/A | X34: =VLOOKUP($B34,$S$3:$Y$9,6,FALSE) -> #N/A | Y34: =VLOOKUP($B34,$S$3:$Y$9,7,FALSE) -> #N/A | Z34: =VLOOKUP($B34,$S$3:$AA$9,8,FALSE) -> #N/A | AA34: =VLOOKUP($B34,$S$3:$AA$9,9,FALSE) -> #N/A
B35: BRAND | D35: BBT P.G./ O.G | I35: Brand | J35: Actual | K35: MTD No. of Brews | L35: MTD | M35: YTD | N35: Target | S35: =B35 -> BRAND | T35: =VLOOKUP($B35,$S$3:$Y$9,2,FALSE) -> #N/A | U35: =VLOOKUP($B35,$S$3:$Y$9,3,FALSE) -> #N/A | V35: =VLOOKUP($B35,$S$3:$Y$9,4,FALSE) -> #N/A | W35: =VLOOKUP($B35,$S$3:$Y$9,5,FALSE) -> #N/A | X35: =VLOOKUP($B35,$S$3:$Y$9,6,FALSE) -> #N/A | Y35: =VLOOKUP($B35,$S$3:$Y$9,7,FALSE) -> #N/A | Z35: =VLOOKUP($B35,$S$3:$AA$9,8,FALSE) -> #N/A | AA35: =VLOOKUP($B35,$S$3:$AA$9,9,FALSE) -> #N/A
B36: =I37 -> STAG | I36: CARIB | J36: =AVERAGE(I16:I19) -> 97.606904 | K36: =COUNTA([23]Brewhouse!$A$341:$A$348) -> 8 | L36: =AVERAGE([23]Brewhouse!$AU$341:$AU$346,[23]Brewhouse!$AU$348) -> 97.519671 | M36: =AVERAGE([23]Brewhouse!$AU$102:$AU$171,[23]Brewhouse!$AU$173:$AU$253,[23]Brewhouse!$AU$255:$AU$339,[23]Brewhouse!$AU$341:$AU$346,[23]Brewhouse!$AU$348) -> 96.809313 | N36: 98
I37: STAG | K37: =COUNTA([24]Brewhouse!$A$142:$A$149) -> 8 | L37: =AVERAGE([24]Brewhouse!$AS$142:$AS$149) -> 98.511345 | M37: =AVERAGE([24]Brewhouse!$AS$15:$AS$64,[24]Brewhouse!$AS$66:$AS$103,[24]Brewhouse!$AS$105:$AS$140,[24]Brewhouse!$AS$142:$AS$149) -> 96.815001 | N37: 98
I38: GUINNESS | K38: =COUNTA([22]Brewhouse!$A$37) -> 1 | L38: =AVERAGE([22]Brewhouse!$AU$37) -> 96.214668 | M38: =AVERAGE([22]Brewhouse!$AU$4:$AU$7,[22]Brewhouse!$AU$9:$AU$22,[22]Brewhouse!$AU$24:$AU$35,[22]Brewhouse!$AU$37) -> 96.767265 | N38: 98
I39: VITAMALT | M39: =AVERAGE([25]Brewhouse!$AV$5:$AV$14,[25]Brewhouse!$AV$16:$AV$19,[25]Brewhouse!$AV$21:$AV$24) -> 98.616017 | N39: 98
I40: MAXIMALT | N40: 98
I41: MACKESON | M41: =AVERAGE([26]Brewhouse!$AT$4:$AT$11) -> 94.812617 | N41: 98
I42: STARMALT | J42: =AVERAGE(I16:I19) -> 97.606904 | K42: =COUNTA([27]Brewhouse!$A$31:$A$34) -> 4 | L42: =AVERAGE([27]Brewhouse!$AY$31:$AY$34) -> 98.653229 | M42: =AVERAGE([27]Brewhouse!$AY$6:$AY$13,[27]Brewhouse!$AY$15:$AY$20,[27]Brewhouse!$AY$22:$AY$29,[27]Brewhouse!$AY$31:$AY$34) -> 96.120888 | N42: 98
I43: HR- Pils | M43: =AVERAGE([28]Brewhouse!$AU$5:$AU$8) -> 91.006888 | N43: 98
I44: HR- IPA | N44: 98
I45: HR- APA | N45: 98
K46: =SUM(K36:K45) -> 21 | L46: =((L36*K36)+(L37*K37)+(L38*K38)+(L39*K39)+(L40*K40)+(K43*L43)+(L41*K41)+(L42*K42)+(L45*K45))/(K46) -> 98.051224 | M46: =AVERAGE('[29]Jan 31st'!$L$65,'[30]Feb 28th'!$L$35,'[31]Mar. 31st'!$L$35,L46) -> 97.05411 | N46: 98
B48: =J52 -> GUINN | J48: Daily Brewing Plan
J49: Brand | K49: Brews Achieved | L49: Average Brews per day
J50: CARIB | K50: 4 | L50: MTD | M50: YTD | N50: TARGET
J51: STAG | L51: =AVERAGE('Apr. 1st'!K49,'Apr. 8th '!K60,'Apr. 3rd'!K49,'Apr. 4th'!K49,'Apr. 7th '!K50) -> 5 | M51: =AVERAGE('[29]Jan 29th '!$M$70,'[30]Feb 28th'!$L$40,'[31]Mar. 31st'!$L$40,L51) -> 6.2038342 | N51: 9.2
J52: GUINN
J53: VITAMALT
J54: STARMALT | K54: 3
J55: MACKESON
J56: HURRICANE REEF- IPA
J57: HURRICANE REEF- APA
B58: AVERAGE | D58: =AVERAGE(D36:E57) -> #DIV/0! | J58: HR- PILSNER
J59: CARIBE
J60: Total | K60: =SUM(K50:K59) -> 7
B61: Process: | C61: Fermentation/Filtration
B63: Brand | C63: Filt. Date | D63: FV Hls | E63: GFE/ Prim/ Vita Blend (Hls) | F63: SV Hls | G63: BBT Hls | H63: Loss (%) Ferm | I63: Loss (%) Filt | J63: Comments | K63: Throughput | L63: Process Loss (%) | M63: Filt. Operator
U64: 43466 | V64: 43467 | W64: 43468 | X64: 43469 | Y64: 43470 | Z64: 43471 | AA64: 43472 | AB64: 43473 | AC64: 43474 | AD64: 43475 | AE64: 43476 | AF64: 43477 | AG64: 43478 | AH64: 43479 | AI64: 43480 | AJ64: 43481 | AK64: 43482 | AL64: 43483 | AM64: 43484 | AN64: 43485 | AO64: 43486 | AP64: 43487 | AQ64: 43488 | AR64: 43489 | AS64: 43490 | AT64: 43491 | AU64: 43492 | AV64: 43493 | AW64: 43494 | AX64: 43495 | AY64: 43496
B65: =B74 -> STAG | C65: 45755 | D65: =[32]April_2025!$K$13 -> 405.3 | G65: =[32]April_2025!$K$17 -> 399.6 | J65: 1 SBF- Water added | K65: =[33]April_2025!$K$25 -> 0.70105263 | L65: =(((D65+E65)-G65)/(D65+E65))*100 -> 1.4063657 | M65: J. Nelson | T65: hls
B67: =B75 -> GUINN | C67: 45755 | D67: =[32]April_2025!$K$23 -> 263.7 | G67: =[32]April_2025!$K$28 -> 240.5 | J67: 1 SBF | K67: =[33]April_2025!$K$32 -> 0.42192982 | L67: =(((D67+E67)-G67)/(D67+E67))*100 -> 8.7978764 | M67: D. Emery
T68: Throughput | U68: =[20]January_2019!D8 -> #DIV/0! | V68: =[20]January_2019!E8 -> 1.0319298 | W68: =[20]January_2019!F8 -> 1.7789474 | X68: =[20]January_2019!G8 -> 0.51929825 | Y68: =[20]January_2019!H8 -> #DIV/0! | Z68: =[20]January_2019!I8 -> #DIV/0! | AA68: =[20]January_2019!J8 -> 1.3652632 | AB68: =[20]January_2019!K8 -> #DIV/0! | ... AY68: =[20]January_2019!AH8 -> #DIV/0!
B71: Process Loss (Volume) | G71: Process Loss (Extract) | K71: Throughput
B72: Brand | C72: Actual | D72: MTD | E72: YTD | F72: Target | G72: Actual | H72: MTD | I72: YTD | J72: Target | K72: Actual | L72: MTD | M72: YTD | N72: Target
B73: CARIB | D73: 7.9356199 | E73: 7.1414013 | F73: 4.8 | H73: 14.721863 | I73: 8.4516523 | J73: 4.8 | L73: 0.59185965 | M73: 0.75842326 | N73: 1
B74: STAG | C74: =L65 -> 1.4063657 | D74: 3.04 | E74: 6.1450503 | F74: 4.8 | G74: =[32]April_2025!$K$21 -> 1.4860051 | H74: 3.3848422 | I74: 7.1307631 | J74: 4.8 | K74: =K65 -> 0.70105263 | L74: 1.0315789 | M74: 0.74532724 | N74: 1
B75: GUINN | C75: =L67 -> 8.7978764 | D75: 10.826845 | E75: 13.125604 | F75: 5.5 | G75: =[32]April_2025!$K$32 -> 10.823248 | H75: 10.823248 | I75: 13.879185 | J75: 5.5 | K75: =K67 -> 0.42192982 | L75: 0.42192982 | M75: 0.51242364 | N75: 1
B76: VITAMALT | E76: 3.9190537 | F76: 3.3 | I76: 6.2094378 | J76: 3.3 | M76: 0.75184211 | N76: 1
B77: MAXIMALT | F77: 3.3 | J77: 3 | N77: 1
B78: MACKESON | E78: 8.7664671 | F78: =[21]May_2022!$M$43 -> 3.4878407 | I78: 10.607236 | J78: 5.5 | M78: 0.66824561 | N78: 1
B79: STARMALT | E79: 2.2765363 | F79: 3.3 | I79: 4.6996399 | J79: 3.3 | M79: 0.86251969 | N79: 1
B80: HURRICANE REEF | F80: 7.5 | J80: 7.5 | N80: 1
B81: HURRICANE REEF PILS | E81: 4.8792509 | F81: 4.8 | I81: 6.2003724 | J81: 4.8 | M81: 0.33859649 | N81: 1
D82: 6.6059036 | E82: 7.0178157 | F82: 5.5 | H82: 10.480721 | I82: 8.4265034 | J82: 5.5 | L82: 0.68054825 | M82: 0.72817853 | N82: 1
AD94: :

Sheet Apr. 9th   
T1: P.G. | V1: Hot Time | X1: Process Time | Z1: Cooling Time
B2: Brewing Department Daily Process Loss Report | T2: Lower | U2: Upper | V2: Lower | W2: Upper | X2: Lower | Y2: Upper | Z2: Lower | AA2: Upper
S3: CARIB | T3: 11.6 | U3: 12 | V3: 0 | W3: 0.11805556 | X3: 0.22569444 | Y3: 0.26388889 | Z3: 0 | AA3: 60 | AC3: HR- PISNER
B4: Date: | C4: 45756 | J4: LOT WORT COLOUR: 3.3 | M4: Filter Sheets (Target 20 days) | S4: STAG | T4: 11.6 | U4: 12 | V4: 0 | W4: 0.11805556 | X4: 0.22569444 | Y4: 0.26388889 | Z4: 0 | AA4: 60
M5: Double | N5: Single | S5: GUINNESS | T5: 17 | U5: 17.5 | V5: 0 | W5: 0.10763889 | X5: 0.24652778 | Y5: 0.28472222 | Z5: 0 | AA5: 60
J6: MALT LOT: Lot 33 | L6: Sheet Day | M6: 12 | N6: 10 | S6: MACKESON | T6: 13.3 | U6: 13.5 | V6: 0 | W6: 0.12905093 | X6: 0.27430556 | Y6: 0.30208333 | Z6: 0
S7: STARMALT | T7: 17.1 | U7: 17.5 | V7: 0 | W7: 0.13605324 | X7: 0.27430556 | Y7: 0.30902778 | Z7: 0 | AA7: 60
B8: Brand | C8: Brew no. | D8: Kett. Hls | E8: Wort | F8: Cool Time(Mins) | G8: Cast. P.G. (Lab Result) | H8: Cast P.G. (Cellar Operator)-gravity | I8: Extr. Rec (78.5%) | J8: Theor. Extr. (77.5%) | K8: Boil Off /Vol. (4-6%) | L8: Boil Time | M8: Total Hot | N8: Brewing | O8: Operator | P8: Cellars Vol. Extr | Q8: Actual Pilsen Malt | S8: Hurricane Reef | T8: 16.6 | U8: 17 | V8: 0 | W8: 0.12905093 | X8: 0.27430556 | Y8: 0.30208333 | Z8: 0
E9: Meter (Hls) | F9: Target(< 60Mins) | M9: Time | S9: VITAMALT | T9: 14.4 | U9: 14.6 | V9: 0 | W9: 0.13905093 | X9: 0.26041667 | Y9: 0.29513889 | Z9: 0 | AA9: 75
B10: CARIB | C10: =[23]Brewhouse!$A353 -> CA249 | D10: =[23]Brewhouse!$AF353 -> 53.9 | E10: =[23]Brewhouse!$AI353 -> 50.6 | F10: =[23]Brewhouse!$V353 -> 61 | G10: =[23]Brewhouse!$AG353 -> 11.9 | H10: 11.9 | I10: =[23]Brewhouse!$AU353 -> 99.224854 | J10: =[23]Brewhouse!$AV353 -> 100.45228 | K10: =[23]Brewhouse!$Q353 -> 6.8092692 | L10: =[23]Brewhouse!$P353 -> 61 | M10: =[23]Brewhouse!$U353-[23]Brewhouse!$T353 -> 0.11388889 | N10: =[23]Brewhouse!$Z353 -> 0.25277778 | O10: =[23]Brewhouse!$AX353 -> K.Benjamin | S10: =B10 -> CARIB | T10: =VLOOKUP($B10,$S$3:$Y$9,2,FALSE) -> 11.6 | U10: =VLOOKUP($B10,$S$3:$Y$9,3,FALSE) -> 12 | V10: =VLOOKUP($B10,$S$3:$Y$9,4,FALSE) -> 0 | W10: =VLOOKUP($B10,$S$3:$Y$9,5,FALSE) -> 0.11805556 | X10: =VLOOKUP($B10,$S$3:$Y$9,6,FALSE) -> 0.22569444 | Y10: =VLOOKUP($B10,$S$3:$Y$9,7,FALSE) -> 0.26388889 | Z10: =VLOOKUP($B10,$S$3:$AA$9,8,FALSE) -> 0 | AA10: =VLOOKUP($B10,$S$3:$AA$9,9,FALSE) -> 60
B11: CARIB | C11: =[23]Brewhouse!$A354 -> CA250 | D11: =[23]Brewhouse!$AF354 -> 54.5 | E11: =[23]Brewhouse!$AI354 -> 51.2 | F11: =[23]Brewhouse!$V354 -> 60 | G11: =[23]Brewhouse!$AG354 -> 11.8 | H11: 11.8 | I11: =[23]Brewhouse!$AU354 -> 99.637549 | J11: =[23]Brewhouse!$AV354 -> 100.87002 | K11: =[23]Brewhouse!$Q354 -> 6.3423423 | L11: =[23]Brewhouse!$P354 -> 61 | M11: =[23]Brewhouse!$U354-[23]Brewhouse!$T354 -> 0.11527778 | N11: =[23]Brewhouse!$Z354 -> 0.25416667 | O11: =[23]Brewhouse!$AX354 -> R. Regis | S11: =B11 -> CARIB | T11: =VLOOKUP($B11,$S$3:$Y$9,2,FALSE) -> 11.6 | U11: =VLOOKUP($B11,$S$3:$Y$9,3,FALSE) -> 12 | V11: =VLOOKUP($B11,$S$3:$Y$9,4,FALSE) -> 0 | W11: =VLOOKUP($B11,$S$3:$Y$9,5,FALSE) -> 0.11805556 | X11: =VLOOKUP($B11,$S$3:$Y$9,6,FALSE) -> 0.22569444 | Y11: =VLOOKUP($B11,$S$3:$Y$9,7,FALSE) -> 0.26388889 | Z11: =VLOOKUP($B11,$S$3:$AA$9,8,FALSE) -> 0 | AA11: =VLOOKUP($B11,$S$3:$AA$9,9,FALSE) -> 60
B12: CARIB | C12: =[23]Brewhouse!$A355 -> CA251 | D12: =[23]Brewhouse!$AF355 -> 53.6 | E12: =[23]Brewhouse!$AI355 -> 50.2 | F12: =[23]Brewhouse!$V355 -> 63 | G12: =[23]Brewhouse!$AG355 -> 11.9 | H12: 11.9 | I12: =[23]Brewhouse!$AU355 -> 98.440468 | J12: =[23]Brewhouse!$AV355 -> 99.658193 | K12: =[23]Brewhouse!$Q355 -> 5.9498208 | L12: =[23]Brewhouse!$P355 -> 61 | M12: =[23]Brewhouse!$U355-[23]Brewhouse!$T355 -> 0.1125 | N12: =[23]Brewhouse!$Z355 -> 0.26597222 | O12: =[23]Brewhouse!$AX355 -> R. Regis | S12: =B12 -> CARIB | T12: =VLOOKUP($B12,$S$3:$Y$9,2,FALSE) -> 11.6 | U12: =VLOOKUP($B12,$S$3:$Y$9,3,FALSE) -> 12 | V12: =VLOOKUP($B12,$S$3:$Y$9,4,FALSE) -> 0 | W12: =VLOOKUP($B12,$S$3:$Y$9,5,FALSE) -> 0.11805556 | X12: =VLOOKUP($B12,$S$3:$Y$9,6,FALSE) -> 0.22569444 | Y12: =VLOOKUP($B12,$S$3:$Y$9,7,FALSE) -> 0.26388889 | Z12: =VLOOKUP($B12,$S$3:$AA$9,8,FALSE) -> 0 | AA12: =VLOOKUP($B12,$S$3:$AA$9,9,FALSE) -> 60
B13: CARIB | C13: =[23]Brewhouse!$A356 -> CA252 | D13: =[23]Brewhouse!$AF356 -> 54.6 | E13: =[23]Brewhouse!$AI356 -> 51.4 | F13: =[23]Brewhouse!$V356 -> 64 | G13: =[23]Brewhouse!$AG356 -> 11.7 | H13: 11.7 | I13: =[23]Brewhouse!$AU356 -> 99.13511 | J13: =[23]Brewhouse!$AV356 -> 100.36136 | K13: =[23]Brewhouse!$Q356 -> 6.0638298 | L13: =[23]Brewhouse!$P356 -> 61 | M13: =[23]Brewhouse!$U356-[23]Brewhouse!$T356 -> 0.073611111 | N13: =[23]Brewhouse!$Z356 -> 0.25 | O13: =[23]Brewhouse!$AX356 -> R. Regis | S13: =B13 -> CARIB | T13: =VLOOKUP($B13,$S$3:$Y$9,2,FALSE) -> 11.6 | U13: =VLOOKUP($B13,$S$3:$Y$9,3,FALSE) -> 12 | V13: =VLOOKUP($B13,$S$3:$Y$9,4,FALSE) -> 0 | W13: =VLOOKUP($B13,$S$3:$Y$9,5,FALSE) -> 0.11805556 | X13: =VLOOKUP($B13,$S$3:$Y$9,6,FALSE) -> 0.22569444 | Y13: =VLOOKUP($B13,$S$3:$Y$9,7,FALSE) -> 0.26388889 | Z13: =VLOOKUP($B13,$S$3:$AA$9,8,FALSE) -> 0 | AA13: =VLOOKUP($B13,$S$3:$AA$9,9,FALSE) -> 60
S14: =B14 -> 0 | T14: =VLOOKUP($B14,$S$3:$Y$9,2,FALSE) -> #N/A | U14: =VLOOKUP($B14,$S$3:$Y$9,3,FALSE) -> #N/A | V14: =VLOOKUP($B14,$S$3:$Y$9,4,FALSE) -> #N/A | W14: =VLOOKUP($B14,$S$3:$Y$9,5,FALSE) -> #N/A | X14: =VLOOKUP($B14,$S$3:$Y$9,6,FALSE) -> #N/A | Y14: =VLOOKUP($B14,$S$3:$Y$9,7,FALSE) -> #N/A | Z14: =VLOOKUP($B14,$S$3:$AA$9,8,FALSE) -> #N/A | AA14: =VLOOKUP($B14,$S$3:$AA$9,9,FALSE) -> #N/A
S15: =B15 -> 0 | T15: =VLOOKUP($B15,$S$3:$Y$9,2,FALSE) -> #N/A | U15: =VLOOKUP($B15,$S$3:$Y$9,3,FALSE) -> #N/A | V15: =VLOOKUP($B15,$S$3:$Y$9,4,FALSE) -> #N/A | W15: =VLOOKUP($B15,$S$3:$Y$9,5,FALSE) -> #N/A | X15: =VLOOKUP($B15,$S$3:$Y$9,6,FALSE) -> #N/A | Y15: =VLOOKUP($B15,$S$3:$Y$9,7,FALSE) -> #N/A | Z15: =VLOOKUP($B15,$S$3:$AA$9,8,FALSE) -> #N/A | AA15: =VLOOKUP($B15,$S$3:$AA$9,9,FALSE) -> #N/A
S16: =B16 -> 0 | T16: =VLOOKUP($B16,$S$3:$Y$9,2,FALSE) -> #N/A | U16: =VLOOKUP($B16,$S$3:$Y$9,3,FALSE) -> #N/A | V16: =VLOOKUP($B16,$S$3:$Y$9,4,FALSE) -> #N/A | W16: =VLOOKUP($B16,$S$3:$Y$9,5,FALSE) -> #N/A | X16: =VLOOKUP($B16,$S$3:$Y$9,6,FALSE) -> #N/A | Y16: =VLOOKUP($B16,$S$3:$Y$9,7,FALSE) -> #N/A | Z16: =VLOOKUP($B16,$S$3:$AA$9,8,FALSE) -> #N/A | AA16: =VLOOKUP($B16,$S$3:$AA$9,9,FALSE) -> #N/A
S17: =B17 -> 0 | T17: =VLOOKUP($B17,$S$3:$Y$9,2,FALSE) -> #N/A | U17: =VLOOKUP($B17,$S$3:$Y$9,3,FALSE) -> #N/A | V17: =VLOOKUP($B17,$S$3:$Y$9,4,FALSE) -> #N/A | W17: =VLOOKUP($B17,$S$3:$Y$9,5,FALSE) -> #N/A | X17: =VLOOKUP($B17,$S$3:$Y$9,6,FALSE) -> #N/A | Y17: =VLOOKUP($B17,$S$3:$Y$9,7,FALSE) -> #N/A | Z17: =VLOOKUP($B17,$S$3:$AA$9,8,FALSE) -> #N/A | AA17: =VLOOKUP($B17,$S$3:$AA$9,9,FALSE) -> #N/A
B18: STAG | C18: =[24]Brewhouse!$A150 -> ST133 | D18: =[24]Brewhouse!$AD150 -> 52.2 | E18: =[24]Brewhouse!$AG150 -> 48.1 | F18: =[24]Brewhouse!$V150 -> 61 | G18: =[24]Brewhouse!$AE150 -> 12 | H18: 12 | I18: =[24]Brewhouse!$AS150 -> 96.687242 | J18: =[24]Brewhouse!$AT150 -> 97.676192 | K18: =[24]Brewhouse!$Q150 -> 8.1818182 | L18: =[24]Brewhouse!$P150 -> 57 | M18: =[24]Brewhouse!$U150-[24]Brewhouse!$T150 -> 0.10972222 | N18: =[24]Brewhouse!$AW150 -> 0.25416667 | O18: =[24]Brewhouse!$AV150 -> G. Mason | S18: =B18 -> STAG | T18: =VLOOKUP($B18,$S$3:$Y$9,2,FALSE) -> 11.6 | U18: =VLOOKUP($B18,$S$3:$Y$9,3,FALSE) -> 12 | V18: =VLOOKUP($B18,$S$3:$Y$9,4,FALSE) -> 0 | W18: =VLOOKUP($B18,$S$3:$Y$9,5,FALSE) -> 0.11805556 | X18: =VLOOKUP($B18,$S$3:$Y$9,6,FALSE) -> 0.22569444 | Y18: =VLOOKUP($B18,$S$3:$Y$9,7,FALSE) -> 0.26388889 | Z18: =VLOOKUP($B18,$S$3:$AA$9,8,FALSE) -> 0 | AA18: =VLOOKUP($B18,$S$3:$AA$9,9,FALSE) -> 60
B19: STAG | C19: =[24]Brewhouse!$A151 -> ST134 | D19: =[24]Brewhouse!$AD151 -> 53.1 | E19: =[24]Brewhouse!$AG151 -> 49.6 | F19: =[24]Brewhouse!$V151 -> 56 | G19: =[24]Brewhouse!$AE151 -> 12 | I19: =[24]Brewhouse!$AS151 -> 99.203899 | J19: =[24]Brewhouse!$AT151 -> 100.21992 | K19: =[24]Brewhouse!$Q151 -> 6.0885609 | L19: =[24]Brewhouse!$P151 -> 58 | M19: =[24]Brewhouse!$U151-[24]Brewhouse!$T151 -> 0.10555556 | N19: =[24]Brewhouse!$AW151 -> 0.24236111 | O19: =[24]Brewhouse!$AV151 -> G. Mason | S19: =B19 -> STAG | T19: =VLOOKUP($B19,$S$3:$Y$9,2,FALSE) -> 11.6 | U19: =VLOOKUP($B19,$S$3:$Y$9,3,FALSE) -> 12 | V19: =VLOOKUP($B19,$S$3:$Y$9,4,FALSE) -> 0 | W19: =VLOOKUP($B19,$S$3:$Y$9,5,FALSE) -> 0.11805556 | X19: =VLOOKUP($B19,$S$3:$Y$9,6,FALSE) -> 0.22569444 | Y19: =VLOOKUP($B19,$S$3:$Y$9,7,FALSE) -> 0.26388889 | Z19: =VLOOKUP($B19,$S$3:$AA$9,8,FALSE) -> 0 | AA19: =VLOOKUP($B19,$S$3:$AA$9,9,FALSE) -> 60
B20: STAG | C20: =[24]Brewhouse!$A152 -> ST135 | D20: =[24]Brewhouse!$AD152 -> 52.9 | E20: =[24]Brewhouse!$AG152 -> 49.7 | F20: =[24]Brewhouse!$V152 -> 57 | G20: =[24]Brewhouse!$AE152 -> 12 | H20: 11.9 | I20: =[24]Brewhouse!$AS152 -> 99.653052 | J20: =[24]Brewhouse!$AT152 -> 100.67301 | K20: =[24]Brewhouse!$Q152 -> 5.7195572 | L20: =[24]Brewhouse!$P152 -> 58 | M20: =[24]Brewhouse!$U152-[24]Brewhouse!$T152 -> 0.10486111 | N20: =[24]Brewhouse!$AW152 -> 0.23958333 | O20: =[24]Brewhouse!$AV152 -> K. Benjamin | S20: =B20 -> STAG | T20: =VLOOKUP($B20,$S$3:$Y$9,2,FALSE) -> 11.6 | U20: =VLOOKUP($B20,$S$3:$Y$9,3,FALSE) -> 12 | V20: =VLOOKUP($B20,$S$3:$Y$9,4,FALSE) -> 0 | W20: =VLOOKUP($B20,$S$3:$Y$9,5,FALSE) -> 0.11805556 | X20: =VLOOKUP($B20,$S$3:$Y$9,6,FALSE) -> 0.22569444 | Y20: =VLOOKUP($B20,$S$3:$Y$9,7,FALSE) -> 0.26388889 | Z20: =VLOOKUP($B20,$S$3:$AA$9,8,FALSE) -> 0 | AA20: =VLOOKUP($B20,$S$3:$AA$9,9,FALSE) -> 60
B21: STAG | C21: =[24]Brewhouse!$A153 -> ST136 | D21: =[24]Brewhouse!$AD153 -> 53.5 | E21: =[24]Brewhouse!$AG153 -> 50.4 | F21: =[24]Brewhouse!$V153 -> 65 | G21: =[24]Brewhouse!$AE153 -> 11.9 | H21: 11.8 | I21: =[24]Brewhouse!$AS153 -> 100.04619 | J21: =[24]Brewhouse!$AT153 -> 101.0705 | K21: =[24]Brewhouse!$Q153 -> 6.8265683 | L21: =[24]Brewhouse!$P153 -> 57 | M21: =[24]Brewhouse!$U153-[24]Brewhouse!$T153 -> 0.12152778 | N21: =[24]Brewhouse!$AW153 -> 0.26180556 | O21: =[24]Brewhouse!$AV153 -> K. Benjamin | S21: =B21 -> STAG | T21: =VLOOKUP($B21,$S$3:$Y$9,2,FALSE) -> 11.6 | U21: =VLOOKUP($B21,$S$3:$Y$9,3,FALSE) -> 12 | V21: =VLOOKUP($B21,$S$3:$Y$9,4,FALSE) -> 0 | W21: =VLOOKUP($B21,$S$3:$Y$9,5,FALSE) -> 0.11805556 | X21: =VLOOKUP($B21,$S$3:$Y$9,6,FALSE) -> 0.22569444 | Y21: =VLOOKUP($B21,$S$3:$Y$9,7,FALSE) -> 0.26388889 | Z21: =VLOOKUP($B21,$S$3:$AA$9,8,FALSE) -> 0 | AA21: =VLOOKUP($B21,$S$3:$AA$9,9,FALSE) -> 60
S22: =B22 -> 0 | T22: =VLOOKUP($B22,$S$3:$Y$9,2,FALSE) -> #N/A | U22: =VLOOKUP($B22,$S$3:$Y$9,3,FALSE) -> #N/A | V22: =VLOOKUP($B22,$S$3:$Y$9,4,FALSE) -> #N/A | W22: =VLOOKUP($B22,$S$3:$Y$9,5,FALSE) -> #N/A | X22: =VLOOKUP($B22,$S$3:$Y$9,6,FALSE) -> #N/A | Y22: =VLOOKUP($B22,$S$3:$Y$9,7,FALSE) -> #N/A | Z22: =VLOOKUP($B22,$S$3:$AA$9,8,FALSE) -> #N/A | AA22: =VLOOKUP($B22,$S$3:$AA$9,9,FALSE) -> #N/A
S23: =B23 -> 0 | T23: =VLOOKUP($B23,$S$3:$Y$9,2,FALSE) -> #N/A | U23: =VLOOKUP($B23,$S$3:$Y$9,3,FALSE) -> #N/A | V23: =VLOOKUP($B23,$S$3:$Y$9,4,FALSE) -> #N/A | W23: =VLOOKUP($B23,$S$3:$Y$9,5,FALSE) -> #N/A | X23: =VLOOKUP($B23,$S$3:$Y$9,6,FALSE) -> #N/A | Y23: =VLOOKUP($B23,$S$3:$Y$9,7,FALSE) -> #N/A | Z23: =VLOOKUP($B23,$S$3:$AA$9,8,FALSE) -> #N/A | AA23: =VLOOKUP($B23,$S$3:$AA$9,9,FALSE) -> #N/A
I24: EXTRACT RECOVERY | S24: =B24 -> 0 | T24: =VLOOKUP($B24,$S$3:$Y$9,2,FALSE) -> #N/A | U24: =VLOOKUP($B24,$S$3:$Y$9,3,FALSE) -> #N/A | V24: =VLOOKUP($B24,$S$3:$Y$9,4,FALSE) -> #N/A | W24: =VLOOKUP($B24,$S$3:$Y$9,5,FALSE) -> #N/A | X24: =VLOOKUP($B24,$S$3:$Y$9,6,FALSE) -> #N/A | Y24: =VLOOKUP($B24,$S$3:$Y$9,7,FALSE) -> #N/A | Z24: =VLOOKUP($B24,$S$3:$AA$9,8,FALSE) -> #N/A | AA24: =VLOOKUP($B24,$S$3:$AA$9,9,FALSE) -> #N/A
B25: BRAND | D25: BBT P.G./ O.G | I25: Brand | J25: Actual | K25: MTD No. of Brews | L25: MTD | M25: YTD | N25: Target | S25: =B25 -> BRAND | T25: =VLOOKUP($B25,$S$3:$Y$9,2,FALSE) -> #N/A | U25: =VLOOKUP($B25,$S$3:$Y$9,3,FALSE) -> #N/A | V25: =VLOOKUP($B25,$S$3:$Y$9,4,FALSE) -> #N/A | W25: =VLOOKUP($B25,$S$3:$Y$9,5,FALSE) -> #N/A | X25: =VLOOKUP($B25,$S$3:$Y$9,6,FALSE) -> #N/A | Y25: =VLOOKUP($B25,$S$3:$Y$9,7,FALSE) -> #N/A | Z25: =VLOOKUP($B25,$S$3:$AA$9,8,FALSE) -> #N/A | AA25: =VLOOKUP($B25,$S$3:$AA$9,9,FALSE) -> #N/A
B26: =I26 -> CARIB | C26: =[23]Process!D312 -> 11.8 | D26: 11.94 | I26: CARIB | J26: =AVERAGE(I10:I13) -> 99.109495 | K26: =COUNTA([23]Brewhouse!$A$341:$A$348) -> 8 | L26: =AVERAGE([23]Brewhouse!$AU$341:$AU$346,[23]Brewhouse!$AU$348) -> 97.519671 | M26: =AVERAGE([23]Brewhouse!$AU$102:$AU$171,[23]Brewhouse!$AU$173:$AU$253,[23]Brewhouse!$AU$255:$AU$339,[23]Brewhouse!$AU$341:$AU$346,[23]Brewhouse!$AU$348) -> 96.809313 | N26: 98
C27: =[23]Process!D313 -> 11.8 | I27: STAG | J27: =AVERAGE(I18:I21) -> 98.897595 | K27: =COUNTA([24]Brewhouse!$A$142:$A$153) -> 12 | L27: =AVERAGE([24]Brewhouse!$AS$142:$AS$149) -> 98.511345 | M27: =AVERAGE([24]Brewhouse!$AS$15:$AS$64,[24]Brewhouse!$AS$66:$AS$103,[24]Brewhouse!$AS$105:$AS$140,[24]Brewhouse!$AS$142:$AS$149) -> 96.815001 | N27: 98
C28: =[23]Process!D314 -> 11.89 | D28: 12.03 | I28: GUINNESS | K28: =COUNTA([22]Brewhouse!$A$37) -> 1 | L28: =AVERAGE([22]Brewhouse!$AU$37) -> 96.214668 | M28: =AVERAGE([22]Brewhouse!$AU$4:$AU$7,[22]Brewhouse!$AU$9:$AU$22,[22]Brewhouse!$AU$24:$AU$35,[22]Brewhouse!$AU$37) -> 96.767265 | N28: 98
C29: =[23]Process!D315 -> 12 | I29: VITAMALT | M29: =AVERAGE([25]Brewhouse!$AV$5:$AV$14,[25]Brewhouse!$AV$16:$AV$19,[25]Brewhouse!$AV$21:$AV$24) -> 98.616017 | N29: 98
I30: MAXIMALT | N30: 98
I31: MACKESON | M31: =AVERAGE([26]Brewhouse!$AT$4:$AT$11) -> 94.812617 | N31: 98
I32: STARMALT | K32: =COUNTA([27]Brewhouse!$A$31:$A$34) -> 4 | L32: =AVERAGE([27]Brewhouse!$AY$31:$AY$34) -> 98.653229 | M32: =AVERAGE([27]Brewhouse!$AY$6:$AY$13,[27]Brewhouse!$AY$15:$AY$20,[27]Brewhouse!$AY$22:$AY$29,[27]Brewhouse!$AY$31:$AY$34) -> 96.120888 | N32: 98
I33: HR- Pils | M33: =AVERAGE([28]Brewhouse!$AU$5:$AU$8) -> 91.006888 | N33: 98
I34: HR- IPA | N34: 98
I35: HR- APA | N35: 98
K36: =SUM(K26:K35) -> 25 | L36: =((L26*K26)+(L27*K27)+(L28*K28)+(L29*K29)+(L30*K30)+(K33*L33)+(L31*K31)+(L32*K32)+(L35*K35))/(K36) -> 98.124844 | M36: =AVERAGE('[29]Jan 31st'!$L$65,'[30]Feb 28th'!$L$35,'[31]Mar. 31st'!$L$35,L36) -> 97.072515 | N36: 98
B38: =I32 -> STARMALT | C38: =[27]Process!D30 -> 17.5 | D38: 16.9 | J38: Daily Brewing Plan
C39: =[27]Process!D31 -> 17.4 | J39: Brand | K39: Brews Achieved | L39: Average Brews per day
C40: =[27]Process!D32 -> 17.5 | D40: 16.94 | J40: CARIB | K40: 4 | L40: MTD | M40: YTD | N40: TARGET
C41: =[27]Process!D33 -> 17.5 | J41: STAG | K41: 4 | L41: =AVERAGE('Apr. 1st'!K49,'Apr. 9th '!K50,'Apr. 3rd'!K49,'Apr. 4th'!K49,'Apr. 7th '!K50,'Apr. 8th '!K60) -> 5.5 | M41: =AVERAGE('[29]Jan 29th '!$M$70,'[30]Feb 28th'!$L$40,'[31]Mar. 31st'!$L$40,L41) -> 6.3288342 | N41: 9.2
J42: GUINN
J43: VITAMALT
J44: STARMALT
J45: MACKESON
J46: HURRICANE REEF- IPA
J47: HURRICANE REEF- APA
B48: AVERAGE | D48: =AVERAGE(D26:E47) -> 14.4525 | J48: HR- PILSNER
J49: CARIBE
J50: Total | K50: =SUM(K40:K49) -> 8
B51: Process: | C51: Fermentation/Filtration
B53: Brand | C53: Filt. Date | D53: FV Hls | E53: GFE/ Prim/ Vita Blend (Hls) | F53: SV Hls | G53: BBT Hls | H53: Loss (%) Ferm | I53: Loss (%) Filt | J53: Comments | K53: Throughput | L53: Process Loss (%) | M53: Filt. Operator
U54: 43466 | V54: 43467 | W54: 43468 | X54: 43469 | Y54: 43470 | Z54: 43471 | AA54: 43472 | AB54: 43473 | AC54: 43474 | AD54: 43475 | AE54: 43476 | AF54: 43477 | AG54: 43478 | AH54: 43479 | AI54: 43480 | AJ54: 43481 | AK54: 43482 | AL54: 43483 | AM54: 43484 | AN54: 43485 | AO54: 43486 | AP54: 43487 | AQ54: 43488 | AR54: 43489 | AS54: 43490 | AT54: 43491 | AU54: 43492 | AV54: 43493 | AW54: 43494 | AX54: 43495 | AY54: 43496
B55: =B63 -> CARIB | C55: 45756 | D55: =[32]April_2025!$L$3 -> 208 | G55: =[32]April_2025!$L$7 -> 197.9 | J55: NO BREAK | K55: =[33]April_2025!$L$18 -> 0.69438596 | L55: =(((D55+E55)-G55)/(D55+E55))*100 -> 4.8557692 | M55: R. Regis | T55: hls
B57: =J44 -> STARMALT | C57: 45756 | D57: =[32]April_2025!$L$55 -> 205.3 | G57: =[32]April_2025!$L$59 -> 204.5 | J57: NO BREAK - Water added | K57: =[33]April_2025!$L$53 -> 0.71754386 | L57: =(((D57+E57)-G57)/(D57+E57))*100 -> 0.38967365 | M57: J. Nelson
T58: Throughput | U58: =[20]January_2019!D8 -> #DIV/0! | V58: =[20]January_2019!E8 -> 1.0319298 | W58: =[20]January_2019!F8 -> 1.7789474 | X58: =[20]January_2019!G8 -> 0.51929825 | Y58: =[20]January_2019!H8 -> #DIV/0! | Z58: =[20]January_2019!I8 -> #DIV/0! | AA58: =[20]January_2019!J8 -> 1.3652632 | AB58: =[20]January_2019!K8 -> #DIV/0! | ... AY58: =[20]January_2019!AH8 -> #DIV/0!
B61: Process Loss (Volume) | G61: Process Loss (Extract) | K61: Throughput
B62: Brand | C62: Actual | D62: MTD | E62: YTD | F62: Target | G62: Actual | H62: MTD | I62: YTD | J62: Target | L62: MTD | M62: YTD | N62: Target
B63: CARIB | C63: =L55 -> 4.8557692 | D63: 7.5171319 | E63: 7.08852 | F63: 4.8 | G63: =[32]April_2025!$L$11 -> 3.7824258 | H63: 6.8820267 | I63: 7.6296668 | J63: 4.8 | K63: =K55 -> 0.69438596 | L63: 0.66596491 | M63: 0.76460102 | N63: 1
B64: STAG | D64: 3.04 | E64: 6.1450503 | F64: 4.8 | H64: 3.3848422 | I64: 7.1307631 | J64: 4.8 | L64: 1.0315789 | M64: 0.74532724 | N64: 1
B65: GUINN | D65: 10.826845 | E65: 13.125604 | F65: 5.5 | H65: 10.823248 | I65: 13.879185 | J65: 5.5 | L65: 0.42192982 | M65: 0.51242364 | N65: 1
B66: VITAMALT | E66: 3.9190537 | F66: 3.3 | I66: 6.2094378 | J66: 3.3 | M66: 0.75184211 | N66: 1
B67: MAXIMALT | F67: 3.3 | J67: 3 | N67: 1
B68: MACKESON | E68: 8.7664671 | F68: =[21]May_2022!$M$43 -> 3.4878407 | I68: 10.607236 | J68: 5.5 | M68: 0.66824561 | N68: 1
B69: STARMALT | C69: =L57 -> 0.38967365 | D69: 0.39 | E69: 1.8560729 | F69: 3.3 | G69: =[32]April_2025!$L$63 -> 3.9053322 | H69: 3.9053322 | I69: 4.5764572 | J69: 3.3 | K69: =K57 -> 0.71754386 | L69: 0.71754386 | M69: 0.83594855 | N69: 1
B70: HURRICANE REEF | F70: 7.5 | J70: 7.5 | N70: 1
B71: HURRICANE REEF PILS | E71: 4.8792509 | F71: 4.8 | I71: 6.2003724 | J71: 4.8 | M71: 0.33859649 | N71: 1
D72: 6.4665878 | E72: 6.9124987 | F72: 5.5 | H72: 6.1895785 | I72: 7.9721082 | J72: 5.5 | L72: 0.71984211 | M72: 0.73153315 | N72: 1
AD84: :

Sheet Apr. 10th 
S1: P.G. | U1: Hot Time | W1: Process Time | Y1: Cooling Time
B2: Brewing Department Daily Process Loss Report | S2: Lower | T2: Upper | U2: Lower | V2: Upper | W2: Lower | X2: Upper | Y2: Lower | Z2: Upper
R3: CARIB | S3: 11.6 | T3: 12 | U3: 0 | V3: 0.11805556 | W3: 0.22569444 | X3: 0.26388889 | Y3: 0 | Z3: 60 | AB3: HR- PISNER
B4: Date: | C4: 45758 | J4: LOT WORT COLOUR: 3.6 | M4: Filter Sheets (Target 20 days) | R4: STAG | S4: 11.6 | T4: 12 | U4: 0 | V4: 0.11805556 | W4: 0.22569444 | X4: 0.26388889 | Y4: 0 | Z4: 60
M5: Double | N5: Single | R5: GUINNESS | S5: 17 | T5: 17.5 | U5: 0 | V5: 0.10763889 | W5: 0.24652778 | X5: 0.28472222 | Y5: 0 | Z5: 60
J6: MALT LOT: Lot 33 | L6: Sheet Day | M6: 12 | N6: 10 | R6: MACKESON | S6: 13.3 | T6: 13.5 | U6: 0 | V6: 0.12905093 | W6: 0.27430556 | X6: 0.30208333 | Y6: 0
R7: STARMALT | S7: 17.1 | T7: 17.5 | U7: 0 | V7: 0.13605324 | W7: 0.27430556 | X7: 0.30902778 | Y7: 0 | Z7: 60
B8: Brand | C8: Brew no. | D8: Kett. Hls | E8: Wort | F8: Cool Time(Mins) | G8: Cast. P.G. (Lab Result) | H8: Cast P.G. (Cellar Operator)-gravity | I8: (Cellar Operator vol) Extr. Rec | J8: Extr. Rec (78.5%) | K8: Theor. Extr. (77.5%) | L8: Boil Off /Vol. (4-6%) | M8: Boil Time | N8: Total Hot | O8: Brewing | P8: Operator | Q8: Actual Pilsen Malt | S8: Hurricane Reef | T8: 16.6 | U8: 17 | V8: 0 | W8: 0.12905093 | X8: 0.27430556 | Y8: 0.30208333 | Z8: 0
E9: Meter (Hls) | F9: Target(< 60Mins) | N9: Time | S9: VITAMALT | T9: 14.4 | U9: 14.6 | V9: 0 | W9: 0.13905093 | X9: 0.26041667 | Y9: 0.29513889 | Z9: 0 | AA9: 75
B10: STAG | C10: =[24]Brewhouse!$A154 -> ST137 | D10: =[24]Brewhouse!$AD154 -> 55.7 | E10: =[24]Brewhouse!$AG154 -> 52.4 | F10: =[24]Brewhouse!$V154 -> 59 | G10: =[24]Brewhouse!$AE154 -> 11.8 | H10: 11.8 | I10: =[24]Brewhouse!AX154 -> 95.092422 | J10: =[24]Brewhouse!$AS154 -> 103.48583 | K10: =[24]Brewhouse!$AT154 -> 104.54432 | L10: =[24]Brewhouse!$Q154 -> 6.043956 | M10: =[24]Brewhouse!$P154 -> 60 | N10: =[24]Brewhouse!$U154-[24]Brewhouse!$T154 -> 0.11527778 | O10: =[24]Brewhouse!$AW154 -> 0.25347222 | P10: =[24]Brewhouse!$AV154 -> R. Regis | S10: =B10 -> STAG | T10: =VLOOKUP($B10,$R$3:$X$9,2,FALSE) -> 11.6 | U10: =VLOOKUP($B10,$R$3:$X$9,3,FALSE) -> 12 | V10: =VLOOKUP($B10,$R$3:$X$9,4,FALSE) -> 0 | W10: =VLOOKUP($B10,$R$3:$X$9,5,FALSE) -> 0.11805556 | X10: =VLOOKUP($B10,$R$3:$X$9,6,FALSE) -> 0.22569444 | Y10: =VLOOKUP($B10,$R$3:$X$9,7,FALSE) -> 0.26388889 | Z10: =VLOOKUP($B10,$R$3:$Z$9,8,FALSE) -> 0 | AA10: =VLOOKUP($B10,$R$3:$Z$9,9,FALSE) -> 60
B11: STAG | C11: =[24]Brewhouse!$A155 -> ST138 | D11: =[24]Brewhouse!$AD155 -> 52.8 | E11: =[24]Brewhouse!$AG155 -> 49.5 | F11: =[24]Brewhouse!$V155 -> 62 | G11: =[24]Brewhouse!$AE155 -> 12 | H11: 11.8 | I11: =[24]Brewhouse!AX155 -> 0 | J11: =[24]Brewhouse!$AS155 -> 98.880284 | K11: =[24]Brewhouse!$AT155 -> 99.89332 | L11: =[24]Brewhouse!$Q155 -> 5.2919708 | M11: =[24]Brewhouse!$P155 -> 61 | N11: =[24]Brewhouse!$U155-[24]Brewhouse!$T155 -> 0.11041667 | O11: =[24]Brewhouse!$AW155 -> 0.25138889 | P11: =[24]Brewhouse!$AV155 -> R. Regis | S11: =B11 -> STAG | T11: =VLOOKUP($B11,$R$3:$X$9,2,FALSE) -> 11.6 | U11: =VLOOKUP($B11,$R$3:$X$9,3,FALSE) -> 12 | V11: =VLOOKUP($B11,$R$3:$X$9,4,FALSE) -> 0 | W11: =VLOOKUP($B11,$R$3:$X$9,5,FALSE) -> 0.11805556 | X11: =VLOOKUP($B11,$R$3:$X$9,6,FALSE) -> 0.22569444 | Y11: =VLOOKUP($B11,$R$3:$X$9,7,FALSE) -> 0.26388889 | Z11: =VLOOKUP($B11,$R$3:$Z$9,8,FALSE) -> 0 | AA11: =VLOOKUP($B11,$R$3:$Z$9,9,FALSE) -> 60
B12: STAG | C12: =[24]Brewhouse!$A156 -> ST139 | D12: =[24]Brewhouse!$AD156 -> 53 | E12: =[24]Brewhouse!$AG156 -> 49.7 | F12: =[24]Brewhouse!$V156 -> 61 | G12: =[24]Brewhouse!$AE156 -> 11.8 | H12: 11.8 | I12: =[24]Brewhouse!AX156 -> 96.247923 | J12: =[24]Brewhouse!$AS156 -> 97.662755 | K12: =[24]Brewhouse!$AT156 -> 98.662992 | L12: =[24]Brewhouse!$Q156 -> 4.5787546 | M12: =[24]Brewhouse!$P156 -> 61 | N12: =[24]Brewhouse!$U156-[24]Brewhouse!$T156 -> 0.10694444 | O12: =[24]Brewhouse!$AW156 -> 0.24444444 | P12: =[24]Brewhouse!$AV156 -> D. Gomaz | S12: =B12 -> STAG | T12: =VLOOKUP($B12,$R$3:$X$9,2,FALSE) -> 11.6 | U12: =VLOOKUP($B12,$R$3:$X$9,3,FALSE) -> 12 | V12: =VLOOKUP($B12,$R$3:$X$9,4,FALSE) -> 0 | W12: =VLOOKUP($B12,$R$3:$X$9,5,FALSE) -> 0.11805556 | X12: =VLOOKUP($B12,$R$3:$X$9,6,FALSE) -> 0.22569444 | Y12: =VLOOKUP($B12,$R$3:$X$9,7,FALSE) -> 0.26388889 | Z12: =VLOOKUP($B12,$R$3:$Z$9,8,FALSE) -> 0 | AA12: =VLOOKUP($B12,$R$3:$Z$9,9,FALSE) -> 60
B13: STAG | C13: =[24]Brewhouse!$A157 -> ST140 | D13: =[24]Brewhouse!$AD157 -> 53.6 | E13: =[24]Brewhouse!$AG157 -> 50.6 | F13: =[24]Brewhouse!$V157 -> 64 | G13: =[24]Brewhouse!$AE157 -> 12 | H13: 11.8 | I13: =[24]Brewhouse!AX157 -> 99.463909 | J13: =[24]Brewhouse!$AS157 -> 101.20398 | K13: =[24]Brewhouse!$AT157 -> 102.24048 | L13: =[24]Brewhouse!$Q157 -> 4.1818182 | M13: =[24]Brewhouse!$P157 -> 62 | N13: =[24]Brewhouse!$U157-[24]Brewhouse!$T157 -> 0.10972222 | O13: =[24]Brewhouse!$AW157 -> 0.28125 | P13: =[24]Brewhouse!$AV157 -> D. Gomaz | S13: =B13 -> STAG | T13: =VLOOKUP($B13,$R$3:$X$9,2,FALSE) -> 11.6 | U13: =VLOOKUP($B13,$R$3:$X$9,3,FALSE) -> 12 | V13: =VLOOKUP($B13,$R$3:$X$9,4,FALSE) -> 0 | W13: =VLOOKUP($B13,$R$3:$X$9,5,FALSE) -> 0.11805556 | X13: =VLOOKUP($B13,$R$3:$X$9,6,FALSE) -> 0.22569444 | Y13: =VLOOKUP($B13,$R$3:$X$9,7,FALSE) -> 0.26388889 | Z13: =VLOOKUP($B13,$R$3:$Z$9,8,FALSE) -> 0 | AA13: =VLOOKUP($B13,$R$3:$Z$9,9,FALSE) -> 60
S14: =B14 -> 0 | T14: =VLOOKUP($B14,$R$3:$X$9,2,FALSE) -> #N/A | U14: =VLOOKUP($B14,$R$3:$X$9,3,FALSE) -> #N/A | V14: =VLOOKUP($B14,$R$3:$X$9,4,FALSE) -> #N/A | W14: =VLOOKUP($B14,$R$3:$X$9,5,FALSE) -> #N/A | X14: =VLOOKUP($B14,$R$3:$X$9,6,FALSE) -> #N/A | Y14: =VLOOKUP($B14,$R$3:$X$9,7,FALSE) -> #N/A | Z14: =VLOOKUP($B14,$R$3:$Z$9,8,FALSE) -> #N/A | AA14: =VLOOKUP($B14,$R$3:$Z$9,9,FALSE) -> #N/A
S15: =B15 -> 0 | T15: =VLOOKUP($B15,$R$3:$X$9,2,FALSE) -> #N/A | U15: =VLOOKUP($B15,$R$3:$X$9,3,FALSE) -> #N/A | V15: =VLOOKUP($B15,$R$3:$X$9,4,FALSE) -> #N/A | W15: =VLOOKUP($B15,$R$3:$X$9,5,FALSE) -> #N/A | X15: =VLOOKUP($B15,$R$3:$X$9,6,FALSE) -> #N/A | Y15: =VLOOKUP($B15,$R$3:$X$9,7,FALSE) -> #N/A | Z15: =VLOOKUP($B15,$R$3:$Z$9,8,FALSE) -> #N/A | AA15: =VLOOKUP($B15,$R$3:$Z$9,9,FALSE) -> #N/A
B16: CARIB | C16: =[23]Brewhouse!$A357 -> CA253 | D16: =[23]Brewhouse!$AF357 -> 53.1 | E16: =[23]Brewhouse!$AI357 -> 49.3 | F16: =[23]Brewhouse!$V357 -> 64 | G16: =[23]Brewhouse!$AG357 -> 11.8 | H16: 11.8 | I16: =[23]Brewhouse!AY357 -> 93.918731 | J16: =[23]Brewhouse!$AU357 -> 95.843375 | K16: =[23]Brewhouse!$AV357 -> 96.979703 | L16: =[23]Brewhouse!$Q357 -> 5.7913669 | M16: =[23]Brewhouse!$P357 -> 61 | N16: =[23]Brewhouse!$U357-[23]Brewhouse!$T357 -> 0.12430556 | O16: =[23]Brewhouse!$Z357 -> 0.27083333 | P16: =[23]Brewhouse!$AX357 -> K.Benjamin | S16: =B16 -> CARIB | T16: =VLOOKUP($B16,$R$3:$X$9,2,FALSE) -> 11.6 | U16: =VLOOKUP($B16,$R$3:$X$9,3,FALSE) -> 12 | V16: =VLOOKUP($B16,$R$3:$X$9,4,FALSE) -> 0 | W16: =VLOOKUP($B16,$R$3:$X$9,5,FALSE) -> 0.11805556 | X16: =VLOOKUP($B16,$R$3:$X$9,6,FALSE) -> 0.22569444 | Y16: =VLOOKUP($B16,$R$3:$X$9,7,FALSE) -> 0.26388889 | Z16: =VLOOKUP($B16,$R$3:$Z$9,8,FALSE) -> 0 | AA16: =VLOOKUP($B16,$R$3:$Z$9,9,FALSE) -> 60
B17: CARIB | C17: =[23]Brewhouse!$A358 -> CA254 | D17: =[23]Brewhouse!$AF358 -> 55 | E17: =[23]Brewhouse!$AI358 -> 51.4 | F17: =[23]Brewhouse!$V358 -> 54 | G17: =[23]Brewhouse!$AG358 -> 12 | H17: 12 | I17: =[23]Brewhouse!AY358 -> 99.598607 | J17: =[23]Brewhouse!$AU358 -> 100.83452 | K17: =[23]Brewhouse!$AV358 -> 102.03094 | L17: =[23]Brewhouse!$Q358 -> 4.368231 | M17: =[23]Brewhouse!$P358 -> 60 | N17: =[23]Brewhouse!$U358-[23]Brewhouse!$T358 -> 0.11111111 | O17: =[23]Brewhouse!$Z358 -> 0.24861111 | P17: =[23]Brewhouse!$AX358 -> K.Benjamin | S17: =B17 -> CARIB | T17: =VLOOKUP($B17,$R$3:$X$9,2,FALSE) -> 11.6 | U17: =VLOOKUP($B17,$R$3:$X$9,3,FALSE) -> 12 | V17: =VLOOKUP($B17,$R$3:$X$9,4,FALSE) -> 0 | W17: =VLOOKUP($B17,$R$3:$X$9,5,FALSE) -> 0.11805556 | X17: =VLOOKUP($B17,$R$3:$X$9,6,FALSE) -> 0.22569444 | Y17: =VLOOKUP($B17,$R$3:$X$9,7,FALSE) -> 0.26388889 | Z17: =VLOOKUP($B17,$R$3:$Z$9,8,FALSE) -> 0 | AA17: =VLOOKUP($B17,$R$3:$Z$9,9,FALSE) -> 60
S18: =B18 -> 0 | T18: =VLOOKUP($B18,$R$3:$X$9,2,FALSE) -> #N/A | U18: =VLOOKUP($B18,$R$3:$X$9,3,FALSE) -> #N/A | V18: =VLOOKUP($B18,$R$3:$X$9,4,FALSE) -> #N/A | W18: =VLOOKUP($B18,$R$3:$X$9,5,FALSE) -> #N/A | X18: =VLOOKUP($B18,$R$3:$X$9,6,FALSE) -> #N/A | Y18: =VLOOKUP($B18,$R$3:$X$9,7,FALSE) -> #N/A | Z18: =VLOOKUP($B18,$R$3:$Z$9,8,FALSE) -> #N/A | AA18: =VLOOKUP($B18,$R$3:$Z$9,9,FALSE) -> #N/A
S19: =B19 -> 0 | T19: =VLOOKUP($B19,$R$3:$X$9,2,FALSE) -> #N/A | U19: =VLOOKUP($B19,$R$3:$X$9,3,FALSE) -> #N/A | V19: =VLOOKUP($B19,$R$3:$X$9,4,FALSE) -> #N/A | W19: =VLOOKUP($B19,$R$3:$X$9,5,FALSE) -> #N/A | X19: =VLOOKUP($B19,$R$3:$X$9,6,FALSE) -> #N/A | Y19: =VLOOKUP($B19,$R$3:$X$9,7,FALSE) -> #N/A | Z19: =VLOOKUP($B19,$R$3:$Z$9,8,FALSE) -> #N/A | AA19: =VLOOKUP($B19,$R$3:$Z$9,9,FALSE) -> #N/A
S20: =B20 -> 0 | T20: =VLOOKUP($B20,$R$3:$X$9,2,FALSE) -> #N/A | U20: =VLOOKUP($B20,$R$3:$X$9,3,FALSE) -> #N/A | V20: =VLOOKUP($B20,$R$3:$X$9,4,FALSE) -> #N/A | W20: =VLOOKUP($B20,$R$3:$X$9,5,FALSE) -> #N/A | X20: =VLOOKUP($B20,$R$3:$X$9,6,FALSE) -> #N/A | Y20: =VLOOKUP($B20,$R$3:$X$9,7,FALSE) -> #N/A | Z20: =VLOOKUP($B20,$R$3:$Z$9,8,FALSE) -> #N/A | AA20: =VLOOKUP($B20,$R$3:$Z$9,9,FALSE) -> #N/A
S21: =B21 -> 0 | T21: =VLOOKUP($B21,$R$3:$X$9,2,FALSE) -> #N/A | U21: =VLOOKUP($B21,$R$3:$X$9,3,FALSE) -> #N/A | V21: =VLOOKUP($B21,$R$3:$X$9,4,FALSE) -> #N/A | W21: =VLOOKUP($B21,$R$3:$X$9,5,FALSE) -> #N/A | X21: =VLOOKUP($B21,$R$3:$X$9,6,FALSE) -> #N/A | Y21: =VLOOKUP($B21,$R$3:$X$9,7,FALSE) -> #N/A | Z21: =VLOOKUP($B21,$R$3:$Z$9,8,FALSE) -> #N/A | AA21: =VLOOKUP($B21,$R$3:$Z$9,9,FALSE) -> #N/A
S22: =B22 -> 0 | T22: =VLOOKUP($B22,$R$3:$X$9,2,FALSE) -> #N/A | U22: =VLOOKUP($B22,$R$3:$X$9,3,FALSE) -> #N/A | V22: =VLOOKUP($B22,$R$3:$X$9,4,FALSE) -> #N/A | W22: =VLOOKUP($B22,$R$3:$X$9,5,FALSE) -> #N/A | X22: =VLOOKUP($B22,$R$3:$X$9,6,FALSE) -> #N/A | Y22: =VLOOKUP($B22,$R$3:$X$9,7,FALSE) -> #N/A | Z22: =VLOOKUP($B22,$R$3:$Z$9,8,FALSE) -> #N/A | AA22: =VLOOKUP($B22,$R$3:$Z$9,9,FALSE) -> #N/A
S23: =B23 -> 0 | T23: =VLOOKUP($B23,$R$3:$X$9,2,FALSE) -> #N/A | U23: =VLOOKUP($B23,$R$3:$X$9,3,FALSE) -> #N/A | V23: =VLOOKUP($B23,$R$3:$X$9,4,FALSE) -> #N/A | W23: =VLOOKUP($B23,$R$3:$X$9,5,FALSE) -> #N/A | X23: =VLOOKUP($B23,$R$3:$X$9,6,FALSE) -> #N/A | Y23: =VLOOKUP($B23,$R$3:$X$9,7,FALSE) -> #N/A | Z23: =VLOOKUP($B23,$R$3:$Z$9,8,FALSE) -> #N/A | AA23: =VLOOKUP($B23,$R$3:$Z$9,9,FALSE) -> #N/A
R24: =B24 -> 0 | S24: =VLOOKUP($B24,$R$3:$X$9,2,FALSE) -> #N/A | T24: =VLOOKUP($B24,$R$3:$X$9,3,FALSE) -> #N/A | U24: =VLOOKUP($B24,$R$3:$X$9,4,FALSE) -> #N/A | V24: =VLOOKUP($B24,$R$3:$X$9,5,FALSE) -> #N/A | W24: =VLOOKUP($B24,$R$3:$X$9,6,FALSE) -> #N/A | X24: =VLOOKUP($B24,$R$3:$X$9,7,FALSE) -> #N/A | Y24: =VLOOKUP($B24,$R$3:$Z$9,8,FALSE) -> #N/A | Z24: =VLOOKUP($B24,$R$3:$Z$9,9,FALSE) -> #N/A
R25: =B25 -> 0 | S25: =VLOOKUP($B25,$R$3:$X$9,2,FALSE) -> #N/A | T25: =VLOOKUP($B25,$R$3:$X$9,3,FALSE) -> #N/A | U25: =VLOOKUP($B25,$R$3:$X$9,4,FALSE) -> #N/A | V25: =VLOOKUP($B25,$R$3:$X$9,5,FALSE) -> #N/A | W25: =VLOOKUP($B25,$R$3:$X$9,6,FALSE) -> #N/A | X25: =VLOOKUP($B25,$R$3:$X$9,7,FALSE) -> #N/A | Y25: =VLOOKUP($B25,$R$3:$Z$9,8,FALSE) -> #N/A | Z25: =VLOOKUP($B25,$R$3:$Z$9,9,FALSE) -> #N/A
R26: =B26 -> 0 | S26: =VLOOKUP($B26,$R$3:$X$9,2,FALSE) -> #N/A | T26: =VLOOKUP($B26,$R$3:$X$9,3,FALSE) -> #N/A | U26: =VLOOKUP($B26,$R$3:$X$9,4,FALSE) -> #N/A | V26: =VLOOKUP($B26,$R$3:$X$9,5,FALSE) -> #N/A | W26: =VLOOKUP($B26,$R$3:$X$9,6,FALSE) -> #N/A | X26: =VLOOKUP($B26,$R$3:$X$9,7,FALSE) -> #N/A | Y26: =VLOOKUP($B26,$R$3:$Z$9,8,FALSE) -> #N/A | Z26: =VLOOKUP($B26,$R$3:$Z$9,9,FALSE) -> #N/A
R27: =B27 -> 0 | S27: =VLOOKUP($B27,$R$3:$X$9,2,FALSE) -> #N/A | T27: =VLOOKUP($B27,$R$3:$X$9,3,FALSE) -> #N/A | U27: =VLOOKUP($B27,$R$3:$X$9,4,FALSE) -> #N/A | V27: =VLOOKUP($B27,$R$3:$X$9,5,FALSE) -> #N/A | W27: =VLOOKUP($B27,$R$3:$X$9,6,FALSE) -> #N/A | X27: =VLOOKUP($B27,$R$3:$X$9,7,FALSE) -> #N/A | Y27: =VLOOKUP($B27,$R$3:$Z$9,8,FALSE) -> #N/A | Z27: =VLOOKUP($B27,$R$3:$Z$9,9,FALSE) -> #N/A
R28: =B28 -> 0 | S28: =VLOOKUP($B28,$R$3:$X$9,2,FALSE) -> #N/A | T28: =VLOOKUP($B28,$R$3:$X$9,3,FALSE) -> #N/A | U28: =VLOOKUP($B28,$R$3:$X$9,4,FALSE) -> #N/A | V28: =VLOOKUP($B28,$R$3:$X$9,5,FALSE) -> #N/A | W28: =VLOOKUP($B28,$R$3:$X$9,6,FALSE) -> #N/A | X28: =VLOOKUP($B28,$R$3:$X$9,7,FALSE) -> #N/A | Y28: =VLOOKUP($B28,$R$3:$Z$9,8,FALSE) -> #N/A | Z28: =VLOOKUP($B28,$R$3:$Z$9,9,FALSE) -> #N/A
R29: =B29 -> 0 | S29: =VLOOKUP($B29,$R$3:$X$9,2,FALSE) -> #N/A | T29: =VLOOKUP($B29,$R$3:$X$9,3,FALSE) -> #N/A | U29: =VLOOKUP($B29,$R$3:$X$9,4,FALSE) -> #N/A | V29: =VLOOKUP($B29,$R$3:$X$9,5,FALSE) -> #N/A | W29: =VLOOKUP($B29,$R$3:$X$9,6,FALSE) -> #N/A | X29: =VLOOKUP($B29,$R$3:$X$9,7,FALSE) -> #N/A | Y29: =VLOOKUP($B29,$R$3:$Z$9,8,FALSE) -> #N/A | Z29: =VLOOKUP($B29,$R$3:$Z$9,9,FALSE) -> #N/A
R30: =B30 -> 0 | S30: =VLOOKUP($B30,$R$3:$X$9,2,FALSE) -> #N/A | T30: =VLOOKUP($B30,$R$3:$X$9,3,FALSE) -> #N/A | U30: =VLOOKUP($B30,$R$3:$X$9,4,FALSE) -> #N/A | V30: =VLOOKUP($B30,$R$3:$X$9,5,FALSE) -> #N/A | W30: =VLOOKUP($B30,$R$3:$X$9,6,FALSE) -> #N/A | X30: =VLOOKUP($B30,$R$3:$X$9,7,FALSE) -> #N/A | Y30: =VLOOKUP($B30,$R$3:$Z$9,8,FALSE) -> #N/A | Z30: =VLOOKUP($B30,$R$3:$Z$9,9,FALSE) -> #N/A
R31: =B31 -> 0 | S31: =VLOOKUP($B31,$R$3:$X$9,2,FALSE) -> #N/A | T31: =VLOOKUP($B31,$R$3:$X$9,3,FALSE) -> #N/A | U31: =VLOOKUP($B31,$R$3:$X$9,4,FALSE) -> #N/A | V31: =VLOOKUP($B31,$R$3:$X$9,5,FALSE) -> #N/A | W31: =VLOOKUP($B31,$R$3:$X$9,6,FALSE) -> #N/A | X31: =VLOOKUP($B31,$R$3:$X$9,7,FALSE) -> #N/A | Y31: =VLOOKUP($B31,$R$3:$Z$9,8,FALSE) -> #N/A | Z31: =VLOOKUP($B31,$R$3:$Z$9,9,FALSE) -> #N/A
I32: EXTRACT RECOVERY | R32: =B32 -> 0 | S32: =VLOOKUP($B32,$R$3:$X$9,2,FALSE) -> #N/A | T32: =VLOOKUP($B32,$R$3:$X$9,3,FALSE) -> #N/A | U32: =VLOOKUP($B32,$R$3:$X$9,4,FALSE) -> #N/A | V32: =VLOOKUP($B32,$R$3:$X$9,5,FALSE) -> #N/A | W32: =VLOOKUP($B32,$R$3:$X$9,6,FALSE) -> #N/A | X32: =VLOOKUP($B32,$R$3:$X$9,7,FALSE) -> #N/A | Y32: =VLOOKUP($B32,$R$3:$Z$9,8,FALSE) -> #N/A | Z32: =VLOOKUP($B32,$R$3:$Z$9,9,FALSE) -> #N/A
B33: BRAND | D33: BBT P.G./ O.G | I33: Brand | J33: Actual | K33: MTD No. of Brews | L33: MTD | M33: YTD | N33: Target | R33: =B33 -> BRAND | S33: =VLOOKUP($B33,$R$3:$X$9,2,FALSE) -> #N/A | T33: =VLOOKUP($B33,$R$3:$X$9,3,FALSE) -> #N/A | U33: =VLOOKUP($B33,$R$3:$X$9,4,FALSE) -> #N/A | V33: =VLOOKUP($B33,$R$3:$X$9,5,FALSE) -> #N/A | W33: =VLOOKUP($B33,$R$3:$X$9,6,FALSE) -> #N/A | X33: =VLOOKUP($B33,$R$3:$X$9,7,FALSE) -> #N/A | Y33: =VLOOKUP($B33,$R$3:$Z$9,8,FALSE) -> #N/A | Z33: =VLOOKUP($B33,$R$3:$Z$9,9,FALSE) -> #N/A
I34: CARIB | J34: =AVERAGE(J16:J19) -> 98.338945 | K34: =COUNTA([23]Brewhouse!$A$341:$A$358) -> 18 | L34: =AVERAGE([23]Brewhouse!$AU$341:$AU$346,[23]Brewhouse!$AU$348,[23]Brewhouse!$AU$349:$AU$358) -> 98.010658 | M34: =AVERAGE([23]Brewhouse!$AU$102:$AU$171,[23]Brewhouse!$AU$173:$AU$253,[23]Brewhouse!$AU$255:$AU$339,[23]Brewhouse!$AU$341:$AU$346,[23]Brewhouse!$AU$348,[23]Brewhouse!$AU$349:$AU$358) -> 96.870382 | N34: 98
I35: STAG | J35: =AVERAGE(J10:J13) -> 100.30821 | K35: =COUNTA([24]Brewhouse!$A$142:$A$157) -> 16 | L35: =AVERAGE([24]Brewhouse!$AS$142:$AS$157) -> 99.057124 | M35: =AVERAGE([24]Brewhouse!$AS$15:$AS$64,[24]Brewhouse!$AS$66:$AS$103,[24]Brewhouse!$AS$105:$AS$140,[24]Brewhouse!$AS$142:$AS$149) -> 96.815001 | N35: 98
I36: GUINNESS | K36: =COUNTA([22]Brewhouse!$A$37) -> 1 | L36: =AVERAGE([22]Brewhouse!$AU$37) -> 96.214668 | M36: =AVERAGE([22]Brewhouse!$AU$4:$AU$7,[22]Brewhouse!$AU$9:$AU$22,[22]Brewhouse!$AU$24:$AU$35,[22]Brewhouse!$AU$37) -> 96.767265 | N36: 98
I37: VITAMALT | M37: =AVERAGE([25]Brewhouse!$AV$5:$AV$14,[25]Brewhouse!$AV$16:$AV$19,[25]Brewhouse!$AV$21:$AV$24) -> 98.616017 | N37: 98
I38: MAXIMALT | N38: 98
I39: MACKESON | M39: =AVERAGE([26]Brewhouse!$AT$4:$AT$11) -> 94.812617 | N39: 98
I40: STARMALT | K40: =COUNTA([27]Brewhouse!$A$31:$A$34) -> 4 | L40: =AVERAGE([27]Brewhouse!$AY$31:$AY$34) -> 98.653229 | M40: =AVERAGE([27]Brewhouse!$AY$6:$AY$13,[27]Brewhouse!$AY$15:$AY$20,[27]Brewhouse!$AY$22:$AY$29,[27]Brewhouse!$AY$31:$AY$34) -> 96.120888 | N40: 98
I41: HR- Pils | M41: =AVERAGE([28]Brewhouse!$AU$5:$AU$8) -> 91.006888 | N41: 98
I42: HR- IPA | N42: 98
I43: HR- APA | N43: 98
K44: =SUM(K34:K43) -> 39 | L44: =((L34*K34)+(L35*K35)+(L36*K36)+(L37*K37)+(L38*K38)+(K41*L41)+(L39*K39)+(L40*K40)+(L43*K43))/(K44) -> 98.459831 | M44: =AVERAGE('[29]Jan 31st'!$L$65,'[30]Feb 28th'!$L$35,'[31]Mar. 31st'!$L$35,L44) -> 97.156262 | N44: 98
J46: Daily Brewing Plan
J47: Brand | K47: Brews Achieved | L47: Average Brews per day
J48: CARIB | K48: 2 | L48: MTD | M48: YTD | N48: TARGET
J49: STAG | K49: 4 | L49: =AVERAGE('Apr. 1st'!K49,'Apr. 10th '!K58,'Apr. 3rd'!K49,'Apr. 4th'!K49,'Apr. 7th '!K50,'Apr. 8th '!K60,'Apr. 9th '!K50) -> 5.5714286 | M49: =AVERAGE('[29]Jan 29th '!$M$70,'[30]Feb 28th'!$L$40,'[31]Mar. 31st'!$L$40,L49) -> 6.3466914 | N49: 9.2
J50: GUINN
J51: VITAMALT
J52: STARMALT
J53: MACKESON
J54: HURRICANE REEF- IPA
J55: HURRICANE REEF- APA
B56: AVERAGE | D56: =AVERAGE(D34:E55) -> #DIV/0! | J56: HR- PILSNER
J57: CARIBE
J58: Total | K58: =SUM(K48:K57) -> 6
B59: Process: | C59: Fermentation/Filtration
B61: Brand | C61: Filt. Date | D61: FV Hls | E61: GFE/ Prim/ Vita Blend (Hls) | F61: SV Hls | G61: BBT Hls | H61: Loss (%) Ferm | I61: Loss (%) Filt | J61: Comments | K61: Throughput | L61: Process Loss (%) | M61: Filt. Operator
T62: 43466 | U62: 43467 | V62: 43468 | W62: 43469 | X62: 43470 | Y62: 43471 | Z62: 43472 | AA62: 43473 | AB62: 43474 | AC62: 43475 | AD62: 43476 | AE62: 43477 | AF62: 43478 | AG62: 43479 | AH62: 43480 | AI62: 43481 | AJ62: 43482 | AK62: 43483 | AL62: 43484 | AM62: 43485 | AN62: 43486 | AO62: 43487 | AP62: 43488 | AQ62: 43489 | AR62: 43490 | AS62: 43491 | AT62: 43492 | AU62: 43493 | AV62: 43494 | AW62: 43495 | AX62: 43496
B63: =B71 -> CARIB | C63: 45756 | J63: NO BREAK | L63: =(((D63+E63)-G63)/(D63+E63))*100 -> #DIV/0! | M63: R. Regis | S63: hls
B65: =J52 -> STARMALT | C65: 45756 | J65: NO BREAK - Water added | L65: =(((D65+E65)-G65)/(D65+E65))*100 -> #DIV/0! | M65: J. Nelson
S66: Throughput | T66: =[20]January_2019!D8 -> #DIV/0! | U66: =[20]January_2019!E8 -> 1.0319298 | V66: =[20]January_2019!F8 -> 1.7789474 | W66: =[20]January_2019!G8 -> 0.51929825 | X66: =[20]January_2019!H8 -> #DIV/0! | Y66: =[20]January_2019!I8 -> #DIV/0! | Z66: =[20]January_2019!J8 -> 1.3652632 | AA66: =[20]January_2019!K8 -> #DIV/0! | ... AX66: =[20]January_2019!AH8 -> #DIV/0!
B69: Process Loss (Volume) | G69: Process Loss (Extract) | K69: Throughput
B70: Brand | C70: Actual | D70: MTD | E70: YTD | F70: Target | G70: Actual | H70: MTD | I70: YTD | J70: Target | L70: MTD | M70: YTD | N70: Target
B71: CARIB | D71: 7.5171319 | E71: 7.08852 | F71: 4.8 | H71: 6.8820267 | I71: 7.6296668 | J71: 4.8 | L71: 0.66596491 | M71: 0.76460102 | N71: 1
B72: STAG | D72: 3.04 | E72: 6.1450503 | F72: 4.8 | H72: 3.3848422 | I72: 7.1307631 | J72: 4.8 | L72: 1.0315789 | M72: 0.74532724 | N72: 1
B73: GUINN | D73: 10.826845 | E73: 13.125604 | F73: 5.5 | H73: 10.823248 | I73: 13.879185 | J73: 5.5 | L73: 0.42192982 | M73: 0.51242364 | N73: 1
B74: VITAMALT | E74: 3.9190537 | F74: 3.3 | I74: 6.2094378 | J74: 3.3 | M74: 0.75184211 | N74: 1
B75: MAXIMALT | F75: 3.3 | J75: 3 | N75: 1
B76: MACKESON | E76: 8.7664671 | F76: =[21]May_2022!$M$43 -> 3.4878407 | I76: 10.607236 | J76: 5.5 | M76: 0.66824561 | N76: 1
B77: STARMALT | D77: 0.39 | E77: 1.8560729 | F77: 3.3 | H77: 3.9053322 | I77: 4.5764572 | J77: 3.3 | L77: 0.71754386 | M77: 0.83594855 | N77: 1
B78: HURRICANE REEF | F78: 7.5 | J78: 7.5 | N78: 1
B79: HURRICANE REEF PILS | E79: 4.8792509 | F79: 4.8 | I79: 6.2003724 | J79: 4.8 | M79: 0.33859649 | N79: 1
D80: 6.4665878 | E80: 6.9124987 | F80: 5.5 | H80: 6.1895785 | I80: 7.9721082 | J80: 5.5 | L80: 0.71984211 | M80: 0.73153315 | N80: 1
AC92: :

Sheet Apr. 11-12-13th
S1: P.G. | U1: Hot Time | W1: Process Time | Y1: Cooling Time
B2: Brewing Department Daily Process Loss Report | S2: Lower | T2: Upper | U2: Lower | V2: Upper | W2: Lower | X2: Upper | Y2: Lower | Z2: Upper
R3: CARIB | S3: 11.6 | T3: 12 | U3: 0 | V3: 0.11805556 | W3: 0.22569444 | X3: 0.26388889 | Y3: 0 | Z3: 60 | AB3: HR- PISNER
B4: Date: | C4: 45761 | J4: LOT WORT COLOUR: 3.6 | M4: Filter Sheets (Target 20 days) | R4: STAG | S4: 11.6 | T4: 12 | U4: 0 | V4: 0.11805556 | W4: 0.22569444 | X4: 0.26388889 | Y4: 0 | Z4: 60
M5: Double | N5: Single | R5: GUINNESS | S5: 17 | T5: 17.5 | U5: 0 | V5: 0.10763889 | W5: 0.24652778 | X5: 0.28472222 | Y5: 0 | Z5: 60
J6: MALT LOT: Lot 33 | L6: Sheet Day | M6: 12 | N6: 10 | R6: MACKESON | S6: 13.3 | T6: 13.5 | U6: 0 | V6: 0.12905093 | W6: 0.27430556 | X6: 0.30208333 | Y6: 0
R7: STARMALT | S7: 17.1 | T7: 17.5 | U7: 0 | V7: 0.13605324 | W7: 0.27430556 | X7: 0.30902778 | Y7: 0 | Z7: 60
B8: Brand | C8: Brew no. | D8: Kett. Hls | E8: Wort | F8: Cool Time(Mins) | G8: Cast. P.G. (Lab Result) | H8: Cast P.G. (Cellar Operator)-gravity | I8: (Cellar Operator vol) Extr. Rec | J8: Extr. Rec (78.5%) | K8: Theor. Extr. (77.5%) | L8: Boil Off /Vol. (4-6%) | M8: Boil Time | N8: Total Hot | O8: Brewing | P8: Operator | Q8: Actual Pilsen Malt | R8: Hurricane Reef | S8: 16.6 | T8: 17 | U8: 0 | V8: 0.12905093 | W8: 0.27430556 | X8: 0.30208333 | Y8: 0
E9: Meter (Hls) | F9: Target(< 60Mins) | N9: Time | R9: VITAMALT | S9: 14.4 | T9: 14.6 | U9: 0 | V9: 0.13905093 | W9: 0.26041667 | X9: 0.29513889 | Y9: 0 | Z9: 75
S10: =B10 -> 0 | T10: =VLOOKUP($B10,$R$3:$X$9,2,FALSE) -> #N/A | U10: =VLOOKUP($B10,$R$3:$X$9,3,FALSE) -> #N/A | V10: =VLOOKUP($B10,$R$3:$X$9,4,FALSE) -> #N/A | W10: =VLOOKUP($B10,$R$3:$X$9,5,FALSE) -> #N/A | X10: =VLOOKUP($B10,$R$3:$X$9,6,FALSE) -> #N/A | Y10: =VLOOKUP($B10,$R$3:$X$9,7,FALSE) -> #N/A | Z10: =VLOOKUP($B10,$R$3:$Z$9,8,FALSE) -> #N/A | AA10: =VLOOKUP($B10,$R$3:$Z$9,9,FALSE) -> #N/A
S11: =B11 -> 0 | T11: =VLOOKUP($B11,$R$3:$X$9,2,FALSE) -> #N/A | U11: =VLOOKUP($B11,$R$3:$X$9,3,FALSE) -> #N/A | V11: =VLOOKUP($B11,$R$3:$X$9,4,FALSE) -> #N/A | W11: =VLOOKUP($B11,$R$3:$X$9,5,FALSE) -> #N/A | X11: =VLOOKUP($B11,$R$3:$X$9,6,FALSE) -> #N/A | Y11: =VLOOKUP($B11,$R$3:$X$9,7,FALSE) -> #N/A | Z11: =VLOOKUP($B11,$R$3:$Z$9,8,FALSE) -> #N/A | AA11: =VLOOKUP($B11,$R$3:$Z$9,9,FALSE) -> #N/A
S12: =B12 -> 0 | T12: =VLOOKUP($B12,$R$3:$X$9,2,FALSE) -> #N/A | U12: =VLOOKUP($B12,$R$3:$X$9,3,FALSE) -> #N/A | V12: =VLOOKUP($B12,$R$3:$X$9,4,FALSE) -> #N/A | W12: =VLOOKUP($B12,$R$3:$X$9,5,FALSE) -> #N/A | X12: =VLOOKUP($B12,$R$3:$X$9,6,FALSE) -> #N/A | Y12: =VLOOKUP($B12,$R$3:$X$9,7,FALSE) -> #N/A | Z12: =VLOOKUP($B12,$R$3:$Z$9,8,FALSE) -> #N/A | AA12: =VLOOKUP($B12,$R$3:$Z$9,9,FALSE) -> #N/A
S13: =B13 -> 0 | T13: =VLOOKUP($B13,$R$3:$X$9,2,FALSE) -> #N/A | U13: =VLOOKUP($B13,$R$3:$X$9,3,FALSE) -> #N/A | V13: =VLOOKUP($B13,$R$3:$X$9,4,FALSE) -> #N/A | W13: =VLOOKUP($B13,$R$3:$X$9,5,FALSE) -> #N/A | X13: =VLOOKUP($B13,$R$3:$X$9,6,FALSE) -> #N/A | Y13: =VLOOKUP($B13,$R$3:$X$9,7,FALSE) -> #N/A | Z13: =VLOOKUP($B13,$R$3:$Z$9,8,FALSE) -> #N/A | AA13: =VLOOKUP($B13,$R$3:$Z$9,9,FALSE) -> #N/A
S14: =B14 -> 0 | T14: =VLOOKUP($B14,$R$3:$X$9,2,FALSE) -> #N/A | U14: =VLOOKUP($B14,$R$3:$X$9,3,FALSE) -> #N/A | V14: =VLOOKUP($B14,$R$3:$X$9,4,FALSE) -> #N/A | W14: =VLOOKUP($B14,$R$3:$X$9,5,FALSE) -> #N/A | X14: =VLOOKUP($B14,$R$3:$X$9,6,FALSE) -> #N/A | Y14: =VLOOKUP($B14,$R$3:$X$9,7,FALSE) -> #N/A | Z14: =VLOOKUP($B14,$R$3:$Z$9,8,FALSE) -> #N/A | AA14: =VLOOKUP($B14,$R$3:$Z$9,9,FALSE) -> #N/A
S15: =B15 -> 0 | T15: =VLOOKUP($B15,$R$3:$X$9,2,FALSE) -> #N/A | U15: =VLOOKUP($B15,$R$3:$X$9,3,FALSE) -> #N/A | V15: =VLOOKUP($B15,$R$3:$X$9,4,FALSE) -> #N/A | W15: =VLOOKUP($B15,$R$3:$X$9,5,FALSE) -> #N/A | X15: =VLOOKUP($B15,$R$3:$X$9,6,FALSE) -> #N/A | Y15: =VLOOKUP($B15,$R$3:$X$9,7,FALSE) -> #N/A | Z15: =VLOOKUP($B15,$R$3:$Z$9,8,FALSE) -> #N/A | AA15: =VLOOKUP($B15,$R$3:$Z$9,9,FALSE) -> #N/A
S16: =B16 -> 0 | T16: =VLOOKUP($B16,$R$3:$X$9,2,FALSE) -> #N/A | U16: =VLOOKUP($B16,$R$3:$X$9,3,FALSE) -> #N/A | V16: =VLOOKUP($B16,$R$3:$X$9,4,FALSE) -> #N/A | W16: =VLOOKUP($B16,$R$3:$X$9,5,FALSE) -> #N/A | X16: =VLOOKUP($B16,$R$3:$X$9,6,FALSE) -> #N/A | Y16: =VLOOKUP($B16,$R$3:$X$9,7,FALSE) -> #N/A | Z16: =VLOOKUP($B16,$R$3:$Z$9,8,FALSE) -> #N/A | AA16: =VLOOKUP($B16,$R$3:$Z$9,9,FALSE) -> #N/A
B17: 11th April 2025 | S17: =B17 -> 11th April 2025 | T17: =VLOOKUP($B17,$R$3:$X$9,2,FALSE) -> #N/A | U17: =VLOOKUP($B17,$R$3:$X$9,3,FALSE) -> #N/A | V17: =VLOOKUP($B17,$R$3:$X$9,4,FALSE) -> #N/A | W17: =VLOOKUP($B17,$R$3:$X$9,5,FALSE) -> #N/A | X17: =VLOOKUP($B17,$R$3:$X$9,6,FALSE) -> #N/A | Y17: =VLOOKUP($B17,$R$3:$X$9,7,FALSE) -> #N/A | Z17: =VLOOKUP($B17,$R$3:$Z$9,8,FALSE) -> #N/A | AA17: =VLOOKUP($B17,$R$3:$Z$9,9,FALSE) -> #N/A
B18: CARIB | C18: =[23]Brewhouse!$A359 -> CA255 | D18: =[23]Brewhouse!$AF359 -> 54.2 | E18: =[23]Brewhouse!$AI359 -> 50.8 | F18: =[23]Brewhouse!$V359 -> 59 | G18: =[23]Brewhouse!$AG359 -> 11.9 | H18: 11.8 | I18: =[23]Brewhouse!AY359 -> 97.630039 | J18: =[23]Brewhouse!$AU359 -> 99.271537 | K18: =[23]Brewhouse!$AV359 -> 100.4489 | L18: =[23]Brewhouse!$Q359 -> 5.981982 | M18: =[23]Brewhouse!$P359 -> 61 | N18: =[23]Brewhouse!$U359-[23]Brewhouse!$T359 -> 0.10902778 | O18: =[23]Brewhouse!$Z359 -> 0.25625 | P18: =[23]Brewhouse!$AX359 -> K.Benjamin | S18: =B18 -> CARIB | T18: =VLOOKUP($B18,$R$3:$X$9,2,FALSE) -> 11.6 | U18: =VLOOKUP($B18,$R$3:$X$9,3,FALSE) -> 12 | V18: =VLOOKUP($B18,$R$3:$X$9,4,FALSE) -> 0 | W18: =VLOOKUP($B18,$R$3:$X$9,5,FALSE) -> 0.11805556 | X18: =VLOOKUP($B18,$R$3:$X$9,6,FALSE) -> 0.22569444 | Y18: =VLOOKUP($B18,$R$3:$X$9,7,FALSE) -> 0.26388889 | Z18: =VLOOKUP($B18,$R$3:$Z$9,8,FALSE) -> 0 | AA18: =VLOOKUP($B18,$R$3:$Z$9,9,FALSE) -> 60
B19: CARIB | C19: =[23]Brewhouse!$A360 -> CA256 | D19: =[23]Brewhouse!$AF360 -> 53.5 | E19: =[23]Brewhouse!$AI360 -> 50.3 | F19: =[23]Brewhouse!$V360 -> 68 | G19: =[23]Brewhouse!$AG360 -> 11.8 | H19: 11.6 | I19: =[23]Brewhouse!AY360 -> 96.688365 | J19: =[23]Brewhouse!$AU360 -> 98.251006 | K19: =[23]Brewhouse!$AV360 -> 99.466121 | L19: =[23]Brewhouse!$Q360 -> 6.2969589 | M19: =[23]Brewhouse!$P360 -> 60 | N19: =[23]Brewhouse!$U360-[23]Brewhouse!$T360 -> 0.11111111 | O19: =[23]Brewhouse!$Z360 -> 0.27708333 | P19: =[23]Brewhouse!$AX360 -> R. Regis | S19: =B19 -> CARIB | T19: =VLOOKUP($B19,$R$3:$X$9,2,FALSE) -> 11.6 | U19: =VLOOKUP($B19,$R$3:$X$9,3,FALSE) -> 12 | V19: =VLOOKUP($B19,$R$3:$X$9,4,FALSE) -> 0 | W19: =VLOOKUP($B19,$R$3:$X$9,5,FALSE) -> 0.11805556 | X19: =VLOOKUP($B19,$R$3:$X$9,6,FALSE) -> 0.22569444 | Y19: =VLOOKUP($B19,$R$3:$X$9,7,FALSE) -> 0.26388889 | Z19: =VLOOKUP($B19,$R$3:$Z$9,8,FALSE) -> 0 | AA19: =VLOOKUP($B19,$R$3:$Z$9,9,FALSE) -> 60
B20: CARIB | C20: =[23]Brewhouse!$A361 -> CA257 | D20: =[23]Brewhouse!$AF361 -> 53.9 | E20: =[23]Brewhouse!$AI361 -> 50.5 | F20: =[23]Brewhouse!$V361 -> 56 | G20: =[23]Brewhouse!$AG361 -> 11.8 | H20: 11.7 | I20: =[23]Brewhouse!AY361 -> 96.782967 | J20: =[23]Brewhouse!$AU361 -> 98.519246 | K20: =[23]Brewhouse!$AV361 -> 99.737746 | L20: =[23]Brewhouse!$Q361 -> 5.3736655 | M20: =[23]Brewhouse!$P361 -> 60 | N20: =[23]Brewhouse!$U361-[23]Brewhouse!$T361 -> 0.11875 | O20: =[23]Brewhouse!$Z361 -> 0.27013889 | P20: =[23]Brewhouse!$AX361 -> G. Mason | S20: =B20 -> CARIB | T20: =VLOOKUP($B20,$R$3:$X$9,2,FALSE) -> 11.6 | U20: =VLOOKUP($B20,$R$3:$X$9,3,FALSE) -> 12 | V20: =VLOOKUP($B20,$R$3:$X$9,4,FALSE) -> 0 | W20: =VLOOKUP($B20,$R$3:$X$9,5,FALSE) -> 0.11805556 | X20: =VLOOKUP($B20,$R$3:$X$9,6,FALSE) -> 0.22569444 | Y20: =VLOOKUP($B20,$R$3:$X$9,7,FALSE) -> 0.26388889 | Z20: =VLOOKUP($B20,$R$3:$Z$9,8,FALSE) -> 0 | AA20: =VLOOKUP($B20,$R$3:$Z$9,9,FALSE) -> 60
B21: CARIB | C21: =[23]Brewhouse!$A362 -> CA258 | D21: =[23]Brewhouse!$AF362 -> 54.1 | E21: =[23]Brewhouse!$AI362 -> 50.7 | F21: =[23]Brewhouse!$V362 -> 63 | G21: =[23]Brewhouse!$AG362 -> 11.9 | I21: =[23]Brewhouse!AY362 -> 97.482469 | J21: =[23]Brewhouse!$AU362 -> 99.544032 | K21: =[23]Brewhouse!$AV362 -> 100.77534 | L21: =[23]Brewhouse!$Q362 -> 4.8484848 | M21: =[23]Brewhouse!$P362 -> 62 | N21: =[23]Brewhouse!$U362-[23]Brewhouse!$T362 -> 0.10694444 | O21: =[23]Brewhouse!$Z362 -> 0.24513889 | P21: =[23]Brewhouse!$AX362 -> G. Mason | S21: =B21 -> CARIB | T21: =VLOOKUP($B21,$R$3:$X$9,2,FALSE) -> 11.6 | U21: =VLOOKUP($B21,$R$3:$X$9,3,FALSE) -> 12 | V21: =VLOOKUP($B21,$R$3:$X$9,4,FALSE) -> 0 | W21: =VLOOKUP($B21,$R$3:$X$9,5,FALSE) -> 0.11805556 | X21: =VLOOKUP($B21,$R$3:$X$9,6,FALSE) -> 0.22569444 | Y21: =VLOOKUP($B21,$R$3:$X$9,7,FALSE) -> 0.26388889 | Z21: =VLOOKUP($B21,$R$3:$Z$9,8,FALSE) -> 0 | AA21: =VLOOKUP($B21,$R$3:$Z$9,9,FALSE) -> 60
S22: =B22 -> 0 | T22: =VLOOKUP($B22,$R$3:$X$9,2,FALSE) -> #N/A | U22: =VLOOKUP($B22,$R$3:$X$9,3,FALSE) -> #N/A | V22: =VLOOKUP($B22,$R$3:$X$9,4,FALSE) -> #N/A | W22: =VLOOKUP($B22,$R$3:$X$9,5,FALSE) -> #N/A | X22: =VLOOKUP($B22,$R$3:$X$9,6,FALSE) -> #N/A | Y22: =VLOOKUP($B22,$R$3:$X$9,7,FALSE) -> #N/A | Z22: =VLOOKUP($B22,$R$3:$Z$9,8,FALSE) -> #N/A | AA22: =VLOOKUP($B22,$R$3:$Z$9,9,FALSE) -> #N/A
B23: 12th April 2025 | S23: =B23 -> 12th April 2025 | T23: =VLOOKUP($B23,$R$3:$X$9,2,FALSE) -> #N/A | U23: =VLOOKUP($B23,$R$3:$X$9,3,FALSE) -> #N/A | V23: =VLOOKUP($B23,$R$3:$X$9,4,FALSE) -> #N/A | W23: =VLOOKUP($B23,$R$3:$X$9,5,FALSE) -> #N/A | X23: =VLOOKUP($B23,$R$3:$X$9,6,FALSE) -> #N/A | Y23: =VLOOKUP($B23,$R$3:$X$9,7,FALSE) -> #N/A | Z23: =VLOOKUP($B23,$R$3:$Z$9,8,FALSE) -> #N/A | AA23: =VLOOKUP($B23,$R$3:$Z$9,9,FALSE) -> #N/A
B24: STAG | C24: =[24]Brewhouse!$A158 -> ST141 | D24: =[24]Brewhouse!$AD158 -> 53.1 | E24: =[24]Brewhouse!$AG158 -> 49.4 | F24: =[24]Brewhouse!$V158 -> 46 | G24: =[24]Brewhouse!$AE158 -> 11.77 | H24: 11.7 | I24: =[24]Brewhouse!AX158 -> 96.081358 | J24: =[24]Brewhouse!$AS158 -> 97.163133 | K24: =[24]Brewhouse!$AT158 -> 98.312586 | L24: =[24]Brewhouse!$Q158 -> 6.5298507 | M24: =[24]Brewhouse!$P158 -> 61 | N24: =[24]Brewhouse!$U158-[24]Brewhouse!$T158 -> 0.10416667 | O24: =[24]Brewhouse!$AW158 -> 0.24027778 | P24: =[24]Brewhouse!$AV158 -> K. Benjamin | S24: =B24 -> STAG | T24: =VLOOKUP($B24,$R$3:$X$9,2,FALSE) -> 11.6 | U24: =VLOOKUP($B24,$R$3:$X$9,3,FALSE) -> 12 | V24: =VLOOKUP($B24,$R$3:$X$9,4,FALSE) -> 0 | W24: =VLOOKUP($B24,$R$3:$X$9,5,FALSE) -> 0.11805556 | X24: =VLOOKUP($B24,$R$3:$X$9,6,FALSE) -> 0.22569444 | Y24: =VLOOKUP($B24,$R$3:$X$9,7,FALSE) -> 0.26388889 | Z24: =VLOOKUP($B24,$R$3:$Z$9,8,FALSE) -> 0 | AA24: =VLOOKUP($B24,$R$3:$Z$9,9,FALSE) -> 60
B25: STAG | C25: =[24]Brewhouse!$A159 -> ST142 | D25: =[24]Brewhouse!$AD159 -> 52.9 | E25: =[24]Brewhouse!$AG159 -> 49.5 | F25: =[24]Brewhouse!$V159 -> 62 | G25: =[24]Brewhouse!$AE159 -> 12.13 | H25: 11.9 | I25: =[24]Brewhouse!AX159 -> 98.674108 | J25: =[24]Brewhouse!$AS159 -> 99.680986 | K25: =[24]Brewhouse!$AT159 -> 101.01976 | L25: =[24]Brewhouse!$Q159 -> 5.8394161 | M25: =[24]Brewhouse!$P159 -> 60 | N25: =[24]Brewhouse!$U159-[24]Brewhouse!$T159 -> 0.12847222 | O25: =[24]Brewhouse!$AW159 -> 0.25833333 | P25: =[24]Brewhouse!$AV159 -> K. Benjamin | S25: =B25 -> STAG | T25: =VLOOKUP($B25,$R$3:$X$9,2,FALSE) -> 11.6 | U25: =VLOOKUP($B25,$R$3:$X$9,3,FALSE) -> 12 | V25: =VLOOKUP($B25,$R$3:$X$9,4,FALSE) -> 0 | W25: =VLOOKUP($B25,$R$3:$X$9,5,FALSE) -> 0.11805556 | X25: =VLOOKUP($B25,$R$3:$X$9,6,FALSE) -> 0.22569444 | Y25: =VLOOKUP($B25,$R$3:$X$9,7,FALSE) -> 0.26388889 | Z25: =VLOOKUP($B25,$R$3:$Z$9,8,FALSE) -> 0 | AA25: =VLOOKUP($B25,$R$3:$Z$9,9,FALSE) -> 60
B26: STAG | C26: =[24]Brewhouse!$A160 -> ST143 | D26: =[24]Brewhouse!$AD160 -> 54.2 | E26: =[24]Brewhouse!$AG160 -> 50.7 | F26: =[24]Brewhouse!$V160 -> 56 | G26: =[24]Brewhouse!$AE160 -> 11.86 | H26: 11.8 | I26: =[24]Brewhouse!AX160 -> 95.536016 | J26: =[24]Brewhouse!$AS160 -> 100.32469 | K26: =[24]Brewhouse!$AT160 -> 101.67211 | L26: =[24]Brewhouse!$Q160 -> 6.4102564 | M26: =[24]Brewhouse!$P160 -> 60 | N26: =[24]Brewhouse!$U160-[24]Brewhouse!$T160 -> 0.11875 | O26: =[24]Brewhouse!$AW160 -> 0.26458333 | P26: =[24]Brewhouse!$AV160 -> K. Benjamin | S26: =B26 -> STAG | T26: =VLOOKUP($B26,$R$3:$X$9,2,FALSE) -> 11.6 | U26: =VLOOKUP($B26,$R$3:$X$9,3,FALSE) -> 12 | V26: =VLOOKUP($B26,$R$3:$X$9,4,FALSE) -> 0 | W26: =VLOOKUP($B26,$R$3:$X$9,5,FALSE) -> 0.11805556 | X26: =VLOOKUP($B26,$R$3:$X$9,6,FALSE) -> 0.22569444 | Y26: =VLOOKUP($B26,$R$3:$X$9,7,FALSE) -> 0.26388889 | Z26: =VLOOKUP($B26,$R$3:$Z$9,8,FALSE) -> 0 | AA26: =VLOOKUP($B26,$R$3:$Z$9,9,FALSE) -> 60
B27: STAG | C27: =[24]Brewhouse!$A161 -> ST144 | D27: =[24]Brewhouse!$AD161 -> 54.4 | E27: =[24]Brewhouse!$AG161 -> 50.9 | F27: =[24]Brewhouse!$V161 -> 61 | G27: =[24]Brewhouse!$AE161 -> 11.7 | H27: 11.7 | I27: =[24]Brewhouse!AX161 -> 98.500326 | J27: =[24]Brewhouse!$AS161 -> 99.064742 | K27: =[24]Brewhouse!$AT161 -> 100.39481 | L27: =[24]Brewhouse!$Q161 -> 6.3405797 | M27: =[24]Brewhouse!$P161 -> 60 | N27: =[24]Brewhouse!$U161-[24]Brewhouse!$T161 -> 0.11111111 | O27: =[24]Brewhouse!$AW161 -> 0.24375 | P27: =[24]Brewhouse!$AV161 -> K. Benjamin | S27: =B27 -> STAG | T27: =VLOOKUP($B27,$R$3:$X$9,2,FALSE) -> 11.6 | U27: =VLOOKUP($B27,$R$3:$X$9,3,FALSE) -> 12 | V27: =VLOOKUP($B27,$R$3:$X$9,4,FALSE) -> 0 | W27: =VLOOKUP($B27,$R$3:$X$9,5,FALSE) -> 0.11805556 | X27: =VLOOKUP($B27,$R$3:$X$9,6,FALSE) -> 0.22569444 | Y27: =VLOOKUP($B27,$R$3:$X$9,7,FALSE) -> 0.26388889 | Z27: =VLOOKUP($B27,$R$3:$Z$9,8,FALSE) -> 0 | AA27: =VLOOKUP($B27,$R$3:$Z$9,9,FALSE) -> 60
B28: STAG | C28: =[24]Brewhouse!$A162 -> ST145 | D28: =[24]Brewhouse!$AD162 -> 53.8 | E28: =[24]Brewhouse!$AG162 -> 50.3 | F28: =[24]Brewhouse!$V162 -> 62 | G28: =[24]Brewhouse!$AE162 -> 11.68 | H28: 11.7 | I28: =[24]Brewhouse!AX162 -> 96.792238 | J28: =[24]Brewhouse!$AS162 -> 98.019923 | K28: =[24]Brewhouse!$AT162 -> 99.335529 | L28: =[24]Brewhouse!$Q162 -> 3.8181818 | M28: =[24]Brewhouse!$P162 -> 62 | N28: =[24]Brewhouse!$U162-[24]Brewhouse!$T162 -> 0.10902778 | O28: =[24]Brewhouse!$AW162 -> 0.26527778 | P28: =[24]Brewhouse!$AV162 -> D. Gomaz | S28: =B28 -> STAG | T28: =VLOOKUP($B28,$R$3:$X$9,2,FALSE) -> 11.6 | U28: =VLOOKUP($B28,$R$3:$X$9,3,FALSE) -> 12 | V28: =VLOOKUP($B28,$R$3:$X$9,4,FALSE) -> 0 | W28: =VLOOKUP($B28,$R$3:$X$9,5,FALSE) -> 0.11805556 | X28: =VLOOKUP($B28,$R$3:$X$9,6,FALSE) -> 0.22569444 | Y28: =VLOOKUP($B28,$R$3:$X$9,7,FALSE) -> 0.26388889 | Z28: =VLOOKUP($B28,$R$3:$Z$9,8,FALSE) -> 0 | AA28: =VLOOKUP($B28,$R$3:$Z$9,9,FALSE) -> 60
B29: STAG | C29: =[24]Brewhouse!$A163 -> ST146 | D29: =[24]Brewhouse!$AD163 -> 54.3 | E29: =[24]Brewhouse!$AG163 -> 51.2 | F29: =[24]Brewhouse!$V163 -> 64 | G29: =[24]Brewhouse!$AE163 -> 11.71 | H29: 11.7 | I29: =[24]Brewhouse!AX163 -> 98.351203 | J29: =[24]Brewhouse!$AS163 -> 99.773758 | K29: =[24]Brewhouse!$AT163 -> 101.1129 | L29: =[24]Brewhouse!$Q163 -> 5.0632911 | M29: =[24]Brewhouse!$P163 -> 61 | N29: =[24]Brewhouse!$U163-[24]Brewhouse!$T163 -> 0.10972222 | O29: =[24]Brewhouse!$AW163 -> 0.25763889 | P29: =[24]Brewhouse!$AV163 -> D. Gomaz | S29: =B29 -> STAG | T29: =VLOOKUP($B29,$R$3:$X$9,2,FALSE) -> 11.6 | U29: =VLOOKUP($B29,$R$3:$X$9,3,FALSE) -> 12 | V29: =VLOOKUP($B29,$R$3:$X$9,4,FALSE) -> 0 | W29: =VLOOKUP($B29,$R$3:$X$9,5,FALSE) -> 0.11805556 | X29: =VLOOKUP($B29,$R$3:$X$9,6,FALSE) -> 0.22569444 | Y29: =VLOOKUP($B29,$R$3:$X$9,7,FALSE) -> 0.26388889 | Z29: =VLOOKUP($B29,$R$3:$Z$9,8,FALSE) -> 0 | AA29: =VLOOKUP($B29,$R$3:$Z$9,9,FALSE) -> 60
B30: STAG | C30: =[24]Brewhouse!$A164 -> ST147 | D30: =[24]Brewhouse!$AD164 -> 53.4 | E30: =[24]Brewhouse!$AG164 -> 50.1 | F30: =[24]Brewhouse!$V164 -> 62 | G30: =[24]Brewhouse!$AE164 -> 11.69 | H30: 11.6 | I30: =[24]Brewhouse!AX164 -> 97.799671 | J30: =[24]Brewhouse!$AS164 -> 97.507732 | K30: =[24]Brewhouse!$AT164 -> 98.816893 | L30: =[24]Brewhouse!$Q164 -> 5.2727273 | M30: =[24]Brewhouse!$P164 -> 61 | N30: =[24]Brewhouse!$U164-[24]Brewhouse!$T164 -> 0.11111111 | O30: =[24]Brewhouse!$AW164 -> 0.24652778 | P30: =[24]Brewhouse!$AV164 -> D. Gomaz | S30: =B30 -> STAG | T30: =VLOOKUP($B30,$R$3:$X$9,2,FALSE) -> 11.6 | U30: =VLOOKUP($B30,$R$3:$X$9,3,FALSE) -> 12 | V30: =VLOOKUP($B30,$R$3:$X$9,4,FALSE) -> 0 | W30: =VLOOKUP($B30,$R$3:$X$9,5,FALSE) -> 0.11805556 | X30: =VLOOKUP($B30,$R$3:$X$9,6,FALSE) -> 0.22569444 | Y30: =VLOOKUP($B30,$R$3:$X$9,7,FALSE) -> 0.26388889 | Z30: =VLOOKUP($B30,$R$3:$Z$9,8,FALSE) -> 0 | AA30: =VLOOKUP($B30,$R$3:$Z$9,9,FALSE) -> 60
B31: STAG | C31: =[24]Brewhouse!$A165 -> ST148 | D31: =[24]Brewhouse!$AD165 -> 53.4 | E31: =[24]Brewhouse!$AG165 -> 50.2 | F31: =[24]Brewhouse!$V165 -> 62 | G31: =[24]Brewhouse!$AE165 -> 11.8 | H31: 11.8 | J31: =[24]Brewhouse!$AS165 -> 98.58112 | K31: =[24]Brewhouse!$AT165 -> 99.904693 | L31: =[24]Brewhouse!$Q165 -> 5.3211009 | M31: =[24]Brewhouse!$P165 -> 61 | N31: =[24]Brewhouse!$U165-[24]Brewhouse!$T165 -> 0.10833333 | O31: =[24]Brewhouse!$AW165 -> 0.23958333 | P31: =[24]Brewhouse!$AV165 -> D. Gomaz | S31: =B31 -> STAG | T31: =VLOOKUP($B31,$R$3:$X$9,2,FALSE) -> 11.6 | U31: =VLOOKUP($B31,$R$3:$X$9,3,FALSE) -> 12 | V31: =VLOOKUP($B31,$R$3:$X$9,4,FALSE) -> 0 | W31: =VLOOKUP($B31,$R$3:$X$9,5,FALSE) -> 0.11805556 | X31: =VLOOKUP($B31,$R$3:$X$9,6,FALSE) -> 0.22569444 | Y31: =VLOOKUP($B31,$R$3:$X$9,7,FALSE) -> 0.26388889 | Z31: =VLOOKUP($B31,$R$3:$Z$9,8,FALSE) -> 0 | AA31: =VLOOKUP($B31,$R$3:$Z$9,9,FALSE) -> 60
S32: =B32 -> 0 | T32: =VLOOKUP($B32,$R$3:$X$9,2,FALSE) -> #N/A | U32: =VLOOKUP($B32,$R$3:$X$9,3,FALSE) -> #N/A | V32: =VLOOKUP($B32,$R$3:$X$9,4,FALSE) -> #N/A | W32: =VLOOKUP($B32,$R$3:$X$9,5,FALSE) -> #N/A | X32: =VLOOKUP($B32,$R$3:$X$9,6,FALSE) -> #N/A | Y32: =VLOOKUP($B32,$R$3:$X$9,7,FALSE) -> #N/A | Z32: =VLOOKUP($B32,$R$3:$Z$9,8,FALSE) -> #N/A | AA32: =VLOOKUP($B32,$R$3:$Z$9,9,FALSE) -> #N/A
B33: 13th April 2025 | S33: =B33 -> 13th April 2025 | T33: =VLOOKUP($B33,$R$3:$X$9,2,FALSE) -> #N/A | U33: =VLOOKUP($B33,$R$3:$X$9,3,FALSE) -> #N/A | V33: =VLOOKUP($B33,$R$3:$X$9,4,FALSE) -> #N/A | W33: =VLOOKUP($B33,$R$3:$X$9,5,FALSE) -> #N/A | X33: =VLOOKUP($B33,$R$3:$X$9,6,FALSE) -> #N/A | Y33: =VLOOKUP($B33,$R$3:$X$9,7,FALSE) -> #N/A | Z33: =VLOOKUP($B33,$R$3:$Z$9,8,FALSE) -> #N/A | AA33: =VLOOKUP($B33,$R$3:$Z$9,9,FALSE) -> #N/A
B34: CARIB | C34: =[23]Brewhouse!$A363 -> CA259 | D34: =[23]Brewhouse!$AF363 -> 53.4 | E34: =[23]Brewhouse!$AI363 -> 49.7 | F34: =[23]Brewhouse!$V363 -> 59 | G34: =[23]Brewhouse!$AG363 -> 11.9 | H34: 11.8 | I34: =[23]Brewhouse!AY363 -> 98.540134 | J34: =[23]Brewhouse!$AU363 -> 96.76832 | K34: =[23]Brewhouse!$AV363 -> 98.273824 | L34: =[23]Brewhouse!$Q363 -> 7.4690265 | M34: =[23]Brewhouse!$P363 -> 56 | N34: =[23]Brewhouse!$U363-[23]Brewhouse!$T363 -> 0.11527778 | O34: =[23]Brewhouse!$Z363 -> 0.26527778 | P34: =[23]Brewhouse!$AX363 -> G. Mason | S34: =B34 -> CARIB | T34: =VLOOKUP($B34,$R$3:$X$9,2,FALSE) -> 11.6 | U34: =VLOOKUP($B34,$R$3:$X$9,3,FALSE) -> 12 | V34: =VLOOKUP($B34,$R$3:$X$9,4,FALSE) -> 0 | W34: =VLOOKUP($B34,$R$3:$X$9,5,FALSE) -> 0.11805556 | X34: =VLOOKUP($B34,$R$3:$X$9,6,FALSE) -> 0.22569444 | Y34: =VLOOKUP($B34,$R$3:$X$9,7,FALSE) -> 0.26388889 | Z34: =VLOOKUP($B34,$R$3:$Z$9,8,FALSE) -> 0 | AA34: =VLOOKUP($B34,$R$3:$Z$9,9,FALSE) -> 60
B35: CARIB | C35: =[23]Brewhouse!$A364 -> CA260 | D35: =[23]Brewhouse!$AF364 -> 54.1 | E35: =[23]Brewhouse!$AI364 -> 50.5 | F35: =[23]Brewhouse!$V364 -> 58 | G35: =[23]Brewhouse!$AG364 -> 12 | H35: 11.8 | I35: =[23]Brewhouse!AY364 -> 99.680758 | J35: =[23]Brewhouse!$AU364 -> 99.07259 | K35: =[23]Brewhouse!$AV364 -> 100.61411 | L35: =[23]Brewhouse!$Q364 -> 6.8336315 | M35: =[23]Brewhouse!$P364 -> 57 | N35: =[23]Brewhouse!$U364-[23]Brewhouse!$T364 -> 0.10694444 | O35: =[23]Brewhouse!$Z364 -> 0.25763889 | P35: =[23]Brewhouse!$AX364 -> G. Mason | S35: =B35 -> CARIB | T35: =VLOOKUP($B35,$R$3:$X$9,2,FALSE) -> 11.6 | U35: =VLOOKUP($B35,$R$3:$X$9,3,FALSE) -> 12 | V35: =VLOOKUP($B35,$R$3:$X$9,4,FALSE) -> 0 | W35: =VLOOKUP($B35,$R$3:$X$9,5,FALSE) -> 0.11805556 | X35: =VLOOKUP($B35,$R$3:$X$9,6,FALSE) -> 0.22569444 | Y35: =VLOOKUP($B35,$R$3:$X$9,7,FALSE) -> 0.26388889 | Z35: =VLOOKUP($B35,$R$3:$Z$9,8,FALSE) -> 0 | AA35: =VLOOKUP($B35,$R$3:$Z$9,9,FALSE) -> 60
B36: CARIB | C36: =[23]Brewhouse!$A365 -> CA261 | D36: =[23]Brewhouse!$AF365 -> 54.1 | E36: =[23]Brewhouse!$AI365 -> 50.9 | F36: =[23]Brewhouse!$V365 -> 57 | G36: =[23]Brewhouse!$AG365 -> 12 | H36: 11.7 | I36: =[23]Brewhouse!AY365 -> 97.522741 | J36: =[23]Brewhouse!$AU365 -> 99.857323 | K36: =[23]Brewhouse!$AV365 -> 101.41106 | L36: =[23]Brewhouse!$Q365 -> 6.7148014 | M36: =[23]Brewhouse!$P365 -> 58 | N36: =[23]Brewhouse!$U365-[23]Brewhouse!$T365 -> 0.11458333 | O36: =[23]Brewhouse!$Z365 -> 0.25347222 | P36: =[23]Brewhouse!$AX365 -> G. Mason | S36: =B36 -> CARIB | T36: =VLOOKUP($B36,$R$3:$X$9,2,FALSE) -> 11.6 | U36: =VLOOKUP($B36,$R$3:$X$9,3,FALSE) -> 12 | V36: =VLOOKUP($B36,$R$3:$X$9,4,FALSE) -> 0 | W36: =VLOOKUP($B36,$R$3:$X$9,5,FALSE) -> 0.11805556 | X36: =VLOOKUP($B36,$R$3:$X$9,6,FALSE) -> 0.22569444 | Y36: =VLOOKUP($B36,$R$3:$X$9,7,FALSE) -> 0.26388889 | Z36: =VLOOKUP($B36,$R$3:$Z$9,8,FALSE) -> 0 | AA36: =VLOOKUP($B36,$R$3:$Z$9,9,FALSE) -> 60
B37: CARIB | C37: =[23]Brewhouse!$A366 -> CA262 | D37: =[23]Brewhouse!$AF366 -> 54.8 | E37: =[23]Brewhouse!$AI366 -> 51.2 | F37: =[23]Brewhouse!$V366 -> 60 | G37: =[23]Brewhouse!$AG366 -> 11.7 | H37: 11.9 | I37: =[23]Brewhouse!AY366 -> 96.472443 | J37: =[23]Brewhouse!$AU366 -> 98.374608 | K37: =[23]Brewhouse!$AV366 -> 99.97085 | L37: =[23]Brewhouse!$Q366 -> 6.4758497 | M37: =[23]Brewhouse!$P366 -> 57 | N37: =[23]Brewhouse!$U366-[23]Brewhouse!$T366 -> 0.10763889 | O37: =[23]Brewhouse!$Z366 -> 0.24791667 | P37: =[23]Brewhouse!$AX366 -> G. Mason | S37: =B37 -> CARIB | T37: =VLOOKUP($B37,$R$3:$X$9,2,FALSE) -> 11.6 | U37: =VLOOKUP($B37,$R$3:$X$9,3,FALSE) -> 12 | V37: =VLOOKUP($B37,$R$3:$X$9,4,FALSE) -> 0 | W37: =VLOOKUP($B37,$R$3:$X$9,5,FALSE) -> 0.11805556 | X37: =VLOOKUP($B37,$R$3:$X$9,6,FALSE) -> 0.22569444 | Y37: =VLOOKUP($B37,$R$3:$X$9,7,FALSE) -> 0.26388889 | Z37: =VLOOKUP($B37,$R$3:$Z$9,8,FALSE) -> 0 | AA37: =VLOOKUP($B37,$R$3:$Z$9,9,FALSE) -> 60
B38: CARIB | C38: =[23]Brewhouse!$A367 -> CA263 | D38: =[23]Brewhouse!$AF367 -> 54.4 | E38: =[23]Brewhouse!$AI367 -> 50.8 | F38: =[23]Brewhouse!$V367 -> 63 | G38: =[23]Brewhouse!$AG367 -> 11.9 | H38: 11.8 | I38: =[23]Brewhouse!AY367 -> 97.138249 | J38: =[23]Brewhouse!$AU367 -> 99.488368 | K38: =[23]Brewhouse!$AV367 -> 101.10053 | L38: =[23]Brewhouse!$Q367 -> 5.5813953 | M38: =[23]Brewhouse!$P367 -> 57 | N38: =[23]Brewhouse!$U367-[23]Brewhouse!$T367 -> 0.10694444 | O38: =[23]Brewhouse!$Z367 -> 0.25347222 | P38: =[23]Brewhouse!$AX367 -> R.Sookram | S38: =B38 -> CARIB | T38: =VLOOKUP($B38,$R$3:$X$9,2,FALSE) -> 11.6 | U38: =VLOOKUP($B38,$R$3:$X$9,3,FALSE) -> 12 | V38: =VLOOKUP($B38,$R$3:$X$9,4,FALSE) -> 0 | W38: =VLOOKUP($B38,$R$3:$X$9,5,FALSE) -> 0.11805556 | X38: =VLOOKUP($B38,$R$3:$X$9,6,FALSE) -> 0.22569444 | Y38: =VLOOKUP($B38,$R$3:$X$9,7,FALSE) -> 0.26388889 | Z38: =VLOOKUP($B38,$R$3:$Z$9,8,FALSE) -> 0 | AA38: =VLOOKUP($B38,$R$3:$Z$9,9,FALSE) -> 60
B39: CARIB | C39: =[23]Brewhouse!$A368 -> CA264 | D39: =[23]Brewhouse!$AF368 -> 54.2 | E39: =[23]Brewhouse!$AI368 -> 50.8 | F39: =[23]Brewhouse!$V368 -> 63 | G39: =[23]Brewhouse!$AG368 -> 11.8 | H39: 11.8 | I39: =[23]Brewhouse!AY368 -> 97.196363 | J39: =[23]Brewhouse!$AU368 -> 98.731758 | K39: =[23]Brewhouse!$AV368 -> 100.33157 | L39: =[23]Brewhouse!$Q368 -> 6.2633452 | M39: =[23]Brewhouse!$P368 -> 62 | N39: =[23]Brewhouse!$U368-[23]Brewhouse!$T368 -> 0.11319444 | O39: =[23]Brewhouse!$Z368 -> 0.26458333 | P39: =[23]Brewhouse!$AX368 -> R.Sookram | S39: =B39 -> CARIB | T39: =VLOOKUP($B39,$R$3:$X$9,2,FALSE) -> 11.6 | U39: =VLOOKUP($B39,$R$3:$X$9,3,FALSE) -> 12 | V39: =VLOOKUP($B39,$R$3:$X$9,4,FALSE) -> 0 | W39: =VLOOKUP($B39,$R$3:$X$9,5,FALSE) -> 0.11805556 | X39: =VLOOKUP($B39,$R$3:$X$9,6,FALSE) -> 0.22569444 | Y39: =VLOOKUP($B39,$R$3:$X$9,7,FALSE) -> 0.26388889 | Z39: =VLOOKUP($B39,$R$3:$Z$9,8,FALSE) -> 0 | AA39: =VLOOKUP($B39,$R$3:$Z$9,9,FALSE) -> 60
B40: CARIB | C40: =[23]Brewhouse!$A369 -> CA265 | D40: =[23]Brewhouse!$AF369 -> 54 | E40: =[23]Brewhouse!$AI369 -> 50.6 | F40: =[23]Brewhouse!$V369 -> 64 | G40: =[23]Brewhouse!$AG369 -> 12 | I40: =[23]Brewhouse!AY369 -> 98.791344 | J40: =[23]Brewhouse!$AU369 -> 100.21736 | K40: =[23]Brewhouse!$AV369 -> 101.84324 | L40: =[23]Brewhouse!$Q369 -> 5.026738 | M40: =[23]Brewhouse!$P369 -> 57 | N40: =[23]Brewhouse!$U369-[23]Brewhouse!$T369 -> 0.10763889 | O40: =[23]Brewhouse!$Z369 -> 0.25833333 | P40: =[23]Brewhouse!$AX369 -> R.Sookram | S40: =B40 -> CARIB | T40: =VLOOKUP($B40,$R$3:$X$9,2,FALSE) -> 11.6 | U40: =VLOOKUP($B40,$R$3:$X$9,3,FALSE) -> 12 | V40: =VLOOKUP($B40,$R$3:$X$9,4,FALSE) -> 0 | W40: =VLOOKUP($B40,$R$3:$X$9,5,FALSE) -> 0.11805556 | X40: =VLOOKUP($B40,$R$3:$X$9,6,FALSE) -> 0.22569444 | Y40: =VLOOKUP($B40,$R$3:$X$9,7,FALSE) -> 0.26388889 | Z40: =VLOOKUP($B40,$R$3:$Z$9,8,FALSE) -> 0 | AA40: =VLOOKUP($B40,$R$3:$Z$9,9,FALSE) -> 60
B41: CARIB | C41: =[23]Brewhouse!$A370 -> CA266 | D41: =[23]Brewhouse!$AF370 -> 55.1 | E41: =[23]Brewhouse!$AI370 -> 52.1 | F41: =[23]Brewhouse!$V370 -> 60 | G41: =[23]Brewhouse!$AG370 -> 12 | I41: =[23]Brewhouse!AY370 -> 101.82163 | J41: =[23]Brewhouse!$AU370 -> 103.18823 | K41: =[23]Brewhouse!$AV370 -> 104.8623 | L41: =[23]Brewhouse!$Q370 -> 5.5516014 | M41: =[23]Brewhouse!$P370 -> 57 | N41: =[23]Brewhouse!$U370-[23]Brewhouse!$T370 -> 0.10833333 | O41: =[23]Brewhouse!$Z370 -> 0.24444444 | P41: =[23]Brewhouse!$AX370 -> R.Sookram | S41: =B41 -> CARIB | T41: =VLOOKUP($B41,$R$3:$X$9,2,FALSE) -> 11.6 | U41: =VLOOKUP($B41,$R$3:$X$9,3,FALSE) -> 12 | V41: =VLOOKUP($B41,$R$3:$X$9,4,FALSE) -> 0 | W41: =VLOOKUP($B41,$R$3:$X$9,5,FALSE) -> 0.11805556 | X41: =VLOOKUP($B41,$R$3:$X$9,6,FALSE) -> 0.22569444 | Y41: =VLOOKUP($B41,$R$3:$X$9,7,FALSE) -> 0.26388889 | Z41: =VLOOKUP($B41,$R$3:$Z$9,8,FALSE) -> 0 | AA41: =VLOOKUP($B41,$R$3:$Z$9,9,FALSE) -> 60
S42: =B42 -> 0 | T42: =VLOOKUP($B42,$R$3:$X$9,2,FALSE) -> #N/A | U42: =VLOOKUP($B42,$R$3:$X$9,3,FALSE) -> #N/A | V42: =VLOOKUP($B42,$R$3:$X$9,4,FALSE) -> #N/A | W42: =VLOOKUP($B42,$R$3:$X$9,5,FALSE) -> #N/A | X42: =VLOOKUP($B42,$R$3:$X$9,6,FALSE) -> #N/A | Y42: =VLOOKUP($B42,$R$3:$X$9,7,FALSE) -> #N/A | Z42: =VLOOKUP($B42,$R$3:$Z$9,8,FALSE) -> #N/A | AA42: =VLOOKUP($B42,$R$3:$Z$9,9,FALSE) -> #N/A
S43: =B43 -> 0 | T43: =VLOOKUP($B43,$R$3:$X$9,2,FALSE) -> #N/A | U43: =VLOOKUP($B43,$R$3:$X$9,3,FALSE) -> #N/A | V43: =VLOOKUP($B43,$R$3:$X$9,4,FALSE) -> #N/A | W43: =VLOOKUP($B43,$R$3:$X$9,5,FALSE) -> #N/A | X43: =VLOOKUP($B43,$R$3:$X$9,6,FALSE) -> #N/A | Y43: =VLOOKUP($B43,$R$3:$X$9,7,FALSE) -> #N/A | Z43: =VLOOKUP($B43,$R$3:$Z$9,8,FALSE) -> #N/A | AA43: =VLOOKUP($B43,$R$3:$Z$9,9,FALSE) -> #N/A
S44: =B44 -> 0 | T44: =VLOOKUP($B44,$R$3:$X$9,2,FALSE) -> #N/A | U44: =VLOOKUP($B44,$R$3:$X$9,3,FALSE) -> #N/A | V44: =VLOOKUP($B44,$R$3:$X$9,4,FALSE) -> #N/A | W44: =VLOOKUP($B44,$R$3:$X$9,5,FALSE) -> #N/A | X44: =VLOOKUP($B44,$R$3:$X$9,6,FALSE) -> #N/A | Y44: =VLOOKUP($B44,$R$3:$X$9,7,FALSE) -> #N/A | Z44: =VLOOKUP($B44,$R$3:$Z$9,8,FALSE) -> #N/A | AA44: =VLOOKUP($B44,$R$3:$Z$9,9,FALSE) -> #N/A
S45: =B45 -> 0 | T45: =VLOOKUP($B45,$R$3:$X$9,2,FALSE) -> #N/A | U45: =VLOOKUP($B45,$R$3:$X$9,3,FALSE) -> #N/A | V45: =VLOOKUP($B45,$R$3:$X$9,4,FALSE) -> #N/A | W45: =VLOOKUP($B45,$R$3:$X$9,5,FALSE) -> #N/A | X45: =VLOOKUP($B45,$R$3:$X$9,6,FALSE) -> #N/A | Y45: =VLOOKUP($B45,$R$3:$X$9,7,FALSE) -> #N/A | Z45: =VLOOKUP($B45,$R$3:$Z$9,8,FALSE) -> #N/A | AA45: =VLOOKUP($B45,$R$3:$Z$9,9,FALSE) -> #N/A
S46: =B46 -> 0 | T46: =VLOOKUP($B46,$R$3:$X$9,2,FALSE) -> #N/A | U46: =VLOOKUP($B46,$R$3:$X$9,3,FALSE) -> #N/A | V46: =VLOOKUP($B46,$R$3:$X$9,4,FALSE) -> #N/A | W46: =VLOOKUP($B46,$R$3:$X$9,5,FALSE) -> #N/A | X46: =VLOOKUP($B46,$R$3:$X$9,6,FALSE) -> #N/A | Y46: =VLOOKUP($B46,$R$3:$X$9,7,FALSE) -> #N/A | Z46: =VLOOKUP($B46,$R$3:$Z$9,8,FALSE) -> #N/A | AA46: =VLOOKUP($B46,$R$3:$Z$9,9,FALSE) -> #N/A
S47: =B47 -> 0 | T47: =VLOOKUP($B47,$R$3:$X$9,2,FALSE) -> #N/A | U47: =VLOOKUP($B47,$R$3:$X$9,3,FALSE) -> #N/A | V47: =VLOOKUP($B47,$R$3:$X$9,4,FALSE) -> #N/A | W47: =VLOOKUP($B47,$R$3:$X$9,5,FALSE) -> #N/A | X47: =VLOOKUP($B47,$R$3:$X$9,6,FALSE) -> #N/A | Y47: =VLOOKUP($B47,$R$3:$X$9,7,FALSE) -> #N/A | Z47: =VLOOKUP($B47,$R$3:$Z$9,8,FALSE) -> #N/A | AA47: =VLOOKUP($B47,$R$3:$Z$9,9,FALSE) -> #N/A
S48: =B48 -> 0 | T48: =VLOOKUP($B48,$R$3:$X$9,2,FALSE) -> #N/A | U48: =VLOOKUP($B48,$R$3:$X$9,3,FALSE) -> #N/A | V48: =VLOOKUP($B48,$R$3:$X$9,4,FALSE) -> #N/A | W48: =VLOOKUP($B48,$R$3:$X$9,5,FALSE) -> #N/A | X48: =VLOOKUP($B48,$R$3:$X$9,6,FALSE) -> #N/A | Y48: =VLOOKUP($B48,$R$3:$X$9,7,FALSE) -> #N/A | Z48: =VLOOKUP($B48,$R$3:$Z$9,8,FALSE) -> #N/A | AA48: =VLOOKUP($B48,$R$3:$Z$9,9,FALSE) -> #N/A
S49: =B49 -> 0 | T49: =VLOOKUP($B49,$R$3:$X$9,2,FALSE) -> #N/A | U49: =VLOOKUP($B49,$R$3:$X$9,3,FALSE) -> #N/A | V49: =VLOOKUP($B49,$R$3:$X$9,4,FALSE) -> #N/A | W49: =VLOOKUP($B49,$R$3:$X$9,5,FALSE) -> #N/A | X49: =VLOOKUP($B49,$R$3:$X$9,6,FALSE) -> #N/A | Y49: =VLOOKUP($B49,$R$3:$X$9,7,FALSE) -> #N/A | Z49: =VLOOKUP($B49,$R$3:$Z$9,8,FALSE) -> #N/A | AA49: =VLOOKUP($B49,$R$3:$Z$9,9,FALSE) -> #N/A
S50: =B50 -> 0 | T50: =VLOOKUP($B50,$R$3:$X$9,2,FALSE) -> #N/A | U50: =VLOOKUP($B50,$R$3:$X$9,3,FALSE) -> #N/A | V50: =VLOOKUP($B50,$R$3:$X$9,4,FALSE) -> #N/A | W50: =VLOOKUP($B50,$R$3:$X$9,5,FALSE) -> #N/A | X50: =VLOOKUP($B50,$R$3:$X$9,6,FALSE) -> #N/A | Y50: =VLOOKUP($B50,$R$3:$X$9,7,FALSE) -> #N/A | Z50: =VLOOKUP($B50,$R$3:$Z$9,8,FALSE) -> #N/A | AA50: =VLOOKUP($B50,$R$3:$Z$9,9,FALSE) -> #N/A
S51: =B51 -> 0 | T51: =VLOOKUP($B51,$R$3:$X$9,2,FALSE) -> #N/A | U51: =VLOOKUP($B51,$R$3:$X$9,3,FALSE) -> #N/A | V51: =VLOOKUP($B51,$R$3:$X$9,4,FALSE) -> #N/A | W51: =VLOOKUP($B51,$R$3:$X$9,5,FALSE) -> #N/A | X51: =VLOOKUP($B51,$R$3:$X$9,6,FALSE) -> #N/A | Y51: =VLOOKUP($B51,$R$3:$X$9,7,FALSE) -> #N/A | Z51: =VLOOKUP($B51,$R$3:$Z$9,8,FALSE) -> #N/A | AA51: =VLOOKUP($B51,$R$3:$Z$9,9,FALSE) -> #N/A
S52: =B52 -> 0 | T52: =VLOOKUP($B52,$R$3:$X$9,2,FALSE) -> #N/A | U52: =VLOOKUP($B52,$R$3:$X$9,3,FALSE) -> #N/A | V52: =VLOOKUP($B52,$R$3:$X$9,4,FALSE) -> #N/A | W52: =VLOOKUP($B52,$R$3:$X$9,5,FALSE) -> #N/A | X52: =VLOOKUP($B52,$R$3:$X$9,6,FALSE) -> #N/A | Y52: =VLOOKUP($B52,$R$3:$X$9,7,FALSE) -> #N/A | Z52: =VLOOKUP($B52,$R$3:$Z$9,8,FALSE) -> #N/A | AA52: =VLOOKUP($B52,$R$3:$Z$9,9,FALSE) -> #N/A
S53: =B53 -> 0 | T53: =VLOOKUP($B53,$R$3:$X$9,2,FALSE) -> #N/A | U53: =VLOOKUP($B53,$R$3:$X$9,3,FALSE) -> #N/A | V53: =VLOOKUP($B53,$R$3:$X$9,4,FALSE) -> #N/A | W53: =VLOOKUP($B53,$R$3:$X$9,5,FALSE) -> #N/A | X53: =VLOOKUP($B53,$R$3:$X$9,6,FALSE) -> #N/A | Y53: =VLOOKUP($B53,$R$3:$X$9,7,FALSE) -> #N/A | Z53: =VLOOKUP($B53,$R$3:$Z$9,8,FALSE) -> #N/A | AA53: =VLOOKUP($B53,$R$3:$Z$9,9,FALSE) -> #N/A
... S100: =B100 -> 0 | T100: =VLOOKUP($B100,$R$3:$X$9,2,FALSE) -> #N/A | U100: =VLOOKUP($B100,$R$3:$X$9,3,FALSE) -> #N/A | V100: =VLOOKUP($B100,$R$3:$X$9,4,FALSE) -> #N/A | W100: =VLOOKUP($B100,$R$3:$X$9,5,FALSE) -> #N/A | X100: =VLOOKUP($B100,$R$3:$X$9,6,FALSE) -> #N/A | Y100: =VLOOKUP($B100,$R$3:$X$9,7,FALSE) -> #N/A | Z100: =VLOOKUP($B100,$R$3:$Z$9,8,FALSE) -> #N/A | AA100: =VLOOKUP($B100,$R$3:$Z$9,9,FALSE) -> #N/A
I101: EXTRACT RECOVERY | S101: =B101 -> 0 | T101: =VLOOKUP($B101,$R$3:$X$9,2,FALSE) -> #N/A | U101: =VLOOKUP($B101,$R$3:$X$9,3,FALSE) -> #N/A | V101: =VLOOKUP($B101,$R$3:$X$9,4,FALSE) -> #N/A | W101: =VLOOKUP($B101,$R$3:$X$9,5,FALSE) -> #N/A | X101: =VLOOKUP($B101,$R$3:$X$9,6,FALSE) -> #N/A | Y101: =VLOOKUP($B101,$R$3:$X$9,7,FALSE) -> #N/A | Z101: =VLOOKUP($B101,$R$3:$Z$9,8,FALSE) -> #N/A | AA101: =VLOOKUP($B101,$R$3:$Z$9,9,FALSE) -> #N/A
B102: BRAND | D102: BBT P.G./ O.G | I102: Brand | J102: Actual | K102: MTD No. of Brews | L102: MTD | M102: YTD | N102: Target | S102: =B102 -> BRAND | T102: =VLOOKUP($B102,$R$3:$X$9,2,FALSE) -> #N/A | U102: =VLOOKUP($B102,$R$3:$X$9,3,FALSE) -> #N/A | V102: =VLOOKUP($B102,$R$3:$X$9,4,FALSE) -> #N/A | W102: =VLOOKUP($B102,$R$3:$X$9,5,FALSE) -> #N/A | X102: =VLOOKUP($B102,$R$3:$X$9,6,FALSE) -> #N/A | Y102: =VLOOKUP($B102,$R$3:$X$9,7,FALSE) -> #N/A | Z102: =VLOOKUP($B102,$R$3:$Z$9,8,FALSE) -> #N/A | AA102: =VLOOKUP($B102,$R$3:$Z$9,9,FALSE) -> #N/A
B103: =I103 -> CARIB | C103: =[23]Process!D320 -> 11.7 | D103: 11.78 | I103: CARIB | J103: =AVERAGE(J18:J21,J34:J41) -> 99.273698 | K103: =COUNTA([23]Brewhouse!$A$341:$A$370) -> 30 | L103: =AVERAGE([23]Brewhouse!$AU$341:$AU$346,[23]Brewhouse!$AU$348,[23]Brewhouse!$AU$349:$AU$370) -> 98.533296 | M103: =AVERAGE([23]Brewhouse!$AU$102:$AU$171,[23]Brewhouse!$AU$173:$AU$253,[23]Brewhouse!$AU$255:$AU$339,[23]Brewhouse!$AU$341:$AU$346,[23]Brewhouse!$AU$348,[23]Brewhouse!$AU$349:$AU$370) -> 96.979211 | N103: 98
C104: =[23]Process!D321 -> 11.9 | I104: STAG | J104: =AVERAGE(J24:J31) -> 98.764511 | K104: =COUNTA([24]Brewhouse!$A$142:$A$165) -> 24 | L104: =AVERAGE([24]Brewhouse!$AS$142:$AS$165) -> 98.959586 | M104: =AVERAGE([24]Brewhouse!$AS$15:$AS$64,[24]Brewhouse!$AS$66:$AS$103,[24]Brewhouse!$AS$105:$AS$140,[24]Brewhouse!$AS$142:$AS$165) -> 97.071078 | N104: 98
C105: =[23]Process!D322 -> 11.94 | D105: 11.71 | I105: GUINNESS | K105: =COUNTA([22]Brewhouse!$A$37) -> 1 | L105: =AVERAGE([22]Brewhouse!$AU$37) -> 96.214668 | M105: =AVERAGE([22]Brewhouse!$AU$4:$AU$7,[22]Brewhouse!$AU$9:$AU$22,[22]Brewhouse!$AU$24:$AU$35,[22]Brewhouse!$AU$37) -> 96.767265 | N105: 98
C106: =[23]Process!D323 -> 11.94 | I106: VITAMALT | M106: =AVERAGE([25]Brewhouse!$AV$5:$AV$14,[25]Brewhouse!$AV$16:$AV$19,[25]Brewhouse!$AV$21:$AV$24) -> 98.616017 | N106: 98
C107: =[23]Process!D328 -> 11.9 | D107: 11.71 | I107: MAXIMALT | N107: 98
C108: =[23]Process!D329 -> 11.9 | I108: MACKESON | M108: =AVERAGE([26]Brewhouse!$AT$4:$AT$11) -> 94.812617 | N108: 98
I109: STARMALT | K109: =COUNTA([27]Brewhouse!$A$31:$A$34) -> 4 | L109: =AVERAGE([27]Brewhouse!$AY$31:$AY$34) -> 98.653229 | M109: =AVERAGE([27]Brewhouse!$AY$6:$AY$13,[27]Brewhouse!$AY$15:$AY$20,[27]Brewhouse!$AY$22:$AY$29,[27]Brewhouse!$AY$31:$AY$34) -> 96.120888 | N109: 98
I110: HR- Pils | M110: =AVERAGE([28]Brewhouse!$AU$5:$AU$8) -> 91.006888 | N110: 98
I111: HR- IPA | N111: 98
I112: HR- APA | N112: 98
K113: =SUM(K103:K112) -> 59 | L113: =((L103*K103)+(L104*K104)+(L105*K105)+(L106*K106)+(L107*K107)+(K110*L110)+(L108*K108)+(L109*K109)+(L112*K112))/(K113) -> 98.675534 | M113: =AVERAGE('[29]Jan 31st'!$L$65,'[30]Feb 28th'!$L$35,'[31]Mar. 31st'!$L$35,L113) -> 97.210188 | N113: 98
J115: Daily Brewing Plan
H116: Brand | I116: Brews Achieved 11th | J116: Brews Achieved 12th | K116: Brews Achieved 13th | L116: Average Brews per day
H117: CARIB | I117: =COUNTA(B18:B21) -> 4 | K117: =COUNTA(B34:B41) -> 8 | L117: MTD | M117: YTD | N117: TARGET
H118: STAG | J118: =COUNTA(B24:B31) -> 8 | L118: =AVERAGE('Apr. 1st'!K49,'Apr. 11-12-13th'!K127,'Apr. 3rd'!K49,'Apr. 4th'!K49,'Apr. 7th '!K50,'Apr. 8th '!K60,'Apr. 9th '!K50,'Apr. 10th '!K58,I127,J127) -> 5.9 | M118: =AVERAGE('[29]Jan 29th '!$M$70,'[30]Feb 28th'!$L$40,'[31]Mar. 31st'!$L$40,L118) -> 6.4288342 | N118: 9.2
H119: GUINN
H120: VITAMALT
H121: STARMALT
H122: MACKESON
H123: HURRICANE REEF- IPA
H124: HURRICANE REEF- APA
B125: AVERAGE | D125: =AVERAGE(D103:E124) -> 11.733333 | H125: HR- PILSNER
H126: CARIBE
H127: Total | I127: =SUM(I117:I126) -> 4 | J127: =SUM(J117:J126) -> 8 | K127: =SUM(K117:K126) -> 8
B128: Process: | C128: Fermentation/Filtration
B130: Brand | C130: Filt. Date | D130: FV Hls | E130: GFE/ Prim/ Vita Blend (Hls) | F130: SV Hls | G130: BBT Hls | H130: Loss (%) Ferm | I130: Loss (%) Filt | J130: Comments | K130: Throughput | L130: Process Loss (%) | M130: Filt. Operator
T131: 43466 | U131: 43467 | V131: 43468 | W131: 43469 | X131: 43470 | Y131: 43471 | Z131: 43472 | AA131: 43473 | AB131: 43474 | AC131: 43475 | AD131: 43476 | AE131: 43477 | AF131: 43478 | AG131: 43479 | AH131: 43480 | AI131: 43481 | AJ131: 43482 | AK131: 43483 | AL131: 43484 | AM131: 43485 | AN131: 43486 | AO131: 43487 | AP131: 43488 | AQ131: 43489 | AR131: 43490 | AS131: 43491 | AT131: 43492 | AU131: 43493 | AV131: 43494 | AW131: 43495 | AX131: 43496
B132: =B140 -> CARIB | C132: 45758 | D132: =[32]April_2025!$N$3 -> 297.9 | F132: =[34]CARIB!$L$40+[34]CARIB!$L$42+[34]CARIB!$L$48 -> 287.5 | G132: =[32]April_2025!$N$7 -> 288.3 | H132: =(D132-F132)/D132*100 -> 3.4911044 | I132: =((F132+E132)-G132)/(F132+E132)*100 -> -0.27826087 | J132: NO BREAK- Water added | K132: =[33]April_2025!$N$18 -> 1.0115789 | L132: =(((D132+E132)-G132)/(D132+E132))*100 -> 3.2225579 | M132: J. Nelson | S132: hls
B134: =J121 -> 0 | C134: 45756 | J134: NO BREAK - Water added | L134: =(((D134+E134)-G134)/(D134+E134))*100 -> #DIV/0! | M134: J. Nelson
S135: Throughput | T135: =[20]January_2019!D8 -> #DIV/0! | U135: =[20]January_2019!E8 -> 1.0319298 | V135: =[20]January_2019!F8 -> 1.7789474 | W135: =[20]January_2019!G8 -> 0.51929825 | X135: =[20]January_2019!H8 -> #DIV/0! | Y135: =[20]January_2019!I8 -> #DIV/0! | Z135: =[20]January_2019!J8 -> 1.3652632 | AA135: =[20]January_2019!K8 -> #DIV/0! | ... AX135: =[20]January_2019!AH8 -> #DIV/0!
B138: Process Loss (Volume) | G138: Process Loss (Extract) | K138: Throughput
B139: Brand | C139: Actual | D139: MTD | E139: YTD | F139: Target | G139: Actual | H139: MTD | I139: YTD | J139: Target | L139: MTD | M139: YTD | N139: Target
B140: CARIB | C140: =L132 -> 3.2225579 | D140: 7.2276573 | E140: 7.0452742 | F140: 4.8 | G140: =[32]April_2025!$N$11 -> 4.4692882 | H140: 6.8938627 | I140: 7.6145021 | J140: 4.8 | K140: =K132 -> 1.0115789 | L140: 0.71157895 | M140: 0.76939687 | N140: 1
B141: STAG | D141: 3.04 | E141: 6.1450503 | F141: 4.8 | H141: 3.3848422 | I141: 7.1307631 | J141: 4.8 | L141: 1.0315789 | M141: 0.74532724 | N141: 1
B142: GUINN | D142: 10.826845 | E142: 13.125604 | F142: 5.5 | H142: 10.823248 | I142: 13.879185 | J142: 5.5 | L142: 0.42192982 | M142: 0.51242364 | N142: 1
B143: VITAMALT | E143: 3.9190537 | F143: 3.3 | I143: 6.2094378 | J143: 3.3 | M143: 0.75184211 | N143: 1
B144: MAXIMALT | F144: 3.3 | J144: 3 | N144: 1
B145: MACKESON | E145: 8.7664671 | F145: =[21]May_2022!$M$43 -> 3.4878407 | I145: 10.607236 | J145: 5.5 | M145: 0.66824561 | N145: 1
B146: STARMALT | D146: 0.38967365 | E146: 1.8560729 | F146: 3.3 | H146: 3.9053322 | I146: 4.5764572 | J146: 3.3 | L146: 0.71754386 | M146: 0.83594855 | N146: 1
B147: HURRICANE REEF | F147: 7.5 | J147: 7.5 | N147: 1
B148: HURRICANE REEF PILS | E148: 4.8792509 | F148: 4.8 | I148: 6.2003724 | J148: 4.8 | M148: 0.33859649 | N148: 1
D149: 5.9967845 | E149: 6.8925294 | F149: 5.5 | H149: 6.2575274 | I149: 7.9608035 | J149: 5.5 | L149: 0.74397129 | M149: 0.73436064 | N149: 1
AC161: :

Sheet Apr. 14th
S1: P.G. | U1: Hot Time | W1: Process Time | Y1: Cooling Time
B2: Brewing Department Daily Process Loss Report | S2: Lower | T2: Upper | U2: Lower | V2: Upper | W2: Lower | X2: Upper | Y2: Lower | Z2: Upper
R3: CARIB | S3: 11.6 | T3: 12 | U3: 0 | V3: 0.11805556 | W3: 0.22569444 | X3: 0.26388889 | Y3: 0 | Z3: 60 | AB3: HR- PISNER
B4: Date: | C4: 45762 | J4: LOT WORT COLOUR: 3.6 | M4: Filter Sheets (Target 20 days) | R4: STAG | S4: 11.6 | T4: 12 | U4: 0 | V4: 0.11805556 | W4: 0.22569444 | X4: 0.26388889 | Y4: 0 | Z4: 60
M5: Double | N5: Single | R5: GUINNESS | S5: 17 | T5: 17.5 | U5: 0 | V5: 0.10763889 | W5: 0.24652778 | X5: 0.28472222 | Y5: 0 | Z5: 60
J6: MALT LOT: Lot 34 | L6: Sheet Day | M6: 12 | N6: 10 | R6: MACKESON | S6: 13.3 | T6: 13.5 | U6: 0 | V6: 0.12905093 | W6: 0.27430556 | X6: 0.30208333 | Y6: 0
R7: STARMALT | S7: 17.1 | T7: 17.5 | U7: 0 | V7: 0.13605324 | W7: 0.27430556 | X7: 0.30902778 | Y7: 0 | Z7: 60
B8: Brand | C8: Brew no. | D8: Kett. Hls | E8: Wort | F8: Cool Time(Mins) | G8: Cast. P.G. (Lab Result) | H8: Cast P.G. (Cellar Operator)-gravity | I8: Extr. Rec (78.5%) | J8: Theor. Extr. (77.5%) | K8: Boil Off /Vol. (4-6%) | L8: Boil Time | M8: Total Hot | N8: Brewing | O8: Operator | P8: Actual Pilsen Malt | R8: Hurricane Reef | S8: 16.6 | T8: 17 | U8: 0 | V8: 0.12905093 | W8: 0.27430556 | X8: 0.30208333 | Y8: 0
E9: Meter (Hls) | F9: Target(< 60Mins) | M9: Time | R9: VITAMALT | S9: 14.4 | T9: 14.6 | U9: 0 | V9: 0.13905093 | W9: 0.26041667 | X9: 0.29513889 | Y9: 0 | Z9: 75
B10: VITAMALT | C10: =[25]Brewhouse!A26 -> VM019 | D10: =[25]Brewhouse!AE26 -> 53.7 | E10: =[25]Brewhouse!AJ26 -> 48.2 | F10: =[25]Brewhouse!X26 -> 78 | G10: =[25]Brewhouse!AH26 -> 14.3 | H10: 14.3 | I10: =[25]Brewhouse!AV26 -> 97.882611 | J10: =[25]Brewhouse!AW26 -> 98.210403 | K10: =[25]Brewhouse!S26 -> 7.3743017 | L10: =[25]Brewhouse!R26 -> 73 | M10: =[25]Brewhouse!$W26-[25]Brewhouse!$V26 -> 0.14444444 | N10: =[25]Brewhouse!AB26 -> 0.28888889 | O10: =[25]Brewhouse!$AZ26 -> R.Sookram | R10: =B10 -> VITAMALT | S10: =VLOOKUP($B10,$R$3:$X$9,2,FALSE) -> 14.4 | T10: =VLOOKUP($B10,$R$3:$X$9,3,FALSE) -> 14.6 | U10: =VLOOKUP($B10,$R$3:$X$9,4,FALSE) -> 0 | V10: =VLOOKUP($B10,$R$3:$X$9,5,FALSE) -> 0.13905093 | W10: =VLOOKUP($B10,$R$3:$X$9,6,FALSE) -> 0.26041667 | X10: =VLOOKUP($B10,$R$3:$X$9,7,FALSE) -> 0.29513889 | Y10: =VLOOKUP($B10,$R$3:$Z$9,8,FALSE) -> 0 | Z10: =VLOOKUP($B10,$R$3:$Z$9,9,FALSE) -> 75
B11: VITAMALT | C11: =[25]Brewhouse!A27 -> VM020 | D11: =[25]Brewhouse!AE27 -> 52.4 | E11: =[25]Brewhouse!AJ27 -> 49.8 | F11: =[25]Brewhouse!X27 -> 88 | G11: =[25]Brewhouse!AH27 -> 14.5 | H11: 14.6 | I11: =[25]Brewhouse!AV27 -> 102.56353 | J11: =[25]Brewhouse!AW27 -> 102.90846 | K11: =[25]Brewhouse!S27 -> 6.4122137 | L11: =[25]Brewhouse!R27 -> 78 | M11: =[25]Brewhouse!$W27-[25]Brewhouse!$V27 -> 0.16666667 | N11: =[25]Brewhouse!AB27 -> 0.32847222 | O11: =[25]Brewhouse!$AZ27 -> K. Benjamin | R11: =B11 -> VITAMALT | S11: =VLOOKUP($B11,$R$3:$X$9,2,FALSE) -> 14.4 | T11: =VLOOKUP($B11,$R$3:$X$9,3,FALSE) -> 14.6 | U11: =VLOOKUP($B11,$R$3:$X$9,4,FALSE) -> 0 | V11: =VLOOKUP($B11,$R$3:$X$9,5,FALSE) -> 0.13905093 | W11: =VLOOKUP($B11,$R$3:$X$9,6,FALSE) -> 0.26041667 | X11: =VLOOKUP($B11,$R$3:$X$9,7,FALSE) -> 0.29513889 | Y11: =VLOOKUP($B11,$R$3:$Z$9,8,FALSE) -> 0 | Z11: =VLOOKUP($B11,$R$3:$Z$9,9,FALSE) -> 75
B12: VITAMALT | C12: =[25]Brewhouse!A28 -> VM021 | D12: =[25]Brewhouse!AE28 -> 52.9 | E12: =[25]Brewhouse!AJ28 -> 49.4 | F12: =[25]Brewhouse!X28 -> 88 | G12: =[25]Brewhouse!AH28 -> 14.4 | H12: 14.3 | I12: =[25]Brewhouse!AV28 -> 101.0097 | J12: =[25]Brewhouse!AW28 -> 101.3494 | K12: =[25]Brewhouse!S28 -> 5.973535 | L12: =[25]Brewhouse!R28 -> 61 | M12: =[25]Brewhouse!$W28-[25]Brewhouse!$V28 -> 0.16597222 | N12: =[25]Brewhouse!AB28 -> 0.34930556 | O12: =[25]Brewhouse!$AZ28 -> K. Benjamin | R12: =B12 -> VITAMALT | S12: =VLOOKUP($B12,$R$3:$X$9,2,FALSE) -> 14.4 | T12: =VLOOKUP($B12,$R$3:$X$9,3,FALSE) -> 14.6 | U12: =VLOOKUP($B12,$R$3:$X$9,4,FALSE) -> 0 | V12: =VLOOKUP($B12,$R$3:$X$9,5,FALSE) -> 0.13905093 | W12: =VLOOKUP($B12,$R$3:$X$9,6,FALSE) -> 0.26041667 | X12: =VLOOKUP($B12,$R$3:$X$9,7,FALSE) -> 0.29513889 | Y12: =VLOOKUP($B12,$R$3:$Z$9,8,FALSE) -> 0 | Z12: =VLOOKUP($B12,$R$3:$Z$9,9,FALSE) -> 75
B13: VITAMALT | C13: =[25]Brewhouse!A29 -> VM022 | D13: =[25]Brewhouse!AE29 -> 52.7 | E13: =[25]Brewhouse!AJ29 -> 48.7 | F13: =[25]Brewhouse!X29 -> 88 | G13: =[25]Brewhouse!AH29 -> 14.3 | H13: 14.3 | I13: =[25]Brewhouse!AV29 -> 98.793276 | J13: =[25]Brewhouse!AW29 -> 99.125521 | K13: =[25]Brewhouse!S29 -> 4.288425 | L13: =[25]Brewhouse!R29 -> 63 | M13: =[25]Brewhouse!$W29-[25]Brewhouse!$V29 -> 0.15069444 | N13: =[25]Brewhouse!AB29 -> 0.33541667 | O13: =[25]Brewhouse!$AZ29 -> R.Regis | R13: =B13 -> VITAMALT | S13: =VLOOKUP($B13,$R$3:$X$9,2,FALSE) -> 14.4 | T13: =VLOOKUP($B13,$R$3:$X$9,3,FALSE) -> 14.6 | U13: =VLOOKUP($B13,$R$3:$X$9,4,FALSE) -> 0 | V13: =VLOOKUP($B13,$R$3:$X$9,5,FALSE) -> 0.13905093 | W13: =VLOOKUP($B13,$R$3:$X$9,6,FALSE) -> 0.26041667 | X13: =VLOOKUP($B13,$R$3:$X$9,7,FALSE) -> 0.29513889 | Y13: =VLOOKUP($B13,$R$3:$Z$9,8,FALSE) -> 0 | Z13: =VLOOKUP($B13,$R$3:$Z$9,9,FALSE) -> 75
B14: VITAMALT | C14: =[25]Brewhouse!A30 -> VM023 | D14: =[25]Brewhouse!AE30 -> 53.3 | E14: =[25]Brewhouse!AJ30 -> 48.4 | F14: =[25]Brewhouse!X30 -> 87 | G14: =[25]Brewhouse!AH30 -> 14.4 | H14: 14.4 | I14: =[25]Brewhouse!AV30 -> 99.174985 | J14: =[25]Brewhouse!AW30 -> 99.505693 | K14: =[25]Brewhouse!S30 -> 5.5534709 | L14: =[25]Brewhouse!R30 -> 60 | M14: =[25]Brewhouse!$W30-[25]Brewhouse!$V30 -> 0.14583333 | N14: =[25]Brewhouse!AB30 -> 0.33333333 | O14: =[25]Brewhouse!$AZ30 -> R.Regis | R14: =B14 -> VITAMALT | S14: =VLOOKUP($B14,$R$3:$X$9,2,FALSE) -> 14.4 | T14: =VLOOKUP($B14,$R$3:$X$9,3,FALSE) -> 14.6 | U14: =VLOOKUP($B14,$R$3:$X$9,4,FALSE) -> 0 | V14: =VLOOKUP($B14,$R$3:$X$9,5,FALSE) -> 0.13905093 | W14: =VLOOKUP($B14,$R$3:$X$9,6,FALSE) -> 0.26041667 | X14: =VLOOKUP($B14,$R$3:$X$9,7,FALSE) -> 0.29513889 | Y14: =VLOOKUP($B14,$R$3:$Z$9,8,FALSE) -> 0 | Z14: =VLOOKUP($B14,$R$3:$Z$9,9,FALSE) -> 75
B15: VITAMALT | C15: =[25]Brewhouse!A31 -> VM024 | D15: =[25]Brewhouse!AE31 -> 53.3 | E15: =[25]Brewhouse!AJ31 -> 49.5 | F15: =[25]Brewhouse!X31 -> 88 | G15: =[25]Brewhouse!AH31 -> 14.2 | H15: 14.2 | I15: =[25]Brewhouse!AV31 -> 99.790314 | J15: =[25]Brewhouse!AW31 -> 100.1245 | K15: =[25]Brewhouse!S31 -> 4.4277674 | L15: =[25]Brewhouse!R31 -> 60 | M15: =[25]Brewhouse!$W31-[25]Brewhouse!$V31 -> 0.13888889 | N15: =[25]Brewhouse!AB31 -> 0.26944444 | O15: =[25]Brewhouse!$AZ31 -> R.Regis | R15: =B15 -> VITAMALT | S15: =VLOOKUP($B15,$R$3:$X$9,2,FALSE) -> 14.4 | T15: =VLOOKUP($B15,$R$3:$X$9,3,FALSE) -> 14.6 | U15: =VLOOKUP($B15,$R$3:$X$9,4,FALSE) -> 0 | V15: =VLOOKUP($B15,$R$3:$X$9,5,FALSE) -> 0.13905093 | W15: =VLOOKUP($B15,$R$3:$X$9,6,FALSE) -> 0.26041667 | X15: =VLOOKUP($B15,$R$3:$X$9,7,FALSE) -> 0.29513889 | Y15: =VLOOKUP($B15,$R$3:$Z$9,8,FALSE) -> 0 | Z15: =VLOOKUP($B15,$R$3:$Z$9,9,FALSE) -> 75
B16: VITAMALT | C16: =[25]Brewhouse!A32 -> VM025 | D16: =[25]Brewhouse!AE32 -> 52.8 | E16: =[25]Brewhouse!AJ32 -> 48.6 | F16: =[25]Brewhouse!X32 -> 85 | G16: =[25]Brewhouse!AH32 -> 14.2 | H16: 14.2 | I16: =[25]Brewhouse!AV32 -> 98.079904 | J16: =[25]Brewhouse!AW32 -> 98.406961 | K16: =[25]Brewhouse!S32 -> 4.280303 | L16: =[25]Brewhouse!R32 -> 57 | M16: =[25]Brewhouse!$W32-[25]Brewhouse!$V32 -> 0.12916667 | N16: =[25]Brewhouse!AB32 -> 0.26944444 | O16: =[25]Brewhouse!$AZ32 -> D. Gomez | R16: =B16 -> VITAMALT | S16: =VLOOKUP($B16,$R$3:$X$9,2,FALSE) -> 14.4 | T16: =VLOOKUP($B16,$R$3:$X$9,3,FALSE) -> 14.6 | U16: =VLOOKUP($B16,$R$3:$X$9,4,FALSE) -> 0 | V16: =VLOOKUP($B16,$R$3:$X$9,5,FALSE) -> 0.13905093 | W16: =VLOOKUP($B16,$R$3:$X$9,6,FALSE) -> 0.26041667 | X16: =VLOOKUP($B16,$R$3:$X$9,7,FALSE) -> 0.29513889 | Y16: =VLOOKUP($B16,$R$3:$Z$9,8,FALSE) -> 0 | Z16: =VLOOKUP($B16,$R$3:$Z$9,9,FALSE) -> 75
B17: VITAMALT | C17: =[25]Brewhouse!A33 -> VM026 | D17: =[25]Brewhouse!AE33 -> 53.2 | E17: =[25]Brewhouse!AJ33 -> 49.4 | F17: =[25]Brewhouse!X33 -> 89 | G17: =[25]Brewhouse!AH33 -> 14.2 | H17: 14.2 | I17: =[25]Brewhouse!AV33 -> 99.588718 | J17: =[25]Brewhouse!AW33 -> 99.922223 | K17: =[25]Brewhouse!S33 -> 3.8721805 | L17: =[25]Brewhouse!R33 -> 61 | M17: =[25]Brewhouse!$W33-[25]Brewhouse!$V33 -> 0.13472222 | N17: =[25]Brewhouse!AB33 -> 0.26458333 | O17: =[25]Brewhouse!$AZ33 -> D. Gomez | R17: =B17 -> VITAMALT | S17: =VLOOKUP($B17,$R$3:$X$9,2,FALSE) -> 14.4 | T17: =VLOOKUP($B17,$R$3:$X$9,3,FALSE) -> 14.6 | U17: =VLOOKUP($B17,$R$3:$X$9,4,FALSE) -> 0 | V17: =VLOOKUP($B17,$R$3:$X$9,5,FALSE) -> 0.13905093 | W17: =VLOOKUP($B17,$R$3:$X$9,6,FALSE) -> 0.26041667 | X17: =VLOOKUP($B17,$R$3:$X$9,7,FALSE) -> 0.29513889 | Y17: =VLOOKUP($B17,$R$3:$Z$9,8,FALSE) -> 0 | Z17: =VLOOKUP($B17,$R$3:$Z$9,9,FALSE) -> 75
R18: =B18 -> 0 | S18: =VLOOKUP($B18,$R$3:$X$9,2,FALSE) -> #N/A | T18: =VLOOKUP($B18,$R$3:$X$9,3,FALSE) -> #N/A | U18: =VLOOKUP($B18,$R$3:$X$9,4,FALSE) -> #N/A | V18: =VLOOKUP($B18,$R$3:$X$9,5,FALSE) -> #N/A | W18: =VLOOKUP($B18,$R$3:$X$9,6,FALSE) -> #N/A | X18: =VLOOKUP($B18,$R$3:$X$9,7,FALSE) -> #N/A | Y18: =VLOOKUP($B18,$R$3:$Z$9,8,FALSE) -> #N/A | Z18: =VLOOKUP($B18,$R$3:$Z$9,9,FALSE) -> #N/A
R19: =B19 -> 0 | S19: =VLOOKUP($B19,$R$3:$X$9,2,FALSE) -> #N/A | T19: =VLOOKUP($B19,$R$3:$X$9,3,FALSE) -> #N/A | U19: =VLOOKUP($B19,$R$3:$X$9,4,FALSE) -> #N/A | V19: =VLOOKUP($B19,$R$3:$X$9,5,FALSE) -> #N/A | W19: =VLOOKUP($B19,$R$3:$X$9,6,FALSE) -> #N/A | X19: =VLOOKUP($B19,$R$3:$X$9,7,FALSE) -> #N/A | Y19: =VLOOKUP($B19,$R$3:$Z$9,8,FALSE) -> #N/A | Z19: =VLOOKUP($B19,$R$3:$Z$9,9,FALSE) -> #N/A
R20: =B20 -> 0 | S20: =VLOOKUP($B20,$R$3:$X$9,2,FALSE) -> #N/A | T20: =VLOOKUP($B20,$R$3:$X$9,3,FALSE) -> #N/A | U20: =VLOOKUP($B20,$R$3:$X$9,4,FALSE) -> #N/A | V20: =VLOOKUP($B20,$R$3:$X$9,5,FALSE) -> #N/A | W20: =VLOOKUP($B20,$R$3:$X$9,6,FALSE) -> #N/A | X20: =VLOOKUP($B20,$R$3:$X$9,7,FALSE) -> #N/A | Y20: =VLOOKUP($B20,$R$3:$Z$9,8,FALSE) -> #N/A | Z20: =VLOOKUP($B20,$R$3:$Z$9,9,FALSE) -> #N/A
R21: =B21 -> 0 | S21: =VLOOKUP($B21,$R$3:$X$9,2,FALSE) -> #N/A | T21: =VLOOKUP($B21,$R$3:$X$9,3,FALSE) -> #N/A | U21: =VLOOKUP($B21,$R$3:$X$9,4,FALSE) -> #N/A | V21: =VLOOKUP($B21,$R$3:$X$9,5,FALSE) -> #N/A | W21: =VLOOKUP($B21,$R$3:$X$9,6,FALSE) -> #N/A | X21: =VLOOKUP($B21,$R$3:$X$9,7,FALSE) -> #N/A | Y21: =VLOOKUP($B21,$R$3:$Z$9,8,FALSE) -> #N/A | Z21: =VLOOKUP($B21,$R$3:$Z$9,9,FALSE) -> #N/A
R22: =B22 -> 0 | S22: =VLOOKUP($B22,$R$3:$X$9,2,FALSE) -> #N/A | T22: =VLOOKUP($B22,$R$3:$X$9,3,FALSE) -> #N/A | U22: =VLOOKUP($B22,$R$3:$X$9,4,FALSE) -> #N/A | V22: =VLOOKUP($B22,$R$3:$X$9,5,FALSE) -> #N/A | W22: =VLOOKUP($B22,$R$3:$X$9,6,FALSE) -> #N/A | X22: =VLOOKUP($B22,$R$3:$X$9,7,FALSE) -> #N/A | Y22: =VLOOKUP($B22,$R$3:$Z$9,8,FALSE) -> #N/A | Z22: =VLOOKUP($B22,$R$3:$Z$9,9,FALSE) -> #N/A
R23: =B23 -> 0 | S23: =VLOOKUP($B23,$R$3:$X$9,2,FALSE) -> #N/A | T23: =VLOOKUP($B23,$R$3:$X$9,3,FALSE) -> #N/A | U23: =VLOOKUP($B23,$R$3:$X$9,4,FALSE) -> #N/A | V23: =VLOOKUP($B23,$R$3:$X$9,5,FALSE) -> #N/A | W23: =VLOOKUP($B23,$R$3:$X$9,6,FALSE) -> #N/A | X23: =VLOOKUP($B23,$R$3:$X$9,7,FALSE) -> #N/A | Y23: =VLOOKUP($B23,$R$3:$Z$9,8,FALSE) -> #N/A | Z23: =VLOOKUP($B23,$R$3:$Z$9,9,FALSE) -> #N/A
R24: =B24 -> 0 | S24: =VLOOKUP($B24,$R$3:$X$9,2,FALSE) -> #N/A | T24: =VLOOKUP($B24,$R$3:$X$9,3,FALSE) -> #N/A | U24: =VLOOKUP($B24,$R$3:$X$9,4,FALSE) -> #N/A | V24: =VLOOKUP($B24,$R$3:$X$9,5,FALSE) -> #N/A | W24: =VLOOKUP($B24,$R$3:$X$9,6,FALSE) -> #N/A | X24: =VLOOKUP($B24,$R$3:$X$9,7,FALSE) -> #N/A | Y24: =VLOOKUP($B24,$R$3:$Z$9,8,FALSE) -> #N/A | Z24: =VLOOKUP($B24,$R$3:$Z$9,9,FALSE) -> #N/A
R25: =B25 -> 0 | S25: =VLOOKUP($B25,$R$3:$X$9,2,FALSE) -> #N/A | T25: =VLOOKUP($B25,$R$3:$X$9,3,FALSE) -> #N/A | U25: =VLOOKUP($B25,$R$3:$X$9,4,FALSE) -> #N/A | V25: =VLOOKUP($B25,$R$3:$X$9,5,FALSE) -> #N/A | W25: =VLOOKUP($B25,$R$3:$X$9,6,FALSE) -> #N/A | X25: =VLOOKUP($B25,$R$3:$X$9,7,FALSE) -> #N/A | Y25: =VLOOKUP($B25,$R$3:$Z$9,8,FALSE) -> #N/A | Z25: =VLOOKUP($B25,$R$3:$Z$9,9,FALSE) -> #N/A
R26: =B26 -> 0 | S26: =VLOOKUP($B26,$R$3:$X$9,2,FALSE) -> #N/A | T26: =VLOOKUP($B26,$R$3:$X$9,3,FALSE) -> #N/A | U26: =VLOOKUP($B26,$R$3:$X$9,4,FALSE) -> #N/A | V26: =VLOOKUP($B26,$R$3:$X$9,5,FALSE) -> #N/A | W26: =VLOOKUP($B26,$R$3:$X$9,6,FALSE) -> #N/A | X26: =VLOOKUP($B26,$R$3:$X$9,7,FALSE) -> #N/A | Y26: =VLOOKUP($B26,$R$3:$Z$9,8,FALSE) -> #N/A | Z26: =VLOOKUP($B26,$R$3:$Z$9,9,FALSE) -> #N/A
R27: =B27 -> 0 | S27: =VLOOKUP($B27,$R$3:$X$9,2,FALSE) -> #N/A | T27: =VLOOKUP($B27,$R$3:$X$9,3,FALSE) -> #N/A | U27: =VLOOKUP($B27,$R$3:$X$9,4,FALSE) -> #N/A | V27: =VLOOKUP($B27,$R$3:$X$9,5,FALSE) -> #N/A | W27: =VLOOKUP($B27,$R$3:$X$9,6,FALSE) -> #N/A | X27: =VLOOKUP($B27,$R$3:$X$9,7,FALSE) -> #N/A | Y27: =VLOOKUP($B27,$R$3:$Z$9,8,FALSE) -> #N/A | Z27: =VLOOKUP($B27,$R$3:$Z$9,9,FALSE) -> #N/A
R28: =B28 -> 0 | S28: =VLOOKUP($B28,$R$3:$X$9,2,FALSE) -> #N/A | T28: =VLOOKUP($B28,$R$3:$X$9,3,FALSE) -> #N/A | U28: =VLOOKUP($B28,$R$3:$X$9,4,FALSE) -> #N/A | V28: =VLOOKUP($B28,$R$3:$X$9,5,FALSE) -> #N/A | W28: =VLOOKUP($B28,$R$3:$X$9,6,FALSE) -> #N/A | X28: =VLOOKUP($B28,$R$3:$X$9,7,FALSE) -> #N/A | Y28: =VLOOKUP($B28,$R$3:$Z$9,8,FALSE) -> #N/A | Z28: =VLOOKUP($B28,$R$3:$Z$9,9,FALSE) -> #N/A
R29: =B29 -> 0 | S29: =VLOOKUP($B29,$R$3:$X$9,2,FALSE) -> #N/A | T29: =VLOOKUP($B29,$R$3:$X$9,3,FALSE) -> #N/A | U29: =VLOOKUP($B29,$R$3:$X$9,4,FALSE) -> #N/A | V29: =VLOOKUP($B29,$R$3:$X$9,5,FALSE) -> #N/A | W29: =VLOOKUP($B29,$R$3:$X$9,6,FALSE) -> #N/A | X29: =VLOOKUP($B29,$R$3:$X$9,7,FALSE) -> #N/A | Y29: =VLOOKUP($B29,$R$3:$Z$9,8,FALSE) -> #N/A | Z29: =VLOOKUP($B29,$R$3:$Z$9,9,FALSE) -> #N/A
... R100: =B100 -> 0 | S100: =VLOOKUP($B100,$R$3:$X$9,2,FALSE) -> #N/A | T100: =VLOOKUP($B100,$R$3:$X$9,3,FALSE) -> #N/A | U100: =VLOOKUP($B100,$R$3:$X$9,4,FALSE) -> #N/A | V100: =VLOOKUP($B100,$R$3:$X$9,5,FALSE) -> #N/A | W100: =VLOOKUP($B100,$R$3:$X$9,6,FALSE) -> #N/A | X100: =VLOOKUP($B100,$R$3:$X$9,7,FALSE) -> #N/A | Y100: =VLOOKUP($B100,$R$3:$Z$9,8,FALSE) -> #N/A | Z100: =VLOOKUP($B100,$R$3:$Z$9,9,FALSE) -> #N/A
I101: EXTRACT RECOVERY | S101: =B101 -> 0 | T101: =VLOOKUP($B101,$R$3:$X$9,2,FALSE) -> #N/A | U101: =VLOOKUP($B101,$R$3:$X$9,3,FALSE) -> #N/A | V101: =VLOOKUP($B101,$R$3:$X$9,4,FALSE) -> #N/A | W101: =VLOOKUP($B101,$R$3:$X$9,5,FALSE) -> #N/A | X101: =VLOOKUP($B101,$R$3:$X$9,6,FALSE) -> #N/A | Y101: =VLOOKUP($B101,$R$3:$X$9,7,FALSE) -> #N/A | Z101: =VLOOKUP($B101,$R$3:$Z$9,8,FALSE) -> #N/A | AA101: =VLOOKUP($B101,$R$3:$Z$9,9,FALSE) -> #N/A
B102: BRAND | D102: BBT P.G./ O.G | I102: Brand | J102: Actual | K102: MTD No. of Brews | L102: MTD | M102: YTD | N102: Target | S102: =B102 -> BRAND | T102: =VLOOKUP($B102,$R$3:$X$9,2,FALSE) -> #N/A | U102: =VLOOKUP($B102,$R$3:$X$9,3,FALSE) -> #N/A | V102: =VLOOKUP($B102,$R$3:$X$9,4,FALSE) -> #N/A | W102: =VLOOKUP($B102,$R$3:$X$9,5,FALSE) -> #N/A | X102: =VLOOKUP($B102,$R$3:$X$9,6,FALSE) -> #N/A | Y102: =VLOOKUP($B102,$R$3:$X$9,7,FALSE) -> #N/A | Z102: =VLOOKUP($B102,$R$3:$Z$9,8,FALSE) -> #N/A | AA102: =VLOOKUP($B102,$R$3:$Z$9,9,FALSE) -> #N/A
B103: =I104 -> STAG | C103: =[24]Process!D137 -> 11.8 | D103: 12.16 | I103: CARIB | K103: =COUNTA([23]Brewhouse!$A$341:$A$370) -> 30 | L103: =AVERAGE([23]Brewhouse!$AU$341:$AU$346,[23]Brewhouse!$AU$348,[23]Brewhouse!$AU$349:$AU$370) -> 98.533296 | M103: =AVERAGE([23]Brewhouse!$AU$102:$AU$171,[23]Brewhouse!$AU$173:$AU$253,[23]Brewhouse!$AU$255:$AU$339,[23]Brewhouse!$AU$341:$AU$346,[23]Brewhouse!$AU$348,[23]Brewhouse!$AU$349:$AU$370) -> 96.979211 | N103: 98
C104: =[24]Process!D138 -> 11.7 | I104: STAG | K104: =COUNTA([24]Brewhouse!$A$142:$A$165) -> 24 | L104: =AVERAGE([24]Brewhouse!$AS$142:$AS$165) -> 98.959586 | M104: =AVERAGE([24]Brewhouse!$AS$15:$AS$64,[24]Brewhouse!$AS$66:$AS$103,[24]Brewhouse!$AS$105:$AS$140,[24]Brewhouse!$AS$142:$AS$165) -> 97.071078 | N104: 98
C105: =[24]Process!D139 -> 11.8 | D105: 12.11 | I105: GUINNESS | K105: =COUNTA([22]Brewhouse!$A$37) -> 1 | L105: =AVERAGE([22]Brewhouse!$AU$37) -> 96.214668 | M105: =AVERAGE([22]Brewhouse!$AU$4:$AU$7,[22]Brewhouse!$AU$9:$AU$22,[22]Brewhouse!$AU$24:$AU$35,[22]Brewhouse!$AU$37) -> 96.767265 | N105: 98
C106: =[24]Process!D140 -> 11.8 | I106: VITAMALT | J106: =AVERAGE(I10:I17) -> 99.61038 | K106: =COUNTA([25]Brewhouse!$A$26:$A$33) -> 8 | L106: =AVERAGE([25]Brewhouse!$AV$26:$AV$33) -> 99.61038 | M106: =AVERAGE([25]Brewhouse!$AV$5:$AV$14,[25]Brewhouse!$AV$16:$AV$19,[25]Brewhouse!$AV$21:$AV$24,[25]Brewhouse!$AV$26:$AV$33) -> 98.921975 | N106: 98
I107: MAXIMALT | N107: 98
I108: MACKESON | M108: =AVERAGE([26]Brewhouse!$AT$4:$AT$11) -> 94.812617 | N108: 98
I109: STARMALT | K109: =COUNTA([27]Brewhouse!$A$31:$A$34) -> 4 | L109: =AVERAGE([27]Brewhouse!$AY$31:$AY$34) -> 98.653229 | M109: =AVERAGE([27]Brewhouse!$AY$6:$AY$13,[27]Brewhouse!$AY$15:$AY$20,[27]Brewhouse!$AY$22:$AY$29,[27]Brewhouse!$AY$31:$AY$34) -> 96.120888 | N109: 98
I110: HR- Pils | M110: =AVERAGE([28]Brewhouse!$AU$5:$AU$8) -> 91.006888 | N110: 98
I111: HR- IPA | N111: 98
I112: HR- APA | N112: 98
K113: =SUM(K103:K112) -> 67 | L113: =((L103*K103)+(L104*K104)+(L105*K105)+(L106*K106)+(L107*K107)+(K110*L110)+(L108*K108)+(L109*K109)+(L112*K112))/(K113) -> 98.787158 | M113: =AVERAGE('[29]Jan 31st'!$L$65,'[30]Feb 28th'!$L$35,'[31]Mar. 31st'!$L$35,L113) -> 97.238094 | N113: 98
B115: =I103 -> CARIB | C115: =[23]Process!D332 -> 11.7 | D115: 11.85 | J115: Daily Brewing Plan
C116: =[23]Process!D333 -> 11.9 | J116: Brand | K116: Brews Achieved | L116: Average Brews per day
C117: =[23]Process!D334 -> 11.8 | D117: 12.06 | J117: CARIB | L117: MTD | M117: YTD | N117: TARGET
C118: =[23]Process!D335 -> 12 | J118: STAG | L118: =AVERAGE('Apr. 1st'!K49,'Apr. 14th'!K127,'Apr. 3rd'!K49,'Apr. 4th'!K49,'Apr. 7th '!K50,'Apr. 8th '!K60,'Apr. 9th '!K50,'Apr. 10th '!K58,'Apr. 11-12-13th'!I127,'Apr. 11-12-13th'!J127,'Apr. 11-12-13th'!K127) -> 6.0909091 | M118: =AVERAGE('[29]Jan 29th '!$M$70,'[30]Feb 28th'!$L$40,'[31]Mar. 31st'!$L$40,L118) -> 6.4765615 | N118: 9.2
C119: =[23]Process!D336 -> 12 | D119: 11.97 | J119: GUINN
C120: =[23]Process!D337 -> 11.9 | J120: VITAMALT | K120: 8
C121: =[23]Process!D338 -> 11.8 | D121: 12.14 | J121: STARMALT
C122: =[23]Process!D339 -> 11.61 | J122: MACKESON
J123: HURRICANE REEF- IPA
J124: HURRICANE REEF- APA
B125: AVERAGE | D125: =AVERAGE(D103:E124) -> 12.048333 | J125: HR- PILSNER
J126: CARIBE
J127: Total | K127: =SUM(K117:K126) -> 8
B128: Process: | C128: Fermentation/Filtration
B130: Brand | C130: Filt. Date | D130: FV Hls | E130: GFE/ Prim/ Vita Blend (Hls) | F130: SV Hls | G130: BBT Hls | H130: Loss (%) Ferm | I130: Loss (%) Filt | J130: Comments | K130: Throughput | L130: Process Loss (%) | M130: Filt. Operator
T131: 43466 | U131: 43467 | V131: 43468 | W131: 43469 | X131: 43470 | Y131: 43471 | Z131: 43472 | AA131: 43473 | AB131: 43474 | AC131: 43475 | AD131: 43476 | AE131: 43477 | AF131: 43478 | AG131: 43479 | AH131: 43480 | AI131: 43481 | AJ131: 43482 | AK131: 43483 | AL131: 43484 | AM131: 43485 | AN131: 43486 | AO131: 43487 | AP131: 43488 | AQ131: 43489 | AR131: 43490 | AS131: 43491 | AT131: 43492 | AU131: 43493 | AV131: 43494 | AW131: 43495 | AX131: 43496
B132: =B141 -> STAG | C132: 45761 | D132: =[32]April_2025!$Q$13 -> 196.6 | F132: =[34]STAG!$L$22+[34]STAG!$L$24 -> 193.4 | G132: =[32]April_2025!$Q$17 -> 187 | H132: =(D132-F132)/D132*100 -> 1.6276704 | I132: =((F132+E132)-G132)/(F132+E132)*100 -> 3.3092037 | J132: NO BREAK- Water added | K132: =[33]April_2025!$Q$25 -> 0.65614035 | L132: =(((D132+E132)-G132)/(D132+E132))*100 -> 4.8830112 | M132: D. Emery | S132: hls
B134: =B140 -> CARIB | C134: 45761 | D134: =[32]April_2025!$Q$3 -> 412.4 | F134: =[34]CARIB!$L$52 -> 397.5 | G134: =[32]April_2025!$Q$7 -> 389.4 | H134: =(D134-F134)/D134*100 -> 3.6129971 | I134: =((F134+E134)-G134)/(F134+E134)*100 -> 2.0377358 | J134: 1 SBF | K134: =[33]April_2025!$Q$18 -> 0.68315789 | L134: =(((D134+E134)-G134)/(D134+E134))*100 -> 5.5771096 | M134: T. Charles
S135: Throughput | T135: =[20]January_2019!D8 -> #DIV/0! | U135: =[20]January_2019!E8 -> 1.0319298 | V135: =[20]January_2019!F8 -> 1.7789474 | W135: =[20]January_2019!G8 -> 0.51929825 | X135: =[20]January_2019!H8 -> #DIV/0! | Y135: =[20]January_2019!I8 -> #DIV/0! | Z135: =[20]January_2019!J8 -> 1.3652632 | AA135: =[20]January_2019!K8 -> #DIV/0! | ... AX135: =[20]January_2019!AH8 -> #DIV/0!
B138: Process Loss (Volume) | G138: Process Loss (Extract) | K138: Throughput
B139: Brand | C139: Actual | D139: MTD | E139: YTD | F139: Target | G139: Actual | H139: MTD | I139: YTD | J139: Target | L139: MTD | M139: YTD | N139: Target
B140: CARIB | C140: =L134 -> 5.5771096 | D140: 6.5950529 | E140: 6.9070401 | F140: 4.8 | G140: =[32]April_2025!$Q$11 -> 3.9754289 | H140: 6.0338604 | I140: 7.4528211 | J140: 4.8 | K140: =K134 -> 0.68315789 | L140: 0.71026316 | M140: 0.76794308 | N140: 1
B141: STAG | C141: =L132 -> 4.8830112 | D141: 3.3990685 | E141: 6.0934553 | F141: 4.8 | G141: =[32]April_2025!$Q$21 -> 1.7947973 | H141: 3.0755621 | I141: 6.9753297 | J141: 4.8 | K141: =K132 -> 0.65614035 | L141: 0.90643275 | M141: 0.74152601 | N141: 1
B142: GUINN | D142: 10.826845 | E142: 13.125604 | F142: 5.5 | H142: 10.823248 | I142: 13.879185 | J142: 5.5 | L142: 0.42192982 | M142: 0.51242364 | N142: 1
B143: VITAMALT | E143: 3.9190537 | F143: 3.3 | I143: 6.2094378 | J143: 3.3 | M143: 0.75184211 | N143: 1
B144: MAXIMALT | F144: 3.3 | J144: 3 | N144: 1
B145: MACKESON | E145: 8.7664671 | F145: =[21]May_2022!$M$43 -> 3.4878407 | I145: 10.607236 | J145: 5.5 | M145: 0.66824561 | N145: 1
B146: STARMALT | D146: 0.38967365 | E146: 1.8560729 | F146: 3.3 | H146: 3.9053322 | I146: 4.5764572 | J146: 3.3 | L146: 0.71754386 | M146: 0.83594855 | N146: 1
B147: HURRICANE REEF | F147: 7.5 | J147: 7.5 | N147: 1
B148: HURRICANE REEF PILS | E148: 4.8792509 | F148: 4.8 | I148: 6.2003724 | J148: 4.8 | L148: 0 | M148: 0.33859649 | N148: 1
D149: 5.6924818 | E149: 6.8000553 | F149: 5.5 | H149: 5.6179149 | I149: 7.8312066 | J149: 5.5 | L149: 0.73391363 | M149: 0.7331449 | N149: 1
AC161: :

Sheet Apr. 15th
S1: P.G. | U1: Hot Time | W1: Process Time | Y1: Cooling Time
B2: Brewing Department Daily Process Loss Report | S2: Lower | T2: Upper | U2: Lower | V2: Upper | W2: Lower | X2: Upper | Y2: Lower | Z2: Upper
R3: CARIB | S3: 11.6 | T3: 12 | U3: 0 | V3: 0.11805556 | W3: 0.22569444 | X3: 0.26388889 | Y3: 0 | Z3: 60 | AB3: HR- PISNER
B4: Date: | C4: 45763 | J4: LOT WORT COLOUR: 3.6 | M4: Filter Sheets (Target 20 days) | R4: STAG | S4: 11.6 | T4: 12 | U4: 0 | V4: 0.11805556 | W4: 0.22569444 | X4: 0.26388889 | Y4: 0 | Z4: 60
M5: Double | N5: Single | R5: GUINNESS | S5: 17 | T5: 17.5 | U5: 0 | V5: 0.10763889 | W5: 0.24652778 | X5: 0.28472222 | Y5: 0 | Z5: 60
J6: MALT LOT: Lot 34 | L6: Sheet Day | M6: 12 | N6: 10 | R6: MACKESON | S6: 13.3 | T6: 13.5 | U6: 0 | V6: 0.12905093 | W6: 0.27430556 | X6: 0.30208333 | Y6: 0
R7: STARMALT | S7: 17.1 | T7: 17.5 | U7: 0 | V7: 0.13605324 | W7: 0.27430556 | X7: 0.30902778 | Y7: 0 | Z7: 60
B8: Brand | C8: Brew no. | D8: Kett. Hls | E8: Wort | F8: Cool Time(Mins) | G8: Cast. P.G. (Lab Result) | H8: Cast P.G. (Cellar Operator)-gravity | I8: (Cellar Operator vol) Extr. Rec | J8: Extr. Rec (78.5%) | K8: Theor. Extr. (77.5%) | L8: Boil Off /Vol. (4-6%) | M8: Boil Time | N8: Total Hot | O8: Brewing | P8: Operator | Q8: Actual Pilsen Malt | R8: Hurricane Reef | S8: 16.6 | T8: 17 | U8: 0 | V8: 0.12905093 | W8: 0.27430556 | X8: 0.30208333 | Y8: 0
E9: Meter (Hls) | F9: Target(< 60Mins) | N9: Time | R9: VITAMALT | S9: 14.4 | T9: 14.6 | U9: 0 | V9: 0.13905093 | W9: 0.26041667 | X9: 0.29513889 | Y9: 0 | Z9: 75
B10: CARIB | C10: =[23]Brewhouse!$A371 -> CA267 | D10: =[23]Brewhouse!$AF371 -> 54.2 | E10: =[23]Brewhouse!$AI371 -> 49.4 | F10: =[23]Brewhouse!$V371 -> 52 | G10: =[23]Brewhouse!$AG371 -> 12 | H10: 11.8 | I10: =[23]Brewhouse!AY371 -> 99.710717 | J10: =[23]Brewhouse!$AU371 -> 100.97805 | K10: =[23]Brewhouse!$AV371 -> 102.61394 | L10: =[23]Brewhouse!$Q371 -> 7.5357143 | M10: =[23]Brewhouse!$P371 -> 57 | N10: =[23]Brewhouse!$U371-[23]Brewhouse!$T371 -> 0.10347222 | O10: =[23]Brewhouse!$Z371 -> 0.24583333 | P10: =[23]Brewhouse!$AX371 -> G. Mason | S10: =B10 -> CARIB | T10: =VLOOKUP($B10,$R$3:$X$9,2,FALSE) -> 11.6 | U10: =VLOOKUP($B10,$R$3:$X$9,3,FALSE) -> 12 | V10: =VLOOKUP($B10,$R$3:$X$9,4,FALSE) -> 0 | W10: =VLOOKUP($B10,$R$3:$X$9,5,FALSE) -> 0.11805556 | X10: =VLOOKUP($B10,$R$3:$X$9,6,FALSE) -> 0.22569444 | Y10: =VLOOKUP($B10,$R$3:$X$9,7,FALSE) -> 0.26388889 | Z10: =VLOOKUP($B10,$R$3:$Z$9,8,FALSE) -> 0 | AA10: =VLOOKUP($B10,$R$3:$Z$9,9,FALSE) -> 60
B11: CARIB | C11: =[23]Brewhouse!$A372 -> CA268 | D11: =[23]Brewhouse!$AF372 -> 54.5 | E11: =[23]Brewhouse!$AI372 -> 51 | F11: =[23]Brewhouse!$V372 -> 59 | G11: =[23]Brewhouse!$AG372 -> 11.8 | H11: 11.9 | I11: =[23]Brewhouse!AY372 -> 98.32575 | J11: =[23]Brewhouse!$AU372 -> 99.240317 | K11: =[23]Brewhouse!$AV372 -> 100.85034 | L11: =[23]Brewhouse!$Q372 -> 8.5460993 | M11: =[23]Brewhouse!$P372 -> 61 | N11: =[23]Brewhouse!$U372-[23]Brewhouse!$T372 -> 0.11597222 | O11: =[23]Brewhouse!$Z372 -> 0.24930556 | P11: =[23]Brewhouse!$AX372 -> K.Benjamin | S11: =B11 -> CARIB | T11: =VLOOKUP($B11,$R$3:$X$9,2,FALSE) -> 11.6 | U11: =VLOOKUP($B11,$R$3:$X$9,3,FALSE) -> 12 | V11: =VLOOKUP($B11,$R$3:$X$9,4,FALSE) -> 0 | W11: =VLOOKUP($B11,$R$3:$X$9,5,FALSE) -> 0.11805556 | X11: =VLOOKUP($B11,$R$3:$X$9,6,FALSE) -> 0.22569444 | Y11: =VLOOKUP($B11,$R$3:$X$9,7,FALSE) -> 0.26388889 | Z11: =VLOOKUP($B11,$R$3:$Z$9,8,FALSE) -> 0 | AA11: =VLOOKUP($B11,$R$3:$Z$9,9,FALSE) -> 60
B12: CARIB | C12: =[23]Brewhouse!$A373 -> CA269 | D12: =[23]Brewhouse!$AF373 -> 54.1 | E12: =[23]Brewhouse!$AI373 -> 50.5 | F12: =[23]Brewhouse!$V373 -> 57 | G12: =[23]Brewhouse!$AG373 -> 12.03 | H12: 11.8 | I12: =[23]Brewhouse!AY373 -> 99.464741 | J12: =[23]Brewhouse!$AU373 -> 100.0193 | K12: =[23]Brewhouse!$AV373 -> 101.64197 | L12: =[23]Brewhouse!$Q373 -> 6.9454545 | M12: =[23]Brewhouse!$P373 -> 60 | N12: =[23]Brewhouse!$U373-[23]Brewhouse!$T373 -> 0.11319444 | O12: =[23]Brewhouse!$Z373 -> 0.25416667 | P12: =[23]Brewhouse!$AX373 -> K.Benjamin | S12: =B12 -> CARIB | T12: =VLOOKUP($B12,$R$3:$X$9,2,FALSE) -> 11.6 | U12: =VLOOKUP($B12,$R$3:$X$9,3,FALSE) -> 12 | V12: =VLOOKUP($B12,$R$3:$X$9,4,FALSE) -> 0 | W12: =VLOOKUP($B12,$R$3:$X$9,5,FALSE) -> 0.11805556 | X12: =VLOOKUP($B12,$R$3:$X$9,6,FALSE) -> 0.22569444 | Y12: =VLOOKUP($B12,$R$3:$X$9,7,FALSE) -> 0.26388889 | Z12: =VLOOKUP($B12,$R$3:$Z$9,8,FALSE) -> 0 | AA12: =VLOOKUP($B12,$R$3:$Z$9,9,FALSE) -> 60
B13: CARIB | C13: =[23]Brewhouse!$A374 -> CA270 | D13: =[23]Brewhouse!$AF374 -> 54.6 | E13: =[23]Brewhouse!$AI374 -> 51 | F13: =[23]Brewhouse!$V374 -> 62 | G13: =[23]Brewhouse!$AG374 -> 11.81 | H13: 11.8 | I13: =[23]Brewhouse!AY374 -> 97.057053 | J13: =[23]Brewhouse!$AU374 -> 99.117135 | K13: =[23]Brewhouse!$AV374 -> 100.72525 | L13: =[23]Brewhouse!$Q374 -> 7 | M13: =[23]Brewhouse!$P374 -> 60 | N13: =[23]Brewhouse!$U374-[23]Brewhouse!$T374 -> 0.10972222 | O13: =[23]Brewhouse!$Z374 -> 0.25833333 | P13: =[23]Brewhouse!$AX374 -> K.Benjamin | S13: =B13 -> CARIB | T13: =VLOOKUP($B13,$R$3:$X$9,2,FALSE) -> 11.6 | U13: =VLOOKUP($B13,$R$3:$X$9,3,FALSE) -> 12 | V13: =VLOOKUP($B13,$R$3:$X$9,4,FALSE) -> 0 | W13: =VLOOKUP($B13,$R$3:$X$9,5,FALSE) -> 0.11805556 | X13: =VLOOKUP($B13,$R$3:$X$9,6,FALSE) -> 0.22569444 | Y13: =VLOOKUP($B13,$R$3:$X$9,7,FALSE) -> 0.26388889 | Z13: =VLOOKUP($B13,$R$3:$Z$9,8,FALSE) -> 0 | AA13: =VLOOKUP($B13,$R$3:$Z$9,9,FALSE) -> 60
