Workbook

Sheet Entries April 2026
B1: ENTRIES FOR DAILY CONS. MONITOR | O1: =B1 -> ENTRIES FOR DAILY CONS. MONITOR
O2: Service 227.3 cubic meters (2273 Hls)Filtered 189.3 cubic meters(1893 Hls)
D3: FUEL | J3: ELECT. | L3: CO2 | O3: WATER | AG3: CO2 Scrubber (m3) | AH3: Supply to Washdown Area (m3) | AI3: Supply to RUs (m3) | AJ3: Steam Mass Flow Meter | AL3: CO2 TANKS' READING
B4: Boilers tot. | C4: Boiler 1 | D4: Gen. meter | E4: Tank level | F4: Boiler 1 | G4: Boiler 2 | H4: Gen | I4: Meter1 | J4: Meter 2 | K4: Gen Meter | L4: Consumption (FILTRATION) (kg) | M4: Consumption (Totalizer Flowmeter) | N4: Consumption (Filler) (kg) | O4: Nawasa Meter (m3) | P4: Annandale Supply (m3) | Q4: Service Supply to Plant (m3) | R4: Cellars/Filtration (m3) | S4: Brewhouse Meter (m3) | T4: Cellars/Process Areas (m3) | U4: Pasteuriser (m3) | V4: Water Plant-Nawasa Annadale (m3) | W4: Water Plant-Well # 1 (m3) | X4: CIP Process | Y4: Bottle Washer | Z4: Boiler | AA4: Permeate #1 | AB4: Permeate #2 | AC4: Bottle Filler (m3) | AD4: RO # 1 Totaliser (m3) | AE4: RO # 2 Totaliser (m3) | AF4: Recovered Water (m3) | AL4: Tank "C" | AM4: Tank "A" | AN4: Tank "B" | AO4: Mobile Tanker
A5: DATE | B5: (liters) | C5: (liters) | D5: (Imp. gals) | E5: (inches) | F5: Hrs | G5: Hrs | H5: Hrs. | I5: (Kwhr) | J5: (Kwhr) | K5: (Kwhr) | M5: (kg) | X5: (m3) | Y5: (m3) | Z5: (m3) | AL5: inH2O | AM5: (Kg.) | AN5: (Kg.) | AO5: (pounds)
A6: 1 | B6: 8119100 | E6: 64 | F6: 8658.6 | G6: 68225 | I6: 825474 | K6: 468000 | L6: 19274.65 | M6: 377633.25 | N6: 58084.65 | O6: 227533 | P6: 61994 | Q6: 959930 | S6: 78247 | U6: 22559 | V6: 1341402 | X6: 43639 | Y6: 59389 | Z6: 13039 | AA6: 97122 | AC6: 4267 | AD6: 262820 | AJ6: 7360518.3
A7: 2 | B7: 8121800 | E7: 64 | F7: 8675.8 | G7: 68225 | I7: 831401 | K7: 468000 | L7: 19386.46 | M7: 379260.63 | N7: 58202.47 | O7: 227740 | P7: 62150 | Q7: 960141 | S7: 78343 | U7: 22561 | V7: 1341566 | X7: 43707 | Y7: 59449 | Z7: 13052 | AA7: 97122 | AC7: 4280 | AD7: 262846 | AJ7: 7361047.4
A8: 3 | B8: 8124250 | E8: 64 | F8: 8693.4 | G8: 68225 | I8: 837233 | K8: 468000 | L8: 19624.64 | M8: 381077.13 | N8: 58342.52 | O8: 227864 | P8: 62318 | Q8: 960307 | S8: 78419 | U8: 22563 | V8: 1341743 | X8: 43730 | Y8: 59506 | Z8: 13056 | AA8: 97122 | AC8: 4301 | AD8: 262846 | AJ8: 7361047.4
A9: 4 | B9: 8124400 | E9: 64 | F9: 8695.1 | G9: 68225 | I9: 839927 | K9: 468000 | L9: 19624.64 | M9: 381077.13 | N9: 58342.52 | O9: 227864 | P9: 62318 | Q9: 960320 | S9: 78419 | U9: 22563 | V9: 1341743 | X9: 43730 | Y9: 59506 | Z9: 13073 | AA9: 97122 | AC9: 4301 | AD9: 262846 | AJ9: 7361047.4
A10: 5 | B10: 8124760 | E10: 64 | F10: 8697.6 | G10: 68225 | I10: 842898 | K10: 468000 | L10: 19624.64 | M10: 381077.13 | N10: 58342.52 | O10: 227891 | P10: 62438 | Q10: 960378 | S10: 78419 | U10: 22563 | V10: 1341869 | X10: 43730 | Y10: 59540 | Z10: 13075 | AA10: 97122 | AC10: 4301 | AD10: 262846 | AJ10: 7361047.4
A11: 6 | B11: 8124760 | E11: 64 | F11: 8697.6 | G11: 68225 | I11: 845809 | K11: 468000 | L11: 19624.64 | M11: 381077.13 | N11: 58342.52 | O11: 227891 | P11: 62438 | Q11: 960386 | S11: 78419 | U11: 22563 | V11: 1341869 | X11: 43730 | Y11: 59540 | Z11: 13075 | AA11: 97122 | AC11: 4301 | AD11: 262846 | AJ11: 7361047.4
A12: 7 | B12: 8125540 | E12: 64 | F12: 8702.2 | G12: 68225 | I12: 848408 | K12: 468000 | L12: 19624.64 | M12: 381077.13 | N12: 58342.52 | O12: 227891 | P12: 62438 | Q12: 960392 | S12: 78419 | U12: 22563 | V12: 1341869 | X12: 43730 | Y12: 59540 | Z12: 13079 | AA12: 97122 | AC12: 4301 | AD12: 262846 | AJ12: 7361047.4
A13: 8 | B13: 8128770 | E13: 64 | F13: 8723.1 | G13: 68225 | I13: 853622 | K13: 468000 | L13: 19652.22 | M13: 381750.11 | N13: 58478.74 | O13: 227925 | P13: 62622 | Q13: 960544 | S13: 78559 | U13: 22566 | V13: 1342062 | X13: 43772 | Y13: 59578 | Z13: 13094 | AA13: 97122 | AC13: 4318 | AD13: 262846 | AJ13: 7361475
A14: 9 | B14: 8131570 | E14: 64 | F14: 8742 | G14: 68225 | I14: 859472 | K14: 468000 | L14: 19811.83 | M14: 384862.26 | N14: 58796.08 | O14: 228097 | P14: 62769 | Q14: 960807 | S14: 78612 | U14: 22567 | V14: 1342217 | X14: 43820 | Y14: 59698 | Z14: 13109 | AA14: 97122 | AC14: 4350 | AD14: 262857 | AJ14: 7361475
A15: 10 | B15: 8135360 | E15: 64 | F15: 8762.4 | G15: 68225 | I15: 866373 | K15: 468000 | L15: 20086.56 | M15: 388373.94 | N15: 59204.72 | O15: 228334 | P15: 62907 | Q15: 961065 | S15: 78779 | U15: 22568 | V15: 1342361 | X15: 43851 | Y15: 59834 | Z15: 13126 | AA15: 97122 | AC15: 4383 | AD15: 262878 | AJ15: 7361475
A16: 11 | B16: 8137760 | E16: 64 | F16: 8779.8 | G16: 68225 | I16: 873219 | K16: 468000 | L16: 20422.05 | M16: 391468.13 | N16: 59491.2 | O16: 228545 | P16: 63073 | Q16: 961269 | S16: 78891 | U16: 22568 | V16: 1342535 | X16: 43881 | Y16: 59913 | Z16: 13142 | AA16: 97122 | AC16: 4408 | AD16: 262902 | AJ16: 7361475
A17: 12 | B17: 8137760 | E17: 64 | F17: 8779.8 | G17: 68225 | I17: 876202 | K17: 468000 | L17: 20422.05 | M17: 391468.13 | N17: 59491.2 | O17: 228576 | P17: 63105 | Q17: 961320 | S17: 78891 | U17: 22568 | V17: 1342569 | X17: 43881 | Y17: 59939 | Z17: 13143 | AA17: 97122 | AC17: 4408 | AD17: 262902 | AJ17: 7361475
... A36: 1 | B36: 8185550 | E36: 64 | F36: 9079.9 | G36: 68225 | I36: 978969 | K36: 468000 | L36: 23965.65 | M36: 423063.03 | N36: 63182.72 | O36: 231941 | P36: 65287 | Q36: 964847 | S36: 80995 | U36: 22587 | V36: 1344858 | X36: 44524 | Y36: 61386 | Z36: 13446 | AA36: 97122 | AC36: 4803 | AD36: 263138 | AJ36: 7362269.3

Sheet Utility Analysis April 2026
J2: GRENADA BREWERIES LIMITED
J3: UTILITY ANALYSIS
A5: MONTH: | I5: 39295
A7: DATE | D7: ELECTRICITY GRENLEC | E7: Solar System CARIB | F7: % (Solar/Total Usage) | G7: CARIB GENSET | H7: ELECTRICITY TOTAL | I7: WATER | J7: FUEL | K7: CO2 | L7: PRODUCTION - HL | Q7: UTILITY RATIOS
B8: METER 1 | C8: METER 2 | Q8: Elect | R8: Water | S8: Fuel | T8: CO2
G9: USAGE (kwh) | H9: USAGE (kwh) | I9: USAGE (Hl) | J9: USAGE (l) | K9: USAGE (Kg.) | L9: BREWED | M9: BOTTLED | N9: KEGS | O9: OTHER | P9: TOTAL | Q9: KWH/Hl | R9: Hl/hl | S9: Litres/hl | T9: kg./Hl
A10: 1 | B10: =IF('Entries April 2026'!I7<'Entries April 2026'!I6,"0",(IF('Entries April 2026'!I7>='Entries April 2026'!I6,'Entries April 2026'!I7-'Entries April 2026'!I6,(999999-'Entries April 2026'!I6)+'Entries April 2026'!I7+1))) -> 5927 | C10: =IF('Entries April 2026'!J7<='Entries April 2026'!J6,"0",IF('Entries April 2026'!J7>='Entries April 2026'!J6,'Entries April 2026'!J7-'Entries April 2026'!J6,(999999-'Entries April 2026'!J6)+'Entries April 2026'!J7+1)) -> 0 | D10: =B10+C10 -> 5927 | E10: 1739.4 | F10: =IF((E10+D10)=0,"0",E10/(D10+E10)) -> 0.22688615 | G10: =IF('Entries April 2026'!K7<'Entries April 2026'!K6,"0",IF('Entries April 2026'!K7>='Entries April 2026'!K6,'Entries April 2026'!K7-'Entries April 2026'!K6,(999999-'Entries April 2026'!K6)+'Entries April 2026'!K7+1)) -> 0 | H10: =D10+G10+E10 -> 7666.4 | I10: ='Water '!Z7*10 -> 3630 | J10: =IF('Entries April 2026'!B7-'Entries April 2026'!B6<1,"0",'Entries April 2026'!B7-'Entries April 2026'!B6) -> 2700 | K10: ='CO2'!E7 -> 1200 | L10: =+'PROD.FIG. '!F5 -> 0 | M10: =+'PROD.FIG. '!C5 -> 0 | N10: =+'PROD.FIG. '!D5 -> 0 | O10: =+'PROD.FIG. '!E5 -> 0 | P10: {=TRANSPOSE('Daily KPIs'!B9:AE9)} -> 209.55 | Q10: =IF(P10=0,0,H10/P10) -> 36.585063 | R10: =IF(Q10=0,0,I10/P10) -> 17.322835 | S10: =IF(R10=0,0,J10/P10) -> 12.884753 | T10: =IF(S10=0,0,K10/P10) -> 5.7265569
A11: 2 | B11: =IF('Entries April 2026'!I8<'Entries April 2026'!I7,"0",(IF('Entries April 2026'!I8>='Entries April 2026'!I7,'Entries April 2026'!I8-'Entries April 2026'!I7,(999999-'Entries April 2026'!I7)+'Entries April 2026'!I8+1))) -> 5832 | C11: =IF('Entries April 2026'!J8<='Entries April 2026'!J7,"0",IF('Entries April 2026'!J8>='Entries April 2026'!J7,'Entries April 2026'!J8-'Entries April 2026'!J7,(999999-'Entries April 2026'!J7)+'Entries April 2026'!J8+1)) -> 0 | D11: =B11+C11 -> 5832 | E11: 1604.4 | F11: =IF((E11+D11)=0,"0",E11/(D11+E11)) -> 0.21574956 | G11: =IF('Entries April 2026'!K8<'Entries April 2026'!K7,"0",IF('Entries April 2026'!K8>='Entries April 2026'!K7,'Entries April 2026'!K8-'Entries April 2026'!K7,(999999-'Entries April 2026'!K7)+'Entries April 2026'!K8+1)) -> 0 | H11: =D11+G11+E11 -> 7436.4 | I11: ='Water '!Z8*10 -> 2920 | J11: =IF('Entries April 2026'!B8-'Entries April 2026'!B7<1,"0",'Entries April 2026'!B8-'Entries April 2026'!B7) -> 2450 | K11: ='CO2'!E8 -> 1400 | L11: =+'PROD.FIG. '!F6 -> 0 | M11: =+'PROD.FIG. '!C6 -> 0 | N11: =+'PROD.FIG. '!D6 -> 0 | O11: =+'PROD.FIG. '!E6 -> 0 | P11: 189.288 | Q11: =IF(P11=0,0,H11/P11) -> 39.286167 | R11: =IF(Q11=0,0,I11/P11) -> 15.426229 | S11: =IF(R11=0,0,J11/P11) -> 12.94324 | T11: =IF(S11=0,0,K11/P11) -> 7.3961371
A12: 3 | B12: =IF('Entries April 2026'!I9<'Entries April 2026'!I8,"0",(IF('Entries April 2026'!I9>='Entries April 2026'!I8,'Entries April 2026'!I9-'Entries April 2026'!I8,(999999-'Entries April 2026'!I8)+'Entries April 2026'!I9+1))) -> 2694 | C12: =IF('Entries April 2026'!J9<='Entries April 2026'!J8,"0",IF('Entries April 2026'!J9>='Entries April 2026'!J8,'Entries April 2026'!J9-'Entries April 2026'!J8,(999999-'Entries April 2026'!J8)+'Entries April 2026'!J9+1)) -> 0 | D12: =B12+C12 -> 2694 | E12: 1730.6 | F12: =IF((E12+D12)=0,"0",E12/(D12+E12)) -> 0.3911314 | G12: =IF('Entries April 2026'!K9<'Entries April 2026'!K8,"0",IF('Entries April 2026'!K9>='Entries April 2026'!K8,'Entries April 2026'!K9-'Entries April 2026'!K8,(999999-'Entries April 2026'!K8)+'Entries April 2026'!K9+1)) -> 0 | H12: =D12+G12+E12 -> 4424.6 | I12: ='Water '!Z9*10 -> 0 | J12: =IF('Entries April 2026'!B9-'Entries April 2026'!B8<1,"0",'Entries April 2026'!B9-'Entries April 2026'!B8) -> 150 | K12: ='CO2'!E9 -> 0 | L12: =+'PROD.FIG. '!F7 -> 0 | M12: =+'PROD.FIG. '!C7 -> 0 | N12: =+'PROD.FIG. '!D7 -> 0 | O12: =+'PROD.FIG. '!E7 -> 0 | P12: 0 | Q12: =IF(P12=0,0,H12/P12) -> 0 | R12: =IF(Q12=0,0,I12/P12) -> 0 | S12: =IF(R12=0,0,J12/P12) -> 0 | T12: =IF(S12=0,0,K12/P12) -> 0
A13: 4 | B13: =IF('Entries April 2026'!I10<'Entries April 2026'!I9,"0",(IF('Entries April 2026'!I10>='Entries April 2026'!I9,'Entries April 2026'!I10-'Entries April 2026'!I9,(999999-'Entries April 2026'!I9)+'Entries April 2026'!I10+1))) -> 2971 | C13: =IF('Entries April 2026'!J10<='Entries April 2026'!J9,"0",IF('Entries April 2026'!J10>='Entries April 2026'!J9,'Entries April 2026'!J10-'Entries April 2026'!J9,(999999-'Entries April 2026'!J9)+'Entries April 2026'!J10+1)) -> 0 | D13: =B13+C13 -> 2971 | E13: 1214.2 | F13: =IF((E13+D13)=0,"0",E13/(D13+E13)) -> 0.29011756 | G13: =IF('Entries April 2026'!K10<'Entries April 2026'!K9,"0",IF('Entries April 2026'!K10>='Entries April 2026'!K9,'Entries April 2026'!K10-'Entries April 2026'!K9,(999999-'Entries April 2026'!K9)+'Entries April 2026'!K10+1)) -> 0 | H13: =D13+G13+E13 -> 4185.2 | I13: ='Water '!Z10*10 -> 1470 | J13: =IF('Entries April 2026'!B10-'Entries April 2026'!B9<1,"0",'Entries April 2026'!B10-'Entries April 2026'!B9) -> 360 | K13: ='CO2'!E10 -> 0 | L13: =+'PROD.FIG. '!F8 -> 0 | M13: =+'PROD.FIG. '!C8 -> 0 | N13: =+'PROD.FIG. '!D8 -> 0 | O13: =+'PROD.FIG. '!E8 -> 0 | P13: 0 | Q13: =IF(P13=0,0,H13/P13) -> 0 | R13: =IF(Q13=0,0,I13/P13) -> 0 | S13: =IF(R13=0,0,J13/P13) -> 0 | T13: =IF(S13=0,0,K13/P13) -> 0
A14: 5 | B14: =IF('Entries April 2026'!I11<'Entries April 2026'!I10,"0",(IF('Entries April 2026'!I11>='Entries April 2026'!I10,'Entries April 2026'!I11-'Entries April 2026'!I10,(999999-'Entries April 2026'!I10)+'Entries April 2026'!I11+1))) -> 2911 | C14: =IF('Entries April 2026'!J11<='Entries April 2026'!J10,"0",IF('Entries April 2026'!J11>='Entries April 2026'!J10,'Entries April 2026'!J11-'Entries April 2026'!J10,(999999-'Entries April 2026'!J10)+'Entries April 2026'!J11+1)) -> 0 | D14: =B14+C14 -> 2911 | E14: 1085.9 | F14: =IF((E14+D14)=0,"0",E14/(D14+E14)) -> 0.27168556 | G14: =IF('Entries April 2026'!K11<'Entries April 2026'!K10,"0",IF('Entries April 2026'!K11>='Entries April 2026'!K10,'Entries April 2026'!K11-'Entries April 2026'!K10,(999999-'Entries April 2026'!K10)+'Entries April 2026'!K11+1)) -> 0 | H14: =D14+G14+E14 -> 3996.9 | I14: ='Water '!Z11*10 -> 0 | J14: =IF('Entries April 2026'!B11-'Entries April 2026'!B10<1,"0",'Entries April 2026'!B11-'Entries April 2026'!B10) -> 0 | K14: ='CO2'!E11 -> 0 | L14: =+'PROD.FIG. '!F9 -> 0 | M14: =+'PROD.FIG. '!C9 -> 0 | N14: =+'PROD.FIG. '!D9 -> 0 | O14: =+'PROD.FIG. '!E9 -> 0 | P14: 0 | Q14: =IF(P14=0,0,H14/P14) -> 0 | R14: =IF(Q14=0,0,I14/P14) -> 0 | S14: =IF(R14=0,0,J14/P14) -> 0 | T14: =IF(S14=0,0,K14/P14) -> 0
A15: 6 | B15: =IF('Entries April 2026'!I12<'Entries April 2026'!I11,"0",(IF('Entries April 2026'!I12>='Entries April 2026'!I11,'Entries April 2026'!I12-'Entries April 2026'!I11,(999999-'Entries April 2026'!I11)+'Entries April 2026'!I12+1))) -> 2599 | C15: =IF('Entries April 2026'!J12<='Entries April 2026'!J11,"0",IF('Entries April 2026'!J12>='Entries April 2026'!J11,'Entries April 2026'!J12-'Entries April 2026'!J11,(999999-'Entries April 2026'!J11)+'Entries April 2026'!J12+1)) -> 0 | D15: =B15+C15 -> 2599 | E15: 1238.7 | F15: =IF((E15+D15)=0,"0",E15/(D15+E15)) -> 0.32277145 | G15: =IF('Entries April 2026'!K12<'Entries April 2026'!K11,"0",IF('Entries April 2026'!K12>='Entries April 2026'!K11,'Entries April 2026'!K12-'Entries April 2026'!K11,(999999-'Entries April 2026'!K11)+'Entries April 2026'!K12+1)) -> 0 | H15: =D15+G15+E15 -> 3837.7 | I15: ='Water '!Z12*10 -> 0 | J15: =IF('Entries April 2026'!B12-'Entries April 2026'!B11<1,"0",'Entries April 2026'!B12-'Entries April 2026'!B11) -> 780 | K15: ='CO2'!E12 -> 600 | L15: =+'PROD.FIG. '!F10 -> 0 | M15: =+'PROD.FIG. '!C10 -> 0 | N15: =+'PROD.FIG. '!D10 -> 0 | O15: =+'PROD.FIG. '!E10 -> 0 | P15: 0 | Q15: =IF(P15=0,0,H15/P15) -> 0 | R15: =IF(Q15=0,0,I15/P15) -> 0 | S15: =IF(R15=0,0,J15/P15) -> 0 | T15: =IF(S15=0,0,K15/P15) -> 0
A16: 7 | B16: =IF('Entries April 2026'!I13<'Entries April 2026'!I12,"0",(IF('Entries April 2026'!I13>='Entries April 2026'!I12,'Entries April 2026'!I13-'Entries April 2026'!I12,(999999-'Entries April 2026'!I12)+'Entries April 2026'!I13+1))) -> 5214 | C16: =IF('Entries April 2026'!J13<='Entries April 2026'!J12,"0",IF('Entries April 2026'!J13>='Entries April 2026'!J12,'Entries April 2026'!J13-'Entries April 2026'!J12,(999999-'Entries April 2026'!J12)+'Entries April 2026'!J13+1)) -> 0 | D16: =B16+C16 -> 5214 | E16: 1488 | F16: =IF((E16+D16)=0,"0",E16/(D16+E16)) -> 0.22202328 | G16: =IF('Entries April 2026'!K13<'Entries April 2026'!K12,"0",IF('Entries April 2026'!K13>='Entries April 2026'!K12,'Entries April 2026'!K13-'Entries April 2026'!K12,(999999-'Entries April 2026'!K12)+'Entries April 2026'!K13+1)) -> 0 | H16: =D16+G16+E16 -> 6702 | I16: ='Water '!Z13*10 -> 2180 | J16: =IF('Entries April 2026'!B13-'Entries April 2026'!B12<1,"0",'Entries April 2026'!B13-'Entries April 2026'!B12) -> 3230 | K16: ='CO2'!E13 -> 700 | L16: =+'PROD.FIG. '!F11 -> 0 | M16: =+'PROD.FIG. '!C11 -> 0 | N16: =+'PROD.FIG. '!D11 -> 0 | O16: =+'PROD.FIG. '!E11 -> 0 | P16: 71.148 | Q16: =IF(P16=0,0,H16/P16) -> 94.19801 | R16: =IF(Q16=0,0,I16/P16) -> 30.640355 | S16: =IF(R16=0,0,J16/P16) -> 45.398325 | T16: =IF(S16=0,0,K16/P16) -> 9.8386462
A17: 8 | B17: =IF('Entries April 2026'!I14<'Entries April 2026'!I13,"0",(IF('Entries April 2026'!I14>='Entries April 2026'!I13,'Entries April 2026'!I14-'Entries April 2026'!I13,(999999-'Entries April 2026'!I13)+'Entries April 2026'!I14+1))) -> 5850 | C17: =IF('Entries April 2026'!J14<='Entries April 2026'!J13,"0",IF('Entries April 2026'!J14>='Entries April 2026'!J13,'Entries April 2026'!J14-'Entries April 2026'!J13,(999999-'Entries April 2026'!J13)+'Entries April 2026'!J14+1)) -> 0 | D17: =B17+C17 -> 5850 | E17: 1547.2 | F17: =IF((E17+D17)=0,"0",E17/(D17+E17)) -> 0.20916022 | G17: =IF('Entries April 2026'!K14<'Entries April 2026'!K13,"0",IF('Entries April 2026'!K14>='Entries April 2026'!K13,'Entries April 2026'!K14-'Entries April 2026'!K13,(999999-'Entries April 2026'!K13)+'Entries April 2026'!K14+1)) -> 0 | H17: =D17+G17+E17 -> 7397.2 | I17: ='Water '!Z14*10 -> 3190 | J17: =IF('Entries April 2026'!B14-'Entries April 2026'!B13<1,"0",'Entries April 2026'!B14-'Entries April 2026'!B13) -> 2800 | K17: ='CO2'!E14 -> 3700 | L17: =+'PROD.FIG. '!F12 -> 0 | M17: =+'PROD.FIG. '!C12 -> 0 | N17: =+'PROD.FIG. '!D12 -> 0 | O17: =+'PROD.FIG. '!E12 -> 0 | P17: 602.778 | Q17: =IF(P17=0,0,H17/P17) -> 12.271848 | R17: =IF(Q17=0,0,I17/P17) -> 5.2921639 | S17: =IF(R17=0,0,J17/P17) -> 4.6451596 | T17: =IF(S17=0,0,K17/P17) -> 6.1382466
A18: 9 | B18: =IF('Entries April 2026'!I15<'Entries April 2026'!I14,"0",(IF('Entries April 2026'!I15>='Entries April 2026'!I14,'Entries April 2026'!I15-'Entries April 2026'!I14,(999999-'Entries April 2026'!I14)+'Entries April 2026'!I15+1))) -> 6901 | C18: =IF('Entries April 2026'!J15<='Entries April 2026'!J14,"0",IF('Entries April 2026'!J15>='Entries April 2026'!J14,'Entries April 2026'!J15-'Entries April 2026'!J14,(999999-'Entries April 2026'!J14)+'Entries April 2026'!J15+1)) -> 0 | D18: =B18+C18 -> 6901 | E18: 1598.2 | F18: =IF((E18+D18)=0,"0",E18/(D18+E18)) -> 0.18804123 | G18: =IF('Entries April 2026'!K15<'Entries April 2026'!K14,"0",IF('Entries April 2026'!K15>='Entries April 2026'!K14,'Entries April 2026'!K15-'Entries April 2026'!K14,(999999-'Entries April 2026'!K14)+'Entries April 2026'!K15+1)) -> 0 | H18: =D18+G18+E18 -> 8499.2 | I18: ='Water '!Z15*10 -> 3750 | J18: =IF('Entries April 2026'!B15-'Entries April 2026'!B14<1,"0",'Entries April 2026'!B15-'Entries April 2026'!B14) -> 3790 | K18: ='CO2'!E15 -> 4000 | L18: =+'PROD.FIG. '!F13 -> 0 | M18: =+'PROD.FIG. '!C13 -> 0 | N18: =+'PROD.FIG. '!D13 -> 0 | O18: =+'PROD.FIG. '!E13 -> 0 | P18: 651.42 | Q18: =IF(P18=0,0,H18/P18) -> 13.047189 | R18: =IF(Q18=0,0,I18/P18) -> 5.7566547 | S18: =IF(R18=0,0,J18/P18) -> 5.818059 | T18: =IF(S18=0,0,K18/P18) -> 6.1404317
A19: 10 | B19: =IF('Entries April 2026'!I16<'Entries April 2026'!I15,"0",(IF('Entries April 2026'!I16>='Entries April 2026'!I15,'Entries April 2026'!I16-'Entries April 2026'!I15,(999999-'Entries April 2026'!I15)+'Entries April 2026'!I16+1))) -> 6846 | C19: =IF('Entries April 2026'!J16<='Entries April 2026'!J15,"0",IF('Entries April 2026'!J16>='Entries April 2026'!J15,'Entries April 2026'!J16-'Entries April 2026'!J15,(999999-'Entries April 2026'!J15)+'Entries April 2026'!J16+1)) -> 0 | D19: =B19+C19 -> 6846 | E19: 1712.9 | F19: =IF((E19+D19)=0,"0",E19/(D19+E19)) -> 0.20013086 | G19: =IF('Entries April 2026'!K16<'Entries April 2026'!K15,"0",IF('Entries April 2026'!K16>='Entries April 2026'!K15,'Entries April 2026'!K16-'Entries April 2026'!K15,(999999-'Entries April 2026'!K15)+'Entries April 2026'!K16+1)) -> 0 | H19: =D19+G19+E19 -> 8558.9 | I19: ='Water '!Z16*10 -> 3770 | J19: =IF('Entries April 2026'!B16-'Entries April 2026'!B15<1,"0",'Entries April 2026'!B16-'Entries April 2026'!B15) -> 2400 | K19: ='CO2'!E16 -> 0 | L19: =+'PROD.FIG. '!F14 -> 0 | M19: =+'PROD.FIG. '!C14 -> 0 | N19: =+'PROD.FIG. '!D14 -> 0 | O19: =+'PROD.FIG. '!E14 -> 0 | P19: 427.482 | Q19: =IF(P19=0,0,H19/P19) -> 20.021662 | R19: =IF(Q19=0,0,I19/P19) -> 8.8190848 | S19: =IF(R19=0,0,J19/P19) -> 5.6142715 | T19: =IF(S19=0,0,K19/P19) -> 0
A20: 11 | B20: =IF('Entries April 2026'!I17<'Entries April 2026'!I16,"0",(IF('Entries April 2026'!I17>='Entries April 2026'!I16,'Entries April 2026'!I17-'Entries April 2026'!I16,(999999-'Entries April 2026'!I16)+'Entries April 2026'!I17+1))) -> 2983 | C20: =IF('Entries April 2026'!J17<='Entries April 2026'!J16,"0",IF('Entries April 2026'!J17>='Entries April 2026'!J16,'Entries April 2026'!J17-'Entries April 2026'!J16,(999999-'Entries April 2026'!J16)+'Entries April 2026'!J17+1)) -> 0 | D20: =B20+C20 -> 2983 | E20: 1617.5 | F20: =IF((E20+D20)=0,"0",E20/(D20+E20)) -> 0.35159222 | G20: =IF('Entries April 2026'!K17<'Entries April 2026'!K16,"0",IF('Entries April 2026'!K17>='Entries April 2026'!K16,'Entries April 2026'!K17-'Entries April 2026'!K16,(999999-'Entries April 2026'!K16)+'Entries April 2026'!K17+1)) -> 0 | H20: =D20+G20+E20 -> 4600.5 | I20: ='Water '!Z17*10 -> 630 | J20: =IF('Entries April 2026'!B17-'Entries April 2026'!B16<1,"0",'Entries April 2026'!B17-'Entries April 2026'!B16) -> 0 | K20: ='CO2'!E17 -> 0 | L20: =+'PROD.FIG. '!F15 -> 0 | M20: =+'PROD.FIG. '!C15 -> 0 | N20: =+'PROD.FIG. '!D15 -> 0 | O20: =+'PROD.FIG. '!E15 -> 0 | P20: 0 | Q20: =IF(P20=0,0,H20/P20) -> 0 | R20: =IF(Q20=0,0,I20/P20) -> 0 | S20: =IF(R20=0,0,J20/P20) -> 0 | T20: =IF(S20=0,0,K20/P20) -> 0
A21: 12 | B21: =IF('Entries April 2026'!I18<'Entries April 2026'!I17,"0",(IF('Entries April 2026'!I18>='Entries April 2026'!I17,'Entries April 2026'!I18-'Entries April 2026'!I17,(999999-'Entries April 2026'!I17)+'Entries April 2026'!I18+1))) -> 1952 | C21: =IF('Entries April 2026'!J18<='Entries April 2026'!J17,"0",IF('Entries April 2026'!J18>='Entries April 2026'!J17,'Entries April 2026'!J18-'Entries April 2026'!J17,(999999-'Entries April 2026'!J17)+'Entries April 2026'!J18+1)) -> 0 | D21: =B21+C21 -> 1952 | E21: 1489.4 | F21: =IF((E21+D21)=0,"0",E21/(D21+E21)) -> 0.43278898 | G21: =IF('Entries April 2026'!K18<'Entries April 2026'!K17,"0",IF('Entries April 2026'!K18>='Entries April 2026'!K17,'Entries April 2026'!K18-'Entries April 2026'!K17,(999999-'Entries April 2026'!K17)+'Entries April 2026'!K18+1)) -> 0 | H21: =D21+G21+E21 -> 3441.4 | I21: ='Water '!Z18*10 -> 20 | J21: =IF('Entries April 2026'!B18-'Entries April 2026'!B17<1,"0",'Entries April 2026'!B18-'Entries April 2026'!B17) -> 700 | K21: ='CO2'!E18 -> 0 | L21: =+'PROD.FIG. '!F16 -> 0 | M21: =+'PROD.FIG. '!C16 -> 0 | N21: =+'PROD.FIG. '!D16 -> 0 | O21: =+'PROD.FIG. '!E16 -> 0 | P21: 0 | Q21: =IF(P21=0,0,H21/P21) -> 0 | R21: =IF(Q21=0,0,I21/P21) -> 0 | S21: =IF(R21=0,0,J21/P21) -> 0 | T21: =IF(S21=0,0,K21/P21) -> 0
A22: 13 | B22: =IF('Entries April 2026'!I19<'Entries April 2026'!I18,"0",(IF('Entries April 2026'!I19>='Entries April 2026'!I18,'Entries April 2026'!I19-'Entries April 2026'!I18,(999999-'Entries April 2026'!I18)+'Entries April 2026'!I19+1))) -> 6237 | C22: =IF('Entries April 2026'!J19<='Entries April 2026'!J18,"0",IF('Entries April 2026'!J19>='Entries April 2026'!J18,'Entries April 2026'!J19-'Entries April 2026'!J18,(999999-'Entries April 2026'!J18)+'Entries April 2026'!J19+1)) -> 0 | D22: =B22+C22 -> 6237 | E22: 1655.2 | F22: =IF((E22+D22)=0,"0",E22/(D22+E22)) -> 0.20972606 | G22: =IF('Entries April 2026'!K19<'Entries April 2026'!K18,"0",IF('Entries April 2026'!K19>='Entries April 2026'!K18,'Entries April 2026'!K19-'Entries April 2026'!K18,(999999-'Entries April 2026'!K18)+'Entries April 2026'!K19+1)) -> 0 | H22: =D22+G22+E22 -> 7892.2 | I22: ='Water '!Z19*10 -> 3900 | J22: =IF('Entries April 2026'!B19-'Entries April 2026'!B18<1,"0",'Entries April 2026'!B19-'Entries April 2026'!B18) -> 3520 | K22: ='CO2'!E19 -> 2600 | L22: =+'PROD.FIG. '!F17 -> 0 | M22: =+'PROD.FIG. '!C17 -> 0 | N22: =+'PROD.FIG. '!D17 -> 0 | O22: =+'PROD.FIG. '!E17 -> 0 | P22: 418.044 | Q22: =IF(P22=0,0,H22/P22) -> 18.878874 | R22: =IF(Q22=0,0,I22/P22) -> 9.3291615 | S22: =IF(R22=0,0,J22/P22) -> 8.4201663 | T22: =IF(S22=0,0,K22/P22) -> 6.219441
... A39: 30 | B39: =IF('Entries April 2026'!I36<'Entries April 2026'!I35,"0",(IF('Entries April 2026'!I36>='Entries April 2026'!I35,'Entries April 2026'!I36-'Entries April 2026'!I35,(999999-'Entries April 2026'!I35)+'Entries April 2026'!I36+1))) -> 6457 | C39: =IF('Entries April 2026'!J36<='Entries April 2026'!J35,"0",IF('Entries April 2026'!J36>='Entries April 2026'!J35,'Entries April 2026'!J36-'Entries April 2026'!J35,(999999-'Entries April 2026'!J35)+'Entries April 2026'!J36+1)) -> 0 | D39: =B39+C39 -> 6457 | E39: 1713.9 | F39: =IF((E39+D39)=0,"0",E39/(D39+E39)) -> 0.20975658 | G39: =IF('Entries April 2026'!K36<'Entries April 2026'!K35,"0",IF('Entries April 2026'!K36>='Entries April 2026'!K35,'Entries April 2026'!K36-'Entries April 2026'!K35,(999999-'Entries April 2026'!K35)+'Entries April 2026'!K36+1)) -> 0 | H39: =D39+G39+E39 -> 8170.9 | I39: ='Water '!Z36*10 -> 4310 | J39: =IF('Entries April 2026'!B36-'Entries April 2026'!B35<1,"0",'Entries April 2026'!B36-'Entries April 2026'!B35) -> 3130 | K39: ='CO2'!E36 -> 2000 | L39: =+'PROD.FIG. '!F34 -> 0 | M39: =+'PROD.FIG. '!C34 -> 0 | N39: =+'PROD.FIG. '!D34 -> 0 | O39: =+'PROD.FIG. '!E34 -> 0 | P39: 407.748 | Q39: =IF(P39=0,0,H39/P39) -> 20.039093 | R39: =IF(Q39=0,0,I39/P39) -> 10.570254 | S39: =IF(R39=0,0,J39/P39) -> 7.6763099 | T39: =IF(S39=0,0,K39/P39) -> 4.9049903
B40: =IF('Entries April 2026'!I37<'Entries April 2026'!I36,"0",(IF('Entries April 2026'!I37>='Entries April 2026'!I36,'Entries April 2026'!I37-'Entries April 2026'!I36,(999999-'Entries April 2026'!I36)+'Entries April 2026'!I37+1))) -> 0 | C40: =IF('Entries April 2026'!J37<='Entries April 2026'!J36,"0",IF('Entries April 2026'!J37>='Entries April 2026'!J36,'Entries April 2026'!J37-'Entries April 2026'!J36,(999999-'Entries April 2026'!J36)+'Entries April 2026'!J37+1)) -> 0 | D40: =B40+C40 -> 0 | F40: =IF((E40+D40)=0,"0",E40/(D40+E40)) -> 0 | G40: =IF('Entries April 2026'!K37<'Entries April 2026'!K36,"0",IF('Entries April 2026'!K37>='Entries April 2026'!K36,'Entries April 2026'!K37-'Entries April 2026'!K36,(999999-'Entries April 2026'!K36)+'Entries April 2026'!K37+1)) -> 0 | H40: =D40+G40+E40 -> 0 | I40: ='Water '!Z37*10 -> 0 | J40: =IF('Entries April 2026'!B37-'Entries April 2026'!B36<1,"0",'Entries April 2026'!B37-'Entries April 2026'!B36) -> 0 | K40: ='CO2'!E37 -> 0 | Q40: =IF(P40=0,0,H40/P40) -> 0 | R40: =IF(Q40=0,0,I40/P40) -> 0 | S40: =IF(R40=0,0,J40/P40) -> 0 | T40: =IF(S40=0,0,K40/P40) -> 0
Q41: MTD
D42: Kwhr | G42: Kwhr | H42: Kwhr | I42: Hl | J42: L | K42: kg. | L42: hl | M42: hl | N42: hl | O42: hl | P42: hl | Q42: Elect | R42: Water | S42: Fuel | T42: CO2
A43: Total | D43: =SUM(D10:D40) -> 153495 | E43: =SUM(E10:E40) -> 42857.2 | F43: =IF((E43+D43)=0,"0",E43/(D43+E43)) -> 0.21826697 | G43: =SUM(G10:G40) -> 0 | H43: =SUM(H10:H40) -> 196352.2 | I43: =SUM(I10:I40) -> 77010 | J43: =SUM(J10:J40) -> 66450 | K43: =SUM(K10:K40) -> 43100 | L43: =SUM(L10:L40) -> 0 | M43: =SUM(M10:M40) -> 0 | N43: =SUM(N10:N40) -> 0 | ... P43: =SUM(P10:P40) -> 7992.864 | Q43: KWH/Hl | R43: Hl/hl | S43: Litres/hl | T43: kg./Hl
D44: TOTAL | E44: =D43+E43 -> 196352.2 | Q44: =IF(P43=0,0,H43/P43) -> 24.565938 | R44: =IF(Q44=0,0,I43/P43) -> 9.6348443 | S44: =IF(R44=0,0,J43/P43) -> 8.3136658 | T44: =IF(S44=0,0,K43/P43) -> 5.3923099

Sheet Steam Mass Flow 
A3: DATE | B3: Steam Mass Flow Reading
A5: 1 | B5: =IF('Entries April 2026'!AJ7-'Entries April 2026'!AJ6<1,"0",'Entries April 2026'!AJ7-'Entries April 2026'!AJ6) -> 529.108
A6: 2 | B6: =IF('Entries April 2026'!AJ8-'Entries April 2026'!AJ7<1,"0",'Entries April 2026'!AJ8-'Entries April 2026'!AJ7) -> 0
A7: 3 | B7: =IF('Entries April 2026'!AJ9-'Entries April 2026'!AJ8<1,"0",'Entries April 2026'!AJ9-'Entries April 2026'!AJ8) -> 0
A8: 4 | B8: =IF('Entries April 2026'!AJ10-'Entries April 2026'!AJ9<1,"0",'Entries April 2026'!AJ10-'Entries April 2026'!AJ9) -> 0
A9: 5 | B9: =IF('Entries April 2026'!AJ11-'Entries April 2026'!AJ10<1,"0",'Entries April 2026'!AJ11-'Entries April 2026'!AJ10) -> 0
A10: 6 | B10: =IF('Entries April 2026'!AJ12-'Entries April 2026'!AJ11<1,"0",'Entries April 2026'!AJ12-'Entries April 2026'!AJ11) -> 0
A11: 7 | B11: =IF('Entries April 2026'!AJ13-'Entries April 2026'!AJ12<1,"0",'Entries April 2026'!AJ13-'Entries April 2026'!AJ12) -> 427.666
A12: 8 | B12: =IF('Entries April 2026'!AJ14-'Entries April 2026'!AJ13<1,"0",'Entries April 2026'!AJ14-'Entries April 2026'!AJ13) -> 0
A13: 9 | B13: =IF('Entries April 2026'!AJ15-'Entries April 2026'!AJ14<1,"0",'Entries April 2026'!AJ15-'Entries April 2026'!AJ14) -> 0
A14: 10 | B14: =IF('Entries April 2026'!AJ16-'Entries April 2026'!AJ15<1,"0",'Entries April 2026'!AJ16-'Entries April 2026'!AJ15) -> 0
A15: 11 | B15: =IF('Entries April 2026'!AJ17-'Entries April 2026'!AJ16<1,"0",'Entries April 2026'!AJ17-'Entries April 2026'!AJ16) -> 0
A16: 12 | B16: =IF('Entries April 2026'!AJ18-'Entries April 2026'!AJ17<1,"0",'Entries April 2026'!AJ18-'Entries April 2026'!AJ17) -> 0
... A34: 30 | B34: =IF('Entries April 2026'!AJ36-'Entries April 2026'!AJ35<1,"0",'Entries April 2026'!AJ36-'Entries April 2026'!AJ35) -> 0
B36: =SUM(B5:B35) -> 1751.085

Sheet Fuel 
A1: DAILY FUEL CONSUMPTION FOR APRIL 2026
A4: DATE | B4: Boiler 1 | C4: Boiler 1 | D4: Boiler 2 | E4: Boiler 2 | F4: Gen. | G4: Gen | H4: Boiler 1 sp. | I4: Boiler 2 sp. | J4: Gen. sp | K4: Daily cons. | L4: Total Prod.(HL) | M4: Fuel(Litres/HL)
B5: Cons ( l ) | C5: Hrs | D5: Cons ( l ) | E5: Hrs | F5: Cons ( l ) | G5: Hrs | H5: cons (l/hr) | I5: cons (l/hr) | J5: Cons.(l/hr) | K5: (litres)
A7: 1 | B7: =IF('Entries April 2026'!B7-'Entries April 2026'!B6<1,"0",'Entries April 2026'!B7-'Entries April 2026'!B6) -> 2700 | C7: =IF('Entries April 2026'!F7-'Entries April 2026'!F6<1,"0",'Entries April 2026'!F7-'Entries April 2026'!F6) -> 17.2 | D7: =IF('Entries April 2026'!C6=0,0,+'Entries April 2026'!C6-'Entries April 2026'!#REF!) -> 0 | E7: =IF('Entries April 2026'!G7-'Entries April 2026'!G6<1,"0",'Entries April 2026'!G7-'Entries April 2026'!G6) -> 0 | H7: =IF(C7+E7=0,"0", B7/(C7+E7)) -> 156.97674 | I7: =IF(E7=0,"0", D7/E7) -> 0 | J7: =IF(G7=0,"0", F7/G7) -> 0 | K7: =B7+D7+F7 -> 2700 | L7: {=IF(TRANSPOSE('Daily KPIs'!B9:AE9)=0,"0",TRANSPOSE('Daily KPIs'!B9:AE9))} -> 209.55 | M7: =IF(L7=0,"0",(K7/L7)) -> 12.884753
A8: 2 | B8: =IF('Entries April 2026'!B8-'Entries April 2026'!B7<1,"0",'Entries April 2026'!B8-'Entries April 2026'!B7) -> 2450 | C8: =IF('Entries April 2026'!F8-'Entries April 2026'!F7<1,"0",'Entries April 2026'!F8-'Entries April 2026'!F7) -> 17.6 | D8: =IF('Entries April 2026'!C7=0,0,+'Entries April 2026'!C7-'Entries April 2026'!C6) -> 0 | E8: =IF('Entries April 2026'!G8-'Entries April 2026'!G7<1,"0",'Entries April 2026'!G8-'Entries April 2026'!G7) -> 0 | H8: =IF(C8+E8=0,"0", B8/(C8+E8)) -> 139.20455 | I8: =IF(E8=0,"0", D8/E8) -> 0 | J8: =IF(G8=0,"0", F8/G8) -> 0 | K8: =B8+D8+F8 -> 2450 | L8: 189.288 | M8: =IF(L8=0,"0",(K8/L8)) -> 12.94324
A9: 3 | B9: =IF('Entries April 2026'!B9-'Entries April 2026'!B8<1,"0",'Entries April 2026'!B9-'Entries April 2026'!B8) -> 150 | C9: =IF('Entries April 2026'!F9-'Entries April 2026'!F8<1,"0",'Entries April 2026'!F9-'Entries April 2026'!F8) -> 1.7 | D9: =IF('Entries April 2026'!C8=0,0,+'Entries April 2026'!C8-'Entries April 2026'!C7) -> 0 | E9: =IF('Entries April 2026'!G9-'Entries April 2026'!G8<1,"0",'Entries April 2026'!G9-'Entries April 2026'!G8) -> 0 | H9: =IF(C9+E9=0,"0", B9/(C9+E9)) -> 88.235294 | I9: =IF(E9=0,"0", D9/E9) -> 0 | J9: =IF(G9=0,"0", F9/G9) -> 0 | K9: =B9+D9+F9 -> 150 | L9: 0 | M9: =IF(L9=0,"0",(K9/L9)) -> 0
A10: 4 | B10: =IF('Entries April 2026'!B10-'Entries April 2026'!B9<1,"0",'Entries April 2026'!B10-'Entries April 2026'!B9) -> 360 | C10: =IF('Entries April 2026'!F10-'Entries April 2026'!F9<1,"0",'Entries April 2026'!F10-'Entries April 2026'!F9) -> 2.5 | D10: =IF('Entries April 2026'!C11=0,0,+'Entries April 2026'!C11-'Entries April 2026'!C8) -> 0 | E10: =IF('Entries April 2026'!G10-'Entries April 2026'!G9<1,"0",'Entries April 2026'!G10-'Entries April 2026'!G9) -> 0 | H10: =IF(C10+E10=0,"0", B10/(C10+E10)) -> 144 | I10: =IF(E10=0,"0", D10/E10) -> 0 | J10: =IF(G10=0,"0", F10/G10) -> 0 | K10: =B10+D10+F10 -> 360 | L10: 0 | M10: =IF(L10=0,"0",(K10/L10)) -> 0
A11: 5 | B11: =IF('Entries April 2026'!B11-'Entries April 2026'!B10<1,"0",'Entries April 2026'!B11-'Entries April 2026'!B10) -> 0 | C11: =IF('Entries April 2026'!F11-'Entries April 2026'!F10<1,"0",'Entries April 2026'!F11-'Entries April 2026'!F10) -> 0 | D11: =IF('Entries April 2026'!C10=0,0,+'Entries April 2026'!C10-'Entries April 2026'!C11) -> 0 | E11: =IF('Entries April 2026'!G11-'Entries April 2026'!G10<1,"0",'Entries April 2026'!G11-'Entries April 2026'!G10) -> 0 | H11: =IF(C11+E11=0,"0", B11/(C11+E11)) -> 0 | I11: =IF(E11=0,"0", D11/E11) -> 0 | J11: =IF(G11=0,"0", F11/G11) -> 0 | K11: =B11+D11+F11 -> 0 | L11: 0 | M11: =IF(L11=0,"0",(K11/L11)) -> 0
A12: 6 | B12: =IF('Entries April 2026'!B12-'Entries April 2026'!B11<1,"0",'Entries April 2026'!B12-'Entries April 2026'!B11) -> 780 | C12: =IF('Entries April 2026'!F12-'Entries April 2026'!F11<1,"0",'Entries April 2026'!F12-'Entries April 2026'!F11) -> 4.6 | D12: =IF('Entries April 2026'!C12=0,0,+'Entries April 2026'!C12-'Entries April 2026'!C10) -> 0 | E12: =IF('Entries April 2026'!G12-'Entries April 2026'!G11<1,"0",'Entries April 2026'!G12-'Entries April 2026'!G11) -> 0 | H12: =IF(C12+E12=0,"0", B12/(C12+E12)) -> 169.56522 | I12: =IF(E12=0,"0", D12/E12) -> 0 | J12: =IF(G12=0,"0", F12/G12) -> 0 | K12: =B12+D12+F12 -> 780 | L12: 0 | M12: =IF(L12=0,"0",(K12/L12)) -> 0
A13: 7 | B13: =IF('Entries April 2026'!B13-'Entries April 2026'!B12<1,"0",'Entries April 2026'!B13-'Entries April 2026'!B12) -> 3230 | C13: =IF('Entries April 2026'!F13-'Entries April 2026'!F12<1,"0",'Entries April 2026'!F13-'Entries April 2026'!F12) -> 20.9 | D13: =IF('Entries April 2026'!C13=0,0,+'Entries April 2026'!C13-'Entries April 2026'!C11) -> 0 | E13: =IF('Entries April 2026'!G13-'Entries April 2026'!G12<1,"0",'Entries April 2026'!G13-'Entries April 2026'!G12) -> 0 | H13: =IF(C13+E13=0,"0", B13/(C13+E13)) -> 154.54545 | I13: =IF(E13=0,"0", D13/E13) -> 0 | J13: =IF(G13=0,"0", F13/G13) -> 0 | K13: =B13+D13+F13 -> 3230 | L13: 71.148 | M13: =IF(L13=0,"0",(K13/L13)) -> 45.398325
A14: 8 | B14: =IF('Entries April 2026'!B14-'Entries April 2026'!B13<1,"0",'Entries April 2026'!B14-'Entries April 2026'!B13) -> 2800 | C14: =IF('Entries April 2026'!F14-'Entries April 2026'!F13<1,"0",'Entries April 2026'!F14-'Entries April 2026'!F13) -> 18.9 | D14: =IF('Entries April 2026'!C13=0,0,+'Entries April 2026'!C13-'Entries April 2026'!#REF!) -> 0 | E14: =IF('Entries April 2026'!G14-'Entries April 2026'!G13<1,"0",'Entries April 2026'!G14-'Entries April 2026'!G13) -> 0 | H14: =IF(C14+E14=0,"0", B14/(C14+E14)) -> 148.14815 | I14: =IF(E14=0,"0", D14/E14) -> 0 | J14: =IF(G14=0,"0", F14/G14) -> 0 | K14: =B14+D14+F14 -> 2800 | L14: 602.778 | M14: =IF(L14=0,"0",(K14/L14)) -> 4.6451596
A15: 9 | B15: =IF('Entries April 2026'!B15-'Entries April 2026'!B14<1,"0",'Entries April 2026'!B15-'Entries April 2026'!B14) -> 3790 | C15: =IF('Entries April 2026'!F15-'Entries April 2026'!F14<1,"0",'Entries April 2026'!F15-'Entries April 2026'!F14) -> 20.4 | D15: =IF('Entries April 2026'!C14=0,0,+'Entries April 2026'!C14-'Entries April 2026'!C13) -> 0 | E15: =IF('Entries April 2026'!G15-'Entries April 2026'!G14<1,"0",'Entries April 2026'!G15-'Entries April 2026'!G14) -> 0 | H15: =IF(C15+E15=0,"0", B15/(C15+E15)) -> 185.78431 | I15: =IF(E15=0,"0", D15/E15) -> 0 | J15: =IF(G15=0,"0", F15/G15) -> 0 | K15: =B15+D15+F15 -> 3790 | L15: 651.42 | M15: =IF(L15=0,"0",(K15/L15)) -> 5.818059
A16: 10 | B16: =IF('Entries April 2026'!B16-'Entries April 2026'!B15<1,"0",'Entries April 2026'!B16-'Entries April 2026'!B15) -> 2400 | C16: =IF('Entries April 2026'!F16-'Entries April 2026'!F15<1,"0",'Entries April 2026'!F16-'Entries April 2026'!F15) -> 17.4 | D16: =IF('Entries April 2026'!C15=0,0,+'Entries April 2026'!C15-'Entries April 2026'!C14) -> 0 | E16: =IF('Entries April 2026'!G16-'Entries April 2026'!G15<1,"0",'Entries April 2026'!G16-'Entries April 2026'!G15) -> 0 | H16: =IF(C16+E16=0,"0", B16/(C16+E16)) -> 137.93103 | I16: =IF(E16=0,"0", D16/E16) -> 0 | J16: =IF(G16=0,"0", F16/G16) -> 0 | K16: =B16+D16+F16 -> 2400 | L16: 427.482 | M16: =IF(L16=0,"0",(K16/L16)) -> 5.6142715
A17: 11 | B17: =IF('Entries April 2026'!B17-'Entries April 2026'!B16<1,"0",'Entries April 2026'!B17-'Entries April 2026'!B16) -> 0 | C17: =IF('Entries April 2026'!F17-'Entries April 2026'!F16<1,"0",'Entries April 2026'!F17-'Entries April 2026'!F16) -> 0 | D17: =IF('Entries April 2026'!C16=0,0,+'Entries April 2026'!C16-'Entries April 2026'!C15) -> 0 | E17: =IF('Entries April 2026'!G17-'Entries April 2026'!G16<1,"0",'Entries April 2026'!G17-'Entries April 2026'!G16) -> 0 | H17: =IF(C17+E17=0,"0", B17/(C17+E17)) -> 0 | I17: =IF(E17=0,"0", D17/E17) -> 0 | J17: =IF(G17=0,"0", F17/G17) -> 0 | K17: =B17+D17+F17 -> 0 | L17: 0 | M17: =IF(L17=0,"0",(K17/L17)) -> 0
A18: 12 | B18: =IF('Entries April 2026'!B18-'Entries April 2026'!B17<1,"0",'Entries April 2026'!B18-'Entries April 2026'!B17) -> 700 | C18: =IF('Entries April 2026'!F18-'Entries April 2026'!F17<1,"0",'Entries April 2026'!F18-'Entries April 2026'!F17) -> 4 | D18: =IF('Entries April 2026'!C17=0,0,+'Entries April 2026'!C17-'Entries April 2026'!C16) -> 0 | E18: =IF('Entries April 2026'!G18-'Entries April 2026'!G17<1,"0",'Entries April 2026'!G18-'Entries April 2026'!G17) -> 0 | H18: =IF(C18+E18=0,"0", B18/(C18+E18)) -> 175 | I18: =IF(E18=0,"0", D18/E18) -> 0 | J18: =IF(G18=0,"0", F18/G18) -> 0 | K18: =B18+D18+F18 -> 700 | L18: 0 | M18: =IF(L18=0,"0",(K18/L18)) -> 0
A19: 13 | B19: =IF('Entries April 2026'!B19-'Entries April 2026'!B18<1,"0",'Entries April 2026'!B19-'Entries April 2026'!B18) -> 3520 | C19: =IF('Entries April 2026'!F19-'Entries April 2026'!F18<1,"0",'Entries April 2026'!F19-'Entries April 2026'!F18) -> 21 | D19: =IF('Entries April 2026'!C18=0,0,+'Entries April 2026'!C18-'Entries April 2026'!C17) -> 0 | E19: =IF('Entries April 2026'!G19-'Entries April 2026'!G18<1,"0",'Entries April 2026'!G19-'Entries April 2026'!G18) -> 0 | H19: =IF(C19+E19=0,"0", B19/(C19+E19)) -> 167.61905 | I19: =IF(E19=0,"0", D19/E19) -> 0 | J19: =IF(G19=0,"0", F19/G19) -> 0 | K19: =B19+D19+F19 -> 3520 | L19: 418.044 | M19: =IF(L19=0,"0",(K19/L19)) -> 8.4201663
A20: 14 | B20: =IF('Entries April 2026'!B20-'Entries April 2026'!B19<1,"0",'Entries April 2026'!B20-'Entries April 2026'!B19) -> 3090 | C20: =IF('Entries April 2026'!F20-'Entries April 2026'!F19<1,"0",'Entries April 2026'!F20-'Entries April 2026'!F19) -> 19.5 | D20: =IF('Entries April 2026'!C19=0,0,+'Entries April 2026'!C19-'Entries April 2026'!C18) -> 0 | E20: =IF('Entries April 2026'!G20-'Entries April 2026'!G19<1,"0",'Entries April 2026'!G20-'Entries April 2026'!G19) -> 0 | H20: =IF(C20+E20=0,"0", B20/(C20+E20)) -> 158.46154 | I20: =IF(E20=0,"0", D20/E20) -> 0 | J20: =IF(G20=0,"0", F20/G20) -> 0 | K20: =B20+D20+F20 -> 3090 | L20: 398.178 | M20: =IF(L20=0,"0",(K20/L20)) -> 7.7603484
A21: 15 | B21: =IF('Entries April 2026'!B21-'Entries April 2026'!B20<1,"0",'Entries April 2026'!B21-'Entries April 2026'!B20) -> 3370 | C21: =IF('Entries April 2026'!F21-'Entries April 2026'!F20<1,"0",'Entries April 2026'!F21-'Entries April 2026'!F20) -> 19.9 | D21: =IF('Entries April 2026'!C20=0,0,+'Entries April 2026'!C20-'Entries April 2026'!C19) -> 0 | E21: =IF('Entries April 2026'!G21-'Entries April 2026'!G20<1,"0",'Entries April 2026'!G21-'Entries April 2026'!G20) -> 0 | H21: =IF(C21+E21=0,"0", B21/(C21+E21)) -> 169.34673 | I21: =IF(E21=0,"0", D21/E21) -> 0 | J21: =IF(G21=0,"0", F21/G21) -> 0 | K21: =B21+D21+F21 -> 3370 | L21: 489.786 | M21: =IF(L21=0,"0",(K21/L21)) -> 6.880556
A22: 16 | B22: =IF('Entries April 2026'!B22-'Entries April 2026'!B21<1,"0",'Entries April 2026'!B22-'Entries April 2026'!B21) -> 3340 | C22: =IF('Entries April 2026'!F22-'Entries April 2026'!F21<1,"0",'Entries April 2026'!F22-'Entries April 2026'!F21) -> 20.5 | D22: =IF('Entries April 2026'!C21=0,0,+'Entries April 2026'!C21-'Entries April 2026'!C20) -> 0 | E22: =IF('Entries April 2026'!G22-'Entries April 2026'!G21<1,"0",'Entries April 2026'!G22-'Entries April 2026'!G21) -> 0 | H22: =IF(C22+E22=0,"0", B22/(C22+E22)) -> 162.92683 | I22: =IF(E22=0,"0", D22/E22) -> 0 | J22: =IF(G22=0,"0", F22/G22) -> 0 | K22: =B22+D22+F22 -> 3340 | L22: 622.512 | M22: =IF(L22=0,"0",(K22/L22)) -> 5.3653584
A23: 17 | B23: =IF('Entries April 2026'!B23-'Entries April 2026'!B22<1,"0",'Entries April 2026'!B23-'Entries April 2026'!B22) -> 2190 | C23: =IF('Entries April 2026'!F23-'Entries April 2026'!F22<1,"0",'Entries April 2026'!F23-'Entries April 2026'!F22) -> 14.5 | D23: =IF('Entries April 2026'!C22=0,0,+'Entries April 2026'!C22-'Entries April 2026'!C21) -> 0 | E23: =IF('Entries April 2026'!G23-'Entries April 2026'!G22<1,"0",'Entries April 2026'!G23-'Entries April 2026'!G22) -> 0 | H23: =IF(C23+E23=0,"0", B23/(C23+E23)) -> 151.03448 | I23: =IF(E23=0,"0", D23/E23) -> 0 | J23: =IF(G23=0,"0", F23/G23) -> 0 | K23: =B23+D23+F23 -> 2190 | L23: 330.594 | M23: =IF(L23=0,"0",(K23/L23)) -> 6.6244396
A24: 18 | B24: =IF('Entries April 2026'!B24-'Entries April 2026'!B23<1,"0",'Entries April 2026'!B24-'Entries April 2026'!B23) -> 0 | C24: =IF('Entries April 2026'!F24-'Entries April 2026'!F23<1,"0",'Entries April 2026'!F24-'Entries April 2026'!F23) -> 0 | D24: =IF('Entries April 2026'!C23=0,0,+'Entries April 2026'!C23-'Entries April 2026'!C22) -> 0 | E24: =IF('Entries April 2026'!G24-'Entries April 2026'!G23<1,"0",'Entries April 2026'!G24-'Entries April 2026'!G23) -> 0 | H24: =IF(C24+E24=0,"0", B24/(C24+E24)) -> 0 | I24: =IF(E24=0,"0", D24/E24) -> 0 | J24: =IF(G24=0,"0", F24/G24) -> 0 | K24: =B24+D24+F24 -> 0 | L24: 0 | M24: =IF(L24=0,"0",(K24/L24)) -> 0
A25: 19 | B25: =IF('Entries April 2026'!B25-'Entries April 2026'!B24<1,"0",'Entries April 2026'!B25-'Entries April 2026'!B24) -> 1180 | C25: =IF('Entries April 2026'!F25-'Entries April 2026'!F24<1,"0",'Entries April 2026'!F25-'Entries April 2026'!F24) -> 7.1 | D25: =IF('Entries April 2026'!C24=0,0,+'Entries April 2026'!C24-'Entries April 2026'!C23) -> 0 | E25: =IF('Entries April 2026'!G25-'Entries April 2026'!G24<1,"0",'Entries April 2026'!G25-'Entries April 2026'!G24) -> 0 | H25: =IF(C25+E25=0,"0", B25/(C25+E25)) -> 166.19718 | I25: =IF(E25=0,"0", D25/E25) -> 0 | J25: =IF(G25=0,"0", F25/G25) -> 0 | K25: =B25+D25+F25 -> 1180 | L25: 0 | M25: =IF(L25=0,"0",(K25/L25)) -> 0
A26: 20 | B26: =IF('Entries April 2026'!B26-'Entries April 2026'!B25<1,"0",'Entries April 2026'!B26-'Entries April 2026'!B25) -> 3070 | C26: =IF('Entries April 2026'!F26-'Entries April 2026'!F25<1,"0",'Entries April 2026'!F26-'Entries April 2026'!F25) -> 19.6 | D26: =IF('Entries April 2026'!C25=0,0,+'Entries April 2026'!C25-'Entries April 2026'!C24) -> 0 | E26: =IF('Entries April 2026'!G26-'Entries April 2026'!G25<1,"0",'Entries April 2026'!G26-'Entries April 2026'!G25) -> 0 | H26: =IF(C26+E26=0,"0", B26/(C26+E26)) -> 156.63265 | I26: =IF(E26=0,"0", D26/E26) -> 0 | J26: =IF(G26=0,"0", F26/G26) -> 0 | K26: =B26+D26+F26 -> 3070 | L26: 256.41 | M26: =IF(L26=0,"0",(K26/L26)) -> 11.973012
A27: 21 | B27: =IF('Entries April 2026'!B27-'Entries April 2026'!B26<1,"0",'Entries April 2026'!B27-'Entries April 2026'!B26) -> 3580 | C27: =IF('Entries April 2026'!F27-'Entries April 2026'!F26<1,"0",'Entries April 2026'!F27-'Entries April 2026'!F26) -> 20.8 | D27: =IF('Entries April 2026'!C26=0,0,+'Entries April 2026'!C26-'Entries April 2026'!C25) -> 0 | E27: =IF('Entries April 2026'!G27-'Entries April 2026'!G26<1,"0",'Entries April 2026'!G27-'Entries April 2026'!G26) -> 0 | H27: =IF(C27+E27=0,"0", B27/(C27+E27)) -> 172.11538 | I27: =IF(E27=0,"0", D27/E27) -> 0 | J27: =IF(G27=0,"0", F27/G27) -> 0 | K27: =B27+D27+F27 -> 3580 | L27: 521.466 | M27: =IF(L27=0,"0",(K27/L27)) -> 6.8652606
A28: 22 | B28: =IF('Entries April 2026'!B28-'Entries April 2026'!B27<1,"0",'Entries April 2026'!B28-'Entries April 2026'!B27) -> 3550 | C28: =IF('Entries April 2026'!F28-'Entries April 2026'!F27<1,"0",'Entries April 2026'!F28-'Entries April 2026'!F27) -> 21.5 | D28: =IF('Entries April 2026'!C27=0,0,+'Entries April 2026'!C27-'Entries April 2026'!C26) -> 0 | E28: =IF('Entries April 2026'!G28-'Entries April 2026'!G27<1,"0",'Entries April 2026'!G28-'Entries April 2026'!G27) -> 0 | H28: =IF(C28+E28=0,"0", B28/(C28+E28)) -> 165.11628 | I28: =IF(E28=0,"0", D28/E28) -> 0 | J28: =IF(G28=0,"0", F28/G28) -> 0 | K28: =B28+D28+F28 -> 3550 | L28: 517.308 | M28: =IF(L28=0,"0",(K28/L28)) -> 6.8624494
A29: 23 | B29: =IF('Entries April 2026'!B29-'Entries April 2026'!B28<1,"0",'Entries April 2026'!B29-'Entries April 2026'!B28) -> 2580 | C29: =IF('Entries April 2026'!F29-'Entries April 2026'!F28<1,"0",'Entries April 2026'!F29-'Entries April 2026'!F28) -> 17.1 | D29: =IF('Entries April 2026'!C28=0,0,+'Entries April 2026'!C28-'Entries April 2026'!C27) -> 0 | E29: =IF('Entries April 2026'!G29-'Entries April 2026'!G28<1,"0",'Entries April 2026'!G29-'Entries April 2026'!G28) -> 0 | H29: =IF(C29+E29=0,"0", B29/(C29+E29)) -> 150.87719 | I29: =IF(E29=0,"0", D29/E29) -> 0 | J29: =IF(G29=0,"0", F29/G29) -> 0 | K29: =B29+D29+F29 -> 2580 | L29: 241.692 | M29: =IF(L29=0,"0",(K29/L29)) -> 10.674743
A30: 24 | B30: =IF('Entries April 2026'!B30-'Entries April 2026'!B29<1,"0",'Entries April 2026'!B30-'Entries April 2026'!B29) -> 2520 | C30: =IF('Entries April 2026'!F30-'Entries April 2026'!F29<1,"0",'Entries April 2026'!F30-'Entries April 2026'!F29) -> 15.8 | D30: =IF('Entries April 2026'!C29=0,0,+'Entries April 2026'!C29-'Entries April 2026'!C28) -> 0 | E30: =IF('Entries April 2026'!G30-'Entries April 2026'!G29<1,"0",'Entries April 2026'!G30-'Entries April 2026'!G29) -> 0 | H30: =IF(C30+E30=0,"0", B30/(C30+E30)) -> 159.49367 | I30: =IF(E30=0,"0", D30/E30) -> 0 | J30: =IF(G30=0,"0", F30/G30) -> 0 | K30: =B30+D30+F30 -> 2520 | L30: 224.334 | M30: =IF(L30=0,"0",(K30/L30)) -> 11.23325
A31: 25 | B31: =IF('Entries April 2026'!B31-'Entries April 2026'!B30<1,"0",'Entries April 2026'!B31-'Entries April 2026'!B30) -> 1290 | C31: =IF('Entries April 2026'!F31-'Entries April 2026'!F30<1,"0",'Entries April 2026'!F31-'Entries April 2026'!F30) -> 10.5 | D31: =IF('Entries April 2026'!C30=0,0,+'Entries April 2026'!C30-'Entries April 2026'!C29) -> 0 | E31: =IF('Entries April 2026'!G31-'Entries April 2026'!G30<1,"0",'Entries April 2026'!G31-'Entries April 2026'!G30) -> 0 | H31: =IF(C31+E31=0,"0", B31/(C31+E31)) -> 122.85714 | I31: =IF(E31=0,"0", D31/E31) -> 0 | J31: =IF(G31=0,"0", F31/G31) -> 0 | K31: =B31+D31+F31 -> 1290 | L31: 0 | M31: =IF(L31=0,"0",(K31/L31)) -> 0
A32: 26 | B32: =IF('Entries April 2026'!B32-'Entries April 2026'!B31<1,"0",'Entries April 2026'!B32-'Entries April 2026'!B31) -> 1200 | C32: =IF('Entries April 2026'!F32-'Entries April 2026'!F31<1,"0",'Entries April 2026'!F32-'Entries April 2026'!F31) -> 8.3 | D32: =IF('Entries April 2026'!C31=0,0,+'Entries April 2026'!C31-'Entries April 2026'!C30) -> 0 | E32: =IF('Entries April 2026'!G32-'Entries April 2026'!G31<1,"0",'Entries April 2026'!G32-'Entries April 2026'!G31) -> 0 | H32: =IF(C32+E32=0,"0", B32/(C32+E32)) -> 144.57831 | I32: =IF(E32=0,"0", D32/E32) -> 0 | J32: =IF(G32=0,"0", F32/G32) -> 0 | K32: =B32+D32+F32 -> 1200 | L32: 0 | M32: =IF(L32=0,"0",(K32/L32)) -> 0
A33: 27 | B33: =IF('Entries April 2026'!B33-'Entries April 2026'!B32<1,"0",'Entries April 2026'!B33-'Entries April 2026'!B32) -> 3290 | C33: =IF('Entries April 2026'!F33-'Entries April 2026'!F32<1,"0",'Entries April 2026'!F33-'Entries April 2026'!F32) -> 20.7 | D33: =IF('Entries April 2026'!C32=0,0,+'Entries April 2026'!C32-'Entries April 2026'!C31) -> 0 | E33: =IF('Entries April 2026'!G33-'Entries April 2026'!G32<1,"0",'Entries April 2026'!G33-'Entries April 2026'!G32) -> 0 | H33: =IF(C33+E33=0,"0", B33/(C33+E33)) -> 158.9372 | I33: =IF(E33=0,"0", D33/E33) -> 0 | J33: =IF(G33=0,"0", F33/G33) -> 0 | K33: =B33+D33+F33 -> 3290 | L33: 390.456 | M33: =IF(L33=0,"0",(K33/L33)) -> 8.4260454
A34: 28 | B34: =IF('Entries April 2026'!B34-'Entries April 2026'!B33<1,"0",'Entries April 2026'!B34-'Entries April 2026'!B33) -> 3050 | C34: =IF('Entries April 2026'!F34-'Entries April 2026'!F33<1,"0",'Entries April 2026'!F34-'Entries April 2026'!F33) -> 19.3 | D34: =IF('Entries April 2026'!C33=0,0,+'Entries April 2026'!C33-'Entries April 2026'!C32) -> 0 | E34: =IF('Entries April 2026'!G34-'Entries April 2026'!G33<1,"0",'Entries April 2026'!G34-'Entries April 2026'!G33) -> 0 | H34: =IF(C34+E34=0,"0", B34/(C34+E34)) -> 158.03109 | I34: =IF(E34=0,"0", D34/E34) -> 0 | J34: =IF(G34=0,"0", F34/G34) -> 0 | K34: =B34+D34+F34 -> 3050 | L34: 452.496 | M34: =IF(L34=0,"0",(K34/L34)) -> 6.7403911
A35: 29 | B35: =IF('Entries April 2026'!B35-'Entries April 2026'!B34<1,"0",'Entries April 2026'!B35-'Entries April 2026'!B34) -> 3140 | C35: =IF('Entries April 2026'!F35-'Entries April 2026'!F34<1,"0",'Entries April 2026'!F35-'Entries April 2026'!F34) -> 20.7 | E35: =IF('Entries April 2026'!G35-'Entries April 2026'!G34<1,"0",'Entries April 2026'!G35-'Entries April 2026'!G34) -> 0 | H35: =IF(C35+E35=0,"0", B35/(C35+E35)) -> 151.69082 | I35: =IF(E35=0,"0", D35/E35) -> 0 | J35: =IF(G35=0,"0", F35/G35) -> 0 | K35: =B35+D35+F35 -> 3140 | L35: 570.174 | M35: =IF(L35=0,"0",(K35/L35)) -> 5.5070908
A36: 30 | B36: =IF('Entries April 2026'!B36-'Entries April 2026'!B35<1,"0",'Entries April 2026'!B36-'Entries April 2026'!B35) -> 3130 | C36: =IF('Entries April 2026'!F36-'Entries April 2026'!F35<1,"0",'Entries April 2026'!F36-'Entries April 2026'!F35) -> 19.3 | E36: =IF('Entries April 2026'!G36-'Entries April 2026'!G35<1,"0",'Entries April 2026'!G36-'Entries April 2026'!G35) -> 0 | H36: =IF(C36+E36=0,"0", B36/(C36+E36)) -> 162.17617 | I36: =IF(E36=0,"0", D36/E36) -> 0 | J36: =IF(G36=0,"0", F36/G36) -> 0 | K36: =B36+D36+F36 -> 3130 | L36: 407.748 | M36: =IF(L36=0,"0",(K36/L36)) -> 7.6763099
B37: =IF('Entries April 2026'!B37-'Entries April 2026'!B36<1,"0",'Entries April 2026'!B37-'Entries April 2026'!B36) -> 0 | C37: =IF('Entries April 2026'!F37-'Entries April 2026'!F36<1,"0",'Entries April 2026'!F37-'Entries April 2026'!F36) -> 0 | E37: =IF('Entries April 2026'!G37-'Entries April 2026'!G36<1,"0",'Entries April 2026'!G37-'Entries April 2026'!G36) -> 0 | H37: =IF(C37+E37=0,"0", B37/(C37+E37)) -> 0 | I37: =IF(E37=0,"0", D37/E37) -> 0 | J37: =IF(G37=0,"0", F37/G37) -> 0 | K37: =B37+D37+F37 -> 0
B38: =SUM(B7:B36) -> 66450 | C38: =SUM(C7:C36) -> 421.3 | M38: =IF(L38=0,"0",(K38/L38)) -> 0 | N38: 7.2 | O38: =M38/N38*100 -> 0
A39: AVE. | B39: =AVERAGE(B7:B37) -> 2461.1111 | C39: =AVERAGE(C7:C37) -> 15.603704 | H39: cons (l/hr)

Sheet Water 
B4: DATE | C4: Well Supply (m3) | D4: Nawasa Supply (m3) | E4: Annanale Supply (m3) | F4: RO Water Plant Nawasa (m3) | G4: Service Water Received (m3) | H4: Service Water Supply to Plant (m3) | I4: CO2 Scrubber (m3) | J4: Brewhouse / Old Pepsi Area (m3) | K4: Filtration/Cellars (m3) | L4: Cellars/Process Area (m3) | M4: Pasteuriser (m3) | R4: Permeate Produced (m3) | S4: Plant Cons. USAGE (Hl.) | U4: Bottle Filler (m3) | X4: Rus (m3) | Y4: Washdown Area (m3) | Z4: TOTAL SUPPLY (M3) | AA4: Total Prod.(HL) | AB4: Water KPI (Hl/Hl)
N5: CIP Process (m3) | O5: Bottles Washer (m3) | P5: Bottles Filler (m3) | Q5: Boiler Supply (m3) | T5: ∑ Service Water to Processes | V5: Water into RO #1 (m3) | W5: Water into RO #2 (m3)
B6: -
B7: 1 | C7: =IF('Entries April 2026'!W7-'Entries April 2026'!W6<1,"0",'Entries April 2026'!W7-'Entries April 2026'!W6) -> 0 | D7: =IF('Entries April 2026'!O7-'Entries April 2026'!O6<1,"0",'Entries April 2026'!O7-'Entries April 2026'!O6) -> 207 | E7: =IF('Entries April 2026'!P7-'Entries April 2026'!P6<1,"0",'Entries April 2026'!P7-'Entries April 2026'!P6) -> 156 | F7: =IF('Entries April 2026'!V7-'Entries April 2026'!V6<1,"0",'Entries April 2026'!V7-'Entries April 2026'!V6) -> 164 | G7: =(D7+E7)-F7 -> 199 | H7: =IF('Entries April 2026'!Q7-'Entries April 2026'!Q6<1,0,'Entries April 2026'!Q7-'Entries April 2026'!Q6) -> 211 | I7: =IF('Entries April 2026'!AG7-'Entries April 2026'!AG6<1,0,'Entries April 2026'!AG7-'Entries April 2026'!AG6) -> 0 | J7: =IF('Entries April 2026'!S7-'Entries April 2026'!S6<1,"0",'Entries April 2026'!S7-'Entries April 2026'!S6) -> 96 | K7: =IF('Entries April 2026'!R7-'Entries April 2026'!R6<1,"0",'Entries April 2026'!R7-'Entries April 2026'!R6) -> 0 | L7: =IF('Entries April 2026'!T7-'Entries April 2026'!T6<1,"0",'Entries April 2026'!T7-'Entries April 2026'!T6) -> 0 | M7: =IF('Entries April 2026'!U7-'Entries April 2026'!U6<1,"0",'Entries April 2026'!U7-'Entries April 2026'!U6) -> 2 | N7: =IF('Entries April 2026'!X7-'Entries April 2026'!X6<1,"0",'Entries April 2026'!X7-'Entries April 2026'!X6) -> 68 | O7: =IF('Entries April 2026'!Y7-'Entries April 2026'!Y6<1,"0",'Entries April 2026'!Y7-'Entries April 2026'!Y6) -> 60 | P7: =IF('Entries April 2026'!AC7-'Entries April 2026'!AC6<1,"0",'Entries April 2026'!AC7-'Entries April 2026'!AC6) -> 13 | Q7: =IF('Entries April 2026'!Z7-'Entries April 2026'!Z6<1,"0",'Entries April 2026'!Z7-'Entries April 2026'!Z6) -> 13 | R7: =IF(('Entries April 2026'!AA7-'Entries April 2026'!AA6)+('Entries April 2026'!AB7-'Entries April 2026'!AB6)<1,"0",('Entries April 2026'!AA7-'Entries April 2026'!AA6)+('Entries April 2026'!AB7-'Entries April 2026'!AB6)) -> 0 | S7: =(R7+G7)*10 -> 1990 | T7: =O7+N7+M7+L7 -> 130 | U7: =IF('Entries April 2026'!AC7-'Entries April 2026'!AC6<1,"0",'Entries April 2026'!AC7-'Entries April 2026'!AC6) -> 13 | V7: =IF('Entries April 2026'!AD7-'Entries April 2026'!AD6<1,"0",'Entries April 2026'!AD7-'Entries April 2026'!AD6) -> 26 | W7: =IF('Entries April 2026'!AE7-'Entries April 2026'!AE6<1,"0",'Entries April 2026'!AE7-'Entries April 2026'!AE6) -> 0 | X7: =IF('Entries April 2026'!AI7-'Entries April 2026'!AI6<1,"0",'Entries April 2026'!AI7-'Entries April 2026'!AI6) -> 0 | Y7: =IF('Entries April 2026'!AH7-'Entries April 2026'!AH6<1,"0",'Entries April 2026'!AH7-'Entries April 2026'!AH6) -> 0 | Z7: =C7+D7+E7 -> 363 | AA7: {=IF(TRANSPOSE('Daily KPIs'!B9:AE9)=0,"0",TRANSPOSE('Daily KPIs'!B9:AE9))} -> 209.55 | AB7: =IF(AA7=0,"0",(Z7*10/AA7)) -> 17.322835
B8: 2 | C8: =IF('Entries April 2026'!W8-'Entries April 2026'!W7<1,"0",'Entries April 2026'!W8-'Entries April 2026'!W7) -> 0 | D8: =IF('Entries April 2026'!O8-'Entries April 2026'!O7<1,"0",'Entries April 2026'!O8-'Entries April 2026'!O7) -> 124 | E8: =IF('Entries April 2026'!P8-'Entries April 2026'!P7<1,"0",'Entries April 2026'!P8-'Entries April 2026'!P7) -> 168 | F8: =IF('Entries April 2026'!V8-'Entries April 2026'!V7<1,"0",'Entries April 2026'!V8-'Entries April 2026'!V7) -> 177 | G8: =(D8+E8)-F8 -> 115 | H8: =IF('Entries April 2026'!Q8-'Entries April 2026'!Q7<1,0,'Entries April 2026'!Q8-'Entries April 2026'!Q7) -> 166 | I8: =IF('Entries April 2026'!AG8-'Entries April 2026'!AG7<1,0,'Entries April 2026'!AG8-'Entries April 2026'!AG7) -> 0 | J8: =IF('Entries April 2026'!S8-'Entries April 2026'!S7<1,"0",'Entries April 2026'!S8-'Entries April 2026'!S7) -> 76 | K8: =IF('Entries April 2026'!R8-'Entries April 2026'!R7<1,"0",'Entries April 2026'!R8-'Entries April 2026'!R7) -> 0 | L8: =IF('Entries April 2026'!T8-'Entries April 2026'!T7<1,"0",'Entries April 2026'!T8-'Entries April 2026'!T7) -> 0 | M8: =IF('Entries April 2026'!U8-'Entries April 2026'!U7<1,"0",'Entries April 2026'!U8-'Entries April 2026'!U7) -> 2 | N8: =IF('Entries April 2026'!X8-'Entries April 2026'!X7<1,"0",'Entries April 2026'!X8-'Entries April 2026'!X7) -> 23 | O8: =IF('Entries April 2026'!Y8-'Entries April 2026'!Y7<1,"0",'Entries April 2026'!Y8-'Entries April 2026'!Y7) -> 57 | P8: =IF('Entries April 2026'!AC8-'Entries April 2026'!AC7<1,"0",'Entries April 2026'!AC8-'Entries April 2026'!AC7) -> 21 | Q8: =IF('Entries April 2026'!Z8-'Entries April 2026'!Z7<1,"0",'Entries April 2026'!Z8-'Entries April 2026'!Z7) -> 4 | R8: =IF(('Entries April 2026'!AA8-'Entries April 2026'!AA7)+('Entries April 2026'!AB8-'Entries April 2026'!AB7)<1,"0",('Entries April 2026'!AA8-'Entries April 2026'!AA7)+('Entries April 2026'!AB8-'Entries April 2026'!AB7)) -> 0 | S8: =(R8+G8)*10 -> 1150 | T8: =O8+N8+M8+L8 -> 82 | U8: =IF('Entries April 2026'!AC8-'Entries April 2026'!AC7<1,"0",'Entries April 2026'!AC8-'Entries April 2026'!AC7) -> 21 | V8: =IF('Entries April 2026'!AD8-'Entries April 2026'!AD7<1,"0",'Entries April 2026'!AD8-'Entries April 2026'!AD7) -> 0 | W8: =IF('Entries April 2026'!AE8-'Entries April 2026'!AE7<1,"0",'Entries April 2026'!AE8-'Entries April 2026'!AE7) -> 0 | X8: =IF('Entries April 2026'!AI8-'Entries April 2026'!AI7<1,"0",'Entries April 2026'!AI8-'Entries April 2026'!AI7) -> 0 | Y8: =IF('Entries April 2026'!AH8-'Entries April 2026'!AH7<1,"0",'Entries April 2026'!AH8-'Entries April 2026'!AH7) -> 0 | Z8: =C8+D8+E8 -> 292 | AA8: 189.288 | AB8: =IF(AA8=0,"0",(Z8*10/AA8)) -> 15.426229
B9: 3 | C9: =IF('Entries April 2026'!W9-'Entries April 2026'!W8<1,"0",'Entries April 2026'!W9-'Entries April 2026'!W8) -> 0 | D9: =IF('Entries April 2026'!O9-'Entries April 2026'!O8<1,"0",'Entries April 2026'!O9-'Entries April 2026'!O8) -> 0 | E9: =IF('Entries April 2026'!P9-'Entries April 2026'!P8<1,"0",'Entries April 2026'!P9-'Entries April 2026'!P8) -> 0 | F9: =IF('Entries April 2026'!V9-'Entries April 2026'!V8<1,"0",'Entries April 2026'!V9-'Entries April 2026'!V8) -> 0 | G9: =(D9+E9)-F9 -> 0 | H9: =IF('Entries April 2026'!Q9-'Entries April 2026'!Q8<1,0,'Entries April 2026'!Q9-'Entries April 2026'!Q8) -> 13 | I9: =IF('Entries April 2026'!AG9-'Entries April 2026'!AG8<1,0,'Entries April 2026'!AG9-'Entries April 2026'!AG8) -> 0 | J9: =IF('Entries April 2026'!S9-'Entries April 2026'!S8<1,"0",'Entries April 2026'!S9-'Entries April 2026'!S8) -> 0 | K9: =IF('Entries April 2026'!R9-'Entries April 2026'!R8<1,"0",'Entries April 2026'!R9-'Entries April 2026'!R8) -> 0 | L9: =IF('Entries April 2026'!T9-'Entries April 2026'!T8<1,"0",'Entries April 2026'!T9-'Entries April 2026'!T8) -> 0 | M9: =IF('Entries April 2026'!U9-'Entries April 2026'!U8<1,"0",'Entries April 2026'!U9-'Entries April 2026'!U8) -> 0 | N9: =IF('Entries April 2026'!X9-'Entries April 2026'!X8<1,"0",'Entries April 2026'!X9-'Entries April 2026'!X8) -> 0 | O9: =IF('Entries April 2026'!Y9-'Entries April 2026'!Y8<1,"0",'Entries April 2026'!Y9-'Entries April 2026'!Y8) -> 0 | P9: =IF('Entries April 2026'!AC9-'Entries April 2026'!AC8<1,"0",'Entries April 2026'!AC9-'Entries April 2026'!AC8) -> 0 | Q9: =IF('Entries April 2026'!Z9-'Entries April 2026'!Z8<1,"0",'Entries April 2026'!Z9-'Entries April 2026'!Z8) -> 17 | R9: =IF(('Entries April 2026'!AA9-'Entries April 2026'!AA8)+('Entries April 2026'!AB9-'Entries April 2026'!AB8)<1,"0",('Entries April 2026'!AA9-'Entries April 2026'!AA8)+('Entries April 2026'!AB9-'Entries April 2026'!AB8)) -> 0 | S9: =(R9+G9)*10 -> 0 | T9: =O9+N9+M9+L9 -> 0 | U9: =IF('Entries April 2026'!AC9-'Entries April 2026'!AC8<1,"0",'Entries April 2026'!AC9-'Entries April 2026'!AC8) -> 0 | V9: =IF('Entries April 2026'!AD9-'Entries April 2026'!AD8<1,"0",'Entries April 2026'!AD9-'Entries April 2026'!AD8) -> 0 | W9: =IF('Entries April 2026'!AE9-'Entries April 2026'!AE8<1,"0",'Entries April 2026'!AE9-'Entries April 2026'!AE8) -> 0 | X9: =IF('Entries April 2026'!AI9-'Entries April 2026'!AI8<1,"0",'Entries April 2026'!AI9-'Entries April 2026'!AI8) -> 0 | Y9: =IF('Entries April 2026'!AH9-'Entries April 2026'!AH8<1,"0",'Entries April 2026'!AH9-'Entries April 2026'!AH8) -> 0 | Z9: =C9+D9+E9 -> 0 | AA9: 0 | AB9: =IF(AA9=0,"0",(Z9*10/AA9)) -> 0
B10: 4 | C10: =IF('Entries April 2026'!W10-'Entries April 2026'!W9<1,"0",'Entries April 2026'!W10-'Entries April 2026'!W9) -> 0 | D10: =IF('Entries April 2026'!O10-'Entries April 2026'!O9<1,"0",'Entries April 2026'!O10-'Entries April 2026'!O9) -> 27 | E10: =IF('Entries April 2026'!P10-'Entries April 2026'!P9<1,"0",'Entries April 2026'!P10-'Entries April 2026'!P9) -> 120 | F10: =IF('Entries April 2026'!V10-'Entries April 2026'!V9<1,"0",'Entries April 2026'!V10-'Entries April 2026'!V9) -> 126 | G10: =(D10+E10)-F10 -> 21 | H10: =IF('Entries April 2026'!Q10-'Entries April 2026'!Q9<1,0,'Entries April 2026'!Q10-'Entries April 2026'!Q9) -> 58 | I10: =IF('Entries April 2026'!AG10-'Entries April 2026'!AG9<1,0,'Entries April 2026'!AG10-'Entries April 2026'!AG9) -> 0 | J10: =IF('Entries April 2026'!S10-'Entries April 2026'!S9<1,"0",'Entries April 2026'!S10-'Entries April 2026'!S9) -> 0 | K10: =IF('Entries April 2026'!R10-'Entries April 2026'!R9<1,"0",'Entries April 2026'!R10-'Entries April 2026'!R9) -> 0 | L10: =IF('Entries April 2026'!T10-'Entries April 2026'!T9<1,"0",'Entries April 2026'!T10-'Entries April 2026'!T9) -> 0 | M10: =IF('Entries April 2026'!U10-'Entries April 2026'!U9<1,"0",'Entries April 2026'!U10-'Entries April 2026'!U9) -> 0 | N10: =IF('Entries April 2026'!X10-'Entries April 2026'!X9<1,"0",'Entries April 2026'!X10-'Entries April 2026'!X9) -> 0 | O10: =IF('Entries April 2026'!Y10-'Entries April 2026'!Y9<1,"0",'Entries April 2026'!Y10-'Entries April 2026'!Y9) -> 34 | P10: =IF('Entries April 2026'!AC10-'Entries April 2026'!AC9<1,"0",'Entries April 2026'!AC10-'Entries April 2026'!AC9) -> 0 | Q10: =IF('Entries April 2026'!Z10-'Entries April 2026'!Z9<1,"0",'Entries April 2026'!Z10-'Entries April 2026'!Z9) -> 2 | R10: =IF(('Entries April 2026'!AA10-'Entries April 2026'!AA9)+('Entries April 2026'!AB10-'Entries April 2026'!AB9)<1,"0",('Entries April 2026'!AA10-'Entries April 2026'!AA9)+('Entries April 2026'!AB10-'Entries April 2026'!AB9)) -> 0 | S10: =(R10+G10)*10 -> 210 | T10: =O10+N10+M10+L10 -> 34 | U10: =IF('Entries April 2026'!AC10-'Entries April 2026'!AC9<1,"0",'Entries April 2026'!AC10-'Entries April 2026'!AC9) -> 0 | V10: =IF('Entries April 2026'!AD10-'Entries April 2026'!AD9<1,"0",'Entries April 2026'!AD10-'Entries April 2026'!AD9) -> 0 | W10: =IF('Entries April 2026'!AE10-'Entries April 2026'!AE9<1,"0",'Entries April 2026'!AE10-'Entries April 2026'!AE9) -> 0 | X10: =IF('Entries April 2026'!AI10-'Entries April 2026'!AI9<1,"0",'Entries April 2026'!AI10-'Entries April 2026'!AI9) -> 0 | Y10: =IF('Entries April 2026'!AH10-'Entries April 2026'!AH9<1,"0",'Entries April 2026'!AH10-'Entries April 2026'!AH9) -> 0 | Z10: =C10+D10+E10 -> 147 | AA10: 0 | AB10: =IF(AA10=0,"0",(Z10*10/AA10)) -> 0
B11: 5 | C11: =IF('Entries April 2026'!W11-'Entries April 2026'!W10<1,"0",'Entries April 2026'!W11-'Entries April 2026'!W10) -> 0 | D11: =IF('Entries April 2026'!O11-'Entries April 2026'!O10<1,"0",'Entries April 2026'!O11-'Entries April 2026'!O10) -> 0 | E11: =IF('Entries April 2026'!P11-'Entries April 2026'!P10<1,"0",'Entries April 2026'!P11-'Entries April 2026'!P10) -> 0 | F11: =IF('Entries April 2026'!V11-'Entries April 2026'!V10<1,"0",'Entries April 2026'!V11-'Entries April 2026'!V10) -> 0 | G11: =(D11+E11)-F11 -> 0 | H11: =IF('Entries April 2026'!Q11-'Entries April 2026'!Q10<1,0,'Entries April 2026'!Q11-'Entries April 2026'!Q10) -> 8 | I11: =IF('Entries April 2026'!AG11-'Entries April 2026'!AG10<1,0,'Entries April 2026'!AG11-'Entries April 2026'!AG10) -> 0 | J11: =IF('Entries April 2026'!S11-'Entries April 2026'!S10<1,"0",'Entries April 2026'!S11-'Entries April 2026'!S10) -> 0 | K11: =IF('Entries April 2026'!R11-'Entries April 2026'!R10<1,"0",'Entries April 2026'!R11-'Entries April 2026'!R10) -> 0 | L11: =IF('Entries April 2026'!T11-'Entries April 2026'!T10<1,"0",'Entries April 2026'!T11-'Entries April 2026'!T10) -> 0 | M11: =IF('Entries April 2026'!U11-'Entries April 2026'!U10<1,"0",'Entries April 2026'!U11-'Entries April 2026'!U10) -> 0 | N11: =IF('Entries April 2026'!X11-'Entries April 2026'!X10<1,"0",'Entries April 2026'!X11-'Entries April 2026'!X10) -> 0 | O11: =IF('Entries April 2026'!Y11-'Entries April 2026'!Y10<1,"0",'Entries April 2026'!Y11-'Entries April 2026'!Y10) -> 0 | P11: =IF('Entries April 2026'!AC11-'Entries April 2026'!AC10<1,"0",'Entries April 2026'!AC11-'Entries April 2026'!AC10) -> 0 | Q11: =IF('Entries April 2026'!Z11-'Entries April 2026'!Z10<1,"0",'Entries April 2026'!Z11-'Entries April 2026'!Z10) -> 0 | R11: =IF(('Entries April 2026'!AA11-'Entries April 2026'!AA10)+('Entries April 2026'!AB11-'Entries April 2026'!AB10)<1,"0",('Entries April 2026'!AA11-'Entries April 2026'!AA10)+('Entries April 2026'!AB11-'Entries April 2026'!AB10)) -> 0 | S11: =(R11+G11)*10 -> 0 | T11: =O11+N11+M11+L11 -> 0 | U11: =IF('Entries April 2026'!AC11-'Entries April 2026'!AC10<1,"0",'Entries April 2026'!AC11-'Entries April 2026'!AC10) -> 0 | V11: =IF('Entries April 2026'!AD11-'Entries April 2026'!AD10<1,"0",'Entries April 2026'!AD11-'Entries April 2026'!AD10) -> 0 | W11: =IF('Entries April 2026'!AE11-'Entries April 2026'!AE10<1,"0",'Entries April 2026'!AE11-'Entries April 2026'!AE10) -> 0 | X11: =IF('Entries April 2026'!AI11-'Entries April 2026'!AI10<1,"0",'Entries April 2026'!AI11-'Entries April 2026'!AI10) -> 0 | Y11: =IF('Entries April 2026'!AH11-'Entries April 2026'!AH10<1,"0",'Entries April 2026'!AH11-'Entries April 2026'!AH10) -> 0 | Z11: =C11+D11+E11 -> 0 | AA11: 0 | AB11: =IF(AA11=0,"0",(Z11*10/AA11)) -> 0
B12: 6 | C12: =IF('Entries April 2026'!W12-'Entries April 2026'!W11<1,"0",'Entries April 2026'!W12-'Entries April 2026'!W11) -> 0 | D12: =IF('Entries April 2026'!O12-'Entries April 2026'!O11<1,"0",'Entries April 2026'!O12-'Entries April 2026'!O11) -> 0 | E12: =IF('Entries April 2026'!P12-'Entries April 2026'!P11<1,"0",'Entries April 2026'!P12-'Entries April 2026'!P11) -> 0 | F12: =IF('Entries April 2026'!V12-'Entries April 2026'!V11<1,"0",'Entries April 2026'!V12-'Entries April 2026'!V11) -> 0 | G12: =(D12+E12)-F12 -> 0 | H12: =IF('Entries April 2026'!Q12-'Entries April 2026'!Q11<1,0,'Entries April 2026'!Q12-'Entries April 2026'!Q11) -> 6 | I12: =IF('Entries April 2026'!AG12-'Entries April 2026'!AG11<1,0,'Entries April 2026'!AG12-'Entries April 2026'!AG11) -> 0 | J12: =IF('Entries April 2026'!S12-'Entries April 2026'!S11<1,"0",'Entries April 2026'!S12-'Entries April 2026'!S11) -> 0 | K12: =IF('Entries April 2026'!R12-'Entries April 2026'!R11<1,"0",'Entries April 2026'!R12-'Entries April 2026'!R11) -> 0 | L12: =IF('Entries April 2026'!T12-'Entries April 2026'!T11<1,"0",'Entries April 2026'!T12-'Entries April 2026'!T11) -> 0 | M12: =IF('Entries April 2026'!U12-'Entries April 2026'!U11<1,"0",'Entries April 2026'!U12-'Entries April 2026'!U11) -> 0 | N12: =IF('Entries April 2026'!X12-'Entries April 2026'!X11<1,"0",'Entries April 2026'!X12-'Entries April 2026'!X11) -> 0 | O12: =IF('Entries April 2026'!Y12-'Entries April 2026'!Y11<1,"0",'Entries April 2026'!Y12-'Entries April 2026'!Y11) -> 0 | P12: =IF('Entries April 2026'!AC12-'Entries April 2026'!AC11<1,"0",'Entries April 2026'!AC12-'Entries April 2026'!AC11) -> 0 | Q12: =IF('Entries April 2026'!Z12-'Entries April 2026'!Z11<1,"0",'Entries April 2026'!Z12-'Entries April 2026'!Z11) -> 4 | R12: =IF(('Entries April 2026'!AA12-'Entries April 2026'!AA11)+('Entries April 2026'!AB12-'Entries April 2026'!AB11)<1,"0",('Entries April 2026'!AA12-'Entries April 2026'!AA11)+('Entries April 2026'!AB12-'Entries April 2026'!AB11)) -> 0 | S12: =(R12+G12)*10 -> 0 | T12: =O12+N12+M12+L12 -> 0 | U12: =IF('Entries April 2026'!AC12-'Entries April 2026'!AC11<1,"0",'Entries April 2026'!AC12-'Entries April 2026'!AC11) -> 0 | V12: =IF('Entries April 2026'!AD12-'Entries April 2026'!AD11<1,"0",'Entries April 2026'!AD12-'Entries April 2026'!AD11) -> 0 | W12: =IF('Entries April 2026'!AE12-'Entries April 2026'!AE11<1,"0",'Entries April 2026'!AE12-'Entries April 2026'!AE11) -> 0 | X12: =IF('Entries April 2026'!AI12-'Entries April 2026'!AI11<1,"0",'Entries April 2026'!AI12-'Entries April 2026'!AI11) -> 0 | Y12: =IF('Entries April 2026'!AH12-'Entries April 2026'!AH11<1,"0",'Entries April 2026'!AH12-'Entries April 2026'!AH11) -> 0 | Z12: =C12+D12+E12 -> 0 | AA12: 0 | AB12: =IF(AA12=0,"0",(Z12*10/AA12)) -> 0
B13: 7 | C13: =IF('Entries April 2026'!W13-'Entries April 2026'!W12<1,"0",'Entries April 2026'!W13-'Entries April 2026'!W12) -> 0 | D13: =IF('Entries April 2026'!O13-'Entries April 2026'!O12<1,"0",'Entries April 2026'!O13-'Entries April 2026'!O12) -> 34 | E13: =IF('Entries April 2026'!P13-'Entries April 2026'!P12<1,"0",'Entries April 2026'!P13-'Entries April 2026'!P12) -> 184 | F13: =IF('Entries April 2026'!V13-'Entries April 2026'!V12<1,"0",'Entries April 2026'!V13-'Entries April 2026'!V12) -> 193 | G13: =(D13+E13)-F13 -> 25 | H13: =IF('Entries April 2026'!Q13-'Entries April 2026'!Q12<1,0,'Entries April 2026'!Q13-'Entries April 2026'!Q12) -> 152 | I13: =IF('Entries April 2026'!AG13-'Entries April 2026'!AG12<1,0,'Entries April 2026'!AG13-'Entries April 2026'!AG12) -> 0 | J13: =IF('Entries April 2026'!S13-'Entries April 2026'!S12<1,"0",'Entries April 2026'!S13-'Entries April 2026'!S12) -> 140 | K13: =IF('Entries April 2026'!R13-'Entries April 2026'!R12<1,"0",'Entries April 2026'!R13-'Entries April 2026'!R12) -> 0 | L13: =IF('Entries April 2026'!T13-'Entries April 2026'!T12<1,"0",'Entries April 2026'!T13-'Entries April 2026'!T12) -> 0 | M13: =IF('Entries April 2026'!U13-'Entries April 2026'!U12<1,"0",'Entries April 2026'!U13-'Entries April 2026'!U12) -> 3 | N13: =IF('Entries April 2026'!X13-'Entries April 2026'!X12<1,"0",'Entries April 2026'!X13-'Entries April 2026'!X12) -> 42 | O13: =IF('Entries April 2026'!Y13-'Entries April 2026'!Y12<1,"0",'Entries April 2026'!Y13-'Entries April 2026'!Y12) -> 38 | P13: =IF('Entries April 2026'!AC13-'Entries April 2026'!AC12<1,"0",'Entries April 2026'!AC13-'Entries April 2026'!AC12) -> 17 | Q13: =IF('Entries April 2026'!Z13-'Entries April 2026'!Z12<1,"0",'Entries April 2026'!Z13-'Entries April 2026'!Z12) -> 15 | R13: =IF(('Entries April 2026'!AA13-'Entries April 2026'!AA12)+('Entries April 2026'!AB13-'Entries April 2026'!AB12)<1,"0",('Entries April 2026'!AA13-'Entries April 2026'!AA12)+('Entries April 2026'!AB13-'Entries April 2026'!AB12)) -> 0 | S13: =(R13+G13)*10 -> 250 | T13: =O13+N13+M13+L13 -> 83 | U13: =IF('Entries April 2026'!AC13-'Entries April 2026'!AC12<1,"0",'Entries April 2026'!AC13-'Entries April 2026'!AC12) -> 17 | V13: =IF('Entries April 2026'!AD13-'Entries April 2026'!AD12<1,"0",'Entries April 2026'!AD13-'Entries April 2026'!AD12) -> 0 | W13: =IF('Entries April 2026'!AE13-'Entries April 2026'!AE12<1,"0",'Entries April 2026'!AE13-'Entries April 2026'!AE12) -> 0 | X13: =IF('Entries April 2026'!AI13-'Entries April 2026'!AI12<1,"0",'Entries April 2026'!AI13-'Entries April 2026'!AI12) -> 0 | Y13: =IF('Entries April 2026'!AH13-'Entries April 2026'!AH12<1,"0",'Entries April 2026'!AH13-'Entries April 2026'!AH12) -> 0 | Z13: =C13+D13+E13 -> 218 | AA13: 71.148 | AB13: =IF(AA13=0,"0",(Z13*10/AA13)) -> 30.640355
B14: 8 | C14: =IF('Entries April 2026'!W14-'Entries April 2026'!W13<1,"0",'Entries April 2026'!W14-'Entries April 2026'!W13) -> 0 | D14: =IF('Entries April 2026'!O14-'Entries April 2026'!O13<1,"0",'Entries April 2026'!O14-'Entries April 2026'!O13) -> 172 | E14: =IF('Entries April 2026'!P14-'Entries April 2026'!P13<1,"0",'Entries April 2026'!P14-'Entries April 2026'!P13) -> 147 | F14: =IF('Entries April 2026'!V14-'Entries April 2026'!V13<1,"0",'Entries April 2026'!V14-'Entries April 2026'!V13) -> 155 | G14: =(D14+E14)-F14 -> 164 | H14: =IF('Entries April 2026'!Q14-'Entries April 2026'!Q13<1,0,'Entries April 2026'!Q14-'Entries April 2026'!Q13) -> 263 | I14: =IF('Entries April 2026'!AG14-'Entries April 2026'!AG13<1,0,'Entries April 2026'!AG14-'Entries April 2026'!AG13) -> 0 | J14: =IF('Entries April 2026'!S14-'Entries April 2026'!S13<1,"0",'Entries April 2026'!S14-'Entries April 2026'!S13) -> 53 | K14: =IF('Entries April 2026'!R14-'Entries April 2026'!R13<1,"0",'Entries April 2026'!R14-'Entries April 2026'!R13) -> 0 | L14: =IF('Entries April 2026'!T14-'Entries April 2026'!T13<1,"0",'Entries April 2026'!T14-'Entries April 2026'!T13) -> 0 | M14: =IF('Entries April 2026'!U14-'Entries April 2026'!U13<1,"0",'Entries April 2026'!U14-'Entries April 2026'!U13) -> 1 | N14: =IF('Entries April 2026'!X14-'Entries April 2026'!X13<1,"0",'Entries April 2026'!X14-'Entries April 2026'!X13) -> 48 | O14: =IF('Entries April 2026'!Y14-'Entries April 2026'!Y13<1,"0",'Entries April 2026'!Y14-'Entries April 2026'!Y13) -> 120 | P14: =IF('Entries April 2026'!AC14-'Entries April 2026'!AC13<1,"0",'Entries April 2026'!AC14-'Entries April 2026'!AC13) -> 32 | Q14: =IF('Entries April 2026'!Z14-'Entries April 2026'!Z13<1,"0",'Entries April 2026'!Z14-'Entries April 2026'!Z13) -> 15 | R14: =IF(('Entries April 2026'!AA14-'Entries April 2026'!AA13)+('Entries April 2026'!AB14-'Entries April 2026'!AB13)<1,"0",('Entries April 2026'!AA14-'Entries April 2026'!AA13)+('Entries April 2026'!AB14-'Entries April 2026'!AB13)) -> 0 | S14: =(R14+G14)*10 -> 1640 | T14: =O14+N14+M14+L14 -> 169 | U14: =IF('Entries April 2026'!AC14-'Entries April 2026'!AC13<1,"0",'Entries April 2026'!AC14-'Entries April 2026'!AC13) -> 32 | V14: =IF('Entries April 2026'!AD14-'Entries April 2026'!AD13<1,"0",'Entries April 2026'!AD14-'Entries April 2026'!AD13) -> 11 | W14: =IF('Entries April 2026'!AE14-'Entries April 2026'!AE13<1,"0",'Entries April 2026'!AE14-'Entries April 2026'!AE13) -> 0 | X14: =IF('Entries April 2026'!AI14-'Entries April 2026'!AI13<1,"0",'Entries April 2026'!AI14-'Entries April 2026'!AI13) -> 0 | Y14: =IF('Entries April 2026'!AH14-'Entries April 2026'!AH13<1,"0",'Entries April 2026'!AH14-'Entries April 2026'!AH13) -> 0 | Z14: =C14+D14+E14 -> 319 | AA14: 602.778 | AB14: =IF(AA14=0,"0",(Z14*10/AA14)) -> 5.2921639
B15: 9 | C15: =IF('Entries April 2026'!W15-'Entries April 2026'!W14<1,"0",'Entries April 2026'!W15-'Entries April 2026'!W14) -> 0 | D15: =IF('Entries April 2026'!O15-'Entries April 2026'!O14<1,"0",'Entries April 2026'!O15-'Entries April 2026'!O14) -> 237 | E15: =IF('Entries April 2026'!P15-'Entries April 2026'!P14<1,"0",'Entries April 2026'!P15-'Entries April 2026'!P14) -> 138 | F15: =IF('Entries April 2026'!V15-'Entries April 2026'!V14<1,"0",'Entries April 2026'!V15-'Entries April 2026'!V14) -> 144 | G15: =(D15+E15)-F15 -> 231 | H15: =IF('Entries April 2026'!Q15-'Entries April 2026'!Q14<1,0,'Entries April 2026'!Q15-'Entries April 2026'!Q14) -> 258 | I15: =IF('Entries April 2026'!AG15-'Entries April 2026'!AG14<1,0,'Entries April 2026'!AG15-'Entries April 2026'!AG14) -> 0 | J15: =IF('Entries April 2026'!S15-'Entries April 2026'!S14<1,"0",'Entries April 2026'!S15-'Entries April 2026'!S14) -> 167 | K15: =IF('Entries April 2026'!R15-'Entries April 2026'!R14<1,"0",'Entries April 2026'!R15-'Entries April 2026'!R14) -> 0 | L15: =IF('Entries April 2026'!T15-'Entries April 2026'!T14<1,"0",'Entries April 2026'!T15-'Entries April 2026'!T14) -> 0 | M15: =IF('Entries April 2026'!U15-'Entries April 2026'!U14<1,"0",'Entries April 2026'!U15-'Entries April 2026'!U14) -> 1 | N15: =IF('Entries April 2026'!X15-'Entries April 2026'!X14<1,"0",'Entries April 2026'!X15-'Entries April 2026'!X14) -> 31 | O15: =IF('Entries April 2026'!Y15-'Entries April 2026'!Y14<1,"0",'Entries April 2026'!Y15-'Entries April 2026'!Y14) -> 136 | P15: =IF('Entries April 2026'!AC15-'Entries April 2026'!AC14<1,"0",'Entries April 2026'!AC15-'Entries April 2026'!AC14) -> 33 | Q15: =IF('Entries April 2026'!Z15-'Entries April 2026'!Z14<1,"0",'Entries April 2026'!Z15-'Entries April 2026'!Z14) -> 17 | R15: =IF(('Entries April 2026'!AA15-'Entries April 2026'!AA14)+('Entries April 2026'!AB15-'Entries April 2026'!AB14)<1,"0",('Entries April 2026'!AA15-'Entries April 2026'!AA14)+('Entries April 2026'!AB15-'Entries April 2026'!AB14)) -> 0 | S15: =(R15+G15)*10 -> 2310 | T15: =O15+N15+M15+L15 -> 168 | U15: =IF('Entries April 2026'!AC15-'Entries April 2026'!AC14<1,"0",'Entries April 2026'!AC15-'Entries April 2026'!AC14) -> 33 | V15: =IF('Entries April 2026'!AD15-'Entries April 2026'!AD14<1,"0",'Entries April 2026'!AD15-'Entries April 2026'!AD14) -> 21 | W15: =IF('Entries April 2026'!AE15-'Entries April 2026'!AE14<1,"0",'Entries April 2026'!AE15-'Entries April 2026'!AE14) -> 0 | X15: =IF('Entries April 2026'!AI15-'Entries April 2026'!AI14<1,"0",'Entries April 2026'!AI15-'Entries April 2026'!AI14) -> 0 | Y15: =IF('Entries April 2026'!AH15-'Entries April 2026'!AH14<1,"0",'Entries April 2026'!AH15-'Entries April 2026'!AH14) -> 0 | Z15: =C15+D15+E15 -> 375 | AA15: 651.42 | AB15: =IF(AA15=0,"0",(Z15*10/AA15)) -> 5.7566547
B16: 10 | C16: =IF('Entries April 2026'!W16-'Entries April 2026'!W15<1,"0",'Entries April 2026'!W16-'Entries April 2026'!W15) -> 0 | D16: =IF('Entries April 2026'!O16-'Entries April 2026'!O15<1,"0",'Entries April 2026'!O16-'Entries April 2026'!O15) -> 211 | E16: =IF('Entries April 2026'!P16-'Entries April 2026'!P15<1,"0",'Entries April 2026'!P16-'Entries April 2026'!P15) -> 166 | F16: =IF('Entries April 2026'!V16-'Entries April 2026'!V15<1,"0",'Entries April 2026'!V16-'Entries April 2026'!V15) -> 174 | G16: =(D16+E16)-F16 -> 203 | H16: =IF('Entries April 2026'!Q16-'Entries April 2026'!Q15<1,0,'Entries April 2026'!Q16-'Entries April 2026'!Q15) -> 204 | I16: =IF('Entries April 2026'!AG16-'Entries April 2026'!AG15<1,0,'Entries April 2026'!AG16-'Entries April 2026'!AG15) -> 0 | J16: =IF('Entries April 2026'!S16-'Entries April 2026'!S15<1,"0",'Entries April 2026'!S16-'Entries April 2026'!S15) -> 112 | K16: =IF('Entries April 2026'!R16-'Entries April 2026'!R15<1,"0",'Entries April 2026'!R16-'Entries April 2026'!R15) -> 0 | L16: =IF('Entries April 2026'!T16-'Entries April 2026'!T15<1,"0",'Entries April 2026'!T16-'Entries April 2026'!T15) -> 0 | M16: =IF('Entries April 2026'!U16-'Entries April 2026'!U15<1,"0",'Entries April 2026'!U16-'Entries April 2026'!U15) -> 0 | N16: =IF('Entries April 2026'!X16-'Entries April 2026'!X15<1,"0",'Entries April 2026'!X16-'Entries April 2026'!X15) -> 30 | O16: =IF('Entries April 2026'!Y16-'Entries April 2026'!Y15<1,"0",'Entries April 2026'!Y16-'Entries April 2026'!Y15) -> 79 | P16: =IF('Entries April 2026'!AC16-'Entries April 2026'!AC15<1,"0",'Entries April 2026'!AC16-'Entries April 2026'!AC15) -> 25 | Q16: =IF('Entries April 2026'!Z16-'Entries April 2026'!Z15<1,"0",'Entries April 2026'!Z16-'Entries April 2026'!Z15) -> 16 | R16: =IF(('Entries April 2026'!AA16-'Entries April 2026'!AA15)+('Entries April 2026'!AB16-'Entries April 2026'!AB15)<1,"0",('Entries April 2026'!AA16-'Entries April 2026'!AA15)+('Entries April 2026'!AB16-'Entries April 2026'!AB15)) -> 0 | S16: =(R16+G16)*10 -> 2030 | T16: =O16+N16+M16+L16 -> 109 | U16: =IF('Entries April 2026'!AC16-'Entries April 2026'!AC15<1,"0",'Entries April 2026'!AC16-'Entries April 2026'!AC15) -> 25 | V16: =IF('Entries April 2026'!AD16-'Entries April 2026'!AD15<1,"0",'Entries April 2026'!AD16-'Entries April 2026'!AD15) -> 24 | W16: =IF('Entries April 2026'!AE16-'Entries April 2026'!AE15<1,"0",'Entries April 2026'!AE16-'Entries April 2026'!AE15) -> 0 | X16: =IF('Entries April 2026'!AI16-'Entries April 2026'!AI15<1,"0",'Entries April 2026'!AI16-'Entries April 2026'!AI15) -> 0 | Y16: =IF('Entries April 2026'!AH16-'Entries April 2026'!AH15<1,"0",'Entries April 2026'!AH16-'Entries April 2026'!AH15) -> 0 | Z16: =C16+D16+E16 -> 377 | AA16: 427.482 | AB16: =IF(AA16=0,"0",(Z16*10/AA16)) -> 8.8190848
B17: 11 | C17: =IF('Entries April 2026'!W17-'Entries April 2026'!W16<1,"0",'Entries April 2026'!W17-'Entries April 2026'!W16) -> 0 | D17: =IF('Entries April 2026'!O17-'Entries April 2026'!O16<1,"0",'Entries April 2026'!O17-'Entries April 2026'!O16) -> 31 | E17: =IF('Entries April 2026'!P17-'Entries April 2026'!P16<1,"0",'Entries April 2026'!P17-'Entries April 2026'!P16) -> 32 | F17: =IF('Entries April 2026'!V17-'Entries April 2026'!V16<1,"0",'Entries April 2026'!V17-'Entries April 2026'!V16) -> 34 | G17: =(D17+E17)-F17 -> 29 | H17: =IF('Entries April 2026'!Q17-'Entries April 2026'!Q16<1,0,'Entries April 2026'!Q17-'Entries April 2026'!Q16) -> 51 | I17: =IF('Entries April 2026'!AG17-'Entries April 2026'!AG16<1,0,'Entries April 2026'!AG17-'Entries April 2026'!AG16) -> 0 | J17: =IF('Entries April 2026'!S17-'Entries April 2026'!S16<1,"0",'Entries April 2026'!S17-'Entries April 2026'!S16) -> 0 | K17: =IF('Entries April 2026'!R17-'Entries April 2026'!R16<1,"0",'Entries April 2026'!R17-'Entries April 2026'!R16) -> 0 | L17: =IF('Entries April 2026'!T17-'Entries April 2026'!T16<1,"0",'Entries April 2026'!T17-'Entries April 2026'!T16) -> 0 | M17: =IF('Entries April 2026'!U17-'Entries April 2026'!U16<1,"0",'Entries April 2026'!U17-'Entries April 2026'!U16) -> 0 | N17: =IF('Entries April 2026'!X17-'Entries April 2026'!X16<1,"0",'Entries April 2026'!X17-'Entries April 2026'!X16) -> 0 | O17: =IF('Entries April 2026'!Y17-'Entries April 2026'!Y16<1,"0",'Entries April 2026'!Y17-'Entries April 2026'!Y16) -> 26 | P17: =IF('Entries April 2026'!AC17-'Entries April 2026'!AC16<1,"0",'Entries April 2026'!AC17-'Entries April 2026'!AC16) -> 0 | Q17: =IF('Entries April 2026'!Z17-'Entries April 2026'!Z16<1,"0",'Entries April 2026'!Z17-'Entries April 2026'!Z16) -> 1 | R17: =IF(('Entries April 2026'!AA17-'Entries April 2026'!AA16)+('Entries April 2026'!AB17-'Entries April 2026'!AB16)<1,"0",('Entries April 2026'!AA17-'Entries April 2026'!AA16)+('Entries April 2026'!AB17-'Entries April 2026'!AB16)) -> 0 | S17: =(R17+G17)*10 -> 290 | T17: =O17+N17+M17+L17 -> 26 | U17: =IF('Entries April 2026'!AC17-'Entries April 2026'!AC16<1,"0",'Entries April 2026'!AC17-'Entries April 2026'!AC16) -> 0 | V17: =IF('Entries April 2026'!AD17-'Entries April 2026'!AD16<1,"0",'Entries April 2026'!AD17-'Entries April 2026'!AD16) -> 0 | W17: =IF('Entries April 2026'!AE17-'Entries April 2026'!AE16<1,"0",'Entries April 2026'!AE17-'Entries April 2026'!AE16) -> 0 | X17: =IF('Entries April 2026'!AI17-'Entries April 2026'!AI16<1,"0",'Entries April 2026'!AI17-'Entries April 2026'!AI16) -> 0 | Y17: =IF('Entries April 2026'!AH17-'Entries April 2026'!AH16<1,"0",'Entries April 2026'!AH17-'Entries April 2026'!AH16) -> 0 | Z17: =C17+D17+E17 -> 63 | AA17: 0 | AB17: =IF(AA17=0,"0",(Z17*10/AA17)) -> 0
B18: 12 | C18: =IF('Entries April 2026'!W18-'Entries April 2026'!W17<1,"0",'Entries April 2026'!W18-'Entries April 2026'!W17) -> 0 | D18: =IF('Entries April 2026'!O18-'Entries April 2026'!O17<1,"0",'Entries April 2026'!O18-'Entries April 2026'!O17) -> 2 | E18: =IF('Entries April 2026'!P18-'Entries April 2026'!P17<1,"0",'Entries April 2026'!P18-'Entries April 2026'!P17) -> 0 | F18: =IF('Entries April 2026'!V18-'Entries April 2026'!V17<1,"0",'Entries April 2026'!V18-'Entries April 2026'!V17) -> 0 | G18: =(D18+E18)-F18 -> 2 | H18: =IF('Entries April 2026'!Q18-'Entries April 2026'!Q17<1,0,'Entries April 2026'!Q18-'Entries April 2026'!Q17) -> 9 | I18: =IF('Entries April 2026'!AG18-'Entries April 2026'!AG17<1,0,'Entries April 2026'!AG18-'Entries April 2026'!AG17) -> 0 | J18: =IF('Entries April 2026'!S18-'Entries April 2026'!S17<1,"0",'Entries April 2026'!S18-'Entries April 2026'!S17) -> 0 | K18: =IF('Entries April 2026'!R18-'Entries April 2026'!R17<1,"0",'Entries April 2026'!R18-'Entries April 2026'!R17) -> 0 | L18: =IF('Entries April 2026'!T18-'Entries April 2026'!T17<1,"0",'Entries April 2026'!T18-'Entries April 2026'!T17) -> 0 | M18: =IF('Entries April 2026'!U18-'Entries April 2026'!U17<1,"0",'Entries April 2026'!U18-'Entries April 2026'!U17) -> 0 | N18: =IF('Entries April 2026'!X18-'Entries April 2026'!X17<1,"0",'Entries April 2026'!X18-'Entries April 2026'!X17) -> 0 | O18: =IF('Entries April 2026'!Y18-'Entries April 2026'!Y17<1,"0",'Entries April 2026'!Y18-'Entries April 2026'!Y17) -> 0 | P18: =IF('Entries April 2026'!AC18-'Entries April 2026'!AC17<1,"0",'Entries April 2026'!AC18-'Entries April 2026'!AC17) -> 0 | Q18: =IF('Entries April 2026'!Z18-'Entries April 2026'!Z17<1,"0",'Entries April 2026'!Z18-'Entries April 2026'!Z17) -> 2 | R18: =IF(('Entries April 2026'!AA18-'Entries April 2026'!AA17)+('Entries April 2026'!AB18-'Entries April 2026'!AB17)<1,"0",('Entries April 2026'!AA18-'Entries April 2026'!AA17)+('Entries April 2026'!AB18-'Entries April 2026'!AB17)) -> 0 | S18: =(R18+G18)*10 -> 20 | T18: =O18+N18+M18+L18 -> 0 | U18: =IF('Entries April 2026'!AC18-'Entries April 2026'!AC17<1,"0",'Entries April 2026'!AC18-'Entries April 2026'!AC17) -> 0 | V18: =IF('Entries April 2026'!AD18-'Entries April 2026'!AD17<1,"0",'Entries April 2026'!AD18-'Entries April 2026'!AD17) -> 0 | W18: =IF('Entries April 2026'!AE18-'Entries April 2026'!AE17<1,"0",'Entries April 2026'!AE18-'Entries April 2026'!AE17) -> 0 | X18: =IF('Entries April 2026'!AI18-'Entries April 2026'!AI17<1,"0",'Entries April 2026'!AI18-'Entries April 2026'!AI17) -> 0 | Y18: =IF('Entries April 2026'!AH18-'Entries April 2026'!AH17<1,"0",'Entries April 2026'!AH18-'Entries April 2026'!AH17) -> 0 | Z18: =C18+D18+E18 -> 2 | AA18: 0 | AB18: =IF(AA18=0,"0",(Z18*10/AA18)) -> 0
B19: 13 | C19: =IF('Entries April 2026'!W19-'Entries April 2026'!W18<1,"0",'Entries April 2026'!W19-'Entries April 2026'!W18) -> 0 | D19: =IF('Entries April 2026'!O19-'Entries April 2026'!O18<1,"0",'Entries April 2026'!O19-'Entries April 2026'!O18) -> 240 | E19: =IF('Entries April 2026'!P19-'Entries April 2026'!P18<1,"0",'Entries April 2026'!P19-'Entries April 2026'!P18) -> 150 | F19: =IF('Entries April 2026'!V19-'Entries April 2026'!V18<1,"0",'Entries April 2026'!V19-'Entries April 2026'!V18) -> 158 | G19: =(D19+E19)-F19 -> 232 | H19: =IF('Entries April 2026'!Q19-'Entries April 2026'!Q18<1,0,'Entries April 2026'!Q19-'Entries April 2026'!Q18) -> 271 | I19: =IF('Entries April 2026'!AG19-'Entries April 2026'!AG18<1,0,'Entries April 2026'!AG19-'Entries April 2026'!AG18) -> 0 | J19: =IF('Entries April 2026'!S19-'Entries April 2026'!S18<1,"0",'Entries April 2026'!S19-'Entries April 2026'!S18) -> 158 | K19: =IF('Entries April 2026'!R19-'Entries April 2026'!R18<1,"0",'Entries April 2026'!R19-'Entries April 2026'!R18) -> 0 | L19: =IF('Entries April 2026'!T19-'Entries April 2026'!T18<1,"0",'Entries April 2026'!T19-'Entries April 2026'!T18) -> 0 | M19: =IF('Entries April 2026'!U19-'Entries April 2026'!U18<1,"0",'Entries April 2026'!U19-'Entries April 2026'!U18) -> 2 | N19: =IF('Entries April 2026'!X19-'Entries April 2026'!X18<1,"0",'Entries April 2026'!X19-'Entries April 2026'!X18) -> 72 | O19: =IF('Entries April 2026'!Y19-'Entries April 2026'!Y18<1,"0",'Entries April 2026'!Y19-'Entries April 2026'!Y18) -> 103 | P19: =IF('Entries April 2026'!AC19-'Entries April 2026'!AC18<1,"0",'Entries April 2026'!AC19-'Entries April 2026'!AC18) -> 28 | Q19: =IF('Entries April 2026'!Z19-'Entries April 2026'!Z18<1,"0",'Entries April 2026'!Z19-'Entries April 2026'!Z18) -> 19 | R19: =IF(('Entries April 2026'!AA19-'Entries April 2026'!AA18)+('Entries April 2026'!AB19-'Entries April 2026'!AB18)<1,"0",('Entries April 2026'!AA19-'Entries April 2026'!AA18)+('Entries April 2026'!AB19-'Entries April 2026'!AB18)) -> 0 | S19: =(R19+G19)*10 -> 2320 | T19: =O19+N19+M19+L19 -> 177 | U19: =IF('Entries April 2026'!AC19-'Entries April 2026'!AC18<1,"0",'Entries April 2026'!AC19-'Entries April 2026'!AC18) -> 28 | V19: =IF('Entries April 2026'!AD19-'Entries April 2026'!AD18<1,"0",'Entries April 2026'!AD19-'Entries April 2026'!AD18) -> 0 | W19: =IF('Entries April 2026'!AE19-'Entries April 2026'!AE18<1,"0",'Entries April 2026'!AE19-'Entries April 2026'!AE18) -> 0 | X19: =IF('Entries April 2026'!AI19-'Entries April 2026'!AI18<1,"0",'Entries April 2026'!AI19-'Entries April 2026'!AI18) -> 0 | Y19: =IF('Entries April 2026'!AH19-'Entries April 2026'!AH18<1,"0",'Entries April 2026'!AH19-'Entries April 2026'!AH18) -> 0 | Z19: =C19+D19+E19 -> 390 | AA19: 418.044 | AB19: =IF(AA19=0,"0",(Z19*10/AA19)) -> 9.3291615
B20: 14 | C20: =IF('Entries April 2026'!W20-'Entries April 2026'!W19<1,"0",'Entries April 2026'!W20-'Entries April 2026'!W19) -> 0 | D20: =IF('Entries April 2026'!O20-'Entries April 2026'!O19<1,"0",'Entries April 2026'!O20-'Entries April 2026'!O19) -> 312 | E20: =IF('Entries April 2026'!P20-'Entries April 2026'!P19<1,"0",'Entries April 2026'!P20-'Entries April 2026'!P19) -> 145 | F20: =IF('Entries April 2026'!V20-'Entries April 2026'!V19<1,"0",'Entries April 2026'!V20-'Entries April 2026'!V19) -> 151 | G20: =(D20+E20)-F20 -> 306 | H20: =IF('Entries April 2026'!Q20-'Entries April 2026'!Q19<1,0,'Entries April 2026'!Q20-'Entries April 2026'!Q19) -> 253 | I20: =IF('Entries April 2026'!AG20-'Entries April 2026'!AG19<1,0,'Entries April 2026'!AG20-'Entries April 2026'!AG19) -> 0 | J20: =IF('Entries April 2026'!S20-'Entries April 2026'!S19<1,"0",'Entries April 2026'!S20-'Entries April 2026'!S19) -> 157 | K20: =IF('Entries April 2026'!R20-'Entries April 2026'!R19<1,"0",'Entries April 2026'!R20-'Entries April 2026'!R19) -> 0 | L20: =IF('Entries April 2026'!T20-'Entries April 2026'!T19<1,"0",'Entries April 2026'!T20-'Entries April 2026'!T19) -> 0 | M20: =IF('Entries April 2026'!U20-'Entries April 2026'!U19<1,"0",'Entries April 2026'!U20-'Entries April 2026'!U19) -> 0 | N20: =IF('Entries April 2026'!X20-'Entries April 2026'!X19<1,"0",'Entries April 2026'!X20-'Entries April 2026'!X19) -> 65 | O20: =IF('Entries April 2026'!Y20-'Entries April 2026'!Y19<1,"0",'Entries April 2026'!Y20-'Entries April 2026'!Y19) -> 94 | P20: =IF('Entries April 2026'!AC20-'Entries April 2026'!AC19<1,"0",'Entries April 2026'!AC20-'Entries April 2026'!AC19) -> 29 | Q20: =IF('Entries April 2026'!Z20-'Entries April 2026'!Z19<1,"0",'Entries April 2026'!Z20-'Entries April 2026'!Z19) -> 18 | R20: =IF(('Entries April 2026'!AA20-'Entries April 2026'!AA19)+('Entries April 2026'!AB20-'Entries April 2026'!AB19)<1,"0",('Entries April 2026'!AA20-'Entries April 2026'!AA19)+('Entries April 2026'!AB20-'Entries April 2026'!AB19)) -> 0 | S20: =(R20+G20)*10 -> 3060 | T20: =O20+N20+M20+L20 -> 159 | U20: =IF('Entries April 2026'!AC20-'Entries April 2026'!AC19<1,"0",'Entries April 2026'!AC20-'Entries April 2026'!AC19) -> 29 | V20: =IF('Entries April 2026'!AD20-'Entries April 2026'!AD19<1,"0",'Entries April 2026'!AD20-'Entries April 2026'!AD19) -> 30 | W20: =IF('Entries April 2026'!AE20-'Entries April 2026'!AE19<1,"0",'Entries April 2026'!AE20-'Entries April 2026'!AE19) -> 0 | X20: =IF('Entries April 2026'!AI20-'Entries April 2026'!AI19<1,"0",'Entries April 2026'!AI20-'Entries April 2026'!AI19) -> 0 | Y20: =IF('Entries April 2026'!AH20-'Entries April 2026'!AH19<1,"0",'Entries April 2026'!AH20-'Entries April 2026'!AH19) -> 0 | Z20: =C20+D20+E20 -> 457 | AA20: 398.178 | AB20: =IF(AA20=0,"0",(Z20*10/AA20)) -> 11.477279
B21: 15 | C21: =IF('Entries April 2026'!W21-'Entries April 2026'!W20<1,"0",'Entries April 2026'!W21-'Entries April 2026'!W20) -> 0 | D21: =IF('Entries April 2026'!O21-'Entries April 2026'!O20<1,"0",'Entries April 2026'!O21-'Entries April 2026'!O20) -> 288 | E21: =IF('Entries April 2026'!P21-'Entries April 2026'!P20<1,"0",'Entries April 2026'!P21-'Entries April 2026'!P20) -> 99 | F21: =IF('Entries April 2026'!V21-'Entries April 2026'!V20<1,"0",'Entries April 2026'!V21-'Entries April 2026'!V20) -> 172 | G21: =(D21+E21)-F21 -> 215 | H21: =IF('Entries April 2026'!Q21-'Entries April 2026'!Q20<1,0,'Entries April 2026'!Q21-'Entries April 2026'!Q20) -> 287 | I21: =IF('Entries April 2026'!AG21-'Entries April 2026'!AG20<1,0,'Entries April 2026'!AG21-'Entries April 2026'!AG20) -> 0 | J21: =IF('Entries April 2026'!S21-'Entries April 2026'!S20<1,"0",'Entries April 2026'!S21-'Entries April 2026'!S20) -> 177 | K21: =IF('Entries April 2026'!R21-'Entries April 2026'!R20<1,"0",'Entries April 2026'!R21-'Entries April 2026'!R20) -> 0 | L21: =IF('Entries April 2026'!T21-'Entries April 2026'!T20<1,"0",'Entries April 2026'!T21-'Entries April 2026'!T20) -> 0 | M21: =IF('Entries April 2026'!U21-'Entries April 2026'!U20<1,"0",'Entries April 2026'!U21-'Entries April 2026'!U20) -> 0 | N21: =IF('Entries April 2026'!X21-'Entries April 2026'!X20<1,"0",'Entries April 2026'!X21-'Entries April 2026'!X20) -> 79 | O21: =IF('Entries April 2026'!Y21-'Entries April 2026'!Y20<1,"0",'Entries April 2026'!Y21-'Entries April 2026'!Y20) -> 133 | P21: =IF('Entries April 2026'!AC21-'Entries April 2026'!AC20<1,"0",'Entries April 2026'!AC21-'Entries April 2026'!AC20) -> 34 | Q21: =IF('Entries April 2026'!Z21-'Entries April 2026'!Z20<1,"0",'Entries April 2026'!Z21-'Entries April 2026'!Z20) -> 23 | R21: =IF(('Entries April 2026'!AA21-'Entries April 2026'!AA20)+('Entries April 2026'!AB21-'Entries April 2026'!AB20)<1,"0",('Entries April 2026'!AA21-'Entries April 2026'!AA20)+('Entries April 2026'!AB21-'Entries April 2026'!AB20)) -> 0 | S21: =(R21+G21)*10 -> 2150 | T21: =O21+N21+M21+L21 -> 212 | U21: =IF('Entries April 2026'!AC21-'Entries April 2026'!AC20<1,"0",'Entries April 2026'!AC21-'Entries April 2026'!AC20) -> 34 | V21: =IF('Entries April 2026'!AD21-'Entries April 2026'!AD20<1,"0",'Entries April 2026'!AD21-'Entries April 2026'!AD20) -> 0 | W21: =IF('Entries April 2026'!AE21-'Entries April 2026'!AE20<1,"0",'Entries April 2026'!AE21-'Entries April 2026'!AE20) -> 0 | X21: =IF('Entries April 2026'!AI21-'Entries April 2026'!AI20<1,"0",'Entries April 2026'!AI21-'Entries April 2026'!AI20) -> 0 | Y21: =IF('Entries April 2026'!AH21-'Entries April 2026'!AH20<1,"0",'Entries April 2026'!AH21-'Entries April 2026'!AH20) -> 0 | Z21: =C21+D21+E21 -> 387 | AA21: 489.786 | AB21: =IF(AA21=0,"0",(Z21*10/AA21)) -> 7.90141
B22: 16 | C22: =IF('Entries April 2026'!W22-'Entries April 2026'!W21<1,"0",'Entries April 2026'!W22-'Entries April 2026'!W21) -> 0 | D22: =IF('Entries April 2026'!O22-'Entries April 2026'!O21<1,"0",'Entries April 2026'!O22-'Entries April 2026'!O21) -> 147 | E22: =IF('Entries April 2026'!P22-'Entries April 2026'!P21<1,"0",'Entries April 2026'!P22-'Entries April 2026'!P21) -> 175 | F22: =IF('Entries April 2026'!V22-'Entries April 2026'!V21<1,"0",'Entries April 2026'!V22-'Entries April 2026'!V21) -> 115 | G22: =(D22+E22)-F22 -> 207 | H22: =IF('Entries April 2026'!Q22-'Entries April 2026'!Q21<1,0,'Entries April 2026'!Q22-'Entries April 2026'!Q21) -> 260 | I22: =IF('Entries April 2026'!AG22-'Entries April 2026'!AG21<1,0,'Entries April 2026'!AG22-'Entries April 2026'!AG21) -> 0 | J22: =IF('Entries April 2026'!S22-'Entries April 2026'!S21<1,"0",'Entries April 2026'!S22-'Entries April 2026'!S21) -> 161 | K22: =IF('Entries April 2026'!R22-'Entries April 2026'!R21<1,"0",'Entries April 2026'!R22-'Entries April 2026'!R21) -> 0 | L22: =IF('Entries April 2026'!T22-'Entries April 2026'!T21<1,"0",'Entries April 2026'!T22-'Entries April 2026'!T21) -> 0 | M22: =IF('Entries April 2026'!U22-'Entries April 2026'!U21<1,"0",'Entries April 2026'!U22-'Entries April 2026'!U21) -> 0 | N22: =IF('Entries April 2026'!X22-'Entries April 2026'!X21<1,"0",'Entries April 2026'!X22-'Entries April 2026'!X21) -> 20 | O22: =IF('Entries April 2026'!Y22-'Entries April 2026'!Y21<1,"0",'Entries April 2026'!Y22-'Entries April 2026'!Y21) -> 113 | P22: =IF('Entries April 2026'!AC22-'Entries April 2026'!AC21<1,"0",'Entries April 2026'!AC22-'Entries April 2026'!AC21) -> 31 | Q22: =IF('Entries April 2026'!Z22-'Entries April 2026'!Z21<1,"0",'Entries April 2026'!Z22-'Entries April 2026'!Z21) -> 12 | R22: =IF(('Entries April 2026'!AA22-'Entries April 2026'!AA21)+('Entries April 2026'!AB22-'Entries April 2026'!AB21)<1,"0",('Entries April 2026'!AA22-'Entries April 2026'!AA21)+('Entries April 2026'!AB22-'Entries April 2026'!AB21)) -> 0 | S22: =(R22+G22)*10 -> 2070 | T22: =O22+N22+M22+L22 -> 133 | U22: =IF('Entries April 2026'!AC22-'Entries April 2026'!AC21<1,"0",'Entries April 2026'!AC22-'Entries April 2026'!AC21) -> 31 | V22: =IF('Entries April 2026'!AD22-'Entries April 2026'!AD21<1,"0",'Entries April 2026'!AD22-'Entries April 2026'!AD21) -> 106 | W22: =IF('Entries April 2026'!AE22-'Entries April 2026'!AE21<1,"0",'Entries April 2026'!AE22-'Entries April 2026'!AE21) -> 0 | X22: =IF('Entries April 2026'!AI22-'Entries April 2026'!AI21<1,"0",'Entries April 2026'!AI22-'Entries April 2026'!AI21) -> 0 | Y22: =IF('Entries April 2026'!AH22-'Entries April 2026'!AH21<1,"0",'Entries April 2026'!AH22-'Entries April 2026'!AH21) -> 0 | Z22: =C22+D22+E22 -> 322 | AA22: 622.512 | AB22: =IF(AA22=0,"0",(Z22*10/AA22)) -> 5.1725911
B23: 17 | C23: =IF('Entries April 2026'!W23-'Entries April 2026'!W22<1,"0",'Entries April 2026'!W23-'Entries April 2026'!W22) -> 0 | D23: =IF('Entries April 2026'!O23-'Entries April 2026'!O22<1,"0",'Entries April 2026'!O23-'Entries April 2026'!O22) -> 182 | E23: =IF('Entries April 2026'!P23-'Entries April 2026'!P22<1,"0",'Entries April 2026'!P23-'Entries April 2026'!P22) -> 180 | F23: =IF('Entries April 2026'!V23-'Entries April 2026'!V22<1,"0",'Entries April 2026'!V23-'Entries April 2026'!V22) -> 186 | G23: =(D23+E23)-F23 -> 176 | H23: =IF('Entries April 2026'!Q23-'Entries April 2026'!Q22<1,0,'Entries April 2026'!Q23-'Entries April 2026'!Q22) -> 169 | I23: =IF('Entries April 2026'!AG23-'Entries April 2026'!AG22<1,0,'Entries April 2026'!AG23-'Entries April 2026'!AG22) -> 0 | J23: =IF('Entries April 2026'!S23-'Entries April 2026'!S22<1,"0",'Entries April 2026'!S23-'Entries April 2026'!S22) -> 57 | K23: =IF('Entries April 2026'!R23-'Entries April 2026'!R22<1,"0",'Entries April 2026'!R23-'Entries April 2026'!R22) -> 0 | L23: =IF('Entries April 2026'!T23-'Entries April 2026'!T22<1,"0",'Entries April 2026'!T23-'Entries April 2026'!T22) -> 0 | M23: =IF('Entries April 2026'!U23-'Entries April 2026'!U22<1,"0",'Entries April 2026'!U23-'Entries April 2026'!U22) -> 0 | N23: =IF('Entries April 2026'!X23-'Entries April 2026'!X22<1,"0",'Entries April 2026'!X23-'Entries April 2026'!X22) -> 16 | O23: =IF('Entries April 2026'!Y23-'Entries April 2026'!Y22<1,"0",'Entries April 2026'!Y23-'Entries April 2026'!Y22) -> 82 | P23: =IF('Entries April 2026'!AC23-'Entries April 2026'!AC22<1,"0",'Entries April 2026'!AC23-'Entries April 2026'!AC22) -> 22 | Q23: =IF('Entries April 2026'!Z23-'Entries April 2026'!Z22<1,"0",'Entries April 2026'!Z23-'Entries April 2026'!Z22) -> 15 | R23: =IF(('Entries April 2026'!AA23-'Entries April 2026'!AA22)+('Entries April 2026'!AB23-'Entries April 2026'!AB22)<1,"0",('Entries April 2026'!AA23-'Entries April 2026'!AA22)+('Entries April 2026'!AB23-'Entries April 2026'!AB22)) -> 0 | S23: =(R23+G23)*10 -> 1760 | T23: =O23+N23+M23+L23 -> 98 | U23: =IF('Entries April 2026'!AC23-'Entries April 2026'!AC22<1,"0",'Entries April 2026'!AC23-'Entries April 2026'!AC22) -> 22 | V23: =IF('Entries April 2026'!AD23-'Entries April 2026'!AD22<1,"0",'Entries April 2026'!AD23-'Entries April 2026'!AD22) -> 61 | W23: =IF('Entries April 2026'!AE23-'Entries April 2026'!AE22<1,"0",'Entries April 2026'!AE23-'Entries April 2026'!AE22) -> 0 | X23: =IF('Entries April 2026'!AI23-'Entries April 2026'!AI22<1,"0",'Entries April 2026'!AI23-'Entries April 2026'!AI22) -> 0 | Y23: =IF('Entries April 2026'!AH23-'Entries April 2026'!AH22<1,"0",'Entries April 2026'!AH23-'Entries April 2026'!AH22) -> 0 | Z23: =C23+D23+E23 -> 362 | AA23: 330.594 | AB23: =IF(AA23=0,"0",(Z23*10/AA23)) -> 10.949987
B24: 18 | C24: =IF('Entries April 2026'!W24-'Entries April 2026'!W23<1,"0",'Entries April 2026'!W24-'Entries April 2026'!W23) -> 0 | D24: =IF('Entries April 2026'!O24-'Entries April 2026'!O23<1,"0",'Entries April 2026'!O24-'Entries April 2026'!O23) -> 0 | E24: =IF('Entries April 2026'!P24-'Entries April 2026'!P23<1,"0",'Entries April 2026'!P24-'Entries April 2026'!P23) -> 32 | F24: =IF('Entries April 2026'!V24-'Entries April 2026'!V23<1,"0",'Entries April 2026'!V24-'Entries April 2026'!V23) -> 35 | G24: =(D24+E24)-F24 -> -3 | H24: =IF('Entries April 2026'!Q24-'Entries April 2026'!Q23<1,0,'Entries April 2026'!Q24-'Entries April 2026'!Q23) -> 52 | I24: =IF('Entries April 2026'!AG24-'Entries April 2026'!AG23<1,0,'Entries April 2026'!AG24-'Entries April 2026'!AG23) -> 0 | J24: =IF('Entries April 2026'!S24-'Entries April 2026'!S23<1,"0",'Entries April 2026'!S24-'Entries April 2026'!S23) -> 0 | K24: =IF('Entries April 2026'!R24-'Entries April 2026'!R23<1,"0",'Entries April 2026'!R24-'Entries April 2026'!R23) -> 0 | L24: =IF('Entries April 2026'!T24-'Entries April 2026'!T23<1,"0",'Entries April 2026'!T24-'Entries April 2026'!T23) -> 0 | M24: =IF('Entries April 2026'!U24-'Entries April 2026'!U23<1,"0",'Entries April 2026'!U24-'Entries April 2026'!U23) -> 0 | N24: =IF('Entries April 2026'!X24-'Entries April 2026'!X23<1,"0",'Entries April 2026'!X24-'Entries April 2026'!X23) -> 0 | O24: =IF('Entries April 2026'!Y24-'Entries April 2026'!Y23<1,"0",'Entries April 2026'!Y24-'Entries April 2026'!Y23) -> 4 | P24: =IF('Entries April 2026'!AC24-'Entries April 2026'!AC23<1,"0",'Entries April 2026'!AC24-'Entries April 2026'!AC23) -> 0 | Q24: =IF('Entries April 2026'!Z24-'Entries April 2026'!Z23<1,"0",'Entries April 2026'!Z24-'Entries April 2026'!Z23) -> 0 | R24: =IF(('Entries April 2026'!AA24-'Entries April 2026'!AA23)+('Entries April 2026'!AB24-'Entries April 2026'!AB23)<1,"0",('Entries April 2026'!AA24-'Entries April 2026'!AA23)+('Entries April 2026'!AB24-'Entries April 2026'!AB23)) -> 0 | S24: =(R24+G24)*10 -> -30 | T24: =O24+N24+M24+L24 -> 4 | U24: =IF('Entries April 2026'!AC24-'Entries April 2026'!AC23<1,"0",'Entries April 2026'!AC24-'Entries April 2026'!AC23) -> 0 | V24: =IF('Entries April 2026'!AD24-'Entries April 2026'!AD23<1,"0",'Entries April 2026'!AD24-'Entries April 2026'!AD23) -> 0 | W24: =IF('Entries April 2026'!AE24-'Entries April 2026'!AE23<1,"0",'Entries April 2026'!AE24-'Entries April 2026'!AE23) -> 0 | X24: =IF('Entries April 2026'!AI24-'Entries April 2026'!AI23<1,"0",'Entries April 2026'!AI24-'Entries April 2026'!AI23) -> 0 | Y24: =IF('Entries April 2026'!AH24-'Entries April 2026'!AH23<1,"0",'Entries April 2026'!AH24-'Entries April 2026'!AH23) -> 0 | Z24: =C24+D24+E24 -> 32 | AA24: 0 | AB24: =IF(AA24=0,"0",(Z24*10/AA24)) -> 0
B25: 19 | C25: =IF('Entries April 2026'!W25-'Entries April 2026'!W24<1,"0",'Entries April 2026'!W25-'Entries April 2026'!W24) -> 0 | D25: =IF('Entries April 2026'!O25-'Entries April 2026'!O24<1,"0",'Entries April 2026'!O25-'Entries April 2026'!O24) -> 106 | E25: =IF('Entries April 2026'!P25-'Entries April 2026'!P24<1,"0",'Entries April 2026'!P25-'Entries April 2026'!P24) -> 69 | F25: =IF('Entries April 2026'!V25-'Entries April 2026'!V24<1,"0",'Entries April 2026'!V25-'Entries April 2026'!V24) -> 73 | G25: =(D25+E25)-F25 -> 102 | H25: =IF('Entries April 2026'!Q25-'Entries April 2026'!Q24<1,0,'Entries April 2026'!Q25-'Entries April 2026'!Q24) -> 60 | I25: =IF('Entries April 2026'!AG25-'Entries April 2026'!AG24<1,0,'Entries April 2026'!AG25-'Entries April 2026'!AG24) -> 0 | J25: =IF('Entries April 2026'!S25-'Entries April 2026'!S24<1,"0",'Entries April 2026'!S25-'Entries April 2026'!S24) -> 1 | K25: =IF('Entries April 2026'!R25-'Entries April 2026'!R24<1,"0",'Entries April 2026'!R25-'Entries April 2026'!R24) -> 0 | L25: =IF('Entries April 2026'!T25-'Entries April 2026'!T24<1,"0",'Entries April 2026'!T25-'Entries April 2026'!T24) -> 0 | M25: =IF('Entries April 2026'!U25-'Entries April 2026'!U24<1,"0",'Entries April 2026'!U25-'Entries April 2026'!U24) -> 0 | N25: =IF('Entries April 2026'!X25-'Entries April 2026'!X24<1,"0",'Entries April 2026'!X25-'Entries April 2026'!X24) -> 5 | O25: =IF('Entries April 2026'!Y25-'Entries April 2026'!Y24<1,"0",'Entries April 2026'!Y25-'Entries April 2026'!Y24) -> 33 | P25: =IF('Entries April 2026'!AC25-'Entries April 2026'!AC24<1,"0",'Entries April 2026'!AC25-'Entries April 2026'!AC24) -> 0 | Q25: =IF('Entries April 2026'!Z25-'Entries April 2026'!Z24<1,"0",'Entries April 2026'!Z25-'Entries April 2026'!Z24) -> 12 | R25: =IF(('Entries April 2026'!AA25-'Entries April 2026'!AA24)+('Entries April 2026'!AB25-'Entries April 2026'!AB24)<1,"0",('Entries April 2026'!AA25-'Entries April 2026'!AA24)+('Entries April 2026'!AB25-'Entries April 2026'!AB24)) -> 0 | S25: =(R25+G25)*10 -> 1020 | T25: =O25+N25+M25+L25 -> 38 | U25: =IF('Entries April 2026'!AC25-'Entries April 2026'!AC24<1,"0",'Entries April 2026'!AC25-'Entries April 2026'!AC24) -> 0 | V25: =IF('Entries April 2026'!AD25-'Entries April 2026'!AD24<1,"0",'Entries April 2026'!AD25-'Entries April 2026'!AD24) -> 0 | W25: =IF('Entries April 2026'!AE25-'Entries April 2026'!AE24<1,"0",'Entries April 2026'!AE25-'Entries April 2026'!AE24) -> 0 | X25: =IF('Entries April 2026'!AI25-'Entries April 2026'!AI24<1,"0",'Entries April 2026'!AI25-'Entries April 2026'!AI24) -> 0 | Y25: =IF('Entries April 2026'!AH25-'Entries April 2026'!AH24<1,"0",'Entries April 2026'!AH25-'Entries April 2026'!AH24) -> 0 | Z25: =C25+D25+E25 -> 175 | AA25: 0 | AB25: =IF(AA25=0,"0",(Z25*10/AA25)) -> 0
B26: 20 | C26: =IF('Entries April 2026'!W26-'Entries April 2026'!W25<1,"0",'Entries April 2026'!W26-'Entries April 2026'!W25) -> 0 | D26: =IF('Entries April 2026'!O26-'Entries April 2026'!O25<1,"0",'Entries April 2026'!O26-'Entries April 2026'!O25) -> 202 | E26: =IF('Entries April 2026'!P26-'Entries April 2026'!P25<1,"0",'Entries April 2026'!P26-'Entries April 2026'!P25) -> 108 | F26: =IF('Entries April 2026'!V26-'Entries April 2026'!V25<1,"0",'Entries April 2026'!V26-'Entries April 2026'!V25) -> 113 | G26: =(D26+E26)-F26 -> 197 | H26: =IF('Entries April 2026'!Q26-'Entries April 2026'!Q25<1,0,'Entries April 2026'!Q26-'Entries April 2026'!Q25) -> 244 | I26: =IF('Entries April 2026'!AG26-'Entries April 2026'!AG25<1,0,'Entries April 2026'!AG26-'Entries April 2026'!AG25) -> 0 | J26: =IF('Entries April 2026'!S26-'Entries April 2026'!S25<1,"0",'Entries April 2026'!S26-'Entries April 2026'!S25) -> 130 | K26: =IF('Entries April 2026'!R26-'Entries April 2026'!R25<1,"0",'Entries April 2026'!R26-'Entries April 2026'!R25) -> 0 | L26: =IF('Entries April 2026'!T26-'Entries April 2026'!T25<1,"0",'Entries April 2026'!T26-'Entries April 2026'!T25) -> 0 | M26: =IF('Entries April 2026'!U26-'Entries April 2026'!U25<1,"0",'Entries April 2026'!U26-'Entries April 2026'!U25) -> 6 | N26: =IF('Entries April 2026'!X26-'Entries April 2026'!X25<1,"0",'Entries April 2026'!X26-'Entries April 2026'!X25) -> 64 | O26: =IF('Entries April 2026'!Y26-'Entries April 2026'!Y25<1,"0",'Entries April 2026'!Y26-'Entries April 2026'!Y25) -> 70 | P26: =IF('Entries April 2026'!AC26-'Entries April 2026'!AC25<1,"0",'Entries April 2026'!AC26-'Entries April 2026'!AC25) -> 26 | Q26: =IF('Entries April 2026'!Z26-'Entries April 2026'!Z25<1,"0",'Entries April 2026'!Z26-'Entries April 2026'!Z25) -> 16 | R26: =IF(('Entries April 2026'!AA26-'Entries April 2026'!AA25)+('Entries April 2026'!AB26-'Entries April 2026'!AB25)<1,"0",('Entries April 2026'!AA26-'Entries April 2026'!AA25)+('Entries April 2026'!AB26-'Entries April 2026'!AB25)) -> 0 | S26: =(R26+G26)*10 -> 1970 | T26: =O26+N26+M26+L26 -> 140 | U26: =IF('Entries April 2026'!AC26-'Entries April 2026'!AC25<1,"0",'Entries April 2026'!AC26-'Entries April 2026'!AC25) -> 26 | V26: =IF('Entries April 2026'!AD26-'Entries April 2026'!AD25<1,"0",'Entries April 2026'!AD26-'Entries April 2026'!AD25) -> 0 | W26: =IF('Entries April 2026'!AE26-'Entries April 2026'!AE25<1,"0",'Entries April 2026'!AE26-'Entries April 2026'!AE25) -> 0 | X26: =IF('Entries April 2026'!AI26-'Entries April 2026'!AI25<1,"0",'Entries April 2026'!AI26-'Entries April 2026'!AI25) -> 0 | Y26: =IF('Entries April 2026'!AH26-'Entries April 2026'!AH25<1,"0",'Entries April 2026'!AH26-'Entries April 2026'!AH25) -> 0 | Z26: =C26+D26+E26 -> 310 | AA26: 256.41 | AB26: =IF(AA26=0,"0",(Z26*10/AA26)) -> 12.090012
B27: 21 | C27: =IF('Entries April 2026'!W27-'Entries April 2026'!W26<1,"0",'Entries April 2026'!W27-'Entries April 2026'!W26) -> 0 | D27: =IF('Entries April 2026'!O27-'Entries April 2026'!O26<1,"0",'Entries April 2026'!O27-'Entries April 2026'!O26) -> 189 | E27: =IF('Entries April 2026'!P27-'Entries April 2026'!P26<1,"0",'Entries April 2026'!P27-'Entries April 2026'!P26) -> 125 | F27: =IF('Entries April 2026'!V27-'Entries April 2026'!V26<1,"0",'Entries April 2026'!V27-'Entries April 2026'!V26) -> 132 | G27: =(D27+E27)-F27 -> 182 | H27: =IF('Entries April 2026'!Q27-'Entries April 2026'!Q26<1,0,'Entries April 2026'!Q27-'Entries April 2026'!Q26) -> 219 | I27: =IF('Entries April 2026'!AG27-'Entries April 2026'!AG26<1,0,'Entries April 2026'!AG27-'Entries April 2026'!AG26) -> 0 | J27: =IF('Entries April 2026'!S27-'Entries April 2026'!S26<1,"0",'Entries April 2026'!S27-'Entries April 2026'!S26) -> 186 | K27: =IF('Entries April 2026'!R27-'Entries April 2026'!R26<1,"0",'Entries April 2026'!R27-'Entries April 2026'!R26) -> 0 | L27: =IF('Entries April 2026'!T27-'Entries April 2026'!T26<1,"0",'Entries April 2026'!T27-'Entries April 2026'!T26) -> 0 | M27: =IF('Entries April 2026'!U27-'Entries April 2026'!U26<1,"0",'Entries April 2026'!U27-'Entries April 2026'!U26) -> 0 | N27: =IF('Entries April 2026'!X27-'Entries April 2026'!X26<1,"0",'Entries April 2026'!X27-'Entries April 2026'!X26) -> 30 | O27: =IF('Entries April 2026'!Y27-'Entries April 2026'!Y26<1,"0",'Entries April 2026'!Y27-'Entries April 2026'!Y26) -> 109 | P27: =IF('Entries April 2026'!AC27-'Entries April 2026'!AC26<1,"0",'Entries April 2026'!AC27-'Entries April 2026'!AC26) -> 32 | Q27: =IF('Entries April 2026'!Z27-'Entries April 2026'!Z26<1,"0",'Entries April 2026'!Z27-'Entries April 2026'!Z26) -> 26 | R27: =IF(('Entries April 2026'!AA27-'Entries April 2026'!AA26)+('Entries April 2026'!AB27-'Entries April 2026'!AB26)<1,"0",('Entries April 2026'!AA27-'Entries April 2026'!AA26)+('Entries April 2026'!AB27-'Entries April 2026'!AB26)) -> 0 | S27: =(R27+G27)*10 -> 1820 | T27: =O27+N27+M27+L27 -> 139 | U27: =IF('Entries April 2026'!AC27-'Entries April 2026'!AC26<1,"0",'Entries April 2026'!AC27-'Entries April 2026'!AC26) -> 32 | V27: =IF('Entries April 2026'!AD27-'Entries April 2026'!AD26<1,"0",'Entries April 2026'!AD27-'Entries April 2026'!AD26) -> 0 | W27: =IF('Entries April 2026'!AE27-'Entries April 2026'!AE26<1,"0",'Entries April 2026'!AE27-'Entries April 2026'!AE26) -> 0 | X27: =IF('Entries April 2026'!AI27-'Entries April 2026'!AI26<1,"0",'Entries April 2026'!AI27-'Entries April 2026'!AI26) -> 0 | Y27: =IF('Entries April 2026'!AH27-'Entries April 2026'!AH26<1,"0",'Entries April 2026'!AH27-'Entries April 2026'!AH26) -> 0 | Z27: =C27+D27+E27 -> 314 | AA27: 521.466 | AB27: =IF(AA27=0,"0",(Z27*10/AA27)) -> 6.0214856
B28: 22 | C28: =IF('Entries April 2026'!W28-'Entries April 2026'!W27<1,"0",'Entries April 2026'!W28-'Entries April 2026'!W27) -> 0 | D28: =IF('Entries April 2026'!O28-'Entries April 2026'!O27<1,"0",'Entries April 2026'!O28-'Entries April 2026'!O27) -> 271 | E28: =IF('Entries April 2026'!P28-'Entries April 2026'!P27<1,"0",'Entries April 2026'!P28-'Entries April 2026'!P27) -> 171 | F28: =IF('Entries April 2026'!V28-'Entries April 2026'!V27<1,"0",'Entries April 2026'!V28-'Entries April 2026'!V27) -> 180 | G28: =(D28+E28)-F28 -> 262 | H28: =IF('Entries April 2026'!Q28-'Entries April 2026'!Q27<1,0,'Entries April 2026'!Q28-'Entries April 2026'!Q27) -> 284 | I28: =IF('Entries April 2026'!AG28-'Entries April 2026'!AG27<1,0,'Entries April 2026'!AG28-'Entries April 2026'!AG27) -> 0 | J28: =IF('Entries April 2026'!S28-'Entries April 2026'!S27<1,"0",'Entries April 2026'!S28-'Entries April 2026'!S27) -> 90 | K28: =IF('Entries April 2026'!R28-'Entries April 2026'!R27<1,"0",'Entries April 2026'!R28-'Entries April 2026'!R27) -> 0 | L28: =IF('Entries April 2026'!T28-'Entries April 2026'!T27<1,"0",'Entries April 2026'!T28-'Entries April 2026'!T27) -> 0 | M28: =IF('Entries April 2026'!U28-'Entries April 2026'!U27<1,"0",'Entries April 2026'!U28-'Entries April 2026'!U27) -> 0 | N28: =IF('Entries April 2026'!X28-'Entries April 2026'!X27<1,"0",'Entries April 2026'!X28-'Entries April 2026'!X27) -> 45 | O28: =IF('Entries April 2026'!Y28-'Entries April 2026'!Y27<1,"0",'Entries April 2026'!Y28-'Entries April 2026'!Y27) -> 126 | P28: =IF('Entries April 2026'!AC28-'Entries April 2026'!AC27<1,"0",'Entries April 2026'!AC28-'Entries April 2026'!AC27) -> 33 | Q28: =IF('Entries April 2026'!Z28-'Entries April 2026'!Z27<1,"0",'Entries April 2026'!Z28-'Entries April 2026'!Z27) -> 27 | R28: =IF(('Entries April 2026'!AA28-'Entries April 2026'!AA27)+('Entries April 2026'!AB28-'Entries April 2026'!AB27)<1,"0",('Entries April 2026'!AA28-'Entries April 2026'!AA27)+('Entries April 2026'!AB28-'Entries April 2026'!AB27)) -> 0 | S28: =(R28+G28)*10 -> 2620 | T28: =O28+N28+M28+L28 -> 171 | U28: =IF('Entries April 2026'!AC28-'Entries April 2026'!AC27<1,"0",'Entries April 2026'!AC28-'Entries April 2026'!AC27) -> 33 | V28: =IF('Entries April 2026'!AD28-'Entries April 2026'!AD27<1,"0",'Entries April 2026'!AD28-'Entries April 2026'!AD27) -> 0 | W28: =IF('Entries April 2026'!AE28-'Entries April 2026'!AE27<1,"0",'Entries April 2026'!AE28-'Entries April 2026'!AE27) -> 0 | X28: =IF('Entries April 2026'!AI28-'Entries April 2026'!AI27<1,"0",'Entries April 2026'!AI28-'Entries April 2026'!AI27) -> 0 | Y28: =IF('Entries April 2026'!AH28-'Entries April 2026'!AH27<1,"0",'Entries April 2026'!AH28-'Entries April 2026'!AH27) -> 0 | Z28: =C28+D28+E28 -> 442 | AA28: 517.308 | AB28: =IF(AA28=0,"0",(Z28*10/AA28)) -> 8.5442328
B29: 23 | C29: =IF('Entries April 2026'!W29-'Entries April 2026'!W28<1,"0",'Entries April 2026'!W29-'Entries April 2026'!W28) -> 0 | D29: =IF('Entries April 2026'!O29-'Entries April 2026'!O28<1,"0",'Entries April 2026'!O29-'Entries April 2026'!O28) -> 140 | E29: =IF('Entries April 2026'!P29-'Entries April 2026'!P28<1,"0",'Entries April 2026'!P29-'Entries April 2026'!P28) -> 145 | F29: =IF('Entries April 2026'!V29-'Entries April 2026'!V28<1,"0",'Entries April 2026'!V29-'Entries April 2026'!V28) -> 152 | G29: =(D29+E29)-F29 -> 133 | H29: =IF('Entries April 2026'!Q29-'Entries April 2026'!Q28<1,0,'Entries April 2026'!Q29-'Entries April 2026'!Q28) -> 181 | I29: =IF('Entries April 2026'!AG29-'Entries April 2026'!AG28<1,0,'Entries April 2026'!AG29-'Entries April 2026'!AG28) -> 0 | J29: =IF('Entries April 2026'!S29-'Entries April 2026'!S28<1,"0",'Entries April 2026'!S29-'Entries April 2026'!S28) -> 147 | K29: =IF('Entries April 2026'!R29-'Entries April 2026'!R28<1,"0",'Entries April 2026'!R29-'Entries April 2026'!R28) -> 0 | L29: =IF('Entries April 2026'!T29-'Entries April 2026'!T28<1,"0",'Entries April 2026'!T29-'Entries April 2026'!T28) -> 0 | M29: =IF('Entries April 2026'!U29-'Entries April 2026'!U28<1,"0",'Entries April 2026'!U29-'Entries April 2026'!U28) -> 4 | N29: =IF('Entries April 2026'!X29-'Entries April 2026'!X28<1,"0",'Entries April 2026'!X29-'Entries April 2026'!X28) -> 35 | O29: =IF('Entries April 2026'!Y29-'Entries April 2026'!Y28<1,"0",'Entries April 2026'!Y29-'Entries April 2026'!Y28) -> 84 | P29: =IF('Entries April 2026'!AC29-'Entries April 2026'!AC28<1,"0",'Entries April 2026'!AC29-'Entries April 2026'!AC28) -> 28 | Q29: =IF('Entries April 2026'!Z29-'Entries April 2026'!Z28<1,"0",'Entries April 2026'!Z29-'Entries April 2026'!Z28) -> 27 | R29: =IF(('Entries April 2026'!AA29-'Entries April 2026'!AA28)+('Entries April 2026'!AB29-'Entries April 2026'!AB28)<1,"0",('Entries April 2026'!AA29-'Entries April 2026'!AA28)+('Entries April 2026'!AB29-'Entries April 2026'!AB28)) -> 0 | S29: =(R29+G29)*10 -> 1330 | T29: =O29+N29+M29+L29 -> 123 | U29: =IF('Entries April 2026'!AC29-'Entries April 2026'!AC28<1,"0",'Entries April 2026'!AC29-'Entries April 2026'!AC28) -> 28 | V29: =IF('Entries April 2026'!AD29-'Entries April 2026'!AD28<1,"0",'Entries April 2026'!AD29-'Entries April 2026'!AD28) -> 0 | W29: =IF('Entries April 2026'!AE29-'Entries April 2026'!AE28<1,"0",'Entries April 2026'!AE29-'Entries April 2026'!AE28) -> 0 | X29: =IF('Entries April 2026'!AI29-'Entries April 2026'!AI28<1,"0",'Entries April 2026'!AI29-'Entries April 2026'!AI28) -> 0 | Y29: =IF('Entries April 2026'!AH29-'Entries April 2026'!AH28<1,"0",'Entries April 2026'!AH29-'Entries April 2026'!AH28) -> 0 | Z29: =C29+D29+E29 -> 285 | AA29: 241.692 | AB29: =IF(AA29=0,"0",(Z29*10/AA29)) -> 11.791867
B30: 24 | C30: =IF('Entries April 2026'!W30-'Entries April 2026'!W29<1,"0",'Entries April 2026'!W30-'Entries April 2026'!W29) -> 0 | D30: =IF('Entries April 2026'!O30-'Entries April 2026'!O29<1,"0",'Entries April 2026'!O30-'Entries April 2026'!O29) -> 131 | E30: =IF('Entries April 2026'!P30-'Entries April 2026'!P29<1,"0",'Entries April 2026'!P30-'Entries April 2026'!P29) -> 161 | F30: =IF('Entries April 2026'!V30-'Entries April 2026'!V29<1,"0",'Entries April 2026'!V30-'Entries April 2026'!V29) -> 169 | G30: =(D30+E30)-F30 -> 123 | H30: =IF('Entries April 2026'!Q30-'Entries April 2026'!Q29<1,0,'Entries April 2026'!Q30-'Entries April 2026'!Q29) -> 170 | I30: =IF('Entries April 2026'!AG30-'Entries April 2026'!AG29<1,0,'Entries April 2026'!AG30-'Entries April 2026'!AG29) -> 0 | J30: =IF('Entries April 2026'!S30-'Entries April 2026'!S29<1,"0",'Entries April 2026'!S30-'Entries April 2026'!S29) -> 140 | K30: =IF('Entries April 2026'!R30-'Entries April 2026'!R29<1,"0",'Entries April 2026'!R30-'Entries April 2026'!R29) -> 0 | L30: =IF('Entries April 2026'!T30-'Entries April 2026'!T29<1,"0",'Entries April 2026'!T30-'Entries April 2026'!T29) -> 0 | M30: =IF('Entries April 2026'!U30-'Entries April 2026'!U29<1,"0",'Entries April 2026'!U30-'Entries April 2026'!U29) -> 0 | N30: =IF('Entries April 2026'!X30-'Entries April 2026'!X29<1,"0",'Entries April 2026'!X30-'Entries April 2026'!X29) -> 39 | O30: =IF('Entries April 2026'!Y30-'Entries April 2026'!Y29<1,"0",'Entries April 2026'!Y30-'Entries April 2026'!Y29) -> 36 | P30: =IF('Entries April 2026'!AC30-'Entries April 2026'!AC29<1,"0",'Entries April 2026'!AC30-'Entries April 2026'!AC29) -> 16 | Q30: =IF('Entries April 2026'!Z30-'Entries April 2026'!Z29<1,"0",'Entries April 2026'!Z30-'Entries April 2026'!Z29) -> 25 | R30: =IF(('Entries April 2026'!AA30-'Entries April 2026'!AA29)+('Entries April 2026'!AB30-'Entries April 2026'!AB29)<1,"0",('Entries April 2026'!AA30-'Entries April 2026'!AA29)+('Entries April 2026'!AB30-'Entries April 2026'!AB29)) -> 0 | S30: =(R30+G30)*10 -> 1230 | T30: =O30+N30+M30+L30 -> 75 | U30: =IF('Entries April 2026'!AC30-'Entries April 2026'!AC29<1,"0",'Entries April 2026'!AC30-'Entries April 2026'!AC29) -> 16 | V30: =IF('Entries April 2026'!AD30-'Entries April 2026'!AD29<1,"0",'Entries April 2026'!AD30-'Entries April 2026'!AD29) -> 12 | W30: =IF('Entries April 2026'!AE30-'Entries April 2026'!AE29<1,"0",'Entries April 2026'!AE30-'Entries April 2026'!AE29) -> 0 | X30: =IF('Entries April 2026'!AI30-'Entries April 2026'!AI29<1,"0",'Entries April 2026'!AI30-'Entries April 2026'!AI29) -> 0 | Y30: =IF('Entries April 2026'!AH30-'Entries April 2026'!AH29<1,"0",'Entries April 2026'!AH30-'Entries April 2026'!AH29) -> 0 | Z30: =C30+D30+E30 -> 292 | AA30: 224.334 | AB30: =IF(AA30=0,"0",(Z30*10/AA30)) -> 13.016306
B31: 25 | C31: =IF('Entries April 2026'!W31-'Entries April 2026'!W30<1,"0",'Entries April 2026'!W31-'Entries April 2026'!W30) -> 0 | D31: =IF('Entries April 2026'!O31-'Entries April 2026'!O30<1,"0",'Entries April 2026'!O31-'Entries April 2026'!O30) -> 77 | E31: =IF('Entries April 2026'!P31-'Entries April 2026'!P30<1,"0",'Entries April 2026'!P31-'Entries April 2026'!P30) -> 39 | F31: =IF('Entries April 2026'!V31-'Entries April 2026'!V30<1,"0",'Entries April 2026'!V31-'Entries April 2026'!V30) -> 41 | G31: =(D31+E31)-F31 -> 75 | H31: =IF('Entries April 2026'!Q31-'Entries April 2026'!Q30<1,0,'Entries April 2026'!Q31-'Entries April 2026'!Q30) -> 97 | I31: =IF('Entries April 2026'!AG31-'Entries April 2026'!AG30<1,0,'Entries April 2026'!AG31-'Entries April 2026'!AG30) -> 0 | J31: =IF('Entries April 2026'!S31-'Entries April 2026'!S30<1,"0",'Entries April 2026'!S31-'Entries April 2026'!S30) -> 123 | K31: =IF('Entries April 2026'!R31-'Entries April 2026'!R30<1,"0",'Entries April 2026'!R31-'Entries April 2026'!R30) -> 0 | L31: =IF('Entries April 2026'!T31-'Entries April 2026'!T30<1,"0",'Entries April 2026'!T31-'Entries April 2026'!T30) -> 0 | M31: =IF('Entries April 2026'!U31-'Entries April 2026'!U30<1,"0",'Entries April 2026'!U31-'Entries April 2026'!U30) -> 0 | N31: =IF('Entries April 2026'!X31-'Entries April 2026'!X30<1,"0",'Entries April 2026'!X31-'Entries April 2026'!X30) -> 23 | O31: =IF('Entries April 2026'!Y31-'Entries April 2026'!Y30<1,"0",'Entries April 2026'!Y31-'Entries April 2026'!Y30) -> 24 | P31: =IF('Entries April 2026'!AC31-'Entries April 2026'!AC30<1,"0",'Entries April 2026'!AC31-'Entries April 2026'!AC30) -> 3 | Q31: =IF('Entries April 2026'!Z31-'Entries April 2026'!Z30<1,"0",'Entries April 2026'!Z31-'Entries April 2026'!Z30) -> 6 | R31: =IF(('Entries April 2026'!AA31-'Entries April 2026'!AA30)+('Entries April 2026'!AB31-'Entries April 2026'!AB30)<1,"0",('Entries April 2026'!AA31-'Entries April 2026'!AA30)+('Entries April 2026'!AB31-'Entries April 2026'!AB30)) -> 0 | S31: =(R31+G31)*10 -> 750 | T31: =O31+N31+M31+L31 -> 47 | U31: =IF('Entries April 2026'!AC31-'Entries April 2026'!AC30<1,"0",'Entries April 2026'!AC31-'Entries April 2026'!AC30) -> 3 | V31: =IF('Entries April 2026'!AD31-'Entries April 2026'!AD30<1,"0",'Entries April 2026'!AD31-'Entries April 2026'!AD30) -> 0 | W31: =IF('Entries April 2026'!AE31-'Entries April 2026'!AE30<1,"0",'Entries April 2026'!AE31-'Entries April 2026'!AE30) -> 0 | X31: =IF('Entries April 2026'!AI31-'Entries April 2026'!AI30<1,"0",'Entries April 2026'!AI31-'Entries April 2026'!AI30) -> 0 | Y31: =IF('Entries April 2026'!AH31-'Entries April 2026'!AH30<1,"0",'Entries April 2026'!AH31-'Entries April 2026'!AH30) -> 0 | Z31: =C31+D31+E31 -> 116 | AA31: 0 | AB31: =IF(AA31=0,"0",(Z31*10/AA31)) -> 0
B32: 26 | C32: =IF('Entries April 2026'!W32-'Entries April 2026'!W31<1,"0",'Entries April 2026'!W32-'Entries April 2026'!W31) -> 0 | D32: =IF('Entries April 2026'!O32-'Entries April 2026'!O31<1,"0",'Entries April 2026'!O32-'Entries April 2026'!O31) -> 95 | E32: =IF('Entries April 2026'!P32-'Entries April 2026'!P31<1,"0",'Entries April 2026'!P32-'Entries April 2026'!P31) -> 88 | F32: =IF('Entries April 2026'!V32-'Entries April 2026'!V31<1,"0",'Entries April 2026'!V32-'Entries April 2026'!V31) -> 77 | G32: =(D32+E32)-F32 -> 106 | H32: =IF('Entries April 2026'!Q32-'Entries April 2026'!Q31<1,0,'Entries April 2026'!Q32-'Entries April 2026'!Q31) -> 51 | I32: =IF('Entries April 2026'!AG32-'Entries April 2026'!AG31<1,0,'Entries April 2026'!AG32-'Entries April 2026'!AG31) -> 0 | J32: =IF('Entries April 2026'!S32-'Entries April 2026'!S31<1,"0",'Entries April 2026'!S32-'Entries April 2026'!S31) -> 81 | K32: =IF('Entries April 2026'!R32-'Entries April 2026'!R31<1,"0",'Entries April 2026'!R32-'Entries April 2026'!R31) -> 0 | L32: =IF('Entries April 2026'!T32-'Entries April 2026'!T31<1,"0",'Entries April 2026'!T32-'Entries April 2026'!T31) -> 0 | M32: =IF('Entries April 2026'!U32-'Entries April 2026'!U31<1,"0",'Entries April 2026'!U32-'Entries April 2026'!U31) -> 0 | N32: =IF('Entries April 2026'!X32-'Entries April 2026'!X31<1,"0",'Entries April 2026'!X32-'Entries April 2026'!X31) -> 12 | O32: =IF('Entries April 2026'!Y32-'Entries April 2026'!Y31<1,"0",'Entries April 2026'!Y32-'Entries April 2026'!Y31) -> 25 | P32: =IF('Entries April 2026'!AC32-'Entries April 2026'!AC31<1,"0",'Entries April 2026'!AC32-'Entries April 2026'!AC31) -> 0 | Q32: =IF('Entries April 2026'!Z32-'Entries April 2026'!Z31<1,"0",'Entries April 2026'!Z32-'Entries April 2026'!Z31) -> 5 | R32: =IF(('Entries April 2026'!AA32-'Entries April 2026'!AA31)+('Entries April 2026'!AB32-'Entries April 2026'!AB31)<1,"0",('Entries April 2026'!AA32-'Entries April 2026'!AA31)+('Entries April 2026'!AB32-'Entries April 2026'!AB31)) -> 0 | S32: =(R32+G32)*10 -> 1060 | T32: =O32+N32+M32+L32 -> 37 | U32: =IF('Entries April 2026'!AC32-'Entries April 2026'!AC31<1,"0",'Entries April 2026'!AC32-'Entries April 2026'!AC31) -> 0 | V32: =IF('Entries April 2026'!AD32-'Entries April 2026'!AD31<1,"0",'Entries April 2026'!AD32-'Entries April 2026'!AD31) -> 0 | W32: =IF('Entries April 2026'!AE32-'Entries April 2026'!AE31<1,"0",'Entries April 2026'!AE32-'Entries April 2026'!AE31) -> 0 | X32: =IF('Entries April 2026'!AI32-'Entries April 2026'!AI31<1,"0",'Entries April 2026'!AI32-'Entries April 2026'!AI31) -> 0 | Y32: =IF('Entries April 2026'!AH32-'Entries April 2026'!AH31<1,"0",'Entries April 2026'!AH32-'Entries April 2026'!AH31) -> 0 | Z32: =C32+D32+E32 -> 183 | AA32: 0 | AB32: =IF(AA32=0,"0",(Z32*10/AA32)) -> 0
B33: 27 | C33: =IF('Entries April 2026'!W33-'Entries April 2026'!W32<1,"0",'Entries April 2026'!W33-'Entries April 2026'!W32) -> 0 | D33: =IF('Entries April 2026'!O33-'Entries April 2026'!O32<1,"0",'Entries April 2026'!O33-'Entries April 2026'!O32) -> 260 | E33: =IF('Entries April 2026'!P33-'Entries April 2026'!P32<1,"0",'Entries April 2026'!P33-'Entries April 2026'!P32) -> 102 | F33: =IF('Entries April 2026'!V33-'Entries April 2026'!V32<1,"0",'Entries April 2026'!V33-'Entries April 2026'!V32) -> 122 | G33: =(D33+E33)-F33 -> 240 | H33: =IF('Entries April 2026'!Q33-'Entries April 2026'!Q32<1,0,'Entries April 2026'!Q33-'Entries April 2026'!Q32) -> 213 | I33: =IF('Entries April 2026'!AG33-'Entries April 2026'!AG32<1,0,'Entries April 2026'!AG33-'Entries April 2026'!AG32) -> 0 | J33: =IF('Entries April 2026'!S33-'Entries April 2026'!S32<1,"0",'Entries April 2026'!S33-'Entries April 2026'!S32) -> 196 | K33: =IF('Entries April 2026'!R33-'Entries April 2026'!R32<1,"0",'Entries April 2026'!R33-'Entries April 2026'!R32) -> 0 | L33: =IF('Entries April 2026'!T33-'Entries April 2026'!T32<1,"0",'Entries April 2026'!T33-'Entries April 2026'!T32) -> 0 | M33: =IF('Entries April 2026'!U33-'Entries April 2026'!U32<1,"0",'Entries April 2026'!U33-'Entries April 2026'!U32) -> 4 | N33: =IF('Entries April 2026'!X33-'Entries April 2026'!X32<1,"0",'Entries April 2026'!X33-'Entries April 2026'!X32) -> 32 | O33: =IF('Entries April 2026'!Y33-'Entries April 2026'!Y32<1,"0",'Entries April 2026'!Y33-'Entries April 2026'!Y32) -> 108 | P33: =IF('Entries April 2026'!AC33-'Entries April 2026'!AC32<1,"0",'Entries April 2026'!AC33-'Entries April 2026'!AC32) -> 28 | Q33: =IF('Entries April 2026'!Z33-'Entries April 2026'!Z32<1,"0",'Entries April 2026'!Z33-'Entries April 2026'!Z32) -> 18 | R33: =IF(('Entries April 2026'!AA33-'Entries April 2026'!AA32)+('Entries April 2026'!AB33-'Entries April 2026'!AB32)<1,"0",('Entries April 2026'!AA33-'Entries April 2026'!AA32)+('Entries April 2026'!AB33-'Entries April 2026'!AB32)) -> 0 | S33: =(R33+G33)*10 -> 2400 | T33: =O33+N33+M33+L33 -> 144 | U33: =IF('Entries April 2026'!AC33-'Entries April 2026'!AC32<1,"0",'Entries April 2026'!AC33-'Entries April 2026'!AC32) -> 28 | V33: =IF('Entries April 2026'!AD33-'Entries April 2026'!AD32<1,"0",'Entries April 2026'!AD33-'Entries April 2026'!AD32) -> 0 | W33: =IF('Entries April 2026'!AE33-'Entries April 2026'!AE32<1,"0",'Entries April 2026'!AE33-'Entries April 2026'!AE32) -> 0 | X33: =IF('Entries April 2026'!AI33-'Entries April 2026'!AI32<1,"0",'Entries April 2026'!AI33-'Entries April 2026'!AI32) -> 0 | Y33: =IF('Entries April 2026'!AH33-'Entries April 2026'!AH32<1,"0",'Entries April 2026'!AH33-'Entries April 2026'!AH32) -> 0 | Z33: =C33+D33+E33 -> 362 | AA33: 390.456 | AB33: =IF(AA33=0,"0",(Z33*10/AA33)) -> 9.2712111
B34: 28 | C34: =IF('Entries April 2026'!W34-'Entries April 2026'!W33<1,"0",'Entries April 2026'!W34-'Entries April 2026'!W33) -> 0 | D34: =IF('Entries April 2026'!O34-'Entries April 2026'!O33<1,"0",'Entries April 2026'!O34-'Entries April 2026'!O33) -> 198 | E34: =IF('Entries April 2026'!P34-'Entries April 2026'!P33<1,"0",'Entries April 2026'!P34-'Entries April 2026'!P33) -> 134 | F34: =IF('Entries April 2026'!V34-'Entries April 2026'!V33<1,"0",'Entries April 2026'!V34-'Entries April 2026'!V33) -> 141 | G34: =(D34+E34)-F34 -> 191 | H34: =IF('Entries April 2026'!Q34-'Entries April 2026'!Q33<1,0,'Entries April 2026'!Q34-'Entries April 2026'!Q33) -> 234 | I34: =IF('Entries April 2026'!AG34-'Entries April 2026'!AG33<1,0,'Entries April 2026'!AG34-'Entries April 2026'!AG33) -> 0 | J34: =IF('Entries April 2026'!S34-'Entries April 2026'!S33<1,"0",'Entries April 2026'!S34-'Entries April 2026'!S33) -> 161 | K34: =IF('Entries April 2026'!R34-'Entries April 2026'!R33<1,"0",'Entries April 2026'!R34-'Entries April 2026'!R33) -> 0 | L34: =IF('Entries April 2026'!T34-'Entries April 2026'!T33<1,"0",'Entries April 2026'!T34-'Entries April 2026'!T33) -> 0 | M34: =IF('Entries April 2026'!U34-'Entries April 2026'!U33<1,"0",'Entries April 2026'!U34-'Entries April 2026'!U33) -> 1 | N34: =IF('Entries April 2026'!X34-'Entries April 2026'!X33<1,"0",'Entries April 2026'!X34-'Entries April 2026'!X33) -> 30 | O34: =IF('Entries April 2026'!Y34-'Entries April 2026'!Y33<1,"0",'Entries April 2026'!Y34-'Entries April 2026'!Y33) -> 97 | P34: =IF('Entries April 2026'!AC34-'Entries April 2026'!AC33<1,"0",'Entries April 2026'!AC34-'Entries April 2026'!AC33) -> 25 | Q34: =IF('Entries April 2026'!Z34-'Entries April 2026'!Z33<1,"0",'Entries April 2026'!Z34-'Entries April 2026'!Z33) -> 13 | R34: =IF(('Entries April 2026'!AA34-'Entries April 2026'!AA33)+('Entries April 2026'!AB34-'Entries April 2026'!AB33)<1,"0",('Entries April 2026'!AA34-'Entries April 2026'!AA33)+('Entries April 2026'!AB34-'Entries April 2026'!AB33)) -> 0 | S34: =(R34+G34)*10 -> 1910 | T34: =O34+N34+M34+L34 -> 128 | U34: =IF('Entries April 2026'!AC34-'Entries April 2026'!AC33<1,"0",'Entries April 2026'!AC34-'Entries April 2026'!AC33) -> 25 | V34: =IF('Entries April 2026'!AD34-'Entries April 2026'!AD33<1,"0",'Entries April 2026'!AD34-'Entries April 2026'!AD33) -> 0 | W34: =IF('Entries April 2026'!AE34-'Entries April 2026'!AE33<1,"0",'Entries April 2026'!AE34-'Entries April 2026'!AE33) -> 0 | X34: =IF('Entries April 2026'!AI34-'Entries April 2026'!AI33<1,"0",'Entries April 2026'!AI34-'Entries April 2026'!AI33) -> 0 | Y34: =IF('Entries April 2026'!AH34-'Entries April 2026'!AH33<1,"0",'Entries April 2026'!AH34-'Entries April 2026'!AH33) -> 0 | Z34: =C34+D34+E34 -> 332 | AA34: 452.496 | AB34: =IF(AA34=0,"0",(Z34*10/AA34)) -> 7.3370814
B35: 29 | C35: =IF('Entries April 2026'!W35-'Entries April 2026'!W34<1,"0",'Entries April 2026'!W35-'Entries April 2026'!W34) -> 0 | D35: =IF('Entries April 2026'!O35-'Entries April 2026'!O34<1,"0",'Entries April 2026'!O35-'Entries April 2026'!O34) -> 227 | E35: =IF('Entries April 2026'!P35-'Entries April 2026'!P34<1,"0",'Entries April 2026'!P35-'Entries April 2026'!P34) -> 126 | F35: =IF('Entries April 2026'!V35-'Entries April 2026'!V34<1,"0",'Entries April 2026'!V35-'Entries April 2026'!V34) -> 132 | G35: =(D35+E35)-F35 -> 221 | H35: =IF('Entries April 2026'!Q35-'Entries April 2026'!Q34<1,0,'Entries April 2026'!Q35-'Entries April 2026'!Q34) -> 259 | I35: =IF('Entries April 2026'!AG35-'Entries April 2026'!AG34<1,0,'Entries April 2026'!AG35-'Entries April 2026'!AG34) -> 0 | J35: =IF('Entries April 2026'!S35-'Entries April 2026'!S34<1,"0",'Entries April 2026'!S35-'Entries April 2026'!S34) -> 134 | K35: =IF('Entries April 2026'!R35-'Entries April 2026'!R34<1,"0",'Entries April 2026'!R35-'Entries April 2026'!R34) -> 0 | L35: =IF('Entries April 2026'!T35-'Entries April 2026'!T34<1,"0",'Entries April 2026'!T35-'Entries April 2026'!T34) -> 0 | M35: =IF('Entries April 2026'!U35-'Entries April 2026'!U34<1,"0",'Entries April 2026'!U35-'Entries April 2026'!U34) -> 0 | N35: =IF('Entries April 2026'!X35-'Entries April 2026'!X34<1,"0",'Entries April 2026'!X35-'Entries April 2026'!X34) -> 50 | O35: =IF('Entries April 2026'!Y35-'Entries April 2026'!Y34<1,"0",'Entries April 2026'!Y35-'Entries April 2026'!Y34) -> 115 | P35: =IF('Entries April 2026'!AC35-'Entries April 2026'!AC34<1,"0",'Entries April 2026'!AC35-'Entries April 2026'!AC34) -> 32 | Q35: =IF('Entries April 2026'!Z35-'Entries April 2026'!Z34<1,"0",'Entries April 2026'!Z35-'Entries April 2026'!Z34) -> 17 | R35: =IF(('Entries April 2026'!AA35-'Entries April 2026'!AA34)+('Entries April 2026'!AB35-'Entries April 2026'!AB34)<1,"0",('Entries April 2026'!AA35-'Entries April 2026'!AA34)+('Entries April 2026'!AB35-'Entries April 2026'!AB34)) -> 0 | S35: =(R35+G35)*10 -> 2210 | T35: =O35+N35+M35+L35 -> 165 | U35: =IF('Entries April 2026'!AC35-'Entries April 2026'!AC34<1,"0",'Entries April 2026'!AC35-'Entries April 2026'!AC34) -> 32 | V35: =IF('Entries April 2026'!AD35-'Entries April 2026'!AD34<1,"0",'Entries April 2026'!AD35-'Entries April 2026'!AD34) -> 27 | W35: =IF('Entries April 2026'!AE35-'Entries April 2026'!AE34<1,"0",'Entries April 2026'!AE35-'Entries April 2026'!AE34) -> 0 | X35: =IF('Entries April 2026'!AI35-'Entries April 2026'!AI34<1,"0",'Entries April 2026'!AI35-'Entries April 2026'!AI34) -> 0 | Y35: =IF('Entries April 2026'!AH35-'Entries April 2026'!AH34<1,"0",'Entries April 2026'!AH35-'Entries April 2026'!AH34) -> 0 | Z35: =C35+D35+E35 -> 353 | AA35: 570.174 | AB35: =IF(AA35=0,"0",(Z35*10/AA35)) -> 6.1910925
B36: 30 | C36: =IF('Entries April 2026'!W36-'Entries April 2026'!W35<1,"0",'Entries April 2026'!W36-'Entries April 2026'!W35) -> 0 | D36: =IF('Entries April 2026'!O36-'Entries April 2026'!O35<1,"0",'Entries April 2026'!O36-'Entries April 2026'!O35) -> 298 | E36: =IF('Entries April 2026'!P36-'Entries April 2026'!P35<1,"0",'Entries April 2026'!P36-'Entries April 2026'!P35) -> 133 | F36: =IF('Entries April 2026'!V36-'Entries April 2026'!V35<1,"0",'Entries April 2026'!V36-'Entries April 2026'!V35) -> 140 | G36: =(D36+E36)-F36 -> 291 | H36: =IF('Entries April 2026'!Q36-'Entries April 2026'!Q35<1,0,'Entries April 2026'!Q36-'Entries April 2026'!Q35) -> 214 | I36: =IF('Entries April 2026'!AG36-'Entries April 2026'!AG35<1,0,'Entries April 2026'!AG36-'Entries April 2026'!AG35) -> 0 | J36: =IF('Entries April 2026'!S36-'Entries April 2026'!S35<1,"0",'Entries April 2026'!S36-'Entries April 2026'!S35) -> 5 | K36: =IF('Entries April 2026'!R36-'Entries April 2026'!R35<1,"0",'Entries April 2026'!R36-'Entries April 2026'!R35) -> 0 | L36: =IF('Entries April 2026'!T36-'Entries April 2026'!T35<1,"0",'Entries April 2026'!T36-'Entries April 2026'!T35) -> 0 | M36: =IF('Entries April 2026'!U36-'Entries April 2026'!U35<1,"0",'Entries April 2026'!U36-'Entries April 2026'!U35) -> 2 | N36: =IF('Entries April 2026'!X36-'Entries April 2026'!X35<1,"0",'Entries April 2026'!X36-'Entries April 2026'!X35) -> 26 | O36: =IF('Entries April 2026'!Y36-'Entries April 2026'!Y35<1,"0",'Entries April 2026'!Y36-'Entries April 2026'!Y35) -> 91 | P36: =IF('Entries April 2026'!AC36-'Entries April 2026'!AC35<1,"0",'Entries April 2026'!AC36-'Entries April 2026'!AC35) -> 28 | Q36: =IF('Entries April 2026'!Z36-'Entries April 2026'!Z35<1,"0",'Entries April 2026'!Z36-'Entries April 2026'!Z35) -> 22 | R36: =IF(('Entries April 2026'!AA36-'Entries April 2026'!AA35)+('Entries April 2026'!AB36-'Entries April 2026'!AB35)<1,"0",('Entries April 2026'!AA36-'Entries April 2026'!AA35)+('Entries April 2026'!AB36-'Entries April 2026'!AB35)) -> 0 | S36: =(R36+G36)*10 -> 2910 | T36: =O36+N36+M36+L36 -> 119 | U36: =IF('Entries April 2026'!AC36-'Entries April 2026'!AC35<1,"0",'Entries April 2026'!AC36-'Entries April 2026'!AC35) -> 28 | V36: =IF('Entries April 2026'!AD36-'Entries April 2026'!AD35<1,"0",'Entries April 2026'!AD36-'Entries April 2026'!AD35) -> 0 | W36: =IF('Entries April 2026'!AE36-'Entries April 2026'!AE35<1,"0",'Entries April 2026'!AE36-'Entries April 2026'!AE35) -> 0 | X36: =IF('Entries April 2026'!AI36-'Entries April 2026'!AI35<1,"0",'Entries April 2026'!AI36-'Entries April 2026'!AI35) -> 0 | Y36: =IF('Entries April 2026'!AH36-'Entries April 2026'!AH35<1,"0",'Entries April 2026'!AH36-'Entries April 2026'!AH35) -> 0 | Z36: =C36+D36+E36 -> 431 | AA36: 407.748 | AB36: =IF(AA36=0,"0",(Z36*10/AA36)) -> 10.570254
C37: =IF('Entries April 2026'!W37-'Entries April 2026'!W36<1,"0",'Entries April 2026'!W37-'Entries April 2026'!W36) -> 0 | D37: =IF('Entries April 2026'!O37-'Entries April 2026'!O36<1,"0",'Entries April 2026'!O37-'Entries April 2026'!O36) -> 0 | E37: =IF('Entries April 2026'!P37-'Entries April 2026'!P36<1,"0",'Entries April 2026'!P37-'Entries April 2026'!P36) -> 0 | F37: =IF('Entries April 2026'!V37-'Entries April 2026'!V36<1,"0",'Entries April 2026'!V37-'Entries April 2026'!V36) -> 0 | G37: =(D37+E37)-F37 -> 0 | J37: =IF('Entries April 2026'!S37-'Entries April 2026'!S36<1,"0",'Entries April 2026'!S37-'Entries April 2026'!S36) -> 0 | K37: =IF('Entries April 2026'!R37-'Entries April 2026'!R36<1,"0",'Entries April 2026'!R37-'Entries April 2026'!R36) -> 0 | L37: =IF('Entries April 2026'!T37-'Entries April 2026'!T36<1,"0",'Entries April 2026'!T37-'Entries April 2026'!T36) -> 0 | M37: =IF('Entries April 2026'!U37-'Entries April 2026'!U36<1,"0",'Entries April 2026'!U37-'Entries April 2026'!U36) -> 0 | N37: =IF('Entries April 2026'!X37-'Entries April 2026'!X36<1,"0",'Entries April 2026'!X37-'Entries April 2026'!X36) -> 0 | O37: =IF('Entries April 2026'!Y37-'Entries April 2026'!Y36<1,"0",'Entries April 2026'!Y37-'Entries April 2026'!Y36) -> 0 | P37: =IF('Entries April 2026'!AC37-'Entries April 2026'!AC36<1,"0",'Entries April 2026'!AC37-'Entries April 2026'!AC36) -> 0 | Q37: =IF('Entries April 2026'!Z37-'Entries April 2026'!Z36<1,"0",'Entries April 2026'!Z37-'Entries April 2026'!Z36) -> 0 | R37: =IF(('Entries April 2026'!AA37-'Entries April 2026'!AA36)+('Entries April 2026'!AB37-'Entries April 2026'!AB36)<1,"0",('Entries April 2026'!AA37-'Entries April 2026'!AA36)+('Entries April 2026'!AB37-'Entries April 2026'!AB36)) -> 0 | S37: =(R37+G37)*10 -> 0 | U37: =IF('Entries April 2026'!AC37-'Entries April 2026'!AC36<1,"0",'Entries April 2026'!AC37-'Entries April 2026'!AC36) -> 0 | V37: =IF('Entries April 2026'!AD37-'Entries April 2026'!AD36<1,"0",'Entries April 2026'!AD37-'Entries April 2026'!AD36) -> 0 | W37: =IF('Entries April 2026'!AE37-'Entries April 2026'!AE36<1,"0",'Entries April 2026'!AE37-'Entries April 2026'!AE36) -> 0 | X37: =IF('Entries April 2026'!AI37-'Entries April 2026'!AI36<1,"0",'Entries April 2026'!AI37-'Entries April 2026'!AI36) -> 0 | Y37: =IF('Entries April 2026'!AH37-'Entries April 2026'!AH36<1,"0",'Entries April 2026'!AH37-'Entries April 2026'!AH36) -> 0 | Z37: =C37+D37+E37 -> 0
A38: MTD | B38: total | C38: =SUM(C7:C37) -> 0 | D38: =SUM(D7:D37) -> 4408 | E38: =SUM(E7:E37) -> 3293 | F38: =SUM(F7:F37) -> 3456 | G38: =SUM(G7:G37) -> 4245 | H38: =SUM(H7:H37) -> 4917 | J38: =SUM(J7:J37) -> 2748 | L38: =SUM(L7:L37) -> 0 | M38: =SUM(M7:M37) -> 28 | N38: =SUM(N7:N37) -> 885 | O38: =SUM(O7:O37) -> 1997 | P38: =SUM(P7:P37) -> 536 | Q38: =SUM(Q7:Q37) -> 407 | R38: =SUM(R7:R34) -> 0 | S38: =SUM(S7:S37) -> 42450 | T38: =SUM(T7:T37) -> 2910 | U38: =SUM(U7:U37) -> 536 | V38: =SUM(V7:V37) -> 318 | Z38: =SUM(Z7:Z37) -> 7701 | AA38: =SUM(AA7:AA37) -> 7992.864 | AB38: =IF(AA38=0,"0",(Z38*10/AA38)) -> 9.6348443 | AC38: 10.2 | AD38: =AB38/AC38*100 -> 94.459258
B40: Gals. | D40: =D38*220 -> 969760
B41: NAWASA Cost/gal | D41: 0.01581
B43: Proxy NAWASA water Cost | D43: =+D41*D40 -> 15331.906
B44: Add basic charge | D44: 278.97
D45: =SUM(D43:D44) -> 15610.876
B47: Proxy sewage charge (2/3) | D47: =+D45*2/3 -> 10407.25
B49: Proxy MTD NAWASA cost | D49: =SUM(D47,D45) -> 26018.126

Sheet Elec.April 2026
A1: DAILY ELECTRICITY CONSUMPTION FOR APRIL 2026
A4: DATE | B4: Grenlec | C4: In -house | D4: Solar System | E4: Total Cons. (KW-HR) | F4: Total Prod.(HL) | G4: KPI. Elect (KW-H/Hl)
B5: In-feed (Kwhr) | C5: Gen. (Kwhr) | D5: Gen. (Kwhr)
A7: 1 | B7: ='Utility Analysis April 2026'!D10 -> 5927 | C7: ='Utility Analysis April 2026'!G10 -> 0 | D7: ='Utility Analysis April 2026'!E10 -> 1739.4 | E7: =B7+D8 -> 7531.4 | F7: ='PROD.FIG. '!H5 -> 209.55 | G7: =IF(F7=0,"0",(E7/F7)) -> 35.940826
A8: 2 | B8: ='Utility Analysis April 2026'!D11 -> 5832 | C8: ='Utility Analysis April 2026'!G11 -> 0 | D8: ='Utility Analysis April 2026'!E11 -> 1604.4 | E8: =B8+D9 -> 7562.6 | F8: ='PROD.FIG. '!H6 -> 189.288 | G8: =IF(F8=0,"0",(E8/F8)) -> 39.952876
A9: 3 | B9: ='Utility Analysis April 2026'!D12 -> 2694 | C9: ='Utility Analysis April 2026'!G12 -> 0 | D9: ='Utility Analysis April 2026'!E12 -> 1730.6 | E9: =B9+D10 -> 3908.2 | F9: ='PROD.FIG. '!H7 -> 0 | G9: =IF(F9=0,"0",(E9/F9)) -> 0
A10: 4 | B10: ='Utility Analysis April 2026'!D13 -> 2971 | C10: ='Utility Analysis April 2026'!G13 -> 0 | D10: ='Utility Analysis April 2026'!E13 -> 1214.2 | E10: =B10+D11 -> 4056.9 | F10: ='PROD.FIG. '!H8 -> 0 | G10: =IF(F10=0,"0",(E10/F10)) -> 0
A11: 5 | B11: ='Utility Analysis April 2026'!D14 -> 2911 | C11: ='Utility Analysis April 2026'!G14 -> 0 | D11: ='Utility Analysis April 2026'!E14 -> 1085.9 | E11: =B11+D12 -> 4149.7 | F11: ='PROD.FIG. '!H9 -> 0 | G11: =IF(F11=0,"0",(E11/F11)) -> 0
A12: 6 | B12: ='Utility Analysis April 2026'!D15 -> 2599 | C12: ='Utility Analysis April 2026'!G15 -> 0 | D12: ='Utility Analysis April 2026'!E15 -> 1238.7 | E12: =B12+D13 -> 4087 | F12: ='PROD.FIG. '!H10 -> 0 | G12: =IF(F12=0,"0",(E12/F12)) -> 0
A13: 7 | B13: ='Utility Analysis April 2026'!D16 -> 5214 | C13: ='Utility Analysis April 2026'!G16 -> 0 | D13: ='Utility Analysis April 2026'!E16 -> 1488 | E13: =B13+D14 -> 6761.2 | F13: ='PROD.FIG. '!H11 -> 71.148 | G13: =IF(F13=0,"0",(E13/F13)) -> 95.030078
A14: 8 | B14: ='Utility Analysis April 2026'!D17 -> 5850 | C14: ='Utility Analysis April 2026'!G17 -> 0 | D14: ='Utility Analysis April 2026'!E17 -> 1547.2 | E14: =B14+D15 -> 7448.2 | F14: ='PROD.FIG. '!H12 -> 602.778 | G14: =IF(F14=0,"0",(E14/F14)) -> 12.356456
A15: 9 | B15: ='Utility Analysis April 2026'!D18 -> 6901 | C15: ='Utility Analysis April 2026'!G18 -> 0 | D15: ='Utility Analysis April 2026'!E18 -> 1598.2 | E15: =B15+D16 -> 8613.9 | F15: ='PROD.FIG. '!H13 -> 651.42 | G15: =IF(F15=0,"0",(E15/F15)) -> 13.223266
A16: 10 | B16: ='Utility Analysis April 2026'!D19 -> 6846 | C16: ='Utility Analysis April 2026'!G19 -> 0 | D16: ='Utility Analysis April 2026'!E19 -> 1712.9 | E16: =B16+D17 -> 8463.5 | F16: ='PROD.FIG. '!H14 -> 427.482 | G16: =IF(F16=0,"0",(E16/F16)) -> 19.798494
A17: 11 | B17: ='Utility Analysis April 2026'!D20 -> 2983 | C17: ='Utility Analysis April 2026'!G20 -> 0 | D17: ='Utility Analysis April 2026'!E20 -> 1617.5 | E17: =B17+D18 -> 4472.4 | F17: ='PROD.FIG. '!H15 -> 0 | G17: =IF(F17=0,"0",(E17/F17)) -> 0
A18: 12 | B18: ='Utility Analysis April 2026'!D21 -> 1952 | C18: ='Utility Analysis April 2026'!G21 -> 0 | D18: ='Utility Analysis April 2026'!E21 -> 1489.4 | E18: =B18+D19 -> 3607.2 | F18: ='PROD.FIG. '!H16 -> 0 | G18: =IF(F18=0,"0",(E18/F18)) -> 0
... A22: 16 | B22: ='Utility Analysis April 2026'!D25 -> 6258 | C22: ='Utility Analysis April 2026'!G25 -> 0 | D22: ='Utility Analysis April 2026'!E25 -> 1321 | E22: =B22+D23 -> 7543.2 | F22: ='PROD.FIG. '!H20 -> 622.512 | G22: =IF(F22=0,"0",(E22/F22)) -> 12.117357
A23: 17 | B23: ='Utility Analysis April 2026'!D26 -> 5872 | C23: ='Utility Analysis April 2026'!G26 -> 0 | D23: ='Utility Analysis April 2026'!E26 -> 1285.2 | E23: =B23+D23 -> 7157.2 | F23: ='PROD.FIG. '!H21 -> 330.594 | G23: =IF(F23=0,"0",(E23/F23)) -> 21.649516
A24: 18 | B24: ='Utility Analysis April 2026'!D27 -> 3482 | C24: ='Utility Analysis April 2026'!G27 -> 0 | D24: ='Utility Analysis April 2026'!E27 -> 1350.9 | E24: =B24+D24 -> 4832.9 | F24: ='PROD.FIG. '!H22 -> 0 | G24: =IF(F24=0,"0",(E24/F24)) -> 0
A25: 19 | B25: ='Utility Analysis April 2026'!D28 -> 1989 | C25: ='Utility Analysis April 2026'!G28 -> 0 | D25: ='Utility Analysis April 2026'!E28 -> 1597.3 | E25: =B25+D25 -> 3586.3 | F25: ='PROD.FIG. '!H23 -> 0 | G25: =IF(F25=0,"0",(E25/F25)) -> 0
A26: 20 | B26: ='Utility Analysis April 2026'!D29 -> 5497 | C26: ='Utility Analysis April 2026'!G29 -> 0 | D26: ='Utility Analysis April 2026'!E29 -> 1315.8 | E26: =B26+D26 -> 6812.8 | F26: ='PROD.FIG. '!H24 -> 256.41 | G26: =IF(F26=0,"0",(E26/F26)) -> 26.569947
A27: 21 | B27: ='Utility Analysis April 2026'!D30 -> 5959 | C27: ='Utility Analysis April 2026'!G30 -> 0 | D27: ='Utility Analysis April 2026'!E30 -> 1431.7 | E27: =B27+D27 -> 7390.7 | F27: ='PROD.FIG. '!H25 -> 521.466 | G27: =IF(F27=0,"0",(E27/F27)) -> 14.172928
A28: 22 | B28: ='Utility Analysis April 2026'!D31 -> 7375 | C28: ='Utility Analysis April 2026'!G31 -> 0 | D28: ='Utility Analysis April 2026'!E31 -> 847.7 | E28: =B28+D28 -> 8222.7 | F28: ='PROD.FIG. '!H26 -> 517.308 | G28: =IF(F28=0,"0",(E28/F28)) -> 15.895173
A29: 23 | B29: ='Utility Analysis April 2026'!D32 -> 7064 | D29: ='Utility Analysis April 2026'!E32 -> 1078.7 | E29: =B29+D29 -> 8142.7 | F29: ='PROD.FIG. '!H27 -> 241.692 | G29: =IF(F29=0,"0",(E29/F29)) -> 33.690399
A30: 24 | B30: ='Utility Analysis April 2026'!D33 -> 4121 | C30: ='Utility Analysis April 2026'!G33 -> 0 | D30: ='Utility Analysis April 2026'!E33 -> 1685.9 | E30: =B30+D30 -> 5806.9 | F30: ='PROD.FIG. '!H28 -> 224.334 | G30: =IF(F30=0,"0",(E30/F30)) -> 25.885064
A31: 25 | B31: ='Utility Analysis April 2026'!D34 -> 3680 | C31: ='Utility Analysis April 2026'!G34 -> 0 | D31: ='Utility Analysis April 2026'!E34 -> 1377 | E31: =B31+D31 -> 5057 | F31: ='PROD.FIG. '!H29 -> 0 | G31: =IF(F31=0,"0",(E31/F31)) -> 0
A32: 26 | B32: ='Utility Analysis April 2026'!D35 -> 3443 | C32: ='Utility Analysis April 2026'!G35 -> 0 | D32: ='Utility Analysis April 2026'!E35 -> 1331.8 | E32: =B32+D32 -> 4774.8 | F32: ='PROD.FIG. '!H30 -> 0 | G32: =IF(F32=0,"0",(E32/F32)) -> 0
A33: 27 | B33: ='Utility Analysis April 2026'!D36 -> 6546 | C33: ='Utility Analysis April 2026'!G36 -> 0 | D33: ='Utility Analysis April 2026'!E36 -> 1482.7 | E33: =B33+D33 -> 8028.7 | F33: ='PROD.FIG. '!H31 -> 390.456 | G33: =IF(F33=0,"0",(E33/F33)) -> 20.562368
A34: 28 | B34: ='Utility Analysis April 2026'!D37 -> 5953 | C34: ='Utility Analysis April 2026'!G37 -> 0 | D34: ='Utility Analysis April 2026'!E37 -> 1388.9 | E34: =B34+D34 -> 7341.9 | F34: ='PROD.FIG. '!H32 -> 452.496 | G34: =IF(F34=0,"0",(E34/F34)) -> 16.225337
A35: 29 | B35: ='Utility Analysis April 2026'!D38 -> 6553 | C35: ='Utility Analysis April 2026'!G38 -> 0 | D35: ='Utility Analysis April 2026'!E38 -> 1613.3 | E35: =B35+C35 -> 6553 | F35: ='PROD.FIG. '!H33 -> 570.174 | G35: =IF(F35=0,"0",(E35/F35)) -> 11.492983
A36: 30 | B36: ='Utility Analysis April 2026'!D39 -> 6457 | C36: ='Utility Analysis April 2026'!G39 -> 0 | D36: ='Utility Analysis April 2026'!E39 -> 1713.9 | E36: =B36+C36 -> 6457 | F36: ='PROD.FIG. '!H34 -> 407.748 | G36: =IF(F36=0,"0",(E36/F36)) -> 15.835761
B37: ='Utility Analysis April 2026'!D40 -> 0 | D37: ='Utility Analysis April 2026'!E40 -> 0 | E37: =B37+C37 -> 0 | I37: %
A38: MTD | B38: =SUM(B7:B37) -> 153495 | C38: =SUM(C7:C37) -> 0 | D38: =SUM(D7:D37) -> 42857.2 | E38: =SUM(E7:E37) -> 192570.8 | F38: =SUM(F7:F37) -> 7992.864 | G38: =IF(F38=0,"0",(E38/F38)) -> 24.092841 | H38: 22 | I38: =G38/H38*100 -> 109.51291
H39: TARGET

Sheet PROD.FIG. 
A1: PRODUCTION FOR APRIL 2026
B3: DATE
B4: - | C4: BOTTLED (Hl) | D4: KEGS (Hl) | E4: OTHER (Filtered) | F4: Brewed | G4: Transferred | H4: TOTAL ( Hls)
A5: Wednesday | B5: 1 | H5: {=IF(TRANSPOSE('Daily KPIs'!B9:AE9)=0,"0",TRANSPOSE('Daily KPIs'!B9:AE9))} -> 209.55
A6: Thursday | B6: 2 | H6: 189.288
A7: Friday | B7: 3 | H7: 0
A8: Saturday | B8: 4 | H8: 0
A9: Sunday | B9: 5 | H9: 0
A10: Monday | B10: 6 | H10: 0
A11: Tuesday | B11: 7 | H11: 71.148
A12: Wednesday | B12: 8 | H12: 602.778
A13: Thursday | B13: 9 | H13: 651.42
A14: Friday | B14: 10 | H14: 427.482
A15: Saturday | B15: 11 | H15: 0
A16: Sunday | B16: 12 | H16: 0
A17: Monday | B17: 13 | H17: 418.044
A18: Tuesday | B18: 14 | H18: 398.178
A19: Wednesday | B19: 15 | H19: 489.786
A20: Thursday | B20: 16 | H20: 622.512
A21: Friday | B21: 17 | H21: 330.594
A22: Saturday | B22: 18 | H22: 0
A23: Sunday | B23: 19 | H23: 0
A24: Monday | B24: 20 | H24: 256.41
A25: Tuesday | B25: 21 | H25: 521.466
A26: Wednesday | B26: 22 | H26: 517.308
A27: Thursday | B27: 23 | H27: 241.692
A28: Friday | B28: 24 | H28: 224.334
A29: Saturday | B29: 25 | H29: 0
A30: Sunday | B30: 26 | H30: 0
A31: Monday | B31: 27 | H31: 390.456
A32: Tuesday | B32: 28 | H32: 452.496
A33: Wednesday | B33: 29 | H33: 570.174
A34: Thursday | B34: 30 | H34: 407.748
G36: TOTAL | H36: =SUM(H5:H35) -> 7992.864
C39: =SUM(C5:C36) -> 0

Sheet CO2
A3: CO2 Daily Consumption for APRIL 2026 | I3: TANK C
G4: FILLER | I4: TAYLOR WHARTON CALIBRATION TANK | Q4: NOT READY
A5: DATE | B5: FILLER Cons. (Kg.) | C5: BMF Cons. (Kg.) | D5: CO2 (kg.) (Ex. Vap'r Flowmeter) | E5: CO2 (kg.) (Ex. Vap'r Calculation) | F5: Total Prod.(HL) | G5: CO2 ( Kg./HL) | I5: inH2O | J5: LBS_CO2 | K5: KG_CO2 | M5: READING Today (inH2O) | Q5: DATE | R5: TANK C | T5: TANK A | U5: TANK B | V5: INPUTS MOBILE(kg) | W5: STOCK (KG) | X5: TOTAL CONSUMPTION (KG)
I6: 10 | J6: 722 | K6: =J6/2.204623 -> 327.49363 | N6: POUNDS | O6: KG | R6: READING 00:30 hrs (inH2O) | S6: QUANTITY (KG) | T6: QUANTITY (KG) | U6: QUANTITY (KG)
A7: 1 | B7: =IF('Entries April 2026'!N7-'Entries April 2026'!N6<1,"0",'Entries April 2026'!N7-'Entries April 2026'!N6) -> 117.82 | C7: =IF('Entries April 2026'!L7-'Entries April 2026'!L6<1,"0",'Entries April 2026'!L7-'Entries April 2026'!L6) -> 111.81 | D7: =IF('Entries April 2026'!M7-'Entries April 2026'!M6<1,"0",'Entries April 2026'!M7-'Entries April 2026'!M6) -> 1627.38 | E7: {=TRANSPOSE('Daily KPIs'!B74:AF74)} -> 1200 | F7: {=TRANSPOSE('Daily KPIs'!B9:AE9)} -> 209.55 | G7: =IF(F7=0,"0",(E7/F7)) -> 5.7265569 | I7: 20 | J7: 2857 | K7: =J7/2.204623 -> 1295.9132 | M7: 75 | N7: =O7*2.204623 -> 12436 | O7: {=IF(COUNTIF(I6:I40,M7),_xlfn.XLOOKUP(M7,I6:I40,K6:K40),_xlfn.LET(_xlpm.x, M7,_xlpm.lo, MAX(_xlfn._xlws.FILTER(I6:I40, I6:I40 <= _xlpm.x)),_xlpm.hi, MIN(_xlfn._xlws.FILTER(I6:I40, I6:I40 >= _xlpm.x)),_xlpm.ylo, INDEX(K6:K40, MATCH(_xlpm.lo, I6:I40, 0)),_xlpm.yhi, INDEX(K6:K40, MATCH(_xlpm.hi, I6:I40, 0)),_xlpm.ylo + (_xlpm.x - _xlpm.lo) * (_xlpm.yhi - _xlpm.ylo) / (_xlpm.hi - _xlpm.lo) ))} -> 5640.8737 | Q7: 45870 | R7: ='Entries April 2026'!AL6 -> 0 | S7: {=IF(R7=0,0,IF(COUNTIF($I$6:$I$40,R7),_xlfn.XLOOKUP(R7,$I$6:$I$40,$K$6:$K$40),_xlfn.LET(_xlpm.x, R7,_xlpm.lo, MAX(_xlfn._xlws.FILTER($I$6:$I$40, $I$6:$I$40 <= _xlpm.x)),_xlpm.hi, MIN(_xlfn._xlws.FILTER($I$6:$I$40, $I$6:$I$40 >= _xlpm.x)),_xlpm.ylo, INDEX($K$6:$K$40, MATCH(_xlpm.lo, $I$6:$I$40, 0)),_xlpm.yhi, INDEX($K$6:$K$40, MATCH(_xlpm.hi, $I$6:$I$40, 0)),_xlpm.ylo + (_xlpm.x - _xlpm.lo) * (_xlpm.yhi - _xlpm.ylo) / (_xlpm.hi - _xlpm.lo) )))} -> 0 | T7: ='Entries April 2026'!#REF! -> #REF! | U7: ='Entries April 2026'!#REF! -> #REF! | V7: ='Entries April 2026'!#REF!/2.204623 -> #REF! | W7: =S7+T7+U7+V7 -> #REF!
A8: 2 | B8: =IF('Entries April 2026'!N8-'Entries April 2026'!N7<1,"0",'Entries April 2026'!N8-'Entries April 2026'!N7) -> 140.05 | C8: =IF('Entries April 2026'!L8-'Entries April 2026'!L7<1,"0",'Entries April 2026'!L8-'Entries April 2026'!L7) -> 238.18 | D8: =IF('Entries April 2026'!M8-'Entries April 2026'!M7<1,"0",'Entries April 2026'!M8-'Entries April 2026'!M7) -> 1816.5 | E8: 1400 | F8: 189.288 | G8: =IF(F8=0,"0",(E8/F8)) -> 7.3961371 | I8: 30 | J8: 4344 | K8: =J8/2.204623 -> 1970.4049 | N8: 12436 | O8: =N8/2.204 -> 5642.4682 | Q8: 45871 | R8: ='Entries April 2026'!AL7 -> 0 | S8: {=IF(R8=0,0,IF(COUNTIF($I$6:$I$40,R8),_xlfn.XLOOKUP(R8,$I$6:$I$40,$K$6:$K$40),_xlfn.LET(_xlpm.x, R8,_xlpm.lo, MAX(_xlfn._xlws.FILTER($I$6:$I$40, $I$6:$I$40 <= _xlpm.x)),_xlpm.hi, MIN(_xlfn._xlws.FILTER($I$6:$I$40, $I$6:$I$40 >= _xlpm.x)),_xlpm.ylo, INDEX($K$6:$K$40, MATCH(_xlpm.lo, $I$6:$I$40, 0)),_xlpm.yhi, INDEX($K$6:$K$40, MATCH(_xlpm.hi, $I$6:$I$40, 0)),_xlpm.ylo + (_xlpm.x - _xlpm.lo) * (_xlpm.yhi - _xlpm.ylo) / (_xlpm.hi - _xlpm.lo) )))} -> 0 | T8: ='Entries April 2026'!AM6 -> 0 | U8: ='Entries April 2026'!AN6 -> 0 | V8: ='Entries April 2026'!AO6/2.204623 -> 0 | W8: =S8+T8+U8+V8 -> 0 | X8: =IF(W9-W8<0,W8-W9,W9-W8) -> 0
A9: 3 | B9: =IF('Entries April 2026'!N9-'Entries April 2026'!N8<1,"0",'Entries April 2026'!N9-'Entries April 2026'!N8) -> 0 | C9: =IF('Entries April 2026'!L9-'Entries April 2026'!L8<1,"0",'Entries April 2026'!L9-'Entries April 2026'!L8) -> 0 | D9: =IF('Entries April 2026'!M9-'Entries April 2026'!M8<1,"0",'Entries April 2026'!M9-'Entries April 2026'!M8) -> 0 | E9: 0 | F9: 0 | G9: =IF(F9=0,"0",(E9/F9)) -> 0 | I9: 40 | J9: 6143 | K9: =J9/2.204623 -> 2786.4175 | O9: =O8/2150 -> 2.6244038 | Q9: 45872 | R9: ='Entries April 2026'!AL8 -> 0 | S9: {=IF(R9=0,0,IF(COUNTIF($I$6:$I$40,R9),_xlfn.XLOOKUP(R9,$I$6:$I$40,$K$6:$K$40),_xlfn.LET(_xlpm.x, R9,_xlpm.lo, MAX(_xlfn._xlws.FILTER($I$6:$I$40, $I$6:$I$40 <= _xlpm.x)),_xlpm.hi, MIN(_xlfn._xlws.FILTER($I$6:$I$40, $I$6:$I$40 >= _xlpm.x)),_xlpm.ylo, INDEX($K$6:$K$40, MATCH(_xlpm.lo, $I$6:$I$40, 0)),_xlpm.yhi, INDEX($K$6:$K$40, MATCH(_xlpm.hi, $I$6:$I$40, 0)),_xlpm.ylo + (_xlpm.x - _xlpm.lo) * (_xlpm.yhi - _xlpm.ylo) / (_xlpm.hi - _xlpm.lo) )))} -> 0 | T9: ='Entries April 2026'!AM7 -> 0 | U9: ='Entries April 2026'!AN7 -> 0 | V9: ='Entries April 2026'!AO7/2.204623 -> 0 | W9: =S9+T9+U9+V9 -> 0 | X9: =IF(W10-W9<0,W9-W10,W10-W9) -> 0
A10: 4 | B10: =IF('Entries April 2026'!N10-'Entries April 2026'!N9<1,"0",'Entries April 2026'!N10-'Entries April 2026'!N9) -> 0 | C10: =IF('Entries April 2026'!L10-'Entries April 2026'!L9<1,"0",'Entries April 2026'!L10-'Entries April 2026'!L9) -> 0 | D10: =IF('Entries April 2026'!M10-'Entries April 2026'!M9<1,"0",'Entries April 2026'!M10-'Entries April 2026'!M9) -> 0 | E10: 0 | F10: 0 | G10: =IF(F10=0,"0",(E10/F10)) -> 0 | I10: 50 | J10: 7941 | K10: =J10/2.204623 -> 3601.9764 | Q10: 45873 | R10: ='Entries April 2026'!AL9 -> 0 | S10: {=IF(R10=0,0,IF(COUNTIF($I$6:$I$40,R10),_xlfn.XLOOKUP(R10,$I$6:$I$40,$K$6:$K$40),_xlfn.LET(_xlpm.x, R10,_xlpm.lo, MAX(_xlfn._xlws.FILTER($I$6:$I$40, $I$6:$I$40 <= _xlpm.x)),_xlpm.hi, MIN(_xlfn._xlws.FILTER($I$6:$I$40, $I$6:$I$40 >= _xlpm.x)),_xlpm.ylo, INDEX($K$6:$K$40, MATCH(_xlpm.lo, $I$6:$I$40, 0)),_xlpm.yhi, INDEX($K$6:$K$40, MATCH(_xlpm.hi, $I$6:$I$40, 0)),_xlpm.ylo + (_xlpm.x - _xlpm.lo) * (_xlpm.yhi - _xlpm.ylo) / (_xlpm.hi - _xlpm.lo) )))} -> 0 | T10: ='Entries April 2026'!AM8 -> 0 | U10: ='Entries April 2026'!AN8 -> 0 | V10: ='Entries April 2026'!AO8/2.204623 -> 0 | W10: =S10+T10+U10+V10 -> 0 | X10: =IF(W11-W10<0,W10-W11,W11-W10) -> 0
A11: 5 | B11: =IF('Entries April 2026'!N11-'Entries April 2026'!N10<1,"0",'Entries April 2026'!N11-'Entries April 2026'!N10) -> 0 | C11: =IF('Entries April 2026'!L11-'Entries April 2026'!L10<1,"0",'Entries April 2026'!L11-'Entries April 2026'!L10) -> 0 | D11: =IF('Entries April 2026'!M11-'Entries April 2026'!M10<1,"0",'Entries April 2026'!M11-'Entries April 2026'!M10) -> 0 | E11: 0 | F11: 0 | G11: =IF(F11=0,"0",(E11/F11)) -> 0 | I11: 60 | J11: 9739 | K11: =J11/2.204623 -> 4417.5353 | Q11: 45874 | R11: ='Entries April 2026'!AL10 -> 0 | S11: {=IF(R11=0,0,IF(COUNTIF($I$6:$I$40,R11),_xlfn.XLOOKUP(R11,$I$6:$I$40,$K$6:$K$40),_xlfn.LET(_xlpm.x, R11,_xlpm.lo, MAX(_xlfn._xlws.FILTER($I$6:$I$40, $I$6:$I$40 <= _xlpm.x)),_xlpm.hi, MIN(_xlfn._xlws.FILTER($I$6:$I$40, $I$6:$I$40 >= _xlpm.x)),_xlpm.ylo, INDEX($K$6:$K$40, MATCH(_xlpm.lo, $I$6:$I$40, 0)),_xlpm.yhi, INDEX($K$6:$K$40, MATCH(_xlpm.hi, $I$6:$I$40, 0)),_xlpm.ylo + (_xlpm.x - _xlpm.lo) * (_xlpm.yhi - _xlpm.ylo) / (_xlpm.hi - _xlpm.lo) )))} -> 0 | T11: ='Entries April 2026'!AM9 -> 0 | U11: ='Entries April 2026'!AN9 -> 0 | V11: ='Entries April 2026'!AO9/2.204623 -> 0 | W11: =S11+T11+U11+V11 -> 0 | X11: =IF(W12-W11<0,W11-W12,W12-W11) -> 0
A12: 6 | B12: =IF('Entries April 2026'!N12-'Entries April 2026'!N11<1,"0",'Entries April 2026'!N12-'Entries April 2026'!N11) -> 0 | C12: =IF('Entries April 2026'!L12-'Entries April 2026'!L11<1,"0",'Entries April 2026'!L12-'Entries April 2026'!L11) -> 0 | D12: =IF('Entries April 2026'!M12-'Entries April 2026'!M11<1,"0",'Entries April 2026'!M12-'Entries April 2026'!M11) -> 0 | E12: 600 | F12: 0 | G12: =IF(F12=0,"0",(E12/F12)) -> 0 | I12: 70 | J12: 11537 | K12: =J12/2.204623 -> 5233.0943 | Q12: 45875 | R12: ='Entries April 2026'!AL11 -> 0 | S12: {=IF(R12=0,0,IF(COUNTIF($I$6:$I$40,R12),_xlfn.XLOOKUP(R12,$I$6:$I$40,$K$6:$K$40),_xlfn.LET(_xlpm.x, R12,_xlpm.lo, MAX(_xlfn._xlws.FILTER($I$6:$I$40, $I$6:$I$40 <= _xlpm.x)),_xlpm.hi, MIN(_xlfn._xlws.FILTER($I$6:$I$40, $I$6:$I$40 >= _xlpm.x)),_xlpm.ylo, INDEX($K$6:$K$40, MATCH(_xlpm.lo, $I$6:$I$40, 0)),_xlpm.yhi, INDEX($K$6:$K$40, MATCH(_xlpm.hi, $I$6:$I$40, 0)),_xlpm.ylo + (_xlpm.x - _xlpm.lo) * (_xlpm.yhi - _xlpm.ylo) / (_xlpm.hi - _xlpm.lo) )))} -> 0 | T12: ='Entries April 2026'!AM10 -> 0 | U12: ='Entries April 2026'!AN10 -> 0 | V12: ='Entries April 2026'!AO10/2.204623 -> 0 | W12: =S12+T12+U12+V12 -> 0 | X12: =IF(W13-W12<0,W12-W13,W13-W12) -> 0
A13: 7 | B13: =IF('Entries April 2026'!N13-'Entries April 2026'!N12<1,"0",'Entries April 2026'!N13-'Entries April 2026'!N12) -> 136.22 | C13: =IF('Entries April 2026'!L13-'Entries April 2026'!L12<1,"0",'Entries April 2026'!L13-'Entries April 2026'!L12) -> 27.58 | D13: =IF('Entries April 2026'!M13-'Entries April 2026'!M12<1,"0",'Entries April 2026'!M13-'Entries April 2026'!M12) -> 672.98 | E13: 700 | F13: 71.148 | G13: =IF(F13=0,"0",(E13/F13)) -> 9.8386462 | I13: 80 | J13: 13335 | K13: =J13/2.204623 -> 6048.6532 | Q13: 45876 | R13: ='Entries April 2026'!AL12 -> 0 | S13: {=IF(R13=0,0,IF(COUNTIF($I$6:$I$40,R13),_xlfn.XLOOKUP(R13,$I$6:$I$40,$K$6:$K$40),_xlfn.LET(_xlpm.x, R13,_xlpm.lo, MAX(_xlfn._xlws.FILTER($I$6:$I$40, $I$6:$I$40 <= _xlpm.x)),_xlpm.hi, MIN(_xlfn._xlws.FILTER($I$6:$I$40, $I$6:$I$40 >= _xlpm.x)),_xlpm.ylo, INDEX($K$6:$K$40, MATCH(_xlpm.lo, $I$6:$I$40, 0)),_xlpm.yhi, INDEX($K$6:$K$40, MATCH(_xlpm.hi, $I$6:$I$40, 0)),_xlpm.ylo + (_xlpm.x - _xlpm.lo) * (_xlpm.yhi - _xlpm.ylo) / (_xlpm.hi - _xlpm.lo) )))} -> 0 | T13: ='Entries April 2026'!AM11 -> 0 | U13: ='Entries April 2026'!AN11 -> 0 | V13: ='Entries April 2026'!AO11/2.204623 -> 0 | W13: =S13+T13+U13+V13 -> 0
A14: 8 | B14: =IF('Entries April 2026'!N14-'Entries April 2026'!N13<1,"0",'Entries April 2026'!N14-'Entries April 2026'!N13) -> 317.34 | C14: =IF('Entries April 2026'!L14-'Entries April 2026'!L13<1,"0",'Entries April 2026'!L14-'Entries April 2026'!L13) -> 159.61 | D14: =IF('Entries April 2026'!M14-'Entries April 2026'!M13<1,"0",'Entries April 2026'!M14-'Entries April 2026'!M13) -> 3112.15 | E14: 3700 | F14: 602.778 | G14: =IF(F14=0,"0",(E14/F14)) -> 6.1382466 | I14: 90 | J14: 15134 | K14: =J14/2.204623 -> 6864.6658 | Q14: 45877 | R14: ='Entries April 2026'!AL13 -> 0 | S14: {=IF(R14=0,0,IF(COUNTIF($I$6:$I$40,R14),_xlfn.XLOOKUP(R14,$I$6:$I$40,$K$6:$K$40),_xlfn.LET(_xlpm.x, R14,_xlpm.lo, MAX(_xlfn._xlws.FILTER($I$6:$I$40, $I$6:$I$40 <= _xlpm.x)),_xlpm.hi, MIN(_xlfn._xlws.FILTER($I$6:$I$40, $I$6:$I$40 >= _xlpm.x)),_xlpm.ylo, INDEX($K$6:$K$40, MATCH(_xlpm.lo, $I$6:$I$40, 0)),_xlpm.yhi, INDEX($K$6:$K$40, MATCH(_xlpm.hi, $I$6:$I$40, 0)),_xlpm.ylo + (_xlpm.x - _xlpm.lo) * (_xlpm.yhi - _xlpm.ylo) / (_xlpm.hi - _xlpm.lo) )))} -> 0 | T14: ='Entries April 2026'!AM12 -> 0 | U14: ='Entries April 2026'!AN12 -> 0 | V14: ='Entries April 2026'!AO12/2.204623 -> 0 | W14: =S14+T14+U14+V14 -> 0 | X14: =W14-S15 -> 0
A15: 9 | B15: =IF('Entries April 2026'!N15-'Entries April 2026'!N14<1,"0",'Entries April 2026'!N15-'Entries April 2026'!N14) -> 408.64 | C15: =IF('Entries April 2026'!L15-'Entries April 2026'!L14<1,"0",'Entries April 2026'!L15-'Entries April 2026'!L14) -> 274.73 | D15: =IF('Entries April 2026'!M15-'Entries April 2026'!M14<1,"0",'Entries April 2026'!M15-'Entries April 2026'!M14) -> 3511.68 | E15: 4000 | F15: 651.42 | G15: =IF(F15=0,"0",(E15/F15)) -> 6.1404317 | I15: 100 | J15: 16932 | K15: =J15/2.204623 -> 7680.2247 | Q15: 45878 | R15: ='Entries April 2026'!AL14 -> 0 | S15: {=IF(R15=0,0,IF(COUNTIF($I$6:$I$40,R15),_xlfn.XLOOKUP(R15,$I$6:$I$40,$K$6:$K$40),_xlfn.LET(_xlpm.x, R15,_xlpm.lo, MAX(_xlfn._xlws.FILTER($I$6:$I$40, $I$6:$I$40 <= _xlpm.x)),_xlpm.hi, MIN(_xlfn._xlws.FILTER($I$6:$I$40, $I$6:$I$40 >= _xlpm.x)),_xlpm.ylo, INDEX($K$6:$K$40, MATCH(_xlpm.lo, $I$6:$I$40, 0)),_xlpm.yhi, INDEX($K$6:$K$40, MATCH(_xlpm.hi, $I$6:$I$40, 0)),_xlpm.ylo + (_xlpm.x - _xlpm.lo) * (_xlpm.yhi - _xlpm.ylo) / (_xlpm.hi - _xlpm.lo) )))} -> 0 | T15: ='Entries April 2026'!AM13 -> 0 | U15: ='Entries April 2026'!AN13 -> 0 | V15: ='Entries April 2026'!AO13/2.204623 -> 0 | W15: =S15+T15+U15+V15 -> 0
A16: 10 | B16: =IF('Entries April 2026'!N16-'Entries April 2026'!N15<1,"0",'Entries April 2026'!N16-'Entries April 2026'!N15) -> 286.48 | C16: =IF('Entries April 2026'!L16-'Entries April 2026'!L15<1,"0",'Entries April 2026'!L16-'Entries April 2026'!L15) -> 335.49 | D16: =IF('Entries April 2026'!M16-'Entries April 2026'!M15<1,"0",'Entries April 2026'!M16-'Entries April 2026'!M15) -> 3094.19 | E16: 0 | F16: 427.482 | G16: =IF(F16=0,"0",(E16/F16)) -> 0 | I16: 110 | J16: 18730 | K16: =J16/2.204623 -> 8495.7836 | Q16: 45879 | R16: ='Entries April 2026'!AL15 -> 0 | S16: {=IF(R16=0,0,IF(COUNTIF($I$6:$I$40,R16),_xlfn.XLOOKUP(R16,$I$6:$I$40,$K$6:$K$40),_xlfn.LET(_xlpm.x, R16,_xlpm.lo, MAX(_xlfn._xlws.FILTER($I$6:$I$40, $I$6:$I$40 <= _xlpm.x)),_xlpm.hi, MIN(_xlfn._xlws.FILTER($I$6:$I$40, $I$6:$I$40 >= _xlpm.x)),_xlpm.ylo, INDEX($K$6:$K$40, MATCH(_xlpm.lo, $I$6:$I$40, 0)),_xlpm.yhi, INDEX($K$6:$K$40, MATCH(_xlpm.hi, $I$6:$I$40, 0)),_xlpm.ylo + (_xlpm.x - _xlpm.lo) * (_xlpm.yhi - _xlpm.ylo) / (_xlpm.hi - _xlpm.lo) )))} -> 0 | T16: ='Entries April 2026'!AM14 -> 0 | U16: ='Entries April 2026'!AN14 -> 0 | V16: ='Entries April 2026'!AO14/2.204623 -> 0 | W16: =S16+T16+U16+V16 -> 0 | X16: =IF(W17-W16<0,W16-W17,W17-W16) -> 0
A17: 11 | B17: =IF('Entries April 2026'!N17-'Entries April 2026'!N16<1,"0",'Entries April 2026'!N17-'Entries April 2026'!N16) -> 0 | C17: =IF('Entries April 2026'!L17-'Entries April 2026'!L16<1,"0",'Entries April 2026'!L17-'Entries April 2026'!L16) -> 0 | D17: =IF('Entries April 2026'!M17-'Entries April 2026'!M16<1,"0",'Entries April 2026'!M17-'Entries April 2026'!M16) -> 0 | E17: 0 | F17: 0 | G17: =IF(F17=0,"0",(E17/F17)) -> 0 | I17: 120 | J17: 20528 | K17: =J17/2.204623 -> 9311.3426 | Q17: 45880 | R17: ='Entries April 2026'!AL16 -> 0 | S17: {=IF(R17=0,0,IF(COUNTIF($I$6:$I$40,R17),_xlfn.XLOOKUP(R17,$I$6:$I$40,$K$6:$K$40),_xlfn.LET(_xlpm.x, R17,_xlpm.lo, MAX(_xlfn._xlws.FILTER($I$6:$I$40, $I$6:$I$40 <= _xlpm.x)),_xlpm.hi, MIN(_xlfn._xlws.FILTER($I$6:$I$40, $I$6:$I$40 >= _xlpm.x)),_xlpm.ylo, INDEX($K$6:$K$40, MATCH(_xlpm.lo, $I$6:$I$40, 0)),_xlpm.yhi, INDEX($K$6:$K$40, MATCH(_xlpm.hi, $I$6:$I$40, 0)),_xlpm.ylo + (_xlpm.x - _xlpm.lo) * (_xlpm.yhi - _xlpm.ylo) / (_xlpm.hi - _xlpm.lo) )))} -> 0 | T17: ='Entries April 2026'!AM15 -> 0 | U17: ='Entries April 2026'!AN15 -> 0 | V17: ='Entries April 2026'!AO15/2.204623 -> 0 | W17: =S17+T17+U17+V17 -> 0 | X17: =IF(W18-W17<0,W17-W18,W18-W17) -> 0
A18: 12 | B18: =IF('Entries April 2026'!N18-'Entries April 2026'!N17<1,"0",'Entries April 2026'!N18-'Entries April 2026'!N17) -> 0 | C18: =IF('Entries April 2026'!L18-'Entries April 2026'!L17<1,"0",'Entries April 2026'!L18-'Entries April 2026'!L17) -> 0 | D18: =IF('Entries April 2026'!M18-'Entries April 2026'!M17<1,"0",'Entries April 2026'!M18-'Entries April 2026'!M17) -> 0 | E18: 0 | F18: 0 | G18: =IF(F18=0,"0",(E18/F18)) -> 0 | I18: 130 | J18: 22326 | K18: =J18/2.204623 -> 10126.902 | Q18: 45881 | R18: ='Entries April 2026'!AL17 -> 0 | S18: {=IF(R18=0,0,IF(COUNTIF($I$6:$I$40,R18),_xlfn.XLOOKUP(R18,$I$6:$I$40,$K$6:$K$40),_xlfn.LET(_xlpm.x, R18,_xlpm.lo, MAX(_xlfn._xlws.FILTER($I$6:$I$40, $I$6:$I$40 <= _xlpm.x)),_xlpm.hi, MIN(_xlfn._xlws.FILTER($I$6:$I$40, $I$6:$I$40 >= _xlpm.x)),_xlpm.ylo, INDEX($K$6:$K$40, MATCH(_xlpm.lo, $I$6:$I$40, 0)),_xlpm.yhi, INDEX($K$6:$K$40, MATCH(_xlpm.hi, $I$6:$I$40, 0)),_xlpm.ylo + (_xlpm.x - _xlpm.lo) * (_xlpm.yhi - _xlpm.ylo) / (_xlpm.hi - _xlpm.lo) )))} -> 0 | T18: ='Entries April 2026'!AM16 -> 0 | U18: ='Entries April 2026'!AN16 -> 0 | V18: ='Entries April 2026'!AO16/2.204623 -> 0 | W18: =S18+T18+U18+V18 -> 0 | X18: =IF(W19-W18<0,W18-W19,W19-W18) -> 0
A19: 13 | B19: =IF('Entries April 2026'!N19-'Entries April 2026'!N18<1,"0",'Entries April 2026'!N19-'Entries April 2026'!N18) -> 272.67 | C19: =IF('Entries April 2026'!L19-'Entries April 2026'!L18<1,"0",'Entries April 2026'!L19-'Entries April 2026'!L18) -> 111.03 | D19: =IF('Entries April 2026'!M19-'Entries April 2026'!M18<1,"0",'Entries April 2026'!M19-'Entries April 2026'!M18) -> 2093.31 | E19: 2600 | F19: 418.044 | G19: =IF(F19=0,"0",(E19/F19)) -> 6.219441 | I19: 140 | J19: 24125 | K19: =J19/2.204623 -> 10942.914 | Q19: 45882 | R19: ='Entries April 2026'!AL18 -> 0 | S19: {=IF(R19=0,0,IF(COUNTIF($I$6:$I$40,R19),_xlfn.XLOOKUP(R19,$I$6:$I$40,$K$6:$K$40),_xlfn.LET(_xlpm.x, R19,_xlpm.lo, MAX(_xlfn._xlws.FILTER($I$6:$I$40, $I$6:$I$40 <= _xlpm.x)),_xlpm.hi, MIN(_xlfn._xlws.FILTER($I$6:$I$40, $I$6:$I$40 >= _xlpm.x)),_xlpm.ylo, INDEX($K$6:$K$40, MATCH(_xlpm.lo, $I$6:$I$40, 0)),_xlpm.yhi, INDEX($K$6:$K$40, MATCH(_xlpm.hi, $I$6:$I$40, 0)),_xlpm.ylo + (_xlpm.x - _xlpm.lo) * (_xlpm.yhi - _xlpm.ylo) / (_xlpm.hi - _xlpm.lo) )))} -> 0 | T19: ='Entries April 2026'!AM17 -> 0 | U19: ='Entries April 2026'!AN17 -> 0 | V19: ='Entries April 2026'!AO17/2.204623 -> 0 | W19: =S19+T19+U19+V19 -> 0 | X19: =IF(W20-W19<0,W19-W20,W20-W19) -> 0
A20: 14 | B20: =IF('Entries April 2026'!N20-'Entries April 2026'!N19<1,"0",'Entries April 2026'!N20-'Entries April 2026'!N19) -> 257.65 | C20: =IF('Entries April 2026'!L20-'Entries April 2026'!L19<1,"0",'Entries April 2026'!L20-'Entries April 2026'!L19) -> 104.29 | D20: =IF('Entries April 2026'!M20-'Entries April 2026'!M19<1,"0",'Entries April 2026'!M20-'Entries April 2026'!M19) -> 2123.5 | E20: 2000 | F20: 398.178 | G20: =IF(F20=0,"0",(E20/F20)) -> 5.0228792 | I20: 150 | J20: 25923 | K20: =J20/2.204623 -> 11758.473 | Q20: 45883 | R20: ='Entries April 2026'!AL19 -> 0 | S20: {=IF(R20=0,0,IF(COUNTIF($I$6:$I$40,R20),_xlfn.XLOOKUP(R20,$I$6:$I$40,$K$6:$K$40),_xlfn.LET(_xlpm.x, R20,_xlpm.lo, MAX(_xlfn._xlws.FILTER($I$6:$I$40, $I$6:$I$40 <= _xlpm.x)),_xlpm.hi, MIN(_xlfn._xlws.FILTER($I$6:$I$40, $I$6:$I$40 >= _xlpm.x)),_xlpm.ylo, INDEX($K$6:$K$40, MATCH(_xlpm.lo, $I$6:$I$40, 0)),_xlpm.yhi, INDEX($K$6:$K$40, MATCH(_xlpm.hi, $I$6:$I$40, 0)),_xlpm.ylo + (_xlpm.x - _xlpm.lo) * (_xlpm.yhi - _xlpm.ylo) / (_xlpm.hi - _xlpm.lo) )))} -> 0 | T20: ='Entries April 2026'!AM18 -> 0 | U20: ='Entries April 2026'!AN18 -> 0 | V20: ='Entries April 2026'!AO18/2.204623 -> 0 | W20: =S20+T20+U20+V20 -> 0 | X20: =IF(W21-W20<0,W20-W21,W21-W20) -> 0
A21: 15 | B21: =IF('Entries April 2026'!N21-'Entries April 2026'!N20<1,"0",'Entries April 2026'!N21-'Entries April 2026'!N20) -> 331.28 | C21: =IF('Entries April 2026'!L21-'Entries April 2026'!L20<1,"0",'Entries April 2026'!L21-'Entries April 2026'!L20) -> 164.25 | D21: =IF('Entries April 2026'!M21-'Entries April 2026'!M20<1,"0",'Entries April 2026'!M21-'Entries April 2026'!M20) -> 2343.92 | E21: 2600 | F21: 489.786 | G21: =IF(F21=0,"0",(E21/F21)) -> 5.3084408 | I21: 160 | J21: 27721 | K21: =J21/2.204623 -> 12574.032 | Q21: 45884 | R21: ='Entries April 2026'!AL20 -> 0 | S21: {=IF(R21=0,0,IF(COUNTIF($I$6:$I$40,R21),_xlfn.XLOOKUP(R21,$I$6:$I$40,$K$6:$K$40),_xlfn.LET(_xlpm.x, R21,_xlpm.lo, MAX(_xlfn._xlws.FILTER($I$6:$I$40, $I$6:$I$40 <= _xlpm.x)),_xlpm.hi, MIN(_xlfn._xlws.FILTER($I$6:$I$40, $I$6:$I$40 >= _xlpm.x)),_xlpm.ylo, INDEX($K$6:$K$40, MATCH(_xlpm.lo, $I$6:$I$40, 0)),_xlpm.yhi, INDEX($K$6:$K$40, MATCH(_xlpm.hi, $I$6:$I$40, 0)),_xlpm.ylo + (_xlpm.x - _xlpm.lo) * (_xlpm.yhi - _xlpm.ylo) / (_xlpm.hi - _xlpm.lo) )))} -> 0 | T21: ='Entries April 2026'!AM19 -> 0 | U21: ='Entries April 2026'!AN19 -> 0 | V21: ='Entries April 2026'!AO19/2.204623 -> 0 | W21: =S21+T21+U21+V21 -> 0 | X21: =IF(W22-W21<0,W21-W22,W22-W21) -> 0
A22: 16 | B22: =IF('Entries April 2026'!N22-'Entries April 2026'!N21<1,"0",'Entries April 2026'!N22-'Entries April 2026'!N21) -> 356.83 | C22: =IF('Entries April 2026'!L22-'Entries April 2026'!L21<1,"0",'Entries April 2026'!L22-'Entries April 2026'!L21) -> 203.38 | D22: =IF('Entries April 2026'!M22-'Entries April 2026'!M21<1,"0",'Entries April 2026'!M22-'Entries April 2026'!M21) -> 2492.73 | E22: 2100 | F22: 622.512 | G22: =IF(F22=0,"0",(E22/F22)) -> 3.3734289 | I22: 170 | J22: 29519 | K22: =J22/2.204623 -> 13389.591 | Q22: 45885 | R22: ='Entries April 2026'!AL21 -> 0 | S22: {=IF(R22=0,0,IF(COUNTIF($I$6:$I$40,R22),_xlfn.XLOOKUP(R22,$I$6:$I$40,$K$6:$K$40),_xlfn.LET(_xlpm.x, R22,_xlpm.lo, MAX(_xlfn._xlws.FILTER($I$6:$I$40, $I$6:$I$40 <= _xlpm.x)),_xlpm.hi, MIN(_xlfn._xlws.FILTER($I$6:$I$40, $I$6:$I$40 >= _xlpm.x)),_xlpm.ylo, INDEX($K$6:$K$40, MATCH(_xlpm.lo, $I$6:$I$40, 0)),_xlpm.yhi, INDEX($K$6:$K$40, MATCH(_xlpm.hi, $I$6:$I$40, 0)),_xlpm.ylo + (_xlpm.x - _xlpm.lo) * (_xlpm.yhi - _xlpm.ylo) / (_xlpm.hi - _xlpm.lo) )))} -> 0 | T22: ='Entries April 2026'!AM20 -> 0 | U22: ='Entries April 2026'!AN20 -> 0 | V22: ='Entries April 2026'!AO20/2.204623 -> 0 | W22: =S22+T22+U22+V22 -> 0 | X22: =IF(W23-W22<0,W22-W23,W23-W22) -> 0
A23: 17 | B23: =IF('Entries April 2026'!N23-'Entries April 2026'!N22<1,"0",'Entries April 2026'!N23-'Entries April 2026'!N22) -> 199.21 | C23: =IF('Entries April 2026'!L23-'Entries April 2026'!L22<1,"0",'Entries April 2026'!L23-'Entries April 2026'!L22) -> 32.7 | D23: =IF('Entries April 2026'!M23-'Entries April 2026'!M22<1,"0",'Entries April 2026'!M23-'Entries April 2026'!M22) -> 1931.85 | E23: 1600 | F23: 330.594 | G23: =IF(F23=0,"0",(E23/F23)) -> 4.8397733 | I23: 180 | J23: 31317 | K23: =J23/2.204623 -> 14205.15 | Q23: 45886 | R23: ='Entries April 2026'!AL22 -> 0 | S23: {=IF(R23=0,0,IF(COUNTIF($I$6:$I$40,R23),_xlfn.XLOOKUP(R23,$I$6:$I$40,$K$6:$K$40),_xlfn.LET(_xlpm.x, R23,_xlpm.lo, MAX(_xlfn._xlws.FILTER($I$6:$I$40, $I$6:$I$40 <= _xlpm.x)),_xlpm.hi, MIN(_xlfn._xlws.FILTER($I$6:$I$40, $I$6:$I$40 >= _xlpm.x)),_xlpm.ylo, INDEX($K$6:$K$40, MATCH(_xlpm.lo, $I$6:$I$40, 0)),_xlpm.yhi, INDEX($K$6:$K$40, MATCH(_xlpm.hi, $I$6:$I$40, 0)),_xlpm.ylo + (_xlpm.x - _xlpm.lo) * (_xlpm.yhi - _xlpm.ylo) / (_xlpm.hi - _xlpm.lo) )))} -> 0 | T23: ='Entries April 2026'!AM21 -> 0 | U23: ='Entries April 2026'!AN21 -> 0 | V23: ='Entries April 2026'!AO21/2.204623 -> 0 | W23: =S23+T23+U23+V23 -> 0 | X23: =IF(W24-W23<0,W23-W24,W24-W23) -> 0
A24: 18 | B24: =IF('Entries April 2026'!N24-'Entries April 2026'!N23<1,"0",'Entries April 2026'!N24-'Entries April 2026'!N23) -> 0 | C24: =IF('Entries April 2026'!L24-'Entries April 2026'!L23<1,"0",'Entries April 2026'!L24-'Entries April 2026'!L23) -> 0 | D24: =IF('Entries April 2026'!M24-'Entries April 2026'!M23<1,"0",'Entries April 2026'!M24-'Entries April 2026'!M23) -> 0 | E24: 0 | F24: 0 | G24: =IF(F24=0,"0",(E24/F24)) -> 0 | I24: 190 | J24: 33116 | K24: =J24/2.204623 -> 15021.162 | Q24: 45887 | R24: ='Entries April 2026'!AL23 -> 0 | S24: {=IF(R24=0,0,IF(COUNTIF($I$6:$I$40,R24),_xlfn.XLOOKUP(R24,$I$6:$I$40,$K$6:$K$40),_xlfn.LET(_xlpm.x, R24,_xlpm.lo, MAX(_xlfn._xlws.FILTER($I$6:$I$40, $I$6:$I$40 <= _xlpm.x)),_xlpm.hi, MIN(_xlfn._xlws.FILTER($I$6:$I$40, $I$6:$I$40 >= _xlpm.x)),_xlpm.ylo, INDEX($K$6:$K$40, MATCH(_xlpm.lo, $I$6:$I$40, 0)),_xlpm.yhi, INDEX($K$6:$K$40, MATCH(_xlpm.hi, $I$6:$I$40, 0)),_xlpm.ylo + (_xlpm.x - _xlpm.lo) * (_xlpm.yhi - _xlpm.ylo) / (_xlpm.hi - _xlpm.lo) )))} -> 0 | T24: ='Entries April 2026'!AM22 -> 0 | U24: ='Entries April 2026'!AN22 -> 0 | V24: ='Entries April 2026'!AO22/2.204623 -> 0 | W24: =S24+T24+U24+V24 -> 0 | X24: =IF(W25-W24<0,W24-W25,W25-W24) -> 0
A25: 19 | B25: =IF('Entries April 2026'!N25-'Entries April 2026'!N24<1,"0",'Entries April 2026'!N25-'Entries April 2026'!N24) -> 0 | C25: =IF('Entries April 2026'!L25-'Entries April 2026'!L24<1,"0",'Entries April 2026'!L25-'Entries April 2026'!L24) -> 0 | D25: =IF('Entries April 2026'!M25-'Entries April 2026'!M24<1,"0",'Entries April 2026'!M25-'Entries April 2026'!M24) -> 0 | E25: 1600 | F25: 0 | G25: =IF(F25=0,"0",(E25/F25)) -> 0 | I25: 200 | J25: 34914 | K25: =J25/2.204623 -> 15836.721 | Q25: 45888 | R25: ='Entries April 2026'!AL24 -> 0 | S25: {=IF(R25=0,0,IF(COUNTIF($I$6:$I$40,R25),_xlfn.XLOOKUP(R25,$I$6:$I$40,$K$6:$K$40),_xlfn.LET(_xlpm.x, R25,_xlpm.lo, MAX(_xlfn._xlws.FILTER($I$6:$I$40, $I$6:$I$40 <= _xlpm.x)),_xlpm.hi, MIN(_xlfn._xlws.FILTER($I$6:$I$40, $I$6:$I$40 >= _xlpm.x)),_xlpm.ylo, INDEX($K$6:$K$40, MATCH(_xlpm.lo, $I$6:$I$40, 0)),_xlpm.yhi, INDEX($K$6:$K$40, MATCH(_xlpm.hi, $I$6:$I$40, 0)),_xlpm.ylo + (_xlpm.x - _xlpm.lo) * (_xlpm.yhi - _xlpm.ylo) / (_xlpm.hi - _xlpm.lo) )))} -> 0 | T25: ='Entries April 2026'!AM23 -> 0 | U25: ='Entries April 2026'!AN23 -> 0 | V25: ='Entries April 2026'!AO23/2.204623 -> 0 | W25: =S25+T25+U25+V25 -> 0 | X25: =IF(W26-W25<0,W25-W26,W26-W25) -> 0
A26: 20 | B26: =IF('Entries April 2026'!N26-'Entries April 2026'!N25<1,"0",'Entries April 2026'!N26-'Entries April 2026'!N25) -> 154.29 | C26: =IF('Entries April 2026'!L26-'Entries April 2026'!L25<1,"0",'Entries April 2026'!L26-'Entries April 2026'!L25) -> 109.72 | D26: =IF('Entries April 2026'!M26-'Entries April 2026'!M25<1,"0",'Entries April 2026'!M26-'Entries April 2026'!M25) -> 1606.98 | E26: 1600 | F26: 256.41 | G26: =IF(F26=0,"0",(E26/F26)) -> 6.2400062 | I26: 210 | J26: 36712 | K26: =J26/2.204623 -> 16652.28 | Q26: 45889 | R26: ='Entries April 2026'!AL25 -> 0 | S26: {=IF(R26=0,0,IF(COUNTIF($I$6:$I$40,R26),_xlfn.XLOOKUP(R26,$I$6:$I$40,$K$6:$K$40),_xlfn.LET(_xlpm.x, R26,_xlpm.lo, MAX(_xlfn._xlws.FILTER($I$6:$I$40, $I$6:$I$40 <= _xlpm.x)),_xlpm.hi, MIN(_xlfn._xlws.FILTER($I$6:$I$40, $I$6:$I$40 >= _xlpm.x)),_xlpm.ylo, INDEX($K$6:$K$40, MATCH(_xlpm.lo, $I$6:$I$40, 0)),_xlpm.yhi, INDEX($K$6:$K$40, MATCH(_xlpm.hi, $I$6:$I$40, 0)),_xlpm.ylo + (_xlpm.x - _xlpm.lo) * (_xlpm.yhi - _xlpm.ylo) / (_xlpm.hi - _xlpm.lo) )))} -> 0 | T26: ='Entries April 2026'!AM24 -> 0 | U26: ='Entries April 2026'!AN24 -> 0 | V26: ='Entries April 2026'!AO24/2.204623 -> 0 | W26: =S26+T26+U26+V26 -> 0 | X26: =IF(W27-W26<0,W26-W27,W27-W26) -> 0
A27: 21 | B27: =IF('Entries April 2026'!N27-'Entries April 2026'!N26<1,"0",'Entries April 2026'!N27-'Entries April 2026'!N26) -> 311.68 | C27: =IF('Entries April 2026'!L27-'Entries April 2026'!L26<1,"0",'Entries April 2026'!L27-'Entries April 2026'!L26) -> 118.98 | D27: =IF('Entries April 2026'!M27-'Entries April 2026'!M26<1,"0",'Entries April 2026'!M27-'Entries April 2026'!M26) -> 1961.02 | E27: 1700 | F27: 521.466 | G27: =IF(F27=0,"0",(E27/F27)) -> 3.26004 | I27: 220 | J27: 38510 | K27: =J27/2.204623 -> 17467.839 | Q27: 45890 | R27: ='Entries April 2026'!AL26 -> 0 | S27: {=IF(R27=0,0,IF(COUNTIF($I$6:$I$40,R27),_xlfn.XLOOKUP(R27,$I$6:$I$40,$K$6:$K$40),_xlfn.LET(_xlpm.x, R27,_xlpm.lo, MAX(_xlfn._xlws.FILTER($I$6:$I$40, $I$6:$I$40 <= _xlpm.x)),_xlpm.hi, MIN(_xlfn._xlws.FILTER($I$6:$I$40, $I$6:$I$40 >= _xlpm.x)),_xlpm.ylo, INDEX($K$6:$K$40, MATCH(_xlpm.lo, $I$6:$I$40, 0)),_xlpm.yhi, INDEX($K$6:$K$40, MATCH(_xlpm.hi, $I$6:$I$40, 0)),_xlpm.ylo + (_xlpm.x - _xlpm.lo) * (_xlpm.yhi - _xlpm.ylo) / (_xlpm.hi - _xlpm.lo) )))} -> 0 | T27: ='Entries April 2026'!AM25 -> 0 | U27: ='Entries April 2026'!AN25 -> 0 | V27: ='Entries April 2026'!AO25/2.204623 -> 0 | W27: =S27+T27+U27+V27 -> 0 | X27: =IF(W28-W27<0,W27-W28,W28-W27) -> 0
... A36: 30 | B36: =IF('Entries April 2026'!N36-'Entries April 2026'!N35<1,"0",'Entries April 2026'!N36-'Entries April 2026'!N35) -> 344.15 | C36: =IF('Entries April 2026'!L36-'Entries April 2026'!L35<1,"0",'Entries April 2026'!L36-'Entries April 2026'!L35) -> 0 | D36: =IF('Entries April 2026'!M36-'Entries April 2026'!M35<1,"0",'Entries April 2026'!M36-'Entries April 2026'!M35) -> 2267.43 | E36: 2000 | F36: 407.748 | G36: =IF(F36=0,"0",(E36/F36)) -> 4.9049903 | I36: 310 | J36: 54694 | K36: =J36/2.204623 -> 24808.777 | Q36: 45899 | R36: ='Entries April 2026'!AL35 -> 0 | S36: {=IF(R36=0,0,IF(COUNTIF($I$6:$I$40,R36),_xlfn.XLOOKUP(R36,$I$6:$I$40,$K$6:$K$40),_xlfn.LET(_xlpm.x, R36,_xlpm.lo, MAX(_xlfn._xlws.FILTER($I$6:$I$40, $I$6:$I$40 <= _xlpm.x)),_xlpm.hi, MIN(_xlfn._xlws.FILTER($I$6:$I$40, $I$6:$I$40 >= _xlpm.x)),_xlpm.ylo, INDEX($K$6:$K$40, MATCH(_xlpm.lo, $I$6:$I$40, 0)),_xlpm.yhi, INDEX($K$6:$K$40, MATCH(_xlpm.hi, $I$6:$I$40, 0)),_xlpm.ylo + (_xlpm.x - _xlpm.lo) * (_xlpm.yhi - _xlpm.ylo) / (_xlpm.hi - _xlpm.lo) )))} -> 0 | T36: ='Entries April 2026'!AM34 -> 0 | U36: ='Entries April 2026'!AN34 -> 0 | V36: ='Entries April 2026'!AO34/2.204623 -> 0 | W36: =S36+T36+U36+V36 -> 0 | X36: =IF(W37-W36<0,W36-W37,W37-W36) -> 0
B37: =IF('Entries April 2026'!N37-'Entries April 2026'!N36<1,"0",'Entries April 2026'!N37-'Entries April 2026'!N36) -> 0 | C37: =IF('Entries April 2026'!L37-'Entries April 2026'!L36<1,"0",'Entries April 2026'!L37-'Entries April 2026'!L36) -> 0 | D37: =IF('Entries April 2026'!M37-'Entries April 2026'!M36<1,"0",'Entries April 2026'!M37-'Entries April 2026'!M36) -> 0 | E37: 0 | G37: =IF(F37=0,"0",(E37/F37)) -> 0 | H37: TARGET | I37: 320 | J37: 56492 | K37: =J37/2.204623 -> 25624.336 | Q37: 45900 | R37: ='Entries April 2026'!AL36 -> 0 | S37: {=IF(R37=0,0,IF(COUNTIF($I$6:$I$40,R37),_xlfn.XLOOKUP(R37,$I$6:$I$40,$K$6:$K$40),_xlfn.LET(_xlpm.x, R37,_xlpm.lo, MAX(_xlfn._xlws.FILTER($I$6:$I$40, $I$6:$I$40 <= _xlpm.x)),_xlpm.hi, MIN(_xlfn._xlws.FILTER($I$6:$I$40, $I$6:$I$40 >= _xlpm.x)),_xlpm.ylo, INDEX($K$6:$K$40, MATCH(_xlpm.lo, $I$6:$I$40, 0)),_xlpm.yhi, INDEX($K$6:$K$40, MATCH(_xlpm.hi, $I$6:$I$40, 0)),_xlpm.ylo + (_xlpm.x - _xlpm.lo) * (_xlpm.yhi - _xlpm.ylo) / (_xlpm.hi - _xlpm.lo) )))} -> 0 | T37: ='Entries April 2026'!AM35 -> 0 | U37: ='Entries April 2026'!AN35 -> 0 | V37: ='Entries April 2026'!AO35/2.204623 -> 0 | W37: =S37+T37+U37+V37 -> 0 | X37: =IF(W38-W37<0,W37-W38,W38-W37) -> 0
A38: MTD | B38: =SUM(B7:B37) -> 5098.07 | C38: =SUM(C7:C37) -> 4691 | D38: =SUM(D7:D37) -> 45429.78 | E38: =SUM(E7:E37) -> 43100 | F38: =SUM(F7:F37) -> 7992.864 | G38: =IF(F38=0,"0",(E38/F38)) -> 5.3923099 | H38: 5 | I38: 330 | J38: 58290 | K38: =J38/2.204623 -> 26439.895 | Q38: 45901 | R38: ='Entries April 2026'!AL37 -> 0 | S38: {=IF(R38=0,0,IF(COUNTIF($I$6:$I$40,R38),_xlfn.XLOOKUP(R38,$I$6:$I$40,$K$6:$K$40),_xlfn.LET(_xlpm.x, R38,_xlpm.lo, MAX(_xlfn._xlws.FILTER($I$6:$I$40, $I$6:$I$40 <= _xlpm.x)),_xlpm.hi, MIN(_xlfn._xlws.FILTER($I$6:$I$40, $I$6:$I$40 >= _xlpm.x)),_xlpm.ylo, INDEX($K$6:$K$40, MATCH(_xlpm.lo, $I$6:$I$40, 0)),_xlpm.yhi, INDEX($K$6:$K$40, MATCH(_xlpm.hi, $I$6:$I$40, 0)),_xlpm.ylo + (_xlpm.x - _xlpm.lo) * (_xlpm.yhi - _xlpm.ylo) / (_xlpm.hi - _xlpm.lo) )))} -> 0 | T38: ='Entries April 2026'!AM36 -> 0 | U38: ='Entries April 2026'!AN36 -> 0 | V38: ='Entries April 2026'!AO36/2.204623 -> 0 | W38: =S38+T38+U38+V38 -> 0 | X38: =IF(W39-W38<0,W38-W39,W39-W38) -> 0
I39: 340 | J39: 60089 | K39: =J39/2.204623 -> 27255.907 | R39: ='Entries April 2026'!AL38 -> 0 | S39: {=IF(R39=0,0,IF(COUNTIF($I$6:$I$40,R39),_xlfn.XLOOKUP(R39,$I$6:$I$40,$K$6:$K$40),_xlfn.LET(_xlpm.x, R39,_xlpm.lo, MAX(_xlfn._xlws.FILTER($I$6:$I$40, $I$6:$I$40 <= _xlpm.x)),_xlpm.hi, MIN(_xlfn._xlws.FILTER($I$6:$I$40, $I$6:$I$40 >= _xlpm.x)),_xlpm.ylo, INDEX($K$6:$K$40, MATCH(_xlpm.lo, $I$6:$I$40, 0)),_xlpm.yhi, INDEX($K$6:$K$40, MATCH(_xlpm.hi, $I$6:$I$40, 0)),_xlpm.ylo + (_xlpm.x - _xlpm.lo) * (_xlpm.yhi - _xlpm.ylo) / (_xlpm.hi - _xlpm.lo) )))} -> 0 | T39: ='Entries April 2026'!AM37 -> 0 | U39: ='Entries April 2026'!AN37 -> 0 | V39: ='Entries April 2026'!AO37/2.204623 -> 0 | W39: =S39+T39+U39+V39 -> 0
I40: 350 | J40: 60537 | K40: =J40/2.204623 -> 27459.117 | W40: TOTAL | X40: =SUM(X8:X38) -> 0

Sheet Daily KPIs CO2
A3: Utilities Daily Consumption
Y4: 1364
A5: 46113
B6: 1 | C6: 2 | D6: 3 | E6: 4 | F6: 5 | G6: 6 | H6: 7 | I6: 8 | J6: 9 | K6: 10 | L6: 11 | M6: 12 | N6: 13 | O6: 14 | P6: 15 | Q6: 16 | R6: 17 | S6: 18 | T6: 19 | U6: 20 | V6: 21 | W6: 22 | X6: 23 | Y6: 24 | Z6: 25 | AA6: 26 | AB6: 27 | AC6: 28 | AD6: 29 | AE6: 30 | AF6: 31 | AH6: Monthly Target
A7: Days | B7: Sun | C7: Mon | D7: Tue | E7: Wed | F7: Thu | G7: Fri | H7: Sat | I7: Sun | J7: Mon | K7: Tue | L7: Wed | M7: Thu | N7: Fri | O7: Sat | P7: Sun | Q7: Mon | R7: Tue | S7: Wed | T7: Thu | U7: Fri | V7: Sat | W7: Sun | X7: Mon | Y7: Tue | Z7: Wed | AA7: Thu | AB7: Fri | AC7: Sat | AD7: Sun | AE7: Mon | AF7: Tue | AG7: Total | AI7: Diff.
A8: Cases Produced | C8: ='Daily KPIs'!C8 -> 2868 | D8: ='Daily KPIs'!D8 -> 0 | E8: ='Daily KPIs'!E8 -> 0 | F8: ='Daily KPIs'!F8 -> 0 | G8: ='Daily KPIs'!G8 -> 0 | H8: ='Daily KPIs'!H8 -> 1078 | I8: ='Daily KPIs'!I8 -> 9133 | J8: ='Daily KPIs'!J8 -> 9870 | ... S8: ='Daily KPIs'!S8 -> 0 | T8: ='Daily KPIs'!AF8 -> 563.75 | U8: ='Daily KPIs'!U8 -> 3885 | V8: ='Daily KPIs'!V8 -> 7901 | W8: ='Daily KPIs'!W8 -> 7838 | X8: ='Daily KPIs'!X8 -> 3662 | Y8: ='Daily KPIs'!Y8 -> 3399 | Z8: ='Daily KPIs'!Z8 -> 0 | AA8: ='Daily KPIs'!#REF! -> #REF! | AB8: ='Daily KPIs'!AB8 -> 5916 | AC8: ='Daily KPIs'!AC8 -> 6856 | AF8: ='Daily KPIs'!AD8 -> 8639 | AG8: =SUM($B8:AF8) -> #REF! | AH8: 96325 | AI8: =AG8-AH8 -> #REF!
A9: HL produced | B9: ='Daily KPIs'!B9 -> 209.55 | C9: ='Daily KPIs'!C9 -> 189.288 | D9: ='Daily KPIs'!D9 -> 0 | E9: ='Daily KPIs'!E9 -> 0 | F9: ='Daily KPIs'!F9 -> 0 | G9: ='Daily KPIs'!G9 -> 0 | H9: ='Daily KPIs'!H9 -> 71.148 | I9: ='Daily KPIs'!I9 -> 602.778 | ... S9: ='Daily KPIs'!S9 -> 0 | T9: ='Daily KPIs'!AF9 -> 37.2075 | U9: ='Daily KPIs'!U9 -> 256.41 | V9: ='Daily KPIs'!V9 -> 521.466 | W9: ='Daily KPIs'!W9 -> 517.308 | X9: ='Daily KPIs'!X9 -> 241.692 | Y9: ='Daily KPIs'!Y9 -> 224.334 | Z9: ='Daily KPIs'!Z9 -> 0 | AA9: ='Daily KPIs'!#REF! -> #REF! | AB9: ='Daily KPIs'!AB9 -> 390.456 | AC9: ='Daily KPIs'!AC9 -> 452.496 | AF9: ='Daily KPIs'!AD9 -> 570.174 | AG9: =SUM($B9:AF9) -> #REF!
A10: Product Type | B10: ='Daily KPIs'!B10 -> VM/ VM Gin | C10: ='Daily KPIs'!C10 -> Psecco/CB | D10: ='Daily KPIs'!D10 -> 0 | E10: ='Daily KPIs'!E10 -> 0 | F10: ='Daily KPIs'!F10 -> 0 | G10: ='Daily KPIs'!G10 -> 0 | H10: ='Daily KPIs'!I10 -> CB/ST | I10: ='Daily KPIs'!J10 -> ST | J10: ='Daily KPIs'!J10 -> ST | K10: ='Daily KPIs'!K10 -> CB | L10: ='Daily KPIs'!L10 -> 0 | M10: ='Daily KPIs'!M10 -> 0 | N10: ='Daily KPIs'!N10 -> Rose/CB | O10: ='Daily KPIs'!O10 -> CB/SL/SS | P10: ='Daily KPIs'!P10 -> SS/ST | Q10: ='Daily KPIs'!Q10 -> ST/CB | ... S10: ='Daily KPIs'!S10 -> 0 | T10: ='Daily KPIs'!AF10 -> kegs | U10: ='Daily KPIs'!U10 -> GA/CB | V10: ='Daily KPIs'!V10 -> CB/ST | W10: ='Daily KPIs'!W10 -> ST/GN | X10: ='Daily KPIs'!X10 -> CB | Y10: ='Daily KPIs'!Y10 -> CB | AA10: ='Daily KPIs'!#REF! -> #REF! | AB10: ='Daily KPIs'!AB10 -> SM | AC10: ='Daily KPIs'!AC10 -> CB | AF10: ='Daily KPIs'!AD10 -> CB/ST
A13: Water (m3)
A14: Area | B14: 1 | C14: 2 | D14: 3 | E14: 4 | F14: 5 | G14: 6 | H14: 7 | I14: 8 | J14: 9 | K14: 10 | L14: 11 | M14: 12 | N14: 13 | O14: 14 | P14: 15 | Q14: 16 | R14: 17 | S14: 18 | T14: 19 | U14: 20 | V14: 21 | W14: 22 | X14: 23 | Y14: 24 | Z14: 25 | AA14: 26 | AB14: 27 | AC14: 28 | AD14: 29 | AE14: 30 | AF14: 31 | AG14: MTD
A15: Well Supply (from filtered water) | B15: =+'Water '!$C7 -> 0 | C15: =+'Water '!$C8 -> 0 | D15: =+'Water '!$C9 -> 0 | E15: =+'Water '!$C10 -> 0 | F15: =+'Water '!$C11 -> 0 | G15: =+'Water '!$C12 -> 0 | H15: =+'Water '!$C13 -> 0 | I15: =+'Water '!$C14 -> 0 | J15: =+'Water '!$C15 -> 0 | K15: =+'Water '!$C16 -> 0 | L15: =+'Water '!$C17 -> 0 | M15: =+'Water '!$C18 -> 0 | N15: =+'Water '!$C18 -> 0 | O15: =+'Water '!$C20 -> 0 | P15: =+'Water '!$C21 -> 0 | Q15: =+'Water '!$C22 -> 0 | R15: =+'Water '!$C23 -> 0 | S15: =+'Water '!$C24 -> 0 | T15: =+'Water '!$C25 -> 0 | U15: =+'Water '!$C26 -> 0 | V15: =+'Water '!$C27 -> 0 | W15: =+'Water '!$C28 -> 0 | X15: =+'Water '!$C29 -> 0 | Y15: =+'Water '!$C30 -> 0 | Z15: =+'Water '!$C31 -> 0 | AA15: =+'Water '!$C32 -> 0 | AB15: =+'Water '!$C33 -> 0 | AC15: =+'Water '!$C34 -> 0 | AD15: =+'Water '!$C31 -> 0 | AE15: =+'Water '!$C32 -> 0 | AF15: =+'Water '!$C33 -> 0 | AG15: =SUM($B15:AF15) -> 0
A16: Nawasa Supply | B16: =+'Water '!$D7 -> 207 | C16: =+'Water '!$D8 -> 124 | D16: =+'Water '!$D9 -> 0 | E16: =+'Water '!$D10 -> 27 | F16: =+'Water '!$D11 -> 0 | G16: =+'Water '!$D12 -> 0 | H16: =+'Water '!$D13 -> 34 | I16: =+'Water '!$D14 -> 172 | J16: =+'Water '!$D15 -> 237 | K16: =+'Water '!$D16 -> 211 | L16: =+'Water '!$D17 -> 31 | M16: =+'Water '!$D18 -> 2 | N16: =+'Water '!$D19 -> 240 | O16: =+'Water '!$D20 -> 312 | P16: =+'Water '!$D21 -> 288 | Q16: =+'Water '!$D22 -> 147 | R16: =+'Water '!$D23 -> 182 | S16: =+'Water '!$D24 -> 0 | T16: =+'Water '!$D25 -> 106 | U16: =+'Water '!$D26 -> 202 | V16: =+'Water '!$D27 -> 189 | W16: =+'Water '!$D28 -> 271 | X16: =+'Water '!$D29 -> 140 | Y16: =+'Water '!$D30 -> 131 | Z16: =+'Water '!$D31 -> 77 | AA16: =+'Water '!$D32 -> 95 | AB16: =+'Water '!$D33 -> 260 | AC16: =+'Water '!$D34 -> 198 | AD16: =+'Water '!$D31 -> 77 | AE16: =+'Water '!$D32 -> 95 | AF16: =+'Water '!$D33 -> 260 | AG16: =SUM($B16:AF16) -> 4315
A17: Annanale Supply | B17: =+'Water '!$E7 -> 156 | C17: =+'Water '!$E8 -> 168 | D17: =+'Water '!$E9 -> 0 | E17: =+'Water '!$E10 -> 120 | F17: =+'Water '!$E11 -> 0 | G17: =+'Water '!$E12 -> 0 | H17: =+'Water '!$E13 -> 184 | I17: =+'Water '!$E14 -> 147 | J17: =+'Water '!$E15 -> 138 | K17: =+'Water '!$E16 -> 166 | L17: =+'Water '!$E17 -> 32 | M17: =+'Water '!$E18 -> 0 | N17: =+'Water '!$E19 -> 150 | O17: =+'Water '!$E20 -> 145 | P17: =+'Water '!$E21 -> 99 | Q17: =+'Water '!$E22 -> 175 | R17: =+'Water '!$E23 -> 180 | S17: =+'Water '!$E24 -> 32 | T17: =+'Water '!$E25 -> 69 | U17: =+'Water '!$E26 -> 108 | V17: =+'Water '!$E27 -> 125 | W17: =+'Water '!$E28 -> 171 | X17: =+'Water '!$E29 -> 145 | Y17: =+'Water '!$E30 -> 161 | Z17: =+'Water '!$E31 -> 39 | AA17: =+'Water '!$E32 -> 88 | AB17: =+'Water '!$E33 -> 102 | AC17: =+'Water '!$E34 -> 134 | AD17: =+'Water '!$E31 -> 39 | AE17: =+'Water '!$E32 -> 88 | AF17: =+'Water '!$E33 -> 102 | AG17: =SUM($B17:AF17) -> 3263
A18: Total Water Supply | B18: =SUM(B15:B17) -> 363 | C18: =SUM(C15:C17) -> 292 | D18: =SUM(D15:D17) -> 0 | E18: =SUM(E15:E17) -> 147 | F18: =SUM(F15:F17) -> 0 | G18: =SUM(G15:G17) -> 0 | H18: =SUM(H15:H17) -> 218 | I18: =SUM(I15:I17) -> 319 | ... AF18: =SUM(AF15:AF17) -> 362 | AG18: =SUM($B18:AF18) -> 7578
AG20: =SUM($B20:AF20) -> 0
A21: Theoretical permeate | B21: =0.73*(B96+B15) -> 119.72 | C21: =0.73*(C96+C15) -> 129.21 | D21: =0.73*(D96+D15) -> 0 | E21: =0.73*(E96+E15) -> 91.98 | F21: =0.73*(F96+F15) -> 0 | G21: =0.73*(G96+G15) -> 0 | H21: =0.73*(H96+H15) -> 140.89 | I21: =0.73*(I96+I15) -> 113.15 | ... AF21: =0.73*(AF96+AF15) -> 96.36 | AG21: =SUM($B21:AF21) -> 2417.76 | AH21: =AG24+AG37+AG28 -> 7848 | AJ21: =(AH21*10)/AG9 -> #REF!
E22: =0.73*(E97+E16) -> 19.71
A23: Permeate Produced | B23: ='Water '!R7 -> 0 | C23: ='Water '!R8 -> 0 | D23: ='Water '!R9 -> 0 | E23: ='Water '!R10 -> 0 | F23: ='Water '!R11 -> 0 | G23: ='Water '!R12 -> 0 | H23: ='Water '!R13 -> 0 | I23: ='Water '!R14 -> 0 | J23: ='Water '!R15 -> 0 | K23: ='Water '!R16 -> 0 | L23: ='Water '!R17 -> 0 | M23: ='Water '!R18 -> 0 | N23: ='Water '!R19 -> 0 | O23: ='Water '!R20 -> 0 | P23: ='Water '!R21 -> 0 | Q23: ='Water '!R22 -> 0 | R23: ='Water '!R23 -> 0 | S23: ='Water '!R24 -> 0 | T23: ='Water '!R25 -> 0 | U23: ='Water '!R26 -> 0 | V23: ='Water '!R27 -> 0 | W23: ='Water '!R28 -> 0 | X23: ='Water '!R29 -> 0 | Y23: ='Water '!R30 -> 0 | Z23: ='Water '!R31 -> 0 | AA23: ='Water '!R32 -> 0 | AB23: ='Water '!R33 -> 0 | AC23: ='Water '!R34 -> 0 | AD23: ='Water '!V31 -> 0 | AE23: ='Water '!V32 -> 0 | AF23: ='Water '!V33 -> 0 | AG23: =SUM($B23:AF23) -> 0
A24: Service Water Plant Supply | B24: ='Water '!H7 -> 211 | C24: ='Water '!H8 -> 166 | D24: ='Water '!H9 -> 13 | E24: ='Water '!H10 -> 58 | F24: ='Water '!H11 -> 8 | G24: ='Water '!H12 -> 6 | H24: ='Water '!H13 -> 152 | I24: ='Water '!H14 -> 263 | J24: ='Water '!H15 -> 258 | K24: ='Water '!H16 -> 204 | L24: ='Water '!H17 -> 51 | M24: ='Water '!H18 -> 9 | N24: ='Water '!H19 -> 271 | O24: ='Water '!H20 -> 253 | P24: ='Water '!H21 -> 287 | Q24: ='Water '!H22 -> 260 | R24: ='Water '!H23 -> 169 | S24: ='Water '!H24 -> 52 | T24: ='Water '!H25 -> 60 | U24: ='Water '!H26 -> 244 | V24: ='Water '!H27 -> 219 | W24: ='Water '!H28 -> 284 | X24: ='Water '!H29 -> 181 | Y24: ='Water '!H30 -> 170 | Z24: ='Water '!H31 -> 97 | AA24: ='Water '!H32 -> 51 | AB24: ='Water '!H33 -> 213 | AC24: ='Water '!H34 -> 234 | AD24: ='Water '!L31 -> 0 | AE24: ='Water '!L32 -> 0 | AF24: ='Water '!L33 -> 0 | AG24: =SUM($B24:AF24) -> 4444
A25: Water consumption | B25: =SUM(B23:B24) -> 211 | C25: =SUM(C23:C24) -> 166 | D25: =SUM(D23:D24) -> 13 | E25: =SUM(E23:E24) -> 58 | F25: =SUM(F23:F24) -> 8 | G25: =SUM(G23:G24) -> 6 | H25: =SUM(H23:H24) -> 152 | I25: =SUM(I23:I24) -> 263 | ... AF25: =SUM(AF23:AF24) -> 0 | AG25: =SUM($B25:AF25) -> 4444
B26: =IF(B$9=0,"",+(B25*10)/B$9) -> 10.069196 | C26: =IF(C$9=0,"",+(C25*10)/C$9) -> 8.7697054 | D26: =IF(D$9=0,"",+(D25*10)/D$9) | E26: =IF(E$9=0,"",+(E25*10)/E$9) | F26: =IF(F$9=0,"",+(F25*10)/F$9) | G26: =IF(G$9=0,"",+(G25*10)/G$9) | H26: =IF(H$9=0,"",+(H25*10)/H$9) -> 21.363917 | I26: =IF(I$9=0,"",+(I25*10)/I$9) -> 4.363132 | ... AF26: =IF(AF$9=0,"",+(AF25*10)/AF$9) -> 0
A27: Water Consumption detail | AG27: =SUM($B27:AF27) -> 0
A28: Brewhouse / Old Pepsi Area | B28: =+'Water '!$J7 -> 96 | C28: =+'Water '!$J8 -> 76 | D28: =+'Water '!$J9 -> 0 | E28: =+'Water '!$J10 -> 0 | F28: =+'Water '!$J11 -> 0 | G28: =+'Water '!$J12 -> 0 | H28: =+'Water '!$J13 -> 140 | I28: =+'Water '!$J14 -> 53 | J28: =+'Water '!$J15 -> 167 | K28: =+'Water '!$J16 -> 112 | L28: =+'Water '!$J17 -> 0 | M28: =+'Water '!$J18 -> 0 | N28: =+'Water '!$J19 -> 158 | O28: =+'Water '!$J20 -> 157 | P28: =+'Water '!$J21 -> 177 | Q28: =+'Water '!$J22 -> 161 | R28: =+'Water '!$J23 -> 57 | S28: =+'Water '!$J24 -> 0 | T28: =+'Water '!$J25 -> 1 | U28: =+'Water '!$J26 -> 130 | V28: =+'Water '!$J27 -> 186 | W28: =+'Water '!$J28 -> 90 | X28: =+'Water '!$J29 -> 147 | Y28: =+'Water '!$J30 -> 140 | Z28: =+'Water '!$J31 -> 123 | AA28: =+'Water '!$J32 -> 81 | AB28: =+'Water '!$J33 -> 196 | AC28: =+'Water '!$J34 -> 161 | AD28: =+'Water '!$J31 -> 123 | AE28: =+'Water '!$J32 -> 81 | AF28: =+'Water '!$J33 -> 196 | AG28: =SUM($B28:AF28) -> 3009
A29: Spent Grains/Wash-down Areas | B29: ='Water '!X7 -> 0 | C29: ='Water '!X8 -> 0 | D29: ='Water '!X9 -> 0 | E29: ='Water '!X10 -> 0 | F29: ='Water '!X11 -> 0 | G29: ='Water '!X12 -> 0 | H29: ='Water '!X13 -> 0 | I29: ='Water '!X14 -> 0 | J29: ='Water '!X15 -> 0 | K29: ='Water '!X16 -> 0 | L29: ='Water '!X17 -> 0 | M29: ='Water '!X18 -> 0 | N29: ='Water '!X19 -> 0 | O29: ='Water '!X20 -> 0 | P29: ='Water '!X21 -> 0 | Q29: ='Water '!X22 -> 0 | R29: ='Water '!X23 -> 0 | S29: ='Water '!X24 -> 0 | T29: ='Water '!X25 -> 0 | U29: ='Water '!X26 -> 0 | V29: ='Water '!X27 -> 0 | W29: ='Water '!X28 -> 0 | X29: ='Water '!X29 -> 0 | Y29: ='Water '!X30 -> 0 | Z29: ='Water '!X31 -> 0 | AA29: ='Water '!X32 -> 0 | AB29: ='Water '!X33 -> 0 | AC29: ='Water '!X34 -> 0 | AD29: ='Water '!AB31 -> 0 | AE29: ='Water '!AB32 -> 0 | AF29: ='Water '!AB33 -> 9.2712111 | AG29: =SUM($B29:AF29) -> 9.2712111
A30: Whirlpool
A31: Filtration/Cellars | B31: =+'Water '!$K7 -> 0 | C31: =+'Water '!$K8 -> 0 | D31: =+'Water '!$K9 -> 0 | E31: =+'Water '!$K10 -> 0 | F31: =+'Water '!$K11 -> 0 | G31: =+'Water '!$K12 -> 0 | H31: =+'Water '!$K13 -> 0 | I31: =+'Water '!$K14 -> 0 | J31: =+'Water '!$K15 -> 0 | K31: =+'Water '!$K16 -> 0 | L31: =+'Water '!$K17 -> 0 | M31: =+'Water '!$K18 -> 0 | N31: =+'Water '!$K19 -> 0 | O31: =+'Water '!$K19 -> 0 | P31: =+'Water '!$K19 -> 0 | Q31: =+'Water '!$K22 -> 0 | R31: =+'Water '!$K22 -> 0 | S31: =+'Water '!$K22 -> 0 | T31: =+'Water '!$K25 -> 0 | U31: =+'Water '!$K26 -> 0 | V31: =+'Water '!$K27 -> 0 | W31: =+'Water '!$K28 -> 0 | X31: =+'Water '!$K29 -> 0 | Y31: =+'Water '!$K30 -> 0 | Z31: =+'Water '!$K31 -> 0 | AA31: =+'Water '!$K32 -> 0 | AB31: =+'Water '!$K33 -> 0 | AC31: =+'Water '!$K34 -> 0 | AD31: =+'Water '!$K31 -> 0 | AE31: =+'Water '!$K32 -> 0 | AF31: =+'Water '!$K33 -> 0 | AG31: =SUM($B31:AF31) -> 0
A32: Processing/Cellars | B32: ='Water '!L7 -> 0 | C32: ='Water '!L8 -> 0 | D32: ='Water '!L9 -> 0 | E32: ='Water '!L10 -> 0 | F32: ='Water '!L11 -> 0 | G32: ='Water '!L12 -> 0 | H32: ='Water '!L13 -> 0 | I32: ='Water '!L14 -> 0 | J32: ='Water '!L15 -> 0 | K32: ='Water '!L16 -> 0 | L32: ='Water '!L17 -> 0 | M32: ='Water '!L18 -> 0 | N32: ='Water '!L19 -> 0 | O32: ='Water '!M19 -> 2 | P32: ='Water '!N19 -> 72 | Q32: ='Water '!L22 -> 0 | R32: ='Water '!M22 -> 0 | S32: ='Water '!N22 -> 20 | T32: ='Water '!L25 -> 0 | U32: ='Water '!L26 -> 0 | V32: ='Water '!L27 -> 0 | W32: ='Water '!L28 -> 0 | X32: ='Water '!L29 -> 0 | Y32: ='Water '!L30 -> 0 | Z32: ='Water '!L31 -> 0 | AA32: ='Water '!L32 -> 0 | AB32: ='Water '!L33 -> 0 | AC32: ='Water '!L34 -> 0 | AD32: ='Water '!P31 -> 3 | AE32: ='Water '!P32 -> 0 | AF32: ='Water '!P33 -> 28 | AG32: =SUM($B32:AF32) -> 125
A33: CIP Process | B33: =+'Water '!$N7 -> 68 | C33: =+'Water '!$N8 -> 23 | D33: =+'Water '!$N9 -> 0 | E33: =+'Water '!$N10 -> 0 | F33: =+'Water '!$N11 -> 0 | G33: =+'Water '!$N12 -> 0 | H33: =+'Water '!$N13 -> 42 | I33: =+'Water '!$N14 -> 48 | J33: =+'Water '!$N15 -> 31 | K33: =+'Water '!$N16 -> 30 | L33: =+'Water '!$N17 -> 0 | M33: =+'Water '!$N18 -> 0 | N33: =+'Water '!$N19 -> 72 | O33: =+'Water '!$N19 -> 72 | P33: =+'Water '!$N19 -> 72 | Q33: =+'Water '!$N22 -> 20 | R33: =+'Water '!$N22 -> 20 | S33: =+'Water '!$N22 -> 20 | T33: =+'Water '!$N25 -> 5 | U33: =+'Water '!$N26 -> 64 | V33: =+'Water '!$N27 -> 30 | W33: =+'Water '!$N28 -> 45 | X33: =+'Water '!$N29 -> 35 | Y33: =+'Water '!$N30 -> 39 | Z33: =+'Water '!$N31 -> 23 | AA33: =+'Water '!$N32 -> 12 | AB33: =+'Water '!$N33 -> 32 | AC33: =+'Water '!$N34 -> 30 | AD33: =+'Water '!$N31 -> 23 | AE33: =+'Water '!$N32 -> 12 | AF33: =+'Water '!$N33 -> 32 | AG33: =SUM($B33:AF33) -> 900 | AJ33: =34294/2.2 -> 15588.182
A34: Bottles Washer | B34: =+'Water '!$O7 -> 60 | C34: =+'Water '!$O8 -> 57 | D34: =+'Water '!$O9 -> 0 | E34: =+'Water '!$O10 -> 34 | F34: =+'Water '!$O11 -> 0 | G34: =+'Water '!$O12 -> 0 | H34: =+'Water '!$O13 -> 38 | I34: =+'Water '!$O14 -> 120 | J34: =+'Water '!$O15 -> 136 | K34: =+'Water '!$O16 -> 79 | L34: =+'Water '!$O17 -> 26 | M34: =+'Water '!$O18 -> 0 | N34: =+'Water '!$O19 -> 103 | O34: =+'Water '!$O19 -> 103 | P34: =+'Water '!$O19 -> 103 | Q34: =+'Water '!$O19 -> 103 | R34: =+'Water '!$O19 -> 103 | S34: =+'Water '!$O19 -> 103 | T34: =+'Water '!$O25 -> 33 | U34: =+'Water '!$O26 -> 70 | V34: =+'Water '!$O27 -> 109 | W34: =+'Water '!$O28 -> 126 | X34: =+'Water '!$O29 -> 84 | Y34: =+'Water '!$O30 -> 36 | Z34: =+'Water '!$O31 -> 24 | AA34: =+'Water '!$O32 -> 25 | AB34: =+'Water '!$O33 -> 108 | AC34: =+'Water '!$O34 -> 97 | AD34: =+'Water '!$O31 -> 24 | AE34: =+'Water '!$O32 -> 25 | AF34: =+'Water '!$O33 -> 108 | AG34: =SUM($B34:AF34) -> 2037
A35: Bottle Filler | B35: =IF('Entries April 2026'!AC7-'Entries April 2026'!AC6<1,0,'Entries April 2026'!AC7-'Entries April 2026'!AC6) -> 13 | C35: =IF('Entries April 2026'!AC8-'Entries April 2026'!AC7<1,0,'Entries April 2026'!AC8-'Entries April 2026'!AC7) -> 21 | D35: =IF('Entries April 2026'!AC9-'Entries April 2026'!AC8<1,0,'Entries April 2026'!AC9-'Entries April 2026'!AC8) -> 0 | E35: =IF('Entries April 2026'!AC10-'Entries April 2026'!AC9<1,0,'Entries April 2026'!AC10-'Entries April 2026'!AC9) -> 0 | F35: =IF('Entries April 2026'!AC11-'Entries April 2026'!AC10<1,0,'Entries April 2026'!AC11-'Entries April 2026'!AC10) -> 0 | G35: =IF('Entries April 2026'!AC12-'Entries April 2026'!AC11<1,0,'Entries April 2026'!AC12-'Entries April 2026'!AC11) -> 0 | H35: =IF('Entries April 2026'!AC13-'Entries April 2026'!AC12<1,0,'Entries April 2026'!AC13-'Entries April 2026'!AC12) -> 17 | I35: =IF('Entries April 2026'!AC14-'Entries April 2026'!AC13<1,0,'Entries April 2026'!AC14-'Entries April 2026'!AC13) -> 32 | J35: =IF('Entries April 2026'!AC15-'Entries April 2026'!AC14<1,0,'Entries April 2026'!AC15-'Entries April 2026'!AC14) -> 33 | K35: =IF('Entries April 2026'!AC16-'Entries April 2026'!AC15<1,0,'Entries April 2026'!AC16-'Entries April 2026'!AC15) -> 25 | L35: =IF('Entries April 2026'!AC17-'Entries April 2026'!AC16<1,0,'Entries April 2026'!AC17-'Entries April 2026'!AC16) -> 0 | M35: =IF('Entries April 2026'!AC18-'Entries April 2026'!AC17<1,0,'Entries April 2026'!AC18-'Entries April 2026'!AC17) -> 0 | N35: =IF('Entries April 2026'!AC19-'Entries April 2026'!AC18<1,0,'Entries April 2026'!AC19-'Entries April 2026'!AC18) -> 28 | O35: =IF('Entries April 2026'!AC20-'Entries April 2026'!AC19<1,0,'Entries April 2026'!AC20-'Entries April 2026'!AC19) -> 29 | P35: =IF('Entries April 2026'!AC21-'Entries April 2026'!AC20<1,0,'Entries April 2026'!AC21-'Entries April 2026'!AC20) -> 34 | Q35: =IF('Entries April 2026'!AC22-'Entries April 2026'!AC21<1,0,'Entries April 2026'!AC22-'Entries April 2026'!AC21) -> 31 | R35: =IF('Entries April 2026'!AC23-'Entries April 2026'!AC22<1,0,'Entries April 2026'!AC23-'Entries April 2026'!AC22) -> 22 | S35: =IF('Entries April 2026'!AC24-'Entries April 2026'!AC23<1,0,'Entries April 2026'!AC24-'Entries April 2026'!AC23) -> 0 | T35: =IF('Entries April 2026'!AC25-'Entries April 2026'!AC24<1,0,'Entries April 2026'!AC25-'Entries April 2026'!AC24) -> 0 | U35: =IF('Entries April 2026'!AC26-'Entries April 2026'!AC25<1,0,'Entries April 2026'!AC26-'Entries April 2026'!AC25) -> 26 | V35: =IF('Entries April 2026'!AC27-'Entries April 2026'!AC26<1,0,'Entries April 2026'!AC27-'Entries April 2026'!AC26) -> 32 | W35: =IF('Entries April 2026'!$AC28-'Entries April 2026'!$AC27<1,0,'Entries April 2026'!$AC28-'Entries April 2026'!$AC27) -> 33 | X35: =IF('Entries April 2026'!$AC29-'Entries April 2026'!$AC28<1,0,'Entries April 2026'!$AC29-'Entries April 2026'!$AC28) -> 28 | Y35: =IF('Entries April 2026'!$AC30-'Entries April 2026'!$AC29<1,0,'Entries April 2026'!$AC30-'Entries April 2026'!$AC29) -> 16 | Z35: =IF('Entries April 2026'!$AC31-'Entries April 2026'!$AC30<1,0,'Entries April 2026'!$AC31-'Entries April 2026'!$AC30) -> 3 | AA35: =IF('Entries April 2026'!$AC32-'Entries April 2026'!$AC31<1,0,'Entries April 2026'!$AC32-'Entries April 2026'!$AC31) -> 0 | AB35: =IF('Entries April 2026'!$AC33-'Entries April 2026'!$AC32<1,0,'Entries April 2026'!$AC33-'Entries April 2026'!$AC32) -> 28 | AC35: =IF('Entries April 2026'!$AC34-'Entries April 2026'!$AC33<1,0,'Entries April 2026'!$AC34-'Entries April 2026'!$AC33) -> 25 | AD35: =IF('Entries April 2026'!$AC31-'Entries April 2026'!$AC30<1,0,'Entries April 2026'!$AC31-'Entries April 2026'!$AC30) -> 3 | AE35: =IF('Entries April 2026'!$AC32-'Entries April 2026'!$AC31<1,0,'Entries April 2026'!$AC32-'Entries April 2026'!$AC31) -> 0 | AF35: =IF('Entries April 2026'!$AC33-'Entries April 2026'!$AC32<1,0,'Entries April 2026'!$AC33-'Entries April 2026'!$AC32) -> 28 | AG35: =SUM($B35:AF35) -> 507
A36: Pasteuriser | B36: =+'Water '!$M7 -> 2 | C36: =+'Water '!$M8 -> 2 | D36: =+'Water '!$M9 -> 0 | E36: =+'Water '!$M10 -> 0 | F36: =+'Water '!$M11 -> 0 | G36: =+'Water '!$M12 -> 0 | H36: =+'Water '!$M13 -> 3 | I36: =+'Water '!$M14 -> 1 | J36: =+'Water '!$M15 -> 1 | K36: =+'Water '!$M16 -> 0 | L36: =+'Water '!$M17 -> 0 | M36: =+'Water '!$M18 -> 0 | N36: =+'Water '!$M19 -> 2 | O36: =+'Water '!$M20 -> 0 | P36: =+'Water '!$M21 -> 0 | Q36: =+'Water '!$M22 -> 0 | R36: =+'Water '!$M23 -> 0 | S36: =+'Water '!$M24 -> 0 | T36: =+'Water '!$M25 -> 0 | U36: =+'Water '!$M26 -> 6 | V36: =+'Water '!$M27 -> 0 | W36: =+'Water '!$M28 -> 0 | X36: =+'Water '!$M29 -> 4 | Y36: =+'Water '!$M30 -> 0 | Z36: =+'Water '!$M31 -> 0 | AA36: =+'Water '!$M32 -> 0 | AB36: =+'Water '!$M33 -> 4 | AC36: =+'Water '!$M34 -> 1 | AD36: =+'Water '!$M31 -> 0 | AE36: =+'Water '!$M32 -> 0 | AF36: =+'Water '!$M33 -> 4 | AG36: =SUM($B36:AF36) -> 30
A37: Boiler Supply | B37: =+'Water '!$Q7 -> 13 | C37: =+'Water '!$Q8 -> 4 | D37: =+'Water '!$Q9 -> 17 | E37: =+'Water '!$Q10 -> 2 | F37: =+'Water '!$Q11 -> 0 | G37: =+'Water '!$Q12 -> 4 | H37: =+'Water '!$Q13 -> 15 | I37: =+'Water '!$Q14 -> 15 | J37: =+'Water '!$Q15 -> 17 | K37: =+'Water '!$Q16 -> 16 | L37: =+'Water '!$Q17 -> 1 | M37: =+'Water '!$Q18 -> 2 | N37: =+'Water '!$Q19 -> 19 | O37: =+'Water '!$Q19 -> 19 | P37: =+'Water '!$Q21 -> 23 | Q37: =+'Water '!$Q22 -> 12 | R37: =+'Water '!$Q22 -> 12 | S37: =+'Water '!$Q24 -> 0 | T37: =+'Water '!$Q25 -> 12 | U37: =+'Water '!$Q26 -> 16 | V37: =+'Water '!$Q27 -> 26 | W37: =+'Water '!$Q28 -> 27 | X37: =+'Water '!$Q29 -> 27 | Y37: =+'Water '!$Q30 -> 25 | Z37: =+'Water '!$Q31 -> 6 | AA37: =+'Water '!$Q32 -> 5 | AB37: =+'Water '!$Q33 -> 18 | AC37: =+'Water '!$Q34 -> 13 | AD37: =+'Water '!$Q31 -> 6 | AE37: =+'Water '!$Q32 -> 5 | AF37: =+'Water '!$Q33 -> 18 | AG37: =SUM($B37:AF37) -> 395
A38: Backwash Supply | AG38: =SUM($B38:AF38) -> 0
A39: Refrigeration Unit | B39: ='Water '!Y7 -> 0 | C39: ='Water '!Y8 -> 0 | D39: ='Water '!Y9 -> 0 | E39: ='Water '!Y10 -> 0 | F39: ='Water '!Y11 -> 0 | G39: ='Water '!Y12 -> 0 | H39: ='Water '!Y13 -> 0 | I39: ='Water '!Y14 -> 0 | J39: ='Water '!Y15 -> 0 | K39: ='Water '!Y16 -> 0 | L39: ='Water '!Y17 -> 0 | M39: ='Water '!Y18 -> 0 | N39: ='Water '!Y19 -> 0 | O39: ='Water '!Y20 -> 0 | P39: ='Water '!Y21 -> 0 | Q39: ='Water '!Y22 -> 0 | R39: ='Water '!Y23 -> 0 | S39: ='Water '!Y24 -> 0 | T39: ='Water '!Y25 -> 0 | U39: ='Water '!Y26 -> 0 | V39: ='Water '!Y27 -> 0 | W39: ='Water '!Y28 -> 0 | X39: ='Water '!Y29 -> 0 | Y39: ='Water '!Y30 -> 0 | Z39: ='Water '!Y31 -> 0 | AA39: ='Water '!Y32 -> 0 | AB39: ='Water '!Y33 -> 0 | AC39: ='Water '!Y34 -> 0 | AD39: ='Water '!AC31 -> 0 | AE39: ='Water '!AC32 -> 0 | AF39: ='Water '!AC33 -> 0 | AG39: =SUM($B39:AF39) -> 0
A40: CO2 Scrubber | B40: ='Water '!I7 -> 0 | C40: ='Water '!I8 -> 0 | D40: ='Water '!I9 -> 0 | E40: ='Water '!I10 -> 0 | F40: ='Water '!I11 -> 0 | G40: ='Water '!I12 -> 0 | H40: ='Water '!I13 -> 0 | I40: ='Water '!I14 -> 0 | J40: ='Water '!I15 -> 0 | K40: ='Water '!I16 -> 0 | L40: ='Water '!J16 -> 112 | M40: ='Water '!K16 -> 0 | N40: ='Water '!I19 -> 0 | O40: ='Water '!I20 -> 0 | P40: ='Water '!I21 -> 0 | Q40: ='Water '!I22 -> 0 | R40: ='Water '!I23 -> 0 | S40: ='Water '!I24 -> 0 | T40: ='Water '!I25 -> 0 | U40: ='Water '!I26 -> 0 | V40: ='Water '!I27 -> 0 | W40: ='Water '!I28 -> 0 | X40: ='Water '!I29 -> 0 | Y40: ='Water '!I30 -> 0 | Z40: ='Water '!I31 -> 0 | AA40: ='Water '!I32 -> 0 | AB40: ='Water '!I33 -> 0 | AC40: ='Water '!I34 -> 0 | AD40: ='Water '!M31 -> 0 | AE40: ='Water '!M32 -> 0 | AF40: ='Water '!M33 -> 4 | AG40: =SUM($B40:AF40) -> 116
A41: Personnel Consumption
