Workbook
Name ProductList: [1]November15!$R$3:$R$9
Name ProductList: [2]November15!$R$3:$R$9

Sheet Dec 18th
T1: P.G. | V1: Hot Time | X1: Process Time | Z1: Cooling Time
B2: Brewing Department Daily Process Loss Report | T2: Lower | U2: Upper | V2: Lower | W2: Upper | X2: Lower | Y2: Upper | Z2: Lower | AA2: Upper
S3: CARIB | T3: 11.6 | U3: 12 | V3: 0 | W3: 0.11805556 | X3: 0.17361111 | Y3: 0.21180556 | Z3: 0 | AA3: 60 | AC3: HR- PISNER
B4: Date: | C4: 45278 | J4: LOT WORT COLOUR: 3.4 | M4: Filter Sheets (Target 20 days) | S4: STAG | T4: 11.6 | U4: 12 | V4: 0 | W4: 0.11805556 | X4: 0.17361111 | Y4: 0.21180556 | Z4: 0 | AA4: 60
M5: Double | N5: Single | S5: GUINNESS | T5: 17 | U5: 17.5 | V5: 0 | W5: 0.10763889 | X5: 0.19444444 | Y5: 0.23263889 | Z5: 0 | AA5: 60
J6: MALT LOT: Lot 8 | L6: Sheet Day | S6: MACKESON | T6: 13.3 | U6: 13.5 | V6: 0 | W6: 0.12905093 | X6: 0.22222222 | Y6: 0.25347222 | Z6: 0
S7: STARMALT | T7: 17.1 | U7: 17.5 | V7: 0 | W7: 0.13605324 | X7: 0.20833333 | Y7: 0.24305556 | Z7: 0 | AA7: 60
B8: Brand | C8: Brew no. | D8: Kett. Hls | E8: Wort | F8: Cool Time(Mins) | G8: Cast. P.G. (Lab Result) | H8: Cast P.G. (Cellar Operator)-gravity | I8: Extr. Rec (79.1%) | J8: Theor. Extr. (77.5%) | K8: Boil Off /Vol. (4-6%) | L8: Boil Time | M8: Total Hot | N8: Brewing | P8: Comments | Q8: Actual Pilsen Malt | S8: Hurricane Reef | T8: 16.6 | U8: 17 | V8: 0 | W8: 0.12905093 | X8: 0.22222222 | Y8: 0.25347222 | Z8: 0
E9: Meter (Hls) | F9: Target(< 60Mins) | M9: Time | S9: VITAMALT | T9: 14.4 | U9: 14.6 | V9: 0 | W9: 0.13905093 | X9: 0.19097222 | Y9: 0.22569444 | Z9: 0 | AA9: 75
S10: =B10 -> 0 | T10: =VLOOKUP($B10,$S$3:$Y$9,2,FALSE) -> #N/A | U10: =VLOOKUP($B10,$S$3:$Y$9,3,FALSE) -> #N/A | V10: =VLOOKUP($B10,$S$3:$Y$9,4,FALSE) -> #N/A | W10: =VLOOKUP($B10,$S$3:$Y$9,5,FALSE) -> #N/A | X10: =VLOOKUP($B10,$S$3:$Y$9,6,FALSE) -> #N/A | Y10: =VLOOKUP($B10,$S$3:$Y$9,7,FALSE) -> #N/A | Z10: =VLOOKUP($B10,$S$3:$AA$9,8,FALSE) -> #N/A | AA10: =VLOOKUP($B10,$S$3:$AA$9,9,FALSE) -> #N/A
S11: =B11 -> 0 | T11: =VLOOKUP($B11,$S$3:$Y$9,2,FALSE) -> #N/A | U11: =VLOOKUP($B11,$S$3:$Y$9,3,FALSE) -> #N/A | V11: =VLOOKUP($B11,$S$3:$Y$9,4,FALSE) -> #N/A | W11: =VLOOKUP($B11,$S$3:$Y$9,5,FALSE) -> #N/A | X11: =VLOOKUP($B11,$S$3:$Y$9,6,FALSE) -> #N/A | Y11: =VLOOKUP($B11,$S$3:$Y$9,7,FALSE) -> #N/A | Z11: =VLOOKUP($B11,$S$3:$AA$9,8,FALSE) -> #N/A | AA11: =VLOOKUP($B11,$S$3:$AA$9,9,FALSE) -> #N/A
S12: =B12 -> 0 | T12: =VLOOKUP($B12,$S$3:$Y$9,2,FALSE) -> #N/A | U12: =VLOOKUP($B12,$S$3:$Y$9,3,FALSE) -> #N/A | V12: =VLOOKUP($B12,$S$3:$Y$9,4,FALSE) -> #N/A | W12: =VLOOKUP($B12,$S$3:$Y$9,5,FALSE) -> #N/A | X12: =VLOOKUP($B12,$S$3:$Y$9,6,FALSE) -> #N/A | Y12: =VLOOKUP($B12,$S$3:$Y$9,7,FALSE) -> #N/A | Z12: =VLOOKUP($B12,$S$3:$AA$9,8,FALSE) -> #N/A | AA12: =VLOOKUP($B12,$S$3:$AA$9,9,FALSE) -> #N/A
S13: =B13 -> 0 | T13: =VLOOKUP($B13,$S$3:$Y$9,2,FALSE) -> #N/A | U13: =VLOOKUP($B13,$S$3:$Y$9,3,FALSE) -> #N/A | V13: =VLOOKUP($B13,$S$3:$Y$9,4,FALSE) -> #N/A | W13: =VLOOKUP($B13,$S$3:$Y$9,5,FALSE) -> #N/A | X13: =VLOOKUP($B13,$S$3:$Y$9,6,FALSE) -> #N/A | Y13: =VLOOKUP($B13,$S$3:$Y$9,7,FALSE) -> #N/A | Z13: =VLOOKUP($B13,$S$3:$AA$9,8,FALSE) -> #N/A | AA13: =VLOOKUP($B13,$S$3:$AA$9,9,FALSE) -> #N/A
S14: =B14 -> 0 | T14: =VLOOKUP($B14,$S$3:$Y$9,2,FALSE) -> #N/A | U14: =VLOOKUP($B14,$S$3:$Y$9,3,FALSE) -> #N/A | V14: =VLOOKUP($B14,$S$3:$Y$9,4,FALSE) -> #N/A | W14: =VLOOKUP($B14,$S$3:$Y$9,5,FALSE) -> #N/A | X14: =VLOOKUP($B14,$S$3:$Y$9,6,FALSE) -> #N/A | Y14: =VLOOKUP($B14,$S$3:$Y$9,7,FALSE) -> #N/A | Z14: =VLOOKUP($B14,$S$3:$AA$9,8,FALSE) -> #N/A | AA14: =VLOOKUP($B14,$S$3:$AA$9,9,FALSE) -> #N/A
S15: =B15 -> 0 | T15: =VLOOKUP($B15,$S$3:$Y$9,2,FALSE) -> #N/A | U15: =VLOOKUP($B15,$S$3:$Y$9,3,FALSE) -> #N/A | V15: =VLOOKUP($B15,$S$3:$Y$9,4,FALSE) -> #N/A | W15: =VLOOKUP($B15,$S$3:$Y$9,5,FALSE) -> #N/A | X15: =VLOOKUP($B15,$S$3:$Y$9,6,FALSE) -> #N/A | Y15: =VLOOKUP($B15,$S$3:$Y$9,7,FALSE) -> #N/A | Z15: =VLOOKUP($B15,$S$3:$AA$9,8,FALSE) -> #N/A | AA15: =VLOOKUP($B15,$S$3:$AA$9,9,FALSE) -> #N/A
S16: =B16 -> 0 | T16: =VLOOKUP($B16,$S$3:$Y$9,2,FALSE) -> #N/A | U16: =VLOOKUP($B16,$S$3:$Y$9,3,FALSE) -> #N/A | V16: =VLOOKUP($B16,$S$3:$Y$9,4,FALSE) -> #N/A | W16: =VLOOKUP($B16,$S$3:$Y$9,5,FALSE) -> #N/A | X16: =VLOOKUP($B16,$S$3:$Y$9,6,FALSE) -> #N/A | Y16: =VLOOKUP($B16,$S$3:$Y$9,7,FALSE) -> #N/A | Z16: =VLOOKUP($B16,$S$3:$AA$9,8,FALSE) -> #N/A | AA16: =VLOOKUP($B16,$S$3:$AA$9,9,FALSE) -> #N/A
S17: =B17 -> 0 | T17: =VLOOKUP($B17,$S$3:$Y$9,2,FALSE) -> #N/A | U17: =VLOOKUP($B17,$S$3:$Y$9,3,FALSE) -> #N/A | V17: =VLOOKUP($B17,$S$3:$Y$9,4,FALSE) -> #N/A | W17: =VLOOKUP($B17,$S$3:$Y$9,5,FALSE) -> #N/A | X17: =VLOOKUP($B17,$S$3:$Y$9,6,FALSE) -> #N/A | Y17: =VLOOKUP($B17,$S$3:$Y$9,7,FALSE) -> #N/A | Z17: =VLOOKUP($B17,$S$3:$AA$9,8,FALSE) -> #N/A | AA17: =VLOOKUP($B17,$S$3:$AA$9,9,FALSE) -> #N/A
S18: =B18 -> 0 | T18: =VLOOKUP($B18,$S$3:$Y$9,2,FALSE) -> #N/A | U18: =VLOOKUP($B18,$S$3:$Y$9,3,FALSE) -> #N/A | V18: =VLOOKUP($B18,$S$3:$Y$9,4,FALSE) -> #N/A | W18: =VLOOKUP($B18,$S$3:$Y$9,5,FALSE) -> #N/A | X18: =VLOOKUP($B18,$S$3:$Y$9,6,FALSE) -> #N/A | Y18: =VLOOKUP($B18,$S$3:$Y$9,7,FALSE) -> #N/A | Z18: =VLOOKUP($B18,$S$3:$AA$9,8,FALSE) -> #N/A | AA18: =VLOOKUP($B18,$S$3:$AA$9,9,FALSE) -> #N/A
S19: =B19 -> 0 | T19: =VLOOKUP($B19,$S$3:$Y$9,2,FALSE) -> #N/A | U19: =VLOOKUP($B19,$S$3:$Y$9,3,FALSE) -> #N/A | V19: =VLOOKUP($B19,$S$3:$Y$9,4,FALSE) -> #N/A | W19: =VLOOKUP($B19,$S$3:$Y$9,5,FALSE) -> #N/A | X19: =VLOOKUP($B19,$S$3:$Y$9,6,FALSE) -> #N/A | Y19: =VLOOKUP($B19,$S$3:$Y$9,7,FALSE) -> #N/A | Z19: =VLOOKUP($B19,$S$3:$AA$9,8,FALSE) -> #N/A | AA19: =VLOOKUP($B19,$S$3:$AA$9,9,FALSE) -> #N/A
S20: =B20 -> 0 | T20: =VLOOKUP($B20,$S$3:$Y$9,2,FALSE) -> #N/A | U20: =VLOOKUP($B20,$S$3:$Y$9,3,FALSE) -> #N/A | V20: =VLOOKUP($B20,$S$3:$Y$9,4,FALSE) -> #N/A | W20: =VLOOKUP($B20,$S$3:$Y$9,5,FALSE) -> #N/A | X20: =VLOOKUP($B20,$S$3:$Y$9,6,FALSE) -> #N/A | Y20: =VLOOKUP($B20,$S$3:$Y$9,7,FALSE) -> #N/A | Z20: =VLOOKUP($B20,$S$3:$AA$9,8,FALSE) -> #N/A | AA20: =VLOOKUP($B20,$S$3:$AA$9,9,FALSE) -> #N/A
S21: =B21 -> 0 | T21: =VLOOKUP($B21,$S$3:$Y$9,2,FALSE) -> #N/A | U21: =VLOOKUP($B21,$S$3:$Y$9,3,FALSE) -> #N/A | V21: =VLOOKUP($B21,$S$3:$Y$9,4,FALSE) -> #N/A | W21: =VLOOKUP($B21,$S$3:$Y$9,5,FALSE) -> #N/A | X21: =VLOOKUP($B21,$S$3:$Y$9,6,FALSE) -> #N/A | Y21: =VLOOKUP($B21,$S$3:$Y$9,7,FALSE) -> #N/A | Z21: =VLOOKUP($B21,$S$3:$AA$9,8,FALSE) -> #N/A | AA21: =VLOOKUP($B21,$S$3:$AA$9,9,FALSE) -> #N/A
... S47: =B47 -> 0 | T47: =VLOOKUP($B47,$S$3:$Y$9,2,FALSE) -> #N/A | U47: =VLOOKUP($B47,$S$3:$Y$9,3,FALSE) -> #N/A | V47: =VLOOKUP($B47,$S$3:$Y$9,4,FALSE) -> #N/A | W47: =VLOOKUP($B47,$S$3:$Y$9,5,FALSE) -> #N/A | X47: =VLOOKUP($B47,$S$3:$Y$9,6,FALSE) -> #N/A | Y47: =VLOOKUP($B47,$S$3:$Y$9,7,FALSE) -> #N/A | Z47: =VLOOKUP($B47,$S$3:$AA$9,8,FALSE) -> #N/A | AA47: =VLOOKUP($B47,$S$3:$AA$9,9,FALSE) -> #N/A
I48: EXTRACT RECOVERY
B49: BRAND | D49: BBT P.G./ O.G | I49: Brand | J49: Actual | K49: MTD No. of Brews | L49: MTD | M49: YTD | N49: Target
B50: STAG | C50: 11.8 | D50: 11.73 | I50: CARIB | K50: =COUNTA([16]Brewhouse!$A$1596:$A$1619) -> 24 | L50: =AVERAGE([16]Brewhouse!$AU$1529,[16]Brewhouse!$AU$1531:$AU$1594,[16]Brewhouse!$AU$1596:$AU$1619) -> 98.205761 | M50: =AVERAGE([16]Brewhouse!$AU$849:$AU$924,[16]Brewhouse!$AU$926:$AU$971,[16]Brewhouse!$AU$973:$AU$1066,[16]Brewhouse!$AU$1068:$AU$1111,[16]Brewhouse!$AU$1113:$AU$1132,[16]Brewhouse!$AU$1134:$AU$1167,[16]Brewhouse!$AU$1169:$AU$1230,[16]Brewhouse!$AU$1232:$AU$1299,[16]Brewhouse!$AU$1301:$AU$1363,[16]Brewhouse!$AU$1365:$AU$1444,[16]Brewhouse!$AU$1446:$AU$1527,[16]Brewhouse!$AU$1529,[16]Brewhouse!$AU$1531:$AU$1594,[16]Brewhouse!$AU$1596:$AU$1619) -> 98.381806 | N50: 98
C51: 11.9 | I51: STAG | K51: =COUNTA([17]Brewhouse!$A$976:$A$1007) -> 32 | L51: =AVERAGE([17]Brewhouse!$AS$976:$AS$979,[17]Brewhouse!$AS$981:$AS$1007) -> 98.538567 | M51: =AVERAGE([17]Brewhouse!$AS$577:$AS$618,[17]Brewhouse!$AS$620:$AS$651,[17]Brewhouse!$AS$653:$AS$696,[17]Brewhouse!$AS$698:$AS$708,[17]Brewhouse!$AS$710:$AS$733,[17]Brewhouse!$AS$735:$AS$777,[17]Brewhouse!$AS$779:$AS$822,[17]Brewhouse!$AS$824:$AS$863,[17]Brewhouse!$AS$865:$AS$974,[17]Brewhouse!$AS$976:$AS$979,[17]Brewhouse!$AS$981:$AS$1007) -> 98.489671 | N51: 98
I52: GUINNESS | K52: =COUNTA([18]Brewhouse!$A$282:$A$289) -> 8 | L52: =AVERAGE([18]Brewhouse!$AU$269:$AU$279,[18]Brewhouse!$AU$282:$AU$289) -> 96.186177 | M52: =AVERAGE([18]Brewhouse!$AU$161:$AU$176,[18]Brewhouse!$AU$178:$AU$195,[18]Brewhouse!$AU$197:$AU$208,[18]Brewhouse!$AU$210:$AU$221,[18]Brewhouse!$AU$223:$AU$232,[18]Brewhouse!$AU$234:$AU$279,[18]Brewhouse!$AU$282:$AU$289) -> 96.64916 | N52: 98
I53: VITAMALT | K53: =COUNTA([19]Brewhouse!$A$158:$A$163) -> 6 | L53: =AVERAGE([19]Brewhouse!$AU$158:$AU$163) -> 94.60305 | M53: =AVERAGE([19]Brewhouse!$AU$91:$AU$101,[19]Brewhouse!$AU$103:$AU$112,[19]Brewhouse!$AU$114:$AU$123,[19]Brewhouse!$AU$125:$AU$134,[19]Brewhouse!$AU$136:$AU$145,[19]Brewhouse!$AU$147:$AU$156,[19]Brewhouse!$AU$158:$AU$163) -> 96.240014 | N53: 98
I54: MAXIMALT | N54: 98
I55: MACKESON | M55: =AVERAGE([20]Brewhouse!$AT$74:$AT$79) -> 93.959836 | N55: 98
I56: STARMALT | K56: =COUNTA([21]Brewhouse!$A$249:$A$254) -> 6 | L56: =AVERAGE([21]Brewhouse!$AY$249:$AY$254) -> 99.681996 | M56: =AVERAGE([21]Brewhouse!$AY$138:$AY$143,[21]Brewhouse!$AY$145:$AY$153,[21]Brewhouse!$AY$155,[21]Brewhouse!$AY$156:$AY$174,[21]Brewhouse!$AY$176:$AY$185,[21]Brewhouse!$AY$187:$AY$198,[21]Brewhouse!$AY$200:$AY$247,[21]Brewhouse!$AY$249:$AY$254) -> 98.774703 | N56: 98
I57: HR- P | M57: =AVERAGE([22]Brewhouse!$AW$13:$AW$14,[22]Brewhouse!$AW$16:$AW$17) -> 92.042628 | N57: 98
I58: Hurricane Reef | M58: =AVERAGE([22]Brewhouse!$AW$13:$AW$14) -> 88.376943 | N58: 98
K59: =SUM(K50:K58) -> 76 | L59: =((L50*K50)+(L51*K51)+(L52*K52)+(L53*K53)+(L54*K54)+(K57*L57)+(L55*K55)+(L56*K56)+(L58*K58))/(K59) -> 97.965422 | M59: =AVERAGE('[23]Closing- January 2023'!$L$42,'[24]Feb. 28th'!$L$42,'[25]March 31st'!$L$75,'[26]Apri 28th'!$L$51,L59) -> 98.06926 | N59: 98
J62: Daily Brewing Plan
J63: Brand | K63: Brews Achieved | L63: Average Brews per day
J64: CARIB | L64: MTD | M64: YTD | N64: TARGET
J65: STAG | K65: 5 | L65: =AVERAGE(#REF!,#REF!,K74,#REF!,#REF!,#REF!,#REF!,#REF!,#REF!,#REF!,#REF!) -> #REF! | M65: =AVERAGE(6,6,'[25]March 31st'!$L$80,'[27]June 30th '!$L$71,6,L65,'[28]July 31st'!$L$108,'[29]Aug 30th'!$L$124,7,[30]Oct.31st!$L$51) -> #REF! | N65: 9
J66: GUINN
J67: VITAMALT
J68: STARMALT
J69: MACKESON
J70: HURRICANE REEF- IPA
J71: HURRICANE REEF- APA
B72: AVERAGE | D72: =AVERAGE(D50:E71) -> 11.73 | J72: HR- PILSNER
J73: CARIBE
J74: Total | K74: =SUM(K64:K73) -> 5
B75: Process: | C75: Fermentation/Filtration
B77: Brand | C77: Filt. Date | D77: FV Hls | E77: GFE/ Prim/ Vita Blend (Hls) | F77: SV Hls | G77: BBT Hls | H77: Loss (%) Ferm | I77: Loss (%) Filt | J77: Comments | K77: Throughput | L77: Process Loss (%) | M77: Filt. Operator
U78: 43466 | V78: 43467 | W78: 43468 | X78: 43469 | Y78: 43470 | Z78: 43471 | AA78: 43472 | AB78: 43473 | AC78: 43474 | AD78: 43475 | AE78: 43476 | AF78: 43477 | AG78: 43478 | AH78: 43479 | AI78: 43480 | AJ78: 43481 | AK78: 43482 | AL78: 43483 | AM78: 43484 | AN78: 43485 | AO78: 43486 | AP78: 43487 | AQ78: 43488 | AR78: 43489 | AS78: 43490 | AT78: 43491 | AU78: 43492 | AV78: 43493 | AW78: 43494 | AX78: 43495 | AY78: 43496
B79: STAG | C79: 45278 | D79: =[31]December_2023!$U$13 -> 150.4 | G79: =[31]December_2023!$U$17 -> 120.8 | J79: NO BREAK | K79: =[32]December_2023!$U$25 -> 0.42385965 | L79: =(((D79+E79)-G79)/(D79+E79))*100 -> 19.680851 | M79: K.Hosten | T79: hls
T80: Throughput | U80: =[14]January_2019!D8 -> #DIV/0! | V80: =[14]January_2019!E8 -> 1.0319298 | W80: =[14]January_2019!F8 -> 1.7789474 | X80: =[14]January_2019!G8 -> 0.51929825 | Y80: =[14]January_2019!H8 -> #DIV/0! | Z80: =[14]January_2019!I8 -> #DIV/0! | AA80: =[14]January_2019!J8 -> 1.3652632 | AB80: =[14]January_2019!K8 -> #DIV/0! | ... AY80: =[14]January_2019!AH8 -> #DIV/0!
B87: Process Loss (Volume) | G87: Process Loss (Extract) | K87: Throughput
B88: Brand | C88: Actual | D88: MTD | E88: YTD | F88: Target | G88: Actual | H88: MTD | I88: YTD | J88: Target | K88: Actual | L88: MTD | M88: YTD | N88: Target
B89: CARIB | D89: 5.181332 | E89: 6.6038503 | F89: 4.8 | H89: 5.2502762 | I89: 6.9665258 | J89: 4.8 | L89: 0.70807018 | M89: 0.77999467 | N89: 1
B90: STAG | C90: =AVERAGE(L79,L81) -> 19.680851 | D90: 6.5498915 | E90: 6.1662321 | F90: 4.8 | G90: =[31]December_2023!$U$21 -> 19.680851 | H90: 6.3458282 | I90: 5.9138834 | J90: 4.8 | K90: =AVERAGE(K79,K81) -> 0.42385965 | L90: 0.66137427 | M90: 0.71942944 | N90: 1
B91: GUINN | D91: 8.4423676 | E91: 8.9890455 | F91: 5.5 | H91: 5.9624998 | I91: 8.6652309 | J91: 5.5 | L91: 0.51561404 | M91: 0.65035608 | N91: 1
B92: VITAMALT | D92: 3.597848 | E92: 2.9936807 | F92: 3.3 | H92: 6.098202 | I92: 3.3134543 | J92: 3.3 | L92: 0.50298246 | M92: 1.0625518 | N92: 1
B93: MAXIMALT | F93: 3.3 | J93: 3 | N93: 1
B94: MACKESON | E94: 6.4174306 | F94: =[15]May_2022!$M$43 -> 3.4878407 | I94: 7.0730655 | J94: 5.5 | M94: 1.0342105 | N94: 1
B95: STARMALT | D95: 2.7692803 | E95: 3.0589058 | F95: 3.3 | H95: 4.2179953 | I95: 4.9470953 | J95: 3.3 | L95: 1.0594737 | M95: 1.0223839 | N95: 1
B96: HURRICANE REEF | E96: 11.178248 | F96: 7.5 | I96: 14.59851 | J96: 7.5 | M96: 0.30947368 | N96: 1
D97: 5.3927001 | E97: 6.2517133 | F97: 4.5 | H97: 5.4965257 | I97: 6.527958 | J97: 4.5 | L97: 0.69682018 | M97: 0.78265038 | N97: 1
AD110: :

Sheet Apr 1st
S1: P.G. | U1: Hot Time | W1: Process Time | Y1: Cooling Time
B2: Brewing Department Daily Process Loss Report | S2: Lower | T2: Upper | U2: Lower | V2: Upper | W2: Lower | X2: Upper | Y2: Lower | Z2: Upper
R3: CARIB | S3: 11.6 | T3: 12 | U3: 0 | V3: 0.11805556 | W3: 0.22569444 | X3: 0.26388889 | Y3: 0 | Z3: 60 | AB3: HR- PISNER
B4: Date: | C4: 46114 | J4: LOT WORT COLOUR: | M4: Filter Sheets (Target 20 days) | R4: STAG | S4: 11.6 | T4: 12 | U4: 0 | V4: 0.11805556 | W4: 0.22569444 | X4: 0.26388889 | Y4: 0 | Z4: 60
M5: Double | N5: Single | R5: GUINNESS | S5: 17 | T5: 17.5 | U5: 0 | V5: 0.10763889 | W5: 0.24652778 | X5: 0.28472222 | Y5: 0 | Z5: 60
J6: MALT LOT: Lot #13 | L6: Sheet Day | R6: MACKESON | S6: 13.3 | T6: 13.5 | U6: 0 | V6: 0.12905093 | W6: 0.27430556 | X6: 0.30208333 | Y6: 0
R7: STARMALT | S7: 17 | T7: 17.4 | U7: 0 | V7: 0.13605324 | W7: 0.27430556 | X7: 0.30902778 | Y7: 0 | Z7: 85
B8: Brand | C8: Brew no. | D8: Kett. Hls | E8: Wort | F8: Cool Time(Mins) | G8: Cast. P.G. (Lab Result) | H8: Cast P.G. (Cellar Operator)-gravity | I8: Extr. Rec (77.9%) | J8: Theor. Extr. (77.5%) | K8: Boil Off /Vol. (4-6%) | L8: Boil Time | M8: Total Hot | N8: Brewing Time | O8: Operator | R8: Hurricane Reef | S8: 16.6 | T8: 17 | U8: 0 | V8: 0.12905093 | W8: 0.27430556 | X8: 0.30208333 | Y8: 0
E9: Meter (Hls) | F9: Target(< 60Mins) | M9: Time | R9: VITAMALT | S9: 14.2 | T9: 14.6 | U9: 0 | V9: 0.13905093 | W9: 0.26041667 | X9: 0.29513889 | Y9: 0 | Z9: 75
B10: CARIB | C10: =[4]Brewhouse!$A292 -> CA248 | D10: =[4]Brewhouse!$AF292 -> 50.6 | E10: =[4]Brewhouse!$AI292 -> 50.6 | F10: =[4]Brewhouse!$V292 -> 52 | G10: =[4]Brewhouse!AG292 -> 11.7 | I10: =[4]Brewhouse!$AU292 -> 97.7042 | J10: =[4]Brewhouse!$AV292 -> 98.622968 | K10: =[4]Brewhouse!$Q292 -> 11.333333 | L10: =[4]Brewhouse!$P292 -> 64 | M10: =[4]Brewhouse!$U292-[4]Brewhouse!$T292 -> 0.10902778 | N10: =[4]Brewhouse!$Z292 -> 0.27222222 | O10: =[4]Brewhouse!$AX292 -> K. Benjamin | R10: =B10 -> CARIB | S10: =VLOOKUP($B10,$R$3:$X$9,2,FALSE) -> 11.6 | T10: =VLOOKUP($B10,$R$3:$X$9,3,FALSE) -> 12 | U10: =VLOOKUP($B10,$R$3:$X$9,4,FALSE) -> 0 | V10: =VLOOKUP($B10,$R$3:$X$9,5,FALSE) -> 0.11805556 | W10: =VLOOKUP($B10,$R$3:$X$9,6,FALSE) -> 0.22569444 | X10: =VLOOKUP($B10,$R$3:$X$9,7,FALSE) -> 0.26388889 | Y10: =VLOOKUP($B10,$R$3:$Z$9,8,FALSE) -> 0 | Z10: =VLOOKUP($B10,$R$3:$Z$9,9,FALSE) -> 60
B11: CARIB | C11: =[4]Brewhouse!$A293 -> CA249 | D11: =[4]Brewhouse!$AF293 -> 51.7 | E11: =[4]Brewhouse!$AI293 -> 51.8 | F11: =[4]Brewhouse!$V293 -> 68 | G11: =[4]Brewhouse!AG293 -> 11.5 | I11: =[4]Brewhouse!$AU293 -> 97.979907 | J11: =[4]Brewhouse!$AV293 -> 98.901388 | K11: =[4]Brewhouse!$Q293 -> 8 | L11: =[4]Brewhouse!$P293 -> 60 | M11: =[4]Brewhouse!$U293-[4]Brewhouse!$T293 -> 0.11875 | N11: =[4]Brewhouse!$Z293 -> 0.25972222 | O11: =[4]Brewhouse!$AX293 -> K. Benjamin | R11: =B11 -> CARIB | S11: =VLOOKUP($B11,$R$3:$X$9,2,FALSE) -> 11.6 | T11: =VLOOKUP($B11,$R$3:$X$9,3,FALSE) -> 12 | U11: =VLOOKUP($B11,$R$3:$X$9,4,FALSE) -> 0 | V11: =VLOOKUP($B11,$R$3:$X$9,5,FALSE) -> 0.11805556 | W11: =VLOOKUP($B11,$R$3:$X$9,6,FALSE) -> 0.22569444 | X11: =VLOOKUP($B11,$R$3:$X$9,7,FALSE) -> 0.26388889 | Y11: =VLOOKUP($B11,$R$3:$Z$9,8,FALSE) -> 0 | Z11: =VLOOKUP($B11,$R$3:$Z$9,9,FALSE) -> 60
B12: CARIB | C12: =[4]Brewhouse!$A294 -> CA250 | D12: =[4]Brewhouse!$AF294 -> 51.3 | E12: =[4]Brewhouse!$AI294 -> 50.5 | F12: =[4]Brewhouse!$V294 -> 66 | G12: =[4]Brewhouse!AG294 -> 12 | I12: =[4]Brewhouse!$AU294 -> 99.89535 | J12: =[4]Brewhouse!$AV294 -> 100.83485 | K12: =[4]Brewhouse!$Q294 -> 7.9852126 | L12: =[4]Brewhouse!$P294 -> 61 | M12: =[4]Brewhouse!$U294-[4]Brewhouse!$T294 -> 0.11319444 | N12: =[4]Brewhouse!$Z294 -> 0.25 | O12: =[4]Brewhouse!$AX294 -> R. Regis | R12: =B12 -> CARIB | S12: =VLOOKUP($B12,$R$3:$X$9,2,FALSE) -> 11.6 | T12: =VLOOKUP($B12,$R$3:$X$9,3,FALSE) -> 12 | U12: =VLOOKUP($B12,$R$3:$X$9,4,FALSE) -> 0 | V12: =VLOOKUP($B12,$R$3:$X$9,5,FALSE) -> 0.11805556 | W12: =VLOOKUP($B12,$R$3:$X$9,6,FALSE) -> 0.22569444 | X12: =VLOOKUP($B12,$R$3:$X$9,7,FALSE) -> 0.26388889 | Y12: =VLOOKUP($B12,$R$3:$Z$9,8,FALSE) -> 0 | Z12: =VLOOKUP($B12,$R$3:$Z$9,9,FALSE) -> 60
B13: CARIB | C13: =[4]Brewhouse!$A295 -> CA251 | D13: =[4]Brewhouse!$AF295 -> 50.3 | E13: =[4]Brewhouse!$AI295 -> 49.4 | F13: =[4]Brewhouse!$V295 -> 59 | G13: =[4]Brewhouse!AG295 -> 11.8 | I13: =[4]Brewhouse!$AU295 -> 95.889567 | J13: =[4]Brewhouse!$AV295 -> 96.791447 | K13: =[4]Brewhouse!$Q295 -> 8.3548983 | L13: =[4]Brewhouse!$P295 -> 57 | M13: =[4]Brewhouse!$U295-[4]Brewhouse!$T295 -> 0.10138889 | N13: =[4]Brewhouse!$Z295 -> 0.2375 | O13: =[4]Brewhouse!$AX295 -> R.Sookram | R13: =B13 -> CARIB | S13: =VLOOKUP($B13,$R$3:$X$9,2,FALSE) -> 11.6 | T13: =VLOOKUP($B13,$R$3:$X$9,3,FALSE) -> 12 | U13: =VLOOKUP($B13,$R$3:$X$9,4,FALSE) -> 0 | V13: =VLOOKUP($B13,$R$3:$X$9,5,FALSE) -> 0.11805556 | W13: =VLOOKUP($B13,$R$3:$X$9,6,FALSE) -> 0.22569444 | X13: =VLOOKUP($B13,$R$3:$X$9,7,FALSE) -> 0.26388889 | Y13: =VLOOKUP($B13,$R$3:$Z$9,8,FALSE) -> 0 | Z13: =VLOOKUP($B13,$R$3:$Z$9,9,FALSE) -> 60
B14: CARIB | C14: =[4]Brewhouse!$A296 -> CA252 | D14: =[4]Brewhouse!$AF296 -> 51.1 | E14: =[4]Brewhouse!$AI296 -> 50.4 | F14: =[4]Brewhouse!$V296 -> 53 | G14: =[4]Brewhouse!AG296 -> 11.9 | I14: =[4]Brewhouse!$AU296 -> 99.068627 | J14: =[4]Brewhouse!$AV296 -> 100.00023 | K14: =[4]Brewhouse!$Q296 -> 8.3548983 | L14: =[4]Brewhouse!$P296 -> 58 | M14: =[4]Brewhouse!$U296-[4]Brewhouse!$T296 -> 0.1 | N14: =[4]Brewhouse!$Z296 -> 0.23611111 | O14: =[4]Brewhouse!$AX296 -> R.Sookram | R14: =B14 -> CARIB | S14: =VLOOKUP($B14,$R$3:$X$9,2,FALSE) -> 11.6 | T14: =VLOOKUP($B14,$R$3:$X$9,3,FALSE) -> 12 | U14: =VLOOKUP($B14,$R$3:$X$9,4,FALSE) -> 0 | V14: =VLOOKUP($B14,$R$3:$X$9,5,FALSE) -> 0.11805556 | W14: =VLOOKUP($B14,$R$3:$X$9,6,FALSE) -> 0.22569444 | X14: =VLOOKUP($B14,$R$3:$X$9,7,FALSE) -> 0.26388889 | Y14: =VLOOKUP($B14,$R$3:$Z$9,8,FALSE) -> 0 | Z14: =VLOOKUP($B14,$R$3:$Z$9,9,FALSE) -> 60
B15: CARIB | C15: =[4]Brewhouse!$A297 -> CA253 | D15: =[4]Brewhouse!$AF297 -> 49.2 | E15: =[4]Brewhouse!$AI297 -> 48.3 | F15: =[4]Brewhouse!$V297 -> 56 | G15: =[4]Brewhouse!AG297 -> 12 | I15: =[4]Brewhouse!$AU297 -> 95.445431 | J15: =[4]Brewhouse!$AV297 -> 96.561009 | K15: =[4]Brewhouse!$Q297 -> 11.703704 | L15: =[4]Brewhouse!$P297 -> 45 | M15: =[4]Brewhouse!$U297-[4]Brewhouse!$T297 -> 0.10902778 | N15: =[4]Brewhouse!$Z297 -> 0.26180556 | O15: =[4]Brewhouse!$AX297 -> K. Benjamin | R15: =B15 -> CARIB | S15: =VLOOKUP($B15,$R$3:$X$9,2,FALSE) -> 11.6 | T15: =VLOOKUP($B15,$R$3:$X$9,3,FALSE) -> 12 | U15: =VLOOKUP($B15,$R$3:$X$9,4,FALSE) -> 0 | V15: =VLOOKUP($B15,$R$3:$X$9,5,FALSE) -> 0.11805556 | W15: =VLOOKUP($B15,$R$3:$X$9,6,FALSE) -> 0.22569444 | X15: =VLOOKUP($B15,$R$3:$X$9,7,FALSE) -> 0.26388889 | Y15: =VLOOKUP($B15,$R$3:$Z$9,8,FALSE) -> 0 | Z15: =VLOOKUP($B15,$R$3:$Z$9,9,FALSE) -> 60
B16: CARIB | C16: =[4]Brewhouse!$A298 -> CA254 | D16: =[4]Brewhouse!$AF298 -> 53.2 | E16: =[4]Brewhouse!$AI298 -> 53.3 | F16: =[4]Brewhouse!$V298 -> 58 | G16: =[4]Brewhouse!AG298 -> 11.9 | I16: =[4]Brewhouse!$AU298 -> 104.42613 | J16: =[4]Brewhouse!$AV298 -> 105.88499 | K16: =[4]Brewhouse!$Q298 -> 9.6666667 | L16: =[4]Brewhouse!$P298 -> 63 | M16: =[4]Brewhouse!$U298-[4]Brewhouse!$T298 -> 0.11527778 | N16: =[4]Brewhouse!$Z298 -> 0.27777778 | O16: =[4]Brewhouse!$AX298 -> K. Benjamin | R16: =B16 -> CARIB | S16: =VLOOKUP($B16,$R$3:$X$9,2,FALSE) -> 11.6 | T16: =VLOOKUP($B16,$R$3:$X$9,3,FALSE) -> 12 | U16: =VLOOKUP($B16,$R$3:$X$9,4,FALSE) -> 0 | V16: =VLOOKUP($B16,$R$3:$X$9,5,FALSE) -> 0.11805556 | W16: =VLOOKUP($B16,$R$3:$X$9,6,FALSE) -> 0.22569444 | X16: =VLOOKUP($B16,$R$3:$X$9,7,FALSE) -> 0.26388889 | Y16: =VLOOKUP($B16,$R$3:$Z$9,8,FALSE) -> 0 | Z16: =VLOOKUP($B16,$R$3:$Z$9,9,FALSE) -> 60
R17: =B17 -> 0 | S17: =VLOOKUP($B17,$R$3:$X$9,2,FALSE) -> #N/A | T17: =VLOOKUP($B17,$R$3:$X$9,3,FALSE) -> #N/A | U17: =VLOOKUP($B17,$R$3:$X$9,4,FALSE) -> #N/A | V17: =VLOOKUP($B17,$R$3:$X$9,5,FALSE) -> #N/A | W17: =VLOOKUP($B17,$R$3:$X$9,6,FALSE) -> #N/A | X17: =VLOOKUP($B17,$R$3:$X$9,7,FALSE) -> #N/A | Y17: =VLOOKUP($B17,$R$3:$Z$9,8,FALSE) -> #N/A | Z17: =VLOOKUP($B17,$R$3:$Z$9,9,FALSE) -> #N/A
R18: =B18 -> 0 | S18: =VLOOKUP($B18,$R$3:$X$9,2,FALSE) -> #N/A | T18: =VLOOKUP($B18,$R$3:$X$9,3,FALSE) -> #N/A | U18: =VLOOKUP($B18,$R$3:$X$9,4,FALSE) -> #N/A | V18: =VLOOKUP($B18,$R$3:$X$9,5,FALSE) -> #N/A | W18: =VLOOKUP($B18,$R$3:$X$9,6,FALSE) -> #N/A | X18: =VLOOKUP($B18,$R$3:$X$9,7,FALSE) -> #N/A | Y18: =VLOOKUP($B18,$R$3:$Z$9,8,FALSE) -> #N/A | Z18: =VLOOKUP($B18,$R$3:$Z$9,9,FALSE) -> #N/A
R19: =B19 -> 0 | S19: =VLOOKUP($B19,$R$3:$X$9,2,FALSE) -> #N/A | T19: =VLOOKUP($B19,$R$3:$X$9,3,FALSE) -> #N/A | U19: =VLOOKUP($B19,$R$3:$X$9,4,FALSE) -> #N/A | V19: =VLOOKUP($B19,$R$3:$X$9,5,FALSE) -> #N/A | W19: =VLOOKUP($B19,$R$3:$X$9,6,FALSE) -> #N/A | X19: =VLOOKUP($B19,$R$3:$X$9,7,FALSE) -> #N/A | Y19: =VLOOKUP($B19,$R$3:$Z$9,8,FALSE) -> #N/A | Z19: =VLOOKUP($B19,$R$3:$Z$9,9,FALSE) -> #N/A
R20: =B20 -> 0 | S20: =VLOOKUP($B20,$R$3:$X$9,2,FALSE) -> #N/A | T20: =VLOOKUP($B20,$R$3:$X$9,3,FALSE) -> #N/A | U20: =VLOOKUP($B20,$R$3:$X$9,4,FALSE) -> #N/A | V20: =VLOOKUP($B20,$R$3:$X$9,5,FALSE) -> #N/A | W20: =VLOOKUP($B20,$R$3:$X$9,6,FALSE) -> #N/A | X20: =VLOOKUP($B20,$R$3:$X$9,7,FALSE) -> #N/A | Y20: =VLOOKUP($B20,$R$3:$Z$9,8,FALSE) -> #N/A | Z20: =VLOOKUP($B20,$R$3:$Z$9,9,FALSE) -> #N/A
R21: =B21 -> 0 | S21: =VLOOKUP($B21,$R$3:$X$9,2,FALSE) -> #N/A | T21: =VLOOKUP($B21,$R$3:$X$9,3,FALSE) -> #N/A | U21: =VLOOKUP($B21,$R$3:$X$9,4,FALSE) -> #N/A | V21: =VLOOKUP($B21,$R$3:$X$9,5,FALSE) -> #N/A | W21: =VLOOKUP($B21,$R$3:$X$9,6,FALSE) -> #N/A | X21: =VLOOKUP($B21,$R$3:$X$9,7,FALSE) -> #N/A | Y21: =VLOOKUP($B21,$R$3:$Z$9,8,FALSE) -> #N/A | Z21: =VLOOKUP($B21,$R$3:$Z$9,9,FALSE) -> #N/A
R22: =B22 -> 0 | S22: =VLOOKUP($B22,$R$3:$X$9,2,FALSE) -> #N/A | T22: =VLOOKUP($B22,$R$3:$X$9,3,FALSE) -> #N/A | U22: =VLOOKUP($B22,$R$3:$X$9,4,FALSE) -> #N/A | V22: =VLOOKUP($B22,$R$3:$X$9,5,FALSE) -> #N/A | W22: =VLOOKUP($B22,$R$3:$X$9,6,FALSE) -> #N/A | X22: =VLOOKUP($B22,$R$3:$X$9,7,FALSE) -> #N/A | Y22: =VLOOKUP($B22,$R$3:$Z$9,8,FALSE) -> #N/A | Z22: =VLOOKUP($B22,$R$3:$Z$9,9,FALSE) -> #N/A
R23: =B23 -> 0 | S23: =VLOOKUP($B23,$R$3:$X$9,2,FALSE) -> #N/A | T23: =VLOOKUP($B23,$R$3:$X$9,3,FALSE) -> #N/A | U23: =VLOOKUP($B23,$R$3:$X$9,4,FALSE) -> #N/A | V23: =VLOOKUP($B23,$R$3:$X$9,5,FALSE) -> #N/A | W23: =VLOOKUP($B23,$R$3:$X$9,6,FALSE) -> #N/A | X23: =VLOOKUP($B23,$R$3:$X$9,7,FALSE) -> #N/A | Y23: =VLOOKUP($B23,$R$3:$Z$9,8,FALSE) -> #N/A | Z23: =VLOOKUP($B23,$R$3:$Z$9,9,FALSE) -> #N/A
R24: =B24 -> 0 | S24: =VLOOKUP($B24,$R$3:$X$9,2,FALSE) -> #N/A | T24: =VLOOKUP($B24,$R$3:$X$9,3,FALSE) -> #N/A | U24: =VLOOKUP($B24,$R$3:$X$9,4,FALSE) -> #N/A | V24: =VLOOKUP($B24,$R$3:$X$9,5,FALSE) -> #N/A | W24: =VLOOKUP($B24,$R$3:$X$9,6,FALSE) -> #N/A | X24: =VLOOKUP($B24,$R$3:$X$9,7,FALSE) -> #N/A | Y24: =VLOOKUP($B24,$R$3:$Z$9,8,FALSE) -> #N/A | Z24: =VLOOKUP($B24,$R$3:$Z$9,9,FALSE) -> #N/A
B25: BRAND | D25: BBT P.G./ O.G | I25: Brand | K25: MTD No. of Brews | L25: MTD | M25: YTD | N25: Target | R25: =B25 -> BRAND | S25: =VLOOKUP($B25,$R$3:$X$9,2,FALSE) -> #N/A | T25: =VLOOKUP($B25,$R$3:$X$9,3,FALSE) -> #N/A | U25: =VLOOKUP($B25,$R$3:$X$9,4,FALSE) -> #N/A | V25: =VLOOKUP($B25,$R$3:$X$9,5,FALSE) -> #N/A | W25: =VLOOKUP($B25,$R$3:$X$9,6,FALSE) -> #N/A | X25: =VLOOKUP($B25,$R$3:$X$9,7,FALSE) -> #N/A | Y25: =VLOOKUP($B25,$R$3:$Z$9,8,FALSE) -> #N/A | Z25: =VLOOKUP($B25,$R$3:$Z$9,9,FALSE) -> #N/A
B26: =J49 -> CARIBE | I26: CARIB | J26: =AVERAGE(I10:I16) -> 98.629887 | K26: =COUNTA([4]Brewhouse!$B$292:$B$298) -> 7 | L26: =AVERAGE([4]Brewhouse!$AU$292:$AU$298) -> 98.629887 | M26: =AVERAGE([4]Brewhouse!$AU$42:$AU$123,[4]Brewhouse!$AU$125:$AU$188,[4]Brewhouse!$AU$198:$AU$290,[4]Brewhouse!$AU$292:$AU$298) -> 97.897342 | N26: 98 | R26: =B26 -> CARIBE | S26: =VLOOKUP($B26,$R$3:$X$9,2,FALSE) -> #N/A | T26: =VLOOKUP($B26,$R$3:$X$9,3,FALSE) -> #N/A | U26: =VLOOKUP($B26,$R$3:$X$9,4,FALSE) -> #N/A | V26: =VLOOKUP($B26,$R$3:$X$9,5,FALSE) -> #N/A | W26: =VLOOKUP($B26,$R$3:$X$9,6,FALSE) -> #N/A | X26: =VLOOKUP($B26,$R$3:$X$9,7,FALSE) -> #N/A | Y26: =VLOOKUP($B26,$R$3:$Z$9,8,FALSE) -> #N/A | Z26: =VLOOKUP($B26,$R$3:$Z$9,9,FALSE) -> #N/A
I27: STAG | M27: =AVERAGE([3]Brewhouse!$AS$52:$AS$81,[3]Brewhouse!$AS$83:$AS$124,[3]Brewhouse!$AS$134:$AS$177) -> 98.431196 | N27: 98 | R27: =B27 -> 0 | S27: =VLOOKUP($B27,$R$3:$X$9,2,FALSE) -> #N/A | T27: =VLOOKUP($B27,$R$3:$X$9,3,FALSE) -> #N/A | U27: =VLOOKUP($B27,$R$3:$X$9,4,FALSE) -> #N/A | V27: =VLOOKUP($B27,$R$3:$X$9,5,FALSE) -> #N/A | W27: =VLOOKUP($B27,$R$3:$X$9,6,FALSE) -> #N/A | X27: =VLOOKUP($B27,$R$3:$X$9,7,FALSE) -> #N/A | Y27: =VLOOKUP($B27,$R$3:$Z$9,8,FALSE) -> #N/A | Z27: =VLOOKUP($B27,$R$3:$Z$9,9,FALSE) -> #N/A
I28: GUINNESS | M28: =AVERAGE([5]Brewhouse!$AU$16:$AU$23,[5]Brewhouse!$AU$25:$AU$32,[5]Brewhouse!$AU$34:$AU$41) -> 97.131454 | N28: 98 | R28: =B28 -> 0 | S28: =VLOOKUP($B28,$R$3:$X$9,2,FALSE) -> #N/A | T28: =VLOOKUP($B28,$R$3:$X$9,3,FALSE) -> #N/A | U28: =VLOOKUP($B28,$R$3:$X$9,4,FALSE) -> #N/A | V28: =VLOOKUP($B28,$R$3:$X$9,5,FALSE) -> #N/A | W28: =VLOOKUP($B28,$R$3:$X$9,6,FALSE) -> #N/A | X28: =VLOOKUP($B28,$R$3:$X$9,7,FALSE) -> #N/A | Y28: =VLOOKUP($B28,$R$3:$Z$9,8,FALSE) -> #N/A | Z28: =VLOOKUP($B28,$R$3:$Z$9,9,FALSE) -> #N/A
I29: VITAMALT | M29: =AVERAGE([6]Brewhouse!$AV$23:$AV$34,[6]Brewhouse!$AV$36,[6]Brewhouse!$AV$38:$AV$52) -> 97.639832 | N29: 98 | R29: =B29 -> 0 | S29: =VLOOKUP($B29,$R$3:$X$9,2,FALSE) -> #N/A | T29: =VLOOKUP($B29,$R$3:$X$9,3,FALSE) -> #N/A | U29: =VLOOKUP($B29,$R$3:$X$9,4,FALSE) -> #N/A | V29: =VLOOKUP($B29,$R$3:$X$9,5,FALSE) -> #N/A | W29: =VLOOKUP($B29,$R$3:$X$9,6,FALSE) -> #N/A | X29: =VLOOKUP($B29,$R$3:$X$9,7,FALSE) -> #N/A | Y29: =VLOOKUP($B29,$R$3:$Z$9,8,FALSE) -> #N/A | Z29: =VLOOKUP($B29,$R$3:$Z$9,9,FALSE) -> #N/A
I30: MAXIMALT | N30: 98 | R30: =B30 -> 0 | S30: =VLOOKUP($B30,$R$3:$X$9,2,FALSE) -> #N/A | T30: =VLOOKUP($B30,$R$3:$X$9,3,FALSE) -> #N/A | U30: =VLOOKUP($B30,$R$3:$X$9,4,FALSE) -> #N/A | V30: =VLOOKUP($B30,$R$3:$X$9,5,FALSE) -> #N/A | W30: =VLOOKUP($B30,$R$3:$X$9,6,FALSE) -> #N/A | X30: =VLOOKUP($B30,$R$3:$X$9,7,FALSE) -> #N/A | Y30: =VLOOKUP($B30,$R$3:$Z$9,8,FALSE) -> #N/A | Z30: =VLOOKUP($B30,$R$3:$Z$9,9,FALSE) -> #N/A
I31: MACKESON | M31: =AVERAGE([7]Brewhouse!$AT$4:$AT$11) -> 92.826225 | N31: 98 | R31: =B31 -> 0 | S31: =VLOOKUP($B31,$R$3:$X$9,2,FALSE) -> #N/A | T31: =VLOOKUP($B31,$R$3:$X$9,3,FALSE) -> #N/A | U31: =VLOOKUP($B31,$R$3:$X$9,4,FALSE) -> #N/A | V31: =VLOOKUP($B31,$R$3:$X$9,5,FALSE) -> #N/A | W31: =VLOOKUP($B31,$R$3:$X$9,6,FALSE) -> #N/A | X31: =VLOOKUP($B31,$R$3:$X$9,7,FALSE) -> #N/A | Y31: =VLOOKUP($B31,$R$3:$Z$9,8,FALSE) -> #N/A | Z31: =VLOOKUP($B31,$R$3:$Z$9,9,FALSE) -> #N/A
I32: STARMALT | M32: =AVERAGE([8]Brewhouse!$AY$5:$AY$14,[8]Brewhouse!$AY$16:$AY$23,[8]Brewhouse!$AY$42) -> 97.390504 | N32: 98 | R32: =B32 -> 0 | S32: =VLOOKUP($B32,$R$3:$X$9,2,FALSE) -> #N/A | T32: =VLOOKUP($B32,$R$3:$X$9,3,FALSE) -> #N/A | U32: =VLOOKUP($B32,$R$3:$X$9,4,FALSE) -> #N/A | V32: =VLOOKUP($B32,$R$3:$X$9,5,FALSE) -> #N/A | W32: =VLOOKUP($B32,$R$3:$X$9,6,FALSE) -> #N/A | X32: =VLOOKUP($B32,$R$3:$X$9,7,FALSE) -> #N/A | Y32: =VLOOKUP($B32,$R$3:$Z$9,8,FALSE) -> #N/A | Z32: =VLOOKUP($B32,$R$3:$Z$9,9,FALSE) -> #N/A
I33: HR- Pils | N33: 98 | R33: =B33 -> 0 | S33: =VLOOKUP($B33,$R$3:$X$9,2,FALSE) -> #N/A | T33: =VLOOKUP($B33,$R$3:$X$9,3,FALSE) -> #N/A | U33: =VLOOKUP($B33,$R$3:$X$9,4,FALSE) -> #N/A | V33: =VLOOKUP($B33,$R$3:$X$9,5,FALSE) -> #N/A | W33: =VLOOKUP($B33,$R$3:$X$9,6,FALSE) -> #N/A | X33: =VLOOKUP($B33,$R$3:$X$9,7,FALSE) -> #N/A | Y33: =VLOOKUP($B33,$R$3:$Z$9,8,FALSE) -> #N/A | Z33: =VLOOKUP($B33,$R$3:$Z$9,9,FALSE) -> #N/A
I34: HR- IPA | N34: 98 | R34: =B34 -> 0 | S34: =VLOOKUP($B34,$R$3:$X$9,2,FALSE) -> #N/A | T34: =VLOOKUP($B34,$R$3:$X$9,3,FALSE) -> #N/A | U34: =VLOOKUP($B34,$R$3:$X$9,4,FALSE) -> #N/A | V34: =VLOOKUP($B34,$R$3:$X$9,5,FALSE) -> #N/A | W34: =VLOOKUP($B34,$R$3:$X$9,6,FALSE) -> #N/A | X34: =VLOOKUP($B34,$R$3:$X$9,7,FALSE) -> #N/A | Y34: =VLOOKUP($B34,$R$3:$Z$9,8,FALSE) -> #N/A | Z34: =VLOOKUP($B34,$R$3:$Z$9,9,FALSE) -> #N/A
I35: HR- APA | N35: 98 | R35: =B35 -> 0 | S35: =VLOOKUP($B35,$R$3:$X$9,2,FALSE) -> #N/A | T35: =VLOOKUP($B35,$R$3:$X$9,3,FALSE) -> #N/A | U35: =VLOOKUP($B35,$R$3:$X$9,4,FALSE) -> #N/A | V35: =VLOOKUP($B35,$R$3:$X$9,5,FALSE) -> #N/A | W35: =VLOOKUP($B35,$R$3:$X$9,6,FALSE) -> #N/A | X35: =VLOOKUP($B35,$R$3:$X$9,7,FALSE) -> #N/A | Y35: =VLOOKUP($B35,$R$3:$Z$9,8,FALSE) -> #N/A | Z35: =VLOOKUP($B35,$R$3:$Z$9,9,FALSE) -> #N/A
K36: =SUM(K26:K35) -> 7 | L36: =((L26*K26)+(L27*K27)+(L28*K28)+(L29*K29)+(L30*K30)+(K33*L33)+(L31*K31)+(L32*K32)+(L35*K35))/(K36) -> 98.629887 | M36: =AVERAGE('[9]Jan30th-31st'!$L$42,L36) -> 98.228964 | N36: 98 | R36: =B36 -> 0 | S36: =VLOOKUP($B36,$R$3:$X$9,2,FALSE) -> #N/A | T36: =VLOOKUP($B36,$R$3:$X$9,3,FALSE) -> #N/A | U36: =VLOOKUP($B36,$R$3:$X$9,4,FALSE) -> #N/A | V36: =VLOOKUP($B36,$R$3:$X$9,5,FALSE) -> #N/A | W36: =VLOOKUP($B36,$R$3:$X$9,6,FALSE) -> #N/A | X36: =VLOOKUP($B36,$R$3:$X$9,7,FALSE) -> #N/A | Y36: =VLOOKUP($B36,$R$3:$Z$9,8,FALSE) -> #N/A | Z36: =VLOOKUP($B36,$R$3:$Z$9,9,FALSE) -> #N/A
R37: =B37 -> 0 | S37: =VLOOKUP($B37,$R$3:$X$9,2,FALSE) -> #N/A | T37: =VLOOKUP($B37,$R$3:$X$9,3,FALSE) -> #N/A | U37: =VLOOKUP($B37,$R$3:$X$9,4,FALSE) -> #N/A | V37: =VLOOKUP($B37,$R$3:$X$9,5,FALSE) -> #N/A | W37: =VLOOKUP($B37,$R$3:$X$9,6,FALSE) -> #N/A | X37: =VLOOKUP($B37,$R$3:$X$9,7,FALSE) -> #N/A | Y37: =VLOOKUP($B37,$R$3:$Z$9,8,FALSE) -> #N/A | Z37: =VLOOKUP($B37,$R$3:$Z$9,9,FALSE) -> #N/A
J38: Daily Brewing Plan
J39: Brand | K39: Brews Achieved | L39: Average Brews per day
J40: CARIB | K40: 7 | L40: MTD | M40: YTD | N40: TARGET
J41: STAG | L41: =K50 -> 7 | M41: =AVERAGE('[9]Jan30th-31st'!$L$47,L41,'[10]Feb 26th '!$L$39,'[11]Mar 31st'!$L$47) -> 6.5467391 | N41: 9.2
J42: GUINN
J43: VITAMALT
J44: STARMALT
J45: MACKESON
J46: HURRICANE REEF- IPA
J47: HURRICANE REEF- APA
B48: AVERAGE | J48: HR- PILSNER
J49: CARIBE
J50: Total | K50: =SUM(K40:K49) -> 7
B51: Process: | C51: Fermentation/Filtration
B53: Brand | C53: Filt. Date | D53: FV Hls | E53: GFE/ Prim/ Vita Blend (Hls) | F53: SV Hls | G53: BBT Hls | H53: Loss (%) Ferm | I53: Loss (%) Filt | J53: Comments | K53: Throughput | L53: Process Loss (%) | M53: Filt. Operator
AB54: 43474 | AC54: 43475 | AD54: 43476 | AE54: 43477 | AF54: 43478 | AG54: 43479 | AH54: 43480 | AI54: 43481 | AJ54: 43482 | AK54: 43483 | AL54: 43484 | AM54: 43485 | AN54: 43486 | AO54: 43487 | AP54: 43488 | AQ54: 43489 | AR54: 43490 | AS54: 43491 | AT54: 43492 | AU54: 43493 | AV54: 43494 | AW54: 43495 | AX54: 43496
L55: =(((D55+E55)-G55)/(D55+E55))*100 -> #DIV/0! | AB55: =[14]January_2019!L5 -> 0 | AC55: =[14]January_2019!M5 -> 0 | AD55: =[14]January_2019!N5 -> 0 | AE55: =[14]January_2019!O5 -> 0 | AF55: =[14]January_2019!P5 -> 0 | AG55: =[14]January_2019!Q5 -> 0 | AH55: =[14]January_2019!R5 -> 0 | AI55: =[14]January_2019!S5 -> 0 | ... AX55: =[14]January_2019!AH5 -> 0
AB56: =[14]January_2019!L6 -> 0 | AC56: =[14]January_2019!M6 -> 0 | AD56: =[14]January_2019!N6 -> 0 | AE56: =[14]January_2019!O6 -> 0 | AF56: =[14]January_2019!P6 -> 0 | AG56: =[14]January_2019!Q6 -> 0 | AH56: =[14]January_2019!R6 -> 0 | AI56: =[14]January_2019!S6 -> 0 | ... AX56: =[14]January_2019!AH6 -> 0
AB57: =[14]January_2019!L7 -> 285.8 | AC57: =[14]January_2019!M7 -> 508.1 | AD57: =[14]January_2019!N7 -> 0 | AE57: =[14]January_2019!O7 -> 0 | AF57: =[14]January_2019!P7 -> 109.56667 | AG57: =[14]January_2019!Q7 -> 297.65 | AH57: =[14]January_2019!R7 -> 122.3 | AI57: =[14]January_2019!S7 -> 0 | ... AX57: =[14]January_2019!AH7 -> 0
J59: 1 SBF | L59: =(((D59+E59)-G59)/(D59+E59))*100 -> #DIV/0!
B66: Process Loss (Volume) | G66: Process Loss (Extract) | K66: Throughput
B67: Brand | C67: Actual | D67: MTD | E67: YTD | F67: Target | G67: Actual | H67: MTD | I67: YTD | J67: Target | L67: MTD | M67: YTD | N67: Target
B68: CARIB | F68: 4.8 | J68: 4.8 | N68: 1
B69: STAG | F69: 4.8 | J69: 4.8 | N69: 1
B70: GUINN | F70: 5.5 | J70: 5.5 | N70: 1
B71: VITAMALT | F71: 3.3 | J71: 3.3 | N71: 1
B72: APA | F72: 3.3 | J72: 3 | N72: 1
B73: MACKESON | F73: =[15]May_2022!$M$43 -> 3.4878407 | J73: 5.5 | N73: 1
B74: STARMALT | F74: 3.3 | J74: 3.3 | N74: 1
B75: IPA | F75: 7.5 | J75: 7.5 | N75: 1
B76: HURRICANE REEF PILS | F76: 4.8 | J76: 4.8 | N76: 1
F77: 5.5 | J77: 5.5 | N77: 1

Sheet Apr 2nd
S1: P.G. | U1: Hot Time | W1: Process Time | Y1: Cooling Time
B2: Brewing Department Daily Process Loss Report | S2: Lower | T2: Upper | U2: Lower | V2: Upper | W2: Lower | X2: Upper | Y2: Lower | Z2: Upper
R3: CARIB | S3: 11.6 | T3: 12 | U3: 0 | V3: 0.11805556 | W3: 0.22569444 | X3: 0.26388889 | Y3: 0 | Z3: 60 | AB3: HR- PISNER
B4: Date: | C4: 46119 | J4: LOT WORT COLOUR: | M4: Filter Sheets (Target 20 days) | R4: STAG | S4: 11.6 | T4: 12 | U4: 0 | V4: 0.11805556 | W4: 0.22569444 | X4: 0.26388889 | Y4: 0 | Z4: 60
M5: Double | N5: Single | R5: GUINNESS | S5: 17 | T5: 17.5 | U5: 0 | V5: 0.10763889 | W5: 0.24652778 | X5: 0.28472222 | Y5: 0 | Z5: 60
J6: MALT LOT: Lot #13 | L6: Sheet Day | R6: MACKESON | S6: 13.3 | T6: 13.5 | U6: 0 | V6: 0.12905093 | W6: 0.27430556 | X6: 0.30208333 | Y6: 0
R7: STARMALT | S7: 17 | T7: 17.4 | U7: 0 | V7: 0.13605324 | W7: 0.27430556 | X7: 0.30902778 | Y7: 0 | Z7: 85
B8: Brand | C8: Brew no. | D8: Kett. Hls | E8: Wort | F8: Cool Time(Mins) | G8: Cast. P.G. (Lab Result) | H8: Cast P.G. (Cellar Operator)-gravity | I8: Extr. Rec (77.9%) | J8: Theor. Extr. (77.5%) | K8: Boil Off /Vol. (4-6%) | L8: Boil Time | M8: Total Hot | N8: Brewing Time | O8: Operator | R8: Hurricane Reef | S8: 16.6 | T8: 17 | U8: 0 | V8: 0.12905093 | W8: 0.27430556 | X8: 0.30208333 | Y8: 0
E9: Meter (Hls) | F9: Target(< 60Mins) | M9: Time | R9: VITAMALT | S9: 14.2 | T9: 14.6 | U9: 0 | V9: 0.13905093 | W9: 0.26041667 | X9: 0.29513889 | Y9: 0 | Z9: 75
B10: CARIB | C10: =[4]Brewhouse!$A299 -> CA255 | D10: =[4]Brewhouse!$AF299 -> 51.8 | E10: =[4]Brewhouse!$AI299 -> 51.1 | F10: =[4]Brewhouse!$V299 -> 62 | G10: =[4]Brewhouse!AG299 -> 11.6 | H10: 11.7 | I10: =[4]Brewhouse!$AU299 -> 97.341719 | J10: =[4]Brewhouse!$AV299 -> 98.701695 | K10: =[4]Brewhouse!$Q299 -> 7.0740741 | L10: =[4]Brewhouse!$P299 -> 61 | M10: =[4]Brewhouse!$U299-[4]Brewhouse!$T299 -> 0.10972222 | N10: =[4]Brewhouse!$Z299 -> 0.25347222 | O10: =[4]Brewhouse!$AX299 -> K. Benjamin | R10: =B10 -> CARIB | S10: =VLOOKUP($B10,$R$3:$X$9,2,FALSE) -> 11.6 | T10: =VLOOKUP($B10,$R$3:$X$9,3,FALSE) -> 12 | U10: =VLOOKUP($B10,$R$3:$X$9,4,FALSE) -> 0 | V10: =VLOOKUP($B10,$R$3:$X$9,5,FALSE) -> 0.11805556 | W10: =VLOOKUP($B10,$R$3:$X$9,6,FALSE) -> 0.22569444 | X10: =VLOOKUP($B10,$R$3:$X$9,7,FALSE) -> 0.26388889 | Y10: =VLOOKUP($B10,$R$3:$Z$9,8,FALSE) -> 0 | Z10: =VLOOKUP($B10,$R$3:$Z$9,9,FALSE) -> 60
B11: CARIB | C11: =[4]Brewhouse!$A300 -> CA256 | D11: =[4]Brewhouse!$AF300 -> 51.1 | E11: =[4]Brewhouse!$AI300 -> 50.3 | F11: =[4]Brewhouse!$V300 -> 58 | G11: =[4]Brewhouse!AG300 -> 12 | H11: 12 | I11: =[4]Brewhouse!$AU300 -> 99.419194 | J11: =[4]Brewhouse!$AV300 -> 100.8081 | K11: =[4]Brewhouse!$Q300 -> 7.6155268 | L11: =[4]Brewhouse!$P300 -> 61 | M11: =[4]Brewhouse!$U300-[4]Brewhouse!$T300 -> 0.10625 | N11: =[4]Brewhouse!$Z300 -> 0.23611111 | O11: =[4]Brewhouse!$AX300 -> R. Regis | R11: =B11 -> CARIB | S11: =VLOOKUP($B11,$R$3:$X$9,2,FALSE) -> 11.6 | T11: =VLOOKUP($B11,$R$3:$X$9,3,FALSE) -> 12 | U11: =VLOOKUP($B11,$R$3:$X$9,4,FALSE) -> 0 | V11: =VLOOKUP($B11,$R$3:$X$9,5,FALSE) -> 0.11805556 | W11: =VLOOKUP($B11,$R$3:$X$9,6,FALSE) -> 0.22569444 | X11: =VLOOKUP($B11,$R$3:$X$9,7,FALSE) -> 0.26388889 | Y11: =VLOOKUP($B11,$R$3:$Z$9,8,FALSE) -> 0 | Z11: =VLOOKUP($B11,$R$3:$Z$9,9,FALSE) -> 60
B12: CARIB | C12: =[4]Brewhouse!$A301 -> CA257 | D12: =[4]Brewhouse!$AF301 -> 51.3 | E12: =[4]Brewhouse!$AI301 -> 50.5 | F12: =[4]Brewhouse!$V301 -> 65 | G12: =[4]Brewhouse!AG301 -> 11.7 | H12: 11.7 | I12: =[4]Brewhouse!$AU301 -> 97.071855 | J12: =[4]Brewhouse!$AV301 -> 98.42806 | K12: =[4]Brewhouse!$Q301 -> 7.9852126 | L12: =[4]Brewhouse!$P301 -> 60 | M12: =[4]Brewhouse!$U301-[4]Brewhouse!$T301 -> 0.10833333 | N12: =[4]Brewhouse!$Z301 -> 0.25416667 | O12: =[4]Brewhouse!$AX301 -> P. Calliste | R12: =B12 -> CARIB | S12: =VLOOKUP($B12,$R$3:$X$9,2,FALSE) -> 11.6 | T12: =VLOOKUP($B12,$R$3:$X$9,3,FALSE) -> 12 | U12: =VLOOKUP($B12,$R$3:$X$9,4,FALSE) -> 0 | V12: =VLOOKUP($B12,$R$3:$X$9,5,FALSE) -> 0.11805556 | W12: =VLOOKUP($B12,$R$3:$X$9,6,FALSE) -> 0.22569444 | X12: =VLOOKUP($B12,$R$3:$X$9,7,FALSE) -> 0.26388889 | Y12: =VLOOKUP($B12,$R$3:$Z$9,8,FALSE) -> 0 | Z12: =VLOOKUP($B12,$R$3:$Z$9,9,FALSE) -> 60
B13: CARIB | C13: =[4]Brewhouse!$A302 -> CA258 | D13: =[4]Brewhouse!$AF302 -> 52.1 | E13: =[4]Brewhouse!$AI302 -> 51.8 | F13: =[4]Brewhouse!$V302 -> 69 | G13: =[4]Brewhouse!AG302 -> 11.7 | H13: 11.8 | I13: =[4]Brewhouse!$AU302 -> 99.570734 | J13: =[4]Brewhouse!$AV302 -> 100.96185 | K13: =[4]Brewhouse!$Q302 -> 7.4306839 | L13: =[4]Brewhouse!$P302 -> 60 | M13: =[4]Brewhouse!$U302-[4]Brewhouse!$T302 -> 0.11527778 | N13: =[4]Brewhouse!$Z302 -> 0.25416667 | O13: =[4]Brewhouse!$AX302 -> P. Calliste | R13: =B13 -> CARIB | S13: =VLOOKUP($B13,$R$3:$X$9,2,FALSE) -> 11.6 | T13: =VLOOKUP($B13,$R$3:$X$9,3,FALSE) -> 12 | U13: =VLOOKUP($B13,$R$3:$X$9,4,FALSE) -> 0 | V13: =VLOOKUP($B13,$R$3:$X$9,5,FALSE) -> 0.11805556 | W13: =VLOOKUP($B13,$R$3:$X$9,6,FALSE) -> 0.22569444 | X13: =VLOOKUP($B13,$R$3:$X$9,7,FALSE) -> 0.26388889 | Y13: =VLOOKUP($B13,$R$3:$Z$9,8,FALSE) -> 0 | Z13: =VLOOKUP($B13,$R$3:$Z$9,9,FALSE) -> 60
R14: =B14 -> 0 | S14: =VLOOKUP($B14,$R$3:$X$9,2,FALSE) -> #N/A | T14: =VLOOKUP($B14,$R$3:$X$9,3,FALSE) -> #N/A | U14: =VLOOKUP($B14,$R$3:$X$9,4,FALSE) -> #N/A | V14: =VLOOKUP($B14,$R$3:$X$9,5,FALSE) -> #N/A | W14: =VLOOKUP($B14,$R$3:$X$9,6,FALSE) -> #N/A | X14: =VLOOKUP($B14,$R$3:$X$9,7,FALSE) -> #N/A | Y14: =VLOOKUP($B14,$R$3:$Z$9,8,FALSE) -> #N/A | Z14: =VLOOKUP($B14,$R$3:$Z$9,9,FALSE) -> #N/A
R15: =B15 -> 0 | S15: =VLOOKUP($B15,$R$3:$X$9,2,FALSE) -> #N/A | T15: =VLOOKUP($B15,$R$3:$X$9,3,FALSE) -> #N/A | U15: =VLOOKUP($B15,$R$3:$X$9,4,FALSE) -> #N/A | V15: =VLOOKUP($B15,$R$3:$X$9,5,FALSE) -> #N/A | W15: =VLOOKUP($B15,$R$3:$X$9,6,FALSE) -> #N/A | X15: =VLOOKUP($B15,$R$3:$X$9,7,FALSE) -> #N/A | Y15: =VLOOKUP($B15,$R$3:$Z$9,8,FALSE) -> #N/A | Z15: =VLOOKUP($B15,$R$3:$Z$9,9,FALSE) -> #N/A
R16: =B16 -> 0 | S16: =VLOOKUP($B16,$R$3:$X$9,2,FALSE) -> #N/A | T16: =VLOOKUP($B16,$R$3:$X$9,3,FALSE) -> #N/A | U16: =VLOOKUP($B16,$R$3:$X$9,4,FALSE) -> #N/A | V16: =VLOOKUP($B16,$R$3:$X$9,5,FALSE) -> #N/A | W16: =VLOOKUP($B16,$R$3:$X$9,6,FALSE) -> #N/A | X16: =VLOOKUP($B16,$R$3:$X$9,7,FALSE) -> #N/A | Y16: =VLOOKUP($B16,$R$3:$Z$9,8,FALSE) -> #N/A | Z16: =VLOOKUP($B16,$R$3:$Z$9,9,FALSE) -> #N/A
R17: =B17 -> 0 | S17: =VLOOKUP($B17,$R$3:$X$9,2,FALSE) -> #N/A | T17: =VLOOKUP($B17,$R$3:$X$9,3,FALSE) -> #N/A | U17: =VLOOKUP($B17,$R$3:$X$9,4,FALSE) -> #N/A | V17: =VLOOKUP($B17,$R$3:$X$9,5,FALSE) -> #N/A | W17: =VLOOKUP($B17,$R$3:$X$9,6,FALSE) -> #N/A | X17: =VLOOKUP($B17,$R$3:$X$9,7,FALSE) -> #N/A | Y17: =VLOOKUP($B17,$R$3:$Z$9,8,FALSE) -> #N/A | Z17: =VLOOKUP($B17,$R$3:$Z$9,9,FALSE) -> #N/A
R18: =B18 -> 0 | S18: =VLOOKUP($B18,$R$3:$X$9,2,FALSE) -> #N/A | T18: =VLOOKUP($B18,$R$3:$X$9,3,FALSE) -> #N/A | U18: =VLOOKUP($B18,$R$3:$X$9,4,FALSE) -> #N/A | V18: =VLOOKUP($B18,$R$3:$X$9,5,FALSE) -> #N/A | W18: =VLOOKUP($B18,$R$3:$X$9,6,FALSE) -> #N/A | X18: =VLOOKUP($B18,$R$3:$X$9,7,FALSE) -> #N/A | Y18: =VLOOKUP($B18,$R$3:$Z$9,8,FALSE) -> #N/A | Z18: =VLOOKUP($B18,$R$3:$Z$9,9,FALSE) -> #N/A
R19: =B19 -> 0 | S19: =VLOOKUP($B19,$R$3:$X$9,2,FALSE) -> #N/A | T19: =VLOOKUP($B19,$R$3:$X$9,3,FALSE) -> #N/A | U19: =VLOOKUP($B19,$R$3:$X$9,4,FALSE) -> #N/A | V19: =VLOOKUP($B19,$R$3:$X$9,5,FALSE) -> #N/A | W19: =VLOOKUP($B19,$R$3:$X$9,6,FALSE) -> #N/A | X19: =VLOOKUP($B19,$R$3:$X$9,7,FALSE) -> #N/A | Y19: =VLOOKUP($B19,$R$3:$Z$9,8,FALSE) -> #N/A | Z19: =VLOOKUP($B19,$R$3:$Z$9,9,FALSE) -> #N/A
R20: =B20 -> 0 | S20: =VLOOKUP($B20,$R$3:$X$9,2,FALSE) -> #N/A | T20: =VLOOKUP($B20,$R$3:$X$9,3,FALSE) -> #N/A | U20: =VLOOKUP($B20,$R$3:$X$9,4,FALSE) -> #N/A | V20: =VLOOKUP($B20,$R$3:$X$9,5,FALSE) -> #N/A | W20: =VLOOKUP($B20,$R$3:$X$9,6,FALSE) -> #N/A | X20: =VLOOKUP($B20,$R$3:$X$9,7,FALSE) -> #N/A | Y20: =VLOOKUP($B20,$R$3:$Z$9,8,FALSE) -> #N/A | Z20: =VLOOKUP($B20,$R$3:$Z$9,9,FALSE) -> #N/A
R21: =B21 -> 0 | S21: =VLOOKUP($B21,$R$3:$X$9,2,FALSE) -> #N/A | T21: =VLOOKUP($B21,$R$3:$X$9,3,FALSE) -> #N/A | U21: =VLOOKUP($B21,$R$3:$X$9,4,FALSE) -> #N/A | V21: =VLOOKUP($B21,$R$3:$X$9,5,FALSE) -> #N/A | W21: =VLOOKUP($B21,$R$3:$X$9,6,FALSE) -> #N/A | X21: =VLOOKUP($B21,$R$3:$X$9,7,FALSE) -> #N/A | Y21: =VLOOKUP($B21,$R$3:$Z$9,8,FALSE) -> #N/A | Z21: =VLOOKUP($B21,$R$3:$Z$9,9,FALSE) -> #N/A
R22: =B22 -> 0 | S22: =VLOOKUP($B22,$R$3:$X$9,2,FALSE) -> #N/A | T22: =VLOOKUP($B22,$R$3:$X$9,3,FALSE) -> #N/A | U22: =VLOOKUP($B22,$R$3:$X$9,4,FALSE) -> #N/A | V22: =VLOOKUP($B22,$R$3:$X$9,5,FALSE) -> #N/A | W22: =VLOOKUP($B22,$R$3:$X$9,6,FALSE) -> #N/A | X22: =VLOOKUP($B22,$R$3:$X$9,7,FALSE) -> #N/A | Y22: =VLOOKUP($B22,$R$3:$Z$9,8,FALSE) -> #N/A | Z22: =VLOOKUP($B22,$R$3:$Z$9,9,FALSE) -> #N/A
B23: BRAND | D23: BBT P.G./ O.G | I23: Brand | K23: MTD No. of Brews | L23: MTD | M23: YTD | N23: Target | R23: =B23 -> BRAND | S23: =VLOOKUP($B23,$R$3:$X$9,2,FALSE) -> #N/A | T23: =VLOOKUP($B23,$R$3:$X$9,3,FALSE) -> #N/A | U23: =VLOOKUP($B23,$R$3:$X$9,4,FALSE) -> #N/A | V23: =VLOOKUP($B23,$R$3:$X$9,5,FALSE) -> #N/A | W23: =VLOOKUP($B23,$R$3:$X$9,6,FALSE) -> #N/A | X23: =VLOOKUP($B23,$R$3:$X$9,7,FALSE) -> #N/A | Y23: =VLOOKUP($B23,$R$3:$Z$9,8,FALSE) -> #N/A | Z23: =VLOOKUP($B23,$R$3:$Z$9,9,FALSE) -> #N/A
B24: =I24 -> CARIB | C24: {=[4]Process!$D$223:$D$230} -> 11.9 | D24: 11.81 | I24: CARIB | J24: =AVERAGE(I10:I13) -> 98.350875 | K24: =COUNTA([4]Brewhouse!$B$292:$B$302) -> 11 | L24: =AVERAGE([4]Brewhouse!$AU$292:$AU$302) -> 98.528428 | M24: =AVERAGE([4]Brewhouse!$AU$42:$AU$123,[4]Brewhouse!$AU$125:$AU$188,[4]Brewhouse!$AU$198:$AU$290,[4]Brewhouse!$AU$292:$AU$302) -> 97.904599 | N24: 98 | R24: =B24 -> CARIB | S24: =VLOOKUP($B24,$R$3:$X$9,2,FALSE) -> 11.6 | T24: =VLOOKUP($B24,$R$3:$X$9,3,FALSE) -> 12 | U24: =VLOOKUP($B24,$R$3:$X$9,4,FALSE) -> 0 | V24: =VLOOKUP($B24,$R$3:$X$9,5,FALSE) -> 0.11805556 | W24: =VLOOKUP($B24,$R$3:$X$9,6,FALSE) -> 0.22569444 | X24: =VLOOKUP($B24,$R$3:$X$9,7,FALSE) -> 0.26388889 | Y24: =VLOOKUP($B24,$R$3:$Z$9,8,FALSE) -> 0 | Z24: =VLOOKUP($B24,$R$3:$Z$9,9,FALSE) -> 60
C25: 11.8 | I25: STAG | M25: =AVERAGE([3]Brewhouse!$AS$52:$AS$81,[3]Brewhouse!$AS$83:$AS$124,[3]Brewhouse!$AS$134:$AS$177) -> 98.431196 | N25: 98 | R25: =B25 -> 0 | S25: =VLOOKUP($B25,$R$3:$X$9,2,FALSE) -> #N/A | T25: =VLOOKUP($B25,$R$3:$X$9,3,FALSE) -> #N/A | U25: =VLOOKUP($B25,$R$3:$X$9,4,FALSE) -> #N/A | V25: =VLOOKUP($B25,$R$3:$X$9,5,FALSE) -> #N/A | W25: =VLOOKUP($B25,$R$3:$X$9,6,FALSE) -> #N/A | X25: =VLOOKUP($B25,$R$3:$X$9,7,FALSE) -> #N/A | Y25: =VLOOKUP($B25,$R$3:$Z$9,8,FALSE) -> #N/A | Z25: =VLOOKUP($B25,$R$3:$Z$9,9,FALSE) -> #N/A
C26: 11.7 | D26: 11.92 | I26: GUINNESS | M26: =AVERAGE([5]Brewhouse!$AU$16:$AU$23,[5]Brewhouse!$AU$25:$AU$32,[5]Brewhouse!$AU$34:$AU$41) -> 97.131454 | N26: 98 | R26: =B26 -> 0 | S26: =VLOOKUP($B26,$R$3:$X$9,2,FALSE) -> #N/A | T26: =VLOOKUP($B26,$R$3:$X$9,3,FALSE) -> #N/A | U26: =VLOOKUP($B26,$R$3:$X$9,4,FALSE) -> #N/A | V26: =VLOOKUP($B26,$R$3:$X$9,5,FALSE) -> #N/A | W26: =VLOOKUP($B26,$R$3:$X$9,6,FALSE) -> #N/A | X26: =VLOOKUP($B26,$R$3:$X$9,7,FALSE) -> #N/A | Y26: =VLOOKUP($B26,$R$3:$Z$9,8,FALSE) -> #N/A | Z26: =VLOOKUP($B26,$R$3:$Z$9,9,FALSE) -> #N/A
C27: 11.9 | I27: VITAMALT | M27: =AVERAGE([6]Brewhouse!$AV$23:$AV$34,[6]Brewhouse!$AV$36,[6]Brewhouse!$AV$38:$AV$52) -> 97.639832 | N27: 98 | R27: =B27 -> 0 | S27: =VLOOKUP($B27,$R$3:$X$9,2,FALSE) -> #N/A | T27: =VLOOKUP($B27,$R$3:$X$9,3,FALSE) -> #N/A | U27: =VLOOKUP($B27,$R$3:$X$9,4,FALSE) -> #N/A | V27: =VLOOKUP($B27,$R$3:$X$9,5,FALSE) -> #N/A | W27: =VLOOKUP($B27,$R$3:$X$9,6,FALSE) -> #N/A | X27: =VLOOKUP($B27,$R$3:$X$9,7,FALSE) -> #N/A | Y27: =VLOOKUP($B27,$R$3:$Z$9,8,FALSE) -> #N/A | Z27: =VLOOKUP($B27,$R$3:$Z$9,9,FALSE) -> #N/A
C28: 12.2 | D28: 11.61 | I28: MAXIMALT | N28: 98 | R28: =B28 -> 0 | S28: =VLOOKUP($B28,$R$3:$X$9,2,FALSE) -> #N/A | T28: =VLOOKUP($B28,$R$3:$X$9,3,FALSE) -> #N/A | U28: =VLOOKUP($B28,$R$3:$X$9,4,FALSE) -> #N/A | V28: =VLOOKUP($B28,$R$3:$X$9,5,FALSE) -> #N/A | W28: =VLOOKUP($B28,$R$3:$X$9,6,FALSE) -> #N/A | X28: =VLOOKUP($B28,$R$3:$X$9,7,FALSE) -> #N/A | Y28: =VLOOKUP($B28,$R$3:$Z$9,8,FALSE) -> #N/A | Z28: =VLOOKUP($B28,$R$3:$Z$9,9,FALSE) -> #N/A
C29: 11.8 | I29: MACKESON | M29: =AVERAGE([7]Brewhouse!$AT$4:$AT$11) -> 92.826225 | N29: 98 | R29: =B29 -> 0 | S29: =VLOOKUP($B29,$R$3:$X$9,2,FALSE) -> #N/A | T29: =VLOOKUP($B29,$R$3:$X$9,3,FALSE) -> #N/A | U29: =VLOOKUP($B29,$R$3:$X$9,4,FALSE) -> #N/A | V29: =VLOOKUP($B29,$R$3:$X$9,5,FALSE) -> #N/A | W29: =VLOOKUP($B29,$R$3:$X$9,6,FALSE) -> #N/A | X29: =VLOOKUP($B29,$R$3:$X$9,7,FALSE) -> #N/A | Y29: =VLOOKUP($B29,$R$3:$Z$9,8,FALSE) -> #N/A | Z29: =VLOOKUP($B29,$R$3:$Z$9,9,FALSE) -> #N/A
C30: 11.7 | D30: 11.93 | I30: STARMALT | M30: =AVERAGE([8]Brewhouse!$AY$5:$AY$14,[8]Brewhouse!$AY$16:$AY$23,[8]Brewhouse!$AY$42) -> 97.390504 | N30: 98 | R30: =B30 -> 0 | S30: =VLOOKUP($B30,$R$3:$X$9,2,FALSE) -> #N/A | T30: =VLOOKUP($B30,$R$3:$X$9,3,FALSE) -> #N/A | U30: =VLOOKUP($B30,$R$3:$X$9,4,FALSE) -> #N/A | V30: =VLOOKUP($B30,$R$3:$X$9,5,FALSE) -> #N/A | W30: =VLOOKUP($B30,$R$3:$X$9,6,FALSE) -> #N/A | X30: =VLOOKUP($B30,$R$3:$X$9,7,FALSE) -> #N/A | Y30: =VLOOKUP($B30,$R$3:$Z$9,8,FALSE) -> #N/A | Z30: =VLOOKUP($B30,$R$3:$Z$9,9,FALSE) -> #N/A
C31: 11.9 | I31: HR- Pils | N31: 98 | R31: =B31 -> 0 | S31: =VLOOKUP($B31,$R$3:$X$9,2,FALSE) -> #N/A | T31: =VLOOKUP($B31,$R$3:$X$9,3,FALSE) -> #N/A | U31: =VLOOKUP($B31,$R$3:$X$9,4,FALSE) -> #N/A | V31: =VLOOKUP($B31,$R$3:$X$9,5,FALSE) -> #N/A | W31: =VLOOKUP($B31,$R$3:$X$9,6,FALSE) -> #N/A | X31: =VLOOKUP($B31,$R$3:$X$9,7,FALSE) -> #N/A | Y31: =VLOOKUP($B31,$R$3:$Z$9,8,FALSE) -> #N/A | Z31: =VLOOKUP($B31,$R$3:$Z$9,9,FALSE) -> #N/A
I32: HR- IPA | N32: 98 | R32: =B32 -> 0 | S32: =VLOOKUP($B32,$R$3:$X$9,2,FALSE) -> #N/A | T32: =VLOOKUP($B32,$R$3:$X$9,3,FALSE) -> #N/A | U32: =VLOOKUP($B32,$R$3:$X$9,4,FALSE) -> #N/A | V32: =VLOOKUP($B32,$R$3:$X$9,5,FALSE) -> #N/A | W32: =VLOOKUP($B32,$R$3:$X$9,6,FALSE) -> #N/A | X32: =VLOOKUP($B32,$R$3:$X$9,7,FALSE) -> #N/A | Y32: =VLOOKUP($B32,$R$3:$Z$9,8,FALSE) -> #N/A | Z32: =VLOOKUP($B32,$R$3:$Z$9,9,FALSE) -> #N/A
I33: HR- APA | N33: 98 | R33: =B33 -> 0 | S33: =VLOOKUP($B33,$R$3:$X$9,2,FALSE) -> #N/A | T33: =VLOOKUP($B33,$R$3:$X$9,3,FALSE) -> #N/A | U33: =VLOOKUP($B33,$R$3:$X$9,4,FALSE) -> #N/A | V33: =VLOOKUP($B33,$R$3:$X$9,5,FALSE) -> #N/A | W33: =VLOOKUP($B33,$R$3:$X$9,6,FALSE) -> #N/A | X33: =VLOOKUP($B33,$R$3:$X$9,7,FALSE) -> #N/A | Y33: =VLOOKUP($B33,$R$3:$Z$9,8,FALSE) -> #N/A | Z33: =VLOOKUP($B33,$R$3:$Z$9,9,FALSE) -> #N/A
K34: =SUM(K24:K33) -> 11 | L34: =((L24*K24)+(L25*K25)+(L26*K26)+(L27*K27)+(L28*K28)+(K31*L31)+(L29*K29)+(L30*K30)+(L33*K33))/(K34) -> 98.528428 | M34: =AVERAGE('[9]Jan30th-31st'!$L$42,L34) -> 98.178235 | N34: 98 | R34: =B34 -> 0 | S34: =VLOOKUP($B34,$R$3:$X$9,2,FALSE) -> #N/A | T34: =VLOOKUP($B34,$R$3:$X$9,3,FALSE) -> #N/A | U34: =VLOOKUP($B34,$R$3:$X$9,4,FALSE) -> #N/A | V34: =VLOOKUP($B34,$R$3:$X$9,5,FALSE) -> #N/A | W34: =VLOOKUP($B34,$R$3:$X$9,6,FALSE) -> #N/A | X34: =VLOOKUP($B34,$R$3:$X$9,7,FALSE) -> #N/A | Y34: =VLOOKUP($B34,$R$3:$Z$9,8,FALSE) -> #N/A | Z34: =VLOOKUP($B34,$R$3:$Z$9,9,FALSE) -> #N/A
R35: =B35 -> 0 | S35: =VLOOKUP($B35,$R$3:$X$9,2,FALSE) -> #N/A | T35: =VLOOKUP($B35,$R$3:$X$9,3,FALSE) -> #N/A | U35: =VLOOKUP($B35,$R$3:$X$9,4,FALSE) -> #N/A | V35: =VLOOKUP($B35,$R$3:$X$9,5,FALSE) -> #N/A | W35: =VLOOKUP($B35,$R$3:$X$9,6,FALSE) -> #N/A | X35: =VLOOKUP($B35,$R$3:$X$9,7,FALSE) -> #N/A | Y35: =VLOOKUP($B35,$R$3:$Z$9,8,FALSE) -> #N/A | Z35: =VLOOKUP($B35,$R$3:$Z$9,9,FALSE) -> #N/A
J36: Daily Brewing Plan
J37: Brand | K37: Brews Achieved | L37: Average Brews per day
J38: CARIB | K38: 4 | L38: MTD | M38: YTD | N38: TARGET
J39: STAG | L39: =AVERAGE('Apr 1st'!K50,K48) -> 5.5 | M39: =AVERAGE('[9]Jan30th-31st'!$L$47,L39,'[10]Feb 26th '!$L$39,'[11]Mar 31st'!$L$47) -> 6.1717391 | N39: 9.2
J40: GUINN
J41: VITAMALT
J42: STARMALT
J43: MACKESON
J44: HURRICANE REEF- IPA
J45: HURRICANE REEF- APA
B46: AVERAGE | J46: HR- PILSNER
J47: CARIBE
J48: Total | K48: =SUM(K38:K47) -> 4
B49: Process: | C49: Fermentation/Filtration
B51: Brand | C51: Filt. Date | D51: FV Hls | E51: GFE/ Prim/ Vita Blend (Hls) | F51: SV Hls | G51: BBT Hls | H51: Loss (%) Ferm | I51: Loss (%) Filt | J51: Comments | K51: Throughput | L51: Process Loss (%) | M51: Filt. Operator
AB52: 43474 | AC52: 43475 | AD52: 43476 | AE52: 43477 | AF52: 43478 | AG52: 43479 | AH52: 43480 | AI52: 43481 | AJ52: 43482 | AK52: 43483 | AL52: 43484 | AM52: 43485 | AN52: 43486 | AO52: 43487 | AP52: 43488 | AQ52: 43489 | AR52: 43490 | AS52: 43491 | AT52: 43492 | AU52: 43493 | AV52: 43494 | AW52: 43495 | AX52: 43496
B53: =I24 -> CARIB | C53: 46114 | D53: =[12]April_2026!$E$3 -> 396.4 | F53: =SUM([33]CARIB!$L$8:$L$15) -> 393.9 | G53: =[12]April_2026!$E$7 -> 372.4 | H53: =(D53-F53)/D53*100 -> 0.63067608 | I53: =((F53+E53)-G53)/(F53+E53)*100 -> 5.4582381 | J53: 3 SBF | K53: =[13]April_2026!$E$18 -> 0.32666667 | L53: =(((D53+E53)-G53)/(D53+E53))*100 -> 6.0544904 | M53: G. Mason | AB53: =[14]January_2019!L5 -> 0 | AC53: =[14]January_2019!M5 -> 0 | AD53: =[14]January_2019!N5 -> 0 | AE53: =[14]January_2019!O5 -> 0 | AF53: =[14]January_2019!P5 -> 0 | AG53: =[14]January_2019!Q5 -> 0 | AH53: =[14]January_2019!R5 -> 0 | AI53: =[14]January_2019!S5 -> 0 | ... AX53: =[14]January_2019!AH5 -> 0
AB54: =[14]January_2019!L6 -> 0 | AC54: =[14]January_2019!M6 -> 0 | AD54: =[14]January_2019!N6 -> 0 | AE54: =[14]January_2019!O6 -> 0 | AF54: =[14]January_2019!P6 -> 0 | AG54: =[14]January_2019!Q6 -> 0 | AH54: =[14]January_2019!R6 -> 0 | AI54: =[14]January_2019!S6 -> 0 | ... AX54: =[14]January_2019!AH6 -> 0
AB55: =[14]January_2019!L7 -> 285.8 | AC55: =[14]January_2019!M7 -> 508.1 | AD55: =[14]January_2019!N7 -> 0 | AE55: =[14]January_2019!O7 -> 0 | AF55: =[14]January_2019!P7 -> 109.56667 | AG55: =[14]January_2019!Q7 -> 297.65 | AH55: =[14]January_2019!R7 -> 122.3 | AI55: =[14]January_2019!S7 -> 0 | ... AX55: =[14]January_2019!AH7 -> 0
J57: 1 SBF | L57: =(((D57+E57)-G57)/(D57+E57))*100 -> #DIV/0!
B64: Process Loss (Volume) | G64: Process Loss (Extract) | K64: Throughput
B65: Brand | C65: Actual | D65: MTD | E65: YTD | F65: Target | G65: Actual | H65: MTD | I65: YTD | J65: Target | L65: MTD | M65: YTD | N65: Target
B66: CARIB | C66: =L53 -> 6.0544904 | D66: 6.0544904 | E66: 6.8270296 | F66: 4.8 | G66: =[12]April_2026!$E$11 -> 6.736353 | H66: 6.736353 | I66: 6.7375834 | J66: 4.8 | K66: =K53 -> 0.32666667 | L66: 0.32666667 | M66: 0.42526639 | N66: 1
B67: STAG | E67: 6.3411334 | F67: 4.8 | I67: 6.0615759 | J67: 4.8 | M67: 0.66474567 | N67: 1
B68: GUINN | E68: 12.380136 | F68: 5.5 | I68: 13.955539 | J68: 5.5 | M68: 0.29450526 | N68: 1
B69: VITAMALT | E69: 4.6014184 | F69: 3.3 | I69: 4.327474 | J69: 3.3 | M69: 0.82925439 | N69: 1
B70: APA | F70: 3.3 | J70: 3 | N70: 1
B71: MACKESON | E71: 5.1105651 | F71: =[15]May_2022!$M$43 -> 3.4878407 | I71: 7.913137 | J71: 5.5 | M71: 1.3550877 | N71: 1
B72: STARMALT | E72: 3.9654241 | F72: 3.3 | I72: 5.0010392 | J72: 3.3 | M72: 0.93295906 | N72: 1
B73: IPA | F73: 7.5 | J73: 7.5 | N73: 1
B74: HURRICANE REEF PILS | F74: 4.8 | J74: 4.8 | N74: 1
D75: 6.0544904 | E75: 6.60942 | F75: 5.5 | H75: 6.736353 | I75: 6.801065 | J75: 5.5 | L75: 0.32666667 | M75: 0.54006921 | N75: 1

Sheet Apr 7th
S1: P.G. | U1: Hot Time | W1: Process Time | Y1: Cooling Time
B2: Brewing Department Daily Process Loss Report | S2: Lower | T2: Upper | U2: Lower | V2: Upper | W2: Lower | X2: Upper | Y2: Lower | Z2: Upper
R3: CARIB | S3: 11.6 | T3: 12 | U3: 0 | V3: 0.11805556 | W3: 0.22569444 | X3: 0.26388889 | Y3: 0 | Z3: 60 | AB3: HR- PISNER
B4: Date: | C4: 46120 | J4: LOT WORT COLOUR: | M4: Filter Sheets (Target 20 days) | R4: STAG | S4: 11.6 | T4: 12 | U4: 0 | V4: 0.11805556 | W4: 0.22569444 | X4: 0.26388889 | Y4: 0 | Z4: 60
M5: Double | N5: Single | R5: GUINNESS | S5: 17 | T5: 17.5 | U5: 0 | V5: 0.10763889 | W5: 0.24652778 | X5: 0.28472222 | Y5: 0 | Z5: 60
J6: MALT LOT: Lot #13 | L6: Sheet Day | R6: MACKESON | S6: 13.3 | T6: 13.5 | U6: 0 | V6: 0.12905093 | W6: 0.27430556 | X6: 0.30208333 | Y6: 0
R7: STARMALT | S7: 17 | T7: 17.4 | U7: 0 | V7: 0.13605324 | W7: 0.27430556 | X7: 0.30902778 | Y7: 0 | Z7: 85
B8: Brand | C8: Brew no. | D8: Kett. Hls | E8: Wort | F8: Cool Time(Mins) | G8: Cast. P.G. (Lab Result) | H8: Cast P.G. (Cellar Operator)-gravity | I8: Extr. Rec (77.9%) | J8: Theor. Extr. (77.5%) | K8: Boil Off /Vol. (4-6%) | L8: Boil Time | M8: Total Hot | N8: Brewing Time | O8: Operator | R8: Hurricane Reef | S8: 16.6 | T8: 17 | U8: 0 | V8: 0.12905093 | W8: 0.27430556 | X8: 0.30208333 | Y8: 0
E9: Meter (Hls) | F9: Target(< 60Mins) | M9: Time | R9: VITAMALT | S9: 14.2 | T9: 14.6 | U9: 0 | V9: 0.13905093 | W9: 0.26041667 | X9: 0.29513889 | Y9: 0 | Z9: 75
B10: GUINNESS | C10: =[5]Brewhouse!$A43 -> GU025 | D10: =[5]Brewhouse!$AF43 -> 50.9 | E10: =[5]Brewhouse!$AI43 -> 49.4 | F10: =[5]Brewhouse!$V43 -> 62 | G10: =[5]Brewhouse!$AG43 -> 17.1 | H10: 17.3 | I10: =[5]Brewhouse!$AU43 -> 91.86532 | J10: =[5]Brewhouse!$AV43 -> 92.973268 | K10: =[5]Brewhouse!$R43 -> 17.076649 | L10: =[5]Brewhouse!$O43 -> 56 | M10: =[5]Brewhouse!$U43-[5]Brewhouse!$T43 -> 0.11319444 | N10: =[5]Brewhouse!$Z43 -> 0.27638889 | O10: =[5]Brewhouse!$AW43 -> R. Sookram | R10: =B10 -> GUINNESS | S10: =VLOOKUP($B10,$R$3:$X$9,2,FALSE) -> 17 | T10: =VLOOKUP($B10,$R$3:$X$9,3,FALSE) -> 17.5 | U10: =VLOOKUP($B10,$R$3:$X$9,4,FALSE) -> 0 | V10: =VLOOKUP($B10,$R$3:$X$9,5,FALSE) -> 0.10763889 | W10: =VLOOKUP($B10,$R$3:$X$9,6,FALSE) -> 0.24652778 | X10: =VLOOKUP($B10,$R$3:$X$9,7,FALSE) -> 0.28472222 | Y10: =VLOOKUP($B10,$R$3:$Z$9,8,FALSE) -> 0 | Z10: =VLOOKUP($B10,$R$3:$Z$9,9,FALSE) -> 60
B11: GUINNESS | C11: =[5]Brewhouse!$A44 -> GU026 | D11: =[5]Brewhouse!$AF44 -> 52.5 | E11: =[5]Brewhouse!$AI44 -> 51.1 | F11: =[5]Brewhouse!$V44 -> 63 | G11: =[5]Brewhouse!$AG44 -> 17.4 | H11: 17.4 | I11: =[5]Brewhouse!$AU44 -> 96.795099 | J11: =[5]Brewhouse!$AV44 -> 97.962503 | K11: =[5]Brewhouse!$R44 -> 13.511586 | L11: =[5]Brewhouse!$O44 -> 59 | M11: =[5]Brewhouse!$U44-[5]Brewhouse!$T44 -> 0.11666667 | N11: =[5]Brewhouse!$Z44 -> 0.28402778 | O11: =[5]Brewhouse!$AW44 -> R. Sookram | R11: =B11 -> GUINNESS | S11: =VLOOKUP($B11,$R$3:$X$9,2,FALSE) -> 17 | T11: =VLOOKUP($B11,$R$3:$X$9,3,FALSE) -> 17.5 | U11: =VLOOKUP($B11,$R$3:$X$9,4,FALSE) -> 0 | V11: =VLOOKUP($B11,$R$3:$X$9,5,FALSE) -> 0.10763889 | W11: =VLOOKUP($B11,$R$3:$X$9,6,FALSE) -> 0.24652778 | X11: =VLOOKUP($B11,$R$3:$X$9,7,FALSE) -> 0.28472222 | Y11: =VLOOKUP($B11,$R$3:$Z$9,8,FALSE) -> 0 | Z11: =VLOOKUP($B11,$R$3:$Z$9,9,FALSE) -> 60
B12: GUINNESS | C12: =[5]Brewhouse!$A45 -> GU027 | D12: =[5]Brewhouse!$AF45 -> 53.6 | E12: =[5]Brewhouse!$AI45 -> 52.2 | F12: =[5]Brewhouse!$V45 -> 64 | G12: =[5]Brewhouse!$AG45 -> 17.4 | H12: 17.4 | I12: =[5]Brewhouse!$AU45 -> 98.720711 | J12: =[5]Brewhouse!$AV45 -> 99.911756 | K12: =[5]Brewhouse!$R45 -> 12.976827 | L12: =[5]Brewhouse!$O45 -> 58 | M12: =[5]Brewhouse!$U45-[5]Brewhouse!$T45 -> 0.11597222 | N12: =[5]Brewhouse!$Z45 -> 0.27291667 | O12: =[5]Brewhouse!$AW45 -> D. Gomaz | R12: =B12 -> GUINNESS | S12: =VLOOKUP($B12,$R$3:$X$9,2,FALSE) -> 17 | T12: =VLOOKUP($B12,$R$3:$X$9,3,FALSE) -> 17.5 | U12: =VLOOKUP($B12,$R$3:$X$9,4,FALSE) -> 0 | V12: =VLOOKUP($B12,$R$3:$X$9,5,FALSE) -> 0.10763889 | W12: =VLOOKUP($B12,$R$3:$X$9,6,FALSE) -> 0.24652778 | X12: =VLOOKUP($B12,$R$3:$X$9,7,FALSE) -> 0.28472222 | Y12: =VLOOKUP($B12,$R$3:$Z$9,8,FALSE) -> 0 | Z12: =VLOOKUP($B12,$R$3:$Z$9,9,FALSE) -> 60
B13: GUINNESS | C13: =[5]Brewhouse!$A46 -> GU028 | D13: =[5]Brewhouse!$AF46 -> 52.6 | E13: =[5]Brewhouse!$AI46 -> 51.1 | F13: =[5]Brewhouse!$V46 -> 62 | G13: =[5]Brewhouse!$AG46 -> 17.3 | H13: 17.3 | I13: =[5]Brewhouse!$AU46 -> 95.915862 | J13: =[5]Brewhouse!$AV46 -> 97.073471 | K13: =[5]Brewhouse!$R46 -> 13.511586 | L13: =[5]Brewhouse!$O46 -> 59 | M13: =[5]Brewhouse!$U46-[5]Brewhouse!$T46 -> 0.1125 | N13: =[5]Brewhouse!$Z46 -> 0.26805556 | O13: =[5]Brewhouse!$AW46 -> D. Gomaz | R13: =B13 -> GUINNESS | S13: =VLOOKUP($B13,$R$3:$X$9,2,FALSE) -> 17 | T13: =VLOOKUP($B13,$R$3:$X$9,3,FALSE) -> 17.5 | U13: =VLOOKUP($B13,$R$3:$X$9,4,FALSE) -> 0 | V13: =VLOOKUP($B13,$R$3:$X$9,5,FALSE) -> 0.10763889 | W13: =VLOOKUP($B13,$R$3:$X$9,6,FALSE) -> 0.24652778 | X13: =VLOOKUP($B13,$R$3:$X$9,7,FALSE) -> 0.28472222 | Y13: =VLOOKUP($B13,$R$3:$Z$9,8,FALSE) -> 0 | Z13: =VLOOKUP($B13,$R$3:$Z$9,9,FALSE) -> 60
B14: GUINNESS | C14: =[5]Brewhouse!$A47 -> GU029 | D14: =[5]Brewhouse!$AF47 -> 53.6 | E14: =[5]Brewhouse!$AI47 -> 51.8 | F14: =[5]Brewhouse!$V47 -> 61 | G14: =[5]Brewhouse!$AG47 -> 17 | H14: 17 | I14: =[5]Brewhouse!$AU47 -> 95.695713 | J14: =[5]Brewhouse!$AV47 -> 96.849858 | K14: =[5]Brewhouse!$R47 -> 13.625219 | L14: =[5]Brewhouse!$O47 -> 58 | M14: =[5]Brewhouse!$U47-[5]Brewhouse!$T47 -> 0.11388889 | N14: =[5]Brewhouse!$Z47 -> 0.27291667 | O14: =[5]Brewhouse!$AW47 -> R. Regis | R14: =B14 -> GUINNESS | S14: =VLOOKUP($B14,$R$3:$X$9,2,FALSE) -> 17 | T14: =VLOOKUP($B14,$R$3:$X$9,3,FALSE) -> 17.5 | U14: =VLOOKUP($B14,$R$3:$X$9,4,FALSE) -> 0 | V14: =VLOOKUP($B14,$R$3:$X$9,5,FALSE) -> 0.10763889 | W14: =VLOOKUP($B14,$R$3:$X$9,6,FALSE) -> 0.24652778 | X14: =VLOOKUP($B14,$R$3:$X$9,7,FALSE) -> 0.28472222 | Y14: =VLOOKUP($B14,$R$3:$Z$9,8,FALSE) -> 0 | Z14: =VLOOKUP($B14,$R$3:$Z$9,9,FALSE) -> 60
B15: GUINNESS | C15: =[5]Brewhouse!$A48 -> GU030 | D15: =[5]Brewhouse!$AF48 -> 53.5 | E15: =[5]Brewhouse!$AI48 -> 51.5 | F15: =[5]Brewhouse!$V48 -> 59 | G15: =[5]Brewhouse!$AG48 -> 17.2 | H15: 17 | I15: =[5]Brewhouse!$AU48 -> 96.347141 | J15: =[5]Brewhouse!$AV48 -> 97.509142 | K15: =[5]Brewhouse!$R48 -> 12.358003 | L15: =[5]Brewhouse!$O48 -> 58 | M15: =[5]Brewhouse!$U48-[5]Brewhouse!$T48 -> 0.11041667 | N15: =[5]Brewhouse!$Z48 -> 0.28055556 | O15: =[5]Brewhouse!$AW48 -> R. Regis | R15: =B15 -> GUINNESS | S15: =VLOOKUP($B15,$R$3:$X$9,2,FALSE) -> 17 | T15: =VLOOKUP($B15,$R$3:$X$9,3,FALSE) -> 17.5 | U15: =VLOOKUP($B15,$R$3:$X$9,4,FALSE) -> 0 | V15: =VLOOKUP($B15,$R$3:$X$9,5,FALSE) -> 0.10763889 | W15: =VLOOKUP($B15,$R$3:$X$9,6,FALSE) -> 0.24652778 | X15: =VLOOKUP($B15,$R$3:$X$9,7,FALSE) -> 0.28472222 | Y15: =VLOOKUP($B15,$R$3:$Z$9,8,FALSE) -> 0 | Z15: =VLOOKUP($B15,$R$3:$Z$9,9,FALSE) -> 60
B16: GUINNESS | C16: =[5]Brewhouse!$A49 -> GU031 | D16: =[5]Brewhouse!$AF49 -> 53.3 | E16: =[5]Brewhouse!$AI49 -> 51 | F16: =[5]Brewhouse!$V49 -> 63 | G16: =[5]Brewhouse!$AG49 -> 17.4 | H16: 17.4 | I16: =[5]Brewhouse!$AU49 -> 96.451269 | J16: =[5]Brewhouse!$AV49 -> 97.614934 | K16: =[5]Brewhouse!$R49 -> 11.669535 | L16: =[5]Brewhouse!$O49 -> 59 | M16: =[5]Brewhouse!$U49-[5]Brewhouse!$T49 -> 0.11388889 | N16: =[5]Brewhouse!$Z49 -> 0.27916667 | O16: =[5]Brewhouse!$AW49 -> R. Regis | R16: =B16 -> GUINNESS | S16: =VLOOKUP($B16,$R$3:$X$9,2,FALSE) -> 17 | T16: =VLOOKUP($B16,$R$3:$X$9,3,FALSE) -> 17.5 | U16: =VLOOKUP($B16,$R$3:$X$9,4,FALSE) -> 0 | V16: =VLOOKUP($B16,$R$3:$X$9,5,FALSE) -> 0.10763889 | W16: =VLOOKUP($B16,$R$3:$X$9,6,FALSE) -> 0.24652778 | X16: =VLOOKUP($B16,$R$3:$X$9,7,FALSE) -> 0.28472222 | Y16: =VLOOKUP($B16,$R$3:$Z$9,8,FALSE) -> 0 | Z16: =VLOOKUP($B16,$R$3:$Z$9,9,FALSE) -> 60
B17: GUINNESS | C17: =[5]Brewhouse!$A50 -> GU032 | D17: =[5]Brewhouse!$AF50 -> 53.8 | E17: =[5]Brewhouse!$AI50 -> 52 | F17: =[5]Brewhouse!$V50 -> 67 | G17: =[5]Brewhouse!$AG50 -> 17.3 | H17: 17.2 | I17: =[5]Brewhouse!$AU50 -> 97.996132 | J17: =[5]Brewhouse!$AV50 -> 99.177814 | K17: =[5]Brewhouse!$R50 -> 12.551724 | L17: =[5]Brewhouse!$O50 -> 57 | M17: =[5]Brewhouse!$U50-[5]Brewhouse!$T50 -> 0.11319444 | N17: =[5]Brewhouse!$Z50 -> 0.26319444 | O17: =[5]Brewhouse!$AW50 -> R. Sookram | R17: =B17 -> GUINNESS | S17: =VLOOKUP($B17,$R$3:$X$9,2,FALSE) -> 17 | T17: =VLOOKUP($B17,$R$3:$X$9,3,FALSE) -> 17.5 | U17: =VLOOKUP($B17,$R$3:$X$9,4,FALSE) -> 0 | V17: =VLOOKUP($B17,$R$3:$X$9,5,FALSE) -> 0.10763889 | W17: =VLOOKUP($B17,$R$3:$X$9,6,FALSE) -> 0.24652778 | X17: =VLOOKUP($B17,$R$3:$X$9,7,FALSE) -> 0.28472222 | Y17: =VLOOKUP($B17,$R$3:$Z$9,8,FALSE) -> 0 | Z17: =VLOOKUP($B17,$R$3:$Z$9,9,FALSE) -> 60
R18: =B18 -> 0 | S18: =VLOOKUP($B18,$R$3:$X$9,2,FALSE) -> #N/A | T18: =VLOOKUP($B18,$R$3:$X$9,3,FALSE) -> #N/A | U18: =VLOOKUP($B18,$R$3:$X$9,4,FALSE) -> #N/A | V18: =VLOOKUP($B18,$R$3:$X$9,5,FALSE) -> #N/A | W18: =VLOOKUP($B18,$R$3:$X$9,6,FALSE) -> #N/A | X18: =VLOOKUP($B18,$R$3:$X$9,7,FALSE) -> #N/A | Y18: =VLOOKUP($B18,$R$3:$Z$9,8,FALSE) -> #N/A | Z18: =VLOOKUP($B18,$R$3:$Z$9,9,FALSE) -> #N/A
R19: =B19 -> 0 | S19: =VLOOKUP($B19,$R$3:$X$9,2,FALSE) -> #N/A | T19: =VLOOKUP($B19,$R$3:$X$9,3,FALSE) -> #N/A | U19: =VLOOKUP($B19,$R$3:$X$9,4,FALSE) -> #N/A | V19: =VLOOKUP($B19,$R$3:$X$9,5,FALSE) -> #N/A | W19: =VLOOKUP($B19,$R$3:$X$9,6,FALSE) -> #N/A | X19: =VLOOKUP($B19,$R$3:$X$9,7,FALSE) -> #N/A | Y19: =VLOOKUP($B19,$R$3:$Z$9,8,FALSE) -> #N/A | Z19: =VLOOKUP($B19,$R$3:$Z$9,9,FALSE) -> #N/A
R20: =B20 -> 0 | S20: =VLOOKUP($B20,$R$3:$X$9,2,FALSE) -> #N/A | T20: =VLOOKUP($B20,$R$3:$X$9,3,FALSE) -> #N/A | U20: =VLOOKUP($B20,$R$3:$X$9,4,FALSE) -> #N/A | V20: =VLOOKUP($B20,$R$3:$X$9,5,FALSE) -> #N/A | W20: =VLOOKUP($B20,$R$3:$X$9,6,FALSE) -> #N/A | X20: =VLOOKUP($B20,$R$3:$X$9,7,FALSE) -> #N/A | Y20: =VLOOKUP($B20,$R$3:$Z$9,8,FALSE) -> #N/A | Z20: =VLOOKUP($B20,$R$3:$Z$9,9,FALSE) -> #N/A
R21: =B21 -> 0 | S21: =VLOOKUP($B21,$R$3:$X$9,2,FALSE) -> #N/A | T21: =VLOOKUP($B21,$R$3:$X$9,3,FALSE) -> #N/A | U21: =VLOOKUP($B21,$R$3:$X$9,4,FALSE) -> #N/A | V21: =VLOOKUP($B21,$R$3:$X$9,5,FALSE) -> #N/A | W21: =VLOOKUP($B21,$R$3:$X$9,6,FALSE) -> #N/A | X21: =VLOOKUP($B21,$R$3:$X$9,7,FALSE) -> #N/A | Y21: =VLOOKUP($B21,$R$3:$Z$9,8,FALSE) -> #N/A | Z21: =VLOOKUP($B21,$R$3:$Z$9,9,FALSE) -> #N/A
R22: =B22 -> 0 | S22: =VLOOKUP($B22,$R$3:$X$9,2,FALSE) -> #N/A | T22: =VLOOKUP($B22,$R$3:$X$9,3,FALSE) -> #N/A | U22: =VLOOKUP($B22,$R$3:$X$9,4,FALSE) -> #N/A | V22: =VLOOKUP($B22,$R$3:$X$9,5,FALSE) -> #N/A | W22: =VLOOKUP($B22,$R$3:$X$9,6,FALSE) -> #N/A | X22: =VLOOKUP($B22,$R$3:$X$9,7,FALSE) -> #N/A | Y22: =VLOOKUP($B22,$R$3:$Z$9,8,FALSE) -> #N/A | Z22: =VLOOKUP($B22,$R$3:$Z$9,9,FALSE) -> #N/A
R23: =B23 -> 0 | S23: =VLOOKUP($B23,$R$3:$X$9,2,FALSE) -> #N/A | T23: =VLOOKUP($B23,$R$3:$X$9,3,FALSE) -> #N/A | U23: =VLOOKUP($B23,$R$3:$X$9,4,FALSE) -> #N/A | V23: =VLOOKUP($B23,$R$3:$X$9,5,FALSE) -> #N/A | W23: =VLOOKUP($B23,$R$3:$X$9,6,FALSE) -> #N/A | X23: =VLOOKUP($B23,$R$3:$X$9,7,FALSE) -> #N/A | Y23: =VLOOKUP($B23,$R$3:$Z$9,8,FALSE) -> #N/A | Z23: =VLOOKUP($B23,$R$3:$Z$9,9,FALSE) -> #N/A
R24: =B24 -> 0 | S24: =VLOOKUP($B24,$R$3:$X$9,2,FALSE) -> #N/A | T24: =VLOOKUP($B24,$R$3:$X$9,3,FALSE) -> #N/A | U24: =VLOOKUP($B24,$R$3:$X$9,4,FALSE) -> #N/A | V24: =VLOOKUP($B24,$R$3:$X$9,5,FALSE) -> #N/A | W24: =VLOOKUP($B24,$R$3:$X$9,6,FALSE) -> #N/A | X24: =VLOOKUP($B24,$R$3:$X$9,7,FALSE) -> #N/A | Y24: =VLOOKUP($B24,$R$3:$Z$9,8,FALSE) -> #N/A | Z24: =VLOOKUP($B24,$R$3:$Z$9,9,FALSE) -> #N/A
B25: BRAND | D25: BBT P.G./ O.G | I25: Brand | K25: MTD No. of Brews | L25: MTD | M25: YTD | N25: Target | R25: =B25 -> BRAND | S25: =VLOOKUP($B25,$R$3:$X$9,2,FALSE) -> #N/A | T25: =VLOOKUP($B25,$R$3:$X$9,3,FALSE) -> #N/A | U25: =VLOOKUP($B25,$R$3:$X$9,4,FALSE) -> #N/A | V25: =VLOOKUP($B25,$R$3:$X$9,5,FALSE) -> #N/A | W25: =VLOOKUP($B25,$R$3:$X$9,6,FALSE) -> #N/A | X25: =VLOOKUP($B25,$R$3:$X$9,7,FALSE) -> #N/A | Y25: =VLOOKUP($B25,$R$3:$Z$9,8,FALSE) -> #N/A | Z25: =VLOOKUP($B25,$R$3:$Z$9,9,FALSE) -> #N/A
B26: =I26 -> CARIB | C26: {=[4]Process!$D$221:$D$222} -> 11.7 | D26: 11.9 | I26: CARIB | K26: =COUNTA([4]Brewhouse!$B$292:$B$302) -> 11 | L26: =AVERAGE([4]Brewhouse!$AU$292:$AU$302) -> 98.528428 | M26: =AVERAGE([4]Brewhouse!$AU$42:$AU$123,[4]Brewhouse!$AU$125:$AU$188,[4]Brewhouse!$AU$198:$AU$290,[4]Brewhouse!$AU$292:$AU$302) -> 97.904599 | N26: 98 | R26: =B26 -> CARIB | S26: =VLOOKUP($B26,$R$3:$X$9,2,FALSE) -> 11.6 | T26: =VLOOKUP($B26,$R$3:$X$9,3,FALSE) -> 12 | U26: =VLOOKUP($B26,$R$3:$X$9,4,FALSE) -> 0 | V26: =VLOOKUP($B26,$R$3:$X$9,5,FALSE) -> 0.11805556 | W26: =VLOOKUP($B26,$R$3:$X$9,6,FALSE) -> 0.22569444 | X26: =VLOOKUP($B26,$R$3:$X$9,7,FALSE) -> 0.26388889 | Y26: =VLOOKUP($B26,$R$3:$Z$9,8,FALSE) -> 0 | Z26: =VLOOKUP($B26,$R$3:$Z$9,9,FALSE) -> 60
C27: 11.9 | I27: STAG | M27: =AVERAGE([3]Brewhouse!$AS$52:$AS$81,[3]Brewhouse!$AS$83:$AS$124,[3]Brewhouse!$AS$134:$AS$177) -> 98.431196 | N27: 98 | R27: =B27 -> 0 | S27: =VLOOKUP($B27,$R$3:$X$9,2,FALSE) -> #N/A | T27: =VLOOKUP($B27,$R$3:$X$9,3,FALSE) -> #N/A | U27: =VLOOKUP($B27,$R$3:$X$9,4,FALSE) -> #N/A | V27: =VLOOKUP($B27,$R$3:$X$9,5,FALSE) -> #N/A | W27: =VLOOKUP($B27,$R$3:$X$9,6,FALSE) -> #N/A | X27: =VLOOKUP($B27,$R$3:$X$9,7,FALSE) -> #N/A | Y27: =VLOOKUP($B27,$R$3:$Z$9,8,FALSE) -> #N/A | Z27: =VLOOKUP($B27,$R$3:$Z$9,9,FALSE) -> #N/A
C28: {=[4]Process!$D$231:$D$234} -> 11.7 | D28: 11.86 | I28: GUINNESS | J28: =AVERAGE(I10:I17) -> 96.223406 | K28: =COUNTA([5]Brewhouse!$A$43:$A$50) -> 8 | L28: =AVERAGE([5]Brewhouse!$AU$43:$AU$50) -> 96.223406 | M28: =AVERAGE([5]Brewhouse!$AU$16:$AU$23,[5]Brewhouse!$AU$25:$AU$32,[5]Brewhouse!$AU$34:$AU$41,[5]Brewhouse!$AU$43:$AU$50) -> 96.904442 | N28: 98 | R28: =B28 -> 0 | S28: =VLOOKUP($B28,$R$3:$X$9,2,FALSE) -> #N/A | T28: =VLOOKUP($B28,$R$3:$X$9,3,FALSE) -> #N/A | U28: =VLOOKUP($B28,$R$3:$X$9,4,FALSE) -> #N/A | V28: =VLOOKUP($B28,$R$3:$X$9,5,FALSE) -> #N/A | W28: =VLOOKUP($B28,$R$3:$X$9,6,FALSE) -> #N/A | X28: =VLOOKUP($B28,$R$3:$X$9,7,FALSE) -> #N/A | Y28: =VLOOKUP($B28,$R$3:$Z$9,8,FALSE) -> #N/A | Z28: =VLOOKUP($B28,$R$3:$Z$9,9,FALSE) -> #N/A
C29: 12.1 | I29: VITAMALT | M29: =AVERAGE([6]Brewhouse!$AV$23:$AV$34,[6]Brewhouse!$AV$36,[6]Brewhouse!$AV$38:$AV$52) -> 97.639832 | N29: 98 | R29: =B29 -> 0 | S29: =VLOOKUP($B29,$R$3:$X$9,2,FALSE) -> #N/A | T29: =VLOOKUP($B29,$R$3:$X$9,3,FALSE) -> #N/A | U29: =VLOOKUP($B29,$R$3:$X$9,4,FALSE) -> #N/A | V29: =VLOOKUP($B29,$R$3:$X$9,5,FALSE) -> #N/A | W29: =VLOOKUP($B29,$R$3:$X$9,6,FALSE) -> #N/A | X29: =VLOOKUP($B29,$R$3:$X$9,7,FALSE) -> #N/A | Y29: =VLOOKUP($B29,$R$3:$Z$9,8,FALSE) -> #N/A | Z29: =VLOOKUP($B29,$R$3:$Z$9,9,FALSE) -> #N/A
C30: 11.9 | D30: 12.01 | I30: MAXIMALT | N30: 98 | R30: =B30 -> 0 | S30: =VLOOKUP($B30,$R$3:$X$9,2,FALSE) -> #N/A | T30: =VLOOKUP($B30,$R$3:$X$9,3,FALSE) -> #N/A | U30: =VLOOKUP($B30,$R$3:$X$9,4,FALSE) -> #N/A | V30: =VLOOKUP($B30,$R$3:$X$9,5,FALSE) -> #N/A | W30: =VLOOKUP($B30,$R$3:$X$9,6,FALSE) -> #N/A | X30: =VLOOKUP($B30,$R$3:$X$9,7,FALSE) -> #N/A | Y30: =VLOOKUP($B30,$R$3:$Z$9,8,FALSE) -> #N/A | Z30: =VLOOKUP($B30,$R$3:$Z$9,9,FALSE) -> #N/A
C31: 11.9 | I31: MACKESON | M31: =AVERAGE([7]Brewhouse!$AT$4:$AT$11) -> 92.826225 | N31: 98 | R31: =B31 -> 0 | S31: =VLOOKUP($B31,$R$3:$X$9,2,FALSE) -> #N/A | T31: =VLOOKUP($B31,$R$3:$X$9,3,FALSE) -> #N/A | U31: =VLOOKUP($B31,$R$3:$X$9,4,FALSE) -> #N/A | V31: =VLOOKUP($B31,$R$3:$X$9,5,FALSE) -> #N/A | W31: =VLOOKUP($B31,$R$3:$X$9,6,FALSE) -> #N/A | X31: =VLOOKUP($B31,$R$3:$X$9,7,FALSE) -> #N/A | Y31: =VLOOKUP($B31,$R$3:$Z$9,8,FALSE) -> #N/A | Z31: =VLOOKUP($B31,$R$3:$Z$9,9,FALSE) -> #N/A
C32: {=[4]Process!$D$247:$D$248} -> 11.9 | D32: 12.06 | I32: STARMALT | M32: =AVERAGE([8]Brewhouse!$AY$5:$AY$14,[8]Brewhouse!$AY$16:$AY$23,[8]Brewhouse!$AY$42) -> 97.390504 | N32: 98 | R32: =B32 -> 0 | S32: =VLOOKUP($B32,$R$3:$X$9,2,FALSE) -> #N/A | T32: =VLOOKUP($B32,$R$3:$X$9,3,FALSE) -> #N/A | U32: =VLOOKUP($B32,$R$3:$X$9,4,FALSE) -> #N/A | V32: =VLOOKUP($B32,$R$3:$X$9,5,FALSE) -> #N/A | W32: =VLOOKUP($B32,$R$3:$X$9,6,FALSE) -> #N/A | X32: =VLOOKUP($B32,$R$3:$X$9,7,FALSE) -> #N/A | Y32: =VLOOKUP($B32,$R$3:$Z$9,8,FALSE) -> #N/A | Z32: =VLOOKUP($B32,$R$3:$Z$9,9,FALSE) -> #N/A
C33: 12 | I33: HR- Pils | N33: 98 | R33: =B33 -> 0 | S33: =VLOOKUP($B33,$R$3:$X$9,2,FALSE) -> #N/A | T33: =VLOOKUP($B33,$R$3:$X$9,3,FALSE) -> #N/A | U33: =VLOOKUP($B33,$R$3:$X$9,4,FALSE) -> #N/A | V33: =VLOOKUP($B33,$R$3:$X$9,5,FALSE) -> #N/A | W33: =VLOOKUP($B33,$R$3:$X$9,6,FALSE) -> #N/A | X33: =VLOOKUP($B33,$R$3:$X$9,7,FALSE) -> #N/A | Y33: =VLOOKUP($B33,$R$3:$Z$9,8,FALSE) -> #N/A | Z33: =VLOOKUP($B33,$R$3:$Z$9,9,FALSE) -> #N/A
I34: HR- IPA | N34: 98 | R34: =B34 -> 0 | S34: =VLOOKUP($B34,$R$3:$X$9,2,FALSE) -> #N/A | T34: =VLOOKUP($B34,$R$3:$X$9,3,FALSE) -> #N/A | U34: =VLOOKUP($B34,$R$3:$X$9,4,FALSE) -> #N/A | V34: =VLOOKUP($B34,$R$3:$X$9,5,FALSE) -> #N/A | W34: =VLOOKUP($B34,$R$3:$X$9,6,FALSE) -> #N/A | X34: =VLOOKUP($B34,$R$3:$X$9,7,FALSE) -> #N/A | Y34: =VLOOKUP($B34,$R$3:$Z$9,8,FALSE) -> #N/A | Z34: =VLOOKUP($B34,$R$3:$Z$9,9,FALSE) -> #N/A
I35: HR- APA | N35: 98 | R35: =B35 -> 0 | S35: =VLOOKUP($B35,$R$3:$X$9,2,FALSE) -> #N/A | T35: =VLOOKUP($B35,$R$3:$X$9,3,FALSE) -> #N/A | U35: =VLOOKUP($B35,$R$3:$X$9,4,FALSE) -> #N/A | V35: =VLOOKUP($B35,$R$3:$X$9,5,FALSE) -> #N/A | W35: =VLOOKUP($B35,$R$3:$X$9,6,FALSE) -> #N/A | X35: =VLOOKUP($B35,$R$3:$X$9,7,FALSE) -> #N/A | Y35: =VLOOKUP($B35,$R$3:$Z$9,8,FALSE) -> #N/A | Z35: =VLOOKUP($B35,$R$3:$Z$9,9,FALSE) -> #N/A
K36: =SUM(K26:K35) -> 19 | L36: =((L26*K26)+(L27*K27)+(L28*K28)+(L29*K29)+(L30*K30)+(K33*L33)+(L31*K31)+(L32*K32)+(L35*K35))/(K36) -> 97.557893 | M36: =AVERAGE('[9]Jan30th-31st'!$L$42,L36) -> 97.692967 | N36: 98 | R36: =B36 -> 0 | S36: =VLOOKUP($B36,$R$3:$X$9,2,FALSE) -> #N/A | T36: =VLOOKUP($B36,$R$3:$X$9,3,FALSE) -> #N/A | U36: =VLOOKUP($B36,$R$3:$X$9,4,FALSE) -> #N/A | V36: =VLOOKUP($B36,$R$3:$X$9,5,FALSE) -> #N/A | W36: =VLOOKUP($B36,$R$3:$X$9,6,FALSE) -> #N/A | X36: =VLOOKUP($B36,$R$3:$X$9,7,FALSE) -> #N/A | Y36: =VLOOKUP($B36,$R$3:$Z$9,8,FALSE) -> #N/A | Z36: =VLOOKUP($B36,$R$3:$Z$9,9,FALSE) -> #N/A
R37: =B37 -> 0 | S37: =VLOOKUP($B37,$R$3:$X$9,2,FALSE) -> #N/A | T37: =VLOOKUP($B37,$R$3:$X$9,3,FALSE) -> #N/A | U37: =VLOOKUP($B37,$R$3:$X$9,4,FALSE) -> #N/A | V37: =VLOOKUP($B37,$R$3:$X$9,5,FALSE) -> #N/A | W37: =VLOOKUP($B37,$R$3:$X$9,6,FALSE) -> #N/A | X37: =VLOOKUP($B37,$R$3:$X$9,7,FALSE) -> #N/A | Y37: =VLOOKUP($B37,$R$3:$Z$9,8,FALSE) -> #N/A | Z37: =VLOOKUP($B37,$R$3:$Z$9,9,FALSE) -> #N/A
J38: Daily Brewing Plan
J39: Brand | K39: Brews Achieved | L39: Average Brews per day
J40: CARIB | L40: MTD | M40: YTD | N40: TARGET
J41: STAG | L41: =AVERAGE('Apr 1st'!K50,K50,'Apr 2nd'!K48) -> 6.3333333 | M41: =AVERAGE('[9]Jan30th-31st'!$L$47,L41,'[10]Feb 26th '!$L$39,'[11]Mar 31st'!$L$47) -> 6.3800725 | N41: 9.2
J42: GUINN | K42: 8
J43: VITAMALT
J44: STARMALT
J45: MACKESON
J46: HURRICANE REEF- IPA
J47: HURRICANE REEF- APA
B48: AVERAGE | J48: HR- PILSNER
J49: CARIBE
J50: Total | K50: =SUM(K40:K49) -> 8
B51: Process: | C51: Fermentation/Filtration
B53: Brand | C53: Filt. Date | D53: FV Hls | E53: GFE/ Prim/ Vita Blend (Hls) | F53: SV Hls | G53: BBT Hls | H53: Loss (%) Ferm | I53: Loss (%) Filt | J53: Comments | K53: Throughput | L53: Process Loss (%) | M53: Filt. Operator
AB54: 43474 | AC54: 43475 | AD54: 43476 | AE54: 43477 | AF54: 43478 | AG54: 43479 | AH54: 43480 | AI54: 43481 | AJ54: 43482 | AK54: 43483 | AL54: 43484 | AM54: 43485 | AN54: 43486 | AO54: 43487 | AP54: 43488 | AQ54: 43489 | AR54: 43490 | AS54: 43491 | AT54: 43492 | AU54: 43493 | AV54: 43494 | AW54: 43495 | AX54: 43496
B55: =I26 -> CARIB | C55: 46119 | D55: =[12]April_2026!$J$3 -> 406.4 | G55: =[12]April_2026!$J$7 -> 382.9 | J55: NO SBF | K55: =[13]April_2026!$J$18 -> 1.3435088 | L55: =(((D55+E55)-G55)/(D55+E55))*100 -> 5.7824803 | M55: R. Regis | AB55: =[14]January_2019!L5 -> 0 | AC55: =[14]January_2019!M5 -> 0 | AD55: =[14]January_2019!N5 -> 0 | AE55: =[14]January_2019!O5 -> 0 | AF55: =[14]January_2019!P5 -> 0 | AG55: =[14]January_2019!Q5 -> 0 | AH55: =[14]January_2019!R5 -> 0 | AI55: =[14]January_2019!S5 -> 0 | ... AX55: =[14]January_2019!AH5 -> 0
AB56: =[14]January_2019!L6 -> 0 | AC56: =[14]January_2019!M6 -> 0 | AD56: =[14]January_2019!N6 -> 0 | AE56: =[14]January_2019!O6 -> 0 | AF56: =[14]January_2019!P6 -> 0 | AG56: =[14]January_2019!Q6 -> 0 | AH56: =[14]January_2019!R6 -> 0 | AI56: =[14]January_2019!S6 -> 0 | ... AX56: =[14]January_2019!AH6 -> 0
AB57: =[14]January_2019!L7 -> 285.8 | AC57: =[14]January_2019!M7 -> 508.1 | AD57: =[14]January_2019!N7 -> 0 | AE57: =[14]January_2019!O7 -> 0 | AF57: =[14]January_2019!P7 -> 109.56667 | AG57: =[14]January_2019!Q7 -> 297.65 | AH57: =[14]January_2019!R7 -> 122.3 | AI57: =[14]January_2019!S7 -> 0 | ... AX57: =[14]January_2019!AH7 -> 0
J59: 1 SBF | L59: =(((D59+E59)-G59)/(D59+E59))*100 -> #DIV/0!
B66: Process Loss (Volume) | G66: Process Loss (Extract) | K66: Throughput
B67: Brand | C67: Actual | D67: MTD | E67: YTD | F67: Target | G67: Actual | H67: MTD | I67: YTD | J67: Target | L67: MTD | M67: YTD | N67: Target
B68: CARIB | C68: =L55 -> 5.7824803 | D68: 5.9167912 | E68: 6.7898106 | F68: 4.8 | G68: =[12]April_2026!$J$11 -> 4.948697 | H68: 5.8303113 | I68: 6.6736853 | J68: 4.8 | K68: =K55 -> 1.3435088 | L68: 0.83385965 | M68: 0.44915217 | N68: 1
B69: STAG | E69: 6.3411334 | F69: 4.8 | I69: 6.0615759 | J69: 4.8 | M69: 0.66474567 | N69: 1
B70: GUINN | E70: 12.380136 | F70: 5.5 | I70: 13.955539 | J70: 5.5 | M70: 0.29450526 | N70: 1
B71: VITAMALT | E71: 4.6014184 | F71: 3.3 | I71: 4.327474 | J71: 3.3 | M71: 0.82925439 | N71: 1
B72: APA | F72: 3.3 | J72: 3 | N72: 1
B73: MACKESON | E73: 5.1105651 | F73: =[15]May_2022!$M$43 -> 3.4878407 | I73: 7.913137 | J73: 5.5 | M73: 1.3550877 | N73: 1
B74: STARMALT | E74: 3.9654241 | F74: 3.3 | I74: 5.0010392 | J74: 3.3 | M74: 0.93295906 | N74: 1
B75: IPA | F75: 7.5 | J75: 7.5 | N75: 1
B76: HURRICANE REEF PILS | F76: 4.8 | J76: 4.8 | N76: 1
D77: 5.9167912 | E77: 6.594074 | F77: 5.5 | H77: 5.8303113 | I77: 6.7698283 | J77: 5.5 | L77: 0.83385965 | M77: 0.55220532 | N77: 1

Sheet Apr 8th
S1: P.G. | U1: Hot Time | W1: Process Time | Y1: Cooling Time
B2: Brewing Department Daily Process Loss Report | S2: Lower | T2: Upper | U2: Lower | V2: Upper | W2: Lower | X2: Upper | Y2: Lower | Z2: Upper
R3: CARIB | S3: 11.6 | T3: 12 | U3: 0 | V3: 0.11805556 | W3: 0.22569444 | X3: 0.26388889 | Y3: 0 | Z3: 60 | AB3: HR- PISNER
B4: Date: | C4: 46121 | J4: LOT WORT COLOUR: | M4: Filter Sheets (Target 20 days) | R4: STAG | S4: 11.6 | T4: 12 | U4: 0 | V4: 0.11805556 | W4: 0.22569444 | X4: 0.26388889 | Y4: 0 | Z4: 60
M5: Double | N5: Single | R5: GUINNESS | S5: 17 | T5: 17.5 | U5: 0 | V5: 0.10763889 | W5: 0.24652778 | X5: 0.28472222 | Y5: 0 | Z5: 60
J6: MALT LOT: Lot #13 | L6: Sheet Day | R6: MACKESON | S6: 13.3 | T6: 13.5 | U6: 0 | V6: 0.12905093 | W6: 0.27430556 | X6: 0.30208333 | Y6: 0
R7: STARMALT | S7: 17 | T7: 17.4 | U7: 0 | V7: 0.13605324 | W7: 0.27430556 | X7: 0.30902778 | Y7: 0 | Z7: 85
B8: Brand | C8: Brew no. | D8: Kett. Hls | E8: Wort | F8: Cool Time(Mins) | G8: Cast. P.G. (Lab Result) | H8: Cast P.G. (Cellar Operator)-gravity | I8: Extr. Rec (77.9%) | J8: Theor. Extr. (77.5%) | K8: Boil Off /Vol. (4-6%) | L8: Boil Time | M8: Total Hot | N8: Brewing Time | O8: Operator | R8: Hurricane Reef | S8: 16.6 | T8: 17 | U8: 0 | V8: 0.12905093 | W8: 0.27430556 | X8: 0.30208333 | Y8: 0
E9: Meter (Hls) | F9: Target(< 60Mins) | M9: Time | R9: VITAMALT | S9: 14.2 | T9: 14.6 | U9: 0 | V9: 0.13905093 | W9: 0.26041667 | X9: 0.29513889 | Y9: 0 | Z9: 75
B10: STAG | C10: =[3]Brewhouse!$A179 -> ST126 | D10: =[3]Brewhouse!$AB179 -> 53.1 | E10: =[3]Brewhouse!$AG179 -> 48.3 | F10: =[3]Brewhouse!$V179 -> 60 | G10: =[3]Brewhouse!$AE179 -> 11.8 | H10: 11.7 | I10: =[3]Brewhouse!$AS179 -> 95.736024 | J10: =[3]Brewhouse!$AT179 -> 96.849744 | K10: =[3]Brewhouse!$Q179 -> 12.193974 | L10: =[3]Brewhouse!$P179 -> 61 | M10: =[3]Brewhouse!$U179-[3]Brewhouse!$T179 -> 0.11180556 | N10: =[3]Brewhouse!$AW179 -> 0.24652778 | O10: =[3]Brewhouse!$AV179 -> R. Regis | R10: =B10 -> STAG | S10: =VLOOKUP($B10,$R$3:$X$9,2,FALSE) -> 11.6 | T10: =VLOOKUP($B10,$R$3:$X$9,3,FALSE) -> 12 | U10: =VLOOKUP($B10,$R$3:$X$9,4,FALSE) -> 0 | V10: =VLOOKUP($B10,$R$3:$X$9,5,FALSE) -> 0.11805556 | W10: =VLOOKUP($B10,$R$3:$X$9,6,FALSE) -> 0.22569444 | X10: =VLOOKUP($B10,$R$3:$X$9,7,FALSE) -> 0.26388889 | Y10: =VLOOKUP($B10,$R$3:$Z$9,8,FALSE) -> 0 | Z10: =VLOOKUP($B10,$R$3:$Z$9,9,FALSE) -> 60
B11: STAG | C11: =[3]Brewhouse!$A180 -> ST127 | D11: =[3]Brewhouse!$AB180 -> 53.1 | E11: =[3]Brewhouse!$AG180 -> 49.6 | F11: =[3]Brewhouse!$V180 -> 59 | G11: =[3]Brewhouse!$AE180 -> 12 | H11: 12 | I11: =[3]Brewhouse!$AS180 -> 100.19207 | J11: =[3]Brewhouse!$AT180 -> 101.35724 | K11: =[3]Brewhouse!$Q180 -> 12.570621 | L11: =[3]Brewhouse!$P180 -> 59 | M11: =[3]Brewhouse!$U180-[3]Brewhouse!$T180 -> 0.11111111 | N11: =[3]Brewhouse!$AW180 -> 0.24444444 | O11: =[3]Brewhouse!$AV180 -> R.Sookram | R11: =B11 -> STAG | S11: =VLOOKUP($B11,$R$3:$X$9,2,FALSE) -> 11.6 | T11: =VLOOKUP($B11,$R$3:$X$9,3,FALSE) -> 12 | U11: =VLOOKUP($B11,$R$3:$X$9,4,FALSE) -> 0 | V11: =VLOOKUP($B11,$R$3:$X$9,5,FALSE) -> 0.11805556 | W11: =VLOOKUP($B11,$R$3:$X$9,6,FALSE) -> 0.22569444 | X11: =VLOOKUP($B11,$R$3:$X$9,7,FALSE) -> 0.26388889 | Y11: =VLOOKUP($B11,$R$3:$Z$9,8,FALSE) -> 0 | Z11: =VLOOKUP($B11,$R$3:$Z$9,9,FALSE) -> 60
B12: STAG | C12: =[3]Brewhouse!$A181 -> ST128 | D12: =[3]Brewhouse!$AB181 -> 53.1 | E12: =[3]Brewhouse!$AG181 -> 49.3 | F12: =[3]Brewhouse!$V181 -> 61 | G12: =[3]Brewhouse!$AE181 -> 12 | H12: 11.9 | I12: =[3]Brewhouse!$AS181 -> 99.586067 | J12: =[3]Brewhouse!$AT181 -> 100.74419 | K12: =[3]Brewhouse!$Q181 -> 12.947269 | L12: =[3]Brewhouse!$P181 -> 58 | M12: =[3]Brewhouse!$U181-[3]Brewhouse!$T181 -> 0.10763889 | N12: =[3]Brewhouse!$AW181 -> 0.24791667 | O12: =[3]Brewhouse!$AV181 -> R.Sookram | R12: =B12 -> STAG | S12: =VLOOKUP($B12,$R$3:$X$9,2,FALSE) -> 11.6 | T12: =VLOOKUP($B12,$R$3:$X$9,3,FALSE) -> 12 | U12: =VLOOKUP($B12,$R$3:$X$9,4,FALSE) -> 0 | V12: =VLOOKUP($B12,$R$3:$X$9,5,FALSE) -> 0.11805556 | W12: =VLOOKUP($B12,$R$3:$X$9,6,FALSE) -> 0.22569444 | X12: =VLOOKUP($B12,$R$3:$X$9,7,FALSE) -> 0.26388889 | Y12: =VLOOKUP($B12,$R$3:$Z$9,8,FALSE) -> 0 | Z12: =VLOOKUP($B12,$R$3:$Z$9,9,FALSE) -> 60
R13: =B13 -> 0 | S13: =VLOOKUP($B13,$R$3:$X$9,2,FALSE) -> #N/A | T13: =VLOOKUP($B13,$R$3:$X$9,3,FALSE) -> #N/A | U13: =VLOOKUP($B13,$R$3:$X$9,4,FALSE) -> #N/A | V13: =VLOOKUP($B13,$R$3:$X$9,5,FALSE) -> #N/A | W13: =VLOOKUP($B13,$R$3:$X$9,6,FALSE) -> #N/A | X13: =VLOOKUP($B13,$R$3:$X$9,7,FALSE) -> #N/A | Y13: =VLOOKUP($B13,$R$3:$Z$9,8,FALSE) -> #N/A | Z13: =VLOOKUP($B13,$R$3:$Z$9,9,FALSE) -> #N/A
R14: =B14 -> 0 | S14: =VLOOKUP($B14,$R$3:$X$9,2,FALSE) -> #N/A | T14: =VLOOKUP($B14,$R$3:$X$9,3,FALSE) -> #N/A | U14: =VLOOKUP($B14,$R$3:$X$9,4,FALSE) -> #N/A | V14: =VLOOKUP($B14,$R$3:$X$9,5,FALSE) -> #N/A | W14: =VLOOKUP($B14,$R$3:$X$9,6,FALSE) -> #N/A | X14: =VLOOKUP($B14,$R$3:$X$9,7,FALSE) -> #N/A | Y14: =VLOOKUP($B14,$R$3:$Z$9,8,FALSE) -> #N/A | Z14: =VLOOKUP($B14,$R$3:$Z$9,9,FALSE) -> #N/A
R15: =B15 -> 0 | S15: =VLOOKUP($B15,$R$3:$X$9,2,FALSE) -> #N/A | T15: =VLOOKUP($B15,$R$3:$X$9,3,FALSE) -> #N/A | U15: =VLOOKUP($B15,$R$3:$X$9,4,FALSE) -> #N/A | V15: =VLOOKUP($B15,$R$3:$X$9,5,FALSE) -> #N/A | W15: =VLOOKUP($B15,$R$3:$X$9,6,FALSE) -> #N/A | X15: =VLOOKUP($B15,$R$3:$X$9,7,FALSE) -> #N/A | Y15: =VLOOKUP($B15,$R$3:$Z$9,8,FALSE) -> #N/A | Z15: =VLOOKUP($B15,$R$3:$Z$9,9,FALSE) -> #N/A
R16: =B16 -> 0 | S16: =VLOOKUP($B16,$R$3:$X$9,2,FALSE) -> #N/A | T16: =VLOOKUP($B16,$R$3:$X$9,3,FALSE) -> #N/A | U16: =VLOOKUP($B16,$R$3:$X$9,4,FALSE) -> #N/A | V16: =VLOOKUP($B16,$R$3:$X$9,5,FALSE) -> #N/A | W16: =VLOOKUP($B16,$R$3:$X$9,6,FALSE) -> #N/A | X16: =VLOOKUP($B16,$R$3:$X$9,7,FALSE) -> #N/A | Y16: =VLOOKUP($B16,$R$3:$Z$9,8,FALSE) -> #N/A | Z16: =VLOOKUP($B16,$R$3:$Z$9,9,FALSE) -> #N/A
R17: =B17 -> 0 | S17: =VLOOKUP($B17,$R$3:$X$9,2,FALSE) -> #N/A | T17: =VLOOKUP($B17,$R$3:$X$9,3,FALSE) -> #N/A | U17: =VLOOKUP($B17,$R$3:$X$9,4,FALSE) -> #N/A | V17: =VLOOKUP($B17,$R$3:$X$9,5,FALSE) -> #N/A | W17: =VLOOKUP($B17,$R$3:$X$9,6,FALSE) -> #N/A | X17: =VLOOKUP($B17,$R$3:$X$9,7,FALSE) -> #N/A | Y17: =VLOOKUP($B17,$R$3:$Z$9,8,FALSE) -> #N/A | Z17: =VLOOKUP($B17,$R$3:$Z$9,9,FALSE) -> #N/A
R18: =B18 -> 0 | S18: =VLOOKUP($B18,$R$3:$X$9,2,FALSE) -> #N/A | T18: =VLOOKUP($B18,$R$3:$X$9,3,FALSE) -> #N/A | U18: =VLOOKUP($B18,$R$3:$X$9,4,FALSE) -> #N/A | V18: =VLOOKUP($B18,$R$3:$X$9,5,FALSE) -> #N/A | W18: =VLOOKUP($B18,$R$3:$X$9,6,FALSE) -> #N/A | X18: =VLOOKUP($B18,$R$3:$X$9,7,FALSE) -> #N/A | Y18: =VLOOKUP($B18,$R$3:$Z$9,8,FALSE) -> #N/A | Z18: =VLOOKUP($B18,$R$3:$Z$9,9,FALSE) -> #N/A
R19: =B19 -> 0 | S19: =VLOOKUP($B19,$R$3:$X$9,2,FALSE) -> #N/A | T19: =VLOOKUP($B19,$R$3:$X$9,3,FALSE) -> #N/A | U19: =VLOOKUP($B19,$R$3:$X$9,4,FALSE) -> #N/A | V19: =VLOOKUP($B19,$R$3:$X$9,5,FALSE) -> #N/A | W19: =VLOOKUP($B19,$R$3:$X$9,6,FALSE) -> #N/A | X19: =VLOOKUP($B19,$R$3:$X$9,7,FALSE) -> #N/A | Y19: =VLOOKUP($B19,$R$3:$Z$9,8,FALSE) -> #N/A | Z19: =VLOOKUP($B19,$R$3:$Z$9,9,FALSE) -> #N/A
R20: =B20 -> 0 | S20: =VLOOKUP($B20,$R$3:$X$9,2,FALSE) -> #N/A | T20: =VLOOKUP($B20,$R$3:$X$9,3,FALSE) -> #N/A | U20: =VLOOKUP($B20,$R$3:$X$9,4,FALSE) -> #N/A | V20: =VLOOKUP($B20,$R$3:$X$9,5,FALSE) -> #N/A | W20: =VLOOKUP($B20,$R$3:$X$9,6,FALSE) -> #N/A | X20: =VLOOKUP($B20,$R$3:$X$9,7,FALSE) -> #N/A | Y20: =VLOOKUP($B20,$R$3:$Z$9,8,FALSE) -> #N/A | Z20: =VLOOKUP($B20,$R$3:$Z$9,9,FALSE) -> #N/A
R21: =B21 -> 0 | S21: =VLOOKUP($B21,$R$3:$X$9,2,FALSE) -> #N/A | T21: =VLOOKUP($B21,$R$3:$X$9,3,FALSE) -> #N/A | U21: =VLOOKUP($B21,$R$3:$X$9,4,FALSE) -> #N/A | V21: =VLOOKUP($B21,$R$3:$X$9,5,FALSE) -> #N/A | W21: =VLOOKUP($B21,$R$3:$X$9,6,FALSE) -> #N/A | X21: =VLOOKUP($B21,$R$3:$X$9,7,FALSE) -> #N/A | Y21: =VLOOKUP($B21,$R$3:$Z$9,8,FALSE) -> #N/A | Z21: =VLOOKUP($B21,$R$3:$Z$9,9,FALSE) -> #N/A
R22: =B22 -> 0 | S22: =VLOOKUP($B22,$R$3:$X$9,2,FALSE) -> #N/A | T22: =VLOOKUP($B22,$R$3:$X$9,3,FALSE) -> #N/A | U22: =VLOOKUP($B22,$R$3:$X$9,4,FALSE) -> #N/A | V22: =VLOOKUP($B22,$R$3:$X$9,5,FALSE) -> #N/A | W22: =VLOOKUP($B22,$R$3:$X$9,6,FALSE) -> #N/A | X22: =VLOOKUP($B22,$R$3:$X$9,7,FALSE) -> #N/A | Y22: =VLOOKUP($B22,$R$3:$Z$9,8,FALSE) -> #N/A | Z22: =VLOOKUP($B22,$R$3:$Z$9,9,FALSE) -> #N/A
R23: =B23 -> 0 | S23: =VLOOKUP($B23,$R$3:$X$9,2,FALSE) -> #N/A | T23: =VLOOKUP($B23,$R$3:$X$9,3,FALSE) -> #N/A | U23: =VLOOKUP($B23,$R$3:$X$9,4,FALSE) -> #N/A | V23: =VLOOKUP($B23,$R$3:$X$9,5,FALSE) -> #N/A | W23: =VLOOKUP($B23,$R$3:$X$9,6,FALSE) -> #N/A | X23: =VLOOKUP($B23,$R$3:$X$9,7,FALSE) -> #N/A | Y23: =VLOOKUP($B23,$R$3:$Z$9,8,FALSE) -> #N/A | Z23: =VLOOKUP($B23,$R$3:$Z$9,9,FALSE) -> #N/A
R24: =B24 -> 0 | S24: =VLOOKUP($B24,$R$3:$X$9,2,FALSE) -> #N/A | T24: =VLOOKUP($B24,$R$3:$X$9,3,FALSE) -> #N/A | U24: =VLOOKUP($B24,$R$3:$X$9,4,FALSE) -> #N/A | V24: =VLOOKUP($B24,$R$3:$X$9,5,FALSE) -> #N/A | W24: =VLOOKUP($B24,$R$3:$X$9,6,FALSE) -> #N/A | X24: =VLOOKUP($B24,$R$3:$X$9,7,FALSE) -> #N/A | Y24: =VLOOKUP($B24,$R$3:$Z$9,8,FALSE) -> #N/A | Z24: =VLOOKUP($B24,$R$3:$Z$9,9,FALSE) -> #N/A
B25: BRAND | D25: BBT P.G./ O.G | I25: Brand | K25: MTD No. of Brews | L25: MTD | M25: YTD | N25: Target | R25: =B25 -> BRAND | S25: =VLOOKUP($B25,$R$3:$X$9,2,FALSE) -> #N/A | T25: =VLOOKUP($B25,$R$3:$X$9,3,FALSE) -> #N/A | U25: =VLOOKUP($B25,$R$3:$X$9,4,FALSE) -> #N/A | V25: =VLOOKUP($B25,$R$3:$X$9,5,FALSE) -> #N/A | W25: =VLOOKUP($B25,$R$3:$X$9,6,FALSE) -> #N/A | X25: =VLOOKUP($B25,$R$3:$X$9,7,FALSE) -> #N/A | Y25: =VLOOKUP($B25,$R$3:$Z$9,8,FALSE) -> #N/A | Z25: =VLOOKUP($B25,$R$3:$Z$9,9,FALSE) -> #N/A
B26: =I27 -> STAG | C26: {=[3]Process!$D$144:$D$149} -> 11.8 | D26: 12 | I26: CARIB | K26: =COUNTA([4]Brewhouse!$B$292:$B$302) -> 11 | L26: =AVERAGE([4]Brewhouse!$AU$292:$AU$302) -> 98.528428 | M26: =AVERAGE([4]Brewhouse!$AU$42:$AU$123,[4]Brewhouse!$AU$125:$AU$188,[4]Brewhouse!$AU$198:$AU$290,[4]Brewhouse!$AU$292:$AU$302) -> 97.904599 | N26: 98 | R26: =B26 -> STAG | S26: =VLOOKUP($B26,$R$3:$X$9,2,FALSE) -> 11.6 | T26: =VLOOKUP($B26,$R$3:$X$9,3,FALSE) -> 12 | U26: =VLOOKUP($B26,$R$3:$X$9,4,FALSE) -> 0 | V26: =VLOOKUP($B26,$R$3:$X$9,5,FALSE) -> 0.11805556 | W26: =VLOOKUP($B26,$R$3:$X$9,6,FALSE) -> 0.22569444 | X26: =VLOOKUP($B26,$R$3:$X$9,7,FALSE) -> 0.26388889 | Y26: =VLOOKUP($B26,$R$3:$Z$9,8,FALSE) -> 0 | Z26: =VLOOKUP($B26,$R$3:$Z$9,9,FALSE) -> 60
C27: 11.8 | I27: STAG | J27: =AVERAGE(I10:I12) -> 98.504719 | K27: =COUNTA([3]Brewhouse!$A$179:$A$181) -> 3 | L27: =AVERAGE([3]Brewhouse!$AS$179:$AS$181) -> 98.504719 | M27: =AVERAGE([3]Brewhouse!$AS$52:$AS$81,[3]Brewhouse!$AS$83:$AS$124,[3]Brewhouse!$AS$134:$AS$177,[3]Brewhouse!$AS$179:$AS$181) -> 98.43305 | N27: 98 | R27: =B27 -> 0 | S27: =VLOOKUP($B27,$R$3:$X$9,2,FALSE) -> #N/A | T27: =VLOOKUP($B27,$R$3:$X$9,3,FALSE) -> #N/A | U27: =VLOOKUP($B27,$R$3:$X$9,4,FALSE) -> #N/A | V27: =VLOOKUP($B27,$R$3:$X$9,5,FALSE) -> #N/A | W27: =VLOOKUP($B27,$R$3:$X$9,6,FALSE) -> #N/A | X27: =VLOOKUP($B27,$R$3:$X$9,7,FALSE) -> #N/A | Y27: =VLOOKUP($B27,$R$3:$Z$9,8,FALSE) -> #N/A | Z27: =VLOOKUP($B27,$R$3:$Z$9,9,FALSE) -> #N/A
C28: 12.1 | D28: 11.77 | I28: GUINNESS | K28: =COUNTA([5]Brewhouse!$A$43:$A$50) -> 8 | L28: =AVERAGE([5]Brewhouse!$AU$43:$AU$50) -> 96.223406 | M28: =AVERAGE([5]Brewhouse!$AU$16:$AU$23,[5]Brewhouse!$AU$25:$AU$32,[5]Brewhouse!$AU$34:$AU$41,[5]Brewhouse!$AU$43:$AU$50) -> 96.904442 | N28: 98 | R28: =B28 -> 0 | S28: =VLOOKUP($B28,$R$3:$X$9,2,FALSE) -> #N/A | T28: =VLOOKUP($B28,$R$3:$X$9,3,FALSE) -> #N/A | U28: =VLOOKUP($B28,$R$3:$X$9,4,FALSE) -> #N/A | V28: =VLOOKUP($B28,$R$3:$X$9,5,FALSE) -> #N/A | W28: =VLOOKUP($B28,$R$3:$X$9,6,FALSE) -> #N/A | X28: =VLOOKUP($B28,$R$3:$X$9,7,FALSE) -> #N/A | Y28: =VLOOKUP($B28,$R$3:$Z$9,8,FALSE) -> #N/A | Z28: =VLOOKUP($B28,$R$3:$Z$9,9,FALSE) -> #N/A
C29: 12.1 | I29: VITAMALT | M29: =AVERAGE([6]Brewhouse!$AV$23:$AV$34,[6]Brewhouse!$AV$36,[6]Brewhouse!$AV$38:$AV$52) -> 97.639832 | N29: 98 | R29: =B29 -> 0 | S29: =VLOOKUP($B29,$R$3:$X$9,2,FALSE) -> #N/A | T29: =VLOOKUP($B29,$R$3:$X$9,3,FALSE) -> #N/A | U29: =VLOOKUP($B29,$R$3:$X$9,4,FALSE) -> #N/A | V29: =VLOOKUP($B29,$R$3:$X$9,5,FALSE) -> #N/A | W29: =VLOOKUP($B29,$R$3:$X$9,6,FALSE) -> #N/A | X29: =VLOOKUP($B29,$R$3:$X$9,7,FALSE) -> #N/A | Y29: =VLOOKUP($B29,$R$3:$Z$9,8,FALSE) -> #N/A | Z29: =VLOOKUP($B29,$R$3:$Z$9,9,FALSE) -> #N/A
C30: 11.7 | D30: 12.01 | I30: MAXIMALT | N30: 98 | R30: =B30 -> 0 | S30: =VLOOKUP($B30,$R$3:$X$9,2,FALSE) -> #N/A | T30: =VLOOKUP($B30,$R$3:$X$9,3,FALSE) -> #N/A | U30: =VLOOKUP($B30,$R$3:$X$9,4,FALSE) -> #N/A | V30: =VLOOKUP($B30,$R$3:$X$9,5,FALSE) -> #N/A | W30: =VLOOKUP($B30,$R$3:$X$9,6,FALSE) -> #N/A | X30: =VLOOKUP($B30,$R$3:$X$9,7,FALSE) -> #N/A | Y30: =VLOOKUP($B30,$R$3:$Z$9,8,FALSE) -> #N/A | Z30: =VLOOKUP($B30,$R$3:$Z$9,9,FALSE) -> #N/A
C31: 11.8 | I31: MACKESON | M31: =AVERAGE([7]Brewhouse!$AT$4:$AT$11) -> 92.826225 | N31: 98 | R31: =B31 -> 0 | S31: =VLOOKUP($B31,$R$3:$X$9,2,FALSE) -> #N/A | T31: =VLOOKUP($B31,$R$3:$X$9,3,FALSE) -> #N/A | U31: =VLOOKUP($B31,$R$3:$X$9,4,FALSE) -> #N/A | V31: =VLOOKUP($B31,$R$3:$X$9,5,FALSE) -> #N/A | W31: =VLOOKUP($B31,$R$3:$X$9,6,FALSE) -> #N/A | X31: =VLOOKUP($B31,$R$3:$X$9,7,FALSE) -> #N/A | Y31: =VLOOKUP($B31,$R$3:$Z$9,8,FALSE) -> #N/A | Z31: =VLOOKUP($B31,$R$3:$Z$9,9,FALSE) -> #N/A
C32: {=[3]Process!$D$136:$D$137} -> 12 | D32: 12 | I32: STARMALT | M32: =AVERAGE([8]Brewhouse!$AY$5:$AY$14,[8]Brewhouse!$AY$16:$AY$23,[8]Brewhouse!$AY$42) -> 97.390504 | N32: 98 | R32: =B32 -> 0 | S32: =VLOOKUP($B32,$R$3:$X$9,2,FALSE) -> #N/A | T32: =VLOOKUP($B32,$R$3:$X$9,3,FALSE) -> #N/A | U32: =VLOOKUP($B32,$R$3:$X$9,4,FALSE) -> #N/A | V32: =VLOOKUP($B32,$R$3:$X$9,5,FALSE) -> #N/A | W32: =VLOOKUP($B32,$R$3:$X$9,6,FALSE) -> #N/A | X32: =VLOOKUP($B32,$R$3:$X$9,7,FALSE) -> #N/A | Y32: =VLOOKUP($B32,$R$3:$Z$9,8,FALSE) -> #N/A | Z32: =VLOOKUP($B32,$R$3:$Z$9,9,FALSE) -> #N/A
C33: 12 | I33: HR- Pils | N33: 98 | R33: =B33 -> 0 | S33: =VLOOKUP($B33,$R$3:$X$9,2,FALSE) -> #N/A | T33: =VLOOKUP($B33,$R$3:$X$9,3,FALSE) -> #N/A | U33: =VLOOKUP($B33,$R$3:$X$9,4,FALSE) -> #N/A | V33: =VLOOKUP($B33,$R$3:$X$9,5,FALSE) -> #N/A | W33: =VLOOKUP($B33,$R$3:$X$9,6,FALSE) -> #N/A | X33: =VLOOKUP($B33,$R$3:$X$9,7,FALSE) -> #N/A | Y33: =VLOOKUP($B33,$R$3:$Z$9,8,FALSE) -> #N/A | Z33: =VLOOKUP($B33,$R$3:$Z$9,9,FALSE) -> #N/A
I34: HR- IPA | N34: 98 | R34: =B34 -> 0 | S34: =VLOOKUP($B34,$R$3:$X$9,2,FALSE) -> #N/A | T34: =VLOOKUP($B34,$R$3:$X$9,3,FALSE) -> #N/A | U34: =VLOOKUP($B34,$R$3:$X$9,4,FALSE) -> #N/A | V34: =VLOOKUP($B34,$R$3:$X$9,5,FALSE) -> #N/A | W34: =VLOOKUP($B34,$R$3:$X$9,6,FALSE) -> #N/A | X34: =VLOOKUP($B34,$R$3:$X$9,7,FALSE) -> #N/A | Y34: =VLOOKUP($B34,$R$3:$Z$9,8,FALSE) -> #N/A | Z34: =VLOOKUP($B34,$R$3:$Z$9,9,FALSE) -> #N/A
I35: HR- APA | N35: 98 | R35: =B35 -> 0 | S35: =VLOOKUP($B35,$R$3:$X$9,2,FALSE) -> #N/A | T35: =VLOOKUP($B35,$R$3:$X$9,3,FALSE) -> #N/A | U35: =VLOOKUP($B35,$R$3:$X$9,4,FALSE) -> #N/A | V35: =VLOOKUP($B35,$R$3:$X$9,5,FALSE) -> #N/A | W35: =VLOOKUP($B35,$R$3:$X$9,6,FALSE) -> #N/A | X35: =VLOOKUP($B35,$R$3:$X$9,7,FALSE) -> #N/A | Y35: =VLOOKUP($B35,$R$3:$Z$9,8,FALSE) -> #N/A | Z35: =VLOOKUP($B35,$R$3:$Z$9,9,FALSE) -> #N/A
K36: =SUM(K26:K35) -> 22 | L36: =((L26*K26)+(L27*K27)+(L28*K28)+(L29*K29)+(L30*K30)+(K33*L33)+(L31*K31)+(L32*K32)+(L35*K35))/(K36) -> 97.687005 | M36: =AVERAGE('[9]Jan30th-31st'!$L$42,L36) -> 97.757523 | N36: 98 | R36: =B36 -> 0 | S36: =VLOOKUP($B36,$R$3:$X$9,2,FALSE) -> #N/A | T36: =VLOOKUP($B36,$R$3:$X$9,3,FALSE) -> #N/A | U36: =VLOOKUP($B36,$R$3:$X$9,4,FALSE) -> #N/A | V36: =VLOOKUP($B36,$R$3:$X$9,5,FALSE) -> #N/A | W36: =VLOOKUP($B36,$R$3:$X$9,6,FALSE) -> #N/A | X36: =VLOOKUP($B36,$R$3:$X$9,7,FALSE) -> #N/A | Y36: =VLOOKUP($B36,$R$3:$Z$9,8,FALSE) -> #N/A | Z36: =VLOOKUP($B36,$R$3:$Z$9,9,FALSE) -> #N/A
R37: =B37 -> 0 | S37: =VLOOKUP($B37,$R$3:$X$9,2,FALSE) -> #N/A | T37: =VLOOKUP($B37,$R$3:$X$9,3,FALSE) -> #N/A | U37: =VLOOKUP($B37,$R$3:$X$9,4,FALSE) -> #N/A | V37: =VLOOKUP($B37,$R$3:$X$9,5,FALSE) -> #N/A | W37: =VLOOKUP($B37,$R$3:$X$9,6,FALSE) -> #N/A | X37: =VLOOKUP($B37,$R$3:$X$9,7,FALSE) -> #N/A | Y37: =VLOOKUP($B37,$R$3:$Z$9,8,FALSE) -> #N/A | Z37: =VLOOKUP($B37,$R$3:$Z$9,9,FALSE) -> #N/A
J38: Daily Brewing Plan
J39: Brand | K39: Brews Achieved | L39: Average Brews per day
J40: CARIB | L40: MTD | M40: YTD | N40: TARGET
J41: STAG | K41: 3 | L41: =AVERAGE('Apr 1st'!K50,K50,'Apr 2nd'!K48,'Apr 7th'!K50) -> 5.5 | M41: =AVERAGE('[9]Jan30th-31st'!$L$47,L41,'[10]Feb 26th '!$L$39,'[11]Mar 31st'!$L$47) -> 6.1717391 | N41: 9.2
J42: GUINN
J43: VITAMALT
J44: STARMALT
J45: MACKESON
J46: HURRICANE REEF- IPA
J47: HURRICANE REEF- APA
B48: AVERAGE | J48: HR- PILSNER
J49: CARIBE
J50: Total | K50: =SUM(K40:K49) -> 3
B51: Process: | C51: Fermentation/Filtration
B53: Brand | C53: Filt. Date | D53: FV Hls | E53: GFE/ Prim/ Vita Blend (Hls) | F53: SV Hls | G53: BBT Hls | H53: Loss (%) Ferm | I53: Loss (%) Filt | J53: Comments | K53: Throughput | L53: Process Loss (%) | M53: Filt. Operator
AB54: 43474 | AC54: 43475 | AD54: 43476 | AE54: 43477 | AF54: 43478 | AG54: 43479 | AH54: 43480 | AI54: 43481 | AJ54: 43482 | AK54: 43483 | AL54: 43484 | AM54: 43485 | AN54: 43486 | AO54: 43487 | AP54: 43488 | AQ54: 43489 | AR54: 43490 | AS54: 43491 | AT54: 43492 | AU54: 43493 | AV54: 43494 | AW54: 43495 | AX54: 43496
B55: =J41 -> STAG | C55: 46120 | D55: =[12]April_2026!$J$13 -> 375.5 | F55: =SUM([33]STAG!$L$6:$L$7,[33]STAG!$L$14:$L$19) -> 370.14 | G55: =[12]April_2026!$J$17 -> 354.7 | H55: =(D55-F55)/D55*100 -> 1.4274301 | I55: =((F55+E55)-G55)/(F55+E55)*100 -> 4.1713946 | J55: NO SBF | K55: =[13]April_2026!$K$25 -> 1.2445614 | L55: =(((D55+E55)-G55)/(D55+E55))*100 -> 5.539281 | M55: G. Mason | AB55: =[14]January_2019!L5 -> 0 | AC55: =[14]January_2019!M5 -> 0 | AD55: =[14]January_2019!N5 -> 0 | AE55: =[14]January_2019!O5 -> 0 | AF55: =[14]January_2019!P5 -> 0 | AG55: =[14]January_2019!Q5 -> 0 | AH55: =[14]January_2019!R5 -> 0 | AI55: =[14]January_2019!S5 -> 0 | ... AX55: =[14]January_2019!AH5 -> 0
AB56: =[14]January_2019!L6 -> 0 | AC56: =[14]January_2019!M6 -> 0 | AD56: =[14]January_2019!N6 -> 0 | AE56: =[14]January_2019!O6 -> 0 | AF56: =[14]January_2019!P6 -> 0 | AG56: =[14]January_2019!Q6 -> 0 | AH56: =[14]January_2019!R6 -> 0 | AI56: =[14]January_2019!S6 -> 0 | ... AX56: =[14]January_2019!AH6 -> 0
AB57: =[14]January_2019!L7 -> 285.8 | AC57: =[14]January_2019!M7 -> 508.1 | AD57: =[14]January_2019!N7 -> 0 | AE57: =[14]January_2019!O7 -> 0 | AF57: =[14]January_2019!P7 -> 109.56667 | AG57: =[14]January_2019!Q7 -> 297.65 | AH57: =[14]January_2019!R7 -> 122.3 | AI57: =[14]January_2019!S7 -> 0 | ... AX57: =[14]January_2019!AH7 -> 0
J59: 1 SBF | L59: =(((D59+E59)-G59)/(D59+E59))*100 -> #DIV/0!
B66: Process Loss (Volume) | G66: Process Loss (Extract) | K66: Throughput
B67: Brand | C67: Actual | D67: MTD | E67: YTD | F67: Target | G67: Actual | H67: MTD | I67: YTD | J67: Target | L67: MTD | M67: YTD | N67: Target
B68: CARIB | D68: 5.9167912 | E68: 6.7898106 | F68: 4.8 | H68: 5.8303113 | I68: 6.6736853 | J68: 4.8 | L68: 0.83385965 | M68: 0.44915217 | N68: 1
B69: STAG | C69: =L55 -> 5.539281 | D69: 5.539281 | E69: 6.3411334 | F69: 4.8 | G69: =[12]April_2026!$J$21 -> 5.2360363 | I69: 6.0615759 | J69: 4.8 | K69: =K55 -> 1.2445614 | M69: 0.66474567 | N69: 1
B70: GUINN | E70: 12.380136 | F70: 5.5 | I70: 13.955539 | J70: 5.5 | M70: 0.29450526 | N70: 1
B71: VITAMALT | E71: 4.6014184 | F71: 3.3 | I71: 4.327474 | J71: 3.3 | M71: 0.82925439 | N71: 1
B72: APA | F72: 3.3 | J72: 3 | N72: 1
B73: MACKESON | E73: 5.1105651 | F73: =[15]May_2022!$M$43 -> 3.4878407 | I73: 7.913137 | J73: 5.5 | M73: 1.3550877 | N73: 1
B74: STARMALT | E74: 3.9654241 | F74: 3.3 | I74: 5.0010392 | J74: 3.3 | M74: 0.93295906 | N74: 1
B75: IPA | F75: 7.5 | J75: 7.5 | N75: 1
B76: HURRICANE REEF PILS | F76: 4.8 | J76: 4.8 | N76: 1
D77: 5.7964865 | E77: 6.594074 | F77: 5.5 | H77: 5.8303113 | I77: 6.7698283 | J77: 5.5 | L77: 0.83385965 | M77: 0.55220532 | N77: 1

Sheet Apr 9th 
S1: P.G. | U1: Hot Time | W1: Process Time | Y1: Cooling Time
B2: Brewing Department Daily Process Loss Report | S2: Lower | T2: Upper | U2: Lower | V2: Upper | W2: Lower | X2: Upper | Y2: Lower | Z2: Upper
R3: CARIB | S3: 11.6 | T3: 12 | U3: 0 | V3: 0.11805556 | W3: 0.22569444 | X3: 0.26388889 | Y3: 0 | Z3: 60 | AB3: HR- PISNER
B4: Date: | C4: 46122 | J4: LOT WORT COLOUR: | M4: Filter Sheets (Target 20 days) | R4: STAG | S4: 11.6 | T4: 12 | U4: 0 | V4: 0.11805556 | W4: 0.22569444 | X4: 0.26388889 | Y4: 0 | Z4: 60
M5: Double | N5: Single | R5: GUINNESS | S5: 17 | T5: 17.5 | U5: 0 | V5: 0.10763889 | W5: 0.24652778 | X5: 0.28472222 | Y5: 0 | Z5: 60
J6: MALT LOT: Lot #13 | L6: Sheet Day | R6: MACKESON | S6: 13.3 | T6: 13.5 | U6: 0 | V6: 0.12905093 | W6: 0.27430556 | X6: 0.30208333 | Y6: 0
R7: STARMALT | S7: 17 | T7: 17.4 | U7: 0 | V7: 0.13605324 | W7: 0.27430556 | X7: 0.30902778 | Y7: 0 | Z7: 85
B8: Brand | C8: Brew no. | D8: Kett. Hls | E8: Wort | F8: Cool Time(Mins) | G8: Cast. P.G. (Lab Result) | H8: Cast P.G. (Cellar Operator)-gravity | I8: Extr. Rec (77.9%) | J8: Theor. Extr. (77.5%) | K8: Boil Off /Vol. (4-6%) | L8: Boil Time | M8: Total Hot | N8: Brewing Time | O8: Operator | R8: Hurricane Reef | S8: 16.6 | T8: 17 | U8: 0 | V8: 0.12905093 | W8: 0.27430556 | X8: 0.30208333 | Y8: 0
E9: Meter (Hls) | F9: Target(< 60Mins) | M9: Time | R9: VITAMALT | S9: 14.2 | T9: 14.6 | U9: 0 | V9: 0.13905093 | W9: 0.26041667 | X9: 0.29513889 | Y9: 0 | Z9: 75
B10: STAG | C10: =[3]Brewhouse!$A182 -> ST129 | D10: =[3]Brewhouse!$AB182 -> 53.1 | E10: =[3]Brewhouse!$AG182 -> 49.6 | F10: =[3]Brewhouse!$V182 -> 57 | G10: =[3]Brewhouse!$AE182 -> 11.8 | I10: =[3]Brewhouse!$AS182 -> 98.561767 | J10: =[3]Brewhouse!$AT182 -> 99.707594 | K10: =[3]Brewhouse!$Q182 -> 14.453861 | L10: =[3]Brewhouse!$P182 -> 64 | M10: =[3]Brewhouse!$U182-[3]Brewhouse!$T182 -> 0.1125 | N10: =[3]Brewhouse!$AW182 -> 0.25833333 | O10: =[3]Brewhouse!$AV182 -> R.Sookram | R10: =B10 -> STAG | S10: =VLOOKUP($B10,$R$3:$X$9,2,FALSE) -> 11.6 | T10: =VLOOKUP($B10,$R$3:$X$9,3,FALSE) -> 12 | U10: =VLOOKUP($B10,$R$3:$X$9,4,FALSE) -> 0 | V10: =VLOOKUP($B10,$R$3:$X$9,5,FALSE) -> 0.11805556 | W10: =VLOOKUP($B10,$R$3:$X$9,6,FALSE) -> 0.22569444 | X10: =VLOOKUP($B10,$R$3:$X$9,7,FALSE) -> 0.26388889 | Y10: =VLOOKUP($B10,$R$3:$Z$9,8,FALSE) -> 0 | Z10: =VLOOKUP($B10,$R$3:$Z$9,9,FALSE) -> 60
B11: STAG | C11: =[3]Brewhouse!$A183 -> ST130 | D11: =[3]Brewhouse!$AB183 -> 53.1 | E11: =[3]Brewhouse!$AG183 -> 50 | F11: =[3]Brewhouse!$V183 -> 62 | G11: =[3]Brewhouse!$AE183 -> 12 | I11: =[3]Brewhouse!$AS183 -> 101.12797 | J11: =[3]Brewhouse!$AT183 -> 102.30363 | K11: =[3]Brewhouse!$Q183 -> 11.440678 | L11: =[3]Brewhouse!$P183 -> 61 | M11: =[3]Brewhouse!$U183-[3]Brewhouse!$T183 -> 0.1125 | N11: =[3]Brewhouse!$AW183 -> 0.25138889 | O11: =[3]Brewhouse!$AV183 -> R.Sookram | R11: =B11 -> STAG | S11: =VLOOKUP($B11,$R$3:$X$9,2,FALSE) -> 11.6 | T11: =VLOOKUP($B11,$R$3:$X$9,3,FALSE) -> 12 | U11: =VLOOKUP($B11,$R$3:$X$9,4,FALSE) -> 0 | V11: =VLOOKUP($B11,$R$3:$X$9,5,FALSE) -> 0.11805556 | W11: =VLOOKUP($B11,$R$3:$X$9,6,FALSE) -> 0.22569444 | X11: =VLOOKUP($B11,$R$3:$X$9,7,FALSE) -> 0.26388889 | Y11: =VLOOKUP($B11,$R$3:$Z$9,8,FALSE) -> 0 | Z11: =VLOOKUP($B11,$R$3:$Z$9,9,FALSE) -> 60
B12: STAG | C12: =[3]Brewhouse!$A184 -> ST131 | D12: =[3]Brewhouse!$AB184 -> 53.1 | E12: =[3]Brewhouse!$AG184 -> 50.2 | F12: =[3]Brewhouse!$V184 -> 62 | G12: =[3]Brewhouse!$AE184 -> 11.8 | I12: =[3]Brewhouse!$AS184 -> 99.627882 | J12: =[3]Brewhouse!$AT184 -> 100.78649 | K12: =[3]Brewhouse!$Q184 -> 12.570621 | L12: =[3]Brewhouse!$P184 -> 62 | M12: =[3]Brewhouse!$U184-[3]Brewhouse!$T184 -> 0.11388889 | N12: =[3]Brewhouse!$AW184 -> 0.25 | O12: =[3]Brewhouse!$AV184 -> R.Sookram | R12: =B12 -> STAG | S12: =VLOOKUP($B12,$R$3:$X$9,2,FALSE) -> 11.6 | T12: =VLOOKUP($B12,$R$3:$X$9,3,FALSE) -> 12 | U12: =VLOOKUP($B12,$R$3:$X$9,4,FALSE) -> 0 | V12: =VLOOKUP($B12,$R$3:$X$9,5,FALSE) -> 0.11805556 | W12: =VLOOKUP($B12,$R$3:$X$9,6,FALSE) -> 0.22569444 | X12: =VLOOKUP($B12,$R$3:$X$9,7,FALSE) -> 0.26388889 | Y12: =VLOOKUP($B12,$R$3:$Z$9,8,FALSE) -> 0 | Z12: =VLOOKUP($B12,$R$3:$Z$9,9,FALSE) -> 60
B13: STAG | C13: =[3]Brewhouse!$A185 -> ST132 | D13: =[3]Brewhouse!$AB185 -> 53.1 | E13: =[3]Brewhouse!$AG185 -> 50.4 | F13: =[3]Brewhouse!$V185 -> 63 | G13: =[3]Brewhouse!$AE185 -> 11.8 | I13: =[3]Brewhouse!$AS185 -> 100.02481 | J13: =[3]Brewhouse!$AT185 -> 101.18803 | K13: =[3]Brewhouse!$Q185 -> 11.440678 | L13: =[3]Brewhouse!$P185 -> 61 | M13: =[3]Brewhouse!$U185-[3]Brewhouse!$T185 -> 0.1125 | N13: =[3]Brewhouse!$AW185 -> 0.24930556 | O13: =[3]Brewhouse!$AV185 -> D. Gomaz | R13: =B13 -> STAG | S13: =VLOOKUP($B13,$R$3:$X$9,2,FALSE) -> 11.6 | T13: =VLOOKUP($B13,$R$3:$X$9,3,FALSE) -> 12 | U13: =VLOOKUP($B13,$R$3:$X$9,4,FALSE) -> 0 | V13: =VLOOKUP($B13,$R$3:$X$9,5,FALSE) -> 0.11805556 | W13: =VLOOKUP($B13,$R$3:$X$9,6,FALSE) -> 0.22569444 | X13: =VLOOKUP($B13,$R$3:$X$9,7,FALSE) -> 0.26388889 | Y13: =VLOOKUP($B13,$R$3:$Z$9,8,FALSE) -> 0 | Z13: =VLOOKUP($B13,$R$3:$Z$9,9,FALSE) -> 60
B14: STAG | C14: =[3]Brewhouse!$A186 -> ST133 | D14: =[3]Brewhouse!$AB186 -> 53.1 | E14: =[3]Brewhouse!$AG186 -> 49.8 | F14: =[3]Brewhouse!$V186 -> 60 | G14: =[3]Brewhouse!$AE186 -> 11.9 | I14: =[3]Brewhouse!$AS186 -> 99.841326 | J14: =[3]Brewhouse!$AT186 -> 101.00203 | K14: =[3]Brewhouse!$Q186 -> 12.193974 | L14: =[3]Brewhouse!$P186 -> 61 | M14: =[3]Brewhouse!$U186-[3]Brewhouse!$T186 -> 0.10833333 | N14: =[3]Brewhouse!$AW186 -> 0.24861111 | O14: =[3]Brewhouse!$AV186 -> D. Gomaz | R14: =B14 -> STAG | S14: =VLOOKUP($B14,$R$3:$X$9,2,FALSE) -> 11.6 | T14: =VLOOKUP($B14,$R$3:$X$9,3,FALSE) -> 12 | U14: =VLOOKUP($B14,$R$3:$X$9,4,FALSE) -> 0 | V14: =VLOOKUP($B14,$R$3:$X$9,5,FALSE) -> 0.11805556 | W14: =VLOOKUP($B14,$R$3:$X$9,6,FALSE) -> 0.22569444 | X14: =VLOOKUP($B14,$R$3:$X$9,7,FALSE) -> 0.26388889 | Y14: =VLOOKUP($B14,$R$3:$Z$9,8,FALSE) -> 0 | Z14: =VLOOKUP($B14,$R$3:$Z$9,9,FALSE) -> 60
B15: STAG | C15: =[3]Brewhouse!$A187 -> ST134 | D15: =[3]Brewhouse!$AB187 -> 54.1 | E15: =[3]Brewhouse!$AG187 -> 50.4 | F15: =[3]Brewhouse!$V187 -> 61 | G15: =[3]Brewhouse!$AE187 -> 11.8 | I15: =[3]Brewhouse!$AS187 -> 100.15147 | J15: =[3]Brewhouse!$AT187 -> 101.31578 | K15: =[3]Brewhouse!$Q187 -> 14.186691 | L15: =[3]Brewhouse!$P187 -> 62 | M15: =[3]Brewhouse!$U187-[3]Brewhouse!$T187 -> 0.11319444 | N15: =[3]Brewhouse!$AW187 -> 0.25763889 | O15: =[3]Brewhouse!$AV187 -> R. Regis | R15: =B15 -> STAG | S15: =VLOOKUP($B15,$R$3:$X$9,2,FALSE) -> 11.6 | T15: =VLOOKUP($B15,$R$3:$X$9,3,FALSE) -> 12 | U15: =VLOOKUP($B15,$R$3:$X$9,4,FALSE) -> 0 | V15: =VLOOKUP($B15,$R$3:$X$9,5,FALSE) -> 0.11805556 | W15: =VLOOKUP($B15,$R$3:$X$9,6,FALSE) -> 0.22569444 | X15: =VLOOKUP($B15,$R$3:$X$9,7,FALSE) -> 0.26388889 | Y15: =VLOOKUP($B15,$R$3:$Z$9,8,FALSE) -> 0 | Z15: =VLOOKUP($B15,$R$3:$Z$9,9,FALSE) -> 60
B16: STAG | C16: =[3]Brewhouse!$A188 -> ST135 | D16: =[3]Brewhouse!$AB188 -> 54.1 | E16: =[3]Brewhouse!$AG188 -> 49.8 | F16: =[3]Brewhouse!$V188 -> 62 | G16: =[3]Brewhouse!$AE188 -> 11.9 | I16: =[3]Brewhouse!$AS188 -> 99.841326 | J16: =[3]Brewhouse!$AT188 -> 101.00203 | K16: =[3]Brewhouse!$Q188 -> 11.598891 | L16: =[3]Brewhouse!$P188 -> 60 | M16: =[3]Brewhouse!$U188-[3]Brewhouse!$T188 -> 0.11319444 | N16: =[3]Brewhouse!$AW188 -> 0.25555556 | O16: =[3]Brewhouse!$AV188 -> R. Regis | R16: =B16 -> STAG | S16: =VLOOKUP($B16,$R$3:$X$9,2,FALSE) -> 11.6 | T16: =VLOOKUP($B16,$R$3:$X$9,3,FALSE) -> 12 | U16: =VLOOKUP($B16,$R$3:$X$9,4,FALSE) -> 0 | V16: =VLOOKUP($B16,$R$3:$X$9,5,FALSE) -> 0.11805556 | W16: =VLOOKUP($B16,$R$3:$X$9,6,FALSE) -> 0.22569444 | X16: =VLOOKUP($B16,$R$3:$X$9,7,FALSE) -> 0.26388889 | Y16: =VLOOKUP($B16,$R$3:$Z$9,8,FALSE) -> 0 | Z16: =VLOOKUP($B16,$R$3:$Z$9,9,FALSE) -> 60
R17: =B17 -> 0 | S17: =VLOOKUP($B17,$R$3:$X$9,2,FALSE) -> #N/A | T17: =VLOOKUP($B17,$R$3:$X$9,3,FALSE) -> #N/A | U17: =VLOOKUP($B17,$R$3:$X$9,4,FALSE) -> #N/A | V17: =VLOOKUP($B17,$R$3:$X$9,5,FALSE) -> #N/A | W17: =VLOOKUP($B17,$R$3:$X$9,6,FALSE) -> #N/A | X17: =VLOOKUP($B17,$R$3:$X$9,7,FALSE) -> #N/A | Y17: =VLOOKUP($B17,$R$3:$Z$9,8,FALSE) -> #N/A | Z17: =VLOOKUP($B17,$R$3:$Z$9,9,FALSE) -> #N/A
B18: CARIB | C18: =[4]Brewhouse!$A303 -> CA259 | D18: =[4]Brewhouse!$AF303 -> 51.2 | E18: =[4]Brewhouse!$AI303 -> 50 | F18: =[4]Brewhouse!$V303 -> 51 | G18: =[4]Brewhouse!AG303 -> 11.7 | I18: =[4]Brewhouse!$AU303 -> 96.468453 | J18: =[4]Brewhouse!$AV303 -> 97.815963 | K18: =[4]Brewhouse!$Q303 -> 8.384755 | L18: =[4]Brewhouse!$P303 -> 61 | M18: =[4]Brewhouse!$U303-[4]Brewhouse!$T303 -> 0.12152778 | N18: =[4]Brewhouse!$Z303 -> 0.25555556 | O18: =[4]Brewhouse!$AX303 -> R. Regis | R18: =B18 -> CARIB | S18: =VLOOKUP($B18,$R$3:$X$9,2,FALSE) -> 11.6 | T18: =VLOOKUP($B18,$R$3:$X$9,3,FALSE) -> 12 | U18: =VLOOKUP($B18,$R$3:$X$9,4,FALSE) -> 0 | V18: =VLOOKUP($B18,$R$3:$X$9,5,FALSE) -> 0.11805556 | W18: =VLOOKUP($B18,$R$3:$X$9,6,FALSE) -> 0.22569444 | X18: =VLOOKUP($B18,$R$3:$X$9,7,FALSE) -> 0.26388889 | Y18: =VLOOKUP($B18,$R$3:$Z$9,8,FALSE) -> 0 | Z18: =VLOOKUP($B18,$R$3:$Z$9,9,FALSE) -> 60
B19: CARIB | C19: =[4]Brewhouse!$A304 -> CA260 | D19: =[4]Brewhouse!$AF304 -> 51.14 | E19: =[4]Brewhouse!$AI304 -> 51.2 | F19: =[4]Brewhouse!$V304 -> 60 | G19: =[4]Brewhouse!AG304 -> 11.6 | I19: =[4]Brewhouse!$AU304 -> 98.260916 | J19: =[4]Brewhouse!$AV304 -> 99.633192 | K19: =[4]Brewhouse!$Q304 -> 9.0942699 | L19: =[4]Brewhouse!$P304 -> 58 | M19: =[4]Brewhouse!$U304-[4]Brewhouse!$T304 -> 0.11111111 | N19: =[4]Brewhouse!$Z304 -> 0.25 | O19: =[4]Brewhouse!$AX304 -> R. Sookram | R19: =B19 -> CARIB | S19: =VLOOKUP($B19,$R$3:$X$9,2,FALSE) -> 11.6 | T19: =VLOOKUP($B19,$R$3:$X$9,3,FALSE) -> 12 | U19: =VLOOKUP($B19,$R$3:$X$9,4,FALSE) -> 0 | V19: =VLOOKUP($B19,$R$3:$X$9,5,FALSE) -> 0.11805556 | W19: =VLOOKUP($B19,$R$3:$X$9,6,FALSE) -> 0.22569444 | X19: =VLOOKUP($B19,$R$3:$X$9,7,FALSE) -> 0.26388889 | Y19: =VLOOKUP($B19,$R$3:$Z$9,8,FALSE) -> 0 | Z19: =VLOOKUP($B19,$R$3:$Z$9,9,FALSE) -> 60
R20: =B20 -> 0 | S20: =VLOOKUP($B20,$R$3:$X$9,2,FALSE) -> #N/A | T20: =VLOOKUP($B20,$R$3:$X$9,3,FALSE) -> #N/A | U20: =VLOOKUP($B20,$R$3:$X$9,4,FALSE) -> #N/A | V20: =VLOOKUP($B20,$R$3:$X$9,5,FALSE) -> #N/A | W20: =VLOOKUP($B20,$R$3:$X$9,6,FALSE) -> #N/A | X20: =VLOOKUP($B20,$R$3:$X$9,7,FALSE) -> #N/A | Y20: =VLOOKUP($B20,$R$3:$Z$9,8,FALSE) -> #N/A | Z20: =VLOOKUP($B20,$R$3:$Z$9,9,FALSE) -> #N/A
R21: =B21 -> 0 | S21: =VLOOKUP($B21,$R$3:$X$9,2,FALSE) -> #N/A | T21: =VLOOKUP($B21,$R$3:$X$9,3,FALSE) -> #N/A | U21: =VLOOKUP($B21,$R$3:$X$9,4,FALSE) -> #N/A | V21: =VLOOKUP($B21,$R$3:$X$9,5,FALSE) -> #N/A | W21: =VLOOKUP($B21,$R$3:$X$9,6,FALSE) -> #N/A | X21: =VLOOKUP($B21,$R$3:$X$9,7,FALSE) -> #N/A | Y21: =VLOOKUP($B21,$R$3:$Z$9,8,FALSE) -> #N/A | Z21: =VLOOKUP($B21,$R$3:$Z$9,9,FALSE) -> #N/A
R22: =B22 -> 0 | S22: =VLOOKUP($B22,$R$3:$X$9,2,FALSE) -> #N/A | T22: =VLOOKUP($B22,$R$3:$X$9,3,FALSE) -> #N/A | U22: =VLOOKUP($B22,$R$3:$X$9,4,FALSE) -> #N/A | V22: =VLOOKUP($B22,$R$3:$X$9,5,FALSE) -> #N/A | W22: =VLOOKUP($B22,$R$3:$X$9,6,FALSE) -> #N/A | X22: =VLOOKUP($B22,$R$3:$X$9,7,FALSE) -> #N/A | Y22: =VLOOKUP($B22,$R$3:$Z$9,8,FALSE) -> #N/A | Z22: =VLOOKUP($B22,$R$3:$Z$9,9,FALSE) -> #N/A
R23: =B23 -> 0 | S23: =VLOOKUP($B23,$R$3:$X$9,2,FALSE) -> #N/A | T23: =VLOOKUP($B23,$R$3:$X$9,3,FALSE) -> #N/A | U23: =VLOOKUP($B23,$R$3:$X$9,4,FALSE) -> #N/A | V23: =VLOOKUP($B23,$R$3:$X$9,5,FALSE) -> #N/A | W23: =VLOOKUP($B23,$R$3:$X$9,6,FALSE) -> #N/A | X23: =VLOOKUP($B23,$R$3:$X$9,7,FALSE) -> #N/A | Y23: =VLOOKUP($B23,$R$3:$Z$9,8,FALSE) -> #N/A | Z23: =VLOOKUP($B23,$R$3:$Z$9,9,FALSE) -> #N/A
R24: =B24 -> 0 | S24: =VLOOKUP($B24,$R$3:$X$9,2,FALSE) -> #N/A | T24: =VLOOKUP($B24,$R$3:$X$9,3,FALSE) -> #N/A | U24: =VLOOKUP($B24,$R$3:$X$9,4,FALSE) -> #N/A | V24: =VLOOKUP($B24,$R$3:$X$9,5,FALSE) -> #N/A | W24: =VLOOKUP($B24,$R$3:$X$9,6,FALSE) -> #N/A | X24: =VLOOKUP($B24,$R$3:$X$9,7,FALSE) -> #N/A | Y24: =VLOOKUP($B24,$R$3:$Z$9,8,FALSE) -> #N/A | Z24: =VLOOKUP($B24,$R$3:$Z$9,9,FALSE) -> #N/A
R25: =B25 -> 0 | S25: =VLOOKUP($B25,$R$3:$X$9,2,FALSE) -> #N/A | T25: =VLOOKUP($B25,$R$3:$X$9,3,FALSE) -> #N/A | U25: =VLOOKUP($B25,$R$3:$X$9,4,FALSE) -> #N/A | V25: =VLOOKUP($B25,$R$3:$X$9,5,FALSE) -> #N/A | W25: =VLOOKUP($B25,$R$3:$X$9,6,FALSE) -> #N/A | X25: =VLOOKUP($B25,$R$3:$X$9,7,FALSE) -> #N/A | Y25: =VLOOKUP($B25,$R$3:$Z$9,8,FALSE) -> #N/A | Z25: =VLOOKUP($B25,$R$3:$Z$9,9,FALSE) -> #N/A
R26: =B26 -> 0 | S26: =VLOOKUP($B26,$R$3:$X$9,2,FALSE) -> #N/A | T26: =VLOOKUP($B26,$R$3:$X$9,3,FALSE) -> #N/A | U26: =VLOOKUP($B26,$R$3:$X$9,4,FALSE) -> #N/A | V26: =VLOOKUP($B26,$R$3:$X$9,5,FALSE) -> #N/A | W26: =VLOOKUP($B26,$R$3:$X$9,6,FALSE) -> #N/A | X26: =VLOOKUP($B26,$R$3:$X$9,7,FALSE) -> #N/A | Y26: =VLOOKUP($B26,$R$3:$Z$9,8,FALSE) -> #N/A | Z26: =VLOOKUP($B26,$R$3:$Z$9,9,FALSE) -> #N/A
R27: =B27 -> 0 | S27: =VLOOKUP($B27,$R$3:$X$9,2,FALSE) -> #N/A | T27: =VLOOKUP($B27,$R$3:$X$9,3,FALSE) -> #N/A | U27: =VLOOKUP($B27,$R$3:$X$9,4,FALSE) -> #N/A | V27: =VLOOKUP($B27,$R$3:$X$9,5,FALSE) -> #N/A | W27: =VLOOKUP($B27,$R$3:$X$9,6,FALSE) -> #N/A | X27: =VLOOKUP($B27,$R$3:$X$9,7,FALSE) -> #N/A | Y27: =VLOOKUP($B27,$R$3:$Z$9,8,FALSE) -> #N/A | Z27: =VLOOKUP($B27,$R$3:$Z$9,9,FALSE) -> #N/A
R28: =B28 -> 0 | S28: =VLOOKUP($B28,$R$3:$X$9,2,FALSE) -> #N/A | T28: =VLOOKUP($B28,$R$3:$X$9,3,FALSE) -> #N/A | U28: =VLOOKUP($B28,$R$3:$X$9,4,FALSE) -> #N/A | V28: =VLOOKUP($B28,$R$3:$X$9,5,FALSE) -> #N/A | W28: =VLOOKUP($B28,$R$3:$X$9,6,FALSE) -> #N/A | X28: =VLOOKUP($B28,$R$3:$X$9,7,FALSE) -> #N/A | Y28: =VLOOKUP($B28,$R$3:$Z$9,8,FALSE) -> #N/A | Z28: =VLOOKUP($B28,$R$3:$Z$9,9,FALSE) -> #N/A
R29: =B29 -> 0 | S29: =VLOOKUP($B29,$R$3:$X$9,2,FALSE) -> #N/A | T29: =VLOOKUP($B29,$R$3:$X$9,3,FALSE) -> #N/A | U29: =VLOOKUP($B29,$R$3:$X$9,4,FALSE) -> #N/A | V29: =VLOOKUP($B29,$R$3:$X$9,5,FALSE) -> #N/A | W29: =VLOOKUP($B29,$R$3:$X$9,6,FALSE) -> #N/A | X29: =VLOOKUP($B29,$R$3:$X$9,7,FALSE) -> #N/A | Y29: =VLOOKUP($B29,$R$3:$Z$9,8,FALSE) -> #N/A | Z29: =VLOOKUP($B29,$R$3:$Z$9,9,FALSE) -> #N/A
R30: =B30 -> 0 | S30: =VLOOKUP($B30,$R$3:$X$9,2,FALSE) -> #N/A | T30: =VLOOKUP($B30,$R$3:$X$9,3,FALSE) -> #N/A | U30: =VLOOKUP($B30,$R$3:$X$9,4,FALSE) -> #N/A | V30: =VLOOKUP($B30,$R$3:$X$9,5,FALSE) -> #N/A | W30: =VLOOKUP($B30,$R$3:$X$9,6,FALSE) -> #N/A | X30: =VLOOKUP($B30,$R$3:$X$9,7,FALSE) -> #N/A | Y30: =VLOOKUP($B30,$R$3:$Z$9,8,FALSE) -> #N/A | Z30: =VLOOKUP($B30,$R$3:$Z$9,9,FALSE) -> #N/A
R31: =B31 -> 0 | S31: =VLOOKUP($B31,$R$3:$X$9,2,FALSE) -> #N/A | T31: =VLOOKUP($B31,$R$3:$X$9,3,FALSE) -> #N/A | U31: =VLOOKUP($B31,$R$3:$X$9,4,FALSE) -> #N/A | V31: =VLOOKUP($B31,$R$3:$X$9,5,FALSE) -> #N/A | W31: =VLOOKUP($B31,$R$3:$X$9,6,FALSE) -> #N/A | X31: =VLOOKUP($B31,$R$3:$X$9,7,FALSE) -> #N/A | Y31: =VLOOKUP($B31,$R$3:$Z$9,8,FALSE) -> #N/A | Z31: =VLOOKUP($B31,$R$3:$Z$9,9,FALSE) -> #N/A
R32: =B32 -> 0 | S32: =VLOOKUP($B32,$R$3:$X$9,2,FALSE) -> #N/A | T32: =VLOOKUP($B32,$R$3:$X$9,3,FALSE) -> #N/A | U32: =VLOOKUP($B32,$R$3:$X$9,4,FALSE) -> #N/A | V32: =VLOOKUP($B32,$R$3:$X$9,5,FALSE) -> #N/A | W32: =VLOOKUP($B32,$R$3:$X$9,6,FALSE) -> #N/A | X32: =VLOOKUP($B32,$R$3:$X$9,7,FALSE) -> #N/A | Y32: =VLOOKUP($B32,$R$3:$Z$9,8,FALSE) -> #N/A | Z32: =VLOOKUP($B32,$R$3:$Z$9,9,FALSE) -> #N/A
B33: BRAND | D33: BBT P.G./ O.G | I33: Brand | K33: MTD No. of Brews | L33: MTD | M33: YTD | N33: Target | R33: =B33 -> BRAND | S33: =VLOOKUP($B33,$R$3:$X$9,2,FALSE) -> #N/A | T33: =VLOOKUP($B33,$R$3:$X$9,3,FALSE) -> #N/A | U33: =VLOOKUP($B33,$R$3:$X$9,4,FALSE) -> #N/A | V33: =VLOOKUP($B33,$R$3:$X$9,5,FALSE) -> #N/A | W33: =VLOOKUP($B33,$R$3:$X$9,6,FALSE) -> #N/A | X33: =VLOOKUP($B33,$R$3:$X$9,7,FALSE) -> #N/A | Y33: =VLOOKUP($B33,$R$3:$Z$9,8,FALSE) -> #N/A | Z33: =VLOOKUP($B33,$R$3:$Z$9,9,FALSE) -> #N/A
I34: CARIB | J34: =AVERAGE(I18:I19) -> 97.364684 | K34: =COUNTA([4]Brewhouse!$B$292:$B$304) -> 13 | L34: =AVERAGE([4]Brewhouse!$AU$292:$AU$304) -> 98.349391 | M34: =AVERAGE([4]Brewhouse!$AU$42:$AU$123,[4]Brewhouse!$AU$125:$AU$188,[4]Brewhouse!$AU$198:$AU$290,[4]Brewhouse!$AU$292:$AU$304) -> 97.900314 | N34: 98 | R34: =B34 -> 0 | S34: =VLOOKUP($B34,$R$3:$X$9,2,FALSE) -> #N/A | T34: =VLOOKUP($B34,$R$3:$X$9,3,FALSE) -> #N/A | U34: =VLOOKUP($B34,$R$3:$X$9,4,FALSE) -> #N/A | V34: =VLOOKUP($B34,$R$3:$X$9,5,FALSE) -> #N/A | W34: =VLOOKUP($B34,$R$3:$X$9,6,FALSE) -> #N/A | X34: =VLOOKUP($B34,$R$3:$X$9,7,FALSE) -> #N/A | Y34: =VLOOKUP($B34,$R$3:$Z$9,8,FALSE) -> #N/A | Z34: =VLOOKUP($B34,$R$3:$Z$9,9,FALSE) -> #N/A
I35: STAG | J35: =AVERAGE(I10:I16) -> 99.882364 | K35: =COUNTA([3]Brewhouse!$A$179:$A$188) -> 10 | L35: =AVERAGE([3]Brewhouse!$AS$179:$AS$188) -> 99.469071 | M35: =AVERAGE([3]Brewhouse!$AS$52:$AS$81,[3]Brewhouse!$AS$83:$AS$124,[3]Brewhouse!$AS$134:$AS$177,[3]Brewhouse!$AS$179:$AS$188) -> 98.513567 | N35: 98 | R35: =B35 -> 0 | S35: =VLOOKUP($B35,$R$3:$X$9,2,FALSE) -> #N/A | T35: =VLOOKUP($B35,$R$3:$X$9,3,FALSE) -> #N/A | U35: =VLOOKUP($B35,$R$3:$X$9,4,FALSE) -> #N/A | V35: =VLOOKUP($B35,$R$3:$X$9,5,FALSE) -> #N/A | W35: =VLOOKUP($B35,$R$3:$X$9,6,FALSE) -> #N/A | X35: =VLOOKUP($B35,$R$3:$X$9,7,FALSE) -> #N/A | Y35: =VLOOKUP($B35,$R$3:$Z$9,8,FALSE) -> #N/A | Z35: =VLOOKUP($B35,$R$3:$Z$9,9,FALSE) -> #N/A
I36: GUINNESS | K36: =COUNTA([5]Brewhouse!$A$43:$A$50) -> 8 | L36: =AVERAGE([5]Brewhouse!$AU$43:$AU$50) -> 96.223406 | M36: =AVERAGE([5]Brewhouse!$AU$16:$AU$23,[5]Brewhouse!$AU$25:$AU$32,[5]Brewhouse!$AU$34:$AU$41,[5]Brewhouse!$AU$43:$AU$50) -> 96.904442 | N36: 98 | R36: =B36 -> 0 | S36: =VLOOKUP($B36,$R$3:$X$9,2,FALSE) -> #N/A | T36: =VLOOKUP($B36,$R$3:$X$9,3,FALSE) -> #N/A | U36: =VLOOKUP($B36,$R$3:$X$9,4,FALSE) -> #N/A | V36: =VLOOKUP($B36,$R$3:$X$9,5,FALSE) -> #N/A | W36: =VLOOKUP($B36,$R$3:$X$9,6,FALSE) -> #N/A | X36: =VLOOKUP($B36,$R$3:$X$9,7,FALSE) -> #N/A | Y36: =VLOOKUP($B36,$R$3:$Z$9,8,FALSE) -> #N/A | Z36: =VLOOKUP($B36,$R$3:$Z$9,9,FALSE) -> #N/A
I37: VITAMALT | M37: =AVERAGE([6]Brewhouse!$AV$23:$AV$34,[6]Brewhouse!$AV$36,[6]Brewhouse!$AV$38:$AV$52) -> 97.639832 | N37: 98 | R37: =B37 -> 0 | S37: =VLOOKUP($B37,$R$3:$X$9,2,FALSE) -> #N/A | T37: =VLOOKUP($B37,$R$3:$X$9,3,FALSE) -> #N/A | U37: =VLOOKUP($B37,$R$3:$X$9,4,FALSE) -> #N/A | V37: =VLOOKUP($B37,$R$3:$X$9,5,FALSE) -> #N/A | W37: =VLOOKUP($B37,$R$3:$X$9,6,FALSE) -> #N/A | X37: =VLOOKUP($B37,$R$3:$X$9,7,FALSE) -> #N/A | Y37: =VLOOKUP($B37,$R$3:$Z$9,8,FALSE) -> #N/A | Z37: =VLOOKUP($B37,$R$3:$Z$9,9,FALSE) -> #N/A
I38: MAXIMALT | N38: 98 | R38: =B38 -> 0 | S38: =VLOOKUP($B38,$R$3:$X$9,2,FALSE) -> #N/A | T38: =VLOOKUP($B38,$R$3:$X$9,3,FALSE) -> #N/A | U38: =VLOOKUP($B38,$R$3:$X$9,4,FALSE) -> #N/A | V38: =VLOOKUP($B38,$R$3:$X$9,5,FALSE) -> #N/A | W38: =VLOOKUP($B38,$R$3:$X$9,6,FALSE) -> #N/A | X38: =VLOOKUP($B38,$R$3:$X$9,7,FALSE) -> #N/A | Y38: =VLOOKUP($B38,$R$3:$Z$9,8,FALSE) -> #N/A | Z38: =VLOOKUP($B38,$R$3:$Z$9,9,FALSE) -> #N/A
I39: MACKESON | M39: =AVERAGE([7]Brewhouse!$AT$4:$AT$11) -> 92.826225 | N39: 98 | R39: =B39 -> 0 | S39: =VLOOKUP($B39,$R$3:$X$9,2,FALSE) -> #N/A | T39: =VLOOKUP($B39,$R$3:$X$9,3,FALSE) -> #N/A | U39: =VLOOKUP($B39,$R$3:$X$9,4,FALSE) -> #N/A | V39: =VLOOKUP($B39,$R$3:$X$9,5,FALSE) -> #N/A | W39: =VLOOKUP($B39,$R$3:$X$9,6,FALSE) -> #N/A | X39: =VLOOKUP($B39,$R$3:$X$9,7,FALSE) -> #N/A | Y39: =VLOOKUP($B39,$R$3:$Z$9,8,FALSE) -> #N/A | Z39: =VLOOKUP($B39,$R$3:$Z$9,9,FALSE) -> #N/A
I40: STARMALT | M40: =AVERAGE([8]Brewhouse!$AY$5:$AY$14,[8]Brewhouse!$AY$16:$AY$23,[8]Brewhouse!$AY$42) -> 97.390504 | N40: 98 | R40: =B40 -> 0 | S40: =VLOOKUP($B40,$R$3:$X$9,2,FALSE) -> #N/A | T40: =VLOOKUP($B40,$R$3:$X$9,3,FALSE) -> #N/A | U40: =VLOOKUP($B40,$R$3:$X$9,4,FALSE) -> #N/A | V40: =VLOOKUP($B40,$R$3:$X$9,5,FALSE) -> #N/A | W40: =VLOOKUP($B40,$R$3:$X$9,6,FALSE) -> #N/A | X40: =VLOOKUP($B40,$R$3:$X$9,7,FALSE) -> #N/A | Y40: =VLOOKUP($B40,$R$3:$Z$9,8,FALSE) -> #N/A | Z40: =VLOOKUP($B40,$R$3:$Z$9,9,FALSE) -> #N/A
I41: HR- Pils | N41: 98 | R41: =B41 -> 0 | S41: =VLOOKUP($B41,$R$3:$X$9,2,FALSE) -> #N/A | T41: =VLOOKUP($B41,$R$3:$X$9,3,FALSE) -> #N/A | U41: =VLOOKUP($B41,$R$3:$X$9,4,FALSE) -> #N/A | V41: =VLOOKUP($B41,$R$3:$X$9,5,FALSE) -> #N/A | W41: =VLOOKUP($B41,$R$3:$X$9,6,FALSE) -> #N/A | X41: =VLOOKUP($B41,$R$3:$X$9,7,FALSE) -> #N/A | Y41: =VLOOKUP($B41,$R$3:$Z$9,8,FALSE) -> #N/A | Z41: =VLOOKUP($B41,$R$3:$Z$9,9,FALSE) -> #N/A
I42: HR- IPA | N42: 98 | R42: =B42 -> 0 | S42: =VLOOKUP($B42,$R$3:$X$9,2,FALSE) -> #N/A | T42: =VLOOKUP($B42,$R$3:$X$9,3,FALSE) -> #N/A | U42: =VLOOKUP($B42,$R$3:$X$9,4,FALSE) -> #N/A | V42: =VLOOKUP($B42,$R$3:$X$9,5,FALSE) -> #N/A | W42: =VLOOKUP($B42,$R$3:$X$9,6,FALSE) -> #N/A | X42: =VLOOKUP($B42,$R$3:$X$9,7,FALSE) -> #N/A | Y42: =VLOOKUP($B42,$R$3:$Z$9,8,FALSE) -> #N/A | Z42: =VLOOKUP($B42,$R$3:$Z$9,9,FALSE) -> #N/A
I43: HR- APA | N43: 98 | R43: =B43 -> 0 | S43: =VLOOKUP($B43,$R$3:$X$9,2,FALSE) -> #N/A | T43: =VLOOKUP($B43,$R$3:$X$9,3,FALSE) -> #N/A | U43: =VLOOKUP($B43,$R$3:$X$9,4,FALSE) -> #N/A | V43: =VLOOKUP($B43,$R$3:$X$9,5,FALSE) -> #N/A | W43: =VLOOKUP($B43,$R$3:$X$9,6,FALSE) -> #N/A | X43: =VLOOKUP($B43,$R$3:$X$9,7,FALSE) -> #N/A | Y43: =VLOOKUP($B43,$R$3:$Z$9,8,FALSE) -> #N/A | Z43: =VLOOKUP($B43,$R$3:$Z$9,9,FALSE) -> #N/A
K44: =SUM(K34:K43) -> 31 | L44: =((L34*K34)+(L35*K35)+(L36*K36)+(L37*K37)+(L38*K38)+(K41*L41)+(L39*K39)+(L40*K40)+(L43*K43))/(K44) -> 98.161937 | M44: =AVERAGE('[9]Jan30th-31st'!$L$42,L44) -> 97.994989 | N44: 98 | R44: =B44 -> 0 | S44: =VLOOKUP($B44,$R$3:$X$9,2,FALSE) -> #N/A | T44: =VLOOKUP($B44,$R$3:$X$9,3,FALSE) -> #N/A | U44: =VLOOKUP($B44,$R$3:$X$9,4,FALSE) -> #N/A | V44: =VLOOKUP($B44,$R$3:$X$9,5,FALSE) -> #N/A | W44: =VLOOKUP($B44,$R$3:$X$9,6,FALSE) -> #N/A | X44: =VLOOKUP($B44,$R$3:$X$9,7,FALSE) -> #N/A | Y44: =VLOOKUP($B44,$R$3:$Z$9,8,FALSE) -> #N/A | Z44: =VLOOKUP($B44,$R$3:$Z$9,9,FALSE) -> #N/A
R45: =B45 -> 0 | S45: =VLOOKUP($B45,$R$3:$X$9,2,FALSE) -> #N/A | T45: =VLOOKUP($B45,$R$3:$X$9,3,FALSE) -> #N/A | U45: =VLOOKUP($B45,$R$3:$X$9,4,FALSE) -> #N/A | V45: =VLOOKUP($B45,$R$3:$X$9,5,FALSE) -> #N/A | W45: =VLOOKUP($B45,$R$3:$X$9,6,FALSE) -> #N/A | X45: =VLOOKUP($B45,$R$3:$X$9,7,FALSE) -> #N/A | Y45: =VLOOKUP($B45,$R$3:$Z$9,8,FALSE) -> #N/A | Z45: =VLOOKUP($B45,$R$3:$Z$9,9,FALSE) -> #N/A
J46: Daily Brewing Plan
J47: Brand | K47: Brews Achieved | L47: Average Brews per day
J48: CARIB | K48: 2 | L48: MTD | M48: YTD | N48: TARGET
J49: STAG | K49: 7 | L49: =AVERAGE('Apr 1st'!K50,K58,'Apr 2nd'!K48,'Apr 7th'!K50) -> 7 | M49: =AVERAGE('[9]Jan30th-31st'!$L$47,L49,'[10]Feb 26th '!$L$39,'[11]Mar 31st'!$L$47) -> 6.5467391 | N49: 9.2
J50: GUINN
J51: VITAMALT
J52: STARMALT
J53: MACKESON
J54: HURRICANE REEF- IPA
J55: HURRICANE REEF- APA
B56: AVERAGE | J56: HR- PILSNER
J57: CARIBE
J58: Total | K58: =SUM(K48:K57) -> 9
B59: Process: | C59: Fermentation/Filtration
B61: Brand | C61: Filt. Date | D61: FV Hls | E61: GFE/ Prim/ Vita Blend (Hls) | F61: SV Hls | G61: BBT Hls | H61: Loss (%) Ferm | I61: Loss (%) Filt | J61: Comments | K61: Throughput | L61: Process Loss (%) | M61: Filt. Operator
AB62: 43474 | AC62: 43475 | AD62: 43476 | AE62: 43477 | AF62: 43478 | AG62: 43479 | AH62: 43480 | AI62: 43481 | AJ62: 43482 | AK62: 43483 | AL62: 43484 | AM62: 43485 | AN62: 43486 | AO62: 43487 | AP62: 43488 | AQ62: 43489 | AR62: 43490 | AS62: 43491 | AT62: 43492 | AU62: 43493 | AV62: 43494 | AW62: 43495 | AX62: 43496
B63: =J49 -> STAG | C63: 46121 | D63: =[12]April_2026!$L$13 -> 391.5 | G63: =[12]April_2026!$L$17 -> 379.7 | J63: NO SBF | K63: =[13]April_2026!$L$25 -> 1.3322807 | L63: =(((D63+E63)-G63)/(D63+E63))*100 -> 3.0140485 | M63: J. Nelson | AB63: =[14]January_2019!L5 -> 0 | AC63: =[14]January_2019!M5 -> 0 | AD63: =[14]January_2019!N5 -> 0 | AE63: =[14]January_2019!O5 -> 0 | AF63: =[14]January_2019!P5 -> 0 | AG63: =[14]January_2019!Q5 -> 0 | AH63: =[14]January_2019!R5 -> 0 | AI63: =[14]January_2019!S5 -> 0 | ... AX63: =[14]January_2019!AH5 -> 0
AB64: =[14]January_2019!L6 -> 0 | AC64: =[14]January_2019!M6 -> 0 | AD64: =[14]January_2019!N6 -> 0 | AE64: =[14]January_2019!O6 -> 0 | AF64: =[14]January_2019!P6 -> 0 | AG64: =[14]January_2019!Q6 -> 0 | AH64: =[14]January_2019!R6 -> 0 | AI64: =[14]January_2019!S6 -> 0 | ... AX64: =[14]January_2019!AH6 -> 0
B65: =J48 -> CARIB | C65: 46121 | D65: =[12]April_2026!$L$3 -> 301.7 | G65: =[12]April_2026!$L$7 -> 279.6 | J65: 1 SBF | K65: =[13]April_2026!$L$18 -> 0.49052632 | L65: =(((D65+E65)-G65)/(D65+E65))*100 -> 7.3251574 | M65: G. Mason | AB65: =[14]January_2019!L7 -> 285.8 | AC65: =[14]January_2019!M7 -> 508.1 | AD65: =[14]January_2019!N7 -> 0 | AE65: =[14]January_2019!O7 -> 0 | AF65: =[14]January_2019!P7 -> 109.56667 | AG65: =[14]January_2019!Q7 -> 297.65 | AH65: =[14]January_2019!R7 -> 122.3 | AI65: =[14]January_2019!S7 -> 0 | ... AX65: =[14]January_2019!AH7 -> 0
J67: 1 SBF | L67: =(((D67+E67)-G67)/(D67+E67))*100 -> #DIV/0!
B74: Process Loss (Volume) | G74: Process Loss (Extract) | K74: Throughput
B75: Brand | C75: Actual | D75: MTD | E75: YTD | F75: Target | G75: Actual | H75: MTD | I75: YTD | J75: Target | L75: MTD | M75: YTD | N75: Target
B76: CARIB | C76: =L65 -> 7.3251574 | D76: 6.3014939 | E76: 6.8036066 | F76: 4.8 | G76: =[12]April_2026!$L$11 -> 7.1755612 | H76: 6.1972313 | I76: 6.6866092 | J76: 4.8 | K76: =K65 -> 0.49052632 | L76: 0.72023392 | M76: 0.4502663 | N76: 1
B77: STAG | C77: =L63 -> 3.0140485 | D77: 4.2503259 | E77: 6.0876109 | F77: 4.8 | G77: =[12]April_2026!$L$21 -> 1.3794538 | H77: 3.7045586 | I77: 5.7742586 | J77: 4.8 | K77: =K63 -> 1.3322807 | L77: 1.2884211 | M77: 0.74983233 | N77: 1
B78: GUINN | E78: 12.380136 | F78: 5.5 | I78: 13.955539 | J78: 5.5 | M78: 0.29450526 | N78: 1
B79: VITAMALT | E79: 4.6014184 | F79: 3.3 | I79: 4.327474 | J79: 3.3 | M79: 0.82925439 | N79: 1
B80: APA | F80: 3.3 | J80: 3 | N80: 1
B81: MACKESON | E81: 5.1105651 | F81: =[15]May_2022!$M$43 -> 3.4878407 | I81: 7.913137 | J81: 5.5 | M81: 1.3550877 | N81: 1
B82: STARMALT | E82: 3.9654241 | F82: 3.3 | I82: 5.0010392 | J82: 3.3 | M82: 0.93295906 | N82: 1
B83: IPA | F83: 7.5 | J83: 7.5 | N83: 1
B84: HURRICANE REEF PILS | F84: 4.8 | J84: 4.8 | N84: 1
D85: 5.4608603 | E85: 6.594074 | F85: 5.5 | H85: 5.1731476 | I85: 6.6810416 | J85: 5.5 | L85: 0.94750877 | M85: 0.57268661 | N85: 1

Sheet Apr 10th
S1: P.G. | U1: Hot Time | W1: Process Time | Y1: Cooling Time
B2: Brewing Department Daily Process Loss Report | S2: Lower | T2: Upper | U2: Lower | V2: Upper | W2: Lower | X2: Upper | Y2: Lower | Z2: Upper
R3: CARIB | S3: 11.6 | T3: 12 | U3: 0 | V3: 0.11805556 | W3: 0.22569444 | X3: 0.26388889 | Y3: 0 | Z3: 60 | AB3: HR- PISNER
B4: Date: | C4: 46125 | J4: LOT WORT COLOUR: | M4: Filter Sheets (Target 20 days) | R4: STAG | S4: 11.6 | T4: 12 | U4: 0 | V4: 0.11805556 | W4: 0.22569444 | X4: 0.26388889 | Y4: 0 | Z4: 60
M5: Double | N5: Single | R5: GUINNESS | S5: 17 | T5: 17.5 | U5: 0 | V5: 0.10763889 | W5: 0.24652778 | X5: 0.28472222 | Y5: 0 | Z5: 60
J6: MALT LOT: Lot #13 | L6: Sheet Day | R6: MACKESON | S6: 13.3 | T6: 13.5 | U6: 0 | V6: 0.12905093 | W6: 0.27430556 | X6: 0.30208333 | Y6: 0
R7: STARMALT | S7: 17 | T7: 17.4 | U7: 0 | V7: 0.13605324 | W7: 0.27430556 | X7: 0.30902778 | Y7: 0 | Z7: 85
B8: Brand | C8: Brew no. | D8: Kett. Hls | E8: Wort | F8: Cool Time(Mins) | G8: Cast. P.G. (Lab Result) | H8: Cast P.G. (Cellar Operator)-gravity | I8: Extr. Rec (77.9%) | J8: Theor. Extr. (77.5%) | K8: Boil Off /Vol. (4-6%) | L8: Boil Time | M8: Total Hot | N8: Brewing Time | O8: Operator | R8: Hurricane Reef | S8: 16.6 | T8: 17 | U8: 0 | V8: 0.12905093 | W8: 0.27430556 | X8: 0.30208333 | Y8: 0
E9: Meter (Hls) | F9: Target(< 60Mins) | M9: Time | R9: VITAMALT | S9: 14.2 | T9: 14.6 | U9: 0 | V9: 0.13905093 | W9: 0.26041667 | X9: 0.29513889 | Y9: 0 | Z9: 75
B10: CARIB | C10: =[4]Brewhouse!$A305 -> CA261 | D10: =[4]Brewhouse!$AF305 -> 50.3 | E10: =[4]Brewhouse!$AI305 -> 49.4 | F10: =[4]Brewhouse!$V305 -> 61 | G10: =[4]Brewhouse!AG305 -> 12 | H10: 12.3 | I10: =[4]Brewhouse!$AU305 -> 97.640322 | J10: =[4]Brewhouse!$AV305 -> 99.00438 | K10: =[4]Brewhouse!$Q305 -> 9.0942699 | L10: =[4]Brewhouse!$P305 -> 61 | M10: =[4]Brewhouse!$U305-[4]Brewhouse!$T305 -> 0.10833333 | N10: =[4]Brewhouse!$Z305 -> 0.47083333 | O10: =[4]Brewhouse!$AX305 -> R. Sookram | P10: Brew held up by skip | R10: =B10 -> CARIB | S10: =VLOOKUP($B10,$R$3:$X$9,2,FALSE) -> 11.6 | T10: =VLOOKUP($B10,$R$3:$X$9,3,FALSE) -> 12 | U10: =VLOOKUP($B10,$R$3:$X$9,4,FALSE) -> 0 | V10: =VLOOKUP($B10,$R$3:$X$9,5,FALSE) -> 0.11805556 | W10: =VLOOKUP($B10,$R$3:$X$9,6,FALSE) -> 0.22569444 | X10: =VLOOKUP($B10,$R$3:$X$9,7,FALSE) -> 0.26388889 | Y10: =VLOOKUP($B10,$R$3:$Z$9,8,FALSE) -> 0 | Z10: =VLOOKUP($B10,$R$3:$Z$9,9,FALSE) -> 60
B11: CARIB | C11: =[4]Brewhouse!$A306 -> CA262 | D11: =[4]Brewhouse!$AF306 -> 51 | E11: =[4]Brewhouse!$AI306 -> 51.3 | F11: =[4]Brewhouse!$V306 -> 64 | G11: =[4]Brewhouse!AG306 -> 11.7 | H11: 12.2 | I11: =[4]Brewhouse!$AU306 -> 98.731659 | J11: =[4]Brewhouse!$AV306 -> 100.11096 | K11: =[4]Brewhouse!$Q306 -> 9.4639556 | L11: =[4]Brewhouse!$P306 -> 61 | M11: =[4]Brewhouse!$U306-[4]Brewhouse!$T306 -> 0.11111111 | N11: =[4]Brewhouse!$Z306 -> 0.26666667 | O11: =[4]Brewhouse!$AX306 -> D. Gomaz | R11: =B11 -> CARIB | S11: =VLOOKUP($B11,$R$3:$X$9,2,FALSE) -> 11.6 | T11: =VLOOKUP($B11,$R$3:$X$9,3,FALSE) -> 12 | U11: =VLOOKUP($B11,$R$3:$X$9,4,FALSE) -> 0 | V11: =VLOOKUP($B11,$R$3:$X$9,5,FALSE) -> 0.11805556 | W11: =VLOOKUP($B11,$R$3:$X$9,6,FALSE) -> 0.22569444 | X11: =VLOOKUP($B11,$R$3:$X$9,7,FALSE) -> 0.26388889 | Y11: =VLOOKUP($B11,$R$3:$Z$9,8,FALSE) -> 0 | Z11: =VLOOKUP($B11,$R$3:$Z$9,9,FALSE) -> 60
B12: CARIB | C12: =[4]Brewhouse!$A307 -> CA263 | D12: =[4]Brewhouse!$AF307 -> 52.1 | E12: =[4]Brewhouse!$AI307 -> 52.5 | F12: =[4]Brewhouse!$V307 -> 62 | G12: =[4]Brewhouse!AG307 -> 11.6 | H12: 11.7 | I12: =[4]Brewhouse!$AU307 -> 100.63051 | J12: =[4]Brewhouse!$AV307 -> 102.03598 | K12: =[4]Brewhouse!$Q307 -> 8.1700555 | L12: =[4]Brewhouse!$P307 -> 61 | M12: =[4]Brewhouse!$U307-[4]Brewhouse!$T307 -> 0.10833333 | N12: =[4]Brewhouse!$Z307 -> 0.26111111 | O12: =[4]Brewhouse!$AX307 -> D. Gomaz | R12: =B12 -> CARIB | S12: =VLOOKUP($B12,$R$3:$X$9,2,FALSE) -> 11.6 | T12: =VLOOKUP($B12,$R$3:$X$9,3,FALSE) -> 12 | U12: =VLOOKUP($B12,$R$3:$X$9,4,FALSE) -> 0 | V12: =VLOOKUP($B12,$R$3:$X$9,5,FALSE) -> 0.11805556 | W12: =VLOOKUP($B12,$R$3:$X$9,6,FALSE) -> 0.22569444 | X12: =VLOOKUP($B12,$R$3:$X$9,7,FALSE) -> 0.26388889 | Y12: =VLOOKUP($B12,$R$3:$Z$9,8,FALSE) -> 0 | Z12: =VLOOKUP($B12,$R$3:$Z$9,9,FALSE) -> 60
B13: CARIB | C13: =[4]Brewhouse!$A308 -> CA264 | D13: =[4]Brewhouse!$AF308 -> 51.2 | E13: =[4]Brewhouse!$AI308 -> 50 | F13: =[4]Brewhouse!$V308 -> 57 | G13: =[4]Brewhouse!AG308 -> 11.7 | H13: 11.7 | I13: =[4]Brewhouse!$AU308 -> 96.708406 | J13: =[4]Brewhouse!$AV308 -> 98.05909 | K13: =[4]Brewhouse!$Q308 -> 8.384755 | L13: =[4]Brewhouse!$P308 -> 60 | M13: =[4]Brewhouse!$U308-[4]Brewhouse!$T308 -> 0.10694444 | N13: =[4]Brewhouse!$Z308 -> 0.26944444 | O13: =[4]Brewhouse!$AX308 -> R. Regis | R13: =B13 -> CARIB | S13: =VLOOKUP($B13,$R$3:$X$9,2,FALSE) -> 11.6 | T13: =VLOOKUP($B13,$R$3:$X$9,3,FALSE) -> 12 | U13: =VLOOKUP($B13,$R$3:$X$9,4,FALSE) -> 0 | V13: =VLOOKUP($B13,$R$3:$X$9,5,FALSE) -> 0.11805556 | W13: =VLOOKUP($B13,$R$3:$X$9,6,FALSE) -> 0.22569444 | X13: =VLOOKUP($B13,$R$3:$X$9,7,FALSE) -> 0.26388889 | Y13: =VLOOKUP($B13,$R$3:$Z$9,8,FALSE) -> 0 | Z13: =VLOOKUP($B13,$R$3:$Z$9,9,FALSE) -> 60
B14: CARIB | C14: =[4]Brewhouse!$A309 -> CA265 | D14: =[4]Brewhouse!$AF309 -> 48.6 | E14: =[4]Brewhouse!$AI309 -> 49.1 | F14: =[4]Brewhouse!$V309 -> 59 | G14: =[4]Brewhouse!AG309 -> 12.1 | H14: 12.2 | I14: =[4]Brewhouse!$AU309 -> 98.262108 | J14: =[4]Brewhouse!$AV309 -> 99.634583 | K14: =[4]Brewhouse!$Q309 -> 11.497227 | L14: =[4]Brewhouse!$P309 -> 61 | M14: =[4]Brewhouse!$U309-[4]Brewhouse!$T309 -> 0.11111111 | N14: =[4]Brewhouse!$Z309 -> 0.25486111 | O14: =[4]Brewhouse!$AX309 -> R. Regis | R14: =B14 -> CARIB | S14: =VLOOKUP($B14,$R$3:$X$9,2,FALSE) -> 11.6 | T14: =VLOOKUP($B14,$R$3:$X$9,3,FALSE) -> 12 | U14: =VLOOKUP($B14,$R$3:$X$9,4,FALSE) -> 0 | V14: =VLOOKUP($B14,$R$3:$X$9,5,FALSE) -> 0.11805556 | W14: =VLOOKUP($B14,$R$3:$X$9,6,FALSE) -> 0.22569444 | X14: =VLOOKUP($B14,$R$3:$X$9,7,FALSE) -> 0.26388889 | Y14: =VLOOKUP($B14,$R$3:$Z$9,8,FALSE) -> 0 | Z14: =VLOOKUP($B14,$R$3:$Z$9,9,FALSE) -> 60
B15: CARIB | C15: =[4]Brewhouse!$A310 -> CA266 | D15: =[4]Brewhouse!$AF310 -> 51.2 | E15: =[4]Brewhouse!$AI310 -> 51.3 | F15: =[4]Brewhouse!$V310 -> 62 | G15: =[4]Brewhouse!AG310 -> 11.9 | H15: 11.9 | I15: =[4]Brewhouse!$AU310 -> 100.88223 | J15: =[4]Brewhouse!$AV310 -> 102.2913 | K15: =[4]Brewhouse!$Q310 -> 9.8336414 | L15: =[4]Brewhouse!$P310 -> 60 | M15: =[4]Brewhouse!$U310-[4]Brewhouse!$T310 -> 0.10972222 | N15: =[4]Brewhouse!$Z310 -> 0.24652778 | O15: =[4]Brewhouse!$AX310 -> R. Regis | R15: =B15 -> CARIB | S15: =VLOOKUP($B15,$R$3:$X$9,2,FALSE) -> 11.6 | T15: =VLOOKUP($B15,$R$3:$X$9,3,FALSE) -> 12 | U15: =VLOOKUP($B15,$R$3:$X$9,4,FALSE) -> 0 | V15: =VLOOKUP($B15,$R$3:$X$9,5,FALSE) -> 0.11805556 | W15: =VLOOKUP($B15,$R$3:$X$9,6,FALSE) -> 0.22569444 | X15: =VLOOKUP($B15,$R$3:$X$9,7,FALSE) -> 0.26388889 | Y15: =VLOOKUP($B15,$R$3:$Z$9,8,FALSE) -> 0 | Z15: =VLOOKUP($B15,$R$3:$Z$9,9,FALSE) -> 60
R16: =B16 -> 0 | S16: =VLOOKUP($B16,$R$3:$X$9,2,FALSE) -> #N/A | T16: =VLOOKUP($B16,$R$3:$X$9,3,FALSE) -> #N/A | U16: =VLOOKUP($B16,$R$3:$X$9,4,FALSE) -> #N/A | V16: =VLOOKUP($B16,$R$3:$X$9,5,FALSE) -> #N/A | W16: =VLOOKUP($B16,$R$3:$X$9,6,FALSE) -> #N/A | X16: =VLOOKUP($B16,$R$3:$X$9,7,FALSE) -> #N/A | Y16: =VLOOKUP($B16,$R$3:$Z$9,8,FALSE) -> #N/A | Z16: =VLOOKUP($B16,$R$3:$Z$9,9,FALSE) -> #N/A
R17: =B17 -> 0 | S17: =VLOOKUP($B17,$R$3:$X$9,2,FALSE) -> #N/A | T17: =VLOOKUP($B17,$R$3:$X$9,3,FALSE) -> #N/A | U17: =VLOOKUP($B17,$R$3:$X$9,4,FALSE) -> #N/A | V17: =VLOOKUP($B17,$R$3:$X$9,5,FALSE) -> #N/A | W17: =VLOOKUP($B17,$R$3:$X$9,6,FALSE) -> #N/A | X17: =VLOOKUP($B17,$R$3:$X$9,7,FALSE) -> #N/A | Y17: =VLOOKUP($B17,$R$3:$Z$9,8,FALSE) -> #N/A | Z17: =VLOOKUP($B17,$R$3:$Z$9,9,FALSE) -> #N/A
R18: =B18 -> 0 | S18: =VLOOKUP($B18,$R$3:$X$9,2,FALSE) -> #N/A | T18: =VLOOKUP($B18,$R$3:$X$9,3,FALSE) -> #N/A | U18: =VLOOKUP($B18,$R$3:$X$9,4,FALSE) -> #N/A | V18: =VLOOKUP($B18,$R$3:$X$9,5,FALSE) -> #N/A | W18: =VLOOKUP($B18,$R$3:$X$9,6,FALSE) -> #N/A | X18: =VLOOKUP($B18,$R$3:$X$9,7,FALSE) -> #N/A | Y18: =VLOOKUP($B18,$R$3:$Z$9,8,FALSE) -> #N/A | Z18: =VLOOKUP($B18,$R$3:$Z$9,9,FALSE) -> #N/A
R19: =B19 -> 0 | S19: =VLOOKUP($B19,$R$3:$X$9,2,FALSE) -> #N/A | T19: =VLOOKUP($B19,$R$3:$X$9,3,FALSE) -> #N/A | U19: =VLOOKUP($B19,$R$3:$X$9,4,FALSE) -> #N/A | V19: =VLOOKUP($B19,$R$3:$X$9,5,FALSE) -> #N/A | W19: =VLOOKUP($B19,$R$3:$X$9,6,FALSE) -> #N/A | X19: =VLOOKUP($B19,$R$3:$X$9,7,FALSE) -> #N/A | Y19: =VLOOKUP($B19,$R$3:$Z$9,8,FALSE) -> #N/A | Z19: =VLOOKUP($B19,$R$3:$Z$9,9,FALSE) -> #N/A
R20: =B20 -> 0 | S20: =VLOOKUP($B20,$R$3:$X$9,2,FALSE) -> #N/A | T20: =VLOOKUP($B20,$R$3:$X$9,3,FALSE) -> #N/A | U20: =VLOOKUP($B20,$R$3:$X$9,4,FALSE) -> #N/A | V20: =VLOOKUP($B20,$R$3:$X$9,5,FALSE) -> #N/A | W20: =VLOOKUP($B20,$R$3:$X$9,6,FALSE) -> #N/A | X20: =VLOOKUP($B20,$R$3:$X$9,7,FALSE) -> #N/A | Y20: =VLOOKUP($B20,$R$3:$Z$9,8,FALSE) -> #N/A | Z20: =VLOOKUP($B20,$R$3:$Z$9,9,FALSE) -> #N/A
R21: =B21 -> 0 | S21: =VLOOKUP($B21,$R$3:$X$9,2,FALSE) -> #N/A | T21: =VLOOKUP($B21,$R$3:$X$9,3,FALSE) -> #N/A | U21: =VLOOKUP($B21,$R$3:$X$9,4,FALSE) -> #N/A | V21: =VLOOKUP($B21,$R$3:$X$9,5,FALSE) -> #N/A | W21: =VLOOKUP($B21,$R$3:$X$9,6,FALSE) -> #N/A | X21: =VLOOKUP($B21,$R$3:$X$9,7,FALSE) -> #N/A | Y21: =VLOOKUP($B21,$R$3:$Z$9,8,FALSE) -> #N/A | Z21: =VLOOKUP($B21,$R$3:$Z$9,9,FALSE) -> #N/A
R22: =B22 -> 0 | S22: =VLOOKUP($B22,$R$3:$X$9,2,FALSE) -> #N/A | T22: =VLOOKUP($B22,$R$3:$X$9,3,FALSE) -> #N/A | U22: =VLOOKUP($B22,$R$3:$X$9,4,FALSE) -> #N/A | V22: =VLOOKUP($B22,$R$3:$X$9,5,FALSE) -> #N/A | W22: =VLOOKUP($B22,$R$3:$X$9,6,FALSE) -> #N/A | X22: =VLOOKUP($B22,$R$3:$X$9,7,FALSE) -> #N/A | Y22: =VLOOKUP($B22,$R$3:$Z$9,8,FALSE) -> #N/A | Z22: =VLOOKUP($B22,$R$3:$Z$9,9,FALSE) -> #N/A
R23: =B23 -> 0 | S23: =VLOOKUP($B23,$R$3:$X$9,2,FALSE) -> #N/A | T23: =VLOOKUP($B23,$R$3:$X$9,3,FALSE) -> #N/A | U23: =VLOOKUP($B23,$R$3:$X$9,4,FALSE) -> #N/A | V23: =VLOOKUP($B23,$R$3:$X$9,5,FALSE) -> #N/A | W23: =VLOOKUP($B23,$R$3:$X$9,6,FALSE) -> #N/A | X23: =VLOOKUP($B23,$R$3:$X$9,7,FALSE) -> #N/A | Y23: =VLOOKUP($B23,$R$3:$Z$9,8,FALSE) -> #N/A | Z23: =VLOOKUP($B23,$R$3:$Z$9,9,FALSE) -> #N/A
R24: =B24 -> 0 | S24: =VLOOKUP($B24,$R$3:$X$9,2,FALSE) -> #N/A | T24: =VLOOKUP($B24,$R$3:$X$9,3,FALSE) -> #N/A | U24: =VLOOKUP($B24,$R$3:$X$9,4,FALSE) -> #N/A | V24: =VLOOKUP($B24,$R$3:$X$9,5,FALSE) -> #N/A | W24: =VLOOKUP($B24,$R$3:$X$9,6,FALSE) -> #N/A | X24: =VLOOKUP($B24,$R$3:$X$9,7,FALSE) -> #N/A | Y24: =VLOOKUP($B24,$R$3:$Z$9,8,FALSE) -> #N/A | Z24: =VLOOKUP($B24,$R$3:$Z$9,9,FALSE) -> #N/A
R25: =B25 -> 0 | S25: =VLOOKUP($B25,$R$3:$X$9,2,FALSE) -> #N/A | T25: =VLOOKUP($B25,$R$3:$X$9,3,FALSE) -> #N/A | U25: =VLOOKUP($B25,$R$3:$X$9,4,FALSE) -> #N/A | V25: =VLOOKUP($B25,$R$3:$X$9,5,FALSE) -> #N/A | W25: =VLOOKUP($B25,$R$3:$X$9,6,FALSE) -> #N/A | X25: =VLOOKUP($B25,$R$3:$X$9,7,FALSE) -> #N/A | Y25: =VLOOKUP($B25,$R$3:$Z$9,8,FALSE) -> #N/A | Z25: =VLOOKUP($B25,$R$3:$Z$9,9,FALSE) -> #N/A
R26: =B26 -> 0 | S26: =VLOOKUP($B26,$R$3:$X$9,2,FALSE) -> #N/A | T26: =VLOOKUP($B26,$R$3:$X$9,3,FALSE) -> #N/A | U26: =VLOOKUP($B26,$R$3:$X$9,4,FALSE) -> #N/A | V26: =VLOOKUP($B26,$R$3:$X$9,5,FALSE) -> #N/A | W26: =VLOOKUP($B26,$R$3:$X$9,6,FALSE) -> #N/A | X26: =VLOOKUP($B26,$R$3:$X$9,7,FALSE) -> #N/A | Y26: =VLOOKUP($B26,$R$3:$Z$9,8,FALSE) -> #N/A | Z26: =VLOOKUP($B26,$R$3:$Z$9,9,FALSE) -> #N/A
R27: =B27 -> 0 | S27: =VLOOKUP($B27,$R$3:$X$9,2,FALSE) -> #N/A | T27: =VLOOKUP($B27,$R$3:$X$9,3,FALSE) -> #N/A | U27: =VLOOKUP($B27,$R$3:$X$9,4,FALSE) -> #N/A | V27: =VLOOKUP($B27,$R$3:$X$9,5,FALSE) -> #N/A | W27: =VLOOKUP($B27,$R$3:$X$9,6,FALSE) -> #N/A | X27: =VLOOKUP($B27,$R$3:$X$9,7,FALSE) -> #N/A | Y27: =VLOOKUP($B27,$R$3:$Z$9,8,FALSE) -> #N/A | Z27: =VLOOKUP($B27,$R$3:$Z$9,9,FALSE) -> #N/A
... R29: =B29 -> 0 | S29: =VLOOKUP($B29,$R$3:$X$9,2,FALSE) -> #N/A | T29: =VLOOKUP($B29,$R$3:$X$9,3,FALSE) -> #N/A | U29: =VLOOKUP($B29,$R$3:$X$9,4,FALSE) -> #N/A | V29: =VLOOKUP($B29,$R$3:$X$9,5,FALSE) -> #N/A | W29: =VLOOKUP($B29,$R$3:$X$9,6,FALSE) -> #N/A | X29: =VLOOKUP($B29,$R$3:$X$9,7,FALSE) -> #N/A | Y29: =VLOOKUP($B29,$R$3:$Z$9,8,FALSE) -> #N/A | Z29: =VLOOKUP($B29,$R$3:$Z$9,9,FALSE) -> #N/A
B30: BRAND | D30: BBT P.G./ O.G | I30: Brand | K30: MTD No. of Brews | L30: MTD | M30: YTD | N30: Target | R30: =B30 -> BRAND | S30: =VLOOKUP($B30,$R$3:$X$9,2,FALSE) -> #N/A | T30: =VLOOKUP($B30,$R$3:$X$9,3,FALSE) -> #N/A | U30: =VLOOKUP($B30,$R$3:$X$9,4,FALSE) -> #N/A | V30: =VLOOKUP($B30,$R$3:$X$9,5,FALSE) -> #N/A | W30: =VLOOKUP($B30,$R$3:$X$9,6,FALSE) -> #N/A | X30: =VLOOKUP($B30,$R$3:$X$9,7,FALSE) -> #N/A | Y30: =VLOOKUP($B30,$R$3:$Z$9,8,FALSE) -> #N/A | Z30: =VLOOKUP($B30,$R$3:$Z$9,9,FALSE) -> #N/A
I31: CARIB | J31: =AVERAGE(I10:I15) -> 98.809207 | K31: =COUNTA([4]Brewhouse!$B$292:$B$310) -> 19 | L31: =AVERAGE([4]Brewhouse!$AU$292:$AU$310) -> 98.494596 | M31: =AVERAGE([4]Brewhouse!$AU$42:$AU$123,[4]Brewhouse!$AU$125:$AU$188,[4]Brewhouse!$AU$198:$AU$290,[4]Brewhouse!$AU$292:$AU$310) -> 97.921451 | N31: 98 | R31: =B31 -> 0 | S31: =VLOOKUP($B31,$R$3:$X$9,2,FALSE) -> #N/A | T31: =VLOOKUP($B31,$R$3:$X$9,3,FALSE) -> #N/A | U31: =VLOOKUP($B31,$R$3:$X$9,4,FALSE) -> #N/A | V31: =VLOOKUP($B31,$R$3:$X$9,5,FALSE) -> #N/A | W31: =VLOOKUP($B31,$R$3:$X$9,6,FALSE) -> #N/A | X31: =VLOOKUP($B31,$R$3:$X$9,7,FALSE) -> #N/A | Y31: =VLOOKUP($B31,$R$3:$Z$9,8,FALSE) -> #N/A | Z31: =VLOOKUP($B31,$R$3:$Z$9,9,FALSE) -> #N/A
I32: STAG | K32: =COUNTA([3]Brewhouse!$A$179:$A$188) -> 10 | L32: =AVERAGE([3]Brewhouse!$AS$179:$AS$188) -> 99.469071 | M32: =AVERAGE([3]Brewhouse!$AS$52:$AS$81,[3]Brewhouse!$AS$83:$AS$124,[3]Brewhouse!$AS$134:$AS$177,[3]Brewhouse!$AS$179:$AS$188) -> 98.513567 | N32: 98 | R32: =B32 -> 0 | S32: =VLOOKUP($B32,$R$3:$X$9,2,FALSE) -> #N/A | T32: =VLOOKUP($B32,$R$3:$X$9,3,FALSE) -> #N/A | U32: =VLOOKUP($B32,$R$3:$X$9,4,FALSE) -> #N/A | V32: =VLOOKUP($B32,$R$3:$X$9,5,FALSE) -> #N/A | W32: =VLOOKUP($B32,$R$3:$X$9,6,FALSE) -> #N/A | X32: =VLOOKUP($B32,$R$3:$X$9,7,FALSE) -> #N/A | Y32: =VLOOKUP($B32,$R$3:$Z$9,8,FALSE) -> #N/A | Z32: =VLOOKUP($B32,$R$3:$Z$9,9,FALSE) -> #N/A
I33: GUINNESS | K33: =COUNTA([5]Brewhouse!$A$43:$A$50) -> 8 | L33: =AVERAGE([5]Brewhouse!$AU$43:$AU$50) -> 96.223406 | M33: =AVERAGE([5]Brewhouse!$AU$16:$AU$23,[5]Brewhouse!$AU$25:$AU$32,[5]Brewhouse!$AU$34:$AU$41,[5]Brewhouse!$AU$43:$AU$50) -> 96.904442 | N33: 98 | R33: =B33 -> 0 | S33: =VLOOKUP($B33,$R$3:$X$9,2,FALSE) -> #N/A | T33: =VLOOKUP($B33,$R$3:$X$9,3,FALSE) -> #N/A | U33: =VLOOKUP($B33,$R$3:$X$9,4,FALSE) -> #N/A | V33: =VLOOKUP($B33,$R$3:$X$9,5,FALSE) -> #N/A | W33: =VLOOKUP($B33,$R$3:$X$9,6,FALSE) -> #N/A | X33: =VLOOKUP($B33,$R$3:$X$9,7,FALSE) -> #N/A | Y33: =VLOOKUP($B33,$R$3:$Z$9,8,FALSE) -> #N/A | Z33: =VLOOKUP($B33,$R$3:$Z$9,9,FALSE) -> #N/A
I34: VITAMALT | M34: =AVERAGE([6]Brewhouse!$AV$23:$AV$34,[6]Brewhouse!$AV$36,[6]Brewhouse!$AV$38:$AV$52) -> 97.639832 | N34: 98 | R34: =B34 -> 0 | S34: =VLOOKUP($B34,$R$3:$X$9,2,FALSE) -> #N/A | T34: =VLOOKUP($B34,$R$3:$X$9,3,FALSE) -> #N/A | U34: =VLOOKUP($B34,$R$3:$X$9,4,FALSE) -> #N/A | V34: =VLOOKUP($B34,$R$3:$X$9,5,FALSE) -> #N/A | W34: =VLOOKUP($B34,$R$3:$X$9,6,FALSE) -> #N/A | X34: =VLOOKUP($B34,$R$3:$X$9,7,FALSE) -> #N/A | Y34: =VLOOKUP($B34,$R$3:$Z$9,8,FALSE) -> #N/A | Z34: =VLOOKUP($B34,$R$3:$Z$9,9,FALSE) -> #N/A
I35: MAXIMALT | N35: 98 | R35: =B35 -> 0 | S35: =VLOOKUP($B35,$R$3:$X$9,2,FALSE) -> #N/A | T35: =VLOOKUP($B35,$R$3:$X$9,3,FALSE) -> #N/A | U35: =VLOOKUP($B35,$R$3:$X$9,4,FALSE) -> #N/A | V35: =VLOOKUP($B35,$R$3:$X$9,5,FALSE) -> #N/A | W35: =VLOOKUP($B35,$R$3:$X$9,6,FALSE) -> #N/A | X35: =VLOOKUP($B35,$R$3:$X$9,7,FALSE) -> #N/A | Y35: =VLOOKUP($B35,$R$3:$Z$9,8,FALSE) -> #N/A | Z35: =VLOOKUP($B35,$R$3:$Z$9,9,FALSE) -> #N/A
I36: MACKESON | M36: =AVERAGE([7]Brewhouse!$AT$4:$AT$11) -> 92.826225 | N36: 98 | R36: =B36 -> 0 | S36: =VLOOKUP($B36,$R$3:$X$9,2,FALSE) -> #N/A | T36: =VLOOKUP($B36,$R$3:$X$9,3,FALSE) -> #N/A | U36: =VLOOKUP($B36,$R$3:$X$9,4,FALSE) -> #N/A | V36: =VLOOKUP($B36,$R$3:$X$9,5,FALSE) -> #N/A | W36: =VLOOKUP($B36,$R$3:$X$9,6,FALSE) -> #N/A | X36: =VLOOKUP($B36,$R$3:$X$9,7,FALSE) -> #N/A | Y36: =VLOOKUP($B36,$R$3:$Z$9,8,FALSE) -> #N/A | Z36: =VLOOKUP($B36,$R$3:$Z$9,9,FALSE) -> #N/A
I37: STARMALT | M37: =AVERAGE([8]Brewhouse!$AY$5:$AY$14,[8]Brewhouse!$AY$16:$AY$23,[8]Brewhouse!$AY$42) -> 97.390504 | N37: 98 | R37: =B37 -> 0 | S37: =VLOOKUP($B37,$R$3:$X$9,2,FALSE) -> #N/A | T37: =VLOOKUP($B37,$R$3:$X$9,3,FALSE) -> #N/A | U37: =VLOOKUP($B37,$R$3:$X$9,4,FALSE) -> #N/A | V37: =VLOOKUP($B37,$R$3:$X$9,5,FALSE) -> #N/A | W37: =VLOOKUP($B37,$R$3:$X$9,6,FALSE) -> #N/A | X37: =VLOOKUP($B37,$R$3:$X$9,7,FALSE) -> #N/A | Y37: =VLOOKUP($B37,$R$3:$Z$9,8,FALSE) -> #N/A | Z37: =VLOOKUP($B37,$R$3:$Z$9,9,FALSE) -> #N/A
I38: HR- Pils | N38: 98 | R38: =B38 -> 0 | S38: =VLOOKUP($B38,$R$3:$X$9,2,FALSE) -> #N/A | T38: =VLOOKUP($B38,$R$3:$X$9,3,FALSE) -> #N/A | U38: =VLOOKUP($B38,$R$3:$X$9,4,FALSE) -> #N/A | V38: =VLOOKUP($B38,$R$3:$X$9,5,FALSE) -> #N/A | W38: =VLOOKUP($B38,$R$3:$X$9,6,FALSE) -> #N/A | X38: =VLOOKUP($B38,$R$3:$X$9,7,FALSE) -> #N/A | Y38: =VLOOKUP($B38,$R$3:$Z$9,8,FALSE) -> #N/A | Z38: =VLOOKUP($B38,$R$3:$Z$9,9,FALSE) -> #N/A
I39: HR- IPA | N39: 98 | R39: =B39 -> 0 | S39: =VLOOKUP($B39,$R$3:$X$9,2,FALSE) -> #N/A | T39: =VLOOKUP($B39,$R$3:$X$9,3,FALSE) -> #N/A | U39: =VLOOKUP($B39,$R$3:$X$9,4,FALSE) -> #N/A | V39: =VLOOKUP($B39,$R$3:$X$9,5,FALSE) -> #N/A | W39: =VLOOKUP($B39,$R$3:$X$9,6,FALSE) -> #N/A | X39: =VLOOKUP($B39,$R$3:$X$9,7,FALSE) -> #N/A | Y39: =VLOOKUP($B39,$R$3:$Z$9,8,FALSE) -> #N/A | Z39: =VLOOKUP($B39,$R$3:$Z$9,9,FALSE) -> #N/A
I40: HR- APA | N40: 98 | R40: =B40 -> 0 | S40: =VLOOKUP($B40,$R$3:$X$9,2,FALSE) -> #N/A | T40: =VLOOKUP($B40,$R$3:$X$9,3,FALSE) -> #N/A | U40: =VLOOKUP($B40,$R$3:$X$9,4,FALSE) -> #N/A | V40: =VLOOKUP($B40,$R$3:$X$9,5,FALSE) -> #N/A | W40: =VLOOKUP($B40,$R$3:$X$9,6,FALSE) -> #N/A | X40: =VLOOKUP($B40,$R$3:$X$9,7,FALSE) -> #N/A | Y40: =VLOOKUP($B40,$R$3:$Z$9,8,FALSE) -> #N/A | Z40: =VLOOKUP($B40,$R$3:$Z$9,9,FALSE) -> #N/A
K41: =SUM(K31:K40) -> 37 | L41: =((L31*K31)+(L32*K32)+(L33*K33)+(L34*K34)+(L35*K35)+(K38*L38)+(L36*K36)+(L37*K37)+(L40*K40))/(K41) -> 98.266899 | M41: =AVERAGE('[9]Jan30th-31st'!$L$42,L41) -> 98.047471 | N41: 98 | R41: =B41 -> 0 | S41: =VLOOKUP($B41,$R$3:$X$9,2,FALSE) -> #N/A | T41: =VLOOKUP($B41,$R$3:$X$9,3,FALSE) -> #N/A | U41: =VLOOKUP($B41,$R$3:$X$9,4,FALSE) -> #N/A | V41: =VLOOKUP($B41,$R$3:$X$9,5,FALSE) -> #N/A | W41: =VLOOKUP($B41,$R$3:$X$9,6,FALSE) -> #N/A | X41: =VLOOKUP($B41,$R$3:$X$9,7,FALSE) -> #N/A | Y41: =VLOOKUP($B41,$R$3:$Z$9,8,FALSE) -> #N/A | Z41: =VLOOKUP($B41,$R$3:$Z$9,9,FALSE) -> #N/A
R42: =B42 -> 0 | S42: =VLOOKUP($B42,$R$3:$X$9,2,FALSE) -> #N/A | T42: =VLOOKUP($B42,$R$3:$X$9,3,FALSE) -> #N/A | U42: =VLOOKUP($B42,$R$3:$X$9,4,FALSE) -> #N/A | V42: =VLOOKUP($B42,$R$3:$X$9,5,FALSE) -> #N/A | W42: =VLOOKUP($B42,$R$3:$X$9,6,FALSE) -> #N/A | X42: =VLOOKUP($B42,$R$3:$X$9,7,FALSE) -> #N/A | Y42: =VLOOKUP($B42,$R$3:$Z$9,8,FALSE) -> #N/A | Z42: =VLOOKUP($B42,$R$3:$Z$9,9,FALSE) -> #N/A
J43: Daily Brewing Plan
J44: Brand | K44: Brews Achieved | L44: Average Brews per day
J45: CARIB | K45: 6 | L45: MTD | M45: YTD | N45: TARGET
J46: STAG | L46: =AVERAGE('Apr 1st'!K50,K55,'Apr 2nd'!K48,'Apr 7th'!K50,'Apr 8th'!K50,'Apr 9th '!K58) -> 6.1666667 | M46: =AVERAGE('[9]Jan30th-31st'!$L$47,L46,'[10]Feb 26th '!$L$39,'[11]Mar 31st'!$L$47) -> 6.3384058 | N46: 9.2
J47: GUINN
J48: VITAMALT
J49: STARMALT
J50: MACKESON
J51: HURRICANE REEF- IPA
J52: HURRICANE REEF- APA
B53: AVERAGE | J53: HR- PILSNER
J54: CARIBE
J55: Total | K55: =SUM(K45:K54) -> 6
B56: Process: | C56: Fermentation/Filtration
B58: Brand | C58: Filt. Date | D58: FV Hls | E58: GFE/ Prim/ Vita Blend (Hls) | F58: SV Hls | G58: BBT Hls | H58: Loss (%) Ferm | I58: Loss (%) Filt | J58: Comments | K58: Throughput | L58: Process Loss (%) | M58: Filt. Operator
AB59: 43474 | AC59: 43475 | AD59: 43476 | AE59: 43477 | AF59: 43478 | AG59: 43479 | AH59: 43480 | AI59: 43481 | AJ59: 43482 | AK59: 43483 | AL59: 43484 | AM59: 43485 | AN59: 43486 | AO59: 43487 | AP59: 43488 | AQ59: 43489 | AR59: 43490 | AS59: 43491 | AT59: 43492 | AU59: 43493 | AV59: 43494 | AW59: 43495 | AX59: 43496
B60: =J45 -> CARIB | C60: 46122 | D60: =[12]April_2026!$M$3 -> 287.4 | F60: =SUM([33]CARIB!$L$34:$L$39) -> 289.2 | G60: =[12]April_2026!$M$7 -> 264.6 | H60: =(D60-F60)/D60*100 -> -0.6263048 | I60: =((F60+E60)-G60)/(F60+E60)*100 -> 8.5062241 | J60: NO SBF | K60: =[13]April_2026!$M$18 -> 0.46421053 | L60: =(((D60+E60)-G60)/(D60+E60))*100 -> 7.9331942 | M60: K. Hosten | AB60: =[14]January_2019!L5 -> 0 | AC60: =[14]January_2019!M5 -> 0 | AD60: =[14]January_2019!N5 -> 0 | AE60: =[14]January_2019!O5 -> 0 | AF60: =[14]January_2019!P5 -> 0 | AG60: =[14]January_2019!Q5 -> 0 | AH60: =[14]January_2019!R5 -> 0 | AI60: =[14]January_2019!S5 -> 0 | ... AX60: =[14]January_2019!AH5 -> 0
AB61: =[14]January_2019!L6 -> 0 | AC61: =[14]January_2019!M6 -> 0 | AD61: =[14]January_2019!N6 -> 0 | AE61: =[14]January_2019!O6 -> 0 | AF61: =[14]January_2019!P6 -> 0 | AG61: =[14]January_2019!Q6 -> 0 | AH61: =[14]January_2019!R6 -> 0 | AI61: =[14]January_2019!S6 -> 0 | ... AX61: =[14]January_2019!AH6 -> 0
AB62: =[14]January_2019!L7 -> 285.8 | AC62: =[14]January_2019!M7 -> 508.1 | AD62: =[14]January_2019!N7 -> 0 | AE62: =[14]January_2019!O7 -> 0 | AF62: =[14]January_2019!P7 -> 109.56667 | AG62: =[14]January_2019!Q7 -> 297.65 | AH62: =[14]January_2019!R7 -> 122.3 | AI62: =[14]January_2019!S7 -> 0 | ... AX62: =[14]January_2019!AH7 -> 0
J64: 1 SBF | L64: =(((D64+E64)-G64)/(D64+E64))*100 -> #DIV/0!
B71: Process Loss (Volume) | G71: Process Loss (Extract) | K71: Throughput
B72: Brand | C72: Actual | D72: MTD | E72: YTD | F72: Target | G72: Actual | H72: MTD | I72: YTD | J72: Target | L72: MTD | M72: YTD | N72: Target
B73: CARIB | C73: =L60 -> 7.9331942 | D73: 6.6384079 | E73: 6.8306722 | F73: 4.8 | G73: =[12]April_2026!$M$11 -> 8.0808554 | H73: 6.5876956 | I73: 6.7202023 | J73: 4.8 | K73: =K60 -> 0.46421053 | L73: 0.65622807 | M73: 0.45061197 | N73: 1
B74: STAG | D74: 4.2503259 | E74: 6.0876109 | F74: 4.8 | H74: 3.7045586 | I74: 5.7742586 | J74: 4.8 | L74: 1.2884211 | M74: 0.74983233 | N74: 1
B75: GUINN | E75: 12.380136 | F75: 5.5 | I75: 13.955539 | J75: 5.5 | M75: 0.29450526 | N75: 1
B76: VITAMALT | E76: 4.6014184 | F76: 3.3 | I76: 4.327474 | J76: 3.3 | M76: 0.82925439 | N76: 1
B77: APA | F77: 3.3 | J77: 3 | N77: 1
B78: MACKESON | E78: 5.1105651 | F78: =[15]May_2022!$M$43 -> 3.4878407 | I78: 7.913137 | J78: 5.5 | M78: 1.3550877 | N78: 1
B79: STARMALT | E79: 3.9654241 | F79: 3.3 | I79: 5.0010392 | J79: 3.3 | M79: 0.93295906 | N79: 1
B80: IPA | F80: 7.5 | J80: 7.5 | N80: 1
B81: HURRICANE REEF PILS | F81: 4.8 | J81: 4.8 | N81: 1
D82: 5.7899856 | E82: 6.5428076 | F82: 5.5 | H82: 5.5613245 | I82: 6.6968953 | J82: 5.5 | L82: 0.86695906 | M82: 0.57113695 | N82: 1

Sheet Apr 13th
S1: P.G. | U1: Hot Time | W1: Process Time | Y1: Cooling Time
B2: Brewing Department Daily Process Loss Report | S2: Lower | T2: Upper | U2: Lower | V2: Upper | W2: Lower | X2: Upper | Y2: Lower | Z2: Upper
R3: CARIB | S3: 11.6 | T3: 12 | U3: 0 | V3: 0.11805556 | W3: 0.22569444 | X3: 0.26388889 | Y3: 0 | Z3: 60 | AB3: HR- PISNER
B4: Date: | C4: 46126 | J4: LOT WORT COLOUR: | M4: Filter Sheets (Target 20 days) | R4: STAG | S4: 11.6 | T4: 12 | U4: 0 | V4: 0.11805556 | W4: 0.22569444 | X4: 0.26388889 | Y4: 0 | Z4: 60
M5: Double | N5: Single | R5: GUINNESS | S5: 17 | T5: 17.5 | U5: 0 | V5: 0.10763889 | W5: 0.24652778 | X5: 0.28472222 | Y5: 0 | Z5: 60
J6: MALT LOT: Lot #13 | L6: Sheet Day | R6: MACKESON | S6: 13.3 | T6: 13.5 | U6: 0 | V6: 0.12905093 | W6: 0.27430556 | X6: 0.30208333 | Y6: 0
R7: STARMALT | S7: 17 | T7: 17.4 | U7: 0 | V7: 0.13605324 | W7: 0.27430556 | X7: 0.30902778 | Y7: 0 | Z7: 85
B8: Brand | C8: Brew no. | D8: Kett. Hls | E8: Wort | F8: Cool Time(Mins) | G8: Cast. P.G. (Lab Result) | H8: Cast P.G. (Cellar Operator)-gravity | I8: Extr. Rec (77.9%) | J8: Theor. Extr. (77.5%) | K8: Boil Off /Vol. (4-6%) | L8: Boil Time | M8: Total Hot | N8: Brewing Time | O8: Operator | R8: Hurricane Reef | S8: 16.6 | T8: 17 | U8: 0 | V8: 0.12905093 | W8: 0.27430556 | X8: 0.30208333 | Y8: 0
E9: Meter (Hls) | F9: Target(< 60Mins) | M9: Time | R9: VITAMALT | S9: 14.2 | T9: 14.6 | U9: 0 | V9: 0.13905093 | W9: 0.26041667 | X9: 0.29513889 | Y9: 0 | Z9: 75
B10: STAG | C10: =[3]Brewhouse!$A189 -> ST136 | D10: =[3]Brewhouse!$AB189 -> 54.1 | E10: =[3]Brewhouse!$AG189 -> 47.6 | F10: =[3]Brewhouse!$V189 -> 61 | G10: =[3]Brewhouse!$AE189 -> 12 | H10: 12 | I10: =[3]Brewhouse!$AS189 -> 95.909461 | J10: =[3]Brewhouse!$AT189 -> 97.02557 | K10: =[3]Brewhouse!$Q189 -> 9.3807763 | L10: =[3]Brewhouse!$P189 -> 60 | M10: =[3]Brewhouse!$U189-[3]Brewhouse!$T189 -> 0.11388889 | N10: =[3]Brewhouse!$AW189 -> 0.25208333 | O10: =[3]Brewhouse!$AV189 -> R. Regis | R10: =B10 -> STAG | S10: =VLOOKUP($B10,$R$3:$X$9,2,FALSE) -> 11.6 | T10: =VLOOKUP($B10,$R$3:$X$9,3,FALSE) -> 12 | U10: =VLOOKUP($B10,$R$3:$X$9,4,FALSE) -> 0 | V10: =VLOOKUP($B10,$R$3:$X$9,5,FALSE) -> 0.11805556 | W10: =VLOOKUP($B10,$R$3:$X$9,6,FALSE) -> 0.22569444 | X10: =VLOOKUP($B10,$R$3:$X$9,7,FALSE) -> 0.26388889 | Y10: =VLOOKUP($B10,$R$3:$Z$9,8,FALSE) -> 0 | Z10: =VLOOKUP($B10,$R$3:$Z$9,9,FALSE) -> 60
B11: STAG | C11: =[3]Brewhouse!$A190 -> ST137 | D11: =[3]Brewhouse!$AB190 -> 53.1 | E11: =[3]Brewhouse!$AG190 -> 50.2 | F11: =[3]Brewhouse!$V190 -> 66 | G11: =[3]Brewhouse!$AE190 -> 11.9 | H11: 11.9 | I11: =[3]Brewhouse!$AS190 -> 100.38901 | J11: =[3]Brewhouse!$AT190 -> 101.55686 | K11: =[3]Brewhouse!$Q190 -> 11.629002 | L11: =[3]Brewhouse!$P190 -> 60 | M11: =[3]Brewhouse!$U190-[3]Brewhouse!$T190 -> 0.11597222 | N11: =[3]Brewhouse!$AW190 -> 0.25555556 | O11: =[3]Brewhouse!$AV190 -> R.Sookram | R11: =B11 -> STAG | S11: =VLOOKUP($B11,$R$3:$X$9,2,FALSE) -> 11.6 | T11: =VLOOKUP($B11,$R$3:$X$9,3,FALSE) -> 12 | U11: =VLOOKUP($B11,$R$3:$X$9,4,FALSE) -> 0 | V11: =VLOOKUP($B11,$R$3:$X$9,5,FALSE) -> 0.11805556 | W11: =VLOOKUP($B11,$R$3:$X$9,6,FALSE) -> 0.22569444 | X11: =VLOOKUP($B11,$R$3:$X$9,7,FALSE) -> 0.26388889 | Y11: =VLOOKUP($B11,$R$3:$Z$9,8,FALSE) -> 0 | Z11: =VLOOKUP($B11,$R$3:$Z$9,9,FALSE) -> 60
B12: STAG | C12: =[3]Brewhouse!$A191 -> ST138 | D12: =[3]Brewhouse!$AB191 -> 53.1 | E12: =[3]Brewhouse!$AG191 -> 50 | F12: =[3]Brewhouse!$V191 -> 62 | G12: =[3]Brewhouse!$AE191 -> 11.9 | I12: =[3]Brewhouse!$AS191 -> 100.11551 | J12: =[3]Brewhouse!$AT191 -> 101.27979 | K12: =[3]Brewhouse!$Q191 -> 11.817326 | L12: =[3]Brewhouse!$P191 -> 58 | M12: =[3]Brewhouse!$U191-[3]Brewhouse!$T191 -> 0.11944444 | N12: =[3]Brewhouse!$AW191 -> 0.27083333 | O12: =[3]Brewhouse!$AV191 -> R.Sookram | R12: =B12 -> STAG | S12: =VLOOKUP($B12,$R$3:$X$9,2,FALSE) -> 11.6 | T12: =VLOOKUP($B12,$R$3:$X$9,3,FALSE) -> 12 | U12: =VLOOKUP($B12,$R$3:$X$9,4,FALSE) -> 0 | V12: =VLOOKUP($B12,$R$3:$X$9,5,FALSE) -> 0.11805556 | W12: =VLOOKUP($B12,$R$3:$X$9,6,FALSE) -> 0.22569444 | X12: =VLOOKUP($B12,$R$3:$X$9,7,FALSE) -> 0.26388889 | Y12: =VLOOKUP($B12,$R$3:$Z$9,8,FALSE) -> 0 | Z12: =VLOOKUP($B12,$R$3:$Z$9,9,FALSE) -> 60
B13: STAG | C13: =[3]Brewhouse!$A192 -> ST139 | D13: =[3]Brewhouse!$AB192 -> 53.1 | E13: =[3]Brewhouse!$AG192 -> 49.8 | F13: =[3]Brewhouse!$V192 -> 62 | G13: =[3]Brewhouse!$AE192 -> 11.9 | H13: 11.8 | I13: =[3]Brewhouse!$AS192 -> 99.841326 | J13: =[3]Brewhouse!$AT192 -> 101.00203 | K13: =[3]Brewhouse!$Q192 -> 14.830508 | L13: =[3]Brewhouse!$P192 -> 58 | M13: =[3]Brewhouse!$U192-[3]Brewhouse!$T192 -> 0.11875 | N13: =[3]Brewhouse!$AW192 -> 0.25694444 | O13: =[3]Brewhouse!$AV192 -> R.Sookram | R13: =B13 -> STAG | S13: =VLOOKUP($B13,$R$3:$X$9,2,FALSE) -> 11.6 | T13: =VLOOKUP($B13,$R$3:$X$9,3,FALSE) -> 12 | U13: =VLOOKUP($B13,$R$3:$X$9,4,FALSE) -> 0 | V13: =VLOOKUP($B13,$R$3:$X$9,5,FALSE) -> 0.11805556 | W13: =VLOOKUP($B13,$R$3:$X$9,6,FALSE) -> 0.22569444 | X13: =VLOOKUP($B13,$R$3:$X$9,7,FALSE) -> 0.26388889 | Y13: =VLOOKUP($B13,$R$3:$Z$9,8,FALSE) -> 0 | Z13: =VLOOKUP($B13,$R$3:$Z$9,9,FALSE) -> 60
B14: STAG | C14: =[3]Brewhouse!$A193 -> ST140 | D14: =[3]Brewhouse!$AB193 -> 53.1 | E14: =[3]Brewhouse!$AG193 -> 47.8 | F14: =[3]Brewhouse!$V193 -> 61 | G14: =[3]Brewhouse!$AE193 -> 11.9 | H14: 12.1 | I14: =[3]Brewhouse!$AS193 -> 95.710431 | J14: =[3]Brewhouse!$AT193 -> 96.823482 | K14: =[3]Brewhouse!$Q193 -> 12.382298 | L14: =[3]Brewhouse!$P193 -> 59 | M14: =[3]Brewhouse!$U193-[3]Brewhouse!$T193 -> 0.10902778 | N14: =[3]Brewhouse!$AW193 -> 0.25416667 | O14: =[3]Brewhouse!$AV193 -> R.Sookram | R14: =B14 -> STAG | S14: =VLOOKUP($B14,$R$3:$X$9,2,FALSE) -> 11.6 | T14: =VLOOKUP($B14,$R$3:$X$9,3,FALSE) -> 12 | U14: =VLOOKUP($B14,$R$3:$X$9,4,FALSE) -> 0 | V14: =VLOOKUP($B14,$R$3:$X$9,5,FALSE) -> 0.11805556 | W14: =VLOOKUP($B14,$R$3:$X$9,6,FALSE) -> 0.22569444 | X14: =VLOOKUP($B14,$R$3:$X$9,7,FALSE) -> 0.26388889 | Y14: =VLOOKUP($B14,$R$3:$Z$9,8,FALSE) -> 0 | Z14: =VLOOKUP($B14,$R$3:$Z$9,9,FALSE) -> 60
B15: STAG | C15: =[3]Brewhouse!$A194 -> ST141 | D15: =[3]Brewhouse!$AB194 -> 53.1 | E15: =[3]Brewhouse!$AG194 -> 47.1 | F15: =[3]Brewhouse!$V194 -> 60 | G15: =[3]Brewhouse!$AE194 -> 12 | H15: 12.3 | I15: =[3]Brewhouse!$AS194 -> 95.142064 | J15: =[3]Brewhouse!$AT194 -> 96.248505 | K15: =[3]Brewhouse!$Q194 -> 14.453861 | L15: =[3]Brewhouse!$P194 -> 59 | M15: =[3]Brewhouse!$U194-[3]Brewhouse!$T194 -> 0.11041667 | N15: =[3]Brewhouse!$AW194 -> 0.26458333 | O15: =[3]Brewhouse!$AV194 -> R.Sookram | R15: =B15 -> STAG | S15: =VLOOKUP($B15,$R$3:$X$9,2,FALSE) -> 11.6 | T15: =VLOOKUP($B15,$R$3:$X$9,3,FALSE) -> 12 | U15: =VLOOKUP($B15,$R$3:$X$9,4,FALSE) -> 0 | V15: =VLOOKUP($B15,$R$3:$X$9,5,FALSE) -> 0.11805556 | W15: =VLOOKUP($B15,$R$3:$X$9,6,FALSE) -> 0.22569444 | X15: =VLOOKUP($B15,$R$3:$X$9,7,FALSE) -> 0.26388889 | Y15: =VLOOKUP($B15,$R$3:$Z$9,8,FALSE) -> 0 | Z15: =VLOOKUP($B15,$R$3:$Z$9,9,FALSE) -> 60
B16: STAG | C16: =[3]Brewhouse!$A195 -> ST142 | D16: =[3]Brewhouse!$AB195 -> 53.1 | E16: =[3]Brewhouse!$AG195 -> 48.9 | F16: =[3]Brewhouse!$V195 -> 58 | G16: =[3]Brewhouse!$AE195 -> 12 | H16: 12.2 | I16: =[3]Brewhouse!$AS195 -> 98.778066 | J16: =[3]Brewhouse!$AT195 -> 99.926792 | K16: =[3]Brewhouse!$Q195 -> 14.265537 | L16: =[3]Brewhouse!$P195 -> 59 | M16: =[3]Brewhouse!$U195-[3]Brewhouse!$T195 -> 0.10347222 | N16: =[3]Brewhouse!$AW195 -> 0.26388889 | O16: =[3]Brewhouse!$AV195 -> R.Sookram | R16: =B16 -> STAG | S16: =VLOOKUP($B16,$R$3:$X$9,2,FALSE) -> 11.6 | T16: =VLOOKUP($B16,$R$3:$X$9,3,FALSE) -> 12 | U16: =VLOOKUP($B16,$R$3:$X$9,4,FALSE) -> 0 | V16: =VLOOKUP($B16,$R$3:$X$9,5,FALSE) -> 0.11805556 | W16: =VLOOKUP($B16,$R$3:$X$9,6,FALSE) -> 0.22569444 | X16: =VLOOKUP($B16,$R$3:$X$9,7,FALSE) -> 0.26388889 | Y16: =VLOOKUP($B16,$R$3:$Z$9,8,FALSE) -> 0 | Z16: =VLOOKUP($B16,$R$3:$Z$9,9,FALSE) -> 60
B17: STAG | C17: =[3]Brewhouse!$A196 -> ST143 | D17: =[3]Brewhouse!$AB196 -> 53.1 | E17: =[3]Brewhouse!$AG196 -> 48.9 | F17: =[3]Brewhouse!$V196 -> 58 | G17: =[3]Brewhouse!$AE196 -> 12.5 | H17: 12.3 | I17: =[3]Brewhouse!$AS196 -> 103.10354 | J17: =[3]Brewhouse!$AT196 -> 104.30257 | K17: =[3]Brewhouse!$Q196 -> 14.453861 | L17: =[3]Brewhouse!$P196 -> 59 | M17: =[3]Brewhouse!$U196-[3]Brewhouse!$T196 -> 0.1125 | N17: =[3]Brewhouse!$AW196 -> 0.27430556 | O17: =[3]Brewhouse!$AV196 -> R.Sookram | R17: =B17 -> STAG | S17: =VLOOKUP($B17,$R$3:$X$9,2,FALSE) -> 11.6 | T17: =VLOOKUP($B17,$R$3:$X$9,3,FALSE) -> 12 | U17: =VLOOKUP($B17,$R$3:$X$9,4,FALSE) -> 0 | V17: =VLOOKUP($B17,$R$3:$X$9,5,FALSE) -> 0.11805556 | W17: =VLOOKUP($B17,$R$3:$X$9,6,FALSE) -> 0.22569444 | X17: =VLOOKUP($B17,$R$3:$X$9,7,FALSE) -> 0.26388889 | Y17: =VLOOKUP($B17,$R$3:$Z$9,8,FALSE) -> 0 | Z17: =VLOOKUP($B17,$R$3:$Z$9,9,FALSE) -> 60
R18: =B18 -> 0 | S18: =VLOOKUP($B18,$R$3:$X$9,2,FALSE) -> #N/A | T18: =VLOOKUP($B18,$R$3:$X$9,3,FALSE) -> #N/A | U18: =VLOOKUP($B18,$R$3:$X$9,4,FALSE) -> #N/A | V18: =VLOOKUP($B18,$R$3:$X$9,5,FALSE) -> #N/A | W18: =VLOOKUP($B18,$R$3:$X$9,6,FALSE) -> #N/A | X18: =VLOOKUP($B18,$R$3:$X$9,7,FALSE) -> #N/A | Y18: =VLOOKUP($B18,$R$3:$Z$9,8,FALSE) -> #N/A | Z18: =VLOOKUP($B18,$R$3:$Z$9,9,FALSE) -> #N/A
R19: =B19 -> 0 | S19: =VLOOKUP($B19,$R$3:$X$9,2,FALSE) -> #N/A | T19: =VLOOKUP($B19,$R$3:$X$9,3,FALSE) -> #N/A | U19: =VLOOKUP($B19,$R$3:$X$9,4,FALSE) -> #N/A | V19: =VLOOKUP($B19,$R$3:$X$9,5,FALSE) -> #N/A | W19: =VLOOKUP($B19,$R$3:$X$9,6,FALSE) -> #N/A | X19: =VLOOKUP($B19,$R$3:$X$9,7,FALSE) -> #N/A | Y19: =VLOOKUP($B19,$R$3:$Z$9,8,FALSE) -> #N/A | Z19: =VLOOKUP($B19,$R$3:$Z$9,9,FALSE) -> #N/A
R20: =B20 -> 0 | S20: =VLOOKUP($B20,$R$3:$X$9,2,FALSE) -> #N/A | T20: =VLOOKUP($B20,$R$3:$X$9,3,FALSE) -> #N/A | U20: =VLOOKUP($B20,$R$3:$X$9,4,FALSE) -> #N/A | V20: =VLOOKUP($B20,$R$3:$X$9,5,FALSE) -> #N/A | W20: =VLOOKUP($B20,$R$3:$X$9,6,FALSE) -> #N/A | X20: =VLOOKUP($B20,$R$3:$X$9,7,FALSE) -> #N/A | Y20: =VLOOKUP($B20,$R$3:$Z$9,8,FALSE) -> #N/A | Z20: =VLOOKUP($B20,$R$3:$Z$9,9,FALSE) -> #N/A
R21: =B21 -> 0 | S21: =VLOOKUP($B21,$R$3:$X$9,2,FALSE) -> #N/A | T21: =VLOOKUP($B21,$R$3:$X$9,3,FALSE) -> #N/A | U21: =VLOOKUP($B21,$R$3:$X$9,4,FALSE) -> #N/A | V21: =VLOOKUP($B21,$R$3:$X$9,5,FALSE) -> #N/A | W21: =VLOOKUP($B21,$R$3:$X$9,6,FALSE) -> #N/A | X21: =VLOOKUP($B21,$R$3:$X$9,7,FALSE) -> #N/A | Y21: =VLOOKUP($B21,$R$3:$Z$9,8,FALSE) -> #N/A | Z21: =VLOOKUP($B21,$R$3:$Z$9,9,FALSE) -> #N/A
R22: =B22 -> 0 | S22: =VLOOKUP($B22,$R$3:$X$9,2,FALSE) -> #N/A | T22: =VLOOKUP($B22,$R$3:$X$9,3,FALSE) -> #N/A | U22: =VLOOKUP($B22,$R$3:$X$9,4,FALSE) -> #N/A | V22: =VLOOKUP($B22,$R$3:$X$9,5,FALSE) -> #N/A | W22: =VLOOKUP($B22,$R$3:$X$9,6,FALSE) -> #N/A | X22: =VLOOKUP($B22,$R$3:$X$9,7,FALSE) -> #N/A | Y22: =VLOOKUP($B22,$R$3:$Z$9,8,FALSE) -> #N/A | Z22: =VLOOKUP($B22,$R$3:$Z$9,9,FALSE) -> #N/A
R23: =B23 -> 0 | S23: =VLOOKUP($B23,$R$3:$X$9,2,FALSE) -> #N/A | T23: =VLOOKUP($B23,$R$3:$X$9,3,FALSE) -> #N/A | U23: =VLOOKUP($B23,$R$3:$X$9,4,FALSE) -> #N/A | V23: =VLOOKUP($B23,$R$3:$X$9,5,FALSE) -> #N/A | W23: =VLOOKUP($B23,$R$3:$X$9,6,FALSE) -> #N/A | X23: =VLOOKUP($B23,$R$3:$X$9,7,FALSE) -> #N/A | Y23: =VLOOKUP($B23,$R$3:$Z$9,8,FALSE) -> #N/A | Z23: =VLOOKUP($B23,$R$3:$Z$9,9,FALSE) -> #N/A
R24: =B24 -> 0 | S24: =VLOOKUP($B24,$R$3:$X$9,2,FALSE) -> #N/A | T24: =VLOOKUP($B24,$R$3:$X$9,3,FALSE) -> #N/A | U24: =VLOOKUP($B24,$R$3:$X$9,4,FALSE) -> #N/A | V24: =VLOOKUP($B24,$R$3:$X$9,5,FALSE) -> #N/A | W24: =VLOOKUP($B24,$R$3:$X$9,6,FALSE) -> #N/A | X24: =VLOOKUP($B24,$R$3:$X$9,7,FALSE) -> #N/A | Y24: =VLOOKUP($B24,$R$3:$Z$9,8,FALSE) -> #N/A | Z24: =VLOOKUP($B24,$R$3:$Z$9,9,FALSE) -> #N/A
R25: =B25 -> 0 | S25: =VLOOKUP($B25,$R$3:$X$9,2,FALSE) -> #N/A | T25: =VLOOKUP($B25,$R$3:$X$9,3,FALSE) -> #N/A | U25: =VLOOKUP($B25,$R$3:$X$9,4,FALSE) -> #N/A | V25: =VLOOKUP($B25,$R$3:$X$9,5,FALSE) -> #N/A | W25: =VLOOKUP($B25,$R$3:$X$9,6,FALSE) -> #N/A | X25: =VLOOKUP($B25,$R$3:$X$9,7,FALSE) -> #N/A | Y25: =VLOOKUP($B25,$R$3:$Z$9,8,FALSE) -> #N/A | Z25: =VLOOKUP($B25,$R$3:$Z$9,9,FALSE) -> #N/A
R26: =B26 -> 0 | S26: =VLOOKUP($B26,$R$3:$X$9,2,FALSE) -> #N/A | T26: =VLOOKUP($B26,$R$3:$X$9,3,FALSE) -> #N/A | U26: =VLOOKUP($B26,$R$3:$X$9,4,FALSE) -> #N/A | V26: =VLOOKUP($B26,$R$3:$X$9,5,FALSE) -> #N/A | W26: =VLOOKUP($B26,$R$3:$X$9,6,FALSE) -> #N/A | X26: =VLOOKUP($B26,$R$3:$X$9,7,FALSE) -> #N/A | Y26: =VLOOKUP($B26,$R$3:$Z$9,8,FALSE) -> #N/A | Z26: =VLOOKUP($B26,$R$3:$Z$9,9,FALSE) -> #N/A
R27: =B27 -> 0 | S27: =VLOOKUP($B27,$R$3:$X$9,2,FALSE) -> #N/A | T27: =VLOOKUP($B27,$R$3:$X$9,3,FALSE) -> #N/A | U27: =VLOOKUP($B27,$R$3:$X$9,4,FALSE) -> #N/A | V27: =VLOOKUP($B27,$R$3:$X$9,5,FALSE) -> #N/A | W27: =VLOOKUP($B27,$R$3:$X$9,6,FALSE) -> #N/A | X27: =VLOOKUP($B27,$R$3:$X$9,7,FALSE) -> #N/A | Y27: =VLOOKUP($B27,$R$3:$Z$9,8,FALSE) -> #N/A | Z27: =VLOOKUP($B27,$R$3:$Z$9,9,FALSE) -> #N/A
R28: =B28 -> 0 | S28: =VLOOKUP($B28,$R$3:$X$9,2,FALSE) -> #N/A | T28: =VLOOKUP($B28,$R$3:$X$9,3,FALSE) -> #N/A | U28: =VLOOKUP($B28,$R$3:$X$9,4,FALSE) -> #N/A | V28: =VLOOKUP($B28,$R$3:$X$9,5,FALSE) -> #N/A | W28: =VLOOKUP($B28,$R$3:$X$9,6,FALSE) -> #N/A | X28: =VLOOKUP($B28,$R$3:$X$9,7,FALSE) -> #N/A | Y28: =VLOOKUP($B28,$R$3:$Z$9,8,FALSE) -> #N/A | Z28: =VLOOKUP($B28,$R$3:$Z$9,9,FALSE) -> #N/A
R29: =B29 -> 0 | S29: =VLOOKUP($B29,$R$3:$X$9,2,FALSE) -> #N/A | T29: =VLOOKUP($B29,$R$3:$X$9,3,FALSE) -> #N/A | U29: =VLOOKUP($B29,$R$3:$X$9,4,FALSE) -> #N/A | V29: =VLOOKUP($B29,$R$3:$X$9,5,FALSE) -> #N/A | W29: =VLOOKUP($B29,$R$3:$X$9,6,FALSE) -> #N/A | X29: =VLOOKUP($B29,$R$3:$X$9,7,FALSE) -> #N/A | Y29: =VLOOKUP($B29,$R$3:$Z$9,8,FALSE) -> #N/A | Z29: =VLOOKUP($B29,$R$3:$Z$9,9,FALSE) -> #N/A
... R40: =B40 -> 0 | S40: =VLOOKUP($B40,$R$3:$X$9,2,FALSE) -> #N/A | T40: =VLOOKUP($B40,$R$3:$X$9,3,FALSE) -> #N/A | U40: =VLOOKUP($B40,$R$3:$X$9,4,FALSE) -> #N/A | V40: =VLOOKUP($B40,$R$3:$X$9,5,FALSE) -> #N/A | W40: =VLOOKUP($B40,$R$3:$X$9,6,FALSE) -> #N/A | X40: =VLOOKUP($B40,$R$3:$X$9,7,FALSE) -> #N/A | Y40: =VLOOKUP($B40,$R$3:$Z$9,8,FALSE) -> #N/A | Z40: =VLOOKUP($B40,$R$3:$Z$9,9,FALSE) -> #N/A
B41: BRAND | D41: BBT P.G./ O.G | I41: Brand | K41: MTD No. of Brews | L41: MTD | M41: YTD | N41: Target | R41: =B41 -> BRAND | S41: =VLOOKUP($B41,$R$3:$X$9,2,FALSE) -> #N/A | T41: =VLOOKUP($B41,$R$3:$X$9,3,FALSE) -> #N/A | U41: =VLOOKUP($B41,$R$3:$X$9,4,FALSE) -> #N/A | V41: =VLOOKUP($B41,$R$3:$X$9,5,FALSE) -> #N/A | W41: =VLOOKUP($B41,$R$3:$X$9,6,FALSE) -> #N/A | X41: =VLOOKUP($B41,$R$3:$X$9,7,FALSE) -> #N/A | Y41: =VLOOKUP($B41,$R$3:$Z$9,8,FALSE) -> #N/A | Z41: =VLOOKUP($B41,$R$3:$Z$9,9,FALSE) -> #N/A
I42: CARIB | K42: =COUNTA([4]Brewhouse!$B$292:$B$310) -> 19 | L42: =AVERAGE([4]Brewhouse!$AU$292:$AU$310) -> 98.494596 | M42: =AVERAGE([4]Brewhouse!$AU$42:$AU$123,[4]Brewhouse!$AU$125:$AU$188,[4]Brewhouse!$AU$198:$AU$290,[4]Brewhouse!$AU$292:$AU$310) -> 97.921451 | N42: 98 | R42: =B42 -> 0 | S42: =VLOOKUP($B42,$R$3:$X$9,2,FALSE) -> #N/A | T42: =VLOOKUP($B42,$R$3:$X$9,3,FALSE) -> #N/A | U42: =VLOOKUP($B42,$R$3:$X$9,4,FALSE) -> #N/A | V42: =VLOOKUP($B42,$R$3:$X$9,5,FALSE) -> #N/A | W42: =VLOOKUP($B42,$R$3:$X$9,6,FALSE) -> #N/A | X42: =VLOOKUP($B42,$R$3:$X$9,7,FALSE) -> #N/A | Y42: =VLOOKUP($B42,$R$3:$Z$9,8,FALSE) -> #N/A | Z42: =VLOOKUP($B42,$R$3:$Z$9,9,FALSE) -> #N/A
I43: STAG | J43: =AVERAGE(I10:I17) -> 98.623676 | K43: =COUNTA([3]Brewhouse!$A$179:$A$196) -> 18 | L43: =AVERAGE([3]Brewhouse!$AS$179:$AS$196) -> 99.09334 | M43: =AVERAGE([3]Brewhouse!$AS$52:$AS$81,[3]Brewhouse!$AS$83:$AS$124,[3]Brewhouse!$AS$134:$AS$177,[3]Brewhouse!$AS$179:$AS$196) -> 98.520141 | N43: 98 | R43: =B43 -> 0 | S43: =VLOOKUP($B43,$R$3:$X$9,2,FALSE) -> #N/A | T43: =VLOOKUP($B43,$R$3:$X$9,3,FALSE) -> #N/A | U43: =VLOOKUP($B43,$R$3:$X$9,4,FALSE) -> #N/A | V43: =VLOOKUP($B43,$R$3:$X$9,5,FALSE) -> #N/A | W43: =VLOOKUP($B43,$R$3:$X$9,6,FALSE) -> #N/A | X43: =VLOOKUP($B43,$R$3:$X$9,7,FALSE) -> #N/A | Y43: =VLOOKUP($B43,$R$3:$Z$9,8,FALSE) -> #N/A | Z43: =VLOOKUP($B43,$R$3:$Z$9,9,FALSE) -> #N/A
I44: GUINNESS | K44: =COUNTA([5]Brewhouse!$A$43:$A$50) -> 8 | L44: =AVERAGE([5]Brewhouse!$AU$43:$AU$50) -> 96.223406 | M44: =AVERAGE([5]Brewhouse!$AU$16:$AU$23,[5]Brewhouse!$AU$25:$AU$32,[5]Brewhouse!$AU$34:$AU$41,[5]Brewhouse!$AU$43:$AU$50) -> 96.904442 | N44: 98 | R44: =B44 -> 0 | S44: =VLOOKUP($B44,$R$3:$X$9,2,FALSE) -> #N/A | T44: =VLOOKUP($B44,$R$3:$X$9,3,FALSE) -> #N/A | U44: =VLOOKUP($B44,$R$3:$X$9,4,FALSE) -> #N/A | V44: =VLOOKUP($B44,$R$3:$X$9,5,FALSE) -> #N/A | W44: =VLOOKUP($B44,$R$3:$X$9,6,FALSE) -> #N/A | X44: =VLOOKUP($B44,$R$3:$X$9,7,FALSE) -> #N/A | Y44: =VLOOKUP($B44,$R$3:$Z$9,8,FALSE) -> #N/A | Z44: =VLOOKUP($B44,$R$3:$Z$9,9,FALSE) -> #N/A
I45: VITAMALT | M45: =AVERAGE([6]Brewhouse!$AV$23:$AV$34,[6]Brewhouse!$AV$36,[6]Brewhouse!$AV$38:$AV$52) -> 97.639832 | N45: 98 | R45: =B45 -> 0 | S45: =VLOOKUP($B45,$R$3:$X$9,2,FALSE) -> #N/A | T45: =VLOOKUP($B45,$R$3:$X$9,3,FALSE) -> #N/A | U45: =VLOOKUP($B45,$R$3:$X$9,4,FALSE) -> #N/A | V45: =VLOOKUP($B45,$R$3:$X$9,5,FALSE) -> #N/A | W45: =VLOOKUP($B45,$R$3:$X$9,6,FALSE) -> #N/A | X45: =VLOOKUP($B45,$R$3:$X$9,7,FALSE) -> #N/A | Y45: =VLOOKUP($B45,$R$3:$Z$9,8,FALSE) -> #N/A | Z45: =VLOOKUP($B45,$R$3:$Z$9,9,FALSE) -> #N/A
I46: MAXIMALT | N46: 98 | R46: =B46 -> 0 | S46: =VLOOKUP($B46,$R$3:$X$9,2,FALSE) -> #N/A | T46: =VLOOKUP($B46,$R$3:$X$9,3,FALSE) -> #N/A | U46: =VLOOKUP($B46,$R$3:$X$9,4,FALSE) -> #N/A | V46: =VLOOKUP($B46,$R$3:$X$9,5,FALSE) -> #N/A | W46: =VLOOKUP($B46,$R$3:$X$9,6,FALSE) -> #N/A | X46: =VLOOKUP($B46,$R$3:$X$9,7,FALSE) -> #N/A | Y46: =VLOOKUP($B46,$R$3:$Z$9,8,FALSE) -> #N/A | Z46: =VLOOKUP($B46,$R$3:$Z$9,9,FALSE) -> #N/A
I47: MACKESON | M47: =AVERAGE([7]Brewhouse!$AT$4:$AT$11) -> 92.826225 | N47: 98 | R47: =B47 -> 0 | S47: =VLOOKUP($B47,$R$3:$X$9,2,FALSE) -> #N/A | T47: =VLOOKUP($B47,$R$3:$X$9,3,FALSE) -> #N/A | U47: =VLOOKUP($B47,$R$3:$X$9,4,FALSE) -> #N/A | V47: =VLOOKUP($B47,$R$3:$X$9,5,FALSE) -> #N/A | W47: =VLOOKUP($B47,$R$3:$X$9,6,FALSE) -> #N/A | X47: =VLOOKUP($B47,$R$3:$X$9,7,FALSE) -> #N/A | Y47: =VLOOKUP($B47,$R$3:$Z$9,8,FALSE) -> #N/A | Z47: =VLOOKUP($B47,$R$3:$Z$9,9,FALSE) -> #N/A
I48: STARMALT | M48: =AVERAGE([8]Brewhouse!$AY$5:$AY$14,[8]Brewhouse!$AY$16:$AY$23,[8]Brewhouse!$AY$42) -> 97.390504 | N48: 98 | R48: =B48 -> 0 | S48: =VLOOKUP($B48,$R$3:$X$9,2,FALSE) -> #N/A | T48: =VLOOKUP($B48,$R$3:$X$9,3,FALSE) -> #N/A | U48: =VLOOKUP($B48,$R$3:$X$9,4,FALSE) -> #N/A | V48: =VLOOKUP($B48,$R$3:$X$9,5,FALSE) -> #N/A | W48: =VLOOKUP($B48,$R$3:$X$9,6,FALSE) -> #N/A | X48: =VLOOKUP($B48,$R$3:$X$9,7,FALSE) -> #N/A | Y48: =VLOOKUP($B48,$R$3:$Z$9,8,FALSE) -> #N/A | Z48: =VLOOKUP($B48,$R$3:$Z$9,9,FALSE) -> #N/A
I49: HR- Pils | N49: 98 | R49: =B49 -> 0 | S49: =VLOOKUP($B49,$R$3:$X$9,2,FALSE) -> #N/A | T49: =VLOOKUP($B49,$R$3:$X$9,3,FALSE) -> #N/A | U49: =VLOOKUP($B49,$R$3:$X$9,4,FALSE) -> #N/A | V49: =VLOOKUP($B49,$R$3:$X$9,5,FALSE) -> #N/A | W49: =VLOOKUP($B49,$R$3:$X$9,6,FALSE) -> #N/A | X49: =VLOOKUP($B49,$R$3:$X$9,7,FALSE) -> #N/A | Y49: =VLOOKUP($B49,$R$3:$Z$9,8,FALSE) -> #N/A | Z49: =VLOOKUP($B49,$R$3:$Z$9,9,FALSE) -> #N/A
I50: HR- IPA | N50: 98 | R50: =B50 -> 0 | S50: =VLOOKUP($B50,$R$3:$X$9,2,FALSE) -> #N/A | T50: =VLOOKUP($B50,$R$3:$X$9,3,FALSE) -> #N/A | U50: =VLOOKUP($B50,$R$3:$X$9,4,FALSE) -> #N/A | V50: =VLOOKUP($B50,$R$3:$X$9,5,FALSE) -> #N/A | W50: =VLOOKUP($B50,$R$3:$X$9,6,FALSE) -> #N/A | X50: =VLOOKUP($B50,$R$3:$X$9,7,FALSE) -> #N/A | Y50: =VLOOKUP($B50,$R$3:$Z$9,8,FALSE) -> #N/A | Z50: =VLOOKUP($B50,$R$3:$Z$9,9,FALSE) -> #N/A
I51: HR- APA | N51: 98 | R51: =B51 -> 0 | S51: =VLOOKUP($B51,$R$3:$X$9,2,FALSE) -> #N/A | T51: =VLOOKUP($B51,$R$3:$X$9,3,FALSE) -> #N/A | U51: =VLOOKUP($B51,$R$3:$X$9,4,FALSE) -> #N/A | V51: =VLOOKUP($B51,$R$3:$X$9,5,FALSE) -> #N/A | W51: =VLOOKUP($B51,$R$3:$X$9,6,FALSE) -> #N/A | X51: =VLOOKUP($B51,$R$3:$X$9,7,FALSE) -> #N/A | Y51: =VLOOKUP($B51,$R$3:$Z$9,8,FALSE) -> #N/A | Z51: =VLOOKUP($B51,$R$3:$Z$9,9,FALSE) -> #N/A
K52: =SUM(K42:K51) -> 45 | L52: =((L42*K42)+(L43*K43)+(L44*K44)+(L45*K45)+(L46*K46)+(K49*L49)+(L47*K47)+(L48*K48)+(L51*K51))/(K52) -> 98.330326 | M52: =AVERAGE('[9]Jan30th-31st'!$L$42,L52) -> 98.079184 | N52: 98 | R52: =B52 -> 0 | S52: =VLOOKUP($B52,$R$3:$X$9,2,FALSE) -> #N/A | T52: =VLOOKUP($B52,$R$3:$X$9,3,FALSE) -> #N/A | U52: =VLOOKUP($B52,$R$3:$X$9,4,FALSE) -> #N/A | V52: =VLOOKUP($B52,$R$3:$X$9,5,FALSE) -> #N/A | W52: =VLOOKUP($B52,$R$3:$X$9,6,FALSE) -> #N/A | X52: =VLOOKUP($B52,$R$3:$X$9,7,FALSE) -> #N/A | Y52: =VLOOKUP($B52,$R$3:$Z$9,8,FALSE) -> #N/A | Z52: =VLOOKUP($B52,$R$3:$Z$9,9,FALSE) -> #N/A
R53: =B53 -> 0 | S53: =VLOOKUP($B53,$R$3:$X$9,2,FALSE) -> #N/A | T53: =VLOOKUP($B53,$R$3:$X$9,3,FALSE) -> #N/A | U53: =VLOOKUP($B53,$R$3:$X$9,4,FALSE) -> #N/A | V53: =VLOOKUP($B53,$R$3:$X$9,5,FALSE) -> #N/A | W53: =VLOOKUP($B53,$R$3:$X$9,6,FALSE) -> #N/A | X53: =VLOOKUP($B53,$R$3:$X$9,7,FALSE) -> #N/A | Y53: =VLOOKUP($B53,$R$3:$Z$9,8,FALSE) -> #N/A | Z53: =VLOOKUP($B53,$R$3:$Z$9,9,FALSE) -> #N/A
J54: Daily Brewing Plan
J55: Brand | K55: Brews Achieved | L55: Average Brews per day
J56: CARIB | L56: MTD | M56: YTD | N56: TARGET
J57: STAG | K57: 8 | L57: =AVERAGE('Apr 1st'!K50,K66,'Apr 2nd'!K48,'Apr 7th'!K50,'Apr 8th'!K50,'Apr 9th '!K58,'Apr 10th'!K55) -> 6.4285714 | M57: =AVERAGE('[9]Jan30th-31st'!$L$47,L57,'[10]Feb 26th '!$L$39,'[11]Mar 31st'!$L$47) -> 6.403882 | N57: 9.2
J58: GUINN
J59: VITAMALT
J60: STARMALT
J61: MACKESON
J62: HURRICANE REEF- IPA
J63: HURRICANE REEF- APA
B64: AVERAGE | J64: HR- PILSNER
J65: CARIBE
J66: Total | K66: =SUM(K56:K65) -> 8
B67: Process: | C67: Fermentation/Filtration
B69: Brand | C69: Filt. Date | D69: FV Hls | E69: GFE/ Prim/ Vita Blend (Hls) | F69: SV Hls | G69: BBT Hls | H69: Loss (%) Ferm | I69: Loss (%) Filt | J69: Comments | K69: Throughput | L69: Process Loss (%) | M69: Filt. Operator
AB70: 43474 | AC70: 43475 | AD70: 43476 | AE70: 43477 | AF70: 43478 | AG70: 43479 | AH70: 43480 | AI70: 43481 | AJ70: 43482 | AK70: 43483 | AL70: 43484 | AM70: 43485 | AN70: 43486 | AO70: 43487 | AP70: 43488 | AQ70: 43489 | AR70: 43490 | AS70: 43491 | AT70: 43492 | AU70: 43493 | AV70: 43494 | AW70: 43495 | AX70: 43496
B71: =J56 -> CARIB | C71: 46125 | D71: =[12]April_2026!$P$3 -> 403.5 | G71: =[12]April_2026!$P$7 -> 386.1 | J71: NO SBF | K71: =[13]April_2026!$P$18 -> 1.3547368 | L71: =(((D71+E71)-G71)/(D71+E71))*100 -> 4.3122677 | M71: K. Neptune | AB71: =[14]January_2019!L5 -> 0 | AC71: =[14]January_2019!M5 -> 0 | AD71: =[14]January_2019!N5 -> 0 | AE71: =[14]January_2019!O5 -> 0 | AF71: =[14]January_2019!P5 -> 0 | AG71: =[14]January_2019!Q5 -> 0 | AH71: =[14]January_2019!R5 -> 0 | AI71: =[14]January_2019!S5 -> 0 | ... AX71: =[14]January_2019!AH5 -> 0
AB72: =[14]January_2019!L6 -> 0 | AC72: =[14]January_2019!M6 -> 0 | AD72: =[14]January_2019!N6 -> 0 | AE72: =[14]January_2019!O6 -> 0 | AF72: =[14]January_2019!P6 -> 0 | AG72: =[14]January_2019!Q6 -> 0 | AH72: =[14]January_2019!R6 -> 0 | AI72: =[14]January_2019!S6 -> 0 | ... AX72: =[14]January_2019!AH6 -> 0
AB73: =[14]January_2019!L7 -> 285.8 | AC73: =[14]January_2019!M7 -> 508.1 | AD73: =[14]January_2019!N7 -> 0 | AE73: =[14]January_2019!O7 -> 0 | AF73: =[14]January_2019!P7 -> 109.56667 | AG73: =[14]January_2019!Q7 -> 297.65 | AH73: =[14]January_2019!R7 -> 122.3 | AI73: =[14]January_2019!S7 -> 0 | ... AX73: =[14]January_2019!AH7 -> 0
J75: 1 SBF | L75: =(((D75+E75)-G75)/(D75+E75))*100 -> #DIV/0!
B82: Process Loss (Volume) | G82: Process Loss (Extract) | K82: Throughput
B83: Brand | C83: Actual | D83: MTD | E83: YTD | F83: Target | G83: Actual | H83: MTD | I83: YTD | J83: Target | L83: MTD | M83: YTD | N83: Target
B84: CARIB | C84: =L71 -> 4.3122677 | D84: 6.1156288 | E84: 6.7487107 | F84: 4.8 | G84: =[12]April_2026!$P$11 -> 1.7533575 | H84: 5.5067255 | I84: 6.559324 | J84: 4.8 | K84: =K71 -> 1.3547368 | L84: 0.79592982 | M84: 0.47248231 | N84: 1
B85: STAG | D85: 4.2503259 | E85: 6.0876109 | F85: 4.8 | H85: 3.7045586 | I85: 5.7742586 | J85: 4.8 | L85: 1.2884211 | M85: 0.74983233 | N85: 1
B86: GUINN | E86: 12.380136 | F86: 5.5 | I86: 13.955539 | J86: 5.5 | M86: 0.29450526 | N86: 1
B87: VITAMALT | E87: 4.6014184 | F87: 3.3 | I87: 4.327474 | J87: 3.3 | M87: 0.82925439 | N87: 1
B88: APA | F88: 3.3 | J88: 3 | N88: 1
B89: MACKESON | E89: 5.1105651 | F89: =[15]May_2022!$M$43 -> 3.4878407 | I89: 7.913137 | J89: 5.5 | M89: 1.3550877 | N89: 1
B90: STARMALT | E90: 3.9654241 | F90: 3.3 | I90: 5.0010392 | J90: 3.3 | M90: 0.93295906 | N90: 1
B91: IPA | F91: 7.5 | J91: 7.5 | N91: 1
B92: HURRICANE REEF PILS | F92: 4.8 | J92: 4.8 | N92: 1
D93: 5.55729 | E93: 6.5047661 | F93: 5.5 | H93: 4.9655453 | I93: 6.6203139 | J93: 5.5 | L93: 0.9366416 | M93: 0.58217357 | N93: 1

Sheet Apr 14th
S1: P.G. | U1: Hot Time | W1: Process Time | Y1: Cooling Time
B2: Brewing Department Daily Process Loss Report | S2: Lower | T2: Upper | U2: Lower | V2: Upper | W2: Lower | X2: Upper | Y2: Lower | Z2: Upper
R3: CARIB | S3: 11.6 | T3: 12 | U3: 0 | V3: 0.11805556 | W3: 0.22569444 | X3: 0.26388889 | Y3: 0 | Z3: 60 | AB3: HR- PISNER
B4: Date: | C4: 46127 | J4: LOT WORT COLOUR: | M4: Filter Sheets (Target 20 days) | R4: STAG | S4: 11.6 | T4: 12 | U4: 0 | V4: 0.11805556 | W4: 0.22569444 | X4: 0.26388889 | Y4: 0 | Z4: 60
M5: Double | N5: Single | R5: GUINNESS | S5: 17 | T5: 17.5 | U5: 0 | V5: 0.10763889 | W5: 0.24652778 | X5: 0.28472222 | Y5: 0 | Z5: 60
J6: MALT LOT: Lot #13 | L6: Sheet Day | R6: MACKESON | S6: 13.3 | T6: 13.5 | U6: 0 | V6: 0.12905093 | W6: 0.27430556 | X6: 0.30208333 | Y6: 0
R7: STARMALT | S7: 17 | T7: 17.4 | U7: 0 | V7: 0.13605324 | W7: 0.27430556 | X7: 0.30902778 | Y7: 0 | Z7: 85
B8: Brand | C8: Brew no. | D8: Kett. Hls | E8: Wort | F8: Cool Time(Mins) | G8: Cast. P.G. (Lab Result) | H8: Cast P.G. (Cellar Operator)-gravity | I8: Extr. Rec (77.9%) | J8: Theor. Extr. (77.5%) | K8: Boil Off /Vol. (4-6%) | L8: Boil Time | M8: Total Hot | N8: Brewing Time | O8: Operator | R8: Hurricane Reef | S8: 16.6 | T8: 17 | U8: 0 | V8: 0.12905093 | W8: 0.27430556 | X8: 0.30208333 | Y8: 0
E9: Meter (Hls) | F9: Target(< 60Mins) | M9: Time | R9: VITAMALT | S9: 14.2 | T9: 14.6 | U9: 0 | V9: 0.13905093 | W9: 0.26041667 | X9: 0.29513889 | Y9: 0 | Z9: 75
B10: CARIB | C10: =[4]Brewhouse!$A311 -> CA267 | D10: =[4]Brewhouse!$AF311 -> 50.9 | E10: =[4]Brewhouse!$AI311 -> 51.3 | F10: =[4]Brewhouse!$V311 -> 58 | G10: =[4]Brewhouse!AG311 -> 11.6 | H10: 11.6 | I10: =[4]Brewhouse!$AU311 -> 97.964874 | J10: =[4]Brewhouse!$AV311 -> 99.333377 | K10: =[4]Brewhouse!$Q311 -> 11.107078 | L10: =[4]Brewhouse!$P311 -> 60 | M10: =[4]Brewhouse!$U311-[4]Brewhouse!$T311 -> 0.11875 | N10: =[4]Brewhouse!$Z311 -> 0.25277778 | O10: =[4]Brewhouse!$AX311 -> R. Regis | R10: =B10 -> CARIB | S10: =VLOOKUP($B10,$R$3:$X$9,2,FALSE) -> 11.6 | T10: =VLOOKUP($B10,$R$3:$X$9,3,FALSE) -> 12 | U10: =VLOOKUP($B10,$R$3:$X$9,4,FALSE) -> 0 | V10: =VLOOKUP($B10,$R$3:$X$9,5,FALSE) -> 0.11805556 | W10: =VLOOKUP($B10,$R$3:$X$9,6,FALSE) -> 0.22569444 | X10: =VLOOKUP($B10,$R$3:$X$9,7,FALSE) -> 0.26388889 | Y10: =VLOOKUP($B10,$R$3:$Z$9,8,FALSE) -> 0 | Z10: =VLOOKUP($B10,$R$3:$Z$9,9,FALSE) -> 60
B11: CARIB | C11: =[4]Brewhouse!$A312 -> CA268 | D11: =[4]Brewhouse!$AF312 -> 50.6 | E11: =[4]Brewhouse!$AI312 -> 49.3 | F11: =[4]Brewhouse!$V312 -> 61 | G11: =[4]Brewhouse!AG312 -> 12 | H11: 12 | I11: =[4]Brewhouse!$AU312 -> 97.684444 | J11: =[4]Brewhouse!$AV312 -> 99.04894 | K11: =[4]Brewhouse!$Q312 -> 9.4736842 | L11: =[4]Brewhouse!$P312 -> 60 | M11: =[4]Brewhouse!$U312-[4]Brewhouse!$T312 -> 0.12222222 | N11: =[4]Brewhouse!$Z312 -> 0.25486111 | O11: =[4]Brewhouse!$AX312 -> R. Regis | R11: =B11 -> CARIB | S11: =VLOOKUP($B11,$R$3:$X$9,2,FALSE) -> 11.6 | T11: =VLOOKUP($B11,$R$3:$X$9,3,FALSE) -> 12 | U11: =VLOOKUP($B11,$R$3:$X$9,4,FALSE) -> 0 | V11: =VLOOKUP($B11,$R$3:$X$9,5,FALSE) -> 0.11805556 | W11: =VLOOKUP($B11,$R$3:$X$9,6,FALSE) -> 0.22569444 | X11: =VLOOKUP($B11,$R$3:$X$9,7,FALSE) -> 0.26388889 | Y11: =VLOOKUP($B11,$R$3:$Z$9,8,FALSE) -> 0 | Z11: =VLOOKUP($B11,$R$3:$Z$9,9,FALSE) -> 60
B12: CARIB | C12: =[4]Brewhouse!$A313 -> CA269 | D12: =[4]Brewhouse!$AF313 -> 51 | E12: =[4]Brewhouse!$AI313 -> 52.4 | F12: =[4]Brewhouse!$V313 -> 64 | G12: =[4]Brewhouse!AG313 -> 11.6 | H12: 11.5 | I12: =[4]Brewhouse!$AU313 -> 100.56391 | J12: =[4]Brewhouse!$AV313 -> 101.96835 | K12: =[4]Brewhouse!$Q313 -> 7.8003697 | L12: =[4]Brewhouse!$P313 -> 59 | M12: =[4]Brewhouse!$U313-[4]Brewhouse!$T313 -> 0.11458333 | N12: =[4]Brewhouse!$Z313 -> 0.24166667 | O12: =[4]Brewhouse!$AX313 -> D. Gomaz | R12: =B12 -> CARIB | S12: =VLOOKUP($B12,$R$3:$X$9,2,FALSE) -> 11.6 | T12: =VLOOKUP($B12,$R$3:$X$9,3,FALSE) -> 12 | U12: =VLOOKUP($B12,$R$3:$X$9,4,FALSE) -> 0 | V12: =VLOOKUP($B12,$R$3:$X$9,5,FALSE) -> 0.11805556 | W12: =VLOOKUP($B12,$R$3:$X$9,6,FALSE) -> 0.22569444 | X12: =VLOOKUP($B12,$R$3:$X$9,7,FALSE) -> 0.26388889 | Y12: =VLOOKUP($B12,$R$3:$Z$9,8,FALSE) -> 0 | Z12: =VLOOKUP($B12,$R$3:$Z$9,9,FALSE) -> 60
B13: CARIB | C13: =[4]Brewhouse!$A314 -> CA270 | D13: =[4]Brewhouse!$AF314 -> 51.2 | E13: =[4]Brewhouse!$AI314 -> 50 | F13: =[4]Brewhouse!$V314 -> 60 | G13: =[4]Brewhouse!AG314 -> 12 | H13: 11.9 | I13: =[4]Brewhouse!$AU314 -> 99.284482 | J13: =[4]Brewhouse!$AV314 -> 100.58 | K13: =[4]Brewhouse!$Q314 -> 1.4173228 | L13: =[4]Brewhouse!$P314 -> 61 | M13: =[4]Brewhouse!$U314-[4]Brewhouse!$T314 -> 0.10902778 | N13: =[4]Brewhouse!$Z314 -> 0.24375 | O13: =[4]Brewhouse!$AX314 -> D. Gomaz | R13: =B13 -> CARIB | S13: =VLOOKUP($B13,$R$3:$X$9,2,FALSE) -> 11.6 | T13: =VLOOKUP($B13,$R$3:$X$9,3,FALSE) -> 12 | U13: =VLOOKUP($B13,$R$3:$X$9,4,FALSE) -> 0 | V13: =VLOOKUP($B13,$R$3:$X$9,5,FALSE) -> 0.11805556 | W13: =VLOOKUP($B13,$R$3:$X$9,6,FALSE) -> 0.22569444 | X13: =VLOOKUP($B13,$R$3:$X$9,7,FALSE) -> 0.26388889 | Y13: =VLOOKUP($B13,$R$3:$Z$9,8,FALSE) -> 0 | Z13: =VLOOKUP($B13,$R$3:$Z$9,9,FALSE) -> 60
B14: CARIB | C14: =[4]Brewhouse!$A315 -> CA271 | D14: =[4]Brewhouse!$AF315 -> 51.1 | E14: =[4]Brewhouse!$AI315 -> 50.2 | F14: =[4]Brewhouse!$V315 -> 60 | G14: =[4]Brewhouse!AG315 -> 12 | H14: 12.2 | I14: =[4]Brewhouse!$AU315 -> 99.929863 | J14: =[4]Brewhouse!$AV315 -> 101.23363 | K14: =[4]Brewhouse!$Q315 -> 1.409002 | L14: =[4]Brewhouse!$P315 -> 59 | M14: =[4]Brewhouse!$U315-[4]Brewhouse!$T315 -> 0.11111111 | N14: =[4]Brewhouse!$Z315 -> 0.25416667 | O14: =[4]Brewhouse!$AX315 -> D. Gomaz | R14: =B14 -> CARIB | S14: =VLOOKUP($B14,$R$3:$X$9,2,FALSE) -> 11.6 | T14: =VLOOKUP($B14,$R$3:$X$9,3,FALSE) -> 12 | U14: =VLOOKUP($B14,$R$3:$X$9,4,FALSE) -> 0 | V14: =VLOOKUP($B14,$R$3:$X$9,5,FALSE) -> 0.11805556 | W14: =VLOOKUP($B14,$R$3:$X$9,6,FALSE) -> 0.22569444 | X14: =VLOOKUP($B14,$R$3:$X$9,7,FALSE) -> 0.26388889 | Y14: =VLOOKUP($B14,$R$3:$Z$9,8,FALSE) -> 0 | Z14: =VLOOKUP($B14,$R$3:$Z$9,9,FALSE) -> 60
B15: CARIB | C15: =[4]Brewhouse!$A316 -> CA272 | D15: =[4]Brewhouse!$AF316 -> 51.8 | E15: =[4]Brewhouse!$AI316 -> 51.9 | F15: =[4]Brewhouse!$V316 -> 63 | G15: =[4]Brewhouse!AG316 -> 11.6 | H15: 11.7 | I15: =[4]Brewhouse!$AU316 -> 98.83321 | J15: =[4]Brewhouse!$AV316 -> 100.12326 | K15: =[4]Brewhouse!$Q316 -> 1.4145383 | L15: =[4]Brewhouse!$P316 -> 60 | M15: =[4]Brewhouse!$U316-[4]Brewhouse!$T316 -> 0.1125 | N15: =[4]Brewhouse!$Z316 -> 0.26041667 | O15: =[4]Brewhouse!$AX316 -> D. Gomaz | R15: =B15 -> CARIB | S15: =VLOOKUP($B15,$R$3:$X$9,2,FALSE) -> 11.6 | T15: =VLOOKUP($B15,$R$3:$X$9,3,FALSE) -> 12 | U15: =VLOOKUP($B15,$R$3:$X$9,4,FALSE) -> 0 | V15: =VLOOKUP($B15,$R$3:$X$9,5,FALSE) -> 0.11805556 | W15: =VLOOKUP($B15,$R$3:$X$9,6,FALSE) -> 0.22569444 | X15: =VLOOKUP($B15,$R$3:$X$9,7,FALSE) -> 0.26388889 | Y15: =VLOOKUP($B15,$R$3:$Z$9,8,FALSE) -> 0 | Z15: =VLOOKUP($B15,$R$3:$Z$9,9,FALSE) -> 60
B16: CARIB | C16: =[4]Brewhouse!$A317 -> CA273 | D16: =[4]Brewhouse!$AF317 -> 51.3 | E16: =[4]Brewhouse!$AI317 -> 50.4 | F16: =[4]Brewhouse!$V317 -> 64 | G16: =[4]Brewhouse!AG317 -> 11.9 | H16: 12.1 | I16: =[4]Brewhouse!$AU317 -> 99.202272 | J16: =[4]Brewhouse!$AV317 -> 100.49672 | K16: =[4]Brewhouse!$Q317 -> 1.4035088 | L16: =[4]Brewhouse!$P317 -> 62 | M16: =[4]Brewhouse!$U317-[4]Brewhouse!$T317 -> 0.10763889 | N16: =[4]Brewhouse!$Z317 -> 0.25763889 | O16: =[4]Brewhouse!$AX317 -> D. Gomaz | R16: =B16 -> CARIB | S16: =VLOOKUP($B16,$R$3:$X$9,2,FALSE) -> 11.6 | T16: =VLOOKUP($B16,$R$3:$X$9,3,FALSE) -> 12 | U16: =VLOOKUP($B16,$R$3:$X$9,4,FALSE) -> 0 | V16: =VLOOKUP($B16,$R$3:$X$9,5,FALSE) -> 0.11805556 | W16: =VLOOKUP($B16,$R$3:$X$9,6,FALSE) -> 0.22569444 | X16: =VLOOKUP($B16,$R$3:$X$9,7,FALSE) -> 0.26388889 | Y16: =VLOOKUP($B16,$R$3:$Z$9,8,FALSE) -> 0 | Z16: =VLOOKUP($B16,$R$3:$Z$9,9,FALSE) -> 60
B17: CARIB | C17: =[4]Brewhouse!$A318 -> CA274 | D17: =[4]Brewhouse!$AF318 -> 51.6 | E17: =[4]Brewhouse!$AI318 -> 50.6 | F17: =[4]Brewhouse!$V318 -> 58 | G17: =[4]Brewhouse!AG318 -> 11.8 | H17: 11.8 | I17: =[4]Brewhouse!$AU318 -> 98.715968 | J17: =[4]Brewhouse!$AV318 -> 100.00407 | K17: =[4]Brewhouse!$Q318 -> 1.40625 | L17: =[4]Brewhouse!$P318 -> 59 | M17: =[4]Brewhouse!$U318-[4]Brewhouse!$T318 -> 0.10416667 | N17: =[4]Brewhouse!$Z318 -> 0.24861111 | O17: =[4]Brewhouse!$AX318 -> D. Gomaz | R17: =B17 -> CARIB | S17: =VLOOKUP($B17,$R$3:$X$9,2,FALSE) -> 11.6 | T17: =VLOOKUP($B17,$R$3:$X$9,3,FALSE) -> 12 | U17: =VLOOKUP($B17,$R$3:$X$9,4,FALSE) -> 0 | V17: =VLOOKUP($B17,$R$3:$X$9,5,FALSE) -> 0.11805556 | W17: =VLOOKUP($B17,$R$3:$X$9,6,FALSE) -> 0.22569444 | X17: =VLOOKUP($B17,$R$3:$X$9,7,FALSE) -> 0.26388889 | Y17: =VLOOKUP($B17,$R$3:$Z$9,8,FALSE) -> 0 | Z17: =VLOOKUP($B17,$R$3:$Z$9,9,FALSE) -> 60
B18: CARIB | C18: =[4]Brewhouse!$A319 -> CA275 | D18: =[4]Brewhouse!$AF319 -> 51 | E18: =[4]Brewhouse!$AI319 -> 49.6 | F18: =[4]Brewhouse!$V319 -> 57 | G18: =[4]Brewhouse!AG319 -> 11.6 | H18: 11.8 | I18: =[4]Brewhouse!$AU319 -> 95.039913 | J18: =[4]Brewhouse!$AV319 -> 96.280048 | K18: =[4]Brewhouse!$Q319 -> 1.4117647 | M18: =[4]Brewhouse!$U319-[4]Brewhouse!$T319 -> 0.11388889 | N18: =[4]Brewhouse!$Z319 -> 0.25069444 | O18: =[4]Brewhouse!$AX319 -> R. Regis | R18: =B18 -> CARIB | S18: =VLOOKUP($B18,$R$3:$X$9,2,FALSE) -> 11.6 | T18: =VLOOKUP($B18,$R$3:$X$9,3,FALSE) -> 12 | U18: =VLOOKUP($B18,$R$3:$X$9,4,FALSE) -> 0 | V18: =VLOOKUP($B18,$R$3:$X$9,5,FALSE) -> 0.11805556 | W18: =VLOOKUP($B18,$R$3:$X$9,6,FALSE) -> 0.22569444 | X18: =VLOOKUP($B18,$R$3:$X$9,7,FALSE) -> 0.26388889 | Y18: =VLOOKUP($B18,$R$3:$Z$9,8,FALSE) -> 0 | Z18: =VLOOKUP($B18,$R$3:$Z$9,9,FALSE) -> 60
R19: =B19 -> 0 | S19: =VLOOKUP($B19,$R$3:$X$9,2,FALSE) -> #N/A | T19: =VLOOKUP($B19,$R$3:$X$9,3,FALSE) -> #N/A | U19: =VLOOKUP($B19,$R$3:$X$9,4,FALSE) -> #N/A | V19: =VLOOKUP($B19,$R$3:$X$9,5,FALSE) -> #N/A | W19: =VLOOKUP($B19,$R$3:$X$9,6,FALSE) -> #N/A | X19: =VLOOKUP($B19,$R$3:$X$9,7,FALSE) -> #N/A | Y19: =VLOOKUP($B19,$R$3:$Z$9,8,FALSE) -> #N/A | Z19: =VLOOKUP($B19,$R$3:$Z$9,9,FALSE) -> #N/A
R20: =B20 -> 0 | S20: =VLOOKUP($B20,$R$3:$X$9,2,FALSE) -> #N/A | T20: =VLOOKUP($B20,$R$3:$X$9,3,FALSE) -> #N/A | U20: =VLOOKUP($B20,$R$3:$X$9,4,FALSE) -> #N/A | V20: =VLOOKUP($B20,$R$3:$X$9,5,FALSE) -> #N/A | W20: =VLOOKUP($B20,$R$3:$X$9,6,FALSE) -> #N/A | X20: =VLOOKUP($B20,$R$3:$X$9,7,FALSE) -> #N/A | Y20: =VLOOKUP($B20,$R$3:$Z$9,8,FALSE) -> #N/A | Z20: =VLOOKUP($B20,$R$3:$Z$9,9,FALSE) -> #N/A
R21: =B21 -> 0 | S21: =VLOOKUP($B21,$R$3:$X$9,2,FALSE) -> #N/A | T21: =VLOOKUP($B21,$R$3:$X$9,3,FALSE) -> #N/A | U21: =VLOOKUP($B21,$R$3:$X$9,4,FALSE) -> #N/A | V21: =VLOOKUP($B21,$R$3:$X$9,5,FALSE) -> #N/A | W21: =VLOOKUP($B21,$R$3:$X$9,6,FALSE) -> #N/A | X21: =VLOOKUP($B21,$R$3:$X$9,7,FALSE) -> #N/A | Y21: =VLOOKUP($B21,$R$3:$Z$9,8,FALSE) -> #N/A | Z21: =VLOOKUP($B21,$R$3:$Z$9,9,FALSE) -> #N/A
R22: =B22 -> 0 | S22: =VLOOKUP($B22,$R$3:$X$9,2,FALSE) -> #N/A | T22: =VLOOKUP($B22,$R$3:$X$9,3,FALSE) -> #N/A | U22: =VLOOKUP($B22,$R$3:$X$9,4,FALSE) -> #N/A | V22: =VLOOKUP($B22,$R$3:$X$9,5,FALSE) -> #N/A | W22: =VLOOKUP($B22,$R$3:$X$9,6,FALSE) -> #N/A | X22: =VLOOKUP($B22,$R$3:$X$9,7,FALSE) -> #N/A | Y22: =VLOOKUP($B22,$R$3:$Z$9,8,FALSE) -> #N/A | Z22: =VLOOKUP($B22,$R$3:$Z$9,9,FALSE) -> #N/A
R23: =B23 -> 0 | S23: =VLOOKUP($B23,$R$3:$X$9,2,FALSE) -> #N/A | T23: =VLOOKUP($B23,$R$3:$X$9,3,FALSE) -> #N/A | U23: =VLOOKUP($B23,$R$3:$X$9,4,FALSE) -> #N/A | V23: =VLOOKUP($B23,$R$3:$X$9,5,FALSE) -> #N/A | W23: =VLOOKUP($B23,$R$3:$X$9,6,FALSE) -> #N/A | X23: =VLOOKUP($B23,$R$3:$X$9,7,FALSE) -> #N/A | Y23: =VLOOKUP($B23,$R$3:$Z$9,8,FALSE) -> #N/A | Z23: =VLOOKUP($B23,$R$3:$Z$9,9,FALSE) -> #N/A
R24: =B24 -> 0 | S24: =VLOOKUP($B24,$R$3:$X$9,2,FALSE) -> #N/A | T24: =VLOOKUP($B24,$R$3:$X$9,3,FALSE) -> #N/A | U24: =VLOOKUP($B24,$R$3:$X$9,4,FALSE) -> #N/A | V24: =VLOOKUP($B24,$R$3:$X$9,5,FALSE) -> #N/A | W24: =VLOOKUP($B24,$R$3:$X$9,6,FALSE) -> #N/A | X24: =VLOOKUP($B24,$R$3:$X$9,7,FALSE) -> #N/A | Y24: =VLOOKUP($B24,$R$3:$Z$9,8,FALSE) -> #N/A | Z24: =VLOOKUP($B24,$R$3:$Z$9,9,FALSE) -> #N/A
R25: =B25 -> 0 | S25: =VLOOKUP($B25,$R$3:$X$9,2,FALSE) -> #N/A | T25: =VLOOKUP($B25,$R$3:$X$9,3,FALSE) -> #N/A | U25: =VLOOKUP($B25,$R$3:$X$9,4,FALSE) -> #N/A | V25: =VLOOKUP($B25,$R$3:$X$9,5,FALSE) -> #N/A | W25: =VLOOKUP($B25,$R$3:$X$9,6,FALSE) -> #N/A | X25: =VLOOKUP($B25,$R$3:$X$9,7,FALSE) -> #N/A | Y25: =VLOOKUP($B25,$R$3:$Z$9,8,FALSE) -> #N/A | Z25: =VLOOKUP($B25,$R$3:$Z$9,9,FALSE) -> #N/A
R26: =B26 -> 0 | S26: =VLOOKUP($B26,$R$3:$X$9,2,FALSE) -> #N/A | T26: =VLOOKUP($B26,$R$3:$X$9,3,FALSE) -> #N/A | U26: =VLOOKUP($B26,$R$3:$X$9,4,FALSE) -> #N/A | V26: =VLOOKUP($B26,$R$3:$X$9,5,FALSE) -> #N/A | W26: =VLOOKUP($B26,$R$3:$X$9,6,FALSE) -> #N/A | X26: =VLOOKUP($B26,$R$3:$X$9,7,FALSE) -> #N/A | Y26: =VLOOKUP($B26,$R$3:$Z$9,8,FALSE) -> #N/A | Z26: =VLOOKUP($B26,$R$3:$Z$9,9,FALSE) -> #N/A
R27: =B27 -> 0 | S27: =VLOOKUP($B27,$R$3:$X$9,2,FALSE) -> #N/A | T27: =VLOOKUP($B27,$R$3:$X$9,3,FALSE) -> #N/A | U27: =VLOOKUP($B27,$R$3:$X$9,4,FALSE) -> #N/A | V27: =VLOOKUP($B27,$R$3:$X$9,5,FALSE) -> #N/A | W27: =VLOOKUP($B27,$R$3:$X$9,6,FALSE) -> #N/A | X27: =VLOOKUP($B27,$R$3:$X$9,7,FALSE) -> #N/A | Y27: =VLOOKUP($B27,$R$3:$Z$9,8,FALSE) -> #N/A | Z27: =VLOOKUP($B27,$R$3:$Z$9,9,FALSE) -> #N/A
R28: =B28 -> 0 | S28: =VLOOKUP($B28,$R$3:$X$9,2,FALSE) -> #N/A | T28: =VLOOKUP($B28,$R$3:$X$9,3,FALSE) -> #N/A | U28: =VLOOKUP($B28,$R$3:$X$9,4,FALSE) -> #N/A | V28: =VLOOKUP($B28,$R$3:$X$9,5,FALSE) -> #N/A | W28: =VLOOKUP($B28,$R$3:$X$9,6,FALSE) -> #N/A | X28: =VLOOKUP($B28,$R$3:$X$9,7,FALSE) -> #N/A | Y28: =VLOOKUP($B28,$R$3:$Z$9,8,FALSE) -> #N/A | Z28: =VLOOKUP($B28,$R$3:$Z$9,9,FALSE) -> #N/A
R29: =B29 -> 0 | S29: =VLOOKUP($B29,$R$3:$X$9,2,FALSE) -> #N/A | T29: =VLOOKUP($B29,$R$3:$X$9,3,FALSE) -> #N/A | U29: =VLOOKUP($B29,$R$3:$X$9,4,FALSE) -> #N/A | V29: =VLOOKUP($B29,$R$3:$X$9,5,FALSE) -> #N/A | W29: =VLOOKUP($B29,$R$3:$X$9,6,FALSE) -> #N/A | X29: =VLOOKUP($B29,$R$3:$X$9,7,FALSE) -> #N/A | Y29: =VLOOKUP($B29,$R$3:$Z$9,8,FALSE) -> #N/A | Z29: =VLOOKUP($B29,$R$3:$Z$9,9,FALSE) -> #N/A
R30: =B30 -> 0 | S30: =VLOOKUP($B30,$R$3:$X$9,2,FALSE) -> #N/A | T30: =VLOOKUP($B30,$R$3:$X$9,3,FALSE) -> #N/A | U30: =VLOOKUP($B30,$R$3:$X$9,4,FALSE) -> #N/A | V30: =VLOOKUP($B30,$R$3:$X$9,5,FALSE) -> #N/A | W30: =VLOOKUP($B30,$R$3:$X$9,6,FALSE) -> #N/A | X30: =VLOOKUP($B30,$R$3:$X$9,7,FALSE) -> #N/A | Y30: =VLOOKUP($B30,$R$3:$Z$9,8,FALSE) -> #N/A | Z30: =VLOOKUP($B30,$R$3:$Z$9,9,FALSE) -> #N/A
... R34: =B34 -> 0 | S34: =VLOOKUP($B34,$R$3:$X$9,2,FALSE) -> #N/A | T34: =VLOOKUP($B34,$R$3:$X$9,3,FALSE) -> #N/A | U34: =VLOOKUP($B34,$R$3:$X$9,4,FALSE) -> #N/A | V34: =VLOOKUP($B34,$R$3:$X$9,5,FALSE) -> #N/A | W34: =VLOOKUP($B34,$R$3:$X$9,6,FALSE) -> #N/A | X34: =VLOOKUP($B34,$R$3:$X$9,7,FALSE) -> #N/A | Y34: =VLOOKUP($B34,$R$3:$Z$9,8,FALSE) -> #N/A | Z34: =VLOOKUP($B34,$R$3:$Z$9,9,FALSE) -> #N/A
B35: BRAND | D35: BBT P.G./ O.G | I35: Brand | K35: MTD No. of Brews | L35: MTD | M35: YTD | N35: Target | R35: =B35 -> BRAND | S35: =VLOOKUP($B35,$R$3:$X$9,2,FALSE) -> #N/A | T35: =VLOOKUP($B35,$R$3:$X$9,3,FALSE) -> #N/A | U35: =VLOOKUP($B35,$R$3:$X$9,4,FALSE) -> #N/A | V35: =VLOOKUP($B35,$R$3:$X$9,5,FALSE) -> #N/A | W35: =VLOOKUP($B35,$R$3:$X$9,6,FALSE) -> #N/A | X35: =VLOOKUP($B35,$R$3:$X$9,7,FALSE) -> #N/A | Y35: =VLOOKUP($B35,$R$3:$Z$9,8,FALSE) -> #N/A | Z35: =VLOOKUP($B35,$R$3:$Z$9,9,FALSE) -> #N/A
I36: CARIB | J36: =AVERAGE(I10:I18) -> 98.579881 | K36: =COUNTA([4]Brewhouse!$B$292:$B$319) -> 28 | L36: =AVERAGE([4]Brewhouse!$AU$292:$AU$319) -> 98.522009 | M36: =AVERAGE([4]Brewhouse!$AU$42:$AU$123,[4]Brewhouse!$AU$125:$AU$188,[4]Brewhouse!$AU$198:$AU$290,[4]Brewhouse!$AU$292:$AU$319) -> 97.943645 | N36: 98 | R36: =B36 -> 0 | S36: =VLOOKUP($B36,$R$3:$X$9,2,FALSE) -> #N/A | T36: =VLOOKUP($B36,$R$3:$X$9,3,FALSE) -> #N/A | U36: =VLOOKUP($B36,$R$3:$X$9,4,FALSE) -> #N/A | V36: =VLOOKUP($B36,$R$3:$X$9,5,FALSE) -> #N/A | W36: =VLOOKUP($B36,$R$3:$X$9,6,FALSE) -> #N/A | X36: =VLOOKUP($B36,$R$3:$X$9,7,FALSE) -> #N/A | Y36: =VLOOKUP($B36,$R$3:$Z$9,8,FALSE) -> #N/A | Z36: =VLOOKUP($B36,$R$3:$Z$9,9,FALSE) -> #N/A
I37: STAG | K37: =COUNTA([3]Brewhouse!$A$179:$A$196) -> 18 | L37: =AVERAGE([3]Brewhouse!$AS$179:$AS$196) -> 99.09334 | M37: =AVERAGE([3]Brewhouse!$AS$52:$AS$81,[3]Brewhouse!$AS$83:$AS$124,[3]Brewhouse!$AS$134:$AS$177,[3]Brewhouse!$AS$179:$AS$196) -> 98.520141 | N37: 98 | R37: =B37 -> 0 | S37: =VLOOKUP($B37,$R$3:$X$9,2,FALSE) -> #N/A | T37: =VLOOKUP($B37,$R$3:$X$9,3,FALSE) -> #N/A | U37: =VLOOKUP($B37,$R$3:$X$9,4,FALSE) -> #N/A | V37: =VLOOKUP($B37,$R$3:$X$9,5,FALSE) -> #N/A | W37: =VLOOKUP($B37,$R$3:$X$9,6,FALSE) -> #N/A | X37: =VLOOKUP($B37,$R$3:$X$9,7,FALSE) -> #N/A | Y37: =VLOOKUP($B37,$R$3:$Z$9,8,FALSE) -> #N/A | Z37: =VLOOKUP($B37,$R$3:$Z$9,9,FALSE) -> #N/A
I38: GUINNESS | K38: =COUNTA([5]Brewhouse!$A$43:$A$50) -> 8 | L38: =AVERAGE([5]Brewhouse!$AU$43:$AU$50) -> 96.223406 | M38: =AVERAGE([5]Brewhouse!$AU$16:$AU$23,[5]Brewhouse!$AU$25:$AU$32,[5]Brewhouse!$AU$34:$AU$41,[5]Brewhouse!$AU$43:$AU$50) -> 96.904442 | N38: 98 | R38: =B38 -> 0 | S38: =VLOOKUP($B38,$R$3:$X$9,2,FALSE) -> #N/A | T38: =VLOOKUP($B38,$R$3:$X$9,3,FALSE) -> #N/A | U38: =VLOOKUP($B38,$R$3:$X$9,4,FALSE) -> #N/A | V38: =VLOOKUP($B38,$R$3:$X$9,5,FALSE) -> #N/A | W38: =VLOOKUP($B38,$R$3:$X$9,6,FALSE) -> #N/A | X38: =VLOOKUP($B38,$R$3:$X$9,7,FALSE) -> #N/A | Y38: =VLOOKUP($B38,$R$3:$Z$9,8,FALSE) -> #N/A | Z38: =VLOOKUP($B38,$R$3:$Z$9,9,FALSE) -> #N/A
I39: VITAMALT | M39: =AVERAGE([6]Brewhouse!$AV$23:$AV$34,[6]Brewhouse!$AV$36,[6]Brewhouse!$AV$38:$AV$52) -> 97.639832 | N39: 98 | R39: =B39 -> 0 | S39: =VLOOKUP($B39,$R$3:$X$9,2,FALSE) -> #N/A | T39: =VLOOKUP($B39,$R$3:$X$9,3,FALSE) -> #N/A | U39: =VLOOKUP($B39,$R$3:$X$9,4,FALSE) -> #N/A | V39: =VLOOKUP($B39,$R$3:$X$9,5,FALSE) -> #N/A | W39: =VLOOKUP($B39,$R$3:$X$9,6,FALSE) -> #N/A | X39: =VLOOKUP($B39,$R$3:$X$9,7,FALSE) -> #N/A | Y39: =VLOOKUP($B39,$R$3:$Z$9,8,FALSE) -> #N/A | Z39: =VLOOKUP($B39,$R$3:$Z$9,9,FALSE) -> #N/A
I40: MAXIMALT | N40: 98 | R40: =B40 -> 0 | S40: =VLOOKUP($B40,$R$3:$X$9,2,FALSE) -> #N/A | T40: =VLOOKUP($B40,$R$3:$X$9,3,FALSE) -> #N/A | U40: =VLOOKUP($B40,$R$3:$X$9,4,FALSE) -> #N/A | V40: =VLOOKUP($B40,$R$3:$X$9,5,FALSE) -> #N/A | W40: =VLOOKUP($B40,$R$3:$X$9,6,FALSE) -> #N/A | X40: =VLOOKUP($B40,$R$3:$X$9,7,FALSE) -> #N/A | Y40: =VLOOKUP($B40,$R$3:$Z$9,8,FALSE) -> #N/A | Z40: =VLOOKUP($B40,$R$3:$Z$9,9,FALSE) -> #N/A
I41: MACKESON | M41: =AVERAGE([7]Brewhouse!$AT$4:$AT$11) -> 92.826225 | N41: 98 | R41: =B41 -> 0 | S41: =VLOOKUP($B41,$R$3:$X$9,2,FALSE) -> #N/A | T41: =VLOOKUP($B41,$R$3:$X$9,3,FALSE) -> #N/A | U41: =VLOOKUP($B41,$R$3:$X$9,4,FALSE) -> #N/A | V41: =VLOOKUP($B41,$R$3:$X$9,5,FALSE) -> #N/A | W41: =VLOOKUP($B41,$R$3:$X$9,6,FALSE) -> #N/A | X41: =VLOOKUP($B41,$R$3:$X$9,7,FALSE) -> #N/A | Y41: =VLOOKUP($B41,$R$3:$Z$9,8,FALSE) -> #N/A | Z41: =VLOOKUP($B41,$R$3:$Z$9,9,FALSE) -> #N/A
I42: STARMALT | M42: =AVERAGE([8]Brewhouse!$AY$5:$AY$14,[8]Brewhouse!$AY$16:$AY$23,[8]Brewhouse!$AY$42) -> 97.390504 | N42: 98 | R42: =B42 -> 0 | S42: =VLOOKUP($B42,$R$3:$X$9,2,FALSE) -> #N/A | T42: =VLOOKUP($B42,$R$3:$X$9,3,FALSE) -> #N/A | U42: =VLOOKUP($B42,$R$3:$X$9,4,FALSE) -> #N/A | V42: =VLOOKUP($B42,$R$3:$X$9,5,FALSE) -> #N/A | W42: =VLOOKUP($B42,$R$3:$X$9,6,FALSE) -> #N/A | X42: =VLOOKUP($B42,$R$3:$X$9,7,FALSE) -> #N/A | Y42: =VLOOKUP($B42,$R$3:$Z$9,8,FALSE) -> #N/A | Z42: =VLOOKUP($B42,$R$3:$Z$9,9,FALSE) -> #N/A
I43: HR- Pils | N43: 98 | R43: =B43 -> 0 | S43: =VLOOKUP($B43,$R$3:$X$9,2,FALSE) -> #N/A | T43: =VLOOKUP($B43,$R$3:$X$9,3,FALSE) -> #N/A | U43: =VLOOKUP($B43,$R$3:$X$9,4,FALSE) -> #N/A | V43: =VLOOKUP($B43,$R$3:$X$9,5,FALSE) -> #N/A | W43: =VLOOKUP($B43,$R$3:$X$9,6,FALSE) -> #N/A | X43: =VLOOKUP($B43,$R$3:$X$9,7,FALSE) -> #N/A | Y43: =VLOOKUP($B43,$R$3:$Z$9,8,FALSE) -> #N/A | Z43: =VLOOKUP($B43,$R$3:$Z$9,9,FALSE) -> #N/A
I44: HR- IPA | N44: 98 | R44: =B44 -> 0 | S44: =VLOOKUP($B44,$R$3:$X$9,2,FALSE) -> #N/A | T44: =VLOOKUP($B44,$R$3:$X$9,3,FALSE) -> #N/A | U44: =VLOOKUP($B44,$R$3:$X$9,4,FALSE) -> #N/A | V44: =VLOOKUP($B44,$R$3:$X$9,5,FALSE) -> #N/A | W44: =VLOOKUP($B44,$R$3:$X$9,6,FALSE) -> #N/A | X44: =VLOOKUP($B44,$R$3:$X$9,7,FALSE) -> #N/A | Y44: =VLOOKUP($B44,$R$3:$Z$9,8,FALSE) -> #N/A | Z44: =VLOOKUP($B44,$R$3:$Z$9,9,FALSE) -> #N/A
I45: HR- APA | N45: 98 | R45: =B45 -> 0 | S45: =VLOOKUP($B45,$R$3:$X$9,2,FALSE) -> #N/A | T45: =VLOOKUP($B45,$R$3:$X$9,3,FALSE) -> #N/A | U45: =VLOOKUP($B45,$R$3:$X$9,4,FALSE) -> #N/A | V45: =VLOOKUP($B45,$R$3:$X$9,5,FALSE) -> #N/A | W45: =VLOOKUP($B45,$R$3:$X$9,6,FALSE) -> #N/A | X45: =VLOOKUP($B45,$R$3:$X$9,7,FALSE) -> #N/A | Y45: =VLOOKUP($B45,$R$3:$Z$9,8,FALSE) -> #N/A | Z45: =VLOOKUP($B45,$R$3:$Z$9,9,FALSE) -> #N/A
K46: =SUM(K36:K45) -> 54 | L46: =((L36*K36)+(L37*K37)+(L38*K38)+(L39*K39)+(L40*K40)+(K43*L43)+(L41*K41)+(L42*K42)+(L45*K45))/(K46) -> 98.371919 | M46: =AVERAGE('[9]Jan30th-31st'!$L$42,L46) -> 98.09998 | N46: 98 | R46: =B46 -> 0 | S46: =VLOOKUP($B46,$R$3:$X$9,2,FALSE) -> #N/A | T46: =VLOOKUP($B46,$R$3:$X$9,3,FALSE) -> #N/A | U46: =VLOOKUP($B46,$R$3:$X$9,4,FALSE) -> #N/A | V46: =VLOOKUP($B46,$R$3:$X$9,5,FALSE) -> #N/A | W46: =VLOOKUP($B46,$R$3:$X$9,6,FALSE) -> #N/A | X46: =VLOOKUP($B46,$R$3:$X$9,7,FALSE) -> #N/A | Y46: =VLOOKUP($B46,$R$3:$Z$9,8,FALSE) -> #N/A | Z46: =VLOOKUP($B46,$R$3:$Z$9,9,FALSE) -> #N/A
R47: =B47 -> 0 | S47: =VLOOKUP($B47,$R$3:$X$9,2,FALSE) -> #N/A | T47: =VLOOKUP($B47,$R$3:$X$9,3,FALSE) -> #N/A | U47: =VLOOKUP($B47,$R$3:$X$9,4,FALSE) -> #N/A | V47: =VLOOKUP($B47,$R$3:$X$9,5,FALSE) -> #N/A | W47: =VLOOKUP($B47,$R$3:$X$9,6,FALSE) -> #N/A | X47: =VLOOKUP($B47,$R$3:$X$9,7,FALSE) -> #N/A | Y47: =VLOOKUP($B47,$R$3:$Z$9,8,FALSE) -> #N/A | Z47: =VLOOKUP($B47,$R$3:$Z$9,9,FALSE) -> #N/A
J48: Daily Brewing Plan
J49: Brand | K49: Brews Achieved | L49: Average Brews per day
J50: CARIB | K50: 9 | L50: MTD | M50: YTD | N50: TARGET
J51: STAG | L51: =AVERAGE('Apr 1st'!K50,K60,'Apr 2nd'!K48,'Apr 7th'!K50,'Apr 8th'!K50,'Apr 9th '!K58,'Apr 10th'!K55,'Apr 13th'!K66) -> 6.75 | M51: =AVERAGE('[9]Jan30th-31st'!$L$47,L51,'[10]Feb 26th '!$L$39,'[11]Mar 31st'!$L$47) -> 6.4842391 | N51: 9.2
J52: GUINN
J53: VITAMALT
J54: STARMALT
J55: MACKESON
J56: HURRICANE REEF- IPA
J57: HURRICANE REEF- APA
B58: AVERAGE | J58: HR- PILSNER
J59: CARIBE
J60: Total | K60: =SUM(K50:K59) -> 9
B61: Process: | C61: Fermentation/Filtration
B63: Brand | C63: Filt. Date | D63: FV Hls | E63: GFE/ Prim/ Vita Blend (Hls) | F63: SV Hls | G63: BBT Hls | H63: Loss (%) Ferm | I63: Loss (%) Filt | J63: Comments | K63: Throughput | L63: Process Loss (%) | M63: Filt. Operator
AB64: 43474 | AC64: 43475 | AD64: 43476 | AE64: 43477 | AF64: 43478 | AG64: 43479 | AH64: 43480 | AI64: 43481 | AJ64: 43482 | AK64: 43483 | AL64: 43484 | AM64: 43485 | AN64: 43486 | AO64: 43487 | AP64: 43488 | AQ64: 43489 | AR64: 43490 | AS64: 43491 | AT64: 43492 | AU64: 43493 | AV64: 43494 | AW64: 43495 | AX64: 43496
AB65: =[14]January_2019!L5 -> 0 | AC65: =[14]January_2019!M5 -> 0 | AD65: =[14]January_2019!N5 -> 0 | AE65: =[14]January_2019!O5 -> 0 | AF65: =[14]January_2019!P5 -> 0 | AG65: =[14]January_2019!Q5 -> 0 | AH65: =[14]January_2019!R5 -> 0 | AI65: =[14]January_2019!S5 -> 0 | ... AX65: =[14]January_2019!AH5 -> 0
AB66: =[14]January_2019!L6 -> 0 | AC66: =[14]January_2019!M6 -> 0 | AD66: =[14]January_2019!N6 -> 0 | AE66: =[14]January_2019!O6 -> 0 | AF66: =[14]January_2019!P6 -> 0 | AG66: =[14]January_2019!Q6 -> 0 | AH66: =[14]January_2019!R6 -> 0 | AI66: =[14]January_2019!S6 -> 0 | ... AX66: =[14]January_2019!AH6 -> 0
AB67: =[14]January_2019!L7 -> 285.8 | AC67: =[14]January_2019!M7 -> 508.1 | AD67: =[14]January_2019!N7 -> 0 | AE67: =[14]January_2019!O7 -> 0 | AF67: =[14]January_2019!P7 -> 109.56667 | AG67: =[14]January_2019!Q7 -> 297.65 | AH67: =[14]January_2019!R7 -> 122.3 | AI67: =[14]January_2019!S7 -> 0 | ... AX67: =[14]January_2019!AH7 -> 0
J69: 1 SBF | L69: =(((D69+E69)-G69)/(D69+E69))*100 -> #DIV/0!
B76: Process Loss (Volume) | G76: Process Loss (Extract) | K76: Throughput
B77: Brand | C77: Actual | D77: MTD | E77: YTD | F77: Target | G77: Actual | H77: MTD | I77: YTD | J77: Target | L77: MTD | M77: YTD | N77: Target
B78: CARIB | D78: 6.1156288 | E78: 6.7487107 | F78: 4.8 | H78: 5.5067255 | I78: 6.559324 | J78: 4.8 | L78: 0.79592982 | M78: 0.47248231 | N78: 1
B79: STAG | D79: 4.2503259 | E79: 6.0876109 | F79: 4.8 | H79: 3.7045586 | I79: 5.7742586 | J79: 4.8 | L79: 1.2884211 | M79: 0.74983233 | N79: 1
B80: GUINN | E80: 12.380136 | F80: 5.5 | I80: 13.955539 | J80: 5.5 | M80: 0.29450526 | N80: 1
B81: VITAMALT | E81: 4.6014184 | F81: 3.3 | I81: 4.327474 | J81: 3.3 | M81: 0.82925439 | N81: 1
B82: APA | F82: 3.3 | J82: 3 | N82: 1
B83: MACKESON | E83: 5.1105651 | F83: =[15]May_2022!$M$43 -> 3.4878407 | I83: 7.913137 | J83: 5.5 | M83: 1.3550877 | N83: 1
B84: STARMALT | E84: 3.9654241 | F84: 3.3 | I84: 5.0010392 | J84: 3.3 | M84: 0.93295906 | N84: 1
B85: IPA | F85: 7.5 | J85: 7.5 | N85: 1
B86: HURRICANE REEF PILS | F86: 4.8 | J86: 4.8 | N86: 1
D87: 5.55729 | E87: 6.5047661 | F87: 5.5 | H87: 4.9655453 | I87: 6.6203139 | J87: 5.5 | L87: 0.9366416 | M87: 0.58217357 | N87: 1

Sheet Apr 15th
S1: P.G. | U1: Hot Time | W1: Process Time | Y1: Cooling Time
B2: Brewing Department Daily Process Loss Report | S2: Lower | T2: Upper | U2: Lower | V2: Upper | W2: Lower | X2: Upper | Y2: Lower | Z2: Upper
R3: CARIB | S3: 11.6 | T3: 12 | U3: 0 | V3: 0.11805556 | W3: 0.22569444 | X3: 0.26388889 | Y3: 0 | Z3: 60 | AB3: HR- PISNER
B4: Date: | C4: 46128 | J4: LOT WORT COLOUR: | M4: Filter Sheets (Target 20 days) | R4: STAG | S4: 11.6 | T4: 12 | U4: 0 | V4: 0.11805556 | W4: 0.22569444 | X4: 0.26388889 | Y4: 0 | Z4: 60
M5: Double | N5: Single | R5: GUINNESS | S5: 17 | T5: 17.5 | U5: 0 | V5: 0.10763889 | W5: 0.24652778 | X5: 0.28472222 | Y5: 0 | Z5: 60
J6: MALT LOT: Lot #13 | L6: Sheet Day | R6: MACKESON | S6: 13.3 | T6: 13.5 | U6: 0 | V6: 0.12905093 | W6: 0.27430556 | X6: 0.30208333 | Y6: 0
R7: STARMALT | S7: 17 | T7: 17.4 | U7: 0 | V7: 0.13605324 | W7: 0.27430556 | X7: 0.30902778 | Y7: 0 | Z7: 85
B8: Brand | C8: Brew no. | D8: Kett. Hls | E8: Wort | F8: Cool Time(Mins) | G8: Cast. P.G. (Lab Result) | H8: Cast P.G. (Cellar Operator)-gravity | I8: Extr. Rec (77.9%) | J8: Theor. Extr. (77.5%) | K8: Boil Off /Vol. (4-6%) | L8: Boil Time | M8: Total Hot | N8: Brewing Time | O8: Operator | R8: Hurricane Reef | S8: 16.6 | T8: 17 | U8: 0 | V8: 0.12905093 | W8: 0.27430556 | X8: 0.30208333 | Y8: 0
E9: Meter (Hls) | F9: Target(< 60Mins) | M9: Time | R9: VITAMALT | S9: 14.2 | T9: 14.6 | U9: 0 | V9: 0.13905093 | W9: 0.26041667 | X9: 0.29513889 | Y9: 0 | Z9: 75
B10: CARIB | C10: =[4]Brewhouse!$A320 -> CA276 | D10: =[4]Brewhouse!$AF320 -> 51.4 | E10: =[4]Brewhouse!$AI320 -> 50.1 | F10: =[4]Brewhouse!$V320 -> 59 | G10: =[4]Brewhouse!AG320 -> 11.9 | H10: 11.9 | I10: =[4]Brewhouse!$AU320 -> 98.367421 | J10: =[4]Brewhouse!$AV320 -> 99.651145 | K10: =[4]Brewhouse!$Q320 -> 6.3216266 | M10: =[4]Brewhouse!$U320-[4]Brewhouse!$T320 -> 0.10833333 | N10: =[4]Brewhouse!$Z320 -> 0.24722222 | O10: =[4]Brewhouse!$AX320 -> R. Regis | R10: =B10 -> CARIB | S10: =VLOOKUP($B10,$R$3:$X$9,2,FALSE) -> 11.6 | T10: =VLOOKUP($B10,$R$3:$X$9,3,FALSE) -> 12 | U10: =VLOOKUP($B10,$R$3:$X$9,4,FALSE) -> 0 | V10: =VLOOKUP($B10,$R$3:$X$9,5,FALSE) -> 0.11805556 | W10: =VLOOKUP($B10,$R$3:$X$9,6,FALSE) -> 0.22569444 | X10: =VLOOKUP($B10,$R$3:$X$9,7,FALSE) -> 0.26388889 | Y10: =VLOOKUP($B10,$R$3:$Z$9,8,FALSE) -> 0 | Z10: =VLOOKUP($B10,$R$3:$Z$9,9,FALSE) -> 60
B11: CARIB | C11: =[4]Brewhouse!$A321 -> CA277 | D11: =[4]Brewhouse!$AF321 -> 51.9 | E11: =[4]Brewhouse!$AI321 -> 50.8 | F11: =[4]Brewhouse!$V321 -> 63 | G11: =[4]Brewhouse!AG321 -> 11.8 | H11: 11.8 | I11: =[4]Brewhouse!$AU321 -> 98.860564 | J11: =[4]Brewhouse!$AV321 -> 100.15072 | K11: =[4]Brewhouse!$Q321 -> 5.3974122 | M11: =[4]Brewhouse!$U321-[4]Brewhouse!$T321 -> 0.10555556 | N11: =[4]Brewhouse!$Z321 -> 0.24166667 | O11: =[4]Brewhouse!$AX321 -> R. Regis | R11: =B11 -> CARIB | S11: =VLOOKUP($B11,$R$3:$X$9,2,FALSE) -> 11.6 | T11: =VLOOKUP($B11,$R$3:$X$9,3,FALSE) -> 12 | U11: =VLOOKUP($B11,$R$3:$X$9,4,FALSE) -> 0 | V11: =VLOOKUP($B11,$R$3:$X$9,5,FALSE) -> 0.11805556 | W11: =VLOOKUP($B11,$R$3:$X$9,6,FALSE) -> 0.22569444 | X11: =VLOOKUP($B11,$R$3:$X$9,7,FALSE) -> 0.26388889 | Y11: =VLOOKUP($B11,$R$3:$Z$9,8,FALSE) -> 0 | Z11: =VLOOKUP($B11,$R$3:$Z$9,9,FALSE) -> 60
B12: CARIB | C12: =[4]Brewhouse!$A322 -> CA278 | D12: =[4]Brewhouse!$AF322 -> 51.6 | E12: =[4]Brewhouse!$AI322 -> 50.9 | F12: =[4]Brewhouse!$V322 -> 63 | G12: =[4]Brewhouse!AG322 -> 11.7 | H12: 11.7 | I12: =[4]Brewhouse!$AU322 -> 98.29397 | J12: =[4]Brewhouse!$AV322 -> 99.576651 | K12: =[4]Brewhouse!$Q322 -> 6.6913124 | M12: =[4]Brewhouse!$U322-[4]Brewhouse!$T322 -> 0.095833333 | N12: =[4]Brewhouse!$Z322 -> 0.23263889 | O12: =[4]Brewhouse!$AX322 -> R. Regis | R12: =B12 -> CARIB | S12: =VLOOKUP($B12,$R$3:$X$9,2,FALSE) -> 11.6 | T12: =VLOOKUP($B12,$R$3:$X$9,3,FALSE) -> 12 | U12: =VLOOKUP($B12,$R$3:$X$9,4,FALSE) -> 0 | V12: =VLOOKUP($B12,$R$3:$X$9,5,FALSE) -> 0.11805556 | W12: =VLOOKUP($B12,$R$3:$X$9,6,FALSE) -> 0.22569444 | X12: =VLOOKUP($B12,$R$3:$X$9,7,FALSE) -> 0.26388889 | Y12: =VLOOKUP($B12,$R$3:$Z$9,8,FALSE) -> 0 | Z12: =VLOOKUP($B12,$R$3:$Z$9,9,FALSE) -> 60
B13: CARIB | C13: =[4]Brewhouse!$A323 -> CA279 | D13: =[4]Brewhouse!$AF323 -> 51.4 | E13: =[4]Brewhouse!$AI323 -> 51.5 | F13: =[4]Brewhouse!$V323 -> 64 | G13: =[4]Brewhouse!AG323 -> 11.6 | H13: 11.6 | I13: =[4]Brewhouse!$AU323 -> 98.680554 | J13: =[4]Brewhouse!$AV323 -> 99.968195 | K13: =[4]Brewhouse!$Q323 -> 7.8003697 | M13: =[4]Brewhouse!$U323-[4]Brewhouse!$T323 -> 0.11388889 | N13: =[4]Brewhouse!$Z323 -> 0.25902778 | O13: =[4]Brewhouse!$AX323 -> R. Sookram | R13: =B13 -> CARIB | S13: =VLOOKUP($B13,$R$3:$X$9,2,FALSE) -> 11.6 | T13: =VLOOKUP($B13,$R$3:$X$9,3,FALSE) -> 12 | U13: =VLOOKUP($B13,$R$3:$X$9,4,FALSE) -> 0 | V13: =VLOOKUP($B13,$R$3:$X$9,5,FALSE) -> 0.11805556 | W13: =VLOOKUP($B13,$R$3:$X$9,6,FALSE) -> 0.22569444 | X13: =VLOOKUP($B13,$R$3:$X$9,7,FALSE) -> 0.26388889 | Y13: =VLOOKUP($B13,$R$3:$Z$9,8,FALSE) -> 0 | Z13: =VLOOKUP($B13,$R$3:$Z$9,9,FALSE) -> 60
B14: CARIB | C14: =[4]Brewhouse!$A324 -> CA280 | D14: =[4]Brewhouse!$AF324 -> 50.9 | E14: =[4]Brewhouse!$AI324 -> 49.8 | F14: =[4]Brewhouse!$V324 -> 62 | G14: =[4]Brewhouse!AG324 -> 11.8 | H14: 12 | I14: =[4]Brewhouse!$AU324 -> 97.276066 | J14: =[4]Brewhouse!$AV324 -> 98.545296 | K14: =[4]Brewhouse!$Q324 -> 7.245841 | M14: =[4]Brewhouse!$U324-[4]Brewhouse!$T324 -> 0.10555556 | N14: =[4]Brewhouse!$Z324 -> 0.25416667 | O14: =[4]Brewhouse!$AX324 -> R. Sookram | R14: =B14 -> CARIB | S14: =VLOOKUP($B14,$R$3:$X$9,2,FALSE) -> 11.6 | T14: =VLOOKUP($B14,$R$3:$X$9,3,FALSE) -> 12 | U14: =VLOOKUP($B14,$R$3:$X$9,4,FALSE) -> 0 | V14: =VLOOKUP($B14,$R$3:$X$9,5,FALSE) -> 0.11805556 | W14: =VLOOKUP($B14,$R$3:$X$9,6,FALSE) -> 0.22569444 | X14: =VLOOKUP($B14,$R$3:$X$9,7,FALSE) -> 0.26388889 | Y14: =VLOOKUP($B14,$R$3:$Z$9,8,FALSE) -> 0 | Z14: =VLOOKUP($B14,$R$3:$Z$9,9,FALSE) -> 60
B15: CARIB | C15: =[4]Brewhouse!$A325 -> CA281 | D15: =[4]Brewhouse!$AF325 -> 51.5 | E15: =[4]Brewhouse!$AI325 -> 50.5 | F15: =[4]Brewhouse!$V325 -> 61 | G15: =[4]Brewhouse!AG325 -> 11.9 | H15: 11.9 | I15: =[4]Brewhouse!$AU325 -> 99.522718 | J15: =[4]Brewhouse!$AV325 -> 100.82126 | K15: =[4]Brewhouse!$Q325 -> 6.1367837 | M15: =[4]Brewhouse!$U325-[4]Brewhouse!$T325 -> 0.10763889 | N15: =[4]Brewhouse!$Z325 -> 0.24652778 | O15: =[4]Brewhouse!$AX325 -> D. Gomaz | R15: =B15 -> CARIB | S15: =VLOOKUP($B15,$R$3:$X$9,2,FALSE) -> 11.6 | T15: =VLOOKUP($B15,$R$3:$X$9,3,FALSE) -> 12 | U15: =VLOOKUP($B15,$R$3:$X$9,4,FALSE) -> 0 | V15: =VLOOKUP($B15,$R$3:$X$9,5,FALSE) -> 0.11805556 | W15: =VLOOKUP($B15,$R$3:$X$9,6,FALSE) -> 0.22569444 | X15: =VLOOKUP($B15,$R$3:$X$9,7,FALSE) -> 0.26388889 | Y15: =VLOOKUP($B15,$R$3:$Z$9,8,FALSE) -> 0 | Z15: =VLOOKUP($B15,$R$3:$Z$9,9,FALSE) -> 60
