Workbook
Name ProductList: [1]November15!$R$3:$R$9
Name ProductList: [2]November15!$R$3:$R$9

Sheet Dec 18th
T1: P.G. | V1: Hot Time | X1: Process Time | Z1: Cooling Time
B2: Brewing Department Daily Process Loss Report | T2: Lower | U2: Upper | V2: Lower | W2: Upper | X2: Lower | Y2: Upper | Z2: Lower | AA2: Upper
S3: CARIB | T3: 11.6 | U3: 12 | V3: 0 | W3: 0.11805556 | X3: 0.17361111 | Y3: 0.21180556 | Z3: 0 | AA3: 60 | AC3: HR- PISNER
B4: Date: | C4: 45278 | J4: LOT WORT COLOUR: 3.4 | M4: Filter Sheets (Target 20 days) | S4: STAG | T4: 11.6 | U4: 12 | V4: 0 | W4: 0.11805556 | X4: 0.17361111 | Y4: 0.21180556 | Z4: 0 | AA4: 60
M5: Double | N5: Single | S5: GUINNESS | T5: 17 | U5: 17.5 | V5: 0 | W5: 0.10763889 | X5: 0.19444444 | Y5: 0.23263889 | Z5: 0 | AA5: 60
J6: MALT LOT: Lot 8 | L6: Sheet Day | S6: MACKESON | T6: 13.3 | U6: 13.5 | V6: 0 | W6: 0.12905093 | X6: 0.22222222 | Y6: 0.25347222 | Z6: 0
S7: STARMALT | T7: 17.1 | U7: 17.5 | V7: 0 | W7: 0.13605324 | X7: 0.20833333 | Y7: 0.24305556 | Z7: 0 | AA7: 60
B8: Brand | C8: Brew no. | D8: Kett. Hls | E8: Wort | F8: Cool Time(Mins) | G8: Cast. P.G. (Lab Result) | H8: Cast P.G. (Cellar Operator)-gravity | I8: Extr. Rec (79.1%) | J8: Theor. Extr. (77.5%) | K8: Boil Off /Vol. (4-6%) | L8: Boil Time | M8: Total Hot | N8: Brewing | P8: Comments | Q8: Actual Pilsen Malt | S8: Hurricane Reef | T8: 16.6 | U8: 17 | V8: 0 | W8: 0.12905093 | X8: 0.22222222 | Y8: 0.25347222 | Z8: 0
E9: Meter (Hls) | F9: Target(< 60Mins) | M9: Time | S9: VITAMALT | T9: 14.4 | U9: 14.6 | V9: 0 | W9: 0.13905093 | X9: 0.19097222 | Y9: 0.22569444 | Z9: 0 | AA9: 75
S10: =B10 -> 0 | T10: =VLOOKUP($B10,$S$3:$Y$9,2,FALSE) -> #N/A | U10: =VLOOKUP($B10,$S$3:$Y$9,3,FALSE) -> #N/A | V10: =VLOOKUP($B10,$S$3:$Y$9,4,FALSE) -> #N/A | W10: =VLOOKUP($B10,$S$3:$Y$9,5,FALSE) -> #N/A | X10: =VLOOKUP($B10,$S$3:$Y$9,6,FALSE) -> #N/A | Y10: =VLOOKUP($B10,$S$3:$Y$9,7,FALSE) -> #N/A | Z10: =VLOOKUP($B10,$S$3:$AA$9,8,FALSE) -> #N/A | AA10: =VLOOKUP($B10,$S$3:$AA$9,9,FALSE) -> #N/A
S11: =B11 -> 0 | T11: =VLOOKUP($B11,$S$3:$Y$9,2,FALSE) -> #N/A | U11: =VLOOKUP($B11,$S$3:$Y$9,3,FALSE) -> #N/A | V11: =VLOOKUP($B11,$S$3:$Y$9,4,FALSE) -> #N/A | W11: =VLOOKUP($B11,$S$3:$Y$9,5,FALSE) -> #N/A | X11: =VLOOKUP($B11,$S$3:$Y$9,6,FALSE) -> #N/A | Y11: =VLOOKUP($B11,$S$3:$Y$9,7,FALSE) -> #N/A | Z11: =VLOOKUP($B11,$S$3:$AA$9,8,FALSE) -> #N/A | AA11: =VLOOKUP($B11,$S$3:$AA$9,9,FALSE) -> #N/A
S12: =B12 -> 0 | T12: =VLOOKUP($B12,$S$3:$Y$9,2,FALSE) -> #N/A | U12: =VLOOKUP($B12,$S$3:$Y$9,3,FALSE) -> #N/A | V12: =VLOOKUP($B12,$S$3:$Y$9,4,FALSE) -> #N/A | W12: =VLOOKUP($B12,$S$3:$Y$9,5,FALSE) -> #N/A | X12: =VLOOKUP($B12,$S$3:$Y$9,6,FALSE) -> #N/A | Y12: =VLOOKUP($B12,$S$3:$Y$9,7,FALSE) -> #N/A | Z12: =VLOOKUP($B12,$S$3:$AA$9,8,FALSE) -> #N/A | AA12: =VLOOKUP($B12,$S$3:$AA$9,9,FALSE) -> #N/A
S13: =B13 -> 0 | T13: =VLOOKUP($B13,$S$3:$Y$9,2,FALSE) -> #N/A | U13: =VLOOKUP($B13,$S$3:$Y$9,3,FALSE) -> #N/A | V13: =VLOOKUP($B13,$S$3:$Y$9,4,FALSE) -> #N/A | W13: =VLOOKUP($B13,$S$3:$Y$9,5,FALSE) -> #N/A | X13: =VLOOKUP($B13,$S$3:$Y$9,6,FALSE) -> #N/A | Y13: =VLOOKUP($B13,$S$3:$Y$9,7,FALSE) -> #N/A | Z13: =VLOOKUP($B13,$S$3:$AA$9,8,FALSE) -> #N/A | AA13: =VLOOKUP($B13,$S$3:$AA$9,9,FALSE) -> #N/A
S14: =B14 -> 0 | T14: =VLOOKUP($B14,$S$3:$Y$9,2,FALSE) -> #N/A | U14: =VLOOKUP($B14,$S$3:$Y$9,3,FALSE) -> #N/A | V14: =VLOOKUP($B14,$S$3:$Y$9,4,FALSE) -> #N/A | W14: =VLOOKUP($B14,$S$3:$Y$9,5,FALSE) -> #N/A | X14: =VLOOKUP($B14,$S$3:$Y$9,6,FALSE) -> #N/A | Y14: =VLOOKUP($B14,$S$3:$Y$9,7,FALSE) -> #N/A | Z14: =VLOOKUP($B14,$S$3:$AA$9,8,FALSE) -> #N/A | AA14: =VLOOKUP($B14,$S$3:$AA$9,9,FALSE) -> #N/A
S15: =B15 -> 0 | T15: =VLOOKUP($B15,$S$3:$Y$9,2,FALSE) -> #N/A | U15: =VLOOKUP($B15,$S$3:$Y$9,3,FALSE) -> #N/A | V15: =VLOOKUP($B15,$S$3:$Y$9,4,FALSE) -> #N/A | W15: =VLOOKUP($B15,$S$3:$Y$9,5,FALSE) -> #N/A | X15: =VLOOKUP($B15,$S$3:$Y$9,6,FALSE) -> #N/A | Y15: =VLOOKUP($B15,$S$3:$Y$9,7,FALSE) -> #N/A | Z15: =VLOOKUP($B15,$S$3:$AA$9,8,FALSE) -> #N/A | AA15: =VLOOKUP($B15,$S$3:$AA$9,9,FALSE) -> #N/A
S16: =B16 -> 0 | T16: =VLOOKUP($B16,$S$3:$Y$9,2,FALSE) -> #N/A | U16: =VLOOKUP($B16,$S$3:$Y$9,3,FALSE) -> #N/A | V16: =VLOOKUP($B16,$S$3:$Y$9,4,FALSE) -> #N/A | W16: =VLOOKUP($B16,$S$3:$Y$9,5,FALSE) -> #N/A | X16: =VLOOKUP($B16,$S$3:$Y$9,6,FALSE) -> #N/A | Y16: =VLOOKUP($B16,$S$3:$Y$9,7,FALSE) -> #N/A | Z16: =VLOOKUP($B16,$S$3:$AA$9,8,FALSE) -> #N/A | AA16: =VLOOKUP($B16,$S$3:$AA$9,9,FALSE) -> #N/A
S17: =B17 -> 0 | T17: =VLOOKUP($B17,$S$3:$Y$9,2,FALSE) -> #N/A | U17: =VLOOKUP($B17,$S$3:$Y$9,3,FALSE) -> #N/A | V17: =VLOOKUP($B17,$S$3:$Y$9,4,FALSE) -> #N/A | W17: =VLOOKUP($B17,$S$3:$Y$9,5,FALSE) -> #N/A | X17: =VLOOKUP($B17,$S$3:$Y$9,6,FALSE) -> #N/A | Y17: =VLOOKUP($B17,$S$3:$Y$9,7,FALSE) -> #N/A | Z17: =VLOOKUP($B17,$S$3:$AA$9,8,FALSE) -> #N/A | AA17: =VLOOKUP($B17,$S$3:$AA$9,9,FALSE) -> #N/A
S18: =B18 -> 0 | T18: =VLOOKUP($B18,$S$3:$Y$9,2,FALSE) -> #N/A | U18: =VLOOKUP($B18,$S$3:$Y$9,3,FALSE) -> #N/A | V18: =VLOOKUP($B18,$S$3:$Y$9,4,FALSE) -> #N/A | W18: =VLOOKUP($B18,$S$3:$Y$9,5,FALSE) -> #N/A | X18: =VLOOKUP($B18,$S$3:$Y$9,6,FALSE) -> #N/A | Y18: =VLOOKUP($B18,$S$3:$Y$9,7,FALSE) -> #N/A | Z18: =VLOOKUP($B18,$S$3:$AA$9,8,FALSE) -> #N/A | AA18: =VLOOKUP($B18,$S$3:$AA$9,9,FALSE) -> #N/A
S19: =B19 -> 0 | T19: =VLOOKUP($B19,$S$3:$Y$9,2,FALSE) -> #N/A | U19: =VLOOKUP($B19,$S$3:$Y$9,3,FALSE) -> #N/A | V19: =VLOOKUP($B19,$S$3:$Y$9,4,FALSE) -> #N/A | W19: =VLOOKUP($B19,$S$3:$Y$9,5,FALSE) -> #N/A | X19: =VLOOKUP($B19,$S$3:$Y$9,6,FALSE) -> #N/A | Y19: =VLOOKUP($B19,$S$3:$Y$9,7,FALSE) -> #N/A | Z19: =VLOOKUP($B19,$S$3:$AA$9,8,FALSE) -> #N/A | AA19: =VLOOKUP($B19,$S$3:$AA$9,9,FALSE) -> #N/A
S20: =B20 -> 0 | T20: =VLOOKUP($B20,$S$3:$Y$9,2,FALSE) -> #N/A | U20: =VLOOKUP($B20,$S$3:$Y$9,3,FALSE) -> #N/A | V20: =VLOOKUP($B20,$S$3:$Y$9,4,FALSE) -> #N/A | W20: =VLOOKUP($B20,$S$3:$Y$9,5,FALSE) -> #N/A | X20: =VLOOKUP($B20,$S$3:$Y$9,6,FALSE) -> #N/A | Y20: =VLOOKUP($B20,$S$3:$Y$9,7,FALSE) -> #N/A | Z20: =VLOOKUP($B20,$S$3:$AA$9,8,FALSE) -> #N/A | AA20: =VLOOKUP($B20,$S$3:$AA$9,9,FALSE) -> #N/A
S21: =B21 -> 0 | T21: =VLOOKUP($B21,$S$3:$Y$9,2,FALSE) -> #N/A | U21: =VLOOKUP($B21,$S$3:$Y$9,3,FALSE) -> #N/A | V21: =VLOOKUP($B21,$S$3:$Y$9,4,FALSE) -> #N/A | W21: =VLOOKUP($B21,$S$3:$Y$9,5,FALSE) -> #N/A | X21: =VLOOKUP($B21,$S$3:$Y$9,6,FALSE) -> #N/A | Y21: =VLOOKUP($B21,$S$3:$Y$9,7,FALSE) -> #N/A | Z21: =VLOOKUP($B21,$S$3:$AA$9,8,FALSE) -> #N/A | AA21: =VLOOKUP($B21,$S$3:$AA$9,9,FALSE) -> #N/A
... S47: =B47 -> 0 | T47: =VLOOKUP($B47,$S$3:$Y$9,2,FALSE) -> #N/A | U47: =VLOOKUP($B47,$S$3:$Y$9,3,FALSE) -> #N/A | V47: =VLOOKUP($B47,$S$3:$Y$9,4,FALSE) -> #N/A | W47: =VLOOKUP($B47,$S$3:$Y$9,5,FALSE) -> #N/A | X47: =VLOOKUP($B47,$S$3:$Y$9,6,FALSE) -> #N/A | Y47: =VLOOKUP($B47,$S$3:$Y$9,7,FALSE) -> #N/A | Z47: =VLOOKUP($B47,$S$3:$AA$9,8,FALSE) -> #N/A | AA47: =VLOOKUP($B47,$S$3:$AA$9,9,FALSE) -> #N/A
I48: EXTRACT RECOVERY
B49: BRAND | D49: BBT P.G./ O.G | I49: Brand | J49: Actual | K49: MTD No. of Brews | L49: MTD | M49: YTD | N49: Target
B50: STAG | C50: 11.8 | D50: 11.73 | I50: CARIB | K50: =COUNTA([17]Brewhouse!$A$1596:$A$1619) -> 24 | L50: =AVERAGE([17]Brewhouse!$AU$1529,[17]Brewhouse!$AU$1531:$AU$1594,[17]Brewhouse!$AU$1596:$AU$1619) -> 98.205761 | M50: =AVERAGE([17]Brewhouse!$AU$849:$AU$924,[17]Brewhouse!$AU$926:$AU$971,[17]Brewhouse!$AU$973:$AU$1066,[17]Brewhouse!$AU$1068:$AU$1111,[17]Brewhouse!$AU$1113:$AU$1132,[17]Brewhouse!$AU$1134:$AU$1167,[17]Brewhouse!$AU$1169:$AU$1230,[17]Brewhouse!$AU$1232:$AU$1299,[17]Brewhouse!$AU$1301:$AU$1363,[17]Brewhouse!$AU$1365:$AU$1444,[17]Brewhouse!$AU$1446:$AU$1527,[17]Brewhouse!$AU$1529,[17]Brewhouse!$AU$1531:$AU$1594,[17]Brewhouse!$AU$1596:$AU$1619) -> 98.381806 | N50: 98
C51: 11.9 | I51: STAG | K51: =COUNTA([18]Brewhouse!$A$976:$A$1007) -> 32 | L51: =AVERAGE([18]Brewhouse!$AS$976:$AS$979,[18]Brewhouse!$AS$981:$AS$1007) -> 98.538567 | M51: =AVERAGE([18]Brewhouse!$AS$577:$AS$618,[18]Brewhouse!$AS$620:$AS$651,[18]Brewhouse!$AS$653:$AS$696,[18]Brewhouse!$AS$698:$AS$708,[18]Brewhouse!$AS$710:$AS$733,[18]Brewhouse!$AS$735:$AS$777,[18]Brewhouse!$AS$779:$AS$822,[18]Brewhouse!$AS$824:$AS$863,[18]Brewhouse!$AS$865:$AS$974,[18]Brewhouse!$AS$976:$AS$979,[18]Brewhouse!$AS$981:$AS$1007) -> 98.489671 | N51: 98
I52: GUINNESS | K52: =COUNTA([19]Brewhouse!$A$282:$A$289) -> 8 | L52: =AVERAGE([19]Brewhouse!$AU$269:$AU$279,[19]Brewhouse!$AU$282:$AU$289) -> 96.186177 | M52: =AVERAGE([19]Brewhouse!$AU$161:$AU$176,[19]Brewhouse!$AU$178:$AU$195,[19]Brewhouse!$AU$197:$AU$208,[19]Brewhouse!$AU$210:$AU$221,[19]Brewhouse!$AU$223:$AU$232,[19]Brewhouse!$AU$234:$AU$279,[19]Brewhouse!$AU$282:$AU$289) -> 96.64916 | N52: 98
I53: VITAMALT | K53: =COUNTA([20]Brewhouse!$A$158:$A$163) -> 6 | L53: =AVERAGE([20]Brewhouse!$AU$158:$AU$163) -> 94.60305 | M53: =AVERAGE([20]Brewhouse!$AU$91:$AU$101,[20]Brewhouse!$AU$103:$AU$112,[20]Brewhouse!$AU$114:$AU$123,[20]Brewhouse!$AU$125:$AU$134,[20]Brewhouse!$AU$136:$AU$145,[20]Brewhouse!$AU$147:$AU$156,[20]Brewhouse!$AU$158:$AU$163) -> 96.240014 | N53: 98
I54: MAXIMALT | N54: 98
I55: MACKESON | M55: =AVERAGE([21]Brewhouse!$AT$74:$AT$79) -> 93.959836 | N55: 98
I56: STARMALT | K56: =COUNTA([22]Brewhouse!$A$249:$A$254) -> 6 | L56: =AVERAGE([22]Brewhouse!$AY$249:$AY$254) -> 99.681996 | M56: =AVERAGE([22]Brewhouse!$AY$138:$AY$143,[22]Brewhouse!$AY$145:$AY$153,[22]Brewhouse!$AY$155,[22]Brewhouse!$AY$156:$AY$174,[22]Brewhouse!$AY$176:$AY$185,[22]Brewhouse!$AY$187:$AY$198,[22]Brewhouse!$AY$200:$AY$247,[22]Brewhouse!$AY$249:$AY$254) -> 98.774703 | N56: 98
I57: HR- P | M57: =AVERAGE([23]Brewhouse!$AW$13:$AW$14,[23]Brewhouse!$AW$16:$AW$17) -> 92.042628 | N57: 98
I58: Hurricane Reef | M58: =AVERAGE([23]Brewhouse!$AW$13:$AW$14) -> 88.376943 | N58: 98
K59: =SUM(K50:K58) -> 76 | L59: =((L50*K50)+(L51*K51)+(L52*K52)+(L53*K53)+(L54*K54)+(K57*L57)+(L55*K55)+(L56*K56)+(L58*K58))/(K59) -> 97.965422 | M59: =AVERAGE('[24]Closing- January 2023'!$L$42,'[25]Feb. 28th'!$L$42,'[26]March 31st'!$L$75,'[27]Apri 28th'!$L$51,L59) -> 98.06926 | N59: 98
J62: Daily Brewing Plan
J63: Brand | K63: Brews Achieved | L63: Average Brews per day
J64: CARIB | L64: MTD | M64: YTD | N64: TARGET
J65: STAG | K65: 5 | L65: =AVERAGE(#REF!,#REF!,K74,#REF!,#REF!,#REF!,#REF!,#REF!,#REF!,#REF!,#REF!) -> #REF! | M65: =AVERAGE(6,6,'[26]March 31st'!$L$80,'[28]June 30th '!$L$71,6,L65,'[29]July 31st'!$L$108,'[30]Aug 30th'!$L$124,7,[31]Oct.31st!$L$51) -> #REF! | N65: 9
J66: GUINN
J67: VITAMALT
J68: STARMALT
J69: MACKESON
J70: HURRICANE REEF- IPA
J71: HURRICANE REEF- APA
B72: AVERAGE | D72: =AVERAGE(D50:E71) -> 11.73 | J72: HR- PILSNER
J73: CARIBE
J74: Total | K74: =SUM(K64:K73) -> 5
B75: Process: | C75: Fermentation/Filtration
B77: Brand | C77: Filt. Date | D77: FV Hls | E77: GFE/ Prim/ Vita Blend (Hls) | F77: SV Hls | G77: BBT Hls | H77: Loss (%) Ferm | I77: Loss (%) Filt | J77: Comments | K77: Throughput | L77: Process Loss (%) | M77: Filt. Operator
U78: 43466 | V78: 43467 | W78: 43468 | X78: 43469 | Y78: 43470 | Z78: 43471 | AA78: 43472 | AB78: 43473 | AC78: 43474 | AD78: 43475 | AE78: 43476 | AF78: 43477 | AG78: 43478 | AH78: 43479 | AI78: 43480 | AJ78: 43481 | AK78: 43482 | AL78: 43483 | AM78: 43484 | AN78: 43485 | AO78: 43486 | AP78: 43487 | AQ78: 43488 | AR78: 43489 | AS78: 43490 | AT78: 43491 | AU78: 43492 | AV78: 43493 | AW78: 43494 | AX78: 43495 | AY78: 43496
B79: STAG | C79: 45278 | D79: =[32]December_2023!$U$13 -> 150.4 | G79: =[32]December_2023!$U$17 -> 120.8 | J79: NO BREAK | K79: =[33]December_2023!$U$25 -> 0.42385965 | L79: =(((D79+E79)-G79)/(D79+E79))*100 -> 19.680851 | M79: K.Hosten | T79: hls
T80: Throughput | U80: =[16]January_2019!D8 -> #DIV/0! | V80: =[16]January_2019!E8 -> 1.0319298 | W80: =[16]January_2019!F8 -> 1.7789474 | X80: =[16]January_2019!G8 -> 0.51929825 | Y80: =[16]January_2019!H8 -> #DIV/0! | Z80: =[16]January_2019!I8 -> #DIV/0! | AA80: =[16]January_2019!J8 -> 1.3652632 | AB80: =[16]January_2019!K8 -> #DIV/0! | ... AY80: =[16]January_2019!AH8 -> #DIV/0!
B87: Process Loss (Volume) | G87: Process Loss (Extract) | K87: Throughput
B88: Brand | C88: Actual | D88: MTD | E88: YTD | F88: Target | G88: Actual | H88: MTD | I88: YTD | J88: Target | K88: Actual | L88: MTD | M88: YTD | N88: Target
B89: CARIB | D89: 5.181332 | E89: 6.6038503 | F89: 4.8 | H89: 5.2502762 | I89: 6.9665258 | J89: 4.8 | L89: 0.70807018 | M89: 0.77999467 | N89: 1
B90: STAG | C90: =AVERAGE(L79,L81) -> 19.680851 | D90: 6.5498915 | E90: 6.1662321 | F90: 4.8 | G90: =[32]December_2023!$U$21 -> 19.680851 | H90: 6.3458282 | I90: 5.9138834 | J90: 4.8 | K90: =AVERAGE(K79,K81) -> 0.42385965 | L90: 0.66137427 | M90: 0.71942944 | N90: 1
B91: GUINN | D91: 8.4423676 | E91: 8.9890455 | F91: 5.5 | H91: 5.9624998 | I91: 8.6652309 | J91: 5.5 | L91: 0.51561404 | M91: 0.65035608 | N91: 1
B92: VITAMALT | D92: 3.597848 | E92: 2.9936807 | F92: 3.3 | H92: 6.098202 | I92: 3.3134543 | J92: 3.3 | L92: 0.50298246 | M92: 1.0625518 | N92: 1
B93: MAXIMALT | F93: 3.3 | J93: 3 | N93: 1
B94: MACKESON | E94: 6.4174306 | F94: =[34]May_2022!$M$43 -> 3.4878407 | I94: 7.0730655 | J94: 5.5 | M94: 1.0342105 | N94: 1
B95: STARMALT | D95: 2.7692803 | E95: 3.0589058 | F95: 3.3 | H95: 4.2179953 | I95: 4.9470953 | J95: 3.3 | L95: 1.0594737 | M95: 1.0223839 | N95: 1
B96: HURRICANE REEF | E96: 11.178248 | F96: 7.5 | I96: 14.59851 | J96: 7.5 | M96: 0.30947368 | N96: 1
D97: 5.3927001 | E97: 6.2517133 | F97: 4.5 | H97: 5.4965257 | I97: 6.527958 | J97: 4.5 | L97: 0.69682018 | M97: 0.78265038 | N97: 1
AD110: :

Sheet Aug 2nd
S1: P.G. | U1: Hot Time | W1: Process Time | Y1: Cooling Time
B2: Brewing Department Daily Process Loss Report | S2: Lower | T2: Upper | U2: Lower | V2: Upper | W2: Lower | X2: Upper | Y2: Lower | Z2: Upper
R3: CARIB | S3: 11.6 | T3: 12 | U3: 0 | V3: 0.11805556 | W3: 0.22569444 | X3: 0.26388889 | Y3: 0 | Z3: 60 | AB3: HR- PISNER
B4: Date: | C4: 46238 | J4: LOT WORT COLOUR: | M4: Filter Sheets (Target 20 days) | R4: STAG | S4: 11.6 | T4: 12 | U4: 0 | V4: 0.11805556 | W4: 0.22569444 | X4: 0.26388889 | Y4: 0 | Z4: 60
M5: Double | N5: Single | R5: GUINNESS | S5: 17 | T5: 17.5 | U5: 0 | V5: 0.10763889 | W5: 0.24652778 | X5: 0.28472222 | Y5: 0 | Z5: 60
J6: MALT LOT: Lot #13 | L6: Sheet Day | R6: MACKESON | S6: 13.3 | T6: 13.5 | U6: 0 | V6: 0.12905093 | W6: 0.27430556 | X6: 0.30208333 | Y6: 0
R7: STARMALT | S7: 17 | T7: 17.4 | U7: 0 | V7: 0.13605324 | W7: 0.27430556 | X7: 0.30902778 | Y7: 0 | Z7: 85
B8: Brand | C8: Brew no. | D8: Kett. Hls | E8: Wort | F8: Cool Time(Mins) | G8: Cast. P.G. (Lab Result) | H8: Cast P.G. (Cellar Operator)-gravity | I8: Extr. Rec (77.9%) | J8: Theor. Extr. (77.5%) | K8: Boil Off /Vol. (4-6%) | L8: Boil Time | M8: Total Hot | N8: Brewing Time | O8: Operator | R8: Hurricane Reef | S8: 16.6 | T8: 17 | U8: 0 | V8: 0.12905093 | W8: 0.27430556 | X8: 0.30208333 | Y8: 0
E9: Meter (Hls) | F9: Target(< 60Mins) | M9: Time | R9: VITAMALT | S9: 14.2 | T9: 14.6 | U9: 0 | V9: 0.13905093 | W9: 0.26041667 | X9: 0.29513889 | Y9: 0 | Z9: 75
B10: STAG | C10: =[3]Brewhouse!$A327 -> ST270 | D10: =[3]Brewhouse!$AB327 -> 53.1 | E10: =[3]Brewhouse!$AG327 -> 47.5 | F10: =[3]Brewhouse!$V327 -> 56 | G10: =[3]Brewhouse!$AE327 -> 11.7 | I10: =[3]Brewhouse!$AS327 -> 94.796611 | J10: =[3]Brewhouse!$AT327 -> 95.236111 | K10: =[3]Brewhouse!$Q327 -> 16.525424 | L10: =[3]Brewhouse!$P327 -> 61 | M10: =[3]Brewhouse!$U327-[3]Brewhouse!$T327 -> 0.10833333 | N10: =[3]Brewhouse!$AW327 -> 0.25208333 | O10: =[3]Brewhouse!$AV327 -> D. Gomaz | R10: =B10 -> STAG | S10: =VLOOKUP($B10,$R$3:$X$9,2,FALSE) -> 11.6 | T10: =VLOOKUP($B10,$R$3:$X$9,3,FALSE) -> 12 | U10: =VLOOKUP($B10,$R$3:$X$9,4,FALSE) -> 0 | V10: =VLOOKUP($B10,$R$3:$X$9,5,FALSE) -> 0.11805556 | W10: =VLOOKUP($B10,$R$3:$X$9,6,FALSE) -> 0.22569444 | X10: =VLOOKUP($B10,$R$3:$X$9,7,FALSE) -> 0.26388889 | Y10: =VLOOKUP($B10,$R$3:$Z$9,8,FALSE) -> 0 | Z10: =VLOOKUP($B10,$R$3:$Z$9,9,FALSE) -> 60
B11: STAG | C11: =[3]Brewhouse!$A328 -> ST271 | D11: =[3]Brewhouse!$AB328 -> 53.1 | E11: =[3]Brewhouse!$AG328 -> 49.2 | F11: =[3]Brewhouse!$V328 -> 54 | G11: =[3]Brewhouse!$AE328 -> 11.7 | I11: =[3]Brewhouse!$AS328 -> 98.314397 | J11: =[3]Brewhouse!$AT328 -> 98.770051 | K11: =[3]Brewhouse!$Q328 -> 10.687382 | L11: =[3]Brewhouse!$P328 -> 45 | M11: =[3]Brewhouse!$U328-[3]Brewhouse!$T328 -> 0.11041667 | N11: =[3]Brewhouse!$AW328 -> 0.25555556 | O11: =[3]Brewhouse!$AV328 -> D. Gomaz | R11: =B11 -> STAG | S11: =VLOOKUP($B11,$R$3:$X$9,2,FALSE) -> 11.6 | T11: =VLOOKUP($B11,$R$3:$X$9,3,FALSE) -> 12 | U11: =VLOOKUP($B11,$R$3:$X$9,4,FALSE) -> 0 | V11: =VLOOKUP($B11,$R$3:$X$9,5,FALSE) -> 0.11805556 | W11: =VLOOKUP($B11,$R$3:$X$9,6,FALSE) -> 0.22569444 | X11: =VLOOKUP($B11,$R$3:$X$9,7,FALSE) -> 0.26388889 | Y11: =VLOOKUP($B11,$R$3:$Z$9,8,FALSE) -> 0 | Z11: =VLOOKUP($B11,$R$3:$Z$9,9,FALSE) -> 60
B12: STAG | C12: =[3]Brewhouse!$A329 -> ST272 | D12: =[3]Brewhouse!$AB329 -> 53 | E12: =[3]Brewhouse!$AG329 -> 48.5 | F12: =[3]Brewhouse!$V329 -> 50 | G12: =[3]Brewhouse!$AE329 -> 12 | I12: =[3]Brewhouse!$AS329 -> 99.784867 | J12: =[3]Brewhouse!$AT329 -> 100.24702 | K12: =[3]Brewhouse!$Q329 -> 10.330189 | L12: =[3]Brewhouse!$P329 -> 60 | M12: =[3]Brewhouse!$U329-[3]Brewhouse!$T329 -> 0.11458333 | N12: =[3]Brewhouse!$AW329 -> 0.27430556 | O12: =[3]Brewhouse!$AV329 -> D. Gomaz | R12: =B12 -> STAG | S12: =VLOOKUP($B12,$R$3:$X$9,2,FALSE) -> 11.6 | T12: =VLOOKUP($B12,$R$3:$X$9,3,FALSE) -> 12 | U12: =VLOOKUP($B12,$R$3:$X$9,4,FALSE) -> 0 | V12: =VLOOKUP($B12,$R$3:$X$9,5,FALSE) -> 0.11805556 | W12: =VLOOKUP($B12,$R$3:$X$9,6,FALSE) -> 0.22569444 | X12: =VLOOKUP($B12,$R$3:$X$9,7,FALSE) -> 0.26388889 | Y12: =VLOOKUP($B12,$R$3:$Z$9,8,FALSE) -> 0 | Z12: =VLOOKUP($B12,$R$3:$Z$9,9,FALSE) -> 60
B13: STAG | C13: =[3]Brewhouse!$A330 -> ST273 | D13: =[3]Brewhouse!$AB330 -> 53 | E13: =[3]Brewhouse!$AG330 -> 49.2 | F13: =[3]Brewhouse!$V330 -> 51 | G13: =[3]Brewhouse!$AE330 -> 11.9 | I13: =[3]Brewhouse!$AS330 -> 100.33854 | J13: =[3]Brewhouse!$AT330 -> 100.80325 | K13: =[3]Brewhouse!$Q330 -> 10.707547 | L13: =[3]Brewhouse!$P330 -> 60 | M13: =[3]Brewhouse!$U330-[3]Brewhouse!$T330 -> 0.10972222 | N13: =[3]Brewhouse!$AW330 -> 0.28680556 | O13: =[3]Brewhouse!$AV330 -> D. Gomaz | R13: =B13 -> STAG | S13: =VLOOKUP($B13,$R$3:$X$9,2,FALSE) -> 11.6 | T13: =VLOOKUP($B13,$R$3:$X$9,3,FALSE) -> 12 | U13: =VLOOKUP($B13,$R$3:$X$9,4,FALSE) -> 0 | V13: =VLOOKUP($B13,$R$3:$X$9,5,FALSE) -> 0.11805556 | W13: =VLOOKUP($B13,$R$3:$X$9,6,FALSE) -> 0.22569444 | X13: =VLOOKUP($B13,$R$3:$X$9,7,FALSE) -> 0.26388889 | Y13: =VLOOKUP($B13,$R$3:$Z$9,8,FALSE) -> 0 | Z13: =VLOOKUP($B13,$R$3:$Z$9,9,FALSE) -> 60
R14: =B14 -> 0 | S14: =VLOOKUP($B14,$R$3:$X$9,2,FALSE) -> #N/A | T14: =VLOOKUP($B14,$R$3:$X$9,3,FALSE) -> #N/A | U14: =VLOOKUP($B14,$R$3:$X$9,4,FALSE) -> #N/A | V14: =VLOOKUP($B14,$R$3:$X$9,5,FALSE) -> #N/A | W14: =VLOOKUP($B14,$R$3:$X$9,6,FALSE) -> #N/A | X14: =VLOOKUP($B14,$R$3:$X$9,7,FALSE) -> #N/A | Y14: =VLOOKUP($B14,$R$3:$Z$9,8,FALSE) -> #N/A | Z14: =VLOOKUP($B14,$R$3:$Z$9,9,FALSE) -> #N/A
R15: =B15 -> 0 | S15: =VLOOKUP($B15,$R$3:$X$9,2,FALSE) -> #N/A | T15: =VLOOKUP($B15,$R$3:$X$9,3,FALSE) -> #N/A | U15: =VLOOKUP($B15,$R$3:$X$9,4,FALSE) -> #N/A | V15: =VLOOKUP($B15,$R$3:$X$9,5,FALSE) -> #N/A | W15: =VLOOKUP($B15,$R$3:$X$9,6,FALSE) -> #N/A | X15: =VLOOKUP($B15,$R$3:$X$9,7,FALSE) -> #N/A | Y15: =VLOOKUP($B15,$R$3:$Z$9,8,FALSE) -> #N/A | Z15: =VLOOKUP($B15,$R$3:$Z$9,9,FALSE) -> #N/A
R16: =B16 -> 0 | S16: =VLOOKUP($B16,$R$3:$X$9,2,FALSE) -> #N/A | T16: =VLOOKUP($B16,$R$3:$X$9,3,FALSE) -> #N/A | U16: =VLOOKUP($B16,$R$3:$X$9,4,FALSE) -> #N/A | V16: =VLOOKUP($B16,$R$3:$X$9,5,FALSE) -> #N/A | W16: =VLOOKUP($B16,$R$3:$X$9,6,FALSE) -> #N/A | X16: =VLOOKUP($B16,$R$3:$X$9,7,FALSE) -> #N/A | Y16: =VLOOKUP($B16,$R$3:$Z$9,8,FALSE) -> #N/A | Z16: =VLOOKUP($B16,$R$3:$Z$9,9,FALSE) -> #N/A
R17: =B17 -> 0 | S17: =VLOOKUP($B17,$R$3:$X$9,2,FALSE) -> #N/A | T17: =VLOOKUP($B17,$R$3:$X$9,3,FALSE) -> #N/A | U17: =VLOOKUP($B17,$R$3:$X$9,4,FALSE) -> #N/A | V17: =VLOOKUP($B17,$R$3:$X$9,5,FALSE) -> #N/A | W17: =VLOOKUP($B17,$R$3:$X$9,6,FALSE) -> #N/A | X17: =VLOOKUP($B17,$R$3:$X$9,7,FALSE) -> #N/A | Y17: =VLOOKUP($B17,$R$3:$Z$9,8,FALSE) -> #N/A | Z17: =VLOOKUP($B17,$R$3:$Z$9,9,FALSE) -> #N/A
R18: =B18 -> 0 | S18: =VLOOKUP($B18,$R$3:$X$9,2,FALSE) -> #N/A | T18: =VLOOKUP($B18,$R$3:$X$9,3,FALSE) -> #N/A | U18: =VLOOKUP($B18,$R$3:$X$9,4,FALSE) -> #N/A | V18: =VLOOKUP($B18,$R$3:$X$9,5,FALSE) -> #N/A | W18: =VLOOKUP($B18,$R$3:$X$9,6,FALSE) -> #N/A | X18: =VLOOKUP($B18,$R$3:$X$9,7,FALSE) -> #N/A | Y18: =VLOOKUP($B18,$R$3:$Z$9,8,FALSE) -> #N/A | Z18: =VLOOKUP($B18,$R$3:$Z$9,9,FALSE) -> #N/A
R19: =B19 -> 0 | S19: =VLOOKUP($B19,$R$3:$X$9,2,FALSE) -> #N/A | T19: =VLOOKUP($B19,$R$3:$X$9,3,FALSE) -> #N/A | U19: =VLOOKUP($B19,$R$3:$X$9,4,FALSE) -> #N/A | V19: =VLOOKUP($B19,$R$3:$X$9,5,FALSE) -> #N/A | W19: =VLOOKUP($B19,$R$3:$X$9,6,FALSE) -> #N/A | X19: =VLOOKUP($B19,$R$3:$X$9,7,FALSE) -> #N/A | Y19: =VLOOKUP($B19,$R$3:$Z$9,8,FALSE) -> #N/A | Z19: =VLOOKUP($B19,$R$3:$Z$9,9,FALSE) -> #N/A
R20: =B20 -> 0 | S20: =VLOOKUP($B20,$R$3:$X$9,2,FALSE) -> #N/A | T20: =VLOOKUP($B20,$R$3:$X$9,3,FALSE) -> #N/A | U20: =VLOOKUP($B20,$R$3:$X$9,4,FALSE) -> #N/A | V20: =VLOOKUP($B20,$R$3:$X$9,5,FALSE) -> #N/A | W20: =VLOOKUP($B20,$R$3:$X$9,6,FALSE) -> #N/A | X20: =VLOOKUP($B20,$R$3:$X$9,7,FALSE) -> #N/A | Y20: =VLOOKUP($B20,$R$3:$Z$9,8,FALSE) -> #N/A | Z20: =VLOOKUP($B20,$R$3:$Z$9,9,FALSE) -> #N/A
R21: =B21 -> 0 | S21: =VLOOKUP($B21,$R$3:$X$9,2,FALSE) -> #N/A | T21: =VLOOKUP($B21,$R$3:$X$9,3,FALSE) -> #N/A | U21: =VLOOKUP($B21,$R$3:$X$9,4,FALSE) -> #N/A | V21: =VLOOKUP($B21,$R$3:$X$9,5,FALSE) -> #N/A | W21: =VLOOKUP($B21,$R$3:$X$9,6,FALSE) -> #N/A | X21: =VLOOKUP($B21,$R$3:$X$9,7,FALSE) -> #N/A | Y21: =VLOOKUP($B21,$R$3:$Z$9,8,FALSE) -> #N/A | Z21: =VLOOKUP($B21,$R$3:$Z$9,9,FALSE) -> #N/A
R22: =B22 -> 0 | S22: =VLOOKUP($B22,$R$3:$X$9,2,FALSE) -> #N/A | T22: =VLOOKUP($B22,$R$3:$X$9,3,FALSE) -> #N/A | U22: =VLOOKUP($B22,$R$3:$X$9,4,FALSE) -> #N/A | V22: =VLOOKUP($B22,$R$3:$X$9,5,FALSE) -> #N/A | W22: =VLOOKUP($B22,$R$3:$X$9,6,FALSE) -> #N/A | X22: =VLOOKUP($B22,$R$3:$X$9,7,FALSE) -> #N/A | Y22: =VLOOKUP($B22,$R$3:$Z$9,8,FALSE) -> #N/A | Z22: =VLOOKUP($B22,$R$3:$Z$9,9,FALSE) -> #N/A
R23: =B23 -> 0 | S23: =VLOOKUP($B23,$R$3:$X$9,2,FALSE) -> #N/A | T23: =VLOOKUP($B23,$R$3:$X$9,3,FALSE) -> #N/A | U23: =VLOOKUP($B23,$R$3:$X$9,4,FALSE) -> #N/A | V23: =VLOOKUP($B23,$R$3:$X$9,5,FALSE) -> #N/A | W23: =VLOOKUP($B23,$R$3:$X$9,6,FALSE) -> #N/A | X23: =VLOOKUP($B23,$R$3:$X$9,7,FALSE) -> #N/A | Y23: =VLOOKUP($B23,$R$3:$Z$9,8,FALSE) -> #N/A | Z23: =VLOOKUP($B23,$R$3:$Z$9,9,FALSE) -> #N/A
R24: =B24 -> 0 | S24: =VLOOKUP($B24,$R$3:$X$9,2,FALSE) -> #N/A | T24: =VLOOKUP($B24,$R$3:$X$9,3,FALSE) -> #N/A | U24: =VLOOKUP($B24,$R$3:$X$9,4,FALSE) -> #N/A | V24: =VLOOKUP($B24,$R$3:$X$9,5,FALSE) -> #N/A | W24: =VLOOKUP($B24,$R$3:$X$9,6,FALSE) -> #N/A | X24: =VLOOKUP($B24,$R$3:$X$9,7,FALSE) -> #N/A | Y24: =VLOOKUP($B24,$R$3:$Z$9,8,FALSE) -> #N/A | Z24: =VLOOKUP($B24,$R$3:$Z$9,9,FALSE) -> #N/A
R25: =B25 -> 0 | S25: =VLOOKUP($B25,$R$3:$X$9,2,FALSE) -> #N/A | T25: =VLOOKUP($B25,$R$3:$X$9,3,FALSE) -> #N/A | U25: =VLOOKUP($B25,$R$3:$X$9,4,FALSE) -> #N/A | V25: =VLOOKUP($B25,$R$3:$X$9,5,FALSE) -> #N/A | W25: =VLOOKUP($B25,$R$3:$X$9,6,FALSE) -> #N/A | X25: =VLOOKUP($B25,$R$3:$X$9,7,FALSE) -> #N/A | Y25: =VLOOKUP($B25,$R$3:$Z$9,8,FALSE) -> #N/A | Z25: =VLOOKUP($B25,$R$3:$Z$9,9,FALSE) -> #N/A
R26: =B26 -> 0 | S26: =VLOOKUP($B26,$R$3:$X$9,2,FALSE) -> #N/A | T26: =VLOOKUP($B26,$R$3:$X$9,3,FALSE) -> #N/A | U26: =VLOOKUP($B26,$R$3:$X$9,4,FALSE) -> #N/A | V26: =VLOOKUP($B26,$R$3:$X$9,5,FALSE) -> #N/A | W26: =VLOOKUP($B26,$R$3:$X$9,6,FALSE) -> #N/A | X26: =VLOOKUP($B26,$R$3:$X$9,7,FALSE) -> #N/A | Y26: =VLOOKUP($B26,$R$3:$Z$9,8,FALSE) -> #N/A | Z26: =VLOOKUP($B26,$R$3:$Z$9,9,FALSE) -> #N/A
B27: BRAND | D27: BBT P.G./ O.G | I27: Brand | K27: MTD No. of Brews | L27: MTD | M27: YTD | N27: Target | R27: =B27 -> BRAND | S27: =VLOOKUP($B27,$R$3:$X$9,2,FALSE) -> #N/A | T27: =VLOOKUP($B27,$R$3:$X$9,3,FALSE) -> #N/A | U27: =VLOOKUP($B27,$R$3:$X$9,4,FALSE) -> #N/A | V27: =VLOOKUP($B27,$R$3:$X$9,5,FALSE) -> #N/A | W27: =VLOOKUP($B27,$R$3:$X$9,6,FALSE) -> #N/A | X27: =VLOOKUP($B27,$R$3:$X$9,7,FALSE) -> #N/A | Y27: =VLOOKUP($B27,$R$3:$Z$9,8,FALSE) -> #N/A | Z27: =VLOOKUP($B27,$R$3:$Z$9,9,FALSE) -> #N/A
I28: CARIB | M28: =AVERAGE([4]Brewhouse!$AU$42:$AU$123,[4]Brewhouse!$AU$125:$AU$188,[4]Brewhouse!$AU$198:$AU$290,[4]Brewhouse!$AU$292:$AU$370,[4]Brewhouse!$AU$372:$AU$439,[4]Brewhouse!$AU$441:$AU$497,[4]Brewhouse!$AU$499:$AU$519,[4]Brewhouse!$AU$521:$AU$593) -> 98.168508 | N28: 98 | R28: =B28 -> 0 | S28: =VLOOKUP($B28,$R$3:$X$9,2,FALSE) -> #N/A | T28: =VLOOKUP($B28,$R$3:$X$9,3,FALSE) -> #N/A | U28: =VLOOKUP($B28,$R$3:$X$9,4,FALSE) -> #N/A | V28: =VLOOKUP($B28,$R$3:$X$9,5,FALSE) -> #N/A | W28: =VLOOKUP($B28,$R$3:$X$9,6,FALSE) -> #N/A | X28: =VLOOKUP($B28,$R$3:$X$9,7,FALSE) -> #N/A | Y28: =VLOOKUP($B28,$R$3:$Z$9,8,FALSE) -> #N/A | Z28: =VLOOKUP($B28,$R$3:$Z$9,9,FALSE) -> #N/A
I29: STAG | J29: =AVERAGE(I10:I13) -> 98.308602 | K29: =COUNTA([3]Brewhouse!$A$327:$A$330) -> 4 | L29: =AVERAGE([3]Brewhouse!$AS$327:$AS$330) -> 98.308602 | M29: =AVERAGE([3]Brewhouse!$AS$52:$AS$81,[3]Brewhouse!$AS$83:$AS$124,[3]Brewhouse!$AS$134:$AS$177,[3]Brewhouse!$AS$22:$AS$179,[3]Brewhouse!$AS$214:$AS$249,[3]Brewhouse!$AS$252:$AS$293,[3]Brewhouse!$AS$295:$AS$325,[3]Brewhouse!$AS$327:$AS$330) -> 98.146417 | N29: 98 | R29: =B29 -> 0 | S29: =VLOOKUP($B29,$R$3:$X$9,2,FALSE) -> #N/A | T29: =VLOOKUP($B29,$R$3:$X$9,3,FALSE) -> #N/A | U29: =VLOOKUP($B29,$R$3:$X$9,4,FALSE) -> #N/A | V29: =VLOOKUP($B29,$R$3:$X$9,5,FALSE) -> #N/A | W29: =VLOOKUP($B29,$R$3:$X$9,6,FALSE) -> #N/A | X29: =VLOOKUP($B29,$R$3:$X$9,7,FALSE) -> #N/A | Y29: =VLOOKUP($B29,$R$3:$Z$9,8,FALSE) -> #N/A | Z29: =VLOOKUP($B29,$R$3:$Z$9,9,FALSE) -> #N/A
I30: GUINNESS | M30: =AVERAGE([5]Brewhouse!$AU$16:$AU$23,[5]Brewhouse!$AU$25:$AU$32,[5]Brewhouse!$AU$34:$AU$41,[5]Brewhouse!$AU$43:$AU$60,[5]Brewhouse!$AU$62:$AU$69,[5]Brewhouse!$AU$71:$AU$88) -> 96.520986 | N30: 98 | R30: =B30 -> 0 | S30: =VLOOKUP($B30,$R$3:$X$9,2,FALSE) -> #N/A | T30: =VLOOKUP($B30,$R$3:$X$9,3,FALSE) -> #N/A | U30: =VLOOKUP($B30,$R$3:$X$9,4,FALSE) -> #N/A | V30: =VLOOKUP($B30,$R$3:$X$9,5,FALSE) -> #N/A | W30: =VLOOKUP($B30,$R$3:$X$9,6,FALSE) -> #N/A | X30: =VLOOKUP($B30,$R$3:$X$9,7,FALSE) -> #N/A | Y30: =VLOOKUP($B30,$R$3:$Z$9,8,FALSE) -> #N/A | Z30: =VLOOKUP($B30,$R$3:$Z$9,9,FALSE) -> #N/A
I31: VITAMALT | M31: =AVERAGE([6]Brewhouse!$AV$23:$AV$34,[6]Brewhouse!$AV$36,[6]Brewhouse!$AV$38:$AV$52,[6]Brewhouse!$AV$54:$AV$60,[6]Brewhouse!$AV$62:$AV$69,[6]Brewhouse!$AV$71:$AV$78,[6]Brewhouse!$AV$80:$AV$87) -> 97.513043 | N31: 98 | R31: =B31 -> 0 | S31: =VLOOKUP($B31,$R$3:$X$9,2,FALSE) -> #N/A | T31: =VLOOKUP($B31,$R$3:$X$9,3,FALSE) -> #N/A | U31: =VLOOKUP($B31,$R$3:$X$9,4,FALSE) -> #N/A | V31: =VLOOKUP($B31,$R$3:$X$9,5,FALSE) -> #N/A | W31: =VLOOKUP($B31,$R$3:$X$9,6,FALSE) -> #N/A | X31: =VLOOKUP($B31,$R$3:$X$9,7,FALSE) -> #N/A | Y31: =VLOOKUP($B31,$R$3:$Z$9,8,FALSE) -> #N/A | Z31: =VLOOKUP($B31,$R$3:$Z$9,9,FALSE) -> #N/A
I32: MAXIMALT | N32: 98 | R32: =B32 -> 0 | S32: =VLOOKUP($B32,$R$3:$X$9,2,FALSE) -> #N/A | T32: =VLOOKUP($B32,$R$3:$X$9,3,FALSE) -> #N/A | U32: =VLOOKUP($B32,$R$3:$X$9,4,FALSE) -> #N/A | V32: =VLOOKUP($B32,$R$3:$X$9,5,FALSE) -> #N/A | W32: =VLOOKUP($B32,$R$3:$X$9,6,FALSE) -> #N/A | X32: =VLOOKUP($B32,$R$3:$X$9,7,FALSE) -> #N/A | Y32: =VLOOKUP($B32,$R$3:$Z$9,8,FALSE) -> #N/A | Z32: =VLOOKUP($B32,$R$3:$Z$9,9,FALSE) -> #N/A
I33: MACKESON | M33: =AVERAGE([7]Brewhouse!$AT$4:$AT$11,[7]Brewhouse!$AT$13:$AT$16,[7]Brewhouse!$AT$18:$AT$21) -> 91.832675 | N33: 98 | R33: =B33 -> 0 | S33: =VLOOKUP($B33,$R$3:$X$9,2,FALSE) -> #N/A | T33: =VLOOKUP($B33,$R$3:$X$9,3,FALSE) -> #N/A | U33: =VLOOKUP($B33,$R$3:$X$9,4,FALSE) -> #N/A | V33: =VLOOKUP($B33,$R$3:$X$9,5,FALSE) -> #N/A | W33: =VLOOKUP($B33,$R$3:$X$9,6,FALSE) -> #N/A | X33: =VLOOKUP($B33,$R$3:$X$9,7,FALSE) -> #N/A | Y33: =VLOOKUP($B33,$R$3:$Z$9,8,FALSE) -> #N/A | Z33: =VLOOKUP($B33,$R$3:$Z$9,9,FALSE) -> #N/A
I34: STARMALT | M34: =AVERAGE([8]Brewhouse!$AY$5:$AY$14,[8]Brewhouse!$AY$16:$AY$23,[8]Brewhouse!$AY$42,[8]Brewhouse!$AY$44:$AY$51,[8]Brewhouse!$AY$53:$AY$64,[8]Brewhouse!$AY$66:$AY$73,[8]Brewhouse!$AY$75:$AY$82) -> 98.128467 | N34: 98 | R34: =B34 -> 0 | S34: =VLOOKUP($B34,$R$3:$X$9,2,FALSE) -> #N/A | T34: =VLOOKUP($B34,$R$3:$X$9,3,FALSE) -> #N/A | U34: =VLOOKUP($B34,$R$3:$X$9,4,FALSE) -> #N/A | V34: =VLOOKUP($B34,$R$3:$X$9,5,FALSE) -> #N/A | W34: =VLOOKUP($B34,$R$3:$X$9,6,FALSE) -> #N/A | X34: =VLOOKUP($B34,$R$3:$X$9,7,FALSE) -> #N/A | Y34: =VLOOKUP($B34,$R$3:$Z$9,8,FALSE) -> #N/A | Z34: =VLOOKUP($B34,$R$3:$Z$9,9,FALSE) -> #N/A
I35: HR- Pils | N35: 98 | R35: =B35 -> 0 | S35: =VLOOKUP($B35,$R$3:$X$9,2,FALSE) -> #N/A | T35: =VLOOKUP($B35,$R$3:$X$9,3,FALSE) -> #N/A | U35: =VLOOKUP($B35,$R$3:$X$9,4,FALSE) -> #N/A | V35: =VLOOKUP($B35,$R$3:$X$9,5,FALSE) -> #N/A | W35: =VLOOKUP($B35,$R$3:$X$9,6,FALSE) -> #N/A | X35: =VLOOKUP($B35,$R$3:$X$9,7,FALSE) -> #N/A | Y35: =VLOOKUP($B35,$R$3:$Z$9,8,FALSE) -> #N/A | Z35: =VLOOKUP($B35,$R$3:$Z$9,9,FALSE) -> #N/A
I36: HR- IPA | N36: 98 | R36: =B36 -> 0 | S36: =VLOOKUP($B36,$R$3:$X$9,2,FALSE) -> #N/A | T36: =VLOOKUP($B36,$R$3:$X$9,3,FALSE) -> #N/A | U36: =VLOOKUP($B36,$R$3:$X$9,4,FALSE) -> #N/A | V36: =VLOOKUP($B36,$R$3:$X$9,5,FALSE) -> #N/A | W36: =VLOOKUP($B36,$R$3:$X$9,6,FALSE) -> #N/A | X36: =VLOOKUP($B36,$R$3:$X$9,7,FALSE) -> #N/A | Y36: =VLOOKUP($B36,$R$3:$Z$9,8,FALSE) -> #N/A | Z36: =VLOOKUP($B36,$R$3:$Z$9,9,FALSE) -> #N/A
I37: HR- APA | N37: 98 | R37: =B37 -> 0 | S37: =VLOOKUP($B37,$R$3:$X$9,2,FALSE) -> #N/A | T37: =VLOOKUP($B37,$R$3:$X$9,3,FALSE) -> #N/A | U37: =VLOOKUP($B37,$R$3:$X$9,4,FALSE) -> #N/A | V37: =VLOOKUP($B37,$R$3:$X$9,5,FALSE) -> #N/A | W37: =VLOOKUP($B37,$R$3:$X$9,6,FALSE) -> #N/A | X37: =VLOOKUP($B37,$R$3:$X$9,7,FALSE) -> #N/A | Y37: =VLOOKUP($B37,$R$3:$Z$9,8,FALSE) -> #N/A | Z37: =VLOOKUP($B37,$R$3:$Z$9,9,FALSE) -> #N/A
K38: =SUM(K28:K37) -> 4 | L38: =((L28*K28)+(L29*K29)+(L30*K30)+(L31*K31)+(L32*K32)+(K35*L35)+(L33*K33)+(L34*K34)+(L37*K37))/(K38) -> 98.308602 | M38: =AVERAGE('[9]Jan30th-31st'!$L$42,'[10]Feb 27th-28th'!$L$45,'[11]Mar 31st'!$L$42,'[12]Apr 30th'!$L$41,'[13]May 29th '!$L$35,'[14]June 30th'!$L$32,L38) -> 97.947806 | N38: 98 | R38: =B38 -> 0 | S38: =VLOOKUP($B38,$R$3:$X$9,2,FALSE) -> #N/A | T38: =VLOOKUP($B38,$R$3:$X$9,3,FALSE) -> #N/A | U38: =VLOOKUP($B38,$R$3:$X$9,4,FALSE) -> #N/A | V38: =VLOOKUP($B38,$R$3:$X$9,5,FALSE) -> #N/A | W38: =VLOOKUP($B38,$R$3:$X$9,6,FALSE) -> #N/A | X38: =VLOOKUP($B38,$R$3:$X$9,7,FALSE) -> #N/A | Y38: =VLOOKUP($B38,$R$3:$Z$9,8,FALSE) -> #N/A | Z38: =VLOOKUP($B38,$R$3:$Z$9,9,FALSE) -> #N/A
R39: =B39 -> 0 | S39: =VLOOKUP($B39,$R$3:$X$9,2,FALSE) -> #N/A | T39: =VLOOKUP($B39,$R$3:$X$9,3,FALSE) -> #N/A | U39: =VLOOKUP($B39,$R$3:$X$9,4,FALSE) -> #N/A | V39: =VLOOKUP($B39,$R$3:$X$9,5,FALSE) -> #N/A | W39: =VLOOKUP($B39,$R$3:$X$9,6,FALSE) -> #N/A | X39: =VLOOKUP($B39,$R$3:$X$9,7,FALSE) -> #N/A | Y39: =VLOOKUP($B39,$R$3:$Z$9,8,FALSE) -> #N/A | Z39: =VLOOKUP($B39,$R$3:$Z$9,9,FALSE) -> #N/A
J40: Daily Brewing Plan
J41: Brand | L41: Average Brews per day
J42: CARIB | L42: MTD | M42: YTD | N42: TARGET
J43: STAG | K43: 4 | L43: =AVERAGE(K52) -> 4 | M43: =AVERAGE('[9]Jan30th-31st'!$L$47,L43,'[10]Feb 26th '!$L$39,'[11]Mar 31st'!$L$47,'[12]Apr 30th'!$L$46,'[13]May 29th '!$L$40,'[14]June 30th'!$L$39) -> 6.0085263 | N43: 9.2
J44: GUINN
J45: VITAMALT
J46: STARMALT
J47: MACKESON
J48: HURRICANE REEF- IPA
J49: HURRICANE REEF- APA
B50: AVERAGE | J50: HR- PILSNER
J51: CARIBE
J52: Total | K52: =SUM(K42:K51) -> 4
B53: Process: | C53: Fermentation/Filtration
B55: Brand | C55: Filt. Date | D55: FV Hls | E55: GFE/ Prim/ Vita Blend (Hls) | F55: SV Hls | G55: BBT Hls | H55: Loss (%) Ferm | I55: Loss (%) Filt | J55: Comments | K55: Throughput | L55: Process Loss (%) | M55: Filt. Operator
AB56: 43474 | AC56: 43475 | AD56: 43476 | AE56: 43477 | AF56: 43478 | AG56: 43479 | AH56: 43480 | AI56: 43481 | AJ56: 43482 | AK56: 43483 | AL56: 43484 | AM56: 43485 | AN56: 43486 | AO56: 43487 | AP56: 43488 | AQ56: 43489 | AR56: 43490 | AS56: 43491 | AT56: 43492 | AU56: 43493 | AV56: 43494 | AW56: 43495 | AX56: 43496
B57: =J43 -> STAG | C57: 46218 | D57: =[35]July_2026!$R$13 -> 195.68 | G57: =[35]July_2026!$R$17 -> 184 | J57: 2 BREAKS | K57: =[36]July_2026!$R$25 -> 0.32280702 | L57: =(((D57+E57)-G57)/(D57+E57))*100 -> 5.9689289 | M57: J. Nelson | AB57: =[16]January_2019!L5 -> 0 | AC57: =[16]January_2019!M5 -> 0 | AD57: =[16]January_2019!N5 -> 0 | AE57: =[16]January_2019!O5 -> 0 | AF57: =[16]January_2019!P5 -> 0 | AG57: =[16]January_2019!Q5 -> 0 | AH57: =[16]January_2019!R5 -> 0 | AI57: =[16]January_2019!S5 -> 0 | ... AX57: =[16]January_2019!AH5 -> 0
AB58: =[16]January_2019!L6 -> 0 | AC58: =[16]January_2019!M6 -> 0 | AD58: =[16]January_2019!N6 -> 0 | AE58: =[16]January_2019!O6 -> 0 | AF58: =[16]January_2019!P6 -> 0 | AG58: =[16]January_2019!Q6 -> 0 | AH58: =[16]January_2019!R6 -> 0 | AI58: =[16]January_2019!S6 -> 0 | ... AX58: =[16]January_2019!AH6 -> 0
B59: =J42 -> CARIB | C59: 46234 | J59: 2 SBF | L59: =(((D59+E59)-G59)/(D59+E59))*100 -> #DIV/0! | M59: J. Nelson | AB59: =[16]January_2019!L7 -> 285.8 | AC59: =[16]January_2019!M7 -> 508.1 | AD59: =[16]January_2019!N7 -> 0 | AE59: =[16]January_2019!O7 -> 0 | AF59: =[16]January_2019!P7 -> 109.56667 | AG59: =[16]January_2019!Q7 -> 297.65 | AH59: =[16]January_2019!R7 -> 122.3 | AI59: =[16]January_2019!S7 -> 0 | ... AX59: =[16]January_2019!AH7 -> 0
B68: Process Loss (Volume) | G68: Process Loss (Extract) | K68: Throughput
B69: Brand | C69: Actual | D69: MTD | E69: YTD | F69: Target | G69: Actual | H69: MTD | I69: YTD | J69: Target | L69: MTD | M69: YTD | N69: Target
B70: CARIB | E70: 6.3344329 | F70: 4.8 | H70: 8.5339626 | I70: 6.6324832 | J70: 4.8 | L70: 0.63472962 | M70: 0.53783143 | N70: 1
B71: STAG | E71: 5.7126344 | F71: 4.8 | H71: 6.3200151 | I71: 5.7445832 | J71: 4.8 | L71: 0.73307711 | M71: 0.70311528 | N71: 1
B72: GUINN | D72: 11.80245 | E72: 11.629599 | F72: 5.5 | H72: 12.660283 | I72: 12.698129 | J72: 5.5 | L72: 0.73473684 | M72: 0.3423617 | N72: 1
B73: VITAMALT | D73: 5.2821235 | E73: 4.8685538 | F73: 3.3 | H73: 6.0437242 | I73: 5.0921773 | J73: 3.3 | L73: 0.98070175 | M73: 0.79040936 | N73: 1
B74: APA | F74: 3.3 | J74: 3 | N74: 1
B75: MACKESON | D75: 8.8040712 | E75: 6.0400198 | F75: 5.5 | H75: 10.492755 | I75: 8.2405788 | J75: 5.5 | L75: 0.31438596 | M75: 0.78491228 | N75: 1
B76: STARMALT | D76: 2.6353276 | E76: 3.6168923 | F76: 3.3 | H76: 5.2739366 | I76: 4.9259238 | J76: 3.3 | L76: 1.4389474 | M76: 0.88846199 | N76: 1
B77: IPA | F77: 7.5 | J77: 7.5 | N77: 1
B78: HURRICANE REEF PILS | F78: 4.8 | J78: 4.8 | N78: 1
D79: 5.781379 | E79: 6.208135 | F79: 5.5 | H79: 7.8196578 | I79: 6.6906545 | J79: 5.5 | L79: 0.7160085 | M79: 0.6066106 | N79: 1

Sheet Aug 3rd 
S1: P.G. | U1: Hot Time | W1: Process Time | Y1: Cooling Time
B2: Brewing Department Daily Process Loss Report | S2: Lower | T2: Upper | U2: Lower | V2: Upper | W2: Lower | X2: Upper | Y2: Lower | Z2: Upper
R3: CARIB | S3: 11.6 | T3: 12 | U3: 0 | V3: 0.11805556 | W3: 0.22569444 | X3: 0.26388889 | Y3: 0 | Z3: 60 | AB3: HR- PISNER
B4: Date: | C4: 46238 | J4: LOT WORT COLOUR: | M4: Filter Sheets (Target 20 days) | R4: STAG | S4: 11.6 | T4: 12 | U4: 0 | V4: 0.11805556 | W4: 0.22569444 | X4: 0.26388889 | Y4: 0 | Z4: 60
M5: Double | N5: Single | R5: GUINNESS | S5: 17 | T5: 17.5 | U5: 0 | V5: 0.10763889 | W5: 0.24652778 | X5: 0.28472222 | Y5: 0 | Z5: 60
J6: MALT LOT: Lot #13 | L6: Sheet Day | R6: MACKESON | S6: 13.3 | T6: 13.5 | U6: 0 | V6: 0.12905093 | W6: 0.27430556 | X6: 0.30208333 | Y6: 0
R7: STARMALT | S7: 17 | T7: 17.4 | U7: 0 | V7: 0.13605324 | W7: 0.27430556 | X7: 0.30902778 | Y7: 0 | Z7: 85
B8: Brand | C8: Brew no. | D8: Kett. Hls | E8: Wort | F8: Cool Time(Mins) | G8: Cast. P.G. (Lab Result) | H8: Cast P.G. (Cellar Operator)-gravity | I8: Extr. Rec (77.9%) | J8: Theor. Extr. (77.5%) | K8: Boil Off /Vol. (4-6%) | L8: Boil Time | M8: Total Hot | N8: Brewing Time | O8: Operator | R8: Hurricane Reef | S8: 16.6 | T8: 17 | U8: 0 | V8: 0.12905093 | W8: 0.27430556 | X8: 0.30208333 | Y8: 0
E9: Meter (Hls) | F9: Target(< 60Mins) | M9: Time | R9: VITAMALT | S9: 14.2 | T9: 14.6 | U9: 0 | V9: 0.13905093 | W9: 0.26041667 | X9: 0.29513889 | Y9: 0 | Z9: 75
B10: STAG | C10: =[3]Brewhouse!$A331 -> ST274 | D10: =[3]Brewhouse!$AB331 -> 53 | E10: =[3]Brewhouse!$AG331 -> 50.1 | F10: =[3]Brewhouse!$V331 -> 60 | G10: =[3]Brewhouse!$AE331 -> 12 | H10: 12.3 | I10: =[3]Brewhouse!$AS331 -> 102.03438 | J10: =[3]Brewhouse!$AT331 -> 102.50824 | K10: =[3]Brewhouse!$Q331 -> 11.462264 | L10: =[3]Brewhouse!$P331 -> 92 | M10: =[3]Brewhouse!$U331-[3]Brewhouse!$T331 -> 0.11319444 | N10: =[3]Brewhouse!$AW331 -> 0.26597222 | O10: =[3]Brewhouse!$AV331 -> K. Benjamin | R10: =B10 -> STAG | S10: =VLOOKUP($B10,$R$3:$X$9,2,FALSE) -> 11.6 | T10: =VLOOKUP($B10,$R$3:$X$9,3,FALSE) -> 12 | U10: =VLOOKUP($B10,$R$3:$X$9,4,FALSE) -> 0 | V10: =VLOOKUP($B10,$R$3:$X$9,5,FALSE) -> 0.11805556 | W10: =VLOOKUP($B10,$R$3:$X$9,6,FALSE) -> 0.22569444 | X10: =VLOOKUP($B10,$R$3:$X$9,7,FALSE) -> 0.26388889 | Y10: =VLOOKUP($B10,$R$3:$Z$9,8,FALSE) -> 0 | Z10: =VLOOKUP($B10,$R$3:$Z$9,9,FALSE) -> 60
B11: STAG | C11: =[3]Brewhouse!$A332 -> ST275 | D11: =[3]Brewhouse!$AB332 -> 53 | E11: =[3]Brewhouse!$AG332 -> 50 | F11: =[3]Brewhouse!$V332 -> 60 | G11: =[3]Brewhouse!$AE332 -> 11.7 | H11: 11.8 | I11: =[3]Brewhouse!$AS332 -> 99.155232 | J11: =[3]Brewhouse!$AT332 -> 99.615716 | K11: =[3]Brewhouse!$Q332 -> 8.4433962 | L11: =[3]Brewhouse!$P332 -> 96 | M11: =[3]Brewhouse!$U332-[3]Brewhouse!$T332 -> 0.11458333 | N11: =[3]Brewhouse!$AW332 -> 0.26458333 | O11: =[3]Brewhouse!$AV332 -> K. Benjamin | R11: =B11 -> STAG | S11: =VLOOKUP($B11,$R$3:$X$9,2,FALSE) -> 11.6 | T11: =VLOOKUP($B11,$R$3:$X$9,3,FALSE) -> 12 | U11: =VLOOKUP($B11,$R$3:$X$9,4,FALSE) -> 0 | V11: =VLOOKUP($B11,$R$3:$X$9,5,FALSE) -> 0.11805556 | W11: =VLOOKUP($B11,$R$3:$X$9,6,FALSE) -> 0.22569444 | X11: =VLOOKUP($B11,$R$3:$X$9,7,FALSE) -> 0.26388889 | Y11: =VLOOKUP($B11,$R$3:$Z$9,8,FALSE) -> 0 | Z11: =VLOOKUP($B11,$R$3:$Z$9,9,FALSE) -> 60
B12: STAG | C12: =[3]Brewhouse!$A333 -> ST276 | D12: =[3]Brewhouse!$AB333 -> 53.1 | E12: =[3]Brewhouse!$AG333 -> 48.7 | F12: =[3]Brewhouse!$V333 -> 56 | G12: =[3]Brewhouse!$AE333 -> 11.8 | H12: 11.9 | I12: =[3]Brewhouse!$AS333 -> 97.692816 | J12: =[3]Brewhouse!$AT333 -> 98.146204 | K12: =[3]Brewhouse!$Q333 -> 15.207156 | L12: =[3]Brewhouse!$P333 -> 92 | M12: =[3]Brewhouse!$U333-[3]Brewhouse!$T333 -> 0.11736111 | N12: =[3]Brewhouse!$AW333 -> 0.26041667 | O12: =[3]Brewhouse!$AV333 -> K. Benjamin | R12: =B12 -> STAG | S12: =VLOOKUP($B12,$R$3:$X$9,2,FALSE) -> 11.6 | T12: =VLOOKUP($B12,$R$3:$X$9,3,FALSE) -> 12 | U12: =VLOOKUP($B12,$R$3:$X$9,4,FALSE) -> 0 | V12: =VLOOKUP($B12,$R$3:$X$9,5,FALSE) -> 0.11805556 | W12: =VLOOKUP($B12,$R$3:$X$9,6,FALSE) -> 0.22569444 | X12: =VLOOKUP($B12,$R$3:$X$9,7,FALSE) -> 0.26388889 | Y12: =VLOOKUP($B12,$R$3:$Z$9,8,FALSE) -> 0 | Z12: =VLOOKUP($B12,$R$3:$Z$9,9,FALSE) -> 60
B13: STAG | C13: =[3]Brewhouse!$A334 -> ST277 | D13: =[3]Brewhouse!$AB334 -> 53.1 | E13: =[3]Brewhouse!$AG334 -> 49.5 | F13: =[3]Brewhouse!$V334 -> 60 | G13: =[3]Brewhouse!$AE334 -> 11.9 | H13: 11.9 | I13: =[3]Brewhouse!$AS334 -> 99.929503 | J13: =[3]Brewhouse!$AT334 -> 100.39358 | K13: =[3]Brewhouse!$Q334 -> 17.090395 | L13: =[3]Brewhouse!$P334 -> 84 | M13: =[3]Brewhouse!$U334-[3]Brewhouse!$T334 -> 0.12013889 | N13: =[3]Brewhouse!$AW334 -> 0.25833333 | O13: =[3]Brewhouse!$AV334 -> R. Regis | R13: =B13 -> STAG | S13: =VLOOKUP($B13,$R$3:$X$9,2,FALSE) -> 11.6 | T13: =VLOOKUP($B13,$R$3:$X$9,3,FALSE) -> 12 | U13: =VLOOKUP($B13,$R$3:$X$9,4,FALSE) -> 0 | V13: =VLOOKUP($B13,$R$3:$X$9,5,FALSE) -> 0.11805556 | W13: =VLOOKUP($B13,$R$3:$X$9,6,FALSE) -> 0.22569444 | X13: =VLOOKUP($B13,$R$3:$X$9,7,FALSE) -> 0.26388889 | Y13: =VLOOKUP($B13,$R$3:$Z$9,8,FALSE) -> 0 | Z13: =VLOOKUP($B13,$R$3:$Z$9,9,FALSE) -> 60
B14: STAG | C14: =[3]Brewhouse!$A335 -> ST278 | D14: =[3]Brewhouse!$AB335 -> 53.1 | E14: =[3]Brewhouse!$AG335 -> 51.2 | F14: =[3]Brewhouse!$V335 -> 64 | G14: =[3]Brewhouse!$AE335 -> 11.8 | H14: 11.8 | I14: =[3]Brewhouse!$AS335 -> 102.31886 | J14: =[3]Brewhouse!$AT335 -> 102.79419 | K14: =[3]Brewhouse!$Q335 -> 8.6158192 | L14: =[3]Brewhouse!$P335 -> 82 | M14: =[3]Brewhouse!$U335-[3]Brewhouse!$T335 -> 0.13333333 | N14: =[3]Brewhouse!$AW335 -> 0.27430556 | O14: =[3]Brewhouse!$AV335 -> R. Regis | R14: =B14 -> STAG | S14: =VLOOKUP($B14,$R$3:$X$9,2,FALSE) -> 11.6 | T14: =VLOOKUP($B14,$R$3:$X$9,3,FALSE) -> 12 | U14: =VLOOKUP($B14,$R$3:$X$9,4,FALSE) -> 0 | V14: =VLOOKUP($B14,$R$3:$X$9,5,FALSE) -> 0.11805556 | W14: =VLOOKUP($B14,$R$3:$X$9,6,FALSE) -> 0.22569444 | X14: =VLOOKUP($B14,$R$3:$X$9,7,FALSE) -> 0.26388889 | Y14: =VLOOKUP($B14,$R$3:$Z$9,8,FALSE) -> 0 | Z14: =VLOOKUP($B14,$R$3:$Z$9,9,FALSE) -> 60
R15: =B15 -> 0 | S15: =VLOOKUP($B15,$R$3:$X$9,2,FALSE) -> #N/A | T15: =VLOOKUP($B15,$R$3:$X$9,3,FALSE) -> #N/A | U15: =VLOOKUP($B15,$R$3:$X$9,4,FALSE) -> #N/A | V15: =VLOOKUP($B15,$R$3:$X$9,5,FALSE) -> #N/A | W15: =VLOOKUP($B15,$R$3:$X$9,6,FALSE) -> #N/A | X15: =VLOOKUP($B15,$R$3:$X$9,7,FALSE) -> #N/A | Y15: =VLOOKUP($B15,$R$3:$Z$9,8,FALSE) -> #N/A | Z15: =VLOOKUP($B15,$R$3:$Z$9,9,FALSE) -> #N/A
R16: =B16 -> 0 | S16: =VLOOKUP($B16,$R$3:$X$9,2,FALSE) -> #N/A | T16: =VLOOKUP($B16,$R$3:$X$9,3,FALSE) -> #N/A | U16: =VLOOKUP($B16,$R$3:$X$9,4,FALSE) -> #N/A | V16: =VLOOKUP($B16,$R$3:$X$9,5,FALSE) -> #N/A | W16: =VLOOKUP($B16,$R$3:$X$9,6,FALSE) -> #N/A | X16: =VLOOKUP($B16,$R$3:$X$9,7,FALSE) -> #N/A | Y16: =VLOOKUP($B16,$R$3:$Z$9,8,FALSE) -> #N/A | Z16: =VLOOKUP($B16,$R$3:$Z$9,9,FALSE) -> #N/A
B17: STARMALT | C17: =[8]Brewhouse!$A84 -> SM073 | D17: =[8]Brewhouse!$AH84 -> 53.1 | E17: =[8]Brewhouse!$AM84 -> 47.1 | F17: =[8]Brewhouse!$Z84 -> 58 | G17: =[8]Brewhouse!$AK84 -> 17.2 | H17: 17.5 | I17: =[8]Brewhouse!$AY84 -> 89.865899 | J17: =[8]Brewhouse!$AZ84 -> 90.10828 | K17: =[8]Brewhouse!$U84 -> 20.112994 | L17: =[8]Brewhouse!$T84 -> 59 | M17: =[8]Brewhouse!$Y84-[8]Brewhouse!$X84 -> 0.1375 | N17: =[8]Brewhouse!$AD84 -> 0.3 | O17: =[8]Brewhouse!$BC84 -> D. Gomaz | R17: =B17 -> STARMALT | S17: =VLOOKUP($B17,$R$3:$X$9,2,FALSE) -> 17 | T17: =VLOOKUP($B17,$R$3:$X$9,3,FALSE) -> 17.4 | U17: =VLOOKUP($B17,$R$3:$X$9,4,FALSE) -> 0 | V17: =VLOOKUP($B17,$R$3:$X$9,5,FALSE) -> 0.13605324 | W17: =VLOOKUP($B17,$R$3:$X$9,6,FALSE) -> 0.27430556 | X17: =VLOOKUP($B17,$R$3:$X$9,7,FALSE) -> 0.30902778 | Y17: =VLOOKUP($B17,$R$3:$Z$9,8,FALSE) -> 0 | Z17: =VLOOKUP($B17,$R$3:$Z$9,9,FALSE) -> 85
B18: STARMALT | C18: =[8]Brewhouse!$A85 -> SM074 | D18: =[8]Brewhouse!$AH85 -> 53 | E18: =[8]Brewhouse!$AM85 -> 50.5 | F18: =[8]Brewhouse!$Z85 -> 63 | G18: =[8]Brewhouse!$AK85 -> 17.3 | H18: 17.4 | I18: =[8]Brewhouse!$AY85 -> 97.693621 | J18: =[8]Brewhouse!$AZ85 -> 97.954843 | K18: =[8]Brewhouse!$U85 -> 11.849057 | L18: =[8]Brewhouse!$T85 -> 60 | M18: =[8]Brewhouse!$Y85-[8]Brewhouse!$X85 -> 0.15486111 | N18: =[8]Brewhouse!$AD85 -> 0.32916667 | O18: =[8]Brewhouse!$BC85 -> D. Gomaz | R18: =B18 -> STARMALT | S18: =VLOOKUP($B18,$R$3:$X$9,2,FALSE) -> 17 | T18: =VLOOKUP($B18,$R$3:$X$9,3,FALSE) -> 17.4 | U18: =VLOOKUP($B18,$R$3:$X$9,4,FALSE) -> 0 | V18: =VLOOKUP($B18,$R$3:$X$9,5,FALSE) -> 0.13605324 | W18: =VLOOKUP($B18,$R$3:$X$9,6,FALSE) -> 0.27430556 | X18: =VLOOKUP($B18,$R$3:$X$9,7,FALSE) -> 0.30902778 | Y18: =VLOOKUP($B18,$R$3:$Z$9,8,FALSE) -> 0 | Z18: =VLOOKUP($B18,$R$3:$Z$9,9,FALSE) -> 85
B19: STARMALT | C19: =[8]Brewhouse!$A86 -> SM075 | D19: =[8]Brewhouse!$AH86 -> 53 | E19: =[8]Brewhouse!$AM86 -> 50.2 | F19: =[8]Brewhouse!$Z86 -> 70 | G19: =[8]Brewhouse!$AK86 -> 17.6 | H19: 17.8 | I19: =[8]Brewhouse!$AY86 -> 98.098377 | J19: =[8]Brewhouse!$AZ86 -> 98.363213 | K19: =[8]Brewhouse!$U86 -> 14.490566 | L19: =[8]Brewhouse!$T86 -> 62 | M19: =[8]Brewhouse!$Y86-[8]Brewhouse!$X86 -> 0.14236111 | N19: =[8]Brewhouse!$AD86 -> 0.31944444 | O19: =[8]Brewhouse!$BC86 -> D. Gomaz | R19: =B19 -> STARMALT | S19: =VLOOKUP($B19,$R$3:$X$9,2,FALSE) -> 17 | T19: =VLOOKUP($B19,$R$3:$X$9,3,FALSE) -> 17.4 | U19: =VLOOKUP($B19,$R$3:$X$9,4,FALSE) -> 0 | V19: =VLOOKUP($B19,$R$3:$X$9,5,FALSE) -> 0.13605324 | W19: =VLOOKUP($B19,$R$3:$X$9,6,FALSE) -> 0.27430556 | X19: =VLOOKUP($B19,$R$3:$X$9,7,FALSE) -> 0.30902778 | Y19: =VLOOKUP($B19,$R$3:$Z$9,8,FALSE) -> 0 | Z19: =VLOOKUP($B19,$R$3:$Z$9,9,FALSE) -> 85
R20: =B20 -> 0 | S20: =VLOOKUP($B20,$R$3:$X$9,2,FALSE) -> #N/A | T20: =VLOOKUP($B20,$R$3:$X$9,3,FALSE) -> #N/A | U20: =VLOOKUP($B20,$R$3:$X$9,4,FALSE) -> #N/A | V20: =VLOOKUP($B20,$R$3:$X$9,5,FALSE) -> #N/A | W20: =VLOOKUP($B20,$R$3:$X$9,6,FALSE) -> #N/A | X20: =VLOOKUP($B20,$R$3:$X$9,7,FALSE) -> #N/A | Y20: =VLOOKUP($B20,$R$3:$Z$9,8,FALSE) -> #N/A | Z20: =VLOOKUP($B20,$R$3:$Z$9,9,FALSE) -> #N/A
R21: =B21 -> 0 | S21: =VLOOKUP($B21,$R$3:$X$9,2,FALSE) -> #N/A | T21: =VLOOKUP($B21,$R$3:$X$9,3,FALSE) -> #N/A | U21: =VLOOKUP($B21,$R$3:$X$9,4,FALSE) -> #N/A | V21: =VLOOKUP($B21,$R$3:$X$9,5,FALSE) -> #N/A | W21: =VLOOKUP($B21,$R$3:$X$9,6,FALSE) -> #N/A | X21: =VLOOKUP($B21,$R$3:$X$9,7,FALSE) -> #N/A | Y21: =VLOOKUP($B21,$R$3:$Z$9,8,FALSE) -> #N/A | Z21: =VLOOKUP($B21,$R$3:$Z$9,9,FALSE) -> #N/A
B22: BRAND | D22: BBT P.G./ O.G | I22: Brand | K22: MTD No. of Brews | L22: MTD | M22: YTD | N22: Target | R22: =B22 -> BRAND | S22: =VLOOKUP($B22,$R$3:$X$9,2,FALSE) -> #N/A | T22: =VLOOKUP($B22,$R$3:$X$9,3,FALSE) -> #N/A | U22: =VLOOKUP($B22,$R$3:$X$9,4,FALSE) -> #N/A | V22: =VLOOKUP($B22,$R$3:$X$9,5,FALSE) -> #N/A | W22: =VLOOKUP($B22,$R$3:$X$9,6,FALSE) -> #N/A | X22: =VLOOKUP($B22,$R$3:$X$9,7,FALSE) -> #N/A | Y22: =VLOOKUP($B22,$R$3:$Z$9,8,FALSE) -> #N/A | Z22: =VLOOKUP($B22,$R$3:$Z$9,9,FALSE) -> #N/A
I23: CARIB | M23: =AVERAGE([4]Brewhouse!$AU$42:$AU$123,[4]Brewhouse!$AU$125:$AU$188,[4]Brewhouse!$AU$198:$AU$290,[4]Brewhouse!$AU$292:$AU$370,[4]Brewhouse!$AU$372:$AU$439,[4]Brewhouse!$AU$441:$AU$497,[4]Brewhouse!$AU$499:$AU$519,[4]Brewhouse!$AU$521:$AU$593) -> 98.168508 | N23: 98 | R23: =B23 -> 0 | S23: =VLOOKUP($B23,$R$3:$X$9,2,FALSE) -> #N/A | T23: =VLOOKUP($B23,$R$3:$X$9,3,FALSE) -> #N/A | U23: =VLOOKUP($B23,$R$3:$X$9,4,FALSE) -> #N/A | V23: =VLOOKUP($B23,$R$3:$X$9,5,FALSE) -> #N/A | W23: =VLOOKUP($B23,$R$3:$X$9,6,FALSE) -> #N/A | X23: =VLOOKUP($B23,$R$3:$X$9,7,FALSE) -> #N/A | Y23: =VLOOKUP($B23,$R$3:$Z$9,8,FALSE) -> #N/A | Z23: =VLOOKUP($B23,$R$3:$Z$9,9,FALSE) -> #N/A
I24: STAG | J24: =AVERAGE(I10:I14) -> 100.22616 | K24: =COUNTA([3]Brewhouse!$A$327:$A$335) -> 9 | L24: =AVERAGE([3]Brewhouse!$AS$327:$AS$335) -> 99.373911 | M24: =AVERAGE([3]Brewhouse!$AS$52:$AS$81,[3]Brewhouse!$AS$83:$AS$124,[3]Brewhouse!$AS$134:$AS$177,[3]Brewhouse!$AS$22:$AS$179,[3]Brewhouse!$AS$214:$AS$249,[3]Brewhouse!$AS$252:$AS$293,[3]Brewhouse!$AS$295:$AS$325,[3]Brewhouse!$AS$327:$AS$335) -> 98.172944 | N24: 98 | R24: =B24 -> 0 | S24: =VLOOKUP($B24,$R$3:$X$9,2,FALSE) -> #N/A | T24: =VLOOKUP($B24,$R$3:$X$9,3,FALSE) -> #N/A | U24: =VLOOKUP($B24,$R$3:$X$9,4,FALSE) -> #N/A | V24: =VLOOKUP($B24,$R$3:$X$9,5,FALSE) -> #N/A | W24: =VLOOKUP($B24,$R$3:$X$9,6,FALSE) -> #N/A | X24: =VLOOKUP($B24,$R$3:$X$9,7,FALSE) -> #N/A | Y24: =VLOOKUP($B24,$R$3:$Z$9,8,FALSE) -> #N/A | Z24: =VLOOKUP($B24,$R$3:$Z$9,9,FALSE) -> #N/A
I25: GUINNESS | M25: =AVERAGE([5]Brewhouse!$AU$16:$AU$23,[5]Brewhouse!$AU$25:$AU$32,[5]Brewhouse!$AU$34:$AU$41,[5]Brewhouse!$AU$43:$AU$60,[5]Brewhouse!$AU$62:$AU$69,[5]Brewhouse!$AU$71:$AU$88) -> 96.520986 | N25: 98 | R25: =B25 -> 0 | S25: =VLOOKUP($B25,$R$3:$X$9,2,FALSE) -> #N/A | T25: =VLOOKUP($B25,$R$3:$X$9,3,FALSE) -> #N/A | U25: =VLOOKUP($B25,$R$3:$X$9,4,FALSE) -> #N/A | V25: =VLOOKUP($B25,$R$3:$X$9,5,FALSE) -> #N/A | W25: =VLOOKUP($B25,$R$3:$X$9,6,FALSE) -> #N/A | X25: =VLOOKUP($B25,$R$3:$X$9,7,FALSE) -> #N/A | Y25: =VLOOKUP($B25,$R$3:$Z$9,8,FALSE) -> #N/A | Z25: =VLOOKUP($B25,$R$3:$Z$9,9,FALSE) -> #N/A
I26: VITAMALT | M26: =AVERAGE([6]Brewhouse!$AV$23:$AV$34,[6]Brewhouse!$AV$36,[6]Brewhouse!$AV$38:$AV$52,[6]Brewhouse!$AV$54:$AV$60,[6]Brewhouse!$AV$62:$AV$69,[6]Brewhouse!$AV$71:$AV$78,[6]Brewhouse!$AV$80:$AV$87) -> 97.513043 | N26: 98 | R26: =B26 -> 0 | S26: =VLOOKUP($B26,$R$3:$X$9,2,FALSE) -> #N/A | T26: =VLOOKUP($B26,$R$3:$X$9,3,FALSE) -> #N/A | U26: =VLOOKUP($B26,$R$3:$X$9,4,FALSE) -> #N/A | V26: =VLOOKUP($B26,$R$3:$X$9,5,FALSE) -> #N/A | W26: =VLOOKUP($B26,$R$3:$X$9,6,FALSE) -> #N/A | X26: =VLOOKUP($B26,$R$3:$X$9,7,FALSE) -> #N/A | Y26: =VLOOKUP($B26,$R$3:$Z$9,8,FALSE) -> #N/A | Z26: =VLOOKUP($B26,$R$3:$Z$9,9,FALSE) -> #N/A
I27: MAXIMALT | N27: 98 | R27: =B27 -> 0 | S27: =VLOOKUP($B27,$R$3:$X$9,2,FALSE) -> #N/A | T27: =VLOOKUP($B27,$R$3:$X$9,3,FALSE) -> #N/A | U27: =VLOOKUP($B27,$R$3:$X$9,4,FALSE) -> #N/A | V27: =VLOOKUP($B27,$R$3:$X$9,5,FALSE) -> #N/A | W27: =VLOOKUP($B27,$R$3:$X$9,6,FALSE) -> #N/A | X27: =VLOOKUP($B27,$R$3:$X$9,7,FALSE) -> #N/A | Y27: =VLOOKUP($B27,$R$3:$Z$9,8,FALSE) -> #N/A | Z27: =VLOOKUP($B27,$R$3:$Z$9,9,FALSE) -> #N/A
I28: MACKESON | M28: =AVERAGE([7]Brewhouse!$AT$4:$AT$11,[7]Brewhouse!$AT$13:$AT$16,[7]Brewhouse!$AT$18:$AT$21) -> 91.832675 | N28: 98 | R28: =B28 -> 0 | S28: =VLOOKUP($B28,$R$3:$X$9,2,FALSE) -> #N/A | T28: =VLOOKUP($B28,$R$3:$X$9,3,FALSE) -> #N/A | U28: =VLOOKUP($B28,$R$3:$X$9,4,FALSE) -> #N/A | V28: =VLOOKUP($B28,$R$3:$X$9,5,FALSE) -> #N/A | W28: =VLOOKUP($B28,$R$3:$X$9,6,FALSE) -> #N/A | X28: =VLOOKUP($B28,$R$3:$X$9,7,FALSE) -> #N/A | Y28: =VLOOKUP($B28,$R$3:$Z$9,8,FALSE) -> #N/A | Z28: =VLOOKUP($B28,$R$3:$Z$9,9,FALSE) -> #N/A
I29: STARMALT | J29: =AVERAGE(I17:I19) -> 95.219299 | K29: =COUNTA([8]Brewhouse!$A$84:$A$86) -> 3 | L29: =AVERAGE([8]Brewhouse!$AY$84:$AY$86) -> 95.219299 | M29: =AVERAGE([8]Brewhouse!$AY$5:$AY$14,[8]Brewhouse!$AY$16:$AY$23,[8]Brewhouse!$AY$42,[8]Brewhouse!$AY$44:$AY$51,[8]Brewhouse!$AY$53:$AY$64,[8]Brewhouse!$AY$66:$AY$73,[8]Brewhouse!$AY$75:$AY$82,[8]Brewhouse!$AY$84:$AY$86) -> 97.977993 | N29: 98 | R29: =B29 -> 0 | S29: =VLOOKUP($B29,$R$3:$X$9,2,FALSE) -> #N/A | T29: =VLOOKUP($B29,$R$3:$X$9,3,FALSE) -> #N/A | U29: =VLOOKUP($B29,$R$3:$X$9,4,FALSE) -> #N/A | V29: =VLOOKUP($B29,$R$3:$X$9,5,FALSE) -> #N/A | W29: =VLOOKUP($B29,$R$3:$X$9,6,FALSE) -> #N/A | X29: =VLOOKUP($B29,$R$3:$X$9,7,FALSE) -> #N/A | Y29: =VLOOKUP($B29,$R$3:$Z$9,8,FALSE) -> #N/A | Z29: =VLOOKUP($B29,$R$3:$Z$9,9,FALSE) -> #N/A
I30: HR- Pils | N30: 98 | R30: =B30 -> 0 | S30: =VLOOKUP($B30,$R$3:$X$9,2,FALSE) -> #N/A | T30: =VLOOKUP($B30,$R$3:$X$9,3,FALSE) -> #N/A | U30: =VLOOKUP($B30,$R$3:$X$9,4,FALSE) -> #N/A | V30: =VLOOKUP($B30,$R$3:$X$9,5,FALSE) -> #N/A | W30: =VLOOKUP($B30,$R$3:$X$9,6,FALSE) -> #N/A | X30: =VLOOKUP($B30,$R$3:$X$9,7,FALSE) -> #N/A | Y30: =VLOOKUP($B30,$R$3:$Z$9,8,FALSE) -> #N/A | Z30: =VLOOKUP($B30,$R$3:$Z$9,9,FALSE) -> #N/A
I31: HR- IPA | N31: 98 | R31: =B31 -> 0 | S31: =VLOOKUP($B31,$R$3:$X$9,2,FALSE) -> #N/A | T31: =VLOOKUP($B31,$R$3:$X$9,3,FALSE) -> #N/A | U31: =VLOOKUP($B31,$R$3:$X$9,4,FALSE) -> #N/A | V31: =VLOOKUP($B31,$R$3:$X$9,5,FALSE) -> #N/A | W31: =VLOOKUP($B31,$R$3:$X$9,6,FALSE) -> #N/A | X31: =VLOOKUP($B31,$R$3:$X$9,7,FALSE) -> #N/A | Y31: =VLOOKUP($B31,$R$3:$Z$9,8,FALSE) -> #N/A | Z31: =VLOOKUP($B31,$R$3:$Z$9,9,FALSE) -> #N/A
I32: HR- APA | N32: 98 | R32: =B32 -> 0 | S32: =VLOOKUP($B32,$R$3:$X$9,2,FALSE) -> #N/A | T32: =VLOOKUP($B32,$R$3:$X$9,3,FALSE) -> #N/A | U32: =VLOOKUP($B32,$R$3:$X$9,4,FALSE) -> #N/A | V32: =VLOOKUP($B32,$R$3:$X$9,5,FALSE) -> #N/A | W32: =VLOOKUP($B32,$R$3:$X$9,6,FALSE) -> #N/A | X32: =VLOOKUP($B32,$R$3:$X$9,7,FALSE) -> #N/A | Y32: =VLOOKUP($B32,$R$3:$Z$9,8,FALSE) -> #N/A | Z32: =VLOOKUP($B32,$R$3:$Z$9,9,FALSE) -> #N/A
K33: =SUM(K23:K32) -> 12 | L33: =((L23*K23)+(L24*K24)+(L25*K25)+(L26*K26)+(L27*K27)+(K30*L30)+(L28*K28)+(L29*K29)+(L32*K32))/(K33) -> 98.335258 | M33: =AVERAGE('[9]Jan30th-31st'!$L$42,'[10]Feb 27th-28th'!$L$45,'[11]Mar 31st'!$L$42,'[12]Apr 30th'!$L$41,'[13]May 29th '!$L$35,'[14]June 30th'!$L$32,L33) -> 97.952249 | N33: 98 | R33: =B33 -> 0 | S33: =VLOOKUP($B33,$R$3:$X$9,2,FALSE) -> #N/A | T33: =VLOOKUP($B33,$R$3:$X$9,3,FALSE) -> #N/A | U33: =VLOOKUP($B33,$R$3:$X$9,4,FALSE) -> #N/A | V33: =VLOOKUP($B33,$R$3:$X$9,5,FALSE) -> #N/A | W33: =VLOOKUP($B33,$R$3:$X$9,6,FALSE) -> #N/A | X33: =VLOOKUP($B33,$R$3:$X$9,7,FALSE) -> #N/A | Y33: =VLOOKUP($B33,$R$3:$Z$9,8,FALSE) -> #N/A | Z33: =VLOOKUP($B33,$R$3:$Z$9,9,FALSE) -> #N/A
R34: =B34 -> 0 | S34: =VLOOKUP($B34,$R$3:$X$9,2,FALSE) -> #N/A | T34: =VLOOKUP($B34,$R$3:$X$9,3,FALSE) -> #N/A | U34: =VLOOKUP($B34,$R$3:$X$9,4,FALSE) -> #N/A | V34: =VLOOKUP($B34,$R$3:$X$9,5,FALSE) -> #N/A | W34: =VLOOKUP($B34,$R$3:$X$9,6,FALSE) -> #N/A | X34: =VLOOKUP($B34,$R$3:$X$9,7,FALSE) -> #N/A | Y34: =VLOOKUP($B34,$R$3:$Z$9,8,FALSE) -> #N/A | Z34: =VLOOKUP($B34,$R$3:$Z$9,9,FALSE) -> #N/A
J35: Daily Brewing Plan
J36: Brand | L36: Average Brews per day
J37: CARIB | L37: MTD | M37: YTD | N37: TARGET
J38: STAG | K38: 5 | L38: =AVERAGE(K47,'Aug 2nd'!K52) -> 6 | M38: =AVERAGE('[9]Jan30th-31st'!$L$47,L38,'[10]Feb 26th '!$L$39,'[11]Mar 31st'!$L$47,'[12]Apr 30th'!$L$46,'[13]May 29th '!$L$40,'[14]June 30th'!$L$39) -> 6.2942405 | N38: 9.2
J39: GUINN
J40: VITAMALT
J41: STARMALT | K41: 3
J42: MACKESON
J43: HURRICANE REEF- IPA
J44: HURRICANE REEF- APA
B45: AVERAGE | J45: HR- PILSNER
J46: CARIBE
J47: Total | K47: =SUM(K37:K46) -> 8
B48: Process: | C48: Fermentation/Filtration
B50: Brand | C50: Filt. Date | D50: FV Hls | E50: GFE/ Prim/ Vita Blend (Hls) | F50: SV Hls | G50: BBT Hls | H50: Loss (%) Ferm | I50: Loss (%) Filt | J50: Comments | K50: Throughput | L50: Process Loss (%) | M50: Filt. Operator
AB51: 43474 | AC51: 43475 | AD51: 43476 | AE51: 43477 | AF51: 43478 | AG51: 43479 | AH51: 43480 | AI51: 43481 | AJ51: 43482 | AK51: 43483 | AL51: 43484 | AM51: 43485 | AN51: 43486 | AO51: 43487 | AP51: 43488 | AQ51: 43489 | AR51: 43490 | AS51: 43491 | AT51: 43492 | AU51: 43493 | AV51: 43494 | AW51: 43495 | AX51: 43496
B52: =J38 -> STAG | C52: 46218 | D52: =[35]July_2026!$R$13 -> 195.68 | G52: =[35]July_2026!$R$17 -> 184 | J52: 2 BREAKS | K52: =[36]July_2026!$R$25 -> 0.32280702 | L52: =(((D52+E52)-G52)/(D52+E52))*100 -> 5.9689289 | M52: J. Nelson | AB52: =[16]January_2019!L5 -> 0 | AC52: =[16]January_2019!M5 -> 0 | AD52: =[16]January_2019!N5 -> 0 | AE52: =[16]January_2019!O5 -> 0 | AF52: =[16]January_2019!P5 -> 0 | AG52: =[16]January_2019!Q5 -> 0 | AH52: =[16]January_2019!R5 -> 0 | AI52: =[16]January_2019!S5 -> 0 | ... AX52: =[16]January_2019!AH5 -> 0
AB53: =[16]January_2019!L6 -> 0 | AC53: =[16]January_2019!M6 -> 0 | AD53: =[16]January_2019!N6 -> 0 | AE53: =[16]January_2019!O6 -> 0 | AF53: =[16]January_2019!P6 -> 0 | AG53: =[16]January_2019!Q6 -> 0 | AH53: =[16]January_2019!R6 -> 0 | AI53: =[16]January_2019!S6 -> 0 | ... AX53: =[16]January_2019!AH6 -> 0
B54: =I25 -> GUINNESS | C54: 46237 | D54: =[35]August_2026!$F$23 -> 205.9 | E54: =[37]GUINNESS!$S$6 -> 5.2 | G54: =[35]August_2026!$F$28 -> 194 | J54: NO SBF | K54: =[36]August_2026!$F$32 -> 0.68070175 | L54: =(((D54+E54)-G54)/(D54+E54))*100 -> 8.1004263 | M54: K. Neptune | AB54: =[16]January_2019!L7 -> 285.8 | AC54: =[16]January_2019!M7 -> 508.1 | AD54: =[16]January_2019!N7 -> 0 | AE54: =[16]January_2019!O7 -> 0 | AF54: =[16]January_2019!P7 -> 109.56667 | AG54: =[16]January_2019!Q7 -> 297.65 | AH54: =[16]January_2019!R7 -> 122.3 | AI54: =[16]January_2019!S7 -> 0 | ... AX54: =[16]January_2019!AH7 -> 0
B63: Process Loss (Volume) | G63: Process Loss (Extract) | K63: Throughput
B64: Brand | C64: Actual | D64: MTD | E64: YTD | F64: Target | G64: Actual | H64: MTD | I64: YTD | J64: Target | L64: MTD | M64: YTD | N64: Target
B65: CARIB | F65: 4.8 | J65: 4.8 | N65: 1
B66: STAG | F66: 4.8 | J66: 4.8 | N66: 1
B67: GUINN | C67: =L54 -> 8.1004263 | F67: 5.5 | J67: 5.5 | N67: 1
B68: VITAMALT | F68: 3.3 | J68: 3.3 | N68: 1
B69: APA | F69: 3.3 | J69: 3 | N69: 1
B70: MACKESON | F70: 5.5 | J70: 5.5 | N70: 1
B71: STARMALT | F71: 3.3 | J71: 3.3 | N71: 1
B72: IPA | F72: 7.5 | J72: 7.5 | N72: 1
B73: HURRICANE REEF PILS | F73: 4.8 | J73: 4.8 | N73: 1
F74: 5.5 | J74: 5.5 | N74: 1

Sheet Aug 4th
S1: P.G. | U1: Hot Time | W1: Process Time | Y1: Cooling Time
B2: Brewing Department Daily Process Loss Report | S2: Lower | T2: Upper | U2: Lower | V2: Upper | W2: Lower | X2: Upper | Y2: Lower | Z2: Upper
R3: CARIB | S3: 11.6 | T3: 12 | U3: 0 | V3: 0.11805556 | W3: 0.22569444 | X3: 0.26388889 | Y3: 0 | Z3: 60 | AB3: HR- PISNER
B4: Date: | C4: 46239 | J4: LOT WORT COLOUR: 3.4 | M4: Filter Sheets (Target 20 days) | R4: STAG | S4: 11.6 | T4: 12 | U4: 0 | V4: 0.11805556 | W4: 0.22569444 | X4: 0.26388889 | Y4: 0 | Z4: 60
M5: Double | N5: Single | R5: GUINNESS | S5: 17 | T5: 17.5 | U5: 0 | V5: 0.10763889 | W5: 0.24652778 | X5: 0.28472222 | Y5: 0 | Z5: 60
J6: MALT LOT: Lot #14 | L6: Sheet Day | R6: MACKESON | S6: 13.3 | T6: 13.5 | U6: 0 | V6: 0.12905093 | W6: 0.27430556 | X6: 0.30208333 | Y6: 0
R7: STARMALT | S7: 17 | T7: 17.4 | U7: 0 | V7: 0.13605324 | W7: 0.27430556 | X7: 0.30902778 | Y7: 0 | Z7: 85
B8: Brand | C8: Brew no. | D8: Kett. Hls | E8: Wort | F8: Cool Time(Mins) | G8: Cast. P.G. (Lab Result) | H8: Cast P.G. (Cellar Operator)-gravity | I8: Extr. Rec (77.9%) | J8: Theor. Extr. (77.5%) | K8: Boil Off /Vol. (4-6%) | L8: Boil Time | M8: Total Hot | N8: Brewing Time | O8: Operator | R8: Hurricane Reef | S8: 16.6 | T8: 17 | U8: 0 | V8: 0.12905093 | W8: 0.27430556 | X8: 0.30208333 | Y8: 0
E9: Meter (Hls) | F9: Target(< 60Mins) | M9: Time | R9: VITAMALT | S9: 14.2 | T9: 14.6 | U9: 0 | V9: 0.13905093 | W9: 0.26041667 | X9: 0.29513889 | Y9: 0 | Z9: 75
B10: STARMALT | C10: =[8]Brewhouse!$A87 -> SM076 | D10: =[8]Brewhouse!$AH87 -> 53 | E10: =[8]Brewhouse!$AM87 -> 52 | F10: =[8]Brewhouse!$Z87 -> 66 | G10: =[8]Brewhouse!$AK87 -> 17.1 | I10: =[8]Brewhouse!$AY87 -> 98.701099 | J10: =[8]Brewhouse!$AZ87 -> 98.967057 | K10: =[8]Brewhouse!$U87 -> 9.2075472 | L10: =[8]Brewhouse!$T87 -> 75 | M10: =[8]Brewhouse!$Y87-[8]Brewhouse!$X87 -> 0.14930556 | N10: =[8]Brewhouse!$AD87 -> 0.31458333 | O10: =[8]Brewhouse!$BC87 -> K. Benjamin | R10: =B10 -> STARMALT | S10: =VLOOKUP($B10,$R$3:$X$9,2,FALSE) -> 17 | T10: =VLOOKUP($B10,$R$3:$X$9,3,FALSE) -> 17.4 | U10: =VLOOKUP($B10,$R$3:$X$9,4,FALSE) -> 0 | V10: =VLOOKUP($B10,$R$3:$X$9,5,FALSE) -> 0.13605324 | W10: =VLOOKUP($B10,$R$3:$X$9,6,FALSE) -> 0.27430556 | X10: =VLOOKUP($B10,$R$3:$X$9,7,FALSE) -> 0.30902778 | Y10: =VLOOKUP($B10,$R$3:$Z$9,8,FALSE) -> 0 | Z10: =VLOOKUP($B10,$R$3:$Z$9,9,FALSE) -> 85
B11: STARMALT | C11: =[8]Brewhouse!$A88 -> SM077 | D11: =[8]Brewhouse!$AH88 -> 53 | E11: =[8]Brewhouse!$AM88 -> 51.4 | F11: =[8]Brewhouse!$Z88 -> 64 | G11: =[8]Brewhouse!$AK88 -> 17.2 | I11: =[8]Brewhouse!$AY88 -> 98.149643 | J11: =[8]Brewhouse!$AZ88 -> 98.414114 | K11: =[8]Brewhouse!$U88 -> 10.528302 | L11: =[8]Brewhouse!$T88 -> 60 | M11: =[8]Brewhouse!$Y88-[8]Brewhouse!$X88 -> 0.1375 | N11: =[8]Brewhouse!$AD88 -> 0.31319444 | O11: =[8]Brewhouse!$BC88 -> K. Benjamin | R11: =B11 -> STARMALT | S11: =VLOOKUP($B11,$R$3:$X$9,2,FALSE) -> 17 | T11: =VLOOKUP($B11,$R$3:$X$9,3,FALSE) -> 17.4 | U11: =VLOOKUP($B11,$R$3:$X$9,4,FALSE) -> 0 | V11: =VLOOKUP($B11,$R$3:$X$9,5,FALSE) -> 0.13605324 | W11: =VLOOKUP($B11,$R$3:$X$9,6,FALSE) -> 0.27430556 | X11: =VLOOKUP($B11,$R$3:$X$9,7,FALSE) -> 0.30902778 | Y11: =VLOOKUP($B11,$R$3:$Z$9,8,FALSE) -> 0 | Z11: =VLOOKUP($B11,$R$3:$Z$9,9,FALSE) -> 85
B12: STARMALT | C12: =[8]Brewhouse!$A89 -> SM078 | D12: =[8]Brewhouse!$AH89 -> 53.1 | E12: =[8]Brewhouse!$AM89 -> 52.6 | F12: =[8]Brewhouse!$Z89 -> 65 | G12: =[8]Brewhouse!$AK89 -> 17.2 | I12: =[8]Brewhouse!$AY89 -> 100.11674 | J12: =[8]Brewhouse!$AZ89 -> 100.38754 | K12: =[8]Brewhouse!$U89 -> 7.1186441 | L12: =[8]Brewhouse!$T89 -> 70 | M12: =[8]Brewhouse!$Y89-[8]Brewhouse!$X89 -> 0.14722222 | N12: =[8]Brewhouse!$AD89 -> 0.31875 | O12: =[8]Brewhouse!$BC89 -> K. Benjamin | R12: =B12 -> STARMALT | S12: =VLOOKUP($B12,$R$3:$X$9,2,FALSE) -> 17 | T12: =VLOOKUP($B12,$R$3:$X$9,3,FALSE) -> 17.4 | U12: =VLOOKUP($B12,$R$3:$X$9,4,FALSE) -> 0 | V12: =VLOOKUP($B12,$R$3:$X$9,5,FALSE) -> 0.13605324 | W12: =VLOOKUP($B12,$R$3:$X$9,6,FALSE) -> 0.27430556 | X12: =VLOOKUP($B12,$R$3:$X$9,7,FALSE) -> 0.30902778 | Y12: =VLOOKUP($B12,$R$3:$Z$9,8,FALSE) -> 0 | Z12: =VLOOKUP($B12,$R$3:$Z$9,9,FALSE) -> 85
B13: STARMALT | C13: =[8]Brewhouse!$A90 -> SM079 | D13: =[8]Brewhouse!$AH90 -> 53.1 | E13: =[8]Brewhouse!$AM90 -> 51.9 | F13: =[8]Brewhouse!$Z90 -> 73 | G13: =[8]Brewhouse!$AK90 -> 17.3 | I13: =[8]Brewhouse!$AY90 -> 99.26906 | J13: =[8]Brewhouse!$AZ90 -> 99.53807 | K13: =[8]Brewhouse!$U90 -> 11.450094 | L13: =[8]Brewhouse!$T90 -> 60 | M13: =[8]Brewhouse!$Y90-[8]Brewhouse!$X90 -> 0.14305556 | N13: =[8]Brewhouse!$AD90 -> 0.30972222 | O13: =[8]Brewhouse!$BC90 -> R. Regis | R13: =B13 -> STARMALT | S13: =VLOOKUP($B13,$R$3:$X$9,2,FALSE) -> 17 | T13: =VLOOKUP($B13,$R$3:$X$9,3,FALSE) -> 17.4 | U13: =VLOOKUP($B13,$R$3:$X$9,4,FALSE) -> 0 | V13: =VLOOKUP($B13,$R$3:$X$9,5,FALSE) -> 0.13605324 | W13: =VLOOKUP($B13,$R$3:$X$9,6,FALSE) -> 0.27430556 | X13: =VLOOKUP($B13,$R$3:$X$9,7,FALSE) -> 0.30902778 | Y13: =VLOOKUP($B13,$R$3:$Z$9,8,FALSE) -> 0 | Z13: =VLOOKUP($B13,$R$3:$Z$9,9,FALSE) -> 85
B14: STARMALT | C14: =[8]Brewhouse!$A91 -> SM080 | D14: =[8]Brewhouse!$AH91 -> 53.1 | E14: =[8]Brewhouse!$AM91 -> 51.8 | F14: =[8]Brewhouse!$Z91 -> 89 | G14: =[8]Brewhouse!$AK91 -> 17.1 | I14: =[8]Brewhouse!$AY91 -> 98.241914 | J14: =[8]Brewhouse!$AZ91 -> 98.506887 | K14: =[8]Brewhouse!$U91 -> 10.131827 | L14: =[8]Brewhouse!$T91 -> 60 | M14: =[8]Brewhouse!$Y91-[8]Brewhouse!$X91 -> 0.14236111 | N14: =[8]Brewhouse!$AD91 -> 0.30625 | O14: =[8]Brewhouse!$BC91 -> R. Regis | R14: =B14 -> STARMALT | S14: =VLOOKUP($B14,$R$3:$X$9,2,FALSE) -> 17 | T14: =VLOOKUP($B14,$R$3:$X$9,3,FALSE) -> 17.4 | U14: =VLOOKUP($B14,$R$3:$X$9,4,FALSE) -> 0 | V14: =VLOOKUP($B14,$R$3:$X$9,5,FALSE) -> 0.13605324 | W14: =VLOOKUP($B14,$R$3:$X$9,6,FALSE) -> 0.27430556 | X14: =VLOOKUP($B14,$R$3:$X$9,7,FALSE) -> 0.30902778 | Y14: =VLOOKUP($B14,$R$3:$Z$9,8,FALSE) -> 0 | Z14: =VLOOKUP($B14,$R$3:$Z$9,9,FALSE) -> 85
R15: =B15 -> 0 | S15: =VLOOKUP($B15,$R$3:$X$9,2,FALSE) -> #N/A | T15: =VLOOKUP($B15,$R$3:$X$9,3,FALSE) -> #N/A | U15: =VLOOKUP($B15,$R$3:$X$9,4,FALSE) -> #N/A | V15: =VLOOKUP($B15,$R$3:$X$9,5,FALSE) -> #N/A | W15: =VLOOKUP($B15,$R$3:$X$9,6,FALSE) -> #N/A | X15: =VLOOKUP($B15,$R$3:$X$9,7,FALSE) -> #N/A | Y15: =VLOOKUP($B15,$R$3:$Z$9,8,FALSE) -> #N/A | Z15: =VLOOKUP($B15,$R$3:$Z$9,9,FALSE) -> #N/A
B16: CARIB | C16: =[4]Brewhouse!$A595 -> CA547 | D16: =[4]Brewhouse!$AF595 -> 50.4 | E16: =[4]Brewhouse!$AI595 -> 51.4 | F16: =[4]Brewhouse!$V595 -> 54 | G16: =[4]Brewhouse!AG595 -> 12 | I16: =[4]Brewhouse!$AU595 -> 102.95035 | J16: =[4]Brewhouse!$AV595 -> 103.52474 | K16: =[4]Brewhouse!$Q595 -> 17.4122 | L16: =[4]Brewhouse!$P595 -> 58 | M16: =[4]Brewhouse!$U595-[4]Brewhouse!$T595 -> 0.10763889 | N16: =[4]Brewhouse!$Z595 -> 0.24097222 | O16: =[4]Brewhouse!$AX595 -> D. Gomaz | R16: =B16 -> CARIB | S16: =VLOOKUP($B16,$R$3:$X$9,2,FALSE) -> 11.6 | T16: =VLOOKUP($B16,$R$3:$X$9,3,FALSE) -> 12 | U16: =VLOOKUP($B16,$R$3:$X$9,4,FALSE) -> 0 | V16: =VLOOKUP($B16,$R$3:$X$9,5,FALSE) -> 0.11805556 | W16: =VLOOKUP($B16,$R$3:$X$9,6,FALSE) -> 0.22569444 | X16: =VLOOKUP($B16,$R$3:$X$9,7,FALSE) -> 0.26388889 | Y16: =VLOOKUP($B16,$R$3:$Z$9,8,FALSE) -> 0 | Z16: =VLOOKUP($B16,$R$3:$Z$9,9,FALSE) -> 60
B17: CARIB | C17: =[4]Brewhouse!$A596 -> CA548 | D17: =[4]Brewhouse!$AF596 -> 50.8 | E17: =[4]Brewhouse!$AI596 -> 51.4 | F17: =[4]Brewhouse!$V596 -> 63 | G17: =[4]Brewhouse!AG596 -> 12 | I17: =[4]Brewhouse!$AU596 -> 103.20696 | J17: =[4]Brewhouse!$AV596 -> 103.7827 | K17: =[4]Brewhouse!$Q596 -> 7.4306839 | L17: =[4]Brewhouse!$P596 -> 62 | M17: =[4]Brewhouse!$U596-[4]Brewhouse!$T596 -> 0.12777778 | N17: =[4]Brewhouse!$Z596 -> 0.26736111 | O17: =[4]Brewhouse!$AX596 -> D. Gomaz | R17: =B17 -> CARIB | S17: =VLOOKUP($B17,$R$3:$X$9,2,FALSE) -> 11.6 | T17: =VLOOKUP($B17,$R$3:$X$9,3,FALSE) -> 12 | U17: =VLOOKUP($B17,$R$3:$X$9,4,FALSE) -> 0 | V17: =VLOOKUP($B17,$R$3:$X$9,5,FALSE) -> 0.11805556 | W17: =VLOOKUP($B17,$R$3:$X$9,6,FALSE) -> 0.22569444 | X17: =VLOOKUP($B17,$R$3:$X$9,7,FALSE) -> 0.26388889 | Y17: =VLOOKUP($B17,$R$3:$Z$9,8,FALSE) -> 0 | Z17: =VLOOKUP($B17,$R$3:$Z$9,9,FALSE) -> 60
B18: CARIB | C18: =[4]Brewhouse!$A597 -> CA549 | D18: =[4]Brewhouse!$AF597 -> 50.2 | E18: =[4]Brewhouse!$AI597 -> 51.4 | F18: =[4]Brewhouse!$V597 -> 58 | G18: =[4]Brewhouse!AG597 -> 11.7 | I18: =[4]Brewhouse!$AU597 -> 100.49531 | J18: =[4]Brewhouse!$AV597 -> 101.05592 | K18: =[4]Brewhouse!$Q597 -> 10.757856 | L18: =[4]Brewhouse!$P597 -> 61 | M18: =[4]Brewhouse!$U597-[4]Brewhouse!$T597 -> 0.11388889 | N18: =[4]Brewhouse!$Z597 -> 0.55902778 | O18: =[4]Brewhouse!$AX597 -> D. Gomaz | R18: =B18 -> CARIB | S18: =VLOOKUP($B18,$R$3:$X$9,2,FALSE) -> 11.6 | T18: =VLOOKUP($B18,$R$3:$X$9,3,FALSE) -> 12 | U18: =VLOOKUP($B18,$R$3:$X$9,4,FALSE) -> 0 | V18: =VLOOKUP($B18,$R$3:$X$9,5,FALSE) -> 0.11805556 | W18: =VLOOKUP($B18,$R$3:$X$9,6,FALSE) -> 0.22569444 | X18: =VLOOKUP($B18,$R$3:$X$9,7,FALSE) -> 0.26388889 | Y18: =VLOOKUP($B18,$R$3:$Z$9,8,FALSE) -> 0 | Z18: =VLOOKUP($B18,$R$3:$Z$9,9,FALSE) -> 60
R19: =B19 -> 0 | S19: =VLOOKUP($B19,$R$3:$X$9,2,FALSE) -> #N/A | T19: =VLOOKUP($B19,$R$3:$X$9,3,FALSE) -> #N/A | U19: =VLOOKUP($B19,$R$3:$X$9,4,FALSE) -> #N/A | V19: =VLOOKUP($B19,$R$3:$X$9,5,FALSE) -> #N/A | W19: =VLOOKUP($B19,$R$3:$X$9,6,FALSE) -> #N/A | X19: =VLOOKUP($B19,$R$3:$X$9,7,FALSE) -> #N/A | Y19: =VLOOKUP($B19,$R$3:$Z$9,8,FALSE) -> #N/A | Z19: =VLOOKUP($B19,$R$3:$Z$9,9,FALSE) -> #N/A
R20: =B20 -> 0 | S20: =VLOOKUP($B20,$R$3:$X$9,2,FALSE) -> #N/A | T20: =VLOOKUP($B20,$R$3:$X$9,3,FALSE) -> #N/A | U20: =VLOOKUP($B20,$R$3:$X$9,4,FALSE) -> #N/A | V20: =VLOOKUP($B20,$R$3:$X$9,5,FALSE) -> #N/A | W20: =VLOOKUP($B20,$R$3:$X$9,6,FALSE) -> #N/A | X20: =VLOOKUP($B20,$R$3:$X$9,7,FALSE) -> #N/A | Y20: =VLOOKUP($B20,$R$3:$Z$9,8,FALSE) -> #N/A | Z20: =VLOOKUP($B20,$R$3:$Z$9,9,FALSE) -> #N/A
R21: =B21 -> 0 | S21: =VLOOKUP($B21,$R$3:$X$9,2,FALSE) -> #N/A | T21: =VLOOKUP($B21,$R$3:$X$9,3,FALSE) -> #N/A | U21: =VLOOKUP($B21,$R$3:$X$9,4,FALSE) -> #N/A | V21: =VLOOKUP($B21,$R$3:$X$9,5,FALSE) -> #N/A | W21: =VLOOKUP($B21,$R$3:$X$9,6,FALSE) -> #N/A | X21: =VLOOKUP($B21,$R$3:$X$9,7,FALSE) -> #N/A | Y21: =VLOOKUP($B21,$R$3:$Z$9,8,FALSE) -> #N/A | Z21: =VLOOKUP($B21,$R$3:$Z$9,9,FALSE) -> #N/A
B22: BRAND | D22: BBT P.G./ O.G | I22: Brand | K22: MTD No. of Brews | L22: MTD | M22: YTD | N22: Target | R22: =B22 -> BRAND | S22: =VLOOKUP($B22,$R$3:$X$9,2,FALSE) -> #N/A | T22: =VLOOKUP($B22,$R$3:$X$9,3,FALSE) -> #N/A | U22: =VLOOKUP($B22,$R$3:$X$9,4,FALSE) -> #N/A | V22: =VLOOKUP($B22,$R$3:$X$9,5,FALSE) -> #N/A | W22: =VLOOKUP($B22,$R$3:$X$9,6,FALSE) -> #N/A | X22: =VLOOKUP($B22,$R$3:$X$9,7,FALSE) -> #N/A | Y22: =VLOOKUP($B22,$R$3:$Z$9,8,FALSE) -> #N/A | Z22: =VLOOKUP($B22,$R$3:$Z$9,9,FALSE) -> #N/A
I23: CARIB | J23: =I16 -> 102.95035 | K23: =COUNTA([4]Brewhouse!$A$595) -> 1 | L23: =AVERAGE([4]Brewhouse!$AU$595) -> 102.95035 | M23: =AVERAGE([4]Brewhouse!$AU$42:$AU$123,[4]Brewhouse!$AU$125:$AU$188,[4]Brewhouse!$AU$198:$AU$290,[4]Brewhouse!$AU$292:$AU$370,[4]Brewhouse!$AU$372:$AU$439,[4]Brewhouse!$AU$441:$AU$497,[4]Brewhouse!$AU$499:$AU$519,[4]Brewhouse!$AU$521:$AU$593,[4]Brewhouse!$AU$595) -> 98.177412 | N23: 98 | R23: =B23 -> 0 | S23: =VLOOKUP($B23,$R$3:$X$9,2,FALSE) -> #N/A | T23: =VLOOKUP($B23,$R$3:$X$9,3,FALSE) -> #N/A | U23: =VLOOKUP($B23,$R$3:$X$9,4,FALSE) -> #N/A | V23: =VLOOKUP($B23,$R$3:$X$9,5,FALSE) -> #N/A | W23: =VLOOKUP($B23,$R$3:$X$9,6,FALSE) -> #N/A | X23: =VLOOKUP($B23,$R$3:$X$9,7,FALSE) -> #N/A | Y23: =VLOOKUP($B23,$R$3:$Z$9,8,FALSE) -> #N/A | Z23: =VLOOKUP($B23,$R$3:$Z$9,9,FALSE) -> #N/A
I24: STAG | K24: =COUNTA([3]Brewhouse!$A$327:$A$335) -> 9 | L24: =AVERAGE([3]Brewhouse!$AS$327:$AS$335) -> 99.373911 | M24: =AVERAGE([3]Brewhouse!$AS$52:$AS$81,[3]Brewhouse!$AS$83:$AS$124,[3]Brewhouse!$AS$134:$AS$177,[3]Brewhouse!$AS$22:$AS$179,[3]Brewhouse!$AS$214:$AS$249,[3]Brewhouse!$AS$252:$AS$293,[3]Brewhouse!$AS$295:$AS$325,[3]Brewhouse!$AS$327:$AS$335) -> 98.172944 | N24: 98 | R24: =B24 -> 0 | S24: =VLOOKUP($B24,$R$3:$X$9,2,FALSE) -> #N/A | T24: =VLOOKUP($B24,$R$3:$X$9,3,FALSE) -> #N/A | U24: =VLOOKUP($B24,$R$3:$X$9,4,FALSE) -> #N/A | V24: =VLOOKUP($B24,$R$3:$X$9,5,FALSE) -> #N/A | W24: =VLOOKUP($B24,$R$3:$X$9,6,FALSE) -> #N/A | X24: =VLOOKUP($B24,$R$3:$X$9,7,FALSE) -> #N/A | Y24: =VLOOKUP($B24,$R$3:$Z$9,8,FALSE) -> #N/A | Z24: =VLOOKUP($B24,$R$3:$Z$9,9,FALSE) -> #N/A
I25: GUINNESS | M25: =AVERAGE([5]Brewhouse!$AU$16:$AU$23,[5]Brewhouse!$AU$25:$AU$32,[5]Brewhouse!$AU$34:$AU$41,[5]Brewhouse!$AU$43:$AU$60,[5]Brewhouse!$AU$62:$AU$69,[5]Brewhouse!$AU$71:$AU$88) -> 96.520986 | N25: 98 | R25: =B25 -> 0 | S25: =VLOOKUP($B25,$R$3:$X$9,2,FALSE) -> #N/A | T25: =VLOOKUP($B25,$R$3:$X$9,3,FALSE) -> #N/A | U25: =VLOOKUP($B25,$R$3:$X$9,4,FALSE) -> #N/A | V25: =VLOOKUP($B25,$R$3:$X$9,5,FALSE) -> #N/A | W25: =VLOOKUP($B25,$R$3:$X$9,6,FALSE) -> #N/A | X25: =VLOOKUP($B25,$R$3:$X$9,7,FALSE) -> #N/A | Y25: =VLOOKUP($B25,$R$3:$Z$9,8,FALSE) -> #N/A | Z25: =VLOOKUP($B25,$R$3:$Z$9,9,FALSE) -> #N/A
I26: VITAMALT | M26: =AVERAGE([6]Brewhouse!$AV$23:$AV$34,[6]Brewhouse!$AV$36,[6]Brewhouse!$AV$38:$AV$52,[6]Brewhouse!$AV$54:$AV$60,[6]Brewhouse!$AV$62:$AV$69,[6]Brewhouse!$AV$71:$AV$78,[6]Brewhouse!$AV$80:$AV$87) -> 97.513043 | N26: 98 | R26: =B26 -> 0 | S26: =VLOOKUP($B26,$R$3:$X$9,2,FALSE) -> #N/A | T26: =VLOOKUP($B26,$R$3:$X$9,3,FALSE) -> #N/A | U26: =VLOOKUP($B26,$R$3:$X$9,4,FALSE) -> #N/A | V26: =VLOOKUP($B26,$R$3:$X$9,5,FALSE) -> #N/A | W26: =VLOOKUP($B26,$R$3:$X$9,6,FALSE) -> #N/A | X26: =VLOOKUP($B26,$R$3:$X$9,7,FALSE) -> #N/A | Y26: =VLOOKUP($B26,$R$3:$Z$9,8,FALSE) -> #N/A | Z26: =VLOOKUP($B26,$R$3:$Z$9,9,FALSE) -> #N/A
I27: MAXIMALT | N27: 98 | R27: =B27 -> 0 | S27: =VLOOKUP($B27,$R$3:$X$9,2,FALSE) -> #N/A | T27: =VLOOKUP($B27,$R$3:$X$9,3,FALSE) -> #N/A | U27: =VLOOKUP($B27,$R$3:$X$9,4,FALSE) -> #N/A | V27: =VLOOKUP($B27,$R$3:$X$9,5,FALSE) -> #N/A | W27: =VLOOKUP($B27,$R$3:$X$9,6,FALSE) -> #N/A | X27: =VLOOKUP($B27,$R$3:$X$9,7,FALSE) -> #N/A | Y27: =VLOOKUP($B27,$R$3:$Z$9,8,FALSE) -> #N/A | Z27: =VLOOKUP($B27,$R$3:$Z$9,9,FALSE) -> #N/A
I28: MACKESON | M28: =AVERAGE([7]Brewhouse!$AT$4:$AT$11,[7]Brewhouse!$AT$13:$AT$16,[7]Brewhouse!$AT$18:$AT$21) -> 91.832675 | N28: 98 | R28: =B28 -> 0 | S28: =VLOOKUP($B28,$R$3:$X$9,2,FALSE) -> #N/A | T28: =VLOOKUP($B28,$R$3:$X$9,3,FALSE) -> #N/A | U28: =VLOOKUP($B28,$R$3:$X$9,4,FALSE) -> #N/A | V28: =VLOOKUP($B28,$R$3:$X$9,5,FALSE) -> #N/A | W28: =VLOOKUP($B28,$R$3:$X$9,6,FALSE) -> #N/A | X28: =VLOOKUP($B28,$R$3:$X$9,7,FALSE) -> #N/A | Y28: =VLOOKUP($B28,$R$3:$Z$9,8,FALSE) -> #N/A | Z28: =VLOOKUP($B28,$R$3:$Z$9,9,FALSE) -> #N/A
I29: STARMALT | J29: =AVERAGE(I10:I14) -> 98.895691 | K29: =COUNTA([8]Brewhouse!$A$84:$A$91) -> 8 | L29: =AVERAGE([8]Brewhouse!$AY$84:$AY$91) -> 97.517044 | M29: =AVERAGE([8]Brewhouse!$AY$5:$AY$14,[8]Brewhouse!$AY$16:$AY$23,[8]Brewhouse!$AY$42,[8]Brewhouse!$AY$44:$AY$51,[8]Brewhouse!$AY$53:$AY$64,[8]Brewhouse!$AY$66:$AY$73,[8]Brewhouse!$AY$75:$AY$82,[8]Brewhouse!$AY$84:$AY$91) -> 98.050826 | N29: 98 | R29: =B29 -> 0 | S29: =VLOOKUP($B29,$R$3:$X$9,2,FALSE) -> #N/A | T29: =VLOOKUP($B29,$R$3:$X$9,3,FALSE) -> #N/A | U29: =VLOOKUP($B29,$R$3:$X$9,4,FALSE) -> #N/A | V29: =VLOOKUP($B29,$R$3:$X$9,5,FALSE) -> #N/A | W29: =VLOOKUP($B29,$R$3:$X$9,6,FALSE) -> #N/A | X29: =VLOOKUP($B29,$R$3:$X$9,7,FALSE) -> #N/A | Y29: =VLOOKUP($B29,$R$3:$Z$9,8,FALSE) -> #N/A | Z29: =VLOOKUP($B29,$R$3:$Z$9,9,FALSE) -> #N/A
I30: HR- Pils | N30: 98 | R30: =B30 -> 0 | S30: =VLOOKUP($B30,$R$3:$X$9,2,FALSE) -> #N/A | T30: =VLOOKUP($B30,$R$3:$X$9,3,FALSE) -> #N/A | U30: =VLOOKUP($B30,$R$3:$X$9,4,FALSE) -> #N/A | V30: =VLOOKUP($B30,$R$3:$X$9,5,FALSE) -> #N/A | W30: =VLOOKUP($B30,$R$3:$X$9,6,FALSE) -> #N/A | X30: =VLOOKUP($B30,$R$3:$X$9,7,FALSE) -> #N/A | Y30: =VLOOKUP($B30,$R$3:$Z$9,8,FALSE) -> #N/A | Z30: =VLOOKUP($B30,$R$3:$Z$9,9,FALSE) -> #N/A
I31: HR- IPA | N31: 98 | R31: =B31 -> 0 | S31: =VLOOKUP($B31,$R$3:$X$9,2,FALSE) -> #N/A | T31: =VLOOKUP($B31,$R$3:$X$9,3,FALSE) -> #N/A | U31: =VLOOKUP($B31,$R$3:$X$9,4,FALSE) -> #N/A | V31: =VLOOKUP($B31,$R$3:$X$9,5,FALSE) -> #N/A | W31: =VLOOKUP($B31,$R$3:$X$9,6,FALSE) -> #N/A | X31: =VLOOKUP($B31,$R$3:$X$9,7,FALSE) -> #N/A | Y31: =VLOOKUP($B31,$R$3:$Z$9,8,FALSE) -> #N/A | Z31: =VLOOKUP($B31,$R$3:$Z$9,9,FALSE) -> #N/A
I32: HR- APA | N32: 98 | R32: =B32 -> 0 | S32: =VLOOKUP($B32,$R$3:$X$9,2,FALSE) -> #N/A | T32: =VLOOKUP($B32,$R$3:$X$9,3,FALSE) -> #N/A | U32: =VLOOKUP($B32,$R$3:$X$9,4,FALSE) -> #N/A | V32: =VLOOKUP($B32,$R$3:$X$9,5,FALSE) -> #N/A | W32: =VLOOKUP($B32,$R$3:$X$9,6,FALSE) -> #N/A | X32: =VLOOKUP($B32,$R$3:$X$9,7,FALSE) -> #N/A | Y32: =VLOOKUP($B32,$R$3:$Z$9,8,FALSE) -> #N/A | Z32: =VLOOKUP($B32,$R$3:$Z$9,9,FALSE) -> #N/A
K33: =SUM(K23:K32) -> 18 | L33: =((L23*K23)+(L24*K24)+(L25*K25)+(L26*K26)+(L27*K27)+(K30*L30)+(L28*K28)+(L29*K29)+(L32*K32))/(K33) -> 98.747328 | M33: =AVERAGE('[9]Jan30th-31st'!$L$42,'[10]Feb 27th-28th'!$L$45,'[11]Mar 31st'!$L$42,'[12]Apr 30th'!$L$41,'[13]May 29th '!$L$35,'[14]June 30th'!$L$32,[15]July31st!$L$36,L33) -> 97.996679 | N33: 98 | R33: =B33 -> 0 | S33: =VLOOKUP($B33,$R$3:$X$9,2,FALSE) -> #N/A | T33: =VLOOKUP($B33,$R$3:$X$9,3,FALSE) -> #N/A | U33: =VLOOKUP($B33,$R$3:$X$9,4,FALSE) -> #N/A | V33: =VLOOKUP($B33,$R$3:$X$9,5,FALSE) -> #N/A | W33: =VLOOKUP($B33,$R$3:$X$9,6,FALSE) -> #N/A | X33: =VLOOKUP($B33,$R$3:$X$9,7,FALSE) -> #N/A | Y33: =VLOOKUP($B33,$R$3:$Z$9,8,FALSE) -> #N/A | Z33: =VLOOKUP($B33,$R$3:$Z$9,9,FALSE) -> #N/A
R34: =B34 -> 0 | S34: =VLOOKUP($B34,$R$3:$X$9,2,FALSE) -> #N/A | T34: =VLOOKUP($B34,$R$3:$X$9,3,FALSE) -> #N/A | U34: =VLOOKUP($B34,$R$3:$X$9,4,FALSE) -> #N/A | V34: =VLOOKUP($B34,$R$3:$X$9,5,FALSE) -> #N/A | W34: =VLOOKUP($B34,$R$3:$X$9,6,FALSE) -> #N/A | X34: =VLOOKUP($B34,$R$3:$X$9,7,FALSE) -> #N/A | Y34: =VLOOKUP($B34,$R$3:$Z$9,8,FALSE) -> #N/A | Z34: =VLOOKUP($B34,$R$3:$Z$9,9,FALSE) -> #N/A
J35: Daily Brewing Plan
J36: Brand | L36: Average Brews per day
J37: CARIB | K37: 3 | L37: MTD | M37: YTD | N37: TARGET
J38: STAG | L38: =AVERAGE(K47,'Aug 3rd '!K47,'Aug 2nd'!K52) -> 6.6666667 | M38: =AVERAGE('[9]Jan30th-31st'!$L$47,L38,'[10]Feb 26th '!$L$39,'[11]Mar 31st'!$L$47,'[12]Apr 30th'!$L$46,'[13]May 29th '!$L$40,'[14]June 30th'!$L$39) -> 6.3894786 | N38: 9.2
J39: GUINN
J40: VITAMALT
J41: STARMALT | K41: 5
J42: MACKESON
J43: HURRICANE REEF- IPA
J44: HURRICANE REEF- APA
B45: AVERAGE | J45: HR- PILSNER
J46: CARIBE
J47: Total | K47: =SUM(K37:K46) -> 8
B48: Process: | C48: Fermentation/Filtration
B50: Brand | C50: Filt. Date | D50: FV Hls | E50: GFE/ Prim/ Vita Blend (Hls) | F50: SV Hls | G50: BBT Hls | H50: Loss (%) Ferm | I50: Loss (%) Filt | J50: Comments | K50: Throughput | L50: Process Loss (%) | M50: Filt. Operator
AB51: 43474 | AC51: 43475 | AD51: 43476 | AE51: 43477 | AF51: 43478 | AG51: 43479 | AH51: 43480 | AI51: 43481 | AJ51: 43482 | AK51: 43483 | AL51: 43484 | AM51: 43485 | AN51: 43486 | AO51: 43487 | AP51: 43488 | AQ51: 43489 | AR51: 43490 | AS51: 43491 | AT51: 43492 | AU51: 43493 | AV51: 43494 | AW51: 43495 | AX51: 43496
B52: =J38 -> STAG | C52: 46218 | D52: =[35]July_2026!$R$13 -> 195.68 | G52: =[35]July_2026!$R$17 -> 184 | J52: 2 BREAKS | K52: =[36]July_2026!$R$25 -> 0.32280702 | L52: =(((D52+E52)-G52)/(D52+E52))*100 -> 5.9689289 | M52: J. Nelson | AB52: =[16]January_2019!L5 -> 0 | AC52: =[16]January_2019!M5 -> 0 | AD52: =[16]January_2019!N5 -> 0 | AE52: =[16]January_2019!O5 -> 0 | AF52: =[16]January_2019!P5 -> 0 | AG52: =[16]January_2019!Q5 -> 0 | AH52: =[16]January_2019!R5 -> 0 | AI52: =[16]January_2019!S5 -> 0 | ... AX52: =[16]January_2019!AH5 -> 0
AB53: =[16]January_2019!L6 -> 0 | AC53: =[16]January_2019!M6 -> 0 | AD53: =[16]January_2019!N6 -> 0 | AE53: =[16]January_2019!O6 -> 0 | AF53: =[16]January_2019!P6 -> 0 | AG53: =[16]January_2019!Q6 -> 0 | AH53: =[16]January_2019!R6 -> 0 | AI53: =[16]January_2019!S6 -> 0 | ... AX53: =[16]January_2019!AH6 -> 0
B54: =J37 -> CARIB | C54: 46238 | D54: =[35]August_2026!$G$3 -> 993.7 | G54: =[35]August_2026!$G$7 -> 959.5 | J54: 5 SBF, 1 BREAK | K54: =[36]August_2026!$G$18 -> 0.49809524 | L54: =(((D54+E54)-G54)/(D54+E54))*100 -> 3.4416826 | M54: D. Emery | AB54: =[16]January_2019!L7 -> 285.8 | AC54: =[16]January_2019!M7 -> 508.1 | AD54: =[16]January_2019!N7 -> 0 | AE54: =[16]January_2019!O7 -> 0 | AF54: =[16]January_2019!P7 -> 109.56667 | AG54: =[16]January_2019!Q7 -> 297.65 | AH54: =[16]January_2019!R7 -> 122.3 | AI54: =[16]January_2019!S7 -> 0 | ... AX54: =[16]January_2019!AH7 -> 0
B63: Process Loss (Volume) | G63: Process Loss (Extract) | K63: Throughput
B64: Brand | C64: Actual | D64: MTD | E64: YTD | F64: Target | G64: Actual | H64: MTD | I64: YTD | J64: Target | L64: MTD | M64: YTD | N64: Target
B65: CARIB | C65: =L54 -> 3.4416826 | F65: 4.8 | J65: 4.8 | N65: 1
B66: STAG | F66: 4.8 | J66: 4.8 | N66: 1
B67: GUINN | F67: 5.5 | J67: 5.5 | N67: 1
B68: VITAMALT | F68: 3.3 | J68: 3.3 | N68: 1
B69: APA | F69: 3.3 | J69: 3 | N69: 1
B70: MACKESON | F70: 5.5 | J70: 5.5 | N70: 1
B71: STARMALT | F71: 3.3 | J71: 3.3 | N71: 1
B72: IPA | F72: 7.5 | J72: 7.5 | N72: 1
B73: HURRICANE REEF PILS | F73: 4.8 | J73: 4.8 | N73: 1
F74: 5.5 | J74: 5.5 | N74: 1

Sheet Aug 5th
S1: P.G. | U1: Hot Time | W1: Process Time | Y1: Cooling Time
B2: Brewing Department Daily Process Loss Report | S2: Lower | T2: Upper | U2: Lower | V2: Upper | W2: Lower | X2: Upper | Y2: Lower | Z2: Upper
R3: CARIB | S3: 11.6 | T3: 12 | U3: 0 | V3: 0.11805556 | W3: 0.22569444 | X3: 0.26388889 | Y3: 0 | Z3: 60 | AB3: HR- PISNER
B4: Date: | C4: 46240 | J4: LOT WORT COLOUR: 3.4 | M4: Filter Sheets (Target 20 days) | R4: STAG | S4: 11.6 | T4: 12 | U4: 0 | V4: 0.11805556 | W4: 0.22569444 | X4: 0.26388889 | Y4: 0 | Z4: 60
M5: Double | N5: Single | R5: GUINNESS | S5: 17 | T5: 17.5 | U5: 0 | V5: 0.10763889 | W5: 0.24652778 | X5: 0.28472222 | Y5: 0 | Z5: 60
J6: MALT LOT: Lot #14 | L6: Sheet Day | R6: MACKESON | S6: 13.3 | T6: 13.5 | U6: 0 | V6: 0.12905093 | W6: 0.27430556 | X6: 0.30208333 | Y6: 0
R7: STARMALT | S7: 17 | T7: 17.4 | U7: 0 | V7: 0.13605324 | W7: 0.27430556 | X7: 0.30902778 | Y7: 0 | Z7: 85
B8: Brand | C8: Brew no. | D8: Kett. Hls | E8: Wort | F8: Cool Time(Mins) | G8: Cast. P.G. (Lab Result) | H8: Cast P.G. (Cellar Operator)-gravity | I8: Extr. Rec (77.9%) | J8: Theor. Extr. (77.5%) | K8: Boil Off /Vol. (4-6%) | L8: Boil Time | M8: Total Hot | N8: Brewing Time | O8: Operator | R8: Hurricane Reef | S8: 16.6 | T8: 17 | U8: 0 | V8: 0.12905093 | W8: 0.27430556 | X8: 0.30208333 | Y8: 0
E9: Meter (Hls) | F9: Target(< 60Mins) | M9: Time | R9: VITAMALT | S9: 14.2 | T9: 14.6 | U9: 0 | V9: 0.13905093 | W9: 0.26041667 | X9: 0.29513889 | Y9: 0 | Z9: 75
B10: CARIB | C10: =[4]Brewhouse!$A598 -> CA550 | D10: =[4]Brewhouse!$AF598 -> 48.6 | E10: =[4]Brewhouse!$AI598 -> 49.6 | F10: =[4]Brewhouse!$V598 -> 60 | G10: =[4]Brewhouse!AG598 -> 11.9 | H10: 12.1 | I10: =[4]Brewhouse!$AU598 -> 98.352761 | J10: =[4]Brewhouse!$AV598 -> 98.901534 | K10: =[4]Brewhouse!$Q598 -> 12.97597 | L10: =[4]Brewhouse!$P598 -> 60 | M10: =[4]Brewhouse!$U598-[4]Brewhouse!$T598 -> 0.10902778 | N10: =[4]Brewhouse!$Z598 -> 0.24236111 | O10: =[4]Brewhouse!$AX598 -> R. Regis | R10: =B10 -> CARIB | S10: =VLOOKUP($B10,$R$3:$X$9,2,FALSE) -> 11.6 | T10: =VLOOKUP($B10,$R$3:$X$9,3,FALSE) -> 12 | U10: =VLOOKUP($B10,$R$3:$X$9,4,FALSE) -> 0 | V10: =VLOOKUP($B10,$R$3:$X$9,5,FALSE) -> 0.11805556 | W10: =VLOOKUP($B10,$R$3:$X$9,6,FALSE) -> 0.22569444 | X10: =VLOOKUP($B10,$R$3:$X$9,7,FALSE) -> 0.26388889 | Y10: =VLOOKUP($B10,$R$3:$Z$9,8,FALSE) -> 0 | Z10: =VLOOKUP($B10,$R$3:$Z$9,9,FALSE) -> 60
B11: CARIB | C11: =[4]Brewhouse!$A599 -> CA551 | D11: =[4]Brewhouse!$AF599 -> 49.6 | E11: =[4]Brewhouse!$AI599 -> 50.4 | F11: =[4]Brewhouse!$V599 -> 62 | G11: =[4]Brewhouse!AG599 -> 11.8 | H11: 11.9 | I11: =[4]Brewhouse!$AU599 -> 99.302688 | J11: =[4]Brewhouse!$AV599 -> 99.856689 | K11: =[4]Brewhouse!$Q599 -> 11.127542 | L11: =[4]Brewhouse!$P599 -> 60 | M11: =[4]Brewhouse!$U599-[4]Brewhouse!$T599 -> 0.11388889 | N11: =[4]Brewhouse!$Z599 -> 0.24722222 | O11: =[4]Brewhouse!$AX599 -> R. Regis | R11: =B11 -> CARIB | S11: =VLOOKUP($B11,$R$3:$X$9,2,FALSE) -> 11.6 | T11: =VLOOKUP($B11,$R$3:$X$9,3,FALSE) -> 12 | U11: =VLOOKUP($B11,$R$3:$X$9,4,FALSE) -> 0 | V11: =VLOOKUP($B11,$R$3:$X$9,5,FALSE) -> 0.11805556 | W11: =VLOOKUP($B11,$R$3:$X$9,6,FALSE) -> 0.22569444 | X11: =VLOOKUP($B11,$R$3:$X$9,7,FALSE) -> 0.26388889 | Y11: =VLOOKUP($B11,$R$3:$Z$9,8,FALSE) -> 0 | Z11: =VLOOKUP($B11,$R$3:$Z$9,9,FALSE) -> 60
B12: CARIB | C12: =[4]Brewhouse!$A600 -> CA552 | D12: =[4]Brewhouse!$AF600 -> 49.6 | E12: =[4]Brewhouse!$AI600 -> 50.3 | F12: =[4]Brewhouse!$V600 -> 60 | G12: =[4]Brewhouse!AG600 -> 11.7 | H12: 11.7 | I12: =[4]Brewhouse!$AU600 -> 98.222221 | J12: =[4]Brewhouse!$AV600 -> 98.770194 | K12: =[4]Brewhouse!$Q600 -> 9.6487985 | L12: =[4]Brewhouse!$P600 -> 60 | M12: =[4]Brewhouse!$U600-[4]Brewhouse!$T600 -> 0.11875 | N12: =[4]Brewhouse!$Z600 -> 0.25208333 | O12: =[4]Brewhouse!$AX600 -> R. Regis | R12: =B12 -> CARIB | S12: =VLOOKUP($B12,$R$3:$X$9,2,FALSE) -> 11.6 | T12: =VLOOKUP($B12,$R$3:$X$9,3,FALSE) -> 12 | U12: =VLOOKUP($B12,$R$3:$X$9,4,FALSE) -> 0 | V12: =VLOOKUP($B12,$R$3:$X$9,5,FALSE) -> 0.11805556 | W12: =VLOOKUP($B12,$R$3:$X$9,6,FALSE) -> 0.22569444 | X12: =VLOOKUP($B12,$R$3:$X$9,7,FALSE) -> 0.26388889 | Y12: =VLOOKUP($B12,$R$3:$Z$9,8,FALSE) -> 0 | Z12: =VLOOKUP($B12,$R$3:$Z$9,9,FALSE) -> 60
B13: CARIB | C13: =[4]Brewhouse!$A601 -> CA553 | D13: =[4]Brewhouse!$AF601 -> 49.2 | E13: =[4]Brewhouse!$AI601 -> 50.7 | F13: =[4]Brewhouse!$V601 -> 63 | G13: =[4]Brewhouse!AG601 -> 11.8 | H13: 11.7 | I13: =[4]Brewhouse!$AU601 -> 99.769593 | J13: =[4]Brewhouse!$AV601 -> 100.32624 | K13: =[4]Brewhouse!$Q601 -> 13.345656 | L13: =[4]Brewhouse!$P601 -> 61 | M13: =[4]Brewhouse!$U601-[4]Brewhouse!$T601 -> 0.11458333 | N13: =[4]Brewhouse!$Z601 -> 0.25486111 | O13: =[4]Brewhouse!$AX601 -> R. Regis | R13: =B13 -> CARIB | S13: =VLOOKUP($B13,$R$3:$X$9,2,FALSE) -> 11.6 | T13: =VLOOKUP($B13,$R$3:$X$9,3,FALSE) -> 12 | U13: =VLOOKUP($B13,$R$3:$X$9,4,FALSE) -> 0 | V13: =VLOOKUP($B13,$R$3:$X$9,5,FALSE) -> 0.11805556 | W13: =VLOOKUP($B13,$R$3:$X$9,6,FALSE) -> 0.22569444 | X13: =VLOOKUP($B13,$R$3:$X$9,7,FALSE) -> 0.26388889 | Y13: =VLOOKUP($B13,$R$3:$Z$9,8,FALSE) -> 0 | Z13: =VLOOKUP($B13,$R$3:$Z$9,9,FALSE) -> 60
B14: CARIB | C14: =[4]Brewhouse!$A602 -> CA554 | D14: =[4]Brewhouse!$AF602 -> 48.4 | E14: =[4]Brewhouse!$AI602 -> 49.8 | F14: =[4]Brewhouse!$V602 -> 60 | G14: =[4]Brewhouse!AG602 -> 12 | H14: 12 | I14: =[4]Brewhouse!$AU602 -> 99.869826 | J14: =[4]Brewhouse!$AV602 -> 100.42699 | K14: =[4]Brewhouse!$Q602 -> 13.345656 | L14: =[4]Brewhouse!$P602 -> 62 | M14: =[4]Brewhouse!$U602-[4]Brewhouse!$T602 -> 0.10694444 | N14: =[4]Brewhouse!$Z602 -> 0.25 | O14: =[4]Brewhouse!$AX602 -> D. Gomaz | R14: =B14 -> CARIB | S14: =VLOOKUP($B14,$R$3:$X$9,2,FALSE) -> 11.6 | T14: =VLOOKUP($B14,$R$3:$X$9,3,FALSE) -> 12 | U14: =VLOOKUP($B14,$R$3:$X$9,4,FALSE) -> 0 | V14: =VLOOKUP($B14,$R$3:$X$9,5,FALSE) -> 0.11805556 | W14: =VLOOKUP($B14,$R$3:$X$9,6,FALSE) -> 0.22569444 | X14: =VLOOKUP($B14,$R$3:$X$9,7,FALSE) -> 0.26388889 | Y14: =VLOOKUP($B14,$R$3:$Z$9,8,FALSE) -> 0 | Z14: =VLOOKUP($B14,$R$3:$Z$9,9,FALSE) -> 60
B15: CARIB | C15: =[4]Brewhouse!$A603 -> CA555 | D15: =[4]Brewhouse!$AF603 -> 48.6 | E15: =[4]Brewhouse!$AI603 -> 48.7 | F15: =[4]Brewhouse!$V603 -> 53 | G15: =[4]Brewhouse!AG603 -> 11.7 | H15: 12.11 | I15: =[4]Brewhouse!$AU603 -> 94.979636 | J15: =[4]Brewhouse!$AV603 -> 95.509554 | K15: =[4]Brewhouse!$Q603 -> 11.333333 | L15: =[4]Brewhouse!$P603 -> 60 | M15: =[4]Brewhouse!$U603-[4]Brewhouse!$T603 -> 0.081944444 | N15: =[4]Brewhouse!$Z603 -> 0.22777778 | O15: =[4]Brewhouse!$AX603 -> D. Gomaz | R15: =B15 -> CARIB | S15: =VLOOKUP($B15,$R$3:$X$9,2,FALSE) -> 11.6 | T15: =VLOOKUP($B15,$R$3:$X$9,3,FALSE) -> 12 | U15: =VLOOKUP($B15,$R$3:$X$9,4,FALSE) -> 0 | V15: =VLOOKUP($B15,$R$3:$X$9,5,FALSE) -> 0.11805556 | W15: =VLOOKUP($B15,$R$3:$X$9,6,FALSE) -> 0.22569444 | X15: =VLOOKUP($B15,$R$3:$X$9,7,FALSE) -> 0.26388889 | Y15: =VLOOKUP($B15,$R$3:$Z$9,8,FALSE) -> 0 | Z15: =VLOOKUP($B15,$R$3:$Z$9,9,FALSE) -> 60
B16: CARIB | C16: =[4]Brewhouse!$A604 -> CA556 | D16: =[4]Brewhouse!$AF604 -> 48.2 | E16: =[4]Brewhouse!$AI604 -> 49.2 | F16: =[4]Brewhouse!$V604 -> 52 | G16: =[4]Brewhouse!AG604 -> 11.9 | H16: 12.08 | I16: =[4]Brewhouse!$AU604 -> 97.924342 | J16: =[4]Brewhouse!$AV604 -> 98.470617 | K16: =[4]Brewhouse!$Q604 -> 12.236599 | L16: =[4]Brewhouse!$P604 -> 60 | M16: =[4]Brewhouse!$U604-[4]Brewhouse!$T604 -> 0.11319444 | N16: =[4]Brewhouse!$Z604 -> 0.26944444 | O16: =[4]Brewhouse!$AX604 -> K. Benjamin | R16: =B16 -> CARIB | S16: =VLOOKUP($B16,$R$3:$X$9,2,FALSE) -> 11.6 | T16: =VLOOKUP($B16,$R$3:$X$9,3,FALSE) -> 12 | U16: =VLOOKUP($B16,$R$3:$X$9,4,FALSE) -> 0 | V16: =VLOOKUP($B16,$R$3:$X$9,5,FALSE) -> 0.11805556 | W16: =VLOOKUP($B16,$R$3:$X$9,6,FALSE) -> 0.22569444 | X16: =VLOOKUP($B16,$R$3:$X$9,7,FALSE) -> 0.26388889 | Y16: =VLOOKUP($B16,$R$3:$Z$9,8,FALSE) -> 0 | Z16: =VLOOKUP($B16,$R$3:$Z$9,9,FALSE) -> 60
R17: =B17 -> 0 | S17: =VLOOKUP($B17,$R$3:$X$9,2,FALSE) -> #N/A | T17: =VLOOKUP($B17,$R$3:$X$9,3,FALSE) -> #N/A | U17: =VLOOKUP($B17,$R$3:$X$9,4,FALSE) -> #N/A | V17: =VLOOKUP($B17,$R$3:$X$9,5,FALSE) -> #N/A | W17: =VLOOKUP($B17,$R$3:$X$9,6,FALSE) -> #N/A | X17: =VLOOKUP($B17,$R$3:$X$9,7,FALSE) -> #N/A | Y17: =VLOOKUP($B17,$R$3:$Z$9,8,FALSE) -> #N/A | Z17: =VLOOKUP($B17,$R$3:$Z$9,9,FALSE) -> #N/A
R18: =B18 -> 0 | S18: =VLOOKUP($B18,$R$3:$X$9,2,FALSE) -> #N/A | T18: =VLOOKUP($B18,$R$3:$X$9,3,FALSE) -> #N/A | U18: =VLOOKUP($B18,$R$3:$X$9,4,FALSE) -> #N/A | V18: =VLOOKUP($B18,$R$3:$X$9,5,FALSE) -> #N/A | W18: =VLOOKUP($B18,$R$3:$X$9,6,FALSE) -> #N/A | X18: =VLOOKUP($B18,$R$3:$X$9,7,FALSE) -> #N/A | Y18: =VLOOKUP($B18,$R$3:$Z$9,8,FALSE) -> #N/A | Z18: =VLOOKUP($B18,$R$3:$Z$9,9,FALSE) -> #N/A
R19: =B19 -> 0 | S19: =VLOOKUP($B19,$R$3:$X$9,2,FALSE) -> #N/A | T19: =VLOOKUP($B19,$R$3:$X$9,3,FALSE) -> #N/A | U19: =VLOOKUP($B19,$R$3:$X$9,4,FALSE) -> #N/A | V19: =VLOOKUP($B19,$R$3:$X$9,5,FALSE) -> #N/A | W19: =VLOOKUP($B19,$R$3:$X$9,6,FALSE) -> #N/A | X19: =VLOOKUP($B19,$R$3:$X$9,7,FALSE) -> #N/A | Y19: =VLOOKUP($B19,$R$3:$Z$9,8,FALSE) -> #N/A | Z19: =VLOOKUP($B19,$R$3:$Z$9,9,FALSE) -> #N/A
R20: =B20 -> 0 | S20: =VLOOKUP($B20,$R$3:$X$9,2,FALSE) -> #N/A | T20: =VLOOKUP($B20,$R$3:$X$9,3,FALSE) -> #N/A | U20: =VLOOKUP($B20,$R$3:$X$9,4,FALSE) -> #N/A | V20: =VLOOKUP($B20,$R$3:$X$9,5,FALSE) -> #N/A | W20: =VLOOKUP($B20,$R$3:$X$9,6,FALSE) -> #N/A | X20: =VLOOKUP($B20,$R$3:$X$9,7,FALSE) -> #N/A | Y20: =VLOOKUP($B20,$R$3:$Z$9,8,FALSE) -> #N/A | Z20: =VLOOKUP($B20,$R$3:$Z$9,9,FALSE) -> #N/A
R21: =B21 -> 0 | S21: =VLOOKUP($B21,$R$3:$X$9,2,FALSE) -> #N/A | T21: =VLOOKUP($B21,$R$3:$X$9,3,FALSE) -> #N/A | U21: =VLOOKUP($B21,$R$3:$X$9,4,FALSE) -> #N/A | V21: =VLOOKUP($B21,$R$3:$X$9,5,FALSE) -> #N/A | W21: =VLOOKUP($B21,$R$3:$X$9,6,FALSE) -> #N/A | X21: =VLOOKUP($B21,$R$3:$X$9,7,FALSE) -> #N/A | Y21: =VLOOKUP($B21,$R$3:$Z$9,8,FALSE) -> #N/A | Z21: =VLOOKUP($B21,$R$3:$Z$9,9,FALSE) -> #N/A
R22: =B22 -> 0 | S22: =VLOOKUP($B22,$R$3:$X$9,2,FALSE) -> #N/A | T22: =VLOOKUP($B22,$R$3:$X$9,3,FALSE) -> #N/A | U22: =VLOOKUP($B22,$R$3:$X$9,4,FALSE) -> #N/A | V22: =VLOOKUP($B22,$R$3:$X$9,5,FALSE) -> #N/A | W22: =VLOOKUP($B22,$R$3:$X$9,6,FALSE) -> #N/A | X22: =VLOOKUP($B22,$R$3:$X$9,7,FALSE) -> #N/A | Y22: =VLOOKUP($B22,$R$3:$Z$9,8,FALSE) -> #N/A | Z22: =VLOOKUP($B22,$R$3:$Z$9,9,FALSE) -> #N/A
R23: =B23 -> 0 | S23: =VLOOKUP($B23,$R$3:$X$9,2,FALSE) -> #N/A | T23: =VLOOKUP($B23,$R$3:$X$9,3,FALSE) -> #N/A | U23: =VLOOKUP($B23,$R$3:$X$9,4,FALSE) -> #N/A | V23: =VLOOKUP($B23,$R$3:$X$9,5,FALSE) -> #N/A | W23: =VLOOKUP($B23,$R$3:$X$9,6,FALSE) -> #N/A | X23: =VLOOKUP($B23,$R$3:$X$9,7,FALSE) -> #N/A | Y23: =VLOOKUP($B23,$R$3:$Z$9,8,FALSE) -> #N/A | Z23: =VLOOKUP($B23,$R$3:$Z$9,9,FALSE) -> #N/A
R24: =B24 -> 0 | S24: =VLOOKUP($B24,$R$3:$X$9,2,FALSE) -> #N/A | T24: =VLOOKUP($B24,$R$3:$X$9,3,FALSE) -> #N/A | U24: =VLOOKUP($B24,$R$3:$X$9,4,FALSE) -> #N/A | V24: =VLOOKUP($B24,$R$3:$X$9,5,FALSE) -> #N/A | W24: =VLOOKUP($B24,$R$3:$X$9,6,FALSE) -> #N/A | X24: =VLOOKUP($B24,$R$3:$X$9,7,FALSE) -> #N/A | Y24: =VLOOKUP($B24,$R$3:$Z$9,8,FALSE) -> #N/A | Z24: =VLOOKUP($B24,$R$3:$Z$9,9,FALSE) -> #N/A
R25: =B25 -> 0 | S25: =VLOOKUP($B25,$R$3:$X$9,2,FALSE) -> #N/A | T25: =VLOOKUP($B25,$R$3:$X$9,3,FALSE) -> #N/A | U25: =VLOOKUP($B25,$R$3:$X$9,4,FALSE) -> #N/A | V25: =VLOOKUP($B25,$R$3:$X$9,5,FALSE) -> #N/A | W25: =VLOOKUP($B25,$R$3:$X$9,6,FALSE) -> #N/A | X25: =VLOOKUP($B25,$R$3:$X$9,7,FALSE) -> #N/A | Y25: =VLOOKUP($B25,$R$3:$Z$9,8,FALSE) -> #N/A | Z25: =VLOOKUP($B25,$R$3:$Z$9,9,FALSE) -> #N/A
B26: BRAND | D26: BBT P.G./ O.G | I26: Brand | K26: MTD No. of Brews | L26: MTD | M26: YTD | N26: Target | R26: =B26 -> BRAND | S26: =VLOOKUP($B26,$R$3:$X$9,2,FALSE) -> #N/A | T26: =VLOOKUP($B26,$R$3:$X$9,3,FALSE) -> #N/A | U26: =VLOOKUP($B26,$R$3:$X$9,4,FALSE) -> #N/A | V26: =VLOOKUP($B26,$R$3:$X$9,5,FALSE) -> #N/A | W26: =VLOOKUP($B26,$R$3:$X$9,6,FALSE) -> #N/A | X26: =VLOOKUP($B26,$R$3:$X$9,7,FALSE) -> #N/A | Y26: =VLOOKUP($B26,$R$3:$Z$9,8,FALSE) -> #N/A | Z26: =VLOOKUP($B26,$R$3:$Z$9,9,FALSE) -> #N/A
B27: =I28 -> STAG | C27: =[3]Process!D305 -> 11.6 | D27: 11.7 | I27: CARIB | J27: =AVERAGE(I10:I16) -> 98.345867 | K27: =COUNTA([4]Brewhouse!$A$595:$A$604) -> 10 | L27: =AVERAGE([4]Brewhouse!$AU$595:$AU$604) -> 99.507369 | M27: =AVERAGE([4]Brewhouse!$AU$42:$AU$123,[4]Brewhouse!$AU$125:$AU$188,[4]Brewhouse!$AU$198:$AU$290,[4]Brewhouse!$AU$292:$AU$370,[4]Brewhouse!$AU$372:$AU$439,[4]Brewhouse!$AU$441:$AU$497,[4]Brewhouse!$AU$499:$AU$519,[4]Brewhouse!$AU$521:$AU$593,[4]Brewhouse!$AU$595:$AU$604) -> 98.193029 | N27: 98 | R27: =B27 -> STAG | S27: =VLOOKUP($B27,$R$3:$X$9,2,FALSE) -> 11.6 | T27: =VLOOKUP($B27,$R$3:$X$9,3,FALSE) -> 12 | U27: =VLOOKUP($B27,$R$3:$X$9,4,FALSE) -> 0 | V27: =VLOOKUP($B27,$R$3:$X$9,5,FALSE) -> 0.11805556 | W27: =VLOOKUP($B27,$R$3:$X$9,6,FALSE) -> 0.22569444 | X27: =VLOOKUP($B27,$R$3:$X$9,7,FALSE) -> 0.26388889 | Y27: =VLOOKUP($B27,$R$3:$Z$9,8,FALSE) -> 0 | Z27: =VLOOKUP($B27,$R$3:$Z$9,9,FALSE) -> 60
C28: =[3]Process!D306 -> 11.7 | I28: STAG | K28: =COUNTA([3]Brewhouse!$A$327:$A$335) -> 9 | L28: =AVERAGE([3]Brewhouse!$AS$327:$AS$335) -> 99.373911 | M28: =AVERAGE([3]Brewhouse!$AS$52:$AS$81,[3]Brewhouse!$AS$83:$AS$124,[3]Brewhouse!$AS$134:$AS$177,[3]Brewhouse!$AS$22:$AS$179,[3]Brewhouse!$AS$214:$AS$249,[3]Brewhouse!$AS$252:$AS$293,[3]Brewhouse!$AS$295:$AS$325,[3]Brewhouse!$AS$327:$AS$335) -> 98.172944 | N28: 98 | R28: =B28 -> 0 | S28: =VLOOKUP($B28,$R$3:$X$9,2,FALSE) -> #N/A | T28: =VLOOKUP($B28,$R$3:$X$9,3,FALSE) -> #N/A | U28: =VLOOKUP($B28,$R$3:$X$9,4,FALSE) -> #N/A | V28: =VLOOKUP($B28,$R$3:$X$9,5,FALSE) -> #N/A | W28: =VLOOKUP($B28,$R$3:$X$9,6,FALSE) -> #N/A | X28: =VLOOKUP($B28,$R$3:$X$9,7,FALSE) -> #N/A | Y28: =VLOOKUP($B28,$R$3:$Z$9,8,FALSE) -> #N/A | Z28: =VLOOKUP($B28,$R$3:$Z$9,9,FALSE) -> #N/A
C29: =[3]Process!D307 -> 11.8 | D29: 11.75 | I29: GUINNESS | M29: =AVERAGE([5]Brewhouse!$AU$16:$AU$23,[5]Brewhouse!$AU$25:$AU$32,[5]Brewhouse!$AU$34:$AU$41,[5]Brewhouse!$AU$43:$AU$60,[5]Brewhouse!$AU$62:$AU$69,[5]Brewhouse!$AU$71:$AU$88) -> 96.520986 | N29: 98 | R29: =B29 -> 0 | S29: =VLOOKUP($B29,$R$3:$X$9,2,FALSE) -> #N/A | T29: =VLOOKUP($B29,$R$3:$X$9,3,FALSE) -> #N/A | U29: =VLOOKUP($B29,$R$3:$X$9,4,FALSE) -> #N/A | V29: =VLOOKUP($B29,$R$3:$X$9,5,FALSE) -> #N/A | W29: =VLOOKUP($B29,$R$3:$X$9,6,FALSE) -> #N/A | X29: =VLOOKUP($B29,$R$3:$X$9,7,FALSE) -> #N/A | Y29: =VLOOKUP($B29,$R$3:$Z$9,8,FALSE) -> #N/A | Z29: =VLOOKUP($B29,$R$3:$Z$9,9,FALSE) -> #N/A
C30: =[3]Process!D308 -> 11.8 | I30: VITAMALT | M30: =AVERAGE([6]Brewhouse!$AV$23:$AV$34,[6]Brewhouse!$AV$36,[6]Brewhouse!$AV$38:$AV$52,[6]Brewhouse!$AV$54:$AV$60,[6]Brewhouse!$AV$62:$AV$69,[6]Brewhouse!$AV$71:$AV$78,[6]Brewhouse!$AV$80:$AV$87) -> 97.513043 | N30: 98 | R30: =B30 -> 0 | S30: =VLOOKUP($B30,$R$3:$X$9,2,FALSE) -> #N/A | T30: =VLOOKUP($B30,$R$3:$X$9,3,FALSE) -> #N/A | U30: =VLOOKUP($B30,$R$3:$X$9,4,FALSE) -> #N/A | V30: =VLOOKUP($B30,$R$3:$X$9,5,FALSE) -> #N/A | W30: =VLOOKUP($B30,$R$3:$X$9,6,FALSE) -> #N/A | X30: =VLOOKUP($B30,$R$3:$X$9,7,FALSE) -> #N/A | Y30: =VLOOKUP($B30,$R$3:$Z$9,8,FALSE) -> #N/A | Z30: =VLOOKUP($B30,$R$3:$Z$9,9,FALSE) -> #N/A
C31: =[3]Process!D309 -> 11.8 | D31: 11.7 | I31: MAXIMALT | N31: 98 | R31: =B31 -> 0 | S31: =VLOOKUP($B31,$R$3:$X$9,2,FALSE) -> #N/A | T31: =VLOOKUP($B31,$R$3:$X$9,3,FALSE) -> #N/A | U31: =VLOOKUP($B31,$R$3:$X$9,4,FALSE) -> #N/A | V31: =VLOOKUP($B31,$R$3:$X$9,5,FALSE) -> #N/A | W31: =VLOOKUP($B31,$R$3:$X$9,6,FALSE) -> #N/A | X31: =VLOOKUP($B31,$R$3:$X$9,7,FALSE) -> #N/A | Y31: =VLOOKUP($B31,$R$3:$Z$9,8,FALSE) -> #N/A | Z31: =VLOOKUP($B31,$R$3:$Z$9,9,FALSE) -> #N/A
C32: =[3]Process!D310 -> 11.9 | I32: MACKESON | M32: =AVERAGE([7]Brewhouse!$AT$4:$AT$11,[7]Brewhouse!$AT$13:$AT$16,[7]Brewhouse!$AT$18:$AT$21) -> 91.832675 | N32: 98 | R32: =B32 -> 0 | S32: =VLOOKUP($B32,$R$3:$X$9,2,FALSE) -> #N/A | T32: =VLOOKUP($B32,$R$3:$X$9,3,FALSE) -> #N/A | U32: =VLOOKUP($B32,$R$3:$X$9,4,FALSE) -> #N/A | V32: =VLOOKUP($B32,$R$3:$X$9,5,FALSE) -> #N/A | W32: =VLOOKUP($B32,$R$3:$X$9,6,FALSE) -> #N/A | X32: =VLOOKUP($B32,$R$3:$X$9,7,FALSE) -> #N/A | Y32: =VLOOKUP($B32,$R$3:$Z$9,8,FALSE) -> #N/A | Z32: =VLOOKUP($B32,$R$3:$Z$9,9,FALSE) -> #N/A
I33: STARMALT | K33: =COUNTA([8]Brewhouse!$A$84:$A$91) -> 8 | L33: =AVERAGE([8]Brewhouse!$AY$84:$AY$91) -> 97.517044 | M33: =AVERAGE([8]Brewhouse!$AY$5:$AY$14,[8]Brewhouse!$AY$16:$AY$23,[8]Brewhouse!$AY$42,[8]Brewhouse!$AY$44:$AY$51,[8]Brewhouse!$AY$53:$AY$64,[8]Brewhouse!$AY$66:$AY$73,[8]Brewhouse!$AY$75:$AY$82,[8]Brewhouse!$AY$84:$AY$91) -> 98.050826 | N33: 98 | R33: =B33 -> 0 | S33: =VLOOKUP($B33,$R$3:$X$9,2,FALSE) -> #N/A | T33: =VLOOKUP($B33,$R$3:$X$9,3,FALSE) -> #N/A | U33: =VLOOKUP($B33,$R$3:$X$9,4,FALSE) -> #N/A | V33: =VLOOKUP($B33,$R$3:$X$9,5,FALSE) -> #N/A | W33: =VLOOKUP($B33,$R$3:$X$9,6,FALSE) -> #N/A | X33: =VLOOKUP($B33,$R$3:$X$9,7,FALSE) -> #N/A | Y33: =VLOOKUP($B33,$R$3:$Z$9,8,FALSE) -> #N/A | Z33: =VLOOKUP($B33,$R$3:$Z$9,9,FALSE) -> #N/A
I34: HR- Pils | N34: 98 | R34: =B34 -> 0 | S34: =VLOOKUP($B34,$R$3:$X$9,2,FALSE) -> #N/A | T34: =VLOOKUP($B34,$R$3:$X$9,3,FALSE) -> #N/A | U34: =VLOOKUP($B34,$R$3:$X$9,4,FALSE) -> #N/A | V34: =VLOOKUP($B34,$R$3:$X$9,5,FALSE) -> #N/A | W34: =VLOOKUP($B34,$R$3:$X$9,6,FALSE) -> #N/A | X34: =VLOOKUP($B34,$R$3:$X$9,7,FALSE) -> #N/A | Y34: =VLOOKUP($B34,$R$3:$Z$9,8,FALSE) -> #N/A | Z34: =VLOOKUP($B34,$R$3:$Z$9,9,FALSE) -> #N/A
I35: HR- IPA | N35: 98 | R35: =B35 -> 0 | S35: =VLOOKUP($B35,$R$3:$X$9,2,FALSE) -> #N/A | T35: =VLOOKUP($B35,$R$3:$X$9,3,FALSE) -> #N/A | U35: =VLOOKUP($B35,$R$3:$X$9,4,FALSE) -> #N/A | V35: =VLOOKUP($B35,$R$3:$X$9,5,FALSE) -> #N/A | W35: =VLOOKUP($B35,$R$3:$X$9,6,FALSE) -> #N/A | X35: =VLOOKUP($B35,$R$3:$X$9,7,FALSE) -> #N/A | Y35: =VLOOKUP($B35,$R$3:$Z$9,8,FALSE) -> #N/A | Z35: =VLOOKUP($B35,$R$3:$Z$9,9,FALSE) -> #N/A
I36: HR- APA | N36: 98 | R36: =B36 -> 0 | S36: =VLOOKUP($B36,$R$3:$X$9,2,FALSE) -> #N/A | T36: =VLOOKUP($B36,$R$3:$X$9,3,FALSE) -> #N/A | U36: =VLOOKUP($B36,$R$3:$X$9,4,FALSE) -> #N/A | V36: =VLOOKUP($B36,$R$3:$X$9,5,FALSE) -> #N/A | W36: =VLOOKUP($B36,$R$3:$X$9,6,FALSE) -> #N/A | X36: =VLOOKUP($B36,$R$3:$X$9,7,FALSE) -> #N/A | Y36: =VLOOKUP($B36,$R$3:$Z$9,8,FALSE) -> #N/A | Z36: =VLOOKUP($B36,$R$3:$Z$9,9,FALSE) -> #N/A
K37: =SUM(K27:K36) -> 27 | L37: =((L27*K27)+(L28*K28)+(L29*K29)+(L30*K30)+(L31*K31)+(K34*L34)+(L32*K32)+(L33*K33)+(L36*K36))/(K37) -> 98.873157 | M37: =AVERAGE('[9]Jan30th-31st'!$L$42,'[10]Feb 27th-28th'!$L$45,'[11]Mar 31st'!$L$42,'[12]Apr 30th'!$L$41,'[13]May 29th '!$L$35,'[14]June 30th'!$L$32,[15]July31st!$L$36,L37) -> 98.014655 | N37: 98 | R37: =B37 -> 0 | S37: =VLOOKUP($B37,$R$3:$X$9,2,FALSE) -> #N/A | T37: =VLOOKUP($B37,$R$3:$X$9,3,FALSE) -> #N/A | U37: =VLOOKUP($B37,$R$3:$X$9,4,FALSE) -> #N/A | V37: =VLOOKUP($B37,$R$3:$X$9,5,FALSE) -> #N/A | W37: =VLOOKUP($B37,$R$3:$X$9,6,FALSE) -> #N/A | X37: =VLOOKUP($B37,$R$3:$X$9,7,FALSE) -> #N/A | Y37: =VLOOKUP($B37,$R$3:$Z$9,8,FALSE) -> #N/A | Z37: =VLOOKUP($B37,$R$3:$Z$9,9,FALSE) -> #N/A
R38: =B38 -> 0 | S38: =VLOOKUP($B38,$R$3:$X$9,2,FALSE) -> #N/A | T38: =VLOOKUP($B38,$R$3:$X$9,3,FALSE) -> #N/A | U38: =VLOOKUP($B38,$R$3:$X$9,4,FALSE) -> #N/A | V38: =VLOOKUP($B38,$R$3:$X$9,5,FALSE) -> #N/A | W38: =VLOOKUP($B38,$R$3:$X$9,6,FALSE) -> #N/A | X38: =VLOOKUP($B38,$R$3:$X$9,7,FALSE) -> #N/A | Y38: =VLOOKUP($B38,$R$3:$Z$9,8,FALSE) -> #N/A | Z38: =VLOOKUP($B38,$R$3:$Z$9,9,FALSE) -> #N/A
J39: Daily Brewing Plan
J40: Brand | L40: Average Brews per day
J41: CARIB | K41: 7 | L41: MTD | M41: YTD | N41: TARGET
J42: STAG | L42: =AVERAGE(K51,'Aug 3rd '!K47,'Aug 2nd'!K52,'Aug 4th'!K47) -> 6.75 | M42: =AVERAGE('[9]Jan30th-31st'!$L$47,L42,'[10]Feb 26th '!$L$39,'[11]Mar 31st'!$L$47,'[12]Apr 30th'!$L$46,'[13]May 29th '!$L$40,'[14]June 30th'!$L$39) -> 6.4013834 | N42: 9.2
J43: GUINN
J44: VITAMALT
J45: STARMALT
J46: MACKESON
J47: HURRICANE REEF- IPA
J48: HURRICANE REEF- APA
B49: AVERAGE | J49: HR- PILSNER
J50: CARIBE
J51: Total | K51: =SUM(K41:K50) -> 7
B52: Process: | C52: Fermentation/Filtration
B54: Brand | C54: Filt. Date | D54: FV Hls | E54: GFE/ Prim/ Vita Blend (Hls) | F54: SV Hls | G54: BBT Hls | H54: Loss (%) Ferm | I54: Loss (%) Filt | J54: Comments | K54: Throughput | L54: Process Loss (%) | M54: Filt. Operator
AB55: 43474 | AC55: 43475 | AD55: 43476 | AE55: 43477 | AF55: 43478 | AG55: 43479 | AH55: 43480 | AI55: 43481 | AJ55: 43482 | AK55: 43483 | AL55: 43484 | AM55: 43485 | AN55: 43486 | AO55: 43487 | AP55: 43488 | AQ55: 43489 | AR55: 43490 | AS55: 43491 | AT55: 43492 | AU55: 43493 | AV55: 43494 | AW55: 43495 | AX55: 43496
B56: =J42 -> STAG | C56: 46218 | D56: =[35]July_2026!$R$13 -> 195.68 | G56: =[35]July_2026!$R$17 -> 184 | J56: 2 BREAKS | K56: =[36]July_2026!$R$25 -> 0.32280702 | L56: =(((D56+E56)-G56)/(D56+E56))*100 -> 5.9689289 | M56: J. Nelson | AB56: =[16]January_2019!L5 -> 0 | AC56: =[16]January_2019!M5 -> 0 | AD56: =[16]January_2019!N5 -> 0 | AE56: =[16]January_2019!O5 -> 0 | AF56: =[16]January_2019!P5 -> 0 | AG56: =[16]January_2019!Q5 -> 0 | AH56: =[16]January_2019!R5 -> 0 | AI56: =[16]January_2019!S5 -> 0 | ... AX56: =[16]January_2019!AH5 -> 0
AB57: =[16]January_2019!L6 -> 0 | AC57: =[16]January_2019!M6 -> 0 | AD57: =[16]January_2019!N6 -> 0 | AE57: =[16]January_2019!O6 -> 0 | AF57: =[16]January_2019!P6 -> 0 | AG57: =[16]January_2019!Q6 -> 0 | AH57: =[16]January_2019!R6 -> 0 | AI57: =[16]January_2019!S6 -> 0 | ... AX57: =[16]January_2019!AH6 -> 0
B58: =J41 -> CARIB | C58: 46239 | D58: =[35]August_2026!$H$13 -> 342.6 | G58: =[35]August_2026!$H$17 -> 295.3 | J58: NO SBF | K58: =[36]August_2026!$H$25 -> 1.0361404 | L58: =(((D58+E58)-G58)/(D58+E58))*100 -> 13.806188 | M58: K. Neptune | AB58: =[16]January_2019!L7 -> 285.8 | AC58: =[16]January_2019!M7 -> 508.1 | AD58: =[16]January_2019!N7 -> 0 | AE58: =[16]January_2019!O7 -> 0 | AF58: =[16]January_2019!P7 -> 109.56667 | AG58: =[16]January_2019!Q7 -> 297.65 | AH58: =[16]January_2019!R7 -> 122.3 | AI58: =[16]January_2019!S7 -> 0 | ... AX58: =[16]January_2019!AH7 -> 0
B67: Process Loss (Volume) | G67: Process Loss (Extract) | K67: Throughput
B68: Brand | C68: Actual | D68: MTD | E68: YTD | F68: Target | G68: Actual | H68: MTD | I68: YTD | J68: Target | L68: MTD | M68: YTD | N68: Target
B69: CARIB | C69: =L58 -> 13.806188 | D69: 5.3537285 | F69: 4.8 | G69: =[35]August_2026!$H$21 -> 14.156285 | H69: 6.2741136 | I69: 6.794019 | J69: 4.8 | K69: =K58 -> 1.0361404 | L69: 0.49809524 | M69: 0.53718 | N69: 1
B70: STAG | D70: 13.806188 | F70: 4.8 | H70: 14.156285 | I70: 6.0280449 | J70: 4.8 | L70: 1.0361404 | M70: 0.71156427 | N70: 1
B71: GUINN | D71: 8.0132764 | F71: 5.5 | H71: 7.2619981 | I71: 11.847386 | J71: 5.5 | L71: 0.68070175 | M71: 0.37172629 | N71: 1
B72: VITAMALT | F72: 3.3 | I72: 5.0921773 | J72: 3.3 | M72: 0.79040936 | N72: 1
B73: APA | F73: 3.3 | J73: 3 | N73: 1
B74: MACKESON | F74: 5.5 | I74: 8.2405788 | J74: 5.5 | M74: 0.78491228 | N74: 1
B75: STARMALT | F75: 3.3 | I75: 4.9259238 | J75: 3.3 | M75: 0.88846199 | N75: 1
B76: IPA | F76: 7.5 | J76: 7.5 | N76: 1
B77: HURRICANE REEF PILS | F77: 4.8 | J77: 4.8 | N77: 1
D78: 7.5879007 | F78: 5.5 | H78: 8.0921255 | I78: 6.8120633 | J78: 5.5 | L78: 0.73831245 | M78: 0.60904141 | N78: 1

Sheet Aug 6th
S1: P.G. | U1: Hot Time | W1: Process Time | Y1: Cooling Time
B2: Brewing Department Daily Process Loss Report | S2: Lower | T2: Upper | U2: Lower | V2: Upper | W2: Lower | X2: Upper | Y2: Lower | Z2: Upper
R3: CARIB | S3: 11.6 | T3: 12 | U3: 0 | V3: 0.11805556 | W3: 0.22569444 | X3: 0.26388889 | Y3: 0 | Z3: 60 | AB3: HR- PISNER
B4: Date: | C4: 46241 | J4: LOT WORT COLOUR: 3.4 | M4: Filter Sheets (Target 20 days) | R4: STAG | S4: 11.6 | T4: 12 | U4: 0 | V4: 0.11805556 | W4: 0.22569444 | X4: 0.26388889 | Y4: 0 | Z4: 60
M5: Double | N5: Single | R5: GUINNESS | S5: 17 | T5: 17.5 | U5: 0 | V5: 0.10763889 | W5: 0.24652778 | X5: 0.28472222 | Y5: 0 | Z5: 60
J6: MALT LOT: Lot #14 | L6: Sheet Day | R6: MACKESON | S6: 13.3 | T6: 13.5 | U6: 0 | V6: 0.12905093 | W6: 0.27430556 | X6: 0.30208333 | Y6: 0
R7: STARMALT | S7: 17 | T7: 17.4 | U7: 0 | V7: 0.13605324 | W7: 0.27430556 | X7: 0.30902778 | Y7: 0 | Z7: 85
B8: Brand | C8: Brew no. | D8: Kett. Hls | E8: Wort | F8: Cool Time(Mins) | G8: Cast. P.G. (Lab Result) | H8: Cast P.G. (Cellar Operator)-gravity | I8: Extr. Rec (77.9%) | J8: Theor. Extr. (77.5%) | K8: Boil Off /Vol. (4-6%) | L8: Boil Time | M8: Total Hot | N8: Brewing Time | O8: Operator | R8: Hurricane Reef | S8: 16.6 | T8: 17 | U8: 0 | V8: 0.12905093 | W8: 0.27430556 | X8: 0.30208333 | Y8: 0
E9: Meter (Hls) | F9: Target(< 60Mins) | M9: Time | R9: VITAMALT | S9: 14.2 | T9: 14.6 | U9: 0 | V9: 0.13905093 | W9: 0.26041667 | X9: 0.29513889 | Y9: 0 | Z9: 75
B10: CARIB | C10: =[4]Brewhouse!$A605 -> CA557 | D10: =[4]Brewhouse!$AF605 -> 49.8 | E10: =[4]Brewhouse!$AI605 -> 50.7 | F10: =[4]Brewhouse!$V605 -> 53 | G10: =[4]Brewhouse!AG605 -> 11.9 | H10: 12.1 | I10: =[4]Brewhouse!$AU605 -> 100.78424 | J10: =[4]Brewhouse!$AV605 -> 101.3465 | K10: =[4]Brewhouse!$Q605 -> 10.018484 | L10: =[4]Brewhouse!$P605 -> 60 | M10: =[4]Brewhouse!$U605-[4]Brewhouse!$T605 -> 0.10555556 | N10: =[4]Brewhouse!$Z605 -> 0.24444444 | O10: =[4]Brewhouse!$AX605 -> K. Benjamin | R10: =B10 -> CARIB | S10: =VLOOKUP($B10,$R$3:$X$9,2,FALSE) -> 11.6 | T10: =VLOOKUP($B10,$R$3:$X$9,3,FALSE) -> 12 | U10: =VLOOKUP($B10,$R$3:$X$9,4,FALSE) -> 0 | V10: =VLOOKUP($B10,$R$3:$X$9,5,FALSE) -> 0.11805556 | W10: =VLOOKUP($B10,$R$3:$X$9,6,FALSE) -> 0.22569444 | X10: =VLOOKUP($B10,$R$3:$X$9,7,FALSE) -> 0.26388889 | Y10: =VLOOKUP($B10,$R$3:$Z$9,8,FALSE) -> 0 | Z10: =VLOOKUP($B10,$R$3:$Z$9,9,FALSE) -> 60
B11: CARIB | C11: =[4]Brewhouse!$A606 -> CA558 | D11: =[4]Brewhouse!$AF606 -> 50.8 | E11: =[4]Brewhouse!$AI606 -> 51.3 | F11: =[4]Brewhouse!$V606 -> 58 | G11: =[4]Brewhouse!AG606 -> 12 | H11: 11.9 | I11: =[4]Brewhouse!$AU606 -> 103.00616 | J11: =[4]Brewhouse!$AV606 -> 103.58079 | K11: =[4]Brewhouse!$Q606 -> 3.6923077 | L11: =[4]Brewhouse!$P606 -> 61 | M11: =[4]Brewhouse!$U606-[4]Brewhouse!$T606 -> 0.10625 | N11: =[4]Brewhouse!$Z606 -> 0.2375 | O11: =[4]Brewhouse!$AX606 -> K. Benjamin | R11: =B11 -> CARIB | S11: =VLOOKUP($B11,$R$3:$X$9,2,FALSE) -> 11.6 | T11: =VLOOKUP($B11,$R$3:$X$9,3,FALSE) -> 12 | U11: =VLOOKUP($B11,$R$3:$X$9,4,FALSE) -> 0 | V11: =VLOOKUP($B11,$R$3:$X$9,5,FALSE) -> 0.11805556 | W11: =VLOOKUP($B11,$R$3:$X$9,6,FALSE) -> 0.22569444 | X11: =VLOOKUP($B11,$R$3:$X$9,7,FALSE) -> 0.26388889 | Y11: =VLOOKUP($B11,$R$3:$Z$9,8,FALSE) -> 0 | Z11: =VLOOKUP($B11,$R$3:$Z$9,9,FALSE) -> 60
B12: CARIB | C12: =[4]Brewhouse!$A607 -> CA559 | D12: =[4]Brewhouse!$AF607 -> 49.8 | E12: =[4]Brewhouse!$AI607 -> 50.5 | F12: =[4]Brewhouse!$V607 -> 57 | G12: =[4]Brewhouse!AG607 -> 11.7 | H12: 11.7 | I12: =[4]Brewhouse!$AU607 -> 98.735662 | J12: =[4]Brewhouse!$AV607 -> 99.286463 | K12: =[4]Brewhouse!$Q607 -> 6.1567878 | L12: =[4]Brewhouse!$P607 -> 61 | M12: =[4]Brewhouse!$U607-[4]Brewhouse!$T607 -> 0.11111111 | N12: =[4]Brewhouse!$Z607 -> 0.28819444 | O12: =[4]Brewhouse!$AX607 -> K. Benjamin | R12: =B12 -> CARIB | S12: =VLOOKUP($B12,$R$3:$X$9,2,FALSE) -> 11.6 | T12: =VLOOKUP($B12,$R$3:$X$9,3,FALSE) -> 12 | U12: =VLOOKUP($B12,$R$3:$X$9,4,FALSE) -> 0 | V12: =VLOOKUP($B12,$R$3:$X$9,5,FALSE) -> 0.11805556 | W12: =VLOOKUP($B12,$R$3:$X$9,6,FALSE) -> 0.22569444 | X12: =VLOOKUP($B12,$R$3:$X$9,7,FALSE) -> 0.26388889 | Y12: =VLOOKUP($B12,$R$3:$Z$9,8,FALSE) -> 0 | Z12: =VLOOKUP($B12,$R$3:$Z$9,9,FALSE) -> 60
B13: CARIB | C13: =[4]Brewhouse!$A608 -> CA560 | D13: =[4]Brewhouse!$AF608 -> 48.9 | E13: =[4]Brewhouse!$AI608 -> 49.4 | F13: =[4]Brewhouse!$V608 -> 59 | G13: =[4]Brewhouse!AG608 -> 12 | H13: 11.8 | I13: =[4]Brewhouse!$AU608 -> 99.191121 | J13: =[4]Brewhouse!$AV608 -> 99.744462 | K13: =[4]Brewhouse!$Q608 -> 10.942699 | L13: =[4]Brewhouse!$P608 -> 60 | M13: =[4]Brewhouse!$U608-[4]Brewhouse!$T608 -> 0.10625 | N13: =[4]Brewhouse!$Z608 -> 0.24791667 | O13: =[4]Brewhouse!$AX608 -> R. Regis | R13: =B13 -> CARIB | S13: =VLOOKUP($B13,$R$3:$X$9,2,FALSE) -> 11.6 | T13: =VLOOKUP($B13,$R$3:$X$9,3,FALSE) -> 12 | U13: =VLOOKUP($B13,$R$3:$X$9,4,FALSE) -> 0 | V13: =VLOOKUP($B13,$R$3:$X$9,5,FALSE) -> 0.11805556 | W13: =VLOOKUP($B13,$R$3:$X$9,6,FALSE) -> 0.22569444 | X13: =VLOOKUP($B13,$R$3:$X$9,7,FALSE) -> 0.26388889 | Y13: =VLOOKUP($B13,$R$3:$Z$9,8,FALSE) -> 0 | Z13: =VLOOKUP($B13,$R$3:$Z$9,9,FALSE) -> 60
B14: CARIB | C14: =[4]Brewhouse!$A609 -> CA561 | D14: =[4]Brewhouse!$AF609 -> 49.2 | E14: =[4]Brewhouse!$AI609 -> 49.9 | F14: =[4]Brewhouse!$V609 -> 60 | G14: =[4]Brewhouse!AG609 -> 11.9 | H14: 11.7 | I14: =[4]Brewhouse!$AU609 -> 99.137029 | J14: =[4]Brewhouse!$AV609 -> 99.871621 | K14: =[4]Brewhouse!$Q609 -> 11.127542 | L14: =[4]Brewhouse!$P609 -> 62 | M14: =[4]Brewhouse!$U609-[4]Brewhouse!$T609 -> 0.11388889 | N14: =[4]Brewhouse!$Z609 -> 0.24722222 | O14: =[4]Brewhouse!$AX609 -> R. Regis | R14: =B14 -> CARIB | S14: =VLOOKUP($B14,$R$3:$X$9,2,FALSE) -> 11.6 | T14: =VLOOKUP($B14,$R$3:$X$9,3,FALSE) -> 12 | U14: =VLOOKUP($B14,$R$3:$X$9,4,FALSE) -> 0 | V14: =VLOOKUP($B14,$R$3:$X$9,5,FALSE) -> 0.11805556 | W14: =VLOOKUP($B14,$R$3:$X$9,6,FALSE) -> 0.22569444 | X14: =VLOOKUP($B14,$R$3:$X$9,7,FALSE) -> 0.26388889 | Y14: =VLOOKUP($B14,$R$3:$Z$9,8,FALSE) -> 0 | Z14: =VLOOKUP($B14,$R$3:$Z$9,9,FALSE) -> 60
B15: CARIB | C15: =[4]Brewhouse!$A610 -> CA562 | D15: =[4]Brewhouse!$AF610 -> 48.7 | E15: =[4]Brewhouse!$AI610 -> 50 | F15: =[4]Brewhouse!$V610 -> 61 | G15: =[4]Brewhouse!AG610 -> 12 | H15: 11.9 | I15: =[4]Brewhouse!$AU610 -> 99.906989 | J15: =[4]Brewhouse!$AV610 -> 100.83031 | K15: =[4]Brewhouse!$Q610 -> 12.051756 | L15: =[4]Brewhouse!$P610 -> 60 | M15: =[4]Brewhouse!$U610-[4]Brewhouse!$T610 -> 0.10555556 | N15: =[4]Brewhouse!$Z610 -> 0.23888889 | O15: =[4]Brewhouse!$AX610 -> R. Regis | R15: =B15 -> CARIB | S15: =VLOOKUP($B15,$R$3:$X$9,2,FALSE) -> 11.6 | T15: =VLOOKUP($B15,$R$3:$X$9,3,FALSE) -> 12 | U15: =VLOOKUP($B15,$R$3:$X$9,4,FALSE) -> 0 | V15: =VLOOKUP($B15,$R$3:$X$9,5,FALSE) -> 0.11805556 | W15: =VLOOKUP($B15,$R$3:$X$9,6,FALSE) -> 0.22569444 | X15: =VLOOKUP($B15,$R$3:$X$9,7,FALSE) -> 0.26388889 | Y15: =VLOOKUP($B15,$R$3:$Z$9,8,FALSE) -> 0 | Z15: =VLOOKUP($B15,$R$3:$Z$9,9,FALSE) -> 60
B16: CARIB | C16: =[4]Brewhouse!$A611 -> CA563 | D16: =[4]Brewhouse!$AF611 -> 47.2 | E16: =[4]Brewhouse!$AI611 -> 47.1 | F16: =[4]Brewhouse!$V611 -> 53 | G16: =[4]Brewhouse!AG611 -> 12 | H16: 12.2 | I16: =[4]Brewhouse!$AU611 -> 94.112383 | J16: =[4]Brewhouse!$AV611 -> 94.982153 | K16: =[4]Brewhouse!$Q611 -> 14.824399 | L16: =[4]Brewhouse!$P611 -> 60 | M16: =[4]Brewhouse!$U611-[4]Brewhouse!$T611 -> 0.10694444 | N16: =[4]Brewhouse!$Z611 -> 0.25347222 | O16: =[4]Brewhouse!$AX611 -> D. Gomaz | R16: =B16 -> CARIB | S16: =VLOOKUP($B16,$R$3:$X$9,2,FALSE) -> 11.6 | T16: =VLOOKUP($B16,$R$3:$X$9,3,FALSE) -> 12 | U16: =VLOOKUP($B16,$R$3:$X$9,4,FALSE) -> 0 | V16: =VLOOKUP($B16,$R$3:$X$9,5,FALSE) -> 0.11805556 | W16: =VLOOKUP($B16,$R$3:$X$9,6,FALSE) -> 0.22569444 | X16: =VLOOKUP($B16,$R$3:$X$9,7,FALSE) -> 0.26388889 | Y16: =VLOOKUP($B16,$R$3:$Z$9,8,FALSE) -> 0 | Z16: =VLOOKUP($B16,$R$3:$Z$9,9,FALSE) -> 60
B17: CARIB | C17: =[4]Brewhouse!$A612 -> CA564 | D17: =[4]Brewhouse!$AF612 -> 48.2 | E17: =[4]Brewhouse!$AI612 -> 50.8 | F17: =[4]Brewhouse!$V612 -> 53 | G17: =[4]Brewhouse!AG612 -> 11.8 | H17: 12 | I17: =[4]Brewhouse!$AU612 -> 99.727538 | J17: =[4]Brewhouse!$AV612 -> 100.6492 | K17: =[4]Brewhouse!$Q612 -> 12.074074 | L17: =[4]Brewhouse!$P612 -> 60 | M17: =[4]Brewhouse!$U612-[4]Brewhouse!$T612 -> 0.11944444 | N17: =[4]Brewhouse!$Z612 -> 0.26180556 | O17: =[4]Brewhouse!$AX612 -> D. Gomaz | R17: =B17 -> CARIB | S17: =VLOOKUP($B17,$R$3:$X$9,2,FALSE) -> 11.6 | T17: =VLOOKUP($B17,$R$3:$X$9,3,FALSE) -> 12 | U17: =VLOOKUP($B17,$R$3:$X$9,4,FALSE) -> 0 | V17: =VLOOKUP($B17,$R$3:$X$9,5,FALSE) -> 0.11805556 | W17: =VLOOKUP($B17,$R$3:$X$9,6,FALSE) -> 0.22569444 | X17: =VLOOKUP($B17,$R$3:$X$9,7,FALSE) -> 0.26388889 | Y17: =VLOOKUP($B17,$R$3:$Z$9,8,FALSE) -> 0 | Z17: =VLOOKUP($B17,$R$3:$Z$9,9,FALSE) -> 60
B18: CARIB | C18: =[4]Brewhouse!$A613 -> CA565 | D18: =[4]Brewhouse!$AF613 -> 49.3 | E18: =[4]Brewhouse!$AI613 -> 51.5 | F18: =[4]Brewhouse!$V613 -> 54 | G18: =[4]Brewhouse!AG613 -> 11.9 | H18: 12.1 | I18: =[4]Brewhouse!$AU613 -> 102.00297 | J18: =[4]Brewhouse!$AV613 -> 102.94566 | K18: =[4]Brewhouse!$Q613 -> 10.037037 | L18: =[4]Brewhouse!$P613 -> 60 | M18: =[4]Brewhouse!$U613-[4]Brewhouse!$T613 -> 0.11527778 | N18: =[4]Brewhouse!$Z613 -> 0.26805556 | O18: =[4]Brewhouse!$AX613 -> D. Gomaz | R18: =B18 -> CARIB | S18: =VLOOKUP($B18,$R$3:$X$9,2,FALSE) -> 11.6 | T18: =VLOOKUP($B18,$R$3:$X$9,3,FALSE) -> 12 | U18: =VLOOKUP($B18,$R$3:$X$9,4,FALSE) -> 0 | V18: =VLOOKUP($B18,$R$3:$X$9,5,FALSE) -> 0.11805556 | W18: =VLOOKUP($B18,$R$3:$X$9,6,FALSE) -> 0.22569444 | X18: =VLOOKUP($B18,$R$3:$X$9,7,FALSE) -> 0.26388889 | Y18: =VLOOKUP($B18,$R$3:$Z$9,8,FALSE) -> 0 | Z18: =VLOOKUP($B18,$R$3:$Z$9,9,FALSE) -> 60
R19: =B19 -> 0 | S19: =VLOOKUP($B19,$R$3:$X$9,2,FALSE) -> #N/A | T19: =VLOOKUP($B19,$R$3:$X$9,3,FALSE) -> #N/A | U19: =VLOOKUP($B19,$R$3:$X$9,4,FALSE) -> #N/A | V19: =VLOOKUP($B19,$R$3:$X$9,5,FALSE) -> #N/A | W19: =VLOOKUP($B19,$R$3:$X$9,6,FALSE) -> #N/A | X19: =VLOOKUP($B19,$R$3:$X$9,7,FALSE) -> #N/A | Y19: =VLOOKUP($B19,$R$3:$Z$9,8,FALSE) -> #N/A | Z19: =VLOOKUP($B19,$R$3:$Z$9,9,FALSE) -> #N/A
B20: August 7th | R20: =B20 -> August 7th | S20: =VLOOKUP($B20,$R$3:$X$9,2,FALSE) -> #N/A | T20: =VLOOKUP($B20,$R$3:$X$9,3,FALSE) -> #N/A | U20: =VLOOKUP($B20,$R$3:$X$9,4,FALSE) -> #N/A | V20: =VLOOKUP($B20,$R$3:$X$9,5,FALSE) -> #N/A | W20: =VLOOKUP($B20,$R$3:$X$9,6,FALSE) -> #N/A | X20: =VLOOKUP($B20,$R$3:$X$9,7,FALSE) -> #N/A | Y20: =VLOOKUP($B20,$R$3:$Z$9,8,FALSE) -> #N/A | Z20: =VLOOKUP($B20,$R$3:$Z$9,9,FALSE) -> #N/A
B21: CARIB | C21: =[4]Brewhouse!$A614 -> CA566 | D21: =[4]Brewhouse!$AF614 -> 49.4 | E21: =[4]Brewhouse!$AI614 -> 50.2 | F21: =[4]Brewhouse!$V614 -> 59 | G21: =[4]Brewhouse!AG614 -> 12 | H21: 12.1 | I21: =[4]Brewhouse!$AU614 -> 100.30662 | J21: =[4]Brewhouse!$AV614 -> 101.23363 | K21: =[4]Brewhouse!$Q614 -> 10.592593 | L21: =[4]Brewhouse!$P614 -> 61 | M21: =[4]Brewhouse!$U614-[4]Brewhouse!$T614 -> 0.11319444 | N21: =[4]Brewhouse!$Z614 -> 0.25694444 | O21: =[4]Brewhouse!$AX614 -> K. Benjamin | R21: =B21 -> CARIB | S21: =VLOOKUP($B21,$R$3:$X$9,2,FALSE) -> 11.6 | T21: =VLOOKUP($B21,$R$3:$X$9,3,FALSE) -> 12 | U21: =VLOOKUP($B21,$R$3:$X$9,4,FALSE) -> 0 | V21: =VLOOKUP($B21,$R$3:$X$9,5,FALSE) -> 0.11805556 | W21: =VLOOKUP($B21,$R$3:$X$9,6,FALSE) -> 0.22569444 | X21: =VLOOKUP($B21,$R$3:$X$9,7,FALSE) -> 0.26388889 | Y21: =VLOOKUP($B21,$R$3:$Z$9,8,FALSE) -> 0 | Z21: =VLOOKUP($B21,$R$3:$Z$9,9,FALSE) -> 60
R22: =B22 -> 0 | S22: =VLOOKUP($B22,$R$3:$X$9,2,FALSE) -> #N/A | T22: =VLOOKUP($B22,$R$3:$X$9,3,FALSE) -> #N/A | U22: =VLOOKUP($B22,$R$3:$X$9,4,FALSE) -> #N/A | V22: =VLOOKUP($B22,$R$3:$X$9,5,FALSE) -> #N/A | W22: =VLOOKUP($B22,$R$3:$X$9,6,FALSE) -> #N/A | X22: =VLOOKUP($B22,$R$3:$X$9,7,FALSE) -> #N/A | Y22: =VLOOKUP($B22,$R$3:$Z$9,8,FALSE) -> #N/A | Z22: =VLOOKUP($B22,$R$3:$Z$9,9,FALSE) -> #N/A
R23: =B23 -> 0 | S23: =VLOOKUP($B23,$R$3:$X$9,2,FALSE) -> #N/A | T23: =VLOOKUP($B23,$R$3:$X$9,3,FALSE) -> #N/A | U23: =VLOOKUP($B23,$R$3:$X$9,4,FALSE) -> #N/A | V23: =VLOOKUP($B23,$R$3:$X$9,5,FALSE) -> #N/A | W23: =VLOOKUP($B23,$R$3:$X$9,6,FALSE) -> #N/A | X23: =VLOOKUP($B23,$R$3:$X$9,7,FALSE) -> #N/A | Y23: =VLOOKUP($B23,$R$3:$Z$9,8,FALSE) -> #N/A | Z23: =VLOOKUP($B23,$R$3:$Z$9,9,FALSE) -> #N/A
R24: =B24 -> 0 | S24: =VLOOKUP($B24,$R$3:$X$9,2,FALSE) -> #N/A | T24: =VLOOKUP($B24,$R$3:$X$9,3,FALSE) -> #N/A | U24: =VLOOKUP($B24,$R$3:$X$9,4,FALSE) -> #N/A | V24: =VLOOKUP($B24,$R$3:$X$9,5,FALSE) -> #N/A | W24: =VLOOKUP($B24,$R$3:$X$9,6,FALSE) -> #N/A | X24: =VLOOKUP($B24,$R$3:$X$9,7,FALSE) -> #N/A | Y24: =VLOOKUP($B24,$R$3:$Z$9,8,FALSE) -> #N/A | Z24: =VLOOKUP($B24,$R$3:$Z$9,9,FALSE) -> #N/A
R25: =B25 -> 0 | S25: =VLOOKUP($B25,$R$3:$X$9,2,FALSE) -> #N/A | T25: =VLOOKUP($B25,$R$3:$X$9,3,FALSE) -> #N/A | U25: =VLOOKUP($B25,$R$3:$X$9,4,FALSE) -> #N/A | V25: =VLOOKUP($B25,$R$3:$X$9,5,FALSE) -> #N/A | W25: =VLOOKUP($B25,$R$3:$X$9,6,FALSE) -> #N/A | X25: =VLOOKUP($B25,$R$3:$X$9,7,FALSE) -> #N/A | Y25: =VLOOKUP($B25,$R$3:$Z$9,8,FALSE) -> #N/A | Z25: =VLOOKUP($B25,$R$3:$Z$9,9,FALSE) -> #N/A
B26: BRAND | D26: BBT P.G./ O.G | I26: Brand | K26: MTD No. of Brews | L26: MTD | M26: YTD | N26: Target | R26: =B26 -> BRAND | S26: =VLOOKUP($B26,$R$3:$X$9,2,FALSE) -> #N/A | T26: =VLOOKUP($B26,$R$3:$X$9,3,FALSE) -> #N/A | U26: =VLOOKUP($B26,$R$3:$X$9,4,FALSE) -> #N/A | V26: =VLOOKUP($B26,$R$3:$X$9,5,FALSE) -> #N/A | W26: =VLOOKUP($B26,$R$3:$X$9,6,FALSE) -> #N/A | X26: =VLOOKUP($B26,$R$3:$X$9,7,FALSE) -> #N/A | Y26: =VLOOKUP($B26,$R$3:$Z$9,8,FALSE) -> #N/A | Z26: =VLOOKUP($B26,$R$3:$Z$9,9,FALSE) -> #N/A
B27: =I27 -> CARIB | C27: =[4]Process!D557 -> 11.8 | D27: 11.9 | I27: CARIB | J27: =AVERAGE(I10:I18) -> 99.622677 | K27: =COUNTA([4]Brewhouse!$A$595:$A$613) -> 19 | L27: =AVERAGE([4]Brewhouse!$AU$595:$AU$613) -> 99.561988 | M27: =AVERAGE([4]Brewhouse!$AU$42:$AU$123,[4]Brewhouse!$AU$125:$AU$188,[4]Brewhouse!$AU$198:$AU$290,[4]Brewhouse!$AU$292:$AU$370,[4]Brewhouse!$AU$372:$AU$439,[4]Brewhouse!$AU$441:$AU$497,[4]Brewhouse!$AU$499:$AU$519,[4]Brewhouse!$AU$521:$AU$593,[4]Brewhouse!$AU$595:$AU$613) -> 98.216212 | N27: 98 | R27: =B27 -> CARIB | S27: =VLOOKUP($B27,$R$3:$X$9,2,FALSE) -> 11.6 | T27: =VLOOKUP($B27,$R$3:$X$9,3,FALSE) -> 12 | U27: =VLOOKUP($B27,$R$3:$X$9,4,FALSE) -> 0 | V27: =VLOOKUP($B27,$R$3:$X$9,5,FALSE) -> 0.11805556 | W27: =VLOOKUP($B27,$R$3:$X$9,6,FALSE) -> 0.22569444 | X27: =VLOOKUP($B27,$R$3:$X$9,7,FALSE) -> 0.26388889 | Y27: =VLOOKUP($B27,$R$3:$Z$9,8,FALSE) -> 0 | Z27: =VLOOKUP($B27,$R$3:$Z$9,9,FALSE) -> 60
C28: =[4]Process!D558 -> 11.7 | I28: STAG | K28: =COUNTA([3]Brewhouse!$A$327:$A$335) -> 9 | L28: =AVERAGE([3]Brewhouse!$AS$327:$AS$335) -> 99.373911 | M28: =AVERAGE([3]Brewhouse!$AS$52:$AS$81,[3]Brewhouse!$AS$83:$AS$124,[3]Brewhouse!$AS$134:$AS$177,[3]Brewhouse!$AS$22:$AS$179,[3]Brewhouse!$AS$214:$AS$249,[3]Brewhouse!$AS$252:$AS$293,[3]Brewhouse!$AS$295:$AS$325,[3]Brewhouse!$AS$327:$AS$335) -> 98.172944 | N28: 98 | R28: =B28 -> 0 | S28: =VLOOKUP($B28,$R$3:$X$9,2,FALSE) -> #N/A | T28: =VLOOKUP($B28,$R$3:$X$9,3,FALSE) -> #N/A | U28: =VLOOKUP($B28,$R$3:$X$9,4,FALSE) -> #N/A | V28: =VLOOKUP($B28,$R$3:$X$9,5,FALSE) -> #N/A | W28: =VLOOKUP($B28,$R$3:$X$9,6,FALSE) -> #N/A | X28: =VLOOKUP($B28,$R$3:$X$9,7,FALSE) -> #N/A | Y28: =VLOOKUP($B28,$R$3:$Z$9,8,FALSE) -> #N/A | Z28: =VLOOKUP($B28,$R$3:$Z$9,9,FALSE) -> #N/A
C29: =[4]Process!D559 -> 12 | D29: 11.9 | I29: GUINNESS | M29: =AVERAGE([5]Brewhouse!$AU$16:$AU$23,[5]Brewhouse!$AU$25:$AU$32,[5]Brewhouse!$AU$34:$AU$41,[5]Brewhouse!$AU$43:$AU$60,[5]Brewhouse!$AU$62:$AU$69,[5]Brewhouse!$AU$71:$AU$88) -> 96.520986 | N29: 98 | R29: =B29 -> 0 | S29: =VLOOKUP($B29,$R$3:$X$9,2,FALSE) -> #N/A | T29: =VLOOKUP($B29,$R$3:$X$9,3,FALSE) -> #N/A | U29: =VLOOKUP($B29,$R$3:$X$9,4,FALSE) -> #N/A | V29: =VLOOKUP($B29,$R$3:$X$9,5,FALSE) -> #N/A | W29: =VLOOKUP($B29,$R$3:$X$9,6,FALSE) -> #N/A | X29: =VLOOKUP($B29,$R$3:$X$9,7,FALSE) -> #N/A | Y29: =VLOOKUP($B29,$R$3:$Z$9,8,FALSE) -> #N/A | Z29: =VLOOKUP($B29,$R$3:$Z$9,9,FALSE) -> #N/A
C30: =[4]Process!D560 -> 12 | I30: VITAMALT | M30: =AVERAGE([6]Brewhouse!$AV$23:$AV$34,[6]Brewhouse!$AV$36,[6]Brewhouse!$AV$38:$AV$52,[6]Brewhouse!$AV$54:$AV$60,[6]Brewhouse!$AV$62:$AV$69,[6]Brewhouse!$AV$71:$AV$78,[6]Brewhouse!$AV$80:$AV$87) -> 97.513043 | N30: 98 | R30: =B30 -> 0 | S30: =VLOOKUP($B30,$R$3:$X$9,2,FALSE) -> #N/A | T30: =VLOOKUP($B30,$R$3:$X$9,3,FALSE) -> #N/A | U30: =VLOOKUP($B30,$R$3:$X$9,4,FALSE) -> #N/A | V30: =VLOOKUP($B30,$R$3:$X$9,5,FALSE) -> #N/A | W30: =VLOOKUP($B30,$R$3:$X$9,6,FALSE) -> #N/A | X30: =VLOOKUP($B30,$R$3:$X$9,7,FALSE) -> #N/A | Y30: =VLOOKUP($B30,$R$3:$Z$9,8,FALSE) -> #N/A | Z30: =VLOOKUP($B30,$R$3:$Z$9,9,FALSE) -> #N/A
C31: =[4]Process!D561 -> 11.8 | D31: 11.91 | I31: MAXIMALT | N31: 98 | R31: =B31 -> 0 | S31: =VLOOKUP($B31,$R$3:$X$9,2,FALSE) -> #N/A | T31: =VLOOKUP($B31,$R$3:$X$9,3,FALSE) -> #N/A | U31: =VLOOKUP($B31,$R$3:$X$9,4,FALSE) -> #N/A | V31: =VLOOKUP($B31,$R$3:$X$9,5,FALSE) -> #N/A | W31: =VLOOKUP($B31,$R$3:$X$9,6,FALSE) -> #N/A | X31: =VLOOKUP($B31,$R$3:$X$9,7,FALSE) -> #N/A | Y31: =VLOOKUP($B31,$R$3:$Z$9,8,FALSE) -> #N/A | Z31: =VLOOKUP($B31,$R$3:$Z$9,9,FALSE) -> #N/A
C32: =[4]Process!D562 -> 11.7 | I32: MACKESON | M32: =AVERAGE([7]Brewhouse!$AT$4:$AT$11,[7]Brewhouse!$AT$13:$AT$16,[7]Brewhouse!$AT$18:$AT$21) -> 91.832675 | N32: 98 | R32: =B32 -> 0 | S32: =VLOOKUP($B32,$R$3:$X$9,2,FALSE) -> #N/A | T32: =VLOOKUP($B32,$R$3:$X$9,3,FALSE) -> #N/A | U32: =VLOOKUP($B32,$R$3:$X$9,4,FALSE) -> #N/A | V32: =VLOOKUP($B32,$R$3:$X$9,5,FALSE) -> #N/A | W32: =VLOOKUP($B32,$R$3:$X$9,6,FALSE) -> #N/A | X32: =VLOOKUP($B32,$R$3:$X$9,7,FALSE) -> #N/A | Y32: =VLOOKUP($B32,$R$3:$Z$9,8,FALSE) -> #N/A | Z32: =VLOOKUP($B32,$R$3:$Z$9,9,FALSE) -> #N/A
C33: =[4]Process!D563 -> 11.8 | D33: 11.85 | I33: STARMALT | K33: =COUNTA([8]Brewhouse!$A$84:$A$91) -> 8 | L33: =AVERAGE([8]Brewhouse!$AY$84:$AY$91) -> 97.517044 | M33: =AVERAGE([8]Brewhouse!$AY$5:$AY$14,[8]Brewhouse!$AY$16:$AY$23,[8]Brewhouse!$AY$42,[8]Brewhouse!$AY$44:$AY$51,[8]Brewhouse!$AY$53:$AY$64,[8]Brewhouse!$AY$66:$AY$73,[8]Brewhouse!$AY$75:$AY$82,[8]Brewhouse!$AY$84:$AY$91) -> 98.050826 | N33: 98 | R33: =B33 -> 0 | S33: =VLOOKUP($B33,$R$3:$X$9,2,FALSE) -> #N/A | T33: =VLOOKUP($B33,$R$3:$X$9,3,FALSE) -> #N/A | U33: =VLOOKUP($B33,$R$3:$X$9,4,FALSE) -> #N/A | V33: =VLOOKUP($B33,$R$3:$X$9,5,FALSE) -> #N/A | W33: =VLOOKUP($B33,$R$3:$X$9,6,FALSE) -> #N/A | X33: =VLOOKUP($B33,$R$3:$X$9,7,FALSE) -> #N/A | Y33: =VLOOKUP($B33,$R$3:$Z$9,8,FALSE) -> #N/A | Z33: =VLOOKUP($B33,$R$3:$Z$9,9,FALSE) -> #N/A
C34: =[4]Process!D564 -> 11.8 | I34: HR- Pils | N34: 98 | R34: =B34 -> 0 | S34: =VLOOKUP($B34,$R$3:$X$9,2,FALSE) -> #N/A | T34: =VLOOKUP($B34,$R$3:$X$9,3,FALSE) -> #N/A | U34: =VLOOKUP($B34,$R$3:$X$9,4,FALSE) -> #N/A | V34: =VLOOKUP($B34,$R$3:$X$9,5,FALSE) -> #N/A | W34: =VLOOKUP($B34,$R$3:$X$9,6,FALSE) -> #N/A | X34: =VLOOKUP($B34,$R$3:$X$9,7,FALSE) -> #N/A | Y34: =VLOOKUP($B34,$R$3:$Z$9,8,FALSE) -> #N/A | Z34: =VLOOKUP($B34,$R$3:$Z$9,9,FALSE) -> #N/A
B35: CARIB | C35: =[4]Process!D551 -> 11.9 | D35: 11.94 | I35: HR- IPA | N35: 98 | R35: =B35 -> CARIB | S35: =VLOOKUP($B35,$R$3:$X$9,2,FALSE) -> 11.6 | T35: =VLOOKUP($B35,$R$3:$X$9,3,FALSE) -> 12 | U35: =VLOOKUP($B35,$R$3:$X$9,4,FALSE) -> 0 | V35: =VLOOKUP($B35,$R$3:$X$9,5,FALSE) -> 0.11805556 | W35: =VLOOKUP($B35,$R$3:$X$9,6,FALSE) -> 0.22569444 | X35: =VLOOKUP($B35,$R$3:$X$9,7,FALSE) -> 0.26388889 | Y35: =VLOOKUP($B35,$R$3:$Z$9,8,FALSE) -> 0 | Z35: =VLOOKUP($B35,$R$3:$Z$9,9,FALSE) -> 60
C36: =[4]Process!D552 -> 11.8 | I36: HR- APA | N36: 98 | R36: =B36 -> 0 | S36: =VLOOKUP($B36,$R$3:$X$9,2,FALSE) -> #N/A | T36: =VLOOKUP($B36,$R$3:$X$9,3,FALSE) -> #N/A | U36: =VLOOKUP($B36,$R$3:$X$9,4,FALSE) -> #N/A | V36: =VLOOKUP($B36,$R$3:$X$9,5,FALSE) -> #N/A | W36: =VLOOKUP($B36,$R$3:$X$9,6,FALSE) -> #N/A | X36: =VLOOKUP($B36,$R$3:$X$9,7,FALSE) -> #N/A | Y36: =VLOOKUP($B36,$R$3:$Z$9,8,FALSE) -> #N/A | Z36: =VLOOKUP($B36,$R$3:$Z$9,9,FALSE) -> #N/A
K37: =SUM(K27:K36) -> 36 | L37: =((L27*K27)+(L28*K28)+(L29*K29)+(L30*K30)+(L31*K31)+(K34*L34)+(L32*K32)+(L33*K33)+(L36*K36))/(K37) -> 99.060537 | M37: =AVERAGE('[9]Jan30th-31st'!$L$42,'[10]Feb 27th-28th'!$L$45,'[11]Mar 31st'!$L$42,'[12]Apr 30th'!$L$41,'[13]May 29th '!$L$35,'[14]June 30th'!$L$32,[15]July31st!$L$36,L37) -> 98.041423 | N37: 98 | R37: =B37 -> 0 | S37: =VLOOKUP($B37,$R$3:$X$9,2,FALSE) -> #N/A | T37: =VLOOKUP($B37,$R$3:$X$9,3,FALSE) -> #N/A | U37: =VLOOKUP($B37,$R$3:$X$9,4,FALSE) -> #N/A | V37: =VLOOKUP($B37,$R$3:$X$9,5,FALSE) -> #N/A | W37: =VLOOKUP($B37,$R$3:$X$9,6,FALSE) -> #N/A | X37: =VLOOKUP($B37,$R$3:$X$9,7,FALSE) -> #N/A | Y37: =VLOOKUP($B37,$R$3:$Z$9,8,FALSE) -> #N/A | Z37: =VLOOKUP($B37,$R$3:$Z$9,9,FALSE) -> #N/A
R38: =B38 -> 0 | S38: =VLOOKUP($B38,$R$3:$X$9,2,FALSE) -> #N/A | T38: =VLOOKUP($B38,$R$3:$X$9,3,FALSE) -> #N/A | U38: =VLOOKUP($B38,$R$3:$X$9,4,FALSE) -> #N/A | V38: =VLOOKUP($B38,$R$3:$X$9,5,FALSE) -> #N/A | W38: =VLOOKUP($B38,$R$3:$X$9,6,FALSE) -> #N/A | X38: =VLOOKUP($B38,$R$3:$X$9,7,FALSE) -> #N/A | Y38: =VLOOKUP($B38,$R$3:$Z$9,8,FALSE) -> #N/A | Z38: =VLOOKUP($B38,$R$3:$Z$9,9,FALSE) -> #N/A
B39: =J45 -> STARMALT | C39: =[8]Process!D84 -> 17.2 | D39: 17.02 | J39: Daily Brewing Plan
C40: =[8]Process!D85 -> 17.3 | J40: Brand | L40: Average Brews per day
C41: =[8]Process!D86 -> 17.6 | D41: 17.2 | J41: CARIB | K41: 9 | L41: MTD | M41: YTD | N41: TARGET
C42: =[8]Process!D87 -> 17.1 | J42: STAG | L42: =AVERAGE(K51,'Aug 3rd '!K47,'Aug 2nd'!K52,'Aug 4th'!K47,'Aug 5th'!K51) -> 7.2 | M42: =AVERAGE('[9]Jan30th-31st'!$L$47,L42,'[10]Feb 26th '!$L$39,'[11]Mar 31st'!$L$47,'[12]Apr 30th'!$L$46,'[13]May 29th '!$L$40,'[14]June 30th'!$L$39,[15]July31st!$L$41) -> 6.445922 | N42: 9.2
C43: =[8]Process!D88 -> 17.2 | D43: 17.16 | J43: GUINN
C44: =[8]Process!D89 -> 17.2 | J44: VITAMALT
C45: =[8]Process!D90 -> 17.3 | D45: 17.21 | J45: STARMALT
C46: =[8]Process!D91 -> 17.1 | J46: MACKESON
J47: HURRICANE REEF- IPA
J48: HURRICANE REEF- APA
B49: AVERAGE | J49: HR- PILSNER
J50: CARIBE
J51: Total | K51: =SUM(K41:K50) -> 9
B52: Process: | C52: Fermentation/Filtration
B54: Brand | C54: Filt. Date | D54: FV Hls | E54: GFE/ Prim/ Vita Blend (Hls) | F54: SV Hls | G54: BBT Hls | H54: Loss (%) Ferm | I54: Loss (%) Filt | J54: Comments | K54: Throughput | L54: Process Loss (%) | M54: Filt. Operator
AB55: 43474 | AC55: 43475 | AD55: 43476 | AE55: 43477 | AF55: 43478 | AG55: 43479 | AH55: 43480 | AI55: 43481 | AJ55: 43482 | AK55: 43483 | AL55: 43484 | AM55: 43485 | AN55: 43486 | AO55: 43487 | AP55: 43488 | AQ55: 43489 | AR55: 43490 | AS55: 43491 | AT55: 43492 | AU55: 43493 | AV55: 43494 | AW55: 43495 | AX55: 43496
B56: =J42 -> STAG | C56: 46218 | D56: =[35]July_2026!$R$13 -> 195.68 | G56: =[35]July_2026!$R$17 -> 184 | J56: 2 BREAKS | K56: =[36]July_2026!$R$25 -> 0.32280702 | L56: =(((D56+E56)-G56)/(D56+E56))*100 -> 5.9689289 | M56: J. Nelson | AB56: =[16]January_2019!L5 -> 0 | AC56: =[16]January_2019!M5 -> 0 | AD56: =[16]January_2019!N5 -> 0 | AE56: =[16]January_2019!O5 -> 0 | AF56: =[16]January_2019!P5 -> 0 | AG56: =[16]January_2019!Q5 -> 0 | AH56: =[16]January_2019!R5 -> 0 | AI56: =[16]January_2019!S5 -> 0 | ... AX56: =[16]January_2019!AH5 -> 0
AB57: =[16]January_2019!L6 -> 0 | AC57: =[16]January_2019!M6 -> 0 | AD57: =[16]January_2019!N6 -> 0 | AE57: =[16]January_2019!O6 -> 0 | AF57: =[16]January_2019!P6 -> 0 | AG57: =[16]January_2019!Q6 -> 0 | AH57: =[16]January_2019!R6 -> 0 | AI57: =[16]January_2019!S6 -> 0 | ... AX57: =[16]January_2019!AH6 -> 0
B58: =J41 -> CARIB | C58: 46240 | D58: =[35]August_2026!$H$3 -> 401.7 | G58: =[35]August_2026!$H$7 -> 374.8 | J58: 2 SBF | K58: =[36]August_2026!$H$18 -> 0.43836257 | L58: =(((D58+E58)-G58)/(D58+E58))*100 -> 6.6965397 | M58: K. Neptune | AB58: =[16]January_2019!L7 -> 285.8 | AC58: =[16]January_2019!M7 -> 508.1 | AD58: =[16]January_2019!N7 -> 0 | AE58: =[16]January_2019!O7 -> 0 | AF58: =[16]January_2019!P7 -> 109.56667 | AG58: =[16]January_2019!Q7 -> 297.65 | AH58: =[16]January_2019!R7 -> 122.3 | AI58: =[16]January_2019!S7 -> 0 | ... AX58: =[16]January_2019!AH7 -> 0
B60: =B69 -> CARIB | C60: 46240 | D60: =[35]August_2026!$I$3 -> 99.5 | G60: =[35]August_2026!$I$7 -> 94.1 | J60: NO SBF | K60: =[36]August_2026!$I$18 -> 0.33017544 | L60: =(((D60+E60)-G60)/(D60+E60))*100 -> 5.4271357 | M60: =M58 -> K. Neptune
B62: =B75 -> STARMALT | C62: 46240 | D62: =[35]August_2026!$I$55 -> 407.5 | G62: =[35]August_2026!$I$59 -> 398 | J62: NO SBF | K62: =[36]August_2026!$I$53 -> 1.3964912 | L62: =(((D62+E62)-G62)/(D62+E62))*100 -> 2.3312883
B67: Process Loss (Volume) | G67: Process Loss (Extract) | K67: Throughput
B68: Brand | C68: Actual | D68: MTD | E68: YTD | F68: Target | G68: Actual | H68: MTD | I68: YTD | J68: Target | L68: MTD | M68: YTD | N68: Target
B69: CARIB | C69: =AVERAGE(L58,L60,L62) -> 4.8183212 | D69: 5.7194461 | E69: 6.4745939 | F69: 4.8 | G69: =AVERAGE([35]August_2026!$H$11,[35]August_2026!$I$11) -> 5.5311389 | H69: 6.1382764 | I69: 6.7768652 | J69: 4.8 | K69: =AVERAGE(K58,K60) -> 0.38426901 | L69: 0.42221108 | M69: 0.53343497 | N69: 1
B70: STAG | D70: 13.806188 | E70: 5.9909116 | F70: 4.8 | H70: 14.156285 | I70: 6.0280449 | J70: 4.8 | L70: 1.0361404 | M70: 0.71156427 | N70: 1
B71: GUINN | D71: 8.0132764 | E71: 11.08536 | F71: 5.5 | H71: 7.2619981 | I71: 11.847386 | J71: 5.5 | L71: 0.68070175 | M71: 0.37172629 | N71: 1
B72: VITAMALT | E72: 4.8685538 | F72: 3.3 | I72: 5.0921773 | J72: 3.3 | M72: 0.79040936 | N72: 1
B73: APA | F73: 3.3 | J73: 3 | N73: 1
B74: MACKESON | E74: 6.0400198 | F74: 5.5 | I74: 8.2405788 | J74: 5.5 | M74: 0.78491228 | N74: 1
B75: STARMALT | D75: 2.3312883 | E75: 3.4897129 | F75: 3.3 | H75: 2.9668765 | I75: 4.7322075 | J75: 3.3 | L75: 1.3964912 | M75: 0.93464646 | N75: 1
B76: IPA | F76: 7.5 | J76: 7.5 | N76: 1
B77: HURRICANE REEF PILS | F77: 4.8 | J77: 4.8 | N77: 1
D78: 6.4823486 | E78: 6.3315874 | F78: 5.5 | H78: 6.5607487 | I78: 6.7631933 | J78: 5.5 | L78: 0.72999443 | M78: 0.61126517 | N78: 1

Sheet Aug 7th
S1: P.G. | U1: Hot Time | W1: Process Time | Y1: Cooling Time
B2: Brewing Department Daily Process Loss Report | S2: Lower | T2: Upper | U2: Lower | V2: Upper | W2: Lower | X2: Upper | Y2: Lower | Z2: Upper
R3: CARIB | S3: 11.6 | T3: 12 | U3: 0 | V3: 0.11805556 | W3: 0.22569444 | X3: 0.26388889 | Y3: 0 | Z3: 60 | AB3: HR- PISNER
B4: Date: | C4: 46246 | J4: LOT WORT COLOUR: 3.4/3.3 | M4: Filter Sheets (Target 20 days) | R4: STAG | S4: 11.6 | T4: 12 | U4: 0 | V4: 0.11805556 | W4: 0.22569444 | X4: 0.26388889 | Y4: 0 | Z4: 60
M5: Double | N5: Single | R5: GUINNESS | S5: 17 | T5: 17.5 | U5: 0 | V5: 0.10763889 | W5: 0.24652778 | X5: 0.28472222 | Y5: 0 | Z5: 60
J6: MALT LOT: Lot #14/13 | L6: Sheet Day | R6: MACKESON | S6: 13.3 | T6: 13.5 | U6: 0 | V6: 0.12905093 | W6: 0.27430556 | X6: 0.30208333 | Y6: 0
R7: STARMALT | S7: 17 | T7: 17.4 | U7: 0 | V7: 0.13605324 | W7: 0.27430556 | X7: 0.30902778 | Y7: 0 | Z7: 85
B8: Brand | C8: Brew no. | D8: Kett. Hls | E8: Wort | F8: Cool Time(Mins) | G8: Cast. P.G. (Lab Result) | H8: Cast P.G. (Cellar Operator)-gravity | I8: Extr. Rec (78%) | J8: Theor. Extr. (77.5%) | K8: Boil Off /Vol. (4-6%) | L8: Boil Time | M8: Total Hot | N8: Brewing Time | O8: Operator | R8: Hurricane Reef | S8: 16.6 | T8: 17 | U8: 0 | V8: 0.12905093 | W8: 0.27430556 | X8: 0.30208333 | Y8: 0
E9: Meter (Hls) | F9: Target(< 60Mins) | M9: Time | R9: VITAMALT | S9: 14.2 | T9: 14.6 | U9: 0 | V9: 0.13905093 | W9: 0.26041667 | X9: 0.29513889 | Y9: 0 | Z9: 75
B10: CARIB | C10: =[4]Brewhouse!$A614 -> CA566 | D10: =[4]Brewhouse!$AF614 -> 49.4 | E10: =[4]Brewhouse!$AI614 -> 50.2 | F10: =[4]Brewhouse!$V614 -> 59 | G10: =[4]Brewhouse!AG614 -> 12 | H10: 12.1 | I10: =[4]Brewhouse!$AU614 -> 100.30662 | J10: =[4]Brewhouse!$AV614 -> 101.23363 | K10: =[4]Brewhouse!$Q614 -> 10.592593 | L10: =[4]Brewhouse!$P614 -> 61 | M10: =[4]Brewhouse!$U614-[4]Brewhouse!$T614 -> 0.11319444 | N10: =[4]Brewhouse!$Z614 -> 0.25694444 | O10: =[4]Brewhouse!$AX614 -> K. Benjamin | R10: =B10 -> CARIB | S10: =VLOOKUP($B10,$R$3:$X$9,2,FALSE) -> 11.6 | T10: =VLOOKUP($B10,$R$3:$X$9,3,FALSE) -> 12 | U10: =VLOOKUP($B10,$R$3:$X$9,4,FALSE) -> 0 | V10: =VLOOKUP($B10,$R$3:$X$9,5,FALSE) -> 0.11805556 | W10: =VLOOKUP($B10,$R$3:$X$9,6,FALSE) -> 0.22569444 | X10: =VLOOKUP($B10,$R$3:$X$9,7,FALSE) -> 0.26388889 | Y10: =VLOOKUP($B10,$R$3:$Z$9,8,FALSE) -> 0 | Z10: =VLOOKUP($B10,$R$3:$Z$9,9,FALSE) -> 60
B11: CARIB | C11: =[4]Brewhouse!$A615 -> CA567 | D11: =[4]Brewhouse!$AF615 -> 51.6 | E11: =[4]Brewhouse!$AI615 -> 53.1 | F11: =[4]Brewhouse!$V615 -> 58 | G11: =[4]Brewhouse!AG615 -> 11.6 | H11: 11.7 | I11: =[4]Brewhouse!$AU615 -> 102.3843 | J11: =[4]Brewhouse!$AV615 -> 103.33052 | K11: =[4]Brewhouse!$Q615 -> 9.6666667 | L11: =[4]Brewhouse!$P615 -> 60 | M11: =[4]Brewhouse!$U615-[4]Brewhouse!$T615 -> 0.1125 | N11: =[4]Brewhouse!$Z615 -> 0.25138889 | O11: =[4]Brewhouse!$AX615 -> R. Regis | R11: =B11 -> CARIB | S11: =VLOOKUP($B11,$R$3:$X$9,2,FALSE) -> 11.6 | T11: =VLOOKUP($B11,$R$3:$X$9,3,FALSE) -> 12 | U11: =VLOOKUP($B11,$R$3:$X$9,4,FALSE) -> 0 | V11: =VLOOKUP($B11,$R$3:$X$9,5,FALSE) -> 0.11805556 | W11: =VLOOKUP($B11,$R$3:$X$9,6,FALSE) -> 0.22569444 | X11: =VLOOKUP($B11,$R$3:$X$9,7,FALSE) -> 0.26388889 | Y11: =VLOOKUP($B11,$R$3:$Z$9,8,FALSE) -> 0 | Z11: =VLOOKUP($B11,$R$3:$Z$9,9,FALSE) -> 60
B12: CARIB | C12: =[4]Brewhouse!$A616 -> CA568 | D12: =[4]Brewhouse!$AF616 -> 49.1 | E12: =[4]Brewhouse!$AI616 -> 50.4 | F12: =[4]Brewhouse!$V616 -> 63 | G12: =[4]Brewhouse!AG616 -> 11.6 | H12: 12 | I12: =[4]Brewhouse!$AU616 -> 97.178319 | J12: =[4]Brewhouse!$AV616 -> 98.076424 | K12: =[4]Brewhouse!$Q616 -> 12.791128 | L12: =[4]Brewhouse!$P616 -> 61 | M12: =[4]Brewhouse!$U616-[4]Brewhouse!$T616 -> 0.11319444 | N12: =[4]Brewhouse!$Z616 -> 0.26597222 | O12: =[4]Brewhouse!$AX616 -> R. Regis | R12: =B12 -> CARIB | S12: =VLOOKUP($B12,$R$3:$X$9,2,FALSE) -> 11.6 | T12: =VLOOKUP($B12,$R$3:$X$9,3,FALSE) -> 12 | U12: =VLOOKUP($B12,$R$3:$X$9,4,FALSE) -> 0 | V12: =VLOOKUP($B12,$R$3:$X$9,5,FALSE) -> 0.11805556 | W12: =VLOOKUP($B12,$R$3:$X$9,6,FALSE) -> 0.22569444 | X12: =VLOOKUP($B12,$R$3:$X$9,7,FALSE) -> 0.26388889 | Y12: =VLOOKUP($B12,$R$3:$Z$9,8,FALSE) -> 0 | Z12: =VLOOKUP($B12,$R$3:$Z$9,9,FALSE) -> 60
B13: CARIB | C13: =[4]Brewhouse!$A617 -> CA569 | D13: =[4]Brewhouse!$AF617 -> 48.6 | E13: =[4]Brewhouse!$AI617 -> 49.4 | F13: =[4]Brewhouse!$V617 -> 58 | G13: =[4]Brewhouse!AG617 -> 12.1 | I13: =[4]Brewhouse!$AU617 -> 99.44878 | J13: =[4]Brewhouse!$AV617 -> 100.36793 | K13: =[4]Brewhouse!$Q617 -> 12.236599 | L13: =[4]Brewhouse!$P617 -> 60 | M13: =[4]Brewhouse!$U617-[4]Brewhouse!$T617 -> 0.11180556 | N13: =[4]Brewhouse!$Z617 -> 0.24583333 | O13: =[4]Brewhouse!$AX617 -> R. Regis | R13: =B13 -> CARIB | S13: =VLOOKUP($B13,$R$3:$X$9,2,FALSE) -> 11.6 | T13: =VLOOKUP($B13,$R$3:$X$9,3,FALSE) -> 12 | U13: =VLOOKUP($B13,$R$3:$X$9,4,FALSE) -> 0 | V13: =VLOOKUP($B13,$R$3:$X$9,5,FALSE) -> 0.11805556 | W13: =VLOOKUP($B13,$R$3:$X$9,6,FALSE) -> 0.22569444 | X13: =VLOOKUP($B13,$R$3:$X$9,7,FALSE) -> 0.26388889 | Y13: =VLOOKUP($B13,$R$3:$Z$9,8,FALSE) -> 0 | Z13: =VLOOKUP($B13,$R$3:$Z$9,9,FALSE) -> 60
B14: CARIB | C14: =[4]Brewhouse!$A618 -> CA570 | D14: =[4]Brewhouse!$AF618 -> 49.4 | E14: =[4]Brewhouse!$AI618 -> 50.6 | F14: =[4]Brewhouse!$V618 -> 65 | G14: =[4]Brewhouse!AG618 -> 11.7 | H14: 11.8 | I14: =[4]Brewhouse!$AU618 -> 98.327018 | J14: =[4]Brewhouse!$AV618 -> 99.235799 | K14: =[4]Brewhouse!$Q618 -> 12.236599 | L14: =[4]Brewhouse!$P618 -> 61 | M14: =[4]Brewhouse!$U618-[4]Brewhouse!$T618 -> 0.11041667 | N14: =[4]Brewhouse!$Z618 -> 0.24513889 | O14: =[4]Brewhouse!$AX618 -> R. Regis | R14: =B14 -> CARIB | S14: =VLOOKUP($B14,$R$3:$X$9,2,FALSE) -> 11.6 | T14: =VLOOKUP($B14,$R$3:$X$9,3,FALSE) -> 12 | U14: =VLOOKUP($B14,$R$3:$X$9,4,FALSE) -> 0 | V14: =VLOOKUP($B14,$R$3:$X$9,5,FALSE) -> 0.11805556 | W14: =VLOOKUP($B14,$R$3:$X$9,6,FALSE) -> 0.22569444 | X14: =VLOOKUP($B14,$R$3:$X$9,7,FALSE) -> 0.26388889 | Y14: =VLOOKUP($B14,$R$3:$Z$9,8,FALSE) -> 0 | Z14: =VLOOKUP($B14,$R$3:$Z$9,9,FALSE) -> 60
R15: =B15 -> 0 | S15: =VLOOKUP($B15,$R$3:$X$9,2,FALSE) -> #N/A | T15: =VLOOKUP($B15,$R$3:$X$9,3,FALSE) -> #N/A | U15: =VLOOKUP($B15,$R$3:$X$9,4,FALSE) -> #N/A | V15: =VLOOKUP($B15,$R$3:$X$9,5,FALSE) -> #N/A | W15: =VLOOKUP($B15,$R$3:$X$9,6,FALSE) -> #N/A | X15: =VLOOKUP($B15,$R$3:$X$9,7,FALSE) -> #N/A | Y15: =VLOOKUP($B15,$R$3:$Z$9,8,FALSE) -> #N/A | Z15: =VLOOKUP($B15,$R$3:$Z$9,9,FALSE) -> #N/A
R16: =B16 -> 0 | S16: =VLOOKUP($B16,$R$3:$X$9,2,FALSE) -> #N/A | T16: =VLOOKUP($B16,$R$3:$X$9,3,FALSE) -> #N/A | U16: =VLOOKUP($B16,$R$3:$X$9,4,FALSE) -> #N/A | V16: =VLOOKUP($B16,$R$3:$X$9,5,FALSE) -> #N/A | W16: =VLOOKUP($B16,$R$3:$X$9,6,FALSE) -> #N/A | X16: =VLOOKUP($B16,$R$3:$X$9,7,FALSE) -> #N/A | Y16: =VLOOKUP($B16,$R$3:$Z$9,8,FALSE) -> #N/A | Z16: =VLOOKUP($B16,$R$3:$Z$9,9,FALSE) -> #N/A
R17: =B17 -> 0 | S17: =VLOOKUP($B17,$R$3:$X$9,2,FALSE) -> #N/A | T17: =VLOOKUP($B17,$R$3:$X$9,3,FALSE) -> #N/A | U17: =VLOOKUP($B17,$R$3:$X$9,4,FALSE) -> #N/A | V17: =VLOOKUP($B17,$R$3:$X$9,5,FALSE) -> #N/A | W17: =VLOOKUP($B17,$R$3:$X$9,6,FALSE) -> #N/A | X17: =VLOOKUP($B17,$R$3:$X$9,7,FALSE) -> #N/A | Y17: =VLOOKUP($B17,$R$3:$Z$9,8,FALSE) -> #N/A | Z17: =VLOOKUP($B17,$R$3:$Z$9,9,FALSE) -> #N/A
R18: =B18 -> 0 | S18: =VLOOKUP($B18,$R$3:$X$9,2,FALSE) -> #N/A | T18: =VLOOKUP($B18,$R$3:$X$9,3,FALSE) -> #N/A | U18: =VLOOKUP($B18,$R$3:$X$9,4,FALSE) -> #N/A | V18: =VLOOKUP($B18,$R$3:$X$9,5,FALSE) -> #N/A | W18: =VLOOKUP($B18,$R$3:$X$9,6,FALSE) -> #N/A | X18: =VLOOKUP($B18,$R$3:$X$9,7,FALSE) -> #N/A | Y18: =VLOOKUP($B18,$R$3:$Z$9,8,FALSE) -> #N/A | Z18: =VLOOKUP($B18,$R$3:$Z$9,9,FALSE) -> #N/A
R19: =B19 -> 0 | S19: =VLOOKUP($B19,$R$3:$X$9,2,FALSE) -> #N/A | T19: =VLOOKUP($B19,$R$3:$X$9,3,FALSE) -> #N/A | U19: =VLOOKUP($B19,$R$3:$X$9,4,FALSE) -> #N/A | V19: =VLOOKUP($B19,$R$3:$X$9,5,FALSE) -> #N/A | W19: =VLOOKUP($B19,$R$3:$X$9,6,FALSE) -> #N/A | X19: =VLOOKUP($B19,$R$3:$X$9,7,FALSE) -> #N/A | Y19: =VLOOKUP($B19,$R$3:$Z$9,8,FALSE) -> #N/A | Z19: =VLOOKUP($B19,$R$3:$Z$9,9,FALSE) -> #N/A
R20: =B20 -> 0 | S20: =VLOOKUP($B20,$R$3:$X$9,2,FALSE) -> #N/A | T20: =VLOOKUP($B20,$R$3:$X$9,3,FALSE) -> #N/A | U20: =VLOOKUP($B20,$R$3:$X$9,4,FALSE) -> #N/A | V20: =VLOOKUP($B20,$R$3:$X$9,5,FALSE) -> #N/A | W20: =VLOOKUP($B20,$R$3:$X$9,6,FALSE) -> #N/A | X20: =VLOOKUP($B20,$R$3:$X$9,7,FALSE) -> #N/A | Y20: =VLOOKUP($B20,$R$3:$Z$9,8,FALSE) -> #N/A | Z20: =VLOOKUP($B20,$R$3:$Z$9,9,FALSE) -> #N/A
R21: =B21 -> 0 | S21: =VLOOKUP($B21,$R$3:$X$9,2,FALSE) -> #N/A | T21: =VLOOKUP($B21,$R$3:$X$9,3,FALSE) -> #N/A | U21: =VLOOKUP($B21,$R$3:$X$9,4,FALSE) -> #N/A | V21: =VLOOKUP($B21,$R$3:$X$9,5,FALSE) -> #N/A | W21: =VLOOKUP($B21,$R$3:$X$9,6,FALSE) -> #N/A | X21: =VLOOKUP($B21,$R$3:$X$9,7,FALSE) -> #N/A | Y21: =VLOOKUP($B21,$R$3:$Z$9,8,FALSE) -> #N/A | Z21: =VLOOKUP($B21,$R$3:$Z$9,9,FALSE) -> #N/A
R22: =B22 -> 0 | S22: =VLOOKUP($B22,$R$3:$X$9,2,FALSE) -> #N/A | T22: =VLOOKUP($B22,$R$3:$X$9,3,FALSE) -> #N/A | U22: =VLOOKUP($B22,$R$3:$X$9,4,FALSE) -> #N/A | V22: =VLOOKUP($B22,$R$3:$X$9,5,FALSE) -> #N/A | W22: =VLOOKUP($B22,$R$3:$X$9,6,FALSE) -> #N/A | X22: =VLOOKUP($B22,$R$3:$X$9,7,FALSE) -> #N/A | Y22: =VLOOKUP($B22,$R$3:$Z$9,8,FALSE) -> #N/A | Z22: =VLOOKUP($B22,$R$3:$Z$9,9,FALSE) -> #N/A
R23: =B23 -> 0 | S23: =VLOOKUP($B23,$R$3:$X$9,2,FALSE) -> #N/A | T23: =VLOOKUP($B23,$R$3:$X$9,3,FALSE) -> #N/A | U23: =VLOOKUP($B23,$R$3:$X$9,4,FALSE) -> #N/A | V23: =VLOOKUP($B23,$R$3:$X$9,5,FALSE) -> #N/A | W23: =VLOOKUP($B23,$R$3:$X$9,6,FALSE) -> #N/A | X23: =VLOOKUP($B23,$R$3:$X$9,7,FALSE) -> #N/A | Y23: =VLOOKUP($B23,$R$3:$Z$9,8,FALSE) -> #N/A | Z23: =VLOOKUP($B23,$R$3:$Z$9,9,FALSE) -> #N/A
R24: =B24 -> 0 | S24: =VLOOKUP($B24,$R$3:$X$9,2,FALSE) -> #N/A | T24: =VLOOKUP($B24,$R$3:$X$9,3,FALSE) -> #N/A | U24: =VLOOKUP($B24,$R$3:$X$9,4,FALSE) -> #N/A | V24: =VLOOKUP($B24,$R$3:$X$9,5,FALSE) -> #N/A | W24: =VLOOKUP($B24,$R$3:$X$9,6,FALSE) -> #N/A | X24: =VLOOKUP($B24,$R$3:$X$9,7,FALSE) -> #N/A | Y24: =VLOOKUP($B24,$R$3:$Z$9,8,FALSE) -> #N/A | Z24: =VLOOKUP($B24,$R$3:$Z$9,9,FALSE) -> #N/A
R25: =B25 -> 0 | S25: =VLOOKUP($B25,$R$3:$X$9,2,FALSE) -> #N/A | T25: =VLOOKUP($B25,$R$3:$X$9,3,FALSE) -> #N/A | U25: =VLOOKUP($B25,$R$3:$X$9,4,FALSE) -> #N/A | V25: =VLOOKUP($B25,$R$3:$X$9,5,FALSE) -> #N/A | W25: =VLOOKUP($B25,$R$3:$X$9,6,FALSE) -> #N/A | X25: =VLOOKUP($B25,$R$3:$X$9,7,FALSE) -> #N/A | Y25: =VLOOKUP($B25,$R$3:$Z$9,8,FALSE) -> #N/A | Z25: =VLOOKUP($B25,$R$3:$Z$9,9,FALSE) -> #N/A
B26: BRAND | D26: BBT P.G./ O.G | I26: Brand | K26: MTD No. of Brews | L26: MTD | M26: YTD | N26: Target | R26: =B26 -> BRAND | S26: =VLOOKUP($B26,$R$3:$X$9,2,FALSE) -> #N/A | T26: =VLOOKUP($B26,$R$3:$X$9,3,FALSE) -> #N/A | U26: =VLOOKUP($B26,$R$3:$X$9,4,FALSE) -> #N/A | V26: =VLOOKUP($B26,$R$3:$X$9,5,FALSE) -> #N/A | W26: =VLOOKUP($B26,$R$3:$X$9,6,FALSE) -> #N/A | X26: =VLOOKUP($B26,$R$3:$X$9,7,FALSE) -> #N/A | Y26: =VLOOKUP($B26,$R$3:$Z$9,8,FALSE) -> #N/A | Z26: =VLOOKUP($B26,$R$3:$Z$9,9,FALSE) -> #N/A
B27: =I27 -> CARIB | C27: =[4]Process!D549 -> 11.6 | D27: 11.78 | I27: CARIB | J27: =AVERAGE(I10:I14) -> 99.529007 | K27: =COUNTA([4]Brewhouse!$A$595:$A$618) -> 24 | L27: =AVERAGE([4]Brewhouse!$AU$595:$AU$618) -> 99.555117 | M27: =AVERAGE([4]Brewhouse!$AU$42:$AU$123,[4]Brewhouse!$AU$125:$AU$188,[4]Brewhouse!$AU$198:$AU$290,[4]Brewhouse!$AU$292:$AU$370,[4]Brewhouse!$AU$372:$AU$439,[4]Brewhouse!$AU$441:$AU$497,[4]Brewhouse!$AU$499:$AU$519,[4]Brewhouse!$AU$521:$AU$593,[4]Brewhouse!$AU$595:$AU$618) -> 98.227934 | N27: 98 | R27: =B27 -> CARIB | S27: =VLOOKUP($B27,$R$3:$X$9,2,FALSE) -> 11.6 | T27: =VLOOKUP($B27,$R$3:$X$9,3,FALSE) -> 12 | U27: =VLOOKUP($B27,$R$3:$X$9,4,FALSE) -> 0 | V27: =VLOOKUP($B27,$R$3:$X$9,5,FALSE) -> 0.11805556 | W27: =VLOOKUP($B27,$R$3:$X$9,6,FALSE) -> 0.22569444 | X27: =VLOOKUP($B27,$R$3:$X$9,7,FALSE) -> 0.26388889 | Y27: =VLOOKUP($B27,$R$3:$Z$9,8,FALSE) -> 0 | Z27: =VLOOKUP($B27,$R$3:$Z$9,9,FALSE) -> 60
C28: =[4]Process!D550 -> 11.8 | I28: STAG | K28: =COUNTA([3]Brewhouse!$A$327:$A$335) -> 9 | L28: =AVERAGE([3]Brewhouse!$AS$327:$AS$335) -> 99.373911 | M28: =AVERAGE([3]Brewhouse!$AS$52:$AS$81,[3]Brewhouse!$AS$83:$AS$124,[3]Brewhouse!$AS$134:$AS$177,[3]Brewhouse!$AS$22:$AS$179,[3]Brewhouse!$AS$214:$AS$249,[3]Brewhouse!$AS$252:$AS$293,[3]Brewhouse!$AS$295:$AS$325,[3]Brewhouse!$AS$327:$AS$335) -> 98.172944 | N28: 98 | R28: =B28 -> 0 | S28: =VLOOKUP($B28,$R$3:$X$9,2,FALSE) -> #N/A | T28: =VLOOKUP($B28,$R$3:$X$9,3,FALSE) -> #N/A | U28: =VLOOKUP($B28,$R$3:$X$9,4,FALSE) -> #N/A | V28: =VLOOKUP($B28,$R$3:$X$9,5,FALSE) -> #N/A | W28: =VLOOKUP($B28,$R$3:$X$9,6,FALSE) -> #N/A | X28: =VLOOKUP($B28,$R$3:$X$9,7,FALSE) -> #N/A | Y28: =VLOOKUP($B28,$R$3:$Z$9,8,FALSE) -> #N/A | Z28: =VLOOKUP($B28,$R$3:$Z$9,9,FALSE) -> #N/A
C29: =[4]Process!D553 -> 11.6 | D29: 11.6 | I29: GUINNESS | M29: =AVERAGE([5]Brewhouse!$AU$16:$AU$23,[5]Brewhouse!$AU$25:$AU$32,[5]Brewhouse!$AU$34:$AU$41,[5]Brewhouse!$AU$43:$AU$60,[5]Brewhouse!$AU$62:$AU$69,[5]Brewhouse!$AU$71:$AU$88) -> 96.520986 | N29: 98 | R29: =B29 -> 0 | S29: =VLOOKUP($B29,$R$3:$X$9,2,FALSE) -> #N/A | T29: =VLOOKUP($B29,$R$3:$X$9,3,FALSE) -> #N/A | U29: =VLOOKUP($B29,$R$3:$X$9,4,FALSE) -> #N/A | V29: =VLOOKUP($B29,$R$3:$X$9,5,FALSE) -> #N/A | W29: =VLOOKUP($B29,$R$3:$X$9,6,FALSE) -> #N/A | X29: =VLOOKUP($B29,$R$3:$X$9,7,FALSE) -> #N/A | Y29: =VLOOKUP($B29,$R$3:$Z$9,8,FALSE) -> #N/A | Z29: =VLOOKUP($B29,$R$3:$Z$9,9,FALSE) -> #N/A
C30: =[4]Process!D554 -> 11.7 | I30: VITAMALT | M30: =AVERAGE([6]Brewhouse!$AV$23:$AV$34,[6]Brewhouse!$AV$36,[6]Brewhouse!$AV$38:$AV$52,[6]Brewhouse!$AV$54:$AV$60,[6]Brewhouse!$AV$62:$AV$69,[6]Brewhouse!$AV$71:$AV$78,[6]Brewhouse!$AV$80:$AV$87) -> 97.513043 | N30: 98 | R30: =B30 -> 0 | S30: =VLOOKUP($B30,$R$3:$X$9,2,FALSE) -> #N/A | T30: =VLOOKUP($B30,$R$3:$X$9,3,FALSE) -> #N/A | U30: =VLOOKUP($B30,$R$3:$X$9,4,FALSE) -> #N/A | V30: =VLOOKUP($B30,$R$3:$X$9,5,FALSE) -> #N/A | W30: =VLOOKUP($B30,$R$3:$X$9,6,FALSE) -> #N/A | X30: =VLOOKUP($B30,$R$3:$X$9,7,FALSE) -> #N/A | Y30: =VLOOKUP($B30,$R$3:$Z$9,8,FALSE) -> #N/A | Z30: =VLOOKUP($B30,$R$3:$Z$9,9,FALSE) -> #N/A
C31: =[4]Process!D555 -> 11.7 | I31: MAXIMALT | N31: 98 | R31: =B31 -> 0 | S31: =VLOOKUP($B31,$R$3:$X$9,2,FALSE) -> #N/A | T31: =VLOOKUP($B31,$R$3:$X$9,3,FALSE) -> #N/A | U31: =VLOOKUP($B31,$R$3:$X$9,4,FALSE) -> #N/A | V31: =VLOOKUP($B31,$R$3:$X$9,5,FALSE) -> #N/A | W31: =VLOOKUP($B31,$R$3:$X$9,6,FALSE) -> #N/A | X31: =VLOOKUP($B31,$R$3:$X$9,7,FALSE) -> #N/A | Y31: =VLOOKUP($B31,$R$3:$Z$9,8,FALSE) -> #N/A | Z31: =VLOOKUP($B31,$R$3:$Z$9,9,FALSE) -> #N/A
C32: =[4]Process!D556 -> 11.8 | I32: MACKESON | M32: =AVERAGE([7]Brewhouse!$AT$4:$AT$11,[7]Brewhouse!$AT$13:$AT$16,[7]Brewhouse!$AT$18:$AT$21) -> 91.832675 | N32: 98 | R32: =B32 -> 0 | S32: =VLOOKUP($B32,$R$3:$X$9,2,FALSE) -> #N/A | T32: =VLOOKUP($B32,$R$3:$X$9,3,FALSE) -> #N/A | U32: =VLOOKUP($B32,$R$3:$X$9,4,FALSE) -> #N/A | V32: =VLOOKUP($B32,$R$3:$X$9,5,FALSE) -> #N/A | W32: =VLOOKUP($B32,$R$3:$X$9,6,FALSE) -> #N/A | X32: =VLOOKUP($B32,$R$3:$X$9,7,FALSE) -> #N/A | Y32: =VLOOKUP($B32,$R$3:$Z$9,8,FALSE) -> #N/A | Z32: =VLOOKUP($B32,$R$3:$Z$9,9,FALSE) -> #N/A
I33: STARMALT | K33: =COUNTA([8]Brewhouse!$A$84:$A$91) -> 8 | L33: =AVERAGE([8]Brewhouse!$AY$84:$AY$91) -> 97.517044 | M33: =AVERAGE([8]Brewhouse!$AY$5:$AY$14,[8]Brewhouse!$AY$16:$AY$23,[8]Brewhouse!$AY$42,[8]Brewhouse!$AY$44:$AY$51,[8]Brewhouse!$AY$53:$AY$64,[8]Brewhouse!$AY$66:$AY$73,[8]Brewhouse!$AY$75:$AY$82,[8]Brewhouse!$AY$84:$AY$91) -> 98.050826 | N33: 98 | R33: =B33 -> 0 | S33: =VLOOKUP($B33,$R$3:$X$9,2,FALSE) -> #N/A | T33: =VLOOKUP($B33,$R$3:$X$9,3,FALSE) -> #N/A | U33: =VLOOKUP($B33,$R$3:$X$9,4,FALSE) -> #N/A | V33: =VLOOKUP($B33,$R$3:$X$9,5,FALSE) -> #N/A | W33: =VLOOKUP($B33,$R$3:$X$9,6,FALSE) -> #N/A | X33: =VLOOKUP($B33,$R$3:$X$9,7,FALSE) -> #N/A | Y33: =VLOOKUP($B33,$R$3:$Z$9,8,FALSE) -> #N/A | Z33: =VLOOKUP($B33,$R$3:$Z$9,9,FALSE) -> #N/A
I34: HR- Pils | N34: 98 | R34: =B34 -> 0 | S34: =VLOOKUP($B34,$R$3:$X$9,2,FALSE) -> #N/A | T34: =VLOOKUP($B34,$R$3:$X$9,3,FALSE) -> #N/A | U34: =VLOOKUP($B34,$R$3:$X$9,4,FALSE) -> #N/A | V34: =VLOOKUP($B34,$R$3:$X$9,5,FALSE) -> #N/A | W34: =VLOOKUP($B34,$R$3:$X$9,6,FALSE) -> #N/A | X34: =VLOOKUP($B34,$R$3:$X$9,7,FALSE) -> #N/A | Y34: =VLOOKUP($B34,$R$3:$Z$9,8,FALSE) -> #N/A | Z34: =VLOOKUP($B34,$R$3:$Z$9,9,FALSE) -> #N/A
I35: HR- IPA | N35: 98 | R35: =B35 -> 0 | S35: =VLOOKUP($B35,$R$3:$X$9,2,FALSE) -> #N/A | T35: =VLOOKUP($B35,$R$3:$X$9,3,FALSE) -> #N/A | U35: =VLOOKUP($B35,$R$3:$X$9,4,FALSE) -> #N/A | V35: =VLOOKUP($B35,$R$3:$X$9,5,FALSE) -> #N/A | W35: =VLOOKUP($B35,$R$3:$X$9,6,FALSE) -> #N/A | X35: =VLOOKUP($B35,$R$3:$X$9,7,FALSE) -> #N/A | Y35: =VLOOKUP($B35,$R$3:$Z$9,8,FALSE) -> #N/A | Z35: =VLOOKUP($B35,$R$3:$Z$9,9,FALSE) -> #N/A
I36: HR- APA | N36: 98 | R36: =B36 -> 0 | S36: =VLOOKUP($B36,$R$3:$X$9,2,FALSE) -> #N/A | T36: =VLOOKUP($B36,$R$3:$X$9,3,FALSE) -> #N/A | U36: =VLOOKUP($B36,$R$3:$X$9,4,FALSE) -> #N/A | V36: =VLOOKUP($B36,$R$3:$X$9,5,FALSE) -> #N/A | W36: =VLOOKUP($B36,$R$3:$X$9,6,FALSE) -> #N/A | X36: =VLOOKUP($B36,$R$3:$X$9,7,FALSE) -> #N/A | Y36: =VLOOKUP($B36,$R$3:$Z$9,8,FALSE) -> #N/A | Z36: =VLOOKUP($B36,$R$3:$Z$9,9,FALSE) -> #N/A
K37: =SUM(K27:K36) -> 41 | L37: =((L27*K27)+(L28*K28)+(L29*K29)+(L30*K30)+(L31*K31)+(K34*L34)+(L32*K32)+(L33*K33)+(L36*K36))/(K37) -> 99.117667 | M37: =AVERAGE('[9]Jan30th-31st'!$L$42,'[10]Feb 27th-28th'!$L$45,'[11]Mar 31st'!$L$42,'[12]Apr 30th'!$L$41,'[13]May 29th '!$L$35,'[14]June 30th'!$L$32,[15]July31st!$L$36,L37) -> 98.049585 | N37: 98 | R37: =B37 -> 0 | S37: =VLOOKUP($B37,$R$3:$X$9,2,FALSE) -> #N/A | T37: =VLOOKUP($B37,$R$3:$X$9,3,FALSE) -> #N/A | U37: =VLOOKUP($B37,$R$3:$X$9,4,FALSE) -> #N/A | V37: =VLOOKUP($B37,$R$3:$X$9,5,FALSE) -> #N/A | W37: =VLOOKUP($B37,$R$3:$X$9,6,FALSE) -> #N/A | X37: =VLOOKUP($B37,$R$3:$X$9,7,FALSE) -> #N/A | Y37: =VLOOKUP($B37,$R$3:$Z$9,8,FALSE) -> #N/A | Z37: =VLOOKUP($B37,$R$3:$Z$9,9,FALSE) -> #N/A
R38: =B38 -> 0 | S38: =VLOOKUP($B38,$R$3:$X$9,2,FALSE) -> #N/A | T38: =VLOOKUP($B38,$R$3:$X$9,3,FALSE) -> #N/A | U38: =VLOOKUP($B38,$R$3:$X$9,4,FALSE) -> #N/A | V38: =VLOOKUP($B38,$R$3:$X$9,5,FALSE) -> #N/A | W38: =VLOOKUP($B38,$R$3:$X$9,6,FALSE) -> #N/A | X38: =VLOOKUP($B38,$R$3:$X$9,7,FALSE) -> #N/A | Y38: =VLOOKUP($B38,$R$3:$Z$9,8,FALSE) -> #N/A | Z38: =VLOOKUP($B38,$R$3:$Z$9,9,FALSE) -> #N/A
J39: Daily Brewing Plan
J40: Brand | L40: Average Brews per day
J41: CARIB | K41: 5 | L41: MTD | M41: YTD | N41: TARGET
J42: STAG | L42: =AVERAGE(K51,'Aug 3rd '!K47,'Aug 2nd'!K52,'Aug 4th'!K47,'Aug 5th'!K51,'Aug 6th'!K51) -> 6.8333333 | M42: =AVERAGE('[9]Jan30th-31st'!$L$47,L42,'[10]Feb 26th '!$L$39,'[11]Mar 31st'!$L$47,'[12]Apr 30th'!$L$46,'[13]May 29th '!$L$40,'[14]June 30th'!$L$39,[15]July31st!$L$41) -> 6.4000887 | N42: 9.2
J43: GUINN
J44: VITAMALT
J45: STARMALT
J46: MACKESON
J47: HURRICANE REEF- IPA
J48: HURRICANE REEF- APA
B49: AVERAGE | J49: HR- PILSNER
J50: CARIBE
J51: Total | K51: =SUM(K41:K50) -> 5
B52: Process: | C52: Fermentation/Filtration
B54: Brand | C54: Filt. Date | D54: FV Hls | E54: GFE/ Prim/ Vita Blend (Hls) | F54: SV Hls | G54: BBT Hls | H54: Loss (%) Ferm | I54: Loss (%) Filt | J54: Comments | K54: Throughput | L54: Process Loss (%) | M54: Filt. Operator
AB55: 43474 | AC55: 43475 | AD55: 43476 | AE55: 43477 | AF55: 43478 | AG55: 43479 | AH55: 43480 | AI55: 43481 | AJ55: 43482 | AK55: 43483 | AL55: 43484 | AM55: 43485 | AN55: 43486 | AO55: 43487 | AP55: 43488 | AQ55: 43489 | AR55: 43490 | AS55: 43491 | AT55: 43492 | AU55: 43493 | AV55: 43494 | AW55: 43495 | AX55: 43496
B56: =J42 -> STAG | C56: 46218 | D56: =[35]July_2026!$R$13 -> 195.68 | G56: =[35]July_2026!$R$17 -> 184 | J56: 2 BREAKS | K56: =[36]July_2026!$R$25 -> 0.32280702 | L56: =(((D56+E56)-G56)/(D56+E56))*100 -> 5.9689289 | M56: J. Nelson | AB56: =[16]January_2019!L5 -> 0 | AC56: =[16]January_2019!M5 -> 0 | AD56: =[16]January_2019!N5 -> 0 | AE56: =[16]January_2019!O5 -> 0 | AF56: =[16]January_2019!P5 -> 0 | AG56: =[16]January_2019!Q5 -> 0 | AH56: =[16]January_2019!R5 -> 0 | AI56: =[16]January_2019!S5 -> 0 | ... AX56: =[16]January_2019!AH5 -> 0
AB57: =[16]January_2019!L6 -> 0 | AC57: =[16]January_2019!M6 -> 0 | AD57: =[16]January_2019!N6 -> 0 | AE57: =[16]January_2019!O6 -> 0 | AF57: =[16]January_2019!P6 -> 0 | AG57: =[16]January_2019!Q6 -> 0 | AH57: =[16]January_2019!R6 -> 0 | AI57: =[16]January_2019!S6 -> 0 | ... AX57: =[16]January_2019!AH6 -> 0
B58: =J41 -> CARIB | C58: 46241 | D58: =[35]August_2026!$J$3 -> 303.7 | G58: =[35]August_2026!$J$7 -> 291.3 | J58: 1 SBF | K58: =[36]August_2026!$J$18 -> 0.51105263 | L58: =(((D58+E58)-G58)/(D58+E58))*100 -> 4.0829766 | M58: G. Mason | AB58: =[16]January_2019!L7 -> 285.8 | AC58: =[16]January_2019!M7 -> 508.1 | AD58: =[16]January_2019!N7 -> 0 | AE58: =[16]January_2019!O7 -> 0 | AF58: =[16]January_2019!P7 -> 109.56667 | AG58: =[16]January_2019!Q7 -> 297.65 | AH58: =[16]January_2019!R7 -> 122.3 | AI58: =[16]January_2019!S7 -> 0 | ... AX58: =[16]January_2019!AH7 -> 0
B67: Process Loss (Volume) | G67: Process Loss (Extract) | K67: Throughput
B68: Brand | C68: Actual | D68: MTD | E68: YTD | F68: Target | G68: Actual | H68: MTD | I68: YTD | J68: Target | L68: MTD | M68: YTD | N68: Target
B69: CARIB | C69: =L58 -> 4.0829766 | D69: 4.3867452 | E69: 6.3785026 | F69: 4.8 | G69: =[35]August_2026!$J$11 -> 4.0829766 | H69: 4.7471941 | I69: 6.6785393 | J69: 4.8 | K69: =K58 -> 0.51105263 | L69: 0.44442147 | M69: 0.53316419 | N69: 1
B70: STAG | D70: 13.806188 | E70: 5.9909116 | F70: 4.8 | H70: 14.156285 | I70: 6.0280449 | J70: 4.8 | L70: 1.0361404 | M70: 0.71156427 | N70: 1
B71: GUINN | D71: 8.0132764 | E71: 11.08536 | F71: 5.5 | H71: 7.2619981 | I71: 11.847386 | J71: 5.5 | L71: 0.68070175 | M71: 0.37172629 | N71: 1
B72: VITAMALT | E72: 4.8685538 | F72: 3.3 | I72: 5.0921773 | J72: 3.3 | M72: 0.79040936 | N72: 1
B73: APA | F73: 3.3 | J73: 3 | N73: 1
B74: MACKESON | E74: 6.0400198 | F74: 5.5 | I74: 8.2405788 | J74: 5.5 | M74: 0.78491228 | N74: 1
B75: STARMALT | D75: 2.3312883 | E75: 3.4897129 | F75: 3.3 | H75: 2.9668765 | I75: 4.7322075 | J75: 3.3 | L75: 1.3964912 | M75: 0.93464646 | N75: 1
B76: IPA | F76: 7.5 | J76: 7.5 | N76: 1
B77: HURRICANE REEF PILS | F77: 4.8 | J77: 4.8 | N77: 1
D78: 5.5297869 | E78: 6.2823339 | F78: 5.5 | H78: 5.704493 | I78: 6.7167678 | J78: 5.5 | L78: 0.69871703 | M78: 0.61060998 | N78: 1

Sheet Aug 12th
S1: P.G. | U1: Hot Time | W1: Process Time | Y1: Cooling Time
B2: Brewing Department Daily Process Loss Report | S2: Lower | T2: Upper | U2: Lower | V2: Upper | W2: Lower | X2: Upper | Y2: Lower | Z2: Upper
R3: CARIB | S3: 11.6 | T3: 12 | U3: 0 | V3: 0.11805556 | W3: 0.22569444 | X3: 0.26388889 | Y3: 0 | Z3: 60 | AB3: HR- PISNER
B4: Date: | C4: 46248 | J4: LOT WORT COLOUR: 3.3 | M4: Filter Sheets (Target 20 days) | R4: STAG | S4: 11.6 | T4: 12 | U4: 0 | V4: 0.11805556 | W4: 0.22569444 | X4: 0.26388889 | Y4: 0 | Z4: 60
M5: Double | N5: Single | R5: GUINNESS | S5: 17 | T5: 17.5 | U5: 0 | V5: 0.10763889 | W5: 0.24652778 | X5: 0.28472222 | Y5: 0 | Z5: 60
J6: MALT LOT: Lot #13 | L6: Sheet Day | R6: MACKESON | S6: 13.3 | T6: 13.5 | U6: 0 | V6: 0.12905093 | W6: 0.27430556 | X6: 0.30208333 | Y6: 0
R7: STARMALT | S7: 17 | T7: 17.4 | U7: 0 | V7: 0.13605324 | W7: 0.27430556 | X7: 0.30902778 | Y7: 0 | Z7: 85
B8: Brand | C8: Brew no. | D8: Kett. Hls | E8: Wort | F8: Cool Time(Mins) | G8: Cast. P.G. (Lab Result) | H8: Cast P.G. (Cellar Operator)-gravity | I8: Extr. Rec (78%) | J8: Theor. Extr. (77.5%) | K8: Boil Off /Vol. (4-6%) | L8: Boil Time | M8: Total Hot | N8: Brewing Time | O8: Operator | R8: Hurricane Reef | S8: 16.6 | T8: 17 | U8: 0 | V8: 0.12905093 | W8: 0.27430556 | X8: 0.30208333 | Y8: 0
E9: Meter (Hls) | F9: Target(< 60Mins) | M9: Time | R9: VITAMALT | S9: 14.2 | T9: 14.6 | U9: 0 | V9: 0.13905093 | W9: 0.26041667 | X9: 0.29513889 | Y9: 0 | Z9: 75
B10: STAG | C10: =[3]Brewhouse!$A336 -> ST279 | D10: =[3]Brewhouse!$AB336 -> 53.1 | E10: =[3]Brewhouse!$AG336 -> 49.7 | F10: =[3]Brewhouse!$V336 -> 52 | G10: =[3]Brewhouse!$AE336 -> 12 | H10: 11.8 | I10: =[3]Brewhouse!$AS336 -> 99.652791 | J10: =[3]Brewhouse!$AT336 -> 100.42198 | K10: =[3]Brewhouse!$Q336 -> 10.499058 | L10: =[3]Brewhouse!$P336 -> 60 | M10: =[3]Brewhouse!$U336-[3]Brewhouse!$T336 -> 0.11458333 | N10: =[3]Brewhouse!$AW336 -> 0.25 | O10: =[3]Brewhouse!$AV336 -> R. Regis | R10: =B10 -> STAG | S10: =VLOOKUP($B10,$R$3:$X$9,2,FALSE) -> 11.6 | T10: =VLOOKUP($B10,$R$3:$X$9,3,FALSE) -> 12 | U10: =VLOOKUP($B10,$R$3:$X$9,4,FALSE) -> 0 | V10: =VLOOKUP($B10,$R$3:$X$9,5,FALSE) -> 0.11805556 | W10: =VLOOKUP($B10,$R$3:$X$9,6,FALSE) -> 0.22569444 | X10: =VLOOKUP($B10,$R$3:$X$9,7,FALSE) -> 0.26388889 | Y10: =VLOOKUP($B10,$R$3:$Z$9,8,FALSE) -> 0 | Z10: =VLOOKUP($B10,$R$3:$Z$9,9,FALSE) -> 60
B11: STAG | C11: =[3]Brewhouse!$A337 -> ST280 | D11: =[3]Brewhouse!$AB337 -> 53.1 | E11: =[3]Brewhouse!$AG337 -> 48.6 | F11: =[3]Brewhouse!$V337 -> 56 | G11: =[3]Brewhouse!$AE337 -> 12 | H11: 12.1 | I11: =[3]Brewhouse!$AS337 -> 99.055899 | J11: =[3]Brewhouse!$AT337 -> 99.817188 | K11: =[3]Brewhouse!$Q337 -> 13.323917 | L11: =[3]Brewhouse!$P337 -> 61 | M11: =[3]Brewhouse!$U337-[3]Brewhouse!$T337 -> 0.11111111 | N11: =[3]Brewhouse!$AW337 -> 0.25347222 | O11: =[3]Brewhouse!$AV337 -> R. Regis | R11: =B11 -> STAG | S11: =VLOOKUP($B11,$R$3:$X$9,2,FALSE) -> 11.6 | T11: =VLOOKUP($B11,$R$3:$X$9,3,FALSE) -> 12 | U11: =VLOOKUP($B11,$R$3:$X$9,4,FALSE) -> 0 | V11: =VLOOKUP($B11,$R$3:$X$9,5,FALSE) -> 0.11805556 | W11: =VLOOKUP($B11,$R$3:$X$9,6,FALSE) -> 0.22569444 | X11: =VLOOKUP($B11,$R$3:$X$9,7,FALSE) -> 0.26388889 | Y11: =VLOOKUP($B11,$R$3:$Z$9,8,FALSE) -> 0 | Z11: =VLOOKUP($B11,$R$3:$Z$9,9,FALSE) -> 60
B12: STAG | C12: =[3]Brewhouse!$A338 -> ST281 | D12: =[3]Brewhouse!$AB338 -> 53.1 | E12: =[3]Brewhouse!$AG338 -> 49 | F12: =[3]Brewhouse!$V338 -> 54 | G12: =[3]Brewhouse!$AE338 -> 11.9 | H12: 11.9 | I12: =[3]Brewhouse!$AS338 -> 98.745715 | J12: =[3]Brewhouse!$AT338 -> 99.505131 | K12: =[3]Brewhouse!$Q338 -> 14.453861 | L12: =[3]Brewhouse!$P338 -> 61 | M12: =[3]Brewhouse!$U338-[3]Brewhouse!$T338 -> 0.11319444 | N12: =[3]Brewhouse!$AW338 -> 0.25555556 | O12: =[3]Brewhouse!$AV338 -> R. Regis | R12: =B12 -> STAG | S12: =VLOOKUP($B12,$R$3:$X$9,2,FALSE) -> 11.6 | T12: =VLOOKUP($B12,$R$3:$X$9,3,FALSE) -> 12 | U12: =VLOOKUP($B12,$R$3:$X$9,4,FALSE) -> 0 | V12: =VLOOKUP($B12,$R$3:$X$9,5,FALSE) -> 0.11805556 | W12: =VLOOKUP($B12,$R$3:$X$9,6,FALSE) -> 0.22569444 | X12: =VLOOKUP($B12,$R$3:$X$9,7,FALSE) -> 0.26388889 | Y12: =VLOOKUP($B12,$R$3:$Z$9,8,FALSE) -> 0 | Z12: =VLOOKUP($B12,$R$3:$Z$9,9,FALSE) -> 60
R13: =B13 -> 0 | S13: =VLOOKUP($B13,$R$3:$X$9,2,FALSE) -> #N/A | T13: =VLOOKUP($B13,$R$3:$X$9,3,FALSE) -> #N/A | U13: =VLOOKUP($B13,$R$3:$X$9,4,FALSE) -> #N/A | V13: =VLOOKUP($B13,$R$3:$X$9,5,FALSE) -> #N/A | W13: =VLOOKUP($B13,$R$3:$X$9,6,FALSE) -> #N/A | X13: =VLOOKUP($B13,$R$3:$X$9,7,FALSE) -> #N/A | Y13: =VLOOKUP($B13,$R$3:$Z$9,8,FALSE) -> #N/A | Z13: =VLOOKUP($B13,$R$3:$Z$9,9,FALSE) -> #N/A
R14: =B14 -> 0 | S14: =VLOOKUP($B14,$R$3:$X$9,2,FALSE) -> #N/A | T14: =VLOOKUP($B14,$R$3:$X$9,3,FALSE) -> #N/A | U14: =VLOOKUP($B14,$R$3:$X$9,4,FALSE) -> #N/A | V14: =VLOOKUP($B14,$R$3:$X$9,5,FALSE) -> #N/A | W14: =VLOOKUP($B14,$R$3:$X$9,6,FALSE) -> #N/A | X14: =VLOOKUP($B14,$R$3:$X$9,7,FALSE) -> #N/A | Y14: =VLOOKUP($B14,$R$3:$Z$9,8,FALSE) -> #N/A | Z14: =VLOOKUP($B14,$R$3:$Z$9,9,FALSE) -> #N/A
R15: =B15 -> 0 | S15: =VLOOKUP($B15,$R$3:$X$9,2,FALSE) -> #N/A | T15: =VLOOKUP($B15,$R$3:$X$9,3,FALSE) -> #N/A | U15: =VLOOKUP($B15,$R$3:$X$9,4,FALSE) -> #N/A | V15: =VLOOKUP($B15,$R$3:$X$9,5,FALSE) -> #N/A | W15: =VLOOKUP($B15,$R$3:$X$9,6,FALSE) -> #N/A | X15: =VLOOKUP($B15,$R$3:$X$9,7,FALSE) -> #N/A | Y15: =VLOOKUP($B15,$R$3:$Z$9,8,FALSE) -> #N/A | Z15: =VLOOKUP($B15,$R$3:$Z$9,9,FALSE) -> #N/A
R16: =B16 -> 0 | S16: =VLOOKUP($B16,$R$3:$X$9,2,FALSE) -> #N/A | T16: =VLOOKUP($B16,$R$3:$X$9,3,FALSE) -> #N/A | U16: =VLOOKUP($B16,$R$3:$X$9,4,FALSE) -> #N/A | V16: =VLOOKUP($B16,$R$3:$X$9,5,FALSE) -> #N/A | W16: =VLOOKUP($B16,$R$3:$X$9,6,FALSE) -> #N/A | X16: =VLOOKUP($B16,$R$3:$X$9,7,FALSE) -> #N/A | Y16: =VLOOKUP($B16,$R$3:$Z$9,8,FALSE) -> #N/A | Z16: =VLOOKUP($B16,$R$3:$Z$9,9,FALSE) -> #N/A
R17: =B17 -> 0 | S17: =VLOOKUP($B17,$R$3:$X$9,2,FALSE) -> #N/A | T17: =VLOOKUP($B17,$R$3:$X$9,3,FALSE) -> #N/A | U17: =VLOOKUP($B17,$R$3:$X$9,4,FALSE) -> #N/A | V17: =VLOOKUP($B17,$R$3:$X$9,5,FALSE) -> #N/A | W17: =VLOOKUP($B17,$R$3:$X$9,6,FALSE) -> #N/A | X17: =VLOOKUP($B17,$R$3:$X$9,7,FALSE) -> #N/A | Y17: =VLOOKUP($B17,$R$3:$Z$9,8,FALSE) -> #N/A | Z17: =VLOOKUP($B17,$R$3:$Z$9,9,FALSE) -> #N/A
R18: =B18 -> 0 | S18: =VLOOKUP($B18,$R$3:$X$9,2,FALSE) -> #N/A | T18: =VLOOKUP($B18,$R$3:$X$9,3,FALSE) -> #N/A | U18: =VLOOKUP($B18,$R$3:$X$9,4,FALSE) -> #N/A | V18: =VLOOKUP($B18,$R$3:$X$9,5,FALSE) -> #N/A | W18: =VLOOKUP($B18,$R$3:$X$9,6,FALSE) -> #N/A | X18: =VLOOKUP($B18,$R$3:$X$9,7,FALSE) -> #N/A | Y18: =VLOOKUP($B18,$R$3:$Z$9,8,FALSE) -> #N/A | Z18: =VLOOKUP($B18,$R$3:$Z$9,9,FALSE) -> #N/A
R19: =B19 -> 0 | S19: =VLOOKUP($B19,$R$3:$X$9,2,FALSE) -> #N/A | T19: =VLOOKUP($B19,$R$3:$X$9,3,FALSE) -> #N/A | U19: =VLOOKUP($B19,$R$3:$X$9,4,FALSE) -> #N/A | V19: =VLOOKUP($B19,$R$3:$X$9,5,FALSE) -> #N/A | W19: =VLOOKUP($B19,$R$3:$X$9,6,FALSE) -> #N/A | X19: =VLOOKUP($B19,$R$3:$X$9,7,FALSE) -> #N/A | Y19: =VLOOKUP($B19,$R$3:$Z$9,8,FALSE) -> #N/A | Z19: =VLOOKUP($B19,$R$3:$Z$9,9,FALSE) -> #N/A
R20: =B20 -> 0 | S20: =VLOOKUP($B20,$R$3:$X$9,2,FALSE) -> #N/A | T20: =VLOOKUP($B20,$R$3:$X$9,3,FALSE) -> #N/A | U20: =VLOOKUP($B20,$R$3:$X$9,4,FALSE) -> #N/A | V20: =VLOOKUP($B20,$R$3:$X$9,5,FALSE) -> #N/A | W20: =VLOOKUP($B20,$R$3:$X$9,6,FALSE) -> #N/A | X20: =VLOOKUP($B20,$R$3:$X$9,7,FALSE) -> #N/A | Y20: =VLOOKUP($B20,$R$3:$Z$9,8,FALSE) -> #N/A | Z20: =VLOOKUP($B20,$R$3:$Z$9,9,FALSE) -> #N/A
R21: =B21 -> 0 | S21: =VLOOKUP($B21,$R$3:$X$9,2,FALSE) -> #N/A | T21: =VLOOKUP($B21,$R$3:$X$9,3,FALSE) -> #N/A | U21: =VLOOKUP($B21,$R$3:$X$9,4,FALSE) -> #N/A | V21: =VLOOKUP($B21,$R$3:$X$9,5,FALSE) -> #N/A | W21: =VLOOKUP($B21,$R$3:$X$9,6,FALSE) -> #N/A | X21: =VLOOKUP($B21,$R$3:$X$9,7,FALSE) -> #N/A | Y21: =VLOOKUP($B21,$R$3:$Z$9,8,FALSE) -> #N/A | Z21: =VLOOKUP($B21,$R$3:$Z$9,9,FALSE) -> #N/A
R22: =B22 -> 0 | S22: =VLOOKUP($B22,$R$3:$X$9,2,FALSE) -> #N/A | T22: =VLOOKUP($B22,$R$3:$X$9,3,FALSE) -> #N/A | U22: =VLOOKUP($B22,$R$3:$X$9,4,FALSE) -> #N/A | V22: =VLOOKUP($B22,$R$3:$X$9,5,FALSE) -> #N/A | W22: =VLOOKUP($B22,$R$3:$X$9,6,FALSE) -> #N/A | X22: =VLOOKUP($B22,$R$3:$X$9,7,FALSE) -> #N/A | Y22: =VLOOKUP($B22,$R$3:$Z$9,8,FALSE) -> #N/A | Z22: =VLOOKUP($B22,$R$3:$Z$9,9,FALSE) -> #N/A
R23: =B23 -> 0 | S23: =VLOOKUP($B23,$R$3:$X$9,2,FALSE) -> #N/A | T23: =VLOOKUP($B23,$R$3:$X$9,3,FALSE) -> #N/A | U23: =VLOOKUP($B23,$R$3:$X$9,4,FALSE) -> #N/A | V23: =VLOOKUP($B23,$R$3:$X$9,5,FALSE) -> #N/A | W23: =VLOOKUP($B23,$R$3:$X$9,6,FALSE) -> #N/A | X23: =VLOOKUP($B23,$R$3:$X$9,7,FALSE) -> #N/A | Y23: =VLOOKUP($B23,$R$3:$Z$9,8,FALSE) -> #N/A | Z23: =VLOOKUP($B23,$R$3:$Z$9,9,FALSE) -> #N/A
R24: =B24 -> 0 | S24: =VLOOKUP($B24,$R$3:$X$9,2,FALSE) -> #N/A | T24: =VLOOKUP($B24,$R$3:$X$9,3,FALSE) -> #N/A | U24: =VLOOKUP($B24,$R$3:$X$9,4,FALSE) -> #N/A | V24: =VLOOKUP($B24,$R$3:$X$9,5,FALSE) -> #N/A | W24: =VLOOKUP($B24,$R$3:$X$9,6,FALSE) -> #N/A | X24: =VLOOKUP($B24,$R$3:$X$9,7,FALSE) -> #N/A | Y24: =VLOOKUP($B24,$R$3:$Z$9,8,FALSE) -> #N/A | Z24: =VLOOKUP($B24,$R$3:$Z$9,9,FALSE) -> #N/A
R25: =B25 -> 0 | S25: =VLOOKUP($B25,$R$3:$X$9,2,FALSE) -> #N/A | T25: =VLOOKUP($B25,$R$3:$X$9,3,FALSE) -> #N/A | U25: =VLOOKUP($B25,$R$3:$X$9,4,FALSE) -> #N/A | V25: =VLOOKUP($B25,$R$3:$X$9,5,FALSE) -> #N/A | W25: =VLOOKUP($B25,$R$3:$X$9,6,FALSE) -> #N/A | X25: =VLOOKUP($B25,$R$3:$X$9,7,FALSE) -> #N/A | Y25: =VLOOKUP($B25,$R$3:$Z$9,8,FALSE) -> #N/A | Z25: =VLOOKUP($B25,$R$3:$Z$9,9,FALSE) -> #N/A
B26: BRAND | D26: BBT P.G./ O.G | I26: Brand | K26: MTD No. of Brews | L26: MTD | M26: YTD | N26: Target | R26: =B26 -> BRAND | S26: =VLOOKUP($B26,$R$3:$X$9,2,FALSE) -> #N/A | T26: =VLOOKUP($B26,$R$3:$X$9,3,FALSE) -> #N/A | U26: =VLOOKUP($B26,$R$3:$X$9,4,FALSE) -> #N/A | V26: =VLOOKUP($B26,$R$3:$X$9,5,FALSE) -> #N/A | W26: =VLOOKUP($B26,$R$3:$X$9,6,FALSE) -> #N/A | X26: =VLOOKUP($B26,$R$3:$X$9,7,FALSE) -> #N/A | Y26: =VLOOKUP($B26,$R$3:$Z$9,8,FALSE) -> #N/A | Z26: =VLOOKUP($B26,$R$3:$Z$9,9,FALSE) -> #N/A
B27: =I27 -> CARIB | C27: =[4]Process!D565 -> 12 | D27: 11.98 | I27: CARIB | K27: =COUNTA([4]Brewhouse!$A$595:$A$618) -> 24 | L27: =AVERAGE([4]Brewhouse!$AU$595:$AU$618) -> 99.555117 | M27: =AVERAGE([4]Brewhouse!$AU$42:$AU$123,[4]Brewhouse!$AU$125:$AU$188,[4]Brewhouse!$AU$198:$AU$290,[4]Brewhouse!$AU$292:$AU$370,[4]Brewhouse!$AU$372:$AU$439,[4]Brewhouse!$AU$441:$AU$497,[4]Brewhouse!$AU$499:$AU$519,[4]Brewhouse!$AU$521:$AU$593,[4]Brewhouse!$AU$595:$AU$618) -> 98.227934 | N27: 98 | R27: =B27 -> CARIB | S27: =VLOOKUP($B27,$R$3:$X$9,2,FALSE) -> 11.6 | T27: =VLOOKUP($B27,$R$3:$X$9,3,FALSE) -> 12 | U27: =VLOOKUP($B27,$R$3:$X$9,4,FALSE) -> 0 | V27: =VLOOKUP($B27,$R$3:$X$9,5,FALSE) -> 0.11805556 | W27: =VLOOKUP($B27,$R$3:$X$9,6,FALSE) -> 0.22569444 | X27: =VLOOKUP($B27,$R$3:$X$9,7,FALSE) -> 0.26388889 | Y27: =VLOOKUP($B27,$R$3:$Z$9,8,FALSE) -> 0 | Z27: =VLOOKUP($B27,$R$3:$Z$9,9,FALSE) -> 60
C28: =[4]Process!D566 -> 11.9 | I28: STAG | J28: =AVERAGE(I10:I12) -> 99.151468 | K28: =COUNTA([3]Brewhouse!$A$327:$A$338) -> 12 | L28: =AVERAGE([3]Brewhouse!$AS$327:$AS$338) -> 99.3183 | M28: =AVERAGE([3]Brewhouse!$AS$52:$AS$81,[3]Brewhouse!$AS$83:$AS$124,[3]Brewhouse!$AS$134:$AS$177,[3]Brewhouse!$AS$22:$AS$179,[3]Brewhouse!$AS$214:$AS$249,[3]Brewhouse!$AS$252:$AS$293,[3]Brewhouse!$AS$295:$AS$325,[3]Brewhouse!$AS$327:$AS$338) -> 98.180376 | N28: 98 | R28: =B28 -> 0 | S28: =VLOOKUP($B28,$R$3:$X$9,2,FALSE) -> #N/A | T28: =VLOOKUP($B28,$R$3:$X$9,3,FALSE) -> #N/A | U28: =VLOOKUP($B28,$R$3:$X$9,4,FALSE) -> #N/A | V28: =VLOOKUP($B28,$R$3:$X$9,5,FALSE) -> #N/A | W28: =VLOOKUP($B28,$R$3:$X$9,6,FALSE) -> #N/A | X28: =VLOOKUP($B28,$R$3:$X$9,7,FALSE) -> #N/A | Y28: =VLOOKUP($B28,$R$3:$Z$9,8,FALSE) -> #N/A | Z28: =VLOOKUP($B28,$R$3:$Z$9,9,FALSE) -> #N/A
C29: =[4]Process!D567 -> 11.7 | D29: 11.72 | I29: GUINNESS | M29: =AVERAGE([5]Brewhouse!$AU$16:$AU$23,[5]Brewhouse!$AU$25:$AU$32,[5]Brewhouse!$AU$34:$AU$41,[5]Brewhouse!$AU$43:$AU$60,[5]Brewhouse!$AU$62:$AU$69,[5]Brewhouse!$AU$71:$AU$88) -> 96.520986 | N29: 98 | R29: =B29 -> 0 | S29: =VLOOKUP($B29,$R$3:$X$9,2,FALSE) -> #N/A | T29: =VLOOKUP($B29,$R$3:$X$9,3,FALSE) -> #N/A | U29: =VLOOKUP($B29,$R$3:$X$9,4,FALSE) -> #N/A | V29: =VLOOKUP($B29,$R$3:$X$9,5,FALSE) -> #N/A | W29: =VLOOKUP($B29,$R$3:$X$9,6,FALSE) -> #N/A | X29: =VLOOKUP($B29,$R$3:$X$9,7,FALSE) -> #N/A | Y29: =VLOOKUP($B29,$R$3:$Z$9,8,FALSE) -> #N/A | Z29: =VLOOKUP($B29,$R$3:$Z$9,9,FALSE) -> #N/A
C30: =[4]Process!D568 -> 11.9 | I30: VITAMALT | M30: =AVERAGE([6]Brewhouse!$AV$23:$AV$34,[6]Brewhouse!$AV$36,[6]Brewhouse!$AV$38:$AV$52,[6]Brewhouse!$AV$54:$AV$60,[6]Brewhouse!$AV$62:$AV$69,[6]Brewhouse!$AV$71:$AV$78,[6]Brewhouse!$AV$80:$AV$87) -> 97.513043 | N30: 98 | R30: =B30 -> 0 | S30: =VLOOKUP($B30,$R$3:$X$9,2,FALSE) -> #N/A | T30: =VLOOKUP($B30,$R$3:$X$9,3,FALSE) -> #N/A | U30: =VLOOKUP($B30,$R$3:$X$9,4,FALSE) -> #N/A | V30: =VLOOKUP($B30,$R$3:$X$9,5,FALSE) -> #N/A | W30: =VLOOKUP($B30,$R$3:$X$9,6,FALSE) -> #N/A | X30: =VLOOKUP($B30,$R$3:$X$9,7,FALSE) -> #N/A | Y30: =VLOOKUP($B30,$R$3:$Z$9,8,FALSE) -> #N/A | Z30: =VLOOKUP($B30,$R$3:$Z$9,9,FALSE) -> #N/A
C31: =[4]Process!D569 -> 11.6 | D31: 11.92 | I31: MAXIMALT | N31: 98 | R31: =B31 -> 0 | S31: =VLOOKUP($B31,$R$3:$X$9,2,FALSE) -> #N/A | T31: =VLOOKUP($B31,$R$3:$X$9,3,FALSE) -> #N/A | U31: =VLOOKUP($B31,$R$3:$X$9,4,FALSE) -> #N/A | V31: =VLOOKUP($B31,$R$3:$X$9,5,FALSE) -> #N/A | W31: =VLOOKUP($B31,$R$3:$X$9,6,FALSE) -> #N/A | X31: =VLOOKUP($B31,$R$3:$X$9,7,FALSE) -> #N/A | Y31: =VLOOKUP($B31,$R$3:$Z$9,8,FALSE) -> #N/A | Z31: =VLOOKUP($B31,$R$3:$Z$9,9,FALSE) -> #N/A
C32: =[4]Process!D570 -> 11.8 | I32: MACKESON | M32: =AVERAGE([7]Brewhouse!$AT$4:$AT$11,[7]Brewhouse!$AT$13:$AT$16,[7]Brewhouse!$AT$18:$AT$21) -> 91.832675 | N32: 98 | R32: =B32 -> 0 | S32: =VLOOKUP($B32,$R$3:$X$9,2,FALSE) -> #N/A | T32: =VLOOKUP($B32,$R$3:$X$9,3,FALSE) -> #N/A | U32: =VLOOKUP($B32,$R$3:$X$9,4,FALSE) -> #N/A | V32: =VLOOKUP($B32,$R$3:$X$9,5,FALSE) -> #N/A | W32: =VLOOKUP($B32,$R$3:$X$9,6,FALSE) -> #N/A | X32: =VLOOKUP($B32,$R$3:$X$9,7,FALSE) -> #N/A | Y32: =VLOOKUP($B32,$R$3:$Z$9,8,FALSE) -> #N/A | Z32: =VLOOKUP($B32,$R$3:$Z$9,9,FALSE) -> #N/A
C33: =[4]Process!D571 -> 11.7 | D33: 11.91 | I33: STARMALT | K33: =COUNTA([8]Brewhouse!$A$84:$A$91) -> 8 | L33: =AVERAGE([8]Brewhouse!$AY$84:$AY$91) -> 97.517044 | M33: =AVERAGE([8]Brewhouse!$AY$5:$AY$14,[8]Brewhouse!$AY$16:$AY$23,[8]Brewhouse!$AY$42,[8]Brewhouse!$AY$44:$AY$51,[8]Brewhouse!$AY$53:$AY$64,[8]Brewhouse!$AY$66:$AY$73,[8]Brewhouse!$AY$75:$AY$82,[8]Brewhouse!$AY$84:$AY$91) -> 98.050826 | N33: 98 | R33: =B33 -> 0 | S33: =VLOOKUP($B33,$R$3:$X$9,2,FALSE) -> #N/A | T33: =VLOOKUP($B33,$R$3:$X$9,3,FALSE) -> #N/A | U33: =VLOOKUP($B33,$R$3:$X$9,4,FALSE) -> #N/A | V33: =VLOOKUP($B33,$R$3:$X$9,5,FALSE) -> #N/A | W33: =VLOOKUP($B33,$R$3:$X$9,6,FALSE) -> #N/A | X33: =VLOOKUP($B33,$R$3:$X$9,7,FALSE) -> #N/A | Y33: =VLOOKUP($B33,$R$3:$Z$9,8,FALSE) -> #N/A | Z33: =VLOOKUP($B33,$R$3:$Z$9,9,FALSE) -> #N/A
C34: =[4]Process!D572 -> 12.1 | I34: HR- Pils | N34: 98 | R34: =B34 -> 0 | S34: =VLOOKUP($B34,$R$3:$X$9,2,FALSE) -> #N/A | T34: =VLOOKUP($B34,$R$3:$X$9,3,FALSE) -> #N/A | U34: =VLOOKUP($B34,$R$3:$X$9,4,FALSE) -> #N/A | V34: =VLOOKUP($B34,$R$3:$X$9,5,FALSE) -> #N/A | W34: =VLOOKUP($B34,$R$3:$X$9,6,FALSE) -> #N/A | X34: =VLOOKUP($B34,$R$3:$X$9,7,FALSE) -> #N/A | Y34: =VLOOKUP($B34,$R$3:$Z$9,8,FALSE) -> #N/A | Z34: =VLOOKUP($B34,$R$3:$Z$9,9,FALSE) -> #N/A
I35: HR- IPA | N35: 98 | R35: =B35 -> 0 | S35: =VLOOKUP($B35,$R$3:$X$9,2,FALSE) -> #N/A | T35: =VLOOKUP($B35,$R$3:$X$9,3,FALSE) -> #N/A | U35: =VLOOKUP($B35,$R$3:$X$9,4,FALSE) -> #N/A | V35: =VLOOKUP($B35,$R$3:$X$9,5,FALSE) -> #N/A | W35: =VLOOKUP($B35,$R$3:$X$9,6,FALSE) -> #N/A | X35: =VLOOKUP($B35,$R$3:$X$9,7,FALSE) -> #N/A | Y35: =VLOOKUP($B35,$R$3:$Z$9,8,FALSE) -> #N/A | Z35: =VLOOKUP($B35,$R$3:$Z$9,9,FALSE) -> #N/A
I36: HR- APA | N36: 98 | R36: =B36 -> 0 | S36: =VLOOKUP($B36,$R$3:$X$9,2,FALSE) -> #N/A | T36: =VLOOKUP($B36,$R$3:$X$9,3,FALSE) -> #N/A | U36: =VLOOKUP($B36,$R$3:$X$9,4,FALSE) -> #N/A | V36: =VLOOKUP($B36,$R$3:$X$9,5,FALSE) -> #N/A | W36: =VLOOKUP($B36,$R$3:$X$9,6,FALSE) -> #N/A | X36: =VLOOKUP($B36,$R$3:$X$9,7,FALSE) -> #N/A | Y36: =VLOOKUP($B36,$R$3:$Z$9,8,FALSE) -> #N/A | Z36: =VLOOKUP($B36,$R$3:$Z$9,9,FALSE) -> #N/A
K37: =SUM(K27:K36) -> 44 | L37: =((L27*K27)+(L28*K28)+(L29*K29)+(L30*K30)+(L31*K31)+(K34*L34)+(L32*K32)+(L33*K33)+(L36*K36))/(K37) -> 99.119972 | M37: =AVERAGE('[9]Jan30th-31st'!$L$42,'[10]Feb 27th-28th'!$L$45,'[11]Mar 31st'!$L$42,'[12]Apr 30th'!$L$41,'[13]May 29th '!$L$35,'[14]June 30th'!$L$32,[15]July31st!$L$36,L37) -> 98.049914 | N37: 98 | R37: =B37 -> 0 | S37: =VLOOKUP($B37,$R$3:$X$9,2,FALSE) -> #N/A | T37: =VLOOKUP($B37,$R$3:$X$9,3,FALSE) -> #N/A | U37: =VLOOKUP($B37,$R$3:$X$9,4,FALSE) -> #N/A | V37: =VLOOKUP($B37,$R$3:$X$9,5,FALSE) -> #N/A | W37: =VLOOKUP($B37,$R$3:$X$9,6,FALSE) -> #N/A | X37: =VLOOKUP($B37,$R$3:$X$9,7,FALSE) -> #N/A | Y37: =VLOOKUP($B37,$R$3:$Z$9,8,FALSE) -> #N/A | Z37: =VLOOKUP($B37,$R$3:$Z$9,9,FALSE) -> #N/A
R38: =B38 -> 0 | S38: =VLOOKUP($B38,$R$3:$X$9,2,FALSE) -> #N/A | T38: =VLOOKUP($B38,$R$3:$X$9,3,FALSE) -> #N/A | U38: =VLOOKUP($B38,$R$3:$X$9,4,FALSE) -> #N/A | V38: =VLOOKUP($B38,$R$3:$X$9,5,FALSE) -> #N/A | W38: =VLOOKUP($B38,$R$3:$X$9,6,FALSE) -> #N/A | X38: =VLOOKUP($B38,$R$3:$X$9,7,FALSE) -> #N/A | Y38: =VLOOKUP($B38,$R$3:$Z$9,8,FALSE) -> #N/A | Z38: =VLOOKUP($B38,$R$3:$Z$9,9,FALSE) -> #N/A
J39: Daily Brewing Plan
J40: Brand | L40: Average Brews per day
J41: CARIB | L41: MTD | M41: YTD | N41: TARGET
J42: STAG | K42: 3 | L42: =AVERAGE(K51,'Aug 3rd '!K47,'Aug 2nd'!K52,'Aug 4th'!K47,'Aug 5th'!K51,'Aug 6th'!K51,'Aug 7th'!K51) -> 6.2857143 | M42: =AVERAGE('[9]Jan30th-31st'!$L$47,L42,'[10]Feb 26th '!$L$39,'[11]Mar 31st'!$L$47,'[12]Apr 30th'!$L$46,'[13]May 29th '!$L$40,'[14]June 30th'!$L$39,[15]July31st!$L$41) -> 6.3316363 | N42: 9.2
J43: GUINN
J44: VITAMALT
J45: STARMALT
J46: MACKESON
J47: HURRICANE REEF- IPA
J48: HURRICANE REEF- APA
B49: AVERAGE | J49: HR- PILSNER
J50: CARIBE
J51: Total | K51: =SUM(K41:K50) -> 3
B52: Process: | C52: Fermentation/Filtration
B54: Brand | C54: Filt. Date | D54: FV Hls | E54: GFE/ Prim/ Vita Blend (Hls) | F54: SV Hls | G54: BBT Hls | H54: Loss (%) Ferm | I54: Loss (%) Filt | J54: Comments | K54: Throughput | L54: Process Loss (%) | M54: Filt. Operator
AB55: 43474 | AC55: 43475 | AD55: 43476 | AE55: 43477 | AF55: 43478 | AG55: 43479 | AH55: 43480 | AI55: 43481 | AJ55: 43482 | AK55: 43483 | AL55: 43484 | AM55: 43485 | AN55: 43486 | AO55: 43487 | AP55: 43488 | AQ55: 43489 | AR55: 43490 | AS55: 43491 | AT55: 43492 | AU55: 43493 | AV55: 43494 | AW55: 43495 | AX55: 43496
B56: =J42 -> STAG | C56: 46218 | D56: =[35]July_2026!$R$13 -> 195.68 | G56: =[35]July_2026!$R$17 -> 184 | J56: 2 BREAKS | K56: =[36]July_2026!$R$25 -> 0.32280702 | L56: =(((D56+E56)-G56)/(D56+E56))*100 -> 5.9689289 | M56: J. Nelson | AB56: =[16]January_2019!L5 -> 0 | AC56: =[16]January_2019!M5 -> 0 | AD56: =[16]January_2019!N5 -> 0 | AE56: =[16]January_2019!O5 -> 0 | AF56: =[16]January_2019!P5 -> 0 | AG56: =[16]January_2019!Q5 -> 0 | AH56: =[16]January_2019!R5 -> 0 | AI56: =[16]January_2019!S5 -> 0 | ... AX56: =[16]January_2019!AH5 -> 0
AB57: =[16]January_2019!L6 -> 0 | AC57: =[16]January_2019!M6 -> 0 | AD57: =[16]January_2019!N6 -> 0 | AE57: =[16]January_2019!O6 -> 0 | AF57: =[16]January_2019!P6 -> 0 | AG57: =[16]January_2019!Q6 -> 0 | AH57: =[16]January_2019!R6 -> 0 | AI57: =[16]January_2019!S6 -> 0 | ... AX57: =[16]January_2019!AH6 -> 0
B58: =B69 -> CARIB | C58: 46246 | D58: =[35]August_2026!$O$3 -> 393.57 | G58: =[35]August_2026!$O$7 -> 376.2 | J58: 2 SBF | K58: =[36]August_2026!$O$18 -> 0.44 | L58: =(((D58+E58)-G58)/(D58+E58))*100 -> 4.4134461 | M58: G. Mason | AB58: =[16]January_2019!L7 -> 285.8 | AC58: =[16]January_2019!M7 -> 508.1 | AD58: =[16]January_2019!N7 -> 0 | AE58: =[16]January_2019!O7 -> 0 | AF58: =[16]January_2019!P7 -> 109.56667 | AG58: =[16]January_2019!Q7 -> 297.65 | AH58: =[16]January_2019!R7 -> 122.3 | AI58: =[16]January_2019!S7 -> 0 | ... AX58: =[16]January_2019!AH7 -> 0
B67: Process Loss (Volume) | G67: Process Loss (Extract) | K67: Throughput
B68: Brand | C68: Actual | D68: MTD | E68: YTD | F68: Target | G68: Actual | H68: MTD | I68: YTD | J68: Target | L68: MTD | M68: YTD | N68: Target
B69: CARIB | C69: =L58 -> 4.4134461 | D69: 4.391539 | E69: 6.3506079 | F69: 4.8 | G69: =[35]August_2026!$O$11 -> 4.0273938 | H69: 4.6175432 | I69: 6.6408535 | J69: 4.8 | K69: =K58 -> 0.44 | L69: 0.44353718 | M69: 0.5320506 | N69: 1
B70: STAG | D70: 13.806188 | E70: 5.9909116 | F70: 4.8 | H70: 14.156285 | I70: 6.0280449 | J70: 4.8 | L70: 1.0361404 | M70: 0.71156427 | N70: 1
B71: GUINN | D71: 8.0132764 | E71: 11.08536 | F71: 5.5 | H71: 7.2619981 | I71: 11.847386 | J71: 5.5 | L71: 0.68070175 | M71: 0.37172629 | N71: 1
B72: VITAMALT | E72: 4.8685538 | F72: 3.3 | I72: 5.0921773 | J72: 3.3 | M72: 0.79040936 | N72: 1
B73: APA | F73: 3.3 | J73: 3 | N73: 1
B74: MACKESON | E74: 6.0400198 | F74: 5.5 | I74: 8.2405788 | J74: 5.5 | M74: 0.78491228 | N74: 1
B75: STARMALT | D75: 2.3312883 | E75: 3.4897129 | F75: 3.3 | H75: 2.9668765 | I75: 4.7322075 | J75: 3.3 | L75: 1.3964912 | M75: 0.93464646 | N75: 1
B76: IPA | F76: 7.5 | J76: 7.5 | N76: 1
B77: HURRICANE REEF PILS | F77: 4.8 | J77: 4.8 | N77: 1
D78: 5.3904483 | E78: 6.2684124 | F78: 5.5 | H78: 5.5132851 | I78: 6.6985534 | J78: 5.5 | L78: 0.6663774 | M78: 0.60950178 | N78: 1

Sheet Aug 13th 
S1: P.G. | U1: Hot Time | W1: Process Time | Y1: Cooling Time
B2: Brewing Department Daily Process Loss Report | S2: Lower | T2: Upper | U2: Lower | V2: Upper | W2: Lower | X2: Upper | Y2: Lower | Z2: Upper
R3: CARIB | S3: 11.6 | T3: 12 | U3: 0 | V3: 0.11805556 | W3: 0.22569444 | X3: 0.26388889 | Y3: 0 | Z3: 60 | AB3: HR- PISNER
B4: Date: | C4: 46248 | J4: LOT WORT COLOUR: 3.3 | M4: Filter Sheets (Target 20 days) | R4: STAG | S4: 11.6 | T4: 12 | U4: 0 | V4: 0.11805556 | W4: 0.22569444 | X4: 0.26388889 | Y4: 0 | Z4: 60
M5: Double | N5: Single | R5: GUINNESS | S5: 17 | T5: 17.5 | U5: 0 | V5: 0.10763889 | W5: 0.24652778 | X5: 0.28472222 | Y5: 0 | Z5: 60
J6: MALT LOT: Lot #13 | L6: Sheet Day | R6: MACKESON | S6: 13.3 | T6: 13.5 | U6: 0 | V6: 0.12905093 | W6: 0.27430556 | X6: 0.30208333 | Y6: 0
R7: STARMALT | S7: 17 | T7: 17.4 | U7: 0 | V7: 0.13605324 | W7: 0.27430556 | X7: 0.30902778 | Y7: 0 | Z7: 85
B8: Brand | C8: Brew no. | D8: Kett. Hls | E8: Wort | F8: Cool Time(Mins) | G8: Cast. P.G. (Lab Result) | H8: Cast P.G. (Cellar Operator)-gravity | I8: Extr. Rec (78%) | J8: Theor. Extr. (77.5%) | K8: Boil Off /Vol. (4-6%) | L8: Boil Time | M8: Total Hot | N8: Brewing Time | O8: Operator | R8: Hurricane Reef | S8: 16.6 | T8: 17 | U8: 0 | V8: 0.12905093 | W8: 0.27430556 | X8: 0.30208333 | Y8: 0
E9: Meter (Hls) | F9: Target(< 60Mins) | M9: Time | R9: VITAMALT | S9: 14.2 | T9: 14.6 | U9: 0 | V9: 0.13905093 | W9: 0.26041667 | X9: 0.29513889 | Y9: 0 | Z9: 75
R10: =B10 -> 0 | S10: =VLOOKUP($B10,$R$3:$X$9,2,FALSE) -> #N/A | T10: =VLOOKUP($B10,$R$3:$X$9,3,FALSE) -> #N/A | U10: =VLOOKUP($B10,$R$3:$X$9,4,FALSE) -> #N/A | V10: =VLOOKUP($B10,$R$3:$X$9,5,FALSE) -> #N/A | W10: =VLOOKUP($B10,$R$3:$X$9,6,FALSE) -> #N/A | X10: =VLOOKUP($B10,$R$3:$X$9,7,FALSE) -> #N/A | Y10: =VLOOKUP($B10,$R$3:$Z$9,8,FALSE) -> #N/A | Z10: =VLOOKUP($B10,$R$3:$Z$9,9,FALSE) -> #N/A
R11: =B11 -> 0 | S11: =VLOOKUP($B11,$R$3:$X$9,2,FALSE) -> #N/A | T11: =VLOOKUP($B11,$R$3:$X$9,3,FALSE) -> #N/A | U11: =VLOOKUP($B11,$R$3:$X$9,4,FALSE) -> #N/A | V11: =VLOOKUP($B11,$R$3:$X$9,5,FALSE) -> #N/A | W11: =VLOOKUP($B11,$R$3:$X$9,6,FALSE) -> #N/A | X11: =VLOOKUP($B11,$R$3:$X$9,7,FALSE) -> #N/A | Y11: =VLOOKUP($B11,$R$3:$Z$9,8,FALSE) -> #N/A | Z11: =VLOOKUP($B11,$R$3:$Z$9,9,FALSE) -> #N/A
R12: =B12 -> 0 | S12: =VLOOKUP($B12,$R$3:$X$9,2,FALSE) -> #N/A | T12: =VLOOKUP($B12,$R$3:$X$9,3,FALSE) -> #N/A | U12: =VLOOKUP($B12,$R$3:$X$9,4,FALSE) -> #N/A | V12: =VLOOKUP($B12,$R$3:$X$9,5,FALSE) -> #N/A | W12: =VLOOKUP($B12,$R$3:$X$9,6,FALSE) -> #N/A | X12: =VLOOKUP($B12,$R$3:$X$9,7,FALSE) -> #N/A | Y12: =VLOOKUP($B12,$R$3:$Z$9,8,FALSE) -> #N/A | Z12: =VLOOKUP($B12,$R$3:$Z$9,9,FALSE) -> #N/A
B13: STAG | C13: =[3]Brewhouse!$A339 -> ST282 | D13: =[3]Brewhouse!$AB339 -> 53.1 | E13: =[3]Brewhouse!$AG339 -> 49.9 | F13: =[3]Brewhouse!$V339 -> 62 | G13: =[3]Brewhouse!$AE339 -> 11.8 | H13: 11.8 | I13: =[3]Brewhouse!$AS339 -> 100.05113 | J13: =[3]Brewhouse!$AT339 -> 100.81981 | K13: =[3]Brewhouse!$Q339 -> 11.629002 | L13: =[3]Brewhouse!$P339 -> 64 | M13: =[3]Brewhouse!$U339-[3]Brewhouse!$T339 -> 0.11944444 | N13: =[3]Brewhouse!$AW339 -> 0.27013889 | O13: =[3]Brewhouse!$AV339 -> P. Calliste | R13: =B13 -> STAG | S13: =VLOOKUP($B13,$R$3:$X$9,2,FALSE) -> 11.6 | T13: =VLOOKUP($B13,$R$3:$X$9,3,FALSE) -> 12 | U13: =VLOOKUP($B13,$R$3:$X$9,4,FALSE) -> 0 | V13: =VLOOKUP($B13,$R$3:$X$9,5,FALSE) -> 0.11805556 | W13: =VLOOKUP($B13,$R$3:$X$9,6,FALSE) -> 0.22569444 | X13: =VLOOKUP($B13,$R$3:$X$9,7,FALSE) -> 0.26388889 | Y13: =VLOOKUP($B13,$R$3:$Z$9,8,FALSE) -> 0 | Z13: =VLOOKUP($B13,$R$3:$Z$9,9,FALSE) -> 60
B14: STAG | C14: =[3]Brewhouse!$A340 -> ST283 | D14: =[3]Brewhouse!$AB340 -> 53.1 | E14: =[3]Brewhouse!$AG340 -> 49.8 | F14: =[3]Brewhouse!$V340 -> 60 | G14: =[3]Brewhouse!$AE340 -> 11.8 | H14: 11.9 | I14: =[3]Brewhouse!$AS340 -> 99.219837 | J14: =[3]Brewhouse!$AT340 -> 99.983411 | K14: =[3]Brewhouse!$Q340 -> 12.00565 | L14: =[3]Brewhouse!$P340 -> 61 | M14: =[3]Brewhouse!$U340-[3]Brewhouse!$T340 -> 0.11736111 | N14: =[3]Brewhouse!$AW340 -> 0.25625 | O14: =[3]Brewhouse!$AV340 -> P. Calliste | R14: =B14 -> STAG | S14: =VLOOKUP($B14,$R$3:$X$9,2,FALSE) -> 11.6 | T14: =VLOOKUP($B14,$R$3:$X$9,3,FALSE) -> 12 | U14: =VLOOKUP($B14,$R$3:$X$9,4,FALSE) -> 0 | V14: =VLOOKUP($B14,$R$3:$X$9,5,FALSE) -> 0.11805556 | W14: =VLOOKUP($B14,$R$3:$X$9,6,FALSE) -> 0.22569444 | X14: =VLOOKUP($B14,$R$3:$X$9,7,FALSE) -> 0.26388889 | Y14: =VLOOKUP($B14,$R$3:$Z$9,8,FALSE) -> 0 | Z14: =VLOOKUP($B14,$R$3:$Z$9,9,FALSE) -> 60
B15: STAG | C15: =[3]Brewhouse!$A341 -> ST284 | D15: =[3]Brewhouse!$AB341 -> 53.1 | E15: =[3]Brewhouse!$AG341 -> 49.8 | F15: =[3]Brewhouse!$V341 -> 61 | G15: =[3]Brewhouse!$AE341 -> 11.8 | H15: 11.9 | I15: =[3]Brewhouse!$AS341 -> 99.219837 | J15: =[3]Brewhouse!$AT341 -> 99.983411 | K15: =[3]Brewhouse!$Q341 -> 13.512241 | L15: =[3]Brewhouse!$P341 -> 60 | M15: =[3]Brewhouse!$U341-[3]Brewhouse!$T341 -> 0.11666667 | N15: =[3]Brewhouse!$AW341 -> 0.25694444 | O15: =[3]Brewhouse!$AV341 -> P. Calliste | R15: =B15 -> STAG | S15: =VLOOKUP($B15,$R$3:$X$9,2,FALSE) -> 11.6 | T15: =VLOOKUP($B15,$R$3:$X$9,3,FALSE) -> 12 | U15: =VLOOKUP($B15,$R$3:$X$9,4,FALSE) -> 0 | V15: =VLOOKUP($B15,$R$3:$X$9,5,FALSE) -> 0.11805556 | W15: =VLOOKUP($B15,$R$3:$X$9,6,FALSE) -> 0.22569444 | X15: =VLOOKUP($B15,$R$3:$X$9,7,FALSE) -> 0.26388889 | Y15: =VLOOKUP($B15,$R$3:$Z$9,8,FALSE) -> 0 | Z15: =VLOOKUP($B15,$R$3:$Z$9,9,FALSE) -> 60
B16: STAG | C16: =[3]Brewhouse!$A342 -> ST285 | D16: =[3]Brewhouse!$AB342 -> 53.1 | E16: =[3]Brewhouse!$AG342 -> 49.6 | F16: =[3]Brewhouse!$V342 -> 63 | G16: =[3]Brewhouse!$AE342 -> 11.8 | H16: 11.8 | I16: =[3]Brewhouse!$AS342 -> 99.32333 | J16: =[3]Brewhouse!$AT342 -> 100.08667 | K16: =[3]Brewhouse!$Q342 -> 13.700565 | L16: =[3]Brewhouse!$P342 -> 61 | M16: =[3]Brewhouse!$U342-[3]Brewhouse!$T342 -> 0.11319444 | N16: =[3]Brewhouse!$AW342 -> 0.25069444 | O16: =[3]Brewhouse!$AV342 -> R. Regis | R16: =B16 -> STAG | S16: =VLOOKUP($B16,$R$3:$X$9,2,FALSE) -> 11.6 | T16: =VLOOKUP($B16,$R$3:$X$9,3,FALSE) -> 12 | U16: =VLOOKUP($B16,$R$3:$X$9,4,FALSE) -> 0 | V16: =VLOOKUP($B16,$R$3:$X$9,5,FALSE) -> 0.11805556 | W16: =VLOOKUP($B16,$R$3:$X$9,6,FALSE) -> 0.22569444 | X16: =VLOOKUP($B16,$R$3:$X$9,7,FALSE) -> 0.26388889 | Y16: =VLOOKUP($B16,$R$3:$Z$9,8,FALSE) -> 0 | Z16: =VLOOKUP($B16,$R$3:$Z$9,9,FALSE) -> 60
B17: STAG | C17: =[3]Brewhouse!$A343 -> ST286 | D17: =[3]Brewhouse!$AB343 -> 53.1 | E17: =[3]Brewhouse!$AG343 -> 49.7 | F17: =[3]Brewhouse!$V343 -> 61 | G17: =[3]Brewhouse!$AE343 -> 11.8 | H17: 11.8 | I17: =[3]Brewhouse!$AS343 -> 99.650122 | J17: =[3]Brewhouse!$AT343 -> 100.41572 | K17: =[3]Brewhouse!$Q343 -> 15.018832 | L17: =[3]Brewhouse!$P343 -> 59 | M17: =[3]Brewhouse!$U343-[3]Brewhouse!$T343 -> 0.11319444 | N17: =[3]Brewhouse!$AW343 -> 0.25069444 | O17: =[3]Brewhouse!$AV343 -> R. Regis | R17: =B17 -> STAG | S17: =VLOOKUP($B17,$R$3:$X$9,2,FALSE) -> 11.6 | T17: =VLOOKUP($B17,$R$3:$X$9,3,FALSE) -> 12 | U17: =VLOOKUP($B17,$R$3:$X$9,4,FALSE) -> 0 | V17: =VLOOKUP($B17,$R$3:$X$9,5,FALSE) -> 0.11805556 | W17: =VLOOKUP($B17,$R$3:$X$9,6,FALSE) -> 0.22569444 | X17: =VLOOKUP($B17,$R$3:$X$9,7,FALSE) -> 0.26388889 | Y17: =VLOOKUP($B17,$R$3:$Z$9,8,FALSE) -> 0 | Z17: =VLOOKUP($B17,$R$3:$Z$9,9,FALSE) -> 60
R18: =B18 -> 0 | S18: =VLOOKUP($B18,$R$3:$X$9,2,FALSE) -> #N/A | T18: =VLOOKUP($B18,$R$3:$X$9,3,FALSE) -> #N/A | U18: =VLOOKUP($B18,$R$3:$X$9,4,FALSE) -> #N/A | V18: =VLOOKUP($B18,$R$3:$X$9,5,FALSE) -> #N/A | W18: =VLOOKUP($B18,$R$3:$X$9,6,FALSE) -> #N/A | X18: =VLOOKUP($B18,$R$3:$X$9,7,FALSE) -> #N/A | Y18: =VLOOKUP($B18,$R$3:$Z$9,8,FALSE) -> #N/A | Z18: =VLOOKUP($B18,$R$3:$Z$9,9,FALSE) -> #N/A
R19: =B19 -> 0 | S19: =VLOOKUP($B19,$R$3:$X$9,2,FALSE) -> #N/A | T19: =VLOOKUP($B19,$R$3:$X$9,3,FALSE) -> #N/A | U19: =VLOOKUP($B19,$R$3:$X$9,4,FALSE) -> #N/A | V19: =VLOOKUP($B19,$R$3:$X$9,5,FALSE) -> #N/A | W19: =VLOOKUP($B19,$R$3:$X$9,6,FALSE) -> #N/A | X19: =VLOOKUP($B19,$R$3:$X$9,7,FALSE) -> #N/A | Y19: =VLOOKUP($B19,$R$3:$Z$9,8,FALSE) -> #N/A | Z19: =VLOOKUP($B19,$R$3:$Z$9,9,FALSE) -> #N/A
R20: =B20 -> 0 | S20: =VLOOKUP($B20,$R$3:$X$9,2,FALSE) -> #N/A | T20: =VLOOKUP($B20,$R$3:$X$9,3,FALSE) -> #N/A | U20: =VLOOKUP($B20,$R$3:$X$9,4,FALSE) -> #N/A | V20: =VLOOKUP($B20,$R$3:$X$9,5,FALSE) -> #N/A | W20: =VLOOKUP($B20,$R$3:$X$9,6,FALSE) -> #N/A | X20: =VLOOKUP($B20,$R$3:$X$9,7,FALSE) -> #N/A | Y20: =VLOOKUP($B20,$R$3:$Z$9,8,FALSE) -> #N/A | Z20: =VLOOKUP($B20,$R$3:$Z$9,9,FALSE) -> #N/A
R21: =B21 -> 0 | S21: =VLOOKUP($B21,$R$3:$X$9,2,FALSE) -> #N/A | T21: =VLOOKUP($B21,$R$3:$X$9,3,FALSE) -> #N/A | U21: =VLOOKUP($B21,$R$3:$X$9,4,FALSE) -> #N/A | V21: =VLOOKUP($B21,$R$3:$X$9,5,FALSE) -> #N/A | W21: =VLOOKUP($B21,$R$3:$X$9,6,FALSE) -> #N/A | X21: =VLOOKUP($B21,$R$3:$X$9,7,FALSE) -> #N/A | Y21: =VLOOKUP($B21,$R$3:$Z$9,8,FALSE) -> #N/A | Z21: =VLOOKUP($B21,$R$3:$Z$9,9,FALSE) -> #N/A
R22: =B22 -> 0 | S22: =VLOOKUP($B22,$R$3:$X$9,2,FALSE) -> #N/A | T22: =VLOOKUP($B22,$R$3:$X$9,3,FALSE) -> #N/A | U22: =VLOOKUP($B22,$R$3:$X$9,4,FALSE) -> #N/A | V22: =VLOOKUP($B22,$R$3:$X$9,5,FALSE) -> #N/A | W22: =VLOOKUP($B22,$R$3:$X$9,6,FALSE) -> #N/A | X22: =VLOOKUP($B22,$R$3:$X$9,7,FALSE) -> #N/A | Y22: =VLOOKUP($B22,$R$3:$Z$9,8,FALSE) -> #N/A | Z22: =VLOOKUP($B22,$R$3:$Z$9,9,FALSE) -> #N/A
R23: =B23 -> 0 | S23: =VLOOKUP($B23,$R$3:$X$9,2,FALSE) -> #N/A | T23: =VLOOKUP($B23,$R$3:$X$9,3,FALSE) -> #N/A | U23: =VLOOKUP($B23,$R$3:$X$9,4,FALSE) -> #N/A | V23: =VLOOKUP($B23,$R$3:$X$9,5,FALSE) -> #N/A | W23: =VLOOKUP($B23,$R$3:$X$9,6,FALSE) -> #N/A | X23: =VLOOKUP($B23,$R$3:$X$9,7,FALSE) -> #N/A | Y23: =VLOOKUP($B23,$R$3:$Z$9,8,FALSE) -> #N/A | Z23: =VLOOKUP($B23,$R$3:$Z$9,9,FALSE) -> #N/A
R24: =B24 -> 0 | S24: =VLOOKUP($B24,$R$3:$X$9,2,FALSE) -> #N/A | T24: =VLOOKUP($B24,$R$3:$X$9,3,FALSE) -> #N/A | U24: =VLOOKUP($B24,$R$3:$X$9,4,FALSE) -> #N/A | V24: =VLOOKUP($B24,$R$3:$X$9,5,FALSE) -> #N/A | W24: =VLOOKUP($B24,$R$3:$X$9,6,FALSE) -> #N/A | X24: =VLOOKUP($B24,$R$3:$X$9,7,FALSE) -> #N/A | Y24: =VLOOKUP($B24,$R$3:$Z$9,8,FALSE) -> #N/A | Z24: =VLOOKUP($B24,$R$3:$Z$9,9,FALSE) -> #N/A
R25: =B25 -> 0 | S25: =VLOOKUP($B25,$R$3:$X$9,2,FALSE) -> #N/A | T25: =VLOOKUP($B25,$R$3:$X$9,3,FALSE) -> #N/A | U25: =VLOOKUP($B25,$R$3:$X$9,4,FALSE) -> #N/A | V25: =VLOOKUP($B25,$R$3:$X$9,5,FALSE) -> #N/A | W25: =VLOOKUP($B25,$R$3:$X$9,6,FALSE) -> #N/A | X25: =VLOOKUP($B25,$R$3:$X$9,7,FALSE) -> #N/A | Y25: =VLOOKUP($B25,$R$3:$Z$9,8,FALSE) -> #N/A | Z25: =VLOOKUP($B25,$R$3:$Z$9,9,FALSE) -> #N/A
B26: BRAND | D26: BBT P.G./ O.G | I26: Brand | K26: MTD No. of Brews | L26: MTD | M26: YTD | N26: Target | R26: =B26 -> BRAND | S26: =VLOOKUP($B26,$R$3:$X$9,2,FALSE) -> #N/A | T26: =VLOOKUP($B26,$R$3:$X$9,3,FALSE) -> #N/A | U26: =VLOOKUP($B26,$R$3:$X$9,4,FALSE) -> #N/A | V26: =VLOOKUP($B26,$R$3:$X$9,5,FALSE) -> #N/A | W26: =VLOOKUP($B26,$R$3:$X$9,6,FALSE) -> #N/A | X26: =VLOOKUP($B26,$R$3:$X$9,7,FALSE) -> #N/A | Y26: =VLOOKUP($B26,$R$3:$Z$9,8,FALSE) -> #N/A | Z26: =VLOOKUP($B26,$R$3:$Z$9,9,FALSE) -> #N/A
B27: =I28 -> STAG | C27: =[3]Process!D311 -> 11.7 | D27: 12.09 | I27: CARIB | K27: =COUNTA([4]Brewhouse!$A$595:$A$618) -> 24 | L27: =AVERAGE([4]Brewhouse!$AU$595:$AU$618) -> 99.555117 | M27: =AVERAGE([4]Brewhouse!$AU$42:$AU$123,[4]Brewhouse!$AU$125:$AU$188,[4]Brewhouse!$AU$198:$AU$290,[4]Brewhouse!$AU$292:$AU$370,[4]Brewhouse!$AU$372:$AU$439,[4]Brewhouse!$AU$441:$AU$497,[4]Brewhouse!$AU$499:$AU$519,[4]Brewhouse!$AU$521:$AU$593,[4]Brewhouse!$AU$595:$AU$618) -> 98.227934 | N27: 98 | R27: =B27 -> STAG | S27: =VLOOKUP($B27,$R$3:$X$9,2,FALSE) -> 11.6 | T27: =VLOOKUP($B27,$R$3:$X$9,3,FALSE) -> 12 | U27: =VLOOKUP($B27,$R$3:$X$9,4,FALSE) -> 0 | V27: =VLOOKUP($B27,$R$3:$X$9,5,FALSE) -> 0.11805556 | W27: =VLOOKUP($B27,$R$3:$X$9,6,FALSE) -> 0.22569444 | X27: =VLOOKUP($B27,$R$3:$X$9,7,FALSE) -> 0.26388889 | Y27: =VLOOKUP($B27,$R$3:$Z$9,8,FALSE) -> 0 | Z27: =VLOOKUP($B27,$R$3:$Z$9,9,FALSE) -> 60
C28: =[3]Process!D312 -> 12 | I28: STAG | J28: =AVERAGE(I13:I17) -> 99.492851 | K28: =COUNTA([3]Brewhouse!$A$327:$A$338) -> 12 | L28: =AVERAGE([3]Brewhouse!$AS$327:$AS$338) -> 99.3183 | M28: =AVERAGE([3]Brewhouse!$AS$52:$AS$81,[3]Brewhouse!$AS$83:$AS$124,[3]Brewhouse!$AS$134:$AS$177,[3]Brewhouse!$AS$22:$AS$179,[3]Brewhouse!$AS$214:$AS$249,[3]Brewhouse!$AS$252:$AS$293,[3]Brewhouse!$AS$295:$AS$325,[3]Brewhouse!$AS$327:$AS$338) -> 98.180376 | N28: 98 | R28: =B28 -> 0 | S28: =VLOOKUP($B28,$R$3:$X$9,2,FALSE) -> #N/A | T28: =VLOOKUP($B28,$R$3:$X$9,3,FALSE) -> #N/A | U28: =VLOOKUP($B28,$R$3:$X$9,4,FALSE) -> #N/A | V28: =VLOOKUP($B28,$R$3:$X$9,5,FALSE) -> #N/A | W28: =VLOOKUP($B28,$R$3:$X$9,6,FALSE) -> #N/A | X28: =VLOOKUP($B28,$R$3:$X$9,7,FALSE) -> #N/A | Y28: =VLOOKUP($B28,$R$3:$Z$9,8,FALSE) -> #N/A | Z28: =VLOOKUP($B28,$R$3:$Z$9,9,FALSE) -> #N/A
C29: =[3]Process!D313 -> 12.1 | D29: 11.88 | I29: GUINNESS | M29: =AVERAGE([5]Brewhouse!$AU$16:$AU$23,[5]Brewhouse!$AU$25:$AU$32,[5]Brewhouse!$AU$34:$AU$41,[5]Brewhouse!$AU$43:$AU$60,[5]Brewhouse!$AU$62:$AU$69,[5]Brewhouse!$AU$71:$AU$88) -> 96.520986 | N29: 98 | R29: =B29 -> 0 | S29: =VLOOKUP($B29,$R$3:$X$9,2,FALSE) -> #N/A | T29: =VLOOKUP($B29,$R$3:$X$9,3,FALSE) -> #N/A | U29: =VLOOKUP($B29,$R$3:$X$9,4,FALSE) -> #N/A | V29: =VLOOKUP($B29,$R$3:$X$9,5,FALSE) -> #N/A | W29: =VLOOKUP($B29,$R$3:$X$9,6,FALSE) -> #N/A | X29: =VLOOKUP($B29,$R$3:$X$9,7,FALSE) -> #N/A | Y29: =VLOOKUP($B29,$R$3:$Z$9,8,FALSE) -> #N/A | Z29: =VLOOKUP($B29,$R$3:$Z$9,9,FALSE) -> #N/A
C30: =[3]Process!D314 -> 11.7 | I30: VITAMALT | M30: =AVERAGE([6]Brewhouse!$AV$23:$AV$34,[6]Brewhouse!$AV$36,[6]Brewhouse!$AV$38:$AV$52,[6]Brewhouse!$AV$54:$AV$60,[6]Brewhouse!$AV$62:$AV$69,[6]Brewhouse!$AV$71:$AV$78,[6]Brewhouse!$AV$80:$AV$87) -> 97.513043 | N30: 98 | R30: =B30 -> 0 | S30: =VLOOKUP($B30,$R$3:$X$9,2,FALSE) -> #N/A | T30: =VLOOKUP($B30,$R$3:$X$9,3,FALSE) -> #N/A | U30: =VLOOKUP($B30,$R$3:$X$9,4,FALSE) -> #N/A | V30: =VLOOKUP($B30,$R$3:$X$9,5,FALSE) -> #N/A | W30: =VLOOKUP($B30,$R$3:$X$9,6,FALSE) -> #N/A | X30: =VLOOKUP($B30,$R$3:$X$9,7,FALSE) -> #N/A | Y30: =VLOOKUP($B30,$R$3:$Z$9,8,FALSE) -> #N/A | Z30: =VLOOKUP($B30,$R$3:$Z$9,9,FALSE) -> #N/A
C31: =[3]Process!D315 -> 12 | D31: 11.83 | I31: MAXIMALT | N31: 98 | R31: =B31 -> 0 | S31: =VLOOKUP($B31,$R$3:$X$9,2,FALSE) -> #N/A | T31: =VLOOKUP($B31,$R$3:$X$9,3,FALSE) -> #N/A | U31: =VLOOKUP($B31,$R$3:$X$9,4,FALSE) -> #N/A | V31: =VLOOKUP($B31,$R$3:$X$9,5,FALSE) -> #N/A | W31: =VLOOKUP($B31,$R$3:$X$9,6,FALSE) -> #N/A | X31: =VLOOKUP($B31,$R$3:$X$9,7,FALSE) -> #N/A | Y31: =VLOOKUP($B31,$R$3:$Z$9,8,FALSE) -> #N/A | Z31: =VLOOKUP($B31,$R$3:$Z$9,9,FALSE) -> #N/A
C32: =[3]Process!D316 -> 12 | I32: MACKESON | M32: =AVERAGE([7]Brewhouse!$AT$4:$AT$11,[7]Brewhouse!$AT$13:$AT$16,[7]Brewhouse!$AT$18:$AT$21) -> 91.832675 | N32: 98 | R32: =B32 -> 0 | S32: =VLOOKUP($B32,$R$3:$X$9,2,FALSE) -> #N/A | T32: =VLOOKUP($B32,$R$3:$X$9,3,FALSE) -> #N/A | U32: =VLOOKUP($B32,$R$3:$X$9,4,FALSE) -> #N/A | V32: =VLOOKUP($B32,$R$3:$X$9,5,FALSE) -> #N/A | W32: =VLOOKUP($B32,$R$3:$X$9,6,FALSE) -> #N/A | X32: =VLOOKUP($B32,$R$3:$X$9,7,FALSE) -> #N/A | Y32: =VLOOKUP($B32,$R$3:$Z$9,8,FALSE) -> #N/A | Z32: =VLOOKUP($B32,$R$3:$Z$9,9,FALSE) -> #N/A
C33: =[3]Process!D317 -> 11.9 | D33: 11.8 | I33: STARMALT | K33: =COUNTA([8]Brewhouse!$A$84:$A$91) -> 8 | L33: =AVERAGE([8]Brewhouse!$AY$84:$AY$91) -> 97.517044 | M33: =AVERAGE([8]Brewhouse!$AY$5:$AY$14,[8]Brewhouse!$AY$16:$AY$23,[8]Brewhouse!$AY$42,[8]Brewhouse!$AY$44:$AY$51,[8]Brewhouse!$AY$53:$AY$64,[8]Brewhouse!$AY$66:$AY$73,[8]Brewhouse!$AY$75:$AY$82,[8]Brewhouse!$AY$84:$AY$91) -> 98.050826 | N33: 98 | R33: =B33 -> 0 | S33: =VLOOKUP($B33,$R$3:$X$9,2,FALSE) -> #N/A | T33: =VLOOKUP($B33,$R$3:$X$9,3,FALSE) -> #N/A | U33: =VLOOKUP($B33,$R$3:$X$9,4,FALSE) -> #N/A | V33: =VLOOKUP($B33,$R$3:$X$9,5,FALSE) -> #N/A | W33: =VLOOKUP($B33,$R$3:$X$9,6,FALSE) -> #N/A | X33: =VLOOKUP($B33,$R$3:$X$9,7,FALSE) -> #N/A | Y33: =VLOOKUP($B33,$R$3:$Z$9,8,FALSE) -> #N/A | Z33: =VLOOKUP($B33,$R$3:$Z$9,9,FALSE) -> #N/A
C34: =[3]Process!D318 -> 11.8 | I34: HR- Pils | N34: 98 | R34: =B34 -> 0 | S34: =VLOOKUP($B34,$R$3:$X$9,2,FALSE) -> #N/A | T34: =VLOOKUP($B34,$R$3:$X$9,3,FALSE) -> #N/A | U34: =VLOOKUP($B34,$R$3:$X$9,4,FALSE) -> #N/A | V34: =VLOOKUP($B34,$R$3:$X$9,5,FALSE) -> #N/A | W34: =VLOOKUP($B34,$R$3:$X$9,6,FALSE) -> #N/A | X34: =VLOOKUP($B34,$R$3:$X$9,7,FALSE) -> #N/A | Y34: =VLOOKUP($B34,$R$3:$Z$9,8,FALSE) -> #N/A | Z34: =VLOOKUP($B34,$R$3:$Z$9,9,FALSE) -> #N/A
C35: =[3]Process!D319 -> 12 | D35: 11.98 | I35: HR- IPA | N35: 98 | R35: =B35 -> 0 | S35: =VLOOKUP($B35,$R$3:$X$9,2,FALSE) -> #N/A | T35: =VLOOKUP($B35,$R$3:$X$9,3,FALSE) -> #N/A | U35: =VLOOKUP($B35,$R$3:$X$9,4,FALSE) -> #N/A | V35: =VLOOKUP($B35,$R$3:$X$9,5,FALSE) -> #N/A | W35: =VLOOKUP($B35,$R$3:$X$9,6,FALSE) -> #N/A | X35: =VLOOKUP($B35,$R$3:$X$9,7,FALSE) -> #N/A | Y35: =VLOOKUP($B35,$R$3:$Z$9,8,FALSE) -> #N/A | Z35: =VLOOKUP($B35,$R$3:$Z$9,9,FALSE) -> #N/A
C36: =[3]Process!D320 -> 11.8 | I36: HR- APA | N36: 98 | R36: =B36 -> 0 | S36: =VLOOKUP($B36,$R$3:$X$9,2,FALSE) -> #N/A | T36: =VLOOKUP($B36,$R$3:$X$9,3,FALSE) -> #N/A | U36: =VLOOKUP($B36,$R$3:$X$9,4,FALSE) -> #N/A | V36: =VLOOKUP($B36,$R$3:$X$9,5,FALSE) -> #N/A | W36: =VLOOKUP($B36,$R$3:$X$9,6,FALSE) -> #N/A | X36: =VLOOKUP($B36,$R$3:$X$9,7,FALSE) -> #N/A | Y36: =VLOOKUP($B36,$R$3:$Z$9,8,FALSE) -> #N/A | Z36: =VLOOKUP($B36,$R$3:$Z$9,9,FALSE) -> #N/A
C37: =[3]Process!D321 -> 12 | D37: 12 | K37: =SUM(K27:K36) -> 44 | L37: =((L27*K27)+(L28*K28)+(L29*K29)+(L30*K30)+(L31*K31)+(K34*L34)+(L32*K32)+(L33*K33)+(L36*K36))/(K37) -> 99.119972 | M37: =AVERAGE('[9]Jan30th-31st'!$L$42,'[10]Feb 27th-28th'!$L$45,'[11]Mar 31st'!$L$42,'[12]Apr 30th'!$L$41,'[13]May 29th '!$L$35,'[14]June 30th'!$L$32,[15]July31st!$L$36,L37) -> 98.049914 | N37: 98 | R37: =B37 -> 0 | S37: =VLOOKUP($B37,$R$3:$X$9,2,FALSE) -> #N/A | T37: =VLOOKUP($B37,$R$3:$X$9,3,FALSE) -> #N/A | U37: =VLOOKUP($B37,$R$3:$X$9,4,FALSE) -> #N/A | V37: =VLOOKUP($B37,$R$3:$X$9,5,FALSE) -> #N/A | W37: =VLOOKUP($B37,$R$3:$X$9,6,FALSE) -> #N/A | X37: =VLOOKUP($B37,$R$3:$X$9,7,FALSE) -> #N/A | Y37: =VLOOKUP($B37,$R$3:$Z$9,8,FALSE) -> #N/A | Z37: =VLOOKUP($B37,$R$3:$Z$9,9,FALSE) -> #N/A
C38: =[3]Process!D322 -> 12 | R38: =B38 -> 0 | S38: =VLOOKUP($B38,$R$3:$X$9,2,FALSE) -> #N/A | T38: =VLOOKUP($B38,$R$3:$X$9,3,FALSE) -> #N/A | U38: =VLOOKUP($B38,$R$3:$X$9,4,FALSE) -> #N/A | V38: =VLOOKUP($B38,$R$3:$X$9,5,FALSE) -> #N/A | W38: =VLOOKUP($B38,$R$3:$X$9,6,FALSE) -> #N/A | X38: =VLOOKUP($B38,$R$3:$X$9,7,FALSE) -> #N/A | Y38: =VLOOKUP($B38,$R$3:$Z$9,8,FALSE) -> #N/A | Z38: =VLOOKUP($B38,$R$3:$Z$9,9,FALSE) -> #N/A
C39: =[3]Process!D323 -> 11.8 | J39: Daily Brewing Plan
C40: =[3]Process!D324 -> 11.7 | J40: Brand | L40: Average Brews per day
J41: CARIB | L41: MTD | M41: YTD | N41: TARGET
J42: STAG | K42: 5 | L42: =AVERAGE(K51,'Aug 3rd '!K47,'Aug 2nd'!K52,'Aug 4th'!K47,'Aug 5th'!K51,'Aug 6th'!K51,'Aug 7th'!K51,'Aug 12th'!K51) -> 6.125 | M42: =AVERAGE('[9]Jan30th-31st'!$L$47,L42,'[10]Feb 26th '!$L$39,'[11]Mar 31st'!$L$47,'[12]Apr 30th'!$L$46,'[13]May 29th '!$L$40,'[14]June 30th'!$L$39,[15]July31st!$L$41) -> 6.311547 | N42: 9.2
J43: GUINN
J44: VITAMALT
J45: STARMALT
J46: MACKESON
J47: HURRICANE REEF- IPA
J48: HURRICANE REEF- APA
B49: AVERAGE | J49: HR- PILSNER
J50: CARIBE
J51: Total | K51: =SUM(K41:K50) -> 5
B52: Process: | C52: Fermentation/Filtration
B54: Brand | C54: Filt. Date | D54: FV Hls | E54: GFE/ Prim/ Vita Blend (Hls) | F54: SV Hls | G54: BBT Hls | H54: Loss (%) Ferm | I54: Loss (%) Filt | J54: Comments | K54: Throughput | L54: Process Loss (%) | M54: Filt. Operator
AB55: 43474 | AC55: 43475 | AD55: 43476 | AE55: 43477 | AF55: 43478 | AG55: 43479 | AH55: 43480 | AI55: 43481 | AJ55: 43482 | AK55: 43483 | AL55: 43484 | AM55: 43485 | AN55: 43486 | AO55: 43487 | AP55: 43488 | AQ55: 43489 | AR55: 43490 | AS55: 43491 | AT55: 43492 | AU55: 43493 | AV55: 43494 | AW55: 43495 | AX55: 43496
B56: =J42 -> STAG | C56: 46218 | D56: =[35]July_2026!$R$13 -> 195.68 | G56: =[35]July_2026!$R$17 -> 184 | J56: 2 BREAKS | K56: =[36]July_2026!$R$25 -> 0.32280702 | L56: =(((D56+E56)-G56)/(D56+E56))*100 -> 5.9689289 | M56: J. Nelson | AB56: =[16]January_2019!L5 -> 0 | AC56: =[16]January_2019!M5 -> 0 | AD56: =[16]January_2019!N5 -> 0 | AE56: =[16]January_2019!O5 -> 0 | AF56: =[16]January_2019!P5 -> 0 | AG56: =[16]January_2019!Q5 -> 0 | AH56: =[16]January_2019!R5 -> 0 | AI56: =[16]January_2019!S5 -> 0 | ... AX56: =[16]January_2019!AH5 -> 0
AB57: =[16]January_2019!L6 -> 0 | AC57: =[16]January_2019!M6 -> 0 | AD57: =[16]January_2019!N6 -> 0 | AE57: =[16]January_2019!O6 -> 0 | AF57: =[16]January_2019!P6 -> 0 | AG57: =[16]January_2019!Q6 -> 0 | AH57: =[16]January_2019!R6 -> 0 | AI57: =[16]January_2019!S6 -> 0 | ... AX57: =[16]January_2019!AH6 -> 0
B58: =B70 -> STAG | C58: 46247 | D58: =[35]August_2026!$P$13 -> 684.5 | G58: =[35]August_2026!$P$17 -> 638.1 | J58: 3 SBF | K58: =[36]August_2026!$P$25 -> 0.55973684 | L58: =(((D58+E58)-G58)/(D58+E58))*100 -> 6.7786706 | M58: D. Emery | AB58: =[16]January_2019!L7 -> 285.8 | AC58: =[16]January_2019!M7 -> 508.1 | AD58: =[16]January_2019!N7 -> 0 | AE58: =[16]January_2019!O7 -> 0 | AF58: =[16]January_2019!P7 -> 109.56667 | AG58: =[16]January_2019!Q7 -> 297.65 | AH58: =[16]January_2019!R7 -> 122.3 | AI58: =[16]January_2019!S7 -> 0 | ... AX58: =[16]January_2019!AH7 -> 0
B67: Process Loss (Volume) | G67: Process Loss (Extract) | K67: Throughput
B68: Brand | C68: Actual | D68: MTD | E68: YTD | F68: Target | G68: Actual | H68: MTD | I68: YTD | J68: Target | L68: MTD | M68: YTD | N68: Target
B69: CARIB | D69: 4.391539 | E69: 6.3506079 | F69: 4.8 | H69: 4.6175432 | I69: 6.6408535 | J69: 4.8 | L69: 0.44353718 | M69: 0.5320506 | N69: 1
B70: STAG | C70: =L58 -> 6.7786706 | D70: 9.1519813 | E70: 6.030578 | F70: 4.8 | G70: =[35]August_2026!$P$21 -> 6.4039868 | H70: 9.0512956 | I70: 6.0517446 | J70: 4.8 | K70: =K58 -> 0.55973684 | L70: 0.79780702 | M70: 0.70737346 | N70: 1
B71: GUINN | D71: 8.0132764 | E71: 11.08536 | F71: 5.5 | H71: 7.2619981 | I71: 11.847386 | J71: 5.5 | L71: 0.68070175 | M71: 0.37172629 | N71: 1
B72: VITAMALT | E72: 4.8685538 | F72: 3.3 | I72: 5.0921773 | J72: 3.3 | M72: 0.79040936 | N72: 1
B73: APA | F73: 3.3 | J73: 3 | N73: 1
B74: MACKESON | E74: 6.0400198 | F74: 5.5 | I74: 8.2405788 | J74: 5.5 | M74: 0.78491228 | N74: 1
B75: STARMALT | D75: 2.3312883 | E75: 3.4897129 | F75: 3.3 | H75: 2.9668765 | I75: 4.7322075 | J75: 3.3 | L75: 1.3964912 | M75: 0.93464646 | N75: 1
B76: IPA | F76: 7.5 | J76: 7.5 | N76: 1
B77: HURRICANE REEF PILS | F77: 4.8 | J77: 4.8 | N77: 1
D78: 5.6458737 | E78: 6.2754991 | F78: 5.5 | H78: 5.6810268 | I78: 6.6964986 | J78: 5.5 | L78: 0.65449921 | M78: 0.60917892 | N78: 1

Sheet Aug 14th&15th
S1: P.G. | U1: Hot Time | W1: Process Time | Y1: Cooling Time
B2: Brewing Department Daily Process Loss Report | S2: Lower | T2: Upper | U2: Lower | V2: Upper | W2: Lower | X2: Upper | Y2: Lower | Z2: Upper
R3: CARIB | S3: 11.6 | T3: 12 | U3: 0 | V3: 0.11805556 | W3: 0.22569444 | X3: 0.26388889 | Y3: 0 | Z3: 60 | AB3: HR- PISNER
B4: Date: | C4: 46251 | J4: LOT WORT COLOUR: 3.3 | M4: Filter Sheets (Target 20 days) | R4: STAG | S4: 11.6 | T4: 12 | U4: 0 | V4: 0.11805556 | W4: 0.22569444 | X4: 0.26388889 | Y4: 0 | Z4: 60
M5: Double | N5: Single | R5: GUINNESS | S5: 17 | T5: 17.5 | U5: 0 | V5: 0.10763889 | W5: 0.24652778 | X5: 0.28472222 | Y5: 0 | Z5: 60
J6: MALT LOT: Lot #13 | L6: Sheet Day | R6: MACKESON | S6: 13.3 | T6: 13.5 | U6: 0 | V6: 0.12905093 | W6: 0.27430556 | X6: 0.30208333 | Y6: 0
R7: STARMALT | S7: 17 | T7: 17.4 | U7: 0 | V7: 0.13605324 | W7: 0.27430556 | X7: 0.30902778 | Y7: 0 | Z7: 85
B8: Brand | C8: Brew no. | D8: Kett. Hls | E8: Wort | F8: Cool Time(Mins) | G8: Cast. P.G. (Lab Result) | H8: Cast P.G. (Cellar Operator)-gravity | I8: Extr. Rec (78%) | J8: Theor. Extr. (77.5%) | K8: Boil Off /Vol. (4-6%) | L8: Boil Time | M8: Total Hot | N8: Brewing Time | O8: Operator | R8: Hurricane Reef | S8: 16.6 | T8: 17 | U8: 0 | V8: 0.12905093 | W8: 0.27430556 | X8: 0.30208333 | Y8: 0
E9: Meter (Hls) | F9: Target(< 60Mins) | M9: Time | R9: VITAMALT | S9: 14.2 | T9: 14.6 | U9: 0 | V9: 0.13905093 | W9: 0.26041667 | X9: 0.29513889 | Y9: 0 | Z9: 75
B10: CARIB | C10: =[4]Brewhouse!$A619 -> CA571 | D10: =[4]Brewhouse!$AF619 -> 47.1 | E10: =[4]Brewhouse!$AI619 -> 48 | F10: =[4]Brewhouse!$V619 -> 54 | G10: =[4]Brewhouse!AG619 -> 12.1 | H10: 12 | I10: =[4]Brewhouse!$AU619 -> 96.630393 | J10: =[4]Brewhouse!$AV619 -> 97.523493 | K10: =[4]Brewhouse!$Q619 -> 14.824399 | L10: =[4]Brewhouse!$P619 -> 57 | M10: =[4]Brewhouse!$U619-[4]Brewhouse!$T619 -> 0.10763889 | N10: =[4]Brewhouse!$Z619 -> 0.24583333 | O10: =[4]Brewhouse!$AX619 -> R. Sookram | R10: =B10 -> CARIB | S10: =VLOOKUP($B10,$R$3:$X$9,2,FALSE) -> 11.6 | T10: =VLOOKUP($B10,$R$3:$X$9,3,FALSE) -> 12 | U10: =VLOOKUP($B10,$R$3:$X$9,4,FALSE) -> 0 | V10: =VLOOKUP($B10,$R$3:$X$9,5,FALSE) -> 0.11805556 | W10: =VLOOKUP($B10,$R$3:$X$9,6,FALSE) -> 0.22569444 | X10: =VLOOKUP($B10,$R$3:$X$9,7,FALSE) -> 0.26388889 | Y10: =VLOOKUP($B10,$R$3:$Z$9,8,FALSE) -> 0 | Z10: =VLOOKUP($B10,$R$3:$Z$9,9,FALSE) -> 60
B11: CARIB | C11: =[4]Brewhouse!$A620 -> CA572 | D11: =[4]Brewhouse!$AF620 -> 49.6 | E11: =[4]Brewhouse!$AI620 -> 51.4 | F11: =[4]Brewhouse!$V620 -> 62 | G11: =[4]Brewhouse!AG620 -> 11.7 | H11: 11.9 | I11: =[4]Brewhouse!$AU620 -> 99.633829 | J11: =[4]Brewhouse!$AV620 -> 100.55481 | K11: =[4]Brewhouse!$Q620 -> 11.866913 | L11: =[4]Brewhouse!$P620 -> 60 | M11: =[4]Brewhouse!$U620-[4]Brewhouse!$T620 -> 0.11319444 | N11: =[4]Brewhouse!$Z620 -> 0.25972222 | O11: =[4]Brewhouse!$AX620 -> R. Sookram | R11: =B11 -> CARIB | S11: =VLOOKUP($B11,$R$3:$X$9,2,FALSE) -> 11.6 | T11: =VLOOKUP($B11,$R$3:$X$9,3,FALSE) -> 12 | U11: =VLOOKUP($B11,$R$3:$X$9,4,FALSE) -> 0 | V11: =VLOOKUP($B11,$R$3:$X$9,5,FALSE) -> 0.11805556 | W11: =VLOOKUP($B11,$R$3:$X$9,6,FALSE) -> 0.22569444 | X11: =VLOOKUP($B11,$R$3:$X$9,7,FALSE) -> 0.26388889 | Y11: =VLOOKUP($B11,$R$3:$Z$9,8,FALSE) -> 0 | Z11: =VLOOKUP($B11,$R$3:$Z$9,9,FALSE) -> 60
B12: CARIB | C12: =[4]Brewhouse!$A621 -> CA573 | D12: =[4]Brewhouse!$AF621 -> 47.5 | E12: =[4]Brewhouse!$AI621 -> 50.3 | F12: =[4]Brewhouse!$V621 -> 134 | G12: =[4]Brewhouse!AG621 -> 11.8 | H12: 12.1 | I12: =[4]Brewhouse!$AU621 -> 98.745967 | J12: =[4]Brewhouse!$AV621 -> 99.65856 | K12: =[4]Brewhouse!$Q621 -> 13.530499 | L12: =[4]Brewhouse!$P621 -> 60 | M12: =[4]Brewhouse!$U621-[4]Brewhouse!$T621 -> 0.15069444 | N12: =[4]Brewhouse!$Z621 -> 0.30347222 | O12: =[4]Brewhouse!$AX621 -> R. Sookram | R12: =B12 -> CARIB | S12: =VLOOKUP($B12,$R$3:$X$9,2,FALSE) -> 11.6 | T12: =VLOOKUP($B12,$R$3:$X$9,3,FALSE) -> 12 | U12: =VLOOKUP($B12,$R$3:$X$9,4,FALSE) -> 0 | V12: =VLOOKUP($B12,$R$3:$X$9,5,FALSE) -> 0.11805556 | W12: =VLOOKUP($B12,$R$3:$X$9,6,FALSE) -> 0.22569444 | X12: =VLOOKUP($B12,$R$3:$X$9,7,FALSE) -> 0.26388889 | Y12: =VLOOKUP($B12,$R$3:$Z$9,8,FALSE) -> 0 | Z12: =VLOOKUP($B12,$R$3:$Z$9,9,FALSE) -> 60
B13: CARIB | C13: =[4]Brewhouse!$A622 -> CA574 | D13: =[4]Brewhouse!$AF622 -> 48.8 | E13: =[4]Brewhouse!$AI622 -> 49.7 | F13: =[4]Brewhouse!$V622 -> 61 | G13: =[4]Brewhouse!AG622 -> 11.8 | H13: 12.2 | I13: =[4]Brewhouse!$AU622 -> 97.446769 | J13: =[4]Brewhouse!$AV622 -> 98.347414 | K13: =[4]Brewhouse!$Q622 -> 11.127542 | L13: =[4]Brewhouse!$P622 -> 115 | M13: =[4]Brewhouse!$U622-[4]Brewhouse!$T622 -> 0.14583333 | N13: =[4]Brewhouse!$Z622 -> 0.29027778 | O13: =[4]Brewhouse!$AX622 -> R. Sookram | R13: =B13 -> CARIB | S13: =VLOOKUP($B13,$R$3:$X$9,2,FALSE) -> 11.6 | T13: =VLOOKUP($B13,$R$3:$X$9,3,FALSE) -> 12 | U13: =VLOOKUP($B13,$R$3:$X$9,4,FALSE) -> 0 | V13: =VLOOKUP($B13,$R$3:$X$9,5,FALSE) -> 0.11805556 | W13: =VLOOKUP($B13,$R$3:$X$9,6,FALSE) -> 0.22569444 | X13: =VLOOKUP($B13,$R$3:$X$9,7,FALSE) -> 0.26388889 | Y13: =VLOOKUP($B13,$R$3:$Z$9,8,FALSE) -> 0 | Z13: =VLOOKUP($B13,$R$3:$Z$9,9,FALSE) -> 60
B14: CARIB | C14: =[4]Brewhouse!$A623 -> CA575 | D14: =[4]Brewhouse!$AF623 -> 49.9 | E14: =[4]Brewhouse!$AI623 -> 51.4 | F14: =[4]Brewhouse!$V623 -> 63 | G14: =[4]Brewhouse!AG623 -> 11.7 | H14: 12.4 | I14: =[4]Brewhouse!$AU623 -> 99.881595 | J14: =[4]Brewhouse!$AV623 -> 100.80474 | K14: =[4]Brewhouse!$Q623 -> #DIV/0! | L14: =[4]Brewhouse!$P623 -> 61 | M14: =[4]Brewhouse!$U623-[4]Brewhouse!$T623 -> 0.1125 | N14: =[4]Brewhouse!$Z623 -> 0.28611111 | O14: =[4]Brewhouse!$AX623 -> P. Calliste | R14: =B14 -> CARIB | S14: =VLOOKUP($B14,$R$3:$X$9,2,FALSE) -> 11.6 | T14: =VLOOKUP($B14,$R$3:$X$9,3,FALSE) -> 12 | U14: =VLOOKUP($B14,$R$3:$X$9,4,FALSE) -> 0 | V14: =VLOOKUP($B14,$R$3:$X$9,5,FALSE) -> 0.11805556 | W14: =VLOOKUP($B14,$R$3:$X$9,6,FALSE) -> 0.22569444 | X14: =VLOOKUP($B14,$R$3:$X$9,7,FALSE) -> 0.26388889 | Y14: =VLOOKUP($B14,$R$3:$Z$9,8,FALSE) -> 0 | Z14: =VLOOKUP($B14,$R$3:$Z$9,9,FALSE) -> 60
B15: CARIB | C15: =[4]Brewhouse!$A624 -> CA576 | D15: =[4]Brewhouse!$AF624 -> 48.3 | E15: =[4]Brewhouse!$AI624 -> 49.2 | F15: =[4]Brewhouse!$V624 -> 59 | G15: =[4]Brewhouse!AG624 -> 12 | H15: 12.5 | I15: =[4]Brewhouse!$AU624 -> 98.06431 | J15: =[4]Brewhouse!$AV624 -> 98.970723 | K15: =[4]Brewhouse!$Q624 -> 12.051756 | L15: =[4]Brewhouse!$P624 -> 62 | M15: =[4]Brewhouse!$U624-[4]Brewhouse!$T624 -> 0.10763889 | N15: =[4]Brewhouse!$Z624 -> 0.24722222 | O15: =[4]Brewhouse!$AX624 -> P. Calliste | R15: =B15 -> CARIB | S15: =VLOOKUP($B15,$R$3:$X$9,2,FALSE) -> 11.6 | T15: =VLOOKUP($B15,$R$3:$X$9,3,FALSE) -> 12 | U15: =VLOOKUP($B15,$R$3:$X$9,4,FALSE) -> 0 | V15: =VLOOKUP($B15,$R$3:$X$9,5,FALSE) -> 0.11805556 | W15: =VLOOKUP($B15,$R$3:$X$9,6,FALSE) -> 0.22569444 | X15: =VLOOKUP($B15,$R$3:$X$9,7,FALSE) -> 0.26388889 | Y15: =VLOOKUP($B15,$R$3:$Z$9,8,FALSE) -> 0 | Z15: =VLOOKUP($B15,$R$3:$Z$9,9,FALSE) -> 60
B16: CARIB | C16: =[4]Brewhouse!$A625 -> CA577 | D16: =[4]Brewhouse!$AF625 -> 48.3 | E16: =[4]Brewhouse!$AI625 -> 49.2 | F16: =[4]Brewhouse!$V625 -> 60 | G16: =[4]Brewhouse!AG625 -> 12 | H16: 12.2 | I16: =[4]Brewhouse!$AU625 -> 98.308477 | J16: =[4]Brewhouse!$AV625 -> 99.217026 | K16: =[4]Brewhouse!$Q625 -> 12.051756 | L16: =[4]Brewhouse!$P625 -> 61 | M16: =[4]Brewhouse!$U625-[4]Brewhouse!$T625 -> 0.11111111 | N16: =[4]Brewhouse!$Z625 -> 0.24791667 | O16: =[4]Brewhouse!$AX625 -> P. Calliste | R16: =B16 -> CARIB | S16: =VLOOKUP($B16,$R$3:$X$9,2,FALSE) -> 11.6 | T16: =VLOOKUP($B16,$R$3:$X$9,3,FALSE) -> 12 | U16: =VLOOKUP($B16,$R$3:$X$9,4,FALSE) -> 0 | V16: =VLOOKUP($B16,$R$3:$X$9,5,FALSE) -> 0.11805556 | W16: =VLOOKUP($B16,$R$3:$X$9,6,FALSE) -> 0.22569444 | X16: =VLOOKUP($B16,$R$3:$X$9,7,FALSE) -> 0.26388889 | Y16: =VLOOKUP($B16,$R$3:$Z$9,8,FALSE) -> 0 | Z16: =VLOOKUP($B16,$R$3:$Z$9,9,FALSE) -> 60
