Workbook

Sheet Entries August'25
B1: ENTRIES FOR DAILY CONS. MONITOR | O1: =B1 -> ENTRIES FOR DAILY CONS. MONITOR
C2: old | F2: old | O2: Service 227.3 cubic meters (2273 Hls)Filtered 189.3 cubic meters(1893 Hls)
D3: FUEL | J3: ELECT. | L3: CO2 | O3: WATER | AG3: CO2 Scrubber (m3) | AH3: Supply to Washdown Area (m3) | AI3: Supply to RUs (m3) | AJ3: Steam Mass Flow Meter | AL3: CO2 TANKS' READING | AQ3: TANK C
B4: Boilers tot. | C4: Boiler 1 | D4: Gen. meter | E4: Tank level | F4: Boiler 1 | G4: Boiler 2 | H4: Gen | I4: Meter1 | J4: Meter 2 | K4: Gen Meter | L4: Consumption (BMF) (kg) | M4: Consumption (Totalizer Flowmeter) | N4: Consumption (Filler) (kg) | O4: Nawasa Meter (m3) | P4: Annandale Supply (m3) | Q4: Service Supply to Plant (m3) | R4: Cellars/Filtration (m3) | S4: Brewhouse Meter (m3) | T4: Cellars/Process Areas (m3) | U4: Pasteuriser (m3) | V4: Water Plant-Nawasa Annadale (m3) | W4: Water Plant-Well # 1 (m3) | X4: CIP Process | Y4: Bottle Washer | Z4: Boiler | AA4: Permeate #1 | AB4: Permeate #2 | AC4: Bottle Filler (m3) | AD4: RO # 1 Totaliser (m3) | AE4: RO # 2 Totaliser (m3) | AF4: Recovered Water (m3) | AL4: Tank "C" | AM4: Tank "A" | AN4: Tank "B" | AO4: Mobile Tanker | AQ4: TAYLOR WHARTON CALIBRATION TANK | AU4: READING Today (inH2O)
A5: DATE | B5: (liters) | C5: (liters) | D5: (Imp. gals) | E5: (inches) | F5: Hrs | G5: Hrs | H5: Hrs. | I5: (Kwhr) | J5: (Kwhr) | K5: (Kwhr) | M5: (kg) | X5: (m3) | Y5: (m3) | Z5: (m3) | AL5: inH2O | AM5: (Kg.) | AN5: (Kg.) | AO5: (pounds) | AQ5: inH2O | AR5: LBS_CO2 | AS5: KG_CO2 | AV5: POUNDS | AW5: KG
A6: 1 | B6: 7562720 | E6: 64 | F6: 5058.2 | G6: 68225 | I6: 891906 | J6: 429397 | K6: 468000 | L6: 45.05 | M6: 29020.41 | N6: 5410.2 | O6: 189728 | P6: 30334 | Q6: 915114 | S6: 52233 | U6: 21119 | V6: 1308183 | X6: 36194 | Y6: 39473 | Z6: 8744 | AA6: 97122 | AC6: 316 | AD6: 259951 | AJ6: 7294807.8 | AL6: 221 | AM6: 0 | AN6: 0 | AO6: =2.20463*15600 -> 34392.228 | AQ6: 20 | AR6: 2857 | AS6: =AR6/2.204623 -> 1295.9132
A7: 2 | B7: 7562720 | E7: 64 | F7: 5058.2 | G7: 68225 | I7: 894827 | J7: 432071 | K7: 468000 | L7: 45.05 | M7: 29020.41 | N7: 5410.2 | O7: 189728 | P7: 30425 | Q7: 915126 | S7: 52233 | U7: 21119 | V7: 1308279 | X7: 36194 | Y7: 39473 | Z7: 8744 | AA7: 97122 | AC7: 316 | AD7: 259951 | AJ7: 7294807.8 | AL7: 220 | AM7: 0 | AN7: 0 | AQ7: 30 | AR7: 4344 | AS7: =AR7/2.204623 -> 1970.4049
A8: 3 | B8: 7562720 | E8: 64 | F8: 5058.2 | G8: 68225 | I8: 896662 | J8: 433747 | K8: 468000 | L8: 45.05 | M8: 29020.41 | N8: 5410.2 | O8: 189743 | P8: 30425 | Q8: 915140 | S8: 52233 | U8: 21119 | V8: 1308279 | X8: 36194 | Y8: 39473 | Z8: 8744 | AA8: 97122 | AC8: 316 | AD8: 259951 | AJ8: 7294807.8 | AL8: 220 | AM8: 0 | AN8: 0 | AQ8: 40 | AR8: 6143 | AS8: =AR8/2.204623 -> 2786.4175
A9: 4 | B9: 7563470 | E9: 64 | F9: 5062.9 | G9: 68225 | I9: 899475 | J9: 436322 | K9: 468000 | L9: 45.05 | M9: 29039.8 | N9: 5410.2 | O9: 189744 | P9: 30425 | Q9: 915157 | S9: 52233 | U9: 21119 | V9: 1308279 | X9: 36195 | Y9: 39476 | Z9: 8746 | AA9: 97122 | AC9: 316 | AD9: 259952 | AJ9: 7294807.8 | AL9: 190 | AM9: 0 | AN9: 0 | AQ9: 50 | AR9: 7941 | AS9: =AR9/2.204623 -> 3601.9764
A10: 5 | B10: 7566970 | E10: 64 | F10: 5085.2 | G10: 68225 | I10: 904678 | J10: 441097 | K10: 468000 | L10: 96.04 | M10: 31069.44 | N10: 5735.21 | O10: 189744 | P10: 30657 | Q10: 915450 | S10: 52354 | U10: 21119 | V10: 1308522 | X10: 36265 | Y10: 39613 | Z10: 8764 | AA10: 97122 | AC10: 348 | AD10: 259952 | AJ10: 7294912 | AM10: 0 | AN10: 0 | AQ10: 60 | AR10: 9739 | AS10: =AR10/2.204623 -> 4417.5353
A11: 6 | B11: 7569540 | E11: 64 | F11: 5103.8 | G11: 68225 | I11: 909158 | J11: 445208 | K11: 468000 | L11: 145.47 | M11: 33646.5 | N11: 6116.45 | O11: 190051 | P11: 30784 | Q11: 915701 | S11: 52471 | U11: 21119 | V11: 1308661 | X11: 36327 | Y11: 39733 | Z11: 8778 | AA11: 97122 | AC11: 372 | AD11: 259952 | AJ11: 7294912 | AM11: 0 | AN11: 0 | AQ11: 70 | AR11: 11537 | AS11: =AR11/2.204623 -> 5233.0943
A12: 7 | B12: 7572990 | E12: 64 | F12: 5124.8 | G12: 68225 | I12: 913814 | J12: 449476 | K12: 468000 | L12: 145.47 | M12: 35400.2 | N12: 6367.77 | O12: 190434 | P12: 30935 | Q12: 915917 | S12: 52691 | U12: 21119 | V12: 1308813 | X12: 36368 | Y12: 39821 | Z12: 8793 | AA12: 97122 | AC12: 398 | AD12: 259952 | AJ12: 7294912 | AL12: 160 | AM12: 0 | AN12: 0 | AQ12: 80 | AR12: 13335 | AS12: =AR12/2.204623 -> 6048.6532
A13: 8 | B13: 7576220 | E13: 64 | F13: 5145.8 | G13: 68225 | I13: 918644 | J13: 453906 | K13: 468000 | L13: 145.47 | M13: 37709.58 | N13: 6720.36 | O13: 190620 | P13: 31140 | Q13: 916140 | S13: 52855 | U13: 21120 | V13: 1309029 | X13: 36417 | Y13: 39919 | Z13: 8815 | AA13: 97122 | AC13: 427 | AD13: 259952 | AJ13: 7294912 | AL13: 140 | AM13: 0 | AN13: 0 | AO13: =2.204623*19100 -> 42108.299 | AQ13: 90 | AR13: 15134 | AS13: =AR13/2.204623 -> 6864.6658
A14: 9 | B14: 7578800 | E14: 64 | F14: 5162.5 | G14: 68225 | I14: 923191 | J14: 458075 | K14: 468000 | L14: 145.47 | M14: 39762.51 | N14: 7011.79 | O14: 190724 | P14: 31262 | Q14: 916334 | S14: 52976 | U14: 21120 | V14: 1309189 | X14: 36444 | Y14: 40010 | Z14: 8832 | AA14: 97122 | AC14: 452 | AD14: 259952 | AJ14: 7294912 | AL14: 140 | AM14: 0 | AN14: 0 | AO14: 21974 | AQ14: 100 | AR14: 16932 | AS14: =AR14/2.204623 -> 7680.2247
A15: 10 | B15: 7578800 | E15: 64 | F15: 5162.5 | G15: 68225 | I15: 925620 | J15: 460294 | K15: 468000 | L15: 145.47 | M15: 39762.51 | N15: 7011.79 | O15: 190724 | P15: 31325 | Q15: 916361 | S15: 52976 | U15: 21120 | V15: 1309224 | X15: 36444 | Y15: 40015 | Z15: 8838 | AA15: 97122 | AC15: 452 | AD15: 259952 | AJ15: 7294912 | AL15: 130 | AM15: 11400 | AN15: 4560 | AQ15: 110 | AR15: 18730 | AS15: =AR15/2.204623 -> 8495.7836
A16: 11 | B16: 7579210 | E16: 64 | F16: 5162.5 | G16: 68225 | I16: 928665 | J16: 463086 | K16: 468000 | L16: 145.47 | M16: 39762.51 | N16: 7011.79 | O16: 190724 | P16: 31430 | Q16: 916432 | S16: 52976 | U16: 21120 | V16: 1309334 | X16: 36444 | Y16: 40015 | Z16: 8841 | AA16: 97122 | AC16: 452 | AD16: 259952 | AJ16: 7294912 | AQ16: 120 | AR16: 20528 | AS16: =AR16/2.204623 -> 9311.3426
A17: 12 | B17: 7579210 | E17: 64 | F17: 5162.5 | G17: 68225 | I17: 930788 | J17: 465028 | K17: 468000 | L17: 145.47 | M17: 39762.51 | N17: 7011.79 | O17: 190724 | P17: 31430 | Q17: 916446 | S17: 52976 | U17: 21120 | V17: 1309334 | X17: 36444 | Y17: 40015 | Z17: 8841 | AA17: 97122 | AC17: 452 | AD17: 259952 | AJ17: 7294912 | AQ17: 130 | AR17: 22326 | AS17: =AR17/2.204623 -> 10126.902
A18: 13 | B18: 7580060 | E18: 64 | F18: 5171.4 | G18: 68225 | I18: 933246 | J18: 467277 | K18: 468000 | L18: 145.47 | M18: 39764.4 | N18: 7011.79 | O18: 190724 | P18: 31430 | Q18: 916458 | S18: 52980 | U18: 21120 | V18: 1309334 | X18: 36444 | Y18: 40044 | Z18: 8848 | AA18: 97122 | AC18: 452 | AD18: 259952 | AJ18: 7295013 | AQ18: 140 | AR18: 24125 | AS18: =AR18/2.204623 -> 10942.914
A19: 14 | B19: 7582760 | E19: 64 | F19: 5189.9 | G19: 68225 | I19: 937074 | J19: 470786 | K19: 468000 | L19: 145.47 | M19: 41086.88 | N19: 7227.93 | O19: 190923 | P19: 31570 | Q19: 916674 | S19: 53096 | U19: 21126 | V19: 1309480 | X19: 36512 | Y19: 40107 | Z19: 8871 | AA19: 97122 | AC19: 497 | AD19: 259962 | AJ19: 7295013 | AQ19: 150 | AR19: 25923 | AS19: =AR19/2.204623 -> 11758.473
A20: 15 | B20: 7585740 | E20: 64 | F20: 5210.1 | G20: 68225 | I20: 941977 | J20: 475257 | K20: 468000 | L20: 145.47 | M20: 43147.04 | N20: 7525.07 | O20: 191142 | P20: 31800 | Q20: 916877 | S20: 53324 | U20: 21126 | V20: 1309728 | X20: 36548 | Y20: 40191 | Z20: 8899 | AA20: 97122 | AC20: 523 | AD20: 260020 | AJ20: 7295091.7 | AQ20: 160 | AR20: 27721 | AS20: =AR20/2.204623 -> 12574.032
A21: 16 | B21: 7589070 | E21: 64 | F21: 5230.9 | G21: 68225 | I21: 946984 | J21: 479878 | K21: 468000 | L21: 145.17 | M21: 45166.96 | N21: 7851.15 | O21: 191407 | P21: 32054 | Q21: 917109 | S21: 53506 | U21: 21126 | V21: 1309987 | X21: 36601 | Y21: 40287 | Z21: 8927 | AA21: 97122 | AC21: 550 | AD21: 260040 | AJ21: 7295091.7 | AQ21: 170 | AR21: 29519 | AS21: =AR21/2.204623 -> 13389.591
A22: 17 | B22: 7590150 | E22: 64 | F22: 5240.5 | G22: 68225 | I22: 950058 | J22: 482689 | K22: 468000 | L22: 145.17 | M22: 45166.96 | N22: 7851.15 | O22: 191427 | P22: 32162 | Q22: 917163 | S22: 53644 | U22: 21126 | V22: 1310101 | X22: 36601 | Y22: 40292 | Z22: 8934 | AA22: 97122 | AC22: 550 | AD22: 260040 | AJ22: 7295091.7 | AQ22: 180 | AR22: 31317 | AS22: =AR22/2.204623 -> 14205.15
A23: 18 | B23: 7590890 | E23: 64 | F23: 5244.8 | G23: 68225 | I23: 952764 | J23: 485164 | K23: 468000 | L23: 145.17 | M23: 45166.96 | N23: 7851.15 | O23: 191491 | P23: 32210 | Q23: 917256 | S23: 53644 | U23: 21126 | V23: 1310158 | X23: 36601 | Y23: 40292 | Z23: 8938 | AA23: 97122 | AC23: 550 | AD23: 260040 | AJ23: 7295091.7 | AQ23: 190 | AR23: 33116 | AS23: =AR23/2.204623 -> 15021.162
A24: 19 | B24: 7594270 | E24: 64 | F24: 5265.7 | G24: 68225 | I24: 957567 | J24: 489565 | K24: 468000 | L24: 145.17 | M24: 46833.06 | N24: 8094.68 | O24: 191665 | P24: 32404 | Q24: 917492 | S24: 53800 | U24: 21132 | V24: 1310382 | X24: 36654 | Y24: 40465 | Z24: 8967 | AA24: 97122 | AC24: 576 | AD24: 260048 | AJ24: 7295091.7 | AQ24: 200 | AR24: 34914 | AS24: =AR24/2.204623 -> 15836.721
A25: 20 | B25: 7597380 | E25: 64 | F25: 5286.3 | G25: 68225 | I25: 962247 | J25: 493855 | K25: 468000 | L25: 194.72 | M25: 48641.21 | N25: 8258.3 | O25: 191790 | P25: 32636 | Q25: 917661 | S25: 54022 | U25: 21132 | V25: 1310598 | X25: 36706 | Y25: 40516 | Z25: 8993 | AA25: 97122 | AC25: 594 | AD25: 260121 | AJ25: 7295144.6 | AQ25: 210 | AR25: 36712 | AS25: =AR25/2.204623 -> 16652.28
A26: 21 | B26: 7600560 | E26: 64 | F26: 5306.4 | G26: 68225 | I26: 967139 | J26: 498344 | K26: 468000 | L26: 194.72 | M26: 50727.81 | N26: 8538.83 | O26: 192181 | P26: 32683 | Q26: 917946 | S26: 54218 | U26: 21132 | V26: 1310647 | X26: 36771 | Y26: 40652 | Z26: 9025 | AA26: 97122 | AC26: 620 | AD26: 260122 | AJ26: 7295144.6 | AQ26: 220 | AR26: 38510 | AS26: =AR26/2.204623 -> 17467.839
A27: 22 | B27: 7603650 | E27: 64 | F27: 5326.1 | G27: 68225 | I27: 971823 | J27: 502696 | K27: 468000 | L27: 227.7 | M27: 53455.7 | N27: 8918.1 | O27: 192458 | P27: 32958 | Q27: 918287 | S27: 54351 | U27: 21132 | V27: 1310934 | X27: 36823 | Y27: 40843 | Z27: 9052 | AA27: 97122 | AC27: 650 | AD27: 260122 | AJ27: 7295144.6 | AQ27: 230 | AR27: 40308 | AS27: =AR27/2.204623 -> 18283.398
... A37: 1 | B37: 7621570 | E37: 64 | F37: 5453.8 | G37: 68225 | I37: 7478 | J37: 535202 | K37: 468000 | L37: 227.79 | M37: 60838.97 | N37: 9964.36 | O37: 193319 | P37: 33963 | Q37: 919465 | S37: 55371 | U37: 21155 | V37: 1312021 | X37: 37047 | Y37: 41306 | Z37: 9181 | AA37: 97122 | AC37: 743 | AD37: 260127 | AJ37: 7297992.7 | AQ37: 330 | AR37: 58290 | AS37: =AR37/2.204623 -> 26439.895
AQ38: 340 | AR38: 60089 | AS38: =AR38/2.204623 -> 27255.907
AQ39: 350 | AR39: 60537 | AS39: =AR39/2.204623 -> 27459.117

Sheet Utility Analysis AugusT 2025
H2: GRENADA BREWERIES LIMITED
H3: UTILITY ANALYSIS
A5: MONTH: | G5: 39295
A7: DATE | D7: ELECTRICITY GRENLEC | E7: CARIB GENSET | F7: ELECTRICITY TOTAL | G7: WATER | H7: FUEL | I7: CO2 | J7: PRODUCTION - HL | O7: UTILITY RATIOS
B8: METER 1 | C8: METER 2 | O8: Elect | P8: Water | Q8: Fuel | R8: CO2
D9: USAGE (kwh) | E9: USAGE (kwh) | F9: USAGE (kwh) | G9: USAGE (Hl) | H9: USAGE (l) | I9: USAGE (Kg.) | J9: BREWED | K9: BOTTLED | L9: KEGS | M9: OTHER | N9: TOTAL | O9: KWH/Hl | P9: Hl/hl | Q9: Litres/hl | R9: kg./Hl
A10: 1 | B10: =IF('Entries August''25'!I7>='Entries August''25'!I6,'Entries August''25'!I7-'Entries August''25'!I6,(999999-'Entries August''25'!I6)+'Entries August''25'!I7+1) -> 2921 | C10: =IF('Entries August''25'!J7>='Entries August''25'!J6,'Entries August''25'!J7-'Entries August''25'!J6,(999999-'Entries August''25'!J6)+'Entries August''25'!J7+1) -> 2674 | D10: =B10+C10 -> 5595 | E10: =IF('Entries August''25'!K7>='Entries August''25'!K6,'Entries August''25'!K7-'Entries August''25'!K6,(999999-'Entries August''25'!K6)+'Entries August''25'!K7+1) -> 0 | F10: =D10+E10 -> 5595 | G10: ='Water '!Z7*10 -> 910 | H10: =IF('Entries August''25'!B7-'Entries August''25'!B6<1,"0",'Entries August''25'!B7-'Entries August''25'!B6) -> 0 | I10: ='CO2'!E7 -> 0 | J10: =+'PROD.FIG. '!F5 -> 0 | K10: =+'PROD.FIG. '!C5 -> 0 | L10: =+'PROD.FIG. '!D5 -> 0 | M10: =+'PROD.FIG. '!E5 -> 0 | N10: {=TRANSPOSE('Daily KPIs'!B9:AF9)} -> 0 | O10: =IF(N10=0,0,F10/N10) -> 0 | P10: =IF(O10=0,0,G10/N10) -> 0 | Q10: =IF(P10=0,0,H10/N10) -> 0 | R10: =IF(Q10=0,0,I10/N10) -> 0
A11: 2 | B11: =IF('Entries August''25'!I8>='Entries August''25'!I7,'Entries August''25'!I8-'Entries August''25'!I7,(999999-'Entries August''25'!I7)+'Entries August''25'!I8+1) -> 1835 | C11: =IF('Entries August''25'!J8>='Entries August''25'!J7,'Entries August''25'!J8-'Entries August''25'!J7,(999999-'Entries August''25'!J7)+'Entries August''25'!J8+1) -> 1676 | D11: =B11+C11 -> 3511 | E11: =IF('Entries August''25'!K8>='Entries August''25'!K7,'Entries August''25'!K8-'Entries August''25'!K7,(999999-'Entries August''25'!K7)+'Entries August''25'!K8+1) -> 0 | F11: =D11+E11 -> 3511 | G11: ='Water '!Z8*10 -> 150 | H11: =IF('Entries August''25'!B8-'Entries August''25'!B7<1,"0",'Entries August''25'!B8-'Entries August''25'!B7) -> 0 | I11: ='CO2'!E8 -> 0 | J11: =+'PROD.FIG. '!F6 -> 0 | K11: =+'PROD.FIG. '!C6 -> 0 | L11: =+'PROD.FIG. '!D6 -> 0 | M11: =+'PROD.FIG. '!E6 -> 0 | N11: 0 | O11: =IF(N11=0,0,F11/N11) -> 0 | P11: =IF(O11=0,0,G11/N11) -> 0 | Q11: =IF(P11=0,0,H11/N11) -> 0 | R11: =IF(Q11=0,0,I11/N11) -> 0
A12: 3 | B12: =IF('Entries August''25'!I9>='Entries August''25'!I8,'Entries August''25'!I9-'Entries August''25'!I8,(999999-'Entries August''25'!I8)+'Entries August''25'!I9+1) -> 2813 | C12: =IF('Entries August''25'!J9>='Entries August''25'!J8,'Entries August''25'!J9-'Entries August''25'!J8,(999999-'Entries August''25'!J8)+'Entries August''25'!J9+1) -> 2575 | D12: =B12+C12 -> 5388 | E12: =IF('Entries August''25'!K9>='Entries August''25'!K8,'Entries August''25'!K9-'Entries August''25'!K8,(999999-'Entries August''25'!K8)+'Entries August''25'!K9+1) -> 0 | F12: =D12+E12 -> 5388 | G12: ='Water '!Z9*10 -> 10 | H12: =IF('Entries August''25'!B9-'Entries August''25'!B8<1,"0",'Entries August''25'!B9-'Entries August''25'!B8) -> 750 | I12: ='CO2'!E9 -> 0 | J12: =+'PROD.FIG. '!F7 -> 0 | K12: =+'PROD.FIG. '!C7 -> 0 | L12: =+'PROD.FIG. '!D7 -> 0 | M12: =+'PROD.FIG. '!E7 -> 0 | N12: 0 | O12: =IF(N12=0,0,F12/N12) -> 0 | P12: =IF(O12=0,0,G12/N12) -> 0 | Q12: =IF(P12=0,0,H12/N12) -> 0 | R12: =IF(Q12=0,0,I12/N12) -> 0
A13: 4 | B13: =IF('Entries August''25'!I10>='Entries August''25'!I9,'Entries August''25'!I10-'Entries August''25'!I9,(999999-'Entries August''25'!I9)+'Entries August''25'!I10+1) -> 5203 | C13: =IF('Entries August''25'!J10>='Entries August''25'!J9,'Entries August''25'!J10-'Entries August''25'!J9,(999999-'Entries August''25'!J9)+'Entries August''25'!J10+1) -> 4775 | D13: =B13+C13 -> 9978 | E13: =IF('Entries August''25'!K10>='Entries August''25'!K9,'Entries August''25'!K10-'Entries August''25'!K9,(999999-'Entries August''25'!K9)+'Entries August''25'!K10+1) -> 0 | F13: =D13+E13 -> 9978 | G13: ='Water '!Z10*10 -> 2320 | H13: =IF('Entries August''25'!B10-'Entries August''25'!B9<1,"0",'Entries August''25'!B10-'Entries August''25'!B9) -> 3500 | I13: ='CO2'!E10 -> 2000 | J13: =+'PROD.FIG. '!F8 -> 0 | K13: =+'PROD.FIG. '!C8 -> 0 | L13: =+'PROD.FIG. '!D8 -> 0 | M13: =+'PROD.FIG. '!E8 -> 0 | N13: 478.104 | O13: =IF(N13=0,0,F13/N13) -> 20.869936 | P13: =IF(O13=0,0,G13/N13) -> 4.8525007 | Q13: =IF(P13=0,0,H13/N13) -> 7.320583 | R13: =IF(Q13=0,0,I13/N13) -> 4.1831903
A14: 5 | B14: =IF('Entries August''25'!I11>='Entries August''25'!I10,'Entries August''25'!I11-'Entries August''25'!I10,(999999-'Entries August''25'!I10)+'Entries August''25'!I11+1) -> 4480 | C14: =IF('Entries August''25'!J11>='Entries August''25'!J10,'Entries August''25'!J11-'Entries August''25'!J10,(999999-'Entries August''25'!J10)+'Entries August''25'!J11+1) -> 4111 | D14: =B14+C14 -> 8591 | E14: =IF('Entries August''25'!K11>='Entries August''25'!K10,'Entries August''25'!K11-'Entries August''25'!K10,(999999-'Entries August''25'!K10)+'Entries August''25'!K11+1) -> 0 | F14: =D14+E14 -> 8591 | G14: ='Water '!Z11*10 -> 4340 | H14: =IF('Entries August''25'!B11-'Entries August''25'!B10<1,"0",'Entries August''25'!B11-'Entries August''25'!B10) -> 2570 | I14: ='CO2'!E11 -> 2400 | J14: =+'PROD.FIG. '!F9 -> 0 | K14: =+'PROD.FIG. '!C9 -> 0 | L14: =+'PROD.FIG. '!D9 -> 0 | M14: =+'PROD.FIG. '!E9 -> 0 | N14: 680.196 | O14: =IF(N14=0,0,F14/N14) -> 12.630183 | P14: =IF(O14=0,0,G14/N14) -> 6.3805139 | Q14: =IF(P14=0,0,H14/N14) -> 3.7783227 | R14: =IF(Q14=0,0,I14/N14) -> 3.5283948
A15: 6 | B15: =IF('Entries August''25'!I12>='Entries August''25'!I11,'Entries August''25'!I12-'Entries August''25'!I11,(999999-'Entries August''25'!I11)+'Entries August''25'!I12+1) -> 4656 | C15: =IF('Entries August''25'!J12>='Entries August''25'!J11,'Entries August''25'!J12-'Entries August''25'!J11,(999999-'Entries August''25'!J11)+'Entries August''25'!J12+1) -> 4268 | D15: =B15+C15 -> 8924 | E15: =IF('Entries August''25'!K12>='Entries August''25'!K11,'Entries August''25'!K12-'Entries August''25'!K11,(999999-'Entries August''25'!K11)+'Entries August''25'!K12+1) -> 0 | F15: =D15+E15 -> 8924 | G15: ='Water '!Z12*10 -> 5340 | H15: =IF('Entries August''25'!B12-'Entries August''25'!B11<1,"0",'Entries August''25'!B12-'Entries August''25'!B11) -> 3450 | I15: ='CO2'!E12 -> 1200 | J15: =+'PROD.FIG. '!F10 -> 0 | K15: =+'PROD.FIG. '!C10 -> 0 | L15: =+'PROD.FIG. '!D10 -> 0 | M15: =+'PROD.FIG. '!E10 -> 0 | N15: 458.106 | O15: =IF(N15=0,0,F15/N15) -> 19.480208 | P15: =IF(O15=0,0,G15/N15) -> 11.656691 | Q15: =IF(P15=0,0,H15/N15) -> 7.5310081 | R15: =IF(Q15=0,0,I15/N15) -> 2.6194811
A16: 7 | B16: =IF('Entries August''25'!I13>='Entries August''25'!I12,'Entries August''25'!I13-'Entries August''25'!I12,(999999-'Entries August''25'!I12)+'Entries August''25'!I13+1) -> 4830 | C16: =IF('Entries August''25'!J13>='Entries August''25'!J12,'Entries August''25'!J13-'Entries August''25'!J12,(999999-'Entries August''25'!J12)+'Entries August''25'!J13+1) -> 4430 | D16: =B16+C16 -> 9260 | E16: =IF('Entries August''25'!K13>='Entries August''25'!K12,'Entries August''25'!K13-'Entries August''25'!K12,(999999-'Entries August''25'!K12)+'Entries August''25'!K13+1) -> 0 | F16: =D16+E16 -> 9260 | G16: ='Water '!Z13*10 -> 3910 | H16: =IF('Entries August''25'!B13-'Entries August''25'!B12<1,"0",'Entries August''25'!B13-'Entries August''25'!B12) -> 3230 | I16: ='CO2'!E13 -> 2500 | J16: =+'PROD.FIG. '!F11 -> 0 | K16: =+'PROD.FIG. '!C11 -> 0 | L16: =+'PROD.FIG. '!D11 -> 0 | M16: =+'PROD.FIG. '!E11 -> 0 | N16: 574.2228 | O16: =IF(N16=0,0,F16/N16) -> 16.126145 | P16: =IF(O16=0,0,G16/N16) -> 6.8092037 | Q16: =IF(P16=0,0,H16/N16) -> 5.6249943 | R16: =IF(Q16=0,0,I16/N16) -> 4.3537108
A17: 8 | B17: =IF('Entries August''25'!I14>='Entries August''25'!I13,'Entries August''25'!I14-'Entries August''25'!I13,(999999-'Entries August''25'!I13)+'Entries August''25'!I14+1) -> 4547 | C17: =IF('Entries August''25'!J14>='Entries August''25'!J13,'Entries August''25'!J14-'Entries August''25'!J13,(999999-'Entries August''25'!J13)+'Entries August''25'!J14+1) -> 4169 | D17: =B17+C17 -> 8716 | E17: =IF('Entries August''25'!K14>='Entries August''25'!K13,'Entries August''25'!K14-'Entries August''25'!K13,(999999-'Entries August''25'!K13)+'Entries August''25'!K14+1) -> 0 | F17: =D17+E17 -> 8716 | G17: ='Water '!Z14*10 -> 2260 | H17: =IF('Entries August''25'!B14-'Entries August''25'!B13<1,"0",'Entries August''25'!B14-'Entries August''25'!B13) -> 2580 | I17: ='CO2'!E14 -> 2000 | J17: =+'PROD.FIG. '!F12 -> 0 | K17: =+'PROD.FIG. '!C12 -> 0 | L17: =+'PROD.FIG. '!D12 -> 0 | M17: =+'PROD.FIG. '!E12 -> 0 | N17: 553.08 | O17: =IF(N17=0,0,F17/N17) -> 15.759022 | P17: =IF(O17=0,0,G17/N17) -> 4.0862081 | Q17: =IF(P17=0,0,H17/N17) -> 4.6647863 | R17: =IF(Q17=0,0,I17/N17) -> 3.6161134
A18: 9 | B18: =IF('Entries August''25'!I15>='Entries August''25'!I14,'Entries August''25'!I15-'Entries August''25'!I14,(999999-'Entries August''25'!I14)+'Entries August''25'!I15+1) -> 2429 | C18: =IF('Entries August''25'!J15>='Entries August''25'!J14,'Entries August''25'!J15-'Entries August''25'!J14,(999999-'Entries August''25'!J14)+'Entries August''25'!J15+1) -> 2219 | D18: =B18+C18 -> 4648 | E18: =IF('Entries August''25'!K15>='Entries August''25'!K14,'Entries August''25'!K15-'Entries August''25'!K14,(999999-'Entries August''25'!K14)+'Entries August''25'!K15+1) -> 0 | F18: =D18+E18 -> 4648 | G18: ='Water '!Z15*10 -> 630 | H18: =IF('Entries August''25'!B15-'Entries August''25'!B14<1,"0",'Entries August''25'!B15-'Entries August''25'!B14) -> 0 | I18: ='CO2'!E15 -> 0 | J18: =+'PROD.FIG. '!F13 -> 0 | K18: =+'PROD.FIG. '!C13 -> 0 | L18: =+'PROD.FIG. '!D13 -> 0 | M18: =+'PROD.FIG. '!E13 -> 0 | N18: 0 | O18: =IF(N18=0,0,F18/N18) -> 0 | P18: =IF(O18=0,0,G18/N18) -> 0 | Q18: =IF(P18=0,0,H18/N18) -> 0 | R18: =IF(Q18=0,0,I18/N18) -> 0
A19: 10 | B19: =IF('Entries August''25'!I16>='Entries August''25'!I15,'Entries August''25'!I16-'Entries August''25'!I15,(999999-'Entries August''25'!I15)+'Entries August''25'!I16+1) -> 3045 | C19: =IF('Entries August''25'!J16>='Entries August''25'!J15,'Entries August''25'!J16-'Entries August''25'!J15,(999999-'Entries August''25'!J15)+'Entries August''25'!J16+1) -> 2792 | D19: =B19+C19 -> 5837 | E19: =IF('Entries August''25'!K16>='Entries August''25'!K15,'Entries August''25'!K16-'Entries August''25'!K15,(999999-'Entries August''25'!K15)+'Entries August''25'!K16+1) -> 0 | F19: =D19+E19 -> 5837 | G19: ='Water '!Z16*10 -> 1050 | H19: =IF('Entries August''25'!B16-'Entries August''25'!B15<1,"0",'Entries August''25'!B16-'Entries August''25'!B15) -> 410 | I19: ='CO2'!E16 -> 1100 | J19: =+'PROD.FIG. '!F14 -> 0 | K19: =+'PROD.FIG. '!C14 -> 0 | L19: =+'PROD.FIG. '!D14 -> 0 | M19: =+'PROD.FIG. '!E14 -> 0 | N19: 0 | O19: =IF(N19=0,0,F19/N19) -> 0 | P19: =IF(O19=0,0,G19/N19) -> 0 | Q19: =IF(P19=0,0,H19/N19) -> 0 | R19: =IF(Q19=0,0,I19/N19) -> 0
A20: 11 | B20: =IF('Entries August''25'!I17>='Entries August''25'!I16,'Entries August''25'!I17-'Entries August''25'!I16,(999999-'Entries August''25'!I16)+'Entries August''25'!I17+1) -> 2123 | C20: =IF('Entries August''25'!J17>='Entries August''25'!J16,'Entries August''25'!J17-'Entries August''25'!J16,(999999-'Entries August''25'!J16)+'Entries August''25'!J17+1) -> 1942 | D20: =B20+C20 -> 4065 | E20: =IF('Entries August''25'!K17>='Entries August''25'!K16,'Entries August''25'!K17-'Entries August''25'!K16,(999999-'Entries August''25'!K16)+'Entries August''25'!K17+1) -> 0 | F20: =D20+E20 -> 4065 | G20: ='Water '!Z17*10 -> 0 | H20: =IF('Entries August''25'!B17-'Entries August''25'!B16<1,"0",'Entries August''25'!B17-'Entries August''25'!B16) -> 0 | I20: ='CO2'!E17 -> 0 | J20: =+'PROD.FIG. '!F15 -> 0 | K20: =+'PROD.FIG. '!C15 -> 0 | L20: =+'PROD.FIG. '!D15 -> 0 | M20: =+'PROD.FIG. '!E15 -> 0 | N20: 0 | O20: =IF(N20=0,0,F20/N20) -> 0 | P20: =IF(O20=0,0,G20/N20) -> 0 | Q20: =IF(P20=0,0,H20/N20) -> 0 | R20: =IF(Q20=0,0,I20/N20) -> 0
A21: 12 | B21: =IF('Entries August''25'!I18>='Entries August''25'!I17,'Entries August''25'!I18-'Entries August''25'!I17,(999999-'Entries August''25'!I17)+'Entries August''25'!I18+1) -> 2458 | C21: =IF('Entries August''25'!J18>='Entries August''25'!J17,'Entries August''25'!J18-'Entries August''25'!J17,(999999-'Entries August''25'!J17)+'Entries August''25'!J18+1) -> 2249 | D21: =B21+C21 -> 4707 | E21: =IF('Entries August''25'!K18>='Entries August''25'!K17,'Entries August''25'!K18-'Entries August''25'!K17,(999999-'Entries August''25'!K17)+'Entries August''25'!K18+1) -> 0 | F21: =D21+E21 -> 4707 | G21: ='Water '!Z18*10 -> 0 | H21: =IF('Entries August''25'!B18-'Entries August''25'!B17<1,"0",'Entries August''25'!B18-'Entries August''25'!B17) -> 850 | I21: ='CO2'!E18 -> 0 | J21: =+'PROD.FIG. '!F16 -> 0 | K21: =+'PROD.FIG. '!C16 -> 0 | L21: =+'PROD.FIG. '!D16 -> 0 | M21: =+'PROD.FIG. '!E16 -> 0 | N21: 0 | O21: =IF(N21=0,0,F21/N21) -> 0 | P21: =IF(O21=0,0,G21/N21) -> 0 | Q21: =IF(P21=0,0,H21/N21) -> 0 | R21: =IF(Q21=0,0,I21/N21) -> 0
A22: 13 | B22: =IF('Entries August''25'!I19>='Entries August''25'!I18,'Entries August''25'!I19-'Entries August''25'!I18,(999999-'Entries August''25'!I18)+'Entries August''25'!I19+1) -> 3828 | C22: =IF('Entries August''25'!J19>='Entries August''25'!J18,'Entries August''25'!J19-'Entries August''25'!J18,(999999-'Entries August''25'!J18)+'Entries August''25'!J19+1) -> 3509 | D22: =B22+C22 -> 7337 | E22: =IF('Entries August''25'!K19>='Entries August''25'!K18,'Entries August''25'!K19-'Entries August''25'!K18,(999999-'Entries August''25'!K18)+'Entries August''25'!K19+1) -> 0 | F22: =D22+E22 -> 7337 | G22: ='Water '!Z19*10 -> 3390 | H22: =IF('Entries August''25'!B19-'Entries August''25'!B18<1,"0",'Entries August''25'!B19-'Entries August''25'!B18) -> 2700 | I22: ='CO2'!E19 -> 1200 | J22: =+'PROD.FIG. '!F17 -> 0 | K22: =+'PROD.FIG. '!C17 -> 0 | L22: =+'PROD.FIG. '!D17 -> 0 | M22: =+'PROD.FIG. '!E17 -> 0 | N22: 293.37 | O22: =IF(N22=0,0,F22/N22) -> 25.009374 | P22: =IF(O22=0,0,G22/N22) -> 11.555374 | Q22: =IF(P22=0,0,H22/N22) -> 9.203395 | R22: =IF(Q22=0,0,I22/N22) -> 4.0903978
... A39: 30 | B39: =IF('Entries August''25'!I36>='Entries August''25'!I35,'Entries August''25'!I36-'Entries August''25'!I35,(999999-'Entries August''25'!I35)+'Entries August''25'!I36+1) -> 2394 | C39: =IF('Entries August''25'!J36>='Entries August''25'!J35,'Entries August''25'!J36-'Entries August''25'!J35,(999999-'Entries August''25'!J35)+'Entries August''25'!J36+1) -> 2175 | D39: =B39+C39 -> 4569 | E39: =IF('Entries August''25'!K36>='Entries August''25'!K35,'Entries August''25'!K36-'Entries August''25'!K35,(999999-'Entries August''25'!K35)+'Entries August''25'!K36+1) -> 0 | F39: =D39+E39 -> 4569 | G39: ='Water '!Z36*10 -> 740 | H39: =IF('Entries August''25'!B36-'Entries August''25'!B35<1,"0",'Entries August''25'!B36-'Entries August''25'!B35) -> 240 | I39: ='CO2'!E36 -> 0 | J39: =+'PROD.FIG. '!F34 -> 0 | K39: =+'PROD.FIG. '!C34 -> 0 | L39: =+'PROD.FIG. '!D34 -> 0 | M39: =+'PROD.FIG. '!E34 -> 0 | N39: 0 | O39: =IF(N39=0,0,F39/N39) -> 0 | P39: =IF(O39=0,0,G39/N39) -> 0 | Q39: =IF(P39=0,0,H39/N39) -> 0 | R39: =IF(Q39=0,0,I39/N39) -> 0
A40: 31 | B40: =IF('Entries August''25'!I37>='Entries August''25'!I36,'Entries August''25'!I37-'Entries August''25'!I36,(999999-'Entries August''25'!I36)+'Entries August''25'!I37+1) -> 2692 | C40: =IF('Entries August''25'!J37>='Entries August''25'!J36,'Entries August''25'!J37-'Entries August''25'!J36,(999999-'Entries August''25'!J36)+'Entries August''25'!J37+1) -> 2455 | D40: =B40+C40 -> 5147 | E40: =IF('Entries August''25'!K37>='Entries August''25'!K36,'Entries August''25'!K37-'Entries August''25'!K36,(999999-'Entries August''25'!K36)+'Entries August''25'!K37+1) -> 0 | F40: =D40+E40 -> 5147 | G40: ='Water '!Z37*10 -> 0 | H40: =IF('Entries August''25'!B37-'Entries August''25'!B36<1,"0",'Entries August''25'!B37-'Entries August''25'!B36) -> 520 | I40: ='CO2'!E37 -> 0 | N40: 30.855 | O40: =IF(N40=0,0,F40/N40) -> 166.81251 | P40: =IF(O40=0,0,G40/N40) -> 0 | Q40: =IF(P40=0,0,H40/N40) -> 0 | R40: =IF(Q40=0,0,I40/N40) -> 0
O41: MTD
D42: Kwhr | E42: Kwhr | F42: Kwhr | G42: Hl | H42: L | I42: kg. | J42: hl | K42: hl | L42: hl | M42: hl | N42: hl | O42: Elect | P42: Water | Q42: Fuel | R42: CO2
A43: Total | D43: =SUM(D10:D40) -> 221377 | E43: =SUM(E10:E40) -> 0 | F43: =SUM(F10:F40) -> 221377 | G43: =SUM(G10:G40) -> 72200 | H43: =SUM(H10:H40) -> 58850 | I43: =SUM(I10:I40) -> 35073 | J43: =SUM(J10:J40) -> 0 | K43: =SUM(K10:K40) -> 0 | ... N43: =SUM(N10:N40) -> 7279.8342 | O43: KWH/Hl | P43: Hl/hl | Q43: Litres/hl | R43: kg./Hl
O44: =IF(N43=0,0,F43/N43) -> 30.409621 | P44: =IF(O44=0,0,G43/N43) -> 9.9178083 | Q44: =IF(P44=0,0,H43/N43) -> 8.0839753 | R44: =IF(Q44=0,0,I43/N43) -> 4.8178295
D47: {=SI(B2>=A2, B2-A2, (999999 - A2 + B2 + 1))} -> #NAME?

Sheet Steam Mass Flow 
A3: DATE | B3: Steam Mass Flow Reading
A5: 1 | B5: =IF('Entries August''25'!AJ7-'Entries August''25'!AJ6<1,"0",'Entries August''25'!AJ7-'Entries August''25'!AJ6) -> 0
A6: 2 | B6: =IF('Entries August''25'!AJ8-'Entries August''25'!AJ7<1,"0",'Entries August''25'!AJ8-'Entries August''25'!AJ7) -> 0
A7: 3 | B7: =IF('Entries August''25'!AJ9-'Entries August''25'!AJ8<1,"0",'Entries August''25'!AJ9-'Entries August''25'!AJ8) -> 0
A8: 4 | B8: =IF('Entries August''25'!AJ10-'Entries August''25'!AJ9<1,"0",'Entries August''25'!AJ10-'Entries August''25'!AJ9) -> 104.239
A9: 5 | B9: =IF('Entries August''25'!AJ11-'Entries August''25'!AJ10<1,"0",'Entries August''25'!AJ11-'Entries August''25'!AJ10) -> 0
A10: 6 | B10: =IF('Entries August''25'!AJ12-'Entries August''25'!AJ11<1,"0",'Entries August''25'!AJ12-'Entries August''25'!AJ11) -> 0
A11: 7 | B11: =IF('Entries August''25'!AJ13-'Entries August''25'!AJ12<1,"0",'Entries August''25'!AJ13-'Entries August''25'!AJ12) -> 0
A12: 8 | B12: =IF('Entries August''25'!AJ14-'Entries August''25'!AJ13<1,"0",'Entries August''25'!AJ14-'Entries August''25'!AJ13) -> 0
A13: 9 | B13: =IF('Entries August''25'!AJ15-'Entries August''25'!AJ14<1,"0",'Entries August''25'!AJ15-'Entries August''25'!AJ14) -> 0
A14: 10 | B14: =IF('Entries August''25'!AJ16-'Entries August''25'!AJ15<1,"0",'Entries August''25'!AJ16-'Entries August''25'!AJ15) -> 0
A15: 11 | B15: =IF('Entries August''25'!AJ17-'Entries August''25'!AJ16<1,"0",'Entries August''25'!AJ17-'Entries August''25'!AJ16) -> 0
A16: 12 | B16: =IF('Entries August''25'!AJ18-'Entries August''25'!AJ17<1,"0",'Entries August''25'!AJ18-'Entries August''25'!AJ17) -> 100.962
... A35: 31 | B35: =IF('Entries August''25'!AJ37-'Entries August''25'!AJ36<1,"0",'Entries August''25'!AJ37-'Entries August''25'!AJ36) -> 0
B36: =SUM(B5:B35) -> 3184.491

Sheet Fuel 
A1: DAILY FUEL CONSUMPTION FOR AUGUST 2025
A4: DATE | B4: Boiler 1 | C4: Boiler 1 | D4: Boiler 2 | E4: Boiler 2 | F4: Gen. | G4: Gen | H4: Boiler 1 sp. | I4: Boiler 2 sp. | J4: Gen. sp | K4: Daily cons. | L4: Total Prod.(HL) | M4: Fuel(Litres/HL)
B5: Cons ( l ) | C5: Hrs | D5: Cons ( l ) | E5: Hrs | F5: Cons ( l ) | G5: Hrs | H5: cons (l/hr) | I5: cons (l/hr) | J5: Cons.(l/hr) | K5: (litres)
A7: 1 | B7: =IF('Entries August''25'!B7-'Entries August''25'!B6<1,"0",'Entries August''25'!B7-'Entries August''25'!B6) -> 0 | C7: =IF('Entries August''25'!F7-'Entries August''25'!F6<1,"0",'Entries August''25'!F7-'Entries August''25'!F6) -> 0 | D7: =IF('Entries August''25'!C6=0,0,+'Entries August''25'!C6-'Entries August''25'!#REF!) -> 0 | E7: =IF('Entries August''25'!G7-'Entries August''25'!G6<1,"0",'Entries August''25'!G7-'Entries August''25'!G6) -> 0 | H7: =IF(C7+E7=0,"0", B7/(C7+E7)) -> 0 | I7: =IF(E7=0,"0", D7/E7) -> 0 | J7: =IF(G7=0,"0", F7/G7) -> 0 | K7: =B7+D7+F7 -> 0 | L7: {=IF(TRANSPOSE('Daily KPIs'!B9:AF9)=0,"0",TRANSPOSE('Daily KPIs'!B9:AF9))} -> 0 | M7: =IF(L7=0,"0",(K7/L7)) -> 0
A8: 2 | B8: =IF('Entries August''25'!B8-'Entries August''25'!B7<1,"0",'Entries August''25'!B8-'Entries August''25'!B7) -> 0 | C8: =IF('Entries August''25'!F8-'Entries August''25'!F7<1,"0",'Entries August''25'!F8-'Entries August''25'!F7) -> 0 | D8: =IF('Entries August''25'!C7=0,0,+'Entries August''25'!C7-'Entries August''25'!C6) -> 0 | E8: =IF('Entries August''25'!G8-'Entries August''25'!G7<1,"0",'Entries August''25'!G8-'Entries August''25'!G7) -> 0 | H8: =IF(C8+E8=0,"0", B8/(C8+E8)) -> 0 | I8: =IF(E8=0,"0", D8/E8) -> 0 | J8: =IF(G8=0,"0", F8/G8) -> 0 | K8: =B8+D8+F8 -> 0 | L8: 0 | M8: =IF(L8=0,"0",(K8/L8)) -> 0
A9: 3 | B9: =IF('Entries August''25'!B9-'Entries August''25'!B8<1,"0",'Entries August''25'!B9-'Entries August''25'!B8) -> 750 | C9: =IF('Entries August''25'!F9-'Entries August''25'!F8<1,"0",'Entries August''25'!F9-'Entries August''25'!F8) -> 4.7 | D9: =IF('Entries August''25'!C8=0,0,+'Entries August''25'!C8-'Entries August''25'!C7) -> 0 | E9: =IF('Entries August''25'!G9-'Entries August''25'!G8<1,"0",'Entries August''25'!G9-'Entries August''25'!G8) -> 0 | H9: =IF(C9+E9=0,"0", B9/(C9+E9)) -> 159.57447 | I9: =IF(E9=0,"0", D9/E9) -> 0 | J9: =IF(G9=0,"0", F9/G9) -> 0 | K9: =B9+D9+F9 -> 750 | L9: 0 | M9: =IF(L9=0,"0",(K9/L9)) -> 0
A10: 4 | B10: =IF('Entries August''25'!B10-'Entries August''25'!B9<1,"0",'Entries August''25'!B10-'Entries August''25'!B9) -> 3500 | C10: =IF('Entries August''25'!F10-'Entries August''25'!F9<1,"0",'Entries August''25'!F10-'Entries August''25'!F9) -> 22.3 | D10: =IF('Entries August''25'!C11=0,0,+'Entries August''25'!C11-'Entries August''25'!C8) -> 0 | E10: =IF('Entries August''25'!G10-'Entries August''25'!G9<1,"0",'Entries August''25'!G10-'Entries August''25'!G9) -> 0 | H10: =IF(C10+E10=0,"0", B10/(C10+E10)) -> 156.95067 | I10: =IF(E10=0,"0", D10/E10) -> 0 | J10: =IF(G10=0,"0", F10/G10) -> 0 | K10: =B10+D10+F10 -> 3500 | L10: 478.104 | M10: =IF(L10=0,"0",(K10/L10)) -> 7.320583
A11: 5 | B11: =IF('Entries August''25'!B11-'Entries August''25'!B10<1,"0",'Entries August''25'!B11-'Entries August''25'!B10) -> 2570 | C11: =IF('Entries August''25'!F11-'Entries August''25'!F10<1,"0",'Entries August''25'!F11-'Entries August''25'!F10) -> 18.6 | D11: =IF('Entries August''25'!C10=0,0,+'Entries August''25'!C10-'Entries August''25'!C11) -> 0 | E11: =IF('Entries August''25'!G11-'Entries August''25'!G10<1,"0",'Entries August''25'!G11-'Entries August''25'!G10) -> 0 | H11: =IF(C11+E11=0,"0", B11/(C11+E11)) -> 138.17204 | I11: =IF(E11=0,"0", D11/E11) -> 0 | J11: =IF(G11=0,"0", F11/G11) -> 0 | K11: =B11+D11+F11 -> 2570 | L11: 680.196 | M11: =IF(L11=0,"0",(K11/L11)) -> 3.7783227
A12: 6 | B12: =IF('Entries August''25'!B12-'Entries August''25'!B11<1,"0",'Entries August''25'!B12-'Entries August''25'!B11) -> 3450 | C12: =IF('Entries August''25'!F12-'Entries August''25'!F11<1,"0",'Entries August''25'!F12-'Entries August''25'!F11) -> 21 | D12: =IF('Entries August''25'!C12=0,0,+'Entries August''25'!C12-'Entries August''25'!C10) -> 0 | E12: =IF('Entries August''25'!G12-'Entries August''25'!G11<1,"0",'Entries August''25'!G12-'Entries August''25'!G11) -> 0 | H12: =IF(C12+E12=0,"0", B12/(C12+E12)) -> 164.28571 | I12: =IF(E12=0,"0", D12/E12) -> 0 | J12: =IF(G12=0,"0", F12/G12) -> 0 | K12: =B12+D12+F12 -> 3450 | L12: 458.106 | M12: =IF(L12=0,"0",(K12/L12)) -> 7.5310081
A13: 7 | B13: =IF('Entries August''25'!B13-'Entries August''25'!B12<1,"0",'Entries August''25'!B13-'Entries August''25'!B12) -> 3230 | C13: =IF('Entries August''25'!F13-'Entries August''25'!F12<1,"0",'Entries August''25'!F13-'Entries August''25'!F12) -> 21 | D13: =IF('Entries August''25'!C13=0,0,+'Entries August''25'!C13-'Entries August''25'!C11) -> 0 | E13: =IF('Entries August''25'!G13-'Entries August''25'!G12<1,"0",'Entries August''25'!G13-'Entries August''25'!G12) -> 0 | H13: =IF(C13+E13=0,"0", B13/(C13+E13)) -> 153.80952 | I13: =IF(E13=0,"0", D13/E13) -> 0 | J13: =IF(G13=0,"0", F13/G13) -> 0 | K13: =B13+D13+F13 -> 3230 | L13: 574.2228 | M13: =IF(L13=0,"0",(K13/L13)) -> 5.6249943
A14: 8 | B14: =IF('Entries August''25'!B14-'Entries August''25'!B13<1,"0",'Entries August''25'!B14-'Entries August''25'!B13) -> 2580 | C14: =IF('Entries August''25'!F14-'Entries August''25'!F13<1,"0",'Entries August''25'!F14-'Entries August''25'!F13) -> 16.7 | D14: =IF('Entries August''25'!C13=0,0,+'Entries August''25'!C13-'Entries August''25'!#REF!) -> 0 | E14: =IF('Entries August''25'!G14-'Entries August''25'!G13<1,"0",'Entries August''25'!G14-'Entries August''25'!G13) -> 0 | H14: =IF(C14+E14=0,"0", B14/(C14+E14)) -> 154.49102 | I14: =IF(E14=0,"0", D14/E14) -> 0 | J14: =IF(G14=0,"0", F14/G14) -> 0 | K14: =B14+D14+F14 -> 2580 | L14: 553.08 | M14: =IF(L14=0,"0",(K14/L14)) -> 4.6647863
A15: 9 | B15: =IF('Entries August''25'!B15-'Entries August''25'!B14<1,"0",'Entries August''25'!B15-'Entries August''25'!B14) -> 0 | C15: =IF('Entries August''25'!F15-'Entries August''25'!F14<1,"0",'Entries August''25'!F15-'Entries August''25'!F14) -> 0 | D15: =IF('Entries August''25'!C14=0,0,+'Entries August''25'!C14-'Entries August''25'!C13) -> 0 | E15: =IF('Entries August''25'!G15-'Entries August''25'!G14<1,"0",'Entries August''25'!G15-'Entries August''25'!G14) -> 0 | H15: =IF(C15+E15=0,"0", B15/(C15+E15)) -> 0 | I15: =IF(E15=0,"0", D15/E15) -> 0 | J15: =IF(G15=0,"0", F15/G15) -> 0 | K15: =B15+D15+F15 -> 0 | L15: 0 | M15: =IF(L15=0,"0",(K15/L15)) -> 0
A16: 10 | B16: =IF('Entries August''25'!B16-'Entries August''25'!B15<1,"0",'Entries August''25'!B16-'Entries August''25'!B15) -> 410 | C16: =IF('Entries August''25'!F16-'Entries August''25'!F15<1,"0",'Entries August''25'!F16-'Entries August''25'!F15) -> 0 | D16: =IF('Entries August''25'!C15=0,0,+'Entries August''25'!C15-'Entries August''25'!C14) -> 0 | E16: =IF('Entries August''25'!G16-'Entries August''25'!G15<1,"0",'Entries August''25'!G16-'Entries August''25'!G15) -> 0 | H16: =IF(C16+E16=0,"0", B16/(C16+E16)) -> 0 | I16: =IF(E16=0,"0", D16/E16) -> 0 | J16: =IF(G16=0,"0", F16/G16) -> 0 | K16: =B16+D16+F16 -> 410 | L16: 0 | M16: =IF(L16=0,"0",(K16/L16)) -> 0
A17: 11 | B17: =IF('Entries August''25'!B17-'Entries August''25'!B16<1,"0",'Entries August''25'!B17-'Entries August''25'!B16) -> 0 | C17: =IF('Entries August''25'!F17-'Entries August''25'!F16<1,"0",'Entries August''25'!F17-'Entries August''25'!F16) -> 0 | D17: =IF('Entries August''25'!C16=0,0,+'Entries August''25'!C16-'Entries August''25'!C15) -> 0 | E17: =IF('Entries August''25'!G17-'Entries August''25'!G16<1,"0",'Entries August''25'!G17-'Entries August''25'!G16) -> 0 | H17: =IF(C17+E17=0,"0", B17/(C17+E17)) -> 0 | I17: =IF(E17=0,"0", D17/E17) -> 0 | J17: =IF(G17=0,"0", F17/G17) -> 0 | K17: =B17+D17+F17 -> 0 | L17: 0 | M17: =IF(L17=0,"0",(K17/L17)) -> 0
A18: 12 | B18: =IF('Entries August''25'!B18-'Entries August''25'!B17<1,"0",'Entries August''25'!B18-'Entries August''25'!B17) -> 850 | C18: =IF('Entries August''25'!F18-'Entries August''25'!F17<1,"0",'Entries August''25'!F18-'Entries August''25'!F17) -> 8.9 | D18: =IF('Entries August''25'!C17=0,0,+'Entries August''25'!C17-'Entries August''25'!C16) -> 0 | E18: =IF('Entries August''25'!G18-'Entries August''25'!G17<1,"0",'Entries August''25'!G18-'Entries August''25'!G17) -> 0 | H18: =IF(C18+E18=0,"0", B18/(C18+E18)) -> 95.505618 | I18: =IF(E18=0,"0", D18/E18) -> 0 | J18: =IF(G18=0,"0", F18/G18) -> 0 | K18: =B18+D18+F18 -> 850 | L18: 0 | M18: =IF(L18=0,"0",(K18/L18)) -> 0
A19: 13 | B19: =IF('Entries August''25'!B19-'Entries August''25'!B18<1,"0",'Entries August''25'!B19-'Entries August''25'!B18) -> 2700 | C19: =IF('Entries August''25'!F19-'Entries August''25'!F18<1,"0",'Entries August''25'!F19-'Entries August''25'!F18) -> 18.5 | D19: =IF('Entries August''25'!C18=0,0,+'Entries August''25'!C18-'Entries August''25'!C17) -> 0 | E19: =IF('Entries August''25'!G19-'Entries August''25'!G18<1,"0",'Entries August''25'!G19-'Entries August''25'!G18) -> 0 | H19: =IF(C19+E19=0,"0", B19/(C19+E19)) -> 145.94595 | I19: =IF(E19=0,"0", D19/E19) -> 0 | J19: =IF(G19=0,"0", F19/G19) -> 0 | K19: =B19+D19+F19 -> 2700 | L19: 293.37 | M19: =IF(L19=0,"0",(K19/L19)) -> 9.203395
A20: 14 | B20: =IF('Entries August''25'!B20-'Entries August''25'!B19<1,"0",'Entries August''25'!B20-'Entries August''25'!B19) -> 2980 | C20: =IF('Entries August''25'!F20-'Entries August''25'!F19<1,"0",'Entries August''25'!F20-'Entries August''25'!F19) -> 20.2 | D20: =IF('Entries August''25'!C19=0,0,+'Entries August''25'!C19-'Entries August''25'!C18) -> 0 | E20: =IF('Entries August''25'!G20-'Entries August''25'!G19<1,"0",'Entries August''25'!G20-'Entries August''25'!G19) -> 0 | H20: =IF(C20+E20=0,"0", B20/(C20+E20)) -> 147.52475 | I20: =IF(E20=0,"0", D20/E20) -> 0 | J20: =IF(G20=0,"0", F20/G20) -> 0 | K20: =B20+D20+F20 -> 2980 | L20: 459.162 | M20: =IF(L20=0,"0",(K20/L20)) -> 6.4900841
A21: 15 | B21: =IF('Entries August''25'!B21-'Entries August''25'!B20<1,"0",'Entries August''25'!B21-'Entries August''25'!B20) -> 3330 | C21: =IF('Entries August''25'!F21-'Entries August''25'!F20<1,"0",'Entries August''25'!F21-'Entries August''25'!F20) -> 20.8 | D21: =IF('Entries August''25'!C20=0,0,+'Entries August''25'!C20-'Entries August''25'!C19) -> 0 | E21: =IF('Entries August''25'!G21-'Entries August''25'!G20<1,"0",'Entries August''25'!G21-'Entries August''25'!G20) -> 0 | H21: =IF(C21+E21=0,"0", B21/(C21+E21)) -> 160.09615 | I21: =IF(E21=0,"0", D21/E21) -> 0 | J21: =IF(G21=0,"0", F21/G21) -> 0 | K21: =B21+D21+F21 -> 3330 | L21: 582.978 | M21: =IF(L21=0,"0",(K21/L21)) -> 5.7120509
A22: 16 | B22: =IF('Entries August''25'!B22-'Entries August''25'!B21<1,"0",'Entries August''25'!B22-'Entries August''25'!B21) -> 1080 | C22: =IF('Entries August''25'!F22-'Entries August''25'!F21<1,"0",'Entries August''25'!F22-'Entries August''25'!F21) -> 9.6 | D22: =IF('Entries August''25'!C21=0,0,+'Entries August''25'!C21-'Entries August''25'!C20) -> 0 | E22: =IF('Entries August''25'!G22-'Entries August''25'!G21<1,"0",'Entries August''25'!G22-'Entries August''25'!G21) -> 0 | H22: =IF(C22+E22=0,"0", B22/(C22+E22)) -> 112.5 | I22: =IF(E22=0,"0", D22/E22) -> 0 | J22: =IF(G22=0,"0", F22/G22) -> 0 | K22: =B22+D22+F22 -> 1080 | L22: 0 | M22: =IF(L22=0,"0",(K22/L22)) -> 0
A23: 17 | B23: =IF('Entries August''25'!B23-'Entries August''25'!B22<1,"0",'Entries August''25'!B23-'Entries August''25'!B22) -> 740 | C23: =IF('Entries August''25'!F23-'Entries August''25'!F22<1,"0",'Entries August''25'!F23-'Entries August''25'!F22) -> 4.3 | D23: =IF('Entries August''25'!C22=0,0,+'Entries August''25'!C22-'Entries August''25'!C21) -> 0 | E23: =IF('Entries August''25'!G23-'Entries August''25'!G22<1,"0",'Entries August''25'!G23-'Entries August''25'!G22) -> 0 | H23: =IF(C23+E23=0,"0", B23/(C23+E23)) -> 172.09302 | I23: =IF(E23=0,"0", D23/E23) -> 0 | J23: =IF(G23=0,"0", F23/G23) -> 0 | K23: =B23+D23+F23 -> 740 | L23: 0 | M23: =IF(L23=0,"0",(K23/L23)) -> 0
A24: 18 | B24: =IF('Entries August''25'!B24-'Entries August''25'!B23<1,"0",'Entries August''25'!B24-'Entries August''25'!B23) -> 3380 | C24: =IF('Entries August''25'!F24-'Entries August''25'!F23<1,"0",'Entries August''25'!F24-'Entries August''25'!F23) -> 20.9 | D24: =IF('Entries August''25'!C23=0,0,+'Entries August''25'!C23-'Entries August''25'!C22) -> 0 | E24: =IF('Entries August''25'!G24-'Entries August''25'!G23<1,"0",'Entries August''25'!G24-'Entries August''25'!G23) -> 0 | H24: =IF(C24+E24=0,"0", B24/(C24+E24)) -> 161.72249 | I24: =IF(E24=0,"0", D24/E24) -> 0 | J24: =IF(G24=0,"0", F24/G24) -> 0 | K24: =B24+D24+F24 -> 3380 | L24: 369.534 | M24: =IF(L24=0,"0",(K24/L24)) -> 9.146655
A25: 19 | B25: =IF('Entries August''25'!B25-'Entries August''25'!B24<1,"0",'Entries August''25'!B25-'Entries August''25'!B24) -> 3110 | C25: =IF('Entries August''25'!F25-'Entries August''25'!F24<1,"0",'Entries August''25'!F25-'Entries August''25'!F24) -> 20.6 | D25: =IF('Entries August''25'!C24=0,0,+'Entries August''25'!C24-'Entries August''25'!C23) -> 0 | E25: =IF('Entries August''25'!G25-'Entries August''25'!G24<1,"0",'Entries August''25'!G25-'Entries August''25'!G24) -> 0 | H25: =IF(C25+E25=0,"0", B25/(C25+E25)) -> 150.97087 | I25: =IF(E25=0,"0", D25/E25) -> 0 | J25: =IF(G25=0,"0", F25/G25) -> 0 | K25: =B25+D25+F25 -> 3110 | L25: 204.798 | M25: =IF(L25=0,"0",(K25/L25)) -> 15.185695
A26: 20 | B26: =IF('Entries August''25'!B26-'Entries August''25'!B25<1,"0",'Entries August''25'!B26-'Entries August''25'!B25) -> 3180 | C26: =IF('Entries August''25'!F26-'Entries August''25'!F25<1,"0",'Entries August''25'!F26-'Entries August''25'!F25) -> 20.1 | D26: =IF('Entries August''25'!C25=0,0,+'Entries August''25'!C25-'Entries August''25'!C24) -> 0 | E26: =IF('Entries August''25'!G26-'Entries August''25'!G25<1,"0",'Entries August''25'!G26-'Entries August''25'!G25) -> 0 | H26: =IF(C26+E26=0,"0", B26/(C26+E26)) -> 158.20896 | I26: =IF(E26=0,"0", D26/E26) -> 0 | J26: =IF(G26=0,"0", F26/G26) -> 0 | K26: =B26+D26+F26 -> 3180 | L26: 540.9804 | M26: =IF(L26=0,"0",(K26/L26)) -> 5.8782167
A27: 21 | B27: =IF('Entries August''25'!B27-'Entries August''25'!B26<1,"0",'Entries August''25'!B27-'Entries August''25'!B26) -> 3090 | C27: =IF('Entries August''25'!F27-'Entries August''25'!F26<1,"0",'Entries August''25'!F27-'Entries August''25'!F26) -> 19.7 | D27: =IF('Entries August''25'!C26=0,0,+'Entries August''25'!C26-'Entries August''25'!C25) -> 0 | E27: =IF('Entries August''25'!G27-'Entries August''25'!G26<1,"0",'Entries August''25'!G27-'Entries August''25'!G26) -> 0 | H27: =IF(C27+E27=0,"0", B27/(C27+E27)) -> 156.85279 | I27: =IF(E27=0,"0", D27/E27) -> 0 | J27: =IF(G27=0,"0", F27/G27) -> 0 | K27: =B27+D27+F27 -> 3090 | L27: 609.51 | M27: =IF(L27=0,"0",(K27/L27)) -> 5.0696461
A28: 22 | B28: =IF('Entries August''25'!B28-'Entries August''25'!B27<1,"0",'Entries August''25'!B28-'Entries August''25'!B27) -> 2400 | C28: =IF('Entries August''25'!F28-'Entries August''25'!F27<1,"0",'Entries August''25'!F28-'Entries August''25'!F27) -> 17.5 | D28: =IF('Entries August''25'!C27=0,0,+'Entries August''25'!C27-'Entries August''25'!C26) -> 0 | E28: =IF('Entries August''25'!G28-'Entries August''25'!G27<1,"0",'Entries August''25'!G28-'Entries August''25'!G27) -> 0 | H28: =IF(C28+E28=0,"0", B28/(C28+E28)) -> 137.14286 | I28: =IF(E28=0,"0", D28/E28) -> 0 | J28: =IF(G28=0,"0", F28/G28) -> 0 | K28: =B28+D28+F28 -> 2400 | L28: 218.526 | M28: =IF(L28=0,"0",(K28/L28)) -> 10.982675
A29: 23 | B29: =IF('Entries August''25'!B29-'Entries August''25'!B28<1,"0",'Entries August''25'!B29-'Entries August''25'!B28) -> 900 | C29: =IF('Entries August''25'!F29-'Entries August''25'!F28<1,"0",'Entries August''25'!F29-'Entries August''25'!F28) -> 8.4 | D29: =IF('Entries August''25'!C28=0,0,+'Entries August''25'!C28-'Entries August''25'!C27) -> 0 | E29: =IF('Entries August''25'!G29-'Entries August''25'!G28<1,"0",'Entries August''25'!G29-'Entries August''25'!G28) -> 0 | H29: =IF(C29+E29=0,"0", B29/(C29+E29)) -> 107.14286 | I29: =IF(E29=0,"0", D29/E29) -> 0 | J29: =IF(G29=0,"0", F29/G29) -> 0 | K29: =B29+D29+F29 -> 900 | L29: 0 | M29: =IF(L29=0,"0",(K29/L29)) -> 0
A30: 24 | B30: =IF('Entries August''25'!B30-'Entries August''25'!B29<1,"0",'Entries August''25'!B30-'Entries August''25'!B29) -> 50 | C30: =IF('Entries August''25'!F30-'Entries August''25'!F29<1,"0",'Entries August''25'!F30-'Entries August''25'!F29) -> 0 | D30: =IF('Entries August''25'!C29=0,0,+'Entries August''25'!C29-'Entries August''25'!C28) -> 0 | E30: =IF('Entries August''25'!G30-'Entries August''25'!G29<1,"0",'Entries August''25'!G30-'Entries August''25'!G29) -> 0 | H30: =IF(C30+E30=0,"0", B30/(C30+E30)) -> 0 | I30: =IF(E30=0,"0", D30/E30) -> 0 | J30: =IF(G30=0,"0", F30/G30) -> 0 | K30: =B30+D30+F30 -> 50 | L30: 0 | M30: =IF(L30=0,"0",(K30/L30)) -> 0
A31: 25 | B31: =IF('Entries August''25'!B31-'Entries August''25'!B30<1,"0",'Entries August''25'!B31-'Entries August''25'!B30) -> 1880 | C31: =IF('Entries August''25'!F31-'Entries August''25'!F30<1,"0",'Entries August''25'!F31-'Entries August''25'!F30) -> 18.1 | D31: =IF('Entries August''25'!C30=0,0,+'Entries August''25'!C30-'Entries August''25'!C29) -> 0 | E31: =IF('Entries August''25'!G31-'Entries August''25'!G30<1,"0",'Entries August''25'!G31-'Entries August''25'!G30) -> 0 | H31: =IF(C31+E31=0,"0", B31/(C31+E31)) -> 103.8674 | I31: =IF(E31=0,"0", D31/E31) -> 0 | J31: =IF(G31=0,"0", F31/G31) -> 0 | K31: =B31+D31+F31 -> 1880 | L31: 0 | M31: =IF(L31=0,"0",(K31/L31)) -> 0
A32: 26 | B32: =IF('Entries August''25'!B32-'Entries August''25'!B31<1,"0",'Entries August''25'!B32-'Entries August''25'!B31) -> 2300 | C32: =IF('Entries August''25'!F32-'Entries August''25'!F31<1,"0",'Entries August''25'!F32-'Entries August''25'!F31) -> 19 | D32: =IF('Entries August''25'!C31=0,0,+'Entries August''25'!C31-'Entries August''25'!C30) -> 0 | E32: =IF('Entries August''25'!G32-'Entries August''25'!G31<1,"0",'Entries August''25'!G32-'Entries August''25'!G31) -> 0 | H32: =IF(C32+E32=0,"0", B32/(C32+E32)) -> 121.05263 | I32: =IF(E32=0,"0", D32/E32) -> 0 | J32: =IF(G32=0,"0", F32/G32) -> 0 | K32: =B32+D32+F32 -> 2300 | L32: 0 | M32: =IF(L32=0,"0",(K32/L32)) -> 0
A33: 27 | B33: =IF('Entries August''25'!B33-'Entries August''25'!B32<1,"0",'Entries August''25'!B33-'Entries August''25'!B32) -> 3400 | C33: =IF('Entries August''25'!F33-'Entries August''25'!F32<1,"0",'Entries August''25'!F33-'Entries August''25'!F32) -> 22.1 | D33: =IF('Entries August''25'!C32=0,0,+'Entries August''25'!C32-'Entries August''25'!C31) -> 0 | E33: =IF('Entries August''25'!G33-'Entries August''25'!G32<1,"0",'Entries August''25'!G33-'Entries August''25'!G32) -> 0 | H33: =IF(C33+E33=0,"0", B33/(C33+E33)) -> 153.84615 | I33: =IF(E33=0,"0", D33/E33) -> 0 | J33: =IF(G33=0,"0", F33/G33) -> 0 | K33: =B33+D33+F33 -> 3400 | L33: 237.996 | M33: =IF(L33=0,"0",(K33/L33)) -> 14.285954
A34: 28 | B34: =IF('Entries August''25'!B34-'Entries August''25'!B33<1,"0",'Entries August''25'!B34-'Entries August''25'!B33) -> 3740 | C34: =IF('Entries August''25'!F34-'Entries August''25'!F33<1,"0",'Entries August''25'!F34-'Entries August''25'!F33) -> 21.4 | D34: =IF('Entries August''25'!C33=0,0,+'Entries August''25'!C33-'Entries August''25'!C32) -> 0 | E34: =IF('Entries August''25'!G34-'Entries August''25'!G33<1,"0",'Entries August''25'!G34-'Entries August''25'!G33) -> 0 | H34: =IF(C34+E34=0,"0", B34/(C34+E34)) -> 174.76636 | I34: =IF(E34=0,"0", D34/E34) -> 0 | J34: =IF(G34=0,"0", F34/G34) -> 0 | K34: =B34+D34+F34 -> 3740 | L34: 580.998 | M34: =IF(L34=0,"0",(K34/L34)) -> 6.4371994
A35: 29 | B35: =IF('Entries August''25'!B35-'Entries August''25'!B34<1,"0",'Entries August''25'!B35-'Entries August''25'!B34) -> 2490 | C35: =IF('Entries August''25'!F35-'Entries August''25'!F34<1,"0",'Entries August''25'!F35-'Entries August''25'!F34) -> 16.4 | E35: =IF('Entries August''25'!G35-'Entries August''25'!G34<1,"0",'Entries August''25'!G35-'Entries August''25'!G34) -> 0 | H35: =IF(C35+E35=0,"0", B35/(C35+E35)) -> 151.82927 | I35: =IF(E35=0,"0", D35/E35) -> 0 | J35: =IF(G35=0,"0", F35/G35) -> 0 | K35: =B35+D35+F35 -> 2490 | L35: 407.418 | M35: =IF(L35=0,"0",(K35/L35)) -> 6.1116593
A36: 30 | B36: =IF('Entries August''25'!B36-'Entries August''25'!B35<1,"0",'Entries August''25'!B36-'Entries August''25'!B35) -> 240 | C36: =IF('Entries August''25'!F36-'Entries August''25'!F35<1,"0",'Entries August''25'!F36-'Entries August''25'!F35) -> 1.7 | E36: =IF('Entries August''25'!G36-'Entries August''25'!G35<1,"0",'Entries August''25'!G36-'Entries August''25'!G35) -> 0 | H36: =IF(C36+E36=0,"0", B36/(C36+E36)) -> 141.17647 | I36: =IF(E36=0,"0", D36/E36) -> 0 | J36: =IF(G36=0,"0", F36/G36) -> 0 | K36: =B36+D36+F36 -> 240 | L36: 0 | M36: =IF(L36=0,"0",(K36/L36)) -> 0
A37: 31 | B37: =IF('Entries August''25'!B37-'Entries August''25'!B36<1,"0",'Entries August''25'!B37-'Entries August''25'!B36) -> 520 | C37: =IF('Entries August''25'!F37-'Entries August''25'!F36<1,"0",'Entries August''25'!F37-'Entries August''25'!F36) -> 2.8 | E37: =IF('Entries August''25'!G37-'Entries August''25'!G36<1,"0",'Entries August''25'!G37-'Entries August''25'!G36) -> 0 | H37: =IF(C37+E37=0,"0", B37/(C37+E37)) -> 185.71429 | I37: =IF(E37=0,"0", D37/E37) -> 0 | J37: =IF(G37=0,"0", F37/G37) -> 0 | K37: =B37+D37+F37 -> 520 | L37: 30.855
A38: MTD | B38: =SUM(B7:B37) -> 58850 | C38: =SUM(C7:C37) -> 395.3 | D38: =SUM(D7:D34) -> 0 | E38: =SUM(E7:E34) -> 0 | H38: =IF(C38+E38=0,"0", B38/(C38+E38)) -> 148.87427 | K38: =SUM(K7:K37) -> 58850 | L38: =SUM(L7:L37) -> 7279.8342 | M38: =IF(L38=0,"0",(K38/L38)) -> 8.0839753 | N38: 7.2 | O38: =M38/N38*100 -> 112.27743
A39: AVE. | B39: =AVERAGE(B7:B37) -> 2179.6296 | C39: =AVERAGE(C7:C37) -> 15.812 | H39: cons (l/hr)

Sheet Water 
B4: DATE | C4: Well Supply (m3) | D4: Nawasa Supply (m3) | E4: Annanale Supply (m3) | F4: RO Water Plant Nawasa (m3) | G4: Service Water Received (m3) | H4: Service Water Supply to Plant (m3) | I4: CO2 Scrubber (m3) | J4: Brewhouse / Old Pepsi Area (m3) | K4: Filtration/Cellars (m3) | L4: Cellars/Process Area (m3) | M4: Pasteuriser (m3) | R4: Permeate Produced (m3) | S4: Plant Cons. USAGE (Hl.) | U4: Bottle Filler (m3) | X4: Rus (m3) | Y4: Washdown Area (m3) | Z4: TOTAL SUPPLY (M3) | AA4: Total Prod.(HL) | AB4: Water KPI (Hl/Hl)
N5: CIP Process (m3) | O5: Bottles Washer (m3) | P5: Bottles Filler (m3) | Q5: Boiler Supply (m3) | T5: ∑ Service Water to Processes | V5: Water into RO #1 (m3) | W5: Water into RO #2 (m3)
B6: -
B7: 1 | C7: =IF('Entries August''25'!W7-'Entries August''25'!W6<1,"0",'Entries August''25'!W7-'Entries August''25'!W6) -> 0 | D7: =IF('Entries August''25'!O7-'Entries August''25'!O6<1,"0",'Entries August''25'!O7-'Entries August''25'!O6) -> 0 | E7: =IF('Entries August''25'!P7-'Entries August''25'!P6<1,"0",'Entries August''25'!P7-'Entries August''25'!P6) -> 91 | F7: =IF('Entries August''25'!V7-'Entries August''25'!V6<1,"0",'Entries August''25'!V7-'Entries August''25'!V6) -> 96 | G7: =(D7+E7)-F7 -> -5 | H7: =IF('Entries August''25'!Q7-'Entries August''25'!Q6<1,0,'Entries August''25'!Q7-'Entries August''25'!Q6) -> 12 | I7: =IF('Entries August''25'!AG7-'Entries August''25'!AG6<1,0,'Entries August''25'!AG7-'Entries August''25'!AG6) -> 0 | J7: =IF('Entries August''25'!S7-'Entries August''25'!S6<1,"0",'Entries August''25'!S7-'Entries August''25'!S6) -> 0 | K7: =IF('Entries August''25'!R7-'Entries August''25'!R6<1,"0",'Entries August''25'!R7-'Entries August''25'!R6) -> 0 | L7: =IF('Entries August''25'!T7-'Entries August''25'!T6<1,"0",'Entries August''25'!T7-'Entries August''25'!T6) -> 0 | M7: =IF('Entries August''25'!U7-'Entries August''25'!U6<1,"0",'Entries August''25'!U7-'Entries August''25'!U6) -> 0 | N7: =IF('Entries August''25'!X7-'Entries August''25'!X6<1,"0",'Entries August''25'!X7-'Entries August''25'!X6) -> 0 | O7: =IF('Entries August''25'!Y7-'Entries August''25'!Y6<1,"0",'Entries August''25'!Y7-'Entries August''25'!Y6) -> 0 | P7: =IF('Entries August''25'!AC7-'Entries August''25'!AC6<1,"0",'Entries August''25'!AC7-'Entries August''25'!AC6) -> 0 | Q7: =IF('Entries August''25'!Z7-'Entries August''25'!Z6<1,"0",'Entries August''25'!Z7-'Entries August''25'!Z6) -> 0 | R7: =IF(('Entries August''25'!AA7-'Entries August''25'!AA6)+('Entries August''25'!AB7-'Entries August''25'!AB6)<1,"0",('Entries August''25'!AA7-'Entries August''25'!AA6)+('Entries August''25'!AB7-'Entries August''25'!AB6)) -> 0 | S7: =(R7+G7)*10 -> -50 | T7: =O7+N7+M7+L7 -> 0 | U7: =IF('Entries August''25'!AC7-'Entries August''25'!AC6<1,"0",'Entries August''25'!AC7-'Entries August''25'!AC6) -> 0 | V7: =IF('Entries August''25'!AD7-'Entries August''25'!AD6<1,"0",'Entries August''25'!AD7-'Entries August''25'!AD6) -> 0 | W7: =IF('Entries August''25'!AE7-'Entries August''25'!AE6<1,"0",'Entries August''25'!AE7-'Entries August''25'!AE6) -> 0 | X7: =IF('Entries August''25'!AI7-'Entries August''25'!AI6<1,"0",'Entries August''25'!AI7-'Entries August''25'!AI6) -> 0 | Y7: =IF('Entries August''25'!AH7-'Entries August''25'!AH6<1,"0",'Entries August''25'!AH7-'Entries August''25'!AH6) -> 0 | Z7: =C7+D7+E7 -> 91 | AA7: {=IF(TRANSPOSE('Daily KPIs'!B9:AF9)=0,"0",TRANSPOSE('Daily KPIs'!B9:AF9))} -> 0 | AB7: =IF(AA7=0,"0",(Z7*10/AA7)) -> 0
B8: 2 | C8: =IF('Entries August''25'!W8-'Entries August''25'!W7<1,"0",'Entries August''25'!W8-'Entries August''25'!W7) -> 0 | D8: =IF('Entries August''25'!O8-'Entries August''25'!O7<1,"0",'Entries August''25'!O8-'Entries August''25'!O7) -> 15 | E8: =IF('Entries August''25'!P8-'Entries August''25'!P7<1,"0",'Entries August''25'!P8-'Entries August''25'!P7) -> 0 | F8: =IF('Entries August''25'!V8-'Entries August''25'!V7<1,"0",'Entries August''25'!V8-'Entries August''25'!V7) -> 0 | G8: =(D8+E8)-F8 -> 15 | H8: =IF('Entries August''25'!Q8-'Entries August''25'!Q7<1,0,'Entries August''25'!Q8-'Entries August''25'!Q7) -> 14 | I8: =IF('Entries August''25'!AG8-'Entries August''25'!AG7<1,0,'Entries August''25'!AG8-'Entries August''25'!AG7) -> 0 | J8: =IF('Entries August''25'!S8-'Entries August''25'!S7<1,"0",'Entries August''25'!S8-'Entries August''25'!S7) -> 0 | K8: =IF('Entries August''25'!R8-'Entries August''25'!R7<1,"0",'Entries August''25'!R8-'Entries August''25'!R7) -> 0 | L8: =IF('Entries August''25'!T8-'Entries August''25'!T7<1,"0",'Entries August''25'!T8-'Entries August''25'!T7) -> 0 | M8: =IF('Entries August''25'!U8-'Entries August''25'!U7<1,"0",'Entries August''25'!U8-'Entries August''25'!U7) -> 0 | N8: =IF('Entries August''25'!X8-'Entries August''25'!X7<1,"0",'Entries August''25'!X8-'Entries August''25'!X7) -> 0 | O8: =IF('Entries August''25'!Y8-'Entries August''25'!Y7<1,"0",'Entries August''25'!Y8-'Entries August''25'!Y7) -> 0 | P8: =IF('Entries August''25'!AC8-'Entries August''25'!AC7<1,"0",'Entries August''25'!AC8-'Entries August''25'!AC7) -> 0 | Q8: =IF('Entries August''25'!Z8-'Entries August''25'!Z7<1,"0",'Entries August''25'!Z8-'Entries August''25'!Z7) -> 0 | R8: =IF(('Entries August''25'!AA8-'Entries August''25'!AA7)+('Entries August''25'!AB8-'Entries August''25'!AB7)<1,"0",('Entries August''25'!AA8-'Entries August''25'!AA7)+('Entries August''25'!AB8-'Entries August''25'!AB7)) -> 0 | S8: =(R8+G8)*10 -> 150 | T8: =O8+N8+M8+L8 -> 0 | U8: =IF('Entries August''25'!AC8-'Entries August''25'!AC7<1,"0",'Entries August''25'!AC8-'Entries August''25'!AC7) -> 0 | V8: =IF('Entries August''25'!AD8-'Entries August''25'!AD7<1,"0",'Entries August''25'!AD8-'Entries August''25'!AD7) -> 0 | W8: =IF('Entries August''25'!AE8-'Entries August''25'!AE7<1,"0",'Entries August''25'!AE8-'Entries August''25'!AE7) -> 0 | X8: =IF('Entries August''25'!AI8-'Entries August''25'!AI7<1,"0",'Entries August''25'!AI8-'Entries August''25'!AI7) -> 0 | Y8: =IF('Entries August''25'!AH8-'Entries August''25'!AH7<1,"0",'Entries August''25'!AH8-'Entries August''25'!AH7) -> 0 | Z8: =C8+D8+E8 -> 15 | AA8: 0 | AB8: =IF(AA8=0,"0",(Z8*10/AA8)) -> 0
B9: 3 | C9: =IF('Entries August''25'!W9-'Entries August''25'!W8<1,"0",'Entries August''25'!W9-'Entries August''25'!W8) -> 0 | D9: =IF('Entries August''25'!O9-'Entries August''25'!O8<1,"0",'Entries August''25'!O9-'Entries August''25'!O8) -> 1 | E9: =IF('Entries August''25'!P9-'Entries August''25'!P8<1,"0",'Entries August''25'!P9-'Entries August''25'!P8) -> 0 | F9: =IF('Entries August''25'!V9-'Entries August''25'!V8<1,"0",'Entries August''25'!V9-'Entries August''25'!V8) -> 0 | G9: =(D9+E9)-F9 -> 1 | H9: =IF('Entries August''25'!Q9-'Entries August''25'!Q8<1,0,'Entries August''25'!Q9-'Entries August''25'!Q8) -> 17 | I9: =IF('Entries August''25'!AG9-'Entries August''25'!AG8<1,0,'Entries August''25'!AG9-'Entries August''25'!AG8) -> 0 | J9: =IF('Entries August''25'!S9-'Entries August''25'!S8<1,"0",'Entries August''25'!S9-'Entries August''25'!S8) -> 0 | K9: =IF('Entries August''25'!R9-'Entries August''25'!R8<1,"0",'Entries August''25'!R9-'Entries August''25'!R8) -> 0 | L9: =IF('Entries August''25'!T9-'Entries August''25'!T8<1,"0",'Entries August''25'!T9-'Entries August''25'!T8) -> 0 | M9: =IF('Entries August''25'!U9-'Entries August''25'!U8<1,"0",'Entries August''25'!U9-'Entries August''25'!U8) -> 0 | N9: =IF('Entries August''25'!X9-'Entries August''25'!X8<1,"0",'Entries August''25'!X9-'Entries August''25'!X8) -> 1 | O9: =IF('Entries August''25'!Y9-'Entries August''25'!Y8<1,"0",'Entries August''25'!Y9-'Entries August''25'!Y8) -> 3 | P9: =IF('Entries August''25'!AC9-'Entries August''25'!AC8<1,"0",'Entries August''25'!AC9-'Entries August''25'!AC8) -> 0 | Q9: =IF('Entries August''25'!Z9-'Entries August''25'!Z8<1,"0",'Entries August''25'!Z9-'Entries August''25'!Z8) -> 2 | R9: =IF(('Entries August''25'!AA9-'Entries August''25'!AA8)+('Entries August''25'!AB9-'Entries August''25'!AB8)<1,"0",('Entries August''25'!AA9-'Entries August''25'!AA8)+('Entries August''25'!AB9-'Entries August''25'!AB8)) -> 0 | S9: =(R9+G9)*10 -> 10 | T9: =O9+N9+M9+L9 -> 4 | U9: =IF('Entries August''25'!AC9-'Entries August''25'!AC8<1,"0",'Entries August''25'!AC9-'Entries August''25'!AC8) -> 0 | V9: =IF('Entries August''25'!AD9-'Entries August''25'!AD8<1,"0",'Entries August''25'!AD9-'Entries August''25'!AD8) -> 1 | W9: =IF('Entries August''25'!AE9-'Entries August''25'!AE8<1,"0",'Entries August''25'!AE9-'Entries August''25'!AE8) -> 0 | X9: =IF('Entries August''25'!AI9-'Entries August''25'!AI8<1,"0",'Entries August''25'!AI9-'Entries August''25'!AI8) -> 0 | Y9: =IF('Entries August''25'!AH9-'Entries August''25'!AH8<1,"0",'Entries August''25'!AH9-'Entries August''25'!AH8) -> 0 | Z9: =C9+D9+E9 -> 1 | AA9: 0 | AB9: =IF(AA9=0,"0",(Z9*10/AA9)) -> 0
B10: 4 | C10: =IF('Entries August''25'!W10-'Entries August''25'!W9<1,"0",'Entries August''25'!W10-'Entries August''25'!W9) -> 0 | D10: =IF('Entries August''25'!O10-'Entries August''25'!O9<1,"0",'Entries August''25'!O10-'Entries August''25'!O9) -> 0 | E10: =IF('Entries August''25'!P10-'Entries August''25'!P9<1,"0",'Entries August''25'!P10-'Entries August''25'!P9) -> 232 | F10: =IF('Entries August''25'!V10-'Entries August''25'!V9<1,"0",'Entries August''25'!V10-'Entries August''25'!V9) -> 243 | G10: =(D10+E10)-F10 -> -11 | H10: =IF('Entries August''25'!Q10-'Entries August''25'!Q9<1,0,'Entries August''25'!Q10-'Entries August''25'!Q9) -> 293 | I10: =IF('Entries August''25'!AG10-'Entries August''25'!AG9<1,0,'Entries August''25'!AG10-'Entries August''25'!AG9) -> 0 | J10: =IF('Entries August''25'!S10-'Entries August''25'!S9<1,"0",'Entries August''25'!S10-'Entries August''25'!S9) -> 121 | K10: =IF('Entries August''25'!R10-'Entries August''25'!R9<1,"0",'Entries August''25'!R10-'Entries August''25'!R9) -> 0 | L10: =IF('Entries August''25'!T10-'Entries August''25'!T9<1,"0",'Entries August''25'!T10-'Entries August''25'!T9) -> 0 | M10: =IF('Entries August''25'!U10-'Entries August''25'!U9<1,"0",'Entries August''25'!U10-'Entries August''25'!U9) -> 0 | N10: =IF('Entries August''25'!X10-'Entries August''25'!X9<1,"0",'Entries August''25'!X10-'Entries August''25'!X9) -> 70 | O10: =IF('Entries August''25'!Y10-'Entries August''25'!Y9<1,"0",'Entries August''25'!Y10-'Entries August''25'!Y9) -> 137 | P10: =IF('Entries August''25'!AC10-'Entries August''25'!AC9<1,"0",'Entries August''25'!AC10-'Entries August''25'!AC9) -> 32 | Q10: =IF('Entries August''25'!Z10-'Entries August''25'!Z9<1,"0",'Entries August''25'!Z10-'Entries August''25'!Z9) -> 18 | R10: =IF(('Entries August''25'!AA10-'Entries August''25'!AA9)+('Entries August''25'!AB10-'Entries August''25'!AB9)<1,"0",('Entries August''25'!AA10-'Entries August''25'!AA9)+('Entries August''25'!AB10-'Entries August''25'!AB9)) -> 0 | S10: =(R10+G10)*10 -> -110 | T10: =O10+N10+M10+L10 -> 207 | U10: =IF('Entries August''25'!AC10-'Entries August''25'!AC9<1,"0",'Entries August''25'!AC10-'Entries August''25'!AC9) -> 32 | V10: =IF('Entries August''25'!AD10-'Entries August''25'!AD9<1,"0",'Entries August''25'!AD10-'Entries August''25'!AD9) -> 0 | W10: =IF('Entries August''25'!AE10-'Entries August''25'!AE9<1,"0",'Entries August''25'!AE10-'Entries August''25'!AE9) -> 0 | X10: =IF('Entries August''25'!AI10-'Entries August''25'!AI9<1,"0",'Entries August''25'!AI10-'Entries August''25'!AI9) -> 0 | Y10: =IF('Entries August''25'!AH10-'Entries August''25'!AH9<1,"0",'Entries August''25'!AH10-'Entries August''25'!AH9) -> 0 | Z10: =C10+D10+E10 -> 232 | AA10: 478.104 | AB10: =IF(AA10=0,"0",(Z10*10/AA10)) -> 4.8525007
B11: 5 | C11: =IF('Entries August''25'!W11-'Entries August''25'!W10<1,"0",'Entries August''25'!W11-'Entries August''25'!W10) -> 0 | D11: =IF('Entries August''25'!O11-'Entries August''25'!O10<1,"0",'Entries August''25'!O11-'Entries August''25'!O10) -> 307 | E11: =IF('Entries August''25'!P11-'Entries August''25'!P10<1,"0",'Entries August''25'!P11-'Entries August''25'!P10) -> 127 | F11: =IF('Entries August''25'!V11-'Entries August''25'!V10<1,"0",'Entries August''25'!V11-'Entries August''25'!V10) -> 139 | G11: =(D11+E11)-F11 -> 295 | H11: =IF('Entries August''25'!Q11-'Entries August''25'!Q10<1,0,'Entries August''25'!Q11-'Entries August''25'!Q10) -> 251 | I11: =IF('Entries August''25'!AG11-'Entries August''25'!AG10<1,0,'Entries August''25'!AG11-'Entries August''25'!AG10) -> 0 | J11: =IF('Entries August''25'!S11-'Entries August''25'!S10<1,"0",'Entries August''25'!S11-'Entries August''25'!S10) -> 117 | K11: =IF('Entries August''25'!R11-'Entries August''25'!R10<1,"0",'Entries August''25'!R11-'Entries August''25'!R10) -> 0 | L11: =IF('Entries August''25'!T11-'Entries August''25'!T10<1,"0",'Entries August''25'!T11-'Entries August''25'!T10) -> 0 | M11: =IF('Entries August''25'!U11-'Entries August''25'!U10<1,"0",'Entries August''25'!U11-'Entries August''25'!U10) -> 0 | N11: =IF('Entries August''25'!X11-'Entries August''25'!X10<1,"0",'Entries August''25'!X11-'Entries August''25'!X10) -> 62 | O11: =IF('Entries August''25'!Y11-'Entries August''25'!Y10<1,"0",'Entries August''25'!Y11-'Entries August''25'!Y10) -> 120 | P11: =IF('Entries August''25'!AC11-'Entries August''25'!AC10<1,"0",'Entries August''25'!AC11-'Entries August''25'!AC10) -> 24 | Q11: =IF('Entries August''25'!Z11-'Entries August''25'!Z10<1,"0",'Entries August''25'!Z11-'Entries August''25'!Z10) -> 14 | R11: =IF(('Entries August''25'!AA11-'Entries August''25'!AA10)+('Entries August''25'!AB11-'Entries August''25'!AB10)<1,"0",('Entries August''25'!AA11-'Entries August''25'!AA10)+('Entries August''25'!AB11-'Entries August''25'!AB10)) -> 0 | S11: =(R11+G11)*10 -> 2950 | T11: =O11+N11+M11+L11 -> 182 | U11: =IF('Entries August''25'!AC11-'Entries August''25'!AC10<1,"0",'Entries August''25'!AC11-'Entries August''25'!AC10) -> 24 | V11: =IF('Entries August''25'!AD11-'Entries August''25'!AD10<1,"0",'Entries August''25'!AD11-'Entries August''25'!AD10) -> 0 | W11: =IF('Entries August''25'!AE11-'Entries August''25'!AE10<1,"0",'Entries August''25'!AE11-'Entries August''25'!AE10) -> 0 | X11: =IF('Entries August''25'!AI11-'Entries August''25'!AI10<1,"0",'Entries August''25'!AI11-'Entries August''25'!AI10) -> 0 | Y11: =IF('Entries August''25'!AH11-'Entries August''25'!AH10<1,"0",'Entries August''25'!AH11-'Entries August''25'!AH10) -> 0 | Z11: =C11+D11+E11 -> 434 | AA11: 680.196 | AB11: =IF(AA11=0,"0",(Z11*10/AA11)) -> 6.3805139
B12: 6 | C12: =IF('Entries August''25'!W12-'Entries August''25'!W11<1,"0",'Entries August''25'!W12-'Entries August''25'!W11) -> 0 | D12: =IF('Entries August''25'!O12-'Entries August''25'!O11<1,"0",'Entries August''25'!O12-'Entries August''25'!O11) -> 383 | E12: =IF('Entries August''25'!P12-'Entries August''25'!P11<1,"0",'Entries August''25'!P12-'Entries August''25'!P11) -> 151 | F12: =IF('Entries August''25'!V12-'Entries August''25'!V11<1,"0",'Entries August''25'!V12-'Entries August''25'!V11) -> 152 | G12: =(D12+E12)-F12 -> 382 | H12: =IF('Entries August''25'!Q12-'Entries August''25'!Q11<1,0,'Entries August''25'!Q12-'Entries August''25'!Q11) -> 216 | I12: =IF('Entries August''25'!AG12-'Entries August''25'!AG11<1,0,'Entries August''25'!AG12-'Entries August''25'!AG11) -> 0 | J12: =IF('Entries August''25'!S12-'Entries August''25'!S11<1,"0",'Entries August''25'!S12-'Entries August''25'!S11) -> 220 | K12: =IF('Entries August''25'!R12-'Entries August''25'!R11<1,"0",'Entries August''25'!R12-'Entries August''25'!R11) -> 0 | L12: =IF('Entries August''25'!T12-'Entries August''25'!T11<1,"0",'Entries August''25'!T12-'Entries August''25'!T11) -> 0 | M12: =IF('Entries August''25'!U12-'Entries August''25'!U11<1,"0",'Entries August''25'!U12-'Entries August''25'!U11) -> 0 | N12: =IF('Entries August''25'!X12-'Entries August''25'!X11<1,"0",'Entries August''25'!X12-'Entries August''25'!X11) -> 41 | O12: =IF('Entries August''25'!Y12-'Entries August''25'!Y11<1,"0",'Entries August''25'!Y12-'Entries August''25'!Y11) -> 88 | P12: =IF('Entries August''25'!AC12-'Entries August''25'!AC11<1,"0",'Entries August''25'!AC12-'Entries August''25'!AC11) -> 26 | Q12: =IF('Entries August''25'!Z12-'Entries August''25'!Z11<1,"0",'Entries August''25'!Z12-'Entries August''25'!Z11) -> 15 | R12: =IF(('Entries August''25'!AA12-'Entries August''25'!AA11)+('Entries August''25'!AB12-'Entries August''25'!AB11)<1,"0",('Entries August''25'!AA12-'Entries August''25'!AA11)+('Entries August''25'!AB12-'Entries August''25'!AB11)) -> 0 | S12: =(R12+G12)*10 -> 3820 | T12: =O12+N12+M12+L12 -> 129 | U12: =IF('Entries August''25'!AC12-'Entries August''25'!AC11<1,"0",'Entries August''25'!AC12-'Entries August''25'!AC11) -> 26 | V12: =IF('Entries August''25'!AD12-'Entries August''25'!AD11<1,"0",'Entries August''25'!AD12-'Entries August''25'!AD11) -> 0 | W12: =IF('Entries August''25'!AE12-'Entries August''25'!AE11<1,"0",'Entries August''25'!AE12-'Entries August''25'!AE11) -> 0 | X12: =IF('Entries August''25'!AI12-'Entries August''25'!AI11<1,"0",'Entries August''25'!AI12-'Entries August''25'!AI11) -> 0 | Y12: =IF('Entries August''25'!AH12-'Entries August''25'!AH11<1,"0",'Entries August''25'!AH12-'Entries August''25'!AH11) -> 0 | Z12: =C12+D12+E12 -> 534 | AA12: 458.106 | AB12: =IF(AA12=0,"0",(Z12*10/AA12)) -> 11.656691
B13: 7 | C13: =IF('Entries August''25'!W13-'Entries August''25'!W12<1,"0",'Entries August''25'!W13-'Entries August''25'!W12) -> 0 | D13: =IF('Entries August''25'!O13-'Entries August''25'!O12<1,"0",'Entries August''25'!O13-'Entries August''25'!O12) -> 186 | E13: =IF('Entries August''25'!P13-'Entries August''25'!P12<1,"0",'Entries August''25'!P13-'Entries August''25'!P12) -> 205 | F13: =IF('Entries August''25'!V13-'Entries August''25'!V12<1,"0",'Entries August''25'!V13-'Entries August''25'!V12) -> 216 | G13: =(D13+E13)-F13 -> 175 | H13: =IF('Entries August''25'!Q13-'Entries August''25'!Q12<1,0,'Entries August''25'!Q13-'Entries August''25'!Q12) -> 223 | I13: =IF('Entries August''25'!AG13-'Entries August''25'!AG12<1,0,'Entries August''25'!AG13-'Entries August''25'!AG12) -> 0 | J13: =IF('Entries August''25'!S13-'Entries August''25'!S12<1,"0",'Entries August''25'!S13-'Entries August''25'!S12) -> 164 | K13: =IF('Entries August''25'!R13-'Entries August''25'!R12<1,"0",'Entries August''25'!R13-'Entries August''25'!R12) -> 0 | L13: =IF('Entries August''25'!T13-'Entries August''25'!T12<1,"0",'Entries August''25'!T13-'Entries August''25'!T12) -> 0 | M13: =IF('Entries August''25'!U13-'Entries August''25'!U12<1,"0",'Entries August''25'!U13-'Entries August''25'!U12) -> 1 | N13: =IF('Entries August''25'!X13-'Entries August''25'!X12<1,"0",'Entries August''25'!X13-'Entries August''25'!X12) -> 49 | O13: =IF('Entries August''25'!Y13-'Entries August''25'!Y12<1,"0",'Entries August''25'!Y13-'Entries August''25'!Y12) -> 98 | P13: =IF('Entries August''25'!AC13-'Entries August''25'!AC12<1,"0",'Entries August''25'!AC13-'Entries August''25'!AC12) -> 29 | Q13: =IF('Entries August''25'!Z13-'Entries August''25'!Z12<1,"0",'Entries August''25'!Z13-'Entries August''25'!Z12) -> 22 | R13: =IF(('Entries August''25'!AA13-'Entries August''25'!AA12)+('Entries August''25'!AB13-'Entries August''25'!AB12)<1,"0",('Entries August''25'!AA13-'Entries August''25'!AA12)+('Entries August''25'!AB13-'Entries August''25'!AB12)) -> 0 | S13: =(R13+G13)*10 -> 1750 | T13: =O13+N13+M13+L13 -> 148 | U13: =IF('Entries August''25'!AC13-'Entries August''25'!AC12<1,"0",'Entries August''25'!AC13-'Entries August''25'!AC12) -> 29 | V13: =IF('Entries August''25'!AD13-'Entries August''25'!AD12<1,"0",'Entries August''25'!AD13-'Entries August''25'!AD12) -> 0 | W13: =IF('Entries August''25'!AE13-'Entries August''25'!AE12<1,"0",'Entries August''25'!AE13-'Entries August''25'!AE12) -> 0 | X13: =IF('Entries August''25'!AI13-'Entries August''25'!AI12<1,"0",'Entries August''25'!AI13-'Entries August''25'!AI12) -> 0 | Y13: =IF('Entries August''25'!AH13-'Entries August''25'!AH12<1,"0",'Entries August''25'!AH13-'Entries August''25'!AH12) -> 0 | Z13: =C13+D13+E13 -> 391 | AA13: 574.2228 | AB13: =IF(AA13=0,"0",(Z13*10/AA13)) -> 6.8092037
B14: 8 | C14: =IF('Entries August''25'!W14-'Entries August''25'!W13<1,"0",'Entries August''25'!W14-'Entries August''25'!W13) -> 0 | D14: =IF('Entries August''25'!O14-'Entries August''25'!O13<1,"0",'Entries August''25'!O14-'Entries August''25'!O13) -> 104 | E14: =IF('Entries August''25'!P14-'Entries August''25'!P13<1,"0",'Entries August''25'!P14-'Entries August''25'!P13) -> 122 | F14: =IF('Entries August''25'!V14-'Entries August''25'!V13<1,"0",'Entries August''25'!V14-'Entries August''25'!V13) -> 160 | G14: =(D14+E14)-F14 -> 66 | H14: =IF('Entries August''25'!Q14-'Entries August''25'!Q13<1,0,'Entries August''25'!Q14-'Entries August''25'!Q13) -> 194 | I14: =IF('Entries August''25'!AG14-'Entries August''25'!AG13<1,0,'Entries August''25'!AG14-'Entries August''25'!AG13) -> 0 | J14: =IF('Entries August''25'!S14-'Entries August''25'!S13<1,"0",'Entries August''25'!S14-'Entries August''25'!S13) -> 121 | K14: =IF('Entries August''25'!R14-'Entries August''25'!R13<1,"0",'Entries August''25'!R14-'Entries August''25'!R13) -> 0 | L14: =IF('Entries August''25'!T14-'Entries August''25'!T13<1,"0",'Entries August''25'!T14-'Entries August''25'!T13) -> 0 | M14: =IF('Entries August''25'!U14-'Entries August''25'!U13<1,"0",'Entries August''25'!U14-'Entries August''25'!U13) -> 0 | N14: =IF('Entries August''25'!X14-'Entries August''25'!X13<1,"0",'Entries August''25'!X14-'Entries August''25'!X13) -> 27 | O14: =IF('Entries August''25'!Y14-'Entries August''25'!Y13<1,"0",'Entries August''25'!Y14-'Entries August''25'!Y13) -> 91 | P14: =IF('Entries August''25'!AC14-'Entries August''25'!AC13<1,"0",'Entries August''25'!AC14-'Entries August''25'!AC13) -> 25 | Q14: =IF('Entries August''25'!Z14-'Entries August''25'!Z13<1,"0",'Entries August''25'!Z14-'Entries August''25'!Z13) -> 17 | R14: =IF(('Entries August''25'!AA14-'Entries August''25'!AA13)+('Entries August''25'!AB14-'Entries August''25'!AB13)<1,"0",('Entries August''25'!AA14-'Entries August''25'!AA13)+('Entries August''25'!AB14-'Entries August''25'!AB13)) -> 0 | S14: =(R14+G14)*10 -> 660 | T14: =O14+N14+M14+L14 -> 118 | U14: =IF('Entries August''25'!AC14-'Entries August''25'!AC13<1,"0",'Entries August''25'!AC14-'Entries August''25'!AC13) -> 25 | V14: =IF('Entries August''25'!AD14-'Entries August''25'!AD13<1,"0",'Entries August''25'!AD14-'Entries August''25'!AD13) -> 0 | W14: =IF('Entries August''25'!AE14-'Entries August''25'!AE13<1,"0",'Entries August''25'!AE14-'Entries August''25'!AE13) -> 0 | X14: =IF('Entries August''25'!AI14-'Entries August''25'!AI13<1,"0",'Entries August''25'!AI14-'Entries August''25'!AI13) -> 0 | Y14: =IF('Entries August''25'!AH14-'Entries August''25'!AH13<1,"0",'Entries August''25'!AH14-'Entries August''25'!AH13) -> 0 | Z14: =C14+D14+E14 -> 226 | AA14: 553.08 | AB14: =IF(AA14=0,"0",(Z14*10/AA14)) -> 4.0862081
B15: 9 | C15: =IF('Entries August''25'!W15-'Entries August''25'!W14<1,"0",'Entries August''25'!W15-'Entries August''25'!W14) -> 0 | D15: =IF('Entries August''25'!O15-'Entries August''25'!O14<1,"0",'Entries August''25'!O15-'Entries August''25'!O14) -> 0 | E15: =IF('Entries August''25'!P15-'Entries August''25'!P14<1,"0",'Entries August''25'!P15-'Entries August''25'!P14) -> 63 | F15: =IF('Entries August''25'!V15-'Entries August''25'!V14<1,"0",'Entries August''25'!V15-'Entries August''25'!V14) -> 35 | G15: =(D15+E15)-F15 -> 28 | H15: =IF('Entries August''25'!Q15-'Entries August''25'!Q14<1,0,'Entries August''25'!Q15-'Entries August''25'!Q14) -> 27 | I15: =IF('Entries August''25'!AG15-'Entries August''25'!AG14<1,0,'Entries August''25'!AG15-'Entries August''25'!AG14) -> 0 | J15: =IF('Entries August''25'!S15-'Entries August''25'!S14<1,"0",'Entries August''25'!S15-'Entries August''25'!S14) -> 0 | K15: =IF('Entries August''25'!R15-'Entries August''25'!R14<1,"0",'Entries August''25'!R15-'Entries August''25'!R14) -> 0 | L15: =IF('Entries August''25'!T15-'Entries August''25'!T14<1,"0",'Entries August''25'!T15-'Entries August''25'!T14) -> 0 | M15: =IF('Entries August''25'!U15-'Entries August''25'!U14<1,"0",'Entries August''25'!U15-'Entries August''25'!U14) -> 0 | N15: =IF('Entries August''25'!X15-'Entries August''25'!X14<1,"0",'Entries August''25'!X15-'Entries August''25'!X14) -> 0 | O15: =IF('Entries August''25'!Y15-'Entries August''25'!Y14<1,"0",'Entries August''25'!Y15-'Entries August''25'!Y14) -> 5 | P15: =IF('Entries August''25'!AC15-'Entries August''25'!AC14<1,"0",'Entries August''25'!AC15-'Entries August''25'!AC14) -> 0 | Q15: =IF('Entries August''25'!Z15-'Entries August''25'!Z14<1,"0",'Entries August''25'!Z15-'Entries August''25'!Z14) -> 6 | R15: =IF(('Entries August''25'!AA15-'Entries August''25'!AA14)+('Entries August''25'!AB15-'Entries August''25'!AB14)<1,"0",('Entries August''25'!AA15-'Entries August''25'!AA14)+('Entries August''25'!AB15-'Entries August''25'!AB14)) -> 0 | S15: =(R15+G15)*10 -> 280 | T15: =O15+N15+M15+L15 -> 5 | U15: =IF('Entries August''25'!AC15-'Entries August''25'!AC14<1,"0",'Entries August''25'!AC15-'Entries August''25'!AC14) -> 0 | V15: =IF('Entries August''25'!AD15-'Entries August''25'!AD14<1,"0",'Entries August''25'!AD15-'Entries August''25'!AD14) -> 0 | W15: =IF('Entries August''25'!AE15-'Entries August''25'!AE14<1,"0",'Entries August''25'!AE15-'Entries August''25'!AE14) -> 0 | X15: =IF('Entries August''25'!AI15-'Entries August''25'!AI14<1,"0",'Entries August''25'!AI15-'Entries August''25'!AI14) -> 0 | Y15: =IF('Entries August''25'!AH15-'Entries August''25'!AH14<1,"0",'Entries August''25'!AH15-'Entries August''25'!AH14) -> 0 | Z15: =C15+D15+E15 -> 63 | AA15: 0 | AB15: =IF(AA15=0,"0",(Z15*10/AA15)) -> 0
B16: 10 | C16: =IF('Entries August''25'!W16-'Entries August''25'!W15<1,"0",'Entries August''25'!W16-'Entries August''25'!W15) -> 0 | D16: =IF('Entries August''25'!O16-'Entries August''25'!O15<1,"0",'Entries August''25'!O16-'Entries August''25'!O15) -> 0 | E16: =IF('Entries August''25'!P16-'Entries August''25'!P15<1,"0",'Entries August''25'!P16-'Entries August''25'!P15) -> 105 | F16: =IF('Entries August''25'!V16-'Entries August''25'!V15<1,"0",'Entries August''25'!V16-'Entries August''25'!V15) -> 110 | G16: =(D16+E16)-F16 -> -5 | H16: =IF('Entries August''25'!Q16-'Entries August''25'!Q15<1,0,'Entries August''25'!Q16-'Entries August''25'!Q15) -> 71 | I16: =IF('Entries August''25'!AG16-'Entries August''25'!AG15<1,0,'Entries August''25'!AG16-'Entries August''25'!AG15) -> 0 | J16: =IF('Entries August''25'!S16-'Entries August''25'!S15<1,"0",'Entries August''25'!S16-'Entries August''25'!S15) -> 0 | K16: =IF('Entries August''25'!R16-'Entries August''25'!R15<1,"0",'Entries August''25'!R16-'Entries August''25'!R15) -> 0 | L16: =IF('Entries August''25'!T16-'Entries August''25'!T15<1,"0",'Entries August''25'!T16-'Entries August''25'!T15) -> 0 | M16: =IF('Entries August''25'!U16-'Entries August''25'!U15<1,"0",'Entries August''25'!U16-'Entries August''25'!U15) -> 0 | N16: =IF('Entries August''25'!X16-'Entries August''25'!X15<1,"0",'Entries August''25'!X16-'Entries August''25'!X15) -> 0 | O16: =IF('Entries August''25'!Y16-'Entries August''25'!Y15<1,"0",'Entries August''25'!Y16-'Entries August''25'!Y15) -> 0 | P16: =IF('Entries August''25'!AC16-'Entries August''25'!AC15<1,"0",'Entries August''25'!AC16-'Entries August''25'!AC15) -> 0 | Q16: =IF('Entries August''25'!Z16-'Entries August''25'!Z15<1,"0",'Entries August''25'!Z16-'Entries August''25'!Z15) -> 3 | R16: =IF(('Entries August''25'!AA16-'Entries August''25'!AA15)+('Entries August''25'!AB16-'Entries August''25'!AB15)<1,"0",('Entries August''25'!AA16-'Entries August''25'!AA15)+('Entries August''25'!AB16-'Entries August''25'!AB15)) -> 0 | S16: =(R16+G16)*10 -> -50 | T16: =O16+N16+M16+L16 -> 0 | U16: =IF('Entries August''25'!AC16-'Entries August''25'!AC15<1,"0",'Entries August''25'!AC16-'Entries August''25'!AC15) -> 0 | V16: =IF('Entries August''25'!AD16-'Entries August''25'!AD15<1,"0",'Entries August''25'!AD16-'Entries August''25'!AD15) -> 0 | W16: =IF('Entries August''25'!AE16-'Entries August''25'!AE15<1,"0",'Entries August''25'!AE16-'Entries August''25'!AE15) -> 0 | X16: =IF('Entries August''25'!AI16-'Entries August''25'!AI15<1,"0",'Entries August''25'!AI16-'Entries August''25'!AI15) -> 0 | Y16: =IF('Entries August''25'!AH16-'Entries August''25'!AH15<1,"0",'Entries August''25'!AH16-'Entries August''25'!AH15) -> 0 | Z16: =C16+D16+E16 -> 105 | AA16: 0 | AB16: =IF(AA16=0,"0",(Z16*10/AA16)) -> 0
B17: 11 | C17: =IF('Entries August''25'!W17-'Entries August''25'!W16<1,"0",'Entries August''25'!W17-'Entries August''25'!W16) -> 0 | D17: =IF('Entries August''25'!O17-'Entries August''25'!O16<1,"0",'Entries August''25'!O17-'Entries August''25'!O16) -> 0 | E17: =IF('Entries August''25'!P17-'Entries August''25'!P16<1,"0",'Entries August''25'!P17-'Entries August''25'!P16) -> 0 | F17: =IF('Entries August''25'!V17-'Entries August''25'!V16<1,"0",'Entries August''25'!V17-'Entries August''25'!V16) -> 0 | G17: =(D17+E17)-F17 -> 0 | H17: =IF('Entries August''25'!Q17-'Entries August''25'!Q16<1,0,'Entries August''25'!Q17-'Entries August''25'!Q16) -> 14 | I17: =IF('Entries August''25'!AG17-'Entries August''25'!AG16<1,0,'Entries August''25'!AG17-'Entries August''25'!AG16) -> 0 | J17: =IF('Entries August''25'!S17-'Entries August''25'!S16<1,"0",'Entries August''25'!S17-'Entries August''25'!S16) -> 0 | K17: =IF('Entries August''25'!R17-'Entries August''25'!R16<1,"0",'Entries August''25'!R17-'Entries August''25'!R16) -> 0 | L17: =IF('Entries August''25'!T17-'Entries August''25'!T16<1,"0",'Entries August''25'!T17-'Entries August''25'!T16) -> 0 | M17: =IF('Entries August''25'!U17-'Entries August''25'!U16<1,"0",'Entries August''25'!U17-'Entries August''25'!U16) -> 0 | N17: =IF('Entries August''25'!X17-'Entries August''25'!X16<1,"0",'Entries August''25'!X17-'Entries August''25'!X16) -> 0 | O17: =IF('Entries August''25'!Y17-'Entries August''25'!Y16<1,"0",'Entries August''25'!Y17-'Entries August''25'!Y16) -> 0 | P17: =IF('Entries August''25'!AC17-'Entries August''25'!AC16<1,"0",'Entries August''25'!AC17-'Entries August''25'!AC16) -> 0 | Q17: =IF('Entries August''25'!Z17-'Entries August''25'!Z16<1,"0",'Entries August''25'!Z17-'Entries August''25'!Z16) -> 0 | R17: =IF(('Entries August''25'!AA17-'Entries August''25'!AA16)+('Entries August''25'!AB17-'Entries August''25'!AB16)<1,"0",('Entries August''25'!AA17-'Entries August''25'!AA16)+('Entries August''25'!AB17-'Entries August''25'!AB16)) -> 0 | S17: =(R17+G17)*10 -> 0 | T17: =O17+N17+M17+L17 -> 0 | U17: =IF('Entries August''25'!AC17-'Entries August''25'!AC16<1,"0",'Entries August''25'!AC17-'Entries August''25'!AC16) -> 0 | V17: =IF('Entries August''25'!AD17-'Entries August''25'!AD16<1,"0",'Entries August''25'!AD17-'Entries August''25'!AD16) -> 0 | W17: =IF('Entries August''25'!AE17-'Entries August''25'!AE16<1,"0",'Entries August''25'!AE17-'Entries August''25'!AE16) -> 0 | X17: =IF('Entries August''25'!AI17-'Entries August''25'!AI16<1,"0",'Entries August''25'!AI17-'Entries August''25'!AI16) -> 0 | Y17: =IF('Entries August''25'!AH17-'Entries August''25'!AH16<1,"0",'Entries August''25'!AH17-'Entries August''25'!AH16) -> 0 | Z17: =C17+D17+E17 -> 0 | AA17: 0 | AB17: =IF(AA17=0,"0",(Z17*10/AA17)) -> 0
B18: 12 | C18: =IF('Entries August''25'!W18-'Entries August''25'!W17<1,"0",'Entries August''25'!W18-'Entries August''25'!W17) -> 0 | D18: =IF('Entries August''25'!O18-'Entries August''25'!O17<1,"0",'Entries August''25'!O18-'Entries August''25'!O17) -> 0 | E18: =IF('Entries August''25'!P18-'Entries August''25'!P17<1,"0",'Entries August''25'!P18-'Entries August''25'!P17) -> 0 | F18: =IF('Entries August''25'!V18-'Entries August''25'!V17<1,"0",'Entries August''25'!V18-'Entries August''25'!V17) -> 0 | G18: =(D18+E18)-F18 -> 0 | H18: =IF('Entries August''25'!Q18-'Entries August''25'!Q17<1,0,'Entries August''25'!Q18-'Entries August''25'!Q17) -> 12 | I18: =IF('Entries August''25'!AG18-'Entries August''25'!AG17<1,0,'Entries August''25'!AG18-'Entries August''25'!AG17) -> 0 | J18: =IF('Entries August''25'!S18-'Entries August''25'!S17<1,"0",'Entries August''25'!S18-'Entries August''25'!S17) -> 4 | K18: =IF('Entries August''25'!R18-'Entries August''25'!R17<1,"0",'Entries August''25'!R18-'Entries August''25'!R17) -> 0 | L18: =IF('Entries August''25'!T18-'Entries August''25'!T17<1,"0",'Entries August''25'!T18-'Entries August''25'!T17) -> 0 | M18: =IF('Entries August''25'!U18-'Entries August''25'!U17<1,"0",'Entries August''25'!U18-'Entries August''25'!U17) -> 0 | N18: =IF('Entries August''25'!X18-'Entries August''25'!X17<1,"0",'Entries August''25'!X18-'Entries August''25'!X17) -> 0 | O18: =IF('Entries August''25'!Y18-'Entries August''25'!Y17<1,"0",'Entries August''25'!Y18-'Entries August''25'!Y17) -> 29 | P18: =IF('Entries August''25'!AC18-'Entries August''25'!AC17<1,"0",'Entries August''25'!AC18-'Entries August''25'!AC17) -> 0 | Q18: =IF('Entries August''25'!Z18-'Entries August''25'!Z17<1,"0",'Entries August''25'!Z18-'Entries August''25'!Z17) -> 7 | R18: =IF(('Entries August''25'!AA18-'Entries August''25'!AA17)+('Entries August''25'!AB18-'Entries August''25'!AB17)<1,"0",('Entries August''25'!AA18-'Entries August''25'!AA17)+('Entries August''25'!AB18-'Entries August''25'!AB17)) -> 0 | S18: =(R18+G18)*10 -> 0 | T18: =O18+N18+M18+L18 -> 29 | U18: =IF('Entries August''25'!AC18-'Entries August''25'!AC17<1,"0",'Entries August''25'!AC18-'Entries August''25'!AC17) -> 0 | V18: =IF('Entries August''25'!AD18-'Entries August''25'!AD17<1,"0",'Entries August''25'!AD18-'Entries August''25'!AD17) -> 0 | W18: =IF('Entries August''25'!AE18-'Entries August''25'!AE17<1,"0",'Entries August''25'!AE18-'Entries August''25'!AE17) -> 0 | X18: =IF('Entries August''25'!AI18-'Entries August''25'!AI17<1,"0",'Entries August''25'!AI18-'Entries August''25'!AI17) -> 0 | Y18: =IF('Entries August''25'!AH18-'Entries August''25'!AH17<1,"0",'Entries August''25'!AH18-'Entries August''25'!AH17) -> 0 | Z18: =C18+D18+E18 -> 0 | AA18: 0 | AB18: =IF(AA18=0,"0",(Z18*10/AA18)) -> 0
B19: 13 | C19: =IF('Entries August''25'!W19-'Entries August''25'!W18<1,"0",'Entries August''25'!W19-'Entries August''25'!W18) -> 0 | D19: =IF('Entries August''25'!O19-'Entries August''25'!O18<1,"0",'Entries August''25'!O19-'Entries August''25'!O18) -> 199 | E19: =IF('Entries August''25'!P19-'Entries August''25'!P18<1,"0",'Entries August''25'!P19-'Entries August''25'!P18) -> 140 | F19: =IF('Entries August''25'!V19-'Entries August''25'!V18<1,"0",'Entries August''25'!V19-'Entries August''25'!V18) -> 146 | G19: =(D19+E19)-F19 -> 193 | H19: =IF('Entries August''25'!Q19-'Entries August''25'!Q18<1,0,'Entries August''25'!Q19-'Entries August''25'!Q18) -> 216 | I19: =IF('Entries August''25'!AG19-'Entries August''25'!AG18<1,0,'Entries August''25'!AG19-'Entries August''25'!AG18) -> 0 | J19: =IF('Entries August''25'!S19-'Entries August''25'!S18<1,"0",'Entries August''25'!S19-'Entries August''25'!S18) -> 116 | K19: =IF('Entries August''25'!R19-'Entries August''25'!R18<1,"0",'Entries August''25'!R19-'Entries August''25'!R18) -> 0 | L19: =IF('Entries August''25'!T19-'Entries August''25'!T18<1,"0",'Entries August''25'!T19-'Entries August''25'!T18) -> 0 | M19: =IF('Entries August''25'!U19-'Entries August''25'!U18<1,"0",'Entries August''25'!U19-'Entries August''25'!U18) -> 6 | N19: =IF('Entries August''25'!X19-'Entries August''25'!X18<1,"0",'Entries August''25'!X19-'Entries August''25'!X18) -> 68 | O19: =IF('Entries August''25'!Y19-'Entries August''25'!Y18<1,"0",'Entries August''25'!Y19-'Entries August''25'!Y18) -> 63 | P19: =IF('Entries August''25'!AC19-'Entries August''25'!AC18<1,"0",'Entries August''25'!AC19-'Entries August''25'!AC18) -> 45 | Q19: =IF('Entries August''25'!Z19-'Entries August''25'!Z18<1,"0",'Entries August''25'!Z19-'Entries August''25'!Z18) -> 23 | R19: =IF(('Entries August''25'!AA19-'Entries August''25'!AA18)+('Entries August''25'!AB19-'Entries August''25'!AB18)<1,"0",('Entries August''25'!AA19-'Entries August''25'!AA18)+('Entries August''25'!AB19-'Entries August''25'!AB18)) -> 0 | S19: =(R19+G19)*10 -> 1930 | T19: =O19+N19+M19+L19 -> 137 | U19: =IF('Entries August''25'!AC19-'Entries August''25'!AC18<1,"0",'Entries August''25'!AC19-'Entries August''25'!AC18) -> 45 | V19: =IF('Entries August''25'!AD19-'Entries August''25'!AD18<1,"0",'Entries August''25'!AD19-'Entries August''25'!AD18) -> 10 | W19: =IF('Entries August''25'!AE19-'Entries August''25'!AE18<1,"0",'Entries August''25'!AE19-'Entries August''25'!AE18) -> 0 | X19: =IF('Entries August''25'!AI19-'Entries August''25'!AI18<1,"0",'Entries August''25'!AI19-'Entries August''25'!AI18) -> 0 | Y19: =IF('Entries August''25'!AH19-'Entries August''25'!AH18<1,"0",'Entries August''25'!AH19-'Entries August''25'!AH18) -> 0 | Z19: =C19+D19+E19 -> 339 | AA19: 293.37 | AB19: =IF(AA19=0,"0",(Z19*10/AA19)) -> 11.555374
B20: 14 | C20: =IF('Entries August''25'!W20-'Entries August''25'!W19<1,"0",'Entries August''25'!W20-'Entries August''25'!W19) -> 0 | D20: =IF('Entries August''25'!O20-'Entries August''25'!O19<1,"0",'Entries August''25'!O20-'Entries August''25'!O19) -> 219 | E20: =IF('Entries August''25'!P20-'Entries August''25'!P19<1,"0",'Entries August''25'!P20-'Entries August''25'!P19) -> 230 | F20: =IF('Entries August''25'!V20-'Entries August''25'!V19<1,"0",'Entries August''25'!V20-'Entries August''25'!V19) -> 248 | G20: =(D20+E20)-F20 -> 201 | H20: =IF('Entries August''25'!Q20-'Entries August''25'!Q19<1,0,'Entries August''25'!Q20-'Entries August''25'!Q19) -> 203 | I20: =IF('Entries August''25'!AG20-'Entries August''25'!AG19<1,0,'Entries August''25'!AG20-'Entries August''25'!AG19) -> 0 | J20: =IF('Entries August''25'!S20-'Entries August''25'!S19<1,"0",'Entries August''25'!S20-'Entries August''25'!S19) -> 228 | K20: =IF('Entries August''25'!R20-'Entries August''25'!R19<1,"0",'Entries August''25'!R20-'Entries August''25'!R19) -> 0 | L20: =IF('Entries August''25'!T20-'Entries August''25'!T19<1,"0",'Entries August''25'!T20-'Entries August''25'!T19) -> 0 | M20: =IF('Entries August''25'!U20-'Entries August''25'!U19<1,"0",'Entries August''25'!U20-'Entries August''25'!U19) -> 0 | N20: =IF('Entries August''25'!X20-'Entries August''25'!X19<1,"0",'Entries August''25'!X20-'Entries August''25'!X19) -> 36 | O20: =IF('Entries August''25'!Y20-'Entries August''25'!Y19<1,"0",'Entries August''25'!Y20-'Entries August''25'!Y19) -> 84 | P20: =IF('Entries August''25'!AC20-'Entries August''25'!AC19<1,"0",'Entries August''25'!AC20-'Entries August''25'!AC19) -> 26 | Q20: =IF('Entries August''25'!Z20-'Entries August''25'!Z19<1,"0",'Entries August''25'!Z20-'Entries August''25'!Z19) -> 28 | R20: =IF(('Entries August''25'!AA20-'Entries August''25'!AA19)+('Entries August''25'!AB20-'Entries August''25'!AB19)<1,"0",('Entries August''25'!AA20-'Entries August''25'!AA19)+('Entries August''25'!AB20-'Entries August''25'!AB19)) -> 0 | S20: =(R20+G20)*10 -> 2010 | T20: =O20+N20+M20+L20 -> 120 | U20: =IF('Entries August''25'!AC20-'Entries August''25'!AC19<1,"0",'Entries August''25'!AC20-'Entries August''25'!AC19) -> 26 | V20: =IF('Entries August''25'!AD20-'Entries August''25'!AD19<1,"0",'Entries August''25'!AD20-'Entries August''25'!AD19) -> 58 | W20: =IF('Entries August''25'!AE20-'Entries August''25'!AE19<1,"0",'Entries August''25'!AE20-'Entries August''25'!AE19) -> 0 | X20: =IF('Entries August''25'!AI20-'Entries August''25'!AI19<1,"0",'Entries August''25'!AI20-'Entries August''25'!AI19) -> 0 | Y20: =IF('Entries August''25'!AH20-'Entries August''25'!AH19<1,"0",'Entries August''25'!AH20-'Entries August''25'!AH19) -> 0 | Z20: =C20+D20+E20 -> 449 | AA20: 459.162 | AB20: =IF(AA20=0,"0",(Z20*10/AA20)) -> 9.7786838
B21: 15 | C21: =IF('Entries August''25'!W21-'Entries August''25'!W20<1,"0",'Entries August''25'!W21-'Entries August''25'!W20) -> 0 | D21: =IF('Entries August''25'!O21-'Entries August''25'!O20<1,"0",'Entries August''25'!O21-'Entries August''25'!O20) -> 265 | E21: =IF('Entries August''25'!P21-'Entries August''25'!P20<1,"0",'Entries August''25'!P21-'Entries August''25'!P20) -> 254 | F21: =IF('Entries August''25'!V21-'Entries August''25'!V20<1,"0",'Entries August''25'!V21-'Entries August''25'!V20) -> 259 | G21: =(D21+E21)-F21 -> 260 | H21: =IF('Entries August''25'!Q21-'Entries August''25'!Q20<1,0,'Entries August''25'!Q21-'Entries August''25'!Q20) -> 232 | I21: =IF('Entries August''25'!AG21-'Entries August''25'!AG20<1,0,'Entries August''25'!AG21-'Entries August''25'!AG20) -> 0 | J21: =IF('Entries August''25'!S21-'Entries August''25'!S20<1,"0",'Entries August''25'!S21-'Entries August''25'!S20) -> 182 | K21: =IF('Entries August''25'!R21-'Entries August''25'!R20<1,"0",'Entries August''25'!R21-'Entries August''25'!R20) -> 0 | L21: =IF('Entries August''25'!T21-'Entries August''25'!T20<1,"0",'Entries August''25'!T21-'Entries August''25'!T20) -> 0 | M21: =IF('Entries August''25'!U21-'Entries August''25'!U20<1,"0",'Entries August''25'!U21-'Entries August''25'!U20) -> 0 | N21: =IF('Entries August''25'!X21-'Entries August''25'!X20<1,"0",'Entries August''25'!X21-'Entries August''25'!X20) -> 53 | O21: =IF('Entries August''25'!Y21-'Entries August''25'!Y20<1,"0",'Entries August''25'!Y21-'Entries August''25'!Y20) -> 96 | P21: =IF('Entries August''25'!AC21-'Entries August''25'!AC20<1,"0",'Entries August''25'!AC21-'Entries August''25'!AC20) -> 27 | Q21: =IF('Entries August''25'!Z21-'Entries August''25'!Z20<1,"0",'Entries August''25'!Z21-'Entries August''25'!Z20) -> 28 | R21: =IF(('Entries August''25'!AA21-'Entries August''25'!AA20)+('Entries August''25'!AB21-'Entries August''25'!AB20)<1,"0",('Entries August''25'!AA21-'Entries August''25'!AA20)+('Entries August''25'!AB21-'Entries August''25'!AB20)) -> 0 | S21: =(R21+G21)*10 -> 2600 | T21: =O21+N21+M21+L21 -> 149 | U21: =IF('Entries August''25'!AC21-'Entries August''25'!AC20<1,"0",'Entries August''25'!AC21-'Entries August''25'!AC20) -> 27 | V21: =IF('Entries August''25'!AD21-'Entries August''25'!AD20<1,"0",'Entries August''25'!AD21-'Entries August''25'!AD20) -> 20 | W21: =IF('Entries August''25'!AE21-'Entries August''25'!AE20<1,"0",'Entries August''25'!AE21-'Entries August''25'!AE20) -> 0 | X21: =IF('Entries August''25'!AI21-'Entries August''25'!AI20<1,"0",'Entries August''25'!AI21-'Entries August''25'!AI20) -> 0 | Y21: =IF('Entries August''25'!AH21-'Entries August''25'!AH20<1,"0",'Entries August''25'!AH21-'Entries August''25'!AH20) -> 0 | Z21: =C21+D21+E21 -> 519 | AA21: 582.978 | AB21: =IF(AA21=0,"0",(Z21*10/AA21)) -> 8.9025658
B22: 16 | C22: =IF('Entries August''25'!W22-'Entries August''25'!W21<1,"0",'Entries August''25'!W22-'Entries August''25'!W21) -> 0 | D22: =IF('Entries August''25'!O22-'Entries August''25'!O21<1,"0",'Entries August''25'!O22-'Entries August''25'!O21) -> 20 | E22: =IF('Entries August''25'!P22-'Entries August''25'!P21<1,"0",'Entries August''25'!P22-'Entries August''25'!P21) -> 108 | F22: =IF('Entries August''25'!V22-'Entries August''25'!V21<1,"0",'Entries August''25'!V22-'Entries August''25'!V21) -> 114 | G22: =(D22+E22)-F22 -> 14 | H22: =IF('Entries August''25'!Q22-'Entries August''25'!Q21<1,0,'Entries August''25'!Q22-'Entries August''25'!Q21) -> 54 | I22: =IF('Entries August''25'!AG22-'Entries August''25'!AG21<1,0,'Entries August''25'!AG22-'Entries August''25'!AG21) -> 0 | J22: =IF('Entries August''25'!S22-'Entries August''25'!S21<1,"0",'Entries August''25'!S22-'Entries August''25'!S21) -> 138 | K22: =IF('Entries August''25'!R22-'Entries August''25'!R21<1,"0",'Entries August''25'!R22-'Entries August''25'!R21) -> 0 | L22: =IF('Entries August''25'!T22-'Entries August''25'!T21<1,"0",'Entries August''25'!T22-'Entries August''25'!T21) -> 0 | M22: =IF('Entries August''25'!U22-'Entries August''25'!U21<1,"0",'Entries August''25'!U22-'Entries August''25'!U21) -> 0 | N22: =IF('Entries August''25'!X22-'Entries August''25'!X21<1,"0",'Entries August''25'!X22-'Entries August''25'!X21) -> 0 | O22: =IF('Entries August''25'!Y22-'Entries August''25'!Y21<1,"0",'Entries August''25'!Y22-'Entries August''25'!Y21) -> 5 | P22: =IF('Entries August''25'!AC22-'Entries August''25'!AC21<1,"0",'Entries August''25'!AC22-'Entries August''25'!AC21) -> 0 | Q22: =IF('Entries August''25'!Z22-'Entries August''25'!Z21<1,"0",'Entries August''25'!Z22-'Entries August''25'!Z21) -> 7 | R22: =IF(('Entries August''25'!AA22-'Entries August''25'!AA21)+('Entries August''25'!AB22-'Entries August''25'!AB21)<1,"0",('Entries August''25'!AA22-'Entries August''25'!AA21)+('Entries August''25'!AB22-'Entries August''25'!AB21)) -> 0 | S22: =(R22+G22)*10 -> 140 | T22: =O22+N22+M22+L22 -> 5 | U22: =IF('Entries August''25'!AC22-'Entries August''25'!AC21<1,"0",'Entries August''25'!AC22-'Entries August''25'!AC21) -> 0 | V22: =IF('Entries August''25'!AD22-'Entries August''25'!AD21<1,"0",'Entries August''25'!AD22-'Entries August''25'!AD21) -> 0 | W22: =IF('Entries August''25'!AE22-'Entries August''25'!AE21<1,"0",'Entries August''25'!AE22-'Entries August''25'!AE21) -> 0 | X22: =IF('Entries August''25'!AI22-'Entries August''25'!AI21<1,"0",'Entries August''25'!AI22-'Entries August''25'!AI21) -> 0 | Y22: =IF('Entries August''25'!AH22-'Entries August''25'!AH21<1,"0",'Entries August''25'!AH22-'Entries August''25'!AH21) -> 0 | Z22: =C22+D22+E22 -> 128 | AA22: 0 | AB22: =IF(AA22=0,"0",(Z22*10/AA22)) -> 0
B23: 17 | C23: =IF('Entries August''25'!W23-'Entries August''25'!W22<1,"0",'Entries August''25'!W23-'Entries August''25'!W22) -> 0 | D23: =IF('Entries August''25'!O23-'Entries August''25'!O22<1,"0",'Entries August''25'!O23-'Entries August''25'!O22) -> 64 | E23: =IF('Entries August''25'!P23-'Entries August''25'!P22<1,"0",'Entries August''25'!P23-'Entries August''25'!P22) -> 48 | F23: =IF('Entries August''25'!V23-'Entries August''25'!V22<1,"0",'Entries August''25'!V23-'Entries August''25'!V22) -> 57 | G23: =(D23+E23)-F23 -> 55 | H23: =IF('Entries August''25'!Q23-'Entries August''25'!Q22<1,0,'Entries August''25'!Q23-'Entries August''25'!Q22) -> 93 | I23: =IF('Entries August''25'!AG23-'Entries August''25'!AG22<1,0,'Entries August''25'!AG23-'Entries August''25'!AG22) -> 0 | J23: =IF('Entries August''25'!S23-'Entries August''25'!S22<1,"0",'Entries August''25'!S23-'Entries August''25'!S22) -> 0 | K23: =IF('Entries August''25'!R23-'Entries August''25'!R22<1,"0",'Entries August''25'!R23-'Entries August''25'!R22) -> 0 | L23: =IF('Entries August''25'!T23-'Entries August''25'!T22<1,"0",'Entries August''25'!T23-'Entries August''25'!T22) -> 0 | M23: =IF('Entries August''25'!U23-'Entries August''25'!U22<1,"0",'Entries August''25'!U23-'Entries August''25'!U22) -> 0 | N23: =IF('Entries August''25'!X23-'Entries August''25'!X22<1,"0",'Entries August''25'!X23-'Entries August''25'!X22) -> 0 | O23: =IF('Entries August''25'!Y23-'Entries August''25'!Y22<1,"0",'Entries August''25'!Y23-'Entries August''25'!Y22) -> 0 | P23: =IF('Entries August''25'!AC23-'Entries August''25'!AC22<1,"0",'Entries August''25'!AC23-'Entries August''25'!AC22) -> 0 | Q23: =IF('Entries August''25'!Z23-'Entries August''25'!Z22<1,"0",'Entries August''25'!Z23-'Entries August''25'!Z22) -> 4 | R23: =IF(('Entries August''25'!AA23-'Entries August''25'!AA22)+('Entries August''25'!AB23-'Entries August''25'!AB22)<1,"0",('Entries August''25'!AA23-'Entries August''25'!AA22)+('Entries August''25'!AB23-'Entries August''25'!AB22)) -> 0 | S23: =(R23+G23)*10 -> 550 | T23: =O23+N23+M23+L23 -> 0 | U23: =IF('Entries August''25'!AC23-'Entries August''25'!AC22<1,"0",'Entries August''25'!AC23-'Entries August''25'!AC22) -> 0 | V23: =IF('Entries August''25'!AD23-'Entries August''25'!AD22<1,"0",'Entries August''25'!AD23-'Entries August''25'!AD22) -> 0 | W23: =IF('Entries August''25'!AE23-'Entries August''25'!AE22<1,"0",'Entries August''25'!AE23-'Entries August''25'!AE22) -> 0 | X23: =IF('Entries August''25'!AI23-'Entries August''25'!AI22<1,"0",'Entries August''25'!AI23-'Entries August''25'!AI22) -> 0 | Y23: =IF('Entries August''25'!AH23-'Entries August''25'!AH22<1,"0",'Entries August''25'!AH23-'Entries August''25'!AH22) -> 0 | Z23: =C23+D23+E23 -> 112 | AA23: 0 | AB23: =IF(AA23=0,"0",(Z23*10/AA23)) -> 0
B24: 18 | C24: =IF('Entries August''25'!W24-'Entries August''25'!W23<1,"0",'Entries August''25'!W24-'Entries August''25'!W23) -> 0 | D24: =IF('Entries August''25'!O24-'Entries August''25'!O23<1,"0",'Entries August''25'!O24-'Entries August''25'!O23) -> 174 | E24: =IF('Entries August''25'!P24-'Entries August''25'!P23<1,"0",'Entries August''25'!P24-'Entries August''25'!P23) -> 194 | F24: =IF('Entries August''25'!V24-'Entries August''25'!V23<1,"0",'Entries August''25'!V24-'Entries August''25'!V23) -> 224 | G24: =(D24+E24)-F24 -> 144 | H24: =IF('Entries August''25'!Q24-'Entries August''25'!Q23<1,0,'Entries August''25'!Q24-'Entries August''25'!Q23) -> 236 | I24: =IF('Entries August''25'!AG24-'Entries August''25'!AG23<1,0,'Entries August''25'!AG24-'Entries August''25'!AG23) -> 0 | J24: =IF('Entries August''25'!S24-'Entries August''25'!S23<1,"0",'Entries August''25'!S24-'Entries August''25'!S23) -> 156 | K24: =IF('Entries August''25'!R24-'Entries August''25'!R23<1,"0",'Entries August''25'!R24-'Entries August''25'!R23) -> 0 | L24: =IF('Entries August''25'!T24-'Entries August''25'!T23<1,"0",'Entries August''25'!T24-'Entries August''25'!T23) -> 0 | M24: =IF('Entries August''25'!U24-'Entries August''25'!U23<1,"0",'Entries August''25'!U24-'Entries August''25'!U23) -> 6 | N24: =IF('Entries August''25'!X24-'Entries August''25'!X23<1,"0",'Entries August''25'!X24-'Entries August''25'!X23) -> 53 | O24: =IF('Entries August''25'!Y24-'Entries August''25'!Y23<1,"0",'Entries August''25'!Y24-'Entries August''25'!Y23) -> 173 | P24: =IF('Entries August''25'!AC24-'Entries August''25'!AC23<1,"0",'Entries August''25'!AC24-'Entries August''25'!AC23) -> 26 | Q24: =IF('Entries August''25'!Z24-'Entries August''25'!Z23<1,"0",'Entries August''25'!Z24-'Entries August''25'!Z23) -> 29 | R24: =IF(('Entries August''25'!AA24-'Entries August''25'!AA23)+('Entries August''25'!AB24-'Entries August''25'!AB23)<1,"0",('Entries August''25'!AA24-'Entries August''25'!AA23)+('Entries August''25'!AB24-'Entries August''25'!AB23)) -> 0 | S24: =(R24+G24)*10 -> 1440 | T24: =O24+N24+M24+L24 -> 232 | U24: =IF('Entries August''25'!AC24-'Entries August''25'!AC23<1,"0",'Entries August''25'!AC24-'Entries August''25'!AC23) -> 26 | V24: =IF('Entries August''25'!AD24-'Entries August''25'!AD23<1,"0",'Entries August''25'!AD24-'Entries August''25'!AD23) -> 8 | W24: =IF('Entries August''25'!AE24-'Entries August''25'!AE23<1,"0",'Entries August''25'!AE24-'Entries August''25'!AE23) -> 0 | X24: =IF('Entries August''25'!AI24-'Entries August''25'!AI23<1,"0",'Entries August''25'!AI24-'Entries August''25'!AI23) -> 0 | Y24: =IF('Entries August''25'!AH24-'Entries August''25'!AH23<1,"0",'Entries August''25'!AH24-'Entries August''25'!AH23) -> 0 | Z24: =C24+D24+E24 -> 368 | AA24: 369.534 | AB24: =IF(AA24=0,"0",(Z24*10/AA24)) -> 9.9584883
B25: 19 | C25: =IF('Entries August''25'!W25-'Entries August''25'!W24<1,"0",'Entries August''25'!W25-'Entries August''25'!W24) -> 0 | D25: =IF('Entries August''25'!O25-'Entries August''25'!O24<1,"0",'Entries August''25'!O25-'Entries August''25'!O24) -> 125 | E25: =IF('Entries August''25'!P25-'Entries August''25'!P24<1,"0",'Entries August''25'!P25-'Entries August''25'!P24) -> 232 | F25: =IF('Entries August''25'!V25-'Entries August''25'!V24<1,"0",'Entries August''25'!V25-'Entries August''25'!V24) -> 216 | G25: =(D25+E25)-F25 -> 141 | H25: =IF('Entries August''25'!Q25-'Entries August''25'!Q24<1,0,'Entries August''25'!Q25-'Entries August''25'!Q24) -> 169 | I25: =IF('Entries August''25'!AG25-'Entries August''25'!AG24<1,0,'Entries August''25'!AG25-'Entries August''25'!AG24) -> 0 | J25: =IF('Entries August''25'!S25-'Entries August''25'!S24<1,"0",'Entries August''25'!S25-'Entries August''25'!S24) -> 222 | K25: =IF('Entries August''25'!R25-'Entries August''25'!R24<1,"0",'Entries August''25'!R25-'Entries August''25'!R24) -> 0 | L25: =IF('Entries August''25'!T25-'Entries August''25'!T24<1,"0",'Entries August''25'!T25-'Entries August''25'!T24) -> 0 | M25: =IF('Entries August''25'!U25-'Entries August''25'!U24<1,"0",'Entries August''25'!U25-'Entries August''25'!U24) -> 0 | N25: =IF('Entries August''25'!X25-'Entries August''25'!X24<1,"0",'Entries August''25'!X25-'Entries August''25'!X24) -> 52 | O25: =IF('Entries August''25'!Y25-'Entries August''25'!Y24<1,"0",'Entries August''25'!Y25-'Entries August''25'!Y24) -> 51 | P25: =IF('Entries August''25'!AC25-'Entries August''25'!AC24<1,"0",'Entries August''25'!AC25-'Entries August''25'!AC24) -> 18 | Q25: =IF('Entries August''25'!Z25-'Entries August''25'!Z24<1,"0",'Entries August''25'!Z25-'Entries August''25'!Z24) -> 26 | R25: =IF(('Entries August''25'!AA25-'Entries August''25'!AA24)+('Entries August''25'!AB25-'Entries August''25'!AB24)<1,"0",('Entries August''25'!AA25-'Entries August''25'!AA24)+('Entries August''25'!AB25-'Entries August''25'!AB24)) -> 0 | S25: =(R25+G25)*10 -> 1410 | T25: =O25+N25+M25+L25 -> 103 | U25: =IF('Entries August''25'!AC25-'Entries August''25'!AC24<1,"0",'Entries August''25'!AC25-'Entries August''25'!AC24) -> 18 | V25: =IF('Entries August''25'!AD25-'Entries August''25'!AD24<1,"0",'Entries August''25'!AD25-'Entries August''25'!AD24) -> 73 | W25: =IF('Entries August''25'!AE25-'Entries August''25'!AE24<1,"0",'Entries August''25'!AE25-'Entries August''25'!AE24) -> 0 | X25: =IF('Entries August''25'!AI25-'Entries August''25'!AI24<1,"0",'Entries August''25'!AI25-'Entries August''25'!AI24) -> 0 | Y25: =IF('Entries August''25'!AH25-'Entries August''25'!AH24<1,"0",'Entries August''25'!AH25-'Entries August''25'!AH24) -> 0 | Z25: =C25+D25+E25 -> 357 | AA25: 204.798 | AB25: =IF(AA25=0,"0",(Z25*10/AA25)) -> 17.431811
B26: 20 | C26: =IF('Entries August''25'!W26-'Entries August''25'!W25<1,"0",'Entries August''25'!W26-'Entries August''25'!W25) -> 0 | D26: =IF('Entries August''25'!O26-'Entries August''25'!O25<1,"0",'Entries August''25'!O26-'Entries August''25'!O25) -> 391 | E26: =IF('Entries August''25'!P26-'Entries August''25'!P25<1,"0",'Entries August''25'!P26-'Entries August''25'!P25) -> 47 | F26: =IF('Entries August''25'!V26-'Entries August''25'!V25<1,"0",'Entries August''25'!V26-'Entries August''25'!V25) -> 49 | G26: =(D26+E26)-F26 -> 389 | H26: =IF('Entries August''25'!Q26-'Entries August''25'!Q25<1,0,'Entries August''25'!Q26-'Entries August''25'!Q25) -> 285 | I26: =IF('Entries August''25'!AG26-'Entries August''25'!AG25<1,0,'Entries August''25'!AG26-'Entries August''25'!AG25) -> 0 | J26: =IF('Entries August''25'!S26-'Entries August''25'!S25<1,"0",'Entries August''25'!S26-'Entries August''25'!S25) -> 196 | K26: =IF('Entries August''25'!R26-'Entries August''25'!R25<1,"0",'Entries August''25'!R26-'Entries August''25'!R25) -> 0 | L26: =IF('Entries August''25'!T26-'Entries August''25'!T25<1,"0",'Entries August''25'!T26-'Entries August''25'!T25) -> 0 | M26: =IF('Entries August''25'!U26-'Entries August''25'!U25<1,"0",'Entries August''25'!U26-'Entries August''25'!U25) -> 0 | N26: =IF('Entries August''25'!X26-'Entries August''25'!X25<1,"0",'Entries August''25'!X26-'Entries August''25'!X25) -> 65 | O26: =IF('Entries August''25'!Y26-'Entries August''25'!Y25<1,"0",'Entries August''25'!Y26-'Entries August''25'!Y25) -> 136 | P26: =IF('Entries August''25'!AC26-'Entries August''25'!AC25<1,"0",'Entries August''25'!AC26-'Entries August''25'!AC25) -> 26 | Q26: =IF('Entries August''25'!Z26-'Entries August''25'!Z25<1,"0",'Entries August''25'!Z26-'Entries August''25'!Z25) -> 32 | R26: =IF(('Entries August''25'!AA26-'Entries August''25'!AA25)+('Entries August''25'!AB26-'Entries August''25'!AB25)<1,"0",('Entries August''25'!AA26-'Entries August''25'!AA25)+('Entries August''25'!AB26-'Entries August''25'!AB25)) -> 0 | S26: =(R26+G26)*10 -> 3890 | T26: =O26+N26+M26+L26 -> 201 | U26: =IF('Entries August''25'!AC26-'Entries August''25'!AC25<1,"0",'Entries August''25'!AC26-'Entries August''25'!AC25) -> 26 | V26: =IF('Entries August''25'!AD26-'Entries August''25'!AD25<1,"0",'Entries August''25'!AD26-'Entries August''25'!AD25) -> 1 | W26: =IF('Entries August''25'!AE26-'Entries August''25'!AE25<1,"0",'Entries August''25'!AE26-'Entries August''25'!AE25) -> 0 | X26: =IF('Entries August''25'!AI26-'Entries August''25'!AI25<1,"0",'Entries August''25'!AI26-'Entries August''25'!AI25) -> 0 | Y26: =IF('Entries August''25'!AH26-'Entries August''25'!AH25<1,"0",'Entries August''25'!AH26-'Entries August''25'!AH25) -> 0 | Z26: =C26+D26+E26 -> 438 | AA26: 540.9804 | AB26: =IF(AA26=0,"0",(Z26*10/AA26)) -> 8.0964116
B27: 21 | C27: =IF('Entries August''25'!W27-'Entries August''25'!W26<1,"0",'Entries August''25'!W27-'Entries August''25'!W26) -> 0 | D27: =IF('Entries August''25'!O27-'Entries August''25'!O26<1,"0",'Entries August''25'!O27-'Entries August''25'!O26) -> 277 | E27: =IF('Entries August''25'!P27-'Entries August''25'!P26<1,"0",'Entries August''25'!P27-'Entries August''25'!P26) -> 275 | F27: =IF('Entries August''25'!V27-'Entries August''25'!V26<1,"0",'Entries August''25'!V27-'Entries August''25'!V26) -> 287 | G27: =(D27+E27)-F27 -> 265 | H27: =IF('Entries August''25'!Q27-'Entries August''25'!Q26<1,0,'Entries August''25'!Q27-'Entries August''25'!Q26) -> 341 | I27: =IF('Entries August''25'!AG27-'Entries August''25'!AG26<1,0,'Entries August''25'!AG27-'Entries August''25'!AG26) -> 0 | J27: =IF('Entries August''25'!S27-'Entries August''25'!S26<1,"0",'Entries August''25'!S27-'Entries August''25'!S26) -> 133 | K27: =IF('Entries August''25'!R27-'Entries August''25'!R26<1,"0",'Entries August''25'!R27-'Entries August''25'!R26) -> 0 | L27: =IF('Entries August''25'!T27-'Entries August''25'!T26<1,"0",'Entries August''25'!T27-'Entries August''25'!T26) -> 0 | M27: =IF('Entries August''25'!U27-'Entries August''25'!U26<1,"0",'Entries August''25'!U27-'Entries August''25'!U26) -> 0 | N27: =IF('Entries August''25'!X27-'Entries August''25'!X26<1,"0",'Entries August''25'!X27-'Entries August''25'!X26) -> 52 | O27: =IF('Entries August''25'!Y27-'Entries August''25'!Y26<1,"0",'Entries August''25'!Y27-'Entries August''25'!Y26) -> 191 | P27: =IF('Entries August''25'!AC27-'Entries August''25'!AC26<1,"0",'Entries August''25'!AC27-'Entries August''25'!AC26) -> 30 | Q27: =IF('Entries August''25'!Z27-'Entries August''25'!Z26<1,"0",'Entries August''25'!Z27-'Entries August''25'!Z26) -> 27 | R27: =IF(('Entries August''25'!AA27-'Entries August''25'!AA26)+('Entries August''25'!AB27-'Entries August''25'!AB26)<1,"0",('Entries August''25'!AA27-'Entries August''25'!AA26)+('Entries August''25'!AB27-'Entries August''25'!AB26)) -> 0 | S27: =(R27+G27)*10 -> 2650 | T27: =O27+N27+M27+L27 -> 243 | U27: =IF('Entries August''25'!AC27-'Entries August''25'!AC26<1,"0",'Entries August''25'!AC27-'Entries August''25'!AC26) -> 30 | V27: =IF('Entries August''25'!AD27-'Entries August''25'!AD26<1,"0",'Entries August''25'!AD27-'Entries August''25'!AD26) -> 0 | W27: =IF('Entries August''25'!AE27-'Entries August''25'!AE26<1,"0",'Entries August''25'!AE27-'Entries August''25'!AE26) -> 0 | X27: =IF('Entries August''25'!AI27-'Entries August''25'!AI26<1,"0",'Entries August''25'!AI27-'Entries August''25'!AI26) -> 0 | Y27: =IF('Entries August''25'!AH27-'Entries August''25'!AH26<1,"0",'Entries August''25'!AH27-'Entries August''25'!AH26) -> 0 | Z27: =C27+D27+E27 -> 552 | AA27: 609.51 | AB27: =IF(AA27=0,"0",(Z27*10/AA27)) -> 9.0564552
B28: 22 | C28: =IF('Entries August''25'!W28-'Entries August''25'!W27<1,"0",'Entries August''25'!W28-'Entries August''25'!W27) -> 0 | D28: =IF('Entries August''25'!O28-'Entries August''25'!O27<1,"0",'Entries August''25'!O28-'Entries August''25'!O27) -> 203 | E28: =IF('Entries August''25'!P28-'Entries August''25'!P27<1,"0",'Entries August''25'!P28-'Entries August''25'!P27) -> 103 | F28: =IF('Entries August''25'!V28-'Entries August''25'!V27<1,"0",'Entries August''25'!V28-'Entries August''25'!V27) -> 110 | G28: =(D28+E28)-F28 -> 196 | H28: =IF('Entries August''25'!Q28-'Entries August''25'!Q27<1,0,'Entries August''25'!Q28-'Entries August''25'!Q27) -> 180 | I28: =IF('Entries August''25'!AG28-'Entries August''25'!AG27<1,0,'Entries August''25'!AG28-'Entries August''25'!AG27) -> 0 | J28: =IF('Entries August''25'!S28-'Entries August''25'!S27<1,"0",'Entries August''25'!S28-'Entries August''25'!S27) -> 125 | K28: =IF('Entries August''25'!R28-'Entries August''25'!R27<1,"0",'Entries August''25'!R28-'Entries August''25'!R27) -> 0 | L28: =IF('Entries August''25'!T28-'Entries August''25'!T27<1,"0",'Entries August''25'!T28-'Entries August''25'!T27) -> 0 | M28: =IF('Entries August''25'!U28-'Entries August''25'!U27<1,"0",'Entries August''25'!U28-'Entries August''25'!U27) -> 0 | N28: =IF('Entries August''25'!X28-'Entries August''25'!X27<1,"0",'Entries August''25'!X28-'Entries August''25'!X27) -> 48 | O28: =IF('Entries August''25'!Y28-'Entries August''25'!Y27<1,"0",'Entries August''25'!Y28-'Entries August''25'!Y27) -> 67 | P28: =IF('Entries August''25'!AC28-'Entries August''25'!AC27<1,"0",'Entries August''25'!AC28-'Entries August''25'!AC27) -> 15 | Q28: =IF('Entries August''25'!Z28-'Entries August''25'!Z27<1,"0",'Entries August''25'!Z28-'Entries August''25'!Z27) -> 21 | R28: =IF(('Entries August''25'!AA28-'Entries August''25'!AA27)+('Entries August''25'!AB28-'Entries August''25'!AB27)<1,"0",('Entries August''25'!AA28-'Entries August''25'!AA27)+('Entries August''25'!AB28-'Entries August''25'!AB27)) -> 0 | S28: =(R28+G28)*10 -> 1960 | T28: =O28+N28+M28+L28 -> 115 | U28: =IF('Entries August''25'!AC28-'Entries August''25'!AC27<1,"0",'Entries August''25'!AC28-'Entries August''25'!AC27) -> 15 | V28: =IF('Entries August''25'!AD28-'Entries August''25'!AD27<1,"0",'Entries August''25'!AD28-'Entries August''25'!AD27) -> 0 | W28: =IF('Entries August''25'!AE28-'Entries August''25'!AE27<1,"0",'Entries August''25'!AE28-'Entries August''25'!AE27) -> 0 | X28: =IF('Entries August''25'!AI28-'Entries August''25'!AI27<1,"0",'Entries August''25'!AI28-'Entries August''25'!AI27) -> 0 | Y28: =IF('Entries August''25'!AH28-'Entries August''25'!AH27<1,"0",'Entries August''25'!AH28-'Entries August''25'!AH27) -> 0 | Z28: =C28+D28+E28 -> 306 | AA28: 218.526 | AB28: =IF(AA28=0,"0",(Z28*10/AA28)) -> 14.00291
B29: 23 | C29: =IF('Entries August''25'!W29-'Entries August''25'!W28<1,"0",'Entries August''25'!W29-'Entries August''25'!W28) -> 0 | D29: =IF('Entries August''25'!O29-'Entries August''25'!O28<1,"0",'Entries August''25'!O29-'Entries August''25'!O28) -> 0 | E29: =IF('Entries August''25'!P29-'Entries August''25'!P28<1,"0",'Entries August''25'!P29-'Entries August''25'!P28) -> 64 | F29: =IF('Entries August''25'!V29-'Entries August''25'!V28<1,"0",'Entries August''25'!V29-'Entries August''25'!V28) -> 66 | G29: =(D29+E29)-F29 -> -2 | H29: =IF('Entries August''25'!Q29-'Entries August''25'!Q28<1,0,'Entries August''25'!Q29-'Entries August''25'!Q28) -> 28 | I29: =IF('Entries August''25'!AG29-'Entries August''25'!AG28<1,0,'Entries August''25'!AG29-'Entries August''25'!AG28) -> 0 | J29: =IF('Entries August''25'!S29-'Entries August''25'!S28<1,"0",'Entries August''25'!S29-'Entries August''25'!S28) -> 77 | K29: =IF('Entries August''25'!R29-'Entries August''25'!R28<1,"0",'Entries August''25'!R29-'Entries August''25'!R28) -> 0 | L29: =IF('Entries August''25'!T29-'Entries August''25'!T28<1,"0",'Entries August''25'!T29-'Entries August''25'!T28) -> 0 | M29: =IF('Entries August''25'!U29-'Entries August''25'!U28<1,"0",'Entries August''25'!U29-'Entries August''25'!U28) -> 0 | N29: =IF('Entries August''25'!X29-'Entries August''25'!X28<1,"0",'Entries August''25'!X29-'Entries August''25'!X28) -> 0 | O29: =IF('Entries August''25'!Y29-'Entries August''25'!Y28<1,"0",'Entries August''25'!Y29-'Entries August''25'!Y28) -> 4 | P29: =IF('Entries August''25'!AC29-'Entries August''25'!AC28<1,"0",'Entries August''25'!AC29-'Entries August''25'!AC28) -> 5 | Q29: =IF('Entries August''25'!Z29-'Entries August''25'!Z28<1,"0",'Entries August''25'!Z29-'Entries August''25'!Z28) -> 3 | R29: =IF(('Entries August''25'!AA29-'Entries August''25'!AA28)+('Entries August''25'!AB29-'Entries August''25'!AB28)<1,"0",('Entries August''25'!AA29-'Entries August''25'!AA28)+('Entries August''25'!AB29-'Entries August''25'!AB28)) -> 0 | S29: =(R29+G29)*10 -> -20 | T29: =O29+N29+M29+L29 -> 4 | U29: =IF('Entries August''25'!AC29-'Entries August''25'!AC28<1,"0",'Entries August''25'!AC29-'Entries August''25'!AC28) -> 5 | V29: =IF('Entries August''25'!AD29-'Entries August''25'!AD28<1,"0",'Entries August''25'!AD29-'Entries August''25'!AD28) -> 0 | W29: =IF('Entries August''25'!AE29-'Entries August''25'!AE28<1,"0",'Entries August''25'!AE29-'Entries August''25'!AE28) -> 0 | X29: =IF('Entries August''25'!AI29-'Entries August''25'!AI28<1,"0",'Entries August''25'!AI29-'Entries August''25'!AI28) -> 0 | Y29: =IF('Entries August''25'!AH29-'Entries August''25'!AH28<1,"0",'Entries August''25'!AH29-'Entries August''25'!AH28) -> 0 | Z29: =C29+D29+E29 -> 64 | AA29: 0 | AB29: =IF(AA29=0,"0",(Z29*10/AA29)) -> 0
B30: 24 | C30: =IF('Entries August''25'!W30-'Entries August''25'!W29<1,"0",'Entries August''25'!W30-'Entries August''25'!W29) -> 0 | D30: =IF('Entries August''25'!O30-'Entries August''25'!O29<1,"0",'Entries August''25'!O30-'Entries August''25'!O29) -> 0 | E30: =IF('Entries August''25'!P30-'Entries August''25'!P29<1,"0",'Entries August''25'!P30-'Entries August''25'!P29) -> 0 | F30: =IF('Entries August''25'!V30-'Entries August''25'!V29<1,"0",'Entries August''25'!V30-'Entries August''25'!V29) -> 0 | G30: =(D30+E30)-F30 -> 0 | H30: =IF('Entries August''25'!Q30-'Entries August''25'!Q29<1,0,'Entries August''25'!Q30-'Entries August''25'!Q29) -> 45 | I30: =IF('Entries August''25'!AG30-'Entries August''25'!AG29<1,0,'Entries August''25'!AG30-'Entries August''25'!AG29) -> 0 | J30: =IF('Entries August''25'!S30-'Entries August''25'!S29<1,"0",'Entries August''25'!S30-'Entries August''25'!S29) -> 0 | K30: =IF('Entries August''25'!R30-'Entries August''25'!R29<1,"0",'Entries August''25'!R30-'Entries August''25'!R29) -> 0 | L30: =IF('Entries August''25'!T30-'Entries August''25'!T29<1,"0",'Entries August''25'!T30-'Entries August''25'!T29) -> 0 | M30: =IF('Entries August''25'!U30-'Entries August''25'!U29<1,"0",'Entries August''25'!U30-'Entries August''25'!U29) -> 0 | N30: =IF('Entries August''25'!X30-'Entries August''25'!X29<1,"0",'Entries August''25'!X30-'Entries August''25'!X29) -> 0 | O30: =IF('Entries August''25'!Y30-'Entries August''25'!Y29<1,"0",'Entries August''25'!Y30-'Entries August''25'!Y29) -> 0 | P30: =IF('Entries August''25'!AC30-'Entries August''25'!AC29<1,"0",'Entries August''25'!AC30-'Entries August''25'!AC29) -> 0 | Q30: =IF('Entries August''25'!Z30-'Entries August''25'!Z29<1,"0",'Entries August''25'!Z30-'Entries August''25'!Z29) -> 0 | R30: =IF(('Entries August''25'!AA30-'Entries August''25'!AA29)+('Entries August''25'!AB30-'Entries August''25'!AB29)<1,"0",('Entries August''25'!AA30-'Entries August''25'!AA29)+('Entries August''25'!AB30-'Entries August''25'!AB29)) -> 0 | S30: =(R30+G30)*10 -> 0 | T30: =O30+N30+M30+L30 -> 0 | U30: =IF('Entries August''25'!AC30-'Entries August''25'!AC29<1,"0",'Entries August''25'!AC30-'Entries August''25'!AC29) -> 0 | V30: =IF('Entries August''25'!AD30-'Entries August''25'!AD29<1,"0",'Entries August''25'!AD30-'Entries August''25'!AD29) -> 0 | W30: =IF('Entries August''25'!AE30-'Entries August''25'!AE29<1,"0",'Entries August''25'!AE30-'Entries August''25'!AE29) -> 0 | X30: =IF('Entries August''25'!AI30-'Entries August''25'!AI29<1,"0",'Entries August''25'!AI30-'Entries August''25'!AI29) -> 0 | Y30: =IF('Entries August''25'!AH30-'Entries August''25'!AH29<1,"0",'Entries August''25'!AH30-'Entries August''25'!AH29) -> 0 | Z30: =C30+D30+E30 -> 0 | AA30: 0 | AB30: =IF(AA30=0,"0",(Z30*10/AA30)) -> 0
B31: 25 | C31: =IF('Entries August''25'!W31-'Entries August''25'!W30<1,"0",'Entries August''25'!W31-'Entries August''25'!W30) -> 0 | D31: =IF('Entries August''25'!O31-'Entries August''25'!O30<1,"0",'Entries August''25'!O31-'Entries August''25'!O30) -> 121 | E31: =IF('Entries August''25'!P31-'Entries August''25'!P30<1,"0",'Entries August''25'!P31-'Entries August''25'!P30) -> 101 | F31: =IF('Entries August''25'!V31-'Entries August''25'!V30<1,"0",'Entries August''25'!V31-'Entries August''25'!V30) -> 105 | G31: =(D31+E31)-F31 -> 117 | H31: =IF('Entries August''25'!Q31-'Entries August''25'!Q30<1,0,'Entries August''25'!Q31-'Entries August''25'!Q30) -> 91 | I31: =IF('Entries August''25'!AG31-'Entries August''25'!AG30<1,0,'Entries August''25'!AG31-'Entries August''25'!AG30) -> 0 | J31: =IF('Entries August''25'!S31-'Entries August''25'!S30<1,"0",'Entries August''25'!S31-'Entries August''25'!S30) -> 163 | K31: =IF('Entries August''25'!R31-'Entries August''25'!R30<1,"0",'Entries August''25'!R31-'Entries August''25'!R30) -> 0 | L31: =IF('Entries August''25'!T31-'Entries August''25'!T30<1,"0",'Entries August''25'!T31-'Entries August''25'!T30) -> 0 | M31: =IF('Entries August''25'!U31-'Entries August''25'!U30<1,"0",'Entries August''25'!U31-'Entries August''25'!U30) -> 0 | N31: =IF('Entries August''25'!X31-'Entries August''25'!X30<1,"0",'Entries August''25'!X31-'Entries August''25'!X30) -> 64 | O31: =IF('Entries August''25'!Y31-'Entries August''25'!Y30<1,"0",'Entries August''25'!Y31-'Entries August''25'!Y30) -> 0 | P31: =IF('Entries August''25'!AC31-'Entries August''25'!AC30<1,"0",'Entries August''25'!AC31-'Entries August''25'!AC30) -> 0 | Q31: =IF('Entries August''25'!Z31-'Entries August''25'!Z30<1,"0",'Entries August''25'!Z31-'Entries August''25'!Z30) -> 0 | R31: =IF(('Entries August''25'!AA31-'Entries August''25'!AA30)+('Entries August''25'!AB31-'Entries August''25'!AB30)<1,"0",('Entries August''25'!AA31-'Entries August''25'!AA30)+('Entries August''25'!AB31-'Entries August''25'!AB30)) -> 0 | S31: =(R31+G31)*10 -> 1170 | T31: =O31+N31+M31+L31 -> 64 | U31: =IF('Entries August''25'!AC31-'Entries August''25'!AC30<1,"0",'Entries August''25'!AC31-'Entries August''25'!AC30) -> 0 | V31: =IF('Entries August''25'!AD31-'Entries August''25'!AD30<1,"0",'Entries August''25'!AD31-'Entries August''25'!AD30) -> 0 | W31: =IF('Entries August''25'!AE31-'Entries August''25'!AE30<1,"0",'Entries August''25'!AE31-'Entries August''25'!AE30) -> 0 | X31: =IF('Entries August''25'!AI31-'Entries August''25'!AI30<1,"0",'Entries August''25'!AI31-'Entries August''25'!AI30) -> 0 | Y31: =IF('Entries August''25'!AH31-'Entries August''25'!AH30<1,"0",'Entries August''25'!AH31-'Entries August''25'!AH30) -> 0 | Z31: =C31+D31+E31 -> 222 | AA31: 0 | AB31: =IF(AA31=0,"0",(Z31*10/AA31)) -> 0
B32: 26 | C32: =IF('Entries August''25'!W32-'Entries August''25'!W31<1,"0",'Entries August''25'!W32-'Entries August''25'!W31) -> 0 | D32: =IF('Entries August''25'!O32-'Entries August''25'!O31<1,"0",'Entries August''25'!O32-'Entries August''25'!O31) -> 12 | E32: =IF('Entries August''25'!P32-'Entries August''25'!P31<1,"0",'Entries August''25'!P32-'Entries August''25'!P31) -> 148 | F32: =IF('Entries August''25'!V32-'Entries August''25'!V31<1,"0",'Entries August''25'!V32-'Entries August''25'!V31) -> 156 | G32: =(D32+E32)-F32 -> 4 | H32: =IF('Entries August''25'!Q32-'Entries August''25'!Q31<1,0,'Entries August''25'!Q32-'Entries August''25'!Q31) -> 49 | I32: =IF('Entries August''25'!AG32-'Entries August''25'!AG31<1,0,'Entries August''25'!AG32-'Entries August''25'!AG31) -> 0 | J32: =IF('Entries August''25'!S32-'Entries August''25'!S31<1,"0",'Entries August''25'!S32-'Entries August''25'!S31) -> 142 | K32: =IF('Entries August''25'!R32-'Entries August''25'!R31<1,"0",'Entries August''25'!R32-'Entries August''25'!R31) -> 0 | L32: =IF('Entries August''25'!T32-'Entries August''25'!T31<1,"0",'Entries August''25'!T32-'Entries August''25'!T31) -> 0 | M32: =IF('Entries August''25'!U32-'Entries August''25'!U31<1,"0",'Entries August''25'!U32-'Entries August''25'!U31) -> 0 | N32: =IF('Entries August''25'!X32-'Entries August''25'!X31<1,"0",'Entries August''25'!X32-'Entries August''25'!X31) -> 7 | O32: =IF('Entries August''25'!Y32-'Entries August''25'!Y31<1,"0",'Entries August''25'!Y32-'Entries August''25'!Y31) -> 37 | P32: =IF('Entries August''25'!AC32-'Entries August''25'!AC31<1,"0",'Entries August''25'!AC32-'Entries August''25'!AC31) -> 0 | Q32: =IF('Entries August''25'!Z32-'Entries August''25'!Z31<1,"0",'Entries August''25'!Z32-'Entries August''25'!Z31) -> 25 | R32: =IF(('Entries August''25'!AA32-'Entries August''25'!AA31)+('Entries August''25'!AB32-'Entries August''25'!AB31)<1,"0",('Entries August''25'!AA32-'Entries August''25'!AA31)+('Entries August''25'!AB32-'Entries August''25'!AB31)) -> 0 | S32: =(R32+G32)*10 -> 40 | T32: =O32+N32+M32+L32 -> 44 | U32: =IF('Entries August''25'!AC32-'Entries August''25'!AC31<1,"0",'Entries August''25'!AC32-'Entries August''25'!AC31) -> 0 | V32: =IF('Entries August''25'!AD32-'Entries August''25'!AD31<1,"0",'Entries August''25'!AD32-'Entries August''25'!AD31) -> 0 | W32: =IF('Entries August''25'!AE32-'Entries August''25'!AE31<1,"0",'Entries August''25'!AE32-'Entries August''25'!AE31) -> 0 | X32: =IF('Entries August''25'!AI32-'Entries August''25'!AI31<1,"0",'Entries August''25'!AI32-'Entries August''25'!AI31) -> 0 | Y32: =IF('Entries August''25'!AH32-'Entries August''25'!AH31<1,"0",'Entries August''25'!AH32-'Entries August''25'!AH31) -> 0 | Z32: =C32+D32+E32 -> 160 | AA32: 0 | AB32: =IF(AA32=0,"0",(Z32*10/AA32)) -> 0
B33: 27 | C33: =IF('Entries August''25'!W33-'Entries August''25'!W32<1,"0",'Entries August''25'!W33-'Entries August''25'!W32) -> 0 | D33: =IF('Entries August''25'!O33-'Entries August''25'!O32<1,"0",'Entries August''25'!O33-'Entries August''25'!O32) -> 186 | E33: =IF('Entries August''25'!P33-'Entries August''25'!P32<1,"0",'Entries August''25'!P33-'Entries August''25'!P32) -> 183 | F33: =IF('Entries August''25'!V33-'Entries August''25'!V32<1,"0",'Entries August''25'!V33-'Entries August''25'!V32) -> 190 | G33: =(D33+E33)-F33 -> 179 | H33: =IF('Entries August''25'!Q33-'Entries August''25'!Q32<1,0,'Entries August''25'!Q33-'Entries August''25'!Q32) -> 197 | I33: =IF('Entries August''25'!AG33-'Entries August''25'!AG32<1,0,'Entries August''25'!AG33-'Entries August''25'!AG32) -> 0 | J33: =IF('Entries August''25'!S33-'Entries August''25'!S32<1,"0",'Entries August''25'!S33-'Entries August''25'!S32) -> 162 | K33: =IF('Entries August''25'!R33-'Entries August''25'!R32<1,"0",'Entries August''25'!R33-'Entries August''25'!R32) -> 0 | L33: =IF('Entries August''25'!T33-'Entries August''25'!T32<1,"0",'Entries August''25'!T33-'Entries August''25'!T32) -> 0 | M33: =IF('Entries August''25'!U33-'Entries August''25'!U32<1,"0",'Entries August''25'!U33-'Entries August''25'!U32) -> 4 | N33: =IF('Entries August''25'!X33-'Entries August''25'!X32<1,"0",'Entries August''25'!X33-'Entries August''25'!X32) -> 21 | O33: =IF('Entries August''25'!Y33-'Entries August''25'!Y32<1,"0",'Entries August''25'!Y33-'Entries August''25'!Y32) -> 107 | P33: =IF('Entries August''25'!AC33-'Entries August''25'!AC32<1,"0",'Entries August''25'!AC33-'Entries August''25'!AC32) -> 19 | Q33: =IF('Entries August''25'!Z33-'Entries August''25'!Z32<1,"0",'Entries August''25'!Z33-'Entries August''25'!Z32) -> 26 | R33: =IF(('Entries August''25'!AA33-'Entries August''25'!AA32)+('Entries August''25'!AB33-'Entries August''25'!AB32)<1,"0",('Entries August''25'!AA33-'Entries August''25'!AA32)+('Entries August''25'!AB33-'Entries August''25'!AB32)) -> 0 | S33: =(R33+G33)*10 -> 1790 | T33: =O33+N33+M33+L33 -> 132 | U33: =IF('Entries August''25'!AC33-'Entries August''25'!AC32<1,"0",'Entries August''25'!AC33-'Entries August''25'!AC32) -> 19 | V33: =IF('Entries August''25'!AD33-'Entries August''25'!AD32<1,"0",'Entries August''25'!AD33-'Entries August''25'!AD32) -> 0 | W33: =IF('Entries August''25'!AE33-'Entries August''25'!AE32<1,"0",'Entries August''25'!AE33-'Entries August''25'!AE32) -> 0 | X33: =IF('Entries August''25'!AI33-'Entries August''25'!AI32<1,"0",'Entries August''25'!AI33-'Entries August''25'!AI32) -> 0 | Y33: =IF('Entries August''25'!AH33-'Entries August''25'!AH32<1,"0",'Entries August''25'!AH33-'Entries August''25'!AH32) -> 0 | Z33: =C33+D33+E33 -> 369 | AA33: 237.996 | AB33: =IF(AA33=0,"0",(Z33*10/AA33)) -> 15.504462
B34: 28 | C34: =IF('Entries August''25'!W34-'Entries August''25'!W33<1,"0",'Entries August''25'!W34-'Entries August''25'!W33) -> 0 | D34: =IF('Entries August''25'!O34-'Entries August''25'!O33<1,"0",'Entries August''25'!O34-'Entries August''25'!O33) -> 220 | E34: =IF('Entries August''25'!P34-'Entries August''25'!P33<1,"0",'Entries August''25'!P34-'Entries August''25'!P33) -> 240 | F34: =IF('Entries August''25'!V34-'Entries August''25'!V33<1,"0",'Entries August''25'!V34-'Entries August''25'!V33) -> 255 | G34: =(D34+E34)-F34 -> 205 | H34: =IF('Entries August''25'!Q34-'Entries August''25'!Q33<1,0,'Entries August''25'!Q34-'Entries August''25'!Q33) -> 274 | I34: =IF('Entries August''25'!AG34-'Entries August''25'!AG33<1,0,'Entries August''25'!AG34-'Entries August''25'!AG33) -> 0 | J34: =IF('Entries August''25'!S34-'Entries August''25'!S33<1,"0",'Entries August''25'!S34-'Entries August''25'!S33) -> 201 | K34: =IF('Entries August''25'!R34-'Entries August''25'!R33<1,"0",'Entries August''25'!R34-'Entries August''25'!R33) -> 0 | L34: =IF('Entries August''25'!T34-'Entries August''25'!T33<1,"0",'Entries August''25'!T34-'Entries August''25'!T33) -> 0 | M34: =IF('Entries August''25'!U34-'Entries August''25'!U33<1,"0",'Entries August''25'!U34-'Entries August''25'!U33) -> 8 | N34: =IF('Entries August''25'!X34-'Entries August''25'!X33<1,"0",'Entries August''25'!X34-'Entries August''25'!X33) -> 47 | O34: =IF('Entries August''25'!Y34-'Entries August''25'!Y33<1,"0",'Entries August''25'!Y34-'Entries August''25'!Y33) -> 130 | P34: =IF('Entries August''25'!AC34-'Entries August''25'!AC33<1,"0",'Entries August''25'!AC34-'Entries August''25'!AC33) -> 30 | Q34: =IF('Entries August''25'!Z34-'Entries August''25'!Z33<1,"0",'Entries August''25'!Z34-'Entries August''25'!Z33) -> 32 | R34: =IF(('Entries August''25'!AA34-'Entries August''25'!AA33)+('Entries August''25'!AB34-'Entries August''25'!AB33)<1,"0",('Entries August''25'!AA34-'Entries August''25'!AA33)+('Entries August''25'!AB34-'Entries August''25'!AB33)) -> 0 | S34: =(R34+G34)*10 -> 2050 | T34: =O34+N34+M34+L34 -> 185 | U34: =IF('Entries August''25'!AC34-'Entries August''25'!AC33<1,"0",'Entries August''25'!AC34-'Entries August''25'!AC33) -> 30 | V34: =IF('Entries August''25'!AD34-'Entries August''25'!AD33<1,"0",'Entries August''25'!AD34-'Entries August''25'!AD33) -> 5 | W34: =IF('Entries August''25'!AE34-'Entries August''25'!AE33<1,"0",'Entries August''25'!AE34-'Entries August''25'!AE33) -> 0 | X34: =IF('Entries August''25'!AI34-'Entries August''25'!AI33<1,"0",'Entries August''25'!AI34-'Entries August''25'!AI33) -> 0 | Y34: =IF('Entries August''25'!AH34-'Entries August''25'!AH33<1,"0",'Entries August''25'!AH34-'Entries August''25'!AH33) -> 0 | Z34: =C34+D34+E34 -> 460 | AA34: 580.998 | AB34: =IF(AA34=0,"0",(Z34*10/AA34)) -> 7.9174111
B35: 29 | C35: =IF('Entries August''25'!W35-'Entries August''25'!W34<1,"0",'Entries August''25'!W35-'Entries August''25'!W34) -> 0 | D35: =IF('Entries August''25'!O35-'Entries August''25'!O34<1,"0",'Entries August''25'!O35-'Entries August''25'!O34) -> 119 | E35: =IF('Entries August''25'!P35-'Entries August''25'!P34<1,"0",'Entries August''25'!P35-'Entries August''25'!P34) -> 92 | F35: =IF('Entries August''25'!V35-'Entries August''25'!V34<1,"0",'Entries August''25'!V35-'Entries August''25'!V34) -> 96 | G35: =(D35+E35)-F35 -> 115 | H35: =IF('Entries August''25'!Q35-'Entries August''25'!Q34<1,0,'Entries August''25'!Q35-'Entries August''25'!Q34) -> 221 | I35: =IF('Entries August''25'!AG35-'Entries August''25'!AG34<1,0,'Entries August''25'!AG35-'Entries August''25'!AG34) -> 0 | J35: =IF('Entries August''25'!S35-'Entries August''25'!S34<1,"0",'Entries August''25'!S35-'Entries August''25'!S34) -> 150 | K35: =IF('Entries August''25'!R35-'Entries August''25'!R34<1,"0",'Entries August''25'!R35-'Entries August''25'!R34) -> 0 | L35: =IF('Entries August''25'!T35-'Entries August''25'!T34<1,"0",'Entries August''25'!T35-'Entries August''25'!T34) -> 0 | M35: =IF('Entries August''25'!U35-'Entries August''25'!U34<1,"0",'Entries August''25'!U35-'Entries August''25'!U34) -> 11 | N35: =IF('Entries August''25'!X35-'Entries August''25'!X34<1,"0",'Entries August''25'!X35-'Entries August''25'!X34) -> 37 | O35: =IF('Entries August''25'!Y35-'Entries August''25'!Y34<1,"0",'Entries August''25'!Y35-'Entries August''25'!Y34) -> 80 | P35: =IF('Entries August''25'!AC35-'Entries August''25'!AC34<1,"0",'Entries August''25'!AC35-'Entries August''25'!AC34) -> 24 | Q35: =IF('Entries August''25'!Z35-'Entries August''25'!Z34<1,"0",'Entries August''25'!Z35-'Entries August''25'!Z34) -> 17 | R35: =IF(('Entries August''25'!AA35-'Entries August''25'!AA34)+('Entries August''25'!AB35-'Entries August''25'!AB34)<1,"0",('Entries August''25'!AA35-'Entries August''25'!AA34)+('Entries August''25'!AB35-'Entries August''25'!AB34)) -> 0 | S35: =(R35+G35)*10 -> 1150 | T35: =O35+N35+M35+L35 -> 128 | U35: =IF('Entries August''25'!AC35-'Entries August''25'!AC34<1,"0",'Entries August''25'!AC35-'Entries August''25'!AC34) -> 24 | V35: =IF('Entries August''25'!AD35-'Entries August''25'!AD34<1,"0",'Entries August''25'!AD35-'Entries August''25'!AD34) -> 0 | W35: =IF('Entries August''25'!AE35-'Entries August''25'!AE34<1,"0",'Entries August''25'!AE35-'Entries August''25'!AE34) -> 0 | X35: =IF('Entries August''25'!AI35-'Entries August''25'!AI34<1,"0",'Entries August''25'!AI35-'Entries August''25'!AI34) -> 0 | Y35: =IF('Entries August''25'!AH35-'Entries August''25'!AH34<1,"0",'Entries August''25'!AH35-'Entries August''25'!AH34) -> 0 | Z35: =C35+D35+E35 -> 211 | AA35: 407.418 | AB35: =IF(AA35=0,"0",(Z35*10/AA35)) -> 5.1789563
B36: 30 | C36: =IF('Entries August''25'!W36-'Entries August''25'!W35<1,"0",'Entries August''25'!W36-'Entries August''25'!W35) -> 0 | D36: =IF('Entries August''25'!O36-'Entries August''25'!O35<1,"0",'Entries August''25'!O36-'Entries August''25'!O35) -> 0 | E36: =IF('Entries August''25'!P36-'Entries August''25'!P35<1,"0",'Entries August''25'!P36-'Entries August''25'!P35) -> 74 | F36: =IF('Entries August''25'!V36-'Entries August''25'!V35<1,"0",'Entries August''25'!V36-'Entries August''25'!V35) -> 79 | G36: =(D36+E36)-F36 -> -5 | H36: =IF('Entries August''25'!Q36-'Entries August''25'!Q35<1,0,'Entries August''25'!Q36-'Entries August''25'!Q35) -> 47 | I36: =IF('Entries August''25'!AG36-'Entries August''25'!AG35<1,0,'Entries August''25'!AG36-'Entries August''25'!AG35) -> 0 | J36: =IF('Entries August''25'!S36-'Entries August''25'!S35<1,"0",'Entries August''25'!S36-'Entries August''25'!S35) -> 0 | K36: =IF('Entries August''25'!R36-'Entries August''25'!R35<1,"0",'Entries August''25'!R36-'Entries August''25'!R35) -> 0 | L36: =IF('Entries August''25'!T36-'Entries August''25'!T35<1,"0",'Entries August''25'!T36-'Entries August''25'!T35) -> 0 | M36: =IF('Entries August''25'!U36-'Entries August''25'!U35<1,"0",'Entries August''25'!U36-'Entries August''25'!U35) -> 0 | N36: =IF('Entries August''25'!X36-'Entries August''25'!X35<1,"0",'Entries August''25'!X36-'Entries August''25'!X35) -> 0 | O36: =IF('Entries August''25'!Y36-'Entries August''25'!Y35<1,"0",'Entries August''25'!Y36-'Entries August''25'!Y35) -> 5 | P36: =IF('Entries August''25'!AC36-'Entries August''25'!AC35<1,"0",'Entries August''25'!AC36-'Entries August''25'!AC35) -> 0 | Q36: =IF('Entries August''25'!Z36-'Entries August''25'!Z35<1,"0",'Entries August''25'!Z36-'Entries August''25'!Z35) -> 4 | R36: =IF(('Entries August''25'!AA36-'Entries August''25'!AA35)+('Entries August''25'!AB36-'Entries August''25'!AB35)<1,"0",('Entries August''25'!AA36-'Entries August''25'!AA35)+('Entries August''25'!AB36-'Entries August''25'!AB35)) -> 0 | S36: =(R36+G36)*10 -> -50 | T36: =O36+N36+M36+L36 -> 5 | U36: =IF('Entries August''25'!AC36-'Entries August''25'!AC35<1,"0",'Entries August''25'!AC36-'Entries August''25'!AC35) -> 0 | V36: =IF('Entries August''25'!AD36-'Entries August''25'!AD35<1,"0",'Entries August''25'!AD36-'Entries August''25'!AD35) -> 0 | W36: =IF('Entries August''25'!AE36-'Entries August''25'!AE35<1,"0",'Entries August''25'!AE36-'Entries August''25'!AE35) -> 0 | X36: =IF('Entries August''25'!AI36-'Entries August''25'!AI35<1,"0",'Entries August''25'!AI36-'Entries August''25'!AI35) -> 0 | Y36: =IF('Entries August''25'!AH36-'Entries August''25'!AH35<1,"0",'Entries August''25'!AH36-'Entries August''25'!AH35) -> 0 | Z36: =C36+D36+E36 -> 74 | AA36: 0 | AB36: =IF(AA36=0,"0",(Z36*10/AA36)) -> 0
B37: 31 | C37: =IF('Entries August''25'!W37-'Entries August''25'!W36<1,"0",'Entries August''25'!W37-'Entries August''25'!W36) -> 0 | D37: =IF('Entries August''25'!O37-'Entries August''25'!O36<1,"0",'Entries August''25'!O37-'Entries August''25'!O36) -> 0 | E37: =IF('Entries August''25'!P37-'Entries August''25'!P36<1,"0",'Entries August''25'!P37-'Entries August''25'!P36) -> 0 | F37: =IF('Entries August''25'!V37-'Entries August''25'!V36<1,"0",'Entries August''25'!V37-'Entries August''25'!V36) -> 30 | G37: =(D37+E37)-F37 -> -30 | J37: =IF('Entries August''25'!S37-'Entries August''25'!S36<1,"0",'Entries August''25'!S37-'Entries August''25'!S36) -> 0 | K37: =IF('Entries August''25'!R37-'Entries August''25'!R36<1,"0",'Entries August''25'!R37-'Entries August''25'!R36) -> 0 | L37: =IF('Entries August''25'!T37-'Entries August''25'!T36<1,"0",'Entries August''25'!T37-'Entries August''25'!T36) -> 0 | M37: =IF('Entries August''25'!U37-'Entries August''25'!U36<1,"0",'Entries August''25'!U37-'Entries August''25'!U36) -> 0 | N37: =IF('Entries August''25'!X37-'Entries August''25'!X36<1,"0",'Entries August''25'!X37-'Entries August''25'!X36) -> 0 | O37: =IF('Entries August''25'!Y37-'Entries August''25'!Y36<1,"0",'Entries August''25'!Y37-'Entries August''25'!Y36) -> 33 | P37: =IF('Entries August''25'!AC37-'Entries August''25'!AC36<1,"0",'Entries August''25'!AC37-'Entries August''25'!AC36) -> 0 | Q37: =IF('Entries August''25'!Z37-'Entries August''25'!Z36<1,"0",'Entries August''25'!Z37-'Entries August''25'!Z36) -> 1 | R37: =IF(('Entries August''25'!AA37-'Entries August''25'!AA36)+('Entries August''25'!AB37-'Entries August''25'!AB36)<1,"0",('Entries August''25'!AA37-'Entries August''25'!AA36)+('Entries August''25'!AB37-'Entries August''25'!AB36)) -> 0 | S37: =(R37+G37)*10 -> -300 | U37: =IF('Entries August''25'!AC37-'Entries August''25'!AC36<1,"0",'Entries August''25'!AC37-'Entries August''25'!AC36) -> 0 | V37: =IF('Entries August''25'!AD37-'Entries August''25'!AD36<1,"0",'Entries August''25'!AD37-'Entries August''25'!AD36) -> 0 | W37: =IF('Entries August''25'!AE37-'Entries August''25'!AE36<1,"0",'Entries August''25'!AE37-'Entries August''25'!AE36) -> 0 | X37: =IF('Entries August''25'!AI37-'Entries August''25'!AI36<1,"0",'Entries August''25'!AI37-'Entries August''25'!AI36) -> 0 | Y37: =IF('Entries August''25'!AH37-'Entries August''25'!AH36<1,"0",'Entries August''25'!AH37-'Entries August''25'!AH36) -> 0 | Z37: =C37+D37+E37 -> 0 | AA37: 30.855
A38: MTD | B38: total | C38: =SUM(C7:C37) -> 0 | D38: =SUM(D7:D37) -> 3591 | E38: =SUM(E7:E37) -> 3629 | F38: =SUM(F7:F37) -> 3838 | G38: =SUM(G7:G37) -> 3382 | H38: =SUM(H7:H37) -> 4305 | J38: =SUM(J7:J37) -> 3138 | L38: =SUM(L7:L37) -> 0 | M38: =SUM(M7:M37) -> 36 | N38: =SUM(N7:N37) -> 853 | O38: =SUM(O7:O37) -> 1833 | P38: =SUM(P7:P37) -> 427 | Q38: =SUM(Q7:Q37) -> 437 | R38: =SUM(R7:R34) -> 0 | S38: =SUM(S7:S37) -> 33820 | T38: =SUM(T7:T37) -> 2689 | U38: =SUM(U7:U37) -> 427 | V38: =SUM(V7:V37) -> 176 | Z38: =SUM(Z7:Z37) -> 7220 | AA38: =SUM(AA7:AA37) -> 7279.8342 | AB38: =IF(AA38=0,"0",(Z38*10/AA38)) -> 9.9178083 | AC38: 10.2 | AD38: =AB38/AC38*100 -> 97.233415
B40: Gals. | D40: =D38*220 -> 790020
B41: NAWASA Cost/gal | D41: 0.01581
B43: Proxy NAWASA water Cost | D43: =+D41*D40 -> 12490.216
B44: Add basic charge | D44: 278.97
D45: =SUM(D43:D44) -> 12769.186
B47: Proxy sewage charge (2/3) | D47: =+D45*2/3 -> 8512.7908
B49: Proxy MTD NAWASA cost | D49: =SUM(D47,D45) -> 21281.977

Sheet Elec.August'25
A1: DAILY ELECTRICITY CONSUMPTION FOR AUGUST 2025
A4: DATE | B4: Grenlec | C4: In -house | D4: Total Cons. (KW-HR) | E4: Total Prod.(HL) | F4: KPI. Elect (KW-H/Hl)
B5: In-feed (Kwhr) | C5: Gen. (Kwhr)
A7: 1 | B7: ='Utility Analysis AugusT 2025'!D10 -> 5595 | C7: ='Utility Analysis AugusT 2025'!E10 -> 0 | D7: =B7+C7 -> 5595 | E7: ='PROD.FIG. '!H5 -> 0 | F7: =IF(E7=0,"0",(D7/E7)) -> 0
A8: 2 | B8: ='Utility Analysis AugusT 2025'!D11 -> 3511 | C8: ='Utility Analysis AugusT 2025'!E11 -> 0 | D8: =B8+C8 -> 3511 | E8: ='PROD.FIG. '!H6 -> 0 | F8: =IF(E8=0,"0",(D8/E8)) -> 0
A9: 3 | B9: ='Utility Analysis AugusT 2025'!D12 -> 5388 | C9: ='Utility Analysis AugusT 2025'!E12 -> 0 | D9: =B9+C9 -> 5388 | E9: ='PROD.FIG. '!H7 -> 0 | F9: =IF(E9=0,"0",(D9/E9)) -> 0
A10: 4 | B10: ='Utility Analysis AugusT 2025'!D13 -> 9978 | C10: ='Utility Analysis AugusT 2025'!E13 -> 0 | D10: =B10+C10 -> 9978 | E10: ='PROD.FIG. '!H8 -> 478.104 | F10: =IF(E10=0,"0",(D10/E10)) -> 20.869936
A11: 5 | B11: ='Utility Analysis AugusT 2025'!D14 -> 8591 | C11: ='Utility Analysis AugusT 2025'!E14 -> 0 | D11: =B11+C11 -> 8591 | E11: ='PROD.FIG. '!H9 -> 680.196 | F11: =IF(E11=0,"0",(D11/E11)) -> 12.630183
A12: 6 | B12: ='Utility Analysis AugusT 2025'!D15 -> 8924 | C12: ='Utility Analysis AugusT 2025'!E15 -> 0 | D12: =B12+C12 -> 8924 | E12: ='PROD.FIG. '!H10 -> 458.106 | F12: =IF(E12=0,"0",(D12/E12)) -> 19.480208
A13: 7 | B13: ='Utility Analysis AugusT 2025'!D16 -> 9260 | C13: ='Utility Analysis AugusT 2025'!E16 -> 0 | D13: =B13+C13 -> 9260 | E13: ='PROD.FIG. '!H11 -> 574.2228 | F13: =IF(E13=0,"0",(D13/E13)) -> 16.126145
A14: 8 | B14: ='Utility Analysis AugusT 2025'!D17 -> 8716 | C14: ='Utility Analysis AugusT 2025'!E17 -> 0 | D14: =B14+C14 -> 8716 | E14: ='PROD.FIG. '!H12 -> 553.08 | F14: =IF(E14=0,"0",(D14/E14)) -> 15.759022
A15: 9 | B15: ='Utility Analysis AugusT 2025'!D18 -> 4648 | C15: ='Utility Analysis AugusT 2025'!E18 -> 0 | D15: =B15+C15 -> 4648 | E15: ='PROD.FIG. '!H13 -> 0 | F15: =IF(E15=0,"0",(D15/E15)) -> 0
A16: 10 | B16: ='Utility Analysis AugusT 2025'!D19 -> 5837 | C16: ='Utility Analysis AugusT 2025'!E19 -> 0 | D16: =B16+C16 -> 5837 | E16: ='PROD.FIG. '!H14 -> 0 | F16: =IF(E16=0,"0",(D16/E16)) -> 0
A17: 11 | B17: ='Utility Analysis AugusT 2025'!D20 -> 4065 | C17: ='Utility Analysis AugusT 2025'!E20 -> 0 | D17: =B17+C17 -> 4065 | E17: ='PROD.FIG. '!H15 -> 0 | F17: =IF(E17=0,"0",(D17/E17)) -> 0
A18: 12 | B18: ='Utility Analysis AugusT 2025'!D21 -> 4707 | C18: ='Utility Analysis AugusT 2025'!E21 -> 0 | D18: =B18+C18 -> 4707 | E18: ='PROD.FIG. '!H16 -> 0 | F18: =IF(E18=0,"0",(D18/E18)) -> 0
... A36: 30 | B36: ='Utility Analysis AugusT 2025'!D39 -> 4569 | C36: ='Utility Analysis AugusT 2025'!E39 -> 0 | D36: =B36+C36 -> 4569 | E36: ='PROD.FIG. '!H34 -> 0 | F36: =IF(E36=0,"0",(D36/E36)) -> 0
A37: 31 | B37: ='Utility Analysis AugusT 2025'!D40 -> 5147 | D37: =B37+C37 -> 5147 | H37: %
A38: MTD | B38: =SUM(B7:B37) -> 221377 | C38: =SUM(C7:C37) -> 0 | D38: =SUM(D7:D37) -> 221377 | E38: =SUM(E7:E37) -> 7248.9792 | F38: =IF(E38=0,"0",(D38/E38)) -> 30.539059 | G38: 22 | H38: =F38/G38*100 -> 138.8139
G39: TARGET

Sheet PROD.FIG. 
A1: PRODUCTION FOR AUGUST 2025
B3: DATE
B4: - | C4: BOTTLED (Hl) | D4: KEGS (Hl) | E4: OTHER (Filtered) | F4: Brewed | G4: Transferred | H4: TOTAL ( Hls)
A5: Tuesday | B5: 1 | H5: {=IF(TRANSPOSE('Daily KPIs'!B9:AF9)=0,"0",TRANSPOSE('Daily KPIs'!B9:AF9))} -> 0
A6: Wednesday | B6: 2 | H6: 0
A7: Thursday | B7: 3 | H7: 0
A8: Friday | B8: 4 | H8: 478.104
A9: Saturday | B9: 5 | H9: 680.196
A10: Sunday | B10: 6 | H10: 458.106
A11: Monday | B11: 7 | H11: 574.2228
A12: Tuesday | B12: 8 | H12: 553.08
A13: Wednesday | B13: 9 | H13: 0
A14: Thursday | B14: 10 | H14: 0
A15: Friday | B15: 11 | H15: 0
A16: Saturday | B16: 12 | H16: 0
A17: Sunday | B17: 13 | H17: 293.37
A18: Monday | B18: 14 | H18: 459.162
A19: Tuesday | B19: 15 | H19: 582.978
A20: Wednesday | B20: 16 | H20: 0
A21: Thursday | B21: 17 | H21: 0
A22: Friday | B22: 18 | H22: 369.534
A23: Saturday | B23: 19 | H23: 204.798
A24: Sunday | B24: 20 | H24: 540.9804
A25: Monday | B25: 21 | H25: 609.51
A26: Tuesday | B26: 22 | H26: 218.526
A27: Wednesday | B27: 23 | H27: 0
A28: Thursday | B28: 24 | H28: 0
A29: Friday | B29: 25 | H29: 0
A30: Saturday | B30: 26 | H30: 0
A31: Sunday | B31: 27 | H31: 237.996
A32: Monday | B32: 28 | H32: 580.998
A33: Tuesday | B33: 29 | H33: 407.418
A34: Wednesday | B34: 30 | H34: 0
A35: Thursday | B35: 31 | H35: 30.855
G36: TOTAL | H36: =SUM(H5:H35) -> 7279.8342
C39: =SUM(C5:C36) -> 0

Sheet CO2
A3: CO2 Daily Consumption for AUGUST 2025 | I3: TANK C
G4: FILLER | I4: TAYLOR WHARTON CALIBRATION TANK | Q4: NOT READY
A5: DATE | B5: FILLER Cons. (Kg.) | C5: BMF Cons. (Kg.) | D5: CO2 (kg.) (Ex. Vap'r Flowmeter) | E5: CO2 (kg.) (Ex. Vap'r Calculation) | F5: Total Prod.(HL) | G5: CO2 ( Kg./HL) | I5: inH2O | J5: LBS_CO2 | K5: KG_CO2 | M5: READING Today (inH2O) | Q5: DATE | R5: TANK C | T5: TANK A | U5: TANK B | V5: INPUTS MOBILE(kg) | W5: STOCK (KG) | X5: TOTAL CONSUMPTION (KG)
I6: 10 | J6: 722 | K6: =J6/2.204623 -> 327.49363 | N6: POUNDS | O6: KG | R6: READING 00:30 hrs (inH2O) | S6: QUANTITY (KG) | T6: QUANTITY (KG) | U6: QUANTITY (KG)
A7: 1 | B7: =IF('Entries August''25'!N7-'Entries August''25'!N6<1,"0",'Entries August''25'!N7-'Entries August''25'!N6) -> 0 | C7: =IF('Entries August''25'!L7-'Entries August''25'!L6<1,"0",'Entries August''25'!L7-'Entries August''25'!L6) -> 0 | D7: =IF('Entries August''25'!M7-'Entries August''25'!M6<1,"0",'Entries August''25'!M7-'Entries August''25'!M6) -> 0 | E7: {=TRANSPOSE('Daily KPIs'!B74:AF74)} -> 0 | F7: {=TRANSPOSE('Daily KPIs'!B9:AF9)} -> 0 | G7: =IF(F7=0,"0",(E7/F7)) -> 0 | I7: 20 | J7: 2857 | K7: =J7/2.204623 -> 1295.9132 | M7: 135 | N7: =O7*2.204623 -> 23225.5 | O7: {=IF(COUNTIF(I6:I40,M7),_xlfn.XLOOKUP(M7,I6:I40,K6:K40),_xlfn.LET(_xlpm.x, M7,_xlpm.lo, MAX(_xlfn._xlws.FILTER(I6:I40, I6:I40 <= _xlpm.x)),_xlpm.hi, MIN(_xlfn._xlws.FILTER(I6:I40, I6:I40 >= _xlpm.x)),_xlpm.ylo, INDEX(K6:K40, MATCH(_xlpm.lo, I6:I40, 0)),_xlpm.yhi, INDEX(K6:K40, MATCH(_xlpm.hi, I6:I40, 0)),_xlpm.ylo + (_xlpm.x - _xlpm.lo) * (_xlpm.yhi - _xlpm.ylo) / (_xlpm.hi - _xlpm.lo) ))} -> 10534.908 | Q7: 45870 | R7: ='Entries August''25'!AL6 -> 221 | S7: {=IF(R7=0,0,IF(COUNTIF($I$6:$I$40,R7),_xlfn.XLOOKUP(R7,$I$6:$I$40,$K$6:$K$40),_xlfn.LET(_xlpm.x, R7,_xlpm.lo, MAX(_xlfn._xlws.FILTER($I$6:$I$40, $I$6:$I$40 <= _xlpm.x)),_xlpm.hi, MIN(_xlfn._xlws.FILTER($I$6:$I$40, $I$6:$I$40 >= _xlpm.x)),_xlpm.ylo, INDEX($K$6:$K$40, MATCH(_xlpm.lo, $I$6:$I$40, 0)),_xlpm.yhi, INDEX($K$6:$K$40, MATCH(_xlpm.hi, $I$6:$I$40, 0)),_xlpm.ylo + (_xlpm.x - _xlpm.lo) * (_xlpm.yhi - _xlpm.ylo) / (_xlpm.hi - _xlpm.lo) )))} -> 17549.395 | T7: ='Entries August''25'!AM6 -> 0 | U7: ='Entries August''25'!AN6 -> 0 | V7: ='Entries August''25'!AO6/2.204623 -> 15600.05 | W7: =S7+T7+U7+V7 -> 33149.445
A8: 2 | B8: =IF('Entries August''25'!N8-'Entries August''25'!N7<1,"0",'Entries August''25'!N8-'Entries August''25'!N7) -> 0 | C8: =IF('Entries August''25'!L8-'Entries August''25'!L7<1,"0",'Entries August''25'!L8-'Entries August''25'!L7) -> 0 | D8: =IF('Entries August''25'!M8-'Entries August''25'!M7<1,"0",'Entries August''25'!M8-'Entries August''25'!M7) -> 0 | E8: 0 | F8: 0 | G8: =IF(F8=0,"0",(E8/F8)) -> 0 | I8: 30 | J8: 4344 | K8: =J8/2.204623 -> 1970.4049 | Q8: 45871 | R8: ='Entries August''25'!AL7 -> 220 | S8: {=IF(R8=0,0,IF(COUNTIF($I$6:$I$40,R8),_xlfn.XLOOKUP(R8,$I$6:$I$40,$K$6:$K$40),_xlfn.LET(_xlpm.x, R8,_xlpm.lo, MAX(_xlfn._xlws.FILTER($I$6:$I$40, $I$6:$I$40 <= _xlpm.x)),_xlpm.hi, MIN(_xlfn._xlws.FILTER($I$6:$I$40, $I$6:$I$40 >= _xlpm.x)),_xlpm.ylo, INDEX($K$6:$K$40, MATCH(_xlpm.lo, $I$6:$I$40, 0)),_xlpm.yhi, INDEX($K$6:$K$40, MATCH(_xlpm.hi, $I$6:$I$40, 0)),_xlpm.ylo + (_xlpm.x - _xlpm.lo) * (_xlpm.yhi - _xlpm.ylo) / (_xlpm.hi - _xlpm.lo) )))} -> 17467.839 | T8: ='Entries August''25'!AM7 -> 0 | U8: ='Entries August''25'!AN7 -> 0 | V8: ='Entries August''25'!AO7/2.204623 -> 0 | W8: =S8+T8+U8+V8 -> 17467.839 | X8: =IF(W9-W8<0,W8-W9,W9-W8) -> 0
A9: 3 | B9: =IF('Entries August''25'!N9-'Entries August''25'!N8<1,"0",'Entries August''25'!N9-'Entries August''25'!N8) -> 0 | C9: =IF('Entries August''25'!L9-'Entries August''25'!L8<1,"0",'Entries August''25'!L9-'Entries August''25'!L8) -> 0 | D9: =IF('Entries August''25'!M9-'Entries August''25'!M8<1,"0",'Entries August''25'!M9-'Entries August''25'!M8) -> 19.39 | E9: 0 | F9: 0 | G9: =IF(F9=0,"0",(E9/F9)) -> 0 | I9: 40 | J9: 6143 | K9: =J9/2.204623 -> 2786.4175 | Q9: 45872 | R9: ='Entries August''25'!AL8 -> 220 | S9: {=IF(R9=0,0,IF(COUNTIF($I$6:$I$40,R9),_xlfn.XLOOKUP(R9,$I$6:$I$40,$K$6:$K$40),_xlfn.LET(_xlpm.x, R9,_xlpm.lo, MAX(_xlfn._xlws.FILTER($I$6:$I$40, $I$6:$I$40 <= _xlpm.x)),_xlpm.hi, MIN(_xlfn._xlws.FILTER($I$6:$I$40, $I$6:$I$40 >= _xlpm.x)),_xlpm.ylo, INDEX($K$6:$K$40, MATCH(_xlpm.lo, $I$6:$I$40, 0)),_xlpm.yhi, INDEX($K$6:$K$40, MATCH(_xlpm.hi, $I$6:$I$40, 0)),_xlpm.ylo + (_xlpm.x - _xlpm.lo) * (_xlpm.yhi - _xlpm.ylo) / (_xlpm.hi - _xlpm.lo) )))} -> 17467.839 | T9: ='Entries August''25'!AM8 -> 0 | U9: ='Entries August''25'!AN8 -> 0 | V9: ='Entries August''25'!AO8/2.204623 -> 0 | W9: =S9+T9+U9+V9 -> 17467.839 | X9: =IF(W10-W9<0,W9-W10,W10-W9) -> 2446.6768
A10: 4 | B10: =IF('Entries August''25'!N10-'Entries August''25'!N9<1,"0",'Entries August''25'!N10-'Entries August''25'!N9) -> 325.01 | C10: =IF('Entries August''25'!L10-'Entries August''25'!L9<1,"0",'Entries August''25'!L10-'Entries August''25'!L9) -> 50.99 | D10: =IF('Entries August''25'!M10-'Entries August''25'!M9<1,"0",'Entries August''25'!M10-'Entries August''25'!M9) -> 2029.64 | E10: 2000 | F10: 478.104 | G10: =IF(F10=0,"0",(E10/F10)) -> 4.1831903 | I10: 50 | J10: 7941 | K10: =J10/2.204623 -> 3601.9764 | Q10: 45873 | R10: ='Entries August''25'!AL9 -> 190 | S10: {=IF(R10=0,0,IF(COUNTIF($I$6:$I$40,R10),_xlfn.XLOOKUP(R10,$I$6:$I$40,$K$6:$K$40),_xlfn.LET(_xlpm.x, R10,_xlpm.lo, MAX(_xlfn._xlws.FILTER($I$6:$I$40, $I$6:$I$40 <= _xlpm.x)),_xlpm.hi, MIN(_xlfn._xlws.FILTER($I$6:$I$40, $I$6:$I$40 >= _xlpm.x)),_xlpm.ylo, INDEX($K$6:$K$40, MATCH(_xlpm.lo, $I$6:$I$40, 0)),_xlpm.yhi, INDEX($K$6:$K$40, MATCH(_xlpm.hi, $I$6:$I$40, 0)),_xlpm.ylo + (_xlpm.x - _xlpm.lo) * (_xlpm.yhi - _xlpm.ylo) / (_xlpm.hi - _xlpm.lo) )))} -> 15021.162 | T10: ='Entries August''25'!AM9 -> 0 | U10: ='Entries August''25'!AN9 -> 0 | V10: ='Entries August''25'!AO9/2.204623 -> 0 | W10: =S10+T10+U10+V10 -> 15021.162 | X10: =IF(W11-W10<0,W10-W11,W11-W10) -> 15021.162
A11: 5 | B11: =IF('Entries August''25'!N11-'Entries August''25'!N10<1,"0",'Entries August''25'!N11-'Entries August''25'!N10) -> 381.24 | C11: =IF('Entries August''25'!L11-'Entries August''25'!L10<1,"0",'Entries August''25'!L11-'Entries August''25'!L10) -> 49.43 | D11: =IF('Entries August''25'!M11-'Entries August''25'!M10<1,"0",'Entries August''25'!M11-'Entries August''25'!M10) -> 2577.06 | E11: 2400 | F11: 680.196 | G11: =IF(F11=0,"0",(E11/F11)) -> 3.5283948 | I11: 60 | J11: 9739 | K11: =J11/2.204623 -> 4417.5353 | Q11: 45874 | R11: ='Entries August''25'!AL10 -> 0 | S11: {=IF(R11=0,0,IF(COUNTIF($I$6:$I$40,R11),_xlfn.XLOOKUP(R11,$I$6:$I$40,$K$6:$K$40),_xlfn.LET(_xlpm.x, R11,_xlpm.lo, MAX(_xlfn._xlws.FILTER($I$6:$I$40, $I$6:$I$40 <= _xlpm.x)),_xlpm.hi, MIN(_xlfn._xlws.FILTER($I$6:$I$40, $I$6:$I$40 >= _xlpm.x)),_xlpm.ylo, INDEX($K$6:$K$40, MATCH(_xlpm.lo, $I$6:$I$40, 0)),_xlpm.yhi, INDEX($K$6:$K$40, MATCH(_xlpm.hi, $I$6:$I$40, 0)),_xlpm.ylo + (_xlpm.x - _xlpm.lo) * (_xlpm.yhi - _xlpm.ylo) / (_xlpm.hi - _xlpm.lo) )))} -> 0 | T11: ='Entries August''25'!AM10 -> 0 | U11: ='Entries August''25'!AN10 -> 0 | V11: ='Entries August''25'!AO10/2.204623 -> 0 | W11: =S11+T11+U11+V11 -> 0 | X11: =IF(W12-W11<0,W11-W12,W12-W11) -> 0
A12: 6 | B12: =IF('Entries August''25'!N12-'Entries August''25'!N11<1,"0",'Entries August''25'!N12-'Entries August''25'!N11) -> 251.32 | C12: =IF('Entries August''25'!L12-'Entries August''25'!L11<1,"0",'Entries August''25'!L12-'Entries August''25'!L11) -> 0 | D12: =IF('Entries August''25'!M12-'Entries August''25'!M11<1,"0",'Entries August''25'!M12-'Entries August''25'!M11) -> 1753.7 | E12: 1200 | F12: 458.106 | G12: =IF(F12=0,"0",(E12/F12)) -> 2.6194811 | I12: 70 | J12: 11537 | K12: =J12/2.204623 -> 5233.0943 | Q12: 45875 | R12: ='Entries August''25'!AL11 -> 0 | S12: {=IF(R12=0,0,IF(COUNTIF($I$6:$I$40,R12),_xlfn.XLOOKUP(R12,$I$6:$I$40,$K$6:$K$40),_xlfn.LET(_xlpm.x, R12,_xlpm.lo, MAX(_xlfn._xlws.FILTER($I$6:$I$40, $I$6:$I$40 <= _xlpm.x)),_xlpm.hi, MIN(_xlfn._xlws.FILTER($I$6:$I$40, $I$6:$I$40 >= _xlpm.x)),_xlpm.ylo, INDEX($K$6:$K$40, MATCH(_xlpm.lo, $I$6:$I$40, 0)),_xlpm.yhi, INDEX($K$6:$K$40, MATCH(_xlpm.hi, $I$6:$I$40, 0)),_xlpm.ylo + (_xlpm.x - _xlpm.lo) * (_xlpm.yhi - _xlpm.ylo) / (_xlpm.hi - _xlpm.lo) )))} -> 0 | T12: ='Entries August''25'!AM11 -> 0 | U12: ='Entries August''25'!AN11 -> 0 | V12: ='Entries August''25'!AO11/2.204623 -> 0 | W12: =S12+T12+U12+V12 -> 0 | X12: =IF(W13-W12<0,W12-W13,W13-W12) -> 12574.032
A13: 7 | B13: =IF('Entries August''25'!N13-'Entries August''25'!N12<1,"0",'Entries August''25'!N13-'Entries August''25'!N12) -> 352.59 | C13: =IF('Entries August''25'!L13-'Entries August''25'!L12<1,"0",'Entries August''25'!L13-'Entries August''25'!L12) -> 0 | D13: =IF('Entries August''25'!M13-'Entries August''25'!M12<1,"0",'Entries August''25'!M13-'Entries August''25'!M12) -> 2309.38 | E13: 2500 | F13: 574.2228 | G13: =IF(F13=0,"0",(E13/F13)) -> 4.3537108 | I13: 80 | J13: 13335 | K13: =J13/2.204623 -> 6048.6532 | Q13: 45876 | R13: ='Entries August''25'!AL12 -> 160 | S13: {=IF(R13=0,0,IF(COUNTIF($I$6:$I$40,R13),_xlfn.XLOOKUP(R13,$I$6:$I$40,$K$6:$K$40),_xlfn.LET(_xlpm.x, R13,_xlpm.lo, MAX(_xlfn._xlws.FILTER($I$6:$I$40, $I$6:$I$40 <= _xlpm.x)),_xlpm.hi, MIN(_xlfn._xlws.FILTER($I$6:$I$40, $I$6:$I$40 >= _xlpm.x)),_xlpm.ylo, INDEX($K$6:$K$40, MATCH(_xlpm.lo, $I$6:$I$40, 0)),_xlpm.yhi, INDEX($K$6:$K$40, MATCH(_xlpm.hi, $I$6:$I$40, 0)),_xlpm.ylo + (_xlpm.x - _xlpm.lo) * (_xlpm.yhi - _xlpm.ylo) / (_xlpm.hi - _xlpm.lo) )))} -> 12574.032 | T13: ='Entries August''25'!AM12 -> 0 | U13: ='Entries August''25'!AN12 -> 0 | V13: ='Entries August''25'!AO12/2.204623 -> 0 | W13: =S13+T13+U13+V13 -> 12574.032
A14: 8 | B14: =IF('Entries August''25'!N14-'Entries August''25'!N13<1,"0",'Entries August''25'!N14-'Entries August''25'!N13) -> 291.43 | C14: =IF('Entries August''25'!L14-'Entries August''25'!L13<1,"0",'Entries August''25'!L14-'Entries August''25'!L13) -> 0 | D14: =IF('Entries August''25'!M14-'Entries August''25'!M13<1,"0",'Entries August''25'!M14-'Entries August''25'!M13) -> 2052.93 | E14: 2000 | F14: 553.08 | G14: =IF(F14=0,"0",(E14/F14)) -> 3.6161134 | I14: 90 | J14: 15134 | K14: =J14/2.204623 -> 6864.6658 | Q14: 45877 | R14: ='Entries August''25'!AL13 -> 140 | S14: {=IF(R14=0,0,IF(COUNTIF($I$6:$I$40,R14),_xlfn.XLOOKUP(R14,$I$6:$I$40,$K$6:$K$40),_xlfn.LET(_xlpm.x, R14,_xlpm.lo, MAX(_xlfn._xlws.FILTER($I$6:$I$40, $I$6:$I$40 <= _xlpm.x)),_xlpm.hi, MIN(_xlfn._xlws.FILTER($I$6:$I$40, $I$6:$I$40 >= _xlpm.x)),_xlpm.ylo, INDEX($K$6:$K$40, MATCH(_xlpm.lo, $I$6:$I$40, 0)),_xlpm.yhi, INDEX($K$6:$K$40, MATCH(_xlpm.hi, $I$6:$I$40, 0)),_xlpm.ylo + (_xlpm.x - _xlpm.lo) * (_xlpm.yhi - _xlpm.ylo) / (_xlpm.hi - _xlpm.lo) )))} -> 10942.914 | T14: ='Entries August''25'!AM13 -> 0 | U14: ='Entries August''25'!AN13 -> 0 | V14: ='Entries August''25'!AO13/2.204623 -> 19100 | W14: =S14+T14+U14+V14 -> 30042.914 | X14: =W14-S15 -> 19100
A15: 9 | B15: =IF('Entries August''25'!N15-'Entries August''25'!N14<1,"0",'Entries August''25'!N15-'Entries August''25'!N14) -> 0 | C15: =IF('Entries August''25'!L15-'Entries August''25'!L14<1,"0",'Entries August''25'!L15-'Entries August''25'!L14) -> 0 | D15: =IF('Entries August''25'!M15-'Entries August''25'!M14<1,"0",'Entries August''25'!M15-'Entries August''25'!M14) -> 0 | E15: 0 | F15: 0 | G15: =IF(F15=0,"0",(E15/F15)) -> 0 | I15: 100 | J15: 16932 | K15: =J15/2.204623 -> 7680.2247 | Q15: 45878 | R15: ='Entries August''25'!AL14 -> 140 | S15: {=IF(R15=0,0,IF(COUNTIF($I$6:$I$40,R15),_xlfn.XLOOKUP(R15,$I$6:$I$40,$K$6:$K$40),_xlfn.LET(_xlpm.x, R15,_xlpm.lo, MAX(_xlfn._xlws.FILTER($I$6:$I$40, $I$6:$I$40 <= _xlpm.x)),_xlpm.hi, MIN(_xlfn._xlws.FILTER($I$6:$I$40, $I$6:$I$40 >= _xlpm.x)),_xlpm.ylo, INDEX($K$6:$K$40, MATCH(_xlpm.lo, $I$6:$I$40, 0)),_xlpm.yhi, INDEX($K$6:$K$40, MATCH(_xlpm.hi, $I$6:$I$40, 0)),_xlpm.ylo + (_xlpm.x - _xlpm.lo) * (_xlpm.yhi - _xlpm.ylo) / (_xlpm.hi - _xlpm.lo) )))} -> 10942.914 | T15: ='Entries August''25'!AM14 -> 0 | U15: ='Entries August''25'!AN14 -> 0 | V15: ='Entries August''25'!AO14/2.204623 -> 9967.237 | W15: =S15+T15+U15+V15 -> 20910.151
A16: 10 | B16: =IF('Entries August''25'!N16-'Entries August''25'!N15<1,"0",'Entries August''25'!N16-'Entries August''25'!N15) -> 0 | C16: =IF('Entries August''25'!L16-'Entries August''25'!L15<1,"0",'Entries August''25'!L16-'Entries August''25'!L15) -> 0 | D16: =IF('Entries August''25'!M16-'Entries August''25'!M15<1,"0",'Entries August''25'!M16-'Entries August''25'!M15) -> 0 | E16: 1100 | F16: 0 | G16: =IF(F16=0,"0",(E16/F16)) -> 0 | I16: 110 | J16: 18730 | K16: =J16/2.204623 -> 8495.7836 | Q16: 45879 | R16: ='Entries August''25'!AL15 -> 130 | S16: {=IF(R16=0,0,IF(COUNTIF($I$6:$I$40,R16),_xlfn.XLOOKUP(R16,$I$6:$I$40,$K$6:$K$40),_xlfn.LET(_xlpm.x, R16,_xlpm.lo, MAX(_xlfn._xlws.FILTER($I$6:$I$40, $I$6:$I$40 <= _xlpm.x)),_xlpm.hi, MIN(_xlfn._xlws.FILTER($I$6:$I$40, $I$6:$I$40 >= _xlpm.x)),_xlpm.ylo, INDEX($K$6:$K$40, MATCH(_xlpm.lo, $I$6:$I$40, 0)),_xlpm.yhi, INDEX($K$6:$K$40, MATCH(_xlpm.hi, $I$6:$I$40, 0)),_xlpm.ylo + (_xlpm.x - _xlpm.lo) * (_xlpm.yhi - _xlpm.ylo) / (_xlpm.hi - _xlpm.lo) )))} -> 10126.902 | T16: ='Entries August''25'!AM15 -> 11400 | U16: ='Entries August''25'!AN15 -> 4560 | V16: ='Entries August''25'!AO15/2.204623 -> 0 | W16: =S16+T16+U16+V16 -> 26086.902 | X16: =IF(W17-W16<0,W16-W17,W17-W16) -> 26086.902
A17: 11 | B17: =IF('Entries August''25'!N17-'Entries August''25'!N16<1,"0",'Entries August''25'!N17-'Entries August''25'!N16) -> 0 | C17: =IF('Entries August''25'!L17-'Entries August''25'!L16<1,"0",'Entries August''25'!L17-'Entries August''25'!L16) -> 0 | D17: =IF('Entries August''25'!M17-'Entries August''25'!M16<1,"0",'Entries August''25'!M17-'Entries August''25'!M16) -> 0 | E17: 0 | F17: 0 | G17: =IF(F17=0,"0",(E17/F17)) -> 0 | I17: 120 | J17: 20528 | K17: =J17/2.204623 -> 9311.3426 | Q17: 45880 | R17: ='Entries August''25'!AL16 -> 0 | S17: {=IF(R17=0,0,IF(COUNTIF($I$6:$I$40,R17),_xlfn.XLOOKUP(R17,$I$6:$I$40,$K$6:$K$40),_xlfn.LET(_xlpm.x, R17,_xlpm.lo, MAX(_xlfn._xlws.FILTER($I$6:$I$40, $I$6:$I$40 <= _xlpm.x)),_xlpm.hi, MIN(_xlfn._xlws.FILTER($I$6:$I$40, $I$6:$I$40 >= _xlpm.x)),_xlpm.ylo, INDEX($K$6:$K$40, MATCH(_xlpm.lo, $I$6:$I$40, 0)),_xlpm.yhi, INDEX($K$6:$K$40, MATCH(_xlpm.hi, $I$6:$I$40, 0)),_xlpm.ylo + (_xlpm.x - _xlpm.lo) * (_xlpm.yhi - _xlpm.ylo) / (_xlpm.hi - _xlpm.lo) )))} -> 0 | T17: ='Entries August''25'!AM16 -> 0 | U17: ='Entries August''25'!AN16 -> 0 | V17: ='Entries August''25'!AO16/2.204623 -> 0 | W17: =S17+T17+U17+V17 -> 0 | X17: =IF(W18-W17<0,W17-W18,W18-W17) -> 0
A18: 12 | B18: =IF('Entries August''25'!N18-'Entries August''25'!N17<1,"0",'Entries August''25'!N18-'Entries August''25'!N17) -> 0 | C18: =IF('Entries August''25'!L18-'Entries August''25'!L17<1,"0",'Entries August''25'!L18-'Entries August''25'!L17) -> 0 | D18: =IF('Entries August''25'!M18-'Entries August''25'!M17<1,"0",'Entries August''25'!M18-'Entries August''25'!M17) -> 1.89 | E18: 0 | F18: 0 | G18: =IF(F18=0,"0",(E18/F18)) -> 0 | I18: 130 | J18: 22326 | K18: =J18/2.204623 -> 10126.902 | Q18: 45881 | R18: ='Entries August''25'!AL17 -> 0 | S18: {=IF(R18=0,0,IF(COUNTIF($I$6:$I$40,R18),_xlfn.XLOOKUP(R18,$I$6:$I$40,$K$6:$K$40),_xlfn.LET(_xlpm.x, R18,_xlpm.lo, MAX(_xlfn._xlws.FILTER($I$6:$I$40, $I$6:$I$40 <= _xlpm.x)),_xlpm.hi, MIN(_xlfn._xlws.FILTER($I$6:$I$40, $I$6:$I$40 >= _xlpm.x)),_xlpm.ylo, INDEX($K$6:$K$40, MATCH(_xlpm.lo, $I$6:$I$40, 0)),_xlpm.yhi, INDEX($K$6:$K$40, MATCH(_xlpm.hi, $I$6:$I$40, 0)),_xlpm.ylo + (_xlpm.x - _xlpm.lo) * (_xlpm.yhi - _xlpm.ylo) / (_xlpm.hi - _xlpm.lo) )))} -> 0 | T18: ='Entries August''25'!AM17 -> 0 | U18: ='Entries August''25'!AN17 -> 0 | V18: ='Entries August''25'!AO17/2.204623 -> 0 | W18: =S18+T18+U18+V18 -> 0 | X18: =IF(W19-W18<0,W18-W19,W19-W18) -> 0
A19: 13 | B19: =IF('Entries August''25'!N19-'Entries August''25'!N18<1,"0",'Entries August''25'!N19-'Entries August''25'!N18) -> 216.14 | C19: =IF('Entries August''25'!L19-'Entries August''25'!L18<1,"0",'Entries August''25'!L19-'Entries August''25'!L18) -> 0 | D19: =IF('Entries August''25'!M19-'Entries August''25'!M18<1,"0",'Entries August''25'!M19-'Entries August''25'!M18) -> 1322.48 | E19: 1200 | F19: 293.37 | G19: =IF(F19=0,"0",(E19/F19)) -> 4.0903978 | I19: 140 | J19: 24125 | K19: =J19/2.204623 -> 10942.914 | Q19: 45882 | R19: ='Entries August''25'!AL18 -> 0 | S19: {=IF(R19=0,0,IF(COUNTIF($I$6:$I$40,R19),_xlfn.XLOOKUP(R19,$I$6:$I$40,$K$6:$K$40),_xlfn.LET(_xlpm.x, R19,_xlpm.lo, MAX(_xlfn._xlws.FILTER($I$6:$I$40, $I$6:$I$40 <= _xlpm.x)),_xlpm.hi, MIN(_xlfn._xlws.FILTER($I$6:$I$40, $I$6:$I$40 >= _xlpm.x)),_xlpm.ylo, INDEX($K$6:$K$40, MATCH(_xlpm.lo, $I$6:$I$40, 0)),_xlpm.yhi, INDEX($K$6:$K$40, MATCH(_xlpm.hi, $I$6:$I$40, 0)),_xlpm.ylo + (_xlpm.x - _xlpm.lo) * (_xlpm.yhi - _xlpm.ylo) / (_xlpm.hi - _xlpm.lo) )))} -> 0 | T19: ='Entries August''25'!AM18 -> 0 | U19: ='Entries August''25'!AN18 -> 0 | V19: ='Entries August''25'!AO18/2.204623 -> 0 | W19: =S19+T19+U19+V19 -> 0 | X19: =IF(W20-W19<0,W19-W20,W20-W19) -> 0
A20: 14 | B20: =IF('Entries August''25'!N20-'Entries August''25'!N19<1,"0",'Entries August''25'!N20-'Entries August''25'!N19) -> 297.14 | C20: =IF('Entries August''25'!L20-'Entries August''25'!L19<1,"0",'Entries August''25'!L20-'Entries August''25'!L19) -> 0 | D20: =IF('Entries August''25'!M20-'Entries August''25'!M19<1,"0",'Entries August''25'!M20-'Entries August''25'!M19) -> 2060.16 | E20: 1600 | F20: 459.162 | G20: =IF(F20=0,"0",(E20/F20)) -> 3.4846089 | I20: 150 | J20: 25923 | K20: =J20/2.204623 -> 11758.473 | Q20: 45883 | R20: ='Entries August''25'!AL19 -> 0 | S20: {=IF(R20=0,0,IF(COUNTIF($I$6:$I$40,R20),_xlfn.XLOOKUP(R20,$I$6:$I$40,$K$6:$K$40),_xlfn.LET(_xlpm.x, R20,_xlpm.lo, MAX(_xlfn._xlws.FILTER($I$6:$I$40, $I$6:$I$40 <= _xlpm.x)),_xlpm.hi, MIN(_xlfn._xlws.FILTER($I$6:$I$40, $I$6:$I$40 >= _xlpm.x)),_xlpm.ylo, INDEX($K$6:$K$40, MATCH(_xlpm.lo, $I$6:$I$40, 0)),_xlpm.yhi, INDEX($K$6:$K$40, MATCH(_xlpm.hi, $I$6:$I$40, 0)),_xlpm.ylo + (_xlpm.x - _xlpm.lo) * (_xlpm.yhi - _xlpm.ylo) / (_xlpm.hi - _xlpm.lo) )))} -> 0 | T20: ='Entries August''25'!AM19 -> 0 | U20: ='Entries August''25'!AN19 -> 0 | V20: ='Entries August''25'!AO19/2.204623 -> 0 | W20: =S20+T20+U20+V20 -> 0 | X20: =IF(W21-W20<0,W20-W21,W21-W20) -> 0
A21: 15 | B21: =IF('Entries August''25'!N21-'Entries August''25'!N20<1,"0",'Entries August''25'!N21-'Entries August''25'!N20) -> 326.08 | C21: =IF('Entries August''25'!L21-'Entries August''25'!L20<1,"0",'Entries August''25'!L21-'Entries August''25'!L20) -> 0 | D21: =IF('Entries August''25'!M21-'Entries August''25'!M20<1,"0",'Entries August''25'!M21-'Entries August''25'!M20) -> 2019.92 | E21: 2200 | F21: 582.978 | G21: =IF(F21=0,"0",(E21/F21)) -> 3.7737273 | I21: 160 | J21: 27721 | K21: =J21/2.204623 -> 12574.032 | Q21: 45884 | R21: ='Entries August''25'!AL20 -> 0 | S21: {=IF(R21=0,0,IF(COUNTIF($I$6:$I$40,R21),_xlfn.XLOOKUP(R21,$I$6:$I$40,$K$6:$K$40),_xlfn.LET(_xlpm.x, R21,_xlpm.lo, MAX(_xlfn._xlws.FILTER($I$6:$I$40, $I$6:$I$40 <= _xlpm.x)),_xlpm.hi, MIN(_xlfn._xlws.FILTER($I$6:$I$40, $I$6:$I$40 >= _xlpm.x)),_xlpm.ylo, INDEX($K$6:$K$40, MATCH(_xlpm.lo, $I$6:$I$40, 0)),_xlpm.yhi, INDEX($K$6:$K$40, MATCH(_xlpm.hi, $I$6:$I$40, 0)),_xlpm.ylo + (_xlpm.x - _xlpm.lo) * (_xlpm.yhi - _xlpm.ylo) / (_xlpm.hi - _xlpm.lo) )))} -> 0 | T21: ='Entries August''25'!AM20 -> 0 | U21: ='Entries August''25'!AN20 -> 0 | V21: ='Entries August''25'!AO20/2.204623 -> 0 | W21: =S21+T21+U21+V21 -> 0 | X21: =IF(W22-W21<0,W21-W22,W22-W21) -> 0
A22: 16 | B22: =IF('Entries August''25'!N22-'Entries August''25'!N21<1,"0",'Entries August''25'!N22-'Entries August''25'!N21) -> 0 | C22: =IF('Entries August''25'!L22-'Entries August''25'!L21<1,"0",'Entries August''25'!L22-'Entries August''25'!L21) -> 0 | D22: =IF('Entries August''25'!M22-'Entries August''25'!M21<1,"0",'Entries August''25'!M22-'Entries August''25'!M21) -> 0 | E22: 0 | F22: 0 | G22: =IF(F22=0,"0",(E22/F22)) -> 0 | I22: 170 | J22: 29519 | K22: =J22/2.204623 -> 13389.591 | Q22: 45885 | R22: ='Entries August''25'!AL21 -> 0 | S22: {=IF(R22=0,0,IF(COUNTIF($I$6:$I$40,R22),_xlfn.XLOOKUP(R22,$I$6:$I$40,$K$6:$K$40),_xlfn.LET(_xlpm.x, R22,_xlpm.lo, MAX(_xlfn._xlws.FILTER($I$6:$I$40, $I$6:$I$40 <= _xlpm.x)),_xlpm.hi, MIN(_xlfn._xlws.FILTER($I$6:$I$40, $I$6:$I$40 >= _xlpm.x)),_xlpm.ylo, INDEX($K$6:$K$40, MATCH(_xlpm.lo, $I$6:$I$40, 0)),_xlpm.yhi, INDEX($K$6:$K$40, MATCH(_xlpm.hi, $I$6:$I$40, 0)),_xlpm.ylo + (_xlpm.x - _xlpm.lo) * (_xlpm.yhi - _xlpm.ylo) / (_xlpm.hi - _xlpm.lo) )))} -> 0 | T22: ='Entries August''25'!AM21 -> 0 | U22: ='Entries August''25'!AN21 -> 0 | V22: ='Entries August''25'!AO21/2.204623 -> 0 | W22: =S22+T22+U22+V22 -> 0 | X22: =IF(W23-W22<0,W22-W23,W23-W22) -> 0
A23: 17 | B23: =IF('Entries August''25'!N23-'Entries August''25'!N22<1,"0",'Entries August''25'!N23-'Entries August''25'!N22) -> 0 | C23: =IF('Entries August''25'!L23-'Entries August''25'!L22<1,"0",'Entries August''25'!L23-'Entries August''25'!L22) -> 0 | D23: =IF('Entries August''25'!M23-'Entries August''25'!M22<1,"0",'Entries August''25'!M23-'Entries August''25'!M22) -> 0 | E23: 0 | F23: 0 | G23: =IF(F23=0,"0",(E23/F23)) -> 0 | I23: 180 | J23: 31317 | K23: =J23/2.204623 -> 14205.15 | Q23: 45886 | R23: ='Entries August''25'!AL22 -> 0 | S23: {=IF(R23=0,0,IF(COUNTIF($I$6:$I$40,R23),_xlfn.XLOOKUP(R23,$I$6:$I$40,$K$6:$K$40),_xlfn.LET(_xlpm.x, R23,_xlpm.lo, MAX(_xlfn._xlws.FILTER($I$6:$I$40, $I$6:$I$40 <= _xlpm.x)),_xlpm.hi, MIN(_xlfn._xlws.FILTER($I$6:$I$40, $I$6:$I$40 >= _xlpm.x)),_xlpm.ylo, INDEX($K$6:$K$40, MATCH(_xlpm.lo, $I$6:$I$40, 0)),_xlpm.yhi, INDEX($K$6:$K$40, MATCH(_xlpm.hi, $I$6:$I$40, 0)),_xlpm.ylo + (_xlpm.x - _xlpm.lo) * (_xlpm.yhi - _xlpm.ylo) / (_xlpm.hi - _xlpm.lo) )))} -> 0 | T23: ='Entries August''25'!AM22 -> 0 | U23: ='Entries August''25'!AN22 -> 0 | V23: ='Entries August''25'!AO22/2.204623 -> 0 | W23: =S23+T23+U23+V23 -> 0 | X23: =IF(W24-W23<0,W23-W24,W24-W23) -> 0
A24: 18 | B24: =IF('Entries August''25'!N24-'Entries August''25'!N23<1,"0",'Entries August''25'!N24-'Entries August''25'!N23) -> 243.53 | C24: =IF('Entries August''25'!L24-'Entries August''25'!L23<1,"0",'Entries August''25'!L24-'Entries August''25'!L23) -> 0 | D24: =IF('Entries August''25'!M24-'Entries August''25'!M23<1,"0",'Entries August''25'!M24-'Entries August''25'!M23) -> 1666.1 | E24: 2400 | F24: 369.534 | G24: =IF(F24=0,"0",(E24/F24)) -> 6.4946663 | I24: 190 | J24: 33116 | K24: =J24/2.204623 -> 15021.162 | Q24: 45887 | R24: ='Entries August''25'!AL23 -> 0 | S24: {=IF(R24=0,0,IF(COUNTIF($I$6:$I$40,R24),_xlfn.XLOOKUP(R24,$I$6:$I$40,$K$6:$K$40),_xlfn.LET(_xlpm.x, R24,_xlpm.lo, MAX(_xlfn._xlws.FILTER($I$6:$I$40, $I$6:$I$40 <= _xlpm.x)),_xlpm.hi, MIN(_xlfn._xlws.FILTER($I$6:$I$40, $I$6:$I$40 >= _xlpm.x)),_xlpm.ylo, INDEX($K$6:$K$40, MATCH(_xlpm.lo, $I$6:$I$40, 0)),_xlpm.yhi, INDEX($K$6:$K$40, MATCH(_xlpm.hi, $I$6:$I$40, 0)),_xlpm.ylo + (_xlpm.x - _xlpm.lo) * (_xlpm.yhi - _xlpm.ylo) / (_xlpm.hi - _xlpm.lo) )))} -> 0 | T24: ='Entries August''25'!AM23 -> 0 | U24: ='Entries August''25'!AN23 -> 0 | V24: ='Entries August''25'!AO23/2.204623 -> 0 | W24: =S24+T24+U24+V24 -> 0 | X24: =IF(W25-W24<0,W24-W25,W25-W24) -> 0
A25: 19 | B25: =IF('Entries August''25'!N25-'Entries August''25'!N24<1,"0",'Entries August''25'!N25-'Entries August''25'!N24) -> 163.62 | C25: =IF('Entries August''25'!L25-'Entries August''25'!L24<1,"0",'Entries August''25'!L25-'Entries August''25'!L24) -> 49.55 | D25: =IF('Entries August''25'!M25-'Entries August''25'!M24<1,"0",'Entries August''25'!M25-'Entries August''25'!M24) -> 1808.15 | E25: 3950 | F25: 204.798 | G25: =IF(F25=0,"0",(E25/F25)) -> 19.287298 | I25: 200 | J25: 34914 | K25: =J25/2.204623 -> 15836.721 | Q25: 45888 | R25: ='Entries August''25'!AL24 -> 0 | S25: {=IF(R25=0,0,IF(COUNTIF($I$6:$I$40,R25),_xlfn.XLOOKUP(R25,$I$6:$I$40,$K$6:$K$40),_xlfn.LET(_xlpm.x, R25,_xlpm.lo, MAX(_xlfn._xlws.FILTER($I$6:$I$40, $I$6:$I$40 <= _xlpm.x)),_xlpm.hi, MIN(_xlfn._xlws.FILTER($I$6:$I$40, $I$6:$I$40 >= _xlpm.x)),_xlpm.ylo, INDEX($K$6:$K$40, MATCH(_xlpm.lo, $I$6:$I$40, 0)),_xlpm.yhi, INDEX($K$6:$K$40, MATCH(_xlpm.hi, $I$6:$I$40, 0)),_xlpm.ylo + (_xlpm.x - _xlpm.lo) * (_xlpm.yhi - _xlpm.ylo) / (_xlpm.hi - _xlpm.lo) )))} -> 0 | T25: ='Entries August''25'!AM24 -> 0 | U25: ='Entries August''25'!AN24 -> 0 | V25: ='Entries August''25'!AO24/2.204623 -> 0 | W25: =S25+T25+U25+V25 -> 0 | X25: =IF(W26-W25<0,W25-W26,W26-W25) -> 0
A26: 20 | B26: =IF('Entries August''25'!N26-'Entries August''25'!N25<1,"0",'Entries August''25'!N26-'Entries August''25'!N25) -> 280.53 | C26: =IF('Entries August''25'!L26-'Entries August''25'!L25<1,"0",'Entries August''25'!L26-'Entries August''25'!L25) -> 0 | D26: =IF('Entries August''25'!M26-'Entries August''25'!M25<1,"0",'Entries August''25'!M26-'Entries August''25'!M25) -> 2086.6 | E26: 1600 | F26: 540.9804 | G26: =IF(F26=0,"0",(E26/F26)) -> 2.9575933 | I26: 210 | J26: 36712 | K26: =J26/2.204623 -> 16652.28 | Q26: 45889 | R26: ='Entries August''25'!AL25 -> 0 | S26: {=IF(R26=0,0,IF(COUNTIF($I$6:$I$40,R26),_xlfn.XLOOKUP(R26,$I$6:$I$40,$K$6:$K$40),_xlfn.LET(_xlpm.x, R26,_xlpm.lo, MAX(_xlfn._xlws.FILTER($I$6:$I$40, $I$6:$I$40 <= _xlpm.x)),_xlpm.hi, MIN(_xlfn._xlws.FILTER($I$6:$I$40, $I$6:$I$40 >= _xlpm.x)),_xlpm.ylo, INDEX($K$6:$K$40, MATCH(_xlpm.lo, $I$6:$I$40, 0)),_xlpm.yhi, INDEX($K$6:$K$40, MATCH(_xlpm.hi, $I$6:$I$40, 0)),_xlpm.ylo + (_xlpm.x - _xlpm.lo) * (_xlpm.yhi - _xlpm.ylo) / (_xlpm.hi - _xlpm.lo) )))} -> 0 | T26: ='Entries August''25'!AM25 -> 0 | U26: ='Entries August''25'!AN25 -> 0 | V26: ='Entries August''25'!AO25/2.204623 -> 0 | W26: =S26+T26+U26+V26 -> 0 | X26: =IF(W27-W26<0,W26-W27,W27-W26) -> 0
A27: 21 | B27: =IF('Entries August''25'!N27-'Entries August''25'!N26<1,"0",'Entries August''25'!N27-'Entries August''25'!N26) -> 379.27 | C27: =IF('Entries August''25'!L27-'Entries August''25'!L26<1,"0",'Entries August''25'!L27-'Entries August''25'!L26) -> 32.98 | D27: =IF('Entries August''25'!M27-'Entries August''25'!M26<1,"0",'Entries August''25'!M27-'Entries August''25'!M26) -> 2727.89 | E27: 2400 | F27: 609.51 | G27: =IF(F27=0,"0",(E27/F27)) -> 3.9375892 | I27: 220 | J27: 38510 | K27: =J27/2.204623 -> 17467.839 | Q27: 45890 | R27: ='Entries August''25'!AL26 -> 0 | S27: {=IF(R27=0,0,IF(COUNTIF($I$6:$I$40,R27),_xlfn.XLOOKUP(R27,$I$6:$I$40,$K$6:$K$40),_xlfn.LET(_xlpm.x, R27,_xlpm.lo, MAX(_xlfn._xlws.FILTER($I$6:$I$40, $I$6:$I$40 <= _xlpm.x)),_xlpm.hi, MIN(_xlfn._xlws.FILTER($I$6:$I$40, $I$6:$I$40 >= _xlpm.x)),_xlpm.ylo, INDEX($K$6:$K$40, MATCH(_xlpm.lo, $I$6:$I$40, 0)),_xlpm.yhi, INDEX($K$6:$K$40, MATCH(_xlpm.hi, $I$6:$I$40, 0)),_xlpm.ylo + (_xlpm.x - _xlpm.lo) * (_xlpm.yhi - _xlpm.ylo) / (_xlpm.hi - _xlpm.lo) )))} -> 0 | T27: ='Entries August''25'!AM26 -> 0 | U27: ='Entries August''25'!AN26 -> 0 | V27: ='Entries August''25'!AO26/2.204623 -> 0 | W27: =S27+T27+U27+V27 -> 0 | X27: =IF(W28-W27<0,W27-W28,W28-W27) -> 0
... A36: 30 | B36: =IF('Entries August''25'!N36-'Entries August''25'!N35<1,"0",'Entries August''25'!N36-'Entries August''25'!N35) -> 0 | C36: =IF('Entries August''25'!L36-'Entries August''25'!L35<1,"0",'Entries August''25'!L36-'Entries August''25'!L35) -> 0 | D36: =IF('Entries August''25'!M36-'Entries August''25'!M35<1,"0",'Entries August''25'!M36-'Entries August''25'!M35) -> 0 | E36: 0 | F36: 0 | G36: =IF(F36=0,"0",(E36/F36)) -> 0 | I36: 310 | J36: 54694 | K36: =J36/2.204623 -> 24808.777 | Q36: 45899 | R36: ='Entries August''25'!AL35 -> 0 | S36: {=IF(R36=0,0,IF(COUNTIF($I$6:$I$40,R36),_xlfn.XLOOKUP(R36,$I$6:$I$40,$K$6:$K$40),_xlfn.LET(_xlpm.x, R36,_xlpm.lo, MAX(_xlfn._xlws.FILTER($I$6:$I$40, $I$6:$I$40 <= _xlpm.x)),_xlpm.hi, MIN(_xlfn._xlws.FILTER($I$6:$I$40, $I$6:$I$40 >= _xlpm.x)),_xlpm.ylo, INDEX($K$6:$K$40, MATCH(_xlpm.lo, $I$6:$I$40, 0)),_xlpm.yhi, INDEX($K$6:$K$40, MATCH(_xlpm.hi, $I$6:$I$40, 0)),_xlpm.ylo + (_xlpm.x - _xlpm.lo) * (_xlpm.yhi - _xlpm.ylo) / (_xlpm.hi - _xlpm.lo) )))} -> 0 | T36: ='Entries August''25'!AM35 -> 0 | U36: ='Entries August''25'!AN35 -> 0 | V36: ='Entries August''25'!AO35/2.204623 -> 0 | W36: =S36+T36+U36+V36 -> 0 | X36: =IF(W37-W36<0,W36-W37,W37-W36) -> 0
A37: 31 | B37: =IF('Entries August''25'!N37-'Entries August''25'!N36<1,"0",'Entries August''25'!N37-'Entries August''25'!N36) -> 0 | C37: =IF('Entries August''25'!L37-'Entries August''25'!L36<1,"0",'Entries August''25'!L37-'Entries August''25'!L36) -> 0 | D37: =IF('Entries August''25'!M37-'Entries August''25'!M36<1,"0",'Entries August''25'!M37-'Entries August''25'!M36) -> 0 | E37: 0 | F37: 30.855 | G37: =IF(F37=0,"0",(E37/F37)) -> 0 | H37: TARGET | I37: 320 | J37: 56492 | K37: =J37/2.204623 -> 25624.336 | Q37: 45900 | R37: ='Entries August''25'!AL36 -> 0 | S37: {=IF(R37=0,0,IF(COUNTIF($I$6:$I$40,R37),_xlfn.XLOOKUP(R37,$I$6:$I$40,$K$6:$K$40),_xlfn.LET(_xlpm.x, R37,_xlpm.lo, MAX(_xlfn._xlws.FILTER($I$6:$I$40, $I$6:$I$40 <= _xlpm.x)),_xlpm.hi, MIN(_xlfn._xlws.FILTER($I$6:$I$40, $I$6:$I$40 >= _xlpm.x)),_xlpm.ylo, INDEX($K$6:$K$40, MATCH(_xlpm.lo, $I$6:$I$40, 0)),_xlpm.yhi, INDEX($K$6:$K$40, MATCH(_xlpm.hi, $I$6:$I$40, 0)),_xlpm.ylo + (_xlpm.x - _xlpm.lo) * (_xlpm.yhi - _xlpm.ylo) / (_xlpm.hi - _xlpm.lo) )))} -> 0 | T37: ='Entries August''25'!AM36 -> 0 | U37: ='Entries August''25'!AN36 -> 0 | V37: ='Entries August''25'!AO36/2.204623 -> 0 | W37: =S37+T37+U37+V37 -> 0 | X37: =IF(W38-W37<0,W37-W38,W38-W37) -> 0
A38: MTD | B38: =SUM(B7:B37) -> 4553.56 | C38: =SUM(C7:C37) -> 182.95 | D38: =SUM(D7:D37) -> 31818.56 | E38: =SUM(E7:E37) -> 35073 | F38: =SUM(F7:F37) -> 7279.8342 | G38: =IF(F38=0,"0",(E38/F38)) -> 4.8178295 | H38: 5 | I38: 330 | J38: 58290 | K38: =J38/2.204623 -> 26439.895 | Q38: 45901 | R38: ='Entries August''25'!AL37 -> 0 | S38: {=IF(R38=0,0,IF(COUNTIF($I$6:$I$40,R38),_xlfn.XLOOKUP(R38,$I$6:$I$40,$K$6:$K$40),_xlfn.LET(_xlpm.x, R38,_xlpm.lo, MAX(_xlfn._xlws.FILTER($I$6:$I$40, $I$6:$I$40 <= _xlpm.x)),_xlpm.hi, MIN(_xlfn._xlws.FILTER($I$6:$I$40, $I$6:$I$40 >= _xlpm.x)),_xlpm.ylo, INDEX($K$6:$K$40, MATCH(_xlpm.lo, $I$6:$I$40, 0)),_xlpm.yhi, INDEX($K$6:$K$40, MATCH(_xlpm.hi, $I$6:$I$40, 0)),_xlpm.ylo + (_xlpm.x - _xlpm.lo) * (_xlpm.yhi - _xlpm.ylo) / (_xlpm.hi - _xlpm.lo) )))} -> 0 | T38: ='Entries August''25'!AM37 -> 0 | U38: ='Entries August''25'!AN37 -> 0 | V38: ='Entries August''25'!AO37/2.204623 -> 0 | W38: =S38+T38+U38+V38 -> 0 | X38: =IF(W39-W38<0,W38-W39,W39-W38) -> 0
I39: 340 | J39: 60089 | K39: =J39/2.204623 -> 27255.907 | W39: =S39+T39+U39+V39 -> 0
I40: 350 | J40: 60537 | K40: =J40/2.204623 -> 27459.117 | W40: TOTAL | X40: =SUM(X8:X38) -> 75228.773

Sheet Daily KPIs CO2
A3: Utilities Daily Consumption
Y4: 1364
A5: 45870
B6: 1 | C6: 2 | D6: 3 | E6: 4 | F6: 5 | G6: 6 | H6: 7 | I6: 8 | J6: 9 | K6: 10 | L6: 11 | M6: 12 | N6: 13 | O6: 14 | P6: 15 | Q6: 16 | R6: 17 | S6: 18 | T6: 19 | U6: 20 | V6: 21 | W6: 22 | X6: 23 | Y6: 24 | Z6: 25 | AA6: 26 | AB6: 27 | AC6: 28 | AD6: 29 | AE6: 30 | AH6: Monthly Target
A7: Days | B7: Sun | C7: Mon | D7: Tue | E7: Wed | F7: Thu | G7: Fri | H7: Sat | I7: Sun | J7: Mon | K7: Tue | L7: Wed | M7: Thu | N7: Fri | O7: Sat | P7: Sun | Q7: Mon | R7: Tue | S7: Wed | T7: Thu | U7: Fri | V7: Sat | W7: Sun | X7: Mon | Y7: Tue | Z7: Wed | AA7: Thu | AB7: Fri | AC7: Sat | AD7: Sun | AE7: Mon | AG7: Total | AI7: Diff.
A8: Cases Produced | C8: ='Daily KPIs'!C8 -> 0 | D8: ='Daily KPIs'!D8 -> 0 | E8: ='Daily KPIs'!E8 -> 7244 | F8: ='Daily KPIs'!F8 -> 10306 | G8: ='Daily KPIs'!G8 -> 6941 | H8: ='Daily KPIs'!H8 -> 8509 | I8: ='Daily KPIs'!I8 -> 8380 | J8: ='Daily KPIs'!J8 -> 0 | ... AC8: ='Daily KPIs'!AC8 -> 8803 | AF8: ='Daily KPIs'!AD8 -> 6173 | AG8: =SUM($B8:AF8) -> 109148 | AH8: 96325 | AI8: =AG8-AH8 -> 12823
A9: HL produced | B9: ='Daily KPIs'!B9 -> 0 | C9: ='Daily KPIs'!C9 -> 0 | D9: ='Daily KPIs'!D9 -> 0 | E9: ='Daily KPIs'!E9 -> 478.104 | F9: ='Daily KPIs'!F9 -> 680.196 | G9: ='Daily KPIs'!G9 -> 458.106 | H9: ='Daily KPIs'!H9 -> 574.2228 | I9: ='Daily KPIs'!I9 -> 553.08 | ... AC9: ='Daily KPIs'!AC9 -> 580.998 | AF9: ='Daily KPIs'!AD9 -> 407.418 | AG9: =SUM($B9:AF9) -> 7248.9792
A10: Product Type | B10: ='Daily KPIs'!B10 -> 0 | C10: ='Daily KPIs'!C10 -> 0 | D10: ='Daily KPIs'!D10 -> 0 | E10: ='Daily KPIs'!E10 -> SM/CB | F10: ='Daily KPIs'!F10 -> CB | G10: ='Daily KPIs'!G10 -> ST/GN | H10: ='Daily KPIs'!I10 -> CB/ST | I10: ='Daily KPIs'!J10 -> 0 | J10: ='Daily KPIs'!J10 -> 0 | K10: ='Daily KPIs'!K10 -> 0 | L10: ='Daily KPIs'!L10 -> 0 | M10: ='Daily KPIs'!M10 -> 0 | N10: ='Daily KPIs'!N10 -> MK/CB | O10: ='Daily KPIs'!O10 -> CB/ST | P10: ='Daily KPIs'!P10 -> CB/ST | Q10: ='Daily KPIs'!Q10 -> 0 | ... Y10: ='Daily KPIs'!Y10 -> 0 | AA10: ='Daily KPIs'!AA10 -> 0 | AB10: ='Daily KPIs'!AB10 -> CB | AC10: ='Daily KPIs'!AC10 -> CB/GN | AF10: ='Daily KPIs'!AD10 -> GN/CB
A13: Water (m3)
A14: Area | B14: 1 | C14: 2 | D14: 3 | E14: 4 | F14: 5 | G14: 6 | H14: 7 | I14: 8 | J14: 9 | K14: 10 | L14: 11 | M14: 12 | N14: 13 | O14: 14 | P14: 15 | Q14: 16 | R14: 17 | S14: 18 | T14: 19 | U14: 20 | V14: 21 | W14: 22 | X14: 23 | Y14: 24 | Z14: 25 | AA14: 26 | AB14: 27 | AC14: 28 | AD14: 29 | AE14: 30 | AF14: 31 | AG14: MTD
A15: Well Supply (from filtered water) | B15: =+'Water '!$C7 -> 0 | C15: =+'Water '!$C8 -> 0 | D15: =+'Water '!$C9 -> 0 | E15: =+'Water '!$C10 -> 0 | F15: =+'Water '!$C11 -> 0 | G15: =+'Water '!$C12 -> 0 | H15: =+'Water '!$C13 -> 0 | I15: =+'Water '!$C14 -> 0 | J15: =+'Water '!$C15 -> 0 | K15: =+'Water '!$C16 -> 0 | L15: =+'Water '!$C17 -> 0 | M15: =+'Water '!$C18 -> 0 | N15: =+'Water '!$C18 -> 0 | O15: =+'Water '!$C20 -> 0 | P15: =+'Water '!$C21 -> 0 | Q15: =+'Water '!$C22 -> 0 | R15: =+'Water '!$C23 -> 0 | S15: =+'Water '!$C24 -> 0 | T15: =+'Water '!$C25 -> 0 | U15: =+'Water '!$C26 -> 0 | V15: =+'Water '!$C27 -> 0 | W15: =+'Water '!$C28 -> 0 | X15: =+'Water '!$C29 -> 0 | Y15: =+'Water '!$C30 -> 0 | Z15: =+'Water '!$C31 -> 0 | AA15: =+'Water '!$C32 -> 0 | AB15: =+'Water '!$C33 -> 0 | AC15: =+'Water '!$C34 -> 0 | AD15: =+'Water '!$C31 -> 0 | AE15: =+'Water '!$C32 -> 0 | AF15: =+'Water '!$C33 -> 0 | AG15: =SUM($B15:AF15) -> 0
A16: Nawasa Supply | B16: =+'Water '!$D7 -> 0 | C16: =+'Water '!$D8 -> 15 | D16: =+'Water '!$D9 -> 1 | E16: =+'Water '!$D10 -> 0 | F16: =+'Water '!$D11 -> 307 | G16: =+'Water '!$D12 -> 383 | H16: =+'Water '!$D13 -> 186 | I16: =+'Water '!$D14 -> 104 | J16: =+'Water '!$D15 -> 0 | K16: =+'Water '!$D16 -> 0 | L16: =+'Water '!$D17 -> 0 | M16: =+'Water '!$D18 -> 0 | N16: =+'Water '!$D19 -> 199 | O16: =+'Water '!$D20 -> 219 | P16: =+'Water '!$D21 -> 265 | Q16: =+'Water '!$D22 -> 20 | R16: =+'Water '!$D23 -> 64 | S16: =+'Water '!$D24 -> 174 | T16: =+'Water '!$D25 -> 125 | U16: =+'Water '!$D26 -> 391 | V16: =+'Water '!$D27 -> 277 | W16: =+'Water '!$D28 -> 203 | X16: =+'Water '!$D29 -> 0 | Y16: =+'Water '!$D30 -> 0 | Z16: =+'Water '!$D31 -> 121 | AA16: =+'Water '!$D32 -> 12 | AB16: =+'Water '!$D33 -> 186 | AC16: =+'Water '!$D34 -> 220 | AD16: =+'Water '!$D31 -> 121 | AE16: =+'Water '!$D32 -> 12 | AF16: =+'Water '!$D33 -> 186 | AG16: =SUM($B16:AF16) -> 3791
A17: Annanale Supply | B17: =+'Water '!$E7 -> 91 | C17: =+'Water '!$E8 -> 0 | D17: =+'Water '!$E9 -> 0 | E17: =+'Water '!$E10 -> 232 | F17: =+'Water '!$E11 -> 127 | G17: =+'Water '!$E12 -> 151 | H17: =+'Water '!$E13 -> 205 | I17: =+'Water '!$E14 -> 122 | J17: =+'Water '!$E15 -> 63 | K17: =+'Water '!$E16 -> 105 | L17: =+'Water '!$E17 -> 0 | M17: =+'Water '!$E18 -> 0 | N17: =+'Water '!$E19 -> 140 | O17: =+'Water '!$E20 -> 230 | P17: =+'Water '!$E21 -> 254 | Q17: =+'Water '!$E22 -> 108 | R17: =+'Water '!$E23 -> 48 | S17: =+'Water '!$E24 -> 194 | T17: =+'Water '!$E25 -> 232 | U17: =+'Water '!$E26 -> 47 | V17: =+'Water '!$E27 -> 275 | W17: =+'Water '!$E28 -> 103 | X17: =+'Water '!$E29 -> 64 | Y17: =+'Water '!$E30 -> 0 | Z17: =+'Water '!$E31 -> 101 | AA17: =+'Water '!$E32 -> 148 | AB17: =+'Water '!$E33 -> 183 | AC17: =+'Water '!$E34 -> 240 | AD17: =+'Water '!$E31 -> 101 | AE17: =+'Water '!$E32 -> 148 | AF17: =+'Water '!$E33 -> 183 | AG17: =SUM($B17:AF17) -> 3895
A18: Total Water Supply | B18: =SUM(B15:B17) -> 91 | C18: =SUM(C15:C17) -> 15 | D18: =SUM(D15:D17) -> 1 | E18: =SUM(E15:E17) -> 232 | F18: =SUM(F15:F17) -> 434 | G18: =SUM(G15:G17) -> 534 | H18: =SUM(H15:H17) -> 391 | I18: =SUM(I15:I17) -> 226 | ... AF18: =SUM(AF15:AF17) -> 369 | AG18: =SUM($B18:AF18) -> 7686
AG20: =SUM($B20:AF20) -> 0
A21: Theoretical permeate | B21: =0.73*(B96+B15) -> 70.08 | C21: =0.73*(C96+C15) -> 0 | D21: =0.73*(D96+D15) -> 0 | E21: =0.73*(E96+E15) -> 177.39 | F21: =0.73*(F96+F15) -> 101.47 | G21: =0.73*(G96+G15) -> 110.96 | H21: =0.73*(H96+H15) -> 157.68 | I21: =0.73*(I96+I15) -> 116.8 | ... AF21: =0.73*(AF96+AF15) -> 70.08 | AG21: =SUM($B21:AF21) -> 2541.13 | AH21: =AG24+AG37+AG28 -> 7956 | AJ21: =(AH21*10)/AG9 -> 10.975338
E22: =0.73*(E97+E16) -> 0
A23: Permeate Produced | B23: ='Water '!R7 -> 0 | C23: ='Water '!R8 -> 0 | D23: ='Water '!R9 -> 0 | E23: ='Water '!R10 -> 0 | F23: ='Water '!R11 -> 0 | G23: ='Water '!R12 -> 0 | H23: ='Water '!R13 -> 0 | I23: ='Water '!R14 -> 0 | J23: ='Water '!R15 -> 0 | K23: ='Water '!R16 -> 0 | L23: ='Water '!R17 -> 0 | M23: ='Water '!R18 -> 0 | N23: ='Water '!R19 -> 0 | O23: ='Water '!R20 -> 0 | P23: ='Water '!R21 -> 0 | Q23: ='Water '!R22 -> 0 | R23: ='Water '!R23 -> 0 | S23: ='Water '!R24 -> 0 | T23: ='Water '!R25 -> 0 | U23: ='Water '!R26 -> 0 | V23: ='Water '!R27 -> 0 | W23: ='Water '!R28 -> 0 | X23: ='Water '!R29 -> 0 | Y23: ='Water '!R30 -> 0 | Z23: ='Water '!R31 -> 0 | AA23: ='Water '!R32 -> 0 | AB23: ='Water '!R33 -> 0 | AC23: ='Water '!R34 -> 0 | AD23: ='Water '!V31 -> 0 | AE23: ='Water '!V32 -> 0 | AF23: ='Water '!V33 -> 0 | AG23: =SUM($B23:AF23) -> 0
A24: Service Water Plant Supply | B24: ='Water '!H7 -> 12 | C24: ='Water '!H8 -> 14 | D24: ='Water '!H9 -> 17 | E24: ='Water '!H10 -> 293 | F24: ='Water '!H11 -> 251 | G24: ='Water '!H12 -> 216 | H24: ='Water '!H13 -> 223 | I24: ='Water '!H14 -> 194 | J24: ='Water '!H15 -> 27 | K24: ='Water '!H16 -> 71 | L24: ='Water '!H17 -> 14 | M24: ='Water '!H18 -> 12 | N24: ='Water '!H19 -> 216 | O24: ='Water '!H20 -> 203 | P24: ='Water '!H21 -> 232 | Q24: ='Water '!H22 -> 54 | R24: ='Water '!H23 -> 93 | S24: ='Water '!H24 -> 236 | T24: ='Water '!H25 -> 169 | U24: ='Water '!H26 -> 285 | V24: ='Water '!H27 -> 341 | W24: ='Water '!H28 -> 180 | X24: ='Water '!H29 -> 28 | Y24: ='Water '!H30 -> 45 | Z24: ='Water '!H31 -> 91 | AA24: ='Water '!H32 -> 49 | AB24: ='Water '!H33 -> 197 | AC24: ='Water '!H34 -> 274 | AD24: ='Water '!L31 -> 0 | AE24: ='Water '!L32 -> 0 | AF24: ='Water '!L33 -> 0 | AG24: =SUM($B24:AF24) -> 4037
A25: Water consumption | B25: =SUM(B23:B24) -> 12 | C25: =SUM(C23:C24) -> 14 | D25: =SUM(D23:D24) -> 17 | E25: =SUM(E23:E24) -> 293 | F25: =SUM(F23:F24) -> 251 | G25: =SUM(G23:G24) -> 216 | H25: =SUM(H23:H24) -> 223 | I25: =SUM(I23:I24) -> 194 | ... AF25: =SUM(AF23:AF24) -> 0 | AG25: =SUM($B25:AF25) -> 4037
B26: =IF(B$9=0,"",+(B25*10)/B$9) | C26: =IF(C$9=0,"",+(C25*10)/C$9) | D26: =IF(D$9=0,"",+(D25*10)/D$9) | E26: =IF(E$9=0,"",+(E25*10)/E$9) -> 6.1283737 | F26: =IF(F$9=0,"",+(F25*10)/F$9) -> 3.6901128 | G26: =IF(G$9=0,"",+(G25*10)/G$9) -> 4.7150659 | H26: =IF(H$9=0,"",+(H25*10)/H$9) -> 3.88351 | I26: =IF(I$9=0,"",+(I25*10)/I$9) -> 3.50763 | ... AF26: =IF(AF$9=0,"",+(AF25*10)/AF$9) -> 0
A27: Water Consumption detail | AG27: =SUM($B27:AF27) -> 0
A28: Brewhouse / Old Pepsi Area | B28: =+'Water '!$J7 -> 0 | C28: =+'Water '!$J8 -> 0 | D28: =+'Water '!$J9 -> 0 | E28: =+'Water '!$J10 -> 121 | F28: =+'Water '!$J11 -> 117 | G28: =+'Water '!$J12 -> 220 | H28: =+'Water '!$J13 -> 164 | I28: =+'Water '!$J14 -> 121 | J28: =+'Water '!$J15 -> 0 | K28: =+'Water '!$J16 -> 0 | L28: =+'Water '!$J17 -> 0 | M28: =+'Water '!$J18 -> 4 | N28: =+'Water '!$J19 -> 116 | O28: =+'Water '!$J20 -> 228 | P28: =+'Water '!$J21 -> 182 | Q28: =+'Water '!$J22 -> 138 | R28: =+'Water '!$J23 -> 0 | S28: =+'Water '!$J24 -> 156 | T28: =+'Water '!$J25 -> 222 | U28: =+'Water '!$J26 -> 196 | V28: =+'Water '!$J27 -> 133 | W28: =+'Water '!$J28 -> 125 | X28: =+'Water '!$J29 -> 77 | Y28: =+'Water '!$J30 -> 0 | Z28: =+'Water '!$J31 -> 163 | AA28: =+'Water '!$J32 -> 142 | AB28: =+'Water '!$J33 -> 162 | AC28: =+'Water '!$J34 -> 201 | AD28: =+'Water '!$J31 -> 163 | AE28: =+'Water '!$J32 -> 142 | AF28: =+'Water '!$J33 -> 162 | AG28: =SUM($B28:AF28) -> 3455
A29: Spent Grains/Wash-down Areas | B29: ='Water '!X7 -> 0 | C29: ='Water '!X8 -> 0 | D29: ='Water '!X9 -> 0 | E29: ='Water '!X10 -> 0 | F29: ='Water '!X11 -> 0 | G29: ='Water '!X12 -> 0 | H29: ='Water '!X13 -> 0 | I29: ='Water '!X14 -> 0 | J29: ='Water '!X15 -> 0 | K29: ='Water '!X16 -> 0 | L29: ='Water '!X17 -> 0 | M29: ='Water '!X18 -> 0 | N29: ='Water '!X19 -> 0 | O29: ='Water '!X20 -> 0 | P29: ='Water '!X21 -> 0 | Q29: ='Water '!X22 -> 0 | R29: ='Water '!X23 -> 0 | S29: ='Water '!X24 -> 0 | T29: ='Water '!X25 -> 0 | U29: ='Water '!X26 -> 0 | V29: ='Water '!X27 -> 0 | W29: ='Water '!X28 -> 0 | X29: ='Water '!X29 -> 0 | Y29: ='Water '!X30 -> 0 | Z29: ='Water '!X31 -> 0 | AA29: ='Water '!X32 -> 0 | AB29: ='Water '!X33 -> 0 | AC29: ='Water '!X34 -> 0 | AD29: ='Water '!AB31 -> 0 | AE29: ='Water '!AB32 -> 0 | AF29: ='Water '!AB33 -> 15.504462 | AG29: =SUM($B29:AF29) -> 15.504462
A30: Whirlpool
A31: Filtration/Cellars | B31: =+'Water '!$K7 -> 0 | C31: =+'Water '!$K8 -> 0 | D31: =+'Water '!$K9 -> 0 | E31: =+'Water '!$K10 -> 0 | F31: =+'Water '!$K11 -> 0 | G31: =+'Water '!$K12 -> 0 | H31: =+'Water '!$K13 -> 0 | I31: =+'Water '!$K14 -> 0 | J31: =+'Water '!$K15 -> 0 | K31: =+'Water '!$K16 -> 0 | L31: =+'Water '!$K17 -> 0 | M31: =+'Water '!$K18 -> 0 | N31: =+'Water '!$K19 -> 0 | O31: =+'Water '!$K19 -> 0 | P31: =+'Water '!$K19 -> 0 | Q31: =+'Water '!$K22 -> 0 | R31: =+'Water '!$K22 -> 0 | S31: =+'Water '!$K22 -> 0 | T31: =+'Water '!$K25 -> 0 | U31: =+'Water '!$K26 -> 0 | V31: =+'Water '!$K27 -> 0 | W31: =+'Water '!$K28 -> 0 | X31: =+'Water '!$K29 -> 0 | Y31: =+'Water '!$K30 -> 0 | Z31: =+'Water '!$K31 -> 0 | AA31: =+'Water '!$K32 -> 0 | AB31: =+'Water '!$K33 -> 0 | AC31: =+'Water '!$K34 -> 0 | AD31: =+'Water '!$K31 -> 0 | AE31: =+'Water '!$K32 -> 0 | AF31: =+'Water '!$K33 -> 0 | AG31: =SUM($B31:AF31) -> 0
A32: Processing/Cellars | B32: ='Water '!L7 -> 0 | C32: ='Water '!L8 -> 0 | D32: ='Water '!L9 -> 0 | E32: ='Water '!L10 -> 0 | F32: ='Water '!L11 -> 0 | G32: ='Water '!L12 -> 0 | H32: ='Water '!L13 -> 0 | I32: ='Water '!L14 -> 0 | J32: ='Water '!L15 -> 0 | K32: ='Water '!L16 -> 0 | L32: ='Water '!L17 -> 0 | M32: ='Water '!L18 -> 0 | N32: ='Water '!L19 -> 0 | O32: ='Water '!M19 -> 6 | P32: ='Water '!N19 -> 68 | Q32: ='Water '!L22 -> 0 | R32: ='Water '!M22 -> 0 | S32: ='Water '!N22 -> 0 | T32: ='Water '!L25 -> 0 | U32: ='Water '!L26 -> 0 | V32: ='Water '!L27 -> 0 | W32: ='Water '!L28 -> 0 | X32: ='Water '!L29 -> 0 | Y32: ='Water '!L30 -> 0 | Z32: ='Water '!L31 -> 0 | AA32: ='Water '!L32 -> 0 | AB32: ='Water '!L33 -> 0 | AC32: ='Water '!L34 -> 0 | AD32: ='Water '!P31 -> 0 | AE32: ='Water '!P32 -> 0 | AF32: ='Water '!P33 -> 19 | AG32: =SUM($B32:AF32) -> 93
A33: CIP Process | B33: =+'Water '!$N7 -> 0 | C33: =+'Water '!$N8 -> 0 | D33: =+'Water '!$N9 -> 1 | E33: =+'Water '!$N10 -> 70 | F33: =+'Water '!$N11 -> 62 | G33: =+'Water '!$N12 -> 41 | H33: =+'Water '!$N13 -> 49 | I33: =+'Water '!$N14 -> 27 | J33: =+'Water '!$N15 -> 0 | K33: =+'Water '!$N16 -> 0 | L33: =+'Water '!$N17 -> 0 | M33: =+'Water '!$N18 -> 0 | N33: =+'Water '!$N19 -> 68 | O33: =+'Water '!$N19 -> 68 | P33: =+'Water '!$N19 -> 68 | Q33: =+'Water '!$N22 -> 0 | R33: =+'Water '!$N22 -> 0 | S33: =+'Water '!$N22 -> 0 | T33: =+'Water '!$N25 -> 52 | U33: =+'Water '!$N26 -> 65 | V33: =+'Water '!$N27 -> 52 | W33: =+'Water '!$N28 -> 48 | X33: =+'Water '!$N29 -> 0 | Y33: =+'Water '!$N30 -> 0 | Z33: =+'Water '!$N31 -> 64 | AA33: =+'Water '!$N32 -> 7 | AB33: =+'Water '!$N33 -> 21 | AC33: =+'Water '!$N34 -> 47 | AD33: =+'Water '!$N31 -> 64 | AE33: =+'Water '!$N32 -> 7 | AF33: =+'Water '!$N33 -> 21 | AG33: =SUM($B33:AF33) -> 902 | AJ33: =34294/2.2 -> 15588.182
A34: Bottles Washer | B34: =+'Water '!$O7 -> 0 | C34: =+'Water '!$O8 -> 0 | D34: =+'Water '!$O9 -> 3 | E34: =+'Water '!$O10 -> 137 | F34: =+'Water '!$O11 -> 120 | G34: =+'Water '!$O12 -> 88 | H34: =+'Water '!$O13 -> 98 | I34: =+'Water '!$O14 -> 91 | J34: =+'Water '!$O15 -> 5 | K34: =+'Water '!$O16 -> 0 | L34: =+'Water '!$O17 -> 0 | M34: =+'Water '!$O18 -> 29 | N34: =+'Water '!$O19 -> 63 | O34: =+'Water '!$O19 -> 63 | P34: =+'Water '!$O19 -> 63 | Q34: =+'Water '!$O19 -> 63 | R34: =+'Water '!$O19 -> 63 | S34: =+'Water '!$O19 -> 63 | T34: =+'Water '!$O25 -> 51 | U34: =+'Water '!$O26 -> 136 | V34: =+'Water '!$O27 -> 191 | W34: =+'Water '!$O28 -> 67 | X34: =+'Water '!$O29 -> 4 | Y34: =+'Water '!$O30 -> 0 | Z34: =+'Water '!$O31 -> 0 | AA34: =+'Water '!$O32 -> 37 | AB34: =+'Water '!$O33 -> 107 | AC34: =+'Water '!$O34 -> 130 | AD34: =+'Water '!$O31 -> 0 | AE34: =+'Water '!$O32 -> 37 | AF34: =+'Water '!$O33 -> 107 | AG34: =SUM($B34:AF34) -> 1816
A35: Bottle Filler | B35: =IF('Entries August''25'!AC7-'Entries August''25'!AC6<1,0,'Entries August''25'!AC7-'Entries August''25'!AC6) -> 0 | C35: =IF('Entries August''25'!AC8-'Entries August''25'!AC7<1,0,'Entries August''25'!AC8-'Entries August''25'!AC7) -> 0 | D35: =IF('Entries August''25'!AC9-'Entries August''25'!AC8<1,0,'Entries August''25'!AC9-'Entries August''25'!AC8) -> 0 | E35: =IF('Entries August''25'!AC10-'Entries August''25'!AC9<1,0,'Entries August''25'!AC10-'Entries August''25'!AC9) -> 32 | F35: =IF('Entries August''25'!AC11-'Entries August''25'!AC10<1,0,'Entries August''25'!AC11-'Entries August''25'!AC10) -> 24 | G35: =IF('Entries August''25'!AC12-'Entries August''25'!AC11<1,0,'Entries August''25'!AC12-'Entries August''25'!AC11) -> 26 | H35: =IF('Entries August''25'!AC13-'Entries August''25'!AC12<1,0,'Entries August''25'!AC13-'Entries August''25'!AC12) -> 29 | I35: =IF('Entries August''25'!AC14-'Entries August''25'!AC13<1,0,'Entries August''25'!AC14-'Entries August''25'!AC13) -> 25 | J35: =IF('Entries August''25'!AC15-'Entries August''25'!AC14<1,0,'Entries August''25'!AC15-'Entries August''25'!AC14) -> 0 | K35: =IF('Entries August''25'!AC16-'Entries August''25'!AC15<1,0,'Entries August''25'!AC16-'Entries August''25'!AC15) -> 0 | L35: =IF('Entries August''25'!AC17-'Entries August''25'!AC16<1,0,'Entries August''25'!AC17-'Entries August''25'!AC16) -> 0 | M35: =IF('Entries August''25'!AC18-'Entries August''25'!AC17<1,0,'Entries August''25'!AC18-'Entries August''25'!AC17) -> 0 | N35: =IF('Entries August''25'!AC19-'Entries August''25'!AC18<1,0,'Entries August''25'!AC19-'Entries August''25'!AC18) -> 45 | O35: =IF('Entries August''25'!AC20-'Entries August''25'!AC19<1,0,'Entries August''25'!AC20-'Entries August''25'!AC19) -> 26 | P35: =IF('Entries August''25'!AC21-'Entries August''25'!AC20<1,0,'Entries August''25'!AC21-'Entries August''25'!AC20) -> 27 | Q35: =IF('Entries August''25'!AC22-'Entries August''25'!AC21<1,0,'Entries August''25'!AC22-'Entries August''25'!AC21) -> 0 | R35: =IF('Entries August''25'!AC23-'Entries August''25'!AC22<1,0,'Entries August''25'!AC23-'Entries August''25'!AC22) -> 0 | S35: =IF('Entries August''25'!AC24-'Entries August''25'!AC23<1,0,'Entries August''25'!AC24-'Entries August''25'!AC23) -> 26 | T35: =IF('Entries August''25'!AC25-'Entries August''25'!AC24<1,0,'Entries August''25'!AC25-'Entries August''25'!AC24) -> 18 | U35: =IF('Entries August''25'!AC26-'Entries August''25'!AC25<1,0,'Entries August''25'!AC26-'Entries August''25'!AC25) -> 26 | V35: =IF('Entries August''25'!AC27-'Entries August''25'!AC26<1,0,'Entries August''25'!AC27-'Entries August''25'!AC26) -> 30 | W35: =IF('Entries August''25'!$AC28-'Entries August''25'!$AC27<1,0,'Entries August''25'!$AC28-'Entries August''25'!$AC27) -> 15 | X35: =IF('Entries August''25'!$AC29-'Entries August''25'!$AC28<1,0,'Entries August''25'!$AC29-'Entries August''25'!$AC28) -> 5 | Y35: =IF('Entries August''25'!$AC30-'Entries August''25'!$AC29<1,0,'Entries August''25'!$AC30-'Entries August''25'!$AC29) -> 0 | Z35: =IF('Entries August''25'!$AC31-'Entries August''25'!$AC30<1,0,'Entries August''25'!$AC31-'Entries August''25'!$AC30) -> 0 | AA35: =IF('Entries August''25'!$AC32-'Entries August''25'!$AC31<1,0,'Entries August''25'!$AC32-'Entries August''25'!$AC31) -> 0 | AB35: =IF('Entries August''25'!$AC33-'Entries August''25'!$AC32<1,0,'Entries August''25'!$AC33-'Entries August''25'!$AC32) -> 19 | AC35: =IF('Entries August''25'!$AC34-'Entries August''25'!$AC33<1,0,'Entries August''25'!$AC34-'Entries August''25'!$AC33) -> 30 | AD35: =IF('Entries August''25'!$AC31-'Entries August''25'!$AC30<1,0,'Entries August''25'!$AC31-'Entries August''25'!$AC30) -> 0 | AE35: =IF('Entries August''25'!$AC32-'Entries August''25'!$AC31<1,0,'Entries August''25'!$AC32-'Entries August''25'!$AC31) -> 0 | AF35: =IF('Entries August''25'!$AC33-'Entries August''25'!$AC32<1,0,'Entries August''25'!$AC33-'Entries August''25'!$AC32) -> 19 | AG35: =SUM($B35:AF35) -> 422
A36: Pasteuriser | B36: =+'Water '!$M7 -> 0 | C36: =+'Water '!$M8 -> 0 | D36: =+'Water '!$M9 -> 0 | E36: =+'Water '!$M10 -> 0 | F36: =+'Water '!$M11 -> 0 | G36: =+'Water '!$M12 -> 0 | H36: =+'Water '!$M13 -> 1 | I36: =+'Water '!$M14 -> 0 | J36: =+'Water '!$M15 -> 0 | K36: =+'Water '!$M16 -> 0 | L36: =+'Water '!$M17 -> 0 | M36: =+'Water '!$M18 -> 0 | N36: =+'Water '!$M19 -> 6 | O36: =+'Water '!$M20 -> 0 | P36: =+'Water '!$M21 -> 0 | Q36: =+'Water '!$M22 -> 0 | R36: =+'Water '!$M23 -> 0 | S36: =+'Water '!$M24 -> 6 | T36: =+'Water '!$M25 -> 0 | U36: =+'Water '!$M26 -> 0 | V36: =+'Water '!$M27 -> 0 | W36: =+'Water '!$M28 -> 0 | X36: =+'Water '!$M29 -> 0 | Y36: =+'Water '!$M30 -> 0 | Z36: =+'Water '!$M31 -> 0 | AA36: =+'Water '!$M32 -> 0 | AB36: =+'Water '!$M33 -> 4 | AC36: =+'Water '!$M34 -> 8 | AD36: =+'Water '!$M31 -> 0 | AE36: =+'Water '!$M32 -> 0 | AF36: =+'Water '!$M33 -> 4 | AG36: =SUM($B36:AF36) -> 29
A37: Boiler Supply | B37: =+'Water '!$Q7 -> 0 | C37: =+'Water '!$Q8 -> 0 | D37: =+'Water '!$Q9 -> 2 | E37: =+'Water '!$Q10 -> 18 | F37: =+'Water '!$Q11 -> 14 | G37: =+'Water '!$Q12 -> 15 | H37: =+'Water '!$Q13 -> 22 | I37: =+'Water '!$Q14 -> 17 | J37: =+'Water '!$Q15 -> 6 | K37: =+'Water '!$Q16 -> 3 | L37: =+'Water '!$Q17 -> 0 | M37: =+'Water '!$Q18 -> 7 | N37: =+'Water '!$Q19 -> 23 | O37: =+'Water '!$Q19 -> 23 | P37: =+'Water '!$Q21 -> 28 | Q37: =+'Water '!$Q22 -> 7 | R37: =+'Water '!$Q22 -> 7 | S37: =+'Water '!$Q24 -> 29 | T37: =+'Water '!$Q25 -> 26 | U37: =+'Water '!$Q26 -> 32 | V37: =+'Water '!$Q27 -> 27 | W37: =+'Water '!$Q28 -> 21 | X37: =+'Water '!$Q29 -> 3 | Y37: =+'Water '!$Q30 -> 0 | Z37: =+'Water '!$Q31 -> 0 | AA37: =+'Water '!$Q32 -> 25 | AB37: =+'Water '!$Q33 -> 26 | AC37: =+'Water '!$Q34 -> 32 | AD37: =+'Water '!$Q31 -> 0 | AE37: =+'Water '!$Q32 -> 25 | AF37: =+'Water '!$Q33 -> 26 | AG37: =SUM($B37:AF37) -> 464
A38: Backwash Supply | AG38: =SUM($B38:AF38) -> 0
A39: Refrigeration Unit | B39: ='Water '!Y7 -> 0 | C39: ='Water '!Y8 -> 0 | D39: ='Water '!Y9 -> 0 | E39: ='Water '!Y10 -> 0 | F39: ='Water '!Y11 -> 0 | G39: ='Water '!Y12 -> 0 | H39: ='Water '!Y13 -> 0 | I39: ='Water '!Y14 -> 0 | J39: ='Water '!Y15 -> 0 | K39: ='Water '!Y16 -> 0 | L39: ='Water '!Y17 -> 0 | M39: ='Water '!Y18 -> 0 | N39: ='Water '!Y19 -> 0 | O39: ='Water '!Y20 -> 0 | P39: ='Water '!Y21 -> 0 | Q39: ='Water '!Y22 -> 0 | R39: ='Water '!Y23 -> 0 | S39: ='Water '!Y24 -> 0 | T39: ='Water '!Y25 -> 0 | U39: ='Water '!Y26 -> 0 | V39: ='Water '!Y27 -> 0 | W39: ='Water '!Y28 -> 0 | X39: ='Water '!Y29 -> 0 | Y39: ='Water '!Y30 -> 0 | Z39: ='Water '!Y31 -> 0 | AA39: ='Water '!Y32 -> 0 | AB39: ='Water '!Y33 -> 0 | AC39: ='Water '!Y34 -> 0 | AD39: ='Water '!AC31 -> 0 | AE39: ='Water '!AC32 -> 0 | AF39: ='Water '!AC33 -> 0 | AG39: =SUM($B39:AF39) -> 0
A40: CO2 Scrubber | B40: ='Water '!I7 -> 0 | C40: ='Water '!I8 -> 0 | D40: ='Water '!I9 -> 0 | E40: ='Water '!I10 -> 0 | F40: ='Water '!I11 -> 0 | G40: ='Water '!I12 -> 0 | H40: ='Water '!I13 -> 0 | I40: ='Water '!I14 -> 0 | J40: ='Water '!I15 -> 0 | K40: ='Water '!I16 -> 0 | L40: ='Water '!J16 -> 0 | M40: ='Water '!K16 -> 0 | N40: ='Water '!I19 -> 0 | O40: ='Water '!I20 -> 0 | P40: ='Water '!I21 -> 0 | Q40: ='Water '!I22 -> 0 | R40: ='Water '!I23 -> 0 | S40: ='Water '!I24 -> 0 | T40: ='Water '!I25 -> 0 | U40: ='Water '!I26 -> 0 | V40: ='Water '!I27 -> 0 | W40: ='Water '!I28 -> 0 | X40: ='Water '!I29 -> 0 | Y40: ='Water '!I30 -> 0 | Z40: ='Water '!I31 -> 0 | AA40: ='Water '!I32 -> 0 | AB40: ='Water '!I33 -> 0 | AC40: ='Water '!I34 -> 0 | AD40: ='Water '!M31 -> 0 | AE40: ='Water '!M32 -> 0 | AF40: ='Water '!M33 -> 4 | AG40: =SUM($B40:AF40) -> 4
A41: Personnel Consumption
A42: Total water consumption (M3) | B42: =SUM(B28:B41) -> 0 | C42: =SUM(C28:C41) -> 0 | D42: =SUM(D28:D41) -> 6 | E42: =SUM(E28:E41) -> 378 | F42: =SUM(F28:F41) -> 337 | G42: =SUM(G28:G41) -> 390 | H42: =SUM(H28:H41) -> 363 | I42: =SUM(I28:I41) -> 281 | ... AF42: =SUM(AF28:AF41) -> 377.50446 | AG42: =SUM($B42:AF42) -> 7200.5045
A45: CO2 (kg.) (Tank Gauges)
A47: CO2 (kg.) (Ex. Vap'r) | B47: =IF('Entries August''25'!M7-'Entries August''25'!M6<1,0,'Entries August''25'!M7-'Entries August''25'!M6) -> 0 | C47: =IF('Entries August''25'!M8-'Entries August''25'!M7<1,0,'Entries August''25'!M8-'Entries August''25'!M7) -> 0 | D47: =IF('Entries August''25'!M9-'Entries August''25'!M8<1,0,'Entries August''25'!M9-'Entries August''25'!M8) -> 19.39 | E47: =IF('Entries August''25'!M10-'Entries August''25'!M9<1,0,'Entries August''25'!M10-'Entries August''25'!M9) -> 2029.64 | F47: =IF('Entries August''25'!M11-'Entries August''25'!M10<1,0,'Entries August''25'!M11-'Entries August''25'!M10) -> 2577.06 | G47: =IF('Entries August''25'!M12-'Entries August''25'!M11<1,0,'Entries August''25'!M12-'Entries August''25'!M11) -> 1753.7 | H47: =IF('Entries August''25'!M13-'Entries August''25'!M12<1,0,'Entries August''25'!M13-'Entries August''25'!M12) -> 2309.38 | I47: =IF('Entries August''25'!M14-'Entries August''25'!M13<1,0,'Entries August''25'!M14-'Entries August''25'!M13) -> 2052.93 | J47: =IF('Entries August''25'!M15-'Entries August''25'!M14<1,0,'Entries August''25'!M15-'Entries August''25'!M14) -> 0 | K47: =IF('Entries August''25'!M16-'Entries August''25'!M15<1,0,'Entries August''25'!M16-'Entries August''25'!M15) -> 0 | L47: =IF('Entries August''25'!M17-'Entries August''25'!M16<1,0,'Entries August''25'!M17-'Entries August''25'!M16) -> 0 | M47: =IF('Entries August''25'!M18-'Entries August''25'!M17<1,0,'Entries August''25'!M18-'Entries August''25'!M17) -> 1.89 | N47: =IF('Entries August''25'!M19-'Entries August''25'!M18<1,0,'Entries August''25'!M19-'Entries August''25'!M18) -> 1322.48 | O47: =IF('Entries August''25'!M20-'Entries August''25'!M19<1,0,'Entries August''25'!M20-'Entries August''25'!M19) -> 2060.16 | P47: =IF('Entries August''25'!M21-'Entries August''25'!M20<1,0,'Entries August''25'!M21-'Entries August''25'!M20) -> 2019.92 | Q47: =IF('Entries August''25'!M22-'Entries August''25'!M21<1,0,'Entries August''25'!M22-'Entries August''25'!M21) -> 0 | R47: =IF('Entries August''25'!M23-'Entries August''25'!M22<1,0,'Entries August''25'!M23-'Entries August''25'!M22) -> 0 | S47: =IF('Entries August''25'!N23-'Entries August''25'!N22<1,0,'Entries August''25'!N23-'Entries August''25'!N22) -> 0 | T47: =IF('Entries August''25'!O23-'Entries August''25'!O22<1,0,'Entries August''25'!O23-'Entries August''25'!O22) -> 64 | U47: =IF('Entries August''25'!P23-'Entries August''25'!P22<1,0,'Entries August''25'!P23-'Entries August''25'!P22) -> 48 | V47: =IF('Entries August''25'!O24-'Entries August''25'!O23<1,0,'Entries August''25'!O24-'Entries August''25'!O23) -> 174 | W47: =IF('Entries August''25'!P24-'Entries August''25'!P23<1,0,'Entries August''25'!P24-'Entries August''25'!P23) -> 194 | X47: =IF('Entries August''25'!Q24-'Entries August''25'!Q23<1,0,'Entries August''25'!Q24-'Entries August''25'!Q23) -> 236 | Y47: =IF('Entries August''25'!R24-'Entries August''25'!R23<1,0,'Entries August''25'!R24-'Entries August''25'!R23) -> 0 | Z47: =IF('Entries August''25'!S24-'Entries August''25'!S23<1,0,'Entries August''25'!S24-'Entries August''25'!S23) -> 156 | AA47: =IF('Entries August''25'!T24-'Entries August''25'!T23<1,0,'Entries August''25'!T24-'Entries August''25'!T23) -> 0 | AB47: =IF('Entries August''25'!U24-'Entries August''25'!U23<1,0,'Entries August''25'!U24-'Entries August''25'!U23) -> 6 | AC47: =IF('Entries August''25'!V24-'Entries August''25'!V23<1,0,'Entries August''25'!V24-'Entries August''25'!V23) -> 224 | ... AF47: =IF('Entries August''25'!Y24-'Entries August''25'!Y23<1,0,'Entries August''25'!Y24-'Entries August''25'!Y23) -> 173 | AG47: =SUM($B47:AF47) -> 17474.55
A49: CO2 (kg.) (Filler) | B49: ='Daily KPIs'!B76 -> 0 | C49: ='Daily KPIs'!C76 -> 0 | D49: ='Daily KPIs'!D76 -> 0 | E49: ='Daily KPIs'!E76 -> 325.01 | F49: ='Daily KPIs'!F76 -> 381.24 | G49: ='Daily KPIs'!G76 -> 251.32 | H49: ='Daily KPIs'!H76 -> 352.59 | I49: ='Daily KPIs'!I76 -> 291.43 | ... AF49: ='Daily KPIs'!AF76 -> 0 | AG49: =SUM($B49:AF49) -> 4553.56
