Workbook
Name ProductList: [1]November15!$R$3:$R$9
Name ProductList: [2]November15!$R$3:$R$9

Sheet Dec 18th
T1: P.G. | V1: Hot Time | X1: Process Time | Z1: Cooling Time
B2: Brewing Department Daily Process Loss Report | T2: Lower | U2: Upper | V2: Lower | W2: Upper | X2: Lower | Y2: Upper | Z2: Lower | AA2: Upper
S3: CARIB | T3: 11.6 | U3: 12 | V3: 0 | W3: 0.11805556 | X3: 0.17361111 | Y3: 0.21180556 | Z3: 0 | AA3: 60 | AC3: HR- PISNER
B4: Date: | C4: 45278 | J4: LOT WORT COLOUR: 3.4 | M4: Filter Sheets (Target 20 days) | S4: STAG | T4: 11.6 | U4: 12 | V4: 0 | W4: 0.11805556 | X4: 0.17361111 | Y4: 0.21180556 | Z4: 0 | AA4: 60
M5: Double | N5: Single | S5: GUINNESS | T5: 17 | U5: 17.5 | V5: 0 | W5: 0.10763889 | X5: 0.19444444 | Y5: 0.23263889 | Z5: 0 | AA5: 60
J6: MALT LOT: Lot 8 | L6: Sheet Day | S6: MACKESON | T6: 13.3 | U6: 13.5 | V6: 0 | W6: 0.12905093 | X6: 0.22222222 | Y6: 0.25347222 | Z6: 0
S7: STARMALT | T7: 17.1 | U7: 17.5 | V7: 0 | W7: 0.13605324 | X7: 0.20833333 | Y7: 0.24305556 | Z7: 0 | AA7: 60
B8: Brand | C8: Brew no. | D8: Kett. Hls | E8: Wort | F8: Cool Time(Mins) | G8: Cast. P.G. (Lab Result) | H8: Cast P.G. (Cellar Operator)-gravity | I8: Extr. Rec (79.1%) | J8: Theor. Extr. (77.5%) | K8: Boil Off /Vol. (4-6%) | L8: Boil Time | M8: Total Hot | N8: Brewing | P8: Comments | Q8: Actual Pilsen Malt | S8: Hurricane Reef | T8: 16.6 | U8: 17 | V8: 0 | W8: 0.12905093 | X8: 0.22222222 | Y8: 0.25347222 | Z8: 0
E9: Meter (Hls) | F9: Target(< 60Mins) | M9: Time | S9: VITAMALT | T9: 14.4 | U9: 14.6 | V9: 0 | W9: 0.13905093 | X9: 0.19097222 | Y9: 0.22569444 | Z9: 0 | AA9: 75
S10: =B10 -> 0 | T10: =VLOOKUP($B10,$S$3:$Y$9,2,FALSE) -> #N/A | U10: =VLOOKUP($B10,$S$3:$Y$9,3,FALSE) -> #N/A | V10: =VLOOKUP($B10,$S$3:$Y$9,4,FALSE) -> #N/A | W10: =VLOOKUP($B10,$S$3:$Y$9,5,FALSE) -> #N/A | X10: =VLOOKUP($B10,$S$3:$Y$9,6,FALSE) -> #N/A | Y10: =VLOOKUP($B10,$S$3:$Y$9,7,FALSE) -> #N/A | Z10: =VLOOKUP($B10,$S$3:$AA$9,8,FALSE) -> #N/A | AA10: =VLOOKUP($B10,$S$3:$AA$9,9,FALSE) -> #N/A
S11: =B11 -> 0 | T11: =VLOOKUP($B11,$S$3:$Y$9,2,FALSE) -> #N/A | U11: =VLOOKUP($B11,$S$3:$Y$9,3,FALSE) -> #N/A | V11: =VLOOKUP($B11,$S$3:$Y$9,4,FALSE) -> #N/A | W11: =VLOOKUP($B11,$S$3:$Y$9,5,FALSE) -> #N/A | X11: =VLOOKUP($B11,$S$3:$Y$9,6,FALSE) -> #N/A | Y11: =VLOOKUP($B11,$S$3:$Y$9,7,FALSE) -> #N/A | Z11: =VLOOKUP($B11,$S$3:$AA$9,8,FALSE) -> #N/A | AA11: =VLOOKUP($B11,$S$3:$AA$9,9,FALSE) -> #N/A
S12: =B12 -> 0 | T12: =VLOOKUP($B12,$S$3:$Y$9,2,FALSE) -> #N/A | U12: =VLOOKUP($B12,$S$3:$Y$9,3,FALSE) -> #N/A | V12: =VLOOKUP($B12,$S$3:$Y$9,4,FALSE) -> #N/A | W12: =VLOOKUP($B12,$S$3:$Y$9,5,FALSE) -> #N/A | X12: =VLOOKUP($B12,$S$3:$Y$9,6,FALSE) -> #N/A | Y12: =VLOOKUP($B12,$S$3:$Y$9,7,FALSE) -> #N/A | Z12: =VLOOKUP($B12,$S$3:$AA$9,8,FALSE) -> #N/A | AA12: =VLOOKUP($B12,$S$3:$AA$9,9,FALSE) -> #N/A
S13: =B13 -> 0 | T13: =VLOOKUP($B13,$S$3:$Y$9,2,FALSE) -> #N/A | U13: =VLOOKUP($B13,$S$3:$Y$9,3,FALSE) -> #N/A | V13: =VLOOKUP($B13,$S$3:$Y$9,4,FALSE) -> #N/A | W13: =VLOOKUP($B13,$S$3:$Y$9,5,FALSE) -> #N/A | X13: =VLOOKUP($B13,$S$3:$Y$9,6,FALSE) -> #N/A | Y13: =VLOOKUP($B13,$S$3:$Y$9,7,FALSE) -> #N/A | Z13: =VLOOKUP($B13,$S$3:$AA$9,8,FALSE) -> #N/A | AA13: =VLOOKUP($B13,$S$3:$AA$9,9,FALSE) -> #N/A
S14: =B14 -> 0 | T14: =VLOOKUP($B14,$S$3:$Y$9,2,FALSE) -> #N/A | U14: =VLOOKUP($B14,$S$3:$Y$9,3,FALSE) -> #N/A | V14: =VLOOKUP($B14,$S$3:$Y$9,4,FALSE) -> #N/A | W14: =VLOOKUP($B14,$S$3:$Y$9,5,FALSE) -> #N/A | X14: =VLOOKUP($B14,$S$3:$Y$9,6,FALSE) -> #N/A | Y14: =VLOOKUP($B14,$S$3:$Y$9,7,FALSE) -> #N/A | Z14: =VLOOKUP($B14,$S$3:$AA$9,8,FALSE) -> #N/A | AA14: =VLOOKUP($B14,$S$3:$AA$9,9,FALSE) -> #N/A
S15: =B15 -> 0 | T15: =VLOOKUP($B15,$S$3:$Y$9,2,FALSE) -> #N/A | U15: =VLOOKUP($B15,$S$3:$Y$9,3,FALSE) -> #N/A | V15: =VLOOKUP($B15,$S$3:$Y$9,4,FALSE) -> #N/A | W15: =VLOOKUP($B15,$S$3:$Y$9,5,FALSE) -> #N/A | X15: =VLOOKUP($B15,$S$3:$Y$9,6,FALSE) -> #N/A | Y15: =VLOOKUP($B15,$S$3:$Y$9,7,FALSE) -> #N/A | Z15: =VLOOKUP($B15,$S$3:$AA$9,8,FALSE) -> #N/A | AA15: =VLOOKUP($B15,$S$3:$AA$9,9,FALSE) -> #N/A
S16: =B16 -> 0 | T16: =VLOOKUP($B16,$S$3:$Y$9,2,FALSE) -> #N/A | U16: =VLOOKUP($B16,$S$3:$Y$9,3,FALSE) -> #N/A | V16: =VLOOKUP($B16,$S$3:$Y$9,4,FALSE) -> #N/A | W16: =VLOOKUP($B16,$S$3:$Y$9,5,FALSE) -> #N/A | X16: =VLOOKUP($B16,$S$3:$Y$9,6,FALSE) -> #N/A | Y16: =VLOOKUP($B16,$S$3:$Y$9,7,FALSE) -> #N/A | Z16: =VLOOKUP($B16,$S$3:$AA$9,8,FALSE) -> #N/A | AA16: =VLOOKUP($B16,$S$3:$AA$9,9,FALSE) -> #N/A
S17: =B17 -> 0 | T17: =VLOOKUP($B17,$S$3:$Y$9,2,FALSE) -> #N/A | U17: =VLOOKUP($B17,$S$3:$Y$9,3,FALSE) -> #N/A | V17: =VLOOKUP($B17,$S$3:$Y$9,4,FALSE) -> #N/A | W17: =VLOOKUP($B17,$S$3:$Y$9,5,FALSE) -> #N/A | X17: =VLOOKUP($B17,$S$3:$Y$9,6,FALSE) -> #N/A | Y17: =VLOOKUP($B17,$S$3:$Y$9,7,FALSE) -> #N/A | Z17: =VLOOKUP($B17,$S$3:$AA$9,8,FALSE) -> #N/A | AA17: =VLOOKUP($B17,$S$3:$AA$9,9,FALSE) -> #N/A
S18: =B18 -> 0 | T18: =VLOOKUP($B18,$S$3:$Y$9,2,FALSE) -> #N/A | U18: =VLOOKUP($B18,$S$3:$Y$9,3,FALSE) -> #N/A | V18: =VLOOKUP($B18,$S$3:$Y$9,4,FALSE) -> #N/A | W18: =VLOOKUP($B18,$S$3:$Y$9,5,FALSE) -> #N/A | X18: =VLOOKUP($B18,$S$3:$Y$9,6,FALSE) -> #N/A | Y18: =VLOOKUP($B18,$S$3:$Y$9,7,FALSE) -> #N/A | Z18: =VLOOKUP($B18,$S$3:$AA$9,8,FALSE) -> #N/A | AA18: =VLOOKUP($B18,$S$3:$AA$9,9,FALSE) -> #N/A
S19: =B19 -> 0 | T19: =VLOOKUP($B19,$S$3:$Y$9,2,FALSE) -> #N/A | U19: =VLOOKUP($B19,$S$3:$Y$9,3,FALSE) -> #N/A | V19: =VLOOKUP($B19,$S$3:$Y$9,4,FALSE) -> #N/A | W19: =VLOOKUP($B19,$S$3:$Y$9,5,FALSE) -> #N/A | X19: =VLOOKUP($B19,$S$3:$Y$9,6,FALSE) -> #N/A | Y19: =VLOOKUP($B19,$S$3:$Y$9,7,FALSE) -> #N/A | Z19: =VLOOKUP($B19,$S$3:$AA$9,8,FALSE) -> #N/A | AA19: =VLOOKUP($B19,$S$3:$AA$9,9,FALSE) -> #N/A
S20: =B20 -> 0 | T20: =VLOOKUP($B20,$S$3:$Y$9,2,FALSE) -> #N/A | U20: =VLOOKUP($B20,$S$3:$Y$9,3,FALSE) -> #N/A | V20: =VLOOKUP($B20,$S$3:$Y$9,4,FALSE) -> #N/A | W20: =VLOOKUP($B20,$S$3:$Y$9,5,FALSE) -> #N/A | X20: =VLOOKUP($B20,$S$3:$Y$9,6,FALSE) -> #N/A | Y20: =VLOOKUP($B20,$S$3:$Y$9,7,FALSE) -> #N/A | Z20: =VLOOKUP($B20,$S$3:$AA$9,8,FALSE) -> #N/A | AA20: =VLOOKUP($B20,$S$3:$AA$9,9,FALSE) -> #N/A
S21: =B21 -> 0 | T21: =VLOOKUP($B21,$S$3:$Y$9,2,FALSE) -> #N/A | U21: =VLOOKUP($B21,$S$3:$Y$9,3,FALSE) -> #N/A | V21: =VLOOKUP($B21,$S$3:$Y$9,4,FALSE) -> #N/A | W21: =VLOOKUP($B21,$S$3:$Y$9,5,FALSE) -> #N/A | X21: =VLOOKUP($B21,$S$3:$Y$9,6,FALSE) -> #N/A | Y21: =VLOOKUP($B21,$S$3:$Y$9,7,FALSE) -> #N/A | Z21: =VLOOKUP($B21,$S$3:$AA$9,8,FALSE) -> #N/A | AA21: =VLOOKUP($B21,$S$3:$AA$9,9,FALSE) -> #N/A
... S47: =B47 -> 0 | T47: =VLOOKUP($B47,$S$3:$Y$9,2,FALSE) -> #N/A | U47: =VLOOKUP($B47,$S$3:$Y$9,3,FALSE) -> #N/A | V47: =VLOOKUP($B47,$S$3:$Y$9,4,FALSE) -> #N/A | W47: =VLOOKUP($B47,$S$3:$Y$9,5,FALSE) -> #N/A | X47: =VLOOKUP($B47,$S$3:$Y$9,6,FALSE) -> #N/A | Y47: =VLOOKUP($B47,$S$3:$Y$9,7,FALSE) -> #N/A | Z47: =VLOOKUP($B47,$S$3:$AA$9,8,FALSE) -> #N/A | AA47: =VLOOKUP($B47,$S$3:$AA$9,9,FALSE) -> #N/A
I48: EXTRACT RECOVERY
B49: BRAND | D49: BBT P.G./ O.G | I49: Brand | J49: Actual | K49: MTD No. of Brews | L49: MTD | M49: YTD | N49: Target
B50: STAG | C50: 11.8 | D50: 11.73 | I50: CARIB | K50: =COUNTA([3]Brewhouse!$A$1596:$A$1619) -> 24 | L50: =AVERAGE([3]Brewhouse!$AU$1529,[3]Brewhouse!$AU$1531:$AU$1594,[3]Brewhouse!$AU$1596:$AU$1619) -> 98.205761 | M50: =AVERAGE([3]Brewhouse!$AU$849:$AU$924,[3]Brewhouse!$AU$926:$AU$971,[3]Brewhouse!$AU$973:$AU$1066,[3]Brewhouse!$AU$1068:$AU$1111,[3]Brewhouse!$AU$1113:$AU$1132,[3]Brewhouse!$AU$1134:$AU$1167,[3]Brewhouse!$AU$1169:$AU$1230,[3]Brewhouse!$AU$1232:$AU$1299,[3]Brewhouse!$AU$1301:$AU$1363,[3]Brewhouse!$AU$1365:$AU$1444,[3]Brewhouse!$AU$1446:$AU$1527,[3]Brewhouse!$AU$1529,[3]Brewhouse!$AU$1531:$AU$1594,[3]Brewhouse!$AU$1596:$AU$1619) -> 98.381806 | N50: 98
C51: 11.9 | I51: STAG | K51: =COUNTA([4]Brewhouse!$A$976:$A$1007) -> 32 | L51: =AVERAGE([4]Brewhouse!$AS$976:$AS$979,[4]Brewhouse!$AS$981:$AS$1007) -> 98.538567 | M51: =AVERAGE([4]Brewhouse!$AS$577:$AS$618,[4]Brewhouse!$AS$620:$AS$651,[4]Brewhouse!$AS$653:$AS$696,[4]Brewhouse!$AS$698:$AS$708,[4]Brewhouse!$AS$710:$AS$733,[4]Brewhouse!$AS$735:$AS$777,[4]Brewhouse!$AS$779:$AS$822,[4]Brewhouse!$AS$824:$AS$863,[4]Brewhouse!$AS$865:$AS$974,[4]Brewhouse!$AS$976:$AS$979,[4]Brewhouse!$AS$981:$AS$1007) -> 98.489671 | N51: 98
I52: GUINNESS | K52: =COUNTA([5]Brewhouse!$A$282:$A$289) -> 8 | L52: =AVERAGE([5]Brewhouse!$AU$269:$AU$279,[5]Brewhouse!$AU$282:$AU$289) -> 96.186177 | M52: =AVERAGE([5]Brewhouse!$AU$161:$AU$176,[5]Brewhouse!$AU$178:$AU$195,[5]Brewhouse!$AU$197:$AU$208,[5]Brewhouse!$AU$210:$AU$221,[5]Brewhouse!$AU$223:$AU$232,[5]Brewhouse!$AU$234:$AU$279,[5]Brewhouse!$AU$282:$AU$289) -> 96.64916 | N52: 98
I53: VITAMALT | K53: =COUNTA([6]Brewhouse!$A$158:$A$163) -> 6 | L53: =AVERAGE([6]Brewhouse!$AU$158:$AU$163) -> 94.60305 | M53: =AVERAGE([6]Brewhouse!$AU$91:$AU$101,[6]Brewhouse!$AU$103:$AU$112,[6]Brewhouse!$AU$114:$AU$123,[6]Brewhouse!$AU$125:$AU$134,[6]Brewhouse!$AU$136:$AU$145,[6]Brewhouse!$AU$147:$AU$156,[6]Brewhouse!$AU$158:$AU$163) -> 96.240014 | N53: 98
I54: MAXIMALT | N54: 98
I55: MACKESON | M55: =AVERAGE([7]Brewhouse!$AT$74:$AT$79) -> 93.959836 | N55: 98
I56: STARMALT | K56: =COUNTA([8]Brewhouse!$A$249:$A$254) -> 6 | L56: =AVERAGE([8]Brewhouse!$AY$249:$AY$254) -> 99.681996 | M56: =AVERAGE([8]Brewhouse!$AY$138:$AY$143,[8]Brewhouse!$AY$145:$AY$153,[8]Brewhouse!$AY$155,[8]Brewhouse!$AY$156:$AY$174,[8]Brewhouse!$AY$176:$AY$185,[8]Brewhouse!$AY$187:$AY$198,[8]Brewhouse!$AY$200:$AY$247,[8]Brewhouse!$AY$249:$AY$254) -> 98.774703 | N56: 98
I57: HR- P | M57: =AVERAGE([9]Brewhouse!$AW$13:$AW$14,[9]Brewhouse!$AW$16:$AW$17) -> 92.042628 | N57: 98
I58: Hurricane Reef | M58: =AVERAGE([9]Brewhouse!$AW$13:$AW$14) -> 88.376943 | N58: 98
K59: =SUM(K50:K58) -> 76 | L59: =((L50*K50)+(L51*K51)+(L52*K52)+(L53*K53)+(L54*K54)+(K57*L57)+(L55*K55)+(L56*K56)+(L58*K58))/(K59) -> 97.965422 | M59: =AVERAGE('[10]Closing- January 2023'!$L$42,'[11]Feb. 28th'!$L$42,'[12]March 31st'!$L$75,'[13]Apri 28th'!$L$51,L59) -> 98.06926 | N59: 98
J62: Daily Brewing Plan
J63: Brand | K63: Brews Achieved | L63: Average Brews per day
J64: CARIB | L64: MTD | M64: YTD | N64: TARGET
J65: STAG | K65: 5 | L65: =AVERAGE(#REF!,#REF!,K74,#REF!,#REF!,#REF!,#REF!,#REF!,#REF!,#REF!,#REF!) -> #REF! | M65: =AVERAGE(6,6,'[12]March 31st'!$L$80,'[14]June 30th '!$L$71,6,L65,'[15]July 31st'!$L$108,'[16]Aug 30th'!$L$124,7,[17]Oct.31st!$L$51) -> #REF! | N65: 9
J66: GUINN
J67: VITAMALT
J68: STARMALT
J69: MACKESON
J70: HURRICANE REEF- IPA
J71: HURRICANE REEF- APA
B72: AVERAGE | D72: =AVERAGE(D50:E71) -> 11.73 | J72: HR- PILSNER
J73: CARIBE
J74: Total | K74: =SUM(K64:K73) -> 5
B75: Process: | C75: Fermentation/Filtration
B77: Brand | C77: Filt. Date | D77: FV Hls | E77: GFE/ Prim/ Vita Blend (Hls) | F77: SV Hls | G77: BBT Hls | H77: Loss (%) Ferm | I77: Loss (%) Filt | J77: Comments | K77: Throughput | L77: Process Loss (%) | M77: Filt. Operator
U78: 43466 | V78: 43467 | W78: 43468 | X78: 43469 | Y78: 43470 | Z78: 43471 | AA78: 43472 | AB78: 43473 | AC78: 43474 | AD78: 43475 | AE78: 43476 | AF78: 43477 | AG78: 43478 | AH78: 43479 | AI78: 43480 | AJ78: 43481 | AK78: 43482 | AL78: 43483 | AM78: 43484 | AN78: 43485 | AO78: 43486 | AP78: 43487 | AQ78: 43488 | AR78: 43489 | AS78: 43490 | AT78: 43491 | AU78: 43492 | AV78: 43493 | AW78: 43494 | AX78: 43495 | AY78: 43496
B79: STAG | C79: 45278 | D79: =[18]December_2023!$U$13 -> 150.4 | G79: =[18]December_2023!$U$17 -> 120.8 | J79: NO BREAK | K79: =[19]December_2023!$U$25 -> 0.42385965 | L79: =(((D79+E79)-G79)/(D79+E79))*100 -> 19.680851 | M79: K.Hosten | T79: hls
T80: Throughput | U80: =[20]January_2019!D8 -> #DIV/0! | V80: =[20]January_2019!E8 -> 1.0319298 | W80: =[20]January_2019!F8 -> 1.7789474 | X80: =[20]January_2019!G8 -> 0.51929825 | Y80: =[20]January_2019!H8 -> #DIV/0! | Z80: =[20]January_2019!I8 -> #DIV/0! | AA80: =[20]January_2019!J8 -> 1.3652632 | AB80: =[20]January_2019!K8 -> #DIV/0! | ... AY80: =[20]January_2019!AH8 -> #DIV/0!
B87: Process Loss (Volume) | G87: Process Loss (Extract) | K87: Throughput
B88: Brand | C88: Actual | D88: MTD | E88: YTD | F88: Target | G88: Actual | H88: MTD | I88: YTD | J88: Target | K88: Actual | L88: MTD | M88: YTD | N88: Target
B89: CARIB | D89: 5.181332 | E89: 6.6038503 | F89: 4.8 | H89: 5.2502762 | I89: 6.9665258 | J89: 4.8 | L89: 0.70807018 | M89: 0.77999467 | N89: 1
B90: STAG | C90: =AVERAGE(L79,L81) -> 19.680851 | D90: 6.5498915 | E90: 6.1662321 | F90: 4.8 | G90: =[18]December_2023!$U$21 -> 19.680851 | H90: 6.3458282 | I90: 5.9138834 | J90: 4.8 | K90: =AVERAGE(K79,K81) -> 0.42385965 | L90: 0.66137427 | M90: 0.71942944 | N90: 1
B91: GUINN | D91: 8.4423676 | E91: 8.9890455 | F91: 5.5 | H91: 5.9624998 | I91: 8.6652309 | J91: 5.5 | L91: 0.51561404 | M91: 0.65035608 | N91: 1
B92: VITAMALT | D92: 3.597848 | E92: 2.9936807 | F92: 3.3 | H92: 6.098202 | I92: 3.3134543 | J92: 3.3 | L92: 0.50298246 | M92: 1.0625518 | N92: 1
B93: MAXIMALT | F93: 3.3 | J93: 3 | N93: 1
B94: MACKESON | E94: 6.4174306 | F94: =[21]May_2022!$M$43 -> 3.4878407 | I94: 7.0730655 | J94: 5.5 | M94: 1.0342105 | N94: 1
B95: STARMALT | D95: 2.7692803 | E95: 3.0589058 | F95: 3.3 | H95: 4.2179953 | I95: 4.9470953 | J95: 3.3 | L95: 1.0594737 | M95: 1.0223839 | N95: 1
B96: HURRICANE REEF | E96: 11.178248 | F96: 7.5 | I96: 14.59851 | J96: 7.5 | M96: 0.30947368 | N96: 1
D97: 5.3927001 | E97: 6.2517133 | F97: 4.5 | H97: 5.4965257 | I97: 6.527958 | J97: 4.5 | L97: 0.69682018 | M97: 0.78265038 | N97: 1
AD110: :

Sheet Aug 4th 
S1: P.G. | U1: Hot Time | W1: Process Time | Y1: Cooling Time
B2: Brewing Department Daily Process Loss Report | S2: Lower | T2: Upper | U2: Lower | V2: Upper | W2: Lower | X2: Upper | Y2: Lower | Z2: Upper
R3: CARIB | S3: 11.6 | T3: 12 | U3: 0 | V3: 0.11805556 | W3: 0.22569444 | X3: 0.26388889 | Y3: 0 | Z3: 60 | AB3: HR- PISNER
B4: Date: | C4: 45874 | J4: LOT WORT COLOUR: 3.0/3.3 | M4: Filter Sheets (Target 20 days) | R4: STAG | S4: 11.6 | T4: 12 | U4: 0 | V4: 0.11805556 | W4: 0.22569444 | X4: 0.26388889 | Y4: 0 | Z4: 60
M5: Double | N5: Single | R5: GUINNESS | S5: 17 | T5: 17.5 | U5: 0 | V5: 0.10763889 | W5: 0.24652778 | X5: 0.28472222 | Y5: 0 | Z5: 60
J6: MALT LOT: Lot #41 /42 | L6: Sheet Day | M6: 10 | N6: 10 | R6: MACKESON | S6: 13.3 | T6: 13.5 | U6: 0 | V6: 0.12905093 | W6: 0.27430556 | X6: 0.30208333 | Y6: 0
R7: STARMALT | S7: 17.1 | T7: 17.5 | U7: 0 | V7: 0.13605324 | W7: 0.27430556 | X7: 0.30902778 | Y7: 0 | Z7: 85
B8: Brand | C8: Brew no. | D8: Kett. Hls | E8: Wort | F8: Cool Time(Mins) | G8: Cast. P.G. (Lab Result) | H8: Cast P.G. (Cellar Operator)-gravity | I8: Extr. Rec (77.9%) | J8: Theor. Extr. (77.5%) | K8: Boil Off /Vol. (4-6%) | L8: Boil Time | M8: Total Hot | N8: Brewing | O8: Operator | R8: Hurricane Reef | S8: 16.6 | T8: 17 | U8: 0 | V8: 0.12905093 | W8: 0.27430556 | X8: 0.30208333 | Y8: 0
E9: Meter (Hls) | F9: Target(< 60Mins) | M9: Time | R9: VITAMALT | S9: 14.4 | T9: 14.6 | U9: 0 | V9: 0.13905093 | W9: 0.26041667 | X9: 0.29513889 | Y9: 0 | Z9: 75
B10: STAG | C10: =[22]Brewhouse!$A324 -> ST303 | D10: =[22]Brewhouse!$AD324 -> 49.9 | E10: =[22]Brewhouse!$AG324 -> 48.9 | F10: =[22]Brewhouse!$V324 -> 63 | G10: =[22]Brewhouse!$AE324 -> 12.1 | H10: 12.1 | I10: =[22]Brewhouse!$AS324 -> 99.121856 | J10: =[22]Brewhouse!$AT324 -> 100.04506 | K10: =[22]Brewhouse!$Q324 -> 11.152416 | L10: =[22]Brewhouse!$P324 -> 60 | M10: =[22]Brewhouse!$U324-[22]Brewhouse!$T324 -> 0.11041667 | N10: =[22]Brewhouse!$AW324 -> 0.24166667 | O10: =[22]Brewhouse!$AV324 -> R.Sookram | R10: =B10 -> STAG | S10: =VLOOKUP($B10,$R$3:$X$9,2,FALSE) -> 11.6 | T10: =VLOOKUP($B10,$R$3:$X$9,3,FALSE) -> 12 | U10: =VLOOKUP($B10,$R$3:$X$9,4,FALSE) -> 0 | V10: =VLOOKUP($B10,$R$3:$X$9,5,FALSE) -> 0.11805556 | W10: =VLOOKUP($B10,$R$3:$X$9,6,FALSE) -> 0.22569444 | X10: =VLOOKUP($B10,$R$3:$X$9,7,FALSE) -> 0.26388889 | Y10: =VLOOKUP($B10,$R$3:$Z$9,8,FALSE) -> 0 | Z10: =VLOOKUP($B10,$R$3:$Z$9,9,FALSE) -> 60
B11: STAG | C11: =[22]Brewhouse!$A325 -> ST304 | D11: =[22]Brewhouse!$AD325 -> 50.5 | E11: =[22]Brewhouse!$AG325 -> 48.9 | F11: =[22]Brewhouse!$V325 -> 60 | G11: =[22]Brewhouse!$AE325 -> 11.8 | H11: 11.8 | I11: =[22]Brewhouse!$AS325 -> 95.100831 | J11: =[22]Brewhouse!$AT325 -> 96.473457 | K11: =[22]Brewhouse!$Q325 -> 3.5573123 | L11: =[22]Brewhouse!$P325 -> 59 | M11: =[22]Brewhouse!$U325-[22]Brewhouse!$T325 -> 0.10902778 | N11: =[22]Brewhouse!$AW325 -> 0.24236111 | O11: =[22]Brewhouse!$AV325 -> R.Sookram | R11: =B11 -> STAG | S11: =VLOOKUP($B11,$R$3:$X$9,2,FALSE) -> 11.6 | T11: =VLOOKUP($B11,$R$3:$X$9,3,FALSE) -> 12 | U11: =VLOOKUP($B11,$R$3:$X$9,4,FALSE) -> 0 | V11: =VLOOKUP($B11,$R$3:$X$9,5,FALSE) -> 0.11805556 | W11: =VLOOKUP($B11,$R$3:$X$9,6,FALSE) -> 0.22569444 | X11: =VLOOKUP($B11,$R$3:$X$9,7,FALSE) -> 0.26388889 | Y11: =VLOOKUP($B11,$R$3:$Z$9,8,FALSE) -> 0 | Z11: =VLOOKUP($B11,$R$3:$Z$9,9,FALSE) -> 60
B12: STAG | C12: =[22]Brewhouse!$A326 -> ST305 | D12: =[22]Brewhouse!$AD326 -> 50.8 | E12: =[22]Brewhouse!$AG326 -> 50.4 | F12: =[22]Brewhouse!$V326 -> 55 | G12: =[22]Brewhouse!$AE326 -> 12 | H12: 11.9 | I12: =[22]Brewhouse!$AS326 -> 99.76552 | J12: =[22]Brewhouse!$AT326 -> 101.20547 | K12: =[22]Brewhouse!$Q326 -> 11.296296 | L12: =[22]Brewhouse!$P326 -> 57 | M12: =[22]Brewhouse!$U326-[22]Brewhouse!$T326 -> 0.10972222 | N12: =[22]Brewhouse!$AW326 -> 0.24375 | O12: =[22]Brewhouse!$AV326 -> R.Sookram | R12: =B12 -> STAG | S12: =VLOOKUP($B12,$R$3:$X$9,2,FALSE) -> 11.6 | T12: =VLOOKUP($B12,$R$3:$X$9,3,FALSE) -> 12 | U12: =VLOOKUP($B12,$R$3:$X$9,4,FALSE) -> 0 | V12: =VLOOKUP($B12,$R$3:$X$9,5,FALSE) -> 0.11805556 | W12: =VLOOKUP($B12,$R$3:$X$9,6,FALSE) -> 0.22569444 | X12: =VLOOKUP($B12,$R$3:$X$9,7,FALSE) -> 0.26388889 | Y12: =VLOOKUP($B12,$R$3:$Z$9,8,FALSE) -> 0 | Z12: =VLOOKUP($B12,$R$3:$Z$9,9,FALSE) -> 60
B13: STAG | C13: =[22]Brewhouse!$A327 -> ST306 | D13: =[22]Brewhouse!$AD327 -> 50.6 | E13: =[22]Brewhouse!$AG327 -> 50.1 | F13: =[22]Brewhouse!$V327 -> 58 | G13: =[22]Brewhouse!$AE327 -> 11.9 | H13: 11.8 | I13: =[22]Brewhouse!$AS327 -> 98.303136 | J13: =[22]Brewhouse!$AT327 -> 99.721982 | K13: =[22]Brewhouse!$Q327 -> 11.743119 | L13: =[22]Brewhouse!$P327 -> 59 | M13: =[22]Brewhouse!$U327-[22]Brewhouse!$T327 -> 0.10972222 | N13: =[22]Brewhouse!$AW327 -> 0.25 | O13: =[22]Brewhouse!$AV327 -> K. Benjamin | R13: =B13 -> STAG | S13: =VLOOKUP($B13,$R$3:$X$9,2,FALSE) -> 11.6 | T13: =VLOOKUP($B13,$R$3:$X$9,3,FALSE) -> 12 | U13: =VLOOKUP($B13,$R$3:$X$9,4,FALSE) -> 0 | V13: =VLOOKUP($B13,$R$3:$X$9,5,FALSE) -> 0.11805556 | W13: =VLOOKUP($B13,$R$3:$X$9,6,FALSE) -> 0.22569444 | X13: =VLOOKUP($B13,$R$3:$X$9,7,FALSE) -> 0.26388889 | Y13: =VLOOKUP($B13,$R$3:$Z$9,8,FALSE) -> 0 | Z13: =VLOOKUP($B13,$R$3:$Z$9,9,FALSE) -> 60
B14: STAG | C14: =[22]Brewhouse!$A328 -> ST307 | D14: =[22]Brewhouse!$AD328 -> 50.8 | E14: =[22]Brewhouse!$AG328 -> 50.6 | F14: =[22]Brewhouse!$V328 -> 59 | G14: =[22]Brewhouse!$AE328 -> 11.9 | H14: 11.8 | I14: =[22]Brewhouse!$AS328 -> 99.780557 | J14: =[22]Brewhouse!$AT328 -> 101.21887 | K14: =[22]Brewhouse!$Q328 -> 9.6474954 | L14: =[22]Brewhouse!$P328 -> 61 | M14: =[22]Brewhouse!$U328-[22]Brewhouse!$T328 -> 0.11527778 | N14: =[22]Brewhouse!$AW328 -> 0.25138889 | O14: =[22]Brewhouse!$AV328 -> K. Benjamin | R14: =B14 -> STAG | S14: =VLOOKUP($B14,$R$3:$X$9,2,FALSE) -> 11.6 | T14: =VLOOKUP($B14,$R$3:$X$9,3,FALSE) -> 12 | U14: =VLOOKUP($B14,$R$3:$X$9,4,FALSE) -> 0 | V14: =VLOOKUP($B14,$R$3:$X$9,5,FALSE) -> 0.11805556 | W14: =VLOOKUP($B14,$R$3:$X$9,6,FALSE) -> 0.22569444 | X14: =VLOOKUP($B14,$R$3:$X$9,7,FALSE) -> 0.26388889 | Y14: =VLOOKUP($B14,$R$3:$Z$9,8,FALSE) -> 0 | Z14: =VLOOKUP($B14,$R$3:$Z$9,9,FALSE) -> 60
B15: STAG | C15: =[22]Brewhouse!$A329 -> ST308 | D15: =[22]Brewhouse!$AD329 -> 52.5 | E15: =[22]Brewhouse!$AG329 -> 51.4 | F15: =[22]Brewhouse!$V329 -> 64 | G15: =[22]Brewhouse!$AE329 -> 12 | I15: =[22]Brewhouse!$AS329 -> 102.38161 | J15: =[22]Brewhouse!$AT329 -> 103.85693 | K15: =[22]Brewhouse!$Q329 -> 9.9815157 | L15: =[22]Brewhouse!$P329 -> 59 | M15: =[22]Brewhouse!$U329-[22]Brewhouse!$T329 -> 0.11319444 | N15: =[22]Brewhouse!$AW329 -> 0.24652778 | O15: =[22]Brewhouse!$AV329 -> K. Benjamin | R15: =B15 -> STAG | S15: =VLOOKUP($B15,$R$3:$X$9,2,FALSE) -> 11.6 | T15: =VLOOKUP($B15,$R$3:$X$9,3,FALSE) -> 12 | U15: =VLOOKUP($B15,$R$3:$X$9,4,FALSE) -> 0 | V15: =VLOOKUP($B15,$R$3:$X$9,5,FALSE) -> 0.11805556 | W15: =VLOOKUP($B15,$R$3:$X$9,6,FALSE) -> 0.22569444 | X15: =VLOOKUP($B15,$R$3:$X$9,7,FALSE) -> 0.26388889 | Y15: =VLOOKUP($B15,$R$3:$Z$9,8,FALSE) -> 0 | Z15: =VLOOKUP($B15,$R$3:$Z$9,9,FALSE) -> 60
B16: STAG | C16: =[22]Brewhouse!$A330 -> ST309 | D16: =[22]Brewhouse!$AD330 -> 51 | E16: =[22]Brewhouse!$AG330 -> 50.1 | F16: =[22]Brewhouse!$V330 -> 64 | G16: =[22]Brewhouse!$AE330 -> 11.7 | H16: 11.7 | I16: =[22]Brewhouse!$AS330 -> 97.414067 | J16: =[22]Brewhouse!$AT330 -> 98.816893 | K16: =[22]Brewhouse!$Q330 -> 9.7785978 | L16: =[22]Brewhouse!$P330 -> 60 | M16: =[22]Brewhouse!$U330-[22]Brewhouse!$T330 -> 0.11458333 | N16: =[22]Brewhouse!$AW330 -> 0.24583333 | O16: =[22]Brewhouse!$AV330 -> R. Regis | R16: =B16 -> STAG | S16: =VLOOKUP($B16,$R$3:$X$9,2,FALSE) -> 11.6 | T16: =VLOOKUP($B16,$R$3:$X$9,3,FALSE) -> 12 | U16: =VLOOKUP($B16,$R$3:$X$9,4,FALSE) -> 0 | V16: =VLOOKUP($B16,$R$3:$X$9,5,FALSE) -> 0.11805556 | W16: =VLOOKUP($B16,$R$3:$X$9,6,FALSE) -> 0.22569444 | X16: =VLOOKUP($B16,$R$3:$X$9,7,FALSE) -> 0.26388889 | Y16: =VLOOKUP($B16,$R$3:$Z$9,8,FALSE) -> 0 | Z16: =VLOOKUP($B16,$R$3:$Z$9,9,FALSE) -> 60
B17: STAG | C17: =[22]Brewhouse!$A331 -> ST310 | D17: =[22]Brewhouse!$AD331 -> 50.2 | E17: =[22]Brewhouse!$AG331 -> 49.3 | F17: =[22]Brewhouse!$V331 -> 60 | G17: =[22]Brewhouse!$AE331 -> 11.7 | H17: 11.7 | I17: =[22]Brewhouse!$AS331 -> 95.738446 | J17: =[22]Brewhouse!$AT331 -> 97.117593 | K17: =[22]Brewhouse!$Q331 -> 8.5343228 | L17: =[22]Brewhouse!$P331 -> 60 | M17: =[22]Brewhouse!$U331-[22]Brewhouse!$T331 -> 0.11111111 | N17: =[22]Brewhouse!$AW331 -> 0.23958333 | O17: =[22]Brewhouse!$AV331 -> R. Regis | R17: =B17 -> STAG | S17: =VLOOKUP($B17,$R$3:$X$9,2,FALSE) -> 11.6 | T17: =VLOOKUP($B17,$R$3:$X$9,3,FALSE) -> 12 | U17: =VLOOKUP($B17,$R$3:$X$9,4,FALSE) -> 0 | V17: =VLOOKUP($B17,$R$3:$X$9,5,FALSE) -> 0.11805556 | W17: =VLOOKUP($B17,$R$3:$X$9,6,FALSE) -> 0.22569444 | X17: =VLOOKUP($B17,$R$3:$X$9,7,FALSE) -> 0.26388889 | Y17: =VLOOKUP($B17,$R$3:$Z$9,8,FALSE) -> 0 | Z17: =VLOOKUP($B17,$R$3:$Z$9,9,FALSE) -> 60
R18: =B18 -> 0 | S18: =VLOOKUP($B18,$R$3:$X$9,2,FALSE) -> #N/A | T18: =VLOOKUP($B18,$R$3:$X$9,3,FALSE) -> #N/A | U18: =VLOOKUP($B18,$R$3:$X$9,4,FALSE) -> #N/A | V18: =VLOOKUP($B18,$R$3:$X$9,5,FALSE) -> #N/A | W18: =VLOOKUP($B18,$R$3:$X$9,6,FALSE) -> #N/A | X18: =VLOOKUP($B18,$R$3:$X$9,7,FALSE) -> #N/A | Y18: =VLOOKUP($B18,$R$3:$Z$9,8,FALSE) -> #N/A | Z18: =VLOOKUP($B18,$R$3:$Z$9,9,FALSE) -> #N/A
R19: =B19 -> 0 | S19: =VLOOKUP($B19,$R$3:$X$9,2,FALSE) -> #N/A | T19: =VLOOKUP($B19,$R$3:$X$9,3,FALSE) -> #N/A | U19: =VLOOKUP($B19,$R$3:$X$9,4,FALSE) -> #N/A | V19: =VLOOKUP($B19,$R$3:$X$9,5,FALSE) -> #N/A | W19: =VLOOKUP($B19,$R$3:$X$9,6,FALSE) -> #N/A | X19: =VLOOKUP($B19,$R$3:$X$9,7,FALSE) -> #N/A | Y19: =VLOOKUP($B19,$R$3:$Z$9,8,FALSE) -> #N/A | Z19: =VLOOKUP($B19,$R$3:$Z$9,9,FALSE) -> #N/A
R20: =B20 -> 0 | S20: =VLOOKUP($B20,$R$3:$X$9,2,FALSE) -> #N/A | T20: =VLOOKUP($B20,$R$3:$X$9,3,FALSE) -> #N/A | U20: =VLOOKUP($B20,$R$3:$X$9,4,FALSE) -> #N/A | V20: =VLOOKUP($B20,$R$3:$X$9,5,FALSE) -> #N/A | W20: =VLOOKUP($B20,$R$3:$X$9,6,FALSE) -> #N/A | X20: =VLOOKUP($B20,$R$3:$X$9,7,FALSE) -> #N/A | Y20: =VLOOKUP($B20,$R$3:$Z$9,8,FALSE) -> #N/A | Z20: =VLOOKUP($B20,$R$3:$Z$9,9,FALSE) -> #N/A
R21: =B21 -> 0 | S21: =VLOOKUP($B21,$R$3:$X$9,2,FALSE) -> #N/A | T21: =VLOOKUP($B21,$R$3:$X$9,3,FALSE) -> #N/A | U21: =VLOOKUP($B21,$R$3:$X$9,4,FALSE) -> #N/A | V21: =VLOOKUP($B21,$R$3:$X$9,5,FALSE) -> #N/A | W21: =VLOOKUP($B21,$R$3:$X$9,6,FALSE) -> #N/A | X21: =VLOOKUP($B21,$R$3:$X$9,7,FALSE) -> #N/A | Y21: =VLOOKUP($B21,$R$3:$Z$9,8,FALSE) -> #N/A | Z21: =VLOOKUP($B21,$R$3:$Z$9,9,FALSE) -> #N/A
R22: =B22 -> 0 | S22: =VLOOKUP($B22,$R$3:$X$9,2,FALSE) -> #N/A | T22: =VLOOKUP($B22,$R$3:$X$9,3,FALSE) -> #N/A | U22: =VLOOKUP($B22,$R$3:$X$9,4,FALSE) -> #N/A | V22: =VLOOKUP($B22,$R$3:$X$9,5,FALSE) -> #N/A | W22: =VLOOKUP($B22,$R$3:$X$9,6,FALSE) -> #N/A | X22: =VLOOKUP($B22,$R$3:$X$9,7,FALSE) -> #N/A | Y22: =VLOOKUP($B22,$R$3:$Z$9,8,FALSE) -> #N/A | Z22: =VLOOKUP($B22,$R$3:$Z$9,9,FALSE) -> #N/A
R23: =B23 -> 0 | S23: =VLOOKUP($B23,$R$3:$X$9,2,FALSE) -> #N/A | T23: =VLOOKUP($B23,$R$3:$X$9,3,FALSE) -> #N/A | U23: =VLOOKUP($B23,$R$3:$X$9,4,FALSE) -> #N/A | V23: =VLOOKUP($B23,$R$3:$X$9,5,FALSE) -> #N/A | W23: =VLOOKUP($B23,$R$3:$X$9,6,FALSE) -> #N/A | X23: =VLOOKUP($B23,$R$3:$X$9,7,FALSE) -> #N/A | Y23: =VLOOKUP($B23,$R$3:$Z$9,8,FALSE) -> #N/A | Z23: =VLOOKUP($B23,$R$3:$Z$9,9,FALSE) -> #N/A
R24: =B24 -> 0 | S24: =VLOOKUP($B24,$R$3:$X$9,2,FALSE) -> #N/A | T24: =VLOOKUP($B24,$R$3:$X$9,3,FALSE) -> #N/A | U24: =VLOOKUP($B24,$R$3:$X$9,4,FALSE) -> #N/A | V24: =VLOOKUP($B24,$R$3:$X$9,5,FALSE) -> #N/A | W24: =VLOOKUP($B24,$R$3:$X$9,6,FALSE) -> #N/A | X24: =VLOOKUP($B24,$R$3:$X$9,7,FALSE) -> #N/A | Y24: =VLOOKUP($B24,$R$3:$Z$9,8,FALSE) -> #N/A | Z24: =VLOOKUP($B24,$R$3:$Z$9,9,FALSE) -> #N/A
R25: =B25 -> 0 | S25: =VLOOKUP($B25,$R$3:$X$9,2,FALSE) -> #N/A | T25: =VLOOKUP($B25,$R$3:$X$9,3,FALSE) -> #N/A | U25: =VLOOKUP($B25,$R$3:$X$9,4,FALSE) -> #N/A | V25: =VLOOKUP($B25,$R$3:$X$9,5,FALSE) -> #N/A | W25: =VLOOKUP($B25,$R$3:$X$9,6,FALSE) -> #N/A | X25: =VLOOKUP($B25,$R$3:$X$9,7,FALSE) -> #N/A | Y25: =VLOOKUP($B25,$R$3:$Z$9,8,FALSE) -> #N/A | Z25: =VLOOKUP($B25,$R$3:$Z$9,9,FALSE) -> #N/A
R26: =B26 -> 0 | S26: =VLOOKUP($B26,$R$3:$X$9,2,FALSE) -> #N/A | T26: =VLOOKUP($B26,$R$3:$X$9,3,FALSE) -> #N/A | U26: =VLOOKUP($B26,$R$3:$X$9,4,FALSE) -> #N/A | V26: =VLOOKUP($B26,$R$3:$X$9,5,FALSE) -> #N/A | W26: =VLOOKUP($B26,$R$3:$X$9,6,FALSE) -> #N/A | X26: =VLOOKUP($B26,$R$3:$X$9,7,FALSE) -> #N/A | Y26: =VLOOKUP($B26,$R$3:$Z$9,8,FALSE) -> #N/A | Z26: =VLOOKUP($B26,$R$3:$Z$9,9,FALSE) -> #N/A
R27: =B27 -> 0 | S27: =VLOOKUP($B27,$R$3:$X$9,2,FALSE) -> #N/A | T27: =VLOOKUP($B27,$R$3:$X$9,3,FALSE) -> #N/A | U27: =VLOOKUP($B27,$R$3:$X$9,4,FALSE) -> #N/A | V27: =VLOOKUP($B27,$R$3:$X$9,5,FALSE) -> #N/A | W27: =VLOOKUP($B27,$R$3:$X$9,6,FALSE) -> #N/A | X27: =VLOOKUP($B27,$R$3:$X$9,7,FALSE) -> #N/A | Y27: =VLOOKUP($B27,$R$3:$Z$9,8,FALSE) -> #N/A | Z27: =VLOOKUP($B27,$R$3:$Z$9,9,FALSE) -> #N/A
R28: =B28 -> 0 | S28: =VLOOKUP($B28,$R$3:$X$9,2,FALSE) -> #N/A | T28: =VLOOKUP($B28,$R$3:$X$9,3,FALSE) -> #N/A | U28: =VLOOKUP($B28,$R$3:$X$9,4,FALSE) -> #N/A | V28: =VLOOKUP($B28,$R$3:$X$9,5,FALSE) -> #N/A | W28: =VLOOKUP($B28,$R$3:$X$9,6,FALSE) -> #N/A | X28: =VLOOKUP($B28,$R$3:$X$9,7,FALSE) -> #N/A | Y28: =VLOOKUP($B28,$R$3:$Z$9,8,FALSE) -> #N/A | Z28: =VLOOKUP($B28,$R$3:$Z$9,9,FALSE) -> #N/A
R29: =B29 -> 0 | S29: =VLOOKUP($B29,$R$3:$X$9,2,FALSE) -> #N/A | T29: =VLOOKUP($B29,$R$3:$X$9,3,FALSE) -> #N/A | U29: =VLOOKUP($B29,$R$3:$X$9,4,FALSE) -> #N/A | V29: =VLOOKUP($B29,$R$3:$X$9,5,FALSE) -> #N/A | W29: =VLOOKUP($B29,$R$3:$X$9,6,FALSE) -> #N/A | X29: =VLOOKUP($B29,$R$3:$X$9,7,FALSE) -> #N/A | Y29: =VLOOKUP($B29,$R$3:$Z$9,8,FALSE) -> #N/A | Z29: =VLOOKUP($B29,$R$3:$Z$9,9,FALSE) -> #N/A
... R32: =B32 -> 0 | S32: =VLOOKUP($B32,$R$3:$X$9,2,FALSE) -> #N/A | T32: =VLOOKUP($B32,$R$3:$X$9,3,FALSE) -> #N/A | U32: =VLOOKUP($B32,$R$3:$X$9,4,FALSE) -> #N/A | V32: =VLOOKUP($B32,$R$3:$X$9,5,FALSE) -> #N/A | W32: =VLOOKUP($B32,$R$3:$X$9,6,FALSE) -> #N/A | X32: =VLOOKUP($B32,$R$3:$X$9,7,FALSE) -> #N/A | Y32: =VLOOKUP($B32,$R$3:$Z$9,8,FALSE) -> #N/A | Z32: =VLOOKUP($B32,$R$3:$Z$9,9,FALSE) -> #N/A
B33: BRAND | D33: BBT P.G./ O.G | I33: Brand | J33: Actual | K33: MTD No. of Brews | L33: MTD | M33: YTD | N33: Target | R33: =B33 -> BRAND | S33: =VLOOKUP($B33,$R$3:$X$9,2,FALSE) -> #N/A | T33: =VLOOKUP($B33,$R$3:$X$9,3,FALSE) -> #N/A | U33: =VLOOKUP($B33,$R$3:$X$9,4,FALSE) -> #N/A | V33: =VLOOKUP($B33,$R$3:$X$9,5,FALSE) -> #N/A | W33: =VLOOKUP($B33,$R$3:$X$9,6,FALSE) -> #N/A | X33: =VLOOKUP($B33,$R$3:$X$9,7,FALSE) -> #N/A | Y33: =VLOOKUP($B33,$R$3:$Z$9,8,FALSE) -> #N/A | Z33: =VLOOKUP($B33,$R$3:$Z$9,9,FALSE) -> #N/A
B34: =I40 -> STARMALT | C34: {=[23]Process!$D$63:$D$64} -> 16.8 | D34: 17.07 | I34: CARIB | M34: =AVERAGE([24]Brewhouse!$AU$102:$AU$171,[24]Brewhouse!$AU$173:$AU$253,[24]Brewhouse!$AU$255:$AU$339,[24]Brewhouse!$AU$341:$AU$346,[24]Brewhouse!$AU$348,[24]Brewhouse!$AU$349:$AU$406,[24]Brewhouse!$AU$408:$AU$491,[24]Brewhouse!$AU$493:$AU$578,[24]Brewhouse!$AU$580:$AU$652) -> 97.878594 | N34: 98
C35: 17.4 | I35: STAG | J35: =AVERAGE(I10:I17) -> 98.450752 | K35: =COUNTA([22]Brewhouse!$A$324:$A$331) -> 8 | L35: =AVERAGE([22]Brewhouse!$AS$324:$AS$331) -> 98.450752 | M35: =AVERAGE([22]Brewhouse!$AS$15:$AS$64,[22]Brewhouse!$AS$66:$AS$103,[22]Brewhouse!$AS$105:$AS$140,[22]Brewhouse!$AS$142:$AS$193,[22]Brewhouse!$AS$195:$AS$240,[22]Brewhouse!$AS$242:$AS$273,[22]Brewhouse!$AS$275:$AS$322,[22]Brewhouse!$AS$324:$AS$331) -> 98.076073 | N35: 98
I36: GUINNESS | M36: =AVERAGE([25]Brewhouse!$AU$4:$AU$7,[25]Brewhouse!$AU$9:$AU$22,[25]Brewhouse!$AU$24:$AU$35,[25]Brewhouse!$AU$37:$AU$45,[25]Brewhouse!$AU$47:$AU$62,[25]Brewhouse!$AU$64:$AU$79) -> 97.01892 | N36: 98
I37: VITAMALT | M37: =AVERAGE([26]Brewhouse!$AV$5:$AV$14,[26]Brewhouse!$AV$16:$AV$19,[26]Brewhouse!$AV$21:$AV$24,[26]Brewhouse!$AV$26:$AV$33,[26]Brewhouse!$AV$35:$AV$46,[26]Brewhouse!$AV$48:$AV$53,[26]Brewhouse!$AV$55:$AV$62) -> 98.773361 | N37: 98
I38: MAXIMALT | N38: 98
I39: MACKESON | M39: =AVERAGE([27]Brewhouse!$AT$4:$AT$11,[27]Brewhouse!$AT$13:$AT$16,[27]Brewhouse!$AT$18:$AT$21,[27]Brewhouse!$AT$26) -> 94.588058 | N39: 98
I40: STARMALT | M40: =AVERAGE([23]Brewhouse!$AY$6:$AY$13,[23]Brewhouse!$AY$15:$AY$20,[23]Brewhouse!$AY$22:$AY$29,[23]Brewhouse!$AY$31:$AY$34,[23]Brewhouse!$AY$36:$AY$43,[23]Brewhouse!$AY$45:$AY$50, [23]Brewhouse!$AY$56:$AY$73) -> 97.363751 | N40: 98
I41: HR- Pils | M41: =AVERAGE([28]Brewhouse!$AU$5:$AU$8,[28]Brewhouse!$AU$10:$AU$13) -> 94.247667 | N41: 98
I42: HR- IPA | M42: =AVERAGE([29]Brewhouse!$AW$26:$AW$27) -> 95.310681 | N42: 98
I43: HR- APA | M43: =AVERAGE([30]Brewhouse!$AU$13:$AU$14) -> 97.110575 | N43: 98
K44: =SUM(K34:K43) -> 8 | L44: =((L34*K34)+(L35*K35)+(L36*K36)+(L37*K37)+(L38*K38)+(K41*L41)+(L39*K39)+(L40*K40)+(L43*K43))/(K44) -> 98.450752 | M44: =AVERAGE('[31]Jan 31st'!$L$65,'[32]Feb 28th'!$L$35,'[33]Mar. 31st'!$L$35,'[34]Apr. 30th'!$L$45,'[35]May 30th'!$L$37,'[36]June 30th'!$L$57,L44) -> 97.771809 | N44: 98
B46: =I34 -> CARIB | C46: =[24]Process!D596 -> 12 | D46: 11.84 | J46: Daily Brewing Plan
C47: =[24]Process!D597 -> 11.8 | J47: Brand | K47: Brews Achieved | L47: Average Brews per day
C48: =[24]Process!D598 -> 11.9 | D48: 11.81 | J48: CARIB | L48: MTD | M48: YTD | N48: TARGET
C49: =[24]Process!D599 -> 11.8 | J49: STAG | K49: 8 | L49: =K58 -> 8 | M49: =AVERAGE('[31]Jan 29th '!$M$70,'[32]Feb 28th'!$L$40,'[33]Mar. 31st'!$L$40,'[34]Apr. 30th'!$L$50,'[35]May 30th'!$L$42,'[36]June 30th'!$L$62,'[37]July 29th '!$L$49,L49) -> 7.0396146 | N49: 9.2
C50: =[24]Process!D600 -> 11.9 | D50: 11.88 | J50: GUINN
C51: =[24]Process!D601 -> 11.9 | J51: VITAMALT
C52: =[24]Process!D602 -> 11.9 | D52: 11.81 | J52: STARMALT
C53: =[24]Process!D603 -> 11.9 | J53: MACKESON
J54: HURRICANE REEF- IPA
J55: HURRICANE REEF- APA
B56: AVERAGE | D56: =AVERAGE(D34:E55) -> 12.882 | J56: HR- PILSNER
J57: CARIBE
J58: Total | K58: =SUM(K48:K57) -> 8
B59: Process: | C59: Fermentation/Filtration
B61: Brand | C61: Filt. Date | D61: FV Hls | E61: GFE/ Prim/ Vita Blend (Hls) | F61: SV Hls | G61: BBT Hls | H61: Loss (%) Ferm | I61: Loss (%) Filt | J61: Comments | K61: Throughput | L61: Process Loss (%) | M61: Filt. Operator
AB62: 43474 | AC62: 43475 | AD62: 43476 | AE62: 43477 | AF62: 43478 | AG62: 43479 | AH62: 43480 | AI62: 43481 | AJ62: 43482 | AK62: 43483 | AL62: 43484 | AM62: 43485 | AN62: 43486 | AO62: 43487 | AP62: 43488 | AQ62: 43489 | AR62: 43490 | AS62: 43491 | AT62: 43492 | AU62: 43493 | AV62: 43494 | AW62: 43495 | AX62: 43496
B63: =B78 -> STARMALT | C63: 45866 | J63: NO SBF | L63: =(((D63+E63)-G63)/(D63+E63))*100 -> #DIV/0! | AB63: =[20]January_2019!L7 -> 285.8 | AC63: =[20]January_2019!M7 -> 508.1 | AD63: =[20]January_2019!N7 -> 0 | AE63: =[20]January_2019!O7 -> 0 | AF63: =[20]January_2019!P7 -> 109.56667 | AG63: =[20]January_2019!Q7 -> 297.65 | AH63: =[20]January_2019!R7 -> 122.3 | AI63: =[20]January_2019!S7 -> 0 | ... AX63: =[20]January_2019!AH7 -> 0
B65: =I40 -> STARMALT | C65: 45873 | D65: =[38]August_2025!$G$55 -> 99 | G65: =[38]August_2025!$G$59 -> 94.9 | J65: NO SBF- BBT2 REFILTERED | K65: =[39]August_2025!$G$53 -> 0.33298246 | L65: =(((D65+E65)-G65)/(D65+E65))*100 -> 4.1414141 | M65: K.Hosten
B67: =B72 -> CARIB | C67: 45873 | D67: =[38]August_2025!$G$3 -> 407.2 | G67: =[38]August_2025!$G$7 -> 389.7 | J67: 1 SBF | K67: =[39]August_2025!$G$18 -> 0.68368421 | L67: =(((D67+E67)-G67)/(D67+E67))*100 -> 4.2976424 | M67: D. Emery
B70: Process Loss (Volume) | G70: Process Loss (Extract) | K70: Throughput
B71: Brand | C71: Actual | D71: MTD | E71: YTD | F71: Target | G71: Actual | H71: MTD | I71: YTD | J71: Target | K71: Actual | L71: MTD | M71: YTD | N71: Target
B72: CARIB | C72: =L67 -> 4.2976424 | D72: =C72 -> 4.2976424 | E72: 6.3203214 | F72: 4.8 | G72: =[38]August_2025!$G$11 -> 4.8361605 | H72: =G72 -> 4.8361605 | I72: 6.1579426 | J72: 4.8 | K72: =K67 -> 0.68368421 | L72: =K72 -> 0.68368421 | M72: 0.73826684 | N72: 1
B73: STAG | E73: 5.9419799 | F73: 4.8 | I73: 5.5277536 | J73: 4.8 | M73: 0.75853638 | N73: 1
B74: GUINN | E74: 11.81 | F74: 5.5 | I74: 13.346479 | J74: 5.5 | M74: 0.54343799 | N74: 1
B75: VITAMALT | E75: 5.1192333 | F75: 3.3 | I75: 4.87474 | J75: 3.3 | M75: 0.77839364 | N75: 1
B76: APA | E76: 7.8373016 | F76: 3.3 | I76: 5.3377569 | J76: 3 | M76: 0.32596491 | N76: 1
B77: MACKESON | E77: 7.3129862 | F77: =[21]May_2022!$M$43 -> 3.4878407 | I77: 8.9862703 | J77: 5.5 | M77: 0.59276316 | N77: 1
B78: STARMALT | C78: =L65 -> 4.1414141 | D78: 1.8556701 | E78: 3.0206927 | F78: 3.3 | G78: =H78 -> 4.8250049 | H78: 4.8250049 | I78: 4.486729 | J78: 3.3 | K78: =[39]August_2025!$G$53 -> 0.33298246 | L78: 0.33403509 | M78: 0.80384787 | N78: 1
B79: IPA | E79: 11.483254 | F79: 7.5 | I79: 9.7934336 | J79: 7.5 | M79: 0.3245614 | N79: 1
B80: HURRICANE REEF PILS | E80: 7.2653645 | F80: 4.8 | I80: 8.1715311 | J80: 4.8 | M80: 0.51368421 | N80: 1
D81: 3.8278461 | E81: 6.38 | F81: 5.5 | H81: 4.833203 | I81: 6.5655434 | J81: 5.5 | L81: 0.50885965 | M81: 0.71953348 | N81: 1

Sheet Aug 5th 
S1: P.G. | U1: Hot Time | W1: Process Time | Y1: Cooling Time
B2: Brewing Department Daily Process Loss Report | S2: Lower | T2: Upper | U2: Lower | V2: Upper | W2: Lower | X2: Upper | Y2: Lower | Z2: Upper
R3: CARIB | S3: 11.6 | T3: 12 | U3: 0 | V3: 0.11805556 | W3: 0.22569444 | X3: 0.26388889 | Y3: 0 | Z3: 60 | AB3: HR- PISNER
B4: Date: | C4: 45875 | J4: LOT WORT COLOUR: 3.3 | M4: Filter Sheets (Target 20 days) | R4: STAG | S4: 11.6 | T4: 12 | U4: 0 | V4: 0.11805556 | W4: 0.22569444 | X4: 0.26388889 | Y4: 0 | Z4: 60
M5: Double | N5: Single | R5: GUINNESS | S5: 17 | T5: 17.5 | U5: 0 | V5: 0.10763889 | W5: 0.24652778 | X5: 0.28472222 | Y5: 0 | Z5: 60
J6: MALT LOT: Lot #42 | L6: Sheet Day | M6: 10 | N6: 10 | R6: MACKESON | S6: 13.3 | T6: 13.5 | U6: 0 | V6: 0.12905093 | W6: 0.27430556 | X6: 0.30208333 | Y6: 0
R7: STARMALT | S7: 17.1 | T7: 17.5 | U7: 0 | V7: 0.13605324 | W7: 0.27430556 | X7: 0.30902778 | Y7: 0 | Z7: 85
B8: Brand | C8: Brew no. | D8: Kett. Hls | E8: Wort | F8: Cool Time(Mins) | G8: Cast. P.G. (Lab Result) | H8: Cast P.G. (Cellar Operator)-gravity | I8: Extr. Rec (77.9%) | J8: Theor. Extr. (77.5%) | K8: Boil Off /Vol. (4-6%) | L8: Boil Time | M8: Total Hot | N8: Brewing | O8: Operator | R8: Hurricane Reef | S8: 16.6 | T8: 17 | U8: 0 | V8: 0.12905093 | W8: 0.27430556 | X8: 0.30208333 | Y8: 0
E9: Meter (Hls) | F9: Target(< 60Mins) | M9: Time | R9: VITAMALT | S9: 14.2 | T9: 14.6 | U9: 0 | V9: 0.13905093 | W9: 0.26041667 | X9: 0.29513889 | Y9: 0 | Z9: 75
B10: VITAMALT | C10: =[26]Brewhouse!A64 -> VM053 | D10: =[26]Brewhouse!AE64 -> 48.9 | E10: =[26]Brewhouse!AJ64 -> 47.6 | F10: =[26]Brewhouse!X64 -> 87 | G10: =[26]Brewhouse!AH64 -> 14.5 | H10: 14.5 | I10: =[26]Brewhouse!AV64 -> 98.008773 | J10: =[26]Brewhouse!AW64 -> 98.362301 | K10: =[26]Brewhouse!S64 -> 6.6666667 | L10: =[26]Brewhouse!R64 -> 59 | M10: =[26]Brewhouse!$W64-[26]Brewhouse!$V64 -> 0.15069444 | N10: =[26]Brewhouse!AB64 -> 0.28194444 | O10: =[26]Brewhouse!$AZ64 -> R.Sookram | R10: =B10 -> VITAMALT | S10: =VLOOKUP($B10,$R$3:$X$9,2,FALSE) -> 14.2 | T10: =VLOOKUP($B10,$R$3:$X$9,3,FALSE) -> 14.6 | U10: =VLOOKUP($B10,$R$3:$X$9,4,FALSE) -> 0 | V10: =VLOOKUP($B10,$R$3:$X$9,5,FALSE) -> 0.13905093 | W10: =VLOOKUP($B10,$R$3:$X$9,6,FALSE) -> 0.26041667 | X10: =VLOOKUP($B10,$R$3:$X$9,7,FALSE) -> 0.29513889 | Y10: =VLOOKUP($B10,$R$3:$Z$9,8,FALSE) -> 0 | Z10: =VLOOKUP($B10,$R$3:$Z$9,9,FALSE) -> 75
B11: VITAMALT | C11: =[26]Brewhouse!A65 -> VM054 | D11: =[26]Brewhouse!AE65 -> 50.1 | E11: =[26]Brewhouse!AJ65 -> 47.9 | F11: =[26]Brewhouse!X65 -> 83 | G11: =[26]Brewhouse!AH65 -> 14.2 | H11: 14.3 | I11: =[26]Brewhouse!AV65 -> 97.056248 | J11: =[26]Brewhouse!AW65 -> 97.397423 | K11: =[26]Brewhouse!S65 -> 8.502994 | L11: =[26]Brewhouse!R65 -> 57 | M11: =[26]Brewhouse!$W65-[26]Brewhouse!$V65 -> 0.13611111 | N11: =[26]Brewhouse!AB65 -> 0.26597222 | O11: =[26]Brewhouse!$AZ65 -> R.Sookram | R11: =B11 -> VITAMALT | S11: =VLOOKUP($B11,$R$3:$X$9,2,FALSE) -> 14.2 | T11: =VLOOKUP($B11,$R$3:$X$9,3,FALSE) -> 14.6 | U11: =VLOOKUP($B11,$R$3:$X$9,4,FALSE) -> 0 | V11: =VLOOKUP($B11,$R$3:$X$9,5,FALSE) -> 0.13905093 | W11: =VLOOKUP($B11,$R$3:$X$9,6,FALSE) -> 0.26041667 | X11: =VLOOKUP($B11,$R$3:$X$9,7,FALSE) -> 0.29513889 | Y11: =VLOOKUP($B11,$R$3:$Z$9,8,FALSE) -> 0 | Z11: =VLOOKUP($B11,$R$3:$Z$9,9,FALSE) -> 75
B12: VITAMALT | C12: =[26]Brewhouse!A66 -> VM055 | D12: =[26]Brewhouse!AE66 -> 46.7 | E12: =[26]Brewhouse!AJ66 -> 48.1 | F12: =[26]Brewhouse!X66 -> 75 | G12: =[26]Brewhouse!AH66 -> 14.5 | H12: 14.4 | I12: =[26]Brewhouse!AV66 -> 99.038277 | J12: =[26]Brewhouse!AW66 -> 99.395519 | K12: =[26]Brewhouse!S66 -> 0.77087794 | L12: =[26]Brewhouse!R66 -> 57 | M12: =[26]Brewhouse!$W66-[26]Brewhouse!$V66 -> 0.13055556 | N12: =[26]Brewhouse!AB66 -> 0.26319444 | O12: =[26]Brewhouse!$AZ66 -> R.Sookram | R12: =B12 -> VITAMALT | S12: =VLOOKUP($B12,$R$3:$X$9,2,FALSE) -> 14.2 | T12: =VLOOKUP($B12,$R$3:$X$9,3,FALSE) -> 14.6 | U12: =VLOOKUP($B12,$R$3:$X$9,4,FALSE) -> 0 | V12: =VLOOKUP($B12,$R$3:$X$9,5,FALSE) -> 0.13905093 | W12: =VLOOKUP($B12,$R$3:$X$9,6,FALSE) -> 0.26041667 | X12: =VLOOKUP($B12,$R$3:$X$9,7,FALSE) -> 0.29513889 | Y12: =VLOOKUP($B12,$R$3:$Z$9,8,FALSE) -> 0 | Z12: =VLOOKUP($B12,$R$3:$Z$9,9,FALSE) -> 75
B13: VITAMALT | C13: =[26]Brewhouse!A67 -> VM056 | D13: =[26]Brewhouse!AE67 -> 51.8 | E13: =[26]Brewhouse!AJ67 -> 48.2 | F13: =[26]Brewhouse!X67 -> 78 | G13: =[26]Brewhouse!AH67 -> 14.3 | H13: 14.3 | I13: =[26]Brewhouse!AV67 -> 97.755191 | J13: =[26]Brewhouse!AW67 -> 98.107805 | K13: =[26]Brewhouse!S67 -> 7.8378378 | L13: =[26]Brewhouse!R67 -> 58 | M13: =[26]Brewhouse!$W67-[26]Brewhouse!$V67 -> 0.13125 | N13: =[26]Brewhouse!AB67 -> 0.27013889 | O13: =[26]Brewhouse!$AZ67 -> K. Benjamin | R13: =B13 -> VITAMALT | S13: =VLOOKUP($B13,$R$3:$X$9,2,FALSE) -> 14.2 | T13: =VLOOKUP($B13,$R$3:$X$9,3,FALSE) -> 14.6 | U13: =VLOOKUP($B13,$R$3:$X$9,4,FALSE) -> 0 | V13: =VLOOKUP($B13,$R$3:$X$9,5,FALSE) -> 0.13905093 | W13: =VLOOKUP($B13,$R$3:$X$9,6,FALSE) -> 0.26041667 | X13: =VLOOKUP($B13,$R$3:$X$9,7,FALSE) -> 0.29513889 | Y13: =VLOOKUP($B13,$R$3:$Z$9,8,FALSE) -> 0 | Z13: =VLOOKUP($B13,$R$3:$Z$9,9,FALSE) -> 75
R14: =B14 -> 0 | S14: =VLOOKUP($B14,$R$3:$X$9,2,FALSE) -> #N/A | T14: =VLOOKUP($B14,$R$3:$X$9,3,FALSE) -> #N/A | U14: =VLOOKUP($B14,$R$3:$X$9,4,FALSE) -> #N/A | V14: =VLOOKUP($B14,$R$3:$X$9,5,FALSE) -> #N/A | W14: =VLOOKUP($B14,$R$3:$X$9,6,FALSE) -> #N/A | X14: =VLOOKUP($B14,$R$3:$X$9,7,FALSE) -> #N/A | Y14: =VLOOKUP($B14,$R$3:$Z$9,8,FALSE) -> #N/A | Z14: =VLOOKUP($B14,$R$3:$Z$9,9,FALSE) -> #N/A
R15: =B15 -> 0 | S15: =VLOOKUP($B15,$R$3:$X$9,2,FALSE) -> #N/A | T15: =VLOOKUP($B15,$R$3:$X$9,3,FALSE) -> #N/A | U15: =VLOOKUP($B15,$R$3:$X$9,4,FALSE) -> #N/A | V15: =VLOOKUP($B15,$R$3:$X$9,5,FALSE) -> #N/A | W15: =VLOOKUP($B15,$R$3:$X$9,6,FALSE) -> #N/A | X15: =VLOOKUP($B15,$R$3:$X$9,7,FALSE) -> #N/A | Y15: =VLOOKUP($B15,$R$3:$Z$9,8,FALSE) -> #N/A | Z15: =VLOOKUP($B15,$R$3:$Z$9,9,FALSE) -> #N/A
B16: CARIB | C16: =[24]Brewhouse!$A655 -> CA547 | D16: =[24]Brewhouse!$AF655 -> 52.3 | E16: =[24]Brewhouse!$AI655 -> 49.7 | F16: =[24]Brewhouse!$V655 -> 60 | G16: =[24]Brewhouse!AG655 -> 11.9 | H16: 11.7 | I16: =[24]Brewhouse!$AU655 -> 96.304712 | J16: =[24]Brewhouse!$AV655 -> 97.912271 | K16: =[24]Brewhouse!$Q655 -> 9.3090909 | L16: =[24]Brewhouse!$P655 -> 64 | M16: =[24]Brewhouse!$U655-[24]Brewhouse!$T655 -> 0.11666667 | N16: =[24]Brewhouse!$Z655 -> 0.24513889 | O16: =[24]Brewhouse!$AX655 -> K.Benjamin | R16: =B16 -> CARIB | S16: =VLOOKUP($B16,$R$3:$X$9,2,FALSE) -> 11.6 | T16: =VLOOKUP($B16,$R$3:$X$9,3,FALSE) -> 12 | U16: =VLOOKUP($B16,$R$3:$X$9,4,FALSE) -> 0 | V16: =VLOOKUP($B16,$R$3:$X$9,5,FALSE) -> 0.11805556 | W16: =VLOOKUP($B16,$R$3:$X$9,6,FALSE) -> 0.22569444 | X16: =VLOOKUP($B16,$R$3:$X$9,7,FALSE) -> 0.26388889 | Y16: =VLOOKUP($B16,$R$3:$Z$9,8,FALSE) -> 0 | Z16: =VLOOKUP($B16,$R$3:$Z$9,9,FALSE) -> 60
B17: CARIB | C17: =[24]Brewhouse!$A656 -> CA548 | D17: =[24]Brewhouse!$AF656 -> 53 | E17: =[24]Brewhouse!$AI656 -> 52.2 | F17: =[24]Brewhouse!$V656 -> 61 | G17: =[24]Brewhouse!AG656 -> 11.7 | H17: 11.8 | I17: =[24]Brewhouse!$AU656 -> 99.118181 | J17: =[24]Brewhouse!$AV656 -> 100.77306 | K17: =[24]Brewhouse!$Q656 -> 8.2032668 | L17: =[24]Brewhouse!$P656 -> 60 | M17: =[24]Brewhouse!$U656-[24]Brewhouse!$T656 -> 0.11388889 | N17: =[24]Brewhouse!$Z656 -> 0.23541667 | O17: =[24]Brewhouse!$AX656 -> K.Benjamin | R17: =B17 -> CARIB | S17: =VLOOKUP($B17,$R$3:$X$9,2,FALSE) -> 11.6 | T17: =VLOOKUP($B17,$R$3:$X$9,3,FALSE) -> 12 | U17: =VLOOKUP($B17,$R$3:$X$9,4,FALSE) -> 0 | V17: =VLOOKUP($B17,$R$3:$X$9,5,FALSE) -> 0.11805556 | W17: =VLOOKUP($B17,$R$3:$X$9,6,FALSE) -> 0.22569444 | X17: =VLOOKUP($B17,$R$3:$X$9,7,FALSE) -> 0.26388889 | Y17: =VLOOKUP($B17,$R$3:$Z$9,8,FALSE) -> 0 | Z17: =VLOOKUP($B17,$R$3:$Z$9,9,FALSE) -> 60
B18: CARIB | C18: =[24]Brewhouse!$A657 -> CA549 | D18: =[24]Brewhouse!$AF657 -> 52.4 | E18: =[24]Brewhouse!$AI657 -> 50.5 | F18: =[24]Brewhouse!$V657 -> 55 | G18: =[24]Brewhouse!AG657 -> 11.9 | H18: 11.9 | I18: =[24]Brewhouse!$AU657 -> 97.61512 | J18: =[24]Brewhouse!$AV657 -> 99.244906 | K18: =[24]Brewhouse!$Q657 -> 8.2647585 | L18: =[24]Brewhouse!$P657 -> 60 | M18: =[24]Brewhouse!$U657-[24]Brewhouse!$T657 -> 0.10555556 | N18: =[24]Brewhouse!$Z657 -> 0.25069444 | O18: =[24]Brewhouse!$AX657 -> R. Regis | P18: AG Trial | R18: =B18 -> CARIB | S18: =VLOOKUP($B18,$R$3:$X$9,2,FALSE) -> 11.6 | T18: =VLOOKUP($B18,$R$3:$X$9,3,FALSE) -> 12 | U18: =VLOOKUP($B18,$R$3:$X$9,4,FALSE) -> 0 | V18: =VLOOKUP($B18,$R$3:$X$9,5,FALSE) -> 0.11805556 | W18: =VLOOKUP($B18,$R$3:$X$9,6,FALSE) -> 0.22569444 | X18: =VLOOKUP($B18,$R$3:$X$9,7,FALSE) -> 0.26388889 | Y18: =VLOOKUP($B18,$R$3:$Z$9,8,FALSE) -> 0 | Z18: =VLOOKUP($B18,$R$3:$Z$9,9,FALSE) -> 60
R19: =B19 -> 0 | S19: =VLOOKUP($B19,$R$3:$X$9,2,FALSE) -> #N/A | T19: =VLOOKUP($B19,$R$3:$X$9,3,FALSE) -> #N/A | U19: =VLOOKUP($B19,$R$3:$X$9,4,FALSE) -> #N/A | V19: =VLOOKUP($B19,$R$3:$X$9,5,FALSE) -> #N/A | W19: =VLOOKUP($B19,$R$3:$X$9,6,FALSE) -> #N/A | X19: =VLOOKUP($B19,$R$3:$X$9,7,FALSE) -> #N/A | Y19: =VLOOKUP($B19,$R$3:$Z$9,8,FALSE) -> #N/A | Z19: =VLOOKUP($B19,$R$3:$Z$9,9,FALSE) -> #N/A
R20: =B20 -> 0 | S20: =VLOOKUP($B20,$R$3:$X$9,2,FALSE) -> #N/A | T20: =VLOOKUP($B20,$R$3:$X$9,3,FALSE) -> #N/A | U20: =VLOOKUP($B20,$R$3:$X$9,4,FALSE) -> #N/A | V20: =VLOOKUP($B20,$R$3:$X$9,5,FALSE) -> #N/A | W20: =VLOOKUP($B20,$R$3:$X$9,6,FALSE) -> #N/A | X20: =VLOOKUP($B20,$R$3:$X$9,7,FALSE) -> #N/A | Y20: =VLOOKUP($B20,$R$3:$Z$9,8,FALSE) -> #N/A | Z20: =VLOOKUP($B20,$R$3:$Z$9,9,FALSE) -> #N/A
R21: =B21 -> 0 | S21: =VLOOKUP($B21,$R$3:$X$9,2,FALSE) -> #N/A | T21: =VLOOKUP($B21,$R$3:$X$9,3,FALSE) -> #N/A | U21: =VLOOKUP($B21,$R$3:$X$9,4,FALSE) -> #N/A | V21: =VLOOKUP($B21,$R$3:$X$9,5,FALSE) -> #N/A | W21: =VLOOKUP($B21,$R$3:$X$9,6,FALSE) -> #N/A | X21: =VLOOKUP($B21,$R$3:$X$9,7,FALSE) -> #N/A | Y21: =VLOOKUP($B21,$R$3:$Z$9,8,FALSE) -> #N/A | Z21: =VLOOKUP($B21,$R$3:$Z$9,9,FALSE) -> #N/A
R22: =B22 -> 0 | S22: =VLOOKUP($B22,$R$3:$X$9,2,FALSE) -> #N/A | T22: =VLOOKUP($B22,$R$3:$X$9,3,FALSE) -> #N/A | U22: =VLOOKUP($B22,$R$3:$X$9,4,FALSE) -> #N/A | V22: =VLOOKUP($B22,$R$3:$X$9,5,FALSE) -> #N/A | W22: =VLOOKUP($B22,$R$3:$X$9,6,FALSE) -> #N/A | X22: =VLOOKUP($B22,$R$3:$X$9,7,FALSE) -> #N/A | Y22: =VLOOKUP($B22,$R$3:$Z$9,8,FALSE) -> #N/A | Z22: =VLOOKUP($B22,$R$3:$Z$9,9,FALSE) -> #N/A
R23: =B23 -> 0 | S23: =VLOOKUP($B23,$R$3:$X$9,2,FALSE) -> #N/A | T23: =VLOOKUP($B23,$R$3:$X$9,3,FALSE) -> #N/A | U23: =VLOOKUP($B23,$R$3:$X$9,4,FALSE) -> #N/A | V23: =VLOOKUP($B23,$R$3:$X$9,5,FALSE) -> #N/A | W23: =VLOOKUP($B23,$R$3:$X$9,6,FALSE) -> #N/A | X23: =VLOOKUP($B23,$R$3:$X$9,7,FALSE) -> #N/A | Y23: =VLOOKUP($B23,$R$3:$Z$9,8,FALSE) -> #N/A | Z23: =VLOOKUP($B23,$R$3:$Z$9,9,FALSE) -> #N/A
R24: =B24 -> 0 | S24: =VLOOKUP($B24,$R$3:$X$9,2,FALSE) -> #N/A | T24: =VLOOKUP($B24,$R$3:$X$9,3,FALSE) -> #N/A | U24: =VLOOKUP($B24,$R$3:$X$9,4,FALSE) -> #N/A | V24: =VLOOKUP($B24,$R$3:$X$9,5,FALSE) -> #N/A | W24: =VLOOKUP($B24,$R$3:$X$9,6,FALSE) -> #N/A | X24: =VLOOKUP($B24,$R$3:$X$9,7,FALSE) -> #N/A | Y24: =VLOOKUP($B24,$R$3:$Z$9,8,FALSE) -> #N/A | Z24: =VLOOKUP($B24,$R$3:$Z$9,9,FALSE) -> #N/A
R25: =B25 -> 0 | S25: =VLOOKUP($B25,$R$3:$X$9,2,FALSE) -> #N/A | T25: =VLOOKUP($B25,$R$3:$X$9,3,FALSE) -> #N/A | U25: =VLOOKUP($B25,$R$3:$X$9,4,FALSE) -> #N/A | V25: =VLOOKUP($B25,$R$3:$X$9,5,FALSE) -> #N/A | W25: =VLOOKUP($B25,$R$3:$X$9,6,FALSE) -> #N/A | X25: =VLOOKUP($B25,$R$3:$X$9,7,FALSE) -> #N/A | Y25: =VLOOKUP($B25,$R$3:$Z$9,8,FALSE) -> #N/A | Z25: =VLOOKUP($B25,$R$3:$Z$9,9,FALSE) -> #N/A
R26: =B26 -> 0 | S26: =VLOOKUP($B26,$R$3:$X$9,2,FALSE) -> #N/A | T26: =VLOOKUP($B26,$R$3:$X$9,3,FALSE) -> #N/A | U26: =VLOOKUP($B26,$R$3:$X$9,4,FALSE) -> #N/A | V26: =VLOOKUP($B26,$R$3:$X$9,5,FALSE) -> #N/A | W26: =VLOOKUP($B26,$R$3:$X$9,6,FALSE) -> #N/A | X26: =VLOOKUP($B26,$R$3:$X$9,7,FALSE) -> #N/A | Y26: =VLOOKUP($B26,$R$3:$Z$9,8,FALSE) -> #N/A | Z26: =VLOOKUP($B26,$R$3:$Z$9,9,FALSE) -> #N/A
R27: =B27 -> 0 | S27: =VLOOKUP($B27,$R$3:$X$9,2,FALSE) -> #N/A | T27: =VLOOKUP($B27,$R$3:$X$9,3,FALSE) -> #N/A | U27: =VLOOKUP($B27,$R$3:$X$9,4,FALSE) -> #N/A | V27: =VLOOKUP($B27,$R$3:$X$9,5,FALSE) -> #N/A | W27: =VLOOKUP($B27,$R$3:$X$9,6,FALSE) -> #N/A | X27: =VLOOKUP($B27,$R$3:$X$9,7,FALSE) -> #N/A | Y27: =VLOOKUP($B27,$R$3:$Z$9,8,FALSE) -> #N/A | Z27: =VLOOKUP($B27,$R$3:$Z$9,9,FALSE) -> #N/A
R28: =B28 -> 0 | S28: =VLOOKUP($B28,$R$3:$X$9,2,FALSE) -> #N/A | T28: =VLOOKUP($B28,$R$3:$X$9,3,FALSE) -> #N/A | U28: =VLOOKUP($B28,$R$3:$X$9,4,FALSE) -> #N/A | V28: =VLOOKUP($B28,$R$3:$X$9,5,FALSE) -> #N/A | W28: =VLOOKUP($B28,$R$3:$X$9,6,FALSE) -> #N/A | X28: =VLOOKUP($B28,$R$3:$X$9,7,FALSE) -> #N/A | Y28: =VLOOKUP($B28,$R$3:$Z$9,8,FALSE) -> #N/A | Z28: =VLOOKUP($B28,$R$3:$Z$9,9,FALSE) -> #N/A
R29: =B29 -> 0 | S29: =VLOOKUP($B29,$R$3:$X$9,2,FALSE) -> #N/A | T29: =VLOOKUP($B29,$R$3:$X$9,3,FALSE) -> #N/A | U29: =VLOOKUP($B29,$R$3:$X$9,4,FALSE) -> #N/A | V29: =VLOOKUP($B29,$R$3:$X$9,5,FALSE) -> #N/A | W29: =VLOOKUP($B29,$R$3:$X$9,6,FALSE) -> #N/A | X29: =VLOOKUP($B29,$R$3:$X$9,7,FALSE) -> #N/A | Y29: =VLOOKUP($B29,$R$3:$Z$9,8,FALSE) -> #N/A | Z29: =VLOOKUP($B29,$R$3:$Z$9,9,FALSE) -> #N/A
R30: =B30 -> 0 | S30: =VLOOKUP($B30,$R$3:$X$9,2,FALSE) -> #N/A | T30: =VLOOKUP($B30,$R$3:$X$9,3,FALSE) -> #N/A | U30: =VLOOKUP($B30,$R$3:$X$9,4,FALSE) -> #N/A | V30: =VLOOKUP($B30,$R$3:$X$9,5,FALSE) -> #N/A | W30: =VLOOKUP($B30,$R$3:$X$9,6,FALSE) -> #N/A | X30: =VLOOKUP($B30,$R$3:$X$9,7,FALSE) -> #N/A | Y30: =VLOOKUP($B30,$R$3:$Z$9,8,FALSE) -> #N/A | Z30: =VLOOKUP($B30,$R$3:$Z$9,9,FALSE) -> #N/A
... R32: =B32 -> 0 | S32: =VLOOKUP($B32,$R$3:$X$9,2,FALSE) -> #N/A | T32: =VLOOKUP($B32,$R$3:$X$9,3,FALSE) -> #N/A | U32: =VLOOKUP($B32,$R$3:$X$9,4,FALSE) -> #N/A | V32: =VLOOKUP($B32,$R$3:$X$9,5,FALSE) -> #N/A | W32: =VLOOKUP($B32,$R$3:$X$9,6,FALSE) -> #N/A | X32: =VLOOKUP($B32,$R$3:$X$9,7,FALSE) -> #N/A | Y32: =VLOOKUP($B32,$R$3:$Z$9,8,FALSE) -> #N/A | Z32: =VLOOKUP($B32,$R$3:$Z$9,9,FALSE) -> #N/A
B33: BRAND | D33: BBT P.G./ O.G | I33: Brand | J33: Actual | K33: MTD No. of Brews | L33: MTD | M33: YTD | N33: Target | R33: =B33 -> BRAND | S33: =VLOOKUP($B33,$R$3:$X$9,2,FALSE) -> #N/A | T33: =VLOOKUP($B33,$R$3:$X$9,3,FALSE) -> #N/A | U33: =VLOOKUP($B33,$R$3:$X$9,4,FALSE) -> #N/A | V33: =VLOOKUP($B33,$R$3:$X$9,5,FALSE) -> #N/A | W33: =VLOOKUP($B33,$R$3:$X$9,6,FALSE) -> #N/A | X33: =VLOOKUP($B33,$R$3:$X$9,7,FALSE) -> #N/A | Y33: =VLOOKUP($B33,$R$3:$Z$9,8,FALSE) -> #N/A | Z33: =VLOOKUP($B33,$R$3:$Z$9,9,FALSE) -> #N/A
B34: =I34 -> CARIB | C34: =[24]Process!D612 -> 12.2 | D34: 11.8 | I34: CARIB | J34: =AVERAGE(I16:I18) -> 97.679338 | K34: =COUNTA([24]Brewhouse!$A$655:$A$657) -> 3 | L34: =AVERAGE([24]Brewhouse!$AU$655:$AU$657) -> 97.679338 | M34: =AVERAGE([24]Brewhouse!$AU$102:$AU$171,[24]Brewhouse!$AU$173:$AU$253,[24]Brewhouse!$AU$255:$AU$339,[24]Brewhouse!$AU$341:$AU$346,[24]Brewhouse!$AU$348,[24]Brewhouse!$AU$349:$AU$406,[24]Brewhouse!$AU$408:$AU$491,[24]Brewhouse!$AU$493:$AU$578,[24]Brewhouse!$AU$580:$AU$652,[24]Brewhouse!$AU$655:$AU$657) -> 97.877501 | N34: 98
C35: =[24]Process!D613 -> 12 | I35: STAG | K35: =COUNTA([22]Brewhouse!$A$324:$A$331) -> 8 | L35: =AVERAGE([22]Brewhouse!$AS$324:$AS$331) -> 98.450752 | M35: =AVERAGE([22]Brewhouse!$AS$15:$AS$64,[22]Brewhouse!$AS$66:$AS$103,[22]Brewhouse!$AS$105:$AS$140,[22]Brewhouse!$AS$142:$AS$193,[22]Brewhouse!$AS$195:$AS$240,[22]Brewhouse!$AS$242:$AS$273,[22]Brewhouse!$AS$275:$AS$322,[22]Brewhouse!$AS$324:$AS$331) -> 98.076073 | N35: 98
C36: =[24]Process!D614 -> 12 | D36: 11.9 | I36: GUINNESS | M36: =AVERAGE([25]Brewhouse!$AU$4:$AU$7,[25]Brewhouse!$AU$9:$AU$22,[25]Brewhouse!$AU$24:$AU$35,[25]Brewhouse!$AU$37:$AU$45,[25]Brewhouse!$AU$47:$AU$62,[25]Brewhouse!$AU$64:$AU$79) -> 97.01892 | N36: 98
C37: =[24]Process!D615 -> 11.8 | I37: VITAMALT | J37: =AVERAGE(I10:I13) -> 97.964622 | K37: =COUNTA([26]Brewhouse!$A$64:$A$67) -> 4 | L37: =AVERAGE([26]Brewhouse!$AV$64:$AV$67) -> 97.964622 | M37: =AVERAGE([26]Brewhouse!$AV$5:$AV$14,[26]Brewhouse!$AV$16:$AV$19,[26]Brewhouse!$AV$21:$AV$24,[26]Brewhouse!$AV$26:$AV$33,[26]Brewhouse!$AV$35:$AV$46,[26]Brewhouse!$AV$48:$AV$53,[26]Brewhouse!$AV$55:$AV$62,[26]Brewhouse!$AV$64:$AV$67) -> 98.715594 | N37: 98
C38: =[24]Process!D616 -> 12 | D38: 11.92 | I38: MAXIMALT | N38: 98
C39: =[24]Process!D617 -> 11.8 | I39: MACKESON | M39: =AVERAGE([27]Brewhouse!$AT$4:$AT$11,[27]Brewhouse!$AT$13:$AT$16,[27]Brewhouse!$AT$18:$AT$21,[27]Brewhouse!$AT$26) -> 94.588058 | N39: 98
C40: =[24]Process!D618 -> 12 | D40: 11.82 | I40: STARMALT | M40: =AVERAGE([23]Brewhouse!$AY$6:$AY$13,[23]Brewhouse!$AY$15:$AY$20,[23]Brewhouse!$AY$22:$AY$29,[23]Brewhouse!$AY$31:$AY$34,[23]Brewhouse!$AY$36:$AY$43,[23]Brewhouse!$AY$45:$AY$50, [23]Brewhouse!$AY$56:$AY$73) -> 97.363751 | N40: 98
C41: =[24]Process!D619 -> 11.7 | I41: HR- Pils | M41: =AVERAGE([28]Brewhouse!$AU$5:$AU$8,[28]Brewhouse!$AU$10:$AU$13) -> 94.247667 | N41: 98
C42: =[24]Process!D606 -> 12 | D42: 11.92 | I42: HR- IPA | M42: =AVERAGE([29]Brewhouse!$AW$26:$AW$27) -> 95.310681 | N42: 98
C43: =[24]Process!D607 -> 11.9 | I43: HR- APA | M43: =AVERAGE([30]Brewhouse!$AU$13:$AU$14) -> 97.110575 | N43: 98
C44: =[24]Process!D604 -> 12.1 | D44: 11.82 | K44: =SUM(K34:K43) -> 15 | L44: =((L34*K34)+(L35*K35)+(L36*K36)+(L37*K37)+(L38*K38)+(K41*L41)+(L39*K39)+(L40*K40)+(L43*K43))/(K44) -> 98.166835 | M44: =AVERAGE('[31]Jan 31st'!$L$65,'[32]Feb 28th'!$L$35,'[33]Mar. 31st'!$L$35,'[34]Apr. 30th'!$L$45,'[35]May 30th'!$L$37,'[36]June 30th'!$L$57,L44) -> 97.731249 | N44: 98
C45: =[24]Process!D605 -> 12.1
J46: Daily Brewing Plan
J47: Brand | K47: Brews Achieved | L47: Average Brews per day
J48: CARIB | K48: 3 | L48: MTD | M48: YTD | N48: TARGET
J49: STAG | L49: =AVERAGE('Aug 4th '!K58,K58) -> 7.5 | M49: =AVERAGE('[31]Jan 29th '!$M$70,'[32]Feb 28th'!$L$40,'[33]Mar. 31st'!$L$40,'[34]Apr. 30th'!$L$50,'[35]May 30th'!$L$42,'[36]June 30th'!$L$62,'[37]July 29th '!$L$49,L49) -> 6.9771146 | N49: 9.2
J50: GUINN
J51: VITAMALT | K51: 4
J52: STARMALT
J53: MACKESON
J54: HURRICANE REEF- IPA
J55: HURRICANE REEF- APA
B56: AVERAGE | D56: =AVERAGE(D34:E55) -> 11.863333 | J56: HR- PILSNER
J57: CARIBE
J58: Total | K58: =SUM(K48:K57) -> 7
B59: Process: | C59: Fermentation/Filtration
B61: Brand | C61: Filt. Date | D61: FV Hls | E61: GFE/ Prim/ Vita Blend (Hls) | F61: SV Hls | G61: BBT Hls | H61: Loss (%) Ferm | I61: Loss (%) Filt | J61: Comments | K61: Throughput | L61: Process Loss (%) | M61: Filt. Operator
AB62: 43474 | AC62: 43475 | AD62: 43476 | AE62: 43477 | AF62: 43478 | AG62: 43479 | AH62: 43480 | AI62: 43481 | AJ62: 43482 | AK62: 43483 | AL62: 43484 | AM62: 43485 | AN62: 43486 | AO62: 43487 | AP62: 43488 | AQ62: 43489 | AR62: 43490 | AS62: 43491 | AT62: 43492 | AU62: 43493 | AV62: 43494 | AW62: 43495 | AX62: 43496
B63: =B72 -> CARIB | C63: 45874 | D63: =[38]August_2025!$H$3 -> 607.4 | G63: =[38]August_2025!$H$7 -> 570.3 | J63: 1 SBF | K63: =[39]August_2025!$H$18 -> 1.0005263 | L63: =(((D63+E63)-G63)/(D63+E63))*100 -> 6.1080013 | M63: K. Neptune | AB63: =[20]January_2019!L7 -> 285.8 | AC63: =[20]January_2019!M7 -> 508.1 | AD63: =[20]January_2019!N7 -> 0 | AE63: =[20]January_2019!O7 -> 0 | AF63: =[20]January_2019!P7 -> 109.56667 | AG63: =[20]January_2019!Q7 -> 297.65 | AH63: =[20]January_2019!R7 -> 122.3 | AI63: =[20]January_2019!S7 -> 0 | ... AX63: =[20]January_2019!AH7 -> 0
C65: 45874 | J65: NO SBF | L65: =(((D65+E65)-G65)/(D65+E65))*100 -> #DIV/0!
C67: 45873 | J67: NO SBF | L67: =(((D67+E67)-G67)/(D67+E67))*100 -> #DIV/0!
B70: Process Loss (Volume) | G70: Process Loss (Extract) | K70: Throughput
B71: Brand | C71: Actual | E71: YTD | F71: Target | G71: Actual | H71: MTD | I71: YTD | J71: Target | K71: Actual | L71: MTD | M71: YTD | N71: Target
B72: CARIB | C72: =L63 -> 6.1080013 | D72: 5.3814311 | E72: 6.3156823 | F72: 4.8 | G72: =[38]August_2025!$H$11 -> 7.0829182 | H72: 6.1846617 | I72: 6.1784094 | J72: 4.8 | K72: =K63 -> 1.0005263 | L72: 0.84210526 | M72: 0.74175772 | N72: 1
B73: STAG | E73: 5.9419799 | F73: 4.8 | I73: 5.5277536 | J73: 4.8 | M73: 0.75853638 | N73: 1
B74: GUINN | E74: 11.810347 | F74: 5.5 | I74: 13.346479 | J74: 5.5 | M74: 0.54343799 | N74: 1
B75: VITAMALT | E75: 5.1192333 | F75: 3.3 | I75: 4.87474 | J75: 3.3 | M75: 0.77839364 | N75: 1
B76: APA | E76: 7.8373016 | F76: 3.3 | I76: 5.3377569 | J76: 3 | M76: 0.32596491 | N76: 1
B77: MACKESON | E77: 7.3129862 | F77: =[21]May_2022!$M$43 -> 3.4878407 | I77: 8.9862703 | J77: 5.5 | M77: 0.59276316 | N77: 1
B78: STARMALT | D78: 3.8383838 | E78: 3.0206927 | F78: 3.3 | H78: 6.7477321 | I78: 4.4881222 | J78: 3.3 | L78: 0.33403509 | M78: 0.80384787 | N78: 1
B79: IPA | E79: 11.483254 | F79: 7.5 | I79: 9.7934336 | J79: 7.5 | M79: 0.3245614 | N79: 1
B80: HURRICANE REEF PILS | E80: 7.2653645 | F80: 4.8 | I80: 8.1715311 | J80: 4.8 | M80: 0.51368421 | N80: 1
D81: 5.2442529 | E81: 6.3767406 | F81: 5.5 | H81: 6.2569142 | I81: 6.5710979 | J81: 5.5 | L81: 0.67274854 | M81: 0.72132624 | N81: 1

Sheet Aug 6th 
S1: P.G. | U1: Hot Time | W1: Process Time | Y1: Cooling Time
B2: Brewing Department Daily Process Loss Report | S2: Lower | T2: Upper | U2: Lower | V2: Upper | W2: Lower | X2: Upper | Y2: Lower | Z2: Upper
R3: CARIB | S3: 11.6 | T3: 12 | U3: 0 | V3: 0.11805556 | W3: 0.22569444 | X3: 0.26388889 | Y3: 0 | Z3: 60 | AB3: HR- PISNER
B4: Date: | C4: 45875 | J4: LOT WORT COLOUR: 3.3 | M4: Filter Sheets (Target 20 days) | R4: STAG | S4: 11.6 | T4: 12 | U4: 0 | V4: 0.11805556 | W4: 0.22569444 | X4: 0.26388889 | Y4: 0 | Z4: 60
M5: Double | N5: Single | R5: GUINNESS | S5: 17 | T5: 17.5 | U5: 0 | V5: 0.10763889 | W5: 0.24652778 | X5: 0.28472222 | Y5: 0 | Z5: 60
J6: MALT LOT: Lot #42 | L6: Sheet Day | M6: 10 | N6: 10 | R6: MACKESON | S6: 13.3 | T6: 13.5 | U6: 0 | V6: 0.12905093 | W6: 0.27430556 | X6: 0.30208333 | Y6: 0
R7: STARMALT | S7: 17.1 | T7: 17.5 | U7: 0 | V7: 0.13605324 | W7: 0.27430556 | X7: 0.30902778 | Y7: 0 | Z7: 85
B8: Brand | C8: Brew no. | D8: Kett. Hls | E8: Wort | F8: Cool Time(Mins) | G8: Cast. P.G. (Lab Result) | H8: Cast P.G. (Cellar Operator)-gravity | I8: Extr. Rec (77.9%) | J8: Theor. Extr. (77.5%) | K8: Boil Off /Vol. (4-6%) | L8: Boil Time | M8: Total Hot | N8: Brewing | O8: Operator | R8: Hurricane Reef | S8: 16.6 | T8: 17 | U8: 0 | V8: 0.12905093 | W8: 0.27430556 | X8: 0.30208333 | Y8: 0
E9: Meter (Hls) | F9: Target(< 60Mins) | M9: Time | R9: VITAMALT | S9: 14.4 | T9: 14.6 | U9: 0 | V9: 0.13905093 | W9: 0.26041667 | X9: 0.29513889 | Y9: 0 | Z9: 75
R10: =B10 -> 0 | S10: =VLOOKUP($B10,$R$3:$X$9,2,FALSE) -> #N/A | T10: =VLOOKUP($B10,$R$3:$X$9,3,FALSE) -> #N/A | U10: =VLOOKUP($B10,$R$3:$X$9,4,FALSE) -> #N/A | V10: =VLOOKUP($B10,$R$3:$X$9,5,FALSE) -> #N/A | W10: =VLOOKUP($B10,$R$3:$X$9,6,FALSE) -> #N/A | X10: =VLOOKUP($B10,$R$3:$X$9,7,FALSE) -> #N/A | Y10: =VLOOKUP($B10,$R$3:$Z$9,8,FALSE) -> #N/A | Z10: =VLOOKUP($B10,$R$3:$Z$9,9,FALSE) -> #N/A
R11: =B11 -> 0 | S11: =VLOOKUP($B11,$R$3:$X$9,2,FALSE) -> #N/A | T11: =VLOOKUP($B11,$R$3:$X$9,3,FALSE) -> #N/A | U11: =VLOOKUP($B11,$R$3:$X$9,4,FALSE) -> #N/A | V11: =VLOOKUP($B11,$R$3:$X$9,5,FALSE) -> #N/A | W11: =VLOOKUP($B11,$R$3:$X$9,6,FALSE) -> #N/A | X11: =VLOOKUP($B11,$R$3:$X$9,7,FALSE) -> #N/A | Y11: =VLOOKUP($B11,$R$3:$Z$9,8,FALSE) -> #N/A | Z11: =VLOOKUP($B11,$R$3:$Z$9,9,FALSE) -> #N/A
R12: =B12 -> 0 | S12: =VLOOKUP($B12,$R$3:$X$9,2,FALSE) -> #N/A | T12: =VLOOKUP($B12,$R$3:$X$9,3,FALSE) -> #N/A | U12: =VLOOKUP($B12,$R$3:$X$9,4,FALSE) -> #N/A | V12: =VLOOKUP($B12,$R$3:$X$9,5,FALSE) -> #N/A | W12: =VLOOKUP($B12,$R$3:$X$9,6,FALSE) -> #N/A | X12: =VLOOKUP($B12,$R$3:$X$9,7,FALSE) -> #N/A | Y12: =VLOOKUP($B12,$R$3:$Z$9,8,FALSE) -> #N/A | Z12: =VLOOKUP($B12,$R$3:$Z$9,9,FALSE) -> #N/A
R13: =B13 -> 0 | S13: =VLOOKUP($B13,$R$3:$X$9,2,FALSE) -> #N/A | T13: =VLOOKUP($B13,$R$3:$X$9,3,FALSE) -> #N/A | U13: =VLOOKUP($B13,$R$3:$X$9,4,FALSE) -> #N/A | V13: =VLOOKUP($B13,$R$3:$X$9,5,FALSE) -> #N/A | W13: =VLOOKUP($B13,$R$3:$X$9,6,FALSE) -> #N/A | X13: =VLOOKUP($B13,$R$3:$X$9,7,FALSE) -> #N/A | Y13: =VLOOKUP($B13,$R$3:$Z$9,8,FALSE) -> #N/A | Z13: =VLOOKUP($B13,$R$3:$Z$9,9,FALSE) -> #N/A
R14: =B14 -> 0 | S14: =VLOOKUP($B14,$R$3:$X$9,2,FALSE) -> #N/A | T14: =VLOOKUP($B14,$R$3:$X$9,3,FALSE) -> #N/A | U14: =VLOOKUP($B14,$R$3:$X$9,4,FALSE) -> #N/A | V14: =VLOOKUP($B14,$R$3:$X$9,5,FALSE) -> #N/A | W14: =VLOOKUP($B14,$R$3:$X$9,6,FALSE) -> #N/A | X14: =VLOOKUP($B14,$R$3:$X$9,7,FALSE) -> #N/A | Y14: =VLOOKUP($B14,$R$3:$Z$9,8,FALSE) -> #N/A | Z14: =VLOOKUP($B14,$R$3:$Z$9,9,FALSE) -> #N/A
R15: =B15 -> 0 | S15: =VLOOKUP($B15,$R$3:$X$9,2,FALSE) -> #N/A | T15: =VLOOKUP($B15,$R$3:$X$9,3,FALSE) -> #N/A | U15: =VLOOKUP($B15,$R$3:$X$9,4,FALSE) -> #N/A | V15: =VLOOKUP($B15,$R$3:$X$9,5,FALSE) -> #N/A | W15: =VLOOKUP($B15,$R$3:$X$9,6,FALSE) -> #N/A | X15: =VLOOKUP($B15,$R$3:$X$9,7,FALSE) -> #N/A | Y15: =VLOOKUP($B15,$R$3:$Z$9,8,FALSE) -> #N/A | Z15: =VLOOKUP($B15,$R$3:$Z$9,9,FALSE) -> #N/A
R16: =B16 -> 0 | S16: =VLOOKUP($B16,$R$3:$X$9,2,FALSE) -> #N/A | T16: =VLOOKUP($B16,$R$3:$X$9,3,FALSE) -> #N/A | U16: =VLOOKUP($B16,$R$3:$X$9,4,FALSE) -> #N/A | V16: =VLOOKUP($B16,$R$3:$X$9,5,FALSE) -> #N/A | W16: =VLOOKUP($B16,$R$3:$X$9,6,FALSE) -> #N/A | X16: =VLOOKUP($B16,$R$3:$X$9,7,FALSE) -> #N/A | Y16: =VLOOKUP($B16,$R$3:$Z$9,8,FALSE) -> #N/A | Z16: =VLOOKUP($B16,$R$3:$Z$9,9,FALSE) -> #N/A
R17: =B17 -> 0 | S17: =VLOOKUP($B17,$R$3:$X$9,2,FALSE) -> #N/A | T17: =VLOOKUP($B17,$R$3:$X$9,3,FALSE) -> #N/A | U17: =VLOOKUP($B17,$R$3:$X$9,4,FALSE) -> #N/A | V17: =VLOOKUP($B17,$R$3:$X$9,5,FALSE) -> #N/A | W17: =VLOOKUP($B17,$R$3:$X$9,6,FALSE) -> #N/A | X17: =VLOOKUP($B17,$R$3:$X$9,7,FALSE) -> #N/A | Y17: =VLOOKUP($B17,$R$3:$Z$9,8,FALSE) -> #N/A | Z17: =VLOOKUP($B17,$R$3:$Z$9,9,FALSE) -> #N/A
R18: =B18 -> 0 | S18: =VLOOKUP($B18,$R$3:$X$9,2,FALSE) -> #N/A | T18: =VLOOKUP($B18,$R$3:$X$9,3,FALSE) -> #N/A | U18: =VLOOKUP($B18,$R$3:$X$9,4,FALSE) -> #N/A | V18: =VLOOKUP($B18,$R$3:$X$9,5,FALSE) -> #N/A | W18: =VLOOKUP($B18,$R$3:$X$9,6,FALSE) -> #N/A | X18: =VLOOKUP($B18,$R$3:$X$9,7,FALSE) -> #N/A | Y18: =VLOOKUP($B18,$R$3:$Z$9,8,FALSE) -> #N/A | Z18: =VLOOKUP($B18,$R$3:$Z$9,9,FALSE) -> #N/A
B19: CARIB | C19: =[24]Brewhouse!$A658 -> CA550 | D19: =[24]Brewhouse!$AF658 -> 53.7 | E19: =[24]Brewhouse!$AI658 -> 52.8 | F19: =[24]Brewhouse!$V658 -> 65 | G19: =[24]Brewhouse!AG658 -> 11.9 | H19: 11.8 | I19: =[24]Brewhouse!$AU658 -> 103.15419 | J19: =[24]Brewhouse!$AV658 -> 104.94947 | K19: =[24]Brewhouse!$Q658 -> 7.7697842 | L19: =[24]Brewhouse!$P658 -> 60 | M19: =[24]Brewhouse!$U658-[24]Brewhouse!$T658 -> 0.11319444 | N19: =[24]Brewhouse!$Z658 -> 0.25 | O19: =[24]Brewhouse!$AX658 -> R. Regis | R19: =B19 -> CARIB | S19: =VLOOKUP($B19,$R$3:$X$9,2,FALSE) -> 11.6 | T19: =VLOOKUP($B19,$R$3:$X$9,3,FALSE) -> 12 | U19: =VLOOKUP($B19,$R$3:$X$9,4,FALSE) -> 0 | V19: =VLOOKUP($B19,$R$3:$X$9,5,FALSE) -> 0.11805556 | W19: =VLOOKUP($B19,$R$3:$X$9,6,FALSE) -> 0.22569444 | X19: =VLOOKUP($B19,$R$3:$X$9,7,FALSE) -> 0.26388889 | Y19: =VLOOKUP($B19,$R$3:$Z$9,8,FALSE) -> 0 | Z19: =VLOOKUP($B19,$R$3:$Z$9,9,FALSE) -> 60
B20: CARIB | C20: =[24]Brewhouse!$A659 -> CA551 | D20: =[24]Brewhouse!$AF659 -> 52.1 | E20: =[24]Brewhouse!$AI659 -> 50.3 | F20: =[24]Brewhouse!$V659 -> 57 | G20: =[24]Brewhouse!AG659 -> 12 | H20: 12 | I20: =[24]Brewhouse!$AU659 -> 98.649638 | J20: =[24]Brewhouse!$AV659 -> 100.36689 | K20: =[24]Brewhouse!$Q659 -> 8.4135472 | L20: =[24]Brewhouse!$P659 -> 60 | M20: =[24]Brewhouse!$U659-[24]Brewhouse!$T659 -> 0.10625 | N20: =[24]Brewhouse!$Z659 -> 0.25 | O20: =[24]Brewhouse!$AX659 -> R. Regis | R20: =B20 -> CARIB | S20: =VLOOKUP($B20,$R$3:$X$9,2,FALSE) -> 11.6 | T20: =VLOOKUP($B20,$R$3:$X$9,3,FALSE) -> 12 | U20: =VLOOKUP($B20,$R$3:$X$9,4,FALSE) -> 0 | V20: =VLOOKUP($B20,$R$3:$X$9,5,FALSE) -> 0.11805556 | W20: =VLOOKUP($B20,$R$3:$X$9,6,FALSE) -> 0.22569444 | X20: =VLOOKUP($B20,$R$3:$X$9,7,FALSE) -> 0.26388889 | Y20: =VLOOKUP($B20,$R$3:$Z$9,8,FALSE) -> 0 | Z20: =VLOOKUP($B20,$R$3:$Z$9,9,FALSE) -> 60
B21: CARIB | C21: =[24]Brewhouse!$A660 -> CA552 | D21: =[24]Brewhouse!$AF660 -> 52.4 | E21: =[24]Brewhouse!$AI660 -> 50.9 | F21: =[24]Brewhouse!$V660 -> 62 | G21: =[24]Brewhouse!AG660 -> 11.8 | H21: 11.8 | I21: =[24]Brewhouse!$AU660 -> 97.957125 | J21: =[24]Brewhouse!$AV660 -> 99.662413 | K21: =[24]Brewhouse!$Q660 -> 4.1187384 | L21: =[24]Brewhouse!$P660 -> 57 | M21: =[24]Brewhouse!$U660-[24]Brewhouse!$T660 -> 0.10208333 | N21: =[24]Brewhouse!$Z660 -> 0.25277778 | O21: =[24]Brewhouse!$AX660 -> R. Sookram | R21: =B21 -> CARIB | S21: =VLOOKUP($B21,$R$3:$X$9,2,FALSE) -> 11.6 | T21: =VLOOKUP($B21,$R$3:$X$9,3,FALSE) -> 12 | U21: =VLOOKUP($B21,$R$3:$X$9,4,FALSE) -> 0 | V21: =VLOOKUP($B21,$R$3:$X$9,5,FALSE) -> 0.11805556 | W21: =VLOOKUP($B21,$R$3:$X$9,6,FALSE) -> 0.22569444 | X21: =VLOOKUP($B21,$R$3:$X$9,7,FALSE) -> 0.26388889 | Y21: =VLOOKUP($B21,$R$3:$Z$9,8,FALSE) -> 0 | Z21: =VLOOKUP($B21,$R$3:$Z$9,9,FALSE) -> 60
B22: CARIB | C22: =[24]Brewhouse!$A661 -> CA553 | D22: =[24]Brewhouse!$AF661 -> 52.5 | E22: =[24]Brewhouse!$AI661 -> 50.4 | F22: =[24]Brewhouse!$V661 -> 70 | G22: =[24]Brewhouse!AG661 -> 11.7 | H22: 11.7 | I22: =[24]Brewhouse!$AU661 -> 96.012097 | J22: =[24]Brewhouse!$AV661 -> 97.683616 | K22: =[24]Brewhouse!$Q661 -> 6.7513612 | L22: =[24]Brewhouse!$P661 -> 59 | M22: =[24]Brewhouse!$U661-[24]Brewhouse!$T661 -> 0.11180556 | N22: =[24]Brewhouse!$Z661 -> 0.27152778 | O22: =[24]Brewhouse!$AX661 -> R. Sookram | R22: =B22 -> CARIB | S22: =VLOOKUP($B22,$R$3:$X$9,2,FALSE) -> 11.6 | T22: =VLOOKUP($B22,$R$3:$X$9,3,FALSE) -> 12 | U22: =VLOOKUP($B22,$R$3:$X$9,4,FALSE) -> 0 | V22: =VLOOKUP($B22,$R$3:$X$9,5,FALSE) -> 0.11805556 | W22: =VLOOKUP($B22,$R$3:$X$9,6,FALSE) -> 0.22569444 | X22: =VLOOKUP($B22,$R$3:$X$9,7,FALSE) -> 0.26388889 | Y22: =VLOOKUP($B22,$R$3:$Z$9,8,FALSE) -> 0 | Z22: =VLOOKUP($B22,$R$3:$Z$9,9,FALSE) -> 60
B23: CARIB | C23: =[24]Brewhouse!$A662 -> CA554 | D23: =[24]Brewhouse!$AF662 -> 53.1 | E23: =[24]Brewhouse!$AI662 -> 51.3 | F23: =[24]Brewhouse!$V662 -> 61 | G23: =[24]Brewhouse!AG662 -> 11.8 | H23: 11.9 | I23: =[24]Brewhouse!$AU662 -> 98.848571 | J23: =[24]Brewhouse!$AV662 -> 100.56929 | K23: =[24]Brewhouse!$Q662 -> 6.0036166 | L23: =[24]Brewhouse!$P662 -> 60 | M23: =[24]Brewhouse!$U662-[24]Brewhouse!$T662 -> 0.10833333 | N23: =[24]Brewhouse!$Z662 -> 0.24722222 | O23: =[24]Brewhouse!$AX662 -> R. Sookram | R23: =B23 -> CARIB | S23: =VLOOKUP($B23,$R$3:$X$9,2,FALSE) -> 11.6 | T23: =VLOOKUP($B23,$R$3:$X$9,3,FALSE) -> 12 | U23: =VLOOKUP($B23,$R$3:$X$9,4,FALSE) -> 0 | V23: =VLOOKUP($B23,$R$3:$X$9,5,FALSE) -> 0.11805556 | W23: =VLOOKUP($B23,$R$3:$X$9,6,FALSE) -> 0.22569444 | X23: =VLOOKUP($B23,$R$3:$X$9,7,FALSE) -> 0.26388889 | Y23: =VLOOKUP($B23,$R$3:$Z$9,8,FALSE) -> 0 | Z23: =VLOOKUP($B23,$R$3:$Z$9,9,FALSE) -> 60
B24: CARIB | C24: =[24]Brewhouse!$A663 -> CA555 | D24: =[24]Brewhouse!$AF663 -> 53.1 | E24: =[24]Brewhouse!$AI663 -> 50 | F24: =[24]Brewhouse!$V663 -> 59 | G24: =[24]Brewhouse!AG663 -> 11.8 | H24: 11.8 | I24: =[24]Brewhouse!$AU663 -> 95.560564 | J24: =[24]Brewhouse!$AV663 -> 97.156391 | K24: =[24]Brewhouse!$Q663 -> 6.8131868 | L24: =[24]Brewhouse!$P663 -> 61 | M24: =[24]Brewhouse!$U663-[24]Brewhouse!$T663 -> 0.11180556 | N24: =[24]Brewhouse!$Z663 -> 0.23819444 | O24: =[24]Brewhouse!$AX663 -> K.Benjamin | R24: =B24 -> CARIB | S24: =VLOOKUP($B24,$R$3:$X$9,2,FALSE) -> 11.6 | T24: =VLOOKUP($B24,$R$3:$X$9,3,FALSE) -> 12 | U24: =VLOOKUP($B24,$R$3:$X$9,4,FALSE) -> 0 | V24: =VLOOKUP($B24,$R$3:$X$9,5,FALSE) -> 0.11805556 | W24: =VLOOKUP($B24,$R$3:$X$9,6,FALSE) -> 0.22569444 | X24: =VLOOKUP($B24,$R$3:$X$9,7,FALSE) -> 0.26388889 | Y24: =VLOOKUP($B24,$R$3:$Z$9,8,FALSE) -> 0 | Z24: =VLOOKUP($B24,$R$3:$Z$9,9,FALSE) -> 60
B25: CARIB | C25: =[24]Brewhouse!$A664 -> CA556 | D25: =[24]Brewhouse!$AF664 -> 52 | E25: =[24]Brewhouse!$AI664 -> 50 | F25: =[24]Brewhouse!$V664 -> 54 | G25: =[24]Brewhouse!AG664 -> 11.9 | H25: 11.8 | I25: =[24]Brewhouse!$AU664 -> 96.767186 | J25: =[24]Brewhouse!$AV664 -> 98.382639 | K25: =[24]Brewhouse!$Q664 -> 7.2826087 | L25: =[24]Brewhouse!$P664 -> 61 | M25: =[24]Brewhouse!$U664-[24]Brewhouse!$T664 -> 0.10277778 | N25: =[24]Brewhouse!$Z664 -> 0.23541667 | O25: =[24]Brewhouse!$AX664 -> K.Benjamin | R25: =B25 -> CARIB | S25: =VLOOKUP($B25,$R$3:$X$9,2,FALSE) -> 11.6 | T25: =VLOOKUP($B25,$R$3:$X$9,3,FALSE) -> 12 | U25: =VLOOKUP($B25,$R$3:$X$9,4,FALSE) -> 0 | V25: =VLOOKUP($B25,$R$3:$X$9,5,FALSE) -> 0.11805556 | W25: =VLOOKUP($B25,$R$3:$X$9,6,FALSE) -> 0.22569444 | X25: =VLOOKUP($B25,$R$3:$X$9,7,FALSE) -> 0.26388889 | Y25: =VLOOKUP($B25,$R$3:$Z$9,8,FALSE) -> 0 | Z25: =VLOOKUP($B25,$R$3:$Z$9,9,FALSE) -> 60
B26: CARIB | C26: =[24]Brewhouse!$A665 -> CA557 | D26: =[24]Brewhouse!$AF665 -> 51.9 | E26: =[24]Brewhouse!$AI665 -> 50.7 | F26: =[24]Brewhouse!$V665 -> 58 | G26: =[24]Brewhouse!AG665 -> 12 | H26: 11.7 | I26: =[24]Brewhouse!$AU665 -> 98.867593 | J26: =[24]Brewhouse!$AV665 -> 100.51829 | K26: =[24]Brewhouse!$Q665 -> 6.1732852 | L26: =[24]Brewhouse!$P665 -> 62 | M26: =[24]Brewhouse!$U665-[24]Brewhouse!$T665 -> 0.11041667 | N26: =[24]Brewhouse!$Z665 -> 0.24444444 | O26: =[24]Brewhouse!$AX665 -> K.Benjamin | R26: =B26 -> CARIB | S26: =VLOOKUP($B26,$R$3:$X$9,2,FALSE) -> 11.6 | T26: =VLOOKUP($B26,$R$3:$X$9,3,FALSE) -> 12 | U26: =VLOOKUP($B26,$R$3:$X$9,4,FALSE) -> 0 | V26: =VLOOKUP($B26,$R$3:$X$9,5,FALSE) -> 0.11805556 | W26: =VLOOKUP($B26,$R$3:$X$9,6,FALSE) -> 0.22569444 | X26: =VLOOKUP($B26,$R$3:$X$9,7,FALSE) -> 0.26388889 | Y26: =VLOOKUP($B26,$R$3:$Z$9,8,FALSE) -> 0 | Z26: =VLOOKUP($B26,$R$3:$Z$9,9,FALSE) -> 60
B27: CARIB | C27: =[24]Brewhouse!$A666 -> CA558 | D27: =[24]Brewhouse!$AF666 -> 52.7 | E27: =[24]Brewhouse!$AI666 -> 50.9 | F27: =[24]Brewhouse!$V666 -> 59 | G27: =[24]Brewhouse!AG666 -> 11.7 | H27: 11.7 | I27: =[24]Brewhouse!$AU666 -> 97.323463 | J27: =[24]Brewhouse!$AV666 -> 99.017537 | K27: =[24]Brewhouse!$Q666 -> 5.8333333 | L27: =[24]Brewhouse!$P666 -> 60 | M27: =[24]Brewhouse!$U666-[24]Brewhouse!$T666 -> 0.10833333 | N27: =[24]Brewhouse!$Z666 -> 0.25 | O27: =[24]Brewhouse!$AX666 -> R. Regis | R27: =B27 -> CARIB | S27: =VLOOKUP($B27,$R$3:$X$9,2,FALSE) -> 11.6 | T27: =VLOOKUP($B27,$R$3:$X$9,3,FALSE) -> 12 | U27: =VLOOKUP($B27,$R$3:$X$9,4,FALSE) -> 0 | V27: =VLOOKUP($B27,$R$3:$X$9,5,FALSE) -> 0.11805556 | W27: =VLOOKUP($B27,$R$3:$X$9,6,FALSE) -> 0.22569444 | X27: =VLOOKUP($B27,$R$3:$X$9,7,FALSE) -> 0.26388889 | Y27: =VLOOKUP($B27,$R$3:$Z$9,8,FALSE) -> 0 | Z27: =VLOOKUP($B27,$R$3:$Z$9,9,FALSE) -> 60
B28: CARIB | C28: =[24]Brewhouse!$A667 -> CA559 | D28: =[24]Brewhouse!$AF667 -> 53.9 | E28: =[24]Brewhouse!$AI667 -> 52.2 | F28: =[24]Brewhouse!$V667 -> 65 | G28: =[24]Brewhouse!AG667 -> 11.6 | H28: 11.7 | I28: =[24]Brewhouse!$AU667 -> 99.15607 | J28: =[24]Brewhouse!$AV667 -> 100.88186 | K28: =[24]Brewhouse!$Q667 -> 6.6906475 | L28: =[24]Brewhouse!$P667 -> 60 | M28: =[24]Brewhouse!$U667-[24]Brewhouse!$T667 -> 0.12569444 | N28: =[24]Brewhouse!$Z667 -> 0.28125 | O28: =[24]Brewhouse!$AX667 -> R. Regis | R28: =B28 -> CARIB | S28: =VLOOKUP($B28,$R$3:$X$9,2,FALSE) -> 11.6 | T28: =VLOOKUP($B28,$R$3:$X$9,3,FALSE) -> 12 | U28: =VLOOKUP($B28,$R$3:$X$9,4,FALSE) -> 0 | V28: =VLOOKUP($B28,$R$3:$X$9,5,FALSE) -> 0.11805556 | W28: =VLOOKUP($B28,$R$3:$X$9,6,FALSE) -> 0.22569444 | X28: =VLOOKUP($B28,$R$3:$X$9,7,FALSE) -> 0.26388889 | Y28: =VLOOKUP($B28,$R$3:$Z$9,8,FALSE) -> 0 | Z28: =VLOOKUP($B28,$R$3:$Z$9,9,FALSE) -> 60
B29: CARIB | C29: =[24]Brewhouse!$A668 -> CA560 | D29: =[24]Brewhouse!$AF668 -> 51.8 | E29: =[24]Brewhouse!$AI668 -> 50.1 | F29: =[24]Brewhouse!$V668 -> 66 | G29: =[24]Brewhouse!AG668 -> 11.9 | H29: 11.8 | I29: =[24]Brewhouse!$AU668 -> 97.637465 | J29: =[24]Brewhouse!$AV668 -> 99.336912 | K29: =[24]Brewhouse!$Q668 -> 8.4587814 | L29: =[24]Brewhouse!$P668 -> 61 | M29: =[24]Brewhouse!$U668-[24]Brewhouse!$T668 -> 0.12708333 | N29: =[24]Brewhouse!$Z668 -> 0.30486111 | O29: =[24]Brewhouse!$AX668 -> R. Regis | R29: =B29 -> CARIB | S29: =VLOOKUP($B29,$R$3:$X$9,2,FALSE) -> 11.6 | T29: =VLOOKUP($B29,$R$3:$X$9,3,FALSE) -> 12 | U29: =VLOOKUP($B29,$R$3:$X$9,4,FALSE) -> 0 | V29: =VLOOKUP($B29,$R$3:$X$9,5,FALSE) -> 0.11805556 | W29: =VLOOKUP($B29,$R$3:$X$9,6,FALSE) -> 0.22569444 | X29: =VLOOKUP($B29,$R$3:$X$9,7,FALSE) -> 0.26388889 | Y29: =VLOOKUP($B29,$R$3:$Z$9,8,FALSE) -> 0 | Z29: =VLOOKUP($B29,$R$3:$Z$9,9,FALSE) -> 60
R30: =B30 -> 0 | S30: =VLOOKUP($B30,$R$3:$X$9,2,FALSE) -> #N/A | T30: =VLOOKUP($B30,$R$3:$X$9,3,FALSE) -> #N/A | U30: =VLOOKUP($B30,$R$3:$X$9,4,FALSE) -> #N/A | V30: =VLOOKUP($B30,$R$3:$X$9,5,FALSE) -> #N/A | W30: =VLOOKUP($B30,$R$3:$X$9,6,FALSE) -> #N/A | X30: =VLOOKUP($B30,$R$3:$X$9,7,FALSE) -> #N/A | Y30: =VLOOKUP($B30,$R$3:$Z$9,8,FALSE) -> #N/A | Z30: =VLOOKUP($B30,$R$3:$Z$9,9,FALSE) -> #N/A
R31: =B31 -> 0 | S31: =VLOOKUP($B31,$R$3:$X$9,2,FALSE) -> #N/A | T31: =VLOOKUP($B31,$R$3:$X$9,3,FALSE) -> #N/A | U31: =VLOOKUP($B31,$R$3:$X$9,4,FALSE) -> #N/A | V31: =VLOOKUP($B31,$R$3:$X$9,5,FALSE) -> #N/A | W31: =VLOOKUP($B31,$R$3:$X$9,6,FALSE) -> #N/A | X31: =VLOOKUP($B31,$R$3:$X$9,7,FALSE) -> #N/A | Y31: =VLOOKUP($B31,$R$3:$Z$9,8,FALSE) -> #N/A | Z31: =VLOOKUP($B31,$R$3:$Z$9,9,FALSE) -> #N/A
R32: =B32 -> 0 | S32: =VLOOKUP($B32,$R$3:$X$9,2,FALSE) -> #N/A | T32: =VLOOKUP($B32,$R$3:$X$9,3,FALSE) -> #N/A | U32: =VLOOKUP($B32,$R$3:$X$9,4,FALSE) -> #N/A | V32: =VLOOKUP($B32,$R$3:$X$9,5,FALSE) -> #N/A | W32: =VLOOKUP($B32,$R$3:$X$9,6,FALSE) -> #N/A | X32: =VLOOKUP($B32,$R$3:$X$9,7,FALSE) -> #N/A | Y32: =VLOOKUP($B32,$R$3:$Z$9,8,FALSE) -> #N/A | Z32: =VLOOKUP($B32,$R$3:$Z$9,9,FALSE) -> #N/A
B33: BRAND | D33: BBT P.G./ O.G | I33: Brand | J33: Actual | K33: MTD No. of Brews | L33: MTD | M33: YTD | N33: Target | R33: =B33 -> BRAND | S33: =VLOOKUP($B33,$R$3:$X$9,2,FALSE) -> #N/A | T33: =VLOOKUP($B33,$R$3:$X$9,3,FALSE) -> #N/A | U33: =VLOOKUP($B33,$R$3:$X$9,4,FALSE) -> #N/A | V33: =VLOOKUP($B33,$R$3:$X$9,5,FALSE) -> #N/A | W33: =VLOOKUP($B33,$R$3:$X$9,6,FALSE) -> #N/A | X33: =VLOOKUP($B33,$R$3:$X$9,7,FALSE) -> #N/A | Y33: =VLOOKUP($B33,$R$3:$Z$9,8,FALSE) -> #N/A | Z33: =VLOOKUP($B33,$R$3:$Z$9,9,FALSE) -> #N/A
B34: =I36 -> GUINNESS | C34: =[25]Process!D84 -> 17.6 | D34: 17.45 | I34: CARIB | J34: =AVERAGE(I19:I29) -> 98.175815 | K34: =COUNTA([24]Brewhouse!$A$655:$A$668) -> 14 | L34: =AVERAGE([24]Brewhouse!$AU$655:$AU$668) -> 98.069427 | M34: =AVERAGE([24]Brewhouse!$AU$102:$AU$171,[24]Brewhouse!$AU$173:$AU$253,[24]Brewhouse!$AU$255:$AU$339,[24]Brewhouse!$AU$341:$AU$346,[24]Brewhouse!$AU$348,[24]Brewhouse!$AU$349:$AU$406,[24]Brewhouse!$AU$408:$AU$491,[24]Brewhouse!$AU$493:$AU$578,[24]Brewhouse!$AU$580:$AU$652,[24]Brewhouse!$AU$655:$AU$668) -> 97.883381 | N34: 98
C35: =[25]Process!D85 -> 17.6 | I35: STAG | K35: =COUNTA([22]Brewhouse!$A$324:$A$331) -> 8 | L35: =AVERAGE([22]Brewhouse!$AS$324:$AS$331) -> 98.450752 | M35: =AVERAGE([22]Brewhouse!$AS$15:$AS$64,[22]Brewhouse!$AS$66:$AS$103,[22]Brewhouse!$AS$105:$AS$140,[22]Brewhouse!$AS$142:$AS$193,[22]Brewhouse!$AS$195:$AS$240,[22]Brewhouse!$AS$242:$AS$273,[22]Brewhouse!$AS$275:$AS$322,[22]Brewhouse!$AS$324:$AS$331) -> 98.076073 | N35: 98
C36: =[25]Process!D86 -> 17.5 | D36: 17.28 | I36: GUINNESS | M36: =AVERAGE([25]Brewhouse!$AU$4:$AU$7,[25]Brewhouse!$AU$9:$AU$22,[25]Brewhouse!$AU$24:$AU$35,[25]Brewhouse!$AU$37:$AU$45,[25]Brewhouse!$AU$47:$AU$62,[25]Brewhouse!$AU$64:$AU$79) -> 97.01892 | N36: 98
C37: =[25]Process!D87 -> 17.5 | I37: VITAMALT | K37: =COUNTA([26]Brewhouse!$A$64:$A$67) -> 4 | L37: =AVERAGE([26]Brewhouse!$AV$64:$AV$67) -> 97.964622 | M37: =AVERAGE([26]Brewhouse!$AV$5:$AV$14,[26]Brewhouse!$AV$16:$AV$19,[26]Brewhouse!$AV$21:$AV$24,[26]Brewhouse!$AV$26:$AV$33,[26]Brewhouse!$AV$35:$AV$46,[26]Brewhouse!$AV$48:$AV$53,[26]Brewhouse!$AV$55:$AV$62,[26]Brewhouse!$AV$64:$AV$67) -> 98.715594 | N37: 98
C38: =[25]Process!D88 -> 17.5 | D38: 17.4 | I38: MAXIMALT | N38: 98
C39: =[25]Process!D89 -> 17.5 | I39: MACKESON | M39: =AVERAGE([27]Brewhouse!$AT$4:$AT$11,[27]Brewhouse!$AT$13:$AT$16,[27]Brewhouse!$AT$18:$AT$21,[27]Brewhouse!$AT$26) -> 94.588058 | N39: 98
C40: =[25]Process!D90 -> 17.5 | D40: 17.23 | I40: STARMALT | M40: =AVERAGE([23]Brewhouse!$AY$6:$AY$13,[23]Brewhouse!$AY$15:$AY$20,[23]Brewhouse!$AY$22:$AY$29,[23]Brewhouse!$AY$31:$AY$34,[23]Brewhouse!$AY$36:$AY$43,[23]Brewhouse!$AY$45:$AY$50, [23]Brewhouse!$AY$56:$AY$73) -> 97.363751 | N40: 98
C41: =[25]Process!D91 -> 17.4 | I41: HR- Pils | M41: =AVERAGE([28]Brewhouse!$AU$5:$AU$8,[28]Brewhouse!$AU$10:$AU$13) -> 94.247667 | N41: 98
I42: HR- IPA | M42: =AVERAGE([29]Brewhouse!$AW$26:$AW$27) -> 95.310681 | N42: 98
I43: HR- APA | M43: =AVERAGE([30]Brewhouse!$AU$13:$AU$14) -> 97.110575 | N43: 98
K44: =SUM(K34:K43) -> 26 | L44: =((L34*K34)+(L35*K35)+(L36*K36)+(L37*K37)+(L38*K38)+(K41*L41)+(L39*K39)+(L40*K40)+(L43*K43))/(K44) -> 98.170634 | M44: =AVERAGE('[31]Jan 31st'!$L$65,'[32]Feb 28th'!$L$35,'[33]Mar. 31st'!$L$35,'[34]Apr. 30th'!$L$45,'[35]May 30th'!$L$37,'[36]June 30th'!$L$57,L44) -> 97.731792 | N44: 98
B46: =I37 -> VITAMALT | C46: =[26]Process!D64 -> 14.5 | D46: 16.45 | J46: Daily Brewing Plan
C47: =[26]Process!D65 -> 14.2 | J47: Brand | K47: Brews Achieved | L47: Average Brews per day
C48: =[26]Process!D66 -> 14.5 | D48: 16.53 | J48: CARIB | K48: 11 | L48: MTD | M48: YTD | N48: TARGET
C49: =[26]Process!D67 -> 14.3 | J49: STAG | L49: =AVERAGE('Aug 4th '!K58,'Aug 5th '!K58,K58) -> 8.6666667 | M49: =AVERAGE('[31]Jan 29th '!$M$70,'[32]Feb 28th'!$L$40,'[33]Mar. 31st'!$L$40,'[34]Apr. 30th'!$L$50,'[35]May 30th'!$L$42,'[36]June 30th'!$L$62,'[37]July 29th '!$L$49,L49) -> 7.1229479 | N49: 9.2
J50: GUINN
J51: VITAMALT
J52: STARMALT
J53: MACKESON
J54: HURRICANE REEF- IPA
J55: HURRICANE REEF- APA
B56: AVERAGE | D56: =AVERAGE(D34:E55) -> 17.056667 | J56: HR- PILSNER
J57: CARIBE
J58: Total | K58: =SUM(K48:K57) -> 11
B59: Process: | C59: Fermentation/Filtration
B61: Brand | C61: Filt. Date | D61: FV Hls | E61: GFE/ Prim/ Vita Blend (Hls) | F61: SV Hls | G61: BBT Hls | H61: Loss (%) Ferm | I61: Loss (%) Filt | J61: Comments | K61: Throughput | L61: Process Loss (%) | M61: Filt. Operator
AB62: 43474 | AC62: 43475 | AD62: 43476 | AE62: 43477 | AF62: 43478 | AG62: 43479 | AH62: 43480 | AI62: 43481 | AJ62: 43482 | AK62: 43483 | AL62: 43484 | AM62: 43485 | AN62: 43486 | AO62: 43487 | AP62: 43488 | AQ62: 43489 | AR62: 43490 | AS62: 43491 | AT62: 43492 | AU62: 43493 | AV62: 43494 | AW62: 43495 | AX62: 43496
B63: =B74 -> GUINN | C63: 45875 | D63: =[38]August_2025!$I$23 -> 408.6 | E63: =[40]GUINNESS!$S$6 -> 9.9 | G63: =[38]August_2025!$I$28 -> 384.4 | J63: 1 BREAK | K63: =[39]August_2025!$I$32 -> 0.67438596 | L63: =(((D63+E63)-G63)/(D63+E63))*100 -> 8.1481481 | M63: G. Mason | AB63: =[20]January_2019!L7 -> 285.8 | AC63: =[20]January_2019!M7 -> 508.1 | AD63: =[20]January_2019!N7 -> 0 | AE63: =[20]January_2019!O7 -> 0 | AF63: =[20]January_2019!P7 -> 109.56667 | AG63: =[20]January_2019!Q7 -> 297.65 | AH63: =[20]January_2019!R7 -> 122.3 | AI63: =[20]January_2019!S7 -> 0 | ... AX63: =[20]January_2019!AH7 -> 0
B65: =B75 -> VITAMALT | C65: 45875 | D65: =[38]August_2025!$I$65 -> 191.8 | E65: =[40]VITAMALT!$J$6+[40]VITAMALT!$J$8 -> 8.2 | G65: =[38]August_2025!$I$70 -> 187.9 | J65: 1 BREAK | K65: =[39]August_2025!$I$60 -> 0.32964912 | L65: =(((D65+E65)-G65)/(D65+E65))*100 -> 6.05 | M65: D. Emery
C67: 45873 | J67: NO SBF | L67: =(((D67+E67)-G67)/(D67+E67))*100 -> #DIV/0!
B70: Process Loss (Volume) | G70: Process Loss (Extract) | K70: Throughput
B71: Brand | C71: Actual | E71: YTD | F71: Target | G71: Actual | H71: MTD | I71: YTD | J71: Target | K71: Actual | L71: MTD | M71: YTD | N71: Target
B72: CARIB | D72: 5.3814311 | E72: 6.3156823 | F72: 4.8 | H72: 6.1846617 | I72: 6.1784094 | J72: 4.8 | L72: 0.84210526 | M72: 0.74175772 | N72: 1
B73: STAG | E73: 5.9419799 | F73: 4.8 | I73: 5.5277536 | J73: 4.8 | M73: 0.75853638 | N73: 1
B74: GUINN | C74: =L63 -> 8.1481481 | D74: 8.0382775 | E74: 11.429744 | F74: 5.5 | G74: =[38]August_2025!$I$32 -> 10.553404 | H74: 10.370028 | I74: 13.047305 | J74: 5.5 | K74: =K63 -> 0.67438596 | L74: 0.67438596 | M74: 0.55172216 | N74: 1
B75: VITAMALT | C75: =L65 -> 6.05 | D75: 6.05 | E75: 5.1850281 | F75: 3.3 | G75: =[38]August_2025!$I$74 -> 5.9660755 | H75: 5.9660755 | I75: 4.9519882 | J75: 3.3 | K75: =K65 -> 0.32964912 | L75: 0.32964912 | M75: 0.72853314 | N75: 1
B76: APA | E76: 7.8373016 | F76: 3.3 | I76: 5.3377569 | J76: 3 | M76: 0.32596491 | N76: 1
B77: MACKESON | E77: 7.3129862 | F77: =[21]May_2022!$M$43 -> 3.4878407 | I77: 8.9862703 | J77: 5.5 | M77: 0.59276316 | N77: 1
B78: STARMALT | D78: 3.8383838 | E78: 3.0206927 | F78: 3.3 | H78: 6.7477321 | I78: 4.4881222 | J78: 3.3 | L78: 0.33403509 | M78: 0.80384787 | N78: 1
B79: IPA | E79: 11.483254 | F79: 7.5 | I79: 9.7934336 | J79: 7.5 | M79: 0.3245614 | N79: 1
B80: HURRICANE REEF PILS | E80: 7.2653645 | F80: 4.8 | I80: 8.1715311 | J80: 4.8 | M80: 0.51368421 | N80: 1
D81: 6.011781 | E81: 6.3883708 | F81: 5.5 | H81: 7.4759907 | I81: 6.6093639 | J81: 5.5 | L81: 0.60445614 | M81: 0.71856307 | N81: 1

Sheet Aug 7th 
S1: P.G. | U1: Hot Time | W1: Process Time | Y1: Cooling Time
B2: Brewing Department Daily Process Loss Report | S2: Lower | T2: Upper | U2: Lower | V2: Upper | W2: Lower | X2: Upper | Y2: Lower | Z2: Upper
R3: CARIB | S3: 11.6 | T3: 12 | U3: 0 | V3: 0.11805556 | W3: 0.22569444 | X3: 0.26388889 | Y3: 0 | Z3: 60 | AB3: HR- PISNER
B4: Date: | C4: 45877 | J4: LOT WORT COLOUR: 3.3 | M4: Filter Sheets (Target 20 days) | R4: STAG | S4: 11.6 | T4: 12 | U4: 0 | V4: 0.11805556 | W4: 0.22569444 | X4: 0.26388889 | Y4: 0 | Z4: 60
M5: Double | N5: Single | R5: GUINNESS | S5: 17 | T5: 17.5 | U5: 0 | V5: 0.10763889 | W5: 0.24652778 | X5: 0.28472222 | Y5: 0 | Z5: 60
J6: MALT LOT: Lot #42 | L6: Sheet Day | R6: MACKESON | S6: 13.3 | T6: 13.5 | U6: 0 | V6: 0.12905093 | W6: 0.27430556 | X6: 0.30208333 | Y6: 0
R7: STARMALT | S7: 17.1 | T7: 17.5 | U7: 0 | V7: 0.13605324 | W7: 0.27430556 | X7: 0.30902778 | Y7: 0 | Z7: 85
B8: Brand | C8: Brew no. | D8: Kett. Hls | E8: Wort | F8: Cool Time(Mins) | G8: Cast. P.G. (Lab Result) | H8: Cast P.G. (Cellar Operator)-gravity | I8: Extr. Rec (77.9%) | J8: Theor. Extr. (77.5%) | K8: Boil Off /Vol. (4-6%) | L8: Boil Time | M8: Total Hot | N8: Brewing | O8: Operator | R8: Hurricane Reef | S8: 16.6 | T8: 17 | U8: 0 | V8: 0.12905093 | W8: 0.27430556 | X8: 0.30208333 | Y8: 0
E9: Meter (Hls) | F9: Target(< 60Mins) | M9: Time | R9: VITAMALT | S9: 14.4 | T9: 14.6 | U9: 0 | V9: 0.13905093 | W9: 0.26041667 | X9: 0.29513889 | Y9: 0 | Z9: 75
B10: CARIB | C10: =[24]Brewhouse!$A669 -> CA561 | D10: =[24]Brewhouse!$AF669 -> 51.2 | E10: =[24]Brewhouse!$AI669 -> 51.1 | F10: =[24]Brewhouse!$V669 -> 61 | G10: =[24]Brewhouse!AG669 -> 11.7 | H10: 11.7 | I10: =[24]Brewhouse!$AU669 -> 97.705873 | J10: =[24]Brewhouse!$AV669 -> 99.406604 | K10: =[24]Brewhouse!$Q669 -> 9.2086331 | L10: =[24]Brewhouse!$P669 -> 60 | M10: =[24]Brewhouse!$U669-[24]Brewhouse!$T669 -> 0.11458333 | N10: =[24]Brewhouse!$Z669 -> 0.28472222 | O10: =[24]Brewhouse!$AX669 -> R. Regis | R10: =B10 -> CARIB | S10: =VLOOKUP($B10,$R$3:$X$9,2,FALSE) -> 11.6 | T10: =VLOOKUP($B10,$R$3:$X$9,3,FALSE) -> 12 | U10: =VLOOKUP($B10,$R$3:$X$9,4,FALSE) -> 0 | V10: =VLOOKUP($B10,$R$3:$X$9,5,FALSE) -> 0.11805556 | W10: =VLOOKUP($B10,$R$3:$X$9,6,FALSE) -> 0.22569444 | X10: =VLOOKUP($B10,$R$3:$X$9,7,FALSE) -> 0.26388889 | Y10: =VLOOKUP($B10,$R$3:$Z$9,8,FALSE) -> 0 | Z10: =VLOOKUP($B10,$R$3:$Z$9,9,FALSE) -> 60
B11: CARIB | C11: =[24]Brewhouse!$A670 -> CA562 | D11: =[24]Brewhouse!$AF670 -> 53.5 | E11: =[24]Brewhouse!$AI670 -> 52 | F11: =[24]Brewhouse!$V670 -> 62 | G11: =[24]Brewhouse!AG670 -> 11.6 | H11: 11.6 | I11: =[24]Brewhouse!$AU670 -> 94.605059 | J11: =[24]Brewhouse!$AV670 -> 96.189216 | K11: =[24]Brewhouse!$Q670 -> 4.2105263 | L11: =[24]Brewhouse!$P670 -> 58 | M11: =[24]Brewhouse!$U670-[24]Brewhouse!$T670 -> 0.12013889 | N11: =[24]Brewhouse!$Z670 -> 0.25 | O11: =[24]Brewhouse!$AX670 -> D. Gomez | R11: =B11 -> CARIB | S11: =VLOOKUP($B11,$R$3:$X$9,2,FALSE) -> 11.6 | T11: =VLOOKUP($B11,$R$3:$X$9,3,FALSE) -> 12 | U11: =VLOOKUP($B11,$R$3:$X$9,4,FALSE) -> 0 | V11: =VLOOKUP($B11,$R$3:$X$9,5,FALSE) -> 0.11805556 | W11: =VLOOKUP($B11,$R$3:$X$9,6,FALSE) -> 0.22569444 | X11: =VLOOKUP($B11,$R$3:$X$9,7,FALSE) -> 0.26388889 | Y11: =VLOOKUP($B11,$R$3:$Z$9,8,FALSE) -> 0 | Z11: =VLOOKUP($B11,$R$3:$Z$9,9,FALSE) -> 60
R12: =B12 -> 0 | S12: =VLOOKUP($B12,$R$3:$X$9,2,FALSE) -> #N/A | T12: =VLOOKUP($B12,$R$3:$X$9,3,FALSE) -> #N/A | U12: =VLOOKUP($B12,$R$3:$X$9,4,FALSE) -> #N/A | V12: =VLOOKUP($B12,$R$3:$X$9,5,FALSE) -> #N/A | W12: =VLOOKUP($B12,$R$3:$X$9,6,FALSE) -> #N/A | X12: =VLOOKUP($B12,$R$3:$X$9,7,FALSE) -> #N/A | Y12: =VLOOKUP($B12,$R$3:$Z$9,8,FALSE) -> #N/A | Z12: =VLOOKUP($B12,$R$3:$Z$9,9,FALSE) -> #N/A
R13: =B13 -> 0 | S13: =VLOOKUP($B13,$R$3:$X$9,2,FALSE) -> #N/A | T13: =VLOOKUP($B13,$R$3:$X$9,3,FALSE) -> #N/A | U13: =VLOOKUP($B13,$R$3:$X$9,4,FALSE) -> #N/A | V13: =VLOOKUP($B13,$R$3:$X$9,5,FALSE) -> #N/A | W13: =VLOOKUP($B13,$R$3:$X$9,6,FALSE) -> #N/A | X13: =VLOOKUP($B13,$R$3:$X$9,7,FALSE) -> #N/A | Y13: =VLOOKUP($B13,$R$3:$Z$9,8,FALSE) -> #N/A | Z13: =VLOOKUP($B13,$R$3:$Z$9,9,FALSE) -> #N/A
R14: =B14 -> 0 | S14: =VLOOKUP($B14,$R$3:$X$9,2,FALSE) -> #N/A | T14: =VLOOKUP($B14,$R$3:$X$9,3,FALSE) -> #N/A | U14: =VLOOKUP($B14,$R$3:$X$9,4,FALSE) -> #N/A | V14: =VLOOKUP($B14,$R$3:$X$9,5,FALSE) -> #N/A | W14: =VLOOKUP($B14,$R$3:$X$9,6,FALSE) -> #N/A | X14: =VLOOKUP($B14,$R$3:$X$9,7,FALSE) -> #N/A | Y14: =VLOOKUP($B14,$R$3:$Z$9,8,FALSE) -> #N/A | Z14: =VLOOKUP($B14,$R$3:$Z$9,9,FALSE) -> #N/A
R15: =B15 -> 0 | S15: =VLOOKUP($B15,$R$3:$X$9,2,FALSE) -> #N/A | T15: =VLOOKUP($B15,$R$3:$X$9,3,FALSE) -> #N/A | U15: =VLOOKUP($B15,$R$3:$X$9,4,FALSE) -> #N/A | V15: =VLOOKUP($B15,$R$3:$X$9,5,FALSE) -> #N/A | W15: =VLOOKUP($B15,$R$3:$X$9,6,FALSE) -> #N/A | X15: =VLOOKUP($B15,$R$3:$X$9,7,FALSE) -> #N/A | Y15: =VLOOKUP($B15,$R$3:$Z$9,8,FALSE) -> #N/A | Z15: =VLOOKUP($B15,$R$3:$Z$9,9,FALSE) -> #N/A
R16: =B16 -> 0 | S16: =VLOOKUP($B16,$R$3:$X$9,2,FALSE) -> #N/A | T16: =VLOOKUP($B16,$R$3:$X$9,3,FALSE) -> #N/A | U16: =VLOOKUP($B16,$R$3:$X$9,4,FALSE) -> #N/A | V16: =VLOOKUP($B16,$R$3:$X$9,5,FALSE) -> #N/A | W16: =VLOOKUP($B16,$R$3:$X$9,6,FALSE) -> #N/A | X16: =VLOOKUP($B16,$R$3:$X$9,7,FALSE) -> #N/A | Y16: =VLOOKUP($B16,$R$3:$Z$9,8,FALSE) -> #N/A | Z16: =VLOOKUP($B16,$R$3:$Z$9,9,FALSE) -> #N/A
R17: =B17 -> 0 | S17: =VLOOKUP($B17,$R$3:$X$9,2,FALSE) -> #N/A | T17: =VLOOKUP($B17,$R$3:$X$9,3,FALSE) -> #N/A | U17: =VLOOKUP($B17,$R$3:$X$9,4,FALSE) -> #N/A | V17: =VLOOKUP($B17,$R$3:$X$9,5,FALSE) -> #N/A | W17: =VLOOKUP($B17,$R$3:$X$9,6,FALSE) -> #N/A | X17: =VLOOKUP($B17,$R$3:$X$9,7,FALSE) -> #N/A | Y17: =VLOOKUP($B17,$R$3:$Z$9,8,FALSE) -> #N/A | Z17: =VLOOKUP($B17,$R$3:$Z$9,9,FALSE) -> #N/A
B18: STAG | C18: =[22]Brewhouse!$A332 -> ST311 | D18: =[22]Brewhouse!$AD332 -> 51.3 | E18: =[22]Brewhouse!$AG332 -> 50.9 | F18: =[22]Brewhouse!$V332 -> 65 | G18: =[22]Brewhouse!$AE332 -> 10.4 | H18: 10.5 | I18: =[22]Brewhouse!$AS332 -> 87.041642 | J18: =[22]Brewhouse!$AT332 -> 88.296733 | K18: =[22]Brewhouse!$Q332 -> 4.3643264 | L18: =[22]Brewhouse!$P332 -> 61 | M18: =[22]Brewhouse!$U332-[22]Brewhouse!$T332 -> 0.10833333 | N18: =[22]Brewhouse!$AW332 -> 0.25625 | O18: =[22]Brewhouse!$AV332 -> R.Sookram | R18: =B18 -> STAG | S18: =VLOOKUP($B18,$R$3:$X$9,2,FALSE) -> 11.6 | T18: =VLOOKUP($B18,$R$3:$X$9,3,FALSE) -> 12 | U18: =VLOOKUP($B18,$R$3:$X$9,4,FALSE) -> 0 | V18: =VLOOKUP($B18,$R$3:$X$9,5,FALSE) -> 0.11805556 | W18: =VLOOKUP($B18,$R$3:$X$9,6,FALSE) -> 0.22569444 | X18: =VLOOKUP($B18,$R$3:$X$9,7,FALSE) -> 0.26388889 | Y18: =VLOOKUP($B18,$R$3:$Z$9,8,FALSE) -> 0 | Z18: =VLOOKUP($B18,$R$3:$Z$9,9,FALSE) -> 60
B19: STAG | C19: =[22]Brewhouse!$A333 -> ST312 | D19: =[22]Brewhouse!$AD333 -> 52.4 | E19: =[22]Brewhouse!$AG333 -> 51.4 | F19: =[22]Brewhouse!$V333 -> 56 | G19: =[22]Brewhouse!$AE333 -> 12 | H19: 12 | I19: =[22]Brewhouse!$AS333 -> 101.99869 | J19: =[22]Brewhouse!$AT333 -> 103.46992 | K19: =[22]Brewhouse!$Q333 -> 6.0218978 | L19: =[22]Brewhouse!$P333 -> 60 | M19: =[22]Brewhouse!$U333-[22]Brewhouse!$T333 -> 0.10416667 | N19: =[22]Brewhouse!$AW333 -> 0.26458333 | O19: =[22]Brewhouse!$AV333 -> R.Sookram | R19: =B19 -> STAG | S19: =VLOOKUP($B19,$R$3:$X$9,2,FALSE) -> 11.6 | T19: =VLOOKUP($B19,$R$3:$X$9,3,FALSE) -> 12 | U19: =VLOOKUP($B19,$R$3:$X$9,4,FALSE) -> 0 | V19: =VLOOKUP($B19,$R$3:$X$9,5,FALSE) -> 0.11805556 | W19: =VLOOKUP($B19,$R$3:$X$9,6,FALSE) -> 0.22569444 | X19: =VLOOKUP($B19,$R$3:$X$9,7,FALSE) -> 0.26388889 | Y19: =VLOOKUP($B19,$R$3:$Z$9,8,FALSE) -> 0 | Z19: =VLOOKUP($B19,$R$3:$Z$9,9,FALSE) -> 60
B20: STAG | C20: =[22]Brewhouse!$A334 -> ST313 | D20: =[22]Brewhouse!$AD334 -> 51.4 | E20: =[22]Brewhouse!$AG334 -> 49.1 | F20: =[22]Brewhouse!$V334 -> 51 | G20: =[22]Brewhouse!$AE334 -> 12.1 | H20: 12.1 | I20: =[22]Brewhouse!$AS334 -> 98.410561 | J20: =[22]Brewhouse!$AT334 -> 99.829584 | K20: =[22]Brewhouse!$Q334 -> 3.4416826 | L20: =[22]Brewhouse!$P334 -> 59 | M20: =[22]Brewhouse!$U334-[22]Brewhouse!$T334 -> 0.10625 | N20: =[22]Brewhouse!$AW334 -> 0.26180556 | O20: =[22]Brewhouse!$AV334 -> K. Benjamin | P20: Compensation brew | R20: =B20 -> STAG | S20: =VLOOKUP($B20,$R$3:$X$9,2,FALSE) -> 11.6 | T20: =VLOOKUP($B20,$R$3:$X$9,3,FALSE) -> 12 | U20: =VLOOKUP($B20,$R$3:$X$9,4,FALSE) -> 0 | V20: =VLOOKUP($B20,$R$3:$X$9,5,FALSE) -> 0.11805556 | W20: =VLOOKUP($B20,$R$3:$X$9,6,FALSE) -> 0.22569444 | X20: =VLOOKUP($B20,$R$3:$X$9,7,FALSE) -> 0.26388889 | Y20: =VLOOKUP($B20,$R$3:$Z$9,8,FALSE) -> 0 | Z20: =VLOOKUP($B20,$R$3:$Z$9,9,FALSE) -> 60
B21: STAG | C21: =[22]Brewhouse!$A335 -> ST314 | D21: =[22]Brewhouse!$AD335 -> 53.5 | E21: =[22]Brewhouse!$AG335 -> 51.7 | F21: =[22]Brewhouse!$V335 -> 60 | G21: =[22]Brewhouse!$AE335 -> 12.2 | H21: 12.2 | I21: =[22]Brewhouse!$AS335 -> 104.78294 | J21: =[22]Brewhouse!$AT335 -> 106.29287 | K21: =[22]Brewhouse!$Q335 -> 2.9520295 | L21: =[22]Brewhouse!$P335 -> 60 | M21: =[22]Brewhouse!$U335-[22]Brewhouse!$T335 -> 0.12777778 | N21: =[22]Brewhouse!$AW335 -> 0.28541667 | O21: =[22]Brewhouse!$AV335 -> K. Benjamin | P21: Compensation brew | R21: =B21 -> STAG | S21: =VLOOKUP($B21,$R$3:$X$9,2,FALSE) -> 11.6 | T21: =VLOOKUP($B21,$R$3:$X$9,3,FALSE) -> 12 | U21: =VLOOKUP($B21,$R$3:$X$9,4,FALSE) -> 0 | V21: =VLOOKUP($B21,$R$3:$X$9,5,FALSE) -> 0.11805556 | W21: =VLOOKUP($B21,$R$3:$X$9,6,FALSE) -> 0.22569444 | X21: =VLOOKUP($B21,$R$3:$X$9,7,FALSE) -> 0.26388889 | Y21: =VLOOKUP($B21,$R$3:$Z$9,8,FALSE) -> 0 | Z21: =VLOOKUP($B21,$R$3:$Z$9,9,FALSE) -> 60
R22: =B22 -> 0 | S22: =VLOOKUP($B22,$R$3:$X$9,2,FALSE) -> #N/A | T22: =VLOOKUP($B22,$R$3:$X$9,3,FALSE) -> #N/A | U22: =VLOOKUP($B22,$R$3:$X$9,4,FALSE) -> #N/A | V22: =VLOOKUP($B22,$R$3:$X$9,5,FALSE) -> #N/A | W22: =VLOOKUP($B22,$R$3:$X$9,6,FALSE) -> #N/A | X22: =VLOOKUP($B22,$R$3:$X$9,7,FALSE) -> #N/A | Y22: =VLOOKUP($B22,$R$3:$Z$9,8,FALSE) -> #N/A | Z22: =VLOOKUP($B22,$R$3:$Z$9,9,FALSE) -> #N/A
R23: =B23 -> 0 | S23: =VLOOKUP($B23,$R$3:$X$9,2,FALSE) -> #N/A | T23: =VLOOKUP($B23,$R$3:$X$9,3,FALSE) -> #N/A | U23: =VLOOKUP($B23,$R$3:$X$9,4,FALSE) -> #N/A | V23: =VLOOKUP($B23,$R$3:$X$9,5,FALSE) -> #N/A | W23: =VLOOKUP($B23,$R$3:$X$9,6,FALSE) -> #N/A | X23: =VLOOKUP($B23,$R$3:$X$9,7,FALSE) -> #N/A | Y23: =VLOOKUP($B23,$R$3:$Z$9,8,FALSE) -> #N/A | Z23: =VLOOKUP($B23,$R$3:$Z$9,9,FALSE) -> #N/A
B24: CARIB | C24: =[24]Brewhouse!$A671 -> CA563 | D24: =[24]Brewhouse!$AF671 -> 51.6 | E24: =[24]Brewhouse!$AI671 -> 48.7 | F24: =[24]Brewhouse!$V671 -> 61 | G24: =[24]Brewhouse!AG671 -> 12 | H24: 11.6 | I24: =[24]Brewhouse!$AU671 -> 95.083981 | J24: =[24]Brewhouse!$AV671 -> 96.671335 | K24: =[24]Brewhouse!$Q671 -> 7.6588022 | L24: =[24]Brewhouse!$P671 -> 59 | M24: =[24]Brewhouse!$U671-[24]Brewhouse!$T671 -> 0.12430556 | N24: =[24]Brewhouse!$Z671 -> 0.25625 | O24: =[24]Brewhouse!$AX671 -> K.Benjamin | R24: =B24 -> CARIB | S24: =VLOOKUP($B24,$R$3:$X$9,2,FALSE) -> 11.6 | T24: =VLOOKUP($B24,$R$3:$X$9,3,FALSE) -> 12 | U24: =VLOOKUP($B24,$R$3:$X$9,4,FALSE) -> 0 | V24: =VLOOKUP($B24,$R$3:$X$9,5,FALSE) -> 0.11805556 | W24: =VLOOKUP($B24,$R$3:$X$9,6,FALSE) -> 0.22569444 | X24: =VLOOKUP($B24,$R$3:$X$9,7,FALSE) -> 0.26388889 | Y24: =VLOOKUP($B24,$R$3:$Z$9,8,FALSE) -> 0 | Z24: =VLOOKUP($B24,$R$3:$Z$9,9,FALSE) -> 60
B25: CARIB | C25: =[24]Brewhouse!$A672 -> CA564 | D25: =[24]Brewhouse!$AF672 -> 53.1 | E25: =[24]Brewhouse!$AI672 -> 51.3 | F25: =[24]Brewhouse!$V672 -> 60 | G25: =[24]Brewhouse!AG672 -> 11.9 | H25: 11.7 | I25: =[24]Brewhouse!$AU672 -> 98.919122 | J25: =[24]Brewhouse!$AV672 -> 100.57104 | K25: =[24]Brewhouse!$Q672 -> 9.2063492 | L25: =[24]Brewhouse!$P672 -> 59 | M25: =[24]Brewhouse!$U672-[24]Brewhouse!$T672 -> 0.10902778 | N25: =[24]Brewhouse!$Z672 -> 0.24930556 | O25: =[24]Brewhouse!$AX672 -> R. Regis | R25: =B25 -> CARIB | S25: =VLOOKUP($B25,$R$3:$X$9,2,FALSE) -> 11.6 | T25: =VLOOKUP($B25,$R$3:$X$9,3,FALSE) -> 12 | U25: =VLOOKUP($B25,$R$3:$X$9,4,FALSE) -> 0 | V25: =VLOOKUP($B25,$R$3:$X$9,5,FALSE) -> 0.11805556 | W25: =VLOOKUP($B25,$R$3:$X$9,6,FALSE) -> 0.22569444 | X25: =VLOOKUP($B25,$R$3:$X$9,7,FALSE) -> 0.26388889 | Y25: =VLOOKUP($B25,$R$3:$Z$9,8,FALSE) -> 0 | Z25: =VLOOKUP($B25,$R$3:$Z$9,9,FALSE) -> 60
B26: CARIB | C26: =[24]Brewhouse!$A673 -> CA565 | D26: =[24]Brewhouse!$AF673 -> 52.9 | E26: =[24]Brewhouse!$AI673 -> 50.9 | F26: =[24]Brewhouse!$V673 -> 58 | G26: =[24]Brewhouse!AG673 -> 11.8 | H26: 11.8 | I26: =[24]Brewhouse!$AU673 -> 97.638634 | J26: =[24]Brewhouse!$AV673 -> 99.268636 | K26: =[24]Brewhouse!$Q673 -> 6.1510791 | L26: =[24]Brewhouse!$P673 -> 60 | M26: =[24]Brewhouse!$U673-[24]Brewhouse!$T673 -> 0.10763889 | N26: =[24]Brewhouse!$Z673 -> 0.25347222 | O26: =[24]Brewhouse!$AX673 -> R. Regis | R26: =B26 -> CARIB | S26: =VLOOKUP($B26,$R$3:$X$9,2,FALSE) -> 11.6 | T26: =VLOOKUP($B26,$R$3:$X$9,3,FALSE) -> 12 | U26: =VLOOKUP($B26,$R$3:$X$9,4,FALSE) -> 0 | V26: =VLOOKUP($B26,$R$3:$X$9,5,FALSE) -> 0.11805556 | W26: =VLOOKUP($B26,$R$3:$X$9,6,FALSE) -> 0.22569444 | X26: =VLOOKUP($B26,$R$3:$X$9,7,FALSE) -> 0.26388889 | Y26: =VLOOKUP($B26,$R$3:$Z$9,8,FALSE) -> 0 | Z26: =VLOOKUP($B26,$R$3:$Z$9,9,FALSE) -> 60
B27: CARIB | C27: =[24]Brewhouse!$A674 -> CA566 | D27: =[24]Brewhouse!$AF674 -> 53.6 | E27: =[24]Brewhouse!$AI674 -> 51.7 | F27: =[24]Brewhouse!$V674 -> 62 | G27: =[24]Brewhouse!AG674 -> 11.8 | I27: =[24]Brewhouse!$AU674 -> 98.930528 | J27: =[24]Brewhouse!$AV674 -> 100.58245 | K27: =[24]Brewhouse!$Q674 -> 6.2857143 | L27: =[24]Brewhouse!$P674 -> 60 | M27: =[24]Brewhouse!$U674-[24]Brewhouse!$T674 -> 0.11111111 | N27: =[24]Brewhouse!$Z674 -> 0.25277778 | O27: =[24]Brewhouse!$AX674 -> R. Regis | R27: =B27 -> CARIB | S27: =VLOOKUP($B27,$R$3:$X$9,2,FALSE) -> 11.6 | T27: =VLOOKUP($B27,$R$3:$X$9,3,FALSE) -> 12 | U27: =VLOOKUP($B27,$R$3:$X$9,4,FALSE) -> 0 | V27: =VLOOKUP($B27,$R$3:$X$9,5,FALSE) -> 0.11805556 | W27: =VLOOKUP($B27,$R$3:$X$9,6,FALSE) -> 0.22569444 | X27: =VLOOKUP($B27,$R$3:$X$9,7,FALSE) -> 0.26388889 | Y27: =VLOOKUP($B27,$R$3:$Z$9,8,FALSE) -> 0 | Z27: =VLOOKUP($B27,$R$3:$Z$9,9,FALSE) -> 60
R28: =B28 -> 0 | S28: =VLOOKUP($B28,$R$3:$X$9,2,FALSE) -> #N/A | T28: =VLOOKUP($B28,$R$3:$X$9,3,FALSE) -> #N/A | U28: =VLOOKUP($B28,$R$3:$X$9,4,FALSE) -> #N/A | V28: =VLOOKUP($B28,$R$3:$X$9,5,FALSE) -> #N/A | W28: =VLOOKUP($B28,$R$3:$X$9,6,FALSE) -> #N/A | X28: =VLOOKUP($B28,$R$3:$X$9,7,FALSE) -> #N/A | Y28: =VLOOKUP($B28,$R$3:$Z$9,8,FALSE) -> #N/A | Z28: =VLOOKUP($B28,$R$3:$Z$9,9,FALSE) -> #N/A
R29: =B29 -> 0 | S29: =VLOOKUP($B29,$R$3:$X$9,2,FALSE) -> #N/A | T29: =VLOOKUP($B29,$R$3:$X$9,3,FALSE) -> #N/A | U29: =VLOOKUP($B29,$R$3:$X$9,4,FALSE) -> #N/A | V29: =VLOOKUP($B29,$R$3:$X$9,5,FALSE) -> #N/A | W29: =VLOOKUP($B29,$R$3:$X$9,6,FALSE) -> #N/A | X29: =VLOOKUP($B29,$R$3:$X$9,7,FALSE) -> #N/A | Y29: =VLOOKUP($B29,$R$3:$Z$9,8,FALSE) -> #N/A | Z29: =VLOOKUP($B29,$R$3:$Z$9,9,FALSE) -> #N/A
R30: =B30 -> 0 | S30: =VLOOKUP($B30,$R$3:$X$9,2,FALSE) -> #N/A | T30: =VLOOKUP($B30,$R$3:$X$9,3,FALSE) -> #N/A | U30: =VLOOKUP($B30,$R$3:$X$9,4,FALSE) -> #N/A | V30: =VLOOKUP($B30,$R$3:$X$9,5,FALSE) -> #N/A | W30: =VLOOKUP($B30,$R$3:$X$9,6,FALSE) -> #N/A | X30: =VLOOKUP($B30,$R$3:$X$9,7,FALSE) -> #N/A | Y30: =VLOOKUP($B30,$R$3:$Z$9,8,FALSE) -> #N/A | Z30: =VLOOKUP($B30,$R$3:$Z$9,9,FALSE) -> #N/A
R31: =B31 -> 0 | S31: =VLOOKUP($B31,$R$3:$X$9,2,FALSE) -> #N/A | T31: =VLOOKUP($B31,$R$3:$X$9,3,FALSE) -> #N/A | U31: =VLOOKUP($B31,$R$3:$X$9,4,FALSE) -> #N/A | V31: =VLOOKUP($B31,$R$3:$X$9,5,FALSE) -> #N/A | W31: =VLOOKUP($B31,$R$3:$X$9,6,FALSE) -> #N/A | X31: =VLOOKUP($B31,$R$3:$X$9,7,FALSE) -> #N/A | Y31: =VLOOKUP($B31,$R$3:$Z$9,8,FALSE) -> #N/A | Z31: =VLOOKUP($B31,$R$3:$Z$9,9,FALSE) -> #N/A
R32: =B32 -> 0 | S32: =VLOOKUP($B32,$R$3:$X$9,2,FALSE) -> #N/A | T32: =VLOOKUP($B32,$R$3:$X$9,3,FALSE) -> #N/A | U32: =VLOOKUP($B32,$R$3:$X$9,4,FALSE) -> #N/A | V32: =VLOOKUP($B32,$R$3:$X$9,5,FALSE) -> #N/A | W32: =VLOOKUP($B32,$R$3:$X$9,6,FALSE) -> #N/A | X32: =VLOOKUP($B32,$R$3:$X$9,7,FALSE) -> #N/A | Y32: =VLOOKUP($B32,$R$3:$Z$9,8,FALSE) -> #N/A | Z32: =VLOOKUP($B32,$R$3:$Z$9,9,FALSE) -> #N/A
B33: BRAND | D33: BBT P.G./ O.G | I33: Brand | J33: Actual | K33: MTD No. of Brews | L33: MTD | M33: YTD | N33: Target | R33: =B33 -> BRAND | S33: =VLOOKUP($B33,$R$3:$X$9,2,FALSE) -> #N/A | T33: =VLOOKUP($B33,$R$3:$X$9,3,FALSE) -> #N/A | U33: =VLOOKUP($B33,$R$3:$X$9,4,FALSE) -> #N/A | V33: =VLOOKUP($B33,$R$3:$X$9,5,FALSE) -> #N/A | W33: =VLOOKUP($B33,$R$3:$X$9,6,FALSE) -> #N/A | X33: =VLOOKUP($B33,$R$3:$X$9,7,FALSE) -> #N/A | Y33: =VLOOKUP($B33,$R$3:$Z$9,8,FALSE) -> #N/A | Z33: =VLOOKUP($B33,$R$3:$Z$9,9,FALSE) -> #N/A
B34: =I34 -> CARIB | C34: =[24]Process!D608 -> 11.9 | D34: 11.6 | I34: CARIB | J34: =AVERAGE(I10:I11,I24:I26) -> 96.790534 | K34: =COUNTA([24]Brewhouse!$A$655:$A$673) -> 19 | L34: =AVERAGE([24]Brewhouse!$AU$655:$AU$673) -> 97.732876 | M34: =AVERAGE([24]Brewhouse!$AU$102:$AU$171,[24]Brewhouse!$AU$173:$AU$253,[24]Brewhouse!$AU$255:$AU$339,[24]Brewhouse!$AU$341:$AU$346,[24]Brewhouse!$AU$348,[24]Brewhouse!$AU$349:$AU$406,[24]Brewhouse!$AU$408:$AU$491,[24]Brewhouse!$AU$493:$AU$578,[24]Brewhouse!$AU$580:$AU$652,[24]Brewhouse!$AU$655:$AU$673) -> 97.873676 | N34: 98
C35: =[24]Process!D609 -> 11.9 | I35: STAG | J35: =AVERAGE(I18:I21) -> 98.058458 | K35: =COUNTA([22]Brewhouse!$A$324:$A$335) -> 12 | L35: =AVERAGE([22]Brewhouse!$AS$324:$AS$335) -> 98.319988 | M35: =AVERAGE([22]Brewhouse!$AS$15:$AS$64,[22]Brewhouse!$AS$66:$AS$103,[22]Brewhouse!$AS$105:$AS$140,[22]Brewhouse!$AS$142:$AS$193,[22]Brewhouse!$AS$195:$AS$240,[22]Brewhouse!$AS$242:$AS$273,[22]Brewhouse!$AS$275:$AS$322,[22]Brewhouse!$AS$324:$AS$335) -> 98.075849 | N35: 98
C36: =[24]Process!D610 -> 12 | D36: 11.6 | I36: GUINNESS | M36: =AVERAGE([25]Brewhouse!$AU$4:$AU$7,[25]Brewhouse!$AU$9:$AU$22,[25]Brewhouse!$AU$24:$AU$35,[25]Brewhouse!$AU$37:$AU$45,[25]Brewhouse!$AU$47:$AU$62,[25]Brewhouse!$AU$64:$AU$79) -> 97.01892 | N36: 98
C37: =[24]Process!D611 -> 11.8 | I37: VITAMALT | K37: =COUNTA([26]Brewhouse!$A$64:$A$67) -> 4 | L37: =AVERAGE([26]Brewhouse!$AV$64:$AV$67) -> 97.964622 | M37: =AVERAGE([26]Brewhouse!$AV$5:$AV$14,[26]Brewhouse!$AV$16:$AV$19,[26]Brewhouse!$AV$21:$AV$24,[26]Brewhouse!$AV$26:$AV$33,[26]Brewhouse!$AV$35:$AV$46,[26]Brewhouse!$AV$48:$AV$53,[26]Brewhouse!$AV$55:$AV$62,[26]Brewhouse!$AV$64:$AV$67) -> 98.715594 | N37: 98
C38: =[24]Process!D620 -> 12.1 | D38: 11.61 | I38: MAXIMALT | N38: 98
C39: =[24]Process!D621 -> 11.9 | I39: MACKESON | M39: =AVERAGE([27]Brewhouse!$AT$4:$AT$11,[27]Brewhouse!$AT$13:$AT$16,[27]Brewhouse!$AT$18:$AT$21,[27]Brewhouse!$AT$26) -> 94.588058 | N39: 98
C40: =[24]Process!D622 -> 12 | D40: 11.6 | I40: STARMALT | M40: =AVERAGE([23]Brewhouse!$AY$6:$AY$13,[23]Brewhouse!$AY$15:$AY$20,[23]Brewhouse!$AY$22:$AY$29,[23]Brewhouse!$AY$31:$AY$34,[23]Brewhouse!$AY$36:$AY$43,[23]Brewhouse!$AY$45:$AY$50, [23]Brewhouse!$AY$56:$AY$73) -> 97.363751 | N40: 98
C41: =[24]Process!D623 -> 12 | I41: HR- Pils | M41: =AVERAGE([28]Brewhouse!$AU$5:$AU$8,[28]Brewhouse!$AU$10:$AU$13) -> 94.247667 | N41: 98
C42: =[24]Process!D624 -> 11.9 | D42: 11.63 | I42: HR- IPA | M42: =AVERAGE([29]Brewhouse!$AW$26:$AW$27) -> 95.310681 | N42: 98
C43: =[24]Process!D625 -> 11.8 | I43: HR- APA | M43: =AVERAGE([30]Brewhouse!$AU$13:$AU$14) -> 97.110575 | N43: 98
C44: =[24]Process!D626 -> 11.8 | D44: 11.64 | K44: =SUM(K34:K43) -> 35 | L44: =((L34*K34)+(L35*K35)+(L36*K36)+(L37*K37)+(L38*K38)+(K41*L41)+(L39*K39)+(L40*K40)+(L43*K43))/(K44) -> 97.960657 | M44: =AVERAGE('[31]Jan 31st'!$L$65,'[32]Feb 28th'!$L$35,'[33]Mar. 31st'!$L$35,'[34]Apr. 30th'!$L$45,'[35]May 30th'!$L$37,'[36]June 30th'!$L$57,L44) -> 97.701795 | N44: 98
C45: =[24]Process!D627 -> 11.7
J46: Daily Brewing Plan
J47: Brand | K47: Brews Achieved | L47: Average Brews per day
J48: CARIB | K48: 5 | L48: MTD | M48: YTD | N48: TARGET
J49: STAG | K49: 4 | L49: =AVERAGE('Aug 4th '!K58,'Aug 5th '!K58,K58) -> 8 | M49: =AVERAGE('[31]Jan 29th '!$M$70,'[32]Feb 28th'!$L$40,'[33]Mar. 31st'!$L$40,'[34]Apr. 30th'!$L$50,'[35]May 30th'!$L$42,'[36]June 30th'!$L$62,'[37]July 29th '!$L$49,L49) -> 7.0396146 | N49: 9.2
J50: GUINN
J51: VITAMALT
J52: STARMALT
J53: MACKESON
J54: HURRICANE REEF- IPA
J55: HURRICANE REEF- APA
B56: AVERAGE | D56: =AVERAGE(D34:E55) -> 11.613333 | J56: HR- PILSNER
J57: CARIBE
J58: Total | K58: =SUM(K48:K57) -> 9
B59: Process: | C59: Fermentation/Filtration
B61: Brand | C61: Filt. Date | D61: FV Hls | E61: GFE/ Prim/ Vita Blend (Hls) | F61: SV Hls | G61: BBT Hls | H61: Loss (%) Ferm | I61: Loss (%) Filt | J61: Comments | K61: Throughput | L61: Process Loss (%) | M61: Filt. Operator
AB62: 43474 | AC62: 43475 | AD62: 43476 | AE62: 43477 | AF62: 43478 | AG62: 43479 | AH62: 43480 | AI62: 43481 | AJ62: 43482 | AK62: 43483 | AL62: 43484 | AM62: 43485 | AN62: 43486 | AO62: 43487 | AP62: 43488 | AQ62: 43489 | AR62: 43490 | AS62: 43491 | AT62: 43492 | AU62: 43493 | AV62: 43494 | AW62: 43495 | AX62: 43496
B63: =B72 -> CARIB | C63: 45876 | D63: =[38]August_2025!$J$3 -> 612.3 | G63: =[38]August_2025!$J$7 -> 578.8 | J63: 1 BREAK | K63: =[39]August_2025!$J$18 -> 1.0154386 | L63: =(((D63+E63)-G63)/(D63+E63))*100 -> 5.4711743 | M63: D. Emery | AB63: =[20]January_2019!L7 -> 285.8 | AC63: =[20]January_2019!M7 -> 508.1 | AD63: =[20]January_2019!N7 -> 0 | AE63: =[20]January_2019!O7 -> 0 | AF63: =[20]January_2019!P7 -> 109.56667 | AG63: =[20]January_2019!Q7 -> 297.65 | AH63: =[20]January_2019!R7 -> 122.3 | AI63: =[20]January_2019!S7 -> 0 | ... AX63: =[20]January_2019!AH7 -> 0
J65: 1 BREAK | L65: =(((D65+E65)-G65)/(D65+E65))*100 -> #DIV/0! | M65: D. Emery
C67: 45873 | J67: NO SBF | L67: =(((D67+E67)-G67)/(D67+E67))*100 -> #DIV/0!
B70: Process Loss (Volume) | G70: Process Loss (Extract) | K70: Throughput
B71: Brand | C71: Actual | E71: YTD | F71: Target | G71: Actual | H71: MTD | I71: YTD | J71: Target | K71: Actual | L71: MTD | M71: YTD | N71: Target
B72: CARIB | C72: =L63 -> 5.4711743 | D72: 5.4152068 | E72: 6.2974824 | F72: 4.8 | G72: =[38]August_2025!$J$11 -> 7.9767576 | H72: 6.857857 | I72: 6.2174322 | J72: 4.8 | K72: =K63 -> 1.0154386 | L72: 0.89988304 | M72: 0.74535278 | N72: 1
B73: STAG | E73: 5.9419799 | F73: 4.8 | I73: 5.5277536 | J73: 4.8 | M73: 0.75853638 | N73: 1
B74: GUINN | D74: 8.0382775 | E74: 11.429744 | F74: 5.5 | H74: 10.370028 | I74: 13.047305 | J74: 5.5 | L74: 0.67438596 | M74: 0.55172216 | N74: 1
B75: VITAMALT | D75: 6.05 | E75: 5.1850281 | F75: 3.3 | H75: 5.9660755 | I75: 4.9519882 | J75: 3.3 | L75: 0.32964912 | M75: 0.72853314 | N75: 1
B76: APA | E76: 7.8373016 | F76: 3.3 | I76: 5.3377569 | J76: 3 | M76: 0.32596491 | N76: 1
B77: MACKESON | E77: 7.3129862 | F77: =[21]May_2022!$M$43 -> 3.4878407 | I77: 8.9862703 | J77: 5.5 | M77: 0.59276316 | N77: 1
B78: STARMALT | D78: 3.8383838 | E78: 3.0206927 | F78: 3.3 | H78: 6.7477321 | I78: 4.4881222 | J78: 3.3 | L78: 0.33403509 | M78: 0.80384787 | N78: 1
B79: IPA | E79: 11.483254 | F79: 7.5 | I79: 9.7934336 | J79: 7.5 | M79: 0.3245614 | N79: 1
B80: HURRICANE REEF PILS | E80: 7.2653645 | F80: 4.8 | I80: 8.1715311 | J80: 4.8 | M80: 0.51368421 | N80: 1
D81: 5.8705576 | E81: 6.3781059 | F81: 5.5 | H81: 7.589513 | I81: 6.6234142 | J81: 5.5 | L81: 0.67295322 | M81: 0.7204216 | N81: 1

Sheet Aug 8th 
S1: P.G. | U1: Hot Time | W1: Process Time | Y1: Cooling Time
B2: Brewing Department Daily Process Loss Report | S2: Lower | T2: Upper | U2: Lower | V2: Upper | W2: Lower | X2: Upper | Y2: Lower | Z2: Upper
R3: CARIB | S3: 11.6 | T3: 12 | U3: 0 | V3: 0.11805556 | W3: 0.22569444 | X3: 0.26388889 | Y3: 0 | Z3: 60 | AB3: HR- PISNER
B4: Date: | C4: 45882 | J4: LOT WORT COLOUR: 3.3 | M4: Filter Sheets (Target 20 days) | R4: STAG | S4: 11.6 | T4: 12 | U4: 0 | V4: 0.11805556 | W4: 0.22569444 | X4: 0.26388889 | Y4: 0 | Z4: 60
M5: Double | N5: Single | R5: GUINNESS | S5: 17 | T5: 17.5 | U5: 0 | V5: 0.10763889 | W5: 0.24652778 | X5: 0.28472222 | Y5: 0 | Z5: 60
J6: MALT LOT: Lot #42 | L6: Sheet Day | R6: MACKESON | S6: 13.3 | T6: 13.5 | U6: 0 | V6: 0.12905093 | W6: 0.27430556 | X6: 0.30208333 | Y6: 0
R7: STARMALT | S7: 17.1 | T7: 17.5 | U7: 0 | V7: 0.13605324 | W7: 0.27430556 | X7: 0.30902778 | Y7: 0 | Z7: 85
B8: Brand | C8: Brew no. | D8: Kett. Hls | E8: Wort | F8: Cool Time(Mins) | G8: Cast. P.G. (Lab Result) | H8: Cast P.G. (Cellar Operator)-gravity | I8: Extr. Rec (77.9%) | J8: Theor. Extr. (77.5%) | K8: Boil Off /Vol. (4-6%) | L8: Boil Time | M8: Total Hot | N8: Brewing | O8: Operator | R8: Hurricane Reef | S8: 16.6 | T8: 17 | U8: 0 | V8: 0.12905093 | W8: 0.27430556 | X8: 0.30208333 | Y8: 0
E9: Meter (Hls) | F9: Target(< 60Mins) | M9: Time | R9: VITAMALT | S9: 14.4 | T9: 14.6 | U9: 0 | V9: 0.13905093 | W9: 0.26041667 | X9: 0.29513889 | Y9: 0 | Z9: 75
B10: CARIB | C10: =[24]Brewhouse!$A675 -> CA567 | D10: =[24]Brewhouse!$AF675 -> 53.3 | E10: =[24]Brewhouse!$AI675 -> 51.4 | F10: =[24]Brewhouse!$V675 -> 63 | G10: =[24]Brewhouse!AG675 -> 11.7 | H10: 11.7 | I10: =[24]Brewhouse!$AU675 -> 94.474085 | J10: =[24]Brewhouse!$AV675 -> 96.055889 | K10: =[24]Brewhouse!$Q675 -> 6.4412811 | L10: =[24]Brewhouse!$P675 -> 60 | M10: =[24]Brewhouse!$U675-[24]Brewhouse!$T675 -> 0.10416667 | N10: =[24]Brewhouse!$Z675 -> 0.26805556 | O10: =[24]Brewhouse!$AX675 -> R. Regis | R10: =B10 -> CARIB | S10: =VLOOKUP($B10,$R$3:$X$9,2,FALSE) -> 11.6 | T10: =VLOOKUP($B10,$R$3:$X$9,3,FALSE) -> 12 | U10: =VLOOKUP($B10,$R$3:$X$9,4,FALSE) -> 0 | V10: =VLOOKUP($B10,$R$3:$X$9,5,FALSE) -> 0.11805556 | W10: =VLOOKUP($B10,$R$3:$X$9,6,FALSE) -> 0.22569444 | X10: =VLOOKUP($B10,$R$3:$X$9,7,FALSE) -> 0.26388889 | Y10: =VLOOKUP($B10,$R$3:$Z$9,8,FALSE) -> 0 | Z10: =VLOOKUP($B10,$R$3:$Z$9,9,FALSE) -> 60
B11: CARIB | C11: =[24]Brewhouse!$A676 -> CA568 | D11: =[24]Brewhouse!$AF676 -> 53.7 | E11: =[24]Brewhouse!$AI676 -> 52 | F11: =[24]Brewhouse!$V676 -> 61 | G11: =[24]Brewhouse!AG676 -> 11.6 | I11: =[24]Brewhouse!$AU676 -> 94.381471 | J11: =[24]Brewhouse!$AV676 -> 95.962202 | K11: =[24]Brewhouse!$Q676 -> 3.8475499 | L11: =[24]Brewhouse!$P676 -> 62 | M11: =[24]Brewhouse!$U676-[24]Brewhouse!$T676 -> 0.10763889 | N11: =[24]Brewhouse!$Z676 -> 0.24513889 | O11: =[24]Brewhouse!$AX676 -> D. Gomez | R11: =B11 -> CARIB | S11: =VLOOKUP($B11,$R$3:$X$9,2,FALSE) -> 11.6 | T11: =VLOOKUP($B11,$R$3:$X$9,3,FALSE) -> 12 | U11: =VLOOKUP($B11,$R$3:$X$9,4,FALSE) -> 0 | V11: =VLOOKUP($B11,$R$3:$X$9,5,FALSE) -> 0.11805556 | W11: =VLOOKUP($B11,$R$3:$X$9,6,FALSE) -> 0.22569444 | X11: =VLOOKUP($B11,$R$3:$X$9,7,FALSE) -> 0.26388889 | Y11: =VLOOKUP($B11,$R$3:$Z$9,8,FALSE) -> 0 | Z11: =VLOOKUP($B11,$R$3:$Z$9,9,FALSE) -> 60
B12: CARIB | C12: =[24]Brewhouse!$A677 -> CA569 | D12: =[24]Brewhouse!$AF677 -> 53.5 | E12: =[24]Brewhouse!$AI677 -> 51.3 | F12: =[24]Brewhouse!$V677 -> 59 | G12: =[24]Brewhouse!AG677 -> 11.9 | H12: 11.8 | I12: =[24]Brewhouse!$AU677 -> 96.558973 | J12: =[24]Brewhouse!$AV677 -> 98.174863 | K12: =[24]Brewhouse!$Q677 -> 3.8615665 | L12: =[24]Brewhouse!$P677 -> 59 | M12: =[24]Brewhouse!$U677-[24]Brewhouse!$T677 -> 0.12013889 | N12: =[24]Brewhouse!$Z677 -> 0.39097222 | O12: =[24]Brewhouse!$AX677 -> D. Gomez | P12: 10mins extra boil-Skip issues | R12: =B12 -> CARIB | S12: =VLOOKUP($B12,$R$3:$X$9,2,FALSE) -> 11.6 | T12: =VLOOKUP($B12,$R$3:$X$9,3,FALSE) -> 12 | U12: =VLOOKUP($B12,$R$3:$X$9,4,FALSE) -> 0 | V12: =VLOOKUP($B12,$R$3:$X$9,5,FALSE) -> 0.11805556 | W12: =VLOOKUP($B12,$R$3:$X$9,6,FALSE) -> 0.22569444 | X12: =VLOOKUP($B12,$R$3:$X$9,7,FALSE) -> 0.26388889 | Y12: =VLOOKUP($B12,$R$3:$Z$9,8,FALSE) -> 0 | Z12: =VLOOKUP($B12,$R$3:$Z$9,9,FALSE) -> 60
B13: CARIB | C13: =[24]Brewhouse!$A678 -> CA570 | D13: =[24]Brewhouse!$AF678 -> 54.4 | E13: =[24]Brewhouse!$AI678 -> 52.2 | F13: =[24]Brewhouse!$V678 -> 54 | G13: =[24]Brewhouse!AG678 -> 11.9 | H13: 11.9 | I13: =[24]Brewhouse!$AU678 -> 97.902606 | J13: =[24]Brewhouse!$AV678 -> 99.541483 | K13: =[24]Brewhouse!$Q678 -> 3.7992832 | L13: =[24]Brewhouse!$P678 -> 59 | M13: =[24]Brewhouse!$U678-[24]Brewhouse!$T678 -> 0.12430556 | N13: =[24]Brewhouse!$Z678 -> 0.28125 | O13: =[24]Brewhouse!$AX678 -> K.Benjamin | P13: 15mins extra boil | R13: =B13 -> CARIB | S13: =VLOOKUP($B13,$R$3:$X$9,2,FALSE) -> 11.6 | T13: =VLOOKUP($B13,$R$3:$X$9,3,FALSE) -> 12 | U13: =VLOOKUP($B13,$R$3:$X$9,4,FALSE) -> 0 | V13: =VLOOKUP($B13,$R$3:$X$9,5,FALSE) -> 0.11805556 | W13: =VLOOKUP($B13,$R$3:$X$9,6,FALSE) -> 0.22569444 | X13: =VLOOKUP($B13,$R$3:$X$9,7,FALSE) -> 0.26388889 | Y13: =VLOOKUP($B13,$R$3:$Z$9,8,FALSE) -> 0 | Z13: =VLOOKUP($B13,$R$3:$Z$9,9,FALSE) -> 60
R14: =B14 -> 0 | S14: =VLOOKUP($B14,$R$3:$X$9,2,FALSE) -> #N/A | T14: =VLOOKUP($B14,$R$3:$X$9,3,FALSE) -> #N/A | U14: =VLOOKUP($B14,$R$3:$X$9,4,FALSE) -> #N/A | V14: =VLOOKUP($B14,$R$3:$X$9,5,FALSE) -> #N/A | W14: =VLOOKUP($B14,$R$3:$X$9,6,FALSE) -> #N/A | X14: =VLOOKUP($B14,$R$3:$X$9,7,FALSE) -> #N/A | Y14: =VLOOKUP($B14,$R$3:$Z$9,8,FALSE) -> #N/A | Z14: =VLOOKUP($B14,$R$3:$Z$9,9,FALSE) -> #N/A
R15: =B15 -> 0 | S15: =VLOOKUP($B15,$R$3:$X$9,2,FALSE) -> #N/A | T15: =VLOOKUP($B15,$R$3:$X$9,3,FALSE) -> #N/A | U15: =VLOOKUP($B15,$R$3:$X$9,4,FALSE) -> #N/A | V15: =VLOOKUP($B15,$R$3:$X$9,5,FALSE) -> #N/A | W15: =VLOOKUP($B15,$R$3:$X$9,6,FALSE) -> #N/A | X15: =VLOOKUP($B15,$R$3:$X$9,7,FALSE) -> #N/A | Y15: =VLOOKUP($B15,$R$3:$Z$9,8,FALSE) -> #N/A | Z15: =VLOOKUP($B15,$R$3:$Z$9,9,FALSE) -> #N/A
R16: =B16 -> 0 | S16: =VLOOKUP($B16,$R$3:$X$9,2,FALSE) -> #N/A | T16: =VLOOKUP($B16,$R$3:$X$9,3,FALSE) -> #N/A | U16: =VLOOKUP($B16,$R$3:$X$9,4,FALSE) -> #N/A | V16: =VLOOKUP($B16,$R$3:$X$9,5,FALSE) -> #N/A | W16: =VLOOKUP($B16,$R$3:$X$9,6,FALSE) -> #N/A | X16: =VLOOKUP($B16,$R$3:$X$9,7,FALSE) -> #N/A | Y16: =VLOOKUP($B16,$R$3:$Z$9,8,FALSE) -> #N/A | Z16: =VLOOKUP($B16,$R$3:$Z$9,9,FALSE) -> #N/A
R17: =B17 -> 0 | S17: =VLOOKUP($B17,$R$3:$X$9,2,FALSE) -> #N/A | T17: =VLOOKUP($B17,$R$3:$X$9,3,FALSE) -> #N/A | U17: =VLOOKUP($B17,$R$3:$X$9,4,FALSE) -> #N/A | V17: =VLOOKUP($B17,$R$3:$X$9,5,FALSE) -> #N/A | W17: =VLOOKUP($B17,$R$3:$X$9,6,FALSE) -> #N/A | X17: =VLOOKUP($B17,$R$3:$X$9,7,FALSE) -> #N/A | Y17: =VLOOKUP($B17,$R$3:$Z$9,8,FALSE) -> #N/A | Z17: =VLOOKUP($B17,$R$3:$Z$9,9,FALSE) -> #N/A
R18: =B18 -> 0 | S18: =VLOOKUP($B18,$R$3:$X$9,2,FALSE) -> #N/A | T18: =VLOOKUP($B18,$R$3:$X$9,3,FALSE) -> #N/A | U18: =VLOOKUP($B18,$R$3:$X$9,4,FALSE) -> #N/A | V18: =VLOOKUP($B18,$R$3:$X$9,5,FALSE) -> #N/A | W18: =VLOOKUP($B18,$R$3:$X$9,6,FALSE) -> #N/A | X18: =VLOOKUP($B18,$R$3:$X$9,7,FALSE) -> #N/A | Y18: =VLOOKUP($B18,$R$3:$Z$9,8,FALSE) -> #N/A | Z18: =VLOOKUP($B18,$R$3:$Z$9,9,FALSE) -> #N/A
R19: =B19 -> 0 | S19: =VLOOKUP($B19,$R$3:$X$9,2,FALSE) -> #N/A | T19: =VLOOKUP($B19,$R$3:$X$9,3,FALSE) -> #N/A | U19: =VLOOKUP($B19,$R$3:$X$9,4,FALSE) -> #N/A | V19: =VLOOKUP($B19,$R$3:$X$9,5,FALSE) -> #N/A | W19: =VLOOKUP($B19,$R$3:$X$9,6,FALSE) -> #N/A | X19: =VLOOKUP($B19,$R$3:$X$9,7,FALSE) -> #N/A | Y19: =VLOOKUP($B19,$R$3:$Z$9,8,FALSE) -> #N/A | Z19: =VLOOKUP($B19,$R$3:$Z$9,9,FALSE) -> #N/A
R20: =B20 -> 0 | S20: =VLOOKUP($B20,$R$3:$X$9,2,FALSE) -> #N/A | T20: =VLOOKUP($B20,$R$3:$X$9,3,FALSE) -> #N/A | U20: =VLOOKUP($B20,$R$3:$X$9,4,FALSE) -> #N/A | V20: =VLOOKUP($B20,$R$3:$X$9,5,FALSE) -> #N/A | W20: =VLOOKUP($B20,$R$3:$X$9,6,FALSE) -> #N/A | X20: =VLOOKUP($B20,$R$3:$X$9,7,FALSE) -> #N/A | Y20: =VLOOKUP($B20,$R$3:$Z$9,8,FALSE) -> #N/A | Z20: =VLOOKUP($B20,$R$3:$Z$9,9,FALSE) -> #N/A
R21: =B21 -> 0 | S21: =VLOOKUP($B21,$R$3:$X$9,2,FALSE) -> #N/A | T21: =VLOOKUP($B21,$R$3:$X$9,3,FALSE) -> #N/A | U21: =VLOOKUP($B21,$R$3:$X$9,4,FALSE) -> #N/A | V21: =VLOOKUP($B21,$R$3:$X$9,5,FALSE) -> #N/A | W21: =VLOOKUP($B21,$R$3:$X$9,6,FALSE) -> #N/A | X21: =VLOOKUP($B21,$R$3:$X$9,7,FALSE) -> #N/A | Y21: =VLOOKUP($B21,$R$3:$Z$9,8,FALSE) -> #N/A | Z21: =VLOOKUP($B21,$R$3:$Z$9,9,FALSE) -> #N/A
R22: =B22 -> 0 | S22: =VLOOKUP($B22,$R$3:$X$9,2,FALSE) -> #N/A | T22: =VLOOKUP($B22,$R$3:$X$9,3,FALSE) -> #N/A | U22: =VLOOKUP($B22,$R$3:$X$9,4,FALSE) -> #N/A | V22: =VLOOKUP($B22,$R$3:$X$9,5,FALSE) -> #N/A | W22: =VLOOKUP($B22,$R$3:$X$9,6,FALSE) -> #N/A | X22: =VLOOKUP($B22,$R$3:$X$9,7,FALSE) -> #N/A | Y22: =VLOOKUP($B22,$R$3:$Z$9,8,FALSE) -> #N/A | Z22: =VLOOKUP($B22,$R$3:$Z$9,9,FALSE) -> #N/A
B23: BRAND | D23: BBT P.G./ O.G | I23: Brand | J23: Actual | K23: MTD No. of Brews | L23: MTD | M23: YTD | N23: Target | R23: =B23 -> BRAND | S23: =VLOOKUP($B23,$R$3:$X$9,2,FALSE) -> #N/A | T23: =VLOOKUP($B23,$R$3:$X$9,3,FALSE) -> #N/A | U23: =VLOOKUP($B23,$R$3:$X$9,4,FALSE) -> #N/A | V23: =VLOOKUP($B23,$R$3:$X$9,5,FALSE) -> #N/A | W23: =VLOOKUP($B23,$R$3:$X$9,6,FALSE) -> #N/A | X23: =VLOOKUP($B23,$R$3:$X$9,7,FALSE) -> #N/A | Y23: =VLOOKUP($B23,$R$3:$Z$9,8,FALSE) -> #N/A | Z23: =VLOOKUP($B23,$R$3:$Z$9,9,FALSE) -> #N/A
B24: STAG | C24: {=[22]Process!$D$303:$D$310} -> 11.9 | D24: 11.82 | I24: CARIB | J24: =AVERAGE(I10:I13) -> 95.829284 | K24: =COUNTA([24]Brewhouse!$A$655:$A$678) -> 24 | L24: =AVERAGE([24]Brewhouse!$AU$655:$AU$678) -> 97.465513 | M24: =AVERAGE([24]Brewhouse!$AU$102:$AU$171,[24]Brewhouse!$AU$173:$AU$253,[24]Brewhouse!$AU$255:$AU$339,[24]Brewhouse!$AU$341:$AU$346,[24]Brewhouse!$AU$348,[24]Brewhouse!$AU$349:$AU$406,[24]Brewhouse!$AU$408:$AU$491,[24]Brewhouse!$AU$493:$AU$578,[24]Brewhouse!$AU$580:$AU$652,[24]Brewhouse!$AU$655:$AU$678) -> 97.861139 | N24: 98
C25: 11.9 | I25: STAG | K25: =COUNTA([22]Brewhouse!$A$324:$A$335) -> 12 | L25: =AVERAGE([22]Brewhouse!$AS$324:$AS$335) -> 98.319988 | M25: =AVERAGE([22]Brewhouse!$AS$15:$AS$64,[22]Brewhouse!$AS$66:$AS$103,[22]Brewhouse!$AS$105:$AS$140,[22]Brewhouse!$AS$142:$AS$193,[22]Brewhouse!$AS$195:$AS$240,[22]Brewhouse!$AS$242:$AS$273,[22]Brewhouse!$AS$275:$AS$322,[22]Brewhouse!$AS$324:$AS$335) -> 98.075849 | N25: 98
C26: 12 | D26: 11.94 | I26: GUINNESS | M26: =AVERAGE([25]Brewhouse!$AU$4:$AU$7,[25]Brewhouse!$AU$9:$AU$22,[25]Brewhouse!$AU$24:$AU$35,[25]Brewhouse!$AU$37:$AU$45,[25]Brewhouse!$AU$47:$AU$62,[25]Brewhouse!$AU$64:$AU$79) -> 97.01892 | N26: 98
C27: 12.1 | I27: VITAMALT | K27: =COUNTA([26]Brewhouse!$A$64:$A$67) -> 4 | L27: =AVERAGE([26]Brewhouse!$AV$64:$AV$67) -> 97.964622 | M27: =AVERAGE([26]Brewhouse!$AV$5:$AV$14,[26]Brewhouse!$AV$16:$AV$19,[26]Brewhouse!$AV$21:$AV$24,[26]Brewhouse!$AV$26:$AV$33,[26]Brewhouse!$AV$35:$AV$46,[26]Brewhouse!$AV$48:$AV$53,[26]Brewhouse!$AV$55:$AV$62,[26]Brewhouse!$AV$64:$AV$67) -> 98.715594 | N27: 98
C28: 11.8 | D28: 11.94 | I28: MAXIMALT | N28: 98
C29: 11.8 | I29: MACKESON | M29: =AVERAGE([27]Brewhouse!$AT$4:$AT$11,[27]Brewhouse!$AT$13:$AT$16,[27]Brewhouse!$AT$18:$AT$21,[27]Brewhouse!$AT$26) -> 94.588058 | N29: 98
C30: 11.7 | D30: 11.81 | I30: STARMALT | M30: =AVERAGE([23]Brewhouse!$AY$6:$AY$13,[23]Brewhouse!$AY$15:$AY$20,[23]Brewhouse!$AY$22:$AY$29,[23]Brewhouse!$AY$31:$AY$34,[23]Brewhouse!$AY$36:$AY$43,[23]Brewhouse!$AY$45:$AY$50, [23]Brewhouse!$AY$56:$AY$73) -> 97.363751 | N30: 98
C31: 11.9 | I31: HR- Pils | M31: =AVERAGE([28]Brewhouse!$AU$5:$AU$8,[28]Brewhouse!$AU$10:$AU$13) -> 94.247667 | N31: 98
I32: HR- IPA | M32: =AVERAGE([29]Brewhouse!$AW$26:$AW$27) -> 95.310681 | N32: 98
I33: HR- APA | M33: =AVERAGE([30]Brewhouse!$AU$13:$AU$14) -> 97.110575 | N33: 98
K34: =SUM(K24:K33) -> 40 | L34: =((L24*K24)+(L25*K25)+(L26*K26)+(L27*K27)+(L28*K28)+(K31*L31)+(L29*K29)+(L30*K30)+(L33*K33))/(K34) -> 97.771766 | M34: =AVERAGE('[31]Jan 31st'!$L$65,'[32]Feb 28th'!$L$35,'[33]Mar. 31st'!$L$35,'[34]Apr. 30th'!$L$45,'[35]May 30th'!$L$37,'[36]June 30th'!$L$57,L34) -> 97.674811 | N34: 98
B36: MACKESON | C36: {=[27]Process!$D$23:$D$26} -> 13.3 | D36: 14.12 | J36: Daily Brewing Plan
C37: 13.3 | J37: Brand | K37: Brews Achieved | L37: Average Brews per day
C38: 13.5 | D38: 14.36 | J38: CARIB | K38: 4 | L38: MTD | M38: YTD | N38: TARGET
C39: 13.4 | J39: STAG | L39: =AVERAGE('Aug 4th '!K58,'Aug 5th '!K58,'Aug 6th '!K58,'Aug 7th '!K58,K48) -> 7.8 | M39: =AVERAGE('[31]Jan 29th '!$M$70,'[32]Feb 28th'!$L$40,'[33]Mar. 31st'!$L$40,'[34]Apr. 30th'!$L$50,'[35]May 30th'!$L$42,'[36]June 30th'!$L$62,'[37]July 29th '!$L$49,L39) -> 7.0146146 | N39: 9.2
J40: GUINN
J41: VITAMALT
J42: STARMALT
J43: MACKESON
J44: HURRICANE REEF- IPA
J45: HURRICANE REEF- APA
B46: AVERAGE | D46: =AVERAGE(D24:E45) -> 12.665 | J46: HR- PILSNER
J47: CARIBE
J48: Total | K48: =SUM(K38:K47) -> 4
B49: Process: | C49: Fermentation/Filtration
B51: Brand | C51: Filt. Date | D51: FV Hls | E51: GFE/ Prim/ Vita Blend (Hls) | F51: SV Hls | G51: BBT Hls | H51: Loss (%) Ferm | I51: Loss (%) Filt | J51: Comments | K51: Throughput | L51: Process Loss (%) | M51: Filt. Operator
AB52: 43474 | AC52: 43475 | AD52: 43476 | AE52: 43477 | AF52: 43478 | AG52: 43479 | AH52: 43480 | AI52: 43481 | AJ52: 43482 | AK52: 43483 | AL52: 43484 | AM52: 43485 | AN52: 43486 | AO52: 43487 | AP52: 43488 | AQ52: 43489 | AR52: 43490 | AS52: 43491 | AT52: 43492 | AU52: 43493 | AV52: 43494 | AW52: 43495 | AX52: 43496
B53: =J39 -> STAG | C53: 45877 | D53: =[38]August_2025!$K$13 -> 399.37 | G53: =[38]August_2025!$K$17 -> 377.8 | J53: 2 BREAKS | K53: =[39]August_2025!$K$25 -> 0.44187135 | L53: =(((D53+E53)-G53)/(D53+E53))*100 -> 5.4010066 | M53: D. Emery | AB53: =[20]January_2019!L7 -> 285.8 | AC53: =[20]January_2019!M7 -> 508.1 | AD53: =[20]January_2019!N7 -> 0 | AE53: =[20]January_2019!O7 -> 0 | AF53: =[20]January_2019!P7 -> 109.56667 | AG53: =[20]January_2019!Q7 -> 297.65 | AH53: =[20]January_2019!R7 -> 122.3 | AI53: =[20]January_2019!S7 -> 0 | ... AX53: =[20]January_2019!AH7 -> 0
B55: =J43 -> MACKESON | C55: 45877 | D55: =[38]August_2025!$K$34 -> 196 | E55: =SUM([27]Process!$Y$23:$Y$26) -> 3.8 | G55: =[38]August_2025!$K$39 -> 189.3 | J55: NO BREAK | K55: =[39]August_2025!$K$39 -> 0.66421053 | L55: =(((D55+E55)-G55)/(D55+E55))*100 -> 5.2552553 | M55: D. Emery
C57: 45873 | J57: NO SBF | L57: =(((D57+E57)-G57)/(D57+E57))*100 -> #DIV/0!
B60: Process Loss (Volume) | G60: Process Loss (Extract) | K60: Throughput
B61: Brand | C61: Actual | D61: MTD | E61: YTD | F61: Target | G61: Actual | H61: MTD | I61: YTD | J61: Target | K61: Actual | L61: MTD | M61: YTD | N61: Target
B62: CARIB | D62: 5.4152068 | E62: 6.2974824 | F62: 4.8 | H62: 6.857857 | I62: 6.2174322 | J62: 4.8 | L62: 0.89988304 | M62: 0.74535278 | N62: 1
B63: STAG | D63: 5.4010066 | E63: 5.9276539 | F63: 4.8 | H63: 5.7812276 | I63: 5.5345014 | J63: 4.8 | L63: 0.44187135 | M63: 0.75087759 | N63: 1
B64: GUINN | D64: 8.0382775 | E64: 11.429744 | F64: 5.5 | H64: 10.370028 | I64: 13.047305 | J64: 5.5 | L64: 0.67438596 | M64: 0.55172216 | N64: 1
B65: VITAMALT | D65: 6.05 | E65: 5.1850281 | F65: 3.3 | H65: 5.9660755 | I65: 4.9519882 | J65: 3.3 | L65: 0.32964912 | M65: 0.72853314 | N65: 1
B66: APA | E66: 7.8373016 | F66: 3.3 | I66: 5.3377569 | J66: 3 | M66: 0.32596491 | N66: 1
B67: MACKESON | D67: 5.2552553 | E67: 6.9158698 | F67: =[21]May_2022!$M$43 -> 3.4878407 | H67: 6.7916331 | I67: 8.5598888 | J67: 5.5 | L67: 0.66421053 | M67: 0.60705263 | N67: 1
B68: STARMALT | D68: 3.8383838 | E68: 3.0206927 | F68: 3.3 | H68: 6.7477321 | I68: 4.4881222 | J68: 3.3 | L68: 0.33403509 | M68: 0.80384787 | N68: 1
B69: IPA | E69: 11.483254 | F69: 7.5 | I69: 9.7934336 | J69: 7.5 | M69: 0.3245614 | N69: 1
B70: HURRICANE REEF PILS | E70: 7.2653645 | F70: 4.8 | I70: 8.1715311 | J70: 4.8 | M70: 0.51368421 | N70: 1
D71: 5.7650684 | E71: 6.3669945 | F71: 5.5 | H71: 7.3152717 | I71: 6.6185204 | J71: 5.5 | L71: 0.64297515 | M71: 0.71835181 | N71: 1

Sheet Aug 13th
S1: P.G. | U1: Hot Time | W1: Process Time | Y1: Cooling Time
B2: Brewing Department Daily Process Loss Report | S2: Lower | T2: Upper | U2: Lower | V2: Upper | W2: Lower | X2: Upper | Y2: Lower | Z2: Upper
R3: CARIB | S3: 11.6 | T3: 12 | U3: 0 | V3: 0.11805556 | W3: 0.22569444 | X3: 0.26388889 | Y3: 0 | Z3: 60 | AB3: HR- PISNER
B4: Date: | C4: 45883 | J4: LOT WORT COLOUR: 3.3 | M4: Filter Sheets (Target 20 days) | R4: STAG | S4: 11.6 | T4: 12 | U4: 0 | V4: 0.11805556 | W4: 0.22569444 | X4: 0.26388889 | Y4: 0 | Z4: 60
M5: Double | N5: Single | R5: GUINNESS | S5: 17 | T5: 17.5 | U5: 0 | V5: 0.10763889 | W5: 0.24652778 | X5: 0.28472222 | Y5: 0 | Z5: 60
J6: MALT LOT: Lot #42 | L6: Sheet Day | R6: MACKESON | S6: 13.3 | T6: 13.5 | U6: 0 | V6: 0.12905093 | W6: 0.27430556 | X6: 0.30208333 | Y6: 0
R7: STARMALT | S7: 17.1 | T7: 17.5 | U7: 0 | V7: 0.13605324 | W7: 0.27430556 | X7: 0.30902778 | Y7: 0 | Z7: 85
B8: Brand | C8: Brew no. | D8: Kett. Hls | E8: Wort | F8: Cool Time(Mins) | G8: Cast. P.G. (Lab Result) | H8: Cast P.G. (Cellar Operator)-gravity | I8: Extr. Rec (77.9%) | J8: Theor. Extr. (77.5%) | K8: Boil Off /Vol. (4-6%) | L8: Boil Time | M8: Total Hot | N8: Brewing | O8: Operator | R8: Hurricane Reef | S8: 16.6 | T8: 17 | U8: 0 | V8: 0.12905093 | W8: 0.27430556 | X8: 0.30208333 | Y8: 0
E9: Meter (Hls) | F9: Target(< 60Mins) | M9: Time | R9: VITAMALT | S9: 14.4 | T9: 14.6 | U9: 0 | V9: 0.13905093 | W9: 0.26041667 | X9: 0.29513889 | Y9: 0 | Z9: 75
B10: CARIB | C10: =[24]Brewhouse!$A679 -> CA571 | D10: =[24]Brewhouse!$AF679 -> 46.8 | E10: =[24]Process!$AD679 -> 56.1 | F10: =[24]Brewhouse!$V679 -> 61 | G10: =[24]Brewhouse!AG679 -> 11.6 | H10: 11.7 | I10: =[24]Brewhouse!$AU679 -> 95.140303 | J10: =[24]Brewhouse!$AV679 -> 96.715198 | K10: =[24]Brewhouse!$Q679 -> 11.456693 | L10: =[24]Brewhouse!$P679 -> 60 | M10: =[24]Brewhouse!$U679-[24]Brewhouse!$T679 -> 0.11805556 | N10: =[24]Brewhouse!$Z679 -> 0.23680556 | O10: =[24]Brewhouse!$AX679 -> R. Regis | R10: =B10 -> CARIB | S10: =VLOOKUP($B10,$R$3:$X$9,2,FALSE) -> 11.6 | T10: =VLOOKUP($B10,$R$3:$X$9,3,FALSE) -> 12 | U10: =VLOOKUP($B10,$R$3:$X$9,4,FALSE) -> 0 | V10: =VLOOKUP($B10,$R$3:$X$9,5,FALSE) -> 0.11805556 | W10: =VLOOKUP($B10,$R$3:$X$9,6,FALSE) -> 0.22569444 | X10: =VLOOKUP($B10,$R$3:$X$9,7,FALSE) -> 0.26388889 | Y10: =VLOOKUP($B10,$R$3:$Z$9,8,FALSE) -> 0 | Z10: =VLOOKUP($B10,$R$3:$Z$9,9,FALSE) -> 60
B11: CARIB | C11: =[24]Brewhouse!$A680 -> CA572 | D11: =[24]Brewhouse!$AF680 -> 53.7 | E11: =[24]Brewhouse!$AI680 -> 50.1 | F11: =[24]Brewhouse!$V680 -> 63 | G11: =[24]Brewhouse!AG680 -> 11.7 | I11: =[24]Brewhouse!$AU680 -> 94.898144 | J11: =[24]Brewhouse!$AV680 -> 96.48291 | K11: =[24]Brewhouse!$Q680 -> 8.0072464 | L11: =[24]Brewhouse!$P680 -> 60 | M11: =[24]Brewhouse!$U680-[24]Brewhouse!$T680 -> 0.11666667 | N11: =[24]Brewhouse!$Z680 -> 0.24513889 | O11: =[24]Brewhouse!$AX680 -> R. Regis | R11: =B11 -> CARIB | S11: =VLOOKUP($B11,$R$3:$X$9,2,FALSE) -> 11.6 | T11: =VLOOKUP($B11,$R$3:$X$9,3,FALSE) -> 12 | U11: =VLOOKUP($B11,$R$3:$X$9,4,FALSE) -> 0 | V11: =VLOOKUP($B11,$R$3:$X$9,5,FALSE) -> 0.11805556 | W11: =VLOOKUP($B11,$R$3:$X$9,6,FALSE) -> 0.22569444 | X11: =VLOOKUP($B11,$R$3:$X$9,7,FALSE) -> 0.26388889 | Y11: =VLOOKUP($B11,$R$3:$Z$9,8,FALSE) -> 0 | Z11: =VLOOKUP($B11,$R$3:$Z$9,9,FALSE) -> 60
B12: CARIB | C12: =[24]Brewhouse!$A681 -> CA573 | D12: =[24]Brewhouse!$AF681 -> 52.5 | E12: =[24]Brewhouse!$AI681 -> 51.5 | F12: =[24]Brewhouse!$V681 -> 100 | G12: =[24]Brewhouse!AG681 -> 11.9 | H12: 11.9 | I12: =[24]Brewhouse!$AU681 -> 99.426284 | J12: =[24]Brewhouse!$AV681 -> 101.08649 | K12: =[24]Brewhouse!$Q681 -> 6.0254083 | L12: =[24]Brewhouse!$P681 -> 57 | M12: =[24]Brewhouse!$U681-[24]Brewhouse!$T681 -> 0.13888889 | N12: =[24]Brewhouse!$Z681 -> 0.27013889 | O12: =[24]Brewhouse!$AX681 -> R.Sookram | R12: =B12 -> CARIB | S12: =VLOOKUP($B12,$R$3:$X$9,2,FALSE) -> 11.6 | T12: =VLOOKUP($B12,$R$3:$X$9,3,FALSE) -> 12 | U12: =VLOOKUP($B12,$R$3:$X$9,4,FALSE) -> 0 | V12: =VLOOKUP($B12,$R$3:$X$9,5,FALSE) -> 0.11805556 | W12: =VLOOKUP($B12,$R$3:$X$9,6,FALSE) -> 0.22569444 | X12: =VLOOKUP($B12,$R$3:$X$9,7,FALSE) -> 0.26388889 | Y12: =VLOOKUP($B12,$R$3:$Z$9,8,FALSE) -> 0 | Z12: =VLOOKUP($B12,$R$3:$Z$9,9,FALSE) -> 60
B13: CARIB | C13: =[24]Brewhouse!$A682 -> CA574 | D13: =[24]Brewhouse!$AF682 -> 52.2 | E13: =[24]Brewhouse!$AI682 -> 50 | F13: =[24]Brewhouse!$V682 -> 61 | G13: =[24]Brewhouse!AG682 -> 11.5 | H13: 11.5 | I13: =[24]Brewhouse!$AU682 -> 91.882137 | J13: =[24]Brewhouse!$AV682 -> 93.418168 | K13: =[24]Brewhouse!$Q682 -> 5.1933702 | L13: =[24]Brewhouse!$P682 -> 58 | M13: =[24]Brewhouse!$U682-[24]Brewhouse!$T682 -> 0.1375 | N13: =[24]Brewhouse!$Z682 -> 0.28541667 | O13: =[24]Brewhouse!$AX682 -> R.Sookram | P13: 40mins extra boil | R13: =B13 -> CARIB | S13: =VLOOKUP($B13,$R$3:$X$9,2,FALSE) -> 11.6 | T13: =VLOOKUP($B13,$R$3:$X$9,3,FALSE) -> 12 | U13: =VLOOKUP($B13,$R$3:$X$9,4,FALSE) -> 0 | V13: =VLOOKUP($B13,$R$3:$X$9,5,FALSE) -> 0.11805556 | W13: =VLOOKUP($B13,$R$3:$X$9,6,FALSE) -> 0.22569444 | X13: =VLOOKUP($B13,$R$3:$X$9,7,FALSE) -> 0.26388889 | Y13: =VLOOKUP($B13,$R$3:$Z$9,8,FALSE) -> 0 | Z13: =VLOOKUP($B13,$R$3:$Z$9,9,FALSE) -> 60
B14: CARIB | C14: =[24]Brewhouse!$A683 -> CA575 | D14: =[24]Brewhouse!$AF683 -> 59.9 | E14: =[24]Brewhouse!$AI683 -> 58.4 | F14: =[24]Brewhouse!$V683 -> 74 | G14: =[24]Brewhouse!AG683 -> 12 | H14: 11.5 | I14: =[24]Brewhouse!$AU683 -> 112.50467 | J14: =[24]Brewhouse!$AV683 -> 114.38506 | K14: =[24]Brewhouse!$Q683 -> 5.8450704 | L14: =[24]Brewhouse!$P683 -> 70 | M14: =[24]Brewhouse!$U683-[24]Brewhouse!$T683 -> 0.13333333 | N14: =[24]Brewhouse!$Z683 -> 0.31805556 | O14: =[24]Brewhouse!$AX683 -> R.Sookram | P14: motor from mill jam while mashing | R14: =B14 -> CARIB | S14: =VLOOKUP($B14,$R$3:$X$9,2,FALSE) -> 11.6 | T14: =VLOOKUP($B14,$R$3:$X$9,3,FALSE) -> 12 | U14: =VLOOKUP($B14,$R$3:$X$9,4,FALSE) -> 0 | V14: =VLOOKUP($B14,$R$3:$X$9,5,FALSE) -> 0.11805556 | W14: =VLOOKUP($B14,$R$3:$X$9,6,FALSE) -> 0.22569444 | X14: =VLOOKUP($B14,$R$3:$X$9,7,FALSE) -> 0.26388889 | Y14: =VLOOKUP($B14,$R$3:$Z$9,8,FALSE) -> 0 | Z14: =VLOOKUP($B14,$R$3:$Z$9,9,FALSE) -> 60
B15: CARIB | C15: =[24]Brewhouse!$A684 -> CA576 | D15: =[24]Brewhouse!$AF684 -> 53.6 | E15: =[24]Brewhouse!$AI684 -> 51.5 | F15: =[24]Brewhouse!$V684 -> 65 | G15: =[24]Brewhouse!AG684 -> 11.8 | H15: 11.8 | I15: =[24]Brewhouse!$AU684 -> 95.622665 | J15: =[24]Brewhouse!$AV684 -> 97.223538 | K15: =[24]Brewhouse!$Q684 -> 3.5036496 | L15: =[24]Brewhouse!$P684 -> 62 | M15: =[24]Brewhouse!$U684-[24]Brewhouse!$T684 -> 0.10902778 | N15: =[24]Brewhouse!$Z684 -> 0.33888889 | O15: =[24]Brewhouse!$AX684 -> D. Gomez | P15: mashing issues( grist conveyor line problem) | R15: =B15 -> CARIB | S15: =VLOOKUP($B15,$R$3:$X$9,2,FALSE) -> 11.6 | T15: =VLOOKUP($B15,$R$3:$X$9,3,FALSE) -> 12 | U15: =VLOOKUP($B15,$R$3:$X$9,4,FALSE) -> 0 | V15: =VLOOKUP($B15,$R$3:$X$9,5,FALSE) -> 0.11805556 | W15: =VLOOKUP($B15,$R$3:$X$9,6,FALSE) -> 0.22569444 | X15: =VLOOKUP($B15,$R$3:$X$9,7,FALSE) -> 0.26388889 | Y15: =VLOOKUP($B15,$R$3:$Z$9,8,FALSE) -> 0 | Z15: =VLOOKUP($B15,$R$3:$Z$9,9,FALSE) -> 60
R16: =B16 -> 0 | S16: =VLOOKUP($B16,$R$3:$X$9,2,FALSE) -> #N/A | T16: =VLOOKUP($B16,$R$3:$X$9,3,FALSE) -> #N/A | U16: =VLOOKUP($B16,$R$3:$X$9,4,FALSE) -> #N/A | V16: =VLOOKUP($B16,$R$3:$X$9,5,FALSE) -> #N/A | W16: =VLOOKUP($B16,$R$3:$X$9,6,FALSE) -> #N/A | X16: =VLOOKUP($B16,$R$3:$X$9,7,FALSE) -> #N/A | Y16: =VLOOKUP($B16,$R$3:$Z$9,8,FALSE) -> #N/A | Z16: =VLOOKUP($B16,$R$3:$Z$9,9,FALSE) -> #N/A
R17: =B17 -> 0 | S17: =VLOOKUP($B17,$R$3:$X$9,2,FALSE) -> #N/A | T17: =VLOOKUP($B17,$R$3:$X$9,3,FALSE) -> #N/A | U17: =VLOOKUP($B17,$R$3:$X$9,4,FALSE) -> #N/A | V17: =VLOOKUP($B17,$R$3:$X$9,5,FALSE) -> #N/A | W17: =VLOOKUP($B17,$R$3:$X$9,6,FALSE) -> #N/A | X17: =VLOOKUP($B17,$R$3:$X$9,7,FALSE) -> #N/A | Y17: =VLOOKUP($B17,$R$3:$Z$9,8,FALSE) -> #N/A | Z17: =VLOOKUP($B17,$R$3:$Z$9,9,FALSE) -> #N/A
R18: =B18 -> 0 | S18: =VLOOKUP($B18,$R$3:$X$9,2,FALSE) -> #N/A | T18: =VLOOKUP($B18,$R$3:$X$9,3,FALSE) -> #N/A | U18: =VLOOKUP($B18,$R$3:$X$9,4,FALSE) -> #N/A | V18: =VLOOKUP($B18,$R$3:$X$9,5,FALSE) -> #N/A | W18: =VLOOKUP($B18,$R$3:$X$9,6,FALSE) -> #N/A | X18: =VLOOKUP($B18,$R$3:$X$9,7,FALSE) -> #N/A | Y18: =VLOOKUP($B18,$R$3:$Z$9,8,FALSE) -> #N/A | Z18: =VLOOKUP($B18,$R$3:$Z$9,9,FALSE) -> #N/A
R19: =B19 -> 0 | S19: =VLOOKUP($B19,$R$3:$X$9,2,FALSE) -> #N/A | T19: =VLOOKUP($B19,$R$3:$X$9,3,FALSE) -> #N/A | U19: =VLOOKUP($B19,$R$3:$X$9,4,FALSE) -> #N/A | V19: =VLOOKUP($B19,$R$3:$X$9,5,FALSE) -> #N/A | W19: =VLOOKUP($B19,$R$3:$X$9,6,FALSE) -> #N/A | X19: =VLOOKUP($B19,$R$3:$X$9,7,FALSE) -> #N/A | Y19: =VLOOKUP($B19,$R$3:$Z$9,8,FALSE) -> #N/A | Z19: =VLOOKUP($B19,$R$3:$Z$9,9,FALSE) -> #N/A
R20: =B20 -> 0 | S20: =VLOOKUP($B20,$R$3:$X$9,2,FALSE) -> #N/A | T20: =VLOOKUP($B20,$R$3:$X$9,3,FALSE) -> #N/A | U20: =VLOOKUP($B20,$R$3:$X$9,4,FALSE) -> #N/A | V20: =VLOOKUP($B20,$R$3:$X$9,5,FALSE) -> #N/A | W20: =VLOOKUP($B20,$R$3:$X$9,6,FALSE) -> #N/A | X20: =VLOOKUP($B20,$R$3:$X$9,7,FALSE) -> #N/A | Y20: =VLOOKUP($B20,$R$3:$Z$9,8,FALSE) -> #N/A | Z20: =VLOOKUP($B20,$R$3:$Z$9,9,FALSE) -> #N/A
R21: =B21 -> 0 | S21: =VLOOKUP($B21,$R$3:$X$9,2,FALSE) -> #N/A | T21: =VLOOKUP($B21,$R$3:$X$9,3,FALSE) -> #N/A | U21: =VLOOKUP($B21,$R$3:$X$9,4,FALSE) -> #N/A | V21: =VLOOKUP($B21,$R$3:$X$9,5,FALSE) -> #N/A | W21: =VLOOKUP($B21,$R$3:$X$9,6,FALSE) -> #N/A | X21: =VLOOKUP($B21,$R$3:$X$9,7,FALSE) -> #N/A | Y21: =VLOOKUP($B21,$R$3:$Z$9,8,FALSE) -> #N/A | Z21: =VLOOKUP($B21,$R$3:$Z$9,9,FALSE) -> #N/A
R22: =B22 -> 0 | S22: =VLOOKUP($B22,$R$3:$X$9,2,FALSE) -> #N/A | T22: =VLOOKUP($B22,$R$3:$X$9,3,FALSE) -> #N/A | U22: =VLOOKUP($B22,$R$3:$X$9,4,FALSE) -> #N/A | V22: =VLOOKUP($B22,$R$3:$X$9,5,FALSE) -> #N/A | W22: =VLOOKUP($B22,$R$3:$X$9,6,FALSE) -> #N/A | X22: =VLOOKUP($B22,$R$3:$X$9,7,FALSE) -> #N/A | Y22: =VLOOKUP($B22,$R$3:$Z$9,8,FALSE) -> #N/A | Z22: =VLOOKUP($B22,$R$3:$Z$9,9,FALSE) -> #N/A
R23: =B23 -> 0 | S23: =VLOOKUP($B23,$R$3:$X$9,2,FALSE) -> #N/A | T23: =VLOOKUP($B23,$R$3:$X$9,3,FALSE) -> #N/A | U23: =VLOOKUP($B23,$R$3:$X$9,4,FALSE) -> #N/A | V23: =VLOOKUP($B23,$R$3:$X$9,5,FALSE) -> #N/A | W23: =VLOOKUP($B23,$R$3:$X$9,6,FALSE) -> #N/A | X23: =VLOOKUP($B23,$R$3:$X$9,7,FALSE) -> #N/A | Y23: =VLOOKUP($B23,$R$3:$Z$9,8,FALSE) -> #N/A | Z23: =VLOOKUP($B23,$R$3:$Z$9,9,FALSE) -> #N/A
R24: =B24 -> 0 | S24: =VLOOKUP($B24,$R$3:$X$9,2,FALSE) -> #N/A | T24: =VLOOKUP($B24,$R$3:$X$9,3,FALSE) -> #N/A | U24: =VLOOKUP($B24,$R$3:$X$9,4,FALSE) -> #N/A | V24: =VLOOKUP($B24,$R$3:$X$9,5,FALSE) -> #N/A | W24: =VLOOKUP($B24,$R$3:$X$9,6,FALSE) -> #N/A | X24: =VLOOKUP($B24,$R$3:$X$9,7,FALSE) -> #N/A | Y24: =VLOOKUP($B24,$R$3:$Z$9,8,FALSE) -> #N/A | Z24: =VLOOKUP($B24,$R$3:$Z$9,9,FALSE) -> #N/A
R25: =B25 -> 0 | S25: =VLOOKUP($B25,$R$3:$X$9,2,FALSE) -> #N/A | T25: =VLOOKUP($B25,$R$3:$X$9,3,FALSE) -> #N/A | U25: =VLOOKUP($B25,$R$3:$X$9,4,FALSE) -> #N/A | V25: =VLOOKUP($B25,$R$3:$X$9,5,FALSE) -> #N/A | W25: =VLOOKUP($B25,$R$3:$X$9,6,FALSE) -> #N/A | X25: =VLOOKUP($B25,$R$3:$X$9,7,FALSE) -> #N/A | Y25: =VLOOKUP($B25,$R$3:$Z$9,8,FALSE) -> #N/A | Z25: =VLOOKUP($B25,$R$3:$Z$9,9,FALSE) -> #N/A
R26: =B26 -> 0 | S26: =VLOOKUP($B26,$R$3:$X$9,2,FALSE) -> #N/A | T26: =VLOOKUP($B26,$R$3:$X$9,3,FALSE) -> #N/A | U26: =VLOOKUP($B26,$R$3:$X$9,4,FALSE) -> #N/A | V26: =VLOOKUP($B26,$R$3:$X$9,5,FALSE) -> #N/A | W26: =VLOOKUP($B26,$R$3:$X$9,6,FALSE) -> #N/A | X26: =VLOOKUP($B26,$R$3:$X$9,7,FALSE) -> #N/A | Y26: =VLOOKUP($B26,$R$3:$Z$9,8,FALSE) -> #N/A | Z26: =VLOOKUP($B26,$R$3:$Z$9,9,FALSE) -> #N/A
B27: BRAND | D27: BBT P.G./ O.G | I27: Brand | J27: Actual | K27: MTD No. of Brews | L27: MTD | M27: YTD | N27: Target | R27: =B27 -> BRAND | S27: =VLOOKUP($B27,$R$3:$X$9,2,FALSE) -> #N/A | T27: =VLOOKUP($B27,$R$3:$X$9,3,FALSE) -> #N/A | U27: =VLOOKUP($B27,$R$3:$X$9,4,FALSE) -> #N/A | V27: =VLOOKUP($B27,$R$3:$X$9,5,FALSE) -> #N/A | W27: =VLOOKUP($B27,$R$3:$X$9,6,FALSE) -> #N/A | X27: =VLOOKUP($B27,$R$3:$X$9,7,FALSE) -> #N/A | Y27: =VLOOKUP($B27,$R$3:$Z$9,8,FALSE) -> #N/A | Z27: =VLOOKUP($B27,$R$3:$Z$9,9,FALSE) -> #N/A
B28: =I28 -> CARIB | C28: {=[24]Process!$D$628:$D$635} -> 12.1 | D28: 11.66 | I28: CARIB | J28: =AVERAGE(I10:I15) -> 98.2457 | K28: =COUNTA([24]Brewhouse!$A$655:$A$684) -> 30 | L28: =AVERAGE([24]Brewhouse!$AU$655:$AU$684) -> 97.62155 | M28: =AVERAGE([24]Brewhouse!$AU$102:$AU$171,[24]Brewhouse!$AU$173:$AU$253,[24]Brewhouse!$AU$255:$AU$339,[24]Brewhouse!$AU$341:$AU$346,[24]Brewhouse!$AU$348,[24]Brewhouse!$AU$349:$AU$406,[24]Brewhouse!$AU$408:$AU$491,[24]Brewhouse!$AU$493:$AU$578,[24]Brewhouse!$AU$580:$AU$652,[24]Brewhouse!$AU$655:$AU$684) -> 97.865159 | N28: 98
C29: 12 | I29: STAG | K29: =COUNTA([22]Brewhouse!$A$324:$A$335) -> 12 | L29: =AVERAGE([22]Brewhouse!$AS$324:$AS$335) -> 98.319988 | M29: =AVERAGE([22]Brewhouse!$AS$15:$AS$64,[22]Brewhouse!$AS$66:$AS$103,[22]Brewhouse!$AS$105:$AS$140,[22]Brewhouse!$AS$142:$AS$193,[22]Brewhouse!$AS$195:$AS$240,[22]Brewhouse!$AS$242:$AS$273,[22]Brewhouse!$AS$275:$AS$322,[22]Brewhouse!$AS$324:$AS$335) -> 98.075849 | N29: 98
C30: 12 | D30: 11.62 | I30: GUINNESS | M30: =AVERAGE([25]Brewhouse!$AU$4:$AU$7,[25]Brewhouse!$AU$9:$AU$22,[25]Brewhouse!$AU$24:$AU$35,[25]Brewhouse!$AU$37:$AU$45,[25]Brewhouse!$AU$47:$AU$62,[25]Brewhouse!$AU$64:$AU$79) -> 97.01892 | N30: 98
C31: 11.9 | I31: VITAMALT | K31: =COUNTA([26]Brewhouse!$A$64:$A$67) -> 4 | L31: =AVERAGE([26]Brewhouse!$AV$64:$AV$67) -> 97.964622 | M31: =AVERAGE([26]Brewhouse!$AV$5:$AV$14,[26]Brewhouse!$AV$16:$AV$19,[26]Brewhouse!$AV$21:$AV$24,[26]Brewhouse!$AV$26:$AV$33,[26]Brewhouse!$AV$35:$AV$46,[26]Brewhouse!$AV$48:$AV$53,[26]Brewhouse!$AV$55:$AV$62,[26]Brewhouse!$AV$64:$AV$67) -> 98.715594 | N31: 98
C32: 11.9 | D32: 11.61 | I32: MAXIMALT | N32: 98
C33: 11.9 | I33: MACKESON | M33: =AVERAGE([27]Brewhouse!$AT$4:$AT$11,[27]Brewhouse!$AT$13:$AT$16,[27]Brewhouse!$AT$18:$AT$21,[27]Brewhouse!$AT$26) -> 94.588058 | N33: 98
C34: 11.9 | D34: 11.72 | I34: STARMALT | M34: =AVERAGE([23]Brewhouse!$AY$6:$AY$13,[23]Brewhouse!$AY$15:$AY$20,[23]Brewhouse!$AY$22:$AY$29,[23]Brewhouse!$AY$31:$AY$34,[23]Brewhouse!$AY$36:$AY$43,[23]Brewhouse!$AY$45:$AY$50, [23]Brewhouse!$AY$56:$AY$73) -> 97.363751 | N34: 98
C35: 12.1 | I35: HR- Pils | M35: =AVERAGE([28]Brewhouse!$AU$5:$AU$8,[28]Brewhouse!$AU$10:$AU$13) -> 94.247667 | N35: 98
I36: HR- IPA | M36: =AVERAGE([29]Brewhouse!$AW$26:$AW$27) -> 95.310681 | N36: 98
I37: HR- APA | M37: =AVERAGE([30]Brewhouse!$AU$13:$AU$14) -> 97.110575 | N37: 98
K38: =SUM(K28:K37) -> 46 | L38: =((L28*K28)+(L29*K29)+(L30*K30)+(L31*K31)+(L32*K32)+(K35*L35)+(L33*K33)+(L34*K34)+(L37*K37))/(K38) -> 97.833584 | M38: =AVERAGE('[31]Jan 31st'!$L$65,'[32]Feb 28th'!$L$35,'[33]Mar. 31st'!$L$35,'[34]Apr. 30th'!$L$45,'[35]May 30th'!$L$37,'[36]June 30th'!$L$57,L38) -> 97.683642 | N38: 98
J40: Daily Brewing Plan
J41: Brand | K41: Brews Achieved | L41: Average Brews per day
J42: CARIB | K42: 6 | L42: MTD | M42: YTD | N42: TARGET
J43: STAG | L43: =AVERAGE('Aug 4th '!K58,'Aug 5th '!K58,'Aug 6th '!K58,'Aug 7th '!K58,'Aug 8th '!K48,K52) -> 7.5 | M43: =AVERAGE('[31]Jan 29th '!$M$70,'[32]Feb 28th'!$L$40,'[33]Mar. 31st'!$L$40,'[34]Apr. 30th'!$L$50,'[35]May 30th'!$L$42,'[36]June 30th'!$L$62,'[37]July 29th '!$L$49,L43) -> 6.9771146 | N43: 9.2
J44: GUINN
J45: VITAMALT
J46: STARMALT
J47: MACKESON
J48: HURRICANE REEF- IPA
J49: HURRICANE REEF- APA
B50: AVERAGE | D50: =AVERAGE(D28:E49) -> 11.6525 | J50: HR- PILSNER
J51: CARIBE
J52: Total | K52: =SUM(K42:K51) -> 6
B53: Process: | C53: Fermentation/Filtration
B55: Brand | C55: Filt. Date | D55: FV Hls | E55: GFE/ Prim/ Vita Blend (Hls) | F55: SV Hls | G55: BBT Hls | H55: Loss (%) Ferm | I55: Loss (%) Filt | J55: Comments | K55: Throughput | L55: Process Loss (%) | M55: Filt. Operator
AB56: 43474 | AC56: 43475 | AD56: 43476 | AE56: 43477 | AF56: 43478 | AG56: 43479 | AH56: 43480 | AI56: 43481 | AJ56: 43482 | AK56: 43483 | AL56: 43484 | AM56: 43485 | AN56: 43486 | AO56: 43487 | AP56: 43488 | AQ56: 43489 | AR56: 43490 | AS56: 43491 | AT56: 43492 | AU56: 43493 | AV56: 43494 | AW56: 43495 | AX56: 43496
B57: =J42 -> CARIB | C57: 45882 | D57: =[38]August_2025!$P$3 -> 404.5 | G57: =[38]August_2025!$P$7 -> 388.2 | J57: NO BREAK | K57: =[39]August_2025!$P$18 -> 1.3621053 | L57: =(((D57+E57)-G57)/(D57+E57))*100 -> 4.0296663 | M57: T. Charles | AB57: =[20]January_2019!L7 -> 285.8 | AC57: =[20]January_2019!M7 -> 508.1 | AD57: =[20]January_2019!N7 -> 0 | AE57: =[20]January_2019!O7 -> 0 | AF57: =[20]January_2019!P7 -> 109.56667 | AG57: =[20]January_2019!Q7 -> 297.65 | AH57: =[20]January_2019!R7 -> 122.3 | AI57: =[20]January_2019!S7 -> 0 | ... AX57: =[20]January_2019!AH7 -> 0
B59: =J47 -> MACKESON | C59: 45877 | J59: NO BREAK | L59: =(((D59+E59)-G59)/(D59+E59))*100 -> #DIV/0! | M59: D. Emery
C61: 45873 | J61: NO SBF | L61: =(((D61+E61)-G61)/(D61+E61))*100 -> #DIV/0!
B64: Process Loss (Volume) | G64: Process Loss (Extract) | K64: Throughput
B65: Brand | C65: Actual | D65: MTD | E65: YTD | F65: Target | G65: Actual | H65: MTD | I65: YTD | J65: Target | K65: Actual | L65: MTD | M65: YTD | N65: Target
B66: CARIB | C66: =L57 -> 4.0296663 | D66: 5.1393128 | E66: 6.2656487 | F66: 4.8 | G66: =[38]August_2025!$P$11 -> 6.7869943 | H66: 6.8436956 | I66: 6.2255325 | J66: 4.8 | K66: =K57 -> 1.3621053 | L66: 1.0154386 | M66: 0.75334935 | N66: 1
B67: STAG | D67: 5.4010066 | E67: 5.9276539 | F67: 4.8 | H67: 5.7812276 | I67: 5.5345014 | J67: 4.8 | L67: 0.44187135 | M67: 0.75087759 | N67: 1
B68: GUINN | D68: 8.0382775 | E68: 11.429744 | F68: 5.5 | H68: 10.370028 | I68: 13.047305 | J68: 5.5 | L68: 0.67438596 | M68: 0.55172216 | N68: 1
B69: VITAMALT | D69: 6.05 | E69: 5.1850281 | F69: 3.3 | H69: 5.9660755 | I69: 4.9519882 | J69: 3.3 | L69: 0.32964912 | M69: 0.72853314 | N69: 1
B70: APA | E70: 7.8373016 | F70: 3.3 | I70: 5.3377569 | J70: 3 | M70: 0.32596491 | N70: 1
B71: MACKESON | D71: 5.2552553 | E71: 6.9158698 | F71: =[21]May_2022!$M$43 -> 3.4878407 | H71: 6.7916331 | I71: 8.5598888 | J71: 5.5 | L71: 0.66421053 | M71: 0.60705263 | N71: 1
B72: STARMALT | D72: 3.8383838 | E72: 3.0206927 | F72: 3.3 | H72: 6.7477321 | I72: 4.4881222 | J72: 3.3 | L72: 0.33403509 | M72: 0.80384787 | N72: 1
B73: IPA | E73: 11.483254 | F73: 7.5 | I73: 9.7934336 | J73: 7.5 | M73: 0.3245614 | N73: 1
B74: HURRICANE REEF PILS | E74: 7.2653645 | F74: 4.8 | I74: 8.1715311 | J74: 4.8 | L74: 0 | M74: 0.51368421 | N74: 1
D75: 5.555373 | E75: 6.3500249 | F75: 5.5 | H75: 7.257962 | I75: 6.6196514 | J75: 5.5 | L75: 0.72287849 | M75: 0.7223076 | N75: 1

Sheet Aug 14th
S1: P.G. | U1: Hot Time | W1: Process Time | Y1: Cooling Time
B2: Brewing Department Daily Process Loss Report | S2: Lower | T2: Upper | U2: Lower | V2: Upper | W2: Lower | X2: Upper | Y2: Lower | Z2: Upper
R3: CARIB | S3: 11.6 | T3: 12 | U3: 0 | V3: 0.11805556 | W3: 0.22569444 | X3: 0.26388889 | Y3: 0 | Z3: 60 | AB3: HR- PISNER
B4: Date: | C4: 45884 | J4: LOT WORT COLOUR: 3.3 | M4: Filter Sheets (Target 20 days) | R4: STAG | S4: 11.6 | T4: 12 | U4: 0 | V4: 0.11805556 | W4: 0.22569444 | X4: 0.26388889 | Y4: 0 | Z4: 60
M5: Double | N5: Single | R5: GUINNESS | S5: 17 | T5: 17.5 | U5: 0 | V5: 0.10763889 | W5: 0.24652778 | X5: 0.28472222 | Y5: 0 | Z5: 60
J6: MALT LOT: Lot #42 | L6: Sheet Day | R6: MACKESON | S6: 13.3 | T6: 13.5 | U6: 0 | V6: 0.12905093 | W6: 0.27430556 | X6: 0.30208333 | Y6: 0
R7: STARMALT | S7: 17.1 | T7: 17.5 | U7: 0 | V7: 0.13605324 | W7: 0.27430556 | X7: 0.30902778 | Y7: 0 | Z7: 85
B8: Brand | C8: Brew no. | D8: Kett. Hls | E8: Wort | F8: Cool Time(Mins) | G8: Cast. P.G. (Lab Result) | H8: Cast P.G. (Cellar Operator)-gravity | I8: Extr. Rec (77.9%) | J8: Theor. Extr. (77.5%) | K8: Boil Off /Vol. (4-6%) | L8: Boil Time | M8: Total Hot | N8: Brewing | O8: Operator | R8: Hurricane Reef | S8: 16.6 | T8: 17 | U8: 0 | V8: 0.12905093 | W8: 0.27430556 | X8: 0.30208333 | Y8: 0
E9: Meter (Hls) | F9: Target(< 60Mins) | M9: Time | R9: VITAMALT | S9: 14.4 | T9: 14.6 | U9: 0 | V9: 0.13905093 | W9: 0.26041667 | X9: 0.29513889 | Y9: 0 | Z9: 75
B10: CARIB | C10: =[24]Brewhouse!$A685 -> CA577 | D10: =[24]Brewhouse!$AF685 -> 50.9 | E10: =[24]Brewhouse!$AI685 -> 50.9 | F10: =[24]Brewhouse!$V685 -> 60 | G10: =[24]Brewhouse!AG685 -> 11.6 | H10: 10.7 | I10: =[24]Brewhouse!$AU685 -> 92.823696 | J10: =[24]Brewhouse!$AV685 -> 94.37771 | K10: =[24]Brewhouse!$Q685 -> 8.9292196 | L10: =[24]Brewhouse!$P685 -> 60 | M10: =[24]Brewhouse!$U685-[24]Brewhouse!$T685 -> 0.12222222 | N10: =[24]Brewhouse!$Z685 -> 0.30347222 | O10: =[24]Brewhouse!$AX685 -> D. Gomez | P10: Not lautering as should (multiple deep cuts @ 9hls) | R10: =B10 -> CARIB | S10: =VLOOKUP($B10,$R$3:$X$9,2,FALSE) -> 11.6 | T10: =VLOOKUP($B10,$R$3:$X$9,3,FALSE) -> 12 | U10: =VLOOKUP($B10,$R$3:$X$9,4,FALSE) -> 0 | V10: =VLOOKUP($B10,$R$3:$X$9,5,FALSE) -> 0.11805556 | W10: =VLOOKUP($B10,$R$3:$X$9,6,FALSE) -> 0.22569444 | X10: =VLOOKUP($B10,$R$3:$X$9,7,FALSE) -> 0.26388889 | Y10: =VLOOKUP($B10,$R$3:$Z$9,8,FALSE) -> 0 | Z10: =VLOOKUP($B10,$R$3:$Z$9,9,FALSE) -> 60
B11: CARIB | C11: =[24]Brewhouse!$A686 -> CA578 | D11: =[24]Brewhouse!$AF686 -> 50.6 | E11: =[24]Brewhouse!$AI686 -> 50.3 | F11: =[24]Brewhouse!$V686 -> 57 | G11: =[24]Brewhouse!AG686 -> 11.7 | H11: 11.7 | I11: =[24]Brewhouse!$AU686 -> 92.782357 | J11: =[24]Brewhouse!$AV686 -> 94.335363 | K11: =[24]Brewhouse!$Q686 -> 1.4229249 | L11: =[24]Brewhouse!$P686 -> 60 | M11: =[24]Brewhouse!$U686-[24]Brewhouse!$T686 -> 0.077777778 | N11: =[24]Brewhouse!$Z686 -> 0.31944444 | O11: =[24]Brewhouse!$AX686 -> R. Regis | P11: Kettle up in pre-run tank | R11: =B11 -> CARIB | S11: =VLOOKUP($B11,$R$3:$X$9,2,FALSE) -> 11.6 | T11: =VLOOKUP($B11,$R$3:$X$9,3,FALSE) -> 12 | U11: =VLOOKUP($B11,$R$3:$X$9,4,FALSE) -> 0 | V11: =VLOOKUP($B11,$R$3:$X$9,5,FALSE) -> 0.11805556 | W11: =VLOOKUP($B11,$R$3:$X$9,6,FALSE) -> 0.22569444 | X11: =VLOOKUP($B11,$R$3:$X$9,7,FALSE) -> 0.26388889 | Y11: =VLOOKUP($B11,$R$3:$Z$9,8,FALSE) -> 0 | Z11: =VLOOKUP($B11,$R$3:$Z$9,9,FALSE) -> 60
B12: CARIB | C12: =[24]Brewhouse!$A687 -> CA579 | D12: =[24]Brewhouse!$AF687 -> 52 | E12: =[24]Brewhouse!$AI687 -> 51.3 | F12: =[24]Brewhouse!$V687 -> 61 | G12: =[24]Brewhouse!AG687 -> 11.6 | H12: 11.6 | I12: =[24]Brewhouse!$AU687 -> 93.553155 | J12: =[24]Brewhouse!$AV687 -> 95.119381 | K12: =[24]Brewhouse!$Q687 -> 8.2647585 | L12: =[24]Brewhouse!$P687 -> 60 | M12: =[24]Brewhouse!$U687-[24]Brewhouse!$T687 -> 0.11597222 | N12: =[24]Brewhouse!$Z687 -> 0.24583333 | O12: =[24]Brewhouse!$AX687 -> R. Regis | R12: =B12 -> CARIB | S12: =VLOOKUP($B12,$R$3:$X$9,2,FALSE) -> 11.6 | T12: =VLOOKUP($B12,$R$3:$X$9,3,FALSE) -> 12 | U12: =VLOOKUP($B12,$R$3:$X$9,4,FALSE) -> 0 | V12: =VLOOKUP($B12,$R$3:$X$9,5,FALSE) -> 0.11805556 | W12: =VLOOKUP($B12,$R$3:$X$9,6,FALSE) -> 0.22569444 | X12: =VLOOKUP($B12,$R$3:$X$9,7,FALSE) -> 0.26388889 | Y12: =VLOOKUP($B12,$R$3:$Z$9,8,FALSE) -> 0 | Z12: =VLOOKUP($B12,$R$3:$Z$9,9,FALSE) -> 60
B13: CARIB | C13: =[24]Brewhouse!$A688 -> CA580 | D13: =[24]Brewhouse!$AF688 -> 51.6 | E13: =[24]Brewhouse!$AI688 -> 46.2 | F13: =[24]Brewhouse!$V688 -> 59 | G13: =[24]Brewhouse!AG688 -> 11.5 | H13: 11.5 | I13: =[24]Brewhouse!$AU688 -> 86.147236 | J13: =[24]Brewhouse!$AV688 -> 87.585554 | K13: =[24]Brewhouse!$Q688 -> 10.967742 | L13: =[24]Brewhouse!$P688 -> 57 | M13: =[24]Brewhouse!$U688-[24]Brewhouse!$T688 -> 0.10694444 | N13: =[24]Brewhouse!$Z688 -> 0.23611111 | O13: =[24]Brewhouse!$AX688 -> R. Regis | R13: =B13 -> CARIB | S13: =VLOOKUP($B13,$R$3:$X$9,2,FALSE) -> 11.6 | T13: =VLOOKUP($B13,$R$3:$X$9,3,FALSE) -> 12 | U13: =VLOOKUP($B13,$R$3:$X$9,4,FALSE) -> 0 | V13: =VLOOKUP($B13,$R$3:$X$9,5,FALSE) -> 0.11805556 | W13: =VLOOKUP($B13,$R$3:$X$9,6,FALSE) -> 0.22569444 | X13: =VLOOKUP($B13,$R$3:$X$9,7,FALSE) -> 0.26388889 | Y13: =VLOOKUP($B13,$R$3:$Z$9,8,FALSE) -> 0 | Z13: =VLOOKUP($B13,$R$3:$Z$9,9,FALSE) -> 60
B14: CARIB | C14: =[24]Brewhouse!$A689 -> CA581 | D14: =[24]Brewhouse!$AF689 -> 52.1 | E14: =[24]Brewhouse!$AI689 -> 50.1 | F14: =[24]Brewhouse!$V689 -> 61 | G14: =[24]Brewhouse!AG689 -> 11.9 | H14: 12 | I14: =[24]Brewhouse!$AU689 -> 100.87712 | J14: =[24]Brewhouse!$AV689 -> 102.63039 | K14: =[24]Brewhouse!$Q689 -> 8.3093525 | L14: =[24]Brewhouse!$P689 -> 57 | M14: =[24]Brewhouse!$U689-[24]Brewhouse!$T689 -> 0.10416667 | N14: =[24]Brewhouse!$Z689 -> 0.23888889 | O14: =[24]Brewhouse!$AX689 -> R.Sookram | R14: =B14 -> CARIB | S14: =VLOOKUP($B14,$R$3:$X$9,2,FALSE) -> 11.6 | T14: =VLOOKUP($B14,$R$3:$X$9,3,FALSE) -> 12 | U14: =VLOOKUP($B14,$R$3:$X$9,4,FALSE) -> 0 | V14: =VLOOKUP($B14,$R$3:$X$9,5,FALSE) -> 0.11805556 | W14: =VLOOKUP($B14,$R$3:$X$9,6,FALSE) -> 0.22569444 | X14: =VLOOKUP($B14,$R$3:$X$9,7,FALSE) -> 0.26388889 | Y14: =VLOOKUP($B14,$R$3:$Z$9,8,FALSE) -> 0 | Z14: =VLOOKUP($B14,$R$3:$Z$9,9,FALSE) -> 60
B15: CARIB | C15: =[24]Brewhouse!$A690 -> CA582 | D15: =[24]Brewhouse!$AF690 -> 52.1 | E15: =[24]Brewhouse!$AI690 -> 51.8 | F15: =[24]Brewhouse!$V690 -> 61 | G15: =[24]Brewhouse!AG690 -> 11.8 | H15: 11.9 | I15: =[24]Brewhouse!$AU690 -> 100.18232 | J15: =[24]Brewhouse!$AV690 -> 101.92597 | K15: =[24]Brewhouse!$Q690 -> 7.6449275 | L15: =[24]Brewhouse!$P690 -> 57 | M15: =[24]Brewhouse!$U690-[24]Brewhouse!$T690 -> 0.11388889 | N15: =[24]Brewhouse!$Z690 -> 0.24791667 | O15: =[24]Brewhouse!$AX690 -> R.Sookram | R15: =B15 -> CARIB | S15: =VLOOKUP($B15,$R$3:$X$9,2,FALSE) -> 11.6 | T15: =VLOOKUP($B15,$R$3:$X$9,3,FALSE) -> 12 | U15: =VLOOKUP($B15,$R$3:$X$9,4,FALSE) -> 0 | V15: =VLOOKUP($B15,$R$3:$X$9,5,FALSE) -> 0.11805556 | W15: =VLOOKUP($B15,$R$3:$X$9,6,FALSE) -> 0.22569444 | X15: =VLOOKUP($B15,$R$3:$X$9,7,FALSE) -> 0.26388889 | Y15: =VLOOKUP($B15,$R$3:$Z$9,8,FALSE) -> 0 | Z15: =VLOOKUP($B15,$R$3:$Z$9,9,FALSE) -> 60
B16: CARIB | C16: =[24]Brewhouse!$A691 -> CA583 | D16: =[24]Brewhouse!$AF691 -> 52.5 | E16: =[24]Brewhouse!$AI691 -> 50.8 | F16: =[24]Brewhouse!$V691 -> 63 | G16: =[24]Brewhouse!AG691 -> 11.9 | H16: 11.8 | I16: =[24]Brewhouse!$AU691 -> 99.246838 | J16: =[24]Brewhouse!$AV691 -> 100.97411 | K16: =[24]Brewhouse!$Q691 -> 5.3382084 | L16: =[24]Brewhouse!$P691 -> 59 | M16: =[24]Brewhouse!$U691-[24]Brewhouse!$T691 -> 0.10625 | N16: =[24]Brewhouse!$Z691 -> 0.24375 | O16: =[24]Brewhouse!$AX691 -> R.Sookram | R16: =B16 -> CARIB | S16: =VLOOKUP($B16,$R$3:$X$9,2,FALSE) -> 11.6 | T16: =VLOOKUP($B16,$R$3:$X$9,3,FALSE) -> 12 | U16: =VLOOKUP($B16,$R$3:$X$9,4,FALSE) -> 0 | V16: =VLOOKUP($B16,$R$3:$X$9,5,FALSE) -> 0.11805556 | W16: =VLOOKUP($B16,$R$3:$X$9,6,FALSE) -> 0.22569444 | X16: =VLOOKUP($B16,$R$3:$X$9,7,FALSE) -> 0.26388889 | Y16: =VLOOKUP($B16,$R$3:$Z$9,8,FALSE) -> 0 | Z16: =VLOOKUP($B16,$R$3:$Z$9,9,FALSE) -> 60
R17: =B17 -> 0 | S17: =VLOOKUP($B17,$R$3:$X$9,2,FALSE) -> #N/A | T17: =VLOOKUP($B17,$R$3:$X$9,3,FALSE) -> #N/A | U17: =VLOOKUP($B17,$R$3:$X$9,4,FALSE) -> #N/A | V17: =VLOOKUP($B17,$R$3:$X$9,5,FALSE) -> #N/A | W17: =VLOOKUP($B17,$R$3:$X$9,6,FALSE) -> #N/A | X17: =VLOOKUP($B17,$R$3:$X$9,7,FALSE) -> #N/A | Y17: =VLOOKUP($B17,$R$3:$Z$9,8,FALSE) -> #N/A | Z17: =VLOOKUP($B17,$R$3:$Z$9,9,FALSE) -> #N/A
R18: =B18 -> 0 | S18: =VLOOKUP($B18,$R$3:$X$9,2,FALSE) -> #N/A | T18: =VLOOKUP($B18,$R$3:$X$9,3,FALSE) -> #N/A | U18: =VLOOKUP($B18,$R$3:$X$9,4,FALSE) -> #N/A | V18: =VLOOKUP($B18,$R$3:$X$9,5,FALSE) -> #N/A | W18: =VLOOKUP($B18,$R$3:$X$9,6,FALSE) -> #N/A | X18: =VLOOKUP($B18,$R$3:$X$9,7,FALSE) -> #N/A | Y18: =VLOOKUP($B18,$R$3:$Z$9,8,FALSE) -> #N/A | Z18: =VLOOKUP($B18,$R$3:$Z$9,9,FALSE) -> #N/A
R19: =B19 -> 0 | S19: =VLOOKUP($B19,$R$3:$X$9,2,FALSE) -> #N/A | T19: =VLOOKUP($B19,$R$3:$X$9,3,FALSE) -> #N/A | U19: =VLOOKUP($B19,$R$3:$X$9,4,FALSE) -> #N/A | V19: =VLOOKUP($B19,$R$3:$X$9,5,FALSE) -> #N/A | W19: =VLOOKUP($B19,$R$3:$X$9,6,FALSE) -> #N/A | X19: =VLOOKUP($B19,$R$3:$X$9,7,FALSE) -> #N/A | Y19: =VLOOKUP($B19,$R$3:$Z$9,8,FALSE) -> #N/A | Z19: =VLOOKUP($B19,$R$3:$Z$9,9,FALSE) -> #N/A
R20: =B20 -> 0 | S20: =VLOOKUP($B20,$R$3:$X$9,2,FALSE) -> #N/A | T20: =VLOOKUP($B20,$R$3:$X$9,3,FALSE) -> #N/A | U20: =VLOOKUP($B20,$R$3:$X$9,4,FALSE) -> #N/A | V20: =VLOOKUP($B20,$R$3:$X$9,5,FALSE) -> #N/A | W20: =VLOOKUP($B20,$R$3:$X$9,6,FALSE) -> #N/A | X20: =VLOOKUP($B20,$R$3:$X$9,7,FALSE) -> #N/A | Y20: =VLOOKUP($B20,$R$3:$Z$9,8,FALSE) -> #N/A | Z20: =VLOOKUP($B20,$R$3:$Z$9,9,FALSE) -> #N/A
R21: =B21 -> 0 | S21: =VLOOKUP($B21,$R$3:$X$9,2,FALSE) -> #N/A | T21: =VLOOKUP($B21,$R$3:$X$9,3,FALSE) -> #N/A | U21: =VLOOKUP($B21,$R$3:$X$9,4,FALSE) -> #N/A | V21: =VLOOKUP($B21,$R$3:$X$9,5,FALSE) -> #N/A | W21: =VLOOKUP($B21,$R$3:$X$9,6,FALSE) -> #N/A | X21: =VLOOKUP($B21,$R$3:$X$9,7,FALSE) -> #N/A | Y21: =VLOOKUP($B21,$R$3:$Z$9,8,FALSE) -> #N/A | Z21: =VLOOKUP($B21,$R$3:$Z$9,9,FALSE) -> #N/A
R22: =B22 -> 0 | S22: =VLOOKUP($B22,$R$3:$X$9,2,FALSE) -> #N/A | T22: =VLOOKUP($B22,$R$3:$X$9,3,FALSE) -> #N/A | U22: =VLOOKUP($B22,$R$3:$X$9,4,FALSE) -> #N/A | V22: =VLOOKUP($B22,$R$3:$X$9,5,FALSE) -> #N/A | W22: =VLOOKUP($B22,$R$3:$X$9,6,FALSE) -> #N/A | X22: =VLOOKUP($B22,$R$3:$X$9,7,FALSE) -> #N/A | Y22: =VLOOKUP($B22,$R$3:$Z$9,8,FALSE) -> #N/A | Z22: =VLOOKUP($B22,$R$3:$Z$9,9,FALSE) -> #N/A
R23: =B23 -> 0 | S23: =VLOOKUP($B23,$R$3:$X$9,2,FALSE) -> #N/A | T23: =VLOOKUP($B23,$R$3:$X$9,3,FALSE) -> #N/A | U23: =VLOOKUP($B23,$R$3:$X$9,4,FALSE) -> #N/A | V23: =VLOOKUP($B23,$R$3:$X$9,5,FALSE) -> #N/A | W23: =VLOOKUP($B23,$R$3:$X$9,6,FALSE) -> #N/A | X23: =VLOOKUP($B23,$R$3:$X$9,7,FALSE) -> #N/A | Y23: =VLOOKUP($B23,$R$3:$Z$9,8,FALSE) -> #N/A | Z23: =VLOOKUP($B23,$R$3:$Z$9,9,FALSE) -> #N/A
R24: =B24 -> 0 | S24: =VLOOKUP($B24,$R$3:$X$9,2,FALSE) -> #N/A | T24: =VLOOKUP($B24,$R$3:$X$9,3,FALSE) -> #N/A | U24: =VLOOKUP($B24,$R$3:$X$9,4,FALSE) -> #N/A | V24: =VLOOKUP($B24,$R$3:$X$9,5,FALSE) -> #N/A | W24: =VLOOKUP($B24,$R$3:$X$9,6,FALSE) -> #N/A | X24: =VLOOKUP($B24,$R$3:$X$9,7,FALSE) -> #N/A | Y24: =VLOOKUP($B24,$R$3:$Z$9,8,FALSE) -> #N/A | Z24: =VLOOKUP($B24,$R$3:$Z$9,9,FALSE) -> #N/A
R25: =B25 -> 0 | S25: =VLOOKUP($B25,$R$3:$X$9,2,FALSE) -> #N/A | T25: =VLOOKUP($B25,$R$3:$X$9,3,FALSE) -> #N/A | U25: =VLOOKUP($B25,$R$3:$X$9,4,FALSE) -> #N/A | V25: =VLOOKUP($B25,$R$3:$X$9,5,FALSE) -> #N/A | W25: =VLOOKUP($B25,$R$3:$X$9,6,FALSE) -> #N/A | X25: =VLOOKUP($B25,$R$3:$X$9,7,FALSE) -> #N/A | Y25: =VLOOKUP($B25,$R$3:$Z$9,8,FALSE) -> #N/A | Z25: =VLOOKUP($B25,$R$3:$Z$9,9,FALSE) -> #N/A
B26: BRAND | D26: BBT P.G./ O.G | I26: Brand | J26: Actual | K26: MTD No. of Brews | L26: MTD | M26: YTD | N26: Target | R26: =B26 -> BRAND | S26: =VLOOKUP($B26,$R$3:$X$9,2,FALSE) -> #N/A | T26: =VLOOKUP($B26,$R$3:$X$9,3,FALSE) -> #N/A | U26: =VLOOKUP($B26,$R$3:$X$9,4,FALSE) -> #N/A | V26: =VLOOKUP($B26,$R$3:$X$9,5,FALSE) -> #N/A | W26: =VLOOKUP($B26,$R$3:$X$9,6,FALSE) -> #N/A | X26: =VLOOKUP($B26,$R$3:$X$9,7,FALSE) -> #N/A | Y26: =VLOOKUP($B26,$R$3:$Z$9,8,FALSE) -> #N/A | Z26: =VLOOKUP($B26,$R$3:$Z$9,9,FALSE) -> #N/A
B27: =I28 -> STAG | C27: {=[22]Process!$D$315:$D$322} -> 11.9 | D27: 11.68 | I27: CARIB | J27: =AVERAGE(I10:I16) -> 95.087532 | K27: =COUNTA([24]Brewhouse!$A$655:$A$691) -> 37 | L27: =AVERAGE([24]Brewhouse!$AU$655:$AU$691) -> 97.142141 | M27: =AVERAGE([24]Brewhouse!$AU$102:$AU$171,[24]Brewhouse!$AU$173:$AU$253,[24]Brewhouse!$AU$255:$AU$339,[24]Brewhouse!$AU$341:$AU$346,[24]Brewhouse!$AU$348,[24]Brewhouse!$AU$349:$AU$406,[24]Brewhouse!$AU$408:$AU$491,[24]Brewhouse!$AU$493:$AU$578,[24]Brewhouse!$AU$580:$AU$652,[24]Brewhouse!$AU$655:$AU$691) -> 97.831694 | N27: 98
C28: 11.9 | I28: STAG | K28: =COUNTA([22]Brewhouse!$A$324:$A$335) -> 12 | L28: =AVERAGE([22]Brewhouse!$AS$324:$AS$335) -> 98.319988 | M28: =AVERAGE([22]Brewhouse!$AS$15:$AS$64,[22]Brewhouse!$AS$66:$AS$103,[22]Brewhouse!$AS$105:$AS$140,[22]Brewhouse!$AS$142:$AS$193,[22]Brewhouse!$AS$195:$AS$240,[22]Brewhouse!$AS$242:$AS$273,[22]Brewhouse!$AS$275:$AS$322,[22]Brewhouse!$AS$324:$AS$335) -> 98.075849 | N28: 98
C29: 12 | D29: 11.85 | I29: GUINNESS | M29: =AVERAGE([25]Brewhouse!$AU$4:$AU$7,[25]Brewhouse!$AU$9:$AU$22,[25]Brewhouse!$AU$24:$AU$35,[25]Brewhouse!$AU$37:$AU$45,[25]Brewhouse!$AU$47:$AU$62,[25]Brewhouse!$AU$64:$AU$79) -> 97.01892 | N29: 98
C30: 11.7 | I30: VITAMALT | K30: =COUNTA([26]Brewhouse!$A$64:$A$67) -> 4 | L30: =AVERAGE([26]Brewhouse!$AV$64:$AV$67) -> 97.964622 | M30: =AVERAGE([26]Brewhouse!$AV$5:$AV$14,[26]Brewhouse!$AV$16:$AV$19,[26]Brewhouse!$AV$21:$AV$24,[26]Brewhouse!$AV$26:$AV$33,[26]Brewhouse!$AV$35:$AV$46,[26]Brewhouse!$AV$48:$AV$53,[26]Brewhouse!$AV$55:$AV$62,[26]Brewhouse!$AV$64:$AV$67) -> 98.715594 | N30: 98
C31: 11.9 | D31: 11.85 | I31: MAXIMALT | N31: 98
C32: 11.8 | I32: MACKESON | M32: =AVERAGE([27]Brewhouse!$AT$4:$AT$11,[27]Brewhouse!$AT$13:$AT$16,[27]Brewhouse!$AT$18:$AT$21,[27]Brewhouse!$AT$26) -> 94.588058 | N32: 98
C33: 11.7 | D33: 11.71 | I33: STARMALT | M33: =AVERAGE([23]Brewhouse!$AY$6:$AY$13,[23]Brewhouse!$AY$15:$AY$20,[23]Brewhouse!$AY$22:$AY$29,[23]Brewhouse!$AY$31:$AY$34,[23]Brewhouse!$AY$36:$AY$43,[23]Brewhouse!$AY$45:$AY$50, [23]Brewhouse!$AY$56:$AY$73) -> 97.363751 | N33: 98
C34: 11.7 | I34: HR- Pils | M34: =AVERAGE([28]Brewhouse!$AU$5:$AU$8,[28]Brewhouse!$AU$10:$AU$13) -> 94.247667 | N34: 98
I35: HR- IPA | M35: =AVERAGE([29]Brewhouse!$AW$26:$AW$27) -> 95.310681 | N35: 98
I36: HR- APA | M36: =AVERAGE([30]Brewhouse!$AU$13:$AU$14) -> 97.110575 | N36: 98
K37: =SUM(K27:K36) -> 53 | L37: =((L27*K27)+(L28*K28)+(L29*K29)+(L30*K30)+(L31*K31)+(K34*L34)+(L32*K32)+(L33*K33)+(L36*K36))/(K37) -> 97.470898 | M37: =AVERAGE('[31]Jan 31st'!$L$65,'[32]Feb 28th'!$L$35,'[33]Mar. 31st'!$L$35,'[34]Apr. 30th'!$L$45,'[35]May 30th'!$L$37,'[36]June 30th'!$L$57,L37) -> 97.63183 | N37: 98
B39: =I28 -> STAG | C39: {=[22]Process!$D$311:$D$314} -> 11.6 | D39: 11.9 | J39: Daily Brewing Plan
C40: 12.2 | J40: Brand | K40: Brews Achieved | L40: Average Brews per day
C41: 12 | D41: 11.9 | J41: CARIB | K41: 7 | L41: MTD | M41: YTD | N41: TARGET
C42: 11.8 | J42: STAG | L42: =AVERAGE('Aug 4th '!K58,'Aug 5th '!K58,'Aug 6th '!K58,'Aug 7th '!K58,'Aug 8th '!K48,'Aug 13th'!K52,K51) -> 7.4285714 | M42: =AVERAGE('[31]Jan 29th '!$M$70,'[32]Feb 28th'!$L$40,'[33]Mar. 31st'!$L$40,'[34]Apr. 30th'!$L$50,'[35]May 30th'!$L$42,'[36]June 30th'!$L$62,'[37]July 29th '!$L$49,L42) -> 6.968186 | N42: 9.2
J43: GUINN
J44: VITAMALT
J45: STARMALT
J46: MACKESON
J47: HURRICANE REEF- IPA
J48: HURRICANE REEF- APA
B49: AVERAGE | D49: =AVERAGE(D27:E48) -> 11.815 | J49: HR- PILSNER
J50: CARIBE
J51: Total | K51: =SUM(K41:K50) -> 7
B52: Process: | C52: Fermentation/Filtration
B54: Brand | C54: Filt. Date | D54: FV Hls | E54: GFE/ Prim/ Vita Blend (Hls) | F54: SV Hls | G54: BBT Hls | H54: Loss (%) Ferm | I54: Loss (%) Filt | J54: Comments | K54: Throughput | L54: Process Loss (%) | M54: Filt. Operator
AB55: 43474 | AC55: 43475 | AD55: 43476 | AE55: 43477 | AF55: 43478 | AG55: 43479 | AH55: 43480 | AI55: 43481 | AJ55: 43482 | AK55: 43483 | AL55: 43484 | AM55: 43485 | AN55: 43486 | AO55: 43487 | AP55: 43488 | AQ55: 43489 | AR55: 43490 | AS55: 43491 | AT55: 43492 | AU55: 43493 | AV55: 43494 | AW55: 43495 | AX55: 43496
B56: =J42 -> STAG | C56: 45883 | D56: =[38]August_2025!$P$13 -> 396.6 | G56: =[38]August_2025!$P$17 -> 371 | J56: 4 BREAKS | K56: =[39]August_2025!$P$25 -> 0.26035088 | L56: =(((D56+E56)-G56)/(D56+E56))*100 -> 6.4548664 | M56: T. Charles | AB56: =[20]January_2019!L7 -> 285.8 | AC56: =[20]January_2019!M7 -> 508.1 | AD56: =[20]January_2019!N7 -> 0 | AE56: =[20]January_2019!O7 -> 0 | AF56: =[20]January_2019!P7 -> 109.56667 | AG56: =[20]January_2019!Q7 -> 297.65 | AH56: =[20]January_2019!R7 -> 122.3 | AI56: =[20]January_2019!S7 -> 0 | ... AX56: =[20]January_2019!AH7 -> 0
B58: =J42 -> STAG | C58: 45883 | D58: =[38]August_2025!$Q$13 -> 197.3 | G58: =[38]August_2025!$Q$17 -> 185 | J58: NO BREAK | K58: =[39]August_2025!$Q$25 -> 0.64912281 | L58: =(((D58+E58)-G58)/(D58+E58))*100 -> 6.2341612 | M58: K. Neptune
C60: 45873 | J60: NO SBF | L60: =(((D60+E60)-G60)/(D60+E60))*100 -> #DIV/0!
B63: Process Loss (Volume) | G63: Process Loss (Extract) | K63: Throughput
B64: Brand | C64: Actual | D64: MTD | E64: YTD | F64: Target | G64: Actual | H64: MTD | I64: YTD | J64: Target | K64: Actual | L64: MTD | M64: YTD | N64: Target
B65: CARIB | D65: 5.1393128 | E65: 6.2656487 | F65: 4.8 | H65: 6.8436956 | I65: 6.2255325 | J65: 4.8 | L65: 1.0154386 | M65: 0.75334935 | N65: 1
B66: STAG | C66: =AVERAGE(L56,L58) -> 6.3445138 | D66: 5.9872945 | E66: 5.9448514 | F66: 4.8 | G66: =AVERAGE([38]August_2025!$P$21:$Q$21) -> 6.4579476 | H66: 6.2297428 | I66: 5.5723747 | J66: 4.8 | K66: =AVERAGE(K56,K58) -> 0.45473684 | L66: 0.45044834 | M66: 0.73721375 | N66: 1
B67: GUINN | D67: 8.0382775 | E67: 11.429744 | F67: 5.5 | H67: 10.370028 | I67: 13.047305 | J67: 5.5 | L67: 0.67438596 | M67: 0.55172216 | N67: 1
B68: VITAMALT | D68: 6.05 | E68: 5.1850281 | F68: 3.3 | H68: 5.9660755 | I68: 4.9519882 | J68: 3.3 | L68: 0.32964912 | M68: 0.72853314 | N68: 1
B69: APA | E69: 7.8373016 | F69: 3.3 | I69: 5.3377569 | J69: 3 | M69: 0.32596491 | N69: 1
B70: MACKESON | D70: 5.2552553 | E70: 6.9158698 | F70: =[21]May_2022!$M$43 -> 3.4878407 | H70: 6.7916331 | I70: 8.5598888 | J70: 5.5 | L70: 0.66421053 | M70: 0.60705263 | N70: 1
B71: STARMALT | D71: 4.1414141 | E71: 3.0301127 | F71: 3.3 | H71: 7.0415943 | I71: 4.4974189 | J71: 3.3 | L71: 0.33298246 | M71: 0.8037472 | N71: 1
B72: IPA | E72: 11.483254 | F72: 7.5 | I72: 9.7934336 | J72: 7.5 | M72: 0.3245614 | N72: 1
B73: HURRICANE REEF PILS | E73: 7.2653645 | F73: 4.8 | I73: 8.1715311 | J73: 4.8 | L73: 0 | M73: 0.51368421 | N73: 1
D74: 5.6874719 | E74: 6.3508901 | F74: 5.5 | H74: 7.1693253 | I74: 6.6195278 | J74: 5.5 | L74: 0.67402977 | M74: 0.71905275 | N74: 1

Sheet Aug 15th-16th
S1: P.G. | U1: Hot Time | W1: Process Time | Y1: Cooling Time
B2: Brewing Department Daily Process Loss Report | S2: Lower | T2: Upper | U2: Lower | V2: Upper | W2: Lower | X2: Upper | Y2: Lower | Z2: Upper
R3: CARIB | S3: 11.6 | T3: 12 | U3: 0 | V3: 0.11805556 | W3: 0.22569444 | X3: 0.26388889 | Y3: 0 | Z3: 60 | AB3: HR- PISNER
B4: Date: | C4: 45887 | J4: LOT WORT COLOUR: 3.3 | M4: Filter Sheets (Target 20 days) | R4: STAG | S4: 11.6 | T4: 12 | U4: 0 | V4: 0.11805556 | W4: 0.22569444 | X4: 0.26388889 | Y4: 0 | Z4: 60
M5: Double | N5: Single | R5: GUINNESS | S5: 17 | T5: 17.5 | U5: 0 | V5: 0.10763889 | W5: 0.24652778 | X5: 0.28472222 | Y5: 0 | Z5: 60
J6: MALT LOT: Lot #42 | L6: Sheet Day | R6: MACKESON | S6: 13.3 | T6: 13.5 | U6: 0 | V6: 0.12905093 | W6: 0.27430556 | X6: 0.30208333 | Y6: 0
R7: STARMALT | S7: 17.1 | T7: 17.5 | U7: 0 | V7: 0.13605324 | W7: 0.27430556 | X7: 0.30902778 | Y7: 0 | Z7: 85
B8: Brand | C8: Brew no. | D8: Kett. Hls | E8: Wort | F8: Cool Time(Mins) | G8: Cast. P.G. (Lab Result) | H8: Cast P.G. (Cellar Operator)-gravity | I8: Extr. Rec (77.9%) | J8: Theor. Extr. (77.5%) | K8: Boil Off /Vol. (4-6%) | L8: Boil Time | M8: Total Hot | N8: Brewing | O8: Operator | R8: Hurricane Reef | S8: 16.6 | T8: 17 | U8: 0 | V8: 0.12905093 | W8: 0.27430556 | X8: 0.30208333 | Y8: 0
E9: Meter (Hls) | F9: Target(< 60Mins) | M9: Time | R9: VITAMALT | S9: 14.4 | T9: 14.6 | U9: 0 | V9: 0.13905093 | W9: 0.26041667 | X9: 0.29513889 | Y9: 0 | Z9: 75
B10: STAG | C10: =[22]Brewhouse!$A336 -> ST315 | D10: =[22]Brewhouse!$AD336 -> 47.7 | E10: =[22]Brewhouse!$AG336 -> 47.3 | F10: =[22]Brewhouse!$V336 -> 60 | G10: =[22]Brewhouse!$AE336 -> 11.8 | H10: 11.8 | I10: =[22]Brewhouse!$AS336 -> 92.564719 | J10: =[22]Brewhouse!$AT336 -> 93.898582 | K10: =[22]Brewhouse!$Q336 -> 11.695906 | L10: =[22]Brewhouse!$P336 -> 60 | M10: =[22]Brewhouse!$U336-[22]Brewhouse!$T336 -> 0.11388889 | N10: =[22]Brewhouse!$AW336 -> 0.24375 | O10: =[22]Brewhouse!$AV336 -> D. Gomaz | R10: =B10 -> STAG | S10: =VLOOKUP($B10,$R$3:$X$9,2,FALSE) -> 11.6 | T10: =VLOOKUP($B10,$R$3:$X$9,3,FALSE) -> 12 | U10: =VLOOKUP($B10,$R$3:$X$9,4,FALSE) -> 0 | V10: =VLOOKUP($B10,$R$3:$X$9,5,FALSE) -> 0.11805556 | W10: =VLOOKUP($B10,$R$3:$X$9,6,FALSE) -> 0.22569444 | X10: =VLOOKUP($B10,$R$3:$X$9,7,FALSE) -> 0.26388889 | Y10: =VLOOKUP($B10,$R$3:$Z$9,8,FALSE) -> 0 | Z10: =VLOOKUP($B10,$R$3:$Z$9,9,FALSE) -> 60
B11: STAG | C11: =[22]Brewhouse!$A337 -> ST316 | D11: =[22]Brewhouse!$AD337 -> 52.4 | E11: =[22]Brewhouse!$AG337 -> 48.9 | F11: =[22]Brewhouse!$V337 -> 62 | G11: =[22]Brewhouse!$AE337 -> 12.2 | H11: 11.7 | I11: =[22]Brewhouse!$AS337 -> 98.984175 | J11: =[22]Brewhouse!$AT337 -> 100.41101 | K11: =[22]Brewhouse!$Q337 -> 9.1603053 | L11: =[22]Brewhouse!$P337 -> 62 | M11: =[22]Brewhouse!$U337-[22]Brewhouse!$T337 -> 0.11458333 | N11: =[22]Brewhouse!$AW337 -> 0.24375 | O11: =[22]Brewhouse!$AV337 -> D. Gomaz | R11: =B11 -> STAG | S11: =VLOOKUP($B11,$R$3:$X$9,2,FALSE) -> 11.6 | T11: =VLOOKUP($B11,$R$3:$X$9,3,FALSE) -> 12 | U11: =VLOOKUP($B11,$R$3:$X$9,4,FALSE) -> 0 | V11: =VLOOKUP($B11,$R$3:$X$9,5,FALSE) -> 0.11805556 | W11: =VLOOKUP($B11,$R$3:$X$9,6,FALSE) -> 0.22569444 | X11: =VLOOKUP($B11,$R$3:$X$9,7,FALSE) -> 0.26388889 | Y11: =VLOOKUP($B11,$R$3:$Z$9,8,FALSE) -> 0 | Z11: =VLOOKUP($B11,$R$3:$Z$9,9,FALSE) -> 60
B12: STAG | C12: =[22]Brewhouse!$A338 -> ST317 | D12: =[22]Brewhouse!$AD338 -> 54.1 | E12: =[22]Brewhouse!$AG338 -> 48.8 | F12: =[22]Brewhouse!$V338 -> 56 | G12: =[22]Brewhouse!$AE338 -> 12 | H12: 11.9 | I12: =[22]Brewhouse!$AS338 -> 97.202771 | J12: =[22]Brewhouse!$AT338 -> 98.603469 | K12: =[22]Brewhouse!$Q338 -> 14.048059 | L12: =[22]Brewhouse!$P338 -> 60 | M12: =[22]Brewhouse!$U338-[22]Brewhouse!$T338 -> 0.11458333 | N12: =[22]Brewhouse!$AW338 -> 0.25416667 | O12: =[22]Brewhouse!$AV338 -> R. Regis | R12: =B12 -> STAG | S12: =VLOOKUP($B12,$R$3:$X$9,2,FALSE) -> 11.6 | T12: =VLOOKUP($B12,$R$3:$X$9,3,FALSE) -> 12 | U12: =VLOOKUP($B12,$R$3:$X$9,4,FALSE) -> 0 | V12: =VLOOKUP($B12,$R$3:$X$9,5,FALSE) -> 0.11805556 | W12: =VLOOKUP($B12,$R$3:$X$9,6,FALSE) -> 0.22569444 | X12: =VLOOKUP($B12,$R$3:$X$9,7,FALSE) -> 0.26388889 | Y12: =VLOOKUP($B12,$R$3:$Z$9,8,FALSE) -> 0 | Z12: =VLOOKUP($B12,$R$3:$Z$9,9,FALSE) -> 60
B13: STAG | C13: =[22]Brewhouse!$A339 -> ST318 | D13: =[22]Brewhouse!$AD339 -> 54.1 | E13: =[22]Brewhouse!$AG339 -> 50.7 | F13: =[22]Brewhouse!$V339 -> 60 | G13: =[22]Brewhouse!$AE339 -> 11.7 | H13: 11.8 | I13: =[22]Brewhouse!$AS339 -> 98.457185 | J13: =[22]Brewhouse!$AT339 -> 99.875497 | K13: =[22]Brewhouse!$Q339 -> 12.569316 | L13: =[22]Brewhouse!$P339 -> 60 | M13: =[22]Brewhouse!$U339-[22]Brewhouse!$T339 -> 0.11805556 | N13: =[22]Brewhouse!$AW339 -> 0.26527778 | O13: =[22]Brewhouse!$AV339 -> R. Regis | R13: =B13 -> STAG | S13: =VLOOKUP($B13,$R$3:$X$9,2,FALSE) -> 11.6 | T13: =VLOOKUP($B13,$R$3:$X$9,3,FALSE) -> 12 | U13: =VLOOKUP($B13,$R$3:$X$9,4,FALSE) -> 0 | V13: =VLOOKUP($B13,$R$3:$X$9,5,FALSE) -> 0.11805556 | W13: =VLOOKUP($B13,$R$3:$X$9,6,FALSE) -> 0.22569444 | X13: =VLOOKUP($B13,$R$3:$X$9,7,FALSE) -> 0.26388889 | Y13: =VLOOKUP($B13,$R$3:$Z$9,8,FALSE) -> 0 | Z13: =VLOOKUP($B13,$R$3:$Z$9,9,FALSE) -> 60
B14: STAG | C14: =[22]Brewhouse!$A340 -> ST319 | D14: =[22]Brewhouse!$AD340 -> 53 | E14: =[22]Brewhouse!$AG340 -> 50.5 | F14: =[22]Brewhouse!$V340 -> 64 | G14: =[22]Brewhouse!$AE340 -> 11.7 | H14: 11.7 | I14: =[22]Brewhouse!$AS340 -> 97.823656 | J14: =[22]Brewhouse!$AT340 -> 99.233759 | K14: =[22]Brewhouse!$Q340 -> 12.641509 | L14: =[22]Brewhouse!$P340 -> 60 | M14: =[22]Brewhouse!$U340-[22]Brewhouse!$T340 -> 0.12013889 | N14: =[22]Brewhouse!$AW340 -> 0.25694444 | O14: =[22]Brewhouse!$AV340 -> R. Regis | R14: =B14 -> STAG | S14: =VLOOKUP($B14,$R$3:$X$9,2,FALSE) -> 11.6 | T14: =VLOOKUP($B14,$R$3:$X$9,3,FALSE) -> 12 | U14: =VLOOKUP($B14,$R$3:$X$9,4,FALSE) -> 0 | V14: =VLOOKUP($B14,$R$3:$X$9,5,FALSE) -> 0.11805556 | W14: =VLOOKUP($B14,$R$3:$X$9,6,FALSE) -> 0.22569444 | X14: =VLOOKUP($B14,$R$3:$X$9,7,FALSE) -> 0.26388889 | Y14: =VLOOKUP($B14,$R$3:$Z$9,8,FALSE) -> 0 | Z14: =VLOOKUP($B14,$R$3:$Z$9,9,FALSE) -> 60
B15: STAG | C15: =[22]Brewhouse!$A341 -> ST320 | D15: =[22]Brewhouse!$AD341 -> 53.7 | E15: =[22]Brewhouse!$AG341 -> 49.5 | F15: =[22]Brewhouse!$V341 -> 61 | G15: =[22]Brewhouse!$AE341 -> 11.9 | H15: 11.9 | I15: =[22]Brewhouse!$AS341 -> 97.733564 | J15: =[22]Brewhouse!$AT341 -> 99.141911 | K15: =[22]Brewhouse!$Q341 -> 13.221601 | L15: =[22]Brewhouse!$P341 -> 61 | M15: =[22]Brewhouse!$U341-[22]Brewhouse!$T341 -> 0.12152778 | N15: =[22]Brewhouse!$AW341 -> 0.25555556 | O15: =[22]Brewhouse!$AV341 -> R. Regis | R15: =B15 -> STAG | S15: =VLOOKUP($B15,$R$3:$X$9,2,FALSE) -> 11.6 | T15: =VLOOKUP($B15,$R$3:$X$9,3,FALSE) -> 12 | U15: =VLOOKUP($B15,$R$3:$X$9,4,FALSE) -> 0 | V15: =VLOOKUP($B15,$R$3:$X$9,5,FALSE) -> 0.11805556 | W15: =VLOOKUP($B15,$R$3:$X$9,6,FALSE) -> 0.22569444 | X15: =VLOOKUP($B15,$R$3:$X$9,7,FALSE) -> 0.26388889 | Y15: =VLOOKUP($B15,$R$3:$Z$9,8,FALSE) -> 0 | Z15: =VLOOKUP($B15,$R$3:$Z$9,9,FALSE) -> 60
B16: STAG | C16: =[22]Brewhouse!$A342 -> ST321 | D16: =[22]Brewhouse!$AD342 -> 53.1 | E16: =[22]Brewhouse!$AG342 -> 49.9 | F16: =[22]Brewhouse!$V342 -> 57 | G16: =[22]Brewhouse!$AE342 -> 11.9 | H16: 11.9 | I16: =[22]Brewhouse!$AS342 -> 98.52333 | J16: =[22]Brewhouse!$AT342 -> 99.943057 | K16: =[22]Brewhouse!$Q342 -> 8.8512241 | L16: =[22]Brewhouse!$P342 -> 57 | M16: =[22]Brewhouse!$U342-[22]Brewhouse!$T342 -> 0.10763889 | N16: =[22]Brewhouse!$AW342 -> 0.24791667 | O16: =[22]Brewhouse!$AV342 -> R.Sookram | R16: =B16 -> STAG | S16: =VLOOKUP($B16,$R$3:$X$9,2,FALSE) -> 11.6 | T16: =VLOOKUP($B16,$R$3:$X$9,3,FALSE) -> 12 | U16: =VLOOKUP($B16,$R$3:$X$9,4,FALSE) -> 0 | V16: =VLOOKUP($B16,$R$3:$X$9,5,FALSE) -> 0.11805556 | W16: =VLOOKUP($B16,$R$3:$X$9,6,FALSE) -> 0.22569444 | X16: =VLOOKUP($B16,$R$3:$X$9,7,FALSE) -> 0.26388889 | Y16: =VLOOKUP($B16,$R$3:$Z$9,8,FALSE) -> 0 | Z16: =VLOOKUP($B16,$R$3:$Z$9,9,FALSE) -> 60
B17: STAG | C17: =[22]Brewhouse!$A343 -> ST322 | D17: =[22]Brewhouse!$AD343 -> 53 | E17: =[22]Brewhouse!$AG343 -> 50.6 | F17: =[22]Brewhouse!$V343 -> 58 | G17: =[22]Brewhouse!$AE343 -> 11.8 | H17: 11.8 | I17: =[22]Brewhouse!$AS343 -> 99.022722 | J17: =[22]Brewhouse!$AT343 -> 100.44965 | K17: =[22]Brewhouse!$Q343 -> 10 | L17: =[22]Brewhouse!$P343 -> 56 | M17: =[22]Brewhouse!$U343-[22]Brewhouse!$T343 -> 0.10972222 | N17: =[22]Brewhouse!$AW343 -> 0.24652778 | O17: =[22]Brewhouse!$AV343 -> R.Sookram | R17: =B17 -> STAG | S17: =VLOOKUP($B17,$R$3:$X$9,2,FALSE) -> 11.6 | T17: =VLOOKUP($B17,$R$3:$X$9,3,FALSE) -> 12 | U17: =VLOOKUP($B17,$R$3:$X$9,4,FALSE) -> 0 | V17: =VLOOKUP($B17,$R$3:$X$9,5,FALSE) -> 0.11805556 | W17: =VLOOKUP($B17,$R$3:$X$9,6,FALSE) -> 0.22569444 | X17: =VLOOKUP($B17,$R$3:$X$9,7,FALSE) -> 0.26388889 | Y17: =VLOOKUP($B17,$R$3:$Z$9,8,FALSE) -> 0 | Z17: =VLOOKUP($B17,$R$3:$Z$9,9,FALSE) -> 60
R18: =B18 -> 0 | S18: =VLOOKUP($B18,$R$3:$X$9,2,FALSE) -> #N/A | T18: =VLOOKUP($B18,$R$3:$X$9,3,FALSE) -> #N/A | U18: =VLOOKUP($B18,$R$3:$X$9,4,FALSE) -> #N/A | V18: =VLOOKUP($B18,$R$3:$X$9,5,FALSE) -> #N/A | W18: =VLOOKUP($B18,$R$3:$X$9,6,FALSE) -> #N/A | X18: =VLOOKUP($B18,$R$3:$X$9,7,FALSE) -> #N/A | Y18: =VLOOKUP($B18,$R$3:$Z$9,8,FALSE) -> #N/A | Z18: =VLOOKUP($B18,$R$3:$Z$9,9,FALSE) -> #N/A
B19: CARIB | C19: =[24]Brewhouse!$A692 -> CA584 | D19: =[24]Brewhouse!$AF692 -> 50.4 | E19: =[24]Brewhouse!$AI692 -> 48.5 | F19: =[24]Brewhouse!$V692 -> 58 | G19: =[24]Brewhouse!AG692 -> 12.1 | H19: 12.1 | I19: =[24]Brewhouse!$AU692 -> 92.680701 | J19: =[24]Brewhouse!$AV692 -> 94.232006 | K19: =[24]Brewhouse!$Q692 -> 10.807899 | L19: =[24]Brewhouse!$P692 -> 59 | M19: =[24]Brewhouse!$U692-[24]Brewhouse!$T692 -> 0.11319444 | N19: =[24]Brewhouse!$Z692 -> 0.24652778 | O19: =[24]Brewhouse!$AX692 -> D. Gomez | R19: =B19 -> CARIB | S19: =VLOOKUP($B19,$R$3:$X$9,2,FALSE) -> 11.6 | T19: =VLOOKUP($B19,$R$3:$X$9,3,FALSE) -> 12 | U19: =VLOOKUP($B19,$R$3:$X$9,4,FALSE) -> 0 | V19: =VLOOKUP($B19,$R$3:$X$9,5,FALSE) -> 0.11805556 | W19: =VLOOKUP($B19,$R$3:$X$9,6,FALSE) -> 0.22569444 | X19: =VLOOKUP($B19,$R$3:$X$9,7,FALSE) -> 0.26388889 | Y19: =VLOOKUP($B19,$R$3:$Z$9,8,FALSE) -> 0 | Z19: =VLOOKUP($B19,$R$3:$Z$9,9,FALSE) -> 60
R20: =B20 -> 0 | S20: =VLOOKUP($B20,$R$3:$X$9,2,FALSE) -> #N/A | T20: =VLOOKUP($B20,$R$3:$X$9,3,FALSE) -> #N/A | U20: =VLOOKUP($B20,$R$3:$X$9,4,FALSE) -> #N/A | V20: =VLOOKUP($B20,$R$3:$X$9,5,FALSE) -> #N/A | W20: =VLOOKUP($B20,$R$3:$X$9,6,FALSE) -> #N/A | X20: =VLOOKUP($B20,$R$3:$X$9,7,FALSE) -> #N/A | Y20: =VLOOKUP($B20,$R$3:$Z$9,8,FALSE) -> #N/A | Z20: =VLOOKUP($B20,$R$3:$Z$9,9,FALSE) -> #N/A
B21: GUINNESS | C21: =[25]Brewhouse!$A81 -> GU072 | D21: =[25]Brewhouse!$AF81 -> 52.8 | E21: =[25]Brewhouse!$AI81 -> 50.6 | F21: =[25]Brewhouse!$V81 -> 62 | G21: =[25]Brewhouse!$AG81 -> 17.6 | H21: 17.4 | I21: =[25]Brewhouse!$AU81 -> 96.452079 | J21: =[25]Brewhouse!$AV81 -> 97.89023 | K21: =[25]Brewhouse!$R81 -> 9.1036907 | L21: =[25]Brewhouse!$O81 -> 60 | M21: =[25]Brewhouse!$U81-[25]Brewhouse!$T81 -> 0.1125 | N21: =[25]Brewhouse!$Z81 -> 0.26111111 | O21: =[25]Brewhouse!$AW81 -> D. Gomaz | R21: =B21 -> GUINNESS | S21: =VLOOKUP($B21,$R$3:$X$9,2,FALSE) -> 17 | T21: =VLOOKUP($B21,$R$3:$X$9,3,FALSE) -> 17.5 | U21: =VLOOKUP($B21,$R$3:$X$9,4,FALSE) -> 0 | V21: =VLOOKUP($B21,$R$3:$X$9,5,FALSE) -> 0.10763889 | W21: =VLOOKUP($B21,$R$3:$X$9,6,FALSE) -> 0.24652778 | X21: =VLOOKUP($B21,$R$3:$X$9,7,FALSE) -> 0.28472222 | Y21: =VLOOKUP($B21,$R$3:$Z$9,8,FALSE) -> 0 | Z21: =VLOOKUP($B21,$R$3:$Z$9,9,FALSE) -> 60
B22: 45885
B23: GUINNESS | C23: =[25]Brewhouse!$A82 -> GU073 | D23: =[25]Brewhouse!$AF82 -> 54 | E23: =[25]Brewhouse!$AI82 -> 51.7 | F23: =[25]Brewhouse!$V82 -> 65 | G23: =[25]Brewhouse!$AG82 -> 17.2 | H23: 17.1 | I23: =[25]Brewhouse!$AU82 -> 96.065985 | J23: =[25]Brewhouse!$AV82 -> 97.498628 | K23: =[25]Brewhouse!$R82 -> 7.9652174 | L23: =[25]Brewhouse!$O82 -> 63 | M23: =[25]Brewhouse!$U82-[25]Brewhouse!$T82 -> 0.11319444 | N23: =[25]Brewhouse!$Z82 -> 0.26319444 | O23: =[25]Brewhouse!$AW82 -> D. Gomaz | R23: =B23 -> GUINNESS | S23: =VLOOKUP($B23,$R$3:$X$9,2,FALSE) -> 17 | T23: =VLOOKUP($B23,$R$3:$X$9,3,FALSE) -> 17.5 | U23: =VLOOKUP($B23,$R$3:$X$9,4,FALSE) -> 0 | V23: =VLOOKUP($B23,$R$3:$X$9,5,FALSE) -> 0.10763889 | W23: =VLOOKUP($B23,$R$3:$X$9,6,FALSE) -> 0.24652778 | X23: =VLOOKUP($B23,$R$3:$X$9,7,FALSE) -> 0.28472222 | Y23: =VLOOKUP($B23,$R$3:$Z$9,8,FALSE) -> 0 | Z23: =VLOOKUP($B23,$R$3:$Z$9,9,FALSE) -> 60
B24: GUINNESS | C24: =[25]Brewhouse!$A83 -> GU074 | D24: =[25]Brewhouse!$AF83 -> 53.8 | E24: =[25]Brewhouse!$AI83 -> 51.2 | F24: =[25]Brewhouse!$V83 -> 64 | G24: =[25]Brewhouse!$AG83 -> 17.2 | H24: 17.1 | I24: =[25]Brewhouse!$AU83 -> 95.441461 | J24: =[25]Brewhouse!$AV83 -> 96.863797 | K24: =[25]Brewhouse!$R83 -> 7.6707531 | L24: =[25]Brewhouse!$O83 -> 55 | M24: =[25]Brewhouse!$U83-[25]Brewhouse!$T83 -> 0.10972222 | N24: =[25]Brewhouse!$Z83 -> 0.25902778 | O24: =[25]Brewhouse!$AW83 -> D. Gomaz | R24: =B24 -> GUINNESS | S24: =VLOOKUP($B24,$R$3:$X$9,2,FALSE) -> 17 | T24: =VLOOKUP($B24,$R$3:$X$9,3,FALSE) -> 17.5 | U24: =VLOOKUP($B24,$R$3:$X$9,4,FALSE) -> 0 | V24: =VLOOKUP($B24,$R$3:$X$9,5,FALSE) -> 0.10763889 | W24: =VLOOKUP($B24,$R$3:$X$9,6,FALSE) -> 0.24652778 | X24: =VLOOKUP($B24,$R$3:$X$9,7,FALSE) -> 0.28472222 | Y24: =VLOOKUP($B24,$R$3:$Z$9,8,FALSE) -> 0 | Z24: =VLOOKUP($B24,$R$3:$Z$9,9,FALSE) -> 60
B25: GUINNESS | C25: =[25]Brewhouse!$A84 -> GU075 | D25: =[25]Brewhouse!$AF84 -> 53.9 | E25: =[25]Brewhouse!$AI84 -> 51.4 | F25: =[25]Brewhouse!$V84 -> 65 | G25: =[25]Brewhouse!$AG84 -> 17.2 | H25: 17.2 | I25: =[25]Brewhouse!$AU84 -> 96.121979 | J25: =[25]Brewhouse!$AV84 -> 97.55345 | K25: =[25]Brewhouse!$R84 -> 5.509839 | L25: =[25]Brewhouse!$O84 -> 59 | M25: =[25]Brewhouse!$U84-[25]Brewhouse!$T84 -> 0.11041667 | N25: =[25]Brewhouse!$Z84 -> 0.27083333 | O25: =[25]Brewhouse!$AW84 -> D. Gomaz | R25: =B25 -> GUINNESS | S25: =VLOOKUP($B25,$R$3:$X$9,2,FALSE) -> 17 | T25: =VLOOKUP($B25,$R$3:$X$9,3,FALSE) -> 17.5 | U25: =VLOOKUP($B25,$R$3:$X$9,4,FALSE) -> 0 | V25: =VLOOKUP($B25,$R$3:$X$9,5,FALSE) -> 0.10763889 | W25: =VLOOKUP($B25,$R$3:$X$9,6,FALSE) -> 0.24652778 | X25: =VLOOKUP($B25,$R$3:$X$9,7,FALSE) -> 0.28472222 | Y25: =VLOOKUP($B25,$R$3:$Z$9,8,FALSE) -> 0 | Z25: =VLOOKUP($B25,$R$3:$Z$9,9,FALSE) -> 60
R26: =B26 -> 0 | S26: =VLOOKUP($B26,$R$3:$X$9,2,FALSE) -> #N/A | T26: =VLOOKUP($B26,$R$3:$X$9,3,FALSE) -> #N/A | U26: =VLOOKUP($B26,$R$3:$X$9,4,FALSE) -> #N/A | V26: =VLOOKUP($B26,$R$3:$X$9,5,FALSE) -> #N/A | W26: =VLOOKUP($B26,$R$3:$X$9,6,FALSE) -> #N/A | X26: =VLOOKUP($B26,$R$3:$X$9,7,FALSE) -> #N/A | Y26: =VLOOKUP($B26,$R$3:$Z$9,8,FALSE) -> #N/A | Z26: =VLOOKUP($B26,$R$3:$Z$9,9,FALSE) -> #N/A
R27: =B27 -> 0 | S27: =VLOOKUP($B27,$R$3:$X$9,2,FALSE) -> #N/A | T27: =VLOOKUP($B27,$R$3:$X$9,3,FALSE) -> #N/A | U27: =VLOOKUP($B27,$R$3:$X$9,4,FALSE) -> #N/A | V27: =VLOOKUP($B27,$R$3:$X$9,5,FALSE) -> #N/A | W27: =VLOOKUP($B27,$R$3:$X$9,6,FALSE) -> #N/A | X27: =VLOOKUP($B27,$R$3:$X$9,7,FALSE) -> #N/A | Y27: =VLOOKUP($B27,$R$3:$Z$9,8,FALSE) -> #N/A | Z27: =VLOOKUP($B27,$R$3:$Z$9,9,FALSE) -> #N/A
R28: =B28 -> 0 | S28: =VLOOKUP($B28,$R$3:$X$9,2,FALSE) -> #N/A | T28: =VLOOKUP($B28,$R$3:$X$9,3,FALSE) -> #N/A | U28: =VLOOKUP($B28,$R$3:$X$9,4,FALSE) -> #N/A | V28: =VLOOKUP($B28,$R$3:$X$9,5,FALSE) -> #N/A | W28: =VLOOKUP($B28,$R$3:$X$9,6,FALSE) -> #N/A | X28: =VLOOKUP($B28,$R$3:$X$9,7,FALSE) -> #N/A | Y28: =VLOOKUP($B28,$R$3:$Z$9,8,FALSE) -> #N/A | Z28: =VLOOKUP($B28,$R$3:$Z$9,9,FALSE) -> #N/A
R29: =B29 -> 0 | S29: =VLOOKUP($B29,$R$3:$X$9,2,FALSE) -> #N/A | T29: =VLOOKUP($B29,$R$3:$X$9,3,FALSE) -> #N/A | U29: =VLOOKUP($B29,$R$3:$X$9,4,FALSE) -> #N/A | V29: =VLOOKUP($B29,$R$3:$X$9,5,FALSE) -> #N/A | W29: =VLOOKUP($B29,$R$3:$X$9,6,FALSE) -> #N/A | X29: =VLOOKUP($B29,$R$3:$X$9,7,FALSE) -> #N/A | Y29: =VLOOKUP($B29,$R$3:$Z$9,8,FALSE) -> #N/A | Z29: =VLOOKUP($B29,$R$3:$Z$9,9,FALSE) -> #N/A
R30: =B30 -> 0 | S30: =VLOOKUP($B30,$R$3:$X$9,2,FALSE) -> #N/A | T30: =VLOOKUP($B30,$R$3:$X$9,3,FALSE) -> #N/A | U30: =VLOOKUP($B30,$R$3:$X$9,4,FALSE) -> #N/A | V30: =VLOOKUP($B30,$R$3:$X$9,5,FALSE) -> #N/A | W30: =VLOOKUP($B30,$R$3:$X$9,6,FALSE) -> #N/A | X30: =VLOOKUP($B30,$R$3:$X$9,7,FALSE) -> #N/A | Y30: =VLOOKUP($B30,$R$3:$Z$9,8,FALSE) -> #N/A | Z30: =VLOOKUP($B30,$R$3:$Z$9,9,FALSE) -> #N/A
R31: =B31 -> 0 | S31: =VLOOKUP($B31,$R$3:$X$9,2,FALSE) -> #N/A | T31: =VLOOKUP($B31,$R$3:$X$9,3,FALSE) -> #N/A | U31: =VLOOKUP($B31,$R$3:$X$9,4,FALSE) -> #N/A | V31: =VLOOKUP($B31,$R$3:$X$9,5,FALSE) -> #N/A | W31: =VLOOKUP($B31,$R$3:$X$9,6,FALSE) -> #N/A | X31: =VLOOKUP($B31,$R$3:$X$9,7,FALSE) -> #N/A | Y31: =VLOOKUP($B31,$R$3:$Z$9,8,FALSE) -> #N/A | Z31: =VLOOKUP($B31,$R$3:$Z$9,9,FALSE) -> #N/A
B32: BRAND | D32: BBT P.G./ O.G | I32: Brand | J32: Actual | K32: MTD No. of Brews | L32: MTD | M32: YTD | N32: Target | R32: =B32 -> BRAND | S32: =VLOOKUP($B32,$R$3:$X$9,2,FALSE) -> #N/A | T32: =VLOOKUP($B32,$R$3:$X$9,3,FALSE) -> #N/A | U32: =VLOOKUP($B32,$R$3:$X$9,4,FALSE) -> #N/A | V32: =VLOOKUP($B32,$R$3:$X$9,5,FALSE) -> #N/A | W32: =VLOOKUP($B32,$R$3:$X$9,6,FALSE) -> #N/A | X32: =VLOOKUP($B32,$R$3:$X$9,7,FALSE) -> #N/A | Y32: =VLOOKUP($B32,$R$3:$Z$9,8,FALSE) -> #N/A | Z32: =VLOOKUP($B32,$R$3:$Z$9,9,FALSE) -> #N/A
B33: =I33 -> CARIB | C33: {=[24]Process!$D$636:$D$643} -> 12.2 | D33: 11.73 | I33: CARIB | J33: =I19 -> 92.680701 | K33: =COUNTA([24]Brewhouse!$A$655:$A$691) -> 37 | L33: =AVERAGE([24]Brewhouse!$AU$655:$AU$691) -> 97.142141 | M33: =AVERAGE([24]Brewhouse!$AU$102:$AU$171,[24]Brewhouse!$AU$173:$AU$253,[24]Brewhouse!$AU$255:$AU$339,[24]Brewhouse!$AU$341:$AU$346,[24]Brewhouse!$AU$348,[24]Brewhouse!$AU$349:$AU$406,[24]Brewhouse!$AU$408:$AU$491,[24]Brewhouse!$AU$493:$AU$578,[24]Brewhouse!$AU$580:$AU$652,[24]Brewhouse!$AU$655:$AU$691) -> 97.831694 | N33: 98
C34: 12.1 | I34: STAG | J34: =AVERAGE(I10:I17) -> 97.539015 | K34: =COUNTA([22]Brewhouse!$A$324:$A$343) -> 20 | L34: =AVERAGE([22]Brewhouse!$AS$324:$AS$343) -> 98.007599 | M34: =AVERAGE([22]Brewhouse!$AS$15:$AS$64,[22]Brewhouse!$AS$66:$AS$103,[22]Brewhouse!$AS$105:$AS$140,[22]Brewhouse!$AS$142:$AS$193,[22]Brewhouse!$AS$195:$AS$240,[22]Brewhouse!$AS$242:$AS$273,[22]Brewhouse!$AS$275:$AS$322,[22]Brewhouse!$AS$324:$AS$343) -> 98.062512 | N34: 98
C35: 12.1 | D35: 11.8 | I35: GUINNESS | J35: =AVERAGE(I21,I23:I25) -> 96.020376 | K35: =COUNTA([25]Brewhouse!$A$81:$A$84) -> 4 | L35: =AVERAGE([25]Brewhouse!$AU$81:$AU$84) -> 96.020376 | M35: =AVERAGE([25]Brewhouse!$AU$4:$AU$7,[25]Brewhouse!$AU$9:$AU$22,[25]Brewhouse!$AU$24:$AU$35,[25]Brewhouse!$AU$37:$AU$45,[25]Brewhouse!$AU$47:$AU$62,[25]Brewhouse!$AU$64:$AU$79,[25]Brewhouse!$AU$81:$AU$83) -> 96.977065 | N35: 98
C36: 11.9 | I36: VITAMALT | K36: =COUNTA([26]Brewhouse!$A$64:$A$67) -> 4 | L36: =AVERAGE([26]Brewhouse!$AV$64:$AV$67) -> 97.964622 | M36: =AVERAGE([26]Brewhouse!$AV$5:$AV$14,[26]Brewhouse!$AV$16:$AV$19,[26]Brewhouse!$AV$21:$AV$24,[26]Brewhouse!$AV$26:$AV$33,[26]Brewhouse!$AV$35:$AV$46,[26]Brewhouse!$AV$48:$AV$53,[26]Brewhouse!$AV$55:$AV$62,[26]Brewhouse!$AV$64:$AV$67) -> 98.715594 | N36: 98
C37: 12 | D37: 11.82 | I37: MAXIMALT | N37: 98
C38: 11.9 | I38: MACKESON | M38: =AVERAGE([27]Brewhouse!$AT$4:$AT$11,[27]Brewhouse!$AT$13:$AT$16,[27]Brewhouse!$AT$18:$AT$21,[27]Brewhouse!$AT$26) -> 94.588058 | N38: 98
C39: 11.9 | D39: 11.79 | I39: STARMALT | M39: =AVERAGE([23]Brewhouse!$AY$6:$AY$13,[23]Brewhouse!$AY$15:$AY$20,[23]Brewhouse!$AY$22:$AY$29,[23]Brewhouse!$AY$31:$AY$34,[23]Brewhouse!$AY$36:$AY$43,[23]Brewhouse!$AY$45:$AY$50, [23]Brewhouse!$AY$56:$AY$73) -> 97.363751 | N39: 98
C40: 11.8 | I40: HR- Pils | M40: =AVERAGE([28]Brewhouse!$AU$5:$AU$8,[28]Brewhouse!$AU$10:$AU$13) -> 94.247667 | N40: 98
I41: HR- IPA | M41: =AVERAGE([29]Brewhouse!$AW$26:$AW$27) -> 95.310681 | N41: 98
I42: HR- APA | M42: =AVERAGE([30]Brewhouse!$AU$13:$AU$14) -> 97.110575 | N42: 98
K43: =SUM(K33:K42) -> 65 | L43: =((L33*K33)+(L34*K34)+(L35*K35)+(L36*K36)+(L37*K37)+(K40*L40)+(L38*K38)+(L39*K39)+(L42*K42))/(K43) -> 97.390018 | M43: =AVERAGE('[31]Jan 31st'!$L$65,'[32]Feb 28th'!$L$35,'[33]Mar. 31st'!$L$35,'[34]Apr. 30th'!$L$45,'[35]May 30th'!$L$37,'[36]June 30th'!$L$57,L43) -> 97.620276 | N43: 98
J45: Daily Brewing Plan
I46: Brand | J46: Brews Achieved | K46: Brews Achieved (16th) | L46: Average Brews per day
I47: CARIB | J47: 1 | L47: MTD | M47: YTD | N47: TARGET
I48: STAG | J48: 8 | L48: =AVERAGE('Aug 4th '!K58,'Aug 5th '!K58,'Aug 6th '!K58,'Aug 7th '!K58,'Aug 8th '!K48,'Aug 13th'!K52,'Aug 14th'!K51,J57,K57) -> 7.2222222 | M48: =AVERAGE('[31]Jan 29th '!$M$70,'[32]Feb 28th'!$L$40,'[33]Mar. 31st'!$L$40,'[34]Apr. 30th'!$L$50,'[35]May 30th'!$L$42,'[36]June 30th'!$L$62,'[37]July 29th '!$L$49,L48) -> 6.9423924 | N48: 9.2
I49: GUINN | J49: 1 | K49: 3
I50: VITAMALT
I51: STARMALT
I52: MACKESON
I53: HURRICANE REEF- IPA
I54: HURRICANE REEF- APA
B55: AVERAGE | D55: =AVERAGE(D33:E54) -> 11.785 | I55: HR- PILSNER
I56: CARIBE
I57: Total | J57: =SUM(J47:J56) -> 10 | K57: =SUM(K47:K56) -> 3
B58: Process: | C58: Fermentation/Filtration
B60: Brand | C60: Filt. Date | D60: FV Hls | E60: GFE/ Prim/ Vita Blend (Hls) | F60: SV Hls | G60: BBT Hls | H60: Loss (%) Ferm | I60: Loss (%) Filt | J60: Comments | K60: Throughput | L60: Process Loss (%) | M60: Filt. Operator
AB61: 43474 | AC61: 43475 | AD61: 43476 | AE61: 43477 | AF61: 43478 | AG61: 43479 | AH61: 43480 | AI61: 43481 | AJ61: 43482 | AK61: 43483 | AL61: 43484 | AM61: 43485 | AN61: 43486 | AO61: 43487 | AP61: 43488 | AQ61: 43489 | AR61: 43490 | AS61: 43491 | AT61: 43492 | AU61: 43493 | AV61: 43494 | AW61: 43495 | AX61: 43496
B62: =I47 -> CARIB | C62: 45884 | D62: =[38]August_2025!$R$3 -> 401.7 | G62: =[38]August_2025!$R$7 -> 382 | J62: NO BREAK | K62: =[39]August_2025!$R$18 -> 1.3403509 | L62: =(((D62+E62)-G62)/(D62+E62))*100 -> 4.9041573 | M62: G. Mason | AB62: =[20]January_2019!L7 -> 285.8 | AC62: =[20]January_2019!M7 -> 508.1 | AD62: =[20]January_2019!N7 -> 0 | AE62: =[20]January_2019!O7 -> 0 | AF62: =[20]January_2019!P7 -> 109.56667 | AG62: =[20]January_2019!Q7 -> 297.65 | AH62: =[20]January_2019!R7 -> 122.3 | AI62: =[20]January_2019!S7 -> 0 | ... AX62: =[20]January_2019!AH7 -> 0
C66: 45873 | J66: NO SBF | L66: =(((D66+E66)-G66)/(D66+E66))*100 -> #DIV/0!
B69: Process Loss (Volume) | G69: Process Loss (Extract) | K69: Throughput
B70: Brand | C70: Actual | D70: MTD | E70: YTD | F70: Target | G70: Actual | H70: MTD | I70: YTD | J70: Target | K70: Actual | L70: MTD | M70: YTD | N70: Target
B71: CARIB | C71: =L62 -> 4.9041573 | D71: 5.1004891 | E71: 6.2469304 | F71: 4.8 | G71: =[38]August_2025!$R$11 -> 6.6469497 | H71: 6.8110718 | I71: 6.2314107 | J71: 4.8 | K71: =K62 -> 1.3403509 | L71: 1.0804211 | M71: 0.76086278 | N71: 1
B72: STAG | D72: 5.9872945 | E72: 5.9448514 | F72: 4.8 | H72: 6.2297428 | I72: 5.5723747 | J72: 4.8 | L72: 0.45044834 | M72: 0.73721375 | N72: 1
B73: GUINN | D73: 8.0382775 | E73: 11.429744 | F73: 5.5 | H73: 10.370028 | I73: 13.047305 | J73: 5.5 | L73: 0.67438596 | M73: 0.55172216 | N73: 1
B74: VITAMALT | D74: 6.05 | E74: 5.1850281 | F74: 3.3 | H74: 5.9660755 | I74: 4.9519882 | J74: 3.3 | L74: 0.32964912 | M74: 0.72853314 | N74: 1
B75: APA | E75: 7.8373016 | F75: 3.3 | I75: 5.3377569 | J75: 3 | M75: 0.32596491 | N75: 1
B76: MACKESON | D76: 5.2552553 | E76: 6.9158698 | F76: =[21]May_2022!$M$43 -> 3.4878407 | H76: 6.7916331 | I76: 8.5598888 | J76: 5.5 | L76: 0.66421053 | M76: 0.60705263 | N76: 1
B77: STARMALT | D77: 4.1414141 | E77: 3.0301127 | F77: 3.3 | H77: 7.0415943 | I77: 4.4974189 | J77: 3.3 | L77: 0.33298246 | M77: 0.8037472 | N77: 1
B78: IPA | E78: 11.483254 | F78: 7.5 | I78: 9.7934336 | J78: 7.5 | M78: 0.3245614 | N78: 1
B79: HURRICANE REEF PILS | E79: 7.2653645 | F79: 4.8 | I79: 8.1715311 | J79: 4.8 | L79: 0 | M79: 0.51368421 | N79: 1
D80: 5.6150231 | E80: 6.3406423 | F80: 5.5 | H80: 7.1247836 | I80: 6.6197079 | J80: 5.5 | L80: 0.72955653 | M80: 0.72280145 | N80: 1

Sheet Aug 18th
S1: P.G. | U1: Hot Time | W1: Process Time | Y1: Cooling Time
B2: Brewing Department Daily Process Loss Report | S2: Lower | T2: Upper | U2: Lower | V2: Upper | W2: Lower | X2: Upper | Y2: Lower | Z2: Upper
R3: CARIB | S3: 11.6 | T3: 12 | U3: 0 | V3: 0.11805556 | W3: 0.22569444 | X3: 0.26388889 | Y3: 0 | Z3: 60 | AB3: HR- PISNER
B4: Date: | C4: 45888 | J4: LOT WORT COLOUR: 3.3 | M4: Filter Sheets (Target 20 days) | R4: STAG | S4: 11.6 | T4: 12 | U4: 0 | V4: 0.11805556 | W4: 0.22569444 | X4: 0.26388889 | Y4: 0 | Z4: 60
M5: Double | N5: Single | R5: GUINNESS | S5: 17 | T5: 17.5 | U5: 0 | V5: 0.10763889 | W5: 0.24652778 | X5: 0.28472222 | Y5: 0 | Z5: 60
J6: MALT LOT: Lot #42 | L6: Sheet Day | R6: MACKESON | S6: 13.3 | T6: 13.5 | U6: 0 | V6: 0.12905093 | W6: 0.27430556 | X6: 0.30208333 | Y6: 0
R7: STARMALT | S7: 17 | T7: 17.4 | U7: 0 | V7: 0.13605324 | W7: 0.27430556 | X7: 0.30902778 | Y7: 0 | Z7: 85
B8: Brand | C8: Brew no. | D8: Kett. Hls | E8: Wort | F8: Cool Time(Mins) | G8: Cast. P.G. (Lab Result) | H8: Cast P.G. (Cellar Operator)-gravity | I8: Extr. Rec (77.9%) | J8: Theor. Extr. (77.5%) | K8: Boil Off /Vol. (4-6%) | L8: Boil Time | M8: Total Hot | N8: Brewing | O8: Operator | R8: Hurricane Reef | S8: 16.6 | T8: 17 | U8: 0 | V8: 0.12905093 | W8: 0.27430556 | X8: 0.30208333 | Y8: 0
E9: Meter (Hls) | F9: Target(< 60Mins) | M9: Time | R9: VITAMALT | S9: 14.2 | T9: 14.6 | U9: 0 | V9: 0.13905093 | W9: 0.26041667 | X9: 0.29513889 | Y9: 0 | Z9: 75
B10: VITAMALT | C10: =[26]Brewhouse!A68 -> VM057 | D10: =[26]Brewhouse!AE68 -> 50.7 | E10: =[26]Brewhouse!AJ68 -> 46.5 | F10: =[26]Brewhouse!X68 -> 77 | G10: =[26]Brewhouse!AH68 -> 14.3 | H10: 14.5 | I10: =[26]Brewhouse!AV68 -> 94.107916 | J10: =[26]Brewhouse!AW68 -> 94.450232 | K10: =[26]Brewhouse!S68 -> 3.8658777 | L10: =[26]Brewhouse!R68 -> 56 | M10: =[26]Brewhouse!$W68-[26]Brewhouse!$V68 -> 0.12708333 | N10: =[26]Brewhouse!AB68 -> 0.27638889 | O10: =[26]Brewhouse!$AZ68 -> R.Sookram | R10: =B10 -> VITAMALT | S10: =VLOOKUP($B10,$R$3:$X$9,2,FALSE) -> 14.2 | T10: =VLOOKUP($B10,$R$3:$X$9,3,FALSE) -> 14.6 | U10: =VLOOKUP($B10,$R$3:$X$9,4,FALSE) -> 0 | V10: =VLOOKUP($B10,$R$3:$X$9,5,FALSE) -> 0.13905093 | W10: =VLOOKUP($B10,$R$3:$X$9,6,FALSE) -> 0.26041667 | X10: =VLOOKUP($B10,$R$3:$X$9,7,FALSE) -> 0.29513889 | Y10: =VLOOKUP($B10,$R$3:$Z$9,8,FALSE) -> 0 | Z10: =VLOOKUP($B10,$R$3:$Z$9,9,FALSE) -> 75
B11: VITAMALT | C11: =[26]Brewhouse!A69 -> VM058 | D11: =[26]Brewhouse!AE69 -> 52.4 | E11: =[26]Brewhouse!AJ69 -> 48.6 | F11: =[26]Brewhouse!X69 -> 87 | G11: =[26]Brewhouse!AH69 -> 14.2 | H11: 14.2 | I11: =[26]Brewhouse!AV69 -> 97.641436 | J11: =[26]Brewhouse!AW69 -> 97.996605 | K11: =[26]Brewhouse!S69 -> 5.4580153 | L11: =[26]Brewhouse!R69 -> 54 | M11: =[26]Brewhouse!$W69-[26]Brewhouse!$V69 -> 0.12847222 | N11: =[26]Brewhouse!AB69 -> 0.31805556 | O11: =[26]Brewhouse!$AZ69 -> G. Mason | R11: =B11 -> VITAMALT | S11: =VLOOKUP($B11,$R$3:$X$9,2,FALSE) -> 14.2 | T11: =VLOOKUP($B11,$R$3:$X$9,3,FALSE) -> 14.6 | U11: =VLOOKUP($B11,$R$3:$X$9,4,FALSE) -> 0 | V11: =VLOOKUP($B11,$R$3:$X$9,5,FALSE) -> 0.13905093 | W11: =VLOOKUP($B11,$R$3:$X$9,6,FALSE) -> 0.26041667 | X11: =VLOOKUP($B11,$R$3:$X$9,7,FALSE) -> 0.29513889 | Y11: =VLOOKUP($B11,$R$3:$Z$9,8,FALSE) -> 0 | Z11: =VLOOKUP($B11,$R$3:$Z$9,9,FALSE) -> 75
B12: VITAMALT | C12: =[26]Brewhouse!A70 -> VM059 | D12: =[26]Brewhouse!AE70 -> 52.5 | E12: =[26]Brewhouse!AJ70 -> 48.6 | F12: =[26]Brewhouse!X70 -> 88 | G12: =[26]Brewhouse!AH70 -> 14.7 | H12: 14.3 | I12: =[26]Brewhouse!AV70 -> 101.50385 | J12: =[26]Brewhouse!AW70 -> 101.86998 | K12: =[26]Brewhouse!S70 -> 5.6380952 | L12: =[26]Brewhouse!R70 -> 58 | M12: =[26]Brewhouse!$W70-[26]Brewhouse!$V70 -> 0.12916667 | N12: =[26]Brewhouse!AB70 -> 0.26875 | O12: =[26]Brewhouse!$AZ70 -> G. Mason | R12: =B12 -> VITAMALT | S12: =VLOOKUP($B12,$R$3:$X$9,2,FALSE) -> 14.2 | T12: =VLOOKUP($B12,$R$3:$X$9,3,FALSE) -> 14.6 | U12: =VLOOKUP($B12,$R$3:$X$9,4,FALSE) -> 0 | V12: =VLOOKUP($B12,$R$3:$X$9,5,FALSE) -> 0.13905093 | W12: =VLOOKUP($B12,$R$3:$X$9,6,FALSE) -> 0.26041667 | X12: =VLOOKUP($B12,$R$3:$X$9,7,FALSE) -> 0.29513889 | Y12: =VLOOKUP($B12,$R$3:$Z$9,8,FALSE) -> 0 | Z12: =VLOOKUP($B12,$R$3:$Z$9,9,FALSE) -> 75
B13: VITAMALT | C13: =[26]Brewhouse!A71 -> VM060 | D13: =[26]Brewhouse!AE71 -> 52.5 | E13: =[26]Brewhouse!AJ71 -> 48 | F13: =[26]Brewhouse!X71 -> 85 | G13: =[26]Brewhouse!AH71 -> 14.2 | H13: 14.1 | I13: =[26]Brewhouse!AV71 -> 96.742931 | J13: =[26]Brewhouse!AW71 -> 97.09042 | K13: =[26]Brewhouse!S71 -> 6.9714286 | L13: =[26]Brewhouse!R71 -> 60 | M13: =[26]Brewhouse!$W71-[26]Brewhouse!$V71 -> 0.13958333 | N13: =[26]Brewhouse!AB71 -> 0.27430556 | O13: =[26]Brewhouse!$AZ71 -> G. Mason | R13: =B13 -> VITAMALT | S13: =VLOOKUP($B13,$R$3:$X$9,2,FALSE) -> 14.2 | T13: =VLOOKUP($B13,$R$3:$X$9,3,FALSE) -> 14.6 | U13: =VLOOKUP($B13,$R$3:$X$9,4,FALSE) -> 0 | V13: =VLOOKUP($B13,$R$3:$X$9,5,FALSE) -> 0.13905093 | W13: =VLOOKUP($B13,$R$3:$X$9,6,FALSE) -> 0.26041667 | X13: =VLOOKUP($B13,$R$3:$X$9,7,FALSE) -> 0.29513889 | Y13: =VLOOKUP($B13,$R$3:$Z$9,8,FALSE) -> 0 | Z13: =VLOOKUP($B13,$R$3:$Z$9,9,FALSE) -> 75
B14: VITAMALT | C14: =[26]Brewhouse!A72 -> VM061 | D14: =[26]Brewhouse!AE72 -> 52.2 | E14: =[26]Brewhouse!AJ72 -> 48.2 | F14: =[26]Brewhouse!X72 -> 84 | G14: =[26]Brewhouse!AH72 -> 14.3 | H14: 14.2 | I14: =[26]Brewhouse!AV72 -> 97.755191 | J14: =[26]Brewhouse!AW72 -> 98.107805 | K14: =[26]Brewhouse!S72 -> 5.6704981 | L14: =[26]Brewhouse!R72 -> 60 | M14: =[26]Brewhouse!$W72-[26]Brewhouse!$V72 -> 0.13819444 | N14: =[26]Brewhouse!AB72 -> 0.27777778 | O14: =[26]Brewhouse!$AZ72 -> R. Regis | R14: =B14 -> VITAMALT | S14: =VLOOKUP($B14,$R$3:$X$9,2,FALSE) -> 14.2 | T14: =VLOOKUP($B14,$R$3:$X$9,3,FALSE) -> 14.6 | U14: =VLOOKUP($B14,$R$3:$X$9,4,FALSE) -> 0 | V14: =VLOOKUP($B14,$R$3:$X$9,5,FALSE) -> 0.13905093 | W14: =VLOOKUP($B14,$R$3:$X$9,6,FALSE) -> 0.26041667 | X14: =VLOOKUP($B14,$R$3:$X$9,7,FALSE) -> 0.29513889 | Y14: =VLOOKUP($B14,$R$3:$Z$9,8,FALSE) -> 0 | Z14: =VLOOKUP($B14,$R$3:$Z$9,9,FALSE) -> 75
B15: VITAMALT | C15: =[26]Brewhouse!A73 -> VM062 | D15: =[26]Brewhouse!AE73 -> 52.5 | E15: =[26]Brewhouse!AJ73 -> 47.6 | F15: =[26]Brewhouse!X73 -> 85 | G15: =[26]Brewhouse!AH73 -> 14.2 | H15: 14.4 | I15: =[26]Brewhouse!AV73 -> 95.835063 | J15: =[26]Brewhouse!AW73 -> 96.18075 | K15: =[26]Brewhouse!S73 -> 7.7333333 | L15: =[26]Brewhouse!R73 -> 60 | M15: =[26]Brewhouse!$W73-[26]Brewhouse!$V73 -> 0.15069444 | N15: =[26]Brewhouse!AB73 -> 0.29861111 | O15: =[26]Brewhouse!$AZ73 -> R. Regis | P15: 10mins extra boil | R15: =B15 -> VITAMALT | S15: =VLOOKUP($B15,$R$3:$X$9,2,FALSE) -> 14.2 | T15: =VLOOKUP($B15,$R$3:$X$9,3,FALSE) -> 14.6 | U15: =VLOOKUP($B15,$R$3:$X$9,4,FALSE) -> 0 | V15: =VLOOKUP($B15,$R$3:$X$9,5,FALSE) -> 0.13905093 | W15: =VLOOKUP($B15,$R$3:$X$9,6,FALSE) -> 0.26041667 | X15: =VLOOKUP($B15,$R$3:$X$9,7,FALSE) -> 0.29513889 | Y15: =VLOOKUP($B15,$R$3:$Z$9,8,FALSE) -> 0 | Z15: =VLOOKUP($B15,$R$3:$Z$9,9,FALSE) -> 75
B16: VITAMALT | C16: =[26]Brewhouse!A74 -> VM063 | D16: =[26]Brewhouse!AE74 -> 52.5 | E16: =[26]Brewhouse!AJ74 -> 48.6 | F16: =[26]Brewhouse!X74 -> 85 | G16: =[26]Brewhouse!AH74 -> 14.2 | H16: 14.2 | I16: =[26]Brewhouse!AV74 -> 97.848404 | J16: =[26]Brewhouse!AW74 -> 98.201354 | K16: =[26]Brewhouse!S74 -> 6.0190476 | L16: =[26]Brewhouse!R74 -> 63 | M16: =[26]Brewhouse!$W74-[26]Brewhouse!$V74 -> 0.14513889 | N16: =[26]Brewhouse!AB74 -> 0.29930556 | O16: =[26]Brewhouse!$AZ74 -> R. Regis | R16: =B16 -> VITAMALT | S16: =VLOOKUP($B16,$R$3:$X$9,2,FALSE) -> 14.2 | T16: =VLOOKUP($B16,$R$3:$X$9,3,FALSE) -> 14.6 | U16: =VLOOKUP($B16,$R$3:$X$9,4,FALSE) -> 0 | V16: =VLOOKUP($B16,$R$3:$X$9,5,FALSE) -> 0.13905093 | W16: =VLOOKUP($B16,$R$3:$X$9,6,FALSE) -> 0.26041667 | X16: =VLOOKUP($B16,$R$3:$X$9,7,FALSE) -> 0.29513889 | Y16: =VLOOKUP($B16,$R$3:$Z$9,8,FALSE) -> 0 | Z16: =VLOOKUP($B16,$R$3:$Z$9,9,FALSE) -> 75
B17: VITAMALT | C17: =[26]Brewhouse!A75 -> VM064 | D17: =[26]Brewhouse!AE75 -> 50.5 | E17: =[26]Brewhouse!AJ75 -> 48.4 | F17: =[26]Brewhouse!X75 -> 79 | G17: =[26]Brewhouse!AH75 -> 14.2 | H17: 14.3 | I17: =[26]Brewhouse!AV75 -> 97.445736 | J17: =[26]Brewhouse!AW75 -> 97.797233 | K17: =[26]Brewhouse!S75 -> 1.9009901 | L17: =[26]Brewhouse!R75 -> 58 | M17: =[26]Brewhouse!$W75-[26]Brewhouse!$V75 -> 0.12777778 | N17: =[26]Brewhouse!AB75 -> 0.29027778 | O17: =[26]Brewhouse!$AZ75 -> R.Sookram | P17: slow heat up | R17: =B17 -> VITAMALT | S17: =VLOOKUP($B17,$R$3:$X$9,2,FALSE) -> 14.2 | T17: =VLOOKUP($B17,$R$3:$X$9,3,FALSE) -> 14.6 | U17: =VLOOKUP($B17,$R$3:$X$9,4,FALSE) -> 0 | V17: =VLOOKUP($B17,$R$3:$X$9,5,FALSE) -> 0.13905093 | W17: =VLOOKUP($B17,$R$3:$X$9,6,FALSE) -> 0.26041667 | X17: =VLOOKUP($B17,$R$3:$X$9,7,FALSE) -> 0.29513889 | Y17: =VLOOKUP($B17,$R$3:$Z$9,8,FALSE) -> 0 | Z17: =VLOOKUP($B17,$R$3:$Z$9,9,FALSE) -> 75
B18: VITAMALT | C18: =[26]Brewhouse!A76 -> VM065 | D18: =[26]Brewhouse!AE76 -> 49.9 | E18: =[26]Brewhouse!AJ76 -> 48.6 | F18: =[26]Brewhouse!X76 -> 85 | G18: =[26]Brewhouse!AH76 -> 14.2 | H18: 14.2 | I18: =[26]Brewhouse!AV76 -> 97.848404 | J18: =[26]Brewhouse!AW76 -> 98.201354 | K18: =[26]Brewhouse!S76 -> 0.92184369 | L18: =[26]Brewhouse!R76 -> 60 | M18: =[26]Brewhouse!$W76-[26]Brewhouse!$V76 -> 0.1375 | N18: =[26]Brewhouse!AB76 -> 0.28194444 | O18: =[26]Brewhouse!$AZ76 -> R.Sookram | R18: =B18 -> VITAMALT | S18: =VLOOKUP($B18,$R$3:$X$9,2,FALSE) -> 14.2 | T18: =VLOOKUP($B18,$R$3:$X$9,3,FALSE) -> 14.6 | U18: =VLOOKUP($B18,$R$3:$X$9,4,FALSE) -> 0 | V18: =VLOOKUP($B18,$R$3:$X$9,5,FALSE) -> 0.13905093 | W18: =VLOOKUP($B18,$R$3:$X$9,6,FALSE) -> 0.26041667 | X18: =VLOOKUP($B18,$R$3:$X$9,7,FALSE) -> 0.29513889 | Y18: =VLOOKUP($B18,$R$3:$Z$9,8,FALSE) -> 0 | Z18: =VLOOKUP($B18,$R$3:$Z$9,9,FALSE) -> 75
R19: =B19 -> 0 | S19: =VLOOKUP($B19,$R$3:$X$9,2,FALSE) -> #N/A | T19: =VLOOKUP($B19,$R$3:$X$9,3,FALSE) -> #N/A | U19: =VLOOKUP($B19,$R$3:$X$9,4,FALSE) -> #N/A | V19: =VLOOKUP($B19,$R$3:$X$9,5,FALSE) -> #N/A | W19: =VLOOKUP($B19,$R$3:$X$9,6,FALSE) -> #N/A | X19: =VLOOKUP($B19,$R$3:$X$9,7,FALSE) -> #N/A | Y19: =VLOOKUP($B19,$R$3:$Z$9,8,FALSE) -> #N/A | Z19: =VLOOKUP($B19,$R$3:$Z$9,9,FALSE) -> #N/A
R20: =B20 -> 0 | S20: =VLOOKUP($B20,$R$3:$X$9,2,FALSE) -> #N/A | T20: =VLOOKUP($B20,$R$3:$X$9,3,FALSE) -> #N/A | U20: =VLOOKUP($B20,$R$3:$X$9,4,FALSE) -> #N/A | V20: =VLOOKUP($B20,$R$3:$X$9,5,FALSE) -> #N/A | W20: =VLOOKUP($B20,$R$3:$X$9,6,FALSE) -> #N/A | X20: =VLOOKUP($B20,$R$3:$X$9,7,FALSE) -> #N/A | Y20: =VLOOKUP($B20,$R$3:$Z$9,8,FALSE) -> #N/A | Z20: =VLOOKUP($B20,$R$3:$Z$9,9,FALSE) -> #N/A
R21: =B21 -> 0 | S21: =VLOOKUP($B21,$R$3:$X$9,2,FALSE) -> #N/A | T21: =VLOOKUP($B21,$R$3:$X$9,3,FALSE) -> #N/A | U21: =VLOOKUP($B21,$R$3:$X$9,4,FALSE) -> #N/A | V21: =VLOOKUP($B21,$R$3:$X$9,5,FALSE) -> #N/A | W21: =VLOOKUP($B21,$R$3:$X$9,6,FALSE) -> #N/A | X21: =VLOOKUP($B21,$R$3:$X$9,7,FALSE) -> #N/A | Y21: =VLOOKUP($B21,$R$3:$Z$9,8,FALSE) -> #N/A | Z21: =VLOOKUP($B21,$R$3:$Z$9,9,FALSE) -> #N/A
R22: =B22 -> 0 | S22: =VLOOKUP($B22,$R$3:$X$9,2,FALSE) -> #N/A | T22: =VLOOKUP($B22,$R$3:$X$9,3,FALSE) -> #N/A | U22: =VLOOKUP($B22,$R$3:$X$9,4,FALSE) -> #N/A | V22: =VLOOKUP($B22,$R$3:$X$9,5,FALSE) -> #N/A | W22: =VLOOKUP($B22,$R$3:$X$9,6,FALSE) -> #N/A | X22: =VLOOKUP($B22,$R$3:$X$9,7,FALSE) -> #N/A | Y22: =VLOOKUP($B22,$R$3:$Z$9,8,FALSE) -> #N/A | Z22: =VLOOKUP($B22,$R$3:$Z$9,9,FALSE) -> #N/A
R23: =B23 -> 0 | S23: =VLOOKUP($B23,$R$3:$X$9,2,FALSE) -> #N/A | T23: =VLOOKUP($B23,$R$3:$X$9,3,FALSE) -> #N/A | U23: =VLOOKUP($B23,$R$3:$X$9,4,FALSE) -> #N/A | V23: =VLOOKUP($B23,$R$3:$X$9,5,FALSE) -> #N/A | W23: =VLOOKUP($B23,$R$3:$X$9,6,FALSE) -> #N/A | X23: =VLOOKUP($B23,$R$3:$X$9,7,FALSE) -> #N/A | Y23: =VLOOKUP($B23,$R$3:$Z$9,8,FALSE) -> #N/A | Z23: =VLOOKUP($B23,$R$3:$Z$9,9,FALSE) -> #N/A
R24: =B24 -> 0 | S24: =VLOOKUP($B24,$R$3:$X$9,2,FALSE) -> #N/A | T24: =VLOOKUP($B24,$R$3:$X$9,3,FALSE) -> #N/A | U24: =VLOOKUP($B24,$R$3:$X$9,4,FALSE) -> #N/A | V24: =VLOOKUP($B24,$R$3:$X$9,5,FALSE) -> #N/A | W24: =VLOOKUP($B24,$R$3:$X$9,6,FALSE) -> #N/A | X24: =VLOOKUP($B24,$R$3:$X$9,7,FALSE) -> #N/A | Y24: =VLOOKUP($B24,$R$3:$Z$9,8,FALSE) -> #N/A | Z24: =VLOOKUP($B24,$R$3:$Z$9,9,FALSE) -> #N/A
R25: =B25 -> 0 | S25: =VLOOKUP($B25,$R$3:$X$9,2,FALSE) -> #N/A | T25: =VLOOKUP($B25,$R$3:$X$9,3,FALSE) -> #N/A | U25: =VLOOKUP($B25,$R$3:$X$9,4,FALSE) -> #N/A | V25: =VLOOKUP($B25,$R$3:$X$9,5,FALSE) -> #N/A | W25: =VLOOKUP($B25,$R$3:$X$9,6,FALSE) -> #N/A | X25: =VLOOKUP($B25,$R$3:$X$9,7,FALSE) -> #N/A | Y25: =VLOOKUP($B25,$R$3:$Z$9,8,FALSE) -> #N/A | Z25: =VLOOKUP($B25,$R$3:$Z$9,9,FALSE) -> #N/A
R26: =B26 -> 0 | S26: =VLOOKUP($B26,$R$3:$X$9,2,FALSE) -> #N/A | T26: =VLOOKUP($B26,$R$3:$X$9,3,FALSE) -> #N/A | U26: =VLOOKUP($B26,$R$3:$X$9,4,FALSE) -> #N/A | V26: =VLOOKUP($B26,$R$3:$X$9,5,FALSE) -> #N/A | W26: =VLOOKUP($B26,$R$3:$X$9,6,FALSE) -> #N/A | X26: =VLOOKUP($B26,$R$3:$X$9,7,FALSE) -> #N/A | Y26: =VLOOKUP($B26,$R$3:$Z$9,8,FALSE) -> #N/A | Z26: =VLOOKUP($B26,$R$3:$Z$9,9,FALSE) -> #N/A
R27: =B27 -> 0 | S27: =VLOOKUP($B27,$R$3:$X$9,2,FALSE) -> #N/A | T27: =VLOOKUP($B27,$R$3:$X$9,3,FALSE) -> #N/A | U27: =VLOOKUP($B27,$R$3:$X$9,4,FALSE) -> #N/A | V27: =VLOOKUP($B27,$R$3:$X$9,5,FALSE) -> #N/A | W27: =VLOOKUP($B27,$R$3:$X$9,6,FALSE) -> #N/A | X27: =VLOOKUP($B27,$R$3:$X$9,7,FALSE) -> #N/A | Y27: =VLOOKUP($B27,$R$3:$Z$9,8,FALSE) -> #N/A | Z27: =VLOOKUP($B27,$R$3:$Z$9,9,FALSE) -> #N/A
R28: =B28 -> 0 | S28: =VLOOKUP($B28,$R$3:$X$9,2,FALSE) -> #N/A | T28: =VLOOKUP($B28,$R$3:$X$9,3,FALSE) -> #N/A | U28: =VLOOKUP($B28,$R$3:$X$9,4,FALSE) -> #N/A | V28: =VLOOKUP($B28,$R$3:$X$9,5,FALSE) -> #N/A | W28: =VLOOKUP($B28,$R$3:$X$9,6,FALSE) -> #N/A | X28: =VLOOKUP($B28,$R$3:$X$9,7,FALSE) -> #N/A | Y28: =VLOOKUP($B28,$R$3:$Z$9,8,FALSE) -> #N/A | Z28: =VLOOKUP($B28,$R$3:$Z$9,9,FALSE) -> #N/A
B29: BRAND | D29: BBT P.G./ O.G | I29: Brand | J29: Actual | K29: MTD No. of Brews | L29: MTD | M29: YTD | N29: Target | R29: =B29 -> BRAND | S29: =VLOOKUP($B29,$R$3:$X$9,2,FALSE) -> #N/A | T29: =VLOOKUP($B29,$R$3:$X$9,3,FALSE) -> #N/A | U29: =VLOOKUP($B29,$R$3:$X$9,4,FALSE) -> #N/A | V29: =VLOOKUP($B29,$R$3:$X$9,5,FALSE) -> #N/A | W29: =VLOOKUP($B29,$R$3:$X$9,6,FALSE) -> #N/A | X29: =VLOOKUP($B29,$R$3:$X$9,7,FALSE) -> #N/A | Y29: =VLOOKUP($B29,$R$3:$Z$9,8,FALSE) -> #N/A | Z29: =VLOOKUP($B29,$R$3:$Z$9,9,FALSE) -> #N/A
I30: CARIB | K30: =COUNTA([24]Brewhouse!$A$655:$A$691) -> 37 | L30: =AVERAGE([24]Brewhouse!$AU$655:$AU$691) -> 97.142141 | M30: =AVERAGE([24]Brewhouse!$AU$102:$AU$171,[24]Brewhouse!$AU$173:$AU$253,[24]Brewhouse!$AU$255:$AU$339,[24]Brewhouse!$AU$341:$AU$346,[24]Brewhouse!$AU$348,[24]Brewhouse!$AU$349:$AU$406,[24]Brewhouse!$AU$408:$AU$491,[24]Brewhouse!$AU$493:$AU$578,[24]Brewhouse!$AU$580:$AU$652,[24]Brewhouse!$AU$655:$AU$691) -> 97.831694 | N30: 98
I31: STAG | K31: =COUNTA([22]Brewhouse!$A$324:$A$343) -> 20 | L31: =AVERAGE([22]Brewhouse!$AS$324:$AS$343) -> 98.007599 | M31: =AVERAGE([22]Brewhouse!$AS$15:$AS$64,[22]Brewhouse!$AS$66:$AS$103,[22]Brewhouse!$AS$105:$AS$140,[22]Brewhouse!$AS$142:$AS$193,[22]Brewhouse!$AS$195:$AS$240,[22]Brewhouse!$AS$242:$AS$273,[22]Brewhouse!$AS$275:$AS$322,[22]Brewhouse!$AS$324:$AS$343) -> 98.062512 | N31: 98
I32: GUINNESS | K32: =COUNTA([25]Brewhouse!$A$81:$A$84) -> 4 | L32: =AVERAGE([25]Brewhouse!$AU$81:$AU$84) -> 96.020376 | M32: =AVERAGE([25]Brewhouse!$AU$4:$AU$7,[25]Brewhouse!$AU$9:$AU$22,[25]Brewhouse!$AU$24:$AU$35,[25]Brewhouse!$AU$37:$AU$45,[25]Brewhouse!$AU$47:$AU$62,[25]Brewhouse!$AU$64:$AU$79,[25]Brewhouse!$AU$81:$AU$83) -> 96.977065 | N32: 98
I33: VITAMALT | J33: =AVERAGE(I10:I18) -> 97.414326 | K33: =COUNTA([26]Brewhouse!$A$64:$A$76) -> 13 | L33: =AVERAGE([26]Brewhouse!$AV$64:$AV$76) -> 97.583648 | M33: =AVERAGE([26]Brewhouse!$AV$5:$AV$14,[26]Brewhouse!$AV$16:$AV$19,[26]Brewhouse!$AV$21:$AV$24,[26]Brewhouse!$AV$26:$AV$33,[26]Brewhouse!$AV$35:$AV$46,[26]Brewhouse!$AV$48:$AV$53,[26]Brewhouse!$AV$55:$AV$62,[26]Brewhouse!$AV$64:$AV$76) -> 98.535418 | N33: 98
I34: MAXIMALT | N34: 98
I35: MACKESON | M35: =AVERAGE([27]Brewhouse!$AT$4:$AT$11,[27]Brewhouse!$AT$13:$AT$16,[27]Brewhouse!$AT$18:$AT$21,[27]Brewhouse!$AT$26) -> 94.588058 | N35: 98
I36: STARMALT | M36: =AVERAGE([23]Brewhouse!$AY$6:$AY$13,[23]Brewhouse!$AY$15:$AY$20,[23]Brewhouse!$AY$22:$AY$29,[23]Brewhouse!$AY$31:$AY$34,[23]Brewhouse!$AY$36:$AY$43,[23]Brewhouse!$AY$45:$AY$50, [23]Brewhouse!$AY$56:$AY$73) -> 97.363751 | N36: 98
I37: HR- Pils | M37: =AVERAGE([28]Brewhouse!$AU$5:$AU$8,[28]Brewhouse!$AU$10:$AU$13) -> 94.247667 | N37: 98
I38: HR- IPA | M38: =AVERAGE([29]Brewhouse!$AW$26:$AW$27) -> 95.310681 | N38: 98
I39: HR- APA | M39: =AVERAGE([30]Brewhouse!$AU$13:$AU$14) -> 97.110575 | N39: 98
K40: =SUM(K30:K39) -> 74 | L40: =((L30*K30)+(L31*K31)+(L32*K32)+(L33*K33)+(L34*K34)+(K37*L37)+(L35*K35)+(L36*K36)+(L39*K39))/(K40) -> 97.392975 | M40: =AVERAGE('[31]Jan 31st'!$L$65,'[32]Feb 28th'!$L$35,'[33]Mar. 31st'!$L$35,'[34]Apr. 30th'!$L$45,'[35]May 30th'!$L$37,'[36]June 30th'!$L$57,L40) -> 97.620698 | N40: 98
J42: Daily Brewing Plan
J43: Brand | K43: Brews Achieved | L43: Average Brews per day
J44: CARIB | L44: MTD | M44: YTD | N44: TARGET
J45: STAG | L45: =AVERAGE('Aug 4th '!K58,'Aug 5th '!K58,'Aug 6th '!K58,'Aug 7th '!K58,'Aug 8th '!K48,'Aug 13th'!K52,'Aug 14th'!K51,'Aug 15th-16th'!J57,'Aug 15th-16th'!K57,J54,K54) -> 7.4 | M45: =AVERAGE('[31]Jan 29th '!$M$70,'[32]Feb 28th'!$L$40,'[33]Mar. 31st'!$L$40,'[34]Apr. 30th'!$L$50,'[35]May 30th'!$L$42,'[36]June 30th'!$L$62,'[37]July 29th '!$L$49,L45) -> 6.9646146 | N45: 9.2
J46: GUINN
J47: VITAMALT | K47: 9
J48: STARMALT
J49: MACKESON
J50: HURRICANE REEF- IPA
J51: HURRICANE REEF- APA
B52: AVERAGE | D52: =AVERAGE(D30:E51) -> #DIV/0! | J52: HR- PILSNER
J53: CARIBE
J54: Total | K54: =SUM(K44:K53) -> 9
B55: Process: | C55: Fermentation/Filtration
B57: Brand | C57: Filt. Date | D57: FV Hls | E57: GFE/ Prim/ Vita Blend (Hls) | F57: SV Hls | G57: BBT Hls | H57: Loss (%) Ferm | I57: Loss (%) Filt | J57: Comments | K57: Throughput | L57: Process Loss (%) | M57: Filt. Operator
AB58: 43474 | AC58: 43475 | AD58: 43476 | AE58: 43477 | AF58: 43478 | AG58: 43479 | AH58: 43480 | AI58: 43481 | AJ58: 43482 | AK58: 43483 | AL58: 43484 | AM58: 43485 | AN58: 43486 | AO58: 43487 | AP58: 43488 | AQ58: 43489 | AR58: 43490 | AS58: 43491 | AT58: 43492 | AU58: 43493 | AV58: 43494 | AW58: 43495 | AX58: 43496
AB59: =[20]January_2019!L7 -> 285.8 | AC59: =[20]January_2019!M7 -> 508.1 | AD59: =[20]January_2019!N7 -> 0 | AE59: =[20]January_2019!O7 -> 0 | AF59: =[20]January_2019!P7 -> 109.56667 | AG59: =[20]January_2019!Q7 -> 297.65 | AH59: =[20]January_2019!R7 -> 122.3 | AI59: =[20]January_2019!S7 -> 0 | ... AX59: =[20]January_2019!AH7 -> 0
C63: 45873 | J63: NO SBF | L63: =(((D63+E63)-G63)/(D63+E63))*100 -> #DIV/0!
B66: Process Loss (Volume) | G66: Process Loss (Extract) | K66: Throughput
B67: Brand | C67: Actual | D67: MTD | E67: YTD | F67: Target | G67: Actual | H67: MTD | I67: YTD | J67: Target | K67: Actual | L67: MTD | M67: YTD | N67: Target
B68: CARIB | D68: 5.1004891 | E68: 6.2469304 | F68: 4.8 | H68: 6.8110718 | I68: 6.2314107 | J68: 4.8 | L68: 1.0804211 | M68: 0.76086278 | N68: 1
B69: STAG | D69: 5.9872945 | E69: 5.9448514 | F69: 4.8 | H69: 6.2297428 | I69: 5.5723747 | J69: 4.8 | L69: 0.45044834 | M69: 0.73721375 | N69: 1
B70: GUINN | D70: 8.0382775 | E70: 11.429744 | F70: 5.5 | H70: 10.370028 | I70: 13.047305 | J70: 5.5 | L70: 0.67438596 | M70: 0.55172216 | N70: 1
B71: VITAMALT | D71: 6.05 | E71: 5.1850281 | F71: 3.3 | H71: 5.9660755 | I71: 4.9519882 | J71: 3.3 | L71: 0.32964912 | M71: 0.72853314 | N71: 1
B72: APA | E72: 7.8373016 | F72: 3.3 | I72: 5.3377569 | J72: 3 | M72: 0.32596491 | N72: 1
B73: MACKESON | D73: 5.2552553 | E73: 6.9158698 | F73: =[21]May_2022!$M$43 -> 3.4878407 | H73: 6.7916331 | I73: 8.5598888 | J73: 5.5 | L73: 0.66421053 | M73: 0.60705263 | N73: 1
B74: STARMALT | D74: 4.1414141 | E74: 3.0301127 | F74: 3.3 | H74: 7.0415943 | I74: 4.4974189 | J74: 3.3 | L74: 0.33298246 | M74: 0.8037472 | N74: 1
B75: IPA | E75: 11.483254 | F75: 7.5 | I75: 9.7934336 | J75: 7.5 | M75: 0.3245614 | N75: 1
B76: HURRICANE REEF PILS | E76: 7.2653645 | F76: 4.8 | I76: 8.1715311 | J76: 4.8 | L76: 0 | M76: 0.51368421 | N76: 1
D77: 5.6150231 | E77: 6.3406423 | F77: 5.5 | H77: 7.1247836 | I77: 6.6197079 | J77: 5.5 | L77: 0.72955653 | M77: 0.72280145 | N77: 1

Sheet Aug 19th
S1: P.G. | U1: Hot Time | W1: Process Time | Y1: Cooling Time
B2: Brewing Department Daily Process Loss Report | S2: Lower | T2: Upper | U2: Lower | V2: Upper | W2: Lower | X2: Upper | Y2: Lower | Z2: Upper
R3: CARIB | S3: 11.6 | T3: 12 | U3: 0 | V3: 0.11805556 | W3: 0.22569444 | X3: 0.26388889 | Y3: 0 | Z3: 60 | AB3: HR- PISNER
B4: Date: | C4: 45889 | J4: LOT WORT COLOUR: 3.3 | M4: Filter Sheets (Target 20 days) | R4: STAG | S4: 11.6 | T4: 12 | U4: 0 | V4: 0.11805556 | W4: 0.22569444 | X4: 0.26388889 | Y4: 0 | Z4: 60
M5: Double | N5: Single | R5: GUINNESS | S5: 17 | T5: 17.5 | U5: 0 | V5: 0.10763889 | W5: 0.24652778 | X5: 0.28472222 | Y5: 0 | Z5: 60
J6: MALT LOT: Lot #42 | L6: Sheet Day | R6: MACKESON | S6: 13.3 | T6: 13.5 | U6: 0 | V6: 0.12905093 | W6: 0.27430556 | X6: 0.30208333 | Y6: 0
R7: STARMALT | S7: 17 | T7: 17.4 | U7: 0 | V7: 0.13605324 | W7: 0.27430556 | X7: 0.30902778 | Y7: 0 | Z7: 85
