Workbook

Sheet January 2025 (w Utilization)
C1: OEE Calculation | G1: CARIB BREWERY
A2: SKU | B2: Start Time dd/mm/yyyy h:mm | C2: End Time dd/mm/yyyy h:mm (when production actually ends) | D2: Available time /mins | E2: Changeover Standard time /mins | F2: Actual Changeover /mins | G2: Changeover Deviation /mins | H2: Total Breakdowns /mins | I2: Total Minor Stops /mins | J2: Availability (for OEE) | K2: Planned Downtime /mins | L2: External Downtime /mins | M2: Availability (for OEE Utilization) | N2: Nominal Speed | O2: Actual (Average) Speed | P2: Performance | Q2: Total Products Produced /Cases | R2: Low Fill /Cases | S2: Embargo /cases | T2: Embargo release date | U2: Embargo Residence time /days | V2: Quality | W2: OEE | X2: OEE Utilization
A3: Stag Local to Carib Amber | B3: 45659.315 | C3: 45660 | D3: =IF(B3="","",(C3-B3)*24*60) -> 987 | E3: 10 | F3: 7 | G3: =IF(E3="","",F3-E3) -> -3 | H3: =7+9+15+17+14+5+15+5+30+46+6+9+8+8+5+21+8 -> 228 | I3: =2+3+3+1+3+2+4+2+3+3+2+1+3+3+3+4 -> 42 | J3: =IF(B3="","",(D3-G3-H3-I3)/D3) -> 0.72948328 | K3: 0 | L3: =50+11+14+10+7+3+5 -> 100 | M3: =IF(B3="","",(D3-G3-H3-I3-K3-L3-E3)/D3) -> 0.61803445 | N3: 17000 | O3: =AVERAGE(11000,17000,18000,17000,9000,17000,17500,17500,17500,17500,17000,17000,17500,17500) -> 16285.714 | P3: =IF(B3="","",O3/N3) -> 0.95798319 | Q3: =2153+3344 -> 5497 | R3: =3+1+3 -> 7 | U3: =IF(S3="","",(T3-C3)) | V3: =IF(B3="","",IF(U3<3,(Q3-R3)/Q3,(Q3-R3-S3)/Q3)) -> 0.99872658 | W3: =IF(B3="","",V3*P3*J3) -> 0.69794282 | X3: =IF(B3="","",V3*P3*M3) -> 0.59131266
A4: Carib Flint | B4: 45660.007 | C4: 45660.129 | D4: =IF(B4="","",(C4-B4)*24*60) -> 176 | E4: 7 | F4: 10 | G4: =IF(E4="","",F4-E4) -> 3 | H4: =8+6+6 -> 20 | I4: =4+4+4+4+4 -> 20 | J4: =IF(B4="","",(D4-G4-H4-I4)/D4) -> 0.75568182 | K4: 0 | L4: =5+2 -> 7 | M4: =IF(B4="","",(D4-G4-H4-I4-K4-L4-E4)/D4) -> 0.67613636 | N4: 17000 | O4: =AVERAGE(9000,18000,17000) -> 14666.667 | P4: =IF(B4="","",O4/N4) -> 0.8627451 | Q4: 1292 | R4: 9 | U4: =IF(S4="","",(T4-C4)) | V4: =IF(B4="","",IF(U4<3,(Q4-R4)/Q4,(Q4-R4-S4)/Q4)) -> 0.99303406 | W4: =IF(B4="","",V4*P4*J4) -> 0.64741926 | X4: =IF(B4="","",V4*P4*M4) -> 0.57926987
A5: Carib Amber to Stag | B5: 45663.169 | C5: 45664 | D5: =IF(B5="","",(C5-B5)*24*60) -> 1197 | E5: 10 | F5: 54 | G5: =IF(E5="","",F5-E5) -> 44 | H5: =5+6+6+6+28+25+10+7+9+5+38+5+5+5+5+11+7 -> 183 | I5: =4+4+1+4+2+3+3+4+3+3+1+4+4+2+2+4+3+4+4+2+1+2+2+1+2+1+2+2+1+1+1+1+1 -> 79 | J5: =IF(B5="","",(D5-G5-H5-I5)/D5) -> 0.7443609 | K5: 0 | L5: =6+2+10+2+2+6 -> 28 | M5: =IF(B5="","",(D5-G5-H5-I5-K5-L5-E5)/D5) -> 0.71261487 | N5: 17000 | O5: =AVERAGE(15600,15600,15500,15500,15500,15500,15600,15600) -> 15550 | P5: =IF(B5="","",Q5/N5) -> 0.495 | Q5: =5928+2487 -> 8415 | R5: =9+25 -> 34 | U5: =IF(S5="","",(T5-C5)) | V5: =IF(B5="","",IF(U5<3,(Q5-R5)/Q5,(Q5-R5-S5)/Q5)) -> 0.9959596 | W5: =IF(B5="","",V5*P5*J5) -> 0.36696992 | X5: =IF(B5="","",V5*P5*M5) -> 0.35131913
A6: Stag to Carib Amber to Vitamal Classic | B6: 45664 | C6: 45665 | D6: =IF(B6="","",(C6-B6)*24*60) -> 1440 | E6: =10+100 -> 110 | F6: 188 | G6: =IF(E6="","",F6-E6) -> 78 | H6: =17+5+5+6+21+7+5+5+11+5+38+59+59+60+34+6 -> 343 | I6: =4+1+3+2+2+4+3+2+2+3+2+2+2+4+3+1+4+2+3+1+4+3+1+4+4+1+3 -> 70 | J6: =IF(B6="","",(D6-G6-H6-I6)/D6) -> 0.65902778 | K6: 0 | L6: =10+3+5+9+4+6+2 -> 39 | M6: =IF(B6="","",(D6-G6-H6-I6-K6-L6-E6)/D6) -> 0.55555556 | N6: 17000 | O6: =AVERAGE(16000,16000,16000,16000,16000,16000,16000,9000,17000,9000,17000,17000,17000,17000,17000,17000) -> 15562.5 | P6: =IF(B6="","",O6/N6) -> 0.91544118 | Q6: =3335+3057+360 -> 6752 | R6: =15+5+2 -> 22 | U6: =IF(S6="","",(T6-C6)) | V6: =IF(B6="","",IF(U6<3,(Q6-R6)/Q6,(Q6-R6-S6)/Q6)) -> 0.99674171 | W6: =IF(B6="","",V6*P6*J6) -> 0.60133543 | X6: =IF(B6="","",V6*P6*M6) -> 0.50692133
A7: VitaMalt Classic to Vitamalt Ginger to Guinness to Carib Amber | B7: 45665 | C7: 45666 | D7: =IF(B7="","",(C7-B7)*24*60) -> 1440 | E7: =100+60 -> 160 | F7: =5+68+79+18 -> 170 | G7: =IF(E7="","",F7-E7) -> 10 | H7: =52+56+5+8+6+18+5+15+7+38+18+9+6+13 -> 256 | I7: =1+3+2+2+2+1+1+3+2+3+1+1+1+3+2+4+2+1+2+1+2+1+2+2+1+1+1+1+4+3+4+2+3+2+4+4+3+1+4+2 -> 85 | J7: =IF(B7="","",(D7-G7-H7-I7)/D7) -> 0.75625 | K7: 0 | L7: =2+4+2+10+27+4+40 -> 89 | M7: =IF(B7="","",(D7-G7-H7-I7-K7-L7-E7)/D7) -> 0.58333333 | N7: 17000 | O7: =AVERAGE(17000,17000,17000,17000,9000,9000,16000,16000,17000,17000,17000,15000,16000,16000,16000,16000,16000,17000,17000) -> 15684.211 | P7: =IF(B7="","",O7/N7) -> 0.92260062 | Q7: =1606+686+4437+356 -> 7085 | R7: =9+32+3 -> 44 | U7: =IF(S7="","",(T7-C7)) | V7: =IF(B7="","",IF(U7<3,(Q7-R7)/Q7,(Q7-R7-S7)/Q7)) -> 0.9937897 | W7: =IF(B7="","",V7*P7*J7) -> 0.69338369 | X7: =IF(B7="","",V7*P7*M7) -> 0.53484141
A8: Carib Amber | B8: 45666 | C8: 45666.67 | D8: =IF(B8="","",(C8-B8)*24*60) -> 965 | E8: 0 | F8: 0 | G8: =IF(E8="","",F8-E8) -> 0 | H8: =25+5+7+5+11+16+11+5+10 -> 95 | I8: =3+2+4+2+2+3+2+2+2+3+1+2+4+2+4+1+3+3+2+2+4+1+3+4+2+2+4+3+2+3 -> 77 | J8: =IF(B8="","",(D8-G8-H8-I8)/D8) -> 0.82176166 | K8: 0 | L8: =4+2+20+11+3+5+4+5 -> 54 | M8: =IF(B8="","",(D8-G8-H8-I8-K8-L8-E8)/D8) -> 0.76580311 | N8: 17000 | O8: =AVERAGE(17000,17000,17000,16400,16500,16500,16500,16500,17000,17000,17000,17000,17000,17000,17000,17000,17000,) -> 15911.111 | P8: =IF(B8="","",O8/N8) -> 0.93594771 | Q8: 6459 | R8: 35 | U8: =IF(S8="","",(T8-C8)) | V8: =IF(B8="","",IF(U8<3,(Q8-R8)/Q8,(Q8-R8-S8)/Q8)) -> 0.9945812 | W8: =IF(B8="","",V8*P8*J8) -> 0.76495821 | X8: =IF(B8="","",V8*P8*M8) -> 0.71286774
A9: Carib Amber to Stag | B9: 45673.65 | C9: 45673.933 | D9: =IF(B9="","",(C9-B9)*24*60) -> 407 | E9: 10 | F9: 32 | G9: =IF(E9="","",F9-E9) -> 22 | H9: =36+7+7+6 -> 56 | I9: =4+4+1+2+3+3+3+1+4 -> 25 | J9: =IF(B9="","",(D9-G9-H9-I9)/D9) -> 0.74692875 | K9: 0 | L9: =3+3+3 -> 9 | M9: =IF(B9="","",(D9-G9-H9-I9-K9-L9-E9)/D9) -> 0.7002457 | N9: 17000 | O9: =AVERAGE(9000,17500,17000,17000,17000,17500,18000) -> 16142.857 | P9: =IF(B9="","",O9/N9) -> 0.94957983 | Q9: =2589+509 -> 3098 | R9: =5+1 -> 6 | U9: =IF(S9="","",(T9-C9)) | V9: =IF(B9="","",IF(U9<3,(Q9-R9)/Q9,(Q9-R9-S9)/Q9)) -> 0.99806327 | W9: =IF(B9="","",V9*P9*J9) -> 0.70789481 | X9: =IF(B9="","",V9*P9*M9) -> 0.66365138
A10: Stag to Carib Amber | B10: 45674.344 | C10: 45674.831 | D10: =IF(B10="","",(C10-B10)*24*60) -> 701 | E10: 10 | F10: 15 | G10: =IF(E10="","",F10-E10) -> 5 | H10: =6+5+10+13+6+7+6+5+18 -> 76 | I10: =4+2+1+1+2+1+2+1+2+2+2+2+3+2+3+2+3+2+1 -> 38 | J10: =IF(B10="","",(D10-G10-H10-I10)/D10) -> 0.83024251 | K10: 0 | L10: =5+4+15+35 -> 59 | M10: =IF(B10="","",(D10-G10-H10-I10-K10-L10-E10)/D10) -> 0.7318117 | N10: 17000 | O10: =AVERAGE(11000,17600,17500,17500,17000,17000,17000,17000,17000,17000,9000,17000) -> 15966.667 | P10: =IF(B10="","",O10/N10) -> 0.93921569 | Q10: =846+3943 -> 4789 | R10: 6 | U10: =IF(S10="","",(T10-C10)) | V10: =IF(B10="","",IF(U10<3,(Q10-R10)/Q10,(Q10-R10-S10)/Q10)) -> 0.99874713 | W10: =IF(B10="","",V10*P10*J10) -> 0.77879983 | X10: =IF(B10="","",V10*P10*M10) -> 0.68646789
A11: Carib to Stag | B11: 45677.403 | C11: 45677.926 | D11: =IF(B11="","",(C11-B11)*24*60) -> 753 | E11: 10 | F11: 14 | G11: =IF(E11="","",F11-E11) -> 4 | H11: =15+16+14+10+6+6+5+9+5+6+5+15+11+16 -> 139 | I11: =2+2+4+4+3+2+3+2+2+2+3+4+2+2+2+3+2+4+2+1+4+4+4+2 -> 65 | J11: =IF(B11="","",(D11-G11-H11-I11)/D11) -> 0.72377158 | K11: 0 | L11: =5+2+2+3+9 -> 21 | M11: =IF(B11="","",(D11-G11-H11-I11-K11-L11-E11)/D11) -> 0.68260292 | N11: 17000 | O11: =AVERAGE(9000,17000,17000,17000,11000,17200,17100,17100,17100,17100,17100,17100,) -> 14676.923 | P11: =IF(B11="","",O11/N11) -> 0.86334842 | Q11: =1575+3354 -> 4929 | R11: 7 | U11: =IF(S11="","",(T11-C11)) | V11: =IF(B11="","",IF(U11<3,(Q11-R11)/Q11,(Q11-R11-S11)/Q11)) -> 0.99857983 | W11: =IF(B11="","",V11*P11*J11) -> 0.62397963 | X11: =IF(B11="","",V11*P11*M11) -> 0.58848721
A12: Stag Local to Mackason | B12: 45678.333 | C12: 45678.902 | D12: =IF(B12="","",(C12-B12)*24*60) -> 819 | E12: 60 | F12: 12 | G12: =IF(E12="","",F12-E12) -> -48 | H12: =15+23+5+7+6+12+15+7+9+5+8+8 -> 120 | I12: =4+3+4+1+3+3+1+2+2+3+2+2+3+2+2 -> 37 | J12: =IF(B12="","",(D12-G12-H12-I12)/D12) -> 0.86691087 | K12: 0 | L12: =29+50 -> 79 | M12: =IF(B12="","",(D12-G12-H12-I12-K12-L12-E12)/D12) -> 0.6971917 | N12: 17000 | O12: =AVERAGE(9000,17000,17000,17000,9000,17000,17000,17000,17000,17000,17000,17000) -> 15666.667 | P12: =IF(B12="","",O12/N12) -> 0.92156863 | Q12: =1585+3600 -> 5185 | R12: =3+3+6 -> 12 | U12: =IF(S12="","",(T12-C12)) | V12: =IF(B12="","",IF(U12<3,(Q12-R12)/Q12,(Q12-R12-S12)/Q12)) -> 0.99768563 | W12: =IF(B12="","",V12*P12*J12) -> 0.79706887 | X12: =IF(B12="","",V12*P12*M12) -> 0.64102299
A13: Starmalt | B13: 45679.344 | C13: 45679.888 | D13: =IF(B13="","",(C13-B13)*24*60) -> 784 | E13: 0 | F13: 0 | G13: =IF(E13="","",F13-E13) -> 0 | H13: =24+6+6+15+34+5+5+6+6 -> 107 | I13: =2+4+1+4+3+1+4+2+2+2+1+2+3+2+1+3+3+4+1+2+1+1+1+1+1 -> 52 | J13: =IF(B13="","",(D13-G13-H13-I13)/D13) -> 0.79719388 | K13: 0 | L13: 0 | M13: =IF(B13="","",(D13-G13-H13-I13-K13-L13-E13)/D13) -> 0.79719388 | N13: 17000 | O13: =AVERAGE(9000,17000,17000,17000,17000,17000,17200,17500,17300,17000,18000,18000,) -> 15307.692 | P13: =IF(B13="","",O13/N13) -> 0.90045249 | Q13: 5884 | R13: 10 | U13: =IF(S13="","",(T13-C13)) | V13: =IF(B13="","",IF(U13<3,(Q13-R13)/Q13,(Q13-R13-S13)/Q13)) -> 0.99830048 | W13: =IF(B13="","",V13*P13*J13) -> 0.71661523 | X13: =IF(B13="","",V13*P13*M13) -> 0.71661523
A14: Carib to Mackeson | B14: 45680.34 | C14: 45680.912 | D14: =IF(B14="","",(C14-B14)*24*60) -> 824 | E14: 20 | F14: 48 | G14: =IF(E14="","",F14-E14) -> 28 | H14: =30+47+10+6+6+6+5+5+12+42 -> 169 | I14: =3+2+2+4+3+3+4+4+2+1+1+3+1+2+2+3 -> 40 | J14: =IF(B14="","",(D14-G14-H15-I14)/D14) -> 0.77548544 | K14: 0 | L14: =6+5 -> 11 | M14: =IF(B14="","",(D14-G14-H14-I14-K14-L14-E14)/D14) -> 0.67475728 | N14: 17000 | O14: =AVERAGE(9000,17000,17000,17000,17000,17000,17000,17000,17000,18000,9000,18000) -> 15833.333 | P14: =IF(B14="","",O14/N14) -> 0.93137255 | Q14: =4090+419 -> 4509 | S14: 130 | T14: 45688.5 | U14: =IF(S14="","",(T14-C14)) -> 7.5875 | V14: =IF(B14="","",IF(U14<3,(Q14-R14)/Q14,(Q14-R14-S14)/Q14)) -> 0.97116877 | W14: =IF(B14="","",V14*P14*J14) -> 0.70144204 | X14: =IF(B14="","",V14*P14*M14) -> 0.61033141
A15: Carib Amber to Ginseng Original | B15: 45681.351 | C15: 45681.844 | D15: =IF(B15="","",(C15-B15)*24*60) -> 711 | E15: 60 | F15: 53 | G15: =IF(E15="","",F15-E15) -> -7 | H15: =25+7+15+6+7+8+5+44 -> 117 | I15: =4+3+4+2+3+4+3+2+1+3+4+2+4+2+2+1 -> 44 | J15: =IF(B15="","",(D15-G15-H16-I15)/D15) -> 0.66807314 | K15: 0 | L15: 0 | M15: =IF(B15="","",(D15-G15-H15-I15-K15-L15-E15)/D15) -> 0.69901547 | N15: 17000 | O15: =AVERAGE(9000,18000,17500,9000,17000,17000,17000,17000,17000,17000) -> 15550 | P15: =IF(B15="","",O15/N15) -> 0.91470588 | Q15: =1602+3350 -> 4952 | R15: =7+4 -> 11 | U15: =IF(S15="","",(T15-C15)) | V15: =IF(B15="","",IF(U15<3,(Q15-R15)/Q15,(Q15-R15-S15)/Q15)) -> 0.99777868 | W15: =IF(B15="","",V15*P15*J15) -> 0.609733 | X15: =IF(B15="","",V15*P15*M15) -> 0.63797326
A16: Stag Local to Carib Amber | B16: 45684.469 | C16: 45684.903 | D16: =IF(B16="","",(C16-B16)*24*60) -> 626 | E16: 10 | F16: 18 | G16: =IF(E16="","",F16-E16) -> 8 | H16: =5+9+21+6+7+5+54+10+5+9+9+5+18+36 -> 199 | I16: =3+3+2+4+2+3+4+3+4+1 -> 29 | J16: =IF(B16="","",(D16-G16-H16-I16)/D16) -> 0.62300319 | K16: 0 | L16: 0 | M16: =IF(B16="","",(D16-G16-H16-I16-K16-L16-E16)/D16) -> 0.60702875 | N16: 17000 | O16: =AVERAGE(9000,17500,17500,17500,17000,17000,11000,17000) -> 15437.5 | P16: =IF(B16="","",O16/N16) -> 0.90808824 | Q16: =963+2594 -> 3557 | R16: =5+3+2 -> 10 | U16: =IF(S16="","",(T16-C16)) | V16: =IF(B16="","",IF(U16<3,(Q16-R16)/Q16,(Q16-R16-S16)/Q16)) -> 0.99718864 | W16: =IF(B16="","",V16*P16*J16) -> 0.56415137 | X16: =IF(B16="","",V16*P16*M16) -> 0.54968595
A17: Carib Amber to Shandy lime | B17: 45685.34 | C17: 45685.891 | D17: =IF(B17="","",(C17-B17)*24*60) -> 793 | E17: 20 | F17: 96 | G17: =IF(E17="","",F17-E17) -> 76 | H17: =5+5+9+5+5+60+60+34+5+5+11+8+10 -> 222 | I17: =4+3+3+2+3+4+2+4+2+3+4+3+4+2+1+3 -> 47 | J17: =IF(B17="","",(D17-G17-H17-I17)/D17) -> 0.56494325 | K17: 0 | L17: 26 | M17: =IF(B17="","",(D17-G17-H17-I17-K17-L17-E17)/D17) -> 0.50693569 | N17: 17000 | O17: =AVERAGE(9000,17000,17000,17000,17000,17000,9000,18000,18000,18000) -> 15700 | P17: =IF(B17="","",O17/N17) -> 0.92352941 | Q17: =1895+1548 -> 3443 | R17: =5+3 -> 8 | S17: 13 | U17: =IF(S17="","",(T17-C17)) -> -45685.891 | V17: =IF(B17="","",IF(U17<3,(Q17-R17)/Q17,(Q17-R17-S17)/Q17)) -> 0.99767644 | W17: =IF(B17="","",V17*P17*J17) -> 0.52052941 | X17: =IF(B17="","",V17*P17*M17) -> 0.4670822
A18: Shandy Lime to Cider Pearcecco | B18: 45686.344 | C18: 45686.896 | D18: =IF(B18="","",(C18-B18)*24*60) -> 795 | E18: 60 | F18: 35 | G18: =IF(E18="","",F18-E18) -> -25 | H18: =50+32+14+5+60+8+24+36+6+7+11+5+6+5 -> 269 | I18: =3+4+3+4+4+3+1+4+3+2+3 -> 34 | J18: =IF(B18="","",(D18-G18-H18-I18)/D18) -> 0.65031447 | K18: 0 | L18: =20+24+43+27 -> 114 | M18: =IF(B18="","",(D18-G18-H18-I18-K18-L18-E18)/D18) -> 0.43144654 | N18: 17000 | O18: =AVERAGE(9000,17000,17000,15000,15000,15000,9000,17500) -> 14312.5 | P18: =IF(B18="","",O18/N18) -> 0.84191176 | Q18: =626+2006 -> 2632 | R18: =6+4+15 -> 25 | S18: =19+1 -> 20 | T18: 45740.37 | U18: =IF(S18="","",(T18-C18)) -> 53.474306 | V18: =IF(B18="","",IF(U18<3,(Q18-R18)/Q18,(Q18-R18-S18)/Q18)) -> 0.98290274 | W18: =IF(B18="","",V18*P18*J18) -> 0.53814652 | X18: =IF(B18="","",V18*P18*M18) -> 0.35702951
A19: Cider Pearcecco to Carib | B19: 45687.337 | C19: 45687.747 | D19: =IF(B19="","",(C19-B19)*24*60) -> 591 | E19: 60 | F19: 62 | G19: =IF(E19="","",F19-E19) -> 2 | H19: =11+8+7+6+19+6+5+6+6+5 -> 79 | I19: =2+2+2+3+3+4+3+2+3+1+4+4 -> 33 | J19: =IF(B19="","",(D19-G19-H19-I19)/D19) -> 0.8071066 | K19: 0 | L19: =13+20+4 -> 37 | M19: =IF(B19="","",(D19-G19-H19-I19-K19-L19-E19)/D19) -> 0.642978 | N19: 17000 | O19: =AVERAGE(17500,17500,17500,17500,17000,17000,17000,17000,17000,17000,17000) -> 17181.818 | P19: =IF(B19="","",O19/N19) -> 1.0106952 | Q19: =3609+1979 -> 5588 | R19: =10+12 -> 22 | S19: =14.13+5 -> 19.13 | T19: 45750.285 | U19: =IF(S19="","",(T19-C19)) -> 62.5375 | V19: =IF(B19="","",IF(U19<3,(Q19-R19)/Q19,(Q19-R19-S19)/Q19)) -> 0.99263958 | W19: =IF(B19="","",V19*P19*J19) -> 0.80973458 | X19: =IF(B19="","",V19*P19*M19) -> 0.64507157
A20: Carib to Vitamalt Classic | B20: 45688.294 | C20: 45688.801 | D20: =IF(B20="","",(C20-B20)*24*60) -> 730 | E20: 100 | F20: 117 | G20: =IF(E20="","",F20-E20) -> 17 | H20: =14+6+6+15+29 -> 70 | I20: =2+2+2+1+4+3+3+3+3+3 -> 26 | J20: =IF(B20="","",(D20-G20-H20-I20)/D20) -> 0.84520548 | K20: 0 | L20: =5+10 -> 15 | M20: =IF(B20="","",(D20-G20-H20-I20-K20-L20-E20)/D20) -> 0.68767123 | N20: 17000 | O20: =AVERAGE(17200,17500,16800,16800,16800,17000,18000) -> 17157.143 | P20: =IF(B20="","",O20/N20) -> 1.0092437 | Q20: =1235+3269 -> 4504 | R20: =4 -> 4 | U20: =IF(S20="","",(T20-C20)) | V20: =IF(B20="","",IF(U20<3,(Q20-R20)/Q20,(Q20-R20-S20)/Q20)) -> 0.9991119 | W20: =IF(B20="","",V20*P20*J20) -> 0.85226074 | X20: =IF(B20="","",V20*P20*M20) -> 0.69341149
D22: =IF(B22="","",(C22-B22)*24*60) | G22: =IF(E22="","",F22-E22) | J22: =IF(B22="","",(D22-G22-H22-I22)/D22) | M22: =IF(B22="","",(D22-G22-H22-I22-K22-L22-E22)/D22) | P22: =IF(B22="","",O22/N22) | U22: =IF(S22="","",(T22-C22)) | V22: =IF(B22="","",IF(U22<3,(Q22-R22)/Q22,(Q22-R22-S22)/Q22)) | W22: =IF(B22="","",V22*P22*J22) | X22: =IF(B22="","",V22*P22*M22)
D23: =IF(B23="","",(C23-B23)*24*60) | G23: =IF(E23="","",F23-E23) | J23: =IF(B23="","",(D23-G23-H23-I23)/D23) | M23: =IF(B23="","",(D23-G23-H23-I23-K23-L23-E23)/D23) | P23: =IF(B23="","",O23/N23) | U23: =IF(S23="","",(T23-C23)) | V23: =IF(B23="","",IF(U23<3,(Q23-R23)/Q23,(Q23-R23-S23)/Q23)) | W23: =IF(B23="","",V23*P23*J23) | X23: =IF(B23="","",V23*P23*M23)
D24: =IF(B24="","",(C24-B24)*24*60) | G24: =IF(E24="","",F24-E24) | J24: =IF(B24="","",(D24-G24-H24-I24)/D24) | M24: =IF(B24="","",(D24-G24-H24-I24-K24-L24-E24)/D24) | P24: =IF(B24="","",O24/N24) | U24: =IF(S24="","",(T24-C24)) | V24: =IF(B24="","",IF(U24<3,(Q24-R24)/Q24,(Q24-R24-S24)/Q24)) | W24: =IF(B24="","",V24*P24*J24) | X24: =IF(B24="","",V24*P24*M24)
D25: =IF(B25="","",(C25-B25)*24*60) | G25: =IF(E25="","",F25-E25) | J25: =IF(B25="","",(D25-G25-H25-I25)/D25) | M25: =IF(B25="","",(D25-G25-H25-I25-K25-L25-E25)/D25) | P25: =IF(B25="","",O25/N25) | U25: =IF(S25="","",(T25-C25)) | V25: =IF(B25="","",IF(U25<3,(Q25-R25)/Q25,(Q25-R25-S25)/Q25)) | W25: =IF(B25="","",V25*P25*J25) | X25: =IF(B25="","",V25*P25*M25)
D26: =IF(B26="","",(C26-B26)*24*60) | G26: =IF(E26="","",F26-E26) | J26: =IF(B26="","",(D26-G26-H26-I26)/D26) | M26: =IF(B26="","",(D26-G26-H26-I26-K26-L26-E26)/D26) | P26: =IF(B26="","",O26/N26) | U26: =IF(S26="","",(T26-C26)) | V26: =IF(B26="","",IF(U26<3,(Q26-R26)/Q26,(Q26-R26-S26)/Q26)) | W26: =IF(B26="","",V26*P26*J26) | X26: =IF(B26="","",V26*P26*M26)
D27: =IF(B27="","",(C27-B27)*24*60) | G27: =IF(E27="","",F27-E27) | J27: =IF(B27="","",(D27-G27-H27-I27)/D27) | M27: =IF(B27="","",(D27-G27-H27-I27-K27-L27-E27)/D27) | P27: =IF(B27="","",O27/N27) | U27: =IF(S27="","",(T27-C27)) | V27: =IF(B27="","",IF(U27<3,(Q27-R27)/Q27,(Q27-R27-S27)/Q27)) | W27: =IF(B27="","",V27*P27*J27) | X27: =IF(B27="","",V27*P27*M27)
D28: =IF(B28="","",(C28-B28)*24*60) | G28: =IF(E28="","",F28-E28) | J28: =IF(B28="","",(D28-G28-H28-I28)/D28) | M28: =IF(B28="","",(D28-G28-H28-I28-K28-L28-E28)/D28) | P28: =IF(B28="","",O28/N28) | U28: =IF(S28="","",(T28-C28)) | V28: =IF(B28="","",IF(U28<3,(Q28-R28)/Q28,(Q28-R28-S28)/Q28)) | W28: =IF(B28="","",V28*P28*J28) | X28: =IF(B28="","",V28*P28*M28)
D29: =IF(B29="","",(C29-B29)*24*60) | G29: =IF(E29="","",F29-E29) | J29: =IF(B29="","",(D29-G29-H29-I29)/D29) | M29: =IF(B29="","",(D29-G29-H29-I29-K29-L29-E29)/D29) | P29: =IF(B29="","",O29/N29) | U29: =IF(S29="","",(T29-C29)) | V29: =IF(B29="","",IF(U29<3,(Q29-R29)/Q29,(Q29-R29-S29)/Q29)) | W29: =IF(B29="","",V29*P29*J29) | X29: =IF(B29="","",V29*P29*M29)
D30: =IF(B30="","",(C30-B30)*24*60) | G30: =IF(E30="","",F30-E30) | J30: =IF(B30="","",(D30-G30-H30-I30)/D30) | M30: =IF(B30="","",(D30-G30-H30-I30-K30-L30-E30)/D30) | P30: =IF(B30="","",O30/N30) | U30: =IF(S30="","",(T30-C30)) | V30: =IF(B30="","",IF(U30<3,(Q30-R30)/Q30,(Q30-R30-S30)/Q30)) | W30: =IF(B30="","",V30*P30*J30) | X30: =IF(B30="","",V30*P30*M30)
D31: =IF(B31="","",(C31-B31)*24*60) | G31: =IF(E31="","",F31-E31) | J31: =IF(B31="","",(D31-G31-H31-I31)/D31) | M31: =IF(B31="","",(D31-G31-H31-I31-K31-L31-E31)/D31) | P31: =IF(B31="","",O31/N31) | U31: =IF(S31="","",(T31-C31)) | V31: =IF(B31="","",IF(U31<3,(Q31-R31)/Q31,(Q31-R31-S31)/Q31)) | W31: =IF(B31="","",V31*P31*J31) | X31: =IF(B31="","",V31*P31*M31)
D32: =IF(B32="","",(C32-B32)*24*60) | G32: =IF(E32="","",F32-E32) | J32: =IF(B32="","",(D32-G32-H32-I32)/D32) | M32: =IF(B32="","",(D32-G32-H32-I32-K32-L32-E32)/D32) | P32: =IF(B32="","",O32/N32) | U32: =IF(S32="","",(T32-C32)) | V32: =IF(B32="","",IF(U32<3,(Q32-R32)/Q32,(Q32-R32-S32)/Q32)) | W32: =IF(B32="","",V32*P32*J32) | X32: =IF(B32="","",V32*P32*M32)
D33: =IF(B33="","",(C33-B33)*24*60) | G33: =IF(E33="","",F33-E33) | J33: =IF(B33="","",(D33-G33-H33-I33)/D33) | M33: =IF(B33="","",(D33-G33-H33-I33-K33-L33-E33)/D33) | P33: =IF(B33="","",O33/N33) | U33: =IF(S33="","",(T33-C33)) | V33: =IF(B33="","",IF(U33<3,(Q33-R33)/Q33,(Q33-R33-S33)/Q33)) | W33: =IF(B33="","",V33*P33*J33) | X33: =IF(B33="","",V33*P33*M33)
... D37: =IF(B37="","",(C37-B37)*24*60) | G37: =IF(E37="","",F37-E37) | J37: =IF(B37="","",(D37-G37-H37-I37)/D37) | M37: =IF(B37="","",(D37-G37-H37-I37-K37-L37-E37)/D37) | P37: =IF(B37="","",O37/N37) | U37: =IF(S37="","",(T37-C37)) | V37: =IF(B37="","",IF(U37<3,(Q37-R37)/Q37,(Q37-R37-S37)/Q37)) | W37: =IF(B37="","",V37*P37*J37) | X37: =IF(B37="","",V37*P37*M37)
B38: Total | D38: =SUM(D3:D37) -> 14739 | E38: =SUM(E3:E37) -> 717 | F38: =SUM(F3:F37) -> 931 | G38: =SUM(G3:G37) -> 214 | H38: =SUM(H2:H37) -> 2748 | I38: =SUM(I3:I37) -> 843 | J38: =(D38-G38-H38-I38)/D38 -> 0.74184137 | K38: =SUM(K3:K37) -> 0 | L38: =SUM(L3:L37) -> 688 | M38: =(D38-G38-H38-I38-E38-K38-L38)/D38 -> 0.64651605 | N38: =AVERAGE(N3:N37) -> 17000 | O38: =AVERAGE(O3:O37) -> 15699.628 | P38: =O38/N38 -> 0.92350753 | Q38: =SUM(Q3:Q35) -> 88570 | V38: =AVERAGE(V3:V37) -> 0.99459311 | W38: =V38*P38*J38 -> 0.68139185 | X38: =V38*P38*M38 -> 0.59383418
O39: ytd | P39: =W38 -> 0.68139185
D46: Real | E46: Opportunity
C47: OEE | D47: =W38 -> 0.68139185 | E47: =100%-D47 -> 0.31860815
C48: OEE Utilization | D48: =X38 -> 0.59383418 | E48: =100%-D48 -> 0.40616582
C49: Availability (for OEE) | D49: =J38 -> 0.74184137 | E49: =100%-D49 -> 0.25815863
C50: Availability (for OEE Utilization) | D50: =M38 -> 0.64651605 | E50: =100%-D50 -> 0.35348395
C51: Performance | D51: =P38 -> 0.92350753 | E51: =100%-D51 -> 0.076492474
C52: =V2 -> Quality | D52: =V38 -> 0.99459311 | E52: =100%-D52 -> 0.0054068928

Sheet February 2025 (w Utilization) 
C1: OEE Calculation | G1: CARIB BREWERY
A2: SKU | B2: Start Time dd/mm/yyyy h:mm | C2: End Time dd/mm/yyyy h:mm (when production actually ends) | D2: Available time /mins | E2: Changeover Standard time /mins | F2: Actual Changeover /mins | G2: Changeover Deviation /mins | H2: Total Breakdowns /mins | I2: Total Minor Stops /mins | J2: Availability (for OEE) | K2: Planned Downtime /mins | L2: External Downtime /mins | M2: Availability (for OEE Utilization) | N2: Nominal Speed | O2: Actual (Average) Speed | P2: Performance | Q2: Total Products Produced /Cases | R2: Low Fill /Cases | S2: Embargo /cases | T2: Embargo release date | U2: Embargo Residence time /days | V2: Quality | W2: OEE | X2: OEE Utilization
A3: Vitamalt Classic to Vitamalt Ginger to Stag Local | B3: 45691.071 | C3: 45692 | D3: =IF(B3="","",(C3-B3)*24*60) -> 1338 | E3: =10+100 -> 110 | F3: =10+133 -> 143 | G3: =IF(E3="","",F3-E3) -> 33 | H3: =23+11+29+5+25+15+5+10+5+9+9+7+9+7+5+8+11+5 -> 198 | I3: =2+2+2+3+2+3+2+2+1+3+2+3+2+3+3+3+2+2+2+4+2+2+1+4+2+3+2+2+3 -> 69 | J3: =IF(B3="","",(D3-G3-H3-I3)/D3) -> 0.77578475 | K3: 0 | L3: =7+5+4+3+7+13+4 -> 43 | M3: =IF(B3="","",(D3-G3-H3-I3-K3-L3-E3)/D3) -> 0.66143498 | N3: 17000 | O3: =AVERAGE(17300,17500,17000,17000,17500,17000,17000,17000,17000,17000,17000,17000,17000,17000) -> 17092.857 | P3: =IF(B3="","",O3/N3) -> 1.0054622 | Q3: 7710 | R3: =6+8 -> 14 | S3: 8 | T3: 45691 | U3: =IF(S3="","",(T3-C3)) -> -1 | V3: =IF(B3="","",IF(U3<3,(Q3-R3)/Q3,(Q3-R3-S3)/Q3)) -> 0.99818418 | W3: =IF(B3="","",V3*P3*J3) -> 0.77860585 | X3: =IF(B3="","",V3*P3*M3) -> 0.66384025
A4: Stag Local to Carib Amber | B4: 45692.093 | C4: 45693 | D4: =IF(B4="","",(C4-B4)*24*60) -> 1306 | E4: 10 | F4: 13 | G4: =IF(E4="","",F4-E4) -> 3 | H4: =6+10+7+19+88+5+6+6+22+40+7+9+11+8+6 -> 250 | I4: =3+2+4+2+2+4+2+2+3+1+2+4+2+1+2+2+2+2+1 -> 43 | J4: =IF(B4="","",(D4-G4-H4-I4)/D4) -> 0.77335375 | K4: 215 | L4: =4+2+8+12+7 -> 33 | M4: =IF(B4="","",(D4-G4-H4-I4-K4-L4-E4)/D4) -> 0.57580398 | N4: 17000 | O4: =AVERAGE(17500,17500,17500,17500,17500,17000,17000,17000,17000,17000,17000,17000,17000,17000,17000,17000) -> 17156.25 | P4: =IF(B4="","",O4/N4) -> 1.0091912 | Q4: 8123 | R4: 1 | U4: =IF(S4="","",(T4-C4)) | V4: =IF(B4="","",IF(U4<3,(Q4-R4)/Q4,(Q4-R4-S4)/Q4)) -> 0.99987689 | W4: =IF(B4="","",V4*P4*J4) -> 0.7803657 | X4: =IF(B4="","",V4*P4*M4) -> 0.58102476
A5: Carib Amber to Guinness | B5: 45693 | C5: 45694 | D5: =IF(B5="","",(C5-B5)*24*60) -> 1440 | E5: 25 | F5: 13 | G5: =IF(E5="","",F5-E5) -> -12 | H5: =6+5+5+6+5+5+5+5+5+7+9+19+11 -> 93 | I5: =3+1+1+1+2+2+2+3+3+2+2+2+2+3+4+3+4+2+1+3+4+1+2+3+2+2+3+3+3+3+1 -> 73 | J5: =IF(B5="","",(D5-G5-H5-I5)/D5) -> 0.89305556 | K5: 0 | L5: =22+10+4+28+18+45+20+4+5+3+16+2+50 -> 227 | M5: =IF(B5="","",(D5-G5-H5-I5-K5-L5-E5)/D5) -> 0.71805556 | N5: 17000 | O5: =AVERAGE(17000,17000,17000,17500,17500,17500,17500,17500,18000,17500,17500,17500,17500,17500,17500,17500,17000,17000,17000,17000,17000) -> 17333.333 | P5: =IF(B5="","",O5/N5) -> 1.0196078 | Q5: 9422 | R5: =3+16+6 -> 25 | S5: 11 | T5: 45693 | U5: =IF(S5="","",(T5-C5)) -> -1 | V5: =IF(B5="","",IF(U5<3,(Q5-R5)/Q5,(Q5-R5-S5)/Q5)) -> 0.99734664 | W5: =IF(B5="","",V5*P5*J5) -> 0.90815038 | X5: =IF(B5="","",V5*P5*M5) -> 0.73019246
A6: Guinness to Hurricane Reef to Stag Local | B6: 45694 | C6: 45694.913 | D6: =IF(B6="","",(C6-B6)*24*60) -> 1315 | E6: =60+45 -> 105 | F6: =61+80 -> 141 | G6: =IF(E6="","",F6-E6) -> 36 | H6: =5+10+14+5+20+42+60+35+15+15+7+5+5+5+9+11+10 -> 273 | I6: =3+4+3+2+1+2+3+4+2+4+3+2+2+1+2 -> 38 | J6: =IF(B6="","",(D6-G6-H6-I6)/D6) -> 0.73612167 | K6: 0 | L6: =35+2+35+10+7+34+3+3 -> 129 | M6: =IF(B6="","",(D6-G6-H6-I6-K6-L6-E6)/D6) -> 0.5581749 | N6: 17000 | O6: =AVERAGE(17000,18000,17000,17000,17000,17000,17000,17000,17000,17000,17000,17000) -> 17083.333 | P6: =IF(B6="","",O6/N6) -> 1.004902 | Q6: 6025 | R6: 32 | U6: =IF(S6="","",(T6-C6)) | V6: =IF(B6="","",IF(U6<3,(Q6-R6)/Q6,(Q6-R6-S6)/Q6)) -> 0.9946888 | W6: =IF(B6="","",V6*P6*J6) -> 0.73580126 | X6: =IF(B6="","",V6*P6*M6) -> 0.55793194
A7: Stag Local to Carib Amber | B7: 45698.107 | C7: 45699 | D7: =IF(B7="","",(C7-B7)*24*60) -> 1286 | E7: 10 | F7: 22 | G7: =IF(E7="","",F7-E7) -> 12 | H7: =5+8+23+7+44+11+11+10+24+45+47+44+9+28+21+5+6+8+7+6+10+14+5+5 -> 403 | I7: =3+3+3+1+4+1+4+2+4+3+3+2+4+4+1+3+2 -> 47 | J7: =IF(B7="","",(D7-G7-H7-I7)/D7) -> 0.6407465 | K7: 0 | L7: =9 -> 9 | M7: =IF(B7="","",(D7-G7-H7-I7-K7-L7-E7)/D7) -> 0.62597201 | N7: 17000 | O7: =AVERAGE(17000,17000,17000,17000,17500,17500,17000,17000,17000,17000,17000,17000) -> 17083.333 | P7: =IF(B7="","",O7/N7) -> 1.004902 | Q7: 6249 | R7: 16 | S7: 7 | T7: 45699.369 | U7: =IF(S7="","",(T7-C7)) -> 0.36944444 | V7: =IF(B7="","",IF(U7<3,(Q7-R7)/Q7,(Q7-R7-S7)/Q7)) -> 0.99743959 | W7: =IF(B7="","",V7*P7*J7) -> 0.6422388 | X7: =IF(B7="","",V7*P7*M7) -> 0.6274299
A8: Carib Amber to Stag Local to Carib Amber | B8: 45699 | C8: 45700 | D8: =IF(B8="","",(C8-B8)*24*60) -> 1440 | E8: =10+10 -> 20 | F8: =16+15 -> 31 | G8: =IF(E8="","",F8-E8) -> 11 | H8: =5+7+6+19+5+12+6+5+5 -> 70 | I8: =3+1+2+2+2+3+1+1+3+4+4+3+3+2+3+1+3+3+1+2+2+1+4+3+3+4+3+2+3+3+3+4+4+2+1+4+2+3 -> 98 | J8: =IF(B8="","",(D8-G8-H8-I8)/D8) -> 0.87569444 | K8: 0 | L8: =10+2+2+3+16+8+2+2+4+9+3+4+4+5+6+4+6+11 -> 101 | M8: =IF(B8="","",(D8-G8-H8-I8-K8-L8-E8)/D8) -> 0.79166667 | N8: 17000 | O8: =AVERAGE(17000,17000,17000,17000,17000,17000,17000,18000,18000,18000,18000,18000,18000,18000,18000,17000,17000,17000,17000,17000,17000,17000,17000) -> 17347.826 | P8: =IF(B8="","",O8/N8) -> 1.0204604 | Q8: 10439 | R8: =13+6 -> 19 | U8: =IF(S8="","",(T8-C8)) | V8: =IF(B8="","",IF(U8<3,(Q8-R8)/Q8,(Q8-R8-S8)/Q8)) -> 0.9981799 | W8: =IF(B8="","",V8*P8*J8) -> 0.89198501 | X8: =IF(B8="","",V8*P8*M8) -> 0.80639406
A9: Carib Amber to Stag Local | B9: 45700 | C9: 45700.994 | D9: =IF(B9="","",(C9-B9)*24*60) -> 1432 | E9: 10 | F9: 18 | G9: =IF(E9="","",F9-E9) -> 8 | H9: =8+5+6+17+13+5+5+9+11+5+8+7+8+7+11+15+5+5+9 -> 159 | I9: =4+3+2+1+3+2+3+3+2+1+3+2+3+3+3+2+3+2+1+2+1+2+3+3+3+2+1+1+3+2+4 -> 73 | J9: =IF(B9="","",(D9-G9-H9-I9)/D9) -> 0.83240223 | K9: 0 | L9: =5+3+3+5+12+4+6+2+3+45+4+7+8+4+13+6+3+14+4 -> 151 | M9: =IF(B9="","",(D9-G9-H9-I9-K9-L9-E9)/D9) -> 0.71997207 | N9: 17000 | O9: =AVERAGE(17000,17000,17000,18000,18000,18000,17000,17000,17000,17000,17000,17000,17000,17000,17500,17000,17000,17000,17000,17500,17000,17500,17500) -> 17217.391 | P9: =IF(B9="","",O9/N9) -> 1.0127877 | Q9: 9388 | R9: =28+7 -> 35 | U9: =IF(S9="","",(T9-C9)) | V9: =IF(B9="","",IF(U9<3,(Q9-R9)/Q9,(Q9-R9-S9)/Q9)) -> 0.99627184 | W9: =IF(B9="","",V9*P9*J9) -> 0.83990375 | X9: =IF(B9="","",V9*P9*M9) -> 0.72646037
A10: Starmalt to Guinness | B10: 45701 | C10: 45702.033 | D10: =IF(B10="","",(C10-B10)*24*60) -> 1487 | E10: =25+45 -> 70 | F10: =45+8 -> 53 | G10: =IF(E10="","",F10-E10) -> -17 | H10: =5+15+7+5+6+7+5+8+5+6+13+11+6+11+28+10+8 -> 156 | I10: =2+2+2+2+2+2+1+1+3+3+4+4+3+3+2+1+3+3+3+4+2+2+4+3+2+3+3+2+1+1+2+2+3+2+3+2+2+1 -> 90 | J10: =IF(B10="","",(D10-G10-H10-I10)/D10) -> 0.84599866 | K10: 0 | L10: =3+4+2+2+1+16+3+4+2+4+2+3 -> 46 | M10: =IF(B10="","",(D10-G10-H10-I10-K10-L10-E10)/D10) -> 0.76798924 | N10: 17000 | O10: =AVERAGE(17000,17000,17000,17000,17000,17000,17000,17000,17000,17000,17500,17000,17000,17000,17000,17000,17000,17000,17000,17000,17000) -> 17023.81 | P10: =IF(B10="","",O10/N10) -> 1.0014006 | Q10: 8459 | R10: =10+5 -> 15 | U10: =IF(S10="","",(T10-C10)) | V10: =IF(B10="","",IF(U10<3,(Q10-R10)/Q10,(Q10-R10-S10)/Q10)) -> 0.99822674 | W10: =IF(B10="","",V10*P10*J10) -> 0.84568125 | X10: =IF(B10="","",V10*P10*M10) -> 0.7677011
A11: Carib Amber to Stag Local | B11: 45702.129 | C11: 45703 | D11: =IF(B11="","",(C11-B11)*24*60) -> 1254 | E11: =60+10 -> 70 | F11: =43+60 -> 103 | G11: =IF(E11="","",F11-E11) -> 33 | H11: =53+60+15+5+15+5+6+5+23+60+60+60+60 -> 427 | I11: =2+3+3+2+1+2+1+2+2+2+2+2+1 -> 25 | J11: =IF(B11="","",(D11-G11-H11-I11)/D11) -> 0.61323764 | K11: 0 | L11: =28+60+6+10+3+13+20+7+5+6+5 -> 163 | M11: =IF(B11="","",(D11-G11-H11-I11-K11-L11-E11)/D11) -> 0.42743222 | N11: 17000 | O11: =AVERAGE(17000,17000,17000,17000,17000,17000,17000,17000,17000) -> 17000 | P11: =IF(B11="","",O11/N11) -> 1 | Q11: 4501 | R11: =10 -> 10 | S11: 294 | T11: 45712 | U11: =IF(S11="","",(T11-C11)) -> 9 | V11: =IF(B11="","",IF(U11<3,(Q11-R11)/Q11,(Q11-R11-S11)/Q11)) -> 0.93245945 | W11: =IF(B11="","",V11*P11*J11) -> 0.57181923 | X11: =IF(B11="","",V11*P11*M11) -> 0.39856321
A12: Stag Local to Carib Amber | B12: 45705.069 | C12: 45706 | D12: =IF(B12="","",(C12-B12)*24*60) -> 1340 | E12: 10 | F12: 38 | G12: =IF(E12="","",F12-E12) -> 28 | H12: =49+60+36+53+7+10+19+7+6+5+5+5+9+60+60+60+60+21+5+5 -> 542 | I12: =2+4+3+2+2+2+2+3+2+1+1+2+2+1+3+2+2 -> 36 | J12: =IF(B12="","",(D12-G12-H12-I12)/D12) -> 0.54776119 | K12: 0 | L12: =3+8+3+60+60+3+6+3+4+3 -> 153 | M12: =IF(B12="","",(D12-G12-H12-I12-K12-L12-E12)/D12) -> 0.4261194 | N12: 17000 | O12: =AVERAGE(17000,17000,18000,18000,18000,18000,16000,15600,16500,16000) -> 17010 | P12: =IF(B12="","",O12/N12) -> 1.0005882 | Q12: 4751 | R12: =5+29 -> 34 | S12: =44+25 -> 69 | U12: =IF(S12="","",(T12-C12)) -> -45706 | V12: =IF(B12="","",IF(U12<3,(Q12-R12)/Q12,(Q12-R12-S12)/Q12)) -> 0.99284361 | W12: =IF(B12="","",V12*P12*J12) -> 0.54416111 | X12: =IF(B12="","",V12*P12*M12) -> 0.42331879
A13: Carib Amber to Pearsecco to Rose to Shandy Ginger | B13: 45706 | C13: 45707 | D13: =IF(B13="","",(C13-B13)*24*60) -> 1440 | E13: =60+45+60 -> 165 | F13: =62+22+105 -> 189 | G13: =IF(E13="","",F13-E13) -> 24 | H13: =6+8+9+5+12+5+5+22+16+6+12+6+21+8+12+14+26+23 -> 216 | I13: =3+3+3+2+2+2+2+2+3+2+2+4+2+3+2+1+1+1+1+1+3+3+2+3+1+1+1+3 -> 59 | J13: =IF(B13="","",(D13-G13-H13-I13)/D13) -> 0.79236111 | K13: 0 | L13: =2+180+2+14+2+3+3+5+2+2+3+8+48+2+1+9+2+1+2+2+2+8 -> 303 | M13: =IF(B13="","",(D13-G13-H13-I13-K13-L13-E13)/D13) -> 0.46736111 | N13: 17000 | O13: =AVERAGE(16000,16000,16000,17000,17000,17000,11000,17000,17000,17000,17000,17000,17000,17000,17000,18000) -> 16500 | P13: =IF(B13="","",O13/N13) -> 0.97058824 | Q13: 5335 | R13: 21 | S13: =280+2+2 -> 284 | T13: 45721 | U13: =IF(S13="","",(T13-C13)) -> 14 | V13: =IF(B13="","",IF(U13<3,(Q13-R13)/Q13,(Q13-R13-S13)/Q13)) -> 0.94283037 | W13: =IF(B13="","",V13*P13*J13) -> 0.7250897 | X13: =IF(B13="","",V13*P13*M13) -> 0.42768218
A14: Shandy Ginger to Ting to Shandy Sorrel | B14: 45707 | C14: 45708 | D14: =IF(B14="","",(C14-B14)*24*60) -> 1440 | E14: =45+60 -> 105 | F14: =78+88 -> 166 | G14: =IF(E14="","",F14-E14) -> 61 | H14: =9+7+9+11+15+9+22+12+5+15+5+10+5+9+16+6+5 -> 170 | I14: =3+2+4+32+4+2+2+3+3+3+3+3+1+2+2+4+1+2+2+1+3+4+2+3 -> 91 | J14: =IF(B14="","",(D14-G14-H14-I14)/D14) -> 0.77638889 | K14: 0 | L14: =4+11+21+13+26+60+16+43+30+7+4+4+5+19+10+8+4+9+5 -> 299 | M14: =IF(B14="","",(D14-G14-H14-I14-K14-L14-E14)/D14) -> 0.49583333 | N14: 17000 | O14: =AVERAGE(17000,17000,17000,17000,17000,17000,17000,17000,17000,17000,17000,17000,17000,17500,17000) -> 17033.333 | P14: =IF(B14="","",O14/N14) -> 1.0019608 | Q14: 5911 | R14: =16+11 -> 27 | U14: =IF(S14="","",(T14-C14)) | V14: =IF(B14="","",IF(U14<3,(Q14-R14)/Q14,(Q14-R14-S14)/Q14)) -> 0.99543224 | W14: =IF(B14="","",V14*P14*J14) -> 0.77435791 | X14: =IF(B14="","",V14*P14*M14) -> 0.49453627
A15: Shandy Sorrel to Vita Malt to Club Soda to J Cool Kola Champayne | B15: 45708 | C15: 45709 | D15: =IF(B15="","",(C15-B15)*24*60) -> 1440 | E15: =100+150+20 -> 270 | F15: =118+279+4 -> 401 | G15: =IF(E15="","",F15-E15) -> 131 | H15: =6+6+8+7+8+6+49+5+13+13+23 -> 144 | I15: =2+4+4+3+4+3+2+2+1+3+1+2+1+3+4+3+1 -> 43 | J15: =IF(B15="","",(D15-G15-H15-I15)/D15) -> 0.77916667 | K15: 0 | L15: =11+3+2+5+2+2+2+2+3+4+2+13+9+2+11 -> 73 | M15: =IF(B15="","",(D15-G15-H15-I15-K15-L15-E15)/D15) -> 0.54097222 | N15: 17000 | O15: =AVERAGE(17000,17000,17000,17000,17000,17000,17000,17000,13000,15000,16000,17000) -> 16416.667 | P15: =IF(B15="","",O15/N15) -> 0.96568627 | Q15: 4927 | R15: 19 | S15: =50+63 -> 113 | T15: 45712 | U15: =IF(S15="","",(T15-C15)) -> 3 | V15: =IF(B15="","",IF(U15<3,(Q15-R15)/Q15,(Q15-R15-S15)/Q15)) -> 0.97320885 | W15: =IF(B15="","",V15*P15*J15) -> 0.73227208 | X15: =IF(B15="","",V15*P15*M15) -> 0.5084135
A16: J Cool Kola Champayne to Cream Soda to Grape to Carib Amber | B16: 45709 | C16: 45709.85 | D16: =IF(B16="","",(C16-B16)*24*60) -> 1224 | E16: =20+20+45 -> 85 | F16: =35+44+103 -> 182 | G16: =IF(E16="","",F16-E16) -> 97 | H16: =7+5+7+5+5+12+15+6+17 -> 79 | I16: =1+2+2+2+4+1+3+3+1+3+3+3+2+3+3+2+2+1+3+2+2+3+2+2+2+3+2+2+3+3+2+1 -> 73 | J16: =IF(B16="","",(D16-G16-H16-I16)/D16) -> 0.79656863 | K16: 0 | L16: =29+5+11+6+6+2+3+18+2+2+3+2 -> 89 | M16: =IF(B16="","",(D16-G16-H16-I16-K16-L16-E16)/D16) -> 0.65441176 | N16: 17000 | O16: =AVERAGE(17000,17000,17000,17000,17000,17000,17000,17000,17000,18000,17000,17000,17000,17000,17000,17000,17000) -> 17058.824 | P16: =IF(B16="","",O16/N16) -> 1.0034602 | Q16: 6836 | R16: =15+15+11 -> 41 | S16: 50 | U16: =IF(S16="","",(T16-C16)) -> -45709.85 | V16: =IF(B16="","",IF(U16<3,(Q16-R16)/Q16,(Q16-R16-S16)/Q16)) -> 0.99400234 | W16: =IF(B16="","",V16*P16*J16) -> 0.79453084 | X16: =IF(B16="","",V16*P16*M16) -> 0.65273765
A17: Carib Amber to Stag Local | B17: 45712.417 | C17: 45713 | D17: =IF(B17="","",(C17-B17)*24*60) -> 840 | E17: 10 | F17: 17 | G17: =IF(E17="","",F17-E17) -> 7 | H17: =6+23+7+5+25+60+51+8+4+10+6 -> 205 | I17: =4+3+2+3+3+2+3+3+1+2+2+3+3+1+4+2+2+3+1 -> 47 | J17: =IF(B17="","",(D17-G17-H17-I17)/D17) -> 0.69166667 | K17: 0 | L17: =30+15+5+4+2+2+6 -> 64 | M17: =IF(B17="","",(D17-G17-H17-I17-K17-L17-E17)/D17) -> 0.60357143 | N17: 17000 | O17: =AVERAGE(17000,17000,17000,17000,17000,17000,17000) -> 17000 | P17: =IF(B17="","",O17/N17) -> 1 | Q17: 4711 | R17: 18 | U17: =IF(S17="","",(T17-C17)) | V17: =IF(B17="","",IF(U17<3,(Q17-R17)/Q17,(Q17-R17-S17)/Q17)) -> 0.99617916 | W17: =IF(B17="","",V17*P17*J17) -> 0.68902392 | X17: =IF(B17="","",V17*P17*M17) -> 0.60126528
A18: Stag Local to Carib Amber | B18: 45713 | C18: 45713.917 | D18: =IF(B18="","",(C18-B18)*24*60) -> 1320 | E18: 10 | F18: 15 | G18: =IF(E18="","",F18-E18) -> 5 | H18: =7+6+7+7+7+6+6+7+11+8+12+12+24+10+7 -> 137 | I18: =1+1+1+2+2+4+2+2+1+3+2+3+2+1+4+1+2+1+3+3+1+3+2+1+3+2+1+2+1+2+2+1+2+2 -> 66 | J18: =IF(B18="","",(D18-G18-H18-I18)/D18) -> 0.84242424 | K18: 0 | L18: =16+26+5+20+25+15+4+5+2+2+4+3+3+55 -> 185 | M18: =IF(B18="","",(D18-G18-H18-I18-K18-L18-E18)/D18) -> 0.69469697 | N18: 17000 | O18: =AVERAGE(17500,17500,17500,18000,17500,17500,17500,17500,17000,17000,17000,17000,17000,17000,17000,17000) -> 17281.25 | P18: =IF(B18="","",O18/N18) -> 1.0165441 | Q18: 8715 | R18: 12 | U18: =IF(S18="","",(T18-C18)) | V18: =IF(B18="","",IF(U18<3,(Q18-R18)/Q18,(Q18-R18-S18)/Q18)) -> 0.99862306 | W18: =IF(B18="","",V18*P18*J18) -> 0.85518225 | X18: =IF(B18="","",V18*P18*M18) -> 0.70521774
A19: Carib Amber | B19: 45713.312 | C19: 45714 | D19: =IF(B19="","",(C19-B19)*24*60) -> 990 | E19: 0 | F19: 0 | G19: =IF(E19="","",F19-E19) -> 0 | H19: =6+24+6+14+6+30+28+7+8+11+6+5+5+6+6+6 -> 174 | I19: =2+3+2+1+3+1+1+2+3+2+1+2+1+2 -> 26 | J19: =IF(B19="","",(D19-G19-H19-I19)/D19) -> 0.7979798 | K19: 0 | L19: =17+13+5+20+3+5+3 -> 66 | M19: =IF(B19="","",(D19-G19-H19-I19-K19-L19-E19)/D19) -> 0.73131313 | N19: 17000 | O19: =AVERAGE(17000,17000,17000,17000,17000,17000,17000,17000,17000,17000,17000,17000,17000,17000,17000,17000) -> 17000 | P19: =IF(B19="","",O19/N19) -> 1 | Q19: 6251 | R19: 92 | U19: =IF(S19="","",(T19-C19)) | V19: =IF(B19="","",IF(U19<3,(Q19-R19)/Q19,(Q19-R19-S19)/Q19)) -> 0.98528235 | W19: =IF(B19="","",V19*P19*J19) -> 0.78623541 | X19: =IF(B19="","",V19*P19*M19) -> 0.72054992
A20: Carib Amber to Guinness to Carib Amber | B20: 45715 | C20: 45716 | D20: =IF(B20="","",(C20-B20)*24*60) -> 1440 | E20: =25+60 -> 85 | F20: 110 | G20: =IF(E20="","",F20-E20) -> 25 | H20: =9+24+13+5+5+6+28+7+7+7+5+32+24+60+60+44+9+51 -> 396 | I20: =2+3+2+4+1+2+2+4+4+3+2+2+2+1+4+4+4+3+4+2+2+1+3 -> 61 | J20: =IF(B20="","",(D20-G20-H20-I20)/D20) -> 0.66527778 | K20: 0 | L20: =10+10+8+9+4+2+5+5+16+25+13 -> 107 | M20: =IF(B20="","",(D20-G20-H20-I20-K20-L20-E20)/D20) -> 0.53194444 | N20: 17000 | O20: =AVERAGE(17000,16000,16000,16000,16000,16000,15500,17000,17000,17000,17000,17000,17000,17000,17000,17000,17000) -> 16617.647 | P20: =IF(B20="","",O20/N20) -> 0.97750865 | Q20: 5900 | R20: 33 | S20: =70+2 -> 72 | T20: 45723.396 | U20: =IF(S20="","",(T20-C20)) -> 7.3958333 | V20: =IF(B20="","",IF(U20<3,(Q20-R20)/Q20,(Q20-R20-S20)/Q20)) -> 0.98220339 | W20: =IF(B20="","",V20*P20*J20) -> 0.63874138 | X20: =IF(B20="","",V20*P20*M20) -> 0.51072641
A21: Carib Amber to Carib Flint Local to Stag | B21: 45716 | C21: 45716.833 | D21: =IF(B21="","",(C21-B21)*24*60) -> 1200 | E21: =7+10 -> 17 | F21: =11+18 -> 29 | G21: =IF(E21="","",F21-E21) -> 12 | H21: =9+5+5+14+8+5+6+11+9+13+5+45+5+6+6 -> 152 | I21: =4+2+1+2+2+2+3+4+2+3+4+3+2+4+3+1+3+2 -> 47 | J21: =IF(B21="","",(D21-G21-H21-I21)/D21) -> 0.82416667 | K21: 0 | L21: =8+7+2+5+15+5+5+5+3+9+10+6+3 -> 83 | M21: =IF(B21="","",(D21-G21-H21-I21-K21-L21-E21)/D21) -> 0.74083333 | N21: 17000 | O21: =AVERAGE(17000,17000,17000,17000,17000,17000,17000,17000,17000,17000,17000,17000,17000,17000,17000,17000,17000,17000,17000) -> 17000 | P21: =IF(B21="","",O21/N21) -> 1 | Q21: 7608 | R21: 49 | U21: =IF(S21="","",(T21-C21)) | V21: =IF(B21="","",IF(U21<3,(Q21-R21)/Q21,(Q21-R21-S21)/Q21)) -> 0.99355941 | W21: =IF(B21="","",V21*P21*J21) -> 0.81885855 | X21: =IF(B21="","",V21*P21*M21) -> 0.73606193
D22: =IF(B22="","",(C22-B22)*24*60) | G22: =IF(E22="","",F22-E22) | J22: =IF(B22="","",(D22-G22-H22-I22)/D22) | M22: =IF(B22="","",(D22-G22-H22-I22-K22-L22-E22)/D22) | P22: =IF(B22="","",O22/N22) | U22: =IF(S22="","",(T22-C22)) | V22: =IF(B22="","",IF(U22<3,(Q22-R22)/Q22,(Q22-R22-S22)/Q22)) | W22: =IF(B22="","",V22*P22*J22) | X22: =IF(B22="","",V22*P22*M22)
D23: =IF(B23="","",(C23-B23)*24*60) | G23: =IF(E23="","",F23-E23) | J23: =IF(B23="","",(D23-G23-H23-I23)/D23) | M23: =IF(B23="","",(D23-G23-H23-I23-K23-L23-E23)/D23) | P23: =IF(B23="","",O23/N23) | U23: =IF(S23="","",(T23-C23)) | V23: =IF(B23="","",IF(U23<3,(Q23-R23)/Q23,(Q23-R23-S23)/Q23)) | W23: =IF(B23="","",V23*P23*J23) | X23: =IF(B23="","",V23*P23*M23)
D24: =IF(B24="","",(C24-B24)*24*60) | G24: =IF(E24="","",F24-E24) | J24: =IF(B24="","",(D24-G24-H24-I24)/D24) | M24: =IF(B24="","",(D24-G24-H24-I24-K24-L24-E24)/D24) | P24: =IF(B24="","",O24/N24) | U24: =IF(S24="","",(T24-C24)) | V24: =IF(B24="","",IF(U24<3,(Q24-R24)/Q24,(Q24-R24-S24)/Q24)) | W24: =IF(B24="","",V24*P24*J24) | X24: =IF(B24="","",V24*P24*M24)
D25: =IF(B25="","",(C25-B25)*24*60) | G25: =IF(E25="","",F25-E25) | J25: =IF(B25="","",(D25-G25-H25-I25)/D25) | M25: =IF(B25="","",(D25-G25-H25-I25-K25-L25-E25)/D25) | P25: =IF(B25="","",O25/N25) | U25: =IF(S25="","",(T25-C25)) | V25: =IF(B25="","",IF(U25<3,(Q25-R25)/Q25,(Q25-R25-S25)/Q25)) | W25: =IF(B25="","",V25*P25*J25) | X25: =IF(B25="","",V25*P25*M25)
D26: =IF(B26="","",(C26-B26)*24*60) | G26: =IF(E26="","",F26-E26) | J26: =IF(B26="","",(D26-G26-H26-I26)/D26) | M26: =IF(B26="","",(D26-G26-H26-I26-K26-L26-E26)/D26) | P26: =IF(B26="","",O26/N26) | U26: =IF(S26="","",(T26-C26)) | V26: =IF(B26="","",IF(U26<3,(Q26-R26)/Q26,(Q26-R26-S26)/Q26)) | W26: =IF(B26="","",V26*P26*J26) | X26: =IF(B26="","",V26*P26*M26)
D27: =IF(B27="","",(C27-B27)*24*60) | G27: =IF(E27="","",F27-E27) | J27: =IF(B27="","",(D27-G27-H27-I27)/D27) | M27: =IF(B27="","",(D27-G27-H27-I27-K27-L27-E27)/D27) | P27: =IF(B27="","",O27/N27) | U27: =IF(S27="","",(T27-C27)) | V27: =IF(B27="","",IF(U27<3,(Q27-R27)/Q27,(Q27-R27-S27)/Q27)) | W27: =IF(B27="","",V27*P27*J27) | X27: =IF(B27="","",V27*P27*M27)
D28: =IF(B28="","",(C28-B28)*24*60) | G28: =IF(E28="","",F28-E28) | J28: =IF(B28="","",(D28-G28-H28-I28)/D28) | M28: =IF(B28="","",(D28-G28-H28-I28-K28-L28-E28)/D28) | P28: =IF(B28="","",O28/N28) | U28: =IF(S28="","",(T28-C28)) | V28: =IF(B28="","",IF(U28<3,(Q28-R28)/Q28,(Q28-R28-S28)/Q28)) | W28: =IF(B28="","",V28*P28*J28) | X28: =IF(B28="","",V28*P28*M28)
D29: =IF(B29="","",(C29-B29)*24*60) | G29: =IF(E29="","",F29-E29) | J29: =IF(B29="","",(D29-G29-H29-I29)/D29) | M29: =IF(B29="","",(D29-G29-H29-I29-K29-L29-E29)/D29) | P29: =IF(B29="","",O29/N29) | U29: =IF(S29="","",(T29-C29)) | V29: =IF(B29="","",IF(U29<3,(Q29-R29)/Q29,(Q29-R29-S29)/Q29)) | W29: =IF(B29="","",V29*P29*J29) | X29: =IF(B29="","",V29*P29*M29)
D30: =IF(B30="","",(C30-B30)*24*60) | G30: =IF(E30="","",F30-E30) | J30: =IF(B30="","",(D30-G30-H30-I30)/D30) | M30: =IF(B30="","",(D30-G30-H30-I30-K30-L30-E30)/D30) | P30: =IF(B30="","",O30/N30) | U30: =IF(S30="","",(T30-C30)) | V30: =IF(B30="","",IF(U30<3,(Q30-R30)/Q30,(Q30-R30-S30)/Q30)) | W30: =IF(B30="","",V30*P30*J30) | X30: =IF(B30="","",V30*P30*M30)
D31: =IF(B31="","",(C31-B31)*24*60) | G31: =IF(E31="","",F31-E31) | J31: =IF(B31="","",(D31-G31-H31-I31)/D31) | M31: =IF(B31="","",(D31-G31-H31-I31-K31-L31-E31)/D31) | P31: =IF(B31="","",O31/N31) | U31: =IF(S31="","",(T31-C31)) | V31: =IF(B31="","",IF(U31<3,(Q31-R31)/Q31,(Q31-R31-S31)/Q31)) | W31: =IF(B31="","",V31*P31*J31) | X31: =IF(B31="","",V31*P31*M31)
D32: =IF(B32="","",(C32-B32)*24*60) | G32: =IF(E32="","",F32-E32) | J32: =IF(B32="","",(D32-G32-H32-I32)/D32) | M32: =IF(B32="","",(D32-G32-H32-I32-K32-L32-E32)/D32) | P32: =IF(B32="","",O32/N32) | U32: =IF(S32="","",(T32-C32)) | V32: =IF(B32="","",IF(U32<3,(Q32-R32)/Q32,(Q32-R32-S32)/Q32)) | W32: =IF(B32="","",V32*P32*J32) | X32: =IF(B32="","",V32*P32*M32)
D33: =IF(B33="","",(C33-B33)*24*60) | G33: =IF(E33="","",F33-E33) | J33: =IF(B33="","",(D33-G33-H33-I33)/D33) | M33: =IF(B33="","",(D33-G33-H33-I33-K33-L33-E33)/D33) | P33: =IF(B33="","",O33/N33) | U33: =IF(S33="","",(T33-C33)) | V33: =IF(B33="","",IF(U33<3,(Q33-R33)/Q33,(Q33-R33-S33)/Q33)) | W33: =IF(B33="","",V33*P33*J33) | X33: =IF(B33="","",V33*P33*M33)
... D36: =IF(B36="","",(C36-B36)*24*60) | G36: =IF(E36="","",F36-E36) | J36: =IF(B36="","",(D36-G36-H36-I36)/D36) | M36: =IF(B36="","",(D36-G36-H36-I36-K36-L36-E36)/D36) | P36: =IF(B36="","",O36/N36) | U36: =IF(S36="","",(T36-C36)) | V36: =IF(B36="","",IF(U36<3,(Q36-R36)/Q36,(Q36-R36-S36)/Q36)) | W36: =IF(B36="","",V36*P36*J36) | X36: =IF(B36="","",V36*P36*M36)
D37: =IF(B37="","",(C37-B37)*24*60) | G37: =IF(E37="","",F37-E37) | J37: =IF(B37="","",(D37-G37-H37-I37)/D37) | M37: =IF(B37="","",(D37-G37-H37-I37-K37-L37-E37)/D37) | P37: =IF(B37="","",O37/N37) | V37: =IF(B37="","",IF(U37<3,(Q37-R37)/Q37,(Q37-R37-S37)/Q37)) | W37: =IF(B37="","",V37*P37*J37) | X37: =IF(B37="","",V37*P37*M37)
B38: Total | D38: =SUM(D3:D37) -> 24972 | E38: =SUM(E3:E37) -> 1187 | F38: =SUM(F3:F37) -> 1684 | G38: =SUM(G3:G37) -> 497 | H38: =SUM(H2:H37) -> 4244 | I38: =SUM(I3:I37) -> 1105 | J38: =(D38-G38-H38-I38)/D38 -> 0.76589781 | K38: =SUM(K3:K37) -> 215 | L38: =SUM(L3:L37) -> 2324 | M38: =(D38-G38-H38-I38-E38-K38-L38)/D38 -> 0.61669069 | N38: =AVERAGE(N3:N37) -> 17000 | O38: =AVERAGE(O3:O37) -> 17013.466 | P38: =O38/N38 -> 1.0007921 | Q38: =SUM(Q3:Q35) -> 131261 | V38: =AVERAGE(V3:V37) -> 0.98772836 | W38: =V38*P38*J38 -> 0.75709822 | X38: =V38*P38*M38 -> 0.60960538
D46: Real | E46: Opportunity
C47: OEE | D47: =W38 -> 0.75709822 | E47: =100%-D47 -> 0.24290178
C48: OEE Utilization | D48: =X38 -> 0.60960538 | E48: =100%-D48 -> 0.39039462
C49: Availability (for OEE) | D49: =J38 -> 0.76589781 | E49: =100%-D49 -> 0.23410219
C50: Availability (for OEE Utilization) | D50: =M38 -> 0.61669069 | E50: =100%-D50 -> 0.38330931
C51: Performance | D51: =P38 -> 1.0007921 | E51: =100%-D51 -> -0.00079211965
C52: =V2 -> Quality | D52: =V38 -> 0.98772836 | E52: =100%-D52 -> 0.012271642

Sheet March 2025 (w Utilization
C1: OEE Calculation | G1: CARIB BREWERY
A2: SKU | B2: Start Time dd/mm/yyyy h:mm | C2: End Time dd/mm/yyyy h:mm (when production actually ends) | D2: Available time /mins | E2: Changeover Standard time /mins | F2: Actual Changeover /mins | G2: Changeover Deviation /mins | H2: Total Breakdowns /mins | I2: Total Minor Stops /mins | J2: Availability (for OEE) | K2: Planned Downtime /mins | L2: External Downtime /mins | M2: Availability (for OEE Utilization) | N2: Nominal Speed | O2: Actual (Average) Speed | P2: Performance | Q2: Total Products Produced /Cases | R2: Low Fill /Cases | S2: Embargo /cases | T2: Embargo release date | U2: Embargo Residence time /days | V2: Quality | W2: OEE | X2: OEE Utilization
A3: Juicy Cool Club Soda to Banana to Cream Soda to Kola Champagne to Ginger to Grape | B3: 45719.115 | C3: 45719.928 | D3: =IF(B3="","",(C3-B3)*24*60) -> 1171 | E3: =20+20+20+20+20 -> 100 | F3: 106 | G3: =IF(E3="","",F3-E3) -> 6 | H3: =7+38+10+24+5 -> 84 | I3: =2+4+3+3+2+4+3+2+3+1+1+2+1+3+2+3+2+4+3+3+3+4+2+4 -> 64 | J3: =IF(B3="","",(D3-G3-H3-I3)/D3) -> 0.86848847 | K3: 0 | L3: =6+7+5+47+13+23 -> 101 | M3: =IF(B3="","",(D3-G3-H3-I3-K3-L3-E3)/D3) -> 0.69684031 | N3: 17000 | O3: =AVERAGE(17000,17000,17000,17000,15000,15000,17000,17000,17000) -> 16555.556 | P3: =IF(B3="","",O3/N3) -> 0.97385621 | Q3: =698+1290+657+661+1393+701 -> 5400 | R3: 33 | U3: =IF(S3="","",(T3-C3)) | V3: =IF(B3="","",IF(U3<3,(Q3-R3)/Q3,(Q3-R3-S3)/Q3)) -> 0.99388889 | W3: =IF(B3="","",V3*P3*J3) -> 0.84061422 | X3: =IF(B3="","",V3*P3*M3) -> 0.67447512
A4: Stag Local to Carib Amber to Ginseng Up Original | B4: 45720.115 | C4: 45720.904 | D4: =IF(B4="","",(C4-B4)*24*60) -> 1137 | E4: =10+40 -> 50 | F4: =104+15+56 -> 175 | G4: =IF(E4="","",F4-E4) -> 125 | H4: =20+7+13+5+5+13+6+9+7+6+12+7+5+5+24+32 -> 176 | I4: =2+3+4+1+2+1+2+1+2+2+2+1+1+1+1+2+3+3+2+3+2+4+1+1+4+1+3+4+4+3+2+2 -> 70 | J4: =IF(B4="","",(D4-G4-H4-I4)/D4) -> 0.67370273 | K4: 0 | L4: =9+2+41+8+5+3 -> 68 | M4: =IF(B4="","",(D4-G4-H4-I4-K4-L4-E4)/D4) -> 0.56992084 | N4: 17000 | O4: =AVERAGE(17000,17000,17000,17000,17000,17000,17000,17000,17000,17000,17000,17000,17000,17000,17000,17000) -> 17000 | P4: =IF(B4="","",O4/N4) -> 1 | Q4: =1703+5524 -> 7227 | R4: 46 | U4: =IF(S4="","",(T4-C4)) | V4: =IF(B4="","",IF(U4<3,(Q4-R4)/Q4,(Q4-R4-S4)/Q4)) -> 0.99363498 | W4: =IF(B4="","",V4*P4*J4) -> 0.6694146 | X4: =IF(B4="","",V4*P4*M4) -> 0.56629329
A5: Ginseng Up Original to Ginseng Up Apple to Juicy Cool Grape to Guinness | B5: 45721.005 | C5: 45722.925 | D5: =IF(B5="","",(C5-B5)*24*60) -> 2765 | E5: =45+120+100 -> 265 | F5: =35+218+48 -> 301 | G5: =IF(E5="","",F5-E5) -> 36 | H5: =12+6+9+6+7+5+12+8+5+9+9+6+5+6+6+6+15+6 -> 138 | I5: =2+3+4+3+2+4+4+2+1+4+4+4+4+2+3+2+3+3+2+2+4+2+3+3+2+3+3+2+2+3+4+2+4+3+3+3+4 -> 108 | J5: =IF(B5="","",(D5-G5-H5-I5)/D5) -> 0.89801085 | K5: 0 | L5: =2+11+30 -> 43 | M5: =IF(B5="","",(D5-G5-H5-I5-K5-L5-E5)/D5) -> 0.78661844 | N5: 17000 | O5: =AVERAGE(17000,17000,17000,17000,17000,17000,17000,17000,16500,16500,16500,16500,15000,17000) -> 16714.286 | P5: =IF(B5="","",O5/N5) -> 0.98319328 | Q5: =2856+1789+584 -> 5229 | R5: =11+14 -> 25 | U5: =IF(S5="","",(T5-C5)) | V5: =IF(B5="","",IF(U5<3,(Q5-R5)/Q5,(Q5-R5-S5)/Q5)) -> 0.99521897 | W5: =IF(B5="","",V5*P5*J5) -> 0.87869697 | X5: =IF(B5="","",V5*P5*M5) -> 0.76970033
A6: Guinness to Starmalt | B6: 45722.021 | C6: 45723.028 | D6: =IF(B6="","",(C6-B6)*24*60) -> 1450 | E6: 45 | F6: 79 | G6: =IF(E6="","",F6-E6) -> 34 | H6: =5+5+13+23+7+13+23+7+7+10+7+6+8+6+6+18+9+20+7+24+6+12+5+60+64+21+19+50+15+7+10+7 -> 500 | I6: =4+3+3+4+4+1+3+3+4+3+3+3+3+2+2+2+4+4+4+2+2+1+2+4+4+1+3+4+4+4 -> 90 | J6: =IF(B6="","",(D6-G6-H6-I6)/D6) -> 0.56965517 | K6: 0 | L6: =9+35+9+3 -> 56 | M6: =IF(B6="","",(D6-G6-H6-I6-K6-L6-E6)/D6) -> 0.5 | N6: 17000 | O6: =AVERAGE(17000,17000,17000,17000,17000,17000,17000,16500,16500,16500,16500,16500,17000,17000,17000,17000,17000) -> 16852.941 | P6: =IF(B6="","",O6/N6) -> 0.99134948 | Q6: =2928+2887 -> 5815 | R6: 29 | S6: =6+18 -> 24 | T6: 45723.396 | U6: =IF(S6="","",(T6-C6)) -> 0.36805556 | V6: =IF(B6="","",IF(U6<3,(Q6-R6)/Q6,(Q6-R6-S6)/Q6)) -> 0.9950129 | W6: =IF(B6="","",V6*P6*J6) -> 0.56191101 | X6: =IF(B6="","",V6*P6*M6) -> 0.49320276
A7: Stag local | B7: 45723.066 | C7: 45723.839 | D7: =IF(B7="","",(C7-B7)*24*60) -> 1113 | E7: 45 | F7: 55 | G7: =IF(E7="","",F7-E7) -> 10 | H7: =6+10+11+5+12+7+7+11 -> 69 | I7: =2+2+2+2+1+4+2+1+2+2+3+4+2+1+2+2+1+2+2+2 -> 41 | J7: =IF(B7="","",(D7-G7-H7-I7)/D7) -> 0.89218329 | K7: 0 | L7: =20+60+60+60+140+1+43+26+8 -> 418 | M7: =IF(B7="","",(D7-G7-H7-I7-K7-L7-E7)/D7) -> 0.47619048 | N7: 17000 | O7: =AVERAGE(17000,17000,17000,16600,16600,16500,16500,17000,17000) -> 16800 | P7: =IF(B7="","",O7/N7) -> 0.98823529 | Q7: 4977 | R7: =1+8 -> 9 | U7: =IF(S7="","",(T7-C7)) | V7: =IF(B7="","",IF(U7<3,(Q7-R7)/Q7,(Q7-R7-S7)/Q7)) -> 0.99819168 | W7: =IF(B7="","",V7*P7*J7) -> 0.88009264 | X7: =IF(B7="","",V7*P7*M7) -> 0.46973726
A8: Carib Amber | B8: 45726.389 | C8: 45726.912 | D8: =IF(B8="","",(C8-B8)*24*60) -> 754 | E8: 0 | F8: 0 | G8: =IF(E8="","",F8-E8) -> 0 | H8: =40+32+21+7+6+23+5+5+16+30+13+20 -> 218 | I8: 2 | J8: =IF(B8="","",(D8-G8-H8-I8)/D8) -> 0.70822281 | K8: 0 | L8: 18 | M8: =IF(B8="","",(D8-G8-H8-I8-K8-L8-E8)/D8) -> 0.68435013 | N8: 17000 | O8: =AVERAGE(11000,11000,11000,11000,11000,11000,11300,11300,11300,11300,11300,11300) -> 11150 | P8: =IF(B8="","",O8/N8) -> 0.65588235 | Q8: 3495 | R8: 85 | U8: =IF(S8="","",(T8-C8)) | V8: =IF(B8="","",IF(U8<3,(Q8-R8)/Q8,(Q8-R8-S8)/Q8)) -> 0.97567954 | W8: =IF(B8="","",V8*P8*J8) -> 0.45321373 | X8: =IF(B8="","",V8*P8*M8) -> 0.43793686
A9: Carib Amber to Stag to Starmalt | B9: 45727.347 | C9: 45727.951 | D9: =IF(B9="","",(C9-B9)*24*60) -> 870 | E9: =10+25 -> 35 | F9: =23+55 -> 78 | G9: =IF(E9="","",F9-E9) -> 43 | H9: =42+14+60+22+10+47+60+17+19 -> 291 | I9: =1+2+3 -> 6 | J9: =IF(B9="","",(D9-G9-H9-I9)/D9) -> 0.6091954 | K9: 0 | L9: 1 | M9: =IF(B9="","",(D9-G9-H9-I9-K9-L9-E9)/D9) -> 0.56781609 | N9: 17000 | O9: =AVERAGE(11000,11000,11000,11000,11000,11000,11000,11000) -> 11000 | P9: =IF(B9="","",O9/N9) -> 0.64705882 | Q9: 2831 | R9: 100 | U9: =IF(S9="","",(T9-C9)) | V9: =IF(B9="","",IF(U9<3,(Q9-R9)/Q9,(Q9-R9-S9)/Q9)) -> 0.96467679 | W9: =IF(B9="","",V9*P9*J9) -> 0.38026137 | X9: =IF(B9="","",V9*P9*M9) -> 0.3544323
A10: Starmalt | B10: 45728.614 | C10: 45728.86 | D10: =IF(B10="","",(C10-B10)*24*60) -> 355 | E10: 0 | F10: 0 | G10: =IF(E10="","",F10-E10) -> 0 | H10: =5+6+27+10+6+7 -> 61 | I10: =1+4+4+2 -> 11 | J10: =IF(B10="","",(D10-G10-H10-I10)/D10) -> 0.7971831 | K10: 0 | L10: =12+6+5 -> 23 | M10: =IF(B10="","",(D10-G10-H10-I10-K10-L10-E10)/D10) -> 0.73239437 | N10: 17000 | O10: =AVERAGE(11000,17000,17000,17000,17000,17000) -> 16000 | P10: =IF(B10="","",O10/N10) -> 0.94117647 | Q10: 2046 | R10: 30 | U10: =IF(S10="","",(T10-C10)) | V10: =IF(B10="","",IF(U10<3,(Q10-R10)/Q10,(Q10-R10-S10)/Q10)) -> 0.98533724 | W10: =IF(B10="","",V10*P10*J10) -> 0.73928866 | X10: =IF(B10="","",V10*P10*M10) -> 0.67920513
A11: Carib Amber | B11: 45729.414 | C11: 45729.919 | D11: =IF(B11="","",(C11-B11)*24*60) -> 727 | E11: 0 | F11: 0 | G11: =IF(E11="","",F11-E11) -> 0 | H11: =5+5+6+6+5 -> 27 | I11: =2+3+2+1+2+1+4+1+3+2+2+4+4+4+4+4+2+3+1 -> 49 | J11: =IF(B11="","",(D11-G11-H11-I11)/D11) -> 0.8954608 | K11: 0 | L11: =7+5+6+25 -> 43 | M11: =IF(B11="","",(D11-G11-H11-I11-K11-L11-E11)/D11) -> 0.83631362 | N11: 17000 | O11: =AVERAGE(17000,17000,17000,17000,17000,17000,17000,17000,17000,17000,17000,17000,17000) -> 17000 | P11: =IF(B11="","",O11/N11) -> 1 | Q11: 5465 | R11: =10.5+16 -> 26.5 | U11: =IF(S11="","",(T11-C11)) | V11: =IF(B11="","",IF(U11<3,(Q11-R11)/Q11,(Q11-R11-S11)/Q11)) -> 0.99515096 | W11: =IF(B11="","",V11*P11*J11) -> 0.89111867 | X11: =IF(B11="","",V11*P11*M11) -> 0.8322583
A12: Stag Local to Carib Amber | B12: 45730.374 | C12: 45730.831 | D12: =IF(B12="","",(C12-B12)*24*60) -> 659 | E12: 10 | F12: 10 | G12: =IF(E12="","",F12-E12) -> 0 | H12: =11+5+5+8 -> 29 | I12: =2+1+2+1+3+3+4+4+1 -> 21 | J12: =IF(B12="","",(D12-G12-H12-I12)/D12) -> 0.92412747 | K12: 0 | L12: =15+7+15+15 -> 52 | M12: =IF(B12="","",(D12-G12-H12-I12-K12-L12-E12)/D12) -> 0.83004552 | N12: 17000 | O12: =AVERAGE(17000,17000,17000,17000,17000,17000,17000,17000) -> 17000 | P12: =IF(B12="","",O12/N12) -> 1 | Q12: =2717+1403 -> 4120 | R12: =14+9 -> 23 | U12: =IF(S12="","",(T12-C12)) | V12: =IF(B12="","",IF(U12<3,(Q12-R12)/Q12,(Q12-R12-S12)/Q12)) -> 0.99441748 | W12: =IF(B12="","",V12*P12*J12) -> 0.9189685 | X12: =IF(B12="","",V12*P12*M12) -> 0.82541177
A13: Carib Amber to Stag | B13: 45733.625 | C13: 45734 | D13: =IF(B13="","",(C13-B13)*24*60) -> 540 | E13: 10 | F13: 21 | G13: =IF(E13="","",F13-E13) -> 11 | H13: =45+60+20+30+6+20+6+6+6+6+6 -> 211 | I13: =4+1+2+4+1+2+3+1+3+3 -> 24 | J13: =IF(B13="","",(D13-G13-H13-I13)/D13) -> 0.54444444 | K13: 0 | L13: =2+3+10 -> 15 | M13: =IF(B13="","",(D13-G13-H13-I13-K13-L13-E13)/D13) -> 0.49814815 | N13: 17000 | O13: =AVERAGE(17000,17000,17000,17000,17000) -> 17000 | P13: =IF(B13="","",O13/N13) -> 1 | Q13: 2299 | R13: 16 | U13: =IF(S13="","",(T13-C13)) | V13: =IF(B13="","",IF(U13<3,(Q13-R13)/Q13,(Q13-R13-S13)/Q13)) -> 0.99304045 | W13: =IF(B13="","",V13*P13*J13) -> 0.54065536 | X13: =IF(B13="","",V13*P13*M13) -> 0.49468126
A14: Stag Local to Carib Amber | B14: 45734 | C14: 45735 | D14: =IF(B14="","",(C14-B14)*24*60) -> 1440 | E14: 10 | F14: 10 | G14: =IF(E14="","",F14-E14) -> 0 | H14: =5+8+10+7+5+9+18+6+5+13+6+7 -> 99 | I14: =2+4+4+3+1+1+2+2+3+2+3+3+2+2+3+4+3+2+2+2+3+4+1+2+2 -> 62 | J14: =IF(B14="","",(D14-G14-H14-I14)/D14) -> 0.88819444 | K14: 0 | L14: =5+245+56+60+50+10+10+15+30+20+4+8+25+6+5 -> 549 | M14: =IF(B14="","",(D14-G14-H14-I14-K14-L14-E14)/D14) -> 0.5 | N14: 17000 | O14: =AVERAGE(17000,17000,17000,17000,17000,17000,17000,17000,17000,17000) -> 17000 | P14: =IF(B14="","",O14/N14) -> 1 | Q14: 6440 | R14: =5+14 -> 19 | S14: =70+40 -> 110 | T14: 45737.604 | U14: =IF(S14="","",(T14-C14)) -> 2.6041667 | V14: =IF(B14="","",IF(U14<3,(Q14-R14)/Q14,(Q14-R14-S14)/Q14)) -> 0.99704969 | W14: =IF(B14="","",V14*P14*J14) -> 0.88557399 | X14: =IF(B14="","",V14*P14*M14) -> 0.49852484
A15: Carib Amber to Carib Flint Local to Stag Local | B15: 45735 | C15: 45736.069 | D15: =IF(B15="","",(C15-B15)*24*60) -> 1540 | E15: =7+10 -> 17 | F15: =5+15 -> 20 | G15: =IF(E15="","",F15-E15) -> 3 | H15: =8+7+8+11+11+16+26+54+6+26+60+60+60+14+13+6+9+5+5+9+5+5 -> 424 | I15: =1+2+1+1+3+4+2+3+2+3+2+2+4+1+1+4+4+4+1+1+3+2+1+4+1+2+4+4+3+2+3+4+2+4+4+1+2+4+4+1+1+2 -> 104 | J15: =IF(B15="","",(D15-G15-H15-I15)/D15) -> 0.65519481 | K15: 0 | L15: =13 -> 13 | M15: =IF(B15="","",(D15-G15-H15-I15-K15-L15-E15)/D15) -> 0.63571429 | N15: 17000 | O15: =AVERAGE(17000,17000,17000,17000,17000,17000,17000,17000,17000,17000,17000,17000,17000,17000,17000,17000,17000,17000,17000) -> 17000 | P15: =IF(B15="","",O15/N15) -> 1 | Q15: 7597 | R15: 23 | S15: =22+10.18 -> 32.18 | T15: 45750.278 | U15: =IF(S15="","",(T15-C15)) -> 14.208333 | V15: =IF(B15="","",IF(U15<3,(Q15-R15)/Q15,(Q15-R15-S15)/Q15)) -> 0.99273661 | W15: =IF(B15="","",V15*P15*J15) -> 0.65043587 | X15: =IF(B15="","",V15*P15*M15) -> 0.63109684
A16: Guinness | B16: 45736.103 | C16: 45737 | D16: =IF(B16="","",(C16-B16)*24*60) -> 1292 | E16: 0 | F16: 48 | G16: =IF(E16="","",F16-E16) -> 48 | H16: =16+9+5+10+22+5+9+10+60+60+60+60+25+60+60+60+60+25+6 -> 622 | I16: =1+3+2+3+3+2+3+2+1+4+2+2+2+1+2+1+2+2+2+2+1+4+3+1+4+1+3+3+4+2+3+2+4+2+3+4+3+1 -> 90 | J16: =IF(B16="","",(D16-G16-H16-I16)/D16) -> 0.41176471 | K16: 0 | L16: =5+4+4+2+4+2+3+3+3 -> 30 | M16: =IF(B16="","",(D16-G16-H16-I16-K16-L16-E16)/D16) -> 0.38854489 | N16: 17000 | O16: =AVERAGE(15000,15000,15000,17000,17000,17000) -> 16000 | P16: =IF(B16="","",O16/N16) -> 0.94117647 | Q16: 4053 | R16: 8 | S16: 833 | T16: 45748.639 | U16: =IF(S16="","",(T16-C16)) -> 11.638889 | V16: =IF(B16="","",IF(U16<3,(Q16-R16)/Q16,(Q16-R16-S16)/Q16)) -> 0.79249938 | W16: =IF(B16="","",V16*P16*J16) -> 0.30712779 | X16: =IF(B16="","",V16*P16*M16) -> 0.28980855
A17: Guinness | B17: 45737.011 | C17: 45738.217 | D17: =IF(B17="","",(C17-B17)*24*60) -> 1736 | E17: 0 | F17: 0 | G17: =IF(E17="","",F17-E17) -> 0 | H17: =6+7+5+9 -> 27 | I17: =2+1+2+2+2+4+1+3+3+4+3 -> 27 | J17: =IF(B17="","",(D17-G17-H17-I17)/D17) -> 0.96889401 | K17: 0 | L17: =1+11+6+9 -> 27 | M17: =IF(B17="","",(D17-G17-H17-I17-K17-L17-E17)/D17) -> 0.95334101 | N17: 17000 | O17: =AVERAGE(17000,17000,17000,17000,17000) -> 17000 | P17: =IF(B17="","",O17/N17) -> 1 | Q17: 1771 | R17: 9 | U17: =IF(S17="","",(T17-C17)) | V17: =IF(B17="","",IF(U17<3,(Q17-R17)/Q17,(Q17-R17-S17)/Q17)) -> 0.99491813 | W17: =IF(B17="","",V17*P17*J17) -> 0.96397021 | X17: =IF(B17="","",V17*P17*M17) -> 0.94849625
A18: Carib Amber | B18: 45740.122 | C18: 45741 | D18: =IF(B18="","",(C18-B18)*24*60) -> 1265 | E18: 0 | F18: 0 | G18: =IF(E18="","",F18-E18) -> 0 | H18: =45+60+60+60+60+60+60+60+60+60+60+60+60+60+60+60+60+30+7+29+16+5+32 -> 1124 | I18: =2+4+3 -> 9 | J18: =IF(B18="","",(D18-G18-H18-I18)/D18) -> 0.10434783 | K18: 0 | L18: 0 | M18: =IF(B18="","",(D18-G18-H18-I18-K18-L18-E18)/D18) -> 0.10434783 | N18: 17000 | O18: =AVERAGE(17000,17000,17000) -> 17000 | P18: =IF(B18="","",O18/N18) -> 1 | Q18: 1021 | R18: 12 | U18: =IF(S18="","",(T18-C18)) | V18: =IF(B18="","",IF(U18<3,(Q18-R18)/Q18,(Q18-R18-S18)/Q18)) -> 0.98824682 | W18: =IF(B18="","",V18*P18*J18) -> 0.10312141 | X18: =IF(B18="","",V18*P18*M18) -> 0.10312141
A19: Carib Amber to Stag Local | B19: 45741 | C19: 45742 | D19: =IF(B19="","",(C19-B19)*24*60) -> 1440 | E19: 10 | F19: 14 | G19: =IF(E19="","",F19-E19) -> 4 | H19: =14+5+7+5+5+16+10+9+5+7+15+6+5+5+5+44+20+23+8+43+8+6+11+14 -> 296 | I19: =1+1+2+2+3+2+1+1+2+1+4+1+3+3+2+1+4+3+2+2+3+2+3+3+4+2+3+2+2+2+2+1+3+2+3+3+2+3+2+3+3+3+4+3+3+3+1+4+4+4+2+4+1+1 -> 131 | J19: =IF(B19="","",(D19-G19-H19-I19)/D19) -> 0.70069444 | K19: 0 | L19: =2+4+3+2+5+2+3+3+3+3+4+21+4 -> 59 | M19: =IF(B19="","",(D19-G19-H19-I19-K19-L19-E19)/D19) -> 0.65277778 | N19: 17000 | O19: =AVERAGE(1700,17000,17000,15000,17000,17000,17000,18000,18000,18000,18000,18000,18000,18000,18000,18000,18000,18000,18000) -> 16721.053 | P19: =IF(B19="","",O19/N19) -> 0.98359133 | Q19: 9446 | R19: =45+10 -> 55 | S19: 29.21 | T19: 45749.781 | U19: =IF(S19="","",(T19-C19)) -> 7.78125 | V19: =IF(B19="","",IF(U19<3,(Q19-R19)/Q19,(Q19-R19-S19)/Q19)) -> 0.99108512 | W19: =IF(B19="","",V19*P19*J19) -> 0.68305287 | X19: =IF(B19="","",V19*P19*M19) -> 0.63634261
A20: Stag Local to Carib Amber | B20: 45742.007 | C20: 45743 | D20: =IF(B20="","",(C20-B20)*24*60) -> 1430 | E20: 10 | F20: =14+35 -> 49 | G20: =IF(E20="","",F20-E20) -> 39 | H20: =38+50+7+7+6+9+35+5+15+6+5+10+8+16+10+45+5+6+12+5 -> 300 | I20: =2+3+1+1+2+2+3+1+4+2+1+3+3+4+2+4+1+3+3+1+3+3+1+1+3+2+2+2+4+4+2+2+2+2+1+1+4+2+1+3 -> 91 | J20: =IF(B20="","",(D20-G20-H20-I20)/D20) -> 0.6993007 | K20: 0 | L20: =2+3+4+3+20+5 -> 37 | M20: =IF(B20="","",(D20-G20-H20-I20-K20-L20-E20)/D20) -> 0.66643357 | N20: 17000 | O20: =AVERAGE(18000,18000,18000,17000,18000,18000,17000,17000,17000,17000,17000,17000,17000,17000,17000,17000,17000,18000,18000,18000,17000,17000) -> 17363.636 | P20: =IF(B20="","",O20/N20) -> 1.0213904 | Q20: 8929 | R20: =9+16 -> 25 | U20: =IF(S20="","",(T20-C20)) | V20: =IF(B20="","",IF(U20<3,(Q20-R20)/Q20,(Q20-R20-S20)/Q20)) -> 0.99720013 | W20: =IF(B20="","",V20*P20*J20) -> 0.71225917 | X20: =IF(B20="","",V20*P20*M20) -> 0.67878299
A21: Carib Amber | B21: 45743.006 | C21: 45744.875 | D21: =IF(B21="","",(C21-B21)*24*60) -> 2691 | E21: 0 | F21: 0 | G21: =IF(E21="","",F21-E21) -> 0 | H21: =9+10+17+9+8+11+7+28+12+5+6+21+9 -> 152 | I21: =3+1+3+3+2+2+4+1+4+3+2+3+1+4+3+2+4+2+3+2+1+2+2+2+6+2+7+4+1+2+3+2+2+3+2+4+4 -> 101 | J21: =IF(B21="","",(D21-G21-H21-I21)/D21) -> 0.90598291 | K21: 0 | L21: =2+5+40+4+4+2+11+4+2+6+4+1+22+15+9 -> 131 | M21: =IF(B21="","",(D21-G21-H21-I21-K21-L21-E21)/D21) -> 0.85730212 | N21: 17000 | O21: =AVERAGE(17000,11000,17000,17000,11000,17000,16000,17000,17000,17000,17000,17000,16000,16800,17500,18000,18000) -> 16311.765 | P21: =IF(B21="","",O21/N21) -> 0.95951557 | Q21: 8119 | R21: 14 | U21: =IF(S21="","",(T21-C21)) | V21: =IF(B21="","",IF(U21<3,(Q21-R21)/Q21,(Q21-R21-S21)/Q21)) -> 0.99827565 | W21: =IF(B21="","",V21*P21*J21) -> 0.86780572 | X21: =IF(B21="","",V21*P21*M21) -> 0.82117629
A22: Vitamalt | B22: 45744 | C22: 45744.33 | D22: =IF(B22="","",(C22-B22)*24*60) -> 475 | E22: 100 | F22: 90 | G22: =IF(E22="","",F22-E22) -> -10 | H22: =5+57+60+9+5+5 -> 141 | I22: =3+4+3+1+3+1+3+3+3+1+4+2+4+2+3+1 -> 41 | J22: =IF(B22="","",(D22-G22-H22-I22)/D22) -> 0.63789474 | K22: 0 | L22: =3+3+3+3+30 -> 42 | M22: =IF(B22="","",(D22-G22-H22-I22-K22-L22-E22)/D22) -> 0.33894737 | N22: 17000 | O22: =AVERAGE(17000,17000,13000,17000,17000,17000) -> 16333.333 | P22: =IF(B22="","",O22/N22) -> 0.96078431 | Q22: 2568 | R22: 4 | U22: =IF(S22="","",(T22-C22)) | V22: =IF(B22="","",IF(U22<3,(Q22-R22)/Q22,(Q22-R22-S22)/Q22)) -> 0.99844237 | W22: =IF(B22="","",V22*P22*J22) -> 0.61192462 | X22: =IF(B22="","",V22*P22*M22) -> 0.32514806
A23: Stag Local to Carib Amber | B23: 45747.081 | C23: 45748 | D23: =IF(B23="","",(C23-B23)*24*60) -> 1324 | E23: 10 | F23: =10+2+13 -> 25 | G23: =IF(E23="","",F23-E23) -> 15 | H23: =6+5+60+60+60+10+34 -> 235 | I23: =4+2+4+2+3+4+1+4+4+2+1+3+4+3+1+1+2+3+4+4+2+4+4+3+2+4+2+3+2+1+3+1+2+2+2+2+2+4+1+1+3+2+3+3 -> 114 | J23: =IF(B23="","",(D23-G23-H23-I23)/D23) -> 0.72507553 | K23: =40 -> 40 | L23: =33+25+50+10+17+3+5+7 -> 150 | M23: =IF(B23="","",(D23-G23-H23-I23-K23-L23-E23)/D23) -> 0.57401813 | N23: 17000 | O23: =AVERAGE(17000,17000,17000,17000,17000,17000,17000,17000,17000,17000,17000) -> 17000 | P23: =IF(B23="","",O23/N23) -> 1 | Q23: 6411 | R23: =16+5 -> 21 | S23: =140+46 -> 186 | T23: 45749.781 | U23: =IF(S23="","",(T23-C23)) -> 1.78125 | V23: =IF(B23="","",IF(U23<3,(Q23-R23)/Q23,(Q23-R23-S23)/Q23)) -> 0.99672438 | W23: =IF(B23="","",V23*P23*J23) -> 0.72270046 | X23: =IF(B23="","",V23*P23*M23) -> 0.57213786
D24: =IF(B24="","",(C24-B24)*24*60) | G24: =IF(E24="","",F24-E24) | J24: =IF(B24="","",(D24-G24-H24-I24)/D24) | M24: =IF(B24="","",(D24-G24-H24-I24-K24-L24-E24)/D24) | P24: =IF(B24="","",O24/N24) | U24: =IF(S24="","",(T24-C24)) | V24: =IF(B24="","",IF(U24<3,(Q24-R24)/Q24,(Q24-R24-S24)/Q24)) | W24: =IF(B24="","",V24*P24*J24) | X24: =IF(B24="","",V24*P24*M24)
D25: =IF(B25="","",(C25-B25)*24*60) | G25: =IF(E25="","",F25-E25) | J25: =IF(B25="","",(D25-G25-H25-I25)/D25) | M25: =IF(B25="","",(D25-G25-H25-I25-K25-L25-E25)/D25) | P25: =IF(B25="","",O25/N25) | U25: =IF(S25="","",(T25-C25)) | V25: =IF(B25="","",IF(U25<3,(Q25-R25)/Q25,(Q25-R25-S25)/Q25)) | W25: =IF(B25="","",V25*P25*J25) | X25: =IF(B25="","",V25*P25*M25)
D26: =IF(B26="","",(C26-B26)*24*60) | G26: =IF(E26="","",F26-E26) | J26: =IF(B26="","",(D26-G26-H26-I26)/D26) | M26: =IF(B26="","",(D26-G26-H26-I26-K26-L26-E26)/D26) | P26: =IF(B26="","",O26/N26) | U26: =IF(S26="","",(T26-C26)) | V26: =IF(B26="","",IF(U26<3,(Q26-R26)/Q26,(Q26-R26-S26)/Q26)) | W26: =IF(B26="","",V26*P26*J26) | X26: =IF(B26="","",V26*P26*M26)
D27: =IF(B27="","",(C27-B27)*24*60) | G27: =IF(E27="","",F27-E27) | J27: =IF(B27="","",(D27-G27-H27-I27)/D27) | M27: =IF(B27="","",(D27-G27-H27-I27-K27-L27-E27)/D27) | P27: =IF(B27="","",O27/N27) | U27: =IF(S27="","",(T27-C27)) | V27: =IF(B27="","",IF(U27<3,(Q27-R27)/Q27,(Q27-R27-S27)/Q27)) | W27: =IF(B27="","",V27*P27*J27) | X27: =IF(B27="","",V27*P27*M27)
D28: =IF(B28="","",(C28-B28)*24*60) | G28: =IF(E28="","",F28-E28) | J28: =IF(B28="","",(D28-G28-H28-I28)/D28) | M28: =IF(B28="","",(D28-G28-H28-I28-K28-L28-E28)/D28) | P28: =IF(B28="","",O28/N28) | U28: =IF(S28="","",(T28-C28)) | V28: =IF(B28="","",IF(U28<3,(Q28-R28)/Q28,(Q28-R28-S28)/Q28)) | W28: =IF(B28="","",V28*P28*J28) | X28: =IF(B28="","",V28*P28*M28)
D29: =IF(B29="","",(C29-B29)*24*60) | G29: =IF(E29="","",F29-E29) | J29: =IF(B29="","",(D29-G29-H29-I29)/D29) | M29: =IF(B29="","",(D29-G29-H29-I29-K29-L29-E29)/D29) | P29: =IF(B29="","",O29/N29) | U29: =IF(S29="","",(T29-C29)) | V29: =IF(B29="","",IF(U29<3,(Q29-R29)/Q29,(Q29-R29-S29)/Q29)) | W29: =IF(B29="","",V29*P29*J29) | X29: =IF(B29="","",V29*P29*M29)
D30: =IF(B30="","",(C30-B30)*24*60) | G30: =IF(E30="","",F30-E30) | J30: =IF(B30="","",(D30-G30-H30-I30)/D30) | M30: =IF(B30="","",(D30-G30-H30-I30-K30-L30-E30)/D30) | P30: =IF(B30="","",O30/N30) | U30: =IF(S30="","",(T30-C30)) | V30: =IF(B30="","",IF(U30<3,(Q30-R30)/Q30,(Q30-R30-S30)/Q30)) | W30: =IF(B30="","",V30*P30*J30) | X30: =IF(B30="","",V30*P30*M30)
D31: =IF(B31="","",(C31-B31)*24*60) | G31: =IF(E31="","",F31-E31) | J31: =IF(B31="","",(D31-G31-H31-I31)/D31) | M31: =IF(B31="","",(D31-G31-H31-I31-K31-L31-E31)/D31) | P31: =IF(B31="","",O31/N31) | U31: =IF(S31="","",(T31-C31)) | V31: =IF(B31="","",IF(U31<3,(Q31-R31)/Q31,(Q31-R31-S31)/Q31)) | W31: =IF(B31="","",V31*P31*J31) | X31: =IF(B31="","",V31*P31*M31)
D32: =IF(B32="","",(C32-B32)*24*60) | G32: =IF(E32="","",F32-E32) | J32: =IF(B32="","",(D32-G32-H32-I32)/D32) | M32: =IF(B32="","",(D32-G32-H32-I32-K32-L32-E32)/D32) | P32: =IF(B32="","",O32/N32) | U32: =IF(S32="","",(T32-C32)) | V32: =IF(B32="","",IF(U32<3,(Q32-R32)/Q32,(Q32-R32-S32)/Q32)) | W32: =IF(B32="","",V32*P32*J32) | X32: =IF(B32="","",V32*P32*M32)
D33: =IF(B33="","",(C33-B33)*24*60) | G33: =IF(E33="","",F33-E33) | J33: =IF(B33="","",(D33-G33-H33-I33)/D33) | M33: =IF(B33="","",(D33-G33-H33-I33-K33-L33-E33)/D33) | P33: =IF(B33="","",O33/N33) | U33: =IF(S33="","",(T33-C33)) | V33: =IF(B33="","",IF(U33<3,(Q33-R33)/Q33,(Q33-R33-S33)/Q33)) | W33: =IF(B33="","",V33*P33*J33) | X33: =IF(B33="","",V33*P33*M33)
D34: =IF(B34="","",(C34-B34)*24*60) | G34: =IF(E34="","",F34-E34) | J34: =IF(B34="","",(D34-G34-H34-I34)/D34) | M34: =IF(B34="","",(D34-G34-H34-I34-K34-L34-E34)/D34) | P34: =IF(B34="","",O34/N34) | U34: =IF(S34="","",(T34-C34)) | V34: =IF(B34="","",IF(U34<3,(Q34-R34)/Q34,(Q34-R34-S34)/Q34)) | W34: =IF(B34="","",V34*P34*J34) | X34: =IF(B34="","",V34*P34*M34)
D35: =IF(B35="","",(C35-B35)*24*60) | G35: =IF(E35="","",F35-E35) | J35: =IF(B35="","",(D35-G35-H35-I35)/D35) | M35: =IF(B35="","",(D35-G35-H35-I35-K35-L35-E35)/D35) | P35: =IF(B35="","",O35/N35) | U35: =IF(S35="","",(T35-C35)) | V35: =IF(B35="","",IF(U35<3,(Q35-R35)/Q35,(Q35-R35-S35)/Q35)) | W35: =IF(B35="","",V35*P35*J35) | X35: =IF(B35="","",V35*P35*M35)
... D37: =IF(B37="","",(C37-B37)*24*60) | G37: =IF(E37="","",F37-E37) | J37: =IF(B37="","",(D37-G37-H37-I37)/D37) | M37: =IF(B37="","",(D37-G37-H37-I37-K37-L37-E37)/D37) | P37: =IF(B37="","",O37/N37) | U37: =IF(S37="","",(T37-C37)) | V37: =IF(B37="","",IF(U37<3,(Q37-R37)/Q37,(Q37-R37-S37)/Q37)) | W37: =IF(B37="","",V37*P37*J37) | X37: =IF(B37="","",V37*P37*M37)
B38: Total | D38: =SUM(D3:D37) -> 26174 | E38: =SUM(E3:E37) -> 717 | F38: =SUM(F3:F37) -> 1081 | G38: =SUM(G3:G37) -> 364 | H38: =SUM(H2:H37) -> 5224 | I38: =SUM(I3:I37) -> 1256 | J38: =(D38-G38-H38-I38)/D38 -> 0.73851914 | K38: =SUM(K3:K37) -> 40 | L38: =SUM(L3:L37) -> 1876 | M38: =(D38-G38-H38-I38-E38-K38-L38)/D38 -> 0.63792313 | N38: =AVERAGE(N3:N37) -> 17000 | O38: =AVERAGE(O3:O37) -> 16228.694 | P38: =O38/N38 -> 0.95462905 | Q38: =SUM(Q3:Q35) -> 105259 | V38: =AVERAGE(V3:V37) -> 0.98244896 | W38: =V38*P38*J38 -> 0.69263813 | X38: =V38*P38*M38 -> 0.59829172
X39: =AVERAGE('January 2025 (w Utilization)'!X38,'February 2025 (w Utilization) '!X38,'March 2025 (w Utilization'!X38) -> 0.60057709
P41: =AVERAGE(X38,'February 2025 (w Utilization) '!X38,'January 2025 (w Utilization)'!X38)*100 -> 60.057709
D46: Real | E46: Opportunity
C47: OEE | D47: =W38 -> 0.69263813 | E47: =100%-D47 -> 0.30736187
C48: OEE Utilization | D48: =X38 -> 0.59829172 | E48: =100%-D48 -> 0.40170828
C49: Availability (for OEE) | D49: =J38 -> 0.73851914 | E49: =100%-D49 -> 0.26148086
C50: Availability (for OEE Utilization) | D50: =M38 -> 0.63792313 | E50: =100%-D50 -> 0.36207687
C51: Performance | D51: =P38 -> 0.95462905 | E51: =100%-D51 -> 0.045370954
C52: =V2 -> Quality | D52: =V38 -> 0.98244896 | E52: =100%-D52 -> 0.01755104

Sheet April 2025 (w Utilization) 
C1: OEE Calculation | G1: CARIB BREWERY
A2: SKU | B2: Start Time dd/mm/yyyy h:mm | C2: End Time dd/mm/yyyy h:mm (when production actually ends) | D2: Available time /mins | E2: Changeover Standard time /mins | F2: Actual Changeover /mins | G2: Changeover Deviation /mins | H2: Total Breakdowns /mins | I2: Total Minor Stops /mins | J2: Availability (for OEE) | K2: Planned Downtime /mins | L2: External Downtime /mins | M2: Availability (for OEE Utilization) | N2: Nominal Speed | O2: Actual (Average) Speed | P2: Performance | Q2: Total Products Produced /Cases | R2: Low Fill /Cases | S2: Embargo /cases | T2: Embargo release date | U2: Embargo Residence time /days | V2: Quality | W2: OEE | X2: OEE Utilization
A3: Carib Amber to Stag Local | B3: 45748 | C3: 45749 | D3: =IF(B3="","",(C3-B3)*24*60) -> 1440 | E3: 10 | F3: 12 | G3: =IF(E3="","",F3-E3) -> 2 | H3: =13+5+5+5+25+11+12+5+5+6+6+5+5+5 -> 113 | I3: =2+4+3+4+2+2+2+2+1+1+3+3+2+4+3+4+4+3+2+4+1+3+3+2+1+1+1+2+4+2+1+2+2+2+1+3+3+2+1+3+2+2+2+2+4+3+2+2+2 -> 116 | J3: =IF(B3="","",(D3-G3-H3-I3)/D3) -> 0.83958333 | K3: 0 | L3: =5+5+2+1+3 -> 16 | M3: =IF(A3="","",(C3-F3-G3-H3-J3-L3-D3)/C3) -> 0.9653798 | N3: 17000 | O3: =AVERAGE(17000,17000,17000,17000,17000,17000,17000,17000,17000,17000,17000,17000,17000,17500,17500,17500,17500) -> 17117.647 | P3: =IF(A3="","",O3/N3) -> 1.0069204 | Q3: 9682 | R3: =6+4 -> 10 | S3: 26.6 | T3: 45748.639 | U3: =IF(S3="","",(T3-C3)) -> -0.36111111 | V3: =IF(B3="","",IF(U3<3,(Q3-R3)/Q3,(Q3-R3-S3)/Q3)) -> 0.99896716 | W3: =IF(B3="","",V3*P3*J3) -> 0.84452044 | X3: =IF(B3="","",V3*P3*M3) -> 0.97105664
A4: Stag Local | B4: 45749 | C4: 45749.478 | D4: =IF(B4="","",(C4-B4)*24*60) -> 688 | E4: 0 | F4: 0 | G4: =IF(E4="","",F4-E4) -> 0 | H4: =5+10+8+18+23+6+6+8+9+5+5 -> 103 | I4: =3+4+4+2+4+4+2+4+4+3+2+3+4+4+3+3+1+3+2+3+4+4+4+3+4 -> 81 | J4: =IF(B4="","",(D4-G4-H4-I4)/D4) -> 0.73255814 | K4: 0 | L4: =35 -> 35 | M4: =IF(A4="","",(C4-F4-G4-H4-J4-L4-D4)/C4) -> 0.98192914 | N4: 17000 | O4: =AVERAGE(17000,17000,17000,17000,17000,17000,17000,17000,17000,17000,17000,17000) -> 17000 | P4: =IF(A4="","",O4/N4) -> 1 | Q4: 3638 | R4: =8+3 -> 11 | U4: =IF(S4="","",(T4-C4)) | V4: =IF(B4="","",IF(U4<3,(Q4-R4)/Q4,(Q4-R4-S4)/Q4)) -> 0.99697636 | W4: =IF(B4="","",V4*P4*J4) -> 0.73034315 | X4: =IF(B4="","",V4*P4*M4) -> 0.97896014
A5: Caribe Pearsecco | B5: 45750.705 | C5: 45751 | D5: =IF(B5="","",(C5-B5)*24*60) -> 425 | E5: 0 | F5: 0 | G5: =IF(E5="","",F5-E5) -> 0 | H5: =7+5+5+5+8+20+18+13 -> 81 | I5: =3+4+4+4+3+2+3+2+3+4+2+3+4+3+2+2+3 -> 51 | J5: =IF(B5="","",(D5-G5-H5-I5)/D5) -> 0.68941176 | K5: 0 | L5: =6+4+3+5+2+10+2+4 -> 36 | M5: =IF(A5="","",(C5-F5-G5-H5-J5-L5-D5)/C5) -> 0.9881382 | N5: 17000 | O5: =AVERAGE(17000,17000,17000,17000,17000,17000,17000,17000) -> 17000 | P5: =IF(A5="","",O5/N5) -> 1 | Q5: 1585 | R5: 8 | S5: 16 | U5: =IF(S5="","",(T5-C5)) -> -45751 | V5: =IF(B5="","",IF(U5<3,(Q5-R5)/Q5,(Q5-R5-S5)/Q5)) -> 0.99495268 | W5: =IF(B5="","",V5*P5*J5) -> 0.68593208 | X5: =IF(B5="","",V5*P5*M5) -> 0.98315075
A6: Caribe Pearsecco to Rose to Carib Amber | B6: 45751 | C6: 45751.338 | D6: =IF(B6="","",(C6-B6)*24*60) -> 487 | E6: =45+60 -> 105 | F6: =15+9+8+15+5+9 -> 61 | G6: =IF(E6="","",F6-E6) -> -44 | H6: =16+5+7+5+11+6+38+18+5+8+13 -> 132 | I6: =4+3+3+3+3+4+3+2+4+4+4+1+2+2+2+2+3+4+4+2+1+2+2+2+4+2+1+4+2+2+2+2+2+2+2 -> 91 | J6: =IF(B6="","",(D6-G6-H6-I6)/D6) -> 0.63244353 | K6: 0 | L6: =34+7+4+5+7+4+15+11+11+2+3 -> 103 | M6: =IF(A6="","",(C6-F6-G6-H6-J6-L6-D6)/C6) -> 0.98383364 | N6: 17000 | O6: =AVERAGE(17000,17000,17000,17000,17000,17000,17000,17000,17000) -> 17000 | P6: =IF(A6="","",O6/N6) -> 1 | Q6: 5614 | R6: =6+2+10 -> 18 | U6: =IF(S6="","",(T6-C6)) | V6: =IF(B6="","",IF(U6<3,(Q6-R6)/Q6,(Q6-R6-S6)/Q6)) -> 0.99679373 | W6: =IF(B6="","",V6*P6*J6) -> 0.63041575 | X6: =IF(B6="","",V6*P6*M6) -> 0.98067921
A7: Carib Amber to Carib Flint Local | B7: 45754.087 | C7: 45755 | D7: =IF(B7="","",(C7-B7)*24*60) -> 1315 | E7: 7 | F7: 8 | G7: =IF(E7="","",F7-E7) -> 1 | H7: =5+6+13+7+14+5+5+10+5+5+5+5+10+36 -> 131 | I7: =2+3+2+2+4+4+2+3+2+3+4+4+4+2+1+2+2+2+1+4+1+1+4+2+3+4+1+3+4+1+4+4+4+2+1+2+4+4+4+4 -> 110 | J7: =IF(B7="","",(D7-G7-H7-I7)/D7) -> 0.81596958 | K7: 0 | L7: =15+10+15+2 -> 42 | M7: =IF(A7="","",(C7-F7-G7-H7-J7-L7-D7)/C7) -> 0.96726443 | N7: 17000 | O7: =AVERAGE(17000,17000,17000,17000,17000,17000,17000,17000,17000,17000,17000,1700,17000,17000,17000,17000,14000,17000,17000,17000) -> 16085 | P7: =IF(A7="","",O7/N7) -> 0.94617647 | Q7: 9200 | R7: =11+4 -> 15 | U7: =IF(S7="","",(T7-C7)) | V7: =IF(B7="","",IF(U7<3,(Q7-R7)/Q7,(Q7-R7-S7)/Q7)) -> 0.99836957 | W7: =IF(B7="","",V7*P7*J7) -> 0.77079244 | X7: =IF(B7="","",V7*P7*M7) -> 0.91371067
A8: Carib Flint Local to Stag Local | B8: 45755.012 | C8: 45756 | D8: =IF(B8="","",(C8-B8)*24*60) -> 1422 | E8: 10 | F8: 9 | G8: =IF(E8="","",F8-E8) -> -1 | H8: =6+5+5+19+7+8+15+7+6+21+11+15+6+12+11+5+12+41+10+21+6+5+9+5+5+5+5 -> 283 | I8: =2+3+2+4+2+1+1+4+4+4+2+3+2+2+4+3+2+10+4+2+4+2+4+3+2+1+4+4+4+2+4+2+1+1+4+1+3+3+1+2+1+4 -> 118 | J8: =IF(B8="","",(D8-G8-H8-I8)/D8) -> 0.71870605 | K8: 0 | L8: =3+3+60+38+4+2+17+14+8 -> 149 | M8: =IF(A8="","",(C8-F8-G8-H8-J8-L8-D8)/C8) -> 0.95929018 | N8: 17000 | O8: =AVERAGE(17000,17000,17000,16800,16800,16800,16800,17000,17000,17000,17000,17000,17000,17000,12000,17000,17000) -> 16658.824 | P8: =IF(A8="","",O8/N8) -> 0.9799308 | Q8: 6893 | R8: =15+10 -> 25 | S8: =9+70+3.18 -> 82.18 | T8: 45758.637 | U8: =IF(S8="","",(T8-C8)) -> 2.6375 | V8: =IF(B8="","",IF(U8<3,(Q8-R8)/Q8,(Q8-R8-S8)/Q8)) -> 0.99637313 | W8: =IF(B8="","",V8*P8*J8) -> 0.70172785 | X8: =IF(B8="","",V8*P8*M8) -> 0.93662859
A9: Stag Local to Guinness to Starmalt | B9: 45756 | C9: 45757 | D9: =IF(B9="","",(C9-B9)*24*60) -> 1440 | E9: =25+45 -> 70 | F9: =15+20+8+15+37 -> 95 | G9: =IF(E9="","",F9-E9) -> 25 | H9: =14+45+6+6+5+11+5+31+5+6+5+5+6+8+7+10+5+20+25+5+5+5+5 -> 245 | I9: =1+2+3+2+3+3+2+2+2+4+4+3+3+4+1+1+4+4+4+2+2+4+1+4+4+3+3 -> 75 | J9: =IF(B9="","",(D9-G9-H9-I9)/D9) -> 0.76041667 | K9: 0 | L9: =2+3+5+2+6+8+1 -> 27 | M9: =IF(A9="","",(C9-F9-G9-H9-J9-L9-D9)/C9) -> 0.95994579 | N9: 17000 | O9: =AVERAGE(,16800,16800,17000,16800,16800,16800,16800,16800,17000,17000,1700,17000,17000,17000,16000,17000,17000,17000,17000) -> 15265 | P9: =IF(B9="","",O9/N9) -> 0.89794118 | Q9: 7701 | R9: =3+4+10+4 -> 21 | U9: =IF(S9="","",(T9-C9)) | V9: =IF(B9="","",IF(U9<3,(Q9-R9)/Q9,(Q9-R9-S9)/Q9)) -> 0.99727308 | W9: =IF(B9="","",V9*P9*J9) -> 0.68094747 | X9: =IF(B9="","",V9*P9*M9) -> 0.85962432
A10: Starmalt to Carib Amber to J.Cool Sorrel | B10: 45757.006 | C10: 45757.956 | D10: =IF(B10="","",(C10-B10)*24*60) -> 1369 | E10: =45+120 -> 165 | F10: =60+60+60+8+4 -> 192 | G10: =IF(E10="","",F10-E10) -> 27 | H10: =11+5+16+10+9+8+34+11+5+11+5+5 -> 130 | I10: =4+1+3+4+2+2+4+2+3+4+2+2+4+3+4+4+4+3 -> 55 | J10: =IF(B10="","",(D10-G10-H10-I10)/D10) -> 0.84514244 | K10: 0 | L10: =2+10+6+2+60+60+60+2 -> 202 | M10: =IF(B10="","",(D10-G10-H10-I10-K10-L10-E10)/D10) -> 0.57706355 | N10: 17000 | O10: =AVERAGE(14000,14000) -> 14000 | P10: =IF(B10="","",O10/N10) -> 0.82352941 | Q10: 4764 | R10: 31 | U10: =IF(S10="","",(T10-C10)) | V10: =IF(B10="","",IF(U10<3,(Q10-R10)/Q10,(Q10-R10-S10)/Q10)) -> 0.99349286 | W10: =IF(B10="","",V10*P10*J10) -> 0.69147069 | X10: =IF(B10="","",V10*P10*M10) -> 0.47213643
A11: Carib Amber to Stag Local to Carib Amber | B11: 45761.122 | C11: 45762 | D11: =IF(B11="","",(C11-B11)*24*60) -> 1265 | E11: =10+10 -> 20 | F11: =13+13 -> 26 | G11: =IF(E11="","",F11-E11) -> 6 | H11: =15+25+60+60+20+20+7+5+12+9 -> 233 | I11: =1+4+1+3+4+2+4+4+1+2+3+2+1+2+2+4+4+3+3+2+3+3+3+4 -> 65 | J11: =IF(B11="","",(D11-G11-H11-I11)/D11) -> 0.75968379 | K11: 0 | L11: =3+3+4+2+14+34+4+9+3+21 -> 97 | M11: =IF(B11="","",(D11-G11-H11-I11-K11-L11-E11)/D11) -> 0.66719368 | N11: 17000 | O11: =AVERAGE(17000,17000,17000,17000,17000,17000,17000,17000,17000,17000,17000,17000,17000,17000) -> 17000 | P11: =IF(B11="","",O11/N11) -> 1 | Q11: 7280 | R11: 17 | S11: =100+13 -> 113 | T11: 45762.635 | U11: =IF(S11="","",(T11-C11)) -> 0.63541667 | V11: =IF(B11="","",IF(U11<3,(Q11-R11)/Q11,(Q11-R11-S11)/Q11)) -> 0.99766484 | W11: =IF(B11="","",V11*P11*J11) -> 0.75790981 | X11: =IF(B11="","",V11*P11*M11) -> 0.66563567
A12: Carib Amber to Carib Flint to Vitamalt | B12: 45762.01 | C12: 45763 | D12: =IF(B12="","",(C12-B12)*24*60) -> 1425 | E12: =7+100 -> 107 | F12: =2+8+157 -> 167 | G12: =IF(E12="","",F12-E12) -> 60 | H12: =9+11+8+7+12+60+60+60+60 -> 287 | I12: =3+1+3+2+3+4+4+2+1+4+4+4+1+3+3+1+2+3+2+1+1+1+3+4+4+4+2+4+1+2+4+3 -> 84 | J12: =IF(B12="","",(D12-G12-H12-I12)/D12) -> 0.69754386 | K12: 0 | L12: =15+35+3+3+1+2+4+3+4+15+34 -> 119 | M12: =IF(B12="","",(D12-G12-H12-I12-K12-L12-E12)/D12) -> 0.53894737 | N12: 17000 | O12: =AVERAGE(17000,17000,17000,17000,17000,17000,17000,17000,17000,17500,17000,17000,17000) -> 17038.462 | P12: =IF(B12="","",O12/N12) -> 1.0022624 | Q12: 7361 | R12: 3 | U12: =IF(S12="","",(T12-C12)) | V12: =IF(B12="","",IF(U12<3,(Q12-R12)/Q12,(Q12-R12-S12)/Q12)) -> 0.99959245 | W12: =IF(B12="","",V12*P12*J12) -> 0.69883708 | X12: =IF(B12="","",V12*P12*M12) -> 0.53994656
A13: Vitamalt Classic to Vitamalt Ginger to Ting | B13: 45763.042 | C13: 45764.043 | D13: =IF(B13="","",(C13-B13)*24*60) -> 1442 | E13: =5+100 -> 105 | F13: =9+175 -> 184 | G13: =IF(E13="","",F13-E13) -> 79 | H13: =60+6+8+5+14+5+7+11+8+5+8+8+5+8 -> 158 | I13: =3+4+2+1+3+1+1+2+2+3+4+1+4+3+2+1+4+4+4+4+4+2+1+3+2+2+2+2+3+4+2+3+2+3+2+4+4+2 -> 100 | J13: =IF(B13="","",(D13-G13-H13-I13)/D13) -> 0.76629681 | K13: 0 | L13: =30+2+14+2+3+4+5+35+34+12+2+4+13+6+3 -> 169 | M13: =IF(B13="","",(D13-G13-H13-I13-K13-L13-E13)/D13) -> 0.57628294 | N13: 17000 | O13: =AVERAGE(17000,17000,17000,17000,17000,17000,17000,17000,16000,16000,17000,17000,17000,17000,17000,17000,17000,17000,17000) -> 16894.737 | P13: =IF(B13="","",O13/N13) -> 0.99380805 | Q13: 7225 | R13: 14 | U13: =IF(S13="","",(T13-C13)) | V13: =IF(B13="","",IF(U13<3,(Q13-R13)/Q13,(Q13-R13-S13)/Q13)) -> 0.99806228 | W13: =IF(B13="","",V13*P13*J13) -> 0.76007627 | X13: =IF(B13="","",V13*P13*M13) -> 0.57160487
A14: Carib Amber to Stag Local | B14: 45764.108 | C14: 45764.917 | D14: =IF(B14="","",(C14-B14)*24*60) -> 1165 | E14: =45+10 -> 55 | F14: =58+7 -> 65 | G14: =IF(E14="","",F14-E14) -> 10 | H14: =16+11+5+8+8+9+6+45+23+20+6+6 -> 163 | I14: =3+2+3+4+3+1+1+4+1+2+3+4+1+1+1+3+1+2+2+3+2+2+2+3+4+4+1+6+3+3+4+2+3+4 -> 88 | J14: =IF(B14="","",(D14-G14-H14-I14)/D14) -> 0.77596567 | K14: 18 | L14: =30+3+10+1+6+5+35+3+4 -> 97 | M14: =IF(B14="","",(D14-G14-H14-I14-K14-L14-E14)/D14) -> 0.63004292 | N14: 17000 | O14: =AVERAGE(17000,17000,17000,17000,17000,17000,17000,17000,17000,17000,17000,17000,17000,17000,17000,17000,17000) -> 17000 | P14: =IF(B14="","",O14/N14) -> 1 | Q14: 7298 | R14: 19 | U14: =IF(S14="","",(T14-C14)) | V14: =IF(B14="","",IF(U14<3,(Q14-R14)/Q14,(Q14-R14-S14)/Q14)) -> 0.99739655 | W14: =IF(B14="","",V14*P14*J14) -> 0.77394548 | X14: =IF(B14="","",V14*P14*M14) -> 0.62840263
A15: Stag Local | B15: 45769.344 | C15: 45770 | D15: =IF(B15="","",(C15-B15)*24*60) -> 945 | E15: 0 | F15: 0 | G15: =IF(E15="","",F15-E15) -> 0 | H15: =7+15+36+60 +60+60+60+60+60+60+60+ 60+60+60+60 -> 778 | I15: =2 -> 2 | J15: =IF(B15="","",(D15-G15-H15-I15)/D15) -> 0.17460317 | K15: 0 | L15: =6 -> 6 | M15: =IF(B15="","",(D15-G15-H15-I15-K15-L15-E15)/D15) -> 0.16825397 | N15: 17000 | O15: =AVERAGE(17000) -> 17000 | P15: =IF(B15="","",O15/N15) -> 1 | Q15: 258 | R15: 3 | S15: 222 | U15: =IF(S15="","",(T15-C15)) -> -45770 | V15: =IF(B15="","",IF(U15<3,(Q15-R15)/Q15,(Q15-R15-S15)/Q15)) -> 0.98837209 | W15: =IF(B15="","",V15*P15*J15) -> 0.17257291 | X15: =IF(B15="","",V15*P15*M15) -> 0.16629753
A16: Stag Local to Carib Amber | B16: 45770.597 | C16: 45771 | D16: =IF(B16="","",(C16-B16)*24*60) -> 580 | E16: 10 | F16: =9+3 -> 12 | G16: =IF(E16="","",F16-E16) -> 2 | H16: =20+5+11+5+8+5+5+7+10+12+7+15+8+8+27 -> 153 | I16: =3+4+2+2+2+2+3+3+4+4+3+3+4+3+2 -> 44 | J16: =IF(B16="","",(D16-G16-H16-I16)/D16) -> 0.65689655 | K16: 0 | L16: =10 -> 10 | M16: =IF(B16="","",(D16-G16-H16-I16-K16-L16-E16)/D16) -> 0.62241379 | N16: 17000 | O16: =AVERAGE(15000,15000,14000,14000,14000,14000,13000,14000,14000) -> 14111.111 | P16: =IF(B16="","",O16/N16) -> 0.83006536 | Q16: 2813 | R16: 34 | U16: =IF(S16="","",(T16-C16)) | V16: =IF(B16="","",IF(U16<3,(Q16-R16)/Q16,(Q16-R16-S16)/Q16)) -> 0.98791326 | W16: =IF(B16="","",V16*P16*J16) -> 0.53867657 | X16: =IF(B16="","",V16*P16*M16) -> 0.51039959
A17: Carib Amber to Guinness | B17: 45771 | C17: 45772 | D17: =IF(B17="","",(C17-B17)*24*60) -> 1440 | E17: 25 | F17: 13 | G17: =IF(E17="","",F17-E17) -> -12 | H17: =13+13+17+25+35+8+10+60+60+60+60+60+60+60+60+60+60+15+15+11+17+5+30+52+5+10+5 -> 886 | I17: =2+2+1+3+2+3+2+2+2+2+2+1 -> 24 | J17: =IF(B17="","",(D17-G17-H17-I17)/D17) -> 0.37638889 | K17: 0 | L17: =11+6 -> 17 | M17: =IF(B17="","",(D17-G17-H17-I17-K17-L17-E17)/D17) -> 0.34722222 | N17: 17000 | O17: =AVERAGE(17000,17000,15000,15000,15000,15000,14000,14000,14000,14500,17000) -> 15227.273 | P17: =IF(B17="","",O17/N17) -> 0.89572193 | Q17: 3710 | R17: =8+8 -> 16 | U17: =IF(S17="","",(T17-C17)) | V17: =IF(B17="","",IF(U17<3,(Q17-R17)/Q17,(Q17-R17-S17)/Q17)) -> 0.99568733 | W17: =IF(B17="","",V17*P17*J17) -> 0.33568581 | X17: =IF(B17="","",V17*P17*M17) -> 0.30967325
A18: Guinness to Mackeson to Carib | B18: 45772 | C18: 45772.422 | D18: =IF(B18="","",(C18-B18)*24*60) -> 608 | E18: =30+45 -> 75 | F18: =76+90 -> 166 | G18: =IF(E18="","",F18-E18) -> 91 | H18: =11+9+5+7+8+25+5 -> 70 | I18: =2+2+2+4+2+1+2+1+1+2+3+4+2+1+4+4+3+4+1+3+3+3+2+1+2+2+2+2+1+1+2+4+1+2 -> 76 | J18: =IF(B18="","",(D18-G18-H18-I18)/D18) -> 0.61019737 | K18: 0 | L18: =5+2+20+11+6 -> 44 | M18: =IF(B18="","",(D18-G18-H18-I18-K18-L18-E18)/D18) -> 0.41447368 | N18: 17000 | O18: =AVERAGE(15000,15000,15000,15000,1500,17000,15000,15000,15000,15000,15000,15000,15000,15000) -> 14178.571 | P18: =IF(B18="","",O18/N18) -> 0.83403361 | Q18: 6743 | R18: 48 | S18: =4.3+1.13+22.13+0.8 -> 28.36 | U18: =IF(S18="","",(T18-C18)) -> -45772.422 | V18: =IF(B18="","",IF(U18<3,(Q18-R18)/Q18,(Q18-R18-S18)/Q18)) -> 0.99288151 | W18: =IF(B18="","",V18*P18*J18) -> 0.50530234 | X18: =IF(B18="","",V18*P18*M18) -> 0.34322423
A19: Stag Local | B19: 45775.158 | C19: 45776 | D19: =IF(B19="","",(C19-B19)*24*60) -> 1212 | E19: 0 | F19: 0 | G19: =IF(E19="","",F19-E19) -> 0 | H19: =12+16+19+8+7+6+12+8+9+18 -> 115 | I19: =2+2+1+2+2+2+4+4+4+3+1+3+2+4+2+4+2+2+2+3+4+2+3+1+1+2+2+1+3+1+1+1+2+1+2+4+2+3+3 -> 90 | J19: =IF(B19="","",(D19-G19-H19-I19)/D19) -> 0.83085809 | K19: 0 | L19: =7+14+4+5 -> 30 | M19: =IF(B19="","",(D19-G19-H19-I19-K19-L19-E19)/D19) -> 0.80610561 | N19: 17000 | O19: =AVERAGE(15000,15000,15000,15000,15000,15000,15000,15000,15000,15000,15000,15000,15000,15000,15000,15000,15000,15000,15000,15000,15000,15000) -> 15000 | P19: =IF(B19="","",O19/N19) -> 0.88235294 | Q19: 7479 | R19: 77 | S19: =14+14 -> 28 | U19: =IF(S19="","",(T19-C19)) -> -45776 | V19: =IF(B19="","",IF(U19<3,(Q19-R19)/Q19,(Q19-R19-S19)/Q19)) -> 0.98970451 | W19: =IF(B19="","",V19*P19*J19) -> 0.72556235 | X19: =IF(B19="","",V19*P19*M19) -> 0.70394678
A20: Stag Local to Carib Amber | B20: 45776 | C20: 45777 | D20: =IF(B20="","",(C20-B20)*24*60) -> 1440 | E20: 10 | F20: 16 | G20: =IF(E20="","",F20-E20) -> 6 | H20: =6+21+9+14+6+18+7 -> 81 | I20: =1+1+2+3+1+3+4+2+3+3+2+3+2+2+4+3+3+2+2+4+2+2+4+3+1+2+1+1+1+2+1+3+1+4+1+3 -> 82 | J20: =IF(B20="","",(D20-G20-H20-I20)/D20) -> 0.88263889 | K20: =7+7 -> 14 | L20: =7+2+6+2+14+36+2+5+3+3+70 -> 150 | M20: =IF(B20="","",(D20-G20-H20-I20-K20-L20-E20)/D20) -> 0.76180556 | N20: 17000 | O20: =AVERAGE(15500,15500,15500,15500,15500,15500,15000,15000,15000,15000,15000,15000,15000) -> 15230.769 | P20: =IF(B20="","",O20/N20) -> 0.8959276 | Q20: 8960 | R20: =18+31 -> 49 | U20: =IF(S20="","",(T20-C20)) | V20: =IF(B20="","",IF(U20<3,(Q20-R20)/Q20,(Q20-R20-S20)/Q20)) -> 0.99453125 | W20: =IF(B20="","",V20*P20*J20) -> 0.78645596 | X20: =IF(B20="","",V20*P20*M20) -> 0.67879008
A21: Carib Amber to Guinness to Carib Amber | B21: 45777 | C21: 45777.925 | D21: =IF(B21="","",(C21-B21)*24*60) -> 1332 | E21: =25+45 -> 70 | F21: =45+18 -> 63 | G21: =IF(E21="","",F21-E21) -> -7 | H21: =10+30+10+5+5+8+6+7+8+28+17+5+15 -> 154 | I21: =1+2+1+1+1+1+1+2+2+2+2+3+2+4+4+4+2+1+2+1+1+2+4+2+4+4+4+2+1+4+2+1+1 -> 71 | J21: =IF(B21="","",(D21-G21-H21-I21)/D21) -> 0.83633634 | K21: 0 | L21: =10+2+4+20+6 -> 42 | M21: =IF(B21="","",(D21-G21-H21-I21-K21-L21-E21)/D21) -> 0.75225225 | N21: 17000 | O21: =AVERAGE(15000,15000,15000,15000,15000,15000,15000,15000,15000,15000,15000,15000,15000,15000,15000,15000,15000,15000,15000,15000) -> 15000 | P21: =IF(B21="","",O21/N21) -> 0.88235294 | Q21: 7323 | R21: 77 | S21: 5 | U21: =IF(S21="","",(T21-C21)) -> -45777.925 | V21: =IF(B21="","",IF(U21<3,(Q21-R21)/Q21,(Q21-R21-S21)/Q21)) -> 0.98948518 | W21: =IF(B21="","",V21*P21*J21) -> 0.73018448 | X21: =IF(B21="","",V21*P21*M21) -> 0.65677276
D22: =IF(B22="","",(C22-B22)*24*60) | G22: =IF(E22="","",F22-E22) | J22: =IF(B22="","",(D22-G22-H22-I22)/D22) | M22: =IF(B22="","",(D22-G22-H22-I22-K22-L22-E22)/D22) | P22: =IF(B22="","",O22/N22) | U22: =IF(S22="","",(T22-C22)) | V22: =IF(B22="","",IF(U22<3,(Q22-R22)/Q22,(Q22-R22-S22)/Q22)) | W22: =IF(B22="","",V22*P22*J22) | X22: =IF(B22="","",V22*P22*M22)
D23: =IF(B23="","",(C23-B23)*24*60) | G23: =IF(E23="","",F23-E23) | J23: =IF(B23="","",(D23-G23-H23-I23)/D23) | M23: =IF(B23="","",(D23-G23-H23-I23-K23-L23-E23)/D23) | P23: =IF(B23="","",O23/N23) | U23: =IF(S23="","",(T23-C23)) | V23: =IF(B23="","",IF(U23<3,(Q23-R23)/Q23,(Q23-R23-S23)/Q23)) | W23: =IF(B23="","",V23*P23*J23) | X23: =IF(B23="","",V23*P23*M23)
D24: =IF(B24="","",(C24-B24)*24*60) | G24: =IF(E24="","",F24-E24) | J24: =IF(B24="","",(D24-G24-H24-I24)/D24) | M24: =IF(B24="","",(D24-G24-H24-I24-K24-L24-E24)/D24) | P24: =IF(B24="","",O24/N24) | U24: =IF(S24="","",(T24-C24)) | V24: =IF(B24="","",IF(U24<3,(Q24-R24)/Q24,(Q24-R24-S24)/Q24)) | W24: =IF(B24="","",V24*P24*J24) | X24: =IF(B24="","",V24*P24*M24)
D25: =IF(B25="","",(C25-B25)*24*60) | G25: =IF(E25="","",F25-E25) | J25: =IF(B25="","",(D25-G25-H25-I25)/D25) | M25: =IF(B25="","",(D25-G25-H25-I25-K25-L25-E25)/D25) | P25: =IF(B25="","",O25/N25) | U25: =IF(S25="","",(T25-C25)) | V25: =IF(B25="","",IF(U25<3,(Q25-R25)/Q25,(Q25-R25-S25)/Q25)) | W25: =IF(B25="","",V25*P25*J25) | X25: =IF(B25="","",V25*P25*M25)
D26: =IF(B26="","",(C26-B26)*24*60) | G26: =IF(E26="","",F26-E26) | J26: =IF(B26="","",(D26-G26-H26-I26)/D26) | M26: =IF(B26="","",(D26-G26-H26-I26-K26-L26-E26)/D26) | P26: =IF(B26="","",O26/N26) | U26: =IF(S26="","",(T26-C26)) | V26: =IF(B26="","",IF(U26<3,(Q26-R26)/Q26,(Q26-R26-S26)/Q26)) | W26: =IF(B26="","",V26*P26*J26) | X26: =IF(B26="","",V26*P26*M26)
D27: =IF(B27="","",(C27-B27)*24*60) | G27: =IF(E27="","",F27-E27) | J27: =IF(B27="","",(D27-G27-H27-I27)/D27) | M27: =IF(B27="","",(D27-G27-H27-I27-K27-L27-E27)/D27) | P27: =IF(B27="","",O27/N27) | U27: =IF(S27="","",(T27-C27)) | V27: =IF(B27="","",IF(U27<3,(Q27-R27)/Q27,(Q27-R27-S27)/Q27)) | W27: =IF(B27="","",V27*P27*J27) | X27: =IF(B27="","",V27*P27*M27)
D28: =IF(B28="","",(C28-B28)*24*60) | G28: =IF(E28="","",F28-E28) | J28: =IF(B28="","",(D28-G28-H28-I28)/D28) | M28: =IF(B28="","",(D28-G28-H28-I28-K28-L28-E28)/D28) | P28: =IF(B28="","",O28/N28) | U28: =IF(S28="","",(T28-C28)) | V28: =IF(B28="","",IF(U28<3,(Q28-R28)/Q28,(Q28-R28-S28)/Q28)) | W28: =IF(B28="","",V28*P28*J28) | X28: =IF(B28="","",V28*P28*M28)
D29: =IF(B29="","",(C29-B29)*24*60) | G29: =IF(E29="","",F29-E29) | J29: =IF(B29="","",(D29-G29-H29-I29)/D29) | M29: =IF(B29="","",(D29-G29-H29-I29-K29-L29-E29)/D29) | P29: =IF(B29="","",O29/N29) | U29: =IF(S29="","",(T29-C29)) | V29: =IF(B29="","",IF(U29<3,(Q29-R29)/Q29,(Q29-R29-S29)/Q29)) | W29: =IF(B29="","",V29*P29*J29) | X29: =IF(B29="","",V29*P29*M29)
D30: =IF(B30="","",(C30-B30)*24*60) | G30: =IF(E30="","",F30-E30) | J30: =IF(B30="","",(D30-G30-H30-I30)/D30) | M30: =IF(B30="","",(D30-G30-H30-I30-K30-L30-E30)/D30) | P30: =IF(B30="","",O30/N30) | U30: =IF(S30="","",(T30-C30)) | V30: =IF(B30="","",IF(U30<3,(Q30-R30)/Q30,(Q30-R30-S30)/Q30)) | W30: =IF(B30="","",V30*P30*J30) | X30: =IF(B30="","",V30*P30*M30)
D31: =IF(B31="","",(C31-B31)*24*60) | G31: =IF(E31="","",F31-E31) | J31: =IF(B31="","",(D31-G31-H31-I31)/D31) | M31: =IF(B31="","",(D31-G31-H31-I31-K31-L31-E31)/D31) | P31: =IF(B31="","",O31/N31) | U31: =IF(S31="","",(T31-C31)) | V31: =IF(B31="","",IF(U31<3,(Q31-R31)/Q31,(Q31-R31-S31)/Q31)) | W31: =IF(B31="","",V31*P31*J31) | X31: =IF(B31="","",V31*P31*M31)
D32: =IF(B32="","",(C32-B32)*24*60) | G32: =IF(E32="","",F32-E32) | J32: =IF(B32="","",(D32-G32-H32-I32)/D32) | M32: =IF(B32="","",(D32-G32-H32-I32-K32-L32-E32)/D32) | P32: =IF(B32="","",O32/N32) | U32: =IF(S32="","",(T32-C32)) | V32: =IF(B32="","",IF(U32<3,(Q32-R32)/Q32,(Q32-R32-S32)/Q32)) | W32: =IF(B32="","",V32*P32*J32) | X32: =IF(B32="","",V32*P32*M32)
D33: =IF(B33="","",(C33-B33)*24*60) | G33: =IF(E33="","",F33-E33) | J33: =IF(B33="","",(D33-G33-H33-I33)/D33) | M33: =IF(B33="","",(D33-G33-H33-I33-K33-L33-E33)/D33) | P33: =IF(B33="","",O33/N33) | U33: =IF(S33="","",(T33-C33)) | V33: =IF(B33="","",IF(U33<3,(Q33-R33)/Q33,(Q33-R33-S33)/Q33)) | W33: =IF(B33="","",V33*P33*J33) | X33: =IF(B33="","",V33*P33*M33)
... D37: =IF(B37="","",(C37-B37)*24*60) | G37: =IF(E37="","",F37-E37) | J37: =IF(B37="","",(D37-G37-H37-I37)/D37) | M37: =IF(B37="","",(D37-G37-H37-I37-K37-L37-E37)/D37) | P37: =IF(B37="","",O37/N37) | U37: =IF(S37="","",(T37-C37)) | V37: =IF(B37="","",IF(U37<3,(Q37-R37)/Q37,(Q37-R37-S37)/Q37)) | W37: =IF(B37="","",V37*P37*J37) | X37: =IF(B37="","",V37*P37*M37)
B38: Total | D38: =SUM(D3:D37) -> 21440 | E38: =SUM(E3:E37) -> 844 | F38: =SUM(F3:F37) -> 1089 | G38: =SUM(G3:G37) -> 245 | H38: =SUM(H2:H37) -> 4296 | I38: =SUM(I3:I37) -> 1423 | J38: =(D38-G38-H38-I38)/D38 -> 0.72182836 | K38: =SUM(K3:K37) -> 32 | L38: =SUM(L3:L37) -> 1391 | M38: =(D38-G38-H38-I38-E38-K38-L38)/D38 -> 0.61609142 | N38: =AVERAGE(N3:N37) -> 17000 | O38: =AVERAGE(O3:O37) -> 15989.863 | P38: =O38/N38 -> 0.94058017 | Q38: =SUM(Q3:Q35) -> 115527 | V38: =AVERAGE(V3:V37) -> 0.99497315 | W38: =V38*P38*J38 -> 0.67552452 | X38: =V38*P38*M38 -> 0.57657039
O39: ytd | P39: =AVERAGE('[1]January 2024'!S38,'[1]February 2024'!S38,'[1]March 2024'!S38,S38) -> #DIV/0!
D46: Real | E46: Opportunity
C47: OEE | D47: =W38 -> 0.67552452 | E47: =100%-D47 -> 0.32447548
C48: OEE Utilization | D48: =X38 -> 0.57657039 | E48: =100%-D48 -> 0.42342961
C49: Availability (for OEE) | D49: =J38 -> 0.72182836 | E49: =100%-D49 -> 0.27817164
C50: Availability (for OEE Utilization) | D50: =M38 -> 0.61609142 | E50: =100%-D50 -> 0.38390858
C51: Performance | D51: =P38 -> 0.94058017 | E51: =100%-D51 -> 0.059419834
C52: =V2 -> Quality | D52: =V38 -> 0.99497315 | E52: =100%-D52 -> 0.005026852

Sheet May 2025 (w Utilization)
C1: OEE Calculation | G1: CARIB BREWERY
A2: SKU | B2: Start Time dd/mm/yyyy h:mm | C2: End Time dd/mm/yyyy h:mm (when production actually ends) | D2: Available time /mins | E2: Changeover Standard time /mins | F2: Actual Changeover /mins | G2: Changeover Deviation /mins | H2: Total Breakdowns /mins | I2: Total Minor Stops /mins | J2: Availability (for OEE) | K2: Planned Downtime /mins | L2: External Downtime /mins | M2: Availability (for OEE Utilization) | N2: Nominal Speed | O2: Actual (Average) Speed | P2: Performance | Q2: Total Products Produced /Cases | R2: Low Fill /Cases | S2: Embargo /cases | T2: Embargo release date | U2: Embargo Residence time /days | V2: Quality | W2: OEE | X2: OEE Utilization
A3: Carib Amber to Shandy Lime Local to Shandy Lime Export | B3: 45779.385 | C3: 45779.814 | D3: =IF(B3="","",(C3-B3)*24*60) -> 618 | E3: 20 | F3: =25+4 -> 29 | G3: =IF(E3="","",F3-E3) -> 9 | H3: =56+18+56+57+60+40+6 -> 293 | I3: =3+4+2+2+3+1+3+4+1 -> 23 | J3: =IF(B3="","",(D3-G3-H3-I3)/D3) -> 0.47411003 | K3: 14 | L3: =6+13+5+5 -> 29 | M3: =IF(A3="","",(C3-F3-G3-H3-J3-L3-D3)/C3) -> 0.97862652 | N3: 17000 | O3: =AVERAGE(15500,15000,15500) -> 15333.333 | P3: =IF(A3="","",O3/N3) -> 0.90196078 | Q3: 1981 | R3: =6+5 -> 11 | U3: =IF(S3="","",(T3-C3)) | V3: =IF(B3="","",IF(U3<3,(Q3-R3)/Q3,(Q3-R3-S3)/Q3)) -> 0.99444725 | W3: =IF(B3="","",V3*P3*J3) -> 0.42525414 | X3: =IF(B3="","",V3*P3*M3) -> 0.87778142
A4: Shandy Ginger Local to Shandy Ginger Export to Shandy Sorrel Export to Shandy Sorrel Local | B4: 45782.194 | C4: 45783 | D4: =IF(B4="","",(C4-B4)*24*60) -> 1160 | E4: =45+5+5 -> 55 | F4: 69 | G4: =IF(E4="","",F4-E4) -> 14 | H4: =5+5+13+60+60+5+45+27+5+19+6+22+8+18+11 -> 309 | I4: =2+1+1+3+3+4+3+2+3+2+2+2+2+1+3+3+2+3 -> 42 | J4: =IF(B4="","",(D4-G4-H4-I4)/D4) -> 0.68534483 | K4: 0 | L4: =15+45+100+40+20+9+19+24+2+6+2+3+2+3+12+63+38+2+5+8 -> 418 | M4: =IF(B4="","",(D4-G4-H4-I4-K4-L4-E4)/D4) -> 0.27758621 | N4: 17000 | O4: =AVERAGE(15000,15000,15000,15000,15000,15000,15000,15500,15500,15500,15500,15500) -> 15208.333 | P4: =IF(B4="","",O4/N4) -> 0.89460784 | Q4: =795+259+734+1249 -> 3037 | R4: =7+9 -> 16 | S4: =3*70+36 -> 246 | U4: =IF(S4="","",(T4-C4)) -> -45783 | V4: =IF(B4="","",IF(U4<3,(Q4-R4)/Q4,(Q4-R4-S4)/Q4)) -> 0.99473164 | W4: =IF(B4="","",V4*P4*J4) -> 0.60988475 | X4: =IF(B4="","",V4*P4*M4) -> 0.2470225
A5: Shandy Sorrel Local to Carib Amber to Shandy Ginger (Export) | B5: 45783 | C5: 45783.999 | D5: =IF(B5="","",(C5-B5)*24*60) -> 1438 | E5: =100+60 -> 160 | F5: =75+19 -> 94 | G5: =IF(E5="","",F5-E5) -> -66 | H5: =18+38+15+12+12+9+34+60+60+10+6+15+13+10 -> 312 | I5: =3+3+2+4+4+3+2+3+2+3+2+1+2+3+4+2+3+3+3+3+1+2+3+3+3+2+2+2+2+3 -> 78 | J5: =IF(B5="","",(D5-G5-H5-I5)/D5) -> 0.77468707 | K5: 0 | L5: =10+10+2+4+2+9+6+2+13+5+15+3 -> 81 | M5: =IF(B5="","",(D5-G5-H5-I5-K5-L5-E5)/D5) -> 0.60709318 | N5: 17000 | O5: =AVERAGE(15000,15000,15000,15000,15000,16500,16500,17000,17000,17000,17000,17000) -> 16083.333 | P5: =IF(B5="","",O5/N5) -> 0.94607843 | Q5: 7493 | R5: 34 | S5: 217 | U5: =IF(S5="","",(T5-C5)) -> -45783.999 | V5: =IF(B5="","",IF(U5<3,(Q5-R5)/Q5,(Q5-R5-S5)/Q5)) -> 0.99546243 | W5: =IF(B5="","",V5*P5*J5) -> 0.72958907 | X5: =IF(B5="","",V5*P5*M5) -> 0.57175158
A6: Stag Local to Starmalt | B6: 45784.045 | C6: 45784.906 | D6: =IF(B6="","",(C6-B6)*24*60) -> 1240 | E6: =45+25 -> 70 | F6: =67+20 -> 87 | G6: =IF(E6="","",F6-E6) -> 17 | H6: =5+5+5+47+10+5+8+5+19+58+8+7+10+8 -> 200 | I6: =5+5+2+3+4+2+4+2+4+2+3+4+2+4+2+3+2+2+2+3+4+4+3+2+3+1+3 -> 80 | J6: =IF(B6="","",(D6-G6-H6-I6)/D6) -> 0.76048387 | K6: 0 | L6: =2+1+2+23+5+34+2+4+4+2 -> 79 | M6: =IF(B6="","",(D6-G6-H6-I6-K6-L6-E6)/D6) -> 0.64032258 | N6: 17000 | O6: =AVERAGE(17000,17000,17000,17000,17000,17000,17000,17000,16000,16000,16000,16000,16000,16000,1600,16000,16000) -> 15623.529 | P6: =IF(B6="","",O6/N6) -> 0.91903114 | Q6: 7121 | R6: 24 | S6: 5 | U6: =IF(S6="","",(T6-C6)) -> -45784.906 | V6: =IF(B6="","",IF(U6<3,(Q6-R6)/Q6,(Q6-R6-S6)/Q6)) -> 0.99662969 | W6: =IF(B6="","",V6*P6*J6) -> 0.69655282 | X6: =IF(B6="","",V6*P6*M6) -> 0.58649304
A7: Starmalt to Carib Amber | B7: 45785.083 | C7: 45786 | D7: =IF(B7="","",(C7-B7)*24*60) -> 1320 | E7: 45 | F7: 65 | G7: =IF(E7="","",F7-E7) -> 20 | H7: =9+6+12+7+5+10+49+50+30+25+25+30+5 -> 263 | I7: =2+2+1+3+2+4+2+2+1+4+2+3+1+3+3+1+2+3 -> 41 | J7: =IF(B7="","",(D7-G7-H7-I7)/D7) -> 0.75454545 | K7: 0 | L7: =3+2+1+45+40+4+4+4+8+9 -> 120 | M7: =IF(B7="","",(D7-G7-H7-I7-K7-L7-E7)/D7) -> 0.62954545 | N7: 17000 | O7: =AVERAGE(11000,16000,16000,16000) -> 14750 | P7: =IF(B7="","",O7/N7) -> 0.86764706 | Q7: 6255 | R7: 31 | U7: =IF(S7="","",(T7-C7)) | V7: =IF(B7="","",IF(U7<3,(Q7-R7)/Q7,(Q7-R7-S7)/Q7)) -> 0.99504396 | W7: =IF(B7="","",V7*P7*J7) -> 0.65143453 | X7: =IF(B7="","",V7*P7*M7) -> 0.54351616
A8: Carib Amber to Stag Local | B8: 45786 | C8: 45786.831 | D8: =IF(B8="","",(C8-B8)*24*60) -> 1197 | E8: 10 | F8: 7 | G8: =IF(E8="","",F8-E8) -> -3 | H8: =13+11+10+11+5+7+5 -> 62 | I8: =1+1+3+4+1+2+1+3+4+2+3+2+1+1+2+1+3+3+3+2+3+4 -> 50 | J8: =IF(B8="","",(D8-G8-H8-I8)/D8) -> 0.90893901 | K8: 0 | L8: =10+4+2+6+6+4+15+20 -> 67 | M8: =IF(B8="","",(D8-G8-H8-I8-K8-L8-E8)/D8) -> 0.84461153 | N8: 17000 | O8: =AVERAGE(11000,11000,11000,11000,11000,11000,11000,16000,16000,17000,17000,16000,16000,17000,17000,17000,17000) -> 14294.118 | P8: =IF(B8="","",O8/N8) -> 0.84083045 | Q8: 7865 | R8: 84 | S8: =10+32+45+280 -> 367 | T8: 45791.361 | U8: =IF(S8="","",(T8-C8)) -> 4.5298611 | V8: =IF(B8="","",IF(U8<3,(Q8-R8)/Q8,(Q8-R8-S8)/Q8)) -> 0.94265734 | W8: =IF(B8="","",V8*P8*J8) -> 0.72043869 | X8: =IF(B8="","",V8*P8*M8) -> 0.66945176
A9: Stag Local to Carib Amber | B9: 45789.103 | C9: 45790 | D9: =IF(B9="","",(C9-B9)*24*60) -> 1292 | E9: 10 | F9: =20+4 -> 24 | G9: =IF(E9="","",F9-E9) -> 14 | H9: =30+39+48+15+20+24+8+5+5+26+10+5+7+5+7+6 -> 260 | I9: =3+2+3+2+2+2+3+3+4+4+3+2+4+2+1+2+3+4+1+3+2+2+1+1+2+2+1+4+3+2+2+3+3+3+3+2+2+2+4+2+2+2+1+2+2+2+3+3+2+3 -> 121 | J9: =IF(B9="","",(D9-G9-H9-I9)/D9) -> 0.69427245 | K9: 0 | L9: =10+7+3+2+3 -> 25 | M9: =IF(B9="","",(D9-G9-H9-I9-K9-L9-E9)/D9) -> 0.66718266 | N9: 17000 | O9: =AVERAGE(17000,17000,17000,17000,17000,17000,17000,17000,17000,17000,17000,17000,17000,17000,17000,17000,17000,17000,17000,17000,17000,17000) -> 17000 | P9: =IF(B9="","",O9/N9) -> 1 | Q9: 7805 | R9: =15+2 -> 17 | S9: 19 | U9: =IF(S9="","",(T9-C9)) -> -45790 | V9: =IF(B9="","",IF(U9<3,(Q9-R9)/Q9,(Q9-R9-S9)/Q9)) -> 0.99782191 | W9: =IF(B9="","",V9*P9*J9) -> 0.69276026 | X9: =IF(B9="","",V9*P9*M9) -> 0.66572948
A10: Carib Amber toVitamalt Classic | B10: 45790 | C10: 45791 | D10: =IF(B10="","",(C10-B10)*24*60) -> 1440 | E10: 100 | F10: 58 | G10: =IF(E10="","",F10-E10) -> -42 | H10: =8+7+16+60+60+60+60+60 -> 331 | I10: =3+3+2+2 -> 10 | J10: =IF(B10="","",(D10-G10-H10-I10)/D10) -> 0.79236111 | K10: 0 | L10: =4+2+8+60+30+30+60 -> 194 | M10: =IF(B10="","",(D10-G10-H10-I10-K10-L10-E10)/D10) -> 0.58819444 | N10: 17000 | O10: =AVERAGE(17000,17000,17000,17000,17000) -> 17000 | P10: =IF(B10="","",O10/N10) -> 1 | Q10: 2617 | R10: 16 | U10: =IF(S10="","",(T10-C10)) | V10: =IF(B10="","",IF(U10<3,(Q10-R10)/Q10,(Q10-R10-S10)/Q10)) -> 0.99388613 | W10: =IF(B10="","",V10*P10*J10) -> 0.78751672 | X10: =IF(B10="","",V10*P10*M10) -> 0.5845983
A11: Vitamalt Classic | B11: 45791.451 | C11: 45791.833 | D11: =IF(B11="","",(C11-B11)*24*60) -> 550 | E11: 0 | F11: 0 | G11: =IF(E11="","",F11-E11) -> 0 | H11: =5+60+60+60+22+15+40+60+48+42 -> 412 | I11: 0 | J11: =IF(B11="","",(D11-G11-H11-I11)/D11) -> 0.25090909 | K11: 0 | L11: 0 | M11: =IF(B11="","",(D11-G11-H11-I11-K11-L11-E11)/D11) -> 0.25090909 | N11: 17000 | O11: =AVERAGE(15000) -> 15000 | P11: =IF(B11="","",O11/N11) -> 0.88235294 | Q11: 578 | R11: 22 | U11: =IF(S11="","",(T11-C11)) | V11: =IF(B11="","",IF(U11<3,(Q11-R11)/Q11,(Q11-R11-S11)/Q11)) -> 0.96193772 | W11: =IF(B11="","",V11*P11*J11) -> 0.21296375 | X11: =IF(B11="","",V11*P11*M11) -> 0.21296375
A12: Vitamalt Classic | B12: 45792.764 | C12: 45793 | D12: =IF(B12="","",(C12-B12)*24*60) -> 340 | E12: 0 | F12: 0 | G12: =IF(E12="","",F12-E12) -> 0 | H12: =60+36+10+6 -> 112 | I12: =2+2+4+2 -> 10 | J12: =IF(B12="","",(D12-G12-H12-I12)/D12) -> 0.64117647 | K12: 0 | L12: 0 | M12: =IF(B12="","",(D12-G12-H12-I12-K12-L12-E12)/D12) -> 0.64117647 | N12: 17000 | O12: =AVERAGE(14800,14800,14800,14800,14800,14800) -> 14800 | P12: =IF(B12="","",O12/N12) -> 0.87058824 | Q12: 1358 | R12: 10 | U12: =IF(S12="","",(T12-C12)) | V12: =IF(B12="","",IF(U12<3,(Q12-R12)/Q12,(Q12-R12-S12)/Q12)) -> 0.99263623 | W12: =IF(B12="","",V12*P12*J12) -> 0.55409023 | X12: =IF(B12="","",V12*P12*M12) -> 0.55409023
A13: Vitamalt Classic to Vitamalt Ginger to Stag Local | B13: 45793 | C13: 45793.795 | D13: =IF(B13="","",(C13-B13)*24*60) -> 1145 | E13: =10+100 -> 110 | F13: =14+88 -> 102 | G13: =IF(E13="","",F13-E13) -> -8 | H13: =14+48 -> 62 | I13: =2+2 -> 4 | J13: =IF(B13="","",(D13-G13-H13-I13)/D13) -> 0.94934498 | K13: 0 | L13: =22+6+3+631+4+2+5 -> 673 | M13: =IF(B13="","",(D13-G13-H13-I13-K13-L13-E13)/D13) -> 0.26550218 | N13: 17000 | O13: =AVERAGE(14500,14500,14500, 14500) -> 14500 | P13: =IF(B13="","",O13/N13) -> 0.85294118 | Q13: 2253 | R13: 45 | S13: 109 | U13: =IF(S13="","",(T13-C13)) -> -45793.795 | V13: =IF(B13="","",IF(U13<3,(Q13-R13)/Q13,(Q13-R13-S13)/Q13)) -> 0.98002663 | W13: =IF(B13="","",V13*P13*J13) -> 0.79356228 | X13: =IF(B13="","",V13*P13*M13) -> 0.22193462
A14: Stag Local | B14: 45796.375 | C14: 45797 | D14: =IF(B14="","",(C14-B14)*24*60) -> 900 | E14: 0 | F14: 0 | G14: =IF(E14="","",F14-E14) -> 0 | H14: =60+5+40+25+6+9+5+6+7+5+5+6+5 -> 184 | I14: =4+3+4+4+4+4+1+4+2+3+2+3+3+4+3+1+4+1+2+3+2+2+2+3 -> 68 | J14: =IF(B14="","",(D14-G14-H14-I14)/D14) -> 0.72 | K14: 10 | L14: =25+2+2 -> 29 | M14: =IF(B14="","",(D14-G14-H14-I14-K14-L14-E14)/D14) -> 0.67666667 | N14: 17000 | O14: =AVERAGE(16000,16000,16000,16000,16000,16000,16000,16000,16000,17000,17000,16000,16000) -> 16153.846 | P14: =IF(B14="","",O14/N14) -> 0.95022624 | Q14: 5270 | R14: 71 | U14: =IF(S14="","",(T14-C14)) | V14: =IF(B14="","",IF(U14<3,(Q14-R14)/Q14,(Q14-R14-S14)/Q14)) -> 0.98652751 | W14: =IF(B14="","",V14*P14*J14) -> 0.67494552 | X14: =IF(B14="","",V14*P14*M14) -> 0.6343238
A15: Stag Local to Carib Amber to Carib Flint | B15: 45797 | C15: 45798 | D15: =IF(B15="","",(C15-B15)*24*60) -> 1440 | E15: =10+7 -> 17 | F15: =8+64 -> 72 | G15: =IF(E15="","",F15-E15) -> 55 | H15: =12+5+21+7+6+35+15+45+7+40+39+5+27+39 -> 303 | I15: =2+3+2+1+3+2+4+1+4+3+1+2+3+1+1+4+4+4+4+1+1 -> 51 | J15: =IF(B15="","",(D15-G15-H15-I15)/D15) -> 0.71597222 | K15: 0 | L15: =11+10+40+38+8+3+8+11+4 -> 133 | M15: =IF(B15="","",(D15-G15-H15-I15-K15-L15-E15)/D15) -> 0.61180556 | N15: 17000 | O15: =AVERAGE(17000,16800,16800,16800,16800,16800,17000,17000,17000,17000,17000,15000,15000,16000,16000) -> 16533.333 | P15: =IF(B15="","",O15/N15) -> 0.97254902 | Q15: 7460 | R15: 59 | U15: =IF(S15="","",(T15-C15)) | V15: =IF(B15="","",IF(U15<3,(Q15-R15)/Q15,(Q15-R15-S15)/Q15)) -> 0.99209115 | W15: =IF(B15="","",V15*P15*J15) -> 0.69081101 | X15: =IF(B15="","",V15*P15*M15) -> 0.59030504
A16: Carib Export to Carib Amber | B16: 45798 | C16: 45799 | D16: =IF(B16="","",(C16-B16)*24*60) -> 1440 | E16: 7 | F16: 9 | G16: =IF(E16="","",F16-E16) -> 2 | H16: =8+9+5+5+10+28+60+60+60+60+60+20+40+60 -> 485 | I16: =3+2+3+3+2+1+1+2+2+3+2+4+3+3+4+2+2+2+3+2+2+1+3+2+2+2+2+3+4+2+3+2 -> 77 | J16: =IF(B16="","",(D16-G16-H16-I16)/D16) -> 0.60833333 | K16: 0 | L16: =5+9+3+4+3+19 -> 43 | M16: =IF(B16="","",(D16-G16-H16-I16-K16-L16-E16)/D16) -> 0.57361111 | N16: 17000 | O16: =AVERAGE(16500,16500,16000,16000,16500,16500,16500,15000,15000,14000,15000,15000,15500,16000,16000) -> 15733.333 | P16: =IF(B16="","",O16/N16) -> 0.9254902 | Q16: 6641 | R16: 60 | U16: =IF(S16="","",(T16-C16)) | V16: =IF(B16="","",IF(U16<3,(Q16-R16)/Q16,(Q16-R16-S16)/Q16)) -> 0.99096522 | W16: =IF(B16="","",V16*P16*J16) -> 0.55791989 | X16: =IF(B16="","",V16*P16*M16) -> 0.52607515
A17: Carib Amber | B17: 45799.768 | C17: 45800 | D17: =IF(B17="","",(C17-B17)*24*60) -> 334 | E17: 0 | F17: 0 | G17: =IF(E17="","",F17-E17) -> 0 | H17: =26+25+14 -> 65 | I17: =1+2+1+3+1+4+1+2+2+1+3+1+4+4+2 -> 32 | J17: =IF(B17="","",(D17-G17-H17-I17)/D17) -> 0.70958084 | K17: 0 | L17: =3+4 -> 7 | M17: =IF(B17="","",(D17-G17-H17-I17-K17-L17-E17)/D17) -> 0.68862275 | N17: 17000 | O17: =AVERAGE(16500,16500,16500,16500) -> 16500 | P17: =IF(B17="","",O17/N17) -> 0.97058824 | Q17: 2391 | R17: 18 | U17: =IF(S17="","",(T17-C17)) | V17: =IF(B17="","",IF(U17<3,(Q17-R17)/Q17,(Q17-R17-S17)/Q17)) -> 0.99247177 | W17: =IF(B17="","",V17*P17*J17) -> 0.68352604 | X17: =IF(B17="","",V17*P17*M17) -> 0.66333751
A18: Carib Amber to Stag Local | B18: 45800 | C18: 45800.836 | D18: =IF(B18="","",(C18-B18)*24*60) -> 1204 | E18: 10 | F18: 7 | G18: =IF(E18="","",F18-E18) -> -3 | H18: =6+5+5+60+7+6+6+40+5+8+19+45+25+5+9+7+19+60+60+60+60+13 -> 530 | I18: =3+2+4+2+1+1+4+3+4+2+5+3+2+3+2+1 -> 42 | J18: =IF(B18="","",(D18-G18-H18-I18)/D18) -> 0.52740864 | K18: 0 | L18: =5+3+4+2+2+2+12 -> 30 | M18: =IF(B18="","",(D18-G18-H18-I18-K18-L18-E18)/D18) -> 0.49418605 | N18: 17000 | O18: =AVERAGE(16000,16000,16000,16000,16000,16000,17000,17000,17000,17000,16000,16500) -> 16375 | P18: =IF(B18="","",O18/N18) -> 0.96323529 | Q18: 4797 | R18: 66 | U18: =IF(S18="","",(T18-C18)) | V18: =IF(B18="","",IF(U18<3,(Q18-R18)/Q18,(Q18-R18-S18)/Q18)) -> 0.9862414 | W18: =IF(B18="","",V18*P18*J18) -> 0.50102899 | X18: =IF(B18="","",V18*P18*M18) -> 0.46946811
A19: Stag Local to Guinness | B19: 45803.315 | C19: 45803.997 | D19: =IF(B19="","",(C19-B19)*24*60) -> 983 | E19: 45 | F19: 15 | G19: =IF(E19="","",F19-E19) -> -30 | H19: =9+6+8+8+11+47+21+5+8+6+7+5+7+7+41+17+31+5 -> 249 | I19: =3+2+2+2+2+2+1+3+2+4+3+1+4+1+3+4 -> 39 | J19: =IF(B19="","",(D19-G19-H19-I19)/D19) -> 0.73753815 | K19: 0 | L19: =4+27+11 -> 42 | M19: =IF(B19="","",(D19-G19-H19-I19-K19-L19-E19)/D19) -> 0.64903357 | N19: 17000 | O19: =AVERAGE(16000,16000,16000,16000,16000,16000,16000,17000,17000,17000,17000,16000,17000) -> 16384.615 | P19: =IF(B19="","",O19/N19) -> 0.9638009 | Q19: 4781 | R19: 23 | U19: =IF(S19="","",(T19-C19)) | V19: =IF(B19="","",IF(U19<3,(Q19-R19)/Q19,(Q19-R19-S19)/Q19)) -> 0.99518929 | W19: =IF(B19="","",V19*P19*J19) -> 0.70742029 | X19: =IF(B19="","",V19*P19*M19) -> 0.62252986
A20: Carib Amber to Carib Flint | B20: 45804.139 | C20: 45805 | D20: =IF(B20="","",(C20-B20)*24*60) -> 1240 | E20: =60+10 -> 70 | F20: =45+16 -> 61 | G20: =IF(E20="","",F20-E20) -> -9 | H20: =19+16+6+5+5+5+23+5+7+6+5+15+7+5+6+24+8+5+6+12+60+60+37+60+60 -> 467 | I20: =3+2+2+1+2+2+2+1+2+2+2+3+1+2+2+1+4+1+1+3+2+4 -> 45 | J20: =IF(B20="","",(D20-G20-H20-I20)/D20) -> 0.59435484 | K20: 0 | L20: =15+60+60+20+5+4+14+6 -> 184 | M20: =IF(B20="","",(D20-G20-H20-I20-K20-L20-E20)/D20) -> 0.38951613 | N20: 17000 | O20: =AVERAGE(17000,17000,17000,17000,17000,17000,17000,15000,14000,16500,16000,16000) -> 16375 | P20: =IF(B20="","",O20/N20) -> 0.96323529 | Q20: 4514 | R20: =9+28 -> 37 | U20: =IF(S20="","",(T20-C20)) | V20: =IF(B20="","",IF(U20<3,(Q20-R20)/Q20,(Q20-R20-S20)/Q20)) -> 0.99180328 | W20: =IF(B20="","",V20*P20*J20) -> 0.56781091 | X20: =IF(B20="","",V20*P20*M20) -> 0.37212031
A21: Carib Flint to Carib Amber | B21: 45806.794 | C21: 45807 | D21: =IF(B21="","",(C21-B21)*24*60) -> 296 | E21: 10 | F21: 18 | G21: =IF(E21="","",F21-E21) -> 8 | H21: =5+7 -> 12 | I21: =3+2+4+2+3+3 -> 17 | J21: =IF(B21="","",(D21-G21-H21-I21)/D21) -> 0.875 | K21: 0 | L21: =10+14 -> 24 | M21: =IF(B21="","",(D21-G21-H21-I21-K21-L21-E21)/D21) -> 0.76013514 | N21: 17000 | O21: =AVERAGE(16700,17000,17000,17000) -> 16925 | P21: =IF(B21="","",O21/N21) -> 0.99558824 | Q21: 1683 | R21: 14 | S21: 41.17 | T21: 45783.375 | U21: =IF(S21="","",(T21-C21)) -> -23.625 | V21: =IF(B21="","",IF(U21<3,(Q21-R21)/Q21,(Q21-R21-S21)/Q21)) -> 0.99168152 | W21: =IF(B21="","",V21*P21*J21) -> 0.86389315 | X21: =IF(B21="","",V21*P21*M21) -> 0.75048633
A22: Carib Amber | B22: 45807.007 | C22: 45807.872 | D22: =IF(B22="","",(C22-B22)*24*60) -> 1246 | E22: 0 | F22: 0 | G22: =IF(E22="","",F22-E22) -> 0 | H22: =53+33+7+23+5+6 -> 127 | I22: =4+1+3+3+2+4+4+2+3+2+3+1+2+4+2+2+2+1+4+4 -> 53 | J22: =IF(B22="","",(D22-G22-H22-I22)/D22) -> 0.85553772 | K22: 14 | L22: =2+2+8+7+4+11+24+5+4+4 -> 71 | M22: =IF(B22="","",(D22-G22-H22-I22-K22-L22-E22)/D22) -> 0.78731942 | N22: 17000 | O22: =AVERAGE(16500,16500,16000,16000,16500,16500,16500,16500,16500,16500,16500,16000,17000,17000,17000,17000,17000) -> 16558.824 | P22: =IF(B22="","",O22/N22) -> 0.97404844 | Q22: 7991 | R22: 20 | S22: 5 | T22: 45810.292 | U22: =IF(S22="","",(T22-C22)) -> 2.4194444 | V22: =IF(B22="","",IF(U22<3,(Q22-R22)/Q22,(Q22-R22-S22)/Q22)) -> 0.99749718 | W22: =IF(B22="","",V22*P22*J22) -> 0.8312495 | X22: =IF(B22="","",V22*P22*M22) -> 0.76496788
D23: =IF(B23="","",(C23-B23)*24*60) | G23: =IF(E23="","",F23-E23) | J23: =IF(B23="","",(D23-G23-H23-I23)/D23) | M23: =IF(B23="","",(D23-G23-H23-I23-K23-L23-E23)/D23) | P23: =IF(B23="","",O23/N23) | U23: =IF(S23="","",(T23-C23)) | V23: =IF(B23="","",IF(U23<3,(Q23-R23)/Q23,(Q23-R23-S23)/Q23)) | W23: =IF(B23="","",V23*P23*J23) | X23: =IF(B23="","",V23*P23*M23)
D24: =IF(B24="","",(C24-B24)*24*60) | G24: =IF(E24="","",F24-E24) | J24: =IF(B24="","",(D24-G24-H24-I24)/D24) | M24: =IF(B24="","",(D24-G24-H24-I24-K24-L24-E24)/D24) | P24: =IF(B24="","",O24/N24) | U24: =IF(S24="","",(T24-C24)) | V24: =IF(B24="","",IF(U24<3,(Q24-R24)/Q24,(Q24-R24-S24)/Q24)) | W24: =IF(B24="","",V24*P24*J24) | X24: =IF(B24="","",V24*P24*M24)
D25: =IF(B25="","",(C25-B25)*24*60) | G25: =IF(E25="","",F25-E25) | J25: =IF(B25="","",(D25-G25-H25-I25)/D25) | M25: =IF(B25="","",(D25-G25-H25-I25-K25-L25-E25)/D25) | P25: =IF(B25="","",O25/N25) | U25: =IF(S25="","",(T25-C25)) | V25: =IF(B25="","",IF(U25<3,(Q25-R25)/Q25,(Q25-R25-S25)/Q25)) | W25: =IF(B25="","",V25*P25*J25) | X25: =IF(B25="","",V25*P25*M25)
D26: =IF(B26="","",(C26-B26)*24*60) | G26: =IF(E26="","",F26-E26) | J26: =IF(B26="","",(D26-G26-H26-I26)/D26) | M26: =IF(B26="","",(D26-G26-H26-I26-K26-L26-E26)/D26) | P26: =IF(B26="","",O26/N26) | U26: =IF(S26="","",(T26-C26)) | V26: =IF(B26="","",IF(U26<3,(Q26-R26)/Q26,(Q26-R26-S26)/Q26)) | W26: =IF(B26="","",V26*P26*J26) | X26: =IF(B26="","",V26*P26*M26)
D27: =IF(B27="","",(C27-B27)*24*60) | G27: =IF(E27="","",F27-E27) | J27: =IF(B27="","",(D27-G27-H27-I27)/D27) | M27: =IF(B27="","",(D27-G27-H27-I27-K27-L27-E27)/D27) | P27: =IF(B27="","",O27/N27) | U27: =IF(S27="","",(T27-C27)) | V27: =IF(B27="","",IF(U27<3,(Q27-R27)/Q27,(Q27-R27-S27)/Q27)) | W27: =IF(B27="","",V27*P27*J27) | X27: =IF(B27="","",V27*P27*M27)
D30: =IF(B30="","",(C30-B30)*24*60) | G30: =IF(E30="","",F30-E30) | J30: =IF(B30="","",(D30-G30-H30-I30)/D30) | M30: =IF(B30="","",(D30-G30-H30-I30-K30-L30-E30)/D30) | P30: =IF(B30="","",O30/N30) | U30: =IF(S30="","",(T30-C30)) | V30: =IF(B30="","",IF(U30<3,(Q30-R30)/Q30,(Q30-R30-S30)/Q30)) | W30: =IF(B30="","",V30*P30*J30) | X30: =IF(B30="","",V30*P30*M30)
D31: =IF(B31="","",(C31-B31)*24*60) | G31: =IF(E31="","",F31-E31) | J31: =IF(B31="","",(D31-G31-H31-I31)/D31) | M31: =IF(B31="","",(D31-G31-H31-I31-K31-L31-E31)/D31) | P31: =IF(B31="","",O31/N31) | U31: =IF(S31="","",(T31-C31)) | V31: =IF(B31="","",IF(U31<3,(Q31-R31)/Q31,(Q31-R31-S31)/Q31)) | W31: =IF(B31="","",V31*P31*J31) | X31: =IF(B31="","",V31*P31*M31)
D32: =IF(B32="","",(C32-B32)*24*60) | G32: =IF(E32="","",F32-E32) | J32: =IF(B32="","",(D32-G32-H32-I32)/D32) | M32: =IF(B32="","",(D32-G32-H32-I32-K32-L32-E32)/D32) | P32: =IF(B32="","",O32/N32) | U32: =IF(S32="","",(T32-C32)) | V32: =IF(B32="","",IF(U32<3,(Q32-R32)/Q32,(Q32-R32-S32)/Q32)) | W32: =IF(B32="","",V32*P32*J32) | X32: =IF(B32="","",V32*P32*M32)
D33: =IF(B33="","",(C33-B33)*24*60) | G33: =IF(E33="","",F33-E33) | J33: =IF(B33="","",(D33-G33-H33-I33)/D33) | M33: =IF(B33="","",(D33-G33-H33-I33-K33-L33-E33)/D33) | P33: =IF(B33="","",O33/N33) | U33: =IF(S33="","",(T33-C33)) | V33: =IF(B33="","",IF(U33<3,(Q33-R33)/Q33,(Q33-R33-S33)/Q33)) | W33: =IF(B33="","",V33*P33*J33) | X33: =IF(B33="","",V33*P33*M33)
D34: =IF(B34="","",(C34-B34)*24*60) | G34: =IF(E34="","",F34-E34) | J34: =IF(B34="","",(D34-G34-H34-I34)/D34) | M34: =IF(B34="","",(D34-G34-H34-I34-K34-L34-E34)/D34) | P34: =IF(B34="","",O34/N34) | U34: =IF(S34="","",(T34-C34)) | V34: =IF(B34="","",IF(U34<3,(Q34-R34)/Q34,(Q34-R34-S34)/Q34)) | W34: =IF(B34="","",V34*P34*J34) | X34: =IF(B34="","",V34*P34*M34)
D35: =IF(B35="","",(C35-B35)*24*60) | G35: =IF(E35="","",F35-E35) | J35: =IF(B35="","",(D35-G35-H35-I35)/D35) | M35: =IF(B35="","",(D35-G35-H35-I35-K35-L35-E35)/D35) | P35: =IF(B35="","",O35/N35) | U35: =IF(S35="","",(T35-C35)) | V35: =IF(B35="","",IF(U35<3,(Q35-R35)/Q35,(Q35-R35-S35)/Q35)) | W35: =IF(B35="","",V35*P35*J35) | X35: =IF(B35="","",V35*P35*M35)
D36: =IF(B36="","",(C36-B36)*24*60) | G36: =IF(E36="","",F36-E36) | J36: =IF(B36="","",(D36-G36-H36-I36)/D36) | M36: =IF(B36="","",(D36-G36-H36-I36-K36-L36-E36)/D36) | P36: =IF(B36="","",O36/N36) | U36: =IF(S36="","",(T36-C36)) | V36: =IF(B36="","",IF(U36<3,(Q36-R36)/Q36,(Q36-R36-S36)/Q36)) | W36: =IF(B36="","",V36*P36*J36) | X36: =IF(B36="","",V36*P36*M36)
D37: =IF(B37="","",(C37-B37)*24*60) | G37: =IF(E37="","",F37-E37) | J37: =IF(B37="","",(D37-G37-H37-I37)/D37) | M37: =IF(B37="","",(D37-G37-H37-I37-K37-L37-E37)/D37) | P37: =IF(B37="","",O37/N37) | U37: =IF(S37="","",(T37-C37)) | V37: =IF(B37="","",IF(U37<3,(Q37-R37)/Q37,(Q37-R37-S37)/Q37)) | W37: =IF(B37="","",V37*P37*J37) | X37: =IF(B37="","",V37*P37*M37)
B38: Total | D38: =SUM(D3:D37) -> 20823 | E38: =SUM(E3:E37) -> 739 | F38: =SUM(F3:F37) -> 717 | G38: =SUM(G3:G37) -> -22 | H38: =SUM(H2:H37) -> 5038 | I38: =SUM(I3:I37) -> 883 | J38: =(D38-G38-H38-I38)/D38 -> 0.71670749 | K38: =SUM(K3:K37) -> 38 | L38: =SUM(L3:L37) -> 2249 | M38: =(D38-G38-H38-I38-E38-K38-L38)/D38 -> 0.57138741 | N38: =AVERAGE(N3:N37) -> 17000 | O38: =AVERAGE(O3:O37) -> 15856.58 | P38: =O38/N38 -> 0.93274 | Q38: =SUM(Q3:Q35) -> 93891 | V38: =AVERAGE(V3:V37) -> 0.98848746 | W38: =V38*P38*J38 -> 0.66080559 | X38: =V38*P38*M38 -> 0.52682021
O39: ytd | P39: =AVERAGE('[1]January 2024'!S38,'[1]February 2024'!S38,'[1]March 2024'!S38,S38) -> #DIV/0!
D46: Real | E46: Opportunity
C47: OEE | D47: =W38 -> 0.66080559 | E47: =100%-D47 -> 0.33919441
C48: OEE Utilization | D48: =X38 -> 0.52682021 | E48: =100%-D48 -> 0.47317979
C49: Availability (for OEE) | D49: =J38 -> 0.71670749 | E49: =100%-D49 -> 0.28329251
C50: Availability (for OEE Utilization) | D50: =M38 -> 0.57138741 | E50: =100%-D50 -> 0.42861259
C51: Performance | D51: =P38 -> 0.93274 | E51: =100%-D51 -> 0.067260004
C52: =V2 -> Quality | D52: =V38 -> 0.98848746 | E52: =100%-D52 -> 0.011512537

Sheet June 2025 (w Utilization)
C1: OEE Calculation | G1: CARIB BREWERY
A2: SKU | B2: Start Time dd/mm/yyyy h:mm | C2: End Time dd/mm/yyyy h:mm (when production actually ends) | D2: Available time /mins | E2: Changeover Standard time /mins | F2: Actual Changeover /mins | G2: Changeover Deviation /mins | H2: Total Breakdowns /mins | I2: Total Minor Stops /mins | J2: Availability (for OEE) | K2: Planned Downtime /mins | L2: External Downtime /mins | M2: Availability (for OEE Utilization) | N2: Nominal Speed | O2: Actual (Average) Speed | P2: Performance | Q2: Total Products Produced /Cases | R2: Low Fill /Cases | S2: Embargo /cases | T2: Embargo release date | U2: Embargo Residence time /days | V2: Quality | W2: OEE | X2: OEE Utilization
A3: Vitamalt to Stag Local | B3: 45810.094 | C3: 45811 | D3: =IF(B3="","",(C3-B3)*24*60) -> 1305 | E3: 100 | F3: 135 | G3: =IF(E3="","",F3-E3) -> 35 | H3: =12+18+15+8+7+6+5+23+6+25+5+7+6 -> 143 | I3: =3+2+4+3+1+2+2+4+2+2+2+2+4+1+1+3+3+2+3+1+2+3+1+3+3+2+4 -> 65 | J3: =IF(B3="","",(D3-G3-H3-I3)/D3) -> 0.8137931 | K3: 0 | L3: =2+2+2+5+3+2+2+2+2+3+2+2+3+5+3+60+6 -> 106 | M3: =IF(B3="","",(D3-G3-H3-I3-K3-L3-E3)/D3) -> 0.6559387 | N3: 17000 | O3: =AVERAGE(17000,17000,17000,17000,17000,17000,17000,17000,17000,17000,17000,15000,15000,16000,16000,15000,15000) -> 16411.765 | P3: =IF(B3="","",O3/N3) -> 0.96539792 | Q3: 6572 | R3: 65 | S3: =9+13 -> 22 | T3: 45818.625 | U3: =IF(S3="","",(T3-C3)) -> 7.625 | V3: =IF(B3="","",IF(U3<3,(Q3-R3)/Q3,(Q3-R3-S3)/Q3)) -> 0.98676202 | W3: =IF(B3="","",V3*P3*J3) -> 0.77523396 | X3: =IF(B3="","",V3*P3*M3) -> 0.62485901
A4: Stag Local | B4: 45811 | C4: 45812 | D4: =IF(B4="","",(C4-B4)*24*60) -> 1440 | E4: 0 | F4: 0 | G4: =IF(E4="","",F4-E4) -> 0 | H4: =5+9+8+5+15+5+6+5+5+5+5+60+31+11+8+7+6+7 -> 203 | I4: =3+2+3+1+3+4+2+4+3+3+1+4+2+1+3+3+3+3+2+4+3+2+4+4+1+1+1+3+3+2+1+2 -> 81 | J4: =IF(B4="","",(D4-G4-H4-I4)/D4) -> 0.80277778 | K4: 0 | L4: =11+4+4+5+5+11+2+3+3+3+3+3 -> 57 | M4: =IF(B4="","",(D4-G4-H4-I4-K4-L4-E4)/D4) -> 0.76319444 | N4: 17000 | O4: =AVERAGE(17000,17000,17000,17000,17000,17000,17000,17000,17000,17000,17000,17000,17000,17000,16000,15000,15000,15600,15600,15600,15600,16600) -> 16500 | P4: =IF(B4="","",O4/N4) -> 0.97058824 | Q4: 9750 | R4: 56 | S4: 24 | U4: =IF(S4="","",(T4-C4)) -> -45812 | V4: =IF(B4="","",IF(U4<3,(Q4-R4)/Q4,(Q4-R4-S4)/Q4)) -> 0.99425641 | W4: =IF(B4="","",V4*P4*J4) -> 0.77469145 | X4: =IF(B4="","",V4*P4*M4) -> 0.736493
A5: Stag Local to Carib Amber to Carib Flint | B5: 45812 | C5: 45813 | D5: =IF(B5="","",(C5-B5)*24*60) -> 1440 | E5: =10+7 -> 17 | F5: =47+7 -> 54 | G5: =IF(E5="","",F5-E5) -> 37 | H5: =13+5+9+8+5+9+7+35+7+20+18+10+5+7+8+6+6+5+5+6+8+6+8+40+60+60+7+9+20+9+5+9 -> 435 | I5: =3+1+2+4+2+2+2+2+2+1+1+3+4+4+2+4+1+3+1+4+3+2+3+4+4+3 -> 67 | J5: =IF(B5="","",(D5-G5-H5-I5)/D5) -> 0.62569444 | K5: 0 | L5: =20+10+3+3+4+4+16 -> 60 | M5: =IF(B5="","",(D5-G5-H5-I5-K5-L5-E5)/D5) -> 0.57222222 | N5: 17000 | O5: =AVERAGE(18000,18000,18000,18000,18000,17000,17000,17000,17000,16000,16000,16000,16000,16000,15000,15000,15000,15000,16000) -> 16526.316 | P5: =IF(B5="","",O5/N5) -> 0.97213622 | Q5: 6017 | R5: 64 | S5: =10+8 -> 18 | T5: 45826.958 | U5: =IF(S5="","",(T5-C5)) -> 13.958333 | V5: =IF(B5="","",IF(U5<3,(Q5-R5)/Q5,(Q5-R5-S5)/Q5)) -> 0.98637195 | W5: =IF(B5="","",V5*P5*J5) -> 0.59997083 | X5: =IF(B5="","",V5*P5*M5) -> 0.54869696
A6: Carib Flint to Carib Amber to Starmalt to Guinness | B6: 45813 | C6: 45814 | D6: =IF(B6="","",(C6-B6)*24*60) -> 1440 | E6: =10+45+45 -> 100 | F6: =30+23+41 -> 94 | G6: =IF(E6="","",F6-E6) -> -6 | H6: =5+5+7+6+15+18+20+8+14+13+60+11+8+6+5 -> 201 | I6: =2+3+2+1+4+3+1+2+2+3+2+1+3+1+2+2+3+5+1+4+12+6+2+2+3+2+1+1+1+4+4+2+3+1 -> 91 | J6: =IF(B6="","",(D6-G6-H6-I6)/D6) -> 0.80138889 | K6: 0 | L6: =4+3+4+4+3 -> 18 | M6: =IF(B6="","",(D6-G6-H6-I6-K6-L6-E6)/D6) -> 0.71944444 | N6: 17000 | O6: =AVERAGE(16000,16000,17000,17000,17000,16000,16000,16000,16000,16000,16000,16000) -> 16250 | P6: =IF(B6="","",O6/N6) -> 0.95588235 | Q6: 7524 | R6: 62 | S6: 15.37 | U6: =IF(S6="","",(T6-C6)) -> -45814 | V6: =IF(B6="","",IF(U6<3,(Q6-R6)/Q6,(Q6-R6-S6)/Q6)) -> 0.9917597 | W6: =IF(B6="","",V6*P6*J6) -> 0.75972115 | X6: =IF(B6="","",V6*P6*M6) -> 0.68203736
A7: Guinness to Caribe Rose | B7: 45814 | C7: 45814.895 | D7: =IF(B7="","",(C7-B7)*24*60) -> 1289 | E7: 60 | F7: 125 | G7: =IF(E7="","",F7-E7) -> 65 | H7: =18+20+50+17+5+7+7+26+5+5+5+7+10+22+17+11 -> 232 | I7: =4+1+4+4+2+2+3+3+3+3+3+2+1+2+1+2+2+1+1+4+4+3+4+1+3+3+2+3 -> 71 | J7: =IF(B7="","",(D7-G7-H7-I7)/D7) -> 0.71450737 | K7: 0 | L7: =25+50+4+4+2+7+5+9+13+35+3 -> 157 | M7: =IF(B7="","",(D7-G7-H7-I7-K7-L7-E7)/D7) -> 0.54615981 | N7: 17000 | O7: =AVERAGE(17000,17000,17000,17000,17000,16000,16000,16000,16000,16000,16000,16000,16000,16000) -> 16357.143 | P7: =IF(B7="","",O7/N7) -> 0.96218487 | Q7: 3998 | R7: 21 | S7: =7+7.18+23.18 -> 37.36 | T7: 45820.625 | U7: =IF(S7="","",(T7-C7)) -> 5.7298611 | V7: =IF(B7="","",IF(U7<3,(Q7-R7)/Q7,(Q7-R7-S7)/Q7)) -> 0.9854027 | W7: =IF(B7="","",V7*P7*J7) -> 0.67745271 | X7: =IF(B7="","",V7*P7*M7) -> 0.51783573
A8: Carib Amber | B8: 45818.138 | C8: 45819 | D8: =IF(B8="","",(C8-B8)*24*60) -> 1241 | E8: 0 | F8: 0 | G8: =IF(E8="","",F8-E8) -> 0 | H8: =35+15+14+40+26+5+5+6+7+14+6+30+6+5+17+8+56+41+15+5+8+40 -> 404 | I8: =2+3+2+2+4+2+3+4+2+4+3+2+3+4+1+2+2+1+4+2+4+1+3+1+2+1 -> 64 | J8: =IF(B8="","",(D8-G8-H8-I8)/D8) -> 0.62288477 | K8: 0 | L8: 3 | M8: =IF(B8="","",(D8-G8-H8-I8-K8-L8-E8)/D8) -> 0.62046737 | N8: 17000 | O8: =AVERAGE(16000,16000,16000,16000,16000,17000,17000,17000,17000,17000,17000,17000,17000,17000,17000,17000,16800) -> 16694.118 | P8: =IF(B8="","",O8/N8) -> 0.98200692 | Q8: 6335 | R8: 25 | S8: 26 | T8: 45820.625 | U8: =IF(S8="","",(T8-C8)) -> 1.625 | V8: =IF(B8="","",IF(U8<3,(Q8-R8)/Q8,(Q8-R8-S8)/Q8)) -> 0.99605367 | W8: =IF(B8="","",V8*P8*J8) -> 0.60926328 | X8: =IF(B8="","",V8*P8*M8) -> 0.60689873
A9: Carib Amber to Carib Flint | B9: 45819.009 | C9: 45820 | D9: =IF(B9="","",(C9-B9)*24*60) -> 1427 | E9: 7 | F9: 4 | G9: =IF(E9="","",F9-E9) -> -3 | H9: =9+6+6+6+11+13+11+10+6+19+25+20+40+20+6+7+8+7+6+36+58+8+9+8+5 -> 360 | I9: =1+2+1+2+3+1+2+2+2+1+1+3+3+4+4+1+3+4+2+1+2+1+4+1+4+4+1+4+2+1+3 -> 70 | J9: =IF(B9="","",(D9-G9-H9-I9)/D9) -> 0.70077085 | K9: 0 | L9: =3+21+4+4+4+6+9+3 -> 54 | M9: =IF(B9="","",(D9-G9-H9-I9-K9-L9-E9)/D9) -> 0.65802383 | N9: 17000 | O9: =AVERAGE(16000,16000,16400,16400,16400,16400,16400,17000,17000,17000,17000,17000,17000,17000,17000,17000,17000,17000,15000,16000) -> 16600 | P9: =IF(B9="","",O9/N9) -> 0.97647059 | Q9: 7212 | R9: 14 | S9: 5 | T9: 45820.625 | U9: =IF(S9="","",(T9-C9)) -> 0.625 | V9: =IF(B9="","",IF(U9<3,(Q9-R9)/Q9,(Q9-R9-S9)/Q9)) -> 0.99805879 | W9: =IF(B9="","",V9*P9*J9) -> 0.68295379 | X9: =IF(B9="","",V9*P9*M9) -> 0.64129361
A10: Carib Flint to Caribe Rose to Carib Amber | B10: 45820 | C10: 45821 | D10: =IF(B10="","",(C10-B10)*24*60) -> 1440 | E10: =60+60 -> 120 | F10: =60+65 -> 125 | G10: =IF(E10="","",F10-E10) -> 5 | H10: =8+17+5+25+12+11+28+6+19+7+7+33+5+60+6+20+5+22+35+44+6+28+5+12+60 -> 486 | I10: =3+3+4+4+4+2+2+3+4+3+1+2+2+4+2+4+3+4+3+4+3+3+1 -> 68 | J10: =IF(B10="","",(D10-G10-H10-I10)/D10) -> 0.61180556 | K10: 0 | L10: =10+16+15+12+8+11+10 -> 82 | M10: =IF(B10="","",(D10-G10-H10-I10-K10-L10-E10)/D10) -> 0.47152778 | N10: 17000 | O10: =AVERAGE(17000,17000,17000,17000,17000,17000,17000,17000) -> 17000 | P10: =IF(B10="","",O10/N10) -> 1 | Q10: 5138 | R10: 74 | S10: =1+8 -> 9 | T10: 45845.75 | U10: =IF(S10="","",(T10-C10)) -> 24.75 | V10: =IF(B10="","",IF(U10<3,(Q10-R10)/Q10,(Q10-R10-S10)/Q10)) -> 0.98384585 | W10: =IF(B10="","",V10*P10*J10) -> 0.60192236 | X10: =IF(B10="","",V10*P10*M10) -> 0.46391065
A11: Carib Amber to Guinness | B11: 45821.01 | C11: 45821.87 | D11: =IF(B11="","",(C11-B11)*24*60) -> 1239 | E11: 25 | F11: 10 | G11: =IF(E11="","",F11-E11) -> -15 | H11: =7+6+9+8+19+5+16+5+54+60+49+7+13+20+6+9+6+8+6 -> 313 | I11: =1+4+2+1+1+1+1+1+3+2+1+3+4+3+4+3+3+3+4+3+4+1+4+4+3+2+2+3+2+4+4+3+4+2+3+3 -> 96 | J11: =IF(B11="","",(D11-G11-H11-I11)/D11) -> 0.68200161 | K11: 16 | L11: =14+30+6+5 -> 55 | M11: =IF(B11="","",(D11-G11-H11-I11-K11-L11-E11)/D11) -> 0.60451977 | N11: 17000 | O11: =AVERAGE(16000,17000,17000,16600,16600,16600,17000,17000,17000,17000,17000,17000,17000,17000,17000) -> 16853.333 | P11: =IF(B11="","",O11/N11) -> 0.99137255 | Q11: 6236 | R11: 58 | S11: 14 | T11: 45826.958 | U11: =IF(S11="","",(T11-C11)) -> 5.0881944 | V11: =IF(B11="","",IF(U11<3,(Q11-R11)/Q11,(Q11-R11-S11)/Q11)) -> 0.98845414 | W11: =IF(B11="","",V11*P11*J11) -> 0.66831132 | X11: =IF(B11="","",V11*P11*M11) -> 0.59238482
A12: Mackeson to Stag Local | B12: 45824.184 | C12: 45825 | D12: =IF(B12="","",(C12-B12)*24*60) -> 1175 | E12: 45 | F12: 78 | G12: =IF(E12="","",F12-E12) -> 33 | H12: =5+13+9+24+5+8+6+5+15+10+6+9+5+8+6+6+6+35+5+5+7+5+6+6+7+5+5+9+5 -> 246 | I12: =2+2+4+4+3+4+3+4+4+4+2+1+4+3+2+4+3+1+4+4+4+3+1+4 -> 74 | J12: =IF(B12="","",(D12-G12-H12-I12)/D12) -> 0.69957447 | K12: 0 | L12: =29 -> 29 | M12: =IF(B12="","",(D12-G12-H12-I12-K12-L12-E12)/D12) -> 0.63659574 | N12: 17000 | O12: =AVERAGE(16000,17000,17000,17000,17000,17000,17000,17000,17500,17500,17500,17500,17500,17500,17000) -> 17133.333 | P12: =IF(B12="","",O12/N12) -> 1.0078431 | Q12: 6070 | R12: 31 | S12: 1 | U12: =IF(S12="","",(T12-C12)) -> -45825 | V12: =IF(B12="","",IF(U12<3,(Q12-R12)/Q12,(Q12-R12-S12)/Q12)) -> 0.99489292 | W12: =IF(B12="","",V12*P12*J12) -> 0.70146052 | X12: =IF(B12="","",V12*P12*M12) -> 0.63831201
A13: Stag Local | B13: 45825.007 | C13: 45825.963 | D13: =IF(B13="","",(C13-B13)*24*60) -> 1376 | E13: 0 | F13: 0 | G13: =IF(E13="","",F13-E13) -> 0 | H13: =7+5+15+6+5+5+6+8+8+12+6+7+7+3+7+6+5+7+6+10+5+6+5 -> 157 | I13: =4+3+3+2+4+3+4+4+1+3+4+4+4+3+2+4+3+4+3+2+4+3+3+2+1+3+2+2+2+3+2+2+3+1+3+3+4+4+4+3+4+4+2+1+4 -> 133 | J13: =IF(B13="","",(D13-G13-H13-I13)/D13) -> 0.78924419 | K13: 0 | L13: =12+2+31 -> 45 | M13: =IF(B13="","",(D13-G13-H13-I13-K13-L13-E13)/D13) -> 0.7565407 | N13: 17000 | O13: =AVERAGE(16000,16000,17000,16000,15000,15000,15000,17000,15000,16000,16000,1600,16000,16000,16000,16000,16000,16000,16000) -> 15136.842 | P13: =IF(B13="","",O13/N13) -> 0.89040248 | Q13: 8337 | R13: 38 | U13: =IF(S13="","",(T13-C13)) | V13: =IF(B13="","",IF(U13<3,(Q13-R13)/Q13,(Q13-R13-S13)/Q13)) -> 0.99544201 | W13: =IF(B13="","",V13*P13*J13) -> 0.69954187 | X13: =IF(B13="","",V13*P13*M13) -> 0.67055533
A14: Carib Amber to Vitamalt Classic | B14: 45826 | C14: 45826.931 | D14: =IF(B14="","",(C14-B14)*24*60) -> 1340 | E14: 100 | F14: =9+25+40+30+30 -> 134 | G14: =IF(E14="","",F14-E14) -> 34 | H14: =7+26+60+26+14+30+8+7+41+5+5+9+6+17 -> 261 | I14: =4+1+4+3+4+1+3+2+1+2+1+2+2+3+1+1+2+2+3+2+2+2+1+1+3+4+2+3+4+2 -> 68 | J14: =IF(B14="","",(D14-G14-H14-I14)/D14) -> 0.72910448 | K14: =15+20 -> 35 | L14: =13+5+15+10+25+15+60+5+10 -> 158 | M14: =IF(B14="","",(D14-G14-H14-I14-K14-L14-E14)/D14) -> 0.51044776 | N14: 17000 | O14: =AVERAGE(17000,14000,17000,17000,17000,17000,17000,17000,17000,17000,17000,16500,16500,18000) -> 16785.714 | P14: =IF(B14="","",O14/N14) -> 0.98739496 | Q14: 6685 | R14: 25 | S14: =+(2*70)+12 -> 152 | U14: =IF(S14="","",(T14-C14)) -> -45826.931 | V14: =IF(B14="","",IF(U14<3,(Q14-R14)/Q14,(Q14-R14-S14)/Q14)) -> 0.99626028 | W14: =IF(B14="","",V14*P14*J14) -> 0.71722181 | X14: =IF(B14="","",V14*P14*M14) -> 0.50212868
A15: Vitamalt to Viltamalt Ginger to Starmalt | B15: 45828.067 | C15: 45828.804 | D15: =IF(B15="","",(C15-B15)*24*60) -> 1062 | E15: =10+100 -> 110 | F15: =16+5+59+20+16 -> 116 | G15: =IF(E15="","",F15-E15) -> 6 | H15: =9+15+32+34+56 -> 146 | I15: =2+2+1+2+4+2+4+3+4+4+3+2+3+3+3+4+1 -> 47 | J15: =IF(B15="","",(D15-G15-H15-I15)/D15) -> 0.8126177 | K15: 24 | L15: =2+3+3+17+14+16+4+3+15 -> 77 | M15: =IF(B15="","",(D15-G15-H15-I15-K15-L15-E15)/D15) -> 0.61393597 | N15: 17000 | O15: =AVERAGE(16000,17000,17000,17000,17000,17000,17000,17000,17000,18000) -> 17000 | P15: =IF(B15="","",O15/N15) -> 1 | Q15: 5352 | R15: 57 | S15: 70 | U15: =IF(S15="","",(T15-C15)) -> -45828.804 | V15: =IF(B15="","",IF(U15<3,(Q15-R15)/Q15,(Q15-R15-S15)/Q15)) -> 0.98934978 | W15: =IF(B15="","",V15*P15*J15) -> 0.80396314 | X15: =IF(B15="","",V15*P15*M15) -> 0.60739741
A16: Guinness to Carib Amber | B16: 45831.069 | C16: 45832 | D16: =IF(B16="","",(C16-B16)*24*60) -> 1340 | E16: 60 | F16: 52 | G16: =IF(E16="","",F16-E16) -> -8 | H16: =5+20+14+7+6+18+11+5+7+8+6+5+9 -> 121 | I16: =1+4+2+2+4+4+3+3+1+1+3+4+4+3+1+3+3+4+4+3+2+1+2+3+2+2+2+3+4+4+3+2+2+4+1+3 -> 97 | J16: =IF(B16="","",(D16-G16-H16-I16)/D16) -> 0.84328358 | K16: 10 | L16: =38+2+19+60+36 -> 155 | M16: =IF(B16="","",(D16-G16-H16-I16-K16-L16-E16)/D16) -> 0.67537313 | N16: 17000 | O16: =AVERAGE(17000,17000,17000,17000,17000,17000,17000,17000,17000,17000,17000,17000,17000,17000) -> 17000 | P16: =IF(B16="","",O16/N16) -> 1 | Q16: 7210 | R16: 74 | S16: =280+25 -> 305 | T16: 45831.333 | U16: =IF(S16="","",(T16-C16)) -> -0.66666667 | V16: =IF(B16="","",IF(U16<3,(Q16-R16)/Q16,(Q16-R16-S16)/Q16)) -> 0.98973648 | W16: =IF(B16="","",V16*P16*J16) -> 0.83462852 | X16: =IF(B16="","",V16*P16*M16) -> 0.66844143
A17: Carib Amber | B17: 45832 | C17: 45833 | D17: =IF(B17="","",(C17-B17)*24*60) -> 1440 | E17: 0 | F17: 0 | G17: =IF(E17="","",F17-E17) -> 0 | H17: =5+5+5+5+10+7+6 -> 43 | I17: =4+3+1+4+2+4+2+3+4+1+4+4 -> 36 | J17: =IF(B17="","",(D17-G17-H17-I17)/D17) -> 0.94513889 | K17: 0 | L17: =3+53+60+60+60+60+60+60+60+20+15+21+60+60+50+20+5 -> 727 | M17: =IF(B17="","",(D17-G17-H17-I17-K17-L17-E17)/D17) -> 0.44027778 | N17: 17000 | O17: =AVERAGE(17000,17000,17000,17000,17000,17000,16000,17000,17000,17000,17000,17000,17000) -> 16923.077 | P17: =IF(B17="","",O17/N17) -> 0.99547511 | Q17: 5564 | R17: 19 | U17: =IF(S17="","",(T17-C17)) | V17: =IF(B17="","",IF(U17<3,(Q17-R17)/Q17,(Q17-R17-S17)/Q17)) -> 0.99658519 | W17: =IF(B17="","",V17*P17*J17) -> 0.93764938 | X17: =IF(B17="","",V17*P17*M17) -> 0.43678891
A18: Carib Amber to Stag Local | B18: 45833 | C18: 45834 | D18: =IF(B18="","",(C18-B18)*24*60) -> 1440 | E18: 10 | F18: 6 | G18: =IF(E18="","",F18-E18) -> -4 | H18: =5+13+31+50+13+12+16+5+6+6+5+5 -> 167 | I18: =2+4+22+2+1+2+2+2+4+2+2+1+2+2+1+3+3+2+3+2+3+3+4+3+2+3+1+3+3+4+2+3+2+2+3 -> 105 | J18: =IF(B18="","",(D18-G18-H18-I18)/D18) -> 0.81388889 | K18: 0 | L18: =3+4+4+8+10+6+3+3+3+3+3+3+3+6+6+4 -> 72 | M18: =IF(B18="","",(D18-G18-H18-I18-K18-L18-E18)/D18) -> 0.75694444 | N18: 17000 | O18: =AVERAGE(17000,17000,17000,17000,17000,17000,17000,17000,17000,17000,17000,17000,17000,17000,17000,17000,17000,17000,17000,17000,17000,17000,17000,17000) -> 17000 | P18: =IF(B18="","",O18/N18) -> 1 | Q18: =2152+7898 -> 10050 | R18: =13+18 -> 31 | S18: =4*70 -> 280 | T18: 45833.5 | U18: =IF(S18="","",(T18-C18)) -> -0.5 | V18: =IF(B18="","",IF(U18<3,(Q18-R18)/Q18,(Q18-R18-S18)/Q18)) -> 0.99691542 | W18: =IF(B18="","",V18*P18*J18) -> 0.81137839 | X18: =IF(B18="","",V18*P18*M18) -> 0.75460959
A19: Stag Local to Carib Amber to Carib Flint to Carib Amber | B19: 45834 | C19: 45835 | D19: =IF(B19="","",(C19-B19)*24*60) -> 1440 | E19: 20 | F19: 69 | G19: =IF(E19="","",F19-E19) -> 49 | H19: =9+5+7+6+8+6+5+25+10+20+22+5+5+7+5+6+13+47 -> 211 | I19: =3+3+1+4+3+3+4+3+2+4+1+3+3+4+4+1+4+4+3+1+2+2+2+4+3+3+3+2 -> 79 | J19: =IF(B19="","",(D19-G19-H19-I19)/D19) -> 0.76458333 | K19: 126 | L19: =4+4+3+5+12+2+23+6+8+3 -> 70 | M19: =IF(B19="","",(D19-G19-H19-I19-K19-L19-E19)/D19) -> 0.61458333 | N19: 17000 | O19: =AVERAGE(17000) -> 17000 | P19: =IF(B19="","",O19/N19) -> 1 | Q19: 7974 | R19: 23 | U19: =IF(S19="","",(T19-C19)) | V19: =IF(B19="","",IF(U19<3,(Q19-R19)/Q19,(Q19-R19-S19)/Q19)) -> 0.99711563 | W19: =IF(B19="","",V19*P19*J19) -> 0.76237799 | X19: =IF(B19="","",V19*P19*M19) -> 0.61281065
A20: Carib Amber to Carib Flint to Ginseng Original | B20: 45835 | C20: 45835.841 | D20: =IF(B20="","",(C20-B20)*24*60) -> 1211 | E20: =10+60 -> 70 | F20: =10+36+5 -> 51 | G20: =IF(E20="","",F20-E20) -> -19 | H20: =7+8+10+19+6 -> 50 | I20: =4+3+1+2+3+2+2+3+2+2+2+6+6+4+4+4+1+2+3+3+2+1 -> 62 | J20: =IF(B20="","",(D20-G20-H20-I20)/D20) -> 0.92320396 | K20: 0 | L20: =10+4+17+4+10+3+10+6+18+60+55+25+60+5+2 -> 289 | M20: =IF(B20="","",(D20-G20-H20-I20-K20-L20-E20)/D20) -> 0.62675475 | N20: 17000 | O20: =AVERAGE(17000,17000,17000,17000,17000,17000,17000,17000,17000,17000,17000,17000,17000,17000) -> 17000 | P20: =IF(B20="","",O20/N20) -> 1 | Q20: 6095 | R20: 42 | S20: 58 | T20: 45845.75 | U20: =IF(S20="","",(T20-C20)) -> 9.9090278 | V20: =IF(B20="","",IF(U20<3,(Q20-R20)/Q20,(Q20-R20-S20)/Q20)) -> 0.98359311 | W20: =IF(B20="","",V20*P20*J20) -> 0.90805706 | X20: =IF(B20="","",V20*P20*M20) -> 0.61647165
A21: Ginseng Original to Stag Local | B21: 45838.097 | C21: 45839 | D21: =IF(B21="","",(C21-B21)*24*60) -> 1300 | E21: 120 | F21: =60+60+238 -> 358 | G21: =IF(E21="","",F21-E21) -> 238 | H21: =5+5+5+6+5+5+14+22+60+60+30+5+5+28+52 -> 307 | I21: =2+2+1+4+4+4+3 -> 20 | J21: =IF(B21="","",(D21-G21-H21-I21)/D21) -> 0.56538462 | K21: 0 | L21: =12+30+43+6 -> 91 | M21: =IF(B21="","",(D21-G21-H21-I21-K21-L21-E21)/D21) -> 0.40307692 | N21: 17000 | O21: =AVERAGE(17000,17000,17000,17000,17000,17000,16500,16500,17000) -> 16888.889 | P21: =IF(B21="","",O21/N21) -> 0.99346405 | Q21: 4134 | R21: 48 | U21: =IF(S21="","",(T21-C21)) | V21: =IF(B21="","",IF(U21<3,(Q21-R21)/Q21,(Q21-R21-S21)/Q21)) -> 0.98838897 | W21: =IF(B21="","",V21*P21*J21) -> 0.5551675 | X21: =IF(B21="","",V21*P21*M21) -> 0.39579288
D22: =IF(B22="","",(C22-B22)*24*60) | G22: =IF(E22="","",F22-E22) | J22: =IF(B22="","",(D22-G22-H22-I22)/D22) | M22: =IF(B22="","",(D22-G22-H22-I22-K22-L22-E22)/D22) | P22: =IF(B22="","",O22/N22) | U22: =IF(S22="","",(T22-C22)) | V22: =IF(B22="","",IF(U22<3,(Q22-R22)/Q22,(Q22-R22-S22)/Q22)) | W22: =IF(B22="","",V22*P22*J22) | X22: =IF(B22="","",V22*P22*M22)
D23: =IF(B23="","",(C23-B23)*24*60) | G23: =IF(E23="","",F23-E23) | J23: =IF(B23="","",(D23-G23-H23-I23)/D23) | M23: =IF(B23="","",(D23-G23-H23-I23-K23-L23-E23)/D23) | P23: =IF(B23="","",O23/N23) | U23: =IF(S23="","",(T23-C23)) | V23: =IF(B23="","",IF(U23<3,(Q23-R23)/Q23,(Q23-R23-S23)/Q23)) | W23: =IF(B23="","",V23*P23*J23) | X23: =IF(B23="","",V23*P23*M23)
D24: =IF(B24="","",(C24-B24)*24*60) | G24: =IF(E24="","",F24-E24) | J24: =IF(B24="","",(D24-G24-H24-I24)/D24) | M24: =IF(B24="","",(D24-G24-H24-I24-K24-L24-E24)/D24) | P24: =IF(B24="","",O24/N24) | U24: =IF(S24="","",(T24-C24)) | V24: =IF(B24="","",IF(U24<3,(Q24-R24)/Q24,(Q24-R24-S24)/Q24)) | W24: =IF(B24="","",V24*P24*J24) | X24: =IF(B24="","",V24*P24*M24)
D25: =IF(B25="","",(C25-B25)*24*60) | G25: =IF(E25="","",F25-E25) | J25: =IF(B25="","",(D25-G25-H25-I25)/D25) | M25: =IF(B25="","",(D25-G25-H25-I25-K25-L25-E25)/D25) | P25: =IF(B25="","",O25/N25) | U25: =IF(S25="","",(T25-C25)) | V25: =IF(B25="","",IF(U25<3,(Q25-R25)/Q25,(Q25-R25-S25)/Q25)) | W25: =IF(B25="","",V25*P25*J25) | X25: =IF(B25="","",V25*P25*M25)
D26: =IF(B26="","",(C26-B26)*24*60) | G26: =IF(E26="","",F26-E26) | J26: =IF(B26="","",(D26-G26-H26-I26)/D26) | M26: =IF(B26="","",(D26-G26-H26-I26-K26-L26-E26)/D26) | P26: =IF(B26="","",O26/N26) | U26: =IF(S26="","",(T26-C26)) | V26: =IF(B26="","",IF(U26<3,(Q26-R26)/Q26,(Q26-R26-S26)/Q26)) | W26: =IF(B26="","",V26*P26*J26) | X26: =IF(B26="","",V26*P26*M26)
D27: =IF(B27="","",(C27-B27)*24*60) | G27: =IF(E27="","",F27-E27) | J27: =IF(B27="","",(D27-G27-H27-I27)/D27) | M27: =IF(B27="","",(D27-G27-H27-I27-K27-L27-E27)/D27) | P27: =IF(B27="","",O27/N27) | U27: =IF(S27="","",(T27-C27)) | V27: =IF(B27="","",IF(U27<3,(Q27-R27)/Q27,(Q27-R27-S27)/Q27)) | W27: =IF(B27="","",V27*P27*J27) | X27: =IF(B27="","",V27*P27*M27)
D28: =IF(B28="","",(C28-B28)*24*60) | G28: =IF(E28="","",F28-E28) | J28: =IF(B28="","",(D28-G28-H28-I28)/D28) | M28: =IF(B28="","",(D28-G28-H28-I28-K28-L28-E28)/D28) | P28: =IF(B28="","",O28/N28) | U28: =IF(S28="","",(T28-C28)) | V28: =IF(B28="","",IF(U28<3,(Q28-R28)/Q28,(Q28-R28-S28)/Q28)) | W28: =IF(B28="","",V28*P28*J28) | X28: =IF(B28="","",V28*P28*M28)
D29: =IF(B29="","",(C29-B29)*24*60) | G29: =IF(E29="","",F29-E29) | J29: =IF(B29="","",(D29-G29-H29-I29)/D29) | M29: =IF(B29="","",(D29-G29-H29-I29-K29-L29-E29)/D29) | P29: =IF(B29="","",O29/N29) | U29: =IF(S29="","",(T29-C29)) | V29: =IF(B29="","",IF(U29<3,(Q29-R29)/Q29,(Q29-R29-S29)/Q29)) | W29: =IF(B29="","",V29*P29*J29) | X29: =IF(B29="","",V29*P29*M29)
D30: =IF(B30="","",(C30-B30)*24*60) | G30: =IF(E30="","",F30-E30) | J30: =IF(B30="","",(D30-G30-H30-I30)/D30) | M30: =IF(B30="","",(D30-G30-H30-I30-K30-L30-E30)/D30) | P30: =IF(B30="","",O30/N30) | U30: =IF(S30="","",(T30-C30)) | V30: =IF(B30="","",IF(U30<3,(Q30-R30)/Q30,(Q30-R30-S30)/Q30)) | W30: =IF(B30="","",V30*P30*J30) | X30: =IF(B30="","",V30*P30*M30)
D31: =IF(B31="","",(C31-B31)*24*60) | G31: =IF(E31="","",F31-E31) | J31: =IF(B31="","",(D31-G31-H31-I31)/D31) | M31: =IF(B31="","",(D31-G31-H31-I31-K31-L31-E31)/D31) | P31: =IF(B31="","",O31/N31) | U31: =IF(S31="","",(T31-C31)) | V31: =IF(B31="","",IF(U31<3,(Q31-R31)/Q31,(Q31-R31-S31)/Q31)) | W31: =IF(B31="","",V31*P31*J31) | X31: =IF(B31="","",V31*P31*M31)
D32: =IF(B32="","",(C32-B32)*24*60) | G32: =IF(E32="","",F32-E32) | J32: =IF(B32="","",(D32-G32-H32-I32)/D32) | M32: =IF(B32="","",(D32-G32-H32-I32-K32-L32-E32)/D32) | P32: =IF(B32="","",O32/N32) | U32: =IF(S32="","",(T32-C32)) | V32: =IF(B32="","",IF(U32<3,(Q32-R32)/Q32,(Q32-R32-S32)/Q32)) | W32: =IF(B32="","",V32*P32*J32) | X32: =IF(B32="","",V32*P32*M32)
D33: =IF(B33="","",(C33-B33)*24*60) | G33: =IF(E33="","",F33-E33) | J33: =IF(B33="","",(D33-G33-H33-I33)/D33) | M33: =IF(B33="","",(D33-G33-H33-I33-K33-L33-E33)/D33) | P33: =IF(B33="","",O33/N33) | U33: =IF(S33="","",(T33-C33)) | V33: =IF(B33="","",IF(U33<3,(Q33-R33)/Q33,(Q33-R33-S33)/Q33)) | W33: =IF(B33="","",V33*P33*J33) | X33: =IF(B33="","",V33*P33*M33)
... D37: =IF(B37="","",(C37-B37)*24*60) | G37: =IF(E37="","",F37-E37) | J37: =IF(B37="","",(D37-G37-H37-I37)/D37) | M37: =IF(B37="","",(D37-G37-H37-I37-K37-L37-E37)/D37) | P37: =IF(B37="","",O37/N37) | U37: =IF(S37="","",(T37-C37)) | V37: =IF(B37="","",IF(U37<3,(Q37-R37)/Q37,(Q37-R37-S37)/Q37)) | W37: =IF(B37="","",V37*P37*J37) | X37: =IF(B37="","",V37*P37*M37)
B38: Total | D38: =SUM(D3:D37) -> 25385 | E38: =SUM(E3:E37) -> 964 | F38: =SUM(F3:F37) -> 1411 | G38: =SUM(G3:G37) -> 447 | H38: =SUM(H2:H37) -> 4486 | I38: =SUM(I3:I37) -> 1394 | J38: =(D38-G38-H38-I38)/D38 -> 0.75075832 | K38: =SUM(K3:K37) -> 211 | L38: =SUM(L3:L37) -> 2305 | M38: =(D38-G38-H38-I38-E38-K38-L38)/D38 -> 0.61366949 | N38: =AVERAGE(N3:N37) -> 17000 | O38: =AVERAGE(O3:O37) -> 16687.396 | P38: =O38/N38 -> 0.98161155 | Q38: =SUM(Q3:Q35) -> 126253 | V38: =AVERAGE(V3:V37) -> 0.99153921 | W38: =V38*P38*J38 -> 0.73071783 | X38: =V38*P38*M38 -> 0.5972884
D46: Real | E46: Opportunity
C47: OEE | D47: =W38 -> 0.73071783 | E47: =100%-D47 -> 0.26928217
C48: OEE Utilization | D48: =X38 -> 0.5972884 | E48: =100%-D48 -> 0.4027116
C49: Availability (for OEE) | D49: =J38 -> 0.75075832 | E49: =100%-D49 -> 0.24924168
C50: Availability (for OEE Utilization) | D50: =M38 -> 0.61366949 | E50: =100%-D50 -> 0.38633051
C51: Performance | D51: =P38 -> 0.98161155 | E51: =100%-D51 -> 0.018388452
C52: =V2 -> Quality | D52: =V38 -> 0.99153921 | E52: =100%-D52 -> 0.008460789

Sheet July 2025 (w Utilization)
G1: CARIB BREWERY
A2: SKU | B2: Start Time dd/mm/yyyy h:mm | C2: End Time dd/mm/yyyy h:mm (when production actually ends) | D2: Available time /mins | E2: Changeover Standard time /mins | F2: Actual Changeover /mins | G2: Changeover Deviation /mins | H2: Total Breakdowns /mins | I2: Total Minor Stops /mins | J2: Availability (for OEE) | K2: Planned Downtime /mins | L2: External Downtime /mins | M2: Availability (for OEE Utilization) | N2: Nominal Speed | O2: Actual (Average) Speed | P2: Performance | Q2: Total Products Produced /Cases | R2: Low Fill /Cases | S2: Embargo /cases | T2: Embargo release date | U2: Embargo Residence time /days | V2: Quality | W2: OEE | X2: OEE Utilization
A3: Stag Local | B3: 45839 | C3: 45840 | D3: =IF(B3="","",(C3-B3)*24*60) -> 1440 | E3: 0 | F3: 0 | G3: =IF(E3="","",F3-E3) -> 0 | H3: =5+14+35+60+60+60+60+60+60+60+13+5+10+5+25+7+38+5+26+5+25+60+9+6 -> 713 | I3: =3+3+2+2+4+4+1+3+4+3+3 -> 32 | J3: =IF(B3="","",(D3-G3-H3-I3)/D3) -> 0.48263889 | K3: 0 | L3: =4+4+60+35+5+3+3+5 -> 119 | M3: =IF(B3="","",(D3-G3-H3-I3-K3-L3-E3)/D3) -> 0.4 | N3: 17000 | O3: =AVERAGE(17000,17000,17000,17000,17000,17000,17000,17000,17000) -> 17000 | P3: =IF(B3="","",O3/N3) -> 1 | Q3: 3782 | R3: 71 | U3: =IF(S3="","",(T3-C3)) | V3: =IF(B3="","",IF(U3<3,(Q3-R3)/Q3,(Q3-R3-S3)/Q3)) -> 0.98122686 | W3: =IF(B3="","",V3*P3*J3) -> 0.47357824 | X3: =IF(B3="","",V3*P3*M3) -> 0.39249075
A4: Stag Local /Carib Amber/ Shandy Lime Local/ Shandy Ginger Local | B4: 45840 | C4: 45841 | D4: =IF(B4="","",(C4-B4)*24*60) -> 1440 | E4: =10+20+20 -> 50 | F4: 117 | G4: =IF(E4="","",F4-E4) -> 67 | H4: =6+8+8+10+21+25+5+5+7+7+12+9+6+12+10+17+13 -> 181 | I4: =3+2+4+2+2+3+2+3+3+3+3+1+3+3+2+3+3+2+1+4+2+4+3+3+3 -> 67 | J4: =IF(B4="","",(D4-G4-H4-I4)/D4) -> 0.78125 | K4: 0 | L4: =4+5+4+3+1+10+9 -> 36 | M4: =IF(B4="","",(D4-G4-H4-I4-K4-L4-E4)/D4) -> 0.72152778 | N4: 17000 | O4: =AVERAGE(17000,17000,17000,17000,17000,17000,17000,17000,17000,17000,17000,17000,17000) -> 17000 | P4: =IF(B4="","",O4/N4) -> 1 | Q4: 8517 | R4: 25 | U4: =IF(S4="","",(T4-C4)) | V4: =IF(B4="","",IF(U4<3,(Q4-R4)/Q4,(Q4-R4-S4)/Q4)) -> 0.99706469 | W4: =IF(B4="","",V4*P4*J4) -> 0.77895679 | X4: =IF(B4="","",V4*P4*M4) -> 0.71940987
A5: Shandy Ginger Local/ Shandy Ginger Export/ Shandy Sorrel Export/ Shandy Sorrel Local | B5: 45841.003 | C5: 45841.911 | D5: =IF(B5="","",(C5-B5)*24*60) -> 1307 | E5: =10+45+10 -> 65 | F5: 70 | G5: =IF(E5="","",F5-E5) -> 5 | H5: =5+6+9+5+10+35+5+16+9+60+6+16+5+15+5+5+5+8+6+14+6+6+15+5+5+7+5+20 -> 314 | I5: =4+3+2+2+3+2+4+3+4+3+3+3+3+4+4+2+3+1+2+4+2+2+4 -> 67 | J5: =IF(B5="","",(D5-G5-H5-I5)/D5) -> 0.70466718 | K5: 0 | L5: =5+21+4+10+3+2+2+5+4 -> 56 | M5: =IF(B5="","",(D5-G5-H5-I5-K5-L5-E5)/D5) -> 0.61208875 | N5: 17000 | O5: =AVERAGE(17000,17000,17000,17000,17000,17000,17000,17000,17000,17000,17000,17000,17000) -> 17000 | P5: =IF(B5="","",O5/N5) -> 1 | Q5: 5145 | R5: 530 | S5: =13+3 -> 16 | T5: 45849.438 | U5: =IF(S5="","",(T5-C5)) -> 7.5263889 | V5: =IF(B5="","",IF(U5<3,(Q5-R5)/Q5,(Q5-R5-S5)/Q5)) -> 0.89387755 | W5: =IF(B5="","",V5*P5*J5) -> 0.62988617 | X5: =IF(B5="","",V5*P5*M5) -> 0.5471324
A6: Carib Amber to Starmalt | B6: 45841.983 | C6: 45842.837 | D6: =IF(B6="","",(C6-B6)*24*60) -> 1230 | E6: 45 | F6: =38+25 -> 63 | G6: =IF(E6="","",F6-E6) -> 18 | H6: =6+5+5+12+6+5+7+5+6+6+25+9+5+10+10+5+5+6+5 -> 143 | I6: =2+4+2+3+1+2+2+2+2+3+2+3+2+2+2+4+4+1+2+4+2+4+4+3+4+3+3+4 -> 76 | J6: =IF(B6="","",(D6-G6-H6-I6)/D6) -> 0.80731707 | K6: 0 | L6: =10+20+2+6+8+8+5+4+35 -> 98 | M6: =IF(B6="","",(D6-G6-H6-I6-K6-L6-E6)/D6) -> 0.69105691 | N6: 17000 | O6: =AVERAGE(17000,17000,17000,17000,17000,17000,17000,17000,17000,17000,17000,17000,17000,17000,17000,17000) -> 17000 | P6: =IF(B6="","",O6/N6) -> 1 | Q6: 7943 | R6: 78 | S6: 18 | U6: =IF(S6="","",(T6-C6)) -> -45842.837 | V6: =IF(B6="","",IF(U6<3,(Q6-R6)/Q6,(Q6-R6-S6)/Q6)) -> 0.99018003 | W6: =IF(B6="","",V6*P6*J6) -> 0.79938925 | X6: =IF(B6="","",V6*P6*M6) -> 0.68427075
A7: Starmalt | B7: 45845.196 | C7: 45845.995 | D7: =IF(B7="","",(C7-B7)*24*60) -> 1151 | E7: 0 | F7: 13 | G7: =IF(E7="","",F7-E7) -> 13 | H7: =14+6+46+60+5+7+8+8+7+32+45+9+5+7+8+5+7+6+5+15+16+60+8+9+7 -> 405 | I7: =3+4+2+4+4+2+1+3+2+2+4+2+4+2+2+3+3+2+2+3+4+3+2+3+3 -> 69 | J7: =IF(B7="","",(D7-G7-H7-I7)/D7) -> 0.57688966 | K7: 0 | L7: =7+5+2+4+3+2+2+3+9 -> 37 | M7: =IF(B7="","",(D7-G7-H7-I7-K7-L7-E7)/D7) -> 0.5447437 | N7: 17000 | O7: =AVERAGE(16800,16800,16800,16800,17000,17000,17000,17000,17000,17000,17000,17000,17000,17000) -> 16942.857 | P7: =IF(B7="","",O7/N7) -> 0.99663866 | Q7: 5165 | R7: 41 | S7: 17 | U7: =IF(S7="","",(T7-C7)) -> -45845.995 | V7: =IF(B7="","",IF(U7<3,(Q7-R7)/Q7,(Q7-R7-S7)/Q7)) -> 0.99206196 | W7: =IF(B7="","",V7*P7*J7) -> 0.57038655 | X7: =IF(B7="","",V7*P7*M7) -> 0.53860297
A8: Hurricane Reef Local and Export to Ting Original | B8: 45846.038 | C8: 45847 | D8: =IF(B8="","",(C8-B8)*24*60) -> 1385 | E8: 60 | F8: 107 | G8: =IF(E8="","",F8-E8) -> 47 | H8: =5+6+5+10+5+8+5+5+9+20+20+31 -> 129 | I8: =3+1+4+4+3+2+4+2+3+1+3+2+2+2+2+3+2 -> 43 | J8: =IF(B8="","",(D8-G8-H8-I8)/D8) -> 0.84187726 | K8: 0 | L8: =10+60+2+3+3+1+60+60+25+35+25+5 +20+28+11+18 -> 366 | M8: =IF(B8="","",(D8-G8-H8-I8-K8-L8-E8)/D8) -> 0.53429603 | N8: 17000 | O8: =AVERAGE(17000,16500,16500,17000,16800,16800,17000,17000,17000) -> 16844.444 | P8: =IF(B8="","",O8/N8) -> 0.99084967 | Q8: 3901 | R8: 15 | S8: 254 | T8: 45849.438 | U8: =IF(S8="","",(T8-C8)) -> 2.4375 | V8: =IF(B8="","",IF(U8<3,(Q8-R8)/Q8,(Q8-R8-S8)/Q8)) -> 0.99615483 | W8: =IF(B8="","",V8*P8*J8) -> 0.83096627 | X8: =IF(B8="","",V8*P8*M8) -> 0.52737139
A9: Ting Original to Pink Ting | B9: 45847 | C9: 45848 | D9: =IF(B9="","",(C9-B9)*24*60) -> 1440 | E9: 45 | F9: 38 | G9: =IF(E9="","",F9-E9) -> -7 | H9: =12+19+7+18+6+5+6+5+5+44+5+11+13+5+21+13+10+5+9+5 -> 224 | I9: =2+1+2+4+4+4+3+3+4+2+4+2+1+1+2+2+3+4+2+3+2+3+3+2+4+3+2+4 -> 76 | J9: =IF(B9="","",(D9-G9-H9-I9)/D9) -> 0.79652778 | K9: 0 | L9: =60+48+2+3+30+60+60+40+2+13+32+36+12+13+6 -> 417 | M9: =IF(B9="","",(D9-G9-H9-I9-K9-L9-E9)/D9) -> 0.47569444 | N9: 17000 | O9: =AVERAGE(16000,16000,16000,16000,16000,16000,16000,15000,15000,17000,17000,17000,17000,16000,16000,17000) -> 16187.5 | P9: =IF(B9="","",O9/N9) -> 0.95220588 | Q9: 5105 | R9: 31 | S9: 653 | T9: 45884 | U9: =IF(S9="","",(T9-C9)) -> 36 | V9: =IF(B9="","",IF(U9<3,(Q9-R9)/Q9,(Q9-R9-S9)/Q9)) -> 0.86601371 | W9: =IF(B9="","",V9*P9*J9) -> 0.65683541 | X9: =IF(B9="","",V9*P9*M9) -> 0.39226875
A10: Pink Ting to Carib Amber to Stag Local | B10: 45848.007 | C10: 45849 | D10: =IF(B10="","",(C10-B10)*24*60) -> 1430 | E10: =60+10 -> 70 | F10: =78+24 -> 102 | G10: =IF(E10="","",F10-E10) -> 32 | H10: =5+5+5+5+20+5+60+60+8+7+9+5+6+5+9+106+13+6 -> 339 | I10: =4+4+3+3+1+4+2+3+2+4+4+2+2+1+1+1+2+2+4+3+2+4+2+3+3+1+3+4 -> 74 | J10: =IF(B10="","",(D10-G10-H10-I10)/D10) -> 0.68881119 | K10: 0 | L10: =10+7+3+21+18 -> 59 | M10: =IF(B10="","",(D10-G10-H10-I10-K10-L10-E10)/D10) -> 0.5986014 | N10: 17000 | O10: =AVERAGE(16000,17000,17000,16500,16500,16000,16000,16000,16000) -> 16333.333 | P10: =IF(B10="","",O10/N10) -> 0.96078431 | Q10: 7754 | R10: 35 | S10: =505+117 -> 622 | T10: 45849.438 | U10: =IF(S10="","",(T10-C10)) -> 0.4375 | V10: =IF(B10="","",IF(U10<3,(Q10-R10)/Q10,(Q10-R10-S10)/Q10)) -> 0.9954862 | W10: =IF(B10="","",V10*P10*J10) -> 0.65881176 | X10: =IF(B10="","",V10*P10*M10) -> 0.57253083
A11: Stag Local to Carib Amber | B11: 45849.007 | C11: 45849.845 | D11: =IF(B11="","",(C11-B11)*24*60) -> 1207 | E11: 10 | F11: 96 | G11: =IF(E11="","",F11-E11) -> 86 | H11: =10+37+60+5+11+7+6+60+60+60+14+5 -> 335 | I11: =4+2+4+1+2+2+1+4+3+3+4+4+1+3 -> 38 | J11: =IF(B11="","",(D11-G11-H11-I11)/D11) -> 0.61971831 | K11: 0 | L11: =10+4+60+60+60+50 -> 244 | M11: =IF(B11="","",(D11-G11-H11-I11-K11-L11-E11)/D11) -> 0.4092792 | N11: 17000 | O11: =AVERAGE(17000,16000,16000,16000,16500,16500,17000,17000,18000) -> 16666.667 | P11: =IF(B11="","",O11/N11) -> 0.98039216 | Q11: 4302 | R11: 27 | S11: 6 | U11: =IF(S11="","",(T11-C11)) -> -45849.845 | V11: =IF(B11="","",IF(U11<3,(Q11-R11)/Q11,(Q11-R11-S11)/Q11)) -> 0.99372385 | W11: =IF(B11="","",V11*P11*J11) -> 0.60375379 | X11: =IF(B11="","",V11*P11*M11) -> 0.39873579
A12: Carib Amber | B12: 45852.408 | C12: 45853 | D12: =IF(B12="","",(C12-B12)*24*60) -> 853 | E12: 0 | F12: 0 | G12: =IF(E12="","",F12-E12) -> 0 | H12: =5+24+5+9+6 -> 49 | I12: =3+2+4+2+4+3+1+4+4+2+4+3+4+2+2+2+2+3+1+2+2+1+2+1+1+1+2+5+1+3+4+2+3+2+4+1 -> 89 | J12: =IF(B12="","",(D12-G12-H12-I12)/D12) -> 0.83821805 | K12: 0 | L12: =22+7+2+5 -> 36 | M12: =IF(B12="","",(D12-G12-H12-I12-K12-L12-E12)/D12) -> 0.79601407 | N12: 17000 | O12: =AVERAGE(17000,17000,17000,17000,17000,16800,16800,16800,16800,16800,16800,16800,16800,17000) -> 16885.714 | P12: =IF(B12="","",O12/N12) -> 0.99327731 | Q12: 6093 | R12: 11 | U12: =IF(S12="","",(T12-C12)) | V12: =IF(B12="","",IF(U12<3,(Q12-R12)/Q12,(Q12-R12-S12)/Q12)) -> 0.99819465 | W12: =IF(B12="","",V12*P12*J12) -> 0.83107987 | X12: =IF(B12="","",V12*P12*M12) -> 0.78923529
A13: Carib Amber | B13: 45853 | C13: 45854 | D13: =IF(B13="","",(C13-B13)*24*60) -> 1440 | E13: 0 | F13: 0 | G13: =IF(E13="","",F13-E13) -> 0 | H13: =5+5+5+6+9+5+5+22+6+5+10+5+5+5+13+14+11+25+8+7+7 -> 183 | I13: =4+2+3+2+1+4+3+4+4+2+2+2+3+4+4+1+2+1+4+2+4+3+4+1+4+4+4+2+2+1+1+1+4+1+2+4+2+3+2+2+4+4+2+2+3+1+3 -> 124 | J13: =IF(B13="","",(D13-G13-H13-I13)/D13) -> 0.78680556 | K13: 0 | L13: =5+5+3+4+4+3+3+5+4+5+4+4+7+1+8 -> 65 | M13: =IF(B13="","",(D13-G13-H13-I13-K13-L13-E13)/D13) -> 0.74166667 | N13: 17000 | O13: =AVERAGE(17000,17000,17000,17000,17000,17000,17000,17000,17000,17000,17000,17000,17000,17000,17000,16800,16800,16800,16800,16800,16800,16800,17000) -> 16939.13 | P13: =IF(B13="","",O13/N13) -> 0.99641944 | Q13: 9610 | R13: 12 | S13: 5 | U13: =IF(S13="","",(T13-C13)) -> -45854 | V13: =IF(B13="","",IF(U13<3,(Q13-R13)/Q13,(Q13-R13-S13)/Q13)) -> 0.9987513 | W13: =IF(B13="","",V13*P13*J13) -> 0.78300938 | X13: =IF(B13="","",V13*P13*M13) -> 0.73808828
A14: Carib Amber to Stag Local to Vitamalt Classic | B14: 45854 | C14: 45855 | D14: =IF(B14="","",(C14-B14)*24*60) -> 1440 | E14: =10+100 -> 110 | F14: 105 | G14: =IF(E14="","",F14-E14) -> -5 | H14: =5+6+10+8+7+5+20+10+30+30+5+5+7+5+9+5+5+5 -> 177 | I14: =4+4+2+2+4+4+4+4+2+4+2+2+4+3+4+1+4+3+4+4+3+1+3+2+3+3+2+1+2+3+4+3 -> 95 | J14: =IF(B14="","",(D14-G14-H14-I14)/D14) -> 0.81458333 | K14: 12 | L14: =6+10+6+13+4+5+28+2+2+2+2+2+2+15 -> 99 | M14: =IF(B14="","",(D14-G14-H14-I14-K14-L14-E14)/D14) -> 0.66111111 | N14: 17000 | O14: =AVERAGE(17000,17000,17000,17000,17000,17000,17000,17000,15000,15000,16000) -> 16545.455 | P14: =IF(B14="","",O14/N14) -> 0.97326203 | Q14: 8258 | R14: 45 | S14: =473+12 -> 485 | T14: 45856.292 | U14: =IF(S14="","",(T14-C14)) -> 1.2916667 | V14: =IF(B14="","",IF(U14<3,(Q14-R14)/Q14,(Q14-R14-S14)/Q14)) -> 0.99455074 | W14: =IF(B14="","",V14*P14*J14) -> 0.78848284 | X14: =IF(B14="","",V14*P14*M14) -> 0.6399281
A15: Vitamalt Classic to Guinness | B15: 45855.042 | C15: 45856 | D15: =IF(B15="","",(C15-B15)*24*60) -> 1380 | E15: 100 | F15: 36 | G15: =IF(E15="","",F15-E15) -> -64 | H15: =10+5+6+5+5+23+11+15+60+60+15+7+5+7+10+5+26+8+8+6+5+16+7+6+5+5 -> 341 | I15: =4+2+4+4+2+2+4+2+4+4+3+3+3+2+2+1+3+4+2+3+3+2+3+2+3+3+4+2+2+4+4 -> 90 | J15: =IF(B15="","",(D15-G15-H15-I15)/D15) -> 0.73405797 | K15: 0 | L15: =2+5+4+5+3 -> 19 | M15: =IF(B15="","",(D15-G15-H15-I15-K15-L15-E15)/D15) -> 0.64782609 | N15: 17000 | O15: =AVERAGE(17000,17000,17000,17000,17000,17000,16800,16800,16800,16800,16800) -> 16909.091 | P15: =IF(B15="","",O15/N15) -> 0.99465241 | Q15: 6271 | R15: 63 | U15: =IF(S15="","",(T15-C15)) | V15: =IF(B15="","",IF(U15<3,(Q15-R15)/Q15,(Q15-R15-S15)/Q15)) -> 0.98995376 | W15: =IF(B15="","",V15*P15*J15) -> 0.72279744 | X15: =IF(B15="","",V15*P15*M15) -> 0.63788836
A16: Guinness to Ginseng Original to Ginseng Apple | B16: 45856 | C16: 45856.812 | D16: =IF(B16="","",(C16-B16)*24*60) -> 1170 | E16: =45+45 -> 90 | F16: 99 | G16: =IF(E16="","",F16-E16) -> 9 | H16: =6+6+33+5+5+6+11+5+9+8+18+5+5+6+13+6+6+7+6+6+7+5+6+6+5+6+6 -> 213 | I16: =4+4+2+2+3+3+3+4+4+3+3+3+3+4+2+4+4+3+3+3+4+3+3+4+3+3 -> 84 | J16: =IF(B16="","",(D16-G16-H16-I16)/D16) -> 0.73846154 | K16: 0 | L16: =3+3+6+9+5+4+14+25 -> 69 | M16: =IF(B16="","",(D16-G16-H16-I16-K16-L16-E16)/D16) -> 0.6025641 | N16: 17000 | O16: =AVERAGE(17000,16000,16000,14000,15000,15000,14500,14500,14500,14500,14500) -> 15045.455 | P16: =IF(B16="","",O16/N16) -> 0.88502674 | Q16: 4718 | R16: 74 | S16: 74 | T16: 45867.417 | U16: =IF(S16="","",(T16-C16)) -> 10.604167 | V16: =IF(B16="","",IF(U16<3,(Q16-R16)/Q16,(Q16-R16-S16)/Q16)) -> 0.96863078 | W16: =IF(B16="","",V16*P16*J16) -> 0.63305659 | X16: =IF(B16="","",V16*P16*M16) -> 0.51655659
A17: Ginseng Apple to Carib Amber | B17: 45859.08 | C17: 45860 | D17: =IF(B17="","",(C17-B17)*24*60) -> 1325 | E17: 120 | F17: 212 | G17: =IF(E17="","",F17-E17) -> 92 | H17: =6+23+8+6+10+9+6+30+55+60+20+60+60+36+49+30+5+11 -> 484 | I17: =3+2+2+3+2+3+3+3+4+1+3+2+3+3+2+4+3+4+3+2+1 -> 56 | J17: =IF(B17="","",(D17-G17-H17-I17)/D17) -> 0.52301887 | K17: 0 | L17: =55+3+3+3+3+13+1 -> 81 | M17: =IF(B17="","",(D17-G17-H17-I17-K17-L17-E17)/D17) -> 0.37132075 | N17: 17000 | O17: =AVERAGE(17000,17000,17000,17000,17000,17000,16700,16200,16600,16200,16600,16600,16600) -> 16730.769 | P17: =IF(B17="","",O17/N17) -> 0.9841629 | Q17: 4613 | R17: 5 | S17: =221+12 -> 233 | U17: =IF(S17="","",(T17-C17)) -> -45860 | V17: =IF(B17="","",IF(U17<3,(Q17-R17)/Q17,(Q17-R17-S17)/Q17)) -> 0.99891611 | W17: =IF(B17="","",V17*P17*J17) -> 0.51417785 | X17: =IF(B17="","",V17*P17*M17) -> 0.36504401
A18: Carib Amber | B18: 45860.005 | C18: 45861 | D18: =IF(B18="","",(C18-B18)*24*60) -> 1433 | E18: 0 | F18: 0 | G18: =IF(E18="","",F18-E18) -> 0 | H18: =6+6+6+19+5+12+8 -> 62 | I18: =2+1+1+1+2+2+1+1+1+1+1+4+2+4+3+4+1+2+2+4+1+3+3+2+1+4+3+1+2+2+3+4+3+2+2+1+4+1 -> 82 | J18: =IF(B18="","",(D18-G18-H18-I18)/D18) -> 0.89951151 | K18: 0 | L18: =7+3+4+5+6+5+3+6+5+2+6+1+4 -> 57 | M18: =IF(B18="","",(D18-G18-H18-I18-K18-L18-E18)/D18) -> 0.85973482 | N18: 17000 | O18: =AVERAGE(16700,16700,16700,16700,16700,16700,16700,16700,17000,17000,17000,17000,17000,17000,17000,17000,18000,18000,16000,17000,17000,18000,18000,18000) -> 17066.667 | P18: =IF(B18="","",O18/N18) -> 1.0039216 | Q18: 11421 | R18: 20 | U18: =IF(S18="","",(T18-C18)) | V18: =IF(B18="","",IF(U18<3,(Q18-R18)/Q18,(Q18-R18-S18)/Q18)) -> 0.99824884 | W18: =IF(B18="","",V18*P18*J18) -> 0.90145764 | X18: =IF(B18="","",V18*P18*M18) -> 0.86159489
A19: Hurricane Reef APA to Hurricane Reef IPA to Stag Local | B19: 45861.056 | C19: 45862 | D19: =IF(B19="","",(C19-B19)*24*60) -> 1360 | E19: =10+10+60 -> 80 | F19: 92 | G19: =IF(E19="","",F19-E19) -> 12 | H19: =49+6+6+51+9+7+7+5+6+5+5+18+10+51+5+5+5+5+10+5 -> 270 | I19: =3+3+1+2+2+4+3+3+3+2+1+2+4+4+2+4+4+3+4+4+2+3+4+4+1+3+3+2+2+1+1+3+1 -> 88 | J19: =IF(B19="","",(D19-G19-H19-I19)/D19) -> 0.72794118 | K19: 0 | L19: =60+8+5+4+8+4 -> 89 | M19: =IF(B19="","",(D19-G19-H19-I19-K19-L19-E19)/D19) -> 0.60367647 | N19: 17000 | O19: =AVERAGE(17000,17000,17000,17000,17000,17000,17000,17000,17000,17000,16400,18000,18000,15700,16700,15800,16500) -> 16888.235 | P19: =IF(B19="","",O19/N19) -> 0.99342561 | Q19: 7302 | R19: 15 | S19: =11+7+11 -> 29 | U19: =IF(S19="","",(T19-C19)) -> -45862 | V19: =IF(B19="","",IF(U19<3,(Q19-R19)/Q19,(Q19-R19-S19)/Q19)) -> 0.99794577 | W19: =IF(B19="","",V19*P19*J19) -> 0.72166988 | X19: =IF(B19="","",V19*P19*M19) -> 0.59847572
A20: Stag Local to Carib Amber | B20: 45862.006 | C20: 45863 | D20: =IF(B20="","",(C20-B20)*24*60) -> 1432 | E20: 10 | F20: 22 | G20: =IF(E20="","",F20-E20) -> 12 | H20: =9+26+6+6+6+8+6+11+7+7+5+7+5+8+5+5+7 -> 134 | I20: =4+3+3+1+3+2+2+2+4+4+4+4+3+4+4+4+2+1+2+3+3+4+4+4+3+3+3+4+1+2+1+4+4+4+4+2+2+4+3+3+3+4+3+2+2 -> 135 | J20: =IF(B20="","",(D20-G20-H20-I20)/D20) -> 0.80377095 | K20: 0 | L20: =8+3+2+2 -> 15 | M20: =IF(B20="","",(D20-G20-H20-I20-K20-L20-E20)/D20) -> 0.78631285 | N20: 17000 | O20: =AVERAGE(16000,17000,17000,17000,17000,17000,16000,16000,16000,16000,16000,16000,16000,16000,16000,16000,16000,17000,17000,17000,17000,17000,17000) -> 16478.261 | P20: =IF(B20="","",O20/N20) -> 0.96930946 | Q20: 10000 | R20: 41 | U20: =IF(S20="","",(T20-C20)) | V20: =IF(B20="","",IF(U20<3,(Q20-R20)/Q20,(Q20-R20-S20)/Q20)) -> 0.9959 | W20: =IF(B20="","",V20*P20*J20) -> 0.77590847 | X20: =IF(B20="","",V20*P20*M20) -> 0.75905555
A21: Carib Amber to Stag Local | B21: 45863 | C21: 45863.846 | D21: =IF(B21="","",(C21-B21)*24*60) -> 1218 | E21: 10 | F21: 19 | G21: =IF(E21="","",F21-E21) -> 9 | H21: =6+5+6+6+5+5+9+5+6+11+16 -> 80 | I21: =3+3+2+2+3+4+2+2+3+4+1+3+4+2+3+2+1 -> 44 | J21: =IF(B21="","",(D21-G21-H21-I21)/D21) -> 0.8908046 | K21: 20 | L21: =7+4+7+38+2+3+6+4+6+20+3+4+13+2+3+4+13 -> 139 | M21: =IF(B21="","",(D21-G21-H21-I21-K21-L21-E21)/D21) -> 0.75205255 | N21: 17000 | O21: =AVERAGE(17000,17000,17000,17000,17000,17000,17000,17000,17000,17000,17000,16800,16800,16800,17000,17000,17000,18000,18000) -> 17073.684 | P21: =IF(B21="","",O21/N21) -> 1.0043344 | Q21: 8364 | R21: 23 | S21: 1 | U21: =IF(S21="","",(T21-C21)) -> -45863.846 | V21: =IF(B21="","",IF(U21<3,(Q21-R21)/Q21,(Q21-R21-S21)/Q21)) -> 0.99725012 | W21: =IF(B21="","",V21*P21*J21) -> 0.89220545 | X21: =IF(B21="","",V21*P21*M21) -> 0.7532352
A22: Stag Local | B22: 45866.163 | C22: 45866.444 | D22: =IF(B22="","",(C22-B22)*24*60) -> 405 | E22: 0 | F22: 0 | G22: =IF(E22="","",F22-E22) -> 0 | H22: =28+7+6+5+5+19 -> 70 | I22: =2+2+4+4+5+3+4+2+2+1+1+3+4+3+2+3+1 -> 46 | J22: =IF(B22="","",(D22-G22-H22-I22)/D22) -> 0.71358025 | K22: 0 | L22: 1 | M22: =IF(B22="","",(D22-G22-H22-I22-K22-L22-E22)/D22) -> 0.71111111 | N22: 17000 | O22: =AVERAGE(17000,16800,16800) -> 16866.667 | P22: =IF(B22="","",O22/N22) -> 0.99215686 | Q22: 2744 | R22: 14 | U22: =IF(S22="","",(T22-C22)) | V22: =IF(B22="","",IF(U22<3,(Q22-R22)/Q22,(Q22-R22-S22)/Q22)) -> 0.99489796 | W22: =IF(B22="","",V22*P22*J22) -> 0.70437138 | X22: =IF(B22="","",V22*P22*M22) -> 0.70193411
A23: Starmalt | B23: 45869.708 | C23: 45869.91 | D23: =IF(B23="","",(C23-B23)*24*60) -> 290 | E23: 0 | F23: 0 | G23: =IF(E23="","",F23-E23) -> 0 | H23: =20+15+20 -> 55 | I23: =4+3+4+2+4 -> 17 | J23: =IF(B23="","",(D23-G23-H23-I23)/D23) -> 0.75172414 | K23: 0 | L23: =60+36+10 -> 106 | M23: =IF(B23="","",(D23-G23-H23-I23-K23-L23-E23)/D23) -> 0.3862069 | N23: 17000 | O23: =AVERAGE(17000,17000,17000,17000) -> 17000 | P23: =IF(B23="","",O23/N23) -> 1 | Q23: 2039 | R23: 9 | U23: =IF(S23="","",(T23-C23)) | V23: =IF(B23="","",IF(U23<3,(Q23-R23)/Q23,(Q23-R23-S23)/Q23)) -> 0.99558607 | W23: =IF(B23="","",V23*P23*J23) -> 0.74840608 | X23: =IF(B23="","",V23*P23*M23) -> 0.38450221
D24: =IF(B24="","",(C24-B24)*24*60) | G24: =IF(E24="","",F24-E24) | J24: =IF(B24="","",(D24-G24-H24-I24)/D24) | M24: =IF(B24="","",(D24-G24-H24-I24-K24-L24-E24)/D24) | P24: =IF(B24="","",O24/N24) | U24: =IF(S24="","",(T24-C24)) | V24: =IF(B24="","",IF(U24<3,(Q24-R24)/Q24,(Q24-R24-S24)/Q24)) | W24: =IF(B24="","",V24*P24*J24) | X24: =IF(B24="","",V24*P24*M24)
D25: =IF(B25="","",(C25-B25)*24*60) | G25: =IF(E25="","",F25-E25) | J25: =IF(B25="","",(D25-G25-H25-I25)/D25) | M25: =IF(B25="","",(D25-G25-H25-I25-K25-L25-E25)/D25) | P25: =IF(B25="","",O25/N25) | U25: =IF(S25="","",(T25-C25)) | V25: =IF(B25="","",IF(U25<3,(Q25-R25)/Q25,(Q25-R25-S25)/Q25)) | W25: =IF(B25="","",V25*P25*J25) | X25: =IF(B25="","",V25*P25*M25)
D26: =IF(B26="","",(C26-B26)*24*60) | G26: =IF(E26="","",F26-E26) | J26: =IF(B26="","",(D26-G26-H26-I26)/D26) | M26: =IF(B26="","",(D26-G26-H26-I26-K26-L26-E26)/D26) | P26: =IF(B26="","",O26/N26) | U26: =IF(S26="","",(T26-C26)) | V26: =IF(B26="","",IF(U26<3,(Q26-R26)/Q26,(Q26-R26-S26)/Q26)) | W26: =IF(B26="","",V26*P26*J26) | X26: =IF(B26="","",V26*P26*M26)
D27: =IF(B27="","",(C27-B27)*24*60) | G27: =IF(E27="","",F27-E27) | J27: =IF(B27="","",(D27-G27-H27-I27)/D27) | M27: =IF(B27="","",(D27-G27-H27-I27-K27-L27-E27)/D27) | P27: =IF(B27="","",O27/N27) | U27: =IF(S27="","",(T27-C27)) | V27: =IF(B27="","",IF(U27<3,(Q27-R27)/Q27,(Q27-R27-S27)/Q27)) | W27: =IF(B27="","",V27*P27*J27) | X27: =IF(B27="","",V27*P27*M27)
D28: =IF(B28="","",(C28-B28)*24*60) | G28: =IF(E28="","",F28-E28) | J28: =IF(B28="","",(D28-G28-H28-I28)/D28) | M28: =IF(B28="","",(D28-G28-H28-I28-K28-L28-E28)/D28) | P28: =IF(B28="","",O28/N28) | U28: =IF(S28="","",(T28-C28)) | V28: =IF(B28="","",IF(U28<3,(Q28-R28)/Q28,(Q28-R28-S28)/Q28)) | W28: =IF(B28="","",V28*P28*J28) | X28: =IF(B28="","",V28*P28*M28)
D29: =IF(B29="","",(C29-B29)*24*60) | G29: =IF(E29="","",F29-E29) | J29: =IF(B29="","",(D29-G29-H29-I29)/D29) | M29: =IF(B29="","",(D29-G29-H29-I29-K29-L29-E29)/D29) | P29: =IF(B29="","",O29/N29) | U29: =IF(S29="","",(T29-C29)) | V29: =IF(B29="","",IF(U29<3,(Q29-R29)/Q29,(Q29-R29-S29)/Q29)) | W29: =IF(B29="","",V29*P29*J29) | X29: =IF(B29="","",V29*P29*M29)
D30: =IF(B30="","",(C30-B30)*24*60) | G30: =IF(E30="","",F30-E30) | J30: =IF(B30="","",(D30-G30-H30-I30)/D30) | M30: =IF(B30="","",(D30-G30-H30-I30-K30-L30-E30)/D30) | P30: =IF(B30="","",O30/N30) | U30: =IF(S30="","",(T30-C30)) | V30: =IF(B30="","",IF(U30<3,(Q30-R30)/Q30,(Q30-R30-S30)/Q30)) | W30: =IF(B30="","",V30*P30*J30) | X30: =IF(B30="","",V30*P30*M30)
D31: =IF(B31="","",(C31-B31)*24*60) | G31: =IF(E31="","",F31-E31) | J31: =IF(B31="","",(D31-G31-H31-I31)/D31) | M31: =IF(B31="","",(D31-G31-H31-I31-K31-L31-E31)/D31) | P31: =IF(B31="","",O31/N31) | U31: =IF(S31="","",(T31-C31)) | V31: =IF(B31="","",IF(U31<3,(Q31-R31)/Q31,(Q31-R31-S31)/Q31)) | W31: =IF(B31="","",V31*P31*J31) | X31: =IF(B31="","",V31*P31*M31)
D32: =IF(B32="","",(C32-B32)*24*60) | G32: =IF(E32="","",F32-E32) | J32: =IF(B32="","",(D32-G32-H32-I32)/D32) | M32: =IF(B32="","",(D32-G32-H32-I32-K32-L32-E32)/D32) | P32: =IF(B32="","",O32/N32) | U32: =IF(S32="","",(T32-C32)) | V32: =IF(B32="","",IF(U32<3,(Q32-R32)/Q32,(Q32-R32-S32)/Q32)) | W32: =IF(B32="","",V32*P32*J32) | X32: =IF(B32="","",V32*P32*M32)
D33: =IF(B33="","",(C33-B33)*24*60) | G33: =IF(E33="","",F33-E33) | J33: =IF(B33="","",(D33-G33-H33-I33)/D33) | M33: =IF(B33="","",(D33-G33-H33-I33-K33-L33-E33)/D33) | P33: =IF(B33="","",O33/N33) | U33: =IF(S33="","",(T33-C33)) | V33: =IF(B33="","",IF(U33<3,(Q33-R33)/Q33,(Q33-R33-S33)/Q33)) | W33: =IF(B33="","",V33*P33*J33) | X33: =IF(B33="","",V33*P33*M33)
D34: =IF(B34="","",(C34-B34)*24*60) | G34: =IF(E34="","",F34-E34) | J34: =IF(B34="","",(D34-G34-H34-I34)/D34) | M34: =IF(B34="","",(D34-G34-H34-I34-K34-L34-E34)/D34) | P34: =IF(B34="","",O34/N34) | U34: =IF(S34="","",(T34-C34)) | V34: =IF(B34="","",IF(U34<3,(Q34-R34)/Q34,(Q34-R34-S34)/Q34)) | W34: =IF(B34="","",V34*P34*J34) | X34: =IF(B34="","",V34*P34*M34)
D35: =IF(B35="","",(C35-B35)*24*60) | G35: =IF(E35="","",F35-E35) | J35: =IF(B35="","",(D35-G35-H35-I35)/D35) | M35: =IF(B35="","",(D35-G35-H35-I35-K35-L35-E35)/D35) | P35: =IF(B35="","",O35/N35) | U35: =IF(S35="","",(T35-C35)) | V35: =IF(B35="","",IF(U35<3,(Q35-R35)/Q35,(Q35-R35-S35)/Q35)) | W35: =IF(B35="","",V35*P35*J35) | X35: =IF(B35="","",V35*P35*M35)
... D37: =IF(B37="","",(C37-B37)*24*60) | G37: =IF(E37="","",F37-E37) | J37: =IF(B37="","",(D37-G37-H37-I37)/D37) | M37: =IF(B37="","",(D37-G37-H37-I37-K37-L37-E37)/D37) | P37: =IF(B37="","",O37/N37) | U37: =IF(S37="","",(T37-C37)) | V37: =IF(B37="","",IF(U37<3,(Q37-R37)/Q37,(Q37-R37-S37)/Q37)) | W37: =IF(B37="","",V37*P37*J37) | X37: =IF(B37="","",V37*P37*M37)
B38: Total | D38: =SUM(D3:D37) -> 25776 | E38: =SUM(E3:E37) -> 865 | F38: =SUM(F3:F37) -> 1191 | G38: =SUM(G3:G37) -> 326 | H38: =SUM(H2:H37) -> 4901 | I38: =SUM(I3:I37) -> 1492 | J38: =(D38-G38-H38-I38)/D38 -> 0.73933116 | K38: =SUM(K3:K37) -> 32 | L38: =SUM(L3:L37) -> 2208 | M38: =(D38-G38-H38-I38-E38-K38-L38)/D38 -> 0.61887027 | N38: =AVERAGE(N3:N37) -> 17000 | O38: =AVERAGE(O3:O37) -> 16733.52 | P38: =O38/N38 -> 0.98432473 | Q38: =SUM(Q3:Q35) -> 133047 | V38: =AVERAGE(V3:V37) -> 0.98260075 | W38: =V38*P38*J38 -> 0.71507978 | X38: =V38*P38*M38 -> 0.59857022
G44: =AVERAGE('January 2025 (w Utilization)'!X38,'February 2025 (w Utilization) '!X38,'March 2025 (w Utilization'!X38,'April 2025 (w Utilization) '!X38,'May 2025 (w Utilization)'!X38,'June 2025 (w Utilization)'!X38,'July 2025 (w Utilization)'!X38) -> 0.58585436
D46: Real | E46: Opportunity
C47: OEE | D47: =W38 -> 0.71507978 | E47: =100%-D47 -> 0.28492022
C48: OEE Utilization | D48: =X38 -> 0.59857022 | E48: =100%-D48 -> 0.40142978
C49: Availability (for OEE) | D49: =J38 -> 0.73933116 | E49: =100%-D49 -> 0.26066884
C50: Availability (for OEE Utilization) | D50: =M38 -> 0.61887027 | E50: =100%-D50 -> 0.38112973
C51: Performance | D51: =P38 -> 0.98432473 | E51: =100%-D51 -> 0.015675268
C52: =V2 -> Quality | D52: =V38 -> 0.98260075 | E52: =100%-D52 -> 0.017399249

Sheet August 2025 (w Utilization)
C1: OEE Calculation | G1: CARIB BREWERY
A2: SKU | B2: Start Time dd/mm/yyyy h:mm | C2: End Time dd/mm/yyyy h:mm (when production actually ends) | D2: Available time /mins | E2: Changeover Standard time /mins | F2: Actual Changeover /mins | G2: Changeover Deviation /mins | H2: Total Breakdowns /mins | I2: Total Minor Stops /mins | J2: Availability (for OEE) | K2: Planned Downtime /mins | L2: External Downtime /mins | M2: Availability (for OEE Utilization) | N2: Nominal Speed | O2: Actual (Average) Speed | P2: Performance | Q2: Total Products Produced /Cases | R2: Low Fill /Cases | S2: Embargo /cases | T2: Embargo release date | U2: Embargo Residence time /days | V2: Quality | W2: OEE | X2: OEE Utilization
A3: Starmalt to Carib Amber | B3: 45873.054 | C3: 45874 | D3: =IF(B3="","",(C3-B3)*24*60) -> 1362 | E3: 45 | F3: 41 | G3: =IF(E3="","",F3-E3) -> -4 | H3: =9+50+8+60+60+8+9+20+10+24+29+18+15+9+9+8+10+16+5+6+5+5+6+5 -> 404 | I3: =2+4+2+2+4+4+1+4+1+2+2+1+3+4+4+3+4+3+3+2+2+1+1+2+2+2+1+4+4+2+4+4+2 -> 86 | J3: =IF(B3="","",(D3-G3-H3-I3)/D3) -> 0.64317181 | K3: 0 | L3: =4+2+4+9+5+4 -> 28 | M3: =IF(B3="","",(D3-G3-H3-I3-K3-L3-E3)/D3) -> 0.58957416 | N3: 17000 | O3: =AVERAGE(17000,17000,17000,17000,17000,17000,17000,16700,16700,16800,16800,16300,16400,17300,17500) -> 16900 | P3: =IF(B3="","",O3/N3) -> 0.99411765 | Q3: 7243 | R3: 15 | S3: 609 | T3: 45875.251 | U3: =IF(S3="","",(T3-C3)) -> 1.2513889 | V3: =IF(B3="","",IF(U3<3,(Q3-R3)/Q3,(Q3-R3-S3)/Q3)) -> 0.99792903 | W3: =IF(B3="","",V3*P3*J3) -> 0.63806429 | X3: =IF(B3="","",V3*P3*M3) -> 0.58489227
A4: Carib Amber | B4: 45874 | C4: 45874.983 | D4: =IF(B4="","",(C4-B4)*24*60) -> 1415 | E4: 0 | F4: 0 | G4: =IF(E4="","",F4-E4) -> 0 | H4: =5+6+5+6+7+8+6+6+6 -> 55 | I4: =4+2+4+4+2+4+4+4+4+4+4+4+3+3+3+3+3+4+2+3+2+3+3+2+2+1+2+1+2+1+1+2+2+3+2+1+2+2+1+1+2+1+2 -> 109 | J4: =IF(B4="","",(D4-G4-H4-I4)/D4) -> 0.88409894 | K4: 0 | L4: =4+5+10+60+60+20+3+1+3+2 -> 168 | M4: =IF(B4="","",(D4-G4-H4-I4-K4-L4-E4)/D4) -> 0.76537102 | N4: 17000 | O4: =AVERAGE(17500,17500,17500,17500,17500,17500,17500,17000,17000,16000,17000,17000,17000,17800,17800,18200,16900,17100,17600,17600) -> 17325 | P4: =IF(B4="","",O4/N4) -> 1.0191176 | Q4: 10306 | R4: 10 | U4: =IF(S4="","",(T4-C4)) | V4: =IF(B4="","",IF(U4<3,(Q4-R4)/Q4,(Q4-R4-S4)/Q4)) -> 0.99902969 | W4: =IF(B4="","",V4*P4*J4) -> 0.90012658 | X4: =IF(B4="","",V4*P4*M4) -> 0.77924627
A5: Stag Local to Guinness | B5: 45874.995 | C5: 45875.991 | D5: =IF(B5="","",(C5-B5)*24*60) -> 1434 | E5: 45 | F5: 86 | G5: =IF(E5="","",F5-E5) -> 41 | H5: =60+60+60+60+50+9+5+6+5+10+8+5 -> 338 | I5: =2+3+3+2+2+1+2+1+2+2+4+3+2+2+4+1+2+4+4+3+1+2+2+4+3+2+3+3+1+1+2+2+3+2+3+1+4+2+1+1+2+4+3+2 -> 103 | J5: =IF(B5="","",(D5-G5-H5-I5)/D5) -> 0.66387727 | K5: 0 | L5: =2+5+2+2+8+5+3+4+4+1+2+2+4+3+2+5+17+9+9+4+10+4+5+18 -> 130 | M5: =IF(B5="","",(D5-G5-H5-I5-K5-L5-E5)/D5) -> 0.541841 | N5: 17000 | O5: =AVERAGE(17000,17000,17000,17000,17000,17000,17000,17000,17000,16800,16600,16000,16000,16000,16000,16000,13500) -> 16464.706 | P5: =IF(B5="","",O5/N5) -> 0.96851211 | Q5: 6871 | R5: 29 | S5: 221 | U5: =IF(S5="","",(T5-C5)) -> -45875.991 | V5: =IF(B5="","",IF(U5<3,(Q5-R5)/Q5,(Q5-R5-S5)/Q5)) -> 0.99577936 | W5: =IF(B5="","",V5*P5*J5) -> 0.64025942 | X5: =IF(B5="","",V5*P5*M5) -> 0.52256467
A6: Vitamalt to Carib Amber | B6: 45876.087 | C6: 45877 | D6: =IF(B6="","",(C6-B6)*24*60) -> 1315 | E6: 100 | F6: 168 | G6: =IF(E6="","",F6-E6) -> 68 | H6: =5+15+6+5+5+5+6+11+5 -> 63 | I6: =4+2+3+3+2+4+4+4+2+3+4+4+3+1+4+2+2+4+3+4+3+4+3+3+2+3+2+1+2+2+1+2+2+1+1+2+2+4+2+2+3+2+2+1+3+1+2+4+1+1+1+3+4 -> 134 | J6: =IF(B6="","",(D6-G6-H6-I6)/D6) -> 0.79847909 | K6: 0 | L6: =2+5+4+3+5+2+11+12+5+4+7 -> 60 | M6: =IF(B6="","",(D6-G6-H6-I6-K6-L6-E6)/D6) -> 0.67680608 | N6: 17000 | O6: =AVERAGE(17000,17000,17000,17000,17000,17000,17000,17000,17000,17000,16700,16500,16700,16700,16500,16500) -> 16850 | P6: =IF(B6="","",O6/N6) -> 0.99117647 | Q6: 8509 | R6: 34 | U6: =IF(S6="","",(T6-C6)) | V6: =IF(B6="","",IF(U6<3,(Q6-R6)/Q6,(Q6-R6-S6)/Q6)) -> 0.99600423 | W6: =IF(B6="","",V6*P6*J6) -> 0.7882713 | X6: =IF(B6="","",V6*P6*M6) -> 0.66815377
A7: Carib Amber to Stag Local | B7: 45877.004 | C7: 45877.829 | D7: =IF(B7="","",(C7-B7)*24*60) -> 1188 | E7: 10 | F7: 10 | G7: =IF(E7="","",F7-E7) -> 0 | H7: =8+6+5+5+6+15+5+7+10+13+36 -> 116 | I7: =2+2+2+2+2+2+2+4+4+3+2+4+4+4+3+3+3+4+4+4+3+2+2+2+1+2+2+3+2+1 -> 80 | J7: =IF(B7="","",(D7-G7-H7-I7)/D7) -> 0.83501684 | K7: 0 | L7: =4+3+3+4+5+60+6+1+4+4+2+3+2 -> 101 | M7: =IF(B7="","",(D7-G7-H7-I7-K7-L7-E7)/D7) -> 0.74158249 | N7: 17000 | O7: =AVERAGE(17000,17000,17000,17000,17000,17000,17000,17000,17000,17000,17000,17000,17000,17000,16500,16700,16700,16900) -> 16933.333 | P7: =IF(B7="","",O7/N7) -> 0.99607843 | Q7: 8369 | R7: 16 | S7: 620 | U7: =IF(S7="","",(T7-C7)) -> -45877.829 | V7: =IF(B7="","",IF(U7<3,(Q7-R7)/Q7,(Q7-R7-S7)/Q7)) -> 0.99808818 | W7: =IF(B7="","",V7*P7*J7) -> 0.83015212 | X7: =IF(B7="","",V7*P7*M7) -> 0.73726211
A8: Mackeson to Carib Amber | B8: 45882.333 | C8: 45883 | D8: =IF(B8="","",(C8-B8)*24*60) -> 960 | E8: 45 | F8: 60 | G8: =IF(E8="","",F8-E8) -> 15 | H8: =30+55+6+5+7+9+16+5+5+20+5+60+50+6 -> 279 | I8: =4+2+4+3+2+4+1+3+4+4+4+4+3 -> 42 | J8: =IF(B8="","",(D8-G8-H8-I8)/D8) -> 0.65 | K8: 30 | L8: =4+4+4+5+11+8+4+5+4+11+5+4+4+11+4+9 -> 97 | M8: =IF(B8="","",(D8-G8-H8-I8-K8-L8-E8)/D8) -> 0.47083333 | N8: 17000 | O8: =AVERAGE(18000,17000,17000,14000,17000,17000,17000,17000,17000,17000,17000,17000) -> 16833.333 | P8: =IF(B8="","",O8/N8) -> 0.99019608 | Q8: 4445 | R8: 35 | S8: 67 | T8: 45883.61 | U8: =IF(S8="","",(T8-C8)) -> 0.61041667 | V8: =IF(B8="","",IF(U8<3,(Q8-R8)/Q8,(Q8-R8-S8)/Q8)) -> 0.99212598 | W8: =IF(B8="","",V8*P8*J8) -> 0.63855952 | X8: =IF(B8="","",V8*P8*M8) -> 0.46254632
A9: Carib Amber to Stag Local | B9: 45883.004 | C9: 45884 | D9: =IF(B9="","",(C9-B9)*24*60) -> 1434 | E9: 10 | F9: 11 | G9: =IF(E9="","",F9-E9) -> 1 | H9: =5+9+8+5+11+9+40+13+29+12+20+60+51+5+8+7+60+60+28+5+6+5+11 -> 467 | I9: =3+3+3+3+3+3+1+2+2+3+4+3+3+4+4+4+3+3+2+1+4+3+3+3+4+3+3+3+2+2 -> 87 | J9: =IF(B9="","",(D9-G9-H9-I9)/D9) -> 0.61297071 | K9: 20 | L9: =6+37+6+1+2+2+3+2 -> 59 | M9: =IF(B9="","",(D9-G9-H9-I9-K9-L9-E9)/D9) -> 0.55090656 | N9: 17000 | O9: =AVERAGE(16000,16500,16500,16500,16500,16500,16500,17000,17000,17000,17000,17000,17000,17000,17000,17000,17000,16700) -> 16761.111 | P9: =IF(B9="","",O9/N9) -> 0.98594771 | Q9: 6957 | R9: 29 | U9: =IF(S9="","",(T9-C9)) | V9: =IF(B9="","",IF(U9<3,(Q9-R9)/Q9,(Q9-R9-S9)/Q9)) -> 0.99583154 | W9: =IF(B9="","",V9*P9*J9) -> 0.60183783 | X9: =IF(B9="","",V9*P9*M9) -> 0.54090089
A10: Stag Local to Carib Amber | B10: 45884.004 | C10: 45884.839 | D10: =IF(B10="","",(C10-B10)*24*60) -> 1202 | E10: 10 | F10: 27 | G10: =IF(E10="","",F10-E10) -> 17 | H10: =5+6+5+6+6 -> 28 | I10: =4+3+2+1+4+3+4+1+1+1+2+3+3+2+1+1+3+4+3+2+1+4+4+4+2+4+2+1+1+3+4+2 -> 80 | J10: =IF(B10="","",(D10-G10-H10-I10)/D10) -> 0.89600666 | K10: 0 | L10: =4+5+4+12+5+3+3+11+10 -> 57 | M10: =IF(B10="","",(D10-G10-H10-I10-K10-L10-E10)/D10) -> 0.84026622 | N10: 17000 | O10: =AVERAGE(16700,16700,16300,16300,16300,16300,17000,17000,17000,17000,17000,17000,17000,17000,17000,17000,17000,17000,17000,17000) -> 16830 | P10: =IF(B10="","",O10/N10) -> 0.99 | Q10: 8833 | R10: 15 | U10: =IF(S10="","",(T10-C10)) | V10: =IF(B10="","",IF(U10<3,(Q10-R10)/Q10,(Q10-R10-S10)/Q10)) -> 0.99830182 | W10: =IF(B10="","",V10*P10*J10) -> 0.88554023 | X10: =IF(B10="","",V10*P10*M10) -> 0.83045091
A11: Carib Amber to Shnady Ginger Local to Shandy Ginger Export to Shandy Sorrel Export to Shandy Sorrel Local | B11: 45887.062 | C11: 45887.893 | D11: =IF(B11="","",(C11-B11)*24*60) -> 1196 | E11: =20+10+45+10 -> 85 | F11: 97 | G11: =IF(E11="","",F11-E11) -> 12 | H11: =7+5+6+11+9+6+6+10+11+10+5+8+6+6+6 -> 112 | I11: =3+1+2+2+2+2+3+2+4+3+1+1+4+4+4+3+3+4+4+2+2+4+3+2+2+4+2+4+4+3+3+3+3+4+3+3+3+4+4+2 -> 116 | J11: =IF(B11="","",(D11-G11-H11-I11)/D11) -> 0.7993311 | K11: 0 | L11: =3+2+28+10+2 -> 45 | M11: =IF(B11="","",(D11-G11-H11-I11-K11-L11-E11)/D11) -> 0.69063545 | N11: 17000 | O11: =AVERAGE( 17000,17000,17000,17000,17000,17000,16500) -> 16928.571 | P11: =IF(B11="","",O11/N11) -> 0.99579832 | Q11: 5611 | R11: 39 | S11: 2075 | T11: 45924.542 | U11: =IF(S11="","",(T11-C11)) -> 36.648611 | V11: =IF(B11="","",IF(U11<3,(Q11-R11)/Q11,(Q11-R11-S11)/Q11)) -> 0.62324006 | W11: =IF(B11="","",V11*P11*J11) -> 0.496082 | X11: =IF(B11="","",V11*P11*M11) -> 0.42862315
A12: Caribe Pearsecco to Caribe Rose | B12: 45888.188 | C12: 45889 | D12: =IF(B12="","",(C12-B12)*24*60) -> 1170 | E12: 45 | F12: 30 | G12: =IF(E12="","",F12-E12) -> -15 | H12: =60+60+60+60+60+60+22+8+5+30+6+8+13+22+12+5+9+10+6+6+6+7+14+5 -> 554 | I12: =4+4+2+3+2+2+2+2+2+2+3+3+2 -> 33 | J12: =IF(B12="","",(D12-G12-H12-I12)/D12) -> 0.51111111 | K12: 0 | L12: =16+8+2+12+19+8+3+16+5+15+10 -> 114 | M12: =IF(B12="","",(D12-G12-H12-I12-K12-L12-E12)/D12) -> 0.37521368 | N12: 17000 | O12: =AVERAGE(15000,15000,15000,16000,16000,17000,17000) -> 15857.143 | P12: =IF(B12="","",O12/N12) -> 0.93277311 | Q12: 3109 | R12: 24 | S12: =1+1 -> 2 | U12: =IF(S12="","",(T12-C12)) -> -45889 | V12: =IF(B12="","",IF(U12<3,(Q12-R12)/Q12,(Q12-R12-S12)/Q12)) -> 0.99228048 | W12: =IF(B12="","",V12*P12*J12) -> 0.47307041 | X12: =IF(B12="","",V12*P12*M12) -> 0.34728748
A13: Caribe Rose to Vitamalt Classic to Carib Amber | B13: 45889.006 | C13: 45890 | D13: =IF(B13="","",(C13-B13)*24*60) -> 1431 | E13: =60+100 -> 160 | F13: 136 | G13: =IF(E13="","",F13-E13) -> -24 | H13: =50+8+16+12+6+8+8+5+20+7+5+13+8+24+40 -> 230 | I13: =2+3+1+4+1+3+4+2+3+4+4+3+2+1+2+2+1+1+1+3+1+4+2+2+3+4+3+3 -> 69 | J13: =IF(B13="","",(D13-G13-H13-I13)/D13) -> 0.80782669 | K13: 0 | L13: =7+13+20+4+3+2+9 -> 58 | M13: =IF(B13="","",(D13-G13-H13-I13-K13-L13-E13)/D13) -> 0.65548567 | N13: 17000 | O13: =AVERAGE(17000,17000,16800,16800,17000,16800,16800,16800,16800,16800,17500,17500,17500,17500,17500,17500) -> 17100 | P13: =IF(B13="","",O13/N13) -> 1.0058824 | Q13: 7703 | R13: 37 | U13: =IF(S13="","",(T13-C13)) | V13: =IF(B13="","",IF(U13<3,(Q13-R13)/Q13,(Q13-R13-S13)/Q13)) -> 0.99519668 | W13: =IF(B13="","",V13*P13*J13) -> 0.80867554 | X13: =IF(B13="","",V13*P13*M13) -> 0.65617444
A14: Carib Amber to Stag Local | B14: 45890.042 | C14: 45891 | D14: =IF(B14="","",(C14-B14)*24*60) -> 1380 | E14: 10 | F14: 10 | G14: =IF(E14="","",F14-E14) -> 0 | H14: =7+8+26+5+12+35+6+5+5+5+8+8+33 -> 163 | I14: =3+1+2+2+3+2+4+2+1+2+4+3+1+1+1+2+1+2+4+2+4+1+3+2+2+2+2+2+4+4+1 -> 70 | J14: =IF(B14="","",(D14-G14-H14-I14)/D14) -> 0.83115942 | K14: 0 | L14: =7+5+3+4+2+2+2+4+29+10+15+4+7+6 -> 100 | M14: =IF(B14="","",(D14-G14-H14-I14-K14-L14-E14)/D14) -> 0.75144928 | N14: 17000 | O14: =AVERAGE(18000,18000,18000,18000,18000,16700,16700,16700,16700,16800,16800) -> 17309.091 | P14: =IF(B14="","",O14/N14) -> 1.0181818 | Q14: 9235 | R14: 24 | U14: =IF(S14="","",(T14-C14)) | V14: =IF(B14="","",IF(U14<3,(Q14-R14)/Q14,(Q14-R14-S14)/Q14)) -> 0.99740119 | W14: =IF(B14="","",V14*P14*J14) -> 0.84407211 | X14: =IF(B14="","",V14*P14*M14) -> 0.76312361
A15: Stag Local to Carib Amber | B15: 45891 | C15: 45891.456 | D15: =IF(B15="","",(C15-B15)*24*60) -> 656 | E15: 10 | F15: 8 | G15: =IF(E15="","",F15-E15) -> -2 | H15: =12+9+10+10+23+7+5+5+8+25+35+27+30+39+11 -> 256 | I15: =4+2+3+1+4+1+4+4+2+3+3+2+1+3+2 -> 39 | J15: =IF(B15="","",(D15-G15-H15-I15)/D15) -> 0.55335366 | K15: 0 | L15: =8 -> 8 | M15: =IF(B15="","",(D15-G15-H15-I15-K15-L15-E15)/D15) -> 0.52591463 | N15: 17000 | O15: =AVERAGE(17000,17000,17000,17000,17000,17000,17000,17000) -> 17000 | P15: =IF(B15="","",O15/N15) -> 1 | Q15: 3311 | R15: 13 | U15: =IF(S15="","",(T15-C15)) | V15: =IF(B15="","",IF(U15<3,(Q15-R15)/Q15,(Q15-R15-S15)/Q15)) -> 0.99607369 | W15: =IF(B15="","",V15*P15*J15) -> 0.55118102 | X15: =IF(B15="","",V15*P15*M15) -> 0.52384973
A16: Carib Export | B16: 45896.135 | C16: 45897 | D16: =IF(B16="","",(C16-B16)*24*60) -> 1245 | E16: 0 | F16: 0 | G16: =IF(E16="","",F16-E16) -> 0 | H16: =11+5+9+5+5+5+6 -> 46 | I16: =4+2+4+2+1+4+4+3+3+3+2+2+3+1+4 -> 42 | J16: =IF(B16="","",(D16-G16-H16-I16)/D16) -> 0.92931727 | K16: 0 | L16: =2+1+2+1+1+2+1+2+4 -> 16 | M16: =IF(B16="","",(D16-G16-H16-I16-K16-L16-E16)/D16) -> 0.91646586 | N16: 17000 | O16: =AVERAGE(15500,15500,15500,15500,15500,16000,16000,16000) -> 15687.5 | P16: =IF(B16="","",O16/N16) -> 0.92279412 | Q16: 3618 | R16: 17 | U16: =IF(S16="","",(T16-C16)) | V16: =IF(B16="","",IF(U16<3,(Q16-R16)/Q16,(Q16-R16-S16)/Q16)) -> 0.99530127 | W16: =IF(B16="","",V16*P16*J16) -> 0.85353903 | X16: =IF(B16="","",V16*P16*M16) -> 0.84173555
A17: Carib Export to Carib Amber to Guinness | B17: 45897.004 | C17: 45898 | D17: =IF(B17="","",(C17-B17)*24*60) -> 1434 | E17: =7+25 -> 32 | F17: =35+10 -> 45 | G17: =IF(E17="","",F17-E17) -> 13 | H17: =5+5+5+5+9+9+12+7+12+7+7+41+8+14+5+60+49+5+5+6+43+6+10 -> 335 | I17: =4+4+4+3+4+4+2+4+2+4+1+1+2+1+3+1+1+1+2+1+3+4+3+2+2+4+1+1+2+3+2+4+3+1+1+3+2 -> 90 | J17: =IF(B17="","",(D17-G17-H17-I17)/D17) -> 0.69456067 | K17: 0 | L17: =6+1+2+3+1+1 -> 14 | M17: =IF(B17="","",(D17-G17-H17-I17-K17-L17-E17)/D17) -> 0.66248257 | N17: 17000 | O17: =AVERAGE(16000,16000,16000,16000,16000,16000,16000,17000,18000,18000,18000,18000,18000,17000,17000,16800,16800,16800) -> 16855.556 | P17: =IF(B17="","",O17/N17) -> 0.99150327 | Q17: 8803 | R17: 16 | U17: =IF(S17="","",(T17-C17)) | V17: =IF(B17="","",IF(U17<3,(Q17-R17)/Q17,(Q17-R17-S17)/Q17)) -> 0.99818244 | W17: =IF(B17="","",V17*P17*J17) -> 0.68740749 | X17: =IF(B17="","",V17*P17*M17) -> 0.65565976
A18: Guinness to Carib Amber | B18: 45898.004 | C18: 45898.833 | D18: =IF(B18="","",(C18-B18)*24*60) -> 1194 | E18: 60 | F18: 45 | G18: =IF(E18="","",F18-E18) -> -15 | H18: =5+8+6+6+28+15+13+20+30 -> 131 | I18: =4+2+2+3+4+2+2+4+1+2+1+1+3+2+2+2+3+1+2+3+1+2+3+2 -> 54 | J18: =IF(B18="","",(D18-G18-H18-I18)/D18) -> 0.85762144 | K18: 0 | L18: =55+5+7+32+50+15+43+32+3+8 -> 250 | M18: =IF(B18="","",(D18-G18-H18-I18-K18-L18-E18)/D18) -> 0.59798995 | N18: 17000 | O18: =AVERAGE(16000,16000,16000,16000,16000,16000,17000,16000,14000,17000,17000,16000,17000,17000,17000,17000) -> 16312.5 | P18: =IF(B18="","",O18/N18) -> 0.95955882 | Q18: 6173 | R18: 30 | U18: =IF(S18="","",(T18-C18)) | V18: =IF(B18="","",IF(U18<3,(Q18-R18)/Q18,(Q18-R18-S18)/Q18)) -> 0.99514013 | W18: =IF(B18="","",V18*P18*J18) -> 0.81893884 | X18: =IF(B18="","",V18*P18*M18) -> 0.57101791
D19: =IF(B19="","",(C19-B19)*24*60) | G19: =IF(E19="","",F19-E19) | J19: =IF(B19="","",(D19-G19-H19-I19)/D19) | M19: =IF(B19="","",(D19-G19-H19-I19-K19-L19-E19)/D19) | P19: =IF(B19="","",O19/N19) | U19: =IF(S19="","",(T19-C19)) | V19: =IF(B19="","",IF(U19<3,(Q19-R19)/Q19,(Q19-R19-S19)/Q19)) | W19: =IF(B19="","",V19*P19*J19) | X19: =IF(B19="","",V19*P19*M19)
D20: =IF(B20="","",(C20-B20)*24*60) | G20: =IF(E20="","",F20-E20) | J20: =IF(B20="","",(D20-G20-H20-I20)/D20) | M20: =IF(B20="","",(D20-G20-H20-I20-K20-L20-E20)/D20) | P20: =IF(B20="","",O20/N20) | U20: =IF(S20="","",(T20-C20)) | V20: =IF(B20="","",IF(U20<3,(Q20-R20)/Q20,(Q20-R20-S20)/Q20)) | W20: =IF(B20="","",V20*P20*J20) | X20: =IF(B20="","",V20*P20*M20)
D21: =IF(B21="","",(C21-B21)*24*60) | G21: =IF(E21="","",F21-E21) | J21: =IF(B21="","",(D21-G21-H21-I21)/D21) | M21: =IF(B21="","",(D21-G21-H21-I21-K21-L21-E21)/D21) | P21: =IF(B21="","",O21/N21) | U21: =IF(S21="","",(T21-C21)) | V21: =IF(B21="","",IF(U21<3,(Q21-R21)/Q21,(Q21-R21-S21)/Q21)) | W21: =IF(B21="","",V21*P21*J21) | X21: =IF(B21="","",V21*P21*M21)
D23: =IF(B23="","",(C23-B23)*24*60) | G23: =IF(E23="","",F23-E23) | J23: =IF(B23="","",(D23-G23-H23-I23)/D23) | M23: =IF(B23="","",(D23-G23-H23-I23-K23-L23-E23)/D23) | P23: =IF(B23="","",O23/N23) | U23: =IF(S23="","",(T23-C23)) | V23: =IF(B23="","",IF(U23<3,(Q23-R23)/Q23,(Q23-R23-S23)/Q23)) | W23: =IF(B23="","",V23*P23*J23) | X23: =IF(B23="","",V23*P23*M23)
D24: =IF(B24="","",(C24-B24)*24*60) | G24: =IF(E24="","",F24-E24) | J24: =IF(B24="","",(D24-G24-H24-I24)/D24) | M24: =IF(B24="","",(D24-G24-H24-I24-K24-L24-E24)/D24) | P24: =IF(B24="","",O24/N24) | U24: =IF(S24="","",(T24-C24)) | V24: =IF(B24="","",IF(U24<3,(Q24-R24)/Q24,(Q24-R24-S24)/Q24)) | W24: =IF(B24="","",V24*P24*J24) | X24: =IF(B24="","",V24*P24*M24)
D25: =IF(B25="","",(C25-B25)*24*60) | G25: =IF(E25="","",F25-E25) | J25: =IF(B25="","",(D25-G25-H25-I25)/D25) | M25: =IF(B25="","",(D25-G25-H25-I25-K25-L25-E25)/D25) | P25: =IF(B25="","",O25/N25) | U25: =IF(S25="","",(T25-C25)) | V25: =IF(B25="","",IF(U25<3,(Q25-R25)/Q25,(Q25-R25-S25)/Q25)) | W25: =IF(B25="","",V25*P25*J25) | X25: =IF(B25="","",V25*P25*M25)
D26: =IF(B26="","",(C26-B26)*24*60) | G26: =IF(E26="","",F26-E26) | J26: =IF(B26="","",(D26-G26-H26-I26)/D26) | M26: =IF(B26="","",(D26-G26-H26-I26-K26-L26-E26)/D26) | P26: =IF(B26="","",O26/N26) | U26: =IF(S26="","",(T26-C26)) | V26: =IF(B26="","",IF(U26<3,(Q26-R26)/Q26,(Q26-R26-S26)/Q26)) | W26: =IF(B26="","",V26*P26*J26) | X26: =IF(B26="","",V26*P26*M26)
D27: =IF(B27="","",(C27-B27)*24*60) | G27: =IF(E27="","",F27-E27) | J27: =IF(B27="","",(D27-G27-H27-I27)/D27) | M27: =IF(B27="","",(D27-G27-H27-I27-K27-L27-E27)/D27) | P27: =IF(B27="","",O27/N27) | U27: =IF(S27="","",(T27-C27)) | V27: =IF(B27="","",IF(U27<3,(Q27-R27)/Q27,(Q27-R27-S27)/Q27)) | W27: =IF(B27="","",V27*P27*J27) | X27: =IF(B27="","",V27*P27*M27)
D28: =IF(B28="","",(C28-B28)*24*60) | G28: =IF(E28="","",F28-E28) | J28: =IF(B28="","",(D28-G28-H28-I28)/D28) | M28: =IF(B28="","",(D28-G28-H28-I28-K28-L28-E28)/D28) | P28: =IF(B28="","",O28/N28) | U28: =IF(S28="","",(T28-C28)) | V28: =IF(B28="","",IF(U28<3,(Q28-R28)/Q28,(Q28-R28-S28)/Q28)) | W28: =IF(B28="","",V28*P28*J28) | X28: =IF(B28="","",V28*P28*M28)
D29: =IF(B29="","",(C29-B29)*24*60) | G29: =IF(E29="","",F29-E29) | J29: =IF(B29="","",(D29-G29-H29-I29)/D29) | M29: =IF(B29="","",(D29-G29-H29-I29-K29-L29-E29)/D29) | P29: =IF(B29="","",O29/N29) | U29: =IF(S29="","",(T29-C29)) | V29: =IF(B29="","",IF(U29<3,(Q29-R29)/Q29,(Q29-R29-S29)/Q29)) | W29: =IF(B29="","",V29*P29*J29) | X29: =IF(B29="","",V29*P29*M29)
D30: =IF(B30="","",(C30-B30)*24*60) | G30: =IF(E30="","",F30-E30) | J30: =IF(B30="","",(D30-G30-H30-I30)/D30) | M30: =IF(B30="","",(D30-G30-H30-I30-K30-L30-E30)/D30) | P30: =IF(B30="","",O30/N30) | U30: =IF(S30="","",(T30-C30)) | V30: =IF(B30="","",IF(U30<3,(Q30-R30)/Q30,(Q30-R30-S30)/Q30)) | W30: =IF(B30="","",V30*P30*J30) | X30: =IF(B30="","",V30*P30*M30)
D31: =IF(B31="","",(C31-B31)*24*60) | G31: =IF(E31="","",F31-E31) | J31: =IF(B31="","",(D31-G31-H31-I31)/D31) | M31: =IF(B31="","",(D31-G31-H31-I31-K31-L31-E31)/D31) | P31: =IF(B31="","",O31/N31) | U31: =IF(S31="","",(T31-C31)) | V31: =IF(B31="","",IF(U31<3,(Q31-R31)/Q31,(Q31-R31-S31)/Q31)) | W31: =IF(B31="","",V31*P31*J31) | X31: =IF(B31="","",V31*P31*M31)
... D37: =IF(B37="","",(C37-B37)*24*60) | G37: =IF(E37="","",F37-E37) | J37: =IF(B37="","",(D37-G37-H37-I37)/D37) | M37: =IF(B37="","",(D37-G37-H37-I37-K37-L37-E37)/D37) | P37: =IF(B37="","",O37/N37) | U37: =IF(S37="","",(T37-C37)) | V37: =IF(B37="","",IF(U37<3,(Q37-R37)/Q37,(Q37-R37-S37)/Q37)) | W37: =IF(B37="","",V37*P37*J37) | X37: =IF(B37="","",V37*P37*M37)
B38: Total | D38: =SUM(D3:D37) -> 20016 | E38: =SUM(E3:E37) -> 667 | F38: =SUM(F3:F37) -> 774 | G38: =SUM(G3:G37) -> 107 | H38: =SUM(H2:H37) -> 3577 | I38: =SUM(I3:I37) -> 1234 | J38: =(D38-G38-H38-I38)/D38 -> 0.75429656 | K38: =SUM(K3:K37) -> 50 | L38: =SUM(L3:L37) -> 1305 | M38: =(D38-G38-H38-I38-E38-K38-L38)/D38 -> 0.65327738 | N38: =AVERAGE(N3:N37) -> 17000 | O38: =AVERAGE(O3:O37) -> 16746.74 | P38: =O38/N38 -> 0.98510237 | Q38: =SUM(Q3:Q35) -> 109096 | V38: =AVERAGE(V3:V37) -> 0.97286911 | W38: =V38*P38*J38 -> 0.72289947 | X38: =V38*P38*M38 -> 0.62608514
D46: Real | E46: Opportunity
C47: OEE | D47: =W38 -> 0.72289947 | E47: =100%-D47 -> 0.27710053
C48: OEE Utilization | D48: =X38 -> 0.62608514 | E48: =100%-D48 -> 0.37391486
C49: Availability (for OEE) | D49: =J38 -> 0.75429656 | E49: =100%-D49 -> 0.24570344
C50: Availability (for OEE Utilization) | D50: =M38 -> 0.65327738 | E50: =100%-D50 -> 0.34672262
C51: Performance | D51: =P38 -> 0.98510237 | E51: =100%-D51 -> 0.014897631
C52: =V2 -> Quality | D52: =V38 -> 0.97286911 | E52: =100%-D52 -> 0.027130889

Sheet September 2025 (w Utilization)
C1: OEE Calculation | G1: CARIB BREWERY
A2: SKU | B2: Start Time dd/mm/yyyy h:mm | C2: End Time dd/mm/yyyy h:mm (when production actually ends) | D2: Available time /mins | E2: Changeover Standard time /mins | F2: Actual Changeover /mins | G2: Changeover Deviation /mins | H2: Total Breakdowns /mins | I2: Total Minor Stops /mins | J2: Availability (for OEE) | K2: Planned Downtime /mins | L2: External Downtime /mins | M2: Availability (for OEE Utilization) | N2: Nominal Speed | O2: Actual (Average) Speed | P2: Performance | Q2: Total Products Produced /Cases | R2: Low Fill /Cases | S2: Embargo /cases | T2: Embargo release date | U2: Embargo Residence time /days | V2: Quality | W2: OEE | X2: OEE Utilization
A3: Carib Amber to Stag Local | B3: 45901.347 | C3: 45901.927 | D3: =IF(B3="","",(C3-B3)*24*60) -> 835 | E3: 10 | F3: 12 | G3: =IF(E3="","",F3-E3) -> 2 | H3: =5+10+15+5+8+14+10+5 -> 72 | I3: =3+4+3+4+4+2+1+4+2+3+1+1+3+2+2+2 -> 41 | J3: =IF(B3="","",(D3-G3-H3-I3)/D3) -> 0.86227545 | K3: 0 | L3: =7+10+5+29+2 -> 53 | M3: =IF(B3="","",(D3-G3-H3-I3-K3-L3-E3)/D3) -> 0.78682635 | N3: 17000 | O3: =AVERAGE(17000,17000,17000,17000,17000,17000,17000,17000,17000,17000,17000) -> 17000 | P3: =IF(B3="","",O3/N3) -> 1 | Q3: 5922 | R3: 30 | S3: 0.18 | U3: =IF(S3="","",(T3-C3)) -> -45901.927 | V3: =IF(B3="","",IF(U3<3,(Q3-R3)/Q3,(Q3-R3-S3)/Q3)) -> 0.99493414 | W3: =IF(B3="","",V3*P3*J3) -> 0.85790729 | X3: =IF(B3="","",V3*P3*M3) -> 0.7828404
A4: Stag Local to Carib Flint | B4: 45902.345 | C4: 45902.922 | D4: =IF(B4="","",(C4-B4)*24*60) -> 830 | E4: 10 | F4: 25 | G4: =IF(E4="","",F4-E4) -> 15 | H4: =42+20+6+21+5+5+5+24+7 -> 135 | I4: =2+2+3+2+2+4+4+2+4+4+4+2+3+4 -> 42 | J4: =IF(B4="","",(D4-G4-H4-I4)/D4) -> 0.7686747 | K4: 0 | L4: =5+16+7+4+3+4+3+4+4+3 -> 53 | M4: =IF(B4="","",(D4-G4-H4-I4-K4-L4-E4)/D4) -> 0.69277108 | N4: 17000 | O4: =AVERAGE(17000,17000,17000,17000,17000,17000,16000,16000,16000,16000,16000) -> 16545.455 | P4: =IF(B4="","",O4/N4) -> 0.97326203 | Q4: 4718 | R4: 31 | S4: 725 | U4: =IF(S4="","",(T4-C4)) -> -45902.922 | V4: =IF(B4="","",IF(U4<3,(Q4-R4)/Q4,(Q4-R4-S4)/Q4)) -> 0.99342942 | W4: =IF(B4="","",V4*P4*J4) -> 0.7432063 | X4: =IF(B4="","",V4*P4*M4) -> 0.66981759
A5: Carib Flint to Carib Amber | B5: 45903.368 | C5: 45903.871 | D5: =IF(B5="","",(C5-B5)*24*60) -> 724 | E5: 10 | F5: 40 | G5: =IF(E5="","",F5-E5) -> 30 | H5: =5+6+7+7+13+6+5+7 -> 56 | I5: =3+3+3+2+4+2+2+3+4+3+3+1+4 -> 37 | J5: =IF(B5="","",(D5-G5-H5-I5)/D5) -> 0.8301105 | K5: 0 | L5: =5+16+5+30+24 -> 80 | M5: =IF(B5="","",(D5-G5-H5-I5-K5-L5-E5)/D5) -> 0.7058011 | N5: 17000 | O5: =AVERAGE(17000,17000,17000,17000,17000,17000,17000,17000,17000,17000) -> 17000 | P5: =IF(B5="","",O5/N5) -> 1 | Q5: 4513 | R5: 29 | U5: =IF(S5="","",(T5-C5)) | V5: =IF(B5="","",IF(U5<3,(Q5-R5)/Q5,(Q5-R5-S5)/Q5)) -> 0.99357412 | W5: =IF(B5="","",V5*P5*J5) -> 0.82477631 | X5: =IF(B5="","",V5*P5*M5) -> 0.70126571
A6: Starmalt | B6: 45904.358 | C6: 45904.918 | D6: =IF(B6="","",(C6-B6)*24*60) -> 807 | E6: 0 | F6: 0 | G6: =IF(E6="","",F6-E6) -> 0 | H6: =11+7+13+6+5+18+6+6+5+9+6 -> 92 | I6: =3+3+2+3+4+2+4+3+4+4+2+1+2+3+1+3+3+3+4+4+3+4+3+4 -> 72 | J6: =IF(B6="","",(D6-G6-H6-I6)/D6) -> 0.79677819 | K6: 0 | L6: =2 -> 2 | N6: 17000 | O6: =AVERAGE(17000,17000,17000,17000,17000,17000,17000,17000,17000,17000,17000,17000) -> 17000 | P6: =IF(B6="","",O6/N6) -> 1 | Q6: 5941 | R6: 12 | U6: =IF(S6="","",(T6-C6)) | V6: =IF(B6="","",IF(U6<3,(Q6-R6)/Q6,(Q6-R6-S6)/Q6)) -> 0.99798014 | W6: =IF(B6="","",V6*P6*J6) -> 0.79516881 | X6: =IF(B6="","",V6*P6*M6) -> 0
A7: Carib Amber to Carib Flint | B7: 45905.375 | C7: 45905.837 | D7: =IF(B7="","",(C7-B7)*24*60) -> 665 | E7: 10 | F7: 10 | G7: =IF(E7="","",F7-E7) -> 0 | H7: =6+13+6+11+10+5+5+5 -> 61 | I7: =3+2+2+1+3+2+1+2+4+4+1+3+2+4+4+4+2 -> 44 | J7: =IF(B7="","",(D7-G7-H7-I7)/D7) -> 0.84210526 | K7: 0 | L7: 0 | M7: =IF(B7="","",(D7-G7-H7-I7-K7-L7-E7)/D7) -> 0.82706767 | N7: 17000 | O7: =AVERAGE(17500,17500,17500,17500,17500,17000,17000,17000,17000,17000,17000) -> 17227.273 | P7: =IF(B7="","",O7/N7) -> 1.013369 | Q7: 4159 | R7: 11 | U7: =IF(S7="","",(T7-C7)) | V7: =IF(B7="","",IF(U7<3,(Q7-R7)/Q7,(Q7-R7-S7)/Q7)) -> 0.99735513 | W7: =IF(B7="","",V7*P7*J7) -> 0.85110632 | X7: =IF(B7="","",V7*P7*M7) -> 0.835908
A8: Carib Flint to Carib Amber | B8: 45908.448 | C8: 45908.902 | D8: =IF(B8="","",(C8-B8)*24*60) -> 654 | E8: 10 | F8: 13 | G8: =IF(E8="","",F8-E8) -> 3 | H8: =10+6+5+10+9+11+12 -> 63 | I8: =2+4+2+4+1+2+2+4+4+2+1+1+2+2+1+2+2+1+1+2+1 -> 43 | J8: =IF(B8="","",(D8-G8-H8-I8)/D8) -> 0.83333333 | K8: 0 | L8: =9 -> 9 | M8: =IF(B8="","",(D8-G8-H8-I8-K8-L8-E8)/D8) -> 0.80428135 | N8: 17000 | O8: =AVERAGE(17000,18000,18000,18000,17200,17200,17000,17000,17000,17000,17000) -> 17309.091 | P8: =IF(B8="","",O8/N8) -> 1.0181818 | Q8: 4642 | R8: 9 | U8: =IF(S8="","",(T8-C8)) | V8: =IF(B8="","",IF(U8<3,(Q8-R8)/Q8,(Q8-R8-S8)/Q8)) -> 0.99806118 | W8: =IF(B8="","",V8*P8*J8) -> 0.84683979 | X8: =IF(B8="","",V8*P8*M8) -> 0.81731693
A9: Carib Amber | B9: 45909.353 | C9: 45909.91 | D9: =IF(B9="","",(C9-B9)*24*60) -> 801 | E9: 0 | F9: 0 | G9: =IF(E9="","",F9-E9) -> 0 | H9: =6+20+15+7+6+7+60+16+9+7+6+12 -> 171 | I9: =4+2+2+3+1+3+1+3+1 -> 20 | J9: =IF(B9="","",(D9-G9-H9-I9)/D9) -> 0.76154806 | K9: 0 | L9: =6+4+3+4+3+2+3+2+2+3 -> 32 | M9: =IF(B9="","",(D9-G9-H9-I9-K9-L9-E9)/D9) -> 0.721598 | N9: 17000 | O9: =AVERAGE(16000,17000,17000,17000,17000,17000,17000,14500,15000,16500) -> 16400 | P9: =IF(B9="","",O9/N9) -> 0.96470588 | Q9: 5456 | R9: 11 | U9: =IF(S9="","",(T9-C9)) | V9: =IF(B9="","",IF(U9<3,(Q9-R9)/Q9,(Q9-R9-S9)/Q9)) -> 0.99798387 | W9: =IF(B9="","",V9*P9*J9) -> 0.73318871 | X9: =IF(B9="","",V9*P9*M9) -> 0.69472635
A10: Carib Amber to Guinness | B10: 45910.344 | C10: 45910.915 | D10: =IF(B10="","",(C10-B10)*24*60) -> 822 | E10: 25 | F10: 50 | G10: =IF(E10="","",F10-E10) -> 25 | H10: =6+10+5+7+9+5+5 -> 47 | I10: =4+3+4+4+3+3+1+2+2+1+2+1+3+2+4+2 -> 41 | J10: =IF(B10="","",(D10-G10-H10-I10)/D10) -> 0.86253041 | K10: 0 | L10: =6+10+3+6+9+7+3+4 -> 48 | M10: =IF(B10="","",(D10-G10-H10-I10-K10-L10-E10)/D10) -> 0.77372263 | N10: 17000 | O10: =AVERAGE(16000,16000,16000,16000,17000,17000,16500,16500,16500,16500,16500) -> 16409.091 | P10: =IF(B10="","",O10/N10) -> 0.96524064 | Q10: 4857 | R10: 27 | U10: =IF(S10="","",(T10-C10)) | V10: =IF(B10="","",IF(U10<3,(Q10-R10)/Q10,(Q10-R10-S10)/Q10)) -> 0.99444101 | W10: =IF(B10="","",V10*P10*J10) -> 0.82792128 | X10: =IF(B10="","",V10*P10*M10) -> 0.74267692
A11: Guinness | B11: 45911.347 | C11: 45911.375 | D11: =IF(B11="","",(C11-B11)*24*60) -> 40 | E11: 0 | F11: 0 | G11: =IF(E11="","",F11-E11) -> 0 | H11: =28 -> 28 | I11: 0 | J11: =IF(B11="","",(D11-G11-H11-I11)/D11) -> 0.3 | K11: 0 | L11: 0 | M11: =IF(B11="","",(D11-G11-H11-I11-K11-L11-E11)/D11) -> 0.3 | N11: 17000 | O11: 17000 | P11: =IF(B11="","",O11/N11) -> 1 | Q11: 86 | R11: 3 | U11: =IF(S11="","",(T11-C11)) | V11: =IF(B11="","",IF(U11<3,(Q11-R11)/Q11,(Q11-R11-S11)/Q11)) -> 0.96511628 | W11: =IF(B11="","",V11*P11*J11) -> 0.28953488 | X11: =IF(B11="","",V11*P11*M11) -> 0.28953488
A12: Guinness | B12: 45912.639 | C12: 45912.756 | D12: =IF(B12="","",(C12-B12)*24*60) -> 169 | E12: 0 | F12: 0 | G12: =IF(E12="","",F12-E12) -> 0 | H12: 43 | I12: =3+4+1+2+1 -> 11 | J12: =IF(B12="","",(D12-G12-H12-I12)/D12) -> 0.68047337 | K12: 0 | L12: 0 | M12: =IF(B12="","",(D12-G12-H12-I12-K12-L12-E12)/D12) -> 0.68047337 | N12: 17000 | O12: =AVERAGE(17000) -> 17000 | P12: =IF(B12="","",O12/N12) -> 1 | Q12: 983 | R12: 11 | S12: 308 | T12: 45987.625 | U12: =IF(S12="","",(T12-C12)) -> 74.86875 | V12: =IF(B12="","",IF(U12<3,(Q12-R12)/Q12,(Q12-R12-S12)/Q12)) -> 0.67548321 | W12: =IF(B12="","",V12*P12*J12) -> 0.45964834 | X12: =IF(B12="","",V12*P12*M12) -> 0.45964834
A13: Vitamalt Classic to Stag Local | B13: 45915.083 | C13: 45915.957 | D13: =IF(B13="","",(C13-B13)*24*60) -> 1258 | E13: 100 | F13: 77 | G13: =IF(E13="","",F13-E13) -> -23 | H13: =8+5+14+7+5+8+6+6 -> 59 | I13: =2+2+3+4+1+1+4+2+4+2+2+3+3+2+4+2+4+2+1+2+4+4+2+4 -> 64 | J13: =IF(B13="","",(D13-G13-H13-I13)/D13) -> 0.92050874 | K13: 0 | L13: =2+4+2+60+9+18+28 -> 123 | M13: =IF(B13="","",(D13-G13-H13-I13-K13-L13-E13)/D13) -> 0.74324324 | N13: 17000 | O13: =AVERAGE(16500,16500,16500,16500,17000,17000,17000,17000,17000,16000,16500,16500,16500,16500,16500) -> 16633.333 | P13: =IF(B13="","",O13/N13) -> 0.97843137 | Q13: 7467 | R13: 20 | U13: =IF(S13="","",(T13-C13)) | V13: =IF(B13="","",IF(U13<3,(Q13-R13)/Q13,(Q13-R13-S13)/Q13)) -> 0.99732155 | W13: =IF(B13="","",V13*P13*J13) -> 0.89824227 | X13: =IF(B13="","",V13*P13*M13) -> 0.7252647
A14: Stag Local | B14: 45916.375 | C14: 45917.019 | D14: =IF(B14="","",(C14-B14)*24*60) -> 928 | E14: 0 | F14: 0 | G14: =IF(E14="","",F14-E14) -> 0 | H14: =6+6+5+5+6 -> 28 | I14: =3+3+4+3+4+4+2+1+3+1+3+4+2+2+3+2+3+2+1+2+2+4+2+2+1+4+1+4+3+2+3+3+1+2 -> 86 | J14: =IF(B14="","",(D14-G14-H14-I14)/D14) -> 0.87715517 | K14: 0 | L14: =38 -> 38 | M14: =IF(B14="","",(D14-G14-H14-I14-K14-L14-E14)/D14) -> 0.8362069 | N14: 17000 | O14: =AVERAGE(16000,17000,16000,16000,16500,17000,16200,15700,15700,15700,15700) -> 16136.364 | P14: =IF(B14="","",O14/N14) -> 0.94919786 | Q14: 6702 | R14: 6 | U14: =IF(S14="","",(T14-C14)) | V14: =IF(B14="","",IF(U14<3,(Q14-R14)/Q14,(Q14-R14-S14)/Q14)) -> 0.99910474 | W14: =IF(B14="","",V14*P14*J14) -> 0.83184843 | X14: =IF(B14="","",V14*P14*M14) -> 0.79301521
A15: Carib Flint to Carib Amber | B15: 45917.038 | C15: 45918 | D15: =IF(B15="","",(C15-B15)*24*60) -> 1385 | E15: 7 | F15: 32 | G15: =IF(E15="","",F15-E15) -> 25 | H15: =5+6+5+23+60+60+60+10+52+60+20+40+60+27 -> 488 | I15: =2+2+3+3+2+3+1+2+4+2+1+3+1+1+2+1+1+2+4+2+2+1+1+1+2+2+1+2+2+2+3 -> 61 | J15: =IF(B15="","",(D15-G15-H15-I15)/D15) -> 0.58555957 | K15: 0 | L15: =3+3+44 -> 50 | M15: =IF(B15="","",(D15-G15-H15-I15-K15-L15-E15)/D15) -> 0.54440433 | N15: 17000 | O15: =AVERAGE(16000,17000,17000,16000,17000,15600,15600,15600,15600,16000,15700,16000,16000,17000) -> 16150 | P15: =IF(B15="","",O15/N15) -> 0.95 | Q15: 6663 | R15: 30 | U15: =IF(S15="","",(T15-C15)) | V15: =IF(B15="","",IF(U15<3,(Q15-R15)/Q15,(Q15-R15-S15)/Q15)) -> 0.99549752 | W15: =IF(B15="","",V15*P15*J15) -> 0.55377694 | X15: =IF(B15="","",V15*P15*M15) -> 0.51485551
A16: Carib Amber | B16: 45918.001 | C16: 45919 | D16: =IF(B16="","",(C16-B16)*24*60) -> 1438 | E16: 0 | F16: 0 | G16: =IF(E16="","",F16-E16) -> 0 | H16: =6+5 -> 11 | I16: =2+3+3+3+4+3+3+3+3+3+1+2+4+1+3+3+4+3+3+2+1+3+3+1+2+1+2+2+2+3+2+1+1+1+1+2+1+2+1+3+3+2+3 -> 99 | J16: =IF(B16="","",(D16-G16-H16-I16)/D16) -> 0.92350487 | K16: 0 | L16: =2+5+6+5+4+5+4+5 -> 36 | M16: =IF(B16="","",(D16-G16-H16-I16-K16-L16-E16)/D16) -> 0.8984701 | N16: 17000 | O16: =AVERAGE(17000,17000,17000,17000,17000,17000,17000,17000,18000,18000,17000,17000,16200,15700,15700,15700,15600,15400,16500,17000) -> 16690 | P16: =IF(B16="","",O16/N16) -> 0.98176471 | Q16: 12334 | R16: 32 | U16: =IF(S16="","",(T16-C16)) | V16: =IF(B16="","",IF(U16<3,(Q16-R16)/Q16,(Q16-R16-S16)/Q16)) -> 0.99740555 | W16: =IF(B16="","",V16*P16*J16) -> 0.90431219 | X16: =IF(B16="","",V16*P16*M16) -> 0.8797977
A17: Carib Amber to Carib Flint to Carib Amber to Stag Local | B17: 45919.001 | C17: 45919.829 | D17: =IF(B17="","",(C17-B17)*24*60) -> 1192 | E17: =10+10+10 -> 30 | F17: 20 | G17: =IF(E17="","",F17-E17) -> -10 | H17: =5+9+7 -> 21 | I17: =1+2+3+4+3+1+2+2+4+2+3+4+2+2+1+1+4+3+4+3+2+1+2+2+2+1+1+2 -> 64 | J17: =IF(B17="","",(D17-G17-H17-I17)/D17) -> 0.93708054 | K17: 0 | L17: =2+3+4+4+15+3+3+5+4+5+3+60+55+6 -> 172 | M17: =IF(B17="","",(D17-G17-H17-I17-K17-L17-E17)/D17) -> 0.76761745 | N17: 17000 | O17: =AVERAGE(17000,17000,17000,17000,17000,17000,17000,17000,18000,18000,18000,17000,15000,18000,18000) -> 17200 | P17: =IF(B17="","",O17/N17) -> 1.0117647 | Q17: 5668 | R17: 32 | S17: 15 | U17: =IF(S17="","",(T17-C17)) -> -45919.829 | V17: =IF(B17="","",IF(U17<3,(Q17-R17)/Q17,(Q17-R17-S17)/Q17)) -> 0.99435427 | W17: =IF(B17="","",V17*P17*J17) -> 0.94275227 | X17: =IF(B17="","",V17*P17*M17) -> 0.7722635
A18: Stag Local | B18: 45922.375 | C18: 45923 | D18: =IF(B18="","",(C18-B18)*24*60) -> 900 | E18: 0 | F18: 0 | G18: =IF(E18="","",F18-E18) -> 0 | H18: =5+9+9+39+8+8+5+9+3+3+4 -> 102 | I18: =4+3+3+3+4+3+3+2+3+2+2+1+3+1+1+1 -> 39 | J18: =IF(B18="","",(D18-G18-H18-I18)/D18) -> 0.84333333 | K18: 0 | L18: =12+45+4+4+4+3+2+4 -> 78 | M18: =IF(B18="","",(D18-G18-H18-I18-K18-L18-E18)/D18) -> 0.75666667 | N18: 17000 | O18: =AVERAGE(17000,17000,16000,16000,16000,17000,15000,16000,17000,17000) -> 16400 | P18: =IF(B18="","",O18/N18) -> 0.96470588 | Q18: 5295 | R18: 91 | U18: =IF(S18="","",(T18-C18)) | V18: =IF(B18="","",IF(U18<3,(Q18-R18)/Q18,(Q18-R18-S18)/Q18)) -> 0.98281398 | W18: =IF(B18="","",V18*P18*J18) -> 0.79958662 | X18: =IF(B18="","",V18*P18*M18) -> 0.71741566
A19: Stag Local to Carib Amber | B19: 45923.007 | C19: 45923.908 | D19: =IF(B19="","",(C19-B19)*24*60) -> 1298 | E19: 10 | F19: 28 | G19: =IF(E19="","",F19-E19) -> 18 | H19: =5+5+6+8+5+15+6+8+6+9+5+13+40+14+22+14+7+18+60 -> 266 | I19: =3+3+2+3+1+3+2+1+4+1+1+1+1+1+2+3+1+2+3+2+2+3+2+2+4+3+4+3+3+3+3+2+2+3+4+2+3+3 -> 91 | J19: =IF(B19="","",(D19-G19-H19-I19)/D19) -> 0.71109399 | K19: 0 | L19: =10+9+2+2 -> 23 | M19: =IF(B19="","",(D19-G19-H19-I19-K19-L19-E19)/D19) -> 0.68567026 | N19: 17000 | O19: =AVERAGE(15600,15600,15600,15600,15600,15600,15600,16000,17000,17000,16000,16000,16000,16000,16000,16000,17000,17000) -> 16066.667 | P19: =IF(B19="","",O19/N19) -> 0.94509804 | Q19: 7327 | R19: 107 | S19: 15 | T19: 45924.25 | U19: =IF(S19="","",(T19-C19)) -> 0.34166667 | V19: =IF(B19="","",IF(U19<3,(Q19-R19)/Q19,(Q19-R19-S19)/Q19)) -> 0.98539648 | W19: =IF(B19="","",V19*P19*J19) -> 0.66223919 | X19: =IF(B19="","",V19*P19*M19) -> 0.63856216
A20: Carib Amber to Guinness | B20: 45925.424 | C20: 45925.934 | D20: =IF(B20="","",(C20-B20)*24*60) -> 735 | E20: 25 | F20: 17 | G20: =IF(E20="","",F20-E20) -> -8 | H20: =8+11+10+7+6+5+12+5+5+11 -> 80 | I20: =3+4+2+4+3+4+4+4+4+2+4+4+3+4+4+4+3 -> 60 | J20: =IF(B20="","",(D20-G20-H20-I20)/D20) -> 0.82040816 | K20: 0 | L20: =4+3+2+4+2+4+6 -> 25 | M20: =IF(B20="","",(D20-G20-H20-I20-K20-L20-E20)/D20) -> 0.75238095 | N20: 17000 | O20: =AVERAGE(18000,18000,17000,17000,17000,17000,17000,17000) -> 17250 | P20: =IF(B20="","",O20/N20) -> 1.0147059 | Q20: 4276 | R20: 28 | S20: =23+2 -> 25 | T20: 45932.49 | U20: =IF(S20="","",(T20-C20)) -> 6.5555556 | V20: =IF(B20="","",IF(U20<3,(Q20-R20)/Q20,(Q20-R20-S20)/Q20)) -> 0.98760524 | W20: =IF(B20="","",V20*P20*J20) -> 0.82215469 | X20: =IF(B20="","",V20*P20*M20) -> 0.75398265
A21: Mackeson to Carib Amber | B21: 45926.014 | C21: 45926.847 | D21: =IF(B21="","",(C21-B21)*24*60) -> 1199 | E21: 45 | F21: 110 | G21: =IF(E21="","",F21-E21) -> 65 | H21: =5+26+6+5+5+6+5+7+10+5+5+14+6+6 -> 111 | I21: =1+3+4+2+2+2+2+3+3+3+2+3+4+2+3+3+3+3+3+2+4+2+2+3+3+1+2+1+2+2+3+3 -> 81 | J21: =IF(B21="","",(D21-G21-H21-I21)/D21) -> 0.78565471 | K21: 0 | L21: =3+2+5 -> 10 | M21: =IF(B21="","",(D21-G21-H21-I21-K21-L21-E21)/D21) -> 0.73978315 | N21: 17000 | O21: =AVERAGE(16200,16200,16200,16200,16200,16200,17000,17000,17000,17000,17000,17000,17000,18000,18000,1800,18000,18000) -> 16111.111 | P21: =IF(B21="","",O21/N21) -> 0.94771242 | Q21: 7915 | R21: 38 | S21: 97 | T21: 45938.141 | U21: =IF(S21="","",(T21-C21)) -> 11.294444 | V21: =IF(B21="","",IF(U21<3,(Q21-R21)/Q21,(Q21-R21-S21)/Q21)) -> 0.98294378 | W21: =IF(B21="","",V21*P21*J21) -> 0.7318751 | X21: =IF(B21="","",V21*P21*M21) -> 0.68914353
A22: Carib Flint | B22: 45929.262 | C22: 45930 | D22: =IF(B22="","",(C22-B22)*24*60) -> 1063 | E22: 0 | F22: 10 | G22: =IF(E22="","",F22-E22) -> 10 | H22: =9+17+21+56+9+6+5+24+20+6+18+9+14+11+6+10+7+6+12+11+10+5+7+60+60+60 -> 479 | I22: =2+2+2+4+3+2+3+4+4+4+4+3+2+2 -> 41 | J22: =IF(B22="","",(D22-G22-H22-I22)/D22) -> 0.5014111 | K22: 0 | L22: =46+15+6 -> 67 | M22: =IF(B22="","",(D22-G22-H22-I22-K22-L22-E22)/D22) -> 0.43838194 | N22: 17000 | O22: =AVERAGE(16000,16000,15000,15000,15000,15000,15000,15000,15000,15000,15000,17000,17000,17000) -> 15571.429 | P22: =IF(B22="","",O22/N22) -> 0.91596639 | Q22: 2865 | R22: 34 | U22: =IF(S22="","",(T22-C22)) | V22: =IF(B22="","",IF(U22<3,(Q22-R22)/Q22,(Q22-R22-S22)/Q22)) -> 0.98813264 | W22: =IF(B22="","",V22*P22*J22) -> 0.45382532 | X22: =IF(B22="","",V22*P22*M22) -> 0.39677786
A23: Carib Flint To Shandy Lime Exp to Shandy Lime Local to Shandy Ginger Exp to Shandy Ginger Local | B23: 45930.125 | C23: 45931 | D23: =IF(B23="","",(C23-B23)*24*60) -> 1260 | E23: =20+10+20+10 -> 60 | F23: 86 | G23: =IF(E23="","",F23-E23) -> 26 | H23: =40+5+36+60+40+35+5+5+5+6+7+5+7+8+6+8+6+7+37+6+9+5+6+20+44+19 -> 437 | I23: =2+2+2+2+4+4+4+4+4+2+3+4+4+2 -> 43 | J23: =IF(B23="","",(D23-G23-H23-I23)/D23) -> 0.5984127 | K23: 15 | L23: =3+5+60 -> 68 | M23: =IF(B23="","",(D23-G23-H23-I23-K23-L23-E23)/D23) -> 0.48492063 | N23: 17000 | O23: =AVERAGE(16000,16000,16000,16000,16000,16000,17000,16000,16000,16000,14000) -> 15909.091 | P23: =IF(B23="","",O23/N23) -> 0.93582888 | Q23: 3008 | R23: 46 | S23: 30 | T23: 45937.12 | U23: =IF(S23="","",(T23-C23)) -> 6.1201389 | V23: =IF(B23="","",IF(U23<3,(Q23-R23)/Q23,(Q23-R23-S23)/Q23)) -> 0.97473404 | W23: =IF(B23="","",V23*P23*J23) -> 0.54586265 | X23: =IF(B23="","",V23*P23*M23) -> 0.44233697
D24: =IF(B24="","",(C24-B24)*24*60) | G24: =IF(E24="","",F24-E24) | J24: =IF(B24="","",(D24-G24-H24-I24)/D24) | M24: =IF(B24="","",(D24-G24-H24-I24-K24-L24-E24)/D24) | P24: =IF(B24="","",O24/N24) | U24: =IF(S24="","",(T24-C24)) | V24: =IF(B24="","",IF(U24<3,(Q24-R24)/Q24,(Q24-R24-S24)/Q24)) | W24: =IF(B24="","",V24*P24*J24) | X24: =IF(B24="","",V24*P24*M24)
D25: =IF(B25="","",(C25-B25)*24*60) | G25: =IF(E25="","",F25-E25) | J25: =IF(B25="","",(D25-G25-H25-I25)/D25) | M25: =IF(B25="","",(D25-G25-H25-I25-K25-L25-E25)/D25) | P25: =IF(B25="","",O25/N25) | U25: =IF(S25="","",(T25-C25)) | V25: =IF(B25="","",IF(U25<3,(Q25-R25)/Q25,(Q25-R25-S25)/Q25)) | W25: =IF(B25="","",V25*P25*J25) | X25: =IF(B25="","",V25*P25*M25)
D26: =IF(B26="","",(C26-B26)*24*60) | G26: =IF(E26="","",F26-E26) | J26: =IF(B26="","",(D26-G26-H26-I26)/D26) | M26: =IF(B26="","",(D26-G26-H26-I26-K26-L26-E26)/D26) | P26: =IF(B26="","",O26/N26) | U26: =IF(S26="","",(T26-C26)) | V26: =IF(B26="","",IF(U26<3,(Q26-R26)/Q26,(Q26-R26-S26)/Q26)) | W26: =IF(B26="","",V26*P26*J26) | X26: =IF(B26="","",V26*P26*M26)
