Workbook

Sheet January 2026 (w Utilization)
C1: OEE Calculation | G1: CARIB BREWERY
A2: SKU | B2: Start Time dd/mm/yyyy h:mm | C2: End Time dd/mm/yyyy h:mm (when production actually ends) | D2: Available time /mins | E2: Changeover Standard time /mins | F2: Actual Changeover /mins | G2: Changeover Deviation /mins | H2: Total Breakdowns /mins | I2: Total Minor Stops /mins | J2: Availability (for OEE) | K2: Planned Downtime /mins | L2: External Downtime /mins | M2: Availability (for OEE Utilization) | N2: Nominal Speed | O2: Actual (Average) Speed | P2: Performance | Q2: Total Products Produced /Cases | R2: Low Fill /Cases | S2: Embargo /cases | T2: Embargo release date | U2: Embargo Residence time /days | V2: Quality | W2: OEE | X2: OEE Utilization
A3: Carib Amber | B3: 46024.385 | C3: 46024.794 | D3: =IF(B3="","",(C3-B3)*24*60) -> 589 | E3: 0 | F3: 0 | G3: =IF(E3="","",F3-E3) -> 0 | H3: =6+6+10+5+32+5+7+5+6+6 -> 88 | I3: =2+3+3+3+2+3+3+3+3 -> 25 | J3: =IF(B3="","",(D3-G3-H3-I3)/D3) -> 0.80814941 | K3: 0 | L3: =10+5+4+3+5+8 -> 35 | M3: =IF(B3="","",(D3-G3-H3-I3-K3-L3-E3)/D3) -> 0.74872666 | N3: 17000 | O3: =AVERAGE(15000,15000,15000,15000,15000,15000,15000,15000,15000) -> 15000 | P3: =IF(B3="","",O3/N3) -> 0.88235294 | Q3: 3360 | R3: 4 | S3: 139 | T3: 46028.708 | U3: =IF(S3="","",(T3-C3)) -> 3.9138889 | V3: =IF(B3="","",IF(U3<3,(Q3-R3)/Q3,(Q3-R3-S3)/Q3)) -> 0.95744048 | W3: =IF(B3="","",V3*P3*J3) -> 0.68272496 | X3: =IF(B3="","",V3*P3*M3) -> 0.63252459
A4: Carib Amber | B4: 46027.076 | C4: 46027.188 | D4: =IF(B4="","",(C4-B4)*24*60) -> 160 | E4: 0 | F4: 0 | G4: =IF(E4="","",F4-E4) -> 0 | H4: =60+60+30 -> 150 | I4: 0 | J4: =IF(B4="","",(D4-G4-H4-I4)/D4) -> 0.0625 | K4: 0 | L4: 0 | M4: =IF(B4="","",(D4-G4-H4-I4-K4-L4-E4)/D4) -> 0.0625 | N4: 17000 | O4: 15000 | P4: =IF(B4="","",O4/N4) -> 0.88235294 | Q4: 19 | U4: =IF(S4="","",(T4-C4)) | V4: =IF(B4="","",IF(U4<3,(Q4-R4)/Q4,(Q4-R4-S4)/Q4)) -> 1 | W4: =IF(B4="","",V4*P4*J4) -> 0.055147059 | X4: =IF(B4="","",V4*P4*M4) -> 0.055147059
A5: Carib Amber | B5: 46030.81 | C5: 46031 | D5: =IF(B5="","",(C5-B5)*24*60) -> 274 | E5: 0 | F5: 0 | G5: =IF(E5="","",F5-E5) -> 0 | H5: =6+5+26+7+11+10 -> 65 | I5: =2+4+1+3+4+2 -> 16 | J5: =IF(B5="","",(D5-G5-H5-I5)/D5) -> 0.70437956 | K5: 0 | L5: =3 -> 3 | M5: =IF(B5="","",(D5-G5-H5-I5-K5-L5-E5)/D5) -> 0.69343066 | N5: 17000 | O5: =AVERAGE(13000,13000,13000,13000) -> 13000 | P5: =IF(B5="","",Q5/N5) -> 0.091941176 | Q5: 1563 | R5: 4 | U5: =IF(S5="","",(T5-C5)) | V5: =IF(B5="","",IF(U5<3,(Q5-R5)/Q5,(Q5-R5-S5)/Q5)) -> 0.99744082 | W5: =IF(B5="","",V5*P5*J5) -> 0.064595749 | X5: =IF(B5="","",V5*P5*M5) -> 0.06359167
A6: Carib Amber to Starmalt | B6: 46031.01 | C6: 46031.833 | D6: =IF(B6="","",(C6-B6)*24*60) -> 1185 | E6: 45 | F6: 18 | G6: =IF(E6="","",F6-E6) -> -27 | H6: =5+6+57+37+11+10+5+7+18+6 -> 162 | I6: =2+3+3+2+4+2+3+2+3+3+2+2+3+4+1+4+2+4+2+2+2+2+4+4+3+2+4 -> 74 | J6: =IF(B6="","",(D6-G6-H6-I6)/D6) -> 0.82362869 | K6: 0 | L6: =30+10+5+15+6+7+6+13+7+6+3+10+15+3+11+2+4+3 -> 156 | M6: =IF(B6="","",(D6-G6-H6-I6-K6-L6-E6)/D6) -> 0.65400844 | N6: 17000 | O6: =AVERAGE(13000,13000,13000,13000,13000,13000,13000,14000,17000,20000,18000,18000,17000,18000,18000,18000,18000,18000) -> 15833.333 | P6: =IF(B6="","",Q6/N6) -> 0.36464706 | Q6: 6199 | R6: 29 | S6: 1 | U6: =IF(S6="","",(T6-C6)) -> -46031.833 | V6: =IF(B6="","",IF(U6<3,(Q6-R6)/Q6,(Q6-R6-S6)/Q6)) -> 0.99532183 | W6: =IF(B6="","",V6*P6*J6) -> 0.29892877 | X6: =IF(B6="","",V6*P6*M6) -> 0.23736659
A7: Starmalt | B7: 46032.351 | C7: 46032.604 | D7: =IF(B7="","",(C7-B7)*24*60) -> 365 | E7: 0 | F7: 0 | G7: =IF(E7="","",F7-E7) -> 0 | H7: =5+5+6+9+6+5+6 -> 42 | I7: =3+3+4+2+1+3+2+4+4+4+2+4 -> 36 | J7: =IF(B7="","",(D7-G7-H7-I7)/D7) -> 0.78630137 | K7: 0 | L7: =4 -> 4 | M7: =IF(B7="","",(D7-G7-H7-I7-K7-L7-E7)/D7) -> 0.77534247 | N7: 17000 | O7: =AVERAGE(17500,17000,17000,17000,17000) -> 17100 | P7: =IF(B7="","",Q7/N7) -> 0.15158824 | Q7: 2577 | R7: 32 | U7: =IF(S7="","",(T7-C7)) | V7: =IF(B7="","",IF(U7<3,(Q7-R7)/Q7,(Q7-R7-S7)/Q7)) -> 0.98758246 | W7: =IF(B7="","",V7*P7*J7) -> 0.11771394 | X7: =IF(B7="","",V7*P7*M7) -> 0.11607333
A8: Vitamalt to Starmalt to Stag | B8: 46034.135 | C8: 46035 | D8: =IF(B8="","",(C8-B8)*24*60) -> 1245 | E8: =100+45 -> 145 | F8: 238 | G8: =IF(E8="","",F8-E8) -> 93 | H8: =10+8+5+7+6+6+5+5+8+6+7+5+29+6+11 -> 124 | I8: =3+3+2+3+1+2+4+1+2+2+3+3+2+2+4+3+2+3+4+4+2+2+4+2+3+1+4+3+3+3+2+3+3 -> 88 | J8: =IF(B8="","",(D8-G8-H8-I8)/D8) -> 0.75502008 | K8: 0 | L8: =17+12+10+4 -> 43 | M8: =IF(B8="","",(D8-G8-H8-I8-K8-L8-E8)/D8) -> 0.60401606 | N8: 17000 | O8: =AVERAGE(17500,17000,17000,17000,17000) -> 17100 | P8: =IF(B8="","",O8/N8) -> 1.0058824 | Q8: 5669 | R8: 21 | U8: =IF(S8="","",(T8-C8)) | V8: =IF(B8="","",IF(U8<3,(Q8-R8)/Q8,(Q8-R8-S8)/Q8)) -> 0.99629564 | W8: =IF(B8="","",V8*P8*J8) -> 0.75664806 | X8: =IF(B8="","",V8*P8*M8) -> 0.60531845
A9: Stag to Carib Amber | B9: 46035.01 | C9: 46036 | D9: =IF(B9="","",(C9-B9)*24*60) -> 1425 | E9: 10 | F9: 30 | G9: =IF(E9="","",F9-E9) -> 20 | H9: =5+6+5+5+6+6+57+50+10+7+5+15+7+7+33+7+30+18+5 -> 284 | I9: =4+2+1+2+2+3+3+3+3+1+2+1+4+3+2+3+3+2+2+2+1+3+2+2+2+3+3+1+2+4+3+2+4+1+3+4+1+2 -> 91 | J9: =IF(B9="","",(D9-G9-H9-I9)/D9) -> 0.72280702 | K9: 0 | L9: =3+2+2+5+8+4 -> 24 | M9: =IF(B9="","",(D9-G9-H9-I9-K9-L9-E9)/D9) -> 0.69894737 | N9: 17000 | O9: =AVERAGE(16500,16500,15000,15000,15000,15000,15000,15000,15000,15000,15000,15000,15000,15000,15000,15000,16000,16000,16000,16000,15000,15000) -> 15318.182 | P9: =IF(B9="","",O9/N9) -> 0.90106952 | Q9: 7544 | R9: 18 | S9: 1517 | T9: 46066.833 | U9: =IF(S9="","",(T9-C9)) -> 30.833333 | V9: =IF(B9="","",IF(U9<3,(Q9-R9)/Q9,(Q9-R9-S9)/Q9)) -> 0.79652704 | W9: =IF(B9="","",V9*P9*J9) -> 0.51877756 | X9: =IF(B9="","",V9*P9*M9) -> 0.50165287
A10: Carib Amber to Stag | B10: 46036.008 | C10: 46036.982 | D10: =IF(B10="","",(C10-B10)*24*60) -> 1402 | E10: 10 | F10: 16 | G10: =IF(E10="","",F10-E10) -> 6 | H10: =11+9+24+15+5+5+16+5+11+10+5+5+6+5+6+7+9 -> 154 | I10: =1+2+2+3+1+2+4+3+2+3+2+2+3+1+3+1+3+3+2+3+2+1+3+2+1+2+4+2+4+1 -> 68 | J10: =IF(B10="","",(D10-G10-H10-I10)/D10) -> 0.83737518 | K10: 0 | L10: =4+11+4+4+9+5+60+25+18+14+12+16 -> 182 | M10: =IF(B10="","",(D10-G10-H10-I10-K10-L10-E10)/D10) -> 0.70042796 | N10: 17000 | O10: =AVERAGE(15000,15000,15000,15000,15000,15000,15000,15000,15000,15000,15000,15000,15000,15000,15000,15000,15000,15000,15000,15000) -> 15000 | P10: =IF(B10="","",O10/N10) -> 0.88235294 | Q10: 7396 | R10: 30 | U10: =IF(S10="","",(T10-C10)) | V10: =IF(B10="","",IF(U10<3,(Q10-R10)/Q10,(Q10-R10-S10)/Q10)) -> 0.99594375 | W10: =IF(B10="","",V10*P10*J10) -> 0.73586345 | X10: =IF(B10="","",V10*P10*M10) -> 0.61551781
A11: Mackeson to Shandy Sorrel | B11: 46037.022 | C11: 46037.957 | D11: =IF(B11="","",(C11-B11)*24*60) -> 1346 | E11: 60 | F11: 73 | G11: =IF(E11="","",F11-E11) -> 13 | H11: =5+5+11+8+5+6+6+6+29+5+9+5+5+6+5+7+15+5+5+14+6+5 -> 173 | I11: =2+3+2+1+2+3+1+2+2+2+1+2+2+3+4+3+4+3+4+2+2+4+3+4+3+2+2+4+2+3+1+3+4+2+4 -> 91 | J11: =IF(B11="","",(D11-G11-H11-I11)/D11) -> 0.79420505 | K11: 0 | L11: =10+22+10 -> 42 | M11: =IF(B11="","",(D11-G11-H11-I11-K11-L11-E11)/D11) -> 0.71842496 | N11: 17000 | O11: =AVERAGE(15000,15000,15000,14500,15000,15000,15000,15000,15000,15000,15000,15000,15000,15000,15000,15000,15000,15000) -> 14972.222 | P11: =IF(B11="","",O11/N11) -> 0.88071895 | Q11: 7088 | R11: 30 | U11: =IF(S11="","",(T11-C11)) | V11: =IF(B11="","",IF(U11<3,(Q11-R11)/Q11,(Q11-R11-S11)/Q11)) -> 0.99576749 | W11: =IF(B11="","",V11*P11*J11) -> 0.69651093 | X11: =IF(B11="","",V11*P11*M11) -> 0.63005245
A12: Ting to Carib Amber | B12: 46038.021 | C12: 46038.825 | D12: =IF(B12="","",(C12-B12)*24*60) -> 1158 | E12: 60 | F12: 120 | G12: =IF(E12="","",F12-E12) -> 60 | H12: =6+9+8+6+10+26+6+12+5+5+6+6+5+11+5 -> 126 | I12: =3+4+2+2+2+1+2+4+2+2+1+2+2+2+1+2+3+4+2+3+2+2+2+1+3+3+3+2+4+2+4+3+1+2+2+3+4+4+2+1 -> 96 | J12: =IF(B12="","",(D12-G12-H12-I12)/D12) -> 0.75647668 | K12: 0 | L12: =36+9+11 -> 56 | M12: =IF(B12="","",(D12-G12-H12-I12-K12-L12-E12)/D12) -> 0.65630397 | N12: 17000 | O12: =AVERAGE(15000,15000,15000,15000,15000,15000,15000,15000,15000,15000,15000,15000,15000,15000,15000) -> 15000 | P12: =IF(B12="","",O12/N12) -> 0.88235294 | Q12: 6434 | R12: 17 | U12: =IF(S12="","",(T12-C12)) | V12: =IF(B12="","",IF(U12<3,(Q12-R12)/Q12,(Q12-R12-S12)/Q12)) -> 0.99735779 | W12: =IF(B12="","",V12*P12*J12) -> 0.6657158 | X12: =IF(B12="","",V12*P12*M12) -> 0.57756166
A13: Carib Amber to Stag | B13: 46041.108 | C13: 46042 | D13: =IF(B13="","",(C13-B13)*24*60) -> 1285 | E13: 10 | F13: 24 | G13: =IF(E13="","",F13-E13) -> 14 | H13: =5+5+7+5+5+5+16+5+5+6+5+8 -> 77 | I13: =3+3+3+4+1+2+3+2+3+2+3+4+4+2+3+2+2+1+2+1+1+1+1+1+2+1+1+2+1+1+2+1+3+4+1+1+1+1+2+1+2+2+2+1+1+2+3+2+2+2+2+1+2+1+3+3+2+2+1+2 -> 117 | J13: =IF(B13="","",(D13-G13-H13-I13)/D13) -> 0.8381323 | K13: 0 | L13: =5+22+4+8+2 -> 41 | M13: =IF(B13="","",(D13-G13-H13-I13-K13-L13-E13)/D13) -> 0.79844358 | N13: 17000 | O13: =AVERAGE(15000,15000,15000,15000,15000,15000,14900,15000,15000,14000,14500,14500,15000,15000,15000,15000,15000,15000,15000,15000,15000) -> 14900 | P13: =IF(B13="","",O13/N13) -> 0.87647059 | Q13: 7967 | R13: 12 | U13: =IF(S13="","",(T13-C13)) | V13: =IF(B13="","",IF(U13<3,(Q13-R13)/Q13,(Q13-R13-S13)/Q13)) -> 0.99849379 | W13: =IF(B13="","",V13*P13*J13) -> 0.73349184 | X13: =IF(B13="","",V13*P13*M13) -> 0.69875825
A14: Stag to Ginseng up Original | B14: 46042.003 | C14: 46042.863 | D14: =IF(B14="","",(C14-B14)*24*60) -> 1238 | E14: 45 | F14: 76 | G14: =IF(E14="","",F14-E14) -> 31 | H14: =5+18+5+50+9+14+6+6+5+5+6+5+5+5+7 -> 151 | I14: =2+3+3+2+3+3+3+4+2+2+3+3+2+3+3+1+2+1+1+1+4+1+1+1+1+2+1+1+2+3+4+1+1+1+1+1+1+2+1+2+1+1+2+2+2+1+4 -> 92 | J14: =IF(B14="","",(D14-G14-H15-I14)/D14) -> 0.68336026 | K14: 0 | L14: 3 | M14: =IF(B14="","",(D14-G14-H14-I14-K14-L14-E14)/D14) -> 0.73990307 | N14: 17000 | O14: =AVERAGE(15000,15000,15000,15000,15000,15000,15000,14900,15000,15000,14800,15000,15000,15000,15000,15000,15000) -> 14982.353 | P14: =IF(B14="","",O14/N14) -> 0.88131488 | Q14: 6535 | R14: 21 | S14: 4.14 | T14: 46073.625 | U14: =IF(S14="","",(T14-C14)) -> 30.761806 | V14: =IF(B14="","",IF(U14<3,(Q14-R14)/Q14,(Q14-R14-S14)/Q14)) -> 0.99615302 | W14: =IF(B14="","",V14*P14*J14) -> 0.5999387 | X14: =IF(B14="","",V14*P14*M14) -> 0.64957902
A15: Soda water to Kola Champ to Cream Soda to Banana | B15: 46043.111 | C15: 46044 | D15: =IF(B15="","",(C15-B15)*24*60) -> 1280 | E15: =120+20+20+20 -> 180 | F15: 289 | G15: =IF(E15="","",F15-E15) -> 109 | H15: =25+60+60+30+8+8+5+15+25+33 -> 269 | I15: =4+4+3+1+2+1+1+2+3+2+2+2+2+2+4+2+4+4+2+3+2 -> 52 | J15: =IF(B15="","",(D15-G15-H15-I15)/D15) -> 0.6640625 | K15: 0 | L15: =30+36+3+4+8+8+5+5+4+57+2+20+27+36 -> 245 | M15: =IF(B15="","",(D15-G15-H15-I15-K15-L15-E15)/D15) -> 0.33203125 | N15: 17000 | O15: =AVERAGE(15000,15000,10900,10900,14500,14500,14500,14500,14000,14000) -> 13780 | P15: =IF(B15="","",O15/N15) -> 0.81058824 | Q15: 3535 | R15: 46 | S15: 70 | T15: 46075.583 | U15: =IF(S15="","",(T15-C15)) -> 31.583333 | V15: =IF(B15="","",IF(U15<3,(Q15-R15)/Q15,(Q15-R15-S15)/Q15)) -> 0.96718529 | W15: =IF(B15="","",V15*P15*J15) -> 0.52061771 | X15: =IF(B15="","",V15*P15*M15) -> 0.26030885
A16: Banana to Ginger to Grape to Sorrel | B16: 46045.276 | C16: 46045.848 | D16: =IF(B16="","",(C16-B16)*24*60) -> 823 | E16: =20+20+20 -> 60 | F16: 70 | G16: =IF(E16="","",F16-E16) -> 10 | H16: =9+25+8+6+5+7+6 -> 66 | I16: =1+3+2+4+2+1+1+1+2+2+2+2+3+3+2+1+3+2+3 -> 40 | J16: =IF(B16="","",(D16-G16-H16-I16)/D16) -> 0.85905225 | K16: 0 | L16: =8+26+6+12+32+6+39+2+4+3+13 -> 151 | M16: =IF(B16="","",(D16-G16-H16-I16-K16-L16-E16)/D16) -> 0.60267315 | N16: 17000 | O16: =AVERAGE(11000,10100,9300,13200,9000,9000,11000,9000,11000) -> 10288.889 | P16: =IF(B16="","",O16/N16) -> 0.60522876 | Q16: 2836 | R16: 21 | U16: =IF(S16="","",(T16-C16)) | V16: =IF(B16="","",IF(U16<3,(Q16-R16)/Q16,(Q16-R16-S16)/Q16)) -> 0.9925952 | W16: =IF(B16="","",V16*P16*J16) -> 0.5160732 | X16: =IF(B16="","",V16*P16*M16) -> 0.36205418
A17: J.Cool Sorrel to Carib Amber | B17: 46048.073 | C17: 46049 | D17: =IF(B17="","",(C17-B17)*24*60) -> 1335 | E17: 100 | F17: 32 | G17: =IF(E17="","",F17-E17) -> -68 | H17: =12+60+25+51+60+60+480+60+60+21+15+18+60+55+7+6+5 -> 1055 | I17: =2+3+2+4+4+2+2+2+3+2 -> 26 | J17: =IF(B17="","",(D17-G17-H17-I17)/D17) -> 0.2411985 | K17: 0 | L17: 0 | M17: =IF(B17="","",(D17-G17-H17-I17-K17-L17-E17)/D17) -> 0.16629213 | N17: 17000 | O17: =AVERAGE(12500,15000,15000,15000,15000,15000) -> 14583.333 | P17: =IF(B17="","",O17/N17) -> 0.85784314 | Q17: 2426 | R17: 15 | S17: =5*70 -> 350 | T17: 46080.375 | U17: =IF(S17="","",(T17-C17)) -> 31.375 | V17: =IF(B17="","",IF(U17<3,(Q17-R17)/Q17,(Q17-R17-S17)/Q17)) -> 0.84954658 | W17: =IF(B17="","",V17*P17*J17) -> 0.17578009 | X17: =IF(B17="","",V17*P17*M17) -> 0.12119
A18: Carib Amber to Pearsecco | B18: 46049.003 | C18: 46050 | D18: =IF(B18="","",(C18-B18)*24*60) -> 1435 | E18: 60 | F18: 60 | G18: =IF(E18="","",F18-E18) -> 0 | H18: =14+6+5+5+5+5+14+5+7+5+5+8+10 -> 94 | I18: =3+2+2+2+1+3+2+2+2+2+1+1+4+3+3+2+1+4+2+4+4+1+4+4+2+3+3+3+3+2+4+3+3+2+2+2 -> 91 | J18: =IF(B18="","",(D18-G18-H18-I18)/D18) -> 0.87108014 | K18: 0 | L18: =30+60+60+15+4+4+3+4+3+3+4+3 -> 193 | M18: =IF(B18="","",(D18-G18-H18-I18-K18-L18-E18)/D18) -> 0.69477352 | N18: 17000 | O18: =AVERAGE(15000,15000,15000,15000,15000,15000,15000,16000,16000,16000,15000,15000,15000,15000,15000,15000) -> 15187.5 | P18: =IF(B18="","",O18/N18) -> 0.89338235 | Q18: 7706 | R18: 10 | U18: =IF(S18="","",(T18-C18)) | V18: =IF(B18="","",IF(U18<3,(Q18-R18)/Q18,(Q18-R18-S18)/Q18)) -> 0.99870231 | W18: =IF(B18="","",V18*P18*J18) -> 0.77719775 | X18: =IF(B18="","",V18*P18*M18) -> 0.61989293
A19: Pearsecco to Rose (Export) to Rose to Vitamalt Classic | B19: 46050.003 | C19: 46051 | D19: =IF(B19="","",(C19-B19)*24*60) -> 1435 | E19: =45+45+60 -> 150 | F19: 155 | G19: =IF(E19="","",F19-E19) -> 5 | H19: =7+36+21+7+7+9+15+5+6+5+5+6+11+6+5+5+5+10+10+5+5+10 -> 201 | I19: =2+1+2+2+1+3+1+2+2+2+1+2+1+1+1+1+1+2+3+3+2+2+4+3+3+1+3+4+4+3+4+4+3+3+2+3+3+3+4+1+2+1+2+2+1+2 -> 103 | J19: =IF(B19="","",(D19-G19-H19-I19)/D19) -> 0.78466899 | K19: 0 | L19: =6+10+6+7+2 -> 31 | M19: =IF(B19="","",(D19-G19-H19-I19-K19-L19-E19)/D19) -> 0.65853659 | N19: 17000 | O19: =AVERAGE(15000,15000,15000,15000,15000,15000,15000,15000,15000,15000,15000,15000,15000,15000,15000,15000,15500) -> 15029.412 | P19: =IF(B19="","",O19/N19) -> 0.88408304 | Q19: 6199 | R19: 10 | U19: =IF(S19="","",(T19-C19)) | V19: =IF(B19="","",IF(U19<3,(Q19-R19)/Q19,(Q19-R19-S19)/Q19)) -> 0.99838684 | W19: =IF(B19="","",V19*P19*J19) -> 0.69259348 | X19: =IF(B19="","",V19*P19*M19) -> 0.58126184
A20: Vitamalt Classic to Vitamalt Ginger to Guinness to Carib Amber | B20: 46051.006 | C20: 46052 | D20: =IF(B20="","",(C20-B20)*24*60) -> 1432 | E20: =10+100+60 -> 170 | F20: 64 | G20: =IF(E20="","",F20-E20) -> -106 | H20: =5+5+8+5+6+15+8+6+10+6+35 -> 109 | I20: =4+3+4+3+3+3+2+1+2+2+1+2+2+1+2+2+4+4+3+3+1+3+3+4+3+4+2+4+1+1+1+3+2+2+4+3+2 -> 94 | J20: =IF(B20="","",(D20-G20-H20-I20)/D20) -> 0.93226257 | K20: 0 | L20: =8+2+2+8+25+50+9+2 -> 106 | M20: =IF(B20="","",(D20-G20-H20-I20-K20-L20-E20)/D20) -> 0.73952514 | N20: 17000 | O20: =AVERAGE(14000,14000,15000,15000,15000,15000,15000,15000) -> 14750 | P20: =IF(B20="","",O20/N20) -> 0.86764706 | Q20: 7217 | R20: 378 | U20: =IF(S20="","",(T20-C20)) | V20: =IF(B20="","",IF(U20<3,(Q20-R20)/Q20,(Q20-R20-S20)/Q20)) -> 0.94762367 | W20: =IF(B20="","",V20*P20*J20) -> 0.76650898 | X20: =IF(B20="","",V20*P20*M20) -> 0.6080397
A21: Carib Amber to Stag | B21: 46052.007 | C21: 46052.83 | D21: =IF(B21="","",(C21-B21)*24*60) -> 1185 | E21: 10 | F21: 30 | G21: =IF(E21="","",F21-E21) -> 20 | H21: =6+10+5+5+6+11+10+9 -> 62 | I21: =2+1+2+2+3+2+2+3+4+3+3+4+2+2+2+3+3+1+4+4+2+4+3+3+3+4+3+4+2+4+2+4+2+2+2+2 -> 98 | J21: =IF(B21="","",(D21-G21-H21-I21)/D21) -> 0.84810127 | K21: 0 | L21: =6+6+15+5+21+2+8 -> 63 | M21: =IF(B21="","",(D21-G21-H21-I21-K21-L21-E21)/D21) -> 0.78649789 | N21: 17000 | O21: =AVERAGE(15000,15000,15000,15000,15000,15000,15000,14000,14000,14000,14000,14000,14000,14000,14000,14000,14000,14000) -> 14388.889 | P21: =IF(B21="","",O21/N21) -> 0.84640523 | Q21: 6837 | R21: 16 | V21: =IF(B21="","",IF(U21<3,(Q21-R21)/Q21,(Q21-R21-S21)/Q21)) -> 0.99765979 | W21: =IF(B21="","",V21*P21*J21) -> 0.71615746 | X21: =IF(B21="","",V21*P21*M21) -> 0.66413806
D22: =IF(B22="","",(C22-B22)*24*60) | G22: =IF(E22="","",F22-E22) | J22: =IF(B22="","",(D22-G22-H22-I22)/D22) | M22: =IF(B22="","",(D22-G22-H22-I22-K22-L22-E22)/D22) | P22: =IF(B22="","",O22/N22) | U22: =IF(S22="","",(T22-C22)) | V22: =IF(B22="","",IF(U22<3,(Q22-R22)/Q22,(Q22-R22-S22)/Q22)) | W22: =IF(B22="","",V22*P22*J22) | X22: =IF(B22="","",V22*P22*M22)
D23: =IF(B23="","",(C23-B23)*24*60) | G23: =IF(E23="","",F23-E23) | J23: =IF(B23="","",(D23-G23-H23-I23)/D23) | M23: =IF(B23="","",(D23-G23-H23-I23-K23-L23-E23)/D23) | P23: =IF(B23="","",O23/N23) | U23: =IF(S23="","",(T23-C23)) | V23: =IF(B23="","",IF(U23<3,(Q23-R23)/Q23,(Q23-R23-S23)/Q23)) | W23: =IF(B23="","",V23*P23*J23) | X23: =IF(B23="","",V23*P23*M23)
D24: =IF(B24="","",(C24-B24)*24*60) | G24: =IF(E24="","",F24-E24) | J24: =IF(B24="","",(D24-G24-H24-I24)/D24) | M24: =IF(B24="","",(D24-G24-H24-I24-K24-L24-E24)/D24) | P24: =IF(B24="","",O24/N24) | U24: =IF(S24="","",(T24-C24)) | V24: =IF(B24="","",IF(U24<3,(Q24-R24)/Q24,(Q24-R24-S24)/Q24)) | W24: =IF(B24="","",V24*P24*J24) | X24: =IF(B24="","",V24*P24*M24)
D25: =IF(B25="","",(C25-B25)*24*60) | G25: =IF(E25="","",F25-E25) | J25: =IF(B25="","",(D25-G25-H25-I25)/D25) | M25: =IF(B25="","",(D25-G25-H25-I25-K25-L25-E25)/D25) | P25: =IF(B25="","",O25/N25) | U25: =IF(S25="","",(T25-C25)) | V25: =IF(B25="","",IF(U25<3,(Q25-R25)/Q25,(Q25-R25-S25)/Q25)) | W25: =IF(B25="","",V25*P25*J25) | X25: =IF(B25="","",V25*P25*M25)
D26: =IF(B26="","",(C26-B26)*24*60) | G26: =IF(E26="","",F26-E26) | J26: =IF(B26="","",(D26-G26-H26-I26)/D26) | M26: =IF(B26="","",(D26-G26-H26-I26-K26-L26-E26)/D26) | P26: =IF(B26="","",O26/N26) | U26: =IF(S26="","",(T26-C26)) | V26: =IF(B26="","",IF(U26<3,(Q26-R26)/Q26,(Q26-R26-S26)/Q26)) | W26: =IF(B26="","",V26*P26*J26) | X26: =IF(B26="","",V26*P26*M26)
D27: =IF(B27="","",(C27-B27)*24*60) | G27: =IF(E27="","",F27-E27) | J27: =IF(B27="","",(D27-G27-H27-I27)/D27) | M27: =IF(B27="","",(D27-G27-H27-I27-K27-L27-E27)/D27) | P27: =IF(B27="","",O27/N27) | U27: =IF(S27="","",(T27-C27)) | V27: =IF(B27="","",IF(U27<3,(Q27-R27)/Q27,(Q27-R27-S27)/Q27)) | W27: =IF(B27="","",V27*P27*J27) | X27: =IF(B27="","",V27*P27*M27)
D28: =IF(B28="","",(C28-B28)*24*60) | G28: =IF(E28="","",F28-E28) | J28: =IF(B28="","",(D28-G28-H28-I28)/D28) | M28: =IF(B28="","",(D28-G28-H28-I28-K28-L28-E28)/D28) | P28: =IF(B28="","",O28/N28) | U28: =IF(S28="","",(T28-C28)) | V28: =IF(B28="","",IF(U28<3,(Q28-R28)/Q28,(Q28-R28-S28)/Q28)) | W28: =IF(B28="","",V28*P28*J28) | X28: =IF(B28="","",V28*P28*M28)
D29: =IF(B29="","",(C29-B29)*24*60) | G29: =IF(E29="","",F29-E29) | J29: =IF(B29="","",(D29-G29-H29-I29)/D29) | M29: =IF(B29="","",(D29-G29-H29-I29-K29-L29-E29)/D29) | P29: =IF(B29="","",O29/N29) | U29: =IF(S29="","",(T29-C29)) | V29: =IF(B29="","",IF(U29<3,(Q29-R29)/Q29,(Q29-R29-S29)/Q29)) | W29: =IF(B29="","",V29*P29*J29) | X29: =IF(B29="","",V29*P29*M29)
D30: =IF(B30="","",(C30-B30)*24*60) | G30: =IF(E30="","",F30-E30) | J30: =IF(B30="","",(D30-G30-H30-I30)/D30) | M30: =IF(B30="","",(D30-G30-H30-I30-K30-L30-E30)/D30) | P30: =IF(B30="","",O30/N30) | U30: =IF(S30="","",(T30-C30)) | V30: =IF(B30="","",IF(U30<3,(Q30-R30)/Q30,(Q30-R30-S30)/Q30)) | W30: =IF(B30="","",V30*P30*J30) | X30: =IF(B30="","",V30*P30*M30)
D31: =IF(B31="","",(C31-B31)*24*60) | G31: =IF(E31="","",F31-E31) | J31: =IF(B31="","",(D31-G31-H31-I31)/D31) | M31: =IF(B31="","",(D31-G31-H31-I31-K31-L31-E31)/D31) | P31: =IF(B31="","",O31/N31) | U31: =IF(S31="","",(T31-C31)) | V31: =IF(B31="","",IF(U31<3,(Q31-R31)/Q31,(Q31-R31-S31)/Q31)) | W31: =IF(B31="","",V31*P31*J31) | X31: =IF(B31="","",V31*P31*M31)
D32: =IF(B32="","",(C32-B32)*24*60) | G32: =IF(E32="","",F32-E32) | J32: =IF(B32="","",(D32-G32-H32-I32)/D32) | M32: =IF(B32="","",(D32-G32-H32-I32-K32-L32-E32)/D32) | P32: =IF(B32="","",O32/N32) | U32: =IF(S32="","",(T32-C32)) | V32: =IF(B32="","",IF(U32<3,(Q32-R32)/Q32,(Q32-R32-S32)/Q32)) | W32: =IF(B32="","",V32*P32*J32) | X32: =IF(B32="","",V32*P32*M32)
D33: =IF(B33="","",(C33-B33)*24*60) | G33: =IF(E33="","",F33-E33) | J33: =IF(B33="","",(D33-G33-H33-I33)/D33) | M33: =IF(B33="","",(D33-G33-H33-I33-K33-L33-E33)/D33) | P33: =IF(B33="","",O33/N33) | U33: =IF(S33="","",(T33-C33)) | V33: =IF(B33="","",IF(U33<3,(Q33-R33)/Q33,(Q33-R33-S33)/Q33)) | W33: =IF(B33="","",V33*P33*J33) | X33: =IF(B33="","",V33*P33*M33)
... D37: =IF(B37="","",(C37-B37)*24*60) | G37: =IF(E37="","",F37-E37) | J37: =IF(B37="","",(D37-G37-H37-I37)/D37) | M37: =IF(B37="","",(D37-G37-H37-I37-K37-L37-E37)/D37) | P37: =IF(B37="","",O37/N37) | U37: =IF(S37="","",(T37-C37)) | V37: =IF(B37="","",IF(U37<3,(Q37-R37)/Q37,(Q37-R37-S37)/Q37)) | W37: =IF(B37="","",V37*P37*J37) | X37: =IF(B37="","",V37*P37*M37)
B38: Total | D38: =SUM(D3:D37) -> 20597 | E38: =SUM(E3:E37) -> 1115 | F38: =SUM(F3:F37) -> 1295 | G38: =SUM(G3:G37) -> 180 | H38: =SUM(H2:H37) -> 3452 | I38: =SUM(I3:I37) -> 1298 | J38: =(D38-G38-H38-I38)/D38 -> 0.76064475 | K38: =SUM(K3:K37) -> 0 | L38: =SUM(L3:L37) -> 1378 | M38: =(D38-G38-H38-I38-E38-K38-L38)/D38 -> 0.63960771 | N38: =AVERAGE(N3:N37) -> 17000 | O38: =AVERAGE(O3:O37) -> 14800.743 | P38: =O38/N38 -> 0.87063193 | Q38: =SUM(Q3:Q35) -> 99107 | V38: =AVERAGE(V3:V37) -> 0.97189599 | W38: =V38*P38*J38 -> 0.64362996 | X38: =V38*P38*M38 -> 0.54121281
O39: ytd | P39: =W38 -> 0.64362996
Q41: =O38 -> 14800.743
Q42: ='February 2026 (w Utilization) '!O38 -> 14704.378
Q43: ='March 2026 (w Utilization'!O38 -> 14373.164
Q44: ='April 2026 (w Utilization) '!O38 -> 14982.349
D46: Real | E46: Opportunity
C47: OEE | D47: =W38 -> 0.64362996 | E47: =100%-D47 -> 0.35637004
C48: OEE Utilization | D48: =X38 -> 0.54121281 | E48: =100%-D48 -> 0.45878719
C49: Availability (for OEE) | D49: =J38 -> 0.76064475 | E49: =100%-D49 -> 0.23935525
C50: Availability (for OEE Utilization) | D50: =M38 -> 0.63960771 | E50: =100%-D50 -> 0.36039229
C51: Performance | D51: =P38 -> 0.87063193 | E51: =100%-D51 -> 0.12936807
C52: =V2 -> Quality | D52: =V38 -> 0.97189599 | E52: =100%-D52 -> 0.028104011

Sheet February 2026 (w Utilization) 
C1: OEE Calculation | G1: CARIB BREWERY
A2: SKU | B2: Start Time dd/mm/yyyy h:mm | C2: End Time dd/mm/yyyy h:mm (when production actually ends) | D2: Available time /mins | E2: Changeover Standard time /mins | F2: Actual Changeover /mins | G2: Changeover Deviation /mins | H2: Total Breakdowns /mins | I2: Total Minor Stops /mins | J2: Availability (for OEE) | K2: Planned Downtime /mins | L2: External Downtime /mins | M2: Availability (for OEE Utilization) | N2: Nominal Speed | O2: Actual (Average) Speed | P2: Performance | Q2: Total Products Produced /Cases | R2: Low Fill /Cases | S2: Embargo /cases | T2: Embargo release date | U2: Embargo Residence time /days | V2: Quality | W2: OEE | X2: OEE Utilization
A3: Stag to Carib Amber | B3: 46055.079 | C3: 46056 | D3: =IF(B3="","",(C3-B3)*24*60) -> 1326 | E3: 10 | F3: 13 | G3: =IF(E3="","",F3-E3) -> 3 | H3: =6+5+5+18+8+13+5+5+5+5 -> 75 | I3: =3+4+1+2+1+3+3+4+3+3+4+2+3+2+2+3+3+2+2+2+3+3+1+2+2+3+4+2+2+2+4+1+2+2+2 -> 87 | J3: =IF(B3="","",(D3-G3-H3-I3)/D3) -> 0.87556561 | K3: 0 | L3: =34+33+23+17+4+5+4+3+16+11 -> 150 | M3: =IF(B3="","",(D3-G3-H3-I3-K3-L3-E3)/D3) -> 0.75490196 | N3: 17000 | O3: =AVERAGE(15000,14000,14000,14000,14000,15000,15000,15000,12000,15000,15000,15000,15000,15000,15000,15000,15000,15000,15000,15000,14000) -> 14619.048 | P3: =IF(B3="","",O3/N3) -> 0.85994398 | Q3: 7920 | R3: 6 | U3: =IF(S3="","",(T3-C3)) | V3: =IF(B3="","",IF(U3<3,(Q3-R3)/Q3,(Q3-R3-S3)/Q3)) -> 0.99924242 | W3: =IF(B3="","",V3*P3*J3) -> 0.75236697 | X3: =IF(B3="","",V3*P3*M3) -> 0.6486816
A4: Carib Amber | B4: 46056.008 | C4: 46057 | D4: =IF(B4="","",(C4-B4)*24*60) -> 1428 | E4: 0 | F4: 0 | G4: =IF(E4="","",F4-E4) -> 0 | H4: =12+5+6+6+5+36+8+11+6+5+10 -> 110 | I4: =3+3+2+3+2+1+1+2+3+3+2+2+1+2+3+3+3+2+4+3+4+1+2+2+4+1+2+3 -> 67 | J4: =IF(B4="","",(D4-G4-H4-I4)/D4) -> 0.87605042 | K4: 0 | L4: =4+4+34+2+2+10+4+5+60+60+47+11 -> 243 | M4: =IF(B4="","",(D4-G4-H4-I4-K4-L4-E4)/D4) -> 0.70588235 | N4: 17000 | O4: =AVERAGE(15000,14000,14000,14000,14000,14000,14000,14000,14000,14500,14500,14500,14500,14500,14500,15000,15000,15000,15000,15000) -> 14450 | P4: =IF(B4="","",O4/N4) -> 0.85 | Q4: 8556 | R4: 7 | U4: =IF(S4="","",(T4-C4)) | V4: =IF(B4="","",IF(U4<3,(Q4-R4)/Q4,(Q4-R4-S4)/Q4)) -> 0.99918186 | W4: =IF(B4="","",V4*P4*J4) -> 0.74403364 | X4: =IF(B4="","",V4*P4*M4) -> 0.59950912
A5: Carib Flint (Export) to Caribe Rose | B5: 46057.012 | C5: 46058 | D5: =IF(B5="","",(C5-B5)*24*60) -> 1422 | E5: 60 | F5: 165 | G5: =IF(E5="","",F5-E5) -> 105 | H5: =14+6+5+8+6+13+8+6+22+25+10+20+5+9+9+10+7+6+38+60+6+8+5+8+14+6+13+7+45+10 -> 409 | I5: =4+4+2+3+3+2+2+2+4+3+2+1+2+1+4+3+3+1+1+2+2+2+2+3+2+3+4+1+4+3+3 -> 78 | J5: =IF(B5="","",(D5-G5-H5-I5)/D5) -> 0.58368495 | K5: 0 | L5: =16+3+5+11+3+10+7+6+4+12 -> 77 | M5: =IF(B5="","",(D5-G5-H5-I5-K5-L5-E5)/D5) -> 0.48734177 | N5: 17000 | O5: =AVERAGE(15000,15000,15000,15000,15000,14500,14500,14500,14500,14500,15000,15000,15000,15000,15000) -> 14833.333 | P5: =IF(B5="","",O5/N5) -> 0.87254902 | Q5: 4372 | R5: 12 | U5: =IF(S5="","",(T5-C5)) | V5: =IF(B5="","",IF(U5<3,(Q5-R5)/Q5,(Q5-R5-S5)/Q5)) -> 0.99725526 | W5: =IF(B5="","",V5*P5*J5) -> 0.50789585 | X5: =IF(B5="","",V5*P5*M5) -> 0.42406244
A6: Caribe Rose to Guinness to Carib Amber | B6: 46058.007 | C6: 46059 | D6: =IF(B6="","",(C6-B6)*24*60) -> 1430 | E6: 60 | F6: 132 | G6: =IF(E6="","",F6-E6) -> 72 | H6: =9+5+37+12+20+6+7+16+22+5+16+10+6+5+8+6+12+8+11+20+5+7 -> 253 | I6: =3+4+3+2+1+3+2+2+22+3+2+4+3+2+2+1+1+1+2+3+3+2+4+1+3+2+2+2 -> 85 | J6: =IF(B6="","",(D6-G6-H6-I6)/D6) -> 0.71328671 | K6: 0 | L6: =4+5+21+4+27+13+7+4+13 -> 98 | M6: =IF(B6="","",(D6-G6-H6-I6-K6-L6-E6)/D6) -> 0.6027972 | N6: 17000 | O6: =AVERAGE(15000,15000,15000,15000,15000,14500,14500,14500,14500,14500,14500,14500,15000,15000,15000,15000,15000) -> 14794.118 | P6: =IF(B6="","",O6/N6) -> 0.87024221 | Q6: 5501 | R6: 22 | U6: =IF(S6="","",(T6-C6)) | V6: =IF(B6="","",IF(U6<3,(Q6-R6)/Q6,(Q6-R6-S6)/Q6)) -> 0.99600073 | W6: =IF(B6="","",V6*P6*J6) -> 0.61824973 | X6: =IF(B6="","",V6*P6*M6) -> 0.52248164
A7: Carib Amber to Shandy Ginger | B7: 46059.007 | C7: 46059.844 | D7: =IF(B7="","",(C7-B7)*24*60) -> 1205 | E7: 20 | F7: 40 | G7: =IF(E7="","",F7-E7) -> 20 | H7: =10+60+27+15+11+10+9+6+5+9+19+17+5+10+8+7+13+11 -> 252 | I7: =1+3+2+2+2+3+1+2+2+3+3+1+1+4+2+2+3+2+3 -> 42 | J7: =IF(B7="","",(D7-G7-H7-I7)/D7) -> 0.73941909 | K7: 15 | L7: 0 | M7: =IF(B7="","",(D7-G7-H7-I7-K7-L7-E7)/D7) -> 0.71037344 | N7: 17000 | O7: =AVERAGE(15000,15000,14500,12000,12000,14500,14500,14500,14500,14500,16000,16000,16000) -> 14538.462 | P7: =IF(B7="","",O7/N7) -> 0.85520362 | Q7: 5998 | R7: 9 | U7: =IF(S7="","",(T7-C7)) | V7: =IF(B7="","",IF(U7<3,(Q7-R7)/Q7,(Q7-R7-S7)/Q7)) -> 0.9984995 | W7: =IF(B7="","",V7*P7*J7) -> 0.63140503 | X7: =IF(B7="","",V7*P7*M7) -> 0.60660237
A8: Shandy Ginger Local to Shandy Ginger Export to Stag | B8: 46062.122 | C8: 46062.886 | D8: =IF(B8="","",(C8-B8)*24*60) -> 1101 | E8: 45 | F8: 50 | G8: =IF(E8="","",F8-E8) -> 5 | H8: =5+18+7+11+7+6+22+9+5+7+5+37+12+6+29+40+5 -> 231 | I8: =4+3+4+2+2+2+3+4+3+3+3+3+3+4+3+4+3+4+2+4+3+2+2+3+1+2+1+1+3+3 -> 84 | J8: =IF(B8="","",(D8-G8-H8-I8)/D8) -> 0.70935513 | K8: 0 | L8: =6+10+9+50+60+5+7+8 -> 155 | M8: =IF(B8="","",(D8-G8-H8-I8-K8-L8-E8)/D8) -> 0.52770209 | N8: 17000 | O8: =AVERAGE( 15000,15000,15000,15000,15000,12000,12000,13000,14000,14000,14000,14000,14000) -> 14000 | P8: =IF(B8="","",O8/N8) -> 0.82352941 | Q8: 4432 | R8: 8 | U8: =IF(S8="","",(T8-C8)) | V8: =IF(B8="","",IF(U8<3,(Q8-R8)/Q8,(Q8-R8-S8)/Q8)) -> 0.99819495 | W8: =IF(B8="","",V8*P8*J8) -> 0.58312035 | X8: =IF(B8="","",V8*P8*M8) -> 0.43379375
A9: Pink Ting to Orginal Ting to Carib Amber | B9: 46063.028 | C9: 46064 | D9: =IF(B9="","",(C9-B9)*24*60) -> 1400 | E9: =30+45 -> 75 | F9: 150 | G9: =IF(E9="","",F9-E9) -> 75 | H9: =5+6+5+7+5+14+10 -> 52 | I9: =3+4+3+4+3+4+3+2+3+2+2+2+2+3+2+3+4+3+2+3+4+3+2 -> 66 | J9: =IF(B9="","",(D9-G9-H9-I9)/D9) -> 0.86214286 | K9: 0 | L9: =2+10+6+45+60+28+4+6+6+6+6+6+4+4+6 -> 199 | M9: =IF(B9="","",(D9-G9-H9-I9-K9-L9-E9)/D9) -> 0.66642857 | N9: 17000 | O9: =AVERAGE(14500,14500,14500,14500,14500,15000,15000,15000,15000) -> 14722.222 | P9: =IF(B9="","",O9/N9) -> 0.86601307 | Q9: 7015 | R9: 9 | U9: =IF(S9="","",(T9-C9)) | V9: =IF(B9="","",IF(U9<3,(Q9-R9)/Q9,(Q9-R9-S9)/Q9)) -> 0.99871703 | W9: =IF(B9="","",V9*P9*J9) -> 0.74566909 | X9: =IF(B9="","",V9*P9*M9) -> 0.57639541
A10: Carib Amber to Stag Local | B10: 46064.003 | C10: 46065 | D10: =IF(B10="","",(C10-B10)*24*60) -> 1435 | E10: 10 | F10: 48 | G10: =IF(E10="","",F10-E10) -> 38 | H10: =12+6+5+5+5+18+60+10+5+7+5+7+9+24+6+5 -> 189 | I10: =2+1+2+3+2+2+4+2+1+3+2+3+2+3+3+4+3+3+3+1+4+2+4+2+2+2+3+3+2+3+3+2+3+3+3+2+4+3+4+3+2+3+3+2+2+2+5 -> 125 | J10: =IF(B10="","",(D10-G10-H10-I10)/D10) -> 0.75470383 | K10: 0 | L10: =5+4+10+6+3+20+4+45+8+27+4 -> 136 | M10: =IF(B10="","",(D10-G10-H10-I10-K10-L10-E10)/D10) -> 0.65296167 | N10: 17000 | O10: =AVERAGE(15000,15000,15000,15000,15000,15000,15000,15000,15000,13000,11000,15000,15000,15000,15000,15000,15000,15000,15000,15000,15000) -> 14714.286 | P10: =IF(B10="","",O10/N10) -> 0.86554622 | Q10: 6898 | R10: 4 | U10: =IF(S10="","",(T10-C10)) | V10: =IF(B10="","",IF(U10<3,(Q10-R10)/Q10,(Q10-R10-S10)/Q10)) -> 0.99942012 | W10: =IF(B10="","",V10*P10*J10) -> 0.65285225 | X10: =IF(B10="","",V10*P10*M10) -> 0.56484078
A11: Stag Local | B11: 46065.007 | C11: 46066 | D11: =IF(B11="","",(C11-B11)*24*60) -> 1430 | E11: 0 | F11: 10 | G11: =IF(E11="","",F11-E11) -> 10 | H11: =7+14+10+10+6+9+5+5+7+7+7+7+13+5+7+5+17+21+20+6+12+5+8+21+10+5+5+8+19+38+18+6+20 -> 363 | I11: =3+3+3+1+4+4+1+3+2+3+3+3+2+3+1+2+3+3+2+2+2+2+2+2+1+2+1+2+2+2+1+1+2+2+2+2+1 -> 80 | J11: =IF(B11="","",(D11-G11-H11-I11)/D11) -> 0.68321678 | K11: 0 | L11: =28+6+5+30+3+4+3+3+4+3+4+9+4 -> 106 | M11: =IF(B11="","",(D11-G11-H11-I11-K11-L11-E11)/D11) -> 0.60909091 | N11: 17000 | O11: =AVERAGE(15000,15000,15000,15000,15000,15000,15000,15000,15000,15000,15000,15000,15000,15000,15000,15000,15000,15000,15000,15000,15000,15000) -> 15000 | P11: =IF(B11="","",O11/N11) -> 0.88235294 | Q11: 6114 | R11: 32 | U11: =IF(S11="","",(T11-C11)) | V11: =IF(B11="","",IF(U11<3,(Q11-R11)/Q11,(Q11-R11-S11)/Q11)) -> 0.99476611 | W11: =IF(B11="","",V11*P11*J11) -> 0.59968315 | X11: =IF(B11="","",V11*P11*M11) -> 0.53462029
A12: Stag Local to Shandy Sorrel | B12: 46066.007 | C12: 46066.836 | D12: =IF(B12="","",(C12-B12)*24*60) -> 1194 | E12: 60 | F12: 60 | G12: =IF(E12="","",F12-E12) -> 0 | H12: =7+5+9+5+6+11+9+6+12+8 -> 78 | I12: =1+4+3+2+3+4+3+2+3+1+4 -> 30 | J12: =IF(B12="","",(D12-G12-H12-I12)/D12) -> 0.90954774 | K12: 0 | L12: 675 | M12: =IF(B12="","",(D12-G12-H12-I12-K12-L12-E12)/D12) -> 0.29396985 | N12: 17000 | O12: =AVERAGE(15000, 15000,15000,11000,15000,15000,15000,15000) -> 14500 | P12: =IF(B12="","",O12/N12) -> 0.85294118 | Q12: 2856 | R12: 8 | U12: =IF(S12="","",(T12-C12)) | V12: =IF(B12="","",IF(U12<3,(Q12-R12)/Q12,(Q12-R12-S12)/Q12)) -> 0.99719888 | W12: =IF(B12="","",V12*P12*J12) -> 0.77361764 | X12: =IF(B12="","",V12*P12*M12) -> 0.25003664
A13: Carib Amber | B13: 46069.49 | C13: 46070 | D13: =IF(B13="","",(C13-B13)*24*60) -> 735 | E13: 0 | F13: 0 | G13: =IF(E13="","",F13-E13) -> 0 | H13: =15+6+5+11+6+7+7 -> 57 | I13: =3+3+3+2+4+4+2+2+1+3+2+2+4+4+1+4+2+2+4+3+4+3+1+1+3+4+2 -> 73 | J13: =IF(B13="","",(D13-G13-H13-I13)/D13) -> 0.82312925 | K13: 0 | L13: =2+12+6 -> 20 | M13: =IF(B13="","",(D13-G13-H13-I13-K13-L13-E13)/D13) -> 0.79591837 | N13: 17000 | O13: =AVERAGE(15000,15000,15000,15000,15000,15000,15000,17000,15000,15000,15000,15000) -> 15166.667 | P13: =IF(B13="","",O13/N13) -> 0.89215686 | Q13: 4596 | R13: 10 | S13: =177+43 -> 220 | T13: 46065 | U13: =IF(S13="","",(T13-C13)) -> -5 | V13: =IF(B13="","",IF(U13<3,(Q13-R13)/Q13,(Q13-R13-S13)/Q13)) -> 0.99782419 | W13: =IF(B13="","",V13*P13*J13) -> 0.73276259 | X13: =IF(B13="","",V13*P13*M13) -> 0.70853903
A14: Carib Amber | B14: 46070.012 | C14: 46070.4 | D14: =IF(B14="","",(C14-B14)*24*60) -> 559 | E14: 0 | F14: 0 | G14: =IF(E14="","",F14-E14) -> 0 | H14: =13+9+7+6+10+9+5+5+10+5 -> 79 | I14: =4+1+1+2+2+2+2+1+1+4+2+3+3+3+3+2+1 -> 37 | J14: =IF(B14="","",(D14-G14-H14-I14)/D14) -> 0.79248658 | K14: 0 | L14: =31 -> 31 | M14: =IF(B14="","",(D14-G14-H14-I14-K14-L14-E14)/D14) -> 0.73703041 | N14: 17000 | O14: =AVERAGE(15000,15000,15000,15000,15000,15000,15000,15000,15000,15000) -> 15000 | P14: =IF(B14="","",O14/N14) -> 0.88235294 | Q14: 2895 | R14: 13 | U14: =IF(S14="","",(T14-C14)) | V14: =IF(B14="","",IF(U14<3,(Q14-R14)/Q14,(Q14-R14-S14)/Q14)) -> 0.9955095 | W14: =IF(B14="","",V14*P14*J14) -> 0.69611287 | X14: =IF(B14="","",V14*P14*M14) -> 0.64740068
A15: Carib Amber to Shandy Sorrel to Ting Original | B15: 46072.083 | C15: 46073 | D15: =IF(B15="","",(C15-B15)*24*60) -> 1320 | E15: =60+60 -> 120 | F15: 103 | G15: =IF(E15="","",F15-E15) -> -17 | H15: =7+8+28+7+5+5+6+5+6+6+15+8+10+60+40+7+6+5+16+24+5+11+13+9+7+6+60 -> 385 | I15: =2+2+4+2+2+4+3+4+4+2+3+1+2+3+1+3+4+4+4+4+1+3+3+3+1 -> 69 | J15: =IF(B15="","",(D15-G15-H15-I15)/D15) -> 0.66893939 | K15: 0 | L15: =4+9+15+8+6+10 -> 52 | M15: =IF(B15="","",(D15-G15-H15-I15-K15-L15-E15)/D15) -> 0.53863636 | N15: 17000 | O15: =AVERAGE(12000,15000,15000,15000,15000,15000,15000,15000,15000,14000,15000,12000,12000) -> 14230.769 | P15: =IF(B15="","",O15/N15) -> 0.83710407 | Q15: 4680 | R15: 10 | S15: 350 | T15: 46073.392 | U15: =IF(S15="","",(T15-C15)) -> 0.39236111 | V15: =IF(B15="","",IF(U15<3,(Q15-R15)/Q15,(Q15-R15-S15)/Q15)) -> 0.99786325 | W15: =IF(B15="","",V15*P15*J15) -> 0.55877537 | X15: =IF(B15="","",V15*P15*M15) -> 0.44993124
A16: Ting Original to Carib Amber | B16: 46073.006 | C16: 46073.837 | D16: =IF(B16="","",(C16-B16)*24*60) -> 1196 | E16: 60 | F16: 79 | G16: =IF(E16="","",F16-E16) -> 19 | H16: =9+5+6+54+6+9+5+9+7+29+22+5+6+5+10+5+30+30+37+7+11+6+17 -> 330 | I16: =3+4+3+3+2+2+4+4+4+2+2+2+4+4+2+3+4+2+3+3+4+1+4+3+3+3+2+4+1+1+2 -> 88 | J16: =IF(B16="","",(D16-G16-H16-I16)/D16) -> 0.63461538 | K16: 0 | L16: =9+6+6+10+2+27+15 -> 75 | M16: =IF(B16="","",(D16-G16-H16-I16-K16-L16-E16)/D16) -> 0.52173913 | N16: 17000 | O16: =AVERAGE(14000,14000,14000,14000,14000,14000,14000,14000,15000,15000,14500,14500,13500,7500,13000,15000) -> 13750 | P16: =IF(B16="","",O16/N16) -> 0.80882353 | Q16: 3788 | R16: 6 | U16: =IF(S16="","",(T16-C16)) | V16: =IF(B16="","",IF(U16<3,(Q16-R16)/Q16,(Q16-R16-S16)/Q16)) -> 0.99841605 | W16: =IF(B16="","",V16*P16*J16) -> 0.51247883 | X16: =IF(B16="","",V16*P16*M16) -> 0.42132647
A17: Carib Amber | B17: 46076.442 | C17: 46077 | D17: =IF(B17="","",(C17-B17)*24*60) -> 803 | E17: 25 | F17: 0 | G17: =IF(E17="","",F17-E17) -> -25 | H17: =14+10+20+9+7+6+5+30+16+12+6+5+22+6+6+8+5+5+5+7+5+8+10 -> 227 | I17: =4+3+4+2+4+3+2+3+1+2+2+4+3+3+3+2+4+3+4+3+2+2+1+3+2+3 -> 72 | J17: =IF(B17="","",(D17-G17-H17-I17)/D17) -> 0.65877958 | K17: 0 | L17: =23+10+4 -> 37 | M17: =IF(B17="","",(D17-G17-H17-I17-K17-L17-E17)/D17) -> 0.58156912 | N17: 17000 | O17: =AVERAGE(15000,15000,15000,15000,15000,14000,14000,15000,15000,15000,15000,15000,15000,15000) -> 14857.143 | P17: =IF(B17="","",O17/N17) -> 0.87394958 | Q17: 3491 | R17: 4 | S17: 70 | T17: 46078 | U17: =IF(S17="","",(T17-C17)) -> 1 | V17: =IF(B17="","",IF(U17<3,(Q17-R17)/Q17,(Q17-R17-S17)/Q17)) -> 0.9988542 | W17: =IF(B17="","",V17*P17*J17) -> 0.57508045 | X17: =IF(B17="","",V17*P17*M17) -> 0.50767972
A18: Carib Amber to Guinness | B18: 46077.008 | C18: 46077.962 | D18: =IF(B18="","",(C18-B18)*24*60) -> 1373 | E18: 25 | F18: 31 | G18: =IF(E18="","",F18-E18) -> 6 | H18: =5+10+10+6+57+60+60+60+43+5+26+16+42+30+7+6+5+6 -> 454 | I18: =4+3+1+3+1+1+2+4+3+3+3+3+4+1+2+3+4+2+3+4+3+3+2+3+3+4+2+4+2+3+3+4+4+3+1+4+4+4+4+3+3+4+2+3+3 -> 132 | J18: =IF(B18="","",(D18-G18-H18-I18)/D18) -> 0.56882739 | K18: 0 | L18: =7+4+2+4+6+6 -> 29 | M18: =IF(B18="","",(D18-G18-H18-I18-K18-L18-E18)/D18) -> 0.52949745 | N18: 17000 | O18: =AVERAGE(15000,15000,15000,15000,15000,15000,15000,15000,15000,15000,15000,15000,15000,15000,16500,14000,13000,14500) -> 14888.889 | P18: =IF(B18="","",O18/N18) -> 0.87581699 | Q18: 5142 | R18: 15 | S18: =140+4+210 -> 354 | T18: 46097.524 | U18: =IF(S18="","",(T18-C18)) -> 19.5625 | V18: =IF(B18="","",IF(U18<3,(Q18-R18)/Q18,(Q18-R18-S18)/Q18)) -> 0.92823804 | W18: =IF(B18="","",V18*P18*J18) -> 0.46243769 | X18: =IF(B18="","",V18*P18*M18) -> 0.43046377
A19: Stag | B19: 46078.017 | C19: 46079 | D19: =IF(B19="","",(C19-B19)*24*60) -> 1415 | E19: 0 | F19: 0 | G19: =IF(E19="","",F19-E19) -> 0 | H19: =13+5+38+10+8+60+25+16+12+9+8+5+6+9+8+10+5+6+7+8+60+60+60+60+47+7+6+5+10+11+6+7+5+25+10+10+19 -> 676 | I19: =2+2+3+2+2+3+2+2+4+3+3+2+3+3+4+2+4+2+2+2+4+2+3+1+2+4+2+3+4+3+4+4+2+2+1+3 -> 96 | J19: =IF(B19="","",(D19-G19-H19-I19)/D19) -> 0.45441696 | K19: 0 | L19: 0 | M19: =IF(B19="","",(D19-G19-H19-I19-K19-L19-E19)/D19) -> 0.45441696 | N19: 17000 | O19: =AVERAGE(16000,16000,16000,16000,15000,14500,15000,15000,15000,15000,15000,15000,15000,15000,15000) -> 15233.333 | P19: =IF(B19="","",O19/N19) -> 0.89607843 | Q19: 4008 | R19: 12 | S19: 140 | T19: 46083.674 | U19: =IF(S19="","",(T19-C19)) -> 4.6736111 | V19: =IF(B19="","",IF(U19<3,(Q19-R19)/Q19,(Q19-R19-S19)/Q19)) -> 0.96207585 | W19: =IF(B19="","",V19*P19*J19) -> 0.39175078 | X19: =IF(B19="","",V19*P19*M19) -> 0.39175078
A20: Stag to Carib Amber | B20: 46079.01 | C20: 46080 | D20: =IF(B20="","",(C20-B20)*24*60) -> 1426 | E20: 10 | F20: 23 | G20: =IF(E20="","",F20-E20) -> 13 | H20: =44+60+60+60+60+60+47+5+60+60+60+60+60+5+6+6+16+12+11+5+7+5+7+6+40+10+10 -> 842 | I20: =2+2+3+4+1+1+4+4+3+3+3+2+4+4+1+3+4+4+1+3+2 -> 58 | J20: =IF(B20="","",(D20-G20-H20-I20)/D20) -> 0.35974755 | K20: 0 | L20: =3 -> 3 | M20: =IF(B20="","",(D20-G20-H20-I20-K20-L20-E20)/D20) -> 0.35063114 | N20: 17000 | O20: =AVERAGE(15000,15000,15000,15000,15000,15000,15000,15000,14000,15000) -> 14900 | P20: =IF(B20="","",O20/N20) -> 0.87647059 | Q20: 3264 | R20: 7 | U20: =IF(S20="","",(T20-C20)) | V20: =IF(B20="","",IF(U20<3,(Q20-R20)/Q20,(Q20-R20-S20)/Q20)) -> 0.99785539 | W20: =IF(B20="","",V20*P20*J20) -> 0.31463193 | X20: =IF(B20="","",V20*P20*M20) -> 0.3066588
A21: Carib Amber to Starmalt to Carib Amber | B21: 46080.007 | C21: 46080.84 | D21: =IF(B21="","",(C21-B21)*24*60) -> 1200 | E21: =30+45 -> 75 | F21: 73 | G21: =IF(E21="","",F21-E21) -> -2 | H21: =6 -> 6 | I21: =1+3+2+2 -> 8 | J21: =IF(B21="","",(D21-G21-H21-I21)/D21) -> 0.99 | L21: =9 -> 9 | M21: =IF(B21="","",(D21-G21-H21-I21-K21-L21-E21)/D21) -> 0.92 | N21: 17000 | O21: =AVERAGE(15000,15000,15000,15000,15000,15000,15000,15000,15000,15000,14800,14800,14800,14800,14800,14800) -> 14925 | P21: =IF(B21="","",O21/N21) -> 0.87794118 | Q21: 6071 | R21: 7 | S21: 490 | T21: 46086 | U21: =IF(S21="","",(T21-C21)) -> 5.1597222 | V21: =IF(B21="","",IF(U21<3,(Q21-R21)/Q21,(Q21-R21-S21)/Q21)) -> 0.9181354 | W21: =IF(B21="","",V21*P21*J21) -> 0.79800818 | X21: =IF(B21="","",V21*P21*M21) -> 0.74158336
A22: Starmalt to Carib Amber | B22: 46081.344 | C22: 46081.942 | D22: =IF(B22="","",(C22-B22)*24*60) -> 861 | E22: 45 | F22: 50 | G22: =IF(E22="","",F22-E22) -> 5 | H22: =5+29+6+20+6+5+5+6+5+5+5+5+7+7+8+7+6+30+12+7+8+8+6+8+7+5+6+15+6+6+7+5+5+6 -> 284 | I22: =3+4+2+4+4+3+3+2+1+1+3+3+1+3+2+4+2+4+4+4+4+4+3+3+3+2+4+2+4+3+4+2+2+4+4+2+2+3+1+4+2+3+3+3+3+2+4+3+3+2+4+1+1+3+1+2+1+2+2+1+2+2+2+3+4+3+4+2+2+2 -> 189 | J22: =IF(B22="","",(D22-G22-H22-I22)/D22) -> 0.44483159 | K22: 0 | L22: =7+5 -> 12 | M22: =IF(B22="","",(D22-G22-H22-I22-K22-L22-E22)/D22) -> 0.3786295 | N22: 17000 | O22: =AVERAGE(15000,15000,15000,15000,15000,15000,15000,14500,15000,15000,15000,15000,15000,15000) -> 14964.286 | P22: =IF(B22="","",O22/N22) -> 0.8802521 | Q22: 3938 | R22: 2 | U22: =IF(S22="","",(T22-C22)) | V22: =IF(B22="","",IF(U22<3,(Q22-R22)/Q22,(Q22-R22-S22)/Q22)) -> 0.99949213 | W22: =IF(B22="","",V22*P22*J22) -> 0.39136508 | X22: =IF(B22="","",V22*P22*M22) -> 0.33312014
D23: =IF(B23="","",(C23-B23)*24*60) | G23: =IF(E23="","",F23-E23) | J23: =IF(B23="","",(D23-G23-H23-I23)/D23) | M23: =IF(B23="","",(D23-G23-H23-I23-K23-L23-E23)/D23) | P23: =IF(B23="","",O23/N23) | U23: =IF(S23="","",(T23-C23)) | V23: =IF(B23="","",IF(U23<3,(Q23-R23)/Q23,(Q23-R23-S23)/Q23)) | W23: =IF(B23="","",V23*P23*J23) | X23: =IF(B23="","",V23*P23*M23)
D24: =IF(B24="","",(C24-B24)*24*60) | G24: =IF(E24="","",F24-E24) | J24: =IF(B24="","",(D24-G24-H24-I24)/D24) | M24: =IF(B24="","",(D24-G24-H24-I24-K24-L24-E24)/D24) | P24: =IF(B24="","",O24/N24) | U24: =IF(S24="","",(T24-C24)) | V24: =IF(B24="","",IF(U24<3,(Q24-R24)/Q24,(Q24-R24-S24)/Q24)) | W24: =IF(B24="","",V24*P24*J24) | X24: =IF(B24="","",V24*P24*M24)
D25: =IF(B25="","",(C25-B25)*24*60) | G25: =IF(E25="","",F25-E25) | J25: =IF(B25="","",(D25-G25-H25-I25)/D25) | M25: =IF(B25="","",(D25-G25-H25-I25-K25-L25-E25)/D25) | P25: =IF(B25="","",O25/N25) | U25: =IF(S25="","",(T25-C25)) | V25: =IF(B25="","",IF(U25<3,(Q25-R25)/Q25,(Q25-R25-S25)/Q25)) | W25: =IF(B25="","",V25*P25*J25) | X25: =IF(B25="","",V25*P25*M25)
D26: =IF(B26="","",(C26-B26)*24*60) | G26: =IF(E26="","",F26-E26) | J26: =IF(B26="","",(D26-G26-H26-I26)/D26) | M26: =IF(B26="","",(D26-G26-H26-I26-K26-L26-E26)/D26) | P26: =IF(B26="","",O26/N26) | U26: =IF(S26="","",(T26-C26)) | V26: =IF(B26="","",IF(U26<3,(Q26-R26)/Q26,(Q26-R26-S26)/Q26)) | W26: =IF(B26="","",V26*P26*J26) | X26: =IF(B26="","",V26*P26*M26)
D27: =IF(B27="","",(C27-B27)*24*60) | G27: =IF(E27="","",F27-E27) | J27: =IF(B27="","",(D27-G27-H27-I27)/D27) | M27: =IF(B27="","",(D27-G27-H27-I27-K27-L27-E27)/D27) | P27: =IF(B27="","",O27/N27) | U27: =IF(S27="","",(T27-C27)) | V27: =IF(B27="","",IF(U27<3,(Q27-R27)/Q27,(Q27-R27-S27)/Q27)) | W27: =IF(B27="","",V27*P27*J27) | X27: =IF(B27="","",V27*P27*M27)
D28: =IF(B28="","",(C28-B28)*24*60) | G28: =IF(E28="","",F28-E28) | J28: =IF(B28="","",(D28-G28-H28-I28)/D28) | M28: =IF(B28="","",(D28-G28-H28-I28-K28-L28-E28)/D28) | P28: =IF(B28="","",O28/N28) | U28: =IF(S28="","",(T28-C28)) | V28: =IF(B28="","",IF(U28<3,(Q28-R28)/Q28,(Q28-R28-S28)/Q28)) | W28: =IF(B28="","",V28*P28*J28) | X28: =IF(B28="","",V28*P28*M28)
D29: =IF(B29="","",(C29-B29)*24*60) | G29: =IF(E29="","",F29-E29) | J29: =IF(B29="","",(D29-G29-H29-I29)/D29) | M29: =IF(B29="","",(D29-G29-H29-I29-K29-L29-E29)/D29) | P29: =IF(B29="","",O29/N29) | U29: =IF(S29="","",(T29-C29)) | V29: =IF(B29="","",IF(U29<3,(Q29-R29)/Q29,(Q29-R29-S29)/Q29)) | W29: =IF(B29="","",V29*P29*J29) | X29: =IF(B29="","",V29*P29*M29)
D30: =IF(B30="","",(C30-B30)*24*60) | G30: =IF(E30="","",F30-E30) | J30: =IF(B30="","",(D30-G30-H30-I30)/D30) | M30: =IF(B30="","",(D30-G30-H30-I30-K30-L30-E30)/D30) | P30: =IF(B30="","",O30/N30) | U30: =IF(S30="","",(T30-C30)) | V30: =IF(B30="","",IF(U30<3,(Q30-R30)/Q30,(Q30-R30-S30)/Q30)) | W30: =IF(B30="","",V30*P30*J30) | X30: =IF(B30="","",V30*P30*M30)
D31: =IF(B31="","",(C31-B31)*24*60) | G31: =IF(E31="","",F31-E31) | J31: =IF(B31="","",(D31-G31-H31-I31)/D31) | M31: =IF(B31="","",(D31-G31-H31-I31-K31-L31-E31)/D31) | P31: =IF(B31="","",O31/N31) | U31: =IF(S31="","",(T31-C31)) | V31: =IF(B31="","",IF(U31<3,(Q31-R31)/Q31,(Q31-R31-S31)/Q31)) | W31: =IF(B31="","",V31*P31*J31) | X31: =IF(B31="","",V31*P31*M31)
D32: =IF(B32="","",(C32-B32)*24*60) | G32: =IF(E32="","",F32-E32) | J32: =IF(B32="","",(D32-G32-H32-I32)/D32) | M32: =IF(B32="","",(D32-G32-H32-I32-K32-L32-E32)/D32) | P32: =IF(B32="","",O32/N32) | U32: =IF(S32="","",(T32-C32)) | V32: =IF(B32="","",IF(U32<3,(Q32-R32)/Q32,(Q32-R32-S32)/Q32)) | W32: =IF(B32="","",V32*P32*J32) | X32: =IF(B32="","",V32*P32*M32)
D33: =IF(B33="","",(C33-B33)*24*60) | G33: =IF(E33="","",F33-E33) | J33: =IF(B33="","",(D33-G33-H33-I33)/D33) | M33: =IF(B33="","",(D33-G33-H33-I33-K33-L33-E33)/D33) | P33: =IF(B33="","",O33/N33) | U33: =IF(S33="","",(T33-C33)) | V33: =IF(B33="","",IF(U33<3,(Q33-R33)/Q33,(Q33-R33-S33)/Q33)) | W33: =IF(B33="","",V33*P33*J33) | X33: =IF(B33="","",V33*P33*M33)
D34: =IF(B34="","",(C34-B34)*24*60) | G34: =IF(E34="","",F34-E34) | J34: =IF(B34="","",(D34-G34-H34-I34)/D34) | M34: =IF(B34="","",(D34-G34-H34-I34-K34-L34-E34)/D34) | P34: =IF(B34="","",O34/N34) | U34: =IF(S34="","",(T34-C34)) | V34: =IF(B34="","",IF(U34<3,(Q34-R34)/Q34,(Q34-R34-S34)/Q34)) | W34: =IF(B34="","",V34*P34*J34) | X34: =IF(B34="","",V34*P34*M34)
... D36: =IF(B36="","",(C36-B36)*24*60) | G36: =IF(E36="","",F36-E36) | J36: =IF(B36="","",(D36-G36-H36-I36)/D36) | M36: =IF(B36="","",(D36-G36-H36-I36-K36-L36-E36)/D36) | P36: =IF(B36="","",O36/N36) | U36: =IF(S36="","",(T36-C36)) | V36: =IF(B36="","",IF(U36<3,(Q36-R36)/Q36,(Q36-R36-S36)/Q36)) | W36: =IF(B36="","",V36*P36*J36) | X36: =IF(B36="","",V36*P36*M36)
D37: =IF(B37="","",(C37-B37)*24*60) | G37: =IF(E37="","",F37-E37) | J37: =IF(B37="","",(D37-G37-H37-I37)/D37) | M37: =IF(B37="","",(D37-G37-H37-I37-K37-L37-E37)/D37) | P37: =IF(B37="","",O37/N37) | V37: =IF(B37="","",IF(U37<3,(Q37-R37)/Q37,(Q37-R37-S37)/Q37)) | W37: =IF(B37="","",V37*P37*J37) | X37: =IF(B37="","",V37*P37*M37)
B38: Total | D38: =SUM(D3:D37) -> 24259 | E38: =SUM(E3:E37) -> 700 | F38: =SUM(F3:F37) -> 1027 | G38: =SUM(G3:G37) -> 327 | H38: =SUM(H2:H37) -> 5352 | I38: =SUM(I3:I37) -> 1566 | J38: =(D38-G38-H38-I38)/D38 -> 0.70134795 | K38: =SUM(K3:K37) -> 15 | L38: =SUM(L3:L37) -> 2107 | M38: =(D38-G38-H38-I38-E38-K38-L38)/D38 -> 0.58501999 | N38: =AVERAGE(N3:N37) -> 17000 | O38: =AVERAGE(O3:O37) -> 14704.378 | P38: =O38/N38 -> 0.8649634 | Q38: =SUM(Q3:Q35) -> 101535 | V38: =AVERAGE(V3:V37) -> 0.98863704 | W38: 0.605 | X38: =V38*P38*M38 -> 0.50027099
D46: Real | E46: Opportunity
C47: OEE | D47: =W38 -> 0.605 | E47: =100%-D47 -> 0.395
C48: OEE Utilization | D48: =X38 -> 0.50027099 | E48: =100%-D48 -> 0.49972901
C49: Availability (for OEE) | D49: =J38 -> 0.70134795 | E49: =100%-D49 -> 0.29865205
C50: Availability (for OEE Utilization) | D50: =M38 -> 0.58501999 | E50: =100%-D50 -> 0.41498001
C51: Performance | D51: =P38 -> 0.8649634 | E51: =100%-D51 -> 0.1350366
C52: =V2 -> Quality | D52: =V38 -> 0.98863704 | E52: =100%-D52 -> 0.011362957

Sheet March 2026 (w Utilization
C1: OEE Calculation | G1: CARIB BREWERY
A2: SKU | B2: Start Time dd/mm/yyyy h:mm | C2: End Time dd/mm/yyyy h:mm (when production actually ends) | D2: Available time /mins | E2: Changeover Standard time /mins | F2: Actual Changeover /mins | G2: Changeover Deviation /mins | H2: Total Breakdowns /mins | I2: Total Minor Stops /mins | J2: Availability (for OEE) | K2: Planned Downtime /mins | L2: External Downtime /mins | M2: Availability (for OEE Utilization) | N2: Nominal Speed | O2: Actual (Average) Speed | P2: Performance | Q2: Total Products Produced /Cases | R2: Low Fill /Cases | S2: Embargo /cases | T2: Embargo release date | U2: Embargo Residence time /days | V2: Quality | W2: OEE | X2: OEE Utilization
A3: Carib Amber to Stag | B3: 46083.053 | C3: 46084 | D3: =IF(B3="","",(C3-B3)*24*60) -> 1364 | E3: 10 | F3: 9 | G3: =IF(E3="","",F3-E3) -> -1 | H3: =7+14+8+6+7+15+7+37+11+21+13+10+26+9+14+5+5+8+8+6 -> 237 | I3: =4+2+2+4+2+2+3+1+2+2+3+3+4+3+4+2+4+2+4+3+3+1+3+2+3+4+4+3+4+3+4+4+2+2+4+2+3+3+4+2+2+4+3+4+2+3+4+4+2+1+2 -> 147 | J3: =IF(B3="","",(D3-G3-H3-I3)/D3) -> 0.71920821 | K3: 0 | L3: =5+7 -> 12 | M3: =IF(B3="","",(D3-G3-H3-I3-K3-L3-E3)/D3) -> 0.70307918 | N3: 17000 | O3: =AVERAGE(14000,14000,14000,14500,15000,14000,14000,14000,14000,15000,14000,14000,14000,14000,14000,14000,15000,15000,15000,15000,15000) -> 14357.143 | P3: =IF(B3="","",O3/N3) -> 0.84453782 | Q3: 6587 | R3: 9 | U3: =IF(S3="","",(T3-C3)) | V3: =IF(B3="","",IF(U3<3,(Q3-R3)/Q3,(Q3-R3-S3)/Q3)) -> 0.99863367 | W3: =IF(B3="","",V3*P3*J3) -> 0.60656863 | X3: =IF(B3="","",V3*P3*M3) -> 0.59296566
A4: Stag | B4: 46084.003 | C4: 46085 | D4: =IF(B4="","",(C4-B4)*24*60) -> 1435 | E4: 0 | F4: 0 | G4: =IF(E4="","",F4-E4) -> 0 | H4: =15+12+6+5+5+10+5+11+5+14+12+15+23+60+18+11+7+14+7+8+6+18 -> 287 | I4: =2+2+2+3+4+2+3+3+3+1+2+2+2+2+4+2+4+2+2+4+4+2+4+3+3+2+2+1+3+2+3+4+3+3+4+3+3+4+2+1+4+2+2+2+3+4+1+3+2+1+1+2+4+2+3+4+3+4 -> 154 | J4: =IF(B4="","",(D4-G4-H4-I4)/D4) -> 0.69268293 | K4: 0 | L4: =4+3+2+6+24+7+14 -> 60 | M4: =IF(B4="","",(D4-G4-H4-I4-K4-L4-E4)/D4) -> 0.65087108 | N4: 17000 | O4: =AVERAGE(15000,1480,14800,14800,14800,14800) -> 12613.333 | P4: =IF(B4="","",O4/N4) -> 0.74196078 | Q4: 6137 | R4: 15 | U4: =IF(S4="","",(T4-C4)) | V4: =IF(B4="","",IF(U4<3,(Q4-R4)/Q4,(Q4-R4-S4)/Q4)) -> 0.99755581 | W4: =IF(B4="","",V4*P4*J4) -> 0.51268739 | X4: =IF(B4="","",V4*P4*M4) -> 0.48174047
A5: Stag to Carib Amber | B5: 46085.014 | C5: 46086 | D5: =IF(B5="","",(C5-B5)*24*60) -> 1420 | E5: 10 | F5: 9 | G5: =IF(E5="","",F5-E5) -> -1 | H5: =20+23+5+5+5+6+5+15+7+8+10+14+45+5+9+9+60+6+6+6+10 -> 279 | I5: =2+2+2+2+4+3+2+4+2+4+1+2+4+2+1+2+2+2+2+1+3+2+2+2+3+1+3+3+2+4+2+2+4+4+2+3+2+2+2+1+3+4+1+2+2+4+4 -> 115 | J5: =IF(B5="","",(D5-G5-H5-I5)/D5) -> 0.72323944 | K5: 0 | L5: =6+4+4+10+2+5+45+15 -> 91 | M5: =IF(B5="","",(D5-G5-H5-I5-K5-L5-E5)/D5) -> 0.65211268 | N5: 17000 | O5: =AVERAGE(13000,14500,15000,15000,14000,14000,14000,14000,14000,13500,14000,13500,14000,14000,14000,14000,14000) -> 14029.412 | P5: =IF(B5="","",O5/N5) -> 0.82525952 | Q5: 6354 | R5: 4 | S5: 140 | U5: =IF(S5="","",(T5-C5)) -> -46086 | V5: =IF(B5="","",IF(U5<3,(Q5-R5)/Q5,(Q5-R5-S5)/Q5)) -> 0.99937048 | W5: =IF(B5="","",V5*P5*J5) -> 0.59648449 | X5: =IF(B5="","",V5*P5*M5) -> 0.5378234
A6: Carib Amber to Vitamalt Classic | B6: 46086.003 | C6: 46087 | D6: =IF(B6="","",(C6-B6)*24*60) -> 1435 | E6: 100 | F6: 81 | G6: =IF(E6="","",F6-E6) -> -19 | H6: =5+40+47+60+60+27+30+52+5+5+6+10+8+17+6+6+9+6+5+5+5+6+5+8+26+5+6+5+43 -> 518 | I6: =2+2+4+2+4+3+3+3+4+2+4+1+2+3+3+4+3+3+2+3+2+1+1+4+4+3+3+2+3+4+4+3+3 -> 94 | J6: =IF(B6="","",(D6-G6-H6-I6)/D6) -> 0.58675958 | K6: 0 | L6: =3+10+2+3+3 -> 21 | M6: =IF(B6="","",(D6-G6-H6-I6-K6-L6-E6)/D6) -> 0.50243902 | N6: 17000 | O6: =AVERAGE(13500,13500,15000,15000,15000,13000,13000,13000,14000,14000,14000,14000,14000,14000,14000,14000,14000) -> 13941.176 | P6: =IF(B6="","",O6/N6) -> 0.8200692 | Q6: 3969 | R6: 17 | U6: =IF(S6="","",(T6-C6)) | V6: =IF(B6="","",IF(U6<3,(Q6-R6)/Q6,(Q6-R6-S6)/Q6)) -> 0.99571681 | W6: =IF(B6="","",V6*P6*J6) -> 0.47912246 | X6: =IF(B6="","",V6*P6*M6) -> 0.41026995
A7: Vitamalt Classic to Vitamalt Ginger to Guinness | B7: 46087 | C7: 46087.824 | D7: =IF(B7="","",(C7-B7)*24*60) -> 1187 | E7: =10+100 -> 110 | F7: 129 | G7: =IF(E7="","",F7-E7) -> 19 | H7: =45+60+37+5+6+5+6+5+12+6+15+20 -> 222 | I7: =2+4+2+4+2+2+4+3+2+4+1+3+2+1+2+1+2+3+4+2+1+3+2+2+3+3+2+3+3+4+4+3+3+3+2+2+4+3 -> 100 | J7: =IF(B7="","",(D7-G7-H7-I7)/D7) -> 0.71272115 | K7: 0 | L7: =7 -> 7 | M7: =IF(B7="","",(D7-G7-H7-I7-K7-L7-E7)/D7) -> 0.61415333 | N7: 17000 | O7: =AVERAGE(13000,14000,14000,14000,13000,13000,13000,12500,13500,13500,13500) -> 13363.636 | P7: =IF(B7="","",O7/N7) -> 0.78609626 | Q7: 4509 | R7: 6 | U7: =IF(S7="","",(T7-C7)) | V7: =IF(B7="","",IF(U7<3,(Q7-R7)/Q7,(Q7-R7-S7)/Q7)) -> 0.99866933 | W7: =IF(B7="","",V7*P7*J7) -> 0.55952189 | X7: =IF(B7="","",V7*P7*M7) -> 0.48214121
A8: Carib Amber | B8: 46089.444 | C8: 46090 | D8: =IF(B8="","",(C8-B8)*24*60) -> 800 | E8: 0 | F8: 0 | G8: =IF(E8="","",F8-E8) -> 0 | H8: =5+5+12+38+9+5+6+13+6+10+6+6+23+5+5+6 -> 160 | I8: =4+3+4+3+3+1+3+4+2+4+3+2+3+1+2+2+3+2+3+3+1+2+2+3+4+2+1+2+2+3 -> 77 | J8: =IF(B8="","",(D8-G8-H8-I8)/D8) -> 0.70375 | K8: 0 | L8: =4+3 -> 7 | M8: =IF(B8="","",(D8-G8-H8-I8-K8-L8-E8)/D8) -> 0.695 | N8: 17000 | O8: =AVERAGE(13000,14000,14000,14000,13000,13000,13000,12500,13500,13500,13500) -> 13363.636 | P8: =IF(B8="","",O8/N8) -> 0.78609626 | Q8: 3630 | R8: 8 | U8: =IF(S8="","",(T8-C8)) | V8: =IF(B8="","",IF(U8<3,(Q8-R8)/Q8,(Q8-R8-S8)/Q8)) -> 0.99779614 | W8: =IF(B8="","",V8*P8*J8) -> 0.55199603 | X8: =IF(B8="","",V8*P8*M8) -> 0.54513285
A9: Carib Amber | B9: 46090.008 | C9: 46091 | D9: =IF(B9="","",(C9-B9)*24*60) -> 1429 | E9: 0 | F9: 0 | G9: =IF(E9="","",F9-E9) -> 0 | H9: =20+8+8+5+5+5+10+6+5+6+5+5+24+30+5 -> 147 | I9: =4+2+1+3+4+1+2+2+2+1+3+2+1+2+1+3+4+4+3+3+3+2+3+1+3+1+2+2+3+1+3+4+3+3+3+2+2+2+1+3+1+1 -> 97 | J9: =IF(B9="","",(D9-G9-H9-I9)/D9) -> 0.82925122 | K9: 0 | L9: =31+60+60+10+60+60+27+60+30+30 -> 428 | M9: =IF(B9="","",(D9-G9-H9-I9-K9-L9-E9)/D9) -> 0.52974108 | N9: 17000 | O9: =AVERAGE(14000,14500,14500,14500,14500,14500,15000,15000) -> 14562.5 | P9: =IF(B9="","",O9/N9) -> 0.85661765 | Q9: 5423 | R9: 5 | U9: =IF(S9="","",(T9-C9)) | V9: =IF(B9="","",IF(U9<3,(Q9-R9)/Q9,(Q9-R9-S9)/Q9)) -> 0.999078 | W9: =IF(B9="","",V9*P9*J9) -> 0.70969629 | X9: =IF(B9="","",V9*P9*M9) -> 0.45336717
A10: Carib Amber to Caribe Pearsecco | B10: 46091.008 | C10: 46092 | D10: =IF(B10="","",(C10-B10)*24*60) -> 1429 | E10: 60 | F10: 80 | G10: =IF(E10="","",F10-E10) -> 20 | H10: =12+40+5+6+5+6+7+5+7+5+6+12+5+31+9+5+5+22 -> 193 | I10: =2+1+3+3+3+3+3+4+3+4+3+2+3+3+4+2+2+3+1+2+1+3+2+2+3+2+2+4+1+4+2+3+1+1+3+3+4+4+2+1+2 -> 104 | J10: =IF(B10="","",(D10-G10-H10-I10)/D10) -> 0.77816655 | K10: 10 | L10: =3+4+4+4+6+3+3+4+4+6+3+34+2+2+2 -> 84 | M10: =IF(B10="","",(D10-G10-H10-I10-K10-L10-E10)/D10) -> 0.67039888 | N10: 17000 | O10: =AVERAGE(14000,14500,16400,15000,15000,15000,15000,15000,15000,15000,14000,14000,14000,14000,14000,14000,14000,14000,14000) -> 14521.053 | P10: =IF(B10="","",O10/N10) -> 0.85417957 | Q10: 6959 | R10: 22 | U10: =IF(S10="","",(T10-C10)) | V10: =IF(B10="","",IF(U10<3,(Q10-R10)/Q10,(Q10-R10-S10)/Q10)) -> 0.99683863 | W10: =IF(B10="","",V10*P10*J10) -> 0.66259262 | X10: =IF(B10="","",V10*P10*M10) -> 0.57083069
A11: Caribe Pearsecco to Caribe Rose to Stag | B11: 46092.01 | C11: 46093 | D11: =IF(B11="","",(C11-B11)*24*60) -> 1425 | E11: =45+60 -> 105 | F11: 90 | G11: =IF(E11="","",F11-E11) -> -15 | H11: =8+42+17+5+5+6+30+45+10+5+10+50+25+8+13+8+10+10+5+5 -> 317 | I11: =1+4+4+2+4+2+3+4+4+3+4+3+4+2+2+1+1+2+2+2+2+4 +2+3+3+2+4+4 -> 78 | J11: =IF(B11="","",(D11-G11-H11-I11)/D11) -> 0.73333333 | K11: 0 | L11: =6+8+18+10+1 -> 43 | M11: =IF(B11="","",(D11-G11-H11-I11-K11-L11-E11)/D11) -> 0.62947368 | N11: 17000 | O11: =AVERAGE(14000,14000,14000,14000,14000,14000,14000,16000,15400,15400,15400,15000,15000,15000) -> 14657.143 | P11: =IF(B11="","",O11/N11) -> 0.86218487 | Q11: 6315 | R11: 11 | S11: 70 | T11: 46097.736 | U11: =IF(S11="","",(T11-C11)) -> 4.7361111 | V11: =IF(B11="","",IF(U11<3,(Q11-R11)/Q11,(Q11-R11-S11)/Q11)) -> 0.9871734 | W11: =IF(B11="","",V11*P11*J11) -> 0.62415905 | X11: =IF(B11="","",V11*P11*M11) -> 0.5357614
A12: Stag to Starmalt | B12: 46093.008 | C12: 46094 | D12: =IF(B12="","",(C12-B12)*24*60) -> 1428 | E12: 45 | F12: 32 | G12: =IF(E12="","",F12-E12) -> -13 | H12: =5+8+6+6+5+5+5+7+9+5+13+60+5+5+7+5+11+8+12+6+5+7+6+5 -> 216 | I12: =1+3+3+1+2+2+2+2+2+2+1+1+1+1+4+2+4+4+2+2+1+4+3+2+2+3+4+4+3+3+2+1+1+3+2+4+2+2+4 -> 92 | J12: =IF(B12="","",(D12-G12-H12-I12)/D12) -> 0.79341737 | K12: =27+60+60+60+30 -> 237 | L12: =5+7+8 -> 20 | M12: =IF(B12="","",(D12-G12-H12-I12-K12-L12-E12)/D12) -> 0.58193277 | N12: 17000 | O12: =AVERAGE(13500,13500,13000,1270,12500,14500,14500,14000,14000,13500,13000,13000,14000,14200,14400,14000,14000,14000,14000,14000,14000,14000) -> 13221.364 | P12: =IF(B12="","",O12/N12) -> 0.77772727 | Q12: 7804 | R12: 12 | S12: =350+44 -> 394 | T12: 46104 | U12: =IF(S12="","",(T12-C12)) -> 10 | V12: =IF(B12="","",IF(U12<3,(Q12-R12)/Q12,(Q12-R12-S12)/Q12)) -> 0.9479754 | W12: =IF(B12="","",V12*P12*J12) -> 0.5849599 | X12: =IF(B12="","",V12*P12*M12) -> 0.42903943
A13: Starmalt to Guinness | B13: 46094.007 | C13: 46094.833 | D13: =IF(B13="","",(C13-B13)*24*60) -> 1190 | E13: 45 | F13: 43 | G13: =IF(E13="","",F13-E13) -> -2 | H13: =20+9+5+5+23+60+30+5+32+8+5+6 -> 208 | I13: =4+2+2+1+4+3+2+3+2+2+2+2+3+2+3+2+2+1+2+3+2+2+4+3+2+4+4+2+4+2+2+2+2+2+3+2+1+4+3 -> 97 | J13: =IF(B13="","",(D13-G13-H13-I13)/D13) -> 0.74537815 | K13: 0 | L13: =10+17+120+45 -> 192 | M13: =IF(B13="","",(D13-G13-H13-I13-K13-L13-E13)/D13) -> 0.54621849 | N13: 17000 | O13: =AVERAGE(12500,12500,13500,15000,14000,14000,14000,14000,14000,14000,14000,14000,14000) -> 13807.692 | P13: =IF(B13="","",O13/N13) -> 0.81221719 | Q13: 4694 | R13: 12 | S13: =840+14 -> 854 | T13: 46113.958 | U13: =IF(S13="","",(T13-C13)) -> 19.125 | V13: =IF(B13="","",IF(U13<3,(Q13-R13)/Q13,(Q13-R13-S13)/Q13)) -> 0.81550916 | W13: =IF(B13="","",V13*P13*J13) -> 0.49371655 | X13: =IF(B13="","",V13*P13*M13) -> 0.36179905
A14: Guinness | B14: 46097.056 | C14: 46097.425 | D14: =IF(B14="","",(C14-B14)*24*60) -> 532 | E14: 0 | F14: 0 | G14: =IF(E14="","",F14-E14) -> 0 | H14: =5+7 -> 12 | I14: =1+1+2+3+3+2+3+3 -> 18 | J14: =IF(B14="","",(D14-G14-H14-I14)/D14) -> 0.94360902 | K14: 0 | L14: =45+60+60+43+4+4+5+7+3 -> 231 | M14: =IF(B14="","",(D14-G14-H14-I14-K14-L14-E14)/D14) -> 0.5093985 | N14: 17000 | O14: =AVERAGE(15000,12500,14000,15000,15000) -> 14300 | P14: =IF(B14="","",O14/N14) -> 0.84117647 | Q14: 1735 | R14: 6 | U14: =IF(S14="","",(T14-C14)) | V14: =IF(B14="","",IF(U14<3,(Q14-R14)/Q14,(Q14-R14-S14)/Q14)) -> 0.99654179 | W14: =IF(B14="","",V14*P14*J14) -> 0.79099678 | X14: =IF(B14="","",V14*P14*M14) -> 0.42701221
A15: Guinness to Carib Amber | B15: 46099.333 | C15: 46100 | D15: =IF(B15="","",(C15-B15)*24*60) -> 960 | E15: 60 | F15: 66 | G15: =IF(E15="","",F15-E15) -> 6 | H15: =5+5+23+8+8+5+7+5+6+9+8 -> 89 | I15: =4+4+3+4+4+3+2+3+3+2+3+2+3+3+4+2+4+4+2+3+3+1+4+4+2 -> 76 | J15: =IF(B15="","",(D15-G15-H15-I15)/D15) -> 0.821875 | K15: 0 | L15: =15+7+9+4 -> 35 | M15: =IF(B15="","",(D15-G15-H15-I15-K15-L15-E15)/D15) -> 0.72291667 | N15: 17000 | O15: =AVERAGE(15000,15000,15000,15000,15000,15000,15000,15000,15000,15000,15000,15000,15000,15000,15000,15000) -> 15000 | P15: =IF(B15="","",O15/N15) -> 0.88235294 | Q15: 5524 | R15: 10 | U15: =IF(S15="","",(T15-C15)) | V15: =IF(B15="","",IF(U15<3,(Q15-R15)/Q15,(Q15-R15-S15)/Q15)) -> 0.99818972 | W15: =IF(B15="","",V15*P15*J15) -> 0.72387104 | X15: =IF(B15="","",V15*P15*M15) -> 0.63671293
A16: Carib Amber to Flint Local to Carib Amber | B16: 46100.007 | C16: 46101 | D16: =IF(B16="","",(C16-B16)*24*60) -> 1430 | E16: =30+30 -> 60 | F16: 14 | G16: =IF(E16="","",F16-E16) -> -46 | H16: =6+7+8+5+6+6+5 -> 43 | I16: =1+3+2+2+2+2+3+2+2+4+2+2+2+2+2+2+2+4+2+1+1+2+3+3+3+4+2+4+2+2+1+2+4+2+2+4+2+4+4+1+3+3+4+2+2+1 -> 111 | J16: =IF(B16="","",(D16-G16-H16-I16)/D16) -> 0.92447552 | K16: 0 | L16: =3+2+33+5+3+2+4+10+2 -> 64 | M16: =IF(B16="","",(D16-G16-H16-I16-K16-L16-E16)/D16) -> 0.83776224 | N16: 17000 | O16: =AVERAGE(15000,15000,15000,15000,15000,15000,15000,15000,15000,15000,15000,15000,15000,15000,15000,15000,15000,15000,15000,15000,15000,15000,15000) -> 15000 | P16: =IF(B16="","",O16/N16) -> 0.88235294 | Q16: 11008 | R16: 12 | U16: =IF(S16="","",(T16-C16)) | V16: =IF(B16="","",IF(U16<3,(Q16-R16)/Q16,(Q16-R16-S16)/Q16)) -> 0.99890988 | W16: =IF(B16="","",V16*P16*J16) -> 0.81482448 | X16: =IF(B16="","",V16*P16*M16) -> 0.73839616
A17: Carib Amber to Stag | B17: 46101.007 | C17: 46101.847 | D17: =IF(B17="","",(C17-B17)*24*60) -> 1209 | E17: 10 | F17: 17 | G17: =IF(E17="","",F17-E17) -> 7 | H17: =9+7+9+8+15+11+7+5+5+6+12 -> 94 | I17: =2+2+1+2+3+2+3+4+1+4+4+2+2+2+4+3+3+4+4+3+3+3+2+1+2+4+3+3+4+4 -> 84 | J17: =IF(B17="","",(D17-G17-H17-I17)/D17) -> 0.84698098 | K17: 0 | L17: =7+2+2+2+12+3+13+2+12+4+3+3+2+4+4+4+2+18+7+6 -> 112 | M17: =IF(B17="","",(D17-G17-H17-I17-K17-L17-E17)/D17) -> 0.74607113 | N17: 17000 | O17: =AVERAGE(15000,15000,15000,15000,15000,15000,15000,15000,15000,13000,13000,15500,15000,15000,15000,15000,15000,15000) -> 14805.556 | P17: =IF(B17="","",O17/N17) -> 0.87091503 | Q17: 7390 | R17: 18 | S17: 398 | T17: 46134 | U17: =IF(S17="","",(T17-C17)) -> 32.153472 | V17: =IF(B17="","",IF(U17<3,(Q17-R17)/Q17,(Q17-R17-S17)/Q17)) -> 0.94370771 | W17: =IF(B17="","",V17*P17*J17) -> 0.69612455 | X17: =IF(B17="","",V17*P17*M17) -> 0.61318783
A18: Stag to Carib Amber to Carib Flint | B18: 46104.073 | C18: 46104.992 | D18: =IF(B18="","",(C18-B18)*24*60) -> 1323 | E18: =10+30 -> 40 | F18: 28 | G18: =IF(E18="","",F18-E18) -> -12 | H18: =7+5+6+5+12+5+8+6 -> 54 | I18: =3+3+2+2+4+3+4+2+1+2+3+3+2+2+2+1+2+2+2+1+1+2+1+2+2+2+2+1+2+2+1+4+4+2+2+3+2 -> 81 | J18: =IF(B18="","",(D18-G18-H18-I18)/D18) -> 0.90702948 | K18: 0 | L18: =3+2+2+5+4+4+2+1+4+3+3+2+1+5+4 -> 45 | M18: =IF(B18="","",(D18-G18-H18-I18-K18-L18-E18)/D18) -> 0.84278156 | N18: 17000 | O18: =AVERAGE(15000,15000,15000,15000,15000,15000,15000,15000,15000,15000,15000,15000,15000,15000,15000,15000,15000,15500,15500) -> 15052.632 | P18: =IF(B18="","",O18/N18) -> 0.88544892 | Q18: 9289 | R18: 30 | U18: =IF(S18="","",(T18-C18)) | V18: =IF(B18="","",IF(U18<3,(Q18-R18)/Q18,(Q18-R18-S18)/Q18)) -> 0.99677037 | W18: =IF(B18="","",V18*P18*J18) -> 0.80053446 | X18: =IF(B18="","",V18*P18*M18) -> 0.74382994
A19: Shandy Ginger Export to Shandy Ginger Local to Starmalt | B19: 46105.088 | C19: 46106 | D19: =IF(B19="","",(C19-B19)*24*60) -> 1314 | E19: =30+45 -> 75 | F19: 66 | G19: =IF(E19="","",F19-E19) -> -9 | H19: =6+30+30+15+60+60+22+6+30+60+60+22+16+7+6+10 -> 440 | I19: =4+3+3+4+1+2+3+3+2+3+2+2+2+3+3+2+1+2+3+2+3+2+2+3+2+2+2+4+2+3 -> 75 | J19: =IF(B19="","",(D19-G19-H19-I19)/D19) -> 0.61491629 | K19: =10+19 -> 29 | L19: =3+4+5+8 -> 20 | M19: =IF(B19="","",(D19-G19-H19-I19-K19-L19-E19)/D19) -> 0.52054795 | N19: 17000 | O19: =AVERAGE(15000,15000,15000,15000,15000,15000,15000,15000,15000,15000) -> 15000 | P19: =IF(B19="","",O19/N19) -> 0.88235294 | Q19: 5939 | R19: 16 | U19: =IF(S19="","",(T19-C19)) | V19: =IF(B19="","",IF(U19<3,(Q19-R19)/Q19,(Q19-R19-S19)/Q19)) -> 0.99730594 | W19: =IF(B19="","",V19*P19*J19) -> 0.54111147 | X19: =IF(B19="","",V19*P19*M19) -> 0.45806961
A20: Starmalt to Club Soda to Kola Champagne to Cream Soda | B20: 46106.002 | C20: 46107 | D20: =IF(B20="","",(C20-B20)*24*60) -> 1437 | E20: =120+20+20 -> 160 | F20: 189 | G20: =IF(E20="","",F20-E20) -> 29 | H20: =5+7+7+5+7+6+6+60+20+5+13+60+8+22+60+8+23+23+20+50+52+38+11 -> 516 | I20: =3+4+4+3+1+4+2+4+2+2+3+4+1+1+3+4+3+3+2+2+2+1+3+4+2+2 -> 69 | J20: =IF(B20="","",(D20-G20-H20-I20)/D20) -> 0.57272095 | K20: 0 | L20: =3+4+3+6+4+8+4+23+7 -> 62 | M20: =IF(B20="","",(D20-G20-H20-I20-K20-L20-E20)/D20) -> 0.41823243 | N20: 17000 | O20: =AVERAGE(14000,14000,14000,14000,14000,14000,14000,14000,15000,16000,16000,16000,16000,16000,16000,16000) -> 14937.5 | P20: =IF(B20="","",O20/N20) -> 0.87867647 | Q20: 4936 | R20: 23 | U20: =IF(S20="","",(T20-C20)) | V20: =IF(B20="","",IF(U20<3,(Q20-R20)/Q20,(Q20-R20-S20)/Q20)) -> 0.99534036 | W20: =IF(B20="","",V20*P20*J20) -> 0.50089152 | X20: =IF(B20="","",V20*P20*M20) -> 0.36577862
A21: Banana to Ginger to Grape to Sorrel | B21: 46107.118 | C21: 46108 | D21: =IF(B21="","",(C21-B21)*24*60) -> 1270 | E21: =20+20+20 -> 60 | F21: 211 | G21: =IF(E21="","",F21-E21) -> 151 | H21: =5+6+6+8+11+9+22+5+10 -> 82 | I21: =4+4+2+4+2+3+4+2+3+1+2+3+3+4+2+2+3+2+2+2+1+3+2+3+4+3+2 -> 72 | J21: =IF(B21="","",(D21-G21-H21-I21)/D21) -> 0.75984252 | K21: 0 | L21: =14+2+12+10+12+30+10+22+3+5 -> 120 | M21: =IF(B21="","",(D21-G21-H21-I21-K21-L21-E21)/D21) -> 0.61811024 | N21: 17000 | O21: =AVERAGE(13500,13500,13500,14000,13500,13500,13500,14000,15000,15000,15000,14000,14000,14000,14000,14000) -> 14000 | P21: =IF(B21="","",O21/N21) -> 0.82352941 | Q21: 5114 | R21: 3 | U21: =IF(S21="","",(T21-C21)) | V21: =IF(B21="","",IF(U21<3,(Q21-R21)/Q21,(Q21-R21-S21)/Q21)) -> 0.99941338 | W21: =IF(B21="","",V21*P21*J21) -> 0.62538558 | X21: =IF(B21="","",V21*P21*M21) -> 0.50873335
A22: Juicy Cool Sorrel to Stag Local | B22: 46108.003 | C22: 46108.794 | D22: =IF(B22="","",(C22-B22)*24*60) -> 1138 | E22: 100 | F22: 68 | G22: =IF(E22="","",F22-E22) -> -32 | H22: =24+18+60+54+10+5+5+5+5+30+8 -> 224 | I22: =3+3+4+3+4+4+3+3+3+3+1+1+3+1+3+1+2+2+1+2+2+3+1 -> 56 | J22: =IF(B22="","",(D22-G22-H22-I22)/D22) -> 0.78207381 | K22: 0 | L22: =11+4+3+3+3 -> 24 | M22: =IF(B22="","",(D22-G22-H22-I22-K22-L22-E22)/D22) -> 0.67311072 | N22: 17000 | O22: =AVERAGE(13500,13500,15000,15000,15000,16000,16000,16000,16000,15000,17000,15000,15000,15000) -> 15214.286 | P22: =IF(B22="","",O22/N22) -> 0.89495798 | Q22: 6026 | R22: 34 | U22: =IF(S22="","",(T22-C22)) | V22: =IF(B22="","",IF(U22<3,(Q22-R22)/Q22,(Q22-R22-S22)/Q22)) -> 0.99435778 | W22: =IF(B22="","",V22*P22*J22) -> 0.69597408 | X22: =IF(B22="","",V22*P22*M22) -> 0.59900691
A23: Carib Amber | B23: 46111.344 | C23: 46112 | D23: =IF(B23="","",(C23-B23)*24*60) -> 945 | E23: 0 | F23: 0 | G23: =IF(E23="","",F23-E23) -> 0 | H23: =5+5+6+26+7+5 -> 54 | I23: =4+2+2+2+3+2+3+3+4+1+4+4+4+1+3+3+4+1+3+2+1+3 -> 59 | J23: =IF(B23="","",(D23-G23-H23-I23)/D23) -> 0.88042328 | K23: 0 | L23: =10+3+3+3+2+5 -> 26 | M23: =IF(B23="","",(D23-G23-H23-I23-K23-L23-E23)/D23) -> 0.85291005 | N23: 17000 | O23: =AVERAGE(16000,15000,16000,16000,15000,15000,15000,15000,15000,15000,16000,16000,16000) -> 15461.538 | P23: =IF(B23="","",O23/N23) -> 0.90950226 | Q23: 6785 | R23: 19 | U23: =IF(S23="","",(T23-C23)) | V23: =IF(B23="","",IF(U23<3,(Q23-R23)/Q23,(Q23-R23-S23)/Q23)) -> 0.99719971 | W23: =IF(B23="","",V23*P23*J23) -> 0.79850464 | X23: =IF(B23="","",V23*P23*M23) -> 0.77355137
A24: Carib Amber to Flint Local to Carib Amber to Vitmalt Classic | B24: 46112.005 | C24: 46113 | D24: =IF(B24="","",(C24-B24)*24*60) -> 1433 | E24: =30+30+100 -> 160 | F24: 120 | G24: =IF(E24="","",F24-E24) -> -40 | H24: =5+9+11+15+17+5+9+5+6+8+6+9+11+5+5+5+5+6+36+24+50+10+60+23+5+8 -> 358 | I24: =1+3+3+2+3+1+2+2+4+2+4+3+2+1+4+3+1+3+3+2+4+2+1+3+3+2+2+1+2+3+2+1+1 -> 76 | J24: =IF(B24="","",(D24-G24-H24-I24)/D24) -> 0.72505234 | K24: 0 | L24: =3+11+5+4+13 -> 36 | M24: =IF(B24="","",(D24-G24-H24-I24-K24-L24-E24)/D24) -> 0.58827634 | N24: 17000 | O24: =AVERAGE(15000,15000,15000,15000,15000,15000,15000,15000,15000,15000,15000,15000,15000,15000,15000,15000,15000,15000,15000) -> 15000 | P24: =IF(B24="","",O24/N24) -> 0.88235294 | Q24: 6612 | R24: 13 | U24: =IF(S24="","",(T24-C24)) | V24: =IF(B24="","",IF(U24<3,(Q24-R24)/Q24,(Q24-R24-S24)/Q24)) -> 0.99803388 | W24: =IF(B24="","",V24*P24*J24) -> 0.63849423 | X24: =IF(B24="","",V24*P24*M24) -> 0.51804681
D25: =IF(B25="","",(C25-B25)*24*60) | G25: =IF(E25="","",F25-E25) | J25: =IF(B25="","",(D25-G25-H25-I25)/D25) | M25: =IF(B25="","",(D25-G25-H25-I25-K25-L25-E25)/D25) | P25: =IF(B25="","",O25/N25) | U25: =IF(S25="","",(T25-C25)) | V25: =IF(B25="","",IF(U25<3,(Q25-R25)/Q25,(Q25-R25-S25)/Q25)) | W25: =IF(B25="","",V25*P25*J25) | X25: =IF(B25="","",V25*P25*M25)
D26: =IF(B26="","",(C26-B26)*24*60) | G26: =IF(E26="","",F26-E26) | J26: =IF(B26="","",(D26-G26-H26-I26)/D26) | M26: =IF(B26="","",(D26-G26-H26-I26-K26-L26-E26)/D26) | P26: =IF(B26="","",O26/N26) | U26: =IF(S26="","",(T26-C26)) | V26: =IF(B26="","",IF(U26<3,(Q26-R26)/Q26,(Q26-R26-S26)/Q26)) | W26: =IF(B26="","",V26*P26*J26) | X26: =IF(B26="","",V26*P26*M26)
D27: =IF(B27="","",(C27-B27)*24*60) | G27: =IF(E27="","",F27-E27) | J27: =IF(B27="","",(D27-G27-H27-I27)/D27) | M27: =IF(B27="","",(D27-G27-H27-I27-K27-L27-E27)/D27) | P27: =IF(B27="","",O27/N27) | U27: =IF(S27="","",(T27-C27)) | V27: =IF(B27="","",IF(U27<3,(Q27-R27)/Q27,(Q27-R27-S27)/Q27)) | W27: =IF(B27="","",V27*P27*J27) | X27: =IF(B27="","",V27*P27*M27)
D28: =IF(B28="","",(C28-B28)*24*60) | G28: =IF(E28="","",F28-E28) | J28: =IF(B28="","",(D28-G28-H28-I28)/D28) | M28: =IF(B28="","",(D28-G28-H28-I28-K28-L28-E28)/D28) | P28: =IF(B28="","",O28/N28) | U28: =IF(S28="","",(T28-C28)) | V28: =IF(B28="","",IF(U28<3,(Q28-R28)/Q28,(Q28-R28-S28)/Q28)) | W28: =IF(B28="","",V28*P28*J28) | X28: =IF(B28="","",V28*P28*M28)
D29: =IF(B29="","",(C29-B29)*24*60) | G29: =IF(E29="","",F29-E29) | J29: =IF(B29="","",(D29-G29-H29-I29)/D29) | M29: =IF(B29="","",(D29-G29-H29-I29-K29-L29-E29)/D29) | P29: =IF(B29="","",O29/N29) | U29: =IF(S29="","",(T29-C29)) | V29: =IF(B29="","",IF(U29<3,(Q29-R29)/Q29,(Q29-R29-S29)/Q29)) | W29: =IF(B29="","",V29*P29*J29) | X29: =IF(B29="","",V29*P29*M29)
D30: =IF(B30="","",(C30-B30)*24*60) | G30: =IF(E30="","",F30-E30) | J30: =IF(B30="","",(D30-G30-H30-I30)/D30) | M30: =IF(B30="","",(D30-G30-H30-I30-K30-L30-E30)/D30) | P30: =IF(B30="","",O30/N30) | U30: =IF(S30="","",(T30-C30)) | V30: =IF(B30="","",IF(U30<3,(Q30-R30)/Q30,(Q30-R30-S30)/Q30)) | W30: =IF(B30="","",V30*P30*J30) | X30: =IF(B30="","",V30*P30*M30)
D31: =IF(B31="","",(C31-B31)*24*60) | G31: =IF(E31="","",F31-E31) | J31: =IF(B31="","",(D31-G31-H31-I31)/D31) | M31: =IF(B31="","",(D31-G31-H31-I31-K31-L31-E31)/D31) | P31: =IF(B31="","",O31/N31) | U31: =IF(S31="","",(T31-C31)) | V31: =IF(B31="","",IF(U31<3,(Q31-R31)/Q31,(Q31-R31-S31)/Q31)) | W31: =IF(B31="","",V31*P31*J31) | X31: =IF(B31="","",V31*P31*M31)
D32: =IF(B32="","",(C32-B32)*24*60) | G32: =IF(E32="","",F32-E32) | J32: =IF(B32="","",(D32-G32-H32-I32)/D32) | M32: =IF(B32="","",(D32-G32-H32-I32-K32-L32-E32)/D32) | P32: =IF(B32="","",O32/N32) | U32: =IF(S32="","",(T32-C32)) | V32: =IF(B32="","",IF(U32<3,(Q32-R32)/Q32,(Q32-R32-S32)/Q32)) | W32: =IF(B32="","",V32*P32*J32) | X32: =IF(B32="","",V32*P32*M32)
D33: =IF(B33="","",(C33-B33)*24*60) | G33: =IF(E33="","",F33-E33) | J33: =IF(B33="","",(D33-G33-H33-I33)/D33) | M33: =IF(B33="","",(D33-G33-H33-I33-K33-L33-E33)/D33) | P33: =IF(B33="","",O33/N33) | U33: =IF(S33="","",(T33-C33)) | V33: =IF(B33="","",IF(U33<3,(Q33-R33)/Q33,(Q33-R33-S33)/Q33)) | W33: =IF(B33="","",V33*P33*J33) | X33: =IF(B33="","",V33*P33*M33)
D34: =IF(B34="","",(C34-B34)*24*60) | G34: =IF(E34="","",F34-E34) | J34: =IF(B34="","",(D34-G34-H34-I34)/D34) | M34: =IF(B34="","",(D34-G34-H34-I34-K34-L34-E34)/D34) | P34: =IF(B34="","",O34/N34) | U34: =IF(S34="","",(T34-C34)) | V34: =IF(B34="","",IF(U34<3,(Q34-R34)/Q34,(Q34-R34-S34)/Q34)) | W34: =IF(B34="","",V34*P34*J34) | X34: =IF(B34="","",V34*P34*M34)
D35: =IF(B35="","",(C35-B35)*24*60) | G35: =IF(E35="","",F35-E35) | J35: =IF(B35="","",(D35-G35-H35-I35)/D35) | M35: =IF(B35="","",(D35-G35-H35-I35-K35-L35-E35)/D35) | P35: =IF(B35="","",O35/N35) | U35: =IF(S35="","",(T35-C35)) | V35: =IF(B35="","",IF(U35<3,(Q35-R35)/Q35,(Q35-R35-S35)/Q35)) | W35: =IF(B35="","",V35*P35*J35) | X35: =IF(B35="","",V35*P35*M35)
D36: =IF(B36="","",(C36-B36)*24*60) | G36: =IF(E36="","",F36-E36) | J36: =IF(B36="","",(D36-G36-H36-I36)/D36) | M36: =IF(B36="","",(D36-G36-H36-I36-K36-L36-E36)/D36) | P36: =IF(B36="","",O36/N36) | U36: =IF(S36="","",(T36-C36)) | V36: =IF(B36="","",IF(U36<3,(Q36-R36)/Q36,(Q36-R36-S36)/Q36)) | W36: =IF(B36="","",V36*P36*J36) | X36: =IF(B36="","",V36*P36*M36)
D37: =IF(B37="","",(C37-B37)*24*60) | G37: =IF(E37="","",F37-E37) | J37: =IF(B37="","",(D37-G37-H37-I37)/D37) | M37: =IF(B37="","",(D37-G37-H37-I37-K37-L37-E37)/D37) | P37: =IF(B37="","",O37/N37) | U37: =IF(S37="","",(T37-C37)) | V37: =IF(B37="","",IF(U37<3,(Q37-R37)/Q37,(Q37-R37-S37)/Q37)) | W37: =IF(B37="","",V37*P37*J37) | X37: =IF(B37="","",V37*P37*M37)
B38: Total | D38: =SUM(D3:D36) -> 27533 | E38: =SUM(E3:E36) -> 1210 | F38: =SUM(F3:F36) -> 1252 | G38: =SUM(G3:G36) -> 42 | H38: =SUM(H2:H36) -> 4750 | I38: =SUM(I3:I36) -> 1932 | J38: =(D38-G38-H38-I38)/D38 -> 0.75578397 | K38: =SUM(K3:K36) -> 276 | L38: =SUM(L3:L36) -> 1740 | M38: =(D38-G38-H38-I38-E38-K38-L38)/D38 -> 0.63861548 | N38: =AVERAGE(N3:N36) -> 17000 | O38: =AVERAGE(O3:O36) -> 14373.164 | P38: =O38/N38 -> 0.84548021 | Q38: =SUM(Q3:Q34) -> 132739 | V38: =AVERAGE(V3:V36) -> 0.98409488 | W38: =V38*P38*J38 -> 0.62883701 | X38: =V38*P38*M38 -> 0.53134899
X39: =AVERAGE('January 2026 (w Utilization)'!X38,'February 2026 (w Utilization) '!X38,'March 2026 (w Utilization'!X38) -> 0.5242776
P41: =AVERAGE(X38,'February 2026 (w Utilization) '!X38,'January 2026 (w Utilization)'!X38)*100 -> 52.42776
D46: Real | E46: Opportunity
C47: OEE | D47: =W38 -> 0.62883701 | E47: =100%-D47 -> 0.37116299
C48: OEE Utilization | D48: =X38 -> 0.53134899 | E48: =100%-D48 -> 0.46865101
C49: Availability (for OEE) | D49: =J38 -> 0.75578397 | E49: =100%-D49 -> 0.24421603
C50: Availability (for OEE Utilization) | D50: =M38 -> 0.63861548 | E50: =100%-D50 -> 0.36138452
C51: Performance | D51: =P38 -> 0.84548021 | E51: =100%-D51 -> 0.15451979
C52: =V2 -> Quality | D52: =V38 -> 0.98409488 | E52: =100%-D52 -> 0.015905121

Sheet April 2026 (w Utilization) 
C1: OEE Calculation | G1: CARIB BREWERY
A2: SKU | B2: Start Time dd/mm/yyyy h:mm | C2: End Time dd/mm/yyyy h:mm (when production actually ends) | D2: Available time /mins | E2: Changeover Standard time /mins | F2: Actual Changeover /mins | G2: Changeover Deviation /mins | H2: Total Breakdowns /mins | I2: Total Minor Stops /mins | J2: Availability (for OEE) | K2: Planned Downtime /mins | L2: External Downtime /mins | M2: Availability (for OEE Utilization) | N2: Nominal Speed | O2: Actual (Average) Speed | P2: Performance | Q2: Total Products Produced /Cases | R2: Low Fill /Cases | S2: Embargo /cases | T2: Embargo release date | U2: Embargo Residence time /days | V2: Quality | W2: OEE | X2: OEE Utilization
A3: Vitamalt Classic to Vitamalt Ginger | B3: 46113.006 | C3: 46113.829 | D3: =IF(B3="","",(C3-B3)*24*60) -> 1186 | E3: 10 | F3: 63 | G3: =IF(E3="","",F3-E3) -> 53 | H3: =5+6+5+9+654 -> 679 | I3: =3+1+2+2+1+2+1+1+1+3+2+1+2+2+2+1+1 -> 28 | J3: =IF(B3="","",(D3-G3-H3-I3)/D3) -> 0.35919056 | K3: 0 | L3: 3 | M3: =IF(A3="","",(C3-F3-G3-H3-J3-L3-D3)/C3) -> 0.95696824 | N3: 17000 | O3: =AVERAGE(15000,15000,15000,15000,15000,15000,15000) -> 15000 | P3: =IF(A3="","",O3/N3) -> 0.88235294 | Q3: 3173 | R3: 0 | U3: =IF(S3="","",(T3-C3)) | V3: =IF(B3="","",IF(U3<3,(Q3-R3)/Q3,(Q3-R3-S3)/Q3)) -> 1 | W3: =IF(B3="","",V3*P3*J3) -> 0.31693284 | X3: =IF(B3="","",V3*P3*M3) -> 0.84438374
A4: Caribe Pearsecco to Carib Amber | B4: 46114.292 | C4: 46114.915 | D4: =IF(B4="","",(C4-B4)*24*60) -> 898 | E4: 60 | F4: 125 | G4: =IF(E4="","",F4-E4) -> 65 | H4: =60+40+10+60+30+5+14+20+22+15+7+26+13+26+37 -> 385 | I4: =3+2+1+1+3+2+2 -> 14 | J4: =IF(B4="","",(D4-G4-H4-I4)/D4) -> 0.48329621 | K4: 0 | L4: =6+7+2 -> 15 | M4: =IF(A4="","",(C4-F4-G4-H4-J4-L4-D4)/C4) -> 0.9677223 | N4: 17000 | O4: =AVERAGE(15000,15000,15000,15000,16000,16000,11000,11000) -> 14250 | P4: =IF(A4="","",O4/N4) -> 0.83823529 | Q4: 2868 | R4: 28 | S4: 3 | U4: =IF(S4="","",(T4-C4)) -> -46114.915 | V4: =IF(B4="","",IF(U4<3,(Q4-R4)/Q4,(Q4-R4-S4)/Q4)) -> 0.9902371 | W4: =IF(B4="","",V4*P4*J4) -> 0.40116084 | X4: =IF(B4="","",V4*P4*M4) -> 0.80325953
A5: Caribe Pearsecco to Carib Amber | B5: 46119.5 | C5: 46120 | D5: =IF(B5="","",(C5-B5)*24*60) -> 720 | E5: 60 | F5: 121 | G5: =IF(E5="","",F5-E5) -> 61 | H5: =46+60+60+60+60+20+20+5+6+46+50 -> 433 | I5: =4+2 -> 6 | J5: =IF(B5="","",(D5-G5-H5-I5)/D5) -> 0.30555556 | K5: 0 | L5: =7+7+6 -> 20 | M5: =IF(A5="","",(C5-F5-G5-H5-J5-L5-D5)/C5) -> 0.9706135 | N5: 17000 | O5: =AVERAGE(15000,15000,15000) -> 15000 | P5: =IF(A5="","",O5/N5) -> 0.88235294 | Q5: 1078 | R5: 37 | S5: =1075+3 -> 1078 | U5: =IF(S5="","",(T5-C5)) -> -46120 | V5: =IF(B5="","",IF(U5<3,(Q5-R5)/Q5,(Q5-R5-S5)/Q5)) -> 0.96567718 | W5: =IF(B5="","",V5*P5*J5) -> 0.26035414 | X5: =IF(B5="","",V5*P5*M5) -> 0.8270288
A6: Carib Amber to Stag | B6: 46120 | C6: 46121 | D6: =IF(B6="","",(C6-B6)*24*60) -> 1440 | E6: 10 | F6: 48 | G6: =IF(E6="","",F6-E6) -> 38 | H6: =17+10+6+9+16+7+34+5+35+5+6+5+8+5+4+18+6+8+8+5+9+6 -> 232 | I6: =2+4+2+2+4+3+1+3+2+2+2+3+3+4+2+3+2+2+3+4+4+4+4+4+1+2+4+1+2+4+3 -> 86 | J6: =IF(B6="","",(D6-G6-H6-I6)/D6) -> 0.75277778 | K6: 0 | L6: =2+2+3+4+2+5+4+10 -> 32 | M6: =IF(A6="","",(C6-F6-G6-H6-J6-L6-D6)/C6) -> 0.96117272 | N6: 17000 | O6: =AVERAGE(16000,16000,16000,16000,16000,16000,15000,15000,15000,15000,15000,15000,15000,15000,15000,15000,15000,15000,15000) -> 15315.789 | P6: =IF(A6="","",O6/N6) -> 0.90092879 | Q6: 9133 | R6: 59 | U6: =IF(S6="","",(T6-C6)) | V6: =IF(B6="","",IF(U6<3,(Q6-R6)/Q6,(Q6-R6-S6)/Q6)) -> 0.99353991 | W6: =IF(B6="","",V6*P6*J6) -> 0.67381795 | X6: =IF(B6="","",V6*P6*M6) -> 0.86035408
A7: Stag | B7: 46121.007 | C7: 46121.992 | D7: =IF(B7="","",(C7-B7)*24*60) -> 1418 | E7: 0 | F7: 12 | G7: =IF(E7="","",F7-E7) -> 12 | H7: =10+16+6+5+18+5+6+5+10 -> 81 | I7: =2+3+4+2+2+2+2+3+3+2+4+4+3+43+3+4+3+3+2+2+1+2+4+1+3+3+3+2+3+3+4+2+4+3+4+2+3+1+4+3+3+3+3+3+1+3+2+2+2+4+1+2+2+3+3 -> 188 | J7: =IF(B7="","",(D7-G7-H7-I7)/D7) -> 0.80183357 | K7: 0 | L7: =3+2+2+7+4+7 -> 25 | M7: =IF(A7="","",(C7-F7-G7-H7-J7-L7-D7)/C7) -> 0.96641945 | N7: 17000 | O7: =AVERAGE(15000,14500,14500,15000,15000,15000,15000,15000,15000,15000,15000,15000) -> 14916.667 | P7: =IF(A7="","",O7/N7) -> 0.87745098 | Q7: 9870 | R7: 17 | U7: =IF(S7="","",(T7-C7)) | V7: =IF(B7="","",IF(U7<3,(Q7-R7)/Q7,(Q7-R7-S7)/Q7)) -> 0.99827761 | W7: =IF(B7="","",V7*P7*J7) -> 0.70235783 | X7: =IF(B7="","",V7*P7*M7) -> 0.84652513
A8: Carib Amber | B8: 46122.031 | C8: 46122.794 | D8: =IF(B8="","",(C8-B8)*24*60) -> 1099 | E8: 0 | F8: 0 | G8: =IF(E8="","",F8-E8) -> 0 | H8: =5+7+5+7+5+50+60+30+6 -> 175 | I8: =2+3+3+3+2+2+3+3+2+1+2+4+1+2+2+3+4+2+2+3+1+3+4+2+4+4+3+3+3+3+4 -> 83 | J8: =IF(B8="","",(D8-G8-H8-I8)/D8) -> 0.76524113 | K8: 0 | L8: =2+2+4+5+15+23+2 -> 53 | M8: =IF(A8="","",(C8-F8-G8-H8-J8-L8-D8)/C8) -> 0.97121239 | N8: 17000 | O8: =AVERAGE(14500,15000,15000,15000,15000,16000,16000,15000,15000,15000,15000,15000,15000,15000,15000) -> 15100 | P8: =IF(A8="","",O8/N8) -> 0.88823529 | Q8: 6477 | R8: 34 | U8: =IF(S8="","",(T8-C8)) | V8: =IF(B8="","",IF(U8<3,(Q8-R8)/Q8,(Q8-R8-S8)/Q8)) -> 0.99475066 | W8: =IF(B8="","",V8*P8*J8) -> 0.67614613 | X8: =IF(B8="","",V8*P8*M8) -> 0.85813669
A9: Caribe Rose to Carib Amber | B9: 46125.111 | C9: 46126 | D9: =IF(B9="","",(C9-B9)*24*60) -> 1280 | E9: 60 | F9: 65 | G9: =IF(E9="","",F9-E9) -> 5 | H9: =5+15+10+11+13+44+32+5+6+10+7+8+40+28+6+20+7+14+9+8+5 -> 303 | I9: =3+3+2+4+4+1+3+4+2+4+1+2+2+3+2+3+3+4+2+4+3+1+2 -> 62 | J9: =IF(B9="","",(D9-G9-H9-I9)/D9) -> 0.7109375 | K9: 0 | L9: =5+2+4+4+2+3 -> 20 | M9: =IF(A9="","",(C9-F9-G9-H9-J9-L9-D9)/C9) -> 0.96371437 | N9: 17000 | O9: =AVERAGE(15000,15000,15000,15000,15000,15000,15000,15000,15000,15000,15000,15000,15000,15000,15000,15000,15000,15000) -> 15000 | P9: =IF(B9="","",O9/N9) -> 0.88235294 | Q9: 6334 | R9: 10 | S9: 807 | T9: 46127 | U9: =IF(S9="","",(T9-C9)) -> 1 | V9: =IF(B9="","",IF(U9<3,(Q9-R9)/Q9,(Q9-R9-S9)/Q9)) -> 0.99842122 | W9: =IF(B9="","",V9*P9*J9) -> 0.62630743 | X9: =IF(B9="","",V9*P9*M9) -> 0.84899371
A10: Carib Amber to Shandy Lime Loc to Shandy Lime Exp to Shandy Sorrel Exp | B10: 46126.004 | C10: 46127 | D10: =IF(B10="","",(C10-B10)*24*60) -> 1434 | E10: =60+30+20 -> 110 | F10: 172 | G10: =IF(E10="","",F10-E10) -> 62 | H10: =6+6+5+5+9+8+7+17+38+22+36+30+7+5+25+15+60+26+13 -> 340 | I10: =1+2+4+2+2+2+2+4+2+4+3+4+1+4+4+2+2+1+2+4+3+1+3+2+4+4+2 -> 71 | J10: =IF(B10="","",(D10-G10-H10-I10)/D10) -> 0.67015342 | K10: 0 | L10: =5+3+4+3+3+10+4+4+6+2+4+4+2 -> 54 | M10: =IF(A10="","",(C10-F10-G10-H10-J10-L10-D10)/C10) -> 0.9552828 | N10: 17000 | O10: =AVERAGE(15000,15000,15000,15000,15000,15000,15000,15000,15000,15000,15000,15000,15000,15000,15000,15000) -> 15000 | P10: =IF(B10="","",O10/N10) -> 0.88235294 | Q10: 5980 | R10: 9 | U10: =IF(S10="","",(T10-C10)) | V10: =IF(B10="","",IF(U10<3,(Q10-R10)/Q10,(Q10-R10-S10)/Q10)) -> 0.99849498 | W10: =IF(B10="","",V10*P10*J10) -> 0.5904219 | X10: =IF(B10="","",V10*P10*M10) -> 0.84162802
A11: Shandy Sorrel Export to Shandy Sorrel Local to Stag | B11: 46127.003 | C11: 46128 | D11: =IF(B11="","",(C11-B11)*24*60) -> 1435 | E11: =30+60 -> 90 | F11: 87 | G11: =IF(E11="","",F11-E11) -> -3 | H11: =8+9+5+10+5+10+15+6+7+5+47+60+11+6+7+5 -> 216 | I11: =2+2+4+1+4+2+3+2+3+3+1+4+3+4+2+3+2+2+3+4+2+2+4+3+2+4+3+3+2+2+2+4+3+1+2+2+4 -> 99 | J11: =IF(B11="","",(D11-G11-H11-I11)/D11) -> 0.7825784 | K11: 0 | L11: =2+14+9+10+15 -> 50 | M11: =IF(B11="","",(D11-G11-H11-I11-K11-L11-E11)/D11) -> 0.68501742 | N11: 17000 | O11: =AVERAGE(15000,15000,15000,15000,15000,15000,15000,15000,15000,15000,15000,15000,15000,15000,15000,15000,15000,15000,15000) -> 15000 | P11: =IF(B11="","",O11/N11) -> 0.88235294 | Q11: 7421 | R11: 4 | S11: 4.16 | T11: 46135.413 | U11: =IF(S11="","",(T11-C11)) -> 7.4131944 | V11: =IF(B11="","",IF(U11<3,(Q11-R11)/Q11,(Q11-R11-S11)/Q11)) -> 0.99890042 | W11: =IF(B11="","",V11*P11*J11) -> 0.68975108 | X11: =IF(B11="","",V11*P11*M11) -> 0.60376252
A12: Stag to Carib Amber | B12: 46128.006 | C12: 46129 | D12: =IF(B12="","",(C12-B12)*24*60) -> 1432 | E12: 10 | F12: 10 | G12: =IF(E12="","",F12-E12) -> 0 | H12: =5+7+6+6+36+38+6+8+5+6+7+5+9 -> 144 | I12: =2+4+2+4+3+4+1+3+2+3+1+3+4+3+4+4+3+4+1+3+2+1+3+2+1+2+3+3+2+3+4+4+3+3+3+2+4+3 -> 106 | J12: =IF(B12="","",(D12-G12-H12-I12)/D12) -> 0.82541899 | K12: 0 | L12: =5+15+4+4+3+12 -> 43 | M12: =IF(B12="","",(D12-G12-H12-I12-K12-L12-E12)/D12) -> 0.78840782 | N12: 17000 | O12: =AVERAGE(15000,15000,15000,15000,15000,15000,15000,15000,15000,15000,15000,15000,15000,15000,15000,15000,15000,15000,15000,15000,15000,15000) -> 15000 | P12: =IF(B12="","",O12/N12) -> 0.88235294 | Q12: 9432 | R12: 26 | U12: =IF(S12="","",(T12-C12)) | V12: =IF(B12="","",IF(U12<3,(Q12-R12)/Q12,(Q12-R12-S12)/Q12)) -> 0.99724343 | W12: =IF(B12="","",V12*P12*J12) -> 0.72630324 | X12: =IF(B12="","",V12*P12*M12) -> 0.69373634
A13: Carib Amber to Ginseng Apple | B13: 46129.004 | C13: 46129.836 | D13: =IF(B13="","",(C13-B13)*24*60) -> 1198 | E13: 60 | F13: 50 | G13: =IF(E13="","",F13-E13) -> -10 | H13: =6+6+5+6+10+5+5+5+6+6+8+7+36+6+6+15+19+9+9+5+17+5 -> 202 | I13: =4+3+1+1+2+3+4+2+3+3+1+2+2+2+2+1+4+1+3+2+1+4+1+3+2+2+3+4+2 -> 68 | J13: =IF(B13="","",(D13-G13-H13-I13)/D13) -> 0.78297162 | K13: 0 | L13: =5+28+4+4+5+10+55+60+60+2+12+7 -> 252 | M13: =IF(B13="","",(D13-G13-H13-I13-K13-L13-E13)/D13) -> 0.52253756 | N13: 17000 | O13: =AVERAGE(15000,15000,15000,15000,15000,15000,15000,15000,15000,15000,15000,11000,15000) -> 14692.308 | P13: =IF(B13="","",O13/N13) -> 0.86425339 | Q13: 5000 | R13: 12 | S13: =140+26 -> 166 | T13: 46140.59 | U13: =IF(S13="","",(T13-C13)) -> 10.754167 | V13: =IF(B13="","",IF(U13<3,(Q13-R13)/Q13,(Q13-R13-S13)/Q13)) -> 0.9644 | W13: =IF(B13="","",V13*P13*J13) -> 0.65259586 | X13: =IF(B13="","",V13*P13*M13) -> 0.43552773
A14: Ginseng Apple (med) to Ginseng Apple ( short) to Carib Amber | B14: 46132.115 | C14: 46133 | D14: =IF(B14="","",(C14-B14)*24*60) -> 1274 | E14: 120 | F14: 174 | G14: =IF(E14="","",F14-E14) -> 54 | H14: =7+5+12+60+60+60+60+50+25+10+18+5+6+6+36 -> 420 | I14: =3+1+4+1+2+3+4+3+2+2+3+3 -> 31 | J14: =IF(B14="","",(D14-G14-H14-I14)/D14) -> 0.60361068 | K14: 0 | L14: =35+5+7+8+4+3+5 -> 67 | M14: =IF(B14="","",(D14-G14-H14-I14-K14-L14-E14)/D14) -> 0.45682889 | N14: 17000 | O14: =AVERAGE(15000,15000,15000,15000,15000,15000,15000,15000,15000,15000) -> 15000 | P14: =IF(B14="","",O14/N14) -> 0.88235294 | Q14: 3885 | R14: 9 | S14: 239 | U14: =IF(S14="","",(T14-C14)) -> -46133 | V14: =IF(B14="","",IF(U14<3,(Q14-R14)/Q14,(Q14-R14-S14)/Q14)) -> 0.9976834 | W14: =IF(B14="","",V14*P14*J14) -> 0.53136384 | X14: =IF(B14="","",V14*P14*M14) -> 0.40215052
A15: Carib Amber to Stag | B15: 46133.003 | C15: 46134 | D15: =IF(B15="","",(C15-B15)*24*60) -> 1435 | E15: 10 | F15: 25 | G15: =IF(E15="","",F15-E15) -> 15 | H15: =10+35+55+6+6+12+5+5+10+13+9+5+8+8+14+9+19+7+27+29+7+20+60+5 -> 384 | I15: =2+1+3+3+2+4+4+1+3+2+4+4+4+2+3+3+2+1+2+3+2+4+2+3+1 -> 65 | J15: =IF(B15="","",(D15-G15-H15-I15)/D15) -> 0.67665505 | K15: 0 | L15: =4+3+3+3+7+3+2+3+2+2 -> 32 | M15: =IF(B15="","",(D15-G15-H15-I15-K15-L15-E15)/D15) -> 0.64738676 | N15: 17000 | O15: =AVERAGE(15000,15000,15000,15000,15000,15000,15000,15000,15000,15000,15000,15000,15000,15000,15000,15000,15000,15000) -> 15000 | P15: =IF(B15="","",O15/N15) -> 0.88235294 | Q15: 7901 | R15: 24 | S15: 5.2 | U15: =IF(S15="","",(T15-C15)) -> -46134 | V15: =IF(B15="","",IF(U15<3,(Q15-R15)/Q15,(Q15-R15-S15)/Q15)) -> 0.99696241 | W15: =IF(B15="","",V15*P15*J15) -> 0.59523499 | X15: =IF(B15="","",V15*P15*M15) -> 0.56948847
A16: Stag to Guinness | B16: 46134.003 | C16: 46135.021 | D16: =IF(B16="","",(C16-B16)*24*60) -> 1466 | E16: 25 | F16: 65 | G16: =IF(E16="","",F16-E16) -> 40 | H16: =30+11+7+5+7+5+22+6+28+5+5+14 -> 145 | I16: =2+3+4+2+2+2+4+4+4+2+1+2+3+3+2+3+3+1+3+2+2+1+2+1+1+2+2+1+1+2+2+1+2+2+1+1+1+2+4 -> 83 | J16: =IF(B16="","",(D16-G16-H16-I16)/D16) -> 0.81718963 | K16: 0 | L16: =7+3+3+2+4+4+11+4+9+6+7+60+5+4+1+2 -> 132 | M16: =IF(B16="","",(D16-G16-H16-I16-K16-L16-E16)/D16) -> 0.7100955 | N16: 17000 | O16: =AVERAGE(15000,15000,15000,15000,15000,15000,15000,15000,15000,15000,15000,15000,15000,15000,15000,15000,15000) -> 15000 | P16: =IF(B16="","",O16/N16) -> 0.88235294 | Q16: 7908 | R16: 15 | S16: 368 | U16: =IF(S16="","",(T16-C16)) -> -46135.021 | V16: =IF(B16="","",IF(U16<3,(Q16-R16)/Q16,(Q16-R16-S16)/Q16)) -> 0.99810319 | W16: =IF(B16="","",V16*P16*J16) -> 0.71968198 | X16: =IF(B16="","",V16*P16*M16) -> 0.62536639
A17: Carib Export (Explorer) to Carib Amber (Short) | B17: 46135.076 | C17: 46136 | D17: =IF(B17="","",(C17-B17)*24*60) -> 1330 | E17: 30 | F17: 124 | G17: =IF(E17="","",F17-E17) -> 94 | H17: =32+9+9+16+10+12+40+60+60+60+60+5+13+8+5+5+7+14+60+60+60+60 -> 665 | I17: =3+3+2+2+4+1+4+1+1+1+3+1+1+1+1+1+1+1+1+2+1+1 -> 37 | J17: =IF(B17="","",(D17-G17-H17-I17)/D17) -> 0.40150376 | K17: 0 | L17: =35+2+7+4+7+2+3+10 -> 70 | M17: =IF(B17="","",(D17-G17-H17-I17-K17-L17-E17)/D17) -> 0.32631579 | N17: 17000 | O17: =AVERAGE(15000,13000,,15000,15000,15000,15000,15000,15000,15000,15000,15000) -> 13583.333 | P17: =IF(B17="","",O17/N17) -> 0.79901961 | Q17: 3659 | R17: 15 | U17: =IF(S17="","",(T17-C17)) | V17: =IF(B17="","",IF(U17<3,(Q17-R17)/Q17,(Q17-R17-S17)/Q17)) -> 0.99590052 | W17: =IF(B17="","",V17*P17*J17) -> 0.31949422 | X17: =IF(B17="","",V17*P17*M17) -> 0.25966385
A18: Carib Amber (Short) to Carib Amber | B18: 46136.078 | C18: 46136.547 | D18: =IF(B18="","",(C18-B18)*24*60) -> 674 | E18: 0 | F18: 19 | G18: =IF(E18="","",F18-E18) -> 19 | H18: =12+5+15+60+60+34+6+6 -> 198 | I18: =3+3+3+3+3+2+2+3+3+3+4+3+4+3+4 -> 46 | J18: =IF(B18="","",(D18-G18-H18-I18)/D18) -> 0.60979228 | K18: 0 | L18: =5+2+2+8+2+8 -> 27 | M18: =IF(B18="","",(D18-G18-H18-I18-K18-L18-E18)/D18) -> 0.56973294 | N18: 17000 | O18: =AVERAGE(15000,15000,15000,15000,15000,15000,15000,16000,16000) -> 15222.222 | P18: =IF(B18="","",O18/N18) -> 0.89542484 | Q18: 3399 | R18: 17 | U18: =IF(S18="","",(T18-C18)) | V18: =IF(B18="","",IF(U18<3,(Q18-R18)/Q18,(Q18-R18-S18)/Q18)) -> 0.99499853 | W18: =IF(B18="","",V18*P18*J18) -> 0.54329224 | X18: =IF(B18="","",V18*P18*M18) -> 0.50760151
A19: Starmalt | B19: 46139.167 | C19: 46139.958 | D19: =IF(B19="","",(C19-B19)*24*60) -> 1139 | E19: 0 | F19: 0 | G19: =IF(E19="","",F19-E19) -> 0 | H19: =9+44+7+28+10+5+15+14+15+15+5+9+25+12+5+6 -> 224 | I19: =1+1+1+1+2+4+2+2+4+4+3+2+3+2+4+3+3+4+3+2+1+3+2+4+2+3+4+4+4+3+2+3 -> 86 | J19: =IF(B19="","",(D19-G19-H19-I19)/D19) -> 0.72783143 | K19: 0 | L19: =2+5+3+7+2+6+2+5+22+2+3 -> 59 | M19: =IF(B19="","",(D19-G19-H19-I19-K19-L19-E19)/D19) -> 0.67603161 | N19: 17000 | O19: =AVERAGE(15000,15000,15000,15000,15000,16400,16400,16400,16400,15000,15000,15000,16000,16000,16000,16000,16000,16000) -> 15644.444 | P19: =IF(B19="","",O19/N19) -> 0.92026144 | Q19: 5916 | U19: =IF(S19="","",(T19-C19)) | V19: =IF(B19="","",IF(U19<3,(Q19-R19)/Q19,(Q19-R19-S19)/Q19)) -> 1 | W19: =IF(B19="","",V19*P19*J19) -> 0.6697952 | X19: =IF(B19="","",V19*P19*M19) -> 0.62212582
A20: Carib Amber | B20: 46140.003 | C20: 46141 | D20: =IF(B20="","",(C20-B20)*24*60) -> 1436 | E20: 0 | F20: 0 | G20: =IF(E20="","",F20-E20) -> 0 | H20: =17+7+7+44+60+60+60+12+5+32+8+4+5+5+47+60+60 -> 493 | I20: =2+3+1+2+3+4+3+3+2+2+2+1+1+3+2+2+2+3+4+2+1+4+2+2+3+3+2+2+3+1+2+2+3+2+2+2+4+2+1+1 -> 91 | J20: =IF(B20="","",(D20-G20-H20-I20)/D20) -> 0.59331476 | K20: 0 | L20: =4+1+4+12+1 -> 22 | M20: =IF(B20="","",(D20-G20-H20-I20-K20-L20-E20)/D20) -> 0.57799443 | N20: 17000 | O20: =AVERAGE(15000,15000,15000,15000,16000,16000,16000,16000,16000,16000,16000,16000,15000,15000,12500) -> 15366.667 | P20: =IF(B20="","",O20/N20) -> 0.90392157 | Q20: 6856 | U20: =IF(S20="","",(T20-C20)) | V20: =IF(B20="","",IF(U20<3,(Q20-R20)/Q20,(Q20-R20-S20)/Q20)) -> 1 | W20: =IF(B20="","",V20*P20*J20) -> 0.53631001 | X20: =IF(B20="","",V20*P20*M20) -> 0.52246163
A21: Carib Amber to Stag Local | B21: 46141.021 | C21: 46142 | D21: =IF(B21="","",(C21-B21)*24*60) -> 1410 | E21: 10 | F21: 18 | G21: =IF(E21="","",F21-E21) -> 8 | H21: =18+21+15+21+21+10+6+5+7+6+6+5+18 -> 159 | I21: =2+2+2+1+1+1+1+2+2+2+1+1+2+2+2+2+1+1+1+1+1+3+3+2+1+2+4+2+2+2+2+2+2+3+3+2+2+4+3+4+3+3+4+2+4+3+4+4+2+2+2+2+1+2+2+2+2 -> 123 | J21: =IF(B21="","",(D21-G21-H21-I21)/D21) -> 0.79432624 | K21: 0 | L21: =2+15+29+5+3 -> 54 | M21: =IF(B21="","",(D21-G21-H21-I21-K21-L21-E21)/D21) -> 0.74893617 | N21: 17000 | O21: =AVERAGE(15000,15000,15000,15000,15000,15000,15000,15000,16000,16000,16000,15000,15000,15000,15000,16000,16000,16000) -> 15333.333 | P21: =IF(B21="","",O21/N21) -> 0.90196078 | Q21: 8639 | R21: 24 | U21: =IF(S21="","",(T21-C21)) | V21: =IF(B21="","",IF(U21<3,(Q21-R21)/Q21,(Q21-R21-S21)/Q21)) -> 0.9972219 | W21: =IF(B21="","",V21*P21*J21) -> 0.71446075 | X21: =IF(B21="","",V21*P21*M21) -> 0.67363442
A22: Stag to Ginseng Original | B22: 46142.007 | C22: 46142.924 | D22: =IF(B22="","",(C22-B22)*24*60) -> 1320 | E22: 60 | F22: 71 | G22: =IF(E22="","",F22-E22) -> 11 | H22: =26+6+9+20+5+7+6+6+16+10+6+5+5+8+21+7+6+5+5+13+8+8+6+5+9 -> 228 | I22: =3+2+2+2+4+1+2+1+3+1+3+2+2+4+2+3+2+3+3+2+2+2+3+2+2+1+2+1+2+4+1+3+3+2+3+4+3+3+2+2+3+3+3+4+3+2+2+3 -> 117 | J22: =IF(B22="","",(D22-G22-H22-I22)/D22) -> 0.73030303 | K22: 0 | L22: =2+5+4+3 -> 14 | M22: =IF(B22="","",(D22-G22-H22-I22-K22-L22-E22)/D22) -> 0.67424242 | N22: 17000 | O22: =AVERAGE(15000,15000,15000,16000,16000,16000,16000,15000,15000,15000,15000,15000,15000,15000,15000,15000,15000,15000) -> 15222.222 | P22: =IF(B22="","",O22/N22) -> 0.89542484 | Q22: 6178 | R22: 58 | S22: 276 | T22: 46147.417 | U22: =IF(S22="","",(T22-C22)) -> 4.4930556 | V22: =IF(B22="","",IF(U22<3,(Q22-R22)/Q22,(Q22-R22-S22)/Q22)) -> 0.9459372 | W22: =IF(B22="","",V22*P22*J22) -> 0.6185781 | X22: =IF(B22="","",V22*P22*M22) -> 0.57109389
D23: =IF(B23="","",(C23-B23)*24*60) | G23: =IF(E23="","",F23-E23) | J23: =IF(B23="","",(D23-G23-H23-I23)/D23) | M23: =IF(B23="","",(D23-G23-H23-I23-K23-L23-E23)/D23) | P23: =IF(B23="","",O23/N23) | U23: =IF(S23="","",(T23-C23)) | V23: =IF(B23="","",IF(U23<3,(Q23-R23)/Q23,(Q23-R23-S23)/Q23)) | W23: =IF(B23="","",V23*P23*J23) | X23: =IF(B23="","",V23*P23*M23)
D24: =IF(B24="","",(C24-B24)*24*60) | G24: =IF(E24="","",F24-E24) | J24: =IF(B24="","",(D24-G24-H24-I24)/D24) | M24: =IF(B24="","",(D24-G24-H24-I24-K24-L24-E24)/D24) | P24: =IF(B24="","",O24/N24) | U24: =IF(S24="","",(T24-C24)) | V24: =IF(B24="","",IF(U24<3,(Q24-R24)/Q24,(Q24-R24-S24)/Q24)) | W24: =IF(B24="","",V24*P24*J24) | X24: =IF(B24="","",V24*P24*M24)
D25: =IF(B25="","",(C25-B25)*24*60) | G25: =IF(E25="","",F25-E25) | J25: =IF(B25="","",(D25-G25-H25-I25)/D25) | M25: =IF(B25="","",(D25-G25-H25-I25-K25-L25-E25)/D25) | P25: =IF(B25="","",O25/N25) | U25: =IF(S25="","",(T25-C25)) | V25: =IF(B25="","",IF(U25<3,(Q25-R25)/Q25,(Q25-R25-S25)/Q25)) | W25: =IF(B25="","",V25*P25*J25) | X25: =IF(B25="","",V25*P25*M25)
D26: =IF(B26="","",(C26-B26)*24*60) | G26: =IF(E26="","",F26-E26) | J26: =IF(B26="","",(D26-G26-H26-I26)/D26) | M26: =IF(B26="","",(D26-G26-H26-I26-K26-L26-E26)/D26) | P26: =IF(B26="","",O26/N26) | U26: =IF(S26="","",(T26-C26)) | V26: =IF(B26="","",IF(U26<3,(Q26-R26)/Q26,(Q26-R26-S26)/Q26)) | W26: =IF(B26="","",V26*P26*J26) | X26: =IF(B26="","",V26*P26*M26)
D27: =IF(B27="","",(C27-B27)*24*60) | G27: =IF(E27="","",F27-E27) | J27: =IF(B27="","",(D27-G27-H27-I27)/D27) | M27: =IF(B27="","",(D27-G27-H27-I27-K27-L27-E27)/D27) | P27: =IF(B27="","",O27/N27) | U27: =IF(S27="","",(T27-C27)) | V27: =IF(B27="","",IF(U27<3,(Q27-R27)/Q27,(Q27-R27-S27)/Q27)) | W27: =IF(B27="","",V27*P27*J27) | X27: =IF(B27="","",V27*P27*M27)
D28: =IF(B28="","",(C28-B28)*24*60) | G28: =IF(E28="","",F28-E28) | J28: =IF(B28="","",(D28-G28-H28-I28)/D28) | M28: =IF(B28="","",(D28-G28-H28-I28-K28-L28-E28)/D28) | P28: =IF(B28="","",O28/N28) | U28: =IF(S28="","",(T28-C28)) | V28: =IF(B28="","",IF(U28<3,(Q28-R28)/Q28,(Q28-R28-S28)/Q28)) | W28: =IF(B28="","",V28*P28*J28) | X28: =IF(B28="","",V28*P28*M28)
D29: =IF(B29="","",(C29-B29)*24*60) | G29: =IF(E29="","",F29-E29) | J29: =IF(B29="","",(D29-G29-H29-I29)/D29) | M29: =IF(B29="","",(D29-G29-H29-I29-K29-L29-E29)/D29) | P29: =IF(B29="","",O29/N29) | U29: =IF(S29="","",(T29-C29)) | V29: =IF(B29="","",IF(U29<3,(Q29-R29)/Q29,(Q29-R29-S29)/Q29)) | W29: =IF(B29="","",V29*P29*J29) | X29: =IF(B29="","",V29*P29*M29)
D30: =IF(B30="","",(C30-B30)*24*60) | G30: =IF(E30="","",F30-E30) | J30: =IF(B30="","",(D30-G30-H30-I30)/D30) | M30: =IF(B30="","",(D30-G30-H30-I30-K30-L30-E30)/D30) | P30: =IF(B30="","",O30/N30) | U30: =IF(S30="","",(T30-C30)) | V30: =IF(B30="","",IF(U30<3,(Q30-R30)/Q30,(Q30-R30-S30)/Q30)) | W30: =IF(B30="","",V30*P30*J30) | X30: =IF(B30="","",V30*P30*M30)
D31: =IF(B31="","",(C31-B31)*24*60) | G31: =IF(E31="","",F31-E31) | J31: =IF(B31="","",(D31-G31-H31-I31)/D31) | M31: =IF(B31="","",(D31-G31-H31-I31-K31-L31-E31)/D31) | P31: =IF(B31="","",O31/N31) | U31: =IF(S31="","",(T31-C31)) | V31: =IF(B31="","",IF(U31<3,(Q31-R31)/Q31,(Q31-R31-S31)/Q31)) | W31: =IF(B31="","",V31*P31*J31) | X31: =IF(B31="","",V31*P31*M31)
D32: =IF(B32="","",(C32-B32)*24*60) | G32: =IF(E32="","",F32-E32) | J32: =IF(B32="","",(D32-G32-H32-I32)/D32) | M32: =IF(B32="","",(D32-G32-H32-I32-K32-L32-E32)/D32) | P32: =IF(B32="","",O32/N32) | U32: =IF(S32="","",(T32-C32)) | V32: =IF(B32="","",IF(U32<3,(Q32-R32)/Q32,(Q32-R32-S32)/Q32)) | W32: =IF(B32="","",V32*P32*J32) | X32: =IF(B32="","",V32*P32*M32)
D33: =IF(B33="","",(C33-B33)*24*60) | G33: =IF(E33="","",F33-E33) | J33: =IF(B33="","",(D33-G33-H33-I33)/D33) | M33: =IF(B33="","",(D33-G33-H33-I33-K33-L33-E33)/D33) | P33: =IF(B33="","",O33/N33) | U33: =IF(S33="","",(T33-C33)) | V33: =IF(B33="","",IF(U33<3,(Q33-R33)/Q33,(Q33-R33-S33)/Q33)) | W33: =IF(B33="","",V33*P33*J33) | X33: =IF(B33="","",V33*P33*M33)
D34: =IF(B34="","",(C34-B34)*24*60) | G34: =IF(E34="","",F34-E34) | J34: =IF(B34="","",(D34-G34-H34-I34)/D34) | M34: =IF(B34="","",(D34-G34-H34-I34-K34-L34-E34)/D34) | P34: =IF(B34="","",O34/N34) | U34: =IF(S34="","",(T34-C34)) | V34: =IF(B34="","",IF(U34<3,(Q34-R34)/Q34,(Q34-R34-S34)/Q34)) | W34: =IF(B34="","",V34*P34*J34) | X34: =IF(B34="","",V34*P34*M34)
... D37: =IF(B37="","",(C37-B37)*24*60) | G37: =IF(E37="","",F37-E37) | J37: =IF(B37="","",(D37-G37-H37-I37)/D37) | M37: =IF(B37="","",(D37-G37-H37-I37-K37-L37-E37)/D37) | P37: =IF(B37="","",O37/N37) | U37: =IF(S37="","",(T37-C37)) | V37: =IF(B37="","",IF(U37<3,(Q37-R37)/Q37,(Q37-R37-S37)/Q37)) | W37: =IF(B37="","",V37*P37*J37) | X37: =IF(B37="","",V37*P37*M37)
B38: Total | D38: =SUM(D3:D37) -> 25024 | E38: =SUM(E3:E37) -> 725 | F38: =SUM(F3:F37) -> 1249 | G38: =SUM(G3:G37) -> 524 | H38: =SUM(H2:H37) -> 6106 | I38: =SUM(I3:I37) -> 1490 | J38: =(D38-G38-H38-I38)/D38 -> 0.67551151 | K38: =SUM(K3:K37) -> 0 | L38: =SUM(L3:L37) -> 1044 | M38: =(D38-G38-H38-I38-E38-K38-L38)/D38 -> 0.60481937 | N38: =AVERAGE(N3:N37) -> 17000 | O38: =AVERAGE(O3:O37) -> 14982.349 | P38: =O38/N38 -> 0.88131466 | Q38: =SUM(Q3:Q35) -> 121107 | V38: =AVERAGE(V3:V37) -> 0.99133748 | W38: =V38*P38*J38 -> 0.59018107 | X38: =V38*P38*M38 -> 0.52841875
O39: ytd | P39: =AVERAGE('[1]January 2024'!S38,'[1]February 2024'!S38,'[1]March 2024'!S38,S38) -> #DIV/0! | X39: =AVERAGE('January 2026 (w Utilization)'!X38,'February 2026 (w Utilization) '!X38,'March 2026 (w Utilization'!X38,X38,'May 2026 (w Utilization)'!X38,'June 2026 (w Utilization)'!X38) -> 0.55384375
D46: Real | E46: Opportunity
C47: OEE | D47: =W38 -> 0.59018107 | E47: =100%-D47 -> 0.40981893
C48: OEE Utilization | D48: =X38 -> 0.52841875 | E48: =100%-D48 -> 0.47158125
C49: Availability (for OEE) | D49: =J38 -> 0.67551151 | E49: =100%-D49 -> 0.32448849
C50: Availability (for OEE Utilization) | D50: =M38 -> 0.60481937 | E50: =100%-D50 -> 0.39518063
C51: Performance | D51: =P38 -> 0.88131466 | E51: =100%-D51 -> 0.11868534
C52: =V2 -> Quality | D52: =V38 -> 0.99133748 | E52: =100%-D52 -> 0.008662518

Sheet May 2026 (w Utilization)
C1: OEE Calculation | G1: CARIB BREWERY
A2: SKU | B2: Start Time dd/mm/yyyy h:mm | C2: End Time dd/mm/yyyy h:mm (when production actually ends) | D2: Available time /mins | E2: Changeover Standard time /mins | F2: Actual Changeover /mins | G2: Changeover Deviation /mins | H2: Total Breakdowns /mins | I2: Total Minor Stops /mins | J2: Availability (for OEE) | K2: Planned Downtime /mins | L2: External Downtime /mins | M2: Availability (for OEE Utilization) | N2: Nominal Speed | O2: Actual (Average) Speed | P2: Performance | Q2: Total Products Produced /Cases | R2: Low Fill /Cases | S2: Embargo /cases | T2: Embargo release date | U2: Embargo Residence time /days | V2: Quality | W2: OEE | X2: OEE Utilization
A3: Ginseng Original to Vitamalt Classic | B3: 46146.135 | C3: 46147.001 | D3: =IF(B3="","",(C3-B3)*24*60) -> 1247 | E3: 120 | F3: 220 | G3: =IF(E3="","",F3-E3) -> 100 | H3: =5+15+10+32+39+5+20+20+10+5+6+6+5 -> 178 | I3: =3+2+2+4+2+3+1+1+1+2+2+2+4+4+2+3+1+2+4+4+2+3 -> 54 | J3: =IF(B3="","",(D3-G3-H3-I3)/D3) -> 0.73376103 | K3: 0 | L3: =4+17+3+2+2+2+2+3+3+2+4+2 -> 46 | M3: =IF(A3="","",(C3-F3-G3-H3-J3-L3-D3)/C3) -> 0.96117334 | N3: 17000 | O3: =AVERAGE(16000,16000,16000,16000,16000,16000,16000,16000,16000,16000,16000,16000,15000,15000) -> 15857.143 | P3: =IF(A3="","",O3/N3) -> 0.93277311 | Q3: 5395 | R3: 32 | U3: =IF(S3="","",(T3-C3)) | V3: =IF(B3="","",IF(U3<3,(Q3-R3)/Q3,(Q3-R3-S3)/Q3)) -> 0.99406858 | W3: =IF(B3="","",V3*P3*J3) -> 0.6803729 | X3: =IF(B3="","",V3*P3*M3) -> 0.8912388
A4: Carib Flint to Carib Amber | B4: 46147.167 | C4: 46148 | D4: =IF(B4="","",(C4-B4)*24*60) -> 1200 | E4: 30 | F4: 124 | G4: =IF(E4="","",F4-E4) -> 94 | H4: =10+19+9+8+11+5+7+5+42+45+15+60+12+7+24+60+60+60+60+49+6+18+11+30+18+7+5+11+8 -> 682 | I4: =3+3+4+4+3+3+2+3+2+1+2 -> 30 | J4: =IF(B4="","",(D4-G4-H4-I4)/D4) -> 0.32833333 | K4: 0 | L4: =5+30+6+6 -> 47 | M4: =IF(B4="","",(D4-G4-H4-I4-K4-L4-E4)/D4) -> 0.26416667 | N4: 17000 | O4: =AVERAGE(16000,16000,16000,16000,16000,16000,15000,15000,15000,15000) -> 15600 | P4: =IF(B4="","",O4/N4) -> 0.91764706 | Q4: 2758 | R4: 48 | U4: =IF(S4="","",(T4-C4)) | V4: =IF(B4="","",IF(U4<3,(Q4-R4)/Q4,(Q4-R4-S4)/Q4)) -> 0.98259608 | W4: =IF(B4="","",V4*P4*J4) -> 0.29605042 | X4: =IF(B4="","",V4*P4*M4) -> 0.23819285
A5: Carib Amber | B5: 46148.006 | C5: 46149 | D5: =IF(B5="","",(C5-B5)*24*60) -> 1432 | E5: 0 | F5: 0 | G5: =IF(E5="","",F5-E5) -> 0 | H5: =5+49+18+5+5+5+15+7+14+10+5 -> 138 | I5: =3+2+2+3+1+3+2+2+2+2+3+3+3+1+1+1+4+2+2+2+3+2+1+1+3+3+1+2+2+3+2+4+2+2+1+2+4+4+3+2+1 -> 92 | J5: =IF(B5="","",(D5-G5-H5-I5)/D5) -> 0.83938547 | K5: 0 | L5: =1+1+2 -> 4 | M5: =IF(B5="","",(D5-G5-H5-I5-K5-L5-E5)/D5) -> 0.83659218 | N5: 17000 | O5: =AVERAGE(15000,15000,15000,15000,15000,15000,15000,15000,15000,15000,16000,15000,15000,15000,15000,15000,15000,15000,15000,15000,15000,15000) -> 15045.455 | P5: =IF(B5="","",O5/N5) -> 0.88502674 | Q5: 10035 | R5: 29 | U5: =IF(S5="","",(T5-C5)) | V5: =IF(B5="","",IF(U5<3,(Q5-R5)/Q5,(Q5-R5-S5)/Q5)) -> 0.99711011 | W5: =IF(B5="","",V5*P5*J5) -> 0.74073175 | X5: =IF(B5="","",V5*P5*M5) -> 0.73826676
A6: Carib Amber to Ting Original to Stag | B6: 46149.004 | C6: 46150 | D6: =IF(B6="","",(C6-B6)*24*60) -> 1434 | E6: =60+60 -> 120 | F6: 135 | G6: =IF(E6="","",F6-E6) -> 15 | H6: =10+5+6+6+6+6+17+5+6+10+6 -> 83 | I6: =2+2+2+1+4+2+3+2+3+4+2+2+3+2+3+2+2+2+1+1+4+3+1+3+1+1+3+3+2+2 -> 68 | J6: =IF(B6="","",(D6-G6-H6-I6)/D6) -> 0.88423989 | K6: 0 | L6: =4+60+42+47+4+8+26+7+3 -> 201 | M6: =IF(B6="","",(D6-G6-H6-I6-K6-L6-E6)/D6) -> 0.66039052 | N6: 17000 | O6: =AVERAGE(15000,15000,15000,15000,15000,15000,15000,15000,15000,15000,15000,15000,15000,15000,15000,15000,15000,15000) -> 15000 | P6: =IF(B6="","",O6/N6) -> 0.88235294 | Q6: 7593 | R6: 21 | U6: =IF(S6="","",(T6-C6)) | V6: =IF(B6="","",IF(U6<3,(Q6-R6)/Q6,(Q6-R6-S6)/Q6)) -> 0.99723429 | W6: =IF(B6="","",V6*P6*J6) -> 0.77805383 | X6: =IF(B6="","",V6*P6*M6) -> 0.58108594
A7: Stag to Guinness | B7: 46150.007 | C7: 46150.729 | D7: =IF(B7="","",(C7-B7)*24*60) -> 1040 | E7: 25 | F7: 11 | G7: =IF(E7="","",F7-E7) -> -14 | H7: =5+7+22+9+8+8 -> 59 | I7: =2+2+3+1+4+1+3+3+4+1+2+3+4+4+3+3+3+2+2+1+3+4+3+1+1+1+1+2+3+2+3+2+2+3+2+2 -> 86 | J7: =IF(B7="","",(D7-G7-H7-I7)/D7) -> 0.87403846 | K7: 0 | L7: =9+3+7+3+2+29+10+2 -> 65 | M7: =IF(B7="","",(D7-G7-H7-I7-K7-L7-E7)/D7) -> 0.7875 | N7: 17000 | O7: =AVERAGE(14800,15000,15000,15000,15000,15000,15000,15000,15000,15000,15000,15000,15000,15000,15000,15000,15000) -> 14988.235 | P7: =IF(B7="","",O7/N7) -> 0.8816609 | Q7: 6568 | R7: 8 | U7: =IF(S7="","",(T7-C7)) | V7: =IF(B7="","",IF(U7<3,(Q7-R7)/Q7,(Q7-R7-S7)/Q7)) -> 0.99878197 | W7: =IF(B7="","",V7*P7*J7) -> 0.76966692 | X7: =IF(B7="","",V7*P7*M7) -> 0.69346227
A8: Guinness | B8: 46151.344 | C8: 46151.959 | D8: =IF(B8="","",(C8-B8)*24*60) -> 886 | E8: 0 | F8: 0 | G8: =IF(E8="","",F8-E8) -> 0 | H8: =15+21+9+10+5+9+9+5+11+10+20 -> 124 | I8: =1+3+2+2+1+2+2+3+3+2+3+3+2+3+2+2+1+3+2+4+3+1+1+1+1+1+3+3+4+3+2 -> 69 | J8: =IF(B8="","",(D8-G8-H8-I8)/D8) -> 0.78216704 | K8: 0 | L8: =3+3 -> 6 | M8: =IF(B8="","",(D8-G8-H8-I8-K8-L8-E8)/D8) -> 0.77539503 | N8: 17000 | O8: =AVERAGE(18000,16000,15000,15000,15000,15000,15000,15000,14800,14800,14800,14800,14900,15700) -> 15271.429 | P8: =IF(B8="","",O8/N8) -> 0.89831933 | Q8: 5853 | R8: 12 | U8: =IF(S8="","",(T8-C8)) | V8: =IF(B8="","",IF(U8<3,(Q8-R8)/Q8,(Q8-R8-S8)/Q8)) -> 0.99794977 | W8: =IF(B8="","",V8*P8*J8) -> 0.70119521 | X8: =IF(B8="","",V8*P8*M8) -> 0.69512425
A9: Carib Amber | B9: 46153.351 | C9: 46153.979 | D9: =IF(B9="","",(C9-B9)*24*60) -> 905 | E9: 0 | F9: 0 | G9: =IF(E9="","",F9-E9) -> 0 | H9: =15+7+15+6 -> 43 | I9: =4+4+4+3+3+2+3+4+1+3+2+2+1+4+2+2+3+2+1+1+1+2+3+3+2+4+3+3 -> 72 | J9: =IF(B9="","",(D9-G9-H9-I9)/D9) -> 0.87292818 | K9: 0 | L9: =3+5+4+2+2+5+6+3+32 -> 62 | M9: =IF(B9="","",(D9-G9-H9-I9-K9-L9-E9)/D9) -> 0.80441989 | N9: 17000 | O9: =AVERAGE(17000,17000,17000,17000,17000,17000,17000,17000,17000,17000,17000,17000,17000) -> 17000 | P9: =IF(B9="","",O9/N9) -> 1 | Q9: 6901 | R9: 12 | U9: =IF(S9="","",(T9-C9)) | V9: =IF(B9="","",IF(U9<3,(Q9-R9)/Q9,(Q9-R9-S9)/Q9)) -> 0.99826112 | W9: =IF(B9="","",V9*P9*J9) -> 0.87141026 | X9: =IF(B9="","",V9*P9*M9) -> 0.8030211
A10: Carib Amber to Stag | B10: 46154.003 | C10: 46155 | D10: =IF(B10="","",(C10-B10)*24*60) -> 1435 | E10: 10 | F10: 20 | G10: =IF(E10="","",F10-E10) -> 10 | H10: =5+60+7+6+22+56+5+5+5+5+5+7+5 -> 193 | I10: =1+2+1+1+1+1+2+2+4+1+4+2+1+4+2+1+2+3+2+1+2+4+2+2+1+2+4+4+4+2+1+4+2+3+3+1+2+4+3+2+4+3+3+4+2+4+2+1+2+3 -> 118 | J10: =IF(B10="","",(D10-G10-H10-I10)/D10) -> 0.77630662 | K10: 0 | L10: =5+5+3+4+2+3+3+4+2+5+3 -> 39 | M10: =IF(B10="","",(D10-G10-H10-I10-K10-L10-E10)/D10) -> 0.74216028 | N10: 17000 | O10: =AVERAGE(17000,17000,15000,14000,14000,17000,17000,17000,17000,17000,15000,15000,15000,17000,15400,,15400,15400,14000,14000,14000) -> 14866.667 | P10: =IF(B10="","",O10/N10) -> 0.8745098 | Q10: 9074 | R10: 5 | U10: =IF(S10="","",(T10-C10)) | V10: =IF(B10="","",IF(U10<3,(Q10-R10)/Q10,(Q10-R10-S10)/Q10)) -> 0.99944898 | W10: =IF(B10="","",V10*P10*J10) -> 0.67851367 | X10: =IF(B10="","",V10*P10*M10) -> 0.64866881
A11: Stag to Carib | B11: 46155.008 | C11: 46156 | D11: =IF(B11="","",(C11-B11)*24*60) -> 1429 | E11: 10 | F11: 74 | G11: =IF(E11="","",F11-E11) -> 64 | H11: =6+48+34+6 -> 94 | I11: =3+2+4+3+2+4+3+2+4+4+3+3+2+4+3+1+2+1+4+2+3+3+2+3+4+3+2+2+2+3+2+3+3+4+2+2+3+2 -> 104 | J11: =IF(B11="","",(D11-G11-H11-I11)/D11) -> 0.816655 | K11: 0 | L11: =4+4+4+3+2+5+4+3+2+2+3+4+2+2+2+4+9+4+3+4+4+3+3+10 -> 90 | M11: =IF(B11="","",(D11-G11-H11-I11-K11-L11-E11)/D11) -> 0.746676 | N11: 17000 | O11: =AVERAGE(15000,15000,15000,15000,15000,15000,15000,15000,15000,15000,15000,15000,14500,15000,15000,15000,15000,15000,15000,15000,15000,15000) -> 14977.273 | P11: =IF(B11="","",O11/N11) -> 0.88101604 | Q11: 8456 | R11: 10 | U11: =IF(S11="","",(T11-C11)) | V11: =IF(B11="","",IF(U11<3,(Q11-R11)/Q11,(Q11-R11-S11)/Q11)) -> 0.99881741 | W11: =IF(B11="","",V11*P11*J11) -> 0.7186353 | X11: =IF(B11="","",V11*P11*M11) -> 0.65705558
A12: Carib Amber to Stag to Shandy Sorrel to Mackeson | B12: 46156.004 | C12: 46157.026 | D12: =IF(B12="","",(C12-B12)*24*60) -> 1471 | E12: =10+60+60 -> 130 | F12: 117 | G12: =IF(E12="","",F12-E12) -> -13 | H12: =28+8+5+77+28+7+5+8+5 -> 171 | I12: =1+4+4+6+2+2+1+2+2+2+3+2+3+2+4+1+3+4+4+1+2+3+4+3+2+3+1+2+3+2+1+2+3+4+2+3 -> 93 | J12: =IF(B12="","",(D12-G12-H12-I12)/D12) -> 0.82936778 | K12: 0 | L12: =5+15+7+31+7+2+1+1 -> 69 | M12: =IF(B12="","",(D12-G12-H12-I12-K12-L12-E12)/D12) -> 0.69408566 | N12: 17000 | O12: =AVERAGE(15000,16000,16000,15000,16100,15000,15000,15000,15000,15000,15000,15000,15000,15000,15000,15000,15000,15000) -> 15172.222 | P12: =IF(B12="","",O12/N12) -> 0.89248366 | Q12: 8672 | R12: 15 | U12: =IF(S12="","",(T12-C12)) | V12: =IF(B12="","",IF(U12<3,(Q12-R12)/Q12,(Q12-R12-S12)/Q12)) -> 0.9982703 | W12: =IF(B12="","",V12*P12*J12) -> 0.73891687 | X12: =IF(B12="","",V12*P12*M12) -> 0.61838862
A13: Vitamalt Classic to Vitamalt Ginger | B13: 46157.208 | C13: 46157.826 | D13: =IF(B13="","",(C13-B13)*24*60) -> 890 | E13: 10 | F13: 148 | G13: =IF(E13="","",F13-E13) -> 138 | H13: =5+69+5+6+17+5 -> 107 | I13: =1+2+1+4+1+3+3+4+2+1+4+1+4+2+3+2+2+3 -> 43 | J13: =IF(B13="","",(D13-G13-H13-I13)/D13) -> 0.67640449 | K13: 0 | L13: =4+4+2+3+5+6+8+5+5+12+4+3+4+4+5 -> 74 | M13: =IF(B13="","",(D13-G13-H13-I13-K13-L13-E13)/D13) -> 0.58202247 | N13: 17000 | O13: =AVERAGE(16000,16000,16000,14000,15000,15000,15000,15000,15000,15000,15000,15000,15000,15000,15000) -> 15133.333 | P13: =IF(B13="","",O13/N13) -> 0.89019608 | Q13: 5315 | R13: 11 | U13: =IF(S13="","",(T13-C13)) | V13: =IF(B13="","",IF(U13<3,(Q13-R13)/Q13,(Q13-R13-S13)/Q13)) -> 0.99793039 | W13: =IF(B13="","",V13*P13*J13) -> 0.60088645 | X13: =IF(B13="","",V13*P13*M13) -> 0.51704183
A14: Carib Amber | B14: 46158.346 | C14: 46158.881 | D14: =IF(B14="","",(C14-B14)*24*60) -> 771 | E14: 0 | F14: 0 | G14: =IF(E14="","",F14-E14) -> 0 | H14: =9+11+5+5 -> 30 | I14: =4+2+4+4+4+3+4+3+2+1+1+1+1+1+1+2+1+2+1+1+2+4+1+2 -> 52 | J14: =IF(B14="","",(D14-G14-H14-I14)/D14) -> 0.89364462 | K14: 0 | L14: =12+8+1 -> 21 | M14: =IF(B14="","",(D14-G14-H14-I14-K14-L14-E14)/D14) -> 0.86640726 | N14: 17000 | O14: =AVERAGE(16000,16000,16000,16000,16000,16000,16000,16000,16000,16000,17000,17000) -> 16166.667 | P14: =IF(B14="","",O14/N14) -> 0.95098039 | Q14: 5683 | R14: 17 | U14: =IF(S14="","",(T14-C14)) | V14: =IF(B14="","",IF(U14<3,(Q14-R14)/Q14,(Q14-R14-S14)/Q14)) -> 0.99700862 | W14: =IF(B14="","",V14*P14*J14) -> 0.84729632 | X14: =IF(B14="","",V14*P14*M14) -> 0.82147161
A15: Starmalt to Carib Amber | B15: 46160.104 | C15: 46161 | D15: =IF(B15="","",(C15-B15)*24*60) -> 1290 | E15: 60 | F15: 58 | G15: =IF(E15="","",F15-E15) -> -2 | H15: =5+5+5+6+9+6+6+5 -> 47 | I15: =3+3+2+1+2+1+1+2+2+1+2+4+2+2+3+11+1+2+4+3+4+2+3+4+1+3+3+4 -> 76 | J15: =IF(B15="","",(D15-G15-H15-I15)/D15) -> 0.90620155 | K15: 0 | L15: =1+3+4+8+8+3+2+5+5+2+4+5+3+7+5+4+60 -> 129 | M15: =IF(B15="","",(D15-G15-H15-I15-K15-L15-E15)/D15) -> 0.75968992 | N15: 17000 | O15: =AVERAGE(15000,15000,15000,15000,15000,15000,15000,15000,15000,15200,15200,15200,15000,15200,15200,15200,15200) -> 15082.353 | P15: =IF(B15="","",O15/N15) -> 0.88719723 | Q15: 8576 | R15: 13 | U15: =IF(S15="","",(T15-C15)) | V15: =IF(B15="","",IF(U15<3,(Q15-R15)/Q15,(Q15-R15-S15)/Q15)) -> 0.99848414 | W15: =IF(B15="","",V15*P15*J15) -> 0.80276079 | X15: =IF(B15="","",V15*P15*M15) -> 0.67297312
A16: Carib to Carib Flint to Stag | B16: 46161.003 | C16: 46162 | D16: =IF(B16="","",(C16-B16)*24*60) -> 1435 | E16: =10+10 -> 20 | F16: 67 | G16: =IF(E16="","",F16-E16) -> 47 | H16: =9+26+12+6+6+5+10+5+5+5+6+6+11+6+20+5+11+6+6+5+21+6+5+5+13+7+13+5+6+9 -> 261 | I16: =1+1+1+3+2+1+3+4+3+4+3+4+4+3+2+4+2+2+2+2+1+1+2+1+2+1+3+3+2+4+1+4+4+4+4+1+2+4+4+2+2+1+4+3 -> 111 | J16: =IF(B16="","",(D16-G16-H16-I16)/D16) -> 0.70801394 | K16: 0 | L16: =5+3+3+3+6+5+6+2+13 -> 46 | M16: =IF(B16="","",(D16-G16-H16-I16-K16-L16-E16)/D16) -> 0.66202091 | N16: 17000 | O16: =AVERAGE(14000,14000,14000,14000,15000,15000,15000,15000,15000,15000,15000,15000,15000,15000,15000,15000,15000,15000,15000,15000,15000,15000,15000) -> 14826.087 | P16: =IF(B16="","",O16/N16) -> 0.87212276 | Q16: 6752 | R16: 25 | U16: =IF(S16="","",(T16-C16)) | V16: =IF(B16="","",IF(U16<3,(Q16-R16)/Q16,(Q16-R16-S16)/Q16)) -> 0.99629739 | W16: =IF(B16="","",V16*P16*J16) -> 0.6151888 | X16: =IF(B16="","",V16*P16*M16) -> 0.57522575
A17: Stag to Carib Amber | B17: 46162.024 | C17: 46163 | D17: =IF(B17="","",(C17-B17)*24*60) -> 1405 | E17: 10 | F17: 58 | G17: =IF(E17="","",F17-E17) -> 48 | H17: =10+33+5+5 -> 53 | I17: =3+2+4+3+1+2+2+2+2+2+2+2+1+1+1+3+2+2+2+2+1+1+3+4+3+3+4+2+4+2+1+4+2+1+1+4 -> 81 | J17: =IF(B17="","",(D17-G17-H17-I17)/D17) -> 0.87046263 | K17: 0 | L17: =2+4+6+4+4+3+60+33+4+6+3+2+3+6+2 -> 142 | M17: =IF(B17="","",(D17-G17-H17-I17-K17-L17-E17)/D17) -> 0.76227758 | N17: 17000 | O17: =AVERAGE(15000,15000,15000,15000,15000,15000,15000,15000,15000,15000,15000,15000,14000,14000,14000,14000,14000,14000,14000,14800,14800,14800) -> 14654.545 | P17: =IF(B17="","",O17/N17) -> 0.86203209 | Q17: 9082 | R17: 18 | U17: =IF(S17="","",(T17-C17)) | V17: =IF(B17="","",IF(U17<3,(Q17-R17)/Q17,(Q17-R17-S17)/Q17)) -> 0.99801806 | W17: =IF(B17="","",V17*P17*J17) -> 0.74887954 | X17: =IF(B17="","",V17*P17*M17) -> 0.65580538
A18: Carib Amber to Stag to Caribe Pearsecco | B18: 46163.007 | C18: 46164 | D18: =IF(B18="","",(C18-B18)*24*60) -> 1430 | E18: =10+60 -> 70 | F18: 90 | G18: =IF(E18="","",F18-E18) -> 20 | H18: =20+5+16+8+18+30 -> 97 | I18: =1+2+2+4+1+2+2+1+3+2+2+1+2+1+1+2+1+1+2+2+3+1+1+4+3+2+2+1+3+3+2+3+3+2+3+3+3+3+2+3+2 -> 87 | J18: =IF(B18="","",(D18-G18-H18-I18)/D18) -> 0.85734266 | K18: 0 | L18: =2+2+2+5+10+3+2+2+3+12+4+6+2+4+4+65+15+5+10+2+2 -> 162 | M18: =IF(B18="","",(D18-G18-H18-I18-K18-L18-E18)/D18) -> 0.6951049 | N18: 17000 | O18: =AVERAGE(15000,15000,16000,17000,17000,17000,15100,15100,15100,15100,15100,15100,15100,15100,15000,15000,15000) -> 15458.824 | P18: =IF(B18="","",O18/N18) -> 0.90934256 | Q18: 7730 | R18: 13 | U18: =IF(S18="","",(T18-C18)) | V18: =IF(B18="","",IF(U18<3,(Q18-R18)/Q18,(Q18-R18-S18)/Q18)) -> 0.99831824 | W18: =IF(B18="","",V18*P18*J18) -> 0.77830704 | X18: =IF(B18="","",V18*P18*M18) -> 0.63102544
A19: Caribe Rose to Ting Original to Carib Amber | B19: 46164.015 | C19: 46164.828 | D19: =IF(B19="","",(C19-B19)*24*60) -> 1170 | E19: =60+60 -> 120 | F19: 177 | G19: =IF(E19="","",F19-E19) -> 57 | H19: =17+10+6+37+7+7+9+5+7+6+7+15+5 -> 138 | I19: =2+2+2+3+2+1+1+1+2+3+2+3+4+3+1+3+2+2+1+2+4+2+1+2+4+2+4+3+2+3+2+2+3+2+2+4 -> 84 | J19: =IF(B19="","",(D19-G19-H19-I19)/D19) -> 0.76153846 | K19: 0 | L19: =5+16+15+10+9+4+5+6 -> 70 | M19: =IF(B19="","",(D19-G19-H19-I19-K19-L19-E19)/D19) -> 0.5991453 | N19: 17000 | O19: =AVERAGE(15000,15000,15000,15000,15000,15000,15000,15000,15000,15000,15000,15000,15000,15000,15000,15000) -> 15000 | P19: =IF(B19="","",O19/N19) -> 0.88235294 | Q19: 5235 | R19: 9 | U19: =IF(S19="","",(T19-C19)) | V19: =IF(B19="","",IF(U19<3,(Q19-R19)/Q19,(Q19-R19-S19)/Q19)) -> 0.9982808 | W19: =IF(B19="","",V19*P19*J19) -> 0.67079049 | X19: =IF(B19="","",V19*P19*M19) -> 0.52774875
A20: Carib Amber | B20: 46168.531 | C20: 46169 | D20: =IF(B20="","",(C20-B20)*24*60) -> 675 | E20: 0 | F20: 0 | G20: =IF(E20="","",F20-E20) -> 0 | H20: =28+17 -> 45 | I20: =1+2+3+2+2+2+2+1+1+3+1+2+2+3+2+3+1+1+1+3+2+4+3+4 -> 51 | J20: =IF(B20="","",(D20-G20-H20-I20)/D20) -> 0.85777778 | K20: 0 | L20: =4+3 -> 7 | M20: =IF(B20="","",(D20-G20-H20-I20-K20-L20-E20)/D20) -> 0.84740741 | N20: 17000 | O20: =AVERAGE(15000,15000,15000,15000,15000,15000,15000,15000,15000,15000) -> 15000 | P20: =IF(B20="","",O20/N20) -> 0.88235294 | Q20: 4705 | R20: 8 | U20: =IF(S20="","",(T20-C20)) | V20: =IF(B20="","",IF(U20<3,(Q20-R20)/Q20,(Q20-R20-S20)/Q20)) -> 0.99829968 | W20: =IF(B20="","",V20*P20*J20) -> 0.75557584 | X20: =IF(B20="","",V20*P20*M20) -> 0.74644107
A21: Carib Amber to Starmalt | B21: 46169.006 | C21: 46170 | D21: =IF(B21="","",(C21-B21)*24*60) -> 1432 | E21: 45 | F21: 31 | G21: =IF(E21="","",F21-E21) -> -14 | H21: =5+16+16+10+8+52+60+60+8+15+18+20+28+15+27+10+12+8+23+5+20 -> 436 | I21: =2+2+1+2+2+2+2+1+4+1+2+3+1+2+2+1+1+1+2+2+2 -> 38 | J21: =IF(B21="","",(D21-G21-H21-I21)/D21) -> 0.67877095 | K21: 0 | L21: =4+4+2+2+3+3+4+7+2+4 -> 35 | M21: =IF(B21="","",(D21-G21-H21-I21-K21-L21-E21)/D21) -> 0.62290503 | N21: 17000 | O21: =AVERAGE(15000,15000,15000,15000,15000,12000,11000,10000,10000,10000,10000,11000,13000,13500,13800,13800,13800,13500) -> 12800 | P21: =IF(B21="","",O21/N21) -> 0.75294118 | Q21: 6557 | R21: 23 | U21: =IF(S21="","",(T21-C21)) | V21: =IF(B21="","",IF(U21<3,(Q21-R21)/Q21,(Q21-R21-S21)/Q21)) -> 0.9964923 | W21: =IF(B21="","",V21*P21*J21) -> 0.5092819 | X21: =IF(B21="","",V21*P21*M21) -> 0.46736569
A22: Starmalt | B22: 46170.003 | C22: 46170.168 | D22: =IF(B22="","",(C22-B22)*24*60) -> 237 | E22: 0 | F22: 0 | G22: =IF(E22="","",F22-E22) -> 0 | H22: =33+6+10+5 -> 54 | I22: 0 | J22: =IF(B22="","",(D22-G22-H22-I22)/D22) -> 0.7721519 | K22: 0 | L22: 0 | M22: =IF(B22="","",(D22-G22-H22-I22-K22-L22-E22)/D22) -> 0.7721519 | N22: 17000 | O22: =AVERAGE(13500,13500,13500,13500) -> 13500 | P22: =IF(B22="","",O22/N22) -> 0.79411765 | Q22: 1489 | R22: 6 | U22: =IF(S22="","",(T22-C22)) | V22: =IF(B22="","",IF(U22<3,(Q22-R22)/Q22,(Q22-R22-S22)/Q22)) -> 0.99597045 | W22: =IF(B22="","",V22*P22*J22) -> 0.61070861 | X22: =IF(B22="","",V22*P22*M22) -> 0.61070861
D23: =IF(B23="","",(C23-B23)*24*60) | G23: =IF(E23="","",F23-E23) | J23: =IF(B23="","",(D23-G23-H23-I23)/D23) | M23: =IF(B23="","",(D23-G23-H23-I23-K23-L23-E23)/D23) | P23: =IF(B23="","",O23/N23) | U23: =IF(S23="","",(T23-C23)) | V23: =IF(B23="","",IF(U23<3,(Q23-R23)/Q23,(Q23-R23-S23)/Q23)) | W23: =IF(B23="","",V23*P23*J23) | X23: =IF(B23="","",V23*P23*M23)
D24: =IF(B24="","",(C24-B24)*24*60) | G24: =IF(E24="","",F24-E24) | J24: =IF(B24="","",(D24-G24-H24-I24)/D24) | M24: =IF(B24="","",(D24-G24-H24-I24-K24-L24-E24)/D24) | P24: =IF(B24="","",O24/N24) | U24: =IF(S24="","",(T24-C24)) | V24: =IF(B24="","",IF(U24<3,(Q24-R24)/Q24,(Q24-R24-S24)/Q24)) | W24: =IF(B24="","",V24*P24*J24) | X24: =IF(B24="","",V24*P24*M24)
D25: =IF(B25="","",(C25-B25)*24*60) | G25: =IF(E25="","",F25-E25) | J25: =IF(B25="","",(D25-G25-H25-I25)/D25) | M25: =IF(B25="","",(D25-G25-H25-I25-K25-L25-E25)/D25) | P25: =IF(B25="","",O25/N25) | U25: =IF(S25="","",(T25-C25)) | V25: =IF(B25="","",IF(U25<3,(Q25-R25)/Q25,(Q25-R25-S25)/Q25)) | W25: =IF(B25="","",V25*P25*J25) | X25: =IF(B25="","",V25*P25*M25)
D26: =IF(B26="","",(C26-B26)*24*60) | G26: =IF(E26="","",F26-E26) | J26: =IF(B26="","",(D26-G26-H26-I26)/D26) | M26: =IF(B26="","",(D26-G26-H26-I26-K26-L26-E26)/D26) | P26: =IF(B26="","",O26/N26) | U26: =IF(S26="","",(T26-C26)) | V26: =IF(B26="","",IF(U26<3,(Q26-R26)/Q26,(Q26-R26-S26)/Q26)) | W26: =IF(B26="","",V26*P26*J26) | X26: =IF(B26="","",V26*P26*M26)
D27: =IF(B27="","",(C27-B27)*24*60) | G27: =IF(E27="","",F27-E27) | J27: =IF(B27="","",(D27-G27-H27-I27)/D27) | M27: =IF(B27="","",(D27-G27-H27-I27-K27-L27-E27)/D27) | P27: =IF(B27="","",O27/N27) | U27: =IF(S27="","",(T27-C27)) | V27: =IF(B27="","",IF(U27<3,(Q27-R27)/Q27,(Q27-R27-S27)/Q27)) | W27: =IF(B27="","",V27*P27*J27) | X27: =IF(B27="","",V27*P27*M27)
D30: =IF(B30="","",(C30-B30)*24*60) | G30: =IF(E30="","",F30-E30) | J30: =IF(B30="","",(D30-G30-H30-I30)/D30) | M30: =IF(B30="","",(D30-G30-H30-I30-K30-L30-E30)/D30) | P30: =IF(B30="","",O30/N30) | U30: =IF(S30="","",(T30-C30)) | V30: =IF(B30="","",IF(U30<3,(Q30-R30)/Q30,(Q30-R30-S30)/Q30)) | W30: =IF(B30="","",V30*P30*J30) | X30: =IF(B30="","",V30*P30*M30)
D31: =IF(B31="","",(C31-B31)*24*60) | G31: =IF(E31="","",F31-E31) | J31: =IF(B31="","",(D31-G31-H31-I31)/D31) | M31: =IF(B31="","",(D31-G31-H31-I31-K31-L31-E31)/D31) | P31: =IF(B31="","",O31/N31) | U31: =IF(S31="","",(T31-C31)) | V31: =IF(B31="","",IF(U31<3,(Q31-R31)/Q31,(Q31-R31-S31)/Q31)) | W31: =IF(B31="","",V31*P31*J31) | X31: =IF(B31="","",V31*P31*M31)
D32: =IF(B32="","",(C32-B32)*24*60) | G32: =IF(E32="","",F32-E32) | J32: =IF(B32="","",(D32-G32-H32-I32)/D32) | M32: =IF(B32="","",(D32-G32-H32-I32-K32-L32-E32)/D32) | P32: =IF(B32="","",O32/N32) | U32: =IF(S32="","",(T32-C32)) | V32: =IF(B32="","",IF(U32<3,(Q32-R32)/Q32,(Q32-R32-S32)/Q32)) | W32: =IF(B32="","",V32*P32*J32) | X32: =IF(B32="","",V32*P32*M32)
D33: =IF(B33="","",(C33-B33)*24*60) | G33: =IF(E33="","",F33-E33) | J33: =IF(B33="","",(D33-G33-H33-I33)/D33) | M33: =IF(B33="","",(D33-G33-H33-I33-K33-L33-E33)/D33) | P33: =IF(B33="","",O33/N33) | U33: =IF(S33="","",(T33-C33)) | V33: =IF(B33="","",IF(U33<3,(Q33-R33)/Q33,(Q33-R33-S33)/Q33)) | W33: =IF(B33="","",V33*P33*J33) | X33: =IF(B33="","",V33*P33*M33)
D34: =IF(B34="","",(C34-B34)*24*60) | G34: =IF(E34="","",F34-E34) | J34: =IF(B34="","",(D34-G34-H34-I34)/D34) | M34: =IF(B34="","",(D34-G34-H34-I34-K34-L34-E34)/D34) | P34: =IF(B34="","",O34/N34) | U34: =IF(S34="","",(T34-C34)) | V34: =IF(B34="","",IF(U34<3,(Q34-R34)/Q34,(Q34-R34-S34)/Q34)) | W34: =IF(B34="","",V34*P34*J34) | X34: =IF(B34="","",V34*P34*M34)
D35: =IF(B35="","",(C35-B35)*24*60) | G35: =IF(E35="","",F35-E35) | J35: =IF(B35="","",(D35-G35-H35-I35)/D35) | M35: =IF(B35="","",(D35-G35-H35-I35-K35-L35-E35)/D35) | P35: =IF(B35="","",O35/N35) | U35: =IF(S35="","",(T35-C35)) | V35: =IF(B35="","",IF(U35<3,(Q35-R35)/Q35,(Q35-R35-S35)/Q35)) | W35: =IF(B35="","",V35*P35*J35) | X35: =IF(B35="","",V35*P35*M35)
D36: =IF(B36="","",(C36-B36)*24*60) | G36: =IF(E36="","",F36-E36) | J36: =IF(B36="","",(D36-G36-H36-I36)/D36) | M36: =IF(B36="","",(D36-G36-H36-I36-K36-L36-E36)/D36) | P36: =IF(B36="","",O36/N36) | U36: =IF(S36="","",(T36-C36)) | V36: =IF(B36="","",IF(U36<3,(Q36-R36)/Q36,(Q36-R36-S36)/Q36)) | W36: =IF(B36="","",V36*P36*J36) | X36: =IF(B36="","",V36*P36*M36)
D37: =IF(B37="","",(C37-B37)*24*60) | G37: =IF(E37="","",F37-E37) | J37: =IF(B37="","",(D37-G37-H37-I37)/D37) | M37: =IF(B37="","",(D37-G37-H37-I37-K37-L37-E37)/D37) | P37: =IF(B37="","",O37/N37) | U37: =IF(S37="","",(T37-C37)) | V37: =IF(B37="","",IF(U37<3,(Q37-R37)/Q37,(Q37-R37-S37)/Q37)) | W37: =IF(B37="","",V37*P37*J37) | X37: =IF(B37="","",V37*P37*M37)
B38: Total | D38: =SUM(D3:D37) -> 23214 | E38: =SUM(E3:E37) -> 780 | F38: =SUM(F3:F37) -> 1330 | G38: =SUM(G3:G37) -> 550 | H38: =SUM(H2:H37) -> 3033 | I38: =SUM(I3:I37) -> 1409 | J38: =(D38-G38-H38-I38)/D38 -> 0.78495735 | K38: =SUM(K3:K37) -> 0 | L38: =SUM(L3:L37) -> 1315 | M38: =(D38-G38-H38-I38-E38-K38-L38)/D38 -> 0.69471009 | N38: =AVERAGE(N3:N37) -> 17000 | O38: =AVERAGE(O3:O37) -> 15070.012 | P38: =O38/N38 -> 0.88647127 | Q38: =SUM(Q3:Q35) -> 132429 | V38: =AVERAGE(V3:V37) -> 0.99688193 | W38: =V38*P38*J38 -> 0.69367246 | X38: =V38*P38*M38 -> 0.6139203
O39: ytd | P39: =AVERAGE('[1]January 2024'!S38,'[1]February 2024'!S38,'[1]March 2024'!S38,S38) -> #DIV/0!
D46: Real | E46: Opportunity
C47: OEE | D47: =W38 -> 0.69367246 | E47: =100%-D47 -> 0.30632754
C48: OEE Utilization | D48: =X38 -> 0.6139203 | E48: =100%-D48 -> 0.3860797
C49: Availability (for OEE) | D49: =J38 -> 0.78495735 | E49: =100%-D49 -> 0.21504265
C50: Availability (for OEE Utilization) | D50: =M38 -> 0.69471009 | E50: =100%-D50 -> 0.30528991
C51: Performance | D51: =P38 -> 0.88647127 | E51: =100%-D51 -> 0.11352873
C52: =V2 -> Quality | D52: =V38 -> 0.99688193 | E52: =100%-D52 -> 0.0031180655

Sheet June 2026 (w Utilization)
C1: OEE Calculation | G1: CARIB BREWERY
A2: SKU | B2: Start Time dd/mm/yyyy h:mm | C2: End Time dd/mm/yyyy h:mm (when production actually ends) | D2: Available time /mins | E2: Changeover Standard time /mins | F2: Actual Changeover /mins | G2: Changeover Deviation /mins | H2: Total Breakdowns /mins | I2: Total Minor Stops /mins | J2: Availability (for OEE) | K2: Planned Downtime /mins | L2: External Downtime /mins | M2: Availability (for OEE Utilization) | N2: Nominal Speed | O2: Actual (Average) Speed | P2: Performance | Q2: Total Products Produced /Cases | R2: Low Fill /Cases | S2: Embargo /cases | T2: Embargo release date | U2: Embargo Residence time /days | V2: Quality | W2: OEE | X2: OEE Utilization
A3: Stag | B3: 46192.792 | C3: 46192.856 | D3: =IF(B3="","",(C3-B3)*24*60) -> 93 | E3: 0 | F3: 0 | G3: =IF(E3="","",F3-E3) -> 0 | H3: =10+24 -> 34 | I3: 0 | J3: =IF(B3="","",(D3-G3-H3-I3)/D3) -> 0.6344086 | K3: 0 | L3: 0 | M3: =IF(B3="","",(D3-G3-H3-I3-K3-L3-E3)/D3) -> 0.6344086 | N3: 17000 | O3: 17000 | P3: =IF(B3="","",O3/N3) -> 1 | Q3: 464 | R3: 5 | U3: =IF(S3="","",(T3-C3)) | V3: =IF(B3="","",IF(U3<3,(Q3-R3)/Q3,(Q3-R3-S3)/Q3)) -> 0.98922414 | W3: =IF(B3="","",V3*P3*J3) -> 0.6275723 | X3: =IF(B3="","",V3*P3*M3) -> 0.6275723
A4: Stag | B4: 46193.41 | C4: 46193.936 | D4: =IF(B4="","",(C4-B4)*24*60) -> 758 | E4: 0 | F4: 0 | G4: =IF(E4="","",F4-E4) -> 0 | H4: =40+60+15+15+14+7+20+16+15+10+12+8+16+5+28 -> 281 | I4: =2+2+2+3+4+2+2+4+2+2+2+2+3+1+4+2+3+2 -> 44 | J4: =IF(B4="","",(D4-G4-H4-I4)/D4) -> 0.57124011 | K4: 0 | L4: 22 | M4: =IF(B4="","",(D4-G4-H4-I4-K4-L4-E4)/D4) -> 0.54221636 | N4: 17000 | O4: =AVERAGE(15800,15800,15800,16000, 15000,17000,17000,17000,17000,17000,17000) -> 16400 | P4: =IF(B4="","",O4/N4) -> 0.96470588 | Q4: 3602 | R4: 7 | U4: =IF(S4="","",(T4-C4)) | V4: =IF(B4="","",IF(U4<3,(Q4-R4)/Q4,(Q4-R4-S4)/Q4)) -> 0.99805664 | W4: =IF(B4="","",V4*P4*J4) -> 0.55000774 | X4: =IF(B4="","",V4*P4*M4) -> 0.52206278
A5: Starmalt | B5: 46194.838 | C5: 46195 | D5: =IF(B5="","",(C5-B5)*24*60) -> 233 | E5: 0 | F5: 0 | G5: =IF(E5="","",F5-E5) -> 0 | H5: =9+15 -> 24 | I5: =2+2+2+2+2+1+1+1+3 -> 16 | J5: =IF(B5="","",(D5-G5-H5-I5)/D5) -> 0.82832618 | K5: 0 | L5: 0 | M5: =IF(B5="","",(D5-G5-H5-I5-K5-L5-E5)/D5) -> 0.82832618 | N5: 17000 | O5: =AVERAGE(11000,15000,15000,15000) -> 14000 | P5: =IF(B5="","",O5/N5) -> 0.82352941 | Q5: 1505 | R5: 3 | U5: =IF(S5="","",(T5-C5)) | V5: =IF(B5="","",IF(U5<3,(Q5-R5)/Q5,(Q5-R5-S5)/Q5)) -> 0.99800664 | W5: =IF(B5="","",V5*P5*J5) -> 0.6807912 | X5: =IF(B5="","",V5*P5*M5) -> 0.6807912
A6: Starmalt to Carib Amber | B6: 46195.007 | C6: 46196 | D6: =IF(B6="","",(C6-B6)*24*60) -> 1430 | E6: 60 | F6: 59 | G6: =IF(E6="","",F6-E6) -> -1 | H6: =6+7+8+7+6+5+34+60+5+6+48+5+16+13+17+60+25+17+8 -> 353 | I6: =3+2+1+2+1+2+2+2+3+3+2+1+2+2+2+3+1+1+2+3+2+2+2+2+3+2+3+2+2+2+2+3+2 -> 69 | J6: =IF(B6="","",(D6-G6-H6-I6)/D6) -> 0.70559441 | K6: 0 | L6: =10+10+2+16+2+2+2+3+5+3 -> 55 | M6: =IF(B6="","",(D6-G6-H6-I6-K6-L6-E6)/D6) -> 0.62517483 | N6: 17000 | O6: =AVERAGE(10000,17000,16000,16000,16000,16000,17000,16000) -> 15500 | P6: =IF(B6="","",O6/N6) -> 0.91176471 | Q6: 7219 | R6: 4 | U6: =IF(S6="","",(T6-C6)) | V6: =IF(B6="","",IF(U6<3,(Q6-R6)/Q6,(Q6-R6-S6)/Q6)) -> 0.99944591 | W6: =IF(B6="","",V6*P6*J6) -> 0.64297961 | X6: =IF(B6="","",V6*P6*M6) -> 0.5696965
A7: Carib Amber to Stag to Guinness | B7: 46196.007 | C7: 46197 | D7: =IF(B7="","",(C7-B7)*24*60) -> 1430 | E7: =10+25 -> 35 | F7: 28 | G7: =IF(E7="","",F7-E7) -> -7 | H7: =7+5+35+19+22+42+5+11+5+26+14+60+60+60+60+60+60+45+10+5 -> 611 | I7: =4+1+3+3+4+1+3+4+2+2+3+2+1+4+2+4 -> 43 | J7: =IF(B7="","",(D7-G7-H7-I7)/D7) -> 0.54755245 | K7: 0 | L7: =4+17+20+3+13+7+48 -> 112 | M7: =IF(B7="","",(D7-G7-H7-I7-K7-L7-E7)/D7) -> 0.44475524 | N7: 17000 | O7: =AVERAGE(17000,17000,17000,17000,17000,17000,17000,17000,17000,18000,18000,18000,19000) -> 17384.615 | P7: =IF(B7="","",O7/N7) -> 1.0226244 | Q7: 5464 | R7: 21 | U7: =IF(S7="","",(T7-C7)) | V7: =IF(B7="","",IF(U7<3,(Q7-R7)/Q7,(Q7-R7-S7)/Q7)) -> 0.99615666 | W7: =IF(B7="","",V7*P7*J7) -> 0.55778847 | X7: =IF(B7="","",V7*P7*M7) -> 0.45306956
A8: Guinness to Carib Amber | B8: 46197.012 | C8: 46198 | D8: =IF(B8="","",(C8-B8)*24*60) -> 1422 | E8: 60 | F8: 55 | G8: =IF(E8="","",F8-E8) -> -5 | H8: =8+6+7+9+5+6+30+38+5+8+15+5+10+9+15+5+5+15 -> 201 | I8: =4+2+2+1+3+3+4+2+3+4+2+1+3+3+4+2+4+3+4+4+2+4+2+2+2+3+3+2+2+2+1+3+4+2+3+4+4+2 -> 105 | J8: =IF(B8="","",(D8-G8-H8-I8)/D8) -> 0.7883263 | K8: =9+10+60+24 -> 103 | L8: =3+7+26+3 -> 39 | M8: =IF(B8="","",(D8-G8-H8-I8-K8-L8-E8)/D8) -> 0.64627286 | N8: 17000 | O8: =AVERAGE(18000,18000,17000,17000,18000,18000,18000,16000,16000,18000,18000,18000,18000,18000,18000,18000,18000,18000) -> 17666.667 | P8: =IF(B8="","",O8/N8) -> 1.0392157 | Q8: 8185 | R8: 11 | U8: =IF(S8="","",(T8-C8)) | V8: =IF(B8="","",IF(U8<3,(Q8-R8)/Q8,(Q8-R8-S8)/Q8)) -> 0.99865608 | W8: =IF(B8="","",V8*P8*J8) -> 0.81814006 | X8: =IF(B8="","",V8*P8*M8) -> 0.67071429
A9: Carib Amber to Stag to Carib Flint to Carib Amber | B9: 46198.008 | C9: 46199 | D9: =IF(B9="","",(C9-B9)*24*60) -> 1428 | E9: =10+10 -> 20 | F9: 78 | G9: =IF(E9="","",F9-E9) -> 58 | H9: =5+13+14+25+12+5+40 -> 114 | I9: =2+1+4+3+2+3+3+2+1+2+2+4+4+3+3+3+4+3+2+1+2+3+2+2+3+1+3+3+3+2+2+3+2+4+4+5+2+4+2+3+3+3+4+3+2+3+3 -> 128 | J9: =IF(B9="","",(D9-G9-H9-I9)/D9) -> 0.78991597 | K9: 0 | L9: =21+8+2+1+4+3+10+2 -> 51 | M9: =IF(B9="","",(D9-G9-H9-I9-K9-L9-E9)/D9) -> 0.74019608 | N9: 17000 | O9: =AVERAGE(18000,18000,18000,18000,18000,18000,18000,18000,18000,18000,18000,18000,18000,18000,18000,18000,18000,18000) -> 18000 | P9: =IF(B9="","",O9/N9) -> 1.0588235 | Q9: 9125 | R9: 49 | U9: =IF(S9="","",(T9-C9)) | V9: =IF(B9="","",IF(U9<3,(Q9-R9)/Q9,(Q9-R9-S9)/Q9)) -> 0.99463014 | W9: =IF(B9="","",V9*P9*J9) -> 0.83189036 | X9: =IF(B9="","",V9*P9*M9) -> 0.77952846
A10: Carib Amber to Ting | B10: 46199.017 | C10: 46199.312 | D10: =IF(B10="","",(C10-B10)*24*60) -> 425 | E10: 60 | F10: 45 | G10: =IF(E10="","",F10-E10) -> -15 | H10: =5+5+12+6 -> 28 | I10: =3+2+2+3+2+1+3+3+2+2+1+3+2+4+4+3 -> 40 | J10: =IF(B10="","",(D10-G10-H10-I10)/D10) -> 0.87529412 | K10: 0 | L10: =17+8+2+5 -> 32 | M10: =IF(B10="","",(D10-G10-H10-I10-K10-L10-E10)/D10) -> 0.65882353 | N10: 17000 | O10: =AVERAGE(18000,18000,18000,18000,18000,18000,18000,18000) -> 18000 | P10: =IF(B10="","",O10/N10) -> 1.0588235 | Q10: 2766 | R10: 6 | U10: =IF(S10="","",(T10-C10)) | V10: =IF(B10="","",IF(U10<3,(Q10-R10)/Q10,(Q10-R10-S10)/Q10)) -> 0.9978308 | W10: =IF(B10="","",V10*P10*J10) -> 0.92477163 | X10: =IF(B10="","",V10*P10*M10) -> 0.69606467
A11: Carib Amber to Stag | B11: 46200.507 | C11: 46200.911 | D11: =IF(B11="","",(C11-B11)*24*60) -> 582 | E11: 10 | F11: 20 | G11: =IF(E11="","",F11-E11) -> 10 | H11: =25+5+6+10+5+9+11+5+7 -> 83 | I11: =3+2+3+3+4+4+2+2+2+2+2+1+1 -> 31 | J11: =IF(B11="","",(D11-G11-H11-I11)/D11) -> 0.78694158 | K11: 0 | L11: =10+4 -> 14 | M11: =IF(B11="","",(D11-G11-H11-I11-K11-L11-E11)/D11) -> 0.74570447 | N11: 17000 | O11: =AVERAGE(17000,18000,17000,18000,18000,18000,18000,18000,18000) -> 17777.778 | P11: =IF(B11="","",O11/N11) -> 1.0457516 | Q11: 3663 | R11: 35 | U11: =IF(S11="","",(T11-C11)) | V11: =IF(B11="","",IF(U11<3,(Q11-R11)/Q11,(Q11-R11-S11)/Q11)) -> 0.99044499 | W11: =IF(B11="","",V11*P11*J11) -> 0.81508219 | X11: =IF(B11="","",V11*P11*M11) -> 0.77237046
A12: Stag to Ting to Ginseng Orignal | B12: 46202.104 | C12: 46202.976 | D12: =IF(B12="","",(C12-B12)*24*60) -> 1256 | E12: =60+60 -> 120 | F12: 113 | G12: =IF(E12="","",F12-E12) -> -7 | H12: =6+6+17+7+5+21+5+5+6+20+11+5 -> 114 | I12: =2+2+2+2+2+4+4+2+2+3+3+2+2+1+2+3+3+4+3+3+3+2+2 -> 58 | J12: =IF(B12="","",(D12-G12-H12-I12)/D12) -> 0.86863057 | K12: 0 | L12: =6+3+60+60+9+9+13+6+7+19+5+20+40+15+4 -> 276 | M12: =IF(B12="","",(D12-G12-H12-I12-K12-L12-E12)/D12) -> 0.55334395 | N12: 17000 | O12: =AVERAGE(18000,18000,18000,16000,16000,17000,17000,17000,17000,17000,17000,17000) -> 17083.333 | P12: =IF(B12="","",O12/N12) -> 1.004902 | Q12: 5521 | R12: 14 | U12: =IF(S12="","",(T12-C12)) | V12: =IF(B12="","",IF(U12<3,(Q12-R12)/Q12,(Q12-R12-S12)/Q12)) -> 0.99746423 | W12: =IF(B12="","",V12*P12*J12) -> 0.87067512 | X12: =IF(B12="","",V12*P12*M12) -> 0.55464639
A13: Stag to Carib Amber | B13: 46203.257 | C13: 46203.962 | D13: =IF(B13="","",(C13-B13)*24*60) -> 1015 | E13: 10 | F13: 187 | G13: =IF(E13="","",F13-E13) -> 177 | H13: =12+11+11+11+30+5+6+5+6 -> 97 | I13: =4+2+3+2+4+3+2+4+4+3+2+2+1+4+4+1+3+3+2+1+3+2+3+3+2+4+4+1+2+2 -> 80 | J13: =IF(B13="","",(D13-G13-H13-I13)/D13) -> 0.65123153 | K13: 0 | L13: =10+6+18+4+6 -> 44 | M13: =IF(B13="","",(D13-G13-H13-I13-K13-L13-E13)/D13) -> 0.59802956 | N13: 17000 | O13: =AVERAGE(17000,17000,17000,17000,17000,17000,17000,17000,17000,17000,17000,17000,17000,17000,17000,17000,17000) -> 17000 | P13: =IF(B13="","",O13/N13) -> 1 | Q13: 6874 | R13: 8 | U13: =IF(S13="","",(T13-C13)) | V13: =IF(B13="","",IF(U13<3,(Q13-R13)/Q13,(Q13-R13-S13)/Q13)) -> 0.99883619 | W13: =IF(B13="","",V13*P13*J13) -> 0.65047362 | X13: =IF(B13="","",V13*P13*M13) -> 0.59733357
D14: =IF(B14="","",(C14-B14)*24*60) | G14: =IF(E14="","",F14-E14) | J14: =IF(B14="","",(D14-G14-H14-I14)/D14) | M14: =IF(B14="","",(D14-G14-H14-I14-K14-L14-E14)/D14) | P14: =IF(B14="","",O14/N14) | U14: =IF(S14="","",(T14-C14)) | V14: =IF(B14="","",IF(U14<3,(Q14-R14)/Q14,(Q14-R14-S14)/Q14)) | W14: =IF(B14="","",V14*P14*J14) | X14: =IF(B14="","",V14*P14*M14)
D15: =IF(B15="","",(C15-B15)*24*60) | G15: =IF(E15="","",F15-E15) | J15: =IF(B15="","",(D15-G15-H15-I15)/D15) | M15: =IF(B15="","",(D15-G15-H15-I15-K15-L15-E15)/D15) | P15: =IF(B15="","",O15/N15) | U15: =IF(S15="","",(T15-C15)) | V15: =IF(B15="","",IF(U15<3,(Q15-R15)/Q15,(Q15-R15-S15)/Q15)) | W15: =IF(B15="","",V15*P15*J15) | X15: =IF(B15="","",V15*P15*M15)
D16: =IF(B16="","",(C16-B16)*24*60) | G16: =IF(E16="","",F16-E16) | J16: =IF(B16="","",(D16-G16-H16-I16)/D16) | M16: =IF(B16="","",(D16-G16-H16-I16-K16-L16-E16)/D16) | P16: =IF(B16="","",O16/N16) | U16: =IF(S16="","",(T16-C16)) | V16: =IF(B16="","",IF(U16<3,(Q16-R16)/Q16,(Q16-R16-S16)/Q16)) | W16: =IF(B16="","",V16*P16*J16) | X16: =IF(B16="","",V16*P16*M16)
D17: =IF(B17="","",(C17-B17)*24*60) | G17: =IF(E17="","",F17-E17) | J17: =IF(B17="","",(D17-G17-H17-I17)/D17) | M17: =IF(B17="","",(D17-G17-H17-I17-K17-L17-E17)/D17) | P17: =IF(B17="","",O17/N17) | U17: =IF(S17="","",(T17-C17)) | V17: =IF(B17="","",IF(U17<3,(Q17-R17)/Q17,(Q17-R17-S17)/Q17)) | W17: =IF(B17="","",V17*P17*J17) | X17: =IF(B17="","",V17*P17*M17)
D18: =IF(B18="","",(C18-B18)*24*60) | G18: =IF(E18="","",F18-E18) | J18: =IF(B18="","",(D18-G18-H18-I18)/D18) | M18: =IF(B18="","",(D18-G18-H18-I18-K18-L18-E18)/D18) | P18: =IF(B18="","",O18/N18) | U18: =IF(S18="","",(T18-C18)) | V18: =IF(B18="","",IF(U18<3,(Q18-R18)/Q18,(Q18-R18-S18)/Q18)) | W18: =IF(B18="","",V18*P18*J18) | X18: =IF(B18="","",V18*P18*M18)
D19: =IF(B19="","",(C19-B19)*24*60) | G19: =IF(E19="","",F19-E19) | J19: =IF(B19="","",(D19-G19-H19-I19)/D19) | M19: =IF(B19="","",(D19-G19-H19-I19-K19-L19-E19)/D19) | P19: =IF(B19="","",O19/N19) | U19: =IF(S19="","",(T19-C19)) | V19: =IF(B19="","",IF(U19<3,(Q19-R19)/Q19,(Q19-R19-S19)/Q19)) | W19: =IF(B19="","",V19*P19*J19) | X19: =IF(B19="","",V19*P19*M19)
D20: =IF(B20="","",(C20-B20)*24*60) | G20: =IF(E20="","",F20-E20) | J20: =IF(B20="","",(D20-G20-H20-I20)/D20) | M20: =IF(B20="","",(D20-G20-H20-I20-K20-L20-E20)/D20) | P20: =IF(B20="","",O20/N20) | U20: =IF(S20="","",(T20-C20)) | V20: =IF(B20="","",IF(U20<3,(Q20-R20)/Q20,(Q20-R20-S20)/Q20)) | W20: =IF(B20="","",V20*P20*J20) | X20: =IF(B20="","",V20*P20*M20)
D21: =IF(B21="","",(C21-B21)*24*60) | G21: =IF(E21="","",F21-E21) | J21: =IF(B21="","",(D21-G21-H21-I21)/D21) | M21: =IF(B21="","",(D21-G21-H21-I21-K21-L21-E21)/D21) | P21: =IF(B21="","",O21/N21) | U21: =IF(S21="","",(T21-C21)) | V21: =IF(B21="","",IF(U21<3,(Q21-R21)/Q21,(Q21-R21-S21)/Q21)) | W21: =IF(B21="","",V21*P21*J21) | X21: =IF(B21="","",V21*P21*M21)
D22: =IF(B22="","",(C22-B22)*24*60) | G22: =IF(E22="","",F22-E22) | J22: =IF(B22="","",(D22-G22-H22-I22)/D22) | M22: =IF(B22="","",(D22-G22-H22-I22-K22-L22-E22)/D22) | P22: =IF(B22="","",O22/N22) | U22: =IF(S22="","",(T22-C22)) | V22: =IF(B22="","",IF(U22<3,(Q22-R22)/Q22,(Q22-R22-S22)/Q22)) | W22: =IF(B22="","",V22*P22*J22) | X22: =IF(B22="","",V22*P22*M22)
D23: =IF(B23="","",(C23-B23)*24*60) | G23: =IF(E23="","",F23-E23) | J23: =IF(B23="","",(D23-G23-H23-I23)/D23) | M23: =IF(B23="","",(D23-G23-H23-I23-K23-L23-E23)/D23) | P23: =IF(B23="","",O23/N23) | U23: =IF(S23="","",(T23-C23)) | V23: =IF(B23="","",IF(U23<3,(Q23-R23)/Q23,(Q23-R23-S23)/Q23)) | W23: =IF(B23="","",V23*P23*J23) | X23: =IF(B23="","",V23*P23*M23)
D24: =IF(B24="","",(C24-B24)*24*60) | G24: =IF(E24="","",F24-E24) | J24: =IF(B24="","",(D24-G24-H24-I24)/D24) | M24: =IF(B24="","",(D24-G24-H24-I24-K24-L24-E24)/D24) | P24: =IF(B24="","",O24/N24) | U24: =IF(S24="","",(T24-C24)) | V24: =IF(B24="","",IF(U24<3,(Q24-R24)/Q24,(Q24-R24-S24)/Q24)) | W24: =IF(B24="","",V24*P24*J24) | X24: =IF(B24="","",V24*P24*M24)
D25: =IF(B25="","",(C25-B25)*24*60) | G25: =IF(E25="","",F25-E25) | J25: =IF(B25="","",(D25-G25-H25-I25)/D25) | M25: =IF(B25="","",(D25-G25-H25-I25-K25-L25-E25)/D25) | P25: =IF(B25="","",O25/N25) | U25: =IF(S25="","",(T25-C25)) | V25: =IF(B25="","",IF(U25<3,(Q25-R25)/Q25,(Q25-R25-S25)/Q25)) | W25: =IF(B25="","",V25*P25*J25) | X25: =IF(B25="","",V25*P25*M25)
... D37: =IF(B37="","",(C37-B37)*24*60) | G37: =IF(E37="","",F37-E37) | J37: =IF(B37="","",(D37-G37-H37-I37)/D37) | M37: =IF(B37="","",(D37-G37-H37-I37-K37-L37-E37)/D37) | P37: =IF(B37="","",O37/N37) | U37: =IF(S37="","",(T37-C37)) | V37: =IF(B37="","",IF(U37<3,(Q37-R37)/Q37,(Q37-R37-S37)/Q37)) | W37: =IF(B37="","",V37*P37*J37) | X37: =IF(B37="","",V37*P37*M37)
B38: Total | D38: =SUM(D3:D37) -> 10072 | E38: =SUM(E3:E37) -> 375 | F38: =SUM(F3:F37) -> 585 | G38: =SUM(G3:G37) -> 210 | H38: =SUM(H2:H37) -> 1940 | I38: =SUM(I3:I37) -> 614 | J38: =(D38-G38-H38-I38)/D38 -> 0.72557585 | K38: =SUM(K3:K37) -> 103 | L38: =SUM(L3:L37) -> 645 | M38: =(D38-G38-H38-I38-E38-K38-L38)/D38 -> 0.61407863 | N38: =AVERAGE(N3:N37) -> 17000 | O38: =AVERAGE(O3:O37) -> 16892.036 | P38: =O38/N38 -> 0.99364916 | Q38: =SUM(Q3:Q35) -> 54388 | V38: =AVERAGE(V3:V37) -> 0.99625022 | W38: =V38*P38*J38 -> 0.71826437 | X38: =V38*P38*M38 -> 0.60789068
D46: Real | E46: Opportunity
C47: OEE | D47: =W38 -> 0.71826437 | E47: =100%-D47 -> 0.28173563
C48: OEE Utilization | D48: =X38 -> 0.60789068 | E48: =100%-D48 -> 0.39210932
C49: Availability (for OEE) | D49: =J38 -> 0.72557585 | E49: =100%-D49 -> 0.27442415
C50: Availability (for OEE Utilization) | D50: =M38 -> 0.61407863 | E50: =100%-D50 -> 0.38592137
C51: Performance | D51: =P38 -> 0.99364916 | E51: =100%-D51 -> 0.0063508387
C52: =V2 -> Quality | D52: =V38 -> 0.99625022 | E52: =100%-D52 -> 0.0037497803

Sheet July 2026 (w Utilization)
G1: CARIB BREWERY
A2: SKU | B2: Start Time dd/mm/yyyy h:mm | C2: End Time dd/mm/yyyy h:mm (when production actually ends) | D2: Available time /mins | E2: Changeover Standard time /mins | F2: Actual Changeover /mins | G2: Changeover Deviation /mins | H2: Total Breakdowns /mins | I2: Total Minor Stops /mins | J2: Availability (for OEE) | K2: Planned Downtime /mins | L2: External Downtime /mins | M2: Availability (for OEE Utilization) | N2: Nominal Speed | O2: Actual (Average) Speed | P2: Performance | Q2: Total Products Produced /Cases | R2: Low Fill /Cases | S2: Embargo /cases | T2: Embargo release date | U2: Embargo Residence time /days | V2: Quality | W2: OEE | X2: OEE Utilization
A3: Carib Amber to Vitamalt Classic | B3: 46204.042 | C3: 46204.972 | D3: =IF(B3="","",(C3-B3)*24*60) -> 1340 | E3: 100 | F3: 110 | G3: =IF(E3="","",F3-E3) -> 10 | H3: =8+9+18+5+60+60+60+7+6+16+13+20+17+9 -> 308 | I3: =2+2+1+3+4+4+3+4+2+1+2+1+1+2+2+2+2+3+1+3+2+3+4+1+1+2+3+2+2+1 -> 66 | J3: =IF(B3="","",(D3-G3-H3-I3)/D3) -> 0.71343284 | K3: 10 | L3: =3+2+17+2+60+10+23 -> 117 | M3: =IF(B3="","",(D3-G3-H3-I3-K3-L3-E3)/D3) -> 0.54402985 | N3: 17000 | O3: =AVERAGE(18000,17000,17000,18000,18000,18000,17000,17000,18000,14000,18000,18000,17000,17000) -> 17285.714 | P3: =IF(B3="","",O3/N3) -> 1.0168067 | Q3: 7047 | R3: 34 | U3: =IF(S3="","",(T3-C3)) | V3: =IF(B3="","",IF(U3<3,(Q3-R3)/Q3,(Q3-R3-S3)/Q3)) -> 0.99517525 | W3: =IF(B3="","",V3*P3*J3) -> 0.72192332 | X3: =IF(B3="","",V3*P3*M3) -> 0.55050429
A4: Vitamalt Classic to Vitamalt Ginger to Carib Amber | B4: 46205.006 | C4: 46206 | D4: =IF(B4="","",(C4-B4)*24*60) -> 1431 | E4: =10+100 -> 110 | F4: 150 | G4: =IF(E4="","",F4-E4) -> 40 | H4: =5+9+7+26+17+5+12+8+6+20+10+7+17+6+9+5+7 -> 176 | I4: =2+2+2+3+4+2+3+3+4+4+3+3+2+2+4+2+4+2+1+2+2+3+3 -> 62 | J4: =IF(B4="","",(D4-G4-H4-I4)/D4) -> 0.80573026 | K4: =20+60+60 -> 140 | L4: =12+10+5+28+13+2+35+3 -> 108 | M4: =IF(B4="","",(D4-G4-H4-I4-K4-L4-E4)/D4) -> 0.55555556 | N4: 17000 | O4: =AVERAGE(17000,17000,18000,18000,17000,17000,17000,17000,17000,18000,18000,16500,17000,17000,17000,17000,17000,17000,17000) -> 17184.211 | P4: =IF(B4="","",O4/N4) -> 1.0108359 | Q4: 7413 | R4: 26 | S4: 3 | U4: =IF(S4="","",(T4-C4)) -> -46206 | V4: =IF(B4="","",IF(U4<3,(Q4-R4)/Q4,(Q4-R4-S4)/Q4)) -> 0.99649265 | W4: =IF(B4="","",V4*P4*J4) -> 0.81160448 | X4: =IF(B4="","",V4*P4*M4) -> 0.55960586
A5: Carib Amber to Stag | B5: 46206.01 | C5: 46206.83 | D5: =IF(B5="","",(C5-B5)*24*60) -> 1180 | E5: 10 | F5: 14 | G5: =IF(E5="","",F5-E5) -> 4 | H5: =6+7+5+5+5+7+5 -> 40 | I5: =4+3+2+2+1+2+2+3+2+3+2+2+2+1+3+2+2+1+1+3+2+2+4+4+4+1+2+2+3+3+3+3+4+2 -> 82 | J5: =IF(B5="","",(D5-G5-H5-I5)/D5) -> 0.89322034 | K5: =39+60+60+30+8+3 -> 200 | L5: =5+30+34+10+3 -> 82 | M5: =IF(B5="","",(D5-G5-H5-I5-K5-L5-E5)/D5) -> 0.64576271 | N5: 17000 | O5: =AVERAGE(17000,17000,17000,17000,17000,17000,17000,18000,18000,18000,16000,18000,18000,18000,18000) -> 17400 | P5: =IF(B5="","",O5/N5) -> 1.0235294 | Q5: 7455 | R5: 11 | S5: 49 | U5: =IF(S5="","",(T5-C5)) -> -46206.83 | V5: =IF(B5="","",IF(U5<3,(Q5-R5)/Q5,(Q5-R5-S5)/Q5)) -> 0.99852448 | W5: =IF(B5="","",V5*P5*J5) -> 0.91288831 | X5: =IF(B5="","",V5*P5*M5) -> 0.65998187
A6: Stag | B6: 46209.083 | C6: 46210 | D6: =IF(B6="","",(C6-B6)*24*60) -> 1320 | E6: 0 | F6: 0 | G6: =IF(E6="","",F6-E6) -> 0 | H6: =6+53+60+60+45+7+13+22+15+8+12+8+8+10+8+16+11+5+12+26+5+5+6+5+60+60 -> 546 | I6: =2+3+4+4+2+4+3+3+4+2+1+2+2+2+3+3+2+3+1+2+3+4+2+2+4+3 -> 70 | J6: =IF(B6="","",(D6-G6-H6-I6)/D6) -> 0.53333333 | K6: 0 | L6: =3+5 -> 8 | M6: =IF(B6="","",(D6-G6-H6-I6-K6-L6-E6)/D6) -> 0.52727273 | N6: 17000 | O6: =AVERAGE(18000,,17200,17200,17200,17500,17500,17500,17500,,17000,17500,17500,17500,17500,17500,17500,17500) -> 15505.556 | P6: =IF(B6="","",O6/N6) -> 0.9120915 | Q6: 6224 | R6: 18 | U6: =IF(S6="","",(T6-C6)) | V6: =IF(B6="","",IF(U6<3,(Q6-R6)/Q6,(Q6-R6-S6)/Q6)) -> 0.99710797 | W6: =IF(B6="","",V6*P6*J6) -> 0.48504198 | X6: =IF(B6="","",V6*P6*M6) -> 0.47953014
A7: Stag to Carib Amber | B7: 46210.082 | C7: 46211 | D7: =IF(B7="","",(C7-B7)*24*60) -> 1322 | E7: 10 | F7: 15 | G7: =IF(E7="","",F7-E7) -> 5 | H7: =5+8+11+12+19+5+13+11+14+5+12+6+7 -> 128 | I7: =3+3+4+4+3+2+3+3+4+3+3+2+4+4 -> 45 | J7: =IF(B7="","",(D7-G7-H7-I7)/D7) -> 0.86535552 | K7: 780 | L7: =15 -> 15 | M7: =IF(B7="","",(D7-G7-H7-I7-K7-L7-E7)/D7) -> 0.25642965 | N7: 17000 | O7: =AVERAGE(17500,17500,17500,18000,18000,17500) -> 17666.667 | P7: =IF(B7="","",O7/N7) -> 1.0392157 | Q7: 3180 | R7: 12 | U7: =IF(S7="","",(T7-C7)) | V7: =IF(B7="","",IF(U7<3,(Q7-R7)/Q7,(Q7-R7-S7)/Q7)) -> 0.99622642 | W7: =IF(B7="","",V7*P7*J7) -> 0.89589748 | X7: =IF(B7="","",V7*P7*M7) -> 0.26548011
A8: Carib Amber to Shandy Lime Local to Shandy Lime Export to Shandy Ginger Export to Shandy Ginger Local | B8: 46211.01 | C8: 46212 | D8: =IF(B8="","",(C8-B8)*24*60) -> 1426 | E8: =60+30+20+30 -> 140 | F8: 97 | G8: =IF(E8="","",F8-E8) -> -43 | H8: =40+60+5+7+6+7+7+16+6+6+8+16+30+30+15+30+19 -> 308 | I8: =2+4+3+2+2+2+2+1+3+2+4+2+2+4+1+1+2+2+1+1+3+2+2 -> 50 | J8: =IF(B8="","",(D8-G8-H8-I8)/D8) -> 0.77910238 | K8: =10+60+60+60+22 -> 212 | L8: =9+15+11+27+1+5 -> 68 | M8: =IF(B8="","",(D8-G8-H8-I8-K8-L8-E8)/D8) -> 0.48457223 | N8: 17000 | O8: =AVERAGE(17500,17200,17200,17500,17500,17500,17500,17500,17500,17500,17400,17500,17500,17500,17500) -> 17453.333 | P8: =IF(B8="","",O8/N8) -> 1.0266667 | Q8: 5705 | R8: 7 | U8: =IF(S8="","",(T8-C8)) | V8: =IF(B8="","",IF(U8<3,(Q8-R8)/Q8,(Q8-R8-S8)/Q8)) -> 0.99877301 | W8: =IF(B8="","",V8*P8*J8) -> 0.798897 | X8: =IF(B8="","",V8*P8*M8) -> 0.49688373
A9: Shandy Ginger Local to Shandy Sorrel Export to Shandy Sorrel Local | B9: 46212.007 | C9: 46212.861 | D9: =IF(B9="","",(C9-B9)*24*60) -> 1230 | E9: =20+30 -> 50 | F9: 117 | G9: =IF(E9="","",F9-E9) -> 67 | H9: =5+5+7+10+8+8+7+10+13+9+7+14+6+21+10+7+10 -> 157 | I9: =4+2+2+1+3+3+4+3+2+4+2+1+2+2+4+4+4+2+2+3+2+3+3+4+2+2 -> 70 | J9: =IF(B9="","",(D9-G9-H9-I9)/D9) -> 0.76097561 | K9: 0 | L9: =10+3+3+27+60+60+60+26+4+2+3+5+2+2 -> 267 | M9: =IF(B9="","",(D9-G9-H9-I9-K9-L9-E9)/D9) -> 0.50325203 | N9: 17000 | O9: =AVERAGE(17000,17000,17000,16800,16800,16000,16000,16000,16000,17000) -> 16560 | P9: =IF(B9="","",O9/N9) -> 0.97411765 | Q9: 4891 | R9: 14 | U9: =IF(S9="","",(T9-C9)) | V9: =IF(B9="","",IF(U9<3,(Q9-R9)/Q9,(Q9-R9-S9)/Q9)) -> 0.9971376 | W9: =IF(B9="","",V9*P9*J9) -> 0.73915793 | X9: =IF(B9="","",V9*P9*M9) -> 0.48882346
A10: Mackeson to Guinness | B10: 46213.019 | C10: 46213.84 | D10: =IF(B10="","",(C10-B10)*24*60) -> 1182 | E10: 60 | F10: 65 | G10: =IF(E10="","",F10-E10) -> 5 | H10: =10+60+20+8+5+5+30+27+60+60+5+8+6+5+24+15+7+5+8+7+8 -> 383 | I10: =4+2+1+4+4+2+4+2+4+2+2+4+2+4+2+4+2+4+3+4+2+4+3+3+1+3+2+3+2+2+2+4 -> 91 | J10: =IF(B10="","",(D10-G10-H10-I10)/D10) -> 0.59475465 | K10: 0 | L10: =5+5+3+10+2+7 -> 32 | M10: =IF(B10="","",(D10-G10-H10-I10-K10-L10-E10)/D10) -> 0.51692047 | N10: 17000 | O10: =AVERAGE(17000,11000,17000,17000,17000,17000,17000,17000,17000,17000,17000,17500,17500,17500,18000) -> 16766.667 | P10: =IF(B10="","",O10/N10) -> 0.98627451 | Q10: 5302 | R10: 11 | S10: 33 | U10: =IF(S10="","",(T10-C10)) -> -46213.84 | V10: =IF(B10="","",IF(U10<3,(Q10-R10)/Q10,(Q10-R10-S10)/Q10)) -> 0.99792531 | W10: =IF(B10="","",V10*P10*J10) -> 0.58537436 | X10: =IF(B10="","",V10*P10*M10) -> 0.50876776
A11: Guinness to Stag | B11: 46216.073 | C11: 46217 | D11: =IF(B11="","",(C11-B11)*24*60) -> 1335 | E11: 60 | F11: 55 | G11: =IF(E11="","",F11-E11) -> -5 | H11: =5+17+5+45+55+60+5+6+6+5+6+5+8+6+5+6+15+7+8+7+7 -> 289 | I11: =2+3+4+2+2+2+3+1+2+2+4+4+1+4+3+2+2+2+2+3+4+2+4+4+2+3+1+1+3+3+3+4+4+2+2+2+2+1+4+3+4+2+4+2+3+2 -> 121 | J11: =IF(B11="","",(D11-G11-H11-I11)/D11) -> 0.69662921 | K11: 0 | L11: =5+4+10+2+37+60 -> 118 | M11: =IF(B11="","",(D11-G11-H11-I11-K11-L11-E11)/D11) -> 0.56329588 | N11: 17000 | O11: =AVERAGE(17200,17200,17000,15000,15000,13500,13500,17000,17000,17000,17000,17000,17000,17000,17000,17000) -> 16337.5 | P11: =IF(B11="","",O11/N11) -> 0.96102941 | Q11: 6149 | R11: 47 | U11: =IF(S11="","",(T11-C11)) | V11: =IF(B11="","",IF(U11<3,(Q11-R11)/Q11,(Q11-R11-S11)/Q11)) -> 0.99235648 | W11: =IF(B11="","",V11*P11*J11) -> 0.66436397 | X11: =IF(B11="","",V11*P11*M11) -> 0.53720614
A12: Stag | B12: 46217.01 | C12: 46218 | D12: =IF(B12="","",(C12-B12)*24*60) -> 1425 | E12: 0 | F12: 0 | G12: =IF(E12="","",F12-E12) -> 0 | H12: =10+5+5+7+5+5+6+10+8+7+5+6+22+5 -> 106 | I12: =2+3+3+4+1+1+4+2+3+1+3+2+2+3+2+4+2+2+2+2+4+2+3+3+4+1+1+2+2+4+4+2+2+3+2+1+3+4+3+3+2+2+3+2+1+1+3+3+2+3 -> 123 | J12: =IF(B12="","",(D12-G12-H12-I12)/D12) -> 0.83929825 | K12: 0 | L12: =2+10+5+6+4+5+5+3+8+5+9+4+16+42+4+60 -> 188 | M12: =IF(B12="","",(D12-G12-H12-I12-K12-L12-E12)/D12) -> 0.70736842 | N12: 17000 | O12: =AVERAGE(17000,17000,17000,17000,17000,17000,17000,17000,17000,17000,17000,17000,17000,17000,17500,17500,17500,17300,17200,17200,17200,17200,17000) -> 17113.043 | P12: =IF(B12="","",O12/N12) -> 1.0066496 | Q12: 9145 | R12: 13 | U12: =IF(S12="","",(T12-C12)) | V12: =IF(B12="","",IF(U12<3,(Q12-R12)/Q12,(Q12-R12-S12)/Q12)) -> 0.99857846 | W12: =IF(B12="","",V12*P12*J12) -> 0.84367823 | X12: =IF(B12="","",V12*P12*M12) -> 0.71105991
A13: Carib Flint Export to Stag | B13: 46218.069 | C13: 46219 | D13: =IF(B13="","",(C13-B13)*24*60) -> 1340 | E13: =30+30 -> 60 | F13: 138 | G13: =IF(E13="","",F13-E13) -> 78 | H13: =23+6+10+6+10+5+5+8+8+11+12+5+6+5+7+5+60+60+27+9+7+6+5 -> 306 | I13: =4+1+3+3+4+1+3+2+4+6+1+4+4+3+3+2+4+4+2+3+3+2+3+2+2+2+2+1+3+4+3+2+2+1 -> 93 | J13: =IF(B13="","",(D13-G13-H13-I13)/D13) -> 0.64402985 | K13: 0 | L13: =8+11+13+2+12+5 -> 51 | M13: =IF(B13="","",(D13-G13-H13-I13-K13-L13-E13)/D13) -> 0.56119403 | N13: 17000 | O13: =AVERAGE(17000,17000,17000,17000,17000,17000,17000,17000,17000,17000,17000,17000,17000,17000,17500,17500,17500,17300,17200,17200,17200,17200,17200,17000) -> 17116.667 | P13: =IF(B13="","",O13/N13) -> 1.0068627 | Q13: 5874 | R13: 24 | U13: =IF(S13="","",(T13-C13)) | V13: =IF(B13="","",IF(U13<3,(Q13-R13)/Q13,(Q13-R13-S13)/Q13)) -> 0.9959142 | W13: =IF(B13="","",V13*P13*J13) -> 0.64580023 | X13: =IF(B13="","",V13*P13*M13) -> 0.5627367
A14: Stag to Carib Flint Export to Carib Flint Local to Carib Amber | B14: 46219.01 | C14: 46220 | D14: =IF(B14="","",(C14-B14)*24*60) -> 1425 | E14: =30+30+30 -> 90 | F14: 101 | G14: =IF(E14="","",F14-E14) -> 11 | H14: =14+5+7+11+30+25+60+60+21+6+7+26+50+25+6+8+5+8+6+9+20+5+11 -> 425 | I14: =4+3+2+4+4+1+3+4+2+2+3+1+4+3+4+3+1+2+2+3+2+3+1+2+2+1+2+2+2+3 -> 75 | J14: =IF(B14="","",(D14-G14-H14-I14)/D14) -> 0.64140351 | K14: 0 | L14: =9+1+1+11+4+21+8+3 -> 58 | M14: =IF(B14="","",(D14-G14-H14-I14-K14-L14-E14)/D14) -> 0.53754386 | N14: 17000 | O14: =AVERAGE(17000,17000,17000,17000,17200,17200,17200,17200,17200,17200,17400,16000,17000,17000,17000,17000,17000) -> 17035.294 | P14: =IF(B14="","",O14/N14) -> 1.0020761 | Q14: 6510 | R14: 6 | S14: 31 | U14: =IF(S14="","",(T14-C14)) -> -46220 | V14: =IF(B14="","",IF(U14<3,(Q14-R14)/Q14,(Q14-R14-S14)/Q14)) -> 0.99907834 | W14: =IF(B14="","",V14*P14*J14) -> 0.64214276 | X14: =IF(B14="","",V14*P14*M14) -> 0.53816341
A15: Carib Amber to Pink Ting | B15: 46220.015 | C15: 46220.156 | D15: =IF(B15="","",(C15-B15)*24*60) -> 203 | E15: 60 | F15: 45 | G15: =IF(E15="","",F15-E15) -> -15 | H15: =16+11+14 -> 41 | I15: =3+3+3+2 -> 11 | J15: =IF(B15="","",(D15-G15-H15-I15)/D15) -> 0.81773399 | K15: 0 | L15: =20 -> 20 | M15: =IF(B15="","",(D15-G15-H15-I15-K15-L15-E15)/D15) -> 0.42364532 | N15: 17000 | O15: =AVERAGE(17000,17000,17000,17000) -> 17000 | P15: =IF(B15="","",O15/N15) -> 1 | Q15: 1090 | R15: 3 | U15: =IF(S15="","",(T15-C15)) | V15: =IF(B15="","",IF(U15<3,(Q15-R15)/Q15,(Q15-R15-S15)/Q15)) -> 0.99724771 | W15: =IF(B15="","",V15*P15*J15) -> 0.81548335 | X15: =IF(B15="","",V15*P15*M15) -> 0.42247932
A16: Starmalt to Pink Ting | B16: 46223.144 | C16: 46223.871 | D16: =IF(B16="","",(C16-B16)*24*60) -> 1046 | E16: 60 | F16: 75 | G16: =IF(E16="","",F16-E16) -> 15 | H16: =5+20+33+9+12+6+10+60+60+60+15 -> 290 | I16: =4+3+2+2+1+1+1+1+1+1+1+4+3+1+4+3+4+3+2+4+2+1 -> 49 | J16: =IF(B16="","",(D16-G16-H16-I16)/D16) -> 0.66156788 | K16: 0 | L16: =3+7+3+4+3+3+2+10+5+55 -> 95 | M16: =IF(B16="","",(D16-G16-H16-I16-K16-L16-E16)/D16) -> 0.51338432 | N16: 17000 | O16: =AVERAGE(16000,17000,17000,17000,17000,17000,17000,17000,17000,17000,17000,18000,18000,18000,17500) -> 17166.667 | P16: =IF(B16="","",O16/N16) -> 1.0098039 | Q16: 6165 | R16: 23 | U16: =IF(S16="","",(T16-C16)) | V16: =IF(B16="","",IF(U16<3,(Q16-R16)/Q16,(Q16-R16-S16)/Q16)) -> 0.99626926 | W16: =IF(B16="","",V16*P16*J16) -> 0.6655615 | X16: =IF(B16="","",V16*P16*M16) -> 0.51648342
A17: Pink Ting to Carib Amber to Pink Ting | B17: 46224 | C17: 46225 | D17: =IF(B17="","",(C17-B17)*24*60) -> 1440 | E17: =60+60 -> 120 | F17: 120 | G17: =IF(E17="","",F17-E17) -> 0 | H17: =9+5+5+6+14+60+60+30+8 -> 197 | I17: =2+1+2+2+1+2+1+2+1+1+1+1+1+3+2+3+1+2+2+4+1+3+2+1+2+1+2+2+3+2+3+2+2+3 -> 64 | J17: =IF(B17="","",(D17-G17-H17-I17)/D17) -> 0.81875 | K17: 0 | L17: =60+60+15+3+3+5+6+60+60+30+2+2+4+2+3+2+3+2+2+3+2+2+1 -> 332 | M17: =IF(B17="","",(D17-G17-H17-I17-K17-L17-E17)/D17) -> 0.50486111 | N17: 17000 | O17: =AVERAGE(17000,17000,17000,17000,15000,15000,15000,15000,15000,15000,15000,16000,11000,15500,16000,16000) -> 15468.75 | P17: =IF(B17="","",O17/N17) -> 0.90992647 | Q17: 7538 | R17: 17 | U17: =IF(S17="","",(T17-C17)) | V17: =IF(B17="","",IF(U17<3,(Q17-R17)/Q17,(Q17-R17-S17)/Q17)) -> 0.99774476 | W17: =IF(B17="","",V17*P17*J17) -> 0.74332214 | X17: =IF(B17="","",V17*P17*M17) -> 0.45835046
A18: Pink Ting | B18: 46225.009 | C18: 46225.472 | D18: =IF(B18="","",(C18-B18)*24*60) -> 667 | E18: 0 | F18: 0 | G18: =IF(E18="","",F18-E18) -> 0 | H18: =7+9+6+8+7+13+13 -> 63 | I18: =4+4+4+4+2+4+1 -> 23 | J18: =IF(B18="","",(D18-G18-H18-I18)/D18) -> 0.87106447 | K18: 0 | L18: =13+17+8+3+28+4+2+2+2+2+2+3+2+2+1+2+2+1+2+2+2+2+2+2+2+2+2+2 -> 116 | M18: =IF(B18="","",(D18-G18-H18-I18-K18-L18-E18)/D18) -> 0.69715142 | N18: 17000 | O18: =AVERAGE(17000,17000,17000,17000,17000,17000,17000,17000,17000,17000,15000) -> 16818.182 | P18: =IF(B18="","",O18/N18) -> 0.98930481 | Q18: 3069 | R18: 12 | U18: =IF(S18="","",(T18-C18)) | V18: =IF(B18="","",IF(U18<3,(Q18-R18)/Q18,(Q18-R18-S18)/Q18)) -> 0.99608993 | W18: =IF(B18="","",V18*P18*J18) -> 0.85837878 | X18: =IF(B18="","",V18*P18*M18) -> 0.6869985
A19: Pornstar Martini to Dark Berry Royale | B19: 46226.236 | C19: 46227 | D19: =IF(B19="","",(C19-B19)*24*60) -> 1100 | E19: 45 | F19: 86 | G19: =IF(E19="","",F19-E19) -> 41 | H19: =9+6+13+5+6+5+8+60+60+28+40+26+36 -> 302 | I19: =3+3+2+2+3+1+2+2+4+2+3+1+3+3+4+3+4+1+2+2 -> 50 | J19: =IF(B19="","",(D19-G19-H19-I19)/D19) -> 0.64272727 | K19: 0 | L19: =5+60+60+15+15+10+7+3 -> 175 | M19: =IF(B19="","",(D19-G19-H19-I19-K19-L19-E19)/D19) -> 0.44272727 | N19: 17000 | O19: =AVERAGE(15000,15000,11000,18000,17000,17500,17500,17500,18000) -> 16277.778 | P19: =IF(B19="","",O19/N19) -> 0.95751634 | Q19: 3913 | R19: 3 | S19: 26 | U19: =IF(S19="","",(T19-C19)) -> -46227 | V19: =IF(B19="","",IF(U19<3,(Q19-R19)/Q19,(Q19-R19-S19)/Q19)) -> 0.99923332 | W19: =IF(B19="","",V19*P19*J19) -> 0.61495004 | X19: =IF(B19="","",V19*P19*M19) -> 0.42359359
A20: Dark Berry Royale | B20: 46227.537 | C20: 46227.753 | D20: =IF(B20="","",(C20-B20)*24*60) -> 311 | E20: 0 | F20: 0 | G20: =IF(E20="","",F20-E20) -> 0 | H20: =5+48+23+7+30 -> 113 | I20: =2+2+3+4 -> 11 | J20: =IF(B20="","",(D20-G20-H20-I20)/D20) -> 0.60128617 | K20: 0 | L20: =4+2+2+2+2 -> 12 | M20: =IF(B20="","",(D20-G20-H20-I20-K20-L20-E20)/D20) -> 0.56270096 | N20: 17000 | O20: =AVERAGE(17000,17000,17000,17000) -> 17000 | P20: =IF(B20="","",O20/N20) -> 1 | Q20: 1392 | R20: 45 | U20: =IF(S20="","",(T20-C20)) | V20: =IF(B20="","",IF(U20<3,(Q20-R20)/Q20,(Q20-R20-S20)/Q20)) -> 0.96767241 | W20: =IF(B20="","",V20*P20*J20) -> 0.58184804 | X20: =IF(B20="","",V20*P20*M20) -> 0.5445102
A21: Carib Amber | B21: 46230.226 | C21: 46231 | D21: =IF(B21="","",(C21-B21)*24*60) -> 1115 | E21: 0 | F21: 0 | G21: =IF(E21="","",F21-E21) -> 0 | H21: =6+5+60+60+60+35+8+18+14+21+7 -> 294 | I21: =4+2+2+4+2+3+2+2+4+2+3+1+2+4+2+1+1+1+3+2+2+4+3+3+3+2+3 -> 67 | J21: =IF(B21="","",(D21-G21-H21-I21)/D21) -> 0.67623318 | K21: 0 | L21: =2+6+4+35 -> 47 | M21: =IF(B21="","",(D21-G21-H21-I21-K21-L21-E21)/D21) -> 0.63408072 | N21: 17000 | O21: =AVERAGE(17000,17000,17000,17000,17000,16800,16800,16000,17000,17000) -> 16860 | P21: =IF(B21="","",O21/N21) -> 0.99176471 | Q21: 5545 | R21: 46 | S21: 17 | U21: =IF(S21="","",(T21-C21)) -> -46231 | V21: =IF(B21="","",IF(U21<3,(Q21-R21)/Q21,(Q21-R21-S21)/Q21)) -> 0.99170424 | W21: =IF(B21="","",V21*P21*J21) -> 0.66510053 | X21: =IF(B21="","",V21*P21*M21) -> 0.62364201
A22: Carib Amber to Carib Flint Export | B22: 46231.006 | C22: 46232 | D22: =IF(B22="","",(C22-B22)*24*60) -> 1431 | E22: 30 | F22: 22 | G22: =IF(E22="","",F22-E22) -> -8 | H22: =10+5+5+11+7+5+29+10+6+33+8+5 -> 134 | I22: =3+1+2+3+4+4+3+3+1+4+4+3+3+2+2+2+2+2+3+2+3+3+1+2+4+2+3+3+2+3+1+4+2+3+3+1+2+2+2+1+4+3+3 -> 110 | J22: =IF(B22="","",(D22-G22-H22-I22)/D22) -> 0.83508036 | K22: 0 | L22: =8+2+2+2+3+10 -> 27 | M22: =IF(B22="","",(D22-G22-H22-I22-K22-L22-E22)/D22) -> 0.79524808 | N22: 17000 | O22: =AVERAGE(17000,17000,17000,17000,17000,17000,17000,17000,16600,16600,16600,16700,16700) -> 16861.538 | P22: =IF(B22="","",O22/N22) -> 0.9918552 | Q22: 9728 | R22: 27 | U22: =IF(S22="","",(T22-C22)) | V22: =IF(B22="","",IF(U22<3,(Q22-R22)/Q22,(Q22-R22-S22)/Q22)) -> 0.99722451 | W22: =IF(B22="","",V22*P22*J22) -> 0.82597992 | X22: =IF(B22="","",V22*P22*M22) -> 0.78658172
A23: Carib Flnt Export to Carib Flint Local to Vitamalt | B23: 46232.007 | C23: 46233 | D23: =IF(B23="","",(C23-B23)*24*60) -> 1430 | E23: =30+100 -> 130 | F23: 150 | G23: =IF(E23="","",F23-E23) -> 20 | H23: =5+6+6+6+6+5+10+30+5+5+5+6 -> 95 | I23: =2+3+3+4+4+2+2+2+2+2+1+2+3+3+4+4 -> 43 | J23: =IF(B23="","",(D23-G23-H23-I23)/D23) -> 0.88951049 | K23: 0 | L23: =7+5+5+10+60+60+60+60+60+45+15+60+11+6+1+4+2+4+3+2+5 -> 485 | M23: =IF(B23="","",(D23-G23-H23-I23-K23-L23-E23)/D23) -> 0.45944056 | N23: 17000 | O23: =AVERAGE(16000,16800,16000,16000,16000,16000,16000,16000,16000,16000,16000,16000,16000,16000,16000,16000,16000,18000,18000,17000,18000,18000,18000) -> 16513.043 | P23: =IF(B23="","",O23/N23) -> 0.9713555 | Q23: 5577 | R23: 15 | U23: =IF(S23="","",(T23-C23)) | V23: =IF(B23="","",IF(U23<3,(Q23-R23)/Q23,(Q23-R23-S23)/Q23)) -> 0.99731038 | W23: =IF(B23="","",V23*P23*J23) -> 0.86170699 | X23: =IF(B23="","",V23*P23*M23) -> 0.44507979
A24: Vitamalt Classic to Stag to Carib Amber | B24: 46233.004 | C24: 46234 | D24: =IF(B24="","",(C24-B24)*24*60) -> 1434 | E24: =100+10 -> 110 | F24: 112 | G24: =IF(E24="","",F24-E24) -> 2 | H24: =7+5+6+15+5+8+6+8+9 -> 69 | I24: =3+2+1+2+3+2+2+2+1+2+1+1+3+1+1+2+1+2+1+1+1+1+1+1+1+1+3+2+4+3+4+2+3+3+3+2+3+3+2+4+2+2+4 -> 89 | J24: =IF(B24="","",(D24-G24-H24-I24)/D24) -> 0.88842399 | K24: 0 | L24: =2+60+26+9+3+2+2+2+3+3+2+26+5+6+6+17+33+14 -> 221 | M24: =IF(B24="","",(D24-G24-H24-I24-K24-L24-E24)/D24) -> 0.65760112 | N24: 17000 | O24: =AVERAGE(17000,15000,16500,17500,17000,16700,16700,16700,16700,16700,16700,16700,16700,17000,17000,17000,18000,17000,17000) -> 16821.053 | P24: =IF(B24="","",O24/N24) -> 0.98947368 | Q24: 9108 | R24: 12 | U24: =IF(S24="","",(T24-C24)) | V24: =IF(B24="","",IF(U24<3,(Q24-R24)/Q24,(Q24-R24-S24)/Q24)) -> 0.99868248 | W24: =IF(B24="","",V24*P24*J24) -> 0.87791396 | X24: =IF(B24="","",V24*P24*M24) -> 0.64982171
A25: Carib Amber | B25: 46234.007 | C25: 46234.744 | D25: =IF(B25="","",(C25-B25)*24*60) -> 1062 | E25: 0 | F25: 0 | G25: =IF(E25="","",F25-E25) -> 0 | H25: =6+5+40+9+5+5+7+8+6 -> 91 | I25: =4+4+1+3+4+2+1+4+3+2+2+1+3+3+2+2+3+4+2+4+3+1+1+1+2+2+2+4+2+2+3 -> 77 | J25: =IF(B25="","",(D25-G25-H25-I25)/D25) -> 0.84180791 | K25: 0 | L25: =6+16+17+5+50+5 -> 99 | M25: =IF(B25="","",(D25-G25-H25-I25-K25-L25-E25)/D25) -> 0.74858757 | N25: 17000 | O25: =AVERAGE(16000,16000,16500,17000,17000,17000,17000,17000,17000,17000,17000,17000,15800,15800,15800,15800,15800) -> 16500 | P25: =IF(B25="","",O25/N25) -> 0.97058824 | Q25: 7553 | R25: 11 | U25: =IF(S25="","",(T25-C25)) | V25: =IF(B25="","",IF(U25<3,(Q25-R25)/Q25,(Q25-R25-S25)/Q25)) -> 0.99854363 | W25: =IF(B25="","",V25*P25*J25) -> 0.81585892 | X25: =IF(B25="","",V25*P25*M25) -> 0.72551213
D26: =IF(B26="","",(C26-B26)*24*60) | G26: =IF(E26="","",F26-E26) | J26: =IF(B26="","",(D26-G26-H26-I26)/D26) | M26: =IF(B26="","",(D26-G26-H26-I26-K26-L26-E26)/D26) | P26: =IF(B26="","",O26/N26) | U26: =IF(S26="","",(T26-C26)) | V26: =IF(B26="","",IF(U26<3,(Q26-R26)/Q26,(Q26-R26-S26)/Q26)) | W26: =IF(B26="","",V26*P26*J26) | X26: =IF(B26="","",V26*P26*M26)
D27: =IF(B27="","",(C27-B27)*24*60) | G27: =IF(E27="","",F27-E27) | J27: =IF(B27="","",(D27-G27-H27-I27)/D27) | M27: =IF(B27="","",(D27-G27-H27-I27-K27-L27-E27)/D27) | P27: =IF(B27="","",O27/N27) | U27: =IF(S27="","",(T27-C27)) | V27: =IF(B27="","",IF(U27<3,(Q27-R27)/Q27,(Q27-R27-S27)/Q27)) | W27: =IF(B27="","",V27*P27*J27) | X27: =IF(B27="","",V27*P27*M27)
D28: =IF(B28="","",(C28-B28)*24*60) | G28: =IF(E28="","",F28-E28) | J28: =IF(B28="","",(D28-G28-H28-I28)/D28) | M28: =IF(B28="","",(D28-G28-H28-I28-K28-L28-E28)/D28) | P28: =IF(B28="","",O28/N28) | U28: =IF(S28="","",(T28-C28)) | V28: =IF(B28="","",IF(U28<3,(Q28-R28)/Q28,(Q28-R28-S28)/Q28)) | W28: =IF(B28="","",V28*P28*J28) | X28: =IF(B28="","",V28*P28*M28)
D29: =IF(B29="","",(C29-B29)*24*60) | G29: =IF(E29="","",F29-E29) | J29: =IF(B29="","",(D29-G29-H29-I29)/D29) | M29: =IF(B29="","",(D29-G29-H29-I29-K29-L29-E29)/D29) | P29: =IF(B29="","",O29/N29) | U29: =IF(S29="","",(T29-C29)) | V29: =IF(B29="","",IF(U29<3,(Q29-R29)/Q29,(Q29-R29-S29)/Q29)) | W29: =IF(B29="","",V29*P29*J29) | X29: =IF(B29="","",V29*P29*M29)
D30: =IF(B30="","",(C30-B30)*24*60) | G30: =IF(E30="","",F30-E30) | J30: =IF(B30="","",(D30-G30-H30-I30)/D30) | M30: =IF(B30="","",(D30-G30-H30-I30-K30-L30-E30)/D30) | P30: =IF(B30="","",O30/N30) | U30: =IF(S30="","",(T30-C30)) | V30: =IF(B30="","",IF(U30<3,(Q30-R30)/Q30,(Q30-R30-S30)/Q30)) | W30: =IF(B30="","",V30*P30*J30) | X30: =IF(B30="","",V30*P30*M30)
D31: =IF(B31="","",(C31-B31)*24*60) | G31: =IF(E31="","",F31-E31) | J31: =IF(B31="","",(D31-G31-H31-I31)/D31) | M31: =IF(B31="","",(D31-G31-H31-I31-K31-L31-E31)/D31) | P31: =IF(B31="","",O31/N31) | U31: =IF(S31="","",(T31-C31)) | V31: =IF(B31="","",IF(U31<3,(Q31-R31)/Q31,(Q31-R31-S31)/Q31)) | W31: =IF(B31="","",V31*P31*J31) | X31: =IF(B31="","",V31*P31*M31)
D32: =IF(B32="","",(C32-B32)*24*60) | G32: =IF(E32="","",F32-E32) | J32: =IF(B32="","",(D32-G32-H32-I32)/D32) | M32: =IF(B32="","",(D32-G32-H32-I32-K32-L32-E32)/D32) | P32: =IF(B32="","",O32/N32) | U32: =IF(S32="","",(T32-C32)) | V32: =IF(B32="","",IF(U32<3,(Q32-R32)/Q32,(Q32-R32-S32)/Q32)) | W32: =IF(B32="","",V32*P32*J32) | X32: =IF(B32="","",V32*P32*M32)
D33: =IF(B33="","",(C33-B33)*24*60) | G33: =IF(E33="","",F33-E33) | J33: =IF(B33="","",(D33-G33-H33-I33)/D33) | M33: =IF(B33="","",(D33-G33-H33-I33-K33-L33-E33)/D33) | P33: =IF(B33="","",O33/N33) | U33: =IF(S33="","",(T33-C33)) | V33: =IF(B33="","",IF(U33<3,(Q33-R33)/Q33,(Q33-R33-S33)/Q33)) | W33: =IF(B33="","",V33*P33*J33) | X33: =IF(B33="","",V33*P33*M33)
D34: =IF(B34="","",(C34-B34)*24*60) | G34: =IF(E34="","",F34-E34) | J34: =IF(B34="","",(D34-G34-H34-I34)/D34) | M34: =IF(B34="","",(D34-G34-H34-I34-K34-L34-E34)/D34) | P34: =IF(B34="","",O34/N34) | U34: =IF(S34="","",(T34-C34)) | V34: =IF(B34="","",IF(U34<3,(Q34-R34)/Q34,(Q34-R34-S34)/Q34)) | W34: =IF(B34="","",V34*P34*J34) | X34: =IF(B34="","",V34*P34*M34)
D35: =IF(B35="","",(C35-B35)*24*60) | G35: =IF(E35="","",F35-E35) | J35: =IF(B35="","",(D35-G35-H35-I35)/D35) | M35: =IF(B35="","",(D35-G35-H35-I35-K35-L35-E35)/D35) | P35: =IF(B35="","",O35/N35) | U35: =IF(S35="","",(T35-C35)) | V35: =IF(B35="","",IF(U35<3,(Q35-R35)/Q35,(Q35-R35-S35)/Q35)) | W35: =IF(B35="","",V35*P35*J35) | X35: =IF(B35="","",V35*P35*M35)
D36: =IF(B36="","",(C36-B36)*24*60) | G36: =IF(E36="","",F36-E36) | J36: =IF(B36="","",(D36-G36-H36-I36)/D36) | M36: =IF(B36="","",(D36-G36-H36-I36-K36-L36-E36)/D36) | P36: =IF(B36="","",O36/N36) | U36: =IF(S36="","",(T36-C36)) | V36: =IF(B36="","",IF(U36<3,(Q36-R36)/Q36,(Q36-R36-S36)/Q36)) | W36: =IF(B36="","",V36*P36*J36) | X36: =IF(B36="","",V36*P36*M36)
D37: =IF(B37="","",(C37-B37)*24*60) | G37: =IF(E37="","",F37-E37) | J37: =IF(B37="","",(D37-G37-H37-I37)/D37) | M37: =IF(B37="","",(D37-G37-H37-I37-K37-L37-E37)/D37) | P37: =IF(B37="","",O37/N37) | U37: =IF(S37="","",(T37-C37)) | V37: =IF(B37="","",IF(U37<3,(Q37-R37)/Q37,(Q37-R37-S37)/Q37)) | W37: =IF(B37="","",V37*P37*J37) | X37: =IF(B37="","",V37*P37*M37)
B38: Total | D38: =SUM(D3:D37) -> 27195 | E38: =SUM(E3:E37) -> 1245 | F38: =SUM(F3:F37) -> 1472 | G38: =SUM(G3:G37) -> 227 | H38: =SUM(H2:H37) -> 4861 | I38: =SUM(I3:I37) -> 1542 | J38: =(D38-G38-H38-I38)/D38 -> 0.75620518 | K38: =SUM(K3:K37) -> 1342 | L38: =SUM(L3:L37) -> 2741 | M38: =(D38-G38-H38-I38-E38-K38-L38)/D38 -> 0.56028682 | N38: =AVERAGE(N3:N37) -> 17000 | O38: =AVERAGE(O3:O37) -> 16813.551 | P38: =O38/N38 -> 0.98903238 | Q38: =SUM(Q3:Q35) -> 135573 | V38: =AVERAGE(V3:V37) -> 0.99569621 | W38: =V38*P38*J38 -> 0.74469256 | X38: =V38*P38*M38 -> 0.5517569
G44: =AVERAGE('January 2026 (w Utilization)'!X38,'February 2026 (w Utilization) '!X38,'March 2026 (w Utilization'!X38,'April 2026 (w Utilization) '!X38,'May 2026 (w Utilization)'!X38,'June 2026 (w Utilization)'!X38,'July 2026 (w Utilization)'!X38) -> 0.55354563
D46: Real | E46: Opportunity
C47: OEE | D47: =W38 -> 0.74469256 | E47: =100%-D47 -> 0.25530744
C48: OEE Utilization | D48: =X38 -> 0.5517569 | E48: =100%-D48 -> 0.4482431
C49: Availability (for OEE) | D49: =J38 -> 0.75620518 | E49: =100%-D49 -> 0.24379482
C50: Availability (for OEE Utilization) | D50: =M38 -> 0.56028682 | E50: =100%-D50 -> 0.43971318
C51: Performance | D51: =P38 -> 0.98903238 | E51: =100%-D51 -> 0.010967616
C52: =V2 -> Quality | D52: =V38 -> 0.99569621 | E52: =100%-D52 -> 0.0043037919

Sheet August 2026 (w Utilization)
C1: OEE Calculation | G1: CARIB BREWERY
A2: SKU | B2: Start Time dd/mm/yyyy h:mm | C2: End Time dd/mm/yyyy h:mm (when production actually ends) | D2: Available time /mins | E2: Changeover Standard time /mins | F2: Actual Changeover /mins | G2: Changeover Deviation /mins | H2: Total Breakdowns /mins | I2: Total Minor Stops /mins | J2: Availability (for OEE) | K2: Planned Downtime /mins | L2: External Downtime /mins | M2: Availability (for OEE Utilization) | N2: Nominal Speed | O2: Actual (Average) Speed | P2: Performance | Q2: Total Products Produced /Cases | R2: Low Fill /Cases | S2: Embargo /cases | T2: Embargo release date | U2: Embargo Residence time /days | V2: Quality | W2: OEE | X2: OEE Utilization
A3: Guinness | B3: 46237.122 | C3: 46237.979 | D3: =IF(B3="","",(C3-B3)*24*60) -> 1235 | E3: 0 | F3: 0 | G3: =IF(E3="","",F3-E3) -> 0 | H3: =6+5+7+5+5+5+9+26+60+17+12+20+8+20+28+7+11+8+7+5+21+6+11+6+10+6+8+15 -> 354 | I3: =2+1+3+2+3+4+4+3+3+3+2+4+3+2+1+3+3+1+2+3+2+2+3+4+3+4+4+4+4+2+3+4+3+3 -> 97 | J3: =IF(B3="","",(D3-G3-H3-I3)/D3) -> 0.63481781 | K3: 0 | L3: =6+7+12+10+4 -> 39 | M3: =IF(B3="","",(D3-G3-H3-I3-K3-L3-E3)/D3) -> 0.60323887 | N3: 17000 | O3: =AVERAGE(17000,17000,17000,17000,17000,17000,16000,15000,13000,13000,13000,17000,17000,17000) -> 15928.571 | P3: =IF(B3="","",O3/N3) -> 0.93697479 | Q3: 5831 | R3: 57 | S3: 64 | T3: 46241 | U3: =IF(S3="","",(T3-C3)) -> 3.0208333 | V3: =IF(B3="","",IF(U3<3,(Q3-R3)/Q3,(Q3-R3-S3)/Q3)) -> 0.97924884 | W3: =IF(B3="","",V3*P3*J3) -> 0.58246533 | X3: =IF(B3="","",V3*P3*M3) -> 0.55349065
A4: Carib Amber | B4: 46238.062 | C4: 46239 | D4: =IF(B4="","",(C4-B4)*24*60) -> 1350 | E4: 0 | F4: 0 | G4: =IF(E4="","",F4-E4) -> 0 | H4: =5+8+5+5+7+5+11+6 -> 52 | I4: =2+2+4+1+2+2+3+2+3+3+2+3+1+3+3+3+4+3+4+2+4+1+1+2+1+3+1+2+2+1+2+4+3+1+2+3+3+2+3+3 -> 96 | J4: =IF(B4="","",(D4-G4-H4-I4)/D4) -> 0.89037037 | K4: 0 | L4: =2+6+7+4+3+5+5+6+5+5+2+5+4+4+6+4+28+2+3+2+2+2+4 -> 116 | M4: =IF(B4="","",(D4-G4-H4-I4-K4-L4-E4)/D4) -> 0.80444444 | N4: 17000 | O4: =AVERAGE(15700,15700,15700,15700,15700,15700,15700,15700,16000,16000,16000,16000,16000,16000,16000,16000,17000,17000,17000,17000,17000) -> 16123.81 | P4: =IF(B4="","",O4/N4) -> 0.94845938 | Q4: 10243 | R4: 21 | U4: =IF(S4="","",(T4-C4)) | V4: =IF(B4="","",IF(U4<3,(Q4-R4)/Q4,(Q4-R4-S4)/Q4)) -> 0.99794982 | W4: =IF(B4="","",V4*P4*J4) -> 0.8427488 | X4: =IF(B4="","",V4*P4*M4) -> 0.76141863
A5: Carib Amber to Stag to Carib Amber | B5: 46239.007 | C5: 46240 | D5: =IF(B5="","",(C5-B5)*24*60) -> 1430 | E5: =10+10 -> 20 | F5: =14+21 -> 35 | G5: =IF(E5="","",F5-E5) -> 15 | H5: =13+7+10+25+6+12+5+9+6+15+29 -> 137 | I5: =1+2+4+2+2+4+4+3+4+2+2+2+3+1+4+2+2+2+2+2+2+3+2+1+2+2 -> 62 | J5: =IF(B5="","",(D5-G5-H5-I5)/D5) -> 0.85034965 | K5: 0 | L5: =16+16+60+60+60+60+15+6+4+14+33 -> 344 | M5: =IF(B5="","",(D5-G5-H5-I5-K5-L5-E5)/D5) -> 0.5958042 | N5: 17000 | O5: =AVERAGE(15500,15000,15500,15500,11000,16000,16000,16000,16000,16000,15000,17000,17000,16000,15000,15000,15000) -> 15441.176 | P5: =IF(B5="","",O5/N5) -> 0.9083045 | Q5: =2644+4281+407 -> 7332 | R5: 63 | U5: =IF(S5="","",(T5-C5)) | V5: =IF(B5="","",IF(U5<3,(Q5-R5)/Q5,(Q5-R5-S5)/Q5)) -> 0.99140753 | W5: =IF(B5="","",V5*P5*J5) -> 0.76573979 | X5: =IF(B5="","",V5*P5*M5) -> 0.53652163
A6: Carib Amber to Starmalt | B6: 46240.007 | C6: 46240.946 | D6: =IF(B6="","",(C6-B6)*24*60) -> 1352 | E6: 45 | F6: 60 | G6: =IF(E6="","",F6-E6) -> 15 | H6: =5+8+15+60+60+60+60+60+5+5+5+6+6+10 -> 365 | I6: =2+2+1+2+2+1+1+1+2+2+2+4+2+3+4+2+3+4+3+4+1+2+1+2+2+3+3+3+4+4+3+2+2 -> 79 | J6: =IF(B6="","",(D6-G6-H6-I6)/D6) -> 0.66050296 | K6: 0 | L6: =16+47+13+2+2 -> 80 | M6: =IF(B6="","",(D6-G6-H6-I6-K6-L6-E6)/D6) -> 0.56804734 | N6: 17000 | O6: =AVERAGE(14000,15000,16000,15000,15500,15500,17000,17000,17000,16000,15500,15500,15500,15500,15500) -> 15700 | P6: =IF(B6="","",O6/N6) -> 0.92352941 | Q6: 6934 | R6: 66 | U6: =IF(S6="","",(T6-C6)) | V6: =IF(B6="","",IF(U6<3,(Q6-R6)/Q6,(Q6-R6-S6)/Q6)) -> 0.99048168 | W6: =IF(B6="","",V6*P6*J6) -> 0.60418779 | X6: =IF(B6="","",V6*P6*M6) -> 0.51961503
A7: Starmalt to Carib Flint to Amber | B7: 46241.056 | C7: 46241.809 | D7: =IF(B7="","",(C7-B7)*24*60) -> 1085 | E7: 60 | F7: 135 | G7: =IF(E7="","",F7-E7) -> 75 | H7: =6+40+6+13+11+16+5+7+6+5+5+6 -> 126 | I7: =4+2+1+2+1+2+2+4+2+2+1+2+1+3+3+4+3+4+3+4+3+2+3 -> 58 | J7: =IF(B7="","",(D7-G7-H7-I7)/D7) -> 0.76129032 | K7: 0 | L7: =3+6+4+8+5+4+4+2+2+5+4+5 -> 52 | M7: =IF(B7="","",(D7-G7-H7-I7-K7-L7-E7)/D7) -> 0.65806452 | N7: 17000 | O7: =AVERAGE(17000,17000,16000,16000,16000,16000,17000,17000,17000,17000,15000,15000) -> 16333.333 | P7: =IF(B7="","",O7/N7) -> 0.96078431 | Q7: =5846+497 -> 6343 | R7: =13+3 -> 16 | U7: =IF(S7="","",(T7-C7)) | V7: =IF(B7="","",IF(U7<3,(Q7-R7)/Q7,(Q7-R7-S7)/Q7)) -> 0.99747753 | W7: =IF(B7="","",V7*P7*J7) -> 0.72959078 | X7: =IF(B7="","",V7*P7*M7) -> 0.63066322
A8: Carib Flint Export | B8: 46246.403 | C8: 46247.007 | D8: =IF(B8="","",(C8-B8)*24*60) -> 870 | E8: 0 | F8: 0 | G8: =IF(E8="","",F8-E8) -> 0 | H8: =7+5+9+11+17+7+6+6+9+6+9+6+8+5+22+5+15+5+10+14+10+5+5 -> 202 | I8: =3+4+4+3+2+4+1+4+3+3+3+3+2+2+2+2 -> 45 | J8: =IF(B8="","",(D8-G8-H8-I8)/D8) -> 0.71609195 | K8: 0 | L8: =46+4+10+6+6+10 -> 82 | M8: =IF(B8="","",(D8-G8-H8-I8-K8-L8-E8)/D8) -> 0.62183908 | N8: 17000 | O8: =AVERAGE(15000,14900,14000,14000,16000,16000,16000,17000,17000,17000) -> 15690 | P8: =IF(B8="","",O8/N8) -> 0.92294118 | Q8: 4542 | R8: 15 | S8: 8 | U8: =IF(S8="","",(T8-C8)) -> -46247.007 | V8: =IF(B8="","",IF(U8<3,(Q8-R8)/Q8,(Q8-R8-S8)/Q8)) -> 0.99669749 | W8: =IF(B8="","",V8*P8*J8) -> 0.65872809 | X8: =IF(B8="","",V8*P8*M8) -> 0.57202551
A9: Carib Flint Export to Local to Carib Amber | B9: 46247.012 | C9: 46248 | D9: =IF(B9="","",(C9-B9)*24*60) -> 1423 | E9: =5+10 -> 15 | F9: 135 | G9: =IF(E9="","",F9-E9) -> 120 | H9: =10+5+21+42+10+5+5+5+5+10+5 -> 123 | I9: =1+1+4+4+2+2+1+2+2+3+3+2+3+2+2+4+1+2+1+1+2+4+3+2+3+4+1+3+2+3+4+1+3+4+4+2+4+1+3+4+4+2 -> 106 | J9: =IF(B9="","",(D9-G9-H9-I9)/D9) -> 0.7547435 | K9: 0 | L9: =6+2+4+1+2+3+2+2+2+2+7+31+3+7+5 -> 79 | M9: =IF(B9="","",(D9-G9-H9-I9-K9-L9-E9)/D9) -> 0.68868587 | N9: 17000 | O9: =AVERAGE(16000,16000,16800,16000,16000,16000,16000,17000,15000,15000,15000,15000,15000,15000) -> 15700 | P9: =IF(B9="","",O9/N9) -> 0.92352941 | Q9: =899+4088+3184 -> 8171 | R9: =6+3 -> 9 | U9: =IF(S9="","",(T9-C9)) | V9: =IF(B9="","",IF(U9<3,(Q9-R9)/Q9,(Q9-R9-S9)/Q9)) -> 0.99889854 | W9: =IF(B9="","",V9*P9*J9) -> 0.69626007 | X9: =IF(B9="","",V9*P9*M9) -> 0.63532111
A10: Stag to Carib Amber | B10: 46248.012 | C10: 46248.818 | D10: =IF(B10="","",(C10-B10)*24*60) -> 1161 | E10: =10+10 -> 20 | F10: 37 | G10: =IF(E10="","",F10-E10) -> 17 | H10: =9+16+6+5+6+6+5+5+5+8+5+8+5+5 -> 94 | I10: =2+2+3+2+3+2+2+4+2+4+4+2+1+2+1+2+4+2+4+3 -> 51 | J10: =IF(B10="","",(D10-G10-H10-I10)/D10) -> 0.86046512 | K10: 0 | L10: =34+2+6+37+30+30+6+6 -> 151 | M10: =IF(B10="","",(D10-G10-H10-I10-K10-L10-E10)/D10) -> 0.71317829 | N10: 17000 | O10: =AVERAGE(17000,17000,17000,17000,17000,17000,17000,17000,17000,17000,17000,16000,16000,16000,16000) -> 16733.333 | P10: =IF(B10="","",O10/N10) -> 0.98431373 | Q10: =6323+649 -> 6972 | R10: =13+2 -> 15 | S10: =13+280 -> 293 | U10: =IF(S10="","",(T10-C10)) -> -46248.818 | V10: =IF(B10="","",IF(U10<3,(Q10-R10)/Q10,(Q10-R10-S10)/Q10)) -> 0.99784854 | W10: =IF(B10="","",V10*P10*J10) -> 0.8451454 | X10: =IF(B10="","",V10*P10*M10) -> 0.70048088
A11: Carib Flint Export to Local | B11: 46251.083 | C11: 46252 | D11: =IF(B11="","",(C11-B11)*24*60) -> 1320 | E11: 5 | F11: 89 | G11: =IF(E11="","",F11-E11) -> 84 | H11: =5+22+16+5+5+6+12+7+15+5+22+26+51+8+18+11+6+13+11+7+34+14+12+10+10 -> 351 | I11: =2+3+1+3+3+3+3+2+3+3+2+3+3 -> 34 | J11: =IF(B11="","",(D11-G11-H11-I11)/D11) -> 0.64469697 | K11: 0 | L11: =3+15+2+2+3+2+4+2+3+3+2+4 -> 45 | M11: =IF(B11="","",(D11-G11-H11-I11-K11-L11-E11)/D11) -> 0.60681818 | N11: 17000 | O11: =AVERAGE(18000,17000,17000,17000,17000,15000,15000,15000,15000,15000,15000,15000,16000,16000,16000,16000) -> 15937.5 | P11: =IF(B11="","",O11/N11) -> 0.9375 | Q11: 5598 | R11: 17 | U11: =IF(S11="","",(T11-C11)) | V11: =IF(B11="","",IF(U11<3,(Q11-R11)/Q11,(Q11-R11-S11)/Q11)) -> 0.9969632 | W11: =IF(B11="","",V11*P11*J11) -> 0.60256796 | X11: =IF(B11="","",V11*P11*M11) -> 0.56716443
A12: Carib Flint Local to Amber | B12: 46252.052 | C12: 46253 | D12: =IF(B12="","",(C12-B12)*24*60) -> 1365 | E12: 10 | F12: 40 | G12: =IF(E12="","",F12-E12) -> 30 | H12: =60+15+24+5+5+8+10+10+6+5+5+5+7+7+7 -> 179 | I12: =4+2+4+3+3+1+2+3+4+2+3+2+1+2+2+3+2+2+1+3+3+2+2+3+3+4+2+4+1+3+2+2+4+2+4+2+3+2+3+3+2+2 -> 107 | J12: =IF(B12="","",(D12-G12-H12-I12)/D12) -> 0.76849817 | K12: 0 | L12: =10+2+3+3+10+2+3+6 -> 39 | M12: =IF(B12="","",(D12-G12-H12-I12-K12-L12-E12)/D12) -> 0.73260073 | N12: 17000 | O12: =AVERAGE(17000,17000,17000,17000,17000,17000,17000,17000,17000,17000,17000,17000,17000,17000,17000,16000,15000,15500,15500,15500,16000,16000) -> 16568.182 | P12: =IF(B12="","",O12/N12) -> 0.97459893 | Q12: 9518 | R12: 14 | U12: =IF(S12="","",(T12-C12)) | V12: =IF(B12="","",IF(U12<3,(Q12-R12)/Q12,(Q12-R12-S12)/Q12)) -> 0.9985291 | W12: =IF(B12="","",V12*P12*J12) -> 0.74787582 | X12: =IF(B12="","",V12*P12*M12) -> 0.71294168
A13: Carib Amber to Ting | B13: 46253.053 | C13: 46254 | D13: =IF(B13="","",(C13-B13)*24*60) -> 1364 | E13: 57 | F13: 60 | G13: =IF(E13="","",F13-E13) -> 3 | H13: =9+7+8+30+60+28+7+5 -> 154 | I13: =3+4+2+2+4+1+2+3+2+1+1+1+2+3+4+3+3+2+4+4+4+1+4+2+3+2 -> 67 | J13: =IF(B13="","",(D13-G13-H13-I13)/D13) -> 0.83577713 | K13: 30 | L13: =3+3+30+10+2+5+2+3+3+2+3+3+3+3+4+5+2+2+32+15+2 -> 137 | M13: =IF(B13="","",(D13-G13-H13-I13-K13-L13-E13)/D13) -> 0.67155425 | N13: 17000 | O13: =AVERAGE(16000,17000,16500,17000,17000,18000,16500,16500,16500,16500,16000,16000,16000,16000,16000,16000,16000) -> 16441.176 | P13: =IF(B13="","",O13/N13) -> 0.96712803 | Q13: 8651 | R13: 38 | U13: =IF(S13="","",(T13-C13)) | V13: =IF(B13="","",IF(U13<3,(Q13-R13)/Q13,(Q13-R13-S13)/Q13)) -> 0.99560744 | W13: =IF(B13="","",V13*P13*J13) -> 0.80475297 | X13: =IF(B13="","",V13*P13*M13) -> 0.64662607
A14: Ting to Stag | B14: 46254.003 | C14: 46254.861 | D14: =IF(B14="","",(C14-B14)*24*60) -> 1235 | E14: 60 | F14: 164 | G14: =IF(E14="","",F14-E14) -> 104 | H14: =6+7+5+6+9+13+5+5 -> 56 | I14: =1+2+2+2+3+3+2+4+3+2+3+3+1+1+3+4+1+4+1+2+1+2+2+2+3+2+2+3+3+1 -> 68 | J14: =IF(B14="","",(D14-G14-H14-I14)/D14) -> 0.81538462 | K14: 0 | L14: =2+6+2+2+2+2+2+2+3+3+4+4+3+3+4 -> 44 | M14: =IF(B14="","",(D14-G14-H14-I14-K14-L14-E14)/D14) -> 0.73117409 | N14: 17000 | O14: =AVERAGE(16000,16000,16000,16000,16000,15500,15500,17000,17000,17000,17000,17000,17000,17000,17000,16000,16000) -> 16411.765 | P14: =IF(B14="","",O14/N14) -> 0.96539792 | Q14: 8710 | R14: 7 | U14: =IF(S14="","",(T14-C14)) | V14: =IF(B14="","",IF(U14<3,(Q14-R14)/Q14,(Q14-R14-S14)/Q14)) -> 0.99919633 | W14: =IF(B14="","",V14*P14*J14) -> 0.78653799 | X14: =IF(B14="","",V14*P14*M14) -> 0.70530666
A15: Carib Amber to Starmalt | B15: 46258.142 | C15: 46259 | D15: =IF(B15="","",(C15-B15)*24*60) -> 1235 | E15: 60 | F15: 122 | G15: =IF(E15="","",F15-E15) -> 62 | H15: =20+6+20+12+10+8+5+7+10+17+19+5+37+5+32+13+10+9+7+15+22+13+24+8 -> 334 | I15: =3+1+2+3+3+2+3+4+3+4+1+4+1+2+2+2+3+2+2+2+2+2+2+1+1+2+1+1+1+1+1 -> 64 | J15: =IF(B15="","",(D15-G15-H15-I15)/D15) -> 0.62753036 | K15: 0 | L15: =8+6+7+3+32 -> 56 | M15: =IF(B15="","",(D15-G15-H15-I15-K15-L15-E15)/D15) -> 0.53360324 | N15: 17000 | O15: =AVERAGE(16000,17000,17000,17000,17000,17000,16000,17000,16000,15500,15000,15000) -> 16291.667 | P15: =IF(B15="","",O15/N15) -> 0.95833333 | Q15: 5744 | R15: 49 | U15: =IF(S15="","",(T15-C15)) | V15: =IF(B15="","",IF(U15<3,(Q15-R15)/Q15,(Q15-R15-S15)/Q15)) -> 0.99146936 | W15: =IF(B15="","",V15*P15*J15) -> 0.59625308 | X15: =IF(B15="","",V15*P15*M15) -> 0.50700746
A16: Starmalt to Guinness | B16: 46259.017 | C16: 46260 | D16: =IF(B16="","",(C16-B16)*24*60) -> 1415 | E16: 45 | F16: 21 | G16: =IF(E16="","",F16-E16) -> -24 | H16: =6+7+5+6+5+5+13+18+6+37+7+6+5+5+10+13+5+13+5+5+5 -> 187 | I16: =4+3+4+3+2+2+1+2+1+2+2+2+4+2+1+3+4+4+4+2+4+1+3+2+3+1+1+1+1+2+2+1+1+1+2+2+2 -> 82 | J16: =IF(B16="","",(D16-G16-H16-I16)/D16) -> 0.82685512 | K16: 0 | L16: =4+6+7+3+16+4+12+48+60+60+38 -> 258 | M16: =IF(B16="","",(D16-G16-H16-I16-K16-L16-E16)/D16) -> 0.61272085 | N16: 17000 | O16: =AVERAGE(17000,17000,15500,15500,15500,15500,16000,16000,16000,16000,16000,16000,16000,17000,17000,17000,17000) -> 16235.294 | P16: =IF(B16="","",O16/N16) -> 0.9550173 | Q16: 7239 | R16: 6 | U16: =IF(S16="","",(T16-C16)) | V16: =IF(B16="","",IF(U16<3,(Q16-R16)/Q16,(Q16-R16-S16)/Q16)) -> 0.99917116 | W16: =IF(B16="","",V16*P16*J16) -> 0.78900644 | X16: =IF(B16="","",V16*P16*M16) -> 0.58467401
A17: Guinness to Carib Amber | B17: 46260.007 | C17: 46261 | D17: =IF(B17="","",(C17-B17)*24*60) -> 1430 | E17: 60 | F17: 62 | G17: =IF(E17="","",F17-E17) -> 2 | H17: =5+5+5+29+5+10+8+11+28+18+20+5 -> 149 | I17: =2+4+1+4+4+2+1+3+4+2+1+3+4+4+2+2+3+3+2+2+3+3+3+4+2+3+2+2+1+1+2+2+1+4+3+1 -> 90 | J17: =IF(B17="","",(D17-G17-H17-I17)/D17) -> 0.83146853 | K17: 0 | L17: =10+16+60+6+6+6+15+5+7+6+5+3+5+6+4+1+1+3+6+4+4+21+10+9+2 -> 221 | M17: =IF(B17="","",(D17-G17-H17-I17-K17-L17-E17)/D17) -> 0.63496503 | N17: 17000 | O17: =AVERAGE(15500,15500,15500,17000,17000,17000,16000,15500,15500,15500,16000,17000,16000,14000,15000,15000,15500,15500,15500,15500,15500) -> 15738.095 | P17: =IF(B17="","",O17/N17) -> 0.92577031 | Q17: 6289 | R17: 54 | U17: =IF(S17="","",(T17-C17)) | V17: =IF(B17="","",IF(U17<3,(Q17-R17)/Q17,(Q17-R17-S17)/Q17)) -> 0.99141358 | W17: =IF(B17="","",V17*P17*J17) -> 0.76313949 | X17: =IF(B17="","",V17*P17*M17) -> 0.58278441
A18: Carib Amber to Club Soda to Kola Champagne | B18: 46261.007 | C18: 46261.958 | D18: =IF(B18="","",(C18-B18)*24*60) -> 1370 | E18: =120+2 -> 122 | F18: 117 | G18: =IF(E18="","",F18-E18) -> -5 | H18: =5+15+7+5+17+26+19+14+35+7+7 -> 157 | I18: =2+2+2+2+3+2+2+2+2+2+3+3+1+3+2+2+1+2+2+2+2+2+2+2+2+2+4+4+2+2+2 -> 68 | J18: =IF(B18="","",(D18-G18-H18-I18)/D18) -> 0.83941606 | K18: 0 | L18: =3+5+3+2+2+4+7+5+15+23+2+3+2+20+8+7+4+8 -> 123 | M18: =IF(B18="","",(D18-G18-H18-I18-K18-L18-E18)/D18) -> 0.66058394 | N18: 17000 | O18: =AVERAGE(10000,10000,10000,10000,10000,10000,15000,15000,17000,15500,15000,16500,16500) -> 13115.385 | P18: =IF(B18="","",O18/N18) -> 0.77149321 | Q18: 6283 | R18: 13 | U18: =IF(S18="","",(T18-C18)) | V18: =IF(B18="","",IF(U18<3,(Q18-R18)/Q18,(Q18-R18-S18)/Q18)) -> 0.99793092 | W18: =IF(B18="","",V18*P18*J18) -> 0.64626385 | X18: =IF(B18="","",V18*P18*M18) -> 0.50858155
A19: Cream Soda to Banana to Grape to Vitamalt | B19: 46262 | C19: 46262.817 | D19: =IF(B19="","",(C19-B19)*24*60) -> 1176 | E19: =20+20+100 -> 140 | F19: 208 | G19: =IF(E19="","",F19-E19) -> 68 | H19: =6+5+10+33+6+11+15+6+60+50+60+16+43 -> 321 | I19: =2+3+3+3+2+3+2+2+2+2+4+4+4 -> 36 | J19: =IF(B19="","",(D19-G19-H19-I19)/D19) -> 0.63860544 | K19: 0 | L19: =24+5+36+5+3 -> 73 | M19: =IF(B19="","",(D19-G19-H19-I19-K19-L19-E19)/D19) -> 0.45748299 | N19: 17000 | O19: =AVERAGE(15000,15000,15000,15000,16000,17000,17000,14000,16000) -> 15555.556 | P19: =IF(B19="","",O19/N19) -> 0.91503268 | Q19: 3620 | R19: 59 | U19: =IF(S19="","",(T19-C19)) | V19: =IF(B19="","",IF(U19<3,(Q19-R19)/Q19,(Q19-R19-S19)/Q19)) -> 0.98370166 | W19: =IF(B19="","",V19*P19*J19) -> 0.574821 | X19: =IF(B19="","",V19*P19*M19) -> 0.41178921
A20: Vitamalt | B20: 46265.434 | C20: 46265.926 | D20: =IF(B20="","",(C20-B20)*24*60) -> 709 | E20: 0 | F20: 0 | G20: =IF(E20="","",F20-E20) -> 0 | H20: =7+6 -> 13 | I20: =3+4+2+4+2+2+1+3+2+4+1+2+3+2+1 -> 36 | J20: =IF(B20="","",(D20-G20-H20-I20)/D20) -> 0.93088858 | K20: 0 | L20: =10+38+3+3+3+3+2+2+2+30+2+3+3+2+2+2+2 -> 112 | M20: =IF(B20="","",(D20-G20-H20-I20-K20-L20-E20)/D20) -> 0.77291961 | N20: 17000 | O20: =AVERAGE(15500,17000,17000,17000,17000,17000,17000,17000) -> 16812.5 | P20: =IF(B20="","",O20/N20) -> 0.98897059 | Q20: 4222 | R20: 17 | U20: =IF(S20="","",(T20-C20)) | V20: =IF(B20="","",IF(U20<3,(Q20-R20)/Q20,(Q20-R20-S20)/Q20)) -> 0.99597347 | W20: =IF(B20="","",V20*P20*J20) -> 0.91691451 | X20: =IF(B20="","",V20*P20*M20) -> 0.7613169
D22: =IF(B22="","",(C22-B22)*24*60) | G22: =IF(E22="","",F22-E22) | J22: =IF(B22="","",(D22-G22-H22-I22)/D22) | M22: =IF(B22="","",(D22-G22-H22-I22-K22-L22-E22)/D22) | P22: =IF(B22="","",O22/N22) | U22: =IF(S22="","",(T22-C22)) | V22: =IF(B22="","",IF(U22<3,(Q22-R22)/Q22,(Q22-R22-S22)/Q22)) | W22: =IF(B22="","",V22*P22*J22) | X22: =IF(B22="","",V22*P22*M22)
D23: =IF(B23="","",(C23-B23)*24*60) | G23: =IF(E23="","",F23-E23) | J23: =IF(B23="","",(D23-G23-H23-I23)/D23) | M23: =IF(B23="","",(D23-G23-H23-I23-K23-L23-E23)/D23) | P23: =IF(B23="","",O23/N23) | U23: =IF(S23="","",(T23-C23)) | V23: =IF(B23="","",IF(U23<3,(Q23-R23)/Q23,(Q23-R23-S23)/Q23)) | W23: =IF(B23="","",V23*P23*J23) | X23: =IF(B23="","",V23*P23*M23)
D24: =IF(B24="","",(C24-B24)*24*60) | G24: =IF(E24="","",F24-E24) | J24: =IF(B24="","",(D24-G24-H24-I24)/D24) | M24: =IF(B24="","",(D24-G24-H24-I24-K24-L24-E24)/D24) | P24: =IF(B24="","",O24/N24) | U24: =IF(S24="","",(T24-C24)) | V24: =IF(B24="","",IF(U24<3,(Q24-R24)/Q24,(Q24-R24-S24)/Q24)) | W24: =IF(B24="","",V24*P24*J24) | X24: =IF(B24="","",V24*P24*M24)
D25: =IF(B25="","",(C25-B25)*24*60) | G25: =IF(E25="","",F25-E25) | J25: =IF(B25="","",(D25-G25-H25-I25)/D25) | M25: =IF(B25="","",(D25-G25-H25-I25-K25-L25-E25)/D25) | P25: =IF(B25="","",O25/N25) | U25: =IF(S25="","",(T25-C25)) | V25: =IF(B25="","",IF(U25<3,(Q25-R25)/Q25,(Q25-R25-S25)/Q25)) | W25: =IF(B25="","",V25*P25*J25) | X25: =IF(B25="","",V25*P25*M25)
D26: =IF(B26="","",(C26-B26)*24*60) | G26: =IF(E26="","",F26-E26) | J26: =IF(B26="","",(D26-G26-H26-I26)/D26) | M26: =IF(B26="","",(D26-G26-H26-I26-K26-L26-E26)/D26) | P26: =IF(B26="","",O26/N26) | U26: =IF(S26="","",(T26-C26)) | V26: =IF(B26="","",IF(U26<3,(Q26-R26)/Q26,(Q26-R26-S26)/Q26)) | W26: =IF(B26="","",V26*P26*J26) | X26: =IF(B26="","",V26*P26*M26)
D27: =IF(B27="","",(C27-B27)*24*60) | G27: =IF(E27="","",F27-E27) | J27: =IF(B27="","",(D27-G27-H27-I27)/D27) | M27: =IF(B27="","",(D27-G27-H27-I27-K27-L27-E27)/D27) | P27: =IF(B27="","",O27/N27) | U27: =IF(S27="","",(T27-C27)) | V27: =IF(B27="","",IF(U27<3,(Q27-R27)/Q27,(Q27-R27-S27)/Q27)) | W27: =IF(B27="","",V27*P27*J27) | X27: =IF(B27="","",V27*P27*M27)
D28: =IF(B28="","",(C28-B28)*24*60) | G28: =IF(E28="","",F28-E28) | J28: =IF(B28="","",(D28-G28-H28-I28)/D28) | M28: =IF(B28="","",(D28-G28-H28-I28-K28-L28-E28)/D28) | P28: =IF(B28="","",O28/N28) | U28: =IF(S28="","",(T28-C28)) | V28: =IF(B28="","",IF(U28<3,(Q28-R28)/Q28,(Q28-R28-S28)/Q28)) | W28: =IF(B28="","",V28*P28*J28) | X28: =IF(B28="","",V28*P28*M28)
D29: =IF(B29="","",(C29-B29)*24*60) | G29: =IF(E29="","",F29-E29) | J29: =IF(B29="","",(D29-G29-H29-I29)/D29) | M29: =IF(B29="","",(D29-G29-H29-I29-K29-L29-E29)/D29) | P29: =IF(B29="","",O29/N29) | U29: =IF(S29="","",(T29-C29)) | V29: =IF(B29="","",IF(U29<3,(Q29-R29)/Q29,(Q29-R29-S29)/Q29)) | W29: =IF(B29="","",V29*P29*J29) | X29: =IF(B29="","",V29*P29*M29)
D30: =IF(B30="","",(C30-B30)*24*60) | G30: =IF(E30="","",F30-E30) | J30: =IF(B30="","",(D30-G30-H30-I30)/D30) | M30: =IF(B30="","",(D30-G30-H30-I30-K30-L30-E30)/D30) | P30: =IF(B30="","",O30/N30) | U30: =IF(S30="","",(T30-C30)) | V30: =IF(B30="","",IF(U30<3,(Q30-R30)/Q30,(Q30-R30-S30)/Q30)) | W30: =IF(B30="","",V30*P30*J30) | X30: =IF(B30="","",V30*P30*M30)
D31: =IF(B31="","",(C31-B31)*24*60) | G31: =IF(E31="","",F31-E31) | J31: =IF(B31="","",(D31-G31-H31-I31)/D31) | M31: =IF(B31="","",(D31-G31-H31-I31-K31-L31-E31)/D31) | P31: =IF(B31="","",O31/N31) | U31: =IF(S31="","",(T31-C31)) | V31: =IF(B31="","",IF(U31<3,(Q31-R31)/Q31,(Q31-R31-S31)/Q31)) | W31: =IF(B31="","",V31*P31*J31) | X31: =IF(B31="","",V31*P31*M31)
D32: =IF(B32="","",(C32-B32)*24*60) | G32: =IF(E32="","",F32-E32) | J32: =IF(B32="","",(D32-G32-H32-I32)/D32) | M32: =IF(B32="","",(D32-G32-H32-I32-K32-L32-E32)/D32) | P32: =IF(B32="","",O32/N32) | U32: =IF(S32="","",(T32-C32)) | V32: =IF(B32="","",IF(U32<3,(Q32-R32)/Q32,(Q32-R32-S32)/Q32)) | W32: =IF(B32="","",V32*P32*J32) | X32: =IF(B32="","",V32*P32*M32)
D33: =IF(B33="","",(C33-B33)*24*60) | G33: =IF(E33="","",F33-E33) | J33: =IF(B33="","",(D33-G33-H33-I33)/D33) | M33: =IF(B33="","",(D33-G33-H33-I33-K33-L33-E33)/D33) | P33: =IF(B33="","",O33/N33) | U33: =IF(S33="","",(T33-C33)) | V33: =IF(B33="","",IF(U33<3,(Q33-R33)/Q33,(Q33-R33-S33)/Q33)) | W33: =IF(B33="","",V33*P33*J33) | X33: =IF(B33="","",V33*P33*M33)
... D37: =IF(B37="","",(C37-B37)*24*60) | G37: =IF(E37="","",F37-E37) | J37: =IF(B37="","",(D37-G37-H37-I37)/D37) | M37: =IF(B37="","",(D37-G37-H37-I37-K37-L37-E37)/D37) | P37: =IF(B37="","",O37/N37) | U37: =IF(S37="","",(T37-C37)) | V37: =IF(B37="","",IF(U37<3,(Q37-R37)/Q37,(Q37-R37-S37)/Q37)) | W37: =IF(B37="","",V37*P37*J37) | X37: =IF(B37="","",V37*P37*M37)
B38: Total | D38: =SUM(D3:D36) -> 22525 | E38: =SUM(E3:E36) -> 719 | F38: =SUM(F3:F36) -> 1285 | G38: =SUM(G3:G36) -> 566 | H38: =SUM(H2:H36) -> 3354 | I38: =SUM(I3:I36) -> 1246 | J38: =(D38-G38-H38-I38)/D38 -> 0.77065483 | K38: =SUM(K3:K36) -> 30 | L38: =SUM(L3:L36) -> 2051 | M38: =(D38-G38-H38-I38-E38-K38-L38)/D38 -> 0.6463485 | N38: =AVERAGE(N3:N36) -> 17000 | O38: =AVERAGE(O3:O36) -> 15930.964 | P38: =O38/N38 -> 0.9371155 | Q38: =SUM(Q3:Q34) -> 122242 | V38: =AVERAGE(V3:V36) -> 0.99444257 | W38: =V38*P38*J38 -> 0.71817905 | X38: =V38*P38*M38 -> 0.60233704
D46: Real | E46: Opportunity
C47: OEE | D47: =W38 -> 0.71817905 | E47: =100%-D47 -> 0.28182095
C48: OEE Utilization | D48: =X38 -> 0.60233704 | E48: =100%-D48 -> 0.39766296
C49: Availability (for OEE) | D49: =J38 -> 0.77065483 | E49: =100%-D49 -> 0.22934517
C50: Availability (for OEE Utilization) | D50: =M38 -> 0.6463485 | E50: =100%-D50 -> 0.3536515
C51: Performance | D51: =P38 -> 0.9371155 | E51: =100%-D51 -> 0.062884499
C52: =V2 -> Quality | D52: =V38 -> 0.99444257 | E52: =100%-D52 -> 0.0055574331

Sheet September 2026 (w Utilization)
C1: OEE Calculation | G1: CARIB BREWERY
A2: SKU | B2: Start Time dd/mm/yyyy h:mm | C2: End Time dd/mm/yyyy h:mm (when production actually ends) | D2: Available time /mins | E2: Changeover Standard time /mins | F2: Actual Changeover /mins | G2: Changeover Deviation /mins | H2: Total Breakdowns /mins | I2: Total Minor Stops /mins | J2: Availability (for OEE) | K2: Planned Downtime /mins | L2: External Downtime /mins | M2: Availability (for OEE Utilization) | N2: Nominal Speed | O2: Actual (Average) Speed | P2: Performance | Q2: Total Products Produced /Cases | R2: Low Fill /Cases | S2: Embargo /cases | T2: Embargo release date | U2: Embargo Residence time /days | V2: Quality | W2: OEE | X2: OEE Utilization
A3: Stag to Carib Export | B3: 46266.056 | C3: 46267 | D3: =IF(B3="","",(C3-B3)*24*60) -> 1360 | E3: 30 | F3: 171 | G3: =IF(E3="","",F3-E3) -> 141 | H3: =5+8+26+35+6+19+5+25+10+5+20+18+10+5+10 -> 207 | I3: =3+3+2+1+1+3+2+2+2+2+3+2+3+4+2+3+4+4+4+2+1+2+3+4+3+4+2+4+4+1+3+4+3+3+4 -> 97 | J3: =IF(B3="","",(D3-G3-H3-I3)/D3) -> 0.67279412 | K3: 0 | L3: =40+4+16+5+10 -> 75 | M3: =IF(B3="","",(D3-G3-H3-I3-K3-L3-E3)/D3) -> 0.59558824 | N3: 17000 | O3: =AVERAGE(17000,17000,17000,17000,17000,16000,16000,16500,15000,15000,15000,15000,15000,15000,15000,16000,15000,15000,16000) -> 15815.789 | P3: =IF(B3="","",O3/N3) -> 0.93034056 | Q3: 7476 | R3: 24 | U3: =IF(S3="","",(T3-C3)) | V3: =IF(B3="","",IF(U3<3,(Q3-R3)/Q3,(Q3-R3-S3)/Q3)) -> 0.99678973 | W3: =IF(B3="","",V3*P3*J3) -> 0.62391826 | X3: =IF(B3="","",V3*P3*M3) -> 0.55232108
A4: Carib Export to Carib Flint Local to Carib Amber | B4: 46267.008 | C4: 46268 | D4: =IF(B4="","",(C4-B4)*24*60) -> 1428 | E4: 30 | F4: 43 | G4: =IF(E4="","",F4-E4) -> 13 | H4: =10+10+6+9+12+6+24+10+5+8+6+7+6+22+12+6+6 -> 165 | I4: =2+2+2+4+4+2+3+2+2+2+4+2+2+3+1+1+3+2+4+3+1+1+3+1+3+3+3+1+2+2+2 -> 72 | J4: =IF(B4="","",(D4-G4-H4-I4)/D4) -> 0.82492997 | K4: 0 | L4: =10+30+13+2+3+3+1+30+15+2+6+2+3+3+3+3+12 -> 141 | M4: =IF(B4="","",(D4-G4-H4-I4-K4-L4-E4)/D4) -> 0.70518207 | N4: 17000 | O4: =AVERAGE(12000,17000,17000,17000,17000,17000,17000,17000,17000,16000,16000,16000,16000,16000,16000,16000,16000,16000,15000,15000) -> 16100 | P4: =IF(B4="","",O4/N4) -> 0.94705882 | Q4: 7870 | R4: 16 | U4: =IF(S4="","",(T4-C4)) | V4: =IF(B4="","",IF(U4<3,(Q4-R4)/Q4,(Q4-R4-S4)/Q4)) -> 0.99796696 | W4: =IF(B4="","",V4*P4*J4) -> 0.77966888 | X4: =IF(B4="","",V4*P4*M4) -> 0.66649114
A5: Carib Amber to Stag to Ginseng Original | B5: 46268 | C5: 46269 | D5: =IF(B5="","",(C5-B5)*24*60) -> 1440 | E5: =10+60 -> 70 | F5: 87 | G5: =IF(E5="","",F5-E5) -> 17 | H5: =9+13+13+6+7+5+7 -> 60 | I5: =1+1+1+2+2+2+1+2+4+4+4+3+2+3+1+2+2+1+3+4+4+2+3+2+2+3+1+4+2+2 -> 70 | J5: =IF(B5="","",(D5-G5-H5-I5)/D5) -> 0.89791667 | K5: 0 | L5: =2+40+17+3+48+6+4+45+60+60+30+1+2+2+4+2+1+2+13 -> 342 | M5: =IF(B5="","",(D5-G5-H5-I5-K5-L5-E5)/D5) -> 0.61180556 | N5: 17000 | O5: =AVERAGE(17000,15000,15000,15000,17000,17000,16500,16500,16500,13000,16500,16500,17000,15000,15000,15000,15000) -> 15794.118 | P5: =IF(B5="","",O5/N5) -> 0.92906574 | Q5: 6783 | R5: 3 | U5: =IF(S5="","",(T5-C5)) | V5: =IF(B5="","",IF(U5<3,(Q5-R5)/Q5,(Q5-R5-S5)/Q5)) -> 0.99955772 | W5: =IF(B5="","",V5*P5*J5) -> 0.83385465 | X5: =IF(B5="","",V5*P5*M5) -> 0.56815619
A6: Ginseng Original | B6: 46269 | C6: 46269.172 | D6: =IF(B6="","",(C6-B6)*24*60) -> 247 | E6: 0 | F6: 0 | G6: =IF(E6="","",F6-E6) -> 0 | H6: 0 | I6: =4+4 -> 8 | J6: =IF(B6="","",(D6-G6-H6-I6)/D6) -> 0.96761134 | K6: 0 | L6: =45+2+2+1+1+2+1+3+2+2+2+1+1+2 -> 67 | M6: =IF(B6="","",(D6-G6-H6-I6-K6-L6-E6)/D6) -> 0.69635628 | N6: 17000 | O6: =AVERAGE(15000,15000,15000,15000,15000) -> 15000 | P6: =IF(B6="","",O6/N6) -> 0.88235294 | Q6: 1459 | R6: 6 | U6: =IF(S6="","",(T6-C6)) | V6: =IF(B6="","",IF(U6<3,(Q6-R6)/Q6,(Q6-R6-S6)/Q6)) -> 0.99588759 | W6: =IF(B6="","",V6*P6*J6) -> 0.85026364 | X6: =IF(B6="","",V6*P6*M6) -> 0.61190521
A7: Carib Amber | B7: 46273.389 | C7: 46273.917 | D7: =IF(B7="","",(C7-B7)*24*60) -> 760 | E7: 0 | F7: 0 | G7: =IF(E7="","",F7-E7) -> 0 | H7: =30+10+60+27+5+5+50 -> 187 | I7: =1+3+1+4+4+3+1+3+1+2+4+2+2+2+3+2 -> 38 | J7: =IF(B7="","",(D7-G7-H7-I7)/D7) -> 0.70394737 | K7: 0 | L7: =3 -> 3 | M7: =IF(B7="","",(D7-G7-H7-I7-K7-L7-E7)/D7) -> 0.7 | N7: 17000 | O7: =AVERAGE(16000,16000,16000,16000,17000,17000,17000,17000) -> 16500 | P7: =IF(B7="","",O7/N7) -> 0.97058824 | Q7: 3961 | R7: 24 | U7: =IF(S7="","",(T7-C7)) | V7: =IF(B7="","",IF(U7<3,(Q7-R7)/Q7,(Q7-R7-S7)/Q7)) -> 0.99394092 | W7: =IF(B7="","",V7*P7*J7) -> 0.67910321 | X7: =IF(B7="","",V7*P7*M7) -> 0.67529516
A8: Carib Amber | B8: 46274.344 | C8: 46274.903 | D8: =IF(B8="","",(C8-B8)*24*60) -> 805 | E8: 0 | F8: 0 | G8: =IF(E8="","",F8-E8) -> 0 | H8: =6 -> 6 | I8: =1+2+1+2+3+2+2+3+3+2+4+1+4+2+2+4+2+1+2+2+2+3+1+2+2+2 -> 57 | J8: =IF(B8="","",(D8-G8-H8-I8)/D8) -> 0.92173913 | K8: 0 | L8: =30+2+3 -> 35 | M8: =IF(B8="","",(D8-G8-H8-I8-K8-L8-E8)/D8) -> 0.87826087 | N8: 17000 | O8: =AVERAGE(15000,15000,15000,15000,15000,15000,15000,15000,15000,15000,15000,15000,15000) -> 15000 | P8: =IF(B8="","",O8/N8) -> 0.88235294 | Q8: 6085 | R8: 34 | U8: =IF(S8="","",(T8-C8)) | V8: =IF(B8="","",IF(U8<3,(Q8-R8)/Q8,(Q8-R8-S8)/Q8)) -> 0.99441249 | W8: =IF(B8="","",V8*P8*J8) -> 0.80875491 | X8: =IF(B8="","",V8*P8*M8) -> 0.7706061
A9: Carib Amber | B9: 46275.347 | C9: 46275.903 | D9: =IF(B9="","",(C9-B9)*24*60) -> 800 | E9: 0 | F9: 0 | G9: =IF(E9="","",F9-E9) -> 0 | H9: =5+7 -> 12 | I9: =2+2+4+2+2+2+2+1+2+2+2+2+3+1+4+2+2+2+2+2+4+2+3+3+1+2+2+4 -> 64 | J9: =IF(B9="","",(D9-G9-H9-I9)/D9) -> 0.905 | K9: 0 | L9: =11+5+5+3+2 -> 26 | M9: =IF(B9="","",(D9-G9-H9-I9-K9-L9-E9)/D9) -> 0.8725 | N9: 17000 | O9: =AVERAGE(15000,15000,15000,15000,15000,15000,15000,15000,15000,15000,15000,15000,15000) -> 15000 | P9: =IF(B9="","",O9/N9) -> 0.88235294 | Q9: 6104 | R9: 12 | U9: =IF(S9="","",(T9-C9)) | V9: =IF(B9="","",IF(U9<3,(Q9-R9)/Q9,(Q9-R9-S9)/Q9)) -> 0.99803408 | W9: =IF(B9="","",V9*P9*J9) -> 0.79695956 | X9: =IF(B9="","",V9*P9*M9) -> 0.76833947
A10: Carib Amber to Mackeson | B10: 46276.346 | C10: 46276.835 | D10: =IF(B10="","",(C10-B10)*24*60) -> 704 | E10: 25 | F10: 15 | G10: =IF(E10="","",F10-E10) -> -10 | H10: =60+23+8+8 -> 99 | I10: =1+2+3+1+2+4+2+3 -> 18 | J10: =IF(B10="","",(D10-G10-H10-I10)/D10) -> 0.84801136 | K10: 0 | L10: =3+35+2+9+2+4+4+3+4+3 -> 69 | M10: =IF(B10="","",(D10-G10-H10-I10-K10-L10-E10)/D10) -> 0.71448864 | N10: 17000 | O10: =AVERAGE(15000,15000,15000,15000,15000,15000,15000,15000) -> 15000 | P10: =IF(B10="","",O10/N10) -> 0.88235294 | Q10: 4034 | R10: 7 | U10: =IF(S10="","",(T10-C10)) | V10: =IF(B10="","",IF(U10<3,(Q10-R10)/Q10,(Q10-R10-S10)/Q10)) -> 0.99826475 | W10: =IF(B10="","",V10*P10*J10) -> 0.74694693 | X10: =IF(B10="","",V10*P10*M10) -> 0.62933719
A11: Mackeson to Stag | B11: 46279.083 | C11: 46280 | D11: =IF(B11="","",(C11-B11)*24*60) -> 1320 | E11: 60 | F11: 50 | G11: =IF(E11="","",F11-E11) -> -10 | H11: =6+10+5+8+6+5+5+7+5+11+40+13+5+8+6+17+7 -> 164 | I11: =4+2+2+3+2+2+2+1+2+4+2+3+2+2+1+4+3+3+4+2+4+2+1+1+2+1+2 -> 63 | J11: =IF(B11="","",(D11-G11-H11-I11)/D11) -> 0.83560606 | K11: 20 | L11: =30+7+7+20+20+9 -> 93 | M11: =IF(B11="","",(D11-G11-H11-I11-K11-L11-E11)/D11) -> 0.70454545 | N11: 17000 | O11: =AVERAGE(15000,15000,15000,15000,15000,15000,15000,15000,15000,15000,15000,15000,15000,15000,16000) -> 15066.667 | P11: =IF(B11="","",O11/N11) -> 0.88627451 | Q11: 7544 | R11: 27 | U11: =IF(S11="","",(T11-C11)) | V11: =IF(B11="","",IF(U11<3,(Q11-R11)/Q11,(Q11-R11-S11)/Q11)) -> 0.996421 | W11: =IF(B11="","",V11*P11*J11) -> 0.73792583 | X11: =IF(B11="","",V11*P11*M11) -> 0.62218587
A12: Stag to Carib Amber | B12: 46280.007 | C12: 46281 | D12: =IF(B12="","",(C12-B12)*24*60) -> 1430 | E12: 10 | F12: 14 | G12: =IF(E12="","",F12-E12) -> 4 | H12: =6+5+5+7+7+6+14+12+10+8+6+16+8+14+9 -> 133 | I12: =2+4+2+3+3+2+2+2+2+2+4+1+2+4+4+2+1+2+2+2+2+3+2+4+1+1+2+3+2+3+2+3+2+3+4 -> 85 | J12: =IF(B12="","",(D12-G12-H12-I12)/D12) -> 0.84475524 | K12: 0 | L12: =2+35+5+2+5+2+2+3+3+20+3+16+1+18+4+4 -> 125 | M12: =IF(B12="","",(D12-G12-H12-I12-K12-L12-E12)/D12) -> 0.75034965 | N12: 17000 | O12: =AVERAGE(15000,15000,15000,15000,15000,15000,15000,16000,17000,17000,13500,17000,17000,16000,15000,15000,15000) -> 15500 | P12: =IF(B12="","",O12/N12) -> 0.91176471 | Q12: 9135 | R12: 24 | U12: =IF(S12="","",(T12-C12)) | V12: =IF(B12="","",IF(U12<3,(Q12-R12)/Q12,(Q12-R12-S12)/Q12)) -> 0.99737274 | W12: =IF(B12="","",V12*P12*J12) -> 0.76819446 | X12: =IF(B12="","",V12*P12*M12) -> 0.68234491
A13: Carib Amber to Pornstar Martini | B13: 46281.007 | C13: 46282 | D13: =IF(B13="","",(C13-B13)*24*60) -> 1430 | E13: 60 | F13: 60 | G13: =IF(E13="","",F13-E13) -> 0 | H13: =31+5+6+15+14 -> 71 | I13: =1+3+3+2+3+1+2+3+3+2+2 -> 25 | J13: =IF(B13="","",(D13-G13-H13-I13)/D13) -> 0.93286713 | K13: 0 | L13: =5+3+2+9+35+2+22+12+10+25+60+60+60+60+60+60+60+60+60+60+60+60+35+4+10 -> 894 | M13: =IF(B13="","",(D13-G13-H13-I13-K13-L13-E13)/D13) -> 0.26573427 | N13: 17000 | O13: =AVERAGE(15000,15000,15000,15000,15000,15000,15000,15000,15000,17000) -> 15200 | P13: =IF(B13="","",O13/N13) -> 0.89411765 | Q13: 3687 | R13: 23 | U13: =IF(S13="","",(T13-C13)) | V13: =IF(B13="","",IF(U13<3,(Q13-R13)/Q13,(Q13-R13-S13)/Q13)) -> 0.99376187 | W13: =IF(B13="","",V13*P13*J13) -> 0.82888978 | X13: =IF(B13="","",V13*P13*M13) -> 0.23611553
A14: Pornstar Martini to Bellini to Royale | B14: 46282.042 | C14: 46282.959 | D14: =IF(B14="","",(C14-B14)*24*60) -> 1321 | E14: =45+45 -> 90 | F14: 60 | G14: =IF(E14="","",F14-E14) -> -30 | H14: =50+10+6+10+60+23+60+60+25+10+12+8+8+5+6+8+9+5+10+7+5+15+7+5+7+13+8+10+7+36+6+9+35+8+11 -> 574 | I14: =4+4+1+4+4+4+4+2+3+2+4+3+2+2+3+2+4+2+2+1+2+3+2+3 -> 67 | J14: =IF(B14="","",(D14-G14-H14-I14)/D14) -> 0.53747161 | K14: 0 | L14: =4+4+2+25+5+2+3+38 -> 83 | M14: =IF(B14="","",(D14-G14-H14-I14-K14-L14-E14)/D14) -> 0.40651022 | N14: 17000 | O14: =AVERAGE(17000,17000,15000,15000,15000,15000,15000,15000,15000,15000,15000,17000,17000,17000) -> 15714.286 | P14: =IF(B14="","",O14/N14) -> 0.92436975 | Q14: 4397 | R14: 27 | U14: =IF(S14="","",(T14-C14)) | V14: =IF(B14="","",IF(U14<3,(Q14-R14)/Q14,(Q14-R14-S14)/Q14)) -> 0.99385945 | W14: =IF(B14="","",V14*P14*J14) -> 0.49377174 | X14: =IF(B14="","",V14*P14*M14) -> 0.37345834
A15: Carib Amber to Shandy Lime Exp. to Shandy Lime Local to Shandy Ginger Exp. to Shandy Ginger Local | B15: 46283.132 | C15: 46283.823 | D15: =IF(B15="","",(C15-B15)*24*60) -> 995 | E15: =60+30+20+30 -> 140 | F15: 38 | G15: =IF(E15="","",F15-E15) -> -102 | H15: =45+33+9+10+8 -> 105 | I15: =2+4+3+2+1+2+4+3+2+1+4+2+2+2+2+2+3+2+2+1+3+1+1+2+3+2+1+1+1 -> 61 | J15: =IF(B15="","",(D15-G15-H15-I15)/D15) -> 0.93567839 | K15: 0 | L15: =3+3+5 -> 11 | M15: =IF(B15="","",(D15-G15-H15-I15-K15-L15-E15)/D15) -> 0.7839196 | N15: 17000 | O15: =AVERAGE(16000,16000,16000,15000,15000,16000,17000,15000,15000,15000,17000,16000,15000) -> 15692.308 | P15: =IF(B15="","",O15/N15) -> 0.92307692 | Q15: 6679 | R15: 23 | U15: =IF(S15="","",(T15-C15)) | V15: =IF(B15="","",IF(U15<3,(Q15-R15)/Q15,(Q15-R15-S15)/Q15)) -> 0.99655637 | W15: =IF(B15="","",V15*P15*J15) -> 0.86072886 | X15: =IF(B15="","",V15*P15*M15) -> 0.72112622
A16: Shandy Sorrel Export to Shandy Sorrel Local | B16: 46286.417 | C16: 46286.746 | D16: =IF(B16="","",(C16-B16)*24*60) -> 474 | E16: 30 | F16: 16 | G16: =IF(E16="","",F16-E16) -> -14 | H16: =25+5+5+7+6 -> 48 | I16: =2+4+4+2+2+3+2+3+2+2+2+2+1+2+2+3+2+2 -> 42 | J16: =IF(B16="","",(D16-G16-H16-I16)/D16) -> 0.83966245 | K16: 0 | L16: =2+2+11+6+4+6 -> 31 | M16: =IF(B16="","",(D16-G16-H16-I16-K16-L16-E16)/D16) -> 0.71097046 | N16: 17000 | O16: =AVERAGE(15000,15000,15000,15000,15000,15000,15000) -> 15000 | P16: =IF(B16="","",O16/N16) -> 0.88235294 | Q16: 2726 | R16: 29 | U16: =IF(S16="","",(T16-C16)) | V16: =IF(B16="","",IF(U16<3,(Q16-R16)/Q16,(Q16-R16-S16)/Q16)) -> 0.9893617 | W16: =IF(B16="","",V16*P16*J16) -> 0.73299694 | X16: =IF(B16="","",V16*P16*M16) -> 0.62065319
A17: Stag | B17: 46225.34 | C17: 46225.896 | D17: =IF(B17="","",(C17-B17)*24*60) -> 800 | E17: 0 | F17: 0 | G17: =IF(E17="","",F17-E17) -> 0 | H17: =20+5+5 -> 30 | I17: =4+2+4+2+2+2+2+4+2+4+4+2+4+2+2+4+2+3+2+1+1+1 -> 56 | J17: =IF(B17="","",(D17-G17-H17-I17)/D17) -> 0.8925 | K17: 0 | L17: =2+40+4+2 -> 48 | M17: =IF(B17="","",(D17-G17-H17-I17-K17-L17-E17)/D17) -> 0.8325 | N17: 17000 | O17: =AVERAGE(15000,15000,15000,15000,15000,15000,15000,15000,15000,15000,15000,15000,15000) -> 15000 | P17: =IF(B17="","",O17/N17) -> 0.88235294 | Q17: 5538 | R17: 3 | U17: =IF(S17="","",(T17-C17)) | V17: =IF(B17="","",IF(U17<3,(Q17-R17)/Q17,(Q17-R17-S17)/Q17)) -> 0.99945829 | W17: =IF(B17="","",V17*P17*J17) -> 0.7870734 | X17: =IF(B17="","",V17*P17*M17) -> 0.7341609
A18: Stag to Carib Flint Export | B18: 46226.333 | C18: 46226.892 | D18: =IF(B18="","",(C18-B18)*24*60) -> 805 | E18: 30 | F18: 31 | G18: =IF(E18="","",F18-E18) -> 1 | H18: =6+60+15+15+13+10+5 -> 124 | I18: =2+4+3+4+3+3+3+2+2+1+3+2+2+3+2+2 -> 41 | J18: =IF(B18="","",(D18-G18-H18-I18)/D18) -> 0.79378882 | K18: 0 | L18: =2+15+3+3+30+8 -> 61 | M18: =IF(B18="","",(D18-G18-H18-I18-K18-L18-E18)/D18) -> 0.68074534 | N18: 17000 | O18: =AVERAGE(15000,15500,15500,15000,15000,15000,15000,15000) -> 15125 | P18: =IF(B18="","",O18/N18) -> 0.88970588 | Q18: 4245 | R18: 4 | U18: =IF(S18="","",(T18-C18)) | V18: =IF(B18="","",IF(U18<3,(Q18-R18)/Q18,(Q18-R18-S18)/Q18)) -> 0.99905771 | W18: =IF(B18="","",V18*P18*J18) -> 0.7055731 | X18: =IF(B18="","",V18*P18*M18) -> 0.60509243
A19: Carib Flint Export | B19: 46227.368 | C19: 46227.89 | D19: =IF(B19="","",(C19-B19)*24*60) -> 752 | E19: 0 | F19: 0 | G19: =IF(E19="","",F19-E19) -> 0 | H19: =5+23+6+5+5+5+14 -> 63 | I19: =3+4+2+1+3+2+4+3+1+3+2+4+3+4+3+1+1+2+4+4+3+2 -> 59 | J19: =IF(B19="","",(D19-G19-H19-I19)/D19) -> 0.83776596 | K19: 0 | L19: =1+12+14+2+2 -> 31 | M19: =IF(B19="","",(D19-G19-H19-I19-K19-L19-E19)/D19) -> 0.79654255 | N19: 17000 | O19: =AVERAGE(15000,15000,15000,15000,15000,15000,16000,16000,16000,16000,16000,18000) -> 15666.667 | P19: =IF(B19="","",O19/N19) -> 0.92156863 | Q19: 5378 | R19: 19 | U19: =IF(S19="","",(T19-C19)) | V19: =IF(B19="","",IF(U19<3,(Q19-R19)/Q19,(Q19-R19-S19)/Q19)) -> 0.99646709 | W19: =IF(B19="","",V19*P19*J19) -> 0.76933121 | X19: =IF(B19="","",V19*P19*M19) -> 0.73147523
A20: Carib Flint Export to Guinness | B20: 46228.337 | C20: 46228.815 | D20: =IF(B20="","",(C20-B20)*24*60) -> 688 | E20: 25 | F20: 103 | G20: =IF(E20="","",F20-E20) -> 78 | H20: =5+6+8+18 -> 37 | I20: =3+3+2+2+4+2+4+4+2+4+4+1+2 -> 37 | J20: =IF(B20="","",(D20-G20-H20-I20)/D20) -> 0.77906977 | K20: 0 | L20: =7+2+12+15 -> 36 | M20: =IF(B20="","",(D20-G20-H20-I20-K20-L20-E20)/D20) -> 0.69040698 | N20: 17000 | O20: =AVERAGE(15000,16000,16000,16000,16000,16000,16000,16000,17000) -> 16000 | P20: =IF(B20="","",O20/N20) -> 0.94117647 | Q20: 3985 | R20: 4 | U20: =IF(S20="","",(T20-C20)) | V20: =IF(B20="","",IF(U20<3,(Q20-R20)/Q20,(Q20-R20-S20)/Q20)) -> 0.99899624 | W20: =IF(B20="","",V20*P20*J20) -> 0.73250613 | X20: =IF(B20="","",V20*P20*M20) -> 0.64914256
A21: Guinness | B21: 46231.378 | C21: 46231.904 | D21: =IF(B21="","",(C21-B21)*24*60) -> 757 | E21: 0 | F21: 0 | G21: =IF(E21="","",F21-E21) -> 0 | H21: =15+15+7+8+10+18+9+23+5+16+14+5+22+6+9+5 -> 187 | I21: =2+4+3+3+4+4+2+4+2+2+3+3+4+4+3+2+4+3 -> 56 | J21: =IF(B21="","",(D21-G21-H21-I21)/D21) -> 0.67899604 | K21: 0 | L21: =4+4 -> 8 | M21: =IF(B21="","",(D21-G21-H21-I21-K21-L21-E21)/D21) -> 0.66842801 | N21: 17000 | O21: =AVERAGE(15000,15000,15000,15000,15000,15000,15000,15000,15000,15000) -> 15000 | P21: =IF(B21="","",O21/N21) -> 0.88235294 | Q21: 3920 | R21: 10 | U21: =IF(S21="","",(T21-C21)) | V21: =IF(B21="","",IF(U21<3,(Q21-R21)/Q21,(Q21-R21-S21)/Q21)) -> 0.99744898 | W21: =IF(B21="","",V21*P21*J21) -> 0.5975858 | X21: =IF(B21="","",V21*P21*M21) -> 0.58828485
A22: Guinness to Carib Amber | B22: 46294.342 | C22: 46294.899 | D22: =IF(B22="","",(C22-B22)*24*60) -> 803 | E22: 60 | F22: 114 | G22: =IF(E22="","",F22-E22) -> 54 | H22: =6+5+7 -> 18 | I22: =4+4+2+3+2+2+3+1+2+2+3+2+4+1+3+1+1 -> 40 | J22: =IF(B22="","",(D22-G22-H22-I22)/D22) -> 0.86052304 | K22: 0 | L22: =6+45+3+7+9+2+2 -> 74 | M22: =IF(B22="","",(D22-G22-H22-I22-K22-L22-E22)/D22) -> 0.69364882 | N22: 17000 | O22: =AVERAGE(15000,15000,15000,15000,15000,15000,15000,15000) -> 15000 | P22: =IF(B22="","",O22/N22) -> 0.88235294 | Q22: 4759 | R22: 7 | U22: =IF(S22="","",(T22-C22)) | V22: =IF(B22="","",IF(U22<3,(Q22-R22)/Q22,(Q22-R22-S22)/Q22)) -> 0.9985291 | W22: =IF(B22="","",V22*P22*J22) -> 0.7581682 | X22: =IF(B22="","",V22*P22*M22) -> 0.61114282
A23: Carib Amber to Starmalt | B23: 46295.347 | C23: 46295.898 | D23: =IF(B23="","",(C23-B23)*24*60) -> 793 | E23: 45 | F23: 199 | G23: =IF(E23="","",F23-E23) -> 154 | H23: =9+6 -> 15 | I23: =2+3+1+2+2+4+1+3+3+3+4+3+2+3+4+1+4+1+2+2+1 -> 51 | J23: =IF(B23="","",(D23-G23-H23-I23)/D23) -> 0.72257251 | K23: 0 | L23: =4+2+6+3+3+20 -> 38 | M23: =IF(B23="","",(D23-G23-H23-I23-K23-L23-E23)/D23) -> 0.61790668 | N23: 17000 | O23: =AVERAGE(15000,15000,15000,15000,15000,15000,15000,15000,15000) -> 15000 | P23: =IF(B23="","",O23/N23) -> 0.88235294 | Q23: 4799 | R23: 7 | U23: =IF(S23="","",(T23-C23)) | V23: =IF(B23="","",IF(U23<3,(Q23-R23)/Q23,(Q23-R23-S23)/Q23)) -> 0.99854136 | W23: =IF(B23="","",V23*P23*J23) -> 0.636634 | X23: =IF(B23="","",V23*P23*M23) -> 0.54441651
D24: =IF(B24="","",(C24-B24)*24*60) | G24: =IF(E24="","",F24-E24) | J24: =IF(B24="","",(D24-G24-H24-I24)/D24) | M24: =IF(B24="","",(D24-G24-H24-I24-K24-L24-E24)/D24) | P24: =IF(B24="","",O24/N24) | U24: =IF(S24="","",(T24-C24)) | V24: =IF(B24="","",IF(U24<3,(Q24-R24)/Q24,(Q24-R24-S24)/Q24)) | W24: =IF(B24="","",V24*P24*J24) | X24: =IF(B24="","",V24*P24*M24)
D25: =IF(B25="","",(C25-B25)*24*60) | G25: =IF(E25="","",F25-E25) | J25: =IF(B25="","",(D25-G25-H25-I25)/D25) | M25: =IF(B25="","",(D25-G25-H25-I25-K25-L25-E25)/D25) | P25: =IF(B25="","",O25/N25) | U25: =IF(S25="","",(T25-C25)) | V25: =IF(B25="","",IF(U25<3,(Q25-R25)/Q25,(Q25-R25-S25)/Q25)) | W25: =IF(B25="","",V25*P25*J25) | X25: =IF(B25="","",V25*P25*M25)
D26: =IF(B26="","",(C26-B26)*24*60) | G26: =IF(E26="","",F26-E26) | J26: =IF(B26="","",(D26-G26-H26-I26)/D26) | M26: =IF(B26="","",(D26-G26-H26-I26-K26-L26-E26)/D26) | P26: =IF(B26="","",O26/N26) | U26: =IF(S26="","",(T26-C26)) | V26: =IF(B26="","",IF(U26<3,(Q26-R26)/Q26,(Q26-R26-S26)/Q26)) | W26: =IF(B26="","",V26*P26*J26) | X26: =IF(B26="","",V26*P26*M26)
