Workbook
Name ProductList: [1]November15!$R$3:$R$9
Name ProductList: [2]November15!$R$3:$R$9

Sheet Dec 18th
T1: P.G. | V1: Hot Time | X1: Process Time | Z1: Cooling Time
B2: Brewing Department Daily Process Loss Report | T2: Lower | U2: Upper | V2: Lower | W2: Upper | X2: Lower | Y2: Upper | Z2: Lower | AA2: Upper
S3: CARIB | T3: 11.6 | U3: 12 | V3: 0 | W3: 0.11805556 | X3: 0.17361111 | Y3: 0.21180556 | Z3: 0 | AA3: 60 | AC3: HR- PISNER
B4: Date: | C4: 45278 | J4: LOT WORT COLOUR: 3.4 | M4: Filter Sheets (Target 20 days) | S4: STAG | T4: 11.6 | U4: 12 | V4: 0 | W4: 0.11805556 | X4: 0.17361111 | Y4: 0.21180556 | Z4: 0 | AA4: 60
M5: Double | N5: Single | S5: GUINNESS | T5: 17 | U5: 17.5 | V5: 0 | W5: 0.10763889 | X5: 0.19444444 | Y5: 0.23263889 | Z5: 0 | AA5: 60
J6: MALT LOT: Lot 8 | L6: Sheet Day | S6: MACKESON | T6: 13.3 | U6: 13.5 | V6: 0 | W6: 0.12905093 | X6: 0.22222222 | Y6: 0.25347222 | Z6: 0
S7: STARMALT | T7: 17.1 | U7: 17.5 | V7: 0 | W7: 0.13605324 | X7: 0.20833333 | Y7: 0.24305556 | Z7: 0 | AA7: 60
B8: Brand | C8: Brew no. | D8: Kett. Hls | E8: Wort | F8: Cool Time(Mins) | G8: Cast. P.G. (Lab Result) | H8: Cast P.G. (Cellar Operator)-gravity | I8: Extr. Rec (79.1%) | J8: Theor. Extr. (77.5%) | K8: Boil Off /Vol. (4-6%) | L8: Boil Time | M8: Total Hot | N8: Brewing | P8: Comments | Q8: Actual Pilsen Malt | S8: Hurricane Reef | T8: 16.6 | U8: 17 | V8: 0 | W8: 0.12905093 | X8: 0.22222222 | Y8: 0.25347222 | Z8: 0
E9: Meter (Hls) | F9: Target(< 60Mins) | M9: Time | S9: VITAMALT | T9: 14.4 | U9: 14.6 | V9: 0 | W9: 0.13905093 | X9: 0.19097222 | Y9: 0.22569444 | Z9: 0 | AA9: 75
S10: =B10 -> 0 | T10: =VLOOKUP($B10,$S$3:$Y$9,2,FALSE) -> #N/A | U10: =VLOOKUP($B10,$S$3:$Y$9,3,FALSE) -> #N/A | V10: =VLOOKUP($B10,$S$3:$Y$9,4,FALSE) -> #N/A | W10: =VLOOKUP($B10,$S$3:$Y$9,5,FALSE) -> #N/A | X10: =VLOOKUP($B10,$S$3:$Y$9,6,FALSE) -> #N/A | Y10: =VLOOKUP($B10,$S$3:$Y$9,7,FALSE) -> #N/A | Z10: =VLOOKUP($B10,$S$3:$AA$9,8,FALSE) -> #N/A | AA10: =VLOOKUP($B10,$S$3:$AA$9,9,FALSE) -> #N/A
S11: =B11 -> 0 | T11: =VLOOKUP($B11,$S$3:$Y$9,2,FALSE) -> #N/A | U11: =VLOOKUP($B11,$S$3:$Y$9,3,FALSE) -> #N/A | V11: =VLOOKUP($B11,$S$3:$Y$9,4,FALSE) -> #N/A | W11: =VLOOKUP($B11,$S$3:$Y$9,5,FALSE) -> #N/A | X11: =VLOOKUP($B11,$S$3:$Y$9,6,FALSE) -> #N/A | Y11: =VLOOKUP($B11,$S$3:$Y$9,7,FALSE) -> #N/A | Z11: =VLOOKUP($B11,$S$3:$AA$9,8,FALSE) -> #N/A | AA11: =VLOOKUP($B11,$S$3:$AA$9,9,FALSE) -> #N/A
S12: =B12 -> 0 | T12: =VLOOKUP($B12,$S$3:$Y$9,2,FALSE) -> #N/A | U12: =VLOOKUP($B12,$S$3:$Y$9,3,FALSE) -> #N/A | V12: =VLOOKUP($B12,$S$3:$Y$9,4,FALSE) -> #N/A | W12: =VLOOKUP($B12,$S$3:$Y$9,5,FALSE) -> #N/A | X12: =VLOOKUP($B12,$S$3:$Y$9,6,FALSE) -> #N/A | Y12: =VLOOKUP($B12,$S$3:$Y$9,7,FALSE) -> #N/A | Z12: =VLOOKUP($B12,$S$3:$AA$9,8,FALSE) -> #N/A | AA12: =VLOOKUP($B12,$S$3:$AA$9,9,FALSE) -> #N/A
S13: =B13 -> 0 | T13: =VLOOKUP($B13,$S$3:$Y$9,2,FALSE) -> #N/A | U13: =VLOOKUP($B13,$S$3:$Y$9,3,FALSE) -> #N/A | V13: =VLOOKUP($B13,$S$3:$Y$9,4,FALSE) -> #N/A | W13: =VLOOKUP($B13,$S$3:$Y$9,5,FALSE) -> #N/A | X13: =VLOOKUP($B13,$S$3:$Y$9,6,FALSE) -> #N/A | Y13: =VLOOKUP($B13,$S$3:$Y$9,7,FALSE) -> #N/A | Z13: =VLOOKUP($B13,$S$3:$AA$9,8,FALSE) -> #N/A | AA13: =VLOOKUP($B13,$S$3:$AA$9,9,FALSE) -> #N/A
S14: =B14 -> 0 | T14: =VLOOKUP($B14,$S$3:$Y$9,2,FALSE) -> #N/A | U14: =VLOOKUP($B14,$S$3:$Y$9,3,FALSE) -> #N/A | V14: =VLOOKUP($B14,$S$3:$Y$9,4,FALSE) -> #N/A | W14: =VLOOKUP($B14,$S$3:$Y$9,5,FALSE) -> #N/A | X14: =VLOOKUP($B14,$S$3:$Y$9,6,FALSE) -> #N/A | Y14: =VLOOKUP($B14,$S$3:$Y$9,7,FALSE) -> #N/A | Z14: =VLOOKUP($B14,$S$3:$AA$9,8,FALSE) -> #N/A | AA14: =VLOOKUP($B14,$S$3:$AA$9,9,FALSE) -> #N/A
S15: =B15 -> 0 | T15: =VLOOKUP($B15,$S$3:$Y$9,2,FALSE) -> #N/A | U15: =VLOOKUP($B15,$S$3:$Y$9,3,FALSE) -> #N/A | V15: =VLOOKUP($B15,$S$3:$Y$9,4,FALSE) -> #N/A | W15: =VLOOKUP($B15,$S$3:$Y$9,5,FALSE) -> #N/A | X15: =VLOOKUP($B15,$S$3:$Y$9,6,FALSE) -> #N/A | Y15: =VLOOKUP($B15,$S$3:$Y$9,7,FALSE) -> #N/A | Z15: =VLOOKUP($B15,$S$3:$AA$9,8,FALSE) -> #N/A | AA15: =VLOOKUP($B15,$S$3:$AA$9,9,FALSE) -> #N/A
S16: =B16 -> 0 | T16: =VLOOKUP($B16,$S$3:$Y$9,2,FALSE) -> #N/A | U16: =VLOOKUP($B16,$S$3:$Y$9,3,FALSE) -> #N/A | V16: =VLOOKUP($B16,$S$3:$Y$9,4,FALSE) -> #N/A | W16: =VLOOKUP($B16,$S$3:$Y$9,5,FALSE) -> #N/A | X16: =VLOOKUP($B16,$S$3:$Y$9,6,FALSE) -> #N/A | Y16: =VLOOKUP($B16,$S$3:$Y$9,7,FALSE) -> #N/A | Z16: =VLOOKUP($B16,$S$3:$AA$9,8,FALSE) -> #N/A | AA16: =VLOOKUP($B16,$S$3:$AA$9,9,FALSE) -> #N/A
S17: =B17 -> 0 | T17: =VLOOKUP($B17,$S$3:$Y$9,2,FALSE) -> #N/A | U17: =VLOOKUP($B17,$S$3:$Y$9,3,FALSE) -> #N/A | V17: =VLOOKUP($B17,$S$3:$Y$9,4,FALSE) -> #N/A | W17: =VLOOKUP($B17,$S$3:$Y$9,5,FALSE) -> #N/A | X17: =VLOOKUP($B17,$S$3:$Y$9,6,FALSE) -> #N/A | Y17: =VLOOKUP($B17,$S$3:$Y$9,7,FALSE) -> #N/A | Z17: =VLOOKUP($B17,$S$3:$AA$9,8,FALSE) -> #N/A | AA17: =VLOOKUP($B17,$S$3:$AA$9,9,FALSE) -> #N/A
S18: =B18 -> 0 | T18: =VLOOKUP($B18,$S$3:$Y$9,2,FALSE) -> #N/A | U18: =VLOOKUP($B18,$S$3:$Y$9,3,FALSE) -> #N/A | V18: =VLOOKUP($B18,$S$3:$Y$9,4,FALSE) -> #N/A | W18: =VLOOKUP($B18,$S$3:$Y$9,5,FALSE) -> #N/A | X18: =VLOOKUP($B18,$S$3:$Y$9,6,FALSE) -> #N/A | Y18: =VLOOKUP($B18,$S$3:$Y$9,7,FALSE) -> #N/A | Z18: =VLOOKUP($B18,$S$3:$AA$9,8,FALSE) -> #N/A | AA18: =VLOOKUP($B18,$S$3:$AA$9,9,FALSE) -> #N/A
S19: =B19 -> 0 | T19: =VLOOKUP($B19,$S$3:$Y$9,2,FALSE) -> #N/A | U19: =VLOOKUP($B19,$S$3:$Y$9,3,FALSE) -> #N/A | V19: =VLOOKUP($B19,$S$3:$Y$9,4,FALSE) -> #N/A | W19: =VLOOKUP($B19,$S$3:$Y$9,5,FALSE) -> #N/A | X19: =VLOOKUP($B19,$S$3:$Y$9,6,FALSE) -> #N/A | Y19: =VLOOKUP($B19,$S$3:$Y$9,7,FALSE) -> #N/A | Z19: =VLOOKUP($B19,$S$3:$AA$9,8,FALSE) -> #N/A | AA19: =VLOOKUP($B19,$S$3:$AA$9,9,FALSE) -> #N/A
S20: =B20 -> 0 | T20: =VLOOKUP($B20,$S$3:$Y$9,2,FALSE) -> #N/A | U20: =VLOOKUP($B20,$S$3:$Y$9,3,FALSE) -> #N/A | V20: =VLOOKUP($B20,$S$3:$Y$9,4,FALSE) -> #N/A | W20: =VLOOKUP($B20,$S$3:$Y$9,5,FALSE) -> #N/A | X20: =VLOOKUP($B20,$S$3:$Y$9,6,FALSE) -> #N/A | Y20: =VLOOKUP($B20,$S$3:$Y$9,7,FALSE) -> #N/A | Z20: =VLOOKUP($B20,$S$3:$AA$9,8,FALSE) -> #N/A | AA20: =VLOOKUP($B20,$S$3:$AA$9,9,FALSE) -> #N/A
S21: =B21 -> 0 | T21: =VLOOKUP($B21,$S$3:$Y$9,2,FALSE) -> #N/A | U21: =VLOOKUP($B21,$S$3:$Y$9,3,FALSE) -> #N/A | V21: =VLOOKUP($B21,$S$3:$Y$9,4,FALSE) -> #N/A | W21: =VLOOKUP($B21,$S$3:$Y$9,5,FALSE) -> #N/A | X21: =VLOOKUP($B21,$S$3:$Y$9,6,FALSE) -> #N/A | Y21: =VLOOKUP($B21,$S$3:$Y$9,7,FALSE) -> #N/A | Z21: =VLOOKUP($B21,$S$3:$AA$9,8,FALSE) -> #N/A | AA21: =VLOOKUP($B21,$S$3:$AA$9,9,FALSE) -> #N/A
... S47: =B47 -> 0 | T47: =VLOOKUP($B47,$S$3:$Y$9,2,FALSE) -> #N/A | U47: =VLOOKUP($B47,$S$3:$Y$9,3,FALSE) -> #N/A | V47: =VLOOKUP($B47,$S$3:$Y$9,4,FALSE) -> #N/A | W47: =VLOOKUP($B47,$S$3:$Y$9,5,FALSE) -> #N/A | X47: =VLOOKUP($B47,$S$3:$Y$9,6,FALSE) -> #N/A | Y47: =VLOOKUP($B47,$S$3:$Y$9,7,FALSE) -> #N/A | Z47: =VLOOKUP($B47,$S$3:$AA$9,8,FALSE) -> #N/A | AA47: =VLOOKUP($B47,$S$3:$AA$9,9,FALSE) -> #N/A
I48: EXTRACT RECOVERY
B49: BRAND | D49: BBT P.G./ O.G | I49: Brand | J49: Actual | K49: MTD No. of Brews | L49: MTD | M49: YTD | N49: Target
B50: STAG | C50: 11.8 | D50: 11.73 | I50: CARIB | K50: =COUNTA([3]Brewhouse!$A$1596:$A$1619) -> 24 | L50: =AVERAGE([3]Brewhouse!$AU$1529,[3]Brewhouse!$AU$1531:$AU$1594,[3]Brewhouse!$AU$1596:$AU$1619) -> 98.205761 | M50: =AVERAGE([3]Brewhouse!$AU$849:$AU$924,[3]Brewhouse!$AU$926:$AU$971,[3]Brewhouse!$AU$973:$AU$1066,[3]Brewhouse!$AU$1068:$AU$1111,[3]Brewhouse!$AU$1113:$AU$1132,[3]Brewhouse!$AU$1134:$AU$1167,[3]Brewhouse!$AU$1169:$AU$1230,[3]Brewhouse!$AU$1232:$AU$1299,[3]Brewhouse!$AU$1301:$AU$1363,[3]Brewhouse!$AU$1365:$AU$1444,[3]Brewhouse!$AU$1446:$AU$1527,[3]Brewhouse!$AU$1529,[3]Brewhouse!$AU$1531:$AU$1594,[3]Brewhouse!$AU$1596:$AU$1619) -> 98.381806 | N50: 98
C51: 11.9 | I51: STAG | K51: =COUNTA([4]Brewhouse!$A$976:$A$1007) -> 32 | L51: =AVERAGE([4]Brewhouse!$AS$976:$AS$979,[4]Brewhouse!$AS$981:$AS$1007) -> 98.538567 | M51: =AVERAGE([4]Brewhouse!$AS$577:$AS$618,[4]Brewhouse!$AS$620:$AS$651,[4]Brewhouse!$AS$653:$AS$696,[4]Brewhouse!$AS$698:$AS$708,[4]Brewhouse!$AS$710:$AS$733,[4]Brewhouse!$AS$735:$AS$777,[4]Brewhouse!$AS$779:$AS$822,[4]Brewhouse!$AS$824:$AS$863,[4]Brewhouse!$AS$865:$AS$974,[4]Brewhouse!$AS$976:$AS$979,[4]Brewhouse!$AS$981:$AS$1007) -> 98.489671 | N51: 98
I52: GUINNESS | K52: =COUNTA([5]Brewhouse!$A$282:$A$289) -> 8 | L52: =AVERAGE([5]Brewhouse!$AU$269:$AU$279,[5]Brewhouse!$AU$282:$AU$289) -> 96.186177 | M52: =AVERAGE([5]Brewhouse!$AU$161:$AU$176,[5]Brewhouse!$AU$178:$AU$195,[5]Brewhouse!$AU$197:$AU$208,[5]Brewhouse!$AU$210:$AU$221,[5]Brewhouse!$AU$223:$AU$232,[5]Brewhouse!$AU$234:$AU$279,[5]Brewhouse!$AU$282:$AU$289) -> 96.64916 | N52: 98
I53: VITAMALT | K53: =COUNTA([6]Brewhouse!$A$158:$A$163) -> 6 | L53: =AVERAGE([6]Brewhouse!$AU$158:$AU$163) -> 94.60305 | M53: =AVERAGE([6]Brewhouse!$AU$91:$AU$101,[6]Brewhouse!$AU$103:$AU$112,[6]Brewhouse!$AU$114:$AU$123,[6]Brewhouse!$AU$125:$AU$134,[6]Brewhouse!$AU$136:$AU$145,[6]Brewhouse!$AU$147:$AU$156,[6]Brewhouse!$AU$158:$AU$163) -> 96.240014 | N53: 98
I54: MAXIMALT | N54: 98
I55: MACKESON | M55: =AVERAGE([7]Brewhouse!$AT$74:$AT$79) -> 93.959836 | N55: 98
I56: STARMALT | K56: =COUNTA([8]Brewhouse!$A$249:$A$254) -> 6 | L56: =AVERAGE([8]Brewhouse!$AY$249:$AY$254) -> 99.681996 | M56: =AVERAGE([8]Brewhouse!$AY$138:$AY$143,[8]Brewhouse!$AY$145:$AY$153,[8]Brewhouse!$AY$155,[8]Brewhouse!$AY$156:$AY$174,[8]Brewhouse!$AY$176:$AY$185,[8]Brewhouse!$AY$187:$AY$198,[8]Brewhouse!$AY$200:$AY$247,[8]Brewhouse!$AY$249:$AY$254) -> 98.774703 | N56: 98
I57: HR- P | M57: =AVERAGE([9]Brewhouse!$AW$13:$AW$14,[9]Brewhouse!$AW$16:$AW$17) -> 92.042628 | N57: 98
I58: Hurricane Reef | M58: =AVERAGE([9]Brewhouse!$AW$13:$AW$14) -> 88.376943 | N58: 98
K59: =SUM(K50:K58) -> 76 | L59: =((L50*K50)+(L51*K51)+(L52*K52)+(L53*K53)+(L54*K54)+(K57*L57)+(L55*K55)+(L56*K56)+(L58*K58))/(K59) -> 97.965422 | M59: =AVERAGE('[10]Closing- January 2023'!$L$42,'[11]Feb. 28th'!$L$42,'[12]March 31st'!$L$75,'[13]Apri 28th'!$L$51,L59) -> 98.06926 | N59: 98
J62: Daily Brewing Plan
J63: Brand | K63: Brews Achieved | L63: Average Brews per day
J64: CARIB | L64: MTD | M64: YTD | N64: TARGET
J65: STAG | K65: 5 | L65: =AVERAGE(#REF!,#REF!,K74,#REF!,#REF!,#REF!,#REF!,#REF!,#REF!,#REF!,#REF!) -> #REF! | M65: =AVERAGE(6,6,'[12]March 31st'!$L$80,'[14]June 30th '!$L$71,6,L65,'[15]July 31st'!$L$108,'[16]Aug 30th'!$L$124,7,[17]Oct.31st!$L$51) -> #REF! | N65: 9
J66: GUINN
J67: VITAMALT
J68: STARMALT
J69: MACKESON
J70: HURRICANE REEF- IPA
J71: HURRICANE REEF- APA
B72: AVERAGE | D72: =AVERAGE(D50:E71) -> 11.73 | J72: HR- PILSNER
J73: CARIBE
J74: Total | K74: =SUM(K64:K73) -> 5
B75: Process: | C75: Fermentation/Filtration
B77: Brand | C77: Filt. Date | D77: FV Hls | E77: GFE/ Prim/ Vita Blend (Hls) | F77: SV Hls | G77: BBT Hls | H77: Loss (%) Ferm | I77: Loss (%) Filt | J77: Comments | K77: Throughput | L77: Process Loss (%) | M77: Filt. Operator
U78: 43466 | V78: 43467 | W78: 43468 | X78: 43469 | Y78: 43470 | Z78: 43471 | AA78: 43472 | AB78: 43473 | AC78: 43474 | AD78: 43475 | AE78: 43476 | AF78: 43477 | AG78: 43478 | AH78: 43479 | AI78: 43480 | AJ78: 43481 | AK78: 43482 | AL78: 43483 | AM78: 43484 | AN78: 43485 | AO78: 43486 | AP78: 43487 | AQ78: 43488 | AR78: 43489 | AS78: 43490 | AT78: 43491 | AU78: 43492 | AV78: 43493 | AW78: 43494 | AX78: 43495 | AY78: 43496
B79: STAG | C79: 45278 | D79: =[18]December_2023!$U$13 -> 150.4 | G79: =[18]December_2023!$U$17 -> 120.8 | J79: NO BREAK | K79: =[19]December_2023!$U$25 -> 0.42385965 | L79: =(((D79+E79)-G79)/(D79+E79))*100 -> 19.680851 | M79: K.Hosten | T79: hls
T80: Throughput | U80: =[20]January_2019!D8 -> #DIV/0! | V80: =[20]January_2019!E8 -> 1.0319298 | W80: =[20]January_2019!F8 -> 1.7789474 | X80: =[20]January_2019!G8 -> 0.51929825 | Y80: =[20]January_2019!H8 -> #DIV/0! | Z80: =[20]January_2019!I8 -> #DIV/0! | AA80: =[20]January_2019!J8 -> 1.3652632 | AB80: =[20]January_2019!K8 -> #DIV/0! | ... AY80: =[20]January_2019!AH8 -> #DIV/0!
B87: Process Loss (Volume) | G87: Process Loss (Extract) | K87: Throughput
B88: Brand | C88: Actual | D88: MTD | E88: YTD | F88: Target | G88: Actual | H88: MTD | I88: YTD | J88: Target | K88: Actual | L88: MTD | M88: YTD | N88: Target
B89: CARIB | D89: 5.181332 | E89: 6.6038503 | F89: 4.8 | H89: 5.2502762 | I89: 6.9665258 | J89: 4.8 | L89: 0.70807018 | M89: 0.77999467 | N89: 1
B90: STAG | C90: =AVERAGE(L79,L81) -> 19.680851 | D90: 6.5498915 | E90: 6.1662321 | F90: 4.8 | G90: =[18]December_2023!$U$21 -> 19.680851 | H90: 6.3458282 | I90: 5.9138834 | J90: 4.8 | K90: =AVERAGE(K79,K81) -> 0.42385965 | L90: 0.66137427 | M90: 0.71942944 | N90: 1
B91: GUINN | D91: 8.4423676 | E91: 8.9890455 | F91: 5.5 | H91: 5.9624998 | I91: 8.6652309 | J91: 5.5 | L91: 0.51561404 | M91: 0.65035608 | N91: 1
B92: VITAMALT | D92: 3.597848 | E92: 2.9936807 | F92: 3.3 | H92: 6.098202 | I92: 3.3134543 | J92: 3.3 | L92: 0.50298246 | M92: 1.0625518 | N92: 1
B93: MAXIMALT | F93: 3.3 | J93: 3 | N93: 1
B94: MACKESON | E94: 6.4174306 | F94: =[21]May_2022!$M$43 -> 3.4878407 | I94: 7.0730655 | J94: 5.5 | M94: 1.0342105 | N94: 1
B95: STARMALT | D95: 2.7692803 | E95: 3.0589058 | F95: 3.3 | H95: 4.2179953 | I95: 4.9470953 | J95: 3.3 | L95: 1.0594737 | M95: 1.0223839 | N95: 1
B96: HURRICANE REEF | E96: 11.178248 | F96: 7.5 | I96: 14.59851 | J96: 7.5 | M96: 0.30947368 | N96: 1
D97: 5.3927001 | E97: 6.2517133 | F97: 4.5 | H97: 5.4965257 | I97: 6.527958 | J97: 4.5 | L97: 0.69682018 | M97: 0.78265038 | N97: 1
AD110: :

Sheet Dec 1st
S1: P.G. | U1: Hot Time | W1: Process Time | Y1: Cooling Time
B2: Brewing Department Daily Process Loss Report | S2: Lower | T2: Upper | U2: Lower | V2: Upper | W2: Lower | X2: Upper | Y2: Lower | Z2: Upper
R3: CARIB | S3: 11.6 | T3: 12 | U3: 0 | V3: 0.11805556 | W3: 0.22569444 | X3: 0.26388889 | Y3: 0 | Z3: 60 | AB3: HR- PISNER
B4: Date: | C4: 45993 | J4: LOT WORT COLOUR: | M4: Filter Sheets (Target 20 days) | R4: STAG | S4: 11.6 | T4: 12 | U4: 0 | V4: 0.11805556 | W4: 0.22569444 | X4: 0.26388889 | Y4: 0 | Z4: 60
M5: Double | N5: Single | R5: GUINNESS | S5: 17 | T5: 17.5 | U5: 0 | V5: 0.10763889 | W5: 0.24652778 | X5: 0.28472222 | Y5: 0 | Z5: 60
J6: MALT LOT: Lot #8 | L6: Sheet Day | R6: MACKESON | S6: 13.3 | T6: 13.5 | U6: 0 | V6: 0.12905093 | W6: 0.27430556 | X6: 0.30208333 | Y6: 0
R7: STARMALT | S7: 17 | T7: 17.4 | U7: 0 | V7: 0.13605324 | W7: 0.27430556 | X7: 0.30902778 | Y7: 0 | Z7: 85
B8: Brand | C8: Brew no. | D8: Kett. Hls | E8: Wort | F8: Cool Time(Mins) | G8: Cast. P.G. (Lab Result) | H8: Cast P.G. (Cellar Operator)-gravity | I8: Extr. Rec (77.9%) | J8: Theor. Extr. (77.5%) | K8: Boil Off /Vol. (4-6%) | L8: Boil Time | M8: Total Hot | N8: Brewing | O8: Operator | R8: Hurricane Reef | S8: 16.6 | T8: 17 | U8: 0 | V8: 0.12905093 | W8: 0.27430556 | X8: 0.30208333 | Y8: 0
E9: Meter (Hls) | F9: Target(< 60Mins) | M9: Time | R9: VITAMALT | S9: 14.2 | T9: 14.6 | U9: 0 | V9: 0.13905093 | W9: 0.26041667 | X9: 0.29513889 | Y9: 0 | Z9: 75
B10: VITAMALT | C10: =[22]Brewhouse!A106 -> VM091 | D10: BREW DUMPED
B11: VITAMALT | C11: =[22]Brewhouse!A107 -> VM092 | D11: =[22]Brewhouse!AE107 -> 50.1 | E11: =[22]Brewhouse!AJ107 -> 47.4 | F11: =[22]Brewhouse!X107 -> 85 | G11: =[22]Brewhouse!AH107 -> 14.3 | H11: 14.4 | I11: =[22]Brewhouse!AV107 -> 96.1527 | J11: =[22]Brewhouse!AW107 -> 96.178035 | K11: =[22]Brewhouse!S107 -> 12.095808 | L11: =[22]Brewhouse!R107 -> 58 | M11: =[22]Brewhouse!$W107-[22]Brewhouse!$V107 -> 0.14513889 | N11: =[22]Brewhouse!AB107 -> 0.28055556 | O11: =[22]Brewhouse!$AZ107 -> R.Sookram
R15: =B15 -> 0 | S15: =VLOOKUP($B15,$R$3:$X$9,2,FALSE) -> #N/A | T15: =VLOOKUP($B15,$R$3:$X$9,3,FALSE) -> #N/A | U15: =VLOOKUP($B15,$R$3:$X$9,4,FALSE) -> #N/A | V15: =VLOOKUP($B15,$R$3:$X$9,5,FALSE) -> #N/A | W15: =VLOOKUP($B15,$R$3:$X$9,6,FALSE) -> #N/A | X15: =VLOOKUP($B15,$R$3:$X$9,7,FALSE) -> #N/A | Y15: =VLOOKUP($B15,$R$3:$Z$9,8,FALSE) -> #N/A | Z15: =VLOOKUP($B15,$R$3:$Z$9,9,FALSE) -> #N/A
R16: =B16 -> 0 | S16: =VLOOKUP($B16,$R$3:$X$9,2,FALSE) -> #N/A | T16: =VLOOKUP($B16,$R$3:$X$9,3,FALSE) -> #N/A | U16: =VLOOKUP($B16,$R$3:$X$9,4,FALSE) -> #N/A | V16: =VLOOKUP($B16,$R$3:$X$9,5,FALSE) -> #N/A | W16: =VLOOKUP($B16,$R$3:$X$9,6,FALSE) -> #N/A | X16: =VLOOKUP($B16,$R$3:$X$9,7,FALSE) -> #N/A | Y16: =VLOOKUP($B16,$R$3:$Z$9,8,FALSE) -> #N/A | Z16: =VLOOKUP($B16,$R$3:$Z$9,9,FALSE) -> #N/A
R17: =B17 -> 0 | S17: =VLOOKUP($B17,$R$3:$X$9,2,FALSE) -> #N/A | T17: =VLOOKUP($B17,$R$3:$X$9,3,FALSE) -> #N/A | U17: =VLOOKUP($B17,$R$3:$X$9,4,FALSE) -> #N/A | V17: =VLOOKUP($B17,$R$3:$X$9,5,FALSE) -> #N/A | W17: =VLOOKUP($B17,$R$3:$X$9,6,FALSE) -> #N/A | X17: =VLOOKUP($B17,$R$3:$X$9,7,FALSE) -> #N/A | Y17: =VLOOKUP($B17,$R$3:$Z$9,8,FALSE) -> #N/A | Z17: =VLOOKUP($B17,$R$3:$Z$9,9,FALSE) -> #N/A
B18: BRAND | D18: BBT P.G./ O.G | I18: Brand | K18: MTD No. of Brews | L18: MTD | M18: YTD | N18: Target | R18: =B18 -> BRAND | S18: =VLOOKUP($B18,$R$3:$X$9,2,FALSE) -> #N/A | T18: =VLOOKUP($B18,$R$3:$X$9,3,FALSE) -> #N/A | U18: =VLOOKUP($B18,$R$3:$X$9,4,FALSE) -> #N/A | V18: =VLOOKUP($B18,$R$3:$X$9,5,FALSE) -> #N/A | W18: =VLOOKUP($B18,$R$3:$X$9,6,FALSE) -> #N/A | X18: =VLOOKUP($B18,$R$3:$X$9,7,FALSE) -> #N/A | Y18: =VLOOKUP($B18,$R$3:$Z$9,8,FALSE) -> #N/A | Z18: =VLOOKUP($B18,$R$3:$Z$9,9,FALSE) -> #N/A
B19: =I19 -> CARIB | C19: {=[23]Process!$D$922:$D$925} -> 11.9 | D19: 12 | I19: CARIB | M19: =AVERAGE([23]Brewhouse!$AU$102:$AU$171,[23]Brewhouse!$AU$173:$AU$253,[23]Brewhouse!$AU$255:$AU$339,[23]Brewhouse!$AU$341:$AU$346,[23]Brewhouse!$AU$348,[23]Brewhouse!$AU$349:$AU$406,[23]Brewhouse!$AU$408:$AU$491,[23]Brewhouse!$AU$493:$AU$578,[23]Brewhouse!$AU$580:$AU$652,[23]Brewhouse!$AU$655:$AU$738,[23]Brewhouse!$A$740:$A$821,[23]Brewhouse!$AU$823:$AU$862,[24]Brewhouse!$AS$420:$AS$423,[23]Brewhouse!$AU$867:$AU$912,[23]Brewhouse!$AU$914:$AU$1003) -> 97.751831 | N19: 98 | R19: =B19 -> CARIB | S19: =VLOOKUP($B19,$R$3:$X$9,2,FALSE) -> 11.6 | T19: =VLOOKUP($B19,$R$3:$X$9,3,FALSE) -> 12 | U19: =VLOOKUP($B19,$R$3:$X$9,4,FALSE) -> 0 | V19: =VLOOKUP($B19,$R$3:$X$9,5,FALSE) -> 0.11805556 | W19: =VLOOKUP($B19,$R$3:$X$9,6,FALSE) -> 0.22569444 | X19: =VLOOKUP($B19,$R$3:$X$9,7,FALSE) -> 0.26388889 | Y19: =VLOOKUP($B19,$R$3:$Z$9,8,FALSE) -> 0 | Z19: =VLOOKUP($B19,$R$3:$Z$9,9,FALSE) -> 60
C20: 11.8 | I20: STAG | M20: =AVERAGE([24]Brewhouse!$AS$15:$AS$64,[24]Brewhouse!$AS$66:$AS$103,[24]Brewhouse!$AS$105:$AS$140,[24]Brewhouse!$AS$142:$AS$193,[24]Brewhouse!$AS$195:$AS$240,[24]Brewhouse!$AS$242:$AS$273,[24]Brewhouse!$AS$275:$AS$322,[24]Brewhouse!$AS$324:$AS$359,[24]Brewhouse!$AS$361:$AS$397,[24]Brewhouse!$AS$399:$AS$419,[24]Brewhouse!$AS$424:$AS$447,[24]Brewhouse!$AS$449:$AS$484) -> 97.847962 | N20: 98 | R20: =B20 -> 0 | S20: =VLOOKUP($B20,$R$3:$X$9,2,FALSE) -> #N/A | T20: =VLOOKUP($B20,$R$3:$X$9,3,FALSE) -> #N/A | U20: =VLOOKUP($B20,$R$3:$X$9,4,FALSE) -> #N/A | V20: =VLOOKUP($B20,$R$3:$X$9,5,FALSE) -> #N/A | W20: =VLOOKUP($B20,$R$3:$X$9,6,FALSE) -> #N/A | X20: =VLOOKUP($B20,$R$3:$X$9,7,FALSE) -> #N/A | Y20: =VLOOKUP($B20,$R$3:$Z$9,8,FALSE) -> #N/A | Z20: =VLOOKUP($B20,$R$3:$Z$9,9,FALSE) -> #N/A
C21: 11.6 | D21: 11.6 | I21: GUINNESS | M21: =AVERAGE([25]Brewhouse!$AU$4:$AU$7,[25]Brewhouse!$AU$9:$AU$22,[25]Brewhouse!$AU$24:$AU$35,[25]Brewhouse!$AU$37:$AU$45,[25]Brewhouse!$AU$47:$AU$62,[25]Brewhouse!$AU$64:$AU$79,[25]Brewhouse!$AU$81:$AU$92,[25]Brewhouse!$AU$94:$AU$97,[25]Brewhouse!$AU$99:$AU$106,[25]Brewhouse!$AU$116:$AU$123) -> 96.481277 | N21: 98 | R21: =B21 -> 0 | S21: =VLOOKUP($B21,$R$3:$X$9,2,FALSE) -> #N/A | T21: =VLOOKUP($B21,$R$3:$X$9,3,FALSE) -> #N/A | U21: =VLOOKUP($B21,$R$3:$X$9,4,FALSE) -> #N/A | V21: =VLOOKUP($B21,$R$3:$X$9,5,FALSE) -> #N/A | W21: =VLOOKUP($B21,$R$3:$X$9,6,FALSE) -> #N/A | X21: =VLOOKUP($B21,$R$3:$X$9,7,FALSE) -> #N/A | Y21: =VLOOKUP($B21,$R$3:$Z$9,8,FALSE) -> #N/A | Z21: =VLOOKUP($B21,$R$3:$Z$9,9,FALSE) -> #N/A
C22: 12 | I22: VITAMALT | J22: =I11 -> 96.1527 | K22: =COUNTA([22]Brewhouse!$A$107) -> 1 | L22: =AVERAGE([22]Brewhouse!$AV$107) -> 96.1527 | M22: =AVERAGE([22]Brewhouse!$AV$5:$AV$14,[22]Brewhouse!$AV$16:$AV$19,[22]Brewhouse!$AV$21:$AV$24,[22]Brewhouse!$AV$26:$AV$33,[22]Brewhouse!$AV$35:$AV$46,[22]Brewhouse!$AV$48:$AV$53,[22]Brewhouse!$AV$55:$AV$62,[22]Brewhouse!$AV$64:$AV$77,[22]Brewhouse!$AV$79:$AV$86,[22]Brewhouse!$AV$88:$AV$95,[22]Brewhouse!$AV$97:$AV$104,[22]Brewhouse!$AV$107) -> 98.24711 | N22: 98 | R22: =B22 -> 0 | S22: =VLOOKUP($B22,$R$3:$X$9,2,FALSE) -> #N/A | T22: =VLOOKUP($B22,$R$3:$X$9,3,FALSE) -> #N/A | U22: =VLOOKUP($B22,$R$3:$X$9,4,FALSE) -> #N/A | V22: =VLOOKUP($B22,$R$3:$X$9,5,FALSE) -> #N/A | W22: =VLOOKUP($B22,$R$3:$X$9,6,FALSE) -> #N/A | X22: =VLOOKUP($B22,$R$3:$X$9,7,FALSE) -> #N/A | Y22: =VLOOKUP($B22,$R$3:$Z$9,8,FALSE) -> #N/A | Z22: =VLOOKUP($B22,$R$3:$Z$9,9,FALSE) -> #N/A
C23: {=[23]Process!$D$933:$D$940} -> 11.6 | D23: 11.93 | I23: MAXIMALT | N23: 98 | R23: =B23 -> 0 | S23: =VLOOKUP($B23,$R$3:$X$9,2,FALSE) -> #N/A | T23: =VLOOKUP($B23,$R$3:$X$9,3,FALSE) -> #N/A | U23: =VLOOKUP($B23,$R$3:$X$9,4,FALSE) -> #N/A | V23: =VLOOKUP($B23,$R$3:$X$9,5,FALSE) -> #N/A | W23: =VLOOKUP($B23,$R$3:$X$9,6,FALSE) -> #N/A | X23: =VLOOKUP($B23,$R$3:$X$9,7,FALSE) -> #N/A | Y23: =VLOOKUP($B23,$R$3:$Z$9,8,FALSE) -> #N/A | Z23: =VLOOKUP($B23,$R$3:$Z$9,9,FALSE) -> #N/A
C24: 11.6 | I24: MACKESON | M24: =AVERAGE([26]Brewhouse!$AT$4:$AT$11,[26]Brewhouse!$AT$13:$AT$16,[26]Brewhouse!$AT$18:$AT$21,[26]Brewhouse!$AT$26,[26]Brewhouse!$AT$28:$AT$35) -> 94.794664 | N24: 98 | R24: =B24 -> 0 | S24: =VLOOKUP($B24,$R$3:$X$9,2,FALSE) -> #N/A | T24: =VLOOKUP($B24,$R$3:$X$9,3,FALSE) -> #N/A | U24: =VLOOKUP($B24,$R$3:$X$9,4,FALSE) -> #N/A | V24: =VLOOKUP($B24,$R$3:$X$9,5,FALSE) -> #N/A | W24: =VLOOKUP($B24,$R$3:$X$9,6,FALSE) -> #N/A | X24: =VLOOKUP($B24,$R$3:$X$9,7,FALSE) -> #N/A | Y24: =VLOOKUP($B24,$R$3:$Z$9,8,FALSE) -> #N/A | Z24: =VLOOKUP($B24,$R$3:$Z$9,9,FALSE) -> #N/A
C25: 11.7 | D25: 11.66 | I25: STARMALT | M25: =AVERAGE([27]Brewhouse!$AY$6:$AY$13,[27]Brewhouse!$AY$15:$AY$20,[27]Brewhouse!$AY$22:$AY$29,[27]Brewhouse!$AY$31:$AY$34,[27]Brewhouse!$AY$36:$AY$43,[27]Brewhouse!$AY$45:$AY$50, [27]Brewhouse!$AY$56:$AY$73,[27]Brewhouse!$AY$75:$AY$92,[27]Brewhouse!$AY$94:$AY$97) -> 97.370193 | N25: 98 | R25: =B25 -> 0 | S25: =VLOOKUP($B25,$R$3:$X$9,2,FALSE) -> #N/A | T25: =VLOOKUP($B25,$R$3:$X$9,3,FALSE) -> #N/A | U25: =VLOOKUP($B25,$R$3:$X$9,4,FALSE) -> #N/A | V25: =VLOOKUP($B25,$R$3:$X$9,5,FALSE) -> #N/A | W25: =VLOOKUP($B25,$R$3:$X$9,6,FALSE) -> #N/A | X25: =VLOOKUP($B25,$R$3:$X$9,7,FALSE) -> #N/A | Y25: =VLOOKUP($B25,$R$3:$Z$9,8,FALSE) -> #N/A | Z25: =VLOOKUP($B25,$R$3:$Z$9,9,FALSE) -> #N/A
C26: 11.8 | I26: HR- Pils | M26: =AVERAGE([28]Brewhouse!$AU$5:$AU$8,[28]Brewhouse!$AU$10:$AU$13,[27]Brewhouse!$AY$75:$AY$77) -> 94.749192 | N26: 98 | R26: =B26 -> 0 | S26: =VLOOKUP($B26,$R$3:$X$9,2,FALSE) -> #N/A | T26: =VLOOKUP($B26,$R$3:$X$9,3,FALSE) -> #N/A | U26: =VLOOKUP($B26,$R$3:$X$9,4,FALSE) -> #N/A | V26: =VLOOKUP($B26,$R$3:$X$9,5,FALSE) -> #N/A | W26: =VLOOKUP($B26,$R$3:$X$9,6,FALSE) -> #N/A | X26: =VLOOKUP($B26,$R$3:$X$9,7,FALSE) -> #N/A | Y26: =VLOOKUP($B26,$R$3:$Z$9,8,FALSE) -> #N/A | Z26: =VLOOKUP($B26,$R$3:$Z$9,9,FALSE) -> #N/A
C27: 11.7 | D27: 11.77 | I27: HR- IPA | M27: =AVERAGE([29]Brewhouse!$AW$26:$AW$27) -> 95.310681 | N27: 98 | R27: =B27 -> 0 | S27: =VLOOKUP($B27,$R$3:$X$9,2,FALSE) -> #N/A | T27: =VLOOKUP($B27,$R$3:$X$9,3,FALSE) -> #N/A | U27: =VLOOKUP($B27,$R$3:$X$9,4,FALSE) -> #N/A | V27: =VLOOKUP($B27,$R$3:$X$9,5,FALSE) -> #N/A | W27: =VLOOKUP($B27,$R$3:$X$9,6,FALSE) -> #N/A | X27: =VLOOKUP($B27,$R$3:$X$9,7,FALSE) -> #N/A | Y27: =VLOOKUP($B27,$R$3:$Z$9,8,FALSE) -> #N/A | Z27: =VLOOKUP($B27,$R$3:$Z$9,9,FALSE) -> #N/A
C28: 11.6 | I28: HR- APA | M28: =AVERAGE([30]Brewhouse!$AU$13:$AU$14) -> 97.110575 | N28: 98 | R28: =B28 -> 0 | S28: =VLOOKUP($B28,$R$3:$X$9,2,FALSE) -> #N/A | T28: =VLOOKUP($B28,$R$3:$X$9,3,FALSE) -> #N/A | U28: =VLOOKUP($B28,$R$3:$X$9,4,FALSE) -> #N/A | V28: =VLOOKUP($B28,$R$3:$X$9,5,FALSE) -> #N/A | W28: =VLOOKUP($B28,$R$3:$X$9,6,FALSE) -> #N/A | X28: =VLOOKUP($B28,$R$3:$X$9,7,FALSE) -> #N/A | Y28: =VLOOKUP($B28,$R$3:$Z$9,8,FALSE) -> #N/A | Z28: =VLOOKUP($B28,$R$3:$Z$9,9,FALSE) -> #N/A
C29: 12 | D29: 11.83 | K29: =SUM(K19:K28) -> 1 | L29: =((L19*K19)+(L20*K20)+(L21*K21)+(L22*K22)+(L23*K23)+(K26*L26)+(L24*K24)+(L25*K25)+(L28*K28))/(K29) -> 96.1527 | M29: =AVERAGE('[31]Jan 31st'!$L$65,'[32]Feb 28th'!$L$35,'[33]Mar. 31st'!$L$35,'[34]Apr. 30th'!$L$45,'[35]May 30th'!$L$37,'[36]June 30th'!$L$57,'[37]July 29th '!$L$44,'[38]Aug 29th'!$L$29,'[39]Sept 30th'!$L$35,L29) -> 97.43322 | N29: 98 | R29: =B29 -> 0 | S29: =VLOOKUP($B29,$R$3:$X$9,2,FALSE) -> #N/A | T29: =VLOOKUP($B29,$R$3:$X$9,3,FALSE) -> #N/A | U29: =VLOOKUP($B29,$R$3:$X$9,4,FALSE) -> #N/A | V29: =VLOOKUP($B29,$R$3:$X$9,5,FALSE) -> #N/A | W29: =VLOOKUP($B29,$R$3:$X$9,6,FALSE) -> #N/A | X29: =VLOOKUP($B29,$R$3:$X$9,7,FALSE) -> #N/A | Y29: =VLOOKUP($B29,$R$3:$Z$9,8,FALSE) -> #N/A | Z29: =VLOOKUP($B29,$R$3:$Z$9,9,FALSE) -> #N/A
C30: 11.7 | R30: =B30 -> 0 | S30: =VLOOKUP($B30,$R$3:$X$9,2,FALSE) -> #N/A | T30: =VLOOKUP($B30,$R$3:$X$9,3,FALSE) -> #N/A | U30: =VLOOKUP($B30,$R$3:$X$9,4,FALSE) -> #N/A | V30: =VLOOKUP($B30,$R$3:$X$9,5,FALSE) -> #N/A | W30: =VLOOKUP($B30,$R$3:$X$9,6,FALSE) -> #N/A | X30: =VLOOKUP($B30,$R$3:$X$9,7,FALSE) -> #N/A | Y30: =VLOOKUP($B30,$R$3:$Z$9,8,FALSE) -> #N/A | Z30: =VLOOKUP($B30,$R$3:$Z$9,9,FALSE) -> #N/A
J31: Daily Brewing Plan
J32: Brand | K32: Brews Achieved (30th) | L32: Average Brews per day
J33: CARIB | L33: MTD | M33: YTD | N33: TARGET
J34: STAG | L34: =K43 -> 1 | M34: =AVERAGE('[31]Jan 29th '!$M$70,'[32]Feb 28th'!$L$40,'[33]Mar. 31st'!$L$40,'[34]Apr. 30th'!$L$50,'[35]May 30th'!$L$42,'[36]June 30th'!$L$62,'[37]July 29th '!$L$49,'[38]Aug 29th'!$L$34,'[39]Sept 30th'!$L$40,[40]Oct.31st!$L$43,'[41]Nov 28th-30th'!$L$45,L34) -> 6.4728644 | N34: 9.2
J35: GUINN
J36: VITAMALT | K36: 1
J37: STARMALT
J38: MACKESON
J39: HURRICANE REEF- IPA
J40: HURRICANE REEF- APA
B41: AVERAGE | J41: HR- PILSNER
J42: CARIBE
J43: Total | K43: =SUM(K33:K42) -> 1
B44: Process: | C44: Fermentation/Filtration
B46: Brand | C46: Filt. Date | D46: FV Hls | E46: GFE/ Prim/ Vita Blend (Hls) | F46: SV Hls | G46: BBT Hls | H46: Loss (%) Ferm | I46: Loss (%) Filt | J46: Comments | K46: Throughput | L46: Process Loss (%) | M46: Filt. Operator
AB47: 43474 | AC47: 43475 | AD47: 43476 | AE47: 43477 | AF47: 43478 | AG47: 43479 | AH47: 43480 | AI47: 43481 | AJ47: 43482 | AK47: 43483 | AL47: 43484 | AM47: 43485 | AN47: 43486 | AO47: 43487 | AP47: 43488 | AQ47: 43489 | AR47: 43490 | AS47: 43491 | AT47: 43492 | AU47: 43493 | AV47: 43494 | AW47: 43495 | AX47: 43496
B48: =J33 -> CARIB | C48: 45992 | D48: =[42]December_2025!$D$3 -> 595.54 | G48: =[42]December_2025!$D$7 -> 549 | J48: 3 SBF | K48: =[43]December_2025!$D$18 -> 0.48157895 | L48: =(((D48+E48)-G48)/(D48+E48))*100 -> 7.8147564 | M48: G. Mason | AB48: =[20]January_2019!L7 -> 285.8 | AC48: =[20]January_2019!M7 -> 508.1 | AD48: =[20]January_2019!N7 -> 0 | AE48: =[20]January_2019!O7 -> 0 | AF48: =[20]January_2019!P7 -> 109.56667 | AG48: =[20]January_2019!Q7 -> 297.65 | AH48: =[20]January_2019!R7 -> 122.3 | AI48: =[20]January_2019!S7 -> 0 | ... AX48: =[20]January_2019!AH7 -> 0
L50: =(((D50+E50)-G50)/(D50+E50))*100 -> #DIV/0!
L54: =(((D54+E54)-G54)/(D54+E54))*100 -> #DIV/0!
B57: Process Loss (Volume) | G57: Process Loss (Extract) | K57: Throughput
B58: Brand | C58: Actual | D58: MTD | E58: YTD | F58: Target | G58: Actual | H58: MTD | I58: YTD | J58: Target | K58: Actual | L58: MTD | M58: YTD | N58: Target
B59: CARIB | C59: =L48 -> 7.8147564 | D59: 7.8147564 | E59: 6.0956998 | F59: 4.8 | G59: =[42]December_2025!$D$11 -> 7.4397147 | H59: 7.4397147 | I59: 6.0225154 | J59: 4.8 | K59: =K48 -> 0.48157895 | L59: 0.48157895 | M59: 0.72905676 | N59: 1
B60: STAG | E60: 5.7025208 | F60: 4.8 | I60: 6.222828 | J60: 4.8 | M60: 0.68415239 | N60: 1
B61: GUINN | E61: 11.016453 | F61: 5.5 | I61: 12.536311 | J61: 5.5 | M61: 0.51633623 | N61: 1
B62: VITAMALT | E62: 4.6226457 | F62: 3.3 | I62: 4.4171318 | J62: 3.3 | M62: 0.83111216 | N62: 1
B63: APA | E63: 7.8373016 | F63: 3.3 | I63: 5.3377569 | J63: 3 | M63: 0.32596491 | N63: 1
B64: MACKESON | E64: 6.8851328 | F64: =[21]May_2022!$M$43 -> 3.4878407 | I64: 8.6614709 | J64: 5.5 | M64: 0.73160819 | N64: 1
B65: STARMALT | E65: 2.9297033 | F65: 3.3 | I65: 4.2684292 | J65: 3.3 | M65: 0.84660148 | N65: 1
B66: IPA | E66: 11.483254 | F66: 7.5 | I66: 9.7934336 | J66: 7.5 | M66: 0.3245614 | N66: 1
B67: HURRICANE REEF PILS | E67: 7.2653645 | F67: 4.8 | I67: 8.1715311 | J67: 4.8 | M67: 0.51368421 | N67: 1
D68: 7.8147564 | E68: 6.1189431 | F68: 5.5 | H68: 7.4397147 | I68: 6.5449327 | J68: 5.5 | L68: 0.48157895 | M68: 0.70452532 | N68: 1

Sheet Dec 2nd
S1: P.G. | U1: Hot Time | W1: Process Time | Y1: Cooling Time
B2: Brewing Department Daily Process Loss Report | S2: Lower | T2: Upper | U2: Lower | V2: Upper | W2: Lower | X2: Upper | Y2: Lower | Z2: Upper
R3: CARIB | S3: 11.6 | T3: 12 | U3: 0 | V3: 0.11805556 | W3: 0.22569444 | X3: 0.26388889 | Y3: 0 | Z3: 60 | AB3: HR- PISNER
B4: Date: | C4: 45994 | J4: LOT WORT COLOUR: | M4: Filter Sheets (Target 20 days) | R4: STAG | S4: 11.6 | T4: 12 | U4: 0 | V4: 0.11805556 | W4: 0.22569444 | X4: 0.26388889 | Y4: 0 | Z4: 60
M5: Double | N5: Single | R5: GUINNESS | S5: 17 | T5: 17.5 | U5: 0 | V5: 0.10763889 | W5: 0.24652778 | X5: 0.28472222 | Y5: 0 | Z5: 60
J6: MALT LOT: Lot #8 | L6: Sheet Day | R6: MACKESON | S6: 13.3 | T6: 13.5 | U6: 0 | V6: 0.12905093 | W6: 0.27430556 | X6: 0.30208333 | Y6: 0
R7: STARMALT | S7: 17 | T7: 17.4 | U7: 0 | V7: 0.13605324 | W7: 0.27430556 | X7: 0.30902778 | Y7: 0 | Z7: 85
B8: Brand | C8: Brew no. | D8: Kett. Hls | E8: Wort | F8: Cool Time(Mins) | G8: Cast. P.G. (Lab Result) | H8: Cast P.G. (Cellar Operator)-gravity | I8: Extr. Rec (77.9%) | J8: Theor. Extr. (77.5%) | K8: Boil Off /Vol. (4-6%) | L8: Boil Time | M8: Total Hot | N8: Brewing | O8: Operator | R8: Hurricane Reef | S8: 16.6 | T8: 17 | U8: 0 | V8: 0.12905093 | W8: 0.27430556 | X8: 0.30208333 | Y8: 0
E9: Meter (Hls) | F9: Target(< 60Mins) | M9: Time | R9: VITAMALT | S9: 14.2 | T9: 14.6 | U9: 0 | V9: 0.13905093 | W9: 0.26041667 | X9: 0.29513889 | Y9: 0 | Z9: 75
B10: VITAMALT | C10: =[22]Brewhouse!A108 -> VM093 | D10: =[22]Brewhouse!AE108 -> 50.1 | E10: =[22]Brewhouse!AJ108 -> 47 | F10: =[22]Brewhouse!X108 -> 83 | G10: =[22]Brewhouse!AH108 -> 14.3 | H10: 14.4 | I10: =[22]Brewhouse!AV108 -> 95.341284 | J10: =[22]Brewhouse!AW108 -> 95.366406 | K10: =[22]Brewhouse!S108 -> 8.7025948 | L10: =[22]Brewhouse!R108 -> 60 | M10: =[22]Brewhouse!$W108-[22]Brewhouse!$V108 -> 0.1375 | N10: =[22]Brewhouse!AB108 -> 0.27569444 | O10: =[22]Brewhouse!$AZ108 -> R.Sookram | R10: =B10 -> VITAMALT | S10: =VLOOKUP($B10,$R$3:$X$9,2,FALSE) -> 14.2 | T10: =VLOOKUP($B10,$R$3:$X$9,3,FALSE) -> 14.6 | U10: =VLOOKUP($B10,$R$3:$X$9,4,FALSE) -> 0 | V10: =VLOOKUP($B10,$R$3:$X$9,5,FALSE) -> 0.13905093 | W10: =VLOOKUP($B10,$R$3:$X$9,6,FALSE) -> 0.26041667 | X10: =VLOOKUP($B10,$R$3:$X$9,7,FALSE) -> 0.29513889 | Y10: =VLOOKUP($B10,$R$3:$Z$9,8,FALSE) -> 0 | Z10: =VLOOKUP($B10,$R$3:$Z$9,9,FALSE) -> 75
B11: VITAMALT | C11: =[22]Brewhouse!A109 -> VM094 | D11: =[22]Brewhouse!AE109 -> 50 | E11: =[22]Brewhouse!AJ109 -> 47.2 | F11: =[22]Brewhouse!X109 -> 77 | G11: =[22]Brewhouse!AH109 -> 14.4 | H11: 14.4 | I11: =[22]Brewhouse!AV109 -> 96.709535 | J11: =[22]Brewhouse!AW109 -> 96.734806 | K11: =[22]Brewhouse!S109 -> 10.32 | L11: =[22]Brewhouse!R109 -> 61 | M11: =[22]Brewhouse!$W109-[22]Brewhouse!$V109 -> 0.1375 | N11: =[22]Brewhouse!AB109 -> 0.28263889 | O11: =[22]Brewhouse!$AZ109 -> R.Sookram | R11: =B11 -> VITAMALT | S11: =VLOOKUP($B11,$R$3:$X$9,2,FALSE) -> 14.2 | T11: =VLOOKUP($B11,$R$3:$X$9,3,FALSE) -> 14.6 | U11: =VLOOKUP($B11,$R$3:$X$9,4,FALSE) -> 0 | V11: =VLOOKUP($B11,$R$3:$X$9,5,FALSE) -> 0.13905093 | W11: =VLOOKUP($B11,$R$3:$X$9,6,FALSE) -> 0.26041667 | X11: =VLOOKUP($B11,$R$3:$X$9,7,FALSE) -> 0.29513889 | Y11: =VLOOKUP($B11,$R$3:$Z$9,8,FALSE) -> 0 | Z11: =VLOOKUP($B11,$R$3:$Z$9,9,FALSE) -> 75
B12: VITAMALT | C12: =[22]Brewhouse!A110 -> VM095 | D12: =[22]Brewhouse!AE110 -> 50 | E12: =[22]Brewhouse!AJ110 -> 47.3 | F12: =[22]Brewhouse!X110 -> 74 | G12: =[22]Brewhouse!AH110 -> 14.5 | H12: 14.5 | I12: =[22]Brewhouse!AV110 -> 97.716944 | J12: =[22]Brewhouse!AW110 -> 97.742371 | K12: =[22]Brewhouse!S110 -> 5.52 | L12: =[22]Brewhouse!R110 -> 60 | M12: =[22]Brewhouse!$W110-[22]Brewhouse!$V110 -> 0.13263889 | N12: =[22]Brewhouse!AB110 -> 0.26944444 | O12: =[22]Brewhouse!$AZ110 -> K. Benjamin | R12: =B12 -> VITAMALT | S12: =VLOOKUP($B12,$R$3:$X$9,2,FALSE) -> 14.2 | T12: =VLOOKUP($B12,$R$3:$X$9,3,FALSE) -> 14.6 | U12: =VLOOKUP($B12,$R$3:$X$9,4,FALSE) -> 0 | V12: =VLOOKUP($B12,$R$3:$X$9,5,FALSE) -> 0.13905093 | W12: =VLOOKUP($B12,$R$3:$X$9,6,FALSE) -> 0.26041667 | X12: =VLOOKUP($B12,$R$3:$X$9,7,FALSE) -> 0.29513889 | Y12: =VLOOKUP($B12,$R$3:$Z$9,8,FALSE) -> 0 | Z12: =VLOOKUP($B12,$R$3:$Z$9,9,FALSE) -> 75
B13: VITAMALT | C13: =[22]Brewhouse!A111 -> VM096 | D13: =[22]Brewhouse!AE111 -> 50 | E13: =[22]Brewhouse!AJ111 -> 47.47 | F13: =[22]Brewhouse!X111 -> 81 | G13: =[22]Brewhouse!AH111 -> 14.3 | H13: 14.34 | I13: =[22]Brewhouse!AV111 -> 96.596804 | J13: =[22]Brewhouse!AW111 -> 96.62194 | K13: =[22]Brewhouse!S111 -> 6.72 | L13: =[22]Brewhouse!R111 -> 60 | M13: =[22]Brewhouse!$W111-[22]Brewhouse!$V111 -> 0.13888889 | N13: =[22]Brewhouse!AB111 -> 0.275 | O13: =[22]Brewhouse!$AZ111 -> K. Benjamin | R13: =B13 -> VITAMALT | S13: =VLOOKUP($B13,$R$3:$X$9,2,FALSE) -> 14.2 | T13: =VLOOKUP($B13,$R$3:$X$9,3,FALSE) -> 14.6 | U13: =VLOOKUP($B13,$R$3:$X$9,4,FALSE) -> 0 | V13: =VLOOKUP($B13,$R$3:$X$9,5,FALSE) -> 0.13905093 | W13: =VLOOKUP($B13,$R$3:$X$9,6,FALSE) -> 0.26041667 | X13: =VLOOKUP($B13,$R$3:$X$9,7,FALSE) -> 0.29513889 | Y13: =VLOOKUP($B13,$R$3:$Z$9,8,FALSE) -> 0 | Z13: =VLOOKUP($B13,$R$3:$Z$9,9,FALSE) -> 75
B14: VITAMALT | C14: =[22]Brewhouse!A112 -> VM097 | D14: =[22]Brewhouse!AE112 -> 50 | E14: =[22]Brewhouse!AJ112 -> 48 | F14: =[22]Brewhouse!X112 -> 85 | G14: =[22]Brewhouse!AH112 -> 14.3 | H14: 14.4 | I14: =[22]Brewhouse!AV112 -> 97.675302 | J14: =[22]Brewhouse!AW112 -> 97.700719 | K14: =[22]Brewhouse!S112 -> 6.12 | L14: =[22]Brewhouse!R112 -> 60 | M14: =[22]Brewhouse!$W112-[22]Brewhouse!$V112 -> 0.14305556 | N14: =[22]Brewhouse!AB112 -> 0.2875 | O14: =[22]Brewhouse!$AZ112 -> K. Benjamin | R14: =B14 -> VITAMALT | S14: =VLOOKUP($B14,$R$3:$X$9,2,FALSE) -> 14.2 | T14: =VLOOKUP($B14,$R$3:$X$9,3,FALSE) -> 14.6 | U14: =VLOOKUP($B14,$R$3:$X$9,4,FALSE) -> 0 | V14: =VLOOKUP($B14,$R$3:$X$9,5,FALSE) -> 0.13905093 | W14: =VLOOKUP($B14,$R$3:$X$9,6,FALSE) -> 0.26041667 | X14: =VLOOKUP($B14,$R$3:$X$9,7,FALSE) -> 0.29513889 | Y14: =VLOOKUP($B14,$R$3:$Z$9,8,FALSE) -> 0 | Z14: =VLOOKUP($B14,$R$3:$Z$9,9,FALSE) -> 75
B15: VITAMALT | C15: =[22]Brewhouse!A113 -> VM098 | D15: =[22]Brewhouse!AE113 -> 50 | E15: =[22]Brewhouse!AJ113 -> 47.3 | F15: =[22]Brewhouse!X113 -> 85 | G15: =[22]Brewhouse!AH113 -> 14.6 | H15: 14.7 | I15: =[22]Brewhouse!AV113 -> 98.52114 | J15: =[22]Brewhouse!AW113 -> 98.546668 | K15: =[22]Brewhouse!S113 -> 5.92 | L15: =[22]Brewhouse!R113 -> 60 | M15: =[22]Brewhouse!$W113-[22]Brewhouse!$V113 -> 0.13888889 | N15: =[22]Brewhouse!AB113 -> 0.28611111 | O15: =[22]Brewhouse!$AZ113 -> R. Regis | R15: =B15 -> VITAMALT | S15: =VLOOKUP($B15,$R$3:$X$9,2,FALSE) -> 14.2 | T15: =VLOOKUP($B15,$R$3:$X$9,3,FALSE) -> 14.6 | U15: =VLOOKUP($B15,$R$3:$X$9,4,FALSE) -> 0 | V15: =VLOOKUP($B15,$R$3:$X$9,5,FALSE) -> 0.13905093 | W15: =VLOOKUP($B15,$R$3:$X$9,6,FALSE) -> 0.26041667 | X15: =VLOOKUP($B15,$R$3:$X$9,7,FALSE) -> 0.29513889 | Y15: =VLOOKUP($B15,$R$3:$Z$9,8,FALSE) -> 0 | Z15: =VLOOKUP($B15,$R$3:$Z$9,9,FALSE) -> 75
B16: VITAMALT | C16: =[22]Brewhouse!A114 -> VM099 | D16: =[22]Brewhouse!AE114 -> 50 | E16: =[22]Brewhouse!AJ114 -> 48.4 | F16: =[22]Brewhouse!X114 -> 86 | G16: =[22]Brewhouse!AH114 -> 14.3 | H16: 14.4 | I16: =[22]Brewhouse!AV114 -> 98.69569 | J16: =[22]Brewhouse!AW114 -> 98.721154 | K16: =[22]Brewhouse!S114 -> 5.52 | L16: =[22]Brewhouse!R114 -> 62 | M16: =[22]Brewhouse!$W114-[22]Brewhouse!$V114 -> 0.12569444 | N16: =[22]Brewhouse!AB114 -> 0.27083333 | O16: =[22]Brewhouse!$AZ114 -> R. Regis | R16: =B16 -> VITAMALT | S16: =VLOOKUP($B16,$R$3:$X$9,2,FALSE) -> 14.2 | T16: =VLOOKUP($B16,$R$3:$X$9,3,FALSE) -> 14.6 | U16: =VLOOKUP($B16,$R$3:$X$9,4,FALSE) -> 0 | V16: =VLOOKUP($B16,$R$3:$X$9,5,FALSE) -> 0.13905093 | W16: =VLOOKUP($B16,$R$3:$X$9,6,FALSE) -> 0.26041667 | X16: =VLOOKUP($B16,$R$3:$X$9,7,FALSE) -> 0.29513889 | Y16: =VLOOKUP($B16,$R$3:$Z$9,8,FALSE) -> 0 | Z16: =VLOOKUP($B16,$R$3:$Z$9,9,FALSE) -> 75
B17: VITAMALT | C17: =[22]Brewhouse!A115 -> VM100 | D17: =[22]Brewhouse!AE115 -> 50 | E17: =[22]Brewhouse!AJ115 -> 47.9 | F17: =[22]Brewhouse!X115 -> 88 | G17: =[22]Brewhouse!AH115 -> 14.2 | H17: 14.2 | I17: =[22]Brewhouse!AV115 -> 96.358676 | J17: =[22]Brewhouse!AW115 -> 96.384171 | K17: =[22]Brewhouse!S115 -> 6.12 | L17: =[22]Brewhouse!R115 -> 61 | M17: =[22]Brewhouse!$W115-[22]Brewhouse!$V115 -> 0.14027778 | N17: =[22]Brewhouse!AB115 -> 0.27847222 | O17: =[22]Brewhouse!$AZ115 -> R. Regis | R17: =B17 -> VITAMALT | S17: =VLOOKUP($B17,$R$3:$X$9,2,FALSE) -> 14.2 | T17: =VLOOKUP($B17,$R$3:$X$9,3,FALSE) -> 14.6 | U17: =VLOOKUP($B17,$R$3:$X$9,4,FALSE) -> 0 | V17: =VLOOKUP($B17,$R$3:$X$9,5,FALSE) -> 0.13905093 | W17: =VLOOKUP($B17,$R$3:$X$9,6,FALSE) -> 0.26041667 | X17: =VLOOKUP($B17,$R$3:$X$9,7,FALSE) -> 0.29513889 | Y17: =VLOOKUP($B17,$R$3:$Z$9,8,FALSE) -> 0 | Z17: =VLOOKUP($B17,$R$3:$Z$9,9,FALSE) -> 75
B18: VITAMALT | C18: =[22]Brewhouse!A116 -> VM101 | D18: =[22]Brewhouse!AE116 -> 50.1 | E18: =[22]Brewhouse!AJ116 -> 47.8 | F18: =[22]Brewhouse!X116 -> 82 | G18: =[22]Brewhouse!AH116 -> 14.3 | H18: 14.4 | I18: =[22]Brewhouse!AV116 -> 97.166708 | J18: =[22]Brewhouse!AW116 -> 97.192098 | K18: =[22]Brewhouse!S116 -> 6.7065868 | L18: =[22]Brewhouse!R116 -> 58 | M18: =[22]Brewhouse!$W116-[22]Brewhouse!$V116 -> 0.13611111 | N18: =[22]Brewhouse!AB116 -> 0.30347222 | O18: =[22]Brewhouse!$AZ116 -> R.Sookram | R18: =B18 -> VITAMALT | S18: =VLOOKUP($B18,$R$3:$X$9,2,FALSE) -> 14.2 | T18: =VLOOKUP($B18,$R$3:$X$9,3,FALSE) -> 14.6 | U18: =VLOOKUP($B18,$R$3:$X$9,4,FALSE) -> 0 | V18: =VLOOKUP($B18,$R$3:$X$9,5,FALSE) -> 0.13905093 | W18: =VLOOKUP($B18,$R$3:$X$9,6,FALSE) -> 0.26041667 | X18: =VLOOKUP($B18,$R$3:$X$9,7,FALSE) -> 0.29513889 | Y18: =VLOOKUP($B18,$R$3:$Z$9,8,FALSE) -> 0 | Z18: =VLOOKUP($B18,$R$3:$Z$9,9,FALSE) -> 75
R19: =B19 -> 0 | S19: =VLOOKUP($B19,$R$3:$X$9,2,FALSE) -> #N/A | T19: =VLOOKUP($B19,$R$3:$X$9,3,FALSE) -> #N/A | U19: =VLOOKUP($B19,$R$3:$X$9,4,FALSE) -> #N/A | V19: =VLOOKUP($B19,$R$3:$X$9,5,FALSE) -> #N/A | W19: =VLOOKUP($B19,$R$3:$X$9,6,FALSE) -> #N/A | X19: =VLOOKUP($B19,$R$3:$X$9,7,FALSE) -> #N/A | Y19: =VLOOKUP($B19,$R$3:$Z$9,8,FALSE) -> #N/A | Z19: =VLOOKUP($B19,$R$3:$Z$9,9,FALSE) -> #N/A
R20: =B20 -> 0 | S20: =VLOOKUP($B20,$R$3:$X$9,2,FALSE) -> #N/A | T20: =VLOOKUP($B20,$R$3:$X$9,3,FALSE) -> #N/A | U20: =VLOOKUP($B20,$R$3:$X$9,4,FALSE) -> #N/A | V20: =VLOOKUP($B20,$R$3:$X$9,5,FALSE) -> #N/A | W20: =VLOOKUP($B20,$R$3:$X$9,6,FALSE) -> #N/A | X20: =VLOOKUP($B20,$R$3:$X$9,7,FALSE) -> #N/A | Y20: =VLOOKUP($B20,$R$3:$Z$9,8,FALSE) -> #N/A | Z20: =VLOOKUP($B20,$R$3:$Z$9,9,FALSE) -> #N/A
R21: =B21 -> 0 | S21: =VLOOKUP($B21,$R$3:$X$9,2,FALSE) -> #N/A | T21: =VLOOKUP($B21,$R$3:$X$9,3,FALSE) -> #N/A | U21: =VLOOKUP($B21,$R$3:$X$9,4,FALSE) -> #N/A | V21: =VLOOKUP($B21,$R$3:$X$9,5,FALSE) -> #N/A | W21: =VLOOKUP($B21,$R$3:$X$9,6,FALSE) -> #N/A | X21: =VLOOKUP($B21,$R$3:$X$9,7,FALSE) -> #N/A | Y21: =VLOOKUP($B21,$R$3:$Z$9,8,FALSE) -> #N/A | Z21: =VLOOKUP($B21,$R$3:$Z$9,9,FALSE) -> #N/A
R22: =B22 -> 0 | S22: =VLOOKUP($B22,$R$3:$X$9,2,FALSE) -> #N/A | T22: =VLOOKUP($B22,$R$3:$X$9,3,FALSE) -> #N/A | U22: =VLOOKUP($B22,$R$3:$X$9,4,FALSE) -> #N/A | V22: =VLOOKUP($B22,$R$3:$X$9,5,FALSE) -> #N/A | W22: =VLOOKUP($B22,$R$3:$X$9,6,FALSE) -> #N/A | X22: =VLOOKUP($B22,$R$3:$X$9,7,FALSE) -> #N/A | Y22: =VLOOKUP($B22,$R$3:$Z$9,8,FALSE) -> #N/A | Z22: =VLOOKUP($B22,$R$3:$Z$9,9,FALSE) -> #N/A
R23: =B23 -> 0 | S23: =VLOOKUP($B23,$R$3:$X$9,2,FALSE) -> #N/A | T23: =VLOOKUP($B23,$R$3:$X$9,3,FALSE) -> #N/A | U23: =VLOOKUP($B23,$R$3:$X$9,4,FALSE) -> #N/A | V23: =VLOOKUP($B23,$R$3:$X$9,5,FALSE) -> #N/A | W23: =VLOOKUP($B23,$R$3:$X$9,6,FALSE) -> #N/A | X23: =VLOOKUP($B23,$R$3:$X$9,7,FALSE) -> #N/A | Y23: =VLOOKUP($B23,$R$3:$Z$9,8,FALSE) -> #N/A | Z23: =VLOOKUP($B23,$R$3:$Z$9,9,FALSE) -> #N/A
B24: BRAND | D24: BBT P.G./ O.G | I24: Brand | K24: MTD No. of Brews | L24: MTD | M24: YTD | N24: Target | R24: =B24 -> BRAND | S24: =VLOOKUP($B24,$R$3:$X$9,2,FALSE) -> #N/A | T24: =VLOOKUP($B24,$R$3:$X$9,3,FALSE) -> #N/A | U24: =VLOOKUP($B24,$R$3:$X$9,4,FALSE) -> #N/A | V24: =VLOOKUP($B24,$R$3:$X$9,5,FALSE) -> #N/A | W24: =VLOOKUP($B24,$R$3:$X$9,6,FALSE) -> #N/A | X24: =VLOOKUP($B24,$R$3:$X$9,7,FALSE) -> #N/A | Y24: =VLOOKUP($B24,$R$3:$Z$9,8,FALSE) -> #N/A | Z24: =VLOOKUP($B24,$R$3:$Z$9,9,FALSE) -> #N/A
B25: =I25 -> CARIB | C25: {=[23]Process!$D$941:$D$945} -> 11.8 | D25: 11.94 | I25: CARIB | M25: =AVERAGE([23]Brewhouse!$AU$102:$AU$171,[23]Brewhouse!$AU$173:$AU$253,[23]Brewhouse!$AU$255:$AU$339,[23]Brewhouse!$AU$341:$AU$346,[23]Brewhouse!$AU$348,[23]Brewhouse!$AU$349:$AU$406,[23]Brewhouse!$AU$408:$AU$491,[23]Brewhouse!$AU$493:$AU$578,[23]Brewhouse!$AU$580:$AU$652,[23]Brewhouse!$AU$655:$AU$738,[23]Brewhouse!$A$740:$A$821,[23]Brewhouse!$AU$823:$AU$862,[24]Brewhouse!$AS$420:$AS$423,[23]Brewhouse!$AU$867:$AU$912,[23]Brewhouse!$AU$914:$AU$1003) -> 97.751831 | N25: 98 | R25: =B25 -> CARIB | S25: =VLOOKUP($B25,$R$3:$X$9,2,FALSE) -> 11.6 | T25: =VLOOKUP($B25,$R$3:$X$9,3,FALSE) -> 12 | U25: =VLOOKUP($B25,$R$3:$X$9,4,FALSE) -> 0 | V25: =VLOOKUP($B25,$R$3:$X$9,5,FALSE) -> 0.11805556 | W25: =VLOOKUP($B25,$R$3:$X$9,6,FALSE) -> 0.22569444 | X25: =VLOOKUP($B25,$R$3:$X$9,7,FALSE) -> 0.26388889 | Y25: =VLOOKUP($B25,$R$3:$Z$9,8,FALSE) -> 0 | Z25: =VLOOKUP($B25,$R$3:$Z$9,9,FALSE) -> 60
C26: 11.7 | I26: STAG | M26: =AVERAGE([24]Brewhouse!$AS$15:$AS$64,[24]Brewhouse!$AS$66:$AS$103,[24]Brewhouse!$AS$105:$AS$140,[24]Brewhouse!$AS$142:$AS$193,[24]Brewhouse!$AS$195:$AS$240,[24]Brewhouse!$AS$242:$AS$273,[24]Brewhouse!$AS$275:$AS$322,[24]Brewhouse!$AS$324:$AS$359,[24]Brewhouse!$AS$361:$AS$397,[24]Brewhouse!$AS$399:$AS$419,[24]Brewhouse!$AS$424:$AS$447,[24]Brewhouse!$AS$449:$AS$484) -> 97.847962 | N26: 98 | R26: =B26 -> 0 | S26: =VLOOKUP($B26,$R$3:$X$9,2,FALSE) -> #N/A | T26: =VLOOKUP($B26,$R$3:$X$9,3,FALSE) -> #N/A | U26: =VLOOKUP($B26,$R$3:$X$9,4,FALSE) -> #N/A | V26: =VLOOKUP($B26,$R$3:$X$9,5,FALSE) -> #N/A | W26: =VLOOKUP($B26,$R$3:$X$9,6,FALSE) -> #N/A | X26: =VLOOKUP($B26,$R$3:$X$9,7,FALSE) -> #N/A | Y26: =VLOOKUP($B26,$R$3:$Z$9,8,FALSE) -> #N/A | Z26: =VLOOKUP($B26,$R$3:$Z$9,9,FALSE) -> #N/A
C27: 11.6 | D27: 11.93 | I27: GUINNESS | M27: =AVERAGE([25]Brewhouse!$AU$4:$AU$7,[25]Brewhouse!$AU$9:$AU$22,[25]Brewhouse!$AU$24:$AU$35,[25]Brewhouse!$AU$37:$AU$45,[25]Brewhouse!$AU$47:$AU$62,[25]Brewhouse!$AU$64:$AU$79,[25]Brewhouse!$AU$81:$AU$92,[25]Brewhouse!$AU$94:$AU$97,[25]Brewhouse!$AU$99:$AU$106,[25]Brewhouse!$AU$116:$AU$123) -> 96.481277 | N27: 98 | R27: =B27 -> 0 | S27: =VLOOKUP($B27,$R$3:$X$9,2,FALSE) -> #N/A | T27: =VLOOKUP($B27,$R$3:$X$9,3,FALSE) -> #N/A | U27: =VLOOKUP($B27,$R$3:$X$9,4,FALSE) -> #N/A | V27: =VLOOKUP($B27,$R$3:$X$9,5,FALSE) -> #N/A | W27: =VLOOKUP($B27,$R$3:$X$9,6,FALSE) -> #N/A | X27: =VLOOKUP($B27,$R$3:$X$9,7,FALSE) -> #N/A | Y27: =VLOOKUP($B27,$R$3:$Z$9,8,FALSE) -> #N/A | Z27: =VLOOKUP($B27,$R$3:$Z$9,9,FALSE) -> #N/A
C28: 11.8 | I28: VITAMALT | J28: =AVERAGE(I10:I18) -> 97.198009 | K28: =COUNTA([22]Brewhouse!$A$107:$A$116) -> 10 | L28: =AVERAGE([22]Brewhouse!$AV$107:$AV$116) -> 97.093478 | M28: =AVERAGE([22]Brewhouse!$AV$5:$AV$14,[22]Brewhouse!$AV$16:$AV$19,[22]Brewhouse!$AV$21:$AV$24,[22]Brewhouse!$AV$26:$AV$33,[22]Brewhouse!$AV$35:$AV$46,[22]Brewhouse!$AV$48:$AV$53,[22]Brewhouse!$AV$55:$AV$62,[22]Brewhouse!$AV$64:$AV$77,[22]Brewhouse!$AV$79:$AV$86,[22]Brewhouse!$AV$88:$AV$95,[22]Brewhouse!$AV$97:$AV$104,[22]Brewhouse!$AV$107:$AV$116) -> 98.152691 | N28: 98 | R28: =B28 -> 0 | S28: =VLOOKUP($B28,$R$3:$X$9,2,FALSE) -> #N/A | T28: =VLOOKUP($B28,$R$3:$X$9,3,FALSE) -> #N/A | U28: =VLOOKUP($B28,$R$3:$X$9,4,FALSE) -> #N/A | V28: =VLOOKUP($B28,$R$3:$X$9,5,FALSE) -> #N/A | W28: =VLOOKUP($B28,$R$3:$X$9,6,FALSE) -> #N/A | X28: =VLOOKUP($B28,$R$3:$X$9,7,FALSE) -> #N/A | Y28: =VLOOKUP($B28,$R$3:$Z$9,8,FALSE) -> #N/A | Z28: =VLOOKUP($B28,$R$3:$Z$9,9,FALSE) -> #N/A
C29: 11.6 | I29: MAXIMALT | N29: 98 | R29: =B29 -> 0 | S29: =VLOOKUP($B29,$R$3:$X$9,2,FALSE) -> #N/A | T29: =VLOOKUP($B29,$R$3:$X$9,3,FALSE) -> #N/A | U29: =VLOOKUP($B29,$R$3:$X$9,4,FALSE) -> #N/A | V29: =VLOOKUP($B29,$R$3:$X$9,5,FALSE) -> #N/A | W29: =VLOOKUP($B29,$R$3:$X$9,6,FALSE) -> #N/A | X29: =VLOOKUP($B29,$R$3:$X$9,7,FALSE) -> #N/A | Y29: =VLOOKUP($B29,$R$3:$Z$9,8,FALSE) -> #N/A | Z29: =VLOOKUP($B29,$R$3:$Z$9,9,FALSE) -> #N/A
I30: MACKESON | M30: =AVERAGE([26]Brewhouse!$AT$4:$AT$11,[26]Brewhouse!$AT$13:$AT$16,[26]Brewhouse!$AT$18:$AT$21,[26]Brewhouse!$AT$26,[26]Brewhouse!$AT$28:$AT$35) -> 94.794664 | N30: 98 | R30: =B30 -> 0 | S30: =VLOOKUP($B30,$R$3:$X$9,2,FALSE) -> #N/A | T30: =VLOOKUP($B30,$R$3:$X$9,3,FALSE) -> #N/A | U30: =VLOOKUP($B30,$R$3:$X$9,4,FALSE) -> #N/A | V30: =VLOOKUP($B30,$R$3:$X$9,5,FALSE) -> #N/A | W30: =VLOOKUP($B30,$R$3:$X$9,6,FALSE) -> #N/A | X30: =VLOOKUP($B30,$R$3:$X$9,7,FALSE) -> #N/A | Y30: =VLOOKUP($B30,$R$3:$Z$9,8,FALSE) -> #N/A | Z30: =VLOOKUP($B30,$R$3:$Z$9,9,FALSE) -> #N/A
I31: STARMALT | M31: =AVERAGE([27]Brewhouse!$AY$6:$AY$13,[27]Brewhouse!$AY$15:$AY$20,[27]Brewhouse!$AY$22:$AY$29,[27]Brewhouse!$AY$31:$AY$34,[27]Brewhouse!$AY$36:$AY$43,[27]Brewhouse!$AY$45:$AY$50, [27]Brewhouse!$AY$56:$AY$73,[27]Brewhouse!$AY$75:$AY$92,[27]Brewhouse!$AY$94:$AY$97) -> 97.370193 | N31: 98 | R31: =B31 -> 0 | S31: =VLOOKUP($B31,$R$3:$X$9,2,FALSE) -> #N/A | T31: =VLOOKUP($B31,$R$3:$X$9,3,FALSE) -> #N/A | U31: =VLOOKUP($B31,$R$3:$X$9,4,FALSE) -> #N/A | V31: =VLOOKUP($B31,$R$3:$X$9,5,FALSE) -> #N/A | W31: =VLOOKUP($B31,$R$3:$X$9,6,FALSE) -> #N/A | X31: =VLOOKUP($B31,$R$3:$X$9,7,FALSE) -> #N/A | Y31: =VLOOKUP($B31,$R$3:$Z$9,8,FALSE) -> #N/A | Z31: =VLOOKUP($B31,$R$3:$Z$9,9,FALSE) -> #N/A
I32: HR- Pils | M32: =AVERAGE([28]Brewhouse!$AU$5:$AU$8,[28]Brewhouse!$AU$10:$AU$13,[27]Brewhouse!$AY$75:$AY$77) -> 94.749192 | N32: 98 | R32: =B32 -> 0 | S32: =VLOOKUP($B32,$R$3:$X$9,2,FALSE) -> #N/A | T32: =VLOOKUP($B32,$R$3:$X$9,3,FALSE) -> #N/A | U32: =VLOOKUP($B32,$R$3:$X$9,4,FALSE) -> #N/A | V32: =VLOOKUP($B32,$R$3:$X$9,5,FALSE) -> #N/A | W32: =VLOOKUP($B32,$R$3:$X$9,6,FALSE) -> #N/A | X32: =VLOOKUP($B32,$R$3:$X$9,7,FALSE) -> #N/A | Y32: =VLOOKUP($B32,$R$3:$Z$9,8,FALSE) -> #N/A | Z32: =VLOOKUP($B32,$R$3:$Z$9,9,FALSE) -> #N/A
I33: HR- IPA | M33: =AVERAGE([29]Brewhouse!$AW$26:$AW$27) -> 95.310681 | N33: 98 | R33: =B33 -> 0 | S33: =VLOOKUP($B33,$R$3:$X$9,2,FALSE) -> #N/A | T33: =VLOOKUP($B33,$R$3:$X$9,3,FALSE) -> #N/A | U33: =VLOOKUP($B33,$R$3:$X$9,4,FALSE) -> #N/A | V33: =VLOOKUP($B33,$R$3:$X$9,5,FALSE) -> #N/A | W33: =VLOOKUP($B33,$R$3:$X$9,6,FALSE) -> #N/A | X33: =VLOOKUP($B33,$R$3:$X$9,7,FALSE) -> #N/A | Y33: =VLOOKUP($B33,$R$3:$Z$9,8,FALSE) -> #N/A | Z33: =VLOOKUP($B33,$R$3:$Z$9,9,FALSE) -> #N/A
I34: HR- APA | M34: =AVERAGE([30]Brewhouse!$AU$13:$AU$14) -> 97.110575 | N34: 98 | R34: =B34 -> 0 | S34: =VLOOKUP($B34,$R$3:$X$9,2,FALSE) -> #N/A | T34: =VLOOKUP($B34,$R$3:$X$9,3,FALSE) -> #N/A | U34: =VLOOKUP($B34,$R$3:$X$9,4,FALSE) -> #N/A | V34: =VLOOKUP($B34,$R$3:$X$9,5,FALSE) -> #N/A | W34: =VLOOKUP($B34,$R$3:$X$9,6,FALSE) -> #N/A | X34: =VLOOKUP($B34,$R$3:$X$9,7,FALSE) -> #N/A | Y34: =VLOOKUP($B34,$R$3:$Z$9,8,FALSE) -> #N/A | Z34: =VLOOKUP($B34,$R$3:$Z$9,9,FALSE) -> #N/A
K35: =SUM(K25:K34) -> 10 | L35: =((L25*K25)+(L26*K26)+(L27*K27)+(L28*K28)+(L29*K29)+(K32*L32)+(L30*K30)+(L31*K31)+(L34*K34))/(K35) -> 97.093478 | M35: =AVERAGE('[31]Jan 31st'!$L$65,'[32]Feb 28th'!$L$35,'[33]Mar. 31st'!$L$35,'[34]Apr. 30th'!$L$45,'[35]May 30th'!$L$37,'[36]June 30th'!$L$57,'[37]July 29th '!$L$44,'[38]Aug 29th'!$L$29,'[39]Sept 30th'!$L$35,L35) -> 97.527298 | N35: 98 | R35: =B35 -> 0 | S35: =VLOOKUP($B35,$R$3:$X$9,2,FALSE) -> #N/A | T35: =VLOOKUP($B35,$R$3:$X$9,3,FALSE) -> #N/A | U35: =VLOOKUP($B35,$R$3:$X$9,4,FALSE) -> #N/A | V35: =VLOOKUP($B35,$R$3:$X$9,5,FALSE) -> #N/A | W35: =VLOOKUP($B35,$R$3:$X$9,6,FALSE) -> #N/A | X35: =VLOOKUP($B35,$R$3:$X$9,7,FALSE) -> #N/A | Y35: =VLOOKUP($B35,$R$3:$Z$9,8,FALSE) -> #N/A | Z35: =VLOOKUP($B35,$R$3:$Z$9,9,FALSE) -> #N/A
R36: =B36 -> 0 | S36: =VLOOKUP($B36,$R$3:$X$9,2,FALSE) -> #N/A | T36: =VLOOKUP($B36,$R$3:$X$9,3,FALSE) -> #N/A | U36: =VLOOKUP($B36,$R$3:$X$9,4,FALSE) -> #N/A | V36: =VLOOKUP($B36,$R$3:$X$9,5,FALSE) -> #N/A | W36: =VLOOKUP($B36,$R$3:$X$9,6,FALSE) -> #N/A | X36: =VLOOKUP($B36,$R$3:$X$9,7,FALSE) -> #N/A | Y36: =VLOOKUP($B36,$R$3:$Z$9,8,FALSE) -> #N/A | Z36: =VLOOKUP($B36,$R$3:$Z$9,9,FALSE) -> #N/A
J37: Daily Brewing Plan
J38: Brand | K38: Brews Achieved | L38: Average Brews per day
J39: CARIB | L39: MTD | M39: YTD | N39: TARGET
J40: STAG | L40: =AVERAGE(K49,'Dec 1st'!K43) -> 5 | M40: =AVERAGE('[31]Jan 29th '!$M$70,'[32]Feb 28th'!$L$40,'[33]Mar. 31st'!$L$40,'[34]Apr. 30th'!$L$50,'[35]May 30th'!$L$42,'[36]June 30th'!$L$62,'[37]July 29th '!$L$49,'[38]Aug 29th'!$L$34,'[39]Sept 30th'!$L$40,[40]Oct.31st!$L$43,'[41]Nov 28th-30th'!$L$45,L40) -> 6.8061978 | N40: 9.2
J41: GUINN
J42: VITAMALT | K42: =COUNTA(B10:B18) -> 9
J43: STARMALT
J44: MACKESON
J45: HURRICANE REEF- IPA
J46: HURRICANE REEF- APA
B47: AVERAGE | J47: HR- PILSNER
J48: CARIBE
J49: Total | K49: =SUM(K39:K48) -> 9
B50: Process: | C50: Fermentation/Filtration
B52: Brand | C52: Filt. Date | D52: FV Hls | E52: GFE/ Prim/ Vita Blend (Hls) | F52: SV Hls | G52: BBT Hls | H52: Loss (%) Ferm | I52: Loss (%) Filt | J52: Comments | K52: Throughput | L52: Process Loss (%) | M52: Filt. Operator
AB53: 43474 | AC53: 43475 | AD53: 43476 | AE53: 43477 | AF53: 43478 | AG53: 43479 | AH53: 43480 | AI53: 43481 | AJ53: 43482 | AK53: 43483 | AL53: 43484 | AM53: 43485 | AN53: 43486 | AO53: 43487 | AP53: 43488 | AQ53: 43489 | AR53: 43490 | AS53: 43491 | AT53: 43492 | AU53: 43493 | AV53: 43494 | AW53: 43495 | AX53: 43496
B54: =J39 -> CARIB | C54: 45993 | D54: =[42]December_2025!$E$3 -> 249.16 | G54: =[42]December_2025!$E$7 -> 237.7 | J54: 1 SBF | K54: =[43]December_2025!$E$18 -> 0.41701754 | L54: =(((D54+E54)-G54)/(D54+E54))*100 -> 4.5994542 | M54: G. Mason | AB54: =[20]January_2019!L7 -> 285.8 | AC54: =[20]January_2019!M7 -> 508.1 | AD54: =[20]January_2019!N7 -> 0 | AE54: =[20]January_2019!O7 -> 0 | AF54: =[20]January_2019!P7 -> 109.56667 | AG54: =[20]January_2019!Q7 -> 297.65 | AH54: =[20]January_2019!R7 -> 122.3 | AI54: =[20]January_2019!S7 -> 0 | ... AX54: =[20]January_2019!AH7 -> 0
L56: =(((D56+E56)-G56)/(D56+E56))*100 -> #DIV/0!
L60: =(((D60+E60)-G60)/(D60+E60))*100 -> #DIV/0!
B63: Process Loss (Volume) | G63: Process Loss (Extract) | K63: Throughput
B64: Brand | C64: Actual | D64: MTD | E64: YTD | F64: Target | G64: Actual | H64: MTD | I64: YTD | J64: Target | K64: Actual | L64: MTD | M64: YTD | N64: Target
B65: CARIB | C65: =L54 -> 4.5994542 | D65: 5.9758575 | E65: 6.0702956 | F65: 4.8 | G65: =[42]December_2025!$E$11 -> 2.8833364 | H65: 5.2012421 | I65: 5.9880236 | J65: 4.8 | K65: =K54 -> 0.41701754 | L65: 0.44929825 | M65: 0.72631456 | N65: 1
B66: STAG | E66: 5.7025208 | F66: 4.8 | I66: 6.222828 | J66: 4.8 | M66: 0.68415239 | N66: 1
B67: GUINN | E67: 11.016453 | F67: 5.5 | I67: 12.536311 | J67: 5.5 | M67: 0.51633623 | N67: 1
B68: VITAMALT | E68: 4.6226457 | F68: 3.3 | I68: 4.4171318 | J68: 3.3 | M68: 0.83111216 | N68: 1
B69: APA | E69: 7.8373016 | F69: 3.3 | I69: 5.3377569 | J69: 3 | M69: 0.32596491 | N69: 1
B70: MACKESON | E70: 6.8851328 | F70: =[21]May_2022!$M$43 -> 3.4878407 | I70: 8.6614709 | J70: 5.5 | M70: 0.73160819 | N70: 1
B71: STARMALT | E71: 2.9297033 | F71: 3.3 | I71: 4.2684292 | J71: 3.3 | M71: 0.84660148 | N71: 1
B72: IPA | E72: 11.483254 | F72: 7.5 | I72: 9.7934336 | J72: 7.5 | M72: 0.3245614 | N72: 1
B73: HURRICANE REEF PILS | E73: 7.2653645 | F73: 4.8 | I73: 8.1715311 | J73: 4.8 | M73: 0.51368421 | N73: 1
D74: 5.9758575 | E74: 6.1053452 | F74: 5.5 | H74: 5.2012421 | I74: 6.5267568 | J74: 5.5 | L74: 0.44929825 | M74: 0.70331194 | N74: 1

Sheet Dec 3rd 
S1: P.G. | U1: Hot Time | W1: Process Time | Y1: Cooling Time
B2: Brewing Department Daily Process Loss Report | S2: Lower | T2: Upper | U2: Lower | V2: Upper | W2: Lower | X2: Upper | Y2: Lower | Z2: Upper
R3: CARIB | S3: 11.6 | T3: 12 | U3: 0 | V3: 0.11805556 | W3: 0.22569444 | X3: 0.26388889 | Y3: 0 | Z3: 60 | AB3: HR- PISNER
B4: Date: | C4: 45994 | J4: LOT WORT COLOUR: | M4: Filter Sheets (Target 20 days) | R4: STAG | S4: 11.6 | T4: 12 | U4: 0 | V4: 0.11805556 | W4: 0.22569444 | X4: 0.26388889 | Y4: 0 | Z4: 60
M5: Double | N5: Single | R5: GUINNESS | S5: 17 | T5: 17.5 | U5: 0 | V5: 0.10763889 | W5: 0.24652778 | X5: 0.28472222 | Y5: 0 | Z5: 60
J6: MALT LOT: Lot #8 | L6: Sheet Day | R6: MACKESON | S6: 13.3 | T6: 13.5 | U6: 0 | V6: 0.12905093 | W6: 0.27430556 | X6: 0.30208333 | Y6: 0
R7: STARMALT | S7: 17 | T7: 17.4 | U7: 0 | V7: 0.13605324 | W7: 0.27430556 | X7: 0.30902778 | Y7: 0 | Z7: 85
B8: Brand | C8: Brew no. | D8: Kett. Hls | E8: Wort | F8: Cool Time(Mins) | G8: Cast. P.G. (Lab Result) | H8: Cast P.G. (Cellar Operator)-gravity | I8: Extr. Rec (77.9%) | J8: Theor. Extr. (77.5%) | K8: Boil Off /Vol. (4-6%) | L8: Boil Time | M8: Total Hot | N8: Brewing | O8: Operator | R8: Hurricane Reef | S8: 16.6 | T8: 17 | U8: 0 | V8: 0.12905093 | W8: 0.27430556 | X8: 0.30208333 | Y8: 0
E9: Meter (Hls) | F9: Target(< 60Mins) | M9: Time | R9: VITAMALT | S9: 14.2 | T9: 14.6 | U9: 0 | V9: 0.13905093 | W9: 0.26041667 | X9: 0.29513889 | Y9: 0 | Z9: 75
B10: STAG | C10: =[24]Brewhouse!$A486 -> ST461 | D10: =[24]Brewhouse!$AD486 -> 46.7 | E10: =[24]Brewhouse!$AG486 -> 49.81 | F10: =[24]Brewhouse!$V486 -> 50 | G10: =[24]Brewhouse!$AE486 -> 11.8 | H10: 11.7 | I10: =[24]Brewhouse!$AS486 -> 98.902019 | J10: =[24]Brewhouse!$AT486 -> 99.004797 | K10: =[24]Brewhouse!$Q486 -> 15.336538 | L10: =[24]Brewhouse!$P486 -> 59 | M10: =[24]Brewhouse!$U486-[24]Brewhouse!$T486 -> 0.10694444 | N10: =[24]Brewhouse!$AW486 -> 0.24305556 | O10: =[24]Brewhouse!$AV486 -> K. Benjamin | R10: =B10 -> STAG | S10: =VLOOKUP($B10,$R$3:$X$9,2,FALSE) -> 11.6 | T10: =VLOOKUP($B10,$R$3:$X$9,3,FALSE) -> 12 | U10: =VLOOKUP($B10,$R$3:$X$9,4,FALSE) -> 0 | V10: =VLOOKUP($B10,$R$3:$X$9,5,FALSE) -> 0.11805556 | W10: =VLOOKUP($B10,$R$3:$X$9,6,FALSE) -> 0.22569444 | X10: =VLOOKUP($B10,$R$3:$X$9,7,FALSE) -> 0.26388889 | Y10: =VLOOKUP($B10,$R$3:$Z$9,8,FALSE) -> 0 | Z10: =VLOOKUP($B10,$R$3:$Z$9,9,FALSE) -> 60
B11: STAG | C11: =[24]Brewhouse!$A487 -> ST462 | D11: =[24]Brewhouse!$AD487 -> 48.2 | E11: =[24]Brewhouse!$AG487 -> 48.5 | F11: =[24]Brewhouse!$V487 -> 58 | G11: =[24]Brewhouse!$AE487 -> 12 | H11: 12 | I11: =[24]Brewhouse!$AS487 -> 98.263169 | J11: =[24]Brewhouse!$AT487 -> 98.365215 | K11: =[24]Brewhouse!$Q487 -> 11.105769 | L11: =[24]Brewhouse!$P487 -> 59 | M11: =[24]Brewhouse!$U487-[24]Brewhouse!$T487 -> 0.10833333 | N11: =[24]Brewhouse!$AW487 -> 0.24375 | O11: =[24]Brewhouse!$AV487 -> K. Benjamin | R11: =B11 -> STAG | S11: =VLOOKUP($B11,$R$3:$X$9,2,FALSE) -> 11.6 | T11: =VLOOKUP($B11,$R$3:$X$9,3,FALSE) -> 12 | U11: =VLOOKUP($B11,$R$3:$X$9,4,FALSE) -> 0 | V11: =VLOOKUP($B11,$R$3:$X$9,5,FALSE) -> 0.11805556 | W11: =VLOOKUP($B11,$R$3:$X$9,6,FALSE) -> 0.22569444 | X11: =VLOOKUP($B11,$R$3:$X$9,7,FALSE) -> 0.26388889 | Y11: =VLOOKUP($B11,$R$3:$Z$9,8,FALSE) -> 0 | Z11: =VLOOKUP($B11,$R$3:$Z$9,9,FALSE) -> 60
B12: STAG | C12: =[24]Brewhouse!$A488 -> ST463 | D12: =[24]Brewhouse!$AD488 -> 47.1 | E12: =[24]Brewhouse!$AG488 -> 47.2 | F12: =[24]Brewhouse!$V488 -> 55 | G12: =[24]Brewhouse!$AE488 -> 11.9 | H12: 11.8 | I12: =[24]Brewhouse!$AS488 -> 94.9106 | J12: =[24]Brewhouse!$AT488 -> 95.009133 | K12: =[24]Brewhouse!$Q488 -> 11.852207 | L12: =[24]Brewhouse!$P488 -> 61 | M12: =[24]Brewhouse!$U488-[24]Brewhouse!$T488 -> 0.10625 | N12: =[24]Brewhouse!$AW488 -> 0.24791667 | O12: =[24]Brewhouse!$AV488 -> R. Regis | R12: =B12 -> STAG | S12: =VLOOKUP($B12,$R$3:$X$9,2,FALSE) -> 11.6 | T12: =VLOOKUP($B12,$R$3:$X$9,3,FALSE) -> 12 | U12: =VLOOKUP($B12,$R$3:$X$9,4,FALSE) -> 0 | V12: =VLOOKUP($B12,$R$3:$X$9,5,FALSE) -> 0.11805556 | W12: =VLOOKUP($B12,$R$3:$X$9,6,FALSE) -> 0.22569444 | X12: =VLOOKUP($B12,$R$3:$X$9,7,FALSE) -> 0.26388889 | Y12: =VLOOKUP($B12,$R$3:$Z$9,8,FALSE) -> 0 | Z12: =VLOOKUP($B12,$R$3:$Z$9,9,FALSE) -> 60
B13: STAG | C13: =[24]Brewhouse!$A489 -> ST464 | D13: =[24]Brewhouse!$AD489 -> 48.2 | E13: =[24]Brewhouse!$AG489 -> 47.26 | F13: =[24]Brewhouse!$V489 -> 58 | G13: =[24]Brewhouse!$AE489 -> 12 | H13: 11.7 | I13: =[24]Brewhouse!$AS489 -> 94.333844 | J13: =[24]Brewhouse!$AT489 -> 94.43219 | K13: =[24]Brewhouse!$Q489 -> 11.276392 | L13: =[24]Brewhouse!$P489 -> 60 | M13: =[24]Brewhouse!$U489-[24]Brewhouse!$T489 -> 0.10833333 | N13: =[24]Brewhouse!$AW489 -> 0.24652778 | O13: =[24]Brewhouse!$AV489 -> R. Regis | R13: =B13 -> STAG | S13: =VLOOKUP($B13,$R$3:$X$9,2,FALSE) -> 11.6 | T13: =VLOOKUP($B13,$R$3:$X$9,3,FALSE) -> 12 | U13: =VLOOKUP($B13,$R$3:$X$9,4,FALSE) -> 0 | V13: =VLOOKUP($B13,$R$3:$X$9,5,FALSE) -> 0.11805556 | W13: =VLOOKUP($B13,$R$3:$X$9,6,FALSE) -> 0.22569444 | X13: =VLOOKUP($B13,$R$3:$X$9,7,FALSE) -> 0.26388889 | Y13: =VLOOKUP($B13,$R$3:$Z$9,8,FALSE) -> 0 | Z13: =VLOOKUP($B13,$R$3:$Z$9,9,FALSE) -> 60
B14: STAG | C14: =[24]Brewhouse!$A490 -> ST465 | D14: =[24]Brewhouse!$AD490 -> 50.5 | E14: =[24]Brewhouse!$AG490 -> 49.48 | F14: =[24]Brewhouse!$V490 -> 59 | G14: =[24]Brewhouse!$AE490 -> 11.7 | H14: 11.8 | I14: =[24]Brewhouse!$AS490 -> 97.249563 | J14: =[24]Brewhouse!$AT490 -> 97.350656 | K14: =[24]Brewhouse!$Q490 -> 10.700576 | L14: =[24]Brewhouse!$P490 -> 58 | M14: =[24]Brewhouse!$U490-[24]Brewhouse!$T490 -> 0.16458333 | N14: =[24]Brewhouse!$AW490 -> 0.30208333 | O14: =[24]Brewhouse!$AV490 -> R. Regis | R14: =B14 -> STAG | S14: =VLOOKUP($B14,$R$3:$X$9,2,FALSE) -> 11.6 | T14: =VLOOKUP($B14,$R$3:$X$9,3,FALSE) -> 12 | U14: =VLOOKUP($B14,$R$3:$X$9,4,FALSE) -> 0 | V14: =VLOOKUP($B14,$R$3:$X$9,5,FALSE) -> 0.11805556 | W14: =VLOOKUP($B14,$R$3:$X$9,6,FALSE) -> 0.22569444 | X14: =VLOOKUP($B14,$R$3:$X$9,7,FALSE) -> 0.26388889 | Y14: =VLOOKUP($B14,$R$3:$Z$9,8,FALSE) -> 0 | Z14: =VLOOKUP($B14,$R$3:$Z$9,9,FALSE) -> 60
B15: STAG | C15: =[24]Brewhouse!$A491 -> ST466 | D15: =[24]Brewhouse!$AD491 -> 49.4 | E15: =[24]Brewhouse!$AG491 -> 48.43 | F15: =[24]Brewhouse!$V491 -> 58 | G15: =[24]Brewhouse!$AE491 -> 11.7 | H15: 11.8 | I15: =[24]Brewhouse!$AS491 -> 95.18586 | J15: =[24]Brewhouse!$AT491 -> 95.284807 | K15: =[24]Brewhouse!$Q491 -> 10.144231 | L15: =[24]Brewhouse!$P491 -> 61 | M15: =[24]Brewhouse!$U491-[24]Brewhouse!$T491 -> 0.11319444 | N15: =[24]Brewhouse!$AW491 -> 0.29097222 | O15: =[24]Brewhouse!$AV491 -> R.Sookram | R15: =B15 -> STAG | S15: =VLOOKUP($B15,$R$3:$X$9,2,FALSE) -> 11.6 | T15: =VLOOKUP($B15,$R$3:$X$9,3,FALSE) -> 12 | U15: =VLOOKUP($B15,$R$3:$X$9,4,FALSE) -> 0 | V15: =VLOOKUP($B15,$R$3:$X$9,5,FALSE) -> 0.11805556 | W15: =VLOOKUP($B15,$R$3:$X$9,6,FALSE) -> 0.22569444 | X15: =VLOOKUP($B15,$R$3:$X$9,7,FALSE) -> 0.26388889 | Y15: =VLOOKUP($B15,$R$3:$Z$9,8,FALSE) -> 0 | Z15: =VLOOKUP($B15,$R$3:$Z$9,9,FALSE) -> 60
B16: 45995 | R16: =B16 -> 45995 | S16: =VLOOKUP($B16,$R$3:$X$9,2,FALSE) -> #N/A | T16: =VLOOKUP($B16,$R$3:$X$9,3,FALSE) -> #N/A | U16: =VLOOKUP($B16,$R$3:$X$9,4,FALSE) -> #N/A | V16: =VLOOKUP($B16,$R$3:$X$9,5,FALSE) -> #N/A | W16: =VLOOKUP($B16,$R$3:$X$9,6,FALSE) -> #N/A | X16: =VLOOKUP($B16,$R$3:$X$9,7,FALSE) -> #N/A | Y16: =VLOOKUP($B16,$R$3:$Z$9,8,FALSE) -> #N/A | Z16: =VLOOKUP($B16,$R$3:$Z$9,9,FALSE) -> #N/A
B17: STAG | C17: =[24]Brewhouse!$A492 -> ST467 | D17: =[24]Brewhouse!$AD492 -> 48.1 | E17: =[24]Brewhouse!$AG492 -> 47.4 | F17: =[24]Brewhouse!$V492 -> 56 | G17: =[24]Brewhouse!$AE492 -> 11.9 | H17: 11.9 | I17: =[24]Brewhouse!$AS492 -> 95.193453 | J17: =[24]Brewhouse!$AT492 -> 95.292311 | K17: =[24]Brewhouse!$Q492 -> 12.8119 | L17: =[24]Brewhouse!$P492 -> 56 | M17: =[24]Brewhouse!$U492-[24]Brewhouse!$T492 -> 0.10416667 | N17: =[24]Brewhouse!$AW492 -> 0.25694444 | O17: =[24]Brewhouse!$AV492 -> R.Sookram | R17: =B17 -> STAG | S17: =VLOOKUP($B17,$R$3:$X$9,2,FALSE) -> 11.6 | T17: =VLOOKUP($B17,$R$3:$X$9,3,FALSE) -> 12 | U17: =VLOOKUP($B17,$R$3:$X$9,4,FALSE) -> 0 | V17: =VLOOKUP($B17,$R$3:$X$9,5,FALSE) -> 0.11805556 | W17: =VLOOKUP($B17,$R$3:$X$9,6,FALSE) -> 0.22569444 | X17: =VLOOKUP($B17,$R$3:$X$9,7,FALSE) -> 0.26388889 | Y17: =VLOOKUP($B17,$R$3:$Z$9,8,FALSE) -> 0 | Z17: =VLOOKUP($B17,$R$3:$Z$9,9,FALSE) -> 60
R18: =B18 -> 0 | S18: =VLOOKUP($B18,$R$3:$X$9,2,FALSE) -> #N/A | T18: =VLOOKUP($B18,$R$3:$X$9,3,FALSE) -> #N/A | U18: =VLOOKUP($B18,$R$3:$X$9,4,FALSE) -> #N/A | V18: =VLOOKUP($B18,$R$3:$X$9,5,FALSE) -> #N/A | W18: =VLOOKUP($B18,$R$3:$X$9,6,FALSE) -> #N/A | X18: =VLOOKUP($B18,$R$3:$X$9,7,FALSE) -> #N/A | Y18: =VLOOKUP($B18,$R$3:$Z$9,8,FALSE) -> #N/A | Z18: =VLOOKUP($B18,$R$3:$Z$9,9,FALSE) -> #N/A
R19: =B19 -> 0 | S19: =VLOOKUP($B19,$R$3:$X$9,2,FALSE) -> #N/A | T19: =VLOOKUP($B19,$R$3:$X$9,3,FALSE) -> #N/A | U19: =VLOOKUP($B19,$R$3:$X$9,4,FALSE) -> #N/A | V19: =VLOOKUP($B19,$R$3:$X$9,5,FALSE) -> #N/A | W19: =VLOOKUP($B19,$R$3:$X$9,6,FALSE) -> #N/A | X19: =VLOOKUP($B19,$R$3:$X$9,7,FALSE) -> #N/A | Y19: =VLOOKUP($B19,$R$3:$Z$9,8,FALSE) -> #N/A | Z19: =VLOOKUP($B19,$R$3:$Z$9,9,FALSE) -> #N/A
R20: =B20 -> 0 | S20: =VLOOKUP($B20,$R$3:$X$9,2,FALSE) -> #N/A | T20: =VLOOKUP($B20,$R$3:$X$9,3,FALSE) -> #N/A | U20: =VLOOKUP($B20,$R$3:$X$9,4,FALSE) -> #N/A | V20: =VLOOKUP($B20,$R$3:$X$9,5,FALSE) -> #N/A | W20: =VLOOKUP($B20,$R$3:$X$9,6,FALSE) -> #N/A | X20: =VLOOKUP($B20,$R$3:$X$9,7,FALSE) -> #N/A | Y20: =VLOOKUP($B20,$R$3:$Z$9,8,FALSE) -> #N/A | Z20: =VLOOKUP($B20,$R$3:$Z$9,9,FALSE) -> #N/A
R21: =B21 -> 0 | S21: =VLOOKUP($B21,$R$3:$X$9,2,FALSE) -> #N/A | T21: =VLOOKUP($B21,$R$3:$X$9,3,FALSE) -> #N/A | U21: =VLOOKUP($B21,$R$3:$X$9,4,FALSE) -> #N/A | V21: =VLOOKUP($B21,$R$3:$X$9,5,FALSE) -> #N/A | W21: =VLOOKUP($B21,$R$3:$X$9,6,FALSE) -> #N/A | X21: =VLOOKUP($B21,$R$3:$X$9,7,FALSE) -> #N/A | Y21: =VLOOKUP($B21,$R$3:$Z$9,8,FALSE) -> #N/A | Z21: =VLOOKUP($B21,$R$3:$Z$9,9,FALSE) -> #N/A
R22: =B22 -> 0 | S22: =VLOOKUP($B22,$R$3:$X$9,2,FALSE) -> #N/A | T22: =VLOOKUP($B22,$R$3:$X$9,3,FALSE) -> #N/A | U22: =VLOOKUP($B22,$R$3:$X$9,4,FALSE) -> #N/A | V22: =VLOOKUP($B22,$R$3:$X$9,5,FALSE) -> #N/A | W22: =VLOOKUP($B22,$R$3:$X$9,6,FALSE) -> #N/A | X22: =VLOOKUP($B22,$R$3:$X$9,7,FALSE) -> #N/A | Y22: =VLOOKUP($B22,$R$3:$Z$9,8,FALSE) -> #N/A | Z22: =VLOOKUP($B22,$R$3:$Z$9,9,FALSE) -> #N/A
R23: =B23 -> 0 | S23: =VLOOKUP($B23,$R$3:$X$9,2,FALSE) -> #N/A | T23: =VLOOKUP($B23,$R$3:$X$9,3,FALSE) -> #N/A | U23: =VLOOKUP($B23,$R$3:$X$9,4,FALSE) -> #N/A | V23: =VLOOKUP($B23,$R$3:$X$9,5,FALSE) -> #N/A | W23: =VLOOKUP($B23,$R$3:$X$9,6,FALSE) -> #N/A | X23: =VLOOKUP($B23,$R$3:$X$9,7,FALSE) -> #N/A | Y23: =VLOOKUP($B23,$R$3:$Z$9,8,FALSE) -> #N/A | Z23: =VLOOKUP($B23,$R$3:$Z$9,9,FALSE) -> #N/A
R24: =B24 -> 0 | S24: =VLOOKUP($B24,$R$3:$X$9,2,FALSE) -> #N/A | T24: =VLOOKUP($B24,$R$3:$X$9,3,FALSE) -> #N/A | U24: =VLOOKUP($B24,$R$3:$X$9,4,FALSE) -> #N/A | V24: =VLOOKUP($B24,$R$3:$X$9,5,FALSE) -> #N/A | W24: =VLOOKUP($B24,$R$3:$X$9,6,FALSE) -> #N/A | X24: =VLOOKUP($B24,$R$3:$X$9,7,FALSE) -> #N/A | Y24: =VLOOKUP($B24,$R$3:$Z$9,8,FALSE) -> #N/A | Z24: =VLOOKUP($B24,$R$3:$Z$9,9,FALSE) -> #N/A
R25: =B25 -> 0 | S25: =VLOOKUP($B25,$R$3:$X$9,2,FALSE) -> #N/A | T25: =VLOOKUP($B25,$R$3:$X$9,3,FALSE) -> #N/A | U25: =VLOOKUP($B25,$R$3:$X$9,4,FALSE) -> #N/A | V25: =VLOOKUP($B25,$R$3:$X$9,5,FALSE) -> #N/A | W25: =VLOOKUP($B25,$R$3:$X$9,6,FALSE) -> #N/A | X25: =VLOOKUP($B25,$R$3:$X$9,7,FALSE) -> #N/A | Y25: =VLOOKUP($B25,$R$3:$Z$9,8,FALSE) -> #N/A | Z25: =VLOOKUP($B25,$R$3:$Z$9,9,FALSE) -> #N/A
R26: =B26 -> 0 | S26: =VLOOKUP($B26,$R$3:$X$9,2,FALSE) -> #N/A | T26: =VLOOKUP($B26,$R$3:$X$9,3,FALSE) -> #N/A | U26: =VLOOKUP($B26,$R$3:$X$9,4,FALSE) -> #N/A | V26: =VLOOKUP($B26,$R$3:$X$9,5,FALSE) -> #N/A | W26: =VLOOKUP($B26,$R$3:$X$9,6,FALSE) -> #N/A | X26: =VLOOKUP($B26,$R$3:$X$9,7,FALSE) -> #N/A | Y26: =VLOOKUP($B26,$R$3:$Z$9,8,FALSE) -> #N/A | Z26: =VLOOKUP($B26,$R$3:$Z$9,9,FALSE) -> #N/A
R27: =B27 -> 0 | S27: =VLOOKUP($B27,$R$3:$X$9,2,FALSE) -> #N/A | T27: =VLOOKUP($B27,$R$3:$X$9,3,FALSE) -> #N/A | U27: =VLOOKUP($B27,$R$3:$X$9,4,FALSE) -> #N/A | V27: =VLOOKUP($B27,$R$3:$X$9,5,FALSE) -> #N/A | W27: =VLOOKUP($B27,$R$3:$X$9,6,FALSE) -> #N/A | X27: =VLOOKUP($B27,$R$3:$X$9,7,FALSE) -> #N/A | Y27: =VLOOKUP($B27,$R$3:$Z$9,8,FALSE) -> #N/A | Z27: =VLOOKUP($B27,$R$3:$Z$9,9,FALSE) -> #N/A
R28: =B28 -> 0 | S28: =VLOOKUP($B28,$R$3:$X$9,2,FALSE) -> #N/A | T28: =VLOOKUP($B28,$R$3:$X$9,3,FALSE) -> #N/A | U28: =VLOOKUP($B28,$R$3:$X$9,4,FALSE) -> #N/A | V28: =VLOOKUP($B28,$R$3:$X$9,5,FALSE) -> #N/A | W28: =VLOOKUP($B28,$R$3:$X$9,6,FALSE) -> #N/A | X28: =VLOOKUP($B28,$R$3:$X$9,7,FALSE) -> #N/A | Y28: =VLOOKUP($B28,$R$3:$Z$9,8,FALSE) -> #N/A | Z28: =VLOOKUP($B28,$R$3:$Z$9,9,FALSE) -> #N/A
R29: =B29 -> 0 | S29: =VLOOKUP($B29,$R$3:$X$9,2,FALSE) -> #N/A | T29: =VLOOKUP($B29,$R$3:$X$9,3,FALSE) -> #N/A | U29: =VLOOKUP($B29,$R$3:$X$9,4,FALSE) -> #N/A | V29: =VLOOKUP($B29,$R$3:$X$9,5,FALSE) -> #N/A | W29: =VLOOKUP($B29,$R$3:$X$9,6,FALSE) -> #N/A | X29: =VLOOKUP($B29,$R$3:$X$9,7,FALSE) -> #N/A | Y29: =VLOOKUP($B29,$R$3:$Z$9,8,FALSE) -> #N/A | Z29: =VLOOKUP($B29,$R$3:$Z$9,9,FALSE) -> #N/A
... R32: =B32 -> 0 | S32: =VLOOKUP($B32,$R$3:$X$9,2,FALSE) -> #N/A | T32: =VLOOKUP($B32,$R$3:$X$9,3,FALSE) -> #N/A | U32: =VLOOKUP($B32,$R$3:$X$9,4,FALSE) -> #N/A | V32: =VLOOKUP($B32,$R$3:$X$9,5,FALSE) -> #N/A | W32: =VLOOKUP($B32,$R$3:$X$9,6,FALSE) -> #N/A | X32: =VLOOKUP($B32,$R$3:$X$9,7,FALSE) -> #N/A | Y32: =VLOOKUP($B32,$R$3:$Z$9,8,FALSE) -> #N/A | Z32: =VLOOKUP($B32,$R$3:$Z$9,9,FALSE) -> #N/A
B33: BRAND | D33: BBT P.G./ O.G | I33: Brand | K33: MTD No. of Brews | L33: MTD | M33: YTD | N33: Target | R33: =B33 -> BRAND | S33: =VLOOKUP($B33,$R$3:$X$9,2,FALSE) -> #N/A | T33: =VLOOKUP($B33,$R$3:$X$9,3,FALSE) -> #N/A | U33: =VLOOKUP($B33,$R$3:$X$9,4,FALSE) -> #N/A | V33: =VLOOKUP($B33,$R$3:$X$9,5,FALSE) -> #N/A | W33: =VLOOKUP($B33,$R$3:$X$9,6,FALSE) -> #N/A | X33: =VLOOKUP($B33,$R$3:$X$9,7,FALSE) -> #N/A | Y33: =VLOOKUP($B33,$R$3:$Z$9,8,FALSE) -> #N/A | Z33: =VLOOKUP($B33,$R$3:$Z$9,9,FALSE) -> #N/A
B34: =J57 -> CARIBE | I34: CARIB | M34: =AVERAGE([23]Brewhouse!$AU$102:$AU$171,[23]Brewhouse!$AU$173:$AU$253,[23]Brewhouse!$AU$255:$AU$339,[23]Brewhouse!$AU$341:$AU$346,[23]Brewhouse!$AU$348,[23]Brewhouse!$AU$349:$AU$406,[23]Brewhouse!$AU$408:$AU$491,[23]Brewhouse!$AU$493:$AU$578,[23]Brewhouse!$AU$580:$AU$652,[23]Brewhouse!$AU$655:$AU$738,[23]Brewhouse!$A$740:$A$821,[23]Brewhouse!$AU$823:$AU$862,[24]Brewhouse!$AS$420:$AS$423,[23]Brewhouse!$AU$867:$AU$912,[23]Brewhouse!$AU$914:$AU$1003) -> 97.751831 | N34: 98 | R34: =B34 -> CARIBE | S34: =VLOOKUP($B34,$R$3:$X$9,2,FALSE) -> #N/A | T34: =VLOOKUP($B34,$R$3:$X$9,3,FALSE) -> #N/A | U34: =VLOOKUP($B34,$R$3:$X$9,4,FALSE) -> #N/A | V34: =VLOOKUP($B34,$R$3:$X$9,5,FALSE) -> #N/A | W34: =VLOOKUP($B34,$R$3:$X$9,6,FALSE) -> #N/A | X34: =VLOOKUP($B34,$R$3:$X$9,7,FALSE) -> #N/A | Y34: =VLOOKUP($B34,$R$3:$Z$9,8,FALSE) -> #N/A | Z34: =VLOOKUP($B34,$R$3:$Z$9,9,FALSE) -> #N/A
I35: STAG | J35: =AVERAGE(I10:I17) -> 96.291215 | K35: =COUNTA([24]Brewhouse!$A$486:$A$492) -> 7 | L35: =AVERAGE([24]Brewhouse!$AS$486:$AS$492) -> 96.291215 | M35: =AVERAGE([24]Brewhouse!$AS$15:$AS$64,[24]Brewhouse!$AS$66:$AS$103,[24]Brewhouse!$AS$105:$AS$140,[24]Brewhouse!$AS$142:$AS$193,[24]Brewhouse!$AS$195:$AS$240,[24]Brewhouse!$AS$242:$AS$273,[24]Brewhouse!$AS$275:$AS$322,[24]Brewhouse!$AS$324:$AS$359,[24]Brewhouse!$AS$361:$AS$397,[24]Brewhouse!$AS$399:$AS$419,[24]Brewhouse!$AS$424:$AS$447,[24]Brewhouse!$AS$449:$AS$484,[24]Brewhouse!$AS$486:$AS$492) -> 97.824425 | N35: 98 | R35: =B35 -> 0 | S35: =VLOOKUP($B35,$R$3:$X$9,2,FALSE) -> #N/A | T35: =VLOOKUP($B35,$R$3:$X$9,3,FALSE) -> #N/A | U35: =VLOOKUP($B35,$R$3:$X$9,4,FALSE) -> #N/A | V35: =VLOOKUP($B35,$R$3:$X$9,5,FALSE) -> #N/A | W35: =VLOOKUP($B35,$R$3:$X$9,6,FALSE) -> #N/A | X35: =VLOOKUP($B35,$R$3:$X$9,7,FALSE) -> #N/A | Y35: =VLOOKUP($B35,$R$3:$Z$9,8,FALSE) -> #N/A | Z35: =VLOOKUP($B35,$R$3:$Z$9,9,FALSE) -> #N/A
I36: GUINNESS | M36: =AVERAGE([25]Brewhouse!$AU$4:$AU$7,[25]Brewhouse!$AU$9:$AU$22,[25]Brewhouse!$AU$24:$AU$35,[25]Brewhouse!$AU$37:$AU$45,[25]Brewhouse!$AU$47:$AU$62,[25]Brewhouse!$AU$64:$AU$79,[25]Brewhouse!$AU$81:$AU$92,[25]Brewhouse!$AU$94:$AU$97,[25]Brewhouse!$AU$99:$AU$106,[25]Brewhouse!$AU$116:$AU$123) -> 96.481277 | N36: 98 | R36: =B36 -> 0 | S36: =VLOOKUP($B36,$R$3:$X$9,2,FALSE) -> #N/A | T36: =VLOOKUP($B36,$R$3:$X$9,3,FALSE) -> #N/A | U36: =VLOOKUP($B36,$R$3:$X$9,4,FALSE) -> #N/A | V36: =VLOOKUP($B36,$R$3:$X$9,5,FALSE) -> #N/A | W36: =VLOOKUP($B36,$R$3:$X$9,6,FALSE) -> #N/A | X36: =VLOOKUP($B36,$R$3:$X$9,7,FALSE) -> #N/A | Y36: =VLOOKUP($B36,$R$3:$Z$9,8,FALSE) -> #N/A | Z36: =VLOOKUP($B36,$R$3:$Z$9,9,FALSE) -> #N/A
I37: VITAMALT | K37: =COUNTA([22]Brewhouse!$A$107:$A$116) -> 10 | L37: =AVERAGE([22]Brewhouse!$AV$107:$AV$116) -> 97.093478 | M37: =AVERAGE([22]Brewhouse!$AV$5:$AV$14,[22]Brewhouse!$AV$16:$AV$19,[22]Brewhouse!$AV$21:$AV$24,[22]Brewhouse!$AV$26:$AV$33,[22]Brewhouse!$AV$35:$AV$46,[22]Brewhouse!$AV$48:$AV$53,[22]Brewhouse!$AV$55:$AV$62,[22]Brewhouse!$AV$64:$AV$77,[22]Brewhouse!$AV$79:$AV$86,[22]Brewhouse!$AV$88:$AV$95,[22]Brewhouse!$AV$97:$AV$104,[22]Brewhouse!$AV$107:$AV$116) -> 98.152691 | N37: 98 | R37: =B37 -> 0 | S37: =VLOOKUP($B37,$R$3:$X$9,2,FALSE) -> #N/A | T37: =VLOOKUP($B37,$R$3:$X$9,3,FALSE) -> #N/A | U37: =VLOOKUP($B37,$R$3:$X$9,4,FALSE) -> #N/A | V37: =VLOOKUP($B37,$R$3:$X$9,5,FALSE) -> #N/A | W37: =VLOOKUP($B37,$R$3:$X$9,6,FALSE) -> #N/A | X37: =VLOOKUP($B37,$R$3:$X$9,7,FALSE) -> #N/A | Y37: =VLOOKUP($B37,$R$3:$Z$9,8,FALSE) -> #N/A | Z37: =VLOOKUP($B37,$R$3:$Z$9,9,FALSE) -> #N/A
I38: MAXIMALT | N38: 98 | R38: =B38 -> 0 | S38: =VLOOKUP($B38,$R$3:$X$9,2,FALSE) -> #N/A | T38: =VLOOKUP($B38,$R$3:$X$9,3,FALSE) -> #N/A | U38: =VLOOKUP($B38,$R$3:$X$9,4,FALSE) -> #N/A | V38: =VLOOKUP($B38,$R$3:$X$9,5,FALSE) -> #N/A | W38: =VLOOKUP($B38,$R$3:$X$9,6,FALSE) -> #N/A | X38: =VLOOKUP($B38,$R$3:$X$9,7,FALSE) -> #N/A | Y38: =VLOOKUP($B38,$R$3:$Z$9,8,FALSE) -> #N/A | Z38: =VLOOKUP($B38,$R$3:$Z$9,9,FALSE) -> #N/A
I39: MACKESON | M39: =AVERAGE([26]Brewhouse!$AT$4:$AT$11,[26]Brewhouse!$AT$13:$AT$16,[26]Brewhouse!$AT$18:$AT$21,[26]Brewhouse!$AT$26,[26]Brewhouse!$AT$28:$AT$35) -> 94.794664 | N39: 98 | R39: =B39 -> 0 | S39: =VLOOKUP($B39,$R$3:$X$9,2,FALSE) -> #N/A | T39: =VLOOKUP($B39,$R$3:$X$9,3,FALSE) -> #N/A | U39: =VLOOKUP($B39,$R$3:$X$9,4,FALSE) -> #N/A | V39: =VLOOKUP($B39,$R$3:$X$9,5,FALSE) -> #N/A | W39: =VLOOKUP($B39,$R$3:$X$9,6,FALSE) -> #N/A | X39: =VLOOKUP($B39,$R$3:$X$9,7,FALSE) -> #N/A | Y39: =VLOOKUP($B39,$R$3:$Z$9,8,FALSE) -> #N/A | Z39: =VLOOKUP($B39,$R$3:$Z$9,9,FALSE) -> #N/A
I40: STARMALT | M40: =AVERAGE([27]Brewhouse!$AY$6:$AY$13,[27]Brewhouse!$AY$15:$AY$20,[27]Brewhouse!$AY$22:$AY$29,[27]Brewhouse!$AY$31:$AY$34,[27]Brewhouse!$AY$36:$AY$43,[27]Brewhouse!$AY$45:$AY$50, [27]Brewhouse!$AY$56:$AY$73,[27]Brewhouse!$AY$75:$AY$92,[27]Brewhouse!$AY$94:$AY$97) -> 97.370193 | N40: 98 | R40: =B40 -> 0 | S40: =VLOOKUP($B40,$R$3:$X$9,2,FALSE) -> #N/A | T40: =VLOOKUP($B40,$R$3:$X$9,3,FALSE) -> #N/A | U40: =VLOOKUP($B40,$R$3:$X$9,4,FALSE) -> #N/A | V40: =VLOOKUP($B40,$R$3:$X$9,5,FALSE) -> #N/A | W40: =VLOOKUP($B40,$R$3:$X$9,6,FALSE) -> #N/A | X40: =VLOOKUP($B40,$R$3:$X$9,7,FALSE) -> #N/A | Y40: =VLOOKUP($B40,$R$3:$Z$9,8,FALSE) -> #N/A | Z40: =VLOOKUP($B40,$R$3:$Z$9,9,FALSE) -> #N/A
I41: HR- Pils | M41: =AVERAGE([28]Brewhouse!$AU$5:$AU$8,[28]Brewhouse!$AU$10:$AU$13,[27]Brewhouse!$AY$75:$AY$77) -> 94.749192 | N41: 98 | R41: =B41 -> 0 | S41: =VLOOKUP($B41,$R$3:$X$9,2,FALSE) -> #N/A | T41: =VLOOKUP($B41,$R$3:$X$9,3,FALSE) -> #N/A | U41: =VLOOKUP($B41,$R$3:$X$9,4,FALSE) -> #N/A | V41: =VLOOKUP($B41,$R$3:$X$9,5,FALSE) -> #N/A | W41: =VLOOKUP($B41,$R$3:$X$9,6,FALSE) -> #N/A | X41: =VLOOKUP($B41,$R$3:$X$9,7,FALSE) -> #N/A | Y41: =VLOOKUP($B41,$R$3:$Z$9,8,FALSE) -> #N/A | Z41: =VLOOKUP($B41,$R$3:$Z$9,9,FALSE) -> #N/A
I42: HR- IPA | M42: =AVERAGE([29]Brewhouse!$AW$26:$AW$27) -> 95.310681 | N42: 98 | R42: =B42 -> 0 | S42: =VLOOKUP($B42,$R$3:$X$9,2,FALSE) -> #N/A | T42: =VLOOKUP($B42,$R$3:$X$9,3,FALSE) -> #N/A | U42: =VLOOKUP($B42,$R$3:$X$9,4,FALSE) -> #N/A | V42: =VLOOKUP($B42,$R$3:$X$9,5,FALSE) -> #N/A | W42: =VLOOKUP($B42,$R$3:$X$9,6,FALSE) -> #N/A | X42: =VLOOKUP($B42,$R$3:$X$9,7,FALSE) -> #N/A | Y42: =VLOOKUP($B42,$R$3:$Z$9,8,FALSE) -> #N/A | Z42: =VLOOKUP($B42,$R$3:$Z$9,9,FALSE) -> #N/A
I43: HR- APA | M43: =AVERAGE([30]Brewhouse!$AU$13:$AU$14) -> 97.110575 | N43: 98 | R43: =B43 -> 0 | S43: =VLOOKUP($B43,$R$3:$X$9,2,FALSE) -> #N/A | T43: =VLOOKUP($B43,$R$3:$X$9,3,FALSE) -> #N/A | U43: =VLOOKUP($B43,$R$3:$X$9,4,FALSE) -> #N/A | V43: =VLOOKUP($B43,$R$3:$X$9,5,FALSE) -> #N/A | W43: =VLOOKUP($B43,$R$3:$X$9,6,FALSE) -> #N/A | X43: =VLOOKUP($B43,$R$3:$X$9,7,FALSE) -> #N/A | Y43: =VLOOKUP($B43,$R$3:$Z$9,8,FALSE) -> #N/A | Z43: =VLOOKUP($B43,$R$3:$Z$9,9,FALSE) -> #N/A
K44: =SUM(K34:K43) -> 17 | L44: =((L34*K34)+(L35*K35)+(L36*K36)+(L37*K37)+(L38*K38)+(K41*L41)+(L39*K39)+(L40*K40)+(L43*K43))/(K44) -> 96.763135 | M44: =AVERAGE('[31]Jan 31st'!$L$65,'[32]Feb 28th'!$L$35,'[33]Mar. 31st'!$L$35,'[34]Apr. 30th'!$L$45,'[35]May 30th'!$L$37,'[36]June 30th'!$L$57,'[37]July 29th '!$L$44,'[38]Aug 29th'!$L$29,'[39]Sept 30th'!$L$35,L44) -> 97.494264 | N44: 98 | R44: =B44 -> 0 | S44: =VLOOKUP($B44,$R$3:$X$9,2,FALSE) -> #N/A | T44: =VLOOKUP($B44,$R$3:$X$9,3,FALSE) -> #N/A | U44: =VLOOKUP($B44,$R$3:$X$9,4,FALSE) -> #N/A | V44: =VLOOKUP($B44,$R$3:$X$9,5,FALSE) -> #N/A | W44: =VLOOKUP($B44,$R$3:$X$9,6,FALSE) -> #N/A | X44: =VLOOKUP($B44,$R$3:$X$9,7,FALSE) -> #N/A | Y44: =VLOOKUP($B44,$R$3:$Z$9,8,FALSE) -> #N/A | Z44: =VLOOKUP($B44,$R$3:$Z$9,9,FALSE) -> #N/A
R45: =B45 -> 0 | S45: =VLOOKUP($B45,$R$3:$X$9,2,FALSE) -> #N/A | T45: =VLOOKUP($B45,$R$3:$X$9,3,FALSE) -> #N/A | U45: =VLOOKUP($B45,$R$3:$X$9,4,FALSE) -> #N/A | V45: =VLOOKUP($B45,$R$3:$X$9,5,FALSE) -> #N/A | W45: =VLOOKUP($B45,$R$3:$X$9,6,FALSE) -> #N/A | X45: =VLOOKUP($B45,$R$3:$X$9,7,FALSE) -> #N/A | Y45: =VLOOKUP($B45,$R$3:$Z$9,8,FALSE) -> #N/A | Z45: =VLOOKUP($B45,$R$3:$Z$9,9,FALSE) -> #N/A
J46: Daily Brewing Plan
J47: Brand | K47: Brews Achieved | L47: Average Brews per day
J48: CARIB | L48: MTD | M48: YTD | N48: TARGET
J49: STAG | K49: 6 | L49: =AVERAGE(K58,'Dec 1st'!K43,'Dec 2nd'!K49) -> 5.3333333 | M49: =AVERAGE('[31]Jan 29th '!$M$70,'[32]Feb 28th'!$L$40,'[33]Mar. 31st'!$L$40,'[34]Apr. 30th'!$L$50,'[35]May 30th'!$L$42,'[36]June 30th'!$L$62,'[37]July 29th '!$L$49,'[38]Aug 29th'!$L$34,'[39]Sept 30th'!$L$40,[40]Oct.31st!$L$43,'[41]Nov 28th-30th'!$L$45,L49) -> 6.8339755 | N49: 9.2
J50: GUINN
J51: VITAMALT
J52: STARMALT
J53: MACKESON
J54: HURRICANE REEF- IPA
J55: HURRICANE REEF- APA
B56: AVERAGE | J56: HR- PILSNER
J57: CARIBE
J58: Total | K58: =SUM(K48:K57) -> 6
B59: Process: | C59: Fermentation/Filtration
B61: Brand | C61: Filt. Date | D61: FV Hls | E61: GFE/ Prim/ Vita Blend (Hls) | F61: SV Hls | G61: BBT Hls | H61: Loss (%) Ferm | I61: Loss (%) Filt | J61: Comments | K61: Throughput | L61: Process Loss (%) | M61: Filt. Operator
AB62: 43474 | AC62: 43475 | AD62: 43476 | AE62: 43477 | AF62: 43478 | AG62: 43479 | AH62: 43480 | AI62: 43481 | AJ62: 43482 | AK62: 43483 | AL62: 43484 | AM62: 43485 | AN62: 43486 | AO62: 43487 | AP62: 43488 | AQ62: 43489 | AR62: 43490 | AS62: 43491 | AT62: 43492 | AU62: 43493 | AV62: 43494 | AW62: 43495 | AX62: 43496
AB63: =[20]January_2019!L7 -> 285.8 | AC63: =[20]January_2019!M7 -> 508.1 | AD63: =[20]January_2019!N7 -> 0 | AE63: =[20]January_2019!O7 -> 0 | AF63: =[20]January_2019!P7 -> 109.56667 | AG63: =[20]January_2019!Q7 -> 297.65 | AH63: =[20]January_2019!R7 -> 122.3 | AI63: =[20]January_2019!S7 -> 0 | ... AX63: =[20]January_2019!AH7 -> 0
L65: =(((D65+E65)-G65)/(D65+E65))*100 -> #DIV/0!
L69: =(((D69+E69)-G69)/(D69+E69))*100 -> #DIV/0!
B72: Process Loss (Volume) | G72: Process Loss (Extract) | K72: Throughput
B73: Brand | C73: Actual | D73: MTD | E73: YTD | F73: Target | G73: Actual | H73: MTD | I73: YTD | J73: Target | K73: Actual | L73: MTD | M73: YTD | N73: Target
B74: CARIB | D74: 5.9758575 | E74: 6.0702956 | F74: 4.8 | G74: =[42]December_2025!$E$11 -> 2.8833364 | I74: 5.9880236 | J74: 4.8 | L74: 0.44929825 | M74: 0.72631456 | N74: 1
B75: STAG | E75: 5.7025208 | F75: 4.8 | I75: 6.222828 | J75: 4.8 | M75: 0.68415239 | N75: 1
B76: GUINN | E76: 11.016453 | F76: 5.5 | I76: 12.536311 | J76: 5.5 | M76: 0.51633623 | N76: 1
B77: VITAMALT | E77: 4.6226457 | F77: 3.3 | I77: 4.4171318 | J77: 3.3 | M77: 0.83111216 | N77: 1
B78: APA | E78: 7.8373016 | F78: 3.3 | I78: 5.3377569 | J78: 3 | M78: 0.32596491 | N78: 1
B79: MACKESON | E79: 6.8851328 | F79: =[21]May_2022!$M$43 -> 3.4878407 | I79: 8.6614709 | J79: 5.5 | M79: 0.73160819 | N79: 1
B80: STARMALT | E80: 2.9297033 | F80: 3.3 | I80: 4.2684292 | J80: 3.3 | M80: 0.84660148 | N80: 1
B81: IPA | E81: 11.483254 | F81: 7.5 | I81: 9.7934336 | J81: 7.5 | M81: 0.3245614 | N81: 1
B82: HURRICANE REEF PILS | E82: 7.2653645 | F82: 4.8 | I82: 8.1715311 | J82: 4.8 | M82: 0.51368421 | N82: 1
D83: 5.9758575 | E83: 6.1053452 | F83: 5.5 | H83: 5.2012421 | I83: 6.5267568 | J83: 5.5 | L83: 0.44929825 | M83: 0.70331194 | N83: 1

Sheet Dec 4th
S1: P.G. | U1: Hot Time | W1: Process Time | Y1: Cooling Time
B2: Brewing Department Daily Process Loss Report | S2: Lower | T2: Upper | U2: Lower | V2: Upper | W2: Lower | X2: Upper | Y2: Lower | Z2: Upper
R3: CARIB | S3: 11.6 | T3: 12 | U3: 0 | V3: 0.11805556 | W3: 0.22569444 | X3: 0.26388889 | Y3: 0 | Z3: 60 | AB3: HR- PISNER
B4: Date: | C4: 45996 | J4: LOT WORT COLOUR: | M4: Filter Sheets (Target 20 days) | R4: STAG | S4: 11.6 | T4: 12 | U4: 0 | V4: 0.11805556 | W4: 0.22569444 | X4: 0.26388889 | Y4: 0 | Z4: 60
M5: Double | N5: Single | R5: GUINNESS | S5: 17 | T5: 17.5 | U5: 0 | V5: 0.10763889 | W5: 0.24652778 | X5: 0.28472222 | Y5: 0 | Z5: 60
J6: MALT LOT: Lot #8 | L6: Sheet Day | R6: MACKESON | S6: 13.3 | T6: 13.5 | U6: 0 | V6: 0.12905093 | W6: 0.27430556 | X6: 0.30208333 | Y6: 0
R7: STARMALT | S7: 17 | T7: 17.4 | U7: 0 | V7: 0.13605324 | W7: 0.27430556 | X7: 0.30902778 | Y7: 0 | Z7: 85
B8: Brand | C8: Brew no. | D8: Kett. Hls | E8: Wort | F8: Cool Time(Mins) | G8: Cast. P.G. (Lab Result) | H8: Cast P.G. (Cellar Operator)-gravity | I8: Extr. Rec (77.9%) | J8: Theor. Extr. (77.5%) | K8: Boil Off /Vol. (4-6%) | L8: Boil Time | M8: Total Hot | N8: Brewing | O8: Operator | R8: Hurricane Reef | S8: 16.6 | T8: 17 | U8: 0 | V8: 0.12905093 | W8: 0.27430556 | X8: 0.30208333 | Y8: 0
E9: Meter (Hls) | F9: Target(< 60Mins) | M9: Time | R9: VITAMALT | S9: 14.2 | T9: 14.6 | U9: 0 | V9: 0.13905093 | W9: 0.26041667 | X9: 0.29513889 | Y9: 0 | Z9: 75
B10: STAG | C10: =[24]Brewhouse!$A492 -> ST467 | D10: =[24]Brewhouse!$AD492 -> 48.1 | E10: =[24]Brewhouse!$AG492 -> 47.4 | F10: =[24]Brewhouse!$V492 -> 56 | G10: =[24]Brewhouse!$AE492 -> 11.9 | H10: 11.9 | I10: =[24]Brewhouse!$AS492 -> 95.193453 | J10: =[24]Brewhouse!$AT492 -> 95.292311 | K10: =[24]Brewhouse!$Q492 -> 12.8119 | L10: =[24]Brewhouse!$P492 -> 56 | M10: =[24]Brewhouse!$U492-[24]Brewhouse!$T492 -> 0.10416667 | N10: =[24]Brewhouse!$AW492 -> 0.25694444 | O10: =[24]Brewhouse!$AV492 -> R.Sookram | R10: =B10 -> STAG | S10: =VLOOKUP($B10,$R$3:$X$9,2,FALSE) -> 11.6 | T10: =VLOOKUP($B10,$R$3:$X$9,3,FALSE) -> 12 | U10: =VLOOKUP($B10,$R$3:$X$9,4,FALSE) -> 0 | V10: =VLOOKUP($B10,$R$3:$X$9,5,FALSE) -> 0.11805556 | W10: =VLOOKUP($B10,$R$3:$X$9,6,FALSE) -> 0.22569444 | X10: =VLOOKUP($B10,$R$3:$X$9,7,FALSE) -> 0.26388889 | Y10: =VLOOKUP($B10,$R$3:$Z$9,8,FALSE) -> 0 | Z10: =VLOOKUP($B10,$R$3:$Z$9,9,FALSE) -> 60
B11: STAG | C11: =[24]Brewhouse!$A493 -> ST468 | D11: =[24]Brewhouse!$AD493 -> 47.9 | E11: =[24]Brewhouse!$AG493 -> 45.8 | F11: =[24]Brewhouse!$V493 -> 58 | G11: =[24]Brewhouse!$AE493 -> 12 | H11: 11.9 | I11: =[24]Brewhouse!$AS493 -> 93.142632 | J11: =[24]Brewhouse!$AT493 -> 93.239265 | K11: =[24]Brewhouse!$Q493 -> 10.913462 | L11: =[24]Brewhouse!$P493 -> 62 | M11: =[24]Brewhouse!$U493-[24]Brewhouse!$T493 -> 0.11597222 | N11: =[24]Brewhouse!$AW493 -> 0.29027778 | O11: =[24]Brewhouse!$AV493 -> K. Benjamin | R11: =B11 -> STAG | S11: =VLOOKUP($B11,$R$3:$X$9,2,FALSE) -> 11.6 | T11: =VLOOKUP($B11,$R$3:$X$9,3,FALSE) -> 12 | U11: =VLOOKUP($B11,$R$3:$X$9,4,FALSE) -> 0 | V11: =VLOOKUP($B11,$R$3:$X$9,5,FALSE) -> 0.11805556 | W11: =VLOOKUP($B11,$R$3:$X$9,6,FALSE) -> 0.22569444 | X11: =VLOOKUP($B11,$R$3:$X$9,7,FALSE) -> 0.26388889 | Y11: =VLOOKUP($B11,$R$3:$Z$9,8,FALSE) -> 0 | Z11: =VLOOKUP($B11,$R$3:$Z$9,9,FALSE) -> 60
B12: STAG | C12: =[24]Brewhouse!$A494 -> ST469 | D12: =[24]Brewhouse!$AD494 -> 48.3 | E12: =[24]Brewhouse!$AG494 -> 49.21 | F12: =[24]Brewhouse!$V494 -> 60 | G12: =[24]Brewhouse!$AE494 -> 11.8 | H12: 11.8 | I12: =[24]Brewhouse!$AS494 -> 97.832828 | J12: =[24]Brewhouse!$AT494 -> 97.934461 | K12: =[24]Brewhouse!$Q494 -> 10.144231 | L12: =[24]Brewhouse!$P494 -> 59 | M12: =[24]Brewhouse!$U494-[24]Brewhouse!$T494 -> 0.11527778 | N12: =[24]Brewhouse!$AW494 -> 0.2625 | O12: =[24]Brewhouse!$AV494 -> K. Benjamin | R12: =B12 -> STAG | S12: =VLOOKUP($B12,$R$3:$X$9,2,FALSE) -> 11.6 | T12: =VLOOKUP($B12,$R$3:$X$9,3,FALSE) -> 12 | U12: =VLOOKUP($B12,$R$3:$X$9,4,FALSE) -> 0 | V12: =VLOOKUP($B12,$R$3:$X$9,5,FALSE) -> 0.11805556 | W12: =VLOOKUP($B12,$R$3:$X$9,6,FALSE) -> 0.22569444 | X12: =VLOOKUP($B12,$R$3:$X$9,7,FALSE) -> 0.26388889 | Y12: =VLOOKUP($B12,$R$3:$Z$9,8,FALSE) -> 0 | Z12: =VLOOKUP($B12,$R$3:$Z$9,9,FALSE) -> 60
B13: STAG | C13: =[24]Brewhouse!$A495 -> ST470 | D13: =[24]Brewhouse!$AD495 -> 49 | E13: =[24]Brewhouse!$AG495 -> 48.8 | F13: =[24]Brewhouse!$V495 -> 61 | G13: =[24]Brewhouse!$AE495 -> 12 | H13: 11.9 | I13: =[24]Brewhouse!$AS495 -> 99.119134 | J13: =[24]Brewhouse!$AT495 -> 99.222002 | K13: =[24]Brewhouse!$Q495 -> 9.7408829 | L13: =[24]Brewhouse!$P495 -> 60 | M13: =[24]Brewhouse!$U495-[24]Brewhouse!$T495 -> 0.11388889 | N13: =[24]Brewhouse!$AW495 -> 0.33819444 | O13: =[24]Brewhouse!$AV495 -> R. Regis | R13: =B13 -> STAG | S13: =VLOOKUP($B13,$R$3:$X$9,2,FALSE) -> 11.6 | T13: =VLOOKUP($B13,$R$3:$X$9,3,FALSE) -> 12 | U13: =VLOOKUP($B13,$R$3:$X$9,4,FALSE) -> 0 | V13: =VLOOKUP($B13,$R$3:$X$9,5,FALSE) -> 0.11805556 | W13: =VLOOKUP($B13,$R$3:$X$9,6,FALSE) -> 0.22569444 | X13: =VLOOKUP($B13,$R$3:$X$9,7,FALSE) -> 0.26388889 | Y13: =VLOOKUP($B13,$R$3:$Z$9,8,FALSE) -> 0 | Z13: =VLOOKUP($B13,$R$3:$Z$9,9,FALSE) -> 60
R14: =B14 -> 0 | S14: =VLOOKUP($B14,$R$3:$X$9,2,FALSE) -> #N/A | T14: =VLOOKUP($B14,$R$3:$X$9,3,FALSE) -> #N/A | U14: =VLOOKUP($B14,$R$3:$X$9,4,FALSE) -> #N/A | V14: =VLOOKUP($B14,$R$3:$X$9,5,FALSE) -> #N/A | W14: =VLOOKUP($B14,$R$3:$X$9,6,FALSE) -> #N/A | X14: =VLOOKUP($B14,$R$3:$X$9,7,FALSE) -> #N/A | Y14: =VLOOKUP($B14,$R$3:$Z$9,8,FALSE) -> #N/A | Z14: =VLOOKUP($B14,$R$3:$Z$9,9,FALSE) -> #N/A
B15: CARIB | C15: =[23]Brewhouse!$A1005 -> CA889 | D15: =[23]Brewhouse!$AF1005 -> 51.2 | E15: =[23]Brewhouse!$AI1005 -> 51.2 | F15: =[23]Brewhouse!$V1005 -> 59 | G15: =[23]Brewhouse!AG1005 -> 11.7 | H15: 11.6 | I15: =[23]Brewhouse!$AU1005 -> 109.13888 | J15: =[23]Brewhouse!$AV1005 -> 109.26911 | K15: =[23]Brewhouse!$Q1005 -> 0.64 | L15: =[23]Brewhouse!$P1005 -> 60 | M15: =[23]Brewhouse!$U1005-[23]Brewhouse!$T1005 -> 0.12986111 | N15: =[23]Brewhouse!$Z1005 -> 0.26111111 | O15: =[23]Brewhouse!$AX1005 -> K. Benjamin | R15: =B15 -> CARIB | S15: =VLOOKUP($B15,$R$3:$X$9,2,FALSE) -> 11.6 | T15: =VLOOKUP($B15,$R$3:$X$9,3,FALSE) -> 12 | U15: =VLOOKUP($B15,$R$3:$X$9,4,FALSE) -> 0 | V15: =VLOOKUP($B15,$R$3:$X$9,5,FALSE) -> 0.11805556 | W15: =VLOOKUP($B15,$R$3:$X$9,6,FALSE) -> 0.22569444 | X15: =VLOOKUP($B15,$R$3:$X$9,7,FALSE) -> 0.26388889 | Y15: =VLOOKUP($B15,$R$3:$Z$9,8,FALSE) -> 0 | Z15: =VLOOKUP($B15,$R$3:$Z$9,9,FALSE) -> 60
R16: =B16 -> 0 | S16: =VLOOKUP($B16,$R$3:$X$9,2,FALSE) -> #N/A | T16: =VLOOKUP($B16,$R$3:$X$9,3,FALSE) -> #N/A | U16: =VLOOKUP($B16,$R$3:$X$9,4,FALSE) -> #N/A | V16: =VLOOKUP($B16,$R$3:$X$9,5,FALSE) -> #N/A | W16: =VLOOKUP($B16,$R$3:$X$9,6,FALSE) -> #N/A | X16: =VLOOKUP($B16,$R$3:$X$9,7,FALSE) -> #N/A | Y16: =VLOOKUP($B16,$R$3:$Z$9,8,FALSE) -> #N/A | Z16: =VLOOKUP($B16,$R$3:$Z$9,9,FALSE) -> #N/A
R17: =B17 -> 0 | S17: =VLOOKUP($B17,$R$3:$X$9,2,FALSE) -> #N/A | T17: =VLOOKUP($B17,$R$3:$X$9,3,FALSE) -> #N/A | U17: =VLOOKUP($B17,$R$3:$X$9,4,FALSE) -> #N/A | V17: =VLOOKUP($B17,$R$3:$X$9,5,FALSE) -> #N/A | W17: =VLOOKUP($B17,$R$3:$X$9,6,FALSE) -> #N/A | X17: =VLOOKUP($B17,$R$3:$X$9,7,FALSE) -> #N/A | Y17: =VLOOKUP($B17,$R$3:$Z$9,8,FALSE) -> #N/A | Z17: =VLOOKUP($B17,$R$3:$Z$9,9,FALSE) -> #N/A
R18: =B18 -> 0 | S18: =VLOOKUP($B18,$R$3:$X$9,2,FALSE) -> #N/A | T18: =VLOOKUP($B18,$R$3:$X$9,3,FALSE) -> #N/A | U18: =VLOOKUP($B18,$R$3:$X$9,4,FALSE) -> #N/A | V18: =VLOOKUP($B18,$R$3:$X$9,5,FALSE) -> #N/A | W18: =VLOOKUP($B18,$R$3:$X$9,6,FALSE) -> #N/A | X18: =VLOOKUP($B18,$R$3:$X$9,7,FALSE) -> #N/A | Y18: =VLOOKUP($B18,$R$3:$Z$9,8,FALSE) -> #N/A | Z18: =VLOOKUP($B18,$R$3:$Z$9,9,FALSE) -> #N/A
R19: =B19 -> 0 | S19: =VLOOKUP($B19,$R$3:$X$9,2,FALSE) -> #N/A | T19: =VLOOKUP($B19,$R$3:$X$9,3,FALSE) -> #N/A | U19: =VLOOKUP($B19,$R$3:$X$9,4,FALSE) -> #N/A | V19: =VLOOKUP($B19,$R$3:$X$9,5,FALSE) -> #N/A | W19: =VLOOKUP($B19,$R$3:$X$9,6,FALSE) -> #N/A | X19: =VLOOKUP($B19,$R$3:$X$9,7,FALSE) -> #N/A | Y19: =VLOOKUP($B19,$R$3:$Z$9,8,FALSE) -> #N/A | Z19: =VLOOKUP($B19,$R$3:$Z$9,9,FALSE) -> #N/A
R20: =B20 -> 0 | S20: =VLOOKUP($B20,$R$3:$X$9,2,FALSE) -> #N/A | T20: =VLOOKUP($B20,$R$3:$X$9,3,FALSE) -> #N/A | U20: =VLOOKUP($B20,$R$3:$X$9,4,FALSE) -> #N/A | V20: =VLOOKUP($B20,$R$3:$X$9,5,FALSE) -> #N/A | W20: =VLOOKUP($B20,$R$3:$X$9,6,FALSE) -> #N/A | X20: =VLOOKUP($B20,$R$3:$X$9,7,FALSE) -> #N/A | Y20: =VLOOKUP($B20,$R$3:$Z$9,8,FALSE) -> #N/A | Z20: =VLOOKUP($B20,$R$3:$Z$9,9,FALSE) -> #N/A
R21: =B21 -> 0 | S21: =VLOOKUP($B21,$R$3:$X$9,2,FALSE) -> #N/A | T21: =VLOOKUP($B21,$R$3:$X$9,3,FALSE) -> #N/A | U21: =VLOOKUP($B21,$R$3:$X$9,4,FALSE) -> #N/A | V21: =VLOOKUP($B21,$R$3:$X$9,5,FALSE) -> #N/A | W21: =VLOOKUP($B21,$R$3:$X$9,6,FALSE) -> #N/A | X21: =VLOOKUP($B21,$R$3:$X$9,7,FALSE) -> #N/A | Y21: =VLOOKUP($B21,$R$3:$Z$9,8,FALSE) -> #N/A | Z21: =VLOOKUP($B21,$R$3:$Z$9,9,FALSE) -> #N/A
R22: =B22 -> 0 | S22: =VLOOKUP($B22,$R$3:$X$9,2,FALSE) -> #N/A | T22: =VLOOKUP($B22,$R$3:$X$9,3,FALSE) -> #N/A | U22: =VLOOKUP($B22,$R$3:$X$9,4,FALSE) -> #N/A | V22: =VLOOKUP($B22,$R$3:$X$9,5,FALSE) -> #N/A | W22: =VLOOKUP($B22,$R$3:$X$9,6,FALSE) -> #N/A | X22: =VLOOKUP($B22,$R$3:$X$9,7,FALSE) -> #N/A | Y22: =VLOOKUP($B22,$R$3:$Z$9,8,FALSE) -> #N/A | Z22: =VLOOKUP($B22,$R$3:$Z$9,9,FALSE) -> #N/A
R23: =B23 -> 0 | S23: =VLOOKUP($B23,$R$3:$X$9,2,FALSE) -> #N/A | T23: =VLOOKUP($B23,$R$3:$X$9,3,FALSE) -> #N/A | U23: =VLOOKUP($B23,$R$3:$X$9,4,FALSE) -> #N/A | V23: =VLOOKUP($B23,$R$3:$X$9,5,FALSE) -> #N/A | W23: =VLOOKUP($B23,$R$3:$X$9,6,FALSE) -> #N/A | X23: =VLOOKUP($B23,$R$3:$X$9,7,FALSE) -> #N/A | Y23: =VLOOKUP($B23,$R$3:$Z$9,8,FALSE) -> #N/A | Z23: =VLOOKUP($B23,$R$3:$Z$9,9,FALSE) -> #N/A
R24: =B24 -> 0 | S24: =VLOOKUP($B24,$R$3:$X$9,2,FALSE) -> #N/A | T24: =VLOOKUP($B24,$R$3:$X$9,3,FALSE) -> #N/A | U24: =VLOOKUP($B24,$R$3:$X$9,4,FALSE) -> #N/A | V24: =VLOOKUP($B24,$R$3:$X$9,5,FALSE) -> #N/A | W24: =VLOOKUP($B24,$R$3:$X$9,6,FALSE) -> #N/A | X24: =VLOOKUP($B24,$R$3:$X$9,7,FALSE) -> #N/A | Y24: =VLOOKUP($B24,$R$3:$Z$9,8,FALSE) -> #N/A | Z24: =VLOOKUP($B24,$R$3:$Z$9,9,FALSE) -> #N/A
R25: =B25 -> 0 | S25: =VLOOKUP($B25,$R$3:$X$9,2,FALSE) -> #N/A | T25: =VLOOKUP($B25,$R$3:$X$9,3,FALSE) -> #N/A | U25: =VLOOKUP($B25,$R$3:$X$9,4,FALSE) -> #N/A | V25: =VLOOKUP($B25,$R$3:$X$9,5,FALSE) -> #N/A | W25: =VLOOKUP($B25,$R$3:$X$9,6,FALSE) -> #N/A | X25: =VLOOKUP($B25,$R$3:$X$9,7,FALSE) -> #N/A | Y25: =VLOOKUP($B25,$R$3:$Z$9,8,FALSE) -> #N/A | Z25: =VLOOKUP($B25,$R$3:$Z$9,9,FALSE) -> #N/A
B26: BRAND | D26: BBT P.G./ O.G | I26: Brand | K26: MTD No. of Brews | L26: MTD | M26: YTD | N26: Target | R26: =B26 -> BRAND | S26: =VLOOKUP($B26,$R$3:$X$9,2,FALSE) -> #N/A | T26: =VLOOKUP($B26,$R$3:$X$9,3,FALSE) -> #N/A | U26: =VLOOKUP($B26,$R$3:$X$9,4,FALSE) -> #N/A | V26: =VLOOKUP($B26,$R$3:$X$9,5,FALSE) -> #N/A | W26: =VLOOKUP($B26,$R$3:$X$9,6,FALSE) -> #N/A | X26: =VLOOKUP($B26,$R$3:$X$9,7,FALSE) -> #N/A | Y26: =VLOOKUP($B26,$R$3:$Z$9,8,FALSE) -> #N/A | Z26: =VLOOKUP($B26,$R$3:$Z$9,9,FALSE) -> #N/A
B27: =J50 -> CARIBE | I27: CARIB | J27: =I15 -> 109.13888 | K27: =COUNTA([23]Brewhouse!$A$1005) -> 1 | L27: =AVERAGE([23]Brewhouse!$AU$1005) -> 109.13888 | M27: =AVERAGE([23]Brewhouse!$AU$102:$AU$171,[23]Brewhouse!$AU$173:$AU$253,[23]Brewhouse!$AU$255:$AU$339,[23]Brewhouse!$AU$341:$AU$346,[23]Brewhouse!$AU$348,[23]Brewhouse!$AU$349:$AU$406,[23]Brewhouse!$AU$408:$AU$491,[23]Brewhouse!$AU$493:$AU$578,[23]Brewhouse!$AU$580:$AU$652,[23]Brewhouse!$AU$655:$AU$738,[23]Brewhouse!$A$740:$A$821,[23]Brewhouse!$AU$823:$AU$862,[24]Brewhouse!$AS$420:$AS$423,[23]Brewhouse!$AU$867:$AU$912,[23]Brewhouse!$AU$914:$AU$1003,[23]Brewhouse!$AU$1005) -> 97.765907 | N27: 98 | R27: =B27 -> CARIBE | S27: =VLOOKUP($B27,$R$3:$X$9,2,FALSE) -> #N/A | T27: =VLOOKUP($B27,$R$3:$X$9,3,FALSE) -> #N/A | U27: =VLOOKUP($B27,$R$3:$X$9,4,FALSE) -> #N/A | V27: =VLOOKUP($B27,$R$3:$X$9,5,FALSE) -> #N/A | W27: =VLOOKUP($B27,$R$3:$X$9,6,FALSE) -> #N/A | X27: =VLOOKUP($B27,$R$3:$X$9,7,FALSE) -> #N/A | Y27: =VLOOKUP($B27,$R$3:$Z$9,8,FALSE) -> #N/A | Z27: =VLOOKUP($B27,$R$3:$Z$9,9,FALSE) -> #N/A
I28: STAG | J28: =AVERAGE(I10:I14) -> 96.322012 | K28: =COUNTA([24]Brewhouse!$A$486:$A$495) -> 10 | L28: =AVERAGE([24]Brewhouse!$AS$486:$AS$495) -> 96.41331 | M28: =AVERAGE([24]Brewhouse!$AS$15:$AS$64,[24]Brewhouse!$AS$66:$AS$103,[24]Brewhouse!$AS$105:$AS$140,[24]Brewhouse!$AS$142:$AS$193,[24]Brewhouse!$AS$195:$AS$240,[24]Brewhouse!$AS$242:$AS$273,[24]Brewhouse!$AS$275:$AS$322,[24]Brewhouse!$AS$324:$AS$359,[24]Brewhouse!$AS$361:$AS$397,[24]Brewhouse!$AS$399:$AS$419,[24]Brewhouse!$AS$424:$AS$447,[24]Brewhouse!$AS$449:$AS$484,[24]Brewhouse!$AS$486:$AS$495) -> 97.817175 | N28: 98 | R28: =B28 -> 0 | S28: =VLOOKUP($B28,$R$3:$X$9,2,FALSE) -> #N/A | T28: =VLOOKUP($B28,$R$3:$X$9,3,FALSE) -> #N/A | U28: =VLOOKUP($B28,$R$3:$X$9,4,FALSE) -> #N/A | V28: =VLOOKUP($B28,$R$3:$X$9,5,FALSE) -> #N/A | W28: =VLOOKUP($B28,$R$3:$X$9,6,FALSE) -> #N/A | X28: =VLOOKUP($B28,$R$3:$X$9,7,FALSE) -> #N/A | Y28: =VLOOKUP($B28,$R$3:$Z$9,8,FALSE) -> #N/A | Z28: =VLOOKUP($B28,$R$3:$Z$9,9,FALSE) -> #N/A
I29: GUINNESS | M29: =AVERAGE([25]Brewhouse!$AU$4:$AU$7,[25]Brewhouse!$AU$9:$AU$22,[25]Brewhouse!$AU$24:$AU$35,[25]Brewhouse!$AU$37:$AU$45,[25]Brewhouse!$AU$47:$AU$62,[25]Brewhouse!$AU$64:$AU$79,[25]Brewhouse!$AU$81:$AU$92,[25]Brewhouse!$AU$94:$AU$97,[25]Brewhouse!$AU$99:$AU$106,[25]Brewhouse!$AU$116:$AU$123) -> 96.481277 | N29: 98 | R29: =B29 -> 0 | S29: =VLOOKUP($B29,$R$3:$X$9,2,FALSE) -> #N/A | T29: =VLOOKUP($B29,$R$3:$X$9,3,FALSE) -> #N/A | U29: =VLOOKUP($B29,$R$3:$X$9,4,FALSE) -> #N/A | V29: =VLOOKUP($B29,$R$3:$X$9,5,FALSE) -> #N/A | W29: =VLOOKUP($B29,$R$3:$X$9,6,FALSE) -> #N/A | X29: =VLOOKUP($B29,$R$3:$X$9,7,FALSE) -> #N/A | Y29: =VLOOKUP($B29,$R$3:$Z$9,8,FALSE) -> #N/A | Z29: =VLOOKUP($B29,$R$3:$Z$9,9,FALSE) -> #N/A
I30: VITAMALT | K30: =COUNTA([22]Brewhouse!$A$107:$A$116) -> 10 | L30: =AVERAGE([22]Brewhouse!$AV$107:$AV$116) -> 97.093478 | M30: =AVERAGE([22]Brewhouse!$AV$5:$AV$14,[22]Brewhouse!$AV$16:$AV$19,[22]Brewhouse!$AV$21:$AV$24,[22]Brewhouse!$AV$26:$AV$33,[22]Brewhouse!$AV$35:$AV$46,[22]Brewhouse!$AV$48:$AV$53,[22]Brewhouse!$AV$55:$AV$62,[22]Brewhouse!$AV$64:$AV$77,[22]Brewhouse!$AV$79:$AV$86,[22]Brewhouse!$AV$88:$AV$95,[22]Brewhouse!$AV$97:$AV$104,[22]Brewhouse!$AV$107:$AV$116) -> 98.152691 | N30: 98 | R30: =B30 -> 0 | S30: =VLOOKUP($B30,$R$3:$X$9,2,FALSE) -> #N/A | T30: =VLOOKUP($B30,$R$3:$X$9,3,FALSE) -> #N/A | U30: =VLOOKUP($B30,$R$3:$X$9,4,FALSE) -> #N/A | V30: =VLOOKUP($B30,$R$3:$X$9,5,FALSE) -> #N/A | W30: =VLOOKUP($B30,$R$3:$X$9,6,FALSE) -> #N/A | X30: =VLOOKUP($B30,$R$3:$X$9,7,FALSE) -> #N/A | Y30: =VLOOKUP($B30,$R$3:$Z$9,8,FALSE) -> #N/A | Z30: =VLOOKUP($B30,$R$3:$Z$9,9,FALSE) -> #N/A
I31: MAXIMALT | N31: 98 | R31: =B31 -> 0 | S31: =VLOOKUP($B31,$R$3:$X$9,2,FALSE) -> #N/A | T31: =VLOOKUP($B31,$R$3:$X$9,3,FALSE) -> #N/A | U31: =VLOOKUP($B31,$R$3:$X$9,4,FALSE) -> #N/A | V31: =VLOOKUP($B31,$R$3:$X$9,5,FALSE) -> #N/A | W31: =VLOOKUP($B31,$R$3:$X$9,6,FALSE) -> #N/A | X31: =VLOOKUP($B31,$R$3:$X$9,7,FALSE) -> #N/A | Y31: =VLOOKUP($B31,$R$3:$Z$9,8,FALSE) -> #N/A | Z31: =VLOOKUP($B31,$R$3:$Z$9,9,FALSE) -> #N/A
I32: MACKESON | M32: =AVERAGE([26]Brewhouse!$AT$4:$AT$11,[26]Brewhouse!$AT$13:$AT$16,[26]Brewhouse!$AT$18:$AT$21,[26]Brewhouse!$AT$26,[26]Brewhouse!$AT$28:$AT$35) -> 94.794664 | N32: 98 | R32: =B32 -> 0 | S32: =VLOOKUP($B32,$R$3:$X$9,2,FALSE) -> #N/A | T32: =VLOOKUP($B32,$R$3:$X$9,3,FALSE) -> #N/A | U32: =VLOOKUP($B32,$R$3:$X$9,4,FALSE) -> #N/A | V32: =VLOOKUP($B32,$R$3:$X$9,5,FALSE) -> #N/A | W32: =VLOOKUP($B32,$R$3:$X$9,6,FALSE) -> #N/A | X32: =VLOOKUP($B32,$R$3:$X$9,7,FALSE) -> #N/A | Y32: =VLOOKUP($B32,$R$3:$Z$9,8,FALSE) -> #N/A | Z32: =VLOOKUP($B32,$R$3:$Z$9,9,FALSE) -> #N/A
I33: STARMALT | M33: =AVERAGE([27]Brewhouse!$AY$6:$AY$13,[27]Brewhouse!$AY$15:$AY$20,[27]Brewhouse!$AY$22:$AY$29,[27]Brewhouse!$AY$31:$AY$34,[27]Brewhouse!$AY$36:$AY$43,[27]Brewhouse!$AY$45:$AY$50, [27]Brewhouse!$AY$56:$AY$73,[27]Brewhouse!$AY$75:$AY$92,[27]Brewhouse!$AY$94:$AY$97) -> 97.370193 | N33: 98 | R33: =B33 -> 0 | S33: =VLOOKUP($B33,$R$3:$X$9,2,FALSE) -> #N/A | T33: =VLOOKUP($B33,$R$3:$X$9,3,FALSE) -> #N/A | U33: =VLOOKUP($B33,$R$3:$X$9,4,FALSE) -> #N/A | V33: =VLOOKUP($B33,$R$3:$X$9,5,FALSE) -> #N/A | W33: =VLOOKUP($B33,$R$3:$X$9,6,FALSE) -> #N/A | X33: =VLOOKUP($B33,$R$3:$X$9,7,FALSE) -> #N/A | Y33: =VLOOKUP($B33,$R$3:$Z$9,8,FALSE) -> #N/A | Z33: =VLOOKUP($B33,$R$3:$Z$9,9,FALSE) -> #N/A
I34: HR- Pils | M34: =AVERAGE([28]Brewhouse!$AU$5:$AU$8,[28]Brewhouse!$AU$10:$AU$13,[27]Brewhouse!$AY$75:$AY$77) -> 94.749192 | N34: 98 | R34: =B34 -> 0 | S34: =VLOOKUP($B34,$R$3:$X$9,2,FALSE) -> #N/A | T34: =VLOOKUP($B34,$R$3:$X$9,3,FALSE) -> #N/A | U34: =VLOOKUP($B34,$R$3:$X$9,4,FALSE) -> #N/A | V34: =VLOOKUP($B34,$R$3:$X$9,5,FALSE) -> #N/A | W34: =VLOOKUP($B34,$R$3:$X$9,6,FALSE) -> #N/A | X34: =VLOOKUP($B34,$R$3:$X$9,7,FALSE) -> #N/A | Y34: =VLOOKUP($B34,$R$3:$Z$9,8,FALSE) -> #N/A | Z34: =VLOOKUP($B34,$R$3:$Z$9,9,FALSE) -> #N/A
I35: HR- IPA | M35: =AVERAGE([29]Brewhouse!$AW$26:$AW$27) -> 95.310681 | N35: 98 | R35: =B35 -> 0 | S35: =VLOOKUP($B35,$R$3:$X$9,2,FALSE) -> #N/A | T35: =VLOOKUP($B35,$R$3:$X$9,3,FALSE) -> #N/A | U35: =VLOOKUP($B35,$R$3:$X$9,4,FALSE) -> #N/A | V35: =VLOOKUP($B35,$R$3:$X$9,5,FALSE) -> #N/A | W35: =VLOOKUP($B35,$R$3:$X$9,6,FALSE) -> #N/A | X35: =VLOOKUP($B35,$R$3:$X$9,7,FALSE) -> #N/A | Y35: =VLOOKUP($B35,$R$3:$Z$9,8,FALSE) -> #N/A | Z35: =VLOOKUP($B35,$R$3:$Z$9,9,FALSE) -> #N/A
I36: HR- APA | M36: =AVERAGE([30]Brewhouse!$AU$13:$AU$14) -> 97.110575 | N36: 98 | R36: =B36 -> 0 | S36: =VLOOKUP($B36,$R$3:$X$9,2,FALSE) -> #N/A | T36: =VLOOKUP($B36,$R$3:$X$9,3,FALSE) -> #N/A | U36: =VLOOKUP($B36,$R$3:$X$9,4,FALSE) -> #N/A | V36: =VLOOKUP($B36,$R$3:$X$9,5,FALSE) -> #N/A | W36: =VLOOKUP($B36,$R$3:$X$9,6,FALSE) -> #N/A | X36: =VLOOKUP($B36,$R$3:$X$9,7,FALSE) -> #N/A | Y36: =VLOOKUP($B36,$R$3:$Z$9,8,FALSE) -> #N/A | Z36: =VLOOKUP($B36,$R$3:$Z$9,9,FALSE) -> #N/A
K37: =SUM(K27:K36) -> 21 | L37: =((L27*K27)+(L28*K28)+(L29*K29)+(L30*K30)+(L31*K31)+(K34*L34)+(L32*K32)+(L33*K33)+(L36*K36))/(K37) -> 97.343179 | M37: =AVERAGE('[31]Jan 31st'!$L$65,'[32]Feb 28th'!$L$35,'[33]Mar. 31st'!$L$35,'[34]Apr. 30th'!$L$45,'[35]May 30th'!$L$37,'[36]June 30th'!$L$57,'[37]July 29th '!$L$44,'[38]Aug 29th'!$L$29,'[39]Sept 30th'!$L$35,L37) -> 97.552268 | N37: 98 | R37: =B37 -> 0 | S37: =VLOOKUP($B37,$R$3:$X$9,2,FALSE) -> #N/A | T37: =VLOOKUP($B37,$R$3:$X$9,3,FALSE) -> #N/A | U37: =VLOOKUP($B37,$R$3:$X$9,4,FALSE) -> #N/A | V37: =VLOOKUP($B37,$R$3:$X$9,5,FALSE) -> #N/A | W37: =VLOOKUP($B37,$R$3:$X$9,6,FALSE) -> #N/A | X37: =VLOOKUP($B37,$R$3:$X$9,7,FALSE) -> #N/A | Y37: =VLOOKUP($B37,$R$3:$Z$9,8,FALSE) -> #N/A | Z37: =VLOOKUP($B37,$R$3:$Z$9,9,FALSE) -> #N/A
R38: =B38 -> 0 | S38: =VLOOKUP($B38,$R$3:$X$9,2,FALSE) -> #N/A | T38: =VLOOKUP($B38,$R$3:$X$9,3,FALSE) -> #N/A | U38: =VLOOKUP($B38,$R$3:$X$9,4,FALSE) -> #N/A | V38: =VLOOKUP($B38,$R$3:$X$9,5,FALSE) -> #N/A | W38: =VLOOKUP($B38,$R$3:$X$9,6,FALSE) -> #N/A | X38: =VLOOKUP($B38,$R$3:$X$9,7,FALSE) -> #N/A | Y38: =VLOOKUP($B38,$R$3:$Z$9,8,FALSE) -> #N/A | Z38: =VLOOKUP($B38,$R$3:$Z$9,9,FALSE) -> #N/A
J39: Daily Brewing Plan
J40: Brand | K40: Brews Achieved | L40: Average Brews per day
J41: CARIB | K41: 1 | L41: MTD | M41: YTD | N41: TARGET
J42: STAG | K42: 4 | L42: =AVERAGE(K51,'Dec 1st'!K43,'Dec 2nd'!K49,'Dec 3rd '!K58) -> 5.25 | M42: =AVERAGE('[31]Jan 29th '!$M$70,'[32]Feb 28th'!$L$40,'[33]Mar. 31st'!$L$40,'[34]Apr. 30th'!$L$50,'[35]May 30th'!$L$42,'[36]June 30th'!$L$62,'[37]July 29th '!$L$49,'[38]Aug 29th'!$L$34,'[39]Sept 30th'!$L$40,[40]Oct.31st!$L$43,'[41]Nov 28th-30th'!$L$45,L42) -> 6.8270311 | N42: 9.2
J43: GUINN
J44: VITAMALT
J45: STARMALT
J46: MACKESON
J47: HURRICANE REEF- IPA
J48: HURRICANE REEF- APA
B49: AVERAGE | J49: HR- PILSNER
J50: CARIBE
J51: Total | K51: =SUM(K41:K50) -> 5
B52: Process: | C52: Fermentation/Filtration
B54: Brand | C54: Filt. Date | D54: FV Hls | E54: GFE/ Prim/ Vita Blend (Hls) | F54: SV Hls | G54: BBT Hls | H54: Loss (%) Ferm | I54: Loss (%) Filt | J54: Comments | K54: Throughput | L54: Process Loss (%) | M54: Filt. Operator
AB55: 43474 | AC55: 43475 | AD55: 43476 | AE55: 43477 | AF55: 43478 | AG55: 43479 | AH55: 43480 | AI55: 43481 | AJ55: 43482 | AK55: 43483 | AL55: 43484 | AM55: 43485 | AN55: 43486 | AO55: 43487 | AP55: 43488 | AQ55: 43489 | AR55: 43490 | AS55: 43491 | AT55: 43492 | AU55: 43493 | AV55: 43494 | AW55: 43495 | AX55: 43496
AB56: =[20]January_2019!L7 -> 285.8 | AC56: =[20]January_2019!M7 -> 508.1 | AD56: =[20]January_2019!N7 -> 0 | AE56: =[20]January_2019!O7 -> 0 | AF56: =[20]January_2019!P7 -> 109.56667 | AG56: =[20]January_2019!Q7 -> 297.65 | AH56: =[20]January_2019!R7 -> 122.3 | AI56: =[20]January_2019!S7 -> 0 | ... AX56: =[20]January_2019!AH7 -> 0
L58: =(((D58+E58)-G58)/(D58+E58))*100 -> #DIV/0!
L62: =(((D62+E62)-G62)/(D62+E62))*100 -> #DIV/0!
B65: Process Loss (Volume) | G65: Process Loss (Extract) | K65: Throughput
B66: Brand | C66: Actual | D66: MTD | E66: YTD | F66: Target | G66: Actual | H66: MTD | I66: YTD | J66: Target | K66: Actual | L66: MTD | M66: YTD | N66: Target
B67: CARIB | D67: 5.9758575 | E67: 6.0702956 | F67: 4.8 | G67: =[42]December_2025!$E$11 -> 2.8833364 | H67: 5.2 | I67: 5.9880236 | J67: 4.8 | L67: 0.44929825 | M67: 0.72631456 | N67: 1
B68: STAG | E68: 5.7025208 | F68: 4.8 | I68: 6.222828 | J68: 4.8 | M68: 0.68415239 | N68: 1
B69: GUINN | E69: 11.016453 | F69: 5.5 | I69: 12.536311 | J69: 5.5 | M69: 0.51633623 | N69: 1
B70: VITAMALT | E70: 4.6226457 | F70: 3.3 | I70: 4.4171318 | J70: 3.3 | M70: 0.83111216 | N70: 1
B71: APA | E71: 7.8373016 | F71: 3.3 | I71: 5.3377569 | J71: 3 | M71: 0.32596491 | N71: 1
B72: MACKESON | E72: 6.8851328 | F72: =[21]May_2022!$M$43 -> 3.4878407 | I72: 8.6614709 | J72: 5.5 | M72: 0.73160819 | N72: 1
B73: STARMALT | E73: 2.9297033 | F73: 3.3 | I73: 4.2684292 | J73: 3.3 | M73: 0.84660148 | N73: 1
B74: IPA | E74: 11.483254 | F74: 7.5 | I74: 9.7934336 | J74: 7.5 | M74: 0.3245614 | N74: 1
B75: HURRICANE REEF PILS | E75: 7.2653645 | F75: 4.8 | I75: 8.1715311 | J75: 4.8 | M75: 0.51368421 | N75: 1
D76: 5.9758575 | E76: 6.1053452 | F76: 5.5 | H76: 5.2012421 | I76: 6.5267568 | J76: 5.5 | L76: 0.44929825 | M76: 0.70331194 | N76: 1

Sheet Dec 5th-7th
S1: P.G. | U1: Hot Time | W1: Process Time | Y1: Cooling Time
B2: Brewing Department Daily Process Loss Report | S2: Lower | T2: Upper | U2: Lower | V2: Upper | W2: Lower | X2: Upper | Y2: Lower | Z2: Upper
R3: CARIB | S3: 11.6 | T3: 12 | U3: 0 | V3: 0.11805556 | W3: 0.22569444 | X3: 0.26388889 | Y3: 0 | Z3: 60 | AB3: HR- PISNER
B4: Date: | C4: 45999 | J4: LOT WORT COLOUR: | M4: Filter Sheets (Target 20 days) | R4: STAG | S4: 11.6 | T4: 12 | U4: 0 | V4: 0.11805556 | W4: 0.22569444 | X4: 0.26388889 | Y4: 0 | Z4: 60
M5: Double | N5: Single | R5: GUINNESS | S5: 17 | T5: 17.5 | U5: 0 | V5: 0.10763889 | W5: 0.24652778 | X5: 0.28472222 | Y5: 0 | Z5: 60
J6: MALT LOT: Lot #8 | L6: Sheet Day | R6: MACKESON | S6: 13.3 | T6: 13.5 | U6: 0 | V6: 0.12905093 | W6: 0.27430556 | X6: 0.30208333 | Y6: 0
R7: STARMALT | S7: 17 | T7: 17.4 | U7: 0 | V7: 0.13605324 | W7: 0.27430556 | X7: 0.30902778 | Y7: 0 | Z7: 85
B8: Brand | C8: Brew no. | D8: Kett. Hls | E8: Wort | F8: Cool Time(Mins) | G8: Cast. P.G. (Lab Result) | H8: Cast P.G. (Cellar Operator)-gravity | I8: Extr. Rec (77.9%) | J8: Theor. Extr. (77.5%) | K8: Boil Off /Vol. (4-6%) | L8: Boil Time | M8: Total Hot | N8: Brewing | O8: Operator | R8: Hurricane Reef | S8: 16.6 | T8: 17 | U8: 0 | V8: 0.12905093 | W8: 0.27430556 | X8: 0.30208333 | Y8: 0
E9: Meter (Hls) | F9: Target(< 60Mins) | M9: Time | R9: VITAMALT | S9: 14.2 | T9: 14.6 | U9: 0 | V9: 0.13905093 | W9: 0.26041667 | X9: 0.29513889 | Y9: 0 | Z9: 75
B10: STAG | C10: =[24]Brewhouse!$A496 -> ST471 | D10: =[24]Brewhouse!$AD496 -> 46.9 | E10: =[24]Brewhouse!$AG496 -> 47.1 | F10: =[24]Brewhouse!$V496 -> 55 | G10: =[24]Brewhouse!$AE496 -> 11.9 | H10: 11.9 | I10: =[24]Brewhouse!$AS496 -> 94.354739 | J10: =[24]Brewhouse!$AT496 -> 94.452791 | K10: =[24]Brewhouse!$Q496 -> 14.951923 | L10: =[24]Brewhouse!$P496 -> 60 | M10: =[24]Brewhouse!$U496-[24]Brewhouse!$T496 -> 0.13125 | N10: =[24]Brewhouse!$AW496 -> 0.25972222 | O10: =[24]Brewhouse!$AV496 -> K. Benjamin | R10: =B10 -> STAG | S10: =VLOOKUP($B10,$R$3:$X$9,2,FALSE) -> 11.6 | T10: =VLOOKUP($B10,$R$3:$X$9,3,FALSE) -> 12 | U10: =VLOOKUP($B10,$R$3:$X$9,4,FALSE) -> 0 | V10: =VLOOKUP($B10,$R$3:$X$9,5,FALSE) -> 0.11805556 | W10: =VLOOKUP($B10,$R$3:$X$9,6,FALSE) -> 0.22569444 | X10: =VLOOKUP($B10,$R$3:$X$9,7,FALSE) -> 0.26388889 | Y10: =VLOOKUP($B10,$R$3:$Z$9,8,FALSE) -> 0 | Z10: =VLOOKUP($B10,$R$3:$Z$9,9,FALSE) -> 60
B11: STAG | C11: =[24]Brewhouse!$A497 -> ST472 | D11: =[24]Brewhouse!$AD497 -> 47.9 | E11: =[24]Brewhouse!$AG497 -> 45.4 | F11: =[24]Brewhouse!$V497 -> 56 | G11: =[24]Brewhouse!$AE497 -> 12 | H11: 12 | I11: =[24]Brewhouse!$AS497 -> 91.98243 | J11: =[24]Brewhouse!$AT497 -> 92.077954 | K11: =[24]Brewhouse!$Q497 -> 11.852207 | L11: =[24]Brewhouse!$P497 -> 61 | M11: =[24]Brewhouse!$U497-[24]Brewhouse!$T497 -> 0.1125 | N11: =[24]Brewhouse!$AW497 -> 0.24166667 | O11: =[24]Brewhouse!$AV497 -> R. Regis | R11: =B11 -> STAG | S11: =VLOOKUP($B11,$R$3:$X$9,2,FALSE) -> 11.6 | T11: =VLOOKUP($B11,$R$3:$X$9,3,FALSE) -> 12 | U11: =VLOOKUP($B11,$R$3:$X$9,4,FALSE) -> 0 | V11: =VLOOKUP($B11,$R$3:$X$9,5,FALSE) -> 0.11805556 | W11: =VLOOKUP($B11,$R$3:$X$9,6,FALSE) -> 0.22569444 | X11: =VLOOKUP($B11,$R$3:$X$9,7,FALSE) -> 0.26388889 | Y11: =VLOOKUP($B11,$R$3:$Z$9,8,FALSE) -> 0 | Z11: =VLOOKUP($B11,$R$3:$Z$9,9,FALSE) -> 60
B12: STAG | C12: =[24]Brewhouse!$A498 -> ST473 | D12: =[24]Brewhouse!$AD498 -> 47.8 | E12: =[24]Brewhouse!$AG498 -> 48.2 | F12: =[24]Brewhouse!$V498 -> 59 | G12: =[24]Brewhouse!$AE498 -> 11.8 | H12: 11.9 | I12: =[24]Brewhouse!$AS498 -> 96.306497 | J12: =[24]Brewhouse!$AT498 -> 96.406413 | K12: =[24]Brewhouse!$Q498 -> 12.8119 | L12: =[24]Brewhouse!$P498 -> 61 | M12: =[24]Brewhouse!$U498-[24]Brewhouse!$T498 -> 0.1125 | N12: =[24]Brewhouse!$AW498 -> 0.24722222 | O12: =[24]Brewhouse!$AV498 -> R. Regis | R12: =B12 -> STAG | S12: =VLOOKUP($B12,$R$3:$X$9,2,FALSE) -> 11.6 | T12: =VLOOKUP($B12,$R$3:$X$9,3,FALSE) -> 12 | U12: =VLOOKUP($B12,$R$3:$X$9,4,FALSE) -> 0 | V12: =VLOOKUP($B12,$R$3:$X$9,5,FALSE) -> 0.11805556 | W12: =VLOOKUP($B12,$R$3:$X$9,6,FALSE) -> 0.22569444 | X12: =VLOOKUP($B12,$R$3:$X$9,7,FALSE) -> 0.26388889 | Y12: =VLOOKUP($B12,$R$3:$Z$9,8,FALSE) -> 0 | Z12: =VLOOKUP($B12,$R$3:$Z$9,9,FALSE) -> 60
B13: STAG | C13: =[24]Brewhouse!$A499 -> ST474 | D13: =[24]Brewhouse!$AD499 -> 47.9 | E13: =[24]Brewhouse!$AG499 -> 47.9 | F13: =[24]Brewhouse!$V499 -> 58 | G13: =[24]Brewhouse!$AE499 -> 12 | H13: 11.9 | I13: =[24]Brewhouse!$AS499 -> 96.324079 | J13: =[24]Brewhouse!$AT499 -> 96.424307 | K13: =[24]Brewhouse!$Q499 -> 10.892514 | L13: =[24]Brewhouse!$P499 -> 58 | M13: =[24]Brewhouse!$U499-[24]Brewhouse!$T499 -> 0.10625 | N13: =[24]Brewhouse!$AW499 -> 0.24375 | O13: =[24]Brewhouse!$AV499 -> R.Sookram | R13: =B13 -> STAG | S13: =VLOOKUP($B13,$R$3:$X$9,2,FALSE) -> 11.6 | T13: =VLOOKUP($B13,$R$3:$X$9,3,FALSE) -> 12 | U13: =VLOOKUP($B13,$R$3:$X$9,4,FALSE) -> 0 | V13: =VLOOKUP($B13,$R$3:$X$9,5,FALSE) -> 0.11805556 | W13: =VLOOKUP($B13,$R$3:$X$9,6,FALSE) -> 0.22569444 | X13: =VLOOKUP($B13,$R$3:$X$9,7,FALSE) -> 0.26388889 | Y13: =VLOOKUP($B13,$R$3:$Z$9,8,FALSE) -> 0 | Z13: =VLOOKUP($B13,$R$3:$Z$9,9,FALSE) -> 60
B14: STAG | C14: =[24]Brewhouse!$A500 -> ST475 | D14: =[24]Brewhouse!$AD500 -> 48.7 | E14: =[24]Brewhouse!$AG500 -> 48.41 | F14: =[24]Brewhouse!$V500 -> 71 | G14: =[24]Brewhouse!$AE500 -> 12 | H14: 12 | I14: =[24]Brewhouse!$AS500 -> 97.108354 | J14: =[24]Brewhouse!$AT500 -> 97.209463 | K14: =[24]Brewhouse!$Q500 -> 12.428023 | L14: =[24]Brewhouse!$P500 -> 58 | M14: =[24]Brewhouse!$U500-[24]Brewhouse!$T500 -> 0.125 | N14: =[24]Brewhouse!$AW500 -> 0.26527778 | O14: =[24]Brewhouse!$AV500 -> R.Sookram | R14: =B14 -> STAG | S14: =VLOOKUP($B14,$R$3:$X$9,2,FALSE) -> 11.6 | T14: =VLOOKUP($B14,$R$3:$X$9,3,FALSE) -> 12 | U14: =VLOOKUP($B14,$R$3:$X$9,4,FALSE) -> 0 | V14: =VLOOKUP($B14,$R$3:$X$9,5,FALSE) -> 0.11805556 | W14: =VLOOKUP($B14,$R$3:$X$9,6,FALSE) -> 0.22569444 | X14: =VLOOKUP($B14,$R$3:$X$9,7,FALSE) -> 0.26388889 | Y14: =VLOOKUP($B14,$R$3:$Z$9,8,FALSE) -> 0 | Z14: =VLOOKUP($B14,$R$3:$Z$9,9,FALSE) -> 60
B15: STAG | C15: =[24]Brewhouse!$A501 -> ST476 | D15: =[24]Brewhouse!$AD501 -> 48.2 | E15: =[24]Brewhouse!$AG501 -> 47.9 | F15: =[24]Brewhouse!$V501 -> 72 | G15: =[24]Brewhouse!$AE501 -> 11.9 | H15: 11.9 | I15: =[24]Brewhouse!$AS501 -> 96.318173 | J15: =[24]Brewhouse!$AT501 -> 96.418167 | K15: =[24]Brewhouse!$Q501 -> 11.852207 | L15: =[24]Brewhouse!$P501 -> 60 | M15: =[24]Brewhouse!$U501-[24]Brewhouse!$T501 -> 0.11597222 | N15: =[24]Brewhouse!$AW501 -> 0.26180556 | O15: =[24]Brewhouse!$AV501 -> R.Sookram | R15: =B15 -> STAG | S15: =VLOOKUP($B15,$R$3:$X$9,2,FALSE) -> 11.6 | T15: =VLOOKUP($B15,$R$3:$X$9,3,FALSE) -> 12 | U15: =VLOOKUP($B15,$R$3:$X$9,4,FALSE) -> 0 | V15: =VLOOKUP($B15,$R$3:$X$9,5,FALSE) -> 0.11805556 | W15: =VLOOKUP($B15,$R$3:$X$9,6,FALSE) -> 0.22569444 | X15: =VLOOKUP($B15,$R$3:$X$9,7,FALSE) -> 0.26388889 | Y15: =VLOOKUP($B15,$R$3:$Z$9,8,FALSE) -> 0 | Z15: =VLOOKUP($B15,$R$3:$Z$9,9,FALSE) -> 60
R16: =B16 -> 0 | S16: =VLOOKUP($B16,$R$3:$X$9,2,FALSE) -> #N/A | T16: =VLOOKUP($B16,$R$3:$X$9,3,FALSE) -> #N/A | U16: =VLOOKUP($B16,$R$3:$X$9,4,FALSE) -> #N/A | V16: =VLOOKUP($B16,$R$3:$X$9,5,FALSE) -> #N/A | W16: =VLOOKUP($B16,$R$3:$X$9,6,FALSE) -> #N/A | X16: =VLOOKUP($B16,$R$3:$X$9,7,FALSE) -> #N/A | Y16: =VLOOKUP($B16,$R$3:$Z$9,8,FALSE) -> #N/A | Z16: =VLOOKUP($B16,$R$3:$Z$9,9,FALSE) -> #N/A
B17: 45997 | R17: =B17 -> 45997 | S17: =VLOOKUP($B17,$R$3:$X$9,2,FALSE) -> #N/A | T17: =VLOOKUP($B17,$R$3:$X$9,3,FALSE) -> #N/A | U17: =VLOOKUP($B17,$R$3:$X$9,4,FALSE) -> #N/A | V17: =VLOOKUP($B17,$R$3:$X$9,5,FALSE) -> #N/A | W17: =VLOOKUP($B17,$R$3:$X$9,6,FALSE) -> #N/A | X17: =VLOOKUP($B17,$R$3:$X$9,7,FALSE) -> #N/A | Y17: =VLOOKUP($B17,$R$3:$Z$9,8,FALSE) -> #N/A | Z17: =VLOOKUP($B17,$R$3:$Z$9,9,FALSE) -> #N/A
B18: STAG | C18: =[24]Brewhouse!$A502 -> ST477 | D18: =[24]Brewhouse!$AD502 -> 49.3 | E18: =[24]Brewhouse!$AG502 -> 48.68 | F18: =[24]Brewhouse!$V502 -> 63 | G18: =[24]Brewhouse!$AE502 -> 12 | H18: 11.8 | I18: =[24]Brewhouse!$AS502 -> 97.288232 | J18: =[24]Brewhouse!$AT502 -> 97.389626 | K18: =[24]Brewhouse!$Q502 -> 12.8119 | L18: =[24]Brewhouse!$P502 -> 59 | M18: =[24]Brewhouse!$U502-[24]Brewhouse!$T502 -> 0.12777778 | N18: =[24]Brewhouse!$AW502 -> 0.26458333 | O18: =[24]Brewhouse!$AV502 -> R.Sookram | R18: =B18 -> STAG | S18: =VLOOKUP($B18,$R$3:$X$9,2,FALSE) -> 11.6 | T18: =VLOOKUP($B18,$R$3:$X$9,3,FALSE) -> 12 | U18: =VLOOKUP($B18,$R$3:$X$9,4,FALSE) -> 0 | V18: =VLOOKUP($B18,$R$3:$X$9,5,FALSE) -> 0.11805556 | W18: =VLOOKUP($B18,$R$3:$X$9,6,FALSE) -> 0.22569444 | X18: =VLOOKUP($B18,$R$3:$X$9,7,FALSE) -> 0.26388889 | Y18: =VLOOKUP($B18,$R$3:$Z$9,8,FALSE) -> 0 | Z18: =VLOOKUP($B18,$R$3:$Z$9,9,FALSE) -> 60
B19: STAG | C19: =[24]Brewhouse!$A503 -> ST478 | D19: =[24]Brewhouse!$AD503 -> 50 | E19: =[24]Brewhouse!$AG503 -> 49.61 | F19: =[24]Brewhouse!$V503 -> 62 | G19: =[24]Brewhouse!$AE503 -> 11.8 | H19: 11.8 | I19: =[24]Brewhouse!$AS503 -> 98.751516 | J19: =[24]Brewhouse!$AT503 -> 98.85407 | K19: =[24]Brewhouse!$Q503 -> 12.236084 | L19: =[24]Brewhouse!$P503 -> 57 | M19: =[24]Brewhouse!$U503-[24]Brewhouse!$T503 -> 0.11666667 | N19: =[24]Brewhouse!$AW503 -> 0.26597222 | O19: =[24]Brewhouse!$AV503 -> R.Sookram | R19: =B19 -> STAG | S19: =VLOOKUP($B19,$R$3:$X$9,2,FALSE) -> 11.6 | T19: =VLOOKUP($B19,$R$3:$X$9,3,FALSE) -> 12 | U19: =VLOOKUP($B19,$R$3:$X$9,4,FALSE) -> 0 | V19: =VLOOKUP($B19,$R$3:$X$9,5,FALSE) -> 0.11805556 | W19: =VLOOKUP($B19,$R$3:$X$9,6,FALSE) -> 0.22569444 | X19: =VLOOKUP($B19,$R$3:$X$9,7,FALSE) -> 0.26388889 | Y19: =VLOOKUP($B19,$R$3:$Z$9,8,FALSE) -> 0 | Z19: =VLOOKUP($B19,$R$3:$Z$9,9,FALSE) -> 60
R20: =B20 -> 0 | S20: =VLOOKUP($B20,$R$3:$X$9,2,FALSE) -> #N/A | T20: =VLOOKUP($B20,$R$3:$X$9,3,FALSE) -> #N/A | U20: =VLOOKUP($B20,$R$3:$X$9,4,FALSE) -> #N/A | V20: =VLOOKUP($B20,$R$3:$X$9,5,FALSE) -> #N/A | W20: =VLOOKUP($B20,$R$3:$X$9,6,FALSE) -> #N/A | X20: =VLOOKUP($B20,$R$3:$X$9,7,FALSE) -> #N/A | Y20: =VLOOKUP($B20,$R$3:$Z$9,8,FALSE) -> #N/A | Z20: =VLOOKUP($B20,$R$3:$Z$9,9,FALSE) -> #N/A
B21: CARIB | C21: =[23]Brewhouse!$A1006 -> CA890 | D21: =[23]Brewhouse!$AF1006 -> 47.7 | E21: =[23]Brewhouse!$AI1006 -> 47.5 | F21: =[23]Brewhouse!$V1006 -> 62 | G21: =[23]Brewhouse!AG1006 -> 11.7 | H21: 11.8 | I21: =[23]Brewhouse!$AU1006 -> 92.236557 | J21: =[23]Brewhouse!$AV1006 -> 92.350076 | K21: =[23]Brewhouse!$Q1006 -> 11.525424 | L21: =[23]Brewhouse!$P1006 -> 57 | M21: =[23]Brewhouse!$U1006-[23]Brewhouse!$T1006 -> 0.11319444 | N21: =[23]Brewhouse!$Z1006 -> 0.24583333 | O21: =[23]Brewhouse!$AX1006 -> G.Mason | R21: =B21 -> CARIB | S21: =VLOOKUP($B21,$R$3:$X$9,2,FALSE) -> 11.6 | T21: =VLOOKUP($B21,$R$3:$X$9,3,FALSE) -> 12 | U21: =VLOOKUP($B21,$R$3:$X$9,4,FALSE) -> 0 | V21: =VLOOKUP($B21,$R$3:$X$9,5,FALSE) -> 0.11805556 | W21: =VLOOKUP($B21,$R$3:$X$9,6,FALSE) -> 0.22569444 | X21: =VLOOKUP($B21,$R$3:$X$9,7,FALSE) -> 0.26388889 | Y21: =VLOOKUP($B21,$R$3:$Z$9,8,FALSE) -> 0 | Z21: =VLOOKUP($B21,$R$3:$Z$9,9,FALSE) -> 60
R22: =B22 -> 0 | S22: =VLOOKUP($B22,$R$3:$X$9,2,FALSE) -> #N/A | T22: =VLOOKUP($B22,$R$3:$X$9,3,FALSE) -> #N/A | U22: =VLOOKUP($B22,$R$3:$X$9,4,FALSE) -> #N/A | V22: =VLOOKUP($B22,$R$3:$X$9,5,FALSE) -> #N/A | W22: =VLOOKUP($B22,$R$3:$X$9,6,FALSE) -> #N/A | X22: =VLOOKUP($B22,$R$3:$X$9,7,FALSE) -> #N/A | Y22: =VLOOKUP($B22,$R$3:$Z$9,8,FALSE) -> #N/A | Z22: =VLOOKUP($B22,$R$3:$Z$9,9,FALSE) -> #N/A
B23: STARMALT | C23: =[27]Brewhouse!$A99 -> SM085 | D23: =[27]Brewhouse!$AH99 -> 53 | E23: =[27]Brewhouse!$AM99 -> 50.2 | F23: =[27]Brewhouse!$Z99 -> 64 | G23: =[27]Brewhouse!$AK99 -> 17.4 | H23: 17.3 | I23: =[27]Brewhouse!$AY99 -> 96.558714 | J23: =[27]Brewhouse!$AZ99 -> 96.617255 | K23: =[27]Brewhouse!$U99 -> 10.90566 | L23: =[27]Brewhouse!$T99 -> 60 | M23: =[27]Brewhouse!$Y99-[27]Brewhouse!$X99 -> 0.12638889 | N23: =[27]Brewhouse!$AD99 -> 0.28055556 | O23: =[27]Brewhouse!$BC99 -> R. Regis | R23: =B23 -> STARMALT | S23: =VLOOKUP($B23,$R$3:$X$9,2,FALSE) -> 17 | T23: =VLOOKUP($B23,$R$3:$X$9,3,FALSE) -> 17.4 | U23: =VLOOKUP($B23,$R$3:$X$9,4,FALSE) -> 0 | V23: =VLOOKUP($B23,$R$3:$X$9,5,FALSE) -> 0.13605324 | W23: =VLOOKUP($B23,$R$3:$X$9,6,FALSE) -> 0.27430556 | X23: =VLOOKUP($B23,$R$3:$X$9,7,FALSE) -> 0.30902778 | Y23: =VLOOKUP($B23,$R$3:$Z$9,8,FALSE) -> 0 | Z23: =VLOOKUP($B23,$R$3:$Z$9,9,FALSE) -> 85
B24: STARMALT | C24: =[27]Brewhouse!$A100 -> SM086 | D24: =[27]Brewhouse!$AH100 -> 53.1 | E24: =[27]Brewhouse!$AM100 -> 54.5 | F24: =[27]Brewhouse!$Z100 -> 67 | G24: =[27]Brewhouse!$AK100 -> 17.5 | H24: 17.5 | I24: =[27]Brewhouse!$AY100 -> 105.44931 | J24: =[27]Brewhouse!$AZ100 -> 105.51324 | K24: =[27]Brewhouse!$U100 -> 5.047081 | L24: =[27]Brewhouse!$T100 -> 60 | M24: =[27]Brewhouse!$Y100-[27]Brewhouse!$X100 -> 0.12638889 | N24: =[27]Brewhouse!$AD100 -> 0.28611111 | O24: =[27]Brewhouse!$BC100 -> R. Regis | R24: =B24 -> STARMALT | S24: =VLOOKUP($B24,$R$3:$X$9,2,FALSE) -> 17 | T24: =VLOOKUP($B24,$R$3:$X$9,3,FALSE) -> 17.4 | U24: =VLOOKUP($B24,$R$3:$X$9,4,FALSE) -> 0 | V24: =VLOOKUP($B24,$R$3:$X$9,5,FALSE) -> 0.13605324 | W24: =VLOOKUP($B24,$R$3:$X$9,6,FALSE) -> 0.27430556 | X24: =VLOOKUP($B24,$R$3:$X$9,7,FALSE) -> 0.30902778 | Y24: =VLOOKUP($B24,$R$3:$Z$9,8,FALSE) -> 0 | Z24: =VLOOKUP($B24,$R$3:$Z$9,9,FALSE) -> 85
B25: STARMALT | C25: =[27]Brewhouse!$A101 -> SM087 | D25: =[27]Brewhouse!$AH101 -> 53.1 | E25: =[27]Brewhouse!$AM101 -> 51 | F25: =[27]Brewhouse!$Z101 -> 63 | G25: =[27]Brewhouse!$AK101 -> 17.1 | H25: 17 | I25: =[27]Brewhouse!$AY101 -> 96.382587 | J25: =[27]Brewhouse!$AZ101 -> 96.440967 | K25: =[27]Brewhouse!$U101 -> 6.5536723 | L25: =[27]Brewhouse!$T101 -> 60 | M25: =[27]Brewhouse!$Y101-[27]Brewhouse!$X101 -> 0.12777778 | N25: =[27]Brewhouse!$AD101 -> 0.28263889 | O25: =[27]Brewhouse!$BC101 -> R. Regis | R25: =B25 -> STARMALT | S25: =VLOOKUP($B25,$R$3:$X$9,2,FALSE) -> 17 | T25: =VLOOKUP($B25,$R$3:$X$9,3,FALSE) -> 17.4 | U25: =VLOOKUP($B25,$R$3:$X$9,4,FALSE) -> 0 | V25: =VLOOKUP($B25,$R$3:$X$9,5,FALSE) -> 0.13605324 | W25: =VLOOKUP($B25,$R$3:$X$9,6,FALSE) -> 0.27430556 | X25: =VLOOKUP($B25,$R$3:$X$9,7,FALSE) -> 0.30902778 | Y25: =VLOOKUP($B25,$R$3:$Z$9,8,FALSE) -> 0 | Z25: =VLOOKUP($B25,$R$3:$Z$9,9,FALSE) -> 85
B26: STARMALT | C26: =[27]Brewhouse!$A102 -> SM088 | D26: =[27]Brewhouse!$AH102 -> 53.1 | E26: =[27]Brewhouse!$AM102 -> 50.5 | F26: =[27]Brewhouse!$Z102 -> 64 | G26: =[27]Brewhouse!$AK102 -> 17.1 | H26: 17.1 | I26: =[27]Brewhouse!$AY102 -> 95.591124 | J26: =[27]Brewhouse!$AZ102 -> 95.648917 | K26: =[27]Brewhouse!$U102 -> 7.8719397 | L26: =[27]Brewhouse!$T102 -> 60 | M26: =[27]Brewhouse!$Y102-[27]Brewhouse!$X102 -> 0.125 | N26: =[27]Brewhouse!$AD102 -> 0.28819444 | O26: =[27]Brewhouse!$BC102 -> R. Regis | R26: =B26 -> STARMALT | S26: =VLOOKUP($B26,$R$3:$X$9,2,FALSE) -> 17 | T26: =VLOOKUP($B26,$R$3:$X$9,3,FALSE) -> 17.4 | U26: =VLOOKUP($B26,$R$3:$X$9,4,FALSE) -> 0 | V26: =VLOOKUP($B26,$R$3:$X$9,5,FALSE) -> 0.13605324 | W26: =VLOOKUP($B26,$R$3:$X$9,6,FALSE) -> 0.27430556 | X26: =VLOOKUP($B26,$R$3:$X$9,7,FALSE) -> 0.30902778 | Y26: =VLOOKUP($B26,$R$3:$Z$9,8,FALSE) -> 0 | Z26: =VLOOKUP($B26,$R$3:$Z$9,9,FALSE) -> 85
R27: =B27 -> 0 | S27: =VLOOKUP($B27,$R$3:$X$9,2,FALSE) -> #N/A | T27: =VLOOKUP($B27,$R$3:$X$9,3,FALSE) -> #N/A | U27: =VLOOKUP($B27,$R$3:$X$9,4,FALSE) -> #N/A | V27: =VLOOKUP($B27,$R$3:$X$9,5,FALSE) -> #N/A | W27: =VLOOKUP($B27,$R$3:$X$9,6,FALSE) -> #N/A | X27: =VLOOKUP($B27,$R$3:$X$9,7,FALSE) -> #N/A | Y27: =VLOOKUP($B27,$R$3:$Z$9,8,FALSE) -> #N/A | Z27: =VLOOKUP($B27,$R$3:$Z$9,9,FALSE) -> #N/A
B28: 45998 | R28: =B28 -> 45998 | S28: =VLOOKUP($B28,$R$3:$X$9,2,FALSE) -> #N/A | T28: =VLOOKUP($B28,$R$3:$X$9,3,FALSE) -> #N/A | U28: =VLOOKUP($B28,$R$3:$X$9,4,FALSE) -> #N/A | V28: =VLOOKUP($B28,$R$3:$X$9,5,FALSE) -> #N/A | W28: =VLOOKUP($B28,$R$3:$X$9,6,FALSE) -> #N/A | X28: =VLOOKUP($B28,$R$3:$X$9,7,FALSE) -> #N/A | Y28: =VLOOKUP($B28,$R$3:$Z$9,8,FALSE) -> #N/A | Z28: =VLOOKUP($B28,$R$3:$Z$9,9,FALSE) -> #N/A
B29: STARMALT | C29: =[27]Brewhouse!$A103 -> SM089 | D29: =[27]Brewhouse!$AH103 -> 53.1 | E29: =[27]Brewhouse!$AM103 -> 49.8 | F29: =[27]Brewhouse!$Z103 -> 70 | G29: =[27]Brewhouse!$AK103 -> 17.5 | H29: 17.5 | I29: =[27]Brewhouse!$AY103 -> 96.201193 | J29: =[27]Brewhouse!$AZ103 -> 96.259626 | K29: =[27]Brewhouse!$U103 -> 8.6252354 | L29: =[27]Brewhouse!$T103 -> 62 | M29: =[27]Brewhouse!$Y103-[27]Brewhouse!$X103 -> 0.13680556 | N29: =[27]Brewhouse!$AD103 -> 0.3125 | O29: =[27]Brewhouse!$BC103 -> R. Regis | R29: =B29 -> STARMALT | S29: =VLOOKUP($B29,$R$3:$X$9,2,FALSE) -> 17 | T29: =VLOOKUP($B29,$R$3:$X$9,3,FALSE) -> 17.4 | U29: =VLOOKUP($B29,$R$3:$X$9,4,FALSE) -> 0 | V29: =VLOOKUP($B29,$R$3:$X$9,5,FALSE) -> 0.13605324 | W29: =VLOOKUP($B29,$R$3:$X$9,6,FALSE) -> 0.27430556 | X29: =VLOOKUP($B29,$R$3:$X$9,7,FALSE) -> 0.30902778 | Y29: =VLOOKUP($B29,$R$3:$Z$9,8,FALSE) -> 0 | Z29: =VLOOKUP($B29,$R$3:$Z$9,9,FALSE) -> 85
B30: STARMALT | C30: =[27]Brewhouse!$A104 -> SM090 | D30: =[27]Brewhouse!$AH104 -> 53 | E30: =[27]Brewhouse!$AM104 -> 50 | F30: =[27]Brewhouse!$Z104 -> 83 | G30: =[27]Brewhouse!$AK104 -> 17.4 | H30: 17.4 | I30: =[27]Brewhouse!$AY104 -> 95.943158 | J30: =[27]Brewhouse!$AZ104 -> 96.001489 | K30: =[27]Brewhouse!$U104 -> 6.9433962 | L30: =[27]Brewhouse!$T104 -> 63 | M30: =[27]Brewhouse!$Y104-[27]Brewhouse!$X104 -> 0.14513889 | N30: =[27]Brewhouse!$AD104 -> 0.31527778 | O30: =[27]Brewhouse!$BC104 -> K. Benjamin | R30: =B30 -> STARMALT | S30: =VLOOKUP($B30,$R$3:$X$9,2,FALSE) -> 17 | T30: =VLOOKUP($B30,$R$3:$X$9,3,FALSE) -> 17.4 | U30: =VLOOKUP($B30,$R$3:$X$9,4,FALSE) -> 0 | V30: =VLOOKUP($B30,$R$3:$X$9,5,FALSE) -> 0.13605324 | W30: =VLOOKUP($B30,$R$3:$X$9,6,FALSE) -> 0.27430556 | X30: =VLOOKUP($B30,$R$3:$X$9,7,FALSE) -> 0.30902778 | Y30: =VLOOKUP($B30,$R$3:$Z$9,8,FALSE) -> 0 | Z30: =VLOOKUP($B30,$R$3:$Z$9,9,FALSE) -> 85
B31: STARMALT | C31: =[27]Brewhouse!$A105 -> SM091 | D31: =[27]Brewhouse!$AH105 -> 53 | E31: =[27]Brewhouse!$AM105 -> 53 | F31: =[27]Brewhouse!$Z105 -> 66 | G31: =[27]Brewhouse!$AK105 -> 17 | H31: 17 | I31: =[27]Brewhouse!$AY105 -> 99.265371 | J31: =[27]Brewhouse!$AZ105 -> 99.325666 | K31: =[27]Brewhouse!$U105 -> 4.490566 | L31: =[27]Brewhouse!$T105 -> 60 | M31: =[27]Brewhouse!$Y105-[27]Brewhouse!$X105 -> 0.14791667 | N31: =[27]Brewhouse!$AD105 -> 0.31458333 | O31: =[27]Brewhouse!$BC105 -> K. Benjamin | R31: =B31 -> STARMALT | S31: =VLOOKUP($B31,$R$3:$X$9,2,FALSE) -> 17 | T31: =VLOOKUP($B31,$R$3:$X$9,3,FALSE) -> 17.4 | U31: =VLOOKUP($B31,$R$3:$X$9,4,FALSE) -> 0 | V31: =VLOOKUP($B31,$R$3:$X$9,5,FALSE) -> 0.13605324 | W31: =VLOOKUP($B31,$R$3:$X$9,6,FALSE) -> 0.27430556 | X31: =VLOOKUP($B31,$R$3:$X$9,7,FALSE) -> 0.30902778 | Y31: =VLOOKUP($B31,$R$3:$Z$9,8,FALSE) -> 0 | Z31: =VLOOKUP($B31,$R$3:$Z$9,9,FALSE) -> 85
B32: STARMALT | C32: =[27]Brewhouse!$A106 -> SM092 | D32: =[27]Brewhouse!$AH106 -> 53 | E32: =[27]Brewhouse!$AM106 -> 55.3 | F32: =[27]Brewhouse!$Z106 -> 74 | G32: =[27]Brewhouse!$AK106 -> 17.4 | H32: 17.4 | I32: =[27]Brewhouse!$AY106 -> 106.36846 | J32: =[27]Brewhouse!$AZ106 -> 106.43295 | K32: =[27]Brewhouse!$U106 -> 10.716981 | L32: =[27]Brewhouse!$T106 -> 60 | M32: =[27]Brewhouse!$Y106-[27]Brewhouse!$X106 -> 0.15416667 | N32: =[27]Brewhouse!$AD106 -> 0.38333333 | O32: =[27]Brewhouse!$BC106 -> K. Benjamin | P32: lautering issues | R32: =B32 -> STARMALT | S32: =VLOOKUP($B32,$R$3:$X$9,2,FALSE) -> 17 | T32: =VLOOKUP($B32,$R$3:$X$9,3,FALSE) -> 17.4 | U32: =VLOOKUP($B32,$R$3:$X$9,4,FALSE) -> 0 | V32: =VLOOKUP($B32,$R$3:$X$9,5,FALSE) -> 0.13605324 | W32: =VLOOKUP($B32,$R$3:$X$9,6,FALSE) -> 0.27430556 | X32: =VLOOKUP($B32,$R$3:$X$9,7,FALSE) -> 0.30902778 | Y32: =VLOOKUP($B32,$R$3:$Z$9,8,FALSE) -> 0 | Z32: =VLOOKUP($B32,$R$3:$Z$9,9,FALSE) -> 85
B33: STARMALT | C33: =[27]Brewhouse!$A107 -> SM093 | D33: =[27]Brewhouse!$AH107 -> 53.1 | E33: =[27]Brewhouse!$AM107 -> 51.2 | F33: =[27]Brewhouse!$Z107 -> 65 | G33: =[27]Brewhouse!$AK107 -> 17.1 | H33: 17.1 | I33: =[27]Brewhouse!$AY107 -> 96.528105 | J33: =[27]Brewhouse!$AZ107 -> 96.586737 | K33: =[27]Brewhouse!$U107 -> 5.4237288 | L33: =[27]Brewhouse!$T107 -> 60 | M33: =[27]Brewhouse!$Y107-[27]Brewhouse!$X107 -> 0.12361111 | N33: =[27]Brewhouse!$AD107 -> 0.3875 | O33: =[27]Brewhouse!$BC107 -> R. Regis | P33: slow lautering | R33: =B33 -> STARMALT | S33: =VLOOKUP($B33,$R$3:$X$9,2,FALSE) -> 17 | T33: =VLOOKUP($B33,$R$3:$X$9,3,FALSE) -> 17.4 | U33: =VLOOKUP($B33,$R$3:$X$9,4,FALSE) -> 0 | V33: =VLOOKUP($B33,$R$3:$X$9,5,FALSE) -> 0.13605324 | W33: =VLOOKUP($B33,$R$3:$X$9,6,FALSE) -> 0.27430556 | X33: =VLOOKUP($B33,$R$3:$X$9,7,FALSE) -> 0.30902778 | Y33: =VLOOKUP($B33,$R$3:$Z$9,8,FALSE) -> 0 | Z33: =VLOOKUP($B33,$R$3:$Z$9,9,FALSE) -> 85
B34: STARMALT | C34: =[27]Brewhouse!$A108 -> SM094 | D34: =[27]Brewhouse!$AH108 -> 53.1 | E34: =[27]Brewhouse!$AM108 -> 45.8 | F34: =[27]Brewhouse!$Z108 -> 94 | G34: =[27]Brewhouse!$AK108 -> 17 | H34: 17 | I34: =[27]Brewhouse!$AY108 -> 85.84901 | J34: =[27]Brewhouse!$AZ108 -> 85.901108 | K34: =[27]Brewhouse!$U108 -> 5.2354049 | L34: =[27]Brewhouse!$T108 -> 60 | M34: =[27]Brewhouse!$Y108-[27]Brewhouse!$X108 -> 0.16736111 | N34: =[27]Brewhouse!$AD108 -> 0.31944444 | O34: =[27]Brewhouse!$BC108 -> R. Regis | R34: =B34 -> STARMALT | S34: =VLOOKUP($B34,$R$3:$X$9,2,FALSE) -> 17 | T34: =VLOOKUP($B34,$R$3:$X$9,3,FALSE) -> 17.4 | U34: =VLOOKUP($B34,$R$3:$X$9,4,FALSE) -> 0 | V34: =VLOOKUP($B34,$R$3:$X$9,5,FALSE) -> 0.13605324 | W34: =VLOOKUP($B34,$R$3:$X$9,6,FALSE) -> 0.27430556 | X34: =VLOOKUP($B34,$R$3:$X$9,7,FALSE) -> 0.30902778 | Y34: =VLOOKUP($B34,$R$3:$Z$9,8,FALSE) -> 0 | Z34: =VLOOKUP($B34,$R$3:$Z$9,9,FALSE) -> 85
R35: =B35 -> 0 | S35: =VLOOKUP($B35,$R$3:$X$9,2,FALSE) -> #N/A | T35: =VLOOKUP($B35,$R$3:$X$9,3,FALSE) -> #N/A | U35: =VLOOKUP($B35,$R$3:$X$9,4,FALSE) -> #N/A | V35: =VLOOKUP($B35,$R$3:$X$9,5,FALSE) -> #N/A | W35: =VLOOKUP($B35,$R$3:$X$9,6,FALSE) -> #N/A | X35: =VLOOKUP($B35,$R$3:$X$9,7,FALSE) -> #N/A | Y35: =VLOOKUP($B35,$R$3:$Z$9,8,FALSE) -> #N/A | Z35: =VLOOKUP($B35,$R$3:$Z$9,9,FALSE) -> #N/A
R36: =B36 -> 0 | S36: =VLOOKUP($B36,$R$3:$X$9,2,FALSE) -> #N/A | T36: =VLOOKUP($B36,$R$3:$X$9,3,FALSE) -> #N/A | U36: =VLOOKUP($B36,$R$3:$X$9,4,FALSE) -> #N/A | V36: =VLOOKUP($B36,$R$3:$X$9,5,FALSE) -> #N/A | W36: =VLOOKUP($B36,$R$3:$X$9,6,FALSE) -> #N/A | X36: =VLOOKUP($B36,$R$3:$X$9,7,FALSE) -> #N/A | Y36: =VLOOKUP($B36,$R$3:$Z$9,8,FALSE) -> #N/A | Z36: =VLOOKUP($B36,$R$3:$Z$9,9,FALSE) -> #N/A
R37: =B37 -> 0 | S37: =VLOOKUP($B37,$R$3:$X$9,2,FALSE) -> #N/A | T37: =VLOOKUP($B37,$R$3:$X$9,3,FALSE) -> #N/A | U37: =VLOOKUP($B37,$R$3:$X$9,4,FALSE) -> #N/A | V37: =VLOOKUP($B37,$R$3:$X$9,5,FALSE) -> #N/A | W37: =VLOOKUP($B37,$R$3:$X$9,6,FALSE) -> #N/A | X37: =VLOOKUP($B37,$R$3:$X$9,7,FALSE) -> #N/A | Y37: =VLOOKUP($B37,$R$3:$Z$9,8,FALSE) -> #N/A | Z37: =VLOOKUP($B37,$R$3:$Z$9,9,FALSE) -> #N/A
R38: =B38 -> 0 | S38: =VLOOKUP($B38,$R$3:$X$9,2,FALSE) -> #N/A | T38: =VLOOKUP($B38,$R$3:$X$9,3,FALSE) -> #N/A | U38: =VLOOKUP($B38,$R$3:$X$9,4,FALSE) -> #N/A | V38: =VLOOKUP($B38,$R$3:$X$9,5,FALSE) -> #N/A | W38: =VLOOKUP($B38,$R$3:$X$9,6,FALSE) -> #N/A | X38: =VLOOKUP($B38,$R$3:$X$9,7,FALSE) -> #N/A | Y38: =VLOOKUP($B38,$R$3:$Z$9,8,FALSE) -> #N/A | Z38: =VLOOKUP($B38,$R$3:$Z$9,9,FALSE) -> #N/A
R39: =B39 -> 0 | S39: =VLOOKUP($B39,$R$3:$X$9,2,FALSE) -> #N/A | T39: =VLOOKUP($B39,$R$3:$X$9,3,FALSE) -> #N/A | U39: =VLOOKUP($B39,$R$3:$X$9,4,FALSE) -> #N/A | V39: =VLOOKUP($B39,$R$3:$X$9,5,FALSE) -> #N/A | W39: =VLOOKUP($B39,$R$3:$X$9,6,FALSE) -> #N/A | X39: =VLOOKUP($B39,$R$3:$X$9,7,FALSE) -> #N/A | Y39: =VLOOKUP($B39,$R$3:$Z$9,8,FALSE) -> #N/A | Z39: =VLOOKUP($B39,$R$3:$Z$9,9,FALSE) -> #N/A
R40: =B40 -> 0 | S40: =VLOOKUP($B40,$R$3:$X$9,2,FALSE) -> #N/A | T40: =VLOOKUP($B40,$R$3:$X$9,3,FALSE) -> #N/A | U40: =VLOOKUP($B40,$R$3:$X$9,4,FALSE) -> #N/A | V40: =VLOOKUP($B40,$R$3:$X$9,5,FALSE) -> #N/A | W40: =VLOOKUP($B40,$R$3:$X$9,6,FALSE) -> #N/A | X40: =VLOOKUP($B40,$R$3:$X$9,7,FALSE) -> #N/A | Y40: =VLOOKUP($B40,$R$3:$Z$9,8,FALSE) -> #N/A | Z40: =VLOOKUP($B40,$R$3:$Z$9,9,FALSE) -> #N/A
R41: =B41 -> 0 | S41: =VLOOKUP($B41,$R$3:$X$9,2,FALSE) -> #N/A | T41: =VLOOKUP($B41,$R$3:$X$9,3,FALSE) -> #N/A | U41: =VLOOKUP($B41,$R$3:$X$9,4,FALSE) -> #N/A | V41: =VLOOKUP($B41,$R$3:$X$9,5,FALSE) -> #N/A | W41: =VLOOKUP($B41,$R$3:$X$9,6,FALSE) -> #N/A | X41: =VLOOKUP($B41,$R$3:$X$9,7,FALSE) -> #N/A | Y41: =VLOOKUP($B41,$R$3:$Z$9,8,FALSE) -> #N/A | Z41: =VLOOKUP($B41,$R$3:$Z$9,9,FALSE) -> #N/A
R42: =B42 -> 0 | S42: =VLOOKUP($B42,$R$3:$X$9,2,FALSE) -> #N/A | T42: =VLOOKUP($B42,$R$3:$X$9,3,FALSE) -> #N/A | U42: =VLOOKUP($B42,$R$3:$X$9,4,FALSE) -> #N/A | V42: =VLOOKUP($B42,$R$3:$X$9,5,FALSE) -> #N/A | W42: =VLOOKUP($B42,$R$3:$X$9,6,FALSE) -> #N/A | X42: =VLOOKUP($B42,$R$3:$X$9,7,FALSE) -> #N/A | Y42: =VLOOKUP($B42,$R$3:$Z$9,8,FALSE) -> #N/A | Z42: =VLOOKUP($B42,$R$3:$Z$9,9,FALSE) -> #N/A
R43: =B43 -> 0 | S43: =VLOOKUP($B43,$R$3:$X$9,2,FALSE) -> #N/A | T43: =VLOOKUP($B43,$R$3:$X$9,3,FALSE) -> #N/A | U43: =VLOOKUP($B43,$R$3:$X$9,4,FALSE) -> #N/A | V43: =VLOOKUP($B43,$R$3:$X$9,5,FALSE) -> #N/A | W43: =VLOOKUP($B43,$R$3:$X$9,6,FALSE) -> #N/A | X43: =VLOOKUP($B43,$R$3:$X$9,7,FALSE) -> #N/A | Y43: =VLOOKUP($B43,$R$3:$Z$9,8,FALSE) -> #N/A | Z43: =VLOOKUP($B43,$R$3:$Z$9,9,FALSE) -> #N/A
R44: =B44 -> 0 | S44: =VLOOKUP($B44,$R$3:$X$9,2,FALSE) -> #N/A | T44: =VLOOKUP($B44,$R$3:$X$9,3,FALSE) -> #N/A | U44: =VLOOKUP($B44,$R$3:$X$9,4,FALSE) -> #N/A | V44: =VLOOKUP($B44,$R$3:$X$9,5,FALSE) -> #N/A | W44: =VLOOKUP($B44,$R$3:$X$9,6,FALSE) -> #N/A | X44: =VLOOKUP($B44,$R$3:$X$9,7,FALSE) -> #N/A | Y44: =VLOOKUP($B44,$R$3:$Z$9,8,FALSE) -> #N/A | Z44: =VLOOKUP($B44,$R$3:$Z$9,9,FALSE) -> #N/A
B45: BRAND | D45: BBT P.G./ O.G | I45: Brand | K45: MTD No. of Brews | L45: MTD | M45: YTD | N45: Target | R45: =B45 -> BRAND | S45: =VLOOKUP($B45,$R$3:$X$9,2,FALSE) -> #N/A | T45: =VLOOKUP($B45,$R$3:$X$9,3,FALSE) -> #N/A | U45: =VLOOKUP($B45,$R$3:$X$9,4,FALSE) -> #N/A | V45: =VLOOKUP($B45,$R$3:$X$9,5,FALSE) -> #N/A | W45: =VLOOKUP($B45,$R$3:$X$9,6,FALSE) -> #N/A | X45: =VLOOKUP($B45,$R$3:$X$9,7,FALSE) -> #N/A | Y45: =VLOOKUP($B45,$R$3:$Z$9,8,FALSE) -> #N/A | Z45: =VLOOKUP($B45,$R$3:$Z$9,9,FALSE) -> #N/A
I46: CARIB | J46: =AVERAGE(I21) -> 92.236557 | K46: =COUNTA([23]Brewhouse!$A$1005:$A$1006) -> 2 | L46: =AVERAGE([23]Brewhouse!$AU$1005:$AU$1006) -> 100.68772 | M46: =AVERAGE([23]Brewhouse!$AU$102:$AU$171,[23]Brewhouse!$AU$173:$AU$253,[23]Brewhouse!$AU$255:$AU$339,[23]Brewhouse!$AU$341:$AU$346,[23]Brewhouse!$AU$348,[23]Brewhouse!$AU$349:$AU$406,[23]Brewhouse!$AU$408:$AU$491,[23]Brewhouse!$AU$493:$AU$578,[23]Brewhouse!$AU$580:$AU$652,[23]Brewhouse!$AU$655:$AU$738,[23]Brewhouse!$A$740:$A$821,[23]Brewhouse!$AU$823:$AU$862,[24]Brewhouse!$AS$420:$AS$423,[23]Brewhouse!$AU$867:$AU$912,[23]Brewhouse!$AU$914:$AU$1003,[23]Brewhouse!$AU$1005:$AU$1006) -> 97.75908 | N46: 98 | R46: =B46 -> 0 | S46: =VLOOKUP($B46,$R$3:$X$9,2,FALSE) -> #N/A | T46: =VLOOKUP($B46,$R$3:$X$9,3,FALSE) -> #N/A | U46: =VLOOKUP($B46,$R$3:$X$9,4,FALSE) -> #N/A | V46: =VLOOKUP($B46,$R$3:$X$9,5,FALSE) -> #N/A | W46: =VLOOKUP($B46,$R$3:$X$9,6,FALSE) -> #N/A | X46: =VLOOKUP($B46,$R$3:$X$9,7,FALSE) -> #N/A | Y46: =VLOOKUP($B46,$R$3:$Z$9,8,FALSE) -> #N/A | Z46: =VLOOKUP($B46,$R$3:$Z$9,9,FALSE) -> #N/A
I47: STAG | J47: =AVERAGE(I10:I15,I18:I19) -> 96.054252 | K47: =COUNTA([24]Brewhouse!$A$486:$A$503) -> 18 | L47: =AVERAGE([24]Brewhouse!$AS$486:$AS$503) -> 96.253729 | M47: =AVERAGE([24]Brewhouse!$AS$15:$AS$64,[24]Brewhouse!$AS$66:$AS$103,[24]Brewhouse!$AS$105:$AS$140,[24]Brewhouse!$AS$142:$AS$193,[24]Brewhouse!$AS$195:$AS$240,[24]Brewhouse!$AS$242:$AS$273,[24]Brewhouse!$AS$275:$AS$322,[24]Brewhouse!$AS$324:$AS$359,[24]Brewhouse!$AS$361:$AS$397,[24]Brewhouse!$AS$399:$AS$419,[24]Brewhouse!$AS$424:$AS$447,[24]Brewhouse!$AS$449:$AS$484,[24]Brewhouse!$AS$486:$AS$503) -> 97.787421 | N47: 98 | R47: =B47 -> 0 | S47: =VLOOKUP($B47,$R$3:$X$9,2,FALSE) -> #N/A | T47: =VLOOKUP($B47,$R$3:$X$9,3,FALSE) -> #N/A | U47: =VLOOKUP($B47,$R$3:$X$9,4,FALSE) -> #N/A | V47: =VLOOKUP($B47,$R$3:$X$9,5,FALSE) -> #N/A | W47: =VLOOKUP($B47,$R$3:$X$9,6,FALSE) -> #N/A | X47: =VLOOKUP($B47,$R$3:$X$9,7,FALSE) -> #N/A | Y47: =VLOOKUP($B47,$R$3:$Z$9,8,FALSE) -> #N/A | Z47: =VLOOKUP($B47,$R$3:$Z$9,9,FALSE) -> #N/A
I48: GUINNESS | M48: =AVERAGE([25]Brewhouse!$AU$4:$AU$7,[25]Brewhouse!$AU$9:$AU$22,[25]Brewhouse!$AU$24:$AU$35,[25]Brewhouse!$AU$37:$AU$45,[25]Brewhouse!$AU$47:$AU$62,[25]Brewhouse!$AU$64:$AU$79,[25]Brewhouse!$AU$81:$AU$92,[25]Brewhouse!$AU$94:$AU$97,[25]Brewhouse!$AU$99:$AU$106,[25]Brewhouse!$AU$116:$AU$123) -> 96.481277 | N48: 98 | R48: =B48 -> 0 | S48: =VLOOKUP($B48,$R$3:$X$9,2,FALSE) -> #N/A | T48: =VLOOKUP($B48,$R$3:$X$9,3,FALSE) -> #N/A | U48: =VLOOKUP($B48,$R$3:$X$9,4,FALSE) -> #N/A | V48: =VLOOKUP($B48,$R$3:$X$9,5,FALSE) -> #N/A | W48: =VLOOKUP($B48,$R$3:$X$9,6,FALSE) -> #N/A | X48: =VLOOKUP($B48,$R$3:$X$9,7,FALSE) -> #N/A | Y48: =VLOOKUP($B48,$R$3:$Z$9,8,FALSE) -> #N/A | Z48: =VLOOKUP($B48,$R$3:$Z$9,9,FALSE) -> #N/A
I49: VITAMALT | K49: =COUNTA([22]Brewhouse!$A$107:$A$116) -> 10 | L49: =AVERAGE([22]Brewhouse!$AV$107:$AV$116) -> 97.093478 | M49: =AVERAGE([22]Brewhouse!$AV$5:$AV$14,[22]Brewhouse!$AV$16:$AV$19,[22]Brewhouse!$AV$21:$AV$24,[22]Brewhouse!$AV$26:$AV$33,[22]Brewhouse!$AV$35:$AV$46,[22]Brewhouse!$AV$48:$AV$53,[22]Brewhouse!$AV$55:$AV$62,[22]Brewhouse!$AV$64:$AV$77,[22]Brewhouse!$AV$79:$AV$86,[22]Brewhouse!$AV$88:$AV$95,[22]Brewhouse!$AV$97:$AV$104,[22]Brewhouse!$AV$107:$AV$116) -> 98.152691 | N49: 98 | R49: =B49 -> 0 | S49: =VLOOKUP($B49,$R$3:$X$9,2,FALSE) -> #N/A | T49: =VLOOKUP($B49,$R$3:$X$9,3,FALSE) -> #N/A | U49: =VLOOKUP($B49,$R$3:$X$9,4,FALSE) -> #N/A | V49: =VLOOKUP($B49,$R$3:$X$9,5,FALSE) -> #N/A | W49: =VLOOKUP($B49,$R$3:$X$9,6,FALSE) -> #N/A | X49: =VLOOKUP($B49,$R$3:$X$9,7,FALSE) -> #N/A | Y49: =VLOOKUP($B49,$R$3:$Z$9,8,FALSE) -> #N/A | Z49: =VLOOKUP($B49,$R$3:$Z$9,9,FALSE) -> #N/A
I50: MAXIMALT | N50: 98 | R50: =B50 -> 0 | S50: =VLOOKUP($B50,$R$3:$X$9,2,FALSE) -> #N/A | T50: =VLOOKUP($B50,$R$3:$X$9,3,FALSE) -> #N/A | U50: =VLOOKUP($B50,$R$3:$X$9,4,FALSE) -> #N/A | V50: =VLOOKUP($B50,$R$3:$X$9,5,FALSE) -> #N/A | W50: =VLOOKUP($B50,$R$3:$X$9,6,FALSE) -> #N/A | X50: =VLOOKUP($B50,$R$3:$X$9,7,FALSE) -> #N/A | Y50: =VLOOKUP($B50,$R$3:$Z$9,8,FALSE) -> #N/A | Z50: =VLOOKUP($B50,$R$3:$Z$9,9,FALSE) -> #N/A
I51: MACKESON | M51: =AVERAGE([26]Brewhouse!$AT$4:$AT$11,[26]Brewhouse!$AT$13:$AT$16,[26]Brewhouse!$AT$18:$AT$21,[26]Brewhouse!$AT$26,[26]Brewhouse!$AT$28:$AT$35) -> 94.794664 | N51: 98 | R51: =B51 -> 0 | S51: =VLOOKUP($B51,$R$3:$X$9,2,FALSE) -> #N/A | T51: =VLOOKUP($B51,$R$3:$X$9,3,FALSE) -> #N/A | U51: =VLOOKUP($B51,$R$3:$X$9,4,FALSE) -> #N/A | V51: =VLOOKUP($B51,$R$3:$X$9,5,FALSE) -> #N/A | W51: =VLOOKUP($B51,$R$3:$X$9,6,FALSE) -> #N/A | X51: =VLOOKUP($B51,$R$3:$X$9,7,FALSE) -> #N/A | Y51: =VLOOKUP($B51,$R$3:$Z$9,8,FALSE) -> #N/A | Z51: =VLOOKUP($B51,$R$3:$Z$9,9,FALSE) -> #N/A
I52: STARMALT | J52: =AVERAGE(I23:I26,I29:I34) -> 97.413703 | K52: =COUNTA([27]Brewhouse!$A$99:$A$108) -> 10 | L52: =AVERAGE([27]Brewhouse!$AY$99:$AY$108) -> 97.413703 | M52: =AVERAGE([27]Brewhouse!$AY$6:$AY$13,[27]Brewhouse!$AY$15:$AY$20,[27]Brewhouse!$AY$22:$AY$29,[27]Brewhouse!$AY$31:$AY$34,[27]Brewhouse!$AY$36:$AY$43,[27]Brewhouse!$AY$45:$AY$50, [27]Brewhouse!$AY$56:$AY$73,[27]Brewhouse!$AY$75:$AY$92,[27]Brewhouse!$AY$94:$AY$97,[27]Brewhouse!$AY$99:$AY$108) -> 97.375027 | N52: 98 | R52: =B52 -> 0 | S52: =VLOOKUP($B52,$R$3:$X$9,2,FALSE) -> #N/A | T52: =VLOOKUP($B52,$R$3:$X$9,3,FALSE) -> #N/A | U52: =VLOOKUP($B52,$R$3:$X$9,4,FALSE) -> #N/A | V52: =VLOOKUP($B52,$R$3:$X$9,5,FALSE) -> #N/A | W52: =VLOOKUP($B52,$R$3:$X$9,6,FALSE) -> #N/A | X52: =VLOOKUP($B52,$R$3:$X$9,7,FALSE) -> #N/A | Y52: =VLOOKUP($B52,$R$3:$Z$9,8,FALSE) -> #N/A | Z52: =VLOOKUP($B52,$R$3:$Z$9,9,FALSE) -> #N/A
I53: HR- Pils | M53: =AVERAGE([28]Brewhouse!$AU$5:$AU$8,[28]Brewhouse!$AU$10:$AU$13,[27]Brewhouse!$AY$75:$AY$77) -> 94.749192 | N53: 98 | R53: =B53 -> 0 | S53: =VLOOKUP($B53,$R$3:$X$9,2,FALSE) -> #N/A | T53: =VLOOKUP($B53,$R$3:$X$9,3,FALSE) -> #N/A | U53: =VLOOKUP($B53,$R$3:$X$9,4,FALSE) -> #N/A | V53: =VLOOKUP($B53,$R$3:$X$9,5,FALSE) -> #N/A | W53: =VLOOKUP($B53,$R$3:$X$9,6,FALSE) -> #N/A | X53: =VLOOKUP($B53,$R$3:$X$9,7,FALSE) -> #N/A | Y53: =VLOOKUP($B53,$R$3:$Z$9,8,FALSE) -> #N/A | Z53: =VLOOKUP($B53,$R$3:$Z$9,9,FALSE) -> #N/A
I54: HR- IPA | M54: =AVERAGE([29]Brewhouse!$AW$26:$AW$27) -> 95.310681 | N54: 98 | R54: =B54 -> 0 | S54: =VLOOKUP($B54,$R$3:$X$9,2,FALSE) -> #N/A | T54: =VLOOKUP($B54,$R$3:$X$9,3,FALSE) -> #N/A | U54: =VLOOKUP($B54,$R$3:$X$9,4,FALSE) -> #N/A | V54: =VLOOKUP($B54,$R$3:$X$9,5,FALSE) -> #N/A | W54: =VLOOKUP($B54,$R$3:$X$9,6,FALSE) -> #N/A | X54: =VLOOKUP($B54,$R$3:$X$9,7,FALSE) -> #N/A | Y54: =VLOOKUP($B54,$R$3:$Z$9,8,FALSE) -> #N/A | Z54: =VLOOKUP($B54,$R$3:$Z$9,9,FALSE) -> #N/A
I55: HR- APA | M55: =AVERAGE([30]Brewhouse!$AU$13:$AU$14) -> 97.110575 | N55: 98 | R55: =B55 -> 0 | S55: =VLOOKUP($B55,$R$3:$X$9,2,FALSE) -> #N/A | T55: =VLOOKUP($B55,$R$3:$X$9,3,FALSE) -> #N/A | U55: =VLOOKUP($B55,$R$3:$X$9,4,FALSE) -> #N/A | V55: =VLOOKUP($B55,$R$3:$X$9,5,FALSE) -> #N/A | W55: =VLOOKUP($B55,$R$3:$X$9,6,FALSE) -> #N/A | X55: =VLOOKUP($B55,$R$3:$X$9,7,FALSE) -> #N/A | Y55: =VLOOKUP($B55,$R$3:$Z$9,8,FALSE) -> #N/A | Z55: =VLOOKUP($B55,$R$3:$Z$9,9,FALSE) -> #N/A
K56: =SUM(K46:K55) -> 40 | L56: =((L46*K46)+(L47*K47)+(L48*K48)+(L49*K49)+(L50*K50)+(K53*L53)+(L51*K51)+(L52*K52)+(L55*K55))/(K56) -> 96.975359 | M56: =AVERAGE('[31]Jan 31st'!$L$65,'[32]Feb 28th'!$L$35,'[33]Mar. 31st'!$L$35,'[34]Apr. 30th'!$L$45,'[35]May 30th'!$L$37,'[36]June 30th'!$L$57,'[37]July 29th '!$L$44,'[38]Aug 29th'!$L$29,'[39]Sept 30th'!$L$35,L56) -> 97.515486 | N56: 98 | R56: =B56 -> 0 | S56: =VLOOKUP($B56,$R$3:$X$9,2,FALSE) -> #N/A | T56: =VLOOKUP($B56,$R$3:$X$9,3,FALSE) -> #N/A | U56: =VLOOKUP($B56,$R$3:$X$9,4,FALSE) -> #N/A | V56: =VLOOKUP($B56,$R$3:$X$9,5,FALSE) -> #N/A | W56: =VLOOKUP($B56,$R$3:$X$9,6,FALSE) -> #N/A | X56: =VLOOKUP($B56,$R$3:$X$9,7,FALSE) -> #N/A | Y56: =VLOOKUP($B56,$R$3:$Z$9,8,FALSE) -> #N/A | Z56: =VLOOKUP($B56,$R$3:$Z$9,9,FALSE) -> #N/A
R57: =B57 -> 0 | S57: =VLOOKUP($B57,$R$3:$X$9,2,FALSE) -> #N/A | T57: =VLOOKUP($B57,$R$3:$X$9,3,FALSE) -> #N/A | U57: =VLOOKUP($B57,$R$3:$X$9,4,FALSE) -> #N/A | V57: =VLOOKUP($B57,$R$3:$X$9,5,FALSE) -> #N/A | W57: =VLOOKUP($B57,$R$3:$X$9,6,FALSE) -> #N/A | X57: =VLOOKUP($B57,$R$3:$X$9,7,FALSE) -> #N/A | Y57: =VLOOKUP($B57,$R$3:$Z$9,8,FALSE) -> #N/A | Z57: =VLOOKUP($B57,$R$3:$Z$9,9,FALSE) -> #N/A
J58: Daily Brewing Plan
H59: Brand | I59: Brews Achieved (5th) | J59: Brews Achieved (6th) | K59: Brews Achieved (7th) | L59: Average Brews per day
H60: CARIB | J60: =COUNTA(C21) -> 1 | L60: MTD | M60: YTD | N60: TARGET
H61: STAG | I61: =COUNTA(B10:B15) -> 6 | J61: =COUNTA(C18:C19) -> 2 | L61: =AVERAGE('Dec 1st'!K43,'Dec 2nd'!K49,'Dec 3rd '!K58,'Dec 4th'!K51,'Dec 5th-7th'!I70,'Dec 5th-7th'!J70,'Dec 5th-7th'!K70) -> 5.7142857 | M61: =AVERAGE('[31]Jan 29th '!$M$70,'[32]Feb 28th'!$L$40,'[33]Mar. 31st'!$L$40,'[34]Apr. 30th'!$L$50,'[35]May 30th'!$L$42,'[36]June 30th'!$L$62,'[37]July 29th '!$L$49,'[38]Aug 29th'!$L$34,'[39]Sept 30th'!$L$40,[40]Oct.31st!$L$43,'[41]Nov 28th-30th'!$L$45,L61) -> 6.8657216 | N61: 9.2
H62: GUINN
H63: VITAMALT
H64: STARMALT | J64: =COUNTA(C23:C26) -> 4 | K64: =COUNTA(C29:C34) -> 6
H65: MACKESON
H66: HURRICANE REEF- IPA
H67: HURRICANE REEF- APA
B68: AVERAGE | H68: HR- PILSNER
H69: CARIBE
H70: Total | I70: =SUM(I60:I69) -> 6 | J70: =SUM(J60:J69) -> 7 | K70: =SUM(K60:K69) -> 6
B71: Process: | C71: Fermentation/Filtration
B73: Brand | C73: Filt. Date | D73: FV Hls | E73: GFE/ Prim/ Vita Blend (Hls) | F73: SV Hls | G73: BBT Hls | H73: Loss (%) Ferm | I73: Loss (%) Filt | J73: Comments | K73: Throughput | L73: Process Loss (%) | M73: Filt. Operator
AB74: 43474 | AC74: 43475 | AD74: 43476 | AE74: 43477 | AF74: 43478 | AG74: 43479 | AH74: 43480 | AI74: 43481 | AJ74: 43482 | AK74: 43483 | AL74: 43484 | AM74: 43485 | AN74: 43486 | AO74: 43487 | AP74: 43488 | AQ74: 43489 | AR74: 43490 | AS74: 43491 | AT74: 43492 | AU74: 43493 | AV74: 43494 | AW74: 43495 | AX74: 43496
B75: =H61 -> STAG | C75: 45996 | D75: =[42]December_2025!$H$13 -> 482.41 | G75: =[42]December_2025!$H$17 -> 474.4 | J75: 2SBF-14hls water aded | K75: =[43]December_2025!$H$25 -> 0.5548538 | L75: =(((D75+E75)-G75)/(D75+E75))*100 -> 1.6604133 | M75: D. Emery | AB75: =[20]January_2019!L7 -> 285.8 | AC75: =[20]January_2019!M7 -> 508.1 | AD75: =[20]January_2019!N7 -> 0 | AE75: =[20]January_2019!O7 -> 0 | AF75: =[20]January_2019!P7 -> 109.56667 | AG75: =[20]January_2019!Q7 -> 297.65 | AH75: =[20]January_2019!R7 -> 122.3 | AI75: =[20]January_2019!S7 -> 0 | ... AX75: =[20]January_2019!AH7 -> 0
B77: =H63 -> VITAMALT | C77: 45996 | D77: =[42]December_2025!$H$65 -> 284.37 | E77: =SUM([44]VITAMALT!$J$7:$J$12) -> 12.3 | G77: =[42]December_2025!$H$70 -> 286.8 | J77: 1 SBF | K77: =[43]December_2025!$H$60 -> 1.0063158 | L77: =(((D77+E77)-G77)/(D77+E77))*100 -> 3.3269289 | M77: D. Emery
B79: =H61 -> STAG | C79: 45997 | D79: =[42]December_2025!$I$13 -> 100.6 | G79: =[42]December_2025!$I$17 -> 103.1 | J79: NO SBF-3.5hls water added | K79: =[43]December_2025!$I$25 -> 0.36175439 | L79: =(((D79+E79)-G79)/(D79+E79))*100 -> -2.4850895 | M79: K.Hosten
B81: =H63 -> VITAMALT | C81: 45998 | D81: =[42]December_2025!$J$65 -> 191.4 | E81: =SUM([44]VITAMALT!$J$13:$J$16) -> 8.2 | G81: =[42]December_2025!$J$70 -> 191.5 | J81: 1 SBF | K81: =[43]December_2025!$J$60 -> 0.33596491 | L81: =(((D81+E81)-G81)/(D81+E81))*100 -> 4.0581162 | M81: T. Charles
B84: Process Loss (Volume) | G84: Process Loss (Extract) | K84: Throughput
B85: Brand | C85: Actual | D85: MTD | E85: YTD | F85: Target | G85: Actual | H85: MTD | I85: YTD | J85: Target | K85: Actual | L85: MTD | M85: YTD | N85: Target
B86: CARIB | D86: 5.9758575 | E86: 6.0702956 | F86: 4.8 | H86: 5.2012421 | I86: 5.9880236 | J86: 4.8 | L86: 0.44929825 | M86: 0.72631456 | N86: 1
B87: STAG | C87: =AVERAGE(L75,L79) -> -0.41233806 | D87: 1.5625804 | E87: 5.5960665 | F87: 4.8 | G87: =[42]December_2025!$E$11 -> 2.8833364 | H87: 2.1472714 | I87: 6.1167972 | J87: 4.8 | K87: =AVERAGE(K75,K79) -> 0.45830409 | L87: 0.45210526 | M87: 0.67706582 | N87: 1
B88: GUINN | E88: 11.016453 | F88: 5.5 | I88: 12.536311 | J88: 5.5 | M88: 0.51633623 | N88: 1
B89: VITAMALT | C89: =AVERAGE(L77,L81) -> 3.6925226 | D89: 4.6285288 | E89: 4.6232261 | F89: 3.3 | G89: =AVERAGE([42]December_2025!$H$74,[42]December_2025!$J$74) -> 2.959895 | H89: 3.8616758 | I89: 4.3622188 | J89: 3.3 | K89: =AVERAGE(K77,K81) -> 0.67114035 | L89: 0.66675439 | M89: 0.81056743 | N89: 1
B90: APA | E90: 7.8373016 | F90: 3.3 | I90: 5.3377569 | J90: 3 | M90: 0.32596491 | N90: 1
B91: MACKESON | E91: 6.8851328 | F91: =[21]May_2022!$M$43 -> 3.4878407 | I91: 8.6614709 | J91: 5.5 | M91: 0.73160819 | N91: 1
B92: STARMALT | E92: 2.9297033 | F92: 3.3 | I92: 4.2684292 | J92: 3.3 | M92: 0.84660148 | N92: 1
B93: IPA | E93: 11.483254 | F93: 7.5 | I93: 9.7934336 | J93: 7.5 | M93: 0.3245614 | N93: 1
B94: HURRICANE REEF PILS | E94: 7.2653645 | F94: 4.8 | I94: 8.1715311 | J94: 4.8 | M94: 0.51368421 | N94: 1
D95: 4.2839696 | E95: 6.0651644 | F95: 5.5 | H95: 3.9080743 | I95: 6.4781085 | J95: 5.5 | L95: 0.5227193 | M95: 0.70092333 | N95: 1

Sheet Dec 8th 
S1: P.G. | U1: Hot Time | W1: Process Time | Y1: Cooling Time
B2: Brewing Department Daily Process Loss Report | S2: Lower | T2: Upper | U2: Lower | V2: Upper | W2: Lower | X2: Upper | Y2: Lower | Z2: Upper
R3: CARIB | S3: 11.6 | T3: 12 | U3: 0 | V3: 0.11805556 | W3: 0.22569444 | X3: 0.26388889 | Y3: 0 | Z3: 60 | AB3: HR- PISNER
B4: Date: | C4: 46000 | J4: LOT WORT COLOUR: | M4: Filter Sheets (Target 20 days) | R4: STAG | S4: 11.6 | T4: 12 | U4: 0 | V4: 0.11805556 | W4: 0.22569444 | X4: 0.26388889 | Y4: 0 | Z4: 60
M5: Double | N5: Single | R5: GUINNESS | S5: 17 | T5: 17.5 | U5: 0 | V5: 0.10763889 | W5: 0.24652778 | X5: 0.28472222 | Y5: 0 | Z5: 60
J6: MALT LOT: Lot #8 | L6: Sheet Day | R6: MACKESON | S6: 13.3 | T6: 13.5 | U6: 0 | V6: 0.12905093 | W6: 0.27430556 | X6: 0.30208333 | Y6: 0
R7: STARMALT | S7: 17 | T7: 17.4 | U7: 0 | V7: 0.13605324 | W7: 0.27430556 | X7: 0.30902778 | Y7: 0 | Z7: 85
B8: Brand | C8: Brew no. | D8: Kett. Hls | E8: Wort | F8: Cool Time(Mins) | G8: Cast. P.G. (Lab Result) | H8: Cast P.G. (Cellar Operator)-gravity | I8: Extr. Rec (77.9%) | J8: Theor. Extr. (77.5%) | K8: Boil Off /Vol. (4-6%) | L8: Boil Time | M8: Total Hot | N8: Brewing | O8: Operator | R8: Hurricane Reef | S8: 16.6 | T8: 17 | U8: 0 | V8: 0.12905093 | W8: 0.27430556 | X8: 0.30208333 | Y8: 0
E9: Meter (Hls) | F9: Target(< 60Mins) | M9: Time | R9: VITAMALT | S9: 14.2 | T9: 14.6 | U9: 0 | V9: 0.13905093 | W9: 0.26041667 | X9: 0.29513889 | Y9: 0 | Z9: 75
B10: GUINNESS | C10: =[25]Brewhouse!$A125 -> GU112 | D10: =[25]Brewhouse!$AF125 -> 51.4 | E10: =[25]Brewhouse!$AI125 -> 50.4 | F10: =[25]Brewhouse!$V125 -> 56 | G10: =[25]Brewhouse!$AG125 -> 17.1 | H10: 17.1 | I10: =[25]Brewhouse!$AU125 -> 94.301648 | J10: =[25]Brewhouse!$AV125 -> 94.403117 | K10: =[25]Brewhouse!$R125 -> 10.30303 | L10: =[25]Brewhouse!$O125 -> 55 | M10: =[25]Brewhouse!$U125-[25]Brewhouse!$T125 -> 0.13541667 | N10: =[25]Brewhouse!$Z125 -> 0.28333333 | O10: =[25]Brewhouse!$AW125 -> R. Sookram | R10: =B10 -> GUINNESS | S10: =VLOOKUP($B10,$R$3:$X$9,2,FALSE) -> 17 | T10: =VLOOKUP($B10,$R$3:$X$9,3,FALSE) -> 17.5 | U10: =VLOOKUP($B10,$R$3:$X$9,4,FALSE) -> 0 | V10: =VLOOKUP($B10,$R$3:$X$9,5,FALSE) -> 0.10763889 | W10: =VLOOKUP($B10,$R$3:$X$9,6,FALSE) -> 0.24652778 | X10: =VLOOKUP($B10,$R$3:$X$9,7,FALSE) -> 0.28472222 | Y10: =VLOOKUP($B10,$R$3:$Z$9,8,FALSE) -> 0 | Z10: =VLOOKUP($B10,$R$3:$Z$9,9,FALSE) -> 60
B11: GUINNESS | C11: =[25]Brewhouse!$A126 -> GU113 | D11: =[25]Brewhouse!$AF126 -> 52.8 | E11: =[25]Brewhouse!$AI126 -> 51.8 | F11: =[25]Brewhouse!$V126 -> 61 | G11: =[25]Brewhouse!$AG126 -> 17.3 | H11: 17.3 | I11: =[25]Brewhouse!$AU126 -> 98.375821 | J11: =[25]Brewhouse!$AV126 -> 98.481618 | K11: =[25]Brewhouse!$R126 -> 11.214286 | L11: =[25]Brewhouse!$O126 -> 55 | M11: =[25]Brewhouse!$U126-[25]Brewhouse!$T126 -> 0.11736111 | N11: =[25]Brewhouse!$Z126 -> 0.35625 | O11: =[25]Brewhouse!$AW126 -> R. Sookram | R11: =B11 -> GUINNESS | S11: =VLOOKUP($B11,$R$3:$X$9,2,FALSE) -> 17 | T11: =VLOOKUP($B11,$R$3:$X$9,3,FALSE) -> 17.5 | U11: =VLOOKUP($B11,$R$3:$X$9,4,FALSE) -> 0 | V11: =VLOOKUP($B11,$R$3:$X$9,5,FALSE) -> 0.10763889 | W11: =VLOOKUP($B11,$R$3:$X$9,6,FALSE) -> 0.24652778 | X11: =VLOOKUP($B11,$R$3:$X$9,7,FALSE) -> 0.28472222 | Y11: =VLOOKUP($B11,$R$3:$Z$9,8,FALSE) -> 0 | Z11: =VLOOKUP($B11,$R$3:$Z$9,9,FALSE) -> 60
B12: GUINNESS | C12: =[25]Brewhouse!$A127 -> GU114 | D12: =[25]Brewhouse!$AF127 -> 52.1 | E12: =[25]Brewhouse!$AI127 -> 51.1 | F12: =[25]Brewhouse!$V127 -> 59 | G12: =[25]Brewhouse!$AG127 -> 17.4 | H12: 17.2 | I12: =[25]Brewhouse!$AU127 -> 97.468158 | J12: =[25]Brewhouse!$AV127 -> 97.573015 | K12: =[25]Brewhouse!$R127 -> 8.8928571 | L12: =[25]Brewhouse!$O127 -> 59 | M12: =[25]Brewhouse!$U127-[25]Brewhouse!$T127 -> 0.12152778 | N12: =[25]Brewhouse!$Z127 -> 0.30972222 | O12: =[25]Brewhouse!$AW127 -> K. Benjamin | R12: =B12 -> GUINNESS | S12: =VLOOKUP($B12,$R$3:$X$9,2,FALSE) -> 17 | T12: =VLOOKUP($B12,$R$3:$X$9,3,FALSE) -> 17.5 | U12: =VLOOKUP($B12,$R$3:$X$9,4,FALSE) -> 0 | V12: =VLOOKUP($B12,$R$3:$X$9,5,FALSE) -> 0.10763889 | W12: =VLOOKUP($B12,$R$3:$X$9,6,FALSE) -> 0.24652778 | X12: =VLOOKUP($B12,$R$3:$X$9,7,FALSE) -> 0.28472222 | Y12: =VLOOKUP($B12,$R$3:$Z$9,8,FALSE) -> 0 | Z12: =VLOOKUP($B12,$R$3:$Z$9,9,FALSE) -> 60
B13: GUINNESS | C13: =[25]Brewhouse!$A128 -> GU115 | D13: =[25]Brewhouse!$AF128 -> 51.5 | E13: =[25]Brewhouse!$AI128 -> 50.4 | F13: =[25]Brewhouse!$V128 -> 54 | G13: =[25]Brewhouse!$AG128 -> 17.3 | H13: 17.3 | I13: =[25]Brewhouse!$AU128 -> 95.640824 | J13: =[25]Brewhouse!$AV128 -> 95.743698 | K13: =[25]Brewhouse!$R128 -> 9.9642857 | L13: =[25]Brewhouse!$O128 -> 60 | M13: =[25]Brewhouse!$U128-[25]Brewhouse!$T128 -> 0.11180556 | N13: =[25]Brewhouse!$Z128 -> 0.27013889 | O13: =[25]Brewhouse!$AW128 -> K. Benjamin | R13: =B13 -> GUINNESS | S13: =VLOOKUP($B13,$R$3:$X$9,2,FALSE) -> 17 | T13: =VLOOKUP($B13,$R$3:$X$9,3,FALSE) -> 17.5 | U13: =VLOOKUP($B13,$R$3:$X$9,4,FALSE) -> 0 | V13: =VLOOKUP($B13,$R$3:$X$9,5,FALSE) -> 0.10763889 | W13: =VLOOKUP($B13,$R$3:$X$9,6,FALSE) -> 0.24652778 | X13: =VLOOKUP($B13,$R$3:$X$9,7,FALSE) -> 0.28472222 | Y13: =VLOOKUP($B13,$R$3:$Z$9,8,FALSE) -> 0 | Z13: =VLOOKUP($B13,$R$3:$Z$9,9,FALSE) -> 60
B14: GUINNESS | C14: =[25]Brewhouse!$A129 -> GU116 | D14: =[25]Brewhouse!$AF129 -> 54.2 | E14: =[25]Brewhouse!$AI129 -> 51.5 | F14: =[25]Brewhouse!$V129 -> 63 | G14: =[25]Brewhouse!$AG129 -> 17.4 | H14: 17.4 | I14: =[25]Brewhouse!$AU129 -> 98.466067 | J14: =[25]Brewhouse!$AV129 -> 98.571943 | K14: =[25]Brewhouse!$R129 -> 7.8214286 | L14: =[25]Brewhouse!$O129 -> 60 | M14: =[25]Brewhouse!$U129-[25]Brewhouse!$T129 -> 0.12916667 | N14: =[25]Brewhouse!$Z129 -> 0.28194444 | O14: =[25]Brewhouse!$AW129 -> K. Benjamin | R14: =B14 -> GUINNESS | S14: =VLOOKUP($B14,$R$3:$X$9,2,FALSE) -> 17 | T14: =VLOOKUP($B14,$R$3:$X$9,3,FALSE) -> 17.5 | U14: =VLOOKUP($B14,$R$3:$X$9,4,FALSE) -> 0 | V14: =VLOOKUP($B14,$R$3:$X$9,5,FALSE) -> 0.10763889 | W14: =VLOOKUP($B14,$R$3:$X$9,6,FALSE) -> 0.24652778 | X14: =VLOOKUP($B14,$R$3:$X$9,7,FALSE) -> 0.28472222 | Y14: =VLOOKUP($B14,$R$3:$Z$9,8,FALSE) -> 0 | Z14: =VLOOKUP($B14,$R$3:$Z$9,9,FALSE) -> 60
B15: GUINNESS | C15: =[25]Brewhouse!$A130 -> GU117 | D15: =[25]Brewhouse!$AF130 -> 52.2 | E15: =[25]Brewhouse!$AI130 -> 48.9 | F15: =[25]Brewhouse!$V130 -> 58 | G15: =[25]Brewhouse!$AG130 -> 17.2 | H15: 17.2 | I15: =[25]Brewhouse!$AU130 -> 92.192462 | J15: =[25]Brewhouse!$AV130 -> 92.291626 | K15: =[25]Brewhouse!$R130 -> 5.3333333 | L15: =[25]Brewhouse!$O130 -> 0 | M15: =[25]Brewhouse!$U130-[25]Brewhouse!$T130 -> 0.11875 | N15: =[25]Brewhouse!$Z130 -> 0.26666667 | O15: =[25]Brewhouse!$AW130 -> K. Benjamin | R15: =B15 -> GUINNESS | S15: =VLOOKUP($B15,$R$3:$X$9,2,FALSE) -> 17 | T15: =VLOOKUP($B15,$R$3:$X$9,3,FALSE) -> 17.5 | U15: =VLOOKUP($B15,$R$3:$X$9,4,FALSE) -> 0 | V15: =VLOOKUP($B15,$R$3:$X$9,5,FALSE) -> 0.10763889 | W15: =VLOOKUP($B15,$R$3:$X$9,6,FALSE) -> 0.24652778 | X15: =VLOOKUP($B15,$R$3:$X$9,7,FALSE) -> 0.28472222 | Y15: =VLOOKUP($B15,$R$3:$Z$9,8,FALSE) -> 0 | Z15: =VLOOKUP($B15,$R$3:$Z$9,9,FALSE) -> 60
B16: GUINNESS | C16: =[25]Brewhouse!$A131 -> GU118 | D16: =[25]Brewhouse!$AF131 -> 52.8 | E16: =[25]Brewhouse!$AI131 -> 51.1 | F16: =[25]Brewhouse!$V131 -> 61 | G16: =[25]Brewhouse!$AG131 -> 17.4 | H16: 17.4 | I16: =[25]Brewhouse!$AU131 -> 97.468158 | J16: =[25]Brewhouse!$AV131 -> 97.573015 | K16: =[25]Brewhouse!$R131 -> 4.6792453 | L16: =[25]Brewhouse!$O131 -> 59 | M16: =[25]Brewhouse!$U131-[25]Brewhouse!$T131 -> 0.11805556 | N16: =[25]Brewhouse!$Z131 -> 0.25625 | O16: =[25]Brewhouse!$AW131 -> R. Regis | R16: =B16 -> GUINNESS | S16: =VLOOKUP($B16,$R$3:$X$9,2,FALSE) -> 17 | T16: =VLOOKUP($B16,$R$3:$X$9,3,FALSE) -> 17.5 | U16: =VLOOKUP($B16,$R$3:$X$9,4,FALSE) -> 0 | V16: =VLOOKUP($B16,$R$3:$X$9,5,FALSE) -> 0.10763889 | W16: =VLOOKUP($B16,$R$3:$X$9,6,FALSE) -> 0.24652778 | X16: =VLOOKUP($B16,$R$3:$X$9,7,FALSE) -> 0.28472222 | Y16: =VLOOKUP($B16,$R$3:$Z$9,8,FALSE) -> 0 | Z16: =VLOOKUP($B16,$R$3:$Z$9,9,FALSE) -> 60
B17: 46000
B18: GUINNESS | C18: =[25]Brewhouse!$A132 -> GU119 | D18: =[25]Brewhouse!$AF132 -> 53.7 | E18: =[25]Brewhouse!$AI132 -> 52 | F18: =[25]Brewhouse!$V132 -> 64 | G18: =[25]Brewhouse!$AG132 -> 17.2 | H18: 17.2 | I18: =[25]Brewhouse!$AU132 -> 97.881147 | J18: =[25]Brewhouse!$AV132 -> 97.986467 | K18: =[25]Brewhouse!$R132 -> 7.4725275 | L18: =[25]Brewhouse!$O132 -> 58 | M18: =[25]Brewhouse!$U132-[25]Brewhouse!$T132 -> 0.11458333 | N18: =[25]Brewhouse!$Z132 -> 0.24791667 | O18: =[25]Brewhouse!$AW132 -> R. Regis | R18: =B18 -> GUINNESS | S18: =VLOOKUP($B18,$R$3:$X$9,2,FALSE) -> 17 | T18: =VLOOKUP($B18,$R$3:$X$9,3,FALSE) -> 17.5 | U18: =VLOOKUP($B18,$R$3:$X$9,4,FALSE) -> 0 | V18: =VLOOKUP($B18,$R$3:$X$9,5,FALSE) -> 0.10763889 | W18: =VLOOKUP($B18,$R$3:$X$9,6,FALSE) -> 0.24652778 | X18: =VLOOKUP($B18,$R$3:$X$9,7,FALSE) -> 0.28472222 | Y18: =VLOOKUP($B18,$R$3:$Z$9,8,FALSE) -> 0 | Z18: =VLOOKUP($B18,$R$3:$Z$9,9,FALSE) -> 60
R19: =B19 -> 0 | S19: =VLOOKUP($B19,$R$3:$X$9,2,FALSE) -> #N/A | T19: =VLOOKUP($B19,$R$3:$X$9,3,FALSE) -> #N/A | U19: =VLOOKUP($B19,$R$3:$X$9,4,FALSE) -> #N/A | V19: =VLOOKUP($B19,$R$3:$X$9,5,FALSE) -> #N/A | W19: =VLOOKUP($B19,$R$3:$X$9,6,FALSE) -> #N/A | X19: =VLOOKUP($B19,$R$3:$X$9,7,FALSE) -> #N/A | Y19: =VLOOKUP($B19,$R$3:$Z$9,8,FALSE) -> #N/A | Z19: =VLOOKUP($B19,$R$3:$Z$9,9,FALSE) -> #N/A
R20: =B20 -> 0 | S20: =VLOOKUP($B20,$R$3:$X$9,2,FALSE) -> #N/A | T20: =VLOOKUP($B20,$R$3:$X$9,3,FALSE) -> #N/A | U20: =VLOOKUP($B20,$R$3:$X$9,4,FALSE) -> #N/A | V20: =VLOOKUP($B20,$R$3:$X$9,5,FALSE) -> #N/A | W20: =VLOOKUP($B20,$R$3:$X$9,6,FALSE) -> #N/A | X20: =VLOOKUP($B20,$R$3:$X$9,7,FALSE) -> #N/A | Y20: =VLOOKUP($B20,$R$3:$Z$9,8,FALSE) -> #N/A | Z20: =VLOOKUP($B20,$R$3:$Z$9,9,FALSE) -> #N/A
R21: =B21 -> 0 | S21: =VLOOKUP($B21,$R$3:$X$9,2,FALSE) -> #N/A | T21: =VLOOKUP($B21,$R$3:$X$9,3,FALSE) -> #N/A | U21: =VLOOKUP($B21,$R$3:$X$9,4,FALSE) -> #N/A | V21: =VLOOKUP($B21,$R$3:$X$9,5,FALSE) -> #N/A | W21: =VLOOKUP($B21,$R$3:$X$9,6,FALSE) -> #N/A | X21: =VLOOKUP($B21,$R$3:$X$9,7,FALSE) -> #N/A | Y21: =VLOOKUP($B21,$R$3:$Z$9,8,FALSE) -> #N/A | Z21: =VLOOKUP($B21,$R$3:$Z$9,9,FALSE) -> #N/A
R22: =B22 -> 0 | S22: =VLOOKUP($B22,$R$3:$X$9,2,FALSE) -> #N/A | T22: =VLOOKUP($B22,$R$3:$X$9,3,FALSE) -> #N/A | U22: =VLOOKUP($B22,$R$3:$X$9,4,FALSE) -> #N/A | V22: =VLOOKUP($B22,$R$3:$X$9,5,FALSE) -> #N/A | W22: =VLOOKUP($B22,$R$3:$X$9,6,FALSE) -> #N/A | X22: =VLOOKUP($B22,$R$3:$X$9,7,FALSE) -> #N/A | Y22: =VLOOKUP($B22,$R$3:$Z$9,8,FALSE) -> #N/A | Z22: =VLOOKUP($B22,$R$3:$Z$9,9,FALSE) -> #N/A
R23: =B23 -> 0 | S23: =VLOOKUP($B23,$R$3:$X$9,2,FALSE) -> #N/A | T23: =VLOOKUP($B23,$R$3:$X$9,3,FALSE) -> #N/A | U23: =VLOOKUP($B23,$R$3:$X$9,4,FALSE) -> #N/A | V23: =VLOOKUP($B23,$R$3:$X$9,5,FALSE) -> #N/A | W23: =VLOOKUP($B23,$R$3:$X$9,6,FALSE) -> #N/A | X23: =VLOOKUP($B23,$R$3:$X$9,7,FALSE) -> #N/A | Y23: =VLOOKUP($B23,$R$3:$Z$9,8,FALSE) -> #N/A | Z23: =VLOOKUP($B23,$R$3:$Z$9,9,FALSE) -> #N/A
B24: BRAND | D24: BBT P.G./ O.G | I24: Brand | K24: MTD No. of Brews | L24: MTD | M24: YTD | N24: Target | R24: =B24 -> BRAND | S24: =VLOOKUP($B24,$R$3:$X$9,2,FALSE) -> #N/A | T24: =VLOOKUP($B24,$R$3:$X$9,3,FALSE) -> #N/A | U24: =VLOOKUP($B24,$R$3:$X$9,4,FALSE) -> #N/A | V24: =VLOOKUP($B24,$R$3:$X$9,5,FALSE) -> #N/A | W24: =VLOOKUP($B24,$R$3:$X$9,6,FALSE) -> #N/A | X24: =VLOOKUP($B24,$R$3:$X$9,7,FALSE) -> #N/A | Y24: =VLOOKUP($B24,$R$3:$Z$9,8,FALSE) -> #N/A | Z24: =VLOOKUP($B24,$R$3:$Z$9,9,FALSE) -> #N/A
B25: =I27 -> GUINNESS | C25: {=[25]Process!$D$128:$D$135} -> 17.2 | D25: 17.8 | I25: CARIB | K25: =COUNTA([23]Brewhouse!$A$1005:$A$1006) -> 2 | L25: =AVERAGE([23]Brewhouse!$AU$1005:$AU$1006) -> 100.68772 | M25: =AVERAGE([23]Brewhouse!$AU$102:$AU$171,[23]Brewhouse!$AU$173:$AU$253,[23]Brewhouse!$AU$255:$AU$339,[23]Brewhouse!$AU$341:$AU$346,[23]Brewhouse!$AU$348,[23]Brewhouse!$AU$349:$AU$406,[23]Brewhouse!$AU$408:$AU$491,[23]Brewhouse!$AU$493:$AU$578,[23]Brewhouse!$AU$580:$AU$652,[23]Brewhouse!$AU$655:$AU$738,[23]Brewhouse!$A$740:$A$821,[23]Brewhouse!$AU$823:$AU$862,[24]Brewhouse!$AS$420:$AS$423,[23]Brewhouse!$AU$867:$AU$912,[23]Brewhouse!$AU$914:$AU$1003,[23]Brewhouse!$AU$1005:$AU$1006) -> 97.75908 | N25: 98 | R25: =B25 -> GUINNESS | S25: =VLOOKUP($B25,$R$3:$X$9,2,FALSE) -> 17 | T25: =VLOOKUP($B25,$R$3:$X$9,3,FALSE) -> 17.5 | U25: =VLOOKUP($B25,$R$3:$X$9,4,FALSE) -> 0 | V25: =VLOOKUP($B25,$R$3:$X$9,5,FALSE) -> 0.10763889 | W25: =VLOOKUP($B25,$R$3:$X$9,6,FALSE) -> 0.24652778 | X25: =VLOOKUP($B25,$R$3:$X$9,7,FALSE) -> 0.28472222 | Y25: =VLOOKUP($B25,$R$3:$Z$9,8,FALSE) -> 0 | Z25: =VLOOKUP($B25,$R$3:$Z$9,9,FALSE) -> 60
C26: 17 | I26: STAG | K26: =COUNTA([24]Brewhouse!$A$486:$A$503) -> 18 | L26: =AVERAGE([24]Brewhouse!$AS$486:$AS$503) -> 96.253729 | M26: =AVERAGE([24]Brewhouse!$AS$15:$AS$64,[24]Brewhouse!$AS$66:$AS$103,[24]Brewhouse!$AS$105:$AS$140,[24]Brewhouse!$AS$142:$AS$193,[24]Brewhouse!$AS$195:$AS$240,[24]Brewhouse!$AS$242:$AS$273,[24]Brewhouse!$AS$275:$AS$322,[24]Brewhouse!$AS$324:$AS$359,[24]Brewhouse!$AS$361:$AS$397,[24]Brewhouse!$AS$399:$AS$419,[24]Brewhouse!$AS$424:$AS$447,[24]Brewhouse!$AS$449:$AS$484,[24]Brewhouse!$AS$486:$AS$503) -> 97.787421 | N26: 98 | R26: =B26 -> 0 | S26: =VLOOKUP($B26,$R$3:$X$9,2,FALSE) -> #N/A | T26: =VLOOKUP($B26,$R$3:$X$9,3,FALSE) -> #N/A | U26: =VLOOKUP($B26,$R$3:$X$9,4,FALSE) -> #N/A | V26: =VLOOKUP($B26,$R$3:$X$9,5,FALSE) -> #N/A | W26: =VLOOKUP($B26,$R$3:$X$9,6,FALSE) -> #N/A | X26: =VLOOKUP($B26,$R$3:$X$9,7,FALSE) -> #N/A | Y26: =VLOOKUP($B26,$R$3:$Z$9,8,FALSE) -> #N/A | Z26: =VLOOKUP($B26,$R$3:$Z$9,9,FALSE) -> #N/A
C27: 17.3 | D27: 17.66 | I27: GUINNESS | J27: =AVERAGE(I10:I16) -> 96.273305 | K27: =COUNTA([25]Brewhouse!$A$125:$A$132) -> 8 | L27: =AVERAGE([25]Brewhouse!$AU$125:$AU$132) -> 96.474286 | M27: =AVERAGE([25]Brewhouse!$AU$4:$AU$7,[25]Brewhouse!$AU$9:$AU$22,[25]Brewhouse!$AU$24:$AU$35,[25]Brewhouse!$AU$37:$AU$45,[25]Brewhouse!$AU$47:$AU$62,[25]Brewhouse!$AU$64:$AU$79,[25]Brewhouse!$AU$81:$AU$92,[25]Brewhouse!$AU$94:$AU$97,[25]Brewhouse!$AU$99:$AU$106,[25]Brewhouse!$AU$116:$AU$123,[25]Brewhouse!$AU$125:$AU$132) -> 96.480773 | N27: 98 | R27: =B27 -> 0 | S27: =VLOOKUP($B27,$R$3:$X$9,2,FALSE) -> #N/A | T27: =VLOOKUP($B27,$R$3:$X$9,3,FALSE) -> #N/A | U27: =VLOOKUP($B27,$R$3:$X$9,4,FALSE) -> #N/A | V27: =VLOOKUP($B27,$R$3:$X$9,5,FALSE) -> #N/A | W27: =VLOOKUP($B27,$R$3:$X$9,6,FALSE) -> #N/A | X27: =VLOOKUP($B27,$R$3:$X$9,7,FALSE) -> #N/A | Y27: =VLOOKUP($B27,$R$3:$Z$9,8,FALSE) -> #N/A | Z27: =VLOOKUP($B27,$R$3:$Z$9,9,FALSE) -> #N/A
C28: 17.4 | I28: VITAMALT | K28: =COUNTA([22]Brewhouse!$A$107:$A$116) -> 10 | L28: =AVERAGE([22]Brewhouse!$AV$107:$AV$116) -> 97.093478 | M28: =AVERAGE([22]Brewhouse!$AV$5:$AV$14,[22]Brewhouse!$AV$16:$AV$19,[22]Brewhouse!$AV$21:$AV$24,[22]Brewhouse!$AV$26:$AV$33,[22]Brewhouse!$AV$35:$AV$46,[22]Brewhouse!$AV$48:$AV$53,[22]Brewhouse!$AV$55:$AV$62,[22]Brewhouse!$AV$64:$AV$77,[22]Brewhouse!$AV$79:$AV$86,[22]Brewhouse!$AV$88:$AV$95,[22]Brewhouse!$AV$97:$AV$104,[22]Brewhouse!$AV$107:$AV$116) -> 98.152691 | N28: 98 | R28: =B28 -> 0 | S28: =VLOOKUP($B28,$R$3:$X$9,2,FALSE) -> #N/A | T28: =VLOOKUP($B28,$R$3:$X$9,3,FALSE) -> #N/A | U28: =VLOOKUP($B28,$R$3:$X$9,4,FALSE) -> #N/A | V28: =VLOOKUP($B28,$R$3:$X$9,5,FALSE) -> #N/A | W28: =VLOOKUP($B28,$R$3:$X$9,6,FALSE) -> #N/A | X28: =VLOOKUP($B28,$R$3:$X$9,7,FALSE) -> #N/A | Y28: =VLOOKUP($B28,$R$3:$Z$9,8,FALSE) -> #N/A | Z28: =VLOOKUP($B28,$R$3:$Z$9,9,FALSE) -> #N/A
C29: 17.3 | D29: 17.42 | I29: MAXIMALT | N29: 98 | R29: =B29 -> 0 | S29: =VLOOKUP($B29,$R$3:$X$9,2,FALSE) -> #N/A | T29: =VLOOKUP($B29,$R$3:$X$9,3,FALSE) -> #N/A | U29: =VLOOKUP($B29,$R$3:$X$9,4,FALSE) -> #N/A | V29: =VLOOKUP($B29,$R$3:$X$9,5,FALSE) -> #N/A | W29: =VLOOKUP($B29,$R$3:$X$9,6,FALSE) -> #N/A | X29: =VLOOKUP($B29,$R$3:$X$9,7,FALSE) -> #N/A | Y29: =VLOOKUP($B29,$R$3:$Z$9,8,FALSE) -> #N/A | Z29: =VLOOKUP($B29,$R$3:$Z$9,9,FALSE) -> #N/A
C30: 17.3 | I30: MACKESON | M30: =AVERAGE([26]Brewhouse!$AT$4:$AT$11,[26]Brewhouse!$AT$13:$AT$16,[26]Brewhouse!$AT$18:$AT$21,[26]Brewhouse!$AT$26,[26]Brewhouse!$AT$28:$AT$35) -> 94.794664 | N30: 98 | R30: =B30 -> 0 | S30: =VLOOKUP($B30,$R$3:$X$9,2,FALSE) -> #N/A | T30: =VLOOKUP($B30,$R$3:$X$9,3,FALSE) -> #N/A | U30: =VLOOKUP($B30,$R$3:$X$9,4,FALSE) -> #N/A | V30: =VLOOKUP($B30,$R$3:$X$9,5,FALSE) -> #N/A | W30: =VLOOKUP($B30,$R$3:$X$9,6,FALSE) -> #N/A | X30: =VLOOKUP($B30,$R$3:$X$9,7,FALSE) -> #N/A | Y30: =VLOOKUP($B30,$R$3:$Z$9,8,FALSE) -> #N/A | Z30: =VLOOKUP($B30,$R$3:$Z$9,9,FALSE) -> #N/A
C31: 17.3 | D31: 17.53 | I31: STARMALT | K31: =COUNTA([27]Brewhouse!$A$99:$A$108) -> 10 | L31: =AVERAGE([27]Brewhouse!$AY$99:$AY$108) -> 97.413703 | M31: =AVERAGE([27]Brewhouse!$AY$6:$AY$13,[27]Brewhouse!$AY$15:$AY$20,[27]Brewhouse!$AY$22:$AY$29,[27]Brewhouse!$AY$31:$AY$34,[27]Brewhouse!$AY$36:$AY$43,[27]Brewhouse!$AY$45:$AY$50, [27]Brewhouse!$AY$56:$AY$73,[27]Brewhouse!$AY$75:$AY$92,[27]Brewhouse!$AY$94:$AY$97,[27]Brewhouse!$AY$99:$AY$108) -> 97.375027 | N31: 98 | R31: =B31 -> 0 | S31: =VLOOKUP($B31,$R$3:$X$9,2,FALSE) -> #N/A | T31: =VLOOKUP($B31,$R$3:$X$9,3,FALSE) -> #N/A | U31: =VLOOKUP($B31,$R$3:$X$9,4,FALSE) -> #N/A | V31: =VLOOKUP($B31,$R$3:$X$9,5,FALSE) -> #N/A | W31: =VLOOKUP($B31,$R$3:$X$9,6,FALSE) -> #N/A | X31: =VLOOKUP($B31,$R$3:$X$9,7,FALSE) -> #N/A | Y31: =VLOOKUP($B31,$R$3:$Z$9,8,FALSE) -> #N/A | Z31: =VLOOKUP($B31,$R$3:$Z$9,9,FALSE) -> #N/A
C32: 17.9 | I32: HR- Pils | M32: =AVERAGE([28]Brewhouse!$AU$5:$AU$8,[28]Brewhouse!$AU$10:$AU$13,[27]Brewhouse!$AY$75:$AY$77) -> 94.749192 | N32: 98 | R32: =B32 -> 0 | S32: =VLOOKUP($B32,$R$3:$X$9,2,FALSE) -> #N/A | T32: =VLOOKUP($B32,$R$3:$X$9,3,FALSE) -> #N/A | U32: =VLOOKUP($B32,$R$3:$X$9,4,FALSE) -> #N/A | V32: =VLOOKUP($B32,$R$3:$X$9,5,FALSE) -> #N/A | W32: =VLOOKUP($B32,$R$3:$X$9,6,FALSE) -> #N/A | X32: =VLOOKUP($B32,$R$3:$X$9,7,FALSE) -> #N/A | Y32: =VLOOKUP($B32,$R$3:$Z$9,8,FALSE) -> #N/A | Z32: =VLOOKUP($B32,$R$3:$Z$9,9,FALSE) -> #N/A
I33: HR- IPA | M33: =AVERAGE([29]Brewhouse!$AW$26:$AW$27) -> 95.310681 | N33: 98 | R33: =B33 -> 0 | S33: =VLOOKUP($B33,$R$3:$X$9,2,FALSE) -> #N/A | T33: =VLOOKUP($B33,$R$3:$X$9,3,FALSE) -> #N/A | U33: =VLOOKUP($B33,$R$3:$X$9,4,FALSE) -> #N/A | V33: =VLOOKUP($B33,$R$3:$X$9,5,FALSE) -> #N/A | W33: =VLOOKUP($B33,$R$3:$X$9,6,FALSE) -> #N/A | X33: =VLOOKUP($B33,$R$3:$X$9,7,FALSE) -> #N/A | Y33: =VLOOKUP($B33,$R$3:$Z$9,8,FALSE) -> #N/A | Z33: =VLOOKUP($B33,$R$3:$Z$9,9,FALSE) -> #N/A
I34: HR- APA | M34: =AVERAGE([30]Brewhouse!$AU$13:$AU$14) -> 97.110575 | N34: 98 | R34: =B34 -> 0 | S34: =VLOOKUP($B34,$R$3:$X$9,2,FALSE) -> #N/A | T34: =VLOOKUP($B34,$R$3:$X$9,3,FALSE) -> #N/A | U34: =VLOOKUP($B34,$R$3:$X$9,4,FALSE) -> #N/A | V34: =VLOOKUP($B34,$R$3:$X$9,5,FALSE) -> #N/A | W34: =VLOOKUP($B34,$R$3:$X$9,6,FALSE) -> #N/A | X34: =VLOOKUP($B34,$R$3:$X$9,7,FALSE) -> #N/A | Y34: =VLOOKUP($B34,$R$3:$Z$9,8,FALSE) -> #N/A | Z34: =VLOOKUP($B34,$R$3:$Z$9,9,FALSE) -> #N/A
K35: =SUM(K25:K34) -> 48 | L35: =((L25*K25)+(L26*K26)+(L27*K27)+(L28*K28)+(L29*K29)+(K32*L32)+(L30*K30)+(L31*K31)+(L34*K34))/(K35) -> 96.891847 | M35: =AVERAGE('[31]Jan 31st'!$L$65,'[32]Feb 28th'!$L$35,'[33]Mar. 31st'!$L$35,'[34]Apr. 30th'!$L$45,'[35]May 30th'!$L$37,'[36]June 30th'!$L$57,'[37]July 29th '!$L$44,'[38]Aug 29th'!$L$29,'[39]Sept 30th'!$L$35,L35) -> 97.507135 | N35: 98 | R35: =B35 -> 0 | S35: =VLOOKUP($B35,$R$3:$X$9,2,FALSE) -> #N/A | T35: =VLOOKUP($B35,$R$3:$X$9,3,FALSE) -> #N/A | U35: =VLOOKUP($B35,$R$3:$X$9,4,FALSE) -> #N/A | V35: =VLOOKUP($B35,$R$3:$X$9,5,FALSE) -> #N/A | W35: =VLOOKUP($B35,$R$3:$X$9,6,FALSE) -> #N/A | X35: =VLOOKUP($B35,$R$3:$X$9,7,FALSE) -> #N/A | Y35: =VLOOKUP($B35,$R$3:$Z$9,8,FALSE) -> #N/A | Z35: =VLOOKUP($B35,$R$3:$Z$9,9,FALSE) -> #N/A
R36: =B36 -> 0 | S36: =VLOOKUP($B36,$R$3:$X$9,2,FALSE) -> #N/A | T36: =VLOOKUP($B36,$R$3:$X$9,3,FALSE) -> #N/A | U36: =VLOOKUP($B36,$R$3:$X$9,4,FALSE) -> #N/A | V36: =VLOOKUP($B36,$R$3:$X$9,5,FALSE) -> #N/A | W36: =VLOOKUP($B36,$R$3:$X$9,6,FALSE) -> #N/A | X36: =VLOOKUP($B36,$R$3:$X$9,7,FALSE) -> #N/A | Y36: =VLOOKUP($B36,$R$3:$Z$9,8,FALSE) -> #N/A | Z36: =VLOOKUP($B36,$R$3:$Z$9,9,FALSE) -> #N/A
J37: Daily Brewing Plan
J38: Brand | K38: Brews Achieved | L38: Average Brews per day
J39: CARIB | L39: MTD | M39: YTD | N39: TARGET
J40: STAG | L40: =AVERAGE('Dec 1st'!K43,'Dec 2nd'!K49,'Dec 3rd '!K58,'Dec 4th'!K51,'Dec 5th-7th'!I70,'Dec 5th-7th'!J70,'Dec 5th-7th'!K70,'Dec 8th '!K49) -> 5.875 | M40: =AVERAGE('[31]Jan 29th '!$M$70,'[32]Feb 28th'!$L$40,'[33]Mar. 31st'!$L$40,'[34]Apr. 30th'!$L$50,'[35]May 30th'!$L$42,'[36]June 30th'!$L$62,'[37]July 29th '!$L$49,'[38]Aug 29th'!$L$34,'[39]Sept 30th'!$L$40,[40]Oct.31st!$L$43,'[41]Nov 28th-30th'!$L$45,L40) -> 6.8791144 | N40: 9.2
J41: GUINN | K41: 7
J42: VITAMALT
J43: STARMALT
J44: MACKESON
J45: HURRICANE REEF- IPA
J46: HURRICANE REEF- APA
B47: AVERAGE | J47: HR- PILSNER
J48: CARIBE
J49: Total | K49: =SUM(K39:K48) -> 7
B50: Process: | C50: Fermentation/Filtration
B52: Brand | C52: Filt. Date | D52: FV Hls | E52: GFE/ Prim/ Vita Blend (Hls) | F52: SV Hls | G52: BBT Hls | H52: Loss (%) Ferm | I52: Loss (%) Filt | J52: Comments | K52: Throughput | L52: Process Loss (%) | M52: Filt. Operator
AB53: 43474 | AC53: 43475 | AD53: 43476 | AE53: 43477 | AF53: 43478 | AG53: 43479 | AH53: 43480 | AI53: 43481 | AJ53: 43482 | AK53: 43483 | AL53: 43484 | AM53: 43485 | AN53: 43486 | AO53: 43487 | AP53: 43488 | AQ53: 43489 | AR53: 43490 | AS53: 43491 | AT53: 43492 | AU53: 43493 | AV53: 43494 | AW53: 43495 | AX53: 43496
B54: =I27 -> GUINNESS | C54: 45999 | D54: =[42]December_2025!$K$23 -> 403.1 | F54: =[44]GUINNESS!$S$6 -> 9 | G54: =[42]December_2025!$K$28 -> 360.1 | J54: 3 SBF | K54: =[43]December_2025!$K$32 -> 0.31587719 | L54: =(((D54+E54)-G54)/(D54+E54))*100 -> 10.667328 | M54: R. Regis | AB54: =[20]January_2019!L7 -> 285.8 | AC54: =[20]January_2019!M7 -> 508.1 | AD54: =[20]January_2019!N7 -> 0 | AE54: =[20]January_2019!O7 -> 0 | AF54: =[20]January_2019!P7 -> 109.56667 | AG54: =[20]January_2019!Q7 -> 297.65 | AH54: =[20]January_2019!R7 -> 122.3 | AI54: =[20]January_2019!S7 -> 0 | ... AX54: =[20]January_2019!AH7 -> 0
L56: =(((D56+E56)-G56)/(D56+E56))*100 -> #DIV/0!
L60: =(((D60+E60)-G60)/(D60+E60))*100 -> #DIV/0!
B63: Process Loss (Volume) | G63: Process Loss (Extract) | K63: Throughput
B64: Brand | C64: Actual | D64: MTD | E64: YTD | F64: Target | G64: Actual | H64: MTD | I64: YTD | J64: Target | K64: Actual | L64: MTD | M64: YTD | N64: Target
B65: CARIB | D65: 5.9758575 | E65: 6.0702956 | F65: 4.8 | H65: 5.2012421 | I65: 5.9880236 | J65: 4.8 | L65: 0.44929825 | M65: 0.72631456 | N65: 1
B66: STAG | D66: 1.5625804 | E66: 5.5960665 | F66: 4.8 | H66: 2.1472714 | I66: 6.1167972 | J66: 4.8 | L66: 0.45210526 | M66: 0.67706582 | N66: 1
B67: GUINN | C67: =L54 -> 10.667328 | D67: 12.618297 | E67: 11.122539 | F67: 5.5 | G67: =[42]December_2025!$K$32 -> 12.654091 | H67: 12.288893 | I67: 12.520142 | J67: 5.5 | K67: =K54 -> 0.31587719 | L67: 0.31587719 | M67: 0.50769967 | N67: 1
B68: VITAMALT | D68: 3.6210128 | E68: 4.5238318 | F68: 3.3 | H68: 2.8491888 | I68: 4.2621233 | J68: 3.3 | L68: 0.67114035 | M68: 0.81111568 | N68: 1
B69: APA | E69: 7.8373016 | F69: 3.3 | I69: 5.3377569 | J69: 3 | M69: 0.32596491 | N69: 1
B70: MACKESON | E70: 6.8851328 | F70: =[21]May_2022!$M$43 -> 3.4878407 | I70: 8.6614709 | J70: 5.5 | M70: 0.73160819 | N70: 1
B71: STARMALT | E71: 2.9297033 | F71: 3.3 | I71: 4.2684292 | J71: 3.3 | M71: 0.84660148 | N71: 1
B72: IPA | E72: 11.483254 | F72: 7.5 | I72: 9.7934336 | J72: 7.5 | M72: 0.3245614 | N72: 1
B73: HURRICANE REEF PILS | E73: 7.2653645 | F73: 4.8 | I73: 8.1715311 | J73: 4.8 | M73: 0.51368421 | N73: 1
D74: 5.544483 | E74: 6.091186 | F74: 5.5 | H74: 5.5540086 | I74: 6.5097096 | J74: 5.5 | L74: 0.49442356 | M74: 0.69936814 | N74: 1

Sheet Dec 9th
S1: P.G. | U1: Hot Time | W1: Process Time | Y1: Cooling Time
B2: Brewing Department Daily Process Loss Report | S2: Lower | T2: Upper | U2: Lower | V2: Upper | W2: Lower | X2: Upper | Y2: Lower | Z2: Upper
R3: CARIB | S3: 11.6 | T3: 12 | U3: 0 | V3: 0.11805556 | W3: 0.22569444 | X3: 0.26388889 | Y3: 0 | Z3: 60 | AB3: HR- PISNER
B4: Date: | C4: 46001 | J4: LOT WORT COLOUR: | M4: Filter Sheets (Target 20 days) | R4: STAG | S4: 11.6 | T4: 12 | U4: 0 | V4: 0.11805556 | W4: 0.22569444 | X4: 0.26388889 | Y4: 0 | Z4: 60
M5: Double | N5: Single | R5: GUINNESS | S5: 17 | T5: 17.5 | U5: 0 | V5: 0.10763889 | W5: 0.24652778 | X5: 0.28472222 | Y5: 0 | Z5: 60
J6: MALT LOT: Lot #8 | L6: Sheet Day | R6: MACKESON | S6: 13.3 | T6: 13.5 | U6: 0 | V6: 0.12905093 | W6: 0.27430556 | X6: 0.30208333 | Y6: 0
R7: STARMALT | S7: 17 | T7: 17.4 | U7: 0 | V7: 0.13605324 | W7: 0.27430556 | X7: 0.30902778 | Y7: 0 | Z7: 85
B8: Brand | C8: Brew no. | D8: Kett. Hls | E8: Wort | F8: Cool Time(Mins) | G8: Cast. P.G. (Lab Result) | H8: Cast P.G. (Cellar Operator)-gravity | I8: Extr. Rec (77.9%) | J8: Theor. Extr. (77.5%) | K8: Boil Off /Vol. (4-6%) | L8: Boil Time | M8: Total Hot | N8: Brewing | O8: Operator | R8: Hurricane Reef | S8: 16.6 | T8: 17 | U8: 0 | V8: 0.12905093 | W8: 0.27430556 | X8: 0.30208333 | Y8: 0
E9: Meter (Hls) | F9: Target(< 60Mins) | M9: Time | R9: VITAMALT | S9: 14.2 | T9: 14.6 | U9: 0 | V9: 0.13905093 | W9: 0.26041667 | X9: 0.29513889 | Y9: 0 | Z9: 75
B10: CARIB | C10: =[23]Brewhouse!$A1007 -> CA891 | D10: =[23]Brewhouse!$AF1007 -> 48.7 | E10: =[23]Brewhouse!$AI1007 -> 48.5 | F10: =[23]Brewhouse!$V1007 -> 60 | G10: =[23]Brewhouse!AG1007 -> 11.6 | H10: 11.7 | I10: =[23]Brewhouse!$AU1007 -> 92.964197 | J10: =[23]Brewhouse!$AV1007 -> 93.446179 | K10: =[23]Brewhouse!$Q1007 -> 9.4716981 | L10: =[23]Brewhouse!$P1007 -> 60 | M10: =[23]Brewhouse!$U1007-[23]Brewhouse!$T1007 -> 0.11527778 | N10: =[23]Brewhouse!$Z1007 -> 0.24305556 | O10: =[23]Brewhouse!$AX1007 -> K. Benjamin | R10: =B10 -> CARIB | S10: =VLOOKUP($B10,$R$3:$X$9,2,FALSE) -> 11.6 | T10: =VLOOKUP($B10,$R$3:$X$9,3,FALSE) -> 12 | U10: =VLOOKUP($B10,$R$3:$X$9,4,FALSE) -> 0 | V10: =VLOOKUP($B10,$R$3:$X$9,5,FALSE) -> 0.11805556 | W10: =VLOOKUP($B10,$R$3:$X$9,6,FALSE) -> 0.22569444 | X10: =VLOOKUP($B10,$R$3:$X$9,7,FALSE) -> 0.26388889 | Y10: =VLOOKUP($B10,$R$3:$Z$9,8,FALSE) -> 0 | Z10: =VLOOKUP($B10,$R$3:$Z$9,9,FALSE) -> 60
B11: CARIB | C11: =[23]Brewhouse!$A1008 -> CA892 | D11: =[23]Brewhouse!$AF1008 -> 50 | E11: =[23]Brewhouse!$AI1008 -> 49.5 | F11: =[23]Brewhouse!$V1008 -> 57 | G11: =[23]Brewhouse!AG1008 -> 12 | H11: 12 | I11: =[23]Brewhouse!$AU1008 -> 98.325508 | J11: =[23]Brewhouse!$AV1008 -> 98.835288 | K11: =[23]Brewhouse!$Q1008 -> 7.0188679 | L11: =[23]Brewhouse!$P1008 -> 61 | M11: =[23]Brewhouse!$U1008-[23]Brewhouse!$T1008 -> 0.10555556 | N11: =[23]Brewhouse!$Z1008 -> 0.24166667 | O11: =[23]Brewhouse!$AX1008 -> K. Benjamin | R11: =B11 -> CARIB | S11: =VLOOKUP($B11,$R$3:$X$9,2,FALSE) -> 11.6 | T11: =VLOOKUP($B11,$R$3:$X$9,3,FALSE) -> 12 | U11: =VLOOKUP($B11,$R$3:$X$9,4,FALSE) -> 0 | V11: =VLOOKUP($B11,$R$3:$X$9,5,FALSE) -> 0.11805556 | W11: =VLOOKUP($B11,$R$3:$X$9,6,FALSE) -> 0.22569444 | X11: =VLOOKUP($B11,$R$3:$X$9,7,FALSE) -> 0.26388889 | Y11: =VLOOKUP($B11,$R$3:$Z$9,8,FALSE) -> 0 | Z11: =VLOOKUP($B11,$R$3:$Z$9,9,FALSE) -> 60
B12: CARIB | C12: =[23]Brewhouse!$A1009 -> CA893 | D12: =[23]Brewhouse!$AF1009 -> 50.5 | E12: =[23]Brewhouse!$AI1009 -> 50.5 | F12: =[23]Brewhouse!$V1009 -> 61 | G12: =[23]Brewhouse!AG1009 -> 11.9 | H12: 12 | I12: =[23]Brewhouse!$AU1009 -> 99.679051 | J12: =[23]Brewhouse!$AV1009 -> 100.19576 | K12: =[23]Brewhouse!$Q1009 -> 6.0754717 | L12: =[23]Brewhouse!$P1009 -> 60 | M12: =[23]Brewhouse!$U1009-[23]Brewhouse!$T1009 -> 0.10972222 | N12: =[23]Brewhouse!$Z1009 -> 0.24583333 | O12: =[23]Brewhouse!$AX1009 -> K. Benjamin | R12: =B12 -> CARIB | S12: =VLOOKUP($B12,$R$3:$X$9,2,FALSE) -> 11.6 | T12: =VLOOKUP($B12,$R$3:$X$9,3,FALSE) -> 12 | U12: =VLOOKUP($B12,$R$3:$X$9,4,FALSE) -> 0 | V12: =VLOOKUP($B12,$R$3:$X$9,5,FALSE) -> 0.11805556 | W12: =VLOOKUP($B12,$R$3:$X$9,6,FALSE) -> 0.22569444 | X12: =VLOOKUP($B12,$R$3:$X$9,7,FALSE) -> 0.26388889 | Y12: =VLOOKUP($B12,$R$3:$Z$9,8,FALSE) -> 0 | Z12: =VLOOKUP($B12,$R$3:$Z$9,9,FALSE) -> 60
B13: CARIB | C13: =[23]Brewhouse!$A1010 -> CA894 | D13: =[23]Brewhouse!$AF1010 -> 52.2 | E13: =[23]Brewhouse!$AI1010 -> 51.5 | F13: =[23]Brewhouse!$V1010 -> 63 | G13: =[23]Brewhouse!AG1010 -> 11.7 | H13: 11.7 | I13: =[23]Brewhouse!$AU1010 -> 99.856618 | J13: =[23]Brewhouse!$AV1010 -> 100.37425 | K13: =[23]Brewhouse!$Q1010 -> 2.8679245 | L13: =[23]Brewhouse!$P1010 -> 61 | M13: =[23]Brewhouse!$U1010-[23]Brewhouse!$T1010 -> 0.10625 | N13: =[23]Brewhouse!$Z1010 -> 0.25069444 | O13: =[23]Brewhouse!$AX1010 -> K. Benjamin | R13: =B13 -> CARIB | S13: =VLOOKUP($B13,$R$3:$X$9,2,FALSE) -> 11.6 | T13: =VLOOKUP($B13,$R$3:$X$9,3,FALSE) -> 12 | U13: =VLOOKUP($B13,$R$3:$X$9,4,FALSE) -> 0 | V13: =VLOOKUP($B13,$R$3:$X$9,5,FALSE) -> 0.11805556 | W13: =VLOOKUP($B13,$R$3:$X$9,6,FALSE) -> 0.22569444 | X13: =VLOOKUP($B13,$R$3:$X$9,7,FALSE) -> 0.26388889 | Y13: =VLOOKUP($B13,$R$3:$Z$9,8,FALSE) -> 0 | Z13: =VLOOKUP($B13,$R$3:$Z$9,9,FALSE) -> 60
B14: CARIB | C14: =[23]Brewhouse!$A1011 -> CA895 | D14: =[23]Brewhouse!$AF1011 -> 51.9 | E14: =[23]Brewhouse!$AI1011 -> 52.5 | F14: =[23]Brewhouse!$V1011 -> 67 | G14: =[23]Brewhouse!AG1011 -> 11.6 | H14: 11.6 | I14: =[23]Brewhouse!$AU1011 -> 100.75552 | J14: =[23]Brewhouse!$AV1011 -> 101.27786 | K14: =[23]Brewhouse!$Q1011 -> 3.6158192 | L14: =[23]Brewhouse!$P1011 -> 61 | M14: =[23]Brewhouse!$U1011-[23]Brewhouse!$T1011 -> 0.11666667 | N14: =[23]Brewhouse!$Z1011 -> 0.26388889 | O14: =[23]Brewhouse!$AX1011 -> R. Regis | R14: =B14 -> CARIB | S14: =VLOOKUP($B14,$R$3:$X$9,2,FALSE) -> 11.6 | T14: =VLOOKUP($B14,$R$3:$X$9,3,FALSE) -> 12 | U14: =VLOOKUP($B14,$R$3:$X$9,4,FALSE) -> 0 | V14: =VLOOKUP($B14,$R$3:$X$9,5,FALSE) -> 0.11805556 | W14: =VLOOKUP($B14,$R$3:$X$9,6,FALSE) -> 0.22569444 | X14: =VLOOKUP($B14,$R$3:$X$9,7,FALSE) -> 0.26388889 | Y14: =VLOOKUP($B14,$R$3:$Z$9,8,FALSE) -> 0 | Z14: =VLOOKUP($B14,$R$3:$Z$9,9,FALSE) -> 60
B15: 46001 | R15: =B15 -> 46001 | S15: =VLOOKUP($B15,$R$3:$X$9,2,FALSE) -> #N/A | T15: =VLOOKUP($B15,$R$3:$X$9,3,FALSE) -> #N/A | U15: =VLOOKUP($B15,$R$3:$X$9,4,FALSE) -> #N/A | V15: =VLOOKUP($B15,$R$3:$X$9,5,FALSE) -> #N/A | W15: =VLOOKUP($B15,$R$3:$X$9,6,FALSE) -> #N/A | X15: =VLOOKUP($B15,$R$3:$X$9,7,FALSE) -> #N/A | Y15: =VLOOKUP($B15,$R$3:$Z$9,8,FALSE) -> #N/A | Z15: =VLOOKUP($B15,$R$3:$Z$9,9,FALSE) -> #N/A
B16: CARIB | C16: =[23]Brewhouse!$A1012 -> CA896 | D16: =[23]Brewhouse!$AF1012 -> 52.8 | E16: =[23]Brewhouse!$AI1012 -> 53.5 | F16: =[23]Brewhouse!$V1012 -> 64 | G16: =[23]Brewhouse!AG1012 -> 11.6 | H16: 11.6 | I16: =[23]Brewhouse!$AU1012 -> 103.05618 | J16: =[23]Brewhouse!$AV1012 -> 103.59031 | K16: =[23]Brewhouse!$Q1012 -> 2.6741996 | L16: =[23]Brewhouse!$P1012 -> 60 | M16: =[23]Brewhouse!$U1012-[23]Brewhouse!$T1012 -> 0.11180556 | N16: =[23]Brewhouse!$Z1012 -> 0.25416667 | O16: =[23]Brewhouse!$AX1012 -> R. Regis | R16: =B16 -> CARIB | S16: =VLOOKUP($B16,$R$3:$X$9,2,FALSE) -> 11.6 | T16: =VLOOKUP($B16,$R$3:$X$9,3,FALSE) -> 12 | U16: =VLOOKUP($B16,$R$3:$X$9,4,FALSE) -> 0 | V16: =VLOOKUP($B16,$R$3:$X$9,5,FALSE) -> 0.11805556 | W16: =VLOOKUP($B16,$R$3:$X$9,6,FALSE) -> 0.22569444 | X16: =VLOOKUP($B16,$R$3:$X$9,7,FALSE) -> 0.26388889 | Y16: =VLOOKUP($B16,$R$3:$Z$9,8,FALSE) -> 0 | Z16: =VLOOKUP($B16,$R$3:$Z$9,9,FALSE) -> 60
R17: =B17 -> 0 | S17: =VLOOKUP($B17,$R$3:$X$9,2,FALSE) -> #N/A | T17: =VLOOKUP($B17,$R$3:$X$9,3,FALSE) -> #N/A | U17: =VLOOKUP($B17,$R$3:$X$9,4,FALSE) -> #N/A | V17: =VLOOKUP($B17,$R$3:$X$9,5,FALSE) -> #N/A | W17: =VLOOKUP($B17,$R$3:$X$9,6,FALSE) -> #N/A | X17: =VLOOKUP($B17,$R$3:$X$9,7,FALSE) -> #N/A | Y17: =VLOOKUP($B17,$R$3:$Z$9,8,FALSE) -> #N/A | Z17: =VLOOKUP($B17,$R$3:$Z$9,9,FALSE) -> #N/A
R18: =B18 -> 0 | S18: =VLOOKUP($B18,$R$3:$X$9,2,FALSE) -> #N/A | T18: =VLOOKUP($B18,$R$3:$X$9,3,FALSE) -> #N/A | U18: =VLOOKUP($B18,$R$3:$X$9,4,FALSE) -> #N/A | V18: =VLOOKUP($B18,$R$3:$X$9,5,FALSE) -> #N/A | W18: =VLOOKUP($B18,$R$3:$X$9,6,FALSE) -> #N/A | X18: =VLOOKUP($B18,$R$3:$X$9,7,FALSE) -> #N/A | Y18: =VLOOKUP($B18,$R$3:$Z$9,8,FALSE) -> #N/A | Z18: =VLOOKUP($B18,$R$3:$Z$9,9,FALSE) -> #N/A
R19: =B19 -> 0 | S19: =VLOOKUP($B19,$R$3:$X$9,2,FALSE) -> #N/A | T19: =VLOOKUP($B19,$R$3:$X$9,3,FALSE) -> #N/A | U19: =VLOOKUP($B19,$R$3:$X$9,4,FALSE) -> #N/A | V19: =VLOOKUP($B19,$R$3:$X$9,5,FALSE) -> #N/A | W19: =VLOOKUP($B19,$R$3:$X$9,6,FALSE) -> #N/A | X19: =VLOOKUP($B19,$R$3:$X$9,7,FALSE) -> #N/A | Y19: =VLOOKUP($B19,$R$3:$Z$9,8,FALSE) -> #N/A | Z19: =VLOOKUP($B19,$R$3:$Z$9,9,FALSE) -> #N/A
R20: =B20 -> 0 | S20: =VLOOKUP($B20,$R$3:$X$9,2,FALSE) -> #N/A | T20: =VLOOKUP($B20,$R$3:$X$9,3,FALSE) -> #N/A | U20: =VLOOKUP($B20,$R$3:$X$9,4,FALSE) -> #N/A | V20: =VLOOKUP($B20,$R$3:$X$9,5,FALSE) -> #N/A | W20: =VLOOKUP($B20,$R$3:$X$9,6,FALSE) -> #N/A | X20: =VLOOKUP($B20,$R$3:$X$9,7,FALSE) -> #N/A | Y20: =VLOOKUP($B20,$R$3:$Z$9,8,FALSE) -> #N/A | Z20: =VLOOKUP($B20,$R$3:$Z$9,9,FALSE) -> #N/A
R21: =B21 -> 0 | S21: =VLOOKUP($B21,$R$3:$X$9,2,FALSE) -> #N/A | T21: =VLOOKUP($B21,$R$3:$X$9,3,FALSE) -> #N/A | U21: =VLOOKUP($B21,$R$3:$X$9,4,FALSE) -> #N/A | V21: =VLOOKUP($B21,$R$3:$X$9,5,FALSE) -> #N/A | W21: =VLOOKUP($B21,$R$3:$X$9,6,FALSE) -> #N/A | X21: =VLOOKUP($B21,$R$3:$X$9,7,FALSE) -> #N/A | Y21: =VLOOKUP($B21,$R$3:$Z$9,8,FALSE) -> #N/A | Z21: =VLOOKUP($B21,$R$3:$Z$9,9,FALSE) -> #N/A
R22: =B22 -> 0 | S22: =VLOOKUP($B22,$R$3:$X$9,2,FALSE) -> #N/A | T22: =VLOOKUP($B22,$R$3:$X$9,3,FALSE) -> #N/A | U22: =VLOOKUP($B22,$R$3:$X$9,4,FALSE) -> #N/A | V22: =VLOOKUP($B22,$R$3:$X$9,5,FALSE) -> #N/A | W22: =VLOOKUP($B22,$R$3:$X$9,6,FALSE) -> #N/A | X22: =VLOOKUP($B22,$R$3:$X$9,7,FALSE) -> #N/A | Y22: =VLOOKUP($B22,$R$3:$Z$9,8,FALSE) -> #N/A | Z22: =VLOOKUP($B22,$R$3:$Z$9,9,FALSE) -> #N/A
R23: =B23 -> 0 | S23: =VLOOKUP($B23,$R$3:$X$9,2,FALSE) -> #N/A | T23: =VLOOKUP($B23,$R$3:$X$9,3,FALSE) -> #N/A | U23: =VLOOKUP($B23,$R$3:$X$9,4,FALSE) -> #N/A | V23: =VLOOKUP($B23,$R$3:$X$9,5,FALSE) -> #N/A | W23: =VLOOKUP($B23,$R$3:$X$9,6,FALSE) -> #N/A | X23: =VLOOKUP($B23,$R$3:$X$9,7,FALSE) -> #N/A | Y23: =VLOOKUP($B23,$R$3:$Z$9,8,FALSE) -> #N/A | Z23: =VLOOKUP($B23,$R$3:$Z$9,9,FALSE) -> #N/A
B24: BRAND | D24: BBT P.G./ O.G | I24: Brand | K24: MTD No. of Brews | L24: MTD | M24: YTD | N24: Target | R24: =B24 -> BRAND | S24: =VLOOKUP($B24,$R$3:$X$9,2,FALSE) -> #N/A | T24: =VLOOKUP($B24,$R$3:$X$9,3,FALSE) -> #N/A | U24: =VLOOKUP($B24,$R$3:$X$9,4,FALSE) -> #N/A | V24: =VLOOKUP($B24,$R$3:$X$9,5,FALSE) -> #N/A | W24: =VLOOKUP($B24,$R$3:$X$9,6,FALSE) -> #N/A | X24: =VLOOKUP($B24,$R$3:$X$9,7,FALSE) -> #N/A | Y24: =VLOOKUP($B24,$R$3:$Z$9,8,FALSE) -> #N/A | Z24: =VLOOKUP($B24,$R$3:$Z$9,9,FALSE) -> #N/A
B25: =I25 -> CARIB | C25: {=[23]Process!$D$954:$D$965} -> 11.9 | D25: 11.85 | I25: CARIB | J25: =AVERAGE(I10:I14) -> 98.316179 | K25: =COUNTA([23]Brewhouse!$A$1005:$A$1012) -> 8 | L25: =AVERAGE([23]Brewhouse!$AU$1005:$AU$1012) -> 99.501564 | M25: =AVERAGE([23]Brewhouse!$AU$102:$AU$171,[23]Brewhouse!$AU$173:$AU$253,[23]Brewhouse!$AU$255:$AU$339,[23]Brewhouse!$AU$341:$AU$346,[23]Brewhouse!$AU$348,[23]Brewhouse!$AU$349:$AU$406,[23]Brewhouse!$AU$408:$AU$491,[23]Brewhouse!$AU$493:$AU$578,[23]Brewhouse!$AU$580:$AU$652,[23]Brewhouse!$AU$655:$AU$738,[23]Brewhouse!$A$740:$A$821,[23]Brewhouse!$AU$823:$AU$862,[24]Brewhouse!$AS$420:$AS$423,[23]Brewhouse!$AU$867:$AU$912,[23]Brewhouse!$AU$914:$AU$1003,[23]Brewhouse!$AU$1005:$AU$1012) -> 97.768986 | N25: 98 | R25: =B25 -> CARIB | S25: =VLOOKUP($B25,$R$3:$X$9,2,FALSE) -> 11.6 | T25: =VLOOKUP($B25,$R$3:$X$9,3,FALSE) -> 12 | U25: =VLOOKUP($B25,$R$3:$X$9,4,FALSE) -> 0 | V25: =VLOOKUP($B25,$R$3:$X$9,5,FALSE) -> 0.11805556 | W25: =VLOOKUP($B25,$R$3:$X$9,6,FALSE) -> 0.22569444 | X25: =VLOOKUP($B25,$R$3:$X$9,7,FALSE) -> 0.26388889 | Y25: =VLOOKUP($B25,$R$3:$Z$9,8,FALSE) -> 0 | Z25: =VLOOKUP($B25,$R$3:$Z$9,9,FALSE) -> 60
C26: 11.9 | I26: STAG | K26: =COUNTA([24]Brewhouse!$A$486:$A$503) -> 18 | L26: =AVERAGE([24]Brewhouse!$AS$486:$AS$503) -> 96.253729 | M26: =AVERAGE([24]Brewhouse!$AS$15:$AS$64,[24]Brewhouse!$AS$66:$AS$103,[24]Brewhouse!$AS$105:$AS$140,[24]Brewhouse!$AS$142:$AS$193,[24]Brewhouse!$AS$195:$AS$240,[24]Brewhouse!$AS$242:$AS$273,[24]Brewhouse!$AS$275:$AS$322,[24]Brewhouse!$AS$324:$AS$359,[24]Brewhouse!$AS$361:$AS$397,[24]Brewhouse!$AS$399:$AS$419,[24]Brewhouse!$AS$424:$AS$447,[24]Brewhouse!$AS$449:$AS$484,[24]Brewhouse!$AS$486:$AS$503) -> 97.787421 | N26: 98 | R26: =B26 -> 0 | S26: =VLOOKUP($B26,$R$3:$X$9,2,FALSE) -> #N/A | T26: =VLOOKUP($B26,$R$3:$X$9,3,FALSE) -> #N/A | U26: =VLOOKUP($B26,$R$3:$X$9,4,FALSE) -> #N/A | V26: =VLOOKUP($B26,$R$3:$X$9,5,FALSE) -> #N/A | W26: =VLOOKUP($B26,$R$3:$X$9,6,FALSE) -> #N/A | X26: =VLOOKUP($B26,$R$3:$X$9,7,FALSE) -> #N/A | Y26: =VLOOKUP($B26,$R$3:$Z$9,8,FALSE) -> #N/A | Z26: =VLOOKUP($B26,$R$3:$Z$9,9,FALSE) -> #N/A
C27: 11.8 | D27: 11.9 | I27: GUINNESS | K27: =COUNTA([25]Brewhouse!$A$125:$A$132) -> 8 | L27: =AVERAGE([25]Brewhouse!$AU$125:$AU$132) -> 96.474286 | M27: =AVERAGE([25]Brewhouse!$AU$4:$AU$7,[25]Brewhouse!$AU$9:$AU$22,[25]Brewhouse!$AU$24:$AU$35,[25]Brewhouse!$AU$37:$AU$45,[25]Brewhouse!$AU$47:$AU$62,[25]Brewhouse!$AU$64:$AU$79,[25]Brewhouse!$AU$81:$AU$92,[25]Brewhouse!$AU$94:$AU$97,[25]Brewhouse!$AU$99:$AU$106,[25]Brewhouse!$AU$116:$AU$123,[25]Brewhouse!$AU$125:$AU$132) -> 96.480773 | N27: 98 | R27: =B27 -> 0 | S27: =VLOOKUP($B27,$R$3:$X$9,2,FALSE) -> #N/A | T27: =VLOOKUP($B27,$R$3:$X$9,3,FALSE) -> #N/A | U27: =VLOOKUP($B27,$R$3:$X$9,4,FALSE) -> #N/A | V27: =VLOOKUP($B27,$R$3:$X$9,5,FALSE) -> #N/A | W27: =VLOOKUP($B27,$R$3:$X$9,6,FALSE) -> #N/A | X27: =VLOOKUP($B27,$R$3:$X$9,7,FALSE) -> #N/A | Y27: =VLOOKUP($B27,$R$3:$Z$9,8,FALSE) -> #N/A | Z27: =VLOOKUP($B27,$R$3:$Z$9,9,FALSE) -> #N/A
C28: 11.8 | I28: VITAMALT | K28: =COUNTA([22]Brewhouse!$A$107:$A$116) -> 10 | L28: =AVERAGE([22]Brewhouse!$AV$107:$AV$116) -> 97.093478 | M28: =AVERAGE([22]Brewhouse!$AV$5:$AV$14,[22]Brewhouse!$AV$16:$AV$19,[22]Brewhouse!$AV$21:$AV$24,[22]Brewhouse!$AV$26:$AV$33,[22]Brewhouse!$AV$35:$AV$46,[22]Brewhouse!$AV$48:$AV$53,[22]Brewhouse!$AV$55:$AV$62,[22]Brewhouse!$AV$64:$AV$77,[22]Brewhouse!$AV$79:$AV$86,[22]Brewhouse!$AV$88:$AV$95,[22]Brewhouse!$AV$97:$AV$104,[22]Brewhouse!$AV$107:$AV$116) -> 98.152691 | N28: 98 | R28: =B28 -> 0 | S28: =VLOOKUP($B28,$R$3:$X$9,2,FALSE) -> #N/A | T28: =VLOOKUP($B28,$R$3:$X$9,3,FALSE) -> #N/A | U28: =VLOOKUP($B28,$R$3:$X$9,4,FALSE) -> #N/A | V28: =VLOOKUP($B28,$R$3:$X$9,5,FALSE) -> #N/A | W28: =VLOOKUP($B28,$R$3:$X$9,6,FALSE) -> #N/A | X28: =VLOOKUP($B28,$R$3:$X$9,7,FALSE) -> #N/A | Y28: =VLOOKUP($B28,$R$3:$Z$9,8,FALSE) -> #N/A | Z28: =VLOOKUP($B28,$R$3:$Z$9,9,FALSE) -> #N/A
C29: 11.6 | D29: 11.74 | I29: MAXIMALT | N29: 98 | R29: =B29 -> 0 | S29: =VLOOKUP($B29,$R$3:$X$9,2,FALSE) -> #N/A | T29: =VLOOKUP($B29,$R$3:$X$9,3,FALSE) -> #N/A | U29: =VLOOKUP($B29,$R$3:$X$9,4,FALSE) -> #N/A | V29: =VLOOKUP($B29,$R$3:$X$9,5,FALSE) -> #N/A | W29: =VLOOKUP($B29,$R$3:$X$9,6,FALSE) -> #N/A | X29: =VLOOKUP($B29,$R$3:$X$9,7,FALSE) -> #N/A | Y29: =VLOOKUP($B29,$R$3:$Z$9,8,FALSE) -> #N/A | Z29: =VLOOKUP($B29,$R$3:$Z$9,9,FALSE) -> #N/A
C30: 11.9 | I30: MACKESON | M30: =AVERAGE([26]Brewhouse!$AT$4:$AT$11,[26]Brewhouse!$AT$13:$AT$16,[26]Brewhouse!$AT$18:$AT$21,[26]Brewhouse!$AT$26,[26]Brewhouse!$AT$28:$AT$35) -> 94.794664 | N30: 98 | R30: =B30 -> 0 | S30: =VLOOKUP($B30,$R$3:$X$9,2,FALSE) -> #N/A | T30: =VLOOKUP($B30,$R$3:$X$9,3,FALSE) -> #N/A | U30: =VLOOKUP($B30,$R$3:$X$9,4,FALSE) -> #N/A | V30: =VLOOKUP($B30,$R$3:$X$9,5,FALSE) -> #N/A | W30: =VLOOKUP($B30,$R$3:$X$9,6,FALSE) -> #N/A | X30: =VLOOKUP($B30,$R$3:$X$9,7,FALSE) -> #N/A | Y30: =VLOOKUP($B30,$R$3:$Z$9,8,FALSE) -> #N/A | Z30: =VLOOKUP($B30,$R$3:$Z$9,9,FALSE) -> #N/A
C31: 11.7 | D31: 11.79 | I31: STARMALT | K31: =COUNTA([27]Brewhouse!$A$99:$A$108) -> 10 | L31: =AVERAGE([27]Brewhouse!$AY$99:$AY$108) -> 97.413703 | M31: =AVERAGE([27]Brewhouse!$AY$6:$AY$13,[27]Brewhouse!$AY$15:$AY$20,[27]Brewhouse!$AY$22:$AY$29,[27]Brewhouse!$AY$31:$AY$34,[27]Brewhouse!$AY$36:$AY$43,[27]Brewhouse!$AY$45:$AY$50, [27]Brewhouse!$AY$56:$AY$73,[27]Brewhouse!$AY$75:$AY$92,[27]Brewhouse!$AY$94:$AY$97,[27]Brewhouse!$AY$99:$AY$108) -> 97.375027 | N31: 98 | R31: =B31 -> 0 | S31: =VLOOKUP($B31,$R$3:$X$9,2,FALSE) -> #N/A | T31: =VLOOKUP($B31,$R$3:$X$9,3,FALSE) -> #N/A | U31: =VLOOKUP($B31,$R$3:$X$9,4,FALSE) -> #N/A | V31: =VLOOKUP($B31,$R$3:$X$9,5,FALSE) -> #N/A | W31: =VLOOKUP($B31,$R$3:$X$9,6,FALSE) -> #N/A | X31: =VLOOKUP($B31,$R$3:$X$9,7,FALSE) -> #N/A | Y31: =VLOOKUP($B31,$R$3:$Z$9,8,FALSE) -> #N/A | Z31: =VLOOKUP($B31,$R$3:$Z$9,9,FALSE) -> #N/A
C32: 11.6 | I32: HR- Pils | M32: =AVERAGE([28]Brewhouse!$AU$5:$AU$8,[28]Brewhouse!$AU$10:$AU$13,[27]Brewhouse!$AY$75:$AY$77) -> 94.749192 | N32: 98 | R32: =B32 -> 0 | S32: =VLOOKUP($B32,$R$3:$X$9,2,FALSE) -> #N/A | T32: =VLOOKUP($B32,$R$3:$X$9,3,FALSE) -> #N/A | U32: =VLOOKUP($B32,$R$3:$X$9,4,FALSE) -> #N/A | V32: =VLOOKUP($B32,$R$3:$X$9,5,FALSE) -> #N/A | W32: =VLOOKUP($B32,$R$3:$X$9,6,FALSE) -> #N/A | X32: =VLOOKUP($B32,$R$3:$X$9,7,FALSE) -> #N/A | Y32: =VLOOKUP($B32,$R$3:$Z$9,8,FALSE) -> #N/A | Z32: =VLOOKUP($B32,$R$3:$Z$9,9,FALSE) -> #N/A
C33: 11.9 | D33: 11.8 | I33: HR- IPA | M33: =AVERAGE([29]Brewhouse!$AW$26:$AW$27) -> 95.310681 | N33: 98 | R33: =B33 -> 0 | S33: =VLOOKUP($B33,$R$3:$X$9,2,FALSE) -> #N/A | T33: =VLOOKUP($B33,$R$3:$X$9,3,FALSE) -> #N/A | U33: =VLOOKUP($B33,$R$3:$X$9,4,FALSE) -> #N/A | V33: =VLOOKUP($B33,$R$3:$X$9,5,FALSE) -> #N/A | W33: =VLOOKUP($B33,$R$3:$X$9,6,FALSE) -> #N/A | X33: =VLOOKUP($B33,$R$3:$X$9,7,FALSE) -> #N/A | Y33: =VLOOKUP($B33,$R$3:$Z$9,8,FALSE) -> #N/A | Z33: =VLOOKUP($B33,$R$3:$Z$9,9,FALSE) -> #N/A
C34: 11.8 | I34: HR- APA | M34: =AVERAGE([30]Brewhouse!$AU$13:$AU$14) -> 97.110575 | N34: 98 | R34: =B34 -> 0 | S34: =VLOOKUP($B34,$R$3:$X$9,2,FALSE) -> #N/A | T34: =VLOOKUP($B34,$R$3:$X$9,3,FALSE) -> #N/A | U34: =VLOOKUP($B34,$R$3:$X$9,4,FALSE) -> #N/A | V34: =VLOOKUP($B34,$R$3:$X$9,5,FALSE) -> #N/A | W34: =VLOOKUP($B34,$R$3:$X$9,6,FALSE) -> #N/A | X34: =VLOOKUP($B34,$R$3:$X$9,7,FALSE) -> #N/A | Y34: =VLOOKUP($B34,$R$3:$Z$9,8,FALSE) -> #N/A | Z34: =VLOOKUP($B34,$R$3:$Z$9,9,FALSE) -> #N/A
C35: 11.7 | D35: 11.82 | K35: =SUM(K25:K34) -> 54 | L35: =((L25*K25)+(L26*K26)+(L27*K27)+(L28*K28)+(L29*K29)+(K32*L32)+(L30*K30)+(L31*K31)+(L34*K34))/(K35) -> 97.137884 | M35: =AVERAGE('[31]Jan 31st'!$L$65,'[32]Feb 28th'!$L$35,'[33]Mar. 31st'!$L$35,'[34]Apr. 30th'!$L$45,'[35]May 30th'!$L$37,'[36]June 30th'!$L$57,'[37]July 29th '!$L$44,'[38]Aug 29th'!$L$29,'[39]Sept 30th'!$L$35,L35) -> 97.531739 | N35: 98 | R35: =B35 -> 0 | S35: =VLOOKUP($B35,$R$3:$X$9,2,FALSE) -> #N/A | T35: =VLOOKUP($B35,$R$3:$X$9,3,FALSE) -> #N/A | U35: =VLOOKUP($B35,$R$3:$X$9,4,FALSE) -> #N/A | V35: =VLOOKUP($B35,$R$3:$X$9,5,FALSE) -> #N/A | W35: =VLOOKUP($B35,$R$3:$X$9,6,FALSE) -> #N/A | X35: =VLOOKUP($B35,$R$3:$X$9,7,FALSE) -> #N/A | Y35: =VLOOKUP($B35,$R$3:$Z$9,8,FALSE) -> #N/A | Z35: =VLOOKUP($B35,$R$3:$Z$9,9,FALSE) -> #N/A
C36: 11.7 | R36: =B36 -> 0 | S36: =VLOOKUP($B36,$R$3:$X$9,2,FALSE) -> #N/A | T36: =VLOOKUP($B36,$R$3:$X$9,3,FALSE) -> #N/A | U36: =VLOOKUP($B36,$R$3:$X$9,4,FALSE) -> #N/A | V36: =VLOOKUP($B36,$R$3:$X$9,5,FALSE) -> #N/A | W36: =VLOOKUP($B36,$R$3:$X$9,6,FALSE) -> #N/A | X36: =VLOOKUP($B36,$R$3:$X$9,7,FALSE) -> #N/A | Y36: =VLOOKUP($B36,$R$3:$Z$9,8,FALSE) -> #N/A | Z36: =VLOOKUP($B36,$R$3:$Z$9,9,FALSE) -> #N/A
J37: Daily Brewing Plan
J38: Brand | K38: Brews Achieved | L38: Average Brews per day
J39: CARIB | K39: =COUNTA(C10:C14) -> 5 | L39: MTD | M39: YTD | N39: TARGET
J40: STAG | L40: =AVERAGE('Dec 1st'!K43,'Dec 2nd'!K49,'Dec 3rd '!K58,'Dec 4th'!K51,'Dec 5th-7th'!I70,'Dec 5th-7th'!J70,'Dec 5th-7th'!K70,'Dec 8th '!K49,'Dec 9th'!K49) -> 5.8888889 | M40: =AVERAGE('[31]Jan 29th '!$M$70,'[32]Feb 28th'!$L$40,'[33]Mar. 31st'!$L$40,'[34]Apr. 30th'!$L$50,'[35]May 30th'!$L$42,'[36]June 30th'!$L$62,'[37]July 29th '!$L$49,'[38]Aug 29th'!$L$34,'[39]Sept 30th'!$L$40,[40]Oct.31st!$L$43,'[41]Nov 28th-30th'!$L$45,L40) -> 6.8802718 | N40: 9.2
J41: GUINN | K41: 1
J42: VITAMALT
J43: STARMALT
J44: MACKESON
J45: HURRICANE REEF- IPA
J46: HURRICANE REEF- APA
B47: AVERAGE | J47: HR- PILSNER
J48: CARIBE
J49: Total | K49: =SUM(K39:K48) -> 6
B50: Process: | C50: Fermentation/Filtration
B52: Brand | C52: Filt. Date | D52: FV Hls | E52: GFE/ Prim/ Vita Blend (Hls) | F52: SV Hls | G52: BBT Hls | H52: Loss (%) Ferm | I52: Loss (%) Filt | J52: Comments | K52: Throughput | L52: Process Loss (%) | M52: Filt. Operator
AB53: 43474 | AC53: 43475 | AD53: 43476 | AE53: 43477 | AF53: 43478 | AG53: 43479 | AH53: 43480 | AI53: 43481 | AJ53: 43482 | AK53: 43483 | AL53: 43484 | AM53: 43485 | AN53: 43486 | AO53: 43487 | AP53: 43488 | AQ53: 43489 | AR53: 43490 | AS53: 43491 | AT53: 43492 | AU53: 43493 | AV53: 43494 | AW53: 43495 | AX53: 43496
B54: =J39 -> CARIB | C54: 46000 | D54: =[42]December_2025!$K$3 -> 200.2 | G54: =[42]December_2025!$K$7 -> 191 | J54: NO SBF | K54: =[43]December_2025!$K$18 -> 0.67017544 | L54: =(((D54+E54)-G54)/(D54+E54))*100 -> 4.5954046 | M54: K. Hosten | AB54: =[20]January_2019!L7 -> 285.8 | AC54: =[20]January_2019!M7 -> 508.1 | AD54: =[20]January_2019!N7 -> 0 | AE54: =[20]January_2019!O7 -> 0 | AF54: =[20]January_2019!P7 -> 109.56667 | AG54: =[20]January_2019!Q7 -> 297.65 | AH54: =[20]January_2019!R7 -> 122.3 | AI54: =[20]January_2019!S7 -> 0 | ... AX54: =[20]January_2019!AH7 -> 0
B56: =J39 -> CARIB | C56: 46000 | D56: =[42]December_2025!$L$3 -> 411.28 | G56: =[42]December_2025!$L$7 -> 380.2 | J56: 4 SBF | K56: =[43]December_2025!$L$18 -> 0.26680702 | L56: =(((D56+E56)-G56)/(D56+E56))*100 -> 7.5568955 | M56: G. Mason
L60: =(((D60+E60)-G60)/(D60+E60))*100 -> #DIV/0!
B63: Process Loss (Volume) | G63: Process Loss (Extract) | K63: Throughput
B64: Brand | C64: Actual | D64: MTD | E64: YTD | F64: Target | G64: Actual | H64: MTD | I64: YTD | J64: Target | K64: Actual | L64: MTD | M64: YTD | N64: Target
B65: CARIB | C65: =AVERAGE(L54,L56) -> 6.0761501 | D65: 6.2340317 | E65: 6.0773431 | F65: 4.8 | G65: =AVERAGE([42]December_2025!$K$11:$L$11) -> 5.7721577 | H65: 5.6485075 | I65: 5.9917087 | J65: 4.8 | K65: =AVERAGE(K54,K56) -> 0.46849123 | L65: 0.45889474 | M65: 0.72186132 | N65: 1
B66: STAG | D66: 1.5625804 | E66: 5.5960665 | F66: 4.8 | H66: 2.1472714 | I66: 6.1167972 | J66: 4.8 | L66: 0.45210526 | M66: 0.67706582 | N66: 1
B67: GUINN | D67: 12.618297 | E67: 11.122539 | F67: 5.5 | H67: 12.288893 | I67: 12.520142 | J67: 5.5 | L67: 0.31587719 | M67: 0.50769967 | N67: 1
B68: VITAMALT | D68: 3.6210128 | E68: 4.5238318 | F68: 3.3 | H68: 2.8491888 | I68: 4.2621233 | J68: 3.3 | L68: 0.67114035 | M68: 0.81111568 | N68: 1
B69: APA | E69: 7.8373016 | F69: 3.3 | I69: 5.3377569 | J69: 3 | M69: 0.32596491 | N69: 1
B70: MACKESON | E70: 6.8851328 | F70: =[21]May_2022!$M$43 -> 3.4878407 | I70: 8.6614709 | J70: 5.5 | M70: 0.73160819 | N70: 1
B71: STARMALT | E71: 2.9297033 | F71: 3.3 | I71: 4.2684292 | J71: 3.3 | M71: 0.84660148 | N71: 1
B72: IPA | E72: 11.483254 | F72: 7.5 | I72: 9.7934336 | J72: 7.5 | M72: 0.3245614 | N72: 1
B73: HURRICANE REEF PILS | E73: 7.2653645 | F73: 4.8 | I73: 8.1715311 | J73: 4.8 | M73: 0.51368421 | N73: 1
D74: 5.7614065 | E74: 6.0947475 | F74: 5.5 | H74: 5.6816501 | I74: 6.5080671 | J74: 5.5 | L74: 0.48866082 | M74: 0.6974753 | N74: 1

Sheet Dec 10th
S1: P.G. | U1: Hot Time | W1: Process Time | Y1: Cooling Time
B2: Brewing Department Daily Process Loss Report | S2: Lower | T2: Upper | U2: Lower | V2: Upper | W2: Lower | X2: Upper | Y2: Lower | Z2: Upper
R3: CARIB | S3: 11.6 | T3: 12 | U3: 0 | V3: 0.11805556 | W3: 0.22569444 | X3: 0.26388889 | Y3: 0 | Z3: 60 | AB3: HR- PISNER
B4: Date: | C4: 46002 | J4: LOT WORT COLOUR: | M4: Filter Sheets (Target 20 days) | R4: STAG | S4: 11.6 | T4: 12 | U4: 0 | V4: 0.11805556 | W4: 0.22569444 | X4: 0.26388889 | Y4: 0 | Z4: 60
M5: Double | N5: Single | R5: GUINNESS | S5: 17 | T5: 17.5 | U5: 0 | V5: 0.10763889 | W5: 0.24652778 | X5: 0.28472222 | Y5: 0 | Z5: 60
J6: MALT LOT: Lot #8 | L6: Sheet Day | R6: MACKESON | S6: 13.3 | T6: 13.5 | U6: 0 | V6: 0.12905093 | W6: 0.27430556 | X6: 0.30208333 | Y6: 0
R7: STARMALT | S7: 17 | T7: 17.4 | U7: 0 | V7: 0.13605324 | W7: 0.27430556 | X7: 0.30902778 | Y7: 0 | Z7: 85
B8: Brand | C8: Brew no. | D8: Kett. Hls | E8: Wort | F8: Cool Time(Mins) | G8: Cast. P.G. (Lab Result) | H8: Cast P.G. (Cellar Operator)-gravity | I8: Extr. Rec (77.9%) | J8: Theor. Extr. (77.5%) | K8: Boil Off /Vol. (4-6%) | L8: Boil Time | M8: Total Hot | N8: Brewing | O8: Operator | R8: Hurricane Reef | S8: 16.6 | T8: 17 | U8: 0 | V8: 0.12905093 | W8: 0.27430556 | X8: 0.30208333 | Y8: 0
E9: Meter (Hls) | F9: Target(< 60Mins) | M9: Time | R9: VITAMALT | S9: 14.2 | T9: 14.6 | U9: 0 | V9: 0.13905093 | W9: 0.26041667 | X9: 0.29513889 | Y9: 0 | Z9: 75
B10: CARIB | C10: =[23]Brewhouse!$A1012 -> CA896 | D10: =[23]Brewhouse!$AF1012 -> 52.8 | E10: =[23]Brewhouse!$AI1012 -> 53.5 | F10: =[23]Brewhouse!$V1012 -> 64 | G10: =[23]Brewhouse!AG1012 -> 11.6 | H10: 11.6 | I10: =[23]Brewhouse!$AU1012 -> 103.05618 | J10: =[23]Brewhouse!$AV1012 -> 103.59031 | K10: =[23]Brewhouse!$Q1012 -> 2.6741996 | L10: =[23]Brewhouse!$P1012 -> 60 | M10: =[23]Brewhouse!$U1012-[23]Brewhouse!$T1012 -> 0.11180556 | N10: =[23]Brewhouse!$Z1012 -> 0.25416667 | O10: =[23]Brewhouse!$AX1012 -> R. Regis | R10: =B10 -> CARIB | S10: =VLOOKUP($B10,$R$3:$X$9,2,FALSE) -> 11.6 | T10: =VLOOKUP($B10,$R$3:$X$9,3,FALSE) -> 12 | U10: =VLOOKUP($B10,$R$3:$X$9,4,FALSE) -> 0 | V10: =VLOOKUP($B10,$R$3:$X$9,5,FALSE) -> 0.11805556 | W10: =VLOOKUP($B10,$R$3:$X$9,6,FALSE) -> 0.22569444 | X10: =VLOOKUP($B10,$R$3:$X$9,7,FALSE) -> 0.26388889 | Y10: =VLOOKUP($B10,$R$3:$Z$9,8,FALSE) -> 0 | Z10: =VLOOKUP($B10,$R$3:$Z$9,9,FALSE) -> 60
B11: CARIB | C11: =[23]Brewhouse!$A1013 -> CA897 | D11: =[23]Brewhouse!$AF1013 -> 55.2 | E11: =[23]Brewhouse!$AI1013 -> 54.2 | F11: =[23]Brewhouse!$V1013 -> 66 | G11: =[23]Brewhouse!AG1013 -> 11.7 | H11: 11.7 | I11: =[23]Brewhouse!$AU1013 -> 104.06327 | J11: =[23]Brewhouse!$AV1013 -> 104.60306 | K11: =[23]Brewhouse!$Q1013 -> 2.481203 | L11: =[23]Brewhouse!$P1013 -> 57 | M11: =[23]Brewhouse!$U1013-[23]Brewhouse!$T1013 -> 0.11666667 | N11: =[23]Brewhouse!$Z1013 -> 0.26111111 | O11: =[23]Brewhouse!$AX1013 -> R.Sookram | R11: =B11 -> CARIB | S11: =VLOOKUP($B11,$R$3:$X$9,2,FALSE) -> 11.6 | T11: =VLOOKUP($B11,$R$3:$X$9,3,FALSE) -> 12 | U11: =VLOOKUP($B11,$R$3:$X$9,4,FALSE) -> 0 | V11: =VLOOKUP($B11,$R$3:$X$9,5,FALSE) -> 0.11805556 | W11: =VLOOKUP($B11,$R$3:$X$9,6,FALSE) -> 0.22569444 | X11: =VLOOKUP($B11,$R$3:$X$9,7,FALSE) -> 0.26388889 | Y11: =VLOOKUP($B11,$R$3:$Z$9,8,FALSE) -> 0 | Z11: =VLOOKUP($B11,$R$3:$Z$9,9,FALSE) -> 60
B12: CARIB | C12: =[23]Brewhouse!$A1014 -> CA898 | D12: =[23]Brewhouse!$AF1014 -> 53.4 | E12: =[23]Brewhouse!$AI1014 -> 52.2 | F12: =[23]Brewhouse!$V1014 -> 64 | G12: =[23]Brewhouse!AG1014 -> 11.8 | H12: 11.8 | I12: =[23]Brewhouse!$AU1014 -> 101.74712 | J12: =[23]Brewhouse!$AV1014 -> 102.27468 | K12: =[23]Brewhouse!$Q1014 -> 1.5442561 | L12: =[23]Brewhouse!$P1014 -> 76 | M12: =[23]Brewhouse!$U1014-[23]Brewhouse!$T1014 -> 0.12777778 | N12: =[23]Brewhouse!$Z1014 -> 0.25277778 | O12: =[23]Brewhouse!$AX1014 -> R.Sookram | R12: =B12 -> CARIB | S12: =VLOOKUP($B12,$R$3:$X$9,2,FALSE) -> 11.6 | T12: =VLOOKUP($B12,$R$3:$X$9,3,FALSE) -> 12 | U12: =VLOOKUP($B12,$R$3:$X$9,4,FALSE) -> 0 | V12: =VLOOKUP($B12,$R$3:$X$9,5,FALSE) -> 0.11805556 | W12: =VLOOKUP($B12,$R$3:$X$9,6,FALSE) -> 0.22569444 | X12: =VLOOKUP($B12,$R$3:$X$9,7,FALSE) -> 0.26388889 | Y12: =VLOOKUP($B12,$R$3:$Z$9,8,FALSE) -> 0 | Z12: =VLOOKUP($B12,$R$3:$Z$9,9,FALSE) -> 60
R13: =B13 -> 0 | S13: =VLOOKUP($B13,$R$3:$X$9,2,FALSE) -> #N/A | T13: =VLOOKUP($B13,$R$3:$X$9,3,FALSE) -> #N/A | U13: =VLOOKUP($B13,$R$3:$X$9,4,FALSE) -> #N/A | V13: =VLOOKUP($B13,$R$3:$X$9,5,FALSE) -> #N/A | W13: =VLOOKUP($B13,$R$3:$X$9,6,FALSE) -> #N/A | X13: =VLOOKUP($B13,$R$3:$X$9,7,FALSE) -> #N/A | Y13: =VLOOKUP($B13,$R$3:$Z$9,8,FALSE) -> #N/A | Z13: =VLOOKUP($B13,$R$3:$Z$9,9,FALSE) -> #N/A
B14: STAG | C14: =[24]Brewhouse!$A504 -> ST479 | D14: =[24]Brewhouse!$AD504 -> 46.7 | E14: =[24]Brewhouse!$AG504 -> 45.5 | F14: =[24]Brewhouse!$V504 -> 55 | G14: =[24]Brewhouse!$AE504 -> 11.8 | H14: 11.8 | I14: =[24]Brewhouse!$AS504 -> 90.838522 | J14: =[24]Brewhouse!$AT504 -> 91.235266 | K14: =[24]Brewhouse!$Q504 -> 13.798077 | L14: =[24]Brewhouse!$P504 -> 62 | M14: =[24]Brewhouse!$U504-[24]Brewhouse!$T504 -> 0.11319444 | N14: =[24]Brewhouse!$AW504 -> 0.24305556 | O14: =[24]Brewhouse!$AV504 -> K. Benjamin | R14: =B14 -> STAG | S14: =VLOOKUP($B14,$R$3:$X$9,2,FALSE) -> 11.6 | T14: =VLOOKUP($B14,$R$3:$X$9,3,FALSE) -> 12 | U14: =VLOOKUP($B14,$R$3:$X$9,4,FALSE) -> 0 | V14: =VLOOKUP($B14,$R$3:$X$9,5,FALSE) -> 0.11805556 | W14: =VLOOKUP($B14,$R$3:$X$9,6,FALSE) -> 0.22569444 | X14: =VLOOKUP($B14,$R$3:$X$9,7,FALSE) -> 0.26388889 | Y14: =VLOOKUP($B14,$R$3:$Z$9,8,FALSE) -> 0 | Z14: =VLOOKUP($B14,$R$3:$Z$9,9,FALSE) -> 60
B15: STAG | C15: =[24]Brewhouse!$A505 -> ST480 | D15: =[24]Brewhouse!$AD505 -> 49.2 | E15: =[24]Brewhouse!$AG505 -> 48 | F15: =[24]Brewhouse!$V505 -> 58 | G15: =[24]Brewhouse!$AE505 -> 12 | H15: 11.9 | I15: =[24]Brewhouse!$AS505 -> 96.684837 | J15: =[24]Brewhouse!$AT505 -> 97.10809 | K15: =[24]Brewhouse!$Q505 -> 8.4134615 | L15: =[24]Brewhouse!$P505 -> 60 | M15: =[24]Brewhouse!$U505-[24]Brewhouse!$T505 -> 0.10833333 | N15: =[24]Brewhouse!$AW505 -> 0.23819444 | O15: =[24]Brewhouse!$AV505 -> K. Benjamin | R15: =B15 -> STAG | S15: =VLOOKUP($B15,$R$3:$X$9,2,FALSE) -> 11.6 | T15: =VLOOKUP($B15,$R$3:$X$9,3,FALSE) -> 12 | U15: =VLOOKUP($B15,$R$3:$X$9,4,FALSE) -> 0 | V15: =VLOOKUP($B15,$R$3:$X$9,5,FALSE) -> 0.11805556 | W15: =VLOOKUP($B15,$R$3:$X$9,6,FALSE) -> 0.22569444 | X15: =VLOOKUP($B15,$R$3:$X$9,7,FALSE) -> 0.26388889 | Y15: =VLOOKUP($B15,$R$3:$Z$9,8,FALSE) -> 0 | Z15: =VLOOKUP($B15,$R$3:$Z$9,9,FALSE) -> 60
B16: STAG | C16: =[24]Brewhouse!$A506 -> ST481 | D16: =[24]Brewhouse!$AD506 -> 49.6 | E16: =[24]Brewhouse!$AG506 -> 49.7 | F16: =[24]Brewhouse!$V506 -> 62 | G16: =[24]Brewhouse!$AE506 -> 11.9 | H16: 11.8 | I16: =[24]Brewhouse!$AS506 -> 99.23234 | J16: =[24]Brewhouse!$AT506 -> 99.666745 | K16: =[24]Brewhouse!$Q506 -> 10.721154 | L16: =[24]Brewhouse!$P506 -> 60 | M16: =[24]Brewhouse!$U506-[24]Brewhouse!$T506 -> 0.11388889 | N16: =[24]Brewhouse!$AW506 -> 0.24930556 | O16: =[24]Brewhouse!$AV506 -> K. Benjamin | R16: =B16 -> STAG | S16: =VLOOKUP($B16,$R$3:$X$9,2,FALSE) -> 11.6 | T16: =VLOOKUP($B16,$R$3:$X$9,3,FALSE) -> 12 | U16: =VLOOKUP($B16,$R$3:$X$9,4,FALSE) -> 0 | V16: =VLOOKUP($B16,$R$3:$X$9,5,FALSE) -> 0.11805556 | W16: =VLOOKUP($B16,$R$3:$X$9,6,FALSE) -> 0.22569444 | X16: =VLOOKUP($B16,$R$3:$X$9,7,FALSE) -> 0.26388889 | Y16: =VLOOKUP($B16,$R$3:$Z$9,8,FALSE) -> 0 | Z16: =VLOOKUP($B16,$R$3:$Z$9,9,FALSE) -> 60
B17: STAG | C17: =[24]Brewhouse!$A507 -> ST482 | D17: =[24]Brewhouse!$AD507 -> 48.7 | E17: =[24]Brewhouse!$AG507 -> 48.8 | F17: =[24]Brewhouse!$V507 -> 62 | G17: =[24]Brewhouse!$AE507 -> 11.9 | H17: 12 | I17: =[24]Brewhouse!$AS507 -> 97.192444 | J17: =[24]Brewhouse!$AT507 -> 97.618197 | K17: =[24]Brewhouse!$Q507 -> 13.028846 | L17: =[24]Brewhouse!$P507 -> 62 | M17: =[24]Brewhouse!$U507-[24]Brewhouse!$T507 -> 0.079861111 | N17: =[24]Brewhouse!$AW507 -> 0.24722222 | O17: =[24]Brewhouse!$AV507 -> K. Benjamin | R17: =B17 -> STAG | S17: =VLOOKUP($B17,$R$3:$X$9,2,FALSE) -> 11.6 | T17: =VLOOKUP($B17,$R$3:$X$9,3,FALSE) -> 12 | U17: =VLOOKUP($B17,$R$3:$X$9,4,FALSE) -> 0 | V17: =VLOOKUP($B17,$R$3:$X$9,5,FALSE) -> 0.11805556 | W17: =VLOOKUP($B17,$R$3:$X$9,6,FALSE) -> 0.22569444 | X17: =VLOOKUP($B17,$R$3:$X$9,7,FALSE) -> 0.26388889 | Y17: =VLOOKUP($B17,$R$3:$Z$9,8,FALSE) -> 0 | Z17: =VLOOKUP($B17,$R$3:$Z$9,9,FALSE) -> 60
R18: =B18 -> 0 | S18: =VLOOKUP($B18,$R$3:$X$9,2,FALSE) -> #N/A | T18: =VLOOKUP($B18,$R$3:$X$9,3,FALSE) -> #N/A | U18: =VLOOKUP($B18,$R$3:$X$9,4,FALSE) -> #N/A | V18: =VLOOKUP($B18,$R$3:$X$9,5,FALSE) -> #N/A | W18: =VLOOKUP($B18,$R$3:$X$9,6,FALSE) -> #N/A | X18: =VLOOKUP($B18,$R$3:$X$9,7,FALSE) -> #N/A | Y18: =VLOOKUP($B18,$R$3:$Z$9,8,FALSE) -> #N/A | Z18: =VLOOKUP($B18,$R$3:$Z$9,9,FALSE) -> #N/A
R19: =B19 -> 0 | S19: =VLOOKUP($B19,$R$3:$X$9,2,FALSE) -> #N/A | T19: =VLOOKUP($B19,$R$3:$X$9,3,FALSE) -> #N/A | U19: =VLOOKUP($B19,$R$3:$X$9,4,FALSE) -> #N/A | V19: =VLOOKUP($B19,$R$3:$X$9,5,FALSE) -> #N/A | W19: =VLOOKUP($B19,$R$3:$X$9,6,FALSE) -> #N/A | X19: =VLOOKUP($B19,$R$3:$X$9,7,FALSE) -> #N/A | Y19: =VLOOKUP($B19,$R$3:$Z$9,8,FALSE) -> #N/A | Z19: =VLOOKUP($B19,$R$3:$Z$9,9,FALSE) -> #N/A
R20: =B20 -> 0 | S20: =VLOOKUP($B20,$R$3:$X$9,2,FALSE) -> #N/A | T20: =VLOOKUP($B20,$R$3:$X$9,3,FALSE) -> #N/A | U20: =VLOOKUP($B20,$R$3:$X$9,4,FALSE) -> #N/A | V20: =VLOOKUP($B20,$R$3:$X$9,5,FALSE) -> #N/A | W20: =VLOOKUP($B20,$R$3:$X$9,6,FALSE) -> #N/A | X20: =VLOOKUP($B20,$R$3:$X$9,7,FALSE) -> #N/A | Y20: =VLOOKUP($B20,$R$3:$Z$9,8,FALSE) -> #N/A | Z20: =VLOOKUP($B20,$R$3:$Z$9,9,FALSE) -> #N/A
R21: =B21 -> 0 | S21: =VLOOKUP($B21,$R$3:$X$9,2,FALSE) -> #N/A | T21: =VLOOKUP($B21,$R$3:$X$9,3,FALSE) -> #N/A | U21: =VLOOKUP($B21,$R$3:$X$9,4,FALSE) -> #N/A | V21: =VLOOKUP($B21,$R$3:$X$9,5,FALSE) -> #N/A | W21: =VLOOKUP($B21,$R$3:$X$9,6,FALSE) -> #N/A | X21: =VLOOKUP($B21,$R$3:$X$9,7,FALSE) -> #N/A | Y21: =VLOOKUP($B21,$R$3:$Z$9,8,FALSE) -> #N/A | Z21: =VLOOKUP($B21,$R$3:$Z$9,9,FALSE) -> #N/A
R22: =B22 -> 0 | S22: =VLOOKUP($B22,$R$3:$X$9,2,FALSE) -> #N/A | T22: =VLOOKUP($B22,$R$3:$X$9,3,FALSE) -> #N/A | U22: =VLOOKUP($B22,$R$3:$X$9,4,FALSE) -> #N/A | V22: =VLOOKUP($B22,$R$3:$X$9,5,FALSE) -> #N/A | W22: =VLOOKUP($B22,$R$3:$X$9,6,FALSE) -> #N/A | X22: =VLOOKUP($B22,$R$3:$X$9,7,FALSE) -> #N/A | Y22: =VLOOKUP($B22,$R$3:$Z$9,8,FALSE) -> #N/A | Z22: =VLOOKUP($B22,$R$3:$Z$9,9,FALSE) -> #N/A
R23: =B23 -> 0 | S23: =VLOOKUP($B23,$R$3:$X$9,2,FALSE) -> #N/A | T23: =VLOOKUP($B23,$R$3:$X$9,3,FALSE) -> #N/A | U23: =VLOOKUP($B23,$R$3:$X$9,4,FALSE) -> #N/A | V23: =VLOOKUP($B23,$R$3:$X$9,5,FALSE) -> #N/A | W23: =VLOOKUP($B23,$R$3:$X$9,6,FALSE) -> #N/A | X23: =VLOOKUP($B23,$R$3:$X$9,7,FALSE) -> #N/A | Y23: =VLOOKUP($B23,$R$3:$Z$9,8,FALSE) -> #N/A | Z23: =VLOOKUP($B23,$R$3:$Z$9,9,FALSE) -> #N/A
R24: =B24 -> 0 | S24: =VLOOKUP($B24,$R$3:$X$9,2,FALSE) -> #N/A | T24: =VLOOKUP($B24,$R$3:$X$9,3,FALSE) -> #N/A | U24: =VLOOKUP($B24,$R$3:$X$9,4,FALSE) -> #N/A | V24: =VLOOKUP($B24,$R$3:$X$9,5,FALSE) -> #N/A | W24: =VLOOKUP($B24,$R$3:$X$9,6,FALSE) -> #N/A | X24: =VLOOKUP($B24,$R$3:$X$9,7,FALSE) -> #N/A | Y24: =VLOOKUP($B24,$R$3:$Z$9,8,FALSE) -> #N/A | Z24: =VLOOKUP($B24,$R$3:$Z$9,9,FALSE) -> #N/A
R25: =B25 -> 0 | S25: =VLOOKUP($B25,$R$3:$X$9,2,FALSE) -> #N/A | T25: =VLOOKUP($B25,$R$3:$X$9,3,FALSE) -> #N/A | U25: =VLOOKUP($B25,$R$3:$X$9,4,FALSE) -> #N/A | V25: =VLOOKUP($B25,$R$3:$X$9,5,FALSE) -> #N/A | W25: =VLOOKUP($B25,$R$3:$X$9,6,FALSE) -> #N/A | X25: =VLOOKUP($B25,$R$3:$X$9,7,FALSE) -> #N/A | Y25: =VLOOKUP($B25,$R$3:$Z$9,8,FALSE) -> #N/A | Z25: =VLOOKUP($B25,$R$3:$Z$9,9,FALSE) -> #N/A
R26: =B26 -> 0 | S26: =VLOOKUP($B26,$R$3:$X$9,2,FALSE) -> #N/A | T26: =VLOOKUP($B26,$R$3:$X$9,3,FALSE) -> #N/A | U26: =VLOOKUP($B26,$R$3:$X$9,4,FALSE) -> #N/A | V26: =VLOOKUP($B26,$R$3:$X$9,5,FALSE) -> #N/A | W26: =VLOOKUP($B26,$R$3:$X$9,6,FALSE) -> #N/A | X26: =VLOOKUP($B26,$R$3:$X$9,7,FALSE) -> #N/A | Y26: =VLOOKUP($B26,$R$3:$Z$9,8,FALSE) -> #N/A | Z26: =VLOOKUP($B26,$R$3:$Z$9,9,FALSE) -> #N/A
R27: =B27 -> 0 | S27: =VLOOKUP($B27,$R$3:$X$9,2,FALSE) -> #N/A | T27: =VLOOKUP($B27,$R$3:$X$9,3,FALSE) -> #N/A | U27: =VLOOKUP($B27,$R$3:$X$9,4,FALSE) -> #N/A | V27: =VLOOKUP($B27,$R$3:$X$9,5,FALSE) -> #N/A | W27: =VLOOKUP($B27,$R$3:$X$9,6,FALSE) -> #N/A | X27: =VLOOKUP($B27,$R$3:$X$9,7,FALSE) -> #N/A | Y27: =VLOOKUP($B27,$R$3:$Z$9,8,FALSE) -> #N/A | Z27: =VLOOKUP($B27,$R$3:$Z$9,9,FALSE) -> #N/A
R28: =B28 -> 0 | S28: =VLOOKUP($B28,$R$3:$X$9,2,FALSE) -> #N/A | T28: =VLOOKUP($B28,$R$3:$X$9,3,FALSE) -> #N/A | U28: =VLOOKUP($B28,$R$3:$X$9,4,FALSE) -> #N/A | V28: =VLOOKUP($B28,$R$3:$X$9,5,FALSE) -> #N/A | W28: =VLOOKUP($B28,$R$3:$X$9,6,FALSE) -> #N/A | X28: =VLOOKUP($B28,$R$3:$X$9,7,FALSE) -> #N/A | Y28: =VLOOKUP($B28,$R$3:$Z$9,8,FALSE) -> #N/A | Z28: =VLOOKUP($B28,$R$3:$Z$9,9,FALSE) -> #N/A
R29: =B29 -> 0 | S29: =VLOOKUP($B29,$R$3:$X$9,2,FALSE) -> #N/A | T29: =VLOOKUP($B29,$R$3:$X$9,3,FALSE) -> #N/A | U29: =VLOOKUP($B29,$R$3:$X$9,4,FALSE) -> #N/A | V29: =VLOOKUP($B29,$R$3:$X$9,5,FALSE) -> #N/A | W29: =VLOOKUP($B29,$R$3:$X$9,6,FALSE) -> #N/A | X29: =VLOOKUP($B29,$R$3:$X$9,7,FALSE) -> #N/A | Y29: =VLOOKUP($B29,$R$3:$Z$9,8,FALSE) -> #N/A | Z29: =VLOOKUP($B29,$R$3:$Z$9,9,FALSE) -> #N/A
... R35: =B35 -> 0 | S35: =VLOOKUP($B35,$R$3:$X$9,2,FALSE) -> #N/A | T35: =VLOOKUP($B35,$R$3:$X$9,3,FALSE) -> #N/A | U35: =VLOOKUP($B35,$R$3:$X$9,4,FALSE) -> #N/A | V35: =VLOOKUP($B35,$R$3:$X$9,5,FALSE) -> #N/A | W35: =VLOOKUP($B35,$R$3:$X$9,6,FALSE) -> #N/A | X35: =VLOOKUP($B35,$R$3:$X$9,7,FALSE) -> #N/A | Y35: =VLOOKUP($B35,$R$3:$Z$9,8,FALSE) -> #N/A | Z35: =VLOOKUP($B35,$R$3:$Z$9,9,FALSE) -> #N/A
B36: BRAND | D36: BBT P.G./ O.G | I36: Brand | K36: MTD No. of Brews | L36: MTD | M36: YTD | N36: Target | R36: =B36 -> BRAND | S36: =VLOOKUP($B36,$R$3:$X$9,2,FALSE) -> #N/A | T36: =VLOOKUP($B36,$R$3:$X$9,3,FALSE) -> #N/A | U36: =VLOOKUP($B36,$R$3:$X$9,4,FALSE) -> #N/A | V36: =VLOOKUP($B36,$R$3:$X$9,5,FALSE) -> #N/A | W36: =VLOOKUP($B36,$R$3:$X$9,6,FALSE) -> #N/A | X36: =VLOOKUP($B36,$R$3:$X$9,7,FALSE) -> #N/A | Y36: =VLOOKUP($B36,$R$3:$Z$9,8,FALSE) -> #N/A | Z36: =VLOOKUP($B36,$R$3:$Z$9,9,FALSE) -> #N/A
