Workbook

Sheet Entries December'25
B1: ENTRIES FOR DAILY CONS. MONITOR | O1: =B1 -> ENTRIES FOR DAILY CONS. MONITOR
C2: old | F2: old | O2: Service 227.3 cubic meters (2273 Hls)Filtered 189.3 cubic meters(1893 Hls)
D3: FUEL | J3: ELECT. | L3: CO2 | O3: WATER | AG3: CO2 Scrubber (m3) | AH3: Supply to Washdown Area (m3) | AI3: Supply to RUs (m3) | AJ3: Steam Mass Flow Meter | AL3: CO2 TANKS' READING
B4: Boilers tot. | C4: Boiler 1 | D4: Gen. meter | E4: Tank level | F4: Boiler 1 | G4: Boiler 2 | H4: Gen | I4: Meter1 | J4: Meter 2 | K4: Gen Meter | L4: Consumption (FILTRATION) (kg) | M4: Consumption (Totalizer Flowmeter) | N4: Consumption (Filler) (kg) | O4: Nawasa Meter (m3) | P4: Annandale Supply (m3) | Q4: Service Supply to Plant (m3) | R4: Cellars/Filtration (m3) | S4: Brewhouse Meter (m3) | T4: Cellars/Process Areas (m3) | U4: Pasteuriser (m3) | V4: Water Plant-Nawasa Annadale (m3) | W4: Water Plant-Well # 1 (m3) | X4: CIP Process | Y4: Bottle Washer | Z4: Boiler | AA4: Permeate #1 | AB4: Permeate #2 | AC4: Bottle Filler (m3) | AD4: RO # 1 Totaliser (m3) | AE4: RO # 2 Totaliser (m3) | AF4: Recovered Water (m3) | AL4: Tank "C" | AM4: Tank "A" | AN4: Tank "B" | AO4: Mobile Tanker
A5: DATE | B5: (liters) | C5: (liters) | D5: (Imp. gals) | E5: (inches) | F5: Hrs | G5: Hrs | H5: Hrs. | I5: (Kwhr) | J5: (Kwhr) | K5: (Kwhr) | M5: (kg) | X5: (m3) | Y5: (m3) | Z5: (m3) | AL5: inH2O | AM5: (Kg.) | AN5: (Kg.) | AO5: (pounds)
A6: 1 | B6: 7825550 | E6: 64 | F6: 6790.6 | G6: 68225 | I6: 129866 | K6: 468000 | L6: 6015.1 | M6: 199070.83 | N6: 31301.52 | O6: 207339 | P6: 45518 | Q6: 935429 | S6: 66072 | U6: 21879 | V6: 1324115 | X6: 40013 | Y6: 47792 | Z6: 10423 | AA6: 97122 | AC6: 2184 | AD6: 261383 | AJ6: 7316083.7
A7: 2 | B7: 7828340 | E7: 64 | F7: 6809.4 | G7: 68225 | I7: 136224 | K7: 468000 | L7: 6240.02 | M7: 201685.73 | N7: 31865.52 | O7: 207437 | P7: 45661 | Q7: 935697 | S7: 66100 | U7: 21897 | V7: 1324266 | X7: 40041 | Y7: 47959 | Z7: 10483 | AA7: 97122 | AC7: 2211 | AD7: 261383 | AJ7: 7316155.1
A8: 3 | B8: 7831470 | E8: 64 | F8: 6830.2 | G8: 68225 | I8: 142660 | K8: 468000 | L8: 6298.44 | M8: 202905.14 | N8: 32128.58 | O8: 207675 | P8: 45792 | Q8: 935862 | S8: 66252 | U8: 21904 | V8: 1324403 | X8: 40044 | Y8: 48043 | Z8: 10531 | AA8: 97122 | AC8: 2225 | AD8: 261383 | AJ8: 7316155.1
A9: 4 | B9: 7834620 | E9: 64 | F9: 6849.8 | G9: 68225 | I9: 150220 | K9: 468000 | L9: 6357.95 | M9: 205059 | N9: 32501.08 | O9: 207814 | P9: 46001 | Q9: 936091 | S9: 66369 | U9: 21914 | V9: 1324621 | X9: 40069 | Y9: 48161 | Z9: 10608 | AA9: 97122 | AC9: 2255 | AD9: 261424 | AJ9: 7316155.1
A10: 5 | B10: 7837540 | E10: 64 | F10: 6868 | G10: 68225 | I10: 158246 | K10: 468000 | L10: 6449.7 | M10: 206755.69 | N10: 32797.96 | O10: 208018 | P10: 46222 | Q10: 936317 | S10: 66509 | U10: 21921 | V10: 1324862 | X10: 40123 | Y10: 48246 | Z10: 10662 | AA10: 97122 | AC10: 2282 | AD10: 261445 | AJ10: 7316155.1
A11: 6 | B11: 7840360 | E11: 64 | F11: 6886.8 | G11: 68225 | I11: 164131 | K11: 468000 | L11: 6696.03 | M11: 208492.86 | N11: 33098.96 | O11: 208175 | P11: 46467 | Q11: 936514 | S11: 66592 | U11: 21927 | V11: 1325109 | X11: 40152 | Y11: 48338 | Z11: 10710 | AA11: 97122 | AC11: 2299 | AD11: 261493 | AJ11: 7316155.1
A12: 7 | B12: 7843730 | E12: 64 | F12: 6908.4 | G12: 68225 | I12: 170956 | K12: 468000 | L12: 6935.71 | M12: 210263.42 | N12: 33424 | O12: 208375 | P12: 46632 | Q12: 936721 | S12: 66714 | U12: 21941 | V12: 1325283 | X12: 40185 | Y12: 48439 | Z12: 10757 | AA12: 97122 | AC12: 2316 | AD12: 261443 | AJ12: 7316155.1
A13: 8 | B13: 7847150 | E13: 64 | F13: 6930.2 | G13: 68225 | I13: 178510 | K13: 468000 | L13: 7120.07 | M13: 212592.33 | N13: 33787.57 | O13: 208458 | P13: 46788 | Q13: 936907 | S13: 66833 | U13: 21947 | V13: 1325446 | X13: 40197 | Y13: 48544 | Z13: 10790 | AA13: 97122 | AC13: 2339 | AD13: 261443 | AJ13: 7316155.1
A14: 9 | B14: 7850780 | E14: 64 | F14: 6951.8 | G14: 68225 | I14: 185840 | K14: 468000 | L14: 7303.6 | M14: 215098.28 | N14: 34264.88 | O14: 208501 | P14: 47067 | Q14: 937158 | S14: 66929 | U14: 21951 | V14: 1325738 | X14: 40249 | Y14: 48654 | Z14: 10818 | AA14: 97122 | AC14: 2367 | AD14: 261443 | AJ14: 7316155.1
A15: 10 | B15: 7853640 | E15: 64 | F15: 6969.9 | G15: 68225 | I15: 192265 | K15: 468000 | L15: 7436.3 | M15: 216655.69 | N15: 34532.83 | O15: 208597 | P15: 47257 | Q15: 937345 | S15: 67093 | U15: 21954 | V15: 1325937 | X15: 40262 | Y15: 48744 | Z15: 10842 | AA15: 97122 | AC15: 2385 | AD15: 261443 | AJ15: 7316155.1
A16: 11 | B16: 7857440 | E16: 64 | F16: 6992.8 | G16: 68225 | I16: 200753 | K16: 468000 | L16: 7507.07 | M16: 219974.23 | N16: 35007.93 | O16: 208864 | P16: 47533 | Q16: 937678 | S16: 67258 | U16: 21964 | V16: 1326228 | X16: 40321 | Y16: 48887 | Z16: 10874 | AA16: 97122 | AC16: 2412 | AD16: 261505 | AJ16: 7316155.1
A17: 12 | B17: 7860120 | E17: 64 | F17: 7010.3 | G17: 68225 | I17: 207485 | K17: 468000 | L17: 7717.82 | M17: 222404.34 | N17: 35332.72 | O17: 209065 | P17: 47788 | Q17: 937913 | S17: 67339 | U17: 21982 | V17: 1326495 | X17: 40342 | Y17: 49018 | Z17: 10899 | AA17: 97122 | AC17: 2433 | AD17: 261596 | AJ17: 7316155.1
... A37: 1 | B37: 7901540 | E37: 64 | F37: 7271.9 | G37: 68225 | I37: 321444 | K37: 468000 | L37: 10303.43 | M37: 254572.72 | N37: 40557.95 | O37: 211566 | P37: 50353 | Q37: 941791 | S37: 68637 | U37: 22072 | V37: 1329822 | X37: 40874 | Y37: 50971 | Z37: 11281 | AA37: 97122 | AC37: 2788 | AD37: 261621 | AJ37: 7335297

Sheet Utility Analysis December'25 
K2: GRENADA BREWERIES LIMITED
K3: UTILITY ANALYSIS
A5: MONTH: | J5: 39295
A7: DATE | D7: ELECTRICITY GRENLEC | E7: Solar System CARIB | G7: % (Solar/Total Usage) | H7: CARIB GENSET | I7: ELECTRICITY TOTAL | J7: WATER | K7: FUEL | L7: CO2 | M7: PRODUCTION - HL | R7: UTILITY RATIOS
B8: METER 1 | C8: METER 2 | F8: TOTAL (KWH) | R8: Elect | S8: Water | T8: Fuel | U8: CO2
H9: USAGE (kwh) | I9: USAGE (kwh) | J9: USAGE (Hl) | K9: USAGE (l) | L9: USAGE (Kg.) | M9: BREWED | N9: BOTTLED | O9: KEGS | P9: OTHER | Q9: TOTAL | R9: KWH/Hl | S9: Hl/hl | T9: Litres/hl | U9: kg./Hl
A10: 1 | B10: =IF('Entries December''25'!I7<'Entries December''25'!I6,"0",(IF('Entries December''25'!I7>='Entries December''25'!I6,'Entries December''25'!I7-'Entries December''25'!I6,(999999-'Entries December''25'!I6)+'Entries December''25'!I7+1))) -> 6358 | C10: =IF('Entries December''25'!J7<='Entries December''25'!J6,"0",IF('Entries December''25'!J7>='Entries December''25'!J6,'Entries December''25'!J7-'Entries December''25'!J6,(999999-'Entries December''25'!J6)+'Entries December''25'!J7+1)) -> 0 | D10: =B10+C10 -> 6358 | E10: 1096.9 | F10: =D10+E10 -> 7454.9 | G10: =E10/(D10+E10) -> 0.14713812 | H10: =IF('Entries December''25'!K7<'Entries December''25'!K6,"0",IF('Entries December''25'!K7>='Entries December''25'!K6,'Entries December''25'!K7-'Entries December''25'!K6,(999999-'Entries December''25'!K6)+'Entries December''25'!K7+1)) -> 0 | I10: =D10+H10 -> 6358 | J10: ='Water '!Z7*10 -> 2410 | K10: =IF('Entries December''25'!B7-'Entries December''25'!B6<1,"0",'Entries December''25'!B7-'Entries December''25'!B6) -> 2790 | L10: ='CO2'!E7 -> 3000 | M10: =+'PROD.FIG. '!F5 -> 0 | N10: =+'PROD.FIG. '!C5 -> 0 | O10: =+'PROD.FIG. '!D5 -> 0 | P10: =+'PROD.FIG. '!E5 -> 0 | Q10: {=TRANSPOSE('Daily KPIs'!B9:AF9)} -> 455.136 | R10: =IF(Q10=0,0,I10/Q10) -> 13.969451 | S10: =IF(R10=0,0,J10/Q10) -> 5.2951206 | T10: =IF(S10=0,0,K10/Q10) -> 6.1300359 | U10: =IF(T10=0,0,L10/Q10) -> 6.5914364
A11: 2 | B11: =IF('Entries December''25'!I8<'Entries December''25'!I7,"0",(IF('Entries December''25'!I8>='Entries December''25'!I7,'Entries December''25'!I8-'Entries December''25'!I7,(999999-'Entries December''25'!I7)+'Entries December''25'!I8+1))) -> 6436 | C11: =IF('Entries December''25'!J8<='Entries December''25'!J7,"0",IF('Entries December''25'!J8>='Entries December''25'!J7,'Entries December''25'!J8-'Entries December''25'!J7,(999999-'Entries December''25'!J7)+'Entries December''25'!J8+1)) -> 0 | D11: =B11+C11 -> 6436 | E11: 891.6 | F11: =D11+E11 -> 7327.6 | G11: =E11/(D11+E11) -> 0.12167695 | H11: =IF('Entries December''25'!K8<'Entries December''25'!K7,"0",IF('Entries December''25'!K8>='Entries December''25'!K7,'Entries December''25'!K8-'Entries December''25'!K7,(999999-'Entries December''25'!K7)+'Entries December''25'!K8+1)) -> 0 | I11: =D11+H11 -> 6436 | J11: ='Water '!Z8*10 -> 3690 | K11: =IF('Entries December''25'!B8-'Entries December''25'!B7<1,"0",'Entries December''25'!B8-'Entries December''25'!B7) -> 3130 | L11: ='CO2'!E8 -> 1200 | M11: =+'PROD.FIG. '!F6 -> 0 | N11: =+'PROD.FIG. '!C6 -> 0 | O11: =+'PROD.FIG. '!D6 -> 0 | P11: =+'PROD.FIG. '!E6 -> 0 | Q11: 211.926 | R11: =IF(Q11=0,0,I11/Q11) -> 30.369091 | S11: =IF(R11=0,0,J11/Q11) -> 17.411738 | T11: =IF(S11=0,0,K11/Q11) -> 14.769306 | U11: =IF(T11=0,0,L11/Q11) -> 5.6623538
A12: 3 | B12: =IF('Entries December''25'!I9<'Entries December''25'!I8,"0",(IF('Entries December''25'!I9>='Entries December''25'!I8,'Entries December''25'!I9-'Entries December''25'!I8,(999999-'Entries December''25'!I8)+'Entries December''25'!I9+1))) -> 7560 | C12: =IF('Entries December''25'!J9<='Entries December''25'!J8,"0",IF('Entries December''25'!J9>='Entries December''25'!J8,'Entries December''25'!J9-'Entries December''25'!J8,(999999-'Entries December''25'!J8)+'Entries December''25'!J9+1)) -> 0 | D12: =B12+C12 -> 7560 | E12: 373.6 | F12: =D12+E12 -> 7933.6 | G12: =E12/(D12+E12) -> 0.047090854 | H12: =IF('Entries December''25'!K9<'Entries December''25'!K8,"0",IF('Entries December''25'!K9>='Entries December''25'!K8,'Entries December''25'!K9-'Entries December''25'!K8,(999999-'Entries December''25'!K8)+'Entries December''25'!K9+1)) -> 0 | I12: =D12+H12 -> 7560 | J12: ='Water '!Z9*10 -> 3480 | K12: =IF('Entries December''25'!B9-'Entries December''25'!B8<1,"0",'Entries December''25'!B9-'Entries December''25'!B8) -> 3150 | L12: ='CO2'!E9 -> 1700 | M12: =+'PROD.FIG. '!F7 -> 0 | N12: =+'PROD.FIG. '!C7 -> 0 | O12: =+'PROD.FIG. '!D7 -> 0 | P12: =+'PROD.FIG. '!E7 -> 0 | Q12: 346.5 | R12: =IF(Q12=0,0,I12/Q12) -> 21.818182 | S12: =IF(R12=0,0,J12/Q12) -> 10.04329 | T12: =IF(S12=0,0,K12/Q12) -> 9.0909091 | U12: =IF(T12=0,0,L12/Q12) -> 4.9062049
A13: 4 | B13: =IF('Entries December''25'!I10<'Entries December''25'!I9,"0",(IF('Entries December''25'!I10>='Entries December''25'!I9,'Entries December''25'!I10-'Entries December''25'!I9,(999999-'Entries December''25'!I9)+'Entries December''25'!I10+1))) -> 8026 | C13: =IF('Entries December''25'!J10<='Entries December''25'!J9,"0",IF('Entries December''25'!J10>='Entries December''25'!J9,'Entries December''25'!J10-'Entries December''25'!J9,(999999-'Entries December''25'!J9)+'Entries December''25'!J10+1)) -> 0 | D13: =B13+C13 -> 8026 | E13: 501.5 | F13: =D13+E13 -> 8527.5 | G13: =E13/(D13+E13) -> 0.058809733 | H13: =IF('Entries December''25'!K10<'Entries December''25'!K9,"0",IF('Entries December''25'!K10>='Entries December''25'!K9,'Entries December''25'!K10-'Entries December''25'!K9,(999999-'Entries December''25'!K9)+'Entries December''25'!K10+1)) -> 0 | I13: =D13+H13 -> 8026 | J13: ='Water '!Z10*10 -> 4250 | K13: =IF('Entries December''25'!B10-'Entries December''25'!B9<1,"0",'Entries December''25'!B10-'Entries December''25'!B9) -> 2920 | L13: ='CO2'!E10 -> 1600 | M13: =+'PROD.FIG. '!F8 -> 0 | N13: =+'PROD.FIG. '!C8 -> 0 | O13: =+'PROD.FIG. '!D8 -> 0 | P13: =+'PROD.FIG. '!E8 -> 0 | Q13: 253.836 | R13: =IF(Q13=0,0,I13/Q13) -> 31.618841 | S13: =IF(R13=0,0,J13/Q13) -> 16.743094 | T13: =IF(S13=0,0,K13/Q13) -> 11.50349 | U13: =IF(T13=0,0,L13/Q13) -> 6.3032824
A14: 5 | B14: =IF('Entries December''25'!I11<'Entries December''25'!I10,"0",(IF('Entries December''25'!I11>='Entries December''25'!I10,'Entries December''25'!I11-'Entries December''25'!I10,(999999-'Entries December''25'!I10)+'Entries December''25'!I11+1))) -> 5885 | C14: =IF('Entries December''25'!J11<='Entries December''25'!J10,"0",IF('Entries December''25'!J11>='Entries December''25'!J10,'Entries December''25'!J11-'Entries December''25'!J10,(999999-'Entries December''25'!J10)+'Entries December''25'!J11+1)) -> 0 | D14: =B14+C14 -> 5885 | E14: 1161.1 | F14: =D14+E14 -> 7046.1 | G14: =E14/(D14+E14) -> 0.16478619 | H14: =IF('Entries December''25'!K11<'Entries December''25'!K10,"0",IF('Entries December''25'!K11>='Entries December''25'!K10,'Entries December''25'!K11-'Entries December''25'!K10,(999999-'Entries December''25'!K10)+'Entries December''25'!K11+1)) -> 0 | I14: =D14+H14 -> 5885 | J14: ='Water '!Z11*10 -> 4020 | K14: =IF('Entries December''25'!B11-'Entries December''25'!B10<1,"0",'Entries December''25'!B11-'Entries December''25'!B10) -> 2820 | L14: ='CO2'!E11 -> 1600 | M14: =+'PROD.FIG. '!F9 -> 0 | N14: =+'PROD.FIG. '!C9 -> 0 | O14: =+'PROD.FIG. '!D9 -> 0 | P14: =+'PROD.FIG. '!E9 -> 0 | Q14: 262.746 | R14: =IF(Q14=0,0,I14/Q14) -> 22.398057 | S14: =IF(R14=0,0,J14/Q14) -> 15.299947 | T14: =IF(S14=0,0,K14/Q14) -> 10.732799 | U14: =IF(T14=0,0,L14/Q14) -> 6.0895313
A15: 6 | B15: =IF('Entries December''25'!I12<'Entries December''25'!I11,"0",(IF('Entries December''25'!I12>='Entries December''25'!I11,'Entries December''25'!I12-'Entries December''25'!I11,(999999-'Entries December''25'!I11)+'Entries December''25'!I12+1))) -> 6825 | C15: =IF('Entries December''25'!J12<='Entries December''25'!J11,"0",IF('Entries December''25'!J12>='Entries December''25'!J11,'Entries December''25'!J12-'Entries December''25'!J11,(999999-'Entries December''25'!J11)+'Entries December''25'!J12+1)) -> 0 | D15: =B15+C15 -> 6825 | E15: 1390.7 | F15: =D15+E15 -> 8215.7 | G15: =E15/(D15+E15) -> 0.16927346 | H15: =IF('Entries December''25'!K12<'Entries December''25'!K11,"0",IF('Entries December''25'!K12>='Entries December''25'!K11,'Entries December''25'!K12-'Entries December''25'!K11,(999999-'Entries December''25'!K11)+'Entries December''25'!K12+1)) -> 0 | I15: =D15+H15 -> 6825 | J15: ='Water '!Z12*10 -> 3650 | K15: =IF('Entries December''25'!B12-'Entries December''25'!B11<1,"0",'Entries December''25'!B12-'Entries December''25'!B11) -> 3370 | L15: ='CO2'!E12 -> 800 | M15: =+'PROD.FIG. '!F10 -> 0 | N15: =+'PROD.FIG. '!C10 -> 0 | O15: =+'PROD.FIG. '!D10 -> 0 | P15: =+'PROD.FIG. '!E10 -> 0 | Q15: 302.676 | R15: =IF(Q15=0,0,I15/Q15) -> 22.548864 | S15: =IF(R15=0,0,J15/Q15) -> 12.059099 | T15: =IF(S15=0,0,K15/Q15) -> 11.134018 | U15: =IF(T15=0,0,L15/Q15) -> 2.6430903
A16: 7 | B16: =IF('Entries December''25'!I13<'Entries December''25'!I12,"0",(IF('Entries December''25'!I13>='Entries December''25'!I12,'Entries December''25'!I13-'Entries December''25'!I12,(999999-'Entries December''25'!I12)+'Entries December''25'!I13+1))) -> 7554 | C16: =IF('Entries December''25'!J13<='Entries December''25'!J12,"0",IF('Entries December''25'!J13>='Entries December''25'!J12,'Entries December''25'!J13-'Entries December''25'!J12,(999999-'Entries December''25'!J12)+'Entries December''25'!J13+1)) -> 0 | D16: =B16+C16 -> 7554 | E16: 808.8 | F16: =D16+E16 -> 8362.8 | G16: =E16/(D16+E16) -> 0.096714019 | H16: =IF('Entries December''25'!K13<'Entries December''25'!K12,"0",IF('Entries December''25'!K13>='Entries December''25'!K12,'Entries December''25'!K13-'Entries December''25'!K12,(999999-'Entries December''25'!K12)+'Entries December''25'!K13+1)) -> 0 | I16: =D16+H16 -> 7554 | J16: ='Water '!Z13*10 -> 2390 | K16: =IF('Entries December''25'!B13-'Entries December''25'!B12<1,"0",'Entries December''25'!B13-'Entries December''25'!B12) -> 3420 | L16: ='CO2'!E13 -> 2900 | M16: =+'PROD.FIG. '!F11 -> 0 | N16: =+'PROD.FIG. '!C11 -> 0 | O16: =+'PROD.FIG. '!D11 -> 0 | P16: =+'PROD.FIG. '!E11 -> 0 | Q16: 388.5504 | R16: =IF(Q16=0,0,I16/Q16) -> 19.441493 | S16: =IF(R16=0,0,J16/Q16) -> 6.1510682 | T16: =IF(S16=0,0,K16/Q16) -> 8.8019469 | U16: =IF(T16=0,0,L16/Q16) -> 7.4636392
A17: 8 | B17: =IF('Entries December''25'!I14<'Entries December''25'!I13,"0",(IF('Entries December''25'!I14>='Entries December''25'!I13,'Entries December''25'!I14-'Entries December''25'!I13,(999999-'Entries December''25'!I13)+'Entries December''25'!I14+1))) -> 7330 | C17: =IF('Entries December''25'!J14<='Entries December''25'!J13,"0",IF('Entries December''25'!J14>='Entries December''25'!J13,'Entries December''25'!J14-'Entries December''25'!J13,(999999-'Entries December''25'!J13)+'Entries December''25'!J14+1)) -> 0 | D17: =B17+C17 -> 7330 | E17: 1313.3 | F17: =D17+E17 -> 8643.3 | G17: =E17/(D17+E17) -> 0.15194428 | H17: =IF('Entries December''25'!K14<'Entries December''25'!K13,"0",IF('Entries December''25'!K14>='Entries December''25'!K13,'Entries December''25'!K14-'Entries December''25'!K13,(999999-'Entries December''25'!K13)+'Entries December''25'!K14+1)) -> 0 | I17: =D17+H17 -> 7330 | J17: ='Water '!Z14*10 -> 3220 | K17: =IF('Entries December''25'!B14-'Entries December''25'!B13<1,"0",'Entries December''25'!B14-'Entries December''25'!B13) -> 3630 | L17: ='CO2'!E14 -> 2000 | M17: =+'PROD.FIG. '!F12 -> 0 | N17: =+'PROD.FIG. '!C12 -> 0 | O17: =+'PROD.FIG. '!D12 -> 0 | P17: =+'PROD.FIG. '!E12 -> 0 | Q17: 447.8844 | R17: =IF(Q17=0,0,I17/Q17) -> 16.36583 | S17: =IF(R17=0,0,J17/Q17) -> 7.1893551 | T17: =IF(S17=0,0,K17/Q17) -> 8.1047699 | U17: =IF(T17=0,0,L17/Q17) -> 4.465438
A18: 9 | B18: =IF('Entries December''25'!I15<'Entries December''25'!I14,"0",(IF('Entries December''25'!I15>='Entries December''25'!I14,'Entries December''25'!I15-'Entries December''25'!I14,(999999-'Entries December''25'!I14)+'Entries December''25'!I15+1))) -> 6425 | C18: =IF('Entries December''25'!J15<='Entries December''25'!J14,"0",IF('Entries December''25'!J15>='Entries December''25'!J14,'Entries December''25'!J15-'Entries December''25'!J14,(999999-'Entries December''25'!J14)+'Entries December''25'!J15+1)) -> 0 | D18: =B18+C18 -> 6425 | E18: 1380 | F18: =D18+E18 -> 7805 | G18: =E18/(D18+E18) -> 0.17680974 | H18: =IF('Entries December''25'!K15<'Entries December''25'!K14,"0",IF('Entries December''25'!K15>='Entries December''25'!K14,'Entries December''25'!K15-'Entries December''25'!K14,(999999-'Entries December''25'!K14)+'Entries December''25'!K15+1)) -> 0 | I18: =D18+H18 -> 6425 | J18: ='Water '!Z15*10 -> 2860 | K18: =IF('Entries December''25'!B15-'Entries December''25'!B14<1,"0",'Entries December''25'!B15-'Entries December''25'!B14) -> 2860 | L18: ='CO2'!E15 -> 900 | M18: =+'PROD.FIG. '!F13 -> 0 | N18: =+'PROD.FIG. '!C13 -> 0 | O18: =+'PROD.FIG. '!D13 -> 0 | P18: =+'PROD.FIG. '!E13 -> 0 | Q18: 214.764 | R18: =IF(Q18=0,0,I18/Q18) -> 29.91656 | S18: =IF(R18=0,0,J18/Q18) -> 13.316943 | T18: =IF(S18=0,0,K18/Q18) -> 13.316943 | U18: =IF(T18=0,0,L18/Q18) -> 4.1906465
A19: 10 | B19: =IF('Entries December''25'!I16<'Entries December''25'!I15,"0",(IF('Entries December''25'!I16>='Entries December''25'!I15,'Entries December''25'!I16-'Entries December''25'!I15,(999999-'Entries December''25'!I15)+'Entries December''25'!I16+1))) -> 8488 | C19: =IF('Entries December''25'!J16<='Entries December''25'!J15,"0",IF('Entries December''25'!J16>='Entries December''25'!J15,'Entries December''25'!J16-'Entries December''25'!J15,(999999-'Entries December''25'!J15)+'Entries December''25'!J16+1)) -> 0 | D19: =B19+C19 -> 8488 | E19: 1372.1 | F19: =D19+E19 -> 9860.1 | G19: =E19/(D19+E19) -> 0.1391568 | H19: =IF('Entries December''25'!K16<'Entries December''25'!K15,"0",IF('Entries December''25'!K16>='Entries December''25'!K15,'Entries December''25'!K16-'Entries December''25'!K15,(999999-'Entries December''25'!K15)+'Entries December''25'!K16+1)) -> 0 | I19: =D19+H19 -> 8488 | J19: ='Water '!Z16*10 -> 5430 | K19: =IF('Entries December''25'!B16-'Entries December''25'!B15<1,"0",'Entries December''25'!B16-'Entries December''25'!B15) -> 3800 | L19: ='CO2'!E16 -> 4800 | M19: =+'PROD.FIG. '!F14 -> 0 | N19: =+'PROD.FIG. '!C14 -> 0 | O19: =+'PROD.FIG. '!D14 -> 0 | P19: =+'PROD.FIG. '!E14 -> 0 | Q19: 437.052 | R19: =IF(Q19=0,0,I19/Q19) -> 19.42103 | S19: =IF(R19=0,0,J19/Q19) -> 12.424151 | T19: =IF(S19=0,0,K19/Q19) -> 8.6946176 | U19: =IF(T19=0,0,L19/Q19) -> 10.982675
A20: 11 | B20: =IF('Entries December''25'!I17<'Entries December''25'!I16,"0",(IF('Entries December''25'!I17>='Entries December''25'!I16,'Entries December''25'!I17-'Entries December''25'!I16,(999999-'Entries December''25'!I16)+'Entries December''25'!I17+1))) -> 6732 | C20: =IF('Entries December''25'!J17<='Entries December''25'!J16,"0",IF('Entries December''25'!J17>='Entries December''25'!J16,'Entries December''25'!J17-'Entries December''25'!J16,(999999-'Entries December''25'!J16)+'Entries December''25'!J17+1)) -> 0 | D20: =B20+C20 -> 6732 | E20: 1466.4 | F20: =D20+E20 -> 8198.4 | G20: =E20/(D20+E20) -> 0.17886417 | H20: =IF('Entries December''25'!K17<'Entries December''25'!K16,"0",IF('Entries December''25'!K17>='Entries December''25'!K16,'Entries December''25'!K17-'Entries December''25'!K16,(999999-'Entries December''25'!K16)+'Entries December''25'!K17+1)) -> 0 | I20: =D20+H20 -> 6732 | J20: ='Water '!Z17*10 -> 4560 | K20: =IF('Entries December''25'!B17-'Entries December''25'!B16<1,"0",'Entries December''25'!B17-'Entries December''25'!B16) -> 2680 | L20: ='CO2'!E17 -> 2000 | M20: =+'PROD.FIG. '!F15 -> 0 | N20: =+'PROD.FIG. '!C15 -> 0 | O20: =+'PROD.FIG. '!D15 -> 0 | P20: =+'PROD.FIG. '!E15 -> 0 | Q20: 332.838 | R20: =IF(Q20=0,0,I20/Q20) -> 20.226056 | S20: =IF(R20=0,0,J20/Q20) -> 13.700359 | T20: =IF(S20=0,0,K20/Q20) -> 8.0519652 | U20: =IF(T20=0,0,L20/Q20) -> 6.0089293
A21: 12 | B21: =IF('Entries December''25'!I18<'Entries December''25'!I17,"0",(IF('Entries December''25'!I18>='Entries December''25'!I17,'Entries December''25'!I18-'Entries December''25'!I17,(999999-'Entries December''25'!I17)+'Entries December''25'!I18+1))) -> 6620 | C21: =IF('Entries December''25'!J18<='Entries December''25'!J17,"0",IF('Entries December''25'!J18>='Entries December''25'!J17,'Entries December''25'!J18-'Entries December''25'!J17,(999999-'Entries December''25'!J17)+'Entries December''25'!J18+1)) -> 0 | D21: =B21+C21 -> 6620 | E21: 1166.2 | F21: =D21+E21 -> 7786.2 | G21: =E21/(D21+E21) -> 0.14977781 | H21: =IF('Entries December''25'!K18<'Entries December''25'!K17,"0",IF('Entries December''25'!K18>='Entries December''25'!K17,'Entries December''25'!K18-'Entries December''25'!K17,(999999-'Entries December''25'!K17)+'Entries December''25'!K18+1)) -> 0 | I21: =D21+H21 -> 6620 | J21: ='Water '!Z18*10 -> 2370 | K21: =IF('Entries December''25'!B18-'Entries December''25'!B17<1,"0",'Entries December''25'!B18-'Entries December''25'!B17) -> 3090 | L21: ='CO2'!E18 -> 1600 | M21: =+'PROD.FIG. '!F16 -> 0 | N21: =+'PROD.FIG. '!C16 -> 0 | O21: =+'PROD.FIG. '!D16 -> 0 | P21: =+'PROD.FIG. '!E16 -> 0 | Q21: 259.05 | R21: =IF(Q21=0,0,I21/Q21) -> 25.554912 | S21: =IF(R21=0,0,J21/Q21) -> 9.148813 | T21: =IF(S21=0,0,K21/Q21) -> 11.928199 | U21: =IF(T21=0,0,L21/Q21) -> 6.1764138
A22: 13 | B22: =IF('Entries December''25'!I19<'Entries December''25'!I18,"0",(IF('Entries December''25'!I19>='Entries December''25'!I18,'Entries December''25'!I19-'Entries December''25'!I18,(999999-'Entries December''25'!I18)+'Entries December''25'!I19+1))) -> 4519 | C22: =IF('Entries December''25'!J19<='Entries December''25'!J18,"0",IF('Entries December''25'!J19>='Entries December''25'!J18,'Entries December''25'!J19-'Entries December''25'!J18,(999999-'Entries December''25'!J18)+'Entries December''25'!J19+1)) -> 0 | D22: =B22+C22 -> 4519 | E22: 1223.1 | F22: =D22+E22 -> 5742.1 | G22: =E22/(D22+E22) -> 0.21300569 | H22: =IF('Entries December''25'!K19<'Entries December''25'!K18,"0",IF('Entries December''25'!K19>='Entries December''25'!K18,'Entries December''25'!K19-'Entries December''25'!K18,(999999-'Entries December''25'!K18)+'Entries December''25'!K19+1)) -> 0 | I22: =D22+H22 -> 4519 | J22: ='Water '!Z19*10 -> 1460 | K22: =IF('Entries December''25'!B19-'Entries December''25'!B18<1,"0",'Entries December''25'!B19-'Entries December''25'!B18) -> 1470 | L22: ='CO2'!E19 -> 200 | M22: =+'PROD.FIG. '!F17 -> 0 | N22: =+'PROD.FIG. '!C17 -> 0 | O22: =+'PROD.FIG. '!D17 -> 0 | P22: =+'PROD.FIG. '!E17 -> 0 | Q22: 190.608 | R22: =IF(Q22=0,0,I22/Q22) -> 23.708344 | S22: =IF(R22=0,0,J22/Q22) -> 7.6596995 | T22: =IF(S22=0,0,K22/Q22) -> 7.7121632 | U22: =IF(T22=0,0,L22/Q22) -> 1.0492739
... A39: 30 | B39: =IF('Entries December''25'!I36<'Entries December''25'!I35,"0",(IF('Entries December''25'!I36>='Entries December''25'!I35,'Entries December''25'!I36-'Entries December''25'!I35,(999999-'Entries December''25'!I35)+'Entries December''25'!I36+1))) -> 7806 | C39: =IF('Entries December''25'!J36<='Entries December''25'!J35,"0",IF('Entries December''25'!J36>='Entries December''25'!J35,'Entries December''25'!J36-'Entries December''25'!J35,(999999-'Entries December''25'!J35)+'Entries December''25'!J36+1)) -> 0 | D39: =B39+C39 -> 7806 | E39: 1196.3 | F39: =D39+E39 -> 9002.3 | G39: =E39/(D39+E39) -> 0.13288826 | H39: =IF('Entries December''25'!K36<'Entries December''25'!K35,"0",IF('Entries December''25'!K36>='Entries December''25'!K35,'Entries December''25'!K36-'Entries December''25'!K35,(999999-'Entries December''25'!K35)+'Entries December''25'!K36+1)) -> 0 | I39: =D39+H39 -> 7806 | J39: ='Water '!Z36*10 -> 3510 | K39: =IF('Entries December''25'!B36-'Entries December''25'!B35<1,"0",'Entries December''25'!B36-'Entries December''25'!B35) -> 3660 | L39: ='CO2'!E36 -> 1700 | M39: =+'PROD.FIG. '!F34 -> 0 | N39: =+'PROD.FIG. '!C34 -> 0 | O39: =+'PROD.FIG. '!D34 -> 0 | P39: =+'PROD.FIG. '!E34 -> 0 | Q39: 513.018 | R39: =IF(Q39=0,0,I39/Q39) -> 15.21584 | S39: =IF(R39=0,0,J39/Q39) -> 6.8418652 | T39: =IF(S39=0,0,K39/Q39) -> 7.1342526 | U39: =IF(T39=0,0,L39/Q39) -> 3.3137239
A40: 31 | B40: =IF('Entries December''25'!I37<'Entries December''25'!I36,"0",(IF('Entries December''25'!I37>='Entries December''25'!I36,'Entries December''25'!I37-'Entries December''25'!I36,(999999-'Entries December''25'!I36)+'Entries December''25'!I37+1))) -> 7082 | C40: =IF('Entries December''25'!J37<='Entries December''25'!J36,"0",IF('Entries December''25'!J37>='Entries December''25'!J36,'Entries December''25'!J37-'Entries December''25'!J36,(999999-'Entries December''25'!J36)+'Entries December''25'!J37+1)) -> 0 | D40: =B40+C40 -> 7082 | E40: 1307.3 | F40: =D40+E40 -> 8389.3 | G40: =E40/(D40+E40) -> 0.15582945 | H40: =IF('Entries December''25'!K37<'Entries December''25'!K36,"0",IF('Entries December''25'!K37>='Entries December''25'!K36,'Entries December''25'!K37-'Entries December''25'!K36,(999999-'Entries December''25'!K36)+'Entries December''25'!K37+1)) -> 0 | I40: =D40+H40 -> 7082 | J40: ='Water '!Z37*10 -> 3150 | K40: =IF('Entries December''25'!B37-'Entries December''25'!B36<1,"0",'Entries December''25'!B37-'Entries December''25'!B36) -> 2570 | L40: ='CO2'!E37 -> 1600 | Q40: 430.518 | R40: =IF(Q40=0,0,I40/Q40) -> 16.449951 | S40: =IF(R40=0,0,J40/Q40) -> 7.3167672 | T40: =IF(S40=0,0,K40/Q40) -> 5.969553 | U40: =IF(T40=0,0,L40/Q40) -> 3.7164532
R41: MTD
D42: Kwhr | H42: Kwhr | I42: Kwhr | J42: Hl | K42: L | L42: kg. | M42: hl | N42: hl | O42: hl | P42: hl | Q42: hl | R42: Elect | S42: Water | T42: Fuel | U42: CO2
A43: Total | D43: =SUM(D10:D40) -> 191578 | E43: =SUM(E10:E40) -> 35002.7 | F43: =SUM(F10:F40) -> 226580.7 | G43: =E43/(D43+E43) -> 0.15448227 | H43: =SUM(H10:H40) -> 0 | I43: =SUM(I10:I40) -> 191578 | J43: =SUM(J10:J40) -> 90620 | K43: =SUM(K10:K40) -> 75990 | L43: =SUM(L10:L40) -> 54700 | M43: =SUM(M10:M40) -> 0 | N43: =SUM(N10:N40) -> 0 | O43: =SUM(O10:O40) -> 0 | ... Q43: =SUM(Q10:Q40) -> 9272.0823 | R43: KWH/Hl | S43: Hl/hl | T43: Litres/hl | U43: kg./Hl
R44: =IF(Q43=0,0,I43/Q43) -> 20.66181 | S44: =IF(R44=0,0,J43/Q43) -> 9.7734249 | T44: =IF(S44=0,0,K43/Q43) -> 8.1955701 | U44: =IF(T44=0,0,L43/Q43) -> 5.8994299

Sheet Steam Mass Flow 
A3: DATE | B3: Steam Mass Flow Reading
A5: 1 | B5: =IF('Entries December''25'!AJ7-'Entries December''25'!AJ6<1,"0",'Entries December''25'!AJ7-'Entries December''25'!AJ6) -> 71.316
A6: 2 | B6: =IF('Entries December''25'!AJ8-'Entries December''25'!AJ7<1,"0",'Entries December''25'!AJ8-'Entries December''25'!AJ7) -> 0
A7: 3 | B7: =IF('Entries December''25'!AJ9-'Entries December''25'!AJ8<1,"0",'Entries December''25'!AJ9-'Entries December''25'!AJ8) -> 0
A8: 4 | B8: =IF('Entries December''25'!AJ10-'Entries December''25'!AJ9<1,"0",'Entries December''25'!AJ10-'Entries December''25'!AJ9) -> 0
A9: 5 | B9: =IF('Entries December''25'!AJ11-'Entries December''25'!AJ10<1,"0",'Entries December''25'!AJ11-'Entries December''25'!AJ10) -> 0
A10: 6 | B10: =IF('Entries December''25'!AJ12-'Entries December''25'!AJ11<1,"0",'Entries December''25'!AJ12-'Entries December''25'!AJ11) -> 0
A11: 7 | B11: =IF('Entries December''25'!AJ13-'Entries December''25'!AJ12<1,"0",'Entries December''25'!AJ13-'Entries December''25'!AJ12) -> 0
A12: 8 | B12: =IF('Entries December''25'!AJ14-'Entries December''25'!AJ13<1,"0",'Entries December''25'!AJ14-'Entries December''25'!AJ13) -> 0
A13: 9 | B13: =IF('Entries December''25'!AJ15-'Entries December''25'!AJ14<1,"0",'Entries December''25'!AJ15-'Entries December''25'!AJ14) -> 0
A14: 10 | B14: =IF('Entries December''25'!AJ16-'Entries December''25'!AJ15<1,"0",'Entries December''25'!AJ16-'Entries December''25'!AJ15) -> 0
A15: 11 | B15: =IF('Entries December''25'!AJ17-'Entries December''25'!AJ16<1,"0",'Entries December''25'!AJ17-'Entries December''25'!AJ16) -> 0
A16: 12 | B16: =IF('Entries December''25'!AJ18-'Entries December''25'!AJ17<1,"0",'Entries December''25'!AJ18-'Entries December''25'!AJ17) -> 0
... A35: 31 | B35: =IF('Entries December''25'!AJ37-'Entries December''25'!AJ36<1,"0",'Entries December''25'!AJ37-'Entries December''25'!AJ36) -> 19044.02
B36: =SUM(B5:B35) -> 19213.26

Sheet Fuel 
A1: DAILY FUEL CONSUMPTION FOR DECEMBER 2025
A4: DATE | B4: Boiler 1 | C4: Boiler 1 | D4: Boiler 2 | E4: Boiler 2 | F4: Gen. | G4: Gen | H4: Boiler 1 sp. | I4: Boiler 2 sp. | J4: Gen. sp | K4: Daily cons. | L4: Total Prod.(HL) | M4: Fuel(Litres/HL)
B5: Cons ( l ) | C5: Hrs | D5: Cons ( l ) | E5: Hrs | F5: Cons ( l ) | G5: Hrs | H5: cons (l/hr) | I5: cons (l/hr) | J5: Cons.(l/hr) | K5: (litres)
A7: 1 | B7: =IF('Entries December''25'!B7-'Entries December''25'!B6<1,"0",'Entries December''25'!B7-'Entries December''25'!B6) -> 2790 | C7: =IF('Entries December''25'!F7-'Entries December''25'!F6<1,"0",'Entries December''25'!F7-'Entries December''25'!F6) -> 18.8 | D7: =IF('Entries December''25'!C6=0,0,+'Entries December''25'!C6-'Entries December''25'!#REF!) -> 0 | E7: =IF('Entries December''25'!G7-'Entries December''25'!G6<1,"0",'Entries December''25'!G7-'Entries December''25'!G6) -> 0 | H7: =IF(C7+E7=0,"0", B7/(C7+E7)) -> 148.40426 | I7: =IF(E7=0,"0", D7/E7) -> 0 | J7: =IF(G7=0,"0", F7/G7) -> 0 | K7: =B7+D7+F7 -> 2790 | L7: {=IF(TRANSPOSE('Daily KPIs'!B9:AF9)=0,"0",TRANSPOSE('Daily KPIs'!B9:AF9))} -> 455.136 | M7: =IF(L7=0,"0",(K7/L7)) -> 6.1300359
A8: 2 | B8: =IF('Entries December''25'!B8-'Entries December''25'!B7<1,"0",'Entries December''25'!B8-'Entries December''25'!B7) -> 3130 | C8: =IF('Entries December''25'!F8-'Entries December''25'!F7<1,"0",'Entries December''25'!F8-'Entries December''25'!F7) -> 20.8 | D8: =IF('Entries December''25'!C7=0,0,+'Entries December''25'!C7-'Entries December''25'!C6) -> 0 | E8: =IF('Entries December''25'!G8-'Entries December''25'!G7<1,"0",'Entries December''25'!G8-'Entries December''25'!G7) -> 0 | H8: =IF(C8+E8=0,"0", B8/(C8+E8)) -> 150.48077 | I8: =IF(E8=0,"0", D8/E8) -> 0 | J8: =IF(G8=0,"0", F8/G8) -> 0 | K8: =B8+D8+F8 -> 3130 | L8: 211.926 | M8: =IF(L8=0,"0",(K8/L8)) -> 14.769306
A9: 3 | B9: =IF('Entries December''25'!B9-'Entries December''25'!B8<1,"0",'Entries December''25'!B9-'Entries December''25'!B8) -> 3150 | C9: =IF('Entries December''25'!F9-'Entries December''25'!F8<1,"0",'Entries December''25'!F9-'Entries December''25'!F8) -> 19.6 | D9: =IF('Entries December''25'!C8=0,0,+'Entries December''25'!C8-'Entries December''25'!C7) -> 0 | E9: =IF('Entries December''25'!G9-'Entries December''25'!G8<1,"0",'Entries December''25'!G9-'Entries December''25'!G8) -> 0 | H9: =IF(C9+E9=0,"0", B9/(C9+E9)) -> 160.71429 | I9: =IF(E9=0,"0", D9/E9) -> 0 | J9: =IF(G9=0,"0", F9/G9) -> 0 | K9: =B9+D9+F9 -> 3150 | L9: 346.5 | M9: =IF(L9=0,"0",(K9/L9)) -> 9.0909091
A10: 4 | B10: =IF('Entries December''25'!B10-'Entries December''25'!B9<1,"0",'Entries December''25'!B10-'Entries December''25'!B9) -> 2920 | C10: =IF('Entries December''25'!F10-'Entries December''25'!F9<1,"0",'Entries December''25'!F10-'Entries December''25'!F9) -> 18.2 | D10: =IF('Entries December''25'!C11=0,0,+'Entries December''25'!C11-'Entries December''25'!C8) -> 0 | E10: =IF('Entries December''25'!G10-'Entries December''25'!G9<1,"0",'Entries December''25'!G10-'Entries December''25'!G9) -> 0 | H10: =IF(C10+E10=0,"0", B10/(C10+E10)) -> 160.43956 | I10: =IF(E10=0,"0", D10/E10) -> 0 | J10: =IF(G10=0,"0", F10/G10) -> 0 | K10: =B10+D10+F10 -> 2920 | L10: 253.836 | M10: =IF(L10=0,"0",(K10/L10)) -> 11.50349
A11: 5 | B11: =IF('Entries December''25'!B11-'Entries December''25'!B10<1,"0",'Entries December''25'!B11-'Entries December''25'!B10) -> 2820 | C11: =IF('Entries December''25'!F11-'Entries December''25'!F10<1,"0",'Entries December''25'!F11-'Entries December''25'!F10) -> 18.8 | D11: =IF('Entries December''25'!C10=0,0,+'Entries December''25'!C10-'Entries December''25'!C11) -> 0 | E11: =IF('Entries December''25'!G11-'Entries December''25'!G10<1,"0",'Entries December''25'!G11-'Entries December''25'!G10) -> 0 | H11: =IF(C11+E11=0,"0", B11/(C11+E11)) -> 150 | I11: =IF(E11=0,"0", D11/E11) -> 0 | J11: =IF(G11=0,"0", F11/G11) -> 0 | K11: =B11+D11+F11 -> 2820 | L11: 262.746 | M11: =IF(L11=0,"0",(K11/L11)) -> 10.732799
A12: 6 | B12: =IF('Entries December''25'!B12-'Entries December''25'!B11<1,"0",'Entries December''25'!B12-'Entries December''25'!B11) -> 3370 | C12: =IF('Entries December''25'!F12-'Entries December''25'!F11<1,"0",'Entries December''25'!F12-'Entries December''25'!F11) -> 21.6 | D12: =IF('Entries December''25'!C12=0,0,+'Entries December''25'!C12-'Entries December''25'!C10) -> 0 | E12: =IF('Entries December''25'!G12-'Entries December''25'!G11<1,"0",'Entries December''25'!G12-'Entries December''25'!G11) -> 0 | H12: =IF(C12+E12=0,"0", B12/(C12+E12)) -> 156.01852 | I12: =IF(E12=0,"0", D12/E12) -> 0 | J12: =IF(G12=0,"0", F12/G12) -> 0 | K12: =B12+D12+F12 -> 3370 | L12: 302.676 | M12: =IF(L12=0,"0",(K12/L12)) -> 11.134018
A13: 7 | B13: =IF('Entries December''25'!B13-'Entries December''25'!B12<1,"0",'Entries December''25'!B13-'Entries December''25'!B12) -> 3420 | C13: =IF('Entries December''25'!F13-'Entries December''25'!F12<1,"0",'Entries December''25'!F13-'Entries December''25'!F12) -> 21.8 | D13: =IF('Entries December''25'!C13=0,0,+'Entries December''25'!C13-'Entries December''25'!C11) -> 0 | E13: =IF('Entries December''25'!G13-'Entries December''25'!G12<1,"0",'Entries December''25'!G13-'Entries December''25'!G12) -> 0 | H13: =IF(C13+E13=0,"0", B13/(C13+E13)) -> 156.88073 | I13: =IF(E13=0,"0", D13/E13) -> 0 | J13: =IF(G13=0,"0", F13/G13) -> 0 | K13: =B13+D13+F13 -> 3420 | L13: 388.5504 | M13: =IF(L13=0,"0",(K13/L13)) -> 8.8019469
A14: 8 | B14: =IF('Entries December''25'!B14-'Entries December''25'!B13<1,"0",'Entries December''25'!B14-'Entries December''25'!B13) -> 3630 | C14: =IF('Entries December''25'!F14-'Entries December''25'!F13<1,"0",'Entries December''25'!F14-'Entries December''25'!F13) -> 21.6 | D14: =IF('Entries December''25'!C13=0,0,+'Entries December''25'!C13-'Entries December''25'!#REF!) -> 0 | E14: =IF('Entries December''25'!G14-'Entries December''25'!G13<1,"0",'Entries December''25'!G14-'Entries December''25'!G13) -> 0 | H14: =IF(C14+E14=0,"0", B14/(C14+E14)) -> 168.05556 | I14: =IF(E14=0,"0", D14/E14) -> 0 | J14: =IF(G14=0,"0", F14/G14) -> 0 | K14: =B14+D14+F14 -> 3630 | L14: 447.8844 | M14: =IF(L14=0,"0",(K14/L14)) -> 8.1047699
A15: 9 | B15: =IF('Entries December''25'!B15-'Entries December''25'!B14<1,"0",'Entries December''25'!B15-'Entries December''25'!B14) -> 2860 | C15: =IF('Entries December''25'!F15-'Entries December''25'!F14<1,"0",'Entries December''25'!F15-'Entries December''25'!F14) -> 18.1 | D15: =IF('Entries December''25'!C14=0,0,+'Entries December''25'!C14-'Entries December''25'!C13) -> 0 | E15: =IF('Entries December''25'!G15-'Entries December''25'!G14<1,"0",'Entries December''25'!G15-'Entries December''25'!G14) -> 0 | H15: =IF(C15+E15=0,"0", B15/(C15+E15)) -> 158.01105 | I15: =IF(E15=0,"0", D15/E15) -> 0 | J15: =IF(G15=0,"0", F15/G15) -> 0 | K15: =B15+D15+F15 -> 2860 | L15: 214.764 | M15: =IF(L15=0,"0",(K15/L15)) -> 13.316943
A16: 10 | B16: =IF('Entries December''25'!B16-'Entries December''25'!B15<1,"0",'Entries December''25'!B16-'Entries December''25'!B15) -> 3800 | C16: =IF('Entries December''25'!F16-'Entries December''25'!F15<1,"0",'Entries December''25'!F16-'Entries December''25'!F15) -> 22.9 | D16: =IF('Entries December''25'!C15=0,0,+'Entries December''25'!C15-'Entries December''25'!C14) -> 0 | E16: =IF('Entries December''25'!G16-'Entries December''25'!G15<1,"0",'Entries December''25'!G16-'Entries December''25'!G15) -> 0 | H16: =IF(C16+E16=0,"0", B16/(C16+E16)) -> 165.93886 | I16: =IF(E16=0,"0", D16/E16) -> 0 | J16: =IF(G16=0,"0", F16/G16) -> 0 | K16: =B16+D16+F16 -> 3800 | L16: 437.052 | M16: =IF(L16=0,"0",(K16/L16)) -> 8.6946176
A17: 11 | B17: =IF('Entries December''25'!B17-'Entries December''25'!B16<1,"0",'Entries December''25'!B17-'Entries December''25'!B16) -> 2680 | C17: =IF('Entries December''25'!F17-'Entries December''25'!F16<1,"0",'Entries December''25'!F17-'Entries December''25'!F16) -> 17.5 | D17: =IF('Entries December''25'!C16=0,0,+'Entries December''25'!C16-'Entries December''25'!C15) -> 0 | E17: =IF('Entries December''25'!G17-'Entries December''25'!G16<1,"0",'Entries December''25'!G17-'Entries December''25'!G16) -> 0 | H17: =IF(C17+E17=0,"0", B17/(C17+E17)) -> 153.14286 | I17: =IF(E17=0,"0", D17/E17) -> 0 | J17: =IF(G17=0,"0", F17/G17) -> 0 | K17: =B17+D17+F17 -> 2680 | L17: 332.838 | M17: =IF(L17=0,"0",(K17/L17)) -> 8.0519652
A18: 12 | B18: =IF('Entries December''25'!B18-'Entries December''25'!B17<1,"0",'Entries December''25'!B18-'Entries December''25'!B17) -> 3090 | C18: =IF('Entries December''25'!F18-'Entries December''25'!F17<1,"0",'Entries December''25'!F18-'Entries December''25'!F17) -> 18.4 | D18: =IF('Entries December''25'!C17=0,0,+'Entries December''25'!C17-'Entries December''25'!C16) -> 0 | E18: =IF('Entries December''25'!G18-'Entries December''25'!G17<1,"0",'Entries December''25'!G18-'Entries December''25'!G17) -> 0 | H18: =IF(C18+E18=0,"0", B18/(C18+E18)) -> 167.93478 | I18: =IF(E18=0,"0", D18/E18) -> 0 | J18: =IF(G18=0,"0", F18/G18) -> 0 | K18: =B18+D18+F18 -> 3090 | L18: 259.05 | M18: =IF(L18=0,"0",(K18/L18)) -> 11.928199
A19: 13 | B19: =IF('Entries December''25'!B19-'Entries December''25'!B18<1,"0",'Entries December''25'!B19-'Entries December''25'!B18) -> 1470 | C19: =IF('Entries December''25'!F19-'Entries December''25'!F18<1,"0",'Entries December''25'!F19-'Entries December''25'!F18) -> 10.3 | D19: =IF('Entries December''25'!C18=0,0,+'Entries December''25'!C18-'Entries December''25'!C17) -> 0 | E19: =IF('Entries December''25'!G19-'Entries December''25'!G18<1,"0",'Entries December''25'!G19-'Entries December''25'!G18) -> 0 | H19: =IF(C19+E19=0,"0", B19/(C19+E19)) -> 142.71845 | I19: =IF(E19=0,"0", D19/E19) -> 0 | J19: =IF(G19=0,"0", F19/G19) -> 0 | K19: =B19+D19+F19 -> 1470 | L19: 190.608 | M19: =IF(L19=0,"0",(K19/L19)) -> 7.7121632
A20: 14 | B20: =IF('Entries December''25'!B20-'Entries December''25'!B19<1,"0",'Entries December''25'!B20-'Entries December''25'!B19) -> 2140 | C20: =IF('Entries December''25'!F20-'Entries December''25'!F19<1,"0",'Entries December''25'!F20-'Entries December''25'!F19) -> 14.8 | D20: =IF('Entries December''25'!C19=0,0,+'Entries December''25'!C19-'Entries December''25'!C18) -> 0 | E20: =IF('Entries December''25'!G20-'Entries December''25'!G19<1,"0",'Entries December''25'!G20-'Entries December''25'!G19) -> 0 | H20: =IF(C20+E20=0,"0", B20/(C20+E20)) -> 144.59459 | I20: =IF(E20=0,"0", D20/E20) -> 0 | J20: =IF(G20=0,"0", F20/G20) -> 0 | K20: =B20+D20+F20 -> 2140 | L20: 389.154 | M20: =IF(L20=0,"0",(K20/L20)) -> 5.4991083
A21: 15 | B21: =IF('Entries December''25'!B21-'Entries December''25'!B20<1,"0",'Entries December''25'!B21-'Entries December''25'!B20) -> 3070 | C21: =IF('Entries December''25'!F21-'Entries December''25'!F20<1,"0",'Entries December''25'!F21-'Entries December''25'!F20) -> 18.4 | D21: =IF('Entries December''25'!C20=0,0,+'Entries December''25'!C20-'Entries December''25'!C19) -> 0 | E21: =IF('Entries December''25'!G21-'Entries December''25'!G20<1,"0",'Entries December''25'!G21-'Entries December''25'!G20) -> 0 | H21: =IF(C21+E21=0,"0", B21/(C21+E21)) -> 166.84783 | I21: =IF(E21=0,"0", D21/E21) -> 0 | J21: =IF(G21=0,"0", F21/G21) -> 0 | K21: =B21+D21+F21 -> 3070 | L21: 369.456 | M21: =IF(L21=0,"0",(K21/L21)) -> 8.3095145
A22: 16 | B22: =IF('Entries December''25'!B22-'Entries December''25'!B21<1,"0",'Entries December''25'!B22-'Entries December''25'!B21) -> 3560 | C22: =IF('Entries December''25'!F22-'Entries December''25'!F21<1,"0",'Entries December''25'!F22-'Entries December''25'!F21) -> 22.4 | D22: =IF('Entries December''25'!C21=0,0,+'Entries December''25'!C21-'Entries December''25'!C20) -> 0 | E22: =IF('Entries December''25'!G22-'Entries December''25'!G21<1,"0",'Entries December''25'!G22-'Entries December''25'!G21) -> 0 | H22: =IF(C22+E22=0,"0", B22/(C22+E22)) -> 158.92857 | I22: =IF(E22=0,"0", D22/E22) -> 0 | J22: =IF(G22=0,"0", F22/G22) -> 0 | K22: =B22+D22+F22 -> 3560 | L22: 362.802 | M22: =IF(L22=0,"0",(K22/L22)) -> 9.8125148
A23: 17 | B23: =IF('Entries December''25'!B23-'Entries December''25'!B22<1,"0",'Entries December''25'!B23-'Entries December''25'!B22) -> 3260 | C23: =IF('Entries December''25'!F23-'Entries December''25'!F22<1,"0",'Entries December''25'!F23-'Entries December''25'!F22) -> 19.7 | D23: =IF('Entries December''25'!C22=0,0,+'Entries December''25'!C22-'Entries December''25'!C21) -> 0 | E23: =IF('Entries December''25'!G23-'Entries December''25'!G22<1,"0",'Entries December''25'!G23-'Entries December''25'!G22) -> 0 | H23: =IF(C23+E23=0,"0", B23/(C23+E23)) -> 165.48223 | I23: =IF(E23=0,"0", D23/E23) -> 0 | J23: =IF(G23=0,"0", F23/G23) -> 0 | K23: =B23+D23+F23 -> 3260 | L23: 489.06 | M23: =IF(L23=0,"0",(K23/L23)) -> 6.6658488
A24: 18 | B24: =IF('Entries December''25'!B24-'Entries December''25'!B23<1,"0",'Entries December''25'!B24-'Entries December''25'!B23) -> 3530 | C24: =IF('Entries December''25'!F24-'Entries December''25'!F23<1,"0",'Entries December''25'!F24-'Entries December''25'!F23) -> 22 | D24: =IF('Entries December''25'!C23=0,0,+'Entries December''25'!C23-'Entries December''25'!C22) -> 0 | E24: =IF('Entries December''25'!G24-'Entries December''25'!G23<1,"0",'Entries December''25'!G24-'Entries December''25'!G23) -> 0 | H24: =IF(C24+E24=0,"0", B24/(C24+E24)) -> 160.45455 | I24: =IF(E24=0,"0", D24/E24) -> 0 | J24: =IF(G24=0,"0", F24/G24) -> 0 | K24: =B24+D24+F24 -> 3530 | L24: 459.624 | M24: =IF(L24=0,"0",(K24/L24)) -> 7.6801908
A25: 19 | B25: =IF('Entries December''25'!B25-'Entries December''25'!B24<1,"0",'Entries December''25'!B25-'Entries December''25'!B24) -> 2420 | C25: =IF('Entries December''25'!F25-'Entries December''25'!F24<1,"0",'Entries December''25'!F25-'Entries December''25'!F24) -> 16.4 | D25: =IF('Entries December''25'!C24=0,0,+'Entries December''25'!C24-'Entries December''25'!C23) -> 0 | E25: =IF('Entries December''25'!G25-'Entries December''25'!G24<1,"0",'Entries December''25'!G25-'Entries December''25'!G24) -> 0 | H25: =IF(C25+E25=0,"0", B25/(C25+E25)) -> 147.56098 | I25: =IF(E25=0,"0", D25/E25) -> 0 | J25: =IF(G25=0,"0", F25/G25) -> 0 | K25: =B25+D25+F25 -> 2420 | L25: 479.226 | M25: =IF(L25=0,"0",(K25/L25)) -> 5.0498095
A26: 20 | B26: =IF('Entries December''25'!B26-'Entries December''25'!B25<1,"0",'Entries December''25'!B26-'Entries December''25'!B25) -> 130 | C26: =IF('Entries December''25'!F26-'Entries December''25'!F25<1,"0",'Entries December''25'!F26-'Entries December''25'!F25) -> 0 | D26: =IF('Entries December''25'!C25=0,0,+'Entries December''25'!C25-'Entries December''25'!C24) -> 0 | E26: =IF('Entries December''25'!G26-'Entries December''25'!G25<1,"0",'Entries December''25'!G26-'Entries December''25'!G25) -> 0 | H26: =IF(C26+E26=0,"0", B26/(C26+E26)) -> 0 | I26: =IF(E26=0,"0", D26/E26) -> 0 | J26: =IF(G26=0,"0", F26/G26) -> 0 | K26: =B26+D26+F26 -> 130 | L26: 0 | M26: =IF(L26=0,"0",(K26/L26)) -> 0
A27: 21 | B27: =IF('Entries December''25'!B27-'Entries December''25'!B26<1,"0",'Entries December''25'!B27-'Entries December''25'!B26) -> 700 | C27: =IF('Entries December''25'!F27-'Entries December''25'!F26<1,"0",'Entries December''25'!F27-'Entries December''25'!F26) -> 5.3 | D27: =IF('Entries December''25'!C26=0,0,+'Entries December''25'!C26-'Entries December''25'!C25) -> 0 | E27: =IF('Entries December''25'!G27-'Entries December''25'!G26<1,"0",'Entries December''25'!G27-'Entries December''25'!G26) -> 0 | H27: =IF(C27+E27=0,"0", B27/(C27+E27)) -> 132.07547 | I27: =IF(E27=0,"0", D27/E27) -> 0 | J27: =IF(G27=0,"0", F27/G27) -> 0 | K27: =B27+D27+F27 -> 700 | L27: 0 | M27: =IF(L27=0,"0",(K27/L27)) -> 0
A28: 22 | B28: =IF('Entries December''25'!B28-'Entries December''25'!B27<1,"0",'Entries December''25'!B28-'Entries December''25'!B27) -> 2600 | C28: =IF('Entries December''25'!F28-'Entries December''25'!F27<1,"0",'Entries December''25'!F28-'Entries December''25'!F27) -> 17.8 | D28: =IF('Entries December''25'!C27=0,0,+'Entries December''25'!C27-'Entries December''25'!C26) -> 0 | E28: =IF('Entries December''25'!G28-'Entries December''25'!G27<1,"0",'Entries December''25'!G28-'Entries December''25'!G27) -> 0 | H28: =IF(C28+E28=0,"0", B28/(C28+E28)) -> 146.06742 | I28: =IF(E28=0,"0", D28/E28) -> 0 | J28: =IF(G28=0,"0", F28/G28) -> 0 | K28: =B28+D28+F28 -> 2600 | L28: 542.982 | M28: =IF(L28=0,"0",(K28/L28)) -> 4.7883724
A29: 23 | B29: =IF('Entries December''25'!B29-'Entries December''25'!B28<1,"0",'Entries December''25'!B29-'Entries December''25'!B28) -> 2700 | C29: =IF('Entries December''25'!F29-'Entries December''25'!F28<1,"0",'Entries December''25'!F29-'Entries December''25'!F28) -> 18 | D29: =IF('Entries December''25'!C28=0,0,+'Entries December''25'!C28-'Entries December''25'!C27) -> 0 | E29: =IF('Entries December''25'!G29-'Entries December''25'!G28<1,"0",'Entries December''25'!G29-'Entries December''25'!G28) -> 0 | H29: =IF(C29+E29=0,"0", B29/(C29+E29)) -> 150 | I29: =IF(E29=0,"0", D29/E29) -> 0 | J29: =IF(G29=0,"0", F29/G29) -> 0 | K29: =B29+D29+F29 -> 2700 | L29: 451.638 | M29: =IF(L29=0,"0",(K29/L29)) -> 5.9782392
A30: 24 | B30: =IF('Entries December''25'!B30-'Entries December''25'!B29<1,"0",'Entries December''25'!B30-'Entries December''25'!B29) -> 2270 | C30: =IF('Entries December''25'!F30-'Entries December''25'!F29<1,"0",'Entries December''25'!F30-'Entries December''25'!F29) -> 14.7 | D30: =IF('Entries December''25'!C29=0,0,+'Entries December''25'!C29-'Entries December''25'!C28) -> 0 | E30: =IF('Entries December''25'!G30-'Entries December''25'!G29<1,"0",'Entries December''25'!G30-'Entries December''25'!G29) -> 0 | H30: =IF(C30+E30=0,"0", B30/(C30+E30)) -> 154.42177 | I30: =IF(E30=0,"0", D30/E30) -> 0 | J30: =IF(G30=0,"0", F30/G30) -> 0 | K30: =B30+D30+F30 -> 2270 | L30: 292.38 | M30: =IF(L30=0,"0",(K30/L30)) -> 7.7638689
A31: 25 | B31: =IF('Entries December''25'!B31-'Entries December''25'!B30<1,"0",'Entries December''25'!B31-'Entries December''25'!B30) -> 0 | C31: =IF('Entries December''25'!F31-'Entries December''25'!F30<1,"0",'Entries December''25'!F31-'Entries December''25'!F30) -> 0 | D31: =IF('Entries December''25'!C30=0,0,+'Entries December''25'!C30-'Entries December''25'!C29) -> 0 | E31: =IF('Entries December''25'!G31-'Entries December''25'!G30<1,"0",'Entries December''25'!G31-'Entries December''25'!G30) -> 0 | H31: =IF(C31+E31=0,"0", B31/(C31+E31)) -> 0 | I31: =IF(E31=0,"0", D31/E31) -> 0 | J31: =IF(G31=0,"0", F31/G31) -> 0 | K31: =B31+D31+F31 -> 0 | L31: 0 | M31: =IF(L31=0,"0",(K31/L31)) -> 0
A32: 26 | B32: =IF('Entries December''25'!B32-'Entries December''25'!B31<1,"0",'Entries December''25'!B32-'Entries December''25'!B31) -> 0 | C32: =IF('Entries December''25'!F32-'Entries December''25'!F31<1,"0",'Entries December''25'!F32-'Entries December''25'!F31) -> 0 | D32: =IF('Entries December''25'!C31=0,0,+'Entries December''25'!C31-'Entries December''25'!C30) -> 0 | E32: =IF('Entries December''25'!G32-'Entries December''25'!G31<1,"0",'Entries December''25'!G32-'Entries December''25'!G31) -> 0 | H32: =IF(C32+E32=0,"0", B32/(C32+E32)) -> 0 | I32: =IF(E32=0,"0", D32/E32) -> 0 | J32: =IF(G32=0,"0", F32/G32) -> 0 | K32: =B32+D32+F32 -> 0 | L32: 0 | M32: =IF(L32=0,"0",(K32/L32)) -> 0
A33: 27 | B33: =IF('Entries December''25'!B33-'Entries December''25'!B32<1,"0",'Entries December''25'!B33-'Entries December''25'!B32) -> 0 | C33: =IF('Entries December''25'!F33-'Entries December''25'!F32<1,"0",'Entries December''25'!F33-'Entries December''25'!F32) -> 0 | D33: =IF('Entries December''25'!C32=0,0,+'Entries December''25'!C32-'Entries December''25'!C31) -> 0 | E33: =IF('Entries December''25'!G33-'Entries December''25'!G32<1,"0",'Entries December''25'!G33-'Entries December''25'!G32) -> 0 | H33: =IF(C33+E33=0,"0", B33/(C33+E33)) -> 0 | I33: =IF(E33=0,"0", D33/E33) -> 0 | J33: =IF(G33=0,"0", F33/G33) -> 0 | K33: =B33+D33+F33 -> 0 | L33: 0 | M33: =IF(L33=0,"0",(K33/L33)) -> 0
A34: 28 | B34: =IF('Entries December''25'!B34-'Entries December''25'!B33<1,"0",'Entries December''25'!B34-'Entries December''25'!B33) -> 1020 | C34: =IF('Entries December''25'!F34-'Entries December''25'!F33<1,"0",'Entries December''25'!F34-'Entries December''25'!F33) -> 5.8 | D34: =IF('Entries December''25'!C33=0,0,+'Entries December''25'!C33-'Entries December''25'!C32) -> 0 | E34: =IF('Entries December''25'!G34-'Entries December''25'!G33<1,"0",'Entries December''25'!G34-'Entries December''25'!G33) -> 0 | H34: =IF(C34+E34=0,"0", B34/(C34+E34)) -> 175.86207 | I34: =IF(E34=0,"0", D34/E34) -> 0 | J34: =IF(G34=0,"0", F34/G34) -> 0 | K34: =B34+D34+F34 -> 1020 | L34: 15.4275 | M34: =IF(L34=0,"0",(K34/L34)) -> 66.115702
A35: 29 | B35: =IF('Entries December''25'!B35-'Entries December''25'!B34<1,"0",'Entries December''25'!B35-'Entries December''25'!B34) -> 3230 | C35: =IF('Entries December''25'!F35-'Entries December''25'!F34<1,"0",'Entries December''25'!F35-'Entries December''25'!F34) -> 19.5 | E35: =IF('Entries December''25'!G35-'Entries December''25'!G34<1,"0",'Entries December''25'!G35-'Entries December''25'!G34) -> 0 | H35: =IF(C35+E35=0,"0", B35/(C35+E35)) -> 165.64103 | I35: =IF(E35=0,"0", D35/E35) -> 0 | J35: =IF(G35=0,"0", F35/G35) -> 0 | K35: =B35+D35+F35 -> 3230 | L35: 373.23 | M35: =IF(L35=0,"0",(K35/L35)) -> 8.6541811
A36: 30 | B36: =IF('Entries December''25'!B36-'Entries December''25'!B35<1,"0",'Entries December''25'!B36-'Entries December''25'!B35) -> 3660 | C36: =IF('Entries December''25'!F36-'Entries December''25'!F35<1,"0",'Entries December''25'!F36-'Entries December''25'!F35) -> 21.3 | E36: =IF('Entries December''25'!G36-'Entries December''25'!G35<1,"0",'Entries December''25'!G36-'Entries December''25'!G35) -> 0 | H36: =IF(C36+E36=0,"0", B36/(C36+E36)) -> 171.83099 | I36: =IF(E36=0,"0", D36/E36) -> 0 | J36: =IF(G36=0,"0", F36/G36) -> 0 | K36: =B36+D36+F36 -> 3660 | L36: 513.018 | M36: =IF(L36=0,"0",(K36/L36)) -> 7.1342526
A37: 31 | B37: =IF('Entries December''25'!B37-'Entries December''25'!B36<1,"0",'Entries December''25'!B37-'Entries December''25'!B36) -> 2570 | C37: =IF('Entries December''25'!F37-'Entries December''25'!F36<1,"0",'Entries December''25'!F37-'Entries December''25'!F36) -> 16 | E37: =IF('Entries December''25'!G37-'Entries December''25'!G36<1,"0",'Entries December''25'!G37-'Entries December''25'!G36) -> 0 | H37: =IF(C37+E37=0,"0", B37/(C37+E37)) -> 160.625 | I37: =IF(E37=0,"0", D37/E37) -> 0 | J37: =IF(G37=0,"0", F37/G37) -> 0 | K37: =B37+D37+F37 -> 2570 | L37: 430.518
A38: MTD | B38: =SUM(B7:B37) -> 75990 | C38: =SUM(C7:C37) -> 480.5 | D38: =SUM(D7:D34) -> 0 | E38: =SUM(E7:E34) -> 0 | H38: =IF(C38+E38=0,"0", B38/(C38+E38)) -> 158.14776 | K38: =SUM(K7:K37) -> 75990 | L38: =SUM(L7:L37) -> 9272.0823 | M38: =IF(L38=0,"0",(K38/L38)) -> 8.1955701 | N38: 7.2 | O38: =M38/N38*100 -> 113.82736
A39: AVE. | B39: =AVERAGE(B7:B37) -> 2713.9286 | C39: =AVERAGE(C7:C37) -> 17.796296 | H39: cons (l/hr)

Sheet Water 
B4: DATE | C4: Well Supply (m3) | D4: Nawasa Supply (m3) | E4: Annanale Supply (m3) | F4: RO Water Plant Nawasa (m3) | G4: Service Water Received (m3) | H4: Service Water Supply to Plant (m3) | I4: CO2 Scrubber (m3) | J4: Brewhouse / Old Pepsi Area (m3) | K4: Filtration/Cellars (m3) | L4: Cellars/Process Area (m3) | M4: Pasteuriser (m3) | R4: Permeate Produced (m3) | S4: Plant Cons. USAGE (Hl.) | U4: Bottle Filler (m3) | X4: Rus (m3) | Y4: Washdown Area (m3) | Z4: TOTAL SUPPLY (M3) | AA4: Total Prod.(HL) | AB4: Water KPI (Hl/Hl)
N5: CIP Process (m3) | O5: Bottles Washer (m3) | P5: Bottles Filler (m3) | Q5: Boiler Supply (m3) | T5: ∑ Service Water to Processes | V5: Water into RO #1 (m3) | W5: Water into RO #2 (m3)
B6: -
B7: 1 | C7: =IF('Entries December''25'!W7-'Entries December''25'!W6<1,"0",'Entries December''25'!W7-'Entries December''25'!W6) -> 0 | D7: =IF('Entries December''25'!O7-'Entries December''25'!O6<1,"0",'Entries December''25'!O7-'Entries December''25'!O6) -> 98 | E7: =IF('Entries December''25'!P7-'Entries December''25'!P6<1,"0",'Entries December''25'!P7-'Entries December''25'!P6) -> 143 | F7: =IF('Entries December''25'!V7-'Entries December''25'!V6<1,"0",'Entries December''25'!V7-'Entries December''25'!V6) -> 151 | G7: =(D7+E7)-F7 -> 90 | H7: =IF('Entries December''25'!Q7-'Entries December''25'!Q6<1,0,'Entries December''25'!Q7-'Entries December''25'!Q6) -> 268 | I7: =IF('Entries December''25'!AG7-'Entries December''25'!AG6<1,0,'Entries December''25'!AG7-'Entries December''25'!AG6) -> 0 | J7: =IF('Entries December''25'!S7-'Entries December''25'!S6<1,"0",'Entries December''25'!S7-'Entries December''25'!S6) -> 28 | K7: =IF('Entries December''25'!R7-'Entries December''25'!R6<1,"0",'Entries December''25'!R7-'Entries December''25'!R6) -> 0 | L7: =IF('Entries December''25'!T7-'Entries December''25'!T6<1,"0",'Entries December''25'!T7-'Entries December''25'!T6) -> 0 | M7: =IF('Entries December''25'!U7-'Entries December''25'!U6<1,"0",'Entries December''25'!U7-'Entries December''25'!U6) -> 18 | N7: =IF('Entries December''25'!X7-'Entries December''25'!X6<1,"0",'Entries December''25'!X7-'Entries December''25'!X6) -> 28 | O7: =IF('Entries December''25'!Y7-'Entries December''25'!Y6<1,"0",'Entries December''25'!Y7-'Entries December''25'!Y6) -> 167 | P7: =IF('Entries December''25'!AC7-'Entries December''25'!AC6<1,"0",'Entries December''25'!AC7-'Entries December''25'!AC6) -> 27 | Q7: =IF('Entries December''25'!Z7-'Entries December''25'!Z6<1,"0",'Entries December''25'!Z7-'Entries December''25'!Z6) -> 60 | R7: =IF(('Entries December''25'!AA7-'Entries December''25'!AA6)+('Entries December''25'!AB7-'Entries December''25'!AB6)<1,"0",('Entries December''25'!AA7-'Entries December''25'!AA6)+('Entries December''25'!AB7-'Entries December''25'!AB6)) -> 0 | S7: =(R7+G7)*10 -> 900 | T7: =O7+N7+M7+L7 -> 213 | U7: =IF('Entries December''25'!AC7-'Entries December''25'!AC6<1,"0",'Entries December''25'!AC7-'Entries December''25'!AC6) -> 27 | V7: =IF('Entries December''25'!AD7-'Entries December''25'!AD6<1,"0",'Entries December''25'!AD7-'Entries December''25'!AD6) -> 0 | W7: =IF('Entries December''25'!AE7-'Entries December''25'!AE6<1,"0",'Entries December''25'!AE7-'Entries December''25'!AE6) -> 0 | X7: =IF('Entries December''25'!AI7-'Entries December''25'!AI6<1,"0",'Entries December''25'!AI7-'Entries December''25'!AI6) -> 0 | Y7: =IF('Entries December''25'!AH7-'Entries December''25'!AH6<1,"0",'Entries December''25'!AH7-'Entries December''25'!AH6) -> 0 | Z7: =C7+D7+E7 -> 241 | AA7: {=IF(TRANSPOSE('Daily KPIs'!B9:AF9)=0,"0",TRANSPOSE('Daily KPIs'!B9:AF9))} -> 455.136 | AB7: =IF(AA7=0,"0",(Z7*10/AA7)) -> 5.2951206
B8: 2 | C8: =IF('Entries December''25'!W8-'Entries December''25'!W7<1,"0",'Entries December''25'!W8-'Entries December''25'!W7) -> 0 | D8: =IF('Entries December''25'!O8-'Entries December''25'!O7<1,"0",'Entries December''25'!O8-'Entries December''25'!O7) -> 238 | E8: =IF('Entries December''25'!P8-'Entries December''25'!P7<1,"0",'Entries December''25'!P8-'Entries December''25'!P7) -> 131 | F8: =IF('Entries December''25'!V8-'Entries December''25'!V7<1,"0",'Entries December''25'!V8-'Entries December''25'!V7) -> 137 | G8: =(D8+E8)-F8 -> 232 | H8: =IF('Entries December''25'!Q8-'Entries December''25'!Q7<1,0,'Entries December''25'!Q8-'Entries December''25'!Q7) -> 165 | I8: =IF('Entries December''25'!AG8-'Entries December''25'!AG7<1,0,'Entries December''25'!AG8-'Entries December''25'!AG7) -> 0 | J8: =IF('Entries December''25'!S8-'Entries December''25'!S7<1,"0",'Entries December''25'!S8-'Entries December''25'!S7) -> 152 | K8: =IF('Entries December''25'!R8-'Entries December''25'!R7<1,"0",'Entries December''25'!R8-'Entries December''25'!R7) -> 0 | L8: =IF('Entries December''25'!T8-'Entries December''25'!T7<1,"0",'Entries December''25'!T8-'Entries December''25'!T7) -> 0 | M8: =IF('Entries December''25'!U8-'Entries December''25'!U7<1,"0",'Entries December''25'!U8-'Entries December''25'!U7) -> 7 | N8: =IF('Entries December''25'!X8-'Entries December''25'!X7<1,"0",'Entries December''25'!X8-'Entries December''25'!X7) -> 3 | O8: =IF('Entries December''25'!Y8-'Entries December''25'!Y7<1,"0",'Entries December''25'!Y8-'Entries December''25'!Y7) -> 84 | P8: =IF('Entries December''25'!AC8-'Entries December''25'!AC7<1,"0",'Entries December''25'!AC8-'Entries December''25'!AC7) -> 14 | Q8: =IF('Entries December''25'!Z8-'Entries December''25'!Z7<1,"0",'Entries December''25'!Z8-'Entries December''25'!Z7) -> 48 | R8: =IF(('Entries December''25'!AA8-'Entries December''25'!AA7)+('Entries December''25'!AB8-'Entries December''25'!AB7)<1,"0",('Entries December''25'!AA8-'Entries December''25'!AA7)+('Entries December''25'!AB8-'Entries December''25'!AB7)) -> 0 | S8: =(R8+G8)*10 -> 2320 | T8: =O8+N8+M8+L8 -> 94 | U8: =IF('Entries December''25'!AC8-'Entries December''25'!AC7<1,"0",'Entries December''25'!AC8-'Entries December''25'!AC7) -> 14 | V8: =IF('Entries December''25'!AD8-'Entries December''25'!AD7<1,"0",'Entries December''25'!AD8-'Entries December''25'!AD7) -> 0 | W8: =IF('Entries December''25'!AE8-'Entries December''25'!AE7<1,"0",'Entries December''25'!AE8-'Entries December''25'!AE7) -> 0 | X8: =IF('Entries December''25'!AI8-'Entries December''25'!AI7<1,"0",'Entries December''25'!AI8-'Entries December''25'!AI7) -> 0 | Y8: =IF('Entries December''25'!AH8-'Entries December''25'!AH7<1,"0",'Entries December''25'!AH8-'Entries December''25'!AH7) -> 0 | Z8: =C8+D8+E8 -> 369 | AA8: 211.926 | AB8: =IF(AA8=0,"0",(Z8*10/AA8)) -> 17.411738
B9: 3 | C9: =IF('Entries December''25'!W9-'Entries December''25'!W8<1,"0",'Entries December''25'!W9-'Entries December''25'!W8) -> 0 | D9: =IF('Entries December''25'!O9-'Entries December''25'!O8<1,"0",'Entries December''25'!O9-'Entries December''25'!O8) -> 139 | E9: =IF('Entries December''25'!P9-'Entries December''25'!P8<1,"0",'Entries December''25'!P9-'Entries December''25'!P8) -> 209 | F9: =IF('Entries December''25'!V9-'Entries December''25'!V8<1,"0",'Entries December''25'!V9-'Entries December''25'!V8) -> 218 | G9: =(D9+E9)-F9 -> 130 | H9: =IF('Entries December''25'!Q9-'Entries December''25'!Q8<1,0,'Entries December''25'!Q9-'Entries December''25'!Q8) -> 229 | I9: =IF('Entries December''25'!AG9-'Entries December''25'!AG8<1,0,'Entries December''25'!AG9-'Entries December''25'!AG8) -> 0 | J9: =IF('Entries December''25'!S9-'Entries December''25'!S8<1,"0",'Entries December''25'!S9-'Entries December''25'!S8) -> 117 | K9: =IF('Entries December''25'!R9-'Entries December''25'!R8<1,"0",'Entries December''25'!R9-'Entries December''25'!R8) -> 0 | L9: =IF('Entries December''25'!T9-'Entries December''25'!T8<1,"0",'Entries December''25'!T9-'Entries December''25'!T8) -> 0 | M9: =IF('Entries December''25'!U9-'Entries December''25'!U8<1,"0",'Entries December''25'!U9-'Entries December''25'!U8) -> 10 | N9: =IF('Entries December''25'!X9-'Entries December''25'!X8<1,"0",'Entries December''25'!X9-'Entries December''25'!X8) -> 25 | O9: =IF('Entries December''25'!Y9-'Entries December''25'!Y8<1,"0",'Entries December''25'!Y9-'Entries December''25'!Y8) -> 118 | P9: =IF('Entries December''25'!AC9-'Entries December''25'!AC8<1,"0",'Entries December''25'!AC9-'Entries December''25'!AC8) -> 30 | Q9: =IF('Entries December''25'!Z9-'Entries December''25'!Z8<1,"0",'Entries December''25'!Z9-'Entries December''25'!Z8) -> 77 | R9: =IF(('Entries December''25'!AA9-'Entries December''25'!AA8)+('Entries December''25'!AB9-'Entries December''25'!AB8)<1,"0",('Entries December''25'!AA9-'Entries December''25'!AA8)+('Entries December''25'!AB9-'Entries December''25'!AB8)) -> 0 | S9: =(R9+G9)*10 -> 1300 | T9: =O9+N9+M9+L9 -> 153 | U9: =IF('Entries December''25'!AC9-'Entries December''25'!AC8<1,"0",'Entries December''25'!AC9-'Entries December''25'!AC8) -> 30 | V9: =IF('Entries December''25'!AD9-'Entries December''25'!AD8<1,"0",'Entries December''25'!AD9-'Entries December''25'!AD8) -> 41 | W9: =IF('Entries December''25'!AE9-'Entries December''25'!AE8<1,"0",'Entries December''25'!AE9-'Entries December''25'!AE8) -> 0 | X9: =IF('Entries December''25'!AI9-'Entries December''25'!AI8<1,"0",'Entries December''25'!AI9-'Entries December''25'!AI8) -> 0 | Y9: =IF('Entries December''25'!AH9-'Entries December''25'!AH8<1,"0",'Entries December''25'!AH9-'Entries December''25'!AH8) -> 0 | Z9: =C9+D9+E9 -> 348 | AA9: 346.5 | AB9: =IF(AA9=0,"0",(Z9*10/AA9)) -> 10.04329
B10: 4 | C10: =IF('Entries December''25'!W10-'Entries December''25'!W9<1,"0",'Entries December''25'!W10-'Entries December''25'!W9) -> 0 | D10: =IF('Entries December''25'!O10-'Entries December''25'!O9<1,"0",'Entries December''25'!O10-'Entries December''25'!O9) -> 204 | E10: =IF('Entries December''25'!P10-'Entries December''25'!P9<1,"0",'Entries December''25'!P10-'Entries December''25'!P9) -> 221 | F10: =IF('Entries December''25'!V10-'Entries December''25'!V9<1,"0",'Entries December''25'!V10-'Entries December''25'!V9) -> 241 | G10: =(D10+E10)-F10 -> 184 | H10: =IF('Entries December''25'!Q10-'Entries December''25'!Q9<1,0,'Entries December''25'!Q10-'Entries December''25'!Q9) -> 226 | I10: =IF('Entries December''25'!AG10-'Entries December''25'!AG9<1,0,'Entries December''25'!AG10-'Entries December''25'!AG9) -> 0 | J10: =IF('Entries December''25'!S10-'Entries December''25'!S9<1,"0",'Entries December''25'!S10-'Entries December''25'!S9) -> 140 | K10: =IF('Entries December''25'!R10-'Entries December''25'!R9<1,"0",'Entries December''25'!R10-'Entries December''25'!R9) -> 0 | L10: =IF('Entries December''25'!T10-'Entries December''25'!T9<1,"0",'Entries December''25'!T10-'Entries December''25'!T9) -> 0 | M10: =IF('Entries December''25'!U10-'Entries December''25'!U9<1,"0",'Entries December''25'!U10-'Entries December''25'!U9) -> 7 | N10: =IF('Entries December''25'!X10-'Entries December''25'!X9<1,"0",'Entries December''25'!X10-'Entries December''25'!X9) -> 54 | O10: =IF('Entries December''25'!Y10-'Entries December''25'!Y9<1,"0",'Entries December''25'!Y10-'Entries December''25'!Y9) -> 85 | P10: =IF('Entries December''25'!AC10-'Entries December''25'!AC9<1,"0",'Entries December''25'!AC10-'Entries December''25'!AC9) -> 27 | Q10: =IF('Entries December''25'!Z10-'Entries December''25'!Z9<1,"0",'Entries December''25'!Z10-'Entries December''25'!Z9) -> 54 | R10: =IF(('Entries December''25'!AA10-'Entries December''25'!AA9)+('Entries December''25'!AB10-'Entries December''25'!AB9)<1,"0",('Entries December''25'!AA10-'Entries December''25'!AA9)+('Entries December''25'!AB10-'Entries December''25'!AB9)) -> 0 | S10: =(R10+G10)*10 -> 1840 | T10: =O10+N10+M10+L10 -> 146 | U10: =IF('Entries December''25'!AC10-'Entries December''25'!AC9<1,"0",'Entries December''25'!AC10-'Entries December''25'!AC9) -> 27 | V10: =IF('Entries December''25'!AD10-'Entries December''25'!AD9<1,"0",'Entries December''25'!AD10-'Entries December''25'!AD9) -> 21 | W10: =IF('Entries December''25'!AE10-'Entries December''25'!AE9<1,"0",'Entries December''25'!AE10-'Entries December''25'!AE9) -> 0 | X10: =IF('Entries December''25'!AI10-'Entries December''25'!AI9<1,"0",'Entries December''25'!AI10-'Entries December''25'!AI9) -> 0 | Y10: =IF('Entries December''25'!AH10-'Entries December''25'!AH9<1,"0",'Entries December''25'!AH10-'Entries December''25'!AH9) -> 0 | Z10: =C10+D10+E10 -> 425 | AA10: 253.836 | AB10: =IF(AA10=0,"0",(Z10*10/AA10)) -> 16.743094
B11: 5 | C11: =IF('Entries December''25'!W11-'Entries December''25'!W10<1,"0",'Entries December''25'!W11-'Entries December''25'!W10) -> 0 | D11: =IF('Entries December''25'!O11-'Entries December''25'!O10<1,"0",'Entries December''25'!O11-'Entries December''25'!O10) -> 157 | E11: =IF('Entries December''25'!P11-'Entries December''25'!P10<1,"0",'Entries December''25'!P11-'Entries December''25'!P10) -> 245 | F11: =IF('Entries December''25'!V11-'Entries December''25'!V10<1,"0",'Entries December''25'!V11-'Entries December''25'!V10) -> 247 | G11: =(D11+E11)-F11 -> 155 | H11: =IF('Entries December''25'!Q11-'Entries December''25'!Q10<1,0,'Entries December''25'!Q11-'Entries December''25'!Q10) -> 197 | I11: =IF('Entries December''25'!AG11-'Entries December''25'!AG10<1,0,'Entries December''25'!AG11-'Entries December''25'!AG10) -> 0 | J11: =IF('Entries December''25'!S11-'Entries December''25'!S10<1,"0",'Entries December''25'!S11-'Entries December''25'!S10) -> 83 | K11: =IF('Entries December''25'!R11-'Entries December''25'!R10<1,"0",'Entries December''25'!R11-'Entries December''25'!R10) -> 0 | L11: =IF('Entries December''25'!T11-'Entries December''25'!T10<1,"0",'Entries December''25'!T11-'Entries December''25'!T10) -> 0 | M11: =IF('Entries December''25'!U11-'Entries December''25'!U10<1,"0",'Entries December''25'!U11-'Entries December''25'!U10) -> 6 | N11: =IF('Entries December''25'!X11-'Entries December''25'!X10<1,"0",'Entries December''25'!X11-'Entries December''25'!X10) -> 29 | O11: =IF('Entries December''25'!Y11-'Entries December''25'!Y10<1,"0",'Entries December''25'!Y11-'Entries December''25'!Y10) -> 92 | P11: =IF('Entries December''25'!AC11-'Entries December''25'!AC10<1,"0",'Entries December''25'!AC11-'Entries December''25'!AC10) -> 17 | Q11: =IF('Entries December''25'!Z11-'Entries December''25'!Z10<1,"0",'Entries December''25'!Z11-'Entries December''25'!Z10) -> 48 | R11: =IF(('Entries December''25'!AA11-'Entries December''25'!AA10)+('Entries December''25'!AB11-'Entries December''25'!AB10)<1,"0",('Entries December''25'!AA11-'Entries December''25'!AA10)+('Entries December''25'!AB11-'Entries December''25'!AB10)) -> 0 | S11: =(R11+G11)*10 -> 1550 | T11: =O11+N11+M11+L11 -> 127 | U11: =IF('Entries December''25'!AC11-'Entries December''25'!AC10<1,"0",'Entries December''25'!AC11-'Entries December''25'!AC10) -> 17 | V11: =IF('Entries December''25'!AD11-'Entries December''25'!AD10<1,"0",'Entries December''25'!AD11-'Entries December''25'!AD10) -> 48 | W11: =IF('Entries December''25'!AE11-'Entries December''25'!AE10<1,"0",'Entries December''25'!AE11-'Entries December''25'!AE10) -> 0 | X11: =IF('Entries December''25'!AI11-'Entries December''25'!AI10<1,"0",'Entries December''25'!AI11-'Entries December''25'!AI10) -> 0 | Y11: =IF('Entries December''25'!AH11-'Entries December''25'!AH10<1,"0",'Entries December''25'!AH11-'Entries December''25'!AH10) -> 0 | Z11: =C11+D11+E11 -> 402 | AA11: 262.746 | AB11: =IF(AA11=0,"0",(Z11*10/AA11)) -> 15.299947
B12: 6 | C12: =IF('Entries December''25'!W12-'Entries December''25'!W11<1,"0",'Entries December''25'!W12-'Entries December''25'!W11) -> 0 | D12: =IF('Entries December''25'!O12-'Entries December''25'!O11<1,"0",'Entries December''25'!O12-'Entries December''25'!O11) -> 200 | E12: =IF('Entries December''25'!P12-'Entries December''25'!P11<1,"0",'Entries December''25'!P12-'Entries December''25'!P11) -> 165 | F12: =IF('Entries December''25'!V12-'Entries December''25'!V11<1,"0",'Entries December''25'!V12-'Entries December''25'!V11) -> 174 | G12: =(D12+E12)-F12 -> 191 | H12: =IF('Entries December''25'!Q12-'Entries December''25'!Q11<1,0,'Entries December''25'!Q12-'Entries December''25'!Q11) -> 207 | I12: =IF('Entries December''25'!AG12-'Entries December''25'!AG11<1,0,'Entries December''25'!AG12-'Entries December''25'!AG11) -> 0 | J12: =IF('Entries December''25'!S12-'Entries December''25'!S11<1,"0",'Entries December''25'!S12-'Entries December''25'!S11) -> 122 | K12: =IF('Entries December''25'!R12-'Entries December''25'!R11<1,"0",'Entries December''25'!R12-'Entries December''25'!R11) -> 0 | L12: =IF('Entries December''25'!T12-'Entries December''25'!T11<1,"0",'Entries December''25'!T12-'Entries December''25'!T11) -> 0 | M12: =IF('Entries December''25'!U12-'Entries December''25'!U11<1,"0",'Entries December''25'!U12-'Entries December''25'!U11) -> 14 | N12: =IF('Entries December''25'!X12-'Entries December''25'!X11<1,"0",'Entries December''25'!X12-'Entries December''25'!X11) -> 33 | O12: =IF('Entries December''25'!Y12-'Entries December''25'!Y11<1,"0",'Entries December''25'!Y12-'Entries December''25'!Y11) -> 101 | P12: =IF('Entries December''25'!AC12-'Entries December''25'!AC11<1,"0",'Entries December''25'!AC12-'Entries December''25'!AC11) -> 17 | Q12: =IF('Entries December''25'!Z12-'Entries December''25'!Z11<1,"0",'Entries December''25'!Z12-'Entries December''25'!Z11) -> 47 | R12: =IF(('Entries December''25'!AA12-'Entries December''25'!AA11)+('Entries December''25'!AB12-'Entries December''25'!AB11)<1,"0",('Entries December''25'!AA12-'Entries December''25'!AA11)+('Entries December''25'!AB12-'Entries December''25'!AB11)) -> 0 | S12: =(R12+G12)*10 -> 1910 | T12: =O12+N12+M12+L12 -> 148 | U12: =IF('Entries December''25'!AC12-'Entries December''25'!AC11<1,"0",'Entries December''25'!AC12-'Entries December''25'!AC11) -> 17 | V12: =IF('Entries December''25'!AD12-'Entries December''25'!AD11<1,"0",'Entries December''25'!AD12-'Entries December''25'!AD11) -> 0 | W12: =IF('Entries December''25'!AE12-'Entries December''25'!AE11<1,"0",'Entries December''25'!AE12-'Entries December''25'!AE11) -> 0 | X12: =IF('Entries December''25'!AI12-'Entries December''25'!AI11<1,"0",'Entries December''25'!AI12-'Entries December''25'!AI11) -> 0 | Y12: =IF('Entries December''25'!AH12-'Entries December''25'!AH11<1,"0",'Entries December''25'!AH12-'Entries December''25'!AH11) -> 0 | Z12: =C12+D12+E12 -> 365 | AA12: 302.676 | AB12: =IF(AA12=0,"0",(Z12*10/AA12)) -> 12.059099
B13: 7 | C13: =IF('Entries December''25'!W13-'Entries December''25'!W12<1,"0",'Entries December''25'!W13-'Entries December''25'!W12) -> 0 | D13: =IF('Entries December''25'!O13-'Entries December''25'!O12<1,"0",'Entries December''25'!O13-'Entries December''25'!O12) -> 83 | E13: =IF('Entries December''25'!P13-'Entries December''25'!P12<1,"0",'Entries December''25'!P13-'Entries December''25'!P12) -> 156 | F13: =IF('Entries December''25'!V13-'Entries December''25'!V12<1,"0",'Entries December''25'!V13-'Entries December''25'!V12) -> 163 | G13: =(D13+E13)-F13 -> 76 | H13: =IF('Entries December''25'!Q13-'Entries December''25'!Q12<1,0,'Entries December''25'!Q13-'Entries December''25'!Q12) -> 186 | I13: =IF('Entries December''25'!AG13-'Entries December''25'!AG12<1,0,'Entries December''25'!AG13-'Entries December''25'!AG12) -> 0 | J13: =IF('Entries December''25'!S13-'Entries December''25'!S12<1,"0",'Entries December''25'!S13-'Entries December''25'!S12) -> 119 | K13: =IF('Entries December''25'!R13-'Entries December''25'!R12<1,"0",'Entries December''25'!R13-'Entries December''25'!R12) -> 0 | L13: =IF('Entries December''25'!T13-'Entries December''25'!T12<1,"0",'Entries December''25'!T13-'Entries December''25'!T12) -> 0 | M13: =IF('Entries December''25'!U13-'Entries December''25'!U12<1,"0",'Entries December''25'!U13-'Entries December''25'!U12) -> 6 | N13: =IF('Entries December''25'!X13-'Entries December''25'!X12<1,"0",'Entries December''25'!X13-'Entries December''25'!X12) -> 12 | O13: =IF('Entries December''25'!Y13-'Entries December''25'!Y12<1,"0",'Entries December''25'!Y13-'Entries December''25'!Y12) -> 105 | P13: =IF('Entries December''25'!AC13-'Entries December''25'!AC12<1,"0",'Entries December''25'!AC13-'Entries December''25'!AC12) -> 23 | Q13: =IF('Entries December''25'!Z13-'Entries December''25'!Z12<1,"0",'Entries December''25'!Z13-'Entries December''25'!Z12) -> 33 | R13: =IF(('Entries December''25'!AA13-'Entries December''25'!AA12)+('Entries December''25'!AB13-'Entries December''25'!AB12)<1,"0",('Entries December''25'!AA13-'Entries December''25'!AA12)+('Entries December''25'!AB13-'Entries December''25'!AB12)) -> 0 | S13: =(R13+G13)*10 -> 760 | T13: =O13+N13+M13+L13 -> 123 | U13: =IF('Entries December''25'!AC13-'Entries December''25'!AC12<1,"0",'Entries December''25'!AC13-'Entries December''25'!AC12) -> 23 | V13: =IF('Entries December''25'!AD13-'Entries December''25'!AD12<1,"0",'Entries December''25'!AD13-'Entries December''25'!AD12) -> 0 | W13: =IF('Entries December''25'!AE13-'Entries December''25'!AE12<1,"0",'Entries December''25'!AE13-'Entries December''25'!AE12) -> 0 | X13: =IF('Entries December''25'!AI13-'Entries December''25'!AI12<1,"0",'Entries December''25'!AI13-'Entries December''25'!AI12) -> 0 | Y13: =IF('Entries December''25'!AH13-'Entries December''25'!AH12<1,"0",'Entries December''25'!AH13-'Entries December''25'!AH12) -> 0 | Z13: =C13+D13+E13 -> 239 | AA13: 388.5504 | AB13: =IF(AA13=0,"0",(Z13*10/AA13)) -> 6.1510682
B14: 8 | C14: =IF('Entries December''25'!W14-'Entries December''25'!W13<1,"0",'Entries December''25'!W14-'Entries December''25'!W13) -> 0 | D14: =IF('Entries December''25'!O14-'Entries December''25'!O13<1,"0",'Entries December''25'!O14-'Entries December''25'!O13) -> 43 | E14: =IF('Entries December''25'!P14-'Entries December''25'!P13<1,"0",'Entries December''25'!P14-'Entries December''25'!P13) -> 279 | F14: =IF('Entries December''25'!V14-'Entries December''25'!V13<1,"0",'Entries December''25'!V14-'Entries December''25'!V13) -> 292 | G14: =(D14+E14)-F14 -> 30 | H14: =IF('Entries December''25'!Q14-'Entries December''25'!Q13<1,0,'Entries December''25'!Q14-'Entries December''25'!Q13) -> 251 | I14: =IF('Entries December''25'!AG14-'Entries December''25'!AG13<1,0,'Entries December''25'!AG14-'Entries December''25'!AG13) -> 0 | J14: =IF('Entries December''25'!S14-'Entries December''25'!S13<1,"0",'Entries December''25'!S14-'Entries December''25'!S13) -> 96 | K14: =IF('Entries December''25'!R14-'Entries December''25'!R13<1,"0",'Entries December''25'!R14-'Entries December''25'!R13) -> 0 | L14: =IF('Entries December''25'!T14-'Entries December''25'!T13<1,"0",'Entries December''25'!T14-'Entries December''25'!T13) -> 0 | M14: =IF('Entries December''25'!U14-'Entries December''25'!U13<1,"0",'Entries December''25'!U14-'Entries December''25'!U13) -> 4 | N14: =IF('Entries December''25'!X14-'Entries December''25'!X13<1,"0",'Entries December''25'!X14-'Entries December''25'!X13) -> 52 | O14: =IF('Entries December''25'!Y14-'Entries December''25'!Y13<1,"0",'Entries December''25'!Y14-'Entries December''25'!Y13) -> 110 | P14: =IF('Entries December''25'!AC14-'Entries December''25'!AC13<1,"0",'Entries December''25'!AC14-'Entries December''25'!AC13) -> 28 | Q14: =IF('Entries December''25'!Z14-'Entries December''25'!Z13<1,"0",'Entries December''25'!Z14-'Entries December''25'!Z13) -> 28 | R14: =IF(('Entries December''25'!AA14-'Entries December''25'!AA13)+('Entries December''25'!AB14-'Entries December''25'!AB13)<1,"0",('Entries December''25'!AA14-'Entries December''25'!AA13)+('Entries December''25'!AB14-'Entries December''25'!AB13)) -> 0 | S14: =(R14+G14)*10 -> 300 | T14: =O14+N14+M14+L14 -> 166 | U14: =IF('Entries December''25'!AC14-'Entries December''25'!AC13<1,"0",'Entries December''25'!AC14-'Entries December''25'!AC13) -> 28 | V14: =IF('Entries December''25'!AD14-'Entries December''25'!AD13<1,"0",'Entries December''25'!AD14-'Entries December''25'!AD13) -> 0 | W14: =IF('Entries December''25'!AE14-'Entries December''25'!AE13<1,"0",'Entries December''25'!AE14-'Entries December''25'!AE13) -> 0 | X14: =IF('Entries December''25'!AI14-'Entries December''25'!AI13<1,"0",'Entries December''25'!AI14-'Entries December''25'!AI13) -> 0 | Y14: =IF('Entries December''25'!AH14-'Entries December''25'!AH13<1,"0",'Entries December''25'!AH14-'Entries December''25'!AH13) -> 0 | Z14: =C14+D14+E14 -> 322 | AA14: 447.8844 | AB14: =IF(AA14=0,"0",(Z14*10/AA14)) -> 7.1893551
B15: 9 | C15: =IF('Entries December''25'!W15-'Entries December''25'!W14<1,"0",'Entries December''25'!W15-'Entries December''25'!W14) -> 0 | D15: =IF('Entries December''25'!O15-'Entries December''25'!O14<1,"0",'Entries December''25'!O15-'Entries December''25'!O14) -> 96 | E15: =IF('Entries December''25'!P15-'Entries December''25'!P14<1,"0",'Entries December''25'!P15-'Entries December''25'!P14) -> 190 | F15: =IF('Entries December''25'!V15-'Entries December''25'!V14<1,"0",'Entries December''25'!V15-'Entries December''25'!V14) -> 199 | G15: =(D15+E15)-F15 -> 87 | H15: =IF('Entries December''25'!Q15-'Entries December''25'!Q14<1,0,'Entries December''25'!Q15-'Entries December''25'!Q14) -> 187 | I15: =IF('Entries December''25'!AG15-'Entries December''25'!AG14<1,0,'Entries December''25'!AG15-'Entries December''25'!AG14) -> 0 | J15: =IF('Entries December''25'!S15-'Entries December''25'!S14<1,"0",'Entries December''25'!S15-'Entries December''25'!S14) -> 164 | K15: =IF('Entries December''25'!R15-'Entries December''25'!R14<1,"0",'Entries December''25'!R15-'Entries December''25'!R14) -> 0 | L15: =IF('Entries December''25'!T15-'Entries December''25'!T14<1,"0",'Entries December''25'!T15-'Entries December''25'!T14) -> 0 | M15: =IF('Entries December''25'!U15-'Entries December''25'!U14<1,"0",'Entries December''25'!U15-'Entries December''25'!U14) -> 3 | N15: =IF('Entries December''25'!X15-'Entries December''25'!X14<1,"0",'Entries December''25'!X15-'Entries December''25'!X14) -> 13 | O15: =IF('Entries December''25'!Y15-'Entries December''25'!Y14<1,"0",'Entries December''25'!Y15-'Entries December''25'!Y14) -> 90 | P15: =IF('Entries December''25'!AC15-'Entries December''25'!AC14<1,"0",'Entries December''25'!AC15-'Entries December''25'!AC14) -> 18 | Q15: =IF('Entries December''25'!Z15-'Entries December''25'!Z14<1,"0",'Entries December''25'!Z15-'Entries December''25'!Z14) -> 24 | R15: =IF(('Entries December''25'!AA15-'Entries December''25'!AA14)+('Entries December''25'!AB15-'Entries December''25'!AB14)<1,"0",('Entries December''25'!AA15-'Entries December''25'!AA14)+('Entries December''25'!AB15-'Entries December''25'!AB14)) -> 0 | S15: =(R15+G15)*10 -> 870 | T15: =O15+N15+M15+L15 -> 106 | U15: =IF('Entries December''25'!AC15-'Entries December''25'!AC14<1,"0",'Entries December''25'!AC15-'Entries December''25'!AC14) -> 18 | V15: =IF('Entries December''25'!AD15-'Entries December''25'!AD14<1,"0",'Entries December''25'!AD15-'Entries December''25'!AD14) -> 0 | W15: =IF('Entries December''25'!AE15-'Entries December''25'!AE14<1,"0",'Entries December''25'!AE15-'Entries December''25'!AE14) -> 0 | X15: =IF('Entries December''25'!AI15-'Entries December''25'!AI14<1,"0",'Entries December''25'!AI15-'Entries December''25'!AI14) -> 0 | Y15: =IF('Entries December''25'!AH15-'Entries December''25'!AH14<1,"0",'Entries December''25'!AH15-'Entries December''25'!AH14) -> 0 | Z15: =C15+D15+E15 -> 286 | AA15: 214.764 | AB15: =IF(AA15=0,"0",(Z15*10/AA15)) -> 13.316943
B16: 10 | C16: =IF('Entries December''25'!W16-'Entries December''25'!W15<1,"0",'Entries December''25'!W16-'Entries December''25'!W15) -> 0 | D16: =IF('Entries December''25'!O16-'Entries December''25'!O15<1,"0",'Entries December''25'!O16-'Entries December''25'!O15) -> 267 | E16: =IF('Entries December''25'!P16-'Entries December''25'!P15<1,"0",'Entries December''25'!P16-'Entries December''25'!P15) -> 276 | F16: =IF('Entries December''25'!V16-'Entries December''25'!V15<1,"0",'Entries December''25'!V16-'Entries December''25'!V15) -> 291 | G16: =(D16+E16)-F16 -> 252 | H16: =IF('Entries December''25'!Q16-'Entries December''25'!Q15<1,0,'Entries December''25'!Q16-'Entries December''25'!Q15) -> 333 | I16: =IF('Entries December''25'!AG16-'Entries December''25'!AG15<1,0,'Entries December''25'!AG16-'Entries December''25'!AG15) -> 0 | J16: =IF('Entries December''25'!S16-'Entries December''25'!S15<1,"0",'Entries December''25'!S16-'Entries December''25'!S15) -> 165 | K16: =IF('Entries December''25'!R16-'Entries December''25'!R15<1,"0",'Entries December''25'!R16-'Entries December''25'!R15) -> 0 | L16: =IF('Entries December''25'!T16-'Entries December''25'!T15<1,"0",'Entries December''25'!T16-'Entries December''25'!T15) -> 0 | M16: =IF('Entries December''25'!U16-'Entries December''25'!U15<1,"0",'Entries December''25'!U16-'Entries December''25'!U15) -> 10 | N16: =IF('Entries December''25'!X16-'Entries December''25'!X15<1,"0",'Entries December''25'!X16-'Entries December''25'!X15) -> 59 | O16: =IF('Entries December''25'!Y16-'Entries December''25'!Y15<1,"0",'Entries December''25'!Y16-'Entries December''25'!Y15) -> 143 | P16: =IF('Entries December''25'!AC16-'Entries December''25'!AC15<1,"0",'Entries December''25'!AC16-'Entries December''25'!AC15) -> 27 | Q16: =IF('Entries December''25'!Z16-'Entries December''25'!Z15<1,"0",'Entries December''25'!Z16-'Entries December''25'!Z15) -> 32 | R16: =IF(('Entries December''25'!AA16-'Entries December''25'!AA15)+('Entries December''25'!AB16-'Entries December''25'!AB15)<1,"0",('Entries December''25'!AA16-'Entries December''25'!AA15)+('Entries December''25'!AB16-'Entries December''25'!AB15)) -> 0 | S16: =(R16+G16)*10 -> 2520 | T16: =O16+N16+M16+L16 -> 212 | U16: =IF('Entries December''25'!AC16-'Entries December''25'!AC15<1,"0",'Entries December''25'!AC16-'Entries December''25'!AC15) -> 27 | V16: =IF('Entries December''25'!AD16-'Entries December''25'!AD15<1,"0",'Entries December''25'!AD16-'Entries December''25'!AD15) -> 62 | W16: =IF('Entries December''25'!AE16-'Entries December''25'!AE15<1,"0",'Entries December''25'!AE16-'Entries December''25'!AE15) -> 0 | X16: =IF('Entries December''25'!AI16-'Entries December''25'!AI15<1,"0",'Entries December''25'!AI16-'Entries December''25'!AI15) -> 0 | Y16: =IF('Entries December''25'!AH16-'Entries December''25'!AH15<1,"0",'Entries December''25'!AH16-'Entries December''25'!AH15) -> 0 | Z16: =C16+D16+E16 -> 543 | AA16: 437.052 | AB16: =IF(AA16=0,"0",(Z16*10/AA16)) -> 12.424151
B17: 11 | C17: =IF('Entries December''25'!W17-'Entries December''25'!W16<1,"0",'Entries December''25'!W17-'Entries December''25'!W16) -> 0 | D17: =IF('Entries December''25'!O17-'Entries December''25'!O16<1,"0",'Entries December''25'!O17-'Entries December''25'!O16) -> 201 | E17: =IF('Entries December''25'!P17-'Entries December''25'!P16<1,"0",'Entries December''25'!P17-'Entries December''25'!P16) -> 255 | F17: =IF('Entries December''25'!V17-'Entries December''25'!V16<1,"0",'Entries December''25'!V17-'Entries December''25'!V16) -> 267 | G17: =(D17+E17)-F17 -> 189 | H17: =IF('Entries December''25'!Q17-'Entries December''25'!Q16<1,0,'Entries December''25'!Q17-'Entries December''25'!Q16) -> 235 | I17: =IF('Entries December''25'!AG17-'Entries December''25'!AG16<1,0,'Entries December''25'!AG17-'Entries December''25'!AG16) -> 0 | J17: =IF('Entries December''25'!S17-'Entries December''25'!S16<1,"0",'Entries December''25'!S17-'Entries December''25'!S16) -> 81 | K17: =IF('Entries December''25'!R17-'Entries December''25'!R16<1,"0",'Entries December''25'!R17-'Entries December''25'!R16) -> 0 | L17: =IF('Entries December''25'!T17-'Entries December''25'!T16<1,"0",'Entries December''25'!T17-'Entries December''25'!T16) -> 0 | M17: =IF('Entries December''25'!U17-'Entries December''25'!U16<1,"0",'Entries December''25'!U17-'Entries December''25'!U16) -> 18 | N17: =IF('Entries December''25'!X17-'Entries December''25'!X16<1,"0",'Entries December''25'!X17-'Entries December''25'!X16) -> 21 | O17: =IF('Entries December''25'!Y17-'Entries December''25'!Y16<1,"0",'Entries December''25'!Y17-'Entries December''25'!Y16) -> 131 | P17: =IF('Entries December''25'!AC17-'Entries December''25'!AC16<1,"0",'Entries December''25'!AC17-'Entries December''25'!AC16) -> 21 | Q17: =IF('Entries December''25'!Z17-'Entries December''25'!Z16<1,"0",'Entries December''25'!Z17-'Entries December''25'!Z16) -> 25 | R17: =IF(('Entries December''25'!AA17-'Entries December''25'!AA16)+('Entries December''25'!AB17-'Entries December''25'!AB16)<1,"0",('Entries December''25'!AA17-'Entries December''25'!AA16)+('Entries December''25'!AB17-'Entries December''25'!AB16)) -> 0 | S17: =(R17+G17)*10 -> 1890 | T17: =O17+N17+M17+L17 -> 170 | U17: =IF('Entries December''25'!AC17-'Entries December''25'!AC16<1,"0",'Entries December''25'!AC17-'Entries December''25'!AC16) -> 21 | V17: =IF('Entries December''25'!AD17-'Entries December''25'!AD16<1,"0",'Entries December''25'!AD17-'Entries December''25'!AD16) -> 91 | W17: =IF('Entries December''25'!AE17-'Entries December''25'!AE16<1,"0",'Entries December''25'!AE17-'Entries December''25'!AE16) -> 0 | X17: =IF('Entries December''25'!AI17-'Entries December''25'!AI16<1,"0",'Entries December''25'!AI17-'Entries December''25'!AI16) -> 0 | Y17: =IF('Entries December''25'!AH17-'Entries December''25'!AH16<1,"0",'Entries December''25'!AH17-'Entries December''25'!AH16) -> 0 | Z17: =C17+D17+E17 -> 456 | AA17: 332.838 | AB17: =IF(AA17=0,"0",(Z17*10/AA17)) -> 13.700359
B18: 12 | C18: =IF('Entries December''25'!W18-'Entries December''25'!W17<1,"0",'Entries December''25'!W18-'Entries December''25'!W17) -> 0 | D18: =IF('Entries December''25'!O18-'Entries December''25'!O17<1,"0",'Entries December''25'!O18-'Entries December''25'!O17) -> 62 | E18: =IF('Entries December''25'!P18-'Entries December''25'!P17<1,"0",'Entries December''25'!P18-'Entries December''25'!P17) -> 175 | F18: =IF('Entries December''25'!V18-'Entries December''25'!V17<1,"0",'Entries December''25'!V18-'Entries December''25'!V17) -> 183 | G18: =(D18+E18)-F18 -> 54 | H18: =IF('Entries December''25'!Q18-'Entries December''25'!Q17<1,0,'Entries December''25'!Q18-'Entries December''25'!Q17) -> 201 | I18: =IF('Entries December''25'!AG18-'Entries December''25'!AG17<1,0,'Entries December''25'!AG18-'Entries December''25'!AG17) -> 0 | J18: =IF('Entries December''25'!S18-'Entries December''25'!S17<1,"0",'Entries December''25'!S18-'Entries December''25'!S17) -> 132 | K18: =IF('Entries December''25'!R18-'Entries December''25'!R17<1,"0",'Entries December''25'!R18-'Entries December''25'!R17) -> 0 | L18: =IF('Entries December''25'!T18-'Entries December''25'!T17<1,"0",'Entries December''25'!T18-'Entries December''25'!T17) -> 0 | M18: =IF('Entries December''25'!U18-'Entries December''25'!U17<1,"0",'Entries December''25'!U18-'Entries December''25'!U17) -> 11 | N18: =IF('Entries December''25'!X18-'Entries December''25'!X17<1,"0",'Entries December''25'!X18-'Entries December''25'!X17) -> 28 | O18: =IF('Entries December''25'!Y18-'Entries December''25'!Y17<1,"0",'Entries December''25'!Y18-'Entries December''25'!Y17) -> 82 | P18: =IF('Entries December''25'!AC18-'Entries December''25'!AC17<1,"0",'Entries December''25'!AC18-'Entries December''25'!AC17) -> 34 | Q18: =IF('Entries December''25'!Z18-'Entries December''25'!Z17<1,"0",'Entries December''25'!Z18-'Entries December''25'!Z17) -> 26 | R18: =IF(('Entries December''25'!AA18-'Entries December''25'!AA17)+('Entries December''25'!AB18-'Entries December''25'!AB17)<1,"0",('Entries December''25'!AA18-'Entries December''25'!AA17)+('Entries December''25'!AB18-'Entries December''25'!AB17)) -> 0 | S18: =(R18+G18)*10 -> 540 | T18: =O18+N18+M18+L18 -> 121 | U18: =IF('Entries December''25'!AC18-'Entries December''25'!AC17<1,"0",'Entries December''25'!AC18-'Entries December''25'!AC17) -> 34 | V18: =IF('Entries December''25'!AD18-'Entries December''25'!AD17<1,"0",'Entries December''25'!AD18-'Entries December''25'!AD17) -> 0 | W18: =IF('Entries December''25'!AE18-'Entries December''25'!AE17<1,"0",'Entries December''25'!AE18-'Entries December''25'!AE17) -> 0 | X18: =IF('Entries December''25'!AI18-'Entries December''25'!AI17<1,"0",'Entries December''25'!AI18-'Entries December''25'!AI17) -> 0 | Y18: =IF('Entries December''25'!AH18-'Entries December''25'!AH17<1,"0",'Entries December''25'!AH18-'Entries December''25'!AH17) -> 0 | Z18: =C18+D18+E18 -> 237 | AA18: 259.05 | AB18: =IF(AA18=0,"0",(Z18*10/AA18)) -> 9.148813
B19: 13 | C19: =IF('Entries December''25'!W19-'Entries December''25'!W18<1,"0",'Entries December''25'!W19-'Entries December''25'!W18) -> 0 | D19: =IF('Entries December''25'!O19-'Entries December''25'!O18<1,"0",'Entries December''25'!O19-'Entries December''25'!O18) -> 0 | E19: =IF('Entries December''25'!P19-'Entries December''25'!P18<1,"0",'Entries December''25'!P19-'Entries December''25'!P18) -> 146 | F19: =IF('Entries December''25'!V19-'Entries December''25'!V18<1,"0",'Entries December''25'!V19-'Entries December''25'!V18) -> 153 | G19: =(D19+E19)-F19 -> -7 | H19: =IF('Entries December''25'!Q19-'Entries December''25'!Q18<1,0,'Entries December''25'!Q19-'Entries December''25'!Q18) -> 171 | I19: =IF('Entries December''25'!AG19-'Entries December''25'!AG18<1,0,'Entries December''25'!AG19-'Entries December''25'!AG18) -> 0 | J19: =IF('Entries December''25'!S19-'Entries December''25'!S18<1,"0",'Entries December''25'!S19-'Entries December''25'!S18) -> 0 | K19: =IF('Entries December''25'!R19-'Entries December''25'!R18<1,"0",'Entries December''25'!R19-'Entries December''25'!R18) -> 0 | L19: =IF('Entries December''25'!T19-'Entries December''25'!T18<1,"0",'Entries December''25'!T19-'Entries December''25'!T18) -> 0 | M19: =IF('Entries December''25'!U19-'Entries December''25'!U18<1,"0",'Entries December''25'!U19-'Entries December''25'!U18) -> 4 | N19: =IF('Entries December''25'!X19-'Entries December''25'!X18<1,"0",'Entries December''25'!X19-'Entries December''25'!X18) -> 10 | O19: =IF('Entries December''25'!Y19-'Entries December''25'!Y18<1,"0",'Entries December''25'!Y19-'Entries December''25'!Y18) -> 95 | P19: =IF('Entries December''25'!AC19-'Entries December''25'!AC18<1,"0",'Entries December''25'!AC19-'Entries December''25'!AC18) -> 9 | Q19: =IF('Entries December''25'!Z19-'Entries December''25'!Z18<1,"0",'Entries December''25'!Z19-'Entries December''25'!Z18) -> 16 | R19: =IF(('Entries December''25'!AA19-'Entries December''25'!AA18)+('Entries December''25'!AB19-'Entries December''25'!AB18)<1,"0",('Entries December''25'!AA19-'Entries December''25'!AA18)+('Entries December''25'!AB19-'Entries December''25'!AB18)) -> 0 | S19: =(R19+G19)*10 -> -70 | T19: =O19+N19+M19+L19 -> 109 | U19: =IF('Entries December''25'!AC19-'Entries December''25'!AC18<1,"0",'Entries December''25'!AC19-'Entries December''25'!AC18) -> 9 | V19: =IF('Entries December''25'!AD19-'Entries December''25'!AD18<1,"0",'Entries December''25'!AD19-'Entries December''25'!AD18) -> 0 | W19: =IF('Entries December''25'!AE19-'Entries December''25'!AE18<1,"0",'Entries December''25'!AE19-'Entries December''25'!AE18) -> 0 | X19: =IF('Entries December''25'!AI19-'Entries December''25'!AI18<1,"0",'Entries December''25'!AI19-'Entries December''25'!AI18) -> 0 | Y19: =IF('Entries December''25'!AH19-'Entries December''25'!AH18<1,"0",'Entries December''25'!AH19-'Entries December''25'!AH18) -> 0 | Z19: =C19+D19+E19 -> 146 | AA19: 190.608 | AB19: =IF(AA19=0,"0",(Z19*10/AA19)) -> 7.6596995
... B25: 19 | C25: =IF('Entries December''25'!W25-'Entries December''25'!W24<1,"0",'Entries December''25'!W25-'Entries December''25'!W24) -> 0 | D25: =IF('Entries December''25'!O25-'Entries December''25'!O24<1,"0",'Entries December''25'!O25-'Entries December''25'!O24) -> 129 | E25: =IF('Entries December''25'!P25-'Entries December''25'!P24<1,"0",'Entries December''25'!P25-'Entries December''25'!P24) -> 298 | F25: =IF('Entries December''25'!V25-'Entries December''25'!V24<1,"0",'Entries December''25'!V25-'Entries December''25'!V24) -> 0 | G25: =(D25+E25)-F25 -> 427 | H25: =IF('Entries December''25'!Q25-'Entries December''25'!Q24<1,0,'Entries December''25'!Q25-'Entries December''25'!Q24) -> 284 | I25: =IF('Entries December''25'!AG25-'Entries December''25'!AG24<1,0,'Entries December''25'!AG25-'Entries December''25'!AG24) -> 0 | J25: =IF('Entries December''25'!S25-'Entries December''25'!S24<1,"0",'Entries December''25'!S25-'Entries December''25'!S24) -> 11 | K25: =IF('Entries December''25'!R25-'Entries December''25'!R24<1,"0",'Entries December''25'!R25-'Entries December''25'!R24) -> 0 | L25: =IF('Entries December''25'!T25-'Entries December''25'!T24<1,"0",'Entries December''25'!T25-'Entries December''25'!T24) -> 0 | M25: =IF('Entries December''25'!U25-'Entries December''25'!U24<1,"0",'Entries December''25'!U25-'Entries December''25'!U24) -> 0 | N25: =IF('Entries December''25'!X25-'Entries December''25'!X24<1,"0",'Entries December''25'!X25-'Entries December''25'!X24) -> 52 | O25: =IF('Entries December''25'!Y25-'Entries December''25'!Y24<1,"0",'Entries December''25'!Y25-'Entries December''25'!Y24) -> 177 | P25: =IF('Entries December''25'!AC25-'Entries December''25'!AC24<1,"0",'Entries December''25'!AC25-'Entries December''25'!AC24) -> 26 | Q25: =IF('Entries December''25'!Z25-'Entries December''25'!Z24<1,"0",'Entries December''25'!Z25-'Entries December''25'!Z24) -> 26 | R25: =IF(('Entries December''25'!AA25-'Entries December''25'!AA24)+('Entries December''25'!AB25-'Entries December''25'!AB24)<1,"0",('Entries December''25'!AA25-'Entries December''25'!AA24)+('Entries December''25'!AB25-'Entries December''25'!AB24)) -> 0 | S25: =(R25+G25)*10 -> 4270 | T25: =O25+N25+M25+L25 -> 229 | U25: =IF('Entries December''25'!AC25-'Entries December''25'!AC24<1,"0",'Entries December''25'!AC25-'Entries December''25'!AC24) -> 26 | V25: =IF('Entries December''25'!AD25-'Entries December''25'!AD24<1,"0",'Entries December''25'!AD25-'Entries December''25'!AD24) -> 0 | W25: =IF('Entries December''25'!AE25-'Entries December''25'!AE24<1,"0",'Entries December''25'!AE25-'Entries December''25'!AE24) -> 0 | X25: =IF('Entries December''25'!AI25-'Entries December''25'!AI24<1,"0",'Entries December''25'!AI25-'Entries December''25'!AI24) -> 0 | Y25: =IF('Entries December''25'!AH25-'Entries December''25'!AH24<1,"0",'Entries December''25'!AH25-'Entries December''25'!AH24) -> 0 | Z25: =C25+D25+E25 -> 427 | AA25: 479.226 | AB25: =IF(AA25=0,"0",(Z25*10/AA25)) -> 8.910201
B26: 20 | C26: =IF('Entries December''25'!W26-'Entries December''25'!W25<1,"0",'Entries December''25'!W26-'Entries December''25'!W25) -> 0 | D26: =IF('Entries December''25'!O26-'Entries December''25'!O25<1,"0",'Entries December''25'!O26-'Entries December''25'!O25) -> 4 | E26: =IF('Entries December''25'!P26-'Entries December''25'!P25<1,"0",'Entries December''25'!P26-'Entries December''25'!P25) -> 127 | F26: =IF('Entries December''25'!V26-'Entries December''25'!V25<1,"0",'Entries December''25'!V26-'Entries December''25'!V25) -> 446 | G26: =(D26+E26)-F26 -> -315 | H26: =IF('Entries December''25'!Q26-'Entries December''25'!Q25<1,0,'Entries December''25'!Q26-'Entries December''25'!Q25) -> 69 | I26: =IF('Entries December''25'!AG26-'Entries December''25'!AG25<1,0,'Entries December''25'!AG26-'Entries December''25'!AG25) -> 0 | J26: =IF('Entries December''25'!S26-'Entries December''25'!S25<1,"0",'Entries December''25'!S26-'Entries December''25'!S25) -> 0 | K26: =IF('Entries December''25'!R26-'Entries December''25'!R25<1,"0",'Entries December''25'!R26-'Entries December''25'!R25) -> 0 | L26: =IF('Entries December''25'!T26-'Entries December''25'!T25<1,"0",'Entries December''25'!T26-'Entries December''25'!T25) -> 0 | M26: =IF('Entries December''25'!U26-'Entries December''25'!U25<1,"0",'Entries December''25'!U26-'Entries December''25'!U25) -> 0 | N26: =IF('Entries December''25'!X26-'Entries December''25'!X25<1,"0",'Entries December''25'!X26-'Entries December''25'!X25) -> 0 | O26: =IF('Entries December''25'!Y26-'Entries December''25'!Y25<1,"0",'Entries December''25'!Y26-'Entries December''25'!Y25) -> 35 | P26: =IF('Entries December''25'!AC26-'Entries December''25'!AC25<1,"0",'Entries December''25'!AC26-'Entries December''25'!AC25) -> 2 | Q26: =IF('Entries December''25'!Z26-'Entries December''25'!Z25<1,"0",'Entries December''25'!Z26-'Entries December''25'!Z25) -> 0 | R26: =IF(('Entries December''25'!AA26-'Entries December''25'!AA25)+('Entries December''25'!AB26-'Entries December''25'!AB25)<1,"0",('Entries December''25'!AA26-'Entries December''25'!AA25)+('Entries December''25'!AB26-'Entries December''25'!AB25)) -> 0 | S26: =(R26+G26)*10 -> -3150 | T26: =O26+N26+M26+L26 -> 35 | U26: =IF('Entries December''25'!AC26-'Entries December''25'!AC25<1,"0",'Entries December''25'!AC26-'Entries December''25'!AC25) -> 2 | V26: =IF('Entries December''25'!AD26-'Entries December''25'!AD25<1,"0",'Entries December''25'!AD26-'Entries December''25'!AD25) -> 0 | W26: =IF('Entries December''25'!AE26-'Entries December''25'!AE25<1,"0",'Entries December''25'!AE26-'Entries December''25'!AE25) -> 0 | X26: =IF('Entries December''25'!AI26-'Entries December''25'!AI25<1,"0",'Entries December''25'!AI26-'Entries December''25'!AI25) -> 0 | Y26: =IF('Entries December''25'!AH26-'Entries December''25'!AH25<1,"0",'Entries December''25'!AH26-'Entries December''25'!AH25) -> 0 | Z26: =C26+D26+E26 -> 131 | AA26: 0 | AB26: =IF(AA26=0,"0",(Z26*10/AA26)) -> 0
B27: 21 | C27: =IF('Entries December''25'!W27-'Entries December''25'!W26<1,"0",'Entries December''25'!W27-'Entries December''25'!W26) -> 0 | D27: =IF('Entries December''25'!O27-'Entries December''25'!O26<1,"0",'Entries December''25'!O27-'Entries December''25'!O26) -> 15 | E27: =IF('Entries December''25'!P27-'Entries December''25'!P26<1,"0",'Entries December''25'!P27-'Entries December''25'!P26) -> 2 | F27: =IF('Entries December''25'!V27-'Entries December''25'!V26<1,"0",'Entries December''25'!V27-'Entries December''25'!V26) -> 0 | G27: =(D27+E27)-F27 -> 17 | H27: =IF('Entries December''25'!Q27-'Entries December''25'!Q26<1,0,'Entries December''25'!Q27-'Entries December''25'!Q26) -> 19 | I27: =IF('Entries December''25'!AG27-'Entries December''25'!AG26<1,0,'Entries December''25'!AG27-'Entries December''25'!AG26) -> 0 | J27: =IF('Entries December''25'!S27-'Entries December''25'!S26<1,"0",'Entries December''25'!S27-'Entries December''25'!S26) -> 0 | K27: =IF('Entries December''25'!R27-'Entries December''25'!R26<1,"0",'Entries December''25'!R27-'Entries December''25'!R26) -> 0 | L27: =IF('Entries December''25'!T27-'Entries December''25'!T26<1,"0",'Entries December''25'!T27-'Entries December''25'!T26) -> 0 | M27: =IF('Entries December''25'!U27-'Entries December''25'!U26<1,"0",'Entries December''25'!U27-'Entries December''25'!U26) -> 0 | N27: =IF('Entries December''25'!X27-'Entries December''25'!X26<1,"0",'Entries December''25'!X27-'Entries December''25'!X26) -> 0 | O27: =IF('Entries December''25'!Y27-'Entries December''25'!Y26<1,"0",'Entries December''25'!Y27-'Entries December''25'!Y26) -> 4 | P27: =IF('Entries December''25'!AC27-'Entries December''25'!AC26<1,"0",'Entries December''25'!AC27-'Entries December''25'!AC26) -> 0 | Q27: =IF('Entries December''25'!Z27-'Entries December''25'!Z26<1,"0",'Entries December''25'!Z27-'Entries December''25'!Z26) -> 10 | R27: =IF(('Entries December''25'!AA27-'Entries December''25'!AA26)+('Entries December''25'!AB27-'Entries December''25'!AB26)<1,"0",('Entries December''25'!AA27-'Entries December''25'!AA26)+('Entries December''25'!AB27-'Entries December''25'!AB26)) -> 0 | S27: =(R27+G27)*10 -> 170 | T27: =O27+N27+M27+L27 -> 4 | U27: =IF('Entries December''25'!AC27-'Entries December''25'!AC26<1,"0",'Entries December''25'!AC27-'Entries December''25'!AC26) -> 0 | V27: =IF('Entries December''25'!AD27-'Entries December''25'!AD26<1,"0",'Entries December''25'!AD27-'Entries December''25'!AD26) -> 0 | W27: =IF('Entries December''25'!AE27-'Entries December''25'!AE26<1,"0",'Entries December''25'!AE27-'Entries December''25'!AE26) -> 0 | X27: =IF('Entries December''25'!AI27-'Entries December''25'!AI26<1,"0",'Entries December''25'!AI27-'Entries December''25'!AI26) -> 0 | Y27: =IF('Entries December''25'!AH27-'Entries December''25'!AH26<1,"0",'Entries December''25'!AH27-'Entries December''25'!AH26) -> 0 | Z27: =C27+D27+E27 -> 17 | AA27: 0 | AB27: =IF(AA27=0,"0",(Z27*10/AA27)) -> 0
B28: 22 | C28: =IF('Entries December''25'!W28-'Entries December''25'!W27<1,"0",'Entries December''25'!W28-'Entries December''25'!W27) -> 0 | D28: =IF('Entries December''25'!O28-'Entries December''25'!O27<1,"0",'Entries December''25'!O28-'Entries December''25'!O27) -> 129 | E28: =IF('Entries December''25'!P28-'Entries December''25'!P27<1,"0",'Entries December''25'!P28-'Entries December''25'!P27) -> 221 | F28: =IF('Entries December''25'!V28-'Entries December''25'!V27<1,"0",'Entries December''25'!V28-'Entries December''25'!V27) -> 234 | G28: =(D28+E28)-F28 -> 116 | H28: =IF('Entries December''25'!Q28-'Entries December''25'!Q27<1,0,'Entries December''25'!Q28-'Entries December''25'!Q27) -> 327 | I28: =IF('Entries December''25'!AG28-'Entries December''25'!AG27<1,0,'Entries December''25'!AG28-'Entries December''25'!AG27) -> 0 | J28: =IF('Entries December''25'!S28-'Entries December''25'!S27<1,"0",'Entries December''25'!S28-'Entries December''25'!S27) -> 0 | K28: =IF('Entries December''25'!R28-'Entries December''25'!R27<1,"0",'Entries December''25'!R28-'Entries December''25'!R27) -> 0 | L28: =IF('Entries December''25'!T28-'Entries December''25'!T27<1,"0",'Entries December''25'!T28-'Entries December''25'!T27) -> 0 | M28: =IF('Entries December''25'!U28-'Entries December''25'!U27<1,"0",'Entries December''25'!U28-'Entries December''25'!U27) -> 6 | N28: =IF('Entries December''25'!X28-'Entries December''25'!X27<1,"0",'Entries December''25'!X28-'Entries December''25'!X27) -> 0 | O28: =IF('Entries December''25'!Y28-'Entries December''25'!Y27<1,"0",'Entries December''25'!Y28-'Entries December''25'!Y27) -> 217 | P28: =IF('Entries December''25'!AC28-'Entries December''25'!AC27<1,"0",'Entries December''25'!AC28-'Entries December''25'!AC27) -> 29 | Q28: =IF('Entries December''25'!Z28-'Entries December''25'!Z27<1,"0",'Entries December''25'!Z28-'Entries December''25'!Z27) -> 29 | R28: =IF(('Entries December''25'!AA28-'Entries December''25'!AA27)+('Entries December''25'!AB28-'Entries December''25'!AB27)<1,"0",('Entries December''25'!AA28-'Entries December''25'!AA27)+('Entries December''25'!AB28-'Entries December''25'!AB27)) -> 0 | S28: =(R28+G28)*10 -> 1160 | T28: =O28+N28+M28+L28 -> 223 | U28: =IF('Entries December''25'!AC28-'Entries December''25'!AC27<1,"0",'Entries December''25'!AC28-'Entries December''25'!AC27) -> 29 | V28: =IF('Entries December''25'!AD28-'Entries December''25'!AD27<1,"0",'Entries December''25'!AD28-'Entries December''25'!AD27) -> 0 | W28: =IF('Entries December''25'!AE28-'Entries December''25'!AE27<1,"0",'Entries December''25'!AE28-'Entries December''25'!AE27) -> 0 | X28: =IF('Entries December''25'!AI28-'Entries December''25'!AI27<1,"0",'Entries December''25'!AI28-'Entries December''25'!AI27) -> 0 | Y28: =IF('Entries December''25'!AH28-'Entries December''25'!AH27<1,"0",'Entries December''25'!AH28-'Entries December''25'!AH27) -> 0 | Z28: =C28+D28+E28 -> 350 | AA28: 542.982 | AB28: =IF(AA28=0,"0",(Z28*10/AA28)) -> 6.4458859
B29: 23 | C29: =IF('Entries December''25'!W29-'Entries December''25'!W28<1,"0",'Entries December''25'!W29-'Entries December''25'!W28) -> 0 | D29: =IF('Entries December''25'!O29-'Entries December''25'!O28<1,"0",'Entries December''25'!O29-'Entries December''25'!O28) -> 255 | E29: =IF('Entries December''25'!P29-'Entries December''25'!P28<1,"0",'Entries December''25'!P29-'Entries December''25'!P28) -> 117 | F29: =IF('Entries December''25'!V29-'Entries December''25'!V28<1,"0",'Entries December''25'!V29-'Entries December''25'!V28) -> 123 | G29: =(D29+E29)-F29 -> 249 | H29: =IF('Entries December''25'!Q29-'Entries December''25'!Q28<1,0,'Entries December''25'!Q29-'Entries December''25'!Q28) -> 347 | I29: =IF('Entries December''25'!AG29-'Entries December''25'!AG28<1,0,'Entries December''25'!AG29-'Entries December''25'!AG28) -> 0 | J29: =IF('Entries December''25'!S29-'Entries December''25'!S28<1,"0",'Entries December''25'!S29-'Entries December''25'!S28) -> 31 | K29: =IF('Entries December''25'!R29-'Entries December''25'!R28<1,"0",'Entries December''25'!R29-'Entries December''25'!R28) -> 0 | L29: =IF('Entries December''25'!T29-'Entries December''25'!T28<1,"0",'Entries December''25'!T29-'Entries December''25'!T28) -> 0 | M29: =IF('Entries December''25'!U29-'Entries December''25'!U28<1,"0",'Entries December''25'!U29-'Entries December''25'!U28) -> 10 | N29: =IF('Entries December''25'!X29-'Entries December''25'!X28<1,"0",'Entries December''25'!X29-'Entries December''25'!X28) -> 61 | O29: =IF('Entries December''25'!Y29-'Entries December''25'!Y28<1,"0",'Entries December''25'!Y29-'Entries December''25'!Y28) -> 192 | P29: =IF('Entries December''25'!AC29-'Entries December''25'!AC28<1,"0",'Entries December''25'!AC29-'Entries December''25'!AC28) -> 31 | Q29: =IF('Entries December''25'!Z29-'Entries December''25'!Z28<1,"0",'Entries December''25'!Z29-'Entries December''25'!Z28) -> 29 | R29: =IF(('Entries December''25'!AA29-'Entries December''25'!AA28)+('Entries December''25'!AB29-'Entries December''25'!AB28)<1,"0",('Entries December''25'!AA29-'Entries December''25'!AA28)+('Entries December''25'!AB29-'Entries December''25'!AB28)) -> 0 | S29: =(R29+G29)*10 -> 2490 | T29: =O29+N29+M29+L29 -> 263 | U29: =IF('Entries December''25'!AC29-'Entries December''25'!AC28<1,"0",'Entries December''25'!AC29-'Entries December''25'!AC28) -> 31 | V29: =IF('Entries December''25'!AD29-'Entries December''25'!AD28<1,"0",'Entries December''25'!AD29-'Entries December''25'!AD28) -> 0 | W29: =IF('Entries December''25'!AE29-'Entries December''25'!AE28<1,"0",'Entries December''25'!AE29-'Entries December''25'!AE28) -> 0 | X29: =IF('Entries December''25'!AI29-'Entries December''25'!AI28<1,"0",'Entries December''25'!AI29-'Entries December''25'!AI28) -> 0 | Y29: =IF('Entries December''25'!AH29-'Entries December''25'!AH28<1,"0",'Entries December''25'!AH29-'Entries December''25'!AH28) -> 0 | Z29: =C29+D29+E29 -> 372 | AA29: 451.638 | AB29: =IF(AA29=0,"0",(Z29*10/AA29)) -> 8.2366851
B30: 24 | C30: =IF('Entries December''25'!W30-'Entries December''25'!W29<1,"0",'Entries December''25'!W30-'Entries December''25'!W29) -> 0 | D30: =IF('Entries December''25'!O30-'Entries December''25'!O29<1,"0",'Entries December''25'!O30-'Entries December''25'!O29) -> 233 | E30: =IF('Entries December''25'!P30-'Entries December''25'!P29<1,"0",'Entries December''25'!P30-'Entries December''25'!P29) -> 85 | F30: =IF('Entries December''25'!V30-'Entries December''25'!V29<1,"0",'Entries December''25'!V30-'Entries December''25'!V29) -> 89 | G30: =(D30+E30)-F30 -> 229 | H30: =IF('Entries December''25'!Q30-'Entries December''25'!Q29<1,0,'Entries December''25'!Q30-'Entries December''25'!Q29) -> 216 | I30: =IF('Entries December''25'!AG30-'Entries December''25'!AG29<1,0,'Entries December''25'!AG30-'Entries December''25'!AG29) -> 0 | J30: =IF('Entries December''25'!S30-'Entries December''25'!S29<1,"0",'Entries December''25'!S30-'Entries December''25'!S29) -> 0 | K30: =IF('Entries December''25'!R30-'Entries December''25'!R29<1,"0",'Entries December''25'!R30-'Entries December''25'!R29) -> 0 | L30: =IF('Entries December''25'!T30-'Entries December''25'!T29<1,"0",'Entries December''25'!T30-'Entries December''25'!T29) -> 0 | M30: =IF('Entries December''25'!U30-'Entries December''25'!U29<1,"0",'Entries December''25'!U30-'Entries December''25'!U29) -> 4 | N30: =IF('Entries December''25'!X30-'Entries December''25'!X29<1,"0",'Entries December''25'!X30-'Entries December''25'!X29) -> 43 | O30: =IF('Entries December''25'!Y30-'Entries December''25'!Y29<1,"0",'Entries December''25'!Y30-'Entries December''25'!Y29) -> 96 | P30: =IF('Entries December''25'!AC30-'Entries December''25'!AC29<1,"0",'Entries December''25'!AC30-'Entries December''25'!AC29) -> 19 | Q30: =IF('Entries December''25'!Z30-'Entries December''25'!Z29<1,"0",'Entries December''25'!Z30-'Entries December''25'!Z29) -> 21 | R30: =IF(('Entries December''25'!AA30-'Entries December''25'!AA29)+('Entries December''25'!AB30-'Entries December''25'!AB29)<1,"0",('Entries December''25'!AA30-'Entries December''25'!AA29)+('Entries December''25'!AB30-'Entries December''25'!AB29)) -> 0 | S30: =(R30+G30)*10 -> 2290 | T30: =O30+N30+M30+L30 -> 143 | U30: =IF('Entries December''25'!AC30-'Entries December''25'!AC29<1,"0",'Entries December''25'!AC30-'Entries December''25'!AC29) -> 19 | V30: =IF('Entries December''25'!AD30-'Entries December''25'!AD29<1,"0",'Entries December''25'!AD30-'Entries December''25'!AD29) -> 0 | W30: =IF('Entries December''25'!AE30-'Entries December''25'!AE29<1,"0",'Entries December''25'!AE30-'Entries December''25'!AE29) -> 0 | X30: =IF('Entries December''25'!AI30-'Entries December''25'!AI29<1,"0",'Entries December''25'!AI30-'Entries December''25'!AI29) -> 0 | Y30: =IF('Entries December''25'!AH30-'Entries December''25'!AH29<1,"0",'Entries December''25'!AH30-'Entries December''25'!AH29) -> 0 | Z30: =C30+D30+E30 -> 318 | AA30: 292.38 | AB30: =IF(AA30=0,"0",(Z30*10/AA30)) -> 10.876257
B31: 25 | C31: =IF('Entries December''25'!W31-'Entries December''25'!W30<1,"0",'Entries December''25'!W31-'Entries December''25'!W30) -> 0 | D31: =IF('Entries December''25'!O31-'Entries December''25'!O30<1,"0",'Entries December''25'!O31-'Entries December''25'!O30) -> 0 | E31: =IF('Entries December''25'!P31-'Entries December''25'!P30<1,"0",'Entries December''25'!P31-'Entries December''25'!P30) -> 0 | F31: =IF('Entries December''25'!V31-'Entries December''25'!V30<1,"0",'Entries December''25'!V31-'Entries December''25'!V30) -> 0 | G31: =(D31+E31)-F31 -> 0 | H31: =IF('Entries December''25'!Q31-'Entries December''25'!Q30<1,0,'Entries December''25'!Q31-'Entries December''25'!Q30) -> 15 | I31: =IF('Entries December''25'!AG31-'Entries December''25'!AG30<1,0,'Entries December''25'!AG31-'Entries December''25'!AG30) -> 0 | J31: =IF('Entries December''25'!S31-'Entries December''25'!S30<1,"0",'Entries December''25'!S31-'Entries December''25'!S30) -> 81 | K31: =IF('Entries December''25'!R31-'Entries December''25'!R30<1,"0",'Entries December''25'!R31-'Entries December''25'!R30) -> 0 | L31: =IF('Entries December''25'!T31-'Entries December''25'!T30<1,"0",'Entries December''25'!T31-'Entries December''25'!T30) -> 0 | M31: =IF('Entries December''25'!U31-'Entries December''25'!U30<1,"0",'Entries December''25'!U31-'Entries December''25'!U30) -> 0 | N31: =IF('Entries December''25'!X31-'Entries December''25'!X30<1,"0",'Entries December''25'!X31-'Entries December''25'!X30) -> 0 | O31: =IF('Entries December''25'!Y31-'Entries December''25'!Y30<1,"0",'Entries December''25'!Y31-'Entries December''25'!Y30) -> 0 | P31: =IF('Entries December''25'!AC31-'Entries December''25'!AC30<1,"0",'Entries December''25'!AC31-'Entries December''25'!AC30) -> 0 | Q31: =IF('Entries December''25'!Z31-'Entries December''25'!Z30<1,"0",'Entries December''25'!Z31-'Entries December''25'!Z30) -> 1 | R31: =IF(('Entries December''25'!AA31-'Entries December''25'!AA30)+('Entries December''25'!AB31-'Entries December''25'!AB30)<1,"0",('Entries December''25'!AA31-'Entries December''25'!AA30)+('Entries December''25'!AB31-'Entries December''25'!AB30)) -> 0 | S31: =(R31+G31)*10 -> 0 | T31: =O31+N31+M31+L31 -> 0 | U31: =IF('Entries December''25'!AC31-'Entries December''25'!AC30<1,"0",'Entries December''25'!AC31-'Entries December''25'!AC30) -> 0 | V31: =IF('Entries December''25'!AD31-'Entries December''25'!AD30<1,"0",'Entries December''25'!AD31-'Entries December''25'!AD30) -> 0 | W31: =IF('Entries December''25'!AE31-'Entries December''25'!AE30<1,"0",'Entries December''25'!AE31-'Entries December''25'!AE30) -> 0 | X31: =IF('Entries December''25'!AI31-'Entries December''25'!AI30<1,"0",'Entries December''25'!AI31-'Entries December''25'!AI30) -> 0 | Y31: =IF('Entries December''25'!AH31-'Entries December''25'!AH30<1,"0",'Entries December''25'!AH31-'Entries December''25'!AH30) -> 0 | Z31: =C31+D31+E31 -> 0 | AA31: 0 | AB31: =IF(AA31=0,"0",(Z31*10/AA31)) -> 0
B32: 26 | C32: =IF('Entries December''25'!W32-'Entries December''25'!W31<1,"0",'Entries December''25'!W32-'Entries December''25'!W31) -> 0 | D32: =IF('Entries December''25'!O32-'Entries December''25'!O31<1,"0",'Entries December''25'!O32-'Entries December''25'!O31) -> 28 | E32: =IF('Entries December''25'!P32-'Entries December''25'!P31<1,"0",'Entries December''25'!P32-'Entries December''25'!P31) -> 76 | F32: =IF('Entries December''25'!V32-'Entries December''25'!V31<1,"0",'Entries December''25'!V32-'Entries December''25'!V31) -> 79 | G32: =(D32+E32)-F32 -> 25 | H32: =IF('Entries December''25'!Q32-'Entries December''25'!Q31<1,0,'Entries December''25'!Q32-'Entries December''25'!Q31) -> 8 | I32: =IF('Entries December''25'!AG32-'Entries December''25'!AG31<1,0,'Entries December''25'!AG32-'Entries December''25'!AG31) -> 0 | J32: =IF('Entries December''25'!S32-'Entries December''25'!S31<1,"0",'Entries December''25'!S32-'Entries December''25'!S31) -> 0 | K32: =IF('Entries December''25'!R32-'Entries December''25'!R31<1,"0",'Entries December''25'!R32-'Entries December''25'!R31) -> 0 | L32: =IF('Entries December''25'!T32-'Entries December''25'!T31<1,"0",'Entries December''25'!T32-'Entries December''25'!T31) -> 0 | M32: =IF('Entries December''25'!U32-'Entries December''25'!U31<1,"0",'Entries December''25'!U32-'Entries December''25'!U31) -> 0 | N32: =IF('Entries December''25'!X32-'Entries December''25'!X31<1,"0",'Entries December''25'!X32-'Entries December''25'!X31) -> 0 | O32: =IF('Entries December''25'!Y32-'Entries December''25'!Y31<1,"0",'Entries December''25'!Y32-'Entries December''25'!Y31) -> 0 | P32: =IF('Entries December''25'!AC32-'Entries December''25'!AC31<1,"0",'Entries December''25'!AC32-'Entries December''25'!AC31) -> 0 | Q32: =IF('Entries December''25'!Z32-'Entries December''25'!Z31<1,"0",'Entries December''25'!Z32-'Entries December''25'!Z31) -> 0 | R32: =IF(('Entries December''25'!AA32-'Entries December''25'!AA31)+('Entries December''25'!AB32-'Entries December''25'!AB31)<1,"0",('Entries December''25'!AA32-'Entries December''25'!AA31)+('Entries December''25'!AB32-'Entries December''25'!AB31)) -> 0 | S32: =(R32+G32)*10 -> 250 | T32: =O32+N32+M32+L32 -> 0 | U32: =IF('Entries December''25'!AC32-'Entries December''25'!AC31<1,"0",'Entries December''25'!AC32-'Entries December''25'!AC31) -> 0 | V32: =IF('Entries December''25'!AD32-'Entries December''25'!AD31<1,"0",'Entries December''25'!AD32-'Entries December''25'!AD31) -> 0 | W32: =IF('Entries December''25'!AE32-'Entries December''25'!AE31<1,"0",'Entries December''25'!AE32-'Entries December''25'!AE31) -> 0 | X32: =IF('Entries December''25'!AI32-'Entries December''25'!AI31<1,"0",'Entries December''25'!AI32-'Entries December''25'!AI31) -> 0 | Y32: =IF('Entries December''25'!AH32-'Entries December''25'!AH31<1,"0",'Entries December''25'!AH32-'Entries December''25'!AH31) -> 0 | Z32: =C32+D32+E32 -> 104 | AA32: 0 | AB32: =IF(AA32=0,"0",(Z32*10/AA32)) -> 0
B33: 27 | C33: =IF('Entries December''25'!W33-'Entries December''25'!W32<1,"0",'Entries December''25'!W33-'Entries December''25'!W32) -> 0 | D33: =IF('Entries December''25'!O33-'Entries December''25'!O32<1,"0",'Entries December''25'!O33-'Entries December''25'!O32) -> 0 | E33: =IF('Entries December''25'!P33-'Entries December''25'!P32<1,"0",'Entries December''25'!P33-'Entries December''25'!P32) -> 0 | F33: =IF('Entries December''25'!V33-'Entries December''25'!V32<1,"0",'Entries December''25'!V33-'Entries December''25'!V32) -> 0 | G33: =(D33+E33)-F33 -> 0 | H33: =IF('Entries December''25'!Q33-'Entries December''25'!Q32<1,0,'Entries December''25'!Q33-'Entries December''25'!Q32) -> 13 | I33: =IF('Entries December''25'!AG33-'Entries December''25'!AG32<1,0,'Entries December''25'!AG33-'Entries December''25'!AG32) -> 0 | J33: =IF('Entries December''25'!S33-'Entries December''25'!S32<1,"0",'Entries December''25'!S33-'Entries December''25'!S32) -> 0 | K33: =IF('Entries December''25'!R33-'Entries December''25'!R32<1,"0",'Entries December''25'!R33-'Entries December''25'!R32) -> 0 | L33: =IF('Entries December''25'!T33-'Entries December''25'!T32<1,"0",'Entries December''25'!T33-'Entries December''25'!T32) -> 0 | M33: =IF('Entries December''25'!U33-'Entries December''25'!U32<1,"0",'Entries December''25'!U33-'Entries December''25'!U32) -> 0 | N33: =IF('Entries December''25'!X33-'Entries December''25'!X32<1,"0",'Entries December''25'!X33-'Entries December''25'!X32) -> 0 | O33: =IF('Entries December''25'!Y33-'Entries December''25'!Y32<1,"0",'Entries December''25'!Y33-'Entries December''25'!Y32) -> 0 | P33: =IF('Entries December''25'!AC33-'Entries December''25'!AC32<1,"0",'Entries December''25'!AC33-'Entries December''25'!AC32) -> 0 | Q33: =IF('Entries December''25'!Z33-'Entries December''25'!Z32<1,"0",'Entries December''25'!Z33-'Entries December''25'!Z32) -> 0 | R33: =IF(('Entries December''25'!AA33-'Entries December''25'!AA32)+('Entries December''25'!AB33-'Entries December''25'!AB32)<1,"0",('Entries December''25'!AA33-'Entries December''25'!AA32)+('Entries December''25'!AB33-'Entries December''25'!AB32)) -> 0 | S33: =(R33+G33)*10 -> 0 | T33: =O33+N33+M33+L33 -> 0 | U33: =IF('Entries December''25'!AC33-'Entries December''25'!AC32<1,"0",'Entries December''25'!AC33-'Entries December''25'!AC32) -> 0 | V33: =IF('Entries December''25'!AD33-'Entries December''25'!AD32<1,"0",'Entries December''25'!AD33-'Entries December''25'!AD32) -> 0 | W33: =IF('Entries December''25'!AE33-'Entries December''25'!AE32<1,"0",'Entries December''25'!AE33-'Entries December''25'!AE32) -> 0 | X33: =IF('Entries December''25'!AI33-'Entries December''25'!AI32<1,"0",'Entries December''25'!AI33-'Entries December''25'!AI32) -> 0 | Y33: =IF('Entries December''25'!AH33-'Entries December''25'!AH32<1,"0",'Entries December''25'!AH33-'Entries December''25'!AH32) -> 0 | Z33: =C33+D33+E33 -> 0 | AA33: 0 | AB33: =IF(AA33=0,"0",(Z33*10/AA33)) -> 0
B34: 28 | C34: =IF('Entries December''25'!W34-'Entries December''25'!W33<1,"0",'Entries December''25'!W34-'Entries December''25'!W33) -> 0 | D34: =IF('Entries December''25'!O34-'Entries December''25'!O33<1,"0",'Entries December''25'!O34-'Entries December''25'!O33) -> 0 | E34: =IF('Entries December''25'!P34-'Entries December''25'!P33<1,"0",'Entries December''25'!P34-'Entries December''25'!P33) -> 0 | F34: =IF('Entries December''25'!V34-'Entries December''25'!V33<1,"0",'Entries December''25'!V34-'Entries December''25'!V33) -> 0 | G34: =(D34+E34)-F34 -> 0 | H34: =IF('Entries December''25'!Q34-'Entries December''25'!Q33<1,0,'Entries December''25'!Q34-'Entries December''25'!Q33) -> 28 | I34: =IF('Entries December''25'!AG34-'Entries December''25'!AG33<1,0,'Entries December''25'!AG34-'Entries December''25'!AG33) -> 0 | J34: =IF('Entries December''25'!S34-'Entries December''25'!S33<1,"0",'Entries December''25'!S34-'Entries December''25'!S33) -> 0 | K34: =IF('Entries December''25'!R34-'Entries December''25'!R33<1,"0",'Entries December''25'!R34-'Entries December''25'!R33) -> 0 | L34: =IF('Entries December''25'!T34-'Entries December''25'!T33<1,"0",'Entries December''25'!T34-'Entries December''25'!T33) -> 0 | M34: =IF('Entries December''25'!U34-'Entries December''25'!U33<1,"0",'Entries December''25'!U34-'Entries December''25'!U33) -> 0 | N34: =IF('Entries December''25'!X34-'Entries December''25'!X33<1,"0",'Entries December''25'!X34-'Entries December''25'!X33) -> 0 | O34: =IF('Entries December''25'!Y34-'Entries December''25'!Y33<1,"0",'Entries December''25'!Y34-'Entries December''25'!Y33) -> 0 | P34: =IF('Entries December''25'!AC34-'Entries December''25'!AC33<1,"0",'Entries December''25'!AC34-'Entries December''25'!AC33) -> 0 | Q34: =IF('Entries December''25'!Z34-'Entries December''25'!Z33<1,"0",'Entries December''25'!Z34-'Entries December''25'!Z33) -> 10 | R34: =IF(('Entries December''25'!AA34-'Entries December''25'!AA33)+('Entries December''25'!AB34-'Entries December''25'!AB33)<1,"0",('Entries December''25'!AA34-'Entries December''25'!AA33)+('Entries December''25'!AB34-'Entries December''25'!AB33)) -> 0 | S34: =(R34+G34)*10 -> 0 | T34: =O34+N34+M34+L34 -> 0 | U34: =IF('Entries December''25'!AC34-'Entries December''25'!AC33<1,"0",'Entries December''25'!AC34-'Entries December''25'!AC33) -> 0 | V34: =IF('Entries December''25'!AD34-'Entries December''25'!AD33<1,"0",'Entries December''25'!AD34-'Entries December''25'!AD33) -> 0 | W34: =IF('Entries December''25'!AE34-'Entries December''25'!AE33<1,"0",'Entries December''25'!AE34-'Entries December''25'!AE33) -> 0 | X34: =IF('Entries December''25'!AI34-'Entries December''25'!AI33<1,"0",'Entries December''25'!AI34-'Entries December''25'!AI33) -> 0 | Y34: =IF('Entries December''25'!AH34-'Entries December''25'!AH33<1,"0",'Entries December''25'!AH34-'Entries December''25'!AH33) -> 0 | Z34: =C34+D34+E34 -> 0 | AA34: 15.4275 | AB34: =IF(AA34=0,"0",(Z34*10/AA34)) -> 0
B35: 29 | C35: =IF('Entries December''25'!W35-'Entries December''25'!W34<1,"0",'Entries December''25'!W35-'Entries December''25'!W34) -> 0 | D35: =IF('Entries December''25'!O35-'Entries December''25'!O34<1,"0",'Entries December''25'!O35-'Entries December''25'!O34) -> 236 | E35: =IF('Entries December''25'!P35-'Entries December''25'!P34<1,"0",'Entries December''25'!P35-'Entries December''25'!P34) -> 191 | F35: =IF('Entries December''25'!V35-'Entries December''25'!V34<1,"0",'Entries December''25'!V35-'Entries December''25'!V34) -> 148 | G35: =(D35+E35)-F35 -> 279 | H35: =IF('Entries December''25'!Q35-'Entries December''25'!Q34<1,0,'Entries December''25'!Q35-'Entries December''25'!Q34) -> 333 | I35: =IF('Entries December''25'!AG35-'Entries December''25'!AG34<1,0,'Entries December''25'!AG35-'Entries December''25'!AG34) -> 0 | J35: =IF('Entries December''25'!S35-'Entries December''25'!S34<1,"0",'Entries December''25'!S35-'Entries December''25'!S34) -> 121 | K35: =IF('Entries December''25'!R35-'Entries December''25'!R34<1,"0",'Entries December''25'!R35-'Entries December''25'!R34) -> 0 | L35: =IF('Entries December''25'!T35-'Entries December''25'!T34<1,"0",'Entries December''25'!T35-'Entries December''25'!T34) -> 0 | M35: =IF('Entries December''25'!U35-'Entries December''25'!U34<1,"0",'Entries December''25'!U35-'Entries December''25'!U34) -> 12 | N35: =IF('Entries December''25'!X35-'Entries December''25'!X34<1,"0",'Entries December''25'!X35-'Entries December''25'!X34) -> 61 | O35: =IF('Entries December''25'!Y35-'Entries December''25'!Y34<1,"0",'Entries December''25'!Y35-'Entries December''25'!Y34) -> 162 | P35: =IF('Entries December''25'!AC35-'Entries December''25'!AC34<1,"0",'Entries December''25'!AC35-'Entries December''25'!AC34) -> 26 | Q35: =IF('Entries December''25'!Z35-'Entries December''25'!Z34<1,"0",'Entries December''25'!Z35-'Entries December''25'!Z34) -> 28 | R35: =IF(('Entries December''25'!AA35-'Entries December''25'!AA34)+('Entries December''25'!AB35-'Entries December''25'!AB34)<1,"0",('Entries December''25'!AA35-'Entries December''25'!AA34)+('Entries December''25'!AB35-'Entries December''25'!AB34)) -> 0 | S35: =(R35+G35)*10 -> 2790 | T35: =O35+N35+M35+L35 -> 235 | U35: =IF('Entries December''25'!AC35-'Entries December''25'!AC34<1,"0",'Entries December''25'!AC35-'Entries December''25'!AC34) -> 26 | V35: =IF('Entries December''25'!AD35-'Entries December''25'!AD34<1,"0",'Entries December''25'!AD35-'Entries December''25'!AD34) -> 0 | W35: =IF('Entries December''25'!AE35-'Entries December''25'!AE34<1,"0",'Entries December''25'!AE35-'Entries December''25'!AE34) -> 0 | X35: =IF('Entries December''25'!AI35-'Entries December''25'!AI34<1,"0",'Entries December''25'!AI35-'Entries December''25'!AI34) -> 0 | Y35: =IF('Entries December''25'!AH35-'Entries December''25'!AH34<1,"0",'Entries December''25'!AH35-'Entries December''25'!AH34) -> 0 | Z35: =C35+D35+E35 -> 427 | AA35: 373.23 | AB35: =IF(AA35=0,"0",(Z35*10/AA35)) -> 11.440667
B36: 30 | C36: =IF('Entries December''25'!W36-'Entries December''25'!W35<1,"0",'Entries December''25'!W36-'Entries December''25'!W35) -> 0 | D36: =IF('Entries December''25'!O36-'Entries December''25'!O35<1,"0",'Entries December''25'!O36-'Entries December''25'!O35) -> 182 | E36: =IF('Entries December''25'!P36-'Entries December''25'!P35<1,"0",'Entries December''25'!P36-'Entries December''25'!P35) -> 169 | F36: =IF('Entries December''25'!V36-'Entries December''25'!V35<1,"0",'Entries December''25'!V36-'Entries December''25'!V35) -> 231 | G36: =(D36+E36)-F36 -> 120 | H36: =IF('Entries December''25'!Q36-'Entries December''25'!Q35<1,0,'Entries December''25'!Q36-'Entries December''25'!Q35) -> 296 | I36: =IF('Entries December''25'!AG36-'Entries December''25'!AG35<1,0,'Entries December''25'!AG36-'Entries December''25'!AG35) -> 0 | J36: =IF('Entries December''25'!S36-'Entries December''25'!S35<1,"0",'Entries December''25'!S36-'Entries December''25'!S35) -> 185 | K36: =IF('Entries December''25'!R36-'Entries December''25'!R35<1,"0",'Entries December''25'!R36-'Entries December''25'!R35) -> 0 | L36: =IF('Entries December''25'!T36-'Entries December''25'!T35<1,"0",'Entries December''25'!T36-'Entries December''25'!T35) -> 0 | M36: =IF('Entries December''25'!U36-'Entries December''25'!U35<1,"0",'Entries December''25'!U36-'Entries December''25'!U35) -> 0 | N36: =IF('Entries December''25'!X36-'Entries December''25'!X35<1,"0",'Entries December''25'!X36-'Entries December''25'!X35) -> 57 | O36: =IF('Entries December''25'!Y36-'Entries December''25'!Y35<1,"0",'Entries December''25'!Y36-'Entries December''25'!Y35) -> 158 | P36: =IF('Entries December''25'!AC36-'Entries December''25'!AC35<1,"0",'Entries December''25'!AC36-'Entries December''25'!AC35) -> 29 | Q36: =IF('Entries December''25'!Z36-'Entries December''25'!Z35<1,"0",'Entries December''25'!Z36-'Entries December''25'!Z35) -> 23 | R36: =IF(('Entries December''25'!AA36-'Entries December''25'!AA35)+('Entries December''25'!AB36-'Entries December''25'!AB35)<1,"0",('Entries December''25'!AA36-'Entries December''25'!AA35)+('Entries December''25'!AB36-'Entries December''25'!AB35)) -> 0 | S36: =(R36+G36)*10 -> 1200 | T36: =O36+N36+M36+L36 -> 215 | U36: =IF('Entries December''25'!AC36-'Entries December''25'!AC35<1,"0",'Entries December''25'!AC36-'Entries December''25'!AC35) -> 29 | V36: =IF('Entries December''25'!AD36-'Entries December''25'!AD35<1,"0",'Entries December''25'!AD36-'Entries December''25'!AD35) -> 0 | W36: =IF('Entries December''25'!AE36-'Entries December''25'!AE35<1,"0",'Entries December''25'!AE36-'Entries December''25'!AE35) -> 0 | X36: =IF('Entries December''25'!AI36-'Entries December''25'!AI35<1,"0",'Entries December''25'!AI36-'Entries December''25'!AI35) -> 0 | Y36: =IF('Entries December''25'!AH36-'Entries December''25'!AH35<1,"0",'Entries December''25'!AH36-'Entries December''25'!AH35) -> 0 | Z36: =C36+D36+E36 -> 351 | AA36: 513.018 | AB36: =IF(AA36=0,"0",(Z36*10/AA36)) -> 6.8418652
B37: 31 | C37: =IF('Entries December''25'!W37-'Entries December''25'!W36<1,"0",'Entries December''25'!W37-'Entries December''25'!W36) -> 0 | D37: =IF('Entries December''25'!O37-'Entries December''25'!O36<1,"0",'Entries December''25'!O37-'Entries December''25'!O36) -> 217 | E37: =IF('Entries December''25'!P37-'Entries December''25'!P36<1,"0",'Entries December''25'!P37-'Entries December''25'!P36) -> 98 | F37: =IF('Entries December''25'!V37-'Entries December''25'!V36<1,"0",'Entries December''25'!V37-'Entries December''25'!V36) -> 741 | G37: =(D37+E37)-F37 -> -426 | J37: =IF('Entries December''25'!S37-'Entries December''25'!S36<1,"0",'Entries December''25'!S37-'Entries December''25'!S36) -> 90 | K37: =IF('Entries December''25'!R37-'Entries December''25'!R36<1,"0",'Entries December''25'!R37-'Entries December''25'!R36) -> 0 | L37: =IF('Entries December''25'!T37-'Entries December''25'!T36<1,"0",'Entries December''25'!T37-'Entries December''25'!T36) -> 0 | M37: =IF('Entries December''25'!U37-'Entries December''25'!U36<1,"0",'Entries December''25'!U37-'Entries December''25'!U36) -> 1 | N37: =IF('Entries December''25'!X37-'Entries December''25'!X36<1,"0",'Entries December''25'!X37-'Entries December''25'!X36) -> 23 | O37: =IF('Entries December''25'!Y37-'Entries December''25'!Y36<1,"0",'Entries December''25'!Y37-'Entries December''25'!Y36) -> 103 | P37: =IF('Entries December''25'!AC37-'Entries December''25'!AC36<1,"0",'Entries December''25'!AC37-'Entries December''25'!AC36) -> 22 | Q37: =IF('Entries December''25'!Z37-'Entries December''25'!Z36<1,"0",'Entries December''25'!Z37-'Entries December''25'!Z36) -> 30 | R37: =IF(('Entries December''25'!AA37-'Entries December''25'!AA36)+('Entries December''25'!AB37-'Entries December''25'!AB36)<1,"0",('Entries December''25'!AA37-'Entries December''25'!AA36)+('Entries December''25'!AB37-'Entries December''25'!AB36)) -> 0 | S37: =(R37+G37)*10 -> -4260 | U37: =IF('Entries December''25'!AC37-'Entries December''25'!AC36<1,"0",'Entries December''25'!AC37-'Entries December''25'!AC36) -> 22 | V37: =IF('Entries December''25'!AD37-'Entries December''25'!AD36<1,"0",'Entries December''25'!AD37-'Entries December''25'!AD36) -> 0 | W37: =IF('Entries December''25'!AE37-'Entries December''25'!AE36<1,"0",'Entries December''25'!AE37-'Entries December''25'!AE36) -> 0 | X37: =IF('Entries December''25'!AI37-'Entries December''25'!AI36<1,"0",'Entries December''25'!AI37-'Entries December''25'!AI36) -> 0 | Y37: =IF('Entries December''25'!AH37-'Entries December''25'!AH36<1,"0",'Entries December''25'!AH37-'Entries December''25'!AH36) -> 0 | Z37: =C37+D37+E37 -> 315 | AA37: 430.518
A38: MTD | B38: total | C38: =SUM(C7:C37) -> 0 | D38: =SUM(D7:D37) -> 4227 | E38: =SUM(E7:E37) -> 4835 | F38: =SUM(F7:F37) -> 5707 | G38: =SUM(G7:G37) -> 3355 | H38: =SUM(H7:H37) -> 6168 | J38: =SUM(J7:J37) -> 2565 | L38: =SUM(L7:L37) -> 0 | M38: =SUM(M7:M37) -> 193 | N38: =SUM(N7:N37) -> 861 | O38: =SUM(O7:O37) -> 3179 | P38: =SUM(P7:P37) -> 604 | Q38: =SUM(Q7:Q37) -> 858 | R38: =SUM(R7:R34) -> 0 | S38: =SUM(S7:S37) -> 33550 | T38: =SUM(T7:T37) -> 4106 | U38: =SUM(U7:U37) -> 604 | V38: =SUM(V7:V37) -> 288 | Z38: =SUM(Z7:Z37) -> 9062 | AA38: =SUM(AA7:AA37) -> 9272.0823 | AB38: =IF(AA38=0,"0",(Z38*10/AA38)) -> 9.7734249 | AC38: 10.2 | AD38: =AB38/AC38*100 -> 95.817891
B40: Gals. | D40: =D38*220 -> 929940
B41: NAWASA Cost/gal | D41: 0.01581
B43: Proxy NAWASA water Cost | D43: =+D41*D40 -> 14702.351
B44: Add basic charge | D44: 278.97
D45: =SUM(D43:D44) -> 14981.321
B47: Proxy sewage charge (2/3) | D47: =+D45*2/3 -> 9987.5476
B49: Proxy MTD NAWASA cost | D49: =SUM(D47,D45) -> 24968.869

Sheet Elec.December'25
A1: DAILY ELECTRICITY CONSUMPTION FOR DECEMBER 2025
A4: DATE | B4: Grenlec | C4: In -house | D4: Solar System | E4: Total Cons. (KW-HR) | F4: Total Prod.(HL) | G4: KPI. Elect (KW-H/Hl)
B5: In-feed (Kwhr) | C5: Gen. (Kwhr) | D5: Gen. (Kwhr)
A7: 1 | B7: ='Utility Analysis December''25 '!D10 -> 6358 | C7: ='Utility Analysis December''25 '!H10 -> 0 | D7: ='Utility Analysis December''25 '!E10 -> 1096.9 | E7: =B7+C7 -> 6358 | F7: ='PROD.FIG. '!H5 -> 455.136 | G7: =IF(F7=0,"0",(E7/F7)) -> 13.969451
A8: 2 | B8: ='Utility Analysis December''25 '!D11 -> 6436 | C8: ='Utility Analysis December''25 '!H11 -> 0 | D8: ='Utility Analysis December''25 '!E11 -> 891.6 | E8: =B8+C8 -> 6436 | F8: ='PROD.FIG. '!H6 -> 211.926 | G8: =IF(F8=0,"0",(E8/F8)) -> 30.369091
A9: 3 | B9: ='Utility Analysis December''25 '!D12 -> 7560 | C9: ='Utility Analysis December''25 '!H12 -> 0 | D9: ='Utility Analysis December''25 '!E12 -> 373.6 | E9: =B9+C9 -> 7560 | F9: ='PROD.FIG. '!H7 -> 346.5 | G9: =IF(F9=0,"0",(E9/F9)) -> 21.818182
A10: 4 | B10: ='Utility Analysis December''25 '!D13 -> 8026 | C10: ='Utility Analysis December''25 '!H13 -> 0 | D10: ='Utility Analysis December''25 '!E13 -> 501.5 | E10: =B10+C10 -> 8026 | F10: ='PROD.FIG. '!H8 -> 253.836 | G10: =IF(F10=0,"0",(E10/F10)) -> 31.618841
A11: 5 | B11: ='Utility Analysis December''25 '!D14 -> 5885 | C11: ='Utility Analysis December''25 '!H14 -> 0 | D11: ='Utility Analysis December''25 '!E14 -> 1161.1 | E11: =B11+C11 -> 5885 | F11: ='PROD.FIG. '!H9 -> 262.746 | G11: =IF(F11=0,"0",(E11/F11)) -> 22.398057
A12: 6 | B12: ='Utility Analysis December''25 '!D15 -> 6825 | C12: ='Utility Analysis December''25 '!H15 -> 0 | D12: ='Utility Analysis December''25 '!E15 -> 1390.7 | E12: =B12+C12 -> 6825 | F12: ='PROD.FIG. '!H10 -> 302.676 | G12: =IF(F12=0,"0",(E12/F12)) -> 22.548864
A13: 7 | B13: ='Utility Analysis December''25 '!D16 -> 7554 | C13: ='Utility Analysis December''25 '!H16 -> 0 | D13: ='Utility Analysis December''25 '!E16 -> 808.8 | E13: =B13+C13 -> 7554 | F13: ='PROD.FIG. '!H11 -> 388.5504 | G13: =IF(F13=0,"0",(E13/F13)) -> 19.441493
A14: 8 | B14: ='Utility Analysis December''25 '!D17 -> 7330 | C14: ='Utility Analysis December''25 '!H17 -> 0 | D14: ='Utility Analysis December''25 '!E17 -> 1313.3 | E14: =B14+C14 -> 7330 | F14: ='PROD.FIG. '!H12 -> 447.8844 | G14: =IF(F14=0,"0",(E14/F14)) -> 16.36583
A15: 9 | B15: ='Utility Analysis December''25 '!D18 -> 6425 | C15: ='Utility Analysis December''25 '!H18 -> 0 | D15: ='Utility Analysis December''25 '!E18 -> 1380 | E15: =B15+C15 -> 6425 | F15: ='PROD.FIG. '!H13 -> 214.764 | G15: =IF(F15=0,"0",(E15/F15)) -> 29.91656
A16: 10 | B16: ='Utility Analysis December''25 '!D19 -> 8488 | C16: ='Utility Analysis December''25 '!H19 -> 0 | D16: ='Utility Analysis December''25 '!E19 -> 1372.1 | E16: =B16+C16 -> 8488 | F16: ='PROD.FIG. '!H14 -> 437.052 | G16: =IF(F16=0,"0",(E16/F16)) -> 19.42103
A17: 11 | B17: ='Utility Analysis December''25 '!D20 -> 6732 | C17: ='Utility Analysis December''25 '!H20 -> 0 | D17: ='Utility Analysis December''25 '!E20 -> 1466.4 | E17: =B17+C17 -> 6732 | F17: ='PROD.FIG. '!H15 -> 332.838 | G17: =IF(F17=0,"0",(E17/F17)) -> 20.226056
A18: 12 | B18: ='Utility Analysis December''25 '!D21 -> 6620 | C18: ='Utility Analysis December''25 '!H21 -> 0 | D18: ='Utility Analysis December''25 '!E21 -> 1166.2 | E18: =B18+C18 -> 6620 | F18: ='PROD.FIG. '!H16 -> 259.05 | G18: =IF(F18=0,"0",(E18/F18)) -> 25.554912
... A36: 30 | B36: ='Utility Analysis December''25 '!D39 -> 7806 | C36: ='Utility Analysis December''25 '!H39 -> 0 | D36: ='Utility Analysis December''25 '!E39 -> 1196.3 | E36: =B36+C36 -> 7806 | F36: ='PROD.FIG. '!H34 -> 513.018 | G36: =IF(F36=0,"0",(E36/F36)) -> 15.21584
A37: 31 | B37: ='Utility Analysis December''25 '!D40 -> 7082 | D37: ='Utility Analysis December''25 '!E40 -> 1307.3 | E37: =B37+C37 -> 7082 | I37: %
A38: MTD | B38: =SUM(B7:B37) -> 191578 | C38: =SUM(C7:C37) -> 0 | D38: =SUM(D7:D37) -> 35002.7 | E38: =SUM(E7:E37) -> 191578 | F38: =SUM(F7:F37) -> 8841.5643 | G38: =IF(F38=0,"0",(E38/F38)) -> 21.667885 | H38: 22 | I38: =G38/H38*100 -> 98.490387
H39: TARGET

Sheet PROD.FIG. 
A1: PRODUCTION FOR DECEMBER 2025
B3: DATE
B4: - | C4: BOTTLED (Hl) | D4: KEGS (Hl) | E4: OTHER (Filtered) | F4: Brewed | G4: Transferred | H4: TOTAL ( Hls)
A5: Monday | B5: 1 | H5: {=IF(TRANSPOSE('Daily KPIs'!B9:AF9)=0,"0",TRANSPOSE('Daily KPIs'!B9:AF9))} -> 455.136
A6: Tuesday | B6: 2 | H6: 211.926
A7: Wednesday | B7: 3 | H7: 346.5
A8: Thursday | B8: 4 | H8: 253.836
A9: Friday | B9: 5 | H9: 262.746
A10: Saturday | B10: 6 | H10: 302.676
A11: Sunday | B11: 7 | H11: 388.5504
A12: Monday | B12: 8 | H12: 447.8844
A13: Tuesday | B13: 9 | H13: 214.764
A14: Wednesday | B14: 10 | H14: 437.052
A15: Thursday | B15: 11 | H15: 332.838
A16: Friday | B16: 12 | H16: 259.05
A17: Saturday | B17: 13 | H17: 190.608
... A23: Friday | B23: 19 | H23: 479.226
A24: Saturday | B24: 20 | H24: 0
A25: Sunday | B25: 21 | H25: 0
A26: Monday | B26: 22 | H26: 542.982
A27: Tuesday | B27: 23 | H27: 451.638
A28: Wednesday | B28: 24 | H28: 292.38
A29: Thursday | B29: 25 | H29: 0
A30: Friday | B30: 26 | H30: 0
A31: Saturday | B31: 27 | H31: 0
A32: Sunday | B32: 28 | H32: 15.4275
A33: Monday | B33: 29 | H33: 373.23
A34: Tuesday | B34: 30 | H34: 513.018
A35: Wednesday | B35: 31 | H35: 430.518
G36: TOTAL | H36: =SUM(H5:H35) -> 9272.0823
C39: =SUM(C5:C36) -> 0

Sheet CO2
A3: CO2 Daily Consumption for DECEMBER 2025 | I3: TANK C
G4: FILLER | I4: TAYLOR WHARTON CALIBRATION TANK | Q4: NOT READY
A5: DATE | B5: FILLER Cons. (Kg.) | C5: BMF Cons. (Kg.) | D5: CO2 (kg.) (Ex. Vap'r Flowmeter) | E5: CO2 (kg.) (Ex. Vap'r Calculation) | F5: Total Prod.(HL) | G5: CO2 ( Kg./HL) | I5: inH2O | J5: LBS_CO2 | K5: KG_CO2 | M5: READING Today (inH2O) | Q5: DATE | R5: TANK C | T5: TANK A | U5: TANK B | V5: INPUTS MOBILE(kg) | W5: STOCK (KG) | X5: TOTAL CONSUMPTION (KG)
I6: 10 | J6: 722 | K6: =J6/2.204623 -> 327.49363 | N6: POUNDS | O6: KG | R6: READING 00:30 hrs (inH2O) | S6: QUANTITY (KG) | T6: QUANTITY (KG) | U6: QUANTITY (KG)
A7: 1 | B7: =IF('Entries December''25'!N7-'Entries December''25'!N6<1,"0",'Entries December''25'!N7-'Entries December''25'!N6) -> 564 | C7: =IF('Entries December''25'!L7-'Entries December''25'!L6<1,"0",'Entries December''25'!L7-'Entries December''25'!L6) -> 224.92 | D7: =IF('Entries December''25'!M7-'Entries December''25'!M6<1,"0",'Entries December''25'!M7-'Entries December''25'!M6) -> 2614.9 | E7: {=TRANSPOSE('Daily KPIs'!B74:AF74)} -> 3000 | F7: {=TRANSPOSE('Daily KPIs'!B9:AF9)} -> 455.136 | G7: =IF(F7=0,"0",(E7/F7)) -> 6.5914364 | I7: 20 | J7: 2857 | K7: =J7/2.204623 -> 1295.9132 | M7: 75 | N7: =O7*2.204623 -> 12436 | O7: {=IF(COUNTIF(I6:I40,M7),_xlfn.XLOOKUP(M7,I6:I40,K6:K40),_xlfn.LET(_xlpm.x, M7,_xlpm.lo, MAX(_xlfn._xlws.FILTER(I6:I40, I6:I40 <= _xlpm.x)),_xlpm.hi, MIN(_xlfn._xlws.FILTER(I6:I40, I6:I40 >= _xlpm.x)),_xlpm.ylo, INDEX(K6:K40, MATCH(_xlpm.lo, I6:I40, 0)),_xlpm.yhi, INDEX(K6:K40, MATCH(_xlpm.hi, I6:I40, 0)),_xlpm.ylo + (_xlpm.x - _xlpm.lo) * (_xlpm.yhi - _xlpm.ylo) / (_xlpm.hi - _xlpm.lo) ))} -> 5640.8737 | Q7: 45870 | R7: ='Entries December''25'!AL6 -> 0 | S7: {=IF(R7=0,0,IF(COUNTIF($I$6:$I$40,R7),_xlfn.XLOOKUP(R7,$I$6:$I$40,$K$6:$K$40),_xlfn.LET(_xlpm.x, R7,_xlpm.lo, MAX(_xlfn._xlws.FILTER($I$6:$I$40, $I$6:$I$40 <= _xlpm.x)),_xlpm.hi, MIN(_xlfn._xlws.FILTER($I$6:$I$40, $I$6:$I$40 >= _xlpm.x)),_xlpm.ylo, INDEX($K$6:$K$40, MATCH(_xlpm.lo, $I$6:$I$40, 0)),_xlpm.yhi, INDEX($K$6:$K$40, MATCH(_xlpm.hi, $I$6:$I$40, 0)),_xlpm.ylo + (_xlpm.x - _xlpm.lo) * (_xlpm.yhi - _xlpm.ylo) / (_xlpm.hi - _xlpm.lo) )))} -> 0 | T7: ='Entries December''25'!#REF! -> #REF! | U7: ='Entries December''25'!#REF! -> #REF! | V7: ='Entries December''25'!#REF!/2.204623 -> #REF! | W7: =S7+T7+U7+V7 -> #REF!
A8: 2 | B8: =IF('Entries December''25'!N8-'Entries December''25'!N7<1,"0",'Entries December''25'!N8-'Entries December''25'!N7) -> 263.06 | C8: =IF('Entries December''25'!L8-'Entries December''25'!L7<1,"0",'Entries December''25'!L8-'Entries December''25'!L7) -> 58.42 | D8: =IF('Entries December''25'!M8-'Entries December''25'!M7<1,"0",'Entries December''25'!M8-'Entries December''25'!M7) -> 1219.41 | E8: 1200 | F8: 211.926 | G8: =IF(F8=0,"0",(E8/F8)) -> 5.6623538 | I8: 30 | J8: 4344 | K8: =J8/2.204623 -> 1970.4049 | N8: 12436 | O8: =N8/2.204 -> 5642.4682 | Q8: 45871 | R8: ='Entries December''25'!AL7 -> 0 | S8: {=IF(R8=0,0,IF(COUNTIF($I$6:$I$40,R8),_xlfn.XLOOKUP(R8,$I$6:$I$40,$K$6:$K$40),_xlfn.LET(_xlpm.x, R8,_xlpm.lo, MAX(_xlfn._xlws.FILTER($I$6:$I$40, $I$6:$I$40 <= _xlpm.x)),_xlpm.hi, MIN(_xlfn._xlws.FILTER($I$6:$I$40, $I$6:$I$40 >= _xlpm.x)),_xlpm.ylo, INDEX($K$6:$K$40, MATCH(_xlpm.lo, $I$6:$I$40, 0)),_xlpm.yhi, INDEX($K$6:$K$40, MATCH(_xlpm.hi, $I$6:$I$40, 0)),_xlpm.ylo + (_xlpm.x - _xlpm.lo) * (_xlpm.yhi - _xlpm.ylo) / (_xlpm.hi - _xlpm.lo) )))} -> 0 | T8: ='Entries December''25'!AM6 -> 0 | U8: ='Entries December''25'!AN6 -> 0 | V8: ='Entries December''25'!AO6/2.204623 -> 0 | W8: =S8+T8+U8+V8 -> 0 | X8: =IF(W9-W8<0,W8-W9,W9-W8) -> 0
A9: 3 | B9: =IF('Entries December''25'!N9-'Entries December''25'!N8<1,"0",'Entries December''25'!N9-'Entries December''25'!N8) -> 372.5 | C9: =IF('Entries December''25'!L9-'Entries December''25'!L8<1,"0",'Entries December''25'!L9-'Entries December''25'!L8) -> 59.51 | D9: =IF('Entries December''25'!M9-'Entries December''25'!M8<1,"0",'Entries December''25'!M9-'Entries December''25'!M8) -> 2153.86 | E9: 1700 | F9: 346.5 | G9: =IF(F9=0,"0",(E9/F9)) -> 4.9062049 | I9: 40 | J9: 6143 | K9: =J9/2.204623 -> 2786.4175 | O9: =O8/2150 -> 2.6244038 | Q9: 45872 | R9: ='Entries December''25'!AL8 -> 0 | S9: {=IF(R9=0,0,IF(COUNTIF($I$6:$I$40,R9),_xlfn.XLOOKUP(R9,$I$6:$I$40,$K$6:$K$40),_xlfn.LET(_xlpm.x, R9,_xlpm.lo, MAX(_xlfn._xlws.FILTER($I$6:$I$40, $I$6:$I$40 <= _xlpm.x)),_xlpm.hi, MIN(_xlfn._xlws.FILTER($I$6:$I$40, $I$6:$I$40 >= _xlpm.x)),_xlpm.ylo, INDEX($K$6:$K$40, MATCH(_xlpm.lo, $I$6:$I$40, 0)),_xlpm.yhi, INDEX($K$6:$K$40, MATCH(_xlpm.hi, $I$6:$I$40, 0)),_xlpm.ylo + (_xlpm.x - _xlpm.lo) * (_xlpm.yhi - _xlpm.ylo) / (_xlpm.hi - _xlpm.lo) )))} -> 0 | T9: ='Entries December''25'!AM7 -> 0 | U9: ='Entries December''25'!AN7 -> 0 | V9: ='Entries December''25'!AO7/2.204623 -> 0 | W9: =S9+T9+U9+V9 -> 0 | X9: =IF(W10-W9<0,W9-W10,W10-W9) -> 0
A10: 4 | B10: =IF('Entries December''25'!N10-'Entries December''25'!N9<1,"0",'Entries December''25'!N10-'Entries December''25'!N9) -> 296.88 | C10: =IF('Entries December''25'!L10-'Entries December''25'!L9<1,"0",'Entries December''25'!L10-'Entries December''25'!L9) -> 91.75 | D10: =IF('Entries December''25'!M10-'Entries December''25'!M9<1,"0",'Entries December''25'!M10-'Entries December''25'!M9) -> 1696.69 | E10: 1600 | F10: 253.836 | G10: =IF(F10=0,"0",(E10/F10)) -> 6.3032824 | I10: 50 | J10: 7941 | K10: =J10/2.204623 -> 3601.9764 | Q10: 45873 | R10: ='Entries December''25'!AL9 -> 0 | S10: {=IF(R10=0,0,IF(COUNTIF($I$6:$I$40,R10),_xlfn.XLOOKUP(R10,$I$6:$I$40,$K$6:$K$40),_xlfn.LET(_xlpm.x, R10,_xlpm.lo, MAX(_xlfn._xlws.FILTER($I$6:$I$40, $I$6:$I$40 <= _xlpm.x)),_xlpm.hi, MIN(_xlfn._xlws.FILTER($I$6:$I$40, $I$6:$I$40 >= _xlpm.x)),_xlpm.ylo, INDEX($K$6:$K$40, MATCH(_xlpm.lo, $I$6:$I$40, 0)),_xlpm.yhi, INDEX($K$6:$K$40, MATCH(_xlpm.hi, $I$6:$I$40, 0)),_xlpm.ylo + (_xlpm.x - _xlpm.lo) * (_xlpm.yhi - _xlpm.ylo) / (_xlpm.hi - _xlpm.lo) )))} -> 0 | T10: ='Entries December''25'!AM8 -> 0 | U10: ='Entries December''25'!AN8 -> 0 | V10: ='Entries December''25'!AO8/2.204623 -> 0 | W10: =S10+T10+U10+V10 -> 0 | X10: =IF(W11-W10<0,W10-W11,W11-W10) -> 0
A11: 5 | B11: =IF('Entries December''25'!N11-'Entries December''25'!N10<1,"0",'Entries December''25'!N11-'Entries December''25'!N10) -> 301 | C11: =IF('Entries December''25'!L11-'Entries December''25'!L10<1,"0",'Entries December''25'!L11-'Entries December''25'!L10) -> 246.33 | D11: =IF('Entries December''25'!M11-'Entries December''25'!M10<1,"0",'Entries December''25'!M11-'Entries December''25'!M10) -> 1737.17 | E11: 1600 | F11: 262.746 | G11: =IF(F11=0,"0",(E11/F11)) -> 6.0895313 | I11: 60 | J11: 9739 | K11: =J11/2.204623 -> 4417.5353 | Q11: 45874 | R11: ='Entries December''25'!AL10 -> 0 | S11: {=IF(R11=0,0,IF(COUNTIF($I$6:$I$40,R11),_xlfn.XLOOKUP(R11,$I$6:$I$40,$K$6:$K$40),_xlfn.LET(_xlpm.x, R11,_xlpm.lo, MAX(_xlfn._xlws.FILTER($I$6:$I$40, $I$6:$I$40 <= _xlpm.x)),_xlpm.hi, MIN(_xlfn._xlws.FILTER($I$6:$I$40, $I$6:$I$40 >= _xlpm.x)),_xlpm.ylo, INDEX($K$6:$K$40, MATCH(_xlpm.lo, $I$6:$I$40, 0)),_xlpm.yhi, INDEX($K$6:$K$40, MATCH(_xlpm.hi, $I$6:$I$40, 0)),_xlpm.ylo + (_xlpm.x - _xlpm.lo) * (_xlpm.yhi - _xlpm.ylo) / (_xlpm.hi - _xlpm.lo) )))} -> 0 | T11: ='Entries December''25'!AM9 -> 0 | U11: ='Entries December''25'!AN9 -> 0 | V11: ='Entries December''25'!AO9/2.204623 -> 0 | W11: =S11+T11+U11+V11 -> 0 | X11: =IF(W12-W11<0,W11-W12,W12-W11) -> 0
A12: 6 | B12: =IF('Entries December''25'!N12-'Entries December''25'!N11<1,"0",'Entries December''25'!N12-'Entries December''25'!N11) -> 325.04 | C12: =IF('Entries December''25'!L12-'Entries December''25'!L11<1,"0",'Entries December''25'!L12-'Entries December''25'!L11) -> 239.68 | D12: =IF('Entries December''25'!M12-'Entries December''25'!M11<1,"0",'Entries December''25'!M12-'Entries December''25'!M11) -> 1770.56 | E12: 800 | F12: 302.676 | G12: =IF(F12=0,"0",(E12/F12)) -> 2.6430903 | I12: 70 | J12: 11537 | K12: =J12/2.204623 -> 5233.0943 | Q12: 45875 | R12: ='Entries December''25'!AL11 -> 0 | S12: {=IF(R12=0,0,IF(COUNTIF($I$6:$I$40,R12),_xlfn.XLOOKUP(R12,$I$6:$I$40,$K$6:$K$40),_xlfn.LET(_xlpm.x, R12,_xlpm.lo, MAX(_xlfn._xlws.FILTER($I$6:$I$40, $I$6:$I$40 <= _xlpm.x)),_xlpm.hi, MIN(_xlfn._xlws.FILTER($I$6:$I$40, $I$6:$I$40 >= _xlpm.x)),_xlpm.ylo, INDEX($K$6:$K$40, MATCH(_xlpm.lo, $I$6:$I$40, 0)),_xlpm.yhi, INDEX($K$6:$K$40, MATCH(_xlpm.hi, $I$6:$I$40, 0)),_xlpm.ylo + (_xlpm.x - _xlpm.lo) * (_xlpm.yhi - _xlpm.ylo) / (_xlpm.hi - _xlpm.lo) )))} -> 0 | T12: ='Entries December''25'!AM10 -> 0 | U12: ='Entries December''25'!AN10 -> 0 | V12: ='Entries December''25'!AO10/2.204623 -> 0 | W12: =S12+T12+U12+V12 -> 0 | X12: =IF(W13-W12<0,W12-W13,W13-W12) -> 0
A13: 7 | B13: =IF('Entries December''25'!N13-'Entries December''25'!N12<1,"0",'Entries December''25'!N13-'Entries December''25'!N12) -> 363.57 | C13: =IF('Entries December''25'!L13-'Entries December''25'!L12<1,"0",'Entries December''25'!L13-'Entries December''25'!L12) -> 184.36 | D13: =IF('Entries December''25'!M13-'Entries December''25'!M12<1,"0",'Entries December''25'!M13-'Entries December''25'!M12) -> 2328.91 | E13: 2900 | F13: 388.5504 | G13: =IF(F13=0,"0",(E13/F13)) -> 7.4636392 | I13: 80 | J13: 13335 | K13: =J13/2.204623 -> 6048.6532 | Q13: 45876 | R13: ='Entries December''25'!AL12 -> 0 | S13: {=IF(R13=0,0,IF(COUNTIF($I$6:$I$40,R13),_xlfn.XLOOKUP(R13,$I$6:$I$40,$K$6:$K$40),_xlfn.LET(_xlpm.x, R13,_xlpm.lo, MAX(_xlfn._xlws.FILTER($I$6:$I$40, $I$6:$I$40 <= _xlpm.x)),_xlpm.hi, MIN(_xlfn._xlws.FILTER($I$6:$I$40, $I$6:$I$40 >= _xlpm.x)),_xlpm.ylo, INDEX($K$6:$K$40, MATCH(_xlpm.lo, $I$6:$I$40, 0)),_xlpm.yhi, INDEX($K$6:$K$40, MATCH(_xlpm.hi, $I$6:$I$40, 0)),_xlpm.ylo + (_xlpm.x - _xlpm.lo) * (_xlpm.yhi - _xlpm.ylo) / (_xlpm.hi - _xlpm.lo) )))} -> 0 | T13: ='Entries December''25'!AM11 -> 0 | U13: ='Entries December''25'!AN11 -> 0 | V13: ='Entries December''25'!AO11/2.204623 -> 0 | W13: =S13+T13+U13+V13 -> 0
A14: 8 | B14: =IF('Entries December''25'!N14-'Entries December''25'!N13<1,"0",'Entries December''25'!N14-'Entries December''25'!N13) -> 477.31 | C14: =IF('Entries December''25'!L14-'Entries December''25'!L13<1,"0",'Entries December''25'!L14-'Entries December''25'!L13) -> 183.53 | D14: =IF('Entries December''25'!M14-'Entries December''25'!M13<1,"0",'Entries December''25'!M14-'Entries December''25'!M13) -> 2505.95 | E14: 2000 | F14: 447.8844 | G14: =IF(F14=0,"0",(E14/F14)) -> 4.465438 | I14: 90 | J14: 15134 | K14: =J14/2.204623 -> 6864.6658 | Q14: 45877 | R14: ='Entries December''25'!AL13 -> 0 | S14: {=IF(R14=0,0,IF(COUNTIF($I$6:$I$40,R14),_xlfn.XLOOKUP(R14,$I$6:$I$40,$K$6:$K$40),_xlfn.LET(_xlpm.x, R14,_xlpm.lo, MAX(_xlfn._xlws.FILTER($I$6:$I$40, $I$6:$I$40 <= _xlpm.x)),_xlpm.hi, MIN(_xlfn._xlws.FILTER($I$6:$I$40, $I$6:$I$40 >= _xlpm.x)),_xlpm.ylo, INDEX($K$6:$K$40, MATCH(_xlpm.lo, $I$6:$I$40, 0)),_xlpm.yhi, INDEX($K$6:$K$40, MATCH(_xlpm.hi, $I$6:$I$40, 0)),_xlpm.ylo + (_xlpm.x - _xlpm.lo) * (_xlpm.yhi - _xlpm.ylo) / (_xlpm.hi - _xlpm.lo) )))} -> 0 | T14: ='Entries December''25'!AM12 -> 0 | U14: ='Entries December''25'!AN12 -> 0 | V14: ='Entries December''25'!AO12/2.204623 -> 0 | W14: =S14+T14+U14+V14 -> 0 | X14: =W14-S15 -> 0
A15: 9 | B15: =IF('Entries December''25'!N15-'Entries December''25'!N14<1,"0",'Entries December''25'!N15-'Entries December''25'!N14) -> 267.95 | C15: =IF('Entries December''25'!L15-'Entries December''25'!L14<1,"0",'Entries December''25'!L15-'Entries December''25'!L14) -> 132.7 | D15: =IF('Entries December''25'!M15-'Entries December''25'!M14<1,"0",'Entries December''25'!M15-'Entries December''25'!M14) -> 1557.41 | E15: 900 | F15: 214.764 | G15: =IF(F15=0,"0",(E15/F15)) -> 4.1906465 | I15: 100 | J15: 16932 | K15: =J15/2.204623 -> 7680.2247 | Q15: 45878 | R15: ='Entries December''25'!AL14 -> 0 | S15: {=IF(R15=0,0,IF(COUNTIF($I$6:$I$40,R15),_xlfn.XLOOKUP(R15,$I$6:$I$40,$K$6:$K$40),_xlfn.LET(_xlpm.x, R15,_xlpm.lo, MAX(_xlfn._xlws.FILTER($I$6:$I$40, $I$6:$I$40 <= _xlpm.x)),_xlpm.hi, MIN(_xlfn._xlws.FILTER($I$6:$I$40, $I$6:$I$40 >= _xlpm.x)),_xlpm.ylo, INDEX($K$6:$K$40, MATCH(_xlpm.lo, $I$6:$I$40, 0)),_xlpm.yhi, INDEX($K$6:$K$40, MATCH(_xlpm.hi, $I$6:$I$40, 0)),_xlpm.ylo + (_xlpm.x - _xlpm.lo) * (_xlpm.yhi - _xlpm.ylo) / (_xlpm.hi - _xlpm.lo) )))} -> 0 | T15: ='Entries December''25'!AM13 -> 0 | U15: ='Entries December''25'!AN13 -> 0 | V15: ='Entries December''25'!AO13/2.204623 -> 0 | W15: =S15+T15+U15+V15 -> 0
A16: 10 | B16: =IF('Entries December''25'!N16-'Entries December''25'!N15<1,"0",'Entries December''25'!N16-'Entries December''25'!N15) -> 475.1 | C16: =IF('Entries December''25'!L16-'Entries December''25'!L15<1,"0",'Entries December''25'!L16-'Entries December''25'!L15) -> 70.77 | D16: =IF('Entries December''25'!M16-'Entries December''25'!M15<1,"0",'Entries December''25'!M16-'Entries December''25'!M15) -> 3318.54 | E16: 4800 | F16: 437.052 | G16: =IF(F16=0,"0",(E16/F16)) -> 10.982675 | I16: 110 | J16: 18730 | K16: =J16/2.204623 -> 8495.7836 | Q16: 45879 | R16: ='Entries December''25'!AL15 -> 0 | S16: {=IF(R16=0,0,IF(COUNTIF($I$6:$I$40,R16),_xlfn.XLOOKUP(R16,$I$6:$I$40,$K$6:$K$40),_xlfn.LET(_xlpm.x, R16,_xlpm.lo, MAX(_xlfn._xlws.FILTER($I$6:$I$40, $I$6:$I$40 <= _xlpm.x)),_xlpm.hi, MIN(_xlfn._xlws.FILTER($I$6:$I$40, $I$6:$I$40 >= _xlpm.x)),_xlpm.ylo, INDEX($K$6:$K$40, MATCH(_xlpm.lo, $I$6:$I$40, 0)),_xlpm.yhi, INDEX($K$6:$K$40, MATCH(_xlpm.hi, $I$6:$I$40, 0)),_xlpm.ylo + (_xlpm.x - _xlpm.lo) * (_xlpm.yhi - _xlpm.ylo) / (_xlpm.hi - _xlpm.lo) )))} -> 0 | T16: ='Entries December''25'!AM14 -> 0 | U16: ='Entries December''25'!AN14 -> 0 | V16: ='Entries December''25'!AO14/2.204623 -> 0 | W16: =S16+T16+U16+V16 -> 0 | X16: =IF(W17-W16<0,W16-W17,W17-W16) -> 0
A17: 11 | B17: =IF('Entries December''25'!N17-'Entries December''25'!N16<1,"0",'Entries December''25'!N17-'Entries December''25'!N16) -> 324.79 | C17: =IF('Entries December''25'!L17-'Entries December''25'!L16<1,"0",'Entries December''25'!L17-'Entries December''25'!L16) -> 210.75 | D17: =IF('Entries December''25'!M17-'Entries December''25'!M16<1,"0",'Entries December''25'!M17-'Entries December''25'!M16) -> 2430.11 | E17: 2000 | F17: 332.838 | G17: =IF(F17=0,"0",(E17/F17)) -> 6.0089293 | I17: 120 | J17: 20528 | K17: =J17/2.204623 -> 9311.3426 | Q17: 45880 | R17: ='Entries December''25'!AL16 -> 0 | S17: {=IF(R17=0,0,IF(COUNTIF($I$6:$I$40,R17),_xlfn.XLOOKUP(R17,$I$6:$I$40,$K$6:$K$40),_xlfn.LET(_xlpm.x, R17,_xlpm.lo, MAX(_xlfn._xlws.FILTER($I$6:$I$40, $I$6:$I$40 <= _xlpm.x)),_xlpm.hi, MIN(_xlfn._xlws.FILTER($I$6:$I$40, $I$6:$I$40 >= _xlpm.x)),_xlpm.ylo, INDEX($K$6:$K$40, MATCH(_xlpm.lo, $I$6:$I$40, 0)),_xlpm.yhi, INDEX($K$6:$K$40, MATCH(_xlpm.hi, $I$6:$I$40, 0)),_xlpm.ylo + (_xlpm.x - _xlpm.lo) * (_xlpm.yhi - _xlpm.ylo) / (_xlpm.hi - _xlpm.lo) )))} -> 0 | T17: ='Entries December''25'!AM15 -> 0 | U17: ='Entries December''25'!AN15 -> 0 | V17: ='Entries December''25'!AO15/2.204623 -> 0 | W17: =S17+T17+U17+V17 -> 0 | X17: =IF(W18-W17<0,W17-W18,W18-W17) -> 0
A18: 12 | B18: =IF('Entries December''25'!N18-'Entries December''25'!N17<1,"0",'Entries December''25'!N18-'Entries December''25'!N17) -> 328.51 | C18: =IF('Entries December''25'!L18-'Entries December''25'!L17<1,"0",'Entries December''25'!L18-'Entries December''25'!L17) -> 222.57 | D18: =IF('Entries December''25'!M18-'Entries December''25'!M17<1,"0",'Entries December''25'!M18-'Entries December''25'!M17) -> 2265.57 | E18: 1600 | F18: 259.05 | G18: =IF(F18=0,"0",(E18/F18)) -> 6.1764138 | I18: 130 | J18: 22326 | K18: =J18/2.204623 -> 10126.902 | Q18: 45881 | R18: ='Entries December''25'!AL17 -> 0 | S18: {=IF(R18=0,0,IF(COUNTIF($I$6:$I$40,R18),_xlfn.XLOOKUP(R18,$I$6:$I$40,$K$6:$K$40),_xlfn.LET(_xlpm.x, R18,_xlpm.lo, MAX(_xlfn._xlws.FILTER($I$6:$I$40, $I$6:$I$40 <= _xlpm.x)),_xlpm.hi, MIN(_xlfn._xlws.FILTER($I$6:$I$40, $I$6:$I$40 >= _xlpm.x)),_xlpm.ylo, INDEX($K$6:$K$40, MATCH(_xlpm.lo, $I$6:$I$40, 0)),_xlpm.yhi, INDEX($K$6:$K$40, MATCH(_xlpm.hi, $I$6:$I$40, 0)),_xlpm.ylo + (_xlpm.x - _xlpm.lo) * (_xlpm.yhi - _xlpm.ylo) / (_xlpm.hi - _xlpm.lo) )))} -> 0 | T18: ='Entries December''25'!AM16 -> 0 | U18: ='Entries December''25'!AN16 -> 0 | V18: ='Entries December''25'!AO16/2.204623 -> 0 | W18: =S18+T18+U18+V18 -> 0 | X18: =IF(W19-W18<0,W18-W19,W19-W18) -> 0
A19: 13 | B19: =IF('Entries December''25'!N19-'Entries December''25'!N18<1,"0",'Entries December''25'!N19-'Entries December''25'!N18) -> 238.54 | C19: =IF('Entries December''25'!L19-'Entries December''25'!L18<1,"0",'Entries December''25'!L19-'Entries December''25'!L18) -> 0 | D19: =IF('Entries December''25'!M19-'Entries December''25'!M18<1,"0",'Entries December''25'!M19-'Entries December''25'!M18) -> 955.03 | E19: 200 | F19: 190.608 | G19: =IF(F19=0,"0",(E19/F19)) -> 1.0492739 | I19: 140 | J19: 24125 | K19: =J19/2.204623 -> 10942.914 | Q19: 45882 | R19: ='Entries December''25'!AL18 -> 0 | S19: {=IF(R19=0,0,IF(COUNTIF($I$6:$I$40,R19),_xlfn.XLOOKUP(R19,$I$6:$I$40,$K$6:$K$40),_xlfn.LET(_xlpm.x, R19,_xlpm.lo, MAX(_xlfn._xlws.FILTER($I$6:$I$40, $I$6:$I$40 <= _xlpm.x)),_xlpm.hi, MIN(_xlfn._xlws.FILTER($I$6:$I$40, $I$6:$I$40 >= _xlpm.x)),_xlpm.ylo, INDEX($K$6:$K$40, MATCH(_xlpm.lo, $I$6:$I$40, 0)),_xlpm.yhi, INDEX($K$6:$K$40, MATCH(_xlpm.hi, $I$6:$I$40, 0)),_xlpm.ylo + (_xlpm.x - _xlpm.lo) * (_xlpm.yhi - _xlpm.ylo) / (_xlpm.hi - _xlpm.lo) )))} -> 0 | T19: ='Entries December''25'!AM17 -> 0 | U19: ='Entries December''25'!AN17 -> 0 | V19: ='Entries December''25'!AO17/2.204623 -> 0 | W19: =S19+T19+U19+V19 -> 0 | X19: =IF(W20-W19<0,W19-W20,W20-W19) -> 0
A20: 14 | B20: =IF('Entries December''25'!N20-'Entries December''25'!N19<1,"0",'Entries December''25'!N20-'Entries December''25'!N19) -> 377.1 | C20: =IF('Entries December''25'!L20-'Entries December''25'!L19<1,"0",'Entries December''25'!L20-'Entries December''25'!L19) -> 305.8 | D20: =IF('Entries December''25'!M20-'Entries December''25'!M19<1,"0",'Entries December''25'!M20-'Entries December''25'!M19) -> 2492.96 | E20: 2300 | F20: 389.154 | G20: =IF(F20=0,"0",(E20/F20)) -> 5.9102566 | I20: 150 | J20: 25923 | K20: =J20/2.204623 -> 11758.473 | Q20: 45883 | R20: ='Entries December''25'!AL19 -> 0 | S20: {=IF(R20=0,0,IF(COUNTIF($I$6:$I$40,R20),_xlfn.XLOOKUP(R20,$I$6:$I$40,$K$6:$K$40),_xlfn.LET(_xlpm.x, R20,_xlpm.lo, MAX(_xlfn._xlws.FILTER($I$6:$I$40, $I$6:$I$40 <= _xlpm.x)),_xlpm.hi, MIN(_xlfn._xlws.FILTER($I$6:$I$40, $I$6:$I$40 >= _xlpm.x)),_xlpm.ylo, INDEX($K$6:$K$40, MATCH(_xlpm.lo, $I$6:$I$40, 0)),_xlpm.yhi, INDEX($K$6:$K$40, MATCH(_xlpm.hi, $I$6:$I$40, 0)),_xlpm.ylo + (_xlpm.x - _xlpm.lo) * (_xlpm.yhi - _xlpm.ylo) / (_xlpm.hi - _xlpm.lo) )))} -> 0 | T20: ='Entries December''25'!AM18 -> 0 | U20: ='Entries December''25'!AN18 -> 0 | V20: ='Entries December''25'!AO18/2.204623 -> 0 | W20: =S20+T20+U20+V20 -> 0 | X20: =IF(W21-W20<0,W20-W21,W21-W20) -> 0
A21: 15 | B21: =IF('Entries December''25'!N21-'Entries December''25'!N20<1,"0",'Entries December''25'!N21-'Entries December''25'!N20) -> 516.99 | C21: =IF('Entries December''25'!L21-'Entries December''25'!L20<1,"0",'Entries December''25'!L21-'Entries December''25'!L20) -> 183.08 | D21: =IF('Entries December''25'!M21-'Entries December''25'!M20<1,"0",'Entries December''25'!M21-'Entries December''25'!M20) -> 2751.48 | E21: 2500 | F21: 369.456 | G21: =IF(F21=0,"0",(E21/F21)) -> 6.7667056 | I21: 160 | J21: 27721 | K21: =J21/2.204623 -> 12574.032 | Q21: 45884 | R21: ='Entries December''25'!AL20 -> 0 | S21: {=IF(R21=0,0,IF(COUNTIF($I$6:$I$40,R21),_xlfn.XLOOKUP(R21,$I$6:$I$40,$K$6:$K$40),_xlfn.LET(_xlpm.x, R21,_xlpm.lo, MAX(_xlfn._xlws.FILTER($I$6:$I$40, $I$6:$I$40 <= _xlpm.x)),_xlpm.hi, MIN(_xlfn._xlws.FILTER($I$6:$I$40, $I$6:$I$40 >= _xlpm.x)),_xlpm.ylo, INDEX($K$6:$K$40, MATCH(_xlpm.lo, $I$6:$I$40, 0)),_xlpm.yhi, INDEX($K$6:$K$40, MATCH(_xlpm.hi, $I$6:$I$40, 0)),_xlpm.ylo + (_xlpm.x - _xlpm.lo) * (_xlpm.yhi - _xlpm.ylo) / (_xlpm.hi - _xlpm.lo) )))} -> 0 | T21: ='Entries December''25'!AM19 -> 0 | U21: ='Entries December''25'!AN19 -> 0 | V21: ='Entries December''25'!AO19/2.204623 -> 0 | W21: =S21+T21+U21+V21 -> 0 | X21: =IF(W22-W21<0,W21-W22,W22-W21) -> 0
A22: 16 | B22: =IF('Entries December''25'!N22-'Entries December''25'!N21<1,"0",'Entries December''25'!N22-'Entries December''25'!N21) -> 411.05 | C22: =IF('Entries December''25'!L22-'Entries December''25'!L21<1,"0",'Entries December''25'!L22-'Entries December''25'!L21) -> 137.95 | D22: =IF('Entries December''25'!M22-'Entries December''25'!M21<1,"0",'Entries December''25'!M22-'Entries December''25'!M21) -> 2426.85 | E22: 2400 | F22: 362.802 | G22: =IF(F22=0,"0",(E22/F22)) -> 6.6151785 | I22: 170 | J22: 29519 | K22: =J22/2.204623 -> 13389.591 | Q22: 45885 | R22: ='Entries December''25'!AL21 -> 0 | S22: {=IF(R22=0,0,IF(COUNTIF($I$6:$I$40,R22),_xlfn.XLOOKUP(R22,$I$6:$I$40,$K$6:$K$40),_xlfn.LET(_xlpm.x, R22,_xlpm.lo, MAX(_xlfn._xlws.FILTER($I$6:$I$40, $I$6:$I$40 <= _xlpm.x)),_xlpm.hi, MIN(_xlfn._xlws.FILTER($I$6:$I$40, $I$6:$I$40 >= _xlpm.x)),_xlpm.ylo, INDEX($K$6:$K$40, MATCH(_xlpm.lo, $I$6:$I$40, 0)),_xlpm.yhi, INDEX($K$6:$K$40, MATCH(_xlpm.hi, $I$6:$I$40, 0)),_xlpm.ylo + (_xlpm.x - _xlpm.lo) * (_xlpm.yhi - _xlpm.ylo) / (_xlpm.hi - _xlpm.lo) )))} -> 0 | T22: ='Entries December''25'!AM20 -> 0 | U22: ='Entries December''25'!AN20 -> 0 | V22: ='Entries December''25'!AO20/2.204623 -> 0 | W22: =S22+T22+U22+V22 -> 0 | X22: =IF(W23-W22<0,W22-W23,W23-W22) -> 0
A23: 17 | B23: =IF('Entries December''25'!N23-'Entries December''25'!N22<1,"0",'Entries December''25'!N23-'Entries December''25'!N22) -> 421 | C23: =IF('Entries December''25'!L23-'Entries December''25'!L22<1,"0",'Entries December''25'!L23-'Entries December''25'!L22) -> 114.06 | D23: =IF('Entries December''25'!M23-'Entries December''25'!M22<1,"0",'Entries December''25'!M23-'Entries December''25'!M22) -> 2601.74 | E23: 2500 | F23: 489.06 | G23: =IF(F23=0,"0",(E23/F23)) -> 5.1118472 | I23: 180 | J23: 31317 | K23: =J23/2.204623 -> 14205.15 | Q23: 45886 | R23: ='Entries December''25'!AL22 -> 0 | S23: {=IF(R23=0,0,IF(COUNTIF($I$6:$I$40,R23),_xlfn.XLOOKUP(R23,$I$6:$I$40,$K$6:$K$40),_xlfn.LET(_xlpm.x, R23,_xlpm.lo, MAX(_xlfn._xlws.FILTER($I$6:$I$40, $I$6:$I$40 <= _xlpm.x)),_xlpm.hi, MIN(_xlfn._xlws.FILTER($I$6:$I$40, $I$6:$I$40 >= _xlpm.x)),_xlpm.ylo, INDEX($K$6:$K$40, MATCH(_xlpm.lo, $I$6:$I$40, 0)),_xlpm.yhi, INDEX($K$6:$K$40, MATCH(_xlpm.hi, $I$6:$I$40, 0)),_xlpm.ylo + (_xlpm.x - _xlpm.lo) * (_xlpm.yhi - _xlpm.ylo) / (_xlpm.hi - _xlpm.lo) )))} -> 0 | T23: ='Entries December''25'!AM21 -> 0 | U23: ='Entries December''25'!AN21 -> 0 | V23: ='Entries December''25'!AO21/2.204623 -> 0 | W23: =S23+T23+U23+V23 -> 0 | X23: =IF(W24-W23<0,W23-W24,W24-W23) -> 0
A24: 18 | B24: =IF('Entries December''25'!N24-'Entries December''25'!N23<1,"0",'Entries December''25'!N24-'Entries December''25'!N23) -> 410.64 | C24: =IF('Entries December''25'!L24-'Entries December''25'!L23<1,"0",'Entries December''25'!L24-'Entries December''25'!L23) -> 221.26 | D24: =IF('Entries December''25'!M24-'Entries December''25'!M23<1,"0",'Entries December''25'!M24-'Entries December''25'!M23) -> 2593.84 | E24: 2500 | F24: 459.624 | G24: =IF(F24=0,"0",(E24/F24)) -> 5.4392286 | I24: 190 | J24: 33116 | K24: =J24/2.204623 -> 15021.162 | Q24: 45887 | R24: ='Entries December''25'!AL23 -> 0 | S24: {=IF(R24=0,0,IF(COUNTIF($I$6:$I$40,R24),_xlfn.XLOOKUP(R24,$I$6:$I$40,$K$6:$K$40),_xlfn.LET(_xlpm.x, R24,_xlpm.lo, MAX(_xlfn._xlws.FILTER($I$6:$I$40, $I$6:$I$40 <= _xlpm.x)),_xlpm.hi, MIN(_xlfn._xlws.FILTER($I$6:$I$40, $I$6:$I$40 >= _xlpm.x)),_xlpm.ylo, INDEX($K$6:$K$40, MATCH(_xlpm.lo, $I$6:$I$40, 0)),_xlpm.yhi, INDEX($K$6:$K$40, MATCH(_xlpm.hi, $I$6:$I$40, 0)),_xlpm.ylo + (_xlpm.x - _xlpm.lo) * (_xlpm.yhi - _xlpm.ylo) / (_xlpm.hi - _xlpm.lo) )))} -> 0 | T24: ='Entries December''25'!AM22 -> 0 | U24: ='Entries December''25'!AN22 -> 0 | V24: ='Entries December''25'!AO22/2.204623 -> 0 | W24: =S24+T24+U24+V24 -> 0 | X24: =IF(W25-W24<0,W24-W25,W25-W24) -> 0
A25: 19 | B25: =IF('Entries December''25'!N25-'Entries December''25'!N24<1,"0",'Entries December''25'!N25-'Entries December''25'!N24) -> 402.49 | C25: =IF('Entries December''25'!L25-'Entries December''25'!L24<1,"0",'Entries December''25'!L25-'Entries December''25'!L24) -> 301.59 | D25: =IF('Entries December''25'!M25-'Entries December''25'!M24<1,"0",'Entries December''25'!M25-'Entries December''25'!M24) -> 2531.33 | E25: 2400 | F25: 479.226 | G25: =IF(F25=0,"0",(E25/F25)) -> 5.0080755 | I25: 200 | J25: 34914 | K25: =J25/2.204623 -> 15836.721 | Q25: 45888 | R25: ='Entries December''25'!AL24 -> 0 | S25: {=IF(R25=0,0,IF(COUNTIF($I$6:$I$40,R25),_xlfn.XLOOKUP(R25,$I$6:$I$40,$K$6:$K$40),_xlfn.LET(_xlpm.x, R25,_xlpm.lo, MAX(_xlfn._xlws.FILTER($I$6:$I$40, $I$6:$I$40 <= _xlpm.x)),_xlpm.hi, MIN(_xlfn._xlws.FILTER($I$6:$I$40, $I$6:$I$40 >= _xlpm.x)),_xlpm.ylo, INDEX($K$6:$K$40, MATCH(_xlpm.lo, $I$6:$I$40, 0)),_xlpm.yhi, INDEX($K$6:$K$40, MATCH(_xlpm.hi, $I$6:$I$40, 0)),_xlpm.ylo + (_xlpm.x - _xlpm.lo) * (_xlpm.yhi - _xlpm.ylo) / (_xlpm.hi - _xlpm.lo) )))} -> 0 | T25: ='Entries December''25'!AM23 -> 0 | U25: ='Entries December''25'!AN23 -> 0 | V25: ='Entries December''25'!AO23/2.204623 -> 0 | W25: =S25+T25+U25+V25 -> 0 | X25: =IF(W26-W25<0,W25-W26,W26-W25) -> 0
A26: 20 | B26: =IF('Entries December''25'!N26-'Entries December''25'!N25<1,"0",'Entries December''25'!N26-'Entries December''25'!N25) -> 0 | C26: =IF('Entries December''25'!L26-'Entries December''25'!L25<1,"0",'Entries December''25'!L26-'Entries December''25'!L25) -> 0 | D26: =IF('Entries December''25'!M26-'Entries December''25'!M25<1,"0",'Entries December''25'!M26-'Entries December''25'!M25) -> 0 | E26: 0 | F26: 0 | G26: =IF(F26=0,"0",(E26/F26)) -> 0 | I26: 210 | J26: 36712 | K26: =J26/2.204623 -> 16652.28 | Q26: 45889 | R26: ='Entries December''25'!AL25 -> 0 | S26: {=IF(R26=0,0,IF(COUNTIF($I$6:$I$40,R26),_xlfn.XLOOKUP(R26,$I$6:$I$40,$K$6:$K$40),_xlfn.LET(_xlpm.x, R26,_xlpm.lo, MAX(_xlfn._xlws.FILTER($I$6:$I$40, $I$6:$I$40 <= _xlpm.x)),_xlpm.hi, MIN(_xlfn._xlws.FILTER($I$6:$I$40, $I$6:$I$40 >= _xlpm.x)),_xlpm.ylo, INDEX($K$6:$K$40, MATCH(_xlpm.lo, $I$6:$I$40, 0)),_xlpm.yhi, INDEX($K$6:$K$40, MATCH(_xlpm.hi, $I$6:$I$40, 0)),_xlpm.ylo + (_xlpm.x - _xlpm.lo) * (_xlpm.yhi - _xlpm.ylo) / (_xlpm.hi - _xlpm.lo) )))} -> 0 | T26: ='Entries December''25'!AM24 -> 0 | U26: ='Entries December''25'!AN24 -> 0 | V26: ='Entries December''25'!AO24/2.204623 -> 0 | W26: =S26+T26+U26+V26 -> 0 | X26: =IF(W27-W26<0,W26-W27,W27-W26) -> 0
A27: 21 | B27: =IF('Entries December''25'!N27-'Entries December''25'!N26<1,"0",'Entries December''25'!N27-'Entries December''25'!N26) -> 0 | C27: =IF('Entries December''25'!L27-'Entries December''25'!L26<1,"0",'Entries December''25'!L27-'Entries December''25'!L26) -> 0 | D27: =IF('Entries December''25'!M27-'Entries December''25'!M26<1,"0",'Entries December''25'!M27-'Entries December''25'!M26) -> 0 | E27: 2700 | F27: 0 | G27: =IF(F27=0,"0",(E27/F27)) -> 0 | I27: 220 | J27: 38510 | K27: =J27/2.204623 -> 17467.839 | Q27: 45890 | R27: ='Entries December''25'!AL26 -> 0 | S27: {=IF(R27=0,0,IF(COUNTIF($I$6:$I$40,R27),_xlfn.XLOOKUP(R27,$I$6:$I$40,$K$6:$K$40),_xlfn.LET(_xlpm.x, R27,_xlpm.lo, MAX(_xlfn._xlws.FILTER($I$6:$I$40, $I$6:$I$40 <= _xlpm.x)),_xlpm.hi, MIN(_xlfn._xlws.FILTER($I$6:$I$40, $I$6:$I$40 >= _xlpm.x)),_xlpm.ylo, INDEX($K$6:$K$40, MATCH(_xlpm.lo, $I$6:$I$40, 0)),_xlpm.yhi, INDEX($K$6:$K$40, MATCH(_xlpm.hi, $I$6:$I$40, 0)),_xlpm.ylo + (_xlpm.x - _xlpm.lo) * (_xlpm.yhi - _xlpm.ylo) / (_xlpm.hi - _xlpm.lo) )))} -> 0 | T27: ='Entries December''25'!AM25 -> 0 | U27: ='Entries December''25'!AN25 -> 0 | V27: ='Entries December''25'!AO25/2.204623 -> 0 | W27: =S27+T27+U27+V27 -> 0 | X27: =IF(W28-W27<0,W27-W28,W28-W27) -> 0
... A36: 30 | B36: =IF('Entries December''25'!N36-'Entries December''25'!N35<1,"0",'Entries December''25'!N36-'Entries December''25'!N35) -> 392.46 | C36: =IF('Entries December''25'!L36-'Entries December''25'!L35<1,"0",'Entries December''25'!L36-'Entries December''25'!L35) -> 190.71 | D36: =IF('Entries December''25'!M36-'Entries December''25'!M35<1,"0",'Entries December''25'!M36-'Entries December''25'!M35) -> 2317.99 | E36: 1700 | F36: 513.018 | G36: =IF(F36=0,"0",(E36/F36)) -> 3.3137239 | I36: 310 | J36: 54694 | K36: =J36/2.204623 -> 24808.777 | Q36: 45899 | R36: ='Entries December''25'!AL35 -> 0 | S36: {=IF(R36=0,0,IF(COUNTIF($I$6:$I$40,R36),_xlfn.XLOOKUP(R36,$I$6:$I$40,$K$6:$K$40),_xlfn.LET(_xlpm.x, R36,_xlpm.lo, MAX(_xlfn._xlws.FILTER($I$6:$I$40, $I$6:$I$40 <= _xlpm.x)),_xlpm.hi, MIN(_xlfn._xlws.FILTER($I$6:$I$40, $I$6:$I$40 >= _xlpm.x)),_xlpm.ylo, INDEX($K$6:$K$40, MATCH(_xlpm.lo, $I$6:$I$40, 0)),_xlpm.yhi, INDEX($K$6:$K$40, MATCH(_xlpm.hi, $I$6:$I$40, 0)),_xlpm.ylo + (_xlpm.x - _xlpm.lo) * (_xlpm.yhi - _xlpm.ylo) / (_xlpm.hi - _xlpm.lo) )))} -> 0 | T36: ='Entries December''25'!AM34 -> 0 | U36: ='Entries December''25'!AN34 -> 0 | V36: ='Entries December''25'!AO34/2.204623 -> 0 | W36: =S36+T36+U36+V36 -> 0 | X36: =IF(W37-W36<0,W36-W37,W37-W36) -> 0
A37: 31 | B37: =IF('Entries December''25'!N37-'Entries December''25'!N36<1,"0",'Entries December''25'!N37-'Entries December''25'!N36) -> 333.32 | C37: =IF('Entries December''25'!L37-'Entries December''25'!L36<1,"0",'Entries December''25'!L37-'Entries December''25'!L36) -> 170.28 | D37: =IF('Entries December''25'!M37-'Entries December''25'!M36<1,"0",'Entries December''25'!M37-'Entries December''25'!M36) -> 1947.07 | E37: 1600 | F37: 430.518 | G37: =IF(F37=0,"0",(E37/F37)) -> 3.7164532 | H37: TARGET | I37: 320 | J37: 56492 | K37: =J37/2.204623 -> 25624.336 | Q37: 45900 | R37: ='Entries December''25'!AL36 -> 0 | S37: {=IF(R37=0,0,IF(COUNTIF($I$6:$I$40,R37),_xlfn.XLOOKUP(R37,$I$6:$I$40,$K$6:$K$40),_xlfn.LET(_xlpm.x, R37,_xlpm.lo, MAX(_xlfn._xlws.FILTER($I$6:$I$40, $I$6:$I$40 <= _xlpm.x)),_xlpm.hi, MIN(_xlfn._xlws.FILTER($I$6:$I$40, $I$6:$I$40 >= _xlpm.x)),_xlpm.ylo, INDEX($K$6:$K$40, MATCH(_xlpm.lo, $I$6:$I$40, 0)),_xlpm.yhi, INDEX($K$6:$K$40, MATCH(_xlpm.hi, $I$6:$I$40, 0)),_xlpm.ylo + (_xlpm.x - _xlpm.lo) * (_xlpm.yhi - _xlpm.ylo) / (_xlpm.hi - _xlpm.lo) )))} -> 0 | T37: ='Entries December''25'!AM35 -> 0 | U37: ='Entries December''25'!AN35 -> 0 | V37: ='Entries December''25'!AO35/2.204623 -> 0 | W37: =S37+T37+U37+V37 -> 0 | X37: =IF(W38-W37<0,W37-W38,W38-W37) -> 0
A38: MTD | B38: =SUM(B7:B37) -> 9256.43 | C38: =SUM(C7:C37) -> 4288.26 | D38: =SUM(D7:D37) -> 55501.89 | E38: =SUM(E7:E37) -> 54700 | F38: =SUM(F7:F37) -> 9272.0823 | G38: =IF(F38=0,"0",(E38/F38)) -> 5.8994299 | H38: 5 | I38: 330 | J38: 58290 | K38: =J38/2.204623 -> 26439.895 | Q38: 45901 | R38: ='Entries December''25'!AL37 -> 0 | S38: {=IF(R38=0,0,IF(COUNTIF($I$6:$I$40,R38),_xlfn.XLOOKUP(R38,$I$6:$I$40,$K$6:$K$40),_xlfn.LET(_xlpm.x, R38,_xlpm.lo, MAX(_xlfn._xlws.FILTER($I$6:$I$40, $I$6:$I$40 <= _xlpm.x)),_xlpm.hi, MIN(_xlfn._xlws.FILTER($I$6:$I$40, $I$6:$I$40 >= _xlpm.x)),_xlpm.ylo, INDEX($K$6:$K$40, MATCH(_xlpm.lo, $I$6:$I$40, 0)),_xlpm.yhi, INDEX($K$6:$K$40, MATCH(_xlpm.hi, $I$6:$I$40, 0)),_xlpm.ylo + (_xlpm.x - _xlpm.lo) * (_xlpm.yhi - _xlpm.ylo) / (_xlpm.hi - _xlpm.lo) )))} -> 0 | T38: ='Entries December''25'!AM36 -> 0 | U38: ='Entries December''25'!AN36 -> 0 | V38: ='Entries December''25'!AO36/2.204623 -> 0 | W38: =S38+T38+U38+V38 -> 0 | X38: =IF(W39-W38<0,W38-W39,W39-W38) -> 0
I39: 340 | J39: 60089 | K39: =J39/2.204623 -> 27255.907 | R39: ='Entries December''25'!AL38 -> 0 | S39: {=IF(R39=0,0,IF(COUNTIF($I$6:$I$40,R39),_xlfn.XLOOKUP(R39,$I$6:$I$40,$K$6:$K$40),_xlfn.LET(_xlpm.x, R39,_xlpm.lo, MAX(_xlfn._xlws.FILTER($I$6:$I$40, $I$6:$I$40 <= _xlpm.x)),_xlpm.hi, MIN(_xlfn._xlws.FILTER($I$6:$I$40, $I$6:$I$40 >= _xlpm.x)),_xlpm.ylo, INDEX($K$6:$K$40, MATCH(_xlpm.lo, $I$6:$I$40, 0)),_xlpm.yhi, INDEX($K$6:$K$40, MATCH(_xlpm.hi, $I$6:$I$40, 0)),_xlpm.ylo + (_xlpm.x - _xlpm.lo) * (_xlpm.yhi - _xlpm.ylo) / (_xlpm.hi - _xlpm.lo) )))} -> 0 | T39: ='Entries December''25'!AM37 -> 0 | U39: ='Entries December''25'!AN37 -> 0 | V39: ='Entries December''25'!AO37/2.204623 -> 0 | W39: =S39+T39+U39+V39 -> 0
I40: 350 | J40: 60537 | K40: =J40/2.204623 -> 27459.117 | W40: TOTAL | X40: =SUM(X8:X38) -> 0

Sheet Daily KPIs CO2
A3: Utilities Daily Consumption
Y4: 1364
A5: 45992
B6: 1 | C6: 2 | D6: 3 | E6: 4 | F6: 5 | G6: 6 | H6: 7 | I6: 8 | J6: 9 | K6: 10 | L6: 11 | M6: 12 | N6: 13 | O6: 14 | P6: 15 | Q6: 16 | R6: 17 | S6: 18 | T6: 19 | U6: 20 | V6: 21 | W6: 22 | X6: 23 | Y6: 24 | Z6: 25 | AA6: 26 | AB6: 27 | AC6: 28 | AD6: 29 | AE6: 30 | AF6: 31 | AH6: Monthly Target
A7: Days | B7: Wed | C7: Thu | D7: Fri | E7: Sat | F7: Sun | G7: Mon | H7: Tue | I7: Wed | J7: Thu | K7: Fri | L7: Sat | M7: Sun | N7: Mon | O7: Tue | P7: Wed | Q7: Thu | R7: Fri | S7: Sat | T7: Sun | U7: Mon | V7: Tue | W7: Wed | X7: Thu | Y7: Fri | Z7: Sat | AA7: Sun | AB7: Mon | AC7: Tue | AD7: Wed | AE7: Thu | AF7: Fri | AG7: Total | AI7: Diff.
A8: Cases Produced | C8: ='Daily KPIs'!C8 -> 3211 | D8: ='Daily KPIs'!D8 -> 5250 | E8: ='Daily KPIs'!E8 -> 3846 | F8: ='Daily KPIs'!F8 -> 3981 | G8: ='Daily KPIs'!G8 -> 4586 | H8: ='Daily KPIs'!H8 -> 5488 | I8: ='Daily KPIs'!I8 -> 6699 | J8: ='Daily KPIs'!J8 -> 3254 | ... AC8: ='Daily KPIs'!AC8 -> 233.75 | AF8: ='Daily KPIs'!AD8 -> 5655 | AG8: =SUM($B8:AF8) -> 118514.75 | AH8: 96325 | AI8: =AG8-AH8 -> 22189.75
A9: HL produced | B9: ='Daily KPIs'!B9 -> 455.136 | C9: ='Daily KPIs'!C9 -> 211.926 | D9: ='Daily KPIs'!D9 -> 346.5 | E9: ='Daily KPIs'!E9 -> 253.836 | F9: ='Daily KPIs'!F9 -> 262.746 | G9: ='Daily KPIs'!G9 -> 302.676 | H9: ='Daily KPIs'!H9 -> 388.5504 | I9: ='Daily KPIs'!I9 -> 447.8844 | ... AC9: ='Daily KPIs'!AC9 -> 15.4275 | AF9: ='Daily KPIs'!AD9 -> 373.23 | AG9: =SUM($B9:AF9) -> 8328.5463
A10: Product Type | B10: ='Daily KPIs'!B10 -> ST/CB | C10: ='Daily KPIs'!C10 -> CB | D10: ='Daily KPIs'!D10 -> CB | E10: ='Daily KPIs'!E10 -> CB/Rose | F10: ='Daily KPIs'!F10 -> ST | G10: ='Daily KPIs'!G10 -> ST | H10: ='Daily KPIs'!I10 -> VM/GN | I10: ='Daily KPIs'!J10 -> CB | J10: ='Daily KPIs'!J10 -> CB | K10: ='Daily KPIs'!K10 -> CB/Rose | L10: ='Daily KPIs'!L10 -> Rose | M10: ='Daily KPIs'!M10 -> Rose/Psecco/SM | N10: ='Daily KPIs'!N10 -> SM | O10: ='Daily KPIs'!O10 -> SM/VM | P10: ='Daily KPIs'!P10 -> VM/ST | Q10: ='Daily KPIs'!Q10 -> CB | ... Y10: ='Daily KPIs'!Y10 -> GN | AA10: ='Daily KPIs'!AA10 -> 0 | AB10: ='Daily KPIs'!AB10 -> 0 | AC10: ='Daily KPIs'!AC10 -> Kegs | AF10: ='Daily KPIs'!AD10 -> GN/CB
A13: Water (m3)
A14: Area | B14: 1 | C14: 2 | D14: 3 | E14: 4 | F14: 5 | G14: 6 | H14: 7 | I14: 8 | J14: 9 | K14: 10 | L14: 11 | M14: 12 | N14: 13 | O14: 14 | P14: 15 | Q14: 16 | R14: 17 | S14: 18 | T14: 19 | U14: 20 | V14: 21 | W14: 22 | X14: 23 | Y14: 24 | Z14: 25 | AA14: 26 | AB14: 27 | AC14: 28 | AD14: 29 | AE14: 30 | AF14: 31 | AG14: MTD
A15: Well Supply (from filtered water) | B15: =+'Water '!$C7 -> 0 | C15: =+'Water '!$C8 -> 0 | D15: =+'Water '!$C9 -> 0 | E15: =+'Water '!$C10 -> 0 | F15: =+'Water '!$C11 -> 0 | G15: =+'Water '!$C12 -> 0 | H15: =+'Water '!$C13 -> 0 | I15: =+'Water '!$C14 -> 0 | J15: =+'Water '!$C15 -> 0 | K15: =+'Water '!$C16 -> 0 | L15: =+'Water '!$C17 -> 0 | M15: =+'Water '!$C18 -> 0 | N15: =+'Water '!$C18 -> 0 | O15: =+'Water '!$C20 -> 0 | P15: =+'Water '!$C21 -> 0 | Q15: =+'Water '!$C22 -> 0 | R15: =+'Water '!$C23 -> 0 | S15: =+'Water '!$C24 -> 0 | T15: =+'Water '!$C25 -> 0 | U15: =+'Water '!$C26 -> 0 | V15: =+'Water '!$C27 -> 0 | W15: =+'Water '!$C28 -> 0 | X15: =+'Water '!$C29 -> 0 | Y15: =+'Water '!$C30 -> 0 | Z15: =+'Water '!$C31 -> 0 | AA15: =+'Water '!$C32 -> 0 | AB15: =+'Water '!$C33 -> 0 | AC15: =+'Water '!$C34 -> 0 | AD15: =+'Water '!$C31 -> 0 | AE15: =+'Water '!$C32 -> 0 | AF15: =+'Water '!$C33 -> 0 | AG15: =SUM($B15:AF15) -> 0
A16: Nawasa Supply | B16: =+'Water '!$D7 -> 98 | C16: =+'Water '!$D8 -> 238 | D16: =+'Water '!$D9 -> 139 | E16: =+'Water '!$D10 -> 204 | F16: =+'Water '!$D11 -> 157 | G16: =+'Water '!$D12 -> 200 | H16: =+'Water '!$D13 -> 83 | I16: =+'Water '!$D14 -> 43 | J16: =+'Water '!$D15 -> 96 | K16: =+'Water '!$D16 -> 267 | L16: =+'Water '!$D17 -> 201 | M16: =+'Water '!$D18 -> 62 | N16: =+'Water '!$D19 -> 0 | O16: =+'Water '!$D20 -> 88 | P16: =+'Water '!$D21 -> 191 | Q16: =+'Water '!$D22 -> 242 | R16: =+'Water '!$D23 -> 315 | S16: =+'Water '!$D24 -> 175 | T16: =+'Water '!$D25 -> 129 | U16: =+'Water '!$D26 -> 4 | V16: =+'Water '!$D27 -> 15 | W16: =+'Water '!$D28 -> 129 | X16: =+'Water '!$D29 -> 255 | Y16: =+'Water '!$D30 -> 233 | Z16: =+'Water '!$D31 -> 0 | AA16: =+'Water '!$D32 -> 28 | AB16: =+'Water '!$D33 -> 0 | AC16: =+'Water '!$D34 -> 0 | AD16: =+'Water '!$D31 -> 0 | AE16: =+'Water '!$D32 -> 28 | AF16: =+'Water '!$D33 -> 0 | AG16: =SUM($B16:AF16) -> 3620
A17: Annanale Supply | B17: =+'Water '!$E7 -> 143 | C17: =+'Water '!$E8 -> 131 | D17: =+'Water '!$E9 -> 209 | E17: =+'Water '!$E10 -> 221 | F17: =+'Water '!$E11 -> 245 | G17: =+'Water '!$E12 -> 165 | H17: =+'Water '!$E13 -> 156 | I17: =+'Water '!$E14 -> 279 | J17: =+'Water '!$E15 -> 190 | K17: =+'Water '!$E16 -> 276 | L17: =+'Water '!$E17 -> 255 | M17: =+'Water '!$E18 -> 175 | N17: =+'Water '!$E19 -> 146 | O17: =+'Water '!$E20 -> 246 | P17: =+'Water '!$E21 -> 131 | Q17: =+'Water '!$E22 -> 117 | R17: =+'Water '!$E23 -> 163 | S17: =+'Water '!$E24 -> 203 | T17: =+'Water '!$E25 -> 298 | U17: =+'Water '!$E26 -> 127 | V17: =+'Water '!$E27 -> 2 | W17: =+'Water '!$E28 -> 221 | X17: =+'Water '!$E29 -> 117 | Y17: =+'Water '!$E30 -> 85 | Z17: =+'Water '!$E31 -> 0 | AA17: =+'Water '!$E32 -> 76 | AB17: =+'Water '!$E33 -> 0 | AC17: =+'Water '!$E34 -> 0 | AD17: =+'Water '!$E31 -> 0 | AE17: =+'Water '!$E32 -> 76 | AF17: =+'Water '!$E33 -> 0 | AG17: =SUM($B17:AF17) -> 4453
A18: Total Water Supply | B18: =SUM(B15:B17) -> 241 | C18: =SUM(C15:C17) -> 369 | D18: =SUM(D15:D17) -> 348 | E18: =SUM(E15:E17) -> 425 | F18: =SUM(F15:F17) -> 402 | G18: =SUM(G15:G17) -> 365 | H18: =SUM(H15:H17) -> 239 | I18: =SUM(I15:I17) -> 322 | ... AF18: =SUM(AF15:AF17) -> 0 | AG18: =SUM($B18:AF18) -> 8073
AG20: =SUM($B20:AF20) -> 0
A21: Theoretical permeate | B21: =0.73*(B96+B15) -> 110.23 | C21: =0.73*(C96+C15) -> 100.01 | D21: =0.73*(D96+D15) -> 159.14 | E21: =0.73*(E96+E15) -> 175.93 | F21: =0.73*(F96+F15) -> 180.31 | G21: =0.73*(G96+G15) -> 127.02 | H21: =0.73*(H96+H15) -> 118.99 | I21: =0.73*(I96+I15) -> 213.16 | ... AF21: =0.73*(AF96+AF15) -> 108.04 | AG21: =SUM($B21:AF21) -> 3300.33 | AH21: =AG24+AG37+AG28 -> 8559 | AJ21: =(AH21*10)/AG9 -> 10.276703
E22: =0.73*(E97+E16) -> 148.92
A23: Permeate Produced | B23: ='Water '!R7 -> 0 | C23: ='Water '!R8 -> 0 | D23: ='Water '!R9 -> 0 | E23: ='Water '!R10 -> 0 | F23: ='Water '!R11 -> 0 | G23: ='Water '!R12 -> 0 | H23: ='Water '!R13 -> 0 | I23: ='Water '!R14 -> 0 | J23: ='Water '!R15 -> 0 | K23: ='Water '!R16 -> 0 | L23: ='Water '!R17 -> 0 | M23: ='Water '!R18 -> 0 | N23: ='Water '!R19 -> 0 | O23: ='Water '!R20 -> 0 | P23: ='Water '!R21 -> 0 | Q23: ='Water '!R22 -> 0 | R23: ='Water '!R23 -> 0 | S23: ='Water '!R24 -> 0 | T23: ='Water '!R25 -> 0 | U23: ='Water '!R26 -> 0 | V23: ='Water '!R27 -> 0 | W23: ='Water '!R28 -> 0 | X23: ='Water '!R29 -> 0 | Y23: ='Water '!R30 -> 0 | Z23: ='Water '!R31 -> 0 | AA23: ='Water '!R32 -> 0 | AB23: ='Water '!R33 -> 0 | AC23: ='Water '!R34 -> 0 | AD23: ='Water '!V31 -> 0 | AE23: ='Water '!V32 -> 0 | AF23: ='Water '!V33 -> 0 | AG23: =SUM($B23:AF23) -> 0
A24: Service Water Plant Supply | B24: ='Water '!H7 -> 268 | C24: ='Water '!H8 -> 165 | D24: ='Water '!H9 -> 229 | E24: ='Water '!H10 -> 226 | F24: ='Water '!H11 -> 197 | G24: ='Water '!H12 -> 207 | H24: ='Water '!H13 -> 186 | I24: ='Water '!H14 -> 251 | J24: ='Water '!H15 -> 187 | K24: ='Water '!H16 -> 333 | L24: ='Water '!H17 -> 235 | M24: ='Water '!H18 -> 201 | N24: ='Water '!H19 -> 171 | O24: ='Water '!H20 -> 234 | P24: ='Water '!H21 -> 256 | Q24: ='Water '!H22 -> 286 | R24: ='Water '!H23 -> 234 | S24: ='Water '!H24 -> 347 | T24: ='Water '!H25 -> 284 | U24: ='Water '!H26 -> 69 | V24: ='Water '!H27 -> 19 | W24: ='Water '!H28 -> 327 | X24: ='Water '!H29 -> 347 | Y24: ='Water '!H30 -> 216 | Z24: ='Water '!H31 -> 15 | AA24: ='Water '!H32 -> 8 | AB24: ='Water '!H33 -> 13 | AC24: ='Water '!H34 -> 28 | AD24: ='Water '!L31 -> 0 | AE24: ='Water '!L32 -> 0 | AF24: ='Water '!L33 -> 0 | AG24: =SUM($B24:AF24) -> 5539
A25: Water consumption | B25: =SUM(B23:B24) -> 268 | C25: =SUM(C23:C24) -> 165 | D25: =SUM(D23:D24) -> 229 | E25: =SUM(E23:E24) -> 226 | F25: =SUM(F23:F24) -> 197 | G25: =SUM(G23:G24) -> 207 | H25: =SUM(H23:H24) -> 186 | I25: =SUM(I23:I24) -> 251 | ... AF25: =SUM(AF23:AF24) -> 0 | AG25: =SUM($B25:AF25) -> 5539
B26: =IF(B$9=0,"",+(B25*10)/B$9) -> 5.8883499 | C26: =IF(C$9=0,"",+(C25*10)/C$9) -> 7.7857365 | D26: =IF(D$9=0,"",+(D25*10)/D$9) -> 6.6089466 | E26: =IF(E$9=0,"",+(E25*10)/E$9) -> 8.9033864 | F26: =IF(F$9=0,"",+(F25*10)/F$9) -> 7.4977355 | G26: =IF(G$9=0,"",+(G25*10)/G$9) -> 6.8389962 | H26: =IF(H$9=0,"",+(H25*10)/H$9) -> 4.7870238 | I26: =IF(I$9=0,"",+(I25*10)/I$9) -> 5.6041246 | ... AF26: =IF(AF$9=0,"",+(AF25*10)/AF$9) -> 0
A27: Water Consumption detail | AG27: =SUM($B27:AF27) -> 0
A28: Brewhouse / Old Pepsi Area | B28: =+'Water '!$J7 -> 28 | C28: =+'Water '!$J8 -> 152 | D28: =+'Water '!$J9 -> 117 | E28: =+'Water '!$J10 -> 140 | F28: =+'Water '!$J11 -> 83 | G28: =+'Water '!$J12 -> 122 | H28: =+'Water '!$J13 -> 119 | I28: =+'Water '!$J14 -> 96 | J28: =+'Water '!$J15 -> 164 | K28: =+'Water '!$J16 -> 165 | L28: =+'Water '!$J17 -> 81 | M28: =+'Water '!$J18 -> 132 | N28: =+'Water '!$J19 -> 0 | O28: =+'Water '!$J20 -> 5 | P28: =+'Water '!$J21 -> 127 | Q28: =+'Water '!$J22 -> 196 | R28: =+'Water '!$J23 -> 152 | S28: =+'Water '!$J24 -> 167 | T28: =+'Water '!$J25 -> 11 | U28: =+'Water '!$J26 -> 0 | V28: =+'Water '!$J27 -> 0 | W28: =+'Water '!$J28 -> 0 | X28: =+'Water '!$J29 -> 31 | Y28: =+'Water '!$J30 -> 0 | Z28: =+'Water '!$J31 -> 81 | AA28: =+'Water '!$J32 -> 0 | AB28: =+'Water '!$J33 -> 0 | AC28: =+'Water '!$J34 -> 0 | AD28: =+'Water '!$J31 -> 81 | AE28: =+'Water '!$J32 -> 0 | AF28: =+'Water '!$J33 -> 0 | AG28: =SUM($B28:AF28) -> 2250
A29: Spent Grains/Wash-down Areas | B29: ='Water '!X7 -> 0 | C29: ='Water '!X8 -> 0 | D29: ='Water '!X9 -> 0 | E29: ='Water '!X10 -> 0 | F29: ='Water '!X11 -> 0 | G29: ='Water '!X12 -> 0 | H29: ='Water '!X13 -> 0 | I29: ='Water '!X14 -> 0 | J29: ='Water '!X15 -> 0 | K29: ='Water '!X16 -> 0 | L29: ='Water '!X17 -> 0 | M29: ='Water '!X18 -> 0 | N29: ='Water '!X19 -> 0 | O29: ='Water '!X20 -> 0 | P29: ='Water '!X21 -> 0 | Q29: ='Water '!X22 -> 0 | R29: ='Water '!X23 -> 0 | S29: ='Water '!X24 -> 0 | T29: ='Water '!X25 -> 0 | U29: ='Water '!X26 -> 0 | V29: ='Water '!X27 -> 0 | W29: ='Water '!X28 -> 0 | X29: ='Water '!X29 -> 0 | Y29: ='Water '!X30 -> 0 | Z29: ='Water '!X31 -> 0 | AA29: ='Water '!X32 -> 0 | AB29: ='Water '!X33 -> 0 | AC29: ='Water '!X34 -> 0 | AD29: ='Water '!AB31 -> 0 | AE29: ='Water '!AB32 -> 0 | AF29: ='Water '!AB33 -> 0 | AG29: =SUM($B29:AF29) -> 0
A30: Whirlpool
A31: Filtration/Cellars | B31: =+'Water '!$K7 -> 0 | C31: =+'Water '!$K8 -> 0 | D31: =+'Water '!$K9 -> 0 | E31: =+'Water '!$K10 -> 0 | F31: =+'Water '!$K11 -> 0 | G31: =+'Water '!$K12 -> 0 | H31: =+'Water '!$K13 -> 0 | I31: =+'Water '!$K14 -> 0 | J31: =+'Water '!$K15 -> 0 | K31: =+'Water '!$K16 -> 0 | L31: =+'Water '!$K17 -> 0 | M31: =+'Water '!$K18 -> 0 | N31: =+'Water '!$K19 -> 0 | O31: =+'Water '!$K19 -> 0 | P31: =+'Water '!$K19 -> 0 | Q31: =+'Water '!$K22 -> 0 | R31: =+'Water '!$K22 -> 0 | S31: =+'Water '!$K22 -> 0 | T31: =+'Water '!$K25 -> 0 | U31: =+'Water '!$K26 -> 0 | V31: =+'Water '!$K27 -> 0 | W31: =+'Water '!$K28 -> 0 | X31: =+'Water '!$K29 -> 0 | Y31: =+'Water '!$K30 -> 0 | Z31: =+'Water '!$K31 -> 0 | AA31: =+'Water '!$K32 -> 0 | AB31: =+'Water '!$K33 -> 0 | AC31: =+'Water '!$K34 -> 0 | AD31: =+'Water '!$K31 -> 0 | AE31: =+'Water '!$K32 -> 0 | AF31: =+'Water '!$K33 -> 0 | AG31: =SUM($B31:AF31) -> 0
A32: Processing/Cellars | B32: ='Water '!L7 -> 0 | C32: ='Water '!L8 -> 0 | D32: ='Water '!L9 -> 0 | E32: ='Water '!L10 -> 0 | F32: ='Water '!L11 -> 0 | G32: ='Water '!L12 -> 0 | H32: ='Water '!L13 -> 0 | I32: ='Water '!L14 -> 0 | J32: ='Water '!L15 -> 0 | K32: ='Water '!L16 -> 0 | L32: ='Water '!L17 -> 0 | M32: ='Water '!L18 -> 0 | N32: ='Water '!L19 -> 0 | O32: ='Water '!M19 -> 4 | P32: ='Water '!N19 -> 10 | Q32: ='Water '!L22 -> 0 | R32: ='Water '!M22 -> 16 | S32: ='Water '!N22 -> 33 | T32: ='Water '!L25 -> 0 | U32: ='Water '!L26 -> 0 | V32: ='Water '!L27 -> 0 | W32: ='Water '!L28 -> 0 | X32: ='Water '!L29 -> 0 | Y32: ='Water '!L30 -> 0 | Z32: ='Water '!L31 -> 0 | AA32: ='Water '!L32 -> 0 | AB32: ='Water '!L33 -> 0 | AC32: ='Water '!L34 -> 0 | AD32: ='Water '!P31 -> 0 | AE32: ='Water '!P32 -> 0 | AF32: ='Water '!P33 -> 0 | AG32: =SUM($B32:AF32) -> 63
A33: CIP Process | B33: =+'Water '!$N7 -> 28 | C33: =+'Water '!$N8 -> 3 | D33: =+'Water '!$N9 -> 25 | E33: =+'Water '!$N10 -> 54 | F33: =+'Water '!$N11 -> 29 | G33: =+'Water '!$N12 -> 33 | H33: =+'Water '!$N13 -> 12 | I33: =+'Water '!$N14 -> 52 | J33: =+'Water '!$N15 -> 13 | K33: =+'Water '!$N16 -> 59 | L33: =+'Water '!$N17 -> 21 | M33: =+'Water '!$N18 -> 28 | N33: =+'Water '!$N19 -> 10 | O33: =+'Water '!$N19 -> 10 | P33: =+'Water '!$N19 -> 10 | Q33: =+'Water '!$N22 -> 33 | R33: =+'Water '!$N22 -> 33 | S33: =+'Water '!$N22 -> 33 | T33: =+'Water '!$N25 -> 52 | U33: =+'Water '!$N26 -> 0 | V33: =+'Water '!$N27 -> 0 | W33: =+'Water '!$N28 -> 0 | X33: =+'Water '!$N29 -> 61 | Y33: =+'Water '!$N30 -> 43 | Z33: =+'Water '!$N31 -> 0 | AA33: =+'Water '!$N32 -> 0 | AB33: =+'Water '!$N33 -> 0 | AC33: =+'Water '!$N34 -> 0 | AD33: =+'Water '!$N31 -> 0 | AE33: =+'Water '!$N32 -> 0 | AF33: =+'Water '!$N33 -> 0 | AG33: =SUM($B33:AF33) -> 642 | AJ33: =34294/2.2 -> 15588.182
A34: Bottles Washer | B34: =+'Water '!$O7 -> 167 | C34: =+'Water '!$O8 -> 84 | D34: =+'Water '!$O9 -> 118 | E34: =+'Water '!$O10 -> 85 | F34: =+'Water '!$O11 -> 92 | G34: =+'Water '!$O12 -> 101 | H34: =+'Water '!$O13 -> 105 | I34: =+'Water '!$O14 -> 110 | J34: =+'Water '!$O15 -> 90 | K34: =+'Water '!$O16 -> 143 | L34: =+'Water '!$O17 -> 131 | M34: =+'Water '!$O18 -> 82 | N34: =+'Water '!$O19 -> 95 | O34: =+'Water '!$O19 -> 95 | P34: =+'Water '!$O19 -> 95 | Q34: =+'Water '!$O19 -> 95 | R34: =+'Water '!$O19 -> 95 | S34: =+'Water '!$O19 -> 95 | T34: =+'Water '!$O25 -> 177 | U34: =+'Water '!$O26 -> 35 | V34: =+'Water '!$O27 -> 4 | W34: =+'Water '!$O28 -> 217 | X34: =+'Water '!$O29 -> 192 | Y34: =+'Water '!$O30 -> 96 | Z34: =+'Water '!$O31 -> 0 | AA34: =+'Water '!$O32 -> 0 | AB34: =+'Water '!$O33 -> 0 | AC34: =+'Water '!$O34 -> 0 | AD34: =+'Water '!$O31 -> 0 | AE34: =+'Water '!$O32 -> 0 | AF34: =+'Water '!$O33 -> 0 | AG34: =SUM($B34:AF34) -> 2599
A35: Bottle Filler | B35: =IF('Entries December''25'!AC7-'Entries December''25'!AC6<1,0,'Entries December''25'!AC7-'Entries December''25'!AC6) -> 27 | C35: =IF('Entries December''25'!AC8-'Entries December''25'!AC7<1,0,'Entries December''25'!AC8-'Entries December''25'!AC7) -> 14 | D35: =IF('Entries December''25'!AC9-'Entries December''25'!AC8<1,0,'Entries December''25'!AC9-'Entries December''25'!AC8) -> 30 | E35: =IF('Entries December''25'!AC10-'Entries December''25'!AC9<1,0,'Entries December''25'!AC10-'Entries December''25'!AC9) -> 27 | F35: =IF('Entries December''25'!AC11-'Entries December''25'!AC10<1,0,'Entries December''25'!AC11-'Entries December''25'!AC10) -> 17 | G35: =IF('Entries December''25'!AC12-'Entries December''25'!AC11<1,0,'Entries December''25'!AC12-'Entries December''25'!AC11) -> 17 | H35: =IF('Entries December''25'!AC13-'Entries December''25'!AC12<1,0,'Entries December''25'!AC13-'Entries December''25'!AC12) -> 23 | I35: =IF('Entries December''25'!AC14-'Entries December''25'!AC13<1,0,'Entries December''25'!AC14-'Entries December''25'!AC13) -> 28 | J35: =IF('Entries December''25'!AC15-'Entries December''25'!AC14<1,0,'Entries December''25'!AC15-'Entries December''25'!AC14) -> 18 | K35: =IF('Entries December''25'!AC16-'Entries December''25'!AC15<1,0,'Entries December''25'!AC16-'Entries December''25'!AC15) -> 27 | L35: =IF('Entries December''25'!AC17-'Entries December''25'!AC16<1,0,'Entries December''25'!AC17-'Entries December''25'!AC16) -> 21 | M35: =IF('Entries December''25'!AC18-'Entries December''25'!AC17<1,0,'Entries December''25'!AC18-'Entries December''25'!AC17) -> 34 | N35: =IF('Entries December''25'!AC19-'Entries December''25'!AC18<1,0,'Entries December''25'!AC19-'Entries December''25'!AC18) -> 9 | O35: =IF('Entries December''25'!AC20-'Entries December''25'!AC19<1,0,'Entries December''25'!AC20-'Entries December''25'!AC19) -> 20 | P35: =IF('Entries December''25'!AC21-'Entries December''25'!AC20<1,0,'Entries December''25'!AC21-'Entries December''25'!AC20) -> 22 | Q35: =IF('Entries December''25'!AC22-'Entries December''25'!AC21<1,0,'Entries December''25'!AC22-'Entries December''25'!AC21) -> 30 | R35: =IF('Entries December''25'!AC23-'Entries December''25'!AC22<1,0,'Entries December''25'!AC23-'Entries December''25'!AC22) -> 29 | S35: =IF('Entries December''25'!AC24-'Entries December''25'!AC23<1,0,'Entries December''25'!AC24-'Entries December''25'!AC23) -> 27 | T35: =IF('Entries December''25'!AC25-'Entries December''25'!AC24<1,0,'Entries December''25'!AC25-'Entries December''25'!AC24) -> 26 | U35: =IF('Entries December''25'!AC26-'Entries December''25'!AC25<1,0,'Entries December''25'!AC26-'Entries December''25'!AC25) -> 2 | V35: =IF('Entries December''25'!AC27-'Entries December''25'!AC26<1,0,'Entries December''25'!AC27-'Entries December''25'!AC26) -> 0 | W35: =IF('Entries December''25'!$AC28-'Entries December''25'!$AC27<1,0,'Entries December''25'!$AC28-'Entries December''25'!$AC27) -> 29 | X35: =IF('Entries December''25'!$AC29-'Entries December''25'!$AC28<1,0,'Entries December''25'!$AC29-'Entries December''25'!$AC28) -> 31 | Y35: =IF('Entries December''25'!$AC30-'Entries December''25'!$AC29<1,0,'Entries December''25'!$AC30-'Entries December''25'!$AC29) -> 19 | Z35: =IF('Entries December''25'!$AC31-'Entries December''25'!$AC30<1,0,'Entries December''25'!$AC31-'Entries December''25'!$AC30) -> 0 | AA35: =IF('Entries December''25'!$AC32-'Entries December''25'!$AC31<1,0,'Entries December''25'!$AC32-'Entries December''25'!$AC31) -> 0 | AB35: =IF('Entries December''25'!$AC33-'Entries December''25'!$AC32<1,0,'Entries December''25'!$AC33-'Entries December''25'!$AC32) -> 0 | AC35: =IF('Entries December''25'!$AC34-'Entries December''25'!$AC33<1,0,'Entries December''25'!$AC34-'Entries December''25'!$AC33) -> 0 | AD35: =IF('Entries December''25'!$AC31-'Entries December''25'!$AC30<1,0,'Entries December''25'!$AC31-'Entries December''25'!$AC30) -> 0 | AE35: =IF('Entries December''25'!$AC32-'Entries December''25'!$AC31<1,0,'Entries December''25'!$AC32-'Entries December''25'!$AC31) -> 0 | AF35: =IF('Entries December''25'!$AC33-'Entries December''25'!$AC32<1,0,'Entries December''25'!$AC33-'Entries December''25'!$AC32) -> 0 | AG35: =SUM($B35:AF35) -> 527
A36: Pasteuriser | B36: =+'Water '!$M7 -> 18 | C36: =+'Water '!$M8 -> 7 | D36: =+'Water '!$M9 -> 10 | E36: =+'Water '!$M10 -> 7 | F36: =+'Water '!$M11 -> 6 | G36: =+'Water '!$M12 -> 14 | H36: =+'Water '!$M13 -> 6 | I36: =+'Water '!$M14 -> 4 | J36: =+'Water '!$M15 -> 3 | K36: =+'Water '!$M16 -> 10 | L36: =+'Water '!$M17 -> 18 | M36: =+'Water '!$M18 -> 11 | N36: =+'Water '!$M19 -> 4 | O36: =+'Water '!$M20 -> 8 | P36: =+'Water '!$M21 -> 5 | Q36: =+'Water '!$M22 -> 16 | R36: =+'Water '!$M23 -> 8 | S36: =+'Water '!$M24 -> 5 | T36: =+'Water '!$M25 -> 0 | U36: =+'Water '!$M26 -> 0 | V36: =+'Water '!$M27 -> 0 | W36: =+'Water '!$M28 -> 6 | X36: =+'Water '!$M29 -> 10 | Y36: =+'Water '!$M30 -> 4 | Z36: =+'Water '!$M31 -> 0 | AA36: =+'Water '!$M32 -> 0 | AB36: =+'Water '!$M33 -> 0 | AC36: =+'Water '!$M34 -> 0 | AD36: =+'Water '!$M31 -> 0 | AE36: =+'Water '!$M32 -> 0 | AF36: =+'Water '!$M33 -> 0 | AG36: =SUM($B36:AF36) -> 180
A37: Boiler Supply | B37: =+'Water '!$Q7 -> 60 | C37: =+'Water '!$Q8 -> 48 | D37: =+'Water '!$Q9 -> 77 | E37: =+'Water '!$Q10 -> 54 | F37: =+'Water '!$Q11 -> 48 | G37: =+'Water '!$Q12 -> 47 | H37: =+'Water '!$Q13 -> 33 | I37: =+'Water '!$Q14 -> 28 | J37: =+'Water '!$Q15 -> 24 | K37: =+'Water '!$Q16 -> 32 | L37: =+'Water '!$Q17 -> 25 | M37: =+'Water '!$Q18 -> 26 | N37: =+'Water '!$Q19 -> 16 | O37: =+'Water '!$Q19 -> 16 | P37: =+'Water '!$Q21 -> 28 | Q37: =+'Water '!$Q22 -> 27 | R37: =+'Water '!$Q22 -> 27 | S37: =+'Water '!$Q24 -> 27 | T37: =+'Water '!$Q25 -> 26 | U37: =+'Water '!$Q26 -> 0 | V37: =+'Water '!$Q27 -> 10 | W37: =+'Water '!$Q28 -> 29 | X37: =+'Water '!$Q29 -> 29 | Y37: =+'Water '!$Q30 -> 21 | Z37: =+'Water '!$Q31 -> 1 | AA37: =+'Water '!$Q32 -> 0 | AB37: =+'Water '!$Q33 -> 0 | AC37: =+'Water '!$Q34 -> 10 | AD37: =+'Water '!$Q31 -> 1 | AE37: =+'Water '!$Q32 -> 0 | AF37: =+'Water '!$Q33 -> 0 | AG37: =SUM($B37:AF37) -> 770
A38: Backwash Supply | AG38: =SUM($B38:AF38) -> 0
A39: Refrigeration Unit | B39: ='Water '!Y7 -> 0 | C39: ='Water '!Y8 -> 0 | D39: ='Water '!Y9 -> 0 | E39: ='Water '!Y10 -> 0 | F39: ='Water '!Y11 -> 0 | G39: ='Water '!Y12 -> 0 | H39: ='Water '!Y13 -> 0 | I39: ='Water '!Y14 -> 0 | J39: ='Water '!Y15 -> 0 | K39: ='Water '!Y16 -> 0 | L39: ='Water '!Y17 -> 0 | M39: ='Water '!Y18 -> 0 | N39: ='Water '!Y19 -> 0 | O39: ='Water '!Y20 -> 0 | P39: ='Water '!Y21 -> 0 | Q39: ='Water '!Y22 -> 0 | R39: ='Water '!Y23 -> 0 | S39: ='Water '!Y24 -> 0 | T39: ='Water '!Y25 -> 0 | U39: ='Water '!Y26 -> 0 | V39: ='Water '!Y27 -> 0 | W39: ='Water '!Y28 -> 0 | X39: ='Water '!Y29 -> 0 | Y39: ='Water '!Y30 -> 0 | Z39: ='Water '!Y31 -> 0 | AA39: ='Water '!Y32 -> 0 | AB39: ='Water '!Y33 -> 0 | AC39: ='Water '!Y34 -> 0 | AD39: ='Water '!AC31 -> 0 | AE39: ='Water '!AC32 -> 0 | AF39: ='Water '!AC33 -> 0 | AG39: =SUM($B39:AF39) -> 0
A40: CO2 Scrubber | B40: ='Water '!I7 -> 0 | C40: ='Water '!I8 -> 0 | D40: ='Water '!I9 -> 0 | E40: ='Water '!I10 -> 0 | F40: ='Water '!I11 -> 0 | G40: ='Water '!I12 -> 0 | H40: ='Water '!I13 -> 0 | I40: ='Water '!I14 -> 0 | J40: ='Water '!I15 -> 0 | K40: ='Water '!I16 -> 0 | L40: ='Water '!J16 -> 165 | M40: ='Water '!K16 -> 0 | N40: ='Water '!I19 -> 0 | O40: ='Water '!I20 -> 0 | P40: ='Water '!I21 -> 0 | Q40: ='Water '!I22 -> 0 | R40: ='Water '!I23 -> 0 | S40: ='Water '!I24 -> 0 | T40: ='Water '!I25 -> 0 | U40: ='Water '!I26 -> 0 | V40: ='Water '!I27 -> 0 | W40: ='Water '!I28 -> 0 | X40: ='Water '!I29 -> 0 | Y40: ='Water '!I30 -> 0 | Z40: ='Water '!I31 -> 0 | AA40: ='Water '!I32 -> 0 | AB40: ='Water '!I33 -> 0 | AC40: ='Water '!I34 -> 0 | AD40: ='Water '!M31 -> 0 | AE40: ='Water '!M32 -> 0 | AF40: ='Water '!M33 -> 0 | AG40: =SUM($B40:AF40) -> 165
A41: Personnel Consumption
A42: Total water consumption (M3) | B42: =SUM(B28:B41) -> 328 | C42: =SUM(C28:C41) -> 308 | D42: =SUM(D28:D41) -> 377 | E42: =SUM(E28:E41) -> 367 | F42: =SUM(F28:F41) -> 275 | G42: =SUM(G28:G41) -> 334 | H42: =SUM(H28:H41) -> 298 | I42: =SUM(I28:I41) -> 318 | ... AF42: =SUM(AF28:AF41) -> 0 | AG42: =SUM($B42:AF42) -> 7196
A45: CO2 (kg.) (Tank Gauges)
A47: CO2 (kg.) (Ex. Vap'r) | B47: =IF('Entries December''25'!M7-'Entries December''25'!M6<1,0,'Entries December''25'!M7-'Entries December''25'!M6) -> 2614.9 | C47: =IF('Entries December''25'!M8-'Entries December''25'!M7<1,0,'Entries December''25'!M8-'Entries December''25'!M7) -> 1219.41 | D47: =IF('Entries December''25'!M9-'Entries December''25'!M8<1,0,'Entries December''25'!M9-'Entries December''25'!M8) -> 2153.86 | E47: =IF('Entries December''25'!M10-'Entries December''25'!M9<1,0,'Entries December''25'!M10-'Entries December''25'!M9) -> 1696.69 | F47: =IF('Entries December''25'!M11-'Entries December''25'!M10<1,0,'Entries December''25'!M11-'Entries December''25'!M10) -> 1737.17 | G47: =IF('Entries December''25'!M12-'Entries December''25'!M11<1,0,'Entries December''25'!M12-'Entries December''25'!M11) -> 1770.56 | H47: =IF('Entries December''25'!M13-'Entries December''25'!M12<1,0,'Entries December''25'!M13-'Entries December''25'!M12) -> 2328.91 | I47: =IF('Entries December''25'!M14-'Entries December''25'!M13<1,0,'Entries December''25'!M14-'Entries December''25'!M13) -> 2505.95 | J47: =IF('Entries December''25'!M15-'Entries December''25'!M14<1,0,'Entries December''25'!M15-'Entries December''25'!M14) -> 1557.41 | K47: =IF('Entries December''25'!M16-'Entries December''25'!M15<1,0,'Entries December''25'!M16-'Entries December''25'!M15) -> 3318.54 | L47: =IF('Entries December''25'!M17-'Entries December''25'!M16<1,0,'Entries December''25'!M17-'Entries December''25'!M16) -> 2430.11 | M47: =IF('Entries December''25'!M18-'Entries December''25'!M17<1,0,'Entries December''25'!M18-'Entries December''25'!M17) -> 2265.57 | N47: =IF('Entries December''25'!M19-'Entries December''25'!M18<1,0,'Entries December''25'!M19-'Entries December''25'!M18) -> 955.03 | O47: =IF('Entries December''25'!M20-'Entries December''25'!M19<1,0,'Entries December''25'!M20-'Entries December''25'!M19) -> 2492.96 | P47: =IF('Entries December''25'!M21-'Entries December''25'!M20<1,0,'Entries December''25'!M21-'Entries December''25'!M20) -> 2751.48 | Q47: =IF('Entries December''25'!M22-'Entries December''25'!M21<1,0,'Entries December''25'!M22-'Entries December''25'!M21) -> 2426.85 | R47: =IF('Entries December''25'!M23-'Entries December''25'!M22<1,0,'Entries December''25'!M23-'Entries December''25'!M22) -> 2601.74 | S47: =IF('Entries December''25'!N23-'Entries December''25'!N22<1,0,'Entries December''25'!N23-'Entries December''25'!N22) -> 421 | T47: =IF('Entries December''25'!O23-'Entries December''25'!O22<1,0,'Entries December''25'!O23-'Entries December''25'!O22) -> 315 | U47: =IF('Entries December''25'!P23-'Entries December''25'!P22<1,0,'Entries December''25'!P23-'Entries December''25'!P22) -> 163 | V47: =IF('Entries December''25'!O24-'Entries December''25'!O23<1,0,'Entries December''25'!O24-'Entries December''25'!O23) -> 175 | W47: =IF('Entries December''25'!P24-'Entries December''25'!P23<1,0,'Entries December''25'!P24-'Entries December''25'!P23) -> 203 | X47: =IF('Entries December''25'!Q24-'Entries December''25'!Q23<1,0,'Entries December''25'!Q24-'Entries December''25'!Q23) -> 347 | Y47: =IF('Entries December''25'!R24-'Entries December''25'!R23<1,0,'Entries December''25'!R24-'Entries December''25'!R23) -> 0 | Z47: =IF('Entries December''25'!S24-'Entries December''25'!S23<1,0,'Entries December''25'!S24-'Entries December''25'!S23) -> 167 | AA47: =IF('Entries December''25'!T24-'Entries December''25'!T23<1,0,'Entries December''25'!T24-'Entries December''25'!T23) -> 0 | AB47: =IF('Entries December''25'!U24-'Entries December''25'!U23<1,0,'Entries December''25'!U24-'Entries December''25'!U23) -> 5 | AC47: =IF('Entries December''25'!V24-'Entries December''25'!V23<1,0,'Entries December''25'!V24-'Entries December''25'!V23) -> 211 | ... AF47: =IF('Entries December''25'!Y24-'Entries December''25'!Y23<1,0,'Entries December''25'!Y24-'Entries December''25'!Y23) -> 190 | AG47: =SUM($B47:AF47) -> 39064.14
A49: CO2 (kg.) (Filler) | B49: ='Daily KPIs'!B76 -> 564 | C49: ='Daily KPIs'!C76 -> 263.06 | D49: ='Daily KPIs'!D76 -> 372.5 | E49: ='Daily KPIs'!E76 -> 296.88 | F49: ='Daily KPIs'!F76 -> 301 | G49: ='Daily KPIs'!G76 -> 325.04 | H49: ='Daily KPIs'!H76 -> 363.57 | I49: ='Daily KPIs'!I76 -> 477.31 | ... AF49: ='Daily KPIs'!AF76 -> 333.32 | AG49: =SUM($B49:AF49) -> 9256.43
A52: Electricity (Kwh.) | B52: ='Elec.December''25'!$B$7 -> 6358 | C52: ='Elec.December''25'!$B$8 -> 6436 | D52: ='Elec.December''25'!$B$9 -> 7560 | E52: ='Elec.December''25'!$B$10 -> 8026 | F52: ='Elec.December''25'!$B$11 -> 5885 | G52: ='Elec.December''25'!$B$12 -> 6825 | H52: ='Elec.December''25'!$B$13 -> 7554 | I52: ='Elec.December''25'!$B$14 -> 7330 | J52: ='Elec.December''25'!$B$15 -> 6425 | K52: ='Elec.December''25'!$B$16 -> 8488 | L52: ='Elec.December''25'!$B$17 -> 6732 | M52: ='Elec.December''25'!$B$18 -> 6620 | N52: ='Elec.December''25'!$B$19 -> 4519 | O52: ='Elec.December''25'!$B$20 -> 5387 | P52: ='Elec.December''25'!$B$21 -> 6109 | Q52: ='Elec.December''25'!$B$22 -> 8916 | R52: ='Elec.December''25'!$B$23 -> 6815 | S52: ='Elec.December''25'!$B$24 -> 7445 | T52: ='Elec.December''25'!$B$24 -> 7445 | U52: ='Elec.December''25'!$B$24 -> 7445 | V52: ='Elec.December''25'!$B$24 -> 7445 | W52: ='Elec.December''25'!$B$24 -> 7445 | X52: ='Elec.December''25'!$B$24 -> 7445 | Y52: ='Elec.December''25'!$B$24 -> 7445 | Z52: ='Elec.December''25'!$B$24 -> 7445 | ... AF52: ='Elec.December''25'!$B$24 -> 7445 | AG52: =SUM(B52:AC52) -> 197880
A54: Fuel (L) | B54: =+'Fuel '!$K7 -> 2790 | C54: =+'Fuel '!$K8 -> 3130 | D54: =+'Fuel '!$K9 -> 3150 | E54: =+'Fuel '!$K10 -> 2920 | F54: =+'Fuel '!$K11 -> 2820 | G54: =+'Fuel '!$K12 -> 3370 | H54: =+'Fuel '!$K13 -> 3420 | I54: =+'Fuel '!$K14 -> 3630 | J54: =+'Fuel '!$K15 -> 2860 | K54: =+'Fuel '!$K16 -> 3800 | L54: =+'Fuel '!$K17 -> 2680 | M54: =+'Fuel '!$K18 -> 3090 | N54: =+'Fuel '!$K19 -> 1470 | O54: =+'Fuel '!$K20 -> 2140 | P54: =+'Fuel '!$K21 -> 3070 | Q54: =+'Fuel '!$K22 -> 3560 | R54: =+'Fuel '!$K23 -> 3260 | S54: =+'Fuel '!$K24 -> 3530 | T54: =+'Fuel '!$K24 -> 3530 | U54: =+'Fuel '!$K24 -> 3530 | V54: =+'Fuel '!$K24 -> 3530 | W54: =+'Fuel '!$K24 -> 3530 | X54: =+'Fuel '!$K24 -> 3530 | Y54: =+'Fuel '!$K24 -> 3530 | Z54: =+'Fuel '!$K24 -> 3530 | ... AF54: =+'Fuel '!$K24 -> 3530 | AG54: =SUM($B54:AF54) -> 100580
A57: Water (m3)
A58: Area | B58: 1 | C58: 2 | D58: 3 | E58: 4 | F58: 5 | G58: 6 | H58: 7 | I58: 8 | J58: 9 | K58: 10 | L58: 11 | M58: 12 | N58: 13 | O58: 14 | P58: 15 | Q58: 16 | R58: 17 | S58: 18 | T58: 19 | U58: 20 | V58: 21 | W58: 22 | X58: 9 | Y58: 24 | Z58: 25 | AA58: 26 | AB58: 27 | AC58: 28 | AD58: 29 | AE58: 30 | AF58: 31 | AG58: MTD | AH58: Target | AI58: Diff
A59: Total water consumption | B59: =IF(B$9=0,"",+(B18*10)/B$9) -> 5.2951206 | C59: =IF(C$9=0,"",+(C18*10)/C$9) -> 17.411738 | D59: =IF(D$9=0,"",+(D18*10)/D$9) -> 10.04329 | E59: =IF(E$9=0,"",+(E18*10)/E$9) -> 16.743094 | F59: =IF(F$9=0,"",+(F18*10)/F$9) -> 15.299947 | G59: =IF(G$9=0,"",+(G18*10)/G$9) -> 12.059099 | H59: =IF(H$9=0,"",+(H18*10)/H$9) -> 6.1510682 | I59: =IF(I$9=0,"",+(I18*10)/I$9) -> 7.1893551 | ... AG59: =IF(AG$9=0,"",+(AG18*10)/AG$9) -> 9.6931682 | AH59: ='Daily KPIs'!AI90 -> 10.2 | AI59: =+AH59-AG59 -> 0.50683182
A61: Consumption detail | AG61: MTD | AH61: Target | AI61: Diff
A62: Brewhouse / Old Pepsi Area | B62: =IF(B$9=0,"",+(B28*10)/B$9) -> 0.61520073 | C62: =IF(C$9=0,"",+(C28*10)/C$9) -> 7.1723149 | D62: =IF(D$9=0,"",+(D28*10)/D$9) -> 3.3766234 | E62: =IF(E$9=0,"",+(E28*10)/E$9) -> 5.5153721 | F62: =IF(F$9=0,"",+(F28*10)/F$9) -> 3.1589444 | G62: =IF(G$9=0,"",+(G28*10)/G$9) -> 4.0307127 | H62: =IF(H$9=0,"",+(H28*10)/H$9) -> 3.0626657 | I62: =IF(I$9=0,"",+(I28*10)/I$9) -> 2.1434102 | ... AF62: =IF(AF$9=0,"",+(AF28*10)/AF$9) -> 0 | AG62: =IF(+(AG28*10)/AG$9<1,0,+(AG28*10)/AG$9) -> 2.7015519 | AH62: 2.5 | AI62: =AH62-AG62 -> -0.20155189
A63: Brewhouse (Hls brewed) | B63: =IF(B$93=0,"",+(B28*10)/B$93) -> 5.907173 | C63: =IF(C$93=0,"",+(C28*10)/C$93) -> 4.5563549 | D63: =IF(D$93=0,"",+(D28*10)/D$93) -> 4.0247678 | E63: =IF(E$93=0,"",+(E28*10)/E$93) -> 5.7755776 | F63: =IF(F$93=0,"",+(F28*10)/F$93) -> 2.9133029 | G63: =IF(G$93=0,"",+(G28*10)/G$93) -> 3.3954912 | H63: =IF(H$93=0,"",+(H28*10)/H$93) -> 3.9003605 | I63: =IF(I$93=0,"",+(I28*10)/I$93) -> 2.7027027 | ... AF63: =IF(AF$93=0,"",+(AF28*10)/AF$93) | AG63: =IF(+(AG28*10)/AG$93<1,0,+(AG28*10)/AG$93) -> 4.7244094 | AH63: 2.5 | AI63: =AH63-AG63 -> -2.2244094
A64: Spent Grains/Wash-down Areas | B64: =IF(B$9=0,"",+(B29*10)/B$9) -> 0 | C64: =IF(C$9=0,"",+(C29*10)/C$9) -> 0 | D64: =IF(D$9=0,"",+(D29*10)/D$9) -> 0 | E64: =IF(E$9=0,"",+(E29*10)/E$9) -> 0 | F64: =IF(F$9=0,"",+(F29*10)/F$9) -> 0 | G64: =IF(G$9=0,"",+(G29*10)/G$9) -> 0 | H64: =IF(H$9=0,"",+(H29*10)/H$9) -> 0 | I64: =IF(I$9=0,"",+(I29*10)/I$9) -> 0 | ... AF64: =IF(AF$9=0,"",+(AF29*10)/AF$9) -> 0 | AG64: =+(AG29*10)/AG$9 -> 0 | AH64: 0.1 | AI64: =AH64-AG64 -> 0.1
A65: Whirlpool | AH65: 0.1 | AI65: =AH65-AG65 -> 0.1
A66: Filtration/Cellars | B66: =IF(B$9=0,"",+(B31*10)/B$9) -> 0 | C66: =IF(C$9=0,"",+(C31*10)/C$9) -> 0 | D66: =IF(D$9=0,"",+(D31*10)/D$9) -> 0 | E66: =IF(E$9=0,"",+(E31*10)/E$9) -> 0 | F66: =IF(F$9=0,"",+(F31*10)/F$9) -> 0 | G66: =IF(G$9=0,"",+(G31*10)/G$9) -> 0 | H66: =IF(H$9=0,"",+(H31*10)/H$9) -> 0 | I66: =IF(I$9=0,"",+(I31*10)/I$9) -> 0 | ... V66: =IF(V$9=0,"",+(V31*10)/V$9) | AG66: =+(AG31*10)/AG$9 -> 0 | AH66: 0.7 | AI66: =AH66-AG66 -> 0.7
