Workbook

Sheet Entries Feb.'25
B1: ENTRIES FOR DAILY CONS. MONITOR | P1: =B1 -> ENTRIES FOR DAILY CONS. MONITOR
C2: old | F2: old | P2: Service 227.3 cubic meters (2273 Hls)Filtered 189.3 cubic meters(1893 Hls)
D3: FUEL | J3: ELECT. | L3: CO2 | P3: WATER | AH3: CO2 Scrubber (m3) | AI3: Supply to Washdown Area (m3) | AJ3: Supply to RUs (m3) | AK3: Steam Mass Flow Meter | AL3: CO2 TANKS' READING
B4: Boilers tot. | C4: Boiler 1 | D4: Gen. meter | E4: Tank level | F4: Boiler 1 | G4: Boiler 2 | H4: Gen | I4: Meter1 | J4: Meter 2 | K4: Gen Meter | L4: Collection | M4: Consumption | N4: Consumption (Filler) (kg) | P4: Nawasa Meter (m3) | Q4: Annandale Supply (m3) | R4: Service Supply to Plant (m3) | S4: Cellars/Filtration (m3) | T4: Brewhouse Meter (m3) | U4: Cellars/Process Areas (m3) | V4: Pasteuriser (m3) | W4: Water Plant-Nawasa Annadale (m3) | X4: Water Plant-Well # 1 (m3) | Y4: CIP Process | Z4: Bottle Washer | AA4: Boiler | AB4: Permeate #1 | AC4: Permeate #2 | AD4: Bottle Filler (m3) | AE4: RO # 1 Totaliser (m3) | AF4: RO # 2 Totaliser (m3) | AG4: Recovered Water (m3) | AL4: (Kg.) | AM4: ` | AN4: (Lbs.) | AO4: (Kg.)
A5: DATE | B5: (l) | C5: (l) | D5: (Imp. gals) | E5: (inches) | F5: Hrs | G5: Hrs | H5: Hrs. | I5: (Kwhr) | J5: (Kwhr) | K5: (Kwhr) | L5: Meter (kg) | M5: Meter (kg) | O5: DATE | Y5: (m3) | Z5: (m3) | AA5: (m3) | AL5: Tank "A" | AM5: Tank "B" | AN5: Mobile Tanker | AO5: Inside Tank
A6: - | S6: 5140
A7: 1 | B7: 7160920 | E7: 70 | F7: 2366.4 | G7: 68208 | I7: 212780 | J7: 791664 | K7: 466400 | N7: 262.89 | O7: 1 | P7: 166764 | Q7: 3348 | R7: 885472 | T7: 30820 | V7: 20538 | W7: 1280318 | Y7: 30060 | Z7: 27709 | AA7: 4869 | AB7: 97122 | AD7: 38942 | AE7: 258494 | AK7: 7258604.7
A8: 2 | B8: 7161120 | E8: 70 | F8: 2367.7 | G8: 68208 | I8: 216276 | J8: 794023 | K8: 466400 | N8: 262.89 | O8: 2 | P8: 166764 | Q8: 3603 | R8: 885492 | T8: 30820 | V8: 20538 | W8: 1280318 | Y8: 30060 | Z8: 27742 | AA8: 4910 | AB8: 97122 | AD8: 38942 | AE8: 258494 | AK8: 7258604.7
A9: 3 | B9: 7161880 | E9: 70 | F9: 2372 | G9: 68208 | I9: 217568 | J9: 796191 | K9: 466400 | N9: 262.89 | O9: 3 | P9: 166766 | Q9: 3682 | R9: 885575 | T9: 30820 | V9: 20538 | W9: 1280670 | Y9: 30060 | Z9: 27744 | AA9: 4928 | AB9: 97122 | AD9: 38942 | AE9: 258494 | AK9: 7258604.7
A10: 4 | B10: 7164980 | E10: 70 | F10: 2393.9 | G10: 68208 | I10: 221617 | J10: 800017 | K10: 466400 | N10: 292.23 | O10: 4 | P10: 166838 | Q10: 3870 | R10: 885824 | T10: 31018 | V10: 20545 | W10: 1280867 | Y10: 30139 | Z10: 27825 | AA10: 4988 | AB10: 97122 | AD10: 38969 | AE10: 258494 | AK10: 7258886.6
A11: 5 | B11: 7168010 | E11: 70 | F11: 2413.4 | G11: 68208 | I11: 225604 | J11: 803786 | K11: 466400 | N11: 335.28 | O11: 5 | P11: 166991 | Q11: 4077 | R11: 886034 | T11: 31199 | V11: 20548 | W11: 1281086 | Y11: 30183 | Z11: 27895 | AA11: 5039 | AB11: 97122 | AD11: 38993 | AE11: 258494 | AK11: 7258886.6
A12: 6 | B12: 7171410 | E12: 70 | F12: 2435.7 | G12: 68208 | I12: 229962 | J12: 807905 | K12: 466400 | N12: 376 | O12: ='Entries Feb.''25'!A12 -> 6 | P12: 167279 | Q12: 4219 | R12: 886287 | T12: 31477 | V12: 20553 | W12: 1281235 | Y12: 30244 | Z12: 27986 | AA12: 5081 | AB12: 97122 | AD12: 39017 | AE12: 258494 | AK12: 7258886.6
A13: 7 | B13: 7174330 | E13: 70 | F13: 2456.2 | G13: 68208 | I13: 233971 | J13: 811693 | K13: 466400 | N13: 380.39 | O13: ='Entries Feb.''25'!A13 -> 7 | P13: 167426 | Q13: 4432 | R13: 886495 | T13: 31695 | V13: 20553 | W13: 1281459 | Y13: 30295 | Z13: 28046 | AA13: 5113 | AB13: 97122 | AD13: 39037 | AE13: 258494 | AK13: 7258887.2
A14: 8 | B14: 7174330 | E14: 70 | F14: 2456.2 | G14: 68208 | I14: 235871 | J14: 813490 | K14: 466400 | N14: 380.39 | O14: ='Entries Feb.''25'!A14 -> 8 | P14: 167725 | Q14: 4432 | R14: 886507 | T14: 31695 | V14: 20553 | W14: 1281459 | Y14: 30295 | Z14: 28046 | AA14: 5113 | AB14: 97122 | AD14: 39037 | AE14: 258494 | AK14: 7258887.2
A15: 9 | B15: 7174740 | E15: 70 | F15: 2459.9 | G15: 68209 | I15: 238265 | J15: 815755 | K15: 466400 | N15: 380.39 | O15: ='Entries Feb.''25'!A15 -> 9 | P15: 167780 | Q15: 4432 | R15: 886579 | T15: 31700 | V15: 20553 | W15: 1281495 | Y15: 30295 | Z15: 28046 | AA15: 5121 | AB15: 97122 | AD15: 39037 | AE15: 258494 | AK15: 7258887.2
A16: 10 | B16: 7175840 | E16: 70 | F16: 2467 | G16: 68209 | I16: 241040 | J16: 818387 | K16: 466400 | N16: 380.39 | O16: ='Entries Feb.''25'!A16 -> 10 | P16: 167897 | Q16: 4432 | R16: 886597 | T16: 31700 | V16: 20553 | W16: 1281495 | Y16: 30295 | Z16: 28078 | AA16: 5129 | AB16: 97122 | AD16: 39037 | AE16: 258494 | AK16: 7258923.6
A17: 11 | B17: 7178550 | E17: 70 | F17: 2485 | G17: 68209 | I17: 244511 | J17: 821671 | K17: 466400 | N17: 400.39 | O17: ='Entries Feb.''25'!A17 -> 11 | P17: 168104 | Q17: 4538 | R17: 886820 | T17: 31885 | V17: 20567 | W17: 1281570 | Y17: 30360 | Z17: 28153 | AA17: 5151 | AB17: 97122 | AD17: 39060 | AE17: 258494 | AK17: 7258937
A18: 12 | B18: 7181770 | E18: 70 | F18: 2505.9 | G18: 68209 | I18: 248842 | J18: 825769 | K18: 466400 | N18: 434.97 | O18: ='Entries Feb.''25'!A18 -> 12 | P18: 168260 | Q18: 4756 | R18: 887095 | T18: 32150 | V18: 20577 | W18: 1281800 | Y18: 30415 | Z18: 28250 | AA18: 5178 | AB18: 97122 | AD18: 39086 | AE18: 258494 | AK18: 7258954.9
A19: 13 | B19: 7185050 | E19: 70 | F19: 2526.6 | G19: 68209 | I19: 253095 | J19: 829789 | K19: 466400 | N19: 466.37 | O19: ='Entries Feb.''25'!A19 -> 13 | P19: 168537 | Q19: 4924 | R19: 887294 | T19: 32365 | V19: 20577 | W19: 1281977 | Y19: 30444 | Z19: 28336 | AA19: 5209 | AB19: 97122 | AD19: 39110 | AE19: 258494 | AK19: 7258954.9
A20: 14 | B20: 7188620 | E20: 70 | F20: 2548.9 | G20: 68209 | I20: 257441 | J20: 833895 | K20: 466400 | N20: 503.51 | O20: ='Entries Feb.''25'!A20 -> 14 | P20: 168708 | Q20: 5180 | R20: 887530 | T20: 32623 | V20: 20582 | W20: 1282247 | Y20: 30506 | Z20: 28421 | AA20: 5237 | AB20: 97122 | AD20: 39133 | AE20: 258494 | AK20: 7258954.9
A21: 15 | B21: 7191430 | E21: 70 | F21: 2568.4 | G21: 68209 | I21: 261216 | J21: 837460 | K21: 466400 | N21: 526.71 | O21: ='Entries Feb.''25'!A21 -> 15 | P21: 168922 | Q21: 5436 | R21: 887699 | T21: 32832 | V21: 20586 | W21: 1282516 | Y21: 30544 | Z21: 28478 | AA21: 5259 | AB21: 97122 | AD21: 39150 | AE21: 258494 | AK21: 7258954.9
A22: 16 | B22: 7191810 | E22: 70 | F22: 2572.1 | G22: 68209 | I22: 263327 | J22: 839449 | K22: 466400 | N22: 526.71 | O22: ='Entries Feb.''25'!A22 -> 16 | P22: 168922 | Q22: 5626 | R22: 887760 | T22: 32832 | V22: 20586 | W22: 1282716 | Y22: 30544 | Z22: 28501 | AA22: 5267 | AB22: 97122 | AD22: 39152 | AE22: 258494 | AK22: 7258954.9
A23: 17 | B23: 7192460 | E23: 70 | F23: 2577.3 | G23: 68209 | I23: 265516 | J23: 841516 | K23: 466400 | N23: 526.71 | O23: ='Entries Feb.''25'!A23 -> 17 | P23: 168972 | Q23: 5626 | R23: 887786 | T23: 32832 | V23: 20586 | W23: 1282716 | Y23: 30546 | Z23: 28508 | AA23: 5278 | AB23: 97122 | AD23: 39152 | AE23: 258496 | AK23: 7258954.9
... A34: 28 | B34: 7220330 | E34: 70 | F34: 2772.4 | G34: 68209 | I34: 308594 | J34: 882226 | K34: 466400 | N34: 694 | O34: ='Entries Feb.''25'!A34 -> 28 | P34: 170538 | Q34: 7748 | R34: 889677 | T34: 34865 | V34: 20633 | W34: 1284954 | Y34: 31006 | Z34: 29106 | AA34: 5476 | AB34: 97122 | AD34: 39320 | AE34: 258781 | AK34: 7266613
A35: 29 | B35: 7222980 | E35: 70 | F35: 2791 | G35: 68209 | I35: 312699 | J35: 886109 | K35: 466400 | N35: 710 | O35: 29 | P35: 170538 | Q35: 8010 | R35: 889883 | T35: 35099 | V35: 20636 | W35: 1285230 | Y35: 31073 | Z35: 29173 | AA35: 5490 | AB35: 97122 | AD35: 39340 | AE35: 258781 | AK35: 7266613
A36: 1 | O36: ='Entries Feb.''25'!A36 -> 1
A37: 2 | O37: ='Entries Feb.''25'!A37 -> 2
A38: 3 | O38: ='Entries Feb.''25'!A38 -> 3
B39: =B35-B7 -> 62060 | C39: =C35-C7 -> 0 | D39: =D35-D7 -> 0 | E39: =E35-E7 -> 0 | F39: =F35-F7 -> 424.6 | G39: =G35-G7 -> 1 | H39: =H35-H7 -> 0 | I39: =I35-I7 -> 99919 | ... AO39: =AO35-AO7 -> 0
B40: =B16-B12 -> 4430 | C40: =C16-C13 -> 0
K42: =J42+I42 -> 0
I47: =I31-I30 -> 4040 | J47: =J31-J30 -> 3817
N50: 2339980.8
N51: 2339980.8
N52: 2354366.5
N53: 2373680.2

Sheet Utility Analysis Feb. 2025
D2: GRENADA BREWERIES LIMITED
D3: UTILITY ANALYSIS
A5: MONTH: | C5: 39295
A7: DATE | B7: ELECTRICITY | C7: WATER | D7: FUEL | E7: CO2 | F7: PRODUCTION - HL | K7: UTILITY RATIOS
K8: Elect | L8: Water | M8: Fuel | N8: CO2 | O8: Comments
B9: USAGE (kwh) | C9: USAGE (Hl) | D9: USAGE (l) | E9: USAGE (Kg.) | F9: BREWED | G9: BOTTLED | H9: KEGS | I9: OTHER | J9: TOTAL | K9: KWH/Hl | L9: Hl/hl | M9: Litres/hl | N9: kg./Hl
A10: 1 | B10: =IF(('Entries Feb.''25'!I8-'Entries Feb.''25'!I7)+('Entries Feb.''25'!J8-'Entries Feb.''25'!J7)<1,"0",('Entries Feb.''25'!I8-'Entries Feb.''25'!I7)+('Entries Feb.''25'!J8-'Entries Feb.''25'!J7)) -> 5855 | C10: ='Water '!$R$7 -> 2550 | D10: =IF('Entries Feb.''25'!B8-'Entries Feb.''25'!B7<1,"0",'Entries Feb.''25'!B8-'Entries Feb.''25'!B7) -> 200 | E10: ='Co2 '!B7 -> 0 | F10: =+'PROD.FIG. '!F5 -> 0 | G10: =+'PROD.FIG. '!C5 -> 0 | H10: =+'PROD.FIG. '!D5 -> 0 | I10: =+'PROD.FIG. '!E5 -> 0 | K10: =IF(SUM($G10:$H10)<1,0,B10/SUM($G10:$H10)) -> 0 | L10: =IF(SUM($G10:$H10)<1,0,C10/SUM($G10:$H10)) -> 0 | M10: =IF(SUM($G10:$H10)<1,0,D10/SUM($G10:$H10)) -> 0 | N10: =IF(SUM($G10:$H10)<1,0,E10/SUM($G10:$H10)) -> 0
A11: 2 | B11: =IF(('Entries Feb.''25'!I9-'Entries Feb.''25'!I8)+('Entries Feb.''25'!J9-'Entries Feb.''25'!J8)<1,"0",('Entries Feb.''25'!I9-'Entries Feb.''25'!I8)+('Entries Feb.''25'!J9-'Entries Feb.''25'!J8)) -> 3460 | C11: ='Water '!$R$8 -> -2710 | D11: =IF('Entries Feb.''25'!B9-'Entries Feb.''25'!B8<1,"0",'Entries Feb.''25'!B9-'Entries Feb.''25'!B8) -> 760 | E11: ='Co2 '!B8 -> 0 | F11: =+'PROD.FIG. '!F6 -> 0 | G11: =+'PROD.FIG. '!C6 -> 0 | H11: =+'PROD.FIG. '!D6 -> 0 | I11: =+'PROD.FIG. '!E6 -> 0 | K11: =IF(SUM($G11:$H11)<1,0,B11/SUM($G11:$H11)) -> 0 | L11: =IF(SUM($G11:$H11)<1,0,C11/SUM($G11:$H11)) -> 0 | M11: =IF(SUM($G11:$H11)<1,0,D11/SUM($G11:$H11)) -> 0 | N11: =IF(SUM($G11:$H11)<1,0,E11/SUM($G11:$H11)) -> 0
A12: 3 | B12: =IF(('Entries Feb.''25'!I10-'Entries Feb.''25'!I9)+('Entries Feb.''25'!J10-'Entries Feb.''25'!J9)<1,"0",('Entries Feb.''25'!I10-'Entries Feb.''25'!I9)+('Entries Feb.''25'!J10-'Entries Feb.''25'!J9)) -> 7875 | C12: ='Water '!$R$9 -> 630 | D12: =IF('Entries Feb.''25'!B10-'Entries Feb.''25'!B9<1,"0",'Entries Feb.''25'!B10-'Entries Feb.''25'!B9) -> 3100 | E12: ='Co2 '!B9 -> 29.34 | F12: =+'PROD.FIG. '!F7 -> 0 | G12: =+'PROD.FIG. '!C7 -> 0 | H12: =+'PROD.FIG. '!D7 -> 0 | I12: =+'PROD.FIG. '!E7 -> 0 | K12: =IF(SUM($G12:$H12)<1,0,B12/SUM($G12:$H12)) -> 0 | L12: =IF(SUM($G12:$H12)<1,0,C12/SUM($G12:$H12)) -> 0 | M12: =IF(SUM($G12:$H12)<1,0,D12/SUM($G12:$H12)) -> 0 | N12: =IF(SUM($G12:$H12)<1,0,E12/SUM($G12:$H12)) -> 0
A13: 4 | B13: =IF(('Entries Feb.''25'!I11-'Entries Feb.''25'!I10)+('Entries Feb.''25'!J11-'Entries Feb.''25'!J10)<1,"0",('Entries Feb.''25'!I11-'Entries Feb.''25'!I10)+('Entries Feb.''25'!J11-'Entries Feb.''25'!J10)) -> 7756 | C13: ='Water '!$R$10 -> 1410 | D13: =IF('Entries Feb.''25'!B11-'Entries Feb.''25'!B10<1,"0",'Entries Feb.''25'!B11-'Entries Feb.''25'!B10) -> 3030 | E13: ='Co2 '!B10 -> 43.05 | F13: =+'PROD.FIG. '!F8 -> 0 | G13: =+'PROD.FIG. '!C8 -> 0 | H13: =+'PROD.FIG. '!D8 -> 0 | I13: =+'PROD.FIG. '!E8 -> 0 | K13: =IF(SUM($G13:$H13)<1,0,B13/SUM($G13:$H13)) -> 0 | L13: =IF(SUM($G13:$H13)<1,0,C13/SUM($G13:$H13)) -> 0 | M13: =IF(SUM($G13:$H13)<1,0,D13/SUM($G13:$H13)) -> 0 | N13: =IF(SUM($G13:$H13)<1,0,E13/SUM($G13:$H13)) -> 0
A14: 5 | B14: =IF(('Entries Feb.''25'!I12-'Entries Feb.''25'!I11)+('Entries Feb.''25'!J12-'Entries Feb.''25'!J11)<1,"0",('Entries Feb.''25'!I12-'Entries Feb.''25'!I11)+('Entries Feb.''25'!J12-'Entries Feb.''25'!J11)) -> 8477 | C14: ='Water '!$R$11 -> 2810 | D14: =IF('Entries Feb.''25'!B12-'Entries Feb.''25'!B11<1,"0",'Entries Feb.''25'!B12-'Entries Feb.''25'!B11) -> 3400 | E14: ='Co2 '!B11 -> 40.72 | F14: =+'PROD.FIG. '!F9 -> 0 | G14: =+'PROD.FIG. '!C9 -> 0 | H14: =+'PROD.FIG. '!D9 -> 0 | I14: =+'PROD.FIG. '!E9 -> 0 | K14: =IF(SUM($G14:$H14)<1,0,B14/SUM($G14:$H14)) -> 0 | L14: =IF(SUM($G14:$H14)<1,0,C14/SUM($G14:$H14)) -> 0 | M14: =IF(SUM($G14:$H14)<1,0,D14/SUM($G14:$H14)) -> 0 | N14: =IF(SUM($G14:$H14)<1,0,E14/SUM($G14:$H14)) -> 0
A15: 6 | B15: =IF(('Entries Feb.''25'!I13-'Entries Feb.''25'!I12)+('Entries Feb.''25'!J13-'Entries Feb.''25'!J12)<1,"0",('Entries Feb.''25'!I13-'Entries Feb.''25'!I12)+('Entries Feb.''25'!J13-'Entries Feb.''25'!J12)) -> 7797 | C15: ='Water '!$R$12 -> 1360 | D15: =IF('Entries Feb.''25'!B13-'Entries Feb.''25'!B12<1,"0",'Entries Feb.''25'!B13-'Entries Feb.''25'!B12) -> 2920 | E15: ='Co2 '!B12 -> 4.39 | F15: =+'PROD.FIG. '!F10 -> 0 | G15: =+'PROD.FIG. '!C10 -> 0 | H15: =+'PROD.FIG. '!D10 -> 0 | I15: =+'PROD.FIG. '!E10 -> 0 | K15: =IF(SUM($G15:$H15)<1,0,B15/SUM($G15:$H15)) -> 0 | L15: =IF(SUM($G15:$H15)<1,0,C15/SUM($G15:$H15)) -> 0 | M15: =IF(SUM($G15:$H15)<1,0,D15/SUM($G15:$H15)) -> 0 | N15: =IF(SUM($G15:$H15)<1,0,E15/SUM($G15:$H15)) -> 0
A16: 7 | B16: =IF(('Entries Feb.''25'!I14-'Entries Feb.''25'!I13)+('Entries Feb.''25'!J14-'Entries Feb.''25'!J13)<1,"0",('Entries Feb.''25'!I14-'Entries Feb.''25'!I13)+('Entries Feb.''25'!J14-'Entries Feb.''25'!J13)) -> 3697 | C16: ='Water '!$R$13 -> 2990 | D16: =IF('Entries Feb.''25'!B14-'Entries Feb.''25'!B13<1,"0",'Entries Feb.''25'!B14-'Entries Feb.''25'!B13) -> 0 | E16: ='Co2 '!B13 -> 0 | F16: =+'PROD.FIG. '!F11 -> 0 | G16: =+'PROD.FIG. '!C11 -> 0 | H16: =+'PROD.FIG. '!D11 -> 0 | I16: =+'PROD.FIG. '!E11 -> 0 | K16: =IF(SUM($G16:$H16)<1,0,B16/SUM($G16:$H16)) -> 0 | L16: =IF(SUM($G16:$H16)<1,0,C16/SUM($G16:$H16)) -> 0 | M16: =IF(SUM($G16:$H16)<1,0,D16/SUM($G16:$H16)) -> 0 | N16: =IF(SUM($G16:$H16)<1,0,E16/SUM($G16:$H16)) -> 0
A17: 8 | B17: =IF(('Entries Feb.''25'!I15-'Entries Feb.''25'!I14)+('Entries Feb.''25'!J15-'Entries Feb.''25'!J14)<1,"0",('Entries Feb.''25'!I15-'Entries Feb.''25'!I14)+('Entries Feb.''25'!J15-'Entries Feb.''25'!J14)) -> 4659 | C17: ='Water '!$R$14 -> 190 | D17: =IF('Entries Feb.''25'!B15-'Entries Feb.''25'!B14<1,"0",'Entries Feb.''25'!B15-'Entries Feb.''25'!B14) -> 410 | E17: ='Co2 '!B14 -> 0 | F17: =+'PROD.FIG. '!F12 -> 0 | G17: =+'PROD.FIG. '!C12 -> 0 | H17: =+'PROD.FIG. '!D12 -> 0 | I17: =+'PROD.FIG. '!E12 -> 0 | K17: =IF(SUM($G17:$H17)<1,0,B17/SUM($G17:$H17)) -> 0 | L17: =IF(SUM($G17:$H17)<1,0,C17/SUM($G17:$H17)) -> 0 | M17: =IF(SUM($G17:$H17)<1,0,D17/SUM($G17:$H17)) -> 0 | N17: =IF(SUM($G17:$H17)<1,0,E17/SUM($G17:$H17)) -> 0
A18: 9 | B18: =IF(('Entries Feb.''25'!I16-'Entries Feb.''25'!I15)+('Entries Feb.''25'!J16-'Entries Feb.''25'!J15)<1,"0",('Entries Feb.''25'!I16-'Entries Feb.''25'!I15)+('Entries Feb.''25'!J16-'Entries Feb.''25'!J15)) -> 5407 | C18: ='Water '!$R$15 -> 1170 | D18: =IF('Entries Feb.''25'!B16-'Entries Feb.''25'!B15<1,"0",'Entries Feb.''25'!B16-'Entries Feb.''25'!B15) -> 1100 | E18: ='Co2 '!B15 -> 0 | F18: =+'PROD.FIG. '!F13 -> 0 | G18: =+'PROD.FIG. '!C13 -> 0 | H18: =+'PROD.FIG. '!D13 -> 0 | I18: =+'PROD.FIG. '!E13 -> 0 | K18: =IF(SUM($G18:$H18)<1,0,B18/SUM($G18:$H18)) -> 0 | L18: =IF(SUM($G18:$H18)<1,0,C18/SUM($G18:$H18)) -> 0 | M18: =IF(SUM($G18:$H18)<1,0,D18/SUM($G18:$H18)) -> 0 | N18: =IF(SUM($G18:$H18)<1,0,E18/SUM($G18:$H18)) -> 0
A19: 10 | B19: =IF(('Entries Feb.''25'!I17-'Entries Feb.''25'!I16)+('Entries Feb.''25'!J17-'Entries Feb.''25'!J16)<1,"0",('Entries Feb.''25'!I17-'Entries Feb.''25'!I16)+('Entries Feb.''25'!J17-'Entries Feb.''25'!J16)) -> 6755 | C19: ='Water '!$R$16 -> 2380 | D19: =IF('Entries Feb.''25'!B17-'Entries Feb.''25'!B16<1,"0",'Entries Feb.''25'!B17-'Entries Feb.''25'!B16) -> 2710 | E19: ='Co2 '!B16 -> 20 | F19: =+'PROD.FIG. '!F14 -> 0 | G19: =+'PROD.FIG. '!C14 -> 0 | H19: =+'PROD.FIG. '!D14 -> 0 | I19: =+'PROD.FIG. '!E14 -> 0 | K19: =IF(SUM($G19:$H19)<1,0,B19/SUM($G19:$H19)) -> 0 | L19: =IF(SUM($G19:$H19)<1,0,C19/SUM($G19:$H19)) -> 0 | M19: =IF(SUM($G19:$H19)<1,0,D19/SUM($G19:$H19)) -> 0 | N19: =IF(SUM($G19:$H19)<1,0,E19/SUM($G19:$H19)) -> 0
A20: 11 | B20: =IF(('Entries Feb.''25'!I18-'Entries Feb.''25'!I17)+('Entries Feb.''25'!J18-'Entries Feb.''25'!J17)<1,"0",('Entries Feb.''25'!I18-'Entries Feb.''25'!I17)+('Entries Feb.''25'!J18-'Entries Feb.''25'!J17)) -> 8429 | C20: ='Water '!$R$17 -> 1440 | D20: =IF('Entries Feb.''25'!B18-'Entries Feb.''25'!B17<1,"0",'Entries Feb.''25'!B18-'Entries Feb.''25'!B17) -> 3220 | E20: ='Co2 '!B17 -> 34.58 | F20: =+'PROD.FIG. '!F15 -> 0 | G20: =+'PROD.FIG. '!C15 -> 0 | H20: =+'PROD.FIG. '!D15 -> 0 | I20: =+'PROD.FIG. '!E15 -> 0 | K20: =IF(SUM($G20:$H20)<1,0,B20/SUM($G20:$H20)) -> 0 | L20: =IF(SUM($G20:$H20)<1,0,C20/SUM($G20:$H20)) -> 0 | M20: =IF(SUM($G20:$H20)<1,0,D20/SUM($G20:$H20)) -> 0 | N20: =IF(SUM($G20:$H20)<1,0,E20/SUM($G20:$H20)) -> 0
A21: 12 | B21: =IF(('Entries Feb.''25'!I19-'Entries Feb.''25'!I18)+('Entries Feb.''25'!J19-'Entries Feb.''25'!J18)<1,"0",('Entries Feb.''25'!I19-'Entries Feb.''25'!I18)+('Entries Feb.''25'!J19-'Entries Feb.''25'!J18)) -> 8273 | C21: ='Water '!$R$18 -> 2680 | D21: =IF('Entries Feb.''25'!B19-'Entries Feb.''25'!B18<1,"0",'Entries Feb.''25'!B19-'Entries Feb.''25'!B18) -> 3280 | E21: ='Co2 '!B18 -> 31.4 | F21: =+'PROD.FIG. '!F16 -> 0 | G21: =+'PROD.FIG. '!C16 -> 0 | H21: =+'PROD.FIG. '!D16 -> 0 | I21: =+'PROD.FIG. '!E16 -> 0 | K21: =IF(SUM($G21:$H21)<1,0,B21/SUM($G21:$H21)) -> 0 | L21: =IF(SUM($G21:$H21)<1,0,C21/SUM($G21:$H21)) -> 0 | M21: =IF(SUM($G21:$H21)<1,0,D21/SUM($G21:$H21)) -> 0 | N21: =IF(SUM($G21:$H21)<1,0,E21/SUM($G21:$H21)) -> 0
A22: 13 | B22: =IF(('Entries Feb.''25'!I20-'Entries Feb.''25'!I19)+('Entries Feb.''25'!J20-'Entries Feb.''25'!J19)<1,"0",('Entries Feb.''25'!I20-'Entries Feb.''25'!I19)+('Entries Feb.''25'!J20-'Entries Feb.''25'!J19)) -> 8452 | C22: ='Water '!$R$19 -> 1570 | D22: =IF('Entries Feb.''25'!B20-'Entries Feb.''25'!B19<1,"0",'Entries Feb.''25'!B20-'Entries Feb.''25'!B19) -> 3570 | E22: ='Co2 '!B19 -> 37.14 | F22: =+'PROD.FIG. '!F17 -> 0 | G22: =+'PROD.FIG. '!C17 -> 0 | H22: =+'PROD.FIG. '!D17 -> 0 | I22: =+'PROD.FIG. '!E17 -> 0 | K22: =IF(SUM($G22:$H22)<1,0,B22/SUM($G22:$H22)) -> 0 | L22: =IF(SUM($G22:$H22)<1,0,C22/SUM($G22:$H22)) -> 0 | M22: =IF(SUM($G22:$H22)<1,0,D22/SUM($G22:$H22)) -> 0 | N22: =IF(SUM($G22:$H22)<1,0,E22/SUM($G22:$H22)) -> 0
A23: 14 | B23: =IF(('Entries Feb.''25'!I21-'Entries Feb.''25'!I20)+('Entries Feb.''25'!J21-'Entries Feb.''25'!J20)<1,"0",('Entries Feb.''25'!I21-'Entries Feb.''25'!I20)+('Entries Feb.''25'!J21-'Entries Feb.''25'!J20)) -> 7340 | C23: ='Water '!$R$20 -> 2010 | D23: =IF('Entries Feb.''25'!B21-'Entries Feb.''25'!B20<1,"0",'Entries Feb.''25'!B21-'Entries Feb.''25'!B20) -> 2810 | E23: ='Co2 '!B20 -> 23.2 | F23: =+'PROD.FIG. '!F18 -> 0 | G23: =+'PROD.FIG. '!C18 -> 0 | H23: =+'PROD.FIG. '!D18 -> 0 | I23: =+'PROD.FIG. '!E18 -> 0 | K23: =IF(SUM($G23:$H23)<1,0,B23/SUM($G23:$H23)) -> 0 | L23: =IF(SUM($G23:$H23)<1,0,C23/SUM($G23:$H23)) -> 0 | M23: =IF(SUM($G23:$H23)<1,0,D23/SUM($G23:$H23)) -> 0 | N23: =IF(SUM($G23:$H23)<1,0,E23/SUM($G23:$H23)) -> 0
A24: 15 | B24: =IF(('Entries Feb.''25'!I22-'Entries Feb.''25'!I21)+('Entries Feb.''25'!J22-'Entries Feb.''25'!J21)<1,"0",('Entries Feb.''25'!I22-'Entries Feb.''25'!I21)+('Entries Feb.''25'!J22-'Entries Feb.''25'!J21)) -> 4100 | C24: ='Water '!$R$21 -> -100 | D24: =IF('Entries Feb.''25'!B22-'Entries Feb.''25'!B21<1,"0",'Entries Feb.''25'!B22-'Entries Feb.''25'!B21) -> 380 | E24: ='Co2 '!B21 -> 0 | F24: =+'PROD.FIG. '!F19 -> 0 | G24: =+'PROD.FIG. '!C19 -> 0 | H24: =+'PROD.FIG. '!D19 -> 0 | I24: =+'PROD.FIG. '!E19 -> 0 | K24: =IF(SUM($G24:$H24)<1,0,B24/SUM($G24:$H24)) -> 0 | L24: =IF(SUM($G24:$H24)<1,0,C24/SUM($G24:$H24)) -> 0 | M24: =IF(SUM($G24:$H24)<1,0,D24/SUM($G24:$H24)) -> 0 | N24: =IF(SUM($G24:$H24)<1,0,E24/SUM($G24:$H24)) -> 0
A25: 16 | B25: =IF(('Entries Feb.''25'!I23-'Entries Feb.''25'!I22)+('Entries Feb.''25'!J23-'Entries Feb.''25'!J22)<1,"0",('Entries Feb.''25'!I23-'Entries Feb.''25'!I22)+('Entries Feb.''25'!J23-'Entries Feb.''25'!J22)) -> 4256 | C25: ='Water '!$R$22 -> 500 | D25: =IF('Entries Feb.''25'!B23-'Entries Feb.''25'!B22<1,"0",'Entries Feb.''25'!B23-'Entries Feb.''25'!B22) -> 650 | E25: ='Co2 '!B22 -> 0 | F25: =+'PROD.FIG. '!F20 -> 0 | G25: =+'PROD.FIG. '!C20 -> 0 | H25: =+'PROD.FIG. '!D20 -> 0 | I25: =+'PROD.FIG. '!E20 -> 0 | K25: =IF(SUM($G25:$H25)<1,0,B25/SUM($G25:$H25)) -> 0 | L25: =IF(SUM($G25:$H25)<1,0,C25/SUM($G25:$H25)) -> 0 | M25: =IF(SUM($G25:$H25)<1,0,D25/SUM($G25:$H25)) -> 0 | N25: =IF(SUM($G25:$H25)<1,0,E25/SUM($G25:$H25)) -> 0
A26: 17 | B26: =IF(('Entries Feb.''25'!I24-'Entries Feb.''25'!I23)+('Entries Feb.''25'!J24-'Entries Feb.''25'!J23)<1,"0",('Entries Feb.''25'!I24-'Entries Feb.''25'!I23)+('Entries Feb.''25'!J24-'Entries Feb.''25'!J23)) -> 7897 | C26: ='Water '!$R$23 -> 1250 | D26: =IF('Entries Feb.''25'!B24-'Entries Feb.''25'!B23<1,"0",'Entries Feb.''25'!B24-'Entries Feb.''25'!B23) -> 2850 | E26: ='Co2 '!B23 -> 21.09 | F26: =+'PROD.FIG. '!F21 -> 0 | G26: =+'PROD.FIG. '!C21 -> 0 | H26: =+'PROD.FIG. '!D21 -> 0 | I26: =+'PROD.FIG. '!E21 -> 0 | K26: =IF(SUM($G26:$H26)<1,0,B26/SUM($G26:$H26)) -> 0 | L26: =IF(SUM($G26:$H26)<1,0,C26/SUM($G26:$H26)) -> 0 | M26: =IF(SUM($G26:$H26)<1,0,D26/SUM($G26:$H26)) -> 0 | N26: =IF(SUM($G26:$H26)<1,0,E26/SUM($G26:$H26)) -> 0
A27: 18 | B27: =IF(('Entries Feb.''25'!I25-'Entries Feb.''25'!I24)+('Entries Feb.''25'!J25-'Entries Feb.''25'!J24)<1,"0",('Entries Feb.''25'!I25-'Entries Feb.''25'!I24)+('Entries Feb.''25'!J25-'Entries Feb.''25'!J24)) -> 8686 | C27: ='Water '!$R$24 -> 2540 | D27: =IF('Entries Feb.''25'!B25-'Entries Feb.''25'!B24<1,"0",'Entries Feb.''25'!B25-'Entries Feb.''25'!B24) -> 3020 | E27: ='Co2 '!B24 -> 20.29 | F27: =+'PROD.FIG. '!F22 -> 0 | G27: =+'PROD.FIG. '!C22 -> 0 | H27: =+'PROD.FIG. '!D22 -> 0 | I27: =+'PROD.FIG. '!E22 -> 0 | K27: =IF(SUM($G27:$H27)<1,0,B27/SUM($G27:$H27)) -> 0 | L27: =IF(SUM($G27:$H27)<1,0,C27/SUM($G27:$H27)) -> 0 | M27: =IF(SUM($G27:$H27)<1,0,D27/SUM($G27:$H27)) -> 0 | N27: =IF(SUM($G27:$H27)<1,0,E27/SUM($G27:$H27)) -> 0
A28: 19 | B28: =IF(('Entries Feb.''25'!I26-'Entries Feb.''25'!I25)+('Entries Feb.''25'!J26-'Entries Feb.''25'!J25)<1,"0",('Entries Feb.''25'!I26-'Entries Feb.''25'!I25)+('Entries Feb.''25'!J26-'Entries Feb.''25'!J25)) -> 8826 | C28: ='Water '!$R$25 -> 1670 | D28: =IF('Entries Feb.''25'!B26-'Entries Feb.''25'!B25<1,"0",'Entries Feb.''25'!B26-'Entries Feb.''25'!B25) -> 3160 | E28: ='Co2 '!B25 -> 24.34 | F28: =+'PROD.FIG. '!F23 -> 0 | G28: =+'PROD.FIG. '!C23 -> 0 | H28: =+'PROD.FIG. '!D23 -> 0 | I28: =+'PROD.FIG. '!E23 -> 0 | K28: =IF(SUM($G28:$H28)<1,0,B28/SUM($G28:$H28)) -> 0 | L28: =IF(SUM($G28:$H28)<1,0,C28/SUM($G28:$H28)) -> 0 | M28: =IF(SUM($G28:$H28)<1,0,D28/SUM($G28:$H28)) -> 0 | N28: =IF(SUM($G28:$H28)<1,0,E28/SUM($G28:$H28)) -> 0
A29: 20 | B29: =IF(('Entries Feb.''25'!I27-'Entries Feb.''25'!I26)+('Entries Feb.''25'!J27-'Entries Feb.''25'!J26)<1,"0",('Entries Feb.''25'!I27-'Entries Feb.''25'!I26)+('Entries Feb.''25'!J27-'Entries Feb.''25'!J26)) -> 8615 | C29: ='Water '!$R$26 -> 1490 | D29: =IF('Entries Feb.''25'!B27-'Entries Feb.''25'!B26<1,"0",'Entries Feb.''25'!B27-'Entries Feb.''25'!B26) -> 2970 | E29: ='Co2 '!B26 -> 18.44 | F29: =+'PROD.FIG. '!F24 -> 0 | G29: =+'PROD.FIG. '!C24 -> 0 | H29: =+'PROD.FIG. '!D24 -> 0 | I29: =+'PROD.FIG. '!E24 -> 0 | K29: =IF(SUM($G29:$H29)<1,0,B29/SUM($G29:$H29)) -> 0 | L29: =IF(SUM($G29:$H29)<1,0,C29/SUM($G29:$H29)) -> 0 | M29: =IF(SUM($G29:$H29)<1,0,D29/SUM($G29:$H29)) -> 0 | N29: =IF(SUM($G29:$H29)<1,0,E29/SUM($G29:$H29)) -> 0
A30: 21 | B30: =IF(('Entries Feb.''25'!I28-'Entries Feb.''25'!I27)+('Entries Feb.''25'!J28-'Entries Feb.''25'!J27)<1,"0",('Entries Feb.''25'!I28-'Entries Feb.''25'!I27)+('Entries Feb.''25'!J28-'Entries Feb.''25'!J27)) -> 8074 | C30: ='Water '!$R$27 -> 1400 | D30: =IF('Entries Feb.''25'!B28-'Entries Feb.''25'!B27<1,"0",'Entries Feb.''25'!B28-'Entries Feb.''25'!B27) -> 2410 | E30: ='Co2 '!B27 -> 14.92 | F30: =+'PROD.FIG. '!F25 -> 0 | G30: =+'PROD.FIG. '!C25 -> 0 | H30: =+'PROD.FIG. '!D25 -> 0 | I30: =+'PROD.FIG. '!E25 -> 0 | K30: =IF(SUM($G30:$H30)<1,0,B30/SUM($G30:$H30)) -> 0 | L30: =IF(SUM($G30:$H30)<1,0,C30/SUM($G30:$H30)) -> 0 | M30: =IF(SUM($G30:$H30)<1,0,D30/SUM($G30:$H30)) -> 0 | N30: =IF(SUM($G30:$H30)<1,0,E30/SUM($G30:$H30)) -> 0
A31: 22 | B31: =IF(('Entries Feb.''25'!I29-'Entries Feb.''25'!I28)+('Entries Feb.''25'!J29-'Entries Feb.''25'!J28)<1,"0",('Entries Feb.''25'!I29-'Entries Feb.''25'!I28)+('Entries Feb.''25'!J29-'Entries Feb.''25'!J28)) -> 4355 | C31: ='Water '!$R$28 -> 1150 | D31: =IF('Entries Feb.''25'!B29-'Entries Feb.''25'!B28<1,"0",'Entries Feb.''25'!B29-'Entries Feb.''25'!B28) -> 340 | E31: ='Co2 '!B28 -> 0 | F31: =+'PROD.FIG. '!F26 -> 0 | G31: =+'PROD.FIG. '!C26 -> 0 | H31: =+'PROD.FIG. '!D26 -> 0 | I31: =+'PROD.FIG. '!E26 -> 0 | K31: =IF(SUM($G31:$H31)<1,0,B31/SUM($G31:$H31)) -> 0 | L31: =IF(SUM($G31:$H31)<1,0,C31/SUM($G31:$H31)) -> 0 | M31: =IF(SUM($G31:$H31)<1,0,D31/SUM($G31:$H31)) -> 0 | N31: =IF(SUM($G31:$H31)<1,0,E31/SUM($G31:$H31)) -> 0
A32: 23 | B32: =IF(('Entries Feb.''25'!I30-'Entries Feb.''25'!I29)+('Entries Feb.''25'!J30-'Entries Feb.''25'!J29)<1,"0",('Entries Feb.''25'!I30-'Entries Feb.''25'!I29)+('Entries Feb.''25'!J30-'Entries Feb.''25'!J29)) -> 4880 | C32: ='Water '!$R$29 -> -40 | D32: =IF('Entries Feb.''25'!B31-'Entries Feb.''25'!B29<1,"0",'Entries Feb.''25'!B31-'Entries Feb.''25'!B29) -> 4120 | E32: ='Co2 '!B29 -> 0.2 | F32: =+'PROD.FIG. '!F27 -> 0 | G32: =+'PROD.FIG. '!C27 -> 0 | H32: =+'PROD.FIG. '!D27 -> 0 | I32: =+'PROD.FIG. '!E27 -> 0 | K32: =IF(SUM($G32:$H32)<1,0,B32/SUM($G32:$H32)) -> 0 | L32: =IF(SUM($G32:$H32)<1,0,C32/SUM($G32:$H32)) -> 0 | M32: =IF(SUM($G32:$H32)<1,0,D32/SUM($G32:$H32)) -> 0 | N32: =IF(SUM($G32:$H32)<1,0,E32/SUM($G32:$H32)) -> 0
A33: 24 | B33: =IF(('Entries Feb.''25'!I31-'Entries Feb.''25'!I30)+('Entries Feb.''25'!J31-'Entries Feb.''25'!J30)<1,"0",('Entries Feb.''25'!I31-'Entries Feb.''25'!I30)+('Entries Feb.''25'!J31-'Entries Feb.''25'!J30)) -> 7857 | C33: ='Water '!$R$30 -> 320 | D33: =IF('Entries Feb.''25'!B32-'Entries Feb.''25'!B31<1,"0",'Entries Feb.''25'!B32-'Entries Feb.''25'!B31) -> 3250 | E33: ='Co2 '!B30 -> 14.34 | F33: =+'PROD.FIG. '!F28 -> 0 | G33: =+'PROD.FIG. '!C28 -> 0 | H33: =+'PROD.FIG. '!D28 -> 0 | I33: =+'PROD.FIG. '!E28 -> 0 | K33: =IF(SUM($G33:$H33)<1,0,B33/SUM($G33:$H33)) -> 0 | L33: =IF(SUM($G33:$H33)<1,0,C33/SUM($G33:$H33)) -> 0 | M33: =IF(SUM($G33:$H33)<1,0,D33/SUM($G33:$H33)) -> 0 | N33: =IF(SUM($G33:$H33)<1,0,E33/SUM($G33:$H33)) -> 0
A34: 25 | B34: =IF(('Entries Feb.''25'!I32-'Entries Feb.''25'!I31)+('Entries Feb.''25'!J32-'Entries Feb.''25'!J31)<1,"0",('Entries Feb.''25'!I32-'Entries Feb.''25'!I31)+('Entries Feb.''25'!J32-'Entries Feb.''25'!J31)) -> 8306 | C34: ='Water '!$R$31 -> -130 | D34: =IF('Entries Feb.''25'!B33-'Entries Feb.''25'!B32<1,"0",'Entries Feb.''25'!B33-'Entries Feb.''25'!B32) -> 2810 | E34: ='Co2 '!B31 -> 19.01 | F34: =+'PROD.FIG. '!F29 -> 0 | G34: =+'PROD.FIG. '!C29 -> 0 | H34: =+'PROD.FIG. '!D29 -> 0 | I34: =+'PROD.FIG. '!E29 -> 0 | K34: =IF(SUM($G34:$H34)<1,0,B34/SUM($G34:$H34)) -> 0 | L34: =IF(SUM($G34:$H34)<1,0,C34/SUM($G34:$H34)) -> 0 | M34: =IF(SUM($G34:$H34)<1,0,D34/SUM($G34:$H34)) -> 0 | N34: =IF(SUM($G34:$H34)<1,0,E34/SUM($G34:$H34)) -> 0
A35: 26 | B35: =IF(('Entries Feb.''25'!I33-'Entries Feb.''25'!I32)+('Entries Feb.''25'!J33-'Entries Feb.''25'!J32)<1,"0",('Entries Feb.''25'!I33-'Entries Feb.''25'!I32)+('Entries Feb.''25'!J33-'Entries Feb.''25'!J32)) -> 7906 | C35: ='Water '!$R$32 -> 3640 | D35: =IF('Entries Feb.''25'!B34-'Entries Feb.''25'!B33<1,"0",'Entries Feb.''25'!B34-'Entries Feb.''25'!B33) -> 2940 | E35: ='Co2 '!B32 -> 28.09 | F35: =+'PROD.FIG. '!F30 -> 0 | G35: =+'PROD.FIG. '!C30 -> 0 | H35: =+'PROD.FIG. '!D30 -> 0 | I35: =+'PROD.FIG. '!E30 -> 0 | K35: =IF(SUM($G35:$H35)<1,0,B35/SUM($G35:$H35)) -> 0 | L35: =IF(SUM($G35:$H35)<1,0,C35/SUM($G35:$H35)) -> 0 | M35: =IF(SUM($G35:$H35)<1,0,D35/SUM($G35:$H35)) -> 0 | N35: =IF(SUM($G35:$H35)<1,0,E35/SUM($G35:$H35)) -> 0
A36: 27 | B36: =IF(('Entries Feb.''25'!I34-'Entries Feb.''25'!I33)+('Entries Feb.''25'!J34-'Entries Feb.''25'!J33)<1,"0",('Entries Feb.''25'!I34-'Entries Feb.''25'!I33)+('Entries Feb.''25'!J34-'Entries Feb.''25'!J33)) -> 8386 | C36: ='Water '!$R$33 -> 1210 | D36: =IF('Entries Feb.''25'!B35-'Entries Feb.''25'!B34<1,"0",'Entries Feb.''25'!B35-'Entries Feb.''25'!B34) -> 2650 | E36: ='Co2 '!B33 -> 6.57 | F36: =+'PROD.FIG. '!F31 -> 0 | G36: =+'PROD.FIG. '!C31 -> 0 | H36: =+'PROD.FIG. '!D31 -> 0 | I36: =+'PROD.FIG. '!E31 -> 0 | K36: =IF(SUM($G36:$H36)<1,0,B36/SUM($G36:$H36)) -> 0 | L36: =IF(SUM($G36:$H36)<1,0,C36/SUM($G36:$H36)) -> 0 | M36: =IF(SUM($G36:$H36)<1,0,D36/SUM($G36:$H36)) -> 0 | N36: =IF(SUM($G36:$H36)<1,0,E36/SUM($G36:$H36)) -> 0
A37: 28 | B37: =IF(('Entries Feb.''25'!I35-'Entries Feb.''25'!I34)+('Entries Feb.''25'!J35-'Entries Feb.''25'!J34)<1,"0",('Entries Feb.''25'!I35-'Entries Feb.''25'!I34)+('Entries Feb.''25'!J35-'Entries Feb.''25'!J34)) -> 7988 | C37: ='Water '!$R$34 -> -140 | D37: =IF('Entries Feb.''25'!B36-'Entries Feb.''25'!B35<1,"0",'Entries Feb.''25'!B36-'Entries Feb.''25'!B35) -> 0 | E37: ='Co2 '!B34 -> 16 | F37: =+'PROD.FIG. '!F32 -> 0 | G37: =+'PROD.FIG. '!C32 -> 0 | H37: =+'PROD.FIG. '!D32 -> 0 | I37: =+'PROD.FIG. '!E32 -> 0 | K37: =IF(SUM($G37:$H37)<1,0,B37/SUM($G37:$H37)) -> 0 | L37: =IF(SUM($G37:$H37)<1,0,C37/SUM($G37:$H37)) -> 0 | M37: =IF(SUM($G37:$H37)<1,0,D37/SUM($G37:$H37)) -> 0 | N37: =IF(SUM($G37:$H37)<1,0,E37/SUM($G37:$H37)) -> 0
A38: 29 | B38: =IF(('Entries Feb.''25'!I36-'Entries Feb.''25'!I35)+('Entries Feb.''25'!J36-'Entries Feb.''25'!J35)<1,"0",('Entries Feb.''25'!I36-'Entries Feb.''25'!I35)+('Entries Feb.''25'!J36-'Entries Feb.''25'!J35)) -> 0 | C38: ='Water '!$R$35 -> 0 | D38: =IF('Entries Feb.''25'!B37-'Entries Feb.''25'!B36<1,"0",'Entries Feb.''25'!B37-'Entries Feb.''25'!B36) -> 0 | E38: ='Co2 '!B35 -> 0 | F38: =+'PROD.FIG. '!F33 -> 0 | G38: =+'PROD.FIG. '!C33 -> 0 | H38: =+'PROD.FIG. '!D33 -> 0 | I38: =+'PROD.FIG. '!E33 -> 0 | K38: =IF(SUM($G38:$H38)<1,0,B38/SUM($G38:$H38)) -> 0 | L38: =IF(SUM($G38:$H38)<1,0,C38/SUM($G38:$H38)) -> 0 | M38: =IF(SUM($G38:$H38)<1,0,D38/SUM($G38:$H38)) -> 0 | N38: =IF(SUM($G38:$H38)<1,0,E38/SUM($G38:$H38)) -> 0
A39: 30 | B39: =IF(('Entries Feb.''25'!AD37-'Entries Feb.''25'!AD36)+('Entries Feb.''25'!AE37-'Entries Feb.''25'!AE36)<1,"0",('Entries Feb.''25'!AD37-'Entries Feb.''25'!AD36)+('Entries Feb.''25'!AE37-'Entries Feb.''25'!AE36)) -> 0 | C39: ='Water '!$R$36 -> 0 | D39: =IF('Entries Feb.''25'!B38-'Entries Feb.''25'!B37<1,"0",'Entries Feb.''25'!B38-'Entries Feb.''25'!B37) -> 0 | E39: ='Co2 '!B36 -> 0 | F39: =+'PROD.FIG. '!F34 -> 0 | G39: =+'PROD.FIG. '!C34 -> 0 | H39: =+'PROD.FIG. '!D34 -> 0 | I39: =+'PROD.FIG. '!E34 -> 0 | K39: =IF(SUM($G39:$H39)<1,0,B39/SUM($G39:$H39)) -> 0 | L39: =IF(SUM($G39:$H39)<1,0,C39/SUM($G39:$H39)) -> 0 | M39: =IF(SUM($G39:$H39)<1,0,D39/SUM($G39:$H39)) -> 0 | N39: =IF(SUM($G39:$H39)<1,0,E39/SUM($G39:$H39)) -> 0
A40: 31 | B40: ='Elec.Feb''25'!B37 -> 0 | C40: ='Water '!$R$37 -> 0 | D40: =IF('Entries Feb.''25'!B39-'Entries Feb.''25'!B38<1,"0",'Entries Feb.''25'!B39-'Entries Feb.''25'!B38) -> 62060 | E40: ='Co2 '!B37 -> 0 | F40: =+'PROD.FIG. '!F35 -> 0 | G40: =+'PROD.FIG. '!C35 -> 0 | H40: =+'PROD.FIG. '!D35 -> 0 | I40: =+'PROD.FIG. '!E35 -> 0 | K40: =IF(SUM($G40:$H40)<1,0,B40/SUM($G40:$H40)) -> 0 | L40: =IF(SUM($G40:$H40)<1,0,C40/SUM($G40:$H40)) -> 0 | M40: =IF(SUM($G40:$H40)<1,0,D40/SUM($G40:$H40)) -> 0 | N40: =IF(SUM($G40:$H40)<1,0,E40/SUM($G40:$H40)) -> 0
B42: Kwhr | C42: Hl | D42: L | E42: kg. | F42: hl | G42: hl | H42: hl | I42: hl | J42: hl | K42: KWH/Hl | L42: Hl/hl | M42: Litres/hl | N42: kg./Hl
A43: Total | B43: =SUM(B10:B40) -> 194364 | C43: =SUM(C10:C40) -> 35240 | D43: =SUM(D10:D37) -> 62060 | E43: =SUM(E10:E37) -> 447.11 | F43: =SUM(F10:F41) -> 0 | G43: =SUM(G10:G42) -> 0 | H43: =SUM(H10:H42) -> 0 | I43: =SUM(I10:I42) -> 0 | J43: =SUM(J10:J42) -> 0 | K43: =IF(SUM($G43:$H43)<1,0,B43/SUM($G43:$H43)) -> 0 | L43: =IF(SUM($G43:$H43)<1,0,C43/SUM($G43:$H43)) -> 0 | M43: =IF(SUM($G43:$H43)<1,0,D43/SUM($G43:$H43)) -> 0 | N43: =IF(SUM($G43:$H43)<1,0,E43/SUM($G43:$H43)) -> 0

Sheet Steam Mass Flow 
A3: DATE | B3: Steam Mass Flow Reading
A5: 1 | B5: =IF('Entries Feb.''25'!AK8-'Entries Feb.''25'!AK7<1,0,'Entries Feb.''25'!AK8-'Entries Feb.''25'!AK7) -> 0
A6: 2 | B6: =IF('Entries Feb.''25'!AK9-'Entries Feb.''25'!AK8<1,0,'Entries Feb.''25'!AK9-'Entries Feb.''25'!AK8) -> 0
A7: 3 | B7: =IF('Entries Feb.''25'!AK10-'Entries Feb.''25'!AK9<1,0,'Entries Feb.''25'!AK10-'Entries Feb.''25'!AK9) -> 281.877
A8: 4 | B8: =IF('Entries Feb.''25'!AK11-'Entries Feb.''25'!AK10<1,0,'Entries Feb.''25'!AK11-'Entries Feb.''25'!AK10) -> 0
A9: 5 | B9: =IF('Entries Feb.''25'!AK12-'Entries Feb.''25'!AK11<1,0,'Entries Feb.''25'!AK12-'Entries Feb.''25'!AK11) -> 0
A10: 6 | B10: =IF('Entries Feb.''25'!AK13-'Entries Feb.''25'!AK12<1,0,'Entries Feb.''25'!AK13-'Entries Feb.''25'!AK12) -> 0
A11: 7 | B11: =IF('Entries Feb.''25'!AK14-'Entries Feb.''25'!AK13<1,0,'Entries Feb.''25'!AK14-'Entries Feb.''25'!AK13) -> 0
A12: 8 | B12: =IF('Entries Feb.''25'!AK15-'Entries Feb.''25'!AK14<1,0,'Entries Feb.''25'!AK15-'Entries Feb.''25'!AK14) -> 0
A13: 9 | B13: =IF('Entries Feb.''25'!AK16-'Entries Feb.''25'!AK15<1,0,'Entries Feb.''25'!AK16-'Entries Feb.''25'!AK15) -> 36.402
A14: 10 | B14: =IF('Entries Feb.''25'!AK17-'Entries Feb.''25'!AK16<1,0,'Entries Feb.''25'!AK17-'Entries Feb.''25'!AK16) -> 13.365
A15: 11 | B15: =IF('Entries Feb.''25'!AK18-'Entries Feb.''25'!AK17<1,0,'Entries Feb.''25'!AK18-'Entries Feb.''25'!AK17) -> 17.898
A16: 12 | B16: =IF('Entries Feb.''25'!AK19-'Entries Feb.''25'!AK18<1,0,'Entries Feb.''25'!AK19-'Entries Feb.''25'!AK18) -> 0
... A35: 31 | B35: =IF('Entries Feb.''25'!AK38-'Entries Feb.''25'!AK37<1,0,'Entries Feb.''25'!AK38-'Entries Feb.''25'!AK37) -> 0

Sheet Co2 
A3: CO2 Daily Consumption for MAR. '12
A5: DATE | B5: Total Cons. (Kg.) | C5: CO2 ( Kg./Hl.) | I5: Tank A | J5: Tank B | K5: Mobile | L5: Inside Tank | R5: 4 | S5: Usage | T5: time | U5: 5 | V5: Usage | W5: Time | X5: 6 | Y5: Usage | Z5: time | AA5: 7 | AB5: Usage | AC5: Time | AD5: 8 | AE5: Usage | AF5: time | AG5: 9 | AH5: Usage | AI5: Time | AJ5: 10 | AK5: Usage | AL5: time | AM5: 11 | AN5: Usage | AO5: Time | AP5: 12 | AQ5: Usage | AR5: time | AS5: 13 | AT5: Usage | AU5: Time | AV5: 14 | AW5: Usage | AX5: time | AY5: 15 | AZ5: Usage | BA5: Time | BB5: 16 | BC5: Usage | BD5: time | BE5: 17 | BF5: Usage | BG5: Time | BH5: 18 | BI5: Usage | BJ5: time | BK5: 19 | BL5: Usage | BM5: Time | BN5: 20 | BO5: Usage | BP5: time | BQ5: 21 | BR5: Usage | BS5: Time | BT5: 22 | BU5: Usage | BV5: time | BW5: 23 | BX5: Usage | BY5: Time | BZ5: 24 | CA5: Usage | CB5: time | CC5: 25 | CD5: Usage | CE5: Time | CF5: 26 | CG5: Usage | CH5: time | CI5: 27 | CJ5: Usage | CK5: Time | CL5: 28 | CM5: Usage | CN5: time | CO5: 29 | CP5: Usage | CQ5: Time | CR5: 30 | CS5: Usage | CT5: time | CU5: 31 | CV5: Usage | CW5: Time | CX5: 2 | CY5: Usage
E6: Collection | T6: 630 | Z6: 630 | AF6: 630 | AL6: 630 | AR6: 630 | AX6: 630 | BD6: 630 | BJ6: 630 | BP6: 630 | BV6: 630 | CB6: 630 | CH6: 630 | CN6: 630 | CT6: 630
A7: 1 | B7: ='Entries Feb.''25'!N8-'Entries Feb.''25'!N7 -> 0 | C7: =IF(B7/'PROD.FIG. '!H5<1,0,B7/'PROD.FIG. '!H5) -> #DIV/0! | E7: ='Entries Feb.''25'!L8-'Entries Feb.''25'!L7 -> 0 | F7: =+$B7 -> 0 | I7: =IF((('Entries Feb.''25'!AL7-'Entries Feb.''25'!AL8)/10)*5455<0,"0",(('Entries Feb.''25'!AL7-'Entries Feb.''25'!AL8)/10)*5455) -> 0 | J7: =IF((('Entries Feb.''25'!AM7-'Entries Feb.''25'!AM8)/10)*5455<0,"0",(('Entries Feb.''25'!AM7-'Entries Feb.''25'!AM8)/10)*5455) -> 0 | K7: =IF(('Entries Feb.''25'!AN7-'Entries Feb.''25'!AN8)/2.2<0,"0",('Entries Feb.''25'!AN7-'Entries Feb.''25'!AN8)/2.2) -> 0 | L7: =IF(('Entries Feb.''25'!AO7-'Entries Feb.''25'!AO8)<0,"0",('Entries Feb.''25'!AO7-'Entries Feb.''25'!AO8)) -> 0 | S7: =R7-R6 -> 0 | T7: 730 | V7: =U7-U6 -> 0 | Y7: =X7-X6 -> 0 | Z7: 730 | AB7: =AA7-AA6 -> 0 | AE7: =AD7-AD6 -> 0 | AF7: 730 | AH7: =AG7-AG6 -> 0 | AK7: =AJ7-AJ6 -> 0 | AL7: 730 | AN7: =AM7-AM6 -> 0 | AQ7: =AP7-AP6 -> 0 | AR7: 730 | AT7: =AS7-AS6 -> 0 | AW7: =AV7-AV6 -> 0 | AX7: 730 | AZ7: =AY7-AY6 -> 0 | BC7: =BB7-BB6 -> 0 | BD7: 730 | BF7: =BE7-BE6 -> 0 | BI7: =BH7-BH6 -> 0 | BJ7: 730 | BL7: =BK7-BK6 -> 0 | BO7: =BN7-BN6 -> 0 | BP7: 730 | BR7: =BQ7-BQ6 -> 0 | BU7: =BT7-BT6 -> 0 | BV7: 730 | BX7: =BW7-BW6 -> 0 | CA7: =BZ7-BZ6 -> 0 | CB7: 730 | CD7: =CC7-CC6 -> 0 | CG7: =CF7-CF6 -> 0 | CH7: 730 | CJ7: =CI7-CI6 -> 0 | CM7: =CL7-CL6 -> 0 | CN7: 730 | CP7: =CO7-CO6 -> 0 | CS7: =CR7-CR6 -> 0 | CT7: 730 | CV7: =CU7-CU6 -> 0 | CY7: =CX7-CX6 -> 0
A8: 2 | B8: ='Entries Feb.''25'!N9-'Entries Feb.''25'!N8 -> 0 | C8: =IF(B8/'PROD.FIG. '!H6<1,0,B8/'PROD.FIG. '!H6) -> #DIV/0! | E8: ='Entries Feb.''25'!L9-'Entries Feb.''25'!L8 -> 0 | F8: =+$B8 -> 0 | I8: =IF((('Entries Feb.''25'!AL8-'Entries Feb.''25'!AL9)/10)*5455<0,"0",(('Entries Feb.''25'!AL8-'Entries Feb.''25'!AL9)/10)*5455) -> 0 | J8: =IF((('Entries Feb.''25'!AM8-'Entries Feb.''25'!AM9)/10)*5455<0,"0",(('Entries Feb.''25'!AM8-'Entries Feb.''25'!AM9)/10)*5455) -> 0 | K8: =IF(('Entries Feb.''25'!AN8-'Entries Feb.''25'!AN9)/2.2<0,"0",('Entries Feb.''25'!AN8-'Entries Feb.''25'!AN9)/2.2) -> 0 | L8: =IF(('Entries Feb.''25'!AO8-'Entries Feb.''25'!AO9)<0,"0",('Entries Feb.''25'!AO8-'Entries Feb.''25'!AO9)) -> 0 | S8: =R8-R7 -> 0 | V8: =U8-U7 -> 0 | Y8: =X8-X7 -> 0 | AB8: =AA8-AA7 -> 0 | AE8: =AD8-AD7 -> 0 | AH8: =AG8-AG7 -> 0 | AK8: =AJ8-AJ7 -> 0 | AN8: =AM8-AM7 -> 0 | AQ8: =AP8-AP7 -> 0 | AT8: =AS8-AS7 -> 0 | AW8: =AV8-AV7 -> 0 | AZ8: =AY8-AY7 -> 0 | BC8: =BB8-BB7 -> 0 | BF8: =BE8-BE7 -> 0 | BI8: =BH8-BH7 -> 0 | BL8: =BK8-BK7 -> 0 | BO8: =BN8-BN7 -> 0 | BR8: =BQ8-BQ7 -> 0 | BU8: =BT8-BT7 -> 0 | BX8: =BW8-BW7 -> 0 | CA8: =BZ8-BZ7 -> 0 | CD8: =CC8-CC7 -> 0 | CG8: =CF8-CF7 -> 0 | CJ8: =CI8-CI7 -> 0 | CM8: =CL8-CL7 -> 0 | CP8: =CO8-CO7 -> 0 | CS8: =CR8-CR7 -> 0 | CV8: =CU8-CU7 -> 0 | CY8: =CX8-CX7 -> 0
A9: 3 | B9: ='Entries Feb.''25'!N10-'Entries Feb.''25'!N9 -> 29.34 | C9: =IF(B9/'PROD.FIG. '!H7<1,0,B9/'PROD.FIG. '!H7) -> #DIV/0! | E9: ='Entries Feb.''25'!L10-'Entries Feb.''25'!L9 -> 0 | F9: =+$B9 -> 29.34 | I9: =IF((('Entries Feb.''25'!AL9-'Entries Feb.''25'!AL10)/10)*5455<0,"0",(('Entries Feb.''25'!AL9-'Entries Feb.''25'!AL10)/10)*5455) -> 0 | J9: =IF((('Entries Feb.''25'!AM9-'Entries Feb.''25'!AM10)/10)*5455<0,"0",(('Entries Feb.''25'!AM9-'Entries Feb.''25'!AM10)/10)*5455) -> 0 | K9: =IF(('Entries Feb.''25'!AN9-'Entries Feb.''25'!AN10)/2.2<0,"0",('Entries Feb.''25'!AN9-'Entries Feb.''25'!AN10)/2.2) -> 0 | L9: =IF(('Entries Feb.''25'!AO9-'Entries Feb.''25'!AO10)<0,"0",('Entries Feb.''25'!AO9-'Entries Feb.''25'!AO10)) -> 0 | S9: =R9-R8 -> 0 | V9: =U9-U8 -> 0 | Y9: =X9-X8 -> 0 | AB9: =AA9-AA8 -> 0 | AE9: =AD9-AD8 -> 0 | AH9: =AG9-AG8 -> 0 | AK9: =AJ9-AJ8 -> 0 | AN9: =AM9-AM8 -> 0 | AQ9: =AP9-AP8 -> 0 | AT9: =AS9-AS8 -> 0 | AW9: =AV9-AV8 -> 0 | AZ9: =AY9-AY8 -> 0 | BC9: =BB9-BB8 -> 0 | BF9: =BE9-BE8 -> 0 | BI9: =BH9-BH8 -> 0 | BL9: =BK9-BK8 -> 0 | BO9: =BN9-BN8 -> 0 | BR9: =BQ9-BQ8 -> 0 | BU9: =BT9-BT8 -> 0 | BX9: =BW9-BW8 -> 0 | CA9: =BZ9-BZ8 -> 0 | CD9: =CC9-CC8 -> 0 | CG9: =CF9-CF8 -> 0 | CJ9: =CI9-CI8 -> 0 | CM9: =CL9-CL8 -> 0 | CP9: =CO9-CO8 -> 0 | CS9: =CR9-CR8 -> 0 | CV9: =CU9-CU8 -> 0 | CY9: =CX9-CX8 -> 0
A10: 4 | B10: ='Entries Feb.''25'!N11-'Entries Feb.''25'!N10 -> 43.05 | C10: =IF(B10/'PROD.FIG. '!H8<1,0,B10/'PROD.FIG. '!H8) -> #DIV/0! | E10: ='Entries Feb.''25'!L11-'Entries Feb.''25'!L10 -> 0 | F10: =+$B10 -> 43.05 | I10: =IF((('Entries Feb.''25'!AL10-'Entries Feb.''25'!AL11)/10)*5455<0,"0",(('Entries Feb.''25'!AL10-'Entries Feb.''25'!AL11)/10)*5455) -> 0 | J10: =IF((('Entries Feb.''25'!AM10-'Entries Feb.''25'!AM11)/10)*5455<0,"0",(('Entries Feb.''25'!AM10-'Entries Feb.''25'!AM11)/10)*5455) -> 0 | K10: =IF(('Entries Feb.''25'!AN10-'Entries Feb.''25'!AN11)/2.2<0,"0",('Entries Feb.''25'!AN10-'Entries Feb.''25'!AN11)/2.2) -> 0 | L10: =IF(('Entries Feb.''25'!AO10-'Entries Feb.''25'!AO11)<0,"0",('Entries Feb.''25'!AO10-'Entries Feb.''25'!AO11)) -> 0 | S10: =R10-R9 -> 0 | V10: =U10-U9 -> 0 | Y10: =X10-X9 -> 0 | AB10: =AA10-AA9 -> 0 | AE10: =AD10-AD9 -> 0 | AH10: =AG10-AG9 -> 0 | AK10: =AJ10-AJ9 -> 0 | AN10: =AM10-AM9 -> 0 | AQ10: =AP10-AP9 -> 0 | AT10: =AS10-AS9 -> 0 | AW10: =AV10-AV9 -> 0 | AZ10: =AY10-AY9 -> 0 | BC10: =BB10-BB9 -> 0 | BF10: =BE10-BE9 -> 0 | BI10: =BH10-BH9 -> 0 | BL10: =BK10-BK9 -> 0 | BO10: =BN10-BN9 -> 0 | BR10: =BQ10-BQ9 -> 0 | BU10: =BT10-BT9 -> 0 | BX10: =BW10-BW9 -> 0 | CA10: =BZ10-BZ9 -> 0 | CD10: =CC10-CC9 -> 0 | CG10: =CF10-CF9 -> 0 | CJ10: =CI10-CI9 -> 0 | CM10: =CL10-CL9 -> 0 | CP10: =CO10-CO9 -> 0 | CS10: =CR10-CR9 -> 0 | CV10: =CU10-CU9 -> 0 | CY10: =CX10-CX9 -> 0
A11: 5 | B11: ='Entries Feb.''25'!N12-'Entries Feb.''25'!N11 -> 40.72 | C11: =IF(B11/'PROD.FIG. '!H9<1,0,B11/'PROD.FIG. '!H9) -> #DIV/0! | E11: ='Entries Feb.''25'!L12-'Entries Feb.''25'!L11 -> 0 | F11: =+$B11 -> 40.72 | I11: =IF((('Entries Feb.''25'!AL11-'Entries Feb.''25'!AL12)/10)*5455<0,"0",(('Entries Feb.''25'!AL11-'Entries Feb.''25'!AL12)/10)*5455) -> 0 | J11: =IF((('Entries Feb.''25'!AM11-'Entries Feb.''25'!AM12)/10)*5455<0,"0",(('Entries Feb.''25'!AM11-'Entries Feb.''25'!AM12)/10)*5455) -> 0 | K11: =IF(('Entries Feb.''25'!AN11-'Entries Feb.''25'!AN12)/2.2<0,"0",('Entries Feb.''25'!AN11-'Entries Feb.''25'!AN12)/2.2) -> 0 | L11: =IF(('Entries Feb.''25'!AO11-'Entries Feb.''25'!AO12)<0,"0",('Entries Feb.''25'!AO11-'Entries Feb.''25'!AO12)) -> 0 | S11: =R11-R10 -> 0 | V11: =U11-U10 -> 0 | Y11: =X11-X10 -> 0 | AB11: =AA11-AA10 -> 0 | AE11: =AD11-AD10 -> 0 | AH11: =AG11-AG10 -> 0 | AK11: =AJ11-AJ10 -> 0 | AN11: =AM11-AM10 -> 0 | AQ11: =AP11-AP10 -> 0 | AT11: =AS11-AS10 -> 0 | AW11: =AV11-AV10 -> 0 | AZ11: =AY11-AY10 -> 0 | BC11: =BB11-BB10 -> 0 | BF11: =BE11-BE10 -> 0 | BI11: =BH11-BH10 -> 0 | BL11: =BK11-BK10 -> 0 | BO11: =BN11-BN10 -> 0 | BR11: =BQ11-BQ10 -> 0 | BU11: =BT11-BT10 -> 0 | BX11: =BW11-BW10 -> 0 | CA11: =BZ11-BZ10 -> 0 | CD11: =CC11-CC10 -> 0 | CG11: =CF11-CF10 -> 0 | CJ11: =CI11-CI10 -> 0 | CM11: =CL11-CL10 -> 0 | CP11: =CO11-CO10 -> 0 | CS11: =CR11-CR10 -> 0 | CV11: =CU11-CU10 -> 0 | CY11: =CX11-CX10 -> 0
A12: 6 | B12: ='Entries Feb.''25'!N13-'Entries Feb.''25'!N12 -> 4.39 | C12: =IF(B12/'PROD.FIG. '!H10<1,0,B12/'PROD.FIG. '!H10) -> #DIV/0! | E12: ='Entries Feb.''25'!L13-'Entries Feb.''25'!L12 -> 0 | F12: =+$B12 -> 4.39 | I12: =IF((('Entries Feb.''25'!AL12-'Entries Feb.''25'!AL13)/10)*5455<0,"0",(('Entries Feb.''25'!AL12-'Entries Feb.''25'!AL13)/10)*5455) -> 0 | J12: =IF((('Entries Feb.''25'!AM12-'Entries Feb.''25'!AM13)/10)*5455<0,"0",(('Entries Feb.''25'!AM12-'Entries Feb.''25'!AM13)/10)*5455) -> 0 | K12: =IF(('Entries Feb.''25'!AN12-'Entries Feb.''25'!AN13)/2.2<0,"0",('Entries Feb.''25'!AN12-'Entries Feb.''25'!AN13)/2.2) -> 0 | L12: =IF(('Entries Feb.''25'!AO12-'Entries Feb.''25'!AO13)<0,"0",('Entries Feb.''25'!AO12-'Entries Feb.''25'!AO13)) -> 0 | S12: =R12-R11 -> 0 | V12: =U12-U11 -> 0 | Y12: =X12-X11 -> 0 | AB12: =AA12-AA11 -> 0 | AE12: =AD12-AD11 -> 0 | AH12: =AG12-AG11 -> 0 | AK12: =AJ12-AJ11 -> 0 | AN12: =AM12-AM11 -> 0 | AQ12: =AP12-AP11 -> 0 | AT12: =AS12-AS11 -> 0 | AW12: =AV12-AV11 -> 0 | AZ12: =AY12-AY11 -> 0 | BC12: =BB12-BB11 -> 0 | BF12: =BE12-BE11 -> 0 | BI12: =BH12-BH11 -> 0 | BL12: =BK12-BK11 -> 0 | BO12: =BN12-BN11 -> 0 | BR12: =BQ12-BQ11 -> 0 | BU12: =BT12-BT11 -> 0 | BX12: =BW12-BW11 -> 0 | CA12: =BZ12-BZ11 -> 0 | CD12: =CC12-CC11 -> 0 | CG12: =CF12-CF11 -> 0 | CJ12: =CI12-CI11 -> 0 | CM12: =CL12-CL11 -> 0 | CP12: =CO12-CO11 -> 0 | CS12: =CR12-CR11 -> 0 | CV12: =CU12-CU11 -> 0 | CY12: =CX12-CX11 -> 0
A13: 7 | B13: ='Entries Feb.''25'!N14-'Entries Feb.''25'!N13 -> 0 | C13: =IF(B13/'PROD.FIG. '!H11<1,0,B13/'PROD.FIG. '!H11) -> #DIV/0! | E13: ='Entries Feb.''25'!L14-'Entries Feb.''25'!L13 -> 0 | F13: =+$B13 -> 0 | I13: =IF((('Entries Feb.''25'!AL13-'Entries Feb.''25'!AL14)/10)*5455<0,"0",(('Entries Feb.''25'!AL13-'Entries Feb.''25'!AL14)/10)*5455) -> 0 | J13: =IF((('Entries Feb.''25'!AM13-'Entries Feb.''25'!AM14)/10)*5455<0,"0",(('Entries Feb.''25'!AM13-'Entries Feb.''25'!AM14)/10)*5455) -> 0 | K13: =IF(('Entries Feb.''25'!AN13-'Entries Feb.''25'!AN14)/2.2<0,"0",('Entries Feb.''25'!AN13-'Entries Feb.''25'!AN14)/2.2) -> 0 | L13: =IF(('Entries Feb.''25'!AO13-'Entries Feb.''25'!AO14)<0,"0",('Entries Feb.''25'!AO13-'Entries Feb.''25'!AO14)) -> 0 | S13: =R13-R12 -> 0 | V13: =U13-U12 -> 0 | Y13: =X13-X12 -> 0 | AB13: =AA13-AA12 -> 0 | AE13: =AD13-AD12 -> 0 | AH13: =AG13-AG12 -> 0 | AK13: =AJ13-AJ12 -> 0 | AN13: =AM13-AM12 -> 0 | AQ13: =AP13-AP12 -> 0 | AT13: =AS13-AS12 -> 0 | AW13: =AV13-AV12 -> 0 | AZ13: =AY13-AY12 -> 0 | BC13: =BB13-BB12 -> 0 | BF13: =BE13-BE12 -> 0 | BI13: =BH13-BH12 -> 0 | BL13: =BK13-BK12 -> 0 | BO13: =BN13-BN12 -> 0 | BR13: =BQ13-BQ12 -> 0 | BU13: =BT13-BT12 -> 0 | BX13: =BW13-BW12 -> 0 | CA13: =BZ13-BZ12 -> 0 | CD13: =CC13-CC12 -> 0 | CG13: =CF13-CF12 -> 0 | CJ13: =CI13-CI12 -> 0 | CM13: =CL13-CL12 -> 0 | CP13: =CO13-CO12 -> 0 | CS13: =CR13-CR12 -> 0 | CV13: =CU13-CU12 -> 0 | CY13: =CX13-CX12 -> 0
A14: 8 | B14: ='Entries Feb.''25'!N15-'Entries Feb.''25'!N14 -> 0 | C14: =IF(B14/'PROD.FIG. '!H12<1,0,B14/'PROD.FIG. '!H12) -> #DIV/0! | E14: ='Entries Feb.''25'!L15-'Entries Feb.''25'!L14 -> 0 | F14: =+$B14 -> 0 | I14: =IF((('Entries Feb.''25'!AL14-'Entries Feb.''25'!AL15)/10)*5455<0,"0",(('Entries Feb.''25'!AL14-'Entries Feb.''25'!AL15)/10)*5455) -> 0 | J14: =IF((('Entries Feb.''25'!AM14-'Entries Feb.''25'!AM15)/10)*5455<0,"0",(('Entries Feb.''25'!AM14-'Entries Feb.''25'!AM15)/10)*5455) -> 0 | K14: =IF(('Entries Feb.''25'!AN14-'Entries Feb.''25'!AN15)/2.2<0,"0",('Entries Feb.''25'!AN14-'Entries Feb.''25'!AN15)/2.2) -> 0 | L14: =IF(('Entries Feb.''25'!AO14-'Entries Feb.''25'!AO15)<0,"0",('Entries Feb.''25'!AO14-'Entries Feb.''25'!AO15)) -> 0 | S14: =R14-R13 -> 0 | V14: =U14-U13 -> 0 | Y14: =X14-X13 -> 0 | AB14: =AA14-AA13 -> 0 | AE14: =AD14-AD13 -> 0 | AH14: =AG14-AG13 -> 0 | AK14: =AJ14-AJ13 -> 0 | AN14: =AM14-AM13 -> 0 | AQ14: =AP14-AP13 -> 0 | AT14: =AS14-AS13 -> 0 | AW14: =AV14-AV13 -> 0 | AZ14: =AY14-AY13 -> 0 | BC14: =BB14-BB13 -> 0 | BF14: =BE14-BE13 -> 0 | BI14: =BH14-BH13 -> 0 | BL14: =BK14-BK13 -> 0 | BO14: =BN14-BN13 -> 0 | BR14: =BQ14-BQ13 -> 0 | BU14: =BT14-BT13 -> 0 | BX14: =BW14-BW13 -> 0 | CA14: =BZ14-BZ13 -> 0 | CD14: =CC14-CC13 -> 0 | CG14: =CF14-CF13 -> 0 | CJ14: =CI14-CI13 -> 0 | CM14: =CL14-CL13 -> 0 | CP14: =CO14-CO13 -> 0 | CS14: =CR14-CR13 -> 0 | CV14: =CU14-CU13 -> 0 | CY14: =CX14-CX13 -> 0
A15: 9 | B15: ='Entries Feb.''25'!N16-'Entries Feb.''25'!N15 -> 0 | C15: =IF(B15/'PROD.FIG. '!H13<1,0,B15/'PROD.FIG. '!H13) -> #DIV/0! | E15: ='Entries Feb.''25'!L16-'Entries Feb.''25'!L15 -> 0 | F15: =+$B15 -> 0 | I15: =IF((('Entries Feb.''25'!AL15-'Entries Feb.''25'!AL16)/10)*5455<0,"0",(('Entries Feb.''25'!AL15-'Entries Feb.''25'!AL16)/10)*5455) -> 0 | J15: =IF((('Entries Feb.''25'!AM15-'Entries Feb.''25'!AM16)/10)*5455<0,"0",(('Entries Feb.''25'!AM15-'Entries Feb.''25'!AM16)/10)*5455) -> 0 | K15: =IF(('Entries Feb.''25'!AN15-'Entries Feb.''25'!AN16)/2.2<0,"0",('Entries Feb.''25'!AN15-'Entries Feb.''25'!AN16)/2.2) -> 0 | L15: =IF(('Entries Feb.''25'!AO15-'Entries Feb.''25'!AO16)<0,"0",('Entries Feb.''25'!AO15-'Entries Feb.''25'!AO16)) -> 0 | S15: =R15-R14 -> 0 | V15: =U15-U14 -> 0 | Y15: =X15-X14 -> 0 | AB15: =AA15-AA14 -> 0 | AE15: =AD15-AD14 -> 0 | AH15: =AG15-AG14 -> 0 | AK15: =AJ15-AJ14 -> 0 | AN15: =AM15-AM14 -> 0 | AQ15: =AP15-AP14 -> 0 | AT15: =AS15-AS14 -> 0 | AW15: =AV15-AV14 -> 0 | AZ15: =AY15-AY14 -> 0 | BC15: =BB15-BB14 -> 0 | BF15: =BE15-BE14 -> 0 | BI15: =BH15-BH14 -> 0 | BL15: =BK15-BK14 -> 0 | BO15: =BN15-BN14 -> 0 | BR15: =BQ15-BQ14 -> 0 | BU15: =BT15-BT14 -> 0 | BX15: =BW15-BW14 -> 0 | CA15: =BZ15-BZ14 -> 0 | CD15: =CC15-CC14 -> 0 | CG15: =CF15-CF14 -> 0 | CJ15: =CI15-CI14 -> 0 | CM15: =CL15-CL14 -> 0 | CP15: =CO15-CO14 -> 0 | CS15: =CR15-CR14 -> 0 | CV15: =CU15-CU14 -> 0 | CY15: =CX15-CX14 -> 0
A16: 10 | B16: ='Entries Feb.''25'!N17-'Entries Feb.''25'!N16 -> 20 | C16: =IF(B16/'PROD.FIG. '!H14<1,0,B16/'PROD.FIG. '!H14) -> #DIV/0! | E16: ='Entries Feb.''25'!L17-'Entries Feb.''25'!L16 -> 0 | F16: =+$B16 -> 20 | I16: =IF((('Entries Feb.''25'!AL16-'Entries Feb.''25'!AL17)/10)*5455<0,"0",(('Entries Feb.''25'!AL16-'Entries Feb.''25'!AL17)/10)*5455) -> 0 | J16: =IF((('Entries Feb.''25'!AM16-'Entries Feb.''25'!AM17)/10)*5455<0,"0",(('Entries Feb.''25'!AM16-'Entries Feb.''25'!AM17)/10)*5455) -> 0 | K16: =IF(('Entries Feb.''25'!AN16-'Entries Feb.''25'!AN17)/2.2<0,"0",('Entries Feb.''25'!AN16-'Entries Feb.''25'!AN17)/2.2) -> 0 | L16: =IF(('Entries Feb.''25'!AO16-'Entries Feb.''25'!AO17)<0,"0",('Entries Feb.''25'!AO16-'Entries Feb.''25'!AO17)) -> 0 | S16: =R16-R15 -> 0 | V16: =U16-U15 -> 0 | Y16: =X16-X15 -> 0 | AB16: =AA16-AA15 -> 0 | AE16: =AD16-AD15 -> 0 | AH16: =AG16-AG15 -> 0 | AK16: =AJ16-AJ15 -> 0 | AN16: =AM16-AM15 -> 0 | AQ16: =AP16-AP15 -> 0 | AT16: =AS16-AS15 -> 0 | AW16: =AV16-AV15 -> 0 | AZ16: =AY16-AY15 -> 0 | BC16: =BB16-BB15 -> 0 | BF16: =BE16-BE15 -> 0 | BI16: =BH16-BH15 -> 0 | BL16: =BK16-BK15 -> 0 | BO16: =BN16-BN15 -> 0 | BR16: =BQ16-BQ15 -> 0 | BU16: =BT16-BT15 -> 0 | BX16: =BW16-BW15 -> 0 | CA16: =BZ16-BZ15 -> 0 | CD16: =CC16-CC15 -> 0 | CG16: =CF16-CF15 -> 0 | CJ16: =CI16-CI15 -> 0 | CM16: =CL16-CL15 -> 0 | CP16: =CO16-CO15 -> 0 | CS16: =CR16-CR15 -> 0 | CV16: =CU16-CU15 -> 0 | CY16: =CX16-CX15 -> 0
A17: 11 | B17: ='Entries Feb.''25'!N18-'Entries Feb.''25'!N17 -> 34.58 | C17: =IF(B17/'PROD.FIG. '!H15<1,0,B17/'PROD.FIG. '!H15) -> #DIV/0! | E17: ='Entries Feb.''25'!L18-'Entries Feb.''25'!L17 -> 0 | F17: =+$B17 -> 34.58 | I17: =IF((('Entries Feb.''25'!AL17-'Entries Feb.''25'!AL18)/10)*5455<0,"0",(('Entries Feb.''25'!AL17-'Entries Feb.''25'!AL18)/10)*5455) -> 0 | J17: =IF((('Entries Feb.''25'!AM17-'Entries Feb.''25'!AM18)/10)*5455<0,"0",(('Entries Feb.''25'!AM17-'Entries Feb.''25'!AM18)/10)*5455) -> 0 | K17: =IF(('Entries Feb.''25'!AN17-'Entries Feb.''25'!AN18)/2.2<0,"0",('Entries Feb.''25'!AN17-'Entries Feb.''25'!AN18)/2.2) -> 0 | L17: =IF(('Entries Feb.''25'!AO17-'Entries Feb.''25'!AO18)<0,"0",('Entries Feb.''25'!AO17-'Entries Feb.''25'!AO18)) -> 0 | S17: =R17-R16 -> 0 | V17: =U17-U16 -> 0 | Y17: =X17-X16 -> 0 | AB17: =AA17-AA16 -> 0 | AE17: =AD17-AD16 -> 0 | AH17: =AG17-AG16 -> 0 | AK17: =AJ17-AJ16 -> 0 | AN17: =AM17-AM16 -> 0 | AQ17: =AP17-AP16 -> 0 | AT17: =AS17-AS16 -> 0 | AW17: =AV17-AV16 -> 0 | AZ17: =AY17-AY16 -> 0 | BC17: =BB17-BB16 -> 0 | BF17: =BE17-BE16 -> 0 | BI17: =BH17-BH16 -> 0 | BL17: =BK17-BK16 -> 0 | BO17: =BN17-BN16 -> 0 | BR17: =BQ17-BQ16 -> 0 | BU17: =BT17-BT16 -> 0 | BX17: =BW17-BW16 -> 0 | CA17: =BZ17-BZ16 -> 0 | CD17: =CC17-CC16 -> 0 | CG17: =CF17-CF16 -> 0 | CJ17: =CI17-CI16 -> 0 | CM17: =CL17-CL16 -> 0 | CP17: =CO17-CO16 -> 0 | CS17: =CR17-CR16 -> 0 | CV17: =CU17-CU16 -> 0 | CY17: =CX17-CX16 -> 0
A18: 12 | B18: ='Entries Feb.''25'!N19-'Entries Feb.''25'!N18 -> 31.4 | C18: =IF(B18/'PROD.FIG. '!H16<1,0,B18/'PROD.FIG. '!H16) -> #DIV/0! | E18: ='Entries Feb.''25'!L19-'Entries Feb.''25'!L18 -> 0 | F18: =+$B18 -> 31.4 | I18: =IF((('Entries Feb.''25'!AL18-'Entries Feb.''25'!AL19)/10)*5455<0,"0",(('Entries Feb.''25'!AL18-'Entries Feb.''25'!AL19)/10)*5455) -> 0 | J18: =IF((('Entries Feb.''25'!AM18-'Entries Feb.''25'!AM19)/10)*5455<0,"0",(('Entries Feb.''25'!AM18-'Entries Feb.''25'!AM19)/10)*5455) -> 0 | K18: =IF(('Entries Feb.''25'!AN18-'Entries Feb.''25'!AN19)/2.2<0,"0",('Entries Feb.''25'!AN18-'Entries Feb.''25'!AN19)/2.2) -> 0 | L18: =IF(('Entries Feb.''25'!AO18-'Entries Feb.''25'!AO19)<0,"0",('Entries Feb.''25'!AO18-'Entries Feb.''25'!AO19)) -> 0 | S18: =R18-R17 -> 0 | V18: =U18-U17 -> 0 | Y18: =X18-X17 -> 0 | AB18: =AA18-AA17 -> 0 | AE18: =AD18-AD17 -> 0 | AH18: =AG18-AG17 -> 0 | AK18: =AJ18-AJ17 -> 0 | AN18: =AM18-AM17 -> 0 | AQ18: =AP18-AP17 -> 0 | AT18: =AS18-AS17 -> 0 | AW18: =AV18-AV17 -> 0 | AZ18: =AY18-AY17 -> 0 | BC18: =BB18-BB17 -> 0 | BF18: =BE18-BE17 -> 0 | BI18: =BH18-BH17 -> 0 | BL18: =BK18-BK17 -> 0 | BO18: =BN18-BN17 -> 0 | BR18: =BQ18-BQ17 -> 0 | BU18: =BT18-BT17 -> 0 | BX18: =BW18-BW17 -> 0 | CA18: =BZ18-BZ17 -> 0 | CD18: =CC18-CC17 -> 0 | CG18: =CF18-CF17 -> 0 | CJ18: =CI18-CI17 -> 0 | CM18: =CL18-CL17 -> 0 | CP18: =CO18-CO17 -> 0 | CS18: =CR18-CR17 -> 0 | CV18: =CU18-CU17 -> 0 | CY18: =CX18-CX17 -> 0
A19: 13 | B19: ='Entries Feb.''25'!N20-'Entries Feb.''25'!N19 -> 37.14 | C19: =IF(B19/'PROD.FIG. '!H17<1,0,B19/'PROD.FIG. '!H17) -> #DIV/0! | E19: ='Entries Feb.''25'!L20-'Entries Feb.''25'!L19 -> 0 | F19: =+$B19 -> 37.14 | I19: =IF((('Entries Feb.''25'!AL19-'Entries Feb.''25'!AL20)/10)*5455<0,"0",(('Entries Feb.''25'!AL19-'Entries Feb.''25'!AL20)/10)*5455) -> 0 | J19: =IF((('Entries Feb.''25'!AM19-'Entries Feb.''25'!AM20)/10)*5455<0,"0",(('Entries Feb.''25'!AM19-'Entries Feb.''25'!AM20)/10)*5455) -> 0 | K19: =IF(('Entries Feb.''25'!AN19-'Entries Feb.''25'!AN20)/2.2<0,"0",('Entries Feb.''25'!AN19-'Entries Feb.''25'!AN20)/2.2) -> 0 | L19: =IF(('Entries Feb.''25'!AO19-'Entries Feb.''25'!AO20)<0,"0",('Entries Feb.''25'!AO19-'Entries Feb.''25'!AO20)) -> 0 | S19: =R19-R18 -> 0 | V19: =U19-U18 -> 0 | Y19: =X19-X18 -> 0 | AB19: =AA19-AA18 -> 0 | AE19: =AD19-AD18 -> 0 | AH19: =AG19-AG18 -> 0 | AK19: =AJ19-AJ18 -> 0 | AN19: =AM19-AM18 -> 0 | AQ19: =AP19-AP18 -> 0 | AT19: =AS19-AS18 -> 0 | AW19: =AV19-AV18 -> 0 | AZ19: =AY19-AY18 -> 0 | BC19: =BB19-BB18 -> 0 | BF19: =BE19-BE18 -> 0 | BI19: =BH19-BH18 -> 0 | BL19: =BK19-BK18 -> 0 | BO19: =BN19-BN18 -> 0 | BR19: =BQ19-BQ18 -> 0 | BU19: =BT19-BT18 -> 0 | BX19: =BW19-BW18 -> 0 | CA19: =BZ19-BZ18 -> 0 | CD19: =CC19-CC18 -> 0 | CG19: =CF19-CF18 -> 0 | CJ19: =CI19-CI18 -> 0 | CM19: =CL19-CL18 -> 0 | CP19: =CO19-CO18 -> 0 | CS19: =CR19-CR18 -> 0 | CV19: =CU19-CU18 -> 0 | CY19: =CX19-CX18 -> 0
... A30: 24 | B30: ='Entries Feb.''25'!N31-'Entries Feb.''25'!N30 -> 14.34 | C30: =IF(B30/'PROD.FIG. '!H28<1,0,B30/'PROD.FIG. '!H28) -> #DIV/0! | E30: ='Entries Feb.''25'!L31-'Entries Feb.''25'!L30 -> 0 | F30: =+$B30 -> 14.34 | I30: =IF((('Entries Feb.''25'!AL30-'Entries Feb.''25'!AL31)/10)*5455<0,"0",(('Entries Feb.''25'!AL30-'Entries Feb.''25'!AL31)/10)*5455) -> 0 | J30: =IF((('Entries Feb.''25'!AM30-'Entries Feb.''25'!AM31)/10)*5455<0,"0",(('Entries Feb.''25'!AM30-'Entries Feb.''25'!AM31)/10)*5455) -> 0 | K30: =IF(('Entries Feb.''25'!AN30-'Entries Feb.''25'!AN31)/2.2<0,"0",('Entries Feb.''25'!AN30-'Entries Feb.''25'!AN31)/2.2) -> 0 | L30: =IF(('Entries Feb.''25'!AO30-'Entries Feb.''25'!AO31)<0,"0",('Entries Feb.''25'!AO30-'Entries Feb.''25'!AO31)) -> 0 | S30: =R30-R29 -> 0 | V30: =U30-U29 -> 0 | Y30: =X30-X29 -> 0 | AB30: =AA30-AA29 -> 0 | AE30: =AD30-AD29 -> 0 | AH30: =AG30-AG29 -> 0 | AK30: =AJ30-AJ29 -> 0 | AN30: =AM30-AM29 -> 0 | AQ30: =AP30-AP29 -> 0 | AT30: =AS30-AS29 -> 0 | AW30: =AV30-AV29 -> 0 | AZ30: =AY30-AY29 -> 0 | BC30: =BB30-BB29 -> 0 | BF30: =BE30-BE29 -> 0 | BI30: =BH30-BH29 -> 0 | BL30: =BK30-BK29 -> 0 | BO30: =BN30-BN29 -> 0 | BR30: =BQ30-BQ29 -> 0 | BU30: =BT30-BT29 -> 0 | BX30: =BW30-BW29 -> 0 | CA30: =BZ30-BZ29 -> 0 | CD30: =CC30-CC29 -> 0 | CG30: =CF30-CF29 -> 0 | CJ30: =CI30-CI29 -> 0 | CM30: =CL30-CL29 -> 0 | CP30: =CO30-CO29 -> 0 | CS30: =CR30-CR29 -> 0 | CV30: =CU30-CU29 -> 0 | CY30: =CX30-CX29 -> 0
A31: 25 | B31: ='Entries Feb.''25'!N32-'Entries Feb.''25'!N31 -> 19.01 | C31: =IF(B31/'PROD.FIG. '!H29<1,0,B31/'PROD.FIG. '!H29) -> #DIV/0! | E31: ='Entries Feb.''25'!L32-'Entries Feb.''25'!L31 -> 0 | F31: =+$B31 -> 19.01 | I31: =IF((('Entries Feb.''25'!AL31-'Entries Feb.''25'!AL32)/10)*5455<0,"0",(('Entries Feb.''25'!AL31-'Entries Feb.''25'!AL32)/10)*5455) -> 0 | J31: =IF((('Entries Feb.''25'!AM31-'Entries Feb.''25'!AM32)/10)*5455<0,"0",(('Entries Feb.''25'!AM31-'Entries Feb.''25'!AM32)/10)*5455) -> 0 | K31: =IF(('Entries Feb.''25'!AN31-'Entries Feb.''25'!AN32)/2.2<0,"0",('Entries Feb.''25'!AN31-'Entries Feb.''25'!AN32)/2.2) -> 0 | L31: =IF(('Entries Feb.''25'!AO31-'Entries Feb.''25'!AO32)<0,"0",('Entries Feb.''25'!AO31-'Entries Feb.''25'!AO32)) -> 0 | S31: =SUM(S6:S29) -> 0 | V31: =SUM(V6:V29) -> 0 | Y31: =SUM(Y6:Y29) -> 0 | AB31: =SUM(AB6:AB29) -> 0 | AE31: =SUM(AE6:AE29) -> 0 | AH31: =SUM(AH6:AH29) -> 0 | AK31: =SUM(AK6:AK29) -> 0 | AN31: =SUM(AN6:AN29) -> 0 | AQ31: =SUM(AQ6:AQ29) -> 0 | AT31: =SUM(AT6:AT29) -> 0 | AW31: =SUM(AW6:AW29) -> 0 | AZ31: =SUM(AZ6:AZ29) -> 0 | BC31: =SUM(BC6:BC29) -> 0 | BF31: =SUM(BF6:BF29) -> 0 | BI31: =SUM(BI6:BI29) -> 0 | BL31: =SUM(BL6:BL29) -> 0 | BO31: =SUM(BO6:BO29) -> 0 | BR31: =SUM(BR6:BR29) -> 0 | BU31: =SUM(BU6:BU29) -> 0 | BX31: =SUM(BX6:BX29) -> 0 | CA31: =SUM(CA6:CA29) -> 0 | CD31: =SUM(CD6:CD29) -> 0 | CG31: =SUM(CG6:CG29) -> 0 | CJ31: =SUM(CJ6:CJ29) -> 0 | CM31: =SUM(CM6:CM29) -> 0 | CP31: =SUM(CP6:CP29) -> 0 | CS31: =SUM(CS6:CS29) -> 0 | CV31: =SUM(CV6:CV29) -> 0 | CY31: =SUM(CY6:CY29) -> 0
A32: 26 | B32: ='Entries Feb.''25'!N33-'Entries Feb.''25'!N32 -> 28.09 | C32: =IF(B32/'PROD.FIG. '!H30<1,0,B32/'PROD.FIG. '!H30) -> #DIV/0! | E32: ='Entries Feb.''25'!L33-'Entries Feb.''25'!L32 -> 0 | F32: =+$B32 -> 28.09 | I32: =IF((('Entries Feb.''25'!AL32-'Entries Feb.''25'!AL33)/10)*5455<0,"0",(('Entries Feb.''25'!AL32-'Entries Feb.''25'!AL33)/10)*5455) -> 0 | J32: =IF((('Entries Feb.''25'!AM32-'Entries Feb.''25'!AM33)/10)*5455<0,"0",(('Entries Feb.''25'!AM32-'Entries Feb.''25'!AM33)/10)*5455) -> 0 | K32: =IF(('Entries Feb.''25'!AN32-'Entries Feb.''25'!AN33)/2.2<0,"0",('Entries Feb.''25'!AN32-'Entries Feb.''25'!AN33)/2.2) -> 0 | L32: =IF(('Entries Feb.''25'!AO32-'Entries Feb.''25'!AO33)<0,"0",('Entries Feb.''25'!AO32-'Entries Feb.''25'!AO33)) -> 0
A33: 27 | B33: ='Entries Feb.''25'!N34-'Entries Feb.''25'!N33 -> 6.57 | C33: =IF(B33/'PROD.FIG. '!H31<1,0,B33/'PROD.FIG. '!H31) -> #DIV/0! | E33: ='Entries Feb.''25'!L34-'Entries Feb.''25'!L33 -> 0 | F33: =+$B33 -> 6.57 | I33: =IF((('Entries Feb.''25'!AL33-'Entries Feb.''25'!AL34)/10)*5455<0,"0",(('Entries Feb.''25'!AL33-'Entries Feb.''25'!AL34)/10)*5455) -> 0 | J33: =IF((('Entries Feb.''25'!AM33-'Entries Feb.''25'!AM34)/10)*5455<0,"0",(('Entries Feb.''25'!AM33-'Entries Feb.''25'!AM34)/10)*5455) -> 0 | K33: =IF(('Entries Feb.''25'!AN33-'Entries Feb.''25'!AN34)/2.2<0,"0",('Entries Feb.''25'!AN33-'Entries Feb.''25'!AN34)/2.2) -> 0 | L33: =IF(('Entries Feb.''25'!AO33-'Entries Feb.''25'!AO34)<0,"0",('Entries Feb.''25'!AO33-'Entries Feb.''25'!AO34)) -> 0
A34: 28 | B34: ='Entries Feb.''25'!N35-'Entries Feb.''25'!N34 -> 16 | C34: =IF(B34/'PROD.FIG. '!H32<1,0,B34/'PROD.FIG. '!H32) -> #DIV/0! | E34: ='Entries Feb.''25'!L35-'Entries Feb.''25'!L34 -> 0 | F34: =+$B34 -> 16 | I34: =IF((('Entries Feb.''25'!AL34-'Entries Feb.''25'!AL35)/10)*5455<0,"0",(('Entries Feb.''25'!AL34-'Entries Feb.''25'!AL35)/10)*5455) -> 0 | J34: =IF((('Entries Feb.''25'!AM34-'Entries Feb.''25'!AM35)/10)*5455<0,"0",(('Entries Feb.''25'!AM34-'Entries Feb.''25'!AM35)/10)*5455) -> 0 | K34: =IF(('Entries Feb.''25'!AN34-'Entries Feb.''25'!AN35)/2.2<0,"0",('Entries Feb.''25'!AN34-'Entries Feb.''25'!AN35)/2.2) -> 0 | L34: =IF(('Entries Feb.''25'!AO34-'Entries Feb.''25'!AO35)<0,"0",('Entries Feb.''25'!AO34-'Entries Feb.''25'!AO35)) -> 0
A35: 29 | C35: =IF(B35/'PROD.FIG. '!H33<1,0,B35/'PROD.FIG. '!H33) -> #DIV/0! | E35: ='Entries Feb.''25'!L36-'Entries Feb.''25'!L35 -> 0 | F35: =+$B35 -> 0 | I35: =IF((('Entries Feb.''25'!AL35-'Entries Feb.''25'!AL36)/10)*5455<0,"0",(('Entries Feb.''25'!AL35-'Entries Feb.''25'!AL36)/10)*5455) -> 0 | J35: =IF((('Entries Feb.''25'!AM35-'Entries Feb.''25'!AM36)/10)*5455<0,"0",(('Entries Feb.''25'!AM35-'Entries Feb.''25'!AM36)/10)*5455) -> 0 | K35: =IF(('Entries Feb.''25'!AN35-'Entries Feb.''25'!AN36)/2.2<0,"0",('Entries Feb.''25'!AN35-'Entries Feb.''25'!AN36)/2.2) -> 0 | L35: =IF(('Entries Feb.''25'!AO35-'Entries Feb.''25'!AO36)<0,"0",('Entries Feb.''25'!AO35-'Entries Feb.''25'!AO36)) -> 0
A36: 30 | C36: =IF(B36/'PROD.FIG. '!H34<1,0,B36/'PROD.FIG. '!H34) -> #DIV/0! | E36: ='Entries Feb.''25'!L37-'Entries Feb.''25'!L36 -> 0 | F36: =+$B36 -> 0 | I36: =IF((('Entries Feb.''25'!AL36-'Entries Feb.''25'!AL37)/10)*5455<0,"0",(('Entries Feb.''25'!AL36-'Entries Feb.''25'!AL37)/10)*5455) -> 0 | J36: =IF((('Entries Feb.''25'!AM36-'Entries Feb.''25'!AM37)/10)*5455<0,"0",(('Entries Feb.''25'!AM36-'Entries Feb.''25'!AM37)/10)*5455) -> 0 | K36: =IF(('Entries Feb.''25'!AN36-'Entries Feb.''25'!AN37)/2.2<0,"0",('Entries Feb.''25'!AN36-'Entries Feb.''25'!AN37)/2.2) -> 0 | L36: =IF(('Entries Feb.''25'!AO36-'Entries Feb.''25'!AO37)<0,"0",('Entries Feb.''25'!AO36-'Entries Feb.''25'!AO37)) -> 0
A37: 31 | C37: =IF(B37/'PROD.FIG. '!H35<1,0,B37/'PROD.FIG. '!H35) -> #DIV/0! | E37: ='Entries Feb.''25'!L38-'Entries Feb.''25'!L37 -> 0 | F37: =+$B37 -> 0 | I37: =IF((('Entries Feb.''25'!AL37-'Entries Feb.''25'!AL38)/10)*5455<0,"0",(('Entries Feb.''25'!AL37-'Entries Feb.''25'!AL38)/10)*5455) -> 0 | J37: =IF((('Entries Feb.''25'!AM37-'Entries Feb.''25'!AM38)/10)*5455<0,"0",(('Entries Feb.''25'!AM37-'Entries Feb.''25'!AM38)/10)*5455) -> 0 | K37: =IF(('Entries Feb.''25'!AN37-'Entries Feb.''25'!AN38)/2.2<0,"0",('Entries Feb.''25'!AN37-'Entries Feb.''25'!AN38)/2.2) -> 0 | L37: =IF(('Entries Feb.''25'!AO37-'Entries Feb.''25'!AO38)<0,"0",('Entries Feb.''25'!AO37-'Entries Feb.''25'!AO38)) -> 0
B38: =SUM(B7:B37) -> 447.11

Sheet Fuel 
A1: DAILY FUEL CONSUMPTION FOR Mar. '12
B4: Boiler 1 | C4: Boiler 1 | D4: Boiler 2 | E4: Boiler 2 | F4: Gen. | G4: Gen | H4: Boiler 1 sp. | I4: Boiler 2 sp. | J4: Gen. sp | K4: Daily cons. | L4: TOTAL Prod. | M4: Fuel
A5: DATE | B5: Cons ( l ) | C5: Hrs | D5: Cons ( l ) | E5: Hrs | F5: Cons ( l ) | G5: Hrs | H5: cons (l/hr) | I5: cons (l/hr) | J5: Cons.(l/hr) | K5: (litres) | L5: Total Prod. | M5: Litres/hl
A6: - | B6: =IF('Entries Feb.''25'!B6=0,0,+'Entries Feb.''25'!B6-'Entries Feb.''25'!B5) -> 0
A7: 1 | B7: =IF('Entries Feb.''25'!B7=0,0,+'Entries Feb.''25'!B8-'Entries Feb.''25'!B7) -> 200 | C7: =IF('Entries Feb.''25'!F8-'Entries Feb.''25'!F7<1,"0",'Entries Feb.''25'!F8-'Entries Feb.''25'!F7) -> 1.3 | D7: =IF('Entries Feb.''25'!C7=0,0,+'Entries Feb.''25'!C7-'Entries Feb.''25'!C6) -> 0 | E7: =IF('Entries Feb.''25'!G8-'Entries Feb.''25'!G7<1,"0",'Entries Feb.''25'!G8-'Entries Feb.''25'!G7) -> 0 | F7: =SUM(B8,D8)-SUM(B7,D7) -> 560 | G7: #REF! | H7: =IF((B7/C7)<1,0,(B7/C7)) -> 153.84615 | I7: =IF((D7/E7)<1,0,(D7/E7)) -> #DIV/0! | J7: =IF((OR(F7=0,G7=0))," ",+(F7/G7)) -> #REF! | K7: =IF('Entries Feb.''25'!B8-'Entries Feb.''25'!B7<1,0,'Entries Feb.''25'!B8-'Entries Feb.''25'!B7) -> 200 | M7: =SUM(K7/L7) -> #DIV/0! | O7: =+$K7 -> 200
A8: 2 | B8: =IF('Entries Feb.''25'!B8=0,0,+'Entries Feb.''25'!B9-'Entries Feb.''25'!B8) -> 760 | C8: =IF('Entries Feb.''25'!F9-'Entries Feb.''25'!F8<1,"0",'Entries Feb.''25'!F9-'Entries Feb.''25'!F8) -> 4.3 | D8: =IF('Entries Feb.''25'!C8=0,0,+'Entries Feb.''25'!C8-'Entries Feb.''25'!C7) -> 0 | E8: =IF('Entries Feb.''25'!G9-'Entries Feb.''25'!G8<1,"0",'Entries Feb.''25'!G9-'Entries Feb.''25'!G8) -> 0 | F8: =SUM(B9,D9)-SUM(B8,D8) -> 2340 | G8: #REF! | H8: =IF((B8/C8)<1,0,(B8/C8)) -> 176.74419 | I8: =IF((D8/E8)<1,0,(D8/E8)) -> #DIV/0! | J8: =IF((OR(F8=0,G8=0))," ",+(F8/G8)) -> #REF! | K8: =IF('Entries Feb.''25'!B9-'Entries Feb.''25'!B8<1,0,'Entries Feb.''25'!B9-'Entries Feb.''25'!B8) -> 760 | M8: =SUM(K8/L8) -> #DIV/0! | O8: =+$K8 -> 760
A9: 3 | B9: =IF('Entries Feb.''25'!B9=0,0,+'Entries Feb.''25'!B10-'Entries Feb.''25'!B9) -> 3100 | C9: =IF('Entries Feb.''25'!F10-'Entries Feb.''25'!F9<1,"0",'Entries Feb.''25'!F10-'Entries Feb.''25'!F9) -> 21.9 | D9: =IF('Entries Feb.''25'!C9=0,0,+'Entries Feb.''25'!C9-'Entries Feb.''25'!C8) -> 0 | E9: =IF('Entries Feb.''25'!G10-'Entries Feb.''25'!G9<1,"0",'Entries Feb.''25'!G10-'Entries Feb.''25'!G9) -> 0 | F9: =SUM(B10,D10)-SUM(B9,D9) -> -70 | G9: #REF! | H9: =IF((B9/C9)<1,0,(B9/C9)) -> 141.55251 | I9: =IF((D9/E9)<1,0,(D9/E9)) -> #DIV/0! | J9: =IF((OR(F9=0,G9=0))," ",+(F9/G9)) -> #REF! | K9: =IF('Entries Feb.''25'!B10-'Entries Feb.''25'!B9<1,0,'Entries Feb.''25'!B10-'Entries Feb.''25'!B9) -> 3100 | M9: =SUM(K9/L9) -> #DIV/0! | O9: =+$K9 -> 3100
A10: 4 | B10: =IF('Entries Feb.''25'!B10=0,0,+'Entries Feb.''25'!B11-'Entries Feb.''25'!B10) -> 3030 | C10: =IF('Entries Feb.''25'!F11-'Entries Feb.''25'!F10<1,"0",'Entries Feb.''25'!F11-'Entries Feb.''25'!F10) -> 19.5 | D10: =IF('Entries Feb.''25'!C12=0,0,+'Entries Feb.''25'!C12-'Entries Feb.''25'!C9) -> 0 | E10: =IF('Entries Feb.''25'!G11-'Entries Feb.''25'!G10<1,"0",'Entries Feb.''25'!G11-'Entries Feb.''25'!G10) -> 0 | F10: =SUM(B11,D11)-SUM(B10,D10) -> 370 | G10: #REF! | H10: =IF((B10/C10)<1,0,(B10/C10)) -> 155.38462 | I10: =IF((D10/E10)<1,0,(D10/E10)) -> #DIV/0! | J10: =IF((OR(F10=0,G10=0))," ",+(F10/G10)) -> #REF! | K10: =IF('Entries Feb.''25'!B11-'Entries Feb.''25'!B10<1,0,'Entries Feb.''25'!B11-'Entries Feb.''25'!B10) -> 3030 | L10: ='Utility Analysis Feb. 2025'!$J$13 -> 0 | M10: =SUM(K10/L10) -> #DIV/0! | O10: =+$K10 -> 3030
A11: 5 | B11: =IF('Entries Feb.''25'!B11=0,0,+'Entries Feb.''25'!B12-'Entries Feb.''25'!B11) -> 3400 | C11: =IF('Entries Feb.''25'!F12-'Entries Feb.''25'!F11<1,"0",'Entries Feb.''25'!F12-'Entries Feb.''25'!F11) -> 22.3 | D11: =IF('Entries Feb.''25'!C11=0,0,+'Entries Feb.''25'!C11-'Entries Feb.''25'!C12) -> 0 | E11: =IF('Entries Feb.''25'!G12-'Entries Feb.''25'!G11<1,"0",'Entries Feb.''25'!G12-'Entries Feb.''25'!G11) -> 0 | F11: =SUM(B12,D12)-SUM(B11,D11) -> -480 | G11: #REF! | H11: =IF((B11/C11)<1,0,(B11/C11)) -> 152.46637 | I11: =IF((D11/E11)<1,0,(D11/E11)) -> #DIV/0! | J11: =IF((OR(F11=0,G11=0))," ",+(F11/G11)) -> #REF! | K11: =IF('Entries Feb.''25'!B12-'Entries Feb.''25'!B11<1,0,'Entries Feb.''25'!B12-'Entries Feb.''25'!B11) -> 3400 | L11: ='PROD.FIG. '!$H$9 -> 0 | M11: =SUM(K11/L11) -> #DIV/0! | O11: =+$K11 -> 3400
A12: 6 | B12: =IF('Entries Feb.''25'!B12=0,0,+'Entries Feb.''25'!B13-'Entries Feb.''25'!B12) -> 2920 | C12: =IF('Entries Feb.''25'!F13-'Entries Feb.''25'!F12<1,"0",'Entries Feb.''25'!F13-'Entries Feb.''25'!F12) -> 20.5 | D12: =IF('Entries Feb.''25'!C13=0,0,+'Entries Feb.''25'!C13-'Entries Feb.''25'!C11) -> 0 | E12: =IF('Entries Feb.''25'!G13-'Entries Feb.''25'!G12<1,"0",'Entries Feb.''25'!G13-'Entries Feb.''25'!G12) -> 0 | F12: =SUM(B13,D13)-SUM(B12,D12) -> -2920 | G12: #REF! | H12: =IF((B12/C12)<1,0,(B12/C12)) -> 142.43902 | I12: =IF((D12/E12)<1,0,(D12/E12)) -> #DIV/0! | J12: =IF((OR(F12=0,G12=0))," ",+(F12/G12)) -> #REF! | K12: =IF('Entries Feb.''25'!B13-'Entries Feb.''25'!B12<1,0,'Entries Feb.''25'!B13-'Entries Feb.''25'!B12) -> 2920 | L12: ='PROD.FIG. '!$H$10 -> 0 | M12: =SUM(K12/L12) -> #DIV/0! | O12: =+$K12 -> 2920
A13: 7 | B13: =IF('Entries Feb.''25'!B13=0,0,+'Entries Feb.''25'!B14-'Entries Feb.''25'!B13) -> 0 | C13: =IF('Entries Feb.''25'!F14-'Entries Feb.''25'!F13<1,"0",'Entries Feb.''25'!F14-'Entries Feb.''25'!F13) -> 0 | D13: =IF('Entries Feb.''25'!C14=0,0,+'Entries Feb.''25'!C14-'Entries Feb.''25'!C12) -> 0 | E13: =IF('Entries Feb.''25'!G14-'Entries Feb.''25'!G13<1,"0",'Entries Feb.''25'!G14-'Entries Feb.''25'!G13) -> 0 | F13: =SUM(B14,D14)-SUM(B13,D13) -> 410 | G13: #REF! | H13: =IF((B13/C13)<1,0,(B13/C13)) -> #DIV/0! | I13: =IF((D13/E13)<1,0,(D13/E13)) -> #DIV/0! | J13: =IF((OR(F13=0,G13=0))," ",+(F13/G13)) -> #REF! | K13: =IF('Entries Feb.''25'!B14-'Entries Feb.''25'!B13<1,0,'Entries Feb.''25'!B14-'Entries Feb.''25'!B13) -> 0 | M13: =SUM(K13/L13) -> #DIV/0! | O13: =+$K13 -> 0
A14: 8 | B14: =IF('Entries Feb.''25'!B14=0,0,+'Entries Feb.''25'!B15-'Entries Feb.''25'!B14) -> 410 | C14: =IF('Entries Feb.''25'!F15-'Entries Feb.''25'!F14<1,"0",'Entries Feb.''25'!F15-'Entries Feb.''25'!F14) -> 3.7 | D14: =IF('Entries Feb.''25'!C14=0,0,+'Entries Feb.''25'!C14-'Entries Feb.''25'!#REF!) -> 0 | E14: =IF('Entries Feb.''25'!G15-'Entries Feb.''25'!G14<1,"0",'Entries Feb.''25'!G15-'Entries Feb.''25'!G14) -> 1 | F14: =SUM(B15,D15)-SUM(B14,D14) -> 690 | G14: #REF! | H14: =IF((B14/C14)<1,0,(B14/C14)) -> 110.81081 | I14: =IF((D14/E14)<1,0,(D14/E14)) -> 0 | J14: =IF((OR(F14=0,G14=0))," ",+(F14/G14)) -> #REF! | K14: =IF('Entries Feb.''25'!B15-'Entries Feb.''25'!B14<1,0,'Entries Feb.''25'!B15-'Entries Feb.''25'!B14) -> 410 | M14: =SUM(K14/L14) -> #DIV/0! | O14: =+$K14 -> 410
A15: 9 | B15: =IF('Entries Feb.''25'!B15=0,0,+'Entries Feb.''25'!B16-'Entries Feb.''25'!B15) -> 1100 | C15: =IF('Entries Feb.''25'!F16-'Entries Feb.''25'!F15<1,"0",'Entries Feb.''25'!F16-'Entries Feb.''25'!F15) -> 7.1 | D15: =IF('Entries Feb.''25'!C15=0,0,+'Entries Feb.''25'!C15-'Entries Feb.''25'!C14) -> 0 | E15: =IF('Entries Feb.''25'!G16-'Entries Feb.''25'!G15<1,"0",'Entries Feb.''25'!G16-'Entries Feb.''25'!G15) -> 0 | F15: =SUM(B16,D16)-SUM(B15,D15) -> 1610 | G15: #REF! | H15: =IF((B15/C15)<1,0,(B15/C15)) -> 154.92958 | I15: =IF((D15/E15)<1,0,(D15/E15)) -> #DIV/0! | J15: =IF((OR(F15=0,G15=0))," ",+(F15/G15)) -> #REF! | K15: =IF('Entries Feb.''25'!B16-'Entries Feb.''25'!B15<1,0,'Entries Feb.''25'!B16-'Entries Feb.''25'!B15) -> 1100 | M15: =SUM(K15/L15) -> #DIV/0! | O15: =+$K15 -> 1100
A16: 10 | B16: =IF('Entries Feb.''25'!B16=0,0,+'Entries Feb.''25'!B17-'Entries Feb.''25'!B16) -> 2710 | C16: =IF('Entries Feb.''25'!F17-'Entries Feb.''25'!F16<1,"0",'Entries Feb.''25'!F17-'Entries Feb.''25'!F16) -> 18 | D16: =IF('Entries Feb.''25'!C16=0,0,+'Entries Feb.''25'!C16-'Entries Feb.''25'!C15) -> 0 | E16: =IF('Entries Feb.''25'!G17-'Entries Feb.''25'!G16<1,"0",'Entries Feb.''25'!G17-'Entries Feb.''25'!G16) -> 0 | F16: =SUM(B17,D17)-SUM(B16,D16) -> 510 | G16: #REF! | H16: =IF((B16/C16)<1,0,(B16/C16)) -> 150.55556 | I16: =IF((D16/E16)<1,0,(D16/E16)) -> #DIV/0! | J16: =IF((OR(F16=0,G16=0))," ",+(F16/G16)) -> #REF! | K16: =IF('Entries Feb.''25'!B17-'Entries Feb.''25'!B16<1,0,'Entries Feb.''25'!B17-'Entries Feb.''25'!B16) -> 2710 | M16: =SUM(K16/L16) -> #DIV/0! | O16: =+$K16 -> 2710
A17: 11 | B17: =IF('Entries Feb.''25'!B17=0,0,+'Entries Feb.''25'!B18-'Entries Feb.''25'!B17) -> 3220 | C17: =IF('Entries Feb.''25'!F18-'Entries Feb.''25'!F17<1,"0",'Entries Feb.''25'!F18-'Entries Feb.''25'!F17) -> 20.9 | D17: =IF('Entries Feb.''25'!C17=0,0,+'Entries Feb.''25'!C17-'Entries Feb.''25'!C16) -> 0 | E17: =IF('Entries Feb.''25'!G18-'Entries Feb.''25'!G17<1,"0",'Entries Feb.''25'!G18-'Entries Feb.''25'!G17) -> 0 | F17: =SUM(B18,D18)-SUM(B17,D17) -> 60 | G17: #REF! | H17: =IF((B17/C17)<1,0,(B17/C17)) -> 154.06699 | I17: =IF((D17/E17)<1,0,(D17/E17)) -> #DIV/0! | J17: =IF((OR(F17=0,G17=0))," ",+(F17/G17)) -> #REF! | K17: =IF('Entries Feb.''25'!B18-'Entries Feb.''25'!B17<1,0,'Entries Feb.''25'!B18-'Entries Feb.''25'!B17) -> 3220 | M17: =SUM(K17/L17) -> #DIV/0! | O17: =+$K17 -> 3220
A18: 12 | B18: =IF('Entries Feb.''25'!B18=0,0,+'Entries Feb.''25'!B19-'Entries Feb.''25'!B18) -> 3280 | C18: =IF('Entries Feb.''25'!F19-'Entries Feb.''25'!F18<1,"0",'Entries Feb.''25'!F19-'Entries Feb.''25'!F18) -> 20.7 | D18: =IF('Entries Feb.''25'!C18=0,0,+'Entries Feb.''25'!C18-'Entries Feb.''25'!C17) -> 0 | E18: =IF('Entries Feb.''25'!G19-'Entries Feb.''25'!G18<1,"0",'Entries Feb.''25'!G19-'Entries Feb.''25'!G18) -> 0 | F18: =SUM(B19,D19)-SUM(B18,D18) -> 290 | G18: #REF! | H18: =IF((B18/C18)<1,0,(B18/C18)) -> 158.45411 | I18: =IF((D18/E18)<1,0,(D18/E18)) -> #DIV/0! | J18: =IF((OR(F18=0,G18=0))," ",+(F18/G18)) -> #REF! | K18: =IF('Entries Feb.''25'!B19-'Entries Feb.''25'!B18<1,0,'Entries Feb.''25'!B19-'Entries Feb.''25'!B18) -> 3280 | M18: =SUM(K18/L18) -> #DIV/0! | O18: =+$K18 -> 3280
A19: 13 | B19: =IF('Entries Feb.''25'!B19=0,0,+'Entries Feb.''25'!B20-'Entries Feb.''25'!B19) -> 3570 | C19: =IF('Entries Feb.''25'!F20-'Entries Feb.''25'!F19<1,"0",'Entries Feb.''25'!F20-'Entries Feb.''25'!F19) -> 22.3 | D19: =IF('Entries Feb.''25'!C19=0,0,+'Entries Feb.''25'!C19-'Entries Feb.''25'!C18) -> 0 | E19: =IF('Entries Feb.''25'!G20-'Entries Feb.''25'!G19<1,"0",'Entries Feb.''25'!G20-'Entries Feb.''25'!G19) -> 0 | F19: =SUM(B20,D20)-SUM(B19,D19) -> -760 | G19: #REF! | H19: =IF((B19/C19)<1,0,(B19/C19)) -> 160.08969 | I19: =IF((D19/E19)<1,0,(D19/E19)) -> #DIV/0! | J19: =IF((OR(F19=0,G19=0))," ",+(F19/G19)) -> #REF! | K19: =IF('Entries Feb.''25'!B20-'Entries Feb.''25'!B19<1,0,'Entries Feb.''25'!B20-'Entries Feb.''25'!B19) -> 3570 | M19: =SUM(K19/L19) -> #DIV/0! | O19: =+$K19 -> 3570
A20: 14 | B20: =IF('Entries Feb.''25'!B20=0,0,+'Entries Feb.''25'!B21-'Entries Feb.''25'!B20) -> 2810 | C20: =IF('Entries Feb.''25'!F22-'Entries Feb.''25'!F20<1,"0",'Entries Feb.''25'!F22-'Entries Feb.''25'!F20) -> 23.2 | D20: =IF('Entries Feb.''25'!C20=0,0,+'Entries Feb.''25'!C20-'Entries Feb.''25'!C19) -> 0 | E20: =IF('Entries Feb.''25'!G21-'Entries Feb.''25'!G20<1,"0",'Entries Feb.''25'!G21-'Entries Feb.''25'!G20) -> 0 | F20: =SUM(B21,D21)-SUM(B20,D20) -> -2430 | G20: #REF! | H20: =IF((B20/C20)<1,0,(B20/C20)) -> 121.12069 | I20: =IF((D20/E20)<1,0,(D20/E20)) -> #DIV/0! | J20: =IF((OR(F20=0,G20=0))," ",+(F20/G20)) -> #REF! | K20: =IF('Entries Feb.''25'!B21-'Entries Feb.''25'!B20<1,0,'Entries Feb.''25'!B21-'Entries Feb.''25'!B20) -> 2810 | M20: =SUM(K20/L20) -> #DIV/0! | O20: =+$K20 -> 2810
A21: 15 | B21: =IF('Entries Feb.''25'!B21=0,0,+'Entries Feb.''25'!B22-'Entries Feb.''25'!B21) -> 380 | C21: =IF('Entries Feb.''25'!F24-'Entries Feb.''25'!F21<1,"0",'Entries Feb.''25'!F24-'Entries Feb.''25'!F21) -> 30.2 | D21: =IF('Entries Feb.''25'!C21=0,0,+'Entries Feb.''25'!C21-'Entries Feb.''25'!C20) -> 0 | E21: =IF('Entries Feb.''25'!G22-'Entries Feb.''25'!G21<1,"0",'Entries Feb.''25'!G22-'Entries Feb.''25'!G21) -> 0 | F21: =SUM(B22,D22)-SUM(B21,D21) -> 270 | G21: #REF! | H21: =IF((B21/C21)<1,0,(B21/C21)) -> 12.582781 | I21: =IF((D21/E21)<1,0,(D21/E21)) -> #DIV/0! | J21: =IF((OR(F21=0,G21=0))," ",+(F21/G21)) -> #REF! | K21: =IF('Entries Feb.''25'!B22-'Entries Feb.''25'!B21<1,0,'Entries Feb.''25'!B22-'Entries Feb.''25'!B21) -> 380 | M21: =SUM(K21/L21) -> #DIV/0! | O21: =+$K21 -> 380
A22: 16 | B22: =IF('Entries Feb.''25'!B22=0,0,+'Entries Feb.''25'!B23-'Entries Feb.''25'!B22) -> 650 | C22: =IF('Entries Feb.''25'!F25-'Entries Feb.''25'!F22<1,"0",'Entries Feb.''25'!F25-'Entries Feb.''25'!F22) -> 47.1 | D22: =IF('Entries Feb.''25'!C22=0,0,+'Entries Feb.''25'!C22-'Entries Feb.''25'!C21) -> 0 | E22: =IF('Entries Feb.''25'!G23-'Entries Feb.''25'!G22<1,"0",'Entries Feb.''25'!G23-'Entries Feb.''25'!G22) -> 0 | F22: =SUM(B23,D23)-SUM(B22,D22) -> 2200 | G22: #REF! | H22: =IF((B22/C22)<1,0,(B22/C22)) -> 13.800425 | I22: =IF((D22/E22)<1,0,(D22/E22)) -> #DIV/0! | J22: =IF((OR(F22=0,G22=0))," ",+(F22/G22)) -> #REF! | K22: =IF('Entries Feb.''25'!B23-'Entries Feb.''25'!B22<1,0,'Entries Feb.''25'!B23-'Entries Feb.''25'!B22) -> 650 | M22: =SUM(K22/L22) -> #DIV/0! | O22: =+$K22 -> 650
A23: 17 | B23: =IF('Entries Feb.''25'!B23=0,0,+'Entries Feb.''25'!B24-'Entries Feb.''25'!B23) -> 2850 | C23: =IF('Entries Feb.''25'!F26-'Entries Feb.''25'!F23<1,"0",'Entries Feb.''25'!F26-'Entries Feb.''25'!F23) -> 63.3 | D23: =IF('Entries Feb.''25'!C23=0,0,+'Entries Feb.''25'!C23-'Entries Feb.''25'!C22) -> 0 | E23: =IF('Entries Feb.''25'!G24-'Entries Feb.''25'!G23<1,"0",'Entries Feb.''25'!G24-'Entries Feb.''25'!G23) -> 0 | F23: =SUM(B24,D24)-SUM(B23,D23) -> 170 | G23: #REF! | H23: =IF((B23/C23)<1,0,(B23/C23)) -> 45.023697 | I23: =IF((D23/E23)<1,0,(D23/E23)) -> #DIV/0! | J23: =IF((OR(F23=0,G23=0))," ",+(F23/G23)) -> #REF! | K23: =IF('Entries Feb.''25'!B24-'Entries Feb.''25'!B23<1,0,'Entries Feb.''25'!B24-'Entries Feb.''25'!B23) -> 2850 | M23: =SUM(K23/L23) -> #DIV/0! | O23: =+$K23 -> 2850
A24: 18 | B24: =IF('Entries Feb.''25'!B24=0,0,+'Entries Feb.''25'!B25-'Entries Feb.''25'!B24) -> 3020 | C24: =IF('Entries Feb.''25'!F27-'Entries Feb.''25'!F24<1,"0",'Entries Feb.''25'!F27-'Entries Feb.''25'!F24) -> 63.4 | D24: =IF('Entries Feb.''25'!C24=0,0,+'Entries Feb.''25'!C24-'Entries Feb.''25'!C23) -> 0 | E24: =IF('Entries Feb.''25'!G25-'Entries Feb.''25'!G24<1,"0",'Entries Feb.''25'!G25-'Entries Feb.''25'!G24) -> 0 | F24: =SUM(B25,D25)-SUM(B24,D24) -> 140 | G24: #REF! | H24: =IF((B24/C24)<1,0,(B24/C24)) -> 47.634069 | I24: =IF((D24/E24)<1,0,(D24/E24)) -> #DIV/0! | J24: =IF((OR(F24=0,G24=0))," ",+(F24/G24)) -> #REF! | K24: =IF('Entries Feb.''25'!B25-'Entries Feb.''25'!B24<1,0,'Entries Feb.''25'!B25-'Entries Feb.''25'!B24) -> 3020 | M24: =SUM(K24/L24) -> #DIV/0! | O24: =+$K24 -> 3020
A25: 19 | B25: =IF('Entries Feb.''25'!B25=0,0,+'Entries Feb.''25'!B26-'Entries Feb.''25'!B25) -> 3160 | C25: =IF('Entries Feb.''25'!F28-'Entries Feb.''25'!F25<1,"0",'Entries Feb.''25'!F28-'Entries Feb.''25'!F25) -> 60.7 | D25: =IF('Entries Feb.''25'!C25=0,0,+'Entries Feb.''25'!C25-'Entries Feb.''25'!C24) -> 0 | E25: =IF('Entries Feb.''25'!G26-'Entries Feb.''25'!G25<1,"0",'Entries Feb.''25'!G26-'Entries Feb.''25'!G25) -> 0 | F25: =SUM(B26,D26)-SUM(B25,D25) -> -190 | G25: #REF! | H25: =IF((B25/C25)<1,0,(B25/C25)) -> 52.059308 | I25: =IF((D25/E25)<1,0,(D25/E25)) -> #DIV/0! | J25: =IF((OR(F25=0,G25=0))," ",+(F25/G25)) -> #REF! | K25: =IF('Entries Feb.''25'!B26-'Entries Feb.''25'!B25<1,0,'Entries Feb.''25'!B26-'Entries Feb.''25'!B25) -> 3160 | M25: =SUM(K25/L25) -> #DIV/0! | O25: =+$K25 -> 3160
A26: 20 | B26: =IF('Entries Feb.''25'!B26=0,0,+'Entries Feb.''25'!B27-'Entries Feb.''25'!B26) -> 2970 | C26: =IF('Entries Feb.''25'!F29-'Entries Feb.''25'!F26<1,"0",'Entries Feb.''25'!F29-'Entries Feb.''25'!F26) -> 41.4 | D26: =IF('Entries Feb.''25'!C26=0,0,+'Entries Feb.''25'!C26-'Entries Feb.''25'!C25) -> 0 | E26: =IF('Entries Feb.''25'!G27-'Entries Feb.''25'!G26<1,"0",'Entries Feb.''25'!G27-'Entries Feb.''25'!G26) -> 0 | F26: =SUM(B27,D27)-SUM(B26,D26) -> -560 | G26: #REF! | H26: =IF((B26/C26)<1,0,(B26/C26)) -> 71.73913 | I26: =IF((D26/E26)<1,0,(D26/E26)) -> #DIV/0! | J26: =IF((OR(F26=0,G26=0))," ",+(F26/G26)) -> #REF! | K26: =IF('Entries Feb.''25'!B27-'Entries Feb.''25'!B26<1,0,'Entries Feb.''25'!B27-'Entries Feb.''25'!B26) -> 2970 | M26: =SUM(K26/L26) -> #DIV/0! | O26: =+$K26 -> 2970
A27: 21 | B27: =IF('Entries Feb.''25'!B27=0,0,+'Entries Feb.''25'!B28-'Entries Feb.''25'!B27) -> 2410 | C27: =IF('Entries Feb.''25'!F28-'Entries Feb.''25'!F27<1,"0",'Entries Feb.''25'!F28-'Entries Feb.''25'!F27) -> 17.9 | D27: =IF('Entries Feb.''25'!C27=0,0,+'Entries Feb.''25'!C27-'Entries Feb.''25'!C26) -> 0 | E27: =IF('Entries Feb.''25'!G28-'Entries Feb.''25'!G27<1,"0",'Entries Feb.''25'!G28-'Entries Feb.''25'!G27) -> 0 | F27: =SUM(B28,D28)-SUM(B27,D27) -> -2070 | G27: #REF! | H27: =IF((B27/C27)<1,0,(B27/C27)) -> 134.63687 | I27: =IF((D27/E27)<1,0,(D27/E27)) -> #DIV/0! | J27: =IF((OR(F27=0,G27=0))," ",+(F27/G27)) -> #REF! | K27: =IF('Entries Feb.''25'!B28-'Entries Feb.''25'!B27<1,0,'Entries Feb.''25'!B28-'Entries Feb.''25'!B27) -> 2410 | M27: =SUM(K27/L27) -> #DIV/0! | O27: =+$K27 -> 2410
A28: 22 | B28: =IF('Entries Feb.''25'!B28=0,0,+'Entries Feb.''25'!B29-'Entries Feb.''25'!B28) -> 340 | C28: =IF('Entries Feb.''25'!F29-'Entries Feb.''25'!F28<1,"0",'Entries Feb.''25'!F29-'Entries Feb.''25'!F28) -> 2.1 | D28: =IF('Entries Feb.''25'!C28=0,0,+'Entries Feb.''25'!C28-'Entries Feb.''25'!C27) -> 0 | E28: =IF('Entries Feb.''25'!G29-'Entries Feb.''25'!G28<1,"0",'Entries Feb.''25'!G29-'Entries Feb.''25'!G28) -> 0 | F28: =SUM(B29,D29)-SUM(B28,D28) -> 670 | G28: #REF! | H28: =IF((B28/C28)<1,0,(B28/C28)) -> 161.90476 | I28: =IF((D28/E28)<1,0,(D28/E28)) -> #DIV/0! | J28: =IF((OR(F28=0,G28=0))," ",+(F28/G28)) -> #REF! | K28: =IF('Entries Feb.''25'!B29-'Entries Feb.''25'!B28<1,0,'Entries Feb.''25'!B29-'Entries Feb.''25'!B28) -> 340 | M28: =SUM(K28/L28) -> #DIV/0! | O28: =+$K28 -> 340
A29: 23 | B29: =IF('Entries Feb.''25'!B29=0,0,+'Entries Feb.''25'!B30-'Entries Feb.''25'!B29) -> 1010 | C29: =IF('Entries Feb.''25'!F30-'Entries Feb.''25'!F29<1,"0",'Entries Feb.''25'!F30-'Entries Feb.''25'!F29) -> 7.2 | D29: =IF('Entries Feb.''25'!C29=0,0,+'Entries Feb.''25'!C29-'Entries Feb.''25'!C28) -> 0 | E29: =IF('Entries Feb.''25'!G30-'Entries Feb.''25'!G29<1,"0",'Entries Feb.''25'!G30-'Entries Feb.''25'!G29) -> 0 | F29: =SUM(B30,D30)-SUM(B29,D29) -> 2100 | G29: #REF! | H29: =IF((B29/C29)<1,0,(B29/C29)) -> 140.27778 | I29: =IF((D29/E29)<1,0,(D29/E29)) -> #DIV/0! | J29: =IF((OR(F29=0,G29=0))," ",+(F29/G29)) -> #REF! | K29: =IF('Entries Feb.''25'!B30-'Entries Feb.''25'!B29<1,0,'Entries Feb.''25'!B30-'Entries Feb.''25'!B29) -> 1010 | M29: =SUM(K29/L29) -> #DIV/0! | O29: =+$K29 -> 1010
A30: 24 | B30: =IF('Entries Feb.''25'!B30=0,0,+'Entries Feb.''25'!B31-'Entries Feb.''25'!B30) -> 3110 | C30: =IF('Entries Feb.''25'!F31-'Entries Feb.''25'!F30<1,"0",'Entries Feb.''25'!F31-'Entries Feb.''25'!F30) -> 21 | D30: =IF('Entries Feb.''25'!C30=0,0,+'Entries Feb.''25'!C30-'Entries Feb.''25'!C29) -> 0 | E30: =IF('Entries Feb.''25'!G31-'Entries Feb.''25'!G30<1,"0",'Entries Feb.''25'!G31-'Entries Feb.''25'!G30) -> 0 | F30: =SUM(B31,D31)-SUM(B30,D30) -> 140 | G30: #REF! | H30: =IF((B30/C30)<1,0,(B30/C30)) -> 148.09524 | I30: =IF((D30/E30)<1,0,(D30/E30)) -> #DIV/0! | J30: =IF((OR(F30=0,G30=0))," ",+(F30/G30)) -> #REF! | K30: =IF('Entries Feb.''25'!B31-'Entries Feb.''25'!B30<1,0,'Entries Feb.''25'!B31-'Entries Feb.''25'!B30) -> 3110 | M30: =SUM(K30/L30) -> #DIV/0! | O30: =+$K30 -> 3110
A31: 25 | B31: =IF('Entries Feb.''25'!B31=0,0,+'Entries Feb.''25'!B32-'Entries Feb.''25'!B31) -> 3250 | C31: =IF('Entries Feb.''25'!F32-'Entries Feb.''25'!F31<1,"0",'Entries Feb.''25'!F32-'Entries Feb.''25'!F31) -> 21.3 | D31: =IF('Entries Feb.''25'!C31=0,0,+'Entries Feb.''25'!C31-'Entries Feb.''25'!C30) -> 0 | E31: =IF('Entries Feb.''25'!G32-'Entries Feb.''25'!G31<1,"0",'Entries Feb.''25'!G32-'Entries Feb.''25'!G31) -> 0 | F31: =SUM(B32,D32)-SUM(B31,D31) -> -440 | G31: #REF! | H31: =IF((B31/C31)<1,0,(B31/C31)) -> 152.58216 | I31: =IF((D31/E31)<1,0,(D31/E31)) -> #DIV/0! | J31: =IF((OR(F31=0,G31=0))," ",+(F31/G31)) -> #REF! | K31: =IF('Entries Feb.''25'!B32-'Entries Feb.''25'!B31<1,0,'Entries Feb.''25'!B32-'Entries Feb.''25'!B31) -> 3250 | M31: =SUM(K31/L31) -> #DIV/0! | O31: =+$K31 -> 3250
A32: 26 | B32: =IF('Entries Feb.''25'!B32=0,0,+'Entries Feb.''25'!B33-'Entries Feb.''25'!B32) -> 2810 | C32: =IF('Entries Feb.''25'!F33-'Entries Feb.''25'!F32<1,"0",'Entries Feb.''25'!F33-'Entries Feb.''25'!F32) -> 18.9 | D32: =IF('Entries Feb.''25'!C32=0,0,+'Entries Feb.''25'!C32-'Entries Feb.''25'!C31) -> 0 | E32: =IF('Entries Feb.''25'!G33-'Entries Feb.''25'!G32<1,"0",'Entries Feb.''25'!G33-'Entries Feb.''25'!G32) -> 0 | F32: =SUM(B33,D33)-SUM(B32,D32) -> 130 | G32: #REF! | H32: =IF((B32/C32)<1,0,(B32/C32)) -> 148.67725 | I32: =IF((D32/E32)<1,0,(D32/E32)) -> #DIV/0! | J32: =IF((OR(F32=0,G32=0))," ",+(F32/G32)) -> #REF! | K32: =IF('Entries Feb.''25'!B33-'Entries Feb.''25'!B32<1,0,'Entries Feb.''25'!B33-'Entries Feb.''25'!B32) -> 2810 | M32: =SUM(K32/L32) -> #DIV/0! | O32: =+$K32 -> 2810
A33: 27 | B33: =IF('Entries Feb.''25'!B33=0,0,+'Entries Feb.''25'!B34-'Entries Feb.''25'!B33) -> 2940 | C33: =IF('Entries Feb.''25'!F34-'Entries Feb.''25'!F33<1,"0",'Entries Feb.''25'!F34-'Entries Feb.''25'!F33) -> 22 | D33: =IF('Entries Feb.''25'!C33=0,0,+'Entries Feb.''25'!C33-'Entries Feb.''25'!C32) -> 0 | E33: =IF('Entries Feb.''25'!G34-'Entries Feb.''25'!G33<1,"0",'Entries Feb.''25'!G34-'Entries Feb.''25'!G33) -> 0 | F33: =SUM(B34,D34)-SUM(B33,D33) -> -290 | G33: #REF! | H33: =IF((B33/C33)<1,0,(B33/C33)) -> 133.63636 | I33: =IF((D33/E33)<1,0,(D33/E33)) -> #DIV/0! | J33: =IF((OR(F33=0,G33=0))," ",+(F33/G33)) -> #REF! | K33: =IF('Entries Feb.''25'!B34-'Entries Feb.''25'!B33<1,0,'Entries Feb.''25'!B34-'Entries Feb.''25'!B33) -> 2940 | M33: =SUM(K33/L33) -> #DIV/0! | O33: =+$K33 -> 2940
A34: 28 | B34: =IF('Entries Feb.''25'!B34=0,0,+'Entries Feb.''25'!B35-'Entries Feb.''25'!B34) -> 2650 | C34: =IF('Entries Feb.''25'!F35-'Entries Feb.''25'!F34<1,"0",'Entries Feb.''25'!F35-'Entries Feb.''25'!F34) -> 18.6 | D34: =IF('Entries Feb.''25'!C34=0,0,+'Entries Feb.''25'!C34-'Entries Feb.''25'!C33) -> 0 | E34: =IF('Entries Feb.''25'!G35-'Entries Feb.''25'!G34<1,"0",'Entries Feb.''25'!G35-'Entries Feb.''25'!G34) -> 0 | F34: =SUM(B35,D35)-SUM(B34,D34) -> -2650 | G34: #REF! | H34: =IF((B34/C34)<1,0,(B34/C34)) -> 142.47312 | I34: =IF((D34/E34)<1,0,(D34/E34)) -> #DIV/0! | J34: =IF((OR(F34=0,G34=0))," ",+(F34/G34)) -> #REF! | K34: =IF('Entries Feb.''25'!B35-'Entries Feb.''25'!B34<1,0,'Entries Feb.''25'!B35-'Entries Feb.''25'!B34) -> 2650 | M34: =SUM(K34/L34) -> #DIV/0! | O34: =+$K34 -> 2650
A35: 29 | C35: =IF('Entries Feb.''25'!F36-'Entries Feb.''25'!F35<1,"0",'Entries Feb.''25'!F36-'Entries Feb.''25'!F35) -> 0 | D35: =IF('Entries Feb.''25'!C35=0,0,+'Entries Feb.''25'!C35-'Entries Feb.''25'!C34) -> 0 | E35: =IF('Entries Feb.''25'!G36-'Entries Feb.''25'!G35<1,"0",'Entries Feb.''25'!G36-'Entries Feb.''25'!G35) -> 0 | F35: =SUM(B36,D36)-SUM(B35,D35) -> 0 | G35: #REF! | H35: =IF((B35/C35)<1,0,(B35/C35)) -> #DIV/0! | I35: =IF((D35/E35)<1,0,(D35/E35)) -> #DIV/0! | J35: =IF((OR(F35=0,G35=0))," ",+(F35/G35)) -> #REF! | K35: =IF('Entries Feb.''25'!B36-'Entries Feb.''25'!B35<1,0,'Entries Feb.''25'!B36-'Entries Feb.''25'!B35) -> 0 | M35: =SUM(K35/L35) -> #DIV/0! | O35: =+$K35 -> 0
A36: 30 | B36: =IF('Entries Feb.''25'!B36=0,0,+'Entries Feb.''25'!B36-'Entries Feb.''25'!#REF!) -> 0 | C36: =IF('Entries Feb.''25'!F37-'Entries Feb.''25'!F36<1,"0",'Entries Feb.''25'!F37-'Entries Feb.''25'!F36) -> 0 | D36: =IF('Entries Feb.''25'!C36=0,0,+'Entries Feb.''25'!C36-'Entries Feb.''25'!C35) -> 0 | E36: =IF('Entries Feb.''25'!G37-'Entries Feb.''25'!G36<1,"0",'Entries Feb.''25'!G37-'Entries Feb.''25'!G36) -> 0 | F36: =SUM(B37,D37)-SUM(B36,D36) -> 0 | G36: #REF! | H36: =IF((B36/C36)<1,0,(B36/C36)) -> #DIV/0! | I36: =IF((D36/E36)<1,0,(D36/E36)) -> #DIV/0! | J36: =IF((OR(F36=0,G36=0))," ",+(F36/G36)) -> #REF! | K36: =IF('Entries Feb.''25'!B37-'Entries Feb.''25'!B36<1,0,'Entries Feb.''25'!B37-'Entries Feb.''25'!B36) -> 0 | M36: =SUM(K36/L36) -> #DIV/0! | O36: =+$K36 -> 0
A37: 31 | B37: =IF('Entries Feb.''25'!B37=0,0,+'Entries Feb.''25'!B37-'Entries Feb.''25'!B36) -> 0 | C37: =IF('Entries Feb.''25'!F38-'Entries Feb.''25'!F37<1,"0",'Entries Feb.''25'!F38-'Entries Feb.''25'!F37) -> 0 | D37: =IF('Entries Feb.''25'!C37=0,0,+'Entries Feb.''25'!C37-'Entries Feb.''25'!C36) -> 0 | E37: =IF('Entries Feb.''25'!G38-'Entries Feb.''25'!G37<1,"0",'Entries Feb.''25'!G38-'Entries Feb.''25'!G37) -> 0 | F37: =SUM(B38,D38)-SUM(B37,D37) -> 62060 | G37: #REF! | H37: =IF((B37/C37)<1,0,(B37/C37)) -> #DIV/0! | I37: =IF((D37/E37)<1,0,(D37/E37)) -> #DIV/0! | J37: =IF((OR(F37=0,G37=0))," ",+(F37/G37)) -> #REF! | K37: =IF('Entries Feb.''25'!B38-'Entries Feb.''25'!B37<1,0,'Entries Feb.''25'!B38-'Entries Feb.''25'!B37) -> 0 | M37: =SUM(K37/L37) -> #DIV/0! | O37: =+$K37 -> 0
B38: =SUM(B7:B34) -> 62060 | C38: =SUM(C7:C34) -> 640.8 | D38: =SUM(D7:D34) -> 0 | E38: =SUM(E7:E34) -> 1 | K38: =SUM(K7:K34) -> 62060
C39: 1 | D39: =+$B7+$D7 -> 200
C40: 2 | D40: =+$B8+$D8 -> 760
C41: 3 | D41: =+$B9+$D9 -> 3100
C42: 4 | D42: =+$B10+$D10 -> 3030
C43: 5 | D43: =+$B11+$D11 -> 3400
C44: 6 | D44: =+$B12+$D12 -> 2920
C45: 7 | D45: =+$B13+$D13 -> 0
C46: 8 | D46: =+$B14+$D14 -> 410
C47: 9 | D47: =+$B15+$D15 -> 1100
C48: 10 | D48: =+$B16+$D16 -> 2710
C49: 11 | D49: =+$B17+$D17 -> 3220
C50: 12 | D50: =+$B18+$D18 -> 3280
... C69: 31 | D69: =+$B37+$D37 -> 0
D70: =+$B38+$D38 -> 62060

Sheet Water 
B4: DATE | C4: Well Supply (m3) | D4: Nawasa Supply (m3) | E4: Annanale Supply (m3) | F4: RO Nawasa (m3) | G4: Service Water Received (m3) | H4: Service Water Supply to Plant (m3) | I4: CO2 Scrubber (m3) | J4: Brewhouse / Old Pepsi Area (m3) | K4: Filtration/Cellars (m3) | L4: Cellars/Process Area (m3) | M4: Pasteuriser (m3) | Q4: Permeate Produced (m3) | R4: Plant Cons (Hl.) | T4: Bottle Filler (m3) | W4: Rus (m3) | X4: Washdown Area (m3) | Y4: Comments | Z4: Total Prod. | AA4: Water KPI (Hl/Hl)
N5: CIP Process (m3) | O5: Bottles Washer (m3) | P5: Boiler Supply (m3) | S5: ∑ Service Water to Processes | U5: Water into RO #1 (m3) | V5: Water into RO #2 (m3)
B6: - | O6: =IF('Entries Feb.''25'!Z7-'Entries Feb.''25'!Z6<1,"0",'Entries Feb.''25'!Z7-'Entries Feb.''25'!Z6) -> 27709 | P6: =IF('Entries Feb.''25'!AA7-'Entries Feb.''25'!AA6<1,"0",'Entries Feb.''25'!AA7-'Entries Feb.''25'!AA6) -> 4869 | Q6: =IF(('Entries Feb.''25'!AB7-'Entries Feb.''25'!AB6)+('Entries Feb.''25'!AC7-'Entries Feb.''25'!AC6)<1,"0",('Entries Feb.''25'!AB7-'Entries Feb.''25'!AB6)+('Entries Feb.''25'!AC7-'Entries Feb.''25'!AC6)) -> 97122 | T6: =IF('Entries Feb.''25'!AD8-'Entries Feb.''25'!AD7<1,"0",'Entries Feb.''25'!AD8-'Entries Feb.''25'!AD7) -> 0 | U6: ='Entries Feb.''25'!AE7-'Entries Feb.''25'!AE6 -> 258494
B7: 1 | C7: =IF('Entries Feb.''25'!X8-'Entries Feb.''25'!X7<1,"0",'Entries Feb.''25'!X8-'Entries Feb.''25'!X7) -> 0 | D7: =IF('Entries Feb.''25'!P8-'Entries Feb.''25'!P7<1,"0",'Entries Feb.''25'!P8-'Entries Feb.''25'!P7) -> 0 | E7: =IF('Entries Feb.''25'!Q8-'Entries Feb.''25'!Q7<1,"0",'Entries Feb.''25'!Q8-'Entries Feb.''25'!Q7) -> 255 | F7: =IF('Entries Feb.''25'!W8-'Entries Feb.''25'!W7<1,"0",'Entries Feb.''25'!W8-'Entries Feb.''25'!W7) -> 0 | G7: =(D7+E7)-F7 -> 255 | H7: =IF('Entries Feb.''25'!R8-'Entries Feb.''25'!R7<1,0,'Entries Feb.''25'!R8-'Entries Feb.''25'!R7) -> 20 | I7: =IF('Entries Feb.''25'!AH8-'Entries Feb.''25'!AH7<1,0,'Entries Feb.''25'!AH8-'Entries Feb.''25'!AH7) -> 0 | J7: =IF('Entries Feb.''25'!T8-'Entries Feb.''25'!T7<1,"0",'Entries Feb.''25'!T8-'Entries Feb.''25'!T7) -> 0 | K7: =IF('Entries Feb.''25'!S8-'Entries Feb.''25'!S7<1,"0",'Entries Feb.''25'!S8-'Entries Feb.''25'!S7) -> 0 | L7: =IF('Entries Feb.''25'!U8-'Entries Feb.''25'!W7<1,"0",'Entries Feb.''25'!U8-'Entries Feb.''25'!W7) -> 0 | M7: =IF('Entries Feb.''25'!V8-'Entries Feb.''25'!V7<1,"0",'Entries Feb.''25'!V8-'Entries Feb.''25'!V7) -> 0 | N7: =IF('Entries Feb.''25'!Y8-'Entries Feb.''25'!Y7<1,"0",'Entries Feb.''25'!Y8-'Entries Feb.''25'!Y7) -> 0 | O7: =IF('Entries Feb.''25'!Z8-'Entries Feb.''25'!Z7<1,"0",'Entries Feb.''25'!Z8-'Entries Feb.''25'!Z7) -> 33 | P7: =IF('Entries Feb.''25'!AA8-'Entries Feb.''25'!AA7<1,"0",'Entries Feb.''25'!AA8-'Entries Feb.''25'!AA7) -> 41 | Q7: =IF(('Entries Feb.''25'!AB8-'Entries Feb.''25'!AB7)+('Entries Feb.''25'!AC8-'Entries Feb.''25'!AC7)<1,"0",('Entries Feb.''25'!AB8-'Entries Feb.''25'!AB7)+('Entries Feb.''25'!AC8-'Entries Feb.''25'!AC7)) -> 0 | R7: =(Q7+G7)*10 -> 2550 | S7: =O7+N7+M7+L7 -> 33 | T7: =IF('Entries Feb.''25'!AD8-'Entries Feb.''25'!AD7<1,"0",'Entries Feb.''25'!AD8-'Entries Feb.''25'!AD7) -> 0 | U7: ='Entries Feb.''25'!AE8-'Entries Feb.''25'!AE7 -> 0 | V7: ='Entries Feb.''25'!AF9-'Entries Feb.''25'!AF7 -> 0 | W7: =IF('Entries Feb.''25'!AI8-'Entries Feb.''25'!AI7<1,"0",'Entries Feb.''25'!AI8-'Entries Feb.''25'!AI7) -> 0 | X7: =IF('Entries Feb.''25'!AJ8-'Entries Feb.''25'!AJ7<1,"0",'Entries Feb.''25'!AJ8-'Entries Feb.''25'!AJ7) -> 0 | AA7: =R7/Z7 -> #DIV/0!
B8: 2 | C8: =IF('Entries Feb.''25'!X9-'Entries Feb.''25'!X8<1,"0",'Entries Feb.''25'!X9-'Entries Feb.''25'!X8) -> 0 | D8: =IF('Entries Feb.''25'!P9-'Entries Feb.''25'!P8<1,"0",'Entries Feb.''25'!P9-'Entries Feb.''25'!P8) -> 2 | E8: =IF('Entries Feb.''25'!Q9-'Entries Feb.''25'!Q8<1,"0",'Entries Feb.''25'!Q9-'Entries Feb.''25'!Q8) -> 79 | F8: =IF('Entries Feb.''25'!W9-'Entries Feb.''25'!W8<1,"0",'Entries Feb.''25'!W9-'Entries Feb.''25'!W8) -> 352 | G8: =(D8+E8)-F8 -> -271 | H8: =IF('Entries Feb.''25'!R9-'Entries Feb.''25'!R8<1,0,'Entries Feb.''25'!R9-'Entries Feb.''25'!R8) -> 83 | I8: =IF('Entries Feb.''25'!AH9-'Entries Feb.''25'!AH8<1,0,'Entries Feb.''25'!AH9-'Entries Feb.''25'!AH8) -> 0 | J8: =IF('Entries Feb.''25'!T9-'Entries Feb.''25'!T8<1,"0",'Entries Feb.''25'!T9-'Entries Feb.''25'!T8) -> 0 | K8: =IF('Entries Feb.''25'!S9-'Entries Feb.''25'!S8<1,"0",'Entries Feb.''25'!S9-'Entries Feb.''25'!S8) -> 0 | L8: =IF('Entries Feb.''25'!U9-'Entries Feb.''25'!U8<1,"0",'Entries Feb.''25'!U9-'Entries Feb.''25'!U8) -> 0 | M8: =IF('Entries Feb.''25'!V9-'Entries Feb.''25'!V8<1,"0",'Entries Feb.''25'!V9-'Entries Feb.''25'!V8) -> 0 | N8: =IF('Entries Feb.''25'!Y9-'Entries Feb.''25'!Y8<1,"0",'Entries Feb.''25'!Y9-'Entries Feb.''25'!Y8) -> 0 | O8: =IF('Entries Feb.''25'!Z9-'Entries Feb.''25'!Z8<1,"0",'Entries Feb.''25'!Z9-'Entries Feb.''25'!Z8) -> 2 | P8: =IF('Entries Feb.''25'!AA9-'Entries Feb.''25'!AA8<1,"0",'Entries Feb.''25'!AA9-'Entries Feb.''25'!AA8) -> 18 | Q8: =IF(('Entries Feb.''25'!AB9-'Entries Feb.''25'!AB8)+('Entries Feb.''25'!AC9-'Entries Feb.''25'!AC8)<1,"0",('Entries Feb.''25'!AB9-'Entries Feb.''25'!AB8)+('Entries Feb.''25'!AC9-'Entries Feb.''25'!AC8)) -> 0 | R8: =(Q8+G8)*10 -> -2710 | S8: =O8+N8+M8+L8 -> 2 | T8: =IF('Entries Feb.''25'!AD9-'Entries Feb.''25'!AD8<1,"0",'Entries Feb.''25'!AD9-'Entries Feb.''25'!AD8) -> 0 | U8: ='Entries Feb.''25'!AE9-'Entries Feb.''25'!AE8 -> 0 | V8: ='Entries Feb.''25'!#REF!-'Entries Feb.''25'!AF9 -> #REF! | W8: =IF('Entries Feb.''25'!AI9-'Entries Feb.''25'!AI8<1,"0",'Entries Feb.''25'!AI9-'Entries Feb.''25'!AI8) -> 0 | X8: =IF('Entries Feb.''25'!AJ9-'Entries Feb.''25'!AJ8<1,"0",'Entries Feb.''25'!AJ9-'Entries Feb.''25'!AJ8) -> 0 | Z8: ='PROD.FIG. '!H6 -> 0 | AA8: =R8/Z8 -> #DIV/0!
B9: 3 | C9: =IF('Entries Feb.''25'!X10-'Entries Feb.''25'!X9<1,"0",'Entries Feb.''25'!X10-'Entries Feb.''25'!X9) -> 0 | D9: =IF('Entries Feb.''25'!P10-'Entries Feb.''25'!P9<1,"0",'Entries Feb.''25'!P10-'Entries Feb.''25'!P9) -> 72 | E9: =IF('Entries Feb.''25'!Q10-'Entries Feb.''25'!Q9<1,"0",'Entries Feb.''25'!Q10-'Entries Feb.''25'!Q9) -> 188 | F9: =IF('Entries Feb.''25'!W10-'Entries Feb.''25'!W9<1,"0",'Entries Feb.''25'!W10-'Entries Feb.''25'!W9) -> 197 | G9: =(D9+E9)-F9 -> 63 | H9: =IF('Entries Feb.''25'!R10-'Entries Feb.''25'!R9<1,0,'Entries Feb.''25'!R10-'Entries Feb.''25'!R9) -> 249 | I9: =IF('Entries Feb.''25'!AH10-'Entries Feb.''25'!AH9<1,0,'Entries Feb.''25'!AH10-'Entries Feb.''25'!AH9) -> 0 | J9: =IF('Entries Feb.''25'!T10-'Entries Feb.''25'!T9<1,"0",'Entries Feb.''25'!T10-'Entries Feb.''25'!T9) -> 198 | K9: =IF('Entries Feb.''25'!S10-'Entries Feb.''25'!S9<1,"0",'Entries Feb.''25'!S10-'Entries Feb.''25'!S9) -> 0 | L9: =IF('Entries Feb.''25'!U10-'Entries Feb.''25'!U9<1,"0",'Entries Feb.''25'!U10-'Entries Feb.''25'!U9) -> 0 | M9: =IF('Entries Feb.''25'!V10-'Entries Feb.''25'!V9<1,"0",'Entries Feb.''25'!V10-'Entries Feb.''25'!V9) -> 7 | N9: =IF('Entries Feb.''25'!Y10-'Entries Feb.''25'!Y9<1,"0",'Entries Feb.''25'!Y10-'Entries Feb.''25'!Y9) -> 79 | O9: =IF('Entries Feb.''25'!Z10-'Entries Feb.''25'!Z9<1,"0",'Entries Feb.''25'!Z10-'Entries Feb.''25'!Z9) -> 81 | P9: =IF('Entries Feb.''25'!AA10-'Entries Feb.''25'!AA9<1,"0",'Entries Feb.''25'!AA10-'Entries Feb.''25'!AA9) -> 60 | Q9: =IF(('Entries Feb.''25'!AB10-'Entries Feb.''25'!AB9)+('Entries Feb.''25'!AC10-'Entries Feb.''25'!AC9)<1,"0",('Entries Feb.''25'!AB10-'Entries Feb.''25'!AB9)+('Entries Feb.''25'!AC10-'Entries Feb.''25'!AC9)) -> 0 | R9: =(Q9+G9)*10 -> 630 | S9: =O9+N9+M9+L9 -> 167 | T9: =IF('Entries Feb.''25'!AD10-'Entries Feb.''25'!AD9<1,"0",'Entries Feb.''25'!AD10-'Entries Feb.''25'!AD9) -> 27 | U9: ='Entries Feb.''25'!AE10-'Entries Feb.''25'!AE9 -> 0 | V9: ='Entries Feb.''25'!AF10-'Entries Feb.''25'!#REF! -> #REF! | W9: =IF('Entries Feb.''25'!AI10-'Entries Feb.''25'!AI9<1,"0",'Entries Feb.''25'!AI10-'Entries Feb.''25'!AI9) -> 0 | X9: =IF('Entries Feb.''25'!AJ10-'Entries Feb.''25'!AJ9<1,"0",'Entries Feb.''25'!AJ10-'Entries Feb.''25'!AJ9) -> 0 | Z9: ='PROD.FIG. '!H7 -> 0 | AA9: =R9/Z9 -> #DIV/0!
B10: 4 | C10: =IF('Entries Feb.''25'!X11-'Entries Feb.''25'!X10<1,"0",'Entries Feb.''25'!X11-'Entries Feb.''25'!X10) -> 0 | D10: =IF('Entries Feb.''25'!P11-'Entries Feb.''25'!P10<1,"0",'Entries Feb.''25'!P11-'Entries Feb.''25'!P10) -> 153 | E10: =IF('Entries Feb.''25'!Q11-'Entries Feb.''25'!Q10<1,"0",'Entries Feb.''25'!Q11-'Entries Feb.''25'!Q10) -> 207 | F10: =IF('Entries Feb.''25'!W11-'Entries Feb.''25'!W10<1,"0",'Entries Feb.''25'!W11-'Entries Feb.''25'!W10) -> 219 | G10: =(D10+E10)-F10 -> 141 | H10: =IF('Entries Feb.''25'!R11-'Entries Feb.''25'!R10<1,0,'Entries Feb.''25'!R11-'Entries Feb.''25'!R10) -> 210 | I10: =IF('Entries Feb.''25'!AH11-'Entries Feb.''25'!AH10<1,0,'Entries Feb.''25'!AH11-'Entries Feb.''25'!AH10) -> 0 | J10: =IF('Entries Feb.''25'!T11-'Entries Feb.''25'!T10<1,"0",'Entries Feb.''25'!T11-'Entries Feb.''25'!T10) -> 181 | K10: =IF('Entries Feb.''25'!S11-'Entries Feb.''25'!S10<1,"0",'Entries Feb.''25'!S11-'Entries Feb.''25'!S10) -> 0 | L10: =IF('Entries Feb.''25'!U11-'Entries Feb.''25'!U10<1,"0",'Entries Feb.''25'!U11-'Entries Feb.''25'!U10) -> 0 | M10: =IF('Entries Feb.''25'!V11-'Entries Feb.''25'!V10<1,"0",'Entries Feb.''25'!V11-'Entries Feb.''25'!V10) -> 3 | N10: =IF('Entries Feb.''25'!Y11-'Entries Feb.''25'!Y10<1,"0",'Entries Feb.''25'!Y11-'Entries Feb.''25'!Y10) -> 44 | O10: =IF('Entries Feb.''25'!Z11-'Entries Feb.''25'!Z10<1,"0",'Entries Feb.''25'!Z11-'Entries Feb.''25'!Z10) -> 70 | P10: =IF('Entries Feb.''25'!AA11-'Entries Feb.''25'!AA10<1,"0",'Entries Feb.''25'!AA11-'Entries Feb.''25'!AA10) -> 51 | Q10: =IF(('Entries Feb.''25'!AB11-'Entries Feb.''25'!AB10)+('Entries Feb.''25'!AC11-'Entries Feb.''25'!AC10)<1,"0",('Entries Feb.''25'!AB11-'Entries Feb.''25'!AB10)+('Entries Feb.''25'!AC11-'Entries Feb.''25'!AC10)) -> 0 | R10: =(Q10+G10)*10 -> 1410 | S10: =O10+N10+M10+L10 -> 117 | T10: =IF('Entries Feb.''25'!AD11-'Entries Feb.''25'!AD10<1,"0",'Entries Feb.''25'!AD11-'Entries Feb.''25'!AD10) -> 24 | U10: ='Entries Feb.''25'!AE11-'Entries Feb.''25'!AE10 -> 0 | V10: ='Entries Feb.''25'!AF11-'Entries Feb.''25'!AF10 -> 0 | W10: =IF('Entries Feb.''25'!AI11-'Entries Feb.''25'!AI10<1,"0",'Entries Feb.''25'!AI11-'Entries Feb.''25'!AI10) -> 0 | X10: =IF('Entries Feb.''25'!AJ11-'Entries Feb.''25'!AJ10<1,"0",'Entries Feb.''25'!AJ11-'Entries Feb.''25'!AJ10) -> 0 | Z10: ='PROD.FIG. '!H8 -> 0 | AA10: =R10/Z10 -> #DIV/0!
B11: 5 | C11: =IF('Entries Feb.''25'!X12-'Entries Feb.''25'!X11<1,"0",'Entries Feb.''25'!X12-'Entries Feb.''25'!X11) -> 0 | D11: =IF('Entries Feb.''25'!P12-'Entries Feb.''25'!P11<1,"0",'Entries Feb.''25'!P12-'Entries Feb.''25'!P11) -> 288 | E11: =IF('Entries Feb.''25'!Q12-'Entries Feb.''25'!Q11<1,"0",'Entries Feb.''25'!Q12-'Entries Feb.''25'!Q11) -> 142 | F11: =IF('Entries Feb.''25'!W12-'Entries Feb.''25'!W11<1,"0",'Entries Feb.''25'!W12-'Entries Feb.''25'!W11) -> 149 | G11: =(D11+E11)-F11 -> 281 | H11: =IF('Entries Feb.''25'!R12-'Entries Feb.''25'!R11<1,0,'Entries Feb.''25'!R12-'Entries Feb.''25'!R11) -> 253 | I11: =IF('Entries Feb.''25'!AH12-'Entries Feb.''25'!AH11<1,0,'Entries Feb.''25'!AH12-'Entries Feb.''25'!AH11) -> 0 | J11: =IF('Entries Feb.''25'!T12-'Entries Feb.''25'!T11<1,"0",'Entries Feb.''25'!T12-'Entries Feb.''25'!T11) -> 278 | K11: =IF('Entries Feb.''25'!S12-'Entries Feb.''25'!S11<1,"0",'Entries Feb.''25'!S12-'Entries Feb.''25'!S11) -> 0 | L11: =IF('Entries Feb.''25'!U12-'Entries Feb.''25'!U11<1,"0",'Entries Feb.''25'!U12-'Entries Feb.''25'!U11) -> 0 | M11: =IF('Entries Feb.''25'!V12-'Entries Feb.''25'!V11<1,"0",'Entries Feb.''25'!V12-'Entries Feb.''25'!V11) -> 5 | N11: =IF('Entries Feb.''25'!Y12-'Entries Feb.''25'!Y11<1,"0",'Entries Feb.''25'!Y12-'Entries Feb.''25'!Y11) -> 61 | O11: =IF('Entries Feb.''25'!Z12-'Entries Feb.''25'!Z11<1,"0",'Entries Feb.''25'!Z12-'Entries Feb.''25'!Z11) -> 91 | P11: =IF('Entries Feb.''25'!AA12-'Entries Feb.''25'!AA11<1,"0",'Entries Feb.''25'!AA12-'Entries Feb.''25'!AA11) -> 42 | Q11: =IF(('Entries Feb.''25'!AB12-'Entries Feb.''25'!AB11)+('Entries Feb.''25'!AC12-'Entries Feb.''25'!AC11)<1,"0",('Entries Feb.''25'!AB12-'Entries Feb.''25'!AB11)+('Entries Feb.''25'!AC12-'Entries Feb.''25'!AC11)) -> 0 | R11: =(Q11+G11)*10 -> 2810 | S11: =O11+N11+M11+L11 -> 157 | T11: =IF('Entries Feb.''25'!AD12-'Entries Feb.''25'!AD11<1,"0",'Entries Feb.''25'!AD12-'Entries Feb.''25'!AD11) -> 24 | U11: ='Entries Feb.''25'!AE12-'Entries Feb.''25'!AE11 -> 0 | V11: ='Entries Feb.''25'!AF12-'Entries Feb.''25'!AF11 -> 0 | W11: =IF('Entries Feb.''25'!AI12-'Entries Feb.''25'!AI11<1,"0",'Entries Feb.''25'!AI12-'Entries Feb.''25'!AI11) -> 0 | X11: =IF('Entries Feb.''25'!AJ12-'Entries Feb.''25'!AJ11<1,"0",'Entries Feb.''25'!AJ12-'Entries Feb.''25'!AJ11) -> 0 | Z11: ='PROD.FIG. '!H9 -> 0 | AA11: =R11/Z11 -> #DIV/0!
B12: 6 | C12: =IF('Entries Feb.''25'!X13-'Entries Feb.''25'!X12<1,"0",'Entries Feb.''25'!X13-'Entries Feb.''25'!X12) -> 0 | D12: =IF('Entries Feb.''25'!P13-'Entries Feb.''25'!P12<1,"0",'Entries Feb.''25'!P13-'Entries Feb.''25'!P12) -> 147 | E12: =IF('Entries Feb.''25'!Q13-'Entries Feb.''25'!Q12<1,"0",'Entries Feb.''25'!Q13-'Entries Feb.''25'!Q12) -> 213 | F12: =IF('Entries Feb.''25'!W13-'Entries Feb.''25'!W12<1,"0",'Entries Feb.''25'!W13-'Entries Feb.''25'!W12) -> 224 | G12: =(D12+E12)-F12 -> 136 | H12: =IF('Entries Feb.''25'!R13-'Entries Feb.''25'!R12<1,0,'Entries Feb.''25'!R13-'Entries Feb.''25'!R12) -> 208 | I12: =IF('Entries Feb.''25'!AH13-'Entries Feb.''25'!AH12<1,0,'Entries Feb.''25'!AH13-'Entries Feb.''25'!AH12) -> 0 | J12: =IF('Entries Feb.''25'!T13-'Entries Feb.''25'!T12<1,"0",'Entries Feb.''25'!T13-'Entries Feb.''25'!T12) -> 218 | K12: =IF('Entries Feb.''25'!S13-'Entries Feb.''25'!S12<1,"0",'Entries Feb.''25'!S13-'Entries Feb.''25'!S12) -> 0 | L12: =IF('Entries Feb.''25'!U13-'Entries Feb.''25'!U12<1,"0",'Entries Feb.''25'!U13-'Entries Feb.''25'!U12) -> 0 | M12: =IF('Entries Feb.''25'!V13-'Entries Feb.''25'!V12<1,"0",'Entries Feb.''25'!V13-'Entries Feb.''25'!V12) -> 0 | N12: =IF('Entries Feb.''25'!Y13-'Entries Feb.''25'!Y12<1,"0",'Entries Feb.''25'!Y13-'Entries Feb.''25'!Y12) -> 51 | O12: =IF('Entries Feb.''25'!Z13-'Entries Feb.''25'!Z12<1,"0",'Entries Feb.''25'!Z13-'Entries Feb.''25'!Z12) -> 60 | P12: =IF('Entries Feb.''25'!AA13-'Entries Feb.''25'!AA12<1,"0",'Entries Feb.''25'!AA13-'Entries Feb.''25'!AA12) -> 32 | Q12: =IF(('Entries Feb.''25'!AB13-'Entries Feb.''25'!AB12)+('Entries Feb.''25'!AC13-'Entries Feb.''25'!AC12)<1,"0",('Entries Feb.''25'!AB13-'Entries Feb.''25'!AB12)+('Entries Feb.''25'!AC13-'Entries Feb.''25'!AC12)) -> 0 | R12: =(Q12+G12)*10 -> 1360 | S12: =O12+N12+M12+L12 -> 111 | T12: =IF('Entries Feb.''25'!AD13-'Entries Feb.''25'!AD12<1,"0",'Entries Feb.''25'!AD13-'Entries Feb.''25'!AD12) -> 20 | U12: ='Entries Feb.''25'!AE13-'Entries Feb.''25'!AE12 -> 0 | V12: ='Entries Feb.''25'!AF13-'Entries Feb.''25'!AF12 -> 0 | W12: =IF('Entries Feb.''25'!AI13-'Entries Feb.''25'!AI12<1,"0",'Entries Feb.''25'!AI13-'Entries Feb.''25'!AI12) -> 0 | X12: =IF('Entries Feb.''25'!AJ13-'Entries Feb.''25'!AJ12<1,"0",'Entries Feb.''25'!AJ13-'Entries Feb.''25'!AJ12) -> 0 | Z12: ='PROD.FIG. '!H10 -> 0 | AA12: =R12/Z12 -> #DIV/0!
B13: 7 | C13: =IF('Entries Feb.''25'!X14-'Entries Feb.''25'!X13<1,"0",'Entries Feb.''25'!X14-'Entries Feb.''25'!X13) -> 0 | D13: =IF('Entries Feb.''25'!P14-'Entries Feb.''25'!P13<1,"0",'Entries Feb.''25'!P14-'Entries Feb.''25'!P13) -> 299 | E13: =IF('Entries Feb.''25'!Q14-'Entries Feb.''25'!Q13<1,"0",'Entries Feb.''25'!Q14-'Entries Feb.''25'!Q13) -> 0 | F13: =IF('Entries Feb.''25'!W14-'Entries Feb.''25'!W13<1,"0",'Entries Feb.''25'!W14-'Entries Feb.''25'!W13) -> 0 | G13: =(D13+E13)-F13 -> 299 | H13: =IF('Entries Feb.''25'!R14-'Entries Feb.''25'!R13<1,0,'Entries Feb.''25'!R14-'Entries Feb.''25'!R13) -> 12 | J13: =IF('Entries Feb.''25'!T14-'Entries Feb.''25'!T13<1,"0",'Entries Feb.''25'!T14-'Entries Feb.''25'!T13) -> 0 | K13: =IF('Entries Feb.''25'!S14-'Entries Feb.''25'!S13<1,"0",'Entries Feb.''25'!S14-'Entries Feb.''25'!S13) -> 0 | L13: =IF('Entries Feb.''25'!U14-'Entries Feb.''25'!V13<1,"0",'Entries Feb.''25'!U14-'Entries Feb.''25'!V13) -> 0 | M13: =IF('Entries Feb.''25'!V14-'Entries Feb.''25'!W13<1,"0",'Entries Feb.''25'!V14-'Entries Feb.''25'!W13) -> 0 | N13: =IF('Entries Feb.''25'!Y14-'Entries Feb.''25'!Y13<1,"0",'Entries Feb.''25'!Y14-'Entries Feb.''25'!Y13) -> 0 | O13: =IF('Entries Feb.''25'!Z14-'Entries Feb.''25'!Z13<1,"0",'Entries Feb.''25'!Z14-'Entries Feb.''25'!Z13) -> 0 | P13: =IF('Entries Feb.''25'!AA14-'Entries Feb.''25'!AA13<1,"0",'Entries Feb.''25'!AA14-'Entries Feb.''25'!AA13) -> 0 | Q13: =IF(('Entries Feb.''25'!AB14-'Entries Feb.''25'!AB13)+('Entries Feb.''25'!AC14-'Entries Feb.''25'!AC13)<1,"0",('Entries Feb.''25'!AB14-'Entries Feb.''25'!AB13)+('Entries Feb.''25'!AC14-'Entries Feb.''25'!AC13)) -> 0 | R13: =(Q13+G13)*10 -> 2990 | S13: =O13+N13+M13+L13 -> 0 | T13: =IF('Entries Feb.''25'!AD14-'Entries Feb.''25'!AD13<1,"0",'Entries Feb.''25'!AD14-'Entries Feb.''25'!AD13) -> 0 | U13: ='Entries Feb.''25'!AE14-'Entries Feb.''25'!AE13 -> 0 | V13: ='Entries Feb.''25'!AF14-'Entries Feb.''25'!AF13 -> 0 | W13: =IF('Entries Feb.''25'!AI14-'Entries Feb.''25'!AI13<1,"0",'Entries Feb.''25'!AI14-'Entries Feb.''25'!AI13) -> 0 | X13: =IF('Entries Feb.''25'!AJ14-'Entries Feb.''25'!AJ13<1,"0",'Entries Feb.''25'!AJ14-'Entries Feb.''25'!AJ13) -> 0 | Z13: ='PROD.FIG. '!H11 -> 0 | AA13: =R13/Z13 -> #DIV/0!
B14: 8 | C14: =IF('Entries Feb.''25'!X15-'Entries Feb.''25'!X14<1,"0",'Entries Feb.''25'!X15-'Entries Feb.''25'!X14) -> 0 | D14: =IF('Entries Feb.''25'!P15-'Entries Feb.''25'!P14<1,"0",'Entries Feb.''25'!P15-'Entries Feb.''25'!P14) -> 55 | E14: =IF('Entries Feb.''25'!Q15-'Entries Feb.''25'!Q14<1,"0",'Entries Feb.''25'!Q15-'Entries Feb.''25'!Q14) -> 0 | F14: =IF('Entries Feb.''25'!W15-'Entries Feb.''25'!W14<1,"0",'Entries Feb.''25'!W15-'Entries Feb.''25'!W14) -> 36 | G14: =(D14+E14)-F14 -> 19 | H14: =IF('Entries Feb.''25'!R15-'Entries Feb.''25'!R14<1,0,'Entries Feb.''25'!R15-'Entries Feb.''25'!R14) -> 72 | I14: =IF('Entries Feb.''25'!AH15-'Entries Feb.''25'!AH14<1,0,'Entries Feb.''25'!AH15-'Entries Feb.''25'!AH14) -> 0 | J14: =IF('Entries Feb.''25'!T15-'Entries Feb.''25'!T14<1,"0",'Entries Feb.''25'!T15-'Entries Feb.''25'!T14) -> 5 | K14: =IF('Entries Feb.''25'!S15-'Entries Feb.''25'!S14<1,"0",'Entries Feb.''25'!S15-'Entries Feb.''25'!S14) -> 0 | L14: =IF('Entries Feb.''25'!U15-'Entries Feb.''25'!U14<1,"0",'Entries Feb.''25'!U15-'Entries Feb.''25'!U14) -> 0 | M14: =IF('Entries Feb.''25'!V15-'Entries Feb.''25'!V14<1,"0",'Entries Feb.''25'!V15-'Entries Feb.''25'!V14) -> 0 | N14: =IF('Entries Feb.''25'!Y15-'Entries Feb.''25'!Y14<1,"0",'Entries Feb.''25'!Y15-'Entries Feb.''25'!Y14) -> 0 | O14: =IF('Entries Feb.''25'!Z15-'Entries Feb.''25'!Z14<1,"0",'Entries Feb.''25'!Z15-'Entries Feb.''25'!Z14) -> 0 | P14: =IF('Entries Feb.''25'!AA15-'Entries Feb.''25'!AA14<1,"0",'Entries Feb.''25'!AA15-'Entries Feb.''25'!AA14) -> 8 | Q14: =IF(('Entries Feb.''25'!AB15-'Entries Feb.''25'!AB14)+('Entries Feb.''25'!AC15-'Entries Feb.''25'!AC14)<1,"0",('Entries Feb.''25'!AB15-'Entries Feb.''25'!AB14)+('Entries Feb.''25'!AC15-'Entries Feb.''25'!AC14)) -> 0 | R14: =(Q14+G14)*10 -> 190 | S14: =O14+N14+M14+L14 -> 0 | T14: =IF('Entries Feb.''25'!AD15-'Entries Feb.''25'!AD14<1,"0",'Entries Feb.''25'!AD15-'Entries Feb.''25'!AD14) -> 0 | U14: ='Entries Feb.''25'!AE15-'Entries Feb.''25'!AE14 -> 0 | V14: ='Entries Feb.''25'!AF15-'Entries Feb.''25'!AF14 -> 0 | W14: =IF('Entries Feb.''25'!AI15-'Entries Feb.''25'!AI14<1,"0",'Entries Feb.''25'!AI15-'Entries Feb.''25'!AI14) -> 0 | X14: =IF('Entries Feb.''25'!AJ15-'Entries Feb.''25'!AJ14<1,"0",'Entries Feb.''25'!AJ15-'Entries Feb.''25'!AJ14) -> 0 | Z14: ='PROD.FIG. '!H12 -> 0 | AA14: =R14/Z14 -> #DIV/0!
B15: 9 | C15: =IF('Entries Feb.''25'!X16-'Entries Feb.''25'!X15<1,"0",'Entries Feb.''25'!X16-'Entries Feb.''25'!X15) -> 0 | D15: =IF('Entries Feb.''25'!P16-'Entries Feb.''25'!P15<1,"0",'Entries Feb.''25'!P16-'Entries Feb.''25'!P15) -> 117 | E15: =IF('Entries Feb.''25'!Q16-'Entries Feb.''25'!Q15<1,"0",'Entries Feb.''25'!Q16-'Entries Feb.''25'!Q15) -> 0 | F15: =IF('Entries Feb.''25'!W16-'Entries Feb.''25'!W15<1,"0",'Entries Feb.''25'!W16-'Entries Feb.''25'!W15) -> 0 | G15: =(D15+E15)-F15 -> 117 | H15: =IF('Entries Feb.''25'!R16-'Entries Feb.''25'!R15<1,0,'Entries Feb.''25'!R16-'Entries Feb.''25'!R15) -> 18 | I15: =IF('Entries Feb.''25'!AH16-'Entries Feb.''25'!AH15<1,0,'Entries Feb.''25'!AH16-'Entries Feb.''25'!AH15) -> 0 | J15: =IF('Entries Feb.''25'!T16-'Entries Feb.''25'!T15<1,"0",'Entries Feb.''25'!T16-'Entries Feb.''25'!T15) -> 0 | K15: =IF('Entries Feb.''25'!S16-'Entries Feb.''25'!S15<1,"0",'Entries Feb.''25'!S16-'Entries Feb.''25'!S15) -> 0 | L15: =IF('Entries Feb.''25'!U16-'Entries Feb.''25'!U15<1,"0",'Entries Feb.''25'!U16-'Entries Feb.''25'!U15) -> 0 | M15: =IF('Entries Feb.''25'!V16-'Entries Feb.''25'!V15<1,"0",'Entries Feb.''25'!V16-'Entries Feb.''25'!V15) -> 0 | N15: =IF('Entries Feb.''25'!Y16-'Entries Feb.''25'!Y15<1,"0",'Entries Feb.''25'!Y16-'Entries Feb.''25'!Y15) -> 0 | O15: =IF('Entries Feb.''25'!Z16-'Entries Feb.''25'!Z15<1,"0",'Entries Feb.''25'!Z16-'Entries Feb.''25'!Z15) -> 32 | P15: =IF('Entries Feb.''25'!AA16-'Entries Feb.''25'!AA15<1,"0",'Entries Feb.''25'!AA16-'Entries Feb.''25'!AA15) -> 8 | Q15: =IF(('Entries Feb.''25'!AB16-'Entries Feb.''25'!AB15)+('Entries Feb.''25'!AC17-'Entries Feb.''25'!AC15)<1,"0",('Entries Feb.''25'!AB16-'Entries Feb.''25'!AB15)+('Entries Feb.''25'!AC17-'Entries Feb.''25'!AC15)) -> 0 | R15: =(Q15+G15)*10 -> 1170 | S15: =O15+N15+M15+L15 -> 32 | T15: =IF('Entries Feb.''25'!AD16-'Entries Feb.''25'!AD15<1,"0",'Entries Feb.''25'!AD16-'Entries Feb.''25'!AD15) -> 0 | U15: ='Entries Feb.''25'!AE16-'Entries Feb.''25'!AE15 -> 0 | V15: ='Entries Feb.''25'!AF16-'Entries Feb.''25'!AF15 -> 0 | W15: =IF('Entries Feb.''25'!AI16-'Entries Feb.''25'!AI15<1,"0",'Entries Feb.''25'!AI16-'Entries Feb.''25'!AI15) -> 0 | X15: =IF('Entries Feb.''25'!AJ16-'Entries Feb.''25'!AJ15<1,"0",'Entries Feb.''25'!AJ16-'Entries Feb.''25'!AJ15) -> 0 | Z15: ='PROD.FIG. '!H13 -> 0 | AA15: =R15/Z15 -> #DIV/0!
B16: 10 | C16: =IF('Entries Feb.''25'!X17-'Entries Feb.''25'!X16<1,"0",'Entries Feb.''25'!X17-'Entries Feb.''25'!X16) -> 0 | D16: =IF('Entries Feb.''25'!P17-'Entries Feb.''25'!P16<1,"0",'Entries Feb.''25'!P17-'Entries Feb.''25'!P16) -> 207 | E16: =IF('Entries Feb.''25'!Q17-'Entries Feb.''25'!Q16<1,"0",'Entries Feb.''25'!Q17-'Entries Feb.''25'!Q16) -> 106 | F16: =IF('Entries Feb.''25'!W17-'Entries Feb.''25'!W16<1,"0",'Entries Feb.''25'!W17-'Entries Feb.''25'!W16) -> 75 | G16: =(D16+E16)-F16 -> 238 | H16: =IF('Entries Feb.''25'!R17-'Entries Feb.''25'!R16<1,0,'Entries Feb.''25'!R17-'Entries Feb.''25'!R16) -> 223 | I16: =IF('Entries Feb.''25'!AH17-'Entries Feb.''25'!AH16<1,0,'Entries Feb.''25'!AH17-'Entries Feb.''25'!AH16) -> 0 | J16: =IF('Entries Feb.''25'!T17-'Entries Feb.''25'!T16<1,"0",'Entries Feb.''25'!T17-'Entries Feb.''25'!T16) -> 185 | K16: =IF('Entries Feb.''25'!S17-'Entries Feb.''25'!S16<1,"0",'Entries Feb.''25'!S17-'Entries Feb.''25'!S16) -> 0 | L16: =IF('Entries Feb.''25'!U17-'Entries Feb.''25'!U16<1,"0",'Entries Feb.''25'!U17-'Entries Feb.''25'!U16) -> 0 | M16: =IF('Entries Feb.''25'!V17-'Entries Feb.''25'!V16<1,"0",'Entries Feb.''25'!V17-'Entries Feb.''25'!V16) -> 14 | N16: =IF('Entries Feb.''25'!Y17-'Entries Feb.''25'!Y16<1,"0",'Entries Feb.''25'!Y17-'Entries Feb.''25'!Y16) -> 65 | O16: =IF('Entries Feb.''25'!Z17-'Entries Feb.''25'!Z16<1,"0",'Entries Feb.''25'!Z17-'Entries Feb.''25'!Z16) -> 75 | P16: =IF('Entries Feb.''25'!AA17-'Entries Feb.''25'!AA16<1,"0",'Entries Feb.''25'!AA17-'Entries Feb.''25'!AA16) -> 22 | Q16: =IF(('Entries Feb.''25'!AB17-'Entries Feb.''25'!AB16)+('Entries Feb.''25'!AC18-'Entries Feb.''25'!AC17)<1,"0",('Entries Feb.''25'!AB17-'Entries Feb.''25'!AB16)+('Entries Feb.''25'!AC18-'Entries Feb.''25'!AC17)) -> 0 | R16: =(Q16+G16)*10 -> 2380 | S16: =O16+N16+M16+L16 -> 154 | T16: =IF('Entries Feb.''25'!AD17-'Entries Feb.''25'!AD16<1,"0",'Entries Feb.''25'!AD17-'Entries Feb.''25'!AD16) -> 23 | U16: ='Entries Feb.''25'!AE17-'Entries Feb.''25'!AE16 -> 0 | V16: ='Entries Feb.''25'!AF17-'Entries Feb.''25'!AF16 -> 0 | W16: =IF('Entries Feb.''25'!AI17-'Entries Feb.''25'!AI16<1,"0",'Entries Feb.''25'!AI17-'Entries Feb.''25'!AI16) -> 0 | X16: =IF('Entries Feb.''25'!AJ17-'Entries Feb.''25'!AJ16<1,"0",'Entries Feb.''25'!AJ17-'Entries Feb.''25'!AJ16) -> 0 | Z16: ='PROD.FIG. '!H14 -> 0 | AA16: =R16/Z16 -> #DIV/0!
B17: 11 | C17: =IF('Entries Feb.''25'!X18-'Entries Feb.''25'!X17<1,"0",'Entries Feb.''25'!X18-'Entries Feb.''25'!X17) -> 0 | D17: =IF('Entries Feb.''25'!P18-'Entries Feb.''25'!P17<1,"0",'Entries Feb.''25'!P18-'Entries Feb.''25'!P17) -> 156 | E17: =IF('Entries Feb.''25'!Q18-'Entries Feb.''25'!Q17<1,"0",'Entries Feb.''25'!Q18-'Entries Feb.''25'!Q17) -> 218 | F17: =IF('Entries Feb.''25'!W18-'Entries Feb.''25'!W17<1,"0",'Entries Feb.''25'!W18-'Entries Feb.''25'!W17) -> 230 | G17: =(D17+E17)-F17 -> 144 | H17: =IF('Entries Feb.''25'!R18-'Entries Feb.''25'!R17<1,0,'Entries Feb.''25'!R18-'Entries Feb.''25'!R17) -> 275 | I17: =IF('Entries Feb.''25'!AH18-'Entries Feb.''25'!AH17<1,0,'Entries Feb.''25'!AH18-'Entries Feb.''25'!AH17) -> 0 | J17: =IF('Entries Feb.''25'!T18-'Entries Feb.''25'!T17<1,"0",'Entries Feb.''25'!T18-'Entries Feb.''25'!T17) -> 265 | K17: =IF('Entries Feb.''25'!S18-'Entries Feb.''25'!S17<1,"0",'Entries Feb.''25'!S18-'Entries Feb.''25'!S17) -> 0 | L17: =IF('Entries Feb.''25'!U18-'Entries Feb.''25'!U17<1,"0",'Entries Feb.''25'!U18-'Entries Feb.''25'!U17) -> 0 | M17: =IF('Entries Feb.''25'!V18-'Entries Feb.''25'!V17<1,"0",'Entries Feb.''25'!V18-'Entries Feb.''25'!V17) -> 10 | N17: =IF('Entries Feb.''25'!Y18-'Entries Feb.''25'!Y17<1,"0",'Entries Feb.''25'!Y18-'Entries Feb.''25'!Y17) -> 55 | O17: =IF('Entries Feb.''25'!Z18-'Entries Feb.''25'!Z17<1,"0",'Entries Feb.''25'!Z18-'Entries Feb.''25'!Z17) -> 97 | P17: =IF('Entries Feb.''25'!AA18-'Entries Feb.''25'!AA17<1,"0",'Entries Feb.''25'!AA18-'Entries Feb.''25'!AA17) -> 27 | Q17: =IF(('Entries Feb.''25'!AB18-'Entries Feb.''25'!AB17)+('Entries Feb.''25'!AC19-'Entries Feb.''25'!AC18)<1,"0",('Entries Feb.''25'!AB18-'Entries Feb.''25'!AB17)+('Entries Feb.''25'!AC19-'Entries Feb.''25'!AC18)) -> 0 | R17: =(Q17+G17)*10 -> 1440 | S17: =O17+N17+M17+L17 -> 162 | T17: =IF('Entries Feb.''25'!AD18-'Entries Feb.''25'!AD17<1,"0",'Entries Feb.''25'!AD18-'Entries Feb.''25'!AD17) -> 26 | U17: ='Entries Feb.''25'!AE18-'Entries Feb.''25'!AE17 -> 0 | V17: ='Entries Feb.''25'!AF18-'Entries Feb.''25'!AF17 -> 0 | W17: =IF('Entries Feb.''25'!AI18-'Entries Feb.''25'!AI17<1,"0",'Entries Feb.''25'!AI18-'Entries Feb.''25'!AI17) -> 0 | X17: =IF('Entries Feb.''25'!AJ18-'Entries Feb.''25'!AJ17<1,"0",'Entries Feb.''25'!AJ18-'Entries Feb.''25'!AJ17) -> 0 | Z17: ='PROD.FIG. '!H15 -> 0 | AA17: =R17/Z17 -> #DIV/0!
B18: 12 | C18: =IF('Entries Feb.''25'!X19-'Entries Feb.''25'!X18<1,"0",'Entries Feb.''25'!X19-'Entries Feb.''25'!X18) -> 0 | D18: =IF('Entries Feb.''25'!P19-'Entries Feb.''25'!P18<1,"0",'Entries Feb.''25'!P19-'Entries Feb.''25'!P18) -> 277 | E18: =IF('Entries Feb.''25'!Q19-'Entries Feb.''25'!Q18<1,"0",'Entries Feb.''25'!Q19-'Entries Feb.''25'!Q18) -> 168 | F18: =IF('Entries Feb.''25'!W19-'Entries Feb.''25'!W18<1,"0",'Entries Feb.''25'!W19-'Entries Feb.''25'!W18) -> 177 | G18: =(D18+E18)-F18 -> 268 | H18: =IF('Entries Feb.''25'!R19-'Entries Feb.''25'!R18<1,0,'Entries Feb.''25'!R19-'Entries Feb.''25'!R18) -> 199 | I18: =IF('Entries Feb.''25'!AH19-'Entries Feb.''25'!AH18<1,0,'Entries Feb.''25'!AH19-'Entries Feb.''25'!AH18) -> 0 | J18: =IF('Entries Feb.''25'!T19-'Entries Feb.''25'!T18<1,"0",'Entries Feb.''25'!T19-'Entries Feb.''25'!T18) -> 215 | K18: =IF('Entries Feb.''25'!S19-'Entries Feb.''25'!S18<1,"0",'Entries Feb.''25'!S19-'Entries Feb.''25'!S18) -> 0 | L18: =IF('Entries Feb.''25'!U19-'Entries Feb.''25'!U18<1,"0",'Entries Feb.''25'!U19-'Entries Feb.''25'!U18) -> 0 | M18: =IF('Entries Feb.''25'!V19-'Entries Feb.''25'!V18<1,"0",'Entries Feb.''25'!V19-'Entries Feb.''25'!V18) -> 0 | N18: =IF('Entries Feb.''25'!Y19-'Entries Feb.''25'!Y18<1,"0",'Entries Feb.''25'!Y19-'Entries Feb.''25'!Y18) -> 29 | O18: =IF('Entries Feb.''25'!Z19-'Entries Feb.''25'!Z18<1,"0",'Entries Feb.''25'!Z19-'Entries Feb.''25'!Z18) -> 86 | P18: =IF('Entries Feb.''25'!AA19-'Entries Feb.''25'!AA18<1,"0",'Entries Feb.''25'!AA19-'Entries Feb.''25'!AA18) -> 31 | Q18: =IF(('Entries Feb.''25'!AB19-'Entries Feb.''25'!AB18)+('Entries Feb.''25'!AC20-'Entries Feb.''25'!AC19)<1,"0",('Entries Feb.''25'!AB19-'Entries Feb.''25'!AB18)+('Entries Feb.''25'!AC20-'Entries Feb.''25'!AC19)) -> 0 | R18: =(Q18+G18)*10 -> 2680 | S18: =O18+N18+M18+L18 -> 115 | T18: =IF('Entries Feb.''25'!AD19-'Entries Feb.''25'!AD18<1,"0",'Entries Feb.''25'!AD19-'Entries Feb.''25'!AD18) -> 24 | U18: ='Entries Feb.''25'!AE19-'Entries Feb.''25'!AE18 -> 0 | V18: ='Entries Feb.''25'!AF19-'Entries Feb.''25'!AF18 -> 0 | W18: =IF('Entries Feb.''25'!AI19-'Entries Feb.''25'!AI18<1,"0",'Entries Feb.''25'!AI19-'Entries Feb.''25'!AI18) -> 0 | X18: =IF('Entries Feb.''25'!AJ19-'Entries Feb.''25'!AJ18<1,"0",'Entries Feb.''25'!AJ19-'Entries Feb.''25'!AJ18) -> 0 | Z18: ='PROD.FIG. '!H16 -> 0 | AA18: =R18/Z18 -> #DIV/0!
B19: 13 | C19: =IF('Entries Feb.''25'!X20-'Entries Feb.''25'!X19<1,"0",'Entries Feb.''25'!X20-'Entries Feb.''25'!X19) -> 0 | D19: =IF('Entries Feb.''25'!P20-'Entries Feb.''25'!P19<1,"0",'Entries Feb.''25'!P20-'Entries Feb.''25'!P19) -> 171 | E19: =IF('Entries Feb.''25'!Q20-'Entries Feb.''25'!Q19<1,"0",'Entries Feb.''25'!Q20-'Entries Feb.''25'!Q19) -> 256 | F19: =IF('Entries Feb.''25'!W20-'Entries Feb.''25'!W19<1,"0",'Entries Feb.''25'!W20-'Entries Feb.''25'!W19) -> 270 | G19: =(D19+E19)-F19 -> 157 | H19: =IF('Entries Feb.''25'!R20-'Entries Feb.''25'!R19<1,0,'Entries Feb.''25'!R20-'Entries Feb.''25'!R19) -> 236 | I19: =IF('Entries Feb.''25'!AH20-'Entries Feb.''25'!AH19<1,0,'Entries Feb.''25'!AH20-'Entries Feb.''25'!AH19) -> 0 | J19: =IF('Entries Feb.''25'!T20-'Entries Feb.''25'!T19<1,"0",'Entries Feb.''25'!T20-'Entries Feb.''25'!T19) -> 258 | K19: =IF('Entries Feb.''25'!S20-'Entries Feb.''25'!S19<1,"0",'Entries Feb.''25'!S20-'Entries Feb.''25'!S19) -> 0 | L19: =IF('Entries Feb.''25'!U20-'Entries Feb.''25'!U19<1,"0",'Entries Feb.''25'!U20-'Entries Feb.''25'!U19) -> 0 | M19: =IF('Entries Feb.''25'!V20-'Entries Feb.''25'!V19<1,"0",'Entries Feb.''25'!V20-'Entries Feb.''25'!V19) -> 5 | N19: =IF('Entries Feb.''25'!Y20-'Entries Feb.''25'!Y19<1,"0",'Entries Feb.''25'!Y20-'Entries Feb.''25'!Y19) -> 62 | O19: =IF('Entries Feb.''25'!Z20-'Entries Feb.''25'!Z19<1,"0",'Entries Feb.''25'!Z20-'Entries Feb.''25'!Z19) -> 85 | P19: =IF('Entries Feb.''25'!AA20-'Entries Feb.''25'!AA19<1,"0",'Entries Feb.''25'!AA20-'Entries Feb.''25'!AA19) -> 28 | Q19: =IF(('Entries Feb.''25'!AB20-'Entries Feb.''25'!AB19)+('Entries Feb.''25'!AC20-'Entries Feb.''25'!AC19)<1,"0",('Entries Feb.''25'!AB20-'Entries Feb.''25'!AB19)+('Entries Feb.''25'!AC20-'Entries Feb.''25'!AC19)) -> 0 | R19: =(Q19+G19)*10 -> 1570 | S19: =O19+N19+M19+L19 -> 152 | T19: =IF('Entries Feb.''25'!AD20-'Entries Feb.''25'!AD19<1,"0",'Entries Feb.''25'!AD20-'Entries Feb.''25'!AD19) -> 23 | U19: ='Entries Feb.''25'!AE20-'Entries Feb.''25'!AE19 -> 0 | V19: ='Entries Feb.''25'!AF20-'Entries Feb.''25'!AF19 -> 0 | W19: =IF('Entries Feb.''25'!AI20-'Entries Feb.''25'!AI19<1,"0",'Entries Feb.''25'!AI20-'Entries Feb.''25'!AI19) -> 0 | X19: =IF('Entries Feb.''25'!AJ20-'Entries Feb.''25'!AJ19<1,"0",'Entries Feb.''25'!AJ20-'Entries Feb.''25'!AJ19) -> 0 | Z19: ='PROD.FIG. '!H17 -> 0 | AA19: =R19/Z19 -> #DIV/0!
B20: 14 | C20: =IF('Entries Feb.''25'!X21-'Entries Feb.''25'!X20<1,"0",'Entries Feb.''25'!X21-'Entries Feb.''25'!X20) -> 0 | D20: =IF('Entries Feb.''25'!P21-'Entries Feb.''25'!P20<1,"0",'Entries Feb.''25'!P21-'Entries Feb.''25'!P20) -> 214 | E20: =IF('Entries Feb.''25'!Q21-'Entries Feb.''25'!Q20<1,"0",'Entries Feb.''25'!Q21-'Entries Feb.''25'!Q20) -> 256 | F20: =IF('Entries Feb.''25'!W21-'Entries Feb.''25'!W20<1,"0",'Entries Feb.''25'!W21-'Entries Feb.''25'!W20) -> 269 | G20: =(D20+E20)-F20 -> 201 | H20: =IF('Entries Feb.''25'!R21-'Entries Feb.''25'!R20<1,0,'Entries Feb.''25'!R21-'Entries Feb.''25'!R20) -> 169 | I20: =IF('Entries Feb.''25'!AH21-'Entries Feb.''25'!AH20<1,0,'Entries Feb.''25'!AH21-'Entries Feb.''25'!AH20) -> 0 | J20: =IF('Entries Feb.''25'!T21-'Entries Feb.''25'!T20<1,"0",'Entries Feb.''25'!T21-'Entries Feb.''25'!T20) -> 209 | K20: =IF('Entries Feb.''25'!S21-'Entries Feb.''25'!S20<1,"0",'Entries Feb.''25'!S21-'Entries Feb.''25'!S20) -> 0 | L20: =IF('Entries Feb.''25'!U21-'Entries Feb.''25'!U20<1,"0",'Entries Feb.''25'!U21-'Entries Feb.''25'!U20) -> 0 | M20: =IF('Entries Feb.''25'!V21-'Entries Feb.''25'!V20<1,"0",'Entries Feb.''25'!V21-'Entries Feb.''25'!V20) -> 4 | N20: =IF('Entries Feb.''25'!Y21-'Entries Feb.''25'!Y20<1,"0",'Entries Feb.''25'!Y21-'Entries Feb.''25'!Y20) -> 38 | O20: =IF('Entries Feb.''25'!Z21-'Entries Feb.''25'!Z20<1,"0",'Entries Feb.''25'!Z21-'Entries Feb.''25'!Z20) -> 57 | P20: =IF('Entries Feb.''25'!AA21-'Entries Feb.''25'!AA20<1,"0",'Entries Feb.''25'!AA21-'Entries Feb.''25'!AA20) -> 22 | Q20: =IF(('Entries Feb.''25'!AB21-'Entries Feb.''25'!AB20)+('Entries Feb.''25'!AC21-'Entries Feb.''25'!AC20)<1,"0",('Entries Feb.''25'!AB21-'Entries Feb.''25'!AB20)+('Entries Feb.''25'!AC21-'Entries Feb.''25'!AC20)) -> 0 | R20: =(Q20+G20)*10 -> 2010 | S20: =O20+N20+M20+L20 -> 99 | T20: =IF('Entries Feb.''25'!AD21-'Entries Feb.''25'!AD20<1,"0",'Entries Feb.''25'!AD21-'Entries Feb.''25'!AD20) -> 17 | U20: ='Entries Feb.''25'!AE21-'Entries Feb.''25'!AE20 -> 0 | V20: ='Entries Feb.''25'!AF21-'Entries Feb.''25'!AF20 -> 0 | W20: =IF('Entries Feb.''25'!AI21-'Entries Feb.''25'!AI20<1,"0",'Entries Feb.''25'!AI21-'Entries Feb.''25'!AI20) -> 0 | X20: =IF('Entries Feb.''25'!AJ21-'Entries Feb.''25'!AJ20<1,"0",'Entries Feb.''25'!AJ21-'Entries Feb.''25'!AJ20) -> 0 | Z20: ='PROD.FIG. '!H18 -> 0 | AA20: =R20/Z20 -> #DIV/0!
B21: 15 | C21: =IF('Entries Feb.''25'!X22-'Entries Feb.''25'!X21<1,"0",'Entries Feb.''25'!X22-'Entries Feb.''25'!X21) -> 0 | D21: =IF('Entries Feb.''25'!P22-'Entries Feb.''25'!P21<1,"0",'Entries Feb.''25'!P22-'Entries Feb.''25'!P21) -> 0 | E21: =IF('Entries Feb.''25'!Q22-'Entries Feb.''25'!Q21<1,"0",'Entries Feb.''25'!Q22-'Entries Feb.''25'!Q21) -> 190 | F21: =IF('Entries Feb.''25'!W22-'Entries Feb.''25'!W21<1,"0",'Entries Feb.''25'!W22-'Entries Feb.''25'!W21) -> 200 | G21: =(D21+E21)-F21 -> -10 | H21: =IF('Entries Feb.''25'!R22-'Entries Feb.''25'!R21<1,0,'Entries Feb.''25'!R22-'Entries Feb.''25'!R21) -> 61 | I21: =IF('Entries Feb.''25'!AH22-'Entries Feb.''25'!AH21<1,0,'Entries Feb.''25'!AH22-'Entries Feb.''25'!AH21) -> 0 | J21: =IF('Entries Feb.''25'!T22-'Entries Feb.''25'!T21<1,"0",'Entries Feb.''25'!T22-'Entries Feb.''25'!T21) -> 0 | K21: =IF('Entries Feb.''25'!S22-'Entries Feb.''25'!S21<1,"0",'Entries Feb.''25'!S22-'Entries Feb.''25'!S21) -> 0 | L21: =IF('Entries Feb.''25'!U22-'Entries Feb.''25'!U21<1,"0",'Entries Feb.''25'!U22-'Entries Feb.''25'!U21) -> 0 | M21: =IF('Entries Feb.''25'!V22-'Entries Feb.''25'!V21<1,"0",'Entries Feb.''25'!V22-'Entries Feb.''25'!V21) -> 0 | N21: =IF('Entries Feb.''25'!Y22-'Entries Feb.''25'!Y21<1,"0",'Entries Feb.''25'!Y22-'Entries Feb.''25'!Y21) -> 0 | O21: =IF('Entries Feb.''25'!Z22-'Entries Feb.''25'!Z21<1,"0",'Entries Feb.''25'!Z22-'Entries Feb.''25'!Z21) -> 23 | P21: =IF('Entries Feb.''25'!AA22-'Entries Feb.''25'!AA21<1,"0",'Entries Feb.''25'!AA22-'Entries Feb.''25'!AA21) -> 8 | Q21: =IF(('Entries Feb.''25'!AB22-'Entries Feb.''25'!AB21)+('Entries Feb.''25'!AC22-'Entries Feb.''25'!AC21)<1,"0",('Entries Feb.''25'!AB22-'Entries Feb.''25'!AB21)+('Entries Feb.''25'!AC22-'Entries Feb.''25'!AC21)) -> 0 | R21: =(Q21+G21)*10 -> -100 | S21: =O21+N21+M21+L21 -> 23 | T21: =IF('Entries Feb.''25'!AD22-'Entries Feb.''25'!AD21<1,"0",'Entries Feb.''25'!AD22-'Entries Feb.''25'!AD21) -> 2 | U21: ='Entries Feb.''25'!AE22-'Entries Feb.''25'!AE21 -> 0 | V21: ='Entries Feb.''25'!AF22-'Entries Feb.''25'!AF21 -> 0 | W21: =IF('Entries Feb.''25'!AI22-'Entries Feb.''25'!AI21<1,"0",'Entries Feb.''25'!AI22-'Entries Feb.''25'!AI21) -> 0 | X21: =IF('Entries Feb.''25'!AJ22-'Entries Feb.''25'!AJ21<1,"0",'Entries Feb.''25'!AJ22-'Entries Feb.''25'!AJ21) -> 0 | Z21: ='PROD.FIG. '!H19 -> 0 | AA21: =R21/Z21 -> #DIV/0!
B22: 16 | C22: =IF('Entries Feb.''25'!X23-'Entries Feb.''25'!X22<1,"0",'Entries Feb.''25'!X23-'Entries Feb.''25'!X22) -> 0 | D22: =IF('Entries Feb.''25'!P23-'Entries Feb.''25'!P22<1,"0",'Entries Feb.''25'!P23-'Entries Feb.''25'!P22) -> 50 | E22: =IF('Entries Feb.''25'!Q23-'Entries Feb.''25'!Q22<1,"0",'Entries Feb.''25'!Q23-'Entries Feb.''25'!Q22) -> 0 | F22: =IF('Entries Feb.''25'!W23-'Entries Feb.''25'!W22<1,"0",'Entries Feb.''25'!W23-'Entries Feb.''25'!W22) -> 0 | G22: =(D22+E22)-F22 -> 50 | H22: =IF('Entries Feb.''25'!R23-'Entries Feb.''25'!R22<1,0,'Entries Feb.''25'!R23-'Entries Feb.''25'!R22) -> 26 | I22: =IF('Entries Feb.''25'!AH23-'Entries Feb.''25'!AH22<1,0,'Entries Feb.''25'!AH23-'Entries Feb.''25'!AH22) -> 0 | J22: =IF('Entries Feb.''25'!T23-'Entries Feb.''25'!T22<1,"0",'Entries Feb.''25'!T23-'Entries Feb.''25'!T22) -> 0 | K22: =IF('Entries Feb.''25'!S23-'Entries Feb.''25'!S22<1,"0",'Entries Feb.''25'!S23-'Entries Feb.''25'!S22) -> 0 | L22: =IF('Entries Feb.''25'!U23-'Entries Feb.''25'!U22<1,"0",'Entries Feb.''25'!U23-'Entries Feb.''25'!U22) -> 0 | M22: =IF('Entries Feb.''25'!V23-'Entries Feb.''25'!V22<1,"0",'Entries Feb.''25'!V23-'Entries Feb.''25'!V22) -> 0 | N22: =IF('Entries Feb.''25'!Y23-'Entries Feb.''25'!Y22<1,"0",'Entries Feb.''25'!Y23-'Entries Feb.''25'!Y22) -> 2 | O22: =IF('Entries Feb.''25'!Z23-'Entries Feb.''25'!Z22<1,"0",'Entries Feb.''25'!Z23-'Entries Feb.''25'!Z22) -> 7 | P22: =IF('Entries Feb.''25'!AA23-'Entries Feb.''25'!AA22<1,"0",'Entries Feb.''25'!AA23-'Entries Feb.''25'!AA22) -> 11 | Q22: =IF(('Entries Feb.''25'!AB23-'Entries Feb.''25'!AB22)+('Entries Feb.''25'!AC23-'Entries Feb.''25'!AC22)<1,"0",('Entries Feb.''25'!AB23-'Entries Feb.''25'!AB22)+('Entries Feb.''25'!AC23-'Entries Feb.''25'!AC22)) -> 0 | R22: =(Q22+G22)*10 -> 500 | S22: =O22+N22+M22+L22 -> 9 | T22: =IF('Entries Feb.''25'!AD23-'Entries Feb.''25'!AD22<1,"0",'Entries Feb.''25'!AD23-'Entries Feb.''25'!AD22) -> 0 | U22: ='Entries Feb.''25'!AE23-'Entries Feb.''25'!AE22 -> 2 | V22: ='Entries Feb.''25'!AF23-'Entries Feb.''25'!AF22 -> 0 | W22: =IF('Entries Feb.''25'!AI23-'Entries Feb.''25'!AI22<1,"0",'Entries Feb.''25'!AI23-'Entries Feb.''25'!AI22) -> 0 | X22: =IF('Entries Feb.''25'!AJ23-'Entries Feb.''25'!AJ22<1,"0",'Entries Feb.''25'!AJ23-'Entries Feb.''25'!AJ22) -> 0 | Z22: ='PROD.FIG. '!H20 -> 0 | AA22: =R22/Z22 -> #DIV/0!
B23: 17 | C23: =IF('Entries Feb.''25'!X24-'Entries Feb.''25'!X23<1,"0",'Entries Feb.''25'!X24-'Entries Feb.''25'!X23) -> 0 | D23: =IF('Entries Feb.''25'!P24-'Entries Feb.''25'!P23<1,"0",'Entries Feb.''25'!P24-'Entries Feb.''25'!P23) -> 136 | E23: =IF('Entries Feb.''25'!Q24-'Entries Feb.''25'!Q23<1,"0",'Entries Feb.''25'!Q24-'Entries Feb.''25'!Q23) -> 200 | F23: =IF('Entries Feb.''25'!W24-'Entries Feb.''25'!W23<1,"0",'Entries Feb.''25'!W24-'Entries Feb.''25'!W23) -> 211 | G23: =(D23+E23)-F23 -> 125 | H23: =IF('Entries Feb.''25'!R24-'Entries Feb.''25'!R23<1,0,'Entries Feb.''25'!R24-'Entries Feb.''25'!R23) -> 197 | I23: =IF('Entries Feb.''25'!AH24-'Entries Feb.''25'!AH23<1,0,'Entries Feb.''25'!AH24-'Entries Feb.''25'!AH23) -> 0 | J23: =IF('Entries Feb.''25'!T24-'Entries Feb.''25'!T23<1,"0",'Entries Feb.''25'!T24-'Entries Feb.''25'!T23) -> 227 | K23: =IF('Entries Feb.''25'!S24-'Entries Feb.''25'!S23<1,"0",'Entries Feb.''25'!S24-'Entries Feb.''25'!S23) -> 0 | L23: =IF('Entries Feb.''25'!U24-'Entries Feb.''25'!U23<1,"0",'Entries Feb.''25'!U24-'Entries Feb.''25'!U23) -> 0 | M23: =IF('Entries Feb.''25'!V24-'Entries Feb.''25'!V23<1,"0",'Entries Feb.''25'!V24-'Entries Feb.''25'!V23) -> 0 | N23: =IF('Entries Feb.''25'!Y24-'Entries Feb.''25'!Y23<1,"0",'Entries Feb.''25'!Y24-'Entries Feb.''25'!Y23) -> 37 | O23: =IF('Entries Feb.''25'!Z24-'Entries Feb.''25'!Z23<1,"0",'Entries Feb.''25'!Z24-'Entries Feb.''25'!Z23) -> 57 | P23: =IF('Entries Feb.''25'!AA24-'Entries Feb.''25'!AA23<1,"0",'Entries Feb.''25'!AA24-'Entries Feb.''25'!AA23) -> 23 | Q23: =IF(('Entries Feb.''25'!AB24-'Entries Feb.''25'!AB23)+('Entries Feb.''25'!AC24-'Entries Feb.''25'!AC23)<1,"0",('Entries Feb.''25'!AB24-'Entries Feb.''25'!AB23)+('Entries Feb.''25'!AC24-'Entries Feb.''25'!AC23)) -> 0 | R23: =(Q23+G23)*10 -> 1250 | S23: =O23+N23+M23+L23 -> 94 | T23: =IF('Entries Feb.''25'!AD24-'Entries Feb.''25'!AD23<1,"0",'Entries Feb.''25'!AD24-'Entries Feb.''25'!AD23) -> 23 | U23: ='Entries Feb.''25'!AE24-'Entries Feb.''25'!AE23 -> 12 | V23: ='Entries Feb.''25'!AF24-'Entries Feb.''25'!AF23 -> 0 | W23: =IF('Entries Feb.''25'!AI24-'Entries Feb.''25'!AI23<1,"0",'Entries Feb.''25'!AI24-'Entries Feb.''25'!AI23) -> 0 | X23: =IF('Entries Feb.''25'!AJ24-'Entries Feb.''25'!AJ23<1,"0",'Entries Feb.''25'!AJ24-'Entries Feb.''25'!AJ23) -> 0 | Z23: ='PROD.FIG. '!H21 -> 0 | AA23: =R23/Z23 -> #DIV/0!
B24: 18 | C24: =IF('Entries Feb.''25'!X25-'Entries Feb.''25'!X24<1,"0",'Entries Feb.''25'!X25-'Entries Feb.''25'!X24) -> 0 | D24: =IF('Entries Feb.''25'!P25-'Entries Feb.''25'!P24<1,"0",'Entries Feb.''25'!P25-'Entries Feb.''25'!P24) -> 261 | E24: =IF('Entries Feb.''25'!Q25-'Entries Feb.''25'!Q24<1,"0",'Entries Feb.''25'!Q25-'Entries Feb.''25'!Q24) -> 133 | F24: =IF('Entries Feb.''25'!W25-'Entries Feb.''25'!W24<1,"0",'Entries Feb.''25'!W25-'Entries Feb.''25'!W24) -> 140 | G24: =(D24+E24)-F24 -> 254 | H24: =IF('Entries Feb.''25'!R25-'Entries Feb.''25'!R24<1,0,'Entries Feb.''25'!R25-'Entries Feb.''25'!R24) -> 209 | I24: =IF('Entries Feb.''25'!AH25-'Entries Feb.''25'!AH24<1,0,'Entries Feb.''25'!AH25-'Entries Feb.''25'!AH24) -> 0 | J24: =IF('Entries Feb.''25'!T25-'Entries Feb.''25'!T24<1,"0",'Entries Feb.''25'!T25-'Entries Feb.''25'!T24) -> 209 | K24: =IF('Entries Feb.''25'!S25-'Entries Feb.''25'!S24<1,"0",'Entries Feb.''25'!S25-'Entries Feb.''25'!S24) -> 0 | L24: =IF('Entries Feb.''25'!U25-'Entries Feb.''25'!U24<1,"0",'Entries Feb.''25'!U25-'Entries Feb.''25'!U24) -> 0 | M24: =IF('Entries Feb.''25'!V25-'Entries Feb.''25'!V24<1,"0",'Entries Feb.''25'!V25-'Entries Feb.''25'!V24) -> 0 | N24: =IF('Entries Feb.''25'!Y25-'Entries Feb.''25'!Y24<1,"0",'Entries Feb.''25'!Y25-'Entries Feb.''25'!Y24) -> 64 | O24: =IF('Entries Feb.''25'!Z25-'Entries Feb.''25'!Z24<1,"0",'Entries Feb.''25'!Z25-'Entries Feb.''25'!Z24) -> 60 | P24: =IF('Entries Feb.''25'!AA25-'Entries Feb.''25'!AA24<1,"0",'Entries Feb.''25'!AA25-'Entries Feb.''25'!AA24) -> 26 | Q24: =IF(('Entries Feb.''25'!AB25-'Entries Feb.''25'!AB24)+('Entries Feb.''25'!AC25-'Entries Feb.''25'!AC24)<1,"0",('Entries Feb.''25'!AB25-'Entries Feb.''25'!AB24)+('Entries Feb.''25'!AC25-'Entries Feb.''25'!AC24)) -> 0 | R24: =(Q24+G24)*10 -> 2540 | S24: =O24+N24+M24+L24 -> 124 | T24: =IF('Entries Feb.''25'!AD25-'Entries Feb.''25'!AD24<1,"0",'Entries Feb.''25'!AD25-'Entries Feb.''25'!AD24) -> 19 | U24: ='Entries Feb.''25'!AE26-'Entries Feb.''25'!AE24 -> 161 | V24: ='Entries Feb.''25'!AF25-'Entries Feb.''25'!AF24 -> 0 | W24: =IF('Entries Feb.''25'!AI25-'Entries Feb.''25'!AI24<1,"0",'Entries Feb.''25'!AI25-'Entries Feb.''25'!AI24) -> 0 | X24: =IF('Entries Feb.''25'!AJ25-'Entries Feb.''25'!AJ24<1,"0",'Entries Feb.''25'!AJ25-'Entries Feb.''25'!AJ24) -> 0 | Z24: ='PROD.FIG. '!H22 -> 0 | AA24: =R24/Z24 -> #DIV/0!
B25: 19 | C25: =IF('Entries Feb.''25'!X26-'Entries Feb.''25'!X25<1,"0",'Entries Feb.''25'!X26-'Entries Feb.''25'!X25) -> 0 | D25: =IF('Entries Feb.''25'!P26-'Entries Feb.''25'!P25<1,"0",'Entries Feb.''25'!P26-'Entries Feb.''25'!P25) -> 180 | E25: =IF('Entries Feb.''25'!Q26-'Entries Feb.''25'!Q25<1,"0",'Entries Feb.''25'!Q26-'Entries Feb.''25'!Q25) -> 238 | F25: =IF('Entries Feb.''25'!W26-'Entries Feb.''25'!W25<1,"0",'Entries Feb.''25'!W26-'Entries Feb.''25'!W25) -> 251 | G25: =(D25+E25)-F25 -> 167 | H25: =IF('Entries Feb.''25'!R26-'Entries Feb.''25'!R25<1,0,'Entries Feb.''25'!R26-'Entries Feb.''25'!R25) -> 199 | I25: =IF('Entries Feb.''25'!AH26-'Entries Feb.''25'!AH25<1,0,'Entries Feb.''25'!AH26-'Entries Feb.''25'!AH25) -> 0 | J25: =IF('Entries Feb.''25'!T26-'Entries Feb.''25'!T25<1,"0",'Entries Feb.''25'!T26-'Entries Feb.''25'!T25) -> 186 | K25: =IF('Entries Feb.''25'!S26-'Entries Feb.''25'!S25<1,"0",'Entries Feb.''25'!S26-'Entries Feb.''25'!S25) -> 0 | L25: =IF('Entries Feb.''25'!U26-'Entries Feb.''25'!U25<1,"0",'Entries Feb.''25'!U26-'Entries Feb.''25'!U25) -> 0 | M25: =IF('Entries Feb.''25'!V26-'Entries Feb.''25'!V25<1,"0",'Entries Feb.''25'!V26-'Entries Feb.''25'!V25) -> 1 | N25: =IF('Entries Feb.''25'!Y26-'Entries Feb.''25'!Y25<1,"0",'Entries Feb.''25'!Y26-'Entries Feb.''25'!Y25) -> 54 | O25: =IF('Entries Feb.''25'!Z26-'Entries Feb.''25'!Z25<1,"0",'Entries Feb.''25'!Z26-'Entries Feb.''25'!Z25) -> 64 | P25: =IF('Entries Feb.''25'!AA26-'Entries Feb.''25'!AA25<1,"0",'Entries Feb.''25'!AA26-'Entries Feb.''25'!AA25) -> 33 | Q25: =IF(('Entries Feb.''25'!AB26-'Entries Feb.''25'!AB25)+('Entries Feb.''25'!AC26-'Entries Feb.''25'!AC25)<1,"0",('Entries Feb.''25'!AB26-'Entries Feb.''25'!AB25)+('Entries Feb.''25'!AC26-'Entries Feb.''25'!AC25)) -> 0 | R25: =(Q25+G25)*10 -> 1670 | S25: =O25+N25+M25+L25 -> 119 | T25: =IF('Entries Feb.''25'!AD26-'Entries Feb.''25'!AD25<1,"0",'Entries Feb.''25'!AD26-'Entries Feb.''25'!AD25) -> 22 | U25: ='Entries Feb.''25'!#REF!-'Entries Feb.''25'!AE26 -> #REF! | V25: ='Entries Feb.''25'!AF26-'Entries Feb.''25'!AF25 -> 0 | W25: =IF('Entries Feb.''25'!AI26-'Entries Feb.''25'!AI25<1,"0",'Entries Feb.''25'!AI26-'Entries Feb.''25'!AI25) -> 0 | X25: =IF('Entries Feb.''25'!AJ26-'Entries Feb.''25'!AJ25<1,"0",'Entries Feb.''25'!AJ26-'Entries Feb.''25'!AJ25) -> 0 | Z25: ='PROD.FIG. '!H23 -> 0 | AA25: =R25/Z25 -> #DIV/0!
B26: 20 | C26: =IF('Entries Feb.''25'!X27-'Entries Feb.''25'!X26<1,"0",'Entries Feb.''25'!X27-'Entries Feb.''25'!X26) -> 0 | D26: =IF('Entries Feb.''25'!P27-'Entries Feb.''25'!P26<1,"0",'Entries Feb.''25'!P27-'Entries Feb.''25'!P26) -> 163 | E26: =IF('Entries Feb.''25'!Q27-'Entries Feb.''25'!Q26<1,"0",'Entries Feb.''25'!Q27-'Entries Feb.''25'!Q26) -> 260 | F26: =IF('Entries Feb.''25'!W27-'Entries Feb.''25'!W26<1,"0",'Entries Feb.''25'!W27-'Entries Feb.''25'!W26) -> 274 | G26: =(D26+E26)-F26 -> 149 | H26: =IF('Entries Feb.''25'!R27-'Entries Feb.''25'!R26<1,0,'Entries Feb.''25'!R27-'Entries Feb.''25'!R26) -> 232 | I26: =IF('Entries Feb.''25'!AH27-'Entries Feb.''25'!AH26<1,0,'Entries Feb.''25'!AH27-'Entries Feb.''25'!AH26) -> 0 | J26: =IF('Entries Feb.''25'!T27-'Entries Feb.''25'!T26<1,"0",'Entries Feb.''25'!T27-'Entries Feb.''25'!T26) -> 214 | K26: =IF('Entries Feb.''25'!S27-'Entries Feb.''25'!S26<1,"0",'Entries Feb.''25'!S27-'Entries Feb.''25'!S26) -> 0 | L26: =IF('Entries Feb.''25'!U27-'Entries Feb.''25'!U26<1,"0",'Entries Feb.''25'!U27-'Entries Feb.''25'!U26) -> 0 | M26: =IF('Entries Feb.''25'!V27-'Entries Feb.''25'!V26<1,"0",'Entries Feb.''25'!V27-'Entries Feb.''25'!V26) -> 3 | N26: =IF('Entries Feb.''25'!Y27-'Entries Feb.''25'!Y26<1,"0",'Entries Feb.''25'!Y27-'Entries Feb.''25'!Y26) -> 72 | O26: =IF('Entries Feb.''25'!Z27-'Entries Feb.''25'!Z26<1,"0",'Entries Feb.''25'!Z27-'Entries Feb.''25'!Z26) -> 61 | P26: =IF('Entries Feb.''25'!AA27-'Entries Feb.''25'!AA26<1,"0",'Entries Feb.''25'!AA27-'Entries Feb.''25'!AA26) -> 24 | Q26: =IF(('Entries Feb.''25'!AB27-'Entries Feb.''25'!AB26)+('Entries Feb.''25'!AC27-'Entries Feb.''25'!AC26)<1,"0",('Entries Feb.''25'!AB27-'Entries Feb.''25'!AB26)+('Entries Feb.''25'!AC27-'Entries Feb.''25'!AC26)) -> 0 | R26: =(Q26+G26)*10 -> 1490 | S26: =O26+N26+M26+L26 -> 136 | T26: =IF('Entries Feb.''25'!AD27-'Entries Feb.''25'!AD26<1,"0",'Entries Feb.''25'!AD27-'Entries Feb.''25'!AD26) -> 12 | U26: ='Entries Feb.''25'!AE27-'Entries Feb.''25'!#REF! -> #REF! | V26: ='Entries Feb.''25'!AF27-'Entries Feb.''25'!AF26 -> 0 | W26: =IF('Entries Feb.''25'!AI27-'Entries Feb.''25'!AI26<1,"0",'Entries Feb.''25'!AI27-'Entries Feb.''25'!AI26) -> 0 | X26: =IF('Entries Feb.''25'!AJ27-'Entries Feb.''25'!AJ26<1,"0",'Entries Feb.''25'!AJ27-'Entries Feb.''25'!AJ26) -> 0 | Z26: ='PROD.FIG. '!H24 -> 0 | AA26: =R26/Z26 -> #DIV/0!
B27: 21 | C27: =IF('Entries Feb.''25'!X28-'Entries Feb.''25'!X27<1,"0",'Entries Feb.''25'!X28-'Entries Feb.''25'!X27) -> 0 | D27: =IF('Entries Feb.''25'!P28-'Entries Feb.''25'!P27<1,"0",'Entries Feb.''25'!P28-'Entries Feb.''25'!P27) -> 154 | E27: =IF('Entries Feb.''25'!Q28-'Entries Feb.''25'!Q27<1,"0",'Entries Feb.''25'!Q28-'Entries Feb.''25'!Q27) -> 248 | F27: =IF('Entries Feb.''25'!W28-'Entries Feb.''25'!W27<1,"0",'Entries Feb.''25'!W28-'Entries Feb.''25'!W27) -> 262 | G27: =(D27+E27)-F27 -> 140 | H27: =IF('Entries Feb.''25'!R28-'Entries Feb.''25'!R27<1,0,'Entries Feb.''25'!R28-'Entries Feb.''25'!R27) -> 155 | I27: =IF('Entries Feb.''25'!AH28-'Entries Feb.''25'!AH27<1,0,'Entries Feb.''25'!AH28-'Entries Feb.''25'!AH27) -> 0 | J27: =IF('Entries Feb.''25'!T28-'Entries Feb.''25'!T27<1,"0",'Entries Feb.''25'!T28-'Entries Feb.''25'!T27) -> 202 | K27: =IF('Entries Feb.''25'!S28-'Entries Feb.''25'!S27<1,"0",'Entries Feb.''25'!S28-'Entries Feb.''25'!S27) -> 0 | L27: =IF('Entries Feb.''25'!U28-'Entries Feb.''25'!U27<1,"0",'Entries Feb.''25'!U28-'Entries Feb.''25'!U27) -> 0 | M27: =IF('Entries Feb.''25'!V28-'Entries Feb.''25'!V27<1,"0",'Entries Feb.''25'!V28-'Entries Feb.''25'!V27) -> 0 | N27: =IF('Entries Feb.''25'!Y28-'Entries Feb.''25'!Y27<1,"0",'Entries Feb.''25'!Y28-'Entries Feb.''25'!Y27) -> 32 | O27: =IF('Entries Feb.''25'!Z28-'Entries Feb.''25'!Z27<1,"0",'Entries Feb.''25'!Z28-'Entries Feb.''25'!Z27) -> 64 | P27: =IF('Entries Feb.''25'!AA28-'Entries Feb.''25'!AA27<1,"0",'Entries Feb.''25'!AA28-'Entries Feb.''25'!AA27) -> 21 | Q27: =IF(('Entries Feb.''25'!AB28-'Entries Feb.''25'!AB27)+('Entries Feb.''25'!AC28-'Entries Feb.''25'!AC27)<1,"0",('Entries Feb.''25'!AB28-'Entries Feb.''25'!AB27)+('Entries Feb.''25'!AC28-'Entries Feb.''25'!AC27)) -> 0 | R27: =(Q27+G27)*10 -> 1400 | S27: =O27+N27+M27+L27 -> 96 | T27: =IF('Entries Feb.''25'!AD28-'Entries Feb.''25'!AD27<1,"0",'Entries Feb.''25'!AD28-'Entries Feb.''25'!AD27) -> 11 | U27: ='Entries Feb.''25'!AE28-'Entries Feb.''25'!AE27 -> 67 | V27: ='Entries Feb.''25'!AF28-'Entries Feb.''25'!AF27 -> 0 | W27: =IF('Entries Feb.''25'!AI28-'Entries Feb.''25'!AI27<1,"0",'Entries Feb.''25'!AI28-'Entries Feb.''25'!AI27) -> 0 | X27: =IF('Entries Feb.''25'!AJ28-'Entries Feb.''25'!AJ27<1,"0",'Entries Feb.''25'!AJ28-'Entries Feb.''25'!AJ27) -> 0 | Z27: ='PROD.FIG. '!H25 -> 0 | AA27: =R27/Z27 -> #DIV/0!
B28: 22 | C28: =IF('Entries Feb.''25'!X29-'Entries Feb.''25'!X28<1,"0",'Entries Feb.''25'!X29-'Entries Feb.''25'!X28) -> 0 | D28: =IF('Entries Feb.''25'!P29-'Entries Feb.''25'!P28<1,"0",'Entries Feb.''25'!P29-'Entries Feb.''25'!P28) -> 115 | E28: =IF('Entries Feb.''25'!Q29-'Entries Feb.''25'!Q28<1,"0",'Entries Feb.''25'!Q29-'Entries Feb.''25'!Q28) -> 7 | F28: =IF('Entries Feb.''25'!W29-'Entries Feb.''25'!W28<1,"0",'Entries Feb.''25'!W29-'Entries Feb.''25'!W28) -> 7 | G28: =(D28+E28)-F28 -> 115 | H28: =IF('Entries Feb.''25'!R29-'Entries Feb.''25'!R28<1,0,'Entries Feb.''25'!R29-'Entries Feb.''25'!R28) -> 39 | I28: =IF('Entries Feb.''25'!AH29-'Entries Feb.''25'!AH28<1,0,'Entries Feb.''25'!AH29-'Entries Feb.''25'!AH28) -> 0 | J28: =IF('Entries Feb.''25'!T29-'Entries Feb.''25'!T28<1,"0",'Entries Feb.''25'!T29-'Entries Feb.''25'!T28) -> 0 | K28: =IF('Entries Feb.''25'!S29-'Entries Feb.''25'!S28<1,"0",'Entries Feb.''25'!S29-'Entries Feb.''25'!S28) -> 0 | L28: =IF('Entries Feb.''25'!U29-'Entries Feb.''25'!U28<1,"0",'Entries Feb.''25'!U29-'Entries Feb.''25'!U28) -> 0 | M28: =IF('Entries Feb.''25'!V29-'Entries Feb.''25'!V28<1,"0",'Entries Feb.''25'!V29-'Entries Feb.''25'!V28) -> 0 | N28: =IF('Entries Feb.''25'!Y29-'Entries Feb.''25'!Y28<1,"0",'Entries Feb.''25'!Y29-'Entries Feb.''25'!Y28) -> 0 | O28: =IF('Entries Feb.''25'!Z29-'Entries Feb.''25'!Z28<1,"0",'Entries Feb.''25'!Z29-'Entries Feb.''25'!Z28) -> 11 | P28: =IF('Entries Feb.''25'!AA29-'Entries Feb.''25'!AA28<1,"0",'Entries Feb.''25'!AA29-'Entries Feb.''25'!AA28) -> 5 | Q28: =IF(('Entries Feb.''25'!AB29-'Entries Feb.''25'!AB28)+('Entries Feb.''25'!AC29-'Entries Feb.''25'!AC28)<1,"0",('Entries Feb.''25'!AB29-'Entries Feb.''25'!AB28)+('Entries Feb.''25'!AC29-'Entries Feb.''25'!AC28)) -> 0 | R28: =(Q28+G28)*10 -> 1150 | S28: =O28+N28+M28+L28 -> 11 | T28: =IF('Entries Feb.''25'!AD29-'Entries Feb.''25'!AD28<1,"0",'Entries Feb.''25'!AD29-'Entries Feb.''25'!AD28) -> 0 | U28: ='Entries Feb.''25'!AE29-'Entries Feb.''25'!AE28 -> 0 | V28: ='Entries Feb.''25'!AF29-'Entries Feb.''25'!AF28 -> 0 | W28: =IF('Entries Feb.''25'!AI29-'Entries Feb.''25'!AI28<1,"0",'Entries Feb.''25'!AI29-'Entries Feb.''25'!AI28) -> 0 | X28: =IF('Entries Feb.''25'!AJ29-'Entries Feb.''25'!AJ28<1,"0",'Entries Feb.''25'!AJ29-'Entries Feb.''25'!AJ28) -> 0 | Z28: ='PROD.FIG. '!H26 -> 0 | AA28: =R28/Z28 -> #DIV/0!
B29: 23 | C29: =IF('Entries Feb.''25'!X30-'Entries Feb.''25'!X29<1,"0",'Entries Feb.''25'!X30-'Entries Feb.''25'!X29) -> 0 | D29: =IF('Entries Feb.''25'!P30-'Entries Feb.''25'!P29<1,"0",'Entries Feb.''25'!P30-'Entries Feb.''25'!P29) -> 0 | E29: =IF('Entries Feb.''25'!Q30-'Entries Feb.''25'!Q29<1,"0",'Entries Feb.''25'!Q30-'Entries Feb.''25'!Q29) -> 83 | F29: =IF('Entries Feb.''25'!W30-'Entries Feb.''25'!W29<1,"0",'Entries Feb.''25'!W30-'Entries Feb.''25'!W29) -> 87 | G29: =(D29+E29)-F29 -> -4 | H29: =IF('Entries Feb.''25'!R30-'Entries Feb.''25'!R29<1,0,'Entries Feb.''25'!R30-'Entries Feb.''25'!R29) -> 66 | I29: =IF('Entries Feb.''25'!AH30-'Entries Feb.''25'!AH29<1,0,'Entries Feb.''25'!AH30-'Entries Feb.''25'!AH29) -> 0 | J29: =IF('Entries Feb.''25'!T30-'Entries Feb.''25'!T29<1,"0",'Entries Feb.''25'!T30-'Entries Feb.''25'!T29) -> 53 | K29: =IF('Entries Feb.''25'!S30-'Entries Feb.''25'!S29<1,"0",'Entries Feb.''25'!S30-'Entries Feb.''25'!S29) -> 0 | L29: =IF('Entries Feb.''25'!U30-'Entries Feb.''25'!U29<1,"0",'Entries Feb.''25'!U30-'Entries Feb.''25'!U29) -> 0 | M29: =IF('Entries Feb.''25'!V30-'Entries Feb.''25'!V29<1,"0",'Entries Feb.''25'!V30-'Entries Feb.''25'!V29) -> 0 | N29: =IF('Entries Feb.''25'!Y30-'Entries Feb.''25'!Y29<1,"0",'Entries Feb.''25'!Y30-'Entries Feb.''25'!Y29) -> 20 | O29: =IF('Entries Feb.''25'!Z30-'Entries Feb.''25'!Z29<1,"0",'Entries Feb.''25'!Z30-'Entries Feb.''25'!Z29) -> 0 | P29: =IF('Entries Feb.''25'!AA30-'Entries Feb.''25'!AA29<1,"0",'Entries Feb.''25'!AA30-'Entries Feb.''25'!AA29) -> 10 | Q29: =IF(('Entries Feb.''25'!AB30-'Entries Feb.''25'!AB29)+('Entries Feb.''25'!AC30-'Entries Feb.''25'!AC29)<1,"0",('Entries Feb.''25'!AB30-'Entries Feb.''25'!AB29)+('Entries Feb.''25'!AC30-'Entries Feb.''25'!AC29)) -> 0 | R29: =(Q29+G29)*10 -> -40 | S29: =O29+N29+M29+L29 -> 20 | T29: =IF('Entries Feb.''25'!AD30-'Entries Feb.''25'!AD29<1,"0",'Entries Feb.''25'!AD30-'Entries Feb.''25'!AD29) -> 0 | U29: ='Entries Feb.''25'!AE30-'Entries Feb.''25'!AE29 -> 0 | V29: ='Entries Feb.''25'!AF30-'Entries Feb.''25'!AF29 -> 0 | W29: =IF('Entries Feb.''25'!AI30-'Entries Feb.''25'!AI29<1,"0",'Entries Feb.''25'!AI30-'Entries Feb.''25'!AI29) -> 0 | X29: =IF('Entries Feb.''25'!AJ30-'Entries Feb.''25'!AJ29<1,"0",'Entries Feb.''25'!AJ30-'Entries Feb.''25'!AJ29) -> 0 | Z29: ='PROD.FIG. '!H27 -> 0 | AA29: =R29/Z29 -> #DIV/0!
B30: 24 | C30: =IF('Entries Feb.''25'!X31-'Entries Feb.''25'!X30<1,"0",'Entries Feb.''25'!X31-'Entries Feb.''25'!X30) -> 0 | D30: =IF('Entries Feb.''25'!P31-'Entries Feb.''25'!P30<1,"0",'Entries Feb.''25'!P31-'Entries Feb.''25'!P30) -> 46 | E30: =IF('Entries Feb.''25'!Q31-'Entries Feb.''25'!Q30<1,"0",'Entries Feb.''25'!Q31-'Entries Feb.''25'!Q30) -> 227 | F30: =IF('Entries Feb.''25'!W31-'Entries Feb.''25'!W30<1,"0",'Entries Feb.''25'!W31-'Entries Feb.''25'!W30) -> 241 | G30: =(D30+E30)-F30 -> 32 | H30: =IF('Entries Feb.''25'!R31-'Entries Feb.''25'!R30<1,0,'Entries Feb.''25'!R31-'Entries Feb.''25'!R30) -> 240 | I30: =IF('Entries Feb.''25'!AH31-'Entries Feb.''25'!AH30<1,0,'Entries Feb.''25'!AH31-'Entries Feb.''25'!AH30) -> 0 | J30: =IF('Entries Feb.''25'!T31-'Entries Feb.''25'!T30<1,"0",'Entries Feb.''25'!T31-'Entries Feb.''25'!T30) -> 216 | K30: =IF('Entries Feb.''25'!S31-'Entries Feb.''25'!S30<1,"0",'Entries Feb.''25'!S31-'Entries Feb.''25'!S30) -> 0 | L30: =IF('Entries Feb.''25'!U31-'Entries Feb.''25'!U30<1,"0",'Entries Feb.''25'!U31-'Entries Feb.''25'!U30) -> 0 | M30: =IF('Entries Feb.''25'!V31-'Entries Feb.''25'!V30<1,"0",'Entries Feb.''25'!V31-'Entries Feb.''25'!V30) -> 32 | N30: =IF('Entries Feb.''25'!Y31-'Entries Feb.''25'!Y30<1,"0",'Entries Feb.''25'!Y31-'Entries Feb.''25'!Y30) -> 64 | O30: =IF('Entries Feb.''25'!Z31-'Entries Feb.''25'!Z30<1,"0",'Entries Feb.''25'!Z31-'Entries Feb.''25'!Z30) -> 80 | P30: =IF('Entries Feb.''25'!AA31-'Entries Feb.''25'!AA30<1,"0",'Entries Feb.''25'!AA31-'Entries Feb.''25'!AA30) -> 17 | Q30: =IF(('Entries Feb.''25'!AB31-'Entries Feb.''25'!AB30)+('Entries Feb.''25'!AC31-'Entries Feb.''25'!AC30)<1,"0",('Entries Feb.''25'!AB31-'Entries Feb.''25'!AB30)+('Entries Feb.''25'!AC31-'Entries Feb.''25'!AC30)) -> 0 | R30: =(Q30+G30)*10 -> 320 | S30: =O30+N30+M30+L30 -> 176 | T30: =IF('Entries Feb.''25'!AD31-'Entries Feb.''25'!AD30<1,"0",'Entries Feb.''25'!AD31-'Entries Feb.''25'!AD30) -> 18 | U30: ='Entries Feb.''25'!AE31-'Entries Feb.''25'!AE30 -> 3 | V30: ='Entries Feb.''25'!AF31-'Entries Feb.''25'!AF30 -> 0 | W30: =IF('Entries Feb.''25'!AI31-'Entries Feb.''25'!AI30<1,"0",'Entries Feb.''25'!AI31-'Entries Feb.''25'!AI30) -> 0 | X30: =IF('Entries Feb.''25'!AJ31-'Entries Feb.''25'!AJ30<1,"0",'Entries Feb.''25'!AJ31-'Entries Feb.''25'!AJ30) -> 0 | Z30: ='PROD.FIG. '!H28 -> 0 | AA30: =R30/Z30 -> #DIV/0!
B31: 25 | C31: =IF('Entries Feb.''25'!X32-'Entries Feb.''25'!X31<1,"0",'Entries Feb.''25'!X32-'Entries Feb.''25'!X31) -> 0 | D31: =IF('Entries Feb.''25'!P32-'Entries Feb.''25'!P31<1,"0",'Entries Feb.''25'!P32-'Entries Feb.''25'!P31) -> 0 | E31: =IF('Entries Feb.''25'!Q32-'Entries Feb.''25'!Q31<1,"0",'Entries Feb.''25'!Q32-'Entries Feb.''25'!Q31) -> 274 | F31: =IF('Entries Feb.''25'!W32-'Entries Feb.''25'!W31<1,"0",'Entries Feb.''25'!W32-'Entries Feb.''25'!W31) -> 287 | G31: =(D31+E31)-F31 -> -13 | H31: =IF('Entries Feb.''25'!R32-'Entries Feb.''25'!R31<1,0,'Entries Feb.''25'!R32-'Entries Feb.''25'!R31) -> 189 | I31: =IF('Entries Feb.''25'!AH32-'Entries Feb.''25'!AH31<1,0,'Entries Feb.''25'!AH32-'Entries Feb.''25'!AH31) -> 0 | J31: =IF('Entries Feb.''25'!T32-'Entries Feb.''25'!T31<1,"0",'Entries Feb.''25'!T32-'Entries Feb.''25'!T31) -> 243 | K31: =IF('Entries Feb.''25'!S32-'Entries Feb.''25'!S31<1,"0",'Entries Feb.''25'!S32-'Entries Feb.''25'!S31) -> 0 | L31: =IF('Entries Feb.''25'!U32-'Entries Feb.''25'!U31<1,"0",'Entries Feb.''25'!U32-'Entries Feb.''25'!U31) -> 0 | M31: =IF('Entries Feb.''25'!V32-'Entries Feb.''25'!V31<1,"0",'Entries Feb.''25'!V32-'Entries Feb.''25'!V31) -> 5 | N31: =IF('Entries Feb.''25'!Y32-'Entries Feb.''25'!Y31<1,"0",'Entries Feb.''25'!Y32-'Entries Feb.''25'!Y31) -> 30 | O31: =IF('Entries Feb.''25'!Z32-'Entries Feb.''25'!Z31<1,"0",'Entries Feb.''25'!Z32-'Entries Feb.''25'!Z31) -> 77 | P31: =IF('Entries Feb.''25'!AA32-'Entries Feb.''25'!AA31<1,"0",'Entries Feb.''25'!AA32-'Entries Feb.''25'!AA31) -> 16 | Q31: =IF(('Entries Feb.''25'!AB34-'Entries Feb.''25'!AB31)+('Entries Feb.''25'!AC32-'Entries Feb.''25'!AC31)<1,"0",('Entries Feb.''25'!AB34-'Entries Feb.''25'!AB31)+('Entries Feb.''25'!AC32-'Entries Feb.''25'!AC31)) -> 0 | R31: =(Q31+G31)*10 -> -130 | S31: =O31+N31+M31+L31 -> 112 | T31: =IF('Entries Feb.''25'!AD32-'Entries Feb.''25'!AD31<1,"0",'Entries Feb.''25'!AD32-'Entries Feb.''25'!AD31) -> 23 | U31: ='Entries Feb.''25'!AE32-'Entries Feb.''25'!AE31 -> 0 | V31: ='Entries Feb.''25'!AF32-'Entries Feb.''25'!AF31 -> 0 | W31: =IF('Entries Feb.''25'!AI32-'Entries Feb.''25'!AI31<1,"0",'Entries Feb.''25'!AI32-'Entries Feb.''25'!AI31) -> 0 | X31: =IF('Entries Feb.''25'!AJ32-'Entries Feb.''25'!AJ31<1,"0",'Entries Feb.''25'!AJ32-'Entries Feb.''25'!AJ31) -> 0 | Z31: ='PROD.FIG. '!H29 -> 0 | AA31: =R31/Z31 -> #DIV/0!
B32: 26 | C32: =IF('Entries Feb.''25'!X33-'Entries Feb.''25'!X32<1,"0",'Entries Feb.''25'!X33-'Entries Feb.''25'!X32) -> 0 | D32: =IF('Entries Feb.''25'!P33-'Entries Feb.''25'!P32<1,"0",'Entries Feb.''25'!P33-'Entries Feb.''25'!P32) -> 358 | E32: =IF('Entries Feb.''25'!Q33-'Entries Feb.''25'!Q32<1,"0",'Entries Feb.''25'!Q33-'Entries Feb.''25'!Q32) -> 262 | F32: =IF('Entries Feb.''25'!W33-'Entries Feb.''25'!W32<1,"0",'Entries Feb.''25'!W33-'Entries Feb.''25'!W32) -> 256 | G32: =(D32+E32)-F32 -> 364 | H32: =IF('Entries Feb.''25'!R33-'Entries Feb.''25'!R32<1,0,'Entries Feb.''25'!R33-'Entries Feb.''25'!R32) -> 176 | I32: =IF('Entries Feb.''25'!AH33-'Entries Feb.''25'!AH32<1,0,'Entries Feb.''25'!AH33-'Entries Feb.''25'!AH32) -> 0 | J32: =IF('Entries Feb.''25'!T33-'Entries Feb.''25'!T32<1,"0",'Entries Feb.''25'!T33-'Entries Feb.''25'!T32) -> 244 | K32: =IF('Entries Feb.''25'!S33-'Entries Feb.''25'!S32<1,"0",'Entries Feb.''25'!S33-'Entries Feb.''25'!S32) -> 0 | L32: =IF('Entries Feb.''25'!U33-'Entries Feb.''25'!U32<1,"0",'Entries Feb.''25'!U33-'Entries Feb.''25'!U32) -> 0 | M32: =IF('Entries Feb.''25'!V33-'Entries Feb.''25'!V32<1,"0",'Entries Feb.''25'!V33-'Entries Feb.''25'!V32) -> 0 | N32: =IF('Entries Feb.''25'!Y33-'Entries Feb.''25'!Y32<1,"0",'Entries Feb.''25'!Y33-'Entries Feb.''25'!Y32) -> 45 | O32: =IF('Entries Feb.''25'!Z33-'Entries Feb.''25'!Z32<1,"0",'Entries Feb.''25'!Z33-'Entries Feb.''25'!Z32) -> 63 | P32: =IF('Entries Feb.''25'!AA33-'Entries Feb.''25'!AA32<1,"0",'Entries Feb.''25'!AA33-'Entries Feb.''25'!AA32) -> 12 | Q32: =IF(('Entries Feb.''25'!AB36-'Entries Feb.''25'!AB32)+('Entries Feb.''25'!AC33-'Entries Feb.''25'!AC32)<1,"0",('Entries Feb.''25'!AB36-'Entries Feb.''25'!AB32)+('Entries Feb.''25'!AC33-'Entries Feb.''25'!AC32)) -> 0 | R32: =(Q32+G32)*10 -> 3640 | S32: =O32+N32+M32+L32 -> 108 | T32: =IF('Entries Feb.''25'!AD33-'Entries Feb.''25'!AD32<1,"0",'Entries Feb.''25'!AD33-'Entries Feb.''25'!AD32) -> 17 | U32: ='Entries Feb.''25'!AE33-'Entries Feb.''25'!AE32 -> 0 | V32: ='Entries Feb.''25'!AF33-'Entries Feb.''25'!AF32 -> 0 | W32: =IF('Entries Feb.''25'!AI33-'Entries Feb.''25'!AI32<1,"0",'Entries Feb.''25'!AI33-'Entries Feb.''25'!AI32) -> 0 | X32: =IF('Entries Feb.''25'!AJ33-'Entries Feb.''25'!AJ32<1,"0",'Entries Feb.''25'!AJ33-'Entries Feb.''25'!AJ32) -> 0 | Z32: ='PROD.FIG. '!H30 -> 0 | AA32: =R32/Z32 -> #DIV/0!
B33: 27 | C33: =IF('Entries Feb.''25'!X34-'Entries Feb.''25'!X33<1,"0",'Entries Feb.''25'!X34-'Entries Feb.''25'!X33) -> 0 | D33: =IF('Entries Feb.''25'!P34-'Entries Feb.''25'!P33<1,"0",'Entries Feb.''25'!P34-'Entries Feb.''25'!P33) -> 153 | E33: =IF('Entries Feb.''25'!Q34-'Entries Feb.''25'!Q33<1,"0",'Entries Feb.''25'!Q34-'Entries Feb.''25'!Q33) -> 190 | F33: =IF('Entries Feb.''25'!W34-'Entries Feb.''25'!W33<1,"0",'Entries Feb.''25'!W34-'Entries Feb.''25'!W33) -> 222 | G33: =(D33+E33)-F33 -> 121 | H33: =IF('Entries Feb.''25'!R34-'Entries Feb.''25'!R33<1,0,'Entries Feb.''25'!R34-'Entries Feb.''25'!R33) -> 189 | I33: =IF('Entries Feb.''25'!AH34-'Entries Feb.''25'!AH33<1,0,'Entries Feb.''25'!AH34-'Entries Feb.''25'!AH33) -> 0 | J33: =IF('Entries Feb.''25'!T34-'Entries Feb.''25'!T33<1,"0",'Entries Feb.''25'!T34-'Entries Feb.''25'!T33) -> 239 | K33: =IF('Entries Feb.''25'!S34-'Entries Feb.''25'!S33<1,"0",'Entries Feb.''25'!S34-'Entries Feb.''25'!S33) -> 0 | L33: =IF('Entries Feb.''25'!U34-'Entries Feb.''25'!U33<1,"0",'Entries Feb.''25'!U34-'Entries Feb.''25'!U33) -> 0 | M33: =IF('Entries Feb.''25'!V34-'Entries Feb.''25'!V33<1,"0",'Entries Feb.''25'!V34-'Entries Feb.''25'!V33) -> 6 | N33: =IF('Entries Feb.''25'!Y34-'Entries Feb.''25'!Y33<1,"0",'Entries Feb.''25'!Y34-'Entries Feb.''25'!Y33) -> 42 | O33: =IF('Entries Feb.''25'!Z34-'Entries Feb.''25'!Z33<1,"0",'Entries Feb.''25'!Z34-'Entries Feb.''25'!Z33) -> 61 | P33: =IF('Entries Feb.''25'!AA34-'Entries Feb.''25'!AA33<1,"0",'Entries Feb.''25'!AA34-'Entries Feb.''25'!AA33) -> 11 | Q33: =IF(('Entries Feb.''25'!AB37-'Entries Feb.''25'!AB33)+('Entries Feb.''25'!AC34-'Entries Feb.''25'!AC33)<1,"0",('Entries Feb.''25'!AB37-'Entries Feb.''25'!AB33)+('Entries Feb.''25'!AC34-'Entries Feb.''25'!AC33)) -> 0 | R33: =(Q33+G33)*10 -> 1210 | S33: =O33+N33+M33+L33 -> 109 | T33: =IF('Entries Feb.''25'!AD34-'Entries Feb.''25'!AD33<1,"0",'Entries Feb.''25'!AD34-'Entries Feb.''25'!AD33) -> 23 | U33: ='Entries Feb.''25'!AE34-'Entries Feb.''25'!AE33 -> 0 | V33: ='Entries Feb.''25'!AF34-'Entries Feb.''25'!AF33 -> 0 | W33: =IF('Entries Feb.''25'!AI34-'Entries Feb.''25'!AI33<1,"0",'Entries Feb.''25'!AI34-'Entries Feb.''25'!AI33) -> 0 | X33: =IF('Entries Feb.''25'!AJ34-'Entries Feb.''25'!AJ33<1,"0",'Entries Feb.''25'!AJ34-'Entries Feb.''25'!AJ33) -> 0 | Z33: ='PROD.FIG. '!H31 -> 0 | AA33: =R33/Z33 -> #DIV/0!
B34: 28 | C34: =IF('Entries Feb.''25'!X35-'Entries Feb.''25'!X34<1,"0",'Entries Feb.''25'!X35-'Entries Feb.''25'!X34) -> 0 | D34: =IF('Entries Feb.''25'!P35-'Entries Feb.''25'!P34<1,"0",'Entries Feb.''25'!P35-'Entries Feb.''25'!P34) -> 0 | E34: =IF('Entries Feb.''25'!Q35-'Entries Feb.''25'!Q34<1,"0",'Entries Feb.''25'!Q35-'Entries Feb.''25'!Q34) -> 262 | F34: =IF('Entries Feb.''25'!W35-'Entries Feb.''25'!W34<1,"0",'Entries Feb.''25'!W35-'Entries Feb.''25'!W34) -> 276 | G34: =(D34+E34)-F34 -> -14 | H34: =IF('Entries Feb.''25'!R35-'Entries Feb.''25'!R34<1,0,'Entries Feb.''25'!R35-'Entries Feb.''25'!R34) -> 206 | I34: =IF('Entries Feb.''25'!AH35-'Entries Feb.''25'!AH34<1,0,'Entries Feb.''25'!AH35-'Entries Feb.''25'!AH34) -> 0 | J34: =IF('Entries Feb.''25'!T35-'Entries Feb.''25'!T34<1,"0",'Entries Feb.''25'!T35-'Entries Feb.''25'!T34) -> 234 | K34: =IF('Entries Feb.''25'!S35-'Entries Feb.''25'!S34<1,"0",'Entries Feb.''25'!S35-'Entries Feb.''25'!S34) -> 0 | L34: =IF('Entries Feb.''25'!U35-'Entries Feb.''25'!U34<1,"0",'Entries Feb.''25'!U35-'Entries Feb.''25'!U34) -> 0 | M34: =IF('Entries Feb.''25'!V35-'Entries Feb.''25'!V34<1,"0",'Entries Feb.''25'!V35-'Entries Feb.''25'!V34) -> 3 | N34: =IF('Entries Feb.''25'!Y35-'Entries Feb.''25'!Y34<1,"0",'Entries Feb.''25'!Y35-'Entries Feb.''25'!Y34) -> 67 | O34: =IF('Entries Feb.''25'!Z35-'Entries Feb.''25'!Z34<1,"0",'Entries Feb.''25'!Z35-'Entries Feb.''25'!Z34) -> 67 | P34: =IF('Entries Feb.''25'!AA35-'Entries Feb.''25'!AA34<1,"0",'Entries Feb.''25'!AA35-'Entries Feb.''25'!AA34) -> 14 | Q34: =IF(('Entries Feb.''25'!AB38-'Entries Feb.''25'!AB34)+('Entries Feb.''25'!AC35-'Entries Feb.''25'!AC34)<1,"0",('Entries Feb.''25'!AB38-'Entries Feb.''25'!AB34)+('Entries Feb.''25'!AC35-'Entries Feb.''25'!AC34)) -> 0 | R34: =(Q34+G34)*10 -> -140 | S34: =O34+N34+M34+L34 -> 137 | T34: =IF('Entries Feb.''25'!AD35-'Entries Feb.''25'!AD34<1,"0",'Entries Feb.''25'!AD35-'Entries Feb.''25'!AD34) -> 20 | U34: ='Entries Feb.''25'!AE35-'Entries Feb.''25'!AE34 -> 0 | V34: ='Entries Feb.''25'!AF35-'Entries Feb.''25'!AF34 -> 0 | W34: =IF('Entries Feb.''25'!AI35-'Entries Feb.''25'!AI34<1,"0",'Entries Feb.''25'!AI35-'Entries Feb.''25'!AI34) -> 0 | X34: =IF('Entries Feb.''25'!AJ35-'Entries Feb.''25'!AJ34<1,"0",'Entries Feb.''25'!AJ35-'Entries Feb.''25'!AJ34) -> 0 | Z34: ='PROD.FIG. '!H32 -> 0 | AA34: =R34/Z34 -> #DIV/0!
B35: 29 | C35: =IF('Entries Feb.''25'!X36-'Entries Feb.''25'!X35<1,"0",'Entries Feb.''25'!X36-'Entries Feb.''25'!X35) -> 0 | D35: =IF('Entries Feb.''25'!P36-'Entries Feb.''25'!P35<1,"0",'Entries Feb.''25'!P36-'Entries Feb.''25'!P35) -> 0 | E35: =IF('Entries Feb.''25'!Q36-'Entries Feb.''25'!Q35<1,"0",'Entries Feb.''25'!Q36-'Entries Feb.''25'!Q35) -> 0 | F35: =IF('Entries Feb.''25'!W36-'Entries Feb.''25'!W35<1,"0",'Entries Feb.''25'!W36-'Entries Feb.''25'!W35) -> 0 | G35: =(D35+E35)-F35 -> 0 | H35: =IF('Entries Feb.''25'!R36-'Entries Feb.''25'!R35<1,0,'Entries Feb.''25'!R36-'Entries Feb.''25'!R35) -> 0 | I35: =IF('Entries Feb.''25'!AH36-'Entries Feb.''25'!AH35<1,0,'Entries Feb.''25'!AH36-'Entries Feb.''25'!AH35) -> 0 | J35: =IF('Entries Feb.''25'!T36-'Entries Feb.''25'!T35<1,"0",'Entries Feb.''25'!T36-'Entries Feb.''25'!T35) -> 0 | K35: =IF('Entries Feb.''25'!S36-'Entries Feb.''25'!S35<1,"0",'Entries Feb.''25'!S36-'Entries Feb.''25'!S35) -> 0 | L35: =IF('Entries Feb.''25'!U36-'Entries Feb.''25'!U35<1,"0",'Entries Feb.''25'!U36-'Entries Feb.''25'!U35) -> 0 | M35: =IF('Entries Feb.''25'!V36-'Entries Feb.''25'!V35<1,"0",'Entries Feb.''25'!V36-'Entries Feb.''25'!V35) -> 0 | N35: =IF('Entries Feb.''25'!Y36-'Entries Feb.''25'!Y35<1,"0",'Entries Feb.''25'!Y36-'Entries Feb.''25'!Y35) -> 0 | O35: =IF('Entries Feb.''25'!Z36-'Entries Feb.''25'!Z35<1,"0",'Entries Feb.''25'!Z36-'Entries Feb.''25'!Z35) -> 0 | P35: =IF('Entries Feb.''25'!AA36-'Entries Feb.''25'!AA35<1,"0",'Entries Feb.''25'!AA36-'Entries Feb.''25'!AA35) -> 0 | Q35: =IF(('Entries Feb.''25'!AB39-'Entries Feb.''25'!AB34)+('Entries Feb.''25'!AC36-'Entries Feb.''25'!AC35)<1,"0",('Entries Feb.''25'!AB39-'Entries Feb.''25'!AB34)+('Entries Feb.''25'!AC36-'Entries Feb.''25'!AC35)) -> 0 | R35: =(Q35+G35)*10 -> 0 | S35: =O35+N35+M35+L35 -> 0 | T35: =IF('Entries Feb.''25'!AD36-'Entries Feb.''25'!AD35<1,"0",'Entries Feb.''25'!AD36-'Entries Feb.''25'!AD35) -> 0 | U35: ='Entries Feb.''25'!AE36-'Entries Feb.''25'!AE35 -> -258781 | V35: ='Entries Feb.''25'!AF36-'Entries Feb.''25'!AF35 -> 0 | W35: =IF('Entries Feb.''25'!AI37-'Entries Feb.''25'!AI35<1,"0",'Entries Feb.''25'!AI37-'Entries Feb.''25'!AI35) -> 0 | X35: =IF('Entries Feb.''25'!AJ36-'Entries Feb.''25'!AJ35<1,"0",'Entries Feb.''25'!AJ36-'Entries Feb.''25'!AJ35) -> 0 | Z35: ='PROD.FIG. '!H33 -> 0 | AA35: =R35/Z35 -> #DIV/0!
B36: 30 | C36: =IF('Entries Feb.''25'!X37-'Entries Feb.''25'!X36<1,"0",'Entries Feb.''25'!X37-'Entries Feb.''25'!X36) -> 0 | D36: =IF('Entries Feb.''25'!P37-'Entries Feb.''25'!P36<1,"0",'Entries Feb.''25'!P37-'Entries Feb.''25'!P36) -> 0 | E36: =IF('Entries Feb.''25'!Q37-'Entries Feb.''25'!Q36<1,"0",'Entries Feb.''25'!Q37-'Entries Feb.''25'!Q36) -> 0 | F36: =IF('Entries Feb.''25'!W37-'Entries Feb.''25'!W36<1,"0",'Entries Feb.''25'!W37-'Entries Feb.''25'!W36) -> 0 | G36: =(D36+E36)-F36 -> 0 | H36: =IF('Entries Feb.''25'!R37-'Entries Feb.''25'!R36<1,0,'Entries Feb.''25'!R37-'Entries Feb.''25'!R36) -> 0 | I36: =IF('Entries Feb.''25'!AH37-'Entries Feb.''25'!AH36<1,0,'Entries Feb.''25'!AH37-'Entries Feb.''25'!AH36) -> 0 | J36: =IF('Entries Feb.''25'!T37-'Entries Feb.''25'!T36<1,"0",'Entries Feb.''25'!T37-'Entries Feb.''25'!T36) -> 0 | K36: =IF('Entries Feb.''25'!S37-'Entries Feb.''25'!S36<1,"0",'Entries Feb.''25'!S37-'Entries Feb.''25'!S36) -> 0 | L36: =IF('Entries Feb.''25'!U37-'Entries Feb.''25'!U36<1,"0",'Entries Feb.''25'!U37-'Entries Feb.''25'!U36) -> 0 | M36: =IF('Entries Feb.''25'!V37-'Entries Feb.''25'!V36<1,"0",'Entries Feb.''25'!V37-'Entries Feb.''25'!V36) -> 0 | N36: =IF('Entries Feb.''25'!Y37-'Entries Feb.''25'!Y36<1,"0",'Entries Feb.''25'!Y37-'Entries Feb.''25'!Y36) -> 0 | O36: =IF('Entries Feb.''25'!Z37-'Entries Feb.''25'!Z36<1,"0",'Entries Feb.''25'!Z37-'Entries Feb.''25'!Z36) -> 0 | P36: =IF('Entries Feb.''25'!AA37-'Entries Feb.''25'!AA36<1,"0",'Entries Feb.''25'!AA37-'Entries Feb.''25'!AA36) -> 0 | Q36: =IF(('Entries Feb.''25'!AB40-'Entries Feb.''25'!AB36)+('Entries Feb.''25'!AC37-'Entries Feb.''25'!AC36)<1,"0",('Entries Feb.''25'!AB40-'Entries Feb.''25'!AB36)+('Entries Feb.''25'!AC37-'Entries Feb.''25'!AC36)) -> 0 | R36: =(Q36+G36)*10 -> 0 | S36: =O36+N36+M36+L36 -> 0 | T36: =IF('Entries Feb.''25'!AD37-'Entries Feb.''25'!AD36<1,"0",'Entries Feb.''25'!AD37-'Entries Feb.''25'!AD36) -> 0 | U36: ='Entries Feb.''25'!AE37-'Entries Feb.''25'!AE36 -> 0 | V36: ='Entries Feb.''25'!AF37-'Entries Feb.''25'!AF36 -> 0 | W36: =IF('Entries Feb.''25'!#REF!-'Entries Feb.''25'!AI37<1,"0",'Entries Feb.''25'!#REF!-'Entries Feb.''25'!AI37) -> #REF! | X36: =IF('Entries Feb.''25'!AJ37-'Entries Feb.''25'!AJ36<1,"0",'Entries Feb.''25'!AJ37-'Entries Feb.''25'!AJ36) -> 0 | Z36: ='PROD.FIG. '!H34 -> 0 | AA36: =R36/Z36 -> #DIV/0!
B37: 31 | C37: =IF('Entries Feb.''25'!X38-'Entries Feb.''25'!X37<1,"0",'Entries Feb.''25'!X38-'Entries Feb.''25'!X37) -> 0 | D37: =IF('Entries Feb.''25'!P38-'Entries Feb.''25'!P37<1,"0",'Entries Feb.''25'!P38-'Entries Feb.''25'!P37) -> 0 | E37: =IF('Entries Feb.''25'!Q38-'Entries Feb.''25'!Q37<1,"0",'Entries Feb.''25'!Q38-'Entries Feb.''25'!Q37) -> 0 | F37: =IF('Entries Feb.''25'!W38-'Entries Feb.''25'!W37<1,"0",'Entries Feb.''25'!W38-'Entries Feb.''25'!W37) -> 0 | G37: =(D37+E37)-F37 -> 0 | H37: =IF('Entries Feb.''25'!R38-'Entries Feb.''25'!R37<1,0,'Entries Feb.''25'!R38-'Entries Feb.''25'!R37) -> 0 | I37: =IF('Entries Feb.''25'!AH38-'Entries Feb.''25'!AH37<1,0,'Entries Feb.''25'!AH38-'Entries Feb.''25'!AH37) -> 0 | J37: =IF('Entries Feb.''25'!T38-'Entries Feb.''25'!T37<1,"0",'Entries Feb.''25'!T38-'Entries Feb.''25'!T37) -> 0 | K37: =IF('Entries Feb.''25'!S38-'Entries Feb.''25'!S37<1,"0",'Entries Feb.''25'!S38-'Entries Feb.''25'!S37) -> 0 | L37: =IF('Entries Feb.''25'!U38-'Entries Feb.''25'!U37<1,"0",'Entries Feb.''25'!U38-'Entries Feb.''25'!U37) -> 0 | M37: =IF('Entries Feb.''25'!V38-'Entries Feb.''25'!V37<1,"0",'Entries Feb.''25'!V38-'Entries Feb.''25'!V37) -> 0 | N37: =IF('Entries Feb.''25'!Y38-'Entries Feb.''25'!Y37<1,"0",'Entries Feb.''25'!Y38-'Entries Feb.''25'!Y37) -> 0 | O37: =IF('Entries Feb.''25'!Z38-'Entries Feb.''25'!Z37<1,"0",'Entries Feb.''25'!Z38-'Entries Feb.''25'!Z37) -> 0 | P37: =IF('Entries Feb.''25'!AA38-'Entries Feb.''25'!AA37<1,"0",'Entries Feb.''25'!AA38-'Entries Feb.''25'!AA37) -> 0 | Q37: =IF(('Entries Feb.''25'!AB41-'Entries Feb.''25'!AB37)+('Entries Feb.''25'!AC38-'Entries Feb.''25'!AC37)<1,"0",('Entries Feb.''25'!AB41-'Entries Feb.''25'!AB37)+('Entries Feb.''25'!AC38-'Entries Feb.''25'!AC37)) -> 0 | R37: =(Q37+G37)*10 -> 0 | S37: =O37+N37+M37+L37 -> 0 | T37: =IF('Entries Feb.''25'!AD38-'Entries Feb.''25'!AD37<1,"0",'Entries Feb.''25'!AD38-'Entries Feb.''25'!AD37) -> 0 | U37: ='Entries Feb.''25'!AE38-'Entries Feb.''25'!AE37 -> 0 | V37: ='Entries Feb.''25'!AF38-'Entries Feb.''25'!AF37 -> 0 | W37: =IF('Entries Feb.''25'!AI38-'Entries Feb.''25'!#REF!<1,"0",'Entries Feb.''25'!AI38-'Entries Feb.''25'!#REF!) -> #REF! | X37: =IF('Entries Feb.''25'!AJ38-'Entries Feb.''25'!AJ37<1,"0",'Entries Feb.''25'!AJ38-'Entries Feb.''25'!AJ37) -> 0 | Z37: ='PROD.FIG. '!H35 -> 0 | AA37: =R37/Z37 -> #DIV/0!
A38: MTD | B38: total | C38: =SUM(C7:C37) -> 0 | D38: =SUM(D7:D37) -> 3774 | E38: =SUM(E7:E37) -> 4662 | F38: =SUM(F7:F37) -> 4912 | G38: =SUM(G7:G37) -> 3524 | J38: =SUM(J7:J37) -> 4279 | L38: =SUM(L7:L37) -> 0 | M38: =SUM(M7:M37) -> 98 | N38: =SUM(N7:N37) -> 1013 | O38: =SUM(O7:O37) -> 1464 | P38: =SUM(P7:P37) -> 621 | Q38: =SUM(Q7:Q37) -> 0 | R38: =SUM(R7:R37) -> 35240 | S38: =SUM(S7:S37) -> 2575 | Z38: =SUM(Z7:Z37) -> 0 | AA38: =SUM(AA7:AA37) -> #DIV/0!
B40: Gals. | D40: =D38*220 -> 830280
B41: NAWASA Cost/gal | D41: 0.01581
B43: Proxy NAWASA water Cost | D43: =+D41*D40 -> 13126.727 | F43: 1 | G43: =+$P7 -> 41
B44: Add basic charge | D44: 278.97 | F44: 2 | G44: =+$P8 -> 18 | L44: ='Water '!$T$19 -> 23 | M44: ='Water '!$T$20 -> 17 | N44: ='Water '!$T$21 -> 2 | O44: ='Water '!$T$22 -> 0 | P44: ='Water '!$T$23 -> 23 | Q44: ='Water '!$T$24 -> 19 | R44: ='Water '!$T$23 -> 23 | S44: ='Water '!$T$23 -> 23 | T44: ='Water '!$T$25 -> 22 | Y44: ='Water '!$T$26 -> 12 | Z44: ='Water '!$T$27 -> 11 | AA44: ='Water '!$T$28 -> 0 | AB44: ='Water '!$T$29 -> 0 | AC44: ='Water '!$T$30 -> 18 | AD44: ='Water '!$T$31 -> 23 | AE44: ='Water '!$T$32 -> 17 | AF44: ='Water '!$T$33 -> 23 | AG44: ='Water '!$T$34 -> 20 | AH44: ='Water '!$T$35 -> 0 | AI44: ='Water '!$T$36 -> 0 | AJ44: ='Water '!$T$37 -> 0
D45: =SUM(D43:D44) -> 13405.697 | F45: 3 | G45: =+$P9 -> 60
F46: 4 | G46: =+$P10 -> 51
B47: Proxy sewage charge (2/3) | D47: =+D45*2/3 -> 8937.1312 | F47: 5 | G47: =+$P11 -> 42
F48: 6 | G48: =+$P12 -> 32
B49: Proxy MTD NAWASA cost | D49: =SUM(D47,D45) -> 22342.828 | F49: 7 | G49: =+$P13 -> 0
F50: 8 | G50: =+$P14 -> 8
F51: 9 | G51: =+$P15 -> 8
F52: 10 | G52: =+$P16 -> 22
F53: 11 | G53: =+$P17 -> 27
F54: 12 | G54: =+$P18 -> 31
F55: 13 | G55: =+$P19 -> 28
F56: 14 | G56: =+$P20 -> 22
F57: 15 | G57: =+$P21 -> 8
F58: 16 | G58: =+$P22 -> 11
F59: 17 | G59: =+$P23 -> 23
F60: 18 | G60: =+$P24 -> 26
F61: 19 | G61: =+$P25 -> 33
... F73: 31 | G73: =+$P37 -> 0
F75: 1 | G75: =J7 -> 0
F76: 2 | G76: =J8 -> 0
F77: 3 | G77: =J9 -> 198
F78: 4 | G78: =J10 -> 181
F79: 5 | G79: =J11 -> 278
F80: 6 | G80: =J12 -> 218
F81: 7 | G81: =J13 -> 0
F82: 8 | G82: =J14 -> 5
F83: 9 | G83: =J15 -> 0
F84: 10 | G84: =J16 -> 185
F85: 11 | G85: =J17 -> 265
F86: 12 | G86: =J18 -> 215
... F105: 31 | G105: =J37 -> 0

Sheet Elec.Feb'25
A1: DAILY ELECTRICITY CONSUMPTION FOR Oct. 20
B4: Grenlec | C4: In -house | D4: Total Cons.
A5: DATE | B5: In-feed (Kwhr) | C5: Gen. (Kwhr) | D5: (Kwhr) | E5: Total Prod. | F5: Elect
A6: - | F6: KWH/Hl
A7: 1 | B7: =IF('Entries Feb.''25'!I8-'Entries Feb.''25'!I7+'Entries Feb.''25'!J8-'Entries Feb.''25'!J7<0,"0",'Entries Feb.''25'!I8-'Entries Feb.''25'!I7+'Entries Feb.''25'!J8-'Entries Feb.''25'!J7) -> 5855 | C7: 0 | D7: =B7+C7 -> 5855 | E7: ='PROD.FIG. '!H5 -> 0 | F7: =SUM(D7/E7) -> #DIV/0!
A8: 2 | B8: =IF('Entries Feb.''25'!I9-'Entries Feb.''25'!I8+'Entries Feb.''25'!J9-'Entries Feb.''25'!J8<0,"0",'Entries Feb.''25'!I9-'Entries Feb.''25'!I8+'Entries Feb.''25'!J9-'Entries Feb.''25'!J8) -> 3460 | D8: =B8+C8 -> 3460 | E8: ='PROD.FIG. '!C6 -> 0 | F8: =SUM(D8/E8) -> #DIV/0! | G8: ='Entries Feb.''25'!I9-'Entries Feb.''25'!I8 -> 1292 | H8: ='Entries Feb.''25'!J10-'Entries Feb.''25'!J9 -> 3826 | I8: =G8+H8 -> 5118 | J8: =I8/'PROD.FIG. '!H6 -> #DIV/0!
A9: 3 | B9: =IF('Entries Feb.''25'!I10-'Entries Feb.''25'!I9+'Entries Feb.''25'!J10-'Entries Feb.''25'!J9<0,"0",'Entries Feb.''25'!I10-'Entries Feb.''25'!I9+'Entries Feb.''25'!J10-'Entries Feb.''25'!J9) -> 7875 | D9: =B9+C9 -> 7875 | E9: ='PROD.FIG. '!C7 -> 0 | F9: =SUM(D9/E9) -> #DIV/0!
A10: 4 | B10: =IF('Entries Feb.''25'!I11-'Entries Feb.''25'!I10+'Entries Feb.''25'!J11-'Entries Feb.''25'!J10<0,"0",'Entries Feb.''25'!I11-'Entries Feb.''25'!I10+'Entries Feb.''25'!J11-'Entries Feb.''25'!J10) -> 7756 | C10: 0 | D10: =B10+C10 -> 7756 | E10: ='PROD.FIG. '!C8 -> 0 | F10: =SUM(D10/E10) -> #DIV/0!
A11: 5 | B11: =IF('Entries Feb.''25'!I12-'Entries Feb.''25'!I11+'Entries Feb.''25'!J12-'Entries Feb.''25'!J11<0,"0",'Entries Feb.''25'!I12-'Entries Feb.''25'!I11+'Entries Feb.''25'!J12-'Entries Feb.''25'!J11) -> 8477 | D11: =B11+C11 -> 8477 | E11: ='PROD.FIG. '!C9 -> 0 | F11: =SUM(D11/E11) -> #DIV/0!
A12: 6 | B12: =IF('Entries Feb.''25'!I13-'Entries Feb.''25'!I12+'Entries Feb.''25'!J13-'Entries Feb.''25'!J12<0,"0",'Entries Feb.''25'!I13-'Entries Feb.''25'!I12+'Entries Feb.''25'!J13-'Entries Feb.''25'!J12) -> 7797 | D12: =B12+C12 -> 7797 | E12: ='PROD.FIG. '!C10 -> 0 | F12: =SUM(D12/E12) -> #DIV/0!
A13: 7 | B13: =IF('Entries Feb.''25'!I14-'Entries Feb.''25'!I13+'Entries Feb.''25'!J14-'Entries Feb.''25'!J13<0,"0",'Entries Feb.''25'!I14-'Entries Feb.''25'!I13+'Entries Feb.''25'!J14-'Entries Feb.''25'!J13) -> 3697 | D13: =B13+C13 -> 3697 | E13: ='PROD.FIG. '!C11 -> 0 | F13: =SUM(D13/E13) -> #DIV/0!
A14: 8 | B14: =IF('Entries Feb.''25'!I15-'Entries Feb.''25'!I14+'Entries Feb.''25'!J15-'Entries Feb.''25'!J14<0,"0",'Entries Feb.''25'!I15-'Entries Feb.''25'!I14+'Entries Feb.''25'!J15-'Entries Feb.''25'!J14) -> 4659 | D14: =B14+C14 -> 4659 | E14: ='PROD.FIG. '!C12 -> 0 | F14: =SUM(D14/E14) -> #DIV/0!
A15: 9 | B15: =IF('Entries Feb.''25'!I16-'Entries Feb.''25'!I15+'Entries Feb.''25'!J16-'Entries Feb.''25'!J15<0,"0",'Entries Feb.''25'!I16-'Entries Feb.''25'!I15+'Entries Feb.''25'!J16-'Entries Feb.''25'!J15) -> 5407 | D15: =B15+C15 -> 5407 | E15: ='PROD.FIG. '!C13 -> 0 | F15: =SUM(D15/E15) -> #DIV/0!
A16: 10 | B16: =IF('Entries Feb.''25'!I17-'Entries Feb.''25'!I16+'Entries Feb.''25'!J17-'Entries Feb.''25'!J16<0,"0",'Entries Feb.''25'!I17-'Entries Feb.''25'!I16+'Entries Feb.''25'!J17-'Entries Feb.''25'!J16) -> 6755 | D16: =B16+C16 -> 6755 | E16: ='PROD.FIG. '!C14 -> 0 | F16: =SUM(D16/E16) -> #DIV/0!
A17: 11 | B17: =IF('Entries Feb.''25'!I18-'Entries Feb.''25'!I17+'Entries Feb.''25'!J18-'Entries Feb.''25'!J17<0,"0",'Entries Feb.''25'!I18-'Entries Feb.''25'!I17+'Entries Feb.''25'!J18-'Entries Feb.''25'!J17) -> 8429 | D17: =B17+C17 -> 8429 | E17: ='PROD.FIG. '!C15 -> 0 | F17: =SUM(D17/E17) -> #DIV/0!
A18: 12 | B18: =IF('Entries Feb.''25'!I19-'Entries Feb.''25'!I18+'Entries Feb.''25'!J19-'Entries Feb.''25'!J18<0,"0",'Entries Feb.''25'!I19-'Entries Feb.''25'!I18+'Entries Feb.''25'!J19-'Entries Feb.''25'!J18) -> 8273 | D18: =B18+C18 -> 8273 | E18: ='PROD.FIG. '!H16 -> 0 | F18: =SUM(D18/E18) -> #DIV/0!
A19: 13 | B19: =IF('Entries Feb.''25'!I20-'Entries Feb.''25'!I19+'Entries Feb.''25'!J20-'Entries Feb.''25'!J19<0,"0",'Entries Feb.''25'!I20-'Entries Feb.''25'!I19+'Entries Feb.''25'!J20-'Entries Feb.''25'!J19) -> 8452 | D19: =B19+C19 -> 8452 | E19: ='PROD.FIG. '!H17 -> 0 | F19: =SUM(D19/E19) -> #DIV/0!
A20: 14 | B20: =IF('Entries Feb.''25'!I21-'Entries Feb.''25'!I20+'Entries Feb.''25'!J21-'Entries Feb.''25'!J20<0,"0",'Entries Feb.''25'!I21-'Entries Feb.''25'!I20+'Entries Feb.''25'!J21-'Entries Feb.''25'!J20) -> 7340 | D20: =B20+C20 -> 7340 | E20: ='PROD.FIG. '!H18 -> 0 | F20: =SUM(D20/E20) -> #DIV/0!
A21: 15 | B21: =IF('Entries Feb.''25'!I22-'Entries Feb.''25'!I21+'Entries Feb.''25'!J22-'Entries Feb.''25'!J21<0,"0",'Entries Feb.''25'!I22-'Entries Feb.''25'!I21+'Entries Feb.''25'!J22-'Entries Feb.''25'!J21) -> 4100 | D21: =B21+C21 -> 4100 | E21: ='PROD.FIG. '!H19 -> 0 | F21: =SUM(D21/E21) -> #DIV/0!
A22: 16 | B22: =IF('Entries Feb.''25'!I23-'Entries Feb.''25'!I22+'Entries Feb.''25'!J23-'Entries Feb.''25'!J22<0,"0",'Entries Feb.''25'!I23-'Entries Feb.''25'!I22+'Entries Feb.''25'!J23-'Entries Feb.''25'!J22) -> 4256 | D22: =B22+C22 -> 4256 | E22: ='PROD.FIG. '!H20 -> 0 | F22: =SUM(D22/E22) -> #DIV/0!
A23: 17 | B23: =IF('Entries Feb.''25'!I24-'Entries Feb.''25'!I23+'Entries Feb.''25'!J24-'Entries Feb.''25'!J23<0,"0",'Entries Feb.''25'!I24-'Entries Feb.''25'!I23+'Entries Feb.''25'!J24-'Entries Feb.''25'!J23) -> 7897 | D23: =B23+C23 -> 7897 | E23: ='PROD.FIG. '!H21 -> 0 | F23: =SUM(D23/E23) -> #DIV/0!
A24: 18 | B24: =IF('Entries Feb.''25'!I25-'Entries Feb.''25'!I24+'Entries Feb.''25'!J25-'Entries Feb.''25'!J24<0,"0",'Entries Feb.''25'!I25-'Entries Feb.''25'!I24+'Entries Feb.''25'!J25-'Entries Feb.''25'!J24) -> 8686 | D24: =B24+C24 -> 8686 | E24: ='PROD.FIG. '!H22 -> 0 | F24: =SUM(D24/E24) -> #DIV/0!
A25: 19 | B25: =IF('Entries Feb.''25'!I26-'Entries Feb.''25'!I25+'Entries Feb.''25'!J26-'Entries Feb.''25'!J25<0,"0",'Entries Feb.''25'!I26-'Entries Feb.''25'!I25+'Entries Feb.''25'!J26-'Entries Feb.''25'!J25) -> 8826 | D25: =B25+C25 -> 8826 | E25: ='PROD.FIG. '!H23 -> 0 | F25: =SUM(D25/E25) -> #DIV/0!
A26: 20 | B26: =IF('Entries Feb.''25'!I27-'Entries Feb.''25'!I26+'Entries Feb.''25'!J27-'Entries Feb.''25'!J26<0,"0",'Entries Feb.''25'!I27-'Entries Feb.''25'!I26+'Entries Feb.''25'!J27-'Entries Feb.''25'!J26) -> 8615 | D26: =B26+C26 -> 8615 | E26: ='PROD.FIG. '!H24 -> 0 | F26: =SUM(D26/E26) -> #DIV/0!
A27: 21 | B27: =IF('Entries Feb.''25'!I28-'Entries Feb.''25'!I27+'Entries Feb.''25'!J28-'Entries Feb.''25'!J27<0,"0",'Entries Feb.''25'!I28-'Entries Feb.''25'!I27+'Entries Feb.''25'!J28-'Entries Feb.''25'!J27) -> 8074 | D27: =B27+C27 -> 8074 | E27: ='PROD.FIG. '!H25 -> 0 | F27: =SUM(D27/E27) -> #DIV/0!
A28: 22 | B28: =IF('Entries Feb.''25'!I29-'Entries Feb.''25'!I28+'Entries Feb.''25'!J29-'Entries Feb.''25'!J28<0,"0",'Entries Feb.''25'!I29-'Entries Feb.''25'!I28+'Entries Feb.''25'!J29-'Entries Feb.''25'!J28) -> 4355 | D28: =B28+C28 -> 4355 | E28: ='PROD.FIG. '!H26 -> 0 | F28: =SUM(D28/E28) -> #DIV/0!
A29: 23 | B29: =IF('Entries Feb.''25'!I30-'Entries Feb.''25'!I29+'Entries Feb.''25'!J30-'Entries Feb.''25'!J29<0,"0",'Entries Feb.''25'!I30-'Entries Feb.''25'!I29+'Entries Feb.''25'!J30-'Entries Feb.''25'!J29) -> 4880 | D29: =B29+C29 -> 4880 | E29: ='PROD.FIG. '!H27 -> 0 | F29: =SUM(D29/E29) -> #DIV/0!
... A37: 31 | B37: =IF('Entries Feb.''25'!I38-'Entries Feb.''25'!I37+'Entries Feb.''25'!J38-'Entries Feb.''25'!J37<0,"0",'Entries Feb.''25'!I38-'Entries Feb.''25'!I37+'Entries Feb.''25'!J38-'Entries Feb.''25'!J37) -> 0 | D37: =B37+C37 -> 0 | E37: ='PROD.FIG. '!H35 -> 0 | F37: =SUM(D37/E37) -> #DIV/0!
A38: MTD | B38: =SUM(B7:B37) -> 194364 | D38: =SUM(D7:D37) -> 194364
D40: =SUM(D4:D33) -> 186376

Sheet PROD.FIG. 
A1: PRODUCTION FOR MAR. 2012
B3: DATE
B4: - | C4: BOTTLED (Hl) | D4: KEGS (Hl) | E4: OTHER (Filtered) | F4: Brewed | G4: Transferred | H4: TOTAL ( Hls)
A5: Sunday | B5: 1 | H5: =C5 -> 0
A6: Monday | B6: 2
A7: Tuesday | B7: 3
A8: Wednesday | B8: 4
A9: Thursday | B9: 5
A10: Friday | B10: 6
A11: Saturday | B11: 7
A12: Sunday | B12: 8
A13: Monday | B13: 9
A14: Tuesday | B14: 10
A15: Wednesday | B15: 11
A16: Thursday | B16: 12
A17: Friday | B17: 13
... A33: Sunday | B33: 29

Sheet Water Analysis. '25
F1: DAILY WATER CONSUMPTION FOR FEBRUARY 2025
B4: Nawasa | C4: Nawasa Daily | D4: Service Water | E4: RO - Well | F4: RO - Nawasa | G4: RO - Nawasa | H4: Permeate #1 | I4: Permeate #1 | J4: Permeate #2 | K4: Permeate #2 | L4: Total Permeate | M4: Brewhouse | N4: Bottle Filler | O4: Plant Cons
A5: DATE | B5: Supply (m3) | C5: Consump. (m3) | D5: Consump (m3) | E5: Intake (m3) | F5: Intake (m3) | G5: Consump. (m3) | H5: (m3) | I5: Produced (m3) | J5: (m3) | K5: Produced (m3) | L5: Produced (m3) | M5: (m3) | N5: (m3) | O5: Tot.(Hl) | P5: Comments | Q5: Total Prod. | R5: Water
A6: 31 | R6: Hl/Hl
A7: 1 | B7: ='Entries Feb.''25'!P7 -> 166764 | C7: =B8-B7 -> 0 | D7: =C7-G7 -> -1250258 | E7: ='Entries Feb.''25'!Z7 -> 27709 | F7: ='Entries Feb.''25'!Y7 -> 30060 | G7: =F8-F7 -> 1250258 | H7: ='Entries Feb.''25'!V7 -> 20538 | I7: =H8-H7 -> 10282 | J7: ='Entries Feb.''25'!W7 -> 1280318 | K7: =J8-J7 -> -1280318 | L7: =K7+I7 -> -1270036 | M7: ='Entries Feb.''25'!S7 -> 0 | O7: =C7+D7+G7 -> 0 | R7: =SUM(O7/Q7) -> #DIV/0!
A8: 2 | B8: ='Entries Feb.''25'!P8 -> 166764 | C8: =B9-B8 -> 2 | D8: =C8-G8 -> -350 | E8: ='Entries Feb.''25'!X8 -> 0 | F8: ='Entries Feb.''25'!W8 -> 1280318 | G8: =F9-F8 -> 352 | H8: ='Entries Feb.''25'!T8 -> 30820 | I8: =H9-H8 -> 0 | J8: ='Entries Feb.''25'!U8 -> 0 | K8: =J9-J8 -> 0 | L8: =K8+I8 -> 0 | M8: ='Entries Feb.''25'!S8 -> 0 | O8: =C8+D8+G8 -> 4 | R8: =SUM(O8/Q8) -> #DIV/0!
A9: 3 | B9: ='Entries Feb.''25'!P9 -> 166766 | C9: =B10-B9 -> 72 | D9: =C9-G9 -> -125 | E9: ='Entries Feb.''25'!X9 -> 0 | F9: ='Entries Feb.''25'!W9 -> 1280670 | G9: =F10-F9 -> 197 | H9: ='Entries Feb.''25'!T9 -> 30820 | I9: =H10-H9 -> 198 | J9: ='Entries Feb.''25'!U9 -> 0 | K9: =J10-J9 -> 0 | L9: =K9+I9 -> 198 | M9: ='Entries Feb.''25'!S11 -> 0 | O9: =C9+D9+G9 -> 144 | R9: =SUM(O9/Q9) -> #DIV/0!
A10: 4 | B10: ='Entries Feb.''25'!P10 -> 166838 | C10: =B11-B10 -> 153 | D10: =C10-G10 -> -66 | E10: ='Entries Feb.''25'!X10 -> 0 | F10: ='Entries Feb.''25'!W10 -> 1280867 | G10: =F11-F10 -> 219 | H10: ='Entries Feb.''25'!T10 -> 31018 | I10: =H11-H10 -> 181 | J10: ='Entries Feb.''25'!U10 -> 0 | K10: =J11-J10 -> 0 | L10: =K10+I10 -> 181 | M10: ='Entries Feb.''25'!S10 -> 0 | O10: =C10+D10+G10 -> 306 | R10: =SUM(O10/Q10) -> #DIV/0!
A11: 5 | B11: ='Entries Feb.''25'!P11 -> 166991 | C11: =B12-B11 -> 288 | D11: =C11-G11 -> 139 | E11: ='Entries Feb.''25'!X11 -> 0 | F11: ='Entries Feb.''25'!W11 -> 1281086 | G11: =F12-F11 -> 149 | H11: ='Entries Feb.''25'!T11 -> 31199 | I11: =H12-H11 -> 278 | J11: ='Entries Feb.''25'!U11 -> 0 | K11: =J12-J11 -> 0 | L11: =K11+I11 -> 278 | M11: ='Entries Feb.''25'!S11 -> 0 | O11: =C11+D11+G11 -> 576 | R11: =SUM(O11/Q11) -> #DIV/0!
A12: 6 | B12: ='Entries Feb.''25'!P12 -> 167279 | C12: =B13-B12 -> 147 | D12: =C12-G12 -> -77 | E12: ='Entries Feb.''25'!X12 -> 0 | F12: ='Entries Feb.''25'!W12 -> 1281235 | G12: =F13-F12 -> 224 | H12: ='Entries Feb.''25'!T12 -> 31477 | I12: =H13-H12 -> 218 | J12: ='Entries Feb.''25'!U12 -> 0 | K12: =J13-J12 -> 20553 | L12: =K12+I12 -> 20771 | M12: ='Entries Feb.''25'!S12 -> 0 | O12: =C12+D12+G12 -> 294 | R12: =SUM(O12/Q12) -> #DIV/0!
A13: 7 | B13: ='Entries Feb.''25'!P13 -> 167426 | C13: =B14-B13 -> 299 | D13: =C13-G13 -> 299 | E13: ='Entries Feb.''25'!X13 -> 0 | F13: ='Entries Feb.''25'!W13 -> 1281459 | G13: =F14-F13 -> 0 | H13: ='Entries Feb.''25'!T13 -> 31695 | I13: =H14-H13 -> 0 | J13: ='Entries Feb.''25'!V13 -> 20553 | K13: =J14-J13 -> -20553 | L13: =K13+I13 -> -20553 | M13: ='Entries Feb.''25'!S13 -> 0 | O13: =C13+D13+G13 -> 598 | R13: =SUM(O13/Q13) -> #DIV/0!
A14: 8 | B14: ='Entries Feb.''25'!P14 -> 167725 | C14: =B15-B14 -> 55 | D14: =C14-G14 -> 19 | E14: ='Entries Feb.''25'!X14 -> 0 | F14: ='Entries Feb.''25'!W14 -> 1281459 | G14: =F15-F14 -> 36 | H14: ='Entries Feb.''25'!T14 -> 31695 | I14: =H15-H14 -> 5 | J14: ='Entries Feb.''25'!U14 -> 0 | K14: =J15-J14 -> 0 | L14: =K14+I14 -> 5 | M14: ='Entries Feb.''25'!S14 -> 0 | O14: =C14+D14+G14 -> 110 | R14: =SUM(O14/Q14) -> #DIV/0!
A15: 9 | B15: ='Entries Feb.''25'!P15 -> 167780 | C15: =B16-B15 -> 117 | D15: =C15-G15 -> 117 | E15: ='Entries Feb.''25'!X15 -> 0 | F15: ='Entries Feb.''25'!W15 -> 1281495 | G15: =F16-F15 -> 0 | H15: ='Entries Feb.''25'!T15 -> 31700 | I15: =H16-H15 -> 0 | J15: ='Entries Feb.''25'!U15 -> 0 | K15: =J16-J15 -> 0 | L15: =K15+I15 -> 0 | M15: ='Entries Feb.''25'!S15 -> 0 | O15: =C15+D15+G15 -> 234 | R15: =SUM(O15/Q15) -> #DIV/0!
A16: 10 | B16: ='Entries Feb.''25'!P16 -> 167897 | C16: =B17-B16 -> 207 | D16: =C16-G16 -> 132 | E16: ='Entries Feb.''25'!X16 -> 0 | F16: ='Entries Feb.''25'!W16 -> 1281495 | G16: =F17-F16 -> 75 | H16: ='Entries Feb.''25'!T16 -> 31700 | I16: =H17-H16 -> 185 | J16: ='Entries Feb.''25'!U16 -> 0 | K16: =J17-J16 -> 0 | L16: =K16+I16 -> 185 | M16: ='Entries Feb.''25'!S16 -> 0 | O16: =C16+D16+G16 -> 414 | R16: =SUM(O16/Q16) -> #DIV/0!
A17: 11 | B17: ='Entries Feb.''25'!P17 -> 168104 | C17: =B18-B17 -> 156 | D17: =C17-G17 -> -74 | E17: ='Entries Feb.''25'!X17 -> 0 | F17: ='Entries Feb.''25'!W17 -> 1281570 | G17: =F18-F17 -> 230 | H17: ='Entries Feb.''25'!T17 -> 31885 | I17: =H18-H17 -> 265 | J17: ='Entries Feb.''25'!U17 -> 0 | K17: =J18-J17 -> 0 | L17: =K17+I17 -> 265 | M17: ='Entries Feb.''25'!S17 -> 0 | O17: =C17+D17+G17 -> 312 | R17: =SUM(O17/Q17) -> #DIV/0!
A18: 12 | B18: ='Entries Feb.''25'!P18 -> 168260 | C18: =B19-B18 -> 277 | D18: =C18-G18 -> 100 | E18: ='Entries Feb.''25'!X18 -> 0 | F18: ='Entries Feb.''25'!W18 -> 1281800 | G18: =F19-F18 -> 177 | H18: ='Entries Feb.''25'!T18 -> 32150 | I18: =H19-H18 -> 215 | J18: ='Entries Feb.''25'!U18 -> 0 | K18: =J19-J18 -> 0 | L18: =K18+I18 -> 215 | M18: ='Entries Feb.''25'!S18 -> 0 | O18: =C18+D18+G18 -> 554 | R18: =SUM(O18/Q18) -> #DIV/0!
A19: 13 | B19: ='Entries Feb.''25'!P19 -> 168537 | C19: =B20-B19 -> 171 | D19: =C19-G19 -> -99 | E19: ='Entries Feb.''25'!X19 -> 0 | F19: ='Entries Feb.''25'!W19 -> 1281977 | G19: =F20-F19 -> 270 | H19: ='Entries Feb.''25'!T19 -> 32365 | I19: =H20-H19 -> 258 | J19: ='Entries Feb.''25'!U19 -> 0 | K19: =J20-J19 -> 0 | L19: =K19+I19 -> 258 | M19: ='Entries Feb.''25'!S19 -> 0 | N19: ='Entries Feb.''25'!AD20-'Entries Feb.''25'!AD19 -> 23 | O19: =C19+D19+G19 -> 342 | R19: =SUM(O19/Q19) -> #DIV/0!
A20: 14 | B20: ='Entries Feb.''25'!P20 -> 168708 | C20: =B21-B20 -> 214 | D20: =C20-G20 -> -55 | E20: ='Entries Feb.''25'!X20 -> 0 | F20: ='Entries Feb.''25'!W20 -> 1282247 | G20: =F21-F20 -> 269 | H20: ='Entries Feb.''25'!T20 -> 32623 | I20: =H21-H20 -> 209 | J20: ='Entries Feb.''25'!U20 -> 0 | K20: =J21-J20 -> 0 | L20: =K20+I20 -> 209 | M20: ='Entries Feb.''25'!S20 -> 0 | N20: ='Entries Feb.''25'!AD21-'Entries Feb.''25'!AD20 -> 17 | O20: =C20+D20+G20 -> 428 | R20: =SUM(O20/Q20) -> #DIV/0!
A21: 15 | B21: ='Entries Feb.''25'!P21 -> 168922 | C21: =B22-B21 -> 0 | D21: =C21-G21 -> -200 | E21: ='Entries Feb.''25'!X21 -> 0 | F21: ='Entries Feb.''25'!W21 -> 1282516 | G21: =F22-F21 -> 200 | H21: ='Entries Feb.''25'!T21 -> 32832 | I21: =H22-H21 -> 0 | J21: ='Entries Feb.''25'!U21 -> 0 | K21: =J22-J21 -> 0 | L21: =K21+I21 -> 0 | M21: ='Entries Feb.''25'!S21 -> 0 | N21: ='Entries Feb.''25'!AD22-'Entries Feb.''25'!AD21 -> 2 | O21: =C21+D21+G21 -> 0 | R21: =SUM(O21/Q21) -> #DIV/0!
A22: 16 | B22: ='Entries Feb.''25'!P22 -> 168922 | C22: =B23-B22 -> 50 | D22: =C22-G22 -> 50 | E22: ='Entries Feb.''25'!X22 -> 0 | F22: ='Entries Feb.''25'!W22 -> 1282716 | G22: =F23-F22 -> 0 | H22: ='Entries Feb.''25'!T22 -> 32832 | I22: =H23-H22 -> 0 | J22: ='Entries Feb.''25'!U22 -> 0 | K22: =J23-J22 -> 0 | L22: =K22+I22 -> 0 | M22: ='Entries Feb.''25'!S22 -> 0 | N22: ='Entries Feb.''25'!AD23-'Entries Feb.''25'!AD22 -> 0 | O22: =C22+D22+G22 -> 100 | R22: =SUM(O22/Q22) -> #DIV/0!
A23: 17 | B23: ='Entries Feb.''25'!P23 -> 168972 | C23: =B24-B23 -> 136 | D23: =C23-G23 -> -75 | E23: ='Entries Feb.''25'!X23 -> 0 | F23: ='Entries Feb.''25'!W23 -> 1282716 | G23: =F24-F23 -> 211 | H23: ='Entries Feb.''25'!T23 -> 32832 | I23: =H24-H23 -> 227 | J23: ='Entries Feb.''25'!U23 -> 0 | K23: =J24-J23 -> 0 | L23: =K23+I23 -> 227 | M23: ='Entries Feb.''25'!S23 -> 0 | N23: ='Entries Feb.''25'!AD24-'Entries Feb.''25'!AD23 -> 23 | O23: =C23+D23+G23 -> 272 | R23: =SUM(O23/Q23) -> #DIV/0!
A24: 18 | B24: ='Entries Feb.''25'!P24 -> 169108 | C24: =B25-B24 -> 261 | D24: =C24-G24 -> 121 | E24: ='Entries Feb.''25'!X24 -> 0 | F24: ='Entries Feb.''25'!W24 -> 1282927 | G24: =F25-F24 -> 140 | H24: ='Entries Feb.''25'!T24 -> 33059 | I24: =H25-H24 -> 209 | J24: ='Entries Feb.''25'!U24 -> 0 | K24: =J25-J24 -> 0 | L24: =K24+I24 -> 209 | M24: ='Entries Feb.''25'!S24 -> 0 | N24: ='Entries Feb.''25'!AD25-'Entries Feb.''25'!AD24 -> 19 | O24: =C24+D24+G24 -> 522 | R24: =SUM(O24/Q24) -> #DIV/0!
A25: 19 | B25: ='Entries Feb.''25'!P25 -> 169369 | C25: =B26-B25 -> 180 | D25: =C25-G25 -> -71 | E25: ='Entries Feb.''25'!X25 -> 0 | F25: ='Entries Feb.''25'!W25 -> 1283067 | G25: =F26-F25 -> 251 | H25: ='Entries Feb.''25'!T25 -> 33268 | I25: =H26-H25 -> 186 | J25: ='Entries Feb.''25'!U25 -> 0 | K25: =J26-J25 -> 0 | L25: =K25+I25 -> 186 | M25: ='Entries Feb.''25'!S25 -> 0 | N25: ='Entries Feb.''25'!AD26-'Entries Feb.''25'!AD25 -> 22 | O25: =C25+D25+G25 -> 360 | R25: =SUM(O25/Q25) -> #DIV/0!
A26: 20 | B26: ='Entries Feb.''25'!P26 -> 169549 | C26: =B27-B26 -> 163 | D26: =C26-G26 -> -111 | E26: ='Entries Feb.''25'!X26 -> 0 | F26: ='Entries Feb.''25'!W26 -> 1283318 | G26: =F27-F26 -> 274 | H26: ='Entries Feb.''25'!T26 -> 33454 | I26: =H27-H26 -> 214 | J26: ='Entries Feb.''25'!U26 -> 0 | K26: =J27-J26 -> 0 | L26: =K26+I26 -> 214 | M26: ='Entries Feb.''25'!S26 -> 0 | N26: ='Entries Feb.''25'!AD27-'Entries Feb.''25'!AD26 -> 12 | O26: =C26+D26+G26 -> 326 | R26: =SUM(O26/Q26) -> #DIV/0!
A27: 21 | B27: ='Entries Feb.''25'!P27 -> 169712 | C27: =B28-B27 -> 154 | D27: =C27-G27 -> -108 | E27: ='Entries Feb.''25'!X27 -> 0 | F27: ='Entries Feb.''25'!W27 -> 1283592 | G27: =F28-F27 -> 262 | H27: ='Entries Feb.''25'!T27 -> 33668 | I27: =H28-H27 -> 202 | J27: ='Entries Feb.''25'!U27 -> 0 | K27: =J28-J27 -> 0 | L27: =K27+I27 -> 202 | M27: ='Entries Feb.''25'!S27 -> 0 | N27: ='Entries Feb.''25'!AD28-'Entries Feb.''25'!AD27 -> 11 | O27: =C27+D27+G27 -> 308 | R27: =SUM(O27/Q27) -> #DIV/0!
A28: 22 | B28: ='Entries Feb.''25'!P28 -> 169866 | C28: =B29-B28 -> 115 | D28: =C28-G28 -> 108 | E28: ='Entries Feb.''25'!X28 -> 0 | F28: ='Entries Feb.''25'!W28 -> 1283854 | G28: =F29-F28 -> 7 | H28: ='Entries Feb.''25'!T28 -> 33870 | I28: =H29-H28 -> 0 | J28: ='Entries Feb.''25'!U28 -> 0 | K28: =J29-J28 -> 0 | L28: =K28+I28 -> 0 | M28: ='Entries Feb.''25'!S28 -> 0 | N28: ='Entries Feb.''25'!AD29-'Entries Feb.''25'!AD28 -> 0 | O28: =C28+D28+G28 -> 230 | R28: =SUM(O28/Q28) -> #DIV/0!
A29: 23 | B29: ='Entries Feb.''25'!P29 -> 169981 | C29: =B30-B29 -> 0 | D29: =C29-G29 -> -87 | E29: ='Entries Feb.''25'!X29 -> 0 | F29: ='Entries Feb.''25'!W29 -> 1283861 | G29: =F30-F29 -> 87 | H29: ='Entries Feb.''25'!T29 -> 33870 | I29: =H30-H29 -> 53 | J29: ='Entries Feb.''25'!U29 -> 0 | K29: =J30-J29 -> 0 | L29: =K29+I29 -> 53 | M29: ='Entries Feb.''25'!S29 -> 0 | N29: ='Entries Feb.''25'!AD30-'Entries Feb.''25'!AD29 -> 0 | O29: =C29+D29+G29 -> 0 | R29: =SUM(O29/Q29) -> #DIV/0!
A30: 24 | B30: ='Entries Feb.''25'!P30 -> 169981 | C30: =B31-B30 -> 46 | D30: =C30-G30 -> -195 | E30: ='Entries Feb.''25'!X30 -> 0 | F30: ='Entries Feb.''25'!W30 -> 1283948 | G30: =F31-F30 -> 241 | H30: ='Entries Feb.''25'!T30 -> 33923 | I30: =H31-H30 -> 216 | J30: ='Entries Feb.''25'!U30 -> 0 | K30: =J31-J30 -> 0 | L30: =K30+I30 -> 216 | M30: ='Entries Feb.''25'!S30 -> 0 | N30: ='Entries Feb.''25'!AD31-'Entries Feb.''25'!AD30 -> 18 | O30: =C30+D30+G30 -> 92 | R30: =SUM(O30/Q30) -> #DIV/0!
... A37: 31 | B37: ='Entries Feb.''25'!P37 -> 0 | C37: =B38-B37 -> 0 | D37: =C37-G37 -> 0 | E37: ='Entries Feb.''25'!X37 -> 0 | F37: ='Entries Feb.''25'!W37 -> 0 | G37: =F38-F37 -> 0 | H37: ='Entries Feb.''25'!T37 -> 0 | I37: =H38-H37 -> 0 | J37: ='Entries Feb.''25'!U37 -> 0 | K37: =J38-J37 -> 0 | L37: =K37+I37 -> 0 | M37: ='Entries Feb.''25'!S37 -> 0 | N37: ='Entries Feb.''25'!AD38-'Entries Feb.''25'!AD37 -> 0 | O37: =C37+D37+G37 -> 0 | R37: =SUM(O37/Q37) -> #DIV/0!
A38: Total | O38: =SUM(O7:O37) -> -333528

Sheet Daily KPIs CO2
A3: Utilities Daily Consumption
Y4: 1364
A5: ='Daily KPIs'!A6 -> 45690
B6: 1 | C6: 2 | D6: 3 | E6: 4 | F6: 5 | G6: 6 | H6: 7 | I6: 8 | J6: 9 | K6: 10 | L6: 11 | M6: 12 | N6: 13 | O6: 14 | P6: 15 | Q6: 16 | R6: 17 | S6: 18 | T6: 19 | U6: 20 | V6: 21 | W6: 22 | X6: 23 | Y6: 24 | Z6: 25 | AA6: 26 | AB6: 27 | AC6: 28 | AD6: 29 | AE6: 30 | AF6: 1
A7: Days | B7: ='Daily KPIs'!B7 -> Sat | C7: ='Daily KPIs'!C7 -> Sun | D7: ='Daily KPIs'!D7 -> Mon | E7: ='Daily KPIs'!E7 -> Tue | F7: ='Daily KPIs'!F7 -> Wed | G7: ='Daily KPIs'!G7 -> Thu | H7: ='Daily KPIs'!H7 -> Fri | I7: ='Daily KPIs'!I7 -> Sat | ... AF7: ='Daily KPIs'!AF7 -> Sat | AG7: Total
A8: Cases Produced | C8: ='Daily KPIs'!C8 -> 0 | D8: ='Daily KPIs'!D8 -> 7710 | E8: ='Daily KPIs'!E8 -> 8123 | F8: ='Daily KPIs'!F8 -> 9422 | G8: ='Daily KPIs'!G8 -> 6025 | H8: ='Daily KPIs'!H8 -> 0 | I8: ='Daily KPIs'!I8 -> 0 | J8: ='Daily KPIs'!J8 -> 0 | ... AF8: ='Daily KPIs'!AF8 -> 0 | AG8: =SUM($B8:AF8) -> 131593.75
A9: HL produced | B9: ='Daily KPIs'!B9 -> 0 | C9: ='Daily KPIs'!C9 -> 0 | D9: ='Daily KPIs'!D9 -> 522.5976 | E9: ='Daily KPIs'!E9 -> 536.118 | F9: ='Daily KPIs'!F9 -> 621.852 | G9: ='Daily KPIs'!G9 -> 397.65 | H9: ='Daily KPIs'!H9 -> 0 | I9: ='Daily KPIs'!I9 -> 0 | ... AF9: ='Daily KPIs'!AF9 -> 0 | AG9: =SUM(B9:AF9) -> 8711.7027
A10: Product Type | B10: ='Daily KPIs'!B10 -> 0 | C10: ='Daily KPIs'!C10 -> 0 | D10: ='Daily KPIs'!D10 -> VMCl/Ginger/Stag | E10: ='Daily KPIs'!E10 -> Stag/Carib | F10: ='Daily KPIs'!F10 -> CB/GN | G10: ='Daily KPIs'!G10 -> GN/Pils/ST | H10: ='Daily KPIs'!I10 -> 0 | I10: ='Daily KPIs'!J10 -> 0 | J10: ='Daily KPIs'!J10 -> 0 | K10: ='Daily KPIs'!K10 -> ST/CB | L10: ='Daily KPIs'!L10 -> CB/ST/CB | M10: ='Daily KPIs'!M10 -> CB/ST | N10: ='Daily KPIs'!N10 -> SM/GN | O10: ='Daily KPIs'!O10 -> CB/ST | P10: ='Daily KPIs'!P10 -> 0 | Q10: ='Daily KPIs'!Q10 -> 0 | ... Y10: ='Daily KPIs'!Y10 -> CB/ST | AA10: ='Daily KPIs'!AA10 -> CB | AB10: ='Daily KPIs'!AB10 -> CB/GUINN/CB | AC10: ='Daily KPIs'!AC10 -> CB/ST | AD10: ='Daily KPIs'!AD10 -> 0 | AE10: ='Daily KPIs'!AE10 -> 0 | AF10: ='Daily KPIs'!AF10 -> 0
A13: Water (m3)
A14: Area | B14: 1 | C14: 2 | D14: 3 | E14: 4 | F14: 5 | G14: 6 | H14: 7 | I14: 8 | J14: 9 | K14: 10 | L14: 11 | M14: 12 | N14: 13 | O14: 14 | P14: 15 | Q14: 16 | R14: 17 | S14: 18 | T14: 19 | U14: 20 | V14: 21 | W14: 22 | X14: 23 | Y14: 24 | Z14: 25 | AA14: 26 | AB14: 27 | AC14: 28 | AD14: 29 | AE14: 30 | AF14: 31 | AG14: MTD
A15: Well Supply (from filtered water) | B15: =+'Water '!$C7 -> 0 | C15: =+'Water '!$C8 -> 0 | D15: =+'Water '!$C9 -> 0 | E15: =+'Water '!$C10 -> 0 | F15: =+'Water '!$C11 -> 0 | G15: =+'Water '!$C12 -> 0 | H15: =+'Water '!$C13 -> 0 | I15: =+'Water '!$C14 -> 0 | J15: =+'Water '!$C15 -> 0 | K15: =+'Water '!$C16 -> 0 | L15: =+'Water '!$C17 -> 0 | M15: =+'Water '!$C18 -> 0 | N15: =+'Water '!$C18 -> 0 | O15: =+'Water '!$C20 -> 0 | P15: =+'Water '!$C21 -> 0 | Q15: =+'Water '!$C22 -> 0 | R15: =+'Water '!$C23 -> 0 | S15: =+'Water '!$C24 -> 0 | T15: =+'Water '!$C25 -> 0 | U15: =+'Water '!$C26 -> 0 | V15: =+'Water '!$C27 -> 0 | W15: =+'Water '!$C28 -> 0 | X15: =+'Water '!$C29 -> 0 | Y15: =+'Water '!$C30 -> 0 | Z15: =+'Water '!$C31 -> 0 | AA15: =+'Water '!$C32 -> 0 | AB15: =+'Water '!$C33 -> 0 | AC15: =+'Water '!$C34 -> 0 | AD15: =+'Water '!$C35 -> 0 | AE15: =+'Water '!$C36 -> 0 | AF15: =+'Water '!$C37 -> 0 | AG15: =SUM($B15:AF15) -> 0
A16: Nawasa Supply | B16: =+'Water '!$D7 -> 0 | C16: =+'Water '!$D8 -> 2 | D16: =+'Water '!$D9 -> 72 | E16: =+'Water '!$D10 -> 153 | F16: =+'Water '!$D11 -> 288 | G16: =+'Water '!$D12 -> 147 | H16: =+'Water '!$D13 -> 299 | I16: =+'Water '!$D14 -> 55 | J16: =+'Water '!$D15 -> 117 | K16: =+'Water '!$D16 -> 207 | L16: =+'Water '!$D17 -> 156 | M16: =+'Water '!$D18 -> 277 | N16: =+'Water '!$D19 -> 171 | O16: =+'Water '!$D20 -> 214 | P16: =+'Water '!$D21 -> 0 | Q16: =+'Water '!$D22 -> 50 | R16: =+'Water '!$D23 -> 136 | S16: =+'Water '!$D24 -> 261 | T16: =+'Water '!$D25 -> 180 | U16: =+'Water '!$D26 -> 163 | V16: =+'Water '!$D27 -> 154 | W16: =+'Water '!$D28 -> 115 | X16: =+'Water '!$D29 -> 0 | Y16: =+'Water '!$D30 -> 46 | Z16: =+'Water '!$D31 -> 0 | AA16: =+'Water '!$D32 -> 358 | AB16: =+'Water '!$D33 -> 153 | AC16: =+'Water '!$D34 -> 0 | AD16: =+'Water '!$D35 -> 0 | AE16: =+'Water '!$D36 -> 0 | AG16: =SUM($B16:AF16) -> 3774
A17: Annanale Supply | B17: =+'Water '!$E7 -> 255 | C17: =+'Water '!$E8 -> 79 | D17: =+'Water '!$E9 -> 188 | E17: =+'Water '!$E10 -> 207 | F17: =+'Water '!$E11 -> 142 | G17: =+'Water '!$E12 -> 213 | H17: =+'Water '!$E13 -> 0 | I17: =+'Water '!$E14 -> 0 | J17: =+'Water '!$E15 -> 0 | K17: =+'Water '!$E16 -> 106 | L17: =+'Water '!$E17 -> 218 | M17: =+'Water '!$E18 -> 168 | N17: =+'Water '!$E19 -> 256 | O17: =+'Water '!$E20 -> 256 | P17: =+'Water '!$E21 -> 190 | Q17: =+'Water '!$E22 -> 0 | R17: =+'Water '!$E23 -> 200 | S17: =+'Water '!$E24 -> 133 | T17: =+'Water '!$E25 -> 238 | U17: =+'Water '!$E26 -> 260 | V17: =+'Water '!$E27 -> 248 | W17: =+'Water '!$E28 -> 7 | X17: =+'Water '!$E29 -> 83 | Y17: =+'Water '!$E30 -> 227 | Z17: =+'Water '!$E31 -> 274 | AA17: =+'Water '!$E32 -> 262 | AB17: =+'Water '!$E33 -> 190 | AC17: =+'Water '!$E34 -> 262 | AD17: =+'Water '!$E35 -> 0 | AE17: =+'Water '!$E36 -> 0 | AF17: =+'Water '!$E37 -> 0 | AG17: =SUM($B17:AF17) -> 4662
A18: Total Water Supply | B18: =SUM(B15:B17) -> 255 | C18: =SUM(C15:C17) -> 81 | D18: =SUM(D15:D17) -> 260 | E18: =SUM(E15:E17) -> 360 | F18: =SUM(F15:F17) -> 430 | G18: =SUM(G15:G17) -> 360 | H18: =SUM(H15:H17) -> 299 | I18: =SUM(I15:I17) -> 55 | ... AF18: =SUM(AF15:AF17) -> 0 | AG18: =SUM($B18:AF18) -> 8436
AG20: =SUM($B20:AE20) -> 0
A21: Theoretical permeate | B21: =0.73*(B96+B15) -> 0 | C21: =0.73*(C96+C15) -> 256.96 | D21: =0.73*(D96+D15) -> 143.81 | E21: =0.73*(E96+E15) -> 159.87 | F21: =0.73*(F96+F15) -> 108.77 | G21: =0.73*(G96+G15) -> 163.52 | H21: =0.73*(H96+H15) -> 0 | I21: =0.73*(I96+I15) -> 26.28 | ... AF21: =0.73*(AF96+AF15) -> 0 | AG21: =SUM($B21:AF21) -> 3972.66 | AH21: =AG24+AG37+AG28 -> 9305 | AJ21: =(AH21*10)/AG9 -> 10.681035
E22: =0.73*(E97+E16) -> 111.69
A23: Permeate Produced | B23: ='Water '!Q7 -> 0 | C23: ='Water '!Q8 -> 0 | D23: ='Water '!Q9 -> 0 | E23: ='Water '!Q10 -> 0 | F23: ='Water '!Q11 -> 0 | G23: ='Water '!Q12 -> 0 | H23: ='Water '!Q13 -> 0 | I23: ='Water '!Q14 -> 0 | J23: ='Water '!Q15 -> 0 | K23: ='Water '!Q16 -> 0 | L23: ='Water '!Q17 -> 0 | M23: ='Water '!Q18 -> 0 | N23: ='Water '!Q19 -> 0 | O23: ='Water '!Q20 -> 0 | P23: ='Water '!Q21 -> 0 | Q23: ='Water '!Q22 -> 0 | R23: ='Water '!Q23 -> 0 | S23: ='Water '!Q24 -> 0 | T23: ='Water '!Q25 -> 0 | U23: ='Water '!Q26 -> 0 | V23: ='Water '!Q27 -> 0 | W23: ='Water '!Q28 -> 0 | X23: ='Water '!Q29 -> 0 | Y23: ='Water '!Q30 -> 0 | Z23: ='Water '!Q31 -> 0 | AA23: ='Water '!Q32 -> 0 | AB23: ='Water '!Q33 -> 0 | AC23: ='Water '!Q34 -> 0 | AD23: ='Water '!Q35 -> 0 | AE23: ='Water '!Q36 -> 0 | AF23: ='Water '!Q37 -> 0 | AG23: =SUM($B23:AF23) -> 0
A24: Service Water Plant Supply | B24: ='Water '!H7 -> 20 | C24: ='Water '!H8 -> 83 | D24: ='Water '!H9 -> 249 | E24: ='Water '!H10 -> 210 | F24: ='Water '!H11 -> 253 | G24: ='Water '!H12 -> 208 | H24: ='Water '!H13 -> 12 | I24: ='Water '!H14 -> 72 | J24: ='Water '!H15 -> 18 | K24: ='Water '!H16 -> 223 | L24: ='Water '!H17 -> 275 | M24: ='Water '!H18 -> 199 | N24: ='Water '!H19 -> 236 | O24: ='Water '!H20 -> 169 | P24: ='Water '!H21 -> 61 | Q24: ='Water '!H22 -> 26 | R24: ='Water '!H23 -> 197 | S24: ='Water '!H24 -> 209 | T24: ='Water '!H25 -> 199 | U24: ='Water '!H26 -> 232 | V24: ='Water '!H27 -> 155 | W24: ='Water '!H28 -> 39 | X24: ='Water '!H29 -> 66 | Y24: ='Water '!H30 -> 240 | Z24: ='Water '!H31 -> 189 | AA24: ='Water '!H32 -> 176 | AB24: ='Water '!H33 -> 189 | AC24: ='Water '!H34 -> 206 | AD24: ='Water '!H35 -> 0 | AE24: ='Water '!H36 -> 0 | AF24: ='Water '!H37 -> 0 | AG24: =SUM($B24:AF24) -> 4411
A25: Water consumption | B25: =SUM(B23:B24) -> 20 | C25: =SUM(C23:C24) -> 83 | D25: =SUM(D23:D24) -> 249 | E25: =SUM(E23:E24) -> 210 | F25: =SUM(F23:F24) -> 253 | G25: =SUM(G23:G24) -> 208 | H25: =SUM(H23:H24) -> 12 | I25: =SUM(I23:I24) -> 72 | ... AF25: =SUM(AF23:AF24) -> 0 | AG25: =SUM($B25:AF25) -> 4411
B26: =IF(B$9=0,"",+(B25*10)/B$9) | C26: =IF(C$9=0,"",+(C25*10)/C$9) | D26: =IF(D$9=0,"",+(D25*10)/D$9) -> 4.7646602 | E26: =IF(E$9=0,"",+(E25*10)/E$9) -> 3.9170481 | F26: =IF(F$9=0,"",+(F25*10)/F$9) -> 4.0684922 | G26: =IF(G$9=0,"",+(G25*10)/G$9) -> 5.2307305 | H26: =IF(H$9=0,"",+(H25*10)/H$9) | I26: =IF(I$9=0,"",+(I25*10)/I$9) | ... AF26: =IF(AF$9=0,"",+(AF25*10)/AF$9)
A27: Water Consumption detail | AG27: =SUM($B27:AF27) -> 0
A28: Brewhouse / Old Pepsi Area | B28: =+'Water '!$J7 -> 0 | C28: =+'Water '!$J8 -> 0 | D28: =+'Water '!$J9 -> 198 | E28: =+'Water '!$J10 -> 181 | F28: =+'Water '!$J11 -> 278 | G28: =+'Water '!$J12 -> 218 | H28: =+'Water '!$J13 -> 0 | I28: =+'Water '!$J14 -> 5 | J28: =+'Water '!$J15 -> 0 | K28: =+'Water '!$J16 -> 185 | L28: =+'Water '!$J17 -> 265 | M28: =+'Water '!$J18 -> 215 | N28: =+'Water '!$J19 -> 258 | O28: =+'Water '!$J20 -> 209 | P28: =+'Water '!$J21 -> 0 | Q28: =+'Water '!$J22 -> 0 | R28: =+'Water '!$J23 -> 227 | S28: =+'Water '!$J24 -> 209 | T28: =+'Water '!$J25 -> 186 | U28: =+'Water '!$J26 -> 214 | V28: =+'Water '!$J27 -> 202 | W28: =+'Water '!$J28 -> 0 | X28: =+'Water '!$J29 -> 53 | Y28: =+'Water '!$J30 -> 216 | Z28: =+'Water '!$J31 -> 243 | AA28: =+'Water '!$J32 -> 244 | AB28: =+'Water '!$J33 -> 239 | AC28: =+'Water '!$J34 -> 234 | AD28: =+'Water '!$J35 -> 0 | AE28: =+'Water '!$J36 -> 0 | AF28: =+'Water '!$J37 -> 0 | AG28: =SUM($B28:AF28) -> 4279
A29: Spent Grains/Wash-down Areas | B29: ='Water '!W7 -> 0 | C29: ='Water '!W8 -> 0 | D29: ='Water '!W9 -> 0 | E29: ='Water '!W10 -> 0 | F29: ='Water '!W11 -> 0 | G29: ='Water '!W12 -> 0 | H29: ='Water '!W13 -> 0 | I29: ='Water '!W14 -> 0 | J29: ='Water '!W15 -> 0 | K29: ='Water '!W16 -> 0 | L29: ='Water '!W17 -> 0 | M29: ='Water '!W18 -> 0 | N29: ='Water '!W19 -> 0 | O29: ='Water '!W20 -> 0 | P29: ='Water '!W21 -> 0 | Q29: ='Water '!W22 -> 0 | R29: ='Water '!W23 -> 0 | S29: ='Water '!W24 -> 0 | T29: ='Water '!W25 -> 0 | U29: ='Water '!W26 -> 0 | V29: ='Water '!W27 -> 0 | W29: ='Water '!W28 -> 0 | X29: ='Water '!W29 -> 0 | Y29: ='Water '!W30 -> 0 | Z29: ='Water '!W31 -> 0 | AA29: ='Water '!W32 -> 0 | AB29: ='Water '!W33 -> 0 | AC29: ='Water '!W34 -> 0 | AD29: ='Water '!W35 -> 0 | AE29: ='Water '!W36 -> #REF! | AF29: ='Water '!X37 -> 0 | AG29: =SUM($B29:AF29) -> #REF!
A30: Whirlpool
A31: Filtration/Cellars | B31: =+'Water '!$K7 -> 0 | C31: =+'Water '!$K8 -> 0 | D31: =+'Water '!$K9 -> 0 | E31: =+'Water '!$K10 -> 0 | F31: =+'Water '!$K11 -> 0 | G31: =+'Water '!$K12 -> 0 | H31: =+'Water '!$K13 -> 0 | I31: =+'Water '!$K14 -> 0 | J31: =+'Water '!$K15 -> 0 | K31: =+'Water '!$K16 -> 0 | L31: =+'Water '!$K17 -> 0 | M31: =+'Water '!$K18 -> 0 | N31: =+'Water '!$K19 -> 0 | O31: =+'Water '!$K19 -> 0 | P31: =+'Water '!$K19 -> 0 | Q31: =+'Water '!$K22 -> 0 | R31: =+'Water '!$K22 -> 0 | S31: =+'Water '!$K22 -> 0 | T31: =+'Water '!$K25 -> 0 | U31: =+'Water '!$K26 -> 0 | V31: =+'Water '!$K27 -> 0 | W31: =+'Water '!$K28 -> 0 | X31: =+'Water '!$K29 -> 0 | Y31: =+'Water '!$K30 -> 0 | Z31: =+'Water '!$K31 -> 0 | AA31: =+'Water '!$K32 -> 0 | AB31: =+'Water '!$K33 -> 0 | AC31: =+'Water '!$K34 -> 0 | AD31: =+'Water '!$K35 -> 0 | AE31: =+'Water '!$K36 -> 0 | AF31: =+'Water '!$K37 -> 0 | AG31: =SUM($B31:AF31) -> 0
A32: Processing/Cellars | B32: ='Water '!L7 -> 0 | C32: ='Water '!L8 -> 0 | D32: ='Water '!L9 -> 0 | E32: ='Water '!L10 -> 0 | F32: ='Water '!L11 -> 0 | G32: ='Water '!L12 -> 0 | H32: ='Water '!L13 -> 0 | I32: ='Water '!L14 -> 0 | J32: ='Water '!L15 -> 0 | K32: ='Water '!L16 -> 0 | L32: ='Water '!L17 -> 0 | M32: ='Water '!L18 -> 0 | N32: ='Water '!L19 -> 0 | O32: ='Water '!M19 -> 5 | P32: ='Water '!N19 -> 62 | Q32: ='Water '!L22 -> 0 | R32: ='Water '!M22 -> 0 | S32: ='Water '!N22 -> 2 | T32: ='Water '!L25 -> 0 | U32: ='Water '!L26 -> 0 | V32: ='Water '!L27 -> 0 | W32: ='Water '!L28 -> 0 | X32: ='Water '!L29 -> 0 | Y32: ='Water '!L30 -> 0 | Z32: ='Water '!L31 -> 0 | AA32: ='Water '!L32 -> 0 | AB32: ='Water '!L33 -> 0 | AC32: ='Water '!L34 -> 0 | AD32: ='Water '!L35 -> 0 | AE32: ='Water '!L36 -> 0 | AF32: ='Water '!M37 -> 0 | AG32: =SUM($B32:AF32) -> 69
A33: CIP Process | B33: =+'Water '!$N7 -> 0 | C33: =+'Water '!$N8 -> 0 | D33: =+'Water '!$N9 -> 79 | E33: =+'Water '!$N10 -> 44 | F33: =+'Water '!$N11 -> 61 | G33: =+'Water '!$N12 -> 51 | H33: =+'Water '!$N13 -> 0 | I33: =+'Water '!$N14 -> 0 | J33: =+'Water '!$N15 -> 0 | K33: =+'Water '!$N16 -> 65 | L33: =+'Water '!$N17 -> 55 | M33: =+'Water '!$N18 -> 29 | N33: =+'Water '!$N19 -> 62 | O33: =+'Water '!$N19 -> 62 | P33: =+'Water '!$N19 -> 62 | Q33: =+'Water '!$N22 -> 2 | R33: =+'Water '!$N22 -> 2 | S33: =+'Water '!$N22 -> 2 | T33: =+'Water '!$N25 -> 54 | U33: =+'Water '!$N26 -> 72 | V33: =+'Water '!$N27 -> 32 | W33: =+'Water '!$N28 -> 0 | X33: =+'Water '!$N29 -> 20 | Y33: =+'Water '!$N30 -> 64 | Z33: =+'Water '!$N31 -> 30 | AA33: =+'Water '!$N32 -> 45 | AB33: =+'Water '!$N33 -> 42 | AC33: =+'Water '!$N34 -> 67 | AD33: =+'Water '!$N35 -> 0 | AE33: =+'Water '!$N36 -> 0 | AF33: =+'Water '!$N37 -> 0 | AG33: =SUM($B33:AF33) -> 1002 | AJ33: =34294/2.2 -> 15588.182
A34: Bottles Washer | B34: =+'Water '!$O7 -> 33 | C34: =+'Water '!$O8 -> 2 | D34: =+'Water '!$O9 -> 81 | E34: =+'Water '!$O10 -> 70 | F34: =+'Water '!$O11 -> 91 | G34: =+'Water '!$O12 -> 60 | H34: =+'Water '!$O13 -> 0 | I34: =+'Water '!$O14 -> 0 | J34: =+'Water '!$O15 -> 32 | K34: =+'Water '!$O16 -> 75 | L34: =+'Water '!$O17 -> 97 | M34: =+'Water '!$O18 -> 86 | N34: =+'Water '!$O19 -> 85 | O34: =+'Water '!$O19 -> 85 | P34: =+'Water '!$O19 -> 85 | Q34: =+'Water '!$O19 -> 85 | R34: =+'Water '!$O19 -> 85 | S34: =+'Water '!$O19 -> 85 | T34: =+'Water '!$O25 -> 64 | U34: =+'Water '!$O26 -> 61 | V34: =+'Water '!$O27 -> 64 | W34: =+'Water '!$O28 -> 11 | X34: =+'Water '!$O29 -> 0 | Y34: =+'Water '!$O30 -> 80 | Z34: =+'Water '!$O31 -> 77 | AA34: =+'Water '!$O32 -> 63 | AB34: =+'Water '!$O33 -> 61 | AC34: =+'Water '!$O34 -> 67 | AD34: =+'Water '!$O35 -> 0 | AE34: =+'Water '!$O36 -> 0 | AF34: =+'Water '!$O37 -> 0 | AG34: =SUM($B34:AF34) -> 1685
