Workbook
Name ProductList: [1]November15!$R$3:$R$9
Name ProductList: [2]November15!$R$3:$R$9

Sheet Dec 18th
T1: P.G. | V1: Hot Time | X1: Process Time | Z1: Cooling Time
B2: Brewing Department Daily Process Loss Report | T2: Lower | U2: Upper | V2: Lower | W2: Upper | X2: Lower | Y2: Upper | Z2: Lower | AA2: Upper
S3: CARIB | T3: 11.6 | U3: 12 | V3: 0 | W3: 0.11805556 | X3: 0.17361111 | Y3: 0.21180556 | Z3: 0 | AA3: 60 | AC3: HR- PISNER
B4: Date: | C4: 45278 | J4: LOT WORT COLOUR: 3.4 | M4: Filter Sheets (Target 20 days) | S4: STAG | T4: 11.6 | U4: 12 | V4: 0 | W4: 0.11805556 | X4: 0.17361111 | Y4: 0.21180556 | Z4: 0 | AA4: 60
M5: Double | N5: Single | S5: GUINNESS | T5: 17 | U5: 17.5 | V5: 0 | W5: 0.10763889 | X5: 0.19444444 | Y5: 0.23263889 | Z5: 0 | AA5: 60
J6: MALT LOT: Lot 8 | L6: Sheet Day | S6: MACKESON | T6: 13.3 | U6: 13.5 | V6: 0 | W6: 0.12905093 | X6: 0.22222222 | Y6: 0.25347222 | Z6: 0
S7: STARMALT | T7: 17.1 | U7: 17.5 | V7: 0 | W7: 0.13605324 | X7: 0.20833333 | Y7: 0.24305556 | Z7: 0 | AA7: 60
B8: Brand | C8: Brew no. | D8: Kett. Hls | E8: Wort | F8: Cool Time(Mins) | G8: Cast. P.G. (Lab Result) | H8: Cast P.G. (Cellar Operator)-gravity | I8: Extr. Rec (79.1%) | J8: Theor. Extr. (77.5%) | K8: Boil Off /Vol. (4-6%) | L8: Boil Time | M8: Total Hot | N8: Brewing | P8: Comments | Q8: Actual Pilsen Malt | S8: Hurricane Reef | T8: 16.6 | U8: 17 | V8: 0 | W8: 0.12905093 | X8: 0.22222222 | Y8: 0.25347222 | Z8: 0
E9: Meter (Hls) | F9: Target(< 60Mins) | M9: Time | S9: VITAMALT | T9: 14.4 | U9: 14.6 | V9: 0 | W9: 0.13905093 | X9: 0.19097222 | Y9: 0.22569444 | Z9: 0 | AA9: 75
S10: =B10 -> 0 | T10: =VLOOKUP($B10,$S$3:$Y$9,2,FALSE) -> #N/A | U10: =VLOOKUP($B10,$S$3:$Y$9,3,FALSE) -> #N/A | V10: =VLOOKUP($B10,$S$3:$Y$9,4,FALSE) -> #N/A | W10: =VLOOKUP($B10,$S$3:$Y$9,5,FALSE) -> #N/A | X10: =VLOOKUP($B10,$S$3:$Y$9,6,FALSE) -> #N/A | Y10: =VLOOKUP($B10,$S$3:$Y$9,7,FALSE) -> #N/A | Z10: =VLOOKUP($B10,$S$3:$AA$9,8,FALSE) -> #N/A | AA10: =VLOOKUP($B10,$S$3:$AA$9,9,FALSE) -> #N/A
S11: =B11 -> 0 | T11: =VLOOKUP($B11,$S$3:$Y$9,2,FALSE) -> #N/A | U11: =VLOOKUP($B11,$S$3:$Y$9,3,FALSE) -> #N/A | V11: =VLOOKUP($B11,$S$3:$Y$9,4,FALSE) -> #N/A | W11: =VLOOKUP($B11,$S$3:$Y$9,5,FALSE) -> #N/A | X11: =VLOOKUP($B11,$S$3:$Y$9,6,FALSE) -> #N/A | Y11: =VLOOKUP($B11,$S$3:$Y$9,7,FALSE) -> #N/A | Z11: =VLOOKUP($B11,$S$3:$AA$9,8,FALSE) -> #N/A | AA11: =VLOOKUP($B11,$S$3:$AA$9,9,FALSE) -> #N/A
S12: =B12 -> 0 | T12: =VLOOKUP($B12,$S$3:$Y$9,2,FALSE) -> #N/A | U12: =VLOOKUP($B12,$S$3:$Y$9,3,FALSE) -> #N/A | V12: =VLOOKUP($B12,$S$3:$Y$9,4,FALSE) -> #N/A | W12: =VLOOKUP($B12,$S$3:$Y$9,5,FALSE) -> #N/A | X12: =VLOOKUP($B12,$S$3:$Y$9,6,FALSE) -> #N/A | Y12: =VLOOKUP($B12,$S$3:$Y$9,7,FALSE) -> #N/A | Z12: =VLOOKUP($B12,$S$3:$AA$9,8,FALSE) -> #N/A | AA12: =VLOOKUP($B12,$S$3:$AA$9,9,FALSE) -> #N/A
S13: =B13 -> 0 | T13: =VLOOKUP($B13,$S$3:$Y$9,2,FALSE) -> #N/A | U13: =VLOOKUP($B13,$S$3:$Y$9,3,FALSE) -> #N/A | V13: =VLOOKUP($B13,$S$3:$Y$9,4,FALSE) -> #N/A | W13: =VLOOKUP($B13,$S$3:$Y$9,5,FALSE) -> #N/A | X13: =VLOOKUP($B13,$S$3:$Y$9,6,FALSE) -> #N/A | Y13: =VLOOKUP($B13,$S$3:$Y$9,7,FALSE) -> #N/A | Z13: =VLOOKUP($B13,$S$3:$AA$9,8,FALSE) -> #N/A | AA13: =VLOOKUP($B13,$S$3:$AA$9,9,FALSE) -> #N/A
S14: =B14 -> 0 | T14: =VLOOKUP($B14,$S$3:$Y$9,2,FALSE) -> #N/A | U14: =VLOOKUP($B14,$S$3:$Y$9,3,FALSE) -> #N/A | V14: =VLOOKUP($B14,$S$3:$Y$9,4,FALSE) -> #N/A | W14: =VLOOKUP($B14,$S$3:$Y$9,5,FALSE) -> #N/A | X14: =VLOOKUP($B14,$S$3:$Y$9,6,FALSE) -> #N/A | Y14: =VLOOKUP($B14,$S$3:$Y$9,7,FALSE) -> #N/A | Z14: =VLOOKUP($B14,$S$3:$AA$9,8,FALSE) -> #N/A | AA14: =VLOOKUP($B14,$S$3:$AA$9,9,FALSE) -> #N/A
S15: =B15 -> 0 | T15: =VLOOKUP($B15,$S$3:$Y$9,2,FALSE) -> #N/A | U15: =VLOOKUP($B15,$S$3:$Y$9,3,FALSE) -> #N/A | V15: =VLOOKUP($B15,$S$3:$Y$9,4,FALSE) -> #N/A | W15: =VLOOKUP($B15,$S$3:$Y$9,5,FALSE) -> #N/A | X15: =VLOOKUP($B15,$S$3:$Y$9,6,FALSE) -> #N/A | Y15: =VLOOKUP($B15,$S$3:$Y$9,7,FALSE) -> #N/A | Z15: =VLOOKUP($B15,$S$3:$AA$9,8,FALSE) -> #N/A | AA15: =VLOOKUP($B15,$S$3:$AA$9,9,FALSE) -> #N/A
S16: =B16 -> 0 | T16: =VLOOKUP($B16,$S$3:$Y$9,2,FALSE) -> #N/A | U16: =VLOOKUP($B16,$S$3:$Y$9,3,FALSE) -> #N/A | V16: =VLOOKUP($B16,$S$3:$Y$9,4,FALSE) -> #N/A | W16: =VLOOKUP($B16,$S$3:$Y$9,5,FALSE) -> #N/A | X16: =VLOOKUP($B16,$S$3:$Y$9,6,FALSE) -> #N/A | Y16: =VLOOKUP($B16,$S$3:$Y$9,7,FALSE) -> #N/A | Z16: =VLOOKUP($B16,$S$3:$AA$9,8,FALSE) -> #N/A | AA16: =VLOOKUP($B16,$S$3:$AA$9,9,FALSE) -> #N/A
S17: =B17 -> 0 | T17: =VLOOKUP($B17,$S$3:$Y$9,2,FALSE) -> #N/A | U17: =VLOOKUP($B17,$S$3:$Y$9,3,FALSE) -> #N/A | V17: =VLOOKUP($B17,$S$3:$Y$9,4,FALSE) -> #N/A | W17: =VLOOKUP($B17,$S$3:$Y$9,5,FALSE) -> #N/A | X17: =VLOOKUP($B17,$S$3:$Y$9,6,FALSE) -> #N/A | Y17: =VLOOKUP($B17,$S$3:$Y$9,7,FALSE) -> #N/A | Z17: =VLOOKUP($B17,$S$3:$AA$9,8,FALSE) -> #N/A | AA17: =VLOOKUP($B17,$S$3:$AA$9,9,FALSE) -> #N/A
S18: =B18 -> 0 | T18: =VLOOKUP($B18,$S$3:$Y$9,2,FALSE) -> #N/A | U18: =VLOOKUP($B18,$S$3:$Y$9,3,FALSE) -> #N/A | V18: =VLOOKUP($B18,$S$3:$Y$9,4,FALSE) -> #N/A | W18: =VLOOKUP($B18,$S$3:$Y$9,5,FALSE) -> #N/A | X18: =VLOOKUP($B18,$S$3:$Y$9,6,FALSE) -> #N/A | Y18: =VLOOKUP($B18,$S$3:$Y$9,7,FALSE) -> #N/A | Z18: =VLOOKUP($B18,$S$3:$AA$9,8,FALSE) -> #N/A | AA18: =VLOOKUP($B18,$S$3:$AA$9,9,FALSE) -> #N/A
S19: =B19 -> 0 | T19: =VLOOKUP($B19,$S$3:$Y$9,2,FALSE) -> #N/A | U19: =VLOOKUP($B19,$S$3:$Y$9,3,FALSE) -> #N/A | V19: =VLOOKUP($B19,$S$3:$Y$9,4,FALSE) -> #N/A | W19: =VLOOKUP($B19,$S$3:$Y$9,5,FALSE) -> #N/A | X19: =VLOOKUP($B19,$S$3:$Y$9,6,FALSE) -> #N/A | Y19: =VLOOKUP($B19,$S$3:$Y$9,7,FALSE) -> #N/A | Z19: =VLOOKUP($B19,$S$3:$AA$9,8,FALSE) -> #N/A | AA19: =VLOOKUP($B19,$S$3:$AA$9,9,FALSE) -> #N/A
S20: =B20 -> 0 | T20: =VLOOKUP($B20,$S$3:$Y$9,2,FALSE) -> #N/A | U20: =VLOOKUP($B20,$S$3:$Y$9,3,FALSE) -> #N/A | V20: =VLOOKUP($B20,$S$3:$Y$9,4,FALSE) -> #N/A | W20: =VLOOKUP($B20,$S$3:$Y$9,5,FALSE) -> #N/A | X20: =VLOOKUP($B20,$S$3:$Y$9,6,FALSE) -> #N/A | Y20: =VLOOKUP($B20,$S$3:$Y$9,7,FALSE) -> #N/A | Z20: =VLOOKUP($B20,$S$3:$AA$9,8,FALSE) -> #N/A | AA20: =VLOOKUP($B20,$S$3:$AA$9,9,FALSE) -> #N/A
S21: =B21 -> 0 | T21: =VLOOKUP($B21,$S$3:$Y$9,2,FALSE) -> #N/A | U21: =VLOOKUP($B21,$S$3:$Y$9,3,FALSE) -> #N/A | V21: =VLOOKUP($B21,$S$3:$Y$9,4,FALSE) -> #N/A | W21: =VLOOKUP($B21,$S$3:$Y$9,5,FALSE) -> #N/A | X21: =VLOOKUP($B21,$S$3:$Y$9,6,FALSE) -> #N/A | Y21: =VLOOKUP($B21,$S$3:$Y$9,7,FALSE) -> #N/A | Z21: =VLOOKUP($B21,$S$3:$AA$9,8,FALSE) -> #N/A | AA21: =VLOOKUP($B21,$S$3:$AA$9,9,FALSE) -> #N/A
... S47: =B47 -> 0 | T47: =VLOOKUP($B47,$S$3:$Y$9,2,FALSE) -> #N/A | U47: =VLOOKUP($B47,$S$3:$Y$9,3,FALSE) -> #N/A | V47: =VLOOKUP($B47,$S$3:$Y$9,4,FALSE) -> #N/A | W47: =VLOOKUP($B47,$S$3:$Y$9,5,FALSE) -> #N/A | X47: =VLOOKUP($B47,$S$3:$Y$9,6,FALSE) -> #N/A | Y47: =VLOOKUP($B47,$S$3:$Y$9,7,FALSE) -> #N/A | Z47: =VLOOKUP($B47,$S$3:$AA$9,8,FALSE) -> #N/A | AA47: =VLOOKUP($B47,$S$3:$AA$9,9,FALSE) -> #N/A
I48: EXTRACT RECOVERY
B49: BRAND | D49: BBT P.G./ O.G | I49: Brand | J49: Actual | K49: MTD No. of Brews | L49: MTD | M49: YTD | N49: Target
B50: STAG | C50: 11.8 | D50: 11.73 | I50: CARIB | K50: =COUNTA([3]Brewhouse!$A$1596:$A$1619) -> 24 | L50: =AVERAGE([3]Brewhouse!$AU$1529,[3]Brewhouse!$AU$1531:$AU$1594,[3]Brewhouse!$AU$1596:$AU$1619) -> 98.205761 | M50: =AVERAGE([3]Brewhouse!$AU$849:$AU$924,[3]Brewhouse!$AU$926:$AU$971,[3]Brewhouse!$AU$973:$AU$1066,[3]Brewhouse!$AU$1068:$AU$1111,[3]Brewhouse!$AU$1113:$AU$1132,[3]Brewhouse!$AU$1134:$AU$1167,[3]Brewhouse!$AU$1169:$AU$1230,[3]Brewhouse!$AU$1232:$AU$1299,[3]Brewhouse!$AU$1301:$AU$1363,[3]Brewhouse!$AU$1365:$AU$1444,[3]Brewhouse!$AU$1446:$AU$1527,[3]Brewhouse!$AU$1529,[3]Brewhouse!$AU$1531:$AU$1594,[3]Brewhouse!$AU$1596:$AU$1619) -> 98.381806 | N50: 98
C51: 11.9 | I51: STAG | K51: =COUNTA([4]Brewhouse!$A$976:$A$1007) -> 32 | L51: =AVERAGE([4]Brewhouse!$AS$976:$AS$979,[4]Brewhouse!$AS$981:$AS$1007) -> 98.538567 | M51: =AVERAGE([4]Brewhouse!$AS$577:$AS$618,[4]Brewhouse!$AS$620:$AS$651,[4]Brewhouse!$AS$653:$AS$696,[4]Brewhouse!$AS$698:$AS$708,[4]Brewhouse!$AS$710:$AS$733,[4]Brewhouse!$AS$735:$AS$777,[4]Brewhouse!$AS$779:$AS$822,[4]Brewhouse!$AS$824:$AS$863,[4]Brewhouse!$AS$865:$AS$974,[4]Brewhouse!$AS$976:$AS$979,[4]Brewhouse!$AS$981:$AS$1007) -> 98.489671 | N51: 98
I52: GUINNESS | K52: =COUNTA([5]Brewhouse!$A$282:$A$289) -> 8 | L52: =AVERAGE([5]Brewhouse!$AU$269:$AU$279,[5]Brewhouse!$AU$282:$AU$289) -> 96.186177 | M52: =AVERAGE([5]Brewhouse!$AU$161:$AU$176,[5]Brewhouse!$AU$178:$AU$195,[5]Brewhouse!$AU$197:$AU$208,[5]Brewhouse!$AU$210:$AU$221,[5]Brewhouse!$AU$223:$AU$232,[5]Brewhouse!$AU$234:$AU$279,[5]Brewhouse!$AU$282:$AU$289) -> 96.64916 | N52: 98
I53: VITAMALT | K53: =COUNTA([6]Brewhouse!$A$158:$A$163) -> 6 | L53: =AVERAGE([6]Brewhouse!$AU$158:$AU$163) -> 94.60305 | M53: =AVERAGE([6]Brewhouse!$AU$91:$AU$101,[6]Brewhouse!$AU$103:$AU$112,[6]Brewhouse!$AU$114:$AU$123,[6]Brewhouse!$AU$125:$AU$134,[6]Brewhouse!$AU$136:$AU$145,[6]Brewhouse!$AU$147:$AU$156,[6]Brewhouse!$AU$158:$AU$163) -> 96.240014 | N53: 98
I54: MAXIMALT | N54: 98
I55: MACKESON | M55: =AVERAGE([7]Brewhouse!$AT$74:$AT$79) -> 93.959836 | N55: 98
I56: STARMALT | K56: =COUNTA([8]Brewhouse!$A$249:$A$254) -> 6 | L56: =AVERAGE([8]Brewhouse!$AY$249:$AY$254) -> 99.681996 | M56: =AVERAGE([8]Brewhouse!$AY$138:$AY$143,[8]Brewhouse!$AY$145:$AY$153,[8]Brewhouse!$AY$155,[8]Brewhouse!$AY$156:$AY$174,[8]Brewhouse!$AY$176:$AY$185,[8]Brewhouse!$AY$187:$AY$198,[8]Brewhouse!$AY$200:$AY$247,[8]Brewhouse!$AY$249:$AY$254) -> 98.774703 | N56: 98
I57: HR- P | M57: =AVERAGE([9]Brewhouse!$AW$13:$AW$14,[9]Brewhouse!$AW$16:$AW$17) -> 92.042628 | N57: 98
I58: Hurricane Reef | M58: =AVERAGE([9]Brewhouse!$AW$13:$AW$14) -> 88.376943 | N58: 98
K59: =SUM(K50:K58) -> 76 | L59: =((L50*K50)+(L51*K51)+(L52*K52)+(L53*K53)+(L54*K54)+(K57*L57)+(L55*K55)+(L56*K56)+(L58*K58))/(K59) -> 97.965422 | M59: =AVERAGE('[10]Closing- January 2023'!$L$42,'[11]Feb. 28th'!$L$42,'[12]March 31st'!$L$75,'[13]Apri 28th'!$L$51,L59) -> 98.06926 | N59: 98
J62: Daily Brewing Plan
J63: Brand | K63: Brews Achieved | L63: Average Brews per day
J64: CARIB | L64: MTD | M64: YTD | N64: TARGET
J65: STAG | K65: 5 | L65: =AVERAGE(#REF!,#REF!,K74,#REF!,#REF!,#REF!,#REF!,#REF!,#REF!,#REF!,#REF!) -> #REF! | M65: =AVERAGE(6,6,'[12]March 31st'!$L$80,'[14]June 30th '!$L$71,6,L65,'[15]July 31st'!$L$108,'[16]Aug 30th'!$L$124,7,[17]Oct.31st!$L$51) -> #REF! | N65: 9
J66: GUINN
J67: VITAMALT
J68: STARMALT
J69: MACKESON
J70: HURRICANE REEF- IPA
J71: HURRICANE REEF- APA
B72: AVERAGE | D72: =AVERAGE(D50:E71) -> 11.73 | J72: HR- PILSNER
J73: CARIBE
J74: Total | K74: =SUM(K64:K73) -> 5
B75: Process: | C75: Fermentation/Filtration
B77: Brand | C77: Filt. Date | D77: FV Hls | E77: GFE/ Prim/ Vita Blend (Hls) | F77: SV Hls | G77: BBT Hls | H77: Loss (%) Ferm | I77: Loss (%) Filt | J77: Comments | K77: Throughput | L77: Process Loss (%) | M77: Filt. Operator
U78: 43466 | V78: 43467 | W78: 43468 | X78: 43469 | Y78: 43470 | Z78: 43471 | AA78: 43472 | AB78: 43473 | AC78: 43474 | AD78: 43475 | AE78: 43476 | AF78: 43477 | AG78: 43478 | AH78: 43479 | AI78: 43480 | AJ78: 43481 | AK78: 43482 | AL78: 43483 | AM78: 43484 | AN78: 43485 | AO78: 43486 | AP78: 43487 | AQ78: 43488 | AR78: 43489 | AS78: 43490 | AT78: 43491 | AU78: 43492 | AV78: 43493 | AW78: 43494 | AX78: 43495 | AY78: 43496
B79: STAG | C79: 45278 | D79: =[18]December_2023!$U$13 -> 150.4 | G79: =[18]December_2023!$U$17 -> 120.8 | J79: NO BREAK | K79: =[19]December_2023!$U$25 -> 0.42385965 | L79: =(((D79+E79)-G79)/(D79+E79))*100 -> 19.680851 | M79: K.Hosten | T79: hls
T80: Throughput | U80: =[20]January_2019!D8 -> #DIV/0! | V80: =[20]January_2019!E8 -> 1.0319298 | W80: =[20]January_2019!F8 -> 1.7789474 | X80: =[20]January_2019!G8 -> 0.51929825 | Y80: =[20]January_2019!H8 -> #DIV/0! | Z80: =[20]January_2019!I8 -> #DIV/0! | AA80: =[20]January_2019!J8 -> 1.3652632 | AB80: =[20]January_2019!K8 -> #DIV/0! | ... AY80: =[20]January_2019!AH8 -> #DIV/0!
B87: Process Loss (Volume) | G87: Process Loss (Extract) | K87: Throughput
B88: Brand | C88: Actual | D88: MTD | E88: YTD | F88: Target | G88: Actual | H88: MTD | I88: YTD | J88: Target | K88: Actual | L88: MTD | M88: YTD | N88: Target
B89: CARIB | D89: 5.181332 | E89: 6.6038503 | F89: 4.8 | H89: 5.2502762 | I89: 6.9665258 | J89: 4.8 | L89: 0.70807018 | M89: 0.77999467 | N89: 1
B90: STAG | C90: =AVERAGE(L79,L81) -> 19.680851 | D90: 6.5498915 | E90: 6.1662321 | F90: 4.8 | G90: =[18]December_2023!$U$21 -> 19.680851 | H90: 6.3458282 | I90: 5.9138834 | J90: 4.8 | K90: =AVERAGE(K79,K81) -> 0.42385965 | L90: 0.66137427 | M90: 0.71942944 | N90: 1
B91: GUINN | D91: 8.4423676 | E91: 8.9890455 | F91: 5.5 | H91: 5.9624998 | I91: 8.6652309 | J91: 5.5 | L91: 0.51561404 | M91: 0.65035608 | N91: 1
B92: VITAMALT | D92: 3.597848 | E92: 2.9936807 | F92: 3.3 | H92: 6.098202 | I92: 3.3134543 | J92: 3.3 | L92: 0.50298246 | M92: 1.0625518 | N92: 1
B93: MAXIMALT | F93: 3.3 | J93: 3 | N93: 1
B94: MACKESON | E94: 6.4174306 | F94: =[21]May_2022!$M$43 -> 3.4878407 | I94: 7.0730655 | J94: 5.5 | M94: 1.0342105 | N94: 1
B95: STARMALT | D95: 2.7692803 | E95: 3.0589058 | F95: 3.3 | H95: 4.2179953 | I95: 4.9470953 | J95: 3.3 | L95: 1.0594737 | M95: 1.0223839 | N95: 1
B96: HURRICANE REEF | E96: 11.178248 | F96: 7.5 | I96: 14.59851 | J96: 7.5 | M96: 0.30947368 | N96: 1
D97: 5.3927001 | E97: 6.2517133 | F97: 4.5 | H97: 5.4965257 | I97: 6.527958 | J97: 4.5 | L97: 0.69682018 | M97: 0.78265038 | N97: 1
AD110: :

Sheet Feb 3rd
T1: P.G. | V1: Hot Time | X1: Process Time | Z1: Cooling Time
B2: Brewing Department Daily Process Loss Report | T2: Lower | U2: Upper | V2: Lower | W2: Upper | X2: Lower | Y2: Upper | Z2: Lower | AA2: Upper
S3: CARIB | T3: 11.6 | U3: 12 | V3: 0 | W3: 0.11805556 | X3: 0.22569444 | Y3: 0.26388889 | Z3: 0 | AA3: 60 | AC3: HR- PISNER
B4: Date: | C4: 45691 | J4: LOT WORT COLOUR: 3.5 | M4: Filter Sheets (Target 20 days) | S4: STAG | T4: 11.6 | U4: 12 | V4: 0 | W4: 0.11805556 | X4: 0.22569444 | Y4: 0.26388889 | Z4: 0 | AA4: 60
M5: Double | N5: Single | S5: GUINNESS | T5: 17 | U5: 17.5 | V5: 0 | W5: 0.10763889 | X5: 0.24652778 | Y5: 0.28472222 | Z5: 0 | AA5: 60
J6: MALT LOT: Lot 24 | L6: Sheet Day | S6: MACKESON | T6: 13.3 | U6: 13.5 | V6: 0 | W6: 0.12905093 | X6: 0.27430556 | Y6: 0.30208333 | Z6: 0
S7: STARMALT | T7: 17.1 | U7: 17.5 | V7: 0 | W7: 0.13605324 | X7: 0.27430556 | Y7: 0.30902778 | Z7: 0 | AA7: 60
B8: Brand | C8: Brew no. | D8: Kett. Hls | E8: Wort | F8: Cool Time(Mins) | G8: Cast. P.G. (Lab Result) | H8: Cast P.G. (Cellar Operator)-gravity | I8: Extr. Rec (80.9%) | J8: Theor. Extr. (77.5%) | K8: Boil Off /Vol. (4-6%) | L8: Boil Time | M8: Total Hot | N8: Brewing | O8: Operator | P8: Comments | Q8: Actual Pilsen Malt | S8: Hurricane Reef | T8: 16.6 | U8: 17 | V8: 0 | W8: 0.12905093 | X8: 0.27430556 | Y8: 0.30208333 | Z8: 0
E9: Meter (Hls) | F9: Target(< 60Mins) | M9: Time | S9: VITAMALT | T9: 14.4 | U9: 14.6 | V9: 0 | W9: 0.13905093 | X9: 0.26041667 | Y9: 0.29513889 | Z9: 0 | AA9: 75
B10: CARIB | C10: =[22]Brewhouse!$A173 -> CA071 | D10: =[22]Brewhouse!$AF173 -> 53.2 | E10: =[22]Brewhouse!$AI173 -> 49.3 | F10: =[22]Brewhouse!$V173 -> 77 | G10: =[22]Brewhouse!$AG173 -> 11.6 | H10: 11.6 | I10: =[22]Brewhouse!$AU173 -> 91.322447 | J10: =[22]Brewhouse!$AV173 -> 95.159712 | K10: =[22]Brewhouse!$Q173 -> 7.4426808 | L10: =[22]Brewhouse!$P173 -> 63 | M10: =[22]Brewhouse!$U173-[22]Brewhouse!$T173 -> 0.12013889 | N10: =[22]Brewhouse!$Z173 -> 0.26875 | O10: =[22]Brewhouse!$AX173 -> K.Benjamin | S10: =B10 -> CARIB | T10: =VLOOKUP($B10,$S$3:$Y$9,2,FALSE) -> 11.6 | U10: =VLOOKUP($B10,$S$3:$Y$9,3,FALSE) -> 12 | V10: =VLOOKUP($B10,$S$3:$Y$9,4,FALSE) -> 0 | W10: =VLOOKUP($B10,$S$3:$Y$9,5,FALSE) -> 0.11805556 | X10: =VLOOKUP($B10,$S$3:$Y$9,6,FALSE) -> 0.22569444 | Y10: =VLOOKUP($B10,$S$3:$Y$9,7,FALSE) -> 0.26388889 | Z10: =VLOOKUP($B10,$S$3:$AA$9,8,FALSE) -> 0 | AA10: =VLOOKUP($B10,$S$3:$AA$9,9,FALSE) -> 60
B11: CARIB | C11: =[22]Brewhouse!$A174 -> CA072 | D11: =[22]Brewhouse!$AF174 -> 53.1 | E11: =[22]Brewhouse!$AI174 -> 49.8 | F11: =[22]Brewhouse!$V174 -> 77 | G11: =[22]Brewhouse!$AG174 -> 11.9 | H11: 11.9 | I11: =[22]Brewhouse!$AU174 -> 94.643337 | J11: =[22]Brewhouse!$AV174 -> 98.620358 | K11: =[22]Brewhouse!$Q174 -> 7.2432432 | L11: =[22]Brewhouse!$P174 -> 62 | M11: =[22]Brewhouse!$U174-[22]Brewhouse!$T174 -> 0.12569444 | N11: =[22]Brewhouse!$Z174 -> 0.27291667 | O11: =[22]Brewhouse!$AX174 -> K.Benjamin | S11: =B11 -> CARIB | T11: =VLOOKUP($B11,$S$3:$Y$9,2,FALSE) -> 11.6 | U11: =VLOOKUP($B11,$S$3:$Y$9,3,FALSE) -> 12 | V11: =VLOOKUP($B11,$S$3:$Y$9,4,FALSE) -> 0 | W11: =VLOOKUP($B11,$S$3:$Y$9,5,FALSE) -> 0.11805556 | X11: =VLOOKUP($B11,$S$3:$Y$9,6,FALSE) -> 0.22569444 | Y11: =VLOOKUP($B11,$S$3:$Y$9,7,FALSE) -> 0.26388889 | Z11: =VLOOKUP($B11,$S$3:$AA$9,8,FALSE) -> 0 | AA11: =VLOOKUP($B11,$S$3:$AA$9,9,FALSE) -> 60
S12: =B12 -> 0 | T12: =VLOOKUP($B12,$S$3:$Y$9,2,FALSE) -> #N/A | U12: =VLOOKUP($B12,$S$3:$Y$9,3,FALSE) -> #N/A | V12: =VLOOKUP($B12,$S$3:$Y$9,4,FALSE) -> #N/A | W12: =VLOOKUP($B12,$S$3:$Y$9,5,FALSE) -> #N/A | X12: =VLOOKUP($B12,$S$3:$Y$9,6,FALSE) -> #N/A | Y12: =VLOOKUP($B12,$S$3:$Y$9,7,FALSE) -> #N/A | Z12: =VLOOKUP($B12,$S$3:$AA$9,8,FALSE) -> #N/A | AA12: =VLOOKUP($B12,$S$3:$AA$9,9,FALSE) -> #N/A
B13: GUINNESS | C13: =[23]Brewhouse!$A9 -> GU005 | D13: =[23]Brewhouse!$AF9 -> 60 | E13: =[23]Brewhouse!$AI9 -> 54 | F13: =[23]Brewhouse!$V9 -> 122 | G13: =[23]Brewhouse!$AG9 -> 17.2 | H13: 17.1 | I13: =[23]Brewhouse!$AU9 -> 96.878659 | J13: =[23]Brewhouse!$AV9 -> 99.01592 | K13: =[23]Brewhouse!$R9 -> 0.99145299 | L13: =[23]Brewhouse!$O9 -> 60 | M13: =[23]Brewhouse!$U9-[23]Brewhouse!$T9 -> 0.13472222 | N13: =[23]Brewhouse!$Z9 -> 0.27847222 | O13: =[23]Brewhouse!$AW9 -> K. Benjamin | S13: =B13 -> GUINNESS | T13: =VLOOKUP($B13,$S$3:$Y$9,2,FALSE) -> 17 | U13: =VLOOKUP($B13,$S$3:$Y$9,3,FALSE) -> 17.5 | V13: =VLOOKUP($B13,$S$3:$Y$9,4,FALSE) -> 0 | W13: =VLOOKUP($B13,$S$3:$Y$9,5,FALSE) -> 0.10763889 | X13: =VLOOKUP($B13,$S$3:$Y$9,6,FALSE) -> 0.24652778 | Y13: =VLOOKUP($B13,$S$3:$Y$9,7,FALSE) -> 0.28472222 | Z13: =VLOOKUP($B13,$S$3:$AA$9,8,FALSE) -> 0 | AA13: =VLOOKUP($B13,$S$3:$AA$9,9,FALSE) -> 60
B14: GUINNESS | C14: =[23]Brewhouse!$A10 -> GU006 | D14: =[23]Brewhouse!$AF10 -> 58.2 | E14: =[23]Brewhouse!$AI10 -> 53.3 | F14: =[23]Brewhouse!$V10 -> 82 | G14: =[23]Brewhouse!$AG10 -> 17.2 | H14: 17.1 | I14: =[23]Brewhouse!$AU10 -> 95.77155 | J14: =[23]Brewhouse!$AV10 -> 97.883574 | K14: =[23]Brewhouse!$R10 -> 0.83333333 | L14: =[23]Brewhouse!$O10 -> 59 | M14: =[23]Brewhouse!$U10-[23]Brewhouse!$T10 -> 0.125 | N14: =[23]Brewhouse!$Z10 -> 0.27916667 | O14: =[23]Brewhouse!$AW10 -> R. Regis | S14: =B14 -> GUINNESS | T14: =VLOOKUP($B14,$S$3:$Y$9,2,FALSE) -> 17 | U14: =VLOOKUP($B14,$S$3:$Y$9,3,FALSE) -> 17.5 | V14: =VLOOKUP($B14,$S$3:$Y$9,4,FALSE) -> 0 | W14: =VLOOKUP($B14,$S$3:$Y$9,5,FALSE) -> 0.10763889 | X14: =VLOOKUP($B14,$S$3:$Y$9,6,FALSE) -> 0.24652778 | Y14: =VLOOKUP($B14,$S$3:$Y$9,7,FALSE) -> 0.28472222 | Z14: =VLOOKUP($B14,$S$3:$AA$9,8,FALSE) -> 0 | AA14: =VLOOKUP($B14,$S$3:$AA$9,9,FALSE) -> 60
B15: GUINNESS | C15: =[23]Brewhouse!$A11 -> GU007 | D15: =[23]Brewhouse!$AF11 -> 58.3 | E15: =[23]Brewhouse!$AI11 -> 53.4 | F15: =[23]Brewhouse!$V11 -> 84 | G15: =[23]Brewhouse!$AG11 -> 17.12 | H15: 17.1 | I15: =[23]Brewhouse!$AU11 -> 97.655043 | J15: =[23]Brewhouse!$AV11 -> 99.863657 | K15: =[23]Brewhouse!$R11 -> 1.0086957 | L15: =[23]Brewhouse!$O11 -> 58 | M15: =[23]Brewhouse!$U11-[23]Brewhouse!$T11 -> 0.13263889 | N15: =[23]Brewhouse!$Z11 -> 0.29652778 | O15: =[23]Brewhouse!$AW11 -> R. Regis | S15: =B15 -> GUINNESS | T15: =VLOOKUP($B15,$S$3:$Y$9,2,FALSE) -> 17 | U15: =VLOOKUP($B15,$S$3:$Y$9,3,FALSE) -> 17.5 | V15: =VLOOKUP($B15,$S$3:$Y$9,4,FALSE) -> 0 | W15: =VLOOKUP($B15,$S$3:$Y$9,5,FALSE) -> 0.10763889 | X15: =VLOOKUP($B15,$S$3:$Y$9,6,FALSE) -> 0.24652778 | Y15: =VLOOKUP($B15,$S$3:$Y$9,7,FALSE) -> 0.28472222 | Z15: =VLOOKUP($B15,$S$3:$AA$9,8,FALSE) -> 0 | AA15: =VLOOKUP($B15,$S$3:$AA$9,9,FALSE) -> 60
B16: GUINNESS | C16: =[23]Brewhouse!$A12 -> GU008 | D16: =[23]Brewhouse!$AF12 -> 57.7 | E16: =[23]Brewhouse!$AI12 -> 52.7 | F16: =[23]Brewhouse!$V12 -> 81 | G16: =[23]Brewhouse!$AG12 -> 17.3 | H16: 17.1 | I16: =[23]Brewhouse!$AU12 -> 97.588179 | J16: =[23]Brewhouse!$AV12 -> 99.795281 | K16: =[23]Brewhouse!$R12 -> -1.5944541 | L16: =[23]Brewhouse!$O12 -> 58 | M16: =[23]Brewhouse!$U12-[23]Brewhouse!$T12 -> 0.14375 | N16: =[23]Brewhouse!$Z12 -> 0.31736111 | O16: =[23]Brewhouse!$AW12 -> R.Sookram | S16: =B16 -> GUINNESS | T16: =VLOOKUP($B16,$S$3:$Y$9,2,FALSE) -> 17 | U16: =VLOOKUP($B16,$S$3:$Y$9,3,FALSE) -> 17.5 | V16: =VLOOKUP($B16,$S$3:$Y$9,4,FALSE) -> 0 | W16: =VLOOKUP($B16,$S$3:$Y$9,5,FALSE) -> 0.10763889 | X16: =VLOOKUP($B16,$S$3:$Y$9,6,FALSE) -> 0.24652778 | Y16: =VLOOKUP($B16,$S$3:$Y$9,7,FALSE) -> 0.28472222 | Z16: =VLOOKUP($B16,$S$3:$AA$9,8,FALSE) -> 0 | AA16: =VLOOKUP($B16,$S$3:$AA$9,9,FALSE) -> 60
B17: GUINNESS | C17: =[23]Brewhouse!$A13 -> GU009 | D17: =[23]Brewhouse!$AF13 -> 57.3 | E17: =[23]Brewhouse!$AI13 -> 52.5 | F17: =[23]Brewhouse!$V13 -> 82 | G17: =[23]Brewhouse!$AG13 -> 17.4 | H17: 17.1 | I17: =[23]Brewhouse!$AU13 -> 95.484973 | J17: =[23]Brewhouse!$AV13 -> 97.590271 | K17: =[23]Brewhouse!$R13 -> -0.035523979 | L17: =[23]Brewhouse!$O13 -> 55 | M17: =[23]Brewhouse!$U13-[23]Brewhouse!$T13 -> 0.12361111 | N17: =[23]Brewhouse!$Z13 -> 0.29305556 | O17: =[23]Brewhouse!$AW13 -> R.Sookram | S17: =B17 -> GUINNESS | T17: =VLOOKUP($B17,$S$3:$Y$9,2,FALSE) -> 17 | U17: =VLOOKUP($B17,$S$3:$Y$9,3,FALSE) -> 17.5 | V17: =VLOOKUP($B17,$S$3:$Y$9,4,FALSE) -> 0 | W17: =VLOOKUP($B17,$S$3:$Y$9,5,FALSE) -> 0.10763889 | X17: =VLOOKUP($B17,$S$3:$Y$9,6,FALSE) -> 0.24652778 | Y17: =VLOOKUP($B17,$S$3:$Y$9,7,FALSE) -> 0.28472222 | Z17: =VLOOKUP($B17,$S$3:$AA$9,8,FALSE) -> 0 | AA17: =VLOOKUP($B17,$S$3:$AA$9,9,FALSE) -> 60
B18: GUINNESS | C18: =[23]Brewhouse!$A14 -> GU010 | D18: =[23]Brewhouse!$AF14 -> 57.3 | E18: =[23]Brewhouse!$AI14 -> 52.5 | F18: =[23]Brewhouse!$V14 -> 85 | G18: =[23]Brewhouse!$AG14 -> 17.1 | H18: 17.1 | I18: =[23]Brewhouse!$AU14 -> 96.085762 | J18: =[23]Brewhouse!$AV14 -> 98.258509 | K18: =[23]Brewhouse!$R14 -> -0.035587189 | L18: =[23]Brewhouse!$O14 -> 56 | M18: =[23]Brewhouse!$U14-[23]Brewhouse!$T14 -> 0.14652778 | N18: =[23]Brewhouse!$Z14 -> 0.33541667 | O18: =[23]Brewhouse!$AW14 -> R.Sookram | S18: =B18 -> GUINNESS | T18: =VLOOKUP($B18,$S$3:$Y$9,2,FALSE) -> 17 | U18: =VLOOKUP($B18,$S$3:$Y$9,3,FALSE) -> 17.5 | V18: =VLOOKUP($B18,$S$3:$Y$9,4,FALSE) -> 0 | W18: =VLOOKUP($B18,$S$3:$Y$9,5,FALSE) -> 0.10763889 | X18: =VLOOKUP($B18,$S$3:$Y$9,6,FALSE) -> 0.24652778 | Y18: =VLOOKUP($B18,$S$3:$Y$9,7,FALSE) -> 0.28472222 | Z18: =VLOOKUP($B18,$S$3:$AA$9,8,FALSE) -> 0 | AA18: =VLOOKUP($B18,$S$3:$AA$9,9,FALSE) -> 60
S19: =B19 -> 0 | T19: =VLOOKUP($B19,$S$3:$Y$9,2,FALSE) -> #N/A | U19: =VLOOKUP($B19,$S$3:$Y$9,3,FALSE) -> #N/A | V19: =VLOOKUP($B19,$S$3:$Y$9,4,FALSE) -> #N/A | W19: =VLOOKUP($B19,$S$3:$Y$9,5,FALSE) -> #N/A | X19: =VLOOKUP($B19,$S$3:$Y$9,6,FALSE) -> #N/A | Y19: =VLOOKUP($B19,$S$3:$Y$9,7,FALSE) -> #N/A | Z19: =VLOOKUP($B19,$S$3:$AA$9,8,FALSE) -> #N/A | AA19: =VLOOKUP($B19,$S$3:$AA$9,9,FALSE) -> #N/A
S20: =B20 -> 0 | T20: =VLOOKUP($B20,$S$3:$Y$9,2,FALSE) -> #N/A | U20: =VLOOKUP($B20,$S$3:$Y$9,3,FALSE) -> #N/A | V20: =VLOOKUP($B20,$S$3:$Y$9,4,FALSE) -> #N/A | W20: =VLOOKUP($B20,$S$3:$Y$9,5,FALSE) -> #N/A | X20: =VLOOKUP($B20,$S$3:$Y$9,6,FALSE) -> #N/A | Y20: =VLOOKUP($B20,$S$3:$Y$9,7,FALSE) -> #N/A | Z20: =VLOOKUP($B20,$S$3:$AA$9,8,FALSE) -> #N/A | AA20: =VLOOKUP($B20,$S$3:$AA$9,9,FALSE) -> #N/A
S21: =B21 -> 0 | T21: =VLOOKUP($B21,$S$3:$Y$9,2,FALSE) -> #N/A | U21: =VLOOKUP($B21,$S$3:$Y$9,3,FALSE) -> #N/A | V21: =VLOOKUP($B21,$S$3:$Y$9,4,FALSE) -> #N/A | W21: =VLOOKUP($B21,$S$3:$Y$9,5,FALSE) -> #N/A | X21: =VLOOKUP($B21,$S$3:$Y$9,6,FALSE) -> #N/A | Y21: =VLOOKUP($B21,$S$3:$Y$9,7,FALSE) -> #N/A | Z21: =VLOOKUP($B21,$S$3:$AA$9,8,FALSE) -> #N/A | AA21: =VLOOKUP($B21,$S$3:$AA$9,9,FALSE) -> #N/A
S22: =B22 -> 0 | T22: =VLOOKUP($B22,$S$3:$Y$9,2,FALSE) -> #N/A | U22: =VLOOKUP($B22,$S$3:$Y$9,3,FALSE) -> #N/A | V22: =VLOOKUP($B22,$S$3:$Y$9,4,FALSE) -> #N/A | W22: =VLOOKUP($B22,$S$3:$Y$9,5,FALSE) -> #N/A | X22: =VLOOKUP($B22,$S$3:$Y$9,6,FALSE) -> #N/A | Y22: =VLOOKUP($B22,$S$3:$Y$9,7,FALSE) -> #N/A | Z22: =VLOOKUP($B22,$S$3:$AA$9,8,FALSE) -> #N/A | AA22: =VLOOKUP($B22,$S$3:$AA$9,9,FALSE) -> #N/A
S23: =B23 -> 0 | T23: =VLOOKUP($B23,$S$3:$Y$9,2,FALSE) -> #N/A | U23: =VLOOKUP($B23,$S$3:$Y$9,3,FALSE) -> #N/A | V23: =VLOOKUP($B23,$S$3:$Y$9,4,FALSE) -> #N/A | W23: =VLOOKUP($B23,$S$3:$Y$9,5,FALSE) -> #N/A | X23: =VLOOKUP($B23,$S$3:$Y$9,6,FALSE) -> #N/A | Y23: =VLOOKUP($B23,$S$3:$Y$9,7,FALSE) -> #N/A | Z23: =VLOOKUP($B23,$S$3:$AA$9,8,FALSE) -> #N/A | AA23: =VLOOKUP($B23,$S$3:$AA$9,9,FALSE) -> #N/A
S24: =B24 -> 0 | T24: =VLOOKUP($B24,$S$3:$Y$9,2,FALSE) -> #N/A | U24: =VLOOKUP($B24,$S$3:$Y$9,3,FALSE) -> #N/A | V24: =VLOOKUP($B24,$S$3:$Y$9,4,FALSE) -> #N/A | W24: =VLOOKUP($B24,$S$3:$Y$9,5,FALSE) -> #N/A | X24: =VLOOKUP($B24,$S$3:$Y$9,6,FALSE) -> #N/A | Y24: =VLOOKUP($B24,$S$3:$Y$9,7,FALSE) -> #N/A | Z24: =VLOOKUP($B24,$S$3:$AA$9,8,FALSE) -> #N/A | AA24: =VLOOKUP($B24,$S$3:$AA$9,9,FALSE) -> #N/A
S25: =B25 -> 0 | T25: =VLOOKUP($B25,$S$3:$Y$9,2,FALSE) -> #N/A | U25: =VLOOKUP($B25,$S$3:$Y$9,3,FALSE) -> #N/A | V25: =VLOOKUP($B25,$S$3:$Y$9,4,FALSE) -> #N/A | W25: =VLOOKUP($B25,$S$3:$Y$9,5,FALSE) -> #N/A | X25: =VLOOKUP($B25,$S$3:$Y$9,6,FALSE) -> #N/A | Y25: =VLOOKUP($B25,$S$3:$Y$9,7,FALSE) -> #N/A | Z25: =VLOOKUP($B25,$S$3:$AA$9,8,FALSE) -> #N/A | AA25: =VLOOKUP($B25,$S$3:$AA$9,9,FALSE) -> #N/A
S26: =B26 -> 0 | T26: =VLOOKUP($B26,$S$3:$Y$9,2,FALSE) -> #N/A | U26: =VLOOKUP($B26,$S$3:$Y$9,3,FALSE) -> #N/A | V26: =VLOOKUP($B26,$S$3:$Y$9,4,FALSE) -> #N/A | W26: =VLOOKUP($B26,$S$3:$Y$9,5,FALSE) -> #N/A | X26: =VLOOKUP($B26,$S$3:$Y$9,6,FALSE) -> #N/A | Y26: =VLOOKUP($B26,$S$3:$Y$9,7,FALSE) -> #N/A | Z26: =VLOOKUP($B26,$S$3:$AA$9,8,FALSE) -> #N/A | AA26: =VLOOKUP($B26,$S$3:$AA$9,9,FALSE) -> #N/A
S27: =B27 -> 0 | T27: =VLOOKUP($B27,$S$3:$Y$9,2,FALSE) -> #N/A | U27: =VLOOKUP($B27,$S$3:$Y$9,3,FALSE) -> #N/A | V27: =VLOOKUP($B27,$S$3:$Y$9,4,FALSE) -> #N/A | W27: =VLOOKUP($B27,$S$3:$Y$9,5,FALSE) -> #N/A | X27: =VLOOKUP($B27,$S$3:$Y$9,6,FALSE) -> #N/A | Y27: =VLOOKUP($B27,$S$3:$Y$9,7,FALSE) -> #N/A | Z27: =VLOOKUP($B27,$S$3:$AA$9,8,FALSE) -> #N/A | AA27: =VLOOKUP($B27,$S$3:$AA$9,9,FALSE) -> #N/A
S28: =B28 -> 0 | T28: =VLOOKUP($B28,$S$3:$Y$9,2,FALSE) -> #N/A | U28: =VLOOKUP($B28,$S$3:$Y$9,3,FALSE) -> #N/A | V28: =VLOOKUP($B28,$S$3:$Y$9,4,FALSE) -> #N/A | W28: =VLOOKUP($B28,$S$3:$Y$9,5,FALSE) -> #N/A | X28: =VLOOKUP($B28,$S$3:$Y$9,6,FALSE) -> #N/A | Y28: =VLOOKUP($B28,$S$3:$Y$9,7,FALSE) -> #N/A | Z28: =VLOOKUP($B28,$S$3:$AA$9,8,FALSE) -> #N/A | AA28: =VLOOKUP($B28,$S$3:$AA$9,9,FALSE) -> #N/A
S29: =B29 -> 0 | T29: =VLOOKUP($B29,$S$3:$Y$9,2,FALSE) -> #N/A | U29: =VLOOKUP($B29,$S$3:$Y$9,3,FALSE) -> #N/A | V29: =VLOOKUP($B29,$S$3:$Y$9,4,FALSE) -> #N/A | W29: =VLOOKUP($B29,$S$3:$Y$9,5,FALSE) -> #N/A | X29: =VLOOKUP($B29,$S$3:$Y$9,6,FALSE) -> #N/A | Y29: =VLOOKUP($B29,$S$3:$Y$9,7,FALSE) -> #N/A | Z29: =VLOOKUP($B29,$S$3:$AA$9,8,FALSE) -> #N/A | AA29: =VLOOKUP($B29,$S$3:$AA$9,9,FALSE) -> #N/A
S30: =B30 -> 0 | T30: =VLOOKUP($B30,$S$3:$Y$9,2,FALSE) -> #N/A | U30: =VLOOKUP($B30,$S$3:$Y$9,3,FALSE) -> #N/A | V30: =VLOOKUP($B30,$S$3:$Y$9,4,FALSE) -> #N/A | W30: =VLOOKUP($B30,$S$3:$Y$9,5,FALSE) -> #N/A | X30: =VLOOKUP($B30,$S$3:$Y$9,6,FALSE) -> #N/A | Y30: =VLOOKUP($B30,$S$3:$Y$9,7,FALSE) -> #N/A | Z30: =VLOOKUP($B30,$S$3:$AA$9,8,FALSE) -> #N/A | AA30: =VLOOKUP($B30,$S$3:$AA$9,9,FALSE) -> #N/A
... S52: =B52 -> 0 | T52: =VLOOKUP($B52,$S$3:$Y$9,2,FALSE) -> #N/A | U52: =VLOOKUP($B52,$S$3:$Y$9,3,FALSE) -> #N/A | V52: =VLOOKUP($B52,$S$3:$Y$9,4,FALSE) -> #N/A | W52: =VLOOKUP($B52,$S$3:$Y$9,5,FALSE) -> #N/A | X52: =VLOOKUP($B52,$S$3:$Y$9,6,FALSE) -> #N/A | Y52: =VLOOKUP($B52,$S$3:$Y$9,7,FALSE) -> #N/A | Z52: =VLOOKUP($B52,$S$3:$AA$9,8,FALSE) -> #N/A | AA52: =VLOOKUP($B52,$S$3:$AA$9,9,FALSE) -> #N/A
I53: EXTRACT RECOVERY
B54: BRAND | D54: BBT P.G./ O.G | I54: Brand | J54: Actual | K54: MTD No. of Brews | L54: MTD | M54: YTD | N54: Target
B55: CARIB | C55: {=[22]Process!$D$119:$D$126} -> 11.58 | D55: 11.7 | I55: CARIB | J55: =AVERAGE(I10:I11) -> 92.982892 | K55: =COUNTA([22]Brewhouse!$A$173:$A$174) -> 2 | L55: =AVERAGE([22]Brewhouse!$AU$173:$AU$174) -> 92.982892 | M55: =AVERAGE([22]Brewhouse!$AU$102:$AU$171,[22]Brewhouse!$AU$173:$AU$174) -> 94.53179 | N55: 98
C56: 11.81 | I56: STAG | M56: =AVERAGE([24]Brewhouse!$AS$15:$AS$64) -> 96.077332 | N56: 98
C57: 11.83 | D57: 11.7 | I57: GUINNESS | J57: =AVERAGE(I13:I18) -> 96.577361 | K57: =COUNTA([23]Brewhouse!$A$9:$A$14) -> 6 | L57: =AVERAGE([23]Brewhouse!$AU$9:$AU$14) -> 96.577361 | M57: =AVERAGE([23]Brewhouse!$AU$4:$AU$7,[23]Brewhouse!$AU$9:$AU$14) -> 96.787192 | N57: 98
C58: 11.8 | I58: VITAMALT | M58: =AVERAGE([25]Brewhouse!$AV$5:$AV$14) -> 97.717673 | N58: 98
C59: 11.8 | D59: 11.8 | I59: MAXIMALT | N59: 98
C60: 11.9 | I60: MACKESON | M60: =AVERAGE([26]Brewhouse!$AT$4:$AT$11) -> 94.812617 | N60: 98
C61: 11.7 | D61: 11.8 | I61: STARMALT | M61: =AVERAGE([27]Brewhouse!$AY$6:$AY$13) -> 93.094806 | N61: 98
C62: 11.8 | I62: HR- Pils | M62: =AVERAGE([28]Brewhouse!$AU$5:$AU$8) -> 91.006888 | N62: 98
I63: HR- IPA
I64: HR- APA | N64: 98
K65: =SUM(K55:K64) -> 8 | L65: =((L55*K55)+(L56*K56)+(L57*K57)+(L58*K58)+(L59*K59)+(K62*L62)+(L60*K60)+(L61*K61)+(L64*K64))/(K65) -> 95.678744 | M65: =L65 -> 95.678744 | N65: 98
B67: STAG | C67: {=[24]Process!$D$29:$D$36} -> 11.9 | D67: 11.8 | J67: Daily Brewing Plan
C68: 11.9 | J68: Brand | K68: Brews Achieved | L68: Average Brews per day
C69: 11.7 | D69: 11.9 | J69: CARIB | K69: =COUNTA(C10:C11) -> 2 | L69: MTD | M69: YTD | N69: TARGET
C70: 11.9 | J70: STAG | L70: =SUM(K69,K71) -> 8 | M70: =AVERAGE('[29]Jan 29th '!$M$70,L70) -> 7.25
C71: 11.8 | D71: 11.8 | J71: GUINN | K71: =COUNTA(C13:C18) -> 6
C72: 11.7 | J72: VITAMALT
C73: 11.7 | D73: 11.9 | J73: STARMALT
C74: 11.7 | J74: MACKESON
J75: HURRICANE REEF- IPA
J76: HURRICANE REEF- APA
B77: AVERAGE | D77: =AVERAGE(D55:E76) -> 11.8 | J77: HR- PILSNER
J78: CARIBE
J79: Total | K79: =SUM(K69:K78) -> 8
B80: Process: | C80: Fermentation/Filtration
B82: Brand | C82: Filt. Date | D82: FV Hls | E82: GFE/ Prim/ Vita Blend (Hls) | F82: SV Hls | G82: BBT Hls | H82: Loss (%) Ferm | I82: Loss (%) Filt | J82: Comments | K82: Throughput | L82: Process Loss (%) | M82: Filt. Operator
U83: 43466 | V83: 43467 | W83: 43468 | X83: 43469 | Y83: 43470 | Z83: 43471 | AA83: 43472 | AB83: 43473 | AC83: 43474 | AD83: 43475 | AE83: 43476 | AF83: 43477 | AG83: 43478 | AH83: 43479 | AI83: 43480 | AJ83: 43481 | AK83: 43482 | AL83: 43483 | AM83: 43484 | AN83: 43485 | AO83: 43486 | AP83: 43487 | AQ83: 43488 | AR83: 43489 | AS83: 43490 | AT83: 43491 | AU83: 43492 | AV83: 43493 | AW83: 43494 | AX83: 43495 | AY83: 43496
B84: =J69 -> CARIB | C84: 45691 | D84: =[30]February_2025!$F$3 -> 401.2 | F84: =SUM([31]CARIB!$L$7) -> 394 | G84: =[30]February_2025!$F$7 -> 376 | H84: =(D84-F84)/D84*100 -> 1.7946162 | I84: =((F84+E84)-G84)/(F84+E84)*100 -> 4.5685279 | J84: 1 Break | K84: =[32]February_2025!$F$18 -> 0.65964912 | L84: =(((D84+E84)-G84)/(D84+E84))*100 -> 6.2811565 | M84: D. Emery | T84: hls
T85: Throughput | U85: =[20]January_2019!D8 -> #DIV/0! | V85: =[20]January_2019!E8 -> 1.0319298 | W85: =[20]January_2019!F8 -> 1.7789474 | X85: =[20]January_2019!G8 -> 0.51929825 | Y85: =[20]January_2019!H8 -> #DIV/0! | Z85: =[20]January_2019!I8 -> #DIV/0! | AA85: =[20]January_2019!J8 -> 1.3652632 | AB85: =[20]January_2019!K8 -> #DIV/0! | ... AY85: =[20]January_2019!AH8 -> #DIV/0!
B86: =I56 -> STAG | C86: 45691 | D86: =[30]February_2025!$F$13 -> 400.3 | F86: =SUM([31]STAG!$L$6:$L$13) -> 390 | G86: =[30]February_2025!$F$17 -> 379.4 | H86: =(D86-F86)/D86*100 -> 2.5730702 | I86: =((F86+E86)-G86)/(F86+E86)*100 -> 2.7179487 | J86: NO Break | K86: =[32]February_2025!$F$25 -> 0.9485 | L86: =(((D86+E86)-G86)/(D86+E86))*100 -> 5.2210842 | M86: J. Nelson
J88: NO Break
B92: Process Loss (Volume) | G92: Process Loss (Extract) | K92: Throughput
B93: Brand | C93: Actual | D93: MTD | E93: YTD | F93: Target | G93: Actual | H93: MTD | I93: YTD | J93: Target | K93: Actual | L93: MTD | M93: YTD | N93: Target
B94: CARIB | C94: =L84 -> 6.2811565 | D94: 6.2811565 | E94: 7.106084 | F94: 4.8 | G94: =[30]February_2025!$F$11 -> 5.6720982 | H94: 5.6720982 | I94: 9.2783449 | J94: 4.8 | K94: =K84 -> 0.65964912 | L94: 0.65964912 | M94: 0.98457735 | N94: 1
B95: STAG | C95: =L86 -> 5.2210842 | D95: 5.2210842 | E95: 7.0049934 | F95: 4.8 | G95: =[30]February_2025!$F$21 -> 5.6054269 | H95: 5.6054269 | I95: 10.863101 | J95: 4.8 | K95: =K86 -> 0.9485 | L95: 1.3312281 | M95: 0.97131579 | N95: 1
B96: GUINN | E96: 9.8890462 | F96: 5.5 | I96: 2.6473552 | J96: 5.5 | M96: 1.0392982 | N96: 1
B97: VITAMALT | E97: 3.405687 | F97: 3.3 | I97: 6.6434583 | J97: 3.3 | M97: 0.83350877 | N97: 1
B98: MAXIMALT | E98: 8.8295688 | F98: 3.3 | J98: 3 | N98: 1
B99: MACKESON | E99: 9.969885 | F99: =[21]May_2022!$M$43 -> 3.4878407 | I99: 10.607236 | J99: 5.5 | M99: 0.66824561 | N99: 1
B100: STARMALT | E100: 4.851724 | F100: 3.3 | I100: 4.0624079 | J100: 3.3 | M100: 0.69842105 | N100: 1
B101: HURRICANE REEF | E101: 14.011128 | F101: 7.5 | J101: 7.5 | N101: 1
D102: 5.7517155 | E102: 6.9805899 | F102: 4.5 | H102: 6.8893191 | I102: 8.462142 | J102: 4.5 | L102: 0.83702868 | M102: 0.91614833 | N102: 1
AD115: :

Sheet Feb 4th
T1: P.G. | V1: Hot Time | X1: Process Time | Z1: Cooling Time
B2: Brewing Department Daily Process Loss Report | T2: Lower | U2: Upper | V2: Lower | W2: Upper | X2: Lower | Y2: Upper | Z2: Lower | AA2: Upper
S3: CARIB | T3: 11.6 | U3: 12 | V3: 0 | W3: 0.11805556 | X3: 0.22569444 | Y3: 0.26388889 | Z3: 0 | AA3: 60 | AC3: HR- PISNER
B4: Date: | C4: 45692 | J4: LOT WORT COLOUR: 3.5 | M4: Filter Sheets (Target 20 days) | S4: STAG | T4: 11.6 | U4: 12 | V4: 0 | W4: 0.11805556 | X4: 0.22569444 | Y4: 0.26388889 | Z4: 0 | AA4: 60
M5: Double | N5: Single | S5: GUINNESS | T5: 17 | U5: 17.5 | V5: 0 | W5: 0.10763889 | X5: 0.24652778 | Y5: 0.28472222 | Z5: 0 | AA5: 60
J6: MALT LOT: Lot 24 | L6: Sheet Day | S6: MACKESON | T6: 13.3 | U6: 13.5 | V6: 0 | W6: 0.12905093 | X6: 0.27430556 | Y6: 0.30208333 | Z6: 0
S7: STARMALT | T7: 17.1 | U7: 17.5 | V7: 0 | W7: 0.13605324 | X7: 0.27430556 | Y7: 0.30902778 | Z7: 0 | AA7: 60
B8: Brand | C8: Brew no. | D8: Kett. Hls | E8: Wort | F8: Cool Time(Mins) | G8: Cast. P.G. (Lab Result) | H8: Cast P.G. (Cellar Operator)-gravity | I8: Extr. Rec (80.9%) | J8: Theor. Extr. (77.5%) | K8: Boil Off /Vol. (4-6%) | L8: Boil Time | M8: Total Hot | N8: Brewing | O8: Operator | P8: Comments | Q8: Actual Pilsen Malt | S8: Hurricane Reef | T8: 16.6 | U8: 17 | V8: 0 | W8: 0.12905093 | X8: 0.27430556 | Y8: 0.30208333 | Z8: 0
E9: Meter (Hls) | F9: Target(< 60Mins) | M9: Time | S9: VITAMALT | T9: 14.4 | U9: 14.6 | V9: 0 | W9: 0.13905093 | X9: 0.26041667 | Y9: 0.29513889 | Z9: 0 | AA9: 75
B10: CARIB | C10: =[22]Brewhouse!$A175 -> CA073 | D10: =[22]Brewhouse!$AF175 -> 53.3 | E10: =[22]Brewhouse!$AI175 -> 49.4 | F10: =[22]Brewhouse!$V175 -> 57 | G10: =[22]Brewhouse!$AG175 -> 11.6 | H10: 11.6 | I10: =[22]Brewhouse!$AU175 -> 90.625658 | J10: =[22]Brewhouse!$AV175 -> 94.279176 | K10: =[22]Brewhouse!$Q175 -> 7.754386 | L10: =[22]Brewhouse!$P175 -> 57 | M10: =[22]Brewhouse!$U175-[22]Brewhouse!$T175 -> 0.10763889 | N10: =[22]Brewhouse!$Z175 -> 0.27777778 | O10: =[22]Brewhouse!$AX175 -> R.Sookram | S10: =B10 -> CARIB | T10: =VLOOKUP($B10,$S$3:$Y$9,2,FALSE) -> 11.6 | U10: =VLOOKUP($B10,$S$3:$Y$9,3,FALSE) -> 12 | V10: =VLOOKUP($B10,$S$3:$Y$9,4,FALSE) -> 0 | W10: =VLOOKUP($B10,$S$3:$Y$9,5,FALSE) -> 0.11805556 | X10: =VLOOKUP($B10,$S$3:$Y$9,6,FALSE) -> 0.22569444 | Y10: =VLOOKUP($B10,$S$3:$Y$9,7,FALSE) -> 0.26388889 | Z10: =VLOOKUP($B10,$S$3:$AA$9,8,FALSE) -> 0 | AA10: =VLOOKUP($B10,$S$3:$AA$9,9,FALSE) -> 60
B11: CARIB | C11: =[22]Brewhouse!$A176 -> CA074 | D11: =[22]Brewhouse!$AF176 -> 54.1 | E11: =[22]Brewhouse!$AI176 -> 50.4 | F11: =[22]Brewhouse!$V176 -> 60 | G11: =[22]Brewhouse!$AG176 -> 12.1 | H11: 12 | I11: =[22]Brewhouse!$AU176 -> 96.877996 | J11: =[22]Brewhouse!$AV176 -> 100.95002 | K11: =[22]Brewhouse!$Q176 -> 6.6422018 | L11: =[22]Brewhouse!$P176 -> 57 | M11: =[22]Brewhouse!$U176-[22]Brewhouse!$T176 -> 0.10972222 | N11: =[22]Brewhouse!$Z176 -> 0.28402778 | O11: =[22]Brewhouse!$AX176 -> R.Sookram | S11: =B11 -> CARIB | T11: =VLOOKUP($B11,$S$3:$Y$9,2,FALSE) -> 11.6 | U11: =VLOOKUP($B11,$S$3:$Y$9,3,FALSE) -> 12 | V11: =VLOOKUP($B11,$S$3:$Y$9,4,FALSE) -> 0 | W11: =VLOOKUP($B11,$S$3:$Y$9,5,FALSE) -> 0.11805556 | X11: =VLOOKUP($B11,$S$3:$Y$9,6,FALSE) -> 0.22569444 | Y11: =VLOOKUP($B11,$S$3:$Y$9,7,FALSE) -> 0.26388889 | Z11: =VLOOKUP($B11,$S$3:$AA$9,8,FALSE) -> 0 | AA11: =VLOOKUP($B11,$S$3:$AA$9,9,FALSE) -> 60
B12: CARIB | C12: =[22]Brewhouse!$A177 -> CA075 | D12: =[22]Brewhouse!$AF177 -> 52.3 | E12: =[22]Brewhouse!$AI177 -> 48.6 | F12: =[22]Brewhouse!$V177 -> 57 | G12: =[22]Brewhouse!$AG177 -> 11.9 | I12: =[22]Brewhouse!$AU177 -> 92.135215 | J12: =[22]Brewhouse!$AV177 -> 96.007261 | K12: =[22]Brewhouse!$Q177 -> 8.9323843 | L12: =[22]Brewhouse!$P177 -> 60 | M12: =[22]Brewhouse!$U177-[22]Brewhouse!$T177 -> 0.10763889 | N12: =[22]Brewhouse!$Z177 -> 0.27083333 | O12: =[22]Brewhouse!$AX177 -> R.Sookram | S12: =B12 -> CARIB | T12: =VLOOKUP($B12,$S$3:$Y$9,2,FALSE) -> 11.6 | U12: =VLOOKUP($B12,$S$3:$Y$9,3,FALSE) -> 12 | V12: =VLOOKUP($B12,$S$3:$Y$9,4,FALSE) -> 0 | W12: =VLOOKUP($B12,$S$3:$Y$9,5,FALSE) -> 0.11805556 | X12: =VLOOKUP($B12,$S$3:$Y$9,6,FALSE) -> 0.22569444 | Y12: =VLOOKUP($B12,$S$3:$Y$9,7,FALSE) -> 0.26388889 | Z12: =VLOOKUP($B12,$S$3:$AA$9,8,FALSE) -> 0 | AA12: =VLOOKUP($B12,$S$3:$AA$9,9,FALSE) -> 60
B13: CARIB | C13: =[22]Brewhouse!$A178 -> CA076 | D13: =[22]Brewhouse!$AF178 -> 53.4 | E13: =[22]Brewhouse!$AI178 -> 49.9 | F13: =[22]Brewhouse!$V178 -> 57 | G13: =[22]Brewhouse!$AG178 -> 11.8 | H13: 11.8 | I13: =[22]Brewhouse!$AU178 -> 93.533472 | J13: =[22]Brewhouse!$AV178 -> 97.464704 | K13: =[22]Brewhouse!$Q178 -> 7.3049645 | L13: =[22]Brewhouse!$P178 -> 60 | M13: =[22]Brewhouse!$U178-[22]Brewhouse!$T178 -> 0.10416667 | N13: =[22]Brewhouse!$Z178 -> 0.26319444 | O13: =[22]Brewhouse!$AX178 -> K.Benjamin | S13: =B13 -> CARIB | T13: =VLOOKUP($B13,$S$3:$Y$9,2,FALSE) -> 11.6 | U13: =VLOOKUP($B13,$S$3:$Y$9,3,FALSE) -> 12 | V13: =VLOOKUP($B13,$S$3:$Y$9,4,FALSE) -> 0 | W13: =VLOOKUP($B13,$S$3:$Y$9,5,FALSE) -> 0.11805556 | X13: =VLOOKUP($B13,$S$3:$Y$9,6,FALSE) -> 0.22569444 | Y13: =VLOOKUP($B13,$S$3:$Y$9,7,FALSE) -> 0.26388889 | Z13: =VLOOKUP($B13,$S$3:$AA$9,8,FALSE) -> 0 | AA13: =VLOOKUP($B13,$S$3:$AA$9,9,FALSE) -> 60
B14: CARIB | C14: =[22]Brewhouse!$A179 -> CA077 | D14: =[22]Brewhouse!$AF179 -> 53.5 | E14: =[22]Brewhouse!$AI179 -> 50.1 | F14: =[22]Brewhouse!$V179 -> 61 | G14: =[22]Brewhouse!$AG179 -> 11.8 | H14: 11.8 | I14: =[22]Brewhouse!$AU179 -> 94.139723 | J14: =[22]Brewhouse!$AV179 -> 98.09601 | K14: =[22]Brewhouse!$Q179 -> 6.797153 | L14: =[22]Brewhouse!$P179 -> 62 | M14: =[22]Brewhouse!$U179-[22]Brewhouse!$T179 -> 0.11388889 | N14: =[22]Brewhouse!$Z179 -> 0.26805556 | O14: =[22]Brewhouse!$AX179 -> K.Benjamin | S14: =B14 -> CARIB | T14: =VLOOKUP($B14,$S$3:$Y$9,2,FALSE) -> 11.6 | U14: =VLOOKUP($B14,$S$3:$Y$9,3,FALSE) -> 12 | V14: =VLOOKUP($B14,$S$3:$Y$9,4,FALSE) -> 0 | W14: =VLOOKUP($B14,$S$3:$Y$9,5,FALSE) -> 0.11805556 | X14: =VLOOKUP($B14,$S$3:$Y$9,6,FALSE) -> 0.22569444 | Y14: =VLOOKUP($B14,$S$3:$Y$9,7,FALSE) -> 0.26388889 | Z14: =VLOOKUP($B14,$S$3:$AA$9,8,FALSE) -> 0 | AA14: =VLOOKUP($B14,$S$3:$AA$9,9,FALSE) -> 60
S15: =B15 -> 0 | T15: =VLOOKUP($B15,$S$3:$Y$9,2,FALSE) -> #N/A | U15: =VLOOKUP($B15,$S$3:$Y$9,3,FALSE) -> #N/A | V15: =VLOOKUP($B15,$S$3:$Y$9,4,FALSE) -> #N/A | W15: =VLOOKUP($B15,$S$3:$Y$9,5,FALSE) -> #N/A | X15: =VLOOKUP($B15,$S$3:$Y$9,6,FALSE) -> #N/A | Y15: =VLOOKUP($B15,$S$3:$Y$9,7,FALSE) -> #N/A | Z15: =VLOOKUP($B15,$S$3:$AA$9,8,FALSE) -> #N/A | AA15: =VLOOKUP($B15,$S$3:$AA$9,9,FALSE) -> #N/A
S16: =B16 -> 0 | T16: =VLOOKUP($B16,$S$3:$Y$9,2,FALSE) -> #N/A | U16: =VLOOKUP($B16,$S$3:$Y$9,3,FALSE) -> #N/A | V16: =VLOOKUP($B16,$S$3:$Y$9,4,FALSE) -> #N/A | W16: =VLOOKUP($B16,$S$3:$Y$9,5,FALSE) -> #N/A | X16: =VLOOKUP($B16,$S$3:$Y$9,6,FALSE) -> #N/A | Y16: =VLOOKUP($B16,$S$3:$Y$9,7,FALSE) -> #N/A | Z16: =VLOOKUP($B16,$S$3:$AA$9,8,FALSE) -> #N/A | AA16: =VLOOKUP($B16,$S$3:$AA$9,9,FALSE) -> #N/A
S17: =B17 -> 0 | T17: =VLOOKUP($B17,$S$3:$Y$9,2,FALSE) -> #N/A | U17: =VLOOKUP($B17,$S$3:$Y$9,3,FALSE) -> #N/A | V17: =VLOOKUP($B17,$S$3:$Y$9,4,FALSE) -> #N/A | W17: =VLOOKUP($B17,$S$3:$Y$9,5,FALSE) -> #N/A | X17: =VLOOKUP($B17,$S$3:$Y$9,6,FALSE) -> #N/A | Y17: =VLOOKUP($B17,$S$3:$Y$9,7,FALSE) -> #N/A | Z17: =VLOOKUP($B17,$S$3:$AA$9,8,FALSE) -> #N/A | AA17: =VLOOKUP($B17,$S$3:$AA$9,9,FALSE) -> #N/A
S18: =B18 -> 0 | T18: =VLOOKUP($B18,$S$3:$Y$9,2,FALSE) -> #N/A | U18: =VLOOKUP($B18,$S$3:$Y$9,3,FALSE) -> #N/A | V18: =VLOOKUP($B18,$S$3:$Y$9,4,FALSE) -> #N/A | W18: =VLOOKUP($B18,$S$3:$Y$9,5,FALSE) -> #N/A | X18: =VLOOKUP($B18,$S$3:$Y$9,6,FALSE) -> #N/A | Y18: =VLOOKUP($B18,$S$3:$Y$9,7,FALSE) -> #N/A | Z18: =VLOOKUP($B18,$S$3:$AA$9,8,FALSE) -> #N/A | AA18: =VLOOKUP($B18,$S$3:$AA$9,9,FALSE) -> #N/A
S19: =B19 -> 0 | T19: =VLOOKUP($B19,$S$3:$Y$9,2,FALSE) -> #N/A | U19: =VLOOKUP($B19,$S$3:$Y$9,3,FALSE) -> #N/A | V19: =VLOOKUP($B19,$S$3:$Y$9,4,FALSE) -> #N/A | W19: =VLOOKUP($B19,$S$3:$Y$9,5,FALSE) -> #N/A | X19: =VLOOKUP($B19,$S$3:$Y$9,6,FALSE) -> #N/A | Y19: =VLOOKUP($B19,$S$3:$Y$9,7,FALSE) -> #N/A | Z19: =VLOOKUP($B19,$S$3:$AA$9,8,FALSE) -> #N/A | AA19: =VLOOKUP($B19,$S$3:$AA$9,9,FALSE) -> #N/A
S20: =B20 -> 0 | T20: =VLOOKUP($B20,$S$3:$Y$9,2,FALSE) -> #N/A | U20: =VLOOKUP($B20,$S$3:$Y$9,3,FALSE) -> #N/A | V20: =VLOOKUP($B20,$S$3:$Y$9,4,FALSE) -> #N/A | W20: =VLOOKUP($B20,$S$3:$Y$9,5,FALSE) -> #N/A | X20: =VLOOKUP($B20,$S$3:$Y$9,6,FALSE) -> #N/A | Y20: =VLOOKUP($B20,$S$3:$Y$9,7,FALSE) -> #N/A | Z20: =VLOOKUP($B20,$S$3:$AA$9,8,FALSE) -> #N/A | AA20: =VLOOKUP($B20,$S$3:$AA$9,9,FALSE) -> #N/A
S21: =B21 -> 0 | T21: =VLOOKUP($B21,$S$3:$Y$9,2,FALSE) -> #N/A | U21: =VLOOKUP($B21,$S$3:$Y$9,3,FALSE) -> #N/A | V21: =VLOOKUP($B21,$S$3:$Y$9,4,FALSE) -> #N/A | W21: =VLOOKUP($B21,$S$3:$Y$9,5,FALSE) -> #N/A | X21: =VLOOKUP($B21,$S$3:$Y$9,6,FALSE) -> #N/A | Y21: =VLOOKUP($B21,$S$3:$Y$9,7,FALSE) -> #N/A | Z21: =VLOOKUP($B21,$S$3:$AA$9,8,FALSE) -> #N/A | AA21: =VLOOKUP($B21,$S$3:$AA$9,9,FALSE) -> #N/A
S22: =B22 -> 0 | T22: =VLOOKUP($B22,$S$3:$Y$9,2,FALSE) -> #N/A | U22: =VLOOKUP($B22,$S$3:$Y$9,3,FALSE) -> #N/A | V22: =VLOOKUP($B22,$S$3:$Y$9,4,FALSE) -> #N/A | W22: =VLOOKUP($B22,$S$3:$Y$9,5,FALSE) -> #N/A | X22: =VLOOKUP($B22,$S$3:$Y$9,6,FALSE) -> #N/A | Y22: =VLOOKUP($B22,$S$3:$Y$9,7,FALSE) -> #N/A | Z22: =VLOOKUP($B22,$S$3:$AA$9,8,FALSE) -> #N/A | AA22: =VLOOKUP($B22,$S$3:$AA$9,9,FALSE) -> #N/A
S23: =B23 -> 0 | T23: =VLOOKUP($B23,$S$3:$Y$9,2,FALSE) -> #N/A | U23: =VLOOKUP($B23,$S$3:$Y$9,3,FALSE) -> #N/A | V23: =VLOOKUP($B23,$S$3:$Y$9,4,FALSE) -> #N/A | W23: =VLOOKUP($B23,$S$3:$Y$9,5,FALSE) -> #N/A | X23: =VLOOKUP($B23,$S$3:$Y$9,6,FALSE) -> #N/A | Y23: =VLOOKUP($B23,$S$3:$Y$9,7,FALSE) -> #N/A | Z23: =VLOOKUP($B23,$S$3:$AA$9,8,FALSE) -> #N/A | AA23: =VLOOKUP($B23,$S$3:$AA$9,9,FALSE) -> #N/A
S24: =B24 -> 0 | T24: =VLOOKUP($B24,$S$3:$Y$9,2,FALSE) -> #N/A | U24: =VLOOKUP($B24,$S$3:$Y$9,3,FALSE) -> #N/A | V24: =VLOOKUP($B24,$S$3:$Y$9,4,FALSE) -> #N/A | W24: =VLOOKUP($B24,$S$3:$Y$9,5,FALSE) -> #N/A | X24: =VLOOKUP($B24,$S$3:$Y$9,6,FALSE) -> #N/A | Y24: =VLOOKUP($B24,$S$3:$Y$9,7,FALSE) -> #N/A | Z24: =VLOOKUP($B24,$S$3:$AA$9,8,FALSE) -> #N/A | AA24: =VLOOKUP($B24,$S$3:$AA$9,9,FALSE) -> #N/A
S25: =B25 -> 0 | T25: =VLOOKUP($B25,$S$3:$Y$9,2,FALSE) -> #N/A | U25: =VLOOKUP($B25,$S$3:$Y$9,3,FALSE) -> #N/A | V25: =VLOOKUP($B25,$S$3:$Y$9,4,FALSE) -> #N/A | W25: =VLOOKUP($B25,$S$3:$Y$9,5,FALSE) -> #N/A | X25: =VLOOKUP($B25,$S$3:$Y$9,6,FALSE) -> #N/A | Y25: =VLOOKUP($B25,$S$3:$Y$9,7,FALSE) -> #N/A | Z25: =VLOOKUP($B25,$S$3:$AA$9,8,FALSE) -> #N/A | AA25: =VLOOKUP($B25,$S$3:$AA$9,9,FALSE) -> #N/A
S26: =B26 -> 0 | T26: =VLOOKUP($B26,$S$3:$Y$9,2,FALSE) -> #N/A | U26: =VLOOKUP($B26,$S$3:$Y$9,3,FALSE) -> #N/A | V26: =VLOOKUP($B26,$S$3:$Y$9,4,FALSE) -> #N/A | W26: =VLOOKUP($B26,$S$3:$Y$9,5,FALSE) -> #N/A | X26: =VLOOKUP($B26,$S$3:$Y$9,6,FALSE) -> #N/A | Y26: =VLOOKUP($B26,$S$3:$Y$9,7,FALSE) -> #N/A | Z26: =VLOOKUP($B26,$S$3:$AA$9,8,FALSE) -> #N/A | AA26: =VLOOKUP($B26,$S$3:$AA$9,9,FALSE) -> #N/A
... S50: =B50 -> 0 | T50: =VLOOKUP($B50,$S$3:$Y$9,2,FALSE) -> #N/A | U50: =VLOOKUP($B50,$S$3:$Y$9,3,FALSE) -> #N/A | V50: =VLOOKUP($B50,$S$3:$Y$9,4,FALSE) -> #N/A | W50: =VLOOKUP($B50,$S$3:$Y$9,5,FALSE) -> #N/A | X50: =VLOOKUP($B50,$S$3:$Y$9,6,FALSE) -> #N/A | Y50: =VLOOKUP($B50,$S$3:$Y$9,7,FALSE) -> #N/A | Z50: =VLOOKUP($B50,$S$3:$AA$9,8,FALSE) -> #N/A | AA50: =VLOOKUP($B50,$S$3:$AA$9,9,FALSE) -> #N/A
I51: EXTRACT RECOVERY
B52: BRAND | D52: BBT P.G./ O.G | I52: Brand | J52: Actual | K52: MTD No. of Brews | L52: MTD | M52: YTD | N52: Target
B53: CARIB | C53: {=[22]Process!$D$132:$D$135} -> 11.6 | D53: 11.76 | I53: CARIB | J53: =AVERAGE(I10:I14) -> 93.462413 | K53: =COUNTA([22]Brewhouse!$A$173:$A$174) -> 2 | L53: =AVERAGE([22]Brewhouse!$AU$173:$AU$179) -> 93.325407 | M53: =AVERAGE([22]Brewhouse!$AU$102:$AU$171,[22]Brewhouse!$AU$173:$AU$179) -> 94.46235 | N53: 98
C54: 11.9 | I54: STAG | M54: =AVERAGE([24]Brewhouse!$AS$15:$AS$64) -> 96.077332 | N54: 98
C55: 12 | D55: 11.73 | I55: GUINNESS | K55: =COUNTA([23]Brewhouse!$A$9:$A$14) -> 6 | L55: =AVERAGE([23]Brewhouse!$AU$9:$AU$14) -> 96.577361 | M55: =AVERAGE([23]Brewhouse!$AU$4:$AU$7,[23]Brewhouse!$AU$9:$AU$14) -> 96.787192 | N55: 98
C56: 11.8 | I56: VITAMALT | M56: =AVERAGE([25]Brewhouse!$AV$5:$AV$14) -> 97.717673 | N56: 98
C57: {=[22]Process!$D$140:$D$143} -> 12 | D57: 11.69 | I57: MAXIMALT | N57: 98
C58: 11.9 | I58: MACKESON | M58: =AVERAGE([26]Brewhouse!$AT$4:$AT$11) -> 94.812617 | N58: 98
C59: 11.6 | D59: 11.86 | I59: STARMALT | M59: =AVERAGE([27]Brewhouse!$AY$6:$AY$13) -> 93.094806 | N59: 98
C60: 11.9 | I60: HR- Pils | M60: =AVERAGE([28]Brewhouse!$AU$5:$AU$8) -> 91.006888 | N60: 98
I61: HR- IPA
I62: HR- APA | N62: 98
K63: =SUM(K53:K62) -> 8 | L63: =((L53*K53)+(L54*K54)+(L55*K55)+(L56*K56)+(L57*K57)+(K60*L60)+(L58*K58)+(L59*K59)+(L62*K62))/(K63) -> 95.764373 | M63: =L63 -> 95.764373 | N63: 98
J65: Daily Brewing Plan
J66: Brand | K66: Brews Achieved | L66: Average Brews per day
J67: CARIB | K67: =COUNTA(C10:C14) -> 5 | L67: MTD | M67: YTD | N67: TARGET
J68: STAG | L68: =AVERAGE('Feb 3rd'!K79,'Feb 4th'!K77) -> 6.5 | M68: =AVERAGE('[29]Jan 29th '!$M$70,L68) -> 6.5
J69: GUINN
J70: VITAMALT
J71: STARMALT
J72: MACKESON
J73: HURRICANE REEF- IPA
J74: HURRICANE REEF- APA
B75: AVERAGE | D75: =AVERAGE(D53:E74) -> 11.76 | J75: HR- PILSNER
J76: CARIBE
J77: Total | K77: =SUM(K67:K76) -> 5
B78: Process: | C78: Fermentation/Filtration
B80: Brand | C80: Filt. Date | D80: FV Hls | E80: GFE/ Prim/ Vita Blend (Hls) | F80: SV Hls | G80: BBT Hls | H80: Loss (%) Ferm | I80: Loss (%) Filt | J80: Comments | K80: Throughput | L80: Process Loss (%) | M80: Filt. Operator
U81: 43466 | V81: 43467 | W81: 43468 | X81: 43469 | Y81: 43470 | Z81: 43471 | AA81: 43472 | AB81: 43473 | AC81: 43474 | AD81: 43475 | AE81: 43476 | AF81: 43477 | AG81: 43478 | AH81: 43479 | AI81: 43480 | AJ81: 43481 | AK81: 43482 | AL81: 43483 | AM81: 43484 | AN81: 43485 | AO81: 43486 | AP81: 43487 | AQ81: 43488 | AR81: 43489 | AS81: 43490 | AT81: 43491 | AU81: 43492 | AV81: 43493 | AW81: 43494 | AX81: 43495 | AY81: 43496
B82: =J67 -> CARIB | C82: 45692 | D82: =[30]February_2025!$G$3 -> 380.4 | G82: =[30]February_2025!$G$7 -> 361.3 | J82: 1 Break | K82: =[32]February_2025!$G$18 -> 0.63385965 | L82: =(((D82+E82)-G82)/(D82+E82))*100 -> 5.0210305 | M82: D. Emery | T82: hls
T83: Throughput | U83: =[20]January_2019!D8 -> #DIV/0! | V83: =[20]January_2019!E8 -> 1.0319298 | W83: =[20]January_2019!F8 -> 1.7789474 | X83: =[20]January_2019!G8 -> 0.51929825 | Y83: =[20]January_2019!H8 -> #DIV/0! | Z83: =[20]January_2019!I8 -> #DIV/0! | AA83: =[20]January_2019!J8 -> 1.3652632 | AB83: =[20]January_2019!K8 -> #DIV/0! | ... AY83: =[20]January_2019!AH8 -> #DIV/0!
J86: NO Break
B90: Process Loss (Volume) | G90: Process Loss (Extract) | K90: Throughput
B91: Brand | C91: Actual | D91: MTD | E91: YTD | F91: Target | G91: Actual | H91: MTD | I91: YTD | J91: Target | K91: Actual | L91: MTD | M91: YTD | N91: Target
B92: CARIB | C92: =L82 -> 5.0210305 | D92: 5.6678608 | E92: 7.106084 | F92: 4.8 | G92: =[30]February_2025!$G$11 -> 5.7115077 | H92: 5.6913344 | I92: 9.2783449 | J92: 4.8 | K92: =K82 -> 0.63385965 | L92: 0.64675439 | M92: 0.98457735 | N92: 1
B93: STAG | D93: 5.2210842 | E93: 7.0049934 | F93: 4.8 | H93: 5.6054269 | I93: 10.863101 | J93: 4.8 | L93: 1.3312281 | M93: 0.97131579 | N93: 1
B94: GUINN | E94: 9.8890462 | F94: 5.5 | I94: 2.6473552 | J94: 5.5 | M94: 1.0392982 | N94: 1
B95: VITAMALT | E95: 3.405687 | F95: 3.3 | I95: 6.6434583 | J95: 3.3 | M95: 0.83350877 | N95: 1
B96: MAXIMALT | E96: 8.8295688 | F96: 3.3 | J96: 3 | N96: 1
B97: MACKESON | E97: 9.969885 | F97: =[21]May_2022!$M$43 -> 3.4878407 | I97: 10.607236 | J97: 5.5 | M97: 0.66824561 | N97: 1
B98: STARMALT | E98: 4.851724 | F98: 3.3 | I98: 4.0624079 | J98: 3.3 | M98: 0.69842105 | N98: 1
B99: HURRICANE REEF | E99: 14.011128 | F99: 7.5 | J99: 7.5 | N99: 1
D100: 5.5165412 | E100: 6.9805899 | F100: 4.5 | H100: 6.8893191 | I100: 8.462142 | J100: 4.5 | L100: 0.83702868 | M100: 0.91614833 | N100: 1
AD113: :

Sheet Feb 5th
T1: P.G. | V1: Hot Time | X1: Process Time | Z1: Cooling Time
B2: Brewing Department Daily Process Loss Report | T2: Lower | U2: Upper | V2: Lower | W2: Upper | X2: Lower | Y2: Upper | Z2: Lower | AA2: Upper
S3: CARIB | T3: 11.6 | U3: 12 | V3: 0 | W3: 0.11805556 | X3: 0.22569444 | Y3: 0.26388889 | Z3: 0 | AA3: 60 | AC3: HR- PISNER
B4: Date: | C4: 45693 | J4: LOT WORT COLOUR: 3.5 | M4: Filter Sheets (Target 20 days) | S4: STAG | T4: 11.6 | U4: 12 | V4: 0 | W4: 0.11805556 | X4: 0.22569444 | Y4: 0.26388889 | Z4: 0 | AA4: 60
M5: Double | N5: Single | S5: GUINNESS | T5: 17 | U5: 17.5 | V5: 0 | W5: 0.10763889 | X5: 0.24652778 | Y5: 0.28472222 | Z5: 0 | AA5: 60
J6: MALT LOT: Lot 24 | L6: Sheet Day | M6: 15 | N6: 15 | S6: MACKESON | T6: 13.3 | U6: 13.5 | V6: 0 | W6: 0.12905093 | X6: 0.27430556 | Y6: 0.30208333 | Z6: 0
S7: STARMALT | T7: 17.1 | U7: 17.5 | V7: 0 | W7: 0.13605324 | X7: 0.27430556 | Y7: 0.30902778 | Z7: 0 | AA7: 60
B8: Brand | C8: Brew no. | D8: Kett. Hls | E8: Wort | F8: Cool Time(Mins) | G8: Cast. P.G. (Lab Result) | H8: Cast P.G. (Cellar Operator)-gravity | I8: Extr. Rec (80.9%) | J8: Theor. Extr. (77.5%) | K8: Boil Off /Vol. (4-6%) | L8: Boil Time | M8: Total Hot | N8: Brewing | O8: Operator | P8: Comments | Q8: Actual Pilsen Malt | S8: Hurricane Reef | T8: 16.6 | U8: 17 | V8: 0 | W8: 0.12905093 | X8: 0.27430556 | Y8: 0.30208333 | Z8: 0
E9: Meter (Hls) | F9: Target(< 60Mins) | M9: Time | S9: VITAMALT | T9: 14.4 | U9: 14.6 | V9: 0 | W9: 0.13905093 | X9: 0.26041667 | Y9: 0.29513889 | Z9: 0 | AA9: 75
B10: CARIB | C10: =[22]Brewhouse!$A180 -> CA078 | D10: =[22]Brewhouse!$AF180 -> 53.1 | E10: =[22]Brewhouse!$AI180 -> 50 | F10: =[22]Brewhouse!$V180 -> 65 | G10: =[22]Brewhouse!$AG180 -> 11.9 | H10: 11.7 | I10: =[22]Brewhouse!$AU180 -> 95.023431 | J10: =[22]Brewhouse!$AV180 -> 99.016423 | K10: =[22]Brewhouse!$Q180 -> 6.5107914 | L10: =[22]Brewhouse!$P180 -> 60 | M10: =[22]Brewhouse!$U180-[22]Brewhouse!$T180 -> 0.21527778 | N10: =[22]Brewhouse!$Z180 -> 0.29236111 | O10: =[22]Brewhouse!$AX180 -> K.Benjamin | S10: =B10 -> CARIB | T10: =VLOOKUP($B10,$S$3:$Y$9,2,FALSE) -> 11.6 | U10: =VLOOKUP($B10,$S$3:$Y$9,3,FALSE) -> 12 | V10: =VLOOKUP($B10,$S$3:$Y$9,4,FALSE) -> 0 | W10: =VLOOKUP($B10,$S$3:$Y$9,5,FALSE) -> 0.11805556 | X10: =VLOOKUP($B10,$S$3:$Y$9,6,FALSE) -> 0.22569444 | Y10: =VLOOKUP($B10,$S$3:$Y$9,7,FALSE) -> 0.26388889 | Z10: =VLOOKUP($B10,$S$3:$AA$9,8,FALSE) -> 0 | AA10: =VLOOKUP($B10,$S$3:$AA$9,9,FALSE) -> 60
B11: CARIB | C11: =[22]Brewhouse!$A181 -> CA079 | D11: =[22]Brewhouse!$AF181 -> 50 | E11: =[22]Brewhouse!$AI181 -> 47 | F11: =[22]Brewhouse!$V181 -> 63 | G11: =[22]Brewhouse!$AG181 -> 11.8 | H11: 11.6 | I11: =[22]Brewhouse!$AU181 -> 88.206051 | J11: =[22]Brewhouse!$AV181 -> 91.913171 | K11: =[22]Brewhouse!$Q181 -> 6.9512195 | L11: =[22]Brewhouse!$P181 -> 60 | M11: =[22]Brewhouse!$U181-[22]Brewhouse!$T181 -> 0.21041667 | N11: =[22]Brewhouse!$Z181 -> 0.28333333 | O11: =[22]Brewhouse!$AX181 -> R. Regis | S11: =B11 -> CARIB | T11: =VLOOKUP($B11,$S$3:$Y$9,2,FALSE) -> 11.6 | U11: =VLOOKUP($B11,$S$3:$Y$9,3,FALSE) -> 12 | V11: =VLOOKUP($B11,$S$3:$Y$9,4,FALSE) -> 0 | W11: =VLOOKUP($B11,$S$3:$Y$9,5,FALSE) -> 0.11805556 | X11: =VLOOKUP($B11,$S$3:$Y$9,6,FALSE) -> 0.22569444 | Y11: =VLOOKUP($B11,$S$3:$Y$9,7,FALSE) -> 0.26388889 | Z11: =VLOOKUP($B11,$S$3:$AA$9,8,FALSE) -> 0 | AA11: =VLOOKUP($B11,$S$3:$AA$9,9,FALSE) -> 60
B12: CARIB | C12: =[22]Brewhouse!$A182 -> CA080 | D12: =[22]Brewhouse!$AF182 -> 55.4 | E12: =[22]Brewhouse!$AI182 -> 52.1 | F12: =[22]Brewhouse!$V182 -> 73 | G12: =[22]Brewhouse!$AG182 -> 11.9 | H12: 11.7 | I12: =[22]Brewhouse!$AU182 -> 98.770467 | J12: =[22]Brewhouse!$AV182 -> 102.92136 | K12: =[22]Brewhouse!$Q182 -> 5.3641208 | L12: =[22]Brewhouse!$P182 -> 60 | M12: =[22]Brewhouse!$U182-[22]Brewhouse!$T182 -> 0.19791667 | N12: =[22]Brewhouse!$Z182 -> 0.27638889 | O12: =[22]Brewhouse!$AX182 -> R. Regis | S12: =B12 -> CARIB | T12: =VLOOKUP($B12,$S$3:$Y$9,2,FALSE) -> 11.6 | U12: =VLOOKUP($B12,$S$3:$Y$9,3,FALSE) -> 12 | V12: =VLOOKUP($B12,$S$3:$Y$9,4,FALSE) -> 0 | W12: =VLOOKUP($B12,$S$3:$Y$9,5,FALSE) -> 0.11805556 | X12: =VLOOKUP($B12,$S$3:$Y$9,6,FALSE) -> 0.22569444 | Y12: =VLOOKUP($B12,$S$3:$Y$9,7,FALSE) -> 0.26388889 | Z12: =VLOOKUP($B12,$S$3:$AA$9,8,FALSE) -> 0 | AA12: =VLOOKUP($B12,$S$3:$AA$9,9,FALSE) -> 60
S13: =B13 -> 0 | T13: =VLOOKUP($B13,$S$3:$Y$9,2,FALSE) -> #N/A | U13: =VLOOKUP($B13,$S$3:$Y$9,3,FALSE) -> #N/A | V13: =VLOOKUP($B13,$S$3:$Y$9,4,FALSE) -> #N/A | W13: =VLOOKUP($B13,$S$3:$Y$9,5,FALSE) -> #N/A | X13: =VLOOKUP($B13,$S$3:$Y$9,6,FALSE) -> #N/A | Y13: =VLOOKUP($B13,$S$3:$Y$9,7,FALSE) -> #N/A | Z13: =VLOOKUP($B13,$S$3:$AA$9,8,FALSE) -> #N/A | AA13: =VLOOKUP($B13,$S$3:$AA$9,9,FALSE) -> #N/A
B14: STAG | C14: =[24]Brewhouse!$A66 -> ST051 | D14: =[24]Brewhouse!$AD66 -> 52.1 | E14: =[24]Brewhouse!$AG66 -> 48.5 | F14: =[24]Brewhouse!$V66 -> 61 | G14: =[24]Brewhouse!$AE66 -> 11.8 | H14: 11.8 | I14: =[24]Brewhouse!$AS66 -> 92.002637 | J14: =[24]Brewhouse!$AT66 -> 95.21242 | K14: =[24]Brewhouse!$Q66 -> 7.3126143 | L14: =[24]Brewhouse!$P66 -> 60 | M14: =[24]Brewhouse!$U66-[24]Brewhouse!$T66 -> 0.18819444 | N14: =[24]Brewhouse!$AW66 -> 0.25763889 | O14: =[24]Brewhouse!$AV66 -> R. Regis | S14: =B14 -> STAG | T14: =VLOOKUP($B14,$S$3:$Y$9,2,FALSE) -> 11.6 | U14: =VLOOKUP($B14,$S$3:$Y$9,3,FALSE) -> 12 | V14: =VLOOKUP($B14,$S$3:$Y$9,4,FALSE) -> 0 | W14: =VLOOKUP($B14,$S$3:$Y$9,5,FALSE) -> 0.11805556 | X14: =VLOOKUP($B14,$S$3:$Y$9,6,FALSE) -> 0.22569444 | Y14: =VLOOKUP($B14,$S$3:$Y$9,7,FALSE) -> 0.26388889 | Z14: =VLOOKUP($B14,$S$3:$AA$9,8,FALSE) -> 0 | AA14: =VLOOKUP($B14,$S$3:$AA$9,9,FALSE) -> 60
B15: STAG | C15: =[24]Brewhouse!$A67 -> ST052 | D15: =[24]Brewhouse!$AD67 -> 53 | E15: =[24]Brewhouse!$AG67 -> 49.6 | F15: =[24]Brewhouse!$V67 -> 61 | G15: =[24]Brewhouse!$AE67 -> 12 | H15: 11.8 | I15: =[24]Brewhouse!$AS67 -> 95.885985 | J15: =[24]Brewhouse!$AT67 -> 99.230186 | K15: =[24]Brewhouse!$Q67 -> 6.6666667 | L15: =[24]Brewhouse!$P67 -> 57 | M15: =[24]Brewhouse!$U67-[24]Brewhouse!$T67 -> 0.17916667 | N15: =[24]Brewhouse!$AW67 -> 0.25486111 | O15: =[24]Brewhouse!$AV67 -> R.Sookram | S15: =B15 -> STAG | T15: =VLOOKUP($B15,$S$3:$Y$9,2,FALSE) -> 11.6 | U15: =VLOOKUP($B15,$S$3:$Y$9,3,FALSE) -> 12 | V15: =VLOOKUP($B15,$S$3:$Y$9,4,FALSE) -> 0 | W15: =VLOOKUP($B15,$S$3:$Y$9,5,FALSE) -> 0.11805556 | X15: =VLOOKUP($B15,$S$3:$Y$9,6,FALSE) -> 0.22569444 | Y15: =VLOOKUP($B15,$S$3:$Y$9,7,FALSE) -> 0.26388889 | Z15: =VLOOKUP($B15,$S$3:$AA$9,8,FALSE) -> 0 | AA15: =VLOOKUP($B15,$S$3:$AA$9,9,FALSE) -> 60
B16: STAG | C16: =[24]Brewhouse!$A68 -> ST053 | D16: =[24]Brewhouse!$AD68 -> 53.2 | E16: =[24]Brewhouse!$AG68 -> 49.9 | F16: =[24]Brewhouse!$V68 -> 60 | G16: =[24]Brewhouse!$AE68 -> 11.8 | H16: 11.8 | I16: =[24]Brewhouse!$AS68 -> 95.012867 | J16: =[24]Brewhouse!$AT68 -> 98.324501 | K16: =[24]Brewhouse!$Q68 -> 5.7301294 | L16: =[24]Brewhouse!$P68 -> 57 | M16: =[24]Brewhouse!$U68-[24]Brewhouse!$T68 -> 0.18125 | N16: =[24]Brewhouse!$AW68 -> 0.2625 | O16: =[24]Brewhouse!$AV68 -> R.Sookram | S16: =B16 -> STAG | T16: =VLOOKUP($B16,$S$3:$Y$9,2,FALSE) -> 11.6 | U16: =VLOOKUP($B16,$S$3:$Y$9,3,FALSE) -> 12 | V16: =VLOOKUP($B16,$S$3:$Y$9,4,FALSE) -> 0 | W16: =VLOOKUP($B16,$S$3:$Y$9,5,FALSE) -> 0.11805556 | X16: =VLOOKUP($B16,$S$3:$Y$9,6,FALSE) -> 0.22569444 | Y16: =VLOOKUP($B16,$S$3:$Y$9,7,FALSE) -> 0.26388889 | Z16: =VLOOKUP($B16,$S$3:$AA$9,8,FALSE) -> 0 | AA16: =VLOOKUP($B16,$S$3:$AA$9,9,FALSE) -> 60
B17: STAG | C17: =[24]Brewhouse!$A69 -> ST054 | D17: =[24]Brewhouse!$AD69 -> 53.1 | E17: =[24]Brewhouse!$AG69 -> 49.7 | F17: =[24]Brewhouse!$V69 -> 62 | G17: =[24]Brewhouse!$AE69 -> 11.9 | H17: 11.8 | I17: =[24]Brewhouse!$AS69 -> 95.834501 | J17: =[24]Brewhouse!$AT69 -> 99.171553 | K17: =[24]Brewhouse!$Q69 -> 3.4155598 | L17: =[24]Brewhouse!$P69 -> 59 | M17: =[24]Brewhouse!$U69-[24]Brewhouse!$T69 -> 0.17777778 | N17: =[24]Brewhouse!$AW69 -> 0.26527778 | O17: =[24]Brewhouse!$AV69 -> R.Sookram | S17: =B17 -> STAG | T17: =VLOOKUP($B17,$S$3:$Y$9,2,FALSE) -> 11.6 | U17: =VLOOKUP($B17,$S$3:$Y$9,3,FALSE) -> 12 | V17: =VLOOKUP($B17,$S$3:$Y$9,4,FALSE) -> 0 | W17: =VLOOKUP($B17,$S$3:$Y$9,5,FALSE) -> 0.11805556 | X17: =VLOOKUP($B17,$S$3:$Y$9,6,FALSE) -> 0.22569444 | Y17: =VLOOKUP($B17,$S$3:$Y$9,7,FALSE) -> 0.26388889 | Z17: =VLOOKUP($B17,$S$3:$AA$9,8,FALSE) -> 0 | AA17: =VLOOKUP($B17,$S$3:$AA$9,9,FALSE) -> 60
B18: STAG | C18: =[24]Brewhouse!$A70 -> ST055 | D18: =[24]Brewhouse!$AD70 -> 53.2 | E18: =[24]Brewhouse!$AG70 -> 50.2 | F18: =[24]Brewhouse!$V70 -> 79 | G18: =[24]Brewhouse!$AE70 -> 11.8 | H18: 11.8 | I18: =[24]Brewhouse!$AS70 -> 95.943382 | J18: =[24]Brewhouse!$AT70 -> 99.284226 | K18: =[24]Brewhouse!$Q70 -> 6.0773481 | L18: =[24]Brewhouse!$P70 -> 60 | M18: =[24]Brewhouse!$U70-[24]Brewhouse!$T70 -> 0.21041667 | N18: =[24]Brewhouse!$AW70 -> 0.2875 | O18: =[24]Brewhouse!$AV70 -> K. Benjamin | S18: =B18 -> STAG | T18: =VLOOKUP($B18,$S$3:$Y$9,2,FALSE) -> 11.6 | U18: =VLOOKUP($B18,$S$3:$Y$9,3,FALSE) -> 12 | V18: =VLOOKUP($B18,$S$3:$Y$9,4,FALSE) -> 0 | W18: =VLOOKUP($B18,$S$3:$Y$9,5,FALSE) -> 0.11805556 | X18: =VLOOKUP($B18,$S$3:$Y$9,6,FALSE) -> 0.22569444 | Y18: =VLOOKUP($B18,$S$3:$Y$9,7,FALSE) -> 0.26388889 | Z18: =VLOOKUP($B18,$S$3:$AA$9,8,FALSE) -> 0 | AA18: =VLOOKUP($B18,$S$3:$AA$9,9,FALSE) -> 60
S19: =B19 -> 0 | T19: =VLOOKUP($B19,$S$3:$Y$9,2,FALSE) -> #N/A | U19: =VLOOKUP($B19,$S$3:$Y$9,3,FALSE) -> #N/A | V19: =VLOOKUP($B19,$S$3:$Y$9,4,FALSE) -> #N/A | W19: =VLOOKUP($B19,$S$3:$Y$9,5,FALSE) -> #N/A | X19: =VLOOKUP($B19,$S$3:$Y$9,6,FALSE) -> #N/A | Y19: =VLOOKUP($B19,$S$3:$Y$9,7,FALSE) -> #N/A | Z19: =VLOOKUP($B19,$S$3:$AA$9,8,FALSE) -> #N/A | AA19: =VLOOKUP($B19,$S$3:$AA$9,9,FALSE) -> #N/A
S20: =B20 -> 0 | T20: =VLOOKUP($B20,$S$3:$Y$9,2,FALSE) -> #N/A | U20: =VLOOKUP($B20,$S$3:$Y$9,3,FALSE) -> #N/A | V20: =VLOOKUP($B20,$S$3:$Y$9,4,FALSE) -> #N/A | W20: =VLOOKUP($B20,$S$3:$Y$9,5,FALSE) -> #N/A | X20: =VLOOKUP($B20,$S$3:$Y$9,6,FALSE) -> #N/A | Y20: =VLOOKUP($B20,$S$3:$Y$9,7,FALSE) -> #N/A | Z20: =VLOOKUP($B20,$S$3:$AA$9,8,FALSE) -> #N/A | AA20: =VLOOKUP($B20,$S$3:$AA$9,9,FALSE) -> #N/A
S21: =B21 -> 0 | T21: =VLOOKUP($B21,$S$3:$Y$9,2,FALSE) -> #N/A | U21: =VLOOKUP($B21,$S$3:$Y$9,3,FALSE) -> #N/A | V21: =VLOOKUP($B21,$S$3:$Y$9,4,FALSE) -> #N/A | W21: =VLOOKUP($B21,$S$3:$Y$9,5,FALSE) -> #N/A | X21: =VLOOKUP($B21,$S$3:$Y$9,6,FALSE) -> #N/A | Y21: =VLOOKUP($B21,$S$3:$Y$9,7,FALSE) -> #N/A | Z21: =VLOOKUP($B21,$S$3:$AA$9,8,FALSE) -> #N/A | AA21: =VLOOKUP($B21,$S$3:$AA$9,9,FALSE) -> #N/A
S22: =B22 -> 0 | T22: =VLOOKUP($B22,$S$3:$Y$9,2,FALSE) -> #N/A | U22: =VLOOKUP($B22,$S$3:$Y$9,3,FALSE) -> #N/A | V22: =VLOOKUP($B22,$S$3:$Y$9,4,FALSE) -> #N/A | W22: =VLOOKUP($B22,$S$3:$Y$9,5,FALSE) -> #N/A | X22: =VLOOKUP($B22,$S$3:$Y$9,6,FALSE) -> #N/A | Y22: =VLOOKUP($B22,$S$3:$Y$9,7,FALSE) -> #N/A | Z22: =VLOOKUP($B22,$S$3:$AA$9,8,FALSE) -> #N/A | AA22: =VLOOKUP($B22,$S$3:$AA$9,9,FALSE) -> #N/A
S23: =B23 -> 0 | T23: =VLOOKUP($B23,$S$3:$Y$9,2,FALSE) -> #N/A | U23: =VLOOKUP($B23,$S$3:$Y$9,3,FALSE) -> #N/A | V23: =VLOOKUP($B23,$S$3:$Y$9,4,FALSE) -> #N/A | W23: =VLOOKUP($B23,$S$3:$Y$9,5,FALSE) -> #N/A | X23: =VLOOKUP($B23,$S$3:$Y$9,6,FALSE) -> #N/A | Y23: =VLOOKUP($B23,$S$3:$Y$9,7,FALSE) -> #N/A | Z23: =VLOOKUP($B23,$S$3:$AA$9,8,FALSE) -> #N/A | AA23: =VLOOKUP($B23,$S$3:$AA$9,9,FALSE) -> #N/A
S24: =B24 -> 0 | T24: =VLOOKUP($B24,$S$3:$Y$9,2,FALSE) -> #N/A | U24: =VLOOKUP($B24,$S$3:$Y$9,3,FALSE) -> #N/A | V24: =VLOOKUP($B24,$S$3:$Y$9,4,FALSE) -> #N/A | W24: =VLOOKUP($B24,$S$3:$Y$9,5,FALSE) -> #N/A | X24: =VLOOKUP($B24,$S$3:$Y$9,6,FALSE) -> #N/A | Y24: =VLOOKUP($B24,$S$3:$Y$9,7,FALSE) -> #N/A | Z24: =VLOOKUP($B24,$S$3:$AA$9,8,FALSE) -> #N/A | AA24: =VLOOKUP($B24,$S$3:$AA$9,9,FALSE) -> #N/A
S25: =B25 -> 0 | T25: =VLOOKUP($B25,$S$3:$Y$9,2,FALSE) -> #N/A | U25: =VLOOKUP($B25,$S$3:$Y$9,3,FALSE) -> #N/A | V25: =VLOOKUP($B25,$S$3:$Y$9,4,FALSE) -> #N/A | W25: =VLOOKUP($B25,$S$3:$Y$9,5,FALSE) -> #N/A | X25: =VLOOKUP($B25,$S$3:$Y$9,6,FALSE) -> #N/A | Y25: =VLOOKUP($B25,$S$3:$Y$9,7,FALSE) -> #N/A | Z25: =VLOOKUP($B25,$S$3:$AA$9,8,FALSE) -> #N/A | AA25: =VLOOKUP($B25,$S$3:$AA$9,9,FALSE) -> #N/A
S26: =B26 -> 0 | T26: =VLOOKUP($B26,$S$3:$Y$9,2,FALSE) -> #N/A | U26: =VLOOKUP($B26,$S$3:$Y$9,3,FALSE) -> #N/A | V26: =VLOOKUP($B26,$S$3:$Y$9,4,FALSE) -> #N/A | W26: =VLOOKUP($B26,$S$3:$Y$9,5,FALSE) -> #N/A | X26: =VLOOKUP($B26,$S$3:$Y$9,6,FALSE) -> #N/A | Y26: =VLOOKUP($B26,$S$3:$Y$9,7,FALSE) -> #N/A | Z26: =VLOOKUP($B26,$S$3:$AA$9,8,FALSE) -> #N/A | AA26: =VLOOKUP($B26,$S$3:$AA$9,9,FALSE) -> #N/A
S27: =B27 -> 0 | T27: =VLOOKUP($B27,$S$3:$Y$9,2,FALSE) -> #N/A | U27: =VLOOKUP($B27,$S$3:$Y$9,3,FALSE) -> #N/A | V27: =VLOOKUP($B27,$S$3:$Y$9,4,FALSE) -> #N/A | W27: =VLOOKUP($B27,$S$3:$Y$9,5,FALSE) -> #N/A | X27: =VLOOKUP($B27,$S$3:$Y$9,6,FALSE) -> #N/A | Y27: =VLOOKUP($B27,$S$3:$Y$9,7,FALSE) -> #N/A | Z27: =VLOOKUP($B27,$S$3:$AA$9,8,FALSE) -> #N/A | AA27: =VLOOKUP($B27,$S$3:$AA$9,9,FALSE) -> #N/A
S28: =B28 -> 0 | T28: =VLOOKUP($B28,$S$3:$Y$9,2,FALSE) -> #N/A | U28: =VLOOKUP($B28,$S$3:$Y$9,3,FALSE) -> #N/A | V28: =VLOOKUP($B28,$S$3:$Y$9,4,FALSE) -> #N/A | W28: =VLOOKUP($B28,$S$3:$Y$9,5,FALSE) -> #N/A | X28: =VLOOKUP($B28,$S$3:$Y$9,6,FALSE) -> #N/A | Y28: =VLOOKUP($B28,$S$3:$Y$9,7,FALSE) -> #N/A | Z28: =VLOOKUP($B28,$S$3:$AA$9,8,FALSE) -> #N/A | AA28: =VLOOKUP($B28,$S$3:$AA$9,9,FALSE) -> #N/A
S29: =B29 -> 0 | T29: =VLOOKUP($B29,$S$3:$Y$9,2,FALSE) -> #N/A | U29: =VLOOKUP($B29,$S$3:$Y$9,3,FALSE) -> #N/A | V29: =VLOOKUP($B29,$S$3:$Y$9,4,FALSE) -> #N/A | W29: =VLOOKUP($B29,$S$3:$Y$9,5,FALSE) -> #N/A | X29: =VLOOKUP($B29,$S$3:$Y$9,6,FALSE) -> #N/A | Y29: =VLOOKUP($B29,$S$3:$Y$9,7,FALSE) -> #N/A | Z29: =VLOOKUP($B29,$S$3:$AA$9,8,FALSE) -> #N/A | AA29: =VLOOKUP($B29,$S$3:$AA$9,9,FALSE) -> #N/A
S30: =B30 -> 0 | T30: =VLOOKUP($B30,$S$3:$Y$9,2,FALSE) -> #N/A | U30: =VLOOKUP($B30,$S$3:$Y$9,3,FALSE) -> #N/A | V30: =VLOOKUP($B30,$S$3:$Y$9,4,FALSE) -> #N/A | W30: =VLOOKUP($B30,$S$3:$Y$9,5,FALSE) -> #N/A | X30: =VLOOKUP($B30,$S$3:$Y$9,6,FALSE) -> #N/A | Y30: =VLOOKUP($B30,$S$3:$Y$9,7,FALSE) -> #N/A | Z30: =VLOOKUP($B30,$S$3:$AA$9,8,FALSE) -> #N/A | AA30: =VLOOKUP($B30,$S$3:$AA$9,9,FALSE) -> #N/A
... S50: =B50 -> 0 | T50: =VLOOKUP($B50,$S$3:$Y$9,2,FALSE) -> #N/A | U50: =VLOOKUP($B50,$S$3:$Y$9,3,FALSE) -> #N/A | V50: =VLOOKUP($B50,$S$3:$Y$9,4,FALSE) -> #N/A | W50: =VLOOKUP($B50,$S$3:$Y$9,5,FALSE) -> #N/A | X50: =VLOOKUP($B50,$S$3:$Y$9,6,FALSE) -> #N/A | Y50: =VLOOKUP($B50,$S$3:$Y$9,7,FALSE) -> #N/A | Z50: =VLOOKUP($B50,$S$3:$AA$9,8,FALSE) -> #N/A | AA50: =VLOOKUP($B50,$S$3:$AA$9,9,FALSE) -> #N/A
I51: EXTRACT RECOVERY
B52: BRAND | D52: BBT P.G./ O.G | I52: Brand | J52: Actual | K52: MTD No. of Brews | L52: MTD | M52: YTD | N52: Target
I53: CARIB | J53: =AVERAGE(I10:I12) -> 93.999983 | K53: =COUNTA([22]Brewhouse!$A$173:$A$182) -> 10 | L53: =AVERAGE([22]Brewhouse!$AU$173:$AU$182) -> 93.52778 | M53: =AVERAGE([22]Brewhouse!$AU$102:$AU$171,[22]Brewhouse!$AU$173:$AU$182) -> 94.445011 | N53: 98
I54: STAG | J54: =AVERAGE(I14:I18) -> 94.935874 | K54: =COUNTA([24]Brewhouse!$A$66:$A$70) -> 5 | L54: =AVERAGE([24]Brewhouse!$AS$66:$AS$70) -> 94.935874 | M54: =AVERAGE([24]Brewhouse!$AS$15:$AS$64,[24]Brewhouse!$AS$66:$AS$70) -> 95.973563 | N54: 98
I55: GUINNESS | K55: =COUNTA([23]Brewhouse!$A$9:$A$14) -> 6 | L55: =AVERAGE([23]Brewhouse!$AU$9:$AU$14) -> 96.577361 | M55: =AVERAGE([23]Brewhouse!$AU$4:$AU$7,[23]Brewhouse!$AU$9:$AU$14) -> 96.787192 | N55: 98
I56: VITAMALT | M56: =AVERAGE([25]Brewhouse!$AV$5:$AV$14) -> 97.717673 | N56: 98
B57: =I55 -> GUINNESS | C57: {=[23]Process!$D$16:$D$19} -> 17.7 | D57: 16.77 | I57: MAXIMALT | N57: 98
C58: 17.5 | I58: MACKESON | M58: =AVERAGE([26]Brewhouse!$AT$4:$AT$11) -> 94.812617 | N58: 98
C59: 17.6 | D59: 17.3 | I59: STARMALT | M59: =AVERAGE([27]Brewhouse!$AY$6:$AY$13) -> 93.094806 | N59: 98
C60: 17.3 | I60: HR- Pils | M60: =AVERAGE([28]Brewhouse!$AU$5:$AU$8) -> 91.006888 | N60: 98
I61: HR- IPA
I62: HR- APA | N62: 98
K63: =SUM(K53:K62) -> 21 | L63: =((L53*K53)+(L54*K54)+(L55*K55)+(L56*K56)+(L57*K57)+(K60*L60)+(L58*K58)+(L59*K59)+(L62*K62))/(K63) -> 94.734349 | M63: =L63 -> 94.734349 | N63: 98
B65: =I53 -> CARIB | C65: =[22]Process!$D$118 -> 11.7 | D65: 11.73 | J65: Daily Brewing Plan
C66: =[22]Process!$D$127 -> 11.9 | J66: Brand | K66: Brews Achieved | L66: Average Brews per day
C67: {=[22]Process!$D$136:$D$139} -> 11.8 | D67: 11.71 | J67: CARIB | K67: =COUNTA(C10:C12) -> 3 | L67: MTD | M67: YTD | N67: TARGET
C68: 11.7 | J68: STAG | K68: =COUNTA(B14:B19) -> 5 | L68: =AVERAGE('Feb 3rd'!K79,'Feb 4th'!K77,'Feb 5th'!K77) -> 7 | M68: =AVERAGE('[29]Jan 29th '!$M$70,L68) -> 6.75
C69: 11.9 | D69: 11.6 | J69: GUINN
C70: 11.8 | J70: VITAMALT
J71: STARMALT
J72: MACKESON
J73: HURRICANE REEF- IPA
J74: HURRICANE REEF- APA
B75: AVERAGE | D75: =AVERAGE(D53:E74) -> 13.822 | J75: HR- PILSNER
J76: CARIBE
J77: Total | K77: =SUM(K67:K76) -> 8
B78: Process: | C78: Fermentation/Filtration
B80: Brand | C80: Filt. Date | D80: FV Hls | E80: GFE/ Prim/ Vita Blend (Hls) | F80: SV Hls | G80: BBT Hls | H80: Loss (%) Ferm | I80: Loss (%) Filt | J80: Comments | K80: Throughput | L80: Process Loss (%) | M80: Filt. Operator
U81: 43466 | V81: 43467 | W81: 43468 | X81: 43469 | Y81: 43470 | Z81: 43471 | AA81: 43472 | AB81: 43473 | AC81: 43474 | AD81: 43475 | AE81: 43476 | AF81: 43477 | AG81: 43478 | AH81: 43479 | AI81: 43480 | AJ81: 43481 | AK81: 43482 | AL81: 43483 | AM81: 43484 | AN81: 43485 | AO81: 43486 | AP81: 43487 | AQ81: 43488 | AR81: 43489 | AS81: 43490 | AT81: 43491 | AU81: 43492 | AV81: 43493 | AW81: 43494 | AX81: 43495 | AY81: 43496
T82: Throughput | U82: =[20]January_2019!D8 -> #DIV/0! | V82: =[20]January_2019!E8 -> 1.0319298 | W82: =[20]January_2019!F8 -> 1.7789474 | X82: =[20]January_2019!G8 -> 0.51929825 | Y82: =[20]January_2019!H8 -> #DIV/0! | Z82: =[20]January_2019!I8 -> #DIV/0! | AA82: =[20]January_2019!J8 -> 1.3652632 | AB82: =[20]January_2019!K8 -> #DIV/0! | ... AY82: =[20]January_2019!AH8 -> #DIV/0!
B83: =J67 -> CARIB | C83: 45693 | D83: =[30]February_2025!$H$3 -> 324.7 | G83: =[30]February_2025!$H$7 -> 300 | J83: 1 BREAK | K83: =[32]February_2025!$H$18 -> 0.52631579 | L83: =(((D83+E83)-G83)/(D83+E83))*100 -> 7.6070219 | M83: J. Nelson
B85: =J69 -> GUINN | C85: 45693 | D85: =[30]February_2025!$H$23 -> 211.4 | E85: =6.9-2.2 -> 4.7 | G85: =[30]February_2025!$H$28 -> 175.1 | J85: 1 Break | K85: =[32]February_2025!$H$32 -> 0.37087719 | L85: =(((D85+E85)-G85)/(D85+E85))*100 -> 18.972698 | M85: T. Charles
B89: Process Loss (Volume) | G89: Process Loss (Extract) | K89: Throughput
B90: Brand | C90: Actual | D90: MTD | E90: YTD | F90: Target | G90: Actual | H90: MTD | I90: YTD | J90: Target | K90: Actual | L90: MTD | M90: YTD | N90: Target
B91: CARIB | C91: =L83 -> 7.6070219 | D91: 5.1221074 | E91: 7.0563599 | F91: 4.8 | G91: =[30]February_2025!$H$11 -> 8.5803677 | H91: 5.4280254 | I91: 8.2771438 | J91: 4.8 | K91: =K83 -> 0.52631579 | L91: 0.60660819 | M91: 0.90358396 | N91: 1
B92: STAG | D92: 5.2210842 | E92: 6.9738674 | F92: 4.8 | H92: 5.6054269 | I92: 9.5824954 | J92: 4.8 | L92: 0.9485 | M92: 0.96538961 | N92: 1
B93: GUINN | C93: =L85 -> 18.972698 | D93: 18.972698 | E93: 10.242918 | F93: 5.5 | G93: =[30]February_2025!$H$32 -> 22.634564 | H93: 22.634564 | I93: 11.093375 | J93: 5.5 | K93: =K85 -> 0.37087719 | L93: 0.37087719 | M93: 0.70508772 | N93: 1
B94: VITAMALT | E94: 3.405687 | F94: 3.3 | I94: 6.6434583 | J94: 3.3 | M94: 0.83350877 | N94: 1
B95: MAXIMALT | E95: 8.8295688 | F95: 3.3 | J95: 3 | N95: 1
B96: MACKESON | E96: 9.969885 | F96: =[21]May_2022!$M$43 -> 3.4878407 | I96: 10.607236 | J96: 5.5 | M96: 0.66824561 | N96: 1
B97: STARMALT | E97: 4.851724 | F97: 3.3 | I97: 4.0624079 | J97: 3.3 | M97: 0.69842105 | N97: 1
B98: HURRICANE REEF | E98: 14.011128 | F98: 7.5 | J98: 7.5 | N98: 1
B99: HR- PILSNER | F99: 5.5 | G99: =[30]February_2025!$H$94 -> 0 | J99: 5.5 | N99: 1
D100: 6.8959467 | E100: 6.9788911 | F100: 4.5 | H100: 13.35 | I100: 8.95 | J100: 4.5 | L100: 0.708 | M100: 0.708 | N100: 1
AD113: :

Sheet Feb 6th
T1: P.G. | V1: Hot Time | X1: Process Time | Z1: Cooling Time
B2: Brewing Department Daily Process Loss Report | T2: Lower | U2: Upper | V2: Lower | W2: Upper | X2: Lower | Y2: Upper | Z2: Lower | AA2: Upper
S3: CARIB | T3: 11.6 | U3: 12 | V3: 0 | W3: 0.11805556 | X3: 0.22569444 | Y3: 0.26388889 | Z3: 0 | AA3: 60 | AC3: HR- PISNER
B4: Date: | C4: 45694 | J4: LOT WORT COLOUR: 3.5 | M4: Filter Sheets (Target 20 days) | S4: STAG | T4: 11.6 | U4: 12 | V4: 0 | W4: 0.11805556 | X4: 0.22569444 | Y4: 0.26388889 | Z4: 0 | AA4: 60
M5: Double | N5: Single | S5: GUINNESS | T5: 17 | U5: 17.5 | V5: 0 | W5: 0.10763889 | X5: 0.24652778 | Y5: 0.28472222 | Z5: 0 | AA5: 60
J6: MALT LOT: Lot 24 | L6: Sheet Day | M6: 15 | N6: 15 | S6: MACKESON | T6: 13.3 | U6: 13.5 | V6: 0 | W6: 0.12905093 | X6: 0.27430556 | Y6: 0.30208333 | Z6: 0
S7: STARMALT | T7: 17.1 | U7: 17.5 | V7: 0 | W7: 0.13605324 | X7: 0.27430556 | Y7: 0.30902778 | Z7: 0 | AA7: 60
B8: Brand | C8: Brew no. | D8: Kett. Hls | E8: Wort | F8: Cool Time(Mins) | G8: Cast. P.G. (Lab Result) | H8: Cast P.G. (Cellar Operator)-gravity | I8: Extr. Rec (80.9%) | J8: Theor. Extr. (77.5%) | K8: Boil Off /Vol. (4-6%) | L8: Boil Time | M8: Total Hot | N8: Brewing | O8: Operator | P8: Comments | Q8: Actual Pilsen Malt | S8: Hurricane Reef | T8: 16.6 | U8: 17 | V8: 0 | W8: 0.12905093 | X8: 0.27430556 | Y8: 0.30208333 | Z8: 0
E9: Meter (Hls) | F9: Target(< 60Mins) | M9: Time | S9: VITAMALT | T9: 14.4 | U9: 14.6 | V9: 0 | W9: 0.13905093 | X9: 0.26041667 | Y9: 0.29513889 | Z9: 0 | AA9: 75
B10: STAG | C10: =[24]Brewhouse!$A71 -> ST056 | D10: =[24]Brewhouse!$AD71 -> 54.2 | E10: =[24]Brewhouse!$AG71 -> 51.2 | F10: =[24]Brewhouse!$V71 -> 68 | G10: =[24]Brewhouse!$AE71 -> 11.7 | H10: 11.5 | I10: =[24]Brewhouse!$AS71 -> 96.860954 | J10: =[24]Brewhouse!$AT71 -> 100.23484 | K10: =[24]Brewhouse!$Q71 -> 4.7272727 | L10: =[24]Brewhouse!$P71 -> 61 | M10: =[24]Brewhouse!$U71-[24]Brewhouse!$T71 -> 0.19027778 | N10: =[24]Brewhouse!$AW71 -> 0.25694444 | O10: =[24]Brewhouse!$AV71 -> K. Benjamin
B11: STAG | C11: =[24]Brewhouse!$A72 -> ST057 | D11: =[24]Brewhouse!$AD72 -> 53.2 | E11: =[24]Brewhouse!$AG72 -> 50 | F11: =[24]Brewhouse!$V72 -> 66 | G11: =[24]Brewhouse!$AE72 -> 11.9 | H11: 11.9 | I11: =[24]Brewhouse!$AS72 -> 96.412979 | J11: =[24]Brewhouse!$AT72 -> 99.770174 | K11: =[24]Brewhouse!$Q72 -> 5.5454545 | L11: =[24]Brewhouse!$P72 -> 59 | M11: =[24]Brewhouse!$U72-[24]Brewhouse!$T72 -> 0.12083333 | N11: =[24]Brewhouse!$AW72 -> 0.26597222 | O11: =[24]Brewhouse!$AV72 -> K. Benjamin | S11: =B11 -> STAG | T11: =VLOOKUP($B11,$S$3:$Y$9,2,FALSE) -> 11.6 | U11: =VLOOKUP($B11,$S$3:$Y$9,3,FALSE) -> 12 | V11: =VLOOKUP($B11,$S$3:$Y$9,4,FALSE) -> 0 | W11: =VLOOKUP($B11,$S$3:$Y$9,5,FALSE) -> 0.11805556 | X11: =VLOOKUP($B11,$S$3:$Y$9,6,FALSE) -> 0.22569444 | Y11: =VLOOKUP($B11,$S$3:$Y$9,7,FALSE) -> 0.26388889 | Z11: =VLOOKUP($B11,$S$3:$AA$9,8,FALSE) -> 0 | AA11: =VLOOKUP($B11,$S$3:$AA$9,9,FALSE) -> 60
B12: STAG | C12: =[24]Brewhouse!$A73 -> ST058 | D12: =[24]Brewhouse!$AD73 -> 53.4 | E12: =[24]Brewhouse!$AG73 -> 50.3 | F12: =[24]Brewhouse!$V73 -> 60 | G12: =[24]Brewhouse!$AE73 -> 11.8 | H12: 11.9 | I12: =[24]Brewhouse!$AS73 -> 96.134504 | J12: =[24]Brewhouse!$AT73 -> 99.482003 | K12: =[24]Brewhouse!$Q73 -> 4.7186933 | L12: =[24]Brewhouse!$P73 -> 60 | M12: =[24]Brewhouse!$U73-[24]Brewhouse!$T73 -> 0.12361111 | N12: =[24]Brewhouse!$AW73 -> 0.25902778 | O12: =[24]Brewhouse!$AV73 -> R.Regis | S12: =B12 -> STAG | T12: =VLOOKUP($B12,$S$3:$Y$9,2,FALSE) -> 11.6 | U12: =VLOOKUP($B12,$S$3:$Y$9,3,FALSE) -> 12 | V12: =VLOOKUP($B12,$S$3:$Y$9,4,FALSE) -> 0 | W12: =VLOOKUP($B12,$S$3:$Y$9,5,FALSE) -> 0.11805556 | X12: =VLOOKUP($B12,$S$3:$Y$9,6,FALSE) -> 0.22569444 | Y12: =VLOOKUP($B12,$S$3:$Y$9,7,FALSE) -> 0.26388889 | Z12: =VLOOKUP($B12,$S$3:$AA$9,8,FALSE) -> 0 | AA12: =VLOOKUP($B12,$S$3:$AA$9,9,FALSE) -> 60
S13: =B13 -> 0 | T13: =VLOOKUP($B13,$S$3:$Y$9,2,FALSE) -> #N/A | U13: =VLOOKUP($B13,$S$3:$Y$9,3,FALSE) -> #N/A | V13: =VLOOKUP($B13,$S$3:$Y$9,4,FALSE) -> #N/A | W13: =VLOOKUP($B13,$S$3:$Y$9,5,FALSE) -> #N/A | X13: =VLOOKUP($B13,$S$3:$Y$9,6,FALSE) -> #N/A | Y13: =VLOOKUP($B13,$S$3:$Y$9,7,FALSE) -> #N/A | Z13: =VLOOKUP($B13,$S$3:$AA$9,8,FALSE) -> #N/A | AA13: =VLOOKUP($B13,$S$3:$AA$9,9,FALSE) -> #N/A
B14: CARIB | C14: =[22]Brewhouse!$A183 -> CA081 | D14: =[22]Brewhouse!$AF183 -> 53.8 | E14: =[22]Brewhouse!$AI183 -> 50.1 | F14: =[22]Brewhouse!$V183 -> 72 | G14: =[22]Brewhouse!$AG183 -> 11.6 | H14: 11.7 | I14: =[22]Brewhouse!$AU183 -> 92.689747 | J14: =[22]Brewhouse!$AV183 -> 96.584676 | K14: =[22]Brewhouse!$Q183 -> 5.3832442 | L14: =[22]Brewhouse!$P183 -> 60 | M14: =[22]Brewhouse!$U183-[22]Brewhouse!$T183 -> 0.12569444 | N14: =[22]Brewhouse!$Z183 -> 0.26736111 | O14: =[22]Brewhouse!$AX183 -> R. Regis | S14: =B14 -> CARIB | T14: =VLOOKUP($B14,$S$3:$Y$9,2,FALSE) -> 11.6 | U14: =VLOOKUP($B14,$S$3:$Y$9,3,FALSE) -> 12 | V14: =VLOOKUP($B14,$S$3:$Y$9,4,FALSE) -> 0 | W14: =VLOOKUP($B14,$S$3:$Y$9,5,FALSE) -> 0.11805556 | X14: =VLOOKUP($B14,$S$3:$Y$9,6,FALSE) -> 0.22569444 | Y14: =VLOOKUP($B14,$S$3:$Y$9,7,FALSE) -> 0.26388889 | Z14: =VLOOKUP($B14,$S$3:$AA$9,8,FALSE) -> 0 | AA14: =VLOOKUP($B14,$S$3:$AA$9,9,FALSE) -> 60
B15: CARIB | C15: =[22]Brewhouse!$A184 -> CA082 | D15: =[22]Brewhouse!$AF184 -> 53.9 | E15: =[22]Brewhouse!$AI184 -> 50.9 | F15: =[22]Brewhouse!$V184 -> 95 | G15: =[22]Brewhouse!$AG184 -> 11.7 | H15: 11.7 | I15: =[22]Brewhouse!$AU184 -> 94.673755 | J15: =[22]Brewhouse!$AV184 -> 98.652699 | K15: =[22]Brewhouse!$Q184 -> 5.7092199 | L15: =[22]Brewhouse!$P184 -> 58 | M15: =[22]Brewhouse!$U184-[22]Brewhouse!$T184 -> 0.13125 | N15: =[22]Brewhouse!$Z184 -> 0.27430556 | O15: =[22]Brewhouse!$AX184 -> R. Sookram | S15: =B15 -> CARIB | T15: =VLOOKUP($B15,$S$3:$Y$9,2,FALSE) -> 11.6 | U15: =VLOOKUP($B15,$S$3:$Y$9,3,FALSE) -> 12 | V15: =VLOOKUP($B15,$S$3:$Y$9,4,FALSE) -> 0 | W15: =VLOOKUP($B15,$S$3:$Y$9,5,FALSE) -> 0.11805556 | X15: =VLOOKUP($B15,$S$3:$Y$9,6,FALSE) -> 0.22569444 | Y15: =VLOOKUP($B15,$S$3:$Y$9,7,FALSE) -> 0.26388889 | Z15: =VLOOKUP($B15,$S$3:$AA$9,8,FALSE) -> 0 | AA15: =VLOOKUP($B15,$S$3:$AA$9,9,FALSE) -> 60
S16: =B16 -> 0 | T16: =VLOOKUP($B16,$S$3:$Y$9,2,FALSE) -> #N/A | U16: =VLOOKUP($B16,$S$3:$Y$9,3,FALSE) -> #N/A | V16: =VLOOKUP($B16,$S$3:$Y$9,4,FALSE) -> #N/A | W16: =VLOOKUP($B16,$S$3:$Y$9,5,FALSE) -> #N/A | X16: =VLOOKUP($B16,$S$3:$Y$9,6,FALSE) -> #N/A | Y16: =VLOOKUP($B16,$S$3:$Y$9,7,FALSE) -> #N/A | Z16: =VLOOKUP($B16,$S$3:$AA$9,8,FALSE) -> #N/A | AA16: =VLOOKUP($B16,$S$3:$AA$9,9,FALSE) -> #N/A
S17: =B17 -> 0 | T17: =VLOOKUP($B17,$S$3:$Y$9,2,FALSE) -> #N/A | U17: =VLOOKUP($B17,$S$3:$Y$9,3,FALSE) -> #N/A | V17: =VLOOKUP($B17,$S$3:$Y$9,4,FALSE) -> #N/A | W17: =VLOOKUP($B17,$S$3:$Y$9,5,FALSE) -> #N/A | X17: =VLOOKUP($B17,$S$3:$Y$9,6,FALSE) -> #N/A | Y17: =VLOOKUP($B17,$S$3:$Y$9,7,FALSE) -> #N/A | Z17: =VLOOKUP($B17,$S$3:$AA$9,8,FALSE) -> #N/A | AA17: =VLOOKUP($B17,$S$3:$AA$9,9,FALSE) -> #N/A
S18: =B18 -> 0 | T18: =VLOOKUP($B18,$S$3:$Y$9,2,FALSE) -> #N/A | U18: =VLOOKUP($B18,$S$3:$Y$9,3,FALSE) -> #N/A | V18: =VLOOKUP($B18,$S$3:$Y$9,4,FALSE) -> #N/A | W18: =VLOOKUP($B18,$S$3:$Y$9,5,FALSE) -> #N/A | X18: =VLOOKUP($B18,$S$3:$Y$9,6,FALSE) -> #N/A | Y18: =VLOOKUP($B18,$S$3:$Y$9,7,FALSE) -> #N/A | Z18: =VLOOKUP($B18,$S$3:$AA$9,8,FALSE) -> #N/A | AA18: =VLOOKUP($B18,$S$3:$AA$9,9,FALSE) -> #N/A
S19: =B19 -> 0 | T19: =VLOOKUP($B19,$S$3:$Y$9,2,FALSE) -> #N/A | U19: =VLOOKUP($B19,$S$3:$Y$9,3,FALSE) -> #N/A | V19: =VLOOKUP($B19,$S$3:$Y$9,4,FALSE) -> #N/A | W19: =VLOOKUP($B19,$S$3:$Y$9,5,FALSE) -> #N/A | X19: =VLOOKUP($B19,$S$3:$Y$9,6,FALSE) -> #N/A | Y19: =VLOOKUP($B19,$S$3:$Y$9,7,FALSE) -> #N/A | Z19: =VLOOKUP($B19,$S$3:$AA$9,8,FALSE) -> #N/A | AA19: =VLOOKUP($B19,$S$3:$AA$9,9,FALSE) -> #N/A
S20: =B20 -> 0 | T20: =VLOOKUP($B20,$S$3:$Y$9,2,FALSE) -> #N/A | U20: =VLOOKUP($B20,$S$3:$Y$9,3,FALSE) -> #N/A | V20: =VLOOKUP($B20,$S$3:$Y$9,4,FALSE) -> #N/A | W20: =VLOOKUP($B20,$S$3:$Y$9,5,FALSE) -> #N/A | X20: =VLOOKUP($B20,$S$3:$Y$9,6,FALSE) -> #N/A | Y20: =VLOOKUP($B20,$S$3:$Y$9,7,FALSE) -> #N/A | Z20: =VLOOKUP($B20,$S$3:$AA$9,8,FALSE) -> #N/A | AA20: =VLOOKUP($B20,$S$3:$AA$9,9,FALSE) -> #N/A
S21: =B21 -> 0 | T21: =VLOOKUP($B21,$S$3:$Y$9,2,FALSE) -> #N/A | U21: =VLOOKUP($B21,$S$3:$Y$9,3,FALSE) -> #N/A | V21: =VLOOKUP($B21,$S$3:$Y$9,4,FALSE) -> #N/A | W21: =VLOOKUP($B21,$S$3:$Y$9,5,FALSE) -> #N/A | X21: =VLOOKUP($B21,$S$3:$Y$9,6,FALSE) -> #N/A | Y21: =VLOOKUP($B21,$S$3:$Y$9,7,FALSE) -> #N/A | Z21: =VLOOKUP($B21,$S$3:$AA$9,8,FALSE) -> #N/A | AA21: =VLOOKUP($B21,$S$3:$AA$9,9,FALSE) -> #N/A
S22: =B22 -> 0 | T22: =VLOOKUP($B22,$S$3:$Y$9,2,FALSE) -> #N/A | U22: =VLOOKUP($B22,$S$3:$Y$9,3,FALSE) -> #N/A | V22: =VLOOKUP($B22,$S$3:$Y$9,4,FALSE) -> #N/A | W22: =VLOOKUP($B22,$S$3:$Y$9,5,FALSE) -> #N/A | X22: =VLOOKUP($B22,$S$3:$Y$9,6,FALSE) -> #N/A | Y22: =VLOOKUP($B22,$S$3:$Y$9,7,FALSE) -> #N/A | Z22: =VLOOKUP($B22,$S$3:$AA$9,8,FALSE) -> #N/A | AA22: =VLOOKUP($B22,$S$3:$AA$9,9,FALSE) -> #N/A
S23: =B23 -> 0 | T23: =VLOOKUP($B23,$S$3:$Y$9,2,FALSE) -> #N/A | U23: =VLOOKUP($B23,$S$3:$Y$9,3,FALSE) -> #N/A | V23: =VLOOKUP($B23,$S$3:$Y$9,4,FALSE) -> #N/A | W23: =VLOOKUP($B23,$S$3:$Y$9,5,FALSE) -> #N/A | X23: =VLOOKUP($B23,$S$3:$Y$9,6,FALSE) -> #N/A | Y23: =VLOOKUP($B23,$S$3:$Y$9,7,FALSE) -> #N/A | Z23: =VLOOKUP($B23,$S$3:$AA$9,8,FALSE) -> #N/A | AA23: =VLOOKUP($B23,$S$3:$AA$9,9,FALSE) -> #N/A
S24: =B24 -> 0 | T24: =VLOOKUP($B24,$S$3:$Y$9,2,FALSE) -> #N/A | U24: =VLOOKUP($B24,$S$3:$Y$9,3,FALSE) -> #N/A | V24: =VLOOKUP($B24,$S$3:$Y$9,4,FALSE) -> #N/A | W24: =VLOOKUP($B24,$S$3:$Y$9,5,FALSE) -> #N/A | X24: =VLOOKUP($B24,$S$3:$Y$9,6,FALSE) -> #N/A | Y24: =VLOOKUP($B24,$S$3:$Y$9,7,FALSE) -> #N/A | Z24: =VLOOKUP($B24,$S$3:$AA$9,8,FALSE) -> #N/A | AA24: =VLOOKUP($B24,$S$3:$AA$9,9,FALSE) -> #N/A
S25: =B25 -> 0 | T25: =VLOOKUP($B25,$S$3:$Y$9,2,FALSE) -> #N/A | U25: =VLOOKUP($B25,$S$3:$Y$9,3,FALSE) -> #N/A | V25: =VLOOKUP($B25,$S$3:$Y$9,4,FALSE) -> #N/A | W25: =VLOOKUP($B25,$S$3:$Y$9,5,FALSE) -> #N/A | X25: =VLOOKUP($B25,$S$3:$Y$9,6,FALSE) -> #N/A | Y25: =VLOOKUP($B25,$S$3:$Y$9,7,FALSE) -> #N/A | Z25: =VLOOKUP($B25,$S$3:$AA$9,8,FALSE) -> #N/A | AA25: =VLOOKUP($B25,$S$3:$AA$9,9,FALSE) -> #N/A
S26: =B26 -> 0 | T26: =VLOOKUP($B26,$S$3:$Y$9,2,FALSE) -> #N/A | U26: =VLOOKUP($B26,$S$3:$Y$9,3,FALSE) -> #N/A | V26: =VLOOKUP($B26,$S$3:$Y$9,4,FALSE) -> #N/A | W26: =VLOOKUP($B26,$S$3:$Y$9,5,FALSE) -> #N/A | X26: =VLOOKUP($B26,$S$3:$Y$9,6,FALSE) -> #N/A | Y26: =VLOOKUP($B26,$S$3:$Y$9,7,FALSE) -> #N/A | Z26: =VLOOKUP($B26,$S$3:$AA$9,8,FALSE) -> #N/A | AA26: =VLOOKUP($B26,$S$3:$AA$9,9,FALSE) -> #N/A
S27: =B27 -> 0 | T27: =VLOOKUP($B27,$S$3:$Y$9,2,FALSE) -> #N/A | U27: =VLOOKUP($B27,$S$3:$Y$9,3,FALSE) -> #N/A | V27: =VLOOKUP($B27,$S$3:$Y$9,4,FALSE) -> #N/A | W27: =VLOOKUP($B27,$S$3:$Y$9,5,FALSE) -> #N/A | X27: =VLOOKUP($B27,$S$3:$Y$9,6,FALSE) -> #N/A | Y27: =VLOOKUP($B27,$S$3:$Y$9,7,FALSE) -> #N/A | Z27: =VLOOKUP($B27,$S$3:$AA$9,8,FALSE) -> #N/A | AA27: =VLOOKUP($B27,$S$3:$AA$9,9,FALSE) -> #N/A
... S48: =B48 -> 0 | T48: =VLOOKUP($B48,$S$3:$Y$9,2,FALSE) -> #N/A | U48: =VLOOKUP($B48,$S$3:$Y$9,3,FALSE) -> #N/A | V48: =VLOOKUP($B48,$S$3:$Y$9,4,FALSE) -> #N/A | W48: =VLOOKUP($B48,$S$3:$Y$9,5,FALSE) -> #N/A | X48: =VLOOKUP($B48,$S$3:$Y$9,6,FALSE) -> #N/A | Y48: =VLOOKUP($B48,$S$3:$Y$9,7,FALSE) -> #N/A | Z48: =VLOOKUP($B48,$S$3:$AA$9,8,FALSE) -> #N/A | AA48: =VLOOKUP($B48,$S$3:$AA$9,9,FALSE) -> #N/A
I49: EXTRACT RECOVERY
B50: BRAND | D50: BBT P.G./ O.G | I50: Brand | J50: Actual | K50: MTD No. of Brews | L50: MTD | M50: YTD | N50: Target
B51: HR-PILS | C51: {=[28]Process!$D$5:$D$8} -> 11.7 | D51: 11.35 | I51: CARIB | J51: =AVERAGE(I14:I15) -> 93.681751 | K51: =COUNTA([22]Brewhouse!$A$173:$A$184) -> 12 | L51: =AVERAGE([22]Brewhouse!$AU$173:$AU$184) -> 93.553442 | M51: =AVERAGE([22]Brewhouse!$AU$102:$AU$171,[22]Brewhouse!$AU$173:$AU$184) -> 94.426395 | N51: 98
C52: 11.7 | I52: STAG | J52: =AVERAGE(I10:I12) -> 96.469479 | K52: =COUNTA([24]Brewhouse!$A$66:$A$73) -> 8 | L52: =AVERAGE([24]Brewhouse!$AS$66:$AS$73) -> 95.510976 | M52: =AVERAGE([24]Brewhouse!$AS$15:$AS$64,[24]Brewhouse!$AS$66:$AS$73) -> 95.999214 | N52: 98
C53: 11.2 | D53: 11.23 | I53: GUINNESS | K53: =COUNTA([23]Brewhouse!$A$9:$A$14) -> 6 | L53: =AVERAGE([23]Brewhouse!$AU$9:$AU$14) -> 96.577361 | M53: =AVERAGE([23]Brewhouse!$AU$4:$AU$7,[23]Brewhouse!$AU$9:$AU$14) -> 96.787192 | N53: 98
C54: 11.2 | I54: VITAMALT | M54: =AVERAGE([25]Brewhouse!$AV$5:$AV$14) -> 97.717673 | N54: 98
I55: MAXIMALT | N55: 98
I56: MACKESON | M56: =AVERAGE([26]Brewhouse!$AT$4:$AT$11) -> 94.812617 | N56: 98
I57: STARMALT | M57: =AVERAGE([27]Brewhouse!$AY$6:$AY$13) -> 93.094806 | N57: 98
I58: HR- Pils | M58: =AVERAGE([28]Brewhouse!$AU$5:$AU$8) -> 91.006888 | N58: 98
I59: HR- IPA
I60: HR- APA | N60: 98
K61: =SUM(K51:K60) -> 26 | L61: =((L51*K51)+(L52*K52)+(L53*K53)+(L54*K54)+(L55*K55)+(K58*L58)+(L56*K56)+(L57*K57)+(L60*K60))/(K61) -> 94.853587 | M61: =L61 -> 94.853587 | N61: 98
B63: =I52 -> STAG | C63: {=[24]Process!$D$37:$D$42} -> 11.6 | J63: Daily Brewing Plan
C64: 11.8 | J64: Brand | K64: Brews Achieved | L64: Average Brews per day
C65: 11.9 | J65: CARIB | K65: =COUNTA(B14:B15) -> 2 | L65: MTD | M65: YTD | N65: TARGET
C66: 11.6 | J66: STAG | K66: =COUNTA(B10:B12) -> 3 | L66: =AVERAGE('Feb 3rd'!K79,'Feb 4th'!K77,'Feb 5th'!L68,'Feb 6th'!K75) -> 6.25 | M66: =AVERAGE('[29]Jan 29th '!$M$70,L66) -> 6.375
C67: 11.6 | J67: GUINN
C68: 11.6 | J68: VITAMALT
J69: STARMALT
J70: MACKESON
J71: HURRICANE REEF- IPA
J72: HURRICANE REEF- APA
B73: AVERAGE | D73: =AVERAGE(D51:E72) -> 11.29 | J73: HR- PILSNER
J74: CARIBE
J75: Total | K75: =SUM(K65:K74) -> 5
B76: Process: | C76: Fermentation/Filtration
B78: Brand | C78: Filt. Date | D78: FV Hls | E78: GFE/ Prim/ Vita Blend (Hls) | F78: SV Hls | G78: BBT Hls | H78: Loss (%) Ferm | I78: Loss (%) Filt | J78: Comments | K78: Throughput | L78: Process Loss (%) | M78: Filt. Operator
U79: 43466 | V79: 43467 | W79: 43468 | X79: 43469 | Y79: 43470 | Z79: 43471 | AA79: 43472 | AB79: 43473 | AC79: 43474 | AD79: 43475 | AE79: 43476 | AF79: 43477 | AG79: 43478 | AH79: 43479 | AI79: 43480 | AJ79: 43481 | AK79: 43482 | AL79: 43483 | AM79: 43484 | AN79: 43485 | AO79: 43486 | AP79: 43487 | AQ79: 43488 | AR79: 43489 | AS79: 43490 | AT79: 43491 | AU79: 43492 | AV79: 43493 | AW79: 43494 | AX79: 43495 | AY79: 43496
B80: =I58 -> HR- Pils | C80: 45694 | D80: =[30]February_2025!$I$86 -> 202.9 | F80: =SUM('[31]HR Pilsener'!$L$6:$L$9) -> 201.4 | G80: =[30]February_2025!$I$90 -> 193 | H80: =(D80-F80)/D80*100 -> 0.73928043 | I80: =((F80+E80)-G80)/(F80+E80)*100 -> 4.1708044 | J80: NO Break | K80: =[32]February_2025!$I$74 -> 0.33859649 | L80: =(((D80+E80)-G80)/(D80+E80))*100 -> 4.8792509 | M80: D. Emery | T80: hls
T81: Throughput | U81: =[20]January_2019!D8 -> #DIV/0! | V81: =[20]January_2019!E8 -> 1.0319298 | W81: =[20]January_2019!F8 -> 1.7789474 | X81: =[20]January_2019!G8 -> 0.51929825 | Y81: =[20]January_2019!H8 -> #DIV/0! | Z81: =[20]January_2019!I8 -> #DIV/0! | AA81: =[20]January_2019!J8 -> 1.3652632 | AB81: =[20]January_2019!K8 -> #DIV/0! | ... AY81: =[20]January_2019!AH8 -> #DIV/0!
B82: =J66 -> STAG | C82: 45694 | D82: =[30]February_2025!$I$13 -> 301.8 | F82: =SUM([31]STAG!$L$14:$L$19) -> 296.22 | G82: =[30]February_2025!$I$17 -> 285 | H82: =(D82-F82)/D82*100 -> 1.8489066 | I82: =((F82+E82)-G82)/(F82+E82)*100 -> 3.7877253 | J82: 1 Break | K82: =[32]February_2025!$I$25 -> 0.475 | L82: =(((D82+E82)-G82)/(D82+E82))*100 -> 5.5666004 | M82: T. Charles
B88: Process Loss (Volume) | G88: Process Loss (Extract) | K88: Throughput
B89: Brand | C89: Actual | D89: MTD | E89: YTD | F89: Target | G89: Actual | H89: MTD | I89: YTD | J89: Target | K89: Actual | L89: MTD | M89: YTD | N89: Target
B90: CARIB | D90: 5.9820538 | E90: 7.0776614 | F90: 4.8 | H90: 6.284999 | I90: 8.4947288 | J90: 4.8 | L90: 0.60660819 | M90: 0.90358396 | N90: 1
B91: STAG | C91: =L82 -> 5.5666004 | D91: 5.3696055 | E91: 6.9555955 | F91: 4.8 | G91: =[30]February_2025!$I$21 -> 5.5666004 | H91: 5.5888302 | I91: 8.9645803 | J91: 4.8 | K91: =K82 -> 0.475 | L91: 0.74557143 | M91: 0.88543478 | N91: 1
B92: GUINN | D92: 18.972698 | E92: 10.242918 | F92: 5.5 | H92: 22.634564 | I92: 11.093375 | J92: 5.5 | L92: 0.37087719 | M92: 0.70508772 | N92: 1
B93: VITAMALT | E93: 3.405687 | F93: 3.3 | I93: 6.6434583 | J93: 3.3 | M93: 0.83350877 | N93: 1
B94: MAXIMALT | E94: 8.8295688 | F94: 3.3 | J94: 3 | N94: 1
B95: MACKESON | E95: 9.969885 | F95: =[21]May_2022!$M$43 -> 3.4878407 | I95: 10.607236 | J95: 5.5 | M95: 0.66824561 | N95: 1
B96: STARMALT | E96: 4.851724 | F96: 3.3 | I96: 4.0624079 | J96: 3.3 | M96: 0.69842105 | N96: 1
B97: HURRICANE REEF | E97: 14.011128 | F97: 7.5 | J97: 7.5 | N97: 1
B98: HR- PILSNER | C98: =L80 -> 4.8792509 | D98: 4.8792509 | E98: 7.158051 | F98: 5.5 | G98: =[30]February_2025!$I$94 -> 6.2003724 | H98: 6.310834 | I98: 6.310834 | J98: 5.5 | K98: =K80 -> 0.33859649 | L98: 1 | M98: 0.67719298 | N98: 1
D99: 7.158051 | E99: 6.9847858 | F99: 4.5 | H99: 10.333913 | I99: 8.7540283 | J99: 4.5 | L99: 0.64614173 | M99: 0.64614173 | N99: 1
AD112: :

Sheet Feb 10th
T1: P.G. | V1: Hot Time | X1: Process Time | Z1: Cooling Time
B2: Brewing Department Daily Process Loss Report | T2: Lower | U2: Upper | V2: Lower | W2: Upper | X2: Lower | Y2: Upper | Z2: Lower | AA2: Upper
S3: CARIB | T3: 11.6 | U3: 12 | V3: 0 | W3: 0.11805556 | X3: 0.22569444 | Y3: 0.26388889 | Z3: 0 | AA3: 60 | AC3: HR- PISNER
B4: Date: | C4: 45698 | J4: LOT WORT COLOUR: 3.5 | M4: Filter Sheets (Target 20 days) | S4: STAG | T4: 11.6 | U4: 12 | V4: 0 | W4: 0.11805556 | X4: 0.22569444 | Y4: 0.26388889 | Z4: 0 | AA4: 60
M5: Double | N5: Single | S5: GUINNESS | T5: 17 | U5: 17.5 | V5: 0 | W5: 0.10763889 | X5: 0.24652778 | Y5: 0.28472222 | Z5: 0 | AA5: 60
J6: MALT LOT: Lot 24 | L6: Sheet Day | M6: 22 | N6: 22 | S6: MACKESON | T6: 13.3 | U6: 13.5 | V6: 0 | W6: 0.12905093 | X6: 0.27430556 | Y6: 0.30208333 | Z6: 0
S7: STARMALT | T7: 17.1 | U7: 17.5 | V7: 0 | W7: 0.13605324 | X7: 0.27430556 | Y7: 0.30902778 | Z7: 0 | AA7: 60
B8: Brand | C8: Brew no. | D8: Kett. Hls | E8: Wort | F8: Cool Time(Mins) | G8: Cast. P.G. (Lab Result) | H8: Cast P.G. (Cellar Operator)-gravity | I8: Extr. Rec (80.9%) | J8: Theor. Extr. (77.5%) | K8: Boil Off /Vol. (4-6%) | L8: Boil Time | M8: Total Hot | N8: Brewing | O8: Operator | P8: Comments | Q8: Actual Pilsen Malt | S8: Hurricane Reef | T8: 16.6 | U8: 17 | V8: 0 | W8: 0.12905093 | X8: 0.27430556 | Y8: 0.30208333 | Z8: 0
E9: Meter (Hls) | F9: Target(< 60Mins) | M9: Time | S9: VITAMALT | T9: 14.4 | U9: 14.6 | V9: 0 | W9: 0.13905093 | X9: 0.26041667 | Y9: 0.29513889 | Z9: 0 | AA9: 75
B10: CARIB | C10: =[22]Brewhouse!$A185 -> CA083 | D10: =[22]Brewhouse!$AF185 -> 56.6 | E10: =[22]Brewhouse!$AI185 -> 52 | F10: =[22]Brewhouse!$V185 -> 61 | G10: =[22]Brewhouse!$AG185 -> 12 | H10: 12.1 | I10: =[22]Brewhouse!$AU185 -> 98.85863 | J10: =[22]Brewhouse!$AV185 -> 102.84406 | K10: =[22]Brewhouse!$Q185 -> 4.1428571 | L10: =[22]Brewhouse!$P185 -> 57 | M10: =[22]Brewhouse!$U185-[22]Brewhouse!$T185 -> 0.12430556 | N10: =[22]Brewhouse!$Z185 -> 0.28541667 | O10: =[22]Brewhouse!$AX185 -> R. Sookram | P10: Extra boil for 15mins | S10: =B10 -> CARIB | T10: =VLOOKUP($B10,$S$3:$Y$9,2,FALSE) -> 11.6 | U10: =VLOOKUP($B10,$S$3:$Y$9,3,FALSE) -> 12 | V10: =VLOOKUP($B10,$S$3:$Y$9,4,FALSE) -> 0 | W10: =VLOOKUP($B10,$S$3:$Y$9,5,FALSE) -> 0.11805556 | X10: =VLOOKUP($B10,$S$3:$Y$9,6,FALSE) -> 0.22569444 | Y10: =VLOOKUP($B10,$S$3:$Y$9,7,FALSE) -> 0.26388889 | Z10: =VLOOKUP($B10,$S$3:$AA$9,8,FALSE) -> 0 | AA10: =VLOOKUP($B10,$S$3:$AA$9,9,FALSE) -> 60
B11: CARIB | C11: =[22]Brewhouse!$A186 -> CA084 | D11: =[22]Brewhouse!$AF186 -> 53.9 | E11: =[22]Brewhouse!$AI186 -> 51 | F11: =[22]Brewhouse!$V186 -> 61 | G11: =[22]Brewhouse!$AG186 -> 11.6 | H11: 11.8 | I11: =[22]Brewhouse!$AU186 -> 93.560902 | J11: =[22]Brewhouse!$AV186 -> 97.332753 | K11: =[22]Brewhouse!$Q186 -> 6.3732394 | L11: =[22]Brewhouse!$P186 -> 61 | M11: =[22]Brewhouse!$U186-[22]Brewhouse!$T186 -> 0.11388889 | N11: =[22]Brewhouse!$Z186 -> 0.27708333 | O11: =[22]Brewhouse!$AX186 -> R. Sookram | S11: =B11 -> CARIB | T11: =VLOOKUP($B11,$S$3:$Y$9,2,FALSE) -> 11.6 | U11: =VLOOKUP($B11,$S$3:$Y$9,3,FALSE) -> 12 | V11: =VLOOKUP($B11,$S$3:$Y$9,4,FALSE) -> 0 | W11: =VLOOKUP($B11,$S$3:$Y$9,5,FALSE) -> 0.11805556 | X11: =VLOOKUP($B11,$S$3:$Y$9,6,FALSE) -> 0.22569444 | Y11: =VLOOKUP($B11,$S$3:$Y$9,7,FALSE) -> 0.26388889 | Z11: =VLOOKUP($B11,$S$3:$AA$9,8,FALSE) -> 0 | AA11: =VLOOKUP($B11,$S$3:$AA$9,9,FALSE) -> 60
B12: CARIB | C12: =[22]Brewhouse!$A187 -> CA085 | D12: =[22]Brewhouse!$AF187 -> 53.9 | E12: =[22]Brewhouse!$AI187 -> 51.4 | F12: =[22]Brewhouse!$V187 -> 61 | G12: =[22]Brewhouse!$AG187 -> 11.6 | H12: 11.7 | I12: =[22]Brewhouse!$AU187 -> 94.294713 | J12: =[22]Brewhouse!$AV187 -> 98.096147 | K12: =[22]Brewhouse!$Q187 -> 6.0424028 | L12: =[22]Brewhouse!$P187 -> 60 | M12: =[22]Brewhouse!$U187-[22]Brewhouse!$T187 -> 0.11388889 | N12: =[22]Brewhouse!$Z187 -> 0.28194444 | O12: =[22]Brewhouse!$AX187 -> R. Regis | S12: =B12 -> CARIB | T12: =VLOOKUP($B12,$S$3:$Y$9,2,FALSE) -> 11.6 | U12: =VLOOKUP($B12,$S$3:$Y$9,3,FALSE) -> 12 | V12: =VLOOKUP($B12,$S$3:$Y$9,4,FALSE) -> 0 | W12: =VLOOKUP($B12,$S$3:$Y$9,5,FALSE) -> 0.11805556 | X12: =VLOOKUP($B12,$S$3:$Y$9,6,FALSE) -> 0.22569444 | Y12: =VLOOKUP($B12,$S$3:$Y$9,7,FALSE) -> 0.26388889 | Z12: =VLOOKUP($B12,$S$3:$AA$9,8,FALSE) -> 0 | AA12: =VLOOKUP($B12,$S$3:$AA$9,9,FALSE) -> 60
B13: CARIB | C13: =[22]Brewhouse!$A188 -> CA086 | D13: =[22]Brewhouse!$AF188 -> 54.3 | E13: =[22]Brewhouse!$AI188 -> 50.9 | F13: =[22]Brewhouse!$V188 -> 65 | G13: =[22]Brewhouse!$AG188 -> 11.65 | H13: 11.8 | I13: =[22]Brewhouse!$AU188 -> 94.907296 | J13: =[22]Brewhouse!$AV188 -> 98.895625 | K13: =[22]Brewhouse!$Q188 -> 4.6619217 | L13: =[22]Brewhouse!$P188 -> 60 | M13: =[22]Brewhouse!$U188-[22]Brewhouse!$T188 -> 0.10833333 | N13: =[22]Brewhouse!$Z188 -> 0.26111111 | O13: =[22]Brewhouse!$AX188 -> R. Regis | S13: =B13 -> CARIB | T13: =VLOOKUP($B13,$S$3:$Y$9,2,FALSE) -> 11.6 | U13: =VLOOKUP($B13,$S$3:$Y$9,3,FALSE) -> 12 | V13: =VLOOKUP($B13,$S$3:$Y$9,4,FALSE) -> 0 | W13: =VLOOKUP($B13,$S$3:$Y$9,5,FALSE) -> 0.11805556 | X13: =VLOOKUP($B13,$S$3:$Y$9,6,FALSE) -> 0.22569444 | Y13: =VLOOKUP($B13,$S$3:$Y$9,7,FALSE) -> 0.26388889 | Z13: =VLOOKUP($B13,$S$3:$AA$9,8,FALSE) -> 0 | AA13: =VLOOKUP($B13,$S$3:$AA$9,9,FALSE) -> 60
B14: CARIB | C14: =[22]Brewhouse!$A189 -> CA087 | D14: =[22]Brewhouse!$AF189 -> 55.3 | E14: =[22]Brewhouse!$AI189 -> 51.9 | F14: =[22]Brewhouse!$V189 -> 64 | G14: =[22]Brewhouse!$AG189 -> 11.9 | H14: 11.9 | I14: =[22]Brewhouse!$AU189 -> 98.512666 | J14: =[22]Brewhouse!$AV189 -> 102.6525 | K14: =[22]Brewhouse!$Q189 -> 3.7992832 | L14: =[22]Brewhouse!$P189 -> 61 | M14: =[22]Brewhouse!$U189-[22]Brewhouse!$T189 -> 0.13055556 | N14: =[22]Brewhouse!$Z189 -> 0.275 | O14: =[22]Brewhouse!$AX189 -> R. Regis | S14: =B14 -> CARIB | T14: =VLOOKUP($B14,$S$3:$Y$9,2,FALSE) -> 11.6 | U14: =VLOOKUP($B14,$S$3:$Y$9,3,FALSE) -> 12 | V14: =VLOOKUP($B14,$S$3:$Y$9,4,FALSE) -> 0 | W14: =VLOOKUP($B14,$S$3:$Y$9,5,FALSE) -> 0.11805556 | X14: =VLOOKUP($B14,$S$3:$Y$9,6,FALSE) -> 0.22569444 | Y14: =VLOOKUP($B14,$S$3:$Y$9,7,FALSE) -> 0.26388889 | Z14: =VLOOKUP($B14,$S$3:$AA$9,8,FALSE) -> 0 | AA14: =VLOOKUP($B14,$S$3:$AA$9,9,FALSE) -> 60
B15: CARIB | C15: =[22]Brewhouse!$A190 -> CA088 | D15: =[22]Brewhouse!$AF190 -> 54.2 | E15: =[22]Brewhouse!$AI190 -> 50.8 | F15: =[22]Brewhouse!$V190 -> 61 | G15: =[22]Brewhouse!$AG190 -> 11.7 | H15: 11.7 | I15: =[22]Brewhouse!$AU190 -> 94.487755 | J15: =[22]Brewhouse!$AV190 -> 98.458882 | K15: =[22]Brewhouse!$Q190 -> 4.1577061 | L15: =[22]Brewhouse!$P190 -> 60 | M15: =[22]Brewhouse!$U190-[22]Brewhouse!$T190 -> 0.11041667 | N15: =[22]Brewhouse!$Z190 -> 0.26944444 | O15: =[22]Brewhouse!$AX190 -> R. Regis | S15: =B15 -> CARIB | T15: =VLOOKUP($B15,$S$3:$Y$9,2,FALSE) -> 11.6 | U15: =VLOOKUP($B15,$S$3:$Y$9,3,FALSE) -> 12 | V15: =VLOOKUP($B15,$S$3:$Y$9,4,FALSE) -> 0 | W15: =VLOOKUP($B15,$S$3:$Y$9,5,FALSE) -> 0.11805556 | X15: =VLOOKUP($B15,$S$3:$Y$9,6,FALSE) -> 0.22569444 | Y15: =VLOOKUP($B15,$S$3:$Y$9,7,FALSE) -> 0.26388889 | Z15: =VLOOKUP($B15,$S$3:$AA$9,8,FALSE) -> 0 | AA15: =VLOOKUP($B15,$S$3:$AA$9,9,FALSE) -> 60
B16: CARIB | C16: =[22]Brewhouse!$A191 -> CA089 | D16: =[22]Brewhouse!$AF191 -> 54.5 | E16: =[22]Brewhouse!$AI191 -> 50.9 | F16: =[22]Brewhouse!$V191 -> 64 | G16: =[22]Brewhouse!$AG191 -> 11.82 | I16: =[22]Brewhouse!$AU191 -> 95.057455 | J16: =[22]Brewhouse!$AV191 -> 99.053382 | K16: =[22]Brewhouse!$Q191 -> 3.9642857 | L16: =[22]Brewhouse!$P191 -> 60 | M16: =[22]Brewhouse!$U191-[22]Brewhouse!$T191 -> 0.11736111 | N16: =[22]Brewhouse!$Z191 -> 0.27083333 | O16: =[22]Brewhouse!$AX191 -> R. Regis | S16: =B16 -> CARIB | T16: =VLOOKUP($B16,$S$3:$Y$9,2,FALSE) -> 11.6 | U16: =VLOOKUP($B16,$S$3:$Y$9,3,FALSE) -> 12 | V16: =VLOOKUP($B16,$S$3:$Y$9,4,FALSE) -> 0 | W16: =VLOOKUP($B16,$S$3:$Y$9,5,FALSE) -> 0.11805556 | X16: =VLOOKUP($B16,$S$3:$Y$9,6,FALSE) -> 0.22569444 | Y16: =VLOOKUP($B16,$S$3:$Y$9,7,FALSE) -> 0.26388889 | Z16: =VLOOKUP($B16,$S$3:$AA$9,8,FALSE) -> 0 | AA16: =VLOOKUP($B16,$S$3:$AA$9,9,FALSE) -> 60
B17: CARIB | C17: =[22]Brewhouse!$A192 -> CA090 | D17: =[22]Brewhouse!$AF192 -> 55.9 | E17: =[22]Brewhouse!$AI192 -> 52.5 | F17: =[22]Brewhouse!$V192 -> 65 | G17: =[22]Brewhouse!$AG192 -> 11.6 | I17: =[22]Brewhouse!$AU192 -> 96.415579 | J17: =[22]Brewhouse!$AV192 -> 100.46838 | K17: =[22]Brewhouse!$Q192 -> 3.5438596 | L17: =[22]Brewhouse!$P192 -> 57 | M17: =[22]Brewhouse!$U192-[22]Brewhouse!$T192 -> 0.10555556 | N17: =[22]Brewhouse!$Z192 -> 0.25 | O17: =[22]Brewhouse!$AX192 -> R. Sookram | S17: =B17 -> CARIB | T17: =VLOOKUP($B17,$S$3:$Y$9,2,FALSE) -> 11.6 | U17: =VLOOKUP($B17,$S$3:$Y$9,3,FALSE) -> 12 | V17: =VLOOKUP($B17,$S$3:$Y$9,4,FALSE) -> 0 | W17: =VLOOKUP($B17,$S$3:$Y$9,5,FALSE) -> 0.11805556 | X17: =VLOOKUP($B17,$S$3:$Y$9,6,FALSE) -> 0.22569444 | Y17: =VLOOKUP($B17,$S$3:$Y$9,7,FALSE) -> 0.26388889 | Z17: =VLOOKUP($B17,$S$3:$AA$9,8,FALSE) -> 0 | AA17: =VLOOKUP($B17,$S$3:$AA$9,9,FALSE) -> 60
S18: =B18 -> 0 | T18: =VLOOKUP($B18,$S$3:$Y$9,2,FALSE) -> #N/A | U18: =VLOOKUP($B18,$S$3:$Y$9,3,FALSE) -> #N/A | V18: =VLOOKUP($B18,$S$3:$Y$9,4,FALSE) -> #N/A | W18: =VLOOKUP($B18,$S$3:$Y$9,5,FALSE) -> #N/A | X18: =VLOOKUP($B18,$S$3:$Y$9,6,FALSE) -> #N/A | Y18: =VLOOKUP($B18,$S$3:$Y$9,7,FALSE) -> #N/A | Z18: =VLOOKUP($B18,$S$3:$AA$9,8,FALSE) -> #N/A | AA18: =VLOOKUP($B18,$S$3:$AA$9,9,FALSE) -> #N/A
S19: =B19 -> 0 | T19: =VLOOKUP($B19,$S$3:$Y$9,2,FALSE) -> #N/A | U19: =VLOOKUP($B19,$S$3:$Y$9,3,FALSE) -> #N/A | V19: =VLOOKUP($B19,$S$3:$Y$9,4,FALSE) -> #N/A | W19: =VLOOKUP($B19,$S$3:$Y$9,5,FALSE) -> #N/A | X19: =VLOOKUP($B19,$S$3:$Y$9,6,FALSE) -> #N/A | Y19: =VLOOKUP($B19,$S$3:$Y$9,7,FALSE) -> #N/A | Z19: =VLOOKUP($B19,$S$3:$AA$9,8,FALSE) -> #N/A | AA19: =VLOOKUP($B19,$S$3:$AA$9,9,FALSE) -> #N/A
S20: =B20 -> 0 | T20: =VLOOKUP($B20,$S$3:$Y$9,2,FALSE) -> #N/A | U20: =VLOOKUP($B20,$S$3:$Y$9,3,FALSE) -> #N/A | V20: =VLOOKUP($B20,$S$3:$Y$9,4,FALSE) -> #N/A | W20: =VLOOKUP($B20,$S$3:$Y$9,5,FALSE) -> #N/A | X20: =VLOOKUP($B20,$S$3:$Y$9,6,FALSE) -> #N/A | Y20: =VLOOKUP($B20,$S$3:$Y$9,7,FALSE) -> #N/A | Z20: =VLOOKUP($B20,$S$3:$AA$9,8,FALSE) -> #N/A | AA20: =VLOOKUP($B20,$S$3:$AA$9,9,FALSE) -> #N/A
S21: =B21 -> 0 | T21: =VLOOKUP($B21,$S$3:$Y$9,2,FALSE) -> #N/A | U21: =VLOOKUP($B21,$S$3:$Y$9,3,FALSE) -> #N/A | V21: =VLOOKUP($B21,$S$3:$Y$9,4,FALSE) -> #N/A | W21: =VLOOKUP($B21,$S$3:$Y$9,5,FALSE) -> #N/A | X21: =VLOOKUP($B21,$S$3:$Y$9,6,FALSE) -> #N/A | Y21: =VLOOKUP($B21,$S$3:$Y$9,7,FALSE) -> #N/A | Z21: =VLOOKUP($B21,$S$3:$AA$9,8,FALSE) -> #N/A | AA21: =VLOOKUP($B21,$S$3:$AA$9,9,FALSE) -> #N/A
S22: =B22 -> 0 | T22: =VLOOKUP($B22,$S$3:$Y$9,2,FALSE) -> #N/A | U22: =VLOOKUP($B22,$S$3:$Y$9,3,FALSE) -> #N/A | V22: =VLOOKUP($B22,$S$3:$Y$9,4,FALSE) -> #N/A | W22: =VLOOKUP($B22,$S$3:$Y$9,5,FALSE) -> #N/A | X22: =VLOOKUP($B22,$S$3:$Y$9,6,FALSE) -> #N/A | Y22: =VLOOKUP($B22,$S$3:$Y$9,7,FALSE) -> #N/A | Z22: =VLOOKUP($B22,$S$3:$AA$9,8,FALSE) -> #N/A | AA22: =VLOOKUP($B22,$S$3:$AA$9,9,FALSE) -> #N/A
S23: =B23 -> 0 | T23: =VLOOKUP($B23,$S$3:$Y$9,2,FALSE) -> #N/A | U23: =VLOOKUP($B23,$S$3:$Y$9,3,FALSE) -> #N/A | V23: =VLOOKUP($B23,$S$3:$Y$9,4,FALSE) -> #N/A | W23: =VLOOKUP($B23,$S$3:$Y$9,5,FALSE) -> #N/A | X23: =VLOOKUP($B23,$S$3:$Y$9,6,FALSE) -> #N/A | Y23: =VLOOKUP($B23,$S$3:$Y$9,7,FALSE) -> #N/A | Z23: =VLOOKUP($B23,$S$3:$AA$9,8,FALSE) -> #N/A | AA23: =VLOOKUP($B23,$S$3:$AA$9,9,FALSE) -> #N/A
S24: =B24 -> 0 | T24: =VLOOKUP($B24,$S$3:$Y$9,2,FALSE) -> #N/A | U24: =VLOOKUP($B24,$S$3:$Y$9,3,FALSE) -> #N/A | V24: =VLOOKUP($B24,$S$3:$Y$9,4,FALSE) -> #N/A | W24: =VLOOKUP($B24,$S$3:$Y$9,5,FALSE) -> #N/A | X24: =VLOOKUP($B24,$S$3:$Y$9,6,FALSE) -> #N/A | Y24: =VLOOKUP($B24,$S$3:$Y$9,7,FALSE) -> #N/A | Z24: =VLOOKUP($B24,$S$3:$AA$9,8,FALSE) -> #N/A | AA24: =VLOOKUP($B24,$S$3:$AA$9,9,FALSE) -> #N/A
S25: =B25 -> 0 | T25: =VLOOKUP($B25,$S$3:$Y$9,2,FALSE) -> #N/A | U25: =VLOOKUP($B25,$S$3:$Y$9,3,FALSE) -> #N/A | V25: =VLOOKUP($B25,$S$3:$Y$9,4,FALSE) -> #N/A | W25: =VLOOKUP($B25,$S$3:$Y$9,5,FALSE) -> #N/A | X25: =VLOOKUP($B25,$S$3:$Y$9,6,FALSE) -> #N/A | Y25: =VLOOKUP($B25,$S$3:$Y$9,7,FALSE) -> #N/A | Z25: =VLOOKUP($B25,$S$3:$AA$9,8,FALSE) -> #N/A | AA25: =VLOOKUP($B25,$S$3:$AA$9,9,FALSE) -> #N/A
S26: =B26 -> 0 | T26: =VLOOKUP($B26,$S$3:$Y$9,2,FALSE) -> #N/A | U26: =VLOOKUP($B26,$S$3:$Y$9,3,FALSE) -> #N/A | V26: =VLOOKUP($B26,$S$3:$Y$9,4,FALSE) -> #N/A | W26: =VLOOKUP($B26,$S$3:$Y$9,5,FALSE) -> #N/A | X26: =VLOOKUP($B26,$S$3:$Y$9,6,FALSE) -> #N/A | Y26: =VLOOKUP($B26,$S$3:$Y$9,7,FALSE) -> #N/A | Z26: =VLOOKUP($B26,$S$3:$AA$9,8,FALSE) -> #N/A | AA26: =VLOOKUP($B26,$S$3:$AA$9,9,FALSE) -> #N/A
S27: =B27 -> 0 | T27: =VLOOKUP($B27,$S$3:$Y$9,2,FALSE) -> #N/A | U27: =VLOOKUP($B27,$S$3:$Y$9,3,FALSE) -> #N/A | V27: =VLOOKUP($B27,$S$3:$Y$9,4,FALSE) -> #N/A | W27: =VLOOKUP($B27,$S$3:$Y$9,5,FALSE) -> #N/A | X27: =VLOOKUP($B27,$S$3:$Y$9,6,FALSE) -> #N/A | Y27: =VLOOKUP($B27,$S$3:$Y$9,7,FALSE) -> #N/A | Z27: =VLOOKUP($B27,$S$3:$AA$9,8,FALSE) -> #N/A | AA27: =VLOOKUP($B27,$S$3:$AA$9,9,FALSE) -> #N/A
S28: =B28 -> 0 | T28: =VLOOKUP($B28,$S$3:$Y$9,2,FALSE) -> #N/A | U28: =VLOOKUP($B28,$S$3:$Y$9,3,FALSE) -> #N/A | V28: =VLOOKUP($B28,$S$3:$Y$9,4,FALSE) -> #N/A | W28: =VLOOKUP($B28,$S$3:$Y$9,5,FALSE) -> #N/A | X28: =VLOOKUP($B28,$S$3:$Y$9,6,FALSE) -> #N/A | Y28: =VLOOKUP($B28,$S$3:$Y$9,7,FALSE) -> #N/A | Z28: =VLOOKUP($B28,$S$3:$AA$9,8,FALSE) -> #N/A | AA28: =VLOOKUP($B28,$S$3:$AA$9,9,FALSE) -> #N/A
S29: =B29 -> 0 | T29: =VLOOKUP($B29,$S$3:$Y$9,2,FALSE) -> #N/A | U29: =VLOOKUP($B29,$S$3:$Y$9,3,FALSE) -> #N/A | V29: =VLOOKUP($B29,$S$3:$Y$9,4,FALSE) -> #N/A | W29: =VLOOKUP($B29,$S$3:$Y$9,5,FALSE) -> #N/A | X29: =VLOOKUP($B29,$S$3:$Y$9,6,FALSE) -> #N/A | Y29: =VLOOKUP($B29,$S$3:$Y$9,7,FALSE) -> #N/A | Z29: =VLOOKUP($B29,$S$3:$AA$9,8,FALSE) -> #N/A | AA29: =VLOOKUP($B29,$S$3:$AA$9,9,FALSE) -> #N/A
... S42: =B42 -> 0 | T42: =VLOOKUP($B42,$S$3:$Y$9,2,FALSE) -> #N/A | U42: =VLOOKUP($B42,$S$3:$Y$9,3,FALSE) -> #N/A | V42: =VLOOKUP($B42,$S$3:$Y$9,4,FALSE) -> #N/A | W42: =VLOOKUP($B42,$S$3:$Y$9,5,FALSE) -> #N/A | X42: =VLOOKUP($B42,$S$3:$Y$9,6,FALSE) -> #N/A | Y42: =VLOOKUP($B42,$S$3:$Y$9,7,FALSE) -> #N/A | Z42: =VLOOKUP($B42,$S$3:$AA$9,8,FALSE) -> #N/A | AA42: =VLOOKUP($B42,$S$3:$AA$9,9,FALSE) -> #N/A
I43: EXTRACT RECOVERY
B44: BRAND | D44: BBT P.G./ O.G | I44: Brand | J44: Actual | K44: MTD No. of Brews | L44: MTD | M44: YTD | N44: Target
B45: =I45 -> CARIB | C45: {=[22]Process!$D$144:$D$151} -> 11.9 | D45: 11.77 | I45: CARIB | J45: =AVERAGE(I10:I17) -> 95.761875 | K45: =COUNTA([22]Brewhouse!$A$173:$A$192) -> 20 | L45: =AVERAGE([22]Brewhouse!$AU$173:$AU$192) -> 94.436815 | M45: =AVERAGE([22]Brewhouse!$AU$102:$AU$171,[22]Brewhouse!$AU$173:$AU$192) -> 94.545104 | N45: 98
C46: 11.9 | I46: STAG | K46: =COUNTA([24]Brewhouse!$A$66:$A$73) -> 8 | L46: =AVERAGE([24]Brewhouse!$AS$66:$AS$73) -> 95.510976 | M46: =AVERAGE([24]Brewhouse!$AS$15:$AS$64,[24]Brewhouse!$AS$66:$AS$73) -> 95.999214 | N46: 98
C47: 11.9 | D47: 11.79 | I47: GUINNESS | K47: =COUNTA([23]Brewhouse!$A$9:$A$14) -> 6 | L47: =AVERAGE([23]Brewhouse!$AU$9:$AU$14) -> 96.577361 | M47: =AVERAGE([23]Brewhouse!$AU$4:$AU$7,[23]Brewhouse!$AU$9:$AU$14) -> 96.787192 | N47: 98
C48: 11.9 | I48: VITAMALT | M48: =AVERAGE([25]Brewhouse!$AV$5:$AV$14) -> 97.717673 | N48: 98
C49: 11.9 | D49: 11.64 | I49: MAXIMALT | N49: 98
C50: 11.9 | I50: MACKESON | M50: =AVERAGE([26]Brewhouse!$AT$4:$AT$11) -> 94.812617 | N50: 98
C51: 11.7 | D51: 11.72 | I51: STARMALT | M51: =AVERAGE([27]Brewhouse!$AY$6:$AY$13) -> 93.094806 | N51: 98
C52: 11.8 | I52: HR- Pils | M52: =AVERAGE([28]Brewhouse!$AU$5:$AU$8) -> 91.006888 | N52: 98
I53: HR- IPA
I54: HR- APA | N54: 98
K55: =SUM(K45:K54) -> 34 | L55: =((L45*K45)+(L46*K46)+(L47*K47)+(L48*K48)+(L49*K49)+(K52*L52)+(L50*K50)+(L51*K51)+(L54*K54))/(K55) -> 95.067302 | M55: =L55 -> 95.067302 | N55: 98
B57: =I46 -> STAG | C57: {=[24]Process!$D$53:$D$60} -> 11.9 | D57: 11.94 | J57: Daily Brewing Plan
C58: 11.8 | J58: Brand | K58: Brews Achieved | L58: Average Brews per day
C59: 11.8 | D59: 11.96 | J59: CARIB | K59: =COUNTA(B10:B17) -> 8 | L59: MTD | M59: YTD | N59: TARGET
C60: 11.8 | J60: STAG | L60: =AVERAGE('Feb 3rd'!K79,'Feb 4th'!K77,'Feb 5th'!L68,'Feb 6th'!K75,'Feb 10th'!K69) -> 6.6 | M60: =AVERAGE('[29]Jan 29th '!$M$70,L60) -> 6.55
C61: 11.6 | D61: 11.94 | J61: GUINN
C62: 11.8 | J62: VITAMALT
C63: 11.7 | D63: 11.89 | J63: STARMALT
C64: 11.8 | J64: MACKESON
J65: HURRICANE REEF- IPA
J66: HURRICANE REEF- APA
B67: AVERAGE | D67: =AVERAGE(D45:E66) -> 11.83125 | J67: HR- PILSNER
J68: CARIBE
J69: Total | K69: =SUM(K59:K68) -> 8
B70: Process: | C70: Fermentation/Filtration
B72: Brand | C72: Filt. Date | D72: FV Hls | E72: GFE/ Prim/ Vita Blend (Hls) | F72: SV Hls | G72: BBT Hls | H72: Loss (%) Ferm | I72: Loss (%) Filt | J72: Comments | K72: Throughput | L72: Process Loss (%) | M72: Filt. Operator
U73: 43466 | V73: 43467 | W73: 43468 | X73: 43469 | Y73: 43470 | Z73: 43471 | AA73: 43472 | AB73: 43473 | AC73: 43474 | AD73: 43475 | AE73: 43476 | AF73: 43477 | AG73: 43478 | AH73: 43479 | AI73: 43480 | AJ73: 43481 | AK73: 43482 | AL73: 43483 | AM73: 43484 | AN73: 43485 | AO73: 43486 | AP73: 43487 | AQ73: 43488 | AR73: 43489 | AS73: 43490 | AT73: 43491 | AU73: 43492 | AV73: 43493 | AW73: 43494 | AX73: 43495 | AY73: 43496
B74: =I45 -> CARIB | C74: 45698 | D74: =[30]February_2025!$M$3 -> 400.6 | F74: =SUM([31]CARIB!$L$32:$L$39) -> 387.2 | G74: =[30]February_2025!$M$7 -> 378 | H74: =(D74-F74)/D74*100 -> 3.3449825 | I74: =((F74+E74)-G74)/(F74+E74)*100 -> 2.3760331 | J74: NO Break | K74: =[32]February_2025!$M$18 -> 0.945 | L74: =(((D74+E74)-G74)/(D74+E74))*100 -> 5.6415377 | M74: K. Hosten | T74: hls
T75: Throughput | U75: =[20]January_2019!D8 -> #DIV/0! | V75: =[20]January_2019!E8 -> 1.0319298 | W75: =[20]January_2019!F8 -> 1.7789474 | X75: =[20]January_2019!G8 -> 0.51929825 | Y75: =[20]January_2019!H8 -> #DIV/0! | Z75: =[20]January_2019!I8 -> #DIV/0! | AA75: =[20]January_2019!J8 -> 1.3652632 | AB75: =[20]January_2019!K8 -> #DIV/0! | ... AY75: =[20]January_2019!AH8 -> #DIV/0!
B76: =I46 -> STAG | C76: 45699 | D76: =[30]February_2025!$N$13 -> 401.1 | F76: =SUM([31]STAG!$L$30:$L$37) -> 391.4 | G76: =[30]February_2025!$N$17 -> 373.7 | H76: =(D76-F76)/D76*100 -> 2.4183495 | I76: =((F76+E76)-G76)/(F76+E76)*100 -> 4.5222279 | J76: NO Break | K76: =[32]February_2025!$N$25 -> 0.93425 | L76: =(((D76+E76)-G76)/(D76+E76))*100 -> 6.8312142 | M76: T. Charles
B82: Process Loss (Volume) | G82: Process Loss (Extract) | K82: Throughput
B83: Brand | C83: Actual | D83: MTD | E83: YTD | F83: Target | G83: Actual | H83: MTD | I83: YTD | J83: Target | K83: Actual | L83: MTD | M83: YTD | N83: Target
B84: CARIB | C84: =L74 -> 5.6415377 | D84: 5.8913492 | E84: 7.0645959 | F84: 4.8 | G84: =[30]February_2025!$M$11 -> 6.7068752 | H84: 6.3977569 | I84: 7.5595545 | J84: 4.8 | K84: =K74 -> 0.945 | L84: 0.71446215 | M84: 0.91694761 | N84: 1
B85: STAG | C85: =L76 -> 6.8312142 | D85: 6.1646931 | E85: 6.9656828 | F85: 4.8 | G85: =[30]February_2025!$N$21 -> 5.6212299 | H85: 5.8654737 | I85: 6.4296186 | J85: 4.8 | K85: =K76 -> 0.93425 | L85: 0.81418182 | M85: 0.89415179 | N85: 1
B86: GUINN | D86: 18.972698 | E86: 10.242918 | F86: 5.5 | H86: 22.634564 | I86: 14.250281 | J86: 5.5 | L86: 0.37087719 | M86: 0.70508772 | N86: 1
B87: VITAMALT | E87: 3.405687 | F87: 3.3 | I87: 5.1745103 | J87: 3.3 | M87: 0.84666667 | N87: 1
B88: MAXIMALT | E88: 8.8295688 | F88: 3.3 | J88: 3 | N88: 1
B89: MACKESON | E89: 9.969885 | F89: =[21]May_2022!$M$43 -> 3.4878407 | I89: 10.607236 | J89: 5.5 | M89: 0.66824561 | N89: 1
B90: STARMALT | E90: 4.851724 | F90: 3.3 | I90: 4.0612558 | J90: 3.3 | M90: 0.69842105 | N90: 1
B91: HURRICANE REEF | E91: 14.011128 | F91: 7.5 | J91: 7.5 | N91: 1
B92: HR- PILSNER | D92: 4.8792509 | E92: 6.9985493 | F92: 5.5 | H92: 6.2003724 | I92: 6.2003724 | J92: 5.5 | L92: 1 | M92: 0.67719298 | N92: 1
D93: 6.9985493 | E93: 6.9811781 | F93: 4.5 | H93: 9.3032352 | I93: 7.811469 | J93: 5 | L93: 0.7151497 | M93: 0.7151497 | N93: 1
AD106: :

Sheet Feb 11th
T1: P.G. | V1: Hot Time | X1: Process Time | Z1: Cooling Time
B2: Brewing Department Daily Process Loss Report | T2: Lower | U2: Upper | V2: Lower | W2: Upper | X2: Lower | Y2: Upper | Z2: Lower | AA2: Upper
S3: CARIB | T3: 11.6 | U3: 12 | V3: 0 | W3: 0.11805556 | X3: 0.22569444 | Y3: 0.26388889 | Z3: 0 | AA3: 60 | AC3: HR- PISNER
B4: Date: | C4: 45699 | J4: LOT WORT COLOUR: 3.5 | M4: Filter Sheets (Target 20 days) | S4: STAG | T4: 11.6 | U4: 12 | V4: 0 | W4: 0.11805556 | X4: 0.22569444 | Y4: 0.26388889 | Z4: 0 | AA4: 60
M5: Double | N5: Single | S5: GUINNESS | T5: 17 | U5: 17.5 | V5: 0 | W5: 0.10763889 | X5: 0.24652778 | Y5: 0.28472222 | Z5: 0 | AA5: 60
J6: MALT LOT: Lot 24 | L6: Sheet Day | M6: 22 | N6: 22 | S6: MACKESON | T6: 13.3 | U6: 13.5 | V6: 0 | W6: 0.12905093 | X6: 0.27430556 | Y6: 0.30208333 | Z6: 0
S7: STARMALT | T7: 17.1 | U7: 17.5 | V7: 0 | W7: 0.13605324 | X7: 0.27430556 | Y7: 0.30902778 | Z7: 0 | AA7: 60
B8: Brand | C8: Brew no. | D8: Kett. Hls | E8: Wort | F8: Cool Time(Mins) | G8: Cast. P.G. (Lab Result) | H8: Cast P.G. (Cellar Operator)-gravity | I8: Extr. Rec (80.9%) | J8: Theor. Extr. (77.5%) | K8: Boil Off /Vol. (4-6%) | L8: Boil Time | M8: Total Hot | N8: Brewing | O8: Operator | P8: Comments | Q8: Actual Pilsen Malt | S8: Hurricane Reef | T8: 16.6 | U8: 17 | V8: 0 | W8: 0.12905093 | X8: 0.27430556 | Y8: 0.30208333 | Z8: 0
E9: Meter (Hls) | F9: Target(< 60Mins) | M9: Time | S9: VITAMALT | T9: 14.4 | U9: 14.6 | V9: 0 | W9: 0.13905093 | X9: 0.26041667 | Y9: 0.29513889 | Z9: 0 | AA9: 75
B10: STARMALT | C10: =[27]Brewhouse!$A15 -> SM009 | D10: =[27]Brewhouse!$AH15 -> 53.3 | E10: =[27]Brewhouse!$AM15 -> 50.8 | F10: =[27]Brewhouse!$Z15 -> 63 | G10: =[27]Brewhouse!$AK15 -> 17.3 | H10: 17.3 | I10: =[27]Brewhouse!$AY15 -> 93.593045 | J10: =[27]Brewhouse!$AZ15 -> 95.524021 | K10: =[27]Brewhouse!$U15 -> 4.6529081 | L10: =[27]Brewhouse!$T15 -> 60 | M10: =[27]Brewhouse!$Y15-[27]Brewhouse!$X15 -> 0.13263889 | N10: =[27]Brewhouse!$AD15 -> 0.29305556 | O10: =[27]Brewhouse!$BC15 -> R. Regis | P10: Extra boil for 15mins | S10: =B10 -> STARMALT | T10: =VLOOKUP($B10,$S$3:$Y$9,2,FALSE) -> 17.1 | U10: =VLOOKUP($B10,$S$3:$Y$9,3,FALSE) -> 17.5 | V10: =VLOOKUP($B10,$S$3:$Y$9,4,FALSE) -> 0 | W10: =VLOOKUP($B10,$S$3:$Y$9,5,FALSE) -> 0.13605324 | X10: =VLOOKUP($B10,$S$3:$Y$9,6,FALSE) -> 0.27430556 | Y10: =VLOOKUP($B10,$S$3:$Y$9,7,FALSE) -> 0.30902778 | Z10: =VLOOKUP($B10,$S$3:$AA$9,8,FALSE) -> 0 | AA10: =VLOOKUP($B10,$S$3:$AA$9,9,FALSE) -> 60
B11: STARMALT | C11: =[27]Brewhouse!$A16 -> SM010 | D11: =[27]Brewhouse!$AH16 -> 53.6 | E11: =[27]Brewhouse!$AM16 -> 51.4 | F11: =[27]Brewhouse!$Z16 -> 64 | G11: =[27]Brewhouse!$AK16 -> 17.47 | H11: 17.3 | I11: =[27]Brewhouse!$AY16 -> 94.802597 | J11: =[27]Brewhouse!$AZ16 -> 96.758527 | K11: =[27]Brewhouse!$U16 -> 4.0671642 | L11: =[27]Brewhouse!$T16 -> 61 | M11: =[27]Brewhouse!$Y16-[27]Brewhouse!$X16 -> 0.12222222 | N11: =[27]Brewhouse!$AD16 -> 0.28819444 | O11: =[22]Brewhouse!$AX186 -> R. Sookram | S11: =B11 -> STARMALT | T11: =VLOOKUP($B11,$S$3:$Y$9,2,FALSE) -> 17.1 | U11: =VLOOKUP($B11,$S$3:$Y$9,3,FALSE) -> 17.5 | V11: =VLOOKUP($B11,$S$3:$Y$9,4,FALSE) -> 0 | W11: =VLOOKUP($B11,$S$3:$Y$9,5,FALSE) -> 0.13605324 | X11: =VLOOKUP($B11,$S$3:$Y$9,6,FALSE) -> 0.27430556 | Y11: =VLOOKUP($B11,$S$3:$Y$9,7,FALSE) -> 0.30902778 | Z11: =VLOOKUP($B11,$S$3:$AA$9,8,FALSE) -> 0 | AA11: =VLOOKUP($B11,$S$3:$AA$9,9,FALSE) -> 60
B12: STARMALT | C12: =[27]Brewhouse!$A17 -> SM011 | D12: =[27]Brewhouse!$AH17 -> 53.9 | E12: =[27]Brewhouse!$AM17 -> 52.5 | F12: =[27]Brewhouse!$Z17 -> 71 | G12: =[27]Brewhouse!$AK17 -> 17.36 | H12: 17.1 | I12: =[27]Brewhouse!$AY17 -> 96.778271 | J12: =[27]Brewhouse!$AZ17 -> 98.774963 | K12: =[27]Brewhouse!$U17 -> 4.0445269 | L12: =[27]Brewhouse!$T17 -> 61 | M12: =[27]Brewhouse!$Y17-[27]Brewhouse!$X17 -> 0.13402778 | N12: =[27]Brewhouse!$AD17 -> 0.28888889 | O12: =[22]Brewhouse!$AX187 -> R. Regis | S12: =B12 -> STARMALT | T12: =VLOOKUP($B12,$S$3:$Y$9,2,FALSE) -> 17.1 | U12: =VLOOKUP($B12,$S$3:$Y$9,3,FALSE) -> 17.5 | V12: =VLOOKUP($B12,$S$3:$Y$9,4,FALSE) -> 0 | W12: =VLOOKUP($B12,$S$3:$Y$9,5,FALSE) -> 0.13605324 | X12: =VLOOKUP($B12,$S$3:$Y$9,6,FALSE) -> 0.27430556 | Y12: =VLOOKUP($B12,$S$3:$Y$9,7,FALSE) -> 0.30902778 | Z12: =VLOOKUP($B12,$S$3:$AA$9,8,FALSE) -> 0 | AA12: =VLOOKUP($B12,$S$3:$AA$9,9,FALSE) -> 60
B13: STARMALT | C13: =[27]Brewhouse!$A18 -> SM012 | D13: =[27]Brewhouse!$AH18 -> 53.6 | E13: =[27]Brewhouse!$AM18 -> 52.2 | F13: =[27]Brewhouse!$Z18 -> 78 | G13: =[27]Brewhouse!$AK18 -> 17.37 | H13: 17.5 | I13: =[27]Brewhouse!$AY18 -> 96.304164 | J13: =[27]Brewhouse!$AZ18 -> 98.28928 | K13: =[27]Brewhouse!$U18 -> 4.0671642 | L13: =[27]Brewhouse!$T18 -> 61 | M13: =[27]Brewhouse!$Y18-[27]Brewhouse!$X18 -> 0.13611111 | N13: =[27]Brewhouse!$AD18 -> 0.2875 | O13: =[22]Brewhouse!$AX188 -> R. Regis | S13: =B13 -> STARMALT | T13: =VLOOKUP($B13,$S$3:$Y$9,2,FALSE) -> 17.1 | U13: =VLOOKUP($B13,$S$3:$Y$9,3,FALSE) -> 17.5 | V13: =VLOOKUP($B13,$S$3:$Y$9,4,FALSE) -> 0 | W13: =VLOOKUP($B13,$S$3:$Y$9,5,FALSE) -> 0.13605324 | X13: =VLOOKUP($B13,$S$3:$Y$9,6,FALSE) -> 0.27430556 | Y13: =VLOOKUP($B13,$S$3:$Y$9,7,FALSE) -> 0.30902778 | Z13: =VLOOKUP($B13,$S$3:$AA$9,8,FALSE) -> 0 | AA13: =VLOOKUP($B13,$S$3:$AA$9,9,FALSE) -> 60
B14: STARMALT | C14: =[27]Brewhouse!$A19 -> SM013 | D14: =[27]Brewhouse!$AH19 -> 53.6 | E14: =[27]Brewhouse!$AM19 -> 52.4 | F14: =[27]Brewhouse!$Z19 -> 75 | G14: =[27]Brewhouse!$AK19 -> 17.28 | H14: 17.4 | I14: =[27]Brewhouse!$AY19 -> 96.620028 | J14: =[27]Brewhouse!$AZ19 -> 98.611655 | K14: =[27]Brewhouse!$U19 -> 3.6940299 | L14: =[27]Brewhouse!$T19 -> 61 | M14: =[27]Brewhouse!$Y19-[27]Brewhouse!$X19 -> 0.14166667 | N14: =[27]Brewhouse!$AD19 -> 0.2875 | O14: =[22]Brewhouse!$AX189 -> R. Regis | S14: =B14 -> STARMALT | T14: =VLOOKUP($B14,$S$3:$Y$9,2,FALSE) -> 17.1 | U14: =VLOOKUP($B14,$S$3:$Y$9,3,FALSE) -> 17.5 | V14: =VLOOKUP($B14,$S$3:$Y$9,4,FALSE) -> 0 | W14: =VLOOKUP($B14,$S$3:$Y$9,5,FALSE) -> 0.13605324 | X14: =VLOOKUP($B14,$S$3:$Y$9,6,FALSE) -> 0.27430556 | Y14: =VLOOKUP($B14,$S$3:$Y$9,7,FALSE) -> 0.30902778 | Z14: =VLOOKUP($B14,$S$3:$AA$9,8,FALSE) -> 0 | AA14: =VLOOKUP($B14,$S$3:$AA$9,9,FALSE) -> 60
B15: STARMALT | C15: =[27]Brewhouse!$A20 -> SM014 | D15: =[27]Brewhouse!$AH20 -> 53.3 | E15: =[27]Brewhouse!$AM20 -> 52.7 | F15: =[27]Brewhouse!$Z20 -> 84 | G15: =[27]Brewhouse!$AK20 -> 17.41 | I15: =[27]Brewhouse!$AY20 -> 97.14695 | J15: =[27]Brewhouse!$AZ20 -> 99.151249 | K15: =[27]Brewhouse!$U20 -> 2.0262664 | L15: =[27]Brewhouse!$T20 -> 61 | M15: =[27]Brewhouse!$Y20-[27]Brewhouse!$X20 -> 0.14166667 | N15: =[27]Brewhouse!$AD20 -> 0.29027778 | O15: =[22]Brewhouse!$AX190 -> R. Regis | S15: =B15 -> STARMALT | T15: =VLOOKUP($B15,$S$3:$Y$9,2,FALSE) -> 17.1 | U15: =VLOOKUP($B15,$S$3:$Y$9,3,FALSE) -> 17.5 | V15: =VLOOKUP($B15,$S$3:$Y$9,4,FALSE) -> 0 | W15: =VLOOKUP($B15,$S$3:$Y$9,5,FALSE) -> 0.13605324 | X15: =VLOOKUP($B15,$S$3:$Y$9,6,FALSE) -> 0.27430556 | Y15: =VLOOKUP($B15,$S$3:$Y$9,7,FALSE) -> 0.30902778 | Z15: =VLOOKUP($B15,$S$3:$AA$9,8,FALSE) -> 0 | AA15: =VLOOKUP($B15,$S$3:$AA$9,9,FALSE) -> 60
S16: =B16 -> 0 | T16: =VLOOKUP($B16,$S$3:$Y$9,2,FALSE) -> #N/A | U16: =VLOOKUP($B16,$S$3:$Y$9,3,FALSE) -> #N/A | V16: =VLOOKUP($B16,$S$3:$Y$9,4,FALSE) -> #N/A | W16: =VLOOKUP($B16,$S$3:$Y$9,5,FALSE) -> #N/A | X16: =VLOOKUP($B16,$S$3:$Y$9,6,FALSE) -> #N/A | Y16: =VLOOKUP($B16,$S$3:$Y$9,7,FALSE) -> #N/A | Z16: =VLOOKUP($B16,$S$3:$AA$9,8,FALSE) -> #N/A | AA16: =VLOOKUP($B16,$S$3:$AA$9,9,FALSE) -> #N/A
B17: CARIB | C17: =[22]Brewhouse!$A193 -> CA091 | D17: =[22]Brewhouse!$AF193 -> 53.3 | E17: =[22]Brewhouse!$AI193 -> 49.1 | F17: =[22]Brewhouse!$V193 -> 74 | G17: =[22]Brewhouse!$AG193 -> 12.01 | I17: =[22]Brewhouse!$AU193 -> 93.674737 | J17: =[22]Brewhouse!$AV193 -> 97.611906 | K17: =[22]Brewhouse!$Q193 -> 6.2745098 | L17: =[22]Brewhouse!$P193 -> 58 | M17: =[22]Brewhouse!$U193-[22]Brewhouse!$T193 -> 0.12708333 | N17: =[22]Brewhouse!$Z193 -> 0.28402778 | O17: =[22]Brewhouse!$AX193 -> R. Sookram | S17: =B17 -> CARIB | T17: =VLOOKUP($B17,$S$3:$Y$9,2,FALSE) -> 11.6 | U17: =VLOOKUP($B17,$S$3:$Y$9,3,FALSE) -> 12 | V17: =VLOOKUP($B17,$S$3:$Y$9,4,FALSE) -> 0 | W17: =VLOOKUP($B17,$S$3:$Y$9,5,FALSE) -> 0.11805556 | X17: =VLOOKUP($B17,$S$3:$Y$9,6,FALSE) -> 0.22569444 | Y17: =VLOOKUP($B17,$S$3:$Y$9,7,FALSE) -> 0.26388889 | Z17: =VLOOKUP($B17,$S$3:$AA$9,8,FALSE) -> 0 | AA17: =VLOOKUP($B17,$S$3:$AA$9,9,FALSE) -> 60
S18: =B18 -> 0 | T18: =VLOOKUP($B18,$S$3:$Y$9,2,FALSE) -> #N/A | U18: =VLOOKUP($B18,$S$3:$Y$9,3,FALSE) -> #N/A | V18: =VLOOKUP($B18,$S$3:$Y$9,4,FALSE) -> #N/A | W18: =VLOOKUP($B18,$S$3:$Y$9,5,FALSE) -> #N/A | X18: =VLOOKUP($B18,$S$3:$Y$9,6,FALSE) -> #N/A | Y18: =VLOOKUP($B18,$S$3:$Y$9,7,FALSE) -> #N/A | Z18: =VLOOKUP($B18,$S$3:$AA$9,8,FALSE) -> #N/A | AA18: =VLOOKUP($B18,$S$3:$AA$9,9,FALSE) -> #N/A
S19: =B19 -> 0 | T19: =VLOOKUP($B19,$S$3:$Y$9,2,FALSE) -> #N/A | U19: =VLOOKUP($B19,$S$3:$Y$9,3,FALSE) -> #N/A | V19: =VLOOKUP($B19,$S$3:$Y$9,4,FALSE) -> #N/A | W19: =VLOOKUP($B19,$S$3:$Y$9,5,FALSE) -> #N/A | X19: =VLOOKUP($B19,$S$3:$Y$9,6,FALSE) -> #N/A | Y19: =VLOOKUP($B19,$S$3:$Y$9,7,FALSE) -> #N/A | Z19: =VLOOKUP($B19,$S$3:$AA$9,8,FALSE) -> #N/A | AA19: =VLOOKUP($B19,$S$3:$AA$9,9,FALSE) -> #N/A
S20: =B20 -> 0 | T20: =VLOOKUP($B20,$S$3:$Y$9,2,FALSE) -> #N/A | U20: =VLOOKUP($B20,$S$3:$Y$9,3,FALSE) -> #N/A | V20: =VLOOKUP($B20,$S$3:$Y$9,4,FALSE) -> #N/A | W20: =VLOOKUP($B20,$S$3:$Y$9,5,FALSE) -> #N/A | X20: =VLOOKUP($B20,$S$3:$Y$9,6,FALSE) -> #N/A | Y20: =VLOOKUP($B20,$S$3:$Y$9,7,FALSE) -> #N/A | Z20: =VLOOKUP($B20,$S$3:$AA$9,8,FALSE) -> #N/A | AA20: =VLOOKUP($B20,$S$3:$AA$9,9,FALSE) -> #N/A
S21: =B21 -> 0 | T21: =VLOOKUP($B21,$S$3:$Y$9,2,FALSE) -> #N/A | U21: =VLOOKUP($B21,$S$3:$Y$9,3,FALSE) -> #N/A | V21: =VLOOKUP($B21,$S$3:$Y$9,4,FALSE) -> #N/A | W21: =VLOOKUP($B21,$S$3:$Y$9,5,FALSE) -> #N/A | X21: =VLOOKUP($B21,$S$3:$Y$9,6,FALSE) -> #N/A | Y21: =VLOOKUP($B21,$S$3:$Y$9,7,FALSE) -> #N/A | Z21: =VLOOKUP($B21,$S$3:$AA$9,8,FALSE) -> #N/A | AA21: =VLOOKUP($B21,$S$3:$AA$9,9,FALSE) -> #N/A
S22: =B22 -> 0 | T22: =VLOOKUP($B22,$S$3:$Y$9,2,FALSE) -> #N/A | U22: =VLOOKUP($B22,$S$3:$Y$9,3,FALSE) -> #N/A | V22: =VLOOKUP($B22,$S$3:$Y$9,4,FALSE) -> #N/A | W22: =VLOOKUP($B22,$S$3:$Y$9,5,FALSE) -> #N/A | X22: =VLOOKUP($B22,$S$3:$Y$9,6,FALSE) -> #N/A | Y22: =VLOOKUP($B22,$S$3:$Y$9,7,FALSE) -> #N/A | Z22: =VLOOKUP($B22,$S$3:$AA$9,8,FALSE) -> #N/A | AA22: =VLOOKUP($B22,$S$3:$AA$9,9,FALSE) -> #N/A
S23: =B23 -> 0 | T23: =VLOOKUP($B23,$S$3:$Y$9,2,FALSE) -> #N/A | U23: =VLOOKUP($B23,$S$3:$Y$9,3,FALSE) -> #N/A | V23: =VLOOKUP($B23,$S$3:$Y$9,4,FALSE) -> #N/A | W23: =VLOOKUP($B23,$S$3:$Y$9,5,FALSE) -> #N/A | X23: =VLOOKUP($B23,$S$3:$Y$9,6,FALSE) -> #N/A | Y23: =VLOOKUP($B23,$S$3:$Y$9,7,FALSE) -> #N/A | Z23: =VLOOKUP($B23,$S$3:$AA$9,8,FALSE) -> #N/A | AA23: =VLOOKUP($B23,$S$3:$AA$9,9,FALSE) -> #N/A
S24: =B24 -> 0 | T24: =VLOOKUP($B24,$S$3:$Y$9,2,FALSE) -> #N/A | U24: =VLOOKUP($B24,$S$3:$Y$9,3,FALSE) -> #N/A | V24: =VLOOKUP($B24,$S$3:$Y$9,4,FALSE) -> #N/A | W24: =VLOOKUP($B24,$S$3:$Y$9,5,FALSE) -> #N/A | X24: =VLOOKUP($B24,$S$3:$Y$9,6,FALSE) -> #N/A | Y24: =VLOOKUP($B24,$S$3:$Y$9,7,FALSE) -> #N/A | Z24: =VLOOKUP($B24,$S$3:$AA$9,8,FALSE) -> #N/A | AA24: =VLOOKUP($B24,$S$3:$AA$9,9,FALSE) -> #N/A
S25: =B25 -> 0 | T25: =VLOOKUP($B25,$S$3:$Y$9,2,FALSE) -> #N/A | U25: =VLOOKUP($B25,$S$3:$Y$9,3,FALSE) -> #N/A | V25: =VLOOKUP($B25,$S$3:$Y$9,4,FALSE) -> #N/A | W25: =VLOOKUP($B25,$S$3:$Y$9,5,FALSE) -> #N/A | X25: =VLOOKUP($B25,$S$3:$Y$9,6,FALSE) -> #N/A | Y25: =VLOOKUP($B25,$S$3:$Y$9,7,FALSE) -> #N/A | Z25: =VLOOKUP($B25,$S$3:$AA$9,8,FALSE) -> #N/A | AA25: =VLOOKUP($B25,$S$3:$AA$9,9,FALSE) -> #N/A
S26: =B26 -> 0 | T26: =VLOOKUP($B26,$S$3:$Y$9,2,FALSE) -> #N/A | U26: =VLOOKUP($B26,$S$3:$Y$9,3,FALSE) -> #N/A | V26: =VLOOKUP($B26,$S$3:$Y$9,4,FALSE) -> #N/A | W26: =VLOOKUP($B26,$S$3:$Y$9,5,FALSE) -> #N/A | X26: =VLOOKUP($B26,$S$3:$Y$9,6,FALSE) -> #N/A | Y26: =VLOOKUP($B26,$S$3:$Y$9,7,FALSE) -> #N/A | Z26: =VLOOKUP($B26,$S$3:$AA$9,8,FALSE) -> #N/A | AA26: =VLOOKUP($B26,$S$3:$AA$9,9,FALSE) -> #N/A
S27: =B27 -> 0 | T27: =VLOOKUP($B27,$S$3:$Y$9,2,FALSE) -> #N/A | U27: =VLOOKUP($B27,$S$3:$Y$9,3,FALSE) -> #N/A | V27: =VLOOKUP($B27,$S$3:$Y$9,4,FALSE) -> #N/A | W27: =VLOOKUP($B27,$S$3:$Y$9,5,FALSE) -> #N/A | X27: =VLOOKUP($B27,$S$3:$Y$9,6,FALSE) -> #N/A | Y27: =VLOOKUP($B27,$S$3:$Y$9,7,FALSE) -> #N/A | Z27: =VLOOKUP($B27,$S$3:$AA$9,8,FALSE) -> #N/A | AA27: =VLOOKUP($B27,$S$3:$AA$9,9,FALSE) -> #N/A
S28: =B28 -> 0 | T28: =VLOOKUP($B28,$S$3:$Y$9,2,FALSE) -> #N/A | U28: =VLOOKUP($B28,$S$3:$Y$9,3,FALSE) -> #N/A | V28: =VLOOKUP($B28,$S$3:$Y$9,4,FALSE) -> #N/A | W28: =VLOOKUP($B28,$S$3:$Y$9,5,FALSE) -> #N/A | X28: =VLOOKUP($B28,$S$3:$Y$9,6,FALSE) -> #N/A | Y28: =VLOOKUP($B28,$S$3:$Y$9,7,FALSE) -> #N/A | Z28: =VLOOKUP($B28,$S$3:$AA$9,8,FALSE) -> #N/A | AA28: =VLOOKUP($B28,$S$3:$AA$9,9,FALSE) -> #N/A
S29: =B29 -> 0 | T29: =VLOOKUP($B29,$S$3:$Y$9,2,FALSE) -> #N/A | U29: =VLOOKUP($B29,$S$3:$Y$9,3,FALSE) -> #N/A | V29: =VLOOKUP($B29,$S$3:$Y$9,4,FALSE) -> #N/A | W29: =VLOOKUP($B29,$S$3:$Y$9,5,FALSE) -> #N/A | X29: =VLOOKUP($B29,$S$3:$Y$9,6,FALSE) -> #N/A | Y29: =VLOOKUP($B29,$S$3:$Y$9,7,FALSE) -> #N/A | Z29: =VLOOKUP($B29,$S$3:$AA$9,8,FALSE) -> #N/A | AA29: =VLOOKUP($B29,$S$3:$AA$9,9,FALSE) -> #N/A
... S41: =B41 -> 0 | T41: =VLOOKUP($B41,$S$3:$Y$9,2,FALSE) -> #N/A | U41: =VLOOKUP($B41,$S$3:$Y$9,3,FALSE) -> #N/A | V41: =VLOOKUP($B41,$S$3:$Y$9,4,FALSE) -> #N/A | W41: =VLOOKUP($B41,$S$3:$Y$9,5,FALSE) -> #N/A | X41: =VLOOKUP($B41,$S$3:$Y$9,6,FALSE) -> #N/A | Y41: =VLOOKUP($B41,$S$3:$Y$9,7,FALSE) -> #N/A | Z41: =VLOOKUP($B41,$S$3:$AA$9,8,FALSE) -> #N/A | AA41: =VLOOKUP($B41,$S$3:$AA$9,9,FALSE) -> #N/A
I42: EXTRACT RECOVERY
B43: BRAND | D43: BBT P.G./ O.G | I43: Brand | J43: Actual | K43: MTD No. of Brews | L43: MTD | M43: YTD | N43: Target
B44: =I44 -> CARIB | C44: {=[22]Process!$D$152:$D$159} -> 11.83 | D44: 11.7 | I44: CARIB | J44: =AVERAGE(I17) -> 93.674737 | K44: =COUNTA([22]Brewhouse!$A$173:$A$192) -> 20 | L44: =AVERAGE([22]Brewhouse!$AU$173:$AU$192) -> 94.436815 | M44: =AVERAGE([22]Brewhouse!$AU$102:$AU$171,[22]Brewhouse!$AU$173:$AU$192) -> 94.545104 | N44: 98
C45: 12 | I45: STAG | K45: =COUNTA([24]Brewhouse!$A$66:$A$73) -> 8 | L45: =AVERAGE([24]Brewhouse!$AS$66:$AS$73) -> 95.510976 | M45: =AVERAGE([24]Brewhouse!$AS$15:$AS$64,[24]Brewhouse!$AS$66:$AS$73) -> 95.999214 | N45: 98
C46: 11.7 | D46: 11.6 | I46: GUINNESS | K46: =COUNTA([23]Brewhouse!$A$9:$A$14) -> 6 | L46: =AVERAGE([23]Brewhouse!$AU$9:$AU$14) -> 96.577361 | M46: =AVERAGE([23]Brewhouse!$AU$4:$AU$7,[23]Brewhouse!$AU$9:$AU$14) -> 96.787192 | N46: 98
C47: 11.79 | I47: VITAMALT | M47: =AVERAGE([25]Brewhouse!$AV$5:$AV$14) -> 97.717673 | N47: 98
C48: 11.9 | D48: 11.7 | I48: MAXIMALT | N48: 98
C49: 11.96 | I49: MACKESON | M49: =AVERAGE([26]Brewhouse!$AT$4:$AT$11) -> 94.812617 | N49: 98
C50: 11.89 | D50: 11.85 | I50: STARMALT | J50: =AVERAGE(I10:I15) -> 95.874176 | K50: =COUNTA([27]Brewhouse!$A$15:$A$20) -> 6 | L50: =AVERAGE([27]Brewhouse!$AY$15:$AY$20) -> 95.874176 | M50: =AVERAGE([27]Brewhouse!$AY$6:$AY$13,[27]Brewhouse!$AY$15:$AY$20) -> 94.285964 | N50: 98
C51: 11.84 | I51: HR- Pils | M51: =AVERAGE([28]Brewhouse!$AU$5:$AU$8) -> 91.006888 | N51: 98
I52: HR- IPA
I53: HR- APA | N53: 98
K54: =SUM(K44:K53) -> 40 | L54: =((L44*K44)+(L45*K45)+(L46*K46)+(L47*K47)+(L48*K48)+(K51*L51)+(L49*K49)+(L50*K50)+(L53*K53))/(K54) -> 95.188333 | M54: =L54 -> 95.188333 | N54: 98
B56: =I45 -> STAG | C56: {=[24]Process!$D$45:$D$48} -> 11.9 | D56: 11.96 | J56: Daily Brewing Plan
C57: 11.73 | J57: Brand | K57: Brews Achieved | L57: Average Brews per day
C58: 11.79 | D58: 11.83 | J58: CARIB | K58: =COUNTA(C17) -> 1 | L58: MTD | M58: YTD | N58: TARGET
C59: 11.76 | J59: STAG | L59: =AVERAGE('Feb 3rd'!K79,'Feb 4th'!K77,'Feb 5th'!L68,'Feb 6th'!K75,'Feb 10th'!K69,'Feb 11th'!K68) -> 6.6666667 | M59: =AVERAGE('[29]Jan 29th '!$M$70,L59) -> 6.5833333
J60: GUINN
J61: VITAMALT
J62: STARMALT | K62: =COUNTA(C10:C15) -> 6
J63: MACKESON
J64: HURRICANE REEF- IPA
J65: HURRICANE REEF- APA
B66: AVERAGE | D66: =AVERAGE(D44:E65) -> 11.773333 | J66: HR- PILSNER
J67: CARIBE
J68: Total | K68: =SUM(K58:K67) -> 7
B69: Process: | C69: Fermentation/Filtration
B71: Brand | C71: Filt. Date | D71: FV Hls | E71: GFE/ Prim/ Vita Blend (Hls) | F71: SV Hls | G71: BBT Hls | H71: Loss (%) Ferm | I71: Loss (%) Filt | J71: Comments | K71: Throughput | L71: Process Loss (%) | M71: Filt. Operator
U72: 43466 | V72: 43467 | W72: 43468 | X72: 43469 | Y72: 43470 | Z72: 43471 | AA72: 43472 | AB72: 43473 | AC72: 43474 | AD72: 43475 | AE72: 43476 | AF72: 43477 | AG72: 43478 | AH72: 43479 | AI72: 43480 | AJ72: 43481 | AK72: 43482 | AL72: 43483 | AM72: 43484 | AN72: 43485 | AO72: 43486 | AP72: 43487 | AQ72: 43488 | AR72: 43489 | AS72: 43490 | AT72: 43491 | AU72: 43492 | AV72: 43493 | AW72: 43494 | AX72: 43495 | AY72: 43496
B73: =I44 -> CARIB | C73: 45699 | D73: =[30]February_2025!$N$3 -> 414.8 | G73: =[30]February_2025!$N$7 -> 385.8 | J73: 1 Break | K73: =[32]February_2025!$N$18 -> 0.48225 | L73: =(((D73+E73)-G73)/(D73+E73))*100 -> 6.9913211 | M73: T. Charles | T73: hls
T74: Throughput | U74: =[20]January_2019!D8 -> #DIV/0! | V74: =[20]January_2019!E8 -> 1.0319298 | W74: =[20]January_2019!F8 -> 1.7789474 | X74: =[20]January_2019!G8 -> 0.51929825 | Y74: =[20]January_2019!H8 -> #DIV/0! | Z74: =[20]January_2019!I8 -> #DIV/0! | AA74: =[20]January_2019!J8 -> 1.3652632 | AB74: =[20]January_2019!K8 -> #DIV/0! | ... AY74: =[20]January_2019!AH8 -> #DIV/0!
B75: =I45 -> STAG | C75: 45699 | D75: =SUM([31]STAG!$J$20:$J$23) -> 186.8 | G75: =[30]February_2025!$M$17 -> 176.9 | J75: 2 Breaks | K75: =[32]February_2025!$M$25 -> 0.19655556 | L75: =(((D75+E75)-G75)/(D75+E75))*100 -> 5.2997859 | M75: J.Mason
B81: Process Loss (Volume) | G81: Process Loss (Extract) | K81: Throughput
B82: Brand | C82: Actual | D82: MTD | E82: YTD | F82: Target | G82: Actual | H82: MTD | I82: YTD | J82: Target | K82: Actual | L82: MTD | M82: YTD | N82: Target
B83: CARIB | C83: =L73 -> 6.9913211 | D83: 6.0311995 | E83: 7.0597301 | F83: 4.8 | G83: =[30]February_2025!$N$11 -> 8.1914331 | H83: 6.689035 | I83: 7.5749532 | J83: 4.8 | K83: =K73 -> 0.48225 | L83: 0.65833837 | M83: 0.88064718 | N83: 1
B84: STAG | C84: =L75 -> 5.2997859 | D84: 6.2065771 | E84: 6.9616047 | F84: 4.8 | G84: =[30]February_2025!$M$21 -> 4.5329825 | H84: 5.8403642 | I84: 6.3735231 | J84: 4.8 | K84: =K75 -> 0.19655556 | L84: 0.68183333 | M84: 0.81175853 | N84: 1
B85: GUINN | D85: 18.972698 | E85: 10.242918 | F85: 5.5 | H85: 22.634564 | I85: 14.250281 | J85: 5.5 | L85: 0.37087719 | M85: 0.70508772 | N85: 1
B86: VITAMALT | E86: 3.405687 | F86: 3.3 | I86: 5.1745103 | J86: 3.3 | M86: 0.84666667 | N86: 1
B87: MAXIMALT | E87: 8.8295688 | F87: 3.3 | J87: 3 | N87: 1
B88: MACKESON | E88: 9.969885 | F88: =[21]May_2022!$M$43 -> 3.4878407 | I88: 10.607236 | J88: 5.5 | M88: 0.66824561 | N88: 1
B89: STARMALT | E89: 4.851724 | F89: 3.3 | I89: 4.0612558 | J89: 3.3 | M89: 0.69842105 | N89: 1
B90: HURRICANE REEF | E90: 14.011128 | F90: 7.5 | J90: 7.5 | N90: 1
B91: HR- PILSNER | D91: 4.8792509 | E91: 6.9132489 | F91: 5.5 | H91: 6.2003724 | I91: 6.2003724 | J91: 5.5 | L91: 1 | M91: 0.67719298 | N91: 1
D92: 6.9132489 | E92: 6.9779334 | F92: 4.5 | H92: 8.9316764 | I92: 7.7641819 | J92: 5 | L92: 0.63617597 | M92: 0.63617597 | N92: 1
AD105: :

Sheet Feb 12th
T1: P.G. | V1: Hot Time | X1: Process Time | Z1: Cooling Time
B2: Brewing Department Daily Process Loss Report | T2: Lower | U2: Upper | V2: Lower | W2: Upper | X2: Lower | Y2: Upper | Z2: Lower | AA2: Upper
S3: CARIB | T3: 11.6 | U3: 12 | V3: 0 | W3: 0.11805556 | X3: 0.22569444 | Y3: 0.26388889 | Z3: 0 | AA3: 60 | AC3: HR- PISNER
B4: Date: | C4: 45700 | J4: LOT WORT COLOUR: 3.5 | M4: Filter Sheets (Target 20 days) | S4: STAG | T4: 11.6 | U4: 12 | V4: 0 | W4: 0.11805556 | X4: 0.22569444 | Y4: 0.26388889 | Z4: 0 | AA4: 60
M5: Double | N5: Single | S5: GUINNESS | T5: 17 | U5: 17.5 | V5: 0 | W5: 0.10763889 | X5: 0.24652778 | Y5: 0.28472222 | Z5: 0 | AA5: 60
J6: MALT LOT: Lot 24 | L6: Sheet Day | M6: 22 | N6: 22 | S6: MACKESON | T6: 13.3 | U6: 13.5 | V6: 0 | W6: 0.12905093 | X6: 0.27430556 | Y6: 0.30208333 | Z6: 0
S7: STARMALT | T7: 17.1 | U7: 17.5 | V7: 0 | W7: 0.13605324 | X7: 0.27430556 | Y7: 0.30902778 | Z7: 0 | AA7: 60
B8: Brand | C8: Brew no. | D8: Kett. Hls | E8: Wort | F8: Cool Time(Mins) | G8: Cast. P.G. (Lab Result) | H8: Cast P.G. (Cellar Operator)-gravity | I8: Extr. Rec (80.9%) | J8: Theor. Extr. (77.5%) | K8: Boil Off /Vol. (4-6%) | L8: Boil Time | M8: Total Hot | N8: Brewing | O8: Operator | P8: Comments | Q8: Actual Pilsen Malt | S8: Hurricane Reef | T8: 16.6 | U8: 17 | V8: 0 | W8: 0.12905093 | X8: 0.27430556 | Y8: 0.30208333 | Z8: 0
E9: Meter (Hls) | F9: Target(< 60Mins) | M9: Time | S9: VITAMALT | T9: 14.4 | U9: 14.6 | V9: 0 | W9: 0.13905093 | X9: 0.26041667 | Y9: 0.29513889 | Z9: 0 | AA9: 75
B10: CARIB | C10: =[22]Brewhouse!$A194 -> CA092 | D10: =[22]Brewhouse!$AF194 -> 52.9 | E10: =[22]Brewhouse!$AI194 -> 49.5 | F10: =[22]Brewhouse!$V194 -> 60 | G10: =[22]Brewhouse!$AG194 -> 11.9 | I10: =[22]Brewhouse!$AU194 -> 93.610788 | J10: =[22]Brewhouse!$AV194 -> 97.54527 | K10: =[22]Brewhouse!$Q194 -> 6.3652803 | L10: =[22]Brewhouse!$P194 -> 57 | M10: =[22]Brewhouse!$U194-[22]Brewhouse!$T194 -> 0.11041667 | N10: =[22]Brewhouse!$Z194 -> 0.29375 | O10: =[22]Brewhouse!$AX194 -> R. Sookram | S10: =B10 -> CARIB | T10: =VLOOKUP($B10,$S$3:$Y$9,2,FALSE) -> 11.6 | U10: =VLOOKUP($B10,$S$3:$Y$9,3,FALSE) -> 12 | V10: =VLOOKUP($B10,$S$3:$Y$9,4,FALSE) -> 0 | W10: =VLOOKUP($B10,$S$3:$Y$9,5,FALSE) -> 0.11805556 | X10: =VLOOKUP($B10,$S$3:$Y$9,6,FALSE) -> 0.22569444 | Y10: =VLOOKUP($B10,$S$3:$Y$9,7,FALSE) -> 0.26388889 | Z10: =VLOOKUP($B10,$S$3:$AA$9,8,FALSE) -> 0 | AA10: =VLOOKUP($B10,$S$3:$AA$9,9,FALSE) -> 60
B11: CARIB | C11: =[22]Brewhouse!$A195 -> CA093 | D11: =[22]Brewhouse!$AF195 -> 55.7 | E11: =[22]Brewhouse!$AI195 -> 52.5 | F11: =[22]Brewhouse!$V195 -> 99 | G11: =[22]Brewhouse!$AG195 -> 11.9 | H11: 11.8 | I11: =[22]Brewhouse!$AU195 -> 99.406325 | J11: =[22]Brewhouse!$AV195 -> 103.58417 | K11: =[22]Brewhouse!$Q195 -> 6.0424028 | L11: =[22]Brewhouse!$P195 -> 62 | M11: =[22]Brewhouse!$U195-[22]Brewhouse!$T195 -> 0.14097222 | N11: =[22]Brewhouse!$Z195 -> 0.29375 | O11: =[22]Brewhouse!$AX195 -> R. Regis | S11: =B11 -> CARIB | T11: =VLOOKUP($B11,$S$3:$Y$9,2,FALSE) -> 11.6 | U11: =VLOOKUP($B11,$S$3:$Y$9,3,FALSE) -> 12 | V11: =VLOOKUP($B11,$S$3:$Y$9,4,FALSE) -> 0 | W11: =VLOOKUP($B11,$S$3:$Y$9,5,FALSE) -> 0.11805556 | X11: =VLOOKUP($B11,$S$3:$Y$9,6,FALSE) -> 0.22569444 | Y11: =VLOOKUP($B11,$S$3:$Y$9,7,FALSE) -> 0.26388889 | Z11: =VLOOKUP($B11,$S$3:$AA$9,8,FALSE) -> 0 | AA11: =VLOOKUP($B11,$S$3:$AA$9,9,FALSE) -> 60
B12: CARIB | C12: =[22]Brewhouse!$A196 -> CA094 | D12: =[22]Brewhouse!$AF196 -> 54 | E12: =[22]Brewhouse!$AI196 -> 50.7 | F12: =[22]Brewhouse!$V196 -> 62 | G12: =[22]Brewhouse!$AG196 -> 11.7 | H12: 11.8 | I12: =[22]Brewhouse!$AU196 -> 94.417924 | J12: =[22]Brewhouse!$AV196 -> 98.385903 | K12: =[22]Brewhouse!$Q196 -> 5.026738 | L12: =[22]Brewhouse!$P196 -> 61 | M12: =[22]Brewhouse!$U196-[22]Brewhouse!$T196 -> 0.11736111 | N12: =[22]Brewhouse!$Z196 -> 0.28055556 | O12: =[22]Brewhouse!$AX196 -> R. Regis | S12: =B12 -> CARIB | T12: =VLOOKUP($B12,$S$3:$Y$9,2,FALSE) -> 11.6 | U12: =VLOOKUP($B12,$S$3:$Y$9,3,FALSE) -> 12 | V12: =VLOOKUP($B12,$S$3:$Y$9,4,FALSE) -> 0 | W12: =VLOOKUP($B12,$S$3:$Y$9,5,FALSE) -> 0.11805556 | X12: =VLOOKUP($B12,$S$3:$Y$9,6,FALSE) -> 0.22569444 | Y12: =VLOOKUP($B12,$S$3:$Y$9,7,FALSE) -> 0.26388889 | Z12: =VLOOKUP($B12,$S$3:$AA$9,8,FALSE) -> 0 | AA12: =VLOOKUP($B12,$S$3:$AA$9,9,FALSE) -> 60
B13: CARIB | C13: =[22]Brewhouse!$A197 -> CA095 | D13: =[22]Brewhouse!$AF197 -> 55.2 | E13: =[22]Brewhouse!$AI197 -> 51.5 | F13: =[22]Brewhouse!$V197 -> 67 | G13: =[22]Brewhouse!$AG197 -> 11.7 | H13: 11.7 | I13: =[22]Brewhouse!$AU197 -> 98.829665 | J13: =[22]Brewhouse!$AV197 -> 102.9775 | K13: =[22]Brewhouse!$Q197 -> 4.6619217 | L13: =[22]Brewhouse!$P197 -> 60 | M13: =[22]Brewhouse!$U197-[22]Brewhouse!$T197 -> 0.11666667 | N13: =[22]Brewhouse!$Z197 -> 0.26597222 | O13: =[22]Brewhouse!$AX197 -> R. Regis | S13: =B13 -> CARIB | T13: =VLOOKUP($B13,$S$3:$Y$9,2,FALSE) -> 11.6 | U13: =VLOOKUP($B13,$S$3:$Y$9,3,FALSE) -> 12 | V13: =VLOOKUP($B13,$S$3:$Y$9,4,FALSE) -> 0 | W13: =VLOOKUP($B13,$S$3:$Y$9,5,FALSE) -> 0.11805556 | X13: =VLOOKUP($B13,$S$3:$Y$9,6,FALSE) -> 0.22569444 | Y13: =VLOOKUP($B13,$S$3:$Y$9,7,FALSE) -> 0.26388889 | Z13: =VLOOKUP($B13,$S$3:$AA$9,8,FALSE) -> 0 | AA13: =VLOOKUP($B13,$S$3:$AA$9,9,FALSE) -> 60
B14: CARIB | C14: =[22]Brewhouse!$A198 -> CA096 | D14: =[22]Brewhouse!$AF198 -> 54.4 | E14: =[22]Brewhouse!$AI198 -> 51.1 | F14: =[22]Brewhouse!$V198 -> 63 | G14: =[22]Brewhouse!$AG198 -> 11.8 | H14: 11.8 | I14: =[22]Brewhouse!$AU198 -> 95.665215 | J14: =[22]Brewhouse!$AV198 -> 99.686261 | K14: =[22]Brewhouse!$Q198 -> 4.822695 | L14: =[22]Brewhouse!$P198 -> 60 | M14: =[22]Brewhouse!$U198-[22]Brewhouse!$T198 -> 0.11041667 | N14: =[22]Brewhouse!$Z198 -> 0.25 | O14: =[22]Brewhouse!$AX198 -> R. Regis | S14: =B14 -> CARIB | T14: =VLOOKUP($B14,$S$3:$Y$9,2,FALSE) -> 11.6 | U14: =VLOOKUP($B14,$S$3:$Y$9,3,FALSE) -> 12 | V14: =VLOOKUP($B14,$S$3:$Y$9,4,FALSE) -> 0 | W14: =VLOOKUP($B14,$S$3:$Y$9,5,FALSE) -> 0.11805556 | X14: =VLOOKUP($B14,$S$3:$Y$9,6,FALSE) -> 0.22569444 | Y14: =VLOOKUP($B14,$S$3:$Y$9,7,FALSE) -> 0.26388889 | Z14: =VLOOKUP($B14,$S$3:$AA$9,8,FALSE) -> 0 | AA14: =VLOOKUP($B14,$S$3:$AA$9,9,FALSE) -> 60
B15: CARIB | C15: =[22]Brewhouse!$A199 -> CA097 | D15: =[22]Brewhouse!$AF199 -> 53.9 | E15: =[22]Brewhouse!$AI199 -> 51.4 | F15: =[22]Brewhouse!$V199 -> 66 | G15: =[22]Brewhouse!$AG199 -> 11.7 | H15: 11.7 | I15: =[22]Brewhouse!$AU199 -> 95.721525 | J15: =[22]Brewhouse!$AV199 -> 99.744288 | K15: =[22]Brewhouse!$Q199 -> 5.7092199 | L15: =[22]Brewhouse!$P199 -> 62 | M15: =[22]Brewhouse!$U199-[22]Brewhouse!$T199 -> 0.12569444 | N15: =[22]Brewhouse!$Z199 -> 0.27083333 | O15: =[22]Brewhouse!$AX199 -> K.Benjamin | S15: =B15 -> CARIB | T15: =VLOOKUP($B15,$S$3:$Y$9,2,FALSE) -> 11.6 | U15: =VLOOKUP($B15,$S$3:$Y$9,3,FALSE) -> 12 | V15: =VLOOKUP($B15,$S$3:$Y$9,4,FALSE) -> 0 | W15: =VLOOKUP($B15,$S$3:$Y$9,5,FALSE) -> 0.11805556 | X15: =VLOOKUP($B15,$S$3:$Y$9,6,FALSE) -> 0.22569444 | Y15: =VLOOKUP($B15,$S$3:$Y$9,7,FALSE) -> 0.26388889 | Z15: =VLOOKUP($B15,$S$3:$AA$9,8,FALSE) -> 0 | AA15: =VLOOKUP($B15,$S$3:$AA$9,9,FALSE) -> 60
B16: CARIB | C16: =[22]Brewhouse!$A200 -> CA098 | D16: =[22]Brewhouse!$AF200 -> 54 | E16: =[22]Brewhouse!$AI200 -> 52.3 | F16: =[22]Brewhouse!$V200 -> 74 | G16: =[22]Brewhouse!$AG200 -> 11.7 | H16: 11.6 | I16: =[22]Brewhouse!$AU200 -> 97.277748 | J16: =[22]Brewhouse!$AV200 -> 101.36613 | K16: =[22]Brewhouse!$Q200 -> 6.031746 | L16: =[22]Brewhouse!$P200 -> 59 | M16: =[22]Brewhouse!$U200-[22]Brewhouse!$T200 -> 0.12708333 | N16: =[22]Brewhouse!$Z200 -> 0.26805556 | O16: =[22]Brewhouse!$AX200 -> K.Benjamin | S16: =B16 -> CARIB | T16: =VLOOKUP($B16,$S$3:$Y$9,2,FALSE) -> 11.6 | U16: =VLOOKUP($B16,$S$3:$Y$9,3,FALSE) -> 12 | V16: =VLOOKUP($B16,$S$3:$Y$9,4,FALSE) -> 0 | W16: =VLOOKUP($B16,$S$3:$Y$9,5,FALSE) -> 0.11805556 | X16: =VLOOKUP($B16,$S$3:$Y$9,6,FALSE) -> 0.22569444 | Y16: =VLOOKUP($B16,$S$3:$Y$9,7,FALSE) -> 0.26388889 | Z16: =VLOOKUP($B16,$S$3:$AA$9,8,FALSE) -> 0 | AA16: =VLOOKUP($B16,$S$3:$AA$9,9,FALSE) -> 60
B17: CARIB | C17: =[22]Brewhouse!$A201 -> CA099 | D17: =[22]Brewhouse!$AF201 -> 52.8 | E17: =[22]Brewhouse!$AI201 -> 48.8 | F17: =[22]Brewhouse!$V201 -> 61 | G17: =[22]Brewhouse!$AG201 -> 11.9 | H17: 12 | I17: =[22]Brewhouse!$AU201 -> 95.454072 | J17: =[22]Brewhouse!$AV201 -> 99.460009 | K17: =[22]Brewhouse!$Q201 -> 7.1657754 | L17: =[22]Brewhouse!$P201 -> 57 | M17: =[22]Brewhouse!$U201-[22]Brewhouse!$T201 -> 0.11666667 | N17: =[22]Brewhouse!$Z201 -> 0.25972222 | O17: =[22]Brewhouse!$AX201 -> R. Sookram | S17: =B17 -> CARIB | T17: =VLOOKUP($B17,$S$3:$Y$9,2,FALSE) -> 11.6 | U17: =VLOOKUP($B17,$S$3:$Y$9,3,FALSE) -> 12 | V17: =VLOOKUP($B17,$S$3:$Y$9,4,FALSE) -> 0 | W17: =VLOOKUP($B17,$S$3:$Y$9,5,FALSE) -> 0.11805556 | X17: =VLOOKUP($B17,$S$3:$Y$9,6,FALSE) -> 0.22569444 | Y17: =VLOOKUP($B17,$S$3:$Y$9,7,FALSE) -> 0.26388889 | Z17: =VLOOKUP($B17,$S$3:$AA$9,8,FALSE) -> 0 | AA17: =VLOOKUP($B17,$S$3:$AA$9,9,FALSE) -> 60
B18: CARIB | C18: =[22]Brewhouse!$A202 -> CA100 | D18: =[22]Brewhouse!$AF202 -> 53.7 | E18: =[22]Brewhouse!$AI202 -> 50.2 | F18: =[22]Brewhouse!$V202 -> 59 | G18: =[22]Brewhouse!$AG202 -> 12 | H18: 12 | I18: =[22]Brewhouse!$AU202 -> 99.821325 | J18: =[22]Brewhouse!$AV202 -> 104.00908 | K18: =[22]Brewhouse!$Q202 -> 7.0503597 | L18: =[22]Brewhouse!$P202 -> 57 | M18: =[22]Brewhouse!$U202-[22]Brewhouse!$T202 -> 0.11111111 | N18: =[22]Brewhouse!$Z202 -> 0.26111111 | O18: =[22]Brewhouse!$AX202 -> R. Sookram | S18: =B18 -> CARIB | T18: =VLOOKUP($B18,$S$3:$Y$9,2,FALSE) -> 11.6 | U18: =VLOOKUP($B18,$S$3:$Y$9,3,FALSE) -> 12 | V18: =VLOOKUP($B18,$S$3:$Y$9,4,FALSE) -> 0 | W18: =VLOOKUP($B18,$S$3:$Y$9,5,FALSE) -> 0.11805556 | X18: =VLOOKUP($B18,$S$3:$Y$9,6,FALSE) -> 0.22569444 | Y18: =VLOOKUP($B18,$S$3:$Y$9,7,FALSE) -> 0.26388889 | Z18: =VLOOKUP($B18,$S$3:$AA$9,8,FALSE) -> 0 | AA18: =VLOOKUP($B18,$S$3:$AA$9,9,FALSE) -> 60
S19: =B19 -> 0 | T19: =VLOOKUP($B19,$S$3:$Y$9,2,FALSE) -> #N/A | U19: =VLOOKUP($B19,$S$3:$Y$9,3,FALSE) -> #N/A | V19: =VLOOKUP($B19,$S$3:$Y$9,4,FALSE) -> #N/A | W19: =VLOOKUP($B19,$S$3:$Y$9,5,FALSE) -> #N/A | X19: =VLOOKUP($B19,$S$3:$Y$9,6,FALSE) -> #N/A | Y19: =VLOOKUP($B19,$S$3:$Y$9,7,FALSE) -> #N/A | Z19: =VLOOKUP($B19,$S$3:$AA$9,8,FALSE) -> #N/A | AA19: =VLOOKUP($B19,$S$3:$AA$9,9,FALSE) -> #N/A
S20: =B20 -> 0 | T20: =VLOOKUP($B20,$S$3:$Y$9,2,FALSE) -> #N/A | U20: =VLOOKUP($B20,$S$3:$Y$9,3,FALSE) -> #N/A | V20: =VLOOKUP($B20,$S$3:$Y$9,4,FALSE) -> #N/A | W20: =VLOOKUP($B20,$S$3:$Y$9,5,FALSE) -> #N/A | X20: =VLOOKUP($B20,$S$3:$Y$9,6,FALSE) -> #N/A | Y20: =VLOOKUP($B20,$S$3:$Y$9,7,FALSE) -> #N/A | Z20: =VLOOKUP($B20,$S$3:$AA$9,8,FALSE) -> #N/A | AA20: =VLOOKUP($B20,$S$3:$AA$9,9,FALSE) -> #N/A
S21: =B21 -> 0 | T21: =VLOOKUP($B21,$S$3:$Y$9,2,FALSE) -> #N/A | U21: =VLOOKUP($B21,$S$3:$Y$9,3,FALSE) -> #N/A | V21: =VLOOKUP($B21,$S$3:$Y$9,4,FALSE) -> #N/A | W21: =VLOOKUP($B21,$S$3:$Y$9,5,FALSE) -> #N/A | X21: =VLOOKUP($B21,$S$3:$Y$9,6,FALSE) -> #N/A | Y21: =VLOOKUP($B21,$S$3:$Y$9,7,FALSE) -> #N/A | Z21: =VLOOKUP($B21,$S$3:$AA$9,8,FALSE) -> #N/A | AA21: =VLOOKUP($B21,$S$3:$AA$9,9,FALSE) -> #N/A
S22: =B22 -> 0 | T22: =VLOOKUP($B22,$S$3:$Y$9,2,FALSE) -> #N/A | U22: =VLOOKUP($B22,$S$3:$Y$9,3,FALSE) -> #N/A | V22: =VLOOKUP($B22,$S$3:$Y$9,4,FALSE) -> #N/A | W22: =VLOOKUP($B22,$S$3:$Y$9,5,FALSE) -> #N/A | X22: =VLOOKUP($B22,$S$3:$Y$9,6,FALSE) -> #N/A | Y22: =VLOOKUP($B22,$S$3:$Y$9,7,FALSE) -> #N/A | Z22: =VLOOKUP($B22,$S$3:$AA$9,8,FALSE) -> #N/A | AA22: =VLOOKUP($B22,$S$3:$AA$9,9,FALSE) -> #N/A
S23: =B23 -> 0 | T23: =VLOOKUP($B23,$S$3:$Y$9,2,FALSE) -> #N/A | U23: =VLOOKUP($B23,$S$3:$Y$9,3,FALSE) -> #N/A | V23: =VLOOKUP($B23,$S$3:$Y$9,4,FALSE) -> #N/A | W23: =VLOOKUP($B23,$S$3:$Y$9,5,FALSE) -> #N/A | X23: =VLOOKUP($B23,$S$3:$Y$9,6,FALSE) -> #N/A | Y23: =VLOOKUP($B23,$S$3:$Y$9,7,FALSE) -> #N/A | Z23: =VLOOKUP($B23,$S$3:$AA$9,8,FALSE) -> #N/A | AA23: =VLOOKUP($B23,$S$3:$AA$9,9,FALSE) -> #N/A
S24: =B24 -> 0 | T24: =VLOOKUP($B24,$S$3:$Y$9,2,FALSE) -> #N/A | U24: =VLOOKUP($B24,$S$3:$Y$9,3,FALSE) -> #N/A | V24: =VLOOKUP($B24,$S$3:$Y$9,4,FALSE) -> #N/A | W24: =VLOOKUP($B24,$S$3:$Y$9,5,FALSE) -> #N/A | X24: =VLOOKUP($B24,$S$3:$Y$9,6,FALSE) -> #N/A | Y24: =VLOOKUP($B24,$S$3:$Y$9,7,FALSE) -> #N/A | Z24: =VLOOKUP($B24,$S$3:$AA$9,8,FALSE) -> #N/A | AA24: =VLOOKUP($B24,$S$3:$AA$9,9,FALSE) -> #N/A
S25: =B25 -> 0 | T25: =VLOOKUP($B25,$S$3:$Y$9,2,FALSE) -> #N/A | U25: =VLOOKUP($B25,$S$3:$Y$9,3,FALSE) -> #N/A | V25: =VLOOKUP($B25,$S$3:$Y$9,4,FALSE) -> #N/A | W25: =VLOOKUP($B25,$S$3:$Y$9,5,FALSE) -> #N/A | X25: =VLOOKUP($B25,$S$3:$Y$9,6,FALSE) -> #N/A | Y25: =VLOOKUP($B25,$S$3:$Y$9,7,FALSE) -> #N/A | Z25: =VLOOKUP($B25,$S$3:$AA$9,8,FALSE) -> #N/A | AA25: =VLOOKUP($B25,$S$3:$AA$9,9,FALSE) -> #N/A
S26: =B26 -> 0 | T26: =VLOOKUP($B26,$S$3:$Y$9,2,FALSE) -> #N/A | U26: =VLOOKUP($B26,$S$3:$Y$9,3,FALSE) -> #N/A | V26: =VLOOKUP($B26,$S$3:$Y$9,4,FALSE) -> #N/A | W26: =VLOOKUP($B26,$S$3:$Y$9,5,FALSE) -> #N/A | X26: =VLOOKUP($B26,$S$3:$Y$9,6,FALSE) -> #N/A | Y26: =VLOOKUP($B26,$S$3:$Y$9,7,FALSE) -> #N/A | Z26: =VLOOKUP($B26,$S$3:$AA$9,8,FALSE) -> #N/A | AA26: =VLOOKUP($B26,$S$3:$AA$9,9,FALSE) -> #N/A
S27: =B27 -> 0 | T27: =VLOOKUP($B27,$S$3:$Y$9,2,FALSE) -> #N/A | U27: =VLOOKUP($B27,$S$3:$Y$9,3,FALSE) -> #N/A | V27: =VLOOKUP($B27,$S$3:$Y$9,4,FALSE) -> #N/A | W27: =VLOOKUP($B27,$S$3:$Y$9,5,FALSE) -> #N/A | X27: =VLOOKUP($B27,$S$3:$Y$9,6,FALSE) -> #N/A | Y27: =VLOOKUP($B27,$S$3:$Y$9,7,FALSE) -> #N/A | Z27: =VLOOKUP($B27,$S$3:$AA$9,8,FALSE) -> #N/A | AA27: =VLOOKUP($B27,$S$3:$AA$9,9,FALSE) -> #N/A
S28: =B28 -> 0 | T28: =VLOOKUP($B28,$S$3:$Y$9,2,FALSE) -> #N/A | U28: =VLOOKUP($B28,$S$3:$Y$9,3,FALSE) -> #N/A | V28: =VLOOKUP($B28,$S$3:$Y$9,4,FALSE) -> #N/A | W28: =VLOOKUP($B28,$S$3:$Y$9,5,FALSE) -> #N/A | X28: =VLOOKUP($B28,$S$3:$Y$9,6,FALSE) -> #N/A | Y28: =VLOOKUP($B28,$S$3:$Y$9,7,FALSE) -> #N/A | Z28: =VLOOKUP($B28,$S$3:$AA$9,8,FALSE) -> #N/A | AA28: =VLOOKUP($B28,$S$3:$AA$9,9,FALSE) -> #N/A
S29: =B29 -> 0 | T29: =VLOOKUP($B29,$S$3:$Y$9,2,FALSE) -> #N/A | U29: =VLOOKUP($B29,$S$3:$Y$9,3,FALSE) -> #N/A | V29: =VLOOKUP($B29,$S$3:$Y$9,4,FALSE) -> #N/A | W29: =VLOOKUP($B29,$S$3:$Y$9,5,FALSE) -> #N/A | X29: =VLOOKUP($B29,$S$3:$Y$9,6,FALSE) -> #N/A | Y29: =VLOOKUP($B29,$S$3:$Y$9,7,FALSE) -> #N/A | Z29: =VLOOKUP($B29,$S$3:$AA$9,8,FALSE) -> #N/A | AA29: =VLOOKUP($B29,$S$3:$AA$9,9,FALSE) -> #N/A
S30: =B30 -> 0 | T30: =VLOOKUP($B30,$S$3:$Y$9,2,FALSE) -> #N/A | U30: =VLOOKUP($B30,$S$3:$Y$9,3,FALSE) -> #N/A | V30: =VLOOKUP($B30,$S$3:$Y$9,4,FALSE) -> #N/A | W30: =VLOOKUP($B30,$S$3:$Y$9,5,FALSE) -> #N/A | X30: =VLOOKUP($B30,$S$3:$Y$9,6,FALSE) -> #N/A | Y30: =VLOOKUP($B30,$S$3:$Y$9,7,FALSE) -> #N/A | Z30: =VLOOKUP($B30,$S$3:$AA$9,8,FALSE) -> #N/A | AA30: =VLOOKUP($B30,$S$3:$AA$9,9,FALSE) -> #N/A
... S43: =B43 -> 0 | T43: =VLOOKUP($B43,$S$3:$Y$9,2,FALSE) -> #N/A | U43: =VLOOKUP($B43,$S$3:$Y$9,3,FALSE) -> #N/A | V43: =VLOOKUP($B43,$S$3:$Y$9,4,FALSE) -> #N/A | W43: =VLOOKUP($B43,$S$3:$Y$9,5,FALSE) -> #N/A | X43: =VLOOKUP($B43,$S$3:$Y$9,6,FALSE) -> #N/A | Y43: =VLOOKUP($B43,$S$3:$Y$9,7,FALSE) -> #N/A | Z43: =VLOOKUP($B43,$S$3:$AA$9,8,FALSE) -> #N/A | AA43: =VLOOKUP($B43,$S$3:$AA$9,9,FALSE) -> #N/A
I44: EXTRACT RECOVERY
B45: BRAND | D45: BBT P.G./ O.G | I45: Brand | J45: Actual | K45: MTD No. of Brews | L45: MTD | M45: YTD | N45: Target
B46: =I48 -> GUINNESS | C46: =[23]Process!$D$23 -> 17.5 | D46: 17.5 | I46: CARIB | J46: =AVERAGE(I10:I18) -> 96.689399 | K46: =COUNTA([22]Brewhouse!$A$173:$A$202) -> 30 | L46: =AVERAGE([22]Brewhouse!$AU$173:$AU$202) -> 95.087187 | M46: =AVERAGE([22]Brewhouse!$AU$102:$AU$171,[22]Brewhouse!$AU$173:$AU$202) -> 94.729387 | N46: 98
I47: STAG | K47: =COUNTA([24]Brewhouse!$A$66:$A$73) -> 8 | L47: =AVERAGE([24]Brewhouse!$AS$66:$AS$73) -> 95.510976 | M47: =AVERAGE([24]Brewhouse!$AS$15:$AS$64,[24]Brewhouse!$AS$66:$AS$73) -> 95.999214 | N47: 98
B48: =I52 -> STARMALT | C48: {=[27]Process!$D$14:$D$19} -> 17.3 | D48: 17.1 | I48: GUINNESS | K48: =COUNTA([23]Brewhouse!$A$9:$A$14) -> 6 | L48: =AVERAGE([23]Brewhouse!$AU$9:$AU$14) -> 96.577361 | M48: =AVERAGE([23]Brewhouse!$AU$4:$AU$7,[23]Brewhouse!$AU$9:$AU$14) -> 96.787192 | N48: 98
C49: 17.47 | I49: VITAMALT | M49: =AVERAGE([25]Brewhouse!$AV$5:$AV$14) -> 97.717673 | N49: 98
C50: 17.36 | D50: 17.05 | I50: MAXIMALT | N50: 98
C51: 17.37 | I51: MACKESON | M51: =AVERAGE([26]Brewhouse!$AT$4:$AT$11) -> 94.812617 | N51: 98
C52: 17.28 | D52: 17.01 | I52: STARMALT | K52: =COUNTA([27]Brewhouse!$A$15:$A$20) -> 6 | L52: =AVERAGE([27]Brewhouse!$AY$15:$AY$20) -> 95.874176 | M52: =AVERAGE([27]Brewhouse!$AY$6:$AY$13,[27]Brewhouse!$AY$15:$AY$20) -> 94.285964 | N52: 98
C53: 17.41 | I53: HR- Pils | M53: =AVERAGE([28]Brewhouse!$AU$5:$AU$8) -> 91.006888 | N53: 98
I54: HR- IPA
I55: HR- APA | N55: 98
K56: =SUM(K46:K55) -> 50 | L56: =((L46*K46)+(L47*K47)+(L48*K48)+(L49*K49)+(L50*K50)+(K53*L53)+(L51*K51)+(L52*K52)+(L55*K55))/(K56) -> 95.428253 | M56: =L56 -> 95.428253 | N56: 98
B58: =I47 -> STAG | C58: {=[24]Process!$D$47:$D$52} -> 11.79 | D58: 11.76 | J58: Daily Brewing Plan
C59: 11.76 | J59: Brand | K59: Brews Achieved | L59: Average Brews per day
C60: 11.8 | D60: 11.71 | J60: CARIB | K60: =COUNTA(C10:C18) -> 9 | L60: MTD | M60: YTD | N60: TARGET
C61: 11.7 | J61: STAG | L61: =AVERAGE('Feb 3rd'!K79,'Feb 4th'!K77,'Feb 5th'!L68,'Feb 6th'!K75,'Feb 10th'!K69,'Feb 11th'!K68,'Feb 12th'!K70) -> 7 | M61: =AVERAGE('[29]Jan 29th '!$M$70,L61) -> 6.75
C62: 11.8 | D62: 11.75 | J62: GUINN
C63: 11.8 | J63: VITAMALT
J64: STARMALT
J65: MACKESON
J66: HURRICANE REEF- IPA
J67: HURRICANE REEF- APA
B68: AVERAGE | D68: =AVERAGE(D46:E67) -> 14.84 | J68: HR- PILSNER
J69: CARIBE
J70: Total | K70: =SUM(K60:K69) -> 9
B71: Process: | C71: Fermentation/Filtration
B73: Brand | C73: Filt. Date | D73: FV Hls | E73: GFE/ Prim/ Vita Blend (Hls) | F73: SV Hls | G73: BBT Hls | H73: Loss (%) Ferm | I73: Loss (%) Filt | J73: Comments | K73: Throughput | L73: Process Loss (%) | M73: Filt. Operator
U74: 43466 | V74: 43467 | W74: 43468 | X74: 43469 | Y74: 43470 | Z74: 43471 | AA74: 43472 | AB74: 43473 | AC74: 43474 | AD74: 43475 | AE74: 43476 | AF74: 43477 | AG74: 43478 | AH74: 43479 | AI74: 43480 | AJ74: 43481 | AK74: 43482 | AL74: 43483 | AM74: 43484 | AN74: 43485 | AO74: 43486 | AP74: 43487 | AQ74: 43488 | AR74: 43489 | AS74: 43490 | AT74: 43491 | AU74: 43492 | AV74: 43493 | AW74: 43494 | AX74: 43495 | AY74: 43496
B75: GUINNESS | C75: 45700 | D75: =[30]February_2025!$O$23 -> 31.4 | E75: 0 | G75: =[30]February_2025!$O$28 -> 26.8 | J75: 2 Breaks | K75: =[32]February_2025!$O$32 -> 0.031345029 | L75: =(((D75+E75)-G75)/(D75+E75))*100 -> 14.649682 | M75: J.Mason
T76: Throughput | U76: =[20]January_2019!D6 -> 0 | V76: =[20]January_2019!E6 -> 0 | W76: =[20]January_2019!F6 -> 0 | X76: =[20]January_2019!G6 -> 0 | Y76: =[20]January_2019!H6 -> 0 | Z76: =[20]January_2019!I6 -> 0 | AA76: =[20]January_2019!J6 -> 0 | AB76: =[20]January_2019!K6 -> 0 | ... AY76: =[20]January_2019!AH6 -> 0
B77: STAG | C77: 45700 | D77: =[30]February_2025!$O$13 -> 323.8 | F77: =SUM([31]STAG!$L$24:$L$29) -> 303.4 | G77: =[30]February_2025!$O$17 -> 291.9 | H77: =(D77-F77)/D77*100 -> 6.3001853 | I77: =((F77+E77)-G77)/(F77+E77)*100 -> 3.7903757 | J77: 2 Break | K77: =[32]February_2025!$O$25 -> 0.32433333 | L77: =(((D77+E77)-G77)/(D77+E77))*100 -> 9.8517603 | M77: K. Hosten | T77: hls
T78: Throughput | U78: =[20]January_2019!D8 -> #DIV/0! | V78: =[20]January_2019!E8 -> 1.0319298 | W78: =[20]January_2019!F8 -> 1.7789474 | X78: =[20]January_2019!G8 -> 0.51929825 | Y78: =[20]January_2019!H8 -> #DIV/0! | Z78: =[20]January_2019!I8 -> #DIV/0! | AA78: =[20]January_2019!J8 -> 1.3652632 | AB78: =[20]January_2019!K8 -> #DIV/0! | ... AY78: =[20]January_2019!AH8 -> #DIV/0!
B79: STARMALT | C79: 45700 | D79: =[30]February_2025!$O$55 -> 312 | G79: =[30]February_2025!$O$59 -> 301.6 | J79: No Breaks | K79: =[32]February_2025!$O$53 -> 1.0053333 | L79: =(((D79+E79)-G79)/(D79+E79))*100 -> 3.3333333 | M79: T. Charles
B84: Process Loss (Volume) | G84: Process Loss (Extract) | K84: Throughput
B85: Brand | C85: Actual | D85: MTD | E85: YTD | F85: Target | G85: Actual | H85: MTD | I85: YTD | J85: Target | K85: Actual | L85: MTD | M85: YTD | N85: Target
B86: CARIB | D86: 6.0311995 | E86: 7.0597301 | F86: 4.8 | H86: 6.689035 | I86: 7.5749532 | J86: 4.8 | L86: 0.65833837 | M86: 0.88064718 | N86: 1
B87: STAG | C87: =L77 -> 9.8517603 | D87: 6.7570076 | E87: 6.9884039 | F87: 4.8 | G87: =[30]February_2025!$O$21 -> 10.217622 | H87: 6.5375947 | I87: 6.7136693 | J87: 4.8 | K87: =K77 -> 0.32433333 | L87: 0.6187451 | M87: 0.76026995 | N87: 1
B88: GUINN | C88: =L75 -> 14.649682 | D88: 18.424242 | E88: 10.267722 | F88: 5.5 | G88: =[30]February_2025!$O$32 -> 14.649682 | H88: 21.637413 | I88: 14.272233 | J88: 5.5 | K88: =K75 -> 0.031345029 | L88: 0.20111111 | M88: 0.48050682 | N88: 1
B89: VITAMALT | E89: 3.405687 | F89: 3.3 | I89: 5.1745103 | J89: 3.3 | M89: 0.84666667 | N89: 1
B90: MAXIMALT | E90: 8.8295688 | F90: 3.3 | J90: 3 | N90: 1
B91: MACKESON | E91: 9.969885 | F91: =[21]May_2022!$M$43 -> 3.4878407 | I91: 10.607236 | J91: 5.5 | M91: 0.66824561 | N91: 1
B92: STARMALT | C92: =L79 -> 3.3333333 | D92: 3.4935897 | E92: 9.7384319 | F92: 3.3 | G92: =[30]February_2025!$O$63 -> 5.2583423 | H92: 5.4154074 | I92: 4.6518762 | J92: 3.3 | K92: =K79 -> 1.0053333 | L92: 1.0036667 | M92: 0.80367816 | N92: 1
B93: HURRICANE REEF | E93: 14.011128 | F93: 7.5 | J93: 7.5 | N93: 1
B94: HR- PILSNER | D94: 4.8792509 | E94: 14.231606 | F94: 5.5 | H94: 6.2003724 | I94: 6.2003724 | J94: 5.5 | L94: 1 | M94: 0.67719298 | N94: 1
D95: 14.231606 | E95: 7.3194507 | F95: 4.5 | H95: 8.4661828 | I95: 7.7354298 | J95: 5 | L95: 0.58164623 | M95: 0.58164623 | N95: 1
AD108: :

Sheet Feb 13th
T1: P.G. | V1: Hot Time | X1: Process Time | Z1: Cooling Time
B2: Brewing Department Daily Process Loss Report | T2: Lower | U2: Upper | V2: Lower | W2: Upper | X2: Lower | Y2: Upper | Z2: Lower | AA2: Upper
S3: CARIB | T3: 11.6 | U3: 12 | V3: 0 | W3: 0.11805556 | X3: 0.22569444 | Y3: 0.26388889 | Z3: 0 | AA3: 60 | AC3: HR- PISNER
B4: Date: | C4: 45701 | J4: LOT WORT COLOUR: 3.5 | M4: Filter Sheets (Target 20 days) | S4: STAG | T4: 11.6 | U4: 12 | V4: 0 | W4: 0.11805556 | X4: 0.22569444 | Y4: 0.26388889 | Z4: 0 | AA4: 60
M5: Double | N5: Single | S5: GUINNESS | T5: 17 | U5: 17.5 | V5: 0 | W5: 0.10763889 | X5: 0.24652778 | Y5: 0.28472222 | Z5: 0 | AA5: 60
J6: MALT LOT: Lot 24 | L6: Sheet Day | M6: 22 | N6: 22 | S6: MACKESON | T6: 13.3 | U6: 13.5 | V6: 0 | W6: 0.12905093 | X6: 0.27430556 | Y6: 0.30208333 | Z6: 0
S7: STARMALT | T7: 17.1 | U7: 17.5 | V7: 0 | W7: 0.13605324 | X7: 0.27430556 | Y7: 0.30902778 | Z7: 0 | AA7: 60
B8: Brand | C8: Brew no. | D8: Kett. Hls | E8: Wort | F8: Cool Time(Mins) | G8: Cast. P.G. (Lab Result) | H8: Cast P.G. (Cellar Operator)-gravity | I8: Extr. Rec (80.9%) | J8: Theor. Extr. (77.5%) | K8: Boil Off /Vol. (4-6%) | L8: Boil Time | M8: Total Hot | N8: Brewing | O8: Operator | P8: Comments | Q8: Actual Pilsen Malt | S8: Hurricane Reef | T8: 16.6 | U8: 17 | V8: 0 | W8: 0.12905093 | X8: 0.27430556 | Y8: 0.30208333 | Z8: 0
E9: Meter (Hls) | F9: Target(< 60Mins) | M9: Time | S9: VITAMALT | T9: 14.4 | U9: 14.6 | V9: 0 | W9: 0.13905093 | X9: 0.26041667 | Y9: 0.29513889 | Z9: 0 | AA9: 75
B10: CARIB | C10: =[22]Brewhouse!$A203 -> CA101 | D10: =[22]Brewhouse!$AF203 -> 53.1 | E10: =[22]Brewhouse!$AI203 -> 49.5 | F10: =[22]Brewhouse!$V203 -> 64 | G10: =[22]Brewhouse!$AG203 -> 12 | H10: 11.9 | I10: =[22]Brewhouse!$AU203 -> 97.307716 | J10: =[22]Brewhouse!$AV203 -> 101.39215 | K10: =[22]Brewhouse!$Q203 -> 9.6613191 | L10: =[22]Brewhouse!$P203 -> 57 | M10: =[22]Brewhouse!$U203-[22]Brewhouse!$T203 -> 0.14027778 | N10: =[22]Brewhouse!$Z203 -> 0.31597222 | O10: =[22]Brewhouse!$AX203 -> R. Sookram | S10: =B10 -> CARIB | T10: =VLOOKUP($B10,$S$3:$Y$9,2,FALSE) -> 11.6 | U10: =VLOOKUP($B10,$S$3:$Y$9,3,FALSE) -> 12 | V10: =VLOOKUP($B10,$S$3:$Y$9,4,FALSE) -> 0 | W10: =VLOOKUP($B10,$S$3:$Y$9,5,FALSE) -> 0.11805556 | X10: =VLOOKUP($B10,$S$3:$Y$9,6,FALSE) -> 0.22569444 | Y10: =VLOOKUP($B10,$S$3:$Y$9,7,FALSE) -> 0.26388889 | Z10: =VLOOKUP($B10,$S$3:$AA$9,8,FALSE) -> 0 | AA10: =VLOOKUP($B10,$S$3:$AA$9,9,FALSE) -> 60
B11: CARIB | C11: =[22]Brewhouse!$A204 -> CA102 | D11: =[22]Brewhouse!$AF204 -> 53.1 | E11: =[22]Brewhouse!$AI204 -> 49.8 | F11: =[22]Brewhouse!$V204 -> 55 | G11: =[22]Brewhouse!$AG204 -> 11.8 | H11: 11.8 | I11: =[22]Brewhouse!$AU204 -> 93.46088 | J11: =[22]Brewhouse!$AV204 -> 97.388849 | K11: =[22]Brewhouse!$Q204 -> 6.2969589 | L11: =[22]Brewhouse!$P204 -> 60 | M11: =[22]Brewhouse!$U204-[22]Brewhouse!$T204 -> 0.10694444 | N11: =[22]Brewhouse!$Z204 -> 0.33055556 | O11: =[22]Brewhouse!$AX204 -> K.Benjamin | S11: =B11 -> CARIB | T11: =VLOOKUP($B11,$S$3:$Y$9,2,FALSE) -> 11.6 | U11: =VLOOKUP($B11,$S$3:$Y$9,3,FALSE) -> 12 | V11: =VLOOKUP($B11,$S$3:$Y$9,4,FALSE) -> 0 | W11: =VLOOKUP($B11,$S$3:$Y$9,5,FALSE) -> 0.11805556 | X11: =VLOOKUP($B11,$S$3:$Y$9,6,FALSE) -> 0.22569444 | Y11: =VLOOKUP($B11,$S$3:$Y$9,7,FALSE) -> 0.26388889 | Z11: =VLOOKUP($B11,$S$3:$AA$9,8,FALSE) -> 0 | AA11: =VLOOKUP($B11,$S$3:$AA$9,9,FALSE) -> 60
B12: CARIB | C12: =[22]Brewhouse!$A205 -> CA103 | D12: =[22]Brewhouse!$AF205 -> 53.7 | E12: =[22]Brewhouse!$AI205 -> 50.5 | F12: =[22]Brewhouse!$V205 -> 59 | G12: =[22]Brewhouse!$AG205 -> 11.9 | H12: 11.7 | I12: =[22]Brewhouse!$AU205 -> 95.737209 | J12: =[22]Brewhouse!$AV205 -> 99.760631 | K12: =[22]Brewhouse!$Q205 -> 5.9391771 | L12: =[22]Brewhouse!$P205 -> 61 | M12: =[22]Brewhouse!$U205-[22]Brewhouse!$T205 -> 0.11319444 | N12: =[22]Brewhouse!$Z205 -> 0.26597222 | O12: =[22]Brewhouse!$AX205 -> K.Benjamin | S12: =B12 -> CARIB | T12: =VLOOKUP($B12,$S$3:$Y$9,2,FALSE) -> 11.6 | U12: =VLOOKUP($B12,$S$3:$Y$9,3,FALSE) -> 12 | V12: =VLOOKUP($B12,$S$3:$Y$9,4,FALSE) -> 0 | W12: =VLOOKUP($B12,$S$3:$Y$9,5,FALSE) -> 0.11805556 | X12: =VLOOKUP($B12,$S$3:$Y$9,6,FALSE) -> 0.22569444 | Y12: =VLOOKUP($B12,$S$3:$Y$9,7,FALSE) -> 0.26388889 | Z12: =VLOOKUP($B12,$S$3:$AA$9,8,FALSE) -> 0 | AA12: =VLOOKUP($B12,$S$3:$AA$9,9,FALSE) -> 60
B13: CARIB | C13: =[22]Brewhouse!$A206 -> CA104 | D13: =[22]Brewhouse!$AF206 -> 53.9 | E13: =[22]Brewhouse!$AI206 -> 50.8 | F13: =[22]Brewhouse!$V206 -> 48 | G13: =[22]Brewhouse!$AG206 -> 11.79 | H13: 11.9 | I13: =[22]Brewhouse!$AU206 -> 95.337604 | J13: =[22]Brewhouse!$AV206 -> 99.344449 | K13: =[22]Brewhouse!$Q206 -> 5.3736655 | L13: =[22]Brewhouse!$P206 -> 61 | M13: =[22]Brewhouse!$U206-[22]Brewhouse!$T206 -> 0.1125 | N13: =[22]Brewhouse!$Z206 -> 0.27222222 | O13: =[22]Brewhouse!$AX206 -> K.Benjamin | S13: =B13 -> CARIB | T13: =VLOOKUP($B13,$S$3:$Y$9,2,FALSE) -> 11.6 | U13: =VLOOKUP($B13,$S$3:$Y$9,3,FALSE) -> 12 | V13: =VLOOKUP($B13,$S$3:$Y$9,4,FALSE) -> 0 | W13: =VLOOKUP($B13,$S$3:$Y$9,5,FALSE) -> 0.11805556 | X13: =VLOOKUP($B13,$S$3:$Y$9,6,FALSE) -> 0.22569444 | Y13: =VLOOKUP($B13,$S$3:$Y$9,7,FALSE) -> 0.26388889 | Z13: =VLOOKUP($B13,$S$3:$AA$9,8,FALSE) -> 0 | AA13: =VLOOKUP($B13,$S$3:$AA$9,9,FALSE) -> 60
B14: CARIB | C14: =[22]Brewhouse!$A207 -> CA105 | D14: =[22]Brewhouse!$AF207 -> 53.8 | E14: =[22]Brewhouse!$AI207 -> 50.5 | F14: =[22]Brewhouse!$V207 -> 64 | G14: =[22]Brewhouse!$AG207 -> 11.8 | H14: 11.8 | I14: =[22]Brewhouse!$AU207 -> 95.008377 | J14: =[22]Brewhouse!$AV207 -> 99.000953 | K14: =[22]Brewhouse!$Q207 -> 5.9285714 | L14: =[22]Brewhouse!$P207 -> 60 | M14: =[22]Brewhouse!$U207-[22]Brewhouse!$T207 -> 0.11736111 | N14: =[22]Brewhouse!$Z207 -> 0.26388889 | O14: =[22]Brewhouse!$AX207 -> R. Regis | S14: =B14 -> CARIB | T14: =VLOOKUP($B14,$S$3:$Y$9,2,FALSE) -> 11.6 | U14: =VLOOKUP($B14,$S$3:$Y$9,3,FALSE) -> 12 | V14: =VLOOKUP($B14,$S$3:$Y$9,4,FALSE) -> 0 | W14: =VLOOKUP($B14,$S$3:$Y$9,5,FALSE) -> 0.11805556 | X14: =VLOOKUP($B14,$S$3:$Y$9,6,FALSE) -> 0.22569444 | Y14: =VLOOKUP($B14,$S$3:$Y$9,7,FALSE) -> 0.26388889 | Z14: =VLOOKUP($B14,$S$3:$AA$9,8,FALSE) -> 0 | AA14: =VLOOKUP($B14,$S$3:$AA$9,9,FALSE) -> 60
B15: CARIB | C15: =[22]Brewhouse!$A208 -> CA106 | D15: =[22]Brewhouse!$AF208 -> 54.5 | E15: =[22]Brewhouse!$AI208 -> 51.6 | F15: =[22]Brewhouse!$V208 -> 71 | G15: =[22]Brewhouse!$AG208 -> 11.9 | I15: =[22]Brewhouse!$AU208 -> 97.702216 | J15: =[22]Brewhouse!$AV208 -> 101.80844 | K15: =[22]Brewhouse!$Q208 -> 5.8657244 | L15: =[22]Brewhouse!$P208 -> 60 | M15: =[22]Brewhouse!$U208-[22]Brewhouse!$T208 -> 0.12847222 | N15: =[22]Brewhouse!$Z208 -> 0.27291667 | O15: =[22]Brewhouse!$AX208 -> R. Regis | S15: =B15 -> CARIB | T15: =VLOOKUP($B15,$S$3:$Y$9,2,FALSE) -> 11.6 | U15: =VLOOKUP($B15,$S$3:$Y$9,3,FALSE) -> 12 | V15: =VLOOKUP($B15,$S$3:$Y$9,4,FALSE) -> 0 | W15: =VLOOKUP($B15,$S$3:$Y$9,5,FALSE) -> 0.11805556 | X15: =VLOOKUP($B15,$S$3:$Y$9,6,FALSE) -> 0.22569444 | Y15: =VLOOKUP($B15,$S$3:$Y$9,7,FALSE) -> 0.26388889 | Z15: =VLOOKUP($B15,$S$3:$AA$9,8,FALSE) -> 0 | AA15: =VLOOKUP($B15,$S$3:$AA$9,9,FALSE) -> 60
S16: =B16 -> 0 | T16: =VLOOKUP($B16,$S$3:$Y$9,2,FALSE) -> #N/A | U16: =VLOOKUP($B16,$S$3:$Y$9,3,FALSE) -> #N/A | V16: =VLOOKUP($B16,$S$3:$Y$9,4,FALSE) -> #N/A | W16: =VLOOKUP($B16,$S$3:$Y$9,5,FALSE) -> #N/A | X16: =VLOOKUP($B16,$S$3:$Y$9,6,FALSE) -> #N/A | Y16: =VLOOKUP($B16,$S$3:$Y$9,7,FALSE) -> #N/A | Z16: =VLOOKUP($B16,$S$3:$AA$9,8,FALSE) -> #N/A | AA16: =VLOOKUP($B16,$S$3:$AA$9,9,FALSE) -> #N/A
B17: STAG | C17: =[24]Brewhouse!$A74 -> ST059 | D17: =[24]Brewhouse!$AD74 -> 51.8 | E17: =[24]Brewhouse!$AG74 -> 47.9 | F17: =[24]Brewhouse!$V74 -> 57 | G17: =[24]Brewhouse!$AE74 -> 12 | I17: =[24]Brewhouse!$AS74 -> 92.715017 | J17: =[24]Brewhouse!$AT74 -> 95.947594 | K17: =[24]Brewhouse!$Q74 -> 6.9469835 | L17: =[24]Brewhouse!$P74 -> 59 | M17: =[24]Brewhouse!$U74-[24]Brewhouse!$T74 -> 0.11388889 | N17: =[24]Brewhouse!$AW74 -> 0.25902778 | O17: =[24]Brewhouse!$AV74 -> R.Sookram | S17: =B17 -> STAG | T17: =VLOOKUP($B17,$S$3:$Y$9,2,FALSE) -> 11.6 | U17: =VLOOKUP($B17,$S$3:$Y$9,3,FALSE) -> 12 | V17: =VLOOKUP($B17,$S$3:$Y$9,4,FALSE) -> 0 | W17: =VLOOKUP($B17,$S$3:$Y$9,5,FALSE) -> 0.11805556 | X17: =VLOOKUP($B17,$S$3:$Y$9,6,FALSE) -> 0.22569444 | Y17: =VLOOKUP($B17,$S$3:$Y$9,7,FALSE) -> 0.26388889 | Z17: =VLOOKUP($B17,$S$3:$AA$9,8,FALSE) -> 0 | AA17: =VLOOKUP($B17,$S$3:$AA$9,9,FALSE) -> 60
B18: STAG | C18: =[24]Brewhouse!$A75 -> ST060 | D18: =[24]Brewhouse!$AD75 -> 53.2 | E18: =[24]Brewhouse!$AG75 -> 49.4 | F18: =[24]Brewhouse!$V75 -> 60 | G18: =[24]Brewhouse!$AE75 -> 12 | I18: =[24]Brewhouse!$AS75 -> 96.097642 | J18: =[24]Brewhouse!$AT75 -> 99.443858 | K18: =[24]Brewhouse!$Q75 -> 5.8161351 | L18: =[24]Brewhouse!$P75 -> 58 | M18: =[24]Brewhouse!$U75-[24]Brewhouse!$T75 -> 0.11180556 | N18: =[24]Brewhouse!$AW75 -> 0.28333333 | O18: =[24]Brewhouse!$AV75 -> R.Sookram | S18: =B18 -> STAG | T18: =VLOOKUP($B18,$S$3:$Y$9,2,FALSE) -> 11.6 | U18: =VLOOKUP($B18,$S$3:$Y$9,3,FALSE) -> 12 | V18: =VLOOKUP($B18,$S$3:$Y$9,4,FALSE) -> 0 | W18: =VLOOKUP($B18,$S$3:$Y$9,5,FALSE) -> 0.11805556 | X18: =VLOOKUP($B18,$S$3:$Y$9,6,FALSE) -> 0.22569444 | Y18: =VLOOKUP($B18,$S$3:$Y$9,7,FALSE) -> 0.26388889 | Z18: =VLOOKUP($B18,$S$3:$AA$9,8,FALSE) -> 0 | AA18: =VLOOKUP($B18,$S$3:$AA$9,9,FALSE) -> 60
S19: =B19 -> 0 | T19: =VLOOKUP($B19,$S$3:$Y$9,2,FALSE) -> #N/A | U19: =VLOOKUP($B19,$S$3:$Y$9,3,FALSE) -> #N/A | V19: =VLOOKUP($B19,$S$3:$Y$9,4,FALSE) -> #N/A | W19: =VLOOKUP($B19,$S$3:$Y$9,5,FALSE) -> #N/A | X19: =VLOOKUP($B19,$S$3:$Y$9,6,FALSE) -> #N/A | Y19: =VLOOKUP($B19,$S$3:$Y$9,7,FALSE) -> #N/A | Z19: =VLOOKUP($B19,$S$3:$AA$9,8,FALSE) -> #N/A | AA19: =VLOOKUP($B19,$S$3:$AA$9,9,FALSE) -> #N/A
S20: =B20 -> 0 | T20: =VLOOKUP($B20,$S$3:$Y$9,2,FALSE) -> #N/A | U20: =VLOOKUP($B20,$S$3:$Y$9,3,FALSE) -> #N/A | V20: =VLOOKUP($B20,$S$3:$Y$9,4,FALSE) -> #N/A | W20: =VLOOKUP($B20,$S$3:$Y$9,5,FALSE) -> #N/A | X20: =VLOOKUP($B20,$S$3:$Y$9,6,FALSE) -> #N/A | Y20: =VLOOKUP($B20,$S$3:$Y$9,7,FALSE) -> #N/A | Z20: =VLOOKUP($B20,$S$3:$AA$9,8,FALSE) -> #N/A | AA20: =VLOOKUP($B20,$S$3:$AA$9,9,FALSE) -> #N/A
S21: =B21 -> 0 | T21: =VLOOKUP($B21,$S$3:$Y$9,2,FALSE) -> #N/A | U21: =VLOOKUP($B21,$S$3:$Y$9,3,FALSE) -> #N/A | V21: =VLOOKUP($B21,$S$3:$Y$9,4,FALSE) -> #N/A | W21: =VLOOKUP($B21,$S$3:$Y$9,5,FALSE) -> #N/A | X21: =VLOOKUP($B21,$S$3:$Y$9,6,FALSE) -> #N/A | Y21: =VLOOKUP($B21,$S$3:$Y$9,7,FALSE) -> #N/A | Z21: =VLOOKUP($B21,$S$3:$AA$9,8,FALSE) -> #N/A | AA21: =VLOOKUP($B21,$S$3:$AA$9,9,FALSE) -> #N/A
S22: =B22 -> 0 | T22: =VLOOKUP($B22,$S$3:$Y$9,2,FALSE) -> #N/A | U22: =VLOOKUP($B22,$S$3:$Y$9,3,FALSE) -> #N/A | V22: =VLOOKUP($B22,$S$3:$Y$9,4,FALSE) -> #N/A | W22: =VLOOKUP($B22,$S$3:$Y$9,5,FALSE) -> #N/A | X22: =VLOOKUP($B22,$S$3:$Y$9,6,FALSE) -> #N/A | Y22: =VLOOKUP($B22,$S$3:$Y$9,7,FALSE) -> #N/A | Z22: =VLOOKUP($B22,$S$3:$AA$9,8,FALSE) -> #N/A | AA22: =VLOOKUP($B22,$S$3:$AA$9,9,FALSE) -> #N/A
S23: =B23 -> 0 | T23: =VLOOKUP($B23,$S$3:$Y$9,2,FALSE) -> #N/A | U23: =VLOOKUP($B23,$S$3:$Y$9,3,FALSE) -> #N/A | V23: =VLOOKUP($B23,$S$3:$Y$9,4,FALSE) -> #N/A | W23: =VLOOKUP($B23,$S$3:$Y$9,5,FALSE) -> #N/A | X23: =VLOOKUP($B23,$S$3:$Y$9,6,FALSE) -> #N/A | Y23: =VLOOKUP($B23,$S$3:$Y$9,7,FALSE) -> #N/A | Z23: =VLOOKUP($B23,$S$3:$AA$9,8,FALSE) -> #N/A | AA23: =VLOOKUP($B23,$S$3:$AA$9,9,FALSE) -> #N/A
S24: =B24 -> 0 | T24: =VLOOKUP($B24,$S$3:$Y$9,2,FALSE) -> #N/A | U24: =VLOOKUP($B24,$S$3:$Y$9,3,FALSE) -> #N/A | V24: =VLOOKUP($B24,$S$3:$Y$9,4,FALSE) -> #N/A | W24: =VLOOKUP($B24,$S$3:$Y$9,5,FALSE) -> #N/A | X24: =VLOOKUP($B24,$S$3:$Y$9,6,FALSE) -> #N/A | Y24: =VLOOKUP($B24,$S$3:$Y$9,7,FALSE) -> #N/A | Z24: =VLOOKUP($B24,$S$3:$AA$9,8,FALSE) -> #N/A | AA24: =VLOOKUP($B24,$S$3:$AA$9,9,FALSE) -> #N/A
S25: =B25 -> 0 | T25: =VLOOKUP($B25,$S$3:$Y$9,2,FALSE) -> #N/A | U25: =VLOOKUP($B25,$S$3:$Y$9,3,FALSE) -> #N/A | V25: =VLOOKUP($B25,$S$3:$Y$9,4,FALSE) -> #N/A | W25: =VLOOKUP($B25,$S$3:$Y$9,5,FALSE) -> #N/A | X25: =VLOOKUP($B25,$S$3:$Y$9,6,FALSE) -> #N/A | Y25: =VLOOKUP($B25,$S$3:$Y$9,7,FALSE) -> #N/A | Z25: =VLOOKUP($B25,$S$3:$AA$9,8,FALSE) -> #N/A | AA25: =VLOOKUP($B25,$S$3:$AA$9,9,FALSE) -> #N/A
S26: =B26 -> 0 | T26: =VLOOKUP($B26,$S$3:$Y$9,2,FALSE) -> #N/A | U26: =VLOOKUP($B26,$S$3:$Y$9,3,FALSE) -> #N/A | V26: =VLOOKUP($B26,$S$3:$Y$9,4,FALSE) -> #N/A | W26: =VLOOKUP($B26,$S$3:$Y$9,5,FALSE) -> #N/A | X26: =VLOOKUP($B26,$S$3:$Y$9,6,FALSE) -> #N/A | Y26: =VLOOKUP($B26,$S$3:$Y$9,7,FALSE) -> #N/A | Z26: =VLOOKUP($B26,$S$3:$AA$9,8,FALSE) -> #N/A | AA26: =VLOOKUP($B26,$S$3:$AA$9,9,FALSE) -> #N/A
S27: =B27 -> 0 | T27: =VLOOKUP($B27,$S$3:$Y$9,2,FALSE) -> #N/A | U27: =VLOOKUP($B27,$S$3:$Y$9,3,FALSE) -> #N/A | V27: =VLOOKUP($B27,$S$3:$Y$9,4,FALSE) -> #N/A | W27: =VLOOKUP($B27,$S$3:$Y$9,5,FALSE) -> #N/A | X27: =VLOOKUP($B27,$S$3:$Y$9,6,FALSE) -> #N/A | Y27: =VLOOKUP($B27,$S$3:$Y$9,7,FALSE) -> #N/A | Z27: =VLOOKUP($B27,$S$3:$AA$9,8,FALSE) -> #N/A | AA27: =VLOOKUP($B27,$S$3:$AA$9,9,FALSE) -> #N/A
S28: =B28 -> 0 | T28: =VLOOKUP($B28,$S$3:$Y$9,2,FALSE) -> #N/A | U28: =VLOOKUP($B28,$S$3:$Y$9,3,FALSE) -> #N/A | V28: =VLOOKUP($B28,$S$3:$Y$9,4,FALSE) -> #N/A | W28: =VLOOKUP($B28,$S$3:$Y$9,5,FALSE) -> #N/A | X28: =VLOOKUP($B28,$S$3:$Y$9,6,FALSE) -> #N/A | Y28: =VLOOKUP($B28,$S$3:$Y$9,7,FALSE) -> #N/A | Z28: =VLOOKUP($B28,$S$3:$AA$9,8,FALSE) -> #N/A | AA28: =VLOOKUP($B28,$S$3:$AA$9,9,FALSE) -> #N/A
S29: =B29 -> 0 | T29: =VLOOKUP($B29,$S$3:$Y$9,2,FALSE) -> #N/A | U29: =VLOOKUP($B29,$S$3:$Y$9,3,FALSE) -> #N/A | V29: =VLOOKUP($B29,$S$3:$Y$9,4,FALSE) -> #N/A | W29: =VLOOKUP($B29,$S$3:$Y$9,5,FALSE) -> #N/A | X29: =VLOOKUP($B29,$S$3:$Y$9,6,FALSE) -> #N/A | Y29: =VLOOKUP($B29,$S$3:$Y$9,7,FALSE) -> #N/A | Z29: =VLOOKUP($B29,$S$3:$AA$9,8,FALSE) -> #N/A | AA29: =VLOOKUP($B29,$S$3:$AA$9,9,FALSE) -> #N/A
S30: =B30 -> 0 | T30: =VLOOKUP($B30,$S$3:$Y$9,2,FALSE) -> #N/A | U30: =VLOOKUP($B30,$S$3:$Y$9,3,FALSE) -> #N/A | V30: =VLOOKUP($B30,$S$3:$Y$9,4,FALSE) -> #N/A | W30: =VLOOKUP($B30,$S$3:$Y$9,5,FALSE) -> #N/A | X30: =VLOOKUP($B30,$S$3:$Y$9,6,FALSE) -> #N/A | Y30: =VLOOKUP($B30,$S$3:$Y$9,7,FALSE) -> #N/A | Z30: =VLOOKUP($B30,$S$3:$AA$9,8,FALSE) -> #N/A | AA30: =VLOOKUP($B30,$S$3:$AA$9,9,FALSE) -> #N/A
... S42: =B42 -> 0 | T42: =VLOOKUP($B42,$S$3:$Y$9,2,FALSE) -> #N/A | U42: =VLOOKUP($B42,$S$3:$Y$9,3,FALSE) -> #N/A | V42: =VLOOKUP($B42,$S$3:$Y$9,4,FALSE) -> #N/A | W42: =VLOOKUP($B42,$S$3:$Y$9,5,FALSE) -> #N/A | X42: =VLOOKUP($B42,$S$3:$Y$9,6,FALSE) -> #N/A | Y42: =VLOOKUP($B42,$S$3:$Y$9,7,FALSE) -> #N/A | Z42: =VLOOKUP($B42,$S$3:$AA$9,8,FALSE) -> #N/A | AA42: =VLOOKUP($B42,$S$3:$AA$9,9,FALSE) -> #N/A
I43: EXTRACT RECOVERY
B44: BRAND | D44: BBT P.G./ O.G | I44: Brand | J44: Actual | K44: MTD No. of Brews | L44: MTD | M44: YTD | N44: Target
B45: =I47 -> GUINNESS | C45: {=[23]Process!$D$24:$D$25} -> 17.5 | D45: 17.42 | I45: CARIB | J45: =AVERAGE(I10:I15) -> 95.759 | K45: =COUNTA([22]Brewhouse!$A$173:$A$208) -> 36 | L45: =AVERAGE([22]Brewhouse!$AU$173:$AU$208) -> 95.199156 | M45: =AVERAGE([22]Brewhouse!$AU$102:$AU$171,[22]Brewhouse!$AU$173:$AU$208) -> 94.787667 | N45: 98
C46: 17.5 | I46: STAG | J46: =AVERAGE(I17:I18) -> 94.40633 | K46: =COUNTA([24]Brewhouse!$A$66:$A$75) -> 10 | L46: =AVERAGE([24]Brewhouse!$AS$66:$AS$75) -> 95.290047 | M46: =AVERAGE([24]Brewhouse!$AS$15:$AS$64,[24]Brewhouse!$AS$66:$AS$75) -> 95.946118 | N46: 98
I47: GUINNESS | K47: =COUNTA([23]Brewhouse!$A$9:$A$14) -> 6 | L47: =AVERAGE([23]Brewhouse!$AU$9:$AU$14) -> 96.577361 | M47: =AVERAGE([23]Brewhouse!$AU$4:$AU$7,[23]Brewhouse!$AU$9:$AU$14) -> 96.787192 | N47: 98
I48: VITAMALT | M48: =AVERAGE([25]Brewhouse!$AV$5:$AV$14) -> 97.717673 | N48: 98
I49: MAXIMALT | N49: 98
I50: MACKESON | M50: =AVERAGE([26]Brewhouse!$AT$4:$AT$11) -> 94.812617 | N50: 98
I51: STARMALT | K51: =COUNTA([27]Brewhouse!$A$15:$A$20) -> 6 | L51: =AVERAGE([27]Brewhouse!$AY$15:$AY$20) -> 95.874176 | M51: =AVERAGE([27]Brewhouse!$AY$6:$AY$13,[27]Brewhouse!$AY$15:$AY$20) -> 94.285964 | N51: 98
I52: HR- Pils | M52: =AVERAGE([28]Brewhouse!$AU$5:$AU$8) -> 91.006888 | N52: 98
I53: HR- IPA
I54: HR- APA | N54: 98
K55: =SUM(K45:K54) -> 58 | L55: =((L45*K45)+(L46*K46)+(L47*K47)+(L48*K48)+(L49*K49)+(K52*L52)+(L50*K50)+(L51*K51)+(L54*K54))/(K55) -> 95.42723 | M55: =L55 -> 95.42723 | N55: 98
B57: =I47 -> GUINNESS | C57: {=[23]Process!$D$21:$D$22} -> 17.7 | D57: 17.65 | J57: Daily Brewing Plan
C58: 17.4 | J58: Brand | K58: Brews Achieved | L58: Average Brews per day
C59: =[23]Process!$D$26 -> 17.4 | D59: 17.53 | J59: CARIB | K59: =COUNTA(B10:B15) -> 6 | L59: MTD | M59: YTD | N59: TARGET
J60: STAG | K60: =COUNTA(B17:B18) -> 2 | L60: =AVERAGE('Feb 3rd'!K79,'Feb 4th'!K77,'Feb 5th'!L68,'Feb 6th'!K75,'Feb 10th'!K69,'Feb 11th'!K68,'Feb 12th'!K70,'Feb 13th'!K69) -> 7.125 | M60: =AVERAGE('[29]Jan 29th '!$M$70,L60) -> 6.8125
J61: GUINN
J62: VITAMALT
J63: STARMALT
J64: MACKESON
J65: HURRICANE REEF- IPA
J66: HURRICANE REEF- APA
B67: AVERAGE | D67: =AVERAGE(D45:E66) -> 17.533333 | J67: HR- PILSNER
J68: CARIBE
J69: Total | K69: =SUM(K59:K68) -> 8
B70: Process: | C70: Fermentation/Filtration
B72: Brand | C72: Filt. Date | D72: FV Hls | E72: GFE/ Prim/ Vita Blend (Hls) | F72: SV Hls | G72: BBT Hls | H72: Loss (%) Ferm | I72: Loss (%) Filt | J72: Comments | K72: Throughput | L72: Process Loss (%) | M72: Filt. Operator
U73: 43466 | V73: 43467 | W73: 43468 | X73: 43469 | Y73: 43470 | Z73: 43471 | AA73: 43472 | AB73: 43473 | AC73: 43474 | AD73: 43475 | AE73: 43476 | AF73: 43477 | AG73: 43478 | AH73: 43479 | AI73: 43480 | AJ73: 43481 | AK73: 43482 | AL73: 43483 | AM73: 43484 | AN73: 43485 | AO73: 43486 | AP73: 43487 | AQ73: 43488 | AR73: 43489 | AS73: 43490 | AT73: 43491 | AU73: 43492 | AV73: 43493 | AW73: 43494 | AX73: 43495 | AY73: 43496
B74: GUINNESS | C74: 45701 | D74: =SUM([31]GUINNESS!$J$29:$J$30) -> 92.2 | E74: =SUM([31]GUINNESS!$S$29) -> 1.6 | G74: =SUM([31]GUINNESS!$R$29) -> 67.7 | J74: No Break | K74: =[32]February_2025!$P$32 -> 0.23754386 | L74: =(((D74+E74)-G74)/(D74+E74))*100 -> 27.82516 | M74: J.Mason
T75: Throughput | U75: =[20]January_2019!D6 -> 0 | V75: =[20]January_2019!E6 -> 0 | W75: =[20]January_2019!F6 -> 0 | X75: =[20]January_2019!G6 -> 0 | Y75: =[20]January_2019!H6 -> 0 | Z75: =[20]January_2019!I6 -> 0 | AA75: =[20]January_2019!J6 -> 0 | AB75: =[20]January_2019!K6 -> 0 | ... AY75: =[20]January_2019!AH6 -> 0
B76: GUINNESS | C76: 45701 | D76: =SUM([31]GUINNESS!$J$26:$J$27,[31]GUINNESS!$J$31) -> 194.8 | E76: =SUM([31]GUINNESS!$S$26) -> 4.1 | G76: =SUM([31]GUINNESS!$R$26,[31]GUINNESS!$R$31) -> 172.8 | J76: No Break | K76: =[32]February_2025!$Q$32 -> 0.60631579 | L76: =(((D76+E76)-G76)/(D76+E76))*100 -> 13.122172 | M76: J. Nelson | T76: hls
T77: Throughput | U77: =[20]January_2019!D8 -> #DIV/0! | V77: =[20]January_2019!E8 -> 1.0319298 | W77: =[20]January_2019!F8 -> 1.7789474 | X77: =[20]January_2019!G8 -> 0.51929825 | Y77: =[20]January_2019!H8 -> #DIV/0! | Z77: =[20]January_2019!I8 -> #DIV/0! | AA77: =[20]January_2019!J8 -> 1.3652632 | AB77: =[20]January_2019!K8 -> #DIV/0! | ... AY77: =[20]January_2019!AH8 -> #DIV/0!
B83: Process Loss (Volume) | G83: Process Loss (Extract) | K83: Throughput
B84: Brand | C84: Actual | D84: MTD | E84: YTD | F84: Target | G84: Actual | H84: MTD | I84: YTD | J84: Target | K84: Actual | L84: MTD | M84: YTD | N84: Target
B85: CARIB | D85: 6.0311995 | E85: 7.0597301 | F85: 4.8 | H85: 6.689035 | I85: 7.5749532 | J85: 4.8 | L85: 0.65833837 | M85: 0.88064718 | N85: 1
B86: STAG | D86: 6.7570076 | E86: 6.9884039 | F86: 4.8 | H86: 6.5375947 | I86: 6.7136693 | J86: 4.8 | L86: 0.6187451 | M86: 0.76026995 | N86: 1
B87: GUINN | C87: =AVERAGE(L74,L76) -> 20.473666 | D87: 19.695044 | E87: 10.80747 | F87: 5.5 | G87: =AVERAGE([30]February_2025!$P$32:$Q$32) -> 21.499791 | H87: 21.688536 | I87: 16.885482 | J87: 5.5 | K87: =AVERAGE(K74,K76) -> 0.42192982 | L87: 0.31152047 | M87: 0.45707602 | N87: 1
B88: VITAMALT | E88: 3.405687 | F88: 3.3 | I88: 5.1745103 | J88: 3.3 | M88: 0.84666667 | N88: 1
B89: MAXIMALT | E89: 8.8295688 | F89: 3.3 | J89: 3 | N89: 1
B90: MACKESON | E90: 9.969885 | F90: =[21]May_2022!$M$43 -> 3.4878407 | I90: 10.607236 | J90: 5.5 | M90: 0.66824561 | N90: 1
B91: STARMALT | D91: 3.3333333 | E91: 9.7384319 | F91: 3.3 | H91: 5.2583423 | I91: 4.5833714 | J91: 3.3 | L91: 1.0053333 | M91: 0.80425287 | N91: 1
B92: HURRICANE REEF | E92: 14.011128 | F92: 7.5 | J92: 7.5 | N92: 1
B93: HR- PILSNER | D93: 4.8792509 | E93: 14.680256 | F93: 5.5 | H93: 6.2003724 | I93: 6.2003724 | J93: 5.5 | L93: 1 | M93: 0.67719298 | N93: 1
D94: 14.680256 | E94: 7.3657602 | F94: 4.5 | H94: 10.415314 | I94: 8.3968836 | J94: 5 | L94: 0.55521168 | M94: 0.55521168 | N94: 1
AD107: :

Sheet Feb 14th
T1: P.G. | V1: Hot Time | X1: Process Time | Z1: Cooling Time
B2: Brewing Department Daily Process Loss Report | T2: Lower | U2: Upper | V2: Lower | W2: Upper | X2: Lower | Y2: Upper | Z2: Lower | AA2: Upper
S3: CARIB | T3: 11.6 | U3: 12 | V3: 0 | W3: 0.11805556 | X3: 0.22569444 | Y3: 0.26388889 | Z3: 0 | AA3: 60 | AC3: HR- PISNER
B4: Date: | C4: 45702 | J4: LOT WORT COLOUR: 3.5 | M4: Filter Sheets (Target 20 days) | S4: STAG | T4: 11.6 | U4: 12 | V4: 0 | W4: 0.11805556 | X4: 0.22569444 | Y4: 0.26388889 | Z4: 0 | AA4: 60
M5: Double | N5: Single | S5: GUINNESS | T5: 17 | U5: 17.5 | V5: 0 | W5: 0.10763889 | X5: 0.24652778 | Y5: 0.28472222 | Z5: 0 | AA5: 60
J6: MALT LOT: Lot 24 | L6: Sheet Day | M6: 22 | N6: 22 | S6: MACKESON | T6: 13.3 | U6: 13.5 | V6: 0 | W6: 0.12905093 | X6: 0.27430556 | Y6: 0.30208333 | Z6: 0
S7: STARMALT | T7: 17.1 | U7: 17.5 | V7: 0 | W7: 0.13605324 | X7: 0.27430556 | Y7: 0.30902778 | Z7: 0 | AA7: 60
B8: Brand | C8: Brew no. | D8: Kett. Hls | E8: Wort | F8: Cool Time(Mins) | G8: Cast. P.G. (Lab Result) | H8: Cast P.G. (Cellar Operator)-gravity | I8: Extr. Rec (80.9%) | J8: Theor. Extr. (77.5%) | K8: Boil Off /Vol. (4-6%) | L8: Boil Time | M8: Total Hot | N8: Brewing | O8: Operator | P8: Comments | Q8: Actual Pilsen Malt | S8: Hurricane Reef | T8: 16.6 | U8: 17 | V8: 0 | W8: 0.12905093 | X8: 0.27430556 | Y8: 0.30208333 | Z8: 0
E9: Meter (Hls) | F9: Target(< 60Mins) | M9: Time | S9: VITAMALT | T9: 14.4 | U9: 14.6 | V9: 0 | W9: 0.13905093 | X9: 0.26041667 | Y9: 0.29513889 | Z9: 0 | AA9: 75
B10: STAG | C10: =[24]Brewhouse!$A76 -> ST061 | D10: =[24]Brewhouse!$AD76 -> 53.2 | E10: =[24]Brewhouse!$AG76 -> 50.1 | F10: =[24]Brewhouse!$V76 -> 58 | G10: =[24]Brewhouse!$AE76 -> 11.9 | H10: 11.7 | I10: =[24]Brewhouse!$AS76 -> 96.605805 | J10: =[24]Brewhouse!$AT76 -> 99.969715 | K10: =[24]Brewhouse!$Q76 -> 6.4220183 | L10: =[24]Brewhouse!$P76 -> 57 | M10: =[24]Brewhouse!$U76-[24]Brewhouse!$T76 -> 0.1125 | N10: =[24]Brewhouse!$AW76 -> 0.27361111 | O10: =[24]Brewhouse!$AV76 -> R.Sookram | S10: =B10 -> STAG | T10: =VLOOKUP($B10,$S$3:$Y$9,2,FALSE) -> 11.6 | U10: =VLOOKUP($B10,$S$3:$Y$9,3,FALSE) -> 12 | V10: =VLOOKUP($B10,$S$3:$Y$9,4,FALSE) -> 0 | W10: =VLOOKUP($B10,$S$3:$Y$9,5,FALSE) -> 0.11805556 | X10: =VLOOKUP($B10,$S$3:$Y$9,6,FALSE) -> 0.22569444 | Y10: =VLOOKUP($B10,$S$3:$Y$9,7,FALSE) -> 0.26388889 | Z10: =VLOOKUP($B10,$S$3:$AA$9,8,FALSE) -> 0 | AA10: =VLOOKUP($B10,$S$3:$AA$9,9,FALSE) -> 60
B11: STAG | C11: =[24]Brewhouse!$A77 -> ST062 | D11: =[24]Brewhouse!$AD77 -> 53.6 | E11: =[24]Brewhouse!$AG77 -> 50.4 | F11: =[24]Brewhouse!$V77 -> 64 | G11: =[24]Brewhouse!$AE77 -> 11.9 | H11: 11.9 | I11: =[24]Brewhouse!$AS77 -> 97.184283 | J11: =[24]Brewhouse!$AT77 -> 100.56834 | K11: =[24]Brewhouse!$Q77 -> 5.8608059 | L11: =[24]Brewhouse!$P77 -> 61 | M11: =[24]Brewhouse!$U77-[24]Brewhouse!$T77 -> 0.11666667 | N11: =[24]Brewhouse!$AW77 -> 0.26736111 | O11: =[24]Brewhouse!$AV77 -> K. Benjamin | S11: =B11 -> STAG | T11: =VLOOKUP($B11,$S$3:$Y$9,2,FALSE) -> 11.6 | U11: =VLOOKUP($B11,$S$3:$Y$9,3,FALSE) -> 12 | V11: =VLOOKUP($B11,$S$3:$Y$9,4,FALSE) -> 0 | W11: =VLOOKUP($B11,$S$3:$Y$9,5,FALSE) -> 0.11805556 | X11: =VLOOKUP($B11,$S$3:$Y$9,6,FALSE) -> 0.22569444 | Y11: =VLOOKUP($B11,$S$3:$Y$9,7,FALSE) -> 0.26388889 | Z11: =VLOOKUP($B11,$S$3:$AA$9,8,FALSE) -> 0 | AA11: =VLOOKUP($B11,$S$3:$AA$9,9,FALSE) -> 60
B12: STAG | C12: =[24]Brewhouse!$A78 -> ST063 | D12: =[24]Brewhouse!$AD78 -> 54.1 | E12: =[24]Brewhouse!$AG78 -> 51.1 | F12: =[24]Brewhouse!$V78 -> 61 | G12: =[24]Brewhouse!$AE78 -> 11.8 | H12: 11.8 | I12: =[24]Brewhouse!$AS78 -> 97.663482 | J12: =[24]Brewhouse!$AT78 -> 101.06422 | K12: =[24]Brewhouse!$Q78 -> 5.8076225 | L12: =[24]Brewhouse!$P78 -> 61 | M12: =[24]Brewhouse!$U78-[24]Brewhouse!$T78 -> 0.11805556 | N12: =[24]Brewhouse!$AW78 -> 0.26319444 | O12: =[24]Brewhouse!$AV78 -> K. Benjamin | S12: =B12 -> STAG | T12: =VLOOKUP($B12,$S$3:$Y$9,2,FALSE) -> 11.6 | U12: =VLOOKUP($B12,$S$3:$Y$9,3,FALSE) -> 12 | V12: =VLOOKUP($B12,$S$3:$Y$9,4,FALSE) -> 0 | W12: =VLOOKUP($B12,$S$3:$Y$9,5,FALSE) -> 0.11805556 | X12: =VLOOKUP($B12,$S$3:$Y$9,6,FALSE) -> 0.22569444 | Y12: =VLOOKUP($B12,$S$3:$Y$9,7,FALSE) -> 0.26388889 | Z12: =VLOOKUP($B12,$S$3:$AA$9,8,FALSE) -> 0 | AA12: =VLOOKUP($B12,$S$3:$AA$9,9,FALSE) -> 60
B13: STAG | C13: =[24]Brewhouse!$A79 -> ST064 | D13: =[24]Brewhouse!$AD79 -> 52.2 | E13: =[24]Brewhouse!$AG79 -> 49.2 | F13: =[24]Brewhouse!$V79 -> 63 | G13: =[24]Brewhouse!$AE79 -> 11.8 | H13: 11.8 | I13: =[24]Brewhouse!$AS79 -> 93.680021 | J13: =[24]Brewhouse!$AT79 -> 96.9452 | K13: =[24]Brewhouse!$Q79 -> 6.2157221 | L13: =[24]Brewhouse!$P79 -> 61 | M13: =[24]Brewhouse!$U79-[24]Brewhouse!$T79 -> 0.11736111 | N13: =[24]Brewhouse!$AW79 -> 0.25972222 | O13: =[24]Brewhouse!$AV79 -> K. Benjamin | S13: =B13 -> STAG | T13: =VLOOKUP($B13,$S$3:$Y$9,2,FALSE) -> 11.6 | U13: =VLOOKUP($B13,$S$3:$Y$9,3,FALSE) -> 12 | V13: =VLOOKUP($B13,$S$3:$Y$9,4,FALSE) -> 0 | W13: =VLOOKUP($B13,$S$3:$Y$9,5,FALSE) -> 0.11805556 | X13: =VLOOKUP($B13,$S$3:$Y$9,6,FALSE) -> 0.22569444 | Y13: =VLOOKUP($B13,$S$3:$Y$9,7,FALSE) -> 0.26388889 | Z13: =VLOOKUP($B13,$S$3:$AA$9,8,FALSE) -> 0 | AA13: =VLOOKUP($B13,$S$3:$AA$9,9,FALSE) -> 60
B14: STAG | C14: =[24]Brewhouse!$A80 -> ST065 | D14: =[24]Brewhouse!$AD80 -> 53.7 | E14: =[24]Brewhouse!$AG80 -> 50.5 | F14: =[24]Brewhouse!$V80 -> 73 | G14: =[24]Brewhouse!$AE80 -> 11.9 | H14: 12 | I14: =[24]Brewhouse!$AS80 -> 97.133695 | J14: =[24]Brewhouse!$AT80 -> 100.51817 | K14: =[24]Brewhouse!$Q80 -> 6.0218978 | L14: =[24]Brewhouse!$P80 -> 62 | M14: =[24]Brewhouse!$U80-[24]Brewhouse!$T80 -> 0.12361111 | N14: =[24]Brewhouse!$AW80 -> 0.25972222 | O14: =[24]Brewhouse!$AV80 -> R.Regis | S14: =B14 -> STAG | T14: =VLOOKUP($B14,$S$3:$Y$9,2,FALSE) -> 11.6 | U14: =VLOOKUP($B14,$S$3:$Y$9,3,FALSE) -> 12 | V14: =VLOOKUP($B14,$S$3:$Y$9,4,FALSE) -> 0 | W14: =VLOOKUP($B14,$S$3:$Y$9,5,FALSE) -> 0.11805556 | X14: =VLOOKUP($B14,$S$3:$Y$9,6,FALSE) -> 0.22569444 | Y14: =VLOOKUP($B14,$S$3:$Y$9,7,FALSE) -> 0.26388889 | Z14: =VLOOKUP($B14,$S$3:$AA$9,8,FALSE) -> 0 | AA14: =VLOOKUP($B14,$S$3:$AA$9,9,FALSE) -> 60
B15: STAG | C15: =[24]Brewhouse!$A81 -> ST066 | D15: =[24]Brewhouse!$AD81 -> 54.2 | E15: =[24]Brewhouse!$AG81 -> 51.1 | F15: =[24]Brewhouse!$V81 -> 73 | G15: =[24]Brewhouse!$AE81 -> 11.7 | H15: 11.9 | I15: =[24]Brewhouse!$AS81 -> 96.430423 | J15: =[24]Brewhouse!$AT81 -> 99.791466 | K15: =[24]Brewhouse!$Q81 -> 6.1930783 | L15: =[24]Brewhouse!$P81 -> 61 | M15: =[24]Brewhouse!$U81-[24]Brewhouse!$T81 -> 0.13402778 | N15: =[24]Brewhouse!$AW81 -> 0.27152778 | O15: =[24]Brewhouse!$AV81 -> R.Regis | S15: =B15 -> STAG | T15: =VLOOKUP($B15,$S$3:$Y$9,2,FALSE) -> 11.6 | U15: =VLOOKUP($B15,$S$3:$Y$9,3,FALSE) -> 12 | V15: =VLOOKUP($B15,$S$3:$Y$9,4,FALSE) -> 0 | W15: =VLOOKUP($B15,$S$3:$Y$9,5,FALSE) -> 0.11805556 | X15: =VLOOKUP($B15,$S$3:$Y$9,6,FALSE) -> 0.22569444 | Y15: =VLOOKUP($B15,$S$3:$Y$9,7,FALSE) -> 0.26388889 | Z15: =VLOOKUP($B15,$S$3:$AA$9,8,FALSE) -> 0 | AA15: =VLOOKUP($B15,$S$3:$AA$9,9,FALSE) -> 60
S16: =B16 -> 0 | T16: =VLOOKUP($B16,$S$3:$Y$9,2,FALSE) -> #N/A | U16: =VLOOKUP($B16,$S$3:$Y$9,3,FALSE) -> #N/A | V16: =VLOOKUP($B16,$S$3:$Y$9,4,FALSE) -> #N/A | W16: =VLOOKUP($B16,$S$3:$Y$9,5,FALSE) -> #N/A | X16: =VLOOKUP($B16,$S$3:$Y$9,6,FALSE) -> #N/A | Y16: =VLOOKUP($B16,$S$3:$Y$9,7,FALSE) -> #N/A | Z16: =VLOOKUP($B16,$S$3:$AA$9,8,FALSE) -> #N/A | AA16: =VLOOKUP($B16,$S$3:$AA$9,9,FALSE) -> #N/A
S17: =B17 -> 0 | T17: =VLOOKUP($B17,$S$3:$Y$9,2,FALSE) -> #N/A | U17: =VLOOKUP($B17,$S$3:$Y$9,3,FALSE) -> #N/A | V17: =VLOOKUP($B17,$S$3:$Y$9,4,FALSE) -> #N/A | W17: =VLOOKUP($B17,$S$3:$Y$9,5,FALSE) -> #N/A | X17: =VLOOKUP($B17,$S$3:$Y$9,6,FALSE) -> #N/A | Y17: =VLOOKUP($B17,$S$3:$Y$9,7,FALSE) -> #N/A | Z17: =VLOOKUP($B17,$S$3:$AA$9,8,FALSE) -> #N/A | AA17: =VLOOKUP($B17,$S$3:$AA$9,9,FALSE) -> #N/A
S18: =B18 -> 0 | T18: =VLOOKUP($B18,$S$3:$Y$9,2,FALSE) -> #N/A | U18: =VLOOKUP($B18,$S$3:$Y$9,3,FALSE) -> #N/A | V18: =VLOOKUP($B18,$S$3:$Y$9,4,FALSE) -> #N/A | W18: =VLOOKUP($B18,$S$3:$Y$9,5,FALSE) -> #N/A | X18: =VLOOKUP($B18,$S$3:$Y$9,6,FALSE) -> #N/A | Y18: =VLOOKUP($B18,$S$3:$Y$9,7,FALSE) -> #N/A | Z18: =VLOOKUP($B18,$S$3:$AA$9,8,FALSE) -> #N/A | AA18: =VLOOKUP($B18,$S$3:$AA$9,9,FALSE) -> #N/A
S19: =B19 -> 0 | T19: =VLOOKUP($B19,$S$3:$Y$9,2,FALSE) -> #N/A | U19: =VLOOKUP($B19,$S$3:$Y$9,3,FALSE) -> #N/A | V19: =VLOOKUP($B19,$S$3:$Y$9,4,FALSE) -> #N/A | W19: =VLOOKUP($B19,$S$3:$Y$9,5,FALSE) -> #N/A | X19: =VLOOKUP($B19,$S$3:$Y$9,6,FALSE) -> #N/A | Y19: =VLOOKUP($B19,$S$3:$Y$9,7,FALSE) -> #N/A | Z19: =VLOOKUP($B19,$S$3:$AA$9,8,FALSE) -> #N/A | AA19: =VLOOKUP($B19,$S$3:$AA$9,9,FALSE) -> #N/A
S20: =B20 -> 0 | T20: =VLOOKUP($B20,$S$3:$Y$9,2,FALSE) -> #N/A | U20: =VLOOKUP($B20,$S$3:$Y$9,3,FALSE) -> #N/A | V20: =VLOOKUP($B20,$S$3:$Y$9,4,FALSE) -> #N/A | W20: =VLOOKUP($B20,$S$3:$Y$9,5,FALSE) -> #N/A | X20: =VLOOKUP($B20,$S$3:$Y$9,6,FALSE) -> #N/A | Y20: =VLOOKUP($B20,$S$3:$Y$9,7,FALSE) -> #N/A | Z20: =VLOOKUP($B20,$S$3:$AA$9,8,FALSE) -> #N/A | AA20: =VLOOKUP($B20,$S$3:$AA$9,9,FALSE) -> #N/A
I21: EXTRACT RECOVERY
B22: BRAND | D22: BBT P.G./ O.G | I22: Brand | J22: Actual | K22: MTD No. of Brews | L22: MTD | M22: YTD | N22: Target
B23: CARIB | C23: {=[22]Process!$D$160:$D$163} -> 11.89 | D23: 11.83 | I23: CARIB | K23: =COUNTA([22]Brewhouse!$A$173:$A$208) -> 36 | L23: =AVERAGE([22]Brewhouse!$AU$173:$AU$208) -> 95.199156 | M23: =AVERAGE([22]Brewhouse!$AU$102:$AU$171,[22]Brewhouse!$AU$173:$AU$208) -> 94.787667 | N23: 98
C24: 12.04 | I24: STAG | J24: =AVERAGE(I10:I15) -> 96.449618 | K24: =COUNTA([24]Brewhouse!$A$66:$A$81) -> 16 | L24: =AVERAGE([24]Brewhouse!$AS$66:$AS$81) -> 95.724886 | M24: =AVERAGE([24]Brewhouse!$AS$15:$AS$64,[24]Brewhouse!$AS$66:$AS$81) -> 95.991891 | N24: 98
C25: 11.8 | D25: 11.81 | I25: GUINNESS | K25: =COUNTA([23]Brewhouse!$A$9:$A$14) -> 6 | L25: =AVERAGE([23]Brewhouse!$AU$9:$AU$14) -> 96.577361 | M25: =AVERAGE([23]Brewhouse!$AU$4:$AU$7,[23]Brewhouse!$AU$9:$AU$14) -> 96.787192 | N25: 98
C26: 11.83 | I26: VITAMALT | M26: =AVERAGE([25]Brewhouse!$AV$5:$AV$14) -> 97.717673 | N26: 98
C27: {=[24]Process!$D$61:$D$64} -> 11.6 | D27: 11.64 | I27: MAXIMALT | N27: 98
B28: STAG | C28: 11.88 | I28: MACKESON | M28: =AVERAGE([26]Brewhouse!$AT$4:$AT$11) -> 94.812617 | N28: 98
C29: 11.74 | D29: 11.81 | I29: STARMALT | K29: =COUNTA([27]Brewhouse!$A$15:$A$20) -> 6 | L29: =AVERAGE([27]Brewhouse!$AY$15:$AY$20) -> 95.874176 | M29: =AVERAGE([27]Brewhouse!$AY$6:$AY$13,[27]Brewhouse!$AY$15:$AY$20) -> 94.285964 | N29: 98
C30: 11.93 | I30: HR- Pils | M30: =AVERAGE([28]Brewhouse!$AU$5:$AU$8) -> 91.006888 | N30: 98
I31: HR- IPA
I32: HR- APA | N32: 98
K33: =SUM(K23:K32) -> 64 | L33: =((L23*K23)+(L24*K24)+(L25*K25)+(L26*K26)+(L27*K27)+(K30*L30)+(L28*K28)+(L29*K29)+(L32*K32))/(K33) -> 95.523078 | M33: =L33 -> 95.523078 | N33: 98
B35: CARIB | C35: {=[22]Process!$D$164:$D$167} -> 11.94 | D35: 11.81 | J35: Daily Brewing Plan
C36: 11.75 | J36: Brand | K36: Brews Achieved | L36: Average Brews per day
C37: 11.75 | D37: 11.77 | J37: CARIB | L37: MTD | M37: YTD | N37: TARGET
C38: 11.9 | J38: STAG | K38: =COUNTA(B10:B15) -> 6 | L38: =AVERAGE('Feb 3rd'!K79,'Feb 4th'!K77,'Feb 5th'!L68,'Feb 6th'!K75,'Feb 10th'!K69,'Feb 11th'!K68,'Feb 12th'!K70,'Feb 13th'!K69,'Feb 14th'!K47) -> 7 | M38: =AVERAGE('[29]Jan 29th '!$M$70,L38) -> 6.75
J39: GUINN
J40: VITAMALT
J41: STARMALT
J42: MACKESON
J43: HURRICANE REEF- IPA
J44: HURRICANE REEF- APA
B45: AVERAGE | D45: =AVERAGE(D23:E44) -> 11.778333 | J45: HR- PILSNER
J46: CARIBE
J47: Total | K47: =SUM(K37:K46) -> 6
B48: Process: | C48: Fermentation/Filtration
B50: Brand | C50: Filt. Date | D50: FV Hls | E50: GFE/ Prim/ Vita Blend (Hls) | F50: SV Hls | G50: BBT Hls | H50: Loss (%) Ferm | I50: Loss (%) Filt | J50: Comments | K50: Throughput | L50: Process Loss (%) | M50: Filt. Operator
U51: 43466 | V51: 43467 | W51: 43468 | X51: 43469 | Y51: 43470 | Z51: 43471 | AA51: 43472 | AB51: 43473 | AC51: 43474 | AD51: 43475 | AE51: 43476 | AF51: 43477 | AG51: 43478 | AH51: 43479 | AI51: 43480 | AJ51: 43481 | AK51: 43482 | AL51: 43483 | AM51: 43484 | AN51: 43485 | AO51: 43486 | AP51: 43487 | AQ51: 43488 | AR51: 43489 | AS51: 43490 | AT51: 43491 | AU51: 43492 | AV51: 43493 | AW51: 43494 | AX51: 43495 | AY51: 43496
B52: CARIB | C52: 45702 | D52: =[30]February_2025!$Q$3 -> 193.3 | G52: =[30]February_2025!$Q$7 -> 171.4 | J52: 1 Break | K52: =[32]February_2025!$Q$18 -> 0.62421053 | L52: =(((D52+E52)-G52)/(D52+E52))*100 -> 11.32954 | M52: D. Emery
T53: Throughput | U53: =[20]January_2019!D6 -> 0 | V53: =[20]January_2019!E6 -> 0 | W53: =[20]January_2019!F6 -> 0 | X53: =[20]January_2019!G6 -> 0 | Y53: =[20]January_2019!H6 -> 0 | Z53: =[20]January_2019!I6 -> 0 | AA53: =[20]January_2019!J6 -> 0 | AB53: =[20]January_2019!K6 -> 0 | ... AY53: =[20]January_2019!AH6 -> 0
B54: STAG | C54: 45702 | D54: =[30]February_2025!$Q$13 -> 198.6 | F54: =SUM([31]STAG!$L$38:$L$41) -> 193.5 | G54: =[30]February_2025!$Q$17 -> 184.4 | H54: =(D54-F54)/D54*100 -> 2.5679758 | I54: =((F54+E54)-G54)/(F54+E54)*100 -> 4.7028424 | J54: 1 Break | K54: =[32]February_2025!$Q$25 -> 0.62421053 | L54: =(((D54+E54)-G54)/(D54+E54))*100 -> 7.1500504 | M54: D. Emery | T54: hls
T55: Throughput | U55: =[20]January_2019!D8 -> #DIV/0! | V55: =[20]January_2019!E8 -> 1.0319298 | W55: =[20]January_2019!F8 -> 1.7789474 | X55: =[20]January_2019!G8 -> 0.51929825 | Y55: =[20]January_2019!H8 -> #DIV/0! | Z55: =[20]January_2019!I8 -> #DIV/0! | AA55: =[20]January_2019!J8 -> 1.3652632 | AB55: =[20]January_2019!K8 -> #DIV/0! | ... AY55: =[20]January_2019!AH8 -> #DIV/0!
B56: =J37 -> CARIB | C56: 45702 | D56: =[30]February_2025!$R$3 -> 211.8 | G56: =[30]February_2025!$R$7 -> 201.5 | J56: 1 Break | K56: =[32]February_2025!$R$18 -> 0.35350877 | L56: =(((D56+E56)-G56)/(D56+E56))*100 -> 4.8630784 | M56: K. Hosten
B61: Process Loss (Volume) | G61: Process Loss (Extract) | K61: Throughput
B62: Brand | C62: Actual | D62: MTD | E62: YTD | F62: Target | G62: Actual | H62: MTD | I62: YTD | J62: Target | K62: Actual | L62: MTD | M62: YTD | N62: Target
B63: CARIB | C63: =AVERAGE(L52,L56) -> 8.096309 | D63: 6.5669589 | E63: 7.078118 | F63: 4.8 | G63: =AVERAGE([30]February_2025!$Q$11:$R$11) -> 8.8110622 | H63: 7.2365938 | I63: 7.7421949 | J63: 4.8 | K63: =AVERAGE(K52,K56) -> 0.48885965 | L63: 0.61426084 | M63: 0.84506946 | N63: 1
B64: STAG | C64: =L54 -> 7.1500504 | D64: 6.624117 | E64: 6.9795477 | F64: 4.8 | G64: =[30]February_2025!$Q$21 -> 7.677179 | H64: 6.5438308 | I64: 6.7059092 | J64: 4.8 | K64: =K54 -> 0.62421053 | L64: 0.61918201 | M64: 0.75354343 | N64: 1
B65: GUINN | D65: 18.104406 | E65: 10.644922 | F65: 5.5 | H65: 20.086279 | I65: 15.811421 | J65: 5.5 | L65: 0.31152047 | M65: 0.45707602 | N65: 1
B66: VITAMALT | E66: 3.405687 | F66: 3.3 | I66: 5.1745103 | J66: 3.3 | M66: 0.84666667 | N66: 1
B67: MAXIMALT | E67: 8.8295688 | F67: 3.3 | J67: 3 | N67: 1
B68: MACKESON | E68: 9.969885 | F68: =[21]May_2022!$M$43 -> 3.4878407 | I68: 10.607236 | J68: 5.5 | M68: 0.66824561 | N68: 1
B69: STARMALT | D69: 3.3333333 | E69: 9.7384319 | F69: 3.3 | H69: 5.2583423 | I69: 4.5833714 | J69: 3.3 | L69: 1.0053333 | M69: 0.80425287 | N69: 1
B70: HURRICANE REEF | E70: 14.011128 | F70: 7.5 | J70: 7.5 | N70: 1
B71: HR- PILSNER | D71: 4.8792509 | E71: 13.96887 | F71: 5.5 | H71: 6.2003724 | I71: 6.2003724 | J71: 5.5 | L71: 1 | M71: 0.67719298 | N71: 1
D72: 13.96887 | E72: 7.3600397 | F72: 4.5 | H72: 9.7308569 | I72: 8.2048261 | J72: 5 | L72: 0.5580643 | M72: 0.5580643 | N72: 1
AD85: :

Sheet Feb 17th
T1: P.G. | V1: Hot Time | X1: Process Time | Z1: Cooling Time
B2: Brewing Department Daily Process Loss Report | T2: Lower | U2: Upper | V2: Lower | W2: Upper | X2: Lower | Y2: Upper | Z2: Lower | AA2: Upper
S3: CARIB | T3: 11.6 | U3: 12 | V3: 0 | W3: 0.11805556 | X3: 0.22569444 | Y3: 0.26388889 | Z3: 0 | AA3: 60 | AC3: HR- PISNER
B4: Date: | C4: 45702 | J4: LOT WORT COLOUR: 3.5 | M4: Filter Sheets (Target 20 days) | S4: STAG | T4: 11.6 | U4: 12 | V4: 0 | W4: 0.11805556 | X4: 0.22569444 | Y4: 0.26388889 | Z4: 0 | AA4: 60
M5: Double | N5: Single | S5: GUINNESS | T5: 17 | U5: 17.5 | V5: 0 | W5: 0.10763889 | X5: 0.24652778 | Y5: 0.28472222 | Z5: 0 | AA5: 60
J6: MALT LOT: Lot 24 | L6: Sheet Day | M6: 22 | N6: 22 | S6: MACKESON | T6: 13.3 | U6: 13.5 | V6: 0 | W6: 0.12905093 | X6: 0.27430556 | Y6: 0.30208333 | Z6: 0
S7: STARMALT | T7: 17.1 | U7: 17.5 | V7: 0 | W7: 0.13605324 | X7: 0.27430556 | Y7: 0.30902778 | Z7: 0 | AA7: 60
B8: Brand | C8: Brew no. | D8: Kett. Hls | E8: Wort | F8: Cool Time(Mins) | G8: Cast. P.G. (Lab Result) | H8: Cast P.G. (Cellar Operator)-gravity | I8: Extr. Rec (80.9%) | J8: Theor. Extr. (77.5%) | K8: Boil Off /Vol. (4-6%) | L8: Boil Time | M8: Total Hot | N8: Brewing | O8: Operator | P8: Comments | Q8: Actual Pilsen Malt | S8: Hurricane Reef | T8: 16.6 | U8: 17 | V8: 0 | W8: 0.12905093 | X8: 0.27430556 | Y8: 0.30208333 | Z8: 0
E9: Meter (Hls) | F9: Target(< 60Mins) | M9: Time | S9: VITAMALT | T9: 14.4 | U9: 14.6 | V9: 0 | W9: 0.13905093 | X9: 0.26041667 | Y9: 0.29513889 | Z9: 0 | AA9: 75
B10: CARIB | C10: =[22]Brewhouse!$A209 -> CA107 | D10: =[22]Brewhouse!$AF209 -> 53.3 | E10: =[22]Brewhouse!$AI209 -> 48.9 | F10: =[22]Brewhouse!$V209 -> 58 | G10: =[22]Brewhouse!$AG209 -> 12.06 | H10: 12 | I10: =[22]Brewhouse!$AU209 -> 96.72517 | J10: =[22]Brewhouse!$AV209 -> 100.78561 | K10: =[22]Brewhouse!$Q209 -> 6.9875223 | L10: =[22]Brewhouse!$P209 -> 60 | M10: =[22]Brewhouse!$U209-[22]Brewhouse!$T209 -> 0.11041667 | N10: =[22]Brewhouse!$Z209 -> 0.25763889 | O10: =[22]Brewhouse!$AX209 -> R. Regis | S10: =B10 -> CARIB | T10: =VLOOKUP($B10,$S$3:$Y$9,2,FALSE) -> 11.6 | U10: =VLOOKUP($B10,$S$3:$Y$9,3,FALSE) -> 12 | V10: =VLOOKUP($B10,$S$3:$Y$9,4,FALSE) -> 0 | W10: =VLOOKUP($B10,$S$3:$Y$9,5,FALSE) -> 0.11805556 | X10: =VLOOKUP($B10,$S$3:$Y$9,6,FALSE) -> 0.22569444 | Y10: =VLOOKUP($B10,$S$3:$Y$9,7,FALSE) -> 0.26388889 | Z10: =VLOOKUP($B10,$S$3:$AA$9,8,FALSE) -> 0 | AA10: =VLOOKUP($B10,$S$3:$AA$9,9,FALSE) -> 60
B11: CARIB | C11: =[22]Brewhouse!$A210 -> CA108 | D11: =[22]Brewhouse!$AF210 -> 54.6 | E11: =[22]Brewhouse!$AI210 -> 51.1 | F11: =[22]Brewhouse!$V210 -> 64 | G11: =[22]Brewhouse!$AG210 -> 11.9 | H11: 11.9 | I11: =[22]Brewhouse!$AU210 -> 99.447332 | J11: =[22]Brewhouse!$AV210 -> 103.62181 | K11: =[22]Brewhouse!$Q210 -> 6.9380531 | L11: =[22]Brewhouse!$P210 -> 61 | M11: =[22]Brewhouse!$U210-[22]Brewhouse!$T210 -> 0.11388889 | N11: =[22]Brewhouse!$Z210 -> 0.25416667 | O11: =[22]Brewhouse!$AX210 -> R. Regis | S11: =B11 -> CARIB | T11: =VLOOKUP($B11,$S$3:$Y$9,2,FALSE) -> 11.6 | U11: =VLOOKUP($B11,$S$3:$Y$9,3,FALSE) -> 12 | V11: =VLOOKUP($B11,$S$3:$Y$9,4,FALSE) -> 0 | W11: =VLOOKUP($B11,$S$3:$Y$9,5,FALSE) -> 0.11805556 | X11: =VLOOKUP($B11,$S$3:$Y$9,6,FALSE) -> 0.22569444 | Y11: =VLOOKUP($B11,$S$3:$Y$9,7,FALSE) -> 0.26388889 | Z11: =VLOOKUP($B11,$S$3:$AA$9,8,FALSE) -> 0 | AA11: =VLOOKUP($B11,$S$3:$AA$9,9,FALSE) -> 60
B12: CARIB | C12: =[22]Brewhouse!$A211 -> CA109 | D12: =[22]Brewhouse!$AF211 -> 54.6 | E12: =[22]Brewhouse!$AI211 -> 51.2 | F12: =[22]Brewhouse!$V211 -> 61 | G12: =[22]Brewhouse!$AG211 -> 11.8 | H12: 11.8 | I12: =[22]Brewhouse!$AU211 -> 99.011995 | J12: =[22]Brewhouse!$AV211 -> 103.16772 | K12: =[22]Brewhouse!$Q211 -> 5.4316547 | L12: =[22]Brewhouse!$P211 -> 61 | M12: =[22]Brewhouse!$U211-[22]Brewhouse!$T211 -> 0.1125 | N12: =[22]Brewhouse!$Z211 -> 0.25277778 | O12: =[22]Brewhouse!$AX211 -> R. Sookram | S12: =B12 -> CARIB | T12: =VLOOKUP($B12,$S$3:$Y$9,2,FALSE) -> 11.6 | U12: =VLOOKUP($B12,$S$3:$Y$9,3,FALSE) -> 12 | V12: =VLOOKUP($B12,$S$3:$Y$9,4,FALSE) -> 0 | W12: =VLOOKUP($B12,$S$3:$Y$9,5,FALSE) -> 0.11805556 | X12: =VLOOKUP($B12,$S$3:$Y$9,6,FALSE) -> 0.22569444 | Y12: =VLOOKUP($B12,$S$3:$Y$9,7,FALSE) -> 0.26388889 | Z12: =VLOOKUP($B12,$S$3:$AA$9,8,FALSE) -> 0 | AA12: =VLOOKUP($B12,$S$3:$AA$9,9,FALSE) -> 60
B13: CARIB | C13: =[22]Brewhouse!$A212 -> CA110 | D13: =[22]Brewhouse!$AF212 -> 53.7 | E13: =[22]Brewhouse!$AI212 -> 50.3 | F13: =[22]Brewhouse!$V212 -> 62 | G13: =[22]Brewhouse!$AG212 -> 11.7 | H13: 11.7 | I13: =[22]Brewhouse!$AU212 -> 93.718965 | J13: =[22]Brewhouse!$AV212 -> 97.657569 | K13: =[22]Brewhouse!$Q212 -> 3.3211679 | L13: =[22]Brewhouse!$P212 -> 57 | M13: =[22]Brewhouse!$U212-[22]Brewhouse!$T212 -> 0.10416667 | N13: =[22]Brewhouse!$Z212 -> 0.26736111 | O13: =[22]Brewhouse!$AX212 -> R. Sookram | S13: =B13 -> CARIB | T13: =VLOOKUP($B13,$S$3:$Y$9,2,FALSE) -> 11.6 | U13: =VLOOKUP($B13,$S$3:$Y$9,3,FALSE) -> 12 | V13: =VLOOKUP($B13,$S$3:$Y$9,4,FALSE) -> 0 | W13: =VLOOKUP($B13,$S$3:$Y$9,5,FALSE) -> 0.11805556 | X13: =VLOOKUP($B13,$S$3:$Y$9,6,FALSE) -> 0.22569444 | Y13: =VLOOKUP($B13,$S$3:$Y$9,7,FALSE) -> 0.26388889 | Z13: =VLOOKUP($B13,$S$3:$AA$9,8,FALSE) -> 0 | AA13: =VLOOKUP($B13,$S$3:$AA$9,9,FALSE) -> 60
B14: CARIB | C14: =[22]Brewhouse!$A213 -> CA111 | D14: =[22]Brewhouse!$AF213 -> 53.7 | E14: =[22]Brewhouse!$AI213 -> 50.2 | F14: =[22]Brewhouse!$V213 -> 68 | G14: =[22]Brewhouse!$AG213 -> 11.89 | H14: 11.8 | I14: =[22]Brewhouse!$AU213 -> 95.168473 | J14: =[22]Brewhouse!$AV213 -> 99.167994 | K14: =[22]Brewhouse!$Q213 -> 6.2300885 | L14: =[22]Brewhouse!$P213 -> 57 | M14: =[22]Brewhouse!$U213-[22]Brewhouse!$T213 -> 0.11736111 | N14: =[22]Brewhouse!$Z213 -> 0.275 | O14: =[22]Brewhouse!$AX213 -> R. Sookram | S14: =B14 -> CARIB | T14: =VLOOKUP($B14,$S$3:$Y$9,2,FALSE) -> 11.6 | U14: =VLOOKUP($B14,$S$3:$Y$9,3,FALSE) -> 12 | V14: =VLOOKUP($B14,$S$3:$Y$9,4,FALSE) -> 0 | W14: =VLOOKUP($B14,$S$3:$Y$9,5,FALSE) -> 0.11805556 | X14: =VLOOKUP($B14,$S$3:$Y$9,6,FALSE) -> 0.22569444 | Y14: =VLOOKUP($B14,$S$3:$Y$9,7,FALSE) -> 0.26388889 | Z14: =VLOOKUP($B14,$S$3:$AA$9,8,FALSE) -> 0 | AA14: =VLOOKUP($B14,$S$3:$AA$9,9,FALSE) -> 60
B15: CARIB | C15: =[22]Brewhouse!$A214 -> CA112 | D15: =[22]Brewhouse!$AF214 -> 53.9 | E15: =[22]Brewhouse!$AI214 -> 50.5 | F15: =[22]Brewhouse!$V214 -> 68 | G15: =[22]Brewhouse!$AG214 -> 11.76 | H15: 11.8 | I15: =[22]Brewhouse!$AU214 -> 94.541945 | J15: =[22]Brewhouse!$AV214 -> 98.515776 | K15: =[22]Brewhouse!$Q214 -> 5.5417407 | L15: =[22]Brewhouse!$P214 -> 60 | M15: =[22]Brewhouse!$U214-[22]Brewhouse!$T214 -> 0.11388889 | N15: =[22]Brewhouse!$Z214 -> 0.27986111 | O15: =[22]Brewhouse!$AX214 -> K.Benjamin | S15: =B15 -> CARIB | T15: =VLOOKUP($B15,$S$3:$Y$9,2,FALSE) -> 11.6 | U15: =VLOOKUP($B15,$S$3:$Y$9,3,FALSE) -> 12 | V15: =VLOOKUP($B15,$S$3:$Y$9,4,FALSE) -> 0 | W15: =VLOOKUP($B15,$S$3:$Y$9,5,FALSE) -> 0.11805556 | X15: =VLOOKUP($B15,$S$3:$Y$9,6,FALSE) -> 0.22569444 | Y15: =VLOOKUP($B15,$S$3:$Y$9,7,FALSE) -> 0.26388889 | Z15: =VLOOKUP($B15,$S$3:$AA$9,8,FALSE) -> 0 | AA15: =VLOOKUP($B15,$S$3:$AA$9,9,FALSE) -> 60
B16: CARIB | C16: =[22]Brewhouse!$A215 -> CA113 | D16: =[22]Brewhouse!$AF215 -> 55.5 | E16: =[22]Brewhouse!$AI215 -> 52 | F16: =[22]Brewhouse!$V215 -> 75 | G16: =[22]Brewhouse!$AG215 -> 11.87 | H16: 11.8 | I16: =[22]Brewhouse!$AU215 -> 98.338606 | J16: =[22]Brewhouse!$AV215 -> 102.4718 | K16: =[22]Brewhouse!$Q215 -> 4.6371681 | L16: =[22]Brewhouse!$P215 -> 61 | M16: =[22]Brewhouse!$U215-[22]Brewhouse!$T215 -> 0.1375 | N16: =[22]Brewhouse!$Z215 -> 0.29236111 | O16: =[22]Brewhouse!$AX215 -> K.Benjamin | S16: =B16 -> CARIB | T16: =VLOOKUP($B16,$S$3:$Y$9,2,FALSE) -> 11.6 | U16: =VLOOKUP($B16,$S$3:$Y$9,3,FALSE) -> 12 | V16: =VLOOKUP($B16,$S$3:$Y$9,4,FALSE) -> 0 | W16: =VLOOKUP($B16,$S$3:$Y$9,5,FALSE) -> 0.11805556 | X16: =VLOOKUP($B16,$S$3:$Y$9,6,FALSE) -> 0.22569444 | Y16: =VLOOKUP($B16,$S$3:$Y$9,7,FALSE) -> 0.26388889 | Z16: =VLOOKUP($B16,$S$3:$AA$9,8,FALSE) -> 0 | AA16: =VLOOKUP($B16,$S$3:$AA$9,9,FALSE) -> 60
B17: CARIB | C17: =[22]Brewhouse!$A216 -> CA114 | D17: =[22]Brewhouse!$AF216 -> 55.6 | E17: =[22]Brewhouse!$AI216 -> 52.1 | F17: =[22]Brewhouse!$V216 -> 72 | G17: =[22]Brewhouse!$AG216 -> 11.94 | H17: 11.7 | I17: =[22]Brewhouse!$AU216 -> 98.527718 | J17: =[22]Brewhouse!$AV216 -> 102.66886 | K17: =[22]Brewhouse!$Q216 -> 2.6950355 | L17: =[22]Brewhouse!$P216 -> 59 | M17: =[22]Brewhouse!$U216-[22]Brewhouse!$T216 -> 0.11666667 | N17: =[22]Brewhouse!$Z216 -> 0.27291667 | O17: =[22]Brewhouse!$AX216 -> K.Benjamin | S17: =B17 -> CARIB | T17: =VLOOKUP($B17,$S$3:$Y$9,2,FALSE) -> 11.6 | U17: =VLOOKUP($B17,$S$3:$Y$9,3,FALSE) -> 12 | V17: =VLOOKUP($B17,$S$3:$Y$9,4,FALSE) -> 0 | W17: =VLOOKUP($B17,$S$3:$Y$9,5,FALSE) -> 0.11805556 | X17: =VLOOKUP($B17,$S$3:$Y$9,6,FALSE) -> 0.22569444 | Y17: =VLOOKUP($B17,$S$3:$Y$9,7,FALSE) -> 0.26388889 | Z17: =VLOOKUP($B17,$S$3:$AA$9,8,FALSE) -> 0 | AA17: =VLOOKUP($B17,$S$3:$AA$9,9,FALSE) -> 60
S18: =B18 -> 0 | T18: =VLOOKUP($B18,$S$3:$Y$9,2,FALSE) -> #N/A | U18: =VLOOKUP($B18,$S$3:$Y$9,3,FALSE) -> #N/A | V18: =VLOOKUP($B18,$S$3:$Y$9,4,FALSE) -> #N/A | W18: =VLOOKUP($B18,$S$3:$Y$9,5,FALSE) -> #N/A | X18: =VLOOKUP($B18,$S$3:$Y$9,6,FALSE) -> #N/A | Y18: =VLOOKUP($B18,$S$3:$Y$9,7,FALSE) -> #N/A | Z18: =VLOOKUP($B18,$S$3:$AA$9,8,FALSE) -> #N/A | AA18: =VLOOKUP($B18,$S$3:$AA$9,9,FALSE) -> #N/A
B19: VITAMALT | C19: =[25]Brewhouse!A16 -> VM011 | D19: =[25]Brewhouse!AE26 -> 0 | E19: =[25]Brewhouse!AJ16 -> 47.5 | F19: =[25]Brewhouse!X16 -> 84 | G19: =[25]Brewhouse!AH16 -> 14.4 | H19: 14.21 | I19: =[25]Brewhouse!AV16 -> 96.495371 | J19: =[25]Brewhouse!AW16 -> 97.343546 | K19: =[25]Brewhouse!S16 -> 6.1509434 | L19: =[25]Brewhouse!R16 -> 59 | M19: =[25]Brewhouse!$W16-[25]Brewhouse!$V16 -> 0.13958333 | N19: =[25]Brewhouse!AB26 -> 0 | O19: =[25]Brewhouse!$AZ26 -> 0 | S19: =B19 -> VITAMALT | T19: =VLOOKUP($B19,$S$3:$Y$9,2,FALSE) -> 14.4 | U19: =VLOOKUP($B19,$S$3:$Y$9,3,FALSE) -> 14.6 | V19: =VLOOKUP($B19,$S$3:$Y$9,4,FALSE) -> 0 | W19: =VLOOKUP($B19,$S$3:$Y$9,5,FALSE) -> 0.13905093 | X19: =VLOOKUP($B19,$S$3:$Y$9,6,FALSE) -> 0.26041667 | Y19: =VLOOKUP($B19,$S$3:$Y$9,7,FALSE) -> 0.29513889 | Z19: =VLOOKUP($B19,$S$3:$AA$9,8,FALSE) -> 0 | AA19: =VLOOKUP($B19,$S$3:$AA$9,9,FALSE) -> 75
S20: =B20 -> 0 | T20: =VLOOKUP($B20,$S$3:$Y$9,2,FALSE) -> #N/A | U20: =VLOOKUP($B20,$S$3:$Y$9,3,FALSE) -> #N/A | V20: =VLOOKUP($B20,$S$3:$Y$9,4,FALSE) -> #N/A | W20: =VLOOKUP($B20,$S$3:$Y$9,5,FALSE) -> #N/A | X20: =VLOOKUP($B20,$S$3:$Y$9,6,FALSE) -> #N/A | Y20: =VLOOKUP($B20,$S$3:$Y$9,7,FALSE) -> #N/A | Z20: =VLOOKUP($B20,$S$3:$AA$9,8,FALSE) -> #N/A | AA20: =VLOOKUP($B20,$S$3:$AA$9,9,FALSE) -> #N/A
I21: EXTRACT RECOVERY
B22: BRAND | D22: BBT P.G./ O.G | I22: Brand | J22: Actual | K22: MTD No. of Brews | L22: MTD | M22: YTD | N22: Target
B23: CARIB | C23: {=[22]Process!$D$168:$D$171} -> 11.8 | D23: 11.79 | I23: CARIB | J23: =AVERAGE(I10:I17) -> 96.935026 | K23: =COUNTA([22]Brewhouse!$A$173:$A$216) -> 44 | L23: =AVERAGE([22]Brewhouse!$AU$173:$AU$216) -> 95.514769 | M23: =AVERAGE([22]Brewhouse!$AU$102:$AU$171,[22]Brewhouse!$AU$173:$AU$216) -> 94.938359 | N23: 98
C24: 11.95 | I24: STAG | K24: =COUNTA([24]Brewhouse!$A$66:$A$81) -> 16 | L24: =AVERAGE([24]Brewhouse!$AS$66:$AS$81) -> 95.724886 | M24: =AVERAGE([24]Brewhouse!$AS$15:$AS$64,[24]Brewhouse!$AS$66:$AS$81) -> 95.991891 | N24: 98
C25: 11.97 | D25: 11.86 | I25: GUINNESS | K25: =COUNTA([23]Brewhouse!$A$9:$A$14) -> 6 | L25: =AVERAGE([23]Brewhouse!$AU$9:$AU$14) -> 96.577361 | M25: =AVERAGE([23]Brewhouse!$AU$4:$AU$7,[23]Brewhouse!$AU$9:$AU$14) -> 96.787192 | N25: 98
C26: 12 | I26: VITAMALT | M26: =AVERAGE([25]Brewhouse!$AV$5:$AV$14) -> 97.717673 | N26: 98
I27: MAXIMALT | N27: 98
I28: MACKESON | M28: =AVERAGE([26]Brewhouse!$AT$4:$AT$11) -> 94.812617 | N28: 98
I29: STARMALT | K29: =COUNTA([27]Brewhouse!$A$15:$A$20) -> 6 | L29: =AVERAGE([27]Brewhouse!$AY$15:$AY$20) -> 95.874176 | M29: =AVERAGE([27]Brewhouse!$AY$6:$AY$13,[27]Brewhouse!$AY$15:$AY$20) -> 94.285964 | N29: 98
I30: HR- Pils | M30: =AVERAGE([28]Brewhouse!$AU$5:$AU$8) -> 91.006888 | N30: 98
I31: HR- IPA
I32: HR- APA | N32: 98
K33: =SUM(K23:K32) -> 72 | L33: =((L23*K23)+(L24*K24)+(L25*K25)+(L26*K26)+(L27*K27)+(K30*L30)+(L28*K28)+(L29*K29)+(L32*K32))/(K33) -> 95.679961 | M33: =L33 -> 95.679961 | N33: 98
B35: CARIBE | J35: Daily Brewing Plan
J36: Brand | K36: Brews Achieved | L36: Average Brews per day
J37: CARIB | K37: =COUNTA(B10:B17) -> 8 | L37: MTD | M37: YTD | N37: TARGET
J38: STAG | L38: =AVERAGE('Feb 3rd'!K79,'Feb 4th'!K77,'Feb 5th'!L68,'Feb 6th'!K75,'Feb 10th'!K69,'Feb 11th'!K68,'Feb 12th'!K70,'Feb 13th'!K69,'Feb 14th'!K47,'Feb 17th'!K47) -> 7.2 | M38: =AVERAGE('[29]Jan 29th '!$M$70,L38) -> 6.85
J39: GUINN
J40: VITAMALT | K40: =COUNTA(B19) -> 1
J41: STARMALT
J42: MACKESON
J43: HURRICANE REEF- IPA
J44: HURRICANE REEF- APA
B45: AVERAGE | D45: =AVERAGE(D23:E44) -> 11.825 | J45: HR- PILSNER
J46: CARIBE
J47: Total | K47: =SUM(K37:K46) -> 9
B48: Process: | C48: Fermentation/Filtration
B50: Brand | C50: Filt. Date | D50: FV Hls | E50: GFE/ Prim/ Vita Blend (Hls) | F50: SV Hls | G50: BBT Hls | H50: Loss (%) Ferm | I50: Loss (%) Filt | J50: Comments | K50: Throughput | L50: Process Loss (%) | M50: Filt. Operator
U51: 43466 | V51: 43467 | W51: 43468 | X51: 43469 | Y51: 43470 | Z51: 43471 | AA51: 43472 | AB51: 43473 | AC51: 43474 | AD51: 43475 | AE51: 43476 | AF51: 43477 | AG51: 43478 | AH51: 43479 | AI51: 43480 | AJ51: 43481 | AK51: 43482 | AL51: 43483 | AM51: 43484 | AN51: 43485 | AO51: 43486 | AP51: 43487 | AQ51: 43488 | AR51: 43489 | AS51: 43490 | AT51: 43491 | AU51: 43492 | AV51: 43493 | AW51: 43494 | AX51: 43495 | AY51: 43496
B52: CARIB | C52: 45702 | D52: =[30]February_2025!$T$3 -> 198.1 | G52: =[30]February_2025!$T$7 -> 177.8 | J52: NO Break | K52: =[32]February_2025!$T$18 -> 0.62385965 | L52: =(((D52+E52)-G52)/(D52+E52))*100 -> 10.24735 | M52: D. Emery
T53: Throughput | U53: =[20]January_2019!D6 -> 0 | V53: =[20]January_2019!E6 -> 0 | W53: =[20]January_2019!F6 -> 0 | X53: =[20]January_2019!G6 -> 0 | Y53: =[20]January_2019!H6 -> 0 | Z53: =[20]January_2019!I6 -> 0 | AA53: =[20]January_2019!J6 -> 0 | AB53: =[20]January_2019!K6 -> 0 | ... AY53: =[20]January_2019!AH6 -> 0
T54: hls
T55: Throughput | U55: =[20]January_2019!D8 -> #DIV/0! | V55: =[20]January_2019!E8 -> 1.0319298 | W55: =[20]January_2019!F8 -> 1.7789474 | X55: =[20]January_2019!G8 -> 0.51929825 | Y55: =[20]January_2019!H8 -> #DIV/0! | Z55: =[20]January_2019!I8 -> #DIV/0! | AA55: =[20]January_2019!J8 -> 1.3652632 | AB55: =[20]January_2019!K8 -> #DIV/0! | ... AY55: =[20]January_2019!AH8 -> #DIV/0!
B61: Process Loss (Volume) | G61: Process Loss (Extract) | K61: Throughput
B62: Brand | C62: Actual | D62: MTD | E62: YTD | F62: Target | G62: Actual | H62: MTD | I62: YTD | J62: Target | K62: Actual | L62: MTD | M62: YTD | N62: Target
B63: CARIB | C63: =L52 -> 10.24735 | D63: 6.5669589 | E63: 7.078118 | F63: 4.8 | G63: =[30]February_2025!$T$11 -> 11.038439 | H63: 7.2365938 | I63: 7.7421949 | J63: 4.8 | K63: =K52 -> 0.62385965 | L63: 0.61426084 | M63: 0.84506946 | N63: 1
B64: STAG | D64: 6.624117 | E64: 6.9795477 | F64: 4.8 | H64: 6.5438308 | I64: 6.7059092 | J64: 4.8 | L64: 0.61918201 | M64: 0.75354343 | N64: 1
B65: GUINN | D65: 18.104406 | E65: 10.644922 | F65: 5.5 | H65: 20.086279 | I65: 15.811421 | J65: 5.5 | L65: 0.31152047 | M65: 0.45707602 | N65: 1
B66: VITAMALT | E66: 3.405687 | F66: 3.3 | I66: 5.1745103 | J66: 3.3 | M66: 0.84666667 | N66: 1
B67: MAXIMALT | E67: 8.8295688 | F67: 3.3 | J67: 3 | N67: 1
B68: MACKESON | E68: 9.969885 | F68: =[21]May_2022!$M$43 -> 3.4878407 | I68: 10.607236 | J68: 5.5 | M68: 0.66824561 | N68: 1
B69: STARMALT | D69: 3.3333333 | E69: 9.7384319 | F69: 3.3 | H69: 5.2583423 | I69: 4.5833714 | J69: 3.3 | L69: 1.0053333 | M69: 0.80425287 | N69: 1
B70: HURRICANE REEF | E70: 14.011128 | F70: 7.5 | J70: 7.5 | N70: 1
B71: HR- PILSNER | D71: 4.8792509 | E71: 13.96887 | F71: 5.5 | H71: 6.2003724 | I71: 6.2003724 | J71: 5.5 | L71: 1 | M71: 0.67719298 | N71: 1
D72: 13.96887 | E72: 7.3600397 | F72: 4.5 | H72: 9.7308569 | I72: 8.2048261 | J72: 5 | L72: 0.5580643 | M72: 0.5580643 | N72: 1
AD85: :

Sheet Feb 18th
T1: P.G. | V1: Hot Time | X1: Process Time | Z1: Cooling Time
B2: Brewing Department Daily Process Loss Report | T2: Lower | U2: Upper | V2: Lower | W2: Upper | X2: Lower | Y2: Upper | Z2: Lower | AA2: Upper
S3: CARIB | T3: 11.6 | U3: 12 | V3: 0 | W3: 0.11805556 | X3: 0.22569444 | Y3: 0.26388889 | Z3: 0 | AA3: 60 | AC3: HR- PISNER
B4: Date: | C4: 45706 | J4: LOT WORT COLOUR: 3.5 | M4: Filter Sheets (Target 20 days) | S4: STAG | T4: 11.6 | U4: 12 | V4: 0 | W4: 0.11805556 | X4: 0.22569444 | Y4: 0.26388889 | Z4: 0 | AA4: 60
M5: Double | N5: Single | S5: GUINNESS | T5: 17 | U5: 17.5 | V5: 0 | W5: 0.10763889 | X5: 0.24652778 | Y5: 0.28472222 | Z5: 0 | AA5: 60
J6: MALT LOT: Lot 24 | L6: Sheet Day | M6: 22 | N6: 22 | S6: MACKESON | T6: 13.3 | U6: 13.5 | V6: 0 | W6: 0.12905093 | X6: 0.27430556 | Y6: 0.30208333 | Z6: 0
S7: STARMALT | T7: 17.1 | U7: 17.5 | V7: 0 | W7: 0.13605324 | X7: 0.27430556 | Y7: 0.30902778 | Z7: 0 | AA7: 60
