Workbook
Name Products: #REF!
Name Products: #REF!
Name Products: #REF!
Name Products: #REF!
Name Products: #REF!
Name Products: #REF!
Name Products: #REF!

Sheet MTD Performance
C2: FTR OVERALL PERFORMANCE ACHIEVEMENT
C3: January | D3: February | E3: March | F3: April | G3: May | H3: June | I3: July | J3: August | K3: September | L3: October | M3: November | N3: December | O3: YTD
B4: R. Regis | C4: =AVERAGEIF('FTR Brewhouse'!$J$17:$J$19,'MTD Performance'!$B4,'FTR Brewhouse'!$I$17:$I$19) -> #DIV/0! | D4: =AVERAGEIF('FTR Brewhouse'!#REF!,'MTD Performance'!$B4,'FTR Brewhouse'!#REF!) -> #REF! | E4: =AVERAGEIF('FTR Brewhouse'!#REF!,'MTD Performance'!$B4,'FTR Brewhouse'!#REF!) -> #REF! | F4: =AVERAGEIF('FTR Brewhouse'!#REF!,'MTD Performance'!$B4,'FTR Brewhouse'!#REF!) -> #REF! | G4: =AVERAGEIF('FTR Brewhouse'!#REF!,'MTD Performance'!$B4,'FTR Brewhouse'!#REF!) -> #REF! | H4: =AVERAGEIF('FTR Brewhouse'!#REF!,'MTD Performance'!$B4,'FTR Brewhouse'!#REF!) -> #REF! | J4: =AVERAGEIF('FTR Brewhouse'!#REF!,'MTD Performance'!$B4,'FTR Brewhouse'!#REF!) -> #REF! | O4: =AVERAGE(C4:N4) -> #DIV/0!
B5: J.Greenidge | C5: =AVERAGEIF('FTR Brewhouse'!$J$17:$J$19,'MTD Performance'!$B5,'FTR Brewhouse'!$I$17:$I$19) -> #DIV/0! | D5: =AVERAGEIF('FTR Brewhouse'!#REF!,'MTD Performance'!$B5,'FTR Brewhouse'!#REF!) -> #REF! | E5: =AVERAGEIF('FTR Brewhouse'!#REF!,'MTD Performance'!$B5,'FTR Brewhouse'!#REF!) -> #REF! | F5: =AVERAGEIF('FTR Brewhouse'!#REF!,'MTD Performance'!$B5,'FTR Brewhouse'!#REF!) -> #REF! | G5: =AVERAGEIF('FTR Brewhouse'!#REF!,'MTD Performance'!$B5,'FTR Brewhouse'!#REF!) -> #REF! | H5: =AVERAGEIF('FTR Brewhouse'!#REF!,'MTD Performance'!$B5,'FTR Brewhouse'!#REF!) -> #REF! | I5: =AVERAGEIF('FTR Brewhouse'!#REF!,'MTD Performance'!$B5,'FTR Brewhouse'!#REF!) -> #REF! | J5: =AVERAGEIF('FTR Brewhouse'!#REF!,'MTD Performance'!$B5,'FTR Brewhouse'!#REF!) -> #REF! | O5: =AVERAGE(C5:N5) -> #DIV/0!
B6: K. Williams | C6: =AVERAGEIF('FTR Brewhouse'!$J$17:$J$19,'MTD Performance'!$B6,'FTR Brewhouse'!$I$17:$I$19) -> #DIV/0! | D6: =AVERAGEIF('FTR Brewhouse'!#REF!,'MTD Performance'!$B6,'FTR Brewhouse'!#REF!) -> #REF! | J6: =AVERAGEIF('FTR Brewhouse'!#REF!,'MTD Performance'!$B6,'FTR Brewhouse'!#REF!) -> #REF! | O6: =AVERAGE(C6:N6) -> #DIV/0!
B7: K. Benjamin | D7: =AVERAGEIF('FTR Brewhouse'!#REF!,'MTD Performance'!$B7,'FTR Brewhouse'!#REF!) -> #REF! | E7: =AVERAGEIF('FTR Brewhouse'!#REF!,'MTD Performance'!$B7,'FTR Brewhouse'!#REF!) -> #REF! | F7: =AVERAGEIF('FTR Brewhouse'!#REF!,'MTD Performance'!$B7,'FTR Brewhouse'!#REF!) -> #REF! | G7: =AVERAGEIF('FTR Brewhouse'!#REF!,'MTD Performance'!$B7,'FTR Brewhouse'!#REF!) -> #REF! | H7: =AVERAGEIF('FTR Brewhouse'!#REF!,'MTD Performance'!$B7,'FTR Brewhouse'!#REF!) -> #REF! | I7: =AVERAGEIF('FTR Brewhouse'!#REF!,'MTD Performance'!$B7,'FTR Brewhouse'!#REF!) -> #REF! | J7: =AVERAGEIF('FTR Brewhouse'!#REF!,'MTD Performance'!$B7,'FTR Brewhouse'!#REF!) -> #REF! | O7: =AVERAGE(C7:N7) -> #REF!
B8: J.Grant | I8: =AVERAGEIF('FTR Brewhouse'!#REF!,'MTD Performance'!$B8,'FTR Brewhouse'!#REF!) -> #REF! | J8: =AVERAGEIF('FTR Brewhouse'!#REF!,'MTD Performance'!$B8,'FTR Brewhouse'!#REF!) -> #REF! | O8: =AVERAGE(C8:N8) -> #REF!
B9: K. Bridgeman | G9: =AVERAGEIF('FTR Brewhouse'!#REF!,'MTD Performance'!$B9,'FTR Brewhouse'!#REF!) -> #REF! | O9: =AVERAGE(C9:N9) -> #REF!
C11: January | E11: February | G11: March | I11: April | K11: May | M11: June | O11: July
C12: Original Extract (°P) | D12: Total Brewing time | E12: Original Extract (°P) | F12: Total Brewing time | G12: Original Extract (°P) | H12: Total Brewing time | I12: Original Extract (°P) | J12: Total Brewing time | K12: Original Extract (°P) | L12: Total Brewing time | M12: Original Extract (°P) | N12: Total Brewing time | O12: Original Extract (°P) | P12: Total Brewing time
B13: R. Regis | C13: =AVERAGEIF('FTR Brewhouse'!$J$17:$J$19,'MTD Performance'!$B13,'FTR Brewhouse'!$D$17:$D$19) -> #DIV/0! | D13: =AVERAGEIF('FTR Brewhouse'!$J$17:$J$19,'MTD Performance'!$B13,'FTR Brewhouse'!#REF!) -> #REF! | E13: =AVERAGEIF('FTR Brewhouse'!#REF!,'MTD Performance'!$B13,'FTR Brewhouse'!#REF!) -> #REF! | F13: =AVERAGEIF('FTR Brewhouse'!#REF!,'MTD Performance'!$B13,'FTR Brewhouse'!#REF!) -> #REF! | G13: =AVERAGEIF('FTR Brewhouse'!#REF!,'MTD Performance'!$B13,'FTR Brewhouse'!#REF!) -> #REF! | H13: =AVERAGEIF('FTR Brewhouse'!#REF!,'MTD Performance'!$B13,'FTR Brewhouse'!#REF!) -> #REF! | I13: =AVERAGEIF('FTR Brewhouse'!#REF!,'MTD Performance'!$B13,'FTR Brewhouse'!#REF!) -> #REF! | J13: =AVERAGEIF('FTR Brewhouse'!#REF!,'MTD Performance'!$B13,'FTR Brewhouse'!#REF!) -> #REF! | K13: =AVERAGEIF('FTR Brewhouse'!#REF!,'MTD Performance'!$B13,'FTR Brewhouse'!#REF!) -> #REF! | L13: =AVERAGEIF('FTR Brewhouse'!#REF!,'MTD Performance'!$B13,'FTR Brewhouse'!#REF!) -> #REF! | ... N13: =AVERAGEIF('FTR Brewhouse'!#REF!,'MTD Performance'!$B13,'FTR Brewhouse'!#REF!) -> #REF!
B14: J.Greenidge | C14: =AVERAGEIF('FTR Brewhouse'!$J$17:$J$19,'MTD Performance'!$B14,'FTR Brewhouse'!$D$17:$D$19) -> #DIV/0! | D14: =AVERAGEIF('FTR Brewhouse'!$J$17:$J$19,'MTD Performance'!$B14,'FTR Brewhouse'!#REF!) -> #REF! | E14: =AVERAGEIF('FTR Brewhouse'!#REF!,'MTD Performance'!$B14,'FTR Brewhouse'!#REF!) -> #REF! | F14: =AVERAGEIF('FTR Brewhouse'!#REF!,'MTD Performance'!$B14,'FTR Brewhouse'!#REF!) -> #REF! | G14: =AVERAGEIF('FTR Brewhouse'!#REF!,'MTD Performance'!$B14,'FTR Brewhouse'!#REF!) -> #REF! | H14: =AVERAGEIF('FTR Brewhouse'!#REF!,'MTD Performance'!$B14,'FTR Brewhouse'!#REF!) -> #REF! | I14: =AVERAGEIF('FTR Brewhouse'!#REF!,'MTD Performance'!$B14,'FTR Brewhouse'!#REF!) -> #REF! | J14: =AVERAGEIF('FTR Brewhouse'!#REF!,'MTD Performance'!$B14,'FTR Brewhouse'!#REF!) -> #REF! | K14: =AVERAGEIF('FTR Brewhouse'!#REF!,'MTD Performance'!$B14,'FTR Brewhouse'!#REF!) -> #REF! | L14: =AVERAGEIF('FTR Brewhouse'!#REF!,'MTD Performance'!$B14,'FTR Brewhouse'!#REF!) -> #REF! | ... P14: =AVERAGEIF('FTR Brewhouse'!#REF!,'MTD Performance'!$B14,'FTR Brewhouse'!#REF!) -> #REF!
B15: K. Williams | C15: =AVERAGEIF('FTR Brewhouse'!$J$17:$J$19,'MTD Performance'!$B15,'FTR Brewhouse'!$D$17:$D$19) -> #DIV/0! | D15: =AVERAGEIF('FTR Brewhouse'!$J$17:$J$19,'MTD Performance'!$B15,'FTR Brewhouse'!#REF!) -> #REF! | E15: =AVERAGEIF('FTR Brewhouse'!#REF!,'MTD Performance'!$B15,'FTR Brewhouse'!#REF!) -> #REF! | F15: =AVERAGEIF('FTR Brewhouse'!#REF!,'MTD Performance'!$B15,'FTR Brewhouse'!#REF!) -> #REF!
B16: K. Benjamin | E16: =AVERAGEIF('FTR Brewhouse'!#REF!,'MTD Performance'!$B16,'FTR Brewhouse'!#REF!) -> #REF! | F16: =AVERAGEIF('FTR Brewhouse'!#REF!,'MTD Performance'!$B16,'FTR Brewhouse'!#REF!) -> #REF! | G16: =AVERAGEIF('FTR Brewhouse'!#REF!,'MTD Performance'!$B16,'FTR Brewhouse'!#REF!) -> #REF! | H16: =AVERAGEIF('FTR Brewhouse'!#REF!,'MTD Performance'!$B16,'FTR Brewhouse'!#REF!) -> #REF! | I16: =AVERAGEIF('FTR Brewhouse'!#REF!,'MTD Performance'!$B16,'FTR Brewhouse'!#REF!) -> #REF! | J16: =AVERAGEIF('FTR Brewhouse'!#REF!,'MTD Performance'!$B16,'FTR Brewhouse'!#REF!) -> #REF! | K16: =AVERAGEIF('FTR Brewhouse'!#REF!,'MTD Performance'!$B16,'FTR Brewhouse'!#REF!) -> #REF! | L16: =AVERAGEIF('FTR Brewhouse'!#REF!,'MTD Performance'!$B16,'FTR Brewhouse'!#REF!) -> #REF! | ... P16: =AVERAGEIF('FTR Brewhouse'!#REF!,'MTD Performance'!$B16,'FTR Brewhouse'!#REF!) -> #REF!
B17: J.Grant | O17: =AVERAGEIF('FTR Brewhouse'!#REF!,'MTD Performance'!$B17,'FTR Brewhouse'!#REF!) -> #REF! | P17: =AVERAGEIF('FTR Brewhouse'!#REF!,'MTD Performance'!$B17,'FTR Brewhouse'!#REF!) -> #REF!
B18: K. Bridgeman | K18: =AVERAGEIF('FTR Brewhouse'!#REF!,'MTD Performance'!$B18,'FTR Brewhouse'!#REF!) -> #REF! | L18: =AVERAGEIF('FTR Brewhouse'!#REF!,'MTD Performance'!$B18,'FTR Brewhouse'!#REF!) -> #REF!

Sheet Brewer's Performance 
C3: January
C4: Original Extract (°P) | D4: Total Brewing time | E4: Extract Recovery | F4: Percentage
B5: R. Regis | C5: =AVERAGEIF('FTR Brewhouse'!$J$17:$J$19,'Brewer''s Performance '!$B5,'FTR Brewhouse'!$D$17:$D$19) -> #DIV/0! | D5: =AVERAGEIF('FTR Brewhouse'!$J$17:$J$19,'Brewer''s Performance '!$B5,'FTR Brewhouse'!#REF!) -> #REF! | E5: 0.9793 | F5: =(C5+D5+E5)/3 -> #DIV/0!
B6: J.Greenidge | C6: =AVERAGEIF('FTR Brewhouse'!$J$17:$J$19,'Brewer''s Performance '!$B6,'FTR Brewhouse'!$D$17:$D$19) -> #DIV/0! | D6: =AVERAGEIF('FTR Brewhouse'!$J$17:$J$19,'Brewer''s Performance '!$B6,'FTR Brewhouse'!#REF!) -> #REF! | E6: 0.9907 | F6: =(C6+D6+E6)/3 -> #DIV/0!
B7: K. Williams | C7: =AVERAGEIF('FTR Brewhouse'!$J$17:$J$19,'Brewer''s Performance '!$B7,'FTR Brewhouse'!$D$17:$D$19) -> #DIV/0! | D7: =AVERAGEIF('FTR Brewhouse'!$J$17:$J$19,'Brewer''s Performance '!$B7,'FTR Brewhouse'!#REF!) -> #REF! | E7: 0.9798 | F7: =(C7+D7+E7)/3 -> #DIV/0!
B8: K. Benjamin
B9: J.Grant
B10: K. Bridgeman
C12: February
C13: Original Extract (°P) | D13: Total Brewing time | E13: Extract Recovery | F13: Percentage
B14: R. Regis | C14: =AVERAGEIF('FTR Brewhouse'!#REF!,'Brewer''s Performance '!$B14,'FTR Brewhouse'!#REF!) -> #REF! | D14: =AVERAGEIF('FTR Brewhouse'!#REF!,'Brewer''s Performance '!$B14,'FTR Brewhouse'!#REF!) -> #REF! | E14: 0.9825 | F14: =(C14+D14+E14)/3 -> #REF!
B15: J.Greenidge | C15: =AVERAGEIF('FTR Brewhouse'!#REF!,'Brewer''s Performance '!$B15,'FTR Brewhouse'!#REF!) -> #REF! | D15: =AVERAGEIF('FTR Brewhouse'!#REF!,'Brewer''s Performance '!$B15,'FTR Brewhouse'!#REF!) -> #REF! | E15: 0.9798 | F15: =(C15+D15+E15)/3 -> #REF!
B16: K. Williams | C16: =AVERAGEIF('FTR Brewhouse'!#REF!,'Brewer''s Performance '!$B16,'FTR Brewhouse'!#REF!) -> #REF! | D16: =AVERAGEIF('FTR Brewhouse'!#REF!,'Brewer''s Performance '!$B16,'FTR Brewhouse'!#REF!) -> #REF! | E16: 0.9709 | F16: =(C16+D16+E16)/3 -> #REF!
B17: K. Benjamin | C17: =AVERAGEIF('FTR Brewhouse'!#REF!,'Brewer''s Performance '!$B17,'FTR Brewhouse'!#REF!) -> #REF! | D17: =AVERAGEIF('FTR Brewhouse'!#REF!,'Brewer''s Performance '!$B17,'FTR Brewhouse'!#REF!) -> #REF! | E17: 0.9808 | F17: =(C17+D17+E17)/3 -> #REF!
B18: J.Grant
B19: K. Bridgeman
C21: March
C22: Original Extract (°P) | D22: Total Brewing time | E22: Extract Recovery | F22: Percentage
B23: R. Regis | C23: =AVERAGEIF('FTR Brewhouse'!#REF!,'Brewer''s Performance '!$B23,'FTR Brewhouse'!#REF!) -> #REF! | D23: =AVERAGEIF('FTR Brewhouse'!#REF!,'Brewer''s Performance '!$B23,'FTR Brewhouse'!#REF!) -> #REF! | E23: 0.9694 | F23: =(C23+D23+E23)/3 -> #REF!
B24: J.Greenidge | C24: =AVERAGEIF('FTR Brewhouse'!#REF!,'Brewer''s Performance '!$B24,'FTR Brewhouse'!#REF!) -> #REF! | D24: =AVERAGEIF('FTR Brewhouse'!#REF!,'Brewer''s Performance '!$B24,'FTR Brewhouse'!#REF!) -> #REF! | E24: 0.9757 | F24: =(C24+D24+E24)/3 -> #REF!
B25: K. Williams
B26: K. Benjamin | C26: =AVERAGEIF('FTR Brewhouse'!#REF!,'Brewer''s Performance '!$B26,'FTR Brewhouse'!#REF!) -> #REF! | D26: =AVERAGEIF('FTR Brewhouse'!#REF!,'Brewer''s Performance '!$B26,'FTR Brewhouse'!#REF!) -> #REF! | E26: 0.9601 | F26: =(C26+D26+E26)/3 -> #REF!
B27: J.Grant
B28: K. Bridgeman
C30: April
C31: Original Extract (°P) | D31: Total Brewing time | E31: Extract Recovery | F31: Percentage
B32: R. Regis | C32: =AVERAGEIF('FTR Brewhouse'!#REF!,'Brewer''s Performance '!$B32,'FTR Brewhouse'!#REF!) -> #REF! | D32: =AVERAGEIF('FTR Brewhouse'!#REF!,'Brewer''s Performance '!$B32,'FTR Brewhouse'!#REF!) -> #REF! | E32: 0.985 | F32: =(C32+D32+E32)/3 -> #REF!
B33: J.Greenidge | C33: =AVERAGEIF('FTR Brewhouse'!#REF!,'Brewer''s Performance '!$B33,'FTR Brewhouse'!#REF!) -> #REF! | D33: =AVERAGEIF('FTR Brewhouse'!#REF!,'Brewer''s Performance '!$B33,'FTR Brewhouse'!#REF!) -> #REF! | E33: 0.985 | F33: =(C33+D33+E33)/3 -> #REF!
B34: K. Williams
B35: K. Benjamin | C35: =AVERAGEIF('FTR Brewhouse'!#REF!,'Brewer''s Performance '!$B35,'FTR Brewhouse'!#REF!) -> #REF! | D35: =AVERAGEIF('FTR Brewhouse'!#REF!,'Brewer''s Performance '!$B35,'FTR Brewhouse'!#REF!) -> #REF! | E35: 0.9777 | F35: =(C35+D35+E35)/3 -> #REF!
B36: J.Grant
B37: K. Bridgeman
C39: May
C40: Original Extract (°P) | D40: Total Brewing time | E40: Extract Recovery | F40: Percentage
B41: R. Regis | C41: =AVERAGEIF('FTR Brewhouse'!#REF!,'Brewer''s Performance '!$B41,'FTR Brewhouse'!#REF!) -> #REF! | D41: =AVERAGEIF('FTR Brewhouse'!#REF!,'Brewer''s Performance '!$B41,'FTR Brewhouse'!#REF!) -> #REF! | E41: 0.987 | F41: =(C41+D41+E41)/3 -> #REF!
B42: J.Greenidge | C42: =AVERAGEIF('FTR Brewhouse'!#REF!,'Brewer''s Performance '!$B42,'FTR Brewhouse'!#REF!) -> #REF! | D42: =AVERAGEIF('FTR Brewhouse'!#REF!,'Brewer''s Performance '!$B42,'FTR Brewhouse'!#REF!) -> #REF! | E42: 0.987 | F42: =(C42+D42+E42)/3 -> #REF!
B43: K. Williams
B44: K. Benjamin | C44: =AVERAGEIF('FTR Brewhouse'!#REF!,'Brewer''s Performance '!$B44,'FTR Brewhouse'!#REF!) -> #REF! | D44: =AVERAGEIF('FTR Brewhouse'!#REF!,'Brewer''s Performance '!$B44,'FTR Brewhouse'!#REF!) -> #REF! | E44: 0.987 | F44: =(C44+D44+E44)/3 -> #REF!
B45: J.Grant
B46: K. Bridgeman | C46: =AVERAGEIF('FTR Brewhouse'!#REF!,'Brewer''s Performance '!$B46,'FTR Brewhouse'!#REF!) -> #REF! | D46: =AVERAGEIF('FTR Brewhouse'!#REF!,'Brewer''s Performance '!$B46,'FTR Brewhouse'!#REF!) -> #REF! | E46: 0.9897 | F46: =(C46+D46+E46)/3 -> #REF!
C48: June
C49: Original Extract (°P) | D49: Total Brewing time | E49: Extract Recovery | F49: Percentage
B50: R. Regis | C50: =AVERAGEIF('FTR Brewhouse'!#REF!,'Brewer''s Performance '!$B50,'FTR Brewhouse'!#REF!) -> #REF! | D50: =AVERAGEIF('FTR Brewhouse'!#REF!,'Brewer''s Performance '!$B50,'FTR Brewhouse'!#REF!) -> #REF! | E50: 0.987 | F50: =(C50+D50+E50)/3 -> #REF!
B51: J.Greenidge | C51: =AVERAGEIF('FTR Brewhouse'!#REF!,'Brewer''s Performance '!$B51,'FTR Brewhouse'!#REF!) -> #REF! | D51: =AVERAGEIF('FTR Brewhouse'!#REF!,'Brewer''s Performance '!$B51,'FTR Brewhouse'!#REF!) -> #REF! | E51: 0.994 | F51: =(C51+D51+E51)/3 -> #REF!
B52: K. Williams
B53: K. Benjamin | C53: =AVERAGEIF('FTR Brewhouse'!#REF!,'Brewer''s Performance '!$B53,'FTR Brewhouse'!#REF!) -> #REF! | D53: =AVERAGEIF('FTR Brewhouse'!#REF!,'Brewer''s Performance '!$B53,'FTR Brewhouse'!#REF!) -> #REF! | E53: 0.973 | F53: =(C53+D53+E53)/3 -> #REF!
B54: J.Grant
B55: K. Bridgeman

Sheet MTD - Time & OG
C3: January | F3: February | I3: March | L3: April | O3: May | R3: June | U3: July | X3: August
C4: Original Extract (°P) | D4: Total Brewing time | E4: OVERALL FTR PERFORMANCE | F4: Original Extract (°P) | G4: Total Brewing time | H4: OVERALL FTR PERFORMANCE | I4: Original Extract (°P) | J4: Total Brewing time | K4: OVERALL FTR PERFORMANCE | L4: Original Extract (°P) | M4: Total Brewing time | N4: OVERALL FTR PERFORMANCE | O4: Original Extract (°P) | P4: Total Brewing time | Q4: OVERALL FTR PERFORMANCE | R4: Original Extract (°P) | S4: Total Brewing time | T4: OVERALL FTR PERFORMANCE | U4: Original Extract (°P) | V4: Total Brewing time | W4: OVERALL FTR PERFORMANCE | X4: Original Extract (°P) | Y4: Total Brewing time | Z4: OVERALL FTR PERFORMANCE
B5: R. Regis | C5: =AVERAGEIF('FTR Brewhouse'!$J$17:$J$19,'MTD - Time & OG'!$B5,'FTR Brewhouse'!$D$17:$D$19) -> #DIV/0! | D5: =AVERAGEIF('FTR Brewhouse'!$J$17:$J$19,'MTD - Time & OG'!$B5,'FTR Brewhouse'!#REF!) -> #REF! | E5: ='MTD Performance'!C4 -> #DIV/0! | F5: =AVERAGEIF('FTR Brewhouse'!#REF!,'MTD - Time & OG'!$B5,'FTR Brewhouse'!#REF!) -> #REF! | G5: =AVERAGEIF('FTR Brewhouse'!#REF!,'MTD - Time & OG'!$B5,'FTR Brewhouse'!#REF!) -> #REF! | H5: ='MTD Performance'!D4 -> #REF! | I5: =AVERAGEIF('FTR Brewhouse'!#REF!,'MTD - Time & OG'!$B5,'FTR Brewhouse'!#REF!) -> #REF! | J5: =AVERAGEIF('FTR Brewhouse'!#REF!,'MTD - Time & OG'!$B5,'FTR Brewhouse'!#REF!) -> #REF! | K5: ='MTD Performance'!E4 -> #REF! | L5: =AVERAGEIF('FTR Brewhouse'!#REF!,'MTD - Time & OG'!$B5,'FTR Brewhouse'!#REF!) -> #REF! | M5: =AVERAGEIF('FTR Brewhouse'!#REF!,'MTD - Time & OG'!$B5,'FTR Brewhouse'!#REF!) -> #REF! | N5: ='MTD Performance'!F4 -> #REF! | O5: =AVERAGEIF('FTR Brewhouse'!#REF!,'MTD - Time & OG'!$B5,'FTR Brewhouse'!#REF!) -> #REF! | P5: =AVERAGEIF('FTR Brewhouse'!#REF!,'MTD - Time & OG'!$B5,'FTR Brewhouse'!#REF!) -> #REF! | Q5: ='MTD Performance'!G4 -> #REF! | R5: =AVERAGEIF('FTR Brewhouse'!#REF!,'MTD - Time & OG'!$B5,'FTR Brewhouse'!#REF!) -> #REF! | S5: =AVERAGEIF('FTR Brewhouse'!#REF!,'MTD - Time & OG'!$B5,'FTR Brewhouse'!#REF!) -> #REF! | T5: ='MTD Performance'!H4 -> #REF! | U5: NA | V5: NA | W5: NA | X5: =AVERAGEIF('FTR Brewhouse'!#REF!,'MTD - Time & OG'!$B5,'FTR Brewhouse'!#REF!) -> #REF! | Y5: =AVERAGEIF('FTR Brewhouse'!#REF!,'MTD - Time & OG'!$B5,'FTR Brewhouse'!#REF!) -> #REF! | Z5: ='MTD Performance'!J4 -> #REF!
B6: J.Greenidge | C6: =AVERAGEIF('FTR Brewhouse'!$J$17:$J$19,'MTD - Time & OG'!$B6,'FTR Brewhouse'!$D$17:$D$19) -> #DIV/0! | D6: =AVERAGEIF('FTR Brewhouse'!$J$17:$J$19,'MTD - Time & OG'!$B6,'FTR Brewhouse'!#REF!) -> #REF! | E6: ='MTD Performance'!C5 -> #DIV/0! | F6: =AVERAGEIF('FTR Brewhouse'!#REF!,'MTD - Time & OG'!$B6,'FTR Brewhouse'!#REF!) -> #REF! | G6: =AVERAGEIF('FTR Brewhouse'!#REF!,'MTD - Time & OG'!$B6,'FTR Brewhouse'!#REF!) -> #REF! | H6: ='MTD Performance'!D5 -> #REF! | I6: =AVERAGEIF('FTR Brewhouse'!#REF!,'MTD - Time & OG'!$B6,'FTR Brewhouse'!#REF!) -> #REF! | J6: =AVERAGEIF('FTR Brewhouse'!#REF!,'MTD - Time & OG'!$B6,'FTR Brewhouse'!#REF!) -> #REF! | K6: ='MTD Performance'!E5 -> #REF! | L6: =AVERAGEIF('FTR Brewhouse'!#REF!,'MTD - Time & OG'!$B6,'FTR Brewhouse'!#REF!) -> #REF! | M6: =AVERAGEIF('FTR Brewhouse'!#REF!,'MTD - Time & OG'!$B6,'FTR Brewhouse'!#REF!) -> #REF! | N6: ='MTD Performance'!F5 -> #REF! | O6: =AVERAGEIF('FTR Brewhouse'!#REF!,'MTD - Time & OG'!$B6,'FTR Brewhouse'!#REF!) -> #REF! | P6: =AVERAGEIF('FTR Brewhouse'!#REF!,'MTD - Time & OG'!$B6,'FTR Brewhouse'!#REF!) -> #REF! | Q6: ='MTD Performance'!G5 -> #REF! | R6: =AVERAGEIF('FTR Brewhouse'!#REF!,'MTD - Time & OG'!$B6,'FTR Brewhouse'!#REF!) -> #REF! | S6: =AVERAGEIF('FTR Brewhouse'!#REF!,'MTD - Time & OG'!$B6,'FTR Brewhouse'!#REF!) -> #REF! | T6: ='MTD Performance'!H5 -> #REF! | U6: =AVERAGEIF('FTR Brewhouse'!#REF!,'MTD - Time & OG'!$B6,'FTR Brewhouse'!#REF!) -> #REF! | V6: =AVERAGEIF('FTR Brewhouse'!#REF!,'MTD - Time & OG'!$B6,'FTR Brewhouse'!#REF!) -> #REF! | W6: ='MTD Performance'!I5 -> #REF! | X6: =AVERAGEIF('FTR Brewhouse'!#REF!,'MTD - Time & OG'!$B6,'FTR Brewhouse'!#REF!) -> #REF! | Y6: =AVERAGEIF('FTR Brewhouse'!#REF!,'MTD - Time & OG'!$B6,'FTR Brewhouse'!#REF!) -> #REF! | Z6: ='MTD Performance'!J5 -> #REF!
B7: K. Williams | C7: =AVERAGEIF('FTR Brewhouse'!$J$17:$J$19,'MTD - Time & OG'!$B7,'FTR Brewhouse'!$D$17:$D$19) -> #DIV/0! | D7: =AVERAGEIF('FTR Brewhouse'!$J$17:$J$19,'MTD - Time & OG'!$B7,'FTR Brewhouse'!#REF!) -> #REF! | E7: ='MTD Performance'!C6 -> #DIV/0! | F7: =AVERAGEIF('FTR Brewhouse'!#REF!,'MTD - Time & OG'!$B7,'FTR Brewhouse'!#REF!) -> #REF! | G7: =AVERAGEIF('FTR Brewhouse'!#REF!,'MTD - Time & OG'!$B7,'FTR Brewhouse'!#REF!) -> #REF! | H7: ='MTD Performance'!D6 -> #REF! | I7: NA | J7: NA | K7: NA | L7: NA | M7: NA | N7: NA | O7: NA | P7: NA | Q7: NA | R7: NA | S7: NA | T7: NA | U7: NA | V7: NA | W7: NA | X7: NA | Y7: NA | Z7: NA
B8: K. Benjamin | C8: NA | D8: NA | E8: NA | F8: =AVERAGEIF('FTR Brewhouse'!#REF!,'MTD - Time & OG'!$B8,'FTR Brewhouse'!#REF!) -> #REF! | G8: =AVERAGEIF('FTR Brewhouse'!#REF!,'MTD - Time & OG'!$B8,'FTR Brewhouse'!#REF!) -> #REF! | H8: ='MTD Performance'!D7 -> #REF! | I8: =AVERAGEIF('FTR Brewhouse'!#REF!,'MTD - Time & OG'!$B8,'FTR Brewhouse'!#REF!) -> #REF! | J8: =AVERAGEIF('FTR Brewhouse'!#REF!,'MTD - Time & OG'!$B8,'FTR Brewhouse'!#REF!) -> #REF! | K8: ='MTD Performance'!E7 -> #REF! | L8: =AVERAGEIF('FTR Brewhouse'!#REF!,'MTD - Time & OG'!$B8,'FTR Brewhouse'!#REF!) -> #REF! | M8: =AVERAGEIF('FTR Brewhouse'!#REF!,'MTD - Time & OG'!$B8,'FTR Brewhouse'!#REF!) -> #REF! | N8: ='MTD Performance'!F7 -> #REF! | O8: =AVERAGEIF('FTR Brewhouse'!#REF!,'MTD - Time & OG'!$B8,'FTR Brewhouse'!#REF!) -> #REF! | P8: =AVERAGEIF('FTR Brewhouse'!#REF!,'MTD - Time & OG'!$B8,'FTR Brewhouse'!#REF!) -> #REF! | Q8: ='MTD Performance'!G7 -> #REF! | R8: =AVERAGEIF('FTR Brewhouse'!#REF!,'MTD - Time & OG'!$B8,'FTR Brewhouse'!#REF!) -> #REF! | S8: =AVERAGEIF('FTR Brewhouse'!#REF!,'MTD - Time & OG'!$B8,'FTR Brewhouse'!#REF!) -> #REF! | T8: ='MTD Performance'!H7 -> #REF! | U8: =AVERAGEIF('FTR Brewhouse'!#REF!,'MTD - Time & OG'!$B8,'FTR Brewhouse'!#REF!) -> #REF! | V8: =AVERAGEIF('FTR Brewhouse'!#REF!,'MTD - Time & OG'!$B8,'FTR Brewhouse'!#REF!) -> #REF! | W8: ='MTD Performance'!I7 -> #REF! | X8: =AVERAGEIF('FTR Brewhouse'!#REF!,'MTD - Time & OG'!$B8,'FTR Brewhouse'!#REF!) -> #REF! | Y8: =AVERAGEIF('FTR Brewhouse'!#REF!,'MTD - Time & OG'!$B8,'FTR Brewhouse'!#REF!) -> #REF! | Z8: ='MTD Performance'!J7 -> #REF!
B9: J.Grant | C9: NA | D9: NA | E9: NA | F9: NA | G9: NA | H9: NA | I9: NA | J9: NA | K9: NA | L9: NA | M9: NA | N9: NA | O9: NA | P9: NA | Q9: NA | R9: NA | S9: NA | T9: NA | U9: =AVERAGEIF('FTR Brewhouse'!#REF!,'MTD - Time & OG'!$B9,'FTR Brewhouse'!#REF!) -> #REF! | V9: =AVERAGEIF('FTR Brewhouse'!#REF!,'MTD - Time & OG'!$B9,'FTR Brewhouse'!#REF!) -> #REF! | W9: ='MTD Performance'!I8 -> #REF! | X9: =AVERAGEIF('FTR Brewhouse'!#REF!,'MTD - Time & OG'!$B9,'FTR Brewhouse'!#REF!) -> #REF! | Y9: =AVERAGEIF('FTR Brewhouse'!#REF!,'MTD - Time & OG'!$B9,'FTR Brewhouse'!#REF!) -> #REF! | Z9: ='MTD Performance'!J8 -> #REF!
B10: K. Bridgeman | C10: NA | D10: NA | E10: NA | F10: NA | G10: NA | H10: NA | I10: NA | J10: NA | K10: NA | L10: NA | M10: NA | N10: NA | O10: =AVERAGEIF('FTR Brewhouse'!#REF!,'MTD - Time & OG'!$B10,'FTR Brewhouse'!#REF!) -> #REF! | P10: =AVERAGEIF('FTR Brewhouse'!#REF!,'MTD - Time & OG'!$B10,'FTR Brewhouse'!#REF!) -> #REF! | Q10: ='MTD Performance'!G9 -> #REF! | R10: NA | S10: NA | T10: NA | U10: NA | V10: NA | W10: NA | X10: NA | Y10: NA | Z10: NA

Sheet Brewer's Performance- Extract
C3: January | G3: February | K3: March | O3: April | S3: May | W3: June | AA3: July | AE3: August
C4: Original Extract (°P) | D4: Total Brewing time | E4: Extract Recovery | F4: Percentage | G4: Original Extract (°P) | H4: Total Brewing time | I4: Extract Recovery | J4: Percentage | K4: Original Extract (°P) | L4: Total Brewing time | M4: Extract Recovery | N4: Percentage | O4: Original Extract (°P) | P4: Total Brewing time | Q4: Extract Recovery | R4: Percentage | S4: Original Extract (°P) | T4: Total Brewing time | U4: Extract Recovery | V4: Percentage | W4: Original Extract (°P) | X4: Total Brewing time | Y4: Extract Recovery | Z4: Percentage | AA4: Original Extract (°P) | AB4: Total Brewing time | AC4: Extract Recovery | AD4: Percentage | AE4: Original Extract (°P) | AF4: Total Brewing time | AG4: Extract Recovery | AH4: Percentage
B5: R. Regis | C5: =AVERAGEIF('FTR Brewhouse'!$J$17:$J$19,'Brewer''s Performance- Extract'!$B5,'FTR Brewhouse'!$D$17:$D$19) -> #DIV/0! | D5: =AVERAGEIF('FTR Brewhouse'!$J$17:$J$19,'Brewer''s Performance- Extract'!$B5,'FTR Brewhouse'!#REF!) -> #REF! | E5: 0.9793 | F5: =(C5+D5+E5)/3 -> #DIV/0! | G5: =AVERAGEIF('FTR Brewhouse'!#REF!,'Brewer''s Performance- Extract'!$B5,'FTR Brewhouse'!#REF!) -> #REF! | H5: =AVERAGEIF('FTR Brewhouse'!#REF!,'Brewer''s Performance- Extract'!$B5,'FTR Brewhouse'!#REF!) -> #REF! | I5: 0.9825 | J5: =(G5+H5+I5)/3 -> #REF! | K5: =AVERAGEIF('FTR Brewhouse'!#REF!,'Brewer''s Performance- Extract'!$B5,'FTR Brewhouse'!#REF!) -> #REF! | L5: =AVERAGEIF('FTR Brewhouse'!#REF!,'Brewer''s Performance- Extract'!$B5,'FTR Brewhouse'!#REF!) -> #REF! | M5: 0.9694 | N5: =(K5+L5+M5)/3 -> #REF! | O5: =AVERAGEIF('FTR Brewhouse'!#REF!,'Brewer''s Performance- Extract'!$B5,'FTR Brewhouse'!#REF!) -> #REF! | P5: =AVERAGEIF('FTR Brewhouse'!#REF!,'Brewer''s Performance- Extract'!$B5,'FTR Brewhouse'!#REF!) -> #REF! | Q5: 0.985 | R5: =(O5+P5+Q5)/3 -> #REF! | S5: =AVERAGEIF('FTR Brewhouse'!#REF!,'Brewer''s Performance- Extract'!$B5,'FTR Brewhouse'!#REF!) -> #REF! | T5: =AVERAGEIF('FTR Brewhouse'!#REF!,'Brewer''s Performance- Extract'!$B5,'FTR Brewhouse'!#REF!) -> #REF! | U5: 0.987 | V5: =(S5+T5+U5)/3 -> #REF! | W5: =AVERAGEIF('FTR Brewhouse'!#REF!,'Brewer''s Performance- Extract'!$B5,'FTR Brewhouse'!#REF!) -> #REF! | X5: =AVERAGEIF('FTR Brewhouse'!#REF!,'Brewer''s Performance- Extract'!$B5,'FTR Brewhouse'!#REF!) -> #REF! | Y5: 0.987 | Z5: =(W5+X5+Y5)/3 -> #REF! | AA5: =AVERAGEIF('FTR Brewhouse'!#REF!,'Brewer''s Performance- Extract'!$B5,'FTR Brewhouse'!#REF!) -> #REF! | AB5: =AVERAGEIF('FTR Brewhouse'!#REF!,'Brewer''s Performance- Extract'!$B5,'FTR Brewhouse'!#REF!) -> #REF! | AC5: 0.987 | AD5: =(AA5+AB5+AC5)/3 -> #REF! | AE5: ='MTD - Time & OG'!X5 -> #REF! | AF5: ='MTD - Time & OG'!Y5 -> #REF! | AH5: =(AE5+AF5+AG5)/3 -> #REF!
B6: J.Greenidge | C6: =AVERAGEIF('FTR Brewhouse'!$J$17:$J$19,'Brewer''s Performance- Extract'!$B6,'FTR Brewhouse'!$D$17:$D$19) -> #DIV/0! | D6: =AVERAGEIF('FTR Brewhouse'!$J$17:$J$19,'Brewer''s Performance- Extract'!$B6,'FTR Brewhouse'!#REF!) -> #REF! | E6: 0.9907 | F6: =(C6+D6+E6)/3 -> #DIV/0! | G6: =AVERAGEIF('FTR Brewhouse'!#REF!,'Brewer''s Performance- Extract'!$B6,'FTR Brewhouse'!#REF!) -> #REF! | H6: =AVERAGEIF('FTR Brewhouse'!#REF!,'Brewer''s Performance- Extract'!$B6,'FTR Brewhouse'!#REF!) -> #REF! | I6: 0.9798 | J6: =(G6+H6+I6)/3 -> #REF! | K6: =AVERAGEIF('FTR Brewhouse'!#REF!,'Brewer''s Performance- Extract'!$B6,'FTR Brewhouse'!#REF!) -> #REF! | L6: =AVERAGEIF('FTR Brewhouse'!#REF!,'Brewer''s Performance- Extract'!$B6,'FTR Brewhouse'!#REF!) -> #REF! | M6: 0.9757 | N6: =(K6+L6+M6)/3 -> #REF! | O6: =AVERAGEIF('FTR Brewhouse'!#REF!,'Brewer''s Performance- Extract'!$B6,'FTR Brewhouse'!#REF!) -> #REF! | P6: =AVERAGEIF('FTR Brewhouse'!#REF!,'Brewer''s Performance- Extract'!$B6,'FTR Brewhouse'!#REF!) -> #REF! | Q6: 0.985 | R6: =(O6+P6+Q6)/3 -> #REF! | S6: =AVERAGEIF('FTR Brewhouse'!#REF!,'Brewer''s Performance- Extract'!$B6,'FTR Brewhouse'!#REF!) -> #REF! | T6: =AVERAGEIF('FTR Brewhouse'!#REF!,'Brewer''s Performance- Extract'!$B6,'FTR Brewhouse'!#REF!) -> #REF! | U6: 0.987 | V6: =(S6+T6+U6)/3 -> #REF! | W6: =AVERAGEIF('FTR Brewhouse'!#REF!,'Brewer''s Performance- Extract'!$B6,'FTR Brewhouse'!#REF!) -> #REF! | X6: =AVERAGEIF('FTR Brewhouse'!#REF!,'Brewer''s Performance- Extract'!$B6,'FTR Brewhouse'!#REF!) -> #REF! | Y6: 0.994 | Z6: =(W6+X6+Y6)/3 -> #REF! | AA6: =AVERAGEIF('FTR Brewhouse'!#REF!,'Brewer''s Performance- Extract'!$B6,'FTR Brewhouse'!#REF!) -> #REF! | AB6: =AVERAGEIF('FTR Brewhouse'!#REF!,'Brewer''s Performance- Extract'!$B6,'FTR Brewhouse'!#REF!) -> #REF! | AC6: 0.994 | AD6: =(AA6+AB6+AC6)/3 -> #REF! | AE6: ='MTD - Time & OG'!X6 -> #REF! | AF6: ='MTD - Time & OG'!Y6 -> #REF! | AH6: =(AE6+AF6+AG6)/3 -> #REF!
B7: K. Williams | C7: =AVERAGEIF('FTR Brewhouse'!$J$17:$J$19,'Brewer''s Performance- Extract'!$B7,'FTR Brewhouse'!$D$17:$D$19) -> #DIV/0! | D7: =AVERAGEIF('FTR Brewhouse'!$J$17:$J$19,'Brewer''s Performance- Extract'!$B7,'FTR Brewhouse'!#REF!) -> #REF! | E7: 0.9798 | F7: =(C7+D7+E7)/3 -> #DIV/0! | G7: =AVERAGEIF('FTR Brewhouse'!#REF!,'Brewer''s Performance- Extract'!$B7,'FTR Brewhouse'!#REF!) -> #REF! | H7: =AVERAGEIF('FTR Brewhouse'!#REF!,'Brewer''s Performance- Extract'!$B7,'FTR Brewhouse'!#REF!) -> #REF! | I7: 0.9709 | J7: =(G7+H7+I7)/3 -> #REF! | K7: NA | L7: NA | M7: NA | N7: NA | O7: NA | P7: NA | Q7: NA | R7: NA | S7: NA | T7: NA | U7: NA | V7: NA | W7: NA | X7: NA | Y7: NA | Z7: NA | AA7: NA | AB7: NA | AC7: NA | AD7: NA | AE7: ='MTD - Time & OG'!X7 -> NA | AF7: ='MTD - Time & OG'!Y7 -> NA | AH7: NA
B8: K. Benjamin | C8: NA | D8: NA | E8: NA | F8: NA | G8: =AVERAGEIF('FTR Brewhouse'!#REF!,'Brewer''s Performance- Extract'!$B8,'FTR Brewhouse'!#REF!) -> #REF! | H8: =AVERAGEIF('FTR Brewhouse'!#REF!,'Brewer''s Performance- Extract'!$B8,'FTR Brewhouse'!#REF!) -> #REF! | I8: 0.9808 | J8: =(G8+H8+I8)/3 -> #REF! | K8: =AVERAGEIF('FTR Brewhouse'!#REF!,'Brewer''s Performance- Extract'!$B8,'FTR Brewhouse'!#REF!) -> #REF! | L8: =AVERAGEIF('FTR Brewhouse'!#REF!,'Brewer''s Performance- Extract'!$B8,'FTR Brewhouse'!#REF!) -> #REF! | M8: 0.9601 | N8: =(K8+L8+M8)/3 -> #REF! | O8: =AVERAGEIF('FTR Brewhouse'!#REF!,'Brewer''s Performance- Extract'!$B8,'FTR Brewhouse'!#REF!) -> #REF! | P8: =AVERAGEIF('FTR Brewhouse'!#REF!,'Brewer''s Performance- Extract'!$B8,'FTR Brewhouse'!#REF!) -> #REF! | Q8: 0.9777 | R8: =(O8+P8+Q8)/3 -> #REF! | S8: =AVERAGEIF('FTR Brewhouse'!#REF!,'Brewer''s Performance- Extract'!$B8,'FTR Brewhouse'!#REF!) -> #REF! | T8: =AVERAGEIF('FTR Brewhouse'!#REF!,'Brewer''s Performance- Extract'!$B8,'FTR Brewhouse'!#REF!) -> #REF! | U8: 0.987 | V8: =(S8+T8+U8)/3 -> #REF! | W8: =AVERAGEIF('FTR Brewhouse'!#REF!,'Brewer''s Performance- Extract'!$B8,'FTR Brewhouse'!#REF!) -> #REF! | X8: =AVERAGEIF('FTR Brewhouse'!#REF!,'Brewer''s Performance- Extract'!$B8,'FTR Brewhouse'!#REF!) -> #REF! | Y8: 0.973 | Z8: =(W8+X8+Y8)/3 -> #REF! | AA8: =AVERAGEIF('FTR Brewhouse'!#REF!,'Brewer''s Performance- Extract'!$B8,'FTR Brewhouse'!#REF!) -> #REF! | AB8: =AVERAGEIF('FTR Brewhouse'!#REF!,'Brewer''s Performance- Extract'!$B8,'FTR Brewhouse'!#REF!) -> #REF! | AC8: 0.973 | AD8: =(AA8+AB8+AC8)/3 -> #REF! | AE8: ='MTD - Time & OG'!X8 -> #REF! | AF8: ='MTD - Time & OG'!Y8 -> #REF! | AH8: =(AE8+AF8+AG8)/3 -> #REF!
B9: J.Grant | C9: NA | D9: NA | E9: NA | F9: NA | G9: NA | H9: NA | I9: NA | J9: NA | K9: NA | L9: NA | M9: NA | N9: NA | O9: NA | P9: NA | Q9: NA | R9: NA | S9: NA | T9: NA | U9: NA | V9: NA | W9: NA | X9: NA | Y9: NA | Z9: NA | AA9: =AVERAGEIF('FTR Brewhouse'!#REF!,'Brewer''s Performance- Extract'!$B9,'FTR Brewhouse'!#REF!) -> #REF! | AB9: =AVERAGEIF('FTR Brewhouse'!#REF!,'Brewer''s Performance- Extract'!$B9,'FTR Brewhouse'!#REF!) -> #REF! | AE9: ='MTD - Time & OG'!X9 -> #REF! | AF9: ='MTD - Time & OG'!Y9 -> #REF!
B10: K. Bridgeman | C10: NA | D10: NA | E10: NA | F10: NA | G10: NA | H10: NA | I10: NA | J10: NA | K10: NA | L10: NA | M10: NA | N10: NA | O10: NA | P10: NA | Q10: NA | R10: NA | S10: =AVERAGEIF('FTR Brewhouse'!#REF!,'Brewer''s Performance- Extract'!$B10,'FTR Brewhouse'!#REF!) -> #REF! | T10: =AVERAGEIF('FTR Brewhouse'!#REF!,'Brewer''s Performance- Extract'!$B10,'FTR Brewhouse'!#REF!) -> #REF! | U10: 0.9897 | V10: =(S10+T10+U10)/3 -> #REF! | W10: NA | X10: NA | Y10: NA | Z10: NA | AB10: =AVERAGEIF('FTR Brewhouse'!#REF!,'Brewer''s Performance- Extract'!$B10,'FTR Brewhouse'!#REF!) -> #REF! | AE10: ='MTD - Time & OG'!X10 -> NA | AF10: ='MTD - Time & OG'!Y10 -> NA

Sheet FTR Brewhouse-New
O1: P.G. | Q1: Total Brewing Time | S1: Areation
O2: Lower | P2: Upper | Q2: Lower | R2: Upper | S2: Lower | T2: Upper
N3: CA | O3: 11.6 | P3: 11.9 | Q3: 250 | R3: 305 | S3: 2.5 | T3: 2.5
N4: ST | O4: 11.6 | P4: 11.9 | Q4: 250 | R4: 305 | S4: =+S3 -> 2.5 | T4: =+T3 -> 2.5
N5: GU | O5: 17 | P5: 17.5 | Q5: 280 | R5: 365 | S5: 3.5 | T5: 3.5
N6: MK | O6: 13.4 | P6: 13.6 | Q6: 320 | R6: 365 | S6: 2.5 | T6: 2.5
N7: SM | O7: 17.1 | P7: 17.5 | Q7: 300 | R7: 350
N8: MM | O8: 16.8 | P8: 17.2 | Q8: 300 | R8: 350
N9: VM | O9: 14.4 | P9: 14.6 | Q9: 275 | R9: 325
C10: PARAMETERS CHECKED | O10: P.G. | Q10: Total Brewing Time | S10: Areation
A11: 2020 | N11: =LEFT(B11,2) | O11: =VLOOKUP($N11,$N$3:$T$9,2,FALSE) -> #N/A | P11: =VLOOKUP($N11,$N$3:$T$9,3,FALSE) -> #N/A | Q11: =VLOOKUP($N11,$N$3:$T$9,4,FALSE) -> #N/A | R11: =VLOOKUP($N11,$N$3:$T$9,5,FALSE) -> #N/A | S11: =VLOOKUP($N11,$N$3:$T$9,6,FALSE) -> #N/A | T11: =VLOOKUP($N11,$N$3:$T$9,7,FALSE) -> #N/A
N12: =LEFT(B12,2) | O12: =VLOOKUP($N12,$N$3:$T$9,2,FALSE) -> #N/A | P12: =VLOOKUP($N12,$N$3:$T$9,3,FALSE) -> #N/A | Q12: =VLOOKUP($N12,$N$3:$T$9,4,FALSE) -> #N/A | R12: =VLOOKUP($N12,$N$3:$T$9,5,FALSE) -> #N/A | S12: =VLOOKUP($N12,$N$3:$T$9,6,FALSE) -> #N/A | T12: =VLOOKUP($N12,$N$3:$T$9,7,FALSE) -> #N/A
N13: =LEFT(B13,2) | O13: =VLOOKUP($N13,$N$3:$T$9,2,FALSE) -> #N/A | P13: =VLOOKUP($N13,$N$3:$T$9,3,FALSE) -> #N/A | Q13: =VLOOKUP($N13,$N$3:$T$9,4,FALSE) -> #N/A | R13: =VLOOKUP($N13,$N$3:$T$9,5,FALSE) -> #N/A | S13: =VLOOKUP($N13,$N$3:$T$9,6,FALSE) -> #N/A | T13: =VLOOKUP($N13,$N$3:$T$9,7,FALSE) -> #N/A
A14: Date | B14: ID Number | C14: Original Extract (°P) | E14: Total Brewing time | G14: Aeration level | I14: FTR | N14: =LEFT(B14,2) -> ID | O14: =VLOOKUP($N14,$N$3:$T$9,2,FALSE) -> #N/A | P14: =VLOOKUP($N14,$N$3:$T$9,3,FALSE) -> #N/A | Q14: =VLOOKUP($N14,$N$3:$T$9,4,FALSE) -> #N/A | R14: =VLOOKUP($N14,$N$3:$T$9,5,FALSE) -> #N/A | S14: =VLOOKUP($N14,$N$3:$T$9,6,FALSE) -> #N/A | T14: =VLOOKUP($N14,$N$3:$T$9,7,FALSE) -> #N/A
A15: 43832 | B15: CA001 | C15: 11.5 | D15: =IF(+(IF(C15<O15,0,IF(C15>P15,0,1)))=1,1,0) -> 0 | E15: =#REF! -> #REF! | F15: =IF(+(IF(E15<Q15,0,IF(E15>R15,0,1)))=1,1,0) -> #REF! | I15: 0 | J15: R. Regis | N15: =LEFT(B15,2) -> CA | O15: =VLOOKUP($N15,$N$3:$T$9,2,FALSE) -> 11.6 | P15: =VLOOKUP($N15,$N$3:$T$9,3,FALSE) -> 11.9 | Q15: =VLOOKUP($N15,$N$3:$T$9,4,FALSE) -> 250 | R15: =VLOOKUP($N15,$N$3:$T$9,5,FALSE) -> 305 | S15: =VLOOKUP($N15,$N$3:$T$9,6,FALSE) -> 2.5 | T15: =VLOOKUP($N15,$N$3:$T$9,7,FALSE) -> 2.5
A16: 43832 | B16: CA002 | C16: 11.8 | D16: =IF(+(IF(C16<O16,0,IF(C16>P16,0,1)))=1,1,0) -> 1 | E16: =#REF! -> #REF! | F16: =IF(+(IF(E16<Q16,0,IF(E16>R16,0,1)))=1,1,0) -> #REF! | I16: 0 | J16: K. Benjamin | N16: =LEFT(B16,2) -> CA | O16: =VLOOKUP($N16,$N$3:$T$9,2,FALSE) -> 11.6 | P16: =VLOOKUP($N16,$N$3:$T$9,3,FALSE) -> 11.9 | Q16: =VLOOKUP($N16,$N$3:$T$9,4,FALSE) -> 250 | R16: =VLOOKUP($N16,$N$3:$T$9,5,FALSE) -> 305 | S16: =VLOOKUP($N16,$N$3:$T$9,6,FALSE) -> 2.5 | T16: =VLOOKUP($N16,$N$3:$T$9,7,FALSE) -> 2.5
A17: 43832 | B17: CA003 | C17: 12.1 | D17: =IF(+(IF(C17<O17,0,IF(C17>P17,0,1)))=1,1,0) -> 0 | E17: =#REF! -> #REF! | F17: =IF(+(IF(E17<Q17,0,IF(E17>R17,0,1)))=1,1,0) -> #REF! | I17: 0 | J17: K. Benjamin | N17: =LEFT(B17,2) -> CA | O17: =VLOOKUP($N17,$N$3:$T$9,2,FALSE) -> 11.6 | P17: =VLOOKUP($N17,$N$3:$T$9,3,FALSE) -> 11.9 | Q17: =VLOOKUP($N17,$N$3:$T$9,4,FALSE) -> 250 | R17: =VLOOKUP($N17,$N$3:$T$9,5,FALSE) -> 305 | S17: =VLOOKUP($N17,$N$3:$T$9,6,FALSE) -> 2.5 | T17: =VLOOKUP($N17,$N$3:$T$9,7,FALSE) -> 2.5
A18: 43832 | B18: CA004 | C18: 11.7 | D18: =IF(+(IF(C18<O18,0,IF(C18>P18,0,1)))=1,1,0) -> 1 | E18: =#REF! -> #REF! | F18: =IF(+(IF(E18<Q18,0,IF(E18>R18,0,1)))=1,1,0) -> #REF! | I18: 0 | J18: K. Benjamin | N18: =LEFT(B18,2) -> CA | O18: =VLOOKUP($N18,$N$3:$T$9,2,FALSE) -> 11.6 | P18: =VLOOKUP($N18,$N$3:$T$9,3,FALSE) -> 11.9 | Q18: =VLOOKUP($N18,$N$3:$T$9,4,FALSE) -> 250 | R18: =VLOOKUP($N18,$N$3:$T$9,5,FALSE) -> 305 | S18: =VLOOKUP($N18,$N$3:$T$9,6,FALSE) -> 2.5 | T18: =VLOOKUP($N18,$N$3:$T$9,7,FALSE) -> 2.5
A19: 43832 | B19: CA005 | C19: 11.7 | D19: =IF(+(IF(C19<O19,0,IF(C19>P19,0,1)))=1,1,0) -> 1 | E19: =#REF! -> #REF! | F19: =IF(+(IF(E19<Q19,0,IF(E19>R19,0,1)))=1,1,0) -> #REF! | I19: 1 | J19: K. Benjamin | N19: =LEFT(B19,2) -> CA | O19: =VLOOKUP($N19,$N$3:$T$9,2,FALSE) -> 11.6 | P19: =VLOOKUP($N19,$N$3:$T$9,3,FALSE) -> 11.9 | Q19: =VLOOKUP($N19,$N$3:$T$9,4,FALSE) -> 250 | R19: =VLOOKUP($N19,$N$3:$T$9,5,FALSE) -> 305 | S19: =VLOOKUP($N19,$N$3:$T$9,6,FALSE) -> 2.5 | T19: =VLOOKUP($N19,$N$3:$T$9,7,FALSE) -> 2.5
A20: 43832 | B20: CA006 | C20: 11.6 | D20: =IF(+(IF(C20<O20,0,IF(C20>P20,0,1)))=1,1,0) -> 1 | E20: =#REF! -> #REF! | F20: =IF(+(IF(E20<Q20,0,IF(E20>R20,0,1)))=1,1,0) -> #REF! | I20: 1 | J20: J.Greenidge | N20: =LEFT(B20,2) -> CA | O20: =VLOOKUP($N20,$N$3:$T$9,2,FALSE) -> 11.6 | P20: =VLOOKUP($N20,$N$3:$T$9,3,FALSE) -> 11.9 | Q20: =VLOOKUP($N20,$N$3:$T$9,4,FALSE) -> 250 | R20: =VLOOKUP($N20,$N$3:$T$9,5,FALSE) -> 305 | S20: =VLOOKUP($N20,$N$3:$T$9,6,FALSE) -> 2.5 | T20: =VLOOKUP($N20,$N$3:$T$9,7,FALSE) -> 2.5
A21: 43832 | B21: CA007 | C21: 11.9 | D21: =IF(+(IF(C21<O21,0,IF(C21>P21,0,1)))=1,1,0) -> 1 | E21: =#REF! -> #REF! | F21: =IF(+(IF(E21<Q21,0,IF(E21>R21,0,1)))=1,1,0) -> #REF! | I21: 1 | J21: J.Greenidge | N21: =LEFT(B21,2) -> CA | O21: =VLOOKUP($N21,$N$3:$T$9,2,FALSE) -> 11.6 | P21: =VLOOKUP($N21,$N$3:$T$9,3,FALSE) -> 11.9 | Q21: =VLOOKUP($N21,$N$3:$T$9,4,FALSE) -> 250 | R21: =VLOOKUP($N21,$N$3:$T$9,5,FALSE) -> 305 | S21: =VLOOKUP($N21,$N$3:$T$9,6,FALSE) -> 2.5 | T21: =VLOOKUP($N21,$N$3:$T$9,7,FALSE) -> 2.5
A22: 43832 | B22: CA008 | C22: 11.6 | D22: =IF(+(IF(C22<O22,0,IF(C22>P22,0,1)))=1,1,0) -> 1 | E22: =#REF! -> #REF! | F22: =IF(+(IF(E22<Q22,0,IF(E22>R22,0,1)))=1,1,0) -> #REF! | I22: 1 | J22: J.Greenidge | N22: =LEFT(B22,2) -> CA | O22: =VLOOKUP($N22,$N$3:$T$9,2,FALSE) -> 11.6 | P22: =VLOOKUP($N22,$N$3:$T$9,3,FALSE) -> 11.9 | Q22: =VLOOKUP($N22,$N$3:$T$9,4,FALSE) -> 250 | R22: =VLOOKUP($N22,$N$3:$T$9,5,FALSE) -> 305 | S22: =VLOOKUP($N22,$N$3:$T$9,6,FALSE) -> 2.5 | T22: =VLOOKUP($N22,$N$3:$T$9,7,FALSE) -> 2.5
A23: 43832 | B23: CA009 | C23: 11.6 | D23: =IF(+(IF(C23<O23,0,IF(C23>P23,0,1)))=1,1,0) -> 1 | E23: =#REF! -> #REF! | F23: =IF(+(IF(E23<Q23,0,IF(E23>R23,0,1)))=1,1,0) -> #REF! | I23: 1 | J23: R. Regis | N23: =LEFT(B23,2) -> CA | O23: =VLOOKUP($N23,$N$3:$T$9,2,FALSE) -> 11.6 | P23: =VLOOKUP($N23,$N$3:$T$9,3,FALSE) -> 11.9 | Q23: =VLOOKUP($N23,$N$3:$T$9,4,FALSE) -> 250 | R23: =VLOOKUP($N23,$N$3:$T$9,5,FALSE) -> 305 | S23: =VLOOKUP($N23,$N$3:$T$9,6,FALSE) -> 2.5 | T23: =VLOOKUP($N23,$N$3:$T$9,7,FALSE) -> 2.5
A24: 43832 | B24: CA010 | C24: 11.6 | D24: =IF(+(IF(C24<O24,0,IF(C24>P24,0,1)))=1,1,0) -> 1 | E24: =#REF! -> #REF! | F24: =IF(+(IF(E24<Q24,0,IF(E24>R24,0,1)))=1,1,0) -> #REF! | I24: 1 | J24: R. Regis | N24: =LEFT(B24,2) -> CA | O24: =VLOOKUP($N24,$N$3:$T$9,2,FALSE) -> 11.6 | P24: =VLOOKUP($N24,$N$3:$T$9,3,FALSE) -> 11.9 | Q24: =VLOOKUP($N24,$N$3:$T$9,4,FALSE) -> 250 | R24: =VLOOKUP($N24,$N$3:$T$9,5,FALSE) -> 305 | S24: =VLOOKUP($N24,$N$3:$T$9,6,FALSE) -> 2.5 | T24: =VLOOKUP($N24,$N$3:$T$9,7,FALSE) -> 2.5
A25: 43833 | B25: CA011 | C25: 11.9 | D25: =IF(+(IF(C25<O25,0,IF(C25>P25,0,1)))=1,1,0) -> 1 | E25: =#REF! -> #REF! | F25: =IF(+(IF(E25<Q25,0,IF(E25>R25,0,1)))=1,1,0) -> #REF! | I25: 1 | J25: R. Regis | N25: =LEFT(B25,2) -> CA | O25: =VLOOKUP($N25,$N$3:$T$9,2,FALSE) -> 11.6 | P25: =VLOOKUP($N25,$N$3:$T$9,3,FALSE) -> 11.9 | Q25: =VLOOKUP($N25,$N$3:$T$9,4,FALSE) -> 250 | R25: =VLOOKUP($N25,$N$3:$T$9,5,FALSE) -> 305 | S25: =VLOOKUP($N25,$N$3:$T$9,6,FALSE) -> 2.5 | T25: =VLOOKUP($N25,$N$3:$T$9,7,FALSE) -> 2.5
A26: 43833 | B26: CA012 | C26: 12 | D26: =IF(+(IF(C26<O26,0,IF(C26>P26,0,1)))=1,1,0) -> 0 | E26: =#REF! -> #REF! | F26: =IF(+(IF(E26<Q26,0,IF(E26>R26,0,1)))=1,1,0) -> #REF! | I26: 0 | J26: R. Regis | N26: =LEFT(B26,2) -> CA | O26: =VLOOKUP($N26,$N$3:$T$9,2,FALSE) -> 11.6 | P26: =VLOOKUP($N26,$N$3:$T$9,3,FALSE) -> 11.9 | Q26: =VLOOKUP($N26,$N$3:$T$9,4,FALSE) -> 250 | R26: =VLOOKUP($N26,$N$3:$T$9,5,FALSE) -> 305 | S26: =VLOOKUP($N26,$N$3:$T$9,6,FALSE) -> 2.5 | T26: =VLOOKUP($N26,$N$3:$T$9,7,FALSE) -> 2.5
A27: 43834 | B27: MK001 | C27: 13 | D27: =IF(+(IF(C27<O27,0,IF(C27>P27,0,1)))=1,1,0) -> 0 | E27: ='[1]Brew Times'!$F4 -> 0.27291667 | F27: =IF(+(IF(E27<Q27,0,IF(E27>R27,0,1)))=1,1,0) -> 0 | I27: 0 | J27: K. Benjamin | N27: =LEFT(B27,2) -> MK | O27: =VLOOKUP($N27,$N$3:$T$9,2,FALSE) -> 13.4 | P27: =VLOOKUP($N27,$N$3:$T$9,3,FALSE) -> 13.6 | Q27: =VLOOKUP($N27,$N$3:$T$9,4,FALSE) -> 320 | R27: =VLOOKUP($N27,$N$3:$T$9,5,FALSE) -> 365 | S27: =VLOOKUP($N27,$N$3:$T$9,6,FALSE) -> 2.5 | T27: =VLOOKUP($N27,$N$3:$T$9,7,FALSE) -> 2.5
A28: 43834 | B28: MK002 | C28: 13.7 | D28: =IF(+(IF(C28<O28,0,IF(C28>P28,0,1)))=1,1,0) -> 0 | E28: ='[1]Brew Times'!$F5 -> 0.26319444 | F28: =IF(+(IF(E28<Q28,0,IF(E28>R28,0,1)))=1,1,0) -> 0 | I28: 0 | J28: K. Benjamin | N28: =LEFT(B28,2) -> MK | O28: =VLOOKUP($N28,$N$3:$T$9,2,FALSE) -> 13.4 | P28: =VLOOKUP($N28,$N$3:$T$9,3,FALSE) -> 13.6 | Q28: =VLOOKUP($N28,$N$3:$T$9,4,FALSE) -> 320 | R28: =VLOOKUP($N28,$N$3:$T$9,5,FALSE) -> 365 | S28: =VLOOKUP($N28,$N$3:$T$9,6,FALSE) -> 2.5 | T28: =VLOOKUP($N28,$N$3:$T$9,7,FALSE) -> 2.5
A29: 43834 | B29: MK003 | C29: 13.4 | D29: =IF(+(IF(C29<O29,0,IF(C29>P29,0,1)))=1,1,0) -> 1 | E29: ='[1]Brew Times'!$F6 -> 0.26597222 | F29: =IF(+(IF(E29<Q29,0,IF(E29>R29,0,1)))=1,1,0) -> 0 | I29: 1 | J29: K. Benjamin | N29: =LEFT(B29,2) -> MK | O29: =VLOOKUP($N29,$N$3:$T$9,2,FALSE) -> 13.4 | P29: =VLOOKUP($N29,$N$3:$T$9,3,FALSE) -> 13.6 | Q29: =VLOOKUP($N29,$N$3:$T$9,4,FALSE) -> 320 | R29: =VLOOKUP($N29,$N$3:$T$9,5,FALSE) -> 365 | S29: =VLOOKUP($N29,$N$3:$T$9,6,FALSE) -> 2.5 | T29: =VLOOKUP($N29,$N$3:$T$9,7,FALSE) -> 2.5
A30: 43834 | B30: MK004 | C30: 14.1 | D30: =IF(+(IF(C30<O30,0,IF(C30>P30,0,1)))=1,1,0) -> 0 | E30: ='[1]Brew Times'!$F7 -> 0.27638889 | F30: =IF(+(IF(E30<Q30,0,IF(E30>R30,0,1)))=1,1,0) -> 0 | I30: 0 | J30: K. Benjamin | N30: =LEFT(B30,2) -> MK | O30: =VLOOKUP($N30,$N$3:$T$9,2,FALSE) -> 13.4 | P30: =VLOOKUP($N30,$N$3:$T$9,3,FALSE) -> 13.6 | Q30: =VLOOKUP($N30,$N$3:$T$9,4,FALSE) -> 320 | R30: =VLOOKUP($N30,$N$3:$T$9,5,FALSE) -> 365 | S30: =VLOOKUP($N30,$N$3:$T$9,6,FALSE) -> 2.5 | T30: =VLOOKUP($N30,$N$3:$T$9,7,FALSE) -> 2.5
A31: 43834 | B31: MK005 | C31: 13.7 | D31: =IF(+(IF(C31<O31,0,IF(C31>P31,0,1)))=1,1,0) -> 0 | E31: ='[1]Brew Times'!$F8 -> 0.27916667 | F31: =IF(+(IF(E31<Q31,0,IF(E31>R31,0,1)))=1,1,0) -> 0 | I31: 0 | J31: K. Benjamin | N31: =LEFT(B31,2) -> MK | O31: =VLOOKUP($N31,$N$3:$T$9,2,FALSE) -> 13.4 | P31: =VLOOKUP($N31,$N$3:$T$9,3,FALSE) -> 13.6 | Q31: =VLOOKUP($N31,$N$3:$T$9,4,FALSE) -> 320 | R31: =VLOOKUP($N31,$N$3:$T$9,5,FALSE) -> 365 | S31: =VLOOKUP($N31,$N$3:$T$9,6,FALSE) -> 2.5 | T31: =VLOOKUP($N31,$N$3:$T$9,7,FALSE) -> 2.5
A32: 43834 | B32: MK006 | C32: 13.5 | D32: =IF(+(IF(C32<O32,0,IF(C32>P32,0,1)))=1,1,0) -> 1 | E32: ='[1]Brew Times'!$F9 -> 0.28888889 | F32: =IF(+(IF(E32<Q32,0,IF(E32>R32,0,1)))=1,1,0) -> 0 | I32: 1 | J32: K. Benjamin | N32: =LEFT(B32,2) -> MK | O32: =VLOOKUP($N32,$N$3:$T$9,2,FALSE) -> 13.4 | P32: =VLOOKUP($N32,$N$3:$T$9,3,FALSE) -> 13.6 | Q32: =VLOOKUP($N32,$N$3:$T$9,4,FALSE) -> 320 | R32: =VLOOKUP($N32,$N$3:$T$9,5,FALSE) -> 365 | S32: =VLOOKUP($N32,$N$3:$T$9,6,FALSE) -> 2.5 | T32: =VLOOKUP($N32,$N$3:$T$9,7,FALSE) -> 2.5
A33: 43837 | B33: ST001 | C33: 11.5 | D33: =IF(+(IF(C33<O33,0,IF(C33>P33,0,1)))=1,1,0) -> 0 | E33: =#REF! -> #REF! | F33: =IF(+(IF(E33<Q33,0,IF(E33>R33,0,1)))=1,1,0) -> #REF! | I33: 0 | J33: R. Regis | N33: =LEFT(B33,2) -> ST | O33: =VLOOKUP($N33,$N$3:$T$9,2,FALSE) -> 11.6 | P33: =VLOOKUP($N33,$N$3:$T$9,3,FALSE) -> 11.9 | Q33: =VLOOKUP($N33,$N$3:$T$9,4,FALSE) -> 250 | R33: =VLOOKUP($N33,$N$3:$T$9,5,FALSE) -> 305 | S33: =VLOOKUP($N33,$N$3:$T$9,6,FALSE) -> 2.5 | T33: =VLOOKUP($N33,$N$3:$T$9,7,FALSE) -> 2.5
A34: 43837 | B34: ST002 | C34: 12.4 | D34: =IF(+(IF(C34<O34,0,IF(C34>P34,0,1)))=1,1,0) -> 0 | E34: =#REF! -> #REF! | F34: =IF(+(IF(E34<Q34,0,IF(E34>R34,0,1)))=1,1,0) -> #REF! | I34: 0 | J34: R. Regis | N34: =LEFT(B34,2) -> ST | O34: =VLOOKUP($N34,$N$3:$T$9,2,FALSE) -> 11.6 | P34: =VLOOKUP($N34,$N$3:$T$9,3,FALSE) -> 11.9 | Q34: =VLOOKUP($N34,$N$3:$T$9,4,FALSE) -> 250 | R34: =VLOOKUP($N34,$N$3:$T$9,5,FALSE) -> 305 | S34: =VLOOKUP($N34,$N$3:$T$9,6,FALSE) -> 2.5 | T34: =VLOOKUP($N34,$N$3:$T$9,7,FALSE) -> 2.5
A35: 43837 | B35: ST003 | C35: 11.7 | D35: =IF(+(IF(C35<O35,0,IF(C35>P35,0,1)))=1,1,0) -> 1 | E35: =#REF! -> #REF! | F35: =IF(+(IF(E35<Q35,0,IF(E35>R35,0,1)))=1,1,0) -> #REF! | I35: 1 | J35: R. Regis | N35: =LEFT(B35,2) -> ST | O35: =VLOOKUP($N35,$N$3:$T$9,2,FALSE) -> 11.6 | P35: =VLOOKUP($N35,$N$3:$T$9,3,FALSE) -> 11.9 | Q35: =VLOOKUP($N35,$N$3:$T$9,4,FALSE) -> 250 | R35: =VLOOKUP($N35,$N$3:$T$9,5,FALSE) -> 305 | S35: =VLOOKUP($N35,$N$3:$T$9,6,FALSE) -> 2.5 | T35: =VLOOKUP($N35,$N$3:$T$9,7,FALSE) -> 2.5
A36: 43837 | B36: ST004 | C36: 11.8 | D36: =IF(+(IF(C36<O36,0,IF(C36>P36,0,1)))=1,1,0) -> 1 | E36: =#REF! -> #REF! | F36: =IF(+(IF(E36<Q36,0,IF(E36>R36,0,1)))=1,1,0) -> #REF! | I36: 1 | J36: R. Regis | N36: =LEFT(B36,2) -> ST | O36: =VLOOKUP($N36,$N$3:$T$9,2,FALSE) -> 11.6 | P36: =VLOOKUP($N36,$N$3:$T$9,3,FALSE) -> 11.9 | Q36: =VLOOKUP($N36,$N$3:$T$9,4,FALSE) -> 250 | R36: =VLOOKUP($N36,$N$3:$T$9,5,FALSE) -> 305 | S36: =VLOOKUP($N36,$N$3:$T$9,6,FALSE) -> 2.5 | T36: =VLOOKUP($N36,$N$3:$T$9,7,FALSE) -> 2.5
A37: 43837 | B37: ST005 | C37: 11.7 | D37: =IF(+(IF(C37<O37,0,IF(C37>P37,0,1)))=1,1,0) -> 1 | E37: =#REF! -> #REF! | F37: =IF(+(IF(E37<Q37,0,IF(E37>R37,0,1)))=1,1,0) -> #REF! | I37: 1 | J37: K. Benjamin | N37: =LEFT(B37,2) -> ST | O37: =VLOOKUP($N37,$N$3:$T$9,2,FALSE) -> 11.6 | P37: =VLOOKUP($N37,$N$3:$T$9,3,FALSE) -> 11.9 | Q37: =VLOOKUP($N37,$N$3:$T$9,4,FALSE) -> 250 | R37: =VLOOKUP($N37,$N$3:$T$9,5,FALSE) -> 305 | S37: =VLOOKUP($N37,$N$3:$T$9,6,FALSE) -> 2.5 | T37: =VLOOKUP($N37,$N$3:$T$9,7,FALSE) -> 2.5
A38: 43837 | B38: ST006 | C38: 11.9 | D38: =IF(+(IF(C38<O38,0,IF(C38>P38,0,1)))=1,1,0) -> 1 | E38: =#REF! -> #REF! | F38: =IF(+(IF(E38<Q38,0,IF(E38>R38,0,1)))=1,1,0) -> #REF! | I38: 1 | J38: K. Benjamin | N38: =LEFT(B38,2) -> ST | O38: =VLOOKUP($N38,$N$3:$T$9,2,FALSE) -> 11.6 | P38: =VLOOKUP($N38,$N$3:$T$9,3,FALSE) -> 11.9 | Q38: =VLOOKUP($N38,$N$3:$T$9,4,FALSE) -> 250 | R38: =VLOOKUP($N38,$N$3:$T$9,5,FALSE) -> 305 | S38: =VLOOKUP($N38,$N$3:$T$9,6,FALSE) -> 2.5 | T38: =VLOOKUP($N38,$N$3:$T$9,7,FALSE) -> 2.5
A39: 43837 | B39: ST007 | C39: 11.8 | D39: =IF(+(IF(C39<O39,0,IF(C39>P39,0,1)))=1,1,0) -> 1 | E39: =#REF! -> #REF! | F39: =IF(+(IF(E39<Q39,0,IF(E39>R39,0,1)))=1,1,0) -> #REF! | I39: 1 | J39: K. Benjamin | N39: =LEFT(B39,2) -> ST | O39: =VLOOKUP($N39,$N$3:$T$9,2,FALSE) -> 11.6 | P39: =VLOOKUP($N39,$N$3:$T$9,3,FALSE) -> 11.9 | Q39: =VLOOKUP($N39,$N$3:$T$9,4,FALSE) -> 250 | R39: =VLOOKUP($N39,$N$3:$T$9,5,FALSE) -> 305 | S39: =VLOOKUP($N39,$N$3:$T$9,6,FALSE) -> 2.5 | T39: =VLOOKUP($N39,$N$3:$T$9,7,FALSE) -> 2.5
A40: 43837 | B40: ST008 | C40: 11.9 | D40: =IF(+(IF(C40<O40,0,IF(C40>P40,0,1)))=1,1,0) -> 1 | E40: =#REF! -> #REF! | F40: =IF(+(IF(E40<Q40,0,IF(E40>R40,0,1)))=1,1,0) -> #REF! | I40: 1 | J40: K. Benjamin | N40: =LEFT(B40,2) -> ST | O40: =VLOOKUP($N40,$N$3:$T$9,2,FALSE) -> 11.6 | P40: =VLOOKUP($N40,$N$3:$T$9,3,FALSE) -> 11.9 | Q40: =VLOOKUP($N40,$N$3:$T$9,4,FALSE) -> 250 | R40: =VLOOKUP($N40,$N$3:$T$9,5,FALSE) -> 305 | S40: =VLOOKUP($N40,$N$3:$T$9,6,FALSE) -> 2.5 | T40: =VLOOKUP($N40,$N$3:$T$9,7,FALSE) -> 2.5
A41: 43837 | B41: ST009 | C41: 11.9 | D41: =IF(+(IF(C41<O41,0,IF(C41>P41,0,1)))=1,1,0) -> 1 | E41: =#REF! -> #REF! | F41: =IF(+(IF(E41<Q41,0,IF(E41>R41,0,1)))=1,1,0) -> #REF! | I41: 1 | J41: J.Greenidge | N41: =LEFT(B41,2) -> ST | O41: =VLOOKUP($N41,$N$3:$T$9,2,FALSE) -> 11.6 | P41: =VLOOKUP($N41,$N$3:$T$9,3,FALSE) -> 11.9 | Q41: =VLOOKUP($N41,$N$3:$T$9,4,FALSE) -> 250 | R41: =VLOOKUP($N41,$N$3:$T$9,5,FALSE) -> 305 | S41: =VLOOKUP($N41,$N$3:$T$9,6,FALSE) -> 2.5 | T41: =VLOOKUP($N41,$N$3:$T$9,7,FALSE) -> 2.5
A42: 43838 | B42: ST010 | C42: 11.8 | D42: =IF(+(IF(C42<O42,0,IF(C42>P42,0,1)))=1,1,0) -> 1 | E42: =#REF! -> #REF! | F42: =IF(+(IF(E42<Q42,0,IF(E42>R42,0,1)))=1,1,0) -> #REF! | I42: 1 | J42: J.Greenidge | N42: =LEFT(B42,2) -> ST | O42: =VLOOKUP($N42,$N$3:$T$9,2,FALSE) -> 11.6 | P42: =VLOOKUP($N42,$N$3:$T$9,3,FALSE) -> 11.9 | Q42: =VLOOKUP($N42,$N$3:$T$9,4,FALSE) -> 250 | R42: =VLOOKUP($N42,$N$3:$T$9,5,FALSE) -> 305 | S42: =VLOOKUP($N42,$N$3:$T$9,6,FALSE) -> 2.5 | T42: =VLOOKUP($N42,$N$3:$T$9,7,FALSE) -> 2.5
A43: 43838 | B43: ST011 | C43: 11.8 | D43: =IF(+(IF(C43<O43,0,IF(C43>P43,0,1)))=1,1,0) -> 1 | E43: =#REF! -> #REF! | F43: =IF(+(IF(E43<Q43,0,IF(E43>R43,0,1)))=1,1,0) -> #REF! | I43: 0 | J43: J.Greenidge | N43: =LEFT(B43,2) -> ST | O43: =VLOOKUP($N43,$N$3:$T$9,2,FALSE) -> 11.6 | P43: =VLOOKUP($N43,$N$3:$T$9,3,FALSE) -> 11.9 | Q43: =VLOOKUP($N43,$N$3:$T$9,4,FALSE) -> 250 | R43: =VLOOKUP($N43,$N$3:$T$9,5,FALSE) -> 305 | S43: =VLOOKUP($N43,$N$3:$T$9,6,FALSE) -> 2.5 | T43: =VLOOKUP($N43,$N$3:$T$9,7,FALSE) -> 2.5
A44: 43838 | B44: ST012 | C44: 11.7 | D44: =IF(+(IF(C44<O44,0,IF(C44>P44,0,1)))=1,1,0) -> 1 | E44: =#REF! -> #REF! | F44: =IF(+(IF(E44<Q44,0,IF(E44>R44,0,1)))=1,1,0) -> #REF! | I44: 0 | J44: R. Regis | N44: =LEFT(B44,2) -> ST | O44: =VLOOKUP($N44,$N$3:$T$9,2,FALSE) -> 11.6 | P44: =VLOOKUP($N44,$N$3:$T$9,3,FALSE) -> 11.9 | Q44: =VLOOKUP($N44,$N$3:$T$9,4,FALSE) -> 250 | R44: =VLOOKUP($N44,$N$3:$T$9,5,FALSE) -> 305 | S44: =VLOOKUP($N44,$N$3:$T$9,6,FALSE) -> 2.5 | T44: =VLOOKUP($N44,$N$3:$T$9,7,FALSE) -> 2.5
... A56: 43839 | B56: CA024 | C56: 11.8 | D56: =IF(+(IF(C56<O56,0,IF(C56>P56,0,1)))=1,1,0) -> 1 | E56: =#REF! -> #REF! | F56: =IF(+(IF(E56<Q56,0,IF(E56>R56,0,1)))=1,1,0) -> #REF! | I56: 1 | J56: J.Greenidge | N56: =LEFT(B56,2) -> CA | O56: =VLOOKUP($N56,$N$3:$T$9,2,FALSE) -> 11.6 | P56: =VLOOKUP($N56,$N$3:$T$9,3,FALSE) -> 11.9 | Q56: =VLOOKUP($N56,$N$3:$T$9,4,FALSE) -> 250 | R56: =VLOOKUP($N56,$N$3:$T$9,5,FALSE) -> 305 | S56: =VLOOKUP($N56,$N$3:$T$9,6,FALSE) -> 2.5 | T56: =VLOOKUP($N56,$N$3:$T$9,7,FALSE) -> 2.5
A57: 43839 | B57: SM001 | C57: 17.6 | D57: =IF(+(IF(C57<O57,0,IF(C57>P57,0,1)))=1,1,0) -> 0 | F57: =IF(+(IF(E57<Q57,0,IF(E57>R57,0,1)))=1,1,0) -> 0 | I57: 0 | J57: J.Greenidge | N57: =LEFT(B57,2) -> SM | O57: =VLOOKUP($N57,$N$3:$T$9,2,FALSE) -> 17.1 | P57: =VLOOKUP($N57,$N$3:$T$9,3,FALSE) -> 17.5 | Q57: =VLOOKUP($N57,$N$3:$T$9,4,FALSE) -> 300 | R57: =VLOOKUP($N57,$N$3:$T$9,5,FALSE) -> 350 | S57: =VLOOKUP($N57,$N$3:$T$9,6,FALSE) -> 0 | T57: =VLOOKUP($N57,$N$3:$T$9,7,FALSE) -> 0
A58: 43839 | B58: SM002 | C58: 17.6 | D58: =IF(+(IF(C58<O58,0,IF(C58>P58,0,1)))=1,1,0) -> 0 | F58: =IF(+(IF(E58<Q58,0,IF(E58>R58,0,1)))=1,1,0) -> 0 | I58: 0 | J58: R. Regis | N58: =LEFT(B58,2) -> SM | O58: =VLOOKUP($N58,$N$3:$T$9,2,FALSE) -> 17.1 | P58: =VLOOKUP($N58,$N$3:$T$9,3,FALSE) -> 17.5 | Q58: =VLOOKUP($N58,$N$3:$T$9,4,FALSE) -> 300 | R58: =VLOOKUP($N58,$N$3:$T$9,5,FALSE) -> 350 | S58: =VLOOKUP($N58,$N$3:$T$9,6,FALSE) -> 0 | T58: =VLOOKUP($N58,$N$3:$T$9,7,FALSE) -> 0
A59: 43839 | B59: SM003 | C59: 17.3 | D59: =IF(+(IF(C59<O59,0,IF(C59>P59,0,1)))=1,1,0) -> 1 | F59: =IF(+(IF(E59<Q59,0,IF(E59>R59,0,1)))=1,1,0) -> 0 | I59: 1 | J59: R. Regis | N59: =LEFT(B59,2) -> SM | O59: =VLOOKUP($N59,$N$3:$T$9,2,FALSE) -> 17.1 | P59: =VLOOKUP($N59,$N$3:$T$9,3,FALSE) -> 17.5 | Q59: =VLOOKUP($N59,$N$3:$T$9,4,FALSE) -> 300 | R59: =VLOOKUP($N59,$N$3:$T$9,5,FALSE) -> 350 | S59: =VLOOKUP($N59,$N$3:$T$9,6,FALSE) -> 0 | T59: =VLOOKUP($N59,$N$3:$T$9,7,FALSE) -> 0
A60: 43839 | B60: SM004 | C60: 17.2 | D60: =IF(+(IF(C60<O60,0,IF(C60>P60,0,1)))=1,1,0) -> 1 | F60: =IF(+(IF(E60<Q60,0,IF(E60>R60,0,1)))=1,1,0) -> 0 | I60: 1 | J60: R. Regis | N60: =LEFT(B60,2) -> SM | O60: =VLOOKUP($N60,$N$3:$T$9,2,FALSE) -> 17.1 | P60: =VLOOKUP($N60,$N$3:$T$9,3,FALSE) -> 17.5 | Q60: =VLOOKUP($N60,$N$3:$T$9,4,FALSE) -> 300 | R60: =VLOOKUP($N60,$N$3:$T$9,5,FALSE) -> 350 | S60: =VLOOKUP($N60,$N$3:$T$9,6,FALSE) -> 0 | T60: =VLOOKUP($N60,$N$3:$T$9,7,FALSE) -> 0
A61: 43839 | B61: ST013 | C61: 11.8 | D61: =IF(+(IF(C61<O61,0,IF(C61>P61,0,1)))=1,1,0) -> 1 | E61: =#REF! -> #REF! | F61: =IF(+(IF(E61<Q61,0,IF(E61>R61,0,1)))=1,1,0) -> #REF! | I61: 1 | J61: R. Regis | N61: =LEFT(B61,2) -> ST | O61: =VLOOKUP($N61,$N$3:$T$9,2,FALSE) -> 11.6 | P61: =VLOOKUP($N61,$N$3:$T$9,3,FALSE) -> 11.9 | Q61: =VLOOKUP($N61,$N$3:$T$9,4,FALSE) -> 250 | R61: =VLOOKUP($N61,$N$3:$T$9,5,FALSE) -> 305 | S61: =VLOOKUP($N61,$N$3:$T$9,6,FALSE) -> 2.5 | T61: =VLOOKUP($N61,$N$3:$T$9,7,FALSE) -> 2.5
A62: 43840 | B62: SM005 | C62: 17.5 | D62: =IF(+(IF(C62<O62,0,IF(C62>P62,0,1)))=1,1,0) -> 1 | F62: =IF(+(IF(E62<Q62,0,IF(E62>R62,0,1)))=1,1,0) -> 0 | I62: 1 | J62: R. Regis | N62: =LEFT(B62,2) -> SM | O62: =VLOOKUP($N62,$N$3:$T$9,2,FALSE) -> 17.1 | P62: =VLOOKUP($N62,$N$3:$T$9,3,FALSE) -> 17.5 | Q62: =VLOOKUP($N62,$N$3:$T$9,4,FALSE) -> 300 | R62: =VLOOKUP($N62,$N$3:$T$9,5,FALSE) -> 350 | S62: =VLOOKUP($N62,$N$3:$T$9,6,FALSE) -> 0 | T62: =VLOOKUP($N62,$N$3:$T$9,7,FALSE) -> 0
A63: 43840 | B63: SM006 | C63: 17.3 | D63: =IF(+(IF(C63<O63,0,IF(C63>P63,0,1)))=1,1,0) -> 1 | F63: =IF(+(IF(E63<Q63,0,IF(E63>R63,0,1)))=1,1,0) -> 0 | I63: 1 | J63: J.Greenidge | N63: =LEFT(B63,2) -> SM | O63: =VLOOKUP($N63,$N$3:$T$9,2,FALSE) -> 17.1 | P63: =VLOOKUP($N63,$N$3:$T$9,3,FALSE) -> 17.5 | Q63: =VLOOKUP($N63,$N$3:$T$9,4,FALSE) -> 300 | R63: =VLOOKUP($N63,$N$3:$T$9,5,FALSE) -> 350 | S63: =VLOOKUP($N63,$N$3:$T$9,6,FALSE) -> 0 | T63: =VLOOKUP($N63,$N$3:$T$9,7,FALSE) -> 0
A64: 43843 | B64: ST014 | C64: 11.6 | D64: =IF(+(IF(C64<O64,0,IF(C64>P64,0,1)))=1,1,0) -> 1 | E64: =#REF! -> #REF! | F64: =IF(+(IF(E64<Q64,0,IF(E64>R64,0,1)))=1,1,0) -> #REF! | I64: 0 | J64: K. Benjamin | N64: =LEFT(B64,2) -> ST | O64: =VLOOKUP($N64,$N$3:$T$9,2,FALSE) -> 11.6 | P64: =VLOOKUP($N64,$N$3:$T$9,3,FALSE) -> 11.9 | Q64: =VLOOKUP($N64,$N$3:$T$9,4,FALSE) -> 250 | R64: =VLOOKUP($N64,$N$3:$T$9,5,FALSE) -> 305 | S64: =VLOOKUP($N64,$N$3:$T$9,6,FALSE) -> 2.5 | T64: =VLOOKUP($N64,$N$3:$T$9,7,FALSE) -> 2.5
A65: 43843 | B65: GU001 | C65: 17.2 | D65: =IF(+(IF(C65<O65,0,IF(C65>P65,0,1)))=1,1,0) -> 1 | E65: =#REF! -> #REF! | F65: =IF(+(IF(E65<Q65,0,IF(E65>R65,0,1)))=1,1,0) -> #REF! | I65: 0 | J65: J.Greenidge | N65: =LEFT(B65,2) -> GU | O65: =VLOOKUP($N65,$N$3:$T$9,2,FALSE) -> 17 | P65: =VLOOKUP($N65,$N$3:$T$9,3,FALSE) -> 17.5 | Q65: =VLOOKUP($N65,$N$3:$T$9,4,FALSE) -> 280 | R65: =VLOOKUP($N65,$N$3:$T$9,5,FALSE) -> 365 | S65: =VLOOKUP($N65,$N$3:$T$9,6,FALSE) -> 3.5 | T65: =VLOOKUP($N65,$N$3:$T$9,7,FALSE) -> 3.5
A66: 43843 | B66: GU002 | C66: 17.6 | D66: =IF(+(IF(C66<O66,0,IF(C66>P66,0,1)))=1,1,0) -> 0 | E66: =#REF! -> #REF! | F66: =IF(+(IF(E66<Q66,0,IF(E66>R66,0,1)))=1,1,0) -> #REF! | I66: 0 | J66: J.Greenidge | N66: =LEFT(B66,2) -> GU | O66: =VLOOKUP($N66,$N$3:$T$9,2,FALSE) -> 17 | P66: =VLOOKUP($N66,$N$3:$T$9,3,FALSE) -> 17.5 | Q66: =VLOOKUP($N66,$N$3:$T$9,4,FALSE) -> 280 | R66: =VLOOKUP($N66,$N$3:$T$9,5,FALSE) -> 365 | S66: =VLOOKUP($N66,$N$3:$T$9,6,FALSE) -> 3.5 | T66: =VLOOKUP($N66,$N$3:$T$9,7,FALSE) -> 3.5
A67: 43843 | B67: GU003 | C67: 17.5 | D67: =IF(+(IF(C67<O67,0,IF(C67>P67,0,1)))=1,1,0) -> 1 | E67: =#REF! -> #REF! | F67: =IF(+(IF(E67<Q67,0,IF(E67>R67,0,1)))=1,1,0) -> #REF! | I67: 1 | J67: R. Regis | N67: =LEFT(B67,2) -> GU | O67: =VLOOKUP($N67,$N$3:$T$9,2,FALSE) -> 17 | P67: =VLOOKUP($N67,$N$3:$T$9,3,FALSE) -> 17.5 | Q67: =VLOOKUP($N67,$N$3:$T$9,4,FALSE) -> 280 | R67: =VLOOKUP($N67,$N$3:$T$9,5,FALSE) -> 365 | S67: =VLOOKUP($N67,$N$3:$T$9,6,FALSE) -> 3.5 | T67: =VLOOKUP($N67,$N$3:$T$9,7,FALSE) -> 3.5
A68: 43843 | B68: GU004 | C68: 17.5 | D68: =IF(+(IF(C68<O68,0,IF(C68>P68,0,1)))=1,1,0) -> 1 | E68: =#REF! -> #REF! | F68: =IF(+(IF(E68<Q68,0,IF(E68>R68,0,1)))=1,1,0) -> #REF! | I68: 0 | J68: R. Regis | N68: =LEFT(B68,2) -> GU | O68: =VLOOKUP($N68,$N$3:$T$9,2,FALSE) -> 17 | P68: =VLOOKUP($N68,$N$3:$T$9,3,FALSE) -> 17.5 | Q68: =VLOOKUP($N68,$N$3:$T$9,4,FALSE) -> 280 | R68: =VLOOKUP($N68,$N$3:$T$9,5,FALSE) -> 365 | S68: =VLOOKUP($N68,$N$3:$T$9,6,FALSE) -> 3.5 | T68: =VLOOKUP($N68,$N$3:$T$9,7,FALSE) -> 3.5
A69: 43843 | B69: GU005 | C69: 17.35 | D69: =IF(+(IF(C69<O69,0,IF(C69>P69,0,1)))=1,1,0) -> 1 | E69: =#REF! -> #REF! | F69: =IF(+(IF(E69<Q69,0,IF(E69>R69,0,1)))=1,1,0) -> #REF! | I69: 0 | J69: R. Regis | N69: =LEFT(B69,2) -> GU | O69: =VLOOKUP($N69,$N$3:$T$9,2,FALSE) -> 17 | P69: =VLOOKUP($N69,$N$3:$T$9,3,FALSE) -> 17.5 | Q69: =VLOOKUP($N69,$N$3:$T$9,4,FALSE) -> 280 | R69: =VLOOKUP($N69,$N$3:$T$9,5,FALSE) -> 365 | S69: =VLOOKUP($N69,$N$3:$T$9,6,FALSE) -> 3.5 | T69: =VLOOKUP($N69,$N$3:$T$9,7,FALSE) -> 3.5
A70: 43844 | B70: GU006 | C70: 17.2 | D70: =IF(+(IF(C70<O70,0,IF(C70>P70,0,1)))=1,1,0) -> 1 | E70: =#REF! -> #REF! | F70: =IF(+(IF(E70<Q70,0,IF(E70>R70,0,1)))=1,1,0) -> #REF! | I70: 1 | J70: K. Benjamin | N70: =LEFT(B70,2) -> GU | O70: =VLOOKUP($N70,$N$3:$T$9,2,FALSE) -> 17 | P70: =VLOOKUP($N70,$N$3:$T$9,3,FALSE) -> 17.5 | Q70: =VLOOKUP($N70,$N$3:$T$9,4,FALSE) -> 280 | R70: =VLOOKUP($N70,$N$3:$T$9,5,FALSE) -> 365 | S70: =VLOOKUP($N70,$N$3:$T$9,6,FALSE) -> 3.5 | T70: =VLOOKUP($N70,$N$3:$T$9,7,FALSE) -> 3.5
A71: 43844 | B71: ST015 | C71: 11.7 | D71: =IF(+(IF(C71<O71,0,IF(C71>P71,0,1)))=1,1,0) -> 1 | E71: =#REF! -> #REF! | F71: =IF(+(IF(E71<Q71,0,IF(E71>R71,0,1)))=1,1,0) -> #REF! | I71: 1 | J71: K. Benjamin | N71: =LEFT(B71,2) -> ST | O71: =VLOOKUP($N71,$N$3:$T$9,2,FALSE) -> 11.6 | P71: =VLOOKUP($N71,$N$3:$T$9,3,FALSE) -> 11.9 | Q71: =VLOOKUP($N71,$N$3:$T$9,4,FALSE) -> 250 | R71: =VLOOKUP($N71,$N$3:$T$9,5,FALSE) -> 305 | S71: =VLOOKUP($N71,$N$3:$T$9,6,FALSE) -> 2.5 | T71: =VLOOKUP($N71,$N$3:$T$9,7,FALSE) -> 2.5
A72: 43844 | B72: ST016 | C72: 11.7 | D72: =IF(+(IF(C72<O72,0,IF(C72>P72,0,1)))=1,1,0) -> 1 | E72: =#REF! -> #REF! | F72: =IF(+(IF(E72<Q72,0,IF(E72>R72,0,1)))=1,1,0) -> #REF! | I72: 1 | J72: J.Greenidge | N72: =LEFT(B72,2) -> ST | O72: =VLOOKUP($N72,$N$3:$T$9,2,FALSE) -> 11.6 | P72: =VLOOKUP($N72,$N$3:$T$9,3,FALSE) -> 11.9 | Q72: =VLOOKUP($N72,$N$3:$T$9,4,FALSE) -> 250 | R72: =VLOOKUP($N72,$N$3:$T$9,5,FALSE) -> 305 | S72: =VLOOKUP($N72,$N$3:$T$9,6,FALSE) -> 2.5 | T72: =VLOOKUP($N72,$N$3:$T$9,7,FALSE) -> 2.5
A73: 43844 | B73: ST017 | C73: 11.8 | D73: =IF(+(IF(C73<O73,0,IF(C73>P73,0,1)))=1,1,0) -> 1 | E73: =#REF! -> #REF! | F73: =IF(+(IF(E73<Q73,0,IF(E73>R73,0,1)))=1,1,0) -> #REF! | I73: 1 | J73: J.Greenidge | N73: =LEFT(B73,2) -> ST | O73: =VLOOKUP($N73,$N$3:$T$9,2,FALSE) -> 11.6 | P73: =VLOOKUP($N73,$N$3:$T$9,3,FALSE) -> 11.9 | Q73: =VLOOKUP($N73,$N$3:$T$9,4,FALSE) -> 250 | R73: =VLOOKUP($N73,$N$3:$T$9,5,FALSE) -> 305 | S73: =VLOOKUP($N73,$N$3:$T$9,6,FALSE) -> 2.5 | T73: =VLOOKUP($N73,$N$3:$T$9,7,FALSE) -> 2.5
A74: 43844 | B74: ST018 | C74: 11.9 | D74: =IF(+(IF(C74<O74,0,IF(C74>P74,0,1)))=1,1,0) -> 1 | E74: =#REF! -> #REF! | F74: =IF(+(IF(E74<Q74,0,IF(E74>R74,0,1)))=1,1,0) -> #REF! | I74: 1 | J74: J.Greenidge | N74: =LEFT(B74,2) -> ST | O74: =VLOOKUP($N74,$N$3:$T$9,2,FALSE) -> 11.6 | P74: =VLOOKUP($N74,$N$3:$T$9,3,FALSE) -> 11.9 | Q74: =VLOOKUP($N74,$N$3:$T$9,4,FALSE) -> 250 | R74: =VLOOKUP($N74,$N$3:$T$9,5,FALSE) -> 305 | S74: =VLOOKUP($N74,$N$3:$T$9,6,FALSE) -> 2.5 | T74: =VLOOKUP($N74,$N$3:$T$9,7,FALSE) -> 2.5
A75: 43845 | B75: CAO25 | C75: 11.53 | D75: =IF(+(IF(C75<O75,0,IF(C75>P75,0,1)))=1,1,0) -> 0 | E75: =#REF! -> #REF! | F75: =IF(+(IF(E75<Q74,0,IF(E75>R74,0,1)))=1,1,0) -> #REF! | I75: 0 | J75: J.Greenidge | N75: =LEFT(B76,2) -> CA | O75: =VLOOKUP($N75,$N$3:$T$9,2,FALSE) -> 11.6 | P75: =VLOOKUP($N75,$N$3:$T$9,3,FALSE) -> 11.9 | Q75: =VLOOKUP($N75,$N$3:$T$9,4,FALSE) -> 250 | R75: =VLOOKUP($N75,$N$3:$T$9,5,FALSE) -> 305 | S75: =VLOOKUP($N75,$N$3:$T$9,6,FALSE) -> 2.5 | T75: =VLOOKUP($N75,$N$3:$T$9,7,FALSE) -> 2.5
A76: 43845 | B76: CAO26 | C76: 11.9 | D76: =IF(+(IF(C76<O76,0,IF(C76>P76,0,1)))=1,1,0) -> 1 | E76: =#REF! -> #REF! | F76: =IF(+(IF(E76<Q75,0,IF(E76>R75,0,1)))=1,1,0) -> #REF! | I76: 0 | J76: J.Greenidge | N76: =LEFT(B77,2) -> CA | O76: =VLOOKUP($N76,$N$3:$T$9,2,FALSE) -> 11.6 | P76: =VLOOKUP($N76,$N$3:$T$9,3,FALSE) -> 11.9 | Q76: =VLOOKUP($N76,$N$3:$T$9,4,FALSE) -> 250 | R76: =VLOOKUP($N76,$N$3:$T$9,5,FALSE) -> 305 | S76: =VLOOKUP($N76,$N$3:$T$9,6,FALSE) -> 2.5 | T76: =VLOOKUP($N76,$N$3:$T$9,7,FALSE) -> 2.5
A77: 43845 | B77: CAO27 | C77: 11.8 | D77: =IF(+(IF(C77<O77,0,IF(C77>P77,0,1)))=1,1,0) -> 1 | E77: =#REF! -> #REF! | F77: =IF(+(IF(E77<Q76,0,IF(E77>R76,0,1)))=1,1,0) -> #REF! | I77: 1 | J77: J.Greenidge | N77: =LEFT(B78,2) -> CA | O77: =VLOOKUP($N77,$N$3:$T$9,2,FALSE) -> 11.6 | P77: =VLOOKUP($N77,$N$3:$T$9,3,FALSE) -> 11.9 | Q77: =VLOOKUP($N77,$N$3:$T$9,4,FALSE) -> 250 | R77: =VLOOKUP($N77,$N$3:$T$9,5,FALSE) -> 305 | S77: =VLOOKUP($N77,$N$3:$T$9,6,FALSE) -> 2.5 | T77: =VLOOKUP($N77,$N$3:$T$9,7,FALSE) -> 2.5
A78: 43845 | B78: CAO28 | C78: 11.8 | D78: =IF(+(IF(C78<O78,0,IF(C78>P78,0,1)))=1,1,0) -> 1 | E78: =#REF! -> #REF! | F78: =IF(+(IF(E78<Q77,0,IF(E78>R77,0,1)))=1,1,0) -> #REF! | I78: 1 | J78: R. Regis | N78: =LEFT(B79,2) -> CA | O78: =VLOOKUP($N78,$N$3:$T$9,2,FALSE) -> 11.6 | P78: =VLOOKUP($N78,$N$3:$T$9,3,FALSE) -> 11.9 | Q78: =VLOOKUP($N78,$N$3:$T$9,4,FALSE) -> 250 | R78: =VLOOKUP($N78,$N$3:$T$9,5,FALSE) -> 305 | S78: =VLOOKUP($N78,$N$3:$T$9,6,FALSE) -> 2.5 | T78: =VLOOKUP($N78,$N$3:$T$9,7,FALSE) -> 2.5
A79: 43845 | B79: CAO29 | C79: 11.8 | D79: =IF(+(IF(C79<O79,0,IF(C79>P79,0,1)))=1,1,0) -> 1 | E79: =#REF! -> #REF! | F79: =IF(+(IF(E79<Q78,0,IF(E79>R78,0,1)))=1,1,0) -> #REF! | I79: 1 | J79: R. Regis | N79: =LEFT(B80,2) -> CA | O79: =VLOOKUP($N79,$N$3:$T$9,2,FALSE) -> 11.6 | P79: =VLOOKUP($N79,$N$3:$T$9,3,FALSE) -> 11.9 | Q79: =VLOOKUP($N79,$N$3:$T$9,4,FALSE) -> 250 | R79: =VLOOKUP($N79,$N$3:$T$9,5,FALSE) -> 305 | S79: =VLOOKUP($N79,$N$3:$T$9,6,FALSE) -> 2.5 | T79: =VLOOKUP($N79,$N$3:$T$9,7,FALSE) -> 2.5
A80: 43845 | B80: CAO30 | C80: 11.9 | D80: =IF(+(IF(C80<O80,0,IF(C80>P80,0,1)))=1,1,0) -> 1 | E80: =#REF! -> #REF! | F80: =IF(+(IF(E80<Q79,0,IF(E80>R79,0,1)))=1,1,0) -> #REF! | I80: 1 | J80: R. Regis | N80: =LEFT(B81,2) -> CA | O80: =VLOOKUP($N80,$N$3:$T$9,2,FALSE) -> 11.6 | P80: =VLOOKUP($N80,$N$3:$T$9,3,FALSE) -> 11.9 | Q80: =VLOOKUP($N80,$N$3:$T$9,4,FALSE) -> 250 | R80: =VLOOKUP($N80,$N$3:$T$9,5,FALSE) -> 305 | S80: =VLOOKUP($N80,$N$3:$T$9,6,FALSE) -> 2.5 | T80: =VLOOKUP($N80,$N$3:$T$9,7,FALSE) -> 2.5
A81: 43845 | B81: CAO31 | C81: 11.6 | D81: =IF(+(IF(C81<O81,0,IF(C81>P81,0,1)))=1,1,0) -> 1 | E81: =#REF! -> #REF! | F81: =IF(+(IF(E81<Q80,0,IF(E81>R80,0,1)))=1,1,0) -> #REF! | I81: 1 | J81: K. Benjamin | N81: =LEFT(B81,2) -> CA | O81: =VLOOKUP($N81,$N$3:$T$9,2,FALSE) -> 11.6 | P81: =VLOOKUP($N81,$N$3:$T$9,3,FALSE) -> 11.9 | Q81: =VLOOKUP($N81,$N$3:$T$9,4,FALSE) -> 250 | R81: =VLOOKUP($N81,$N$3:$T$9,5,FALSE) -> 305 | S81: =VLOOKUP($N81,$N$3:$T$9,6,FALSE) -> 2.5 | T81: =VLOOKUP($N81,$N$3:$T$9,7,FALSE) -> 2.5
A82: 43845 | B82: CAO32 | C82: 11.7 | D82: =IF(+(IF(C82<O82,0,IF(C82>P82,0,1)))=1,1,0) -> 1 | E82: =#REF! -> #REF! | F82: =IF(+(IF(E82<Q81,0,IF(E82>R81,0,1)))=1,1,0) -> #REF! | I82: 1 | J82: K. Benjamin | N82: =LEFT(B82,2) -> CA | O82: =VLOOKUP($N82,$N$3:$T$9,2,FALSE) -> 11.6 | P82: =VLOOKUP($N82,$N$3:$T$9,3,FALSE) -> 11.9 | Q82: =VLOOKUP($N82,$N$3:$T$9,4,FALSE) -> 250 | R82: =VLOOKUP($N82,$N$3:$T$9,5,FALSE) -> 305 | S82: =VLOOKUP($N82,$N$3:$T$9,6,FALSE) -> 2.5 | T82: =VLOOKUP($N82,$N$3:$T$9,7,FALSE) -> 2.5
A83: 43846 | B83: ST019 | C83: 12.1 | D83: =IF(+(IF(C83<O83,0,IF(C83>P83,0,1)))=1,1,0) -> 0 | E83: =#REF! -> #REF! | F83: =IF(+(IF(E83<Q82,0,IF(E83>R82,0,1)))=1,1,0) -> #REF! | I83: 0 | J83: K. Benjamin | N83: =LEFT(B83,2) -> ST | O83: =VLOOKUP($N83,$N$3:$T$9,2,FALSE) -> 11.6 | P83: =VLOOKUP($N83,$N$3:$T$9,3,FALSE) -> 11.9 | Q83: =VLOOKUP($N83,$N$3:$T$9,4,FALSE) -> 250 | R83: =VLOOKUP($N83,$N$3:$T$9,5,FALSE) -> 305 | S83: =VLOOKUP($N83,$N$3:$T$9,6,FALSE) -> 2.5 | T83: =VLOOKUP($N83,$N$3:$T$9,7,FALSE) -> 2.5
A84: 43846 | B84: ST020 | C84: 11.8 | D84: =IF(+(IF(C84<O84,0,IF(C84>P84,0,1)))=1,1,0) -> 1 | E84: =#REF! -> #REF! | F84: =IF(+(IF(E84<Q83,0,IF(E84>R83,0,1)))=1,1,0) -> #REF! | I84: 1 | J84: J.Greenidge | N84: =LEFT(B84,2) -> ST | O84: =VLOOKUP($N84,$N$3:$T$9,2,FALSE) -> 11.6 | P84: =VLOOKUP($N84,$N$3:$T$9,3,FALSE) -> 11.9 | Q84: =VLOOKUP($N84,$N$3:$T$9,4,FALSE) -> 250 | R84: =VLOOKUP($N84,$N$3:$T$9,5,FALSE) -> 305 | S84: =VLOOKUP($N84,$N$3:$T$9,6,FALSE) -> 2.5 | T84: =VLOOKUP($N84,$N$3:$T$9,7,FALSE) -> 2.5
A85: 43846 | B85: ST021 | C85: 11.8 | D85: =IF(+(IF(C85<O85,0,IF(C85>P85,0,1)))=1,1,0) -> 1 | E85: =#REF! -> #REF! | F85: =IF(+(IF(E85<Q84,0,IF(E85>R84,0,1)))=1,1,0) -> #REF! | I85: 0 | J85: J.Greenidge | N85: =LEFT(B85,2) -> ST | O85: =VLOOKUP($N85,$N$3:$T$9,2,FALSE) -> 11.6 | P85: =VLOOKUP($N85,$N$3:$T$9,3,FALSE) -> 11.9 | Q85: =VLOOKUP($N85,$N$3:$T$9,4,FALSE) -> 250 | R85: =VLOOKUP($N85,$N$3:$T$9,5,FALSE) -> 305 | S85: =VLOOKUP($N85,$N$3:$T$9,6,FALSE) -> 2.5 | T85: =VLOOKUP($N85,$N$3:$T$9,7,FALSE) -> 2.5
A86: 43846 | B86: ST022 | C86: 11.8 | D86: =IF(+(IF(C86<O86,0,IF(C86>P86,0,1)))=1,1,0) -> 1 | E86: =#REF! -> #REF! | F86: =IF(+(IF(E86<Q85,0,IF(E86>R85,0,1)))=1,1,0) -> #REF! | I86: 0 | J86: J.Greenidge | N86: =LEFT(B86,2) -> ST | O86: =VLOOKUP($N86,$N$3:$T$9,2,FALSE) -> 11.6 | P86: =VLOOKUP($N86,$N$3:$T$9,3,FALSE) -> 11.9 | Q86: =VLOOKUP($N86,$N$3:$T$9,4,FALSE) -> 250 | R86: =VLOOKUP($N86,$N$3:$T$9,5,FALSE) -> 305 | S86: =VLOOKUP($N86,$N$3:$T$9,6,FALSE) -> 2.5 | T86: =VLOOKUP($N86,$N$3:$T$9,7,FALSE) -> 2.5
A87: 43846 | B87: VM001 | C87: 14.4 | D87: =IF(+(IF(C87<O87,0,IF(C87>P87,0,1)))=1,1,0) -> 1 | F87: =IF(+(IF(E87<Q86,0,IF(E87>R86,0,1)))=1,1,0) -> 0 | I87: 1 | J87: R. Regis | N87: =LEFT(B87,2) -> VM | O87: =VLOOKUP($N87,$N$3:$T$9,2,FALSE) -> 14.4 | P87: =VLOOKUP($N87,$N$3:$T$9,3,FALSE) -> 14.6 | Q87: =VLOOKUP($N87,$N$3:$T$9,4,FALSE) -> 275 | R87: =VLOOKUP($N87,$N$3:$T$9,5,FALSE) -> 325 | S87: =VLOOKUP($N87,$N$3:$T$9,6,FALSE) -> 0 | T87: =VLOOKUP($N87,$N$3:$T$9,7,FALSE) -> 0
A88: 43846 | B88: VM001 | C88: 14.6 | D88: =IF(+(IF(C88<O88,0,IF(C88>P88,0,1)))=1,1,0) -> 1 | F88: =IF(+(IF(E88<Q87,0,IF(E88>R87,0,1)))=1,1,0) -> 0 | I88: 1 | J88: R. Regis | N88: =LEFT(B88,2) -> VM | O88: =VLOOKUP($N88,$N$3:$T$9,2,FALSE) -> 14.4 | P88: =VLOOKUP($N88,$N$3:$T$9,3,FALSE) -> 14.6 | Q88: =VLOOKUP($N88,$N$3:$T$9,4,FALSE) -> 275 | R88: =VLOOKUP($N88,$N$3:$T$9,5,FALSE) -> 325 | S88: =VLOOKUP($N88,$N$3:$T$9,6,FALSE) -> 0 | T88: =VLOOKUP($N88,$N$3:$T$9,7,FALSE) -> 0
A89: 43846 | B89: VM003 | C89: 15 | D89: =IF(+(IF(C89<O89,0,IF(C89>P89,0,1)))=1,1,0) -> 0 | F89: =IF(+(IF(E89<Q88,0,IF(E89>R88,0,1)))=1,1,0) -> 0 | I89: 0 | J89: R. Regis | N89: =LEFT(B89,2) -> VM | O89: =VLOOKUP($N89,$N$3:$T$9,2,FALSE) -> 14.4 | P89: =VLOOKUP($N89,$N$3:$T$9,3,FALSE) -> 14.6 | Q89: =VLOOKUP($N89,$N$3:$T$9,4,FALSE) -> 275 | R89: =VLOOKUP($N89,$N$3:$T$9,5,FALSE) -> 325 | S89: =VLOOKUP($N89,$N$3:$T$9,6,FALSE) -> 0 | T89: =VLOOKUP($N89,$N$3:$T$9,7,FALSE) -> 0
A90: 43846 | B90: VM004 | C90: 14.4 | D90: =IF(+(IF(C90<O90,0,IF(C90>P90,0,1)))=1,1,0) -> 1 | F90: =IF(+(IF(E90<Q89,0,IF(E90>R89,0,1)))=1,1,0) -> 0 | I90: 1 | J90: R. Regis | N90: =LEFT(B90,2) -> VM | O90: =VLOOKUP($N90,$N$3:$T$9,2,FALSE) -> 14.4 | P90: =VLOOKUP($N90,$N$3:$T$9,3,FALSE) -> 14.6 | Q90: =VLOOKUP($N90,$N$3:$T$9,4,FALSE) -> 275 | R90: =VLOOKUP($N90,$N$3:$T$9,5,FALSE) -> 325 | S90: =VLOOKUP($N90,$N$3:$T$9,6,FALSE) -> 0 | T90: =VLOOKUP($N90,$N$3:$T$9,7,FALSE) -> 0
A91: 43846 | B91: VM005 | C91: 14.4 | D91: =IF(+(IF(C91<O91,0,IF(C91>P91,0,1)))=1,1,0) -> 1 | F91: =IF(+(IF(E91<Q90,0,IF(E91>R90,0,1)))=1,1,0) -> 0 | I91: 1 | J91: K. Benjamin | N91: =LEFT(B91,2) -> VM | O91: =VLOOKUP($N91,$N$3:$T$9,2,FALSE) -> 14.4 | P91: =VLOOKUP($N91,$N$3:$T$9,3,FALSE) -> 14.6 | Q91: =VLOOKUP($N91,$N$3:$T$9,4,FALSE) -> 275 | R91: =VLOOKUP($N91,$N$3:$T$9,5,FALSE) -> 325 | S91: =VLOOKUP($N91,$N$3:$T$9,6,FALSE) -> 0 | T91: =VLOOKUP($N91,$N$3:$T$9,7,FALSE) -> 0
A92: 43846 | B92: VM006 | C92: 14.3 | D92: =IF(+(IF(C92<O92,0,IF(C92>P92,0,1)))=1,1,0) -> 0 | F92: =IF(+(IF(E92<Q91,0,IF(E92>R91,0,1)))=1,1,0) -> 0 | I92: 0 | J92: K. Benjamin | N92: =LEFT(B92,2) -> VM | O92: =VLOOKUP($N92,$N$3:$T$9,2,FALSE) -> 14.4 | P92: =VLOOKUP($N92,$N$3:$T$9,3,FALSE) -> 14.6 | Q92: =VLOOKUP($N92,$N$3:$T$9,4,FALSE) -> 275 | R92: =VLOOKUP($N92,$N$3:$T$9,5,FALSE) -> 325 | S92: =VLOOKUP($N92,$N$3:$T$9,6,FALSE) -> 0 | T92: =VLOOKUP($N92,$N$3:$T$9,7,FALSE) -> 0
A93: 43850 | B93: CA033 | C93: 11.7 | D93: =IF(+(IF(C93<O93,0,IF(C93>P93,0,1)))=1,1,0) -> 1 | E93: =#REF! -> #REF! | F93: =IF(+(IF(E93<Q92,0,IF(E93>R92,0,1)))=1,1,0) -> #REF! | I93: 1 | J93: K. Benjamin | N93: =LEFT(B93,2) -> CA | O93: =VLOOKUP($N93,$N$3:$T$9,2,FALSE) -> 11.6 | P93: =VLOOKUP($N93,$N$3:$T$9,3,FALSE) -> 11.9 | Q93: =VLOOKUP($N93,$N$3:$T$9,4,FALSE) -> 250 | R93: =VLOOKUP($N93,$N$3:$T$9,5,FALSE) -> 305 | S93: =VLOOKUP($N93,$N$3:$T$9,6,FALSE) -> 2.5 | T93: =VLOOKUP($N93,$N$3:$T$9,7,FALSE) -> 2.5
A94: 43850 | B94: CA034 | C94: 11.9 | D94: =IF(+(IF(C94<O94,0,IF(C94>P94,0,1)))=1,1,0) -> 1 | E94: =#REF! -> #REF! | F94: =IF(+(IF(E94<Q93,0,IF(E94>R93,0,1)))=1,1,0) -> #REF! | I94: 1 | J94: K. Benjamin | N94: =LEFT(B94,2) -> CA | O94: =VLOOKUP($N94,$N$3:$T$9,2,FALSE) -> 11.6 | P94: =VLOOKUP($N94,$N$3:$T$9,3,FALSE) -> 11.9 | Q94: =VLOOKUP($N94,$N$3:$T$9,4,FALSE) -> 250 | R94: =VLOOKUP($N94,$N$3:$T$9,5,FALSE) -> 305 | S94: =VLOOKUP($N94,$N$3:$T$9,6,FALSE) -> 2.5 | T94: =VLOOKUP($N94,$N$3:$T$9,7,FALSE) -> 2.5
A95: 43850 | B95: CA035 | C95: 11.8 | D95: =IF(+(IF(C95<O95,0,IF(C95>P95,0,1)))=1,1,0) -> 1 | E95: =#REF! -> #REF! | F95: =IF(+(IF(E95<Q94,0,IF(E95>R94,0,1)))=1,1,0) -> #REF! | I95: 1 | J95: K. Benjamin | N95: =LEFT(B95,2) -> CA | O95: =VLOOKUP($N95,$N$3:$T$9,2,FALSE) -> 11.6 | P95: =VLOOKUP($N95,$N$3:$T$9,3,FALSE) -> 11.9 | Q95: =VLOOKUP($N95,$N$3:$T$9,4,FALSE) -> 250 | R95: =VLOOKUP($N95,$N$3:$T$9,5,FALSE) -> 305 | S95: =VLOOKUP($N95,$N$3:$T$9,6,FALSE) -> 2.5 | T95: =VLOOKUP($N95,$N$3:$T$9,7,FALSE) -> 2.5
A96: 43850 | B96: CA036 | C96: 11.7 | D96: =IF(+(IF(C96<O96,0,IF(C96>P96,0,1)))=1,1,0) -> 1 | E96: =#REF! -> #REF! | F96: =IF(+(IF(E96<Q95,0,IF(E96>R95,0,1)))=1,1,0) -> #REF! | I96: 1 | J96: R. Regis | N96: =LEFT(B96,2) -> CA | O96: =VLOOKUP($N96,$N$3:$T$9,2,FALSE) -> 11.6 | P96: =VLOOKUP($N96,$N$3:$T$9,3,FALSE) -> 11.9 | Q96: =VLOOKUP($N96,$N$3:$T$9,4,FALSE) -> 250 | R96: =VLOOKUP($N96,$N$3:$T$9,5,FALSE) -> 305 | S96: =VLOOKUP($N96,$N$3:$T$9,6,FALSE) -> 2.5 | T96: =VLOOKUP($N96,$N$3:$T$9,7,FALSE) -> 2.5
A97: 43850 | B97: CA037 | C97: 11.9 | D97: =IF(+(IF(C97<O97,0,IF(C97>P97,0,1)))=1,1,0) -> 1 | E97: =#REF! -> #REF! | F97: =IF(+(IF(E97<Q96,0,IF(E97>R96,0,1)))=1,1,0) -> #REF! | I97: 1 | J97: R. Regis | N97: =LEFT(B97,2) -> CA | O97: =VLOOKUP($N97,$N$3:$T$9,2,FALSE) -> 11.6 | P97: =VLOOKUP($N97,$N$3:$T$9,3,FALSE) -> 11.9 | Q97: =VLOOKUP($N97,$N$3:$T$9,4,FALSE) -> 250 | R97: =VLOOKUP($N97,$N$3:$T$9,5,FALSE) -> 305 | S97: =VLOOKUP($N97,$N$3:$T$9,6,FALSE) -> 2.5 | T97: =VLOOKUP($N97,$N$3:$T$9,7,FALSE) -> 2.5
A98: 43850 | B98: CA038 | C98: 11.7 | D98: =IF(+(IF(C98<O98,0,IF(C98>P98,0,1)))=1,1,0) -> 1 | E98: =#REF! -> #REF! | F98: =IF(+(IF(E98<Q97,0,IF(E98>R97,0,1)))=1,1,0) -> #REF! | I98: 1 | J98: R. Regis | N98: =LEFT(B98,2) -> CA | O98: =VLOOKUP($N98,$N$3:$T$9,2,FALSE) -> 11.6 | P98: =VLOOKUP($N98,$N$3:$T$9,3,FALSE) -> 11.9 | Q98: =VLOOKUP($N98,$N$3:$T$9,4,FALSE) -> 250 | R98: =VLOOKUP($N98,$N$3:$T$9,5,FALSE) -> 305 | S98: =VLOOKUP($N98,$N$3:$T$9,6,FALSE) -> 2.5 | T98: =VLOOKUP($N98,$N$3:$T$9,7,FALSE) -> 2.5
A99: 43850 | B99: CA039 | C99: 11.9 | D99: =IF(+(IF(C99<O99,0,IF(C99>P99,0,1)))=1,1,0) -> 1 | E99: =#REF! -> #REF! | F99: =IF(+(IF(E99<Q98,0,IF(E99>R98,0,1)))=1,1,0) -> #REF! | I99: 1 | J99: R. Regis | N99: =LEFT(B99,2) -> CA | O99: =VLOOKUP($N99,$N$3:$T$9,2,FALSE) -> 11.6 | P99: =VLOOKUP($N99,$N$3:$T$9,3,FALSE) -> 11.9 | Q99: =VLOOKUP($N99,$N$3:$T$9,4,FALSE) -> 250 | R99: =VLOOKUP($N99,$N$3:$T$9,5,FALSE) -> 305 | S99: =VLOOKUP($N99,$N$3:$T$9,6,FALSE) -> 2.5 | T99: =VLOOKUP($N99,$N$3:$T$9,7,FALSE) -> 2.5
A100: 43850 | B100: CA040 | C100: 11.7 | D100: =IF(+(IF(C100<O100,0,IF(C100>P100,0,1)))=1,1,0) -> 1 | E100: =#REF! -> #REF! | F100: =IF(+(IF(E100<Q99,0,IF(E100>R99,0,1)))=1,1,0) -> #REF! | I100: 1 | J100: R. Regis | N100: =LEFT(B100,2) -> CA | O100: =VLOOKUP($N100,$N$3:$T$9,2,FALSE) -> 11.6 | P100: =VLOOKUP($N100,$N$3:$T$9,3,FALSE) -> 11.9 | Q100: =VLOOKUP($N100,$N$3:$T$9,4,FALSE) -> 250 | R100: =VLOOKUP($N100,$N$3:$T$9,5,FALSE) -> 305 | S100: =VLOOKUP($N100,$N$3:$T$9,6,FALSE) -> 2.5 | T100: =VLOOKUP($N100,$N$3:$T$9,7,FALSE) -> 2.5
A101: 43850 | B101: CA041 | C101: 11.9 | D101: =IF(+(IF(C101<O101,0,IF(C101>P101,0,1)))=1,1,0) -> 1 | E101: =#REF! -> #REF! | F101: =IF(+(IF(E101<Q100,0,IF(E101>R100,0,1)))=1,1,0) -> #REF! | I101: 1 | J101: R. Regis | N101: =LEFT(B101,2) -> CA | O101: =VLOOKUP($N101,$N$3:$T$9,2,FALSE) -> 11.6 | P101: =VLOOKUP($N101,$N$3:$T$9,3,FALSE) -> 11.9 | Q101: =VLOOKUP($N101,$N$3:$T$9,4,FALSE) -> 250 | R101: =VLOOKUP($N101,$N$3:$T$9,5,FALSE) -> 305 | S101: =VLOOKUP($N101,$N$3:$T$9,6,FALSE) -> 2.5 | T101: =VLOOKUP($N101,$N$3:$T$9,7,FALSE) -> 2.5
A102: 43851 | B102: CA042 | C102: 11.9 | D102: =IF(+(IF(C102<O102,0,IF(C102>P102,0,1)))=1,1,0) -> 1 | E102: =#REF! -> #REF! | F102: =IF(+(IF(E102<Q101,0,IF(E102>R101,0,1)))=1,1,0) -> #REF! | I102: 1 | J102: K. Benjamin | N102: =LEFT(B102,2) -> CA | O102: =VLOOKUP($N102,$N$3:$T$9,2,FALSE) -> 11.6 | P102: =VLOOKUP($N102,$N$3:$T$9,3,FALSE) -> 11.9 | Q102: =VLOOKUP($N102,$N$3:$T$9,4,FALSE) -> 250 | R102: =VLOOKUP($N102,$N$3:$T$9,5,FALSE) -> 305 | S102: =VLOOKUP($N102,$N$3:$T$9,6,FALSE) -> 2.5 | T102: =VLOOKUP($N102,$N$3:$T$9,7,FALSE) -> 2.5
A103: 43851 | B103: CA043 | C103: 11.8 | D103: =IF(+(IF(C103<O103,0,IF(C103>P103,0,1)))=1,1,0) -> 1 | E103: =#REF! -> #REF! | F103: =IF(+(IF(E103<Q102,0,IF(E103>R102,0,1)))=1,1,0) -> #REF! | I103: 1 | J103: K. Benjamin | N103: =LEFT(B103,2) -> CA | O103: =VLOOKUP($N103,$N$3:$T$9,2,FALSE) -> 11.6 | P103: =VLOOKUP($N103,$N$3:$T$9,3,FALSE) -> 11.9 | Q103: =VLOOKUP($N103,$N$3:$T$9,4,FALSE) -> 250 | R103: =VLOOKUP($N103,$N$3:$T$9,5,FALSE) -> 305 | S103: =VLOOKUP($N103,$N$3:$T$9,6,FALSE) -> 2.5 | T103: =VLOOKUP($N103,$N$3:$T$9,7,FALSE) -> 2.5
A104: 43851 | B104: CA044 | C104: 11.7 | D104: =IF(+(IF(C104<O104,0,IF(C104>P104,0,1)))=1,1,0) -> 1 | E104: =#REF! -> #REF! | F104: =IF(+(IF(E104<Q103,0,IF(E104>R103,0,1)))=1,1,0) -> #REF! | I104: 1 | J104: K. Benjamin | N104: =LEFT(B104,2) -> CA | O104: =VLOOKUP($N104,$N$3:$T$9,2,FALSE) -> 11.6 | P104: =VLOOKUP($N104,$N$3:$T$9,3,FALSE) -> 11.9 | Q104: =VLOOKUP($N104,$N$3:$T$9,4,FALSE) -> 250 | R104: =VLOOKUP($N104,$N$3:$T$9,5,FALSE) -> 305 | S104: =VLOOKUP($N104,$N$3:$T$9,6,FALSE) -> 2.5 | T104: =VLOOKUP($N104,$N$3:$T$9,7,FALSE) -> 2.5
A105: 43852 | B105: ST023 | C105: 11.9 | D105: =IF(+(IF(C105<O105,0,IF(C105>P105,0,1)))=1,1,0) -> 1 | E105: =#REF! -> #REF! | F105: =IF(+(IF(E105<Q104,0,IF(E105>R104,0,1)))=1,1,0) -> #REF! | I105: 1 | J105: R. Regis | N105: =LEFT(B105,2) -> ST | O105: =VLOOKUP($N105,$N$3:$T$9,2,FALSE) -> 11.6 | P105: =VLOOKUP($N105,$N$3:$T$9,3,FALSE) -> 11.9 | Q105: =VLOOKUP($N105,$N$3:$T$9,4,FALSE) -> 250 | R105: =VLOOKUP($N105,$N$3:$T$9,5,FALSE) -> 305 | S105: =VLOOKUP($N105,$N$3:$T$9,6,FALSE) -> 2.5 | T105: =VLOOKUP($N105,$N$3:$T$9,7,FALSE) -> 2.5
A106: 43852 | B106: ST024 | C106: 11.7 | D106: =IF(+(IF(C106<O106,0,IF(C106>P106,0,1)))=1,1,0) -> 1 | E106: =#REF! -> #REF! | F106: =IF(+(IF(E106<Q105,0,IF(E106>R105,0,1)))=1,1,0) -> #REF! | I106: 1 | J106: R. Regis | K106: =45----56 -> 101 | N106: =LEFT(B106,2) -> ST | O106: =VLOOKUP($N106,$N$3:$T$9,2,FALSE) -> 11.6 | P106: =VLOOKUP($N106,$N$3:$T$9,3,FALSE) -> 11.9 | Q106: =VLOOKUP($N106,$N$3:$T$9,4,FALSE) -> 250 | R106: =VLOOKUP($N106,$N$3:$T$9,5,FALSE) -> 305 | S106: =VLOOKUP($N106,$N$3:$T$9,6,FALSE) -> 2.5 | T106: =VLOOKUP($N106,$N$3:$T$9,7,FALSE) -> 2.5
A107: 43852 | B107: ST025 | C107: 11.8 | D107: =IF(+(IF(C107<O107,0,IF(C107>P107,0,1)))=1,1,0) -> 1 | E107: =#REF! -> #REF! | F107: =IF(+(IF(E107<Q106,0,IF(E107>R106,0,1)))=1,1,0) -> #REF! | I107: 1 | J107: R. Regis | N107: =LEFT(B107,2) -> ST | O107: =VLOOKUP($N107,$N$3:$T$9,2,FALSE) -> 11.6 | P107: =VLOOKUP($N107,$N$3:$T$9,3,FALSE) -> 11.9 | Q107: =VLOOKUP($N107,$N$3:$T$9,4,FALSE) -> 250 | R107: =VLOOKUP($N107,$N$3:$T$9,5,FALSE) -> 305 | S107: =VLOOKUP($N107,$N$3:$T$9,6,FALSE) -> 2.5 | T107: =VLOOKUP($N107,$N$3:$T$9,7,FALSE) -> 2.5
A108: 43852 | B108: ST026 | C108: 11.8 | D108: =IF(+(IF(C108<O108,0,IF(C108>P108,0,1)))=1,1,0) -> 1 | E108: =#REF! -> #REF! | F108: =IF(+(IF(E108<Q107,0,IF(E108>R107,0,1)))=1,1,0) -> #REF! | I108: 1 | J108: J. Grant | N108: =LEFT(B108,2) -> ST | O108: =VLOOKUP($N108,$N$3:$T$9,2,FALSE) -> 11.6 | P108: =VLOOKUP($N108,$N$3:$T$9,3,FALSE) -> 11.9 | Q108: =VLOOKUP($N108,$N$3:$T$9,4,FALSE) -> 250 | R108: =VLOOKUP($N108,$N$3:$T$9,5,FALSE) -> 305 | S108: =VLOOKUP($N108,$N$3:$T$9,6,FALSE) -> 2.5 | T108: =VLOOKUP($N108,$N$3:$T$9,7,FALSE) -> 2.5
A109: 43852 | B109: ST027 | C109: 11.9 | D109: =IF(+(IF(C109<O109,0,IF(C109>P109,0,1)))=1,1,0) -> 1 | E109: =#REF! -> #REF! | F109: =IF(+(IF(E109<Q108,0,IF(E109>R108,0,1)))=1,1,0) -> #REF! | I109: 1 | J109: J. Grant | N109: =LEFT(B109,2) -> ST | O109: =VLOOKUP($N109,$N$3:$T$9,2,FALSE) -> 11.6 | P109: =VLOOKUP($N109,$N$3:$T$9,3,FALSE) -> 11.9 | Q109: =VLOOKUP($N109,$N$3:$T$9,4,FALSE) -> 250 | R109: =VLOOKUP($N109,$N$3:$T$9,5,FALSE) -> 305 | S109: =VLOOKUP($N109,$N$3:$T$9,6,FALSE) -> 2.5 | T109: =VLOOKUP($N109,$N$3:$T$9,7,FALSE) -> 2.5
A110: 43852 | B110: ST028 | C110: 11.8 | D110: =IF(+(IF(C110<O110,0,IF(C110>P110,0,1)))=1,1,0) -> 1 | E110: =#REF! -> #REF! | F110: =IF(+(IF(E110<Q109,0,IF(E110>R109,0,1)))=1,1,0) -> #REF! | I110: 1 | J110: J. Grant | N110: =LEFT(B110,2) -> ST | O110: =VLOOKUP($N110,$N$3:$T$9,2,FALSE) -> 11.6 | P110: =VLOOKUP($N110,$N$3:$T$9,3,FALSE) -> 11.9 | Q110: =VLOOKUP($N110,$N$3:$T$9,4,FALSE) -> 250 | R110: =VLOOKUP($N110,$N$3:$T$9,5,FALSE) -> 305 | S110: =VLOOKUP($N110,$N$3:$T$9,6,FALSE) -> 2.5 | T110: =VLOOKUP($N110,$N$3:$T$9,7,FALSE) -> 2.5
A111: 43852 | B111: ST029 | C111: 11.9 | D111: =IF(+(IF(C111<O111,0,IF(C111>P111,0,1)))=1,1,0) -> 1 | E111: =#REF! -> #REF! | F111: =IF(+(IF(E111<Q110,0,IF(E111>R110,0,1)))=1,1,0) -> #REF! | I111: 1 | J111: J. Grant | N111: =LEFT(B111,2) -> ST | O111: =VLOOKUP($N111,$N$3:$T$9,2,FALSE) -> 11.6 | P111: =VLOOKUP($N111,$N$3:$T$9,3,FALSE) -> 11.9 | Q111: =VLOOKUP($N111,$N$3:$T$9,4,FALSE) -> 250 | R111: =VLOOKUP($N111,$N$3:$T$9,5,FALSE) -> 305 | S111: =VLOOKUP($N111,$N$3:$T$9,6,FALSE) -> 2.5 | T111: =VLOOKUP($N111,$N$3:$T$9,7,FALSE) -> 2.5
...

Sheet FTR Brewhouse
O1: P.G. | Q1: Areation | S1: Total Brewing Time
O2: Lower | P2: Upper | Q2: Lower | R2: Upper | S2: Lower | T2: Upper
N3: CA | O3: 11.6 | P3: 12.04 | Q3: 8 | R3: 14.4 | S3: =250+10+5+60 -> 325 | T3: =305+10+5+60 -> 380
N4: ST | O4: 11.6 | P4: 12.04 | Q4: 8 | R4: 14.4 | S4: =250+10+5+60 -> 325 | T4: =305+10+5+60 -> 380
N5: GU | O5: 17 | P5: 17.54 | Q5: 14 | R5: 18.4 | S5: =280+10+5+60 -> 355 | T5: =335+10+5+60 -> 410
N6: MK | O6: 13.3 | P6: 13.54 | Q6: 8 | R6: 14.4 | S6: =320+10+5+60 -> 395 | T6: =360+10+5+60 -> 435
N7: SM | O7: 17 | P7: 17.44 | S7: =300+10+5+80 -> 395 | T7: =350+10+5+80 -> 445
N8: HP | O8: 10.9 | P8: 11.24 | Q8: 14 | R8: 18.4 | S8: =320+10+5+60 -> 395 | T8: =360+10+5+60 -> 435
N9: VM | O9: 14.2 | P9: 14.64 | S9: =275+10+5+85 -> 375 | T9: =325+10+5+85 -> 425
N10: HA | O10: 13.8 | P10: 14 | Q10: 14 | R10: 18.4 | S10: 395 | T10: 435
N11: HR | O11: 16.6 | P11: 17.04 | Q11: 14 | R11: 18 | S11: =320+10+5+60 -> 395 | T11: =360+10+5+60 -> 435
C12: PARAMETERS CHECKED | O12: P.G. | Q12: Areation | S12: =S1 -> Total Brewing Time
A13: 2026 | N13: =LEFT(B13,2) | O13: =VLOOKUP($N13,$N$3:$R$11,2,FALSE) -> #N/A | P13: =VLOOKUP($N13,$N$3:$R$11,3,FALSE) -> #N/A | Q13: =VLOOKUP($N13,$N$3:$R$11,4,FALSE) -> #N/A | R13: =VLOOKUP($N13,$N$3:$R$11,5,FALSE) -> #N/A | S13: =VLOOKUP($N13,$N$3:$T$11,6,FALSE) -> #N/A | T13: =VLOOKUP($N13,$N$3:$T$11,7,FALSE) -> #N/A
N14: =LEFT(B14,2) | O14: =VLOOKUP($N14,$N$3:$R$11,2,FALSE) -> #N/A | P14: =VLOOKUP($N14,$N$3:$R$11,3,FALSE) -> #N/A | Q14: =VLOOKUP($N14,$N$3:$R$11,4,FALSE) -> #N/A | R14: =VLOOKUP($N14,$N$3:$R$11,5,FALSE) -> #N/A | S14: =VLOOKUP($N14,$N$3:$T$11,6,FALSE) -> #N/A | T14: =VLOOKUP($N14,$N$3:$T$11,7,FALSE) -> #N/A
N15: =LEFT(B15,2) | O15: =VLOOKUP($N15,$N$3:$R$11,2,FALSE) -> #N/A | P15: =VLOOKUP($N15,$N$3:$R$11,3,FALSE) -> #N/A | Q15: =VLOOKUP($N15,$N$3:$R$11,4,FALSE) -> #N/A | R15: =VLOOKUP($N15,$N$3:$R$11,5,FALSE) -> #N/A | S15: =VLOOKUP($N15,$N$3:$T$11,6,FALSE) -> #N/A | T15: =VLOOKUP($N15,$N$3:$T$11,7,FALSE) -> #N/A
A16: Date | B16: ID Number | C16: Original Extract (°P) | E16: Total Brewing time | G16: Aeration level | N16: =LEFT(B16,2) -> ID | O16: =VLOOKUP($N16,$N$3:$R$11,2,FALSE) -> #N/A | P16: =VLOOKUP($N16,$N$3:$R$11,3,FALSE) -> #N/A | Q16: =VLOOKUP($N16,$N$3:$R$11,4,FALSE) -> #N/A | R16: =VLOOKUP($N16,$N$3:$R$11,5,FALSE) -> #N/A | S16: =VLOOKUP($N16,$N$3:$T$11,6,FALSE) -> #N/A | T16: =VLOOKUP($N16,$N$3:$T$11,7,FALSE) -> #N/A
A17: 46024 | B17: CA001 | C17: 11.8 | D17: =IF(+(IF(C17<O17,0,IF(C17>P17,0,1)))=1,1,0) -> 1 | E17: 349 | F17: =IF(+(IF(E17<S17,0,IF(E17>T17,0,1)))=1,1,0) -> 1 | G17: 12.36 | H17: =IF(+(IF(G17<Q17,0,IF(G17>R17,0,1)))=1,1,0) -> 1 | I17: =IF(+(IF(C17<O17,0,IF(C17>P17,0,1)))+(IF(E17<S17,0,IF(E17>T17,0,1)))+(IF(G17<Q17,0,IF(G17>R17,0,1)))=3,1,0) -> 1 | N17: =LEFT(B17,2) -> CA | O17: =VLOOKUP($N17,$N$3:$R$11,2,FALSE) -> 11.6 | P17: =VLOOKUP($N17,$N$3:$R$11,3,FALSE) -> 12.04 | Q17: =VLOOKUP($N17,$N$3:$R$11,4,FALSE) -> 8 | R17: =VLOOKUP($N17,$N$3:$R$11,5,FALSE) -> 14.4 | S17: =VLOOKUP($N17,$N$3:$T$11,6,FALSE) -> 325 | T17: =VLOOKUP($N17,$N$3:$T$11,7,FALSE) -> 380
A18: 46024 | B18: CA002 | C18: 11.8 | D18: =IF(+(IF(C18<O18,0,IF(C18>P18,0,1)))=1,1,0) -> 1 | E18: 363 | F18: =IF(+(IF(E18<S18,0,IF(E18>T18,0,1)))=1,1,0) -> 1 | G18: 11.1 | H18: =IF(+(IF(G18<Q18,0,IF(G18>R18,0,1)))=1,1,0) -> 1 | I18: =IF(+(IF(C18<O18,0,IF(C18>P18,0,1)))+(IF(E18<S18,0,IF(E18>T18,0,1)))+(IF(G18<Q18,0,IF(G18>R18,0,1)))=3,1,0) -> 1 | N18: =LEFT(B18,2) -> CA | O18: =VLOOKUP($N18,$N$3:$R$11,2,FALSE) -> 11.6 | P18: =VLOOKUP($N18,$N$3:$R$11,3,FALSE) -> 12.04 | Q18: =VLOOKUP($N18,$N$3:$R$11,4,FALSE) -> 8 | R18: =VLOOKUP($N18,$N$3:$R$11,5,FALSE) -> 14.4 | S18: =VLOOKUP($N18,$N$3:$T$11,6,FALSE) -> 325 | T18: =VLOOKUP($N18,$N$3:$T$11,7,FALSE) -> 380
A19: 46024 | B19: CA003 | C19: 11.8 | D19: =IF(+(IF(C19<O19,0,IF(C19>P19,0,1)))=1,1,0) -> 1 | E19: 393 | F19: =IF(+(IF(E19<S19,0,IF(E19>T19,0,1)))=1,1,0) -> 0 | G19: 12.2 | H19: =IF(+(IF(G19<Q19,0,IF(G19>R19,0,1)))=1,1,0) -> 1 | I19: =IF(+(IF(C19<O19,0,IF(C19>P19,0,1)))+(IF(E19<S19,0,IF(E19>T19,0,1)))+(IF(G19<Q19,0,IF(G19>R19,0,1)))=3,1,0) -> 0 | N19: =LEFT(B19,2) -> CA | O19: =VLOOKUP($N19,$N$3:$R$11,2,FALSE) -> 11.6 | P19: =VLOOKUP($N19,$N$3:$R$11,3,FALSE) -> 12.04 | Q19: =VLOOKUP($N19,$N$3:$R$11,4,FALSE) -> 8 | R19: =VLOOKUP($N19,$N$3:$R$11,5,FALSE) -> 14.4 | S19: =VLOOKUP($N19,$N$3:$T$11,6,FALSE) -> 325 | T19: =VLOOKUP($N19,$N$3:$T$11,7,FALSE) -> 380
A20: 46024 | B20: CA004 | C20: 12 | D20: =IF(+(IF(C20<O20,0,IF(C20>P20,0,1)))=1,1,0) -> 1 | E20: 401 | F20: =IF(+(IF(E20<S20,0,IF(E20>T20,0,1)))=1,1,0) -> 0 | G20: 11.31 | H20: =IF(+(IF(G20<Q20,0,IF(G20>R20,0,1)))=1,1,0) -> 1 | I20: =IF(+(IF(C20<O20,0,IF(C20>P20,0,1)))+(IF(E20<S20,0,IF(E20>T20,0,1)))+(IF(G20<Q20,0,IF(G20>R20,0,1)))=3,1,0) -> 0 | N20: =LEFT(B20,2) -> CA | O20: =VLOOKUP($N20,$N$3:$R$11,2,FALSE) -> 11.6 | P20: =VLOOKUP($N20,$N$3:$R$11,3,FALSE) -> 12.04 | Q20: =VLOOKUP($N20,$N$3:$R$11,4,FALSE) -> 8 | R20: =VLOOKUP($N20,$N$3:$R$11,5,FALSE) -> 14.4 | S20: =VLOOKUP($N20,$N$3:$T$11,6,FALSE) -> 325 | T20: =VLOOKUP($N20,$N$3:$T$11,7,FALSE) -> 380
A21: 45662 | B21: SM001 | C21: 17.1 | D21: =IF(+(IF(C21<O21,0,IF(C21>P21,0,1)))=1,1,0) -> 1 | E21: 439 | F21: =IF(+(IF(E21<S21,0,IF(E21>T21,0,1)))=1,1,0) -> 1 | I21: =IF(+(IF(C21<O21,0,IF(C21>P21,0,1)))+(IF(E21<S21,0,IF(E21>T21,0,1)))+(IF(G21<Q21,0,IF(G21>R21,0,1)))=3,1,0) -> 1 | N21: =LEFT(B21,2) -> SM | O21: =VLOOKUP($N21,$N$3:$R$11,2,FALSE) -> 17 | P21: =VLOOKUP($N21,$N$3:$R$11,3,FALSE) -> 17.44 | Q21: =VLOOKUP($N21,$N$3:$R$11,4,FALSE) -> 0 | R21: =VLOOKUP($N21,$N$3:$R$11,5,FALSE) -> 0 | S21: =VLOOKUP($N21,$N$3:$T$11,6,FALSE) -> 395 | T21: =VLOOKUP($N21,$N$3:$T$11,7,FALSE) -> 445
A22: 45662 | B22: SM002 | C22: 17.1 | D22: =IF(+(IF(C22<O22,0,IF(C22>P22,0,1)))=1,1,0) -> 1 | E22: 473 | F22: =IF(+(IF(E22<S22,0,IF(E22>T22,0,1)))=1,1,0) -> 0 | I22: =IF(+(IF(C22<O22,0,IF(C22>P22,0,1)))+(IF(E22<S22,0,IF(E22>T22,0,1)))+(IF(G22<Q22,0,IF(G22>R22,0,1)))=3,1,0) -> 0 | N22: =LEFT(B22,2) -> SM | O22: =VLOOKUP($N22,$N$3:$R$11,2,FALSE) -> 17 | P22: =VLOOKUP($N22,$N$3:$R$11,3,FALSE) -> 17.44 | Q22: =VLOOKUP($N22,$N$3:$R$11,4,FALSE) -> 0 | R22: =VLOOKUP($N22,$N$3:$R$11,5,FALSE) -> 0 | S22: =VLOOKUP($N22,$N$3:$T$11,6,FALSE) -> 395 | T22: =VLOOKUP($N22,$N$3:$T$11,7,FALSE) -> 445
A23: 45662 | B23: SM003 | C23: 17.1 | D23: =IF(+(IF(C23<O23,0,IF(C23>P23,0,1)))=1,1,0) -> 1 | E23: 449 | F23: =IF(+(IF(E23<S23,0,IF(E23>T23,0,1)))=1,1,0) -> 0 | I23: =IF(+(IF(C23<O23,0,IF(C23>P23,0,1)))+(IF(E23<S23,0,IF(E23>T23,0,1)))+(IF(G23<Q23,0,IF(G23>R23,0,1)))=3,1,0) -> 0 | N23: =LEFT(B23,2) -> SM | O23: =VLOOKUP($N23,$N$3:$R$11,2,FALSE) -> 17 | P23: =VLOOKUP($N23,$N$3:$R$11,3,FALSE) -> 17.44 | Q23: =VLOOKUP($N23,$N$3:$R$11,4,FALSE) -> 0 | R23: =VLOOKUP($N23,$N$3:$R$11,5,FALSE) -> 0 | S23: =VLOOKUP($N23,$N$3:$T$11,6,FALSE) -> 395 | T23: =VLOOKUP($N23,$N$3:$T$11,7,FALSE) -> 445
A24: 45663 | B24: SM004 | C24: 17.2 | D24: =IF(+(IF(C24<O24,0,IF(C24>P24,0,1)))=1,1,0) -> 1 | E24: 447 | F24: =IF(+(IF(E24<S24,0,IF(E24>T24,0,1)))=1,1,0) -> 0 | I24: =IF(+(IF(C24<O24,0,IF(C24>P24,0,1)))+(IF(E24<S24,0,IF(E24>T24,0,1)))+(IF(G24<Q24,0,IF(G24>R24,0,1)))=3,1,0) -> 0 | N24: =LEFT(B24,2) -> SM | O24: =VLOOKUP($N24,$N$3:$R$11,2,FALSE) -> 17 | P24: =VLOOKUP($N24,$N$3:$R$11,3,FALSE) -> 17.44 | Q24: =VLOOKUP($N24,$N$3:$R$11,4,FALSE) -> 0 | R24: =VLOOKUP($N24,$N$3:$R$11,5,FALSE) -> 0 | S24: =VLOOKUP($N24,$N$3:$T$11,6,FALSE) -> 395 | T24: =VLOOKUP($N24,$N$3:$T$11,7,FALSE) -> 445
A25: 45663 | B25: SM005 | C25: 17.1 | D25: =IF(+(IF(C25<O25,0,IF(C25>P25,0,1)))=1,1,0) -> 1 | E25: 435 | F25: =IF(+(IF(E25<S25,0,IF(E25>T25,0,1)))=1,1,0) -> 1 | I25: =IF(+(IF(C25<O25,0,IF(C25>P25,0,1)))+(IF(E25<S25,0,IF(E25>T25,0,1)))+(IF(G25<Q25,0,IF(G25>R25,0,1)))=3,1,0) -> 1 | N25: =LEFT(B25,2) -> SM | O25: =VLOOKUP($N25,$N$3:$R$11,2,FALSE) -> 17 | P25: =VLOOKUP($N25,$N$3:$R$11,3,FALSE) -> 17.44 | Q25: =VLOOKUP($N25,$N$3:$R$11,4,FALSE) -> 0 | R25: =VLOOKUP($N25,$N$3:$R$11,5,FALSE) -> 0 | S25: =VLOOKUP($N25,$N$3:$T$11,6,FALSE) -> 395 | T25: =VLOOKUP($N25,$N$3:$T$11,7,FALSE) -> 445
A26: 45663 | B26: SM006 | C26: 17 | D26: =IF(+(IF(C26<O26,0,IF(C26>P26,0,1)))=1,1,0) -> 1 | E26: 444 | F26: =IF(+(IF(E26<S26,0,IF(E26>T26,0,1)))=1,1,0) -> 1 | I26: =IF(+(IF(C26<O26,0,IF(C26>P26,0,1)))+(IF(E26<S26,0,IF(E26>T26,0,1)))+(IF(G26<Q26,0,IF(G26>R26,0,1)))=3,1,0) -> 1 | N26: =LEFT(B26,2) -> SM | O26: =VLOOKUP($N26,$N$3:$R$11,2,FALSE) -> 17 | P26: =VLOOKUP($N26,$N$3:$R$11,3,FALSE) -> 17.44 | Q26: =VLOOKUP($N26,$N$3:$R$11,4,FALSE) -> 0 | R26: =VLOOKUP($N26,$N$3:$R$11,5,FALSE) -> 0 | S26: =VLOOKUP($N26,$N$3:$T$11,6,FALSE) -> 395 | T26: =VLOOKUP($N26,$N$3:$T$11,7,FALSE) -> 445
A27: 45663 | B27: SM007 | C27: 17 | D27: =IF(+(IF(C27<O27,0,IF(C27>P27,0,1)))=1,1,0) -> 1 | E27: 476 | F27: =IF(+(IF(E27<S27,0,IF(E27>T27,0,1)))=1,1,0) -> 0 | I27: =IF(+(IF(C27<O27,0,IF(C27>P27,0,1)))+(IF(E27<S27,0,IF(E27>T27,0,1)))+(IF(G27<Q27,0,IF(G27>R27,0,1)))=3,1,0) -> 0 | N27: =LEFT(B27,2) -> SM | O27: =VLOOKUP($N27,$N$3:$R$11,2,FALSE) -> 17 | P27: =VLOOKUP($N27,$N$3:$R$11,3,FALSE) -> 17.44 | Q27: =VLOOKUP($N27,$N$3:$R$11,4,FALSE) -> 0 | R27: =VLOOKUP($N27,$N$3:$R$11,5,FALSE) -> 0 | S27: =VLOOKUP($N27,$N$3:$T$11,6,FALSE) -> 395 | T27: =VLOOKUP($N27,$N$3:$T$11,7,FALSE) -> 445
A28: 45663 | B28: SM008 | C28: 17.1 | D28: =IF(+(IF(C28<O28,0,IF(C28>P28,0,1)))=1,1,0) -> 1 | E28: 440 | F28: =IF(+(IF(E28<S28,0,IF(E28>T28,0,1)))=1,1,0) -> 1 | I28: =IF(+(IF(C28<O28,0,IF(C28>P28,0,1)))+(IF(E28<S28,0,IF(E28>T28,0,1)))+(IF(G28<Q28,0,IF(G28>R28,0,1)))=3,1,0) -> 1 | N28: =LEFT(B28,2) -> SM | O28: =VLOOKUP($N28,$N$3:$R$11,2,FALSE) -> 17 | P28: =VLOOKUP($N28,$N$3:$R$11,3,FALSE) -> 17.44 | Q28: =VLOOKUP($N28,$N$3:$R$11,4,FALSE) -> 0 | R28: =VLOOKUP($N28,$N$3:$R$11,5,FALSE) -> 0 | S28: =VLOOKUP($N28,$N$3:$T$11,6,FALSE) -> 395 | T28: =VLOOKUP($N28,$N$3:$T$11,7,FALSE) -> 445
A29: 45663 | B29: SM009 | C29: 17.3 | D29: =IF(+(IF(C29<O29,0,IF(C29>P29,0,1)))=1,1,0) -> 1 | E29: 453 | F29: =IF(+(IF(E29<S29,0,IF(E29>T29,0,1)))=1,1,0) -> 0 | I29: =IF(+(IF(C29<O29,0,IF(C29>P29,0,1)))+(IF(E29<S29,0,IF(E29>T29,0,1)))+(IF(G29<Q29,0,IF(G29>R29,0,1)))=3,1,0) -> 0 | N29: =LEFT(B29,2) -> SM | O29: =VLOOKUP($N29,$N$3:$R$11,2,FALSE) -> 17 | P29: =VLOOKUP($N29,$N$3:$R$11,3,FALSE) -> 17.44 | Q29: =VLOOKUP($N29,$N$3:$R$11,4,FALSE) -> 0 | R29: =VLOOKUP($N29,$N$3:$R$11,5,FALSE) -> 0 | S29: =VLOOKUP($N29,$N$3:$T$11,6,FALSE) -> 395 | T29: =VLOOKUP($N29,$N$3:$T$11,7,FALSE) -> 445
A30: 45663 | B30: SM010 | C30: 17.2 | D30: =IF(+(IF(C30<O30,0,IF(C30>P30,0,1)))=1,1,0) -> 1 | E30: 456 | F30: =IF(+(IF(E30<S30,0,IF(E30>T30,0,1)))=1,1,0) -> 0 | I30: =IF(+(IF(C30<O30,0,IF(C30>P30,0,1)))+(IF(E30<S30,0,IF(E30>T30,0,1)))+(IF(G30<Q30,0,IF(G30>R30,0,1)))=3,1,0) -> 0 | N30: =LEFT(B30,2) -> SM | O30: =VLOOKUP($N30,$N$3:$R$11,2,FALSE) -> 17 | P30: =VLOOKUP($N30,$N$3:$R$11,3,FALSE) -> 17.44 | Q30: =VLOOKUP($N30,$N$3:$R$11,4,FALSE) -> 0 | R30: =VLOOKUP($N30,$N$3:$R$11,5,FALSE) -> 0 | S30: =VLOOKUP($N30,$N$3:$T$11,6,FALSE) -> 395 | T30: =VLOOKUP($N30,$N$3:$T$11,7,FALSE) -> 445
A31: 45663 | B31: ST002 | C31: 11.7 | D31: =IF(+(IF(C31<O31,0,IF(C31>P31,0,1)))=1,1,0) -> 1 | E31: 394 | F31: =IF(+(IF(E31<S31,0,IF(E31>T31,0,1)))=1,1,0) -> 0 | G31: 13.41 | H31: =IF(+(IF(G31<Q31,0,IF(G31>R31,0,1)))=1,1,0) -> 1 | I31: =IF(+(IF(C31<O31,0,IF(C31>P31,0,1)))+(IF(E31<S31,0,IF(E31>T31,0,1)))+(IF(G31<Q31,0,IF(G31>R31,0,1)))=3,1,0) -> 0 | N31: =LEFT(B31,2) -> ST | O31: =VLOOKUP($N31,$N$3:$R$11,2,FALSE) -> 11.6 | P31: =VLOOKUP($N31,$N$3:$R$11,3,FALSE) -> 12.04 | Q31: =VLOOKUP($N31,$N$3:$R$11,4,FALSE) -> 8 | R31: =VLOOKUP($N31,$N$3:$R$11,5,FALSE) -> 14.4 | S31: =VLOOKUP($N31,$N$3:$T$11,6,FALSE) -> 325 | T31: =VLOOKUP($N31,$N$3:$T$11,7,FALSE) -> 380
A32: 45664 | B32: MK001 | C32: 13.3 | D32: =IF(+(IF(C32<O32,0,IF(C32>P32,0,1)))=1,1,0) -> 1 | E32: 420 | F32: =IF(+(IF(E32<S32,0,IF(E32>T32,0,1)))=1,1,0) -> 1 | G32: 12.88 | H32: =IF(+(IF(G32<Q32,0,IF(G32>R32,0,1)))=1,1,0) -> 1 | I32: =IF(+(IF(C32<O32,0,IF(C32>P32,0,1)))+(IF(E32<S32,0,IF(E32>T32,0,1)))+(IF(G32<Q32,0,IF(G32>R32,0,1)))=3,1,0) -> 1 | N32: =LEFT(B32,2) -> MK | O32: =VLOOKUP($N32,$N$3:$R$11,2,FALSE) -> 13.3 | P32: =VLOOKUP($N32,$N$3:$R$11,3,FALSE) -> 13.54 | Q32: =VLOOKUP($N32,$N$3:$R$11,4,FALSE) -> 8 | R32: =VLOOKUP($N32,$N$3:$R$11,5,FALSE) -> 14.4 | S32: =VLOOKUP($N32,$N$3:$T$11,6,FALSE) -> 395 | T32: =VLOOKUP($N32,$N$3:$T$11,7,FALSE) -> 435
A33: 45664 | B33: MK002 | C33: 13 | D33: =IF(+(IF(C33<O33,0,IF(C33>P33,0,1)))=1,1,0) -> 0 | E33: 447 | F33: =IF(+(IF(E33<S33,0,IF(E33>T33,0,1)))=1,1,0) -> 0 | G33: 12.72 | H33: =IF(+(IF(G33<Q33,0,IF(G33>R33,0,1)))=1,1,0) -> 1 | I33: =IF(+(IF(C33<O33,0,IF(C33>P33,0,1)))+(IF(E33<S33,0,IF(E33>T33,0,1)))+(IF(G33<Q33,0,IF(G33>R33,0,1)))=3,1,0) -> 0 | N33: =LEFT(B33,2) -> MK | O33: =VLOOKUP($N33,$N$3:$R$11,2,FALSE) -> 13.3 | P33: =VLOOKUP($N33,$N$3:$R$11,3,FALSE) -> 13.54 | Q33: =VLOOKUP($N33,$N$3:$R$11,4,FALSE) -> 8 | R33: =VLOOKUP($N33,$N$3:$R$11,5,FALSE) -> 14.4 | S33: =VLOOKUP($N33,$N$3:$T$11,6,FALSE) -> 395 | T33: =VLOOKUP($N33,$N$3:$T$11,7,FALSE) -> 435
A34: 45664 | B34: MK003 | C34: 12.8 | D34: =IF(+(IF(C34<O34,0,IF(C34>P34,0,1)))=1,1,0) -> 0 | E34: 430 | F34: =IF(+(IF(E34<S34,0,IF(E34>T34,0,1)))=1,1,0) -> 1 | G34: 13.19 | H34: =IF(+(IF(G34<Q34,0,IF(G34>R34,0,1)))=1,1,0) -> 1 | I34: =IF(+(IF(C34<O34,0,IF(C34>P34,0,1)))+(IF(E34<S34,0,IF(E34>T34,0,1)))+(IF(G34<Q34,0,IF(G34>R34,0,1)))=3,1,0) -> 0 | N34: =LEFT(B34,2) -> MK | O34: =VLOOKUP($N34,$N$3:$R$11,2,FALSE) -> 13.3 | P34: =VLOOKUP($N34,$N$3:$R$11,3,FALSE) -> 13.54 | Q34: =VLOOKUP($N34,$N$3:$R$11,4,FALSE) -> 8 | R34: =VLOOKUP($N34,$N$3:$R$11,5,FALSE) -> 14.4 | S34: =VLOOKUP($N34,$N$3:$T$11,6,FALSE) -> 395 | T34: =VLOOKUP($N34,$N$3:$T$11,7,FALSE) -> 435
A35: 45664 | B35: MK004 | C35: 13.5 | D35: =IF(+(IF(C35<O35,0,IF(C35>P35,0,1)))=1,1,0) -> 1 | E35: 403 | F35: =IF(+(IF(E35<S35,0,IF(E35>T35,0,1)))=1,1,0) -> 1 | G35: 11.9 | H35: =IF(+(IF(G35<Q35,0,IF(G35>R35,0,1)))=1,1,0) -> 1 | I35: =IF(+(IF(C35<O35,0,IF(C35>P35,0,1)))+(IF(E35<S35,0,IF(E35>T35,0,1)))+(IF(G35<Q35,0,IF(G35>R35,0,1)))=3,1,0) -> 1 | N35: =LEFT(B35,2) -> MK | O35: =VLOOKUP($N35,$N$3:$R$11,2,FALSE) -> 13.3 | P35: =VLOOKUP($N35,$N$3:$R$11,3,FALSE) -> 13.54 | Q35: =VLOOKUP($N35,$N$3:$R$11,4,FALSE) -> 8 | R35: =VLOOKUP($N35,$N$3:$R$11,5,FALSE) -> 14.4 | S35: =VLOOKUP($N35,$N$3:$T$11,6,FALSE) -> 395 | T35: =VLOOKUP($N35,$N$3:$T$11,7,FALSE) -> 435
A36: 45664 | B36: MK005 | C36: 13.3 | D36: =IF(+(IF(C36<O36,0,IF(C36>P36,0,1)))=1,1,0) -> 1 | E36: 443 | F36: =IF(+(IF(E36<S36,0,IF(E36>T36,0,1)))=1,1,0) -> 0 | G36: 12.25 | H36: =IF(+(IF(G36<Q36,0,IF(G36>R36,0,1)))=1,1,0) -> 1 | I36: =IF(+(IF(C36<O36,0,IF(C36>P36,0,1)))+(IF(E36<S36,0,IF(E36>T36,0,1)))+(IF(G36<Q36,0,IF(G36>R36,0,1)))=3,1,0) -> 0 | N36: =LEFT(B36,2) -> MK | O36: =VLOOKUP($N36,$N$3:$R$11,2,FALSE) -> 13.3 | P36: =VLOOKUP($N36,$N$3:$R$11,3,FALSE) -> 13.54 | Q36: =VLOOKUP($N36,$N$3:$R$11,4,FALSE) -> 8 | R36: =VLOOKUP($N36,$N$3:$R$11,5,FALSE) -> 14.4 | S36: =VLOOKUP($N36,$N$3:$T$11,6,FALSE) -> 395 | T36: =VLOOKUP($N36,$N$3:$T$11,7,FALSE) -> 435
A37: 45664 | B37: MK006 | C37: 12.6 | D37: =IF(+(IF(C37<O37,0,IF(C37>P37,0,1)))=1,1,0) -> 0 | E37: 487 | F37: =IF(+(IF(E37<S37,0,IF(E37>T37,0,1)))=1,1,0) -> 0 | G37: 12.3 | H37: =IF(+(IF(G37<Q37,0,IF(G37>R37,0,1)))=1,1,0) -> 1 | I37: =IF(+(IF(C37<O37,0,IF(C37>P37,0,1)))+(IF(E37<S37,0,IF(E37>T37,0,1)))+(IF(G37<Q37,0,IF(G37>R37,0,1)))=3,1,0) -> 0 | N37: =LEFT(B37,2) -> MK | O37: =VLOOKUP($N37,$N$3:$R$11,2,FALSE) -> 13.3 | P37: =VLOOKUP($N37,$N$3:$R$11,3,FALSE) -> 13.54 | Q37: =VLOOKUP($N37,$N$3:$R$11,4,FALSE) -> 8 | R37: =VLOOKUP($N37,$N$3:$R$11,5,FALSE) -> 14.4 | S37: =VLOOKUP($N37,$N$3:$T$11,6,FALSE) -> 395 | T37: =VLOOKUP($N37,$N$3:$T$11,7,FALSE) -> 435
A38: 45664 | B38: MK007 | C38: 13.2 | D38: =IF(+(IF(C38<O38,0,IF(C38>P38,0,1)))=1,1,0) -> 0 | E38: 688 | F38: =IF(+(IF(E38<S38,0,IF(E38>T38,0,1)))=1,1,0) -> 0 | G38: 11.84 | H38: =IF(+(IF(G38<Q38,0,IF(G38>R38,0,1)))=1,1,0) -> 1 | I38: =IF(+(IF(C38<O38,0,IF(C38>P38,0,1)))+(IF(E38<S38,0,IF(E38>T38,0,1)))+(IF(G38<Q38,0,IF(G38>R38,0,1)))=3,1,0) -> 0 | N38: =LEFT(B38,2) -> MK | O38: =VLOOKUP($N38,$N$3:$R$11,2,FALSE) -> 13.3 | P38: =VLOOKUP($N38,$N$3:$R$11,3,FALSE) -> 13.54 | Q38: =VLOOKUP($N38,$N$3:$R$11,4,FALSE) -> 8 | R38: =VLOOKUP($N38,$N$3:$R$11,5,FALSE) -> 14.4 | S38: =VLOOKUP($N38,$N$3:$T$11,6,FALSE) -> 395 | T38: =VLOOKUP($N38,$N$3:$T$11,7,FALSE) -> 435
A39: 45664 | B39: MK008 | C39: 13 | D39: =IF(+(IF(C39<O39,0,IF(C39>P39,0,1)))=1,1,0) -> 0 | E39: 934 | F39: =IF(+(IF(E39<S39,0,IF(E39>T39,0,1)))=1,1,0) -> 0 | G39: 12.04 | H39: =IF(+(IF(G39<Q39,0,IF(G39>R39,0,1)))=1,1,0) -> 1 | I39: =IF(+(IF(C39<O39,0,IF(C39>P39,0,1)))+(IF(E39<S39,0,IF(E39>T39,0,1)))+(IF(G39<Q39,0,IF(G39>R39,0,1)))=3,1,0) -> 0 | N39: =LEFT(B39,2) -> MK | O39: =VLOOKUP($N39,$N$3:$R$11,2,FALSE) -> 13.3 | P39: =VLOOKUP($N39,$N$3:$R$11,3,FALSE) -> 13.54 | Q39: =VLOOKUP($N39,$N$3:$R$11,4,FALSE) -> 8 | R39: =VLOOKUP($N39,$N$3:$R$11,5,FALSE) -> 14.4 | S39: =VLOOKUP($N39,$N$3:$T$11,6,FALSE) -> 395 | T39: =VLOOKUP($N39,$N$3:$T$11,7,FALSE) -> 435
A40: 45665 | B40: CA005 | C40: 11.9 | D40: =IF(+(IF(C40<O40,0,IF(C40>P40,0,1)))=1,1,0) -> 1 | E40: 341 | F40: =IF(+(IF(E40<S40,0,IF(E40>T40,0,1)))=1,1,0) -> 1 | G40: 12.43 | H40: =IF(+(IF(G40<Q40,0,IF(G40>R40,0,1)))=1,1,0) -> 1 | I40: =IF(+(IF(C40<O40,0,IF(C40>P40,0,1)))+(IF(E40<S40,0,IF(E40>T40,0,1)))+(IF(G40<Q40,0,IF(G40>R40,0,1)))=3,1,0) -> 1 | N40: =LEFT(B40,2) -> CA | O40: =VLOOKUP($N40,$N$3:$R$11,2,FALSE) -> 11.6 | P40: =VLOOKUP($N40,$N$3:$R$11,3,FALSE) -> 12.04 | Q40: =VLOOKUP($N40,$N$3:$R$11,4,FALSE) -> 8 | R40: =VLOOKUP($N40,$N$3:$R$11,5,FALSE) -> 14.4 | S40: =VLOOKUP($N40,$N$3:$T$11,6,FALSE) -> 325 | T40: =VLOOKUP($N40,$N$3:$T$11,7,FALSE) -> 380
A41: 45665 | B41: CA006 | C41: 12 | D41: =IF(+(IF(C41<O41,0,IF(C41>P41,0,1)))=1,1,0) -> 1 | E41: 365 | F41: =IF(+(IF(E41<S41,0,IF(E41>T41,0,1)))=1,1,0) -> 1 | G41: 12.97 | H41: =IF(+(IF(G41<Q41,0,IF(G41>R41,0,1)))=1,1,0) -> 1 | I41: =IF(+(IF(C41<O41,0,IF(C41>P41,0,1)))+(IF(E41<S41,0,IF(E41>T41,0,1)))+(IF(G41<Q41,0,IF(G41>R41,0,1)))=3,1,0) -> 1 | N41: =LEFT(B41,2) -> CA | O41: =VLOOKUP($N41,$N$3:$R$11,2,FALSE) -> 11.6 | P41: =VLOOKUP($N41,$N$3:$R$11,3,FALSE) -> 12.04 | Q41: =VLOOKUP($N41,$N$3:$R$11,4,FALSE) -> 8 | R41: =VLOOKUP($N41,$N$3:$R$11,5,FALSE) -> 14.4 | S41: =VLOOKUP($N41,$N$3:$T$11,6,FALSE) -> 325 | T41: =VLOOKUP($N41,$N$3:$T$11,7,FALSE) -> 380
A42: 45665 | B42: CA007 | C42: 11.9 | D42: =IF(+(IF(C42<O42,0,IF(C42>P42,0,1)))=1,1,0) -> 1 | E42: 387 | F42: =IF(+(IF(E42<S42,0,IF(E42>T42,0,1)))=1,1,0) -> 0 | G42: 13.05 | H42: =IF(+(IF(G42<Q42,0,IF(G42>R42,0,1)))=1,1,0) -> 1 | I42: =IF(+(IF(C42<O42,0,IF(C42>P42,0,1)))+(IF(E42<S42,0,IF(E42>T42,0,1)))+(IF(G42<Q42,0,IF(G42>R42,0,1)))=3,1,0) -> 0 | N42: =LEFT(B42,2) -> CA | O42: =VLOOKUP($N42,$N$3:$R$11,2,FALSE) -> 11.6 | P42: =VLOOKUP($N42,$N$3:$R$11,3,FALSE) -> 12.04 | Q42: =VLOOKUP($N42,$N$3:$R$11,4,FALSE) -> 8 | R42: =VLOOKUP($N42,$N$3:$R$11,5,FALSE) -> 14.4 | S42: =VLOOKUP($N42,$N$3:$T$11,6,FALSE) -> 325 | T42: =VLOOKUP($N42,$N$3:$T$11,7,FALSE) -> 380
... A48: 45666 | B48: ST003 | C48: 11.6 | D48: =IF(+(IF(C48<O48,0,IF(C48>P48,0,1)))=1,1,0) -> 1 | E48: 515 | F48: =IF(+(IF(E48<S48,0,IF(E48>T48,0,1)))=1,1,0) -> 0 | G48: 12.71 | H48: =IF(+(IF(G48<Q48,0,IF(G48>R48,0,1)))=1,1,0) -> 1 | I48: =IF(+(IF(C48<O48,0,IF(C48>P48,0,1)))+(IF(E48<S48,0,IF(E48>T48,0,1)))+(IF(G48<Q48,0,IF(G48>R48,0,1)))=3,1,0) -> 0 | N48: =LEFT(B48,2) -> ST | O48: =VLOOKUP($N48,$N$3:$R$11,2,FALSE) -> 11.6 | P48: =VLOOKUP($N48,$N$3:$R$11,3,FALSE) -> 12.04 | Q48: =VLOOKUP($N48,$N$3:$R$11,4,FALSE) -> 8 | R48: =VLOOKUP($N48,$N$3:$R$11,5,FALSE) -> 14.4 | S48: =VLOOKUP($N48,$N$3:$T$11,6,FALSE) -> 325 | T48: =VLOOKUP($N48,$N$3:$T$11,7,FALSE) -> 380
A49: 45666 | B49: VM001 | C49: 14.3 | D49: =IF(+(IF(C49<O49,0,IF(C49>P49,0,1)))=1,1,0) -> 1 | E49: 415 | F49: =IF(+(IF(E49<S49,0,IF(E49>T49,0,1)))=1,1,0) -> 1 | I49: =IF(+(IF(C49<O49,0,IF(C49>P49,0,1)))+(IF(E49<S49,0,IF(E49>T49,0,1)))+(IF(G49<Q49,0,IF(G49>R49,0,1)))=3,1,0) -> 1 | N49: =LEFT(B49,2) -> VM | O49: =VLOOKUP($N49,$N$3:$R$11,2,FALSE) -> 14.2 | P49: =VLOOKUP($N49,$N$3:$R$11,3,FALSE) -> 14.64 | Q49: =VLOOKUP($N49,$N$3:$R$11,4,FALSE) -> 0 | R49: =VLOOKUP($N49,$N$3:$R$11,5,FALSE) -> 0 | S49: =VLOOKUP($N49,$N$3:$T$11,6,FALSE) -> 375 | T49: =VLOOKUP($N49,$N$3:$T$11,7,FALSE) -> 425
A50: 45666 | B50: VM002 | C50: 14.1 | D50: =IF(+(IF(C50<O50,0,IF(C50>P50,0,1)))=1,1,0) -> 0 | E50: 419 | F50: =IF(+(IF(E50<S50,0,IF(E50>T50,0,1)))=1,1,0) -> 1 | I50: =IF(+(IF(C50<O50,0,IF(C50>P50,0,1)))+(IF(E50<S50,0,IF(E50>T50,0,1)))+(IF(G50<Q50,0,IF(G50>R50,0,1)))=3,1,0) -> 0 | N50: =LEFT(B50,2) -> VM | O50: =VLOOKUP($N50,$N$3:$R$11,2,FALSE) -> 14.2 | P50: =VLOOKUP($N50,$N$3:$R$11,3,FALSE) -> 14.64 | Q50: =VLOOKUP($N50,$N$3:$R$11,4,FALSE) -> 0 | R50: =VLOOKUP($N50,$N$3:$R$11,5,FALSE) -> 0 | S50: =VLOOKUP($N50,$N$3:$T$11,6,FALSE) -> 375 | T50: =VLOOKUP($N50,$N$3:$T$11,7,FALSE) -> 425
A51: 45666 | B51: VM003 | C51: 14.6 | D51: =IF(+(IF(C51<O51,0,IF(C51>P51,0,1)))=1,1,0) -> 1 | E51: 417 | F51: =IF(+(IF(E51<S51,0,IF(E51>T51,0,1)))=1,1,0) -> 1 | I51: =IF(+(IF(C51<O51,0,IF(C51>P51,0,1)))+(IF(E51<S51,0,IF(E51>T51,0,1)))+(IF(G51<Q51,0,IF(G51>R51,0,1)))=3,1,0) -> 1 | N51: =LEFT(B51,2) -> VM | O51: =VLOOKUP($N51,$N$3:$R$11,2,FALSE) -> 14.2 | P51: =VLOOKUP($N51,$N$3:$R$11,3,FALSE) -> 14.64 | Q51: =VLOOKUP($N51,$N$3:$R$11,4,FALSE) -> 0 | R51: =VLOOKUP($N51,$N$3:$R$11,5,FALSE) -> 0 | S51: =VLOOKUP($N51,$N$3:$T$11,6,FALSE) -> 375 | T51: =VLOOKUP($N51,$N$3:$T$11,7,FALSE) -> 425
A52: 45666 | B52: VM004 | C52: 14.3 | D52: =IF(+(IF(C52<O52,0,IF(C52>P52,0,1)))=1,1,0) -> 1 | E52: 483 | F52: =IF(+(IF(E52<S52,0,IF(E52>T52,0,1)))=1,1,0) -> 0 | I52: =IF(+(IF(C52<O52,0,IF(C52>P52,0,1)))+(IF(E52<S52,0,IF(E52>T52,0,1)))+(IF(G52<Q52,0,IF(G52>R52,0,1)))=3,1,0) -> 0 | N52: =LEFT(B52,2) -> VM | O52: =VLOOKUP($N52,$N$3:$R$11,2,FALSE) -> 14.2 | P52: =VLOOKUP($N52,$N$3:$R$11,3,FALSE) -> 14.64 | Q52: =VLOOKUP($N52,$N$3:$R$11,4,FALSE) -> 0 | R52: =VLOOKUP($N52,$N$3:$R$11,5,FALSE) -> 0 | S52: =VLOOKUP($N52,$N$3:$T$11,6,FALSE) -> 375 | T52: =VLOOKUP($N52,$N$3:$T$11,7,FALSE) -> 425
A53: 45667 | B53: CA013 | C53: 11.8 | D53: =IF(+(IF(C53<O53,0,IF(C53>P53,0,1)))=1,1,0) -> 1 | E53: 379 | F53: =IF(+(IF(E53<S53,0,IF(E53>T53,0,1)))=1,1,0) -> 1 | G53: 12.2 | H53: =IF(+(IF(G53<Q53,0,IF(G53>R53,0,1)))=1,1,0) -> 1 | I53: =IF(+(IF(C53<O53,0,IF(C53>P53,0,1)))+(IF(E53<S53,0,IF(E53>T53,0,1)))+(IF(G53<Q53,0,IF(G53>R53,0,1)))=3,1,0) -> 1 | N53: =LEFT(B53,2) -> CA | O53: =VLOOKUP($N53,$N$3:$R$11,2,FALSE) -> 11.6 | P53: =VLOOKUP($N53,$N$3:$R$11,3,FALSE) -> 12.04 | Q53: =VLOOKUP($N53,$N$3:$R$11,4,FALSE) -> 8 | R53: =VLOOKUP($N53,$N$3:$R$11,5,FALSE) -> 14.4 | S53: =VLOOKUP($N53,$N$3:$T$11,6,FALSE) -> 325 | T53: =VLOOKUP($N53,$N$3:$T$11,7,FALSE) -> 380
A54: 45667 | B54: CA014 | C54: 11.8 | D54: =IF(+(IF(C54<O54,0,IF(C54>P54,0,1)))=1,1,0) -> 1 | E54: 382 | F54: =IF(+(IF(E54<S54,0,IF(E54>T54,0,1)))=1,1,0) -> 0 | G54: 11.84 | H54: =IF(+(IF(G54<Q54,0,IF(G54>R54,0,1)))=1,1,0) -> 1 | I54: =IF(+(IF(C54<O54,0,IF(C54>P54,0,1)))+(IF(E54<S54,0,IF(E54>T54,0,1)))+(IF(G54<Q54,0,IF(G54>R54,0,1)))=3,1,0) -> 0 | N54: =LEFT(B54,2) -> CA | O54: =VLOOKUP($N54,$N$3:$R$11,2,FALSE) -> 11.6 | P54: =VLOOKUP($N54,$N$3:$R$11,3,FALSE) -> 12.04 | Q54: =VLOOKUP($N54,$N$3:$R$11,4,FALSE) -> 8 | R54: =VLOOKUP($N54,$N$3:$R$11,5,FALSE) -> 14.4 | S54: =VLOOKUP($N54,$N$3:$T$11,6,FALSE) -> 325 | T54: =VLOOKUP($N54,$N$3:$T$11,7,FALSE) -> 380
A55: 45667 | B55: CA015 | C55: 12 | D55: =IF(+(IF(C55<O55,0,IF(C55>P55,0,1)))=1,1,0) -> 1 | E55: 391 | F55: =IF(+(IF(E55<S55,0,IF(E55>T55,0,1)))=1,1,0) -> 0 | G55: 13.37 | H55: =IF(+(IF(G55<Q55,0,IF(G55>R55,0,1)))=1,1,0) -> 1 | I55: =IF(+(IF(C55<O55,0,IF(C55>P55,0,1)))+(IF(E55<S55,0,IF(E55>T55,0,1)))+(IF(G55<Q55,0,IF(G55>R55,0,1)))=3,1,0) -> 0 | N55: =LEFT(B55,2) -> CA | O55: =VLOOKUP($N55,$N$3:$R$11,2,FALSE) -> 11.6 | P55: =VLOOKUP($N55,$N$3:$R$11,3,FALSE) -> 12.04 | Q55: =VLOOKUP($N55,$N$3:$R$11,4,FALSE) -> 8 | R55: =VLOOKUP($N55,$N$3:$R$11,5,FALSE) -> 14.4 | S55: =VLOOKUP($N55,$N$3:$T$11,6,FALSE) -> 325 | T55: =VLOOKUP($N55,$N$3:$T$11,7,FALSE) -> 380
A56: 45667 | B56: CA016 | C56: 11.9 | D56: =IF(+(IF(C56<O56,0,IF(C56>P56,0,1)))=1,1,0) -> 1 | E56: 386 | F56: =IF(+(IF(E56<S56,0,IF(E56>T56,0,1)))=1,1,0) -> 0 | G56: 12.72 | H56: =IF(+(IF(G56<Q56,0,IF(G56>R56,0,1)))=1,1,0) -> 1 | I56: =IF(+(IF(C56<O56,0,IF(C56>P56,0,1)))+(IF(E56<S56,0,IF(E56>T56,0,1)))+(IF(G56<Q56,0,IF(G56>R56,0,1)))=3,1,0) -> 0 | N56: =LEFT(B56,2) -> CA | O56: =VLOOKUP($N56,$N$3:$R$11,2,FALSE) -> 11.6 | P56: =VLOOKUP($N56,$N$3:$R$11,3,FALSE) -> 12.04 | Q56: =VLOOKUP($N56,$N$3:$R$11,4,FALSE) -> 8 | R56: =VLOOKUP($N56,$N$3:$R$11,5,FALSE) -> 14.4 | S56: =VLOOKUP($N56,$N$3:$T$11,6,FALSE) -> 325 | T56: =VLOOKUP($N56,$N$3:$T$11,7,FALSE) -> 380
A57: 46034 | B57: CA017 | C57: 11.9 | D57: =IF(+(IF(C57<O57,0,IF(C57>P57,0,1)))=1,1,0) -> 1 | E57: 385 | F57: =IF(+(IF(E57<S57,0,IF(E57>T57,0,1)))=1,1,0) -> 0 | G57: 13.13 | H57: =IF(+(IF(G57<Q57,0,IF(G57>R57,0,1)))=1,1,0) -> 1 | I57: =IF(+(IF(C57<O57,0,IF(C57>P57,0,1)))+(IF(E57<S57,0,IF(E57>T57,0,1)))+(IF(G57<Q57,0,IF(G57>R57,0,1)))=3,1,0) -> 0 | N57: =LEFT(B57,2) -> CA | O57: =VLOOKUP($N57,$N$3:$R$11,2,FALSE) -> 11.6 | P57: =VLOOKUP($N57,$N$3:$R$11,3,FALSE) -> 12.04 | Q57: =VLOOKUP($N57,$N$3:$R$11,4,FALSE) -> 8 | R57: =VLOOKUP($N57,$N$3:$R$11,5,FALSE) -> 14.4 | S57: =VLOOKUP($N57,$N$3:$T$11,6,FALSE) -> 325 | T57: =VLOOKUP($N57,$N$3:$T$11,7,FALSE) -> 380
A58: 46034 | B58: CA018 | C58: 11.9 | D58: =IF(+(IF(C58<O58,0,IF(C58>P58,0,1)))=1,1,0) -> 1 | E58: 393 | F58: =IF(+(IF(E58<S58,0,IF(E58>T58,0,1)))=1,1,0) -> 0 | G58: 12.42 | H58: =IF(+(IF(G58<Q58,0,IF(G58>R58,0,1)))=1,1,0) -> 1 | I58: =IF(+(IF(C58<O58,0,IF(C58>P58,0,1)))+(IF(E58<S58,0,IF(E58>T58,0,1)))+(IF(G58<Q58,0,IF(G58>R58,0,1)))=3,1,0) -> 0 | N58: =LEFT(B58,2) -> CA | O58: =VLOOKUP($N58,$N$3:$R$11,2,FALSE) -> 11.6 | P58: =VLOOKUP($N58,$N$3:$R$11,3,FALSE) -> 12.04 | Q58: =VLOOKUP($N58,$N$3:$R$11,4,FALSE) -> 8 | R58: =VLOOKUP($N58,$N$3:$R$11,5,FALSE) -> 14.4 | S58: =VLOOKUP($N58,$N$3:$T$11,6,FALSE) -> 325 | T58: =VLOOKUP($N58,$N$3:$T$11,7,FALSE) -> 380
A59: 46034 | B59: CA019 | C59: 12 | D59: =IF(+(IF(C59<O59,0,IF(C59>P59,0,1)))=1,1,0) -> 1 | E59: 385 | F59: =IF(+(IF(E59<S59,0,IF(E59>T59,0,1)))=1,1,0) -> 0 | G59: 11.81 | H59: =IF(+(IF(G59<Q59,0,IF(G59>R59,0,1)))=1,1,0) -> 1 | I59: =IF(+(IF(C59<O59,0,IF(C59>P59,0,1)))+(IF(E59<S59,0,IF(E59>T59,0,1)))+(IF(G59<Q59,0,IF(G59>R59,0,1)))=3,1,0) -> 0 | N59: =LEFT(B59,2) -> CA | O59: =VLOOKUP($N59,$N$3:$R$11,2,FALSE) -> 11.6 | P59: =VLOOKUP($N59,$N$3:$R$11,3,FALSE) -> 12.04 | Q59: =VLOOKUP($N59,$N$3:$R$11,4,FALSE) -> 8 | R59: =VLOOKUP($N59,$N$3:$R$11,5,FALSE) -> 14.4 | S59: =VLOOKUP($N59,$N$3:$T$11,6,FALSE) -> 325 | T59: =VLOOKUP($N59,$N$3:$T$11,7,FALSE) -> 380
A60: 46034 | B60: CA020 | C60: 11.8 | D60: =IF(+(IF(C60<O60,0,IF(C60>P60,0,1)))=1,1,0) -> 1 | E60: 503 | F60: =IF(+(IF(E60<S60,0,IF(E60>T60,0,1)))=1,1,0) -> 0 | G60: 13.15 | H60: =IF(+(IF(G60<Q60,0,IF(G60>R60,0,1)))=1,1,0) -> 1 | I60: =IF(+(IF(C60<O60,0,IF(C60>P60,0,1)))+(IF(E60<S60,0,IF(E60>T60,0,1)))+(IF(G60<Q60,0,IF(G60>R60,0,1)))=3,1,0) -> 0 | N60: =LEFT(B60,2) -> CA | O60: =VLOOKUP($N60,$N$3:$R$11,2,FALSE) -> 11.6 | P60: =VLOOKUP($N60,$N$3:$R$11,3,FALSE) -> 12.04 | Q60: =VLOOKUP($N60,$N$3:$R$11,4,FALSE) -> 8 | R60: =VLOOKUP($N60,$N$3:$R$11,5,FALSE) -> 14.4 | S60: =VLOOKUP($N60,$N$3:$T$11,6,FALSE) -> 325 | T60: =VLOOKUP($N60,$N$3:$T$11,7,FALSE) -> 380
A61: 46034 | B61: CA021 | C61: 11.8 | D61: =IF(+(IF(C61<O61,0,IF(C61>P61,0,1)))=1,1,0) -> 1 | E61: 763 | F61: =IF(+(IF(E61<S61,0,IF(E61>T61,0,1)))=1,1,0) -> 0 | G61: 13.83 | H61: =IF(+(IF(G61<Q61,0,IF(G61>R61,0,1)))=1,1,0) -> 1 | I61: =IF(+(IF(C61<O61,0,IF(C61>P61,0,1)))+(IF(E61<S61,0,IF(E61>T61,0,1)))+(IF(G61<Q61,0,IF(G61>R61,0,1)))=3,1,0) -> 0 | N61: =LEFT(B61,2) -> CA | O61: =VLOOKUP($N61,$N$3:$R$11,2,FALSE) -> 11.6 | P61: =VLOOKUP($N61,$N$3:$R$11,3,FALSE) -> 12.04 | Q61: =VLOOKUP($N61,$N$3:$R$11,4,FALSE) -> 8 | R61: =VLOOKUP($N61,$N$3:$R$11,5,FALSE) -> 14.4 | S61: =VLOOKUP($N61,$N$3:$T$11,6,FALSE) -> 325 | T61: =VLOOKUP($N61,$N$3:$T$11,7,FALSE) -> 380
A62: 46035 | B62: CA022 | C62: 12.3 | D62: =IF(+(IF(C62<O62,0,IF(C62>P62,0,1)))=1,1,0) -> 0 | E62: 493 | F62: =IF(+(IF(E62<S62,0,IF(E62>T62,0,1)))=1,1,0) -> 0 | G62: 12.94 | H62: =IF(+(IF(G62<Q62,0,IF(G62>R62,0,1)))=1,1,0) -> 1 | I62: =IF(+(IF(C62<O62,0,IF(C62>P62,0,1)))+(IF(E62<S62,0,IF(E62>T62,0,1)))+(IF(G62<Q62,0,IF(G62>R62,0,1)))=3,1,0) -> 0 | N62: =LEFT(B62,2) -> CA | O62: =VLOOKUP($N62,$N$3:$R$11,2,FALSE) -> 11.6 | P62: =VLOOKUP($N62,$N$3:$R$11,3,FALSE) -> 12.04 | Q62: =VLOOKUP($N62,$N$3:$R$11,4,FALSE) -> 8 | R62: =VLOOKUP($N62,$N$3:$R$11,5,FALSE) -> 14.4 | S62: =VLOOKUP($N62,$N$3:$T$11,6,FALSE) -> 325 | T62: =VLOOKUP($N62,$N$3:$T$11,7,FALSE) -> 380
A63: 46036 | B63: CA023 | C63: 11.9 | D63: =IF(+(IF(C63<O63,0,IF(C63>P63,0,1)))=1,1,0) -> 1 | E63: 517 | F63: =IF(+(IF(E63<S63,0,IF(E63>T63,0,1)))=1,1,0) -> 0 | G63: 11.83 | H63: =IF(+(IF(G63<Q63,0,IF(G63>R63,0,1)))=1,1,0) -> 1 | I63: =IF(+(IF(C63<O63,0,IF(C63>P63,0,1)))+(IF(E63<S63,0,IF(E63>T63,0,1)))+(IF(G63<Q63,0,IF(G63>R63,0,1)))=3,1,0) -> 0 | N63: =LEFT(B63,2) -> CA | O63: =VLOOKUP($N63,$N$3:$R$11,2,FALSE) -> 11.6 | P63: =VLOOKUP($N63,$N$3:$R$11,3,FALSE) -> 12.04 | Q63: =VLOOKUP($N63,$N$3:$R$11,4,FALSE) -> 8 | R63: =VLOOKUP($N63,$N$3:$R$11,5,FALSE) -> 14.4 | S63: =VLOOKUP($N63,$N$3:$T$11,6,FALSE) -> 325 | T63: =VLOOKUP($N63,$N$3:$T$11,7,FALSE) -> 380
A64: 46036 | B64: CA024 | C64: 11.7 | D64: =IF(+(IF(C64<O64,0,IF(C64>P64,0,1)))=1,1,0) -> 1 | E64: 396 | F64: =IF(+(IF(E64<S64,0,IF(E64>T64,0,1)))=1,1,0) -> 0 | G64: 12.42 | H64: =IF(+(IF(G64<Q64,0,IF(G64>R64,0,1)))=1,1,0) -> 1 | I64: =IF(+(IF(C64<O64,0,IF(C64>P64,0,1)))+(IF(E64<S64,0,IF(E64>T64,0,1)))+(IF(G64<Q64,0,IF(G64>R64,0,1)))=3,1,0) -> 0 | N64: =LEFT(B64,2) -> CA | O64: =VLOOKUP($N64,$N$3:$R$11,2,FALSE) -> 11.6 | P64: =VLOOKUP($N64,$N$3:$R$11,3,FALSE) -> 12.04 | Q64: =VLOOKUP($N64,$N$3:$R$11,4,FALSE) -> 8 | R64: =VLOOKUP($N64,$N$3:$R$11,5,FALSE) -> 14.4 | S64: =VLOOKUP($N64,$N$3:$T$11,6,FALSE) -> 325 | T64: =VLOOKUP($N64,$N$3:$T$11,7,FALSE) -> 380
... A115: 46044 | B115: CA055 | C115: 11.8 | D115: =IF(+(IF(C115<O115,0,IF(C115>P115,0,1)))=1,1,0) -> 1 | E115: 718 | F115: =IF(+(IF(E115<S115,0,IF(E115>T115,0,1)))=1,1,0) -> 0 | G115: 12.4 | H115: =IF(+(IF(G115<Q115,0,IF(G115>R115,0,1)))=1,1,0) -> 1 | I115: =IF(+(IF(C115<O115,0,IF(C115>P115,0,1)))+(IF(E115<S115,0,IF(E115>T115,0,1)))+(IF(G115<Q115,0,IF(G115>R115,0,1)))=3,1,0) -> 0 | N115: =LEFT(B115,2) -> CA | O115: =VLOOKUP($N115,$N$3:$R$11,2,FALSE) -> 11.6 | P115: =VLOOKUP($N115,$N$3:$R$11,3,FALSE) -> 12.04 | Q115: =VLOOKUP($N115,$N$3:$R$11,4,FALSE) -> 8 | R115: =VLOOKUP($N115,$N$3:$R$11,5,FALSE) -> 14.4 | S115: =VLOOKUP($N115,$N$3:$T$11,6,FALSE) -> 325 | T115: =VLOOKUP($N115,$N$3:$T$11,7,FALSE) -> 380
A116: 46044 | B116: CA056 | C116: 11.8 | D116: =IF(+(IF(C116<O116,0,IF(C116>P116,0,1)))=1,1,0) -> 1 | E116: 876 | F116: =IF(+(IF(E116<S116,0,IF(E116>T116,0,1)))=1,1,0) -> 0 | I116: =IF(+(IF(C116<O116,0,IF(C116>P116,0,1)))+(IF(E116<S116,0,IF(E116>T116,0,1)))+(IF(G116<Q116,0,IF(G116>R116,0,1)))=3,1,0) -> 0 | N116: =LEFT(B116,2) -> CA | O116: =VLOOKUP($N116,$N$3:$R$11,2,FALSE) -> 11.6 | P116: =VLOOKUP($N116,$N$3:$R$11,3,FALSE) -> 12.04 | Q116: =VLOOKUP($N116,$N$3:$R$11,4,FALSE) -> 8 | R116: =VLOOKUP($N116,$N$3:$R$11,5,FALSE) -> 14.4 | S116: =VLOOKUP($N116,$N$3:$T$11,6,FALSE) -> 325 | T116: =VLOOKUP($N116,$N$3:$T$11,7,FALSE) -> 380
A117: 46044 | B117: CA057 | C117: 12 | D117: =IF(+(IF(C117<O117,0,IF(C117>P117,0,1)))=1,1,0) -> 1 | E117: 571 | F117: =IF(+(IF(E117<S117,0,IF(E117>T117,0,1)))=1,1,0) -> 0 | G117: 11.82 | H117: =IF(+(IF(G117<Q117,0,IF(G117>R117,0,1)))=1,1,0) -> 1 | I117: =IF(+(IF(C117<O117,0,IF(C117>P117,0,1)))+(IF(E117<S117,0,IF(E117>T117,0,1)))+(IF(G117<Q117,0,IF(G117>R117,0,1)))=3,1,0) -> 0 | N117: =LEFT(B117,2) -> CA | O117: =VLOOKUP($N117,$N$3:$R$11,2,FALSE) -> 11.6 | P117: =VLOOKUP($N117,$N$3:$R$11,3,FALSE) -> 12.04 | Q117: =VLOOKUP($N117,$N$3:$R$11,4,FALSE) -> 8 | R117: =VLOOKUP($N117,$N$3:$R$11,5,FALSE) -> 14.4 | S117: =VLOOKUP($N117,$N$3:$T$11,6,FALSE) -> 325 | T117: =VLOOKUP($N117,$N$3:$T$11,7,FALSE) -> 380
A118: 46044 | B118: CA058 | C118: 11.8 | D118: =IF(+(IF(C118<O118,0,IF(C118>P118,0,1)))=1,1,0) -> 1 | E118: 428 | F118: =IF(+(IF(E118<S118,0,IF(E118>T118,0,1)))=1,1,0) -> 0 | G118: 12 | H118: =IF(+(IF(G118<Q118,0,IF(G118>R118,0,1)))=1,1,0) -> 1 | I118: =IF(+(IF(C118<O118,0,IF(C118>P118,0,1)))+(IF(E118<S118,0,IF(E118>T118,0,1)))+(IF(G118<Q118,0,IF(G118>R118,0,1)))=3,1,0) -> 0 | N118: =LEFT(B118,2) -> CA | O118: =VLOOKUP($N118,$N$3:$R$11,2,FALSE) -> 11.6 | P118: =VLOOKUP($N118,$N$3:$R$11,3,FALSE) -> 12.04 | Q118: =VLOOKUP($N118,$N$3:$R$11,4,FALSE) -> 8 | R118: =VLOOKUP($N118,$N$3:$R$11,5,FALSE) -> 14.4 | S118: =VLOOKUP($N118,$N$3:$T$11,6,FALSE) -> 325 | T118: =VLOOKUP($N118,$N$3:$T$11,7,FALSE) -> 380
A119: 46045 | B119: CA059 | C119: 11.8 | D119: =IF(+(IF(C119<O119,0,IF(C119>P119,0,1)))=1,1,0) -> 1 | E119: 390 | F119: =IF(+(IF(E119<S119,0,IF(E119>T119,0,1)))=1,1,0) -> 0 | G119: 13.72 | H119: =IF(+(IF(G119<Q119,0,IF(G119>R119,0,1)))=1,1,0) -> 1 | I119: =IF(+(IF(C119<O119,0,IF(C119>P119,0,1)))+(IF(E119<S119,0,IF(E119>T119,0,1)))+(IF(G119<Q119,0,IF(G119>R119,0,1)))=3,1,0) -> 0 | N119: =LEFT(B119,2) -> CA | O119: =VLOOKUP($N119,$N$3:$R$11,2,FALSE) -> 11.6 | P119: =VLOOKUP($N119,$N$3:$R$11,3,FALSE) -> 12.04 | Q119: =VLOOKUP($N119,$N$3:$R$11,4,FALSE) -> 8 | R119: =VLOOKUP($N119,$N$3:$R$11,5,FALSE) -> 14.4 | S119: =VLOOKUP($N119,$N$3:$T$11,6,FALSE) -> 325 | T119: =VLOOKUP($N119,$N$3:$T$11,7,FALSE) -> 380
A120: 46045 | B120: CA060 | C120: 11.9 | D120: =IF(+(IF(C120<O120,0,IF(C120>P120,0,1)))=1,1,0) -> 1 | E120: 396 | F120: =IF(+(IF(E120<S120,0,IF(E120>T120,0,1)))=1,1,0) -> 0 | G120: 12.91 | H120: =IF(+(IF(G120<Q120,0,IF(G120>R120,0,1)))=1,1,0) -> 1 | I120: =IF(+(IF(C120<O120,0,IF(C120>P120,0,1)))+(IF(E120<S120,0,IF(E120>T120,0,1)))+(IF(G120<Q120,0,IF(G120>R120,0,1)))=3,1,0) -> 0 | N120: =LEFT(B120,2) -> CA | O120: =VLOOKUP($N120,$N$3:$R$11,2,FALSE) -> 11.6 | P120: =VLOOKUP($N120,$N$3:$R$11,3,FALSE) -> 12.04 | Q120: =VLOOKUP($N120,$N$3:$R$11,4,FALSE) -> 8 | R120: =VLOOKUP($N120,$N$3:$R$11,5,FALSE) -> 14.4 | S120: =VLOOKUP($N120,$N$3:$T$11,6,FALSE) -> 325 | T120: =VLOOKUP($N120,$N$3:$T$11,7,FALSE) -> 380
A121: 46045 | B121: CA061 | C121: 12 | D121: =IF(+(IF(C121<O121,0,IF(C121>P121,0,1)))=1,1,0) -> 1 | E121: 394 | F121: =IF(+(IF(E121<S121,0,IF(E121>T121,0,1)))=1,1,0) -> 0 | G121: 11.82 | H121: =IF(+(IF(G121<Q121,0,IF(G121>R121,0,1)))=1,1,0) -> 1 | I121: =IF(+(IF(C121<O121,0,IF(C121>P121,0,1)))+(IF(E121<S121,0,IF(E121>T121,0,1)))+(IF(G121<Q121,0,IF(G121>R121,0,1)))=3,1,0) -> 0 | N121: =LEFT(B121,2) -> CA | O121: =VLOOKUP($N121,$N$3:$R$11,2,FALSE) -> 11.6 | P121: =VLOOKUP($N121,$N$3:$R$11,3,FALSE) -> 12.04 | Q121: =VLOOKUP($N121,$N$3:$R$11,4,FALSE) -> 8 | R121: =VLOOKUP($N121,$N$3:$R$11,5,FALSE) -> 14.4 | S121: =VLOOKUP($N121,$N$3:$T$11,6,FALSE) -> 325 | T121: =VLOOKUP($N121,$N$3:$T$11,7,FALSE) -> 380
A122: 46045 | B122: CA062 | C122: 11.9 | D122: =IF(+(IF(C122<O122,0,IF(C122>P122,0,1)))=1,1,0) -> 1 | E122: 393 | F122: =IF(+(IF(E122<S122,0,IF(E122>T122,0,1)))=1,1,0) -> 0 | G122: 12.01 | H122: =IF(+(IF(G122<Q122,0,IF(G122>R122,0,1)))=1,1,0) -> 1 | I122: =IF(+(IF(C122<O122,0,IF(C122>P122,0,1)))+(IF(E122<S122,0,IF(E122>T122,0,1)))+(IF(G122<Q122,0,IF(G122>R122,0,1)))=3,1,0) -> 0 | N122: =LEFT(B122,2) -> CA | O122: =VLOOKUP($N122,$N$3:$R$11,2,FALSE) -> 11.6 | P122: =VLOOKUP($N122,$N$3:$R$11,3,FALSE) -> 12.04 | Q122: =VLOOKUP($N122,$N$3:$R$11,4,FALSE) -> 8 | R122: =VLOOKUP($N122,$N$3:$R$11,5,FALSE) -> 14.4 | S122: =VLOOKUP($N122,$N$3:$T$11,6,FALSE) -> 325 | T122: =VLOOKUP($N122,$N$3:$T$11,7,FALSE) -> 380
A123: 46048 | B123: VM005 | C123: 14.2 | D123: =IF(+(IF(C123<O123,0,IF(C123>P123,0,1)))=1,1,0) -> 1 | E123: 458 | F123: =IF(+(IF(E123<S123,0,IF(E123>T123,0,1)))=1,1,0) -> 0 | I123: =IF(+(IF(C123<O123,0,IF(C123>P123,0,1)))+(IF(E123<S123,0,IF(E123>T123,0,1)))+(IF(G123<Q123,0,IF(G123>R123,0,1)))=3,1,0) -> 0 | N123: =LEFT(B123,2) -> VM | O123: =VLOOKUP($N123,$N$3:$R$11,2,FALSE) -> 14.2 | P123: =VLOOKUP($N123,$N$3:$R$11,3,FALSE) -> 14.64 | Q123: =VLOOKUP($N123,$N$3:$R$11,4,FALSE) -> 0 | R123: =VLOOKUP($N123,$N$3:$R$11,5,FALSE) -> 0 | S123: =VLOOKUP($N123,$N$3:$T$11,6,FALSE) -> 375 | T123: =VLOOKUP($N123,$N$3:$T$11,7,FALSE) -> 425
A124: 46048 | B124: VM006 | C124: 14.2 | D124: =IF(+(IF(C124<O124,0,IF(C124>P124,0,1)))=1,1,0) -> 1 | E124: 463 | F124: =IF(+(IF(E124<S124,0,IF(E124>T124,0,1)))=1,1,0) -> 0 | I124: =IF(+(IF(C124<O124,0,IF(C124>P124,0,1)))+(IF(E124<S124,0,IF(E124>T124,0,1)))+(IF(G124<Q124,0,IF(G124>R124,0,1)))=3,1,0) -> 0 | N124: =LEFT(B124,2) -> VM | O124: =VLOOKUP($N124,$N$3:$R$11,2,FALSE) -> 14.2 | P124: =VLOOKUP($N124,$N$3:$R$11,3,FALSE) -> 14.64 | Q124: =VLOOKUP($N124,$N$3:$R$11,4,FALSE) -> 0 | R124: =VLOOKUP($N124,$N$3:$R$11,5,FALSE) -> 0 | S124: =VLOOKUP($N124,$N$3:$T$11,6,FALSE) -> 375 | T124: =VLOOKUP($N124,$N$3:$T$11,7,FALSE) -> 425
A125: 46048 | B125: VM007 | C125: 14.6 | D125: =IF(+(IF(C125<O125,0,IF(C125>P125,0,1)))=1,1,0) -> 1 | E125: 465 | F125: =IF(+(IF(E125<S125,0,IF(E125>T125,0,1)))=1,1,0) -> 0 | I125: =IF(+(IF(C125<O125,0,IF(C125>P125,0,1)))+(IF(E125<S125,0,IF(E125>T125,0,1)))+(IF(G125<Q125,0,IF(G125>R125,0,1)))=3,1,0) -> 0 | N125: =LEFT(B125,2) -> VM | O125: =VLOOKUP($N125,$N$3:$R$11,2,FALSE) -> 14.2 | P125: =VLOOKUP($N125,$N$3:$R$11,3,FALSE) -> 14.64 | Q125: =VLOOKUP($N125,$N$3:$R$11,4,FALSE) -> 0 | R125: =VLOOKUP($N125,$N$3:$R$11,5,FALSE) -> 0 | S125: =VLOOKUP($N125,$N$3:$T$11,6,FALSE) -> 375 | T125: =VLOOKUP($N125,$N$3:$T$11,7,FALSE) -> 425
A126: 46048 | B126: VM008 | C126: 14.6 | D126: =IF(+(IF(C126<O126,0,IF(C126>P126,0,1)))=1,1,0) -> 1 | E126: 459 | F126: =IF(+(IF(E126<S126,0,IF(E126>T126,0,1)))=1,1,0) -> 0 | I126: =IF(+(IF(C126<O126,0,IF(C126>P126,0,1)))+(IF(E126<S126,0,IF(E126>T126,0,1)))+(IF(G126<Q126,0,IF(G126>R126,0,1)))=3,1,0) -> 0 | N126: =LEFT(B126,2) -> VM | O126: =VLOOKUP($N126,$N$3:$R$11,2,FALSE) -> 14.2 | P126: =VLOOKUP($N126,$N$3:$R$11,3,FALSE) -> 14.64 | Q126: =VLOOKUP($N126,$N$3:$R$11,4,FALSE) -> 0 | R126: =VLOOKUP($N126,$N$3:$R$11,5,FALSE) -> 0 | S126: =VLOOKUP($N126,$N$3:$T$11,6,FALSE) -> 375 | T126: =VLOOKUP($N126,$N$3:$T$11,7,FALSE) -> 425
A127: 46048 | B127: VM009 | C127: 13.9 | D127: =IF(+(IF(C127<O127,0,IF(C127>P127,0,1)))=1,1,0) -> 0 | E127: 450 | F127: =IF(+(IF(E127<S127,0,IF(E127>T127,0,1)))=1,1,0) -> 0 | I127: =IF(+(IF(C127<O127,0,IF(C127>P127,0,1)))+(IF(E127<S127,0,IF(E127>T127,0,1)))+(IF(G127<Q127,0,IF(G127>R127,0,1)))=3,1,0) -> 0 | N127: =LEFT(B127,2) -> VM | O127: =VLOOKUP($N127,$N$3:$R$11,2,FALSE) -> 14.2 | P127: =VLOOKUP($N127,$N$3:$R$11,3,FALSE) -> 14.64 | Q127: =VLOOKUP($N127,$N$3:$R$11,4,FALSE) -> 0 | R127: =VLOOKUP($N127,$N$3:$R$11,5,FALSE) -> 0 | S127: =VLOOKUP($N127,$N$3:$T$11,6,FALSE) -> 375 | T127: =VLOOKUP($N127,$N$3:$T$11,7,FALSE) -> 425
A128: 46048 | B128: VM010 | C128: 14.1 | D128: =IF(+(IF(C128<O128,0,IF(C128>P128,0,1)))=1,1,0) -> 0 | E128: 430 | F128: =IF(+(IF(E128<S128,0,IF(E128>T128,0,1)))=1,1,0) -> 0 | I128: =IF(+(IF(C128<O128,0,IF(C128>P128,0,1)))+(IF(E128<S128,0,IF(E128>T128,0,1)))+(IF(G128<Q128,0,IF(G128>R128,0,1)))=3,1,0) -> 0 | N128: =LEFT(B128,2) -> VM | O128: =VLOOKUP($N128,$N$3:$R$11,2,FALSE) -> 14.2 | P128: =VLOOKUP($N128,$N$3:$R$11,3,FALSE) -> 14.64 | Q128: =VLOOKUP($N128,$N$3:$R$11,4,FALSE) -> 0 | R128: =VLOOKUP($N128,$N$3:$R$11,5,FALSE) -> 0 | S128: =VLOOKUP($N128,$N$3:$T$11,6,FALSE) -> 375 | T128: =VLOOKUP($N128,$N$3:$T$11,7,FALSE) -> 425
A129: 46048 | B129: VM011 | C129: 14.3 | D129: =IF(+(IF(C129<O129,0,IF(C129>P129,0,1)))=1,1,0) -> 1 | E129: 454 | F129: =IF(+(IF(E129<S129,0,IF(E129>T129,0,1)))=1,1,0) -> 0 | I129: =IF(+(IF(C129<O129,0,IF(C129>P129,0,1)))+(IF(E129<S129,0,IF(E129>T129,0,1)))+(IF(G129<Q129,0,IF(G129>R129,0,1)))=3,1,0) -> 0 | N129: =LEFT(B129,2) -> VM | O129: =VLOOKUP($N129,$N$3:$R$11,2,FALSE) -> 14.2 | P129: =VLOOKUP($N129,$N$3:$R$11,3,FALSE) -> 14.64 | Q129: =VLOOKUP($N129,$N$3:$R$11,4,FALSE) -> 0 | R129: =VLOOKUP($N129,$N$3:$R$11,5,FALSE) -> 0 | S129: =VLOOKUP($N129,$N$3:$T$11,6,FALSE) -> 375 | T129: =VLOOKUP($N129,$N$3:$T$11,7,FALSE) -> 425
A130: 46048 | B130: VM012 | C130: 14.4 | D130: =IF(+(IF(C130<O130,0,IF(C130>P130,0,1)))=1,1,0) -> 1 | E130: 417 | F130: =IF(+(IF(E130<S130,0,IF(E130>T130,0,1)))=1,1,0) -> 1 | I130: =IF(+(IF(C130<O130,0,IF(C130>P130,0,1)))+(IF(E130<S130,0,IF(E130>T130,0,1)))+(IF(G130<Q130,0,IF(G130>R130,0,1)))=3,1,0) -> 1 | N130: =LEFT(B130,2) -> VM | O130: =VLOOKUP($N130,$N$3:$R$11,2,FALSE) -> 14.2 | P130: =VLOOKUP($N130,$N$3:$R$11,3,FALSE) -> 14.64 | Q130: =VLOOKUP($N130,$N$3:$R$11,4,FALSE) -> 0 | R130: =VLOOKUP($N130,$N$3:$R$11,5,FALSE) -> 0 | S130: =VLOOKUP($N130,$N$3:$T$11,6,FALSE) -> 375 | T130: =VLOOKUP($N130,$N$3:$T$11,7,FALSE) -> 425
A131: 46049 | B131: ST016 | C131: 11.6 | D131: =IF(+(IF(C131<O131,0,IF(C131>P131,0,1)))=1,1,0) -> 1 | E131: 392 | F131: =IF(+(IF(E131<S131,0,IF(E131>T131,0,1)))=1,1,0) -> 0 | G131: 12.76 | H131: =IF(+(IF(G131<Q131,0,IF(G131>R131,0,1)))=1,1,0) -> 1 | I131: =IF(+(IF(C131<O131,0,IF(C131>P131,0,1)))+(IF(E131<S131,0,IF(E131>T131,0,1)))+(IF(G131<Q131,0,IF(G131>R131,0,1)))=3,1,0) -> 0 | N131: =LEFT(B131,2) -> ST | O131: =VLOOKUP($N131,$N$3:$R$11,2,FALSE) -> 11.6 | P131: =VLOOKUP($N131,$N$3:$R$11,3,FALSE) -> 12.04 | Q131: =VLOOKUP($N131,$N$3:$R$11,4,FALSE) -> 8 | R131: =VLOOKUP($N131,$N$3:$R$11,5,FALSE) -> 14.4 | S131: =VLOOKUP($N131,$N$3:$T$11,6,FALSE) -> 325 | T131: =VLOOKUP($N131,$N$3:$T$11,7,FALSE) -> 380
A132: 46049 | B132: ST017 | C132: 12 | D132: =IF(+(IF(C132<O132,0,IF(C132>P132,0,1)))=1,1,0) -> 1 | E132: 420 | F132: =IF(+(IF(E132<S132,0,IF(E132>T132,0,1)))=1,1,0) -> 0 | G132: 12.58 | H132: =IF(+(IF(G132<Q132,0,IF(G132>R132,0,1)))=1,1,0) -> 1 | I132: =IF(+(IF(C132<O132,0,IF(C132>P132,0,1)))+(IF(E132<S132,0,IF(E132>T132,0,1)))+(IF(G132<Q132,0,IF(G132>R132,0,1)))=3,1,0) -> 0 | N132: =LEFT(B132,2) -> ST | O132: =VLOOKUP($N132,$N$3:$R$11,2,FALSE) -> 11.6 | P132: =VLOOKUP($N132,$N$3:$R$11,3,FALSE) -> 12.04 | Q132: =VLOOKUP($N132,$N$3:$R$11,4,FALSE) -> 8 | R132: =VLOOKUP($N132,$N$3:$R$11,5,FALSE) -> 14.4 | S132: =VLOOKUP($N132,$N$3:$T$11,6,FALSE) -> 325 | T132: =VLOOKUP($N132,$N$3:$T$11,7,FALSE) -> 380
A133: 46049 | B133: ST018 | C133: 11.7 | D133: =IF(+(IF(C133<O133,0,IF(C133>P133,0,1)))=1,1,0) -> 1 | E133: 383 | F133: =IF(+(IF(E133<S133,0,IF(E133>T133,0,1)))=1,1,0) -> 0 | G133: 12.36 | H133: =IF(+(IF(G133<Q133,0,IF(G133>R133,0,1)))=1,1,0) -> 1 | I133: =IF(+(IF(C133<O133,0,IF(C133>P133,0,1)))+(IF(E133<S133,0,IF(E133>T133,0,1)))+(IF(G133<Q133,0,IF(G133>R133,0,1)))=3,1,0) -> 0 | N133: =LEFT(B133,2) -> ST | O133: =VLOOKUP($N133,$N$3:$R$11,2,FALSE) -> 11.6 | P133: =VLOOKUP($N133,$N$3:$R$11,3,FALSE) -> 12.04 | Q133: =VLOOKUP($N133,$N$3:$R$11,4,FALSE) -> 8 | R133: =VLOOKUP($N133,$N$3:$R$11,5,FALSE) -> 14.4 | S133: =VLOOKUP($N133,$N$3:$T$11,6,FALSE) -> 325 | T133: =VLOOKUP($N133,$N$3:$T$11,7,FALSE) -> 380
A134: 46049 | B134: ST019 | C134: 11.8 | D134: =IF(+(IF(C134<O134,0,IF(C134>P134,0,1)))=1,1,0) -> 1 | E134: 370 | F134: =IF(+(IF(E134<S134,0,IF(E134>T134,0,1)))=1,1,0) -> 1 | G134: 12.91 | H134: =IF(+(IF(G134<Q134,0,IF(G134>R134,0,1)))=1,1,0) -> 1 | I134: =IF(+(IF(C134<O134,0,IF(C134>P134,0,1)))+(IF(E134<S134,0,IF(E134>T134,0,1)))+(IF(G134<Q134,0,IF(G134>R134,0,1)))=3,1,0) -> 1 | N134: =LEFT(B134,2) -> ST | O134: =VLOOKUP($N134,$N$3:$R$11,2,FALSE) -> 11.6 | P134: =VLOOKUP($N134,$N$3:$R$11,3,FALSE) -> 12.04 | Q134: =VLOOKUP($N134,$N$3:$R$11,4,FALSE) -> 8 | R134: =VLOOKUP($N134,$N$3:$R$11,5,FALSE) -> 14.4 | S134: =VLOOKUP($N134,$N$3:$T$11,6,FALSE) -> 325 | T134: =VLOOKUP($N134,$N$3:$T$11,7,FALSE) -> 380
A135: 46049 | B135: ST020 | C135: 11.7 | D135: =IF(+(IF(C135<O135,0,IF(C135>P135,0,1)))=1,1,0) -> 1 | E135: 388 | F135: =IF(+(IF(E135<S135,0,IF(E135>T135,0,1)))=1,1,0) -> 0 | G135: 12.42 | H135: =IF(+(IF(G135<Q135,0,IF(G135>R135,0,1)))=1,1,0) -> 1 | I135: =IF(+(IF(C135<O135,0,IF(C135>P135,0,1)))+(IF(E135<S135,0,IF(E135>T135,0,1)))+(IF(G135<Q135,0,IF(G135>R135,0,1)))=3,1,0) -> 0 | N135: =LEFT(B135,2) -> ST | O135: =VLOOKUP($N135,$N$3:$R$11,2,FALSE) -> 11.6 | P135: =VLOOKUP($N135,$N$3:$R$11,3,FALSE) -> 12.04 | Q135: =VLOOKUP($N135,$N$3:$R$11,4,FALSE) -> 8 | R135: =VLOOKUP($N135,$N$3:$R$11,5,FALSE) -> 14.4 | S135: =VLOOKUP($N135,$N$3:$T$11,6,FALSE) -> 325 | T135: =VLOOKUP($N135,$N$3:$T$11,7,FALSE) -> 380
A136: 46049 | B136: ST021 | C136: 11.8 | D136: =IF(+(IF(C136<O136,0,IF(C136>P136,0,1)))=1,1,0) -> 1 | E136: 400 | F136: =IF(+(IF(E136<S136,0,IF(E136>T136,0,1)))=1,1,0) -> 0 | G136: 12.12 | H136: =IF(+(IF(G136<Q136,0,IF(G136>R136,0,1)))=1,1,0) -> 1 | I136: =IF(+(IF(C136<O136,0,IF(C136>P136,0,1)))+(IF(E136<S136,0,IF(E136>T136,0,1)))+(IF(G136<Q136,0,IF(G136>R136,0,1)))=3,1,0) -> 0 | N136: =LEFT(B136,2) -> ST | O136: =VLOOKUP($N136,$N$3:$R$11,2,FALSE) -> 11.6 | P136: =VLOOKUP($N136,$N$3:$R$11,3,FALSE) -> 12.04 | Q136: =VLOOKUP($N136,$N$3:$R$11,4,FALSE) -> 8 | R136: =VLOOKUP($N136,$N$3:$R$11,5,FALSE) -> 14.4 | S136: =VLOOKUP($N136,$N$3:$T$11,6,FALSE) -> 325 | T136: =VLOOKUP($N136,$N$3:$T$11,7,FALSE) -> 380
A137: 46049 | B137: ST022 | C137: 11.8 | D137: =IF(+(IF(C137<O137,0,IF(C137>P137,0,1)))=1,1,0) -> 1 | E137: 394 | F137: =IF(+(IF(E137<S137,0,IF(E137>T137,0,1)))=1,1,0) -> 0 | G137: 12.57 | H137: =IF(+(IF(G137<Q137,0,IF(G137>R137,0,1)))=1,1,0) -> 1 | I137: =IF(+(IF(C137<O137,0,IF(C137>P137,0,1)))+(IF(E137<S137,0,IF(E137>T137,0,1)))+(IF(G137<Q137,0,IF(G137>R137,0,1)))=3,1,0) -> 0 | N137: =LEFT(B137,2) -> ST | O137: =VLOOKUP($N137,$N$3:$R$11,2,FALSE) -> 11.6 | P137: =VLOOKUP($N137,$N$3:$R$11,3,FALSE) -> 12.04 | Q137: =VLOOKUP($N137,$N$3:$R$11,4,FALSE) -> 8 | R137: =VLOOKUP($N137,$N$3:$R$11,5,FALSE) -> 14.4 | S137: =VLOOKUP($N137,$N$3:$T$11,6,FALSE) -> 325 | T137: =VLOOKUP($N137,$N$3:$T$11,7,FALSE) -> 380
A138: 46049 | B138: ST023 | C138: 11.8 | D138: =IF(+(IF(C138<O138,0,IF(C138>P138,0,1)))=1,1,0) -> 1 | E138: 386 | F138: =IF(+(IF(E138<S138,0,IF(E138>T138,0,1)))=1,1,0) -> 0 | G138: 13.29 | H138: =IF(+(IF(G138<Q138,0,IF(G138>R138,0,1)))=1,1,0) -> 1 | I138: =IF(+(IF(C138<O138,0,IF(C138>P138,0,1)))+(IF(E138<S138,0,IF(E138>T138,0,1)))+(IF(G138<Q138,0,IF(G138>R138,0,1)))=3,1,0) -> 0 | N138: =LEFT(B138,2) -> ST | O138: =VLOOKUP($N138,$N$3:$R$11,2,FALSE) -> 11.6 | P138: =VLOOKUP($N138,$N$3:$R$11,3,FALSE) -> 12.04 | Q138: =VLOOKUP($N138,$N$3:$R$11,4,FALSE) -> 8 | R138: =VLOOKUP($N138,$N$3:$R$11,5,FALSE) -> 14.4 | S138: =VLOOKUP($N138,$N$3:$T$11,6,FALSE) -> 325 | T138: =VLOOKUP($N138,$N$3:$T$11,7,FALSE) -> 380
A139: 46050 | B139: ST024 | C139: 11.6 | D139: =IF(+(IF(C139<O139,0,IF(C139>P139,0,1)))=1,1,0) -> 1 | E139: 388 | F139: =IF(+(IF(E139<S139,0,IF(E139>T139,0,1)))=1,1,0) -> 0 | G139: 12.14 | H139: =IF(+(IF(G139<Q139,0,IF(G139>R139,0,1)))=1,1,0) -> 1 | I139: =IF(+(IF(C139<O139,0,IF(C139>P139,0,1)))+(IF(E139<S139,0,IF(E139>T139,0,1)))+(IF(G139<Q139,0,IF(G139>R139,0,1)))=3,1,0) -> 0 | N139: =LEFT(B139,2) -> ST | O139: =VLOOKUP($N139,$N$3:$R$11,2,FALSE) -> 11.6 | P139: =VLOOKUP($N139,$N$3:$R$11,3,FALSE) -> 12.04 | Q139: =VLOOKUP($N139,$N$3:$R$11,4,FALSE) -> 8 | R139: =VLOOKUP($N139,$N$3:$R$11,5,FALSE) -> 14.4 | S139: =VLOOKUP($N139,$N$3:$T$11,6,FALSE) -> 325 | T139: =VLOOKUP($N139,$N$3:$T$11,7,FALSE) -> 380
A140: 46050 | B140: ST025 | C140: 11.9 | D140: =IF(+(IF(C140<O140,0,IF(C140>P140,0,1)))=1,1,0) -> 1 | E140: 387 | F140: =IF(+(IF(E140<S140,0,IF(E140>T140,0,1)))=1,1,0) -> 0 | G140: 12.75 | H140: =IF(+(IF(G140<Q140,0,IF(G140>R140,0,1)))=1,1,0) -> 1 | I140: =IF(+(IF(C140<O140,0,IF(C140>P140,0,1)))+(IF(E140<S140,0,IF(E140>T140,0,1)))+(IF(G140<Q140,0,IF(G140>R140,0,1)))=3,1,0) -> 0 | N140: =LEFT(B140,2) -> ST | O140: =VLOOKUP($N140,$N$3:$R$11,2,FALSE) -> 11.6 | P140: =VLOOKUP($N140,$N$3:$R$11,3,FALSE) -> 12.04 | Q140: =VLOOKUP($N140,$N$3:$R$11,4,FALSE) -> 8 | R140: =VLOOKUP($N140,$N$3:$R$11,5,FALSE) -> 14.4 | S140: =VLOOKUP($N140,$N$3:$T$11,6,FALSE) -> 325 | T140: =VLOOKUP($N140,$N$3:$T$11,7,FALSE) -> 380
A141: 46050 | B141: ST026 | C141: 11.8 | D141: =IF(+(IF(C141<O141,0,IF(C141>P141,0,1)))=1,1,0) -> 1 | E141: 389 | F141: =IF(+(IF(E141<S141,0,IF(E141>T141,0,1)))=1,1,0) -> 0 | G141: 12.98 | H141: =IF(+(IF(G141<Q141,0,IF(G141>R141,0,1)))=1,1,0) -> 1 | I141: =IF(+(IF(C141<O141,0,IF(C141>P141,0,1)))+(IF(E141<S141,0,IF(E141>T141,0,1)))+(IF(G141<Q141,0,IF(G141>R141,0,1)))=3,1,0) -> 0 | N141: =LEFT(B141,2) -> ST | O141: =VLOOKUP($N141,$N$3:$R$11,2,FALSE) -> 11.6 | P141: =VLOOKUP($N141,$N$3:$R$11,3,FALSE) -> 12.04 | Q141: =VLOOKUP($N141,$N$3:$R$11,4,FALSE) -> 8 | R141: =VLOOKUP($N141,$N$3:$R$11,5,FALSE) -> 14.4 | S141: =VLOOKUP($N141,$N$3:$T$11,6,FALSE) -> 325 | T141: =VLOOKUP($N141,$N$3:$T$11,7,FALSE) -> 380
A142: 46050 | B142: ST027 | C142: 11.9 | D142: =IF(+(IF(C142<O142,0,IF(C142>P142,0,1)))=1,1,0) -> 1 | E142: 378 | F142: =IF(+(IF(E142<S142,0,IF(E142>T142,0,1)))=1,1,0) -> 1 | G142: 11.93 | H142: =IF(+(IF(G142<Q142,0,IF(G142>R142,0,1)))=1,1,0) -> 1 | I142: =IF(+(IF(C142<O142,0,IF(C142>P142,0,1)))+(IF(E142<S142,0,IF(E142>T142,0,1)))+(IF(G142<Q142,0,IF(G142>R142,0,1)))=3,1,0) -> 1 | N142: =LEFT(B142,2) -> ST | O142: =VLOOKUP($N142,$N$3:$R$11,2,FALSE) -> 11.6 | P142: =VLOOKUP($N142,$N$3:$R$11,3,FALSE) -> 12.04 | Q142: =VLOOKUP($N142,$N$3:$R$11,4,FALSE) -> 8 | R142: =VLOOKUP($N142,$N$3:$R$11,5,FALSE) -> 14.4 | S142: =VLOOKUP($N142,$N$3:$T$11,6,FALSE) -> 325 | T142: =VLOOKUP($N142,$N$3:$T$11,7,FALSE) -> 380
... A166: 46053 | B166: CA082 | C166: 11.9 | D166: =IF(+(IF(C166<O166,0,IF(C166>P166,0,1)))=1,1,0) -> 1 | E166: 397 | F166: =IF(+(IF(E166<S166,0,IF(E166>T166,0,1)))=1,1,0) -> 0 | G166: 12.74 | H166: =IF(+(IF(G166<Q166,0,IF(G166>R166,0,1)))=1,1,0) -> 1 | I166: =IF(+(IF(C166<O166,0,IF(C166>P166,0,1)))+(IF(E166<S166,0,IF(E166>T166,0,1)))+(IF(G166<Q166,0,IF(G166>R166,0,1)))=3,1,0) -> 0 | N166: =LEFT(B166,2) -> CA | O166: =VLOOKUP($N166,$N$3:$R$11,2,FALSE) -> 11.6 | P166: =VLOOKUP($N166,$N$3:$R$11,3,FALSE) -> 12.04 | Q166: =VLOOKUP($N166,$N$3:$R$11,4,FALSE) -> 8 | R166: =VLOOKUP($N166,$N$3:$R$11,5,FALSE) -> 14.4 | S166: =VLOOKUP($N166,$N$3:$T$11,6,FALSE) -> 325 | T166: =VLOOKUP($N166,$N$3:$T$11,7,FALSE) -> 380
N167: =LEFT(B167,2) | O167: =VLOOKUP($N167,$N$3:$R$11,2,FALSE) -> #N/A | P167: =VLOOKUP($N167,$N$3:$R$11,3,FALSE) -> #N/A | Q167: =VLOOKUP($N167,$N$3:$R$11,4,FALSE) -> #N/A | R167: =VLOOKUP($N167,$N$3:$R$11,5,FALSE) -> #N/A | S167: =VLOOKUP($N167,$N$3:$T$11,6,FALSE) -> #N/A | T167: =VLOOKUP($N167,$N$3:$T$11,7,FALSE) -> #N/A
N168: =LEFT(B168,2) | O168: =VLOOKUP($N168,$N$3:$R$11,2,FALSE) -> #N/A | P168: =VLOOKUP($N168,$N$3:$R$11,3,FALSE) -> #N/A | Q168: =VLOOKUP($N168,$N$3:$R$11,4,FALSE) -> #N/A | R168: =VLOOKUP($N168,$N$3:$R$11,5,FALSE) -> #N/A | S168: =VLOOKUP($N168,$N$3:$T$11,6,FALSE) -> #N/A | T168: =VLOOKUP($N168,$N$3:$T$11,7,FALSE) -> #N/A
N169: =LEFT(B169,2) | O169: =VLOOKUP($N169,$N$3:$R$11,2,FALSE) -> #N/A | P169: =VLOOKUP($N169,$N$3:$R$11,3,FALSE) -> #N/A | Q169: =VLOOKUP($N169,$N$3:$R$11,4,FALSE) -> #N/A | R169: =VLOOKUP($N169,$N$3:$R$11,5,FALSE) -> #N/A | S169: =VLOOKUP($N169,$N$3:$T$11,6,FALSE) -> #N/A | T169: =VLOOKUP($N169,$N$3:$T$11,7,FALSE) -> #N/A
N170: =LEFT(B170,2) | O170: =VLOOKUP($N170,$N$3:$R$11,2,FALSE) -> #N/A | P170: =VLOOKUP($N170,$N$3:$R$11,3,FALSE) -> #N/A | Q170: =VLOOKUP($N170,$N$3:$R$11,4,FALSE) -> #N/A | R170: =VLOOKUP($N170,$N$3:$R$11,5,FALSE) -> #N/A | S170: =VLOOKUP($N170,$N$3:$T$11,6,FALSE) -> #N/A | T170: =VLOOKUP($N170,$N$3:$T$11,7,FALSE) -> #N/A
N171: =LEFT(B171,2) | O171: =VLOOKUP($N171,$N$3:$R$11,2,FALSE) -> #N/A | P171: =VLOOKUP($N171,$N$3:$R$11,3,FALSE) -> #N/A | Q171: =VLOOKUP($N171,$N$3:$R$11,4,FALSE) -> #N/A | R171: =VLOOKUP($N171,$N$3:$R$11,5,FALSE) -> #N/A | S171: =VLOOKUP($N171,$N$3:$T$11,6,FALSE) -> #N/A | T171: =VLOOKUP($N171,$N$3:$T$11,7,FALSE) -> #N/A
B172: =COUNTA(B17:B171) -> 150 | C172: =((COUNTA(C17:C171))-COUNTIF(D17:D171,"<1"))/(COUNTA(C17:C171)) -> 0.89333333 | E172: =((COUNTA(E17:E171))-COUNTIF(F17:F171,"<1"))/(COUNTA(E17:E171)) -> 0.18666667 | G172: =((COUNTA(G17:G171))-COUNTIF(H17:H171,"<1"))/(COUNTA(G17:G171)) -> 1 | I172: =AVERAGE(I17:I171) -> 0.17333333 | N172: =LEFT(B172,2) -> 15 | O172: =VLOOKUP($N172,$N$3:$R$11,2,FALSE) -> #N/A | P172: =VLOOKUP($N172,$N$3:$R$11,3,FALSE) -> #N/A | Q172: =VLOOKUP($N172,$N$3:$R$11,4,FALSE) -> #N/A | R172: =VLOOKUP($N172,$N$3:$R$11,5,FALSE) -> #N/A | S172: =VLOOKUP($N172,$N$3:$T$11,6,FALSE) -> #N/A | T172: =VLOOKUP($N172,$N$3:$T$11,7,FALSE) -> #N/A
N173: =LEFT(B173,2) | O173: =VLOOKUP($N173,$N$3:$R$11,2,FALSE) -> #N/A | P173: =VLOOKUP($N173,$N$3:$R$11,3,FALSE) -> #N/A | Q173: =VLOOKUP($N173,$N$3:$R$11,4,FALSE) -> #N/A | R173: =VLOOKUP($N173,$N$3:$R$11,5,FALSE) -> #N/A | S173: =VLOOKUP($N173,$N$3:$T$11,6,FALSE) -> #N/A | T173: =VLOOKUP($N173,$N$3:$T$11,7,FALSE) -> #N/A
N174: =LEFT(B174,2) | O174: =VLOOKUP($N174,$N$3:$R$11,2,FALSE) -> #N/A | P174: =VLOOKUP($N174,$N$3:$R$11,3,FALSE) -> #N/A | Q174: =VLOOKUP($N174,$N$3:$R$11,4,FALSE) -> #N/A | R174: =VLOOKUP($N174,$N$3:$R$11,5,FALSE) -> #N/A | S174: =VLOOKUP($N174,$N$3:$T$11,6,FALSE) -> #N/A | T174: =VLOOKUP($N174,$N$3:$T$11,7,FALSE) -> #N/A
A175: Date | B175: ID Number | C175: Original Extract (°P) | E175: Total Brewing time | G175: Aeration level | I175: FTR | N175: =LEFT(B175,2) -> ID | O175: =VLOOKUP($N175,$N$3:$R$11,2,FALSE) -> #N/A | P175: =VLOOKUP($N175,$N$3:$R$11,3,FALSE) -> #N/A | Q175: =VLOOKUP($N175,$N$3:$R$11,4,FALSE) -> #N/A | R175: =VLOOKUP($N175,$N$3:$R$11,5,FALSE) -> #N/A | S175: =VLOOKUP($N175,$N$3:$T$11,6,FALSE) -> #N/A | T175: =VLOOKUP($N175,$N$3:$T$11,7,FALSE) -> #N/A
A176: 46055 | B176: ST032 | C176: 11.8 | D176: =IF(+(IF(C176<O176,0,IF(C176>P176,0,1)))=1,1,0) -> 1 | E176: 430 | F176: =IF(+(IF(E176<S176,0,IF(E176>T176,0,1)))=1,1,0) -> 0 | G176: 13.12 | H176: =IF(+(IF(G176<Q176,0,IF(G176>R176,0,1)))=1,1,0) -> 1 | I176: =IF(+(IF(C176<O176,0,IF(C176>P176,0,1)))+(IF(E176<S176,0,IF(E176>T176,0,1)))+(IF(G176<Q176,0,IF(G176>R176,0,1)))=3,1,0) -> 0 | N176: =LEFT(B176,2) -> ST | O176: =VLOOKUP($N176,$N$3:$R$11,2,FALSE) -> 11.6 | P176: =VLOOKUP($N176,$N$3:$R$11,3,FALSE) -> 12.04 | Q176: =VLOOKUP($N176,$N$3:$R$11,4,FALSE) -> 8 | R176: =VLOOKUP($N176,$N$3:$R$11,5,FALSE) -> 14.4 | S176: =VLOOKUP($N176,$N$3:$T$11,6,FALSE) -> 325 | T176: =VLOOKUP($N176,$N$3:$T$11,7,FALSE) -> 380
A177: 46055 | B177: ST033 | C177: 12 | D177: =IF(+(IF(C177<O177,0,IF(C177>P177,0,1)))=1,1,0) -> 1 | E177: 410 | F177: =IF(+(IF(E177<S177,0,IF(E177>T177,0,1)))=1,1,0) -> 0 | G177: 12.82 | H177: =IF(+(IF(G177<Q177,0,IF(G177>R177,0,1)))=1,1,0) -> 1 | I177: =IF(+(IF(C177<O177,0,IF(C177>P177,0,1)))+(IF(E177<S177,0,IF(E177>T177,0,1)))+(IF(G177<Q177,0,IF(G177>R177,0,1)))=3,1,0) -> 0 | N177: =LEFT(B177,2) -> ST | O177: =VLOOKUP($N177,$N$3:$R$11,2,FALSE) -> 11.6 | P177: =VLOOKUP($N177,$N$3:$R$11,3,FALSE) -> 12.04 | Q177: =VLOOKUP($N177,$N$3:$R$11,4,FALSE) -> 8 | R177: =VLOOKUP($N177,$N$3:$R$11,5,FALSE) -> 14.4 | S177: =VLOOKUP($N177,$N$3:$T$11,6,FALSE) -> 325 | T177: =VLOOKUP($N177,$N$3:$T$11,7,FALSE) -> 380
A178: 46055 | B178: ST034 | C178: 11.8 | D178: =IF(+(IF(C178<O178,0,IF(C178>P178,0,1)))=1,1,0) -> 1 | E178: 401 | F178: =IF(+(IF(E178<S178,0,IF(E178>T178,0,1)))=1,1,0) -> 0 | G178: 11.44 | H178: =IF(+(IF(G178<Q178,0,IF(G178>R178,0,1)))=1,1,0) -> 1 | I178: =IF(+(IF(C178<O178,0,IF(C178>P178,0,1)))+(IF(E178<S178,0,IF(E178>T178,0,1)))+(IF(G178<Q178,0,IF(G178>R178,0,1)))=3,1,0) -> 0 | N178: =LEFT(B178,2) -> ST | O178: =VLOOKUP($N178,$N$3:$R$11,2,FALSE) -> 11.6 | P178: =VLOOKUP($N178,$N$3:$R$11,3,FALSE) -> 12.04 | Q178: =VLOOKUP($N178,$N$3:$R$11,4,FALSE) -> 8 | R178: =VLOOKUP($N178,$N$3:$R$11,5,FALSE) -> 14.4 | S178: =VLOOKUP($N178,$N$3:$T$11,6,FALSE) -> 325 | T178: =VLOOKUP($N178,$N$3:$T$11,7,FALSE) -> 380
...

Sheet FTR Fermentation
C1: fermentation rate lagers | I1: 1.7 - 2.5 %P per day | U1: Filling Time | W1: Yeast Dosage | Y1: Fermentation Speed | AA1: Dead Cells | AC1: Yeast residence time (Yeast dosed)
C2: fermentation rate Mackeson | I2: 3 - 5 %P per day | U2: Lower | V2: Upper | W2: Lower | X2: Upper | Y2: Lower | Z2: Upper | AA2: Lower | AB2: Upper | AC2: Lower | AD2: Upper
C3: fermentation rate Guinness | I3: 3 - 5 %P per day | T3: CARIB1 | U3: 40 | V3: 1080 | Y3: 1.7 | Z3: 2.5 | AA3: 0 | AB3: 5 | AC3: 1 | AD3: 8
T4: CARIB2 | V4: 1080 | Y4: 1.7 | Z4: 2.5 | AA4: 0 | AB4: 5 | AC4: 1 | AD4: 8
B5: LAGERS | C5: Fill time for 2 brews < | F5: 200 | T5: CARIB3 | V5: 1080 | Y5: 1.7 | Z5: 2.5 | AA5: 0 | AB5: 5 | AC5: 1 | AD5: 8
C6: Fill time for 4 brews < | F6: 400 | T6: CARIB4 | V6: 1080 | Y6: 1.7 | Z6: 2.5 | AA6: 0 | AB6: 5 | AC6: 1 | AD6: 8
C7: Fill time for 6 brews < | F7: 600 | T7: CARIB5 | V7: 1080 | Y7: 1.7 | Z7: 2.5 | AA7: 0 | AB7: 5 | AC7: 1 | AD7: 8
C8: Fill time for 8 brews < | F8: 8 brew not filled in one day | T8: CARIB6 | V8: 1080 | Y8: 1.7 | Z8: 2.5 | AA8: 0 | AB8: 5 | AC8: 1 | AD8: 8
T9: CARIB7 | V9: 1080 | Y9: 1.7 | Z9: 2.5 | AA9: 0 | AB9: 5 | AC9: 1 | AD9: 8
T10: CARIB8 | V10: 1080 | Y10: 1.7 | Z10: 2.5 | AA10: 0 | AB10: 5 | AC10: 1 | AD10: 8
T11: STAG1 | U11: 40 | V11: 1080 | Y11: 1.8 | Z11: 2.7 | AA11: 0 | AB11: 5 | AC11: 1 | AD11: 11
T12: STAG2 | V12: 1080 | Y12: 1.8 | Z12: 2.7 | AA12: 0 | AB12: 5 | AC12: 1 | AD12: 11
T13: STAG3 | V13: 1080 | Y13: 1.8 | Z13: 2.7 | AA13: 0 | AB13: 5 | AC13: 1 | AD13: 11
T14: STAG4 | V14: 1080 | Y14: 1.8 | Z14: 2.7 | AA14: 0 | AB14: 5 | AC14: 1 | AD14: 11
T15: STAG5 | V15: 1080 | Y15: 1.8 | Z15: 2.7 | AA15: 0 | AB15: 5 | AC15: 1 | AD15: 11
T16: STAG6 | V16: 1080 | Y16: 1.8 | Z16: 2.7 | AA16: 0 | AB16: 5 | AC16: 1 | AD16: 11
T17: STAG7 | V17: 1080 | Y17: 1.8 | Z17: 2.7 | AA17: 0 | AB17: 5 | AC17: 1 | AD17: 11
T18: STAG8 | V18: 1080 | Y18: 1.8 | Z18: 2.7 | AA18: 0 | AB18: 5 | AC18: 1 | AD18: 11
T19: GUINNESS1 | U19: 40 | V19: 1080 | Y19: 3 | Z19: 5 | AA19: 0 | AB19: 5 | AC19: 1 | AD19: 6
T20: GUINNESS2 | V20: 1080 | Y20: 3 | Z20: 5 | AA20: 0 | AB20: 5 | AC20: 1 | AD20: 6
T21: GUINNESS3 | V21: 1080 | Y21: 3 | Z21: 5 | AA21: 0 | AB21: 5 | AC21: 1 | AD21: 6
T22: GUINNESS4 | V22: 1080 | Y22: 3 | Z22: 5 | AA22: 0 | AB22: 5 | AC22: 1 | AD22: 6
T23: GUINNESS5 | V23: 1080 | Y23: 3 | Z23: 5 | AA23: 0 | AB23: 5 | AC23: 1 | AD23: 6
T24: GUINNESS6 | V24: 1080 | Y24: 3 | Z24: 5 | AA24: 0 | AB24: 5 | AC24: 1 | AD24: 6
T25: GUINNESS7 | V25: 1080 | Y25: 3 | Z25: 5 | AA25: 0 | AB25: 5 | AC25: 1 | AD25: 6
T26: GUINNESS8 | V26: 1080 | Y26: 3 | Z26: 5 | AA26: 0 | AB26: 5 | AC26: 1 | AD26: 6
T27: MACKESON1 | U27: 40 | V27: 1080 | Y27: 3 | Z27: 5 | AA27: 0 | AB27: 5 | AC27: 1 | AD27: 5
T28: MACKESON2 | V28: 1080 | Y28: 3 | Z28: 5 | AA28: 0 | AB28: 5 | AC28: 1 | AD28: 5
T29: MACKESON3 | V29: 1080 | Y29: 3 | Z29: 5 | AA29: 0 | AB29: 5 | AC29: 1 | AD29: 5
T30: MACKESON4 | V30: 1080 | Y30: 3 | Z30: 5 | AA30: 0 | AB30: 5 | AC30: 1 | AD30: 5
T31: MACKESON5 | V31: 1080 | Y31: 3 | Z31: 5 | AA31: 0 | AB31: 5 | AC31: 1 | AD31: 5
T32: MACKESON6 | V32: 1080 | Y32: 3 | Z32: 5 | AA32: 0 | AB32: 5 | AC32: 1 | AD32: 5
T33: MACKESON7 | V33: 1080 | Y33: 3 | Z33: 5 | AA33: 0 | AB33: 5 | AC33: 1 | AD33: 5
T34: MACKESON8 | V34: 1080 | Y34: 3 | Z34: 5 | AA34: 0 | AB34: 5 | AC34: 1 | AD34: 5
T39: =LEFT(C39,9) | U39: =VLOOKUP($T39,$T$3:$AD$34,2,FALSE) -> #N/A | V39: =VLOOKUP($T39,$T$3:$AD$34,3,FALSE) -> #N/A | W39: =$F39/1.1 -> 0 | X39: =$F39*1.1 -> 0 | Y39: =VLOOKUP($T39,$T$3:$AD$34,6,FALSE) -> #N/A | Z39: =VLOOKUP($T39,$T$3:$AD$34,7,FALSE) -> #N/A | AA39: =VLOOKUP($T39,$T$3:$AD$34,8,FALSE) -> #N/A | AB39: =VLOOKUP($T39,$T$3:$AD$34,9,FALSE) -> #N/A | AC39: =VLOOKUP($T39,$T$3:$AD$34,10,FALSE) -> #N/A | AD39: =VLOOKUP($T39,$T$3:$AD$34,11,FALSE) -> #N/A
T40: =LEFT(C40,9) | U40: =VLOOKUP($T40,$T$3:$AD$34,2,FALSE) -> #N/A | V40: =VLOOKUP($T40,$T$3:$AD$34,3,FALSE) -> #N/A | W40: =$F40/1.1 -> 0 | X40: =$F40*1.1 -> 0 | Y40: =VLOOKUP($T40,$T$3:$AD$34,6,FALSE) -> #N/A | Z40: =VLOOKUP($T40,$T$3:$AD$34,7,FALSE) -> #N/A | AA40: =VLOOKUP($T40,$T$3:$AD$34,8,FALSE) -> #N/A | AB40: =VLOOKUP($T40,$T$3:$AD$34,9,FALSE) -> #N/A | AC40: =VLOOKUP($T40,$T$3:$AD$34,10,FALSE) -> #N/A | AD40: =VLOOKUP($T40,$T$3:$AD$34,11,FALSE) -> #N/A
T41: =LEFT(C41,9) | U41: =VLOOKUP($T41,$T$3:$AD$34,2,FALSE) -> #N/A | V41: =VLOOKUP($T41,$T$3:$AD$34,3,FALSE) -> #N/A | W41: =$F41/1.1 -> 0 | X41: =$F41*1.1 -> 0 | Y41: =VLOOKUP($T41,$T$3:$AD$34,6,FALSE) -> #N/A | Z41: =VLOOKUP($T41,$T$3:$AD$34,7,FALSE) -> #N/A | AA41: =VLOOKUP($T41,$T$3:$AD$34,8,FALSE) -> #N/A | AB41: =VLOOKUP($T41,$T$3:$AD$34,9,FALSE) -> #N/A | AC41: =VLOOKUP($T41,$T$3:$AD$34,10,FALSE) -> #N/A | AD41: =VLOOKUP($T41,$T$3:$AD$34,11,FALSE) -> #N/A
A42: Date | B42: ID Number | C42: Product | D42: Filling time | F42: Lab Yeast dosage | G42: Yeast dosage Actual | I42: Fermentation speed | K42: Dead cells | M42: Yeast residence time (Yeast dosed) | O42: Harvest moment | P42: FTR | T42: =LEFT(C42,9) -> Product | U42: =VLOOKUP($T42,$T$3:$AD$34,2,FALSE) -> #N/A | V42: =VLOOKUP($T42,$T$3:$AD$34,3,FALSE) -> #N/A | W42: =$F42/1.1 -> #VALUE! | X42: =$F42*1.1 -> #VALUE! | Y42: =VLOOKUP($T42,$T$3:$AD$34,6,FALSE) -> #N/A | Z42: =VLOOKUP($T42,$T$3:$AD$34,7,FALSE) -> #N/A | AA42: =VLOOKUP($T42,$T$3:$AD$34,8,FALSE) -> #N/A | AB42: =VLOOKUP($T42,$T$3:$AD$34,9,FALSE) -> #N/A | AC42: =VLOOKUP($T42,$T$3:$AD$34,10,FALSE) -> #N/A | AD42: =VLOOKUP($T42,$T$3:$AD$34,11,FALSE) -> #N/A
A43: 46015 | B43: DPV2 | C43: CARIB3 | D43: 341 | E43: =IF(+(IF(D43<U43,0,IF(D43>V43,0,1)))=1,1,0) -> 1 | F43: 131.7 | G43: 132 | H43: =IF(+(IF(G43<W43,0,IF(G43>X43,0,1)))=1,1,0) -> 1 | I43: 1.95 | J43: =IF(+(IF(I43<Y43,0,IF(I43>Z43,0,1)))=1,1,0) -> 1 | K43: 1.2 | L43: =IF(+(IF(K43<AA43,0,IF(K43>AB43,0,1)))=1,1,0) -> 1 | M43: 13 | N43: =IF(+(IF(M43<AC43,0,IF(M43>AD43,0,1)))=1,1,0) -> 0 | P43: =IF(+(IF(D43<U43,0,IF(D43>V43,0,1)))+(IF(G43<W43,0,IF(G43>X43,0,1)))+(IF(I43<Y43,0,IF(I43>Z43,0,1)))+(IF(K43<AA43,0,IF(K43>AB43,0,1)))+(IF(M43<AC43,0,IF(M43>AD43,0,1)))=5,1,0) -> 0 | T43: =LEFT(C43,9) -> CARIB3 | U43: =VLOOKUP($T43,$T$3:$AD$34,2,FALSE) -> 0 | V43: =VLOOKUP($T43,$T$3:$AD$34,3,FALSE) -> 1080 | W43: =$F43/1.1 -> 119.72727 | X43: =$F43*1.1 -> 144.87 | Y43: =VLOOKUP($T43,$T$3:$AD$34,6,FALSE) -> 1.7 | Z43: =VLOOKUP($T43,$T$3:$AD$34,7,FALSE) -> 2.5 | AA43: =VLOOKUP($T43,$T$3:$AD$34,8,FALSE) -> 0 | AB43: =VLOOKUP($T43,$T$3:$AD$34,9,FALSE) -> 5 | AC43: =VLOOKUP($T43,$T$3:$AD$34,10,FALSE) -> 1 | AD43: =VLOOKUP($T43,$T$3:$AD$34,11,FALSE) -> 8
A44: 46020 | B44: DPV1 | C44: CARIB4 | D44: 477 | E44: =IF(+(IF(D44<U44,0,IF(D44>V44,0,1)))=1,1,0) -> 1 | F44: 182.2 | G44: 185 | H44: =IF(+(IF(G44<W44,0,IF(G44>X44,0,1)))=1,1,0) -> 1 | I44: 1.89 | J44: =IF(+(IF(I44<Y44,0,IF(I44>Z44,0,1)))=1,1,0) -> 1 | K44: 1.2 | L44: =IF(+(IF(K44<AA44,0,IF(K44>AB44,0,1)))=1,1,0) -> 1 | M44: 7 | N44: =IF(+(IF(M44<AC44,0,IF(M44>AD44,0,1)))=1,1,0) -> 1 | P44: =IF(+(IF(D44<U44,0,IF(D44>V44,0,1)))+(IF(G44<W44,0,IF(G44>X44,0,1)))+(IF(I44<Y44,0,IF(I44>Z44,0,1)))+(IF(K44<AA44,0,IF(K44>AB44,0,1)))+(IF(M44<AC44,0,IF(M44>AD44,0,1)))=5,1,0) -> 1 | T44: =LEFT(C44,9) -> CARIB4 | U44: =VLOOKUP($T44,$T$3:$AD$34,2,FALSE) -> 0 | V44: =VLOOKUP($T44,$T$3:$AD$34,3,FALSE) -> 1080 | W44: =$F44/1.1 -> 165.63636 | X44: =$F44*1.1 -> 200.42 | Y44: =VLOOKUP($T44,$T$3:$AD$34,6,FALSE) -> 1.7 | Z44: =VLOOKUP($T44,$T$3:$AD$34,7,FALSE) -> 2.5 | AA44: =VLOOKUP($T44,$T$3:$AD$34,8,FALSE) -> 0 | AB44: =VLOOKUP($T44,$T$3:$AD$34,9,FALSE) -> 5 | AC44: =VLOOKUP($T44,$T$3:$AD$34,10,FALSE) -> 1 | AD44: =VLOOKUP($T44,$T$3:$AD$34,11,FALSE) -> 8
A45: 46021 | B45: DPV11 | C45: CARIB8 | D45: 1084 | E45: =IF(+(IF(D45<U45,0,IF(D45>V45,0,1)))=1,1,0) -> 0 | F45: 456.8 | G45: 456 | H45: =IF(+(IF(G45<W45,0,IF(G45>X45,0,1)))=1,1,0) -> 1 | I45: 1.55 | J45: =IF(+(IF(I45<Y45,0,IF(I45>Z45,0,1)))=1,1,0) -> 0 | K45: 2.4 | L45: =IF(+(IF(K45<AA45,0,IF(K45>AB45,0,1)))=1,1,0) -> 1 | M45: 8 | N45: =IF(+(IF(M45<AC45,0,IF(M45>AD45,0,1)))=1,1,0) -> 1 | P45: =IF(+(IF(D45<U45,0,IF(D45>V45,0,1)))+(IF(G45<W45,0,IF(G45>X45,0,1)))+(IF(I45<Y45,0,IF(I45>Z45,0,1)))+(IF(K45<AA45,0,IF(K45>AB45,0,1)))+(IF(M45<AC45,0,IF(M45>AD45,0,1)))=5,1,0) -> 0 | T45: =LEFT(C45,9) -> CARIB8 | U45: =VLOOKUP($T45,$T$3:$AD$34,2,FALSE) -> 0 | V45: =VLOOKUP($T45,$T$3:$AD$34,3,FALSE) -> 1080 | W45: =$F45/1.1 -> 415.27273 | X45: =$F45*1.1 -> 502.48 | Y45: =VLOOKUP($T45,$T$3:$AD$34,6,FALSE) -> 1.7 | Z45: =VLOOKUP($T45,$T$3:$AD$34,7,FALSE) -> 2.5 | AA45: =VLOOKUP($T45,$T$3:$AD$34,8,FALSE) -> 0 | AB45: =VLOOKUP($T45,$T$3:$AD$34,9,FALSE) -> 5 | AC45: =VLOOKUP($T45,$T$3:$AD$34,10,FALSE) -> 1 | AD45: =VLOOKUP($T45,$T$3:$AD$34,11,FALSE) -> 8
A46: 46022 | B46: DPV7 | C46: STAG8 | D46: 1079 | E46: =IF(+(IF(D46<U46,0,IF(D46>V46,0,1)))=1,1,0) -> 1 | F46: 304.8 | G46: 305 | H46: =IF(+(IF(G46<W46,0,IF(G46>X46,0,1)))=1,1,0) -> 1 | I46: 2.128 | J46: =IF(+(IF(I46<Y46,0,IF(I46>Z46,0,1)))=1,1,0) -> 1 | K46: 1.2 | L46: =IF(+(IF(K46<AA46,0,IF(K46>AB46,0,1)))=1,1,0) -> 1 | M46: 14 | N46: =IF(+(IF(M46<AC46,0,IF(M46>AD46,0,1)))=1,1,0) -> 0 | P46: =IF(+(IF(D46<U46,0,IF(D46>V46,0,1)))+(IF(G46<W46,0,IF(G46>X46,0,1)))+(IF(I46<Y46,0,IF(I46>Z46,0,1)))+(IF(K46<AA46,0,IF(K46>AB46,0,1)))+(IF(M46<AC46,0,IF(M46>AD46,0,1)))=5,1,0) -> 0 | T46: =LEFT(C46,9) -> STAG8 | U46: =VLOOKUP($T46,$T$3:$AD$34,2,FALSE) -> 0 | V46: =VLOOKUP($T46,$T$3:$AD$34,3,FALSE) -> 1080 | W46: =$F46/1.1 -> 277.09091 | X46: =$F46*1.1 -> 335.28 | Y46: =VLOOKUP($T46,$T$3:$AD$34,6,FALSE) -> 1.8 | Z46: =VLOOKUP($T46,$T$3:$AD$34,7,FALSE) -> 2.7 | AA46: =VLOOKUP($T46,$T$3:$AD$34,8,FALSE) -> 0 | AB46: =VLOOKUP($T46,$T$3:$AD$34,9,FALSE) -> 5 | AC46: =VLOOKUP($T46,$T$3:$AD$34,10,FALSE) -> 1 | AD46: =VLOOKUP($T46,$T$3:$AD$34,11,FALSE) -> 11
A47: 46024 | B47: DPV3 | C47: CARIB4 | D47: 482 | E47: =IF(+(IF(D47<U47,0,IF(D47>V47,0,1)))=1,1,0) -> 1 | F47: 326.4 | G47: 328 | H47: =IF(+(IF(G47<W47,0,IF(G47>X47,0,1)))=1,1,0) -> 1 | I47: 2.46 | J47: =IF(+(IF(I47<Y47,0,IF(I47>Z47,0,1)))=1,1,0) -> 1 | M47: 8 | N47: =IF(+(IF(M47<AC47,0,IF(M47>AD47,0,1)))=1,1,0) -> 1 | P47: =IF(+(IF(D47<U47,0,IF(D47>V47,0,1)))+(IF(G47<W47,0,IF(G47>X47,0,1)))+(IF(I47<Y47,0,IF(I47>Z47,0,1)))+(IF(K47<AA47,0,IF(K47>AB47,0,1)))+(IF(M47<AC47,0,IF(M47>AD47,0,1)))=5,1,0) -> 1 | T47: =LEFT(C47,9) -> CARIB4 | U47: =VLOOKUP($T47,$T$3:$AD$34,2,FALSE) -> 0 | V47: =VLOOKUP($T47,$T$3:$AD$34,3,FALSE) -> 1080 | W47: =$F47/1.1 -> 296.72727 | X47: =$F47*1.1 -> 359.04 | Y47: =VLOOKUP($T47,$T$3:$AD$34,6,FALSE) -> 1.7 | Z47: =VLOOKUP($T47,$T$3:$AD$34,7,FALSE) -> 2.5 | AA47: =VLOOKUP($T47,$T$3:$AD$34,8,FALSE) -> 0 | AB47: =VLOOKUP($T47,$T$3:$AD$34,9,FALSE) -> 5 | AC47: =VLOOKUP($T47,$T$3:$AD$34,10,FALSE) -> 1 | AD47: =VLOOKUP($T47,$T$3:$AD$34,11,FALSE) -> 8
A48: 46031 | B48: FV1 | C48: STAG2 | D48: =59+57 -> 116 | E48: =IF(+(IF(D48<U48,0,IF(D48>V48,0,1)))=1,1,0) -> 1 | F48: YPV | I48: 1.908 | J48: =IF(+(IF(I48<Y48,0,IF(I48>Z48,0,1)))=1,1,0) -> 1 | M48: 11 | N48: =IF(+(IF(M48<AC48,0,IF(M48>AD48,0,1)))=1,1,0) -> 1 | P48: 1 | T48: =LEFT(C48,9) -> STAG2 | U48: =VLOOKUP($T48,$T$3:$AD$34,2,FALSE) -> 0 | V48: =VLOOKUP($T48,$T$3:$AD$34,3,FALSE) -> 1080 | W48: =$F48/1.1 -> #VALUE! | X48: =$F48*1.1 -> #VALUE! | Y48: =VLOOKUP($T48,$T$3:$AD$34,6,FALSE) -> 1.8 | Z48: =VLOOKUP($T48,$T$3:$AD$34,7,FALSE) -> 2.7 | AA48: =VLOOKUP($T48,$T$3:$AD$34,8,FALSE) -> 0 | AB48: =VLOOKUP($T48,$T$3:$AD$34,9,FALSE) -> 5 | AC48: =VLOOKUP($T48,$T$3:$AD$34,10,FALSE) -> 1 | AD48: =VLOOKUP($T48,$T$3:$AD$34,11,FALSE) -> 11
A49: 46030 | B49: DPV5 | C49: MACKESON8 | D49: 1802 | E49: =IF(+(IF(D49<U49,0,IF(D49>V49,0,1)))=1,1,0) -> 0 | F49: 365.6 | G49: 366 | H49: =IF(+(IF(G49<W49,0,IF(G49>X49,0,1)))=1,1,0) -> 1 | K49: 2.75 | L49: =IF(+(IF(K49<AA49,0,IF(K49>AB49,0,1)))=1,1,0) -> 1 | M49: 3 | N49: =IF(+(IF(M49<AC49,0,IF(M49>AD49,0,1)))=1,1,0) -> 1 | P49: =IF(+(IF(D49<U49,0,IF(D49>V49,0,1)))+(IF(G49<W49,0,IF(G49>X49,0,1)))+(IF(I49<Y49,0,IF(I49>Z49,0,1)))+(IF(K49<AA49,0,IF(K49>AB49,0,1)))+(IF(M49<AC49,0,IF(M49>AD49,0,1)))=5,1,0) -> 0 | T49: =LEFT(C49,9) -> MACKESON8 | U49: =VLOOKUP($T49,$T$3:$AD$34,2,FALSE) -> 0 | V49: =VLOOKUP($T49,$T$3:$AD$34,3,FALSE) -> 1080 | W49: =$F49/1.1 -> 332.36364 | X49: =$F49*1.1 -> 402.16 | Y49: =VLOOKUP($T49,$T$3:$AD$34,6,FALSE) -> 3 | Z49: =VLOOKUP($T49,$T$3:$AD$34,7,FALSE) -> 5 | AA49: =VLOOKUP($T49,$T$3:$AD$34,8,FALSE) -> 0 | AB49: =VLOOKUP($T49,$T$3:$AD$34,9,FALSE) -> 5 | AC49: =VLOOKUP($T49,$T$3:$AD$34,10,FALSE) -> 1 | AD49: =VLOOKUP($T49,$T$3:$AD$34,11,FALSE) -> 5
A50: 46031 | B50: DPV9 | C50: CARIB8 | D50: 1304 | E50: =IF(+(IF(D50<U50,0,IF(D50>V50,0,1)))=1,1,0) -> 0 | F50: 507.2 | G50: 513 | H50: =IF(+(IF(G50<W50,0,IF(G50>X50,0,1)))=1,1,0) -> 1 | I50: 1.84 | J50: =IF(+(IF(I50<Y50,0,IF(I50>Z50,0,1)))=1,1,0) -> 1 | K50: 1.2 | L50: =IF(+(IF(K50<AA50,0,IF(K50>AB50,0,1)))=1,1,0) -> 1 | M50: 6 | N50: =IF(+(IF(M50<AC50,0,IF(M50>AD50,0,1)))=1,1,0) -> 1 | P50: =IF(+(IF(D50<U50,0,IF(D50>V50,0,1)))+(IF(G50<W50,0,IF(G50>X50,0,1)))+(IF(I50<Y50,0,IF(I50>Z50,0,1)))+(IF(K50<AA50,0,IF(K50>AB50,0,1)))+(IF(M50<AC50,0,IF(M50>AD50,0,1)))=5,1,0) -> 0 | T50: =LEFT(C50,9) -> CARIB8 | U50: =VLOOKUP($T50,$T$3:$AD$34,2,FALSE) -> 0 | V50: =VLOOKUP($T50,$T$3:$AD$34,3,FALSE) -> 1080 | W50: =$F50/1.1 -> 461.09091 | X50: =$F50*1.1 -> 557.92 | Y50: =VLOOKUP($T50,$T$3:$AD$34,6,FALSE) -> 1.7 | Z50: =VLOOKUP($T50,$T$3:$AD$34,7,FALSE) -> 2.5 | AA50: =VLOOKUP($T50,$T$3:$AD$34,8,FALSE) -> 0 | AB50: =VLOOKUP($T50,$T$3:$AD$34,9,FALSE) -> 5 | AC50: =VLOOKUP($T50,$T$3:$AD$34,10,FALSE) -> 1 | AD50: =VLOOKUP($T50,$T$3:$AD$34,11,FALSE) -> 8
A51: 46032 | B51: DPV4 | C51: CARIB4 | D51: 458 | E51: =IF(+(IF(D51<U51,0,IF(D51>V51,0,1)))=1,1,0) -> 1 | F51: 163.2 | G51: 164 | H51: =IF(+(IF(G51<W51,0,IF(G51>X51,0,1)))=1,1,0) -> 1 | I51: 1.88 | J51: =IF(+(IF(I51<Y51,0,IF(I51>Z51,0,1)))=1,1,0) -> 1 | K51: 0.79 | L51: =IF(+(IF(K51<AA51,0,IF(K51>AB51,0,1)))=1,1,0) -> 1 | M51: 7 | N51: =IF(+(IF(M51<AC51,0,IF(M51>AD51,0,1)))=1,1,0) -> 1 | P51: =IF(+(IF(D51<U51,0,IF(D51>V51,0,1)))+(IF(G51<W51,0,IF(G51>X51,0,1)))+(IF(I51<Y51,0,IF(I51>Z51,0,1)))+(IF(K51<AA51,0,IF(K51>AB51,0,1)))+(IF(M51<AC51,0,IF(M51>AD51,0,1)))=5,1,0) -> 1 | T51: =LEFT(C51,9) -> CARIB4 | U51: =VLOOKUP($T51,$T$3:$AD$34,2,FALSE) -> 0 | V51: =VLOOKUP($T51,$T$3:$AD$34,3,FALSE) -> 1080 | W51: =$F51/1.1 -> 148.36364 | X51: =$F51*1.1 -> 179.52 | Y51: =VLOOKUP($T51,$T$3:$AD$34,6,FALSE) -> 1.7 | Z51: =VLOOKUP($T51,$T$3:$AD$34,7,FALSE) -> 2.5 | AA51: =VLOOKUP($T51,$T$3:$AD$34,8,FALSE) -> 0 | AB51: =VLOOKUP($T51,$T$3:$AD$34,9,FALSE) -> 5 | AC51: =VLOOKUP($T51,$T$3:$AD$34,10,FALSE) -> 1 | AD51: =VLOOKUP($T51,$T$3:$AD$34,11,FALSE) -> 8
A52: 46034 | B52: FV4 | C52: CARIB4 | D52: 570 | E52: =IF(+(IF(D52<U52,0,IF(D52>V52,0,1)))=1,1,0) -> 1 | F52: 163.2 | G52: 165 | H52: =IF(+(IF(G52<W52,0,IF(G52>X52,0,1)))=1,1,0) -> 1 | I52: 2.3 | J52: =IF(+(IF(I52<Y52,0,IF(I52>Z52,0,1)))=1,1,0) -> 1 | M52: 6 | N52: =IF(+(IF(M52<AC52,0,IF(M52>AD52,0,1)))=1,1,0) -> 1 | P52: =IF(+(IF(D52<U52,0,IF(D52>V52,0,1)))+(IF(G52<W52,0,IF(G52>X52,0,1)))+(IF(I52<Y52,0,IF(I52>Z52,0,1)))+(IF(K52<AA52,0,IF(K52>AB52,0,1)))+(IF(M52<AC52,0,IF(M52>AD52,0,1)))=5,1,0) -> 1 | T52: =LEFT(C52,9) -> CARIB4 | U52: =VLOOKUP($T52,$T$3:$AD$34,2,FALSE) -> 0 | V52: =VLOOKUP($T52,$T$3:$AD$34,3,FALSE) -> 1080 | W52: =$F52/1.1 -> 148.36364 | X52: =$F52*1.1 -> 179.52 | Y52: =VLOOKUP($T52,$T$3:$AD$34,6,FALSE) -> 1.7 | Z52: =VLOOKUP($T52,$T$3:$AD$34,7,FALSE) -> 2.5 | AA52: =VLOOKUP($T52,$T$3:$AD$34,8,FALSE) -> 0 | AB52: =VLOOKUP($T52,$T$3:$AD$34,9,FALSE) -> 5 | AC52: =VLOOKUP($T52,$T$3:$AD$34,10,FALSE) -> 1 | AD52: =VLOOKUP($T52,$T$3:$AD$34,11,FALSE) -> 8
A53: 46036 | B53: DPV8 | C53: CARIB8 | D53: 1971 | E53: =IF(+(IF(D53<U53,0,IF(D53>V53,0,1)))=1,1,0) -> 0 | F53: =57.1+400 -> 457.1 | G53: =60+405 -> 465 | H53: =IF(+(IF(G53<W53,0,IF(G53>X53,0,1)))=1,1,0) -> 1 | I53: 2.33 | J53: =IF(+(IF(I53<Y53,0,IF(I53>Z53,0,1)))=1,1,0) -> 1 | K53: 2.9 | L53: =IF(+(IF(K53<AA53,0,IF(K53>AB53,0,1)))=1,1,0) -> 1 | M53: 6 | N53: =IF(+(IF(M53<AC53,0,IF(M53>AD53,0,1)))=1,1,0) -> 1 | P53: =IF(+(IF(D53<U53,0,IF(D53>V53,0,1)))+(IF(G53<W53,0,IF(G53>X53,0,1)))+(IF(I53<Y53,0,IF(I53>Z53,0,1)))+(IF(K53<AA53,0,IF(K53>AB53,0,1)))+(IF(M53<AC53,0,IF(M53>AD53,0,1)))=5,1,0) -> 0 | T53: =LEFT(C53,9) -> CARIB8 | U53: =VLOOKUP($T53,$T$3:$AD$34,2,FALSE) -> 0 | V53: =VLOOKUP($T53,$T$3:$AD$34,3,FALSE) -> 1080 | W53: =$F53/1.1 -> 415.54545 | X53: =$F53*1.1 -> 502.81 | Y53: =VLOOKUP($T53,$T$3:$AD$34,6,FALSE) -> 1.7 | Z53: =VLOOKUP($T53,$T$3:$AD$34,7,FALSE) -> 2.5 | AA53: =VLOOKUP($T53,$T$3:$AD$34,8,FALSE) -> 0 | AB53: =VLOOKUP($T53,$T$3:$AD$34,9,FALSE) -> 5 | AC53: =VLOOKUP($T53,$T$3:$AD$34,10,FALSE) -> 1 | AD53: =VLOOKUP($T53,$T$3:$AD$34,11,FALSE) -> 8
A54: 46037 | B54: DPV6 | C54: STAG8 | D54: 1060 | E54: =IF(+(IF(D54<U54,0,IF(D54>V54,0,1)))=1,1,0) -> 1 | F54: 652.8 | G54: 654 | H54: =IF(+(IF(G54<W54,0,IF(G54>X54,0,1)))=1,1,0) -> 1 | I54: 2.385 | J54: =IF(+(IF(I54<Y54,0,IF(I54>Z54,0,1)))=1,1,0) -> 1 | K54: 2.85 | L54: =IF(+(IF(K54<AA54,0,IF(K54>AB54,0,1)))=1,1,0) -> 1 | M54: 6 | N54: =IF(+(IF(M54<AC54,0,IF(M54>AD54,0,1)))=1,1,0) -> 1 | P54: =IF(+(IF(D54<U54,0,IF(D54>V54,0,1)))+(IF(G54<W54,0,IF(G54>X54,0,1)))+(IF(I54<Y54,0,IF(I54>Z54,0,1)))+(IF(K54<AA54,0,IF(K54>AB54,0,1)))+(IF(M54<AC54,0,IF(M54>AD54,0,1)))=5,1,0) -> 1 | T54: =LEFT(C54,9) -> STAG8 | U54: =VLOOKUP($T54,$T$3:$AD$34,2,FALSE) -> 0 | V54: =VLOOKUP($T54,$T$3:$AD$34,3,FALSE) -> 1080 | W54: =$F54/1.1 -> 593.45455 | X54: =$F54*1.1 -> 718.08 | Y54: =VLOOKUP($T54,$T$3:$AD$34,6,FALSE) -> 1.8 | Z54: =VLOOKUP($T54,$T$3:$AD$34,7,FALSE) -> 2.7 | AA54: =VLOOKUP($T54,$T$3:$AD$34,8,FALSE) -> 0 | AB54: =VLOOKUP($T54,$T$3:$AD$34,9,FALSE) -> 5 | AC54: =VLOOKUP($T54,$T$3:$AD$34,10,FALSE) -> 1 | AD54: =VLOOKUP($T54,$T$3:$AD$34,11,FALSE) -> 11
A55: 46039 | B55: DPV10 | C55: CARIB8 | D55: 2354 | E55: =IF(+(IF(D55<U55,0,IF(D55>V55,0,1)))=1,1,0) -> 0 | F55: 397.6 | G55: 398 | H55: =IF(+(IF(G55<W55,0,IF(G55>X55,0,1)))=1,1,0) -> 1 | I55: 2.39 | J55: =IF(+(IF(I55<Y55,0,IF(I55>Z55,0,1)))=1,1,0) -> 1 | M55: 5 | N55: =IF(+(IF(M55<AC55,0,IF(M55>AD55,0,1)))=1,1,0) -> 1 | P55: =IF(+(IF(D55<U55,0,IF(D55>V55,0,1)))+(IF(G55<W55,0,IF(G55>X55,0,1)))+(IF(I55<Y55,0,IF(I55>Z55,0,1)))+(IF(K55<AA55,0,IF(K55>AB55,0,1)))+(IF(M55<AC55,0,IF(M55>AD55,0,1)))=5,1,0) -> 0 | T55: =LEFT(C55,9) -> CARIB8 | U55: =VLOOKUP($T55,$T$3:$AD$34,2,FALSE) -> 0 | V55: =VLOOKUP($T55,$T$3:$AD$34,3,FALSE) -> 1080 | W55: =$F55/1.1 -> 361.45455 | X55: =$F55*1.1 -> 437.36 | Y55: =VLOOKUP($T55,$T$3:$AD$34,6,FALSE) -> 1.7 | Z55: =VLOOKUP($T55,$T$3:$AD$34,7,FALSE) -> 2.5 | AA55: =VLOOKUP($T55,$T$3:$AD$34,8,FALSE) -> 0 | AB55: =VLOOKUP($T55,$T$3:$AD$34,9,FALSE) -> 5 | AC55: =VLOOKUP($T55,$T$3:$AD$34,10,FALSE) -> 1 | AD55: =VLOOKUP($T55,$T$3:$AD$34,11,FALSE) -> 8
A56: 46040 | B56: DPV5 | C56: CARIB8 | D56: 1162 | E56: =IF(+(IF(D56<U56,0,IF(D56>V56,0,1)))=1,1,0) -> 0 | F56: 380.8 | G56: 381 | H56: =IF(+(IF(G56<W56,0,IF(G56>X56,0,1)))=1,1,0) -> 1 | I56: 1.92 | J56: =IF(+(IF(I56<Y56,0,IF(I56>Z56,0,1)))=1,1,0) -> 1 | M56: 9 | N56: =IF(+(IF(M56<AC56,0,IF(M56>AD56,0,1)))=1,1,0) -> 0 | P56: =IF(+(IF(D56<U56,0,IF(D56>V56,0,1)))+(IF(G56<W56,0,IF(G56>X56,0,1)))+(IF(I56<Y56,0,IF(I56>Z56,0,1)))+(IF(K56<AA56,0,IF(K56>AB56,0,1)))+(IF(M56<AC56,0,IF(M56>AD56,0,1)))=5,1,0) -> 0 | T56: =LEFT(C56,9) -> CARIB8 | U56: =VLOOKUP($T56,$T$3:$AD$34,2,FALSE) -> 0 | V56: =VLOOKUP($T56,$T$3:$AD$34,3,FALSE) -> 1080 | W56: =$F56/1.1 -> 346.18182 | X56: =$F56*1.1 -> 418.88 | Y56: =VLOOKUP($T56,$T$3:$AD$34,6,FALSE) -> 1.7 | Z56: =VLOOKUP($T56,$T$3:$AD$34,7,FALSE) -> 2.5 | AA56: =VLOOKUP($T56,$T$3:$AD$34,8,FALSE) -> 0 | AB56: =VLOOKUP($T56,$T$3:$AD$34,9,FALSE) -> 5 | AC56: =VLOOKUP($T56,$T$3:$AD$34,10,FALSE) -> 1 | AD56: =VLOOKUP($T56,$T$3:$AD$34,11,FALSE) -> 8
A57: 46041 | B57: FV2 | C57: CARIB2 | D57: 2731 | E57: =IF(+(IF(D57<U57,0,IF(D57>V57,0,1)))=1,1,0) -> 0 | F57: 91.4 | G57: 98 | H57: =IF(+(IF(G57<W57,0,IF(G57>X57,0,1)))=1,1,0) -> 1 | I57: 2.35 | J57: =IF(+(IF(I57<Y57,0,IF(I57>Z57,0,1)))=1,1,0) -> 1 | K57: 2.5 | L57: =IF(+(IF(K57<AA57,0,IF(K57>AB57,0,1)))=1,1,0) -> 1 | M57: 10 | N57: =IF(+(IF(M57<AC57,0,IF(M57>AD57,0,1)))=1,1,0) -> 0 | P57: =IF(+(IF(D57<U57,0,IF(D57>V57,0,1)))+(IF(G57<W57,0,IF(G57>X57,0,1)))+(IF(I57<Y57,0,IF(I57>Z57,0,1)))+(IF(K57<AA57,0,IF(K57>AB57,0,1)))+(IF(M57<AC57,0,IF(M57>AD57,0,1)))=5,1,0) -> 0 | T57: =LEFT(C57,9) -> CARIB2 | U57: =VLOOKUP($T57,$T$3:$AD$34,2,FALSE) -> 0 | V57: =VLOOKUP($T57,$T$3:$AD$34,3,FALSE) -> 1080 | W57: =$F57/1.1 -> 83.090909 | X57: =$F57*1.1 -> 100.54 | Y57: =VLOOKUP($T57,$T$3:$AD$34,6,FALSE) -> 1.7 | Z57: =VLOOKUP($T57,$T$3:$AD$34,7,FALSE) -> 2.5 | AA57: =VLOOKUP($T57,$T$3:$AD$34,8,FALSE) -> 0 | AB57: =VLOOKUP($T57,$T$3:$AD$34,9,FALSE) -> 5 | AC57: =VLOOKUP($T57,$T$3:$AD$34,10,FALSE) -> 1 | AD57: =VLOOKUP($T57,$T$3:$AD$34,11,FALSE) -> 8
A58: 46042 | B58: DPV11 | C58: GUINNESS8 | D58: 1440 | E58: =IF(+(IF(D58<U58,0,IF(D58>V58,0,1)))=1,1,0) -> 0 | F58: 571.2 | G58: 542 | H58: =IF(+(IF(G58<W58,0,IF(G58>X58,0,1)))=1,1,0) -> 1 | I58: 4.28 | J58: =IF(+(IF(I58<Y58,0,IF(I58>Z58,0,1)))=1,1,0) -> 1 | K58: 2.8 | L58: =IF(+(IF(K58<AA58,0,IF(K58>AB58,0,1)))=1,1,0) -> 1 | M58: 4 | N58: =IF(+(IF(M58<AC58,0,IF(M58>AD58,0,1)))=1,1,0) -> 1 | P58: =IF(+(IF(D58<U58,0,IF(D58>V58,0,1)))+(IF(G58<W58,0,IF(G58>X58,0,1)))+(IF(I58<Y58,0,IF(I58>Z58,0,1)))+(IF(K58<AA58,0,IF(K58>AB58,0,1)))+(IF(M58<AC58,0,IF(M58>AD58,0,1)))=5,1,0) -> 0 | T58: =LEFT(C58,9) -> GUINNESS8 | U58: =VLOOKUP($T58,$T$3:$AD$34,2,FALSE) -> 0 | V58: =VLOOKUP($T58,$T$3:$AD$34,3,FALSE) -> 1080 | W58: =$F58/1.1 -> 519.27273 | X58: =$F58*1.1 -> 628.32 | Y58: =VLOOKUP($T58,$T$3:$AD$34,6,FALSE) -> 3 | Z58: =VLOOKUP($T58,$T$3:$AD$34,7,FALSE) -> 5 | AA58: =VLOOKUP($T58,$T$3:$AD$34,8,FALSE) -> 0 | AB58: =VLOOKUP($T58,$T$3:$AD$34,9,FALSE) -> 5 | AC58: =VLOOKUP($T58,$T$3:$AD$34,10,FALSE) -> 1 | AD58: =VLOOKUP($T58,$T$3:$AD$34,11,FALSE) -> 6
A59: 46043 | B59: DPV7 | C59: CARIB8 | D59: 1203 | E59: =IF(+(IF(D59<U59,0,IF(D59>V59,0,1)))=1,1,0) -> 0 | F59: 367 | G59: 400 | H59: =IF(+(IF(G59<W59,0,IF(G59>X59,0,1)))=1,1,0) -> 1 | I59: 2.44 | J59: =IF(+(IF(I59<Y59,0,IF(I59>Z59,0,1)))=1,1,0) -> 1 | K59: 2.75 | L59: =IF(+(IF(K59<AA59,0,IF(K59>AB59,0,1)))=1,1,0) -> 1 | M59: 7 | N59: =IF(+(IF(M59<AC59,0,IF(M59>AD59,0,1)))=1,1,0) -> 1 | P59: =IF(+(IF(D59<U59,0,IF(D59>V59,0,1)))+(IF(G59<W59,0,IF(G59>X59,0,1)))+(IF(I59<Y59,0,IF(I59>Z59,0,1)))+(IF(K59<AA59,0,IF(K59>AB59,0,1)))+(IF(M59<AC59,0,IF(M59>AD59,0,1)))=5,1,0) -> 0 | T59: =LEFT(C59,9) -> CARIB8 | U59: =VLOOKUP($T59,$T$3:$AD$34,2,FALSE) -> 0 | V59: =VLOOKUP($T59,$T$3:$AD$34,3,FALSE) -> 1080 | W59: =$F59/1.1 -> 333.63636 | X59: =$F59*1.1 -> 403.7 | Y59: =VLOOKUP($T59,$T$3:$AD$34,6,FALSE) -> 1.7 | Z59: =VLOOKUP($T59,$T$3:$AD$34,7,FALSE) -> 2.5 | AA59: =VLOOKUP($T59,$T$3:$AD$34,8,FALSE) -> 0 | AB59: =VLOOKUP($T59,$T$3:$AD$34,9,FALSE) -> 5 | AC59: =VLOOKUP($T59,$T$3:$AD$34,10,FALSE) -> 1 | AD59: =VLOOKUP($T59,$T$3:$AD$34,11,FALSE) -> 8
A60: 46043 | B60: DPV1 | C60: STAG4 | D60: 500 | E60: =IF(+(IF(D60<U60,0,IF(D60>V60,0,1)))=1,1,0) -> 1 | F60: 253.6 | G60: 255 | H60: =IF(+(IF(G60<W60,0,IF(G60>X60,0,1)))=1,1,0) -> 1 | I60: 2.54 | J60: =IF(+(IF(I60<Y60,0,IF(I60>Z60,0,1)))=1,1,0) -> 1 | K60: 0 | L60: =IF(+(IF(K60<AA60,0,IF(K60>AB60,0,1)))=1,1,0) -> 1 | M60: 7 | N60: =IF(+(IF(M60<AC60,0,IF(M60>AD60,0,1)))=1,1,0) -> 1 | P60: =IF(+(IF(D60<U60,0,IF(D60>V60,0,1)))+(IF(G60<W60,0,IF(G60>X60,0,1)))+(IF(I60<Y60,0,IF(I60>Z60,0,1)))+(IF(K60<AA60,0,IF(K60>AB60,0,1)))+(IF(M60<AC60,0,IF(M60>AD60,0,1)))=5,1,0) -> 1 | T60: =LEFT(C60,9) -> STAG4 | U60: =VLOOKUP($T60,$T$3:$AD$34,2,FALSE) -> 0 | V60: =VLOOKUP($T60,$T$3:$AD$34,3,FALSE) -> 1080 | W60: =$F60/1.1 -> 230.54545 | X60: =$F60*1.1 -> 278.96 | Y60: =VLOOKUP($T60,$T$3:$AD$34,6,FALSE) -> 1.8 | Z60: =VLOOKUP($T60,$T$3:$AD$34,7,FALSE) -> 2.7 | AA60: =VLOOKUP($T60,$T$3:$AD$34,8,FALSE) -> 0 | AB60: =VLOOKUP($T60,$T$3:$AD$34,9,FALSE) -> 5 | AC60: =VLOOKUP($T60,$T$3:$AD$34,10,FALSE) -> 1 | AD60: =VLOOKUP($T60,$T$3:$AD$34,11,FALSE) -> 11
A61: 46044 | B61: DPV2 | C61: CARIB4 | D61: 728 | E61: =IF(+(IF(D61<U61,0,IF(D61>V61,0,1)))=1,1,0) -> 1 | F61: 182.8 | G61: 196 | H61: =IF(+(IF(G61<W61,0,IF(G61>X61,0,1)))=1,1,0) -> 1 | I61: 2.41 | J61: =IF(+(IF(I61<Y61,0,IF(I61>Z61,0,1)))=1,1,0) -> 1 | K61: 1.9 | L61: =IF(+(IF(K61<AA61,0,IF(K61>AB61,0,1)))=1,1,0) -> 1 | M61: 8 | N61: =IF(+(IF(M61<AC61,0,IF(M61>AD61,0,1)))=1,1,0) -> 1 | P61: =IF(+(IF(D61<U61,0,IF(D61>V61,0,1)))+(IF(G61<W61,0,IF(G61>X61,0,1)))+(IF(I61<Y61,0,IF(I61>Z61,0,1)))+(IF(K61<AA61,0,IF(K61>AB61,0,1)))+(IF(M61<AC61,0,IF(M61>AD61,0,1)))=5,1,0) -> 1 | T61: =LEFT(C61,9) -> CARIB4 | U61: =VLOOKUP($T61,$T$3:$AD$34,2,FALSE) -> 0 | V61: =VLOOKUP($T61,$T$3:$AD$34,3,FALSE) -> 1080 | W61: =$F61/1.1 -> 166.18182 | X61: =$F61*1.1 -> 201.08 | Y61: =VLOOKUP($T61,$T$3:$AD$34,6,FALSE) -> 1.7 | Z61: =VLOOKUP($T61,$T$3:$AD$34,7,FALSE) -> 2.5 | AA61: =VLOOKUP($T61,$T$3:$AD$34,8,FALSE) -> 0 | AB61: =VLOOKUP($T61,$T$3:$AD$34,9,FALSE) -> 5 | AC61: =VLOOKUP($T61,$T$3:$AD$34,10,FALSE) -> 1 | AD61: =VLOOKUP($T61,$T$3:$AD$34,11,FALSE) -> 8
A62: 46045 | B62: DPV3 | C62: CARIB4 | D62: 507 | E62: =IF(+(IF(D62<U62,0,IF(D62>V62,0,1)))=1,1,0) -> 1 | F62: 182.8 | G62: 193 | H62: =IF(+(IF(G62<W62,0,IF(G62>X62,0,1)))=1,1,0) -> 1 | I62: 1.9 | J62: =IF(+(IF(I62<Y62,0,IF(I62>Z62,0,1)))=1,1,0) -> 1 | K62: 1.9 | L62: =IF(+(IF(K62<AA62,0,IF(K62>AB62,0,1)))=1,1,0) -> 1 | M62: 7 | N62: =IF(+(IF(M62<AC62,0,IF(M62>AD62,0,1)))=1,1,0) -> 1 | P62: =IF(+(IF(D62<U62,0,IF(D62>V62,0,1)))+(IF(G62<W62,0,IF(G62>X62,0,1)))+(IF(I62<Y62,0,IF(I62>Z62,0,1)))+(IF(K62<AA62,0,IF(K62>AB62,0,1)))+(IF(M62<AC62,0,IF(M62>AD62,0,1)))=5,1,0) -> 1 | T62: =LEFT(C62,9) -> CARIB4 | U62: =VLOOKUP($T62,$T$3:$AD$34,2,FALSE) -> 0 | V62: =VLOOKUP($T62,$T$3:$AD$34,3,FALSE) -> 1080 | W62: =$F62/1.1 -> 166.18182 | X62: =$F62*1.1 -> 201.08 | Y62: =VLOOKUP($T62,$T$3:$AD$34,6,FALSE) -> 1.7 | Z62: =VLOOKUP($T62,$T$3:$AD$34,7,FALSE) -> 2.5 | AA62: =VLOOKUP($T62,$T$3:$AD$34,8,FALSE) -> 0 | AB62: =VLOOKUP($T62,$T$3:$AD$34,9,FALSE) -> 5 | AC62: =VLOOKUP($T62,$T$3:$AD$34,10,FALSE) -> 1 | AD62: =VLOOKUP($T62,$T$3:$AD$34,11,FALSE) -> 8
A63: 46049 | B63: DPV9 | C63: STAG8 | D63: 1250 | E63: =IF(+(IF(D63<U63,0,IF(D63>V63,0,1)))=1,1,0) -> 0 | F63: 435.2 | G63: 436 | H63: =IF(+(IF(G63<W63,0,IF(G63>X63,0,1)))=1,1,0) -> 1 | K63: 2.9 | L63: =IF(+(IF(K63<AA63,0,IF(K63>AB63,0,1)))=1,1,0) -> 1 | T63: =LEFT(C63,9) -> STAG8 | U63: =VLOOKUP($T63,$T$3:$AD$34,2,FALSE) -> 0 | V63: =VLOOKUP($T63,$T$3:$AD$34,3,FALSE) -> 1080 | W63: =$F63/1.1 -> 395.63636 | X63: =$F63*1.1 -> 478.72 | Y63: =VLOOKUP($T63,$T$3:$AD$34,6,FALSE) -> 1.8 | Z63: =VLOOKUP($T63,$T$3:$AD$34,7,FALSE) -> 2.7 | AA63: =VLOOKUP($T63,$T$3:$AD$34,8,FALSE) -> 0 | AB63: =VLOOKUP($T63,$T$3:$AD$34,9,FALSE) -> 5 | AC63: =VLOOKUP($T63,$T$3:$AD$34,10,FALSE) -> 1 | AD63: =VLOOKUP($T63,$T$3:$AD$34,11,FALSE) -> 11
A64: 46050 | B64: DPV11 | C64: STAG8 | D64: 1271 | E64: =IF(+(IF(D64<U64,0,IF(D64>V64,0,1)))=1,1,0) -> 0 | F64: 338.4 | G64: 339 | H64: =IF(+(IF(G64<W64,0,IF(G64>X64,0,1)))=1,1,0) -> 1 | K64: 2.9 | L64: =IF(+(IF(K64<AA64,0,IF(K64>AB64,0,1)))=1,1,0) -> 1 | M64: 5 | N64: =IF(+(IF(M64<AC64,0,IF(M64>AD64,0,1)))=1,1,0) -> 1 | T64: =LEFT(C64,9) -> STAG8 | U64: =VLOOKUP($T64,$T$3:$AD$34,2,FALSE) -> 0 | V64: =VLOOKUP($T64,$T$3:$AD$34,3,FALSE) -> 1080 | W64: =$F64/1.1 -> 307.63636 | X64: =$F64*1.1 -> 372.24 | Y64: =VLOOKUP($T64,$T$3:$AD$34,6,FALSE) -> 1.8 | Z64: =VLOOKUP($T64,$T$3:$AD$34,7,FALSE) -> 2.7 | AA64: =VLOOKUP($T64,$T$3:$AD$34,8,FALSE) -> 0 | AB64: =VLOOKUP($T64,$T$3:$AD$34,9,FALSE) -> 5 | AC64: =VLOOKUP($T64,$T$3:$AD$34,10,FALSE) -> 1 | AD64: =VLOOKUP($T64,$T$3:$AD$34,11,FALSE) -> 11
A65: 46051 | B65: DPV4 | C65: CARIB4 | D65: 521 | E65: =IF(+(IF(D65<U65,0,IF(D65>V65,0,1)))=1,1,0) -> 1 | F65: 175.6 | G65: =104+71 -> 175 | H65: =IF(+(IF(G65<W65,0,IF(G65>X65,0,1)))=1,1,0) -> 1 | K65: 1.96 | L65: =IF(+(IF(K65<AA65,0,IF(K65>AB65,0,1)))=1,1,0) -> 1 | M65: 5 | N65: =IF(+(IF(M65<AC65,0,IF(M65>AD65,0,1)))=1,1,0) -> 1 | T65: =LEFT(C65,9) -> CARIB4 | U65: =VLOOKUP($T65,$T$3:$AD$34,2,FALSE) -> 0 | V65: =VLOOKUP($T65,$T$3:$AD$34,3,FALSE) -> 1080 | W65: =$F65/1.1 -> 159.63636 | X65: =$F65*1.1 -> 193.16 | Y65: =VLOOKUP($T65,$T$3:$AD$34,6,FALSE) -> 1.7 | Z65: =VLOOKUP($T65,$T$3:$AD$34,7,FALSE) -> 2.5 | AA65: =VLOOKUP($T65,$T$3:$AD$34,8,FALSE) -> 0 | AB65: =VLOOKUP($T65,$T$3:$AD$34,9,FALSE) -> 5 | AC65: =VLOOKUP($T65,$T$3:$AD$34,10,FALSE) -> 1 | AD65: =VLOOKUP($T65,$T$3:$AD$34,11,FALSE) -> 8
A66: 46052 | B66: FV4 | C66: CARIB4 | D66: 584 | E66: =IF(+(IF(D66<U66,0,IF(D66>V66,0,1)))=1,1,0) -> 1 | F66: 198.8 | G66: 200 | H66: =IF(+(IF(G66<W66,0,IF(G66>X66,0,1)))=1,1,0) -> 1 | K66: 1.96 | L66: =IF(+(IF(K66<AA66,0,IF(K66>AB66,0,1)))=1,1,0) -> 1 | M66: 5 | N66: =IF(+(IF(M66<AC66,0,IF(M66>AD66,0,1)))=1,1,0) -> 1 | T66: =LEFT(C66,9) -> CARIB4 | U66: =VLOOKUP($T66,$T$3:$AD$34,2,FALSE) -> 0 | V66: =VLOOKUP($T66,$T$3:$AD$34,3,FALSE) -> 1080 | W66: =$F66/1.1 -> 180.72727 | X66: =$F66*1.1 -> 218.68 | Y66: =VLOOKUP($T66,$T$3:$AD$34,6,FALSE) -> 1.7 | Z66: =VLOOKUP($T66,$T$3:$AD$34,7,FALSE) -> 2.5 | AA66: =VLOOKUP($T66,$T$3:$AD$34,8,FALSE) -> 0 | AB66: =VLOOKUP($T66,$T$3:$AD$34,9,FALSE) -> 5 | AC66: =VLOOKUP($T66,$T$3:$AD$34,10,FALSE) -> 1 | AD66: =VLOOKUP($T66,$T$3:$AD$34,11,FALSE) -> 8
A67: 46053 | B67: DPV10 | C67: CARIB8 | D67: 1284 | E67: =IF(+(IF(D67<U67,0,IF(D67>V67,0,1)))=1,1,0) -> 0 | F67: 380.8 | G67: 383 | H67: =IF(+(IF(G67<W67,0,IF(G67>X67,0,1)))=1,1,0) -> 1 | K67: 2.1 | L67: =IF(+(IF(K67<AA67,0,IF(K67>AB67,0,1)))=1,1,0) -> 1 | T67: =LEFT(C67,9) -> CARIB8 | U67: =VLOOKUP($T67,$T$3:$AD$34,2,FALSE) -> 0 | V67: =VLOOKUP($T67,$T$3:$AD$34,3,FALSE) -> 1080 | W67: =$F67/1.1 -> 346.18182 | X67: =$F67*1.1 -> 418.88 | Y67: =VLOOKUP($T67,$T$3:$AD$34,6,FALSE) -> 1.7 | Z67: =VLOOKUP($T67,$T$3:$AD$34,7,FALSE) -> 2.5 | AA67: =VLOOKUP($T67,$T$3:$AD$34,8,FALSE) -> 0 | AB67: =VLOOKUP($T67,$T$3:$AD$34,9,FALSE) -> 5 | AC67: =VLOOKUP($T67,$T$3:$AD$34,10,FALSE) -> 1 | AD67: =VLOOKUP($T67,$T$3:$AD$34,11,FALSE) -> 8
A68: 46053 | B68: FV3 | C68: CARIB4 | D68: 472 | E68: =IF(+(IF(D68<U68,0,IF(D68>V68,0,1)))=1,1,0) -> 1 | F68: 217.6 | G68: 218 | H68: =IF(+(IF(G68<W68,0,IF(G68>X68,0,1)))=1,1,0) -> 1 | K68: 1.38 | L68: =IF(+(IF(K68<AA68,0,IF(K68>AB68,0,1)))=1,1,0) -> 1 | T68: =LEFT(C68,9) -> CARIB4 | U68: =VLOOKUP($T68,$T$3:$AD$34,2,FALSE) -> 0 | V68: =VLOOKUP($T68,$T$3:$AD$34,3,FALSE) -> 1080 | W68: =$F68/1.1 -> 197.81818 | X68: =$F68*1.1 -> 239.36 | Y68: =VLOOKUP($T68,$T$3:$AD$34,6,FALSE) -> 1.7 | Z68: =VLOOKUP($T68,$T$3:$AD$34,7,FALSE) -> 2.5 | AA68: =VLOOKUP($T68,$T$3:$AD$34,8,FALSE) -> 0 | AB68: =VLOOKUP($T68,$T$3:$AD$34,9,FALSE) -> 5 | AC68: =VLOOKUP($T68,$T$3:$AD$34,10,FALSE) -> 1 | AD68: =VLOOKUP($T68,$T$3:$AD$34,11,FALSE) -> 8
T69: =LEFT(C69,9) | U69: =VLOOKUP($T69,$T$3:$AD$34,2,FALSE) -> #N/A | V69: =VLOOKUP($T69,$T$3:$AD$34,3,FALSE) -> #N/A | W69: =$F69/1.1 -> 0 | X69: =$F69*1.1 -> 0 | Y69: =VLOOKUP($T69,$T$3:$AD$34,6,FALSE) -> #N/A | Z69: =VLOOKUP($T69,$T$3:$AD$34,7,FALSE) -> #N/A | AA69: =VLOOKUP($T69,$T$3:$AD$34,8,FALSE) -> #N/A | AB69: =VLOOKUP($T69,$T$3:$AD$34,9,FALSE) -> #N/A | AC69: =VLOOKUP($T69,$T$3:$AD$34,10,FALSE) -> #N/A | AD69: =VLOOKUP($T69,$T$3:$AD$34,11,FALSE) -> #N/A
T70: =LEFT(C70,9) | U70: =VLOOKUP($T70,$T$3:$AD$34,2,FALSE) -> #N/A | V70: =VLOOKUP($T70,$T$3:$AD$34,3,FALSE) -> #N/A | W70: =$F70/1.1 -> 0 | X70: =$F70*1.1 -> 0 | Y70: =VLOOKUP($T70,$T$3:$AD$34,6,FALSE) -> #N/A | Z70: =VLOOKUP($T70,$T$3:$AD$34,7,FALSE) -> #N/A | AA70: =VLOOKUP($T70,$T$3:$AD$34,8,FALSE) -> #N/A | AB70: =VLOOKUP($T70,$T$3:$AD$34,9,FALSE) -> #N/A | AC70: =VLOOKUP($T70,$T$3:$AD$34,10,FALSE) -> #N/A | AD70: =VLOOKUP($T70,$T$3:$AD$34,11,FALSE) -> #N/A
C71: =COUNTA(C43:C70) -> 26 | D71: =((COUNTA(D47:D70))-COUNTIF(E47:E70,"<1"))/(COUNTA(D47:D70)) -> 0.5 | G71: =((COUNTA(G47:G70))-COUNTIF(H47:H70,"<1"))/(COUNTA(G47:G70)) -> 1 | I71: =((COUNTA(I43:I70))-COUNTIF(J43:J70,"<1"))/(COUNTA(I43:I70)) -> 0.94736842 | K71: =((COUNTA(K47:K70))-COUNTIF(L47:L70,"<1"))/(COUNTA(K47:K70)) -> 1 | M71: =((COUNTA(M43:M70))-COUNTIF(N43:N70,"<1"))/(COUNTA(M43:M70)) -> 0.82608696 | P71: =AVERAGE(P43:P70) -> 0.45 | T71: =LEFT(C71,9) -> 26 | U71: =VLOOKUP($T71,$T$3:$AD$34,2,FALSE) -> #N/A | V71: =VLOOKUP($T71,$T$3:$AD$34,3,FALSE) -> #N/A | W71: =$F71/1.1 -> 0 | X71: =$F71*1.1 -> 0 | Y71: =VLOOKUP($T71,$T$3:$AD$34,6,FALSE) -> #N/A | Z71: =VLOOKUP($T71,$T$3:$AD$34,7,FALSE) -> #N/A | AA71: =VLOOKUP($T71,$T$3:$AD$34,8,FALSE) -> #N/A | AB71: =VLOOKUP($T71,$T$3:$AD$34,9,FALSE) -> #N/A | AC71: =VLOOKUP($T71,$T$3:$AD$34,10,FALSE) -> #N/A | AD71: =VLOOKUP($T71,$T$3:$AD$34,11,FALSE) -> #N/A
T72: =LEFT(C72,9) | U72: =VLOOKUP($T72,$T$3:$AD$34,2,FALSE) -> #N/A | V72: =VLOOKUP($T72,$T$3:$AD$34,3,FALSE) -> #N/A | W72: =$F72/1.1 -> 0 | X72: =$F72*1.1 -> 0 | Y72: =VLOOKUP($T72,$T$3:$AD$34,6,FALSE) -> #N/A | Z72: =VLOOKUP($T72,$T$3:$AD$34,7,FALSE) -> #N/A | AA72: =VLOOKUP($T72,$T$3:$AD$34,8,FALSE) -> #N/A | AB72: =VLOOKUP($T72,$T$3:$AD$34,9,FALSE) -> #N/A | AC72: =VLOOKUP($T72,$T$3:$AD$34,10,FALSE) -> #N/A | AD72: =VLOOKUP($T72,$T$3:$AD$34,11,FALSE) -> #N/A
T73: =LEFT(C73,9) | U73: =VLOOKUP($T73,$T$3:$AD$34,2,FALSE) -> #N/A | V73: =VLOOKUP($T73,$T$3:$AD$34,3,FALSE) -> #N/A | W73: =$F73/1.1 -> 0 | X73: =$F73*1.1 -> 0 | Y73: =VLOOKUP($T73,$T$3:$AD$34,6,FALSE) -> #N/A | Z73: =VLOOKUP($T73,$T$3:$AD$34,7,FALSE) -> #N/A | AA73: =VLOOKUP($T73,$T$3:$AD$34,8,FALSE) -> #N/A | AB73: =VLOOKUP($T73,$T$3:$AD$34,9,FALSE) -> #N/A | AC73: =VLOOKUP($T73,$T$3:$AD$34,10,FALSE) -> #N/A | AD73: =VLOOKUP($T73,$T$3:$AD$34,11,FALSE) -> #N/A
A74: Date | B74: ID Number | C74: Product | D74: Filling time | F74: Lab Yeast dosage | G74: Yeast dosage Actual | I74: Fermentation speed | K74: Dead cells | M74: Yeast residence time (Yeast dosed) | O74: Harvest moment | P74: FTR | T74: =LEFT(C74,9) -> Product | U74: =VLOOKUP($T74,$T$3:$AD$34,2,FALSE) -> #N/A | V74: =VLOOKUP($T74,$T$3:$AD$34,3,FALSE) -> #N/A | W74: =$F74/1.1 -> #VALUE! | X74: =$F74*1.1 -> #VALUE! | Y74: =VLOOKUP($T74,$T$3:$AD$34,6,FALSE) -> #N/A | Z74: =VLOOKUP($T74,$T$3:$AD$34,7,FALSE) -> #N/A | AA74: =VLOOKUP($T74,$T$3:$AD$34,8,FALSE) -> #N/A | AB74: =VLOOKUP($T74,$T$3:$AD$34,9,FALSE) -> #N/A | AC74: =VLOOKUP($T74,$T$3:$AD$34,10,FALSE) -> #N/A | AD74: =VLOOKUP($T74,$T$3:$AD$34,11,FALSE) -> #N/A
A75: 46049 | B75: DPV9 | C75: STAG8 | D75: 1250 | E75: =IF(+(IF(D75<U75,0,IF(D75>V75,0,1)))=1,1,0) -> 0 | F75: 435.2 | G75: 436 | H75: =IF(+(IF(G75<W75,0,IF(G75>X75,0,1)))=1,1,0) -> 1 | K75: 2.9 | L75: =IF(+(IF(K75<AA75,0,IF(K75>AB75,0,1)))=1,1,0) -> 1 | M75: 10 | N75: =IF(+(IF(M75<AC75,0,IF(M75>AD75,0,1)))=1,1,0) -> 1 | P75: 0 | T75: =LEFT(C75,9) -> STAG8 | U75: =VLOOKUP($T75,$T$3:$AD$34,2,FALSE) -> 0 | V75: =VLOOKUP($T75,$T$3:$AD$34,3,FALSE) -> 1080 | W75: =$F75/1.1 -> 395.63636 | X75: =$F75*1.1 -> 478.72 | Y75: =VLOOKUP($T75,$T$3:$AD$34,6,FALSE) -> 1.8 | Z75: =VLOOKUP($T75,$T$3:$AD$34,7,FALSE) -> 2.7 | AA75: =VLOOKUP($T75,$T$3:$AD$34,8,FALSE) -> 0 | AB75: =VLOOKUP($T75,$T$3:$AD$34,9,FALSE) -> 5 | AC75: =VLOOKUP($T75,$T$3:$AD$34,10,FALSE) -> 1 | AD75: =VLOOKUP($T75,$T$3:$AD$34,11,FALSE) -> 11
A76: 46050 | B76: DPV11 | C76: STAG8 | D76: 1271 | E76: =IF(+(IF(D76<U76,0,IF(D76>V76,0,1)))=1,1,0) -> 0 | F76: 338.4 | G76: 339 | H76: =IF(+(IF(G76<W76,0,IF(G76>X76,0,1)))=1,1,0) -> 1 | K76: 2.9 | L76: =IF(+(IF(K76<AA76,0,IF(K76>AB76,0,1)))=1,1,0) -> 1 | M76: 5 | N76: =IF(+(IF(M76<AC76,0,IF(M76>AD76,0,1)))=1,1,0) -> 1 | P76: 0 | T76: =LEFT(C76,9) -> STAG8 | U76: =VLOOKUP($T76,$T$3:$AD$34,2,FALSE) -> 0 | V76: =VLOOKUP($T76,$T$3:$AD$34,3,FALSE) -> 1080 | W76: =$F76/1.1 -> 307.63636 | X76: =$F76*1.1 -> 372.24 | Y76: =VLOOKUP($T76,$T$3:$AD$34,6,FALSE) -> 1.8 | Z76: =VLOOKUP($T76,$T$3:$AD$34,7,FALSE) -> 2.7 | AA76: =VLOOKUP($T76,$T$3:$AD$34,8,FALSE) -> 0 | AB76: =VLOOKUP($T76,$T$3:$AD$34,9,FALSE) -> 5 | AC76: =VLOOKUP($T76,$T$3:$AD$34,10,FALSE) -> 1 | AD76: =VLOOKUP($T76,$T$3:$AD$34,11,FALSE) -> 11
A77: 46051 | B77: DPV4 | C77: CARIB4 | D77: 521 | E77: =IF(+(IF(D77<U77,0,IF(D77>V77,0,1)))=1,1,0) -> 1 | F77: 175.6 | G77: =104+71 -> 175 | H77: =IF(+(IF(G77<W77,0,IF(G77>X77,0,1)))=1,1,0) -> 1 | I77: 1.7 | J77: =IF(+(IF(I77<Y77,0,IF(I77>Z77,0,1)))=1,1,0) -> 1 | K77: 1.96 | L77: =IF(+(IF(K77<AA77,0,IF(K77>AB77,0,1)))=1,1,0) -> 1 | M77: 5 | N77: =IF(+(IF(M77<AC77,0,IF(M77>AD77,0,1)))=1,1,0) -> 1 | P77: =IF(+(IF(D77<U77,0,IF(D77>V77,0,1)))+(IF(G77<W77,0,IF(G77>X77,0,1)))+(IF(I77<Y77,0,IF(I77>Z77,0,1)))+(IF(K77<AA77,0,IF(K77>AB77,0,1)))+(IF(M77<AC77,0,IF(M77>AD77,0,1)))=5,1,0) -> 1 | T77: =LEFT(C77,9) -> CARIB4 | U77: =VLOOKUP($T77,$T$3:$AD$34,2,FALSE) -> 0 | V77: =VLOOKUP($T77,$T$3:$AD$34,3,FALSE) -> 1080 | W77: =$F77/1.1 -> 159.63636 | X77: =$F77*1.1 -> 193.16 | Y77: =VLOOKUP($T77,$T$3:$AD$34,6,FALSE) -> 1.7 | Z77: =VLOOKUP($T77,$T$3:$AD$34,7,FALSE) -> 2.5 | AA77: =VLOOKUP($T77,$T$3:$AD$34,8,FALSE) -> 0 | AB77: =VLOOKUP($T77,$T$3:$AD$34,9,FALSE) -> 5 | AC77: =VLOOKUP($T77,$T$3:$AD$34,10,FALSE) -> 1 | AD77: =VLOOKUP($T77,$T$3:$AD$34,11,FALSE) -> 8
A78: 46052 | B78: FV4 | C78: CARIB4 | D78: 584 | E78: =IF(+(IF(D78<U78,0,IF(D78>V78,0,1)))=1,1,0) -> 1 | F78: 198.8 | G78: 200 | H78: =IF(+(IF(G78<W78,0,IF(G78>X78,0,1)))=1,1,0) -> 1 | I78: 1.87 | J78: =IF(+(IF(I78<Y78,0,IF(I78>Z78,0,1)))=1,1,0) -> 1 | K78: 1.96 | L78: =IF(+(IF(K78<AA78,0,IF(K78>AB78,0,1)))=1,1,0) -> 1 | M78: 5 | N78: =IF(+(IF(M78<AC78,0,IF(M78>AD78,0,1)))=1,1,0) -> 1 | P78: =IF(+(IF(D78<U78,0,IF(D78>V78,0,1)))+(IF(G78<W78,0,IF(G78>X78,0,1)))+(IF(I78<Y78,0,IF(I78>Z78,0,1)))+(IF(K78<AA78,0,IF(K78>AB78,0,1)))+(IF(M78<AC78,0,IF(M78>AD78,0,1)))=5,1,0) -> 1 | T78: =LEFT(C78,9) -> CARIB4 | U78: =VLOOKUP($T78,$T$3:$AD$34,2,FALSE) -> 0 | V78: =VLOOKUP($T78,$T$3:$AD$34,3,FALSE) -> 1080 | W78: =$F78/1.1 -> 180.72727 | X78: =$F78*1.1 -> 218.68 | Y78: =VLOOKUP($T78,$T$3:$AD$34,6,FALSE) -> 1.7 | Z78: =VLOOKUP($T78,$T$3:$AD$34,7,FALSE) -> 2.5 | AA78: =VLOOKUP($T78,$T$3:$AD$34,8,FALSE) -> 0 | AB78: =VLOOKUP($T78,$T$3:$AD$34,9,FALSE) -> 5 | AC78: =VLOOKUP($T78,$T$3:$AD$34,10,FALSE) -> 1 | AD78: =VLOOKUP($T78,$T$3:$AD$34,11,FALSE) -> 8
A79: 46053 | B79: DPV10 | C79: CARIB8 | D79: 1284 | E79: =IF(+(IF(D79<U79,0,IF(D79>V79,0,1)))=1,1,0) -> 0 | F79: 380.8 | G79: 383 | H79: =IF(+(IF(G79<W79,0,IF(G79>X79,0,1)))=1,1,0) -> 1 | I79: 2.01 | J79: =IF(+(IF(I79<Y79,0,IF(I79>Z79,0,1)))=1,1,0) -> 1 | K79: 2.1 | L79: =IF(+(IF(K79<AA79,0,IF(K79>AB79,0,1)))=1,1,0) -> 1 | M79: 9 | N79: =IF(+(IF(M79<AC79,0,IF(M79>AD79,0,1)))=1,1,0) -> 0 | P79: =IF(+(IF(D79<U79,0,IF(D79>V79,0,1)))+(IF(G79<W79,0,IF(G79>X79,0,1)))+(IF(I79<Y79,0,IF(I79>Z79,0,1)))+(IF(K79<AA79,0,IF(K79>AB79,0,1)))+(IF(M79<AC79,0,IF(M79>AD79,0,1)))=5,1,0) -> 0 | T79: =LEFT(C79,9) -> CARIB8 | U79: =VLOOKUP($T79,$T$3:$AD$34,2,FALSE) -> 0 | V79: =VLOOKUP($T79,$T$3:$AD$34,3,FALSE) -> 1080 | W79: =$F79/1.1 -> 346.18182 | X79: =$F79*1.1 -> 418.88 | Y79: =VLOOKUP($T79,$T$3:$AD$34,6,FALSE) -> 1.7 | Z79: =VLOOKUP($T79,$T$3:$AD$34,7,FALSE) -> 2.5 | AA79: =VLOOKUP($T79,$T$3:$AD$34,8,FALSE) -> 0 | AB79: =VLOOKUP($T79,$T$3:$AD$34,9,FALSE) -> 5 | AC79: =VLOOKUP($T79,$T$3:$AD$34,10,FALSE) -> 1 | AD79: =VLOOKUP($T79,$T$3:$AD$34,11,FALSE) -> 8
A80: 46053 | B80: FV3 | C80: CARIB4 | D80: 472 | E80: =IF(+(IF(D80<U80,0,IF(D80>V80,0,1)))=1,1,0) -> 1 | F80: 217.6 | G80: 218 | H80: =IF(+(IF(G80<W80,0,IF(G80>X80,0,1)))=1,1,0) -> 1 | I80: 2.43 | J80: =IF(+(IF(I80<Y80,0,IF(I80>Z80,0,1)))=1,1,0) -> 1 | K80: 1.38 | L80: =IF(+(IF(K80<AA80,0,IF(K80>AB80,0,1)))=1,1,0) -> 1 | M80: 9 | N80: =IF(+(IF(M80<AC80,0,IF(M80>AD80,0,1)))=1,1,0) -> 0 | P80: =IF(+(IF(D80<U80,0,IF(D80>V80,0,1)))+(IF(G80<W80,0,IF(G80>X80,0,1)))+(IF(I80<Y80,0,IF(I80>Z80,0,1)))+(IF(K80<AA80,0,IF(K80>AB80,0,1)))+(IF(M80<AC80,0,IF(M80>AD80,0,1)))=5,1,0) -> 0 | T80: =LEFT(C80,9) -> CARIB4 | U80: =VLOOKUP($T80,$T$3:$AD$34,2,FALSE) -> 0 | V80: =VLOOKUP($T80,$T$3:$AD$34,3,FALSE) -> 1080 | W80: =$F80/1.1 -> 197.81818 | X80: =$F80*1.1 -> 239.36 | Y80: =VLOOKUP($T80,$T$3:$AD$34,6,FALSE) -> 1.7 | Z80: =VLOOKUP($T80,$T$3:$AD$34,7,FALSE) -> 2.5 | AA80: =VLOOKUP($T80,$T$3:$AD$34,8,FALSE) -> 0 | AB80: =VLOOKUP($T80,$T$3:$AD$34,9,FALSE) -> 5 | AC80: =VLOOKUP($T80,$T$3:$AD$34,10,FALSE) -> 1 | AD80: =VLOOKUP($T80,$T$3:$AD$34,11,FALSE) -> 8
A81: 46055 | B81: DPV6 | C81: STAG8 | D81: 1223 | E81: =IF(+(IF(D81<U81,0,IF(D81>V81,0,1)))=1,1,0) -> 0 | F81: 400 | G81: 400 | H81: =IF(+(IF(G81<W81,0,IF(G81>X81,0,1)))=1,1,0) -> 1 | I81: 1.68 | J81: =IF(+(IF(I81<Y81,0,IF(I81>Z81,0,1)))=1,1,0) -> 0 | K81: 1.38 | L81: =IF(+(IF(K81<AA81,0,IF(K81>AB81,0,1)))=1,1,0) -> 1 | M81: 7 | N81: =IF(+(IF(M81<AC81,0,IF(M81>AD81,0,1)))=1,1,0) -> 1 | P81: =IF(+(IF(D81<U81,0,IF(D81>V81,0,1)))+(IF(G81<W81,0,IF(G81>X81,0,1)))+(IF(I81<Y81,0,IF(I81>Z81,0,1)))+(IF(K81<AA81,0,IF(K81>AB81,0,1)))+(IF(M81<AC81,0,IF(M81>AD81,0,1)))=5,1,0) -> 0 | T81: =LEFT(C81,9) -> STAG8 | U81: =VLOOKUP($T81,$T$3:$AD$34,2,FALSE) -> 0 | V81: =VLOOKUP($T81,$T$3:$AD$34,3,FALSE) -> 1080 | W81: =$F81/1.1 -> 363.63636 | X81: =$F81*1.1 -> 440 | Y81: =VLOOKUP($T81,$T$3:$AD$34,6,FALSE) -> 1.8 | Z81: =VLOOKUP($T81,$T$3:$AD$34,7,FALSE) -> 2.7 | AA81: =VLOOKUP($T81,$T$3:$AD$34,8,FALSE) -> 0 | AB81: =VLOOKUP($T81,$T$3:$AD$34,9,FALSE) -> 5 | AC81: =VLOOKUP($T81,$T$3:$AD$34,10,FALSE) -> 1 | AD81: =VLOOKUP($T81,$T$3:$AD$34,11,FALSE) -> 11
A82: 46056 | B82: DPV5 | C82: CARIB8 | D82: 1241 | E82: =IF(+(IF(D82<U82,0,IF(D82>V82,0,1)))=1,1,0) -> 0 | F82: 315.2 | G82: 316 | H82: =IF(+(IF(G82<W82,0,IF(G82>X82,0,1)))=1,1,0) -> 1 | I82: 1.95 | J82: =IF(+(IF(I82<Y82,0,IF(I82>Z82,0,1)))=1,1,0) -> 1 | K82: 2.34 | L82: =IF(+(IF(K82<AA82,0,IF(K82>AB82,0,1)))=1,1,0) -> 1 | M82: 9 | N82: =IF(+(IF(M82<AC82,0,IF(M82>AD82,0,1)))=1,1,0) -> 0 | P82: =IF(+(IF(D82<U82,0,IF(D82>V82,0,1)))+(IF(G82<W82,0,IF(G82>X82,0,1)))+(IF(I82<Y82,0,IF(I82>Z82,0,1)))+(IF(K82<AA82,0,IF(K82>AB82,0,1)))+(IF(M82<AC82,0,IF(M82>AD82,0,1)))=5,1,0) -> 0 | T82: =LEFT(C82,9) -> CARIB8 | U82: =VLOOKUP($T82,$T$3:$AD$34,2,FALSE) -> 0 | V82: =VLOOKUP($T82,$T$3:$AD$34,3,FALSE) -> 1080 | W82: =$F82/1.1 -> 286.54545 | X82: =$F82*1.1 -> 346.72 | Y82: =VLOOKUP($T82,$T$3:$AD$34,6,FALSE) -> 1.7 | Z82: =VLOOKUP($T82,$T$3:$AD$34,7,FALSE) -> 2.5 | AA82: =VLOOKUP($T82,$T$3:$AD$34,8,FALSE) -> 0 | AB82: =VLOOKUP($T82,$T$3:$AD$34,9,FALSE) -> 5 | AC82: =VLOOKUP($T82,$T$3:$AD$34,10,FALSE) -> 1 | AD82: =VLOOKUP($T82,$T$3:$AD$34,11,FALSE) -> 8
A83: 46057 | B83: DPV8 | C83: CARIB8 | D83: 1354 | E83: =IF(+(IF(D83<U83,0,IF(D83>V83,0,1)))=1,1,0) -> 0 | F83: 365.6 | G83: =203+163 -> 366 | H83: =IF(+(IF(G83<W83,0,IF(G83>X83,0,1)))=1,1,0) -> 1 | I83: 2.38 | J83: =IF(+(IF(I83<Y83,0,IF(I83>Z83,0,1)))=1,1,0) -> 1 | K83: 1.55 | L83: =IF(+(IF(K83<AA83,0,IF(K83>AB83,0,1)))=1,1,0) -> 1 | M83: 9 | N83: =IF(+(IF(M83<AC83,0,IF(M83>AD83,0,1)))=1,1,0) -> 0 | P83: =IF(+(IF(D83<U83,0,IF(D83>V83,0,1)))+(IF(G83<W83,0,IF(G83>X83,0,1)))+(IF(I83<Y83,0,IF(I83>Z83,0,1)))+(IF(K83<AA83,0,IF(K83>AB83,0,1)))+(IF(M83<AC83,0,IF(M83>AD83,0,1)))=5,1,0) -> 0 | T83: =LEFT(C83,9) -> CARIB8 | U83: =VLOOKUP($T83,$T$3:$AD$34,2,FALSE) -> 0 | V83: =VLOOKUP($T83,$T$3:$AD$34,3,FALSE) -> 1080 | W83: =$F83/1.1 -> 332.36364 | X83: =$F83*1.1 -> 402.16 | Y83: =VLOOKUP($T83,$T$3:$AD$34,6,FALSE) -> 1.7 | Z83: =VLOOKUP($T83,$T$3:$AD$34,7,FALSE) -> 2.5 | AA83: =VLOOKUP($T83,$T$3:$AD$34,8,FALSE) -> 0 | AB83: =VLOOKUP($T83,$T$3:$AD$34,9,FALSE) -> 5 | AC83: =VLOOKUP($T83,$T$3:$AD$34,10,FALSE) -> 1 | AD83: =VLOOKUP($T83,$T$3:$AD$34,11,FALSE) -> 8
A84: 46058 | B84: DPV3 | C84: STAG4 | D84: 578 | E84: =IF(+(IF(D84<U84,0,IF(D84>V84,0,1)))=1,1,0) -> 1 | F84: 190.4 | G84: 195 | H84: =IF(+(IF(G84<W84,0,IF(G84>X84,0,1)))=1,1,0) -> 1 | I84: 1.53 | J84: =IF(+(IF(I84<Y84,0,IF(I84>Z84,0,1)))=1,1,0) -> 0 | K84: 0 | L84: =IF(+(IF(K84<AA84,0,IF(K84>AB84,0,1)))=1,1,0) -> 1 | M84: 11 | N84: =IF(+(IF(M84<AC84,0,IF(M84>AD84,0,1)))=1,1,0) -> 1 | P84: =IF(+(IF(D84<U84,0,IF(D84>V84,0,1)))+(IF(G84<W84,0,IF(G84>X84,0,1)))+(IF(I84<Y84,0,IF(I84>Z84,0,1)))+(IF(K84<AA84,0,IF(K84>AB84,0,1)))+(IF(M84<AC84,0,IF(M84>AD84,0,1)))=5,1,0) -> 0 | T84: =LEFT(C84,9) -> STAG4 | U84: =VLOOKUP($T84,$T$3:$AD$34,2,FALSE) -> 0 | V84: =VLOOKUP($T84,$T$3:$AD$34,3,FALSE) -> 1080 | W84: =$F84/1.1 -> 173.09091 | X84: =$F84*1.1 -> 209.44 | Y84: =VLOOKUP($T84,$T$3:$AD$34,6,FALSE) -> 1.8 | Z84: =VLOOKUP($T84,$T$3:$AD$34,7,FALSE) -> 2.7 | AA84: =VLOOKUP($T84,$T$3:$AD$34,8,FALSE) -> 0 | AB84: =VLOOKUP($T84,$T$3:$AD$34,9,FALSE) -> 5 | AC84: =VLOOKUP($T84,$T$3:$AD$34,10,FALSE) -> 1 | AD84: =VLOOKUP($T84,$T$3:$AD$34,11,FALSE) -> 11
A85: 46059 | B85: DPV1 | C85: STAG4 | D85: 544 | E85: =IF(+(IF(D85<U85,0,IF(D85>V85,0,1)))=1,1,0) -> 1 | F85: 190.4 | G85: 195 | H85: =IF(+(IF(G85<W85,0,IF(G85>X85,0,1)))=1,1,0) -> 1 | K85: 0 | L85: =IF(+(IF(K85<AA85,0,IF(K85>AB85,0,1)))=1,1,0) -> 1 | M85: 10 | N85: =IF(+(IF(M85<AC85,0,IF(M85>AD85,0,1)))=1,1,0) -> 1 | P85: 1 | T85: =LEFT(C85,9) -> STAG4 | U85: =VLOOKUP($T85,$T$3:$AD$34,2,FALSE) -> 0 | V85: =VLOOKUP($T85,$T$3:$AD$34,3,FALSE) -> 1080 | W85: =$F85/1.1 -> 173.09091 | X85: =$F85*1.1 -> 209.44 | Y85: =VLOOKUP($T85,$T$3:$AD$34,6,FALSE) -> 1.8 | Z85: =VLOOKUP($T85,$T$3:$AD$34,7,FALSE) -> 2.7 | AA85: =VLOOKUP($T85,$T$3:$AD$34,8,FALSE) -> 0 | AB85: =VLOOKUP($T85,$T$3:$AD$34,9,FALSE) -> 5 | AC85: =VLOOKUP($T85,$T$3:$AD$34,10,FALSE) -> 1 | AD85: =VLOOKUP($T85,$T$3:$AD$34,11,FALSE) -> 11
A86: 46059 | B86: DPV2 | C86: STAG4 | D86: 516 | E86: =IF(+(IF(D86<U86,0,IF(D86>V86,0,1)))=1,1,0) -> 1 | F86: 175.6 | G86: 176 | H86: =IF(+(IF(G86<W86,0,IF(G86>X86,0,1)))=1,1,0) -> 1 | I86: 2.162 | J86: =IF(+(IF(I86<Y86,0,IF(I86>Z86,0,1)))=1,1,0) -> 1 | M86: 14 | N86: =IF(+(IF(M86<AC86,0,IF(M86>AD86,0,1)))=1,1,0) -> 0 | P86: =IF(+(IF(D86<U86,0,IF(D86>V86,0,1)))+(IF(G86<W86,0,IF(G86>X86,0,1)))+(IF(I86<Y86,0,IF(I86>Z86,0,1)))+(IF(K86<AA86,0,IF(K86>AB86,0,1)))+(IF(M86<AC86,0,IF(M86>AD86,0,1)))=5,1,0) -> 0 | T86: =LEFT(C86,9) -> STAG4 | U86: =VLOOKUP($T86,$T$3:$AD$34,2,FALSE) -> 0 | V86: =VLOOKUP($T86,$T$3:$AD$34,3,FALSE) -> 1080 | W86: =$F86/1.1 -> 159.63636 | X86: =$F86*1.1 -> 193.16 | Y86: =VLOOKUP($T86,$T$3:$AD$34,6,FALSE) -> 1.8 | Z86: =VLOOKUP($T86,$T$3:$AD$34,7,FALSE) -> 2.7 | AA86: =VLOOKUP($T86,$T$3:$AD$34,8,FALSE) -> 0 | AB86: =VLOOKUP($T86,$T$3:$AD$34,9,FALSE) -> 5 | AC86: =VLOOKUP($T86,$T$3:$AD$34,10,FALSE) -> 1 | AD86: =VLOOKUP($T86,$T$3:$AD$34,11,FALSE) -> 11
A87: 46065 | B87: FV1 | C87: CARIB2 | D87: =60+65 -> 125 | E87: =IF(+(IF(D87<U87,0,IF(D87>V87,0,1)))=1,1,0) -> 1 | F87: YPV | I87: 2.31 | J87: =IF(+(IF(I87<Y87,0,IF(I87>Z87,0,1)))=1,1,0) -> 1 | K87: YPV | M87: 6 | N87: =IF(+(IF(M87<AC87,0,IF(M87>AD87,0,1)))=1,1,0) -> 1 | P87: 1 | T87: =LEFT(C87,9) -> CARIB2 | U87: =VLOOKUP($T87,$T$3:$AD$34,2,FALSE) -> 0 | V87: =VLOOKUP($T87,$T$3:$AD$34,3,FALSE) -> 1080 | W87: =$F87/1.1 -> #VALUE! | X87: =$F87*1.1 -> #VALUE! | Y87: =VLOOKUP($T87,$T$3:$AD$34,6,FALSE) -> 1.7 | Z87: =VLOOKUP($T87,$T$3:$AD$34,7,FALSE) -> 2.5 | AA87: =VLOOKUP($T87,$T$3:$AD$34,8,FALSE) -> 0 | AB87: =VLOOKUP($T87,$T$3:$AD$34,9,FALSE) -> 5 | AC87: =VLOOKUP($T87,$T$3:$AD$34,10,FALSE) -> 1 | AD87: =VLOOKUP($T87,$T$3:$AD$34,11,FALSE) -> 8
A88: 46063 | B88: DPV7 | C88: STAG8 | D88: 1148 | E88: =IF(+(IF(D88<U88,0,IF(D88>V88,0,1)))=1,1,0) -> 0 | F88: 365.6 | G88: 367 | H88: =IF(+(IF(G88<W88,0,IF(G88>X88,0,1)))=1,1,0) -> 1 | I88: 1.8 | J88: =IF(+(IF(I88<Y88,0,IF(I88>Z88,0,1)))=1,1,0) -> 1 | K88: 1.7 | L88: =IF(+(IF(K88<AA88,0,IF(K88>AB88,0,1)))=1,1,0) -> 1 | M88: 13 | N88: =IF(+(IF(M88<AC88,0,IF(M88>AD88,0,1)))=1,1,0) -> 0 | P88: =IF(+(IF(D88<U88,0,IF(D88>V88,0,1)))+(IF(G88<W88,0,IF(G88>X88,0,1)))+(IF(I88<Y88,0,IF(I88>Z88,0,1)))+(IF(K88<AA88,0,IF(K88>AB88,0,1)))+(IF(M88<AC88,0,IF(M88>AD88,0,1)))=5,1,0) -> 0 | T88: =LEFT(C88,9) -> STAG8 | U88: =VLOOKUP($T88,$T$3:$AD$34,2,FALSE) -> 0 | V88: =VLOOKUP($T88,$T$3:$AD$34,3,FALSE) -> 1080 | W88: =$F88/1.1 -> 332.36364 | X88: =$F88*1.1 -> 402.16 | Y88: =VLOOKUP($T88,$T$3:$AD$34,6,FALSE) -> 1.8 | Z88: =VLOOKUP($T88,$T$3:$AD$34,7,FALSE) -> 2.7 | AA88: =VLOOKUP($T88,$T$3:$AD$34,8,FALSE) -> 0 | AB88: =VLOOKUP($T88,$T$3:$AD$34,9,FALSE) -> 5 | AC88: =VLOOKUP($T88,$T$3:$AD$34,10,FALSE) -> 1 | AD88: =VLOOKUP($T88,$T$3:$AD$34,11,FALSE) -> 11
A89: 46064 | B89: DPV11 | C89: GUINNESS8 | D89: 1759 | E89: =IF(+(IF(D89<U89,0,IF(D89>V89,0,1)))=1,1,0) -> 0 | F89: 499.2 | G89: 501 | H89: =IF(+(IF(G89<W89,0,IF(G89>X89,0,1)))=1,1,0) -> 1 | I89: 3.5 | J89: =IF(+(IF(I89<Y89,0,IF(I89>Z89,0,1)))=1,1,0) -> 1 | K89: 2.45 | L89: =IF(+(IF(K89<AA89,0,IF(K89>AB89,0,1)))=1,1,0) -> 1 | M89: 5 | N89: =IF(+(IF(M89<AC89,0,IF(M89>AD89,0,1)))=1,1,0) -> 1 | P89: =IF(+(IF(D89<U89,0,IF(D89>V89,0,1)))+(IF(G89<W89,0,IF(G89>X89,0,1)))+(IF(I89<Y89,0,IF(I89>Z89,0,1)))+(IF(K89<AA89,0,IF(K89>AB89,0,1)))+(IF(M89<AC89,0,IF(M89>AD89,0,1)))=5,1,0) -> 0 | T89: =LEFT(C89,9) -> GUINNESS8 | U89: =VLOOKUP($T89,$T$3:$AD$34,2,FALSE) -> 0 | V89: =VLOOKUP($T89,$T$3:$AD$34,3,FALSE) -> 1080 | W89: =$F89/1.1 -> 453.81818 | X89: =$F89*1.1 -> 549.12 | Y89: =VLOOKUP($T89,$T$3:$AD$34,6,FALSE) -> 3 | Z89: =VLOOKUP($T89,$T$3:$AD$34,7,FALSE) -> 5 | AA89: =VLOOKUP($T89,$T$3:$AD$34,8,FALSE) -> 0 | AB89: =VLOOKUP($T89,$T$3:$AD$34,9,FALSE) -> 5 | AC89: =VLOOKUP($T89,$T$3:$AD$34,10,FALSE) -> 1 | AD89: =VLOOKUP($T89,$T$3:$AD$34,11,FALSE) -> 6
A90: 46066 | B90: DPV9 | C90: CARIB8 | D90: 1495 | E90: =IF(+(IF(D90<U90,0,IF(D90>V90,0,1)))=1,1,0) -> 0 | F90: 435.2 | G90: 437 | H90: =IF(+(IF(G90<W90,0,IF(G90>X90,0,1)))=1,1,0) -> 1 | I90: 2.48 | J90: =IF(+(IF(I90<Y90,0,IF(I90>Z90,0,1)))=1,1,0) -> 1 | K90: 2.4 | L90: =IF(+(IF(K90<AA90,0,IF(K90>AB90,0,1)))=1,1,0) -> 1 | M90: 4 | N90: =IF(+(IF(M90<AC90,0,IF(M90>AD90,0,1)))=1,1,0) -> 1 | P90: =IF(+(IF(D90<U90,0,IF(D90>V90,0,1)))+(IF(G90<W90,0,IF(G90>X90,0,1)))+(IF(I90<Y90,0,IF(I90>Z90,0,1)))+(IF(K90<AA90,0,IF(K90>AB90,0,1)))+(IF(M90<AC90,0,IF(M90>AD90,0,1)))=5,1,0) -> 0 | T90: =LEFT(C90,9) -> CARIB8 | U90: =VLOOKUP($T90,$T$3:$AD$34,2,FALSE) -> 0 | V90: =VLOOKUP($T90,$T$3:$AD$34,3,FALSE) -> 1080 | W90: =$F90/1.1 -> 395.63636 | X90: =$F90*1.1 -> 478.72 | Y90: =VLOOKUP($T90,$T$3:$AD$34,6,FALSE) -> 1.7 | Z90: =VLOOKUP($T90,$T$3:$AD$34,7,FALSE) -> 2.5 | AA90: =VLOOKUP($T90,$T$3:$AD$34,8,FALSE) -> 0 | AB90: =VLOOKUP($T90,$T$3:$AD$34,9,FALSE) -> 5 | AC90: =VLOOKUP($T90,$T$3:$AD$34,10,FALSE) -> 1 | AD90: =VLOOKUP($T90,$T$3:$AD$34,11,FALSE) -> 8
A91: 46066 | B91: FV5 | C91: CARIB2 | D91: 159 | E91: =IF(+(IF(D91<U91,0,IF(D91>V91,0,1)))=1,1,0) -> 1 | F91: 87.8 | G91: 88 | H91: =IF(+(IF(G91<W91,0,IF(G91>X91,0,1)))=1,1,0) -> 1 | I91: 2.35 | J91: =IF(+(IF(I91<Y91,0,IF(I91>Z91,0,1)))=1,1,0) -> 1 | K91: 3.75 | L91: =IF(+(IF(K91<AA91,0,IF(K91>AB91,0,1)))=1,1,0) -> 1 | M91: 7 | N91: =IF(+(IF(M91<AC91,0,IF(M91>AD91,0,1)))=1,1,0) -> 1 | P91: =IF(+(IF(D91<U91,0,IF(D91>V91,0,1)))+(IF(G91<W91,0,IF(G91>X91,0,1)))+(IF(I91<Y91,0,IF(I91>Z91,0,1)))+(IF(K91<AA91,0,IF(K91>AB91,0,1)))+(IF(M91<AC91,0,IF(M91>AD91,0,1)))=5,1,0) -> 1 | T91: =LEFT(C91,9) -> CARIB2 | U91: =VLOOKUP($T91,$T$3:$AD$34,2,FALSE) -> 0 | V91: =VLOOKUP($T91,$T$3:$AD$34,3,FALSE) -> 1080 | W91: =$F91/1.1 -> 79.818182 | X91: =$F91*1.1 -> 96.58 | Y91: =VLOOKUP($T91,$T$3:$AD$34,6,FALSE) -> 1.7 | Z91: =VLOOKUP($T91,$T$3:$AD$34,7,FALSE) -> 2.5 | AA91: =VLOOKUP($T91,$T$3:$AD$34,8,FALSE) -> 0 | AB91: =VLOOKUP($T91,$T$3:$AD$34,9,FALSE) -> 5 | AC91: =VLOOKUP($T91,$T$3:$AD$34,10,FALSE) -> 1 | AD91: =VLOOKUP($T91,$T$3:$AD$34,11,FALSE) -> 8
A92: 46070 | B92: DPV10 | C92: CARIB8 | D92: 1536 | E92: =IF(+(IF(D92<U92,0,IF(D92>V92,0,1)))=1,1,0) -> 0 | F92: 456.8 | G92: 457 | H92: =IF(+(IF(G92<W92,0,IF(G92>X92,0,1)))=1,1,0) -> 1 | I92: 1.92 | J92: =IF(+(IF(I92<Y92,0,IF(I92>Z92,0,1)))=1,1,0) -> 1 | K92: 3.75 | L92: =IF(+(IF(K92<AA92,0,IF(K92>AB92,0,1)))=1,1,0) -> 1 | M92: 6 | N92: =IF(+(IF(M92<AC92,0,IF(M92>AD92,0,1)))=1,1,0) -> 1 | P92: =IF(+(IF(D92<U92,0,IF(D92>V92,0,1)))+(IF(G92<W92,0,IF(G92>X92,0,1)))+(IF(I92<Y92,0,IF(I92>Z92,0,1)))+(IF(K92<AA92,0,IF(K92>AB92,0,1)))+(IF(M92<AC92,0,IF(M92>AD92,0,1)))=5,1,0) -> 0 | T92: =LEFT(C92,9) -> CARIB8 | U92: =VLOOKUP($T92,$T$3:$AD$34,2,FALSE) -> 0 | V92: =VLOOKUP($T92,$T$3:$AD$34,3,FALSE) -> 1080 | W92: =$F92/1.1 -> 415.27273 | X92: =$F92*1.1 -> 502.48 | Y92: =VLOOKUP($T92,$T$3:$AD$34,6,FALSE) -> 1.7 | Z92: =VLOOKUP($T92,$T$3:$AD$34,7,FALSE) -> 2.5 | AA92: =VLOOKUP($T92,$T$3:$AD$34,8,FALSE) -> 0 | AB92: =VLOOKUP($T92,$T$3:$AD$34,9,FALSE) -> 5 | AC92: =VLOOKUP($T92,$T$3:$AD$34,10,FALSE) -> 1 | AD92: =VLOOKUP($T92,$T$3:$AD$34,11,FALSE) -> 8
A93: 46071 | B93: DPV11 | C93: CARIB8 | D93: 1456 | E93: =IF(+(IF(D93<U93,0,IF(D93>V93,0,1)))=1,1,0) -> 0 | F93: 397.6 | G93: 399 | H93: =IF(+(IF(G93<W93,0,IF(G93>X93,0,1)))=1,1,0) -> 1 | K93: 2.5 | L93: =IF(+(IF(K93<AA93,0,IF(K93>AB93,0,1)))=1,1,0) -> 1 | M93: 7 | N93: =IF(+(IF(M93<AC93,0,IF(M93>AD93,0,1)))=1,1,0) -> 1 | P93: =IF(+(IF(D93<U93,0,IF(D93>V93,0,1)))+(IF(G93<W93,0,IF(G93>X93,0,1)))+(IF(I93<Y93,0,IF(I93>Z93,0,1)))+(IF(K93<AA93,0,IF(K93>AB93,0,1)))+(IF(M93<AC93,0,IF(M93>AD93,0,1)))=5,1,0) -> 0 | T93: =LEFT(C93,9) -> CARIB8 | U93: =VLOOKUP($T93,$T$3:$AD$34,2,FALSE) -> 0 | V93: =VLOOKUP($T93,$T$3:$AD$34,3,FALSE) -> 1080 | W93: =$F93/1.1 -> 361.45455 | X93: =$F93*1.1 -> 437.36 | Y93: =VLOOKUP($T93,$T$3:$AD$34,6,FALSE) -> 1.7 | Z93: =VLOOKUP($T93,$T$3:$AD$34,7,FALSE) -> 2.5 | AA93: =VLOOKUP($T93,$T$3:$AD$34,8,FALSE) -> 0 | AB93: =VLOOKUP($T93,$T$3:$AD$34,9,FALSE) -> 5 | AC93: =VLOOKUP($T93,$T$3:$AD$34,10,FALSE) -> 1 | AD93: =VLOOKUP($T93,$T$3:$AD$34,11,FALSE) -> 8
A94: 46072 | B94: FV4 | C94: CARIB4 | D94: 539 | E94: =IF(+(IF(D94<U94,0,IF(D94>V94,0,1)))=1,1,0) -> 1 | F94: 175.8 | G94: 177 | H94: =IF(+(IF(G94<W94,0,IF(G94>X94,0,1)))=1,1,0) -> 1 | K94: 0 | L94: =IF(+(IF(K94<AA94,0,IF(K94>AB94,0,1)))=1,1,0) -> 1 | M94: 5 | N94: =IF(+(IF(M94<AC94,0,IF(M94>AD94,0,1)))=1,1,0) -> 1 | P94: 1 | T94: =LEFT(C94,9) -> CARIB4 | U94: =VLOOKUP($T94,$T$3:$AD$34,2,FALSE) -> 0 | V94: =VLOOKUP($T94,$T$3:$AD$34,3,FALSE) -> 1080 | W94: =$F94/1.1 -> 159.81818 | X94: =$F94*1.1 -> 193.38 | Y94: =VLOOKUP($T94,$T$3:$AD$34,6,FALSE) -> 1.7 | Z94: =VLOOKUP($T94,$T$3:$AD$34,7,FALSE) -> 2.5 | AA94: =VLOOKUP($T94,$T$3:$AD$34,8,FALSE) -> 0 | AB94: =VLOOKUP($T94,$T$3:$AD$34,9,FALSE) -> 5 | AC94: =VLOOKUP($T94,$T$3:$AD$34,10,FALSE) -> 1 | AD94: =VLOOKUP($T94,$T$3:$AD$34,11,FALSE) -> 8
A95: 46072 | B95: DPV4 | C95: STAG4 | D95: 527 | E95: =IF(+(IF(D95<U95,0,IF(D95>V95,0,1)))=1,1,0) -> 1 | F95: 190.4 | G95: 192 | H95: =IF(+(IF(G95<W95,0,IF(G95>X95,0,1)))=1,1,0) -> 1 | K95: 0.79 | L95: =IF(+(IF(K95<AA95,0,IF(K95>AB95,0,1)))=1,1,0) -> 1 | T95: =LEFT(C95,9) -> STAG4 | U95: =VLOOKUP($T95,$T$3:$AD$34,2,FALSE) -> 0 | V95: =VLOOKUP($T95,$T$3:$AD$34,3,FALSE) -> 1080 | W95: =$F95/1.1 -> 173.09091 | X95: =$F95*1.1 -> 209.44 | Y95: =VLOOKUP($T95,$T$3:$AD$34,6,FALSE) -> 1.8 | Z95: =VLOOKUP($T95,$T$3:$AD$34,7,FALSE) -> 2.7 | AA95: =VLOOKUP($T95,$T$3:$AD$34,8,FALSE) -> 0 | AB95: =VLOOKUP($T95,$T$3:$AD$34,9,FALSE) -> 5 | AC95: =VLOOKUP($T95,$T$3:$AD$34,10,FALSE) -> 1 | AD95: =VLOOKUP($T95,$T$3:$AD$34,11,FALSE) -> 11
A96: 46074 | B96: DPV6 | C96: STAG8 | D96: 2493 | E96: =IF(+(IF(D96<U96,0,IF(D96>V96,0,1)))=1,1,0) -> 0 | F96: 326.4 | G96: =270+57 -> 327 | H96: =IF(+(IF(G96<W96,0,IF(G96>X96,0,1)))=1,1,0) -> 1 | I96: 2.058 | J96: =IF(+(IF(I96<Y96,0,IF(I96>Z96,0,1)))=1,1,0) -> 1 | K96: 0.79 | L96: =IF(+(IF(K96<AA96,0,IF(K96>AB96,0,1)))=1,1,0) -> 1 | T96: =LEFT(C96,9) -> STAG8 | U96: =VLOOKUP($T96,$T$3:$AD$34,2,FALSE) -> 0 | V96: =VLOOKUP($T96,$T$3:$AD$34,3,FALSE) -> 1080 | W96: =$F96/1.1 -> 296.72727 | X96: =$F96*1.1 -> 359.04 | Y96: =VLOOKUP($T96,$T$3:$AD$34,6,FALSE) -> 1.8 | Z96: =VLOOKUP($T96,$T$3:$AD$34,7,FALSE) -> 2.7 | AA96: =VLOOKUP($T96,$T$3:$AD$34,8,FALSE) -> 0 | AB96: =VLOOKUP($T96,$T$3:$AD$34,9,FALSE) -> 5 | AC96: =VLOOKUP($T96,$T$3:$AD$34,10,FALSE) -> 1 | AD96: =VLOOKUP($T96,$T$3:$AD$34,11,FALSE) -> 11
A97: 46077 | B97: FV2 | C97: STAG2 | D97: =58+54 -> 112 | E97: =IF(+(IF(D97<U97,0,IF(D97>V97,0,1)))=1,1,0) -> 1 | F97: YPV | K97: YPV | T97: =LEFT(C97,9) -> STAG2 | U97: =VLOOKUP($T97,$T$3:$AD$34,2,FALSE) -> 0 | V97: =VLOOKUP($T97,$T$3:$AD$34,3,FALSE) -> 1080 | W97: =$F97/1.1 -> #VALUE! | X97: =$F97*1.1 -> #VALUE! | Y97: =VLOOKUP($T97,$T$3:$AD$34,6,FALSE) -> 1.8 | Z97: =VLOOKUP($T97,$T$3:$AD$34,7,FALSE) -> 2.7 | AA97: =VLOOKUP($T97,$T$3:$AD$34,8,FALSE) -> 0 | AB97: =VLOOKUP($T97,$T$3:$AD$34,9,FALSE) -> 5 | AC97: =VLOOKUP($T97,$T$3:$AD$34,10,FALSE) -> 1 | AD97: =VLOOKUP($T97,$T$3:$AD$34,11,FALSE) -> 11
A98: 46078 | B98: DPV5 | C98: CARIB8 | D98: 1199 | E98: =IF(+(IF(D98<U98,0,IF(D98>V98,0,1)))=1,1,0) -> 0 | F98: 315.2 | G98: 317 | H98: =IF(+(IF(G98<W98,0,IF(G98>X98,0,1)))=1,1,0) -> 1 | I98: 1.96 | J98: =IF(+(IF(I98<Y98,0,IF(I98>Z98,0,1)))=1,1,0) -> 1 | K98: 1 | L98: =IF(+(IF(K98<AA98,0,IF(K98>AB98,0,1)))=1,1,0) -> 1 | T98: =LEFT(C98,9) -> CARIB8 | U98: =VLOOKUP($T98,$T$3:$AD$34,2,FALSE) -> 0 | V98: =VLOOKUP($T98,$T$3:$AD$34,3,FALSE) -> 1080 | W98: =$F98/1.1 -> 286.54545 | X98: =$F98*1.1 -> 346.72 | Y98: =VLOOKUP($T98,$T$3:$AD$34,6,FALSE) -> 1.7 | Z98: =VLOOKUP($T98,$T$3:$AD$34,7,FALSE) -> 2.5 | AA98: =VLOOKUP($T98,$T$3:$AD$34,8,FALSE) -> 0 | AB98: =VLOOKUP($T98,$T$3:$AD$34,9,FALSE) -> 5 | AC98: =VLOOKUP($T98,$T$3:$AD$34,10,FALSE) -> 1 | AD98: =VLOOKUP($T98,$T$3:$AD$34,11,FALSE) -> 8
A99: 46079 | B99: DPV7 | C99: CARIB8 | D99: 1665 | E99: =IF(+(IF(D99<U99,0,IF(D99>V99,0,1)))=1,1,0) -> 0 | F99: 365.6 | G99: 366 | H99: =IF(+(IF(G99<W99,0,IF(G99>X99,0,1)))=1,1,0) -> 1 | K99: 2.95 | L99: =IF(+(IF(K99<AA99,0,IF(K99>AB99,0,1)))=1,1,0) -> 1 | T99: =LEFT(C99,9) -> CARIB8 | U99: =VLOOKUP($T99,$T$3:$AD$34,2,FALSE) -> 0 | V99: =VLOOKUP($T99,$T$3:$AD$34,3,FALSE) -> 1080 | W99: =$F99/1.1 -> 332.36364 | X99: =$F99*1.1 -> 402.16 | Y99: =VLOOKUP($T99,$T$3:$AD$34,6,FALSE) -> 1.7 | Z99: =VLOOKUP($T99,$T$3:$AD$34,7,FALSE) -> 2.5 | AA99: =VLOOKUP($T99,$T$3:$AD$34,8,FALSE) -> 0 | AB99: =VLOOKUP($T99,$T$3:$AD$34,9,FALSE) -> 5 | AC99: =VLOOKUP($T99,$T$3:$AD$34,10,FALSE) -> 1 | AD99: =VLOOKUP($T99,$T$3:$AD$34,11,FALSE) -> 8
A100: 46080 | B100: DPV2 | C100: CARIB4 | D100: 467 | E100: =IF(+(IF(D100<U100,0,IF(D100>V100,0,1)))=1,1,0) -> 1 | F100: 190.4 | G100: 193 | H100: =IF(+(IF(G100<W100,0,IF(G100>X100,0,1)))=1,1,0) -> 1 | K100: 2.9 | L100: =IF(+(IF(K100<AA100,0,IF(K100>AB100,0,1)))=1,1,0) -> 1 | T100: =LEFT(C100,9) -> CARIB4 | U100: =VLOOKUP($T100,$T$3:$AD$34,2,FALSE) -> 0 | V100: =VLOOKUP($T100,$T$3:$AD$34,3,FALSE) -> 1080 | W100: =$F100/1.1 -> 173.09091 | X100: =$F100*1.1 -> 209.44 | Y100: =VLOOKUP($T100,$T$3:$AD$34,6,FALSE) -> 1.7 | Z100: =VLOOKUP($T100,$T$3:$AD$34,7,FALSE) -> 2.5 | AA100: =VLOOKUP($T100,$T$3:$AD$34,8,FALSE) -> 0 | AB100: =VLOOKUP($T100,$T$3:$AD$34,9,FALSE) -> 5 | AC100: =VLOOKUP($T100,$T$3:$AD$34,10,FALSE) -> 1 | AD100: =VLOOKUP($T100,$T$3:$AD$34,11,FALSE) -> 8
A101: 46080 | B101: FV3 | C101: CARIB4 | D101: 521 | E101: =IF(+(IF(D101<U101,0,IF(D101>V101,0,1)))=1,1,0) -> 1 | F101: 190.4 | G101: 160 | H101: =IF(+(IF(G101<W101,0,IF(G101>X101,0,1)))=1,1,0) -> 0 | K101: 2.9 | L101: =IF(+(IF(K101<AA101,0,IF(K101>AB101,0,1)))=1,1,0) -> 1 | T101: =LEFT(C101,9) -> CARIB4 | U101: =VLOOKUP($T101,$T$3:$AD$34,2,FALSE) -> 0 | V101: =VLOOKUP($T101,$T$3:$AD$34,3,FALSE) -> 1080 | W101: =$F101/1.1 -> 173.09091 | X101: =$F101*1.1 -> 209.44 | Y101: =VLOOKUP($T101,$T$3:$AD$34,6,FALSE) -> 1.7 | Z101: =VLOOKUP($T101,$T$3:$AD$34,7,FALSE) -> 2.5 | AA101: =VLOOKUP($T101,$T$3:$AD$34,8,FALSE) -> 0 | AB101: =VLOOKUP($T101,$T$3:$AD$34,9,FALSE) -> 5 | AC101: =VLOOKUP($T101,$T$3:$AD$34,10,FALSE) -> 1 | AD101: =VLOOKUP($T101,$T$3:$AD$34,11,FALSE) -> 8
A102: 46081 | B102: DPV8 | C102: STAG8 | D102: 1174 | E102: =IF(+(IF(D102<U102,0,IF(D102>V102,0,1)))=1,1,0) -> 0 | F102: 351.2 | G102: 353 | H102: =IF(+(IF(G102<W102,0,IF(G102>X102,0,1)))=1,1,0) -> 1 | K102: 1.7 | L102: =IF(+(IF(K102<AA102,0,IF(K102>AB102,0,1)))=1,1,0) -> 1 | T102: =LEFT(C102,9) -> STAG8 | U102: =VLOOKUP($T102,$T$3:$AD$34,2,FALSE) -> 0 | V102: =VLOOKUP($T102,$T$3:$AD$34,3,FALSE) -> 1080 | W102: =$F102/1.1 -> 319.27273 | X102: =$F102*1.1 -> 386.32 | Y102: =VLOOKUP($T102,$T$3:$AD$34,6,FALSE) -> 1.8 | Z102: =VLOOKUP($T102,$T$3:$AD$34,7,FALSE) -> 2.7 | AA102: =VLOOKUP($T102,$T$3:$AD$34,8,FALSE) -> 0 | AB102: =VLOOKUP($T102,$T$3:$AD$34,9,FALSE) -> 5 | AC102: =VLOOKUP($T102,$T$3:$AD$34,10,FALSE) -> 1 | AD102: =VLOOKUP($T102,$T$3:$AD$34,11,FALSE) -> 11
T103: =LEFT(C103,9) | U103: =VLOOKUP($T103,$T$3:$AD$34,2,FALSE) -> #N/A | V103: =VLOOKUP($T103,$T$3:$AD$34,3,FALSE) -> #N/A | W103: =$F103/1.1 -> 0 | X103: =$F103*1.1 -> 0 | Y103: =VLOOKUP($T103,$T$3:$AD$34,6,FALSE) -> #N/A | Z103: =VLOOKUP($T103,$T$3:$AD$34,7,FALSE) -> #N/A | AA103: =VLOOKUP($T103,$T$3:$AD$34,8,FALSE) -> #N/A | AB103: =VLOOKUP($T103,$T$3:$AD$34,9,FALSE) -> #N/A | AC103: =VLOOKUP($T103,$T$3:$AD$34,10,FALSE) -> #N/A | AD103: =VLOOKUP($T103,$T$3:$AD$34,11,FALSE) -> #N/A
T104: =LEFT(C104,9) | U104: =VLOOKUP($T104,$T$3:$AD$34,2,FALSE) -> #N/A | V104: =VLOOKUP($T104,$T$3:$AD$34,3,FALSE) -> #N/A | W104: =$F104/1.1 -> 0 | X104: =$F104*1.1 -> 0 | Y104: =VLOOKUP($T104,$T$3:$AD$34,6,FALSE) -> #N/A | Z104: =VLOOKUP($T104,$T$3:$AD$34,7,FALSE) -> #N/A | AA104: =VLOOKUP($T104,$T$3:$AD$34,8,FALSE) -> #N/A | AB104: =VLOOKUP($T104,$T$3:$AD$34,9,FALSE) -> #N/A | AC104: =VLOOKUP($T104,$T$3:$AD$34,10,FALSE) -> #N/A | AD104: =VLOOKUP($T104,$T$3:$AD$34,11,FALSE) -> #N/A
...

Sheet GBL BBT Score 
U2: PG | W2: Bitterness | Y2: Oxygen | AA2: CO2 | AC2: Alcohol | AE2: Colour
U3: Lower | V3: Upper | W3: Lower | X3: Upper | Y3: Lower | Z3: Upper | AA3: Lower | AB3: Upper | AC3: Lower | AD3: Upper | AE3: Lower | AF3: Upper
T4: CARIB | U4: 1.65 | V4: 2.14 | W4: 12.5 | X4: 16.4 | Y4: 0 | Z4: 0.12 | AA4: 2.7 | AB4: 2.85 | AC4: 5 | AD4: 5.44 | AE4: 5 | AF4: 7
T5: STAG | U5: 0.8 | V5: 1.24 | W5: 12.5 | X5: 16.4 | Y5: 0 | Z5: 0.12 | AA5: 2.7 | AB5: 2.85 | AC5: 5.45 | AD5: 5.94 | AE5: 5 | AF5: 7
T6: GUINNESS | U6: 3.1 | V6: 4.14 | W6: 48 | X6: 62 | Y6: 0 | Z6: 0.12 | AA6: 2.7 | AB6: 2.9 | AC6: 7.3 | AD6: 7.74 | AE6: 155 | AF6: 195
T7: HR | U7: 3.75 | V7: 4.14 | W7: 51 | X7: 56 | AA7: 2.7 | AB7: 2.85 | AC7: 6.3 | AD7: 6.94 | AE7: 18 | AF7: 22
T8: HP | U8: 1.5 | V8: 1.84 | W8: 20 | X8: 26 | Y8: 0 | Z8: 0.12 | AA8: 2.6 | AB8: 2.84 | AC8: 4.5 | AD8: 4.84 | AE8: 3 | AF8: 5
T9: MACKESON | U9: 5.2 | V9: 5.64 | W9: 32 | X9: 38 | Y9: 0 | Z9: 0.12 | AA9: 2.7 | AB9: 2.85 | AC9: 4.6 | AD9: 5.4 | AE9: 260 | AF9: 320
T10: STARMALT | U10: 16.8 | V10: 17.24 | W10: 10 | X10: 12.4 | Y10: 0 | Z10: 0 | AA10: 2.6 | AB10: 2.84 | AE10: 170 | AF10: 240
T11: VITAMALT | U11: 16.2 | V11: 16.84 | W11: 12 | X11: 16.44 | Y11: 0 | Z11: 0 | AA11: 2 | AB11: 2.4 | AE11: 100 | AF11: 140
T12: PEARSECCO | U12: 6.4 | V12: 6.8 | W12: 0 | X12: 0 | Y12: 0 | Z12: 0 | AA12: 2.75 | AB12: 2.95 | AC12: 4.5 | AD12: 5 | AE12: 1 | AF12: 2
T13: CARIBE | U13: 5 | V13: 5.44 | W13: 0 | X13: 0 | Y13: 0 | Z13: 0.4 | AA13: 2.75 | AB13: 3.4 | AC13: 4.35 | AD13: 5.4 | AE13: 1.8 | AF13: 2.6
T14: CARIBE ROSE | U14: 5 | V14: 5.44 | W14: 0 | X14: 0 | Y14: 0 | Z14: 0.4 | AA14: 2.75 | AB14: 3.4 | AC14: 4.35 | AD14: 5.4 | AE14: 3 | AF14: 3.6
T15: CARIBE PINE | U15: 5 | V15: 5.44 | W15: 0 | X15: 0 | Y15: 0 | Z15: 0.4 | AA15: 2.75 | AB15: 3.4 | AC15: 4.35 | AD15: 5.4 | AE15: 1.7 | AF15: 2.6
A16: 2026 | T16: =LEFT(C16,8) | U16: =VLOOKUP($T16,$T$4:$AF$13,2,FALSE) -> #N/A | V16: =VLOOKUP($T16,$T$4:$AF$13,3,FALSE) -> #N/A | W16: =VLOOKUP($T16,$T$4:$AF$13,4,FALSE) -> #N/A | X16: =VLOOKUP($T16,$T$4:$AF$13,5,FALSE) -> #N/A | Y16: =VLOOKUP($T16,$T$4:$AF$13,6,FALSE) -> #N/A | Z16: =VLOOKUP($T16,$T$4:$AF$13,7,FALSE) -> #N/A | AA16: =VLOOKUP($T16,$T$4:$AF$13,8,FALSE) -> #N/A | AB16: =VLOOKUP($T16,$T$4:$AF$13,9,FALSE) -> #N/A | AC16: =VLOOKUP($T16,$T$4:$AF$13,10,FALSE) -> #N/A | AD16: =VLOOKUP($T16,$T$4:$AF$13,11,FALSE) -> #N/A | AE16: =VLOOKUP($T16,$T$4:$AF$13,12,FALSE) -> #N/A | AF16: =VLOOKUP($T16,$T$4:$AF$13,13,FALSE) -> #N/A
T17: =LEFT(C17,8) | U17: =VLOOKUP($T17,$T$4:$AF$13,2,FALSE) -> #N/A | V17: =VLOOKUP($T17,$T$4:$AF$13,3,FALSE) -> #N/A | W17: =VLOOKUP($T17,$T$4:$AF$13,4,FALSE) -> #N/A | X17: =VLOOKUP($T17,$T$4:$AF$13,5,FALSE) -> #N/A | Y17: =VLOOKUP($T17,$T$4:$AF$13,6,FALSE) -> #N/A | Z17: =VLOOKUP($T17,$T$4:$AF$13,7,FALSE) -> #N/A | AA17: =VLOOKUP($T17,$T$4:$AF$13,8,FALSE) -> #N/A | AB17: =VLOOKUP($T17,$T$4:$AF$13,9,FALSE) -> #N/A | AC17: =VLOOKUP($T17,$T$4:$AF$13,10,FALSE) -> #N/A | AD17: =VLOOKUP($T17,$T$4:$AF$13,11,FALSE) -> #N/A | AE17: =VLOOKUP($T17,$T$4:$AF$13,12,FALSE) -> #N/A | AF17: =VLOOKUP($T17,$T$4:$AF$13,13,FALSE) -> #N/A
A18: Date | B18: ID Number | C18: Product | D18: P.G | F18: Bitterness | H18: Oxygen | J18: CO2 | L18: Alcohol | N18: Colour | P18: FTR | Q18: FTR w/o color | T18: =LEFT(C18,8) -> Product | U18: =VLOOKUP($T18,$T$4:$AF$13,2,FALSE) -> #N/A | V18: =VLOOKUP($T18,$T$4:$AF$13,3,FALSE) -> #N/A | W18: =VLOOKUP($T18,$T$4:$AF$13,4,FALSE) -> #N/A | X18: =VLOOKUP($T18,$T$4:$AF$13,5,FALSE) -> #N/A | Y18: =VLOOKUP($T18,$T$4:$AF$13,6,FALSE) -> #N/A | Z18: =VLOOKUP($T18,$T$4:$AF$13,7,FALSE) -> #N/A | AA18: =VLOOKUP($T18,$T$4:$AF$13,8,FALSE) -> #N/A | AB18: =VLOOKUP($T18,$T$4:$AF$13,9,FALSE) -> #N/A | AC18: =VLOOKUP($T18,$T$4:$AF$13,10,FALSE) -> #N/A | AD18: =VLOOKUP($T18,$T$4:$AF$13,11,FALSE) -> #N/A | AE18: =VLOOKUP($T18,$T$4:$AF$13,12,FALSE) -> #N/A | AF18: =VLOOKUP($T18,$T$4:$AF$13,13,FALSE) -> #N/A
A19: 46024 | B19: BBT2 | C19: CARIB | D19: 1.76 | E19: =IF(+(IF(D19<U19,0,IF(D19>V19,0,1)))=1,1,0) -> 1 | F19: 13.1 | G19: =IF(+(IF(F19<W19,0,IF(F19>X19,0,1)))=1,1,0) -> 1 | H19: 0.03 | I19: =IF(+(IF(H19<Y19,0,IF(H19>Z19,0,1)))=1,1,0) -> 1 | J19: 2.73 | K19: =IF(+(IF(J19<AA19,0,IF(J19>AB19,0,1)))=1,1,0) -> 1 | L19: 5.27 | M19: =IF(+(IF(L19<AC19,0,IF(L19>AD19,0,1)))=1,1,0) -> 1 | N19: 6.2 | O19: =IF(+(IF(N19<AE19,0,IF(N19>AF19,0,1)))=1,1,0) -> 1 | P19: =IF(+(IF(D19<U19,0,IF(D19>V19,0,1)))+(IF(F19<W19,0,IF(F19>X19,0,1)))+(IF(J19<AA19,0,IF(J19>AB19,0,1)))+(IF(L19<AC19,0,IF(L19>AD19,0,1)))+(IF(N19<AE19,0,IF(N19>AF19,0,1)))=5,1,0) -> 1 | Q19: =IF(+(IF(D19<U19,0,IF(D19>V19,0,1)))+(IF(F19<W19,0,IF(F19>X19,0,1)))+(IF(J19<AA19,0,IF(J19>AB19,0,1)))+(IF(L19<AC19,0,IF(L19>AD19,0,1)))=4,1,0) -> 1 | T19: =LEFT(C19,12) -> CARIB | U19: =VLOOKUP($T19,$T$4:$AF$15,2,FALSE) -> 1.65 | V19: =VLOOKUP($T19,$T$4:$AF$15,3,FALSE) -> 2.14 | W19: =VLOOKUP($T19,$T$4:$AF$15,4,FALSE) -> 12.5 | X19: =VLOOKUP($T19,$T$4:$AF$15,5,FALSE) -> 16.4 | Y19: =VLOOKUP($T19,$T$4:$AF$15,6,FALSE) -> 0 | Z19: =VLOOKUP($T19,$T$4:$AF$15,7,FALSE) -> 0.12 | AA19: =VLOOKUP($T19,$T$4:$AF$15,8,FALSE) -> 2.7 | AB19: =VLOOKUP($T19,$T$4:$AF$15,9,FALSE) -> 2.85 | AC19: =VLOOKUP($T19,$T$4:$AF$15,10,FALSE) -> 5 | AD19: =VLOOKUP($T19,$T$4:$AF$15,11,FALSE) -> 5.44 | AE19: =VLOOKUP($T19,$T$4:$AF$15,12,FALSE) -> 5 | AF19: =VLOOKUP($T19,$T$4:$AF$15,13,FALSE) -> 7
A20: 46024 | B20: BBT4 | C20: CARIB | D20: 1.91 | E20: =IF(+(IF(D20<U20,0,IF(D20>V20,0,1)))=1,1,0) -> 1 | F20: 14.4 | G20: =IF(+(IF(F20<W20,0,IF(F20>X20,0,1)))=1,1,0) -> 1 | I20: =IF(+(IF(H20<Y20,0,IF(H20>Z20,0,1)))=1,1,0) -> 1 | J20: 2.77 | K20: =IF(+(IF(J20<AA20,0,IF(J20>AB20,0,1)))=1,1,0) -> 1 | L20: 5.14 | M20: =IF(+(IF(L20<AC20,0,IF(L20>AD20,0,1)))=1,1,0) -> 1 | N20: 5.9 | O20: =IF(+(IF(N20<AE20,0,IF(N20>AF20,0,1)))=1,1,0) -> 1 | P20: =IF(+(IF(D20<U20,0,IF(D20>V20,0,1)))+(IF(F20<W20,0,IF(F20>X20,0,1)))+(IF(J20<AA20,0,IF(J20>AB20,0,1)))+(IF(L20<AC20,0,IF(L20>AD20,0,1)))+(IF(N20<AE20,0,IF(N20>AF20,0,1)))=5,1,0) -> 1 | Q20: =IF(+(IF(D20<U20,0,IF(D20>V20,0,1)))+(IF(F20<W20,0,IF(F20>X20,0,1)))+(IF(J20<AA20,0,IF(J20>AB20,0,1)))+(IF(L20<AC20,0,IF(L20>AD20,0,1)))=4,1,0) -> 1 | T20: =LEFT(C20,12) -> CARIB | U20: =VLOOKUP($T20,$T$4:$AF$15,2,FALSE) -> 1.65 | V20: =VLOOKUP($T20,$T$4:$AF$15,3,FALSE) -> 2.14 | W20: =VLOOKUP($T20,$T$4:$AF$15,4,FALSE) -> 12.5 | X20: =VLOOKUP($T20,$T$4:$AF$15,5,FALSE) -> 16.4 | Y20: =VLOOKUP($T20,$T$4:$AF$15,6,FALSE) -> 0 | Z20: =VLOOKUP($T20,$T$4:$AF$15,7,FALSE) -> 0.12 | AA20: =VLOOKUP($T20,$T$4:$AF$15,8,FALSE) -> 2.7 | AB20: =VLOOKUP($T20,$T$4:$AF$15,9,FALSE) -> 2.85 | AC20: =VLOOKUP($T20,$T$4:$AF$15,10,FALSE) -> 5 | AD20: =VLOOKUP($T20,$T$4:$AF$15,11,FALSE) -> 5.44 | AE20: =VLOOKUP($T20,$T$4:$AF$15,12,FALSE) -> 5 | AF20: =VLOOKUP($T20,$T$4:$AF$15,13,FALSE) -> 7
