Workbook

Sheet FTR Spec Change (Overall)
C3: JAN | D3: FEB | E3: MAR | F3: APR | G3: MAY | H3: JUN | I3: JUL | J3: AUG | K3: SEP | L3: OCT | M3: NOV | N3: DEC | O3: YTD
B4: FTR (Current) | C4: 0.581 | D4: 0.561 | O4: =AVERAGE(C4:N4) -> 0.571
B5: FTR (Proposed Spec change) | C5: 0.601 | D5: 0.626 | O5: =AVERAGE(C5:N5) -> 0.6135
B6: FTR (Without Color/Bitterness) | C6: 0.72 | D6: 0.73 | O6: =AVERAGE(C6:N6) -> 0.725
B7: TARGET | C7: 0.8 | D7: 0.8 | E7: 0.8 | F7: 0.8 | G7: 0.8 | H7: 0.8 | I7: 0.8 | J7: 0.8 | K7: 0.8 | L7: 0.8 | M7: 0.8 | N7: 0.8 | O7: 0.8

Sheet FTR Spec Change (By Area)
C3: JAN | D3: FEB | E3: MAR | F3: APR | G3: MAY | H3: JUN | I3: JUL | J3: AUG | K3: SEP | L3: OCT | M3: NOV | N3: DEC | O3: YTD
B4: FTR BBT (Current) | C4: 0.29 | D4: 0.35 | O4: =AVERAGE(C4:N4) -> 0.32
B5: FTR BBT (Proposed) | C5: 0.32 | D5: 0.51 | O5: =AVERAGE(C5:N5) -> 0.415
B6: FTR Finished Product (Current) | C6: 0.3 | D6: 0.17 | O6: =AVERAGE(C6:N6) -> 0.235
B7: FTR Finished Product (Proposed) | C7: 0.39 | D7: 0.4 | O7: =AVERAGE(C7:N7) -> 0.395
B8: TARGET | C8: 0.8 | D8: 0.8 | E8: 0.8 | F8: 0.8 | G8: 0.8 | H8: 0.8 | I8: 0.8 | J8: 0.8 | K8: 0.8 | L8: 0.8 | M8: 0.8 | N8: 0.8 | O8: 0.8
B26: Changing Color and Bitterness specification will improve FTR for BBT and Finished Product

Sheet January '25
A1: KPI- Jan | C1: Actual | E1: KPI- Without colour | G1: Actual
A2: FTR Brewing | B2: % | C2: ='[3]FTR Brewhouse'!$I$172 -> 0.43506494 | E2: FTR Brewing | F2: % | G2: ='January ''25'!C2 -> 0.43506494
A3: Cast Gravity | B3: % | C3: ='[3]FTR Brewhouse'!$C$172 -> 0.95394737 | E3: Cast Gravity | F3: % | G3: ='January ''25'!C3 -> 0.95394737
A4: Brewing Time | B4: % | C4: ='[3]FTR Brewhouse'!$E$172 -> 0.47402597 | E4: Brewing Time | F4: % | G4: ='January ''25'!C4 -> 0.47402597
A5: Aeration Level | B5: % | C5: ='[3]FTR Brewhouse'!$G$172 -> 0.97037037 | E5: Aeration Level | F5: % | G5: ='January ''25'!C5 -> 0.97037037
A7: FTR Fermentation | B7: % | C7: ='[3]FTR Fermentation'!$P$71 -> 0.53333333 | E7: FTR Fermentation | F7: % | G7: ='January ''25'!C7 -> 0.53333333
A8: FVSV Fill Duration | B8: % | C8: ='[3]FTR Fermentation'!$D$71 -> 0.56 | E8: FVSV Fill Duration | F8: % | G8: ='January ''25'!C8 -> 0.56
A9: Yeast Dosage | B9: % | C9: ='[3]FTR Fermentation'!$G$71 -> 1 | E9: Yeast Dosage | F9: % | G9: ='January ''25'!C9 -> 1
A10: Pitched Yeast Stain | B10: % | C10: ='[3]FTR Fermentation'!$K$71 -> 1 | E10: Pitched Yeast Stain | F10: % | G10: ='January ''25'!C10 -> 1
A11: Yeast Storage Duration | B11: % | C11: ='[3]FTR Fermentation'!$M$71 -> 1 | E11: Yeast Storage Duration | F11: % | G11: ='January ''25'!C11 -> 1
A12: Fermentation Speed | B12: % | C12: ='[3]FTR Fermentation'!$I$71 -> 1 | E12: Fermentation Speed | F12: % | G12: ='January ''25'!C12 -> 1
A14: FTR BBT | B14: % | C14: ='[3]FTR BBT'!$N$85 -> 0.78125 | E14: FTR BBT | F14: % | G14: ='[6]FTR BBT'!$O$107 -> 0.97727273
A15: PG | B15: % | C15: ='[3]FTR BBT'!$D$85 -> 1 | E15: Original Gravity | F15: % | G15: ='[7]FTR BBT'!$D$86 -> 0.95081967
A16: Colour | B16: % | C16: ='[3]FTR BBT'!$J$85 -> 0.8125 | E16: Colour | F16: %
A17: CO2 | B17: % | C17: ='[3]FTR BBT'!$H$85 -> 0.984375 | E17: CO2 | F17: % | G17: ='[6]FTR BBT'!$H$107 -> 1
A18: DO | B18: % | C18: ='[3]FTR BBT'!$F$85 -> 1 | E18: DO | F18: % | G18: ='[6]FTR BBT'!$F$107 -> 1
A19: Haze | B19: % | C19: ='[3]FTR BBT'!$L$85 -> 0.96226415 | E19: Haze | F19: % | G19: ='[6]FTR BBT'!$L$107 -> 1
A21: FTR Packaging | B21: % | C21: ='[3]FTR Packaging'!$L$62 -> 0.87804878 | E21: FTR Packaging | F21: % | G21: ='[6]FTR Packaging'!$L$72 -> 0.92307692
A22: PU | B22: % | C22: ='[3]FTR Packaging'!$F$62 -> 0.87804878 | E22: PU | F22: % | G22: ='[6]FTR Packaging'!$F$72 -> 0.92307692
A23: Fill Volume | B23: % | C23: ='[3]FTR Packaging'!$D$62 -> 1 | E23: Fill Volume | F23: % | G23: ='[6]FTR Packaging'!$D$72 -> 1
A24: TOP | B24: % | C24: ='[3]FTR Packaging'!$H$62 -> 1 | E24: TOP | F24: % | G24: ='[6]FTR Packaging'!$H$72 -> 1
A25: Packaging Index | B25: % | C25: ='[3]FTR Packaging'!$J$62 -> 1 | E25: Packaging Index | F25: % | G25: ='[6]FTR Packaging'!$J$72 -> 0.96078431
A27: FTR Micro | B27: % | C27: 0.76 | E27: FTR Micro | F27: % | G27: ='January ''25'!C27 -> 0.76
A28: MicroPack - MicroTunnel | B28: % | C28: 1 | E28: MicroPack - MicroTunnel | F28: % | G28: ='January ''25'!C28 -> 1
A29: MicroBeer - MicroFerment | B29: % | C29: 0.76 | E29: MicroBeer - MicroFerment | F29: % | G29: ='January ''25'!C29 -> 0.76
A31: FTR Finished Product | B31: % | C31: ='[3]FTR Finished Product'!$L$60 -> 0.80487805 | E31: FTR Finished Product | F31: % | G31: ='[6]FTR Finished Product'!$M$72 -> 0.94230769
A32: Colour | B32: % | C32: ='[3]FTR Finished Product'!$J$60 -> 0.85714286 | E32: Colour | F32: %
A33: ISO-H | B33: % | C33: ='[3]FTR Finished Product'!$F$60 -> 0.925 | E33: ISO-H | F33: % | G33: ='[6]FTR Finished Product'!$F$72 -> 1
A34: PG | B34: % | C34: ='[3]FTR Finished Product'!$D$60 -> 1 | E34: Original Gravity | F34: % | G34: ='[6]FTR Finished Product'!$D$72 -> 0.94230769
A35: TIPO | B35: % | C35: ='[3]FTR Finished Product'!$H$60 -> 0.97142857 | E35: TIPO | F35: % | G35: ='[6]FTR Finished Product'!$H$72 -> 1
C37: =(C2+C7+C14+C21+C27+C31)/6 -> 0.69876252 | G37: =(G2+G7+G14+G21+G27+G31)/6 -> 0.7618426

Sheet February '24
A1: KPI- Feb | C1: Actual | E1: KPI- Without colour | G1: Actual
A2: FTR Brewing | B2: % | C2: ='[8]FTR Brewhouse'!$I$325 -> 0.41538462 | E2: FTR Brewing | F2: % | G2: ='February ''24'!C2 -> 0.41538462
A3: Cast Gravity | B3: % | C3: ='[8]FTR Brewhouse'!$C$325 -> 0.92307692 | E3: Cast Gravity | F3: % | G3: ='February ''24'!C3 -> 0.92307692
A4: Brewing Time | B4: % | C4: ='[8]FTR Brewhouse'!$E$325 -> 0.43846154 | E4: Brewing Time | F4: % | G4: ='February ''24'!C4 -> 0.43846154
A5: Aeration Level | B5: % | C5: ='[8]FTR Brewhouse'!$G$325 -> 1 | E5: Aeration Level | F5: % | G5: ='February ''24'!C5 -> 1
A7: FTR Fermentation | B7: % | C7: ='[8]FTR Fermentation'!$P$109 -> 0.5625 | E7: FTR Fermentation | F7: % | G7: ='February ''24'!C7 -> 0.5625
A8: FVSV Fill Duration | B8: % | C8: ='[8]FTR Fermentation'!$D$109 -> 0.77777778 | E8: FVSV Fill Duration | F8: % | G8: ='February ''24'!C8 -> 0.77777778
A9: Yeast Dosage | B9: % | C9: ='[8]FTR Fermentation'!$G$109 -> 1 | E9: Yeast Dosage | F9: % | G9: ='February ''24'!C9 -> 1
A10: Pitched Yeast Stain | B10: % | C10: ='[8]FTR Fermentation'!$K$109 -> 1 | E10: Pitched Yeast Stain | F10: % | G10: ='February ''24'!C10 -> 1
A11: Yeast Storage Duration | B11: % | C11: ='[8]FTR Fermentation'!$M$109 -> 1 | E11: Yeast Storage Duration | F11: % | G11: ='February ''24'!C11 -> 1
A12: Fermentation Speed | B12: % | C12: ='[8]FTR Fermentation'!$I$109 -> 0.85714286 | E12: Fermentation Speed | F12: % | G12: ='February ''24'!C12 -> 0.85714286
A14: FTR BBT | B14: % | C14: ='[8]FTR BBT'!$N$175 -> 0.95238095 | E14: FTR BBT | F14: % | G14: ='[8]FTR BBT'!$O$175 -> 0.95238095
A15: PG | B15: % | C15: ='[8]GBL BBT Score '!$D$176 -> 0.95384615 | E15: Original Gravity | F15: % | G15: ='February ''24'!C15 -> 0.95384615
A16: Colour | B16: % | C16: ='[8]FTR BBT'!$J$175 -> 1 | E16: Colour | F16: %
A17: CO2 | B17: % | C17: ='[8]FTR BBT'!$H$175 -> 1 | E17: CO2 | F17: % | G17: ='February ''24'!C17 -> 1
A18: DO | B18: % | C18: ='[8]FTR BBT'!$F$175 -> 1 | E18: DO | F18: % | G18: ='February ''24'!C18 -> 1
A19: Haze | C19: ='[8]FTR BBT'!$L$175 -> 1 | G19: ='February ''24'!C19 -> 1
A21: FTR Packaging | B21: % | C21: ='[8]FTR Packaging'!$L$120 -> 1 | E21: FTR Packaging | F21: % | G21: ='[9]FTR Packaging'!$L$154 -> 0.93548387
A22: PU | B22: % | C22: ='[8]FTR Packaging'!$H$120 -> 1 | E22: PU | F22: % | G22: ='[9]FTR Packaging'!$F$154 -> 0.91666667
A23: Fill Volume | B23: % | C23: ='[8]FTR Packaging'!$D$120 -> 1 | E23: Fill Volume | F23: % | G23: ='[8]FTR Packaging'!$F$120 -> 1
A24: TOP | B24: % | C24: ='[8]FTR Packaging'!$H$120 -> 1 | E24: TOP | F24: % | G24: ='[8]FTR Packaging'!$H$120 -> 1
A25: Packaging Index | B25: % | C25: ='[8]FTR Packaging'!$J$120 -> 1 | E25: Packaging Index | F25: % | G25: ='[8]FTR Packaging'!$J$120 -> 1
A27: FTR Micro | B27: % | C27: 0.867 | E27: FTR Micro | F27: % | G27: ='February ''24'!C27 -> 0.867
A28: MicroPack - MicroTunnel | B28: % | C28: 1 | E28: MicroPack - MicroTunnel | F28: % | G28: ='February ''24'!C28 -> 1
A29: MicroBeer - MicroFerment | B29: % | C29: 0.867 | E29: MicroBeer - MicroFerment | F29: % | G29: ='February ''24'!C29 -> 0.867
A31: FTR Finished Product | B31: % | C31: ='[8]FTR Finished Product'!$L$122 -> 0.86046512 | E31: FTR Finished Product | F31: % | G31: ='[8]FTR Finished Product'!$M$122 -> 0.88372093
A32: Colour | B32: % | C32: ='[8]FTR Finished Product'!$J$122 -> 0.95238095 | E32: Colour | F32: %
A33: ISO-H | B33: % | C33: ='[8]FTR Finished Product'!$F$122 -> 0.95121951 | E33: ISO-H | F33: % | G33: ='[8]FTR Finished Product'!$H$122 -> 1
A34: PG | B34: % | C34: ='[8]FTR Finished Product'!$D$122 -> 0.93023256 | E34: Original Gravity | F34: % | G34: ='February ''24'!C34 -> 0.93023256
A35: TIPO | B35: % | C35: ='[8]FTR Finished Product'!$H$122 -> 1 | E35: TOP | F35: % | G35: ='February ''24'!C35 -> 1
C38: =(C2+C7+C14+C21+C27+C31)/6 -> 0.77628845 | G38: =(G2+G7+G14+G21+G27+G31)/6 -> 0.76941173
A39: With Colour | B39: YTD | C39: =AVERAGE('January ''25'!C37,C38) -> 0.73752548 | E39: With-out Colour | F39: YTD | G39: =AVERAGE('January ''25'!G37,'February ''24'!G38) -> 0.76562717

Sheet March '24
A1: KPI- March | C1: Actual | E1: KPI- Without colour | G1: Actual
A2: FTR Brewing | B2: % | C2: ='[8]FTR Brewhouse'!$I$482 -> 0.36 | E2: FTR Brewing | F2: % | G2: ='[8]FTR Brewhouse'!$I$482 -> 0.36
A3: Cast Gravity | B3: % | C3: ='[8]FTR Brewhouse'!$C$482 -> 0.86666667 | E3: Cast Gravity | F3: % | G3: ='[8]FTR Brewhouse'!$C$482 -> 0.86666667
A4: Brewing Time | B4: % | C4: ='[8]FTR Brewhouse'!$E$482 -> 0.44 | E4: Brewing Time | F4: % | G4: ='[8]FTR Brewhouse'!$E$482 -> 0.44
A5: Aeration Level | B5: % | C5: ='[8]FTR Brewhouse'!$G$482 -> 0.98484848 | E5: Aeration Level | F5: % | G5: ='[8]FTR Brewhouse'!$G$482 -> 0.98484848
A7: FTR Fermentation | B7: % | C7: ='[8]FTR Fermentation'!$P$149 -> 0.48571429 | E7: FTR Fermentation | F7: % | G7: ='[8]FTR Fermentation'!$P$200 -> 0.52631579
A8: FVSV Fill Duration | B8: % | C8: ='[8]FTR Fermentation'!$D$149 -> 0.76 | E8: FVSV Fill Duration | F8: % | G8: ='[8]FTR Fermentation'!$D$200 -> 0.82608696
A9: Yeast Dosage | B9: % | C9: ='[8]FTR Fermentation'!$G$149 -> 1 | E9: Yeast Dosage | F9: % | G9: ='[8]FTR Fermentation'!$G$200 -> 1
A10: Pitched Yeast Stain | B10: % | C10: ='[8]FTR Fermentation'!$K$149 -> 1 | E10: Pitched Yeast Stain | F10: % | G10: ='[8]FTR Fermentation'!$K$200 -> 1
A11: Yeast Storage Duration | B11: % | C11: ='[8]FTR Fermentation'!$M$149 -> 0.91428571 | E11: Yeast Storage Duration | F11: % | G11: ='[8]FTR Fermentation'!$M$200 -> 1
A12: Fermentation Speed | B12: % | C12: ='[8]FTR Fermentation'!$I$149 -> 0.7027027 | E12: Fermentation Speed | F12: % | G12: ='[8]FTR Fermentation'!$I$200 -> 0.58823529
A14: FTR BBT | B14: % | C14: ='[8]FTR BBT'!$N$253 -> 0.94520548 | E14: FTR BBT | F14: % | G14: ='[8]FTR BBT'!$O$253 -> 0.98630137
A15: PG | B15: % | C15: ='[8]FTR BBT'!$D$253 -> 0.98648649 | E15: Original Gravity | F15: % | G15: ='[8]FTR BBT'!$D$253 -> 0.98648649
A16: Colour | B16: % | C16: ='[8]FTR BBT'!$J$253 -> 0.95945946 | E16: Colour | F16: %
A17: CO2 | B17: % | C17: ='[8]FTR BBT'!$H$253 -> 1 | E17: CO2 | F17: % | G17: ='[8]FTR BBT'!$H$253 -> 1
A18: DO | B18: % | C18: ='[8]FTR BBT'!$F$253 -> 1 | E18: DO | F18: % | G18: ='[8]FTR BBT'!$F$253 -> 1
A19: Haze | B19: % | C19: ='[8]FTR BBT'!$L$253 -> 1 | G19: ='[8]FTR BBT'!$L$253 -> 1
A21: FTR Packaging | B21: % | C21: ='[8]FTR Packaging'!$L$169 -> 0.97727273 | E21: FTR Packaging | F21: % | G21: ='[8]FTR Packaging'!$L$169 -> 0.97727273
A22: PU | B22: % | C22: ='[8]FTR Packaging'!$F$169 -> 1 | E22: PU | F22: % | G22: ='[8]FTR Packaging'!$F$169 -> 1
A23: Fill Volume | B23: % | C23: ='[8]FTR Packaging'!$D$169 -> 1 | E23: Fill Volume | F23: % | G23: ='[8]FTR Packaging'!$D$169 -> 1
A24: Packaging Index | B24: % | C24: ='[8]FTR Packaging'!$J$169 -> 0.97674419 | E24: Packaging Index | F24: % | G24: ='[8]FTR Packaging'!$J$169 -> 0.97674419
A26: FTR Micro | B26: % | C26: 0.83 | E26: FTR Micro | F26: %
A27: MicroPack - MicroTunnel | B27: % | C27: 1 | E27: MicroPack - MicroTunnel | F27: %
A28: MicroBeer - MicroFerment | B28: % | C28: 0.83 | E28: MicroBeer - MicroFerment | F28: %
A30: FTR Finished Product | B30: % | C30: ='[8]FTR Finished Product'!$L$172 -> 1 | E30: FTR Finished Product | F30: % | G30: ='[8]FTR Finished Product'!$L$172 -> 1
A31: Colour | B31: % | C31: ='[8]FTR Finished Product'!$J$172 -> 1 | E31: Colour | F31: % | G31: ='[8]FTR Finished Product'!$J$172 -> 1
A32: ISO-H | B32: % | C32: ='[8]FTR Finished Product'!$F$172 -> 1 | E32: ISO-H | F32: % | G32: ='[8]FTR Finished Product'!$F$172 -> 1
A33: PG | B33: % | C33: ='[8]FTR Finished Product'!$D$172 -> 1 | E33: Original Gravity | F33: % | G33: ='[8]FTR Finished Product'!$D$172 -> 1
A34: TIPO | B34: % | C34: ='[8]FTR Finished Product'!$H$172 -> 1 | E34: TOP | F34: % | G34: ='[8]FTR Finished Product'!$H$172 -> 1
C36: =(C2+C7+C14+C21+C26+C30)/6 -> 0.76636542 | G36: =(G2+G7+G14+G21+G26+G30)/6 -> 0.64164831
A37: With Colour | B37: YTD | C37: =AVERAGE('January ''25'!C37,'February ''24'!C38,C36) -> 0.74713879 | E37: With-out Colour | F37: YTD | G37: =AVERAGE('January ''25'!G37,'February ''24'!G38,'March ''24'!G36) -> 0.72430088

Sheet April '24
A1: KPI- April | C1: Actual | E1: KPI- Without colour | G1: Actual
A2: FTR Brewing | B2: % | C2: ='[8]FTR Brewhouse'!$I$630 -> 0.35779817 | E2: FTR Brewing | F2: % | G2: ='[8]FTR Brewhouse'!$I$630 -> 0.35779817
A3: Cast Gravity | B3: % | C3: ='[8]FTR Brewhouse'!$C$630 -> 0.92727273 | E3: Cast Gravity | F3: % | G3: ='[8]FTR Brewhouse'!$C$630 -> 0.92727273
A4: Brewing Time | B4: % | C4: ='[8]FTR Brewhouse'!$E$630 -> 0.38181818 | E4: Brewing Time | F4: % | G4: ='[8]FTR Brewhouse'!$E$630 -> 0.38181818
A5: Aeration Level | B5: % | C5: ='[8]FTR Brewhouse'!$G$630 -> 1 | E5: Aeration Level | F5: % | G5: ='[8]FTR Brewhouse'!$G$630 -> 1
A7: FTR Fermentation | B7: % | C7: ='[8]FTR Fermentation'!$P$200 -> 0.52631579 | E7: FTR Fermentation | F7: % | G7: ='[8]FTR Fermentation'!$P$200 -> 0.52631579
A8: FVSV Fill Duration | B8: % | C8: ='[8]FTR Fermentation'!$D$200 -> 0.82608696 | E8: FVSV Fill Duration | F8: % | G8: ='[8]FTR Fermentation'!$D$200 -> 0.82608696
A9: Yeast Dosage | B9: % | C9: ='[8]FTR Fermentation'!$G$200 -> 1 | E9: Yeast Dosage | F9: % | G9: ='[8]FTR Fermentation'!$G$200 -> 1
A10: Pitched Yeast Stain | B10: % | C10: ='[8]FTR Fermentation'!$K$200 -> 1 | E10: Pitched Yeast Stain | F10: % | G10: ='[8]FTR Fermentation'!$K$200 -> 1
A11: Yeast Storage Duration | B11: % | C11: ='[8]FTR Fermentation'!$M$200 -> 1 | E11: Yeast Storage Duration | F11: % | G11: ='[8]FTR Fermentation'!$M$200 -> 1
A12: Fermentation Speed | B12: % | C12: ='[8]FTR Fermentation'!$I$200 -> 0.58823529 | E12: Fermentation Speed | F12: % | G12: ='[8]FTR Fermentation'!$I$200 -> 0.58823529
A14: FTR BBT | B14: % | C14: ='[8]FTR BBT'!$N$333 -> 0.95890411 | E14: FTR BBT | F14: % | G14: ='[8]FTR BBT'!$O$321 -> 1
A15: PG | B15: % | C15: ='[8]FTR BBT'!$D$333 -> 0.98648649 | E15: Original Gravity | F15: % | G15: ='[8]FTR BBT'!$D$321 -> 2.05
A16: Colour | B16: % | C16: ='[8]FTR BBT'!$J$333 -> 0.97297297 | E16: Colour | F16: %
A17: CO2 | B17: % | C17: ='[8]FTR BBT'!$H$333 -> 1 | E17: CO2 | F17: % | G17: ='[8]FTR BBT'!$H$321 -> 2.8
A18: DO | B18: % | C18: ='[8]FTR BBT'!$F$333 -> 1 | E18: DO | F18: % | G18: ='[8]FTR BBT'!$F$321 -> 0.03
A19: Haze | B19: % | C19: ='[8]FTR BBT'!$L$333 -> 1 | G19: ='[8]FTR BBT'!$L$321 -> 0.31
A21: FTR Packaging | B21: % | C21: ='[8]FTR Packaging'!$L$224 -> 0.98 | E21: FTR Packaging | F21: % | G21: ='[8]FTR Packaging'!$L$224 -> 0.98
A22: PU | B22: % | C22: ='[8]FTR Packaging'!$F$224 -> 0.97959184 | E22: PU | F22: % | G22: ='[8]FTR Packaging'!$F$224 -> 0.97959184
A23: Fill Volume | B23: % | C23: ='[8]FTR Packaging'!$D$224 -> 1 | E23: Fill Volume | F23: % | G23: ='[8]FTR Packaging'!$D$224 -> 1
A24: Packaging Index | B24: % | C24: ='[8]FTR Packaging'!$J$224 -> 1 | E24: Packaging Index | F24: % | G24: ='[8]FTR Packaging'!$J$224 -> 1
A26: FTR Micro | B26: % | C26: 0.783 | E26: FTR Micro | F26: %
A27: MicroPack - MicroTunnel | B27: % | C27: 1 | E27: MicroPack - MicroTunnel | F27: %
A28: MicroBeer - MicroFerment | B28: % | C28: 0.783 | E28: MicroBeer - MicroFerment | F28: %
A30: FTR Finished Product | B30: % | C30: ='[8]FTR Finished Product'!$L$228 -> 1 | E30: FTR Finished Product | F30: % | G30: ='[8]FTR Finished Product'!$M$229 -> #REF!
A31: Colour | B31: % | C31: ='[8]FTR Finished Product'!$J$228 -> 1 | E31: Colour | F31: % | G31: ='[8]FTR Finished Product'!$J$229 -> #REF!
A32: ISO-H | B32: % | C32: ='[8]FTR Finished Product'!$F$228 -> 1 | E32: ISO-H | F32: % | G32: ='[8]FTR Finished Product'!$F$229 -> #REF!
A33: PG | B33: % | C33: ='[8]FTR Finished Product'!$D$228 -> 1 | E33: Original Gravity | F33: % | G33: ='[8]FTR Finished Product'!$D$229 -> #REF!
A34: TOP | B34: % | C34: ='[8]FTR Finished Product'!$H$228 -> 1 | E34: TOP | F34: % | G34: ='[8]FTR Finished Product'!$H$229 -> #REF!
C36: =(C2+C7+C14+C21+C26+C30)/6 -> 0.76766968 | G36: =(G2+G7+G14+G21+G26+G30)/6 -> #REF!
B37: YTD | C37: =AVERAGE('January ''25'!C37,'February ''24'!C38,'March ''24'!C36,'April ''24'!C36) -> 0.75227151 | E37: With-out Colour | F37: YTD | G37: =AVERAGE('January ''25'!G37,'February ''24'!G38,'March ''24'!G36,'April ''24'!G36) -> #REF!

Sheet June '24 
A1: KPI- June | C1: Actual | E1: KPI- Without colour | G1: Actual
A2: FTR Brewing | B2: % | C2: ='[8]FTR Brewhouse'!$I$1060 -> 0.51388889 | E2: FTR Brewing | F2: % | G2: ='[8]FTR Brewhouse'!$I$1060 -> 0.51388889
A3: Cast Gravity | B3: % | C3: ='[10]FTR Brewhouse'!$C$1060 -> 0.85526316 | E3: Cast Gravity | F3: % | G3: ='[8]FTR Brewhouse'!$C$1060 -> 0.82894737
A4: Brewing Time | B4: % | C4: ='[10]FTR Brewhouse'!$E$1060 -> 0.60130719 | E4: Brewing Time | F4: % | G4: ='[8]FTR Brewhouse'!$E$1060 -> 0.60130719
A5: Aeration Level | B5: % | C5: ='[10]FTR Brewhouse'!$G$1060 -> 0.97692308 | E5: Aeration Level | F5: % | G5: ='[8]FTR Brewhouse'!$G$1060 -> 1
A7: FTR Fermentation | B7: % | C7: ='[10]FTR Fermentation'!$P$286 -> 0.42307692 | E7: FTR Fermentation | F7: % | G7: ='June ''24 '!C7 -> 0.42307692
A8: FVSV Fill Duration | B8: % | C8: ='[10]FTR Fermentation'!$D$286 -> 0.84615385 | E8: FVSV Fill Duration | F8: % | G8: ='June ''24 '!C8 -> 0.84615385
A9: Yeast Dosage | B9: % | C9: ='[10]FTR Fermentation'!$G$286 -> 1 | E9: Yeast Dosage | F9: % | G9: ='June ''24 '!C9 -> 1
A10: Pitched Yeast Stain | B10: % | C10: ='[10]FTR Fermentation'!$K$286 -> 1 | E10: Pitched Yeast Stain | F10: % | G10: ='June ''24 '!C10 -> 1
A11: Yeast Storage Duration | B11: % | C11: ='[10]FTR Fermentation'!$M$286 -> 0.73076923 | E11: Yeast Storage Duration | F11: % | G11: ='June ''24 '!C11 -> 0.73076923
A12: Fermentation Speed | B12: % | C12: ='[10]FTR Fermentation'!$I$286 -> 0.61538462 | E12: Fermentation Speed | F12: % | G12: ='June ''24 '!C12 -> 0.61538462
A14: FTR BBT | B14: % | C14: ='[10]FTR BBT'!$N$460 -> 0.84848485 | E14: FTR BBT | F14: % | G14: ='[8]FTR BBT'!$O$472 -> 1
A15: PG | B15: % | C15: ='[10]FTR BBT'!$D$460 -> 0.92424242 | E15: PG | F15: % | G15: ='[8]FTR BBT'!$D$472 -> 2.13
A16: Colour | B16: % | C16: ='[10]FTR BBT'!$J$460 -> 0.92307692 | E16: Colour | F16: %
A17: CO2 | B17: % | C17: ='[10]FTR BBT'!$H$460 -> 1 | E17: CO2 | F17: % | G17: ='[8]FTR BBT'!$H$472 -> 2.85
A18: DO | B18: % | C18: ='[10]FTR BBT'!$F$460 -> 1 | E18: DO | F18: % | G18: ='[8]FTR BBT'!$F$472 -> 0.03
A19: Haze | B19: % | C19: ='[10]FTR BBT'!$L$460 -> 0.98275862 | E19: Haze | F19: % | G19: ='[8]FTR BBT'!$L$472 -> 0.57
A21: FTR Packaging | B21: % | C21: ='[10]FTR Packaging'!$L$374 -> 0.9137931 | E21: FTR Packaging | F21: % | G21: ='June ''24 '!C21 -> 0.9137931
A22: PU | B22: % | C22: ='[10]FTR Packaging'!$F$374 -> 0.91836735 | E22: PU | F22: % | G22: ='June ''24 '!C22 -> 0.91836735
A23: Fill Volume | B23: % | C23: ='[10]FTR Packaging'!$D$374 -> 0.98214286 | E23: Fill Volume | F23: % | G23: ='June ''24 '!C23 -> 0.98214286
A24: Packaging Index | B24: % | C24: ='[10]FTR Packaging'!$J$374 -> 0.98181818 | E24: Packaging Index | F24: % | G24: ='June ''24 '!C24 -> 0.98181818
A26: FTR Micro | B26: % | C26: 0.763 | E26: FTR Micro | F26: % | G26: ='June ''24 '!C26 -> 0.763
A27: MicroPack - MicroTunnel | B27: % | C27: 1 | E27: MicroPack - MicroTunnel | F27: % | G27: ='June ''24 '!C27 -> 1
A28: MicroBeer - MicroFerment | B28: % | C28: 0.763 | E28: MicroBeer - MicroFerment | F28: % | G28: ='June ''24 '!C28 -> 0.763
A30: FTR Finished Product | B30: % | C30: ='[10]FTR Finished Product'!$L$386 -> 0 | E30: FTR Finished Product | F30: % | G30: ='[11]FTR Finished Product'!$M$364 -> 0.91111111
A31: Colour | B31: % | C31: ='[10]FTR Finished Product'!$J$386 -> 0 | E31: Colour | F31: %
A32: ISO-H | B32: % | C32: ='[10]FTR Finished Product'!$F$386 -> 0 | E32: ISO-H | F32: % | G32: ='June ''24 '!C32 -> 0
A33: PG | B33: % | C33: ='[10]FTR Finished Product'!$D$386 -> 0 | E33: PG | F33: % | G33: ='June ''24 '!C33 -> 0
A34: TOP | B34: % | C34: ='[10]FTR Finished Product'!$H$386 -> 0 | E34: TOP | F34: % | G34: ='June ''24 '!C34 -> 0
C36: =(C2+C7+C14+C21+C26+C30)/6 -> 0.57704063 | G36: =(G2+G7+G14+G21+G26+G30)/6 -> 0.754145
B37: YTD | C37: =AVERAGE('January ''25'!C37,'February ''24'!C38,'March ''24'!C36,'April ''24'!C36,#REF!,C36) -> #REF! | E37: With-out Colour | F37: YTD | G37: =AVERAGE('January ''25'!G37,'February ''24'!G38,'March ''24'!G36,'April ''24'!G36,#REF!,'June ''24 '!G36) -> #REF!

Sheet July '24
A1: KPI- JULY | C1: Actual | E1: KPI- Without colour | G1: Actual
A2: FTR Brewing | B2: % | C2: ='[10]FTR Brewhouse'!$I$1223 -> 0.51875 | E2: FTR Brewing | F2: % | G2: ='July ''24'!C2 -> 0.51875
A3: Cast Gravity | B3: % | C3: ='[10]FTR Brewhouse'!$C$1223 -> 0.9625 | E3: Cast Gravity | F3: % | G3: ='July ''24'!C3 -> 0.9625
A4: Brewing Time | B4: % | C4: ='[10]FTR Brewhouse'!$E$1223 -> 0.5375 | E4: Brewing Time | F4: % | G4: ='July ''24'!C4 -> 0.5375
A5: Aeration Level | B5: % | C5: ='[10]FTR Brewhouse'!$G$1223 -> 1 | E5: Aeration Level | F5: % | G5: ='July ''24'!C5 -> 1
A7: FTR Fermentation | B7: % | C7: ='[10]FTR Fermentation'!$P$319 -> 0.61538462 | E7: FTR Fermentation | F7: % | G7: #DIV/0!
A8: FVSV Fill Duration | B8: % | C8: ='[10]FTR Fermentation'!$D$319 -> 0.70833333 | E8: FVSV Fill Duration | F8: % | G8: #DIV/0!
A9: Yeast Dosage | B9: % | C9: ='[10]FTR Fermentation'!$G$319 -> 1 | E9: Yeast Dosage | F9: % | G9: #DIV/0!
A10: Pitched Yeast Stain | B10: % | C10: ='[10]FTR Fermentation'!$K$319 -> 1 | E10: Pitched Yeast Stain | F10: % | G10: #DIV/0!
A11: Yeast Storage Duration | B11: % | C11: ='[10]FTR Fermentation'!$M$319 -> 0.84615385 | E11: Yeast Storage Duration | F11: % | G11: #DIV/0!
A12: Fermentation Speed | B12: % | C12: ='[10]FTR Fermentation'!$I$319 -> 0.83333333 | E12: Fermentation Speed | F12: % | G12: #DIV/0!
A14: FTR BBT | B14: % | C14: ='[10]FTR BBT'!$N$533 -> 0.86956522 | E14: FTR BBT | F14: % | G14: ='[10]FTR BBT'!$O$533 -> 0.86956522
A15: Original Gravity | B15: % | C15: ='[10]FTR BBT'!$D$533 -> 0.95652174 | E15: Original Gravity | F15: % | G15: ='[10]FTR BBT'!$D$533 -> 0.95652174
A16: Colour | B16: % | C16: ='[10]FTR BBT'!$J$533 -> 1 | E16: Colour | F16: %
A17: CO2 | B17: % | C17: ='[10]FTR BBT'!$H$533 -> 1 | E17: CO2 | F17: % | G17: ='[10]FTR BBT'!$H$533 -> 1
A18: DO | B18: % | C18: ='[10]FTR BBT'!$F$533 -> 1 | E18: DO | F18: % | G18: ='[10]FTR BBT'!$F$533 -> 1
A20: FTR Packaging | B20: % | C20: ='[10]FTR Packaging'!$L$374 -> 0.9137931 | E20: FTR Packaging | F20: % | G20: ='[10]FTR Packaging'!$L$374 -> 0.9137931
A21: PU | B21: % | C21: ='[10]FTR Packaging'!$F$374 -> 0.91836735 | E21: PU | F21: % | G21: ='[10]FTR Packaging'!$F$374 -> 0.91836735
A22: Fill Volume | B22: % | C22: ='[10]FTR Packaging'!$D$374 -> 0.98214286 | E22: Fill Volume | F22: % | G22: ='[10]FTR Packaging'!$D$374 -> 0.98214286
A23: Packaging Index | B23: % | C23: ='[10]FTR Packaging'!$J$374 -> 0.98181818 | E23: Packaging Index | F23: % | G23: ='[10]FTR Packaging'!$J$374 -> 0.98181818
A25: FTR Micro | B25: % | C25: 0.84 | E25: FTR Micro | F25: % | G25: ='July ''24'!$C$25 -> 0.84
A26: MicroPack - MicroTunnel | B26: % | C26: 1 | E26: MicroPack - MicroTunnel | F26: % | G26: ='July ''24'!C26 -> 1
A27: MicroBeer - MicroFerment | B27: % | C27: 0.8435 | E27: MicroBeer - MicroFerment | F27: % | G27: ='July ''24'!C27 -> 0.8435
A29: FTR Finished Product | B29: % | C29: ='[10]FTR Finished Product'!$L$386 -> 0 | E29: FTR Finished Product | F29: % | G29: ='[10]FTR Finished Product'!$M$386 -> 0
A30: Colour | B30: % | C30: ='[10]FTR Finished Product'!$J$386 -> 0 | E30: Colour | F30: %
A31: ISO-H | B31: % | C31: ='[10]FTR Finished Product'!$F$386 -> 0 | E31: ISO-H | F31: % | G31: ='[10]FTR Finished Product'!$F$386 -> 0
A32: Original Gravity | B32: % | C32: ='[10]FTR Finished Product'!$D$386 -> 0 | E32: Original Gravity | F32: % | G32: ='[10]FTR Finished Product'!$D$386 -> 0
A33: TOP | B33: % | C33: ='[10]FTR Finished Product'!$H$386 -> 0 | E33: TOP | F33: % | G33: ='[10]FTR Finished Product'!$H$386 -> 0
C35: =(C2+C7+C14+C20+C25+C29)/6 -> 0.62624882 | G35: =(G2+G7+G14+G20+G25+G29)/6 -> #DIV/0!
B36: YTD | C36: =AVERAGE('January ''25'!C37,'February ''24'!C38,'March ''24'!C36,'April ''24'!C36,#REF!,'June ''24 '!C36,C35) -> #REF! | E36: With-out Colour | F36: YTD | G36: =AVERAGE('January ''25'!G37,'February ''24'!G38,'March ''24'!G36,'April ''24'!G36,#REF!,'June ''24 '!G36,'July ''24'!G35) -> #REF!

Sheet August '24
A1: KPI- Aug | C1: Actual | E1: KPI- Without colour | G1: Actual
A2: FTR Brewing | B2: % | C2: ='[10]FTR Brewhouse'!$I$1377 -> 0.52054795 | E2: FTR Brewing | F2: % | G2: ='August ''24'!C2 -> 0.52054795
A3: Cast Gravity | B3: % | C3: ='[10]FTR Brewhouse'!$C$1377 -> 0.94520548 | E3: Cast Gravity | F3: % | G3: ='August ''24'!C3 -> 0.94520548
A4: Brewing Time | B4: % | C4: ='[10]FTR Brewhouse'!$E$1377 -> 0.55479452 | E4: Brewing Time | F4: % | G4: ='August ''24'!C4 -> 0.55479452
A5: Aeration Level | B5: % | C5: ='[10]FTR Brewhouse'!$G$1377 -> 0.968 | E5: Aeration Level | F5: % | G5: ='August ''24'!C5 -> 0.968
A7: FTR Fermentation | B7: % | C7: ='[10]FTR Fermentation'!$P$356 -> 0.83333333 | E7: FTR Fermentation | F7: % | G7: ='August ''24'!C7 -> 0.83333333
A8: FVSV Fill Duration | B8: % | C8: ='[10]FTR Fermentation'!$D$356 -> 0.625 | E8: FVSV Fill Duration | F8: % | G8: ='August ''24'!C8 -> 0.625
A9: Yeast Dosage | B9: % | C9: ='[10]FTR Fermentation'!$G$356 -> 1 | E9: Yeast Dosage | F9: % | G9: ='August ''24'!C9 -> 1
A10: Pitched Yeast Stain | B10: % | C10: ='[10]FTR Fermentation'!$K$356 -> 1 | E10: Pitched Yeast Stain | F10: % | G10: ='August ''24'!C10 -> 1
A11: Yeast Storage Duration | B11: % | C11: ='[10]FTR Fermentation'!$M$356 -> 0.83333333 | E11: Yeast Storage Duration | F11: % | G11: ='August ''24'!C11 -> 0.83333333
A12: Fermentation Speed | B12: % | C12: ='[10]FTR Fermentation'!$I$356 -> 0.875 | E12: Fermentation Speed | F12: % | G12: ='August ''24'!C12 -> 0.875
A14: FTR BBT | B14: % | C14: ='[10]FTR BBT'!$N$615 -> 1 | E14: FTR BBT | F14: % | G14: ='[10]FTR BBT'!$O$615 -> 1
A15: Original Gravity | B15: % | C15: ='[10]FTR BBT'!$D$615 -> 0.98701299 | E15: Original Gravity | F15: % | G15: ='August ''24'!C15 -> 0.98701299
A16: Colour | B16: % | C16: ='[10]FTR BBT'!$J$615 -> 1 | E16: Colour | F16: %
A17: CO2 | B17: % | C17: ='[10]FTR BBT'!$H$615 -> 1 | E17: CO2 | F17: % | G17: ='August ''24'!C17 -> 1
A18: DO | B18: % | C18: ='[10]FTR BBT'!$F$615 -> 1 | E18: DO | F18: % | G18: ='August ''24'!C18 -> 1
A20: FTR Packaging | B20: % | C20: ='[10]FTR Packaging'!$L$430 -> 0.96078431 | E20: FTR Packaging | G20: ='August ''24'!C20 -> 0.96078431
A21: PU | B21: % | C21: ='[10]FTR Packaging'!$F$430 -> 0.96 | E21: PU | G21: ='August ''24'!C21 -> 0.96
A22: Fill Volume | B22: % | C22: ='[10]FTR Packaging'!$D$430 -> 0.98039216 | E22: Fill Volume | G22: ='August ''24'!C22 -> 0.98039216
A23: Packaging Index | B23: % | C23: ='[10]FTR Packaging'!$J$430 -> 0.91836735 | E23: Packaging Index | G23: ='August ''24'!C23 -> 0.91836735
A25: FTR Micro | B25: % | C25: 0.869 | E25: FTR Micro
A26: MicroPack - MicroTunnel | B26: % | C26: 1 | E26: MicroPack - MicroTunnel
A27: MicroBeer - MicroFerment | B27: % | C27: 0.869 | E27: MicroBeer - MicroFerment
A29: FTR Finished Product | B29: % | C29: ='[10]FTR Finished Product'!$L$444 -> 0 | E29: FTR Finished Product | F29: % | G29: ='[10]FTR Finished Product'!$M$444 -> 0
A30: Colour | B30: % | C30: ='[10]FTR Finished Product'!$J$444 -> 0 | E30: Colour | F30: %
A31: ISO-H | B31: % | C31: ='[10]FTR Finished Product'!$F$444 -> 0 | E31: ISO-H | F31: % | G31: ='August ''24'!C31 -> 0
A32: Original Gravity | B32: % | C32: ='[10]FTR Finished Product'!$D$444 -> 0 | E32: Original Gravity | F32: % | G32: ='August ''24'!C32 -> 0
A33: TOP | B33: % | C33: ='[10]FTR Finished Product'!$H$444 -> 0 | E33: TOP | F33: % | G33: ='August ''24'!C33 -> 0
C35: =(C2+C7+C14+C20+C25+C29)/6 -> 0.6972776 | G35: =(G2+G7+G14+G20+G25+G29)/6 -> 0.55244427
B36: YTD | C36: =AVERAGE('January ''25'!C37,'February ''24'!C38,'March ''24'!C36,'April ''24'!C36,#REF!,'June ''24 '!C36,'July ''24'!C35,C35) -> #REF! | E36: With-out Colour | F36: YTD | G36: =AVERAGE('January ''25'!G37,'February ''24'!G38,'March ''24'!G36,'April ''24'!G36,#REF!,'June ''24 '!G36,'July ''24'!G35,'August ''24'!G35) -> #REF!

Sheet September '24 
A1: KPI- Sept | C1: Actual | E1: KPI- Without colour | G1: Actual
A2: FTR Brewing | B2: % | C2: ='[10]FTR Brewhouse'!$I$1510 -> 0.3828125 | E2: FTR Brewing | F2: % | G2: ='September ''24 '!C2 -> 0.3828125
A3: Cast Gravity | B3: % | C3: ='[10]FTR Brewhouse'!$C$1510 -> 0.953125 | E3: Cast Gravity | F3: % | G3: ='September ''24 '!C3 -> 0.953125
A4: Brewing Time | B4: % | C4: ='[10]FTR Brewhouse'!$E$1510 -> 0.4140625 | E4: Brewing Time | F4: % | G4: ='September ''24 '!C4 -> 0.4140625
A5: Aeration Level | B5: % | C5: ='[10]FTR Brewhouse'!$G$1510 -> 1 | E5: Aeration Level | F5: % | G5: ='September ''24 '!C5 -> 1
A7: FTR Fermentation | B7: % | C7: ='[10]FTR Fermentation'!$P$385 -> 0.63636364 | E7: FTR Fermentation | F7: % | G7: ='September ''24 '!C7 -> 0.63636364
A8: FVSV Fill Duration | B8: % | C8: ='[10]FTR Fermentation'!$D$385 -> 0.72727273 | E8: FVSV Fill Duration | F8: % | G8: ='September ''24 '!C8 -> 0.72727273
A9: Yeast Dosage | B9: % | C9: ='[10]FTR Fermentation'!$G$385 -> 1 | E9: Yeast Dosage | F9: % | G9: ='September ''24 '!C9 -> 1
A10: Pitched Yeast Stain | B10: % | C10: ='[10]FTR Fermentation'!$K$385 -> 1 | E10: Pitched Yeast Stain | F10: % | G10: ='September ''24 '!C10 -> 1
A11: Yeast Storage Duration | B11: % | C11: ='[10]FTR Fermentation'!$M$385 -> 0.91304348 | E11: Yeast Storage Duration | F11: % | G11: ='September ''24 '!C11 -> 0.91304348
A12: Fermentation Speed | B12: % | C12: ='[10]FTR Fermentation'!$I$385 -> 1 | E12: Fermentation Speed | F12: % | G12: ='September ''24 '!C12 -> 1
A14: FTR BBT | B14: % | C14: ='[10]FTR BBT'!$N$690 -> 0.97101449 | E14: FTR BBT | F14: % | G14: ='[10]FTR BBT'!$O$690 -> 0.97014925
A15: Original Gravity | B15: % | C15: ='[10]FTR BBT'!$D$690 -> 0.98550725 | E15: Original Gravity | F15: % | G15: ='September ''24 '!C15 -> 0.98550725
A16: Colour | B16: % | C16: ='[10]FTR BBT'!$J$690 -> 1 | E16: Colour | F16: %
A17: CO2 | B17: % | C17: ='[10]FTR BBT'!$H$690 -> 1 | E17: CO2 | F17: % | G17: ='[10]FTR BBT'!$H$690 -> 1
A18: DO | B18: % | C18: ='[10]FTR BBT'!$F$690 -> 1 | E18: DO | F18: % | G18: ='[10]FTR BBT'!$F$690 -> 1
A20: FTR Packaging | B20: % | C20: ='[10]FTR Packaging'!$L$479 -> 0.94736842 | E20: FTR Packaging | F20: % | G20: ='September ''24 '!C20 -> 0.94736842
A21: PU | B21: % | C21: ='[10]FTR Packaging'!$F$479 -> 0.97297297 | E21: PU | F21: % | G21: ='September ''24 '!C21 -> 0.97297297
A22: Fill Volume | B22: % | C22: ='[10]FTR Packaging'!$D$479 -> 1 | E22: Fill Volume | F22: % | G22: ='September ''24 '!C22 -> 1
A23: Packaging Index | B23: % | C23: ='[10]FTR Packaging'!$J$479 -> 0.97368421 | E23: Packaging Index | F23: % | G23: ='September ''24 '!C23 -> 0.97368421
A25: FTR Micro | B25: % | C25: 0.80898 | E25: FTR Micro | F25: % | G25: ='September ''24 '!C25 -> 0.80898
A26: MicroPack - MicroTunnel | B26: % | C26: 1 | E26: MicroPack - MicroTunnel | F26: % | G26: ='September ''24 '!C26 -> 1
A27: MicroBeer - MicroFerment | B27: % | C27: 0.8089 | E27: MicroBeer - MicroFerment | F27: % | G27: ='September ''24 '!C27 -> 0.8089
A29: FTR Finished Product | B29: % | C29: ='[10]FTR Finished Product'!$L$490 -> 1 | E29: FTR Finished Product | F29: % | G29: ='[10]FTR Finished Product'!$M$488 -> 1
A30: Colour | B30: % | C30: ='[10]FTR Finished Product'!$J$490 -> 126.9 | E30: Colour | F30: % | G30: ='September ''24 '!C30 -> 126.9
A31: ISO-H | B31: % | C31: ='[10]FTR Finished Product'!$F$490 -> 14.3 | E31: ISO-H | F31: % | G31: ='September ''24 '!C31 -> 14.3
A32: Original Gravity | B32: % | C32: ='[10]FTR Finished Product'!$D$490 -> 16.4 | E32: Original Gravity | F32: % | G32: ='September ''24 '!C32 -> 16.4
A33: TOP | B33: % | C33: ='[10]FTR Finished Product'!$H$490 -> 0.25 | E33: TOP | F33: % | G33: ='September ''24 '!C33 -> 0.25
C35: =(C2+C7+C14+C20+C25+C29)/6 -> 0.79108984 | G35: =(G2+G7+G14+G20+G25+G29)/6 -> 0.79094564
B36: YTD | C36: =AVERAGE('January ''25'!C37,'February ''24'!C38,'March ''24'!C36,'April ''24'!C36,#REF!,'June ''24 '!C36,'July ''24'!C35,'August ''24'!C35,C35) -> #REF! | E36: With-out Colour | F36: YTD | G36: =AVERAGE('January ''25'!G37,'February ''24'!G38,'March ''24'!G36,'April ''24'!G36,#REF!,'June ''24 '!G36,'July ''24'!G35,'August ''24'!G35,'September ''24 '!G35) -> #REF!

Sheet October '24 
A1: KPI | C1: Actual | E1: KPI- Without colour | G1: Actual
A2: FTR Brewing | B2: % | C2: ='[10]FTR Brewhouse'!$I$1649 -> 0.42063492 | E2: FTR Brewing | F2: % | G2: ='[10]FTR Brewhouse'!#REF! -> #REF!
A3: Cast Gravity | B3: % | C3: ='[10]FTR Brewhouse'!$C$1649 -> 0.93650794 | E3: Cast Gravity | F3: % | G3: ='[10]FTR Brewhouse'!#REF! -> #REF!
A4: Brewing Time | B4: % | C4: ='[10]FTR Brewhouse'!$E$1649 -> 0.45238095 | E4: Brewing Time | F4: % | G4: ='[10]FTR Brewhouse'!#REF! -> #REF!
A5: Aeration Level | B5: % | C5: ='[10]FTR Brewhouse'!$G$1649 -> 0.99047619 | E5: Aeration Level | F5: % | G5: ='[10]FTR Brewhouse'!#REF! -> #REF!
A7: FTR Fermentation | B7: % | C7: ='[10]FTR Fermentation'!$P$410 -> 0.55555556 | E7: FTR Fermentation | F7: % | G7: ='[10]FTR Fermentation'!#REF! -> #REF!
A8: FVSV Fill Duration | B8: % | C8: ='[10]FTR Fermentation'!$D$410 -> 0.7 | E8: FVSV Fill Duration | F8: % | G8: ='[10]FTR Fermentation'!#REF! -> #REF!
A9: Yeast Dosage | B9: % | C9: ='[10]FTR Fermentation'!$G$410 -> 1 | E9: Yeast Dosage | F9: % | G9: ='[10]FTR Fermentation'!#REF! -> #REF!
A10: Pitched Yeast Stain | B10: % | C10: ='[10]FTR Fermentation'!$K$410 -> 1 | E10: Pitched Yeast Stain | F10: % | G10: ='[10]FTR Fermentation'!#REF! -> #REF!
A11: Yeast Storage Duration | B11: % | C11: ='[10]FTR Fermentation'!$M$410 -> 0.77777778 | E11: Yeast Storage Duration | F11: % | G11: ='[10]FTR Fermentation'!#REF! -> #REF!
A12: Fermentation Speed | B12: % | C12: ='[10]FTR Fermentation'!$I$410 -> 1 | E12: Fermentation Speed | F12: % | G12: ='[10]FTR Fermentation'!#REF! -> #REF!
A14: FTR BBT | B14: % | C14: ='[10]FTR BBT'!$N$777 -> 0.93333333 | E14: FTR BBT | F14: % | G14: ='[10]FTR BBT'!$N$777 -> 0.93333333
A15: Original Gravity | B15: % | C15: ='[10]FTR BBT'!$D$777 -> 0.97619048 | E15: Original Gravity | F15: % | G15: ='[10]FTR BBT'!$D$777 -> 0.97619048
A16: Colour | B16: % | C16: ='[10]FTR BBT'!$J$777 -> 0.96428571 | E16: Colour | F16: %
A17: CO2 | B17: % | C17: ='[10]FTR BBT'!$H$777 -> 0.98734177 | E17: CO2 | F17: % | G17: ='[10]FTR BBT'!$H$777 -> 0.98734177
A18: DO | B18: % | C18: ='[10]FTR BBT'!$F$777 -> 1 | E18: DO | F18: % | G18: ='[10]FTR BBT'!$F$777 -> 1
A20: FTR Packaging | B20: % | C20: ='[10]FTR Packaging'!$L$541 -> 0.92982456 | E20: FTR Packaging | F20: % | G20: ='[10]FTR Packaging'!$L$541 -> 0.92982456
A21: PU | B21: % | C21: ='[10]FTR Packaging'!$F$541 -> 0.91836735 | E21: PU | F21: % | G21: ='[10]FTR Packaging'!$F$541 -> 0.91836735
A22: Fill Volume | B22: % | C22: ='[10]FTR Packaging'!$D$541 -> 1 | E22: Fill Volume | F22: % | G22: ='[10]FTR Packaging'!$D$541 -> 1
A23: Packaging Index | B23: % | C23: ='[10]FTR Packaging'!$J$541 -> 1 | E23: Packaging Index | F23: % | G23: ='[10]FTR Packaging'!$J$541 -> 1
A25: FTR Micro | B25: % | C25: 0.869 | E25: FTR Micro | F25: % | G25: ='October ''24 '!C25 -> 0.869
A26: MicroPack - MicroTunnel | B26: % | C26: 1 | E26: MicroPack - MicroTunnel | F26: % | G26: ='October ''24 '!C26 -> 1
A27: MicroBeer - MicroFerment | B27: % | C27: 0.869 | E27: MicroBeer - MicroFerment | F27: % | G27: ='October ''24 '!C27 -> 0.869
A29: FTR Finished Product | B29: % | C29: ='[10]FTR Finished Product'!$L$552 -> 1 | E29: FTR Finished Product | F29: % | G29: ='[10]FTR Finished Product'!$L$552 -> 1
A30: Colour | B30: % | C30: ='[10]FTR Finished Product'!$J$552 -> 6.35 | E30: Colour | F30: %
A31: ISO-H | B31: % | C31: ='[10]FTR Finished Product'!$F$552 -> 13 | E31: ISO-H | F31: % | G31: ='[10]FTR Finished Product'!$F$552 -> 13
A32: Original Gravity | B32: % | C32: ='[10]FTR Finished Product'!$D$552 -> 1.95 | E32: Original Gravity | F32: % | G32: ='[10]FTR Finished Product'!$D$552 -> 1.95
A33: TOP | B33: % | C33: ='[10]FTR Finished Product'!$H$552 -> 0.02 | E33: TOP | F33: % | G33: ='[10]FTR Finished Product'!$H$552 -> 0.02
C35: =(C2+C7+C14+C20+C25+C29)/6 -> 0.78472473 | G35: =(G2+G7+G14+G20+G25+G29)/6 -> #REF!
B36: YTD | C36: =AVERAGE('January ''25'!C37,'February ''24'!C38,'March ''24'!C36,'April ''24'!C36,#REF!,'June ''24 '!C36,'July ''24'!C35,'August ''24'!C35,'September ''24 '!C35,'October ''24 '!C35) -> #REF! | E36: With-out Colour | F36: YTD | G36: =AVERAGE('January ''25'!G37,'February ''24'!G38,'March ''24'!G36,'April ''24'!G36,#REF!,'June ''24 '!G36,'July ''24'!G35,'August ''24'!G35,'September ''24 '!G35,'October ''24 '!G35) -> #REF!

Sheet November '24 
A1: KPI | C1: Actual | E1: KPI- Without colour | G1: Actual
A2: FTR Brewing | B2: % | C2: ='[10]FTR Brewhouse'!$I$1818 -> 0.48780488 | E2: FTR Brewing | F2: % | G2: ='November ''24 '!C2 -> 0.48780488
A3: Cast Gravity | B3: % | C3: ='[10]FTR Brewhouse'!$C$1818 -> 0.9695122 | E3: Cast Gravity | F3: % | G3: ='November ''24 '!C3 -> 0.9695122
A4: Brewing Time | B4: % | C4: ='[10]FTR Brewhouse'!$E$1818 -> 0.51829268 | E4: Brewing Time | F4: % | G4: ='November ''24 '!C4 -> 0.51829268
A5: Aeration Level | B5: % | C5: ='[10]FTR Brewhouse'!$G$1818 -> 1 | E5: Aeration Level | F5: % | G5: ='November ''24 '!C5 -> 1
A7: FTR Fermentation | B7: % | C7: ='[10]FTR Fermentation'!$P$446 -> 0.20833333 | E7: FTR Fermentation | F7: % | G7: ='November ''24 '!C7 -> 0.20833333
A8: FVSV Fill Duration | B8: % | C8: ='[10]FTR Fermentation'!$D$446 -> 0.61538462 | E8: FVSV Fill Duration | F8: % | G8: ='November ''24 '!C8 -> 0.61538462
A9: Yeast Dosage | B9: % | C9: ='[10]FTR Fermentation'!$G$446 -> 0.92 | E9: Yeast Dosage | F9: % | G9: ='November ''24 '!C9 -> 0.92
A10: Pitched Yeast Stain | B10: % | C10: ='[10]FTR Fermentation'!$K$446 -> 1 | E10: Pitched Yeast Stain | F10: % | G10: ='November ''24 '!C10 -> 1
A11: Yeast Storage Duration | B11: % | C11: ='[10]FTR Fermentation'!$M$446 -> 0.66666667 | E11: Yeast Storage Duration | F11: % | G11: ='November ''24 '!C11 -> 0.66666667
A12: Fermentation Speed | B12: % | C12: ='[10]FTR Fermentation'!$I$446 -> 0.5 | E12: Fermentation Speed | F12: % | G12: ='November ''24 '!C12 -> 0.5
A14: FTR BBT | B14: % | C14: ='[10]FTR BBT'!$N$855 -> 0.91176471 | E14: FTR BBT | F14: % | G14: ='[10]FTR BBT'!$O$855 -> 0.98529412
A15: Original Gravity | B15: % | C15: ='[10]FTR BBT'!$D$855 -> 1 | E15: Original Gravity | F15: % | G15: ='November ''24 '!C15 -> 1
A16: Colour | B16: % | C16: ='[10]FTR BBT'!$J$855 -> 0.92857143 | E16: Colour | F16: %
A17: CO2 | B17: % | C17: ='[10]FTR BBT'!$H$855 -> 1 | E17: CO2 | F17: % | G17: ='November ''24 '!C17 -> 1
A18: DO | B18: % | C18: ='[10]FTR BBT'!$F$855 -> 1 | E18: DO | F18: % | G18: ='November ''24 '!C18 -> 1
A20: FTR Packaging | B20: % | C20: ='[10]FTR Packaging'!$L$596 -> 0.91666667 | E20: FTR Packaging | F20: % | G20: ='November ''24 '!C20 -> 0.91666667
A21: PU | B21: % | C21: ='[10]FTR Packaging'!$F$596 -> 0.91836735 | E21: PU | F21: % | G21: ='November ''24 '!C21 -> 0.91836735
A22: Fill Volume | B22: % | C22: ='[10]FTR Packaging'!$D$596 -> 1 | E22: Fill Volume | F22: % | G22: ='November ''24 '!C22 -> 1
A23: Packaging Index | B23: % | C23: ='[10]FTR Packaging'!$J$596 -> 1 | E23: Packaging Index | F23: % | G23: ='November ''24 '!C23 -> 1
A25: FTR Micro | B25: % | C25: 0.852 | E25: FTR Micro | F25: % | G25: ='November ''24 '!C25 -> 0.852
A26: MicroPack - MicroTunnel | B26: % | C26: 1 | E26: MicroPack - MicroTunnel | F26: % | G26: ='November ''24 '!C26 -> 1
A27: MicroBeer - MicroFerment | B27: % | C27: 0.852 | E27: MicroBeer - MicroFerment | F27: % | G27: ='November ''24 '!C27 -> 0.852
A29: FTR Finished Product | B29: % | C29: ='[10]FTR Finished Product'!$L$611 -> 0 | E29: FTR Finished Product | F29: % | G29: ='[10]FTR Finished Product'!$M$611 -> 0
A30: Colour | B30: % | C30: ='[10]FTR Finished Product'!$J$611 -> 0 | E30: Colour | F30: % | G30: ='November ''24 '!C30 -> 0
A31: ISO-H | B31: % | C31: ='[10]FTR Finished Product'!$F$611 -> 0 | E31: ISO-H | F31: % | G31: ='November ''24 '!C31 -> 0
A32: Original Gravity | B32: % | C32: ='[10]FTR Finished Product'!$D$611 -> 0 | E32: Original Gravity | F32: % | G32: ='November ''24 '!C32 -> 0
A33: TOP | B33: % | C33: ='[10]FTR Finished Product'!$H$611 -> 0 | E33: TOP | F33: % | G33: ='November ''24 '!C33 -> 0
C35: =(C2+C7+C14+C20+C25+C29)/6 -> 0.5627616 | G35: =(G2+G7+G14+G20+G25+G29)/6 -> 0.5750165
B36: YTD | C36: =AVERAGE('January ''25'!C37,'February ''24'!C38,'March ''24'!C36,'April ''24'!C36,#REF!,'June ''24 '!C36,'July ''24'!C35,'August ''24'!C35,'September ''24 '!C35,'October ''24 '!C35,C35) -> #REF! | E36: With-out Colour | F36: YTD | G36: =AVERAGE('January ''25'!G37,'February ''24'!G38,'March ''24'!G36,'April ''24'!G36,#REF!,'June ''24 '!G36,'July ''24'!G35,'August ''24'!G35,'September ''24 '!G35,'October ''24 '!G35,'November ''24 '!G35) -> #REF!

Sheet December '24
A1: KPI | C1: Actual | E1: KPI- Without colour | G1: Actual
A2: FTR Brewing | B2: % | C2: ='[10]FTR Brewhouse'!$I$1993 -> 0 | E2: FTR Brewing | F2: % | G2: ='[10]FTR Brewhouse'!$I$1986 -> 0
A3: Cast Gravity | B3: % | C3: ='[10]FTR Brewhouse'!$C$1993 -> 0 | E3: Cast Gravity | F3: % | G3: ='[10]FTR Brewhouse'!$C$1986 -> 0
A4: Brewing Time | B4: % | C4: ='[10]FTR Brewhouse'!$E$1993 -> 0 | E4: Brewing Time | F4: % | G4: ='[10]FTR Brewhouse'!$E$1986 -> 0
A5: Aeration Level | B5: % | C5: ='[10]FTR Brewhouse'!$G$1993 -> 0 | E5: Aeration Level | F5: % | G5: ='[10]FTR Brewhouse'!$G$1986 -> 0
A7: FTR Fermentation | B7: % | C7: ='[10]FTR Fermentation'!$P$482 -> 0.23076923 | E7: FTR Fermentation | F7: % | G7: #N/A
A8: FVSV Fill Duration | B8: % | C8: ='[10]FTR Fermentation'!$D$482 -> 0.58333333 | E8: FVSV Fill Duration | F8: % | G8: #DIV/0!
A9: Yeast Dosage | B9: % | C9: ='[10]FTR Fermentation'!$G$482 -> 1 | E9: Yeast Dosage | F9: % | G9: #DIV/0!
A10: Pitched Yeast Stain | B10: % | C10: ='[10]FTR Fermentation'!$K$482 -> 1 | E10: Pitched Yeast Stain | F10: % | G10: #DIV/0!
A11: Yeast Storage Duration | B11: % | C11: ='[10]FTR Fermentation'!$M$482 -> 0.42307692 | E11: Yeast Storage Duration | F11: % | G11: #DIV/0!
A12: Fermentation Speed | B12: % | C12: ='[10]FTR Fermentation'!$I$482 -> 0.73076923 | E12: Fermentation Speed | F12: % | G12: #DIV/0!
A14: FTR BBT | B14: % | C14: ='[10]FTR BBT'!$N$973 -> 0 | E14: FTR BBT | F14: % | G14: 1
A15: Original Gravity | B15: % | C15: ='[10]FTR BBT'!$D$973 -> 0 | E15: Original Gravity | F15: % | G15: 1
A16: Colour | B16: % | C16: ='[10]FTR BBT'!$J$973 -> 0 | E16: Colour | F16: %
A17: CO2 | B17: % | C17: ='[10]FTR BBT'!$H$973 -> 0 | E17: CO2 | F17: % | G17: 1
A18: DO | B18: % | C18: ='[10]FTR BBT'!$F$973 -> 0 | E18: DO | F18: % | G18: 1
A20: FTR Packaging | B20: % | C20: ='[10]FTR Packaging'!$L$677 -> 0.93939394 | E20: FTR Packaging | F20: % | G20: ='[10]FTR Packaging'!$L$677 -> 0.93939394
A21: PU | B21: % | C21: ='[10]FTR Packaging'!$F$677 -> 0.96923077 | E21: PU | F21: % | G21: ='[10]FTR Packaging'!$F$677 -> 0.96923077
A22: Fill Volume | B22: % | C22: ='[10]FTR Packaging'!$D$677 -> 1 | E22: Fill Volume | F22: % | G22: ='[10]FTR Packaging'!$D$677 -> 1
A23: Packaging Index | B23: % | C23: ='[10]FTR Packaging'!$J$677 -> 1 | E23: Packaging Index | F23: % | G23: ='[10]FTR Packaging'!$J$677 -> 1
A25: FTR Micro | B25: % | E25: FTR Micro | F25: %
A26: MicroPack - MicroTunnel | B26: % | E26: MicroPack - MicroTunnel | F26: %
A27: MicroBeer - MicroFerment | B27: % | E27: MicroBeer - MicroFerment | F27: %
A29: FTR Finished Product | B29: % | C29: ='[10]FTR Finished Product'!$L$693 -> 0 | E29: FTR Finished Product | F29: % | G29: ='[10]FTR Finished Product'!$M$693 -> 0
A30: Colour | B30: % | C30: ='[10]FTR Finished Product'!$J$693 -> 0 | E30: Colour | F30: % | G30: ='[10]FTR Finished Product'!$J$693 -> 0
A31: ISO-H | B31: % | C31: ='[10]FTR Finished Product'!$F$693 -> 0 | E31: ISO-H | F31: % | G31: ='[10]FTR Finished Product'!$F$693 -> 0
A32: Original Gravity | B32: % | C32: ='[10]FTR Finished Product'!$D$693 -> 0 | E32: Original Gravity | F32: % | G32: ='[10]FTR Finished Product'!$D$693 -> 0
A33: TOP | B33: % | C33: ='[10]FTR Finished Product'!$H$693 -> 0 | E33: TOP | F33: % | G33: ='[10]FTR Finished Product'!$H$693 -> 0
C35: =(C2+C7+C14+C20+C25+C29)/5 -> 0.23403263 | G35: =(G2+G7+G14+G20+G25+G29)/6 -> #N/A
B36: YTD | C36: =AVERAGE('January ''25'!C37,'February ''24'!C38,'March ''24'!C36,'April ''24'!C36,#REF!,'June ''24 '!C36,'July ''24'!C35,'August ''24'!C35,'September ''24 '!C35,'October ''24 '!C35,'November ''24 '!C35,C35) -> #REF! | E36: With-out Colour | F36: YTD | G36: =AVERAGE('January ''25'!G37,'February ''24'!G38,'March ''24'!G36,'April ''24'!G36,#REF!,'June ''24 '!G36,'July ''24'!G35,'August ''24'!G35,'September ''24 '!G35,'October ''24 '!G35,'November ''24 '!G35,'December ''24'!G35) -> #REF!

Sheet May '20
A1: KPI | C1: Actual
A2: FTR Brewing | B2: % | C2: ='[12]FTR Brewhouse'!$I$846 -> 0.64788732
A3: Cast Gravity | B3: % | C3: ='[12]FTR Brewhouse'!$C$846 -> 0.7260274
A4: Brewing Time | B4: % | C4: ='[12]FTR Brewhouse'!$E$846 -> 0.91780822
A5: Aeration Level | B5: %
A7: FTR Fermentation | B7: % | C7: ='[12]FTR Fermentation'!$P$233 -> 0.5
A8: FVSV Fill Duration | B8: % | C8: ='[12]FTR Fermentation'!$D$233 -> 0.70588235
A9: Yeast Dosage | B9: % | C9: ='[12]FTR Fermentation'!$G$233 -> 1
A10: Pitched Yeast Stain | B10: % | C10: ='[12]FTR Fermentation'!$K$233 -> 0.75
A11: Yeast Storage Duration | B11: % | C11: ='[12]FTR Fermentation'!$M$233 -> 0.9375
A12: Fermentation Speed | B12: % | C12: ='[12]FTR Fermentation'!$I$233 -> 0.875
A14: FTR BBT | B14: % | C14: ='[12]FTR BBT'!$N$493 -> 0.40816327
A15: Original Gravity | B15: % | C15: ='[12]FTR BBT'!$D$493 -> 0.97959184
A16: Colour | B16: % | C16: ='[12]FTR BBT'!$J$493 -> 0.40816327
A17: CO2 | B17: % | C17: ='[12]FTR BBT'!$H$493 -> 1
A18: DO | B18: % | C18: ='[12]FTR BBT'!$F$493 -> #DIV/0!
A20: FTR Packaging | B20: % | C20: ='[12]FTR Packaging'!$L$458 -> 0.66666667
A21: PU | B21: % | C21: ='[12]FTR Packaging'!$F$458 -> 0.65
A22: Fill Volume | B22: % | C22: ='[12]FTR Packaging'!$D$458 -> 1
A25: FTR Micro | B25: % | C25: 0.941
A26: MicroPack - MicroTunnel | B26: % | C26: 1
A27: MicroBeer - MicroFerment | B27: % | C27: 0.941
A29: FTR Finished Product | B29: % | C29: ='[12]FTR Finished Product'!$N$378 -> 0.36585366
A30: Colour | B30: % | C30: ='[12]FTR Finished Product'!$K$378 -> 0.3902439
A31: ISO-H | B31: % | C31: ='[12]FTR Finished Product'!$F$378 -> 0.82857143
A32: Original Gravity | B32: % | C32: ='[12]FTR Finished Product'!$D$378 -> 1
A33: TOP | B33: %
C35: =AVERAGE(C2,C7,C14,C20,C25,C29) -> 0.58826182 | E35: YTD | F35: =AVERAGE('January ''25'!C37,'February ''24'!#REF!,'March ''24'!C36,'April ''24'!C36,C35) -> #REF!

Sheet June'20
A1: KPI | C1: Actual
A2: FTR Brewing | B2: % | C2: ='[12]FTR Brewhouse'!$I$1015 -> 0.71969697
A3: Cast Gravity | B3: % | C3: ='[12]FTR Brewhouse'!$C$1015 -> 0.87857143
A4: Brewing Time | B4: % | C4: ='[12]FTR Brewhouse'!$E$1015 -> 0.90714286
A5: Aeration Level | B5: %
A7: FTR Fermentation | B7: % | C7: ='[12]FTR Fermentation'!$P$270 -> 0.77272727
A8: FVSV Fill Duration | B8: % | C8: ='[12]FTR Fermentation'!$D$270 -> 0.95454545
A9: Yeast Dosage | B9: % | C9: ='[12]FTR Fermentation'!$G$270 -> 1
A10: Pitched Yeast Stain | B10: % | C10: ='[12]FTR Fermentation'!$K$270 -> 1
A11: Yeast Storage Duration | B11: % | C11: ='[12]FTR Fermentation'!$M$270 -> 0.90909091
A12: Fermentation Speed | B12: % | C12: ='[12]FTR Fermentation'!$I$270 -> 0.86363636
A14: FTR BBT | B14: % | C14: ='[12]FTR BBT'!$N$590 -> 0.64814815
A15: Original Gravity | B15: % | C15: ='[12]FTR BBT'!$D$590 -> 0.98181818
A16: Colour | B16: % | C16: ='[12]FTR BBT'!$J$590 -> 0.66666667
A17: CO2 | B17: % | C17: ='[12]FTR BBT'!$H$590 -> 1
A18: DO | B18: % | C18: ='[12]FTR BBT'!$F$590 -> #DIV/0!
A20: FTR Packaging | B20: % | C20: ='[12]FTR Packaging'!$L$553 -> 0.61904762
A21: PU | B21: % | C21: ='[12]FTR Packaging'!$F$553 -> 0.61904762
A22: Fill Volume | B22: % | C22: ='[12]FTR Packaging'!$D$553 -> 1
A25: FTR Micro | B25: % | C25: 0.855
A26: MicroPack - MicroTunnel | B26: % | C26: 1
A27: MicroBeer - MicroFerment | B27: % | C27: 0.855
A29: FTR Finished Product | B29: % | C29: ='[12]FTR Finished Product'!$N$451 -> 0.63414634
A30: Colour | B30: % | C30: ='[12]FTR Finished Product'!$K$451 -> 0.725
A31: ISO-H | B31: % | C31: ='[12]FTR Finished Product'!$F$451 -> 1
A32: Original Gravity | B32: % | C32: ='[12]FTR Finished Product'!$D$451 -> 0.9
A33: TOP | B33: %
C35: =AVERAGE(C2,C7,C14,C20,C25,C29) -> 0.70812773 | E35: YTD | F35: =AVERAGE('January ''25'!C37,'February ''24'!#REF!,'March ''24'!C36,'April ''24'!C36,'May ''20'!C35,C35) -> #REF!

Sheet September '20
A1: KPI | C1: Target
A2: FTR Brewing | B2: % | C2: ='[12]FTR Brewhouse'!$I$1569 -> 0.72897196
A3: Cast Gravity | B3: % | C3: ='[12]FTR Brewhouse'!$C$1569 -> 0.85046729
A4: Brewing Time | B4: % | C4: ='[12]FTR Brewhouse'!$E$1569 -> 0.85981308
A5: Aeration Level | B5: %
A7: FTR Fermentation | B7: % | C7: ='[12]FTR Fermentation'!$P$385 -> 0.16666667
A8: FVSV Fill Duration | B8: % | C8: ='[12]FTR Fermentation'!$D$385 -> 0.94444444
A9: Yeast Dosage | B9: % | C9: ='[12]FTR Fermentation'!$G$385 -> 0.94444444
A10: Pitched Yeast Stain | B10: % | C10: ='[12]FTR Fermentation'!$K$385 -> 0.11111111
A11: Yeast Storage Duration | B11: % | C11: ='[12]FTR Fermentation'!$M$308 -> 0.96969697
A12: Fermentation Speed | B12: % | C12: ='[12]FTR Fermentation'!$I$385 -> 0.83333333
A14: FTR BBT | B14: % | C14: ='[12]FTR BBT'!$N$911 -> 0.45205479
A15: Original Gravity | B15: % | C15: ='[12]FTR BBT'!$D$911 -> 0.97260274
A16: Colour | B16: % | C16: ='[12]FTR BBT'!$J$911 -> 0.47945205
A17: CO2 | B17: % | C17: ='[12]FTR BBT'!$H$804 -> 1
A18: DO | B18: % | C18: ='[12]FTR BBT'!$F$804 -> 1
A20: FTR Packaging | B20: % | C20: ='[12]FTR Packaging'!$L$835 -> 0.69642857
A21: PU | B21: % | C21: ='[12]FTR Packaging'!$F$835 -> 0.73214286
A22: Fill Volume | B22: % | C22: ='[12]FTR Packaging'!$D$835 -> 0.96296296
A25: FTR Micro | B25: % | C25: 0.716
A26: MicroPack - MicroTunnel | B26: % | C26: 1
A27: MicroBeer - MicroFerment | B27: % | C27: 0.716
A29: FTR Finished Product | B29: % | C29: ='[12]FTR Finished Product'!$N$665 -> 0.30357143
A30: Colour | B30: % | C30: ='[12]FTR Finished Product'!$K$665 -> 0.43636364
A31: ISO-H | B31: % | C31: ='[12]FTR Finished Product'!$F$665 -> 0.90243902
A32: Original Gravity | B32: % | C32: ='[12]FTR Finished Product'!$D$665 -> 0.94545455
A33: TOP | B33: %
C35: =AVERAGE(C2,C7,C14,C20,C25,C29) -> 0.51061557 | E35: YTD | F35: =AVERAGE('January ''25'!C37,'February ''24'!#REF!,'March ''24'!C36,'April ''24'!C36,'May ''20'!C35,'June''20'!C35,#REF!,#REF!,'September ''20'!C35) -> #REF!

Sheet November '18
A1: KPI | C1: Target
A2: FTR Brewing | B2: % | C2: ='[13]FTR Brewhouse'!$I$3240 -> 0.43708609
A3: Cast Gravity | B3: % | C3: ='[13]FTR Brewhouse'!$C$3240 -> 0.8013245
A4: Process Time | B4: % | C4: ='[13]FTR Brewhouse'!$E$3240 -> 0.50993377
A6: FTR Fermentation | B6: % | C6: ='[13]FTR Fermentation'!$P$811 -> 0.64285714
A7: FVSV Fill Duration | B7: % | C7: ='[13]FTR Fermentation'!$D$811 -> 0.78571429
A8: Yeast Dosage | B8: % | C8: ='[13]FTR Fermentation'!$G$811 -> 1
A9: Pitched Yeast Stain | B9: % | C9: ='[13]FTR Fermentation'!$K$811 -> 1
A10: Yeast Storage Duration | B10: % | C10: ='[13]FTR Fermentation'!$M$811 -> 0.92857143
A11: Harvest Moment | B11: % | C11: -
A12: Fermentation Speed | B12: % | C12: ='[13]FTR Fermentation'!$I$811 -> 0.85714286
A14: FTR BBT | B14: % | C14: ='[13]FTR BBT'!$M$1806 -> 0.5
A15: Original Gravity | B15: % | C15: ='[13]FTR BBT'!$D$1806 -> 0.89393939
A16: Colour | B16: % | C16: ='[13]FTR BBT'!$K$1806 -> 0.59090909
A17: Haze - H90 | B17: % | C17: -
A18: Haze - H25 | B18: % | C18: -
A19: CO2 | B19: % | C19: ='[13]FTR BBT'!$H$1806 -> 1
A20: DO | B20: % | C20: ='[13]FTR BBT'!$F$1806 -> #DIV/0!
A21: Turbidity | B21: % | C21: -
A23: FTR Packaging | B23: % | C23: ='[13]FTR Packaging'!$L$1344 -> 0.87719298
A24: PU | B24: % | C24: ='[13]FTR Packaging'!$F$1344 -> 0.90384615
A25: Fill Volume | B25: % | C25: ='[13]FTR Packaging'!$D$1344 -> 0.96491228
A26: TOP | B26: % | C26: ='[13]FTR Packaging'!$H$1344 -> #DIV/0!
A29: FTR Micro | B29: % | C29: 0.943
A30: MicroPack - MicroTunnel | B30: % | C30: 1
A31: MicroBeer - MicroFerment | B31: % | C31: 0.943
A33: FTR Finished Product | B33: % | C33: ='[13]FTR Finished Product'!$N$1248 -> 0.43478261
A34: Colour | C34: ='[13]FTR Finished Product'!$K$1248 -> 0.48717949
A35: ISO-H | C35: ='[13]FTR Finished Product'!$F$1248 -> 0.64864865
A36: Original Gravity | C36: ='[13]FTR Finished Product'!$D$1248 -> 0.75675676
A37: Turbidity | C37: -
C39: =(C2+C6+C14+C23+C29+C33)/6 -> 0.63915314 | E39: YTD | F39: =AVERAGE('January ''25'!C37,'February ''24'!#REF!,'March ''24'!C36,'April ''24'!C36,'May ''20'!C35,'June''20'!C35,#REF!,#REF!,'September ''20'!C35,#REF!,C39) -> #REF!

Sheet December '18
A1: KPI | C1: Target
A2: FTR Brewing | B2: % | C2: ='[13]FTR Brewhouse'!$I$3401 -> 0.82352941
A3: Cast Gravity | B3: % | C3: ='[13]FTR Brewhouse'!$C$3401 -> 0.91176471
A4: Process Time | B4: % | C4: ='[13]FTR Brewhouse'!$E$3401 -> 0.88970588
A6: FTR Fermentation | B6: % | C6: ='[13]FTR Fermentation'!$P$852 -> 0.88461538
A7: FVSV Fill Duration | B7: % | C7: ='[13]FTR Fermentation'!$D$852 -> 0.96153846
A8: Yeast Dosage | B8: % | C8: ='[13]FTR Fermentation'!$G$852 -> 0.96153846
A9: Pitched Yeast Stain | B9: % | C9: ='[13]FTR Fermentation'!$K$852 -> 1
A10: Yeast Storage Duration | B10: % | C10: ='[13]FTR Fermentation'!$M$852 -> 0.96153846
A11: Harvest Moment | B11: %
A12: Fermentation Speed | B12: % | C12: ='[13]FTR Fermentation'!$I$852 -> 1
A14: FTR BBT | B14: % | C14: ='[13]FTR BBT'!$M$1905 -> 0.88157895
A15: Original Gravity | B15: % | C15: ='[13]FTR BBT'!$D$1905 -> 0.97368421
A16: Colour | B16: % | C16: ='[13]FTR BBT'!$K$1905 -> 0.90789474
A17: Haze - H90 | B17: % | C17: -
A18: Haze - H25 | B18: % | C18: -
A19: CO2 | B19: % | C19: ='[13]FTR BBT'!$H$1905 -> 1
A20: DO | B20: % | C20: ='[13]FTR BBT'!$F$1905 -> #DIV/0!
A21: Turbidity | B21: %
A23: FTR Packaging | B23: % | C23: ='[13]FTR Packaging'!$L$1422 -> 0.85454545
A24: PU | B24: % | C24: ='[13]FTR Packaging'!$F$1422 -> 0.8490566
A25: Fill Volume | B25: % | C25: ='[13]FTR Packaging'!$D$1422 -> 1
A26: TOP | B26: % | C26: ='[13]FTR Packaging'!$H$1422 -> #DIV/0!
A29: FTR Micro | B29: % | C29: 0.943
A30: MicroPack - MicroTunnel | B30: % | C30: 100
A31: MicroBeer - MicroFerment | B31: % | C31: 94.3
A33: FTR Finished Product | B33: % | C33: ='[13]FTR Finished Product'!$N$1314 -> 0.81034483
A34: Colour | C34: ='[13]FTR Finished Product'!$K$1314 -> 0.87037037
A35: ISO-H | C35: ='[13]FTR Finished Product'!$F$1314 -> 0.98039216
A36: Original Gravity | C36: ='[13]FTR Finished Product'!$D$1314 -> 0.94444444
A37: Turbidity | C37: -
C39: =(C2+C6+C14+C23+C29+C33)/6 -> 0.866269 | E39: YTD | F39: =AVERAGE('January ''25'!C37,'February ''24'!#REF!,'March ''24'!C36,'April ''24'!C36,'May ''20'!C35,'June''20'!C35,#REF!,#REF!,'September ''20'!C35,#REF!,'November ''18'!C39,C39) -> #REF!

Sheet FTR Trend
B3: FTR | C3: Jan | D3: Feb | E3: Mar | F3: Apr | G3: May | H3: Jun | I3: Jul | J3: Aug | K3: Sep | L3: Oct | M3: Nov | N3: Dec | O3: Overall | P3: TARGET
B4: FTR Brewing | C4: ='January ''25'!$C$2 -> 0.43506494 | D4: ='February ''24'!$C$2 -> 0.41538462 | E4: ='March ''24'!C2 -> 0.36 | F4: ='April ''24'!C2 -> 0.35779817 | G4: ='May ''20'!C2 -> 0.64788732 | H4: ='June''20'!C2 -> 0.71969697 | I4: =#REF! -> #REF! | J4: =#REF! -> #REF! | O4: =AVERAGE(Table3[[#This Row],[Jan]:[Dec]]) -> #REF! | P4: 0.85
B5: FTR Fermentation | C5: ='January ''25'!$C$7 -> 0.53333333 | D5: ='February ''24'!$C$7 -> 0.5625 | E5: ='March ''24'!C7 -> 0.48571429 | F5: ='April ''24'!C7 -> 0.52631579 | G5: ='May ''20'!C7 -> 0.5 | H5: ='June''20'!C7 -> 0.77272727 | I5: =#REF! -> #REF! | J5: =#REF! -> #REF! | O5: =AVERAGE(Table3[[#This Row],[Jan]:[Dec]]) -> #REF! | P5: 0.8
B6: FTR BBT | C6: ='January ''25'!$C$14 -> 0.78125 | D6: ='February ''24'!$C$14 -> 0.95238095 | E6: ='March ''24'!C14 -> 0.94520548 | F6: ='April ''24'!C14 -> 0.95890411 | G6: ='May ''20'!C14 -> 0.40816327 | H6: ='June''20'!C14 -> 0.64814815 | I6: =#REF! -> #REF! | J6: =#REF! -> #REF! | O6: =AVERAGE(Table3[[#This Row],[Jan]:[Dec]]) -> #REF! | P6: 0.8
B7: FTR Packaging | C7: ='January ''25'!$C$21 -> 0.87804878 | D7: ='February ''24'!$C$21 -> 1 | E7: ='March ''24'!C21 -> 0.97727273 | F7: ='April ''24'!C21 -> 0.98 | G7: ='May ''20'!C20 -> 0.66666667 | H7: ='June''20'!C20 -> 0.61904762 | I7: =#REF! -> #REF! | J7: =#REF! -> #REF! | O7: =AVERAGE(Table3[[#This Row],[Jan]:[Dec]]) -> #REF! | P7: 0.7
B8: FTR Micro | C8: ='January ''25'!$C$27 -> 0.76 | D8: ='February ''24'!$C$27 -> 0.867 | G8: ='May ''20'!C25 -> 0.941 | H8: ='June''20'!C25 -> 0.855 | I8: =#REF! -> #REF! | J8: =#REF! -> #REF! | O8: =AVERAGE(Table3[[#This Row],[Jan]:[Dec]]) -> #REF! | P8: 0.7
B9: FTR Finished Product | C9: ='January ''25'!$C$31 -> 0.80487805 | D9: ='February ''24'!$C$31 -> 0.86046512 | E9: ='March ''24'!C30 -> 1 | F9: ='April ''24'!C30 -> 1 | G9: ='May ''20'!C29 -> 0.36585366 | H9: ='June''20'!C29 -> 0.63414634 | I9: =#REF! -> #REF! | J9: =#REF! -> #REF! | O9: =AVERAGE(Table3[[#This Row],[Jan]:[Dec]]) -> #REF! | P9: 0.75
B10: Overall | C10: ='January ''25'!$C$37 -> 0.69876252 | D10: ='February ''24'!#REF! -> #REF! | E10: ='March ''24'!C36 -> 0.76636542 | F10: ='April ''24'!C36 -> 0.76766968 | G10: ='May ''20'!C35 -> 0.58826182 | H10: ='June''20'!C35 -> 0.70812773 | I10: =#REF! -> #REF! | J10: =#REF! -> #REF! | O10: =AVERAGE(Table3[[#This Row],[Jan]:[Dec]]) -> #REF! | P10: 0.8

Sheet FTR Parameter Trend
B3: Parameters | C3: Jan | D3: Feb | E3: Mar | F3: Apr | G3: May | H3: Jun | I3: Jul | J3: Aug | K3: Sep | L3: Oct | M3: Nov | N3: Dec | O3: Overall | P3: TARGET
A4: Brew | B4: Cast Gravity | C4: ='January ''25'!C3 -> 0.95394737 | D4: ='February ''24'!$C$3 -> 0.92307692 | E4: ='March ''24'!C3 -> 0.86666667 | F4: ='April ''24'!C3 -> 0.92727273 | G4: ='May ''20'!C3 -> 0.7260274 | H4: ='June''20'!C3 -> 0.87857143 | I4: =#REF! -> #REF! | J4: =#REF! -> #REF! | K4: ='September ''20'!C3 -> 0.85046729 | L4: =#REF! -> #REF! | M4: ='November ''18'!C3 -> 0.8013245 | N4: ='December ''18'!C3 -> 0.91176471 | O4: =AVERAGE(Table1[[#This Row],[Jan]:[Dec]]) -> #REF! | P4: 0.949 | R4: =(Table1[[#This Row],[Overall]]-Table1[[#This Row],[TARGET]])*100 -> #REF!
B5: Brewing Time | C5: ='January ''25'!C4 -> 0.47402597 | D5: ='February ''24'!C4 -> 0.43846154 | E5: ='March ''24'!C4 -> 0.44 | F5: ='April ''24'!C4 -> 0.38181818 | G5: ='May ''20'!C4 -> 0.91780822 | H5: ='June''20'!C4 -> 0.90714286 | I5: =#REF! -> #REF! | J5: =#REF! -> #REF! | K5: ='September ''20'!C4 -> 0.85981308 | L5: =#REF! -> #REF! | M5: ='November ''18'!C4 -> 0.50993377 | N5: ='December ''18'!C4 -> 0.88970588 | O5: =AVERAGE(Table1[[#This Row],[Jan]:[Dec]]) -> #REF! | P5: 0.949 | R5: =(Table1[[#This Row],[Overall]]-Table1[[#This Row],[TARGET]])*100 -> #REF!
B6: Aeration Level | C6: ='January ''25'!C5 -> 0.97037037 | D6: ='February ''24'!C5 -> 1 | E6: ='March ''24'!C5 -> 0.98484848 | F6: ='April ''24'!C5 -> 1 | O6: =AVERAGE(Table1[[#This Row],[Jan]:[Dec]]) -> 0.98880471 | P6: 0.949 | R6: =(Table1[[#This Row],[Overall]]-Table1[[#This Row],[TARGET]])*100 -> 3.9804714
A7: Ferment | B7: FVSV Fill Duration | C7: ='January ''25'!C8 -> 0.56 | D7: ='February ''24'!C8 -> 0.77777778 | E7: ='March ''24'!C8 -> 0.76 | F7: ='April ''24'!C8 -> 0.82608696 | G7: ='May ''20'!C8 -> 0.70588235 | H7: ='June''20'!C8 -> 0.95454545 | I7: =#REF! -> #REF! | J7: =#REF! -> #REF! | K7: ='September ''20'!C7 -> 0.16666667 | L7: =#REF! -> #REF! | M7: ='November ''18'!C7 -> 0.78571429 | N7: ='December ''18'!C7 -> 0.96153846 | O7: =AVERAGE(Table1[[#This Row],[Jan]:[Dec]]) -> #REF! | P7: 0.972 | R7: =(Table1[[#This Row],[Overall]]-Table1[[#This Row],[TARGET]])*100 -> #REF!
B8: Yeast Dosage | C8: ='January ''25'!C9 -> 1 | D8: ='February ''24'!C9 -> 1 | E8: ='March ''24'!C9 -> 1 | F8: ='April ''24'!C9 -> 1 | G8: ='May ''20'!C9 -> 1 | H8: ='June''20'!C9 -> 1 | I8: =#REF! -> #REF! | J8: =#REF! -> #REF! | K8: ='September ''20'!C8 -> 0.94444444 | L8: =#REF! -> #REF! | M8: ='November ''18'!C8 -> 1 | N8: ='December ''18'!C8 -> 0.96153846 | O8: =AVERAGE(Table1[[#This Row],[Jan]:[Dec]]) -> #REF! | P8: 0.972 | R8: =(Table1[[#This Row],[Overall]]-Table1[[#This Row],[TARGET]])*100 -> #REF!
B9: Pitched Yeast Stain | C9: ='January ''25'!C10 -> 1 | D9: ='February ''24'!C10 -> 1 | E9: ='March ''24'!C10 -> 1 | F9: ='April ''24'!C10 -> 1 | G9: ='May ''20'!C10 -> 0.75 | H9: ='June''20'!C10 -> 1 | I9: =#REF! -> #REF! | J9: =#REF! -> #REF! | K9: ='September ''20'!C9 -> 0.94444444 | L9: =#REF! -> #REF! | M9: ='November ''18'!C9 -> 1 | N9: ='December ''18'!C9 -> 1 | O9: =AVERAGE(Table1[[#This Row],[Jan]:[Dec]]) -> #REF! | P9: 0.972 | R9: =(Table1[[#This Row],[Overall]]-Table1[[#This Row],[TARGET]])*100 -> #REF!
B10: Yeast Storage Duration | C10: ='January ''25'!C11 -> 1 | D10: ='February ''24'!C11 -> 1 | E10: ='March ''24'!C11 -> 0.91428571 | F10: ='April ''24'!C11 -> 1 | G10: ='May ''20'!C11 -> 0.9375 | H10: ='June''20'!C11 -> 0.90909091 | I10: =#REF! -> #REF! | J10: =#REF! -> #REF! | K10: ='September ''20'!C10 -> 0.11111111 | L10: =#REF! -> #REF! | M10: ='November ''18'!C10 -> 0.92857143 | N10: ='December ''18'!C10 -> 0.96153846 | O10: =AVERAGE(Table1[[#This Row],[Jan]:[Dec]]) -> #REF! | P10: 0.972 | R10: =(Table1[[#This Row],[Overall]]-Table1[[#This Row],[TARGET]])*100 -> #REF!
B11: Fermentation Speed | C11: ='January ''25'!C12 -> 1 | D11: ='February ''24'!C12 -> 0.85714286 | E11: ='March ''24'!C12 -> 0.7027027 | F11: ='April ''24'!C12 -> 0.58823529 | G11: ='May ''20'!C12 -> 0.875 | H11: ='June''20'!C12 -> 0.86363636 | I11: =#REF! -> #REF! | J11: =#REF! -> #REF! | K11: ='September ''20'!C12 -> 0.83333333 | L11: =#REF! -> #REF! | M11: ='November ''18'!C12 -> 0.85714286 | N11: ='December ''18'!C12 -> 1 | O11: =AVERAGE(Table1[[#This Row],[Jan]:[Dec]]) -> #REF! | P11: 0.972 | R11: =(Table1[[#This Row],[Overall]]-Table1[[#This Row],[TARGET]])*100 -> #REF! | T11: First fermentation temperature for Carib reduced from 12 to 11 degrees. Faulty probes has been replaced. Ensure temperature probes are on a calibration schedule & local E&I technicians are trained to perform calibratin. automation of fermentation control to be completed
A12: BBT | B12: Original Gravity | C12: ='January ''25'!C15 -> 1 | D12: ='February ''24'!C15 -> 0.95384615 | E12: ='March ''24'!C15 -> 0.98648649 | F12: ='April ''24'!C15 -> 0.98648649 | G12: ='May ''20'!C15 -> 0.97959184 | H12: ='June''20'!C15 -> 0.98181818 | I12: =#REF! -> #REF! | J12: =#REF! -> #REF! | K12: ='September ''20'!C15 -> 0.97260274 | L12: =#REF! -> #REF! | M12: ='November ''18'!C15 -> 0.89393939 | N12: ='December ''18'!C15 -> 0.97368421 | O12: =AVERAGE(Table1[[#This Row],[Jan]:[Dec]]) -> #REF! | P12: 0.969 | R12: =(Table1[[#This Row],[Overall]]-Table1[[#This Row],[TARGET]])*100 -> #REF!
B13: Colour | C13: ='January ''25'!C16 -> 0.8125 | D13: ='February ''24'!C16 -> 1 | E13: ='March ''24'!C16 -> 0.95945946 | F13: ='April ''24'!C16 -> 0.97297297 | G13: ='May ''20'!C16 -> 0.40816327 | H13: ='June''20'!C16 -> 0.66666667 | I13: =#REF! -> #REF! | J13: =#REF! -> #REF! | K13: ='September ''20'!C16 -> 0.47945205 | L13: =#REF! -> #REF! | M13: ='November ''18'!C16 -> 0.59090909 | N13: ='December ''18'!C16 -> 0.90789474 | O13: =AVERAGE(Table1[[#This Row],[Jan]:[Dec]]) -> #REF! | P13: 0.969 | S13: =(Table1[[#This Row],[Overall]]-Table1[[#This Row],[TARGET]])*100 -> #REF! | T13: Color for Mackeson 100% out of spec; the recipe will be reviewed to improve colour.
B14: CO2 | C14: ='January ''25'!C17 -> 0.984375 | D14: ='February ''24'!C17 -> 1 | E14: ='March ''24'!C17 -> 1 | F14: ='April ''24'!C17 -> 1 | G14: ='May ''20'!C17 -> 1 | H14: ='June''20'!C17 -> 1 | I14: =#REF! -> #REF! | J14: =#REF! -> #REF! | K14: ='September ''20'!C19 -> 0 | L14: =#REF! -> #REF! | M14: ='November ''18'!C19 -> 1 | N14: ='December ''18'!C19 -> 1 | O14: =AVERAGE(Table1[[#This Row],[Jan]:[Dec]]) -> #REF! | P14: 0.969 | R14: =(Table1[[#This Row],[Overall]]-Table1[[#This Row],[TARGET]])*100 -> #REF!
B15: DO | C15: ='January ''25'!C18 -> 1 | D15: ='February ''24'!C18 -> 1 | E15: ='March ''24'!C18 -> 1 | F15: ='April ''24'!C18 -> 1 | G15: ='May ''20'!C18 -> #DIV/0! | K15: ='September ''20'!C20 -> 0.69642857 | O15: =AVERAGE(Table1[[#This Row],[Jan]:[Dec]]) -> #DIV/0! | P15: 0.969 | R15: =(Table1[[#This Row],[Overall]]-Table1[[#This Row],[TARGET]])*100 -> #DIV/0!
A16: Package | B16: PU | C16: ='January ''25'!C22 -> 0.87804878 | D16: ='February ''24'!C22 -> 1 | E16: ='March ''24'!C22 -> 1 | F16: ='April ''24'!C22 -> 0.97959184 | G16: ='May ''20'!C21 -> 0.65 | H16: ='June''20'!C21 -> 0.61904762 | I16: =#REF! -> #REF! | J16: =#REF! -> #REF! | K16: ='September ''20'!C24 -> 0 | L16: =#REF! -> #REF! | M16: ='November ''18'!C24 -> 0.90384615 | N16: ='December ''18'!C24 -> 0.8490566 | O16: =AVERAGE(Table1[[#This Row],[Jan]:[Dec]]) -> #REF! | P16: 0.969 | R16: =(Table1[[#This Row],[Overall]]-Table1[[#This Row],[TARGET]])*100 -> #REF! | T16: Ensure Calibration of temperature probes on the Pasteuriser. Resolve issues on equipment downstream of Pasteuriser (January Packer overhauled, Videojet technician visited late February and issues will be resolved by March 30th
B17: Fill Volume | C17: ='January ''25'!C23 -> 1 | D17: ='February ''24'!C23 -> 1 | E17: ='March ''24'!C23 -> 1 | F17: ='April ''24'!C23 -> 1 | G17: ='May ''20'!C22 -> 1 | H17: ='June''20'!C22 -> 1 | I17: =#REF! -> #REF! | J17: =#REF! -> #REF! | K17: ='September ''20'!C25 -> 0.716 | L17: =#REF! -> #REF! | M17: ='November ''18'!C25 -> 0.96491228 | N17: ='December ''18'!C25 -> 1 | O17: =AVERAGE(Table1[[#This Row],[Jan]:[Dec]]) -> #REF! | P17: 0.969 | R17: =(Table1[[#This Row],[Overall]]-Table1[[#This Row],[TARGET]])*100 -> #REF!
A18: Micro | B18: MicroPack - MicroTunnel | C18: ='January ''25'!C28 -> 1 | D18: ='February ''24'!C28 -> 1 | E18: ='March ''24'!C27 -> 1 | F18: ='April ''24'!C27 -> 1 | G18: ='May ''20'!C26 -> 1 | H18: ='June''20'!C26 -> 1 | I18: =#REF! -> #REF! | J18: =#REF! -> #REF! | K18: ='September ''20'!C30 -> 0.43636364 | L18: =#REF! -> #REF! | M18: ='November ''18'!C30 -> 1 | N18: ='December ''18'!C30 -> 100 | O18: =AVERAGE(Table1[[#This Row],[Jan]:[Dec]]) -> #REF! | P18: 0.922 | R18: =(Table1[[#This Row],[Overall]]-Table1[[#This Row],[TARGET]])*100 -> #REF!
B19: MicroBeer - MicroFerment | C19: ='January ''25'!C29 -> 0.76 | D19: ='February ''24'!C29 -> 0.867 | E19: ='March ''24'!C28 -> 0.83 | F19: ='April ''24'!C28 -> 0.783 | G19: ='May ''20'!C27 -> 0.941 | H19: ='June''20'!C27 -> 0.855 | I19: =#REF! -> #REF! | J19: =#REF! -> #REF! | K19: ='September ''20'!C31 -> 0.90243902 | L19: =#REF! -> #REF! | M19: ='November ''18'!C31 -> 0.943 | N19: ='December ''18'!C31 -> 94.3 | O19: =AVERAGE(Table1[[#This Row],[Jan]:[Dec]]) -> #REF! | P19: 0.922 | R19: =(Table1[[#This Row],[Overall]]-Table1[[#This Row],[TARGET]])*100 -> #REF!
A20: Finished Product | B20: Colour | C20: ='January ''25'!C32 -> 0.85714286 | D20: ='February ''24'!C32 -> 0.95238095 | E20: ='March ''24'!C31 -> 1 | F20: ='April ''24'!C31 -> 1 | G20: ='May ''20'!C30 -> 0.3902439 | H20: ='June''20'!C30 -> 0.725 | I20: =#REF! -> #REF! | J20: =#REF! -> #REF! | K20: ='September ''20'!#REF! -> #REF! | L20: =#REF! -> #REF! | M20: ='November ''18'!C34 -> 0.48717949 | N20: ='December ''18'!C34 -> 0.87037037 | O20: =AVERAGE(Table1[[#This Row],[Jan]:[Dec]]) -> #REF! | P20: 0.93 | S20: =(Table1[[#This Row],[Overall]]-Table1[[#This Row],[TARGET]])*100 -> #REF!
B21: ISO-H | C21: ='January ''25'!C33 -> 0.925 | D21: ='February ''24'!C33 -> 0.95121951 | E21: ='March ''24'!C32 -> 1 | F21: ='April ''24'!C32 -> 1 | G21: ='May ''20'!C31 -> 0.82857143 | H21: ='June''20'!C31 -> 1 | I21: =#REF! -> #REF! | J21: =#REF! -> #REF! | K21: ='September ''20'!#REF! -> #REF! | L21: =#REF! -> #REF! | M21: ='November ''18'!C35 -> 0.64864865 | N21: ='December ''18'!C35 -> 0.98039216 | O21: =AVERAGE(Table1[[#This Row],[Jan]:[Dec]]) -> #REF! | P21: 0.93 | R21: =(Table1[[#This Row],[Overall]]-Table1[[#This Row],[TARGET]])*100 -> #REF!
B22: Original Gravity | C22: ='January ''25'!C34 -> 1 | D22: ='February ''24'!C34 -> 0.93023256 | E22: ='March ''24'!C33 -> 1 | F22: ='April ''24'!C33 -> 1 | G22: ='May ''20'!C32 -> 1 | H22: ='June''20'!C32 -> 0.9 | I22: =#REF! -> #REF! | J22: =#REF! -> #REF! | K22: ='September ''20'!#REF! -> #REF! | L22: =#REF! -> #REF! | M22: ='November ''18'!C36 -> 0.75675676 | N22: ='December ''18'!C36 -> 0.94444444 | O22: =AVERAGE(Table1[[#This Row],[Jan]:[Dec]]) -> #REF! | P22: 0.93 | R22: =(Table1[[#This Row],[Overall]]-Table1[[#This Row],[TARGET]])*100 -> #REF!
B23: TOP | C23: ='January ''25'!C35 -> 0.97142857 | D23: ='February ''24'!C35 -> 1 | E23: ='March ''24'!C34 -> 1 | F23: ='April ''24'!C34 -> 1 | G23: ='May ''20'!C33 -> 0 | I23: =#REF! -> #REF! | J23: =#REF! -> #REF! | K23: ='September ''20'!C33 -> 0 | L23: =#REF! -> #REF! | M23: ='November ''18'!C33 -> 0.43478261 | N23: ='December ''18'!C33 -> 0.81034483 | O23: =AVERAGE(Table1[[#This Row],[Jan]:[Dec]]) -> #REF! | P23: 0.93 | R23: =(Table1[[#This Row],[Overall]]-Table1[[#This Row],[TARGET]])*100 -> #REF! | T23: Check Beer pump for air pick up. Check for leak on Line to filler. Check filling parameters on Filler.
B24: MTD | C24: ='January ''25'!C37 -> 0.69876252 | D24: ='February ''24'!#REF! -> #REF! | E24: ='March ''24'!C36 -> 0.76636542 | F24: ='April ''24'!C36 -> 0.76766968 | G24: ='May ''20'!C35 -> 0.58826182 | H24: ='June''20'!C35 -> 0.70812773 | I24: =#REF! -> #REF! | J24: =#REF! -> #REF! | K24: ='September ''20'!C35 -> 0.51061557 | L24: =#REF! -> #REF! | M24: ='November ''18'!C39 -> 0.63915314 | N24: ='December ''18'!C39 -> 0.866269 | O24: =AVERAGE(Table1[[#This Row],[Jan]:[Aug]]) -> #REF! | P24: =AVERAGE(P4:P23) -> 0.95425

Sheet February '25 
A1: KPI- Feb | C1: Actual | E1: KPI- Without colour | G1: Actual
A2: FTR Brewing | B2: % | C2: ='[3]FTR Brewhouse'!$I$314 -> 0.3649635 | E2: FTR Brewing | F2: % | G2: ='February ''25 '!C2 -> 0.3649635
A3: Cast Gravity | B3: % | C3: ='[3]FTR Brewhouse'!$C$314 -> 0.97080292 | E3: Cast Gravity | F3: % | G3: ='February ''25 '!C3 -> 0.97080292
A4: Brewing Time | B4: % | C4: ='[3]FTR Brewhouse'!$E$314 -> 0.37956204 | E4: Brewing Time | F4: % | G4: ='February ''25 '!C4 -> 0.37956204
A5: Aeration Level | B5: % | C5: ='[3]FTR Brewhouse'!$G$314 -> 1 | E5: Aeration Level | F5: % | G5: ='February ''25 '!C5 -> 1
A7: FTR Fermentation | B7: % | C7: ='[3]FTR Fermentation'!$P$112 -> 0.5 | E7: FTR Fermentation | F7: % | G7: ='February ''25 '!C7 -> 0.5
A8: FVSV Fill Duration | B8: % | C8: ='[3]FTR Fermentation'!$D$112 -> 0.65384615 | E8: FVSV Fill Duration | F8: % | G8: ='February ''25 '!C8 -> 0.65384615
A9: Yeast Dosage | B9: % | C9: ='[3]FTR Fermentation'!$G$112 -> 1 | E9: Yeast Dosage | F9: % | G9: ='February ''25 '!C9 -> 1
A10: Pitched Yeast Stain | B10: % | C10: ='[3]FTR Fermentation'!$K$112 -> 1 | E10: Pitched Yeast Stain | F10: % | G10: ='February ''25 '!C10 -> 1
A11: Yeast Storage Duration | B11: % | C11: ='[3]FTR Fermentation'!$M$112 -> 0.76666667 | E11: Yeast Storage Duration | F11: % | G11: ='February ''25 '!C11 -> 0.76666667
A12: Fermentation Speed | B12: % | C12: ='[3]FTR Fermentation'!$I$112 -> 0.875 | E12: Fermentation Speed | F12: % | G12: ='February ''25 '!C12 -> 0.875
A14: FTR BBT | B14: % | C14: ='[3]FTR BBT'!$N$174 -> 0.95238095 | E14: FTR BBT | F14: % | G14: ='[6]FTR BBT'!$O$107 -> 0.97727273
A15: PG | B15: % | C15: ='[3]FTR BBT'!$D$174 -> 0.97619048 | E15: Original Gravity | F15: % | G15: ='[7]FTR BBT'!$D$86 -> 0.95081967
A16: Colour | B16: % | C16: ='[3]FTR BBT'!$J$174 -> 0.96428571 | E16: Colour | F16: %
A17: CO2 | B17: % | C17: ='[3]FTR BBT'!$H$174 -> 1 | E17: CO2 | F17: % | G17: ='[6]FTR BBT'!$H$107 -> 1
A18: DO | B18: % | C18: ='[3]FTR BBT'!$F$174 -> 1 | E18: DO | F18: % | G18: ='[6]FTR BBT'!$F$107 -> 1
A19: Haze | B19: % | C19: ='[3]FTR BBT'!$L$174 -> 0.97468354 | E19: Haze | F19: % | G19: ='[6]FTR BBT'!$L$107 -> 1
A21: FTR Packaging | B21: % | C21: ='[3]FTR Packaging'!$L$122 -> 0.90384615 | E21: FTR Packaging | F21: % | G21: ='[6]FTR Packaging'!$L$72 -> 0.92307692
A22: PU | B22: % | C22: ='[3]FTR Packaging'!$F$122 -> 0.90196078 | E22: PU | F22: % | G22: ='[6]FTR Packaging'!$F$72 -> 0.92307692
A23: Fill Volume | B23: % | C23: ='[3]FTR Packaging'!$D$122 -> 0.98039216 | E23: Fill Volume | F23: % | G23: ='[6]FTR Packaging'!$D$72 -> 1
A24: TOP | B24: % | C24: ='[3]FTR Packaging'!$H$122 -> 1 | E24: TOP | F24: % | G24: ='[6]FTR Packaging'!$H$72 -> 1
A25: Packaging Index | B25: % | C25: ='[3]FTR Packaging'!$J$122 -> 1 | E25: Packaging Index | F25: % | G25: ='[6]FTR Packaging'!$J$72 -> 0.96078431
A27: FTR Micro | B27: % | C27: 0.764 | E27: FTR Micro | F27: % | G27: ='February ''25 '!C27 -> 0.764
A28: MicroPack - MicroTunnel | B28: % | C28: 1 | E28: MicroPack - MicroTunnel | F28: % | G28: ='February ''25 '!C28 -> 1
A29: MicroBeer - MicroFerment | B29: % | C29: 0.764 | E29: MicroBeer - MicroFerment | F29: % | G29: ='February ''25 '!C29 -> 0.764
A31: FTR Finished Product | B31: % | C31: ='[3]FTR Finished Product'!$L$120 -> 0.92727273 | E31: FTR Finished Product | F31: % | G31: ='[6]FTR Finished Product'!$M$72 -> 0.94230769
A32: Colour | B32: % | C32: ='[3]FTR Finished Product'!$J$120 -> 0.98181818 | E32: Colour | F32: %
A33: ISO-H | B33: % | C33: ='[3]FTR Finished Product'!$F$120 -> 0.94 | E33: ISO-H | F33: % | G33: ='[6]FTR Finished Product'!$F$72 -> 1
A34: PG | B34: % | C34: ='[3]FTR Finished Product'!$D$120 -> 0.96363636 | E34: Original Gravity | F34: % | G34: ='[6]FTR Finished Product'!$D$72 -> 0.94230769
A35: TIPO | B35: % | C35: ='[3]FTR Finished Product'!$H$120 -> 1 | E35: TIPO | F35: % | G35: ='[6]FTR Finished Product'!$H$72 -> 1
B37: MTD | C37: =(C2+C7+C14+C21+C27+C31)/6 -> 0.73541056 | G37: =(G2+G7+G14+G21+G27+G31)/6 -> 0.74527014
B38: YTD | C38: =AVERAGE('January ''25'!C37,'February ''25 '!C37) -> 0.71708654

Sheet March'25 
A1: KPI- March | C1: Actual | E1: KPI- Without colour | G1: Actual
A2: FTR Brewing | B2: % | C2: ='[3]FTR Brewhouse'!$I$472 -> 0.57241379 | E2: FTR Brewing | F2: % | G2: ='March''25 '!C2 -> 0.57241379
A3: Cast Gravity | B3: % | C3: ='[3]FTR Brewhouse'!$C$472 -> 0.90344828 | E3: Cast Gravity | F3: % | G3: ='March''25 '!C3 -> 0.90344828
A4: Brewing Time | B4: % | C4: ='[3]FTR Brewhouse'!$E$472 -> 0.6137931 | E4: Brewing Time | F4: % | G4: ='March''25 '!C4 -> 0.6137931
A5: Aeration Level | B5: % | C5: ='[3]FTR Brewhouse'!$G$472 -> 1 | E5: Aeration Level | F5: % | G5: ='March''25 '!C5 -> 1
A7: FTR Fermentation | B7: % | C7: ='[3]FTR Fermentation'!$P$152 -> 0.6 | E7: FTR Fermentation | F7: % | G7: ='March''25 '!C7 -> 0.6
A8: FVSV Fill Duration | B8: % | C8: ='[3]FTR Fermentation'!$D$152 -> 0.625 | E8: FVSV Fill Duration | F8: % | G8: ='March''25 '!C8 -> 0.625
A9: Yeast Dosage | B9: % | C9: ='[3]FTR Fermentation'!$G$152 -> 0.95454545 | E9: Yeast Dosage | F9: % | G9: ='March''25 '!C9 -> 0.95454545
A10: Pitched Yeast Stain | B10: % | C10: ='[3]FTR Fermentation'!$K$152 -> 1 | E10: Pitched Yeast Stain | F10: % | G10: ='March''25 '!C10 -> 1
A11: Yeast Storage Duration | B11: % | C11: ='[3]FTR Fermentation'!$M$152 -> 0.92307692 | E11: Yeast Storage Duration | F11: % | G11: ='March''25 '!C11 -> 0.92307692
A12: Fermentation Speed | B12: % | C12: ='[3]FTR Fermentation'!$I$152 -> 0.89285714 | E12: Fermentation Speed | F12: % | G12: ='March''25 '!C12 -> 0.89285714
A14: FTR BBT | B14: % | C14: ='[3]FTR BBT'!$N$275 -> 1 | E14: FTR BBT | F14: % | G14: ='[6]FTR BBT'!$O$107 -> 0.97727273
A15: PG | B15: % | C15: ='[3]FTR BBT'!$D$275 -> 0.86 | E15: Original Gravity | F15: % | G15: ='[7]FTR BBT'!$D$86 -> 0.95081967
A16: Colour | B16: % | C16: ='[3]FTR BBT'!$J$275 -> 5.95 | E16: Colour | F16: %
A17: CO2 | B17: % | C17: ='[3]FTR BBT'!$H$275 -> 2.8 | E17: CO2 | F17: % | G17: ='[6]FTR BBT'!$H$107 -> 1
A18: DO | B18: % | C18: ='[3]FTR BBT'!$F$275 -> 0.02 | E18: DO | F18: % | G18: ='[6]FTR BBT'!$F$107 -> 1
A19: Haze | B19: % | C19: ='[3]FTR BBT'!$L$275 -> 0.26 | E19: Haze | F19: % | G19: ='[6]FTR BBT'!$L$107 -> 1
A21: FTR Packaging | B21: % | C21: ='[3]FTR Packaging'!$L$169 -> 1 | E21: FTR Packaging | F21: % | G21: ='[6]FTR Packaging'!$L$72 -> 0.92307692
A22: PU | B22: % | C22: ='[3]FTR Packaging'!$F$169 -> 18.7 | E22: PU | F22: % | G22: ='[6]FTR Packaging'!$F$72 -> 0.92307692
A23: Fill Volume | B23: % | C23: ='[3]FTR Packaging'!$D$169 -> 276 | E23: Fill Volume | F23: % | G23: ='[6]FTR Packaging'!$D$72 -> 1
A24: TOP | B24: % | C24: ='[3]FTR Packaging'!$H$169 -> 0.07 | E24: TOP | F24: % | G24: ='[6]FTR Packaging'!$H$72 -> 1
A25: Packaging Index | B25: % | C25: ='[3]FTR Packaging'!$J$169 -> 96 | E25: Packaging Index | F25: % | G25: ='[6]FTR Packaging'!$J$72 -> 0.96078431
A27: FTR Micro | B27: % | C27: 0.804 | E27: FTR Micro | F27: % | G27: ='March''25 '!C27 -> 0.804
A28: MicroPack - MicroTunnel | B28: % | C28: 1 | E28: MicroPack - MicroTunnel | F28: % | G28: ='March''25 '!C28 -> 1
A29: MicroBeer - MicroFerment | B29: % | C29: 0.804 | E29: MicroBeer - MicroFerment | F29: % | G29: ='March''25 '!C29 -> 0.804
A31: FTR Finished Product | B31: % | C31: ='[3]FTR Finished Product'!$L$225 -> 0.83673469 | E31: FTR Finished Product | F31: % | G31: ='[6]FTR Finished Product'!$M$72 -> 0.94230769
A32: Colour | B32: % | C32: ='[3]FTR Finished Product'!$J$225 -> 0.95833333 | E32: Colour | F32: %
A33: ISO-H | B33: % | C33: ='[3]FTR Finished Product'!$F$225 -> 0.95555556 | E33: ISO-H | F33: % | G33: ='[6]FTR Finished Product'!$F$72 -> 1
A34: PG | B34: % | C34: ='[3]FTR Finished Product'!$D$225 -> 0.91836735 | E34: Original Gravity | F34: % | G34: ='[6]FTR Finished Product'!$D$72 -> 0.94230769
A35: TIPO | B35: % | C35: ='[3]FTR Finished Product'!$H$225 -> 0.95238095 | E35: TIPO | F35: % | G35: ='[6]FTR Finished Product'!$H$72 -> 1
B37: MTD | C37: =(C2+C7+C14+C21+C27+C31)/5 -> 0.9626297 | G37: =(G2+G7+G14+G21+G27+G31)/6 -> 0.80317852
B38: YTD | C38: =AVERAGE('January ''25'!C37,'March''25 '!C37) -> 0.83069611

Sheet Summary Report
C1: January | D1: February | E1: March | F1: April | G1: May | H1: June | I1: July | J1: August | K1: September | L1: October | M1: November | N1: December | O1: YTD
A2: FTR Brewing | B2: % | C2: ='[1]FTR Brewhouse'!$I$172 -> 0.17333333 | D2: ='[1]FTR Brewhouse'!$I$319 -> 0.12230216 | E2: ='[2]FTR Brewhouse'!$I$504 -> 0.64606742 | F2: ='[2]FTR Brewhouse'!$I$656 -> 0.62328767 | G2: ='[2]FTR Brewhouse'!$I$926 -> 0.28571429 | H2: ='[1]FTR Brewhouse'!$I$1086 -> 0.56097561 | I2: ='[1]FTR Brewhouse'!$I$1245 -> 0.49668874 | J2: ='[1]FTR Brewhouse'!$I$1417 -> 0.6035503 | K2: ='[1]FTR Brewhouse'!$I$1579 -> 0.464 | L2: ='[2]FTR Brewhouse'!$I$504 -> 0.64606742 | M2: ='[2]FTR Brewhouse'!$I$504 -> 0.64606742 | N2: ='[2]FTR Brewhouse'!$I$504 -> 0.64606742 | O2: ='[2]FTR Brewhouse'!$I$504 -> 0.64606742
A3: Cast Gravity | B3: % | C3: ='[2]FTR Brewhouse'!$C$172 -> 0.89333333 | D3: ='[2]FTR Brewhouse'!$C$319 -> 0.85611511 | E3: ='[2]FTR Brewhouse'!$C$504 -> 0.91573034 | F3: ='[2]FTR Brewhouse'!$C$656 -> 0.96551724 | G3: ='[2]FTR Brewhouse'!$C$926 -> 0.9 | H3: ='[1]FTR Brewhouse'!$C$1086 -> 0.91869919 | I3: ='[1]FTR Brewhouse'!$C$1245 -> 0.92 | J3: ='[1]FTR Brewhouse'!$C$1417 -> 0.91715976 | K3: ='[1]FTR Brewhouse'!$C$1579 -> 0.92 | L3: ='[2]FTR Brewhouse'!$C$504 -> 0.91573034 | M3: ='[2]FTR Brewhouse'!$C$504 -> 0.91573034 | N3: ='[2]FTR Brewhouse'!$C$504 -> 0.91573034 | O3: ='[2]FTR Brewhouse'!$C$504 -> 0.91573034
A4: Brewing Time | B4: % | C4: ='[2]FTR Brewhouse'!$E$172 -> 0.18666667 | D4: ='[2]FTR Brewhouse'!$E$319 -> 0.13669065 | E4: ='[2]FTR Brewhouse'!$E$504 -> 0.70786517 | F4: ='[2]FTR Brewhouse'!$E$656 -> 0.64383562 | G4: ='[2]FTR Brewhouse'!$E$926 -> 0.29411765 | H4: ='[1]FTR Brewhouse'!$E$1086 -> 0.59349593 | I4: ='[1]FTR Brewhouse'!$E$1245 -> 0.55629139 | J4: ='[1]FTR Brewhouse'!$E$1417 -> 0.65680473 | K4: ='[1]FTR Brewhouse'!$E$1579 -> 0.48 | L4: ='[2]FTR Brewhouse'!$E$504 -> 0.70786517 | M4: ='[2]FTR Brewhouse'!$E$504 -> 0.70786517 | N4: ='[2]FTR Brewhouse'!$E$504 -> 0.70786517 | O4: ='[2]FTR Brewhouse'!$E$504 -> 0.70786517
A5: Aeration Level | B5: % | C5: ='[2]FTR Brewhouse'!$G$172 -> 1 | D5: ='[2]FTR Brewhouse'!$G$319 -> 0.99212598 | E5: ='[2]FTR Brewhouse'!$G$504 -> 0.98561151 | F5: ='[2]FTR Brewhouse'!$G$656 -> 0.9921875 | G5: ='[2]FTR Brewhouse'!$G$926 -> 1 | H5: ='[1]FTR Brewhouse'!$G$1086 -> 1 | I5: ='[1]FTR Brewhouse'!$G$1245 -> 0.98484848 | J5: ='[1]FTR Brewhouse'!$G$1417 -> 1 | K5: ='[1]FTR Brewhouse'!$G$1579 -> 1 | L5: ='[2]FTR Brewhouse'!$G$504 -> 0.98561151 | M5: ='[2]FTR Brewhouse'!$G$504 -> 0.98561151 | N5: ='[2]FTR Brewhouse'!$G$504 -> 0.98561151 | O5: ='[2]FTR Brewhouse'!$G$504 -> 0.98561151
C7: January | D7: February | E7: March | F7: April | G7: May | H7: June | I7: July | J7: August | K7: September
A8: FTR Fermentation | B8: % | C8: ='[2]FTR Fermentation'!$P$71 -> 0.45 | D8: ='[2]FTR Fermentation'!$P$112 -> 0.3 | E8: ='[2]FTR Fermentation'!$P$153 -> 0.57142857 | F8: ='[2]FTR Fermentation'!$P$203 -> 0.55 | G8: ='[2]FTR Fermentation'!$P$262 -> 0.26086957 | H8: ='[1]FTR Fermentation'!$P$314 -> 0.33333333 | I8: ='[1]FTR Fermentation'!$P$361 -> 0.37931034 | J8: ='[1]FTR Fermentation'!$P$409 -> 0.47619048 | K8: ='[1]FTR Fermentation'!$P$457 -> 0.39130435 | L8: ='[3]FTR Fermentation'!$P$505 -> 0.625 | M8: ='[3]FTR Fermentation'!$P$552 -> 0.60869565 | N8: ='[3]FTR Fermentation'!$P$600 -> 0.52631579 | O8: ='[3]FTR Fermentation'!$P$202 -> 0.27272727
A9: FVSV Fill Duration | B9: % | C9: ='[2]FTR Fermentation'!$D$71 -> 0.5 | D9: ='[2]FTR Fermentation'!$D$112 -> 0.45454545 | E9: ='[2]FTR Fermentation'!$D$153 -> 0.78571429 | F9: ='[2]FTR Fermentation'!$D$203 -> 0.76 | G9: ='[2]FTR Fermentation'!$D$262 -> 0.47058824 | H9: ='[1]FTR Fermentation'!$D$314 -> 0.55555556 | I9: ='[1]FTR Fermentation'!$D$361 -> 0.78571429 | J9: ='[1]FTR Fermentation'!$D$409 -> 0.89285714 | K9: ='[1]FTR Fermentation'!$D$457 -> 0.75 | L9: ='[3]FTR Fermentation'!$D$505 -> 0.88888889 | M9: ='[3]FTR Fermentation'!$D$552 -> 0.79166667 | N9: ='[3]FTR Fermentation'!$D$600 -> 0.70588235 | O9: ='[3]FTR Fermentation'!$D$202 -> 0.69230769
A10: Yeast Dosage | B10: % | C10: ='[2]FTR Fermentation'!$G$71 -> 1 | D10: ='[2]FTR Fermentation'!$G$112 -> 0.95 | E10: ='[2]FTR Fermentation'!$G$153 -> 0.96296296 | F10: ='[2]FTR Fermentation'!$G$203 -> 1 | G10: ='[2]FTR Fermentation'!$G$262 -> 1 | H10: ='[1]FTR Fermentation'!$G$314 -> 1 | I10: ='[1]FTR Fermentation'!$G$361 -> 0.96296296 | J10: ='[1]FTR Fermentation'!$G$409 -> 1 | K10: ='[1]FTR Fermentation'!$G$457 -> 1 | L10: ='[3]FTR Fermentation'!$G$505 -> 1 | M10: ='[3]FTR Fermentation'!$G$552 -> 1 | N10: ='[3]FTR Fermentation'!$G$600 -> 1 | O10: ='[3]FTR Fermentation'!$G$202 -> 0.96
A11: Pitched Yeast Stain | B11: % | C11: ='[2]FTR Fermentation'!$K$71 -> 1 | D11: ='[2]FTR Fermentation'!$K$112 -> 1 | E11: ='[2]FTR Fermentation'!$K$153 -> 1 | F11: ='[2]FTR Fermentation'!$K$203 -> 1 | G11: ='[2]FTR Fermentation'!$K$262 -> 1 | H11: ='[1]FTR Fermentation'!$K$314 -> 1 | I11: ='[1]FTR Fermentation'!$K$361 -> 1 | J11: ='[1]FTR Fermentation'!$K$409 -> 1 | K11: ='[1]FTR Fermentation'!$K$457 -> 1 | L11: ='[3]FTR Fermentation'!$K$505 -> 1 | M11: ='[3]FTR Fermentation'!$K$552 -> 1 | N11: ='[3]FTR Fermentation'!$K$600 -> 1 | O11: ='[3]FTR Fermentation'!$K$202 -> 1
A12: Yeast Storage Duration | B12: % | C12: ='[2]FTR Fermentation'!$M$71 -> 0.82608696 | D12: ='[2]FTR Fermentation'!$M$112 -> 0.7 | E12: ='[2]FTR Fermentation'!$M$153 -> 0.92592593 | F12: ='[2]FTR Fermentation'!$M$203 -> 0.75 | G12: ='[2]FTR Fermentation'!$M$262 -> 0.95652174 | H12: ='[1]FTR Fermentation'!$M$314 -> 0.75 | I12: ='[1]FTR Fermentation'!$M$361 -> 0.75862069 | J12: ='[1]FTR Fermentation'!$M$409 -> 0.7 | K12: ='[1]FTR Fermentation'!$M$457 -> 0.60869565 | L12: ='[3]FTR Fermentation'!$M$505 -> 0.83333333 | M12: ='[3]FTR Fermentation'!$M$552 -> 0.88 | N12: ='[3]FTR Fermentation'!$M$600 -> 0.8 | O12: ='[3]FTR Fermentation'!$M$202 -> 0.68181818
A13: Fermentation Speed | B13: % | C13: ='[2]FTR Fermentation'!$I$71 -> 0.94736842 | D13: ='[2]FTR Fermentation'!$I$112 -> 0.88235294 | E13: ='[2]FTR Fermentation'!$I$153 -> 0.88888889 | F13: ='[2]FTR Fermentation'!$I$203 -> 0.71428571 | G13: ='[2]FTR Fermentation'!$I$262 -> 0.91304348 | H13: ='[1]FTR Fermentation'!$I$314 -> 0.77777778 | I13: ='[1]FTR Fermentation'!$I$361 -> 0.69230769 | J13: ='[1]FTR Fermentation'!$I$409 -> 0.76923077 | K13: ='[1]FTR Fermentation'!$I$457 -> 0.91304348 | L13: ='[3]FTR Fermentation'!$I$505 -> 0.86363636 | M13: ='[3]FTR Fermentation'!$I$552 -> 0.96 | N13: ='[3]FTR Fermentation'!$I$600 -> 0.88235294 | O13: ='[3]FTR Fermentation'!$I$202 -> 0.875
C15: January | D15: February | E15: March | F15: April | G15: May | H15: June | I15: July | J15: August | K15: September | L15: October
A16: FTR BBT | B16: % | C16: ='[2]FTR BBT'!$N$84 -> 0.87301587 | D16: ='[2]FTR BBT'!$N$178 -> 0.72727273 | E16: ='[2]FTR BBT'!$N$279 -> 0.75789474 | F16: ='[2]FTR BBT'!$N$367 -> 0.98591549 | G16: ='[2]FTR BBT'!$N$465 -> 0.95454545 | H16: ='[1]FTR BBT'!$N$515 -> 1 | I16: ='[1]FTR BBT'!$N$617 -> 0.93406593 | J16: ='[1]FTR BBT'!$N$704 -> 0.96202532 | K16: ='[1]FTR BBT'!$N$790 -> 0.97916667 | L16: ='[3]FTR BBT'!$N$848 -> 0.89130435 | M16: ='[3]FTR BBT'!$N$974 -> 0.88732394 | N16: ='[3]FTR BBT'!$N$1126 -> 0.93069307 | O16: ='[3]FTR BBT'!$N$399 -> 0.85483871
A17: PG | B17: % | C17: ='[2]FTR BBT'!$D$84 -> 0.98412698 | D17: ='[2]FTR BBT'!$D$178 -> 0.74242424 | E17: ='[2]FTR BBT'!$D$279 -> 0.82474227 | F17: ='[2]FTR BBT'!$D$367 -> 0.98591549 | G17: ='[2]FTR BBT'!$D$465 -> 0.95454545 | H17: ='[1]FTR BBT'!$D$515 -> 1 | I17: ='[1]FTR BBT'!$D$617 -> 0.9673913 | J17: ='[1]FTR BBT'!$D$704 -> 0.9875 | K17: ='[1]FTR BBT'!$D$790 -> 0.98076923 | L17: ='[3]FTR BBT'!$D$848 -> 0.91304348 | M17: ='[3]FTR BBT'!$D$974 -> 0.97435897 | N17: ='[3]FTR BBT'!$D$1126 -> 0.97058824 | O17: ='[3]FTR BBT'!$D$399 -> 0.88709677
A18: Colour | B18: % | C18: ='[2]FTR BBT'!$J$84 -> 0.95238095 | D18: ='[2]FTR BBT'!$J$178 -> 0.95454545 | E18: ='[2]FTR BBT'!$J$279 -> 0.97938144 | F18: ='[2]FTR BBT'!$J$367 -> 1 | G18: ='[2]FTR BBT'!$J$465 -> 0.98863636 | H18: ='[1]FTR BBT'!$J$515 -> 1 | I18: ='[1]FTR BBT'!$J$617 -> 0.9673913 | J18: ='[1]FTR BBT'!$J$704 -> 0.9875 | K18: ='[1]FTR BBT'!$J$790 -> 1 | L18: ='[3]FTR BBT'!$J$848 -> 0.97826087 | M18: ='[3]FTR BBT'!$J$974 -> 0.93589744 | N18: ='[3]FTR BBT'!$J$1126 -> 0.98039216 | O18: ='[3]FTR BBT'!$J$399 -> 0.96774194
A19: CO2 | B19: % | C19: ='[2]FTR BBT'!$H$84 -> 1 | D19: ='[2]FTR BBT'!$H$178 -> 0.92727273 | E19: ='[2]FTR BBT'!$H$279 -> 0.96629213 | F19: ='[2]FTR BBT'!$H$367 -> 1 | G19: ='[2]FTR BBT'!$H$465 -> 1 | H19: ='[1]FTR BBT'!$H$515 -> 1 | I19: ='[1]FTR BBT'!$H$617 -> 1 | J19: ='[1]FTR BBT'!$H$704 -> 0.98591549 | K19: ='[1]FTR BBT'!$H$790 -> 1 | L19: ='[3]FTR BBT'!$H$848 -> 1 | M19: ='[3]FTR BBT'!$H$974 -> 0.98684211 | N19: ='[3]FTR BBT'!$H$1126 -> 0.97938144 | O19: ='[3]FTR BBT'!$H$399 -> 0.98360656
A20: DO | B20: % | C20: ='[2]FTR BBT'!$F$84 -> 1 | D20: ='[2]FTR BBT'!$F$178 -> 1 | E20: ='[2]FTR BBT'!$F$279 -> 1 | F20: ='[2]FTR BBT'!$F$367 -> 1 | G20: ='[2]FTR BBT'!$F$465 -> 1 | H20: ='[1]FTR BBT'!$F$515 -> 1 | I20: ='[1]FTR BBT'!$F$617 -> 1 | J20: ='[1]FTR BBT'!$F$704 -> 1 | K20: ='[1]FTR BBT'!$F$790 -> 1 | L20: ='[3]FTR BBT'!$F$848 -> 1 | M20: ='[3]FTR BBT'!$F$974 -> 1 | N20: ='[3]FTR BBT'!$F$1126 -> 0.98630137 | O20: ='[3]FTR BBT'!$F$399 -> 1
A21: Haze | B21: % | C21: ='[2]FTR BBT'!$L$84 -> 0.91836735 | D21: ='[2]FTR BBT'!$L$178 -> 1 | E21: ='[2]FTR BBT'!$L$279 -> 0.98684211 | F21: ='[2]FTR BBT'!$L$367 -> 1 | G21: ='[2]FTR BBT'!$L$465 -> 1 | H21: ='[1]FTR BBT'!$L$515 -> 1 | I21: ='[1]FTR BBT'!$L$617 -> 0.98717949 | J21: ='[1]FTR BBT'!$L$704 -> 1 | K21: ='[1]FTR BBT'!$L$790 -> 1 | L21: ='[3]FTR BBT'!$L$848 -> 1 | M21: ='[3]FTR BBT'!$L$974 -> 1 | N21: ='[3]FTR BBT'!$L$1126 -> 1 | O21: ='[3]FTR BBT'!$L$399 -> 1
C23: January | D23: February | E23: March | F23: April | G23: May | H23: June | I23: July | J23: August | K23: September | L23: October | M23: November | N23: December | O23: January
A24: FTR Packaging | B24: % | C24: ='[1]FTR Packaging'!$L$63 -> 0.875 | D24: ='[1]FTR Packaging'!$L$125 -> 0.81395349 | E24: ='[1]FTR Packaging'!$L$200 -> 0.85483871 | F24: ='[1]FTR Packaging'!$L$256 -> 0.97826087 | G24: ='[1]FTR Packaging'!$L$326 -> 0.98305085 | H24: ='[1]FTR Packaging'!$L$357 -> 0.20833333 | I24: ='[1]FTR Packaging'!$L$430 -> 0.75 | J24: ='[1]FTR Packaging'!$L$486 -> 0.8 | K24: ='[1]FTR Packaging'!$L$558 -> 0.875 | L24: ='[3]FTR Packaging'!$L$590 -> 0.98461538 | M24: ='[3]FTR Packaging'!$L$664 -> 0.9787234 | N24: ='[3]FTR Packaging'!$L$763 -> 0.92537313 | O24: ='[3]FTR Packaging'!$L$519 -> 0.85245902
A25: PU | B25: % | C25: ='[1]FTR Packaging'!$F$63 -> 0.85714286 | D25: ='[1]FTR Packaging'!$F$125 -> 0.81818182 | E25: ='[1]FTR Packaging'!$F$200 -> 0.87096774 | F25: ='[1]FTR Packaging'!$F$256 -> 0.97826087 | G25: ='[1]FTR Packaging'!$F$326 -> 0.96721311 | H25: ='[1]FTR Packaging'!$F$357 -> 0.20833333 | I25: ='[1]FTR Packaging'!$F$430 -> 0.73770492 | J25: ='[1]FTR Packaging'!$F$486 -> 0.85365854 | K25: ='[1]FTR Packaging'!$F$558 -> 0.90322581 | L25: ='[3]FTR Packaging'!$F$590 -> 0.98412698 | M25: ='[3]FTR Packaging'!$F$664 -> 0.9787234 | N25: ='[3]FTR Packaging'!$F$763 -> 0.9047619 | O25: ='[3]FTR Packaging'!$F$519 -> 0.9
A26: Fill Volume | B26: % | C26: ='[1]FTR Packaging'!$D$63 -> 1 | D26: ='[1]FTR Packaging'!$D$125 -> 1 | E26: ='[1]FTR Packaging'!$D$200 -> 1 | F26: ='[1]FTR Packaging'!$D$256 -> 1 | G26: ='[1]FTR Packaging'!$D$326 -> 1 | H26: ='[1]FTR Packaging'!$D$357 -> 0.95652174 | I26: ='[1]FTR Packaging'!$D$430 -> 1 | J26: ='[1]FTR Packaging'!$D$486 -> 1 | K26: ='[1]FTR Packaging'!$D$558 -> 1 | L26: ='[3]FTR Packaging'!$D$590 -> 1 | M26: ='[3]FTR Packaging'!$D$664 -> 1 | N26: ='[3]FTR Packaging'!$D$763 -> 1 | O26: ='[3]FTR Packaging'!$D$519 -> 1
A27: TOP | B27: % | C27: ='[1]FTR Packaging'!$H$63 -> 1 | D27: ='[1]FTR Packaging'!$H$125 -> 1 | E27: ='[1]FTR Packaging'!$H$200 -> 1 | F27: ='[1]FTR Packaging'!$H$256 -> 1 | G27: ='[1]FTR Packaging'!$H$326 -> 1 | H27: ='[1]FTR Packaging'!$H$357 -> 1 | I27: ='[1]FTR Packaging'!$H$430 -> 0.98412698 | J27: ='[1]FTR Packaging'!$H$486 -> 1 | K27: ='[1]FTR Packaging'!$H$558 -> 1 | L27: ='[3]FTR Packaging'!$H$590 -> 1 | M27: ='[3]FTR Packaging'!$H$664 -> 1 | N27: ='[3]FTR Packaging'!$H$763 -> 1 | O27: ='[3]FTR Packaging'!$H$519 -> 0.94545455
A28: Packaging Index | B28: % | C28: ='[1]FTR Packaging'!$J$63 -> 1 | D28: ='[1]FTR Packaging'!$J$125 -> 0.975 | E28: ='[1]FTR Packaging'!$L$200 -> 0.85483871 | F28: ='[1]FTR Packaging'!$L$256 -> 0.97826087 | G28: ='[1]FTR Packaging'!$L$326 -> 0.98305085 | H28: ='[1]FTR Packaging'!$J$357 -> 1 | I28: ='[1]FTR Packaging'!$L$430 -> 0.75 | J28: ='[1]FTR Packaging'!$L$486 -> 0.8 | K28: ='[1]FTR Packaging'!$L$558 -> 0.875 | L28: ='[3]FTR Packaging'!$L$590 -> 0.98461538 | M28: ='[3]FTR Packaging'!$L$664 -> 0.9787234 | N28: ='[3]FTR Packaging'!$L$763 -> 0.92537313 | O28: ='[3]FTR Packaging'!$L$519 -> 0.85245902
C30: January | D30: February | E30: March | F30: April | G30: May | H30: June | I30: July | J30: August | K30: September | L30: October | M30: November | N30: December
A31: FTR Micro | B31: % | C31: 0.81 | D31: 0.818 | E31: 0.857 | F31: 0.827 | G31: 0.829 | H31: 0.844 | I31: 0.834 | J31: 0.82 | K31: 0.87 | L31: 0.8064 | M31: 0.7986 | N31: 0.795
A32: MicroPack - MicroTunnel | B32: % | C32: 1 | D32: 1 | E32: 1 | F32: 1 | G32: 1 | H32: 1 | I32: 1 | J32: 1 | L32: 1 | M32: 1 | N32: 1
A33: MicroBeer - MicroFerment | B33: % | C33: 0.81 | D33: 0.818 | E33: 0.857 | F33: 0.827 | G33: 0.829 | H33: 0.844 | I33: 0.834 | J33: 0.82 | L33: 0.8064 | M33: 0.7986 | N33: 0.795
C35: January | D35: February | E35: March | F35: April | G35: May | H35: June | I35: July | J35: August | K35: September | L35: October | M35: November | N35: December
A36: FTR Finished Product | B36: % | C36: ='[1]FTR Finished Product'!$L$61 -> 0.83333333 | D36: ='[1]FTR Finished Product'!$L$123 -> 0.68888889 | E36: ='[1]FTR Finished Product'!$L$195 -> 0.77419355 | F36: ='[1]FTR Finished Product'!$L$250 -> 0.97826087 | G36: ='[1]FTR Finished Product'!$L$318 -> 0.94 | H36: ='[1]FTR Finished Product'!$L$353 -> 0.91666667 | I36: ='[1]FTR Finished Product'!$L$424 -> 0.92063492 | J36: ='[1]FTR Finished Product'!$L$479 -> 0.9787234 | K36: ='[1]FTR Finished Product'!$L$551 -> 1 | L36: ='[2]FTR Finished Product'!$L$195 -> 0.77419355 | M36: ='[2]FTR Finished Product'!$L$195 -> 0.77419355 | N36: ='[2]FTR Finished Product'!$L$195 -> 0.77419355 | O36: ='[2]FTR Finished Product'!$L$195 -> 0.77419355
A37: Colour | B37: % | C37: ='[1]FTR Finished Product'!$J$61 -> 0.97368421 | D37: ='[1]FTR Finished Product'!$J$123 -> 1 | E37: ='[1]FTR Finished Product'!$J$195 -> 0.96825397 | F37: ='[1]FTR Finished Product'!$J$250 -> 1 | G37: ='[1]FTR Finished Product'!$J$318 -> 1 | H37: ='[1]FTR Finished Product'!$J$353 -> 0.95833333 | I37: ='[1]FTR Finished Product'!$J$424 -> 0.96721311 | J37: ='[1]FTR Finished Product'!$J$479 -> 0.97916667 | K37: ='[1]FTR Finished Product'!$J$551 -> 1 | L37: ='[2]FTR Finished Product'!$J$195 -> 0.96825397 | M37: ='[2]FTR Finished Product'!$J$195 -> 0.96825397 | N37: ='[2]FTR Finished Product'!$J$195 -> 0.96825397 | O37: ='[2]FTR Finished Product'!$J$195 -> 0.96825397
A38: ISO-H | B38: % | C38: ='[1]FTR Finished Product'!$F$61 -> 0.91176471 | D38: ='[1]FTR Finished Product'!$F$123 -> 0.97674419 | E38: ='[1]FTR Finished Product'!$F$195 -> 0.96666667 | F38: ='[1]FTR Finished Product'!$F$250 -> 1 | G38: ='[1]FTR Finished Product'!$F$318 -> 0.93877551 | H38: ='[1]FTR Finished Product'!$F$353 -> 1 | I38: ='[1]FTR Finished Product'!$F$424 -> 1 | J38: ='[1]FTR Finished Product'!$F$479 -> 1 | K38: ='[1]FTR Finished Product'!$F$551 -> 1 | L38: ='[2]FTR Finished Product'!$F$195 -> 0.96666667 | M38: ='[2]FTR Finished Product'!$F$195 -> 0.96666667 | N38: ='[2]FTR Finished Product'!$F$195 -> 0.96666667 | O38: ='[2]FTR Finished Product'!$F$195 -> 0.96666667
A39: PG | B39: % | C39: ='[1]FTR Finished Product'!$D$61 -> 0.94736842 | D39: ='[1]FTR Finished Product'!$D$123 -> 0.76744186 | E39: ='[1]FTR Finished Product'!$D$195 -> 0.85483871 | F39: ='[1]FTR Finished Product'!$D$250 -> 0.97826087 | G39: ='[1]FTR Finished Product'!$D$318 -> 1 | H39: ='[1]FTR Finished Product'!$D$353 -> 1 | I39: ='[1]FTR Finished Product'!$D$424 -> 0.9516129 | J39: ='[1]FTR Finished Product'!$D$479 -> 1 | K39: ='[1]FTR Finished Product'!$D$551 -> 1 | L39: ='[2]FTR Finished Product'!$D$195 -> 0.85483871 | M39: ='[2]FTR Finished Product'!$D$195 -> 0.85483871 | N39: ='[2]FTR Finished Product'!$D$195 -> 0.85483871 | O39: ='[2]FTR Finished Product'!$D$195 -> 0.85483871
A40: TIPO | B40: % | C40: ='[1]FTR Finished Product'!$H$61 -> 0.96875 | D40: ='[1]FTR Finished Product'!$H$123 -> 0.88636364 | E40: ='[1]FTR Finished Product'!$H$195 -> 1 | F40: ='[1]FTR Finished Product'!$H$250 -> 1 | G40: ='[1]FTR Finished Product'!$H$318 -> 1 | H40: ='[1]FTR Finished Product'!$H$353 -> 0.95454545 | I40: ='[1]FTR Finished Product'!$H$424 -> 0.98387097 | J40: ='[1]FTR Finished Product'!$H$479 -> 1 | K40: ='[1]FTR Finished Product'!$H$551 -> 1 | L40: ='[2]FTR Finished Product'!$H$195 -> 1 | M40: ='[2]FTR Finished Product'!$H$195 -> 1 | N40: ='[2]FTR Finished Product'!$H$195 -> 1 | O40: ='[2]FTR Finished Product'!$H$195 -> 1
B42: MTD | C42: =(C2+C8+C16+C24+C31+C36)/6 -> 0.66911376 | D42: =(D2+D8+D16+D24+D31+D36)/6 -> 0.57840288 | E42: =(E2+E8+E16+E24+E31+E36)/6 -> 0.7435705 | F42: =(F2+F8+F16+F24+F31+F36)/6 -> 0.82378748 | G42: =(G2+G8+G16+G24+G31+G36)/6 -> 0.70886336 | H42: =(H2+H8+H16+H24+H31+H36)/6 -> 0.64388482 | I42: =(I2+I8+I16+I24+I31+I36)/6 -> 0.71911666 | J42: =(J2+J8+J16+J24+J31+J36)/6 -> 0.77341492 | ... N42: =(N2+N8+N16+N24+N31+N36)/6 -> 0.76627383 | O42: =(O2+O8+O16+O24+O31+O36)/5 -> 0.68005719
B43: YTD | D43: =AVERAGE(C42,D42) -> 0.62375832 | E43: =AVERAGE(C42,D42,E42) -> 0.66369571 | F43: =AVERAGE(C42,D42,E42,F42) -> 0.70371865 | G43: =AVERAGE(D42,E42,F42,G42,C42) -> 0.70474759 | H43: =AVERAGE(C42,E42,F42,G42,H42,D42) -> 0.6946038 | I43: =AVERAGE($C$42:I42) -> 0.69810564 | J43: =AVERAGE($C$42:J42) -> 0.7075193 | K43: =AVERAGE($C$42:K42) -> 0.71371106 | L43: =AVERAGE($C$42:L42) -> 0.72113297 | M43: =AVERAGE($C$42:M42) -> 0.72669063 | N43: =AVERAGE($C$42:N42) -> 0.72998923 | O43: =AVERAGE(L42,M42,N42,O42,K42) -> 0.75595473
B44: Target | C44: 0.82
B45: 2025 | C45: ='[4]Summary Report'!C$42 -> 0.70982918 | D45: ='[4]Summary Report'!D42 -> 0.75197722 | E45: ='[4]Summary Report'!E42 -> 0.78403665 | F45: ='[4]Summary Report'!F42 -> 0.68888481 | G45: ='[4]Summary Report'!G42 -> 0.75529019 | H45: {='[4]Summary Report'!$H$42:$N$42} -> 0.73208329 | I45: 0.86065082 | J45: 0.79568633 | K45: 0.81817184 | L45: 0.81031318 | M45: 0.81945374 | N45: 0.79861128
B46: 2024 | C46: ='[5]January ''24'!$C$37 -> 0.81666351 | D46: ='[5]February ''24'!$C$38 -> 0.77628845 | E46: ='[5]March ''24'!$C$36 -> 0.76636542 | F46: ='[5]April ''24'!$C$36 -> 0.76766968 | G46: ='[5]May ''24'!$C$36 -> 0.73306119 | H46: ='[5]June ''24 '!$C$36 -> 0.71989777 | I46: ='[5]July ''24'!$C$35 -> 0.76910597 | J46: ='[5]August ''24'!$C$35 -> 0.86073914 | K46: ='[5]September ''24 '!$C$35 -> 0.77858984 | L46: ='[5]October ''24 '!$C$35 -> 0.77010485 | M46: ='[5]November ''24 '!$C$35 -> 0.70942826 | N46: ='[5]December ''24'!$C$35 -> 0.69609422

Sheet Monthly Comparison Graphs

Sheet FTR Targets
A1: KPI | C1: Target
A2: FTR Brewing | B2: % | C2: 90
A3: Cast Gravity | B3: % | C3: 94.9 | E3: Multiply
A4: Process Time | B4: % | C4: 94.9
A6: FTR Fermentation | B6: % | C6: 80
A7: FVSV Fill Duration | B7: % | C7: 97.2
A8: Yeast Dosage | B8: % | C8: 97.2
A9: Pitched Yeast Stain | B9: % | C9: 97.2
A10: Yeast Storage Duration | B10: % | C10: 97.2
A11: Harvest Moment | B11: % | C11: 97.2
A12: Fermentation Speed | B12: % | C12: 97.2
A14: FTR BBT | B14: % | C14: 80
A15: Original Gravity | B15: % | C15: 96.9
A16: Colour | B16: % | C16: 96.9
A17: Haze - H90 | B17: % | C17: 96.9
... A23: FTR Packaging | B23: % | C23: 70
A24: Line 3 | C24: 70 | E24: Averaged
A25: PU | B25: % | C25: 88.9
A26: Fill Volume | B26: % | C26: 88.9
A27: TOP | B27: % | C27: 88.9
A29: Line 6 B&C | C29: 70
A30: PU | B30: % | C30: 88.9
A31: Fill Volume | B31: % | C31: 88.9
A32: TOP | B32: % | C32: 88.9
A34: FTR Micro | B34: % | C34: 85
A35: MicroPack - MicroTunnel | C35: 92.2
A36: MicroBeer - MicroFerment | C36: 92.2
A38: FTR Finished Product | B38: % | C38: 75
A39: Colour | C39: 93
A40: ISO-H | C40: 93
A41: Original Gravity | C41: 93
A42: Turbidity | C42: 93

Sheet Sheet1
B3: July | F3: August | J3: September
B5: KPI | D5: Target | F5: KPI | H5: Target | J5: KPI | L5: Target
B6: FTR Brewing | C6: % | D6: =(D7*D8)/100 -> 55.2 | F6: FTR Brewing | G6: % | H6: =(H7*H8)/100 -> 67.76 | J6: FTR Brewing | K6: % | L6: =(L7*L8)/100 -> 66.12
B7: Cast Gravity | C7: % | D7: 80 | F7: Cast Gravity | G7: % | H7: 88 | J7: Cast Gravity | K7: % | L7: 87
B8: Process Time | C8: % | D8: 69 | F8: Process Time | G8: % | H8: 77 | J8: Process Time | K8: % | L8: 76
B10: FTR Fermentation | C10: % | D10: =((D11*D12*D13*D14*D16)/10000000000)*100 -> 46.0071 | F10: FTR Fermentation | G10: % | H10: =((H11*H12*H13*H14*H16)/10000000000)*100 -> 90.25 | J10: FTR Fermentation | K10: % | L10: =((L11*L12*L13*L14*L16)/10000000000)*100 -> 89.3
B11: FVSV Fill Duration | C11: % | D11: 97 | F11: FVSV Fill Duration | G11: % | H11: 100 | J11: FVSV Fill Duration | K11: % | L11: 100
B12: Yeast Dosage | C12: % | D12: 93 | F12: Yeast Dosage | G12: % | H12: 95 | J12: Yeast Dosage | K12: % | L12: 100
B13: Pitched Yeast Stain | C13: % | D13: 100 | F13: Pitched Yeast Stain | G13: % | H13: 100 | J13: Pitched Yeast Stain | K13: % | L13: 100
B14: Yeast Storage Duration | C14: % | D14: 85 | F14: Yeast Storage Duration | G14: % | H14: 100 | J14: Yeast Storage Duration | K14: % | L14: 94
B15: Harvest Moment | C15: % | D15: - | F15: Harvest Moment | G15: % | H15: - | J15: Harvest Moment | K15: % | L15: -
B16: Fermentation Speed | C16: % | D16: 60 | F16: Fermentation Speed | G16: % | H16: 95 | J16: Fermentation Speed | K16: % | L16: 95
B18: FTR BBT | C18: % | D18: =((D19*D20*D23*D24)/100000000)*100 -> 15.6816 | F18: FTR BBT | G18: % | H18: =((H19*H20*H23*H24)/100000000)*100 -> 17.1 | J18: FTR BBT | K18: % | L18: =((L19*L20*L23*L24)/100000000)*100 -> 14.3374
B19: Original Gravity | C19: % | D19: 72 | F19: Original Gravity | G19: % | H19: 100 | J19: Original Gravity | K19: % | L19: 77
B20: Colour | C20: % | D20: 22 | F20: Colour | G20: % | H20: 18 | J20: Colour | K20: % | L20: 28
B21: Haze - H90 | C21: % | D21: - | F21: Haze - H90 | G21: % | H21: - | J21: Haze - H90 | K21: % | L21: -
B22: Haze - H25 | C22: % | D22: - | F22: Haze - H25 | G22: % | H22: - | J22: Haze - H25 | K22: % | L22: -
B23: CO2 | C23: % | D23: 99 | F23: CO2 | G23: % | H23: 95 | J23: CO2 | K23: % | L23: 95
B24: DO | C24: % | D24: 100 | F24: DO | G24: % | H24: 100 | J24: DO | K24: % | L24: 70
B25: Turbidity | C25: % | D25: - | F25: Turbidity | G25: % | H25: - | J25: Turbidity | K25: % | L25: -
B27: FTR Packaging | C27: % | D27: =((D28*D29)/10000)*100 -> 32.55 | F27: FTR Packaging | G27: % | H27: =((H28*H29)/10000)*100 -> 26 | J27: FTR Packaging | K27: % | L27: =((L28*L29)/10000)*100 -> 21.62
B28: PU | C28: % | D28: 35 | F28: PU | G28: % | H28: 26 | J28: PU | K28: % | L28: 23
B29: Fill Volume | C29: % | D29: 93 | F29: Fill Volume | G29: % | H29: 100 | J29: Fill Volume | K29: % | L29: 94
B30: TOP | C30: % | D30: - | F30: TOP | G30: % | H30: - | J30: TOP | K30: % | L30: -
B33: FTR Micro | C33: % | D33: =(D34*D35)/100 -> 10.37 | F33: FTR Micro | G33: % | H33: =(H34*H35)/100 -> 34.9 | J33: FTR Micro | K33: % | L33: =(L34*L35)/100 -> 71.3
B34: MicroPack - MicroTunnel | D34: 100 | F34: MicroPack - MicroTunnel | H34: 100 | J34: MicroPack - MicroTunnel | L34: 100
B35: MicroBeer - MicroFerment | D35: 10.37 | F35: MicroBeer - MicroFerment | H35: 34.9 | J35: MicroBeer - MicroFerment | L35: 71.3
B37: FTR Finished Product | C37: % | D37: =((D38*D39*D40)/1000000)*100 -> 8.964 | F37: FTR Finished Product | G37: % | H37: =((H38*H39*H40)/1000000)*100 -> 3.08 | J37: FTR Finished Product | K37: % | L37: =((L38*L39*L40)/1000000)*100 -> 13.158
B38: Colour | D38: 27 | F38: Colour | H38: 11 | J38: Colour | L38: 34
B39: ISO-H | D39: 40 | F39: ISO-H | H39: 28 | J39: ISO-H | L39: 45
B40: Original Gravity | D40: 83 | F40: Original Gravity | H40: 100 | J40: Original Gravity | L40: 86
B41: Turbidity | D41: - | F41: Turbidity | H41: - | J41: Turbidity | L41: -
D43: =(D6+D10+D18+D27+D33+D37)/6 -> 28.128783 | H43: =(H6+H10+H18+H27+H33+H37)/6 -> 39.848333 | L43: =(L6+L10+L18+L27+L33+L37)/6 -> 45.972567
