Workbook
Name Apr: [1]April!$A$1:$Q$35
Name Aug: [1]Aug!$A$1:$Q$35
Name Category: #REF!
Name Classification: #REF!
Name CO2MOR: #REF!
Name Company: #REF!
Name Date: #REF!
Name Dec: [1]Dec!$A$1:$Q$35
Name elc.beer: [2]Electricity!#REF!
Name Elec.beer: [2]Electricity!#REF!
Name elec.malt: [2]Electricity!#REF!
Name elec.oth: [2]Electricity!#REF!
Name ELECMOR: #REF!
Name Feb: [1]Feb!$A$1:$Q$35
Name FS_Area: #REF!
Name FUELMOR: #REF!
Name H20MOR: #REF!
Name IT: #REF!
Name Jan: '[1] Jan'!$A$1:$Q$35
Name July: [1]July!$A$1:$Q$35
Name June: [1]June!$A$1:$Q$35
Name Mar: [1]Mar!$A$1:$Q$35
Name May: [1]May!$A$1:$Q$35
Name MS: #REF!
Name Nov: [1]Nov!$A$1:$Q$35
Name Oct: [1]Oct!$A$1:$Q$35
Name RATIOS: #REF!
Name Reporting_body: #REF!
Name Risk: #REF!
Name Sector: #REF!
Name Sept: [1]Sept!$A$1:$Q$35
Name Status: #REF!
Name Summary: #REF!
Name TOTALMOR: #REF!

Sheet Summary 2025 CPH 
C1: Available Time | G1: Fill Mins
C2: New MTD CPH | D2: New YTD CPH | G2: Old MTD CPH | H2: Old YTD CPH | K2: New Vs Old Diff MTD | L2: New Vs Old Diff YTD
B3: Jan | C3: =January_2025!Q65 -> 329.9106 | D3: =January_2025!R65 -> 329.9106 | F3: Jan | G3: =January_2025!Q67 -> 417.25817 | H3: =January_2025!R67 -> 417.25817 | K3: =C3-G3 -> -87.347562 | L3: =D3-H3 -> -87.347562
B4: Feb | C4: =February_2025!Q63 -> 297.08261 | D4: =February_2025!R63 -> 309.49036 | F4: Feb | G4: =February_2025!Q65 -> 386.44063 | H4: =February_2025!R65 -> 398.29267 | K4: =C4-G4 -> -89.358018 | L4: =D4-H4 -> -88.802312
B5: Mar | C5: =March_2025!Q62 -> 258.18732 | D5: =March_2025!R62 -> 290.77687 | F5: Mar | G5: =March_2025!Q64 -> 341.12731 | H5: =March_2025!R64 -> 377.78806 | K5: =C5-G5 -> -82.939992 | L5: =D5-H5 -> -87.011196
B6: Apr | C6: ='April_2025 '!Q54 -> 281.7882 | D6: ='April_2025 '!R54 -> 288.36403 | F6: Apr | G6: ='April_2025 '!Q56 -> 355.54997 | H6: ='April_2025 '!R56 -> 371.69 | K6: =C6-G6 -> -73.761779 | L6: =D6-H6 -> -83.325969
B7: May | C7: =May_2025!R63 -> 197.24186 | D7: =May_2025!S63 -> 274.41256 | F7: May | G7: =May_2025!R65 -> 317.49394 | H7: =May_2025!S65 -> 360.86932 | K7: =C7-G7 -> -120.25208 | L7: =D7-H7 -> -86.456763
B8: Jun | C8: =June_2025!Q57 -> 289.34656 | D8: =June_2025!R57 -> 270.7666 | F8: Jun | G8: =June_2025!Q59 -> 369.85315 | H8: =June_2025!R59 -> 362.55261 | K8: =C8-G8 -> -80.506584 | L8: =D8-H8 -> -91.786003
B9: Jul | C9: =July_2025!Q55 -> 275.49765 | D9: =July_2025!R55 -> 271.54794 | F9: Jul | G9: =July_2025!Q57 -> 393.45557 | H9: =July_2025!R57 -> 367.3874 | K9: =C9-G9 -> -117.95791 | L9: =D9-H9 -> -95.839463
B10: Aug | C10: =August_2025!Q57 -> 293.59276 | D10: =August_2025!R57 -> 282.80052 | F10: Aug | G10: =August_2025!Q59 -> 392.66579 | H10: =August_2025!R59 -> 370.2679 | K10: =C10-G10 -> -99.073032 | L10: =D10-H10 -> -87.467384
B11: Sep | C11: =September_2025!Q54 -> 279.47043 | D11: =September_2025!R54 -> 274.62897 | F11: Sep | G11: =September_2025!Q56 -> 399.59138 | H11: =September_2025!R56 -> 373.31684 | K11: =C11-G11 -> -120.12095 | L11: =D11-H11 -> -98.687876
B12: Oct | C12: =October_2025!Q64 -> 296.95343 | D12: =October_2025!R64 -> 277.09489 | F12: Oct | G12: =October_2025!Q66 -> 402.83395 | H12: =October_2025!R66 -> 376.58322 | K12: =C12-G12 -> -105.88052 | L12: =D12-H12 -> -99.488334
B13: Nov | C13: =November_2025!Q62 -> 267.01347 | D13: =November_2025!R62 -> 276.20899 | F13: Nov | G13: =November_2025!Q64 -> 372.39112 | H13: =November_2025!R64 -> 376.22344 | K13: =C13-G13 -> -105.37764 | L13: =D13-H13 -> -100.01445
B14: Dec | C14: =December_2025!Q60 -> 257.40149 | D14: =December_2025!S60 -> 274.21192 | F14: Dec | G14: =December_2025!Q62 -> 361.78202 | H14: =December_2025!S62 -> 374.73246 | K14: =C14-G14 -> -104.38053 | L14: =D14-H14 -> -100.52054

Sheet January_2025
B1: GRENADA BREWERIES LIMITED
B3: PRODUCTION DEPARTMENT
B4: 45658
B5: DATE | C5: DAY | D5: PRODUCT | E5: AVAIL. | F5: FILL | G5: CASES | H5: Line Rated | I5: Cases on Hold | J5: BBT | K5: BOTTLED | L5: Diff BBT Hls vs Hls in Package | M5: DOWNTIME (Mins) | N5: REJECTS (Cases) | O5: KEGS | P5: BOTTLED | Q5: AVERAGE | R5: YTD
E6: TIME | F6: TIME | G6: BOTTLED | H6: Efficiency | J6: HLS | K6: HLS | P6: LOSS | Q6: CASE/HR | R6: Ave Case per hour
F7: Mins | H7: %
B8: 45659 | C8: 1 | D8: STAG LOCAL | E8: 858 | F8: =[4]Jan!$N69 -> 364 | G8: 2153 | H8: =(G8)*24/(F8/60)/17000*100 -> 50.102133 | J8: =71.3+72 -> 143.3 | K8: =(G8)*0.066 -> 142.098 | L8: =J8-K8 -> 1.202 | M8: =[4]Jan!AD8 -> 189 | N8: =3.5 -> 3.5 | P8: =(J8-K8)/J8*100 -> 0.83879972 | Q8: =(G8)/(F8/60) -> 354.89011
B9: 45659 | C9: 1 | D9: CARIB AMBER | F9: =[4]Jan!$N70 -> 405 | G9: 3344 | H9: =(G9)*24/(F9/60)/17000*100 -> 69.939869 | J9: =99.4+87.1+99.2+101.8-73.2-78 -> 236.3 | K9: =(G9)*0.066 -> 220.704 | L9: =J9-K9 -> 15.596 | M9: =[4]Jan!AD9 -> 194 | N9: =1+3 -> 4 | P9: =(J9-K9)/J9*100 -> 6.6000846 | Q9: =(G9)/(F9/60) -> 495.40741
B10: 3 | C10: 2 | D10: CARIB FLINT LOCAL | E10: 186 | F10: =[4]Jan!$N71 -> 174 | G10: 1292 | H10: =(G10)*24/(F10/60)/17000*100 -> 62.896552 | J10: =73.2+78-30.3-35.2 -> 85.7 | K10: =(G10)*0.066 -> 85.272 | L10: =J10-K10 -> 0.428 | M10: =[4]Jan!AD10 -> 47 | N10: 9 | P10: =(J10-K10)/J10*100 -> 0.49941657 | Q10: =(G10)/(F10/60) -> 445.51724
B11: 6 | C11: 3 | D11: CARIB AMBER | E11: 1440 | F11: =[4]Jan!$N72 -> 794 | G11: 5928 | H11: =(G11)*24/(F11/60)/17000*100 -> 63.241369 | J11: =94+96.7+65.5+87.5+54 -> 397.7 | K11: =(G11)*0.066 -> 391.248 | L11: =J11-K11 -> 6.452 | M11: =[4]Jan!AD11 -> 82 | N11: 25 | P11: =(J11-K11)/J11*100 -> 1.6223284 | Q11: =(G11)/(F11/60) -> 447.9597
B12: 6 | C12: 3 | D12: STAG LOCAL | F12: =[4]Jan!$N73 -> 359 | G12: 2487 | H12: =(G12)*24/(F12/60)/17000*100 -> 58.680649 | J12: =95+93-21.5 -> 166.5 | K12: =(G12)*0.066 -> 164.142 | L12: =J12-K12 -> 2.358 | M12: =[4]Jan!AD12 -> 68 | N12: 9 | P12: =(J12-K12)/J12*100 -> 1.4162162 | Q12: =(G12)/(F12/60) -> 415.6546
B13: 45664 | C13: 4 | D13: STAG LOCAL | E13: 1440 | F13: =[4]Jan!$N74 -> 400 | G13: 3057 | H13: =(G13)*24/(F13/60)/17000*100 -> 64.736471 | J13: =99.4+85+21.5 -> 205.9 | K13: =(G13)*0.066 -> 201.762 | L13: =J13-K13 -> 4.138 | M13: =[4]Jan!AD13 -> 57 | N13: 5 | P13: =(J13-K13)/J13*100 -> 2.0097135 | Q13: =(G13)/(F13/60) -> 458.55
B14: 45664 | C14: 4 | D14: CARIB AMBER | F14: =[4]Jan!$N75 -> 478 | G14: 3335 | H14: =(G14)*24/(F14/60)/17000*100 -> 59.099188 | J14: =91+42.2+90.2 -> 223.4 | K14: =(G14)*0.066 -> 220.11 | L14: =J14-K14 -> 3.29 | M14: =[4]Jan!AD14 -> 128 | N14: 15 | P14: =(J14-K14)/J14*100 -> 1.4726947 | Q14: =(G14)/(F14/60) -> 418.61925
B15: 45664 | C15: 4 | D15: VITAMALT CLASSIC | F15: =[4]Jan!$N76 -> 337 | G15: 360 | H15: =(G15)*24/(F15/60)/17000*100 -> 9.0486996 | J15: =99.2+42.3-45-70 -> 26.5 | K15: =G15*0.0708 -> 25.488 | L15: =J15-K15 -> 1.012 | M15: =[4]Jan!AD15 -> 436 | P15: =(J15-K15)/J15*100 -> 3.8188679 | Q15: =(G15)/(F15/60) -> 64.094955
B16: 45665 | C16: 5 | D16: VITAMALT CLASSIC | E16: 1440 | F16: =[4]Jan!$N77 -> 205 | G16: 1606 | H16: =(G16)*24/(F16/60)/17000*100 -> 66.359828 | J16: =45+70 -> 115 | K16: =G16*0.0708 -> 113.7048 | L16: =J16-K16 -> 1.2952 | M16: =[4]Jan!AD16 -> 125 | P16: =(J16-K16)/J16*100 -> 1.1262609 | Q16: =(G16)/(F16/60) -> 470.04878
B17: 45665 | C17: 5 | D17: VITAMALT GINGER | F17: =[4]Jan!$N78 -> 210 | G17: 686 | H17: =(G17)*24/(F17/60)/17000*100 -> 27.670588 | J17: =50.7 -> 50.7 | K17: =G17*0.0708 -> 48.5688 | L17: =J17-K17 -> 2.1312 | M17: =[4]Jan!AD17 -> 21 | P17: =(J17-K17)/J17*100 -> 4.2035503 | Q17: =(G17)/(F17/60) -> 196
B18: 45665 | C18: 5 | D18: GUINNESS | F18: =[4]Jan!$N79 -> 663 | G18: 4437 | H18: =(G18)*24/(F18/60)/17000*100 -> 56.687783 | J18: =96+97.4+102.8 -> 296.2 | K18: =G18*0.066 -> 292.842 | L18: =J18-K18 -> 3.358 | M18: =[4]Jan!AD18 -> 361 | N18: 32 | P18: =(J18-K18)/J18*100 -> 1.1336935 | Q18: =(G18)/(F18/60) -> 401.53846
B19: 45665 | C19: 5 | D19: CARIB AMBER | F19: =[4]Jan!$N80 -> 47 | G19: 356 | H19: =(G19)*24/(F19/60)/17000*100 -> 64.1602 | J19: =98-74 -> 24 | K19: =G19*0.066 -> 23.496 | L19: =J19-K19 -> 0.504 | M19: =[4]Jan!AD19 -> 83 | P19: =(J19-K19)/J19*100 -> 2.1 | Q19: =(G19)/(F19/60) -> 454.46809
B20: 45666 | C20: 6 | D20: CARIB AMBER | E20: 965 | F20: =[4]Jan!$N81 -> 916 | G20: 6459 | H20: =(G20)*24/(F20/60)/17000*100 -> 59.728744 | J20: =74+97.1+82+97+82.5 -> 432.6 | K20: =G20*0.066 -> 426.294 | L20: =J20-K20 -> 6.306 | M20: =[4]Jan!AD20 -> 226 | P20: =(J20-K20)/J20*100 -> 1.4576976 | Q20: =(G20)/(F20/60) -> 423.0786
B21: 45673 | C21: 7 | D21: CARIB AMBER | E21: 863 | F21: =[4]Jan!$N82 -> 309 | G21: 2589 | H21: =(G21)*24/(F21/60)/17000*100 -> 70.972016 | J21: =87.4+94 -> 181.4 | K21: =G21*0.066+(35*0.19) -> 177.524 | L21: =J21-K21 -> 3.876 | M21: =[4]Jan!AD21 -> 140 | N21: 35 | O21: 35 | P21: =(J21-K21)/J21*100 -> 2.1367144 | Q21: =(G21)/(F21/60) -> 502.71845
B22: 45673 | C22: 7 | D22: STAG LOCAL | F22: =[4]Jan!$N83 -> 79 | G22: 509 | H22: =(G22)*24/(F22/60)/17000*100 -> 54.576322 | J22: =93.3-58 -> 35.3 | K22: =G22*0.066+(5*0.19) -> 34.544 | L22: =J22-K22 -> 0.756 | M22: =[4]Jan!AD22 -> 336 | O22: 5 | P22: =(J22-K22)/J22*100 -> 2.1416431 | Q22: =(G22)/(F22/60) -> 386.58228
B23: 45674 | C23: 8 | D23: STAG LOCAL | E23: 717 | F23: =[4]Jan!$N84 -> 99 | G23: 846 | H23: =(G23)*24/(F23/60)/17000*100 -> 72.385027 | J23: =58 -> 58 | K23: =G23*0.066 -> 55.836 | L23: =J23-K23 -> 2.164 | M23: =[4]Jan!AD23 -> 26 | N23: 6 | P23: =(J23-K23)/J23*100 -> 3.7310345 | Q23: =(G23)/(F23/60) -> 512.72727
B24: 45674 | C24: 8 | D24: CARIB AMBER | F24: =[4]Jan!$N85 -> 512 | G24: 3943 | H24: =(G24)*24/(F24/60)/17000*100 -> 65.233456 | J24: =81.1+96.8+96-9 -> 264.9 | K24: =G24*0.066 -> 260.238 | L24: =J24-K24 -> 4.662 | M24: =[4]Jan!AD24 -> 234 | P24: =(J24-K24)/J24*100 -> 1.7599094 | Q24: =(G24)/(F24/60) -> 462.07031
B25: 45677 | C25: 9 | D25: CARIB AMBER | E25: 853 | F25: =[4]Jan!$N86 -> 155 | G25: 1575 | H25: =(G25)*24/(F25/60)/17000*100 -> 86.072106 | J25: =9+99 -> 108 | K25: =G25*0.066 -> 103.95 | L25: =J25-K25 -> 4.05 | M25: =[4]Jan!AD25 -> 196 | N25: 7 | P25: =(J25-K25)/J25*100 -> 3.75 | Q25: =(G25)/(F25/60) -> 609.67742
B26: 45677 | C26: 9 | D26: STAG LOCAL | F26: =[4]Jan!$N87 -> 506 | G26: 3354 | H26: =(G26)*24/(F26/60)/17000*100 -> 56.146943 | J26: =89.6+99.6+100.9+99.7-75-90 -> 224.8 | K26: =G26*0.066 -> 221.364 | L26: =J26-K26 -> 3.436 | M26: =[4]Jan!AD26 -> 148 | P26: =(J26-K26)/J26*100 -> 1.5284698 | Q26: =(G26)/(F26/60) -> 397.70751
B27: 45678 | C27: 10 | D27: STAG LOCAL | E27: 819 | F27: =[4]Jan!$N88 -> 422 | G27: 3600 | H27: =(G27)*24/(F27/60)/17000*100 -> 72.260942 | J27: =75+90+75 -> 240 | K27: =G27*0.066 -> 237.6 | L27: =J27-K27 -> 2.4 | M27: =[4]Jan!AD27 -> 166 | N27: =3+6 -> 9 | P27: =(J27-K27)/J27*100 -> 1 | Q27: =(G27)/(F27/60) -> 511.84834
B28: 45678 | C28: 10 | D28: MACKESON | F28: =[4]Jan!$N89 -> 150 | G28: 1585 | H28: =(G28)*24/(F28/60)/17000*100 -> 89.505882 | J28: =100.2+96-87 -> 109.2 | K28: =G28*0.066 -> 104.61 | L28: =J28-K28 -> 4.59 | M28: =[4]Jan!AD28 -> 137 | N28: 3 | P28: =(J28-K28)/J28*100 -> 4.2032967 | Q28: =(G28)/(F28/60) -> 634
B29: 45679 | C29: 11 | D29: STAR MALT | E29: 799 | F29: =[4]Jan!$N90 -> 780 | G29: 5884 | H29: =(G29)*24/(F29/60)/17000*100 -> 63.898643 | J29: =97+100.9+99.4+100.8 -> 398.1 | K29: =G29*0.066 -> 388.344 | L29: =J29-K29 -> 9.756 | M29: =[4]Jan!AD29 -> 199 | N29: 10 | P29: =(J29-K29)/J29*100 -> 2.4506405 | Q29: =(G29)/(F29/60) -> 452.61538
B30: 45680 | C30: 12 | D30: MACKESON | E30: 834 | F30: =[4]Jan!$N91 -> 634 | G30: 4090 | H30: =(G30)*24/(F30/60)/17000*100 -> 54.644647 | J30: =87+94.3+90.4 -> 271.7 | K30: =G30*0.066 -> 269.94 | L30: =J30-K30 -> 1.76 | M30: =[4]Jan!AD30 -> 213 | P30: =(J30-K30)/J30*100 -> 0.64777328 | Q30: =(G30)/(F30/60) -> 387.06625
B31: 45680 | C31: 12 | D31: CARIB AMBER | F31: =[4]Jan!$N92 -> 109 | G31: 419 | H31: =(G31)*24/(F31/60)/17000*100 -> 32.561252 | J31: =97-69 -> 28 | K31: =G31*0.066 -> 27.654 | L31: =J31-K31 -> 0.346 | M31: =[4]Jan!AD31 -> 102 | P31: =(J31-K31)/J31*100 -> 1.2357143 | Q31: =(G31)/(F31/60) -> 230.6422
B32: 45681 | C32: 13 | D32: CARIB AMBER | E32: 795 | F32: =[4]Jan!$N93 -> 465 | G32: 3350 | H32: =(G32)*24/(F32/60)/17000*100 -> 61.024668 | J32: =69+75.1+103.2-15 -> 232.3 | K32: =G32*0.066 -> 221.1 | L32: =J32-K32 -> 11.2 | M32: =[4]Jan!AD32 -> 186 | N32: 4 | P32: =(J32-K32)/J32*100 -> 4.8213517 | Q32: =(G32)/(F32/60) -> 432.25806
B33: 45681 | C33: 13 | D33: ginseng original | F33: =[4]Jan!$N94 -> 175 | G33: 1602 | H33: =(G33)*24/(F33/60)/17000*100 -> 77.542185 | J33: =107.6 -> 107.6 | K33: =G33*0.066 -> 105.732 | L33: =J33-K33 -> 1.868 | M33: =[4]Jan!AD33 -> 68 | N33: 7 | P33: =(J33-K33)/J33*100 -> 1.7360595 | Q33: =(G33)/(F33/60) -> 549.25714
B34: 45684 | C34: 14 | D34: STAG LOCAL | E34: 887 | F34: =[4]Jan!$N95 -> 319 | G34: 2594 | H34: =(G34)*24/(F34/60)/17000*100 -> 68.879956 | J34: =80.3+96.5 -> 176.8 | K34: =G34*0.066+(10*0.19) -> 173.104 | L34: =J34-K34 -> 3.696 | M34: =[4]Jan!AD34 -> 398 | N34: 5 | O34: 10 | P34: =(J34-K34)/J34*100 -> 2.0904977 | Q34: =(G34)/(F34/60) -> 487.89969
B35: 45684 | C35: 14 | D35: CARIB AMBER | F35: =[4]Jan!$N96 -> 161 | G35: 963 | H35: =(G35)*24/(F35/60)/17000*100 -> 50.665692 | J35: =92+93.3-40-72 -> 73.3 | K35: =G35*0.066+(40*0.19) -> 71.158 | L35: =J35-K35 -> 2.142 | M35: =[4]Jan!AD35 -> 41 | N35: =3+2 -> 5 | O35: 40 | P35: =(J35-K35)/J35*100 -> 2.9222374 | Q35: =(G35)/(F35/60) -> 358.88199
B36: 45685 | C36: 15 | D36: CARIB AMBER | E36: 803 | F36: =[4]Jan!$N97 -> 184 | G36: 1548 | H36: =(G36)*24/(F36/60)/17000*100 -> 71.263427 | J36: =40+72-7 -> 105 | K36: =G36*0.066 -> 102.168 | L36: =J36-K36 -> 2.832 | M36: =[4]Jan!AD36 -> 66 | P36: =(J36-K36)/J36*100 -> 2.6971429 | Q36: =(G36)/(F36/60) -> 504.78261
B37: 45319 | C37: 15 | D37: shandy lime | F37: =[4]Jan!$N98 -> 528 | G37: 1895 | H37: =(G37)*24/(F37/60)/17000*100 -> 30.40107 | J37: =98+77.3-43.5 -> 131.8 | K37: =G37*0.066 -> 125.07 | L37: =J37-K37 -> 6.73 | M37: =[4]Jan!AD37 -> 339 | P37: =(J37-K37)/J37*100 -> 5.1062215 | Q37: =(G37)/(F37/60) -> 215.34091
B38: 45686 | C38: 16 | D38: shandy lime | E38: 810 | F38: =[4]Jan!$N99 -> 156 | G38: 626 | H38: =(G38)*24/(F38/60)/17000*100 -> 33.99095 | J38: =43.5 -> 43.5 | K38: =G38*0.066 -> 41.316 | L38: =J38-K38 -> 2.184 | M38: =[4]Jan!AD38 -> 269 | P38: =(J38-K38)/J38*100 -> 5.0206897 | Q38: =(G38)/(F38/60) -> 240.76923
B39: 45686 | C39: 16 | D39: CARIBE PEARSECCO | F39: =[4]Jan!$N100 -> 356 | G39: 2006 | H39: =(G39)*24/(F39/60)/17000*100 -> 47.730337 | J39: =95+90+92-70-66 -> 141 | K39: =G39*0.066 -> 132.396 | L39: =J39-K39 -> 8.604 | M39: =[4]Jan!AD39 -> 253 | P39: =(J39-K39)/J39*100 -> 6.1021277 | Q39: =(G39)/(F39/60) -> 338.08989
B40: 45687 | C40: 17 | D40: CARIBE PEARSECCO | E40: 869 | F40: =[4]Jan!$N101 -> 274 | G40: 1979 | H40: =(G40)*24/(F40/60)/17000*100 -> 61.179906 | J40: =70+66 -> 136 | K40: =G40*0.066 -> 130.614 | L40: =J40-K40 -> 5.386 | M40: =[4]Jan!AD40 -> 63 | N40: 12 | P40: =(J40-K40)/J40*100 -> 3.9602941 | Q40: =(G40)/(F40/60) -> 433.35766
B41: 45687 | C41: 17 | D41: CARIB AMBER | F41: =[4]Jan!$N102 -> 457 | G41: 3609 | H41: =(G41)*24/(F41/60)/17000*100 -> 66.893551 | J41: =90.2+90+100.3-35.8 -> 244.7 | K41: =G41*0.066 -> 238.194 | L41: =J41-K41 -> 6.506 | M41: =[4]Jan!AD41 -> 171 | N41: 10 | P41: =(J41-K41)/J41*100 -> 2.6587658 | Q41: =(G41)/(F41/60) -> 473.82932
B42: 45688 | C42: 18 | D42: CARIB AMBER | E42: 730 | F42: =[4]Jan!$N103 -> 399 | G42: 3269 | H42: =(G42)*24/(F42/60)/17000*100 -> 69.399381 | J42: =35.8+88.5+95.3 -> 219.6 | K42: =G42*0.066 -> 215.754 | L42: =J42-K42 -> 3.846 | M42: =[4]Jan!AD42 -> 56 | N42: =1+3 -> 4 | P42: =(J42-K42)/J42*100 -> 1.7513661 | Q42: =(G42)/(F42/60) -> 491.57895
B43: 45688 | C43: 18 | D43: VITAMALT CLASSIC | F43: =[4]Jan!$N104 -> 155 | G43: 1235 | H43: =(G43)*24/(F43/60)/17000*100 -> 67.491461 | J43: =91.7-4 -> 87.7 | K43: =G43*0.0708 -> 87.438 | L43: =J43-K43 -> 0.262 | M43: =[4]Jan!AD43 -> 181 | N43: =1+7.5 -> 8.5 | P43: =(J43-K43)/J43*100 -> 0.29874572 | Q43: =(G43)/(F43/60) -> 478.06452
H44: =(G44)*24/(F44/60)/17000*100 -> #DIV/0! | K44: =G44*0.066 -> 0 | L44: =J44-K44 -> 0 | P44: =(J44-K44)/J44*100 -> #DIV/0! | Q44: =(G44)/(F44/60) -> #DIV/0!
H45: =(G45)*24/(F45/60)/17000*100 -> #DIV/0! | K45: =G45*0.066 -> 0 | L45: =J45-K45 -> 0 | P45: =(J45-K45)/J45*100 -> #DIV/0! | Q45: =(G45)/(F45/60) -> #DIV/0!
H46: =(G46)*24/(F46/60)/17000*100 -> #DIV/0! | K46: =G46*0.066 -> 0 | L46: =J46-K46 -> 0 | P46: =(J46-K46)/J46*100 -> #DIV/0! | Q46: =(G46)/(F46/60) -> #DIV/0!
H47: =(G47)*24/(F47/60)/17000*100 -> #DIV/0! | K47: =G47*0.066 -> 0 | L47: =J47-K47 -> 0 | P47: =(J47-K47)/J47*100 -> #DIV/0! | Q47: =(G47)/(F47/60) -> #DIV/0!
H48: =(G48)*24/(F48/60)/17000*100 -> #DIV/0! | K48: =G48*0.066 -> 0 | L48: =J48-K48 -> 0 | P48: =(J48-K48)/J48*100 -> #DIV/0! | Q48: =(G48)/(F48/60) -> #DIV/0!
H49: =(G49)*24/(F49/60)/17000*100 -> #DIV/0! | K49: =G49*0.066 -> 0 | L49: =J49-K49 -> 0 | P49: =(J49-K49)/J49*100 -> #DIV/0! | Q49: =(G49)/(F49/60) -> #DIV/0!
H50: =(G50)*24/(F50/60)/17000*100 -> #DIV/0! | K50: =G50*0.066 -> 0 | L50: =J50-K50 -> 0 | P50: =(J50-K50)/J50*100 -> #DIV/0! | Q50: =(G50)/(F50/60) -> #DIV/0!
H51: =(G51)*24/(F51/60)/17000*100 -> #DIV/0! | K51: =G51*0.066 -> 0 | L51: =J51-K51 -> 0 | P51: =(J51-K51)/J51*100 -> #DIV/0! | Q51: =(G51)/(F51/60) -> #DIV/0!
H52: =(G52)*24/(F52/60)/17000*100 -> #DIV/0! | K52: =G52*0.066 -> 0 | L52: =J52-K52 -> 0 | P52: =(J52-K52)/J52*100 -> #DIV/0! | Q52: =(G52)/(F52/60) -> #DIV/0!
H53: =(G53)*24/(F53/60)/17000*100 -> #DIV/0! | K53: =G53*0.066 -> 0 | L53: =J53-K53 -> 0 | P53: =(J53-K53)/J53*100 -> #DIV/0! | Q53: =(G53)/(F53/60) -> #DIV/0!
H54: =(G54)*24/(F54/60)/17000*100 -> #DIV/0! | K54: =G54*0.066 -> 0 | L54: =J54-K54 -> 0 | P54: =(J54-K54)/J54*100 -> #DIV/0! | Q54: =(G54)/(F54/60) -> #DIV/0!
H55: =(G55)*24/(F55/60)/17000*100 -> #DIV/0! | K55: =G55*0.066 -> 0 | L55: =J55-K55 -> 0 | P55: =(J55-K55)/J55*100 -> #DIV/0! | Q55: =(G55)/(F55/60) -> #DIV/0!
... H64: =(G64)*24/(F64/60)/17000*100 -> #DIV/0! | K64: =G64*0.066 -> 0 | L64: =J64-K64 -> 0 | P64: =(J64-K64)/J64*100 -> #DIV/0! | Q64: =(G64)/(F64/60) -> #DIV/0!
E65: =SUM(E8:E64) -> 16108 | F65: =SUM(F8:F64) -> 12736 | G65: =SUM(G8:G64) -> 88570 | H65: =(G65)*24/(F65/60)/17000*100 -> 58.907035 | I65: =SUM(I8:I35) -> 0 | J65: =SUM(J8:J64) -> 6022.5 | K65: =SUM(K8:K64) -> 5881.3776 | L65: =J65-K65 -> 141.1224 | M65: =SUM(M8:M64) -> 6005 | N65: =SUM(N8:N64) -> 228 | O65: =SUM(O8:O64) -> 90 | P65: =(J65-K65)/J65 -> 0.023432528 | Q65: =G65/(E65/60) -> 329.9106 | R65: =(G65)/((E65)/60) -> 329.9106
N66: KEGS
N67: TOTAL CASES | O67: =O65*2.75 -> 247.5 | P67: Case Per Hr- Old | Q67: 417.25817 | R67: 417.25817
J68: Produced | K68: =G65+O67 -> 88817.5
N69: Stag
N70: Carib
N71: Bad Dog
N72: Total Kegs | O72: =SUM(O69:O71) -> 0

Sheet February_2025
B1: GRENADA BREWERIES LIMITED
B3: PRODUCTION DEPARTMENT
B4: 45706
B5: DATE | C5: DAY | D5: PRODUCT | E5: AVAIL. | F5: FILL | G5: CASES | H5: Line Rated | I5: Cases on Hold | J5: BBT | K5: BOTTLED | L5: Diff BBT Hls vs Hls in Package | M5: DOWNTIME (Mins) | N5: REJECTS (Cases) | O5: KEGS | P5: BOTTLED | Q5: AVERAGE | R5: YTD
E6: TIME | F6: TIME | G6: BOTTLED | H6: Efficiency | J6: HLS | K6: HLS | P6: LOSS | Q6: CASE/HR | R6: Ave Case per hour
F7: Mins | H7: %
B8: 45691 | C8: 1 | D8: VITAMALT CLASSIC | E8: 1380 | F8: =[3]Feb!N68 -> 273 | G8: 2128 | H8: =(G8)*24/(F8/60)/17000*100 -> 66.027149 | J8: =4+99.7+99-52 -> 150.7 | K8: =(G8)*0.0708 -> 150.6624 | L8: =J8-K8 -> 0.0376 | M8: =[3]Feb!AD8 -> 90 | N8: 6 | P8: =(J8-K8)/J8*100 -> 0.024950232 | Q8: =G8/(F8/60) -> 467.69231
B9: 45691 | C9: 1 | D9: VITAMALT GINGER | F9: =[3]Feb!N69 -> 172 | G9: 734 | H9: =(G9)*24/(F9/60)/17000*100 -> 36.147743 | J9: 52 | K9: =(G9)*0.0708 -> 51.9672 | L9: =J9-K9 -> 0.0328 | M9: =[3]Feb!AD9 -> 96 | N9: 8 | P9: =(J9-K9)/J9*100 -> 0.063076923 | Q9: =G9/(F9/60) -> 256.04651
B10: 45691 | C10: 1 | D10: STAG LOCAL | F10: =[3]Feb!N70 -> 682 | G10: 4848 | H10: =(G10)*24/(F10/60)/17000*100 -> 60.213214 | I10: 8 | J10: =87.6+90+102.8+99-55 -> 324.4 | K10: =(G10)*0.066 -> 319.968 | L10: =J10-K10 -> 4.432 | M10: =[3]Feb!AD10 -> 321 | P10: =(J10-K10)/J10*100 -> 1.3662145 | Q10: =G10/(F10/60) -> 426.51026
B11: 45692 | C11: 2 | D11: STAG LOCAL | E11: 1440 | F11: =[3]Feb!N71 -> 97 | G11: 792 | H11: =(G11)*24/(F11/60)/17000*100 -> 69.161916 | J11: 55 | K11: =(G11)*0.066 -> 52.272 | L11: =J11-K11 -> 2.728 | M11: =[3]Feb!AD11 -> 14 | N11: 0.5 | P11: =(J11-K11)/J11*100 -> 4.96 | Q11: =G11/(F11/60) -> 489.89691
B12: 45692 | C12: 2 | D12: CARIB AMBER | F12: =[3]Feb!N72 -> 1267 | G12: 7331 | H12: =(G12)*24/(F12/60)/17000*100 -> 49.011746 | J12: =97.5+95.5+81.8+101.2+100.6+99-82 -> 493.6 | K12: =(G12)*0.066 -> 483.846 | L12: =J12-K12 -> 9.754 | M12: =[3]Feb!AD12 -> 597 | P12: =(J12-K12)/J12*100 -> 1.976094 | Q12: =G12/(F12/60) -> 347.16654
B13: 45693 | C13: 3 | D13: CARIB AMBER | E13: 1440 | F13: =[3]Feb!N73 -> 979 | G13: 8093 | H13: =(G13)*24/(F13/60)/17000*100 -> 70.022953 | I13: 11 | J13: =82+67+94.7+92.5+107.5+100 -> 543.7 | K13: =(G13)*0.066 -> 534.138 | L13: =J13-K13 -> 9.562 | M13: =[3]Feb!AD13 -> 286 | N13: =3+16 -> 19 | P13: =(J13-K13)/J13*100 -> 1.7586905 | Q13: =G13/(F13/60) -> 495.99591
B14: 45693 | C14: 3 | D14: GUINNESS | F14: =[3]Feb!N74 -> 173 | G14: 1329 | H14: =(G14)*24/(F14/60)/17000*100 -> 65.071744 | J14: =91.5-3 -> 88.5 | K14: =(G14)*0.066 -> 87.714 | L14: =J14-K14 -> 0.786 | M14: =[3]Feb!AD14 -> 124 | N14: 6 | P14: =(J14-K14)/J14*100 -> 0.88813559 | Q14: =G14/(F14/60) -> 460.92486
B15: 45694 | C15: 4 | D15: GUINNESS | E15: 1315 | F15: =[3]Feb!N75 -> 265 | G15: 1306 | H15: =(G15)*24/(F15/60)/17000*100 -> 41.745616 | J15: =83.6+3 -> 86.6 | K15: =(G15)*0.066 -> 86.196 | L15: =J15-K15 -> 0.404 | M15: =[3]Feb!AD15 -> 144 | N15: =5+7 -> 12 | P15: =(J15-K15)/J15*100 -> 0.4665127 | Q15: =G15/(F15/60) -> 295.69811
B16: 45694 | C16: 4 | D16: HURRICANE REEF PILS | F16: =[3]Feb!N76 -> 541 | G16: 2854 | H16: =(G16)*24/(F16/60)/17000*100 -> 44.685876 | J16: =97.6+95.4 -> 193 | K16: =(G16)*0.066 -> 188.364 | L16: =J16-K16 -> 4.636 | M16: =[3]Feb!AD16 -> 297 | N16: =4+4 -> 8 | P16: =(J16-K16)/J16*100 -> 2.4020725 | Q16: =G16/(F16/60) -> 316.52495
B17: 45694 | C17: 4 | D17: STAG LOCAL | F17: =[3]Feb!N77 -> 274 | G17: 1865 | H17: =(G17)*24/(F17/60)/17000*100 -> 57.655646 | J17: =98.3+95-70 -> 123.3 | K17: =(G17)*0.066 -> 123.09 | L17: =J17-K17 -> 0.21 | M17: =[3]Feb!AD17 -> 151 | N17: =9+3 -> 12 | P17: =(J17-K17)/J17*100 -> 0.1703163 | Q17: =G17/(F17/60) -> 408.39416
B18: 45698 | C18: 5 | D18: STAG LOCAL | E18: 1380 | F18: =[3]Feb!N78 -> 586 | G18: 2330 | H18: =(G18)*24/(F18/60)/17000*100 -> 33.679984 | J18: =70+91.7 -> 161.7 | K18: =(G18)*0.066 -> 153.78 | L18: =J18-K18 -> 7.92 | M18: =[3]Feb!AD18 -> 408 | N18: 4 | P18: =(J18-K18)/J18*100 -> 4.8979592 | Q18: =G18/(F18/60) -> 238.56655 | S18: 67
B19: 45698 | C19: 5 | D19: CARIB AMBER | F19: =[3]Feb!N79 -> 601 | G19: 3919 | H19: =(G19)*24/(F19/60)/17000*100 -> 55.235 | I19: 7 | J19: =93.5+96+91.2-15 -> 265.7 | K19: =(G19)*0.066 -> 258.654 | L19: =J19-K19 -> 7.046 | M19: =[3]Feb!AD19 -> 151 | N19: =5+7 -> 12 | P19: =(J19-K19)/J19*100 -> 2.651863 | Q19: =G19/(F19/60) -> 391.24792
B20: 45699 | C20: 6 | D20: CARIB AMBER | E20: 1440 | F20: =[3]Feb!N80 -> 198 | G20: 1647 | H20: =(G20)*24/(F20/60)/17000*100 -> 70.459893 | J20: =97.3+15 -> 112.3 | K20: =(G20)*0.066 -> 108.702 | L20: =J20-K20 -> 3.598 | M20: =[3]Feb!AD20 -> 37 | N20: =2+11 -> 13 | P20: =(J20-K20)/J20*100 -> 3.2039181 | Q20: =G20/(F20/60) -> 499.09091
B21: 45699 | C21: 6 | D21: STAG LOCAL | F21: =[3]Feb!N81 -> 1046 | G21: 8192 | H21: =(G21)*24/(F21/60)/17000*100 -> 66.339444 | J21: =93.6+86.8+97.1+96.2+97.7+79.2 -> 550.6 | K21: =(G21)*0.066 -> 540.672 | L21: =J21-K21 -> 9.928 | M21: =[3]Feb!AD21 -> 236 | N21: 0 | P21: =(J21-K21)/J21*100 -> 1.8031239 | Q21: =G21/(F21/60) -> 469.9044
B22: 45699 | C22: 6 | D22: CARIB AMBER | F22: =[3]Feb!N82 -> 72 | G22: 600 | H22: =(G22)*24/(F22/60)/17000*100 -> 70.588235 | J22: =88.6+100-60-88 -> 40.6 | K22: =(G22)*0.066 -> 39.6 | L22: =J22-K22 -> 1 | M22: =[3]Feb!AD22 -> 29 | N22: 6 | P22: =(J22-K22)/J22*100 -> 2.4630542 | Q22: =G22/(F22/60) -> 500
B23: 45700 | C23: 7 | D23: CARIB AMBER | E23: 1432 | F23: =[3]Feb!N83 -> 704 | G23: 5129 | H23: =(G23)*24/(F23/60)/17000*100 -> 61.712567 | J23: =60+88+88.2+109 -> 345.2 | K23: =(G23)*0.066 -> 338.514 | L23: =J23-K23 -> 6.686 | M23: =[3]Feb!AD23 -> 245 | N23: =7 -> 7 | P23: =(J23-K23)/J23*100 -> 1.9368482 | Q23: =G23/(F23/60) -> 437.13068
B24: 45700 | C24: 7 | D24: STAG LOCAL | F24: =[3]Feb!N84 -> 571 | G24: 4259 | H24: =(G24)*24/(F24/60)/17000*100 -> 63.180797 | J24: =96.6+97.8+97.5 -> 291.9 | K24: =(G24)*0.066+(25*0.19) -> 285.844 | L24: =J24-K24 -> 6.056 | M24: =[3]Feb!AD24 -> 157 | N24: =4+24 -> 28 | O24: 25 | P24: =(J24-K24)/J24*100 -> 2.0746831 | Q24: =G24/(F24/60) -> 447.53065
B25: 45701 | C25: 8 | D25: STAR MALT | E25: 1550 | F25: =[3]Feb!N85 -> 526 | G25: 4442 | H25: =(G25)*24/(F25/60)/17000*100 -> 71.53299 | J25: =SUM(100.5,96.8,104.3) -> 301.6 | K25: =(G25)*0.066 -> 293.172 | L25: =J25-K25 -> 8.428 | M25: =[3]Feb!AD25 -> 205 | N25: 5 | P25: =(J25-K25)/J25*100 -> 2.7944297 | Q25: =G25/(F25/60) -> 506.69202
B26: 45701 | C26: 8 | D26: GUINNESS | F26: =[3]Feb!N86 -> 433 | G26: 4017 | H26: =(G26)*24/(F26/60)/17000*100 -> 78.582801 | J26: =SUM(93.8,94.5,79) -> 267.3 | K26: =(G26)*0.066 -> 265.122 | L26: =J26-K26 -> 2.178 | M26: =[3]Feb!AD26 -> 357 | N26: 10 | P26: =(J26-K26)/J26*100 -> 0.81481481 | Q26: =G26/(F26/60) -> 556.62818
B27: 45702 | C27: 9 | D27: CARIB AMBER | E27: 1213 | F27: =[3]Feb!N87 -> 428 | G27: 2401 | H27: =(G27)*24/(F27/60)/17000*100 -> 47.518417 | J27: =72.2+99.2 -> 171.4 | K27: =(G27)*0.066+(46*0.19) -> 167.206 | L27: =J27-K27 -> 4.194 | M27: =[3]Feb!AD27 -> 354 | N27: 0 | O27: 46 | P27: =(J27-K27)/J27*100 -> 2.4469078 | Q27: =G27/(F27/60) -> 336.58879
B28: 45702 | C28: 9 | D28: STAG LOCAL | F28: =[3]Feb!N88 -> 512 | G28: 2100 | H28: =(G28)*24/(F28/60)/17000*100 -> 34.742647 | J28: =93.5+90.9-43 -> 141.4 | K28: =(G28)*0.066 -> 138.6 | L28: =J28-K28 -> 2.8 | M28: =[3]Feb!AD28 -> 348 | N28: 10 | P28: =(J28-K28)/J28*100 -> 1.980198 | Q28: =G28/(F28/60) -> 246.09375
B29: 45705 | C29: 10 | D29: STAG LOCAL | E29: 1380 | F29: =[3]Feb!N89 -> 260 | G29: 631 | H29: =(G29)*24/(F29/60)/17000*100 -> 20.557466 | I29: 44 | J29: 43 | K29: =(G29)*0.066 -> 41.646 | L29: =J29-K29 -> 1.354 | M29: =[3]Feb!AD29 -> 394 | N29: 5 | P29: =(J29-K29)/J29*100 -> 3.1488372 | Q29: =G29/(F29/60) -> 145.61538
B30: 45705 | C30: 10 | D30: CARIB AMBER | F30: =[3]Feb!N90 -> 887 | G30: 4120 | H30: =(G30)*24/(F30/60)/17000*100 -> 39.344784 | I30: 25 | J30: =97.5+104+85.8+92-45-54 -> 280.3 | K30: =(G30)*0.066 -> 271.92 | L30: =J30-K30 -> 8.38 | M30: =[3]Feb!AD30 -> 424 | N30: 29 | P30: =(J30-K30)/J30*100 -> 2.9896539 | Q30: =G30/(F30/60) -> 278.69222
B31: 45706 | C31: 11 | D31: CARIB AMBER | E31: 1440 | F31: =[3]Feb!N91 -> 138 | G31: 806 | H31: =(G31)*24/(F31/60)/17000*100 -> 49.473146 | J31: 54 | K31: =(G31)*0.066 -> 53.196 | L31: =J31-K31 -> 0.804 | M31: =[3]Feb!AD31 -> 63 | N31: 5 | P31: =(J31-K31)/J31*100 -> 1.4888889 | Q31: =G31/(F31/60) -> 350.43478
B32: 45706 | C32: 11 | D32: CARIBE PEARSECO | F32: =[3]Feb!N92 -> 249 | G32: 1438 | H32: =(G32)*24/(F32/60)/17000*100 -> 48.918498 | I32: 2 | J32: 101 | K32: =(G32)*0.066 -> 94.908 | L32: =J32-K32 -> 6.092 | M32: =[3]Feb!AD32 -> 343 | N32: 10 | P32: =(J32-K32)/J32*100 -> 6.0316832 | Q32: =G32/(F32/60) -> 346.50602
B33: 45706 | C33: 11 | D33: CARIBE ROSE | F33: =[3]Feb!N93 -> 485 | G33: 2593 | H33: =(G33)*24/(F33/60)/17000*100 -> 45.287083 | J33: =88+89 -> 177 | K33: =(G33)*0.066 -> 171.138 | L33: =J33-K33 -> 5.862 | M33: =[3]Feb!AD33 -> 203 | N33: 0 | P33: =(J33-K33)/J33*100 -> 3.3118644 | Q33: =G33/(F33/60) -> 320.78351
B34: 45706 | C34: 11 | D34: SHANDY GINGER | F34: =[3]Feb!N94 -> 120 | G34: 498 | H34: =(G34)*24/(F34/60)/17000*100 -> 35.152941 | J34: =102-66 -> 36 | K34: =(G34)*0.066 -> 32.868 | L34: =J34-K34 -> 3.132 | M34: =[3]Feb!AD34 -> 179 | N34: 6 | P34: =(J34-K34)/J34*100 -> 8.7 | Q34: =G34/(F34/60) -> 249
B35: 45707 | C35: 12 | D35: SHANDY GINGER | E35: 1440 | F35: =[3]Feb!N95 -> 201 | G35: 949 | H35: =(G35)*24/(F35/60)/17000*100 -> 39.992976 | J35: 66 | K35: =(G35)*0.066 -> 62.634 | L35: =J35-K35 -> 3.366 | M35: =[3]Feb!AD35 -> 90 | N35: 16 | P35: =(J35-K35)/J35*100 -> 5.1 | Q35: =G35/(F35/60) -> 283.28358
B36: 45707 | C36: 12 | D36: TING ORIGINAL | F36: =[3]Feb!N96 -> 593 | G36: 3386 | H36: =(G36)*24/(F36/60)/17000*100 -> 48.36663 | J36: =K36*1.02 -> 227.94552 | K36: =(G36)*0.066 -> 223.476 | L36: =J36-K36 -> 4.46952 | M36: =[3]Feb!AD36 -> 427 | P36: =(J36-K36)/J36*100 -> 1.9607843 | Q36: =G36/(F36/60) -> 342.59696
B37: 45707 | C37: 12 | D37: SHANDY SORREL | F37: =[3]Feb!N97 -> 268 | G37: 1576 | H37: =(G37)*24/(F37/60)/17000*100 -> 49.812116 | J37: =93.7+84.2-70 -> 107.9 | K37: =(G37)*0.066 -> 104.016 | L37: =J37-K37 -> 3.884 | M37: =[3]Feb!AD37 -> 182 | N37: 11 | P37: =(J37-K37)/J37*100 -> 3.5996293 | Q37: =G37/(F37/60) -> 352.83582
B38: 45708 | C38: 13 | D38: SHANDY SORREL | E38: 1440 | F38: =[3]Feb!N98 -> 196 | G38: 1046 | H38: =(G38)*24/(F38/60)/17000*100 -> 45.205282 | J38: 70 | K38: =(G38)*0.066 -> 69.036 | L38: =J38-K38 -> 0.964 | M38: =[3]Feb!AD38 -> 52 | N38: 13 | P38: =(J38-K38)/J38*100 -> 1.3771429 | Q38: =G38/(F38/60) -> 320.20408
B39: 45708 | C39: 13 | D39: VITA MALT CLASSIC | F39: =[3]Feb!N99 -> 391 | G39: 2662 | H39: =(G39)*24/(F39/60)/17000*100 -> 57.669325 | J39: =96.2+95.4 -> 191.6 | K39: =(G39)*0.0708 -> 188.4696 | L39: =J39-K39 -> 3.1304 | M39: =[3]Feb!AD39 -> 177 | N39: 1 | P39: =(J39-K39)/J39*100 -> 1.6338205 | Q39: =G39/(F39/60) -> 408.49105
B40: 45708 | C40: 13 | D40: J COOL CLUB SODA | F40: =[3]Feb!N100 -> 164 | G40: 697 | H40: =(G40)*24/(F40/60)/17000*100 -> 36 | I40: 50 | J40: =K40*1.02 -> 46.92204 | K40: =(G40)*0.066 -> 46.002 | L40: =J40-K40 -> 0.92004 | M40: =[3]Feb!AD40 -> 453 | N40: 3 | P40: =(J40-K40)/J40*100 -> 1.9607843 | Q40: =G40/(F40/60) -> 255
B41: 45708 | C41: 13 | D41: J COOL KOLA CHAMPAYNE | F41: =[3]Feb!N101 -> 97 | G41: 522 | H41: =(G41)*24/(F41/60)/17000*100 -> 45.58399 | J41: =K41*1.02 -> 35.14104 | K41: =(G41)*0.066 -> 34.452 | L41: =J41-K41 -> 0.68904 | M41: =[3]Feb!AD41 -> 40 | N41: 2 | P41: =(J41-K41)/J41*100 -> 1.9607843 | Q41: =G41/(F41/60) -> 322.8866
B42: 45709 | C42: 14 | D42: J COOL KOLA CHAMPAYNE | E42: 1260 | F42: =[3]Feb!N102 -> 120 | G42: 815 | H42: =(G42)*24/(F42/60)/17000*100 -> 57.529412 | J42: =K42*1.02 -> 54.8658 | K42: =(G42)*0.066 -> 53.79 | L42: =J42-K42 -> 1.0758 | M42: =[3]Feb!AD42 -> 34 | N42: 15 | P42: =(J42-K42)/J42*100 -> 1.9607843 | Q42: =G42/(F42/60) -> 407.5
B43: 45709 | C43: 14 | D43: J COOL CREAM SODA | F43: =[3]Feb!N103 -> 184 | G43: 1358 | H43: =(G43)*24/(F43/60)/17000*100 -> 62.516624 | J43: =K43*1.02 -> 91.42056 | K43: =(G43)*0.066 -> 89.628 | L43: =J43-K43 -> 1.79256 | M43: =[3]Feb!AD43 -> 91 | N43: 15 | P43: =(J43-K43)/J43*100 -> 1.9607843 | Q43: =G43/(F43/60) -> 442.82609
B44: 45709 | C44: 14 | D44: J COOL GRAPE | F44: =[3]Feb!N104 -> 112 | G44: 683 | H44: =(G44)*24/(F44/60)/17000*100 -> 51.655462 | J44: =K44*1.02 -> 45.97956 | K44: =(G44)*0.066 -> 45.078 | L44: =J44-K44 -> 0.90156 | M44: =[3]Feb!AD44 -> 74 | N44: 11 | P44: =(J44-K44)/J44*100 -> 1.9607843 | Q44: =G44/(F44/60) -> 365.89286
B45: 45709 | C45: 14 | D45: CARIB AMBER | F45: =[3]Feb!N105 -> 537 | G45: 3980 | H45: =(G45)*24/(F45/60)/17000*100 -> 62.780151 | J45: =95+93.5+96.5+93.4-45-63.6 -> 269.8 | K45: =(G45)*0.066 -> 262.68 | L45: =J45-K45 -> 7.12 | M45: =[3]Feb!AD45 -> 223 | N45: =5+14 -> 19 | P45: =(J45-K45)/J45*100 -> 2.6389918 | Q45: =G45/(F45/60) -> 444.69274
B46: 45712 | C46: 15 | D46: CARIB AMBER | E46: 1380 | F46: =[3]Feb!N106 -> 371 | G46: 1587 | H46: =(G46)*24/(F46/60)/17000*100 -> 36.234026 | J46: =45+63.6 -> 108.6 | K46: =(G46)*0.066 -> 104.742 | L46: =J46-K46 -> 3.858 | M46: =[3]Feb!AD46 -> 735 | N46: 9 | P46: =(J46-K46)/J46*100 -> 3.5524862 | Q46: =G46/(F46/60) -> 256.65768
B47: 45712 | C47: 15 | D47: STAG LOCAL | F47: =[3]Feb!N107 -> 390 | G47: 3124 | H47: =(G47)*24/(F47/60)/17000*100 -> 67.851584 | J47: =93.4+92.5+94.5-70 -> 210.4 | K47: =(G47)*0.066 -> 206.184 | L47: =J47-K47 -> 4.216 | M47: =[3]Feb!AD47 -> 137 | N47: =3+6 -> 9 | P47: =(J47-K47)/J47*100 -> 2.0038023 | Q47: =G47/(F47/60) -> 480.61538
B48: 45713 | C48: 16 | D48: STAG LOCAL | E48: 1440 | F48: =[3]Feb!N108 -> 299 | G48: 2418 | H48: =(G48)*24/(F48/60)/17000*100 -> 68.501279 | J48: =93+70 -> 163 | K48: =(G48)*0.066 -> 159.588 | L48: =J48-K48 -> 3.412 | M48: =[3]Feb!AD48 -> 71 | N48: =9+3 -> 12 | P48: =(J48-K48)/J48*100 -> 2.0932515 | Q48: =G48/(F48/60) -> 485.21739
B49: 45713 | C49: 16 | D49: CARIB AMBER | F49: =[3]Feb!N109 -> 751 | G49: 6297 | H49: =(G49)*24/(F49/60)/17000*100 -> 71.02436 | J49: =99+87.8+98+100+89.2+102.2-75-77 -> 424.2 | K49: =(G49)*0.066 -> 415.602 | L49: =J49-K49 -> 8.598 | M49: =[3]Feb!AD49 -> 473 | P49: =(J49-K49)/J49*100 -> 2.0268741 | Q49: =G49/(F49/60) -> 503.08921
B50: 45714 | C50: 17 | D50: CARIB AMBER | E50: 1440 | F50: =[3]Feb!N110 -> 924 | G50: 6251 | H50: =(G50)*24/(F50/60)/17000*100 -> 57.304813 | I50: 1 | J50: =75+77+97+97.3+105.7+86.2-25-85 -> 428.2 | K50: =(G50)*0.066+(30*0.19) -> 418.266 | L50: =J50-K50 -> 9.934 | M50: =[3]Feb!AD50 -> 836 | N50: 92 | O50: 30 | P50: =(J50-K50)/J50*100 -> 2.319944 | Q50: =G50/(F50/60) -> 405.90909
B51: 45715 | C51: 18 | D51: CARIB AMBER | E51: 1440 | F51: =[3]Feb!N111 -> 243 | G51: 1576 | H51: =(G51)*24/(F51/60)/17000*100 -> 54.936819 | J51: =25+85 -> 110 | K51: =(G51)*0.066 -> 104.016 | L51: =J51-K51 -> 5.984 | M51: =[3]Feb!AD51 -> 85 | N51: 8 | P51: =(J51-K51)/J51*100 -> 5.44 | Q51: =G51/(F51/60) -> 389.1358
B52: 45715 | C52: 18 | D52: GUINNESS | F52: =[3]Feb!N112 -> 504 | G52: 2858 | H52: =(G52)*24/(F52/60)/17000*100 -> 48.033613 | J52: =95.1+94 -> 189.1 | K52: =(G52)*0.066 -> 188.628 | L52: =J52-K52 -> 0.472 | M52: =[3]Feb!AD52 -> 189 | N52: =5+15 -> 20 | P52: =(J52-K52)/J52*100 -> 0.24960338 | Q52: =G52/(F52/60) -> 340.2381
B53: 45715 | C53: 18 | D53: CARIB AMBER | F53: =[3]Feb!N113 -> 438 | G53: 1466 | H53: =(G53)*24/(F53/60)/17000*100 -> 28.35133 | J53: =99.4+99.5-98 -> 100.9 | K53: =(G53)*0.066 -> 96.756 | L53: =J53-K53 -> 4.144 | M53: =[3]Feb!AD53 -> 412 | N53: 5 | P53: =(J53-K53)/J53*100 -> 4.1070367 | Q53: =G53/(F53/60) -> 200.82192
B54: 45716 | C54: 19 | D54: CARIB AMBER | E54: 1260 | F54: =[3]Feb!N114 -> 285 | G54: 2436 | H54: =(G54)*24/(F54/60)/17000*100 -> 72.401238 | J54: =SUM(98,92.3,74.5) -> 264.8 | K54: =(G54+G55)*0.066 -> 259.182 | L54: =J54-K54 -> 5.618 | M54: =[3]Feb!AD54 -> 58 | N54: 10 | P54: =(J54-K54)/J54*100 -> 2.1216012 | Q54: =G54/(F54/60) -> 512.84211
B55: 45716 | C55: 19 | D55: CARIB FLINT LOCAL | F55: =[3]Feb!N115 -> 251 | G55: 1491 | H55: =(G55)*24/(F55/60)/17000*100 -> 50.317319 | M55: =[3]Feb!AD55 -> 132 | N55: 16 | Q55: =G55/(F55/60) -> 356.41434
B56: 45716 | C56: 19 | D56: STAG LOCAL | F56: =[3]Feb!N116 -> 522 | G56: 3681 | H56: =(G56)*24/(F56/60)/17000*100 -> 59.732252 | J56: =SUM(93,93,94.3,88.8)-57.8-57.2 -> 254.1 | K56: =(G56)*0.066+(20*0.19) -> 246.746 | L56: =J56-K56 -> 7.354 | M56: =[3]Feb!AD56 -> 137 | N56: 23 | O56: 20 | P56: =(J56-K56)/J56*100 -> 2.8941362 | Q56: =G56/(F56/60) -> 423.10345
H57: =(G57)*24/(F57/60)/17000*100 -> #DIV/0! | K57: =(G57)*0.066 -> 0 | L57: =J57-K57 -> 0 | P57: =(J57-K57)/J57*100 -> #DIV/0! | Q57: =G57/(F57/60) -> #DIV/0!
H58: =(G58)*24/(F58/60)/17000*100 -> #DIV/0! | K58: =(G58)*0.066 -> 0 | L58: =J58-K58 -> 0 | P58: =(J58-K58)/J58*100 -> #DIV/0! | Q58: =G58/(F58/60) -> #DIV/0!
H59: =(G59)*24/(F59/60)/17000*100 -> #DIV/0! | K59: =(G59)*0.066 -> 0 | L59: =J59-K59 -> 0 | P59: =(J59-K59)/J59*100 -> #DIV/0! | Q59: =G59/(F59/60) -> #DIV/0!
H60: =(G60)*24/(F60/60)/17000*100 -> #DIV/0! | K60: =(G60)*0.066 -> 0 | L60: =J60-K60 -> 0 | P60: =(J60-K60)/J60*100 -> #DIV/0! | Q60: =G60/(F60/60) -> #DIV/0!
H61: =(G61)*24/(F61/60)/17000*100 -> #DIV/0! | K61: =(G61)*0.066 -> 0 | L61: =J61-K61 -> 0 | P61: =(J61-K61)/J61*100 -> #DIV/0! | Q61: =G61/(F61/60) -> #DIV/0!
H62: =(G62)*24/(F62/60)/17000*100 -> #DIV/0! | K62: =(G62)*0.066 -> 0 | L62: =J62-K62 -> 0 | P62: =(J62-K62)/J62*100 -> #DIV/0! | Q62: =G62/(F62/60) -> #DIV/0!
E63: =SUM(E8:E62) -> 26510 | F63: =SUM(F8:F62) -> 20380 | G63: =SUM(G8:G62) -> 131261 | H63: =(G63)*24/(F63/60)/17000*100 -> 54.556324 | I63: =SUM(I8:I62) -> 148 | J63: =SUM(J8:J62) -> 8912.6745 | K63: =SUM(K8:K62) -> 8712.7312 | L63: =J63-K63 -> 199.94332 | M63: =SUM(M8:M62) -> 11361 | N63: =SUM(N8:N62) -> 531.5 | O63: =SUM(O8:O62) -> 121 | P63: =(J63-K63)/J63 -> 0.022433594 | Q63: =G63/(E63/60) -> 297.08261 | R63: =(G63+January_2025!G65)/((E63+January_2025!E65)/60) -> 309.49036
N64: KEGS
K65: Produced | L65: =G63+O65 -> 131593.75 | N65: TOTAL CASES | O65: =O63*2.75 -> 332.75 | P65: Case Per Hr- Old | Q65: 386.44063 | R65: 398.29267
L67: =January_2025!G65+February_2025!G63 -> 219831 | N67: Stag | O67: =O30 -> 0
L68: =January_2025!K68+February_2025!L65 -> 220411.25 | N68: Carib | O68: =SUM(O9+O18+O28+O34+O35) -> 0
N69: Bad Dog
N70: Total Kegs | O70: =O63 -> 121

Sheet March_2025
B1: GRENADA BREWERIES LIMITED
B3: PRODUCTION DEPARTMENT
B4: 45717
B5: DATE | C5: DAY | D5: PRODUCT | E5: AVAIL. | F5: FILL | G5: CASES | H5: Line Rated | I5: Cases on Hold | J5: BBT | K5: BOTTLED | L5: Diff BBT Hls vs Hls in Package | M5: DOWNTIME (Mins) | N5: REJECTS (Cases) | O5: KEGS | P5: BOTTLED | Q5: AVERAGE | R5: YTD
E6: TIME | F6: TIME | G6: BOTTLED | H6: Efficiency | J6: HLS | K6: HLS | P6: LOSS | Q6: CASE/HR | R6: Ave Case per hour
F7: Mins | H7: % | Q7: Target- 430
B8: 45354 | C8: 1 | D8: CLUB SODA | E8: 1380 | F8: =[3]Mar!N69 -> 95 | G8: 698 | H8: =(G8)*24/(F8/60)/17000*100 -> 62.236533 | J8: =K8*1.02 -> 46.98936 | K8: =(G8)*0.066 -> 46.068 | L8: =J8-K8 -> 0.92136 | M8: =[3]Mar!AD8 -> 101 | N8: 14 | P8: =(J8-K8)/J8*100 -> 1.9607843 | Q8: =(G8)/(F8/60) -> 440.84211
B9: 45354 | C9: 1 | D9: JUICY COOL BANANA | F9: =[3]Mar!N70 -> 186 | G9: 1290 | H9: =(G9)*24/(F9/60)/17000*100 -> 58.747628 | J9: =K9*1.02 -> 86.8428 | K9: =(G9)*0.066 -> 85.14 | L9: =J9-K9 -> 1.7028 | M9: =[3]Mar!AD9 -> 40 | N9: 5 | P9: =(J9-K9)/J9*100 -> 1.9607843 | Q9: =(G9)/(F9/60) -> 416.12903
B10: 45719 | C10: 1 | D10: CREAM SODA | F10: =[3]Mar!N71 -> 78 | G10: 657 | H10: =(G10)*24/(F10/60)/17000*100 -> 71.348416 | J10: =K10*1.02 -> 44.22924 | K10: =(G10)*0.066 -> 43.362 | L10: =J10-K10 -> 0.86724 | M10: =[3]Mar!AD10 -> 103 | N10: 0 | P10: =(J10-K10)/J10*100 -> 1.9607843 | Q10: =(G10)/(F10/60) -> 505.38462
B11: 45719 | C11: 1 | D11: KOLA CHAMPAGNE | F11: =[3]Mar!N72 -> 80 | G11: 661 | H11: =(G11)*24/(F11/60)/17000*100 -> 69.988235 | J11: =K11*1.02 -> 44.49852 | K11: =(G11)*0.066 -> 43.626 | L11: =J11-K11 -> 0.87252 | M11: =[3]Mar!AD11 -> 13 | N11: 0 | P11: =(J11-K11)/J11*100 -> 1.9607843 | Q11: =(G11)/(F11/60) -> 495.75
B12: 45719 | C12: 1 | D12: JUICY COOL GINGER | F12: =[3]Mar!N73 -> 161 | G12: 1393 | H12: =(G12)*24/(F12/60)/17000*100 -> 73.289003 | J12: =K12*1.02 -> 93.77676 | K12: =(G12)*0.066 -> 91.938 | L12: =J12-K12 -> 1.83876 | M12: =[3]Mar!AD12 -> 132 | N12: 14 | P12: =(J12-K12)/J12*100 -> 1.9607843 | Q12: =(G12)/(F12/60) -> 519.13043
B13: 45719 | C13: 1 | D13: JUICY COOL GRAPE | F13: =[3]Mar!N74 -> 115 | G13: 701 | H13: =(G13)*24/(F13/60)/17000*100 -> 51.63376 | J13: =K13*1.02 -> 47.19132 | K13: =(G13)*0.066 -> 46.266 | L13: =J13-K13 -> 0.92532 | M13: =[3]Mar!AD13 -> 113 | N13: 5 | P13: =(J13-K13)/J13*100 -> 1.9607843 | Q13: =(G13)/(F13/60) -> 365.73913
B14: 45720 | C14: 2 | D14: STAG LOCAL | E14: 1544 | F14: =[3]Mar!N75 -> 253 | G14: 1703 | H14: =(G14)*24/(F14/60)/17000*100 -> 57.017438 | I14: 4 | J14: =57.8+57.2 -> 115 | K14: =(G14)*0.066 -> 112.398 | L14: =J14-K14 -> 2.602 | M14: =[3]Mar!AD14 -> 332 | N14: 4 | P14: =(J14-K14)/J14*100 -> 2.2626087 | Q14: =(G14)/(F14/60) -> 403.87352
B15: 45720 | C15: 2 | D15: CARIB AMBER | F15: =[3]Mar!N76 -> 760 | G15: 5524 | H15: =(G15)*24/(F15/60)/17000*100 -> 61.567802 | J15: =95.5+90.2+92.4+97 -> 375.1 | K15: =(G15)*0.066 -> 364.584 | L15: =J15-K15 -> 10.516 | M15: =[3]Mar!AD15 -> 263 | N15: 46 | P15: =(J15-K15)/J15*100 -> 2.8035191 | Q15: =(G15)/(F15/60) -> 436.10526
B16: 45720 | C16: 2 | D16: GINSENG UP ORIGINAL | F16: =[3]Mar!N77 -> 0 | G16: 0 | J16: 0 | K16: =(G16)*0.066 -> 0 | L16: =J16-K16 -> 0 | M16: =[3]Mar!AD16 -> 138 | N16: 0
B17: 45721 | C17: 3 | D17: GINSENG UP ORIGINAL | E17: 1440 | F17: =[3]Mar!N78 -> 508 | G17: 2856 | H17: =(G17)*24/(F17/60)/17000*100 -> 47.622047 | I17: 11 | J17: =100+98.3 -> 198.3 | K17: =(G17)*0.066 -> 188.496 | L17: =J17-K17 -> 9.804 | M17: =[3]Mar!AD17 -> 142 | N17: 0 | P17: =(J17-K17)/J17*100 -> 4.9440242 | Q17: =(G17)/(F17/60) -> 337.32283
B18: 45721 | C18: 3 | D18: GINSENG UP APPLE | F18: =[3]Mar!N79 -> 339 | G18: 1789 | H18: =(G18)*24/(F18/60)/17000*100 -> 44.701718 | I18: 41 | J18: =21.7+101 -> 122.7 | K18: =(G18)*0.066 -> 118.074 | L18: =J18-K18 -> 4.626 | M18: =[3]Mar!AD18 -> 185 | N18: 11 | P18: =(J18-K18)/J18*100 -> 3.7701711 | Q18: =(G18)/(F18/60) -> 316.63717
B19: 45721 | C19: 3 | D19: JUICY COOL GRAPE | F19: =[3]Mar!N80 -> 116 | G19: 584 | H19: =(G19)*24/(F19/60)/17000*100 -> 42.64503 | J19: =K19*1.02 -> 39.31488 | K19: =(G19)*0.066 -> 38.544 | L19: =J19-K19 -> 0.77088 | M19: =[3]Mar!AD19 -> 280 | N19: 14 | P19: =(J19-K19)/J19*100 -> 1.9607843 | Q19: =(G19)/(F19/60) -> 302.06897
B20: 45721 | C20: 3 | D20: GUINNESS | F20: =[3]Mar!N81 -> 0 | G20: 0 | J20: 0 | K20: =(G20)*0.066 -> 0 | L20: =J20-K20 -> 0 | M20: =[3]Mar!AD20 -> 108
B21: 45722 | C21: 4 | D21: GUINNESS | E21: 1450 | F21: =[3]Mar!N82 -> 576 | G21: 2928 | H21: =(G21)*24/(F21/60)/17000*100 -> 43.058824 | J21: =100+97.3 -> 197.3 | K21: =(G21)*0.066 -> 193.248 | L21: =J21-K21 -> 4.052 | M21: =[3]Mar!AD21 -> 289 | N21: =8+15 -> 23 | P21: =(J21-K21)/J21*100 -> 2.0537253 | Q21: =(G21)/(F21/60) -> 305
B22: 45722 | C22: 4 | D22: STAR MALT | F22: =[3]Mar!N83 -> 727 | G22: 2887 | H22: =(G22)*24/(F22/60)/17000*100 -> 33.637673 | J22: =93.5+102.1 -> 195.6 | K22: =(G22)*0.066 -> 190.542 | L22: =J22-K22 -> 5.058 | M22: =[3]Mar!AD22 -> 505 | N22: =5+1 -> 6 | P22: =(J22-K22)/J22*100 -> 2.5858896 | Q22: =(G22)/(F22/60) -> 238.26685
B23: 45723 | C23: 5 | D23: STAG LOCAL | E23: 1168 | F23: =[3]Mar!N84 -> 675 | G23: 4977 | H23: =(G23)*24/(F23/60)/17000*100 -> 62.456471 | J23: =91.7+91+56+90.3+38.4-25 -> 342.4 | K23: =(G23)*0.066+(30*0.019) -> 329.052 | L23: =J23-K23 -> 13.348 | M23: =[3]Mar!AD23 -> 599 | N23: =1+8 -> 9 | O23: 30 | P23: =(J23-K23)/J23*100 -> 3.8983645 | Q23: =(G23)/(F23/60) -> 442.4
B24: 45726 | C24: 6 | D24: CARIB AMBER | E24: 934 | F24: =[3]Mar!N85 -> 754 | G24: 3460 | H24: =(G24)*24/(F24/60)/17000*100 -> 38.870339 | J24: =98+92.9+98.2-37 -> 252.1 | K24: =(G24)*0.066+(70*0.19) -> 241.66 | L24: =J24-K24 -> 10.44 | M24: =[3]Mar!AD24 -> 306 | N24: 85 | O24: 70 | P24: =(J24-K24)/J24*100 -> 4.1412138 | Q24: =(G24)/(F24/60) -> 275.33156
B25: 45727 | C25: 7 | D25: CARIB AMBER | E25: 850 | F25: =[3]Mar!N86 -> 312 | G25: 1640 | H25: =(G25)*24/(F25/60)/17000*100 -> 44.524887 | J25: =37+82 -> 119 | K25: =(G25)*0.066 -> 108.24 | L25: =J25-K25 -> 10.76 | M25: =[3]Mar!AD25 -> 83 | N25: 86 | P25: =(J25-K25)/J25*100 -> 9.0420168 | Q25: =(G25)/(F25/60) -> 315.38462
B26: 45727 | C26: 7 | D26: STAG LOCAL | F26: =[3]Mar!N87 -> 78 | G26: 359 | H26: =(G26)*24/(F26/60)/17000*100 -> 38.986425 | J26: 25 | K26: =(G26)*0.066 -> 23.694 | L26: =J26-K26 -> 1.306 | M26: =[3]Mar!AD26 -> 105 | N26: 3 | P26: =(J26-K26)/J26*100 -> 5.224 | Q26: =(G26)/(F26/60) -> 276.15385
B27: 45727 | C27: 7 | D27: STAR MALT | F27: =[3]Mar!N88 -> 288 | G27: 836 | H27: =(G27)*24/(F27/60)/17000*100 -> 24.588235 | J27: =100+100.1-70.9-71 -> 58.2 | K27: =(G27)*0.066 -> 55.176 | L27: =J27-K27 -> 3.024 | M27: =[3]Mar!AD27 -> 208 | N27: 11 | P27: =(J27-K27)/J27*100 -> 5.1958763 | Q27: =(G27)/(F27/60) -> 174.16667
B28: 45728 | C28: 8 | D28: STAR MALT | E28: 759 | F28: =[3]Mar!N89 -> 334 | G28: 2046 | H28: =(G28)*24/(F28/60)/17000*100 -> 51.888693 | J28: =70.9+71 -> 141.9 | K28: =(G28)*0.066 -> 135.036 | L28: =J28-K28 -> 6.864 | M28: =[3]Mar!AD28 -> 497 | N28: 30 | P28: =(J28-K28)/J28*100 -> 4.8372093 | Q28: =(G28)/(F28/60) -> 367.54491
B29: 45729 | C29: 9 | D29: CARIB AMBER | E29: 843 | F29: =[3]Mar!N90 -> 678 | G29: 5464 | H29: =(G29)*24/(F29/60)/17000*100 -> 68.264446 | J29: =94+93.6+93.4+93-2.4 -> 371.6 | K29: =(G29)*0.066 -> 360.624 | L29: =J29-K29 -> 10.976 | M29: =[3]Mar!AD29 -> 239 | N29: =10.5+16 -> 26.5 | P29: =(J29-K29)/J29*100 -> 2.9537137 | Q29: =(G29)/(F29/60) -> 483.53982
B30: 45730 | C30: 10 | D30: STAG LOCAL | E30: 717 | F30: =[3]Mar!N91 -> 150 | G30: 1410 | H30: =(G30)*24/(F30/60)/17000*100 -> 79.623529 | J30: 95.4 | K30: =(G30)*0.066 -> 93.06 | L30: =J30-K30 -> 2.34 | M30: =[3]Mar!AD30 -> 85 | N30: =6+3 -> 9 | P30: =(J30-K30)/J30*100 -> 2.4528302 | Q30: =(G30)/(F30/60) -> 564
B31: 45730 | C31: 10 | D31: CARIB AMBER | F31: =[3]Mar!N92 -> 380 | G31: 2718 | H31: =(G31)*24/(F31/60)/17000*100 -> 60.586997 | J31: =99.6+93.3+2.4-7.8 -> 187.5 | K31: =(G31)*0.066 -> 179.388 | L31: =J31-K31 -> 8.112 | M31: =[3]Mar!AD31 -> 150 | N31: 14 | P31: =(J31-K31)/J31*100 -> 4.3264 | Q31: =(G31)/(F31/60) -> 429.15789
B32: 45733 | C32: 11 | D32: CARIB AMBER | E32: 1380 | F32: =[3]Mar!N93 -> 415 | G32: 1568 | H32: =(G32)*24/(F32/60)/17000*100 -> 32.004536 | J32: 107.8 | K32: =(G32)*0.066 -> 103.488 | L32: =J32-K32 -> 4.312 | M32: =[3]Mar!AD32 -> 1075 | N32: 13 | P32: =(J32-K32)/J32*100 -> 4 | Q32: =(G32)/(F32/60) -> 226.6988
B33: 45733 | C33: 11 | D33: STAG LOCAL | F33: =[3]Mar!N94 -> 92 | G33: 731 | H33: =(G33)*24/(F33/60)/17000*100 -> 67.304348 | J33: =94+79.9-65-60 -> 48.9 | K33: =(G33)*0.066 -> 48.246 | L33: =J33-K33 -> 0.654 | M33: =[3]Mar!AD33 -> 38 | N33: 3 | P33: =(J33-K33)/J33*100 -> 1.3374233 | Q33: =(G33)/(F33/60) -> 476.73913
B34: 45734 | C34: 12 | D34: STAG LOCAL | E34: 1440 | F34: =[3]Mar!N95 -> 225 | G34: 1880 | H34: =(G34)*24/(F34/60)/17000*100 -> 70.776471 | J34: =65+60 -> 125 | K34: =(G34)*0.066 -> 124.08 | L34: =J34-K34 -> 0.92 | M34: =[3]Mar!AD34 -> 59 | N34: 5 | P34: =(J34-K34)/J34*100 -> 0.736 | Q34: =(G34)/(F34/60) -> 501.33333
B35: 45734 | C35: 12 | D35: CARIB AMBER | F35: =[3]Mar!N96 -> 627 | G35: 4631 | H35: =(G35)*24/(F35/60)/17000*100 -> 62.563467 | J35: =97+96+97+100+73-68-81 -> 314 | K35: =(G35)*0.066 -> 305.646 | L35: =J35-K35 -> 8.354 | M35: =[3]Mar!AD35 -> 659 | N35: =5+9 -> 14 | P35: =(J35-K35)/J35*100 -> 2.6605096 | Q35: =(G35)/(F35/60) -> 443.15789
B36: 45735 | C36: 13 | D36: CARIB AMBER | E36: 1540 | F36: =[3]Mar!N97 -> 103 | G36: 864 | H36: =(G36)*24/(F36/60)/17000*100 -> 71.054255 | J36: =68+81 -> 149 | K36: =(G36+G37)*0.066 -> 146.652 | L36: =J36-K36 -> 2.348 | M36: =[3]Mar!AD36 -> 25 | N36: 6 | P36: =(J36-K36)/J36*100 -> 1.5758389 | Q36: =(G36)/(F36/60) -> 503.30097
B37: 45735 | C37: 13 | D37: CARIB FLINT LOCAL | F37: =[3]Mar!N98 -> 200 | G37: 1358 | H37: =(G37)*24/(F37/60)/17000*100 -> 57.515294 | M37: =[3]Mar!AD37 -> 126 | N37: 7 | Q37: =(G37)/(F37/60) -> 407.4
B38: 45735 | C38: 13 | D38: STAG LOCAL | F38: =[3]Mar!N99 -> 1010 | G38: 5375 | H38: =(G38)*24/(F38/60)/17000*100 -> 45.078626 | J38: =83.8+92.3+85.1+97.5 -> 358.7 | K38: =(G38)*0.066 -> 354.75 | L38: =J38-K38 -> 3.95 | M38: =[3]Mar!AD38 -> 534 | N38: =5+5 -> 10 | P38: =(J38-K38)/J38*100 -> 1.1011988 | Q38: =(G38)/(F38/60) -> 319.30693
B39: 45736 | C39: 14 | D39: GUINNESS | E39: 1340 | F39: =[3]Mar!N100 -> 1270 | G39: 4053 | H39: =(G39)*24/(F39/60)/17000*100 -> 27.032515 | J39: =96+99.4+97.5-25.4 -> 267.5 | K39: =(G39)*0.066 -> 267.498 | L39: =J39-K39 -> 0.002 | M39: =[3]Mar!AD39 -> 801 | N39: 8 | P39: =(J39-K39)/J39*100 -> 0.00074766355 | Q39: =(G39)/(F39/60) -> 191.48031
B40: 45737 | C40: 15 | D40: GUINNESS | E40: 312 | F40: =[3]Mar!N101 -> 295 | G40: 1771 | H40: =(G40)*24/(F40/60)/17000*100 -> 50.852243 | J40: =91.7+25.4 -> 117.1 | K40: =(G40)*0.066 -> 116.886 | L40: =J40-K40 -> 0.214 | M40: =[3]Mar!AD40 -> 81 | N40: 9 | P40: =(J40-K40)/J40*100 -> 0.18274979 | Q40: =(G40)/(F40/60) -> 360.20339
B41: 45740 | C41: 16 | D41: CARIB AMBER | E41: 1380 | F41: =[3]Mar!N102 -> 1265 | G41: 1021 | H41: =(G41)*24/(F41/60)/17000*100 -> 6.8367356 | J41: =95+56-72 -> 79 | K41: =(G41)*0.066+((22+28)*0.19) -> 76.886 | L41: =J41-K41 -> 2.114 | M41: =[3]Mar!AD41 -> 1248 | N41: =3+9 -> 12 | O41: =22+28 -> 50 | P41: =(J41-K41)/J41*100 -> 2.6759494 | Q41: =(G41)/(F41/60) -> 48.426877
B42: 45741 | C42: 17 | D42: CARIB AMBER | E42: 1440 | F42: =[3]Mar!N103 -> 1021 | G42: 7792 | H42: =(G42)*24/(F42/60)/17000*100 -> 64.645273 | J42: =72+94.3+98.9+97.8+68+91.2 -> 522.2 | K42: =(G42)*0.066 -> 514.272 | L42: =J42-K42 -> 7.928 | M42: =[3]Mar!AD42 -> 262 | N42: =41+4 -> 45 | P42: =(J42-K42)/J42*100 -> 1.5181923 | Q42: =(G42)/(F42/60) -> 457.90402
B43: 45741 | C43: 17 | D43: STAG LOCAL | F43: =[3]Mar!N104 -> 299 | G43: 1654 | H43: =(G43)*24/(F43/60)/17000*100 -> 46.857368 | J43: =96.5+100.7-14-68 -> 115.2 | K43: =(G43)*0.066+(25*0.19) -> 113.914 | L43: =J43-K43 -> 1.286 | M43: =[3]Mar!AD43 -> 222 | N43: =5+5 -> 10 | O43: 25 | P43: =(J43-K43)/J43*100 -> 1.1163194 | Q43: =(G43)/(F43/60) -> 331.90635
B44: 45742 | C44: 18 | D44: STAG LOCAL | E44: 1440 | F44: =[3]Mar!N105 -> 597 | G44: 4013 | H44: =(G44)*24/(F44/60)/17000*100 -> 56.938812 | J44: =SUM(68,14,86.5,99.3) -> 267.8 | K44: =(G44)*0.066 -> 264.858 | L44: =J44-K44 -> 2.942 | M44: =[3]Mar!AD44 -> 199 | N44: 8.5 | P44: =(J44-K44)/J44*100 -> 1.098581 | Q44: =(G44)/(F44/60) -> 403.31658
B45: 45742 | C45: 18 | D45: CARIB AMBER | F45: =[3]Mar!N106 -> 780 | G45: 4916 | H45: =(G45)*24/(F45/60)/17000*100 -> 53.386425 | J45: =SUM(93,89,88,65.4,71)-74.8 -> 331.6 | K45: =(G45)*0.066 -> 324.456 | L45: =J45-K45 -> 7.144 | M45: =[3]Mar!AD45 -> 251 | N45: 16 | P45: =(J45-K45)/J45*100 -> 2.1544029 | Q45: =(G45)/(F45/60) -> 378.15385
B46: 45743 | C46: 19 | D46: CARIB AMBER | E46: 1260 | F46: =[3]Mar!N107 -> 1098 | G46: 8119 | H46: =(G46)*24/(F46/60)/17000*100 -> 62.634523 | J46: =74.8+89+99.1+92.6+52+52+82 -> 541.5 | K46: =(G46)*0.066 -> 535.854 | L46: =J46-K46 -> 5.646 | M46: =[3]Mar!AD46 -> 371 | N46: =6+8.25 -> 14.25 | P46: =(J46-K46)/J46*100 -> 1.0426593 | Q46: =(G46)/(F46/60) -> 443.6612
B47: 45744 | C47: 20 | D47: VITA MALT | E47: 475 | F47: =[3]Mar!N108 -> 433 | G47: 2568 | H47: =(G47)*24/(F47/60)/17000*100 -> 50.236653 | J47: =SUM(92.2,90.7) -> 182.9 | K47: =(G47)*0.0708 -> 181.8144 | L47: =J47-K47 -> 1.0856 | M47: =[3]Mar!AD47 -> 317 | N47: 4 | P47: =(J47-K47)/J47*100 -> 0.59354839 | Q47: =(G47)/(F47/60) -> 355.84296
B48: 45747 | C48: 21 | D48: STAG LOCAL | E48: 1380 | F48: =[3]Mar!N109 -> 969 | G48: 5471 | H48: =(G48)*24/(F48/60)/17000*100 -> 47.825168 | J48: =SUM(91,89,91,95) -> 366 | K48: =(G48)*0.066 -> 361.086 | L48: =J48-K48 -> 4.914 | M48: =[3]Mar!AD48 -> 555 | N48: 16 | P48: =(J48-K48)/J48*100 -> 1.342623 | Q48: =(G48)/(F48/60) -> 338.76161
B49: 45747 | C49: 21 | D49: CARIB | F49: =[3]Mar!N110 -> 180 | G49: 940 | H49: =(G49)*24/(F49/60)/17000*100 -> 44.235294 | J49: =SUM(97.5,96.1)-84.8-43 -> 65.8 | K49: =(G49)*0.066 -> 62.04 | L49: =J49-K49 -> 3.76 | M49: =[3]Mar!AD49 -> 68 | N49: 5 | P49: =(J49-K49)/J49*100 -> 5.7142857 | Q49: =(G49)/(F49/60) -> 313.33333
H50: =(G50)*24/(F50/60)/17000*100 -> #DIV/0! | K50: =(G50)*0.066 -> 0 | L50: =J50-K50 -> 0 | P50: =(J50-K50)/J50*100 -> #DIV/0! | Q50: =(G50)/(F50/60) -> #DIV/0!
H51: =(G51)*24/(F51/60)/17000*100 -> #DIV/0! | K51: =(G51)*0.066 -> 0 | L51: =J51-K51 -> 0 | P51: =(J51-K51)/J51*100 -> #DIV/0! | Q51: =(G51)/(F51/60) -> #DIV/0!
H52: =(G52)*24/(F52/60)/17000*100 -> #DIV/0! | K52: =(G52)*0.066 -> 0 | L52: =J52-K52 -> 0 | P52: =(J52-K52)/J52*100 -> #DIV/0! | Q52: =(G52)/(F52/60) -> #DIV/0!
H53: =(G53)*24/(F53/60)/17000*100 -> #DIV/0! | K53: =(G53)*0.066 -> 0 | L53: =J53-K53 -> 0 | P53: =(J53-K53)/J53*100 -> #DIV/0! | Q53: =(G53)/(F53/60) -> #DIV/0!
H54: =(G54)*24/(F54/60)/17000*100 -> #DIV/0! | K54: =(G54)*0.066 -> 0 | L54: =J54-K54 -> 0 | P54: =(J54-K54)/J54*100 -> #DIV/0! | Q54: =(G54)/(F54/60) -> #DIV/0!
H55: =(G55)*24/(F55/60)/17000*100 -> #DIV/0! | K55: =(G55)*0.066 -> 0 | L55: =J55-K55 -> 0 | P55: =(J55-K55)/J55*100 -> #DIV/0! | Q55: =(G55)/(F55/60) -> #DIV/0!
H56: =(G56)*24/(F56/60)/17000*100 -> #DIV/0! | K56: =(G56)*0.066 -> 0 | L56: =J56-K56 -> 0 | P56: =(J56-K56)/J56*100 -> #DIV/0! | Q56: =(G56)/(F56/60) -> #DIV/0!
H57: =(G57)*24/(F57/60)/17000*100 -> #DIV/0! | K57: =(G57)*0.066 -> 0 | L57: =J57-K57 -> 0 | P57: =(J57-K57)/J57*100 -> #DIV/0! | Q57: =(G57)/(F57/60) -> #DIV/0!
H58: =(G58)*24/(F58/60)/17000*100 -> #DIV/0! | K58: =(G58)*0.066 -> 0 | L58: =J58-K58 -> 0 | P58: =(J58-K58)/J58*100 -> #DIV/0! | Q58: =(G58)/(F58/60) -> #DIV/0!
H59: =(G59)*24/(F59/60)/17000*100 -> #DIV/0! | K59: =(G59)*0.066 -> 0 | L59: =J59-K59 -> 0 | P59: =(J59-K59)/J59*100 -> #DIV/0! | Q59: =(G59)/(F59/60) -> #DIV/0!
H60: =(G60)*24/(F60/60)/17000*100 -> #DIV/0! | K60: =(G60)*0.066 -> 0 | L60: =J60-K60 -> 0 | P60: =(J60-K60)/J60*100 -> #DIV/0! | Q60: =(G60)/(F60/60) -> #DIV/0!
H61: =(G61)*24/(F61/60)/17000*100 -> #DIV/0! | K61: =(G61)*0.066 -> 0 | L61: =J61-K61 -> 0 | P61: =(J61-K61)/J61*100 -> #DIV/0! | Q61: =(G61)/(F61/60) -> #DIV/0!
E62: =SUM(E8:E61) -> 24472 | F62: =SUM(F8:F61) -> 18522 | G62: =SUM(G8:G59) -> 105306 | H62: =(G62)*24/(F62/60)/17000*100 -> 48.159149 | I62: =SUM(I8:I61) -> 56 | J62: =SUM(J8:J61) -> 7159.9429 | K62: =SUM(K8:K61) -> 6990.6424 | L62: =J62-K62 -> 169.30048 | M62: =SUM(M8:M61) -> 11907 | N62: =SUM(N8:N61) -> 621.25 | O62: =SUM(O8:O61) -> 175 | P62: =(J62-K62)/J62 -> 0.023645507 | Q62: =G62/(E62/60) -> 258.18732 | R62: =(January_2025!G65+February_2025!G63+G62)/((January_2025!E65+February_2025!E63+E62)/60) -> 290.77687
N63: KEGS
K64: Produced | L64: =G62+O64 -> 105787.25 | N64: TOTAL CASES | O64: =O62*2.75 -> 481.25 | P64: Case Per Hr- Old | Q64: 341.12731 | R64: 377.78806

Sheet April_2025 
B1: GRENADA BREWERIES LIMITED
B3: PRODUCTION DEPARTMENT
B4: 45748
B5: DATE | C5: DAY | D5: PRODUCT | E5: AVAIL. | F5: FILL | G5: CASES | H5: Line Rated | I5: Cases on Hold | J5: BBT | K5: BOTTLED | L5: Diff BBT Hls vs Hls in Package | M5: DOWNTIME (Mins) | N5: REJECTS (Cases) | O5: KEGS | P5: BOTTLED | Q5: AVERAGE | R5: YTD
E6: TIME | F6: TIME | G6: BOTTLED | H6: Efficiency | J6: HLS | K6: HLS | P6: LOSS | Q6: CASE/HR | R6: Ave Case per hour
F7: Mins | H7: %
B8: 45748 | C8: 1 | D8: CARIB AMBER | E8: 1440 | F8: =[3]Apr!P62 -> 1048 | G8: 7510 | H8: =(G8)*24/(F8/60)/17000*100 -> 60.700494 | J8: =SUM(84.8,43,100,92.6,96,82.2) -> 498.6 | K8: =(G8)*0.066 -> 495.66 | L8: =J8-K8 -> 2.94 | M8: =[3]Apr!AD8 -> 179 | N8: 6 | P8: =(J8-K8)/J8*100 -> 0.58965102 | Q8: =(G8)/(F8/60) -> 429.96183
B9: 45748 | C9: 1 | D9: STAG LOCAL | F9: =[3]Apr!P63 -> 372 | G9: 2172 | H9: =(G9)*24/(F9/60)/17000*100 -> 49.457306 | I9: 26 | J9: =SUM(96,98)-33.8-12.8 -> 147.4 | K9: =(G9)*0.066 -> 143.352 | L9: =J9-K9 -> 4.048 | M9: =[3]Apr!AD9 -> 72 | N9: 4 | P9: =(J9-K9)/J9*100 -> 2.7462687 | Q9: =(G9)/(F9/60) -> 350.32258
B10: 45749 | C10: 2 | D10: STAG LOCAL | E10: 688 | F10: =[3]Apr!P64 -> 628 | G10: 3638 | H10: =(G10)*24/(F10/60)/17000*100 -> 49.070064 | J10: =SUM(97,97.2,33.8,12.8) -> 240.8 | K10: =(G10)*0.066 -> 240.108 | L10: =J10-K10 -> 0.692 | M10: =[3]Apr!AD10 -> 216 | N10: =8+3 -> 11 | P10: =(J10-K10)/J10*100 -> 0.28737542 | Q10: =(G10)/(F10/60) -> 347.57962
B11: 45750 | C11: 3 | D11: CARIBE PEARSECCO | E11: 610 | F11: =[3]Apr!P65 -> 391 | G11: 1601 | H11: =(G11)*24/(F11/60)/17000*100 -> 34.683918 | I11: 16 | J11: =SUM(91.2,91.5)-72 -> 110.7 | K11: =(G11)*0.066 -> 105.666 | L11: =J11-K11 -> 5.034 | M11: =[3]Apr!AD11 -> 295 | N11: 8 | P11: =(J11-K11)/J11*100 -> 4.5474255 | Q11: =(G11)/(F11/60) -> 245.67775
B12: 45751 | C12: 4 | D12: CARIBE PEARSECCO | E12: 1207 | F12: =[3]Apr!P66 -> 234 | G12: 1050 | H12: =(G12)*24/(F12/60)/17000*100 -> 38.00905 | J12: 72 | K12: =(G12)*0.066 -> 69.3 | L12: =J12-K12 -> 2.7 | M12: =[3]Apr!AD12 -> 106 | N12: 6 | P12: =(J12-K12)/J12*100 -> 3.75 | Q12: =(G12)/(F12/60) -> 269.23077
B13: 45751 | C13: 4 | D13: CARIBE ROSE | F13: =[3]Apr!P67 -> 273 | G13: 1254 | H13: =(G13)*24/(F13/60)/17000*100 -> 38.908856 | J13: =SUM(86) -> 86 | K13: =(G13)*0.066 -> 82.764 | L13: =J13-K13 -> 3.236 | M13: =[3]Apr!AD13 -> 136 | N13: 2 | P13: =(J13-K13)/J13*100 -> 3.7627907 | Q13: =(G13)/(F13/60) -> 275.6044
B14: 45751 | C14: 4 | D14: CARIB AMBER | F14: =[3]Apr!P68 -> 433 | G14: 3310 | H14: =(G14)*24/(F14/60)/17000*100 -> 64.752072 | J14: =SUM(94.9,84.5,97.5)-46.7 -> 230.2 | K14: =(G14)*0.066+(45*0.19) -> 227.01 | L14: =J14-K14 -> 3.19 | M14: =[3]Apr!AD14 -> 206 | N14: =4+6 -> 10 | O14: 45 | P14: =(J14-K14)/J14*100 -> 1.3857515 | Q14: =(G14)/(F14/60) -> 458.66051
B15: 45754 | C15: 5 | D15: CARIB AMBER | E15: 1380 | F15: =[3]Apr!P69 -> 1100 | G15: 8796 | H15: =(G15)*24/(F15/60)/17000*100 -> 67.733904 | J15: =SUM(97,95.3,104,46.7,92.9,78.7,94.8,100)-96.5 -> 612.9 | K15: =(G15+G16)*0.066 -> 607.2 | L15: =J15-K15 -> 5.7 | M15: =[3]Apr!AD15 -> 299 | N15: =11+4 -> 15 | P15: =(J15-K15)/J15*100 -> 0.93000489 | Q15: =(G15)/(F15/60) -> 479.78182
B16: 45754 | C16: 5 | D16: CARIB FLINT LOCAL | F16: =[3]Apr!P70 -> 97 | G16: 404 | H16: =(G16)*24/(F16/60)/17000*100 -> 35.279563 | M16: =[3]Apr!AD16 -> 56 | Q16: =(G16)/(F16/60) -> 249.89691
B17: 45755 | C17: 6 | D17: CARIB FLINT LOCAL | E17: 1422 | F17: =[3]Apr!P71 -> 487 | G17: 2951 | H17: =(G17)*24/(F17/60)/17000*100 -> 51.327938 | J17: =SUM(96.5,100) -> 196.5 | K17: =(G17)*0.066 -> 194.766 | L17: =J17-K17 -> 1.734 | M17: =[3]Apr!AD17 -> 291 | N17: 10 | P17: =(J17-K17)/J17*100 -> 0.88244275 | Q17: =(G17)/(F17/60) -> 363.5729
B18: 45755 | C18: 6 | D18: STAG LOCAL | F18: =[3]Apr!P72 -> 711 | G18: 3959 | H18: =(G18)*24/(F18/60)/17000*100 -> 47.166046 | I18: =9+70 -> 79 | J18: =SUM(98.9,97.1,103,100.6)-32.8-98 -> 268.8 | K18: =(G18)*0.066+(15*0.19) -> 264.144 | L18: =J18-K18 -> 4.656 | M18: =[3]Apr!AD18 -> 304 | N18: =14+1 -> 15 | O18: 15 | P18: =(J18-K18)/J18*100 -> 1.7321429 | Q18: =(G18)/(F18/60) -> 334.09283
B19: 45756 | C19: 7 | D19: STAG LOCAL | E19: 1423 | F19: =[3]Apr!P73 -> 226 | G19: 1975 | H19: =(G19)*24/(F19/60)/17000*100 -> 74.023946 | J19: =SUM(98,32.8) -> 130.8 | K19: =(G19)*0.066 -> 130.35 | L19: =J19-K19 -> 0.45 | M19: =[3]Apr!AD19 -> 75 | N19: 2 | P19: =(J19-K19)/J19*100 -> 0.3440367 | Q19: =(G19)/(F19/60) -> 524.33628
B20: 45756 | C20: 7 | D20: GUINNESS | F20: =[3]Apr!P74 -> 638 | G20: 3640 | H20: =(G20)*24/(F20/60)/17000*100 -> 48.327494 | J20: =SUM(96.4,47.9,96.2) -> 240.5 | K20: =(G20)*0.066 -> 240.24 | L20: =J20-K20 -> 0.26 | M20: =[3]Apr!AD20 -> 236 | N20: =4+10 -> 14 | P20: =(J20-K20)/J20*100 -> 0.10810811 | Q20: =(G20)/(F20/60) -> 342.31975
B21: 45756 | C21: 7 | D21: STAR MALT | F21: =[3]Apr!P75 -> 390 | G21: 2087 | H21: =(G21)*24/(F21/60)/17000*100 -> 45.328507 | J21: =SUM(106,98.5)-62.7 -> 141.8 | K21: =(G21)*0.066 -> 137.742 | L21: =J21-K21 -> 4.058 | M21: =[3]Apr!AD21 -> 193 | N21: 4 | P21: =(J21-K21)/J21*100 -> 2.8617772 | Q21: =(G21)/(F21/60) -> 321.07692
B22: 45757 | C22: 8 | D22: STAR MALT | E22: 1369 | F22: =[3]Apr!P76 -> 139 | G22: 940 | H22: =(G22)*24/(F22/60)/17000*100 -> 57.283115 | J22: 62.7 | K22: =(G22)*0.066 -> 62.04 | L22: =J22-K22 -> 0.66 | M22: =[3]Apr!AD22 -> 50 | N22: 2 | P22: =(J22-K22)/J22*100 -> 1.0526316 | Q22: =(G22)/(F22/60) -> 405.7554
B23: 45757 | C23: 8 | D23: CARIB AMBER | F23: =[3]Apr!P77 -> 459 | G23: 2938 | H23: =(G23)*24/(F23/60)/17000*100 -> 54.219146 | J23: =SUM(99.3,98.6) -> 197.9 | K23: =(G23)*0.066 -> 193.908 | L23: =J23-K23 -> 3.992 | M23: =[3]Apr!AD23 -> 179 | N23: 14 | P23: =(J23-K23)/J23*100 -> 2.0171804 | Q23: =(G23)/(F23/60) -> 384.05229
B24: 45757 | C24: 8 | D24: JCOOL SORREL | F24: =[3]Apr!P78 -> 174 | G24: 891 | H24: =(G24)*24/(F24/60)/17000*100 -> 43.375254 | J24: =K24*1.02 -> 59.98212 | K24: =(G24)*0.066 -> 58.806 | L24: =J24-K24 -> 1.17612 | M24: =[3]Apr!AD24 -> 358 | N24: 15 | P24: =(J24-K24)/J24*100 -> 1.9607843 | Q24: =(G24)/(F24/60) -> 307.24138
B25: 45761 | C25: 9 | D25: CARIB AMBER | E25: 1380 | F25: =[3]Apr!P79 -> 679 | G25: 4275 | H25: =(G25)*24/(F25/60)/17000*100 -> 53.331023 | I25: =100+13 -> 113 | J25: =SUM(96.5,94.8,97) -> 288.3 | K25: =(G25)*0.066 -> 282.15 | L25: =J25-K25 -> 6.15 | M25: =[3]Apr!AD25 -> 374 | N25: 10 | P25: =(J25-K25)/J25*100 -> 2.1331946 | Q25: =(G25)/(F25/60) -> 377.76141
B26: 45761 | C26: 9 | D26: STAG LOCAL | F26: =[3]Apr!P80 -> 355 | G26: 2798 | H26: =(G26)*24/(F26/60)/17000*100 -> 66.762552 | J26: =SUM(92,95) -> 187 | K26: =(G26)*0.066 -> 184.668 | L26: =J26-K26 -> 2.332 | M26: =[3]Apr!AD26 -> 130 | N26: 7 | P26: =(J26-K26)/J26*100 -> 1.2470588 | Q26: =(G26)/(F26/60) -> 472.90141
B27: 45761 | C27: 9 | D27: CARIB AMBER | F27: =[3]Apr!P81 -> 34 | G27: 213 | H27: =(G27)*24/(F27/60)/17000*100 -> 53.065744 | J27: =SUM(97.5,97)-89.7-90.5 -> 14.3 | K27: =(G27)*0.066 -> 14.058 | L27: =J27-K27 -> 0.242 | M27: =[3]Apr!AD27 -> 41 | N27: 0 | P27: =(J27-K27)/J27*100 -> 1.6923077 | Q27: =(G27)/(F27/60) -> 375.88235
B28: 45762 | C28: 10 | D28: CARIB AMBER | E28: 1425 | F28: =[3]Apr!P82 -> 636 | G28: 5276 | H28: =(G28)*24/(F28/60)/17000*100 -> 70.26859 | J28: =SUM(89.7,90.5,4.8,92.6,97.5) -> 375.1 | K28: =(G28+G29)*0.066 -> 369.6 | L28: =J28-K28 -> 5.5 | M28: =[3]Apr!AD28 -> 184 | N28: 0 | P28: =(J28-K28)/J28*100 -> 1.4662757 | Q28: =(G28)/(F28/60) -> 497.73585
B29: 45762 | C29: 10 | D29: CARIB FLINT LOCAL | F29: =[3]Apr!P83 -> 57 | G29: 324 | H29: =(G29)*24/(F29/60)/17000*100 -> 48.148607 | L29: =J29-K29 -> 0 | M29: =[3]Apr!AD29 -> 14 | N29: 0 | Q29: =(G29)/(F29/60) -> 341.05263
B30: 45762 | C30: 10 | D30: VITA MALT CLASSIC | F30: =[3]Apr!P84 -> 451 | G30: 1761 | H30: =(G30)*24/(F30/60)/17000*100 -> 33.074736 | J30: =SUM(98.8,96)-50-16.6 -> 128.2 | K30: =(G30)*0.0708 -> 124.6788 | L30: =J30-K30 -> 3.5212 | M30: =[3]Apr!AD30 -> 453 | N30: 3 | P30: =(J30-K30)/J30*100 -> 2.7466459 | Q30: =(G30)/(F30/60) -> 234.27938
B31: 45763 | C31: 11 | D31: VITA MALT CLASSIC | E31: 1442 | F31: =[3]Apr!P85 -> 449 | G31: 3062 | H31: =(G31)*24/(F31/60)/17000*100 -> 57.766016 | J31: =SUM(103.1,97.3,16.6) -> 217 | K31: =(G31)*0.0708 -> 216.7896 | L31: =J31-K31 -> 0.2104 | M31: =[3]Apr!AD31 -> 208 | N31: 7 | P31: =(J31-K31)/J31*100 -> 0.096958525 | Q31: =(G31)/(F31/60) -> 409.17595
B32: 45763 | C32: 11 | D32: VITA MALT GINGER | F32: =[3]Apr!P86 -> 97 | G32: 665 | H32: =(G32)*24/(F32/60)/17000*100 -> 58.071559 | J32: 50 | K32: =(G32)*0.0708 -> 47.082 | L32: =J32-K32 -> 2.918 | M32: =[3]Apr!AD32 -> 22 | N32: 1 | P32: =(J32-K32)/J32*100 -> 5.836 | Q32: =(G32)/(F32/60) -> 411.34021
B33: 45763 | C33: 11 | D33: TING ORIGINAL | F33: =[3]Apr!P87 -> 544 | G33: 3498 | H33: =(G33)*24/(F33/60)/17000*100 -> 54.467128 | J33: =K33*1.02 -> 235.48536 | K33: =(G33)*0.066 -> 230.868 | L33: =J33-K33 -> 4.61736 | M33: =[3]Apr!AD33 -> 395 | N33: 6 | P33: =(J33-K33)/J33*100 -> 1.9607843 | Q33: =(G33)/(F33/60) -> 385.80882
B34: 45764 | C34: 12 | D34: CARIB AMBER | E34: 1165 | F34: =[3]Apr!P88 -> 456 | G34: 4165 | H34: =(G34)*24/(F34/60)/17000*100 -> 77.368421 | J34: =SUM(72.3,102.3,103.9) -> 278.5 | K34: =(G34)*0.066 -> 274.89 | L34: =J34-K34 -> 3.61 | M34: =[3]Apr!AD34 -> 248 | N34: 9 | P34: =(J34-K34)/J34*100 -> 1.2962298 | Q34: =(G34)/(F34/60) -> 548.02632
B35: 45764 | C35: 12 | D35: STAG LOCAL | F35: =[3]Apr!P89 -> 519 | G35: 3133 | H35: =(G35)*24/(F35/60)/17000*100 -> 51.133628 | J35: =SUM(96,90,95.7)-65 -> 216.7 | K35: =(G35)*0.066+(30*0.19) -> 212.478 | L35: =J35-K35 -> 4.222 | M35: =[3]Apr!AD35 -> 242 | N35: 10 | O35: 30 | P35: =(J35-K35)/J35*100 -> 1.9483156 | Q35: =(G35)/(F35/60) -> 362.19653
B36: 45769 | C36: 13 | D36: STAG LOCAL | E36: 1440 | F36: =[3]Apr!P90 -> 945 | G36: 299 | H36: =(G36)*24/(F36/60)/17000*100 -> 2.680112 | J36: =65+92.4-66.7-70 -> 20.7 | K36: =(G36)*0.066 -> 19.734 | L36: =J36-K36 -> 0.966 | M36: =[3]Apr!AD36 -> 1401 | N36: 3 | P36: =(J36-K36)/J36*100 -> 4.6666667 | Q36: =(G36)/(F36/60) -> 18.984127
B37: 45770 | C37: 14 | D37: STAG LOCAL | E37: 1440 | F37: =[3]Apr!P91 -> 391 | G37: 2002 | H37: =(G37)*24/(F37/60)/17000*100 -> 43.371145 | J37: =66.7+70 -> 136.7 | K37: =(G37)*0.066 -> 132.132 | L37: =J37-K37 -> 4.568 | M37: =[3]Apr!AD37 -> 979 | N37: =3+31 -> 34 | P37: =(J37-K37)/J37*100 -> 3.341624 | Q37: =(G37)/(F37/60) -> 307.21228
B38: 45770 | C38: 14 | D38: CARIB AMBER | F38: =[3]Apr!P92 -> 167 | G38: 811 | H38: =(G38)*24/(F38/60)/17000*100 -> 41.135611 | J38: =77.3+86.7-9.6-96.9 -> 57.5 | K38: =(G38)*0.066 -> 53.526 | L38: =J38-K38 -> 3.974 | M38: =[3]Apr!AD38 -> 80 | N38: 0 | O38: 70 | P38: =(J38-K38)/J38*100 -> 6.9113043 | Q38: =(G38)/(F38/60) -> 291.37725
B39: 45771 | C39: 15 | D39: CARIB AMBER | E39: 1440 | F39: =[3]Apr!P93 -> 974 | G39: 1561 | H39: =(G39)*24/(F39/60)/17000*100 -> 13.575553 | J39: =9.6+96.9 -> 106.5 | K39: =(G39)*0.066 -> 103.026 | L39: =J39-K39 -> 3.474 | M39: =[3]Apr!AD39 -> 782 | N39: =3+3+2 -> 8 | P39: =(J39-K39)/J39*100 -> 3.2619718 | Q39: =(G39)/(F39/60) -> 96.160164
B40: 45771 | C40: 15 | D40: GUINNESS | F40: =[3]Apr!P94 -> 436 | G40: 2149 | H40: =(G40)*24/(F40/60)/17000*100 -> 41.750675 | J40: =98.8+96.1-15-38 -> 141.9 | K40: =(G40)*0.066 -> 141.834 | L40: =J40-K40 -> 0.066 | M40: =[3]Apr!AD40 -> 160 | N40: 8 | P40: =(J40-K40)/J40*100 -> 0.046511628 | Q40: =(G40)/(F40/60) -> 295.73394
B41: 45772 | C41: 16 | D41: GUINNESS | E41: 1204 | F41: =[3]Apr!P95 -> 127 | G41: 801 | H41: =(G41)*24/(F41/60)/17000*100 -> 53.424734 | J41: =15+38 -> 53 | K41: =(G41)*0.066 -> 52.866 | L41: =J41-K41 -> 0.134 | M41: =[3]Apr!AD41 -> 10 | N41: 9 | P41: =(J41-K41)/J41*100 -> 0.25283019 | Q41: =(G41)/(F41/60) -> 378.4252
B42: 45772 | C42: 16 | D42: MACKESON | F42: =[3]Apr!P96 -> 438 | G42: 2939 | H42: =(G42)*24/(F42/60)/17000*100 -> 56.838034 | J42: =98.2+98 -> 196.2 | K42: =(G42)*0.066 -> 193.974 | L42: =J42-K42 -> 2.226 | M42: =[3]Apr!AD42 -> 153 | N42: 3 | P42: =(J42-K42)/J42*100 -> 1.1345566 | Q42: =(G42)/(F42/60) -> 402.60274
B43: 45772 | C43: 16 | D43: CARIB | F43: =[3]Apr!P97 -> 422 | G43: 3003 | H43: =(G43)*24/(F43/60)/17000*100 -> 60.277669 | J43: =99+104 -> 203 | K43: =(G43)*0.066 -> 198.198 | L43: =J43-K43 -> 4.802 | M43: =[3]Apr!AD43 -> 196 | N43: 36 | P43: =(J43-K43)/J43*100 -> 2.3655172 | Q43: =(G43)/(F43/60) -> 426.96682
B44: 45775 | C44: 17 | D44: STAG LOCAL | E44: 1380 | F44: =[3]Apr!P98 -> 1124 | G44: 7479 | H44: =(G44)*24/(F44/60)/17000*100 -> 56.362571 | J44: =100.3+98+97+81.8+100.5+88.7-62 -> 504.3 | K44: =(G44)*0.066 -> 493.614 | L44: =J44-K44 -> 10.686 | M44: =[3]Apr!AD44 -> 403 | N44: 77 | P44: =(J44-K44)/J44*100 -> 2.1189768 | Q44: =(G44)/(F44/60) -> 399.23488
B45: 45776 | C45: 18 | D45: STAG LOCAL | E45: 1440 | F45: =[3]Apr!P99 -> 357 | G45: 2311 | H45: =(G45)*24/(F45/60)/17000*100 -> 54.833416 | J45: =62+94.2 -> 156.2 | K45: =(G45)*0.066 -> 152.526 | L45: =J45-K45 -> 3.674 | M45: =[3]Apr!AD45 -> 77 | N45: 18 | P45: =(J45-K45)/J45*100 -> 2.3521127 | Q45: =(G45)/(F45/60) -> 388.40336
B46: 45776 | C46: 18 | D46: CARIB AMBER | F46: =[3]Apr!P100 -> 935 | G46: 6649 | H46: =(G46)*24/(F46/60)/17000*100 -> 60.236301 | J46: =99.2+97.6+104+95.5+97-35-15 -> 443.3 | K46: =(G46)*0.066 -> 438.834 | L46: =J46-K46 -> 4.466 | M46: =[3]Apr!AD46 -> 263 | N46: 31 | P46: =(J46-K46)/J46*100 -> 1.0074442 | Q46: =(G46)/(F46/60) -> 426.6738
B47: 45777 | C47: 19 | D47: CARIB AMBER | E47: 1322 | F47: =[3]Apr!P101 -> 440 | G47: 3476 | H47: =(G47)*24/(F47/60)/17000*100 -> 66.917647 | J47: =35+95+21.4+100.8-15 -> 237.2 | K47: =(G47)*0.066 -> 229.416 | L47: =J47-K47 -> 7.784 | M47: =[3]Apr!AD47 -> 40 | N47: 51 | P47: =(J47-K47)/J47*100 -> 3.2816189 | Q47: =(G47)/(F47/60) -> 474
B48: 45777 | C48: 19 | D48: Guinness | F48: =[3]Apr!P102 -> 551 | G48: 3006 | H48: =(G48)*24/(F48/60)/17000*100 -> 46.211594 | J48: =SUM(101,98.2) -> 199.2 | K48: =(G48)*0.066 -> 198.396 | L48: =J48-K48 -> 0.804 | M48: =[3]Apr!AD48 -> 211 | N48: 20 | P48: =(J48-K48)/J48*100 -> 0.40361446 | Q48: =(G48)/(F48/60) -> 327.33212
B49: 45777 | C49: 19 | D49: CARIB AMBER | F49: =[3]Apr!P103 -> 126 | G49: 841 | H49: =(G49)*24/(F49/60)/17000*100 -> 56.537815 | I49: 5 | J49: =SUM(100,80.8)-30-93.6 -> 57.2 | K49: =(G49)*0.066 -> 55.506 | L49: =J49-K49 -> 1.694 | M49: =[3]Apr!AD49 -> 80 | N49: =5+1 -> 6 | P49: =(J49-K49)/J49*100 -> 2.9615385 | Q49: =(G49)/(F49/60) -> 400.47619
F50: =[3]Apr!P104 -> 0 | H50: =(G50)*24/(F50/60)/17000*100 -> #DIV/0! | K50: =(G50)*0.066 -> 0 | L50: =J50-K50 -> 0 | M50: =[3]Apr!AD50 -> 0 | P50: =(J50-K50)/J50*100 -> #DIV/0! | Q50: =(G50)/(F50/60) -> #DIV/0!
H51: =(G51)*24/(F51/60)/17000*100 -> #DIV/0! | K51: =(G51)*0.066 -> 0 | L51: =J51-K51 -> 0 | M51: =[3]Apr!AD51 -> 0 | P51: =(J51-K51)/J51*100 -> #DIV/0! | Q51: =(G51)/(F51/60) -> #DIV/0!
H52: =(G52)*24/(F52/60)/17000*100 -> #DIV/0! | K52: =(G52)*0.066 -> 0 | L52: =J52-K52 -> 0 | M52: =[3]Apr!AD52 -> 0 | P52: =(J52-K52)/J52*100 -> #DIV/0! | Q52: =(G52)/(F52/60) -> #DIV/0!
H53: =(G53)*24/(F53/60)/17000*100 -> #DIV/0! | K53: =(G53)*0.066 -> 0 | L53: =J53-K53 -> 0 | P53: =(J53-K53)/J53*100 -> #DIV/0! | Q53: =(G53)/(F53/60) -> #DIV/0!
E54: =SUM(E8:E53) -> 24617 | F54: =SUM(F8:F53) -> 19510 | G54: =SUM(G8:G53) -> 115613 | H54: =(G54)*24/(F54/60)/17000*100 -> 50.19529 | I54: =SUM(I8:I53) -> 239 | J54: =SUM(J8:J53) -> 7801.0675 | K54: =SUM(K8:K53) -> 7673.9004 | L54: =J54-K54 -> 127.16708 | M54: =SUM(M8:M53) -> 10397 | N54: =SUM(N8:N53) -> 495 | O54: =SUM(O8:O53) -> 160 | P54: =(J54-K54)/J54 -> 0.016301241 | Q54: =G54/(E54/60) -> 281.7882 | R54: =(January_2025!G65+February_2025!G63+March_2025!G62+G54)/((January_2025!E65+February_2025!E63+March_2025!E62+E54)/60) -> 288.36403
N55: KEGS
K56: Produced | L56: =G54+O56 -> 116053 | N56: TOTAL CASES | O56: =O54*2.75 -> 440 | P56: Case Per Hr- Old | Q56: 355.54997 | R56: 371.69
N59: Carib | O59: =O43+O29+O17+O23 -> 0
N60: Stag | O60: =O14+O40 -> 45

Sheet May_2025
B1: GRENADA BREWERIES LIMITED
B3: PRODUCTION DEPARTMENT
B4: 45778
B5: DATE | C5: DAY | D5: PRODUCT | E5: AVAIL. | F5: FILL | G5: CASES | H5: Line Rated | I5: Cases on Hold | J5: GROSS | K5: BBT | L5: BOTTLED | M5: Diff BBT Hls vs Hls in Package | N5: DOWNTIME (Mins) | O5: REJECTS (Cases) | P5: KEGS | Q5: BOTTLED | R5: AVERAGE | S5: YTD
E6: TIME | F6: TIME | G6: BOTTLED | H6: Efficiency | J6: EFFICIENCY | K6: HLS | L6: HLS | Q6: LOSS | R6: CASE/HR | S6: Ave Case per hour
F7: Mins | H7: % | J7: %
B8: 45779 | C8: 1 | D8: CARIB AMBER | E8: 1172 | F8: =[3]May!$N71 -> 93 | G8: 502 | H8: =(G8)*24/(F8/60)/17000*100 -> 45.72296 | K8: =SUM(93.6)-60 -> 33.6 | L8: =(G8)*0.066 -> 33.132 | M8: =K8-L8 -> 0.468 | N8: =[3]May!$AD8 -> 118 | O8: 5 | Q8: =(K8-L8)/K8*100 -> 1.3928571 | R8: =(G8)/(F8/60) -> 323.87097
B9: 45779 | C9: 1 | D9: SHANDY LIME (LOCAL) | F9: =[3]May!$N72 -> 273 | G9: 798 | H9: =(G9)*24/(F9/60)/17000*100 -> 24.760181 | K9: 102 | L9: =(G9+G10)*0.066 -> 97.614 | M9: =K9-L9 -> 4.386 | N9: =[3]May!$AD9 -> 94 | O9: 6 | Q9: =(K9-L9)/K9*100 -> 4.3 | R9: =(G9)/(F9/60) -> 175.38462
B10: 45779 | C10: 1 | D10: SHANDY LIME ( EXPORT) | F10: =[3]May!$N73 -> 130 | G10: 681 | H10: =(G10)*24/(F10/60)/17000*100 -> 44.372851 | M10: =K10-L10 -> 0 | N10: =[3]May!$AD10 -> 120 | R10: =(G10)/(F10/60) -> 314.30769
B11: 45782 | C11: 2 | D11: SHANDY GINGER ( LOCAL) | E11: 1160 | F11: =[3]May!$N74 -> 242 | G11: 795 | H11: =(G11+G12)*24/(F11/60)/17000*100 -> 36.892562 | K11: =SUM(103)-27 -> 76 | L11: =(G11+G12)*0.066 -> 69.564 | M11: =K11-L11 -> 6.436 | N11: =[3]May!$AD11 -> 512 | O11: 7 | Q11: =(K11-L11)/K11*100 -> 8.4684211 | R11: =(G11+G12)/(F11/60) -> 261.32231
B12: 45782 | C12: 2 | D12: SHANDY GINGER (EXPORT) | G12: 259 | N12: =[3]May!$AD12 -> 237
B13: 45782 | C13: 2 | D13: SHANDY SORREL ( EXPORT) | F13: =[3]May!$N76 -> 573 | G13: 734 | H13: =(G13+G14)*24/(F13/60)/17000*100 -> 29.314444 | K13: =SUM(89,89)-42 -> 136 | L13: =(G13+G14)*0.066 -> 130.878 | M13: =K13-L13 -> 5.122 | N13: =[3]May!$AD13 -> 271 | O13: =2+7 -> 9 | Q13: =(K13-L13)/K13*100 -> 3.7661765 | R13: =(G13+G14)/(F13/60) -> 207.64398
B14: 45782 | C14: 2 | D14: SHANDY SORREL ( LOCAL) | G14: 1249
B15: 45783 | C15: 3 | D15: SHANDY SORREL (LOCAL) | E15: 1438 | F15: =[3]May!$N78 -> 145 | G15: 634 | H15: =(G15)*24/(F15/60)/17000*100 -> 37.036917 | K15: 42 | L15: =(G15)*0.066 -> 41.844 | M15: =K15-L15 -> 0.156 | N15: =[3]May!$AD15 -> 82 | O15: =1+16 -> 17 | Q15: =(K15-L15)/K15*100 -> 0.37142857 | R15: =(G15)/(F15/60) -> 262.34483
B16: 45783 | C16: 3 | D16: CARIB AMBER | F16: =[3]May!$N79 -> 1031 | G16: 6488 | H16: =(G16)*24/(F16/60)/17000*100 -> 53.30473 | I16: =7+210 -> 217 | K16: =60+99.6+99.3+96.8+84.1 -> 439.8 | L16: =(G16)*0.066 -> 428.208 | M16: =K16-L16 -> 11.592 | N16: =[3]May!$AD16 -> 408 | O16: 17 | Q16: =(K16-L16)/K16*100 -> 2.6357435 | R16: =(G16)/(F16/60) -> 377.57517
B17: 45783 | C17: 3 | D17: SHANDY GINGER (EXPORT) | F17: =[3]May!$N80 -> 79 | G17: 371 | H17: =(G17)*24/(F17/60)/17000*100 -> 39.779598 | K17: 27 | L17: =(G17)*0.066 -> 24.486 | M17: =K17-L17 -> 2.514 | N17: =[3]May!$AD17 -> 76 | Q17: =(K17-L17)/K17*100 -> 9.3111111 | R17: =(G17)/(F17/60) -> 281.77215
B18: 45784 | C18: 4 | D18: STAG LOCAL | E18: 1442 | F18: =[3]May!$N81 -> 1166 | G18: 7121 | H18: =(G18)*24/(F18/60)/17000*100 -> 51.731611 | K18: =99.2+101.1+102+99+75.3 -> 476.6 | L18: =(G18)*0.066 -> 469.986 | M18: =K18-L18 -> 6.614 | N18: =[3]May!$AD18 -> 467 | O18: 24 | Q18: =(K18-L18)/K18*100 -> 1.3877465 | R18: =(G18)/(F18/60) -> 366.43225
B19: 45784 | C19: 4 | D19: STAR MALT | F19: =[3]May!$N82 -> 0 | G19: 0 | H19: =(G19)*24/(F19/60)/17000*100 -> #DIV/0! | K19: 0 | L19: =(G19)*0.066 -> 0 | M19: =K19-L19 -> 0 | N19: =[3]May!$AD19 -> 130 | O19: 0 | Q19: =(K19-L19)/K19*100 -> #DIV/0! | R19: =(G19)/(F19/60) -> #DIV/0! | S19: =((K20+K19)-(L20+L19))/(K20+K19)*100 -> 2.531995
B20: 45785 | C20: 5 | D20: STAR MALT | E20: 1440 | F20: =[3]May!$N83 -> 1003 | G20: 5885 | H20: =(G20)*24/(F20/60)/17000*100 -> 49.700311 | K20: =97+100+107+94.5 -> 398.5 | L20: =(G20)*0.066 -> 388.41 | M20: =K20-L20 -> 10.09 | N20: =[3]May!$AD20 -> 504 | O20: =4+10+13 -> 27 | Q20: =(K20-L20)/K20*100 -> 2.531995 | R20: =(G20)/(F20/60) -> 352.04387
B21: 45785 | C21: 5 | D21: CARIB AMBER | F21: =[3]May!$N84 -> 99 | G21: 370 | H21: =(G21)*24/(F21/60)/17000*100 -> 31.657754 | K21: =99+101.3-88.3-86.5 -> 25.5 | L21: =(G21)*0.066 -> 24.42 | M21: =K21-L21 -> 1.08 | N21: =[3]May!$AD21 -> 134 | O21: =3+1 -> 4 | Q21: =(K21-L21)/K21*100 -> 4.2352941 | R21: =(G21)/(F21/60) -> 224.24242 | S21: =((K22+K21)-(L22+L21))/(K22+K21)*100 -> 2.3918919
B22: 45786 | C22: 6 | D22: CARIB AMBER | E22: 1197 | F22: =[3]May!$N85 -> 956 | G22: 6853 | H22: =(G22)*24/(F22/60)/17000*100 -> 60.72065 | K22: =88.3+86.5+102+92.3+93.8 -> 462.9 | L22: =(G22)*0.066 -> 452.298 | M22: =K22-L22 -> 10.602 | N22: =[3]May!$AD22 -> 142 | O22: =25+37+18 -> 80 | Q22: =(K22-L22)/K22*100 -> 2.2903435 | R22: =(G22)/(F22/60) -> 430.1046
B23: 45786 | C23: 6 | D23: STAG LOCAL | F23: =[3]May!$N86 -> 127 | G23: 1012 | H23: =(G23)*24/(F23/60)/17000*100 -> 67.497916 | K23: =97.6+102.4-60-68 -> 72 | L23: =(G23)*0.066 -> 66.792 | M23: =K23-L23 -> 5.208 | N23: =[3]May!$AD23 -> 42 | O23: 4 | Q23: =(K23-L23)/K23*100 -> 7.2333333 | R23: =(G23)/(F23/60) -> 478.11024
B24: 45789 | C24: 7 | D24: STAG LOCAL | E24: 1380 | F24: =[3]May!$N87 -> 818 | G24: 4674 | H24: =(G24)*24/(F24/60)/17000*100 -> 48.400403 | K24: =60+68+92.3+89 -> 309.3 | L24: =(G24)*0.066 -> 308.484 | M24: =K24-L24 -> 0.816 | N24: =[3]May!$AD24 -> 370 | O24: =4+10+1 -> 15 | Q24: =(K24-L24)/K24*100 -> 0.26382153 | R24: =(G24)/(F24/60) -> 342.83619
B25: 45789 | C25: 7 | D25: CARIB AMBER | F25: =[3]May!$N88 -> 425 | G25: 3131 | H25: =(G25)*24/(F25/60)/17000*100 -> 62.403322 | K25: =99.5+100+100.3+85.4-91.8-81 -> 212.4 | L25: =(G25)*0.066 -> 206.646 | M25: =K25-L25 -> 5.754 | N25: =[3]May!$AD25 -> 100 | O25: =2 -> 2 | Q25: =(K25-L25)/K25*100 -> 2.7090395 | R25: =(G25)/(F25/60) -> 442.02353 | S25: =((K26+K25)-(L26+L25))/(K26+K25)*100 -> 1.5140187
B26: 45790 | C26: 8 | D26: CARIB AMBER | E26: 1440 | F26: =[3]May!$N89 -> 348 | G26: 2617 | H26: =(G26)*24/(F26/60)/17000*100 -> 63.699797 | K26: =91.8+81 -> 172.8 | L26: =(G26)*0.066 -> 172.722 | M26: =K26-L26 -> 0.078 | N26: =[3]May!$AD26 -> 55 | O26: 16 | Q26: =(K26-L26)/K26*100 -> 0.045138889 | R26: =(G26)/(F26/60) -> 451.2069
B27: 45790 | C27: 8 | D27: VITA MALT (CLASSIC) | G27: 0 | H27: =(G27)*24/(F27/60)/17000*100 -> #DIV/0! | K27: 0 | L27: =(G27)*0.066 -> 0 | M27: =K27-L27 -> 0 | N27: =[3]May!$AD27 -> 1078 | O27: 0 | Q27: =(K27-L27)/K27*100 -> #DIV/0! | R27: =(G27)/(F27/60) -> #DIV/0! | S27: =((K28+K27+K29+K30)-(L28+L27+L29+L30))/(K28+K27+K29+K30)*100 -> 3.2112195
B28: 45791 | C28: 9 | D28: VITA MALT (CLASSIC) | E28: 1440 | F28: =[3]May!$N91 -> 550 | G28: 578 | H28: =(G28)*24/(F28/60)/17000*100 -> 8.9018182 | K28: =SUM(99.2)-51.8 -> 47.4 | L28: =(G28)*0.0708 -> 40.9224 | M28: =K28-L28 -> 6.4776 | N28: =[3]May!$AD28 -> 1422 | O28: 22 | Q28: =(K28-L28)/K28*100 -> 13.665823 | R28: =(G28)/(F28/60) -> 63.054545
B29: 45792 | C29: 10 | D29: VITA MALT (CLASSIC) | E29: 1440 | F29: =[3]May!$N92 -> 234 | G29: 1358 | H29: =(G29)*24/(F29/60)/17000*100 -> 49.158371 | K29: =100.6+98-44-58 -> 96.6 | L29: =(G29)*0.0708 -> 96.1464 | M29: =K29-L29 -> 0.4536 | N29: =[3]May!$AD29 -> 1222 | O29: 10 | Q29: =(K29-L29)/K29*100 -> 0.46956522 | R29: =(G29)/(F29/60) -> 348.20513
B30: 45793 | C30: 11 | D30: VITA MALT (CLASSIC) | E30: 1145 | F30: =[3]May!$N93 -> 192 | G30: 1427 | H30: =(G30)*24/(F30/60)/17000*100 -> 62.955882 | K30: =44+58 -> 102 | L30: =(G30)*0.0708 -> 101.0316 | M30: =K30-L30 -> 0.9684 | N30: =[3]May!$AD30 -> 49 | O30: 18 | Q30: =(K30-L30)/K30*100 -> 0.94941176 | R30: =(G30)/(F30/60) -> 445.9375
B31: 45793 | C31: 11 | D31: VITA MALT (GINGER) | F31: =[3]May!$N94 -> 102 | G31: 690 | H31: =(G31)*24/(F31/60)/17000*100 -> 57.301038 | K31: 51.8 | L31: =(G31)*0.0708 -> 48.852 | M31: =K31-L31 -> 2.948 | N31: =[3]May!$AD31 -> 14 | O31: 4 | Q31: =(K31-L31)/K31*100 -> 5.6911197 | R31: =(G31)/(F31/60) -> 405.88235
B32: 45793 | C32: 11 | D32: STAG LOCAL | F32: =[3]May!$N95 -> 725 | G32: 136 | H32: =(G32)*24/(F32/60)/17000*100 -> 1.5889655 | I32: 109 | K32: =97.3+99-94-89 -> 13.3 | L32: =(G32)*0.066 -> 8.976 | M32: =K32-L32 -> 4.324 | N32: =[3]May!$AD32 -> 816 | O32: =9+14 -> 23 | Q32: =(K32-L32)/K32*100 -> 32.511278 | R32: =(G32)/(F32/60) -> 11.255172
B33: 45796 | C33: 12 | D33: STAG LOCAL | E33: 1380 | F33: =[3]May!$N96 -> 847 | G33: 5270 | H33: =(G33)*24/(F33/60)/17000*100 -> 52.70366 | K33: =94+89+100.3+106.5-28 -> 361.8 | L33: =(G33)*0.066 -> 347.82 | M33: =K33-L33 -> 13.98 | N33: =[3]May!$AD33 -> 870 | O33: =25+46 -> 71 | P33: 15 | Q33: =(K33-L33)/K33*100 -> 3.8640133 | R33: =(G33)/(F33/60) -> 373.31759 | S33: =((K34+K33)-(L34+L33))/(K34+K33)*100 -> 3.7429451
B34: 45797 | C34: 13 | D34: STAG LOCAL | E34: 1440 | F34: =[3]May!$N97 -> 51 | G34: 415 | H34: =(G34)*24/(F34/60)/17000*100 -> 68.927336 | K34: 28 | L34: =(G34)*0.066 -> 27.39 | M34: =K34-L34 -> 0.61 | N34: =[3]May!$AD34 -> 21 | O34: 6 | Q34: =(K34-L34)/K34*100 -> 2.1785714 | R34: =(G34)/(F34/60) -> 488.23529
B35: 45797 | C35: 13 | D35: CARIB AMBER | F35: =[3]May!$N98 -> 744 | G35: 5287 | H35: =(G35)*24/(F35/60)/17000*100 -> 60.193548 | K35: =98.4+99.1+98+95+89 -> 479.5 | L35: =(G35+G36)*0.066+(60*0.066) -> 468.93 | M35: =K35-L35 -> 10.57 | N35: =[3]May!$AD35 -> 299 | O35: =3+22 -> 25 | P35: 60 | Q35: =(K35-L35)/K35*100 -> 2.2043796 | R35: =(G35)/(F35/60) -> 426.37097 | S35: =((K37+K35+K39)-(L37+L35+L39))/(K37+K35+K39)*100 -> 2.8512269
B36: 45797 | C36: 13 | D36: CARIB EXPORT | F36: =[3]May!$N99 -> 465 | G36: 1758 | H36: =(G36)*24/(F36/60)/17000*100 -> 32.024288 | N36: =[3]May!$AD36 -> 103 | O36: 28 | R36: =(G36)/(F36/60) -> 226.83871
B37: 45798 | C37: 14 | D37: CARIB EXPORT | E37: 1440 | F37: =[3]May!$N100 -> 481 | G37: 2617 | H37: =(G37)*24/(F37/60)/17000*100 -> 46.08634 | K37: =102.2+95.5+96.4+98+89-25 -> 456.1 | L37: =(G37+G38)*0.066 -> 438.306 | M37: =K37-L37 -> 17.794 | N37: =[3]May!$AD37 -> 97 | O37: 43 | Q37: =(K37-L37)/K37*100 -> 3.9013374 | R37: =(G37)/(F37/60) -> 326.44491
B38: 45798 | C38: 14 | D38: CARIB AMBER | F38: =[3]May!$N101 -> 916 | G38: 4024 | H38: =(G38)*24/(F38/60)/17000*100 -> 37.211405 | N38: =[3]May!$AD38 -> 508 | O38: =8+9 -> 17 | R38: =(G38)/(F38/60) -> 263.58079
B39: 45799 | C39: 15 | D39: CARIB AMBER | E39: 1440 | F39: =[3]May!$N102 -> 321 | G39: 2391 | H39: =(G39)*24/(F39/60)/17000*100 -> 63.094008 | K39: =25+104+91.7-60 -> 160.7 | L39: =(G39)*0.066 -> 157.806 | M39: =K39-L39 -> 2.894 | N39: =[3]May!$AD39 -> 1184 | O39: 18 | Q39: =(K39-L39)/K39*100 -> 1.8008712 | R39: =(G39)/(F39/60) -> 446.91589
B40: 45800 | C40: 16 | D40: CARIB AMBER | E40: 1204 | F40: =[3]May!$N103 -> 107 | G40: 881 | H40: =(G40)*24/(F40/60)/17000*100 -> 69.743815 | K40: 60 | L40: =(G40)*0.066 -> 58.146 | M40: =K40-L40 -> 1.854 | N40: =[3]May!$AD40 -> 14 | O40: 8 | Q40: =(K40-L40)/K40*100 -> 3.09 | R40: =(G40)/(F40/60) -> 494.01869
B41: 45800 | C41: 16 | D41: STAG LOCAL | F41: =[3]May!$N104 -> 1060 | G41: 3943 | H41: =(G41)*24/(F41/60)/17000*100 -> 31.50899 | K41: =SUM(97,97.8,100.6,83.4)-61.3-51.5 -> 266 | L41: =(G41)*0.066 -> 260.238 | M41: =K41-L41 -> 5.762 | N41: =[3]May!$AD41 -> 589 | O41: 58 | Q41: =(K41-L41)/K41*100 -> 2.1661654 | R41: =(G41)/(F41/60) -> 223.18868 | S41: =((K42+K41)-(L42+L41))/(K42+K41)*100 -> 3.5546875
B42: 45803 | C42: 17 | D42: STAG LOCAL | E42: 1436 | F42: =[3]May!$N105 -> 827 | G42: 4287 | H42: =(G42)*24/(F42/60)/17000*100 -> 43.909809 | K42: =SUM(61.3,51.5,81.4,103) -> 297.2 | L42: =(G42)*0.066 -> 282.942 | M42: =K42-L42 -> 14.258 | N42: =[3]May!$AD42 -> 673 | O42: 19 | Q42: =(K42-L42)/K42*100 -> 4.7974428 | R42: =(G42)/(F42/60) -> 311.02781
B43: 45803 | C43: 17 | D43: GUINNESS | F43: =[3]May!$N106 -> 98 | G43: 494 | H43: =(G43)*24/(F43/60)/17000*100 -> 42.698679 | K43: =SUM(99.7,93.1)-77.9-82.2 -> 32.7 | L43: =(G43)*0.066 -> 32.604 | M43: =K43-L43 -> 0.096 | N43: =[3]May!$AD43 -> 60 | O43: =4+4 -> 8 | Q43: =(K43-L43)/K43*100 -> 0.29357798 | R43: =(G43)/(F43/60) -> 302.44898
B44: 45804 | C44: 18 | D44: CARIB AMBER | E44: 1440 | F44: =[3]May!$N107 -> 520 | G44: 3425 | H44: =(G44)*24/(F44/60)/17000*100 -> 55.791855 | K44: =101.4+99.1+100+101.3+98.2-95.2-98.2 -> 306.6 | L44: =(G44+G45)*0.066 -> 297.858 | M44: =K44-L44 -> 8.742 | N44: =[3]May!$AD44 -> 351 | O44: 9 | Q44: =(K44-L44)/K44*100 -> 2.851272 | R44: =(G44)/(F44/60) -> 395.19231 | S44: =((K44)-(L44))/(K44)*100 -> 2.851272
B45: 45804 | C45: 18 | D45: CARIB FLINT EXPORT | F45: =[3]May!$N108 -> 615 | G45: 1088 | H45: =(G45)*24/(F45/60)/17000*100 -> 14.985366 | N45: =[3]May!$AD45 -> 471 | O45: 28 | R45: =(G45)/(F45/60) -> 106.14634
B46: 45805 | C46: 18 | D46: CARIB FLINT EXPORT | E46: 1440 | F46: =[3]May!$N109 -> 0 | G46: 0 | H46: =(G46)*24/(F46/60)/17000*100 -> #DIV/0! | K46: 0 | L46: =(G46)*0.066 -> 0 | M46: =K46-L46 -> 0 | N46: =[3]May!$AD46 -> 1440 | O46: 0 | Q46: =(K46-L46)/K46*100 -> #DIV/0! | R46: =(G46)/(F46/60) -> #DIV/0!
B47: 45806 | C47: 19 | D47: CARIB FLINT EXPORT | E47: 1440 | F47: =[3]May!$N110 -> 201 | G47: 1324 | H47: =(G47)*24/(F47/60)/17000*100 -> 55.796313 | K47: =95.2+98.2-81.8 -> 111.6 | L47: =(G47+G48)*0.066 -> 111.078 | M47: =K47-L47 -> 0.522 | N47: =[3]May!$AD47 -> 1159 | O47: 14 | Q47: =(K47-L47)/K47*100 -> 0.46774194 | R47: =(G47)/(F47/60) -> 395.22388
B48: 45806 | C48: 19 | D48: CARIB AMBER | F48: =[3]May!$N111 -> 80 | G48: 359 | H48: =(G48)*24/(F48/60)/17000*100 -> 38.011765 | N48: =[3]May!$AD48 -> 52 | R48: =(G48)/(F48/60) -> 269.25
B49: 45807 | C49: 20 | D49: CARIB AMBER | E49: 1216 | F49: =[3]May!$N112 -> 1105 | G49: 7994 | H49: =(G49)*24/(F49/60)/17000*100 -> 61.279532 | I49: 5 | K49: =SUM(79.2,93.7,100.3,81.8,97.7,94.8)-19 -> 528.5 | L49: =(G49)*0.066 -> 527.604 | M49: =K49-L49 -> 0.896 | N49: =[3]May!$AD49 -> 283 | O49: 20 | Q49: =(K49-L49)/K49*100 -> 0.16953642 | R49: =(G49)/(F49/60) -> 434.06335
H50: =(G50)*24/(F50/60)/17000*100 -> #DIV/0! | L50: =(G50)*0.066 -> 0 | M50: =K50-L50 -> 0 | N50: =[3]May!$AD50 -> 0 | Q50: =(K50-L50)/K50*100 -> #DIV/0! | R50: =(G50)/(F50/60) -> #DIV/0!
H51: =(G51)*24/(F51/60)/17000*100 -> #DIV/0! | L51: =(G51)*0.066 -> 0 | M51: =K51-L51 -> 0 | N51: =[3]May!$AD51 -> 0 | Q51: =(K51-L51)/K51*100 -> #DIV/0! | R51: =(G51)/(F51/60) -> #DIV/0!
H52: =(G52)*24/(F52/60)/17000*100 -> #DIV/0! | L52: =(G52)*0.066 -> 0 | M52: =K52-L52 -> 0 | Q52: =(K52-L52)/K52*100 -> #DIV/0! | R52: =(G52)/(F52/60) -> #DIV/0!
H53: =(G53)*24/(F53/60)/17000*100 -> #DIV/0! | L53: =(G53)*0.066 -> 0 | M53: =K53-L53 -> 0 | Q53: =(K53-L53)/K53*100 -> #DIV/0! | R53: =(G53)/(F53/60) -> #DIV/0!
H54: =(G54)*24/(F54/60)/17000*100 -> #DIV/0! | L54: =(G54)*0.066 -> 0 | M54: =K54-L54 -> 0 | Q54: =(K54-L54)/K54*100 -> #DIV/0! | R54: =(G54)/(F54/60) -> #DIV/0!
H55: =(G55)*24/(F55/60)/17000*100 -> #DIV/0! | L55: =(G55)*0.066 -> 0 | M55: =K55-L55 -> 0 | Q55: =(K55-L55)/K55*100 -> #DIV/0! | R55: =(G55)/(F55/60) -> #DIV/0!
H56: =(G56)*24/(F56/60)/17000*100 -> #DIV/0! | L56: =(G56)*0.066 -> 0 | M56: =K56-L56 -> 0 | Q56: =(K56-L56)/K56*100 -> #DIV/0! | R56: =(G56)/(F56/60) -> #DIV/0!
H57: =(G57)*24/(F57/60)/17000*100 -> #DIV/0! | L57: =(G57)*0.066 -> 0 | M57: =K57-L57 -> 0 | Q57: =(K57-L57)/K57*100 -> #DIV/0! | R57: =(G57)/(F57/60) -> #DIV/0!
H58: =(G58)*24/(F58/60)/17000*100 -> #DIV/0! | L58: =(G58)*0.066 -> 0 | M58: =K58-L58 -> 0 | Q58: =(K58-L58)/K58*100 -> #DIV/0! | R58: =(G58)/(F58/60) -> #DIV/0!
H59: =(G59)*24/(F59/60)/17000*100 -> #DIV/0! | L59: =(G59)*0.066 -> 0 | M59: =K59-L59 -> 0 | Q59: =(K59-L59)/K59*100 -> #DIV/0! | R59: =(G59)/(F59/60) -> #DIV/0!
H60: =(G60)*24/(F60/60)/17000*100 -> #DIV/0! | L60: =(G60)*0.066 -> 0 | M60: =K60-L60 -> 0 | Q60: =(K60-L60)/K60*100 -> #DIV/0! | R60: =(G60)/(F60/60) -> #DIV/0!
H61: =(G61)*24/(F61/60)/17000*100 -> #DIV/0! | L61: =(G61)*0.066 -> 0 | M61: =K61-L61 -> 0 | Q61: =(K61-L61)/K61*100 -> #DIV/0! | R61: =(G61)/(F61/60) -> #DIV/0!
L62: =(G62)*0.066 -> 0 | M62: =K62-L62 -> 0
E63: =SUM(E8:E61) -> 28570 | F63: =SUM(F8:F61) -> 17749 | G63: =SUM(G8:G61) -> 93920 | H63: =(G63)*24/(F63/60)/17000*100 -> 44.822674 | I63: =SUM(I8:I35) -> 326 | K63: =SUM(K8:K61) -> 6386.2 | L63: =SUM(L8:L61) -> 6222.1344 | M63: =K63-L63 -> 164.0656 | N63: =SUM(N8:N61) -> 16637 | O63: =SUM(O8:O61) -> 682 | P63: =SUM(P8:P61) -> 75 | Q63: =(K63-L63)/K63 -> 0.025690645 | R63: =G63/(E63/60) -> 197.24186 | S63: =(January_2025!G65+February_2025!G63+March_2025!G62+'April_2025 '!G54+G63)/((January_2025!F65+February_2025!E63+March_2025!E62+'April_2025 '!E54+E63)/60) -> 274.41256
O64: KEGS
L65: Produced | M65: =G63+P65 -> 94126.25 | O65: TOTAL CASES | P65: =P63*2.75 -> 206.25 | Q65: Case Per Hr- Old | R65: 317.49394 | S65: 360.86932
O67: CARIB
O68: STAG

Sheet June_2025
B1: GRENADA BREWERIES LIMITED
B3: PRODUCTION DEPARTMENT
B4: 45809
B5: DATE | C5: DAY | D5: PRODUCT | E5: AVAIL. | F5: FILL | G5: CASES | H5: Line Rated | I5: Cases on Hold | J5: BBT | K5: BOTTLED | L5: Diff BBT Hls vs Hls in Package | M5: DOWNTIME (Mins) | N5: REJECTS (Cases) | O5: KEGS | P5: BOTTLED | Q5: AVERAGE | R5: YTD
E6: TIME | F6: TIME | G6: BOTTLED | H6: Efficiency | J6: HLS | K6: HLS | P6: LOSS | Q6: CASE/HR | R6: Ave Case per hour
F7: Mins | H7: %
B8: 45445 | C8: 1 | D8: VITA MALT CLASSIC | E8: 1380 | F8: =[3]Jun!$N65 -> 613 | G8: 4044 | H8: =(G8)*24/(F8/60)/17000*100 -> 55.88101 | I8: 9 | J8: =SUM(100.8,95,95.8) -> 291.6 | K8: =(G8)*0.0708 -> 286.3152 | L8: =J8-K8 -> 5.2848 | M8: =[3]Jun!$AD8 -> 217 | N8: 24 | P8: =(J8-K8)/J8*100 -> 1.8123457 | Q8: =(G8)/(F8/60) -> 395.82382
B9: 45445 | C9: 1 | D9: STAG LOCAL | F9: =[3]Jun!$N66 -> 344 | G9: 2565 | H9: =(G9)*24/(F9/60)/17000*100 -> 63.160055 | I9: 13 | J9: =SUM(94,105.7,100)-64-65 -> 170.7 | K9: =(G9)*0.066 -> 169.29 | L9: =J9-K9 -> 1.41 | M9: =[3]Jun!$AD9 -> 311 | N9: 41 | P9: =(J9-K9)/J9*100 -> 0.82601054 | Q9: =(G9)/(F9/60) -> 447.38372 | R9: =((J11+J9+J10)-(K11+K9+K10))/(J11+J9+J10)*100 -> 1.7094849
B10: 45811 | C10: 2 | D10: STAG LOCAL | E10: 1440 | F10: =[3]Jun!$N67 -> 1388 | G10: 9769 | H10: =(G10)*24/(F10/60)/17000*100 -> 59.617562 | I10: 24 | J10: =SUM(64,65,99.7,103,100,98,95,98,76.6)-69.5-4.7-60.7 -> 664.4 | K10: =(G10)*0.066+(35*0.19) -> 651.404 | L10: =J10-K10 -> 12.996 | M10: =[3]Jun!$AD10 -> 316 | N10: 56 | O10: 35 | P10: =(J10-K10)/J10*100 -> 1.9560506 | Q10: =(G10)/(F10/60) -> 422.29107
B11: 45812 | C11: 3 | D11: STAG LOCAL | E11: 1440 | F11: =[3]Jun!$N68 -> 166 | G11: 1037 | H11: =(G11)*24/(F11/60)/17000*100 -> 52.915663 | I11: 8 | J11: 69.5 | K11: =(G11)*0.066 -> 68.442 | L11: =J11-K11 -> 1.058 | M11: =[3]Jun!$AD11 -> 28 | N11: 9 | P11: =(J11-K11)/J11*100 -> 1.5223022 | Q11: =(G11)/(F11/60) -> 374.81928
B12: 45812 | C12: 3 | D12: CARIB AMBER | F12: =[3]Jun!$N69 -> 684 | G12: 3568 | H12: =(G12)*24/(F12/60)/17000*100 -> 44.185759 | J12: =SUM(84.3,95.5,98,92,95)-26.2-94 -> 344.6 | K12: =(G12+G13)*0.066+(45*0.19) -> 338.55 | L12: =J12-K12 -> 6.05 | M12: =[3]Jun!$AD12 -> 314 | N12: 23 | O12: 45 | P12: =(J12-K12)/J12*100 -> 1.7556587 | Q12: =(G12)/(F12/60) -> 312.98246 | R12: =((J14+J12+J15)-(K14+K12+K15))/(J14+J12+J15)*100 -> 1.7022375
B13: 45812 | C13: 3 | D13: CARIB FLINT EXPORT | F13: =[3]Jun!$N70 -> 489 | G13: 1432 | H13: =(G13)*24/(F13/60)/17000*100 -> 24.805485 | I13: 10 | M13: =[3]Jun!$AD13 -> 283 | N13: 32 | Q13: =(G13)/(F13/60) -> 175.70552
B14: 45813 | C14: 4 | D14: CARIB FLINT EXPORT | E14: 1440 | F14: =[3]Jun!$N71 -> 47 | G14: 388 | H14: =(G14)*24/(F14/60)/17000*100 -> 69.927409 | I14: 37 | J14: 26.2 | K14: =(G14)*0.066 -> 25.608 | L14: =J14-K14 -> 0.592 | M14: =[3]Jun!$AD14 -> 19 | N14: 5 | P14: =(J14-K14)/J14*100 -> 2.259542 | Q14: =(G14)/(F14/60) -> 495.31915
B15: 45813 | C15: 4 | D15: CARIB AMBER | F15: =[3]Jun!$N72 -> 234 | G15: 1405 | H15: =(G15)*24/(F15/60)/17000*100 -> 50.859729 | J15: 94 | K15: =(G15)*0.066 -> 92.73 | L15: =J15-K15 -> 1.27 | M15: =[3]Jun!$AD15 -> 75 | N15: 9 | P15: =(J15-K15)/J15*100 -> 1.3510638 | Q15: =(G15)/(F15/60) -> 360.25641
B16: 45813 | C16: 4 | D16: STAR MALT | F16: =[3]Jun!$N73 -> 736 | G16: 4326 | H16: =(G16)*24/(F16/60)/17000*100 -> 49.787724 | J16: =SUM(98.2,97,99.3) -> 294.5 | K16: =(G16)*0.066 -> 285.516 | L16: =J16-K16 -> 8.984 | M16: =[3]Jun!$AD16 -> 374 | N16: 36 | P16: =(J16-K16)/J16*100 -> 3.0505942 | Q16: =(G16)/(F16/60) -> 352.66304
B17: 45813 | C17: 4 | D17: GUINNESS | F17: =[3]Jun!$N74 -> 215 | G17: 1405 | H17: =(G17)*24/(F17/60)/17000*100 -> 55.354309 | I17: 15 | J17: =SUM(77.9+82.2)-64.2 -> 95.9 | K17: =(G17)*0.066 -> 92.73 | L17: =J17-K17 -> 3.17 | M17: =[3]Jun!$AD17 -> 56 | N17: 12 | P17: =(J17-K17)/J17*100 -> 3.3055266 | Q17: =(G17)/(F17/60) -> 392.09302 | R17: =((J17+J18)-(K17+K18))/(J17+J18)*100 -> 2.1748907
B18: 45814 | C18: 5 | D18: GUINNESS | E18: 1289 | F18: =[3]Jun!$N75 -> 270 | G18: 968 | H18: =(G18)*24/(F18/60)/17000*100 -> 30.368627 | I18: 7.18 | J18: 64.2 | K18: =(G18)*0.066 -> 63.888 | L18: =J18-K18 -> 0.312 | M18: =[3]Jun!$AD18 -> 121 | N18: 21 | P18: =(J18-K18)/J18*100 -> 0.48598131 | Q18: =(G18)/(F18/60) -> 215.11111
B19: 45814 | C19: 5 | D19: CARIBE ROSE | F19: =[3]Jun!$N76 -> 687 | G19: 3031 | H19: =(G19)*24/(F19/60)/17000*100 -> 37.371693 | I19: 7 | J19: =SUM(85,88,85)-48.5 -> 209.5 | K19: =(G19)*0.066 -> 200.046 | L19: =J19-K19 -> 9.454 | M19: =[3]Jun!$AD19 -> 438 | N19: 0 | P19: =(J19-K19)/J19*100 -> 4.5126492 | Q19: =(G19)/(F19/60) -> 264.71616
B20: 45818 | C20: 6 | D20: CARIB AMBER | E20: 1380 | F20: =[3]Jun!$N77 -> 1119 | G20: 6335 | H20: =(G20)*24/(F20/60)/17000*100 -> 47.954581 | I20: 26 | J20: =SUM(100,96,99.8,79,99.8,99)-70.8-77.9 -> 424.9 | K20: =(G20)*0.066 -> 418.11 | L20: =J20-K20 -> 6.79 | M20: =[3]Jun!$AD20 -> 615 | N20: 25 | P20: =(J20-K20)/J20*100 -> 1.5980231 | Q20: =(G20)/(F20/60) -> 339.67828 | R20: =((J20+J21+J23)-(K20+K21+K23))/(J20+J21+J23)*100 -> 1.8480986
B21: 45819 | C21: 7 | D21: CARIB AMBER | E21: 1427 | F21: =[3]Jun!$N78 -> 509 | G21: 3490 | H21: =(G21)*24/(F21/60)/17000*100 -> 58.079279 | I21: 5 | J21: =SUM(70.8,77.9,82,104.3,99,96,100.3)-73-72 -> 485.3 | K21: =(G21+G22)*0.066 -> 475.992 | L21: =J21-K21 -> 9.308 | M21: =[3]Jun!$AD21 -> 170 | N21: 14 | P21: =(J21-K21)/J21*100 -> 1.9179889 | Q21: =(G21)/(F21/60) -> 411.39489
B22: 45819 | C22: 7 | D22: CARIB FLINT EXPORT | F22: =[3]Jun!$N79 -> 795 | G22: 3722 | H22: =(G22)*24/(F22/60)/17000*100 -> 39.65727 | M22: =[3]Jun!$AD22 -> 356 | Q22: =(G22)/(F22/60) -> 280.90566
B23: 45820 | C23: 8 | D23: CARIB FLINT EXPORT | E23: 1440 | F23: =[3]Jun!$N80 -> 121 | G23: 688 | H23: =(G23)*24/(F23/60)/17000*100 -> 48.163345 | J23: =73+72-98 -> 47 | K23: =(G23)*0.066 -> 45.408 | L23: =J23-K23 -> 1.592 | M23: =[3]Jun!$AD23 -> 142 | N23: 6 | P23: =(J23-K23)/J23*100 -> 3.387234 | Q23: =(G23)/(F23/60) -> 341.15702
B24: 45820 | C24: 8 | D24: CARIBE ROSE | F24: =[3]Jun!$N81 -> 155 | G24: 694 | H24: =(G24)*24/(F24/60)/17000*100 -> 37.926376 | I24: 8 | J24: 48.2 | K24: =(G24)*0.066 -> 45.804 | L24: =J24-K24 -> 2.396 | M24: =[3]Jun!$AD24 -> 177 | N24: =8+4 -> 12 | P24: =(J24-K24)/J24*100 -> 4.9709544 | Q24: =(G24)/(F24/60) -> 268.64516
B25: 45820 | C25: 8 | D25: CARIB AMBER | F25: =[3]Jun!$N82 -> 733 | G25: 3767 | H25: =(G25)*24/(F25/60)/17000*100 -> 43.531659 | I25: 1 | J25: =SUM(98,99,96,100.8)-65.8-72.6 -> 255.4 | K25: =(G25)*0.066 -> 248.622 | L25: =J25-K25 -> 6.778 | M25: =[3]Jun!$AD25 -> 480 | N25: =26+30 -> 56 | P25: =(J25-K25)/J25*100 -> 2.6538763 | Q25: =(G25)/(F25/60) -> 308.34925 | R25: =((J25+J26)-(K25+K26))/(J25+J26)*100 -> 1.9894426
B26: 45821 | C26: 9 | D26: CARIB AMBER | E26: 1253 | F26: =[3]Jun!$N83 -> 640 | G26: 3266 | H26: =(G26)*24/(F26/60)/17000*100 -> 43.226471 | J26: =SUM(65.8,72.6,79.8) -> 218.2 | K26: =(G26)*0.066 -> 215.556 | L26: =J26-K26 -> 2.644 | M26: =[3]Jun!$AD26 -> 354 | N26: 37 | P26: =(J26-K26)/J26*100 -> 1.2117324 | Q26: =(G26)/(F26/60) -> 306.1875
B27: 45821 | C27: 9 | D27: GUINNESS | F27: =[3]Jun!$N84 -> 505 | G27: 2970 | H27: =(G27)*24/(F27/60)/17000*100 -> 49.817123 | I27: 14 | J27: =SUM(98.4,99) -> 197.4 | K27: =(G27)*0.066 -> 196.02 | L27: =J27-K27 -> 1.38 | M27: =[3]Jun!$AD27 -> 157 | N27: =6+15 -> 21 | P27: =(J27-K27)/J27*100 -> 0.69908815 | Q27: =(G27)/(F27/60) -> 352.87129
B28: 45824 | C28: 10 | D28: MACKESON | E28: 1380 | F28: =[3]Jun!$N85 -> 425 | G28: 2914 | H28: =(G28)*24/(F28/60)/17000*100 -> 58.078339 | I28: 1 | J28: =SUM(98.5,98.8) -> 197.3 | K28: =(G28)*0.066 -> 192.324 | L28: =J28-K28 -> 4.976 | M28: =[3]Jun!$AD28 -> 350 | N28: =11+6 -> 17 | P28: =(J28-K28)/J28*100 -> 2.5220476 | Q28: =(G28)/(F28/60) -> 411.38824
B29: 45824 | C29: 10 | D29: STAG LOCAL | F29: =[3]Jun!$N86 -> 531 | G29: 3156 | H29: =(G29)*24/(F29/60)/17000*100 -> 50.344965 | J29: =SUM(99.5,99,97.4,96)-90.6-87.7 -> 213.6 | K29: =(G29)*0.066 -> 208.296 | L29: =J29-K29 -> 5.304 | M29: =[3]Jun!$AD29 -> 287 | N29: 14 | P29: =(J29-K29)/J29*100 -> 2.4831461 | Q29: =(G29)/(F29/60) -> 356.61017 | R29: =((J29+J30)-(K29+K30))/(J29+J30)*100 -> 1.1032595
B30: 45825 | C30: 11 | D30: STAG LOCAL | E30: 1386 | F30: =[3]Jun!$N87 -> 1300 | G30: 8337 | H30: =(G30)*24/(F30/60)/17000*100 -> 54.322534 | J30: =SUM(87.7,90.6,94.8,96,82.3,102) -> 553.4 | K30: =(G30)*0.066 -> 550.242 | L30: =J30-K30 -> 3.158 | M30: =[3]Jun!$AD30 -> 376 | N30: =12+10+16+1 -> 39 | P30: =(J30-K30)/J30*100 -> 0.57065414 | Q30: =(G30)/(F30/60) -> 384.78462
B31: 45826 | C31: 12 | D31: CARIB AMBER | E31: 1394 | F31: =[3]Jun!$N88 -> 872 | G31: 5574 | H31: =(G31)*24/(F31/60)/17000*100 -> 54.14571 | J31: =97+74.2+102.5+101.3 -> 375 | K31: =(G31)*0.066 -> 367.884 | L31: =J31-K31 -> 7.116 | M31: =[3]Jun!$AD31 -> 340 | N31: =1+17 -> 18 | P31: =(J31-K31)/J31*100 -> 1.8976 | Q31: =(G31)/(F31/60) -> 383.53211
B32: 45826 | C32: 12 | D32: VITA MALT CLASSIC | F32: =[3]Jun!$N89 -> 105 | G32: 1111 | H32: =(G32)*24/(F32/60)/17000*100 -> 89.626891 | I32: =(2*70)+12 -> 152 | J32: =89.7-10 -> 79.7 | K32: =(G32)*0.0708 -> 78.6588 | L32: =J32-K32 -> 1.0412 | M32: =[3]Jun!$AD32 -> 316 | N32: 7 | P32: =(J32-K32)/J32*100 -> 1.306399 | Q32: =(G32)/(F32/60) -> 634.85714 | R32: =((J32+J33+J34)-(K32+K33+K34))/(J32+J33+J34)*100 -> 2.3797449
B33: 45828 | C33: 13 | D33: VITA MALT CLASSIC | E33: 1260 | F33: =[3]Jun!$N90 -> 141 | G33: 1330 | H33: =(G33)*24/(F33/60)/17000*100 -> 79.899875 | J33: =6.1+91.7 -> 97.8 | K33: =(G33)*0.0708 -> 94.164 | L33: =J33-K33 -> 3.636 | M33: =[3]Jun!$AD33 -> 143 | N33: 25 | P33: =(J33-K33)/J33*100 -> 3.7177914 | Q33: =(G33)/(F33/60) -> 565.95745
B34: 45828 | C34: 13 | D34: VITA MALT GINGER | F34: =[3]Jun!$N91 -> 183 | G34: 1126 | H34: =(G34)*24/(F34/60)/17000*100 -> 52.119576 | I34: 70 | J34: 81.2 | K34: =(G34)*0.0708 -> 79.7208 | L34: =J34-K34 -> 1.4792 | M34: =[3]Jun!$AD34 -> 56 | N34: 8 | P34: =(J34-K34)/J34*100 -> 1.8216749 | Q34: =(G34)/(F34/60) -> 369.18033
B35: 45828 | C35: 13 | D35: STAR MALT | F35: =[3]Jun!$N92 -> 420 | G35: 2896 | H35: =(G35)*24/(F35/60)/17000*100 -> 58.406723 | J35: =SUM(99.4,97) -> 196.4 | K35: =(G35)*0.066 -> 191.136 | L35: =J35-K35 -> 5.264 | M35: =[3]Jun!$AD35 -> 273 | N35: =13+11 -> 24 | P35: =(J35-K35)/J35*100 -> 2.6802444 | Q35: =(G35)/(F35/60) -> 413.71429
B36: 45831 | C36: 14 | D36: GUINNESS | E36: 1380 | F36: =[3]Jun!$N93 -> 909 | G36: 5652 | H36: =(G36)*24/(F36/60)/17000*100 -> 52.668608 | I36: =280+25 -> 305 | J36: =SUM(96.5,101.4,74.8,100.5) -> 373.2 | K36: =(G36)*0.066 -> 373.032 | L36: =J36-K36 -> 0.168 | M36: =[3]Jun!$AD36 -> 251 | N36: =18+17+38 -> 73 | P36: =(J36-K36)/J36*100 -> 0.045016077 | Q36: =(G36)/(F36/60) -> 373.06931
B37: 45831 | C37: 14 | D37: CARIB AMBER | F37: =[3]Jun!$N94 -> 82 | G37: 1558 | H37: =(G37)*24/(F37/60)/17000*100 -> 160.94118 | J37: =SUM(98.4,106.8)-99.9 -> 105.3 | K37: =(G37)*0.066 -> 102.828 | L37: =J37-K37 -> 2.472 | M37: =[3]Jun!$AD37 -> 193 | N37: 1 | P37: =(J37-K37)/J37*100 -> 2.3475783 | Q37: =(G37)/(F37/60) -> 1140 | R37: =((J37+J38+J39)-(K37+K38+K39))/(J37+J38+J39)*100 -> 1.9060233
B38: 45832 | C38: 15 | D38: CARIB AMBER | E38: 1440 | F38: =[3]Jun!$N95 -> 709 | G38: 5572 | H38: =(G38)*24/(F38/60)/17000*100 -> 66.569983 | J38: =SUM(95,99.9,107.5,33.8,100.9)-45-8.2 -> 383.9 | K38: =(G38)*0.066+(50*0.19) -> 377.252 | L38: =J38-K38 -> 6.648 | M38: =[3]Jun!$AD38 -> 829 | N38: =13+3+3 -> 19 | O38: 50 | P38: =(J38-K38)/J38*100 -> 1.731701 | Q38: =(G38)/(F38/60) -> 471.53738
B39: 45833 | C39: 16 | D39: CARIB AMBER | E39: 1440 | F39: =[3]Jun!$N96 -> 262 | G39: 2152 | H39: =(G39)*24/(F39/60)/17000*100 -> 69.575213 | J39: =SUM(45+8.2+91.8) -> 145 | K39: =(G39)*0.066 -> 142.032 | L39: =J39-K39 -> 2.968 | M39: =[3]Jun!$AD39 -> 31 | N39: 13 | P39: =(J39-K39)/J39*100 -> 2.0468966 | Q39: =(G39)/(F39/60) -> 492.82443
B40: 45833 | C40: 16 | D40: STAG LOCAL | F40: =[3]Jun!$N97 -> 1082 | G40: 7898 | H40: =(G40)*24/(F40/60)/17000*100 -> 61.830597 | J40: =92.5+101.5+97+101.3+94+82.6-37 -> 531.9 | K40: =(G40)*0.066+(30*0.19) -> 526.968 | L40: =J40-K40 -> 4.932 | M40: =[3]Jun!$AD40 -> 299 | N40: =1+7+10 -> 18 | O40: 30 | P40: =(J40-K40)/J40*100 -> 0.92724196 | Q40: =(G40)/(F40/60) -> 437.96673 | R40: =((J40+J41)-(K40+K41))/(J40+J41)*100 -> 0.87396731
B41: 45834 | C41: 17 | D41: STAG LOCAL | E41: 1440 | F41: =[3]Jun!$N98 -> 75 | G41: 560 | H41: =(G41)*24/(F41/60)/17000*100 -> 63.247059 | J41: 37 | K41: =(G41)*0.066 -> 36.96 | L41: =J41-K41 -> 0.04 | M41: =[3]Jun!$AD41 -> 8 | N41: 3 | P41: =(J41-K41)/J41*100 -> 0.10810811 | Q41: =(G41)/(F41/60) -> 448
B42: 45834 | C42: 17 | D42: CARIB AMBER | F42: =[3]Jun!$N99 -> 928 | G42: 6248 | H42: =(G42)*24/(F42/60)/17000*100 -> 57.030426 | J42: =98.9+99.5+101+85.2+97+100+83-82-79.7 -> 502.9 | K42: =(G42+G43+G44)*0.066 -> 489.324 | L42: =J42-K42 -> 13.576 | M42: =[3]Jun!$AD42 -> 448 | N42: =3+9 -> 12 | P42: =(J42-K42)/J42*100 -> 2.6995427 | Q42: =(G42)/(F42/60) -> 403.96552 | R42: =((J42+J43+J45)-(K42+K43+K45))/(J42+J43+J45)*100 -> 2.0515544
B43: 45834 | C43: 17 | D43: CARIB FLINT LOCAL | F43: =[3]Jun!$N100 -> 190 | G43: 879 | H43: =(G43)*24/(F43/60)/17000*100 -> 39.187616 | M43: =[3]Jun!$AD43 -> 98 | N43: 8 | Q43: =(G43)/(F43/60) -> 277.57895
B44: 45834 | C44: 17 | D44: CARIB AMBER | F44: =[3]Jun!$N101 -> 34 | G44: 287 | H44: =(G44)*24/(F44/60)/17000*100 -> 71.50173 | M44: =[3]Jun!$AD44 -> 10 | N44: 0 | Q44: =(G44)/(F44/60) -> 506.47059
B45: 45835 | C45: 18 | D45: CARIB AMBER | E45: 1211 | F45: =[3]Jun!$N102 -> 572 | G45: 4006 | H45: =(G45)*24/(F45/60)/17000*100 -> 59.323735 | J45: =SUM(82,79.7,107.4) -> 269.1 | K45: =(G45+G46)*0.066 -> 266.838 | L45: =J45-K45 -> 2.262 | M45: =[3]Jun!$AD45 -> 99 | N45: =17+8 -> 25 | P45: =(J45-K45)/J45*100 -> 0.84057971 | Q45: =(G45)/(F45/60) -> 420.20979
B46: 45835 | C46: 18 | D46: CARIB FLINT LOCAL | F46: =[3]Jun!$N103 -> 14 | G46: 37 | H46: =(G46)*24/(F46/60)/17000*100 -> 22.386555 | M46: =[3]Jun!$AD46 -> 27 | N46: 1 | Q46: =(G46)/(F46/60) -> 158.57143
B47: 45835 | C47: 18 | D47: GINSENG ORIGINAL | F47: =[3]Jun!$N104 -> 375 | G47: 2051 | H47: =(G47)*24/(F47/60)/17000*100 -> 46.328471 | J47: =SUM(102.7,100)-65.5 -> 137.2 | K47: =(G47)*0.066 -> 135.366 | L47: =J47-K47 -> 1.834 | M47: =[3]Jun!$AD47 -> 336 | N47: 16 | P47: =(J47-K47)/J47*100 -> 1.3367347 | Q47: =(G47)/(F47/60) -> 328.16 | R47: =((J47+J48)-(K47+K48))/(J47+J48)*100 -> 2.2210163
B48: 45838 | C48: 19 | D48: GINSENG ORIGINAL | E48: 1380 | F48: =[3]Jun!$N105 -> 121 | G48: 952 | H48: =(G48)*24/(F48/60)/17000*100 -> 66.644628 | J48: 65.5 | K48: =(G48)*0.066 -> 62.832 | L48: =J48-K48 -> 2.668 | M48: =[3]Jun!$AD48 -> 104 | N48: 21 | P48: =(J48-K48)/J48*100 -> 4.0732824 | Q48: =(G48)/(F48/60) -> 472.06612
B49: 45838 | C49: 19 | D49: STAG LOCAL | F49: =[3]Jun!$N106 -> 717 | G49: 3182 | H49: =(G49)*24/(F49/60)/17000*100 -> 37.591927 | J49: =SUM(96.4,99.7,98.1,100.5)-73.9-81.4-27.1 -> 212.3 | K49: =(G49)*0.066 -> 210.012 | L49: =J49-K49 -> 2.288 | M49: =[3]Jun!$AD49 -> 745 | N49: =13+14 -> 27 | P49: =(J49-K49)/J49*100 -> 1.0777202 | Q49: =(G49)/(F49/60) -> 266.27615
H50: =(G50)*24/(F50/60)/17000*100 -> #DIV/0! | K50: =(G50)*0.066 -> 0 | L50: =J50-K50 -> 0 | P50: =(J50-K50)/J50*100 -> #DIV/0! | Q50: =(G50)/(F50/60) -> #DIV/0!
H51: =(G51)*24/(F51/60)/17000*100 -> #DIV/0! | K51: =(G51)*0.066 -> 0 | L51: =J51-K51 -> 0 | P51: =(J51-K51)/J51*100 -> #DIV/0! | Q51: =(G51)/(F51/60) -> #DIV/0!
H52: =(G52)*24/(F52/60)/17000*100 -> #DIV/0! | K52: =(G52)*0.066 -> 0 | L52: =J52-K52 -> 0 | P52: =(J52-K52)/J52*100 -> #DIV/0! | Q52: =(G52)/(F52/60) -> #DIV/0!
H53: =(G53)*24/(F53/60)/17000*100 -> #DIV/0! | K53: =(G53)*0.066 -> 0 | L53: =J53-K53 -> 0 | P53: =(J53-K53)/J53*100 -> #DIV/0! | Q53: =(G53)/(F53/60) -> #DIV/0!
H54: =(G54)*24/(F54/60)/17000*100 -> #DIV/0! | K54: =(G54)*0.066 -> 0 | L54: =J54-K54 -> 0 | P54: =(J54-K54)/J54*100 -> #DIV/0! | Q54: =(G54)/(F54/60) -> #DIV/0!
H55: =(G55)*24/(F55/60)/17000*100 -> #DIV/0! | K55: =(G55)*0.066 -> 0 | L55: =J55-K55 -> 0 | P55: =(J55-K55)/J55*100 -> #DIV/0! | Q55: =(G55)/(F55/60) -> #DIV/0!
H56: =(G56)*24/(F56/60)/17000*100 -> #DIV/0! | K56: =(G56)*0.066 -> 0 | L56: =J56-K56 -> 0 | P56: =(J56-K56)/J56*100 -> #DIV/0! | Q56: =(G56)/(F56/60) -> #DIV/0!
E57: =SUM(E8:E56) -> 26200 | F57: =SUM(F8:F56) -> 20497 | G57: =SUM(G8:G56) -> 126348 | H57: =(G57)*24/(F57/60)/17000*100 -> 52.214562 | I57: =SUM(I8:I56) -> 712.18 | J57: =SUM(J8:J56) -> 8559.2 | K57: =SUM(K8:K56) -> 8405.9008 | L57: =J57-K57 -> 153.2992 | M57: =SUM(M8:M56) -> 10622 | N57: =SUM(N8:N56) -> 828 | O57: =SUM(O8:O56) -> 160 | P57: =(J57-K57)/J57 -> 0.017910459 | Q57: =G57/(E57/60) -> 289.34656 | R57: =(January_2025!G65+February_2025!G63+March_2025!G62+'April_2025 '!G54+May_2025!G63+G57)/((January_2025!E65+February_2025!E63+March_2025!E62+'April_2025 '!E54+May_2025!E63+E57)/60) -> 270.7666
N58: KEGS
K59: Produced | L59: =G57+O59 -> 126788 | N59: TOTAL CASES | O59: =O57*2.75 -> 440 | P59: Case Per Hr- Old | Q59: 369.85315 | R59: 362.55261
N61: CARIB
N62: STAG
L63: =35*2.75 -> 96.25
G65: YTD CASES | H65: =January_2025!K68+February_2025!L65+March_2025!L64+'April_2025 '!L56+May_2025!M65+L59 -> 663165.75 | I65: =January_2025!G65+February_2025!G63+March_2025!G62+'April_2025 '!G54+May_2025!G63+G57 -> 661018
H66: With Kegs | I66: With out Kegs

Sheet July_2025
B1: GRENADA BREWERIES LIMITED
B3: PRODUCTION DEPARTMENT
B4: 45839
B5: DATE | C5: DAY | D5: PRODUCT | E5: AVAIL. | F5: FILL | G5: CASES | H5: Line Rated | I5: Cases on Hold | J5: BBT | K5: BOTTLED | L5: Diff BBT Hls vs Hls in Package | M5: DOWNTIME (Mins) | N5: REJECTS (Cases) | O5: KEGS | P5: BOTTLED | Q5: AVERAGE | R5: YTD
E6: TIME | F6: TIME | G6: BOTTLED | H6: Efficiency | J6: HLS | K6: HLS | P6: LOSS | Q6: CASE/HR | R6: Ave Case per hour
F7: Mins | H7: %
B8: 45839 | C8: 1 | D8: STAG LOCAL | E8: 1440 | F8: =[3]Jul!$N67 -> 1313 | G8: 3782 | H8: =(G8)*24/(F8/60)/17000*100 -> 24.398907 | J8: =73.9+81.4+27.1+97.7+71.5-92 -> 259.6 | K8: =(G8)*0.066 -> 249.612 | L8: =J8-K8 -> 9.988 | M8: =[3]Jul!$AD8 -> 889 | N8: =41+24+6 -> 71 | P8: =(J8-K8)/J8*100 -> 3.8474576 | Q8: =G8/(F8/60) -> 172.82559 | R8: =((J8+J9)-(K8+K9))/(J8+J9)*100 -> 3.5716724
B9: 45840 | C9: 2 | D9: STAG LOCAL | E9: 1440 | F9: =[3]Jul!$N68 -> 163 | G9: 1355 | H9: =(G9)*24/(F9/60)/17000*100 -> 70.415013 | J9: 92 | K9: =(G9)*0.066 -> 89.43 | L9: =J9-K9 -> 2.57 | M9: =[3]Jul!$AD9 -> 23 | N9: 8 | P9: =(J9-K9)/J9*100 -> 2.7934783 | Q9: =G9/(F9/60) -> 498.77301
B10: 45840 | C10: 2 | D10: CARIB AMBER | F10: =[3]Jul!$N69 -> 528 | G10: 3730 | H10: =(G10)*24/(F10/60)/17000*100 -> 59.839572 | J10: =SUM(99.2,99.5,95.1)-28-14 -> 251.8 | K10: =(G10)*0.066 -> 246.18 | L10: =J10-K10 -> 5.62 | M10: =[3]Jul!$AD10 -> 150 | N10: 2 | P10: =(J10-K10)/J10*100 -> 2.2319301 | Q10: =G10/(F10/60) -> 423.86364
B11: 45840 | C11: 2 | D11: SHANDY LIME (LOC) | F11: =[3]Jul!$N70 -> 160 | G11: 1399 | H11: =(G11)*24/(F11/60)/17000*100 -> 74.064706 | J11: 95.8 | K11: =(G11)*0.066 -> 92.334 | L11: =J11-K11 -> 3.466 | M11: =[3]Jul!$AD11 -> 150 | N11: =11 -> 11 | P11: =(J11-K11)/J11*100 -> 3.6179541 | Q11: =G11/(F11/60) -> 524.625
B12: 45840 | C12: 2 | D12: SHANDY GINGER (LOCAL) | F12: =[3]Jul!$N71 -> 294 | G12: 2033 | H12: =(G12)*24/(F12/60)/17000*100 -> 58.57383 | J12: =SUM(99,100.3)-62.4 -> 136.9 | K12: =(G12)*0.066 -> 134.178 | L12: =J12-K12 -> 2.722 | M12: =[3]Jul!$AD12 -> 118 | N12: =4 -> 4 | P12: =(J12-K12)/J12*100 -> 1.9883126 | Q12: =G12/(F12/60) -> 414.89796 | R12: =((J12+J13)-(K12+K13))/(J12+J13)*100 -> 2.771701
B13: 45841 | C13: 3 | D13: SHANDY GINGER (LOCAL) | E13: 1435 | F13: =[3]Jul!$N72 -> 133 | G13: 490 | H13: =(G13)*24/(F13/60)/17000*100 -> 31.20743 | J13: 62.4 | K13: =(G13+G14)*0.066 -> 59.598 | L13: =J13-K13 -> 2.802 | M13: =[3]Jul!$AD13 -> 35 | N13: =3 -> 3 | P13: =(J13-K13)/J13*100 -> 4.4903846 | Q13: =(G13+G14)/(F13/60) -> 407.36842
B14: 45841 | C14: 3 | D14: SHANDY GINGER EXPORT | G14: 413 | I14: 13 | N14: =5 -> 5
B15: 45841 | C15: 3 | D15: SHANDY SORREL EXPORT | F15: =[3]Jul!$N73 -> 298 | G15: 959 | H15: =(G15)*24/(F15/60)/17000*100 -> 27.259376 | I15: 3 | J15: =SUM(97.5,86.8,100) -> 284.3 | K15: =(G15+G16)*0.066 -> 279.972 | L15: =J15-K15 -> 4.328 | M15: =[3]Jul!$AD14 -> 150 | N15: =8+8 -> 16 | P15: =(J15-K15)/J15*100 -> 1.5223356 | Q15: =G15/(F15/60) -> 193.08725 | R15: =((J15+J16)-(K15+K16))/(J15+J16)*100 -> 1.5223356
B16: 45841 | C16: 3 | D16: SHANDY SORREL LOCAL | F16: =[3]Jul!$N74 -> 358 | G16: 3283 | H16: =(G16)*24/(F16/60)/17000*100 -> 77.678607 | M16: =[3]Jul!$AD15 -> 229 | Q16: =G16/(F16/60) -> 550.22346
B17: 45842 | C17: 4 | D17: CARIB AMBER | E17: 1230 | F17: =[3]Jul!$N75 -> 690 | G17: 5631 | H17: =(G17)*24/(F17/60)/17000*100 -> 69.127366 | I17: 18 | J17: =SUM(97.5,82.4,101,98.9) -> 379.8 | K17: =(G17)*0.066 -> 371.646 | L17: =J17-K17 -> 8.154 | M17: =[3]Jul!$AD16 -> 175 | N17: =22+24 -> 46 | P17: =(J17-K17)/J17*100 -> 2.1469194 | Q17: =G17/(F17/60) -> 489.65217
B18: 45842 | C18: 4 | D18: STAR MALT | F18: =[3]Jul!$N76 -> 330 | G18: 2312 | H18: =(G18)*24/(F18/60)/17000*100 -> 59.345455 | J18: =SUM(98.5,99.9)-41.8 -> 156.6 | K18: =(G18)*0.066 -> 152.592 | L18: =J18-K18 -> 4.008 | M18: =[3]Jul!$AD17 -> 204 | N18: 32 | P18: =(J18-K18)/J18*100 -> 2.559387 | Q18: =G18/(F18/60) -> 420.36364 | R18: =((J18+J19)-(K18+K19))/(J18+J19)*100 -> 2.4546353
B19: 45845 | C19: 5 | D19: STAR MALT | E19: 1373 | F19: =[3]Jul!$N77 -> 1112 | G19: 5165 | H19: =(G19)*24/(F19/60)/17000*100 -> 39.344054 | I19: 17 | J19: =SUM(41.8,100.5,104,103) -> 349.3 | K19: =(G19)*0.066 -> 340.89 | L19: =J19-K19 -> 8.41 | M19: =[3]Jul!$AD18 -> 755 | N19: =25+7+9 -> 41 | P19: =(J19-K19)/J19*100 -> 2.4076725 | Q19: =G19/(F19/60) -> 278.68705
B20: 45846 | C20: 6 | D20: HURRICANE REEF PILS EXPORT & LOCAL | E20: 1385 | F20: =[3]Jul!$N78 -> 295 | G20: 2924 | H20: =(G20)*24/(F20/60)/17000*100 -> 83.959322 | J20: =SUM(98.3,98) -> 196.3 | K20: =(G20)*0.066 -> 192.984 | L20: =J20-K20 -> 3.316 | M20: =[3]Jul!$AD19 -> 234 | N20: =5+2 -> 7 | P20: =(J20-K20)/J20*100 -> 1.6892511 | Q20: =G20/(F20/60) -> 594.71186
B21: 45846 | C21: 6 | D21: TING ORIGINAL | F21: =[3]Jul!$N79 -> 130 | G21: 977 | H21: =(G21)*24/(F21/60)/17000*100 -> 63.659729 | I21: 254 | J21: =K21*1.02 -> 65.77164 | K21: =(G21)*0.066 -> 64.482 | L21: =J21-K21 -> 1.28964 | M21: =[3]Jul!$AD20 -> 437 | N21: 8 | P21: =(J21-K21)/J21*100 -> 1.9607843 | Q21: =G21/(F21/60) -> 450.92308 | R21: =((J21+J22)-(K21+K22))/(J21+J22)*100 -> 1.9607843
B22: 45847 | C22: 7 | D22: TING ORIGINAL | E22: 1440 | F22: =[3]Jul!$N80 -> 321 | G22: 2629 | H22: =(G22)*24/(F22/60)/17000*100 -> 69.374382 | J22: =K22*1.02 -> 176.98428 | K22: =(G22)*0.066 -> 173.514 | L22: =J22-K22 -> 3.47028 | M22: =[3]Jul!$AD21 -> 210 | N22: =10+5 -> 15 | P22: =(J22-K22)/J22*100 -> 1.9607843 | Q22: =G22/(F22/60) -> 491.40187
B23: 45847 | C23: 7 | D23: PINK TING | F23: =[3]Jul!$N81 -> 362 | G23: 2476 | H23: =(G23)*24/(F23/60)/17000*100 -> 57.936952 | J23: =K23*1.02 -> 166.68432 | K23: =(G23)*0.066 -> 163.416 | L23: =J23-K23 -> 3.26832 | M23: =[3]Jul!$AD22 -> 552 | N23: =10+6 -> 16 | P23: =(J23-K23)/J23*100 -> 1.9607843 | Q23: =G23/(F23/60) -> 410.38674 | R23: =((J23+J24)-(K23+K24))/(J23+J24)*100 -> 1.9607843
B24: 45848 | C24: 8 | D24: PINK TING | E24: 1430 | F24: =[3]Jul!$N82 -> 163 | G24: 921 | H24: =(G24)*24/(F24/60)/17000*100 -> 47.861422 | I24: 117 | J24: =K24*1.02 -> 62.00172 | K24: =(G24)*0.066 -> 60.786 | L24: =J24-K24 -> 1.21572 | M24: =[3]Jul!$AD23 -> 39 | N24: 21 | P24: =(J24-K24)/J24*100 -> 1.9607843 | Q24: =G24/(F24/60) -> 339.0184
B25: 45848 | C25: 8 | D25: CARIB AMBER | F25: =[3]Jul!$N83 -> 393 | G25: 2808 | H25: =(G25)*24/(F25/60)/17000*100 -> 60.522676 | I25: 505 | J25: =SUM(98,90.5) -> 188.5 | K25: =(G25)*0.066 -> 185.328 | L25: =J25-K25 -> 3.172 | M25: =[3]Jul!$AD24 -> 156 | N25: =3+1 -> 4 | P25: =(J25-K25)/J25*100 -> 1.6827586 | Q25: =G25/(F25/60) -> 428.70229
B26: 45848 | C26: 8 | D26: STAG LOCAL | F26: =[3]Jul!$N84 -> 698 | G26: 4025 | H26: =(G26)*24/(F26/60)/17000*100 -> 48.845441 | J26: =SUM(99,94,90,87.4)-41.5-60 -> 268.9 | K26: =(G26)*0.066 -> 265.65 | L26: =J26-K26 -> 3.25 | M26: =[3]Jul!$AD25 -> 311 | N26: 10 | P26: =(J26-K26)/J26*100 -> 1.2086277 | Q26: =G26/(F26/60) -> 345.98854 | R26: =((J26+J27)-(K26+K27))/(J26+J27)*100 -> 1.3741901
B27: 45849 | C27: 9 | D27: STAG LOCAL | E27: 1250 | F27: =[3]Jul!$N85 -> 296 | G27: 1510 | H27: =(G27)*24/(F27/60)/17000*100 -> 43.211447 | J27: =SUM(41.5,60) -> 101.5 | K27: =(G27)*0.066 -> 99.66 | L27: =J27-K27 -> 1.84 | M27: =[3]Jul!$AD26 -> 137 | N27: 13 | P27: =(J27-K27)/J27*100 -> 1.8128079 | Q27: =G27/(F27/60) -> 306.08108
B28: 45849 | C28: 9 | D28: CARIB AMBER | F28: =[3]Jul!$N86 -> 337 | G28: 2792 | H28: =(G28)*24/(F28/60)/17000*100 -> 70.177692 | I28: 6 | J28: =SUM(100.8,95.5)-7.5 -> 188.8 | K28: =(G28)*0.066 -> 184.272 | L28: =J28-K28 -> 4.528 | M28: =[3]Jul!$AD27 -> 576 | N28: =4+10 -> 14 | P28: =(J28-K28)/J28*100 -> 2.3983051 | Q28: =G28/(F28/60) -> 497.09199 | R28: =((J30+J28+J31+J29)-(K30+K28+K31+K29))/(J30+J28+J31+J29)*100 -> 2.2109203
B29: 45852 | C29: 10 | D29: CARIB AMBER | E29: 1380 | F29: =[3]Jul!$N87 -> 792 | G29: 6093 | H29: =(G29)*24/(F29/60)/17000*100 -> 65.165775 | J29: =SUM(7.5,99.4,97.8,95,99.8,76.9)-66.5 -> 409.9 | K29: =(G29)*0.066 -> 402.138 | L29: =J29-K29 -> 7.762 | M29: =[3]Jul!$AD28 -> 711 | N29: =4+7 -> 11 | P29: =(J29-K29)/J29*100 -> 1.8936326 | Q29: =G29/(F29/60) -> 461.59091
B30: 45853 | C30: 11 | D30: CARIB AMBER | E30: 1440 | F30: =[3]Jul!$N88 -> 1379 | G30: 9610 | H30: =(G30)*24/(F30/60)/17000*100 -> 59.029988 | I30: 5 | J30: =SUM(66.5,98.8,98,98.7,91.8,96.7,98.4,71,102)-66.8-48-58 -> 649.1 | K30: =(G30)*0.066 -> 634.26 | L30: =J30-K30 -> 14.84 | M30: =[3]Jul!$AD29 -> 342 | N30: =8+4 -> 12 | P30: =(J30-K30)/J30*100 -> 2.2862425 | Q30: =G30/(F30/60) -> 418.12908
B31: 45854 | C31: 12 | D31: CARIB AMBER | E31: 1440 | F31: =[3]Jul!$N89 -> 174 | G31: 1694 | H31: =(G31)*24/(F31/60)/17000*100 -> 82.466531 | I31: 473 | J31: =66.8+48 -> 114.8 | K31: =(G31)*0.066 -> 111.804 | L31: =J31-K31 -> 2.996 | M31: =[3]Jul!$AD30 -> 49 | N31: 7 | P31: =(J31-K31)/J31*100 -> 2.6097561 | Q31: =G31/(F31/60) -> 584.13793
B32: 45854 | C32: 12 | D32: STAG LOCAL | F32: =[3]Jul!$N90 -> 390 | G32: 2834 | H32: =(G32)*24/(F32/60)/17000*100 -> 61.552941 | J32: =SUM(94.7,95.5) -> 190.2 | K32: =(G32)*0.066 -> 187.044 | L32: =J32-K32 -> 3.156 | M32: =[3]Jul!$AD31 -> 118 | N32: =4+2 -> 6 | P32: =(J32-K32)/J32*100 -> 1.659306 | Q32: =G32/(F32/60) -> 436
B33: 45854 | C33: 12 | D33: Vita Malt ( Classic ) | F33: =[3]Jul!$N91 -> 573 | G33: 3730 | H33: =(G33)*24/(F33/60)/17000*100 -> 55.140129 | I33: 12 | J33: =SUM(98.3,97.5,96)-23.4 -> 268.4 | K33: =(G33)*0.0708 -> 264.084 | L33: =J33-K33 -> 4.316 | M33: =[3]Jul!$AD32 -> 298 | N33: =29+3 -> 32 | P33: =(J33-K33)/J33*100 -> 1.6080477 | Q33: =G33/(F33/60) -> 390.57592 | R33: =((J33+J34)-(K33+K34))/(J33+J34)*100 -> 1.6377378
B34: 45855 | C34: 13 | D34: Vita Malt ( Classic ) | E34: 1440 | F34: =[3]Jul!$N92 -> 222 | G34: 1748 | H34: =(G34)*24/(F34/60)/17000*100 -> 66.696343 | J34: =SUM(23.4,102.5) -> 125.9 | K34: =(G34)*0.0708 -> 123.7584 | L34: =J34-K34 -> 2.1416 | M34: =[3]Jul!$AD33 -> 143 | N34: 15 | P34: =(J34-K34)/J34*100 -> 1.7010326 | Q34: =G34/(F34/60) -> 472.43243
B35: 45855 | C35: 13 | D35: GUINNESS | F35: =[3]Jul!$N93 -> 887 | G35: 4523 | H35: =(G35)*24/(F35/60)/17000*100 -> 43.193315 | J35: =SUM(83.7,95.5,95.2,98.8,4)-78.3 -> 298.9 | K35: =(G35)*0.066 -> 298.518 | L35: =J35-K35 -> 0.382 | M35: =[3]Jul!$AD34 -> 379 | N35: =33+15 -> 48 | P35: =(J35-K35)/J35*100 -> 0.12780194 | Q35: =G35/(F35/60) -> 305.95265 | R35: =((J35+J36)-(K35+K36))/(J35+J36)*100 -> 0.10763521
B36: 45856 | C36: 14 | D36: GUINNESS | E36: 1260 | F36: =[3]Jul!$N94 -> 200 | G36: 1186 | H36: =(G36)*24/(F36/60)/17000*100 -> 50.230588 | J36: 78.3 | K36: =(G36)*0.066 -> 78.276 | L36: =J36-K36 -> 0.024 | M36: =[3]Jul!$AD35 -> 53 | N36: 44 | P36: =(J36-K36)/J36*100 -> 0.030651341 | Q36: =G36/(F36/60) -> 355.8
B37: 45856 | C37: 14 | D37: GINSENG ORIGINAL | F37: =[3]Jul!$N95 -> 325 | G37: 1466 | H37: =(G37)*24/(F37/60)/17000*100 -> 38.208869 | I37: =4+70 -> 74 | J37: 101.7 | K37: =(G37)*0.066 -> 96.756 | L37: =J37-K37 -> 4.944 | M37: =[3]Jul!$AD36 -> 218 | N37: =15+3 -> 18 | P37: =(J37-K37)/J37*100 -> 4.8613569 | Q37: =G37/(F37/60) -> 270.64615
B38: 45856 | C38: 14 | D38: GINSENG APPLE | F38: =[3]Jul!$N96 -> 440 | G38: 2066 | H38: =(G38)*24/(F38/60)/17000*100 -> 39.773262 | J38: =SUM(80.8,99.2,74)-52.2-62 -> 139.8 | K38: =(G38)*0.066 -> 136.356 | L38: =J38-K38 -> 3.444 | M38: =[3]Jul!$AD37 -> 191 | N38: 12 | P38: =(J38-K38)/J38*100 -> 2.4635193 | Q38: =G38/(F38/60) -> 281.72727 | R38: =((J38+J39)-(K38+K39))/(J38+J39)*100 -> 2.0913386
B39: 45859 | C39: 15 | D39: GINSENG APPLE | E39: 1380 | F39: =[3]Jul!$N97 -> 361 | G39: 1702 | H39: =(G39)*24/(F39/60)/17000*100 -> 39.936125 | I39: 12 | J39: =SUM(52.2,62) -> 114.2 | K39: =(G39)*0.066 -> 112.332 | L39: =J39-K39 -> 1.868 | M39: =[3]Jul!$AD38 -> 181 | N39: 3 | P39: =(J39-K39)/J39*100 -> 1.6357268 | Q39: =G39/(F39/60) -> 282.88089
B40: 45859 | C40: 15 | D40: CARIB AMBER | F40: =[3]Jul!$N98 -> 520 | G40: 2911 | H40: =(G40)*24/(F40/60)/17000*100 -> 47.419005 | I40: 221 | J40: =SUM(100,90.9,98.6)-92.8 -> 196.7 | K40: =(G40)*0.066 -> 192.126 | L40: =J40-K40 -> 4.574 | M40: =[3]Jul!$AD39 -> 588 | N40: 2 | P40: =(J40-K40)/J40*100 -> 2.3253686 | Q40: =G40/(F40/60) -> 335.88462 | R40: =((J40+J41)-(K40+K41))/(J40+J41)*100 -> 1.6242274
B41: 45860 | C41: 16 | D41: CARIB AMBER | E41: 1398 | F41: =[3]Jul!$N99 -> 1393 | G41: 11421 | H41: =(G41)*24/(F41/60)/17000*100 -> 69.449094 | J41: =SUM(92.8,90,99,100.4,100.3,99.6,93,99) -> 774.1 | K41: =(G41)*0.066+ (48*0.19) -> 762.906 | L41: =J41-K41 -> 11.194 | M41: =[3]Jul!$AD40 -> 225 | N41: =8+12+3 -> 23 | O41: 48 | P41: =(J41-K41)/J41*100 -> 1.4460664 | Q41: =G41/(F41/60) -> 491.93108
B42: 45861 | C42: 17 | D42: HURRICANE REEF APA | E42: 1440 | F42: =[3]Jul!$N100 -> 193 | G42: 1380 | H42: =(G42)*24/(F42/60)/17000*100 -> 60.5669 | I42: 11 | J42: 92.9 | K42: =(G42)*0.066 -> 91.08 | L42: =J42-K42 -> 1.82 | M42: =[3]Jul!$AD41 -> 199 | N42: 8 | P42: =(J42-K42)/J42*100 -> 1.9590958 | Q42: =G42/(F42/60) -> 429.01554
B43: 45861 | C43: 17 | D43: HURRICANE REEF IPA | F43: =[3]Jul!$N101 -> 165 | G43: 1359 | H43: =(G43)*24/(F43/60)/17000*100 -> 69.766845 | I43: 7 | J43: 92.5 | K43: =(G43)*0.066 -> 89.694 | L43: =J43-K43 -> 2.806 | M43: =[3]Jul!$AD42 -> 33 | N43: 2 | P43: =(J43-K43)/J43*100 -> 3.0335135 | Q43: =G43/(F43/60) -> 494.18182
B44: 45861 | C44: 17 | D44: STAG LOCAL | F44: =[3]Jul!$N102 -> 746 | G44: 4563 | H44: =(G44)*24/(F44/60)/17000*100 -> 51.811386 | I44: 11 | J44: =SUM(82.8,99.9,99.9,100)-60 -> 322.6 | K44: =(G44)*0.066+ (72*0.19) -> 314.838 | L44: =J44-K44 -> 7.762 | M44: =[3]Jul!$AD43 -> 352 | N44: =3+2 -> 5 | O44: 72 | P44: =(J44-K44)/J44*100 -> 2.4060756 | Q44: =G44/(F44/60) -> 366.99732 | R44: =((J44+J45)-(K44+K45))/(J44+J45)*100 -> 1.2601382
B45: 45862 | C45: 18 | D45: STAG LOCAL | E45: 1432 | F45: =[3]Jul!$N103 -> 965 | G45: 6703 | H45: =(G45)*24/(F45/60)/17000*100 -> 58.837671 | J45: =SUM(60,96.2,100.2,91,96.9) -> 444.3 | K45: =(G45)*0.066 -> 442.398 | L45: =J45-K45 -> 1.902 | M45: =[3]Jul!$AD44 -> 226 | N45: =1+10+15 -> 26 | P45: =(J45-K45)/J45*100 -> 0.42808913 | Q45: =G45/(F45/60) -> 416.76684
B46: 45862 | C46: 18 | D46: CARIB AMBER | F46: =[3]Jul!$N104 -> 410 | G46: 3297 | H46: =(G46)*24/(F46/60)/17000*100 -> 68.115925 | J46: =SUM(94.6,93,95.8,97.2)-59.6-92.5 -> 228.5 | K46: =(G46)*0.066+(24*0.19) -> 222.162 | L46: =J46-K46 -> 6.338 | M46: =[3]Jul!$AD45 -> 76 | N46: 15 | O46: 24 | P46: =(J46-K46)/J46*100 -> 2.7737418 | Q46: =G46/(F46/60) -> 482.4878 | R46: =((J46+J47)-(K46+K47))/(J46+J47)*100 -> 2.1131279
B47: 45863 | C47: 19 | D47: CARIB AMBER | E47: 1253 | F47: =[3]Jul!$N105 -> 438 | G47: 3661 | H47: =(G47)*24/(F47/60)/17000*100 -> 70.800967 | J47: =SUM(59.6,92.5,93.2) -> 245.3 | K47: =(G47)*0.066 -> 241.626 | L47: =J47-K47 -> 3.674 | M47: =[3]Jul!$AD46 -> 108 | N47: =4+14 -> 18 | P47: =(J47-K47)/J47*100 -> 1.4977578 | Q47: =G47/(F47/60) -> 501.50685
B48: 45863 | C48: 19 | D48: STAG LOCAL | F48: =[3]Jul!$N106 -> 428 | G48: 4703 | H48: =(G48)*24/(F48/60)/17000*100 -> 93.077515 | I48: 1 | J48: =SUM(91.8,96.3,100.8,99.2)-72.2 -> 315.9 | K48: =(G48)*0.066 -> 310.398 | L48: =J48-K48 -> 5.502 | M48: =[3]Jul!$AD47 -> 210 | N48: 5 | P48: =(J48-K48)/J48*100 -> 1.7416904 | Q48: =G48/(F48/60) -> 659.29907
B49: 45866 | C49: 20 | D49: STAG LOCAL | E49: 1380 | F49: =[3]Jul!$N107 -> 584 | G49: 2744 | H49: =(G49)*24/(F49/60)/17000*100 -> 39.800161 | J49: =SUM(98,91,72.2)-75.2 -> 186 | K49: =(G49)*0.066 -> 181.104 | L49: =J49-K49 -> 4.896 | M49: =[3]Jul!$AD48 -> 2032 | N49: =6+8 -> 14 | P49: =(J49-K49)/J49*100 -> 2.6322581 | Q49: =G49/(F49/60) -> 281.91781
B50: 45867 | D50: Breakdown( Washer) | M50: =[3]Jul!$AD49 -> 1440
B51: 45868 | M51: =[3]Jul!$AD50 -> 1440
B52: 45869 | C52: 21 | D52: STAR MALT | E52: 1310 | F52: =[3]Jul!$N108 -> 330 | G52: 2039 | H52: =(G52)*24/(F52/60)/17000*100 -> 52.337968 | J52: =SUM(98.8,101.7)-62 -> 138.5 | K52: =(G52)*0.066 -> 134.574 | L52: =J52-K52 -> 3.926 | M52: =[3]Jul!$AD51 -> 178 | N52: 9 | P52: =(J52-K52)/J52*100 -> 2.834657 | Q52: =G52/(F52/60) -> 370.72727
H53: =(G53)*24/(F53/60)/17000*100 -> #DIV/0! | K53: =(G53)*0.066 -> 0 | L53: =J53-K53 -> 0 | M53: =[3]Jul!$AD52 -> 0 | P53: =(J53-K53)/J53*100 -> #DIV/0! | Q53: =G53/(F53/60) -> #DIV/0!
K54: =(G54)*0.066 -> 0 | L54: =J54-K54 -> 0 | M54: =[3]Jul!$AD53 -> 0 | P54: =(J54-K54)/J54*100 -> #DIV/0! | Q54: =G54/(F54/60) -> #DIV/0!
E55: =SUM(E8:E54) -> 28976 | F55: =SUM(F8:F54) -> 20289 | G55: =SUM(G8:G54) -> 133047 | H55: =(G55)*24/(F55/60)/17000*100 -> 55.546668 | I55: =SUM(I8:I34) -> 1423 | J55: =SUM(J8:J54) -> 9012.442 | K55: =SUM(K8:K54) -> 8834.7564 | L55: =J55-K55 -> 177.68556 | M55: =SUM(M8:M54) -> 15320 | O55: =SUM(O8:O54) -> 144 | P55: =(J55-K55)/J55 -> 0.019715584 | Q55: =G55/(E55/60) -> 275.49765 | R55: =(January_2025!G65+February_2025!G63+March_2025!G62+'April_2025 '!G54+May_2025!G63+June_2025!G57+July_2025!G55)/((January_2025!E65+February_2025!E63+March_2025!E62+'April_2025 '!E54+May_2025!E63+June_2025!E57+E55)/60) -> 271.54794
N56: KEGS
K57: Produced | L57: =G55+(O55*2.75) -> 133443 | N57: TOTAL CASES | O57: =O55*2.75 -> 396 | P57: Case Per Hr- Old | Q57: 393.45557 | R57: 367.3874
N60: STAG | O60: =O10+O27+O36+O44 -> 72
G61: YTD CASES | H61: =June_2025!H65+L57 -> 796608.75 | I61: =June_2025!I65+G55 -> 794065 | N61: Smalt | O61: =O39 -> 0
H62: With Kegs | I62: With out Kegs | N62: CARIB | O62: =O9+O19+O25 -> 0
O63: =SUM(O60:O62) -> 72

Sheet August_2025
B1: GRENADA BREWERIES LIMITED
B3: PRODUCTION DEPARTMENT
B4: 45870
B5: DATE | C5: DAY | D5: PRODUCT | E5: AVAIL. | F5: FILL | G5: CASES | H5: Line Rated | I5: Cases on Hold | J5: BBT | K5: BOTTLED | L5: Diff BBT Hls vs Hls in Package | M5: DOWNTIME (Mins) | N5: REJECTS (Cases) | O5: KEGS | P5: BOTTLED | Q5: AVERAGE | R5: YTD
E6: TIME | F6: TIME | G6: BOTTLED | H6: Efficiency | J6: HLS | K6: HLS | P6: LOSS | Q6: CASE/HR | R6: Ave Case per hour
F7: Mins | H7: %
B8: 45873 | C8: 1 | D8: STAR MALT | E8: 1380 | F8: =[3]Aug!$N75 -> 844 | G8: 3730 | H8: =(G8)*24/(F8/60)/17000*100 -> 37.435183 | I8: 609 | J8: =SUM(97.6,62,94.9) -> 254.5 | K8: =(G8)*0.066 -> 246.18 | L8: =J8-K8 -> 8.32 | M8: =[3]Aug!$AD8 -> 464 | N8: =2+1+8 -> 11 | P8: =(J8-K8)/J8*100 -> 3.2691552 | Q8: =G8/(F8/60) -> 265.16588
B9: 45873 | C9: 1 | D9: CARIB AMBER | F9: =[3]Aug!$N76 -> 420 | G9: 3514 | H9: =(G9)*24/(F9/60)/17000*100 -> 70.870588 | I9: 14 | J9: =SUM(95.5,99.7,100.3,94.2)-74.3-60 -> 255.4 | K9: =(G9)*0.066+ (110*0.19) -> 252.824 | L9: =J9-K9 -> 2.576 | M9: =[3]Aug!$AD9 -> 107 | N9: 4 | O9: 110 | P9: =(J9-K9)/J9*100 -> 1.0086139 | Q9: =G9/(F9/60) -> 502 | R9: =((J10+J9)-(K10+K9))/(J10+J9)*100 -> 1.6229167
B10: 45874 | C10: 2 | D10: CARIB AMBER | E10: 1411 | F10: =[3]Aug!$N77 -> 1243 | G10: 10306 | H10: =(G10)*24/(F10/60)/17000*100 -> 70.231603 | J10: =SUM(60,74.3,101,93.2,90.4,94.4,99.6,91.7) -> 704.6 | K10: =(G10)*0.066+(60*0.19) -> 691.596 | L10: =J10-K10 -> 13.004 | M10: =[3]Aug!$AD10 -> 329 | N10: =7+3+5 -> 15 | O10: 60 | P10: =(J10-K10)/J10*100 -> 1.8455861 | Q10: =G10/(F10/60) -> 497.47385
B11: 45875 | C11: 3 | D11: STAG | E11: 1434 | F11: =[3]Aug!$N78 -> 163 | G11: 1121 | H11: =(G11)*24/(F11/60)/17000*100 -> 58.254782 | I11: 221 | J11: =SUM(75.2) -> 75.2 | K11: =(G11)*0.066 -> 73.986 | L11: =J11-K11 -> 1.214 | M11: =[3]Aug!$AD11 -> 76 | N11: 4 | P11: =(J11-K11)/J11*100 -> 1.6143617 | Q11: =G11/(F11/60) -> 412.63804
B12: 45875 | C12: 3 | D12: GUINNESS | F12: =[3]Aug!$N79 -> 512 | G12: 5820 | H12: =(G12)*24/(F12/60)/17000*100 -> 96.286765 | J12: =SUM(95,100.8,100.3,88.3) -> 384.4 | K12: =(G12)*0.066 -> 384.12 | L12: =J12-K12 -> 0.28 | M12: =[3]Aug!$AD12 -> 582 | N12: =14+7+4 -> 25 | P12: =(J12-K12)/J12*100 -> 0.072840791 | Q12: =G12/(F12/60) -> 682.03125
B13: 45876 | C13: 4 | D13: VITA MALT | E13: 1440 | F13: =[3]Aug!$N80 -> 368 | G13: 2631 | H13: =(G13)*24/(F13/60)/17000*100 -> 60.560102 | J13: =SUM(98.1,89.8) -> 187.9 | K13: =(G13)*0.0708 -> 186.2748 | L13: =J13-K13 -> 1.6252 | M13: =[3]Aug!$AD13 -> 198 | N13: 30 | P13: =(J13-K13)/J13*100 -> 0.86492815 | Q13: =G13/(F13/60) -> 428.96739
B14: 45876 | C14: 4 | D14: CARIB AMBER | F14: =[3]Aug!$N81 -> 758 | G14: 5878 | H14: =(G14)*24/(F14/60)/17000*100 -> 65.686171 | J14: =SUM(100,98,99,96,90.7)-87.1 -> 396.6 | K14: =(G14)*0.066 -> 387.948 | L14: =J14-K14 -> 8.652 | M14: =[3]Aug!$AD14 -> 284 | N14: 4 | P14: =(J14-K14)/J14*100 -> 2.1815431 | Q14: =G14/(F14/60) -> 465.27704 | R14: =((J15+J14)-(K15+K14))/(J15+J14)*100 -> 1.7639945
B15: 45877 | C15: 5 | D15: CARIB AMBER | E15: 1254 | F15: =[3]Aug!$N82 -> 321 | G15: 2737 | H15: =(G15)*24/(F15/60)/17000*100 -> 72.224299 | I15: 620 | J15: =SUM(87.1,95.1) -> 182.2 | K15: =(G15)*0.066 -> 180.642 | L15: =J15-K15 -> 1.558 | M15: =[3]Aug!$AD15 -> 61 | N15: 4 | P15: =(J15-K15)/J15*100 -> 0.85510428 | Q15: =G15/(F15/60) -> 511.58879
B16: 45877 | C16: 5 | D16: STAG | F16: =[3]Aug!$N83 -> 696 | G16: 5643 | H16: =(G16)*24/(F16/60)/17000*100 -> 68.677485 | J16: =SUM(86,95,104,92.8) -> 377.8 | K16: =(G16)*0.066 -> 372.438 | L16: =J16-K16 -> 5.362 | M16: =[3]Aug!$AD16 -> 249 | N16: =10+2 -> 12 | P16: =(J16-K16)/J16*100 -> 1.4192695 | Q16: =G16/(F16/60) -> 486.46552
B17: 45882 | C17: 6 | D17: MACKESON | E17: 1440 | F17: =[3]Aug!$N84 -> 410 | G17: 2825 | H17: =(G17)*24/(F17/60)/17000*100 -> 58.364419 | J17: =SUM(94,95.3) -> 189.3 | K17: =(G17)*0.066 -> 186.45 | L17: =J17-K17 -> 2.85 | M17: =[3]Aug!$AD17 -> 716 | N17: =4+26 -> 30 | P17: =(J17-K17)/J17*100 -> 1.5055468 | Q17: =G17/(F17/60) -> 413.41463
B18: 45882 | C18: 6 | D18: CARIB AMBER | F18: =[3]Aug!$N85 -> 363 | G18: 1620 | H18: =(G18)*24/(F18/60)/17000*100 -> 37.802625 | J18: =SUM(99.7,105.5)-26-68.9 -> 110.3 | K18: =(G18)*0.066 -> 106.92 | L18: =J18-K18 -> 3.38 | M18: =[3]Aug!$AD18 -> 282 | N18: 5 | P18: =(J18-K18)/J18*100 -> 3.0643699 | Q18: =G18/(F18/60) -> 267.7686 | R18: =((J19+J18)-(K19+K18))/(J19+J18)*100 -> 3.1254858 | V18: ex
B19: 45883 | C19: 7 | D19: CARIB AMBER | E19: 1434 | F19: =[3]Aug!$N86 -> 933 | G19: 3667 | H19: =(G19)*24/(F19/60)/17000*100 -> 33.292226 | J19: =SUM(26,68.9,91,92)-28 -> 249.9 | K19: =(G19)*0.066 -> 242.022 | L19: =J19-K19 -> 7.878 | M19: =[3]Aug!$AD19 -> 563 | N19: =12+14 -> 26 | P19: =(J19-K19)/J19*100 -> 3.152461 | Q19: =G19/(F19/60) -> 235.81994 | V19: no shields
B20: 45883 | C20: 7 | D20: STAG | F20: =[3]Aug!$N87 -> 405 | G20: 3290 | H20: =(G20)*24/(F20/60)/17000*100 -> 68.810458 | J20: =SUM(94,93.1,83.6,100.3)-87.5-63.8 -> 219.7 | K20: =(G20)*0.066 -> 217.14 | L20: =J20-K20 -> 2.56 | M20: =[3]Aug!$AD20 -> 75 | N20: 3 | P20: =(J20-K20)/J20*100 -> 1.1652253 | Q20: =G20/(F20/60) -> 487.40741 | R20: =((J21+J20)-(K21+K20))/(J21+J20)*100 -> 1.0830935
B21: 45884 | C21: 8 | D21: STAG | E21: 1254 | F21: =[3]Aug!$N88 -> 626 | G21: 5043 | H21: =(G21)*24/(F21/60)/17000*100 -> 68.238301 | J21: =SUM(87.5,63.8,87,98) -> 336.3 | K21: =(G21)*0.066 -> 332.838 | L21: =J21-K21 -> 3.462 | M21: =[3]Aug!$AD21 -> 121 | N21: =8+3 -> 11 | P21: =(J21-K21)/J21*100 -> 1.029438 | Q21: =G21/(F21/60) -> 483.35463
B22: 45884 | C22: 8 | D22: CARIB AMBER | F22: =[3]Aug!$N89 -> 461 | G22: 3790 | H22: =(G22)*24/(F22/60)/17000*100 -> 69.638892 | J22: =SUM(94.7,94,93.5,99.8)-45.7-68.2-13 -> 255.1 | K22: =(G22)*0.066 -> 250.14 | L22: =J22-K22 -> 4.96 | M22: =[3]Aug!$AD22 -> 79 | N22: 4 | P22: =(J22-K22)/J22*100 -> 1.9443356 | Q22: =G22/(F22/60) -> 493.27549 | R22: =((J23+J22)-(K23+K22))/(J23+J22)*100 -> 2.2162602
B23: 45887 | C23: 9 | D23: CARIB AMBER | E23: 1380 | F23: =[3]Aug!$N90 -> 190 | G23: 1677 | H23: =(G23)*24/(F23/60)/17000*100 -> 74.764087 | J23: =SUM(45.7,68.2) -> 113.9 | K23: =(G23)*0.066 -> 110.682 | L23: =J23-K23 -> 3.218 | M23: =[3]Aug!$AD23 -> 50 | N23: 20 | P23: =(J23-K23)/J23*100 -> 2.8252853 | Q23: =G23/(F23/60) -> 529.57895
B24: 45887 | C24: 9 | D24: SHANDY GINGER LOCAL | F24: =[3]Aug!$N91 -> 153 | G24: 949 | H24: =(G24)*24/(F24/60)/17000*100 -> 52.539792 | J24: 100.5 | K24: =(G24+G25)*0.066 -> 95.304 | L24: =J24-K24 -> 5.196 | M24: =[3]Aug!$AD24 -> 34 | N24: =3+11 -> 14 | P24: =(J24-K24)/J24*100 -> 5.1701493 | Q24: =G24/(F24/60) -> 372.15686
B25: 45887 | C25: 9 | D25: SHANDY GINGER EXPORT | F25: =[3]Aug!$N92 -> 155 | G25: 495 | H25: =(G25)*24/(F25/60)/17000*100 -> 27.051233 | M25: =[3]Aug!$AD25 -> 72 | Q25: =G25/(F25/60) -> 191.6129
B26: 45887 | C26: 9 | D26: SHANDY SORREL EXPORT | F26: =[3]Aug!$N93 -> 94 | G26: 214 | H26: =(G26)*24/(F26/60)/17000*100 -> 19.284105 | J26: =SUM(85.2,82.1) -> 167.3 | K26: =(G26+G27)*0.066 -> 163.548 | L26: =J26-K26 -> 3.752 | M26: =[3]Aug!$AD26 -> 115 | N26: =1+4 -> 5 | P26: =(J26-K26)/J26*100 -> 2.2426778 | Q26: =G26/(F26/60) -> 136.59574
B27: 45887 | C27: 9 | D27: SHANDY SORREL LOCAL | F27: =[3]Aug!$N94 -> 396 | G27: 2264 | H27: =(G27)*24/(F27/60)/17000*100 -> 48.427807 | I27: 2075 | L27: =J27-K27 -> 0 | M27: =[3]Aug!$AD27 -> 150 | Q27: =G27/(F27/60) -> 343.0303
B28: 45888 | C28: 10 | D28: CARIBE PEARSECCO | E28: 1440 | F28: =[3]Aug!$N95 -> 787 | G28: 2008 | H28: =(G28)*24/(F28/60)/17000*100 -> 21.612378 | I28: 1 | J28: =SUM(70,70) -> 140 | K28: =(G28)*0.066 -> 132.528 | L28: =J28-K28 -> 7.472 | M28: =[3]Aug!$AD28 -> 821 | N28: =11+9 -> 20 | P28: =(J28-K28)/J28*100 -> 5.3371429 | Q28: =G28/(F28/60) -> 153.08767
B29: 45888 | C29: 10 | D29: CARIBE ROSE LOCAL | F29: =[3]Aug!$N96 -> 246 | G29: 1095 | H29: =(G29)*24/(F29/60)/17000*100 -> 37.704448 | I29: 1 | J29: =SUM(71.7,66)-62.5 -> 75.2 | K29: =(G29)*0.066 -> 72.27 | L29: =J29-K29 -> 2.93 | M29: =[3]Aug!$AD29 -> 158 | N29: 4 | P29: =(J29-K29)/J29*100 -> 3.8962766 | Q29: =G29/(F29/60) -> 267.07317 | R29: =((J30+J29)-(K30+K29))/(J30+J29)*100 -> 3.6601307
B30: 45889 | C30: 11 | D30: CARIBE ROSE LOCAL | E30: 1431 | F30: =[3]Aug!$N97 -> 169 | G30: 915 | H30: =(G30)*24/(F30/60)/17000*100 -> 45.861469 | J30: 62.5 | K30: =(G30)*0.066 -> 60.39 | L30: =J30-K30 -> 2.11 | M30: =[3]Aug!$AD30 -> 64 | N30: 13 | P30: =(J30-K30)/J30*100 -> 3.376 | Q30: =G30/(F30/60) -> 324.85207
B31: 45889 | C31: 11 | D31: VITA MALT (CLASSIC) | F31: =[3]Aug!$N98 -> 901 | G31: 6788 | H31: =(G31)*24/(F31/60)/17000*100 -> 63.816152 | J31: =SUM(99.5,100,98.2,88.2,99.6) -> 485.5 | K31: =(G31)*0.0708 -> 480.5904 | L31: =J31-K31 -> 4.9096 | M31: =[3]Aug!$AD31 -> 317 | N31: =3+18+3 -> 24 | P31: =(J31-K31)/J31*100 -> 1.0112461 | Q31: =G31/(F31/60) -> 452.03108
B32: 45889 | C32: 11 | D32: CARIB | F32: =[3]Aug!$N99 -> 0 | G32: 0 | H32: =(G32)*24/(F32/60)/17000*100 -> #DIV/0! | K32: =(G32)*0.066 -> 0 | L32: =J32-K32 -> 0 | M32: =[3]Aug!$AD32 -> 109 | P32: =(J32-K32)/J32*100 -> #DIV/0! | Q32: =G32/(F32/60) -> #DIV/0!
B33: 45890 | C33: 12 | D33: CARIB | E33: 1440 | F33: =[3]Aug!$N100 -> 825 | G33: 6276 | H33: =(G33)*24/(F33/60)/17000*100 -> 64.438075 | J33: =SUM(99.2,102,107.4,101.1,14) -> 423.7 | K33: =(G33)*0.066 -> 414.216 | L33: =J33-K33 -> 9.484 | M33: =[3]Aug!$AD33 -> 291 | N33: =8+12 -> 20 | P33: =(J33-K33)/J33*100 -> 2.2383762 | Q33: =G33/(F33/60) -> 456.43636
B34: 45890 | C34: 12 | D34: STAG | F34: =[3]Aug!$N101 -> 363 | G34: 2959 | H34: =(G34)*24/(F34/60)/17000*100 -> 69.048128 | J34: =SUM(99,95.8,101.8,85.7)-89-93 -> 200.3 | K34: =(G34)*0.066 -> 195.294 | L34: =J34-K34 -> 5.006 | M34: =[3]Aug!$AD34 -> 129 | N34: 4 | P34: =(J34-K34)/J34*100 -> 2.4992511 | Q34: =G34/(F34/60) -> 489.09091 | R34: =((J35+J34)-(K35+K34))/(J35+J34)*100 -> 2.4070102
B35: 45891 | C35: 13 | D35: STAG | E35: 1440 | F35: =[3]Aug!$N102 -> 398 | G35: 2694 | H35: =(G35)*24/(F35/60)/17000*100 -> 57.336092 | J35: =SUM(89,93) -> 182 | K35: =(G35)*0.066 -> 177.804 | L35: =J35-K35 -> 4.196 | M35: =[3]Aug!$AD35 -> 126 | N35: =10+2 -> 12 | P35: =(J35-K35)/J35*100 -> 2.3054945 | Q35: =G35/(F35/60) -> 406.13065
B36: 45891 | C36: 13 | D36: CARIB AMBER | F36: =[3]Aug!$N103 -> 121 | G36: 617 | H36: =(G36)*24/(F36/60)/17000*100 -> 43.193 | J36: =SUM(96.2,96.5)-73.5-77.9 -> 41.3 | K36: =(G36)*0.066 -> 40.722 | L36: =J36-K36 -> 0.578 | M36: =[3]Aug!$AD36 -> 778 | N36: 1 | P36: =(J36-K36)/J36*100 -> 1.3995157 | Q36: =G36/(F36/60) -> 305.95041
B37: 45894 | D37: WASHER BREAKDOWN | F37: =[3]Aug!$N104 -> 0 | H37: =(G37)*24/(F37/60)/17000*100 -> #DIV/0! | K37: =(G37)*0.066 -> 0 | L37: =J37-K37 -> 0 | M37: =[3]Aug!$AD37 -> 1380 | P37: =(J37-K37)/J37*100 -> #DIV/0! | Q37: =G37/(F37/60) -> #DIV/0!
B38: 45895 | D38: WASHER BREAKDOWN | F38: =[3]Aug!$N105 -> 0 | H38: =(G38)*24/(F38/60)/17000*100 -> #DIV/0! | K38: =(G38)*0.066 -> 0 | L38: =J38-K38 -> 0 | M38: =[3]Aug!$AD38 -> 1440 | P38: =(J38-K38)/J38*100 -> #DIV/0! | Q38: =G38/(F38/60) -> #DIV/0!
B39: 45896 | C39: 14 | D39: CARIB EXPORT | E39: 1440 | F39: =[3]Aug!$N106 -> 1204 | G39: 3606 | H39: =(G39)*24/(F39/60)/17000*100 -> 25.369552 | J39: =SUM(73.5,77.9,96.6,105.1)-64-44.1 -> 245 | K39: =(G39)*0.066 -> 237.996 | L39: =J39-K39 -> 7.004 | M39: =[3]Aug!$AD39 -> 893 | N39: =9+8 -> 17 | P39: =(J39-K39)/J39*100 -> 2.8587755 | Q39: =G39/(F39/60) -> 179.701 | R39: =((J40+J39)-(K40+K39))/(J40+J39)*100 -> 1.661072
B40: 45897 | C40: 15 | D40: CARIB EXPORT | E40: 1434 | F40: =[3]Aug!$N107 -> 163 | G40: 838 | H40: =(G40)*24/(F40/60)/17000*100 -> 43.548178 | J40: =SUM(64,44.1,97,99,96.7,93) -> 493.8 | K40: =(G40+G41)*0.066 -> 488.532 | L40: =J40-K40 -> 5.268 | M40: =[3]Aug!$AD40 -> 56 | N40: 3 | P40: =(J40-K40)/J40*100 -> 1.0668287 | Q40: =G40/(F40/60) -> 308.46626
B41: 45897 | C41: 15 | D41: CARIB AMBER | F41: =[3]Aug!$N108 -> 981 | G41: 6564 | H41: =(G41)*24/(F41/60)/17000*100 -> 56.67782 | M41: =[3]Aug!$AD41 -> 385 | N41: =7+3+1 -> 11 | Q41: =G41/(F41/60) -> 401.46789
B42: 45897 | C42: 15 | D42: GUINNESS | F42: =[3]Aug!$N109 -> 184 | G42: 1401 | H42: =(G42)*24/(F42/60)/17000*100 -> 64.496164 | J42: =SUM(97.8,96.6)-101.7 -> 92.7 | K42: =(G42)*0.066 -> 92.466 | L42: =J42-K42 -> 0.234 | M42: =[3]Aug!$AD42 -> 96 | N42: 2 | P42: =(J42-K42)/J42*100 -> 0.25242718 | Q42: =G42/(F42/60) -> 456.84783 | R42: =((J43+J42)-(K43+K42))/(J43+J42)*100 -> 0.52469136
B43: 45898 | C43: 16 | D43: GUINNESS | E43: 1254 | F43: =[3]Aug!$N110 -> 178 | G43: 1529 | H43: =(G43)*24/(F43/60)/17000*100 -> 72.761401 | J43: 101.7 | K43: =(G43)*0.066 -> 100.914 | L43: =J43-K43 -> 0.786 | M43: =[3]Aug!$AD43 -> 77 | N43: 4 | P43: =(J43-K43)/J43*100 -> 0.77286136 | Q43: =G43/(F43/60) -> 515.39326
B44: 45898 | C44: 16 | D44: CARIB AMBER | F44: =[3]Aug!$N111 -> 647 | G44: 4644 | H44: =(G44)*24/(F44/60)/17000*100 -> 60.799709 | J44: =SUM(94.5,78.9,89.4,72,50.5)-71.6 -> 313.7 | K44: =(G44)*0.066 -> 306.504 | L44: =J44-K44 -> 7.196 | M44: =[3]Aug!$AD44 -> 465 | N44: =7+14+5 -> 26 | P44: =(J44-(K44+K45))/J44*100 -> 2.2939114 | Q44: =G44/(F44/60) -> 430.66461
H45: =(G45)*24/(F45/60)/17000*100 -> #DIV/0! | K45: =(G45)*0.066 -> 0 | L45: =J45-K45 -> 0 | M45: =[3]Aug!$AD45 -> 0 | P45: =(J45-K45)/J45*100 -> #DIV/0! | Q45: =G45/(F45/60) -> #DIV/0!
H46: =(G46)*24/(F46/60)/17000*100 -> #DIV/0! | K46: =(G46)*0.066 -> 0 | L46: =J46-K46 -> 0 | P46: =(J46-K46)/J46*100 -> #DIV/0! | Q46: =G46/(F46/60) -> #DIV/0!
H47: =(G47)*24/(F47/60)/17000*100 -> #DIV/0! | K47: =(G47)*0.066 -> 0 | L47: =J47-K47 -> 0 | P47: =(J47-K47)/J47*100 -> #DIV/0! | Q47: =G47/(F47/60) -> #DIV/0!
H48: =(G48)*24/(F48/60)/17000*100 -> #DIV/0! | K48: =(G48)*0.066 -> 0 | L48: =J48-K48 -> 0 | P48: =(J48-K48)/J48*100 -> #DIV/0! | Q48: =G48/(F48/60) -> #DIV/0!
H49: =(G49)*24/(F49/60)/17000*100 -> #DIV/0! | K49: =(G49)*0.066 -> 0 | L49: =J49-K49 -> 0 | P49: =(J49-K49)/J49*100 -> #DIV/0! | Q49: =G49/(F49/60) -> #DIV/0!
H50: =(G50)*24/(F50/60)/17000*100 -> #DIV/0! | K50: =(G50)*0.066 -> 0 | L50: =J50-K50 -> 0 | P50: =(J50-K50)/J50*100 -> #DIV/0! | Q50: =G50/(F50/60) -> #DIV/0!
H51: =(G51)*24/(F51/60)/17000*100 -> #DIV/0! | K51: =(G51)*0.066 -> 0 | L51: =J51-K51 -> 0 | P51: =(J51-K51)/J51*100 -> #DIV/0! | Q51: =G51/(F51/60) -> #DIV/0!
H52: =(G52)*24/(F52/60)/17000*100 -> #DIV/0! | K52: =(G52)*0.066 -> 0 | L52: =J52-K52 -> 0 | P52: =(J52-K52)/J52*100 -> #DIV/0! | Q52: =G52/(F52/60) -> #DIV/0!
H53: =(G53)*24/(F53/60)/17000*100 -> #DIV/0! | K53: =(G53)*0.066 -> 0 | L53: =J53-K53 -> 0 | P53: =(J53-K53)/J53*100 -> #DIV/0! | Q53: =G53/(F53/60) -> #DIV/0!
H54: =(G54)*24/(F54/60)/17000*100 -> #DIV/0! | K54: =(G54)*0.066 -> 0 | L54: =J54-K54 -> 0 | P54: =(J54-K54)/J54*100 -> #DIV/0! | Q54: =G54/(F54/60) -> #DIV/0!
H55: =(G55)*24/(F55/60)/17000*100 -> #DIV/0! | K55: =(G55)*0.066 -> 0 | L55: =J55-K55 -> 0 | P55: =(J55-K55)/J55*100 -> #DIV/0! | Q55: =G55/(F55/60) -> #DIV/0!
H56: =(G56)*24/(F56/60)/17000*100 -> #DIV/0! | K56: =(G56)*0.066 -> 0 | L56: =J56-K56 -> 0 | P56: =(J56-K56)/J56*100 -> #DIV/0! | Q56: =G56/(F56/60) -> #DIV/0!
E57: =SUM(E8:E56) -> 22306 | F57: =SUM(F8:F55) -> 16678 | G57: =SUM(G8:G56) -> 109148 | H57: =(G57)*24/(F57/60)/17000*100 -> 55.43517 | I57: =SUM(I8:I34) -> 3541 | J57: =SUM(J8:J56) -> 7418.3 | K57: =SUM(K8:K56) -> 7281.2792 | L57: =J57-K57 -> 137.0208 | M57: =SUM(M8:M55) -> 12192 | N57: =SUM(N8:N56) -> 388 | O57: =SUM(O8:O56) -> 170 | P57: =(J57-K57)/J57 -> 0.018470647 | Q57: =G57/(E57/60) -> 293.59276 | R57: =(January_2025!G65+February_2025!G63+March_2025!G62+'April_2025 '!G54+May_2025!G63+June_2025!G57+July_2025!G55+G57)/((January_2025!E65+February_2025!F63+March_2025!E62+'April_2025 '!E54+May_2025!E63+June_2025!E57+July_2025!E55+E57)/60) -> 282.80052
N58: KEGS
K59: Produced | L59: =G57+O59 -> 109615.5 | N59: TOTAL CASES | O59: =O57*2.75 -> 467.5 | P59: Case Per Hr- Old | Q59: 392.66579 | R59: 370.2679
N61: Stag | O61: =O34 -> 0
N62: Carib | O62: =O37+O21+O19+O15 -> 0
N63: Bad Dog
N64: Total Kegs | O64: =SUM(O61:O63) -> 0
F67: 21461 | G67: =G57 -> 109148 | H67: =(G67)*24/(F67/60)/17000*100 -> 43.080367

Sheet September_2025
B1: GRENADA BREWERIES LIMITED
B3: PRODUCTION DEPARTMENT
A4: 45901 | Q4: 45901 | AG4: 45870 | AW4: 45870 | BM4: 45870 | CC4: 45870 | CS4: 45870 | DI4: 45870 | DY4: 45870 | EO4: 45870 | FE4: 45870 | FU4: 45870 | GK4: 45870 | HA4: 45870 | HQ4: 45870 | IG4: 45870 | IW4: 45870 | JM4: 45870 | KC4: 45870 | KS4: 45870 | LI4: 45870 | LY4: 45870 | MO4: 45870 | NE4: 45870 | NU4: 45870 | OK4: 45870 | PA4: 45870 | PQ4: 45870 | QG4: 45870 | QW4: 45870 | RM4: 45870 | SC4: 45870 | SS4: 45870 | TI4: 45870 | TY4: 45870 | UO4: 45870 | VE4: 45870 | VU4: 45870 | WK4: 45870 | XA4: 45870 | XQ4: 45870 | YG4: 45870 | YW4: 45870 | ZM4: 45870 | AAC4: 45870 | AAS4: 45870 | ABI4: 45870 | ABY4: 45870 | ACO4: 45870 | ADE4: 45870 | ADU4: 45870 | AEK4: 45870 | AFA4: 45870 | AFQ4: 45870 | AGG4: 45870 | AGW4: 45870 | AHM4: 45870 | AIC4: 45870 | AIS4: 45870 | AJI4: 45870 | AJY4: 45870 | AKO4: 45870 | ALE4: 45870 | ALU4: 45870 | AMK4: 45870 | ANA4: 45870 | ANQ4: 45870 | AOG4: 45870 | AOW4: 45870 | APM4: 45870 | AQC4: 45870 | AQS4: 45870 | ARI4: 45870 | ARY4: 45870 | ASO4: 45870 | ATE4: 45870 | ATU4: 45870 | AUK4: 45870 | AVA4: 45870 | AVQ4: 45870 | AWG4: 45870 | AWW4: 45870 | AXM4: 45870 | AYC4: 45870 | AYS4: 45870 | AZI4: 45870 | AZY4: 45870 | BAO4: 45870 | BBE4: 45870 | BBU4: 45870 | BCK4: 45870 | BDA4: 45870 | BDQ4: 45870 | BEG4: 45870 | BEW4: 45870 | BFM4: 45870 | BGC4: 45870 | BGS4: 45870 | BHI4: 45870 | BHY4: 45870 | BIO4: 45870 | BJE4: 45870 | BJU4: 45870 | BKK4: 45870 | BLA4: 45870 | BLQ4: 45870 | BMG4: 45870 | BMW4: 45870 | BNM4: 45870 | BOC4: 45870 | BOS4: 45870 | BPI4: 45870 | BPY4: 45870 | BQO4: 45870 | BRE4: 45870 | BRU4: 45870 | BSK4: 45870 | BTA4: 45870 | BTQ4: 45870 | BUG4: 45870 | BUW4: 45870 | BVM4: 45870 | BWC4: 45870 | BWS4: 45870 | BXI4: 45870 | BXY4: 45870 | BYO4: 45870 | BZE4: 45870 | BZU4: 45870 | CAK4: 45870 | CBA4: 45870 | CBQ4: 45870 | CCG4: 45870 | CCW4: 45870 | CDM4: 45870 | CEC4: 45870 | CES4: 45870 | CFI4: 45870 | CFY4: 45870 | CGO4: 45870 | CHE4: 45870 | CHU4: 45870 | CIK4: 45870 | CJA4: 45870 | CJQ4: 45870 | CKG4: 45870 | CKW4: 45870 | CLM4: 45870 | CMC4: 45870 | CMS4: 45870 | CNI4: 45870 | CNY4: 45870 | COO4: 45870 | CPE4: 45870 | CPU4: 45870 | CQK4: 45870 | CRA4: 45870 | CRQ4: 45870 | CSG4: 45870 | CSW4: 45870 | CTM4: 45870 | CUC4: 45870 | CUS4: 45870 | CVI4: 45870 | CVY4: 45870 | CWO4: 45870 | CXE4: 45870 | CXU4: 45870 | CYK4: 45870 | CZA4: 45870 | CZQ4: 45870 | DAG4: 45870 | DAW4: 45870 | DBM4: 45870 | DCC4: 45870 | DCS4: 45870 | DDI4: 45870 | DDY4: 45870 | DEO4: 45870 | DFE4: 45870 | DFU4: 45870 | DGK4: 45870 | DHA4: 45870 | DHQ4: 45870 | DIG4: 45870 | DIW4: 45870 | DJM4: 45870 | DKC4: 45870 | DKS4: 45870 | DLI4: 45870 | DLY4: 45870 | DMO4: 45870 | DNE4: 45870 | DNU4: 45870 | DOK4: 45870 | DPA4: 45870 | DPQ4: 45870 | DQG4: 45870 | DQW4: 45870 | DRM4: 45870 | DSC4: 45870 | DSS4: 45870 | DTI4: 45870 | DTY4: 45870 | DUO4: 45870 | DVE4: 45870 | DVU4: 45870 | DWK4: 45870 | DXA4: 45870 | DXQ4: 45870 | DYG4: 45870 | DYW4: 45870 | DZM4: 45870 | EAC4: 45870 | EAS4: 45870 | EBI4: 45870 | EBY4: 45870 | ECO4: 45870 | EDE4: 45870 | EDU4: 45870 | EEK4: 45870 | EFA4: 45870 | EFQ4: 45870 | EGG4: 45870 | EGW4: 45870 | EHM4: 45870 | EIC4: 45870 | EIS4: 45870 | EJI4: 45870 | EJY4: 45870 | EKO4: 45870 | ELE4: 45870 | ELU4: 45870 | EMK4: 45870 | ENA4: 45870 | ENQ4: 45870 | EOG4: 45870 | EOW4: 45870 | EPM4: 45870 | EQC4: 45870 | EQS4: 45870 | ERI4: 45870 | ERY4: 45870 | ESO4: 45870 | ETE4: 45870 | ETU4: 45870 | EUK4: 45870 | EVA4: 45870 | EVQ4: 45870 | EWG4: 45870 | EWW4: 45870 | EXM4: 45870 | EYC4: 45870 | EYS4: 45870 | EZI4: 45870 | EZY4: 45870 | FAO4: 45870 | FBE4: 45870 | FBU4: 45870 | FCK4: 45870 | FDA4: 45870 | FDQ4: 45870 | FEG4: 45870 | FEW4: 45870 | FFM4: 45870 | FGC4: 45870 | FGS4: 45870 | FHI4: 45870 | FHY4: 45870 | FIO4: 45870 | FJE4: 45870 | FJU4: 45870 | FKK4: 45870 | FLA4: 45870 | FLQ4: 45870 | FMG4: 45870 | FMW4: 45870 | FNM4: 45870 | FOC4: 45870 | FOS4: 45870 | FPI4: 45870 | FPY4: 45870 | FQO4: 45870 | FRE4: 45870 | FRU4: 45870 | FSK4: 45870 | FTA4: 45870 | FTQ4: 45870 | FUG4: 45870 | FUW4: 45870 | FVM4: 45870 | FWC4: 45870 | FWS4: 45870 | FXI4: 45870 | FXY4: 45870 | FYO4: 45870 | FZE4: 45870 | FZU4: 45870 | GAK4: 45870 | GBA4: 45870 | GBQ4: 45870 | GCG4: 45870 | GCW4: 45870 | GDM4: 45870 | GEC4: 45870 | GES4: 45870 | GFI4: 45870 | GFY4: 45870 | GGO4: 45870 | GHE4: 45870 | GHU4: 45870 | GIK4: 45870 | GJA4: 45870 | GJQ4: 45870 | GKG4: 45870 | GKW4: 45870 | GLM4: 45870 | GMC4: 45870 | GMS4: 45870 | GNI4: 45870 | GNY4: 45870 | GOO4: 45870 | GPE4: 45870 | GPU4: 45870 | GQK4: 45870 | GRA4: 45870 | GRQ4: 45870 | GSG4: 45870 | GSW4: 45870 | GTM4: 45870 | GUC4: 45870 | GUS4: 45870 | GVI4: 45870 | GVY4: 45870 | GWO4: 45870 | GXE4: 45870 | GXU4: 45870 | GYK4: 45870 | GZA4: 45870 | GZQ4: 45870 | HAG4: 45870 | HAW4: 45870 | HBM4: 45870 | HCC4: 45870 | HCS4: 45870 | HDI4: 45870 | HDY4: 45870 | HEO4: 45870 | HFE4: 45870 | HFU4: 45870 | HGK4: 45870 | HHA4: 45870 | HHQ4: 45870 | HIG4: 45870 | HIW4: 45870 | HJM4: 45870 | HKC4: 45870 | HKS4: 45870 | HLI4: 45870 | HLY4: 45870 | HMO4: 45870 | HNE4: 45870 | HNU4: 45870 | HOK4: 45870 | HPA4: 45870 | HPQ4: 45870 | HQG4: 45870 | HQW4: 45870 | HRM4: 45870 | HSC4: 45870 | HSS4: 45870 | HTI4: 45870 | HTY4: 45870 | HUO4: 45870 | HVE4: 45870 | HVU4: 45870 | HWK4: 45870 | HXA4: 45870 | HXQ4: 45870 | HYG4: 45870 | HYW4: 45870 | HZM4: 45870 | IAC4: 45870 | IAS4: 45870 | IBI4: 45870 | IBY4: 45870 | ICO4: 45870 | IDE4: 45870 | IDU4: 45870 | IEK4: 45870 | IFA4: 45870 | IFQ4: 45870 | IGG4: 45870 | IGW4: 45870 | IHM4: 45870 | IIC4: 45870 | IIS4: 45870 | IJI4: 45870 | IJY4: 45870 | IKO4: 45870 | ILE4: 45870 | ILU4: 45870 | IMK4: 45870 | INA4: 45870 | INQ4: 45870 | IOG4: 45870 | IOW4: 45870 | IPM4: 45870 | IQC4: 45870 | IQS4: 45870 | IRI4: 45870 | IRY4: 45870 | ISO4: 45870 | ITE4: 45870 | ITU4: 45870 | IUK4: 45870 | IVA4: 45870 | IVQ4: 45870 | IWG4: 45870 | IWW4: 45870 | IXM4: 45870 | IYC4: 45870 | IYS4: 45870 | IZI4: 45870 | IZY4: 45870 | JAO4: 45870 | JBE4: 45870 | JBU4: 45870 | JCK4: 45870 | JDA4: 45870 | JDQ4: 45870 | JEG4: 45870 | JEW4: 45870 | JFM4: 45870 | JGC4: 45870 | JGS4: 45870 | JHI4: 45870 | JHY4: 45870 | JIO4: 45870 | JJE4: 45870 | JJU4: 45870 | JKK4: 45870 | JLA4: 45870 | JLQ4: 45870 | JMG4: 45870 | JMW4: 45870 | JNM4: 45870 | JOC4: 45870 | JOS4: 45870 | JPI4: 45870 | JPY4: 45870 | JQO4: 45870 | JRE4: 45870 | JRU4: 45870 | JSK4: 45870 | JTA4: 45870 | JTQ4: 45870 | JUG4: 45870 | JUW4: 45870 | JVM4: 45870 | JWC4: 45870 | JWS4: 45870 | JXI4: 45870 | JXY4: 45870 | JYO4: 45870 | JZE4: 45870 | JZU4: 45870 | KAK4: 45870 | KBA4: 45870 | KBQ4: 45870 | KCG4: 45870 | KCW4: 45870 | KDM4: 45870 | KEC4: 45870 | KES4: 45870 | KFI4: 45870 | KFY4: 45870 | KGO4: 45870 | KHE4: 45870 | KHU4: 45870 | KIK4: 45870 | KJA4: 45870 | KJQ4: 45870 | KKG4: 45870 | KKW4: 45870 | KLM4: 45870 | KMC4: 45870 | KMS4: 45870 | KNI4: 45870 | KNY4: 45870 | KOO4: 45870 | KPE4: 45870 | KPU4: 45870 | KQK4: 45870 | KRA4: 45870 | KRQ4: 45870 | KSG4: 45870 | KSW4: 45870 | KTM4: 45870 | KUC4: 45870 | KUS4: 45870 | KVI4: 45870 | KVY4: 45870 | KWO4: 45870 | KXE4: 45870 | KXU4: 45870 | KYK4: 45870 | KZA4: 45870 | KZQ4: 45870 | LAG4: 45870 | LAW4: 45870 | LBM4: 45870 | LCC4: 45870 | LCS4: 45870 | LDI4: 45870 | LDY4: 45870 | LEO4: 45870 | LFE4: 45870 | LFU4: 45870 | LGK4: 45870 | LHA4: 45870 | LHQ4: 45870 | LIG4: 45870 | LIW4: 45870 | LJM4: 45870 | LKC4: 45870 | LKS4: 45870 | LLI4: 45870 | LLY4: 45870 | LMO4: 45870 | LNE4: 45870 | LNU4: 45870 | LOK4: 45870 | LPA4: 45870 | LPQ4: 45870 | LQG4: 45870 | LQW4: 45870 | LRM4: 45870 | LSC4: 45870 | LSS4: 45870 | LTI4: 45870 | LTY4: 45870 | LUO4: 45870 | LVE4: 45870 | LVU4: 45870 | LWK4: 45870 | LXA4: 45870 | LXQ4: 45870 | LYG4: 45870 | LYW4: 45870 | LZM4: 45870 | MAC4: 45870 | MAS4: 45870 | MBI4: 45870 | MBY4: 45870 | MCO4: 45870 | MDE4: 45870 | MDU4: 45870 | MEK4: 45870 | MFA4: 45870 | MFQ4: 45870 | MGG4: 45870 | MGW4: 45870 | MHM4: 45870 | MIC4: 45870 | MIS4: 45870 | MJI4: 45870 | MJY4: 45870 | MKO4: 45870 | MLE4: 45870 | MLU4: 45870 | MMK4: 45870 | MNA4: 45870 | MNQ4: 45870 | MOG4: 45870 | MOW4: 45870 | MPM4: 45870 | MQC4: 45870 | MQS4: 45870 | MRI4: 45870 | MRY4: 45870 | MSO4: 45870 | MTE4: 45870 | MTU4: 45870 | MUK4: 45870 | MVA4: 45870 | MVQ4: 45870 | MWG4: 45870 | MWW4: 45870 | MXM4: 45870 | MYC4: 45870 | MYS4: 45870 | MZI4: 45870 | MZY4: 45870 | NAO4: 45870 | NBE4: 45870 | NBU4: 45870 | NCK4: 45870 | NDA4: 45870 | NDQ4: 45870 | NEG4: 45870 | NEW4: 45870 | NFM4: 45870 | NGC4: 45870 | NGS4: 45870 | NHI4: 45870 | NHY4: 45870 | NIO4: 45870 | NJE4: 45870 | NJU4: 45870 | NKK4: 45870 | NLA4: 45870 | NLQ4: 45870 | NMG4: 45870 | NMW4: 45870 | NNM4: 45870 | NOC4: 45870 | NOS4: 45870 | NPI4: 45870 | NPY4: 45870 | NQO4: 45870 | NRE4: 45870 | NRU4: 45870 | NSK4: 45870 | NTA4: 45870 | NTQ4: 45870 | NUG4: 45870 | NUW4: 45870 | NVM4: 45870 | NWC4: 45870 | NWS4: 45870 | NXI4: 45870 | NXY4: 45870 | NYO4: 45870 | NZE4: 45870 | NZU4: 45870 | OAK4: 45870 | OBA4: 45870 | OBQ4: 45870 | OCG4: 45870 | OCW4: 45870 | ODM4: 45870 | OEC4: 45870 | OES4: 45870 | OFI4: 45870 | OFY4: 45870 | OGO4: 45870 | OHE4: 45870 | OHU4: 45870 | OIK4: 45870 | OJA4: 45870 | OJQ4: 45870 | OKG4: 45870 | OKW4: 45870 | OLM4: 45870 | OMC4: 45870 | OMS4: 45870 | ONI4: 45870 | ONY4: 45870 | OOO4: 45870 | OPE4: 45870 | OPU4: 45870 | OQK4: 45870 | ORA4: 45870 | ORQ4: 45870 | OSG4: 45870 | OSW4: 45870 | OTM4: 45870 | OUC4: 45870 | OUS4: 45870 | OVI4: 45870 | OVY4: 45870 | OWO4: 45870 | OXE4: 45870 | OXU4: 45870 | OYK4: 45870 | OZA4: 45870 | OZQ4: 45870 | PAG4: 45870 | PAW4: 45870 | PBM4: 45870 | PCC4: 45870 | PCS4: 45870 | PDI4: 45870 | PDY4: 45870 | PEO4: 45870 | PFE4: 45870 | PFU4: 45870 | PGK4: 45870 | PHA4: 45870 | PHQ4: 45870 | PIG4: 45870 | PIW4: 45870 | PJM4: 45870 | PKC4: 45870 | PKS4: 45870 | PLI4: 45870 | PLY4: 45870 | PMO4: 45870 | PNE4: 45870 | PNU4: 45870 | POK4: 45870 | PPA4: 45870 | PPQ4: 45870 | PQG4: 45870 | PQW4: 45870 | PRM4: 45870 | PSC4: 45870 | PSS4: 45870 | PTI4: 45870 | PTY4: 45870 | PUO4: 45870 | PVE4: 45870 | PVU4: 45870 | PWK4: 45870 | PXA4: 45870 | PXQ4: 45870 | PYG4: 45870 | PYW4: 45870 | PZM4: 45870 | QAC4: 45870 | QAS4: 45870 | QBI4: 45870 | QBY4: 45870 | QCO4: 45870 | QDE4: 45870 | QDU4: 45870 | QEK4: 45870 | QFA4: 45870 | QFQ4: 45870 | QGG4: 45870 | QGW4: 45870 | QHM4: 45870 | QIC4: 45870 | QIS4: 45870 | QJI4: 45870 | QJY4: 45870 | QKO4: 45870 | QLE4: 45870 | QLU4: 45870 | QMK4: 45870 | QNA4: 45870 | QNQ4: 45870 | QOG4: 45870 | QOW4: 45870 | QPM4: 45870 | QQC4: 45870 | QQS4: 45870 | QRI4: 45870 | QRY4: 45870 | QSO4: 45870 | QTE4: 45870 | QTU4: 45870 | QUK4: 45870 | QVA4: 45870 | QVQ4: 45870 | QWG4: 45870 | QWW4: 45870 | QXM4: 45870 | QYC4: 45870 | QYS4: 45870 | QZI4: 45870 | QZY4: 45870 | RAO4: 45870 | RBE4: 45870 | RBU4: 45870 | RCK4: 45870 | RDA4: 45870 | RDQ4: 45870 | REG4: 45870 | REW4: 45870 | RFM4: 45870 | RGC4: 45870 | RGS4: 45870 | RHI4: 45870 | RHY4: 45870 | RIO4: 45870 | RJE4: 45870 | RJU4: 45870 | RKK4: 45870 | RLA4: 45870 | RLQ4: 45870 | RMG4: 45870 | RMW4: 45870 | RNM4: 45870 | ROC4: 45870 | ROS4: 45870 | RPI4: 45870 | RPY4: 45870 | RQO4: 45870 | RRE4: 45870 | RRU4: 45870 | RSK4: 45870 | RTA4: 45870 | RTQ4: 45870 | RUG4: 45870 | RUW4: 45870 | RVM4: 45870 | RWC4: 45870 | RWS4: 45870 | RXI4: 45870 | RXY4: 45870 | RYO4: 45870 | RZE4: 45870 | RZU4: 45870 | SAK4: 45870 | SBA4: 45870 | SBQ4: 45870 | SCG4: 45870 | SCW4: 45870 | SDM4: 45870 | SEC4: 45870 | SES4: 45870 | SFI4: 45870 | SFY4: 45870 | SGO4: 45870 | SHE4: 45870 | SHU4: 45870 | SIK4: 45870 | SJA4: 45870 | SJQ4: 45870 | SKG4: 45870 | SKW4: 45870 | SLM4: 45870 | SMC4: 45870 | SMS4: 45870 | SNI4: 45870 | SNY4: 45870 | SOO4: 45870 | SPE4: 45870 | SPU4: 45870 | SQK4: 45870 | SRA4: 45870 | SRQ4: 45870 | SSG4: 45870 | SSW4: 45870 | STM4: 45870 | SUC4: 45870 | SUS4: 45870 | SVI4: 45870 | SVY4: 45870 | SWO4: 45870 | SXE4: 45870 | SXU4: 45870 | SYK4: 45870 | SZA4: 45870 | SZQ4: 45870 | TAG4: 45870 | TAW4: 45870 | TBM4: 45870 | TCC4: 45870 | TCS4: 45870 | TDI4: 45870 | TDY4: 45870 | TEO4: 45870 | TFE4: 45870 | TFU4: 45870 | TGK4: 45870 | THA4: 45870 | THQ4: 45870 | TIG4: 45870 | TIW4: 45870 | TJM4: 45870 | TKC4: 45870 | TKS4: 45870 | TLI4: 45870 | TLY4: 45870 | TMO4: 45870 | TNE4: 45870 | TNU4: 45870 | TOK4: 45870 | TPA4: 45870 | TPQ4: 45870 | TQG4: 45870 | TQW4: 45870 | TRM4: 45870 | TSC4: 45870 | TSS4: 45870 | TTI4: 45870 | TTY4: 45870 | TUO4: 45870 | TVE4: 45870 | TVU4: 45870 | TWK4: 45870 | TXA4: 45870 | TXQ4: 45870 | TYG4: 45870 | TYW4: 45870 | TZM4: 45870 | UAC4: 45870 | UAS4: 45870 | UBI4: 45870 | UBY4: 45870 | UCO4: 45870 | UDE4: 45870 | UDU4: 45870 | UEK4: 45870 | UFA4: 45870 | UFQ4: 45870 | UGG4: 45870 | UGW4: 45870 | UHM4: 45870 | UIC4: 45870 | UIS4: 45870 | UJI4: 45870 | UJY4: 45870 | UKO4: 45870 | ULE4: 45870 | ULU4: 45870 | UMK4: 45870 | UNA4: 45870 | UNQ4: 45870 | UOG4: 45870 | UOW4: 45870 | UPM4: 45870 | UQC4: 45870 | UQS4: 45870 | URI4: 45870 | URY4: 45870 | USO4: 45870 | UTE4: 45870 | UTU4: 45870 | UUK4: 45870 | UVA4: 45870 | UVQ4: 45870 | UWG4: 45870 | UWW4: 45870 | UXM4: 45870 | UYC4: 45870 | UYS4: 45870 | UZI4: 45870 | UZY4: 45870 | VAO4: 45870 | VBE4: 45870 | VBU4: 45870 | VCK4: 45870 | VDA4: 45870 | VDQ4: 45870 | VEG4: 45870 | VEW4: 45870 | VFM4: 45870 | VGC4: 45870 | VGS4: 45870 | VHI4: 45870 | VHY4: 45870 | VIO4: 45870 | VJE4: 45870 | VJU4: 45870 | VKK4: 45870 | VLA4: 45870 | VLQ4: 45870 | VMG4: 45870 | VMW4: 45870 | VNM4: 45870 | VOC4: 45870 | VOS4: 45870 | VPI4: 45870 | VPY4: 45870 | VQO4: 45870 | VRE4: 45870 | VRU4: 45870 | VSK4: 45870 | VTA4: 45870 | VTQ4: 45870 | VUG4: 45870 | VUW4: 45870 | VVM4: 45870 | VWC4: 45870 | VWS4: 45870 | VXI4: 45870 | VXY4: 45870 | VYO4: 45870 | VZE4: 45870 | VZU4: 45870 | WAK4: 45870 | WBA4: 45870 | WBQ4: 45870 | WCG4: 45870 | WCW4: 45870 | WDM4: 45870 | WEC4: 45870 | WES4: 45870 | WFI4: 45870 | WFY4: 45870 | WGO4: 45870 | WHE4: 45870 | WHU4: 45870 | WIK4: 45870 | WJA4: 45870 | WJQ4: 45870 | WKG4: 45870 | WKW4: 45870 | WLM4: 45870 | WMC4: 45870 | WMS4: 45870 | WNI4: 45870 | WNY4: 45870 | WOO4: 45870 | WPE4: 45870 | WPU4: 45870 | WQK4: 45870 | WRA4: 45870 | WRQ4: 45870 | WSG4: 45870 | WSW4: 45870 | WTM4: 45870 | WUC4: 45870 | WUS4: 45870 | WVI4: 45870 | WVY4: 45870 | WWO4: 45870 | WXE4: 45870 | WXU4: 45870 | WYK4: 45870 | WZA4: 45870 | WZQ4: 45870 | XAG4: 45870 | XAW4: 45870 | XBM4: 45870 | XCC4: 45870 | XCS4: 45870 | XDI4: 45870 | XDY4: 45870 | XEO4: 45870
B5: DATE | C5: DAY | D5: PRODUCT | E5: AVAIL. | F5: FILL | G5: CASES | H5: Line Rated | I5: Cases on Hold | J5: BBT | K5: BOTTLED | L5: Diff BBT Hls vs Hls in Package | M5: DOWNTIME (Mins) | N5: REJECTS (Cases) | O5: KEGS | P5: BOTTLED | Q5: AVERAGE | R5: YTD
E6: TIME | F6: TIME | G6: BOTTLED | H6: Efficiency | J6: HLS | K6: HLS | P6: LOSS | Q6: CASE/HR | R6: Ave Case per hour
F7: Mins | H7: %
B8: 45901 | C8: 1 | D8: CARIB AMBER | E8: 915 | F8: =[3]Sept!$N63 -> 127 | G8: 1051 | H8: =(G8)*24/(F8/60)/17000*100 -> 70.09912 | I8: 0.18 | J8: =SUM(71.6) -> 71.6 | K8: =(G8)*0.066 -> 69.366 | L8: =J8-K8 -> 2.234 | M8: =[3]Sept!$AD8 -> 103 | N8: 8 | P8: =(J8-K8)/J8*100 -> 3.1201117 | Q8: =(G8)/(F8/60) -> 496.53543
B9: 45901 | C9: 1 | D9: STAG LOCAL | F9: =[3]Sept!$N64 -> 614 | G9: 4871 | H9: =(G9)*24/(F9/60)/17000*100 -> 67.19908 | J9: =SUM(98.1,94.6,82.5,85.4,79.7)-64.4-47.3 -> 328.6 | K9: =(G9)*0.066 -> 321.486 | L9: =J9-K9 -> 7.114 | M9: =[3]Sept!$AD9 -> 171 | N9: 22 | P9: =(J9-K9)/J9*100 -> 2.1649422 | Q9: =(G9)/(F9/60) -> 475.99349 | R9: =((J10+J9)-(K10+K9))/(J10+J9)*100 -> 2.0147455
B10: 45902 | C10: 2 | D10: STAG LOCAL | E10: 907 | F10: =[3]Sept!$N65 -> 368 | G10: 3385 | H10: =(G10)*24/(F10/60)/17000*100 -> 77.915601 | J10: =SUM(64.4,43.8,72,47.3) -> 227.5 | K10: =(G10)*0.066 -> 223.41 | L10: =J10-K10 -> 4.09 | M10: =[3]Sept!$AD10 -> 194 | N10: =27+1 -> 28 | P10: =(J10-K10)/J10*100 -> 1.7978022 | Q10: =(G10)/(F10/60) -> 551.90217
B11: 45902 | C11: 2 | D11: CARIB FLINT ( EXPORT ) | F11: =[3]Sept!$N66 -> 285 | G11: 1333 | H11: =(G11)*24/(F11/60)/17000*100 -> 39.618576 | I11: 725 | J11: =SUM(93)-2.2 -> 90.8 | K11: =(G11)*0.066 -> 87.978 | L11: =J11-K11 -> 2.822 | M11: =[3]Sept!$AD11 -> 141 | N11: 3 | P11: =(J11-K11)/J11*100 -> 3.1079295 | Q11: =(G11)/(F11/60) -> 280.63158 | R11: =((J12+J11)-(K12+K11))/(J12+J11)*100 -> 2.4434893
B12: 45903 | C12: 3 | D12: CARIB FLINT ( EXPORT ) | E12: 900 | F12: =[3]Sept!$N67 -> 155 | G12: 926 | H12: =(G12)*24/(F12/60)/17000*100 -> 50.604934 | J12: =SUM(2.2,96.8,99.6,106.1) -> 304.7 | K12: =(G12+G13)*0.066 -> 297.858 | L12: =J12-K12 -> 6.842 | M12: =[3]Sept!$AD12 -> 158 | N12: =22+4 -> 26 | P12: =(J12-K12)/J12*100 -> 2.2454874 | Q12: =(G12)/(F12/60) -> 358.45161
B13: 45903 | C13: 3 | D13: CARIB AMBER | F13: =[3]Sept!$N68 -> 475 | G13: 3587 | H13: =(G13)*24/(F13/60)/17000*100 -> 63.966316 | L13: =J13-K13 -> 0 | M13: =[3]Sept!$AD13 -> 165 | N13: 3 | Q13: =(G13)/(F13/60) -> 453.09474
B14: 45904 | C14: 4 | D14: STAR MALT | E14: 902 | F14: =[3]Sept!$N69 -> 776 | G14: 5941 | H14: =(G14)*24/(F14/60)/17000*100 -> 64.850212 | J14: =SUM(97,101.3,100,104) -> 402.3 | K14: =(G14)*0.066 -> 392.106 | L14: =J14-K14 -> 10.194 | M14: =[3]Sept!$AD14 -> 263 | N14: =3+9 -> 12 | P14: =(J14-K14)/J14*100 -> 2.5339299 | Q14: =(G14)/(F14/60) -> 459.35567
B15: 45905 | C15: 5 | D15: CARIB AMBER | E15: 840 | F15: =[3]Sept!$N70 -> 328 | G15: 3305 | H15: =(G15)*24/(F15/60)/17000*100 -> 85.351506 | J15: =SUM(94.8,100,95.8,98.1)-26.2-84.8 -> 277.7 | K15: =(G15+G16)*0.066 -> 274.494 | L15: =J15-K15 -> 3.206 | M15: =[3]Sept!$AD15 -> 155 | N15: 7 | P15: =(J15-K15)/J15*100 -> 1.1544833 | Q15: =(G15)/(F15/60) -> 604.57317 | R15: =((J17+J15+J19+J20)-(K17+K15+K19+K20))/(J17+J15+J19+J20)*100 -> 1.7231245
B16: 45905 | C16: 5 | D16: CARIB FLINT( LOCAL ) | F16: =[3]Sept!$N71 -> 211 | G16: 854 | H16: =(G16)*24/(F16/60)/17000*100 -> 34.283803 | M16: =[3]Sept!$AD16 -> 52 | N16: 4 | Q16: =(G16)/(F16/60) -> 242.8436
B17: 45908 | C17: 6 | D17: CARIB FLINT ( LOCAL ) | E17: 900 | F17: =[3]Sept!$N72 -> 180 | G17: 966 | H17: =(G17)*24/(F17/60)/17000*100 -> 45.458824 | J17: =SUM(99.2,26.2,84.8,102.9) -> 313.1 | K17: =(G17+G18)*0.066 -> 306.372 | L17: =J17-K17 -> 6.728 | M17: =[3]Sept!$AD17 -> 268 | N17: 3 | P17: =(J17-K17)/J17*100 -> 2.1488342 | Q17: =(G17)/(F17/60) -> 322
B18: 45908 | C18: 6 | D18: CARIB AMBER | F18: =[3]Sept!$N73 -> 440 | G18: 3676 | H18: =(G18)*24/(F18/60)/17000*100 -> 70.767914 | M18: =[3]Sept!$AD18 -> 83 | N18: 6 | Q18: =(G18)/(F18/60) -> 501.27273
B19: 45909 | C19: 7 | D19: CARIB AMBER | E19: 900 | F19: =[3]Sept!$N74 -> 769 | G19: 5456 | H19: =(G19)*24/(F19/60)/17000*100 -> 60.098218 | J19: =SUM(84.4,100.2,99.1,98)-14.7 -> 367 | K19: =(G19)*0.066 -> 360.096 | L19: =J19-K19 -> 6.904 | M19: =[3]Sept!$AD19 -> 317 | N19: =8+3 -> 11 | P19: =(J19-K19)/J19*100 -> 1.8811989 | Q19: =(G19)/(F19/60) -> 425.69571
B20: 45910 | C20: 8 | D20: CARIB AMBER | E20: 897 | F20: =[3]Sept!$N75 -> 398 | G20: 3071 | H20: =(G20)*24/(F20/60)/17000*100 -> 65.35974 | J20: =SUM(14.7,94.2,97) -> 205.9 | K20: =(G20)*0.066 -> 202.686 | L20: =J20-K20 -> 3.214 | M20: =[3]Sept!$AD20 -> 200 | N20: =11+3 -> 14 | P20: =(J20-K20)/J20*100 -> 1.5609519 | Q20: =(G20)/(F20/60) -> 462.96482
B21: 45910 | C21: 8 | D21: GUINNESS | F21: =[3]Sept!$N76 -> 263 | G21: 1790 | H21: =(G21)*24/(F21/60)/17000*100 -> 57.651532 | J21: =SUM(90.8,99.8)-72 -> 118.6 | K21: =(G21)*0.066 -> 118.14 | L21: =J21-K21 -> 0.46 | M21: =[3]Sept!$AD21 -> 87 | N21: 13 | P21: =(J21-K21)/J21*100 -> 0.38785835 | Q21: =(G21)/(F21/60) -> 408.36502
B22: 45911 | C22: 9 | D22: GUINNESS | E22: 900 | F22: =[3]Sept!$N77 -> 40 | G22: 86 | H22: =(G22)*24/(F22/60)/17000*100 -> 18.211765 | J22: =SUM(72)-65.5 -> 6.5 | K22: =(G22)*0.066 -> 5.676 | L22: =J22-K22 -> 0.824 | M22: =[3]Sept!$AD22 -> 888 | N22: 3 | P22: =(J22-K22)/J22*100 -> 12.676923 | Q22: =(G22)/(F22/60) -> 129 | R22: =((J23+J22)-(K23+K22))/(J23+J22)*100 -> 2.0083333
B23: 45912 | C23: 10 | D23: GUINNESS | E23: 840 | F23: =[3]Sept!$N78 -> 169 | G23: 983 | H23: =(G23)*24/(F23/60)/17000*100 -> 49.269753 | I23: 308 | J23: =SUM(65.5) -> 65.5 | K23: =(G23)*0.066 -> 64.878 | L23: =J23-K23 -> 0.622 | M23: =[3]Sept!$AD23 -> 554 | N23: 11 | P23: =(J23-K23)/J23*100 -> 0.94961832 | Q23: =(G23)/(F23/60) -> 348.99408
B24: 45915 | C24: 11 | D24: VITA MALT CLASSIC | E24: 1378 | F24: =[3]Sept!$N79 -> 596 | G24: 5349 | H24: =(G24)*24/(F24/60)/17000*100 -> 76.022108 | J24: =SUM(101,94,93.7,94) -> 382.7 | K24: =(G24)*0.0708 -> 378.7092 | L24: =J24-K24 -> 3.9908 | M24: =[3]Sept!$AD24 -> 260 | N24: =9+4 -> 13 | P24: =(J24-K24)/J24*100 -> 1.0428011 | Q24: =(G24)/(F24/60) -> 538.48993
B25: 45915 | C25: 11 | D25: STAG LOCAL | F25: =[3]Sept!$N80 -> 351 | G25: 2117 | H25: =(G25)*24/(F25/60)/17000*100 -> 51.088989 | J25: =SUM(95,47) -> 142 | K25: =(G25)*0.066 -> 139.722 | L25: =J25-K25 -> 2.278 | M25: =[3]Sept!$AD25 -> 352 | N25: 7 | P25: =(J25-K25)/J25*100 -> 1.6042254 | Q25: =(G25)/(F25/60) -> 361.88034 | R25: =((J26+J25)-(K26+K25))/(J26+J25)*100 -> 1.5969569
B26: 45916 | C26: 12 | D26: STAG LOCAL | E26: 1468 | F26: =[3]Sept!$N81 -> 928 | G26: 6702 | H26: =(G26)*24/(F26/60)/17000*100 -> 61.174442 | J26: =SUM(69.6,94,100,93.9,92) -> 449.5 | K26: =(G26)*0.066 -> 442.332 | L26: =J26-K26 -> 7.168 | M26: =[3]Sept!$AD26 -> 693 | N26: =2+2+2 -> 6 | P26: =(J26-K26)/J26*100 -> 1.5946607 | Q26: =(G26)/(F26/60) -> 433.31897
B27: 45917 | C27: 13 | D27: CARIB FLINT (LOCAL) | E27: 1390 | F27: =[3]Sept!$N82 -> 222 | G27: 1277 | H27: =(G27)*24/(F27/60)/17000*100 -> 48.72496 | J27: =93+97.8+97+79+89.3+96.7-92.1 -> 460.7 | K27: =(G27+G28)*0.066 -> 439.758 | L27: =J27-K27 -> 20.942 | M27: =[3]Sept!$AD27 -> 56 | N27: 12 | P27: =(J27-K27)/J27*100 -> 4.5456913 | Q27: =(G27)/(F27/60) -> 345.13514 | R27: =((J29+J27+J30)-(K29+K27+K30))/(J29+J27+J30)*100 -> 2.1655802
B28: 45917 | C28: 13 | D28: CARIB AMBER | F28: =[3]Sept!$N83 -> 1109 | G28: 5386 | H28: =(G28)*24/(F28/60)/17000*100 -> 41.138493 | M28: =[3]Sept!$AD28 -> 577 | N28: =10+8 -> 18 | Q28: =(G28)/(F28/60) -> 291.39766
B29: 45918 | C29: 14 | D29: CARIB AMBER | E29: 1439 | F29: =[3]Sept!$N84 -> 1400 | G29: 12334 | H29: =(G29)*24/(F29/60)/17000*100 -> 74.625882 | J29: =SUM(92.1,87,97.8,95,94.5,98.2,92.3,98,92)-19.8 -> 827.1 | K29: =(G29)*0.066 -> 814.044 | L29: =J29-K29 -> 13.056 | M29: =[3]Sept!$AD29 -> 154 | N29: =12+10+10 -> 32 | P29: =(J29-K29)/J29*100 -> 1.5785274 | Q29: =(G29)/(F29/60) -> 528.6
B30: 45919 | C30: 15 | D30: CARIB AMBER | E30: 1258 | F30: =[3]Sept!$N85 -> 306 | G30: 2260 | H30: =(G30)*24/(F30/60)/17000*100 -> 62.560554 | I30: 15 | J30: =SUM(87,102,19.8,94,96.8) -> 399.6 | K30: =(G30+G31+G32)*0.066 -> 397.056 | L30: =J30-K30 -> 2.544 | M30: =[3]Sept!$AD30 -> 47 | N30: 14 | P30: =(J30-K30)/J30*100 -> 0.63663664 | Q30: =(G30)/(F30/60) -> 443.13725
B31: 45919 | C31: 15 | D31: CARIB FLINT LOCAL | F31: =[3]Sept!$N86 -> 337 | G31: 2546 | H31: =(G31)*24/(F31/60)/17000*100 -> 63.994414 | L31: =J31-K31 -> 0 | M31: =[3]Sept!$AD31 -> 67 | N31: 0 | Q31: =(G31)/(F31/60) -> 453.29377
B32: 45919 | C32: 15 | D32: CARIB AMBER | F32: =[3]Sept!$N87 -> 113 | G32: 1210 | H32: =(G32)*24/(F32/60)/17000*100 -> 90.702759 | L32: =J32-K32 -> 0 | M32: =[3]Sept!$AD32 -> 24 | N32: 18 | Q32: =(G32)/(F32/60) -> 642.47788
B33: 45919 | C33: 15 | D33: STAG LOCAL | F33: =[3]Sept!$N88 -> 239 | G33: 1929 | H33: =(G33)*24/(F33/60)/17000*100 -> 68.367216 | J33: =SUM(96.7,97,101.5)-72-90 -> 133.2 | K33: =(G33)*0.066 -> 127.314 | L33: =J33-K33 -> 5.886 | M33: =[3]Sept!$AD33 -> 137 | N33: 0 | P33: =(J33-K33)/J33*100 -> 4.4189189 | Q33: =(G33)/(F33/60) -> 484.26778 | R33: =((J34+J33+J35)-(K34+K33+K35))/(J34+J33+J35)*100 -> 3.9862046
B34: 45922 | C34: 16 | D34: STAG LOCAL | E34: 1440 | F34: =[3]Sept!$N89 -> 863 | G34: 5295 | H34: =(G34)*24/(F34/60)/17000*100 -> 51.971917 | J34: =SUM(72,102.1,90,100,93)-78.3-15 -> 363.8 | K34: =(G34)*0.066 -> 349.47 | L34: =J34-K34 -> 14.33 | M34: =[3]Sept!$AD34 -> 754 | N34: =39+52 -> 91 | P34: =(J34-K34)/J34*100 -> 3.9389775 | Q34: =(G34)/(F34/60) -> 368.13441
B35: 45923 | C35: 17 | D35: STAG LOCAL | E35: 1430 | F35: =[3]Sept!$N90 -> 270 | G35: 1634 | H35: =(G35)*24/(F35/60)/17000*100 -> 51.262745 | I35: 15 | J35: =SUM(78.3,36)-2.4 -> 111.9 | K35: =(G35)*0.066 -> 107.844 | L35: =J35-K35 -> 4.056 | M35: =[3]Sept!$AD35 -> 59 | N35: 62 | P35: =(J35-K35)/J35*100 -> 3.6246649 | Q35: =(G35)/(F35/60) -> 363.11111
B36: 45923 | C36: 17 | D36: CARIB AMBER | F36: =[3]Sept!$N91 -> 967 | G36: 5703 | H36: =(G36)*24/(F36/60)/17000*100 -> 49.956323 | J36: =SUM(96.8,97.5,99.7,96,94)-97.5 -> 386.5 | K36: =(G36)*0.066 -> 376.398 | L36: =J36-K36 -> 10.102 | M36: =[3]Sept!$AD36 -> 474 | N36: =12+9+24 -> 45 | P36: =(J36-K36)/J36*100 -> 2.6137128 | Q36: =(G36)/(F36/60) -> 353.85729 | R36: =((J38+J36)-(K36+K38))/(J38+J36)*100 -> 2.2818182
B37: 45924 | C37: 18 | D37: WASHER BREAKDOWN | H37: =(G37)*24/(F37/60)/17000*100 -> #DIV/0! | K37: =(G37)*0.066 -> 0 | L37: =J37-K37 -> 0 | M37: =[3]Sept!$AD37 -> 1440 | P37: =(J37-K37)/J37*100 -> #DIV/0! | Q37: =(G37)/(F37/60) -> #DIV/0!
B38: 45925 | C38: 19 | D38: CARIB AMBER | E38: 1440 | F38: =[3]Sept!$N93 -> 170 | G38: 1463 | H38: =(G38)*24/(F38/60)/17000*100 -> 72.896886 | I38: 2 | J38: 97.5 | K38: =(G38)*0.066 -> 96.558 | L38: =J38-K38 -> 0.942 | M38: =[3]Sept!$AD38 -> 609 | N38: 13 | P38: =(J38-K38)/J38*100 -> 0.96615385 | Q38: =(G38)/(F38/60) -> 516.35294
B39: 45925 | C39: 19 | D39: GUINNESS | F39: =[3]Sept!$N94 -> 453 | G39: 2824 | H39: =(G39)*24/(F39/60)/17000*100 -> 52.80561 | I39: 23 | J39: =SUM(92.4,95.6) -> 188 | K39: =(G39)*0.066 -> 186.384 | L39: =J39-K39 -> 1.616 | M39: =[3]Sept!$AD39 -> 145 | N39: 15 | P39: =(J39-K39)/J39*100 -> 0.85957447 | Q39: =(G39)/(F39/60) -> 374.03974
B40: 45926 | C40: 20 | D40: MACKESON | E40: 1260 | F40: =[3]Sept!$N95 -> 792 | G40: 5807 | H40: =(G40)*24/(F40/60)/17000*100 -> 62.106952 | I40: 97 | J40: =SUM(98,97,95,96) -> 386 | K40: =(G40)*0.066 -> 383.262 | L40: =J40-K40 -> 2.738 | M40: =[3]Sept!$AD40 -> 224 | N40: 10 | P40: =(J40-K40)/J40*100 -> 0.70932642 | Q40: =(G40)/(F40/60) -> 439.92424
B41: 45926 | C41: 20 | D41: CARIB AMBER | F41: =[3]Sept!$N96 -> 309 | G41: 2121 | H41: =(G41)*24/(F41/60)/17000*100 -> 58.142776 | J41: =SUM(97.1,99.8)-33-14-7 -> 142.9 | K41: =(G41)*0.066 -> 139.986 | L41: =J41-K41 -> 2.914 | M41: =[3]Sept!$AD41 -> 132 | N41: =9+16+3 -> 28 | P41: =(J41-K41)/J41*100 -> 2.0391882 | Q41: =(G41)/(F41/60) -> 411.84466 | R41: =((J42+J41+J43)-(K42+K41+K43))/(J42+J41+J43)*100 -> 3.0726483
B42: 45929 | C42: 21 | D42: CARIB FLINT (EXPORT) | E42: 1440 | F42: =[3]Sept!$N97 -> 919 | G42: 2865 | H42: =(G42)*24/(F42/60)/17000*100 -> 26.40722 | J42: =SUM(33,100,97.6)-5.9-28 -> 196.7 | K42: =(G42)*0.066 -> 189.09 | L42: =J42-K42 -> 7.61 | M42: =[3]Sept!$AD42 -> 1016 | N42: =3+18+13 -> 34 | P42: =(J42-K42)/J42*100 -> 3.8688358 | Q42: =(G42)/(F42/60) -> 187.05114
B43: 45930 | C43: 22 | D43: CARIB FLINT (EXPORT) | E43: 1440 | F43: =[3]Sept!$N98 -> 75 | G43: 88 | H43: =(G43)*24/(F43/60)/17000*100 -> 9.9388235 | J43: 5.9 | K43: =(G43)*0.066 -> 5.808 | L43: =J43-K43 -> 0.092 | M43: =[3]Sept!$AD43 -> 339 | N43: 18 | P43: =(J43-K43)/J43*100 -> 1.559322 | Q43: =(G43)/(F43/60) -> 70.4
B44: 45930 | C44: 22 | D44: SHANDY LIME ( EXPORT) | F44: =[3]Sept!$N99 -> 569 | G44: 1003 | H44: =(G44+G45)*24/(F44/60)/17000*100 -> 21.377442 | J44: 99.4 | K44: =(G44+G45)*0.066 -> 94.776 | L44: =J44-K44 -> 4.624 | M44: =[3]Sept!$AD44 -> 295 | N44: 13 | P44: =(J44-K44)/J44*100 -> 4.6519115 | Q44: =(G44+G45)/(F44/60) -> 151.42355
B45: 45930 | C45: 22 | D45: SHANDY LIME ( LOCAL) | G45: 433 | I45: 30
B46: 45930 | C46: 22 | D46: SHANDY GINGER (LOCAL) | F46: =[3]Sept!$N100 -> 92 | G46: 312 | H46: =(G46)*24/(F46/60)/17000*100 -> 28.726343 | J46: 101.2 | K46: =(G46+G47)*0.066 -> 97.944 | L46: =J46-K46 -> 3.256 | M46: =[3]Sept!$AD45 -> 40 | N46: 15 | P46: =(J46-K46)/J46*100 -> 3.2173913 | Q46: =(G46)/(F46/60) -> 203.47826
B47: 45930 | C47: 22 | D47: SHANDY GINGER (EXPORT) | F47: =[3]Sept!$N101 -> 306 | G47: 1172 | H47: =(G47)*24/(F47/60)/17000*100 -> 32.442907 | M47: =[3]Sept!$AD46 -> 162 | Q47: =(G47)/(F47/60) -> 229.80392
H48: =(G48)*24/(F48/60)/17000*100 -> #DIV/0! | K48: =(G48)*0.066 -> 0 | L48: =J48-K48 -> 0 | P48: =(J48-K48)/J48*100 -> #DIV/0! | Q48: =(G48)/(F48/60) -> #DIV/0!
H49: =(G49)*24/(F49/60)/17000*100 -> #DIV/0! | K49: =(G49)*0.066 -> 0 | L49: =J49-K49 -> 0 | P49: =(J49-K49)/J49*100 -> #DIV/0! | Q49: =(G49)/(F49/60) -> #DIV/0!
H50: =(G50)*24/(F50/60)/17000*100 -> #DIV/0! | K50: =(G50)*0.066 -> 0 | L50: =J50-K50 -> 0 | P50: =(J50-K50)/J50*100 -> #DIV/0! | Q50: =(G50)/(F50/60) -> #DIV/0!
H51: =(G51)*24/(F51/60)/17000*100 -> #DIV/0! | K51: =(G51)*0.066 -> 0 | L51: =J51-K51 -> 0 | P51: =(J51-K51)/J51*100 -> #DIV/0! | Q51: =(G51)/(F51/60) -> #DIV/0!
H52: =(G52)*24/(F52/60)/17000*100 -> #DIV/0! | K52: =(G52)*0.066 -> 0 | L52: =J52-K52 -> 0 | P52: =(J52-K52)/J52*100 -> #DIV/0! | Q52: =(G52)/(F52/60) -> #DIV/0!
H53: =(G53)*24/(F53/60)/17000*100 -> #DIV/0! | K53: =(G53)*0.066 -> 0 | L53: =J53-K53 -> 0
E54: =SUM(E8:E53) -> 24284 | F54: =SUM(F8:F53) -> 16984 | G54: =SUM(G8:G53) -> 113111 | H54: =(G54)*24/(F54/60)/17000*100 -> 56.412901 | I54: =SUM(I8:I53) -> 1215.18 | J54: =SUM(J8:J53) -> 7654.4 | K54: =SUM(K8:K53) -> 7491.0012 | L54: =J54-K54 -> 163.3988 | M54: =SUM(M8:M53) -> 11855 | N54: =SUM(N8:N53) -> 638 | O54: =SUM(O8:O53) -> 0 | P54: =(J54-K54)/J54 -> 0.021347042 | Q54: =G54/(E54/60) -> 279.47043 | R54: =(January_2025!G65+February_2025!G63+March_2025!G62+'April_2025 '!G54+May_2025!G63+June_2025!G57+July_2025!G55+August_2025!G57+G54)/((January_2025!E65+February_2025!E63+March_2025!E62+'April_2025 '!E54+May_2025!E63+June_2025!E57+July_2025!E55+August_2025!E57+E54)/60) -> 274.62897
N55: KEGS
K56: Produced | L56: =G54+O56 -> 113111 | N56: TOTAL CASES | O56: =O54*2.75 -> 0 | P56: Case Per Hr- Old | Q56: 399.59138 | R56: 373.31684
N58: Stag | O58: 20
N59: Carib | O59: 51
N60: Bad Dog
N61: Total Kegs | O61: =SUM(O58:O60) -> 71

Sheet October_2025
B1: GRENADA BREWERIES LIMITED
B3: PRODUCTION DEPARTMENT
B4: 45931
B5: DATE | C5: DAY | D5: PRODUCT | F5: FILL | G5: CASES | H5: Line Rated | I5: Cases on Hold | J5: BBT | K5: BOTTLED | L5: Diff BBT Hls vs Hls in Package | M5: DOWNTIME (Mins) | N5: REJECTS (Cases) | O5: KEGS | P5: BOTTLED | Q5: AVERAGE | R5: YTD
E6: TIME | F6: TIME | G6: BOTTLED | H6: Efficiency | J6: HLS | K6: HLS | P6: LOSS | Q6: CASE/HR | R6: Ave Case per hour
F7: Mins | H7: %
B8: 45931 | C8: 1 | D8: SHANDY SORREL EXPORT | E8: 1405 | F8: =[3]Oct!$N79 -> 367 | G8: 1512 | H8: =(G8+G9)*24/(F8/60)/17000*100 -> 47.823049 | J8: =SUM(98.3,40.1) -> 138.4 | K8: =(G8+G9)*0.066 -> 136.752 | L8: =J8-K8 -> 1.648 | M8: =[3]Oct!$AD8 -> 135 | N8: 6 | P8: =(J8-K8)/J8*100 -> 1.1907514 | Q8: =(G8+G9)/(F8/60) -> 338.74659
B9: 45931 | C9: 1 | D9: SHANDY SORREL LOCAL | G9: 560 | M9: =[3]Oct!$AD9 -> 5
B10: 45931 | C10: 1 | D10: STAG | F10: =[3]Oct!$N81 -> 854 | G10: 6952 | H10: =(G10)*24/(F10/60)/17000*100 -> 68.954952 | J10: =SUM(93.7,100,90,97,91) -> 471.7 | K10: =(G10)*0.066+(15*0.19) -> 461.682 | L10: =J10-K10 -> 10.018 | M10: =[3]Oct!$AD10 -> 279 | N10: =12+25+3 -> 40 | O10: 15 | P10: =(J10-K10)/J10*100 -> 2.1238075 | Q10: =(G10)/((F10+F11)/60) -> 456.36761
B11: 45932 | C11: 1 | D11: STAG | E11: 1440 | F11: =[3]Oct!$N82 -> 60 | G11: 0 | M11: =[3]Oct!$AD11 -> 14
B12: 45932 | C12: 2 | D12: STAR MALT | F12: =[3]Oct!$N83 -> 912 | G12: 7513 | H12: =(G12)*24/(F12/60)/17000*100 -> 69.780186 | J12: =SUM(100,98,103.1,98,107.4) -> 506.5 | K12: =(G12)*0.066 -> 495.858 | L12: =J12-K12 -> 10.642 | M12: =[3]Oct!$AD12 -> 191 | N12: =3+7+3 -> 13 | P12: =(J12-K12)/J12*100 -> 2.1010859 | Q12: =(G12)/(F12/60) -> 494.27632
B13: 45932 | C13: 2 | D13: CARIB AMBER | F13: =[3]Oct!$N84 -> 286 | G13: 2335 | H13: =(G13)*24/(F13/60)/17000*100 -> 69.156726 | I13: 12 | J13: =94+(95.1-(35*0.19))-22.8 -> 159.65 | K13: =(G13)*0.066 -> 154.11 | L13: =J13-K13 -> 5.54 | M13: =[3]Oct!$AD13 -> 98 | O13: 35 | P13: =(J13-K13)/J13*100 -> 3.4700908 | Q13: =(G13)/(F13/60) -> 489.86014 | R13: =((J15+J13+J14)-(K13+K15+K14))/(J15+J13+J14)*100 -> 2.3661454
B14: 45933 | C14: 3 | D14: CARIB AMBER | E14: 1210 | F14: =[3]Oct!$N85 -> 208 | G14: 1811 | H14: =(G14)*24/(F14/60)/17000*100 -> 73.751131 | I14: 144 | J14: =SUM(22.8,100) -> 122.8 | K14: =(G14)*0.066 -> 119.526 | L14: =J14-K14 -> 3.274 | M14: =[3]Oct!$AD14 -> 39 | N14: 12 | P14: =(J14-K14)/J14*100 -> 2.6661238 | Q14: =(G14)/(F14/60) -> 522.40385
B15: 45933 | C15: 3 | D15: CARIB FLINT ( EXPORT) | F15: =[3]Oct!$N86 -> 336 | G15: 1482 | H15: =(G15)*24/(F15/60)/17000*100 -> 37.361345 | J15: 98 | K15: =(G15)*0.066 -> 97.812 | L15: =J15-K15 -> 0.188 | M15: =[3]Oct!$AD15 -> 189 | N15: 15 | P15: =(J15-K15)/J15*100 -> 0.19183673 | Q15: =(G15)/(F15/60) -> 264.64286
B16: 45933 | C16: 3 | D16: TING ORIGINAL | F16: =[3]Oct!$N87 -> 245 | G16: 1184 | H16: =(G16)*24/(F16/60)/17000*100 -> 40.935414 | I16: 274 | J16: =K16*1.02 -> 79.70688 | K16: =(G16)*0.066 -> 78.144 | L16: =J16-K16 -> 1.56288 | M16: =[3]Oct!$AD16 -> 368 | N16: 12 | P16: =(J16-K16)/J16*100 -> 1.9607843 | Q16: =(G16)/(F16/60) -> 289.95918 | R16: =((J17+J16)-(K17+K16))/(J17+J16)*100 -> 1.9607843
B17: 45936 | C17: 4 | D17: TING ORIGINAL | E17: 847 | F17: =[3]Oct!$N88 -> 344 | G17: 2354 | H17: =(G17)*24/(F17/60)/17000*100 -> 57.964432 | J17: =K17*1.02 -> 158.47128 | K17: =(G17)*0.066 -> 155.364 | L17: =J17-K17 -> 3.10728 | M17: =[3]Oct!$AD17 -> 296 | N17: 4 | P17: =(J17-K17)/J17*100 -> 1.9607843 | Q17: =(G17)/(F17/60) -> 410.5814
B18: 45936 | C18: 4 | D18: STAG | F18: =[3]Oct!$N89 -> 181 | G18: 1540 | H18: =(G18)*24/(F18/60)/17000*100 -> 72.070198 | J18: =SUM(96,96.8)-89 -> 103.8 | K18: =(G18)*0.066 -> 101.64 | L18: =J18-K18 -> 2.16 | M18: =[3]Oct!$AD18 -> 90 | N18: 6 | P18: =(J18-K18)/J18*100 -> 2.0809249 | Q18: =(G18)/(F18/60) -> 510.49724 | R18: =((J19+J18)-(K19+K18))/(J19+J18)*100 -> 2.0954357
B19: 45937 | C19: 5 | D19: STAG | E19: 839 | F19: =[3]Oct!$N90 -> 146 | G19: 1320 | H19: =(G19)*24/(F19/60)/17000*100 -> 76.5834 | J19: 89 | K19: =(G19)*0.066 -> 87.12 | L19: =J19-K19 -> 1.88 | M19: =[3]Oct!$AD19 -> 106 | N19: 11 | P19: =(J19-K19)/J19*100 -> 2.1123596 | Q19: =(G19)/(F19/60) -> 542.46575
B20: 45937 | C20: 5 | D20: CARIB AMBER | F20: =[3]Oct!$N91 -> 616 | G20: 3225 | H20: =(G20)*24/(F20/60)/17000*100 -> 44.34683 | J20: =SUM(79.5,99.4,98.9,102)-82.2-79 -> 218.6 | K20: =(G20)*0.066 -> 212.85 | L20: =J20-K20 -> 5.75 | M20: =[3]Oct!$AD20 -> 286 | N20: 17 | P20: =(J20-K20)/J20*100 -> 2.6303751 | Q20: =(G20)/(F20/60) -> 314.12338 | R20: =((J21+J20)-(K21+K20))/(J21+J20)*100 -> 2.1476726
B21: 45938 | C21: 6 | D21: CARIB AMBER | E21: 850 | F21: =[3]Oct!$N92 -> 585 | G21: 5088 | H21: =(G21)*24/(F21/60)/17000*100 -> 73.672398 | J21: =SUM(82.2,79,81.9,99) -> 342.1 | K21: =(G21)*0.066 -> 335.808 | L21: =J21-K21 -> 6.292 | M21: =[3]Oct!$AD21 -> 101 | N21: =12+11 -> 23 | P21: =(J21-K21)/J21*100 -> 1.8392283 | Q21: =(G21)/(F21/60) -> 521.84615
B22: 45938 | C22: 6 | D22: GUINNESS | F22: =[3]Oct!$N93 -> 163 | G22: 1100 | H22: =(G22)*24/(F22/60)/17000*100 -> 57.163479 | J22: =SUM(93.9,93)-58.5-54.1 -> 74.3 | K22: =(G22)*0.066 -> 72.6 | L22: =J22-K22 -> 1.7 | M22: =[3]Oct!$AD22 -> 102 | N22: 8 | P22: =(J22-K22)/J22*100 -> 2.2880215 | Q22: =(G22)/(F22/60) -> 404.90798 | R22: =((J23+J22)-(K23+K22))/(J23+J22)*100 -> 1.3001605
B23: 45939 | C23: 7 | D23: GUINNESS | E23: 846 | F23: =[3]Oct!$N94 -> 248 | G23: 1695 | H23: =(G23)*24/(F23/60)/17000*100 -> 57.893738 | J23: =SUM(58.5,54.1) -> 112.6 | K23: =(G23)*0.066 -> 111.87 | L23: =J23-K23 -> 0.73 | M23: =[3]Oct!$AD23 -> 127 | N23: 17 | P23: =(J23-K23)/J23*100 -> 0.64831261 | Q23: =(G23)/(F23/60) -> 410.08065
B24: 45939 | C24: 7 | D24: J.COOL ( CREAM SODA) EXPORT | F24: =[3]Oct!$N95 -> 208 | G24: 1293 | H24: =(G24)*24/(F24/60)/17000*100 -> 52.656109 | J24: =K24*1.02 -> 87.04476 | K24: =(G24)*0.066 -> 85.338 | L24: =J24-K24 -> 1.70676 | M24: =[3]Oct!$AD24 -> 354 | N24: 30 | P24: =(J24-K24)/J24*100 -> 1.9607843 | Q24: =(G24)/(F24/60) -> 372.98077
B25: 45940 | C25: 8 | D25: J.COOL ( KOLA CHAMPAGNE) EXPORT | E25: 732 | F25: =[3]Oct!$N96 -> 244 | G25: 1203 | H25: =(G25)*24/(F25/60)/17000*100 -> 41.762777 | J25: =K25*1.02 -> 80.98596 | K25: =(G25)*0.066 -> 79.398 | L25: =J25-K25 -> 1.58796 | M25: =[3]Oct!$AD25 -> 206 | N25: 52 | P25: =(J25-K25)/J25*100 -> 1.9607843 | Q25: =(G25)/(F25/60) -> 295.81967
B26: 45940 | C26: 8 | D26: J.COOL ( GINGER) EXPORT | F26: =[3]Oct!$N97 -> 189 | G26: 1386 | H26: =(G26)*24/(F26/60)/17000*100 -> 62.117647 | J26: =K26*1.02 -> 93.30552 | K26: =(G26)*0.066 -> 91.476 | L26: =J26-K26 -> 1.82952 | M26: =[3]Oct!$AD26 -> 202 | N26: 10 | P26: =(J26-K26)/J26*100 -> 1.9607843 | Q26: =(G26)/(F26/60) -> 440
B27: 45943 | C27: 9 | D27: J COOL ( SORREL) EXPORT | E27: 1380 | F27: =[3]Oct!$N98 -> 210 | G27: 984 | H27: =(G27)*24/(F27/60)/17000*100 -> 39.690756 | J27: =K27*1.02 -> 66.24288 | K27: =(G27)*0.066 -> 64.944 | L27: =J27-K27 -> 1.29888 | M27: =[3]Oct!$AD27 -> 1198 | N27: =1+3 -> 4 | P27: =(J27-K27)/J27*100 -> 1.9607843 | Q27: =(G27)/(F27/60) -> 281.14286
B28: 45944 | C28: 10 | D28: J COOL ( SORREL) EXPORT | E28: 1440 | F28: =[3]Oct!$N99 -> 74 | G28: 464 | H28: =(G28)*24/(F28/60)/17000*100 -> 53.112878 | J28: =K28*1.02 -> 31.23648 | K28: =(G28)*0.066 -> 30.624 | L28: =J28-K28 -> 0.61248 | M28: =[3]Oct!$AD28 -> 37 | N28: 2 | P28: =(J28-K28)/J28*100 -> 1.9607843 | Q28: =(G28)/(F28/60) -> 376.21622
B29: 45944 | C29: 10 | D29: J.COOL (GRAPE) EXPORT | F29: =[3]Oct!$N100 -> 240 | G29: 1067 | H29: =(G29)*24/(F29/60)/17000*100 -> 37.658824 | I29: 2.19 | J29: =K29*1.02 -> 71.83044 | K29: =(G29)*0.066 -> 70.422 | L29: =J29-K29 -> 1.40844 | M29: =[3]Oct!$AD29 -> 89 | N29: =2+5 -> 7 | P29: =(J29-K29)/J29*100 -> 1.9607843 | Q29: =(G29)/(F29/60) -> 266.75
B30: 45944 | C30: 10 | D30: STAG | F30: =[3]Oct!$N101 -> 765 | G30: 4041 | H30: =(G30)*24/(F30/60)/17000*100 -> 44.744637 | I30: 2 | J30: =SUM(98.2,97.9,104.4,93.9,98)-65.5-4.2-82.3-66.7 -> 273.7 | K30: =(G30)*0.066 -> 266.706 | L30: =J30-K30 -> 6.994 | M30: =[3]Oct!$AD30 -> 516 | N30: =14+6 -> 20 | P30: =(J30-K30)/J30*100 -> 2.5553526 | Q30: =(G30)/(F30/60) -> 316.94118 | R30: =((J31+J30)-(K31+K30))/(J31+J30)*100 -> 1.456845
B31: 45945 | C31: 11 | D31: STAG | E31: 1437 | F31: =[3]Oct!$N102 -> 646 | G31: 4695 | H31: =(G31)*24/(F31/60)/17000*100 -> 61.562557 | J31: =SUM(66.7,65.5,96.9,82.3) -> 311.4 | K31: =(G31)*0.066 -> 309.87 | L31: =J31-K31 -> 1.53 | M31: =[3]Oct!$AD31 -> 141 | N31: =4+3 -> 7 | P31: =(J31-K31)/J31*100 -> 0.49132948 | Q31: =(G31)/(F31/60) -> 436.06811
B32: 45945 | C32: 11 | D32: CARIBE PEARSECCO | F32: =[3]Oct!$N103 -> 209 | G32: 438 | H32: =(G32)*24/(F32/60)/17000*100 -> 17.751759 | J32: =SUM(80,86)-77.5-58.9 -> 29.6 | K32: =(G32)*0.066 -> 28.908 | L32: =J32-K32 -> 0.692 | M32: =[3]Oct!$AD32 -> 655 | N32: 3 | P32: =(J32-K32)/J32*100 -> 2.3378378 | Q32: =(G32)/(F32/60) -> 125.74163 | R32: =((J33+J32)-(K33+K32))/(J33+J32)*100 -> 2.4313253
B33: 45946 | C33: 12 | D33: CARIBE PEARSECCO | E33: 1408 | F33: =[3]Oct!$N104 -> 368 | G33: 2016 | H33: =(G33)*24/(F33/60)/17000*100 -> 46.404092 | I33: 32 | J33: =SUM(77.5,58.9) -> 136.4 | K33: =(G33)*0.066 -> 133.056 | L33: =J33-K33 -> 3.344 | M33: =[3]Oct!$AD33 -> 314 | N33: =12+8 -> 20 | P33: =(J33-K33)/J33*100 -> 2.4516129 | Q33: =(G33)/(F33/60) -> 328.69565
B34: 45946 | C34: 12 | D34: CARIBE ROSE | F34: =[3]Oct!$N105 -> 748 | G34: 4326 | H34: =(G34)*24/(F34/60)/17000*100 -> 48.98899 | I34: 11 | J34: =SUM(93,67,93,98)-56.7 -> 294.3 | K34: =(G34)*0.066 -> 285.516 | L34: =J34-K34 -> 8.784 | M34: =[3]Oct!$AD34 -> 306 | N34: =9+8 -> 17 | P34: =(J34-K34)/J34*100 -> 2.9847095 | Q34: =(G34)/(F34/60) -> 347.00535 | R34: =((J35+J34)-(K35+K34))/(J35+J34)*100 -> 2.974359
B35: 45947 | C35: 13 | D35: CARIBE ROSE | E35: 1255 | F35: =[3]Oct!$N106 -> 144 | G35: 834 | H35: =(G35)*24/(F35/60)/17000*100 -> 49.058824 | J35: 56.7 | K35: =(G35)*0.066 -> 55.044 | L35: =J35-K35 -> 1.656 | M35: =[3]Oct!$AD35 -> 44 | N35: 8 | P35: =(J35-K35)/J35*100 -> 2.9206349 | Q35: =(G35)/(F35/60) -> 347.5
B36: 45947 | C36: 13 | D36: CARIB FLINT ( EXPORT) | F36: =[3]Oct!$N107 -> 354 | G36: 1624 | H36: =(G36)*24/(F36/60)/17000*100 -> 38.859422 | J36: =SUM(94.5,97.7,100,101.2,106.7)-94-104 -> 302.1 | K36: =(G36+G37+G38)*0.066 -> 295.68 | L36: =J36-K36 -> 6.42 | M36: =[3]Oct!$AD36 -> 265 | N36: =4+3 -> 7 | P36: =(J36-K36)/J36*100 -> 2.1251241 | Q36: =(G36)/(F36/60) -> 275.25424 | R36: =((J37+J36+J39)-(K37+K36+K39))/(J37+J36+J39)*100 -> 1.8320292
B37: 45947 | C37: 13 | D37: CARIB FLINT LOCAL | F37: =[3]Oct!$N108 -> 151 | G37: 1103 | H37: =(G37)*24/(F37/60)/17000*100 -> 61.874562 | M37: =[3]Oct!$AD37 -> 201 | N37: 3 | Q37: =(G37)/(F37/60) -> 438.27815
B38: 45947 | C38: 13 | D38: CARIB AMBER | F38: =[3]Oct!$N109 -> 210 | G38: 1753 | H38: =(G38)*24/(F38/60)/17000*100 -> 70.709244 | I38: 5 | M38: =[3]Oct!$AD38 -> 23 | N38: 7 | Q38: =(G38)/(F38/60) -> 500.85714
B39: 45951 | C39: 14 | D39: CARIB AMBER | E39: 1440 | F39: =[3]Oct!$N110 -> 520 | G39: 4074 | H39: =(G39)*24/(F39/60)/17000*100 -> 66.363801 | I39: 3 | J39: =SUM(94,104,75) -> 273 | K39: =(G39)*0.066 -> 268.884 | L39: =J39-K39 -> 4.116 | M39: =[3]Oct!$AD39 -> 865 | N39: =10+4 -> 14 | P39: =(J39-K39)/J39*100 -> 1.5076923 | Q39: =(G39)/(F39/60) -> 470.07692
B40: 45951 | C40: 14 | D40: STAG | F40: =[3]Oct!$N111 -> 90 | G40: 678 | H40: =(G40)*24/(F40/60)/17000*100 -> 63.811765 | J40: =SUM(97.5)-51.9 -> 45.6 | K40: =(G40)*0.066 -> 44.748 | L40: =J40-K40 -> 0.852 | M40: =[3]Oct!$AD40 -> 53 | N40: 0 | P40: =(J40-K40)/J40*100 -> 1.8684211 | Q40: =(G40)/(F40/60) -> 452 | R40: =((J41+J40)-(K41+K40))/(J41+J40)*100 -> 1.6697674
B41: 45952 | C41: 15 | D41: STAG | E41: 1425 | F41: =[3]Oct!$N112 -> 812 | G41: 6369 | H41: =(G41)*24/(F41/60)/17000*100 -> 66.439873 | J41: =SUM(51.9,93.5,98.5,97.2,86.3) -> 427.4 | K41: =(G41)*0.066 -> 420.354 | L41: =J41-K41 -> 7.046 | M41: =[3]Oct!$AD41 -> 197 | N41: =28+2+18 -> 48 | P41: =(J41-K41)/J41*100 -> 1.6485728 | Q41: =(G41)/(F41/60) -> 470.61576
B42: 45952 | C42: 15 | D42: CARIB FLINT LOCAL | F42: =[3]Oct!$N113 -> 392 | G42: 2946 | H42: =(G42)*24/(F42/60)/17000*100 -> 63.659064 | J42: =SUM(89,98.2,85.4,98.8)-63.6-65 -> 242.8 | K42: =(G42+G43)*0.066 -> 237.402 | L42: =J42-K42 -> 5.398 | M42: =[3]Oct!$AD42 -> 110 | N42: 22 | P42: =(J42-K42)/J42*100 -> 2.223229 | Q42: =(G42)/(F42/60) -> 450.91837 | R42: =((J43+J42+J45+J44)-(K43+K42+K45+K44))/(J43+J42+J45+J44)*100 -> 2.0263848
B43: 45952 | C43: 15 | D43: CARIB AMBER | F43: =[3]Oct!$N114 -> 92 | G43: 651 | H43: =(G43)*24/(F43/60)/17000*100 -> 59.938619 | L43: =J43-K43 -> 0 | M43: =[3]Oct!$AD43 -> 10 | N43: 0 | Q43: =(G43)/(F43/60) -> 424.56522
B44: 45953 | C44: 16 | D44: CARIB AMBER | E44: 1440 | F44: =[3]Oct!$N115 -> 1335 | G44: 10392 | H44: =(G44)*24/(F44/60)/17000*100 -> 65.937343 | I44: 7 | J44: =SUM(63.6,65,99,99,94.6,90.5,97.8,101,97.3)-43.4-63.8 -> 700.6 | K44: =(G44)*0.066 -> 685.872 | L44: =J44-K44 -> 14.728 | M44: =[3]Oct!$AD44 -> 285 | N44: =24+24+33 -> 81 | P44: =(J44-K44)/J44*100 -> 2.1021981 | Q44: =(G44)/(F44/60) -> 467.05618
B45: 45954 | C45: 17 | D45: CARIB AMBER | E45: 1260 | F45: =[3]Oct!$N116 -> 606 | G45: 3002 | H45: =(G45)*24/(F45/60)/17000*100 -> 41.961561 | I45: 20 | J45: =SUM(43.4,63.8,94) -> 201.2 | K45: =(G45)*0.066 -> 198.132 | L45: =J45-K45 -> 3.068 | M45: =[3]Oct!$AD45 -> 290 | N45: =8+6 -> 14 | P45: =(J45-K45)/J45*100 -> 1.5248509 | Q45: =(G45)/(F45/60) -> 297.22772
B46: 45954 | C46: 17 | D46: GUINNESS | F46: =[3]Oct!$N117 -> 403 | G46: 3287 | H46: =(G46)*24/(F46/60)/17000*100 -> 69.088892 | J46: =SUM(93.5,92,92,95.7)-70.5-85.6 -> 217.1 | K46: =(G46)*0.066 -> 216.942 | L46: =J46-K46 -> 0.158 | M46: =[3]Oct!$AD46 -> 128 | N46: =15+2 -> 17 | P46: =(J46-K46)/J46*100 -> 0.072777522 | Q46: =(G46)/(F46/60) -> 489.37965 | R46: =((J47+J46)-(K47+K46))/(J47+J46)*100 -> 0.16092694
B47: 45957 | C47: 18 | D47: GUINNESS | E47: 1355 | F47: =[3]Oct!$N118 -> 192 | G47: 1413 | H47: =(G47)*24/(F47/60)/17000*100 -> 62.338235 | J47: =SUM(70.5,85.6)-62.5 -> 93.6 | K47: =(G47)*0.066 -> 93.258 | L47: =J47-K47 -> 0.342 | M47: =[3]Oct!$AD47 -> 85 | N47: 12 | P47: =(J47-K47)/J47*100 -> 0.36538462 | Q47: =(G47)/(F47/60) -> 441.5625
B48: 45957 | C48: 18 | D48: STAG | F48: =[3]Oct!$N119 -> 104 | G48: 614 | H48: =(G48)*24/(F48/60)/17000*100 -> 50.00905 | J48: =SUM(42.1) -> 42.1 | K48: =(G48)*0.066 -> 40.524 | L48: =J48-K48 -> 1.576 | M48: =[3]Oct!$AD48 -> 96 | N48: 0 | P48: =(J48-K48)/J48*100 -> 3.7434679 | Q48: =(G48)/(F48/60) -> 354.23077
B49: 45957 | C49: 18 | D49: CARIB AMBER | F49: =[3]Oct!$N120 -> 895 | G49: 6627 | H49: =(G49)*24/(F49/60)/17000*100 -> 62.72021 | I49: 3 | J49: =SUM(97.5,54.4,97.4,64,96.3,81.2)-41.9 -> 448.9 | K49: =(G49)*0.066 -> 437.382 | L49: =J49-K49 -> 11.518 | M49: =[3]Oct!$AD49 -> 184 | N49: =15+7 -> 22 | P49: =(J49-K49)/J49*100 -> 2.5658276 | Q49: =(G49)/(F49/60) -> 444.26816 | R49: =((J50+J49)-(K50+K49))/(J50+J49)*100 -> 1.7885463
B50: 45958 | C50: 19 | D50: CARIB AMBER | E50: 1440 | F50: =[3]Oct!$N121 -> 693 | G50: 4520 | H50: =(G50)*24/(F50/60)/17000*100 -> 55.248281 | J50: =SUM(41.9,56,9,64.3,65,64) -> 300.2 | K50: =(G50)*0.066 -> 298.32 | L50: =J50-K50 -> 1.88 | M50: =[3]Oct!$AD50 -> 201 | N50: =15+6 -> 21 | P50: =(J50-K50)/J50*100 -> 0.62624917 | Q50: =(G50)/(F50/60) -> 391.34199
B51: 45958 | C51: 19 | D51: GUINNESS | F51: =[3]Oct!$N122 -> 94 | G51: 961 | H51: =(G51)*24/(F51/60)/17000*100 -> 86.598248 | J51: =62.5+1 -> 63.5 | K51: =(G51)*0.066 -> 63.426 | L51: =J51-K51 -> 0.074 | M51: =[3]Oct!$AD51 -> 62 | N51: 6 | P51: =(J51-K51)/J51*100 -> 0.11653543 | Q51: =(G51)/(F51/60) -> 613.40426
B52: 45958 | C52: 19 | D52: STAG | F52: =[3]Oct!$N123 -> 443 | G52: 3226 | H52: =(G52)*24/(F52/60)/17000*100 -> 61.684238 | I52: 30 | J52: =SUM(91.3,95,80)-50 -> 216.3 | K52: =(G52)*0.066 -> 212.916 | L52: =J52-K52 -> 3.384 | M52: =[3]Oct!$AD52 -> 176 | N52: 9 | P52: =(J52-K52)/J52*100 -> 1.5644938 | Q52: =(G52)/(F52/60) -> 436.93002 | R52: =((J53+J52)-(K53+K52))/(J53+J52)*100 -> 0.94282964
B53: 45959 | C53: 20 | D53: STAG | E53: 1435 | F53: =[3]Oct!$N124 -> 649 | G53: 4571 | H53: =(G53)*24/(F53/60)/17000*100 -> 59.659567 | J53: =SUM(50,100,88.2,65) -> 303.2 | K53: =(G53)*0.066 -> 301.686 | L53: =J53-K53 -> 1.514 | M53: =[3]Oct!$AD53 -> 142 | N53: 12 | P53: =(J53-K53)/J53*100 -> 0.49934037 | Q53: =(G53)/(F53/60) -> 422.5886
B54: 45959 | C54: 20 | D54: VITA MALT ( CLASSIC) | F54: =[3]Oct!$N125 -> 542 | G54: 3790 | H54: =(G54)*24/(F54/60)/17000*100 -> 59.231604 | J54: =SUM(96,93.8,97.3,97.6)-59.9-56.2 -> 268.6 | K54: =(G54)*0.0708 -> 268.332 | L54: =J54-K54 -> 0.268 | M54: =[3]Oct!$AD54 -> 277 | N54: 11 | P54: =(J54-K54)/J54*100 -> 0.09977662 | Q54: =(G54)/(F54/60) -> 419.5572 | R54: =((J55+J54)-(K55+K54))/(J55+J54)*100 -> 0.10335326
B55: 45960 | C55: 21 | D55: VITA MALT ( CLASSIC) | E55: 1434 | F55: =[3]Oct!$N126 -> 279 | G55: 1638 | H55: =(G55)*24/(F55/60)/17000*100 -> 49.73055 | J55: =SUM(59.9,56.2) -> 116.1 | K55: =(G55)*0.0708 -> 115.9704 | L55: =J55-K55 -> 0.1296 | M55: =[3]Oct!$AD55 -> 95 | N55: 6 | P55: =(J55-K55)/J55*100 -> 0.11162791 | Q55: =(G55)/(F55/60) -> 352.25806
B56: 45960 | C56: 21 | D56: CARIB AMBER | F56: =[3]Oct!$N127 -> 901 | G56: 7028 | H56: =(G56)*24/(F56/60)/17000*100 -> 66.072468 | J56: =SUM(98,100,99.2,102,95,79.2)-43-43.8 -> 486.6 | K56: =(G56)*0.066+(50*0.19) -> 473.348 | L56: =J56-K56 -> 13.252 | M56: =[3]Oct!$AD56 -> 326 | N56: =22+10 -> 32 | O56: 50 | P56: =(J56-K56)/J56*100 -> 2.7233868 | Q56: =(G56)/(F56/60) -> 468.01332 | R56: =((J57+J56)-(K57+K56))/(J57+J56)*100 -> 2.1124009
B57: 45961 | C57: 22 | D57: CARIB AMBER | E57: 1254 | F57: =[3]Oct!$N128 -> 229 | G57: 1856 | H57: =(G57)*24/(F57/60)/17000*100 -> 68.652453 | J57: =SUM(43,43.8,95,98)-60 -> 219.8 | K57: =(G57+G58)*0.066 -> 218.13 | L57: =J57-K57 -> 1.67 | M57: =[3]Oct!$AD57 -> 89 | N57: 13 | P57: =(J57-K57)/J57*100 -> 0.75978162 | Q57: =(G57)/(F57/60) -> 486.28821
B58: 45961 | C58: 22 | D58: CARIB EXPORT | F58: =[3]Oct!$N129 -> 338 | G58: 1449 | H58: =(G58)*24/(F58/60)/17000*100 -> 36.313261 | L58: =J58-K58 -> 0 | M58: =[3]Oct!$AD58 -> 283 | N58: 2 | Q58: =(G58)/(F58/60) -> 257.21893
B59: 45961 | C59: 22 | D59: GINSENG UP ORIGNAL | F59: =[3]Oct!$N130 -> 405 | G59: 470 | H59: =(G59)*24/(F59/60)/17000*100 -> 9.8300654 | I59: 70 | J59: =SUM(102.9)-70 -> 32.9 | K59: =(G59)*0.066 -> 31.02 | L59: =J59-K59 -> 1.88 | M59: =[3]Oct!$AD59 -> 394 | P59: =(J59-K59)/J59*100 -> 5.7142857 | Q59: =(G59)/(F59/60) -> 69.62963
H60: =(G60)*24/(F60/60)/17000*100 -> #DIV/0! | K60: =(G60)*0.066 -> 0 | L60: =J60-K60 -> 0 | P60: =(J60-K60)/J60*100 -> #DIV/0! | Q60: =(G60)/(F60/60) -> #DIV/0!
H61: =(G61)*24/(F61/60)/17000*100 -> #DIV/0! | K61: =(G61)*0.066 -> 0 | L61: =J61-K61 -> 0 | P61: =(J61-K61)/J61*100 -> #DIV/0! | Q61: =(G61)/(F61/60) -> #DIV/0!
H62: =(G62)*24/(F62/60)/17000*100 -> #DIV/0! | K62: =(G62)*0.066 -> 0 | L62: =J62-K62 -> 0 | P62: =(J62-K62)/J62*100 -> #DIV/0! | Q62: =(G62)/(F62/60) -> #DIV/0!
H63: =(G63)*24/(F63/60)/17000*100 -> #DIV/0! | K63: =(G63)*0.066 -> 0 | L63: =J63-K63 -> 0 | P63: =(J63-K63)/J63*100 -> #DIV/0! | Q63: =(G63)/(F63/60) -> #DIV/0!
E64: =SUM(E8:E63) -> 27572 | F64: =SUM(F8:F63) -> 20325 | G64: =SUM(G8:G63) -> 136460 | H64: =(G64)*24/(F64/60)/17000*100 -> 56.870675 | I64: =SUM(I8:I63) -> 615.19 | J64: =SUM(J8:J63) -> 9209.9742 | K64: =SUM(K8:K63) -> 9044.7644 | L64: =J64-K64 -> 165.2098 | M64: =SUM(M8:M63) -> 11325 | N64: =SUM(N8:N63) -> 723 | O64: =SUM(O8:O63) -> 100 | P64: =(J64-K64)/J64 -> 0.017938139 | Q64: =G64/(E64/60) -> 296.95343 | R64: =(January_2025!G65+February_2025!G63+March_2025!G62+'April_2025 '!G54+May_2025!G63+June_2025!G57+July_2025!G55+August_2025!G57+September_2025!G54+G64)/((January_2025!E65+February_2025!E63+March_2025!E62+'April_2025 '!E54+May_2025!E63+June_2025!E57+July_2025!E55+August_2025!E57+September_2025!E54+E64)/60) -> 277.09489
N65: KEGS
K66: Produced | L66: =G64+O66 -> 136735 | N66: TOTAL CASES | O66: =O64*2.75 -> 275 | P66: Case Per Hr- Old | Q66: 402.83395 | R66: 376.58322
H68: 689 | I68: Carib | N68: Stag | O68: =SUM(O9+O30+O39) -> 0
H69: 1120 | I69: Carib | J69: Added | N69: Carib | O69: =SUM(O8+O27+O40) -> 0
N70: Bad Dog
N71: Total Kegs | O71: =SUM(O68:O70) -> 0
P75: =(J75-K75)/J75*100 -> #DIV/0!

Sheet November_2025
B1: GRENADA BREWERIES LIMITED
B3: PRODUCTION DEPARTMENT
B4: 45962
B5: DATE | C5: DAY | D5: PRODUCT | E5: AVAIL. | F5: FILL | G5: CASES | H5: Line Rated | I5: Cases on Hold | J5: BBT | K5: BOTTLED | L5: Diff BBT Hls vs Hls in Package | M5: DOWNTIME (Mins) | N5: REJECTS (Cases) | O5: KEGS | P5: BOTTLED | Q5: AVERAGE | R5: YTD
E6: TIME | F6: TIME | G6: BOTTLED | H6: Efficiency | J6: HLS | K6: HLS | P6: LOSS | Q6: CASE/HR | R6: Ave Case per hour
F7: Mins | H7: %
B8: 45964 | C8: 1 | D8: GINSENG ORIGINAL | E8: 1380 | F8: =[3]Nov!$N78 -> 373 | G8: 2546 | H8: =(G8)*24/(F8/60)/17000*100 -> 57.81801 | J8: =SUM(70,100) -> 170 | K8: =(G8)*0.066 -> 168.036 | L8: =J8-K8 -> 1.964 | M8: =[3]Nov!$AD8 -> 433 | N8: =12+5 -> 17 | P8: =(J8-K8)/J8*100 -> 1.1552941 | Q8: =(G8)/(F8/60) -> 409.54424
B9: 45964 | C9: 1 | D9: CARIB FLINT EXPORT (NR) | F9: =[3]Nov!$N79 -> 195 | G9: 791 | H9: =(G9)*24/(F9/60)/17000*100 -> 34.360181 | I9: 358 | J9: =SUM(99.9,60,101.7)-58.8-64.4 -> 138.4 | K9: =(G9+G10)*0.066 -> 137.742 | L9: =J9-K9 -> 0.658 | M9: =[3]Nov!$AD9 -> 206 | N9: 3 | P9: =(J9-K9)/J9*100 -> 0.47543353 | Q9: =(G9)/(F9/60) -> 243.38462 | R9: =((J10+J9)-(K10+K9))/(J10+J9)*100 -> 0.47543353
B10: 45964 | C10: 1 | D10: CARIB FLINT EXPORT (DT) | F10: =[3]Nov!$N80 -> 245 | G10: 1296 | H10: =(G10)*24/(F10/60)/17000*100 -> 44.807683 | L10: =J10-K10 -> 0 | M10: =[3]Nov!$AD10 -> 119 | N10: 2 | Q10: =(G10)/(F10/60) -> 317.38776
B11: 45965 | C11: 2 | D11: CARIB FLINT EXPORT (DT) | E11: 1452 | F11: =[3]Nov!$N81 -> 192 | G11: 882 | H11: =(G11)*24/(F11/60)/17000*100 -> 38.911765 | J11: =58.8+64.4+102+64.2+99.5+93+104.8+42-15 -> 613.7 | K11: =(G11+G12)*0.066 -> 605.22 | L11: =J11-K11 -> 8.48 | M11: =[3]Nov!$AD11 -> 113 | N11: =10 -> 10 | P11: =(J11-K11)/J11*100 -> 1.3817826 | Q11: =(G11)/(F11/60) -> 275.625 | R11: =((J13+J11+J12)-(K11+K13+K12))/(J13+J11+J12)*100 -> 1.3831716
B12: 45965 | C12: 2 | D12: CARIB AMBER | F12: =[3]Nov!$N82 -> 1098 | G12: 8288 | H12: =(G12)*24/(F12/60)/17000*100 -> 63.938284 | M12: =[3]Nov!$AD12 -> 234 | N12: =16+21 -> 37 | Q12: =(G12)/(F12/60) -> 452.89617
B13: 45966 | C13: 3 | D13: CARIB AMBER | E13: 1426 | F13: =[3]Nov!$N83 -> 21 | G13: 224 | H13: =(G13)*24/(F13/60)/17000*100 -> 90.352941 | J13: 15 | K13: =(G13)*0.066 -> 14.784 | L13: =J13-K13 -> 0.216 | M13: =[3]Nov!$AD13 -> 14 | N13: 3 | P13: =(J13-K13)/J13*100 -> 1.44 | Q13: =(G13)/(F13/60) -> 640
B14: 45966 | C14: 3 | D14: STAR MALT | F14: =[3]Nov!$N84 -> 329 | G14: 2891 | H14: =(G14)*24/(F14/60)/17000*100 -> 74.433041 | J14: =SUM(96,100) -> 196 | K14: =(G14)*0.066 -> 190.806 | L14: =J14-K14 -> 5.194 | M14: =[3]Nov!$AD14 -> 150 | N14: =2+7 -> 9 | P14: =(J14-K14)/J14*100 -> 2.65 | Q14: =(G14)/(F14/60) -> 527.23404
B15: 45966 | C15: 3 | D15: STAG | F15: =[3]Nov!$N85 -> 771 | G15: 4542 | H15: =(G15)*24/(F15/60)/17000*100 -> 49.900664 | J15: =SUM(95.5,91.5,93,101.9)-76.6 -> 305.3 | K15: =(G15)*0.066 -> 299.772 | L15: =J15-K15 -> 5.528 | M15: =[3]Nov!$AD15 -> 280 | N15: =7+3 -> 10 | P15: =(J15-K15)/J15*100 -> 1.810678 | Q15: =(G15)/(F15/60) -> 353.46304 | R15: =((J16+J15)-(K16+K15))/(J16+J15)*100 -> 1.5141162
B16: 45967 | C16: 4 | D16: STAG | E16: 1440 | F16: =[3]Nov!$N86 -> 552 | G16: 3713 | H16: =(G16)*24/(F16/60)/17000*100 -> 56.976982 | J16: =SUM(98.2,76,76.6) -> 250.8 | K16: =(G16)*0.066+ (15*0.19) -> 247.908 | L16: =J16-K16 -> 2.892 | M16: =[3]Nov!$AD16 -> 311 | N16: =5+7 -> 12 | O16: 15 | P16: =(J16-K16)/J16*100 -> 1.15311 | Q16: =(G16)/(F16/60) -> 403.58696
B17: 45967 | C17: 4 | D17: VITA MALT ( CLASSIC) | F17: =[3]Nov!$N87 -> 399 | G17: 2621 | H17: =(G17)*24/(F17/60)/17000*100 -> 55.642636 | I17: =171+560 -> 731 | J17: =SUM(95,93.4) -> 188.4 | K17: =(G17)*0.0708 -> 185.5668 | L17: =J17-K17 -> 2.8332 | M17: =[3]Nov!$AD17 -> 237 | N17: 10 | P17: =(J17-K17)/J17*100 -> 1.5038217 | Q17: =(G17)/(F17/60) -> 394.13534 | R17: =((J18+J17)-(K18+K17))/(J18+J17)*100 -> 1.1056284
B18: 45968 | C18: 5 | D18: VITA MALT GINGER | E18: 1260 | F18: =[3]Nov!$N88 -> 429 | G18: 2814 | H18: =(G18)*24/(F18/60)/17000*100 -> 55.56232 | J18: =SUM(100.5,100.2) -> 200.7 | K18: =(G18)*0.0708 -> 199.2312 | L18: =J18-K18 -> 1.4688 | M18: =[3]Nov!$AD18 -> 122 | P18: =(J18-K18)/J18*100 -> 0.73183857 | Q18: =(G18)/(F18/60) -> 393.56643
B19: 45968 | C19: 5 | D19: SHANDY LIME ( LOCAL ) | F19: =[3]Nov!$N89 -> 205 | G19: 1418 | H19: =(G19)*24/(F19/60)/17000*100 -> 58.591679 | J19: =SUM(97.7) -> 97.7 | K19: =(G19)*0.066 -> 93.588 | L19: =J19-K19 -> 4.112 | M19: =[3]Nov!$AD19 -> 101 | N19: 8 | P19: =(J19-K19)/J19*100 -> 4.2088025 | Q19: =(G19)/(F19/60) -> 415.02439
B20: 45968 | C20: 5 | D20: SHANDY GINGER ( LOCAL ) | F20: =[3]Nov!$N90 -> 157 | G20: 1477 | H20: =(G20)*24/(F20/60)/17000*100 -> 79.688273 | I20: 1477 | J20: 101.8 | K20: =(G20)*0.066 -> 97.482 | L20: =J20-K20 -> 4.318 | M20: =[3]Nov!$AD20 -> 70 | N20: 5 | P20: =(J20-K20)/J20*100 -> 4.2416503 | Q20: =(G20)/(F20/60) -> 564.4586
B21: 45971 | C21: 6 | D21: GUINNESS | E21: 910 | F21: =[3]Nov!$N91 -> 358 | G21: 2675 | H21: =(G21)*24/(F21/60)/17000*100 -> 63.292803 | J21: =SUM(97,80) -> 177 | K21: =(G21)*0.066 -> 176.55 | L21: =J21-K21 -> 0.45 | M21: =[3]Nov!$AD21 -> 595 | N21: 14 | P21: =(J21-K21)/J21*100 -> 0.25423729 | Q21: =(G21)/(F21/60) -> 448.32402
B22: 45972 | C22: 7 | D22: CARIB FLINT EXPORT ( NR ) | E22: 855 | F22: =[3]Nov!$N92 -> 593 | G22: 2249 | H22: =(G22)*24/(F22/60)/17000*100 -> 32.125384 | J22: =SUM(99.4,97.6,90.8,80.7)-75-75.7 -> 217.8 | K22: =(G22+G23)*0.066 -> 212.85 | L22: =J22-K22 -> 4.95 | M22: =[3]Nov!$AD22 -> 326 | N22: 8 | P22: =(J22-K22)/J22*100 -> 2.2727273 | Q22: =(G22)/(F22/60) -> 227.55481 | R22: =((J23+J22+J25+J24+J26+J28+J29+J30)-(K23+K22+K25+K24+K26+K28+K29+K30))/(J23+J22+J25+J24+J26+J28+J29+J30)*100 -> 2.6703457
B23: 45972 | C23: 7 | D23: CARIB FLINT EXPORT ( DT ) | F23: =[3]Nov!$N93 -> 181 | G23: 976 | H23: =(G23)*24/(F23/60)/17000*100 -> 45.675658 | M23: =[3]Nov!$AD23 -> 56 | Q23: =(G23)/(F23/60) -> 323.53591
B24: 45973 | C24: 8 | D24: CARIB FLINT EXPORT (DT) | E24: 875 | F24: =[3]Nov!$N94 -> 442 | G24: 2013 | H24: =(G24)*24/(F24/60)/17000*100 -> 38.577589 | J24: =SUM(75,75.7,98.6,98.2)-32.3-40.2 -> 275 | K24: =(G24+G25)*0.066+(40*0.19) -> 267.772 | L24: =J24-K24 -> 7.228 | M24: =[3]Nov!$AD24 -> 308 | N24: 24 | O24: 40 | P24: =(J24-K24)/J24*100 -> 2.6283636 | Q24: =(G24)/(F24/60) -> 273.25792
B25: 45973 | C25: 8 | D25: CARIB FLINT ( LOCAL ) | F25: =[3]Nov!$N95 -> 323 | G25: 1929 | H25: =(G25)*24/(F25/60)/17000*100 -> 50.587507 | M25: =[3]Nov!$AD25 -> 88 | N25: 24 | Q25: =(G25)/(F25/60) -> 358.32817
B26: 45974 | C26: 9 | D26: CARIB FLINT ( LOCAL ) | E26: 910 | F26: =[3]Nov!$N96 -> 338 | G26: 1936 | H26: =(G26)*24/(F26/60)/17000*100 -> 48.517926 | J26: =SUM(95,32.3,40.2,95)-45.7 -> 216.8 | K26: =(G26+G27)*0.066 -> 212.19 | L26: =J26-K26 -> 4.61 | M26: =[3]Nov!$AD26 -> 135 | N26: 15 | P26: =(J26-K26)/J26*100 -> 2.1263838 | Q26: =(G26)/(F26/60) -> 343.66864
B27: 45974 | C27: 9 | D27: CARIB AMBER | F27: =[3]Nov!$N97 -> 221 | G27: 1279 | H27: =(G27)*24/(F27/60)/17000*100 -> 49.022092 | L27: =J27-K27 -> 0 | M27: =[3]Nov!$AD27 -> 446 | N27: 5 | Q27: =(G27)/(F27/60) -> 347.23982
B28: 45975 | C28: 10 | D28: CARIB AMBER | E28: 719 | F28: =[3]Nov!$N98 -> 677 | G28: 2145 | H28: =(G28)*24/(F28/60)/17000*100 -> 26.838127 | J28: =SUM(100.1,103.3,45.7)-29-79.2 -> 140.9 | K28: =(G28)*0.066 -> 141.57 | L28: =J28-K28 -> -0.67 | M28: =[3]Nov!$AD28 -> 500 | N28: =3+11 -> 14 | P28: =(J28-K28)/J28*100 -> -0.47551455 | Q28: =(G28)/(F28/60) -> 190.1034
B29: 45978 | C29: 11 | D29: CARIB AMBER | E29: 495 | F29: =[3]Nov!$N99 -> 404 | G29: 3337 | H29: =(G29)*24/(F29/60)/17000*100 -> 69.96622 | J29: =SUM(95.1,100.2,79.2,107.2)-57.3-93.9 -> 230.5 | K29: =(G29)*0.066 -> 220.242 | L29: =J29-K29 -> 10.258 | M29: =[3]Nov!$AD29 -> 85 | N29: =3+10 -> 13 | P29: =(J29-K29)/J29*100 -> 4.4503254 | Q29: =(G29)/(F29/60) -> 495.59406
B30: 45979 | C30: 12 | D30: CARIB AMBER | E30: 1420 | F30: =[3]Nov!$N100 -> 329 | G30: 2192 | H30: =(G30)*24/(F30/60)/17000*100 -> 56.43626 | J30: =SUM(57.3,93.9) -> 151.2 | K30: =(G30)*0.066 -> 144.672 | L30: =J30-K30 -> 6.528 | M30: =[3]Nov!$AD30 -> 577 | N30: =32+1 -> 33 | P30: =(J30-K30)/J30*100 -> 4.3174603 | Q30: =(G30)/(F30/60) -> 399.75684
B31: 45979 | C31: 12 | D31: STAG | F31: =[3]Nov!$N101 -> 486 | G31: 4057 | H31: =(G31)*24/(F31/60)/17000*100 -> 70.71024 | J31: =SUM(90,99.8,92,93)-44.3-54 -> 276.5 | K31: =(G31)*0.066+ (15*0.19) -> 270.612 | L31: =J31-K31 -> 5.888 | M31: =[3]Nov!$AD31 -> 91 | N31: 15 | P31: =(J31-K31)/J31*100 -> 2.1294756 | Q31: =(G31)/(F31/60) -> 500.8642 | R31: =((J32+J31)-(K32+K31))/(J32+J31)*100 -> 1.4745395
B32: 45980 | C32: 13 | D32: STAG | E32: 1440 | F32: =[3]Nov!$N102 -> 715 | G32: 4167 | H32: =(G32)*24/(F32/60)/17000*100 -> 49.366351 | J32: =SUM(44.3,54,84,95) -> 277.3 | K32: =(G32)*0.066 -> 275.022 | L32: =J32-K32 -> 2.278 | M32: =[3]Nov!$AD32 -> 186 | N32: =10+3 -> 13 | P32: =(J32-K32)/J32*100 -> 0.82149297 | Q32: =(G32)/(F32/60) -> 349.67832
B33: 45980 | C33: 13 | D33: CIDER ROSE' ( EXPORT) | F33: =[3]Nov!$N103 -> 154 | G33: 1746 | H33: =(G33)*24/(F33/60)/17000*100 -> 96.036669 | J33: =SUM(86,85.7,86)-67.8-68.2 -> 121.7 | K33: =(G33)*0.066 -> 115.236 | L33: =J33-K33 -> 6.464 | M33: =[3]Nov!$AD33 -> 472 | N33: 10 | P33: =(J33-K33)/J33*100 -> 5.3114215 | Q33: =(G33)/(F33/60) -> 680.25974 | R33: =((J34+J33)-(K34+K33))/(J34+J33)*100 -> 3.360475
B34: 45981 | C34: 14 | D34: CIDER ROSE' ( EXPORT) | E34: 1434 | F34: =[3]Nov!$N104 -> 576 | G34: 3433 | H34: =(G34)*24/(F34/60)/17000*100 -> 50.485294 | J34: =SUM(67.8,68.2,96) -> 232 | K34: =(G34)*0.066 -> 226.578 | L34: =J34-K34 -> 5.422 | M34: =[3]Nov!$AD34 -> 395 | N34: =16+9 -> 25 | P34: =(J34-K34)/J34*100 -> 2.337069 | Q34: =(G34)/(F34/60) -> 357.60417
B35: 45981 | C35: 14 | D35: GUINNESS | F35: =[3]Nov!$N105 -> 298 | G35: 2264 | H35: =(G35)*24/(F35/60)/17000*100 -> 64.353731 | J35: =SUM(95,91,4)-40 -> 150 | K35: =(G35)*0.066 -> 149.424 | L35: =J35-K35 -> 0.576 | M35: =[3]Nov!$AD35 -> 344 | N35: 8 | P35: =(J35-K35)/J35*100 -> 0.384 | Q35: =(G35)/(F35/60) -> 455.83893 | R35: =((J36+J35)-(K36+K35))/(J36+J35)*100 -> 0.34
B36: 45982 | C36: 15 | D36: GUINNESS | E36: 1256 | F36: =[3]Nov!$N106 -> 70 | G36: 605 | H36: =(G36)*24/(F36/60)/17000*100 -> 73.210084 | J36: 40 | K36: =(G36)*0.066 -> 39.93 | L36: =J36-K36 -> 0.07 | M36: =[3]Nov!$AD36 -> 12 | N36: 7 | P36: =(J36-K36)/J36*100 -> 0.175 | Q36: =(G36)/(F36/60) -> 518.57143
B37: 45982 | C37: 15 | D37: CARIB | F37: =[3]Nov!$N107 -> 1013 | G37: 8120 | H37: =(G37)*24/(F37/60)/17000*100 -> 67.898496 | J37: =SUM(98.5,94,95.5,98.7,94.8,63.8) -> 545.3 | K37: =(G37)*0.066 -> 535.92 | L37: =J37-K37 -> 9.38 | M37: =[3]Nov!$AD37 -> 173 | N37: =11+11 -> 22 | P37: =(J37-K37)/J37*100 -> 1.720154 | Q37: =(G37)/(F37/60) -> 480.94768 | R37: =((J39+J37+J38+J40+J43)-(K37+K39+K38+K40+K43))/(J39+J37+J38+J40+J43)*100 -> 2.5912041
B38: 45983 | C38: 16 | D38: CARIB AMBER | E38: 916 | F38: =[3]Nov!$N108 -> 534 | G38: 3789 | H38: =(G38)*24/(F38/60)/17000*100 -> 60.103106 | J38: =SUM(93.5,95.7,97.5,95.4)-95.3-28.8 -> 258 | K38: =(G38)*0.066 -> 250.074 | L38: =J38-K38 -> 7.926 | M38: =[3]Nov!$AD38 -> 474 | N38: =11+13+9 -> 33 | P38: =(J38-K38)/J38*100 -> 3.072093 | Q38: =(G38)/(F38/60) -> 425.73034
B39: 45984 | C39: 17 | D39: CARIB AMBER | E39: 1020 | F39: =[3]Nov!$N109 -> 627 | G39: 4328 | H39: =(G39)*24/(F39/60)/17000*100 -> 58.470025 | J39: =SUM(28.8,95.3,95,92.8)-16 -> 295.9 | K39: =(G39)*0.066 -> 285.648 | L39: =J39-K39 -> 10.252 | M39: =[3]Nov!$AD39 -> 480 | N39: 39 | P39: =(J39-K39)/J39*100 -> 3.464684 | Q39: =(G39)/(F39/60) -> 414.16268
B40: 45986 | C40: 18 | D40: CARIB AMBER | E40: 720 | F40: =[3]Nov!$N110 -> 211 | G40: 1369 | H40: =(G40)*24/(F40/60)/17000*100 -> 54.958461 | J40: =SUM(99,110,103,98.6)-85.2-67.5 -> 257.9 | K40: =(G40+G41+G42)*0.066 -> 253.902 | L40: =J40-K40 -> 3.998 | M40: =[3]Nov!$AD41 -> 170 | N40: 6 | P40: =(J40-K40)/J40*100 -> 1.5502133 | Q40: =(G40)/(F40/60) -> 389.2891
B41: 45986 | C41: 18 | D41: CARIB FLINT ( EXPORT) | F41: =[3]Nov!$N111 -> 233 | G41: 1351 | H41: =(G41)*24/(F41/60)/17000*100 -> 49.11487 | L41: =J41-K41 -> 0 | M41: =[3]Nov!$AD42 -> 79 | N41: 14 | Q41: =(G41)/(F41/60) -> 347.897
B42: 45986 | C42: 18 | D42: CARIB AMBER | F42: =[3]Nov!$N112 -> 233 | G42: 1127 | H42: =(G42)*24/(F42/60)/17000*100 -> 40.971472 | L42: =J42-K42 -> 0 | M42: =[3]Nov!$AD43 -> 137 | N42: =17+2 -> 19 | Q42: =(G42)/(F42/60) -> 290.21459
B43: 45987 | C43: 19 | D43: CARIB AMBER | E43: 1430 | F43: =[3]Nov!$N113 -> 420 | G43: 2199 | H43: =(G43)*24/(F43/60)/17000*100 -> 44.34958 | J43: =SUM(85.2,67.5) -> 152.7 | K43: =(G43)*0.066 -> 145.134 | L43: =J43-K43 -> 7.566 | M43: =[3]Nov!$AD44 -> 365 | N43: 5 | P43: =(J43-K43)/J43*100 -> 4.9548134 | Q43: =(G43)/(F43/60) -> 314.14286
B44: 45987 | C44: 20 | D44: PEARSECO (EXPORT) | F44: =[3]Nov!$N114 -> 591 | G44: 3895 | H44: =(G44)*24/(F44/60)/17000*100 -> 55.82562 | J44: =SUM(90,92,90) -> 272 | K44: =(G44)*0.066 -> 257.07 | L44: =J44-K44 -> 14.93 | M44: =[3]Nov!$AD45 -> 303 | N44: =6+9 -> 15 | P44: =(J44-K44)/J44*100 -> 5.4889706 | Q44: =(G44)/(F44/60) -> 395.43147 | R44: =((J45+J44)-(K45+K44))/(J45+J44)*100 -> 4.1935484
