Workbook
Name ProductList: [1]November15!$R$3:$R$9
Name ProductList: [2]November15!$R$3:$R$9

Sheet Dec 18th
T1: P.G. | V1: Hot Time | X1: Process Time | Z1: Cooling Time
B2: Brewing Department Daily Process Loss Report | T2: Lower | U2: Upper | V2: Lower | W2: Upper | X2: Lower | Y2: Upper | Z2: Lower | AA2: Upper
S3: CARIB | T3: 11.6 | U3: 12 | V3: 0 | W3: 0.11805556 | X3: 0.17361111 | Y3: 0.21180556 | Z3: 0 | AA3: 60 | AC3: HR- PISNER
B4: Date: | C4: 45278 | J4: LOT WORT COLOUR: 3.4 | M4: Filter Sheets (Target 20 days) | S4: STAG | T4: 11.6 | U4: 12 | V4: 0 | W4: 0.11805556 | X4: 0.17361111 | Y4: 0.21180556 | Z4: 0 | AA4: 60
M5: Double | N5: Single | S5: GUINNESS | T5: 17 | U5: 17.5 | V5: 0 | W5: 0.10763889 | X5: 0.19444444 | Y5: 0.23263889 | Z5: 0 | AA5: 60
J6: MALT LOT: Lot 8 | L6: Sheet Day | S6: MACKESON | T6: 13.3 | U6: 13.5 | V6: 0 | W6: 0.12905093 | X6: 0.22222222 | Y6: 0.25347222 | Z6: 0
S7: STARMALT | T7: 17.1 | U7: 17.5 | V7: 0 | W7: 0.13605324 | X7: 0.20833333 | Y7: 0.24305556 | Z7: 0 | AA7: 60
B8: Brand | C8: Brew no. | D8: Kett. Hls | E8: Wort | F8: Cool Time(Mins) | G8: Cast. P.G. (Lab Result) | H8: Cast P.G. (Cellar Operator)-gravity | I8: Extr. Rec (79.1%) | J8: Theor. Extr. (77.5%) | K8: Boil Off /Vol. (4-6%) | L8: Boil Time | M8: Total Hot | N8: Brewing | P8: Comments | Q8: Actual Pilsen Malt | S8: Hurricane Reef | T8: 16.6 | U8: 17 | V8: 0 | W8: 0.12905093 | X8: 0.22222222 | Y8: 0.25347222 | Z8: 0
E9: Meter (Hls) | F9: Target(< 60Mins) | M9: Time | S9: VITAMALT | T9: 14.4 | U9: 14.6 | V9: 0 | W9: 0.13905093 | X9: 0.19097222 | Y9: 0.22569444 | Z9: 0 | AA9: 75
S10: =B10 -> 0 | T10: =VLOOKUP($B10,$S$3:$Y$9,2,FALSE) -> #N/A | U10: =VLOOKUP($B10,$S$3:$Y$9,3,FALSE) -> #N/A | V10: =VLOOKUP($B10,$S$3:$Y$9,4,FALSE) -> #N/A | W10: =VLOOKUP($B10,$S$3:$Y$9,5,FALSE) -> #N/A | X10: =VLOOKUP($B10,$S$3:$Y$9,6,FALSE) -> #N/A | Y10: =VLOOKUP($B10,$S$3:$Y$9,7,FALSE) -> #N/A | Z10: =VLOOKUP($B10,$S$3:$AA$9,8,FALSE) -> #N/A | AA10: =VLOOKUP($B10,$S$3:$AA$9,9,FALSE) -> #N/A
S11: =B11 -> 0 | T11: =VLOOKUP($B11,$S$3:$Y$9,2,FALSE) -> #N/A | U11: =VLOOKUP($B11,$S$3:$Y$9,3,FALSE) -> #N/A | V11: =VLOOKUP($B11,$S$3:$Y$9,4,FALSE) -> #N/A | W11: =VLOOKUP($B11,$S$3:$Y$9,5,FALSE) -> #N/A | X11: =VLOOKUP($B11,$S$3:$Y$9,6,FALSE) -> #N/A | Y11: =VLOOKUP($B11,$S$3:$Y$9,7,FALSE) -> #N/A | Z11: =VLOOKUP($B11,$S$3:$AA$9,8,FALSE) -> #N/A | AA11: =VLOOKUP($B11,$S$3:$AA$9,9,FALSE) -> #N/A
S12: =B12 -> 0 | T12: =VLOOKUP($B12,$S$3:$Y$9,2,FALSE) -> #N/A | U12: =VLOOKUP($B12,$S$3:$Y$9,3,FALSE) -> #N/A | V12: =VLOOKUP($B12,$S$3:$Y$9,4,FALSE) -> #N/A | W12: =VLOOKUP($B12,$S$3:$Y$9,5,FALSE) -> #N/A | X12: =VLOOKUP($B12,$S$3:$Y$9,6,FALSE) -> #N/A | Y12: =VLOOKUP($B12,$S$3:$Y$9,7,FALSE) -> #N/A | Z12: =VLOOKUP($B12,$S$3:$AA$9,8,FALSE) -> #N/A | AA12: =VLOOKUP($B12,$S$3:$AA$9,9,FALSE) -> #N/A
S13: =B13 -> 0 | T13: =VLOOKUP($B13,$S$3:$Y$9,2,FALSE) -> #N/A | U13: =VLOOKUP($B13,$S$3:$Y$9,3,FALSE) -> #N/A | V13: =VLOOKUP($B13,$S$3:$Y$9,4,FALSE) -> #N/A | W13: =VLOOKUP($B13,$S$3:$Y$9,5,FALSE) -> #N/A | X13: =VLOOKUP($B13,$S$3:$Y$9,6,FALSE) -> #N/A | Y13: =VLOOKUP($B13,$S$3:$Y$9,7,FALSE) -> #N/A | Z13: =VLOOKUP($B13,$S$3:$AA$9,8,FALSE) -> #N/A | AA13: =VLOOKUP($B13,$S$3:$AA$9,9,FALSE) -> #N/A
S14: =B14 -> 0 | T14: =VLOOKUP($B14,$S$3:$Y$9,2,FALSE) -> #N/A | U14: =VLOOKUP($B14,$S$3:$Y$9,3,FALSE) -> #N/A | V14: =VLOOKUP($B14,$S$3:$Y$9,4,FALSE) -> #N/A | W14: =VLOOKUP($B14,$S$3:$Y$9,5,FALSE) -> #N/A | X14: =VLOOKUP($B14,$S$3:$Y$9,6,FALSE) -> #N/A | Y14: =VLOOKUP($B14,$S$3:$Y$9,7,FALSE) -> #N/A | Z14: =VLOOKUP($B14,$S$3:$AA$9,8,FALSE) -> #N/A | AA14: =VLOOKUP($B14,$S$3:$AA$9,9,FALSE) -> #N/A
S15: =B15 -> 0 | T15: =VLOOKUP($B15,$S$3:$Y$9,2,FALSE) -> #N/A | U15: =VLOOKUP($B15,$S$3:$Y$9,3,FALSE) -> #N/A | V15: =VLOOKUP($B15,$S$3:$Y$9,4,FALSE) -> #N/A | W15: =VLOOKUP($B15,$S$3:$Y$9,5,FALSE) -> #N/A | X15: =VLOOKUP($B15,$S$3:$Y$9,6,FALSE) -> #N/A | Y15: =VLOOKUP($B15,$S$3:$Y$9,7,FALSE) -> #N/A | Z15: =VLOOKUP($B15,$S$3:$AA$9,8,FALSE) -> #N/A | AA15: =VLOOKUP($B15,$S$3:$AA$9,9,FALSE) -> #N/A
S16: =B16 -> 0 | T16: =VLOOKUP($B16,$S$3:$Y$9,2,FALSE) -> #N/A | U16: =VLOOKUP($B16,$S$3:$Y$9,3,FALSE) -> #N/A | V16: =VLOOKUP($B16,$S$3:$Y$9,4,FALSE) -> #N/A | W16: =VLOOKUP($B16,$S$3:$Y$9,5,FALSE) -> #N/A | X16: =VLOOKUP($B16,$S$3:$Y$9,6,FALSE) -> #N/A | Y16: =VLOOKUP($B16,$S$3:$Y$9,7,FALSE) -> #N/A | Z16: =VLOOKUP($B16,$S$3:$AA$9,8,FALSE) -> #N/A | AA16: =VLOOKUP($B16,$S$3:$AA$9,9,FALSE) -> #N/A
S17: =B17 -> 0 | T17: =VLOOKUP($B17,$S$3:$Y$9,2,FALSE) -> #N/A | U17: =VLOOKUP($B17,$S$3:$Y$9,3,FALSE) -> #N/A | V17: =VLOOKUP($B17,$S$3:$Y$9,4,FALSE) -> #N/A | W17: =VLOOKUP($B17,$S$3:$Y$9,5,FALSE) -> #N/A | X17: =VLOOKUP($B17,$S$3:$Y$9,6,FALSE) -> #N/A | Y17: =VLOOKUP($B17,$S$3:$Y$9,7,FALSE) -> #N/A | Z17: =VLOOKUP($B17,$S$3:$AA$9,8,FALSE) -> #N/A | AA17: =VLOOKUP($B17,$S$3:$AA$9,9,FALSE) -> #N/A
S18: =B18 -> 0 | T18: =VLOOKUP($B18,$S$3:$Y$9,2,FALSE) -> #N/A | U18: =VLOOKUP($B18,$S$3:$Y$9,3,FALSE) -> #N/A | V18: =VLOOKUP($B18,$S$3:$Y$9,4,FALSE) -> #N/A | W18: =VLOOKUP($B18,$S$3:$Y$9,5,FALSE) -> #N/A | X18: =VLOOKUP($B18,$S$3:$Y$9,6,FALSE) -> #N/A | Y18: =VLOOKUP($B18,$S$3:$Y$9,7,FALSE) -> #N/A | Z18: =VLOOKUP($B18,$S$3:$AA$9,8,FALSE) -> #N/A | AA18: =VLOOKUP($B18,$S$3:$AA$9,9,FALSE) -> #N/A
S19: =B19 -> 0 | T19: =VLOOKUP($B19,$S$3:$Y$9,2,FALSE) -> #N/A | U19: =VLOOKUP($B19,$S$3:$Y$9,3,FALSE) -> #N/A | V19: =VLOOKUP($B19,$S$3:$Y$9,4,FALSE) -> #N/A | W19: =VLOOKUP($B19,$S$3:$Y$9,5,FALSE) -> #N/A | X19: =VLOOKUP($B19,$S$3:$Y$9,6,FALSE) -> #N/A | Y19: =VLOOKUP($B19,$S$3:$Y$9,7,FALSE) -> #N/A | Z19: =VLOOKUP($B19,$S$3:$AA$9,8,FALSE) -> #N/A | AA19: =VLOOKUP($B19,$S$3:$AA$9,9,FALSE) -> #N/A
S20: =B20 -> 0 | T20: =VLOOKUP($B20,$S$3:$Y$9,2,FALSE) -> #N/A | U20: =VLOOKUP($B20,$S$3:$Y$9,3,FALSE) -> #N/A | V20: =VLOOKUP($B20,$S$3:$Y$9,4,FALSE) -> #N/A | W20: =VLOOKUP($B20,$S$3:$Y$9,5,FALSE) -> #N/A | X20: =VLOOKUP($B20,$S$3:$Y$9,6,FALSE) -> #N/A | Y20: =VLOOKUP($B20,$S$3:$Y$9,7,FALSE) -> #N/A | Z20: =VLOOKUP($B20,$S$3:$AA$9,8,FALSE) -> #N/A | AA20: =VLOOKUP($B20,$S$3:$AA$9,9,FALSE) -> #N/A
S21: =B21 -> 0 | T21: =VLOOKUP($B21,$S$3:$Y$9,2,FALSE) -> #N/A | U21: =VLOOKUP($B21,$S$3:$Y$9,3,FALSE) -> #N/A | V21: =VLOOKUP($B21,$S$3:$Y$9,4,FALSE) -> #N/A | W21: =VLOOKUP($B21,$S$3:$Y$9,5,FALSE) -> #N/A | X21: =VLOOKUP($B21,$S$3:$Y$9,6,FALSE) -> #N/A | Y21: =VLOOKUP($B21,$S$3:$Y$9,7,FALSE) -> #N/A | Z21: =VLOOKUP($B21,$S$3:$AA$9,8,FALSE) -> #N/A | AA21: =VLOOKUP($B21,$S$3:$AA$9,9,FALSE) -> #N/A
... S47: =B47 -> 0 | T47: =VLOOKUP($B47,$S$3:$Y$9,2,FALSE) -> #N/A | U47: =VLOOKUP($B47,$S$3:$Y$9,3,FALSE) -> #N/A | V47: =VLOOKUP($B47,$S$3:$Y$9,4,FALSE) -> #N/A | W47: =VLOOKUP($B47,$S$3:$Y$9,5,FALSE) -> #N/A | X47: =VLOOKUP($B47,$S$3:$Y$9,6,FALSE) -> #N/A | Y47: =VLOOKUP($B47,$S$3:$Y$9,7,FALSE) -> #N/A | Z47: =VLOOKUP($B47,$S$3:$AA$9,8,FALSE) -> #N/A | AA47: =VLOOKUP($B47,$S$3:$AA$9,9,FALSE) -> #N/A
I48: EXTRACT RECOVERY
B49: BRAND | D49: BBT P.G./ O.G | I49: Brand | J49: Actual | K49: MTD No. of Brews | L49: MTD | M49: YTD | N49: Target
B50: STAG | C50: 11.8 | D50: 11.73 | I50: CARIB | K50: =COUNTA([3]Brewhouse!$A$1596:$A$1619) -> 24 | L50: =AVERAGE([3]Brewhouse!$AU$1529,[3]Brewhouse!$AU$1531:$AU$1594,[3]Brewhouse!$AU$1596:$AU$1619) -> 98.205761 | M50: =AVERAGE([3]Brewhouse!$AU$849:$AU$924,[3]Brewhouse!$AU$926:$AU$971,[3]Brewhouse!$AU$973:$AU$1066,[3]Brewhouse!$AU$1068:$AU$1111,[3]Brewhouse!$AU$1113:$AU$1132,[3]Brewhouse!$AU$1134:$AU$1167,[3]Brewhouse!$AU$1169:$AU$1230,[3]Brewhouse!$AU$1232:$AU$1299,[3]Brewhouse!$AU$1301:$AU$1363,[3]Brewhouse!$AU$1365:$AU$1444,[3]Brewhouse!$AU$1446:$AU$1527,[3]Brewhouse!$AU$1529,[3]Brewhouse!$AU$1531:$AU$1594,[3]Brewhouse!$AU$1596:$AU$1619) -> 98.381806 | N50: 98
C51: 11.9 | I51: STAG | K51: =COUNTA([4]Brewhouse!$A$976:$A$1007) -> 32 | L51: =AVERAGE([4]Brewhouse!$AS$976:$AS$979,[4]Brewhouse!$AS$981:$AS$1007) -> 98.538567 | M51: =AVERAGE([4]Brewhouse!$AS$577:$AS$618,[4]Brewhouse!$AS$620:$AS$651,[4]Brewhouse!$AS$653:$AS$696,[4]Brewhouse!$AS$698:$AS$708,[4]Brewhouse!$AS$710:$AS$733,[4]Brewhouse!$AS$735:$AS$777,[4]Brewhouse!$AS$779:$AS$822,[4]Brewhouse!$AS$824:$AS$863,[4]Brewhouse!$AS$865:$AS$974,[4]Brewhouse!$AS$976:$AS$979,[4]Brewhouse!$AS$981:$AS$1007) -> 98.489671 | N51: 98
I52: GUINNESS | K52: =COUNTA([5]Brewhouse!$A$282:$A$289) -> 8 | L52: =AVERAGE([5]Brewhouse!$AU$269:$AU$279,[5]Brewhouse!$AU$282:$AU$289) -> 96.186177 | M52: =AVERAGE([5]Brewhouse!$AU$161:$AU$176,[5]Brewhouse!$AU$178:$AU$195,[5]Brewhouse!$AU$197:$AU$208,[5]Brewhouse!$AU$210:$AU$221,[5]Brewhouse!$AU$223:$AU$232,[5]Brewhouse!$AU$234:$AU$279,[5]Brewhouse!$AU$282:$AU$289) -> 96.64916 | N52: 98
I53: VITAMALT | K53: =COUNTA([6]Brewhouse!$A$158:$A$163) -> 6 | L53: =AVERAGE([6]Brewhouse!$AU$158:$AU$163) -> 94.60305 | M53: =AVERAGE([6]Brewhouse!$AU$91:$AU$101,[6]Brewhouse!$AU$103:$AU$112,[6]Brewhouse!$AU$114:$AU$123,[6]Brewhouse!$AU$125:$AU$134,[6]Brewhouse!$AU$136:$AU$145,[6]Brewhouse!$AU$147:$AU$156,[6]Brewhouse!$AU$158:$AU$163) -> 96.240014 | N53: 98
I54: MAXIMALT | N54: 98
I55: MACKESON | M55: =AVERAGE([7]Brewhouse!$AT$74:$AT$79) -> 93.959836 | N55: 98
I56: STARMALT | K56: =COUNTA([8]Brewhouse!$A$249:$A$254) -> 6 | L56: =AVERAGE([8]Brewhouse!$AY$249:$AY$254) -> 99.681996 | M56: =AVERAGE([8]Brewhouse!$AY$138:$AY$143,[8]Brewhouse!$AY$145:$AY$153,[8]Brewhouse!$AY$155,[8]Brewhouse!$AY$156:$AY$174,[8]Brewhouse!$AY$176:$AY$185,[8]Brewhouse!$AY$187:$AY$198,[8]Brewhouse!$AY$200:$AY$247,[8]Brewhouse!$AY$249:$AY$254) -> 98.774703 | N56: 98
I57: HR- P | M57: =AVERAGE([9]Brewhouse!$AW$13:$AW$14,[9]Brewhouse!$AW$16:$AW$17) -> 92.042628 | N57: 98
I58: Hurricane Reef | M58: =AVERAGE([9]Brewhouse!$AW$13:$AW$14) -> 88.376943 | N58: 98
K59: =SUM(K50:K58) -> 76 | L59: =((L50*K50)+(L51*K51)+(L52*K52)+(L53*K53)+(L54*K54)+(K57*L57)+(L55*K55)+(L56*K56)+(L58*K58))/(K59) -> 97.965422 | M59: =AVERAGE('[10]Closing- January 2023'!$L$42,'[11]Feb. 28th'!$L$42,'[12]March 31st'!$L$75,'[13]Apri 28th'!$L$51,L59) -> 98.06926 | N59: 98
J62: Daily Brewing Plan
J63: Brand | K63: Brews Achieved | L63: Average Brews per day
J64: CARIB | L64: MTD | M64: YTD | N64: TARGET
J65: STAG | K65: 5 | L65: =AVERAGE(#REF!,#REF!,K74,#REF!,#REF!,#REF!,#REF!,#REF!,#REF!,#REF!,#REF!) -> #REF! | M65: =AVERAGE(6,6,'[12]March 31st'!$L$80,'[14]June 30th '!$L$71,6,L65,'[15]July 31st'!$L$108,'[16]Aug 30th'!$L$124,7,[17]Oct.31st!$L$51) -> #REF! | N65: 9
J66: GUINN
J67: VITAMALT
J68: STARMALT
J69: MACKESON
J70: HURRICANE REEF- IPA
J71: HURRICANE REEF- APA
B72: AVERAGE | D72: =AVERAGE(D50:E71) -> 11.73 | J72: HR- PILSNER
J73: CARIBE
J74: Total | K74: =SUM(K64:K73) -> 5
B75: Process: | C75: Fermentation/Filtration
B77: Brand | C77: Filt. Date | D77: FV Hls | E77: GFE/ Prim/ Vita Blend (Hls) | F77: SV Hls | G77: BBT Hls | H77: Loss (%) Ferm | I77: Loss (%) Filt | J77: Comments | K77: Throughput | L77: Process Loss (%) | M77: Filt. Operator
U78: 43466 | V78: 43467 | W78: 43468 | X78: 43469 | Y78: 43470 | Z78: 43471 | AA78: 43472 | AB78: 43473 | AC78: 43474 | AD78: 43475 | AE78: 43476 | AF78: 43477 | AG78: 43478 | AH78: 43479 | AI78: 43480 | AJ78: 43481 | AK78: 43482 | AL78: 43483 | AM78: 43484 | AN78: 43485 | AO78: 43486 | AP78: 43487 | AQ78: 43488 | AR78: 43489 | AS78: 43490 | AT78: 43491 | AU78: 43492 | AV78: 43493 | AW78: 43494 | AX78: 43495 | AY78: 43496
B79: STAG | C79: 45278 | D79: =[18]December_2023!$U$13 -> 150.4 | G79: =[18]December_2023!$U$17 -> 120.8 | J79: NO BREAK | K79: =[19]December_2023!$U$25 -> 0.42385965 | L79: =(((D79+E79)-G79)/(D79+E79))*100 -> 19.680851 | M79: K.Hosten | T79: hls
T80: Throughput | U80: =[20]January_2019!D8 -> #DIV/0! | V80: =[20]January_2019!E8 -> 1.0319298 | W80: =[20]January_2019!F8 -> 1.7789474 | X80: =[20]January_2019!G8 -> 0.51929825 | Y80: =[20]January_2019!H8 -> #DIV/0! | Z80: =[20]January_2019!I8 -> #DIV/0! | AA80: =[20]January_2019!J8 -> 1.3652632 | AB80: =[20]January_2019!K8 -> #DIV/0! | ... AY80: =[20]January_2019!AH8 -> #DIV/0!
B87: Process Loss (Volume) | G87: Process Loss (Extract) | K87: Throughput
B88: Brand | C88: Actual | D88: MTD | E88: YTD | F88: Target | G88: Actual | H88: MTD | I88: YTD | J88: Target | K88: Actual | L88: MTD | M88: YTD | N88: Target
B89: CARIB | D89: 5.181332 | E89: 6.6038503 | F89: 4.8 | H89: 5.2502762 | I89: 6.9665258 | J89: 4.8 | L89: 0.70807018 | M89: 0.77999467 | N89: 1
B90: STAG | C90: =AVERAGE(L79,L81) -> 19.680851 | D90: 6.5498915 | E90: 6.1662321 | F90: 4.8 | G90: =[18]December_2023!$U$21 -> 19.680851 | H90: 6.3458282 | I90: 5.9138834 | J90: 4.8 | K90: =AVERAGE(K79,K81) -> 0.42385965 | L90: 0.66137427 | M90: 0.71942944 | N90: 1
B91: GUINN | D91: 8.4423676 | E91: 8.9890455 | F91: 5.5 | H91: 5.9624998 | I91: 8.6652309 | J91: 5.5 | L91: 0.51561404 | M91: 0.65035608 | N91: 1
B92: VITAMALT | D92: 3.597848 | E92: 2.9936807 | F92: 3.3 | H92: 6.098202 | I92: 3.3134543 | J92: 3.3 | L92: 0.50298246 | M92: 1.0625518 | N92: 1
B93: MAXIMALT | F93: 3.3 | J93: 3 | N93: 1
B94: MACKESON | E94: 6.4174306 | F94: =[21]May_2022!$M$43 -> 3.4878407 | I94: 7.0730655 | J94: 5.5 | M94: 1.0342105 | N94: 1
B95: STARMALT | D95: 2.7692803 | E95: 3.0589058 | F95: 3.3 | H95: 4.2179953 | I95: 4.9470953 | J95: 3.3 | L95: 1.0594737 | M95: 1.0223839 | N95: 1
B96: HURRICANE REEF | E96: 11.178248 | F96: 7.5 | I96: 14.59851 | J96: 7.5 | M96: 0.30947368 | N96: 1
D97: 5.3927001 | E97: 6.2517133 | F97: 4.5 | H97: 5.4965257 | I97: 6.527958 | J97: 4.5 | L97: 0.69682018 | M97: 0.78265038 | N97: 1
AD110: :

Sheet Jan 2nd
S1: P.G. | U1: Hot Time | W1: Process Time | Y1: Cooling Time
B2: Brewing Department Daily Process Loss Report | S2: Lower | T2: Upper | U2: Lower | V2: Upper | W2: Lower | X2: Upper | Y2: Lower | Z2: Upper
R3: CARIB | S3: 11.6 | T3: 12 | U3: 0 | V3: 0.11805556 | W3: 0.22569444 | X3: 0.26388889 | Y3: 0 | Z3: 60
B4: Date: | C4: 45660 | J4: LOT WORT COLOUR: 3.4 | M4: Filter Sheets (Target 20 days) | R4: STAG | S4: 11.6 | T4: 12 | U4: 0 | V4: 0.11805556 | W4: 0.22569444 | X4: 0.26388889 | Y4: 0 | Z4: 60
M5: Double | N5: Single | R5: GUINNESS | S5: 17 | T5: 17.5 | U5: 0 | V5: 0.10763889 | W5: 0.24652778 | X5: 0.28472222 | Y5: 0 | Z5: 60
J6: MALT LOT: Lot 25 | L6: Sheet Day | R6: MACKESON | S6: 13.3 | T6: 13.5 | U6: 0 | V6: 0.12905093 | W6: 0.27430556 | X6: 0.30208333 | Y6: 0
R7: STARMALT | S7: 17.1 | T7: 17.5 | U7: 0 | V7: 0.13605324 | W7: 0.27430556 | X7: 0.30902778 | Y7: 0 | Z7: 60
B8: Brand | C8: Brew no. | D8: Kett. Hls | E8: Wort | F8: Cool Time(Mins) | G8: Cast. P.G. (Lab Result) | H8: Cast P.G. (Cellar Operator)-gravity | I8: Extr. Rec (80.9%) | J8: Theor. Extr. (77.5%) | K8: Boil Off /Vol. (4-6%) | L8: Boil Time | M8: Total Hot | N8: Brewing | O8: Operator | P8: Comments | R8: Hurricane Reef | S8: 16.6 | T8: 17 | U8: 0 | V8: 0.12905093 | W8: 0.27430556 | X8: 0.30208333 | Y8: 0
E9: Meter (Hls) | F9: Target(< 60Mins) | M9: Time | R9: VITAMALT | S9: 14.4 | T9: 14.6 | U9: 0 | V9: 0.13905093 | W9: 0.26041667 | X9: 0.29513889 | Y9: 0 | Z9: 75
B10: STAG | C10: =[22]Brewhouse!$A15 -> ST001 | D10: =[22]Brewhouse!$AD15 -> 53.3 | E10: =[22]Brewhouse!$AG15 -> 49.8 | F10: =[22]Brewhouse!$V15 -> 71 | G10: =[22]Brewhouse!$AE15 -> 11.6 | H10: 11.7 | I10: =[22]Brewhouse!$AS15 -> 93.952909 | J10: =[22]Brewhouse!$AT15 -> 97.220197 | K10: =[22]Brewhouse!$Q15 -> 5.4945055 | L10: =[22]Brewhouse!$P15 -> 63 | M10: =[22]Brewhouse!$U15-[22]Brewhouse!$T15 -> 0.12013889 | N10: =[22]Brewhouse!$AW15 -> 0.28611111 | O10: =[22]Brewhouse!$AV15 -> k.Benjamin | R10: =B10 -> STAG | S10: =VLOOKUP($B10,$R$3:$X$9,2,FALSE) -> 11.6 | T10: =VLOOKUP($B10,$R$3:$X$9,3,FALSE) -> 12 | U10: =VLOOKUP($B10,$R$3:$X$9,4,FALSE) -> 0 | V10: =VLOOKUP($B10,$R$3:$X$9,5,FALSE) -> 0.11805556 | W10: =VLOOKUP($B10,$R$3:$X$9,6,FALSE) -> 0.22569444 | X10: =VLOOKUP($B10,$R$3:$X$9,7,FALSE) -> 0.26388889 | Y10: =VLOOKUP($B10,$R$3:$Z$9,8,FALSE) -> 0 | Z10: =VLOOKUP($B10,$R$3:$Z$9,9,FALSE) -> 60
B11: STAG | C11: =[22]Brewhouse!$A16 -> ST002 | D11: =[22]Brewhouse!$AD16 -> 53.4 | E11: =[22]Brewhouse!$AG16 -> 50.2 | F11: =[22]Brewhouse!$V16 -> 60 | G11: =[22]Brewhouse!$AE16 -> 11.8 | H11: 11.9 | I11: =[22]Brewhouse!$AS16 -> 96.305388 | J11: =[22]Brewhouse!$AT16 -> 99.655578 | K11: =[22]Brewhouse!$Q16 -> 6.6176471 | L11: =[22]Brewhouse!$P16 -> 60 | M11: =[22]Brewhouse!$U16-[22]Brewhouse!$T16 -> 0.071527778 | N11: =[22]Brewhouse!$AW16 -> 0.21875 | O11: =[22]Brewhouse!$AV16 -> k.Benjamin | R11: =B11 -> STAG | S11: =VLOOKUP($B11,$R$3:$X$9,2,FALSE) -> 11.6 | T11: =VLOOKUP($B11,$R$3:$X$9,3,FALSE) -> 12 | U11: =VLOOKUP($B11,$R$3:$X$9,4,FALSE) -> 0 | V11: =VLOOKUP($B11,$R$3:$X$9,5,FALSE) -> 0.11805556 | W11: =VLOOKUP($B11,$R$3:$X$9,6,FALSE) -> 0.22569444 | X11: =VLOOKUP($B11,$R$3:$X$9,7,FALSE) -> 0.26388889 | Y11: =VLOOKUP($B11,$R$3:$Z$9,8,FALSE) -> 0 | Z11: =VLOOKUP($B11,$R$3:$Z$9,9,FALSE) -> 60
B12: STAG | C12: =[22]Brewhouse!$A17 -> ST003 | D12: =[22]Brewhouse!$AD17 -> 53.8 | E12: =[22]Brewhouse!$AG17 -> 50.6 | F12: =[22]Brewhouse!$V17 -> 56 | G12: =[22]Brewhouse!$AE17 -> 11.8 | H12: 11.8 | I12: =[22]Brewhouse!$AS17 -> 97.317556 | J12: =[22]Brewhouse!$AT17 -> 100.70075 | K12: =[22]Brewhouse!$Q17 -> 5.3604436 | L12: =[22]Brewhouse!$P17 -> 61 | M12: =[22]Brewhouse!$U17-[22]Brewhouse!$T17 -> 0.10972222 | N12: =[22]Brewhouse!$AW17 -> 0.25138889 | O12: =[22]Brewhouse!$AV17 -> R.Regis | R12: =B12 -> STAG | S12: =VLOOKUP($B12,$R$3:$X$9,2,FALSE) -> 11.6 | T12: =VLOOKUP($B12,$R$3:$X$9,3,FALSE) -> 12 | U12: =VLOOKUP($B12,$R$3:$X$9,4,FALSE) -> 0 | V12: =VLOOKUP($B12,$R$3:$X$9,5,FALSE) -> 0.11805556 | W12: =VLOOKUP($B12,$R$3:$X$9,6,FALSE) -> 0.22569444 | X12: =VLOOKUP($B12,$R$3:$X$9,7,FALSE) -> 0.26388889 | Y12: =VLOOKUP($B12,$R$3:$Z$9,8,FALSE) -> 0 | Z12: =VLOOKUP($B12,$R$3:$Z$9,9,FALSE) -> 60
B13: STAG | C13: =[22]Brewhouse!$A18 -> ST004 | D13: =[22]Brewhouse!$AD18 -> 53.5 | E13: =[22]Brewhouse!$AG18 -> 50.3 | F13: =[22]Brewhouse!$V18 -> 63 | G13: =[22]Brewhouse!$AE18 -> 11.8 | H13: 11.8 | I13: =[22]Brewhouse!$AS18 -> 96.740575 | J13: =[22]Brewhouse!$AT18 -> 100.10371 | K13: =[22]Brewhouse!$Q18 -> 6.2615101 | L13: =[22]Brewhouse!$P18 -> 60 | M13: =[22]Brewhouse!$U18-[22]Brewhouse!$T18 -> 0.11597222 | N13: =[22]Brewhouse!$AW18 -> 0.27777778 | O13: =[22]Brewhouse!$AV18 -> R.Regis | R13: =B13 -> STAG | S13: =VLOOKUP($B13,$R$3:$X$9,2,FALSE) -> 11.6 | T13: =VLOOKUP($B13,$R$3:$X$9,3,FALSE) -> 12 | U13: =VLOOKUP($B13,$R$3:$X$9,4,FALSE) -> 0 | V13: =VLOOKUP($B13,$R$3:$X$9,5,FALSE) -> 0.11805556 | W13: =VLOOKUP($B13,$R$3:$X$9,6,FALSE) -> 0.22569444 | X13: =VLOOKUP($B13,$R$3:$X$9,7,FALSE) -> 0.26388889 | Y13: =VLOOKUP($B13,$R$3:$Z$9,8,FALSE) -> 0 | Z13: =VLOOKUP($B13,$R$3:$Z$9,9,FALSE) -> 60
B14: STAG | C14: =[22]Brewhouse!$A19 -> ST005 | D14: =[22]Brewhouse!$AD19 -> 52.5 | E14: =[22]Brewhouse!$AG19 -> 49.3 | F14: =[22]Brewhouse!$V19 -> 59 | G14: =[22]Brewhouse!$AE19 -> 11.9 | I14: =[22]Brewhouse!$AS19 -> 95.662514 | J14: =[22]Brewhouse!$AT19 -> 98.988167 | K14: =[22]Brewhouse!$Q19 -> 5.9369202 | L14: =[22]Brewhouse!$P19 -> 59 | M14: =[22]Brewhouse!$U19-[22]Brewhouse!$T19 -> 0.11111111 | N14: =[22]Brewhouse!$AW19 -> 0.30555556 | O14: =[22]Brewhouse!$AV19 -> R.Sookram | R14: =B14 -> STAG | S14: =VLOOKUP($B14,$R$3:$X$9,2,FALSE) -> 11.6 | T14: =VLOOKUP($B14,$R$3:$X$9,3,FALSE) -> 12 | U14: =VLOOKUP($B14,$R$3:$X$9,4,FALSE) -> 0 | V14: =VLOOKUP($B14,$R$3:$X$9,5,FALSE) -> 0.11805556 | W14: =VLOOKUP($B14,$R$3:$X$9,6,FALSE) -> 0.22569444 | X14: =VLOOKUP($B14,$R$3:$X$9,7,FALSE) -> 0.26388889 | Y14: =VLOOKUP($B14,$R$3:$Z$9,8,FALSE) -> 0 | Z14: =VLOOKUP($B14,$R$3:$Z$9,9,FALSE) -> 60
R15: =B15 -> 0 | S15: =VLOOKUP($B15,$R$3:$X$9,2,FALSE) -> #N/A | T15: =VLOOKUP($B15,$R$3:$X$9,3,FALSE) -> #N/A | U15: =VLOOKUP($B15,$R$3:$X$9,4,FALSE) -> #N/A | V15: =VLOOKUP($B15,$R$3:$X$9,5,FALSE) -> #N/A | W15: =VLOOKUP($B15,$R$3:$X$9,6,FALSE) -> #N/A | X15: =VLOOKUP($B15,$R$3:$X$9,7,FALSE) -> #N/A | Y15: =VLOOKUP($B15,$R$3:$Z$9,8,FALSE) -> #N/A | Z15: =VLOOKUP($B15,$R$3:$Z$9,9,FALSE) -> #N/A
R16: =B16 -> 0 | S16: =VLOOKUP($B16,$R$3:$X$9,2,FALSE) -> #N/A | T16: =VLOOKUP($B16,$R$3:$X$9,3,FALSE) -> #N/A | U16: =VLOOKUP($B16,$R$3:$X$9,4,FALSE) -> #N/A | V16: =VLOOKUP($B16,$R$3:$X$9,5,FALSE) -> #N/A | W16: =VLOOKUP($B16,$R$3:$X$9,6,FALSE) -> #N/A | X16: =VLOOKUP($B16,$R$3:$X$9,7,FALSE) -> #N/A | Y16: =VLOOKUP($B16,$R$3:$Z$9,8,FALSE) -> #N/A | Z16: =VLOOKUP($B16,$R$3:$Z$9,9,FALSE) -> #N/A
R17: =B17 -> 0 | S17: =VLOOKUP($B17,$R$3:$X$9,2,FALSE) -> #N/A | T17: =VLOOKUP($B17,$R$3:$X$9,3,FALSE) -> #N/A | U17: =VLOOKUP($B17,$R$3:$X$9,4,FALSE) -> #N/A | V17: =VLOOKUP($B17,$R$3:$X$9,5,FALSE) -> #N/A | W17: =VLOOKUP($B17,$R$3:$X$9,6,FALSE) -> #N/A | X17: =VLOOKUP($B17,$R$3:$X$9,7,FALSE) -> #N/A | Y17: =VLOOKUP($B17,$R$3:$Z$9,8,FALSE) -> #N/A | Z17: =VLOOKUP($B17,$R$3:$Z$9,9,FALSE) -> #N/A
R18: =B18 -> 0 | S18: =VLOOKUP($B18,$R$3:$X$9,2,FALSE) -> #N/A | T18: =VLOOKUP($B18,$R$3:$X$9,3,FALSE) -> #N/A | U18: =VLOOKUP($B18,$R$3:$X$9,4,FALSE) -> #N/A | V18: =VLOOKUP($B18,$R$3:$X$9,5,FALSE) -> #N/A | W18: =VLOOKUP($B18,$R$3:$X$9,6,FALSE) -> #N/A | X18: =VLOOKUP($B18,$R$3:$X$9,7,FALSE) -> #N/A | Y18: =VLOOKUP($B18,$R$3:$Z$9,8,FALSE) -> #N/A | Z18: =VLOOKUP($B18,$R$3:$Z$9,9,FALSE) -> #N/A
R19: =B19 -> 0 | S19: =VLOOKUP($B19,$R$3:$X$9,2,FALSE) -> #N/A | T19: =VLOOKUP($B19,$R$3:$X$9,3,FALSE) -> #N/A | U19: =VLOOKUP($B19,$R$3:$X$9,4,FALSE) -> #N/A | V19: =VLOOKUP($B19,$R$3:$X$9,5,FALSE) -> #N/A | W19: =VLOOKUP($B19,$R$3:$X$9,6,FALSE) -> #N/A | X19: =VLOOKUP($B19,$R$3:$X$9,7,FALSE) -> #N/A | Y19: =VLOOKUP($B19,$R$3:$Z$9,8,FALSE) -> #N/A | Z19: =VLOOKUP($B19,$R$3:$Z$9,9,FALSE) -> #N/A
R20: =B20 -> 0 | S20: =VLOOKUP($B20,$R$3:$X$9,2,FALSE) -> #N/A | T20: =VLOOKUP($B20,$R$3:$X$9,3,FALSE) -> #N/A | U20: =VLOOKUP($B20,$R$3:$X$9,4,FALSE) -> #N/A | V20: =VLOOKUP($B20,$R$3:$X$9,5,FALSE) -> #N/A | W20: =VLOOKUP($B20,$R$3:$X$9,6,FALSE) -> #N/A | X20: =VLOOKUP($B20,$R$3:$X$9,7,FALSE) -> #N/A | Y20: =VLOOKUP($B20,$R$3:$Z$9,8,FALSE) -> #N/A | Z20: =VLOOKUP($B20,$R$3:$Z$9,9,FALSE) -> #N/A
R21: =B21 -> 0 | S21: =VLOOKUP($B21,$R$3:$X$9,2,FALSE) -> #N/A | T21: =VLOOKUP($B21,$R$3:$X$9,3,FALSE) -> #N/A | U21: =VLOOKUP($B21,$R$3:$X$9,4,FALSE) -> #N/A | V21: =VLOOKUP($B21,$R$3:$X$9,5,FALSE) -> #N/A | W21: =VLOOKUP($B21,$R$3:$X$9,6,FALSE) -> #N/A | X21: =VLOOKUP($B21,$R$3:$X$9,7,FALSE) -> #N/A | Y21: =VLOOKUP($B21,$R$3:$Z$9,8,FALSE) -> #N/A | Z21: =VLOOKUP($B21,$R$3:$Z$9,9,FALSE) -> #N/A
R22: =B22 -> 0 | S22: =VLOOKUP($B22,$R$3:$X$9,2,FALSE) -> #N/A | T22: =VLOOKUP($B22,$R$3:$X$9,3,FALSE) -> #N/A | U22: =VLOOKUP($B22,$R$3:$X$9,4,FALSE) -> #N/A | V22: =VLOOKUP($B22,$R$3:$X$9,5,FALSE) -> #N/A | W22: =VLOOKUP($B22,$R$3:$X$9,6,FALSE) -> #N/A | X22: =VLOOKUP($B22,$R$3:$X$9,7,FALSE) -> #N/A | Y22: =VLOOKUP($B22,$R$3:$Z$9,8,FALSE) -> #N/A | Z22: =VLOOKUP($B22,$R$3:$Z$9,9,FALSE) -> #N/A
R23: =B23 -> 0 | S23: =VLOOKUP($B23,$R$3:$X$9,2,FALSE) -> #N/A | T23: =VLOOKUP($B23,$R$3:$X$9,3,FALSE) -> #N/A | U23: =VLOOKUP($B23,$R$3:$X$9,4,FALSE) -> #N/A | V23: =VLOOKUP($B23,$R$3:$X$9,5,FALSE) -> #N/A | W23: =VLOOKUP($B23,$R$3:$X$9,6,FALSE) -> #N/A | X23: =VLOOKUP($B23,$R$3:$X$9,7,FALSE) -> #N/A | Y23: =VLOOKUP($B23,$R$3:$Z$9,8,FALSE) -> #N/A | Z23: =VLOOKUP($B23,$R$3:$Z$9,9,FALSE) -> #N/A
R24: =B24 -> 0 | S24: =VLOOKUP($B24,$R$3:$X$9,2,FALSE) -> #N/A | T24: =VLOOKUP($B24,$R$3:$X$9,3,FALSE) -> #N/A | U24: =VLOOKUP($B24,$R$3:$X$9,4,FALSE) -> #N/A | V24: =VLOOKUP($B24,$R$3:$X$9,5,FALSE) -> #N/A | W24: =VLOOKUP($B24,$R$3:$X$9,6,FALSE) -> #N/A | X24: =VLOOKUP($B24,$R$3:$X$9,7,FALSE) -> #N/A | Y24: =VLOOKUP($B24,$R$3:$Z$9,8,FALSE) -> #N/A | Z24: =VLOOKUP($B24,$R$3:$Z$9,9,FALSE) -> #N/A
R25: =B25 -> 0 | S25: =VLOOKUP($B25,$R$3:$X$9,2,FALSE) -> #N/A | T25: =VLOOKUP($B25,$R$3:$X$9,3,FALSE) -> #N/A | U25: =VLOOKUP($B25,$R$3:$X$9,4,FALSE) -> #N/A | V25: =VLOOKUP($B25,$R$3:$X$9,5,FALSE) -> #N/A | W25: =VLOOKUP($B25,$R$3:$X$9,6,FALSE) -> #N/A | X25: =VLOOKUP($B25,$R$3:$X$9,7,FALSE) -> #N/A | Y25: =VLOOKUP($B25,$R$3:$Z$9,8,FALSE) -> #N/A | Z25: =VLOOKUP($B25,$R$3:$Z$9,9,FALSE) -> #N/A
R26: =B26 -> 0 | S26: =VLOOKUP($B26,$R$3:$X$9,2,FALSE) -> #N/A | T26: =VLOOKUP($B26,$R$3:$X$9,3,FALSE) -> #N/A | U26: =VLOOKUP($B26,$R$3:$X$9,4,FALSE) -> #N/A | V26: =VLOOKUP($B26,$R$3:$X$9,5,FALSE) -> #N/A | W26: =VLOOKUP($B26,$R$3:$X$9,6,FALSE) -> #N/A | X26: =VLOOKUP($B26,$R$3:$X$9,7,FALSE) -> #N/A | Y26: =VLOOKUP($B26,$R$3:$Z$9,8,FALSE) -> #N/A | Z26: =VLOOKUP($B26,$R$3:$Z$9,9,FALSE) -> #N/A
... R41: =B41 -> 0 | S41: =VLOOKUP($B41,$R$3:$X$9,2,FALSE) -> #N/A | T41: =VLOOKUP($B41,$R$3:$X$9,3,FALSE) -> #N/A | U41: =VLOOKUP($B41,$R$3:$X$9,4,FALSE) -> #N/A | V41: =VLOOKUP($B41,$R$3:$X$9,5,FALSE) -> #N/A | W41: =VLOOKUP($B41,$R$3:$X$9,6,FALSE) -> #N/A | X41: =VLOOKUP($B41,$R$3:$X$9,7,FALSE) -> #N/A | Y41: =VLOOKUP($B41,$R$3:$Z$9,8,FALSE) -> #N/A | Z41: =VLOOKUP($B41,$R$3:$Z$9,9,FALSE) -> #N/A
I42: EXTRACT RECOVERY | R42: =B42 -> 0 | S42: =VLOOKUP($B42,$R$3:$X$9,2,FALSE) -> #N/A | T42: =VLOOKUP($B42,$R$3:$X$9,3,FALSE) -> #N/A | U42: =VLOOKUP($B42,$R$3:$X$9,4,FALSE) -> #N/A | V42: =VLOOKUP($B42,$R$3:$X$9,5,FALSE) -> #N/A | W42: =VLOOKUP($B42,$R$3:$X$9,6,FALSE) -> #N/A | X42: =VLOOKUP($B42,$R$3:$X$9,7,FALSE) -> #N/A | Y42: =VLOOKUP($B42,$R$3:$Z$9,8,FALSE) -> #N/A | Z42: =VLOOKUP($B42,$R$3:$Z$9,9,FALSE) -> #N/A
B43: BRAND | D43: BBT P.G./ O.G | I43: Brand | J43: Actual | K43: MTD No. of Brews | L43: MTD | M43: YTD | N43: Target | R43: =B43 -> BRAND | S43: =VLOOKUP($B43,$R$3:$X$9,2,FALSE) -> #N/A | T43: =VLOOKUP($B43,$R$3:$X$9,3,FALSE) -> #N/A | U43: =VLOOKUP($B43,$R$3:$X$9,4,FALSE) -> #N/A | V43: =VLOOKUP($B43,$R$3:$X$9,5,FALSE) -> #N/A | W43: =VLOOKUP($B43,$R$3:$X$9,6,FALSE) -> #N/A | X43: =VLOOKUP($B43,$R$3:$X$9,7,FALSE) -> #N/A | Y43: =VLOOKUP($B43,$R$3:$Z$9,8,FALSE) -> #N/A | Z43: =VLOOKUP($B43,$R$3:$Z$9,9,FALSE) -> #N/A
B44: =I44 -> CARIB | C44: 12 | D44: 11.79 | I44: CARIB | N44: 98
C45: 11.9 | I45: STAG | J45: =AVERAGE(I10:I14) -> 95.995788 | K45: =COUNTA(C10:C14) -> 5 | L45: =J45 -> 95.995788 | M45: =L45 -> 95.995788 | N45: 98
C46: 11.8 | D46: 11.81 | I46: GUINNESS | N46: 98
C47: 11.9 | I47: VITAMALT | N47: 98
C48: 11.7 | D48: 11.74 | I48: MAXIMALT | N48: 98
C49: 11.8 | I49: MACKESON | N49: 98
C50: 11.8 | D50: 12.03 | I50: STARMALT | N50: 98
C51: 11.8 | I51: HR- P | N51: 98
I52: HR-IPA | N52: 98
I53: HR-APA | N53: 98
K54: =SUM(K44:K53) -> 5 | L54: =((L44*K44)+(L45*K45)+(L46*K46)+(L47*K47)+(L48*K48)+(K51*L51)+(L49*K49)+(L50*K50)+(L53*K53))/(K54) -> 95.995788 | N54: 98
J57: Daily Brewing Plan
J58: Brand | K58: Brews Achieved | L58: Average Brews per day
J59: CARIB | L59: MTD | M59: YTD | N59: TARGET
J60: STAG | K60: 5 | L60: =K69 -> 5 | M60: =L60 -> 5
J61: GUINN
J62: VITAMALT
J63: STARMALT
J64: MACKESON
J65: HURRICANE REEF- IPA
J66: HURRICANE REEF- APA
D67: =AVERAGE(D44:E66) -> 11.8425 | J67: HR- PILSNER
J68: CARIBE
J69: Total | K69: =SUM(K59:K68) -> 5
B70: Process: | C70: Fermentation/Filtration
B72: Brand | C72: Filt. Date | D72: FV Hls | E72: GFE/ Prim/ Vita Blend (Hls) | F72: SV Hls | G72: BBT Hls | H72: Loss (%) Ferm | I72: Loss (%) Filt | J72: Comments | K72: Throughput | L72: Process Loss (%) | M72: Filt. Operator
T73: 43466 | U73: 43467 | V73: 43468 | W73: 43469 | X73: 43470 | Y73: 43471 | Z73: 43472 | AA73: 43473 | AB73: 43474 | AC73: 43475 | AD73: 43476 | AE73: 43477 | AF73: 43478 | AG73: 43479 | AH73: 43480 | AI73: 43481 | AJ73: 43482 | AK73: 43483 | AL73: 43484 | AM73: 43485 | AN73: 43486 | AO73: 43487 | AP73: 43488 | AQ73: 43489 | AR73: 43490 | AS73: 43491 | AT73: 43492 | AU73: 43493 | AV73: 43494 | AW73: 43495 | AX73: 43496
B74: =B83 -> CARIB | C74: 45659 | D74: =[23]January_2025!$E$3 -> 409.5 | G74: =SUM([23]January_2025!$E$7) -> 387.5 | J74: No breaks | K74: =[24]January_2025!$E$18 -> 1.3596491 | L74: =(((D74+E74)-G74)/(D74+E74))*100 -> 5.3724054 | M74: G.Mason | S74: hls
B76: =I45 -> STAG | C76: 45644 | J76: 1 BREAK | L76: =(((D76+E76)-G76)/(D76+E76))*100 -> #DIV/0!
J78: NO BREAK | L78: =(((D78+E78)-G78)/(D78+E78))*100 -> #DIV/0! | M78: T. Charles
B81: Process Loss (Volume) | G81: Process Loss (Extract) | K81: Throughput
B82: Brand | C82: Actual | D82: MTD | E82: YTD | F82: Target | G82: Actual | H82: MTD | I82: YTD | J82: Target | K82: Actual | L82: MTD | M82: YTD | N82: Target
B83: CARIB | C83: =L74 -> 5.3724054 | D83: =C83 -> 5.3724054 | F83: 4.8 | G83: =[23]January_2025!$E$11 -> 5.601713 | H83: =G83 -> 5.601713 | J83: 4.8 | K83: =K74 -> 1.3596491 | L83: =K83 -> 1.3596491 | N83: 1
B84: STAG | F84: 4.8 | J84: 4.8 | N84: 1
B85: GUINN | F85: 5.5 | J85: 5.5 | N85: 1
B86: VITAMALT | F86: 3.3 | J86: 3.3 | N86: 1
B87: HURRICANE REEF-APA | F87: 3.3 | J87: 3 | N87: 1
B88: MACKESON | F88: =[21]May_2022!$M$43 -> 3.4878407 | J88: 5.5 | N88: 1
B89: STARMALT | F89: 3.3 | J89: 3.3 | N89: 1
B90: HURRICANE REEF-IPA | F90: 7.5 | J90: 7.5 | N90: 1
F91: 5 | J91: 5 | N91: 1

Sheet Jan 3rd
S1: P.G. | U1: Hot Time | W1: Process Time | Y1: Cooling Time
B2: Brewing Department Daily Process Loss Report | S2: Lower | T2: Upper | U2: Lower | V2: Upper | W2: Lower | X2: Upper | Y2: Lower | Z2: Upper
R3: CARIB | S3: 11.6 | T3: 12 | U3: 0 | V3: 0.11805556 | W3: 0.22569444 | X3: 0.26388889 | Y3: 0 | Z3: 60
B4: Date: | C4: 45661 | J4: LOT WORT COLOUR: 3.4 | M4: Filter Sheets (Target 20 days) | R4: STAG | S4: 11.6 | T4: 12 | U4: 0 | V4: 0.11805556 | W4: 0.22569444 | X4: 0.26388889 | Y4: 0 | Z4: 60
M5: Double | N5: Single | R5: GUINNESS | S5: 17 | T5: 17.5 | U5: 0 | V5: 0.10763889 | W5: 0.24652778 | X5: 0.28472222 | Y5: 0 | Z5: 60
J6: MALT LOT: Lot 25 | L6: Sheet Day | R6: MACKESON | S6: 13.3 | T6: 13.5 | U6: 0 | V6: 0.12905093 | W6: 0.27430556 | X6: 0.30208333 | Y6: 0
R7: STARMALT | S7: 17.1 | T7: 17.5 | U7: 0 | V7: 0.13605324 | W7: 0.27430556 | X7: 0.30902778 | Y7: 0 | Z7: 60
B8: Brand | C8: Brew no. | D8: Kett. Hls | E8: Wort | F8: Cool Time(Mins) | G8: Cast. P.G. (Lab Result) | H8: Cast P.G. (Cellar Operator)-gravity | I8: Extr. Rec (80.9%) | J8: Theor. Extr. (77.5%) | K8: Boil Off /Vol. (4-6%) | L8: Boil Time | M8: Total Hot | N8: Brewing | O8: Operator | P8: Comments | R8: Hurricane Reef | S8: 16.6 | T8: 17 | U8: 0 | V8: 0.12905093 | W8: 0.27430556 | X8: 0.30208333 | Y8: 0
E9: Meter (Hls) | F9: Target(< 60Mins) | M9: Time | R9: VITAMALT | S9: 14.4 | T9: 14.6 | U9: 0 | V9: 0.13905093 | W9: 0.26041667 | X9: 0.29513889 | Y9: 0 | Z9: 75
R10: =B10 -> 0 | S10: =VLOOKUP($B10,$R$3:$X$9,2,FALSE) -> #N/A | T10: =VLOOKUP($B10,$R$3:$X$9,3,FALSE) -> #N/A | U10: =VLOOKUP($B10,$R$3:$X$9,4,FALSE) -> #N/A | V10: =VLOOKUP($B10,$R$3:$X$9,5,FALSE) -> #N/A | W10: =VLOOKUP($B10,$R$3:$X$9,6,FALSE) -> #N/A | X10: =VLOOKUP($B10,$R$3:$X$9,7,FALSE) -> #N/A | Y10: =VLOOKUP($B10,$R$3:$Z$9,8,FALSE) -> #N/A | Z10: =VLOOKUP($B10,$R$3:$Z$9,9,FALSE) -> #N/A
R11: =B11 -> 0 | S11: =VLOOKUP($B11,$R$3:$X$9,2,FALSE) -> #N/A | T11: =VLOOKUP($B11,$R$3:$X$9,3,FALSE) -> #N/A | U11: =VLOOKUP($B11,$R$3:$X$9,4,FALSE) -> #N/A | V11: =VLOOKUP($B11,$R$3:$X$9,5,FALSE) -> #N/A | W11: =VLOOKUP($B11,$R$3:$X$9,6,FALSE) -> #N/A | X11: =VLOOKUP($B11,$R$3:$X$9,7,FALSE) -> #N/A | Y11: =VLOOKUP($B11,$R$3:$Z$9,8,FALSE) -> #N/A | Z11: =VLOOKUP($B11,$R$3:$Z$9,9,FALSE) -> #N/A
R12: =B12 -> 0 | S12: =VLOOKUP($B12,$R$3:$X$9,2,FALSE) -> #N/A | T12: =VLOOKUP($B12,$R$3:$X$9,3,FALSE) -> #N/A | U12: =VLOOKUP($B12,$R$3:$X$9,4,FALSE) -> #N/A | V12: =VLOOKUP($B12,$R$3:$X$9,5,FALSE) -> #N/A | W12: =VLOOKUP($B12,$R$3:$X$9,6,FALSE) -> #N/A | X12: =VLOOKUP($B12,$R$3:$X$9,7,FALSE) -> #N/A | Y12: =VLOOKUP($B12,$R$3:$Z$9,8,FALSE) -> #N/A | Z12: =VLOOKUP($B12,$R$3:$Z$9,9,FALSE) -> #N/A
R13: =B13 -> 0 | S13: =VLOOKUP($B13,$R$3:$X$9,2,FALSE) -> #N/A | T13: =VLOOKUP($B13,$R$3:$X$9,3,FALSE) -> #N/A | U13: =VLOOKUP($B13,$R$3:$X$9,4,FALSE) -> #N/A | V13: =VLOOKUP($B13,$R$3:$X$9,5,FALSE) -> #N/A | W13: =VLOOKUP($B13,$R$3:$X$9,6,FALSE) -> #N/A | X13: =VLOOKUP($B13,$R$3:$X$9,7,FALSE) -> #N/A | Y13: =VLOOKUP($B13,$R$3:$Z$9,8,FALSE) -> #N/A | Z13: =VLOOKUP($B13,$R$3:$Z$9,9,FALSE) -> #N/A
R14: =B14 -> 0 | S14: =VLOOKUP($B14,$R$3:$X$9,2,FALSE) -> #N/A | T14: =VLOOKUP($B14,$R$3:$X$9,3,FALSE) -> #N/A | U14: =VLOOKUP($B14,$R$3:$X$9,4,FALSE) -> #N/A | V14: =VLOOKUP($B14,$R$3:$X$9,5,FALSE) -> #N/A | W14: =VLOOKUP($B14,$R$3:$X$9,6,FALSE) -> #N/A | X14: =VLOOKUP($B14,$R$3:$X$9,7,FALSE) -> #N/A | Y14: =VLOOKUP($B14,$R$3:$Z$9,8,FALSE) -> #N/A | Z14: =VLOOKUP($B14,$R$3:$Z$9,9,FALSE) -> #N/A
B15: STAG | C15: =[22]Brewhouse!$A20 -> ST006 | D15: =[22]Brewhouse!$AD20 -> 53.4 | E15: =[22]Brewhouse!$AG20 -> 50.7 | F15: =[22]Brewhouse!$V20 -> 63 | G15: =[22]Brewhouse!$AE20 -> 11.7 | I15: =[22]Brewhouse!$AS20 -> 96.762677 | J15: =[22]Brewhouse!$AT20 -> 100.12547 | K15: =[22]Brewhouse!$Q20 -> 4.6915405 | L15: =[22]Brewhouse!$P20 -> 57 | M15: =[22]Brewhouse!$U20-[22]Brewhouse!$T20 -> 0.11041667 | N15: =[22]Brewhouse!$AW20 -> 0.26805556 | O15: =[22]Brewhouse!$AV20 -> R.Sookram | R15: =B15 -> STAG | S15: =VLOOKUP($B15,$R$3:$X$9,2,FALSE) -> 11.6 | T15: =VLOOKUP($B15,$R$3:$X$9,3,FALSE) -> 12 | U15: =VLOOKUP($B15,$R$3:$X$9,4,FALSE) -> 0 | V15: =VLOOKUP($B15,$R$3:$X$9,5,FALSE) -> 0.11805556 | W15: =VLOOKUP($B15,$R$3:$X$9,6,FALSE) -> 0.22569444 | X15: =VLOOKUP($B15,$R$3:$X$9,7,FALSE) -> 0.26388889 | Y15: =VLOOKUP($B15,$R$3:$Z$9,8,FALSE) -> 0 | Z15: =VLOOKUP($B15,$R$3:$Z$9,9,FALSE) -> 60
B16: STAG | C16: =[22]Brewhouse!$A21 -> ST007 | D16: =[22]Brewhouse!$AD21 -> 52.9 | E16: =[22]Brewhouse!$AG21 -> 49 | F16: =[22]Brewhouse!$V21 -> 75 | G16: =[22]Brewhouse!$AE21 -> 11.8 | I16: =[22]Brewhouse!$AS21 -> 94.359297 | J16: =[22]Brewhouse!$AT21 -> 97.63857 | K16: =[22]Brewhouse!$Q21 -> 2.6666667 | L16: =[22]Brewhouse!$P21 -> 62 | M16: =[22]Brewhouse!$U21-[22]Brewhouse!$T21 -> 0.11388889 | N16: =[22]Brewhouse!$AW21 -> 0.30277778 | O16: =[22]Brewhouse!$AV21 -> R.Sookram | R16: =B16 -> STAG | S16: =VLOOKUP($B16,$R$3:$X$9,2,FALSE) -> 11.6 | T16: =VLOOKUP($B16,$R$3:$X$9,3,FALSE) -> 12 | U16: =VLOOKUP($B16,$R$3:$X$9,4,FALSE) -> 0 | V16: =VLOOKUP($B16,$R$3:$X$9,5,FALSE) -> 0.11805556 | W16: =VLOOKUP($B16,$R$3:$X$9,6,FALSE) -> 0.22569444 | X16: =VLOOKUP($B16,$R$3:$X$9,7,FALSE) -> 0.26388889 | Y16: =VLOOKUP($B16,$R$3:$Z$9,8,FALSE) -> 0 | Z16: =VLOOKUP($B16,$R$3:$Z$9,9,FALSE) -> 60
B17: STAG | C17: =[22]Brewhouse!$A22 -> ST008 | D17: =[22]Brewhouse!$AD22 -> 52.1 | E17: =[22]Brewhouse!$AG22 -> 49.8 | F17: =[22]Brewhouse!$V22 -> 72 | G17: =[22]Brewhouse!$AE22 -> 11.8 | I17: =[22]Brewhouse!$AS22 -> 95.899857 | J17: =[22]Brewhouse!$AT22 -> 99.232669 | K17: =[22]Brewhouse!$Q22 -> 5.893186 | L17: =[22]Brewhouse!$P22 -> 63 | M17: =[22]Brewhouse!$U22-[22]Brewhouse!$T22 -> 0.12361111 | N17: =[22]Brewhouse!$AW22 -> 0.28194444 | O17: =[22]Brewhouse!$AV22 -> k.Benjamin | R17: =B17 -> STAG | S17: =VLOOKUP($B17,$R$3:$X$9,2,FALSE) -> 11.6 | T17: =VLOOKUP($B17,$R$3:$X$9,3,FALSE) -> 12 | U17: =VLOOKUP($B17,$R$3:$X$9,4,FALSE) -> 0 | V17: =VLOOKUP($B17,$R$3:$X$9,5,FALSE) -> 0.11805556 | W17: =VLOOKUP($B17,$R$3:$X$9,6,FALSE) -> 0.22569444 | X17: =VLOOKUP($B17,$R$3:$X$9,7,FALSE) -> 0.26388889 | Y17: =VLOOKUP($B17,$R$3:$Z$9,8,FALSE) -> 0 | Z17: =VLOOKUP($B17,$R$3:$Z$9,9,FALSE) -> 60
B18: STAG | C18: =[22]Brewhouse!$A23 -> ST009 | D18: =[22]Brewhouse!$AD23 -> 52.9 | E18: =[22]Brewhouse!$AG23 -> 49.5 | F18: =[22]Brewhouse!$V23 -> 90 | G18: =[22]Brewhouse!$AE23 -> 11.9 | I18: =[22]Brewhouse!$AS23 -> 96.050597 | J18: =[22]Brewhouse!$AT23 -> 99.389742 | K18: =[22]Brewhouse!$Q23 -> 11.460259 | L18: =[22]Brewhouse!$P23 -> 60 | M18: =[22]Brewhouse!$U23-[22]Brewhouse!$T23 -> 0.11944444 | N18: =[22]Brewhouse!$AW23 -> 0.26180556 | O18: =[22]Brewhouse!$AV23 -> k.Benjamin | R18: =B18 -> STAG | S18: =VLOOKUP($B18,$R$3:$X$9,2,FALSE) -> 11.6 | T18: =VLOOKUP($B18,$R$3:$X$9,3,FALSE) -> 12 | U18: =VLOOKUP($B18,$R$3:$X$9,4,FALSE) -> 0 | V18: =VLOOKUP($B18,$R$3:$X$9,5,FALSE) -> 0.11805556 | W18: =VLOOKUP($B18,$R$3:$X$9,6,FALSE) -> 0.22569444 | X18: =VLOOKUP($B18,$R$3:$X$9,7,FALSE) -> 0.26388889 | Y18: =VLOOKUP($B18,$R$3:$Z$9,8,FALSE) -> 0 | Z18: =VLOOKUP($B18,$R$3:$Z$9,9,FALSE) -> 60
B19: STAG | C19: =[22]Brewhouse!$A24 -> ST010 | D19: =[22]Brewhouse!$AD24 -> 52.9 | E19: =[22]Brewhouse!$AG24 -> 49.5 | F19: =[22]Brewhouse!$V24 -> 90 | G19: =[22]Brewhouse!$AE24 -> 11.9 | I19: =[22]Brewhouse!$AS24 -> 96.050597 | J19: =[22]Brewhouse!$AT24 -> 99.389742 | K19: =[22]Brewhouse!$Q24 -> 6.2622309 | L19: =[22]Brewhouse!$P24 -> 60 | M19: =[22]Brewhouse!$U24-[22]Brewhouse!$T24 -> 0.13611111 | N19: =[22]Brewhouse!$AW24 -> 0.30972222 | O19: =[22]Brewhouse!$AV24 -> Regis | R19: =B19 -> STAG | S19: =VLOOKUP($B19,$R$3:$X$9,2,FALSE) -> 11.6 | T19: =VLOOKUP($B19,$R$3:$X$9,3,FALSE) -> 12 | U19: =VLOOKUP($B19,$R$3:$X$9,4,FALSE) -> 0 | V19: =VLOOKUP($B19,$R$3:$X$9,5,FALSE) -> 0.11805556 | W19: =VLOOKUP($B19,$R$3:$X$9,6,FALSE) -> 0.22569444 | X19: =VLOOKUP($B19,$R$3:$X$9,7,FALSE) -> 0.26388889 | Y19: =VLOOKUP($B19,$R$3:$Z$9,8,FALSE) -> 0 | Z19: =VLOOKUP($B19,$R$3:$Z$9,9,FALSE) -> 60
R20: =B20 -> 0 | S20: =VLOOKUP($B20,$R$3:$X$9,2,FALSE) -> #N/A | T20: =VLOOKUP($B20,$R$3:$X$9,3,FALSE) -> #N/A | U20: =VLOOKUP($B20,$R$3:$X$9,4,FALSE) -> #N/A | V20: =VLOOKUP($B20,$R$3:$X$9,5,FALSE) -> #N/A | W20: =VLOOKUP($B20,$R$3:$X$9,6,FALSE) -> #N/A | X20: =VLOOKUP($B20,$R$3:$X$9,7,FALSE) -> #N/A | Y20: =VLOOKUP($B20,$R$3:$Z$9,8,FALSE) -> #N/A | Z20: =VLOOKUP($B20,$R$3:$Z$9,9,FALSE) -> #N/A
R21: =B21 -> 0 | S21: =VLOOKUP($B21,$R$3:$X$9,2,FALSE) -> #N/A | T21: =VLOOKUP($B21,$R$3:$X$9,3,FALSE) -> #N/A | U21: =VLOOKUP($B21,$R$3:$X$9,4,FALSE) -> #N/A | V21: =VLOOKUP($B21,$R$3:$X$9,5,FALSE) -> #N/A | W21: =VLOOKUP($B21,$R$3:$X$9,6,FALSE) -> #N/A | X21: =VLOOKUP($B21,$R$3:$X$9,7,FALSE) -> #N/A | Y21: =VLOOKUP($B21,$R$3:$Z$9,8,FALSE) -> #N/A | Z21: =VLOOKUP($B21,$R$3:$Z$9,9,FALSE) -> #N/A
R22: =B22 -> 0 | S22: =VLOOKUP($B22,$R$3:$X$9,2,FALSE) -> #N/A | T22: =VLOOKUP($B22,$R$3:$X$9,3,FALSE) -> #N/A | U22: =VLOOKUP($B22,$R$3:$X$9,4,FALSE) -> #N/A | V22: =VLOOKUP($B22,$R$3:$X$9,5,FALSE) -> #N/A | W22: =VLOOKUP($B22,$R$3:$X$9,6,FALSE) -> #N/A | X22: =VLOOKUP($B22,$R$3:$X$9,7,FALSE) -> #N/A | Y22: =VLOOKUP($B22,$R$3:$Z$9,8,FALSE) -> #N/A | Z22: =VLOOKUP($B22,$R$3:$Z$9,9,FALSE) -> #N/A
R23: =B23 -> 0 | S23: =VLOOKUP($B23,$R$3:$X$9,2,FALSE) -> #N/A | T23: =VLOOKUP($B23,$R$3:$X$9,3,FALSE) -> #N/A | U23: =VLOOKUP($B23,$R$3:$X$9,4,FALSE) -> #N/A | V23: =VLOOKUP($B23,$R$3:$X$9,5,FALSE) -> #N/A | W23: =VLOOKUP($B23,$R$3:$X$9,6,FALSE) -> #N/A | X23: =VLOOKUP($B23,$R$3:$X$9,7,FALSE) -> #N/A | Y23: =VLOOKUP($B23,$R$3:$Z$9,8,FALSE) -> #N/A | Z23: =VLOOKUP($B23,$R$3:$Z$9,9,FALSE) -> #N/A
R24: =B24 -> 0 | S24: =VLOOKUP($B24,$R$3:$X$9,2,FALSE) -> #N/A | T24: =VLOOKUP($B24,$R$3:$X$9,3,FALSE) -> #N/A | U24: =VLOOKUP($B24,$R$3:$X$9,4,FALSE) -> #N/A | V24: =VLOOKUP($B24,$R$3:$X$9,5,FALSE) -> #N/A | W24: =VLOOKUP($B24,$R$3:$X$9,6,FALSE) -> #N/A | X24: =VLOOKUP($B24,$R$3:$X$9,7,FALSE) -> #N/A | Y24: =VLOOKUP($B24,$R$3:$Z$9,8,FALSE) -> #N/A | Z24: =VLOOKUP($B24,$R$3:$Z$9,9,FALSE) -> #N/A
R25: =B25 -> 0 | S25: =VLOOKUP($B25,$R$3:$X$9,2,FALSE) -> #N/A | T25: =VLOOKUP($B25,$R$3:$X$9,3,FALSE) -> #N/A | U25: =VLOOKUP($B25,$R$3:$X$9,4,FALSE) -> #N/A | V25: =VLOOKUP($B25,$R$3:$X$9,5,FALSE) -> #N/A | W25: =VLOOKUP($B25,$R$3:$X$9,6,FALSE) -> #N/A | X25: =VLOOKUP($B25,$R$3:$X$9,7,FALSE) -> #N/A | Y25: =VLOOKUP($B25,$R$3:$Z$9,8,FALSE) -> #N/A | Z25: =VLOOKUP($B25,$R$3:$Z$9,9,FALSE) -> #N/A
R26: =B26 -> 0 | S26: =VLOOKUP($B26,$R$3:$X$9,2,FALSE) -> #N/A | T26: =VLOOKUP($B26,$R$3:$X$9,3,FALSE) -> #N/A | U26: =VLOOKUP($B26,$R$3:$X$9,4,FALSE) -> #N/A | V26: =VLOOKUP($B26,$R$3:$X$9,5,FALSE) -> #N/A | W26: =VLOOKUP($B26,$R$3:$X$9,6,FALSE) -> #N/A | X26: =VLOOKUP($B26,$R$3:$X$9,7,FALSE) -> #N/A | Y26: =VLOOKUP($B26,$R$3:$Z$9,8,FALSE) -> #N/A | Z26: =VLOOKUP($B26,$R$3:$Z$9,9,FALSE) -> #N/A
R27: =B27 -> 0 | S27: =VLOOKUP($B27,$R$3:$X$9,2,FALSE) -> #N/A | T27: =VLOOKUP($B27,$R$3:$X$9,3,FALSE) -> #N/A | U27: =VLOOKUP($B27,$R$3:$X$9,4,FALSE) -> #N/A | V27: =VLOOKUP($B27,$R$3:$X$9,5,FALSE) -> #N/A | W27: =VLOOKUP($B27,$R$3:$X$9,6,FALSE) -> #N/A | X27: =VLOOKUP($B27,$R$3:$X$9,7,FALSE) -> #N/A | Y27: =VLOOKUP($B27,$R$3:$Z$9,8,FALSE) -> #N/A | Z27: =VLOOKUP($B27,$R$3:$Z$9,9,FALSE) -> #N/A
R28: =B28 -> 0 | S28: =VLOOKUP($B28,$R$3:$X$9,2,FALSE) -> #N/A | T28: =VLOOKUP($B28,$R$3:$X$9,3,FALSE) -> #N/A | U28: =VLOOKUP($B28,$R$3:$X$9,4,FALSE) -> #N/A | V28: =VLOOKUP($B28,$R$3:$X$9,5,FALSE) -> #N/A | W28: =VLOOKUP($B28,$R$3:$X$9,6,FALSE) -> #N/A | X28: =VLOOKUP($B28,$R$3:$X$9,7,FALSE) -> #N/A | Y28: =VLOOKUP($B28,$R$3:$Z$9,8,FALSE) -> #N/A | Z28: =VLOOKUP($B28,$R$3:$Z$9,9,FALSE) -> #N/A
R29: =B29 -> 0 | S29: =VLOOKUP($B29,$R$3:$X$9,2,FALSE) -> #N/A | T29: =VLOOKUP($B29,$R$3:$X$9,3,FALSE) -> #N/A | U29: =VLOOKUP($B29,$R$3:$X$9,4,FALSE) -> #N/A | V29: =VLOOKUP($B29,$R$3:$X$9,5,FALSE) -> #N/A | W29: =VLOOKUP($B29,$R$3:$X$9,6,FALSE) -> #N/A | X29: =VLOOKUP($B29,$R$3:$X$9,7,FALSE) -> #N/A | Y29: =VLOOKUP($B29,$R$3:$Z$9,8,FALSE) -> #N/A | Z29: =VLOOKUP($B29,$R$3:$Z$9,9,FALSE) -> #N/A
R30: =B30 -> 0 | S30: =VLOOKUP($B30,$R$3:$X$9,2,FALSE) -> #N/A | T30: =VLOOKUP($B30,$R$3:$X$9,3,FALSE) -> #N/A | U30: =VLOOKUP($B30,$R$3:$X$9,4,FALSE) -> #N/A | V30: =VLOOKUP($B30,$R$3:$X$9,5,FALSE) -> #N/A | W30: =VLOOKUP($B30,$R$3:$X$9,6,FALSE) -> #N/A | X30: =VLOOKUP($B30,$R$3:$X$9,7,FALSE) -> #N/A | Y30: =VLOOKUP($B30,$R$3:$Z$9,8,FALSE) -> #N/A | Z30: =VLOOKUP($B30,$R$3:$Z$9,9,FALSE) -> #N/A
R31: =B31 -> 0 | S31: =VLOOKUP($B31,$R$3:$X$9,2,FALSE) -> #N/A | T31: =VLOOKUP($B31,$R$3:$X$9,3,FALSE) -> #N/A | U31: =VLOOKUP($B31,$R$3:$X$9,4,FALSE) -> #N/A | V31: =VLOOKUP($B31,$R$3:$X$9,5,FALSE) -> #N/A | W31: =VLOOKUP($B31,$R$3:$X$9,6,FALSE) -> #N/A | X31: =VLOOKUP($B31,$R$3:$X$9,7,FALSE) -> #N/A | Y31: =VLOOKUP($B31,$R$3:$Z$9,8,FALSE) -> #N/A | Z31: =VLOOKUP($B31,$R$3:$Z$9,9,FALSE) -> #N/A
... R41: =B41 -> 0 | S41: =VLOOKUP($B41,$R$3:$X$9,2,FALSE) -> #N/A | T41: =VLOOKUP($B41,$R$3:$X$9,3,FALSE) -> #N/A | U41: =VLOOKUP($B41,$R$3:$X$9,4,FALSE) -> #N/A | V41: =VLOOKUP($B41,$R$3:$X$9,5,FALSE) -> #N/A | W41: =VLOOKUP($B41,$R$3:$X$9,6,FALSE) -> #N/A | X41: =VLOOKUP($B41,$R$3:$X$9,7,FALSE) -> #N/A | Y41: =VLOOKUP($B41,$R$3:$Z$9,8,FALSE) -> #N/A | Z41: =VLOOKUP($B41,$R$3:$Z$9,9,FALSE) -> #N/A
I42: EXTRACT RECOVERY | R42: =B42 -> 0 | S42: =VLOOKUP($B42,$R$3:$X$9,2,FALSE) -> #N/A | T42: =VLOOKUP($B42,$R$3:$X$9,3,FALSE) -> #N/A | U42: =VLOOKUP($B42,$R$3:$X$9,4,FALSE) -> #N/A | V42: =VLOOKUP($B42,$R$3:$X$9,5,FALSE) -> #N/A | W42: =VLOOKUP($B42,$R$3:$X$9,6,FALSE) -> #N/A | X42: =VLOOKUP($B42,$R$3:$X$9,7,FALSE) -> #N/A | Y42: =VLOOKUP($B42,$R$3:$Z$9,8,FALSE) -> #N/A | Z42: =VLOOKUP($B42,$R$3:$Z$9,9,FALSE) -> #N/A
B43: BRAND | D43: BBT P.G./ O.G | I43: Brand | J43: Actual | K43: MTD No. of Brews | L43: MTD | M43: YTD | N43: Target | R43: =B43 -> BRAND | S43: =VLOOKUP($B43,$R$3:$X$9,2,FALSE) -> #N/A | T43: =VLOOKUP($B43,$R$3:$X$9,3,FALSE) -> #N/A | U43: =VLOOKUP($B43,$R$3:$X$9,4,FALSE) -> #N/A | V43: =VLOOKUP($B43,$R$3:$X$9,5,FALSE) -> #N/A | W43: =VLOOKUP($B43,$R$3:$X$9,6,FALSE) -> #N/A | X43: =VLOOKUP($B43,$R$3:$X$9,7,FALSE) -> #N/A | Y43: =VLOOKUP($B43,$R$3:$Z$9,8,FALSE) -> #N/A | Z43: =VLOOKUP($B43,$R$3:$Z$9,9,FALSE) -> #N/A
B44: =I44 -> CARIB | C44: 11.8 | D44: 11.8 | I44: CARIB | N44: 98
C45: 11.8 | I45: STAG | J45: =AVERAGE(I15:I19) -> 95.824605 | K45: 10 | L45: =AVERAGE(I15:I19) -> 95.824605 | M45: =L45 -> 95.824605 | N45: 98
C46: 11.8 | D46: 11.82 | I46: GUINNESS | N46: 98
C47: 11.8 | I47: VITAMALT | N47: 98
I48: MAXIMALT | N48: 98
I49: MACKESON | N49: 98
I50: STARMALT | N50: 98
I51: HR- P | N51: 98
I52: HR-IPA | N52: 98
I53: HR-APA | N53: 98
K54: =SUM(K44:K53) -> 10 | L54: =((L44*K44)+(L45*K45)+(L46*K46)+(L47*K47)+(L48*K48)+(K51*L51)+(L49*K49)+(L50*K50)+(L53*K53))/(K54) -> 95.824605 | M54: =L54 -> 95.824605 | N54: 98
J57: Daily Brewing Plan
J58: Brand | K58: Brews Achieved | L58: Average Brews per day
J59: CARIB | L59: MTD | M59: YTD | N59: TARGET
J60: STAG | K60: 5 | L60: =AVERAGE('Jan 2nd'!K69,'Jan 3rd'!K69) -> 5 | M60: =L60 -> 5
J61: GUINN
J62: VITAMALT
J63: STARMALT
J64: MACKESON
J65: HURRICANE REEF- IPA
J66: HURRICANE REEF- APA
D67: =AVERAGE(D44:E66) -> 11.81 | J67: HR- PILSNER
J68: CARIBE
J69: Total | K69: =SUM(K59:K68) -> 5
B70: Process: | C70: Fermentation/Filtration
B72: Brand | C72: Filt. Date | D72: FV Hls | E72: GFE/ Prim/ Vita Blend (Hls) | F72: SV Hls | G72: BBT Hls | H72: Loss (%) Ferm | I72: Loss (%) Filt | J72: Comments | K72: Throughput | L72: Process Loss (%) | M72: Filt. Operator
T73: 43466 | U73: 43467 | V73: 43468 | W73: 43469 | X73: 43470 | Y73: 43471 | Z73: 43472 | AA73: 43473 | AB73: 43474 | AC73: 43475 | AD73: 43476 | AE73: 43477 | AF73: 43478 | AG73: 43479 | AH73: 43480 | AI73: 43481 | AJ73: 43482 | AK73: 43483 | AL73: 43484 | AM73: 43485 | AN73: 43486 | AO73: 43487 | AP73: 43488 | AQ73: 43489 | AR73: 43490 | AS73: 43491 | AT73: 43492 | AU73: 43493 | AV73: 43494 | AW73: 43495 | AX73: 43496
B74: =B83 -> CARIB | C74: 45660 | D74: =[23]January_2025!$F$3 -> 200.1 | G74: =[23]January_2025!$F$7 -> 181.5 | J74: NO BREAK | K74: =[24]January_2025!$F$18 -> 0.63684211 | L74: =(((D74+E74)-G74)/(D74+E74))*100 -> 9.2953523 | M74: T.Charles | S74: hls
B76: =I45 -> STAG | C76: 45644 | J76: 1 BREAK | L76: =(((D76+E76)-G76)/(D76+E76))*100 -> #DIV/0!
J78: NO BREAK | L78: =(((D78+E78)-G78)/(D78+E78))*100 -> #DIV/0! | M78: T. Charles
B81: Process Loss (Volume) | G81: Process Loss (Extract) | K81: Throughput
B82: Brand | C82: Actual | D82: MTD | E82: YTD | F82: Target | G82: Actual | H82: MTD | I82: YTD | J82: Target | K82: Actual | L82: MTD | M82: YTD | N82: Target
B83: CARIB | C83: =L74 -> 9.2953523 | D83: =C83 -> 9.2953523 | F83: 4.8 | G83: =[23]January_2025!$F$11 -> 9.2218477 | H83: =G83 -> 9.2218477 | J83: 4.8 | K83: =K74 -> 0.63684211 | L83: =K83 -> 0.63684211 | N83: 1
B84: STAG | F84: 4.8 | J84: 4.8 | N84: 1
B85: GUINN | F85: 5.5 | J85: 5.5 | N85: 1
B86: VITAMALT | F86: 3.3 | J86: 3.3 | N86: 1
B87: HURRICANE REEF-APA | F87: 3.3 | J87: 3 | N87: 1
B88: MACKESON | F88: =[21]May_2022!$M$43 -> 3.4878407 | J88: 5.5 | N88: 1
B89: STARMALT | F89: 3.3 | J89: 3.3 | N89: 1
B90: HURRICANE REEF-IPA | F90: 7.5 | J90: 7.5 | N90: 1
F91: 5 | J91: 5 | N91: 1

Sheet Jan 6th
S1: P.G. | U1: Hot Time | W1: Process Time | Y1: Cooling Time
B2: Brewing Department Daily Process Loss Report | S2: Lower | T2: Upper | U2: Lower | V2: Upper | W2: Lower | X2: Upper | Y2: Lower | Z2: Upper
R3: CARIB | S3: 11.6 | T3: 12 | U3: 0 | V3: 0.11805556 | W3: 0.22569444 | X3: 0.26388889 | Y3: 0 | Z3: 60
B4: Date: | C4: 45664 | J4: LOT WORT COLOUR: 3.4 | M4: Filter Sheets (Target 20 days) | R4: STAG | S4: 11.6 | T4: 12 | U4: 0 | V4: 0.11805556 | W4: 0.22569444 | X4: 0.26388889 | Y4: 0 | Z4: 60
M5: Double | N5: Single | R5: GUINNESS | S5: 17 | T5: 17.5 | U5: 0 | V5: 0.10763889 | W5: 0.24652778 | X5: 0.28472222 | Y5: 0 | Z5: 60
J6: MALT LOT: Lot 25 | L6: Sheet Day | R6: MACKESON | S6: 13.3 | T6: 13.5 | U6: 0 | V6: 0.12905093 | W6: 0.27430556 | X6: 0.30208333 | Y6: 0
R7: STARMALT | S7: 17.1 | T7: 17.5 | U7: 0 | V7: 0.13605324 | W7: 0.27430556 | X7: 0.30902778 | Y7: 0 | Z7: 60
B8: Brand | C8: Brew no. | D8: Kett. Hls | E8: Wort | F8: Cool Time(Mins) | G8: Cast. P.G. (Lab Result) | H8: Cast P.G. (Cellar Operator)-gravity | I8: Extr. Rec (80.9%) | J8: Theor. Extr. (77.5%) | K8: Boil Off /Vol. (4-6%) | L8: Boil Time | M8: Total Hot | N8: Brewing | O8: Operator | P8: Comments | R8: Hurricane Reef | S8: 16.6 | T8: 17 | U8: 0 | V8: 0.12905093 | W8: 0.27430556 | X8: 0.30208333 | Y8: 0
E9: Meter (Hls) | F9: Target(< 60Mins) | M9: Time | R9: VITAMALT | S9: 14.4 | T9: 14.6 | U9: 0 | V9: 0.13905093 | W9: 0.26041667 | X9: 0.29513889 | Y9: 0 | Z9: 75
B10: VITAMALT | C10: =[25]Brewhouse!A5 -> VM001 | D10: =[25]Brewhouse!AE5 -> 52.6 | E10: =[25]Brewhouse!AJ5 -> 46.9 | F10: =[25]Brewhouse!X5 -> 84 | G10: =[25]Brewhouse!AH5 -> 14.5 | H10: 14.3 | I10: =[25]Brewhouse!AV5 -> 96.276959 | J10: =[25]Brewhouse!AW5 -> 97.112608 | K10: =[25]Brewhouse!S5 -> 6.9581749 | L10: =[25]Brewhouse!R5 -> 57 | M10: =[25]Brewhouse!$W5-[25]Brewhouse!$V5 -> 0.15694444 | N10: =[25]Brewhouse!AB5 -> 0.29652778 | O10: =[25]Brewhouse!$AZ5 -> R.Sookram | R10: =B10 -> VITAMALT | S10: =VLOOKUP($B10,$R$3:$X$9,2,FALSE) -> 14.4 | T10: =VLOOKUP($B10,$R$3:$X$9,3,FALSE) -> 14.6 | U10: =VLOOKUP($B10,$R$3:$X$9,4,FALSE) -> 0 | V10: =VLOOKUP($B10,$R$3:$X$9,5,FALSE) -> 0.13905093 | W10: =VLOOKUP($B10,$R$3:$X$9,6,FALSE) -> 0.26041667 | X10: =VLOOKUP($B10,$R$3:$X$9,7,FALSE) -> 0.29513889 | Y10: =VLOOKUP($B10,$R$3:$Z$9,8,FALSE) -> 0 | Z10: =VLOOKUP($B10,$R$3:$Z$9,9,FALSE) -> 75
B11: VITAMALT | C11: =[25]Brewhouse!A6 -> VM002 | D11: =[25]Brewhouse!AE6 -> 52.2 | E11: =[25]Brewhouse!AJ6 -> 46.4 | F11: =[25]Brewhouse!X6 -> 79 | G11: =[25]Brewhouse!AH6 -> 14.5 | H11: 14.4 | I11: =[25]Brewhouse!AV6 -> 95.250552 | J11: =[25]Brewhouse!AW6 -> 96.077292 | K11: =[25]Brewhouse!S6 -> 6.2452107 | L11: =[25]Brewhouse!R6 -> 60 | M11: =[25]Brewhouse!$W6-[25]Brewhouse!$V6 -> 0.13541667 | N11: =[25]Brewhouse!AB6 -> 0.28611111 | O11: =[25]Brewhouse!$AZ6 -> K. Benjamin | R11: =B11 -> VITAMALT | S11: =VLOOKUP($B11,$R$3:$X$9,2,FALSE) -> 14.4 | T11: =VLOOKUP($B11,$R$3:$X$9,3,FALSE) -> 14.6 | U11: =VLOOKUP($B11,$R$3:$X$9,4,FALSE) -> 0 | V11: =VLOOKUP($B11,$R$3:$X$9,5,FALSE) -> 0.13905093 | W11: =VLOOKUP($B11,$R$3:$X$9,6,FALSE) -> 0.26041667 | X11: =VLOOKUP($B11,$R$3:$X$9,7,FALSE) -> 0.29513889 | Y11: =VLOOKUP($B11,$R$3:$Z$9,8,FALSE) -> 0 | Z11: =VLOOKUP($B11,$R$3:$Z$9,9,FALSE) -> 75
B12: VITAMALT | C12: =[25]Brewhouse!A7 -> VM003 | D12: =[25]Brewhouse!AE7 -> 52.9 | E12: =[25]Brewhouse!AJ7 -> 48 | F12: =[25]Brewhouse!X7 -> 84 | G12: =[25]Brewhouse!AH7 -> 14.5 | H12: 14.5 | I12: =[25]Brewhouse!AV7 -> 98.215857 | J12: =[25]Brewhouse!AW7 -> 99.079155 | K12: =[25]Brewhouse!S7 -> 7.8638941 | L12: =[25]Brewhouse!R7 -> 61 | M12: =[25]Brewhouse!$W7-[25]Brewhouse!$V7 -> 0.13888889 | N12: =[25]Brewhouse!AB7 -> 0.27361111 | O12: =[25]Brewhouse!$AZ7 -> K. Benjamin | R12: =B12 -> VITAMALT | S12: =VLOOKUP($B12,$R$3:$X$9,2,FALSE) -> 14.4 | T12: =VLOOKUP($B12,$R$3:$X$9,3,FALSE) -> 14.6 | U12: =VLOOKUP($B12,$R$3:$X$9,4,FALSE) -> 0 | V12: =VLOOKUP($B12,$R$3:$X$9,5,FALSE) -> 0.13905093 | W12: =VLOOKUP($B12,$R$3:$X$9,6,FALSE) -> 0.26041667 | X12: =VLOOKUP($B12,$R$3:$X$9,7,FALSE) -> 0.29513889 | Y12: =VLOOKUP($B12,$R$3:$Z$9,8,FALSE) -> 0 | Z12: =VLOOKUP($B12,$R$3:$Z$9,9,FALSE) -> 75
B13: VITAMALT | C13: =[25]Brewhouse!A8 -> VM004 | D13: =[25]Brewhouse!AE8 -> 52.3 | E13: =[25]Brewhouse!AJ8 -> 47.1 | F13: =[25]Brewhouse!X8 -> 83 | G13: =[25]Brewhouse!AH8 -> 14.6 | H13: 14.5 | I13: =[25]Brewhouse!AV8 -> 97.065841 | J13: =[25]Brewhouse!AW8 -> 97.91903 | K13: =[25]Brewhouse!S8 -> 6.6156788 | L13: =[25]Brewhouse!R8 -> 62 | M13: =[25]Brewhouse!$W8-[25]Brewhouse!$V8 -> 0.13680556 | N13: =[25]Brewhouse!AB8 -> 0.27430556 | O13: =[25]Brewhouse!$AZ8 -> R. Regis | R13: =B13 -> VITAMALT | S13: =VLOOKUP($B13,$R$3:$X$9,2,FALSE) -> 14.4 | T13: =VLOOKUP($B13,$R$3:$X$9,3,FALSE) -> 14.6 | U13: =VLOOKUP($B13,$R$3:$X$9,4,FALSE) -> 0 | V13: =VLOOKUP($B13,$R$3:$X$9,5,FALSE) -> 0.13905093 | W13: =VLOOKUP($B13,$R$3:$X$9,6,FALSE) -> 0.26041667 | X13: =VLOOKUP($B13,$R$3:$X$9,7,FALSE) -> 0.29513889 | Y13: =VLOOKUP($B13,$R$3:$Z$9,8,FALSE) -> 0 | Z13: =VLOOKUP($B13,$R$3:$Z$9,9,FALSE) -> 75
R14: =B14 -> 0 | S14: =VLOOKUP($B14,$R$3:$X$9,2,FALSE) -> #N/A | T14: =VLOOKUP($B14,$R$3:$X$9,3,FALSE) -> #N/A | U14: =VLOOKUP($B14,$R$3:$X$9,4,FALSE) -> #N/A | V14: =VLOOKUP($B14,$R$3:$X$9,5,FALSE) -> #N/A | W14: =VLOOKUP($B14,$R$3:$X$9,6,FALSE) -> #N/A | X14: =VLOOKUP($B14,$R$3:$X$9,7,FALSE) -> #N/A | Y14: =VLOOKUP($B14,$R$3:$Z$9,8,FALSE) -> #N/A | Z14: =VLOOKUP($B14,$R$3:$Z$9,9,FALSE) -> #N/A
R15: =B15 -> 0 | S15: =VLOOKUP($B15,$R$3:$X$9,2,FALSE) -> #N/A | T15: =VLOOKUP($B15,$R$3:$X$9,3,FALSE) -> #N/A | U15: =VLOOKUP($B15,$R$3:$X$9,4,FALSE) -> #N/A | V15: =VLOOKUP($B15,$R$3:$X$9,5,FALSE) -> #N/A | W15: =VLOOKUP($B15,$R$3:$X$9,6,FALSE) -> #N/A | X15: =VLOOKUP($B15,$R$3:$X$9,7,FALSE) -> #N/A | Y15: =VLOOKUP($B15,$R$3:$Z$9,8,FALSE) -> #N/A | Z15: =VLOOKUP($B15,$R$3:$Z$9,9,FALSE) -> #N/A
R16: =B16 -> 0 | S16: =VLOOKUP($B16,$R$3:$X$9,2,FALSE) -> #N/A | T16: =VLOOKUP($B16,$R$3:$X$9,3,FALSE) -> #N/A | U16: =VLOOKUP($B16,$R$3:$X$9,4,FALSE) -> #N/A | V16: =VLOOKUP($B16,$R$3:$X$9,5,FALSE) -> #N/A | W16: =VLOOKUP($B16,$R$3:$X$9,6,FALSE) -> #N/A | X16: =VLOOKUP($B16,$R$3:$X$9,7,FALSE) -> #N/A | Y16: =VLOOKUP($B16,$R$3:$Z$9,8,FALSE) -> #N/A | Z16: =VLOOKUP($B16,$R$3:$Z$9,9,FALSE) -> #N/A
R17: =B17 -> 0 | S17: =VLOOKUP($B17,$R$3:$X$9,2,FALSE) -> #N/A | T17: =VLOOKUP($B17,$R$3:$X$9,3,FALSE) -> #N/A | U17: =VLOOKUP($B17,$R$3:$X$9,4,FALSE) -> #N/A | V17: =VLOOKUP($B17,$R$3:$X$9,5,FALSE) -> #N/A | W17: =VLOOKUP($B17,$R$3:$X$9,6,FALSE) -> #N/A | X17: =VLOOKUP($B17,$R$3:$X$9,7,FALSE) -> #N/A | Y17: =VLOOKUP($B17,$R$3:$Z$9,8,FALSE) -> #N/A | Z17: =VLOOKUP($B17,$R$3:$Z$9,9,FALSE) -> #N/A
R18: =B18 -> 0 | S18: =VLOOKUP($B18,$R$3:$X$9,2,FALSE) -> #N/A | T18: =VLOOKUP($B18,$R$3:$X$9,3,FALSE) -> #N/A | U18: =VLOOKUP($B18,$R$3:$X$9,4,FALSE) -> #N/A | V18: =VLOOKUP($B18,$R$3:$X$9,5,FALSE) -> #N/A | W18: =VLOOKUP($B18,$R$3:$X$9,6,FALSE) -> #N/A | X18: =VLOOKUP($B18,$R$3:$X$9,7,FALSE) -> #N/A | Y18: =VLOOKUP($B18,$R$3:$Z$9,8,FALSE) -> #N/A | Z18: =VLOOKUP($B18,$R$3:$Z$9,9,FALSE) -> #N/A
R19: =B19 -> 0 | S19: =VLOOKUP($B19,$R$3:$X$9,2,FALSE) -> #N/A | T19: =VLOOKUP($B19,$R$3:$X$9,3,FALSE) -> #N/A | U19: =VLOOKUP($B19,$R$3:$X$9,4,FALSE) -> #N/A | V19: =VLOOKUP($B19,$R$3:$X$9,5,FALSE) -> #N/A | W19: =VLOOKUP($B19,$R$3:$X$9,6,FALSE) -> #N/A | X19: =VLOOKUP($B19,$R$3:$X$9,7,FALSE) -> #N/A | Y19: =VLOOKUP($B19,$R$3:$Z$9,8,FALSE) -> #N/A | Z19: =VLOOKUP($B19,$R$3:$Z$9,9,FALSE) -> #N/A
R20: =B20 -> 0 | S20: =VLOOKUP($B20,$R$3:$X$9,2,FALSE) -> #N/A | T20: =VLOOKUP($B20,$R$3:$X$9,3,FALSE) -> #N/A | U20: =VLOOKUP($B20,$R$3:$X$9,4,FALSE) -> #N/A | V20: =VLOOKUP($B20,$R$3:$X$9,5,FALSE) -> #N/A | W20: =VLOOKUP($B20,$R$3:$X$9,6,FALSE) -> #N/A | X20: =VLOOKUP($B20,$R$3:$X$9,7,FALSE) -> #N/A | Y20: =VLOOKUP($B20,$R$3:$Z$9,8,FALSE) -> #N/A | Z20: =VLOOKUP($B20,$R$3:$Z$9,9,FALSE) -> #N/A
R21: =B21 -> 0 | S21: =VLOOKUP($B21,$R$3:$X$9,2,FALSE) -> #N/A | T21: =VLOOKUP($B21,$R$3:$X$9,3,FALSE) -> #N/A | U21: =VLOOKUP($B21,$R$3:$X$9,4,FALSE) -> #N/A | V21: =VLOOKUP($B21,$R$3:$X$9,5,FALSE) -> #N/A | W21: =VLOOKUP($B21,$R$3:$X$9,6,FALSE) -> #N/A | X21: =VLOOKUP($B21,$R$3:$X$9,7,FALSE) -> #N/A | Y21: =VLOOKUP($B21,$R$3:$Z$9,8,FALSE) -> #N/A | Z21: =VLOOKUP($B21,$R$3:$Z$9,9,FALSE) -> #N/A
R22: =B22 -> 0 | S22: =VLOOKUP($B22,$R$3:$X$9,2,FALSE) -> #N/A | T22: =VLOOKUP($B22,$R$3:$X$9,3,FALSE) -> #N/A | U22: =VLOOKUP($B22,$R$3:$X$9,4,FALSE) -> #N/A | V22: =VLOOKUP($B22,$R$3:$X$9,5,FALSE) -> #N/A | W22: =VLOOKUP($B22,$R$3:$X$9,6,FALSE) -> #N/A | X22: =VLOOKUP($B22,$R$3:$X$9,7,FALSE) -> #N/A | Y22: =VLOOKUP($B22,$R$3:$Z$9,8,FALSE) -> #N/A | Z22: =VLOOKUP($B22,$R$3:$Z$9,9,FALSE) -> #N/A
R23: =B23 -> 0 | S23: =VLOOKUP($B23,$R$3:$X$9,2,FALSE) -> #N/A | T23: =VLOOKUP($B23,$R$3:$X$9,3,FALSE) -> #N/A | U23: =VLOOKUP($B23,$R$3:$X$9,4,FALSE) -> #N/A | V23: =VLOOKUP($B23,$R$3:$X$9,5,FALSE) -> #N/A | W23: =VLOOKUP($B23,$R$3:$X$9,6,FALSE) -> #N/A | X23: =VLOOKUP($B23,$R$3:$X$9,7,FALSE) -> #N/A | Y23: =VLOOKUP($B23,$R$3:$Z$9,8,FALSE) -> #N/A | Z23: =VLOOKUP($B23,$R$3:$Z$9,9,FALSE) -> #N/A
R24: =B24 -> 0 | S24: =VLOOKUP($B24,$R$3:$X$9,2,FALSE) -> #N/A | T24: =VLOOKUP($B24,$R$3:$X$9,3,FALSE) -> #N/A | U24: =VLOOKUP($B24,$R$3:$X$9,4,FALSE) -> #N/A | V24: =VLOOKUP($B24,$R$3:$X$9,5,FALSE) -> #N/A | W24: =VLOOKUP($B24,$R$3:$X$9,6,FALSE) -> #N/A | X24: =VLOOKUP($B24,$R$3:$X$9,7,FALSE) -> #N/A | Y24: =VLOOKUP($B24,$R$3:$Z$9,8,FALSE) -> #N/A | Z24: =VLOOKUP($B24,$R$3:$Z$9,9,FALSE) -> #N/A
R25: =B25 -> 0 | S25: =VLOOKUP($B25,$R$3:$X$9,2,FALSE) -> #N/A | T25: =VLOOKUP($B25,$R$3:$X$9,3,FALSE) -> #N/A | U25: =VLOOKUP($B25,$R$3:$X$9,4,FALSE) -> #N/A | V25: =VLOOKUP($B25,$R$3:$X$9,5,FALSE) -> #N/A | W25: =VLOOKUP($B25,$R$3:$X$9,6,FALSE) -> #N/A | X25: =VLOOKUP($B25,$R$3:$X$9,7,FALSE) -> #N/A | Y25: =VLOOKUP($B25,$R$3:$Z$9,8,FALSE) -> #N/A | Z25: =VLOOKUP($B25,$R$3:$Z$9,9,FALSE) -> #N/A
R26: =B26 -> 0 | S26: =VLOOKUP($B26,$R$3:$X$9,2,FALSE) -> #N/A | T26: =VLOOKUP($B26,$R$3:$X$9,3,FALSE) -> #N/A | U26: =VLOOKUP($B26,$R$3:$X$9,4,FALSE) -> #N/A | V26: =VLOOKUP($B26,$R$3:$X$9,5,FALSE) -> #N/A | W26: =VLOOKUP($B26,$R$3:$X$9,6,FALSE) -> #N/A | X26: =VLOOKUP($B26,$R$3:$X$9,7,FALSE) -> #N/A | Y26: =VLOOKUP($B26,$R$3:$Z$9,8,FALSE) -> #N/A | Z26: =VLOOKUP($B26,$R$3:$Z$9,9,FALSE) -> #N/A
I27: EXTRACT RECOVERY | R27: =B27 -> 0 | S27: =VLOOKUP($B27,$R$3:$X$9,2,FALSE) -> #N/A | T27: =VLOOKUP($B27,$R$3:$X$9,3,FALSE) -> #N/A | U27: =VLOOKUP($B27,$R$3:$X$9,4,FALSE) -> #N/A | V27: =VLOOKUP($B27,$R$3:$X$9,5,FALSE) -> #N/A | W27: =VLOOKUP($B27,$R$3:$X$9,6,FALSE) -> #N/A | X27: =VLOOKUP($B27,$R$3:$X$9,7,FALSE) -> #N/A | Y27: =VLOOKUP($B27,$R$3:$Z$9,8,FALSE) -> #N/A | Z27: =VLOOKUP($B27,$R$3:$Z$9,9,FALSE) -> #N/A
B28: BRAND | D28: BBT P.G./ O.G | I28: Brand | J28: Actual | K28: MTD No. of Brews | L28: MTD | M28: YTD | N28: Target | R28: =B28 -> BRAND | S28: =VLOOKUP($B28,$R$3:$X$9,2,FALSE) -> #N/A | T28: =VLOOKUP($B28,$R$3:$X$9,3,FALSE) -> #N/A | U28: =VLOOKUP($B28,$R$3:$X$9,4,FALSE) -> #N/A | V28: =VLOOKUP($B28,$R$3:$X$9,5,FALSE) -> #N/A | W28: =VLOOKUP($B28,$R$3:$X$9,6,FALSE) -> #N/A | X28: =VLOOKUP($B28,$R$3:$X$9,7,FALSE) -> #N/A | Y28: =VLOOKUP($B28,$R$3:$Z$9,8,FALSE) -> #N/A | Z28: =VLOOKUP($B28,$R$3:$Z$9,9,FALSE) -> #N/A
B29: =I30 -> STAG | C29: 12.04 | D29: 11.87 | I29: CARIB | N29: 98
C30: 11.87 | I30: STAG | K30: 10 | L30: 95.824605 | M30: 95.824605 | N30: 98
C31: 11.71 | D31: 11.9 | I31: GUINNESS | N31: 98
C32: 11.79 | I32: VITAMALT | J32: =AVERAGE(I10:I13) -> 96.702302 | K32: 4 | L32: =J32 -> 96.702302 | M32: =L32 -> 96.702302 | N32: 98
C33: 11.9 | D33: 11.81 | I33: MAXIMALT | N33: 98
C34: 11.6 | I34: MACKESON | N34: 98
C35: 11.87 | D35: 11.88 | I35: STARMALT | N35: 98
C36: 11.82 | I36: HR- P | N36: 98
I37: HR-IPA | N37: 98
I38: HR-APA | N38: 98
K39: =SUM(K29:K38) -> 14 | L39: =((L29*K29)+(L30*K30)+(L31*K31)+(L32*K32)+(L33*K33)+(K36*L36)+(L34*K34)+(L35*K35)+(L38*K38))/(K39) -> 96.075376 | M39: =L39 -> 96.075376 | N39: 98
B42: =I29 -> CARIB | C42: 11.6 | D42: 11.8 | J42: Daily Brewing Plan
C43: 11.6 | J43: Brand | K43: Brews Achieved | L43: Average Brews per day
C44: 11.9 | D44: 11.8 | J44: CARIB | L44: MTD | M44: YTD | N44: TARGET
C45: 11.9 | J45: STAG | L45: =AVERAGE('Jan 2nd'!K69,'Jan 3rd'!K69,'Jan 6th'!K54) -> 4.6666667 | M45: =L45 -> 4.6666667
J46: GUINN
J47: VITAMALT | K47: 4
J48: STARMALT
J49: MACKESON
J50: HURRICANE REEF- IPA
J51: HURRICANE REEF- APA
D52: =AVERAGE(D29:E51) -> 11.843333 | J52: HR- PILSNER
J53: CARIBE
J54: Total | K54: =SUM(K44:K53) -> 4
B55: Process: | C55: Fermentation/Filtration
B57: Brand | C57: Filt. Date | D57: FV Hls | E57: GFE/ Prim/ Vita Blend (Hls) | F57: SV Hls | G57: BBT Hls | H57: Loss (%) Ferm | I57: Loss (%) Filt | J57: Comments | K57: Throughput | L57: Process Loss (%) | M57: Filt. Operator
T58: 43466 | U58: 43467 | V58: 43468 | W58: 43469 | X58: 43470 | Y58: 43471 | Z58: 43472 | AA58: 43473 | AB58: 43474 | AC58: 43475 | AD58: 43476 | AE58: 43477 | AF58: 43478 | AG58: 43479 | AH58: 43480 | AI58: 43481 | AJ58: 43482 | AK58: 43483 | AL58: 43484 | AM58: 43485 | AN58: 43486 | AO58: 43487 | AP58: 43488 | AQ58: 43489 | AR58: 43490 | AS58: 43491 | AT58: 43492 | AU58: 43493 | AV58: 43494 | AW58: 43495 | AX58: 43496
B59: =B69 -> STAG | C59: 45663 | D59: =[23]January_2025!$I$13 -> 445.02 | G59: =[23]January_2025!$I$17 -> 372.4 | J59: No breaks | K59: =[24]January_2025!$I$25 -> 1.3066667 | L59: =(((D59+E59)-G59)/(D59+E59))*100 -> 16.318368 | M59: G.Mason | S59: hls
B61: =B68 -> CARIB | C61: 45663 | D61: =[23]January_2025!$I$3 -> 201 | G61: =[23]January_2025!$I$7 -> 150.7 | J61: No breaks | K61: =[24]January_2025!$I$18 -> 0.52877193 | L61: =(((D61+E61)-G61)/(D61+E61))*100 -> 25.024876 | M61: T.Charles
J63: NO BREAK | L63: =(((D63+E63)-G63)/(D63+E63))*100 -> #DIV/0! | M63: T. Charles
B66: Process Loss (Volume) | G66: Process Loss (Extract) | K66: Throughput
B67: Brand | C67: Actual | D67: MTD | E67: YTD | F67: Target | G67: Actual | H67: MTD | I67: YTD | J67: Target | K67: Actual | L67: MTD | M67: YTD | N67: Target
B68: CARIB | C68: =L61 -> 25.024876 | F68: 4.8 | G68: =[23]January_2025!$I$11 -> 24.597493 | J68: 4.8 | K68: =K61 -> 0.52877193 | N68: 1
B69: STAG | C69: =L59 -> 16.318368 | F69: 4.8 | G69: =[23]January_2025!$I$21 -> 16.453447 | J69: 4.8 | K69: =K59 -> 1.3066667 | N69: 1
B70: GUINN | F70: 5.5 | J70: 5.5 | N70: 1
B71: VITAMALT | F71: 3.3 | J71: 3.3 | N71: 1
B72: HURRICANE REEF-APA | F72: 3.3 | J72: 3 | N72: 1
B73: MACKESON | F73: =[21]May_2022!$M$43 -> 3.4878407 | J73: 5.5 | N73: 1
B74: STARMALT | F74: 3.3 | J74: 3.3 | N74: 1
B75: HURRICANE REEF-IPA | F75: 7.5 | J75: 7.5 | N75: 1
F76: 5 | J76: 5 | N76: 1

Sheet Jan 7th
S1: P.G. | U1: Hot Time | W1: Process Time | Y1: Cooling Time
B2: Brewing Department Daily Process Loss Report | S2: Lower | T2: Upper | U2: Lower | V2: Upper | W2: Lower | X2: Upper | Y2: Lower | Z2: Upper
R3: CARIB | S3: 11.6 | T3: 12 | U3: 0 | V3: 0.11805556 | W3: 0.22569444 | X3: 0.26388889 | Y3: 0 | Z3: 60
B4: Date: | C4: 45665 | J4: LOT WORT COLOUR: 3.4 | M4: Filter Sheets (Target 20 days) | R4: STAG | S4: 11.6 | T4: 12 | U4: 0 | V4: 0.11805556 | W4: 0.22569444 | X4: 0.26388889 | Y4: 0 | Z4: 60
M5: Double | N5: Single | R5: GUINNESS | S5: 17 | T5: 17.5 | U5: 0 | V5: 0.10763889 | W5: 0.24652778 | X5: 0.28472222 | Y5: 0 | Z5: 60
J6: MALT LOT: Lot 25 | L6: Sheet Day | R6: MACKESON | S6: 13.3 | T6: 13.5 | U6: 0 | V6: 0.12905093 | W6: 0.27430556 | X6: 0.30208333 | Y6: 0
R7: STARMALT | S7: 17.1 | T7: 17.5 | U7: 0 | V7: 0.13605324 | W7: 0.27430556 | X7: 0.30902778 | Y7: 0 | Z7: 60
R8: HR-PILSNER | S8: 10.9 | T8: 11.3 | U8: 0 | V8: 0.12905093 | W8: 0.22569444 | X8: 0.26388889 | Y8: 0 | Z8: 60
R9: HR- IPA
B10: Brand | C10: Brew no. | D10: Kett. Hls | E10: Wort | F10: Cool Time(Mins) | G10: Cast. P.G. (Lab Result) | H10: Cast P.G. (Cellar Operator)-gravity | I10: Extr. Rec (80.9%) | J10: Theor. Extr. (77.5%) | K10: Boil Off /Vol. (4-6%) | L10: Boil Time | M10: Total Hot | N10: Brewing | O10: Operator | P10: Comments | R10: HR- APA | S10: 16.6 | T10: 17 | U10: 0 | V10: 0.12905093 | W10: 0.27430556 | X10: 0.30208333 | Y10: 0
E11: Meter (Hls) | F11: Target(< 60Mins) | M11: Time | R11: VITAMALT | S11: 14.4 | T11: 14.6 | U11: 0 | V11: 0.13905093 | W11: 0.26041667 | X11: 0.29513889 | Y11: 0 | Z11: 75
B12: STAG | C12: ST011 | D12: 53 | E12: 49 | F12: 54 | G12: 11.72 | H12: 11.6 | I12: 93.400254 | J12: 96.647261 | K12: 4.9056604 | L12: 62 | M12: 0.11041667 | N12: 0.24791667 | O12: Regis | R12: =B12 -> STAG | S12: =VLOOKUP($B12,$R$3:$X$11,2,FALSE) -> 11.6 | T12: =VLOOKUP($B12,$R$3:$X$11,3,FALSE) -> 12 | U12: =VLOOKUP($B12,$R$3:$X$11,4,FALSE) -> 0 | V12: =VLOOKUP($B12,$R$3:$X$11,5,FALSE) -> 0.11805556 | W12: =VLOOKUP($B12,$R$3:$X$11,6,FALSE) -> 0.22569444 | X12: =VLOOKUP($B12,$R$3:$X$11,7,FALSE) -> 0.26388889 | Y12: =VLOOKUP($B12,$R$3:$Z$11,8,FALSE) -> 0 | Z12: =VLOOKUP($B12,$R$3:$Z$11,9,FALSE) -> 60
B13: STAG | C13: ST012 | D13: 53.7 | E13: 50.2 | F13: 65 | G13: 11.8 | H13: 11.8 | I13: 96.426665 | J13: 99.77998 | K13: 6.8014706 | L13: 60 | M13: 0.11527778 | N13: 0.26111111 | O13: Regis | R13: =B13 -> STAG | S13: =VLOOKUP($B13,$R$3:$X$11,2,FALSE) -> 11.6 | T13: =VLOOKUP($B13,$R$3:$X$11,3,FALSE) -> 12 | U13: =VLOOKUP($B13,$R$3:$X$11,4,FALSE) -> 0 | V13: =VLOOKUP($B13,$R$3:$X$11,5,FALSE) -> 0.11805556 | W13: =VLOOKUP($B13,$R$3:$X$11,6,FALSE) -> 0.22569444 | X13: =VLOOKUP($B13,$R$3:$X$11,7,FALSE) -> 0.26388889 | Y13: =VLOOKUP($B13,$R$3:$Z$11,8,FALSE) -> 0 | Z13: =VLOOKUP($B13,$R$3:$Z$11,9,FALSE) -> 60
B14: STAG | C14: ST013 | D14: 53.9 | E14: 50.6 | F14: 61 | G14: 11.7 | H14: 11.7 | I14: 96.328599 | J14: 99.678503 | K14: 5.9149723 | L14: 58 | M14: 0.11111111 | N14: 0.27013889 | O14: R.Sookram | R14: =B14 -> STAG | S14: =VLOOKUP($B14,$R$3:$X$11,2,FALSE) -> 11.6 | T14: =VLOOKUP($B14,$R$3:$X$11,3,FALSE) -> 12 | U14: =VLOOKUP($B14,$R$3:$X$11,4,FALSE) -> 0 | V14: =VLOOKUP($B14,$R$3:$X$11,5,FALSE) -> 0.11805556 | W14: =VLOOKUP($B14,$R$3:$X$11,6,FALSE) -> 0.22569444 | X14: =VLOOKUP($B14,$R$3:$X$11,7,FALSE) -> 0.26388889 | Y14: =VLOOKUP($B14,$R$3:$Z$11,8,FALSE) -> 0 | Z14: =VLOOKUP($B14,$R$3:$Z$11,9,FALSE) -> 60
B15: STAG | C15: ST014 | D15: 53.4 | E15: 50.3 | F15: 68 | G15: 11.9 | H15: 11.9 | I15: 97.60293 | J15: 100.99604 | K15: 3.9399625 | L15: 58 | M15: 0.1125 | N15: 0.27222222 | O15: R.Sookram | R15: =B15 -> STAG | S15: =VLOOKUP($B15,$R$3:$X$11,2,FALSE) -> 11.6 | T15: =VLOOKUP($B15,$R$3:$X$11,3,FALSE) -> 12 | U15: =VLOOKUP($B15,$R$3:$X$11,4,FALSE) -> 0 | V15: =VLOOKUP($B15,$R$3:$X$11,5,FALSE) -> 0.11805556 | W15: =VLOOKUP($B15,$R$3:$X$11,6,FALSE) -> 0.22569444 | X15: =VLOOKUP($B15,$R$3:$X$11,7,FALSE) -> 0.26388889 | Y15: =VLOOKUP($B15,$R$3:$Z$11,8,FALSE) -> 0 | Z15: =VLOOKUP($B15,$R$3:$Z$11,9,FALSE) -> 60
R16: =B16 -> 0 | S16: =VLOOKUP($B16,$R$3:$X$11,2,FALSE) -> #N/A | T16: =VLOOKUP($B16,$R$3:$X$11,3,FALSE) -> #N/A | U16: =VLOOKUP($B16,$R$3:$X$11,4,FALSE) -> #N/A | V16: =VLOOKUP($B16,$R$3:$X$11,5,FALSE) -> #N/A | W16: =VLOOKUP($B16,$R$3:$X$11,6,FALSE) -> #N/A | X16: =VLOOKUP($B16,$R$3:$X$11,7,FALSE) -> #N/A | Y16: =VLOOKUP($B16,$R$3:$Z$11,8,FALSE) -> #N/A | Z16: =VLOOKUP($B16,$R$3:$Z$11,9,FALSE) -> #N/A
B17: HR-PILSNER | C17: =[26]Brewhouse!$A5 -> HP001 | D17: =[26]Brewhouse!$AF5 -> 55.5 | E17: =[26]Brewhouse!$AI5 -> 50.1 | F17: =[26]Brewhouse!$V5 -> 59 | G17: =[26]Brewhouse!$AG5 -> 11.7 | H17: 11.3 | I17: =[26]Brewhouse!$AU5 -> 92.965702 | J17: =[26]Brewhouse!$AV5 -> 96.837223 | K17: =[26]Brewhouse!$Q5 -> 6.0805861 | L17: =[26]Brewhouse!$P5 -> 60 | M17: =[26]Brewhouse!$U5-[26]Brewhouse!$T5 -> 0.10833333 | N17: =[26]Brewhouse!$Y5 -> 0.20694444 | O17: =[26]Brewhouse!$AW5 -> R.Sookram | R17: =B17 -> HR-PILSNER | S17: =VLOOKUP($B17,$R$3:$X$11,2,FALSE) -> 10.9 | T17: =VLOOKUP($B17,$R$3:$X$11,3,FALSE) -> 11.3 | U17: =VLOOKUP($B17,$R$3:$X$11,4,FALSE) -> 0 | V17: =VLOOKUP($B17,$R$3:$X$11,5,FALSE) -> 0.12905093 | W17: =VLOOKUP($B17,$R$3:$X$11,6,FALSE) -> 0.22569444 | X17: =VLOOKUP($B17,$R$3:$X$11,7,FALSE) -> 0.26388889 | Y17: =VLOOKUP($B17,$R$3:$Z$11,8,FALSE) -> 0 | Z17: =VLOOKUP($B17,$R$3:$Z$11,9,FALSE) -> 60
B18: HR-PILSNER | C18: =[26]Brewhouse!$A6 -> HP002 | D18: =[26]Brewhouse!$AF6 -> 54.8 | E18: =[26]Brewhouse!$AI6 -> 50.6 | F18: =[26]Brewhouse!$V6 -> 61 | G18: =[26]Brewhouse!$AG6 -> 11.6 | H18: 11.4 | I18: =[26]Brewhouse!$AU6 -> 93.049 | J18: =[26]Brewhouse!$AV6 -> 96.923989 | K18: =[26]Brewhouse!$Q6 -> 7.0899471 | L18: =[26]Brewhouse!$P6 -> 60 | M18: =[26]Brewhouse!$U6-[26]Brewhouse!$T6 -> 0.11180556 | N18: =[26]Brewhouse!$Y6 -> 0.20694444 | O18: =[26]Brewhouse!$AW6 -> K.Benjamin | R18: =B18 -> HR-PILSNER | S18: =VLOOKUP($B18,$R$3:$X$11,2,FALSE) -> 10.9 | T18: =VLOOKUP($B18,$R$3:$X$11,3,FALSE) -> 11.3 | U18: =VLOOKUP($B18,$R$3:$X$11,4,FALSE) -> 0 | V18: =VLOOKUP($B18,$R$3:$X$11,5,FALSE) -> 0.12905093 | W18: =VLOOKUP($B18,$R$3:$X$11,6,FALSE) -> 0.22569444 | X18: =VLOOKUP($B18,$R$3:$X$11,7,FALSE) -> 0.26388889 | Y18: =VLOOKUP($B18,$R$3:$Z$11,8,FALSE) -> 0 | Z18: =VLOOKUP($B18,$R$3:$Z$11,9,FALSE) -> 60
B19: HR-PILSNER | C19: =[26]Brewhouse!$A7 -> HP003 | D19: =[26]Brewhouse!$AF7 -> 58.1 | E19: =[26]Brewhouse!$AI7 -> 48.5 | F19: =[26]Brewhouse!$V7 -> 65 | G19: =[26]Brewhouse!$AG7 -> 11.12 | H19: 11.1 | I19: =[26]Brewhouse!$AU7 -> 84.477723 | J19: =[26]Brewhouse!$AV7 -> 87.995764 | K19: =[26]Brewhouse!$Q7 -> 6.3844797 | L19: =[26]Brewhouse!$P7 -> 60 | M19: =[26]Brewhouse!$U7-[26]Brewhouse!$T7 -> 0.11458333 | N19: =[26]Brewhouse!$Y7 -> 0.20277778 | O19: =[26]Brewhouse!$AW7 -> K.Benjamin | R19: =B19 -> HR-PILSNER | S19: =VLOOKUP($B19,$R$3:$X$11,2,FALSE) -> 10.9 | T19: =VLOOKUP($B19,$R$3:$X$11,3,FALSE) -> 11.3 | U19: =VLOOKUP($B19,$R$3:$X$11,4,FALSE) -> 0 | V19: =VLOOKUP($B19,$R$3:$X$11,5,FALSE) -> 0.12905093 | W19: =VLOOKUP($B19,$R$3:$X$11,6,FALSE) -> 0.22569444 | X19: =VLOOKUP($B19,$R$3:$X$11,7,FALSE) -> 0.26388889 | Y19: =VLOOKUP($B19,$R$3:$Z$11,8,FALSE) -> 0 | Z19: =VLOOKUP($B19,$R$3:$Z$11,9,FALSE) -> 60
B20: HR-PILSNER | C20: =[26]Brewhouse!$A8 -> HP004 | D20: =[26]Brewhouse!$AF8 -> 58.1 | E20: =[26]Brewhouse!$AI8 -> 53.7 | F20: =[26]Brewhouse!$V8 -> 65 | G20: =[26]Brewhouse!$AG8 -> 11.1 | H20: 11.2 | I20: =[26]Brewhouse!$AU8 -> 93.535128 | J20: =[26]Brewhouse!$AV8 -> 97.430362 | K20: =[26]Brewhouse!$Q8 -> 6.8214286 | L20: =[26]Brewhouse!$P8 -> 60 | M20: =[26]Brewhouse!$U8-[26]Brewhouse!$T8 -> 0.070138889 | N20: =[26]Brewhouse!$Y8 -> 0.21875 | O20: =[26]Brewhouse!$AW8 -> K.Benjamin | R20: =B20 -> HR-PILSNER | S20: =VLOOKUP($B20,$R$3:$X$11,2,FALSE) -> 10.9 | T20: =VLOOKUP($B20,$R$3:$X$11,3,FALSE) -> 11.3 | U20: =VLOOKUP($B20,$R$3:$X$11,4,FALSE) -> 0 | V20: =VLOOKUP($B20,$R$3:$X$11,5,FALSE) -> 0.12905093 | W20: =VLOOKUP($B20,$R$3:$X$11,6,FALSE) -> 0.22569444 | X20: =VLOOKUP($B20,$R$3:$X$11,7,FALSE) -> 0.26388889 | Y20: =VLOOKUP($B20,$R$3:$Z$11,8,FALSE) -> 0 | Z20: =VLOOKUP($B20,$R$3:$Z$11,9,FALSE) -> 60
R21: =B21 -> 0 | S21: =VLOOKUP($B21,$R$3:$X$11,2,FALSE) -> #N/A | T21: =VLOOKUP($B21,$R$3:$X$11,3,FALSE) -> #N/A | U21: =VLOOKUP($B21,$R$3:$X$11,4,FALSE) -> #N/A | V21: =VLOOKUP($B21,$R$3:$X$11,5,FALSE) -> #N/A | W21: =VLOOKUP($B21,$R$3:$X$11,6,FALSE) -> #N/A | X21: =VLOOKUP($B21,$R$3:$X$11,7,FALSE) -> #N/A | Y21: =VLOOKUP($B21,$R$3:$Z$11,8,FALSE) -> #N/A | Z21: =VLOOKUP($B21,$R$3:$Z$11,9,FALSE) -> #N/A
R22: =B22 -> 0 | S22: =VLOOKUP($B22,$R$3:$X$11,2,FALSE) -> #N/A | T22: =VLOOKUP($B22,$R$3:$X$11,3,FALSE) -> #N/A | U22: =VLOOKUP($B22,$R$3:$X$11,4,FALSE) -> #N/A | V22: =VLOOKUP($B22,$R$3:$X$11,5,FALSE) -> #N/A | W22: =VLOOKUP($B22,$R$3:$X$11,6,FALSE) -> #N/A | X22: =VLOOKUP($B22,$R$3:$X$11,7,FALSE) -> #N/A | Y22: =VLOOKUP($B22,$R$3:$Z$11,8,FALSE) -> #N/A | Z22: =VLOOKUP($B22,$R$3:$Z$11,9,FALSE) -> #N/A
R23: =B23 -> 0 | S23: =VLOOKUP($B23,$R$3:$X$11,2,FALSE) -> #N/A | T23: =VLOOKUP($B23,$R$3:$X$11,3,FALSE) -> #N/A | U23: =VLOOKUP($B23,$R$3:$X$11,4,FALSE) -> #N/A | V23: =VLOOKUP($B23,$R$3:$X$11,5,FALSE) -> #N/A | W23: =VLOOKUP($B23,$R$3:$X$11,6,FALSE) -> #N/A | X23: =VLOOKUP($B23,$R$3:$X$11,7,FALSE) -> #N/A | Y23: =VLOOKUP($B23,$R$3:$Z$11,8,FALSE) -> #N/A | Z23: =VLOOKUP($B23,$R$3:$Z$11,9,FALSE) -> #N/A
R24: =B24 -> 0 | S24: =VLOOKUP($B24,$R$3:$X$11,2,FALSE) -> #N/A | T24: =VLOOKUP($B24,$R$3:$X$11,3,FALSE) -> #N/A | U24: =VLOOKUP($B24,$R$3:$X$11,4,FALSE) -> #N/A | V24: =VLOOKUP($B24,$R$3:$X$11,5,FALSE) -> #N/A | W24: =VLOOKUP($B24,$R$3:$X$11,6,FALSE) -> #N/A | X24: =VLOOKUP($B24,$R$3:$X$11,7,FALSE) -> #N/A | Y24: =VLOOKUP($B24,$R$3:$Z$11,8,FALSE) -> #N/A | Z24: =VLOOKUP($B24,$R$3:$Z$11,9,FALSE) -> #N/A
R25: =B25 -> 0 | S25: =VLOOKUP($B25,$R$3:$X$11,2,FALSE) -> #N/A | T25: =VLOOKUP($B25,$R$3:$X$11,3,FALSE) -> #N/A | U25: =VLOOKUP($B25,$R$3:$X$11,4,FALSE) -> #N/A | V25: =VLOOKUP($B25,$R$3:$X$11,5,FALSE) -> #N/A | W25: =VLOOKUP($B25,$R$3:$X$11,6,FALSE) -> #N/A | X25: =VLOOKUP($B25,$R$3:$X$11,7,FALSE) -> #N/A | Y25: =VLOOKUP($B25,$R$3:$Z$11,8,FALSE) -> #N/A | Z25: =VLOOKUP($B25,$R$3:$Z$11,9,FALSE) -> #N/A
R26: =B26 -> 0 | S26: =VLOOKUP($B26,$R$3:$X$11,2,FALSE) -> #N/A | T26: =VLOOKUP($B26,$R$3:$X$11,3,FALSE) -> #N/A | U26: =VLOOKUP($B26,$R$3:$X$11,4,FALSE) -> #N/A | V26: =VLOOKUP($B26,$R$3:$X$11,5,FALSE) -> #N/A | W26: =VLOOKUP($B26,$R$3:$X$11,6,FALSE) -> #N/A | X26: =VLOOKUP($B26,$R$3:$X$11,7,FALSE) -> #N/A | Y26: =VLOOKUP($B26,$R$3:$Z$11,8,FALSE) -> #N/A | Z26: =VLOOKUP($B26,$R$3:$Z$11,9,FALSE) -> #N/A
R27: =B27 -> 0 | S27: =VLOOKUP($B27,$R$3:$X$11,2,FALSE) -> #N/A | T27: =VLOOKUP($B27,$R$3:$X$11,3,FALSE) -> #N/A | U27: =VLOOKUP($B27,$R$3:$X$11,4,FALSE) -> #N/A | V27: =VLOOKUP($B27,$R$3:$X$11,5,FALSE) -> #N/A | W27: =VLOOKUP($B27,$R$3:$X$11,6,FALSE) -> #N/A | X27: =VLOOKUP($B27,$R$3:$X$11,7,FALSE) -> #N/A | Y27: =VLOOKUP($B27,$R$3:$Z$11,8,FALSE) -> #N/A | Z27: =VLOOKUP($B27,$R$3:$Z$11,9,FALSE) -> #N/A
R28: =B28 -> 0 | S28: =VLOOKUP($B28,$R$3:$X$11,2,FALSE) -> #N/A | T28: =VLOOKUP($B28,$R$3:$X$11,3,FALSE) -> #N/A | U28: =VLOOKUP($B28,$R$3:$X$11,4,FALSE) -> #N/A | V28: =VLOOKUP($B28,$R$3:$X$11,5,FALSE) -> #N/A | W28: =VLOOKUP($B28,$R$3:$X$11,6,FALSE) -> #N/A | X28: =VLOOKUP($B28,$R$3:$X$11,7,FALSE) -> #N/A | Y28: =VLOOKUP($B28,$R$3:$Z$11,8,FALSE) -> #N/A | Z28: =VLOOKUP($B28,$R$3:$Z$11,9,FALSE) -> #N/A
R29: =B29 -> 0 | S29: =VLOOKUP($B29,$R$3:$X$11,2,FALSE) -> #N/A | T29: =VLOOKUP($B29,$R$3:$X$11,3,FALSE) -> #N/A | U29: =VLOOKUP($B29,$R$3:$X$11,4,FALSE) -> #N/A | V29: =VLOOKUP($B29,$R$3:$X$11,5,FALSE) -> #N/A | W29: =VLOOKUP($B29,$R$3:$X$11,6,FALSE) -> #N/A | X29: =VLOOKUP($B29,$R$3:$X$11,7,FALSE) -> #N/A | Y29: =VLOOKUP($B29,$R$3:$Z$11,8,FALSE) -> #N/A | Z29: =VLOOKUP($B29,$R$3:$Z$11,9,FALSE) -> #N/A
R30: =B30 -> 0 | S30: =VLOOKUP($B30,$R$3:$X$11,2,FALSE) -> #N/A | T30: =VLOOKUP($B30,$R$3:$X$11,3,FALSE) -> #N/A | U30: =VLOOKUP($B30,$R$3:$X$11,4,FALSE) -> #N/A | V30: =VLOOKUP($B30,$R$3:$X$11,5,FALSE) -> #N/A | W30: =VLOOKUP($B30,$R$3:$X$11,6,FALSE) -> #N/A | X30: =VLOOKUP($B30,$R$3:$X$11,7,FALSE) -> #N/A | Y30: =VLOOKUP($B30,$R$3:$Z$11,8,FALSE) -> #N/A | Z30: =VLOOKUP($B30,$R$3:$Z$11,9,FALSE) -> #N/A
R31: =B31 -> 0 | S31: =VLOOKUP($B31,$R$3:$X$11,2,FALSE) -> #N/A | T31: =VLOOKUP($B31,$R$3:$X$11,3,FALSE) -> #N/A | U31: =VLOOKUP($B31,$R$3:$X$11,4,FALSE) -> #N/A | V31: =VLOOKUP($B31,$R$3:$X$11,5,FALSE) -> #N/A | W31: =VLOOKUP($B31,$R$3:$X$11,6,FALSE) -> #N/A | X31: =VLOOKUP($B31,$R$3:$X$11,7,FALSE) -> #N/A | Y31: =VLOOKUP($B31,$R$3:$Z$11,8,FALSE) -> #N/A | Z31: =VLOOKUP($B31,$R$3:$Z$11,9,FALSE) -> #N/A
R32: =B32 -> 0 | S32: =VLOOKUP($B32,$R$3:$X$11,2,FALSE) -> #N/A | T32: =VLOOKUP($B32,$R$3:$X$11,3,FALSE) -> #N/A | U32: =VLOOKUP($B32,$R$3:$X$11,4,FALSE) -> #N/A | V32: =VLOOKUP($B32,$R$3:$X$11,5,FALSE) -> #N/A | W32: =VLOOKUP($B32,$R$3:$X$11,6,FALSE) -> #N/A | X32: =VLOOKUP($B32,$R$3:$X$11,7,FALSE) -> #N/A | Y32: =VLOOKUP($B32,$R$3:$Z$11,8,FALSE) -> #N/A | Z32: =VLOOKUP($B32,$R$3:$Z$11,9,FALSE) -> #N/A
... R48: =B48 -> 0 | S48: =VLOOKUP($B48,$R$3:$X$11,2,FALSE) -> #N/A | T48: =VLOOKUP($B48,$R$3:$X$11,3,FALSE) -> #N/A | U48: =VLOOKUP($B48,$R$3:$X$11,4,FALSE) -> #N/A | V48: =VLOOKUP($B48,$R$3:$X$11,5,FALSE) -> #N/A | W48: =VLOOKUP($B48,$R$3:$X$11,6,FALSE) -> #N/A | X48: =VLOOKUP($B48,$R$3:$X$11,7,FALSE) -> #N/A | Y48: =VLOOKUP($B48,$R$3:$Z$11,8,FALSE) -> #N/A | Z48: =VLOOKUP($B48,$R$3:$Z$11,9,FALSE) -> #N/A
I49: EXTRACT RECOVERY | R49: =B49 -> 0 | S49: =VLOOKUP($B49,$R$3:$X$11,2,FALSE) -> #N/A | T49: =VLOOKUP($B49,$R$3:$X$11,3,FALSE) -> #N/A | U49: =VLOOKUP($B49,$R$3:$X$11,4,FALSE) -> #N/A | V49: =VLOOKUP($B49,$R$3:$X$11,5,FALSE) -> #N/A | W49: =VLOOKUP($B49,$R$3:$X$11,6,FALSE) -> #N/A | X49: =VLOOKUP($B49,$R$3:$X$11,7,FALSE) -> #N/A | Y49: =VLOOKUP($B49,$R$3:$Z$11,8,FALSE) -> #N/A | Z49: =VLOOKUP($B49,$R$3:$Z$11,9,FALSE) -> #N/A
B50: BRAND | D50: BBT P.G./ O.G | I50: Brand | J50: Actual | K50: MTD No. of Brews | L50: MTD | M50: YTD | N50: Target
B51: =I51 -> CARIB | C51: 11.9 | D51: 11.7 | I51: CARIB | N51: 98
C52: 11.7 | I52: STAG | J52: =AVERAGE(I12:I15) -> 95.939612 | K52: 14 | L52: =AVERAGE([22]Brewhouse!$AS$15:$AS$28) -> 95.918601 | M52: =L52 -> 95.918601 | N52: 98
C53: 11.6 | D53: 11.8 | I53: GUINNESS | N53: 98
C54: 11.7 | I54: VITAMALT | K54: 4 | L54: 96.702302 | M54: 96.702302 | N54: 98
I55: MAXIMALT | N55: 98
I56: MACKESON | N56: 98
I57: STARMALT | N57: 98
I58: HR- P | J58: =AVERAGE(I17:I20) -> 91.006888 | K58: 4 | L58: =J58 -> 91.006888 | M58: =L58 -> 91.006888 | N58: 98
I59: HR-IPA | N59: 98
I60: HR-APA | N60: 98
K61: =SUM(K51:K60) -> 22 | L61: =((L51*K51)+(L52*K52)+(L53*K53)+(L54*K54)+(L55*K55)+(K58*L58)+(L56*K56)+(L57*K57)+(L60*K60))/(K61) -> 95.168054 | M61: =L61 -> 95.168054 | N61: 98
B64: =I54 -> VITAMALT | C64: 14.8 | D64: 16.51 | J64: Daily Brewing Plan
C65: 14.7 | J65: Brand | K65: Brews Achieved | L65: Average Brews per day
C66: 14.8 | D66: 16.48 | J66: CARIB | L66: MTD | M66: YTD | N66: TARGET
C67: 14.9 | J67: STAG | K67: 4 | L67: =AVERAGE('Jan 2nd'!K69,'Jan 3rd'!K69,'Jan 6th'!K54,'Jan 7th'!K76) -> 5.5 | M67: =L67 -> 5.5
J68: GUINN
J69: VITAMALT
J70: STARMALT
J71: MACKESON
J72: HURRICANE REEF- IPA
J73: HURRICANE REEF- APA
D74: =AVERAGE(D51:E73) -> 14.1225 | J74: HR- PILSNER | K74: 4
J75: CARIBE
J76: Total | K76: =SUM(K66:K75) -> 8
B77: Process: | C77: Fermentation/Filtration
B79: Brand | C79: Filt. Date | D79: FV Hls | E79: GFE/ Prim/ Vita Blend (Hls) | F79: SV Hls | G79: BBT Hls | H79: Loss (%) Ferm | I79: Loss (%) Filt | J79: Comments | K79: Throughput | L79: Process Loss (%) | M79: Filt. Operator
T80: 43466 | U80: 43467 | V80: 43468 | W80: 43469 | X80: 43470 | Y80: 43471 | Z80: 43472 | AA80: 43473 | AB80: 43474 | AC80: 43475 | AD80: 43476 | AE80: 43477 | AF80: 43478 | AG80: 43479 | AH80: 43480 | AI80: 43481 | AJ80: 43482 | AK80: 43483 | AL80: 43484 | AM80: 43485 | AN80: 43486 | AO80: 43487 | AP80: 43488 | AQ80: 43489 | AR80: 43490 | AS80: 43491 | AT80: 43492 | AU80: 43493 | AV80: 43494 | AW80: 43495 | AX80: 43496
B81: =B90 -> CARIB | C81: 45664 | D81: =SUM([23]January_2025!$J$3) -> 202.3 | G81: =[23]January_2025!$J$7 -> 181.2 | J81: No Breaks | K81: =[24]January_2025!$J$18 -> 0.63578947 | L81: =(((D81+E81)-G81)/(D81+E81))*100 -> 10.430054 | M81: T.Charles | S81: hls
B83: =B93 -> VITAMALT | C83: 45664 | D83: =[23]January_2025!$K$65 -> 188.4 | E83: =[23]January_2025!$K$68 -> 599.42 | G83: =[23]January_2025!$K$70 -> 192.2 | J83: NO breaks | K83: =[24]January_2025!$J$60 -> 0.67438596 | L83: =(((D83+E83)-G83)/(D83+E83))*100 -> 75.603564 | M83: G.Mason
J85: NO BREAK | L85: =(((D85+E85)-G85)/(D85+E85))*100 -> #DIV/0! | M85: T. Charles
B88: Process Loss (Volume) | G88: Process Loss (Extract) | K88: Throughput
B89: Brand | C89: Actual | D89: MTD | E89: YTD | F89: Target | G89: Actual | H89: MTD | I89: YTD | J89: Target | K89: Actual | L89: MTD | M89: YTD | N89: Target
B90: CARIB | C90: =L81 -> 10.430054 | F90: 4.8 | G90: =[23]January_2025!$J$11 -> 10.430054 | J90: 4.8 | K90: =K81 -> 0.63578947 | N90: 1
B91: STAG | F91: 4.8 | J91: 4.8 | N91: 1
B92: GUINN | F92: 5.5 | J92: 5.5 | N92: 1
B93: VITAMALT | F93: 3.3 | J93: 3.3 | N93: 1
B94: HURRICANE REEF-APA | F94: 3.3 | J94: 3 | N94: 1
B95: MACKESON | F95: =[21]May_2022!$M$43 -> 3.4878407 | J95: 5.5 | N95: 1
B96: STARMALT | F96: 3.3 | J96: 3.3 | N96: 1
B97: HURRICANE REEF-IPA | F97: 7.5 | J97: 7.5 | N97: 1
F98: 5 | J98: 5 | N98: 1

Sheet Jan 8th
S1: P.G. | U1: Hot Time | W1: Process Time | Y1: Cooling Time
B2: Brewing Department Daily Process Loss Report | S2: Lower | T2: Upper | U2: Lower | V2: Upper | W2: Lower | X2: Upper | Y2: Lower | Z2: Upper
R3: CARIB | S3: 11.6 | T3: 12 | U3: 0 | V3: 0.11805556 | W3: 0.22569444 | X3: 0.26388889 | Y3: 0 | Z3: 60
B4: Date: | C4: 45666 | J4: LOT WORT COLOUR: 3.4 | M4: Filter Sheets (Target 20 days) | R4: STAG | S4: 11.6 | T4: 12 | U4: 0 | V4: 0.11805556 | W4: 0.22569444 | X4: 0.26388889 | Y4: 0 | Z4: 60
M5: Double | N5: Single | R5: GUINNESS | S5: 17 | T5: 17.5 | U5: 0 | V5: 0.10763889 | W5: 0.24652778 | X5: 0.28472222 | Y5: 0 | Z5: 60
J6: MALT LOT: Lot 25 | L6: Sheet Day | R6: MACKESON | S6: 13.3 | T6: 13.5 | U6: 0 | V6: 0.12905093 | W6: 0.27430556 | X6: 0.30208333 | Y6: 0
R7: STARMALT | S7: 17.1 | T7: 17.5 | U7: 0 | V7: 0.13605324 | W7: 0.27430556 | X7: 0.30902778 | Y7: 0 | Z7: 60
R8: HR-PILSNER | S8: 10.9 | T8: 11.3 | U8: 0 | V8: 0.12905093 | W8: 0.22569444 | X8: 0.26388889 | Y8: 0 | Z8: 60
R9: HR- IPA
B10: Brand | C10: Brew no. | D10: Kett. Hls | E10: Wort | F10: Cool Time(Mins) | G10: Cast. P.G. (Lab Result) | H10: Cast P.G. (Cellar Operator)-gravity | I10: Extr. Rec (80.9%) | J10: Theor. Extr. (77.5%) | K10: Boil Off /Vol. (4-6%) | L10: Boil Time | M10: Total Hot | N10: Brewing | O10: Operator | P10: Comments | R10: HR- APA | S10: 16.6 | T10: 17 | U10: 0 | V10: 0.12905093 | W10: 0.27430556 | X10: 0.30208333 | Y10: 0
E11: Meter (Hls) | F11: Target(< 60Mins) | M11: Time | R11: VITAMALT | S11: 14.4 | T11: 14.6 | U11: 0 | V11: 0.13905093 | W11: 0.26041667 | X11: 0.29513889 | Y11: 0 | Z11: 75
B12: MACKESON | C12: =[27]Brewhouse!$A4 -> MK001 | D12: =[27]Brewhouse!$AF4 -> 53.9 | E12: =[27]Brewhouse!$AI4 -> 49.3 | F12: =[27]Brewhouse!$X4 -> 64 | G12: =[27]Brewhouse!AG4 -> 13.49 | I12: =[27]Brewhouse!AT4 -> 91.980534 | J12: =[27]Brewhouse!AU4 -> 95.364999 | K12: =[27]Brewhouse!S4 -> 8.2479452 | L12: =[27]Brewhouse!R4 -> 77 | M12: =[27]Brewhouse!$W4-[27]Brewhouse!$V4 -> 0.12361111 | N12: =[27]Brewhouse!AA4 -> 0.23125 | O12: =[27]Brewhouse!AX4 -> R.Sookram | R12: =B12 -> MACKESON | S12: =VLOOKUP($B12,$R$3:$X$11,2,FALSE) -> 13.3 | T12: =VLOOKUP($B12,$R$3:$X$11,3,FALSE) -> 13.5 | U12: =VLOOKUP($B12,$R$3:$X$11,4,FALSE) -> 0 | V12: =VLOOKUP($B12,$R$3:$X$11,5,FALSE) -> 0.12905093 | W12: =VLOOKUP($B12,$R$3:$X$11,6,FALSE) -> 0.27430556 | X12: =VLOOKUP($B12,$R$3:$X$11,7,FALSE) -> 0.30208333 | Y12: =VLOOKUP($B12,$R$3:$Z$11,8,FALSE) -> 0 | Z12: =VLOOKUP($B12,$R$3:$Z$11,9,FALSE) -> 0
B13: MACKESON | C13: =[27]Brewhouse!$A5 -> MK002 | D13: =[27]Brewhouse!$AF5 -> 54.9 | E13: =[27]Brewhouse!$AI5 -> 50.9 | F13: =[27]Brewhouse!$X5 -> 62 | G13: =[27]Brewhouse!AG5 -> 13.5 | I13: =[27]Brewhouse!AT5 -> 95.066683 | J13: =[27]Brewhouse!AU5 -> 98.563994 | K13: =[27]Brewhouse!S5 -> 4.4309859 | L13: =[27]Brewhouse!R5 -> 73 | M13: =[27]Brewhouse!$W5-[27]Brewhouse!$V5 -> 0.12430556 | N13: =[27]Brewhouse!AA5 -> 0.26111111 | O13: =[27]Brewhouse!AX5 -> R.Sookram | R13: =B13 -> MACKESON | S13: =VLOOKUP($B13,$R$3:$X$11,2,FALSE) -> 13.3 | T13: =VLOOKUP($B13,$R$3:$X$11,3,FALSE) -> 13.5 | U13: =VLOOKUP($B13,$R$3:$X$11,4,FALSE) -> 0 | V13: =VLOOKUP($B13,$R$3:$X$11,5,FALSE) -> 0.12905093 | W13: =VLOOKUP($B13,$R$3:$X$11,6,FALSE) -> 0.27430556 | X13: =VLOOKUP($B13,$R$3:$X$11,7,FALSE) -> 0.30208333 | Y13: =VLOOKUP($B13,$R$3:$Z$11,8,FALSE) -> 0 | Z13: =VLOOKUP($B13,$R$3:$Z$11,9,FALSE) -> 0
B14: MACKESON | C14: =[27]Brewhouse!$A6 -> MK003 | D14: =[27]Brewhouse!$AF6 -> 55.6 | E14: =[27]Brewhouse!$AI6 -> 52.2 | F14: =[27]Brewhouse!$X6 -> 59 | G14: =[27]Brewhouse!AG6 -> 13.3 | I14: =[27]Brewhouse!AT6 -> 95.883339 | J14: =[27]Brewhouse!AU6 -> 99.411409 | K14: =[27]Brewhouse!S6 -> 4.3543253 | L14: =[27]Brewhouse!R6 -> 74 | M14: =[27]Brewhouse!$W6-[27]Brewhouse!$V6 -> 0.12361111 | N14: =[27]Brewhouse!AA6 -> 0.22916667 | O14: =[27]Brewhouse!AX6 -> R.Sookram | R14: =B14 -> MACKESON | S14: =VLOOKUP($B14,$R$3:$X$11,2,FALSE) -> 13.3 | T14: =VLOOKUP($B14,$R$3:$X$11,3,FALSE) -> 13.5 | U14: =VLOOKUP($B14,$R$3:$X$11,4,FALSE) -> 0 | V14: =VLOOKUP($B14,$R$3:$X$11,5,FALSE) -> 0.12905093 | W14: =VLOOKUP($B14,$R$3:$X$11,6,FALSE) -> 0.27430556 | X14: =VLOOKUP($B14,$R$3:$X$11,7,FALSE) -> 0.30208333 | Y14: =VLOOKUP($B14,$R$3:$Z$11,8,FALSE) -> 0 | Z14: =VLOOKUP($B14,$R$3:$Z$11,9,FALSE) -> 0
B15: MACKESON | C15: =[27]Brewhouse!$A7 -> MK004 | D15: =[27]Brewhouse!$AF7 -> 55.9 | E15: =[27]Brewhouse!$AI7 -> 52 | F15: =[27]Brewhouse!$X7 -> 55 | G15: =[27]Brewhouse!AG7 -> 13.1 | I15: =[27]Brewhouse!AT7 -> 94.113899 | J15: =[27]Brewhouse!AU7 -> 97.576158 | K15: =[27]Brewhouse!S7 -> 7.9748344 | L15: =[27]Brewhouse!R7 -> 74 | M15: =[27]Brewhouse!$W7-[27]Brewhouse!$V7 -> 0.13263889 | N15: =[27]Brewhouse!AA7 -> 0.25069444 | O15: =[27]Brewhouse!AX7 -> K.Benjamin | R15: =B15 -> MACKESON | S15: =VLOOKUP($B15,$R$3:$X$11,2,FALSE) -> 13.3 | T15: =VLOOKUP($B15,$R$3:$X$11,3,FALSE) -> 13.5 | U15: =VLOOKUP($B15,$R$3:$X$11,4,FALSE) -> 0 | V15: =VLOOKUP($B15,$R$3:$X$11,5,FALSE) -> 0.12905093 | W15: =VLOOKUP($B15,$R$3:$X$11,6,FALSE) -> 0.27430556 | X15: =VLOOKUP($B15,$R$3:$X$11,7,FALSE) -> 0.30208333 | Y15: =VLOOKUP($B15,$R$3:$Z$11,8,FALSE) -> 0 | Z15: =VLOOKUP($B15,$R$3:$Z$11,9,FALSE) -> 0
B16: MACKESON | C16: =[27]Brewhouse!$A8 -> MK005 | D16: =[27]Brewhouse!$AF8 -> 55.3 | E16: =[27]Brewhouse!$AI8 -> 51.4 | F16: =[27]Brewhouse!$X8 -> 51 | G16: =[27]Brewhouse!AG8 -> 13.46 | I16: =[27]Brewhouse!AT8 -> 95.898569 | J16: =[27]Brewhouse!AU8 -> 99.4272 | K16: =[27]Brewhouse!S8 -> 5.6891938 | L16: =[27]Brewhouse!R8 -> 78 | M16: =[27]Brewhouse!$W8-[27]Brewhouse!$V8 -> 0.22638889 | N16: =[27]Brewhouse!AA8 -> 0.29652778 | O16: =[27]Brewhouse!AX8 -> K.Benjamin | R16: =B16 -> MACKESON | S16: =VLOOKUP($B16,$R$3:$X$11,2,FALSE) -> 13.3 | T16: =VLOOKUP($B16,$R$3:$X$11,3,FALSE) -> 13.5 | U16: =VLOOKUP($B16,$R$3:$X$11,4,FALSE) -> 0 | V16: =VLOOKUP($B16,$R$3:$X$11,5,FALSE) -> 0.12905093 | W16: =VLOOKUP($B16,$R$3:$X$11,6,FALSE) -> 0.27430556 | X16: =VLOOKUP($B16,$R$3:$X$11,7,FALSE) -> 0.30208333 | Y16: =VLOOKUP($B16,$R$3:$Z$11,8,FALSE) -> 0 | Z16: =VLOOKUP($B16,$R$3:$Z$11,9,FALSE) -> 0
B17: MACKESON | C17: =[27]Brewhouse!$A9 -> MK006 | D17: =[27]Brewhouse!$AF9 -> 55.2 | E17: =[27]Brewhouse!$AI9 -> 52.3 | F17: =[27]Brewhouse!$X9 -> 64 | G17: =[27]Brewhouse!AG9 -> 13.04 | I17: =[27]Brewhouse!AT9 -> 93.701439 | J17: =[27]Brewhouse!AU9 -> 97.149924 | K17: =[27]Brewhouse!S9 -> 5.2103627 | L17: =[27]Brewhouse!R9 -> 75 | M17: =[27]Brewhouse!$W9-[27]Brewhouse!$V9 -> 0.11944444 | N17: =[27]Brewhouse!AA9 -> 0.22847222 | O17: =[27]Brewhouse!AX9 -> K.Benjamin | R17: =B17 -> MACKESON | S17: =VLOOKUP($B17,$R$3:$X$11,2,FALSE) -> 13.3 | T17: =VLOOKUP($B17,$R$3:$X$11,3,FALSE) -> 13.5 | U17: =VLOOKUP($B17,$R$3:$X$11,4,FALSE) -> 0 | V17: =VLOOKUP($B17,$R$3:$X$11,5,FALSE) -> 0.12905093 | W17: =VLOOKUP($B17,$R$3:$X$11,6,FALSE) -> 0.27430556 | X17: =VLOOKUP($B17,$R$3:$X$11,7,FALSE) -> 0.30208333 | Y17: =VLOOKUP($B17,$R$3:$Z$11,8,FALSE) -> 0 | Z17: =VLOOKUP($B17,$R$3:$Z$11,9,FALSE) -> 0
B18: MACKESON | C18: =[27]Brewhouse!$A10 -> MK007 | D18: =[27]Brewhouse!$AF10 -> 52.7 | E18: =[27]Brewhouse!$AI10 -> 49.5 | F18: =[27]Brewhouse!$X10 -> 61 | G18: =[27]Brewhouse!AG10 -> 14 | I18: =[27]Brewhouse!AT10 -> 95.891379 | J18: =[27]Brewhouse!AU10 -> 99.42046 | K18: =[27]Brewhouse!S10 -> 7.1219858 | L18: =[27]Brewhouse!R10 -> 76 | M18: =[27]Brewhouse!$W10-[27]Brewhouse!$V10 -> 0.15138889 | N18: =[27]Brewhouse!AA10 -> 0.25694444 | O18: =[27]Brewhouse!AX10 -> R.Regis | R18: =B18 -> MACKESON | S18: =VLOOKUP($B18,$R$3:$X$11,2,FALSE) -> 13.3 | T18: =VLOOKUP($B18,$R$3:$X$11,3,FALSE) -> 13.5 | U18: =VLOOKUP($B18,$R$3:$X$11,4,FALSE) -> 0 | V18: =VLOOKUP($B18,$R$3:$X$11,5,FALSE) -> 0.12905093 | W18: =VLOOKUP($B18,$R$3:$X$11,6,FALSE) -> 0.27430556 | X18: =VLOOKUP($B18,$R$3:$X$11,7,FALSE) -> 0.30208333 | Y18: =VLOOKUP($B18,$R$3:$Z$11,8,FALSE) -> 0 | Z18: =VLOOKUP($B18,$R$3:$Z$11,9,FALSE) -> 0
B19: MACKESON | C19: =[27]Brewhouse!$A11 -> MK008 | D19: =[27]Brewhouse!$AF11 -> 56 | E19: =[27]Brewhouse!$AI11 -> 52.3 | F19: =[27]Brewhouse!$X11 -> 63 | G19: =[27]Brewhouse!AG11 -> 13.29 | I19: =[27]Brewhouse!AT11 -> 95.96509 | J19: =[27]Brewhouse!AU11 -> 99.496884 | K19: =[27]Brewhouse!S11 -> 4.5514124 | L19: =[27]Brewhouse!R11 -> 75 | M19: =[27]Brewhouse!$W11-[27]Brewhouse!$V11 -> 0.13194444 | N19: =[27]Brewhouse!AA11 -> 0.24652778 | O19: =[27]Brewhouse!AX11 -> R.Regis | R19: =B19 -> MACKESON | S19: =VLOOKUP($B19,$R$3:$X$11,2,FALSE) -> 13.3 | T19: =VLOOKUP($B19,$R$3:$X$11,3,FALSE) -> 13.5 | U19: =VLOOKUP($B19,$R$3:$X$11,4,FALSE) -> 0 | V19: =VLOOKUP($B19,$R$3:$X$11,5,FALSE) -> 0.12905093 | W19: =VLOOKUP($B19,$R$3:$X$11,6,FALSE) -> 0.27430556 | X19: =VLOOKUP($B19,$R$3:$X$11,7,FALSE) -> 0.30208333 | Y19: =VLOOKUP($B19,$R$3:$Z$11,8,FALSE) -> 0 | Z19: =VLOOKUP($B19,$R$3:$Z$11,9,FALSE) -> 0
R20: =B20 -> 0 | S20: =VLOOKUP($B20,$R$3:$X$11,2,FALSE) -> #N/A | T20: =VLOOKUP($B20,$R$3:$X$11,3,FALSE) -> #N/A | U20: =VLOOKUP($B20,$R$3:$X$11,4,FALSE) -> #N/A | V20: =VLOOKUP($B20,$R$3:$X$11,5,FALSE) -> #N/A | W20: =VLOOKUP($B20,$R$3:$X$11,6,FALSE) -> #N/A | X20: =VLOOKUP($B20,$R$3:$X$11,7,FALSE) -> #N/A | Y20: =VLOOKUP($B20,$R$3:$Z$11,8,FALSE) -> #N/A | Z20: =VLOOKUP($B20,$R$3:$Z$11,9,FALSE) -> #N/A
R21: =B21 -> 0 | S21: =VLOOKUP($B21,$R$3:$X$11,2,FALSE) -> #N/A | T21: =VLOOKUP($B21,$R$3:$X$11,3,FALSE) -> #N/A | U21: =VLOOKUP($B21,$R$3:$X$11,4,FALSE) -> #N/A | V21: =VLOOKUP($B21,$R$3:$X$11,5,FALSE) -> #N/A | W21: =VLOOKUP($B21,$R$3:$X$11,6,FALSE) -> #N/A | X21: =VLOOKUP($B21,$R$3:$X$11,7,FALSE) -> #N/A | Y21: =VLOOKUP($B21,$R$3:$Z$11,8,FALSE) -> #N/A | Z21: =VLOOKUP($B21,$R$3:$Z$11,9,FALSE) -> #N/A
R22: =B22 -> 0 | S22: =VLOOKUP($B22,$R$3:$X$11,2,FALSE) -> #N/A | T22: =VLOOKUP($B22,$R$3:$X$11,3,FALSE) -> #N/A | U22: =VLOOKUP($B22,$R$3:$X$11,4,FALSE) -> #N/A | V22: =VLOOKUP($B22,$R$3:$X$11,5,FALSE) -> #N/A | W22: =VLOOKUP($B22,$R$3:$X$11,6,FALSE) -> #N/A | X22: =VLOOKUP($B22,$R$3:$X$11,7,FALSE) -> #N/A | Y22: =VLOOKUP($B22,$R$3:$Z$11,8,FALSE) -> #N/A | Z22: =VLOOKUP($B22,$R$3:$Z$11,9,FALSE) -> #N/A
R23: =B23 -> 0 | S23: =VLOOKUP($B23,$R$3:$X$11,2,FALSE) -> #N/A | T23: =VLOOKUP($B23,$R$3:$X$11,3,FALSE) -> #N/A | U23: =VLOOKUP($B23,$R$3:$X$11,4,FALSE) -> #N/A | V23: =VLOOKUP($B23,$R$3:$X$11,5,FALSE) -> #N/A | W23: =VLOOKUP($B23,$R$3:$X$11,6,FALSE) -> #N/A | X23: =VLOOKUP($B23,$R$3:$X$11,7,FALSE) -> #N/A | Y23: =VLOOKUP($B23,$R$3:$Z$11,8,FALSE) -> #N/A | Z23: =VLOOKUP($B23,$R$3:$Z$11,9,FALSE) -> #N/A
R24: =B24 -> 0 | S24: =VLOOKUP($B24,$R$3:$X$11,2,FALSE) -> #N/A | T24: =VLOOKUP($B24,$R$3:$X$11,3,FALSE) -> #N/A | U24: =VLOOKUP($B24,$R$3:$X$11,4,FALSE) -> #N/A | V24: =VLOOKUP($B24,$R$3:$X$11,5,FALSE) -> #N/A | W24: =VLOOKUP($B24,$R$3:$X$11,6,FALSE) -> #N/A | X24: =VLOOKUP($B24,$R$3:$X$11,7,FALSE) -> #N/A | Y24: =VLOOKUP($B24,$R$3:$Z$11,8,FALSE) -> #N/A | Z24: =VLOOKUP($B24,$R$3:$Z$11,9,FALSE) -> #N/A
R25: =B25 -> 0 | S25: =VLOOKUP($B25,$R$3:$X$11,2,FALSE) -> #N/A | T25: =VLOOKUP($B25,$R$3:$X$11,3,FALSE) -> #N/A | U25: =VLOOKUP($B25,$R$3:$X$11,4,FALSE) -> #N/A | V25: =VLOOKUP($B25,$R$3:$X$11,5,FALSE) -> #N/A | W25: =VLOOKUP($B25,$R$3:$X$11,6,FALSE) -> #N/A | X25: =VLOOKUP($B25,$R$3:$X$11,7,FALSE) -> #N/A | Y25: =VLOOKUP($B25,$R$3:$Z$11,8,FALSE) -> #N/A | Z25: =VLOOKUP($B25,$R$3:$Z$11,9,FALSE) -> #N/A
R26: =B26 -> 0 | S26: =VLOOKUP($B26,$R$3:$X$11,2,FALSE) -> #N/A | T26: =VLOOKUP($B26,$R$3:$X$11,3,FALSE) -> #N/A | U26: =VLOOKUP($B26,$R$3:$X$11,4,FALSE) -> #N/A | V26: =VLOOKUP($B26,$R$3:$X$11,5,FALSE) -> #N/A | W26: =VLOOKUP($B26,$R$3:$X$11,6,FALSE) -> #N/A | X26: =VLOOKUP($B26,$R$3:$X$11,7,FALSE) -> #N/A | Y26: =VLOOKUP($B26,$R$3:$Z$11,8,FALSE) -> #N/A | Z26: =VLOOKUP($B26,$R$3:$Z$11,9,FALSE) -> #N/A
R27: =B27 -> 0 | S27: =VLOOKUP($B27,$R$3:$X$11,2,FALSE) -> #N/A | T27: =VLOOKUP($B27,$R$3:$X$11,3,FALSE) -> #N/A | U27: =VLOOKUP($B27,$R$3:$X$11,4,FALSE) -> #N/A | V27: =VLOOKUP($B27,$R$3:$X$11,5,FALSE) -> #N/A | W27: =VLOOKUP($B27,$R$3:$X$11,6,FALSE) -> #N/A | X27: =VLOOKUP($B27,$R$3:$X$11,7,FALSE) -> #N/A | Y27: =VLOOKUP($B27,$R$3:$Z$11,8,FALSE) -> #N/A | Z27: =VLOOKUP($B27,$R$3:$Z$11,9,FALSE) -> #N/A
R28: =B28 -> 0 | S28: =VLOOKUP($B28,$R$3:$X$11,2,FALSE) -> #N/A | T28: =VLOOKUP($B28,$R$3:$X$11,3,FALSE) -> #N/A | U28: =VLOOKUP($B28,$R$3:$X$11,4,FALSE) -> #N/A | V28: =VLOOKUP($B28,$R$3:$X$11,5,FALSE) -> #N/A | W28: =VLOOKUP($B28,$R$3:$X$11,6,FALSE) -> #N/A | X28: =VLOOKUP($B28,$R$3:$X$11,7,FALSE) -> #N/A | Y28: =VLOOKUP($B28,$R$3:$Z$11,8,FALSE) -> #N/A | Z28: =VLOOKUP($B28,$R$3:$Z$11,9,FALSE) -> #N/A
R29: =B29 -> 0 | S29: =VLOOKUP($B29,$R$3:$X$11,2,FALSE) -> #N/A | T29: =VLOOKUP($B29,$R$3:$X$11,3,FALSE) -> #N/A | U29: =VLOOKUP($B29,$R$3:$X$11,4,FALSE) -> #N/A | V29: =VLOOKUP($B29,$R$3:$X$11,5,FALSE) -> #N/A | W29: =VLOOKUP($B29,$R$3:$X$11,6,FALSE) -> #N/A | X29: =VLOOKUP($B29,$R$3:$X$11,7,FALSE) -> #N/A | Y29: =VLOOKUP($B29,$R$3:$Z$11,8,FALSE) -> #N/A | Z29: =VLOOKUP($B29,$R$3:$Z$11,9,FALSE) -> #N/A
R30: =B30 -> 0 | S30: =VLOOKUP($B30,$R$3:$X$11,2,FALSE) -> #N/A | T30: =VLOOKUP($B30,$R$3:$X$11,3,FALSE) -> #N/A | U30: =VLOOKUP($B30,$R$3:$X$11,4,FALSE) -> #N/A | V30: =VLOOKUP($B30,$R$3:$X$11,5,FALSE) -> #N/A | W30: =VLOOKUP($B30,$R$3:$X$11,6,FALSE) -> #N/A | X30: =VLOOKUP($B30,$R$3:$X$11,7,FALSE) -> #N/A | Y30: =VLOOKUP($B30,$R$3:$Z$11,8,FALSE) -> #N/A | Z30: =VLOOKUP($B30,$R$3:$Z$11,9,FALSE) -> #N/A
R31: =B31 -> 0 | S31: =VLOOKUP($B31,$R$3:$X$11,2,FALSE) -> #N/A | T31: =VLOOKUP($B31,$R$3:$X$11,3,FALSE) -> #N/A | U31: =VLOOKUP($B31,$R$3:$X$11,4,FALSE) -> #N/A | V31: =VLOOKUP($B31,$R$3:$X$11,5,FALSE) -> #N/A | W31: =VLOOKUP($B31,$R$3:$X$11,6,FALSE) -> #N/A | X31: =VLOOKUP($B31,$R$3:$X$11,7,FALSE) -> #N/A | Y31: =VLOOKUP($B31,$R$3:$Z$11,8,FALSE) -> #N/A | Z31: =VLOOKUP($B31,$R$3:$Z$11,9,FALSE) -> #N/A
... R48: =B48 -> 0 | S48: =VLOOKUP($B48,$R$3:$X$11,2,FALSE) -> #N/A | T48: =VLOOKUP($B48,$R$3:$X$11,3,FALSE) -> #N/A | U48: =VLOOKUP($B48,$R$3:$X$11,4,FALSE) -> #N/A | V48: =VLOOKUP($B48,$R$3:$X$11,5,FALSE) -> #N/A | W48: =VLOOKUP($B48,$R$3:$X$11,6,FALSE) -> #N/A | X48: =VLOOKUP($B48,$R$3:$X$11,7,FALSE) -> #N/A | Y48: =VLOOKUP($B48,$R$3:$Z$11,8,FALSE) -> #N/A | Z48: =VLOOKUP($B48,$R$3:$Z$11,9,FALSE) -> #N/A
I49: EXTRACT RECOVERY | R49: =B49 -> 0 | S49: =VLOOKUP($B49,$R$3:$X$11,2,FALSE) -> #N/A | T49: =VLOOKUP($B49,$R$3:$X$11,3,FALSE) -> #N/A | U49: =VLOOKUP($B49,$R$3:$X$11,4,FALSE) -> #N/A | V49: =VLOOKUP($B49,$R$3:$X$11,5,FALSE) -> #N/A | W49: =VLOOKUP($B49,$R$3:$X$11,6,FALSE) -> #N/A | X49: =VLOOKUP($B49,$R$3:$X$11,7,FALSE) -> #N/A | Y49: =VLOOKUP($B49,$R$3:$Z$11,8,FALSE) -> #N/A | Z49: =VLOOKUP($B49,$R$3:$Z$11,9,FALSE) -> #N/A
B50: BRAND | D50: BBT P.G./ O.G | I50: Brand | J50: Actual | K50: MTD No. of Brews | L50: MTD | M50: YTD | N50: Target
B51: =I53 -> GUINNESS | C51: 17.2 | D51: 17.23 | I51: CARIB | N51: 98
C52: 17.4 | I52: STAG | K52: 14 | L52: 95.918601 | M52: 95.918601 | N52: 98
C53: 17.1 | D53: 17.51 | I53: GUINNESS | N53: 98
C54: 17.2 | I54: VITAMALT | K54: 4 | L54: 96.702302 | M54: 96.702302 | N54: 98
C55: 17 | D55: 17.25 | I55: MAXIMALT | N55: 98
C56: 17.25 | I56: MACKESON | J56: =AVERAGE(I12:I19) -> 94.812617 | K56: 8 | L56: =J56 -> 94.812617 | M56: =L56 -> 94.812617 | N56: 98
I57: STARMALT | N57: 98
I58: HR- P | K58: 4 | L58: 91.812566 | M58: 91.812566 | N58: 98
I59: HR-IPA | N59: 98
I60: HR-APA | N60: 98
K61: =SUM(K51:K60) -> 30 | L61: =((L51*K51)+(L52*K52)+(L53*K53)+(L54*K54)+(L55*K55)+(K58*L58)+(L56*K56)+(L57*K57)+(L60*K60))/(K61) -> 95.180694 | M61: =L61 -> 95.180694 | N61: 98
B64: =I51 -> CARIB | C64: 11.9 | D64: 11.68 | J64: Daily Brewing Plan
C65: 11.7 | J65: Brand | K65: Brews Achieved | L65: Average Brews per day
C66: 11.8 | D66: 97 | J66: CARIB | L66: MTD | M66: YTD | N66: TARGET
C67: 11.8 | J67: STAG | L67: =AVERAGE('Jan 2nd'!K69,'Jan 3rd'!K69,'Jan 6th'!K54,'Jan 7th'!K76,K76) -> 6 | M67: =L67 -> 6
C68: 11.8 | D68: 97.1 | J68: GUINN
C69: 11.9 | J69: VITAMALT
C70: 12 | D70: 82 | J70: STARMALT
C71: 11.8 | J71: MACKESON | K71: 8
C72: 11.6 | D72: 98 | J72: HURRICANE REEF- IPA
C73: 11.67 | J73: HURRICANE REEF- APA
D74: =AVERAGE(D51:E73) -> 54.72125 | J74: HR- PILSNER
J75: CARIBE
J76: Total | K76: =SUM(K66:K75) -> 8
B77: Process: | C77: Fermentation/Filtration
B79: Brand | C79: Filt. Date | D79: FV Hls | E79: GFE/ Prim/ Vita Blend (Hls) | F79: SV Hls | G79: BBT Hls | H79: Loss (%) Ferm | I79: Loss (%) Filt | J79: Comments | K79: Throughput | L79: Process Loss (%) | M79: Filt. Operator
T80: 43466 | U80: 43467 | V80: 43468 | W80: 43469 | X80: 43470 | Y80: 43471 | Z80: 43472 | AA80: 43473 | AB80: 43474 | AC80: 43475 | AD80: 43476 | AE80: 43477 | AF80: 43478 | AG80: 43479 | AH80: 43480 | AI80: 43481 | AJ80: 43482 | AK80: 43483 | AL80: 43484 | AM80: 43485 | AN80: 43486 | AO80: 43487 | AP80: 43488 | AQ80: 43489 | AR80: 43490 | AS80: 43491 | AT80: 43492 | AU80: 43493 | AV80: 43494 | AW80: 43495 | AX80: 43496
B81: =B92 -> GUINN | C81: 45665 | D81: =[23]January_2025!$K$23 -> 314.8 | E81: =[23]January_2025!$K$26 -> 182.672 | G81: =[23]January_2025!$K$28 -> 296.2 | J81: No breaks | K81: =[24]January_2025!$K$32 -> 1.0392982 | L81: =(((D81+E81)-G81)/(D81+E81))*100 -> 40.458961 | M81: T.CHARLES | S81: hls
B83: =B90 -> CARIB | C83: 45665 | D83: =[23]January_2025!$K$3 -> 508.5 | G83: =[23]January_2025!$K$7 -> 456.6 | J83: 1 BREAK | K83: =[24]January_2025!$K$18 -> 1.6021053 | L83: =(((D83+E83)-G83)/(D83+E83))*100 -> 10.20649 | M83: T.Charles
J85: NO BREAK | L85: =(((D85+E85)-G85)/(D85+E85))*100 -> #DIV/0! | M85: T. Charles
B88: Process Loss (Volume) | G88: Process Loss (Extract) | K88: Throughput
B89: Brand | C89: Actual | D89: MTD | E89: YTD | F89: Target | G89: Actual | H89: MTD | I89: YTD | J89: Target | K89: Actual | L89: MTD | M89: YTD | N89: Target
B90: CARIB | C90: =L83 -> 10.20649 | F90: 4.8 | G90: =[23]January_2025!$K$11 -> 10.939498 | J90: 4.8 | K90: =K83 -> 1.6021053 | N90: 1
B91: STAG | F91: 4.8 | J91: 4.8 | N91: 1
B92: GUINN | F92: 5.5 | J92: 5.5 | K92: =K81 -> 1.0392982 | N92: 1
B93: VITAMALT | F93: 3.3 | J93: 3.3 | N93: 1
B94: HURRICANE REEF-APA | F94: 3.3 | J94: 3 | N94: 1
B95: MACKESON | F95: =[21]May_2022!$M$43 -> 3.4878407 | J95: 5.5 | N95: 1
B96: STARMALT | F96: 3.3 | J96: 3.3 | N96: 1
B97: HURRICANE REEF-IPA | F97: 7.5 | J97: 7.5 | N97: 1
F98: 5 | J98: 5 | N98: 1

Sheet Jan. 10th
T1: P.G. | V1: Hot Time | X1: Process Time | Z1: Cooling Time
B2: Brewing Department Daily Process Loss Report | T2: Lower | U2: Upper | V2: Lower | W2: Upper | X2: Lower | Y2: Upper | Z2: Lower | AA2: Upper
S3: CARIB | T3: 11.6 | U3: 12 | V3: 0 | W3: 0.11805556 | X3: 0.17361111 | Y3: 0.21180556 | Z3: 0 | AA3: 60 | AC3: HR- PISNER
B4: Date: | C4: 45670 | J4: LOT WORT COLOUR: 3.4 | M4: Filter Sheets (Target 20 days) | S4: STAG | T4: 11.6 | U4: 12 | V4: 0 | W4: 0.11805556 | X4: 0.17361111 | Y4: 0.21180556 | Z4: 0 | AA4: 60
M5: Double | N5: Single | S5: GUINNESS | T5: 17 | U5: 17.5 | V5: 0 | W5: 0.10763889 | X5: 0.19444444 | Y5: 0.23263889 | Z5: 0 | AA5: 60
J6: MALT LOT: Lot 25 | L6: Sheet Day | S6: MACKESON | T6: 13.3 | U6: 13.5 | V6: 0 | W6: 0.12905093 | X6: 0.22222222 | Y6: 0.25347222 | Z6: 0
S7: STARMALT | T7: 17.1 | U7: 17.5 | V7: 0 | W7: 0.13605324 | X7: 0.20833333 | Y7: 0.24305556 | Z7: 0 | AA7: 60
B8: Brand | C8: Brew no. | D8: Kett. Hls | E8: Wort | F8: Cool Time(Mins) | G8: Cast. P.G. (Lab Result) | H8: Cast P.G. (Cellar Operator)-gravity | I8: Extr. Rec (80.9%) | J8: Theor. Extr. (77.5%) | K8: Boil Off /Vol. (4-6%) | L8: Boil Time | M8: Total Hot | N8: Brewing | O8: Operator | P8: Comments | Q8: Actual Pilsen Malt | S8: Hurricane Reef | T8: 16.6 | U8: 17 | V8: 0 | W8: 0.12905093 | X8: 0.22222222 | Y8: 0.25347222 | Z8: 0
E9: Meter (Hls) | F9: Target(< 60Mins) | M9: Time | S9: VITAMALT | T9: 14.4 | U9: 14.6 | V9: 0 | W9: 0.13905093 | X9: 0.19097222 | Y9: 0.22569444 | Z9: 0 | AA9: 75
B10: CARIB | C10: =[28]Brewhouse!$A102 -> CA001 | D10: =[28]Brewhouse!$AF102 -> 52.9 | E10: =[28]Brewhouse!$AI102 -> 48.6 | F10: =[28]Brewhouse!$V102 -> 60 | G10: =[28]Brewhouse!$AG102 -> 11.9 | H10: 11.7 | I10: =[28]Brewhouse!$AU102 -> 92.721004 | J10: =[28]Brewhouse!$AV102 -> 96.454921 | K10: =[28]Brewhouse!$Q102 -> 7.3090909 | L10: =[28]Brewhouse!$P102 -> 58 | M10: =[28]Brewhouse!$U102-[28]Brewhouse!$T102 -> 0.12361111 | N10: =[28]Brewhouse!$Z102 -> 0.27083333 | O10: =[28]Brewhouse!$AX102 -> R.Sookram | P10: Ag trial. Lot Silo #1 | S10: =B10 -> CARIB | T10: =VLOOKUP($B10,$S$3:$Y$9,2,FALSE) -> 11.6 | U10: =VLOOKUP($B10,$S$3:$Y$9,3,FALSE) -> 12 | V10: =VLOOKUP($B10,$S$3:$Y$9,4,FALSE) -> 0 | W10: =VLOOKUP($B10,$S$3:$Y$9,5,FALSE) -> 0.11805556 | X10: =VLOOKUP($B10,$S$3:$Y$9,6,FALSE) -> 0.17361111 | Y10: =VLOOKUP($B10,$S$3:$Y$9,7,FALSE) -> 0.21180556 | Z10: =VLOOKUP($B10,$S$3:$AA$9,8,FALSE) -> 0 | AA10: =VLOOKUP($B10,$S$3:$AA$9,9,FALSE) -> 60
B11: CARIB | C11: =[28]Brewhouse!$A103 -> CA002 | D11: =[28]Brewhouse!$AF103 -> 53.9 | E11: =[28]Brewhouse!$AI103 -> 50.2 | F11: =[28]Brewhouse!$V103 -> 63 | G11: =[28]Brewhouse!$AG103 -> 11.9 | H11: 11.8 | I11: =[28]Brewhouse!$AU103 -> 95.183547 | J11: =[28]Brewhouse!$AV103 -> 99.018735 | K11: =[28]Brewhouse!$Q103 -> 7.2958258 | L11: =[28]Brewhouse!$P103 -> 58 | M11: =[28]Brewhouse!$U103-[28]Brewhouse!$T103 -> 0.1125 | N11: =[28]Brewhouse!$Z103 -> 0.28541667 | O11: =[28]Brewhouse!$AX103 -> R.Sookram | S11: =B11 -> CARIB | T11: =VLOOKUP($B11,$S$3:$Y$9,2,FALSE) -> 11.6 | U11: =VLOOKUP($B11,$S$3:$Y$9,3,FALSE) -> 12 | V11: =VLOOKUP($B11,$S$3:$Y$9,4,FALSE) -> 0 | W11: =VLOOKUP($B11,$S$3:$Y$9,5,FALSE) -> 0.11805556 | X11: =VLOOKUP($B11,$S$3:$Y$9,6,FALSE) -> 0.17361111 | Y11: =VLOOKUP($B11,$S$3:$Y$9,7,FALSE) -> 0.21180556 | Z11: =VLOOKUP($B11,$S$3:$AA$9,8,FALSE) -> 0 | AA11: =VLOOKUP($B11,$S$3:$AA$9,9,FALSE) -> 60
B12: CARIB | C12: =[28]Brewhouse!$A104 -> CA003 | D12: =[28]Brewhouse!$AF104 -> 53.3 | E12: =[28]Brewhouse!$AI104 -> 49.9 | F12: =[28]Brewhouse!$V104 -> 59 | G12: =[28]Brewhouse!$AG104 -> 11.9 | I12: =[28]Brewhouse!$AU104 -> 95.186026 | J12: =[28]Brewhouse!$AV104 -> 99.185198 | K12: =[28]Brewhouse!$Q104 -> 6.8705036 | L12: =[28]Brewhouse!$P104 -> 58 | M12: =[28]Brewhouse!$U104-[28]Brewhouse!$T104 -> 0.10416667 | N12: =[28]Brewhouse!$Z104 -> 0.31319444 | O12: =[28]Brewhouse!$AX104 -> R.Sookram | S12: =B12 -> CARIB | T12: =VLOOKUP($B12,$S$3:$Y$9,2,FALSE) -> 11.6 | U12: =VLOOKUP($B12,$S$3:$Y$9,3,FALSE) -> 12 | V12: =VLOOKUP($B12,$S$3:$Y$9,4,FALSE) -> 0 | W12: =VLOOKUP($B12,$S$3:$Y$9,5,FALSE) -> 0.11805556 | X12: =VLOOKUP($B12,$S$3:$Y$9,6,FALSE) -> 0.17361111 | Y12: =VLOOKUP($B12,$S$3:$Y$9,7,FALSE) -> 0.21180556 | Z12: =VLOOKUP($B12,$S$3:$AA$9,8,FALSE) -> 0 | AA12: =VLOOKUP($B12,$S$3:$AA$9,9,FALSE) -> 60
B13: CARIB | C13: =[28]Brewhouse!$A105 -> CA004 | D13: =[28]Brewhouse!$AF105 -> 53.3 | E13: =[28]Brewhouse!$AI105 -> 49.8 | F13: =[28]Brewhouse!$V105 -> 56 | G13: =[28]Brewhouse!$AG105 -> 12 | I13: =[28]Brewhouse!$AU105 -> 95.834588 | J13: =[28]Brewhouse!$AV105 -> 99.861009 | K13: =[28]Brewhouse!$Q105 -> 8.3243243 | L13: =[28]Brewhouse!$P105 -> 66 | M13: =[28]Brewhouse!$U105-[28]Brewhouse!$T105 -> 0.11041667 | N13: =[28]Brewhouse!$Z105 -> 0.30763889 | O13: =[28]Brewhouse!$AX105 -> K.Benjamin | S13: =B13 -> CARIB | T13: =VLOOKUP($B13,$S$3:$Y$9,2,FALSE) -> 11.6 | U13: =VLOOKUP($B13,$S$3:$Y$9,3,FALSE) -> 12 | V13: =VLOOKUP($B13,$S$3:$Y$9,4,FALSE) -> 0 | W13: =VLOOKUP($B13,$S$3:$Y$9,5,FALSE) -> 0.11805556 | X13: =VLOOKUP($B13,$S$3:$Y$9,6,FALSE) -> 0.17361111 | Y13: =VLOOKUP($B13,$S$3:$Y$9,7,FALSE) -> 0.21180556 | Z13: =VLOOKUP($B13,$S$3:$AA$9,8,FALSE) -> 0 | AA13: =VLOOKUP($B13,$S$3:$AA$9,9,FALSE) -> 60
B14: CARIB | C14: =[28]Brewhouse!$A106 -> CA005 | D14: =[28]Brewhouse!$AF106 -> 52.8 | E14: =[28]Brewhouse!$AI106 -> 49.3 | F14: =[28]Brewhouse!$V106 -> 60 | G14: =[28]Brewhouse!$AG106 -> 11.8 | I14: =[28]Brewhouse!$AU106 -> 95.701714 | J14: =[28]Brewhouse!$AV106 -> 99.717812 | K14: =[28]Brewhouse!$Q106 -> 6.1621622 | L14: =[28]Brewhouse!$P106 -> 62 | M14: =[28]Brewhouse!$U106-[28]Brewhouse!$T106 -> 0.12291667 | N14: =[28]Brewhouse!$Z106 -> 0.275 | O14: =[28]Brewhouse!$AX106 -> K.Benjamin | S14: =B14 -> CARIB | T14: =VLOOKUP($B14,$S$3:$Y$9,2,FALSE) -> 11.6 | U14: =VLOOKUP($B14,$S$3:$Y$9,3,FALSE) -> 12 | V14: =VLOOKUP($B14,$S$3:$Y$9,4,FALSE) -> 0 | W14: =VLOOKUP($B14,$S$3:$Y$9,5,FALSE) -> 0.11805556 | X14: =VLOOKUP($B14,$S$3:$Y$9,6,FALSE) -> 0.17361111 | Y14: =VLOOKUP($B14,$S$3:$Y$9,7,FALSE) -> 0.21180556 | Z14: =VLOOKUP($B14,$S$3:$AA$9,8,FALSE) -> 0 | AA14: =VLOOKUP($B14,$S$3:$AA$9,9,FALSE) -> 60
B15: CARIB | C15: =[28]Brewhouse!$A107 -> CA006 | D15: =[28]Brewhouse!$AF107 -> 53.3 | E15: =[28]Brewhouse!$AI107 -> 49.7 | F15: =[28]Brewhouse!$V107 -> 58 | G15: =[28]Brewhouse!$AG107 -> 11.7 | H15: 11.7 | I15: =[28]Brewhouse!$AU107 -> 92.798968 | J15: =[28]Brewhouse!$AV107 -> 96.537258 | K15: =[28]Brewhouse!$Q107 -> 5.7706093 | L15: =[28]Brewhouse!$P107 -> 63 | M15: =[28]Brewhouse!$U107-[28]Brewhouse!$T107 -> 0.10902778 | N15: =[28]Brewhouse!$Z107 -> 0.26388889 | O15: =[28]Brewhouse!$AX107 -> R.Regis | S15: =B15 -> CARIB | T15: =VLOOKUP($B15,$S$3:$Y$9,2,FALSE) -> 11.6 | U15: =VLOOKUP($B15,$S$3:$Y$9,3,FALSE) -> 12 | V15: =VLOOKUP($B15,$S$3:$Y$9,4,FALSE) -> 0 | W15: =VLOOKUP($B15,$S$3:$Y$9,5,FALSE) -> 0.11805556 | X15: =VLOOKUP($B15,$S$3:$Y$9,6,FALSE) -> 0.17361111 | Y15: =VLOOKUP($B15,$S$3:$Y$9,7,FALSE) -> 0.21180556 | Z15: =VLOOKUP($B15,$S$3:$AA$9,8,FALSE) -> 0 | AA15: =VLOOKUP($B15,$S$3:$AA$9,9,FALSE) -> 60
B16: CARIB | C16: =[28]Brewhouse!$A108 -> CA007 | D16: =[28]Brewhouse!$AF108 -> 54.9 | E16: =[28]Brewhouse!$AI108 -> 51.6 | F16: =[28]Brewhouse!$V108 -> 66 | G16: =[28]Brewhouse!$AG108 -> 11.7 | H16: 11.6 | I16: =[28]Brewhouse!$AU108 -> 95.63787 | J16: =[28]Brewhouse!$AV108 -> 99.493037 | K16: =[28]Brewhouse!$Q108 -> 5.1957295 | L16: =[28]Brewhouse!$P108 -> 61 | M16: =[28]Brewhouse!$U108-[28]Brewhouse!$T108 -> 0.11319444 | N16: =[28]Brewhouse!$Z108 -> 0.30347222 | O16: =[28]Brewhouse!$AX108 -> R.Regis | S16: =B16 -> CARIB | T16: =VLOOKUP($B16,$S$3:$Y$9,2,FALSE) -> 11.6 | U16: =VLOOKUP($B16,$S$3:$Y$9,3,FALSE) -> 12 | V16: =VLOOKUP($B16,$S$3:$Y$9,4,FALSE) -> 0 | W16: =VLOOKUP($B16,$S$3:$Y$9,5,FALSE) -> 0.11805556 | X16: =VLOOKUP($B16,$S$3:$Y$9,6,FALSE) -> 0.17361111 | Y16: =VLOOKUP($B16,$S$3:$Y$9,7,FALSE) -> 0.21180556 | Z16: =VLOOKUP($B16,$S$3:$AA$9,8,FALSE) -> 0 | AA16: =VLOOKUP($B16,$S$3:$AA$9,9,FALSE) -> 60
S17: =B17 -> 0 | T17: =VLOOKUP($B17,$S$3:$Y$9,2,FALSE) -> #N/A | U17: =VLOOKUP($B17,$S$3:$Y$9,3,FALSE) -> #N/A | V17: =VLOOKUP($B17,$S$3:$Y$9,4,FALSE) -> #N/A | W17: =VLOOKUP($B17,$S$3:$Y$9,5,FALSE) -> #N/A | X17: =VLOOKUP($B17,$S$3:$Y$9,6,FALSE) -> #N/A | Y17: =VLOOKUP($B17,$S$3:$Y$9,7,FALSE) -> #N/A | Z17: =VLOOKUP($B17,$S$3:$AA$9,8,FALSE) -> #N/A | AA17: =VLOOKUP($B17,$S$3:$AA$9,9,FALSE) -> #N/A
S18: =B18 -> 0 | T18: =VLOOKUP($B18,$S$3:$Y$9,2,FALSE) -> #N/A | U18: =VLOOKUP($B18,$S$3:$Y$9,3,FALSE) -> #N/A | V18: =VLOOKUP($B18,$S$3:$Y$9,4,FALSE) -> #N/A | W18: =VLOOKUP($B18,$S$3:$Y$9,5,FALSE) -> #N/A | X18: =VLOOKUP($B18,$S$3:$Y$9,6,FALSE) -> #N/A | Y18: =VLOOKUP($B18,$S$3:$Y$9,7,FALSE) -> #N/A | Z18: =VLOOKUP($B18,$S$3:$AA$9,8,FALSE) -> #N/A | AA18: =VLOOKUP($B18,$S$3:$AA$9,9,FALSE) -> #N/A
S19: =B19 -> 0 | T19: =VLOOKUP($B19,$S$3:$Y$9,2,FALSE) -> #N/A | U19: =VLOOKUP($B19,$S$3:$Y$9,3,FALSE) -> #N/A | V19: =VLOOKUP($B19,$S$3:$Y$9,4,FALSE) -> #N/A | W19: =VLOOKUP($B19,$S$3:$Y$9,5,FALSE) -> #N/A | X19: =VLOOKUP($B19,$S$3:$Y$9,6,FALSE) -> #N/A | Y19: =VLOOKUP($B19,$S$3:$Y$9,7,FALSE) -> #N/A | Z19: =VLOOKUP($B19,$S$3:$AA$9,8,FALSE) -> #N/A | AA19: =VLOOKUP($B19,$S$3:$AA$9,9,FALSE) -> #N/A
S20: =B20 -> 0 | T20: =VLOOKUP($B20,$S$3:$Y$9,2,FALSE) -> #N/A | U20: =VLOOKUP($B20,$S$3:$Y$9,3,FALSE) -> #N/A | V20: =VLOOKUP($B20,$S$3:$Y$9,4,FALSE) -> #N/A | W20: =VLOOKUP($B20,$S$3:$Y$9,5,FALSE) -> #N/A | X20: =VLOOKUP($B20,$S$3:$Y$9,6,FALSE) -> #N/A | Y20: =VLOOKUP($B20,$S$3:$Y$9,7,FALSE) -> #N/A | Z20: =VLOOKUP($B20,$S$3:$AA$9,8,FALSE) -> #N/A | AA20: =VLOOKUP($B20,$S$3:$AA$9,9,FALSE) -> #N/A
S21: =B21 -> 0 | T21: =VLOOKUP($B21,$S$3:$Y$9,2,FALSE) -> #N/A | U21: =VLOOKUP($B21,$S$3:$Y$9,3,FALSE) -> #N/A | V21: =VLOOKUP($B21,$S$3:$Y$9,4,FALSE) -> #N/A | W21: =VLOOKUP($B21,$S$3:$Y$9,5,FALSE) -> #N/A | X21: =VLOOKUP($B21,$S$3:$Y$9,6,FALSE) -> #N/A | Y21: =VLOOKUP($B21,$S$3:$Y$9,7,FALSE) -> #N/A | Z21: =VLOOKUP($B21,$S$3:$AA$9,8,FALSE) -> #N/A | AA21: =VLOOKUP($B21,$S$3:$AA$9,9,FALSE) -> #N/A
S22: =B22 -> 0 | T22: =VLOOKUP($B22,$S$3:$Y$9,2,FALSE) -> #N/A | U22: =VLOOKUP($B22,$S$3:$Y$9,3,FALSE) -> #N/A | V22: =VLOOKUP($B22,$S$3:$Y$9,4,FALSE) -> #N/A | W22: =VLOOKUP($B22,$S$3:$Y$9,5,FALSE) -> #N/A | X22: =VLOOKUP($B22,$S$3:$Y$9,6,FALSE) -> #N/A | Y22: =VLOOKUP($B22,$S$3:$Y$9,7,FALSE) -> #N/A | Z22: =VLOOKUP($B22,$S$3:$AA$9,8,FALSE) -> #N/A | AA22: =VLOOKUP($B22,$S$3:$AA$9,9,FALSE) -> #N/A
S23: =B23 -> 0 | T23: =VLOOKUP($B23,$S$3:$Y$9,2,FALSE) -> #N/A | U23: =VLOOKUP($B23,$S$3:$Y$9,3,FALSE) -> #N/A | V23: =VLOOKUP($B23,$S$3:$Y$9,4,FALSE) -> #N/A | W23: =VLOOKUP($B23,$S$3:$Y$9,5,FALSE) -> #N/A | X23: =VLOOKUP($B23,$S$3:$Y$9,6,FALSE) -> #N/A | Y23: =VLOOKUP($B23,$S$3:$Y$9,7,FALSE) -> #N/A | Z23: =VLOOKUP($B23,$S$3:$AA$9,8,FALSE) -> #N/A | AA23: =VLOOKUP($B23,$S$3:$AA$9,9,FALSE) -> #N/A
S24: =B24 -> 0 | T24: =VLOOKUP($B24,$S$3:$Y$9,2,FALSE) -> #N/A | U24: =VLOOKUP($B24,$S$3:$Y$9,3,FALSE) -> #N/A | V24: =VLOOKUP($B24,$S$3:$Y$9,4,FALSE) -> #N/A | W24: =VLOOKUP($B24,$S$3:$Y$9,5,FALSE) -> #N/A | X24: =VLOOKUP($B24,$S$3:$Y$9,6,FALSE) -> #N/A | Y24: =VLOOKUP($B24,$S$3:$Y$9,7,FALSE) -> #N/A | Z24: =VLOOKUP($B24,$S$3:$AA$9,8,FALSE) -> #N/A | AA24: =VLOOKUP($B24,$S$3:$AA$9,9,FALSE) -> #N/A
S25: =B25 -> 0 | T25: =VLOOKUP($B25,$S$3:$Y$9,2,FALSE) -> #N/A | U25: =VLOOKUP($B25,$S$3:$Y$9,3,FALSE) -> #N/A | V25: =VLOOKUP($B25,$S$3:$Y$9,4,FALSE) -> #N/A | W25: =VLOOKUP($B25,$S$3:$Y$9,5,FALSE) -> #N/A | X25: =VLOOKUP($B25,$S$3:$Y$9,6,FALSE) -> #N/A | Y25: =VLOOKUP($B25,$S$3:$Y$9,7,FALSE) -> #N/A | Z25: =VLOOKUP($B25,$S$3:$AA$9,8,FALSE) -> #N/A | AA25: =VLOOKUP($B25,$S$3:$AA$9,9,FALSE) -> #N/A
S26: =B26 -> 0 | T26: =VLOOKUP($B26,$S$3:$Y$9,2,FALSE) -> #N/A | U26: =VLOOKUP($B26,$S$3:$Y$9,3,FALSE) -> #N/A | V26: =VLOOKUP($B26,$S$3:$Y$9,4,FALSE) -> #N/A | W26: =VLOOKUP($B26,$S$3:$Y$9,5,FALSE) -> #N/A | X26: =VLOOKUP($B26,$S$3:$Y$9,6,FALSE) -> #N/A | Y26: =VLOOKUP($B26,$S$3:$Y$9,7,FALSE) -> #N/A | Z26: =VLOOKUP($B26,$S$3:$AA$9,8,FALSE) -> #N/A | AA26: =VLOOKUP($B26,$S$3:$AA$9,9,FALSE) -> #N/A
I27: EXTRACT RECOVERY
B28: BRAND | D28: BBT P.G./ O.G | I28: Brand | J28: Actual | K28: MTD No. of Brews | L28: MTD | M28: YTD | N28: Target
B29: =B16 -> CARIB | C29: 12 | D29: 11.82 | I29: CARIB | J29: =AVERAGE(I10:I16) -> 94.723388 | K29: =COUNTA([28]Brewhouse!$A$102:$A$108) -> 7 | L29: =AVERAGE([28]Brewhouse!$AU$102:$AU$108) -> 94.723388 | M29: =AVERAGE([28]Brewhouse!$AU$102:$AU$108) -> 94.723388 | N29: 98
C30: 11.7 | I30: STAG | K30: =COUNTA([22]Brewhouse!$A$15:$A$28) -> 14 | L30: =AVERAGE([22]Brewhouse!$AS$15:$AS$28) -> 95.918601 | M30: =AVERAGE([22]Brewhouse!$AS$15:$AS$28) -> 95.918601 | N30: 98
C31: 11.64 | D31: 11.82 | I31: GUINNESS | N31: 98
C32: 11.7 | I32: VITAMALT | K32: =COUNTA([25]Brewhouse!$A$5:$A$8) -> 4 | L32: =AVERAGE([25]Brewhouse!$AV$5:$AV$8) -> 96.702302 | M32: =AVERAGE([25]Brewhouse!$AV$5:$AV$8) -> 96.702302 | N32: 98
I33: MAXIMALT | N33: 98
I34: MACKESON | K34: =COUNTA([27]Brewhouse!$A$4:$A$11) -> 8 | L34: =AVERAGE([27]Brewhouse!$AT$4:$AT$11) -> 94.812617 | M34: =AVERAGE([27]Brewhouse!$AT$4:$AT$11) -> 94.812617 | N34: 98
I35: STARMALT | N35: 98
I36: HR- Pils | K36: =COUNTA([26]Brewhouse!$A$5:$A$8) -> 4 | L36: =AVERAGE([26]Brewhouse!$AU$5:$AU$8) -> 91.006888 | M36: =AVERAGE([26]Brewhouse!$AU$5:$AU$8) -> 91.006888 | N36: 98
I37: HR- IPA
I38: HR- APA | N38: 98
K39: =SUM(K29:K38) -> 37 | L39: =((L29*K29)+(L30*K30)+(L31*K31)+(L32*K32)+(L33*K33)+(K36*L36)+(L34*K34)+(L35*K35)+(L38*K38))/(K39) -> 95.007076 | M39: =L39 -> 95.007076 | N39: 98
J42: Daily Brewing Plan
J43: Brand | K43: Brews Achieved | L43: Average Brews per day
J44: CARIB | K44: 7 | L44: MTD | M44: YTD | N44: TARGET
J45: STAG | L45: =AVERAGE('Jan 2nd'!K69,'Jan 3rd'!K69,'Jan 6th'!K54,'Jan 7th'!K76,'Jan 8th'!K76,'Jan. 10th'!K54) -> 6.1666667 | M45: =L45 -> 6.1666667
J46: GUINN
J47: VITAMALT
J48: STARMALT
J49: MACKESON
J50: HURRICANE REEF- IPA
J51: HURRICANE REEF- APA
B52: AVERAGE | D52: =AVERAGE(D29:E51) -> 11.82 | J52: HR- PILSNER
J53: CARIBE
J54: Total | K54: =SUM(K44:K53) -> 7
B55: Process: | C55: Fermentation/Filtration
B57: Brand | C57: Filt. Date | D57: FV Hls | E57: GFE/ Prim/ Vita Blend (Hls) | F57: SV Hls | G57: BBT Hls | H57: Loss (%) Ferm | I57: Loss (%) Filt | J57: Comments | K57: Throughput | L57: Process Loss (%) | M57: Filt. Operator
U58: 43466 | V58: 43467 | W58: 43468 | X58: 43469 | Y58: 43470 | Z58: 43471 | AA58: 43472 | AB58: 43473 | AC58: 43474 | AD58: 43475 | AE58: 43476 | AF58: 43477 | AG58: 43478 | AH58: 43479 | AI58: 43480 | AJ58: 43481 | AK58: 43482 | AL58: 43483 | AM58: 43484 | AN58: 43485 | AO58: 43486 | AP58: 43487 | AQ58: 43488 | AR58: 43489 | AS58: 43490 | AT58: 43491 | AU58: 43492 | AV58: 43493 | AW58: 43494 | AX58: 43495 | AY58: 43496
B59: =B69 -> CARIB | C59: 45667 | D59: =[23]January_2025!$M$3 -> 200.1 | G59: =[23]January_2025!$M$7 -> 181.5 | J59: No Breaks | K59: =[24]January_2025!$M$18 -> 0.63684211 | L59: =(((D59+E59)-G59)/(D59+E59))*100 -> 9.2953523 | M59: K. Hosten | T59: hls
T60: Throughput | U60: =[20]January_2019!D8 -> #DIV/0! | V60: =[20]January_2019!E8 -> 1.0319298 | W60: =[20]January_2019!F8 -> 1.7789474 | X60: =[20]January_2019!G8 -> 0.51929825 | Y60: =[20]January_2019!H8 -> #DIV/0! | Z60: =[20]January_2019!I8 -> #DIV/0! | AA60: =[20]January_2019!J8 -> 1.3652632 | AB60: =[20]January_2019!K8 -> #DIV/0! | ... AY60: =[20]January_2019!AH8 -> #DIV/0!
B67: Process Loss (Volume) | G67: Process Loss (Extract) | K67: Throughput
B68: Brand | C68: Actual | D68: MTD | E68: YTD | F68: Target | G68: Actual | H68: MTD | I68: YTD | J68: Target | K68: Actual | L68: MTD | M68: YTD | N68: Target
B69: CARIB | C69: =L59 -> 9.2953523 | F69: 4.8 | G69: =[23]January_2025!$M$11 -> 9.1481045 | J69: 4.8 | K69: =K59 -> 0.63684211 | N69: 1
B70: STAG | F70: 4.8 | J70: 4.8 | N70: 1
B71: GUINN | F71: 5.5 | J71: 5.5 | N71: 1
B72: VITAMALT | F72: 3.3 | J72: 3.3 | N72: 1
B73: MAXIMALT | F73: 3.3 | J73: 3 | N73: 1
B74: MACKESON | F74: =[21]May_2022!$M$43 -> 3.4878407 | J74: 5.5 | N74: 1
B75: STARMALT | F75: 3.3 | J75: 3.3 | N75: 1
B76: HURRICANE REEF | F76: 7.5 | J76: 7.5 | N76: 1
F77: 4.5 | J77: 4.5 | N77: 1
AD90: :

Sheet Jan. 14th 
T1: P.G. | V1: Hot Time | X1: Process Time | Z1: Cooling Time
B2: Brewing Department Daily Process Loss Report | T2: Lower | U2: Upper | V2: Lower | W2: Upper | X2: Lower | Y2: Upper | Z2: Lower | AA2: Upper
S3: CARIB | T3: 11.6 | U3: 12 | V3: 0 | W3: 0.11805556 | X3: 0.17361111 | Y3: 0.21180556 | Z3: 0 | AA3: 60 | AC3: HR- PISNER
B4: Date: | C4: 45672 | J4: LOT WORT COLOUR: 3.4 | M4: Filter Sheets (Target 20 days) | S4: STAG | T4: 11.6 | U4: 12 | V4: 0 | W4: 0.11805556 | X4: 0.17361111 | Y4: 0.21180556 | Z4: 0 | AA4: 60
M5: Double | N5: Single | S5: GUINNESS | T5: 17 | U5: 17.5 | V5: 0 | W5: 0.10763889 | X5: 0.19444444 | Y5: 0.23263889 | Z5: 0 | AA5: 60
J6: MALT LOT: Lot 25 | L6: Sheet Day | S6: MACKESON | T6: 13.3 | U6: 13.5 | V6: 0 | W6: 0.12905093 | X6: 0.22222222 | Y6: 0.25347222 | Z6: 0
S7: STARMALT | T7: 17.1 | U7: 17.5 | V7: 0 | W7: 0.13605324 | X7: 0.20833333 | Y7: 0.24305556 | Z7: 0 | AA7: 60
B8: Brand | C8: Brew no. | D8: Kett. Hls | E8: Wort | F8: Cool Time(Mins) | G8: Cast. P.G. (Lab Result) | H8: Cast P.G. (Cellar Operator)-gravity | I8: Extr. Rec (80.9%) | J8: Theor. Extr. (77.5%) | K8: Boil Off /Vol. (4-6%) | L8: Boil Time | M8: Total Hot | N8: Brewing | O8: Operator | P8: Comments | Q8: Actual Pilsen Malt | S8: Hurricane Reef | T8: 16.6 | U8: 17 | V8: 0 | W8: 0.12905093 | X8: 0.22222222 | Y8: 0.25347222 | Z8: 0
E9: Meter (Hls) | F9: Target(< 60Mins) | M9: Time | S9: VITAMALT | T9: 14.4 | U9: 14.6 | V9: 0 | W9: 0.13905093 | X9: 0.19097222 | Y9: 0.22569444 | Z9: 0 | AA9: 75
P10: Ag trial. Lot Silo #1 | S10: =B10 -> 0 | T10: =VLOOKUP($B10,$S$3:$Y$9,2,FALSE) -> #N/A | U10: =VLOOKUP($B10,$S$3:$Y$9,3,FALSE) -> #N/A | V10: =VLOOKUP($B10,$S$3:$Y$9,4,FALSE) -> #N/A | W10: =VLOOKUP($B10,$S$3:$Y$9,5,FALSE) -> #N/A | X10: =VLOOKUP($B10,$S$3:$Y$9,6,FALSE) -> #N/A | Y10: =VLOOKUP($B10,$S$3:$Y$9,7,FALSE) -> #N/A | Z10: =VLOOKUP($B10,$S$3:$AA$9,8,FALSE) -> #N/A | AA10: =VLOOKUP($B10,$S$3:$AA$9,9,FALSE) -> #N/A
S11: =B11 -> 0 | T11: =VLOOKUP($B11,$S$3:$Y$9,2,FALSE) -> #N/A | U11: =VLOOKUP($B11,$S$3:$Y$9,3,FALSE) -> #N/A | V11: =VLOOKUP($B11,$S$3:$Y$9,4,FALSE) -> #N/A | W11: =VLOOKUP($B11,$S$3:$Y$9,5,FALSE) -> #N/A | X11: =VLOOKUP($B11,$S$3:$Y$9,6,FALSE) -> #N/A | Y11: =VLOOKUP($B11,$S$3:$Y$9,7,FALSE) -> #N/A | Z11: =VLOOKUP($B11,$S$3:$AA$9,8,FALSE) -> #N/A | AA11: =VLOOKUP($B11,$S$3:$AA$9,9,FALSE) -> #N/A
S12: =B12 -> 0 | T12: =VLOOKUP($B12,$S$3:$Y$9,2,FALSE) -> #N/A | U12: =VLOOKUP($B12,$S$3:$Y$9,3,FALSE) -> #N/A | V12: =VLOOKUP($B12,$S$3:$Y$9,4,FALSE) -> #N/A | W12: =VLOOKUP($B12,$S$3:$Y$9,5,FALSE) -> #N/A | X12: =VLOOKUP($B12,$S$3:$Y$9,6,FALSE) -> #N/A | Y12: =VLOOKUP($B12,$S$3:$Y$9,7,FALSE) -> #N/A | Z12: =VLOOKUP($B12,$S$3:$AA$9,8,FALSE) -> #N/A | AA12: =VLOOKUP($B12,$S$3:$AA$9,9,FALSE) -> #N/A
B13: CARIB | C13: =[28]Brewhouse!$A109 -> CA008 | D13: =[28]Brewhouse!$AF109 -> 54 | E13: =[28]Brewhouse!$AI109 -> 50.9 | F13: =[28]Brewhouse!$V109 -> 63 | G13: =[28]Brewhouse!$AG109 -> 11.9 | H13: 11.6 | I13: =[28]Brewhouse!$AU109 -> 96.273575 | J13: =[28]Brewhouse!$AV109 -> 100.15353 | K13: =[28]Brewhouse!$Q109 -> 6.2745098 | L13: =[28]Brewhouse!$P109 -> 60 | M13: =[28]Brewhouse!$U109-[28]Brewhouse!$T109 -> 0.11319444 | N13: =[28]Brewhouse!$Z109 -> 0.46944444 | O13: =[28]Brewhouse!$AX109 -> R.Sookram | S13: =B13 -> CARIB | T13: =VLOOKUP($B13,$S$3:$Y$9,2,FALSE) -> 11.6 | U13: =VLOOKUP($B13,$S$3:$Y$9,3,FALSE) -> 12 | V13: =VLOOKUP($B13,$S$3:$Y$9,4,FALSE) -> 0 | W13: =VLOOKUP($B13,$S$3:$Y$9,5,FALSE) -> 0.11805556 | X13: =VLOOKUP($B13,$S$3:$Y$9,6,FALSE) -> 0.17361111 | Y13: =VLOOKUP($B13,$S$3:$Y$9,7,FALSE) -> 0.21180556 | Z13: =VLOOKUP($B13,$S$3:$AA$9,8,FALSE) -> 0 | AA13: =VLOOKUP($B13,$S$3:$AA$9,9,FALSE) -> 60
B14: CARIB | C14: =[28]Brewhouse!$A110 -> CA009 | D14: =[28]Brewhouse!$AF110 -> 53.8 | E14: =[28]Brewhouse!$AI110 -> 50.3 | F14: =[28]Brewhouse!$V110 -> 58 | G14: =[28]Brewhouse!$AG110 -> 11.8 | I14: =[28]Brewhouse!$AU110 -> 94.866122 | J14: =[28]Brewhouse!$AV110 -> 98.852288 | K14: =[28]Brewhouse!$Q110 -> 6.6547406 | L14: =[28]Brewhouse!$P110 -> 59 | M14: =[28]Brewhouse!$U110-[28]Brewhouse!$T110 -> 0.11180556 | N14: =[28]Brewhouse!$Z110 -> 0.27777778 | O14: =[28]Brewhouse!$AX110 -> K.Benjamin | S14: =B14 -> CARIB | T14: =VLOOKUP($B14,$S$3:$Y$9,2,FALSE) -> 11.6 | U14: =VLOOKUP($B14,$S$3:$Y$9,3,FALSE) -> 12 | V14: =VLOOKUP($B14,$S$3:$Y$9,4,FALSE) -> 0 | W14: =VLOOKUP($B14,$S$3:$Y$9,5,FALSE) -> 0.11805556 | X14: =VLOOKUP($B14,$S$3:$Y$9,6,FALSE) -> 0.17361111 | Y14: =VLOOKUP($B14,$S$3:$Y$9,7,FALSE) -> 0.21180556 | Z14: =VLOOKUP($B14,$S$3:$AA$9,8,FALSE) -> 0 | AA14: =VLOOKUP($B14,$S$3:$AA$9,9,FALSE) -> 60
B15: CARIB | C15: =[28]Brewhouse!$A111 -> CA010 | D15: =[28]Brewhouse!$AF111 -> 51 | E15: =[28]Brewhouse!$AI111 -> 48.8 | F15: =[28]Brewhouse!$V111 -> 60 | G15: =[28]Brewhouse!$AG111 -> 11.6 | I15: =[28]Brewhouse!$AU111 -> 90.396256 | J15: =[28]Brewhouse!$AV111 -> 94.194603 | K15: =[28]Brewhouse!$Q111 -> 9.551167 | L15: =[28]Brewhouse!$P111 -> 60 | M15: =[28]Brewhouse!$U111-[28]Brewhouse!$T111 -> 0.11597222 | N15: =[28]Brewhouse!$Z111 -> 0.45555556 | O15: =[28]Brewhouse!$AX111 -> K.Benjamin | S15: =B15 -> CARIB | T15: =VLOOKUP($B15,$S$3:$Y$9,2,FALSE) -> 11.6 | U15: =VLOOKUP($B15,$S$3:$Y$9,3,FALSE) -> 12 | V15: =VLOOKUP($B15,$S$3:$Y$9,4,FALSE) -> 0 | W15: =VLOOKUP($B15,$S$3:$Y$9,5,FALSE) -> 0.11805556 | X15: =VLOOKUP($B15,$S$3:$Y$9,6,FALSE) -> 0.17361111 | Y15: =VLOOKUP($B15,$S$3:$Y$9,7,FALSE) -> 0.21180556 | Z15: =VLOOKUP($B15,$S$3:$AA$9,8,FALSE) -> 0 | AA15: =VLOOKUP($B15,$S$3:$AA$9,9,FALSE) -> 60
B16: CARIB | C16: =[28]Brewhouse!$A112 -> CA011 | D16: =[28]Brewhouse!$AF112 -> 54.4 | E16: =[28]Brewhouse!$AI112 -> 50 | F16: =[28]Brewhouse!$V112 -> 62 | G16: =[28]Brewhouse!$AG112 -> 11.7 | H16: 11.7 | I16: =[28]Brewhouse!$AU112 -> 96.811385 | J16: =[28]Brewhouse!$AV112 -> 100.87287 | K16: =[28]Brewhouse!$Q112 -> 6.3883848 | L16: =[28]Brewhouse!$P112 -> 59 | M16: =[28]Brewhouse!$U112-[28]Brewhouse!$T112 -> 0.11180556 | N16: =[28]Brewhouse!$Z112 -> 0.25486111 | O16: =[28]Brewhouse!$AX112 -> R.Sookram | S16: =B16 -> CARIB | T16: =VLOOKUP($B16,$S$3:$Y$9,2,FALSE) -> 11.6 | U16: =VLOOKUP($B16,$S$3:$Y$9,3,FALSE) -> 12 | V16: =VLOOKUP($B16,$S$3:$Y$9,4,FALSE) -> 0 | W16: =VLOOKUP($B16,$S$3:$Y$9,5,FALSE) -> 0.11805556 | X16: =VLOOKUP($B16,$S$3:$Y$9,6,FALSE) -> 0.17361111 | Y16: =VLOOKUP($B16,$S$3:$Y$9,7,FALSE) -> 0.21180556 | Z16: =VLOOKUP($B16,$S$3:$AA$9,8,FALSE) -> 0 | AA16: =VLOOKUP($B16,$S$3:$AA$9,9,FALSE) -> 60
B17: CARIB | C17: =[28]Brewhouse!$A113 -> CA012 | D17: =[28]Brewhouse!$AF113 -> 53.6 | E17: =[28]Brewhouse!$AI113 -> 49.8 | F17: =[28]Brewhouse!$V113 -> 57 | G17: =[28]Brewhouse!$AG113 -> 11.7 | H17: 11.8 | I17: =[28]Brewhouse!$AU113 -> 93.316641 | J17: =[28]Brewhouse!$AV113 -> 97.237272 | K17: =[28]Brewhouse!$Q113 -> 7.2826087 | L17: =[28]Brewhouse!$P113 -> 61 | M17: =[28]Brewhouse!$U113-[28]Brewhouse!$T113 -> 0.10763889 | N17: =[28]Brewhouse!$Z113 -> 0.25277778 | O17: =[28]Brewhouse!$AX113 -> K.Benjamin | S17: =B17 -> CARIB | T17: =VLOOKUP($B17,$S$3:$Y$9,2,FALSE) -> 11.6 | U17: =VLOOKUP($B17,$S$3:$Y$9,3,FALSE) -> 12 | V17: =VLOOKUP($B17,$S$3:$Y$9,4,FALSE) -> 0 | W17: =VLOOKUP($B17,$S$3:$Y$9,5,FALSE) -> 0.11805556 | X17: =VLOOKUP($B17,$S$3:$Y$9,6,FALSE) -> 0.17361111 | Y17: =VLOOKUP($B17,$S$3:$Y$9,7,FALSE) -> 0.21180556 | Z17: =VLOOKUP($B17,$S$3:$AA$9,8,FALSE) -> 0 | AA17: =VLOOKUP($B17,$S$3:$AA$9,9,FALSE) -> 60
B18: CARIB | C18: =[28]Brewhouse!$A114 -> CA013 | D18: =[28]Brewhouse!$AF114 -> 52.9 | E18: =[28]Brewhouse!$AI114 -> 49.1 | F18: =[28]Brewhouse!$V114 -> 54 | G18: =[28]Brewhouse!$AG114 -> 12 | H18: 11.8 | I18: =[28]Brewhouse!$AU114 -> 97.634005 | J18: =[28]Brewhouse!$AV114 -> 101.73 | K18: =[28]Brewhouse!$Q114 -> 6.8705036 | L18: =[28]Brewhouse!$P114 -> 61 | M18: =[28]Brewhouse!$U114-[28]Brewhouse!$T114 -> 0.10486111 | N18: =[28]Brewhouse!$Z114 -> 0.24097222 | O18: =[28]Brewhouse!$AX114 -> K.Benjamin | S18: =B18 -> CARIB | T18: =VLOOKUP($B18,$S$3:$Y$9,2,FALSE) -> 11.6 | U18: =VLOOKUP($B18,$S$3:$Y$9,3,FALSE) -> 12 | V18: =VLOOKUP($B18,$S$3:$Y$9,4,FALSE) -> 0 | W18: =VLOOKUP($B18,$S$3:$Y$9,5,FALSE) -> 0.11805556 | X18: =VLOOKUP($B18,$S$3:$Y$9,6,FALSE) -> 0.17361111 | Y18: =VLOOKUP($B18,$S$3:$Y$9,7,FALSE) -> 0.21180556 | Z18: =VLOOKUP($B18,$S$3:$AA$9,8,FALSE) -> 0 | AA18: =VLOOKUP($B18,$S$3:$AA$9,9,FALSE) -> 60
B19: CARIB | C19: =[28]Brewhouse!$A115 -> CA014 | D19: =[28]Brewhouse!$AF115 -> 54.7 | E19: =[28]Brewhouse!$AI115 -> 51.2 | F19: =[28]Brewhouse!$V115 -> 62 | G19: =[28]Brewhouse!$AG115 -> 11.7 | H19: 11.8 | I19: =[28]Brewhouse!$AU115 -> 99.134859 | J19: =[28]Brewhouse!$AV115 -> 103.29382 | K19: =[28]Brewhouse!$Q115 -> 6.534296 | L19: =[28]Brewhouse!$P115 -> 62 | M19: =[28]Brewhouse!$U115-[28]Brewhouse!$T115 -> 0.11111111 | N19: =[28]Brewhouse!$Z115 -> 0.24652778 | O19: =[28]Brewhouse!$AX115 -> K.Benjamin | S19: =B19 -> CARIB | T19: =VLOOKUP($B19,$S$3:$Y$9,2,FALSE) -> 11.6 | U19: =VLOOKUP($B19,$S$3:$Y$9,3,FALSE) -> 12 | V19: =VLOOKUP($B19,$S$3:$Y$9,4,FALSE) -> 0 | W19: =VLOOKUP($B19,$S$3:$Y$9,5,FALSE) -> 0.11805556 | X19: =VLOOKUP($B19,$S$3:$Y$9,6,FALSE) -> 0.17361111 | Y19: =VLOOKUP($B19,$S$3:$Y$9,7,FALSE) -> 0.21180556 | Z19: =VLOOKUP($B19,$S$3:$AA$9,8,FALSE) -> 0 | AA19: =VLOOKUP($B19,$S$3:$AA$9,9,FALSE) -> 60
S20: =B20 -> 0 | T20: =VLOOKUP($B20,$S$3:$Y$9,2,FALSE) -> #N/A | U20: =VLOOKUP($B20,$S$3:$Y$9,3,FALSE) -> #N/A | V20: =VLOOKUP($B20,$S$3:$Y$9,4,FALSE) -> #N/A | W20: =VLOOKUP($B20,$S$3:$Y$9,5,FALSE) -> #N/A | X20: =VLOOKUP($B20,$S$3:$Y$9,6,FALSE) -> #N/A | Y20: =VLOOKUP($B20,$S$3:$Y$9,7,FALSE) -> #N/A | Z20: =VLOOKUP($B20,$S$3:$AA$9,8,FALSE) -> #N/A | AA20: =VLOOKUP($B20,$S$3:$AA$9,9,FALSE) -> #N/A
S21: =B21 -> 0 | T21: =VLOOKUP($B21,$S$3:$Y$9,2,FALSE) -> #N/A | U21: =VLOOKUP($B21,$S$3:$Y$9,3,FALSE) -> #N/A | V21: =VLOOKUP($B21,$S$3:$Y$9,4,FALSE) -> #N/A | W21: =VLOOKUP($B21,$S$3:$Y$9,5,FALSE) -> #N/A | X21: =VLOOKUP($B21,$S$3:$Y$9,6,FALSE) -> #N/A | Y21: =VLOOKUP($B21,$S$3:$Y$9,7,FALSE) -> #N/A | Z21: =VLOOKUP($B21,$S$3:$AA$9,8,FALSE) -> #N/A | AA21: =VLOOKUP($B21,$S$3:$AA$9,9,FALSE) -> #N/A
S22: =B22 -> 0 | T22: =VLOOKUP($B22,$S$3:$Y$9,2,FALSE) -> #N/A | U22: =VLOOKUP($B22,$S$3:$Y$9,3,FALSE) -> #N/A | V22: =VLOOKUP($B22,$S$3:$Y$9,4,FALSE) -> #N/A | W22: =VLOOKUP($B22,$S$3:$Y$9,5,FALSE) -> #N/A | X22: =VLOOKUP($B22,$S$3:$Y$9,6,FALSE) -> #N/A | Y22: =VLOOKUP($B22,$S$3:$Y$9,7,FALSE) -> #N/A | Z22: =VLOOKUP($B22,$S$3:$AA$9,8,FALSE) -> #N/A | AA22: =VLOOKUP($B22,$S$3:$AA$9,9,FALSE) -> #N/A
S23: =B23 -> 0 | T23: =VLOOKUP($B23,$S$3:$Y$9,2,FALSE) -> #N/A | U23: =VLOOKUP($B23,$S$3:$Y$9,3,FALSE) -> #N/A | V23: =VLOOKUP($B23,$S$3:$Y$9,4,FALSE) -> #N/A | W23: =VLOOKUP($B23,$S$3:$Y$9,5,FALSE) -> #N/A | X23: =VLOOKUP($B23,$S$3:$Y$9,6,FALSE) -> #N/A | Y23: =VLOOKUP($B23,$S$3:$Y$9,7,FALSE) -> #N/A | Z23: =VLOOKUP($B23,$S$3:$AA$9,8,FALSE) -> #N/A | AA23: =VLOOKUP($B23,$S$3:$AA$9,9,FALSE) -> #N/A
S24: =B24 -> 0 | T24: =VLOOKUP($B24,$S$3:$Y$9,2,FALSE) -> #N/A | U24: =VLOOKUP($B24,$S$3:$Y$9,3,FALSE) -> #N/A | V24: =VLOOKUP($B24,$S$3:$Y$9,4,FALSE) -> #N/A | W24: =VLOOKUP($B24,$S$3:$Y$9,5,FALSE) -> #N/A | X24: =VLOOKUP($B24,$S$3:$Y$9,6,FALSE) -> #N/A | Y24: =VLOOKUP($B24,$S$3:$Y$9,7,FALSE) -> #N/A | Z24: =VLOOKUP($B24,$S$3:$AA$9,8,FALSE) -> #N/A | AA24: =VLOOKUP($B24,$S$3:$AA$9,9,FALSE) -> #N/A
S25: =B25 -> 0 | T25: =VLOOKUP($B25,$S$3:$Y$9,2,FALSE) -> #N/A | U25: =VLOOKUP($B25,$S$3:$Y$9,3,FALSE) -> #N/A | V25: =VLOOKUP($B25,$S$3:$Y$9,4,FALSE) -> #N/A | W25: =VLOOKUP($B25,$S$3:$Y$9,5,FALSE) -> #N/A | X25: =VLOOKUP($B25,$S$3:$Y$9,6,FALSE) -> #N/A | Y25: =VLOOKUP($B25,$S$3:$Y$9,7,FALSE) -> #N/A | Z25: =VLOOKUP($B25,$S$3:$AA$9,8,FALSE) -> #N/A | AA25: =VLOOKUP($B25,$S$3:$AA$9,9,FALSE) -> #N/A
S26: =B26 -> 0 | T26: =VLOOKUP($B26,$S$3:$Y$9,2,FALSE) -> #N/A | U26: =VLOOKUP($B26,$S$3:$Y$9,3,FALSE) -> #N/A | V26: =VLOOKUP($B26,$S$3:$Y$9,4,FALSE) -> #N/A | W26: =VLOOKUP($B26,$S$3:$Y$9,5,FALSE) -> #N/A | X26: =VLOOKUP($B26,$S$3:$Y$9,6,FALSE) -> #N/A | Y26: =VLOOKUP($B26,$S$3:$Y$9,7,FALSE) -> #N/A | Z26: =VLOOKUP($B26,$S$3:$AA$9,8,FALSE) -> #N/A | AA26: =VLOOKUP($B26,$S$3:$AA$9,9,FALSE) -> #N/A
I27: EXTRACT RECOVERY
B28: BRAND | D28: BBT P.G./ O.G | I28: Brand | J28: Actual | K28: MTD No. of Brews | L28: MTD | M28: YTD | N28: Target
I29: CARIB | J29: =AVERAGE(I16:I19) -> 96.724223 | K29: =COUNTA([28]Brewhouse!$A$102:$A$115) -> 14 | L29: =AVERAGE([28]Brewhouse!$AU$102:$AU$115) -> 95.106897 | M29: =AVERAGE([28]Brewhouse!$AU$102:$AU$115) -> 95.106897 | N29: 98
I30: STAG | K30: =COUNTA([22]Brewhouse!$A$15:$A$28) -> 14 | L30: =AVERAGE([22]Brewhouse!$AS$15:$AS$28) -> 95.918601 | M30: =AVERAGE([22]Brewhouse!$AS$15:$AS$28) -> 95.918601 | N30: 98
I31: GUINNESS | N31: 98
I32: VITAMALT | K32: =COUNTA([25]Brewhouse!$A$5:$A$8) -> 4 | L32: =AVERAGE([25]Brewhouse!$AV$5:$AV$8) -> 96.702302 | M32: =AVERAGE([25]Brewhouse!$AV$5:$AV$8) -> 96.702302 | N32: 98
I33: MAXIMALT | N33: 98
I34: MACKESON | K34: =COUNTA([27]Brewhouse!$A$4:$A$11) -> 8 | L34: =AVERAGE([27]Brewhouse!$AT$4:$AT$11) -> 94.812617 | M34: =AVERAGE([27]Brewhouse!$AT$4:$AT$11) -> 94.812617 | N34: 98
I35: STARMALT | N35: 98
I36: HR- Pils | K36: =COUNTA([26]Brewhouse!$A$5:$A$8) -> 4 | L36: =AVERAGE([26]Brewhouse!$AU$5:$AU$8) -> 91.006888 | M36: =AVERAGE([26]Brewhouse!$AU$5:$AU$8) -> 91.006888 | N36: 98
I37: HR- IPA
I38: HR- APA | N38: 98
K39: =SUM(K29:K38) -> 44 | L39: =((L29*K29)+(L30*K30)+(L31*K31)+(L32*K32)+(L33*K33)+(K36*L36)+(L34*K34)+(L35*K35)+(L38*K38))/(K39) -> 95.08397 | M39: =L39 -> 95.08397 | N39: 98
J42: Daily Brewing Plan
J43: Brand | K43: Brews Achieved | L43: Average Brews per day
J44: CARIB | K44: 4 | L44: MTD | M44: YTD | N44: TARGET
J45: STAG | L45: =AVERAGE('Jan 2nd'!K69,'Jan 3rd'!K69,'Jan 6th'!K54,'Jan 7th'!K76,'Jan 8th'!K76,'Jan. 10th'!K54,'Jan. 14th '!K54) -> 5.8571429 | M45: =L45 -> 5.8571429
J46: GUINN
J47: VITAMALT
J48: STARMALT
J49: MACKESON
J50: HURRICANE REEF- IPA
J51: HURRICANE REEF- APA
B52: AVERAGE | D52: =AVERAGE(D29:E51) -> #DIV/0! | J52: HR- PILSNER
J53: CARIBE
J54: Total | K54: =SUM(K44:K53) -> 4
B55: Process: | C55: Fermentation/Filtration
B57: Brand | C57: Filt. Date | D57: FV Hls | E57: GFE/ Prim/ Vita Blend (Hls) | F57: SV Hls | G57: BBT Hls | H57: Loss (%) Ferm | I57: Loss (%) Filt | J57: Comments | K57: Throughput | L57: Process Loss (%) | M57: Filt. Operator
U58: 43466 | V58: 43467 | W58: 43468 | X58: 43469 | Y58: 43470 | Z58: 43471 | AA58: 43472 | AB58: 43473 | AC58: 43474 | AD58: 43475 | AE58: 43476 | AF58: 43477 | AG58: 43478 | AH58: 43479 | AI58: 43480 | AJ58: 43481 | AK58: 43482 | AL58: 43483 | AM58: 43484 | AN58: 43485 | AO58: 43486 | AP58: 43487 | AQ58: 43488 | AR58: 43489 | AS58: 43490 | AT58: 43491 | AU58: 43492 | AV58: 43493 | AW58: 43494 | AX58: 43495 | AY58: 43496
J59: No Breaks | L59: =(((D59+E59)-G59)/(D59+E59))*100 -> #DIV/0! | T59: hls
T60: Throughput | U60: =[20]January_2019!D8 -> #DIV/0! | V60: =[20]January_2019!E8 -> 1.0319298 | W60: =[20]January_2019!F8 -> 1.7789474 | X60: =[20]January_2019!G8 -> 0.51929825 | Y60: =[20]January_2019!H8 -> #DIV/0! | Z60: =[20]January_2019!I8 -> #DIV/0! | AA60: =[20]January_2019!J8 -> 1.3652632 | AB60: =[20]January_2019!K8 -> #DIV/0! | ... AY60: =[20]January_2019!AH8 -> #DIV/0!
B67: Process Loss (Volume) | G67: Process Loss (Extract) | K67: Throughput
B68: Brand | C68: Actual | D68: MTD | E68: YTD | F68: Target | G68: Actual | H68: MTD | I68: YTD | J68: Target | K68: Actual | L68: MTD | M68: YTD | N68: Target
B69: CARIB | C69: =L59 -> #DIV/0! | D69: 19.803308 | F69: 4.8 | H69: 11.396661 | J69: 4.8 | K69: =K59 -> 0 | L69: 0.92431078 | N69: 1
B70: STAG | D70: 5.2465523 | F70: 4.8 | H70: 10.629568 | J70: 4.8 | L70: 1.3066667 | N70: 1
B71: GUINN | D71: 7.5530587 | F71: 5.5 | H71: 2.6473552 | J71: 5.5 | L71: 1.0392982 | N71: 1
B72: VITAMALT | D72: 2.2380468 | F72: 3.3 | H72: 5.2472221 | J72: 3.3 | L72: 0.67438596 | N72: 1
B73: MAXIMALT | F73: 3.3 | J73: 3 | N73: 1
B74: MACKESON | F74: =[21]May_2022!$M$43 -> 3.4878407 | J74: 5.5 | N74: 1
B75: STARMALT | F75: 3.3 | J75: 3.3 | N75: 1
B76: HURRICANE REEF | F76: 7.5 | J76: 7.5 | N76: 1
D77: 11.518417 | F77: 4.5 | H77: 6.9593481 | J77: 4.5 | L77: 0.80685146 | N77: 1
AD90: :

Sheet Jan.15th 
T1: P.G. | V1: Hot Time | X1: Process Time | Z1: Cooling Time
B2: Brewing Department Daily Process Loss Report | T2: Lower | U2: Upper | V2: Lower | W2: Upper | X2: Lower | Y2: Upper | Z2: Lower | AA2: Upper
S3: CARIB | T3: 11.6 | U3: 12 | V3: 0 | W3: 0.11805556 | X3: 0.17361111 | Y3: 0.21180556 | Z3: 0 | AA3: 60 | AC3: HR- PISNER
B4: Date: | C4: 45673 | J4: LOT WORT COLOUR: 3.4 | M4: Filter Sheets (Target 20 days) | S4: STAG | T4: 11.6 | U4: 12 | V4: 0 | W4: 0.11805556 | X4: 0.17361111 | Y4: 0.21180556 | Z4: 0 | AA4: 60
M5: Double | N5: Single | S5: GUINNESS | T5: 17 | U5: 17.5 | V5: 0 | W5: 0.10763889 | X5: 0.19444444 | Y5: 0.23263889 | Z5: 0 | AA5: 60
J6: MALT LOT: Lot 25 | L6: Sheet Day | S6: MACKESON | T6: 13.3 | U6: 13.5 | V6: 0 | W6: 0.12905093 | X6: 0.22222222 | Y6: 0.25347222 | Z6: 0
S7: STARMALT | T7: 17.1 | U7: 17.5 | V7: 0 | W7: 0.13605324 | X7: 0.20833333 | Y7: 0.24305556 | Z7: 0 | AA7: 60
B8: Brand | C8: Brew no. | D8: Kett. Hls | E8: Wort | F8: Cool Time(Mins) | G8: Cast. P.G. (Lab Result) | H8: Cast P.G. (Cellar Operator)-gravity | I8: Extr. Rec (80.9%) | J8: Theor. Extr. (77.5%) | K8: Boil Off /Vol. (4-6%) | L8: Boil Time | M8: Total Hot | N8: Brewing | O8: Operator | P8: Comments | Q8: Actual Pilsen Malt | S8: Hurricane Reef | T8: 16.6 | U8: 17 | V8: 0 | W8: 0.12905093 | X8: 0.22222222 | Y8: 0.25347222 | Z8: 0
E9: Meter (Hls) | F9: Target(< 60Mins) | M9: Time | S9: VITAMALT | T9: 14.4 | U9: 14.6 | V9: 0 | W9: 0.13905093 | X9: 0.19097222 | Y9: 0.22569444 | Z9: 0 | AA9: 75
P10: Ag trial. Lot Silo #1 | S10: =B10 -> 0 | T10: =VLOOKUP($B10,$S$3:$Y$9,2,FALSE) -> #N/A | U10: =VLOOKUP($B10,$S$3:$Y$9,3,FALSE) -> #N/A | V10: =VLOOKUP($B10,$S$3:$Y$9,4,FALSE) -> #N/A | W10: =VLOOKUP($B10,$S$3:$Y$9,5,FALSE) -> #N/A | X10: =VLOOKUP($B10,$S$3:$Y$9,6,FALSE) -> #N/A | Y10: =VLOOKUP($B10,$S$3:$Y$9,7,FALSE) -> #N/A | Z10: =VLOOKUP($B10,$S$3:$AA$9,8,FALSE) -> #N/A | AA10: =VLOOKUP($B10,$S$3:$AA$9,9,FALSE) -> #N/A
S11: =B11 -> 0 | T11: =VLOOKUP($B11,$S$3:$Y$9,2,FALSE) -> #N/A | U11: =VLOOKUP($B11,$S$3:$Y$9,3,FALSE) -> #N/A | V11: =VLOOKUP($B11,$S$3:$Y$9,4,FALSE) -> #N/A | W11: =VLOOKUP($B11,$S$3:$Y$9,5,FALSE) -> #N/A | X11: =VLOOKUP($B11,$S$3:$Y$9,6,FALSE) -> #N/A | Y11: =VLOOKUP($B11,$S$3:$Y$9,7,FALSE) -> #N/A | Z11: =VLOOKUP($B11,$S$3:$AA$9,8,FALSE) -> #N/A | AA11: =VLOOKUP($B11,$S$3:$AA$9,9,FALSE) -> #N/A
S12: =B12 -> 0 | T12: =VLOOKUP($B12,$S$3:$Y$9,2,FALSE) -> #N/A | U12: =VLOOKUP($B12,$S$3:$Y$9,3,FALSE) -> #N/A | V12: =VLOOKUP($B12,$S$3:$Y$9,4,FALSE) -> #N/A | W12: =VLOOKUP($B12,$S$3:$Y$9,5,FALSE) -> #N/A | X12: =VLOOKUP($B12,$S$3:$Y$9,6,FALSE) -> #N/A | Y12: =VLOOKUP($B12,$S$3:$Y$9,7,FALSE) -> #N/A | Z12: =VLOOKUP($B12,$S$3:$AA$9,8,FALSE) -> #N/A | AA12: =VLOOKUP($B12,$S$3:$AA$9,9,FALSE) -> #N/A
S13: =B13 -> 0 | T13: =VLOOKUP($B13,$S$3:$Y$9,2,FALSE) -> #N/A | U13: =VLOOKUP($B13,$S$3:$Y$9,3,FALSE) -> #N/A | V13: =VLOOKUP($B13,$S$3:$Y$9,4,FALSE) -> #N/A | W13: =VLOOKUP($B13,$S$3:$Y$9,5,FALSE) -> #N/A | X13: =VLOOKUP($B13,$S$3:$Y$9,6,FALSE) -> #N/A | Y13: =VLOOKUP($B13,$S$3:$Y$9,7,FALSE) -> #N/A | Z13: =VLOOKUP($B13,$S$3:$AA$9,8,FALSE) -> #N/A | AA13: =VLOOKUP($B13,$S$3:$AA$9,9,FALSE) -> #N/A
S14: =B14 -> 0 | T14: =VLOOKUP($B14,$S$3:$Y$9,2,FALSE) -> #N/A | U14: =VLOOKUP($B14,$S$3:$Y$9,3,FALSE) -> #N/A | V14: =VLOOKUP($B14,$S$3:$Y$9,4,FALSE) -> #N/A | W14: =VLOOKUP($B14,$S$3:$Y$9,5,FALSE) -> #N/A | X14: =VLOOKUP($B14,$S$3:$Y$9,6,FALSE) -> #N/A | Y14: =VLOOKUP($B14,$S$3:$Y$9,7,FALSE) -> #N/A | Z14: =VLOOKUP($B14,$S$3:$AA$9,8,FALSE) -> #N/A | AA14: =VLOOKUP($B14,$S$3:$AA$9,9,FALSE) -> #N/A
S15: =B15 -> 0 | T15: =VLOOKUP($B15,$S$3:$Y$9,2,FALSE) -> #N/A | U15: =VLOOKUP($B15,$S$3:$Y$9,3,FALSE) -> #N/A | V15: =VLOOKUP($B15,$S$3:$Y$9,4,FALSE) -> #N/A | W15: =VLOOKUP($B15,$S$3:$Y$9,5,FALSE) -> #N/A | X15: =VLOOKUP($B15,$S$3:$Y$9,6,FALSE) -> #N/A | Y15: =VLOOKUP($B15,$S$3:$Y$9,7,FALSE) -> #N/A | Z15: =VLOOKUP($B15,$S$3:$AA$9,8,FALSE) -> #N/A | AA15: =VLOOKUP($B15,$S$3:$AA$9,9,FALSE) -> #N/A
S16: =B16 -> 0 | T16: =VLOOKUP($B16,$S$3:$Y$9,2,FALSE) -> #N/A | U16: =VLOOKUP($B16,$S$3:$Y$9,3,FALSE) -> #N/A | V16: =VLOOKUP($B16,$S$3:$Y$9,4,FALSE) -> #N/A | W16: =VLOOKUP($B16,$S$3:$Y$9,5,FALSE) -> #N/A | X16: =VLOOKUP($B16,$S$3:$Y$9,6,FALSE) -> #N/A | Y16: =VLOOKUP($B16,$S$3:$Y$9,7,FALSE) -> #N/A | Z16: =VLOOKUP($B16,$S$3:$AA$9,8,FALSE) -> #N/A | AA16: =VLOOKUP($B16,$S$3:$AA$9,9,FALSE) -> #N/A
S17: =B17 -> 0 | T17: =VLOOKUP($B17,$S$3:$Y$9,2,FALSE) -> #N/A | U17: =VLOOKUP($B17,$S$3:$Y$9,3,FALSE) -> #N/A | V17: =VLOOKUP($B17,$S$3:$Y$9,4,FALSE) -> #N/A | W17: =VLOOKUP($B17,$S$3:$Y$9,5,FALSE) -> #N/A | X17: =VLOOKUP($B17,$S$3:$Y$9,6,FALSE) -> #N/A | Y17: =VLOOKUP($B17,$S$3:$Y$9,7,FALSE) -> #N/A | Z17: =VLOOKUP($B17,$S$3:$AA$9,8,FALSE) -> #N/A | AA17: =VLOOKUP($B17,$S$3:$AA$9,9,FALSE) -> #N/A
S18: =B18 -> 0 | T18: =VLOOKUP($B18,$S$3:$Y$9,2,FALSE) -> #N/A | U18: =VLOOKUP($B18,$S$3:$Y$9,3,FALSE) -> #N/A | V18: =VLOOKUP($B18,$S$3:$Y$9,4,FALSE) -> #N/A | W18: =VLOOKUP($B18,$S$3:$Y$9,5,FALSE) -> #N/A | X18: =VLOOKUP($B18,$S$3:$Y$9,6,FALSE) -> #N/A | Y18: =VLOOKUP($B18,$S$3:$Y$9,7,FALSE) -> #N/A | Z18: =VLOOKUP($B18,$S$3:$AA$9,8,FALSE) -> #N/A | AA18: =VLOOKUP($B18,$S$3:$AA$9,9,FALSE) -> #N/A
B19: CARIB | C19: =[28]Brewhouse!$A116 -> CA015 | D19: =[28]Brewhouse!$AF116 -> 52.1 | E19: =[28]Brewhouse!$AI116 -> 48.4 | F19: =[28]Brewhouse!$V116 -> 61 | G19: =[28]Brewhouse!$AG116 -> 11.9 | H19: 11.9 | I19: =[28]Brewhouse!$AU116 -> 92.554167 | J19: =[28]Brewhouse!$AV116 -> 96.442337 | K19: =[28]Brewhouse!$Q116 -> 1.3819578 | L19: =[28]Brewhouse!$P116 -> 60 | M19: =[28]Brewhouse!$U116-[28]Brewhouse!$T116 -> 0.11388889 | N19: =[28]Brewhouse!$Z116 -> 0.27916667 | O19: =[28]Brewhouse!$AX116 -> R.Regis | S19: =B19 -> CARIB | T19: =VLOOKUP($B19,$S$3:$Y$9,2,FALSE) -> 11.6 | U19: =VLOOKUP($B19,$S$3:$Y$9,3,FALSE) -> 12 | V19: =VLOOKUP($B19,$S$3:$Y$9,4,FALSE) -> 0 | W19: =VLOOKUP($B19,$S$3:$Y$9,5,FALSE) -> 0.11805556 | X19: =VLOOKUP($B19,$S$3:$Y$9,6,FALSE) -> 0.17361111 | Y19: =VLOOKUP($B19,$S$3:$Y$9,7,FALSE) -> 0.21180556 | Z19: =VLOOKUP($B19,$S$3:$AA$9,8,FALSE) -> 0 | AA19: =VLOOKUP($B19,$S$3:$AA$9,9,FALSE) -> 60
B20: CARIB | C20: =[28]Brewhouse!$A117 -> CA016 | D20: =[28]Brewhouse!$AF117 -> 53.6 | E20: =[28]Brewhouse!$AI117 -> 50.1 | F20: =[28]Brewhouse!$V117 -> 57 | G20: =[28]Brewhouse!$AG117 -> 11.8 | H20: 11.8 | I20: =[28]Brewhouse!$AU117 -> 94.723161 | J20: =[28]Brewhouse!$AV117 -> 98.702886 | K20: =[28]Brewhouse!$Q117 -> 1.3432836 | L20: =[28]Brewhouse!$P117 -> 60 | M20: =[28]Brewhouse!$U117-[28]Brewhouse!$T117 -> 0.10555556 | N20: =[28]Brewhouse!$Z117 -> 0.27847222 | O20: =[28]Brewhouse!$AX117 -> R.Regis | S20: =B20 -> CARIB | T20: =VLOOKUP($B20,$S$3:$Y$9,2,FALSE) -> 11.6 | U20: =VLOOKUP($B20,$S$3:$Y$9,3,FALSE) -> 12 | V20: =VLOOKUP($B20,$S$3:$Y$9,4,FALSE) -> 0 | W20: =VLOOKUP($B20,$S$3:$Y$9,5,FALSE) -> 0.11805556 | X20: =VLOOKUP($B20,$S$3:$Y$9,6,FALSE) -> 0.17361111 | Y20: =VLOOKUP($B20,$S$3:$Y$9,7,FALSE) -> 0.21180556 | Z20: =VLOOKUP($B20,$S$3:$AA$9,8,FALSE) -> 0 | AA20: =VLOOKUP($B20,$S$3:$AA$9,9,FALSE) -> 60
B21: CARIB | C21: =[28]Brewhouse!$A118 -> CA017 | D21: =[28]Brewhouse!$AF118 -> 49.5 | E21: =[28]Brewhouse!$AI118 -> 46.4 | F21: =[28]Brewhouse!$V118 -> 62 | G21: =[28]Brewhouse!$AG118 -> 11.7 | H21: 11.8 | I21: =[28]Brewhouse!$AU118 -> 94.836688 | J21: =[28]Brewhouse!$AV118 -> 98.62499 | K21: =[28]Brewhouse!$Q118 -> 1.4663951 | L21: =[28]Brewhouse!$P118 -> 60 | M21: =[28]Brewhouse!$U118-[28]Brewhouse!$T118 -> 0.11805556 | N21: =[28]Brewhouse!$Z118 -> 0.25347222 | O21: =[28]Brewhouse!$AX118 -> R.Regis | S21: =B21 -> CARIB | T21: =VLOOKUP($B21,$S$3:$Y$9,2,FALSE) -> 11.6 | U21: =VLOOKUP($B21,$S$3:$Y$9,3,FALSE) -> 12 | V21: =VLOOKUP($B21,$S$3:$Y$9,4,FALSE) -> 0 | W21: =VLOOKUP($B21,$S$3:$Y$9,5,FALSE) -> 0.11805556 | X21: =VLOOKUP($B21,$S$3:$Y$9,6,FALSE) -> 0.17361111 | Y21: =VLOOKUP($B21,$S$3:$Y$9,7,FALSE) -> 0.21180556 | Z21: =VLOOKUP($B21,$S$3:$AA$9,8,FALSE) -> 0 | AA21: =VLOOKUP($B21,$S$3:$AA$9,9,FALSE) -> 60
S22: =B22 -> 0 | T22: =VLOOKUP($B22,$S$3:$Y$9,2,FALSE) -> #N/A | U22: =VLOOKUP($B22,$S$3:$Y$9,3,FALSE) -> #N/A | V22: =VLOOKUP($B22,$S$3:$Y$9,4,FALSE) -> #N/A | W22: =VLOOKUP($B22,$S$3:$Y$9,5,FALSE) -> #N/A | X22: =VLOOKUP($B22,$S$3:$Y$9,6,FALSE) -> #N/A | Y22: =VLOOKUP($B22,$S$3:$Y$9,7,FALSE) -> #N/A | Z22: =VLOOKUP($B22,$S$3:$AA$9,8,FALSE) -> #N/A | AA22: =VLOOKUP($B22,$S$3:$AA$9,9,FALSE) -> #N/A
B23: STAG | C23: =[22]Brewhouse!$A29 -> ST015 | D23: =[22]Brewhouse!$AD29 -> 51.8 | E23: =[22]Brewhouse!$AG29 -> 47.6 | F23: =[22]Brewhouse!$V29 -> 60 | G23: =[22]Brewhouse!$AE29 -> 11.9 | H23: 11.9 | I23: =[22]Brewhouse!$AS29 -> 92.363806 | J23: =[22]Brewhouse!$AT29 -> 95.574782 | K23: =[22]Brewhouse!$Q29 -> 6.9981584 | L23: =[22]Brewhouse!$P29 -> 57 | M23: =[22]Brewhouse!$U29-[22]Brewhouse!$T29 -> 0.10833333 | N23: =[22]Brewhouse!$AW29 -> 0.25 | O23: =[22]Brewhouse!$AV29 -> R.Sookram | S23: =B23 -> STAG | T23: =VLOOKUP($B23,$S$3:$Y$9,2,FALSE) -> 11.6 | U23: =VLOOKUP($B23,$S$3:$Y$9,3,FALSE) -> 12 | V23: =VLOOKUP($B23,$S$3:$Y$9,4,FALSE) -> 0 | W23: =VLOOKUP($B23,$S$3:$Y$9,5,FALSE) -> 0.11805556 | X23: =VLOOKUP($B23,$S$3:$Y$9,6,FALSE) -> 0.17361111 | Y23: =VLOOKUP($B23,$S$3:$Y$9,7,FALSE) -> 0.21180556 | Z23: =VLOOKUP($B23,$S$3:$AA$9,8,FALSE) -> 0 | AA23: =VLOOKUP($B23,$S$3:$AA$9,9,FALSE) -> 60
B24: STAG | C24: =[22]Brewhouse!$A30 -> ST016 | D24: =[22]Brewhouse!$AD30 -> 53.4 | E24: =[22]Brewhouse!$AG30 -> 49.9 | F24: =[22]Brewhouse!$V30 -> 58 | G24: =[22]Brewhouse!$AE30 -> 11.9 | H24: 11.8 | I24: =[22]Brewhouse!$AS30 -> 97.071555 | J24: =[22]Brewhouse!$AT30 -> 100.44398 | K24: =[22]Brewhouse!$Q30 -> 5.8823529 | L24: =[22]Brewhouse!$P30 -> 59 | M24: =[22]Brewhouse!$U30-[22]Brewhouse!$T30 -> 0.10486111 | N24: =[22]Brewhouse!$AW30 -> 0.25416667 | O24: =[22]Brewhouse!$AV30 -> R.Sookram | S24: =B24 -> STAG | T24: =VLOOKUP($B24,$S$3:$Y$9,2,FALSE) -> 11.6 | U24: =VLOOKUP($B24,$S$3:$Y$9,3,FALSE) -> 12 | V24: =VLOOKUP($B24,$S$3:$Y$9,4,FALSE) -> 0 | W24: =VLOOKUP($B24,$S$3:$Y$9,5,FALSE) -> 0.11805556 | X24: =VLOOKUP($B24,$S$3:$Y$9,6,FALSE) -> 0.17361111 | Y24: =VLOOKUP($B24,$S$3:$Y$9,7,FALSE) -> 0.21180556 | Z24: =VLOOKUP($B24,$S$3:$AA$9,8,FALSE) -> 0 | AA24: =VLOOKUP($B24,$S$3:$AA$9,9,FALSE) -> 60
B25: STAG | C25: =[22]Brewhouse!$A31 -> ST017 | D25: =[22]Brewhouse!$AD31 -> 52.1 | E25: =[22]Brewhouse!$AG31 -> 48.7 | F25: =[22]Brewhouse!$V31 -> 59 | G25: =[22]Brewhouse!$AE31 -> 11.7 | H25: 11.7 | I25: =[22]Brewhouse!$AS31 -> 93.180885 | J25: =[22]Brewhouse!$AT31 -> 96.417072 | K25: =[22]Brewhouse!$Q31 -> 5.046729 | L25: =[22]Brewhouse!$P31 -> 63 | M25: =[22]Brewhouse!$U31-[22]Brewhouse!$T31 -> 0.10555556 | N25: =[22]Brewhouse!$AW31 -> 0.26944444 | O25: =[22]Brewhouse!$AV31 -> Regis | S25: =B25 -> STAG | T25: =VLOOKUP($B25,$S$3:$Y$9,2,FALSE) -> 11.6 | U25: =VLOOKUP($B25,$S$3:$Y$9,3,FALSE) -> 12 | V25: =VLOOKUP($B25,$S$3:$Y$9,4,FALSE) -> 0 | W25: =VLOOKUP($B25,$S$3:$Y$9,5,FALSE) -> 0.11805556 | X25: =VLOOKUP($B25,$S$3:$Y$9,6,FALSE) -> 0.17361111 | Y25: =VLOOKUP($B25,$S$3:$Y$9,7,FALSE) -> 0.21180556 | Z25: =VLOOKUP($B25,$S$3:$AA$9,8,FALSE) -> 0 | AA25: =VLOOKUP($B25,$S$3:$AA$9,9,FALSE) -> 60
B26: STAG | C26: =[22]Brewhouse!$A32 -> ST018 | D26: =[22]Brewhouse!$AD32 -> 51.1 | E26: =[22]Brewhouse!$AG32 -> 47.8 | F26: =[22]Brewhouse!$V32 -> 49 | G26: =[22]Brewhouse!$AE32 -> 11.9 | H26: 12 | I26: =[22]Brewhouse!$AS32 -> 93.104069 | J26: =[22]Brewhouse!$AT32 -> 96.337588 | K26: =[22]Brewhouse!$Q32 -> 12.932605 | L26: =[22]Brewhouse!$P32 -> 61 | M26: =[22]Brewhouse!$U32-[22]Brewhouse!$T32 -> 0.14861111 | N26: =[22]Brewhouse!$AW32 -> 0.29375 | O26: =[22]Brewhouse!$AV32 -> Regis
S27: =B27 -> 0 | T27: =VLOOKUP($B27,$S$3:$Y$9,2,FALSE) -> #N/A | U27: =VLOOKUP($B27,$S$3:$Y$9,3,FALSE) -> #N/A | V27: =VLOOKUP($B27,$S$3:$Y$9,4,FALSE) -> #N/A | W27: =VLOOKUP($B27,$S$3:$Y$9,5,FALSE) -> #N/A | X27: =VLOOKUP($B27,$S$3:$Y$9,6,FALSE) -> #N/A | Y27: =VLOOKUP($B27,$S$3:$Y$9,7,FALSE) -> #N/A | Z27: =VLOOKUP($B27,$S$3:$AA$9,8,FALSE) -> #N/A | AA27: =VLOOKUP($B27,$S$3:$AA$9,9,FALSE) -> #N/A
I28: EXTRACT RECOVERY
B29: BRAND | D29: BBT P.G./ O.G | I29: Brand | J29: Actual | K29: MTD No. of Brews | L29: MTD | M29: YTD | N29: Target
I30: CARIB | J30: =AVERAGE(I19:I21) -> 94.038006 | K30: =COUNTA([28]Brewhouse!$A$102:$A$118) -> 17 | L30: =AVERAGE([28]Brewhouse!$AU$102:$AU$118) -> 94.918269 | M30: =AVERAGE([28]Brewhouse!$AU$102:$AU$118) -> 94.918269 | N30: 98
I31: STAG | J31: =AVERAGE(I23:I25) -> 94.205416 | K31: =COUNTA([22]Brewhouse!$A$15:$A$31) -> 17 | L31: =AVERAGE([22]Brewhouse!$AS$15:$AS$31) -> 95.616274 | M31: =AVERAGE([22]Brewhouse!$AS$15:$AS$31) -> 95.616274 | N31: 98
I32: GUINNESS | N32: 98
I33: VITAMALT | K33: =COUNTA([25]Brewhouse!$A$5:$A$8) -> 4 | L33: =AVERAGE([25]Brewhouse!$AV$5:$AV$8) -> 96.702302 | M33: =AVERAGE([25]Brewhouse!$AV$5:$AV$8) -> 96.702302 | N33: 98
I34: MAXIMALT | N34: 98
I35: MACKESON | K35: =COUNTA([27]Brewhouse!$A$4:$A$11) -> 8 | L35: =AVERAGE([27]Brewhouse!$AT$4:$AT$11) -> 94.812617 | M35: =AVERAGE([27]Brewhouse!$AT$4:$AT$11) -> 94.812617 | N35: 98
I36: STARMALT | N36: 98
I37: HR- Pils | K37: =COUNTA([26]Brewhouse!$A$5:$A$8) -> 4 | L37: =AVERAGE([26]Brewhouse!$AU$5:$AU$8) -> 91.006888 | M37: =AVERAGE([26]Brewhouse!$AU$5:$AU$8) -> 91.006888 | N37: 98
I38: HR- IPA
I39: HR- APA | N39: 98
K40: =SUM(K30:K39) -> 50 | L40: =((L30*K30)+(L31*K31)+(L32*K32)+(L33*K33)+(L34*K34)+(K37*L37)+(L35*K35)+(L36*K36)+(L39*K39))/(K40) -> 94.968499 | M40: =L40 -> 94.968499 | N40: 98
J43: Daily Brewing Plan
J44: Brand | K44: Brews Achieved | L44: Average Brews per day
J45: CARIB | K45: 3 | L45: MTD | M45: YTD | N45: TARGET
J46: STAG | K46: 4 | L46: =AVERAGE('Jan 2nd'!K69,'Jan 3rd'!K69,'Jan 6th'!K54,'Jan 7th'!K76,'Jan 8th'!K76,'Jan. 10th'!K54,'Jan. 14th '!K54,'Jan.15th '!K55) -> 6 | M46: =L46 -> 6
J47: GUINN
J48: VITAMALT
J49: STARMALT
J50: MACKESON
J51: HURRICANE REEF- IPA
J52: HURRICANE REEF- APA
B53: AVERAGE | D53: =AVERAGE(D30:E52) -> #DIV/0! | J53: HR- PILSNER
J54: CARIBE
J55: Total | K55: =SUM(K45:K54) -> 7
B56: Process: | C56: Fermentation/Filtration
B58: Brand | C58: Filt. Date | D58: FV Hls | E58: GFE/ Prim/ Vita Blend (Hls) | F58: SV Hls | G58: BBT Hls | H58: Loss (%) Ferm | I58: Loss (%) Filt | J58: Comments | K58: Throughput | L58: Process Loss (%) | M58: Filt. Operator
U59: 43466 | V59: 43467 | W59: 43468 | X59: 43469 | Y59: 43470 | Z59: 43471 | AA59: 43472 | AB59: 43473 | AC59: 43474 | AD59: 43475 | AE59: 43476 | AF59: 43477 | AG59: 43478 | AH59: 43479 | AI59: 43480 | AJ59: 43481 | AK59: 43482 | AL59: 43483 | AM59: 43484 | AN59: 43485 | AO59: 43486 | AP59: 43487 | AQ59: 43488 | AR59: 43489 | AS59: 43490 | AT59: 43491 | AU59: 43492 | AV59: 43493 | AW59: 43494 | AX59: 43495 | AY59: 43496
J60: No Breaks | L60: =(((D60+E60)-G60)/(D60+E60))*100 -> #DIV/0! | T60: hls
T61: Throughput | U61: =[20]January_2019!D8 -> #DIV/0! | V61: =[20]January_2019!E8 -> 1.0319298 | W61: =[20]January_2019!F8 -> 1.7789474 | X61: =[20]January_2019!G8 -> 0.51929825 | Y61: =[20]January_2019!H8 -> #DIV/0! | Z61: =[20]January_2019!I8 -> #DIV/0! | AA61: =[20]January_2019!J8 -> 1.3652632 | AB61: =[20]January_2019!K8 -> #DIV/0! | ... AY61: =[20]January_2019!AH8 -> #DIV/0!
B68: Process Loss (Volume) | G68: Process Loss (Extract) | K68: Throughput
B69: Brand | C69: Actual | D69: MTD | E69: YTD | F69: Target | G69: Actual | H69: MTD | I69: YTD | J69: Target | K69: Actual | L69: MTD | M69: YTD | N69: Target
B70: CARIB | C70: =L60 -> #DIV/0! | D70: 19.803308 | F70: 4.8 | H70: 11.396661 | J70: 4.8 | K70: =K60 -> 0 | L70: 0.92431078 | N70: 1
B71: STAG | D71: 5.2465523 | F71: 4.8 | H71: 10.629568 | J71: 4.8 | L71: 1.3066667 | N71: 1
B72: GUINN | D72: 7.5530587 | F72: 5.5 | H72: 2.6473552 | J72: 5.5 | L72: 1.0392982 | N72: 1
B73: VITAMALT | D73: 2.2380468 | F73: 3.3 | H73: 5.2472221 | J73: 3.3 | L73: 0.67438596 | N73: 1
B74: MAXIMALT | F74: 3.3 | J74: 3 | N74: 1
B75: MACKESON | F75: =[21]May_2022!$M$43 -> 3.4878407 | J75: 5.5 | N75: 1
B76: STARMALT | F76: 3.3 | J76: 3.3 | N76: 1
B77: HURRICANE REEF | F77: 7.5 | J77: 7.5 | N77: 1
D78: 11.518417 | F78: 4.5 | H78: 6.9593481 | J78: 4.5 | L78: 0.80685146 | N78: 1
AD91: :

Sheet Jan.16th
T1: P.G. | V1: Hot Time | X1: Process Time | Z1: Cooling Time
B2: Brewing Department Daily Process Loss Report | T2: Lower | U2: Upper | V2: Lower | W2: Upper | X2: Lower | Y2: Upper | Z2: Lower | AA2: Upper
S3: CARIB | T3: 11.6 | U3: 12 | V3: 0 | W3: 0.11805556 | X3: 0.17361111 | Y3: 0.21180556 | Z3: 0 | AA3: 60 | AC3: HR- PISNER
B4: Date: | C4: 45673 | J4: LOT WORT COLOUR: 3.4 | M4: Filter Sheets (Target 20 days) | S4: STAG | T4: 11.6 | U4: 12 | V4: 0 | W4: 0.11805556 | X4: 0.17361111 | Y4: 0.21180556 | Z4: 0 | AA4: 60
M5: Double | N5: Single | S5: GUINNESS | T5: 17 | U5: 17.5 | V5: 0 | W5: 0.10763889 | X5: 0.19444444 | Y5: 0.23263889 | Z5: 0 | AA5: 60
J6: MALT LOT: Lot 25 | L6: Sheet Day | S6: MACKESON | T6: 13.3 | U6: 13.5 | V6: 0 | W6: 0.12905093 | X6: 0.22222222 | Y6: 0.25347222 | Z6: 0
S7: STARMALT | T7: 17.1 | U7: 17.5 | V7: 0 | W7: 0.13605324 | X7: 0.20833333 | Y7: 0.24305556 | Z7: 0 | AA7: 60
B8: Brand | C8: Brew no. | D8: Kett. Hls | E8: Wort | F8: Cool Time(Mins) | G8: Cast. P.G. (Lab Result) | H8: Cast P.G. (Cellar Operator)-gravity | I8: Extr. Rec (80.9%) | J8: Theor. Extr. (77.5%) | K8: Boil Off /Vol. (4-6%) | L8: Boil Time | M8: Total Hot | N8: Brewing | O8: Operator | P8: Comments | Q8: Actual Pilsen Malt | S8: Hurricane Reef | T8: 16.6 | U8: 17 | V8: 0 | W8: 0.12905093 | X8: 0.22222222 | Y8: 0.25347222 | Z8: 0
E9: Meter (Hls) | F9: Target(< 60Mins) | M9: Time | S9: VITAMALT | T9: 14.4 | U9: 14.6 | V9: 0 | W9: 0.13905093 | X9: 0.19097222 | Y9: 0.22569444 | Z9: 0 | AA9: 75
P10: Ag trial. Lot Silo #1 | S10: =B10 -> 0 | T10: =VLOOKUP($B10,$S$3:$Y$9,2,FALSE) -> #N/A | U10: =VLOOKUP($B10,$S$3:$Y$9,3,FALSE) -> #N/A | V10: =VLOOKUP($B10,$S$3:$Y$9,4,FALSE) -> #N/A | W10: =VLOOKUP($B10,$S$3:$Y$9,5,FALSE) -> #N/A | X10: =VLOOKUP($B10,$S$3:$Y$9,6,FALSE) -> #N/A | Y10: =VLOOKUP($B10,$S$3:$Y$9,7,FALSE) -> #N/A | Z10: =VLOOKUP($B10,$S$3:$AA$9,8,FALSE) -> #N/A | AA10: =VLOOKUP($B10,$S$3:$AA$9,9,FALSE) -> #N/A
S11: =B11 -> 0 | T11: =VLOOKUP($B11,$S$3:$Y$9,2,FALSE) -> #N/A | U11: =VLOOKUP($B11,$S$3:$Y$9,3,FALSE) -> #N/A | V11: =VLOOKUP($B11,$S$3:$Y$9,4,FALSE) -> #N/A | W11: =VLOOKUP($B11,$S$3:$Y$9,5,FALSE) -> #N/A | X11: =VLOOKUP($B11,$S$3:$Y$9,6,FALSE) -> #N/A | Y11: =VLOOKUP($B11,$S$3:$Y$9,7,FALSE) -> #N/A | Z11: =VLOOKUP($B11,$S$3:$AA$9,8,FALSE) -> #N/A | AA11: =VLOOKUP($B11,$S$3:$AA$9,9,FALSE) -> #N/A
S12: =B12 -> 0 | T12: =VLOOKUP($B12,$S$3:$Y$9,2,FALSE) -> #N/A | U12: =VLOOKUP($B12,$S$3:$Y$9,3,FALSE) -> #N/A | V12: =VLOOKUP($B12,$S$3:$Y$9,4,FALSE) -> #N/A | W12: =VLOOKUP($B12,$S$3:$Y$9,5,FALSE) -> #N/A | X12: =VLOOKUP($B12,$S$3:$Y$9,6,FALSE) -> #N/A | Y12: =VLOOKUP($B12,$S$3:$Y$9,7,FALSE) -> #N/A | Z12: =VLOOKUP($B12,$S$3:$AA$9,8,FALSE) -> #N/A | AA12: =VLOOKUP($B12,$S$3:$AA$9,9,FALSE) -> #N/A
S13: =B13 -> 0 | T13: =VLOOKUP($B13,$S$3:$Y$9,2,FALSE) -> #N/A | U13: =VLOOKUP($B13,$S$3:$Y$9,3,FALSE) -> #N/A | V13: =VLOOKUP($B13,$S$3:$Y$9,4,FALSE) -> #N/A | W13: =VLOOKUP($B13,$S$3:$Y$9,5,FALSE) -> #N/A | X13: =VLOOKUP($B13,$S$3:$Y$9,6,FALSE) -> #N/A | Y13: =VLOOKUP($B13,$S$3:$Y$9,7,FALSE) -> #N/A | Z13: =VLOOKUP($B13,$S$3:$AA$9,8,FALSE) -> #N/A | AA13: =VLOOKUP($B13,$S$3:$AA$9,9,FALSE) -> #N/A
S14: =B14 -> 0 | T14: =VLOOKUP($B14,$S$3:$Y$9,2,FALSE) -> #N/A | U14: =VLOOKUP($B14,$S$3:$Y$9,3,FALSE) -> #N/A | V14: =VLOOKUP($B14,$S$3:$Y$9,4,FALSE) -> #N/A | W14: =VLOOKUP($B14,$S$3:$Y$9,5,FALSE) -> #N/A | X14: =VLOOKUP($B14,$S$3:$Y$9,6,FALSE) -> #N/A | Y14: =VLOOKUP($B14,$S$3:$Y$9,7,FALSE) -> #N/A | Z14: =VLOOKUP($B14,$S$3:$AA$9,8,FALSE) -> #N/A | AA14: =VLOOKUP($B14,$S$3:$AA$9,9,FALSE) -> #N/A
S15: =B15 -> 0 | T15: =VLOOKUP($B15,$S$3:$Y$9,2,FALSE) -> #N/A | U15: =VLOOKUP($B15,$S$3:$Y$9,3,FALSE) -> #N/A | V15: =VLOOKUP($B15,$S$3:$Y$9,4,FALSE) -> #N/A | W15: =VLOOKUP($B15,$S$3:$Y$9,5,FALSE) -> #N/A | X15: =VLOOKUP($B15,$S$3:$Y$9,6,FALSE) -> #N/A | Y15: =VLOOKUP($B15,$S$3:$Y$9,7,FALSE) -> #N/A | Z15: =VLOOKUP($B15,$S$3:$AA$9,8,FALSE) -> #N/A | AA15: =VLOOKUP($B15,$S$3:$AA$9,9,FALSE) -> #N/A
S16: =B16 -> 0 | T16: =VLOOKUP($B16,$S$3:$Y$9,2,FALSE) -> #N/A | U16: =VLOOKUP($B16,$S$3:$Y$9,3,FALSE) -> #N/A | V16: =VLOOKUP($B16,$S$3:$Y$9,4,FALSE) -> #N/A | W16: =VLOOKUP($B16,$S$3:$Y$9,5,FALSE) -> #N/A | X16: =VLOOKUP($B16,$S$3:$Y$9,6,FALSE) -> #N/A | Y16: =VLOOKUP($B16,$S$3:$Y$9,7,FALSE) -> #N/A | Z16: =VLOOKUP($B16,$S$3:$AA$9,8,FALSE) -> #N/A | AA16: =VLOOKUP($B16,$S$3:$AA$9,9,FALSE) -> #N/A
S17: =B17 -> 0 | T17: =VLOOKUP($B17,$S$3:$Y$9,2,FALSE) -> #N/A | U17: =VLOOKUP($B17,$S$3:$Y$9,3,FALSE) -> #N/A | V17: =VLOOKUP($B17,$S$3:$Y$9,4,FALSE) -> #N/A | W17: =VLOOKUP($B17,$S$3:$Y$9,5,FALSE) -> #N/A | X17: =VLOOKUP($B17,$S$3:$Y$9,6,FALSE) -> #N/A | Y17: =VLOOKUP($B17,$S$3:$Y$9,7,FALSE) -> #N/A | Z17: =VLOOKUP($B17,$S$3:$AA$9,8,FALSE) -> #N/A | AA17: =VLOOKUP($B17,$S$3:$AA$9,9,FALSE) -> #N/A
S18: =B18 -> 0 | T18: =VLOOKUP($B18,$S$3:$Y$9,2,FALSE) -> #N/A | U18: =VLOOKUP($B18,$S$3:$Y$9,3,FALSE) -> #N/A | V18: =VLOOKUP($B18,$S$3:$Y$9,4,FALSE) -> #N/A | W18: =VLOOKUP($B18,$S$3:$Y$9,5,FALSE) -> #N/A | X18: =VLOOKUP($B18,$S$3:$Y$9,6,FALSE) -> #N/A | Y18: =VLOOKUP($B18,$S$3:$Y$9,7,FALSE) -> #N/A | Z18: =VLOOKUP($B18,$S$3:$AA$9,8,FALSE) -> #N/A | AA18: =VLOOKUP($B18,$S$3:$AA$9,9,FALSE) -> #N/A
S19: =B19 -> 0 | T19: =VLOOKUP($B19,$S$3:$Y$9,2,FALSE) -> #N/A | U19: =VLOOKUP($B19,$S$3:$Y$9,3,FALSE) -> #N/A | V19: =VLOOKUP($B19,$S$3:$Y$9,4,FALSE) -> #N/A | W19: =VLOOKUP($B19,$S$3:$Y$9,5,FALSE) -> #N/A | X19: =VLOOKUP($B19,$S$3:$Y$9,6,FALSE) -> #N/A | Y19: =VLOOKUP($B19,$S$3:$Y$9,7,FALSE) -> #N/A | Z19: =VLOOKUP($B19,$S$3:$AA$9,8,FALSE) -> #N/A | AA19: =VLOOKUP($B19,$S$3:$AA$9,9,FALSE) -> #N/A
S20: =B20 -> 0 | T20: =VLOOKUP($B20,$S$3:$Y$9,2,FALSE) -> #N/A | U20: =VLOOKUP($B20,$S$3:$Y$9,3,FALSE) -> #N/A | V20: =VLOOKUP($B20,$S$3:$Y$9,4,FALSE) -> #N/A | W20: =VLOOKUP($B20,$S$3:$Y$9,5,FALSE) -> #N/A | X20: =VLOOKUP($B20,$S$3:$Y$9,6,FALSE) -> #N/A | Y20: =VLOOKUP($B20,$S$3:$Y$9,7,FALSE) -> #N/A | Z20: =VLOOKUP($B20,$S$3:$AA$9,8,FALSE) -> #N/A | AA20: =VLOOKUP($B20,$S$3:$AA$9,9,FALSE) -> #N/A
B21: CARIB | C21: =[28]Brewhouse!$A119 -> CA018 | D21: =[28]Brewhouse!$AF119 -> 52.7 | E21: =[28]Brewhouse!$AI119 -> 48.3 | F21: =[28]Brewhouse!$V119 -> 57 | G21: =[28]Brewhouse!$AG119 -> 11.58 | H21: 12 | I21: =[28]Brewhouse!$AU119 -> 88.825216 | J21: =[28]Brewhouse!$AV119 -> 92.405378 | K21: =[28]Brewhouse!$Q119 -> 5.1459854 | L21: =[28]Brewhouse!$P119 -> 57 | M21: =[28]Brewhouse!$U119-[28]Brewhouse!$T119 -> 0.10694444 | N21: =[28]Brewhouse!$Z119 -> 0.25833333 | O21: =[28]Brewhouse!$AX119 -> R.Sookram | S21: =B21 -> CARIB | T21: =VLOOKUP($B21,$S$3:$Y$9,2,FALSE) -> 11.6 | U21: =VLOOKUP($B21,$S$3:$Y$9,3,FALSE) -> 12 | V21: =VLOOKUP($B21,$S$3:$Y$9,4,FALSE) -> 0 | W21: =VLOOKUP($B21,$S$3:$Y$9,5,FALSE) -> 0.11805556 | X21: =VLOOKUP($B21,$S$3:$Y$9,6,FALSE) -> 0.17361111 | Y21: =VLOOKUP($B21,$S$3:$Y$9,7,FALSE) -> 0.21180556 | Z21: =VLOOKUP($B21,$S$3:$AA$9,8,FALSE) -> 0 | AA21: =VLOOKUP($B21,$S$3:$AA$9,9,FALSE) -> 60
B22: CARIB | C22: =[28]Brewhouse!$A120 -> CA019 | D22: =[28]Brewhouse!$AF120 -> 53.2 | E22: =[28]Brewhouse!$AI120 -> 49.5 | F22: =[28]Brewhouse!$V120 -> 77 | G22: =[28]Brewhouse!$AG120 -> 11.81 | H22: 11.6 | I22: =[28]Brewhouse!$AU120 -> 93.256833 | J22: =[28]Brewhouse!$AV120 -> 97.013567 | K22: =[28]Brewhouse!$Q120 -> 7.3835125 | L22: =[28]Brewhouse!$P120 -> 57 | M22: =[28]Brewhouse!$U120-[28]Brewhouse!$T120 -> 0.10972222 | N22: =[28]Brewhouse!$Z120 -> 0.27291667 | O22: =[28]Brewhouse!$AX120 -> K.Benjamin | S22: =B22 -> CARIB | T22: =VLOOKUP($B22,$S$3:$Y$9,2,FALSE) -> 11.6 | U22: =VLOOKUP($B22,$S$3:$Y$9,3,FALSE) -> 12 | V22: =VLOOKUP($B22,$S$3:$Y$9,4,FALSE) -> 0 | W22: =VLOOKUP($B22,$S$3:$Y$9,5,FALSE) -> 0.11805556 | X22: =VLOOKUP($B22,$S$3:$Y$9,6,FALSE) -> 0.17361111 | Y22: =VLOOKUP($B22,$S$3:$Y$9,7,FALSE) -> 0.21180556 | Z22: =VLOOKUP($B22,$S$3:$AA$9,8,FALSE) -> 0 | AA22: =VLOOKUP($B22,$S$3:$AA$9,9,FALSE) -> 60
B23: CARIB | C23: =[28]Brewhouse!$A121 -> CA020 | D23: =[28]Brewhouse!$AF121 -> 54.7 | E23: =[28]Brewhouse!$AI121 -> 51.1 | F23: =[28]Brewhouse!$V121 -> 77 | G23: =[28]Brewhouse!$AG121 -> 11.83 | H23: 11.8 | I23: =[28]Brewhouse!$AU121 -> 96.271195 | J23: =[28]Brewhouse!$AV121 -> 100.14936 | K23: =[28]Brewhouse!$Q121 -> 6.1956522 | L23: =[28]Brewhouse!$P121 -> 58 | M23: =[28]Brewhouse!$U121-[28]Brewhouse!$T121 -> 0.11597222 | N23: =[28]Brewhouse!$Z121 -> 0.275 | O23: =[28]Brewhouse!$AX121 -> R.Sookram | S23: =B23 -> CARIB | T23: =VLOOKUP($B23,$S$3:$Y$9,2,FALSE) -> 11.6 | U23: =VLOOKUP($B23,$S$3:$Y$9,3,FALSE) -> 12 | V23: =VLOOKUP($B23,$S$3:$Y$9,4,FALSE) -> 0 | W23: =VLOOKUP($B23,$S$3:$Y$9,5,FALSE) -> 0.11805556 | X23: =VLOOKUP($B23,$S$3:$Y$9,6,FALSE) -> 0.17361111 | Y23: =VLOOKUP($B23,$S$3:$Y$9,7,FALSE) -> 0.21180556 | Z23: =VLOOKUP($B23,$S$3:$AA$9,8,FALSE) -> 0 | AA23: =VLOOKUP($B23,$S$3:$AA$9,9,FALSE) -> 60
B24: CARIB | C24: =[28]Brewhouse!$A122 -> CA021 | D24: =[28]Brewhouse!$AF122 -> 53.3 | E24: =[28]Brewhouse!$AI122 -> 49.7 | F24: =[28]Brewhouse!$V122 -> 55 | G24: =[28]Brewhouse!$AG122 -> 11.8 | H24: 11.8 | I24: =[28]Brewhouse!$AU122 -> 90.611883 | J24: =[28]Brewhouse!$AV122 -> 94.272524 | K24: =[28]Brewhouse!$Q122 -> 6.1071429 | L24: =[28]Brewhouse!$P122 -> 57 | M24: =[28]Brewhouse!$U122-[28]Brewhouse!$T122 -> 0.11180556 | N24: =[28]Brewhouse!$Z122 -> 0.26597222 | O24: =[28]Brewhouse!$AX122 -> K.Benjamin | S24: =B24 -> CARIB | T24: =VLOOKUP($B24,$S$3:$Y$9,2,FALSE) -> 11.6 | U24: =VLOOKUP($B24,$S$3:$Y$9,3,FALSE) -> 12 | V24: =VLOOKUP($B24,$S$3:$Y$9,4,FALSE) -> 0 | W24: =VLOOKUP($B24,$S$3:$Y$9,5,FALSE) -> 0.11805556 | X24: =VLOOKUP($B24,$S$3:$Y$9,6,FALSE) -> 0.17361111 | Y24: =VLOOKUP($B24,$S$3:$Y$9,7,FALSE) -> 0.21180556 | Z24: =VLOOKUP($B24,$S$3:$AA$9,8,FALSE) -> 0 | AA24: =VLOOKUP($B24,$S$3:$AA$9,9,FALSE) -> 60
S25: =B25 -> 0 | T25: =VLOOKUP($B25,$S$3:$Y$9,2,FALSE) -> #N/A | U25: =VLOOKUP($B25,$S$3:$Y$9,3,FALSE) -> #N/A | V25: =VLOOKUP($B25,$S$3:$Y$9,4,FALSE) -> #N/A | W25: =VLOOKUP($B25,$S$3:$Y$9,5,FALSE) -> #N/A | X25: =VLOOKUP($B25,$S$3:$Y$9,6,FALSE) -> #N/A | Y25: =VLOOKUP($B25,$S$3:$Y$9,7,FALSE) -> #N/A | Z25: =VLOOKUP($B25,$S$3:$AA$9,8,FALSE) -> #N/A | AA25: =VLOOKUP($B25,$S$3:$AA$9,9,FALSE) -> #N/A
B26: STAG | C26: =[22]Brewhouse!$A33 -> ST019 | D26: =[22]Brewhouse!$AD33 -> 53.5 | E26: =[22]Brewhouse!$AG33 -> 50.2 | F26: =[22]Brewhouse!$V33 -> 61 | G26: =[22]Brewhouse!$AE33 -> 11.8 | H26: 12 | I26: =[22]Brewhouse!$AS33 -> 96.914842 | J26: =[22]Brewhouse!$AT33 -> 100.28071 | K26: =[22]Brewhouse!$Q33 -> 3.3088235 | L26: =[22]Brewhouse!$P33 -> 58 | M26: =[22]Brewhouse!$U33-[22]Brewhouse!$T33 -> 0.11388889 | N26: =[22]Brewhouse!$AW33 -> 0.27569444 | O26: =[22]Brewhouse!$AV33 -> k.Benjamin
B27: STAG | C27: =[22]Brewhouse!$A34 -> ST020 | D27: =[22]Brewhouse!$AD34 -> 55.7 | E27: =[22]Brewhouse!$AG34 -> 52.4 | F27: =[22]Brewhouse!$V34 -> 66 | G27: =[22]Brewhouse!$AE34 -> 11.7 | H27: 12 | I27: =[22]Brewhouse!$AS34 -> 100.1336 | J27: =[22]Brewhouse!$AT34 -> 103.6124 | K27: =[22]Brewhouse!$Q34 -> 5.1001821 | L27: =[22]Brewhouse!$P34 -> 64 | M27: =[22]Brewhouse!$U34-[22]Brewhouse!$T34 -> 0.11805556 | N27: =[22]Brewhouse!$AW34 -> 0.26319444 | O27: =[22]Brewhouse!$AV34 -> R.Regis
B28: STAG | C28: =[22]Brewhouse!$A35 -> ST021 | D28: =[22]Brewhouse!$AD35 -> 55.4 | E28: =[22]Brewhouse!$AG35 -> 51.6 | F28: =[22]Brewhouse!$V35 -> 63 | G28: =[22]Brewhouse!$AE35 -> 11.7 | H28: 11.7 | I28: =[22]Brewhouse!$AS35 -> 97.985541 | J28: =[22]Brewhouse!$AT35 -> 101.39529 | K28: =[22]Brewhouse!$Q35 -> 4.1818182 | L28: =[22]Brewhouse!$P35 -> 60 | M28: =[22]Brewhouse!$U35-[22]Brewhouse!$T35 -> 0.11041667 | N28: =[22]Brewhouse!$AW35 -> 0.36736111 | O28: =[22]Brewhouse!$AV35 -> R.Regis
B29: STAG | C29: =[22]Brewhouse!$A36 -> ST022 | D29: =[22]Brewhouse!$AD36 -> 54.5 | E29: =[22]Brewhouse!$AG36 -> 52.1 | F29: =[22]Brewhouse!$V36 -> 65 | G29: =[22]Brewhouse!$AE36 -> 11.7 | H29: 11.7 | I29: =[22]Brewhouse!$AS36 -> 97.465857 | J29: =[22]Brewhouse!$AT36 -> 100.87054 | K29: =[22]Brewhouse!$Q36 -> 1.5065913 | L29: =[22]Brewhouse!$P36 -> 58 | M29: =[22]Brewhouse!$U36-[22]Brewhouse!$T36 -> 0.11527778 | N29: =[22]Brewhouse!$AW36 -> 0.25694444 | O29: =[22]Brewhouse!$AV36 -> R.Sookram
S30: =B30 -> 0 | T30: =VLOOKUP($B30,$S$3:$Y$9,2,FALSE) -> #N/A | U30: =VLOOKUP($B30,$S$3:$Y$9,3,FALSE) -> #N/A | V30: =VLOOKUP($B30,$S$3:$Y$9,4,FALSE) -> #N/A | W30: =VLOOKUP($B30,$S$3:$Y$9,5,FALSE) -> #N/A | X30: =VLOOKUP($B30,$S$3:$Y$9,6,FALSE) -> #N/A | Y30: =VLOOKUP($B30,$S$3:$Y$9,7,FALSE) -> #N/A | Z30: =VLOOKUP($B30,$S$3:$AA$9,8,FALSE) -> #N/A | AA30: =VLOOKUP($B30,$S$3:$AA$9,9,FALSE) -> #N/A
I31: EXTRACT RECOVERY
B32: BRAND | D32: BBT P.G./ O.G | I32: Brand | J32: Actual | K32: MTD No. of Brews | L32: MTD | M32: YTD | N32: Target
B33: =I34 -> STAG | C33: 11.88 | D33: 12 | I33: CARIB | J33: =AVERAGE(I21:I25) -> 92.241282 | K33: =COUNTA([28]Brewhouse!$A$102:$A$122) -> 21 | L33: =AVERAGE([28]Brewhouse!$AU$102:$AU$122) -> 94.408367 | M33: =AVERAGE([28]Brewhouse!$AU$102:$AU$122) -> 94.408367 | N33: 98
C34: 11.8 | I34: STAG | J34: =AVERAGE(I26:I29) -> 98.12496 | K34: =COUNTA([22]Brewhouse!$A$15:$A$36) -> 22 | L34: =AVERAGE([22]Brewhouse!$AS$15:$AS$36) -> 95.958208 | M34: =AVERAGE([22]Brewhouse!$AS$15:$AS$36) -> 95.958208 | N34: 98
I35: GUINNESS | N35: 98
I36: VITAMALT | K36: =COUNTA([25]Brewhouse!$A$5:$A$8) -> 4 | L36: =AVERAGE([25]Brewhouse!$AV$5:$AV$8) -> 96.702302 | M36: =AVERAGE([25]Brewhouse!$AV$5:$AV$8) -> 96.702302 | N36: 98
I37: MAXIMALT | N37: 98
I38: MACKESON | K38: =COUNTA([27]Brewhouse!$A$4:$A$11) -> 8 | L38: =AVERAGE([27]Brewhouse!$AT$4:$AT$11) -> 94.812617 | M38: =AVERAGE([27]Brewhouse!$AT$4:$AT$11) -> 94.812617 | N38: 98
I39: STARMALT | N39: 98
I40: HR- Pils | K40: =COUNTA([26]Brewhouse!$A$5:$A$8) -> 4 | L40: =AVERAGE([26]Brewhouse!$AU$5:$AU$8) -> 91.006888 | M40: =AVERAGE([26]Brewhouse!$AU$5:$AU$8) -> 91.006888 | N40: 98
I41: HR- IPA
I42: HR- APA | N42: 98
K43: =SUM(K33:K42) -> 59 | L43: =((L33*K33)+(L34*K34)+(L35*K35)+(L36*K36)+(L37*K37)+(K40*L40)+(L38*K38)+(L39*K39)+(L42*K42))/(K43) -> 94.966 | M43: =L43 -> 94.966 | N43: 98
J46: Daily Brewing Plan
J47: Brand | K47: Brews Achieved | L47: Average Brews per day
J48: CARIB | K48: 4 | L48: MTD | M48: YTD | N48: TARGET
J49: STAG | K49: 4 | L49: =AVERAGE('Jan 2nd'!K69,'Jan 3rd'!K69,'Jan 6th'!K54,'Jan 7th'!K76,'Jan 8th'!K76,'Jan. 10th'!K54,'Jan. 14th '!K54,'Jan.15th '!K55,Jan.16th!K58) -> 6.2222222 | M49: =L49 -> 6.2222222
J50: GUINN
J51: VITAMALT
J52: STARMALT
J53: MACKESON
J54: HURRICANE REEF- IPA
J55: HURRICANE REEF- APA
B56: AVERAGE | D56: =AVERAGE(D33:E55) -> 12 | J56: HR- PILSNER
J57: CARIBE
J58: Total | K58: =SUM(K48:K57) -> 8
B59: Process: | C59: Fermentation/Filtration
B61: Brand | C61: Filt. Date | D61: FV Hls | E61: GFE/ Prim/ Vita Blend (Hls) | F61: SV Hls | G61: BBT Hls | H61: Loss (%) Ferm | I61: Loss (%) Filt | J61: Comments | K61: Throughput | L61: Process Loss (%) | M61: Filt. Operator
U62: 43466 | V62: 43467 | W62: 43468 | X62: 43469 | Y62: 43470 | Z62: 43471 | AA62: 43472 | AB62: 43473 | AC62: 43474 | AD62: 43475 | AE62: 43476 | AF62: 43477 | AG62: 43478 | AH62: 43479 | AI62: 43480 | AJ62: 43481 | AK62: 43482 | AL62: 43483 | AM62: 43484 | AN62: 43485 | AO62: 43486 | AP62: 43487 | AQ62: 43488 | AR62: 43489 | AS62: 43490 | AT62: 43491 | AU62: 43492 | AV62: 43493 | AW62: 43494 | AX62: 43495 | AY62: 43496
B63: =B74 -> STAG | C63: 45673 | D63: =[23]January_2025!$S$13 -> 106.51 | G63: =[23]January_2025!$S$17 -> 93.3 | J63: No Breaks | K63: =[24]January_2025!$S$25 -> 0.32736842 | L63: =(((D63+E63)-G63)/(D63+E63))*100 -> 12.402591 | M63: G.Mason | T63: hls
K64: g | T64: Throughput | U64: =[20]January_2019!D8 -> #DIV/0! | V64: =[20]January_2019!E8 -> 1.0319298 | W64: =[20]January_2019!F8 -> 1.7789474 | X64: =[20]January_2019!G8 -> 0.51929825 | Y64: =[20]January_2019!H8 -> #DIV/0! | Z64: =[20]January_2019!I8 -> #DIV/0! | AA64: =[20]January_2019!J8 -> 1.3652632 | AB64: =[20]January_2019!K8 -> #DIV/0! | ... AY64: =[20]January_2019!AH8 -> #DIV/0!
B71: Process Loss (Volume) | G71: Process Loss (Extract) | K71: Throughput
B72: Brand | C72: Actual | D72: MTD | E72: YTD | F72: Target | G72: Actual | H72: MTD | I72: YTD | J72: Target | K72: Actual | L72: MTD | M72: YTD | N72: Target
B73: CARIB | D73: 19.803308 | F73: 4.8 | H73: 11.396661 | J73: 4.8 | L73: 0.92431078 | N73: 1
B74: STAG | C74: =L63 -> 12.402591 | D74: 5.2465523 | F74: 4.8 | G74: =[23]January_2025!$S$21 -> 11.128962 | H74: 15.425866 | J74: 4.8 | K74: =K63 -> 0.32736842 | L74: 0.81701754 | N74: 1
B75: GUINN | D75: 7.5530587 | F75: 5.5 | H75: 2.6473552 | J75: 5.5 | L75: 1.0392982 | N75: 1
B76: VITAMALT | D76: 2.2380468 | F76: 3.3 | H76: 5.2472221 | J76: 3.3 | L76: 0.67438596 | N76: 1
B77: MAXIMALT | F77: 3.3 | J77: 3 | N77: 1
B78: MACKESON | F78: =[21]May_2022!$M$43 -> 3.4878407 | J78: 5.5 | N78: 1
B79: STARMALT | F79: 3.3 | J79: 3.3 | N79: 1
B80: HURRICANE REEF | F80: 7.5 | J80: 7.5 | N80: 1
D81: 11.518417 | F81: 4.5 | H81: 6.9593481 | J81: 4.5 | L81: 0.80685146 | N81: 1
AD94: :

Sheet Jan.17th -19th
T1: P.G. | V1: Hot Time | X1: Process Time | Z1: Cooling Time
B2: Brewing Department Daily Process Loss Report | T2: Lower | U2: Upper | V2: Lower | W2: Upper | X2: Lower | Y2: Upper | Z2: Lower | AA2: Upper
S3: CARIB | T3: 11.6 | U3: 12 | V3: 0 | W3: 0.11805556 | X3: 0.22569444 | Y3: 0.26388889 | Z3: 0 | AA3: 60 | AC3: HR- PISNER
B4: Date: | C4: 45673 | J4: LOT WORT COLOUR: 3.4 | M4: Filter Sheets (Target 20 days) | S4: STAG | T4: 11.6 | U4: 12 | V4: 0 | W4: 0.11805556 | X4: 0.22569444 | Y4: 0.26388889 | Z4: 0 | AA4: 60
M5: Double | N5: Single | S5: GUINNESS | T5: 17 | U5: 17.5 | V5: 0 | W5: 0.10763889 | X5: 0.24652778 | Y5: 0.28472222 | Z5: 0 | AA5: 60
J6: MALT LOT: Lot 25 | L6: Sheet Day | S6: MACKESON | T6: 13.3 | U6: 13.5 | V6: 0 | W6: 0.12905093 | X6: 0.27430556 | Y6: 0.30208333 | Z6: 0
S7: STARMALT | T7: 17.1 | U7: 17.5 | V7: 0 | W7: 0.13605324 | X7: 0.27430556 | Y7: 0.30902778 | Z7: 0 | AA7: 60
B8: Brand | C8: Brew no. | D8: Kett. Hls | E8: Wort | F8: Cool Time(Mins) | G8: Cast. P.G. (Lab Result) | H8: Cast P.G. (Cellar Operator)-gravity | I8: Extr. Rec (80.9%) | J8: Theor. Extr. (77.5%) | K8: Boil Off /Vol. (4-6%) | L8: Boil Time | M8: Total Hot | N8: Brewing | O8: Operator | P8: Comments | Q8: Actual Pilsen Malt | S8: Hurricane Reef | T8: 16.6 | U8: 17 | V8: 0 | W8: 0.12905093 | X8: 0.27430556 | Y8: 0.30208333 | Z8: 0
E9: Meter (Hls) | F9: Target(< 60Mins) | M9: Time | S9: VITAMALT | T9: 14.4 | U9: 14.6 | V9: 0 | W9: 0.13905093 | X9: 0.26041667 | Y9: 0.29513889 | Z9: 0 | AA9: 75
B10: CARIB | C10: =[28]Brewhouse!$A123 -> CA022 | D10: =[28]Brewhouse!$AF123 -> 54.6 | E10: =[28]Brewhouse!$AI123 -> 51 | F10: =[28]Brewhouse!$V123 -> 85 | G10: =[28]Brewhouse!$AG123 -> 11.8 | H10: 11.8 | I10: =[28]Brewhouse!$AU123 -> 96.544443 | J10: =[28]Brewhouse!$AV123 -> 100.60047 | K10: =[28]Brewhouse!$Q123 -> 5.6890459 | L10: =[28]Brewhouse!$P123 -> 60 | M10: =[28]Brewhouse!$U123-[28]Brewhouse!$T123 -> 0.14305556 | N10: =[28]Brewhouse!$Z123 -> 0.30555556 | O10: =[28]Brewhouse!$AX123 -> K.Benjamin | S10: =B10 -> CARIB | T10: =VLOOKUP($B10,$S$3:$Y$9,2,FALSE) -> 11.6 | U10: =VLOOKUP($B10,$S$3:$Y$9,3,FALSE) -> 12 | V10: =VLOOKUP($B10,$S$3:$Y$9,4,FALSE) -> 0 | W10: =VLOOKUP($B10,$S$3:$Y$9,5,FALSE) -> 0.11805556 | X10: =VLOOKUP($B10,$S$3:$Y$9,6,FALSE) -> 0.22569444 | Y10: =VLOOKUP($B10,$S$3:$Y$9,7,FALSE) -> 0.26388889 | Z10: =VLOOKUP($B10,$S$3:$AA$9,8,FALSE) -> 0 | AA10: =VLOOKUP($B10,$S$3:$AA$9,9,FALSE) -> 60
B11: CARIB | C11: =[28]Brewhouse!$A124 -> CA023 | D11: =[28]Brewhouse!$AF124 -> 53.7 | E11: =[28]Brewhouse!$AI124 -> 49.4 | F11: =[28]Brewhouse!$V124 -> 72 | G11: =[28]Brewhouse!$AG124 -> 11.9 | H11: 11.7 | I11: =[28]Brewhouse!$AU124 -> 94.232258 | J11: =[28]Brewhouse!$AV124 -> 98.191358 | K11: =[28]Brewhouse!$Q124 -> 6.2300885 | L11: =[28]Brewhouse!$P124 -> 60 | M11: =[28]Brewhouse!$U124-[28]Brewhouse!$T124 -> 0.11805556 | N11: =[28]Brewhouse!$Z124 -> 0.26736111 | O11: =[28]Brewhouse!$AX124 -> R.Regis | S11: =B11 -> CARIB | T11: =VLOOKUP($B11,$S$3:$Y$9,2,FALSE) -> 11.6 | U11: =VLOOKUP($B11,$S$3:$Y$9,3,FALSE) -> 12 | V11: =VLOOKUP($B11,$S$3:$Y$9,4,FALSE) -> 0 | W11: =VLOOKUP($B11,$S$3:$Y$9,5,FALSE) -> 0.11805556 | X11: =VLOOKUP($B11,$S$3:$Y$9,6,FALSE) -> 0.22569444 | Y11: =VLOOKUP($B11,$S$3:$Y$9,7,FALSE) -> 0.26388889 | Z11: =VLOOKUP($B11,$S$3:$AA$9,8,FALSE) -> 0 | AA11: =VLOOKUP($B11,$S$3:$AA$9,9,FALSE) -> 60
B12: CARIB | C12: =[28]Brewhouse!$A125 -> CA024 | D12: =[28]Brewhouse!$AF125 -> 54.9 | E12: =[28]Brewhouse!$AI125 -> 51.4 | F12: =[28]Brewhouse!$V125 -> 68 | G12: =[28]Brewhouse!$AG125 -> 11.7 | H12: 11.6 | I12: =[28]Brewhouse!$AU125 -> 95.957942 | J12: =[28]Brewhouse!$AV125 -> 99.990204 | K12: =[28]Brewhouse!$Q125 -> 6.4070796 | L12: =[28]Brewhouse!$P125 -> 60 | M12: =[28]Brewhouse!$U125-[28]Brewhouse!$T125 -> 0.11944444 | N12: =[28]Brewhouse!$Z125 -> 0.26666667 | O12: =[28]Brewhouse!$AX125 -> R.Regis | S12: =B12 -> CARIB | T12: =VLOOKUP($B12,$S$3:$Y$9,2,FALSE) -> 11.6 | U12: =VLOOKUP($B12,$S$3:$Y$9,3,FALSE) -> 12 | V12: =VLOOKUP($B12,$S$3:$Y$9,4,FALSE) -> 0 | W12: =VLOOKUP($B12,$S$3:$Y$9,5,FALSE) -> 0.11805556 | X12: =VLOOKUP($B12,$S$3:$Y$9,6,FALSE) -> 0.22569444 | Y12: =VLOOKUP($B12,$S$3:$Y$9,7,FALSE) -> 0.26388889 | Z12: =VLOOKUP($B12,$S$3:$AA$9,8,FALSE) -> 0 | AA12: =VLOOKUP($B12,$S$3:$AA$9,9,FALSE) -> 60
B13: CARIB | C13: =[28]Brewhouse!$A126 -> CA025 | D13: =[28]Brewhouse!$AF126 -> 53.8 | E13: =[28]Brewhouse!$AI126 -> 50.8 | F13: =[28]Brewhouse!$V126 -> 63 | G13: =[28]Brewhouse!$AG126 -> 11.8 | I13: =[28]Brewhouse!$AU126 -> 95.337604 | J13: =[28]Brewhouse!$AV126 -> 99.344449 | K13: =[28]Brewhouse!$Q126 -> 5.0447227 | L13: =[28]Brewhouse!$P126 -> 57 | M13: =[28]Brewhouse!$U126-[28]Brewhouse!$T126 -> 0.10555556 | N13: =[28]Brewhouse!$Z126 -> 0.24722222 | O13: =[28]Brewhouse!$AX126 -> R.Sookram | S13: =B13 -> CARIB | T13: =VLOOKUP($B13,$S$3:$Y$9,2,FALSE) -> 11.6 | U13: =VLOOKUP($B13,$S$3:$Y$9,3,FALSE) -> 12 | V13: =VLOOKUP($B13,$S$3:$Y$9,4,FALSE) -> 0 | W13: =VLOOKUP($B13,$S$3:$Y$9,5,FALSE) -> 0.11805556 | X13: =VLOOKUP($B13,$S$3:$Y$9,6,FALSE) -> 0.22569444 | Y13: =VLOOKUP($B13,$S$3:$Y$9,7,FALSE) -> 0.26388889 | Z13: =VLOOKUP($B13,$S$3:$AA$9,8,FALSE) -> 0 | AA13: =VLOOKUP($B13,$S$3:$AA$9,9,FALSE) -> 60
B14: CARIB | C14: =[28]Brewhouse!$A127 -> CA026 | D14: =[28]Brewhouse!$AF127 -> 53 | E14: =[28]Brewhouse!$AI127 -> 48.7 | F14: =[28]Brewhouse!$V127 -> 60 | G14: =[28]Brewhouse!$AG127 -> 11.9 | I14: =[28]Brewhouse!$AU127 -> 89.580178 | J14: =[28]Brewhouse!$AV127 -> 93.199139 | K14: =[28]Brewhouse!$Q127 -> 6.4758497 | L14: =[28]Brewhouse!$P127 -> 58 | M14: =[28]Brewhouse!$U127-[28]Brewhouse!$T127 -> 0.10555556 | N14: =[28]Brewhouse!$Z127 -> 0.24722222 | O14: =[28]Brewhouse!$AX127 -> R.Sookram | S14: =B14 -> CARIB | T14: =VLOOKUP($B14,$S$3:$Y$9,2,FALSE) -> 11.6 | U14: =VLOOKUP($B14,$S$3:$Y$9,3,FALSE) -> 12 | V14: =VLOOKUP($B14,$S$3:$Y$9,4,FALSE) -> 0 | W14: =VLOOKUP($B14,$S$3:$Y$9,5,FALSE) -> 0.11805556 | X14: =VLOOKUP($B14,$S$3:$Y$9,6,FALSE) -> 0.22569444 | Y14: =VLOOKUP($B14,$S$3:$Y$9,7,FALSE) -> 0.26388889 | Z14: =VLOOKUP($B14,$S$3:$AA$9,8,FALSE) -> 0 | AA14: =VLOOKUP($B14,$S$3:$AA$9,9,FALSE) -> 60
B15: CARIB | C15: =[28]Brewhouse!$A128 -> CA027 | D15: =[28]Brewhouse!$AF128 -> 52.1 | E15: =[28]Brewhouse!$AI128 -> 48.3 | F15: =[28]Brewhouse!$V128 -> 59 | G15: =[28]Brewhouse!$AG128 -> 11.8 | H15: 11.7 | I15: =[28]Brewhouse!$AU128 -> 90.548707 | J15: =[28]Brewhouse!$AV128 -> 94.19794 | K15: =[28]Brewhouse!$Q128 -> 5.5514706 | L15: =[28]Brewhouse!$P128 -> 58 | M15: =[28]Brewhouse!$U128-[28]Brewhouse!$T128 -> 0.10138889 | N15: =[28]Brewhouse!$Z128 -> 0.26319444 | O15: =[28]Brewhouse!$AX128 -> R.Sookram | S15: =B15 -> CARIB | T15: =VLOOKUP($B15,$S$3:$Y$9,2,FALSE) -> 11.6 | U15: =VLOOKUP($B15,$S$3:$Y$9,3,FALSE) -> 12 | V15: =VLOOKUP($B15,$S$3:$Y$9,4,FALSE) -> 0 | W15: =VLOOKUP($B15,$S$3:$Y$9,5,FALSE) -> 0.11805556 | X15: =VLOOKUP($B15,$S$3:$Y$9,6,FALSE) -> 0.22569444 | Y15: =VLOOKUP($B15,$S$3:$Y$9,7,FALSE) -> 0.26388889 | Z15: =VLOOKUP($B15,$S$3:$AA$9,8,FALSE) -> 0 | AA15: =VLOOKUP($B15,$S$3:$AA$9,9,FALSE) -> 60
B16: CARIB | C16: =[28]Brewhouse!$A129 -> CA028 | D16: =[28]Brewhouse!$AF129 -> 54.4 | E16: =[28]Brewhouse!$AI129 -> 50.8 | F16: =[28]Brewhouse!$V129 -> 61 | G16: =[28]Brewhouse!$AG129 -> 11.6 | H16: 11.8 | I16: =[28]Brewhouse!$AU129 -> 94.451374 | J16: =[28]Brewhouse!$AV129 -> 98.419462 | K16: =[28]Brewhouse!$Q129 -> 6.797153 | L16: =[28]Brewhouse!$P129 -> 58 | M16: =[28]Brewhouse!$U129-[28]Brewhouse!$T129 -> 0.10347222 | N16: =[28]Brewhouse!$Z129 -> 0.25347222 | O16: =[28]Brewhouse!$AX129 -> R.Sookram | S16: =B16 -> CARIB | T16: =VLOOKUP($B16,$S$3:$Y$9,2,FALSE) -> 11.6 | U16: =VLOOKUP($B16,$S$3:$Y$9,3,FALSE) -> 12 | V16: =VLOOKUP($B16,$S$3:$Y$9,4,FALSE) -> 0 | W16: =VLOOKUP($B16,$S$3:$Y$9,5,FALSE) -> 0.11805556 | X16: =VLOOKUP($B16,$S$3:$Y$9,6,FALSE) -> 0.22569444 | Y16: =VLOOKUP($B16,$S$3:$Y$9,7,FALSE) -> 0.26388889 | Z16: =VLOOKUP($B16,$S$3:$AA$9,8,FALSE) -> 0 | AA16: =VLOOKUP($B16,$S$3:$AA$9,9,FALSE) -> 60
B17: CARIB | C17: =[28]Brewhouse!$A130 -> CA029 | D17: =[28]Brewhouse!$AF130 -> 52.8 | E17: =[28]Brewhouse!$AI130 -> 49.3 | F17: =[28]Brewhouse!$V130 -> 61 | G17: =[28]Brewhouse!$AG130 -> 11.7 | H17: 11.9 | I17: =[28]Brewhouse!$AU130 -> 92.379727 | J17: =[28]Brewhouse!$AV130 -> 96.260994 | K17: =[28]Brewhouse!$Q130 -> 6.3309353 | L17: =[28]Brewhouse!$P130 -> 59 | M17: =[28]Brewhouse!$U130-[28]Brewhouse!$T130 -> 0.10416667 | N17: =[28]Brewhouse!$Z130 -> 0.26597222 | O17: =[28]Brewhouse!$AX130 -> R.Sookram | S17: =B17 -> CARIB | T17: =VLOOKUP($B17,$S$3:$Y$9,2,FALSE) -> 11.6 | U17: =VLOOKUP($B17,$S$3:$Y$9,3,FALSE) -> 12 | V17: =VLOOKUP($B17,$S$3:$Y$9,4,FALSE) -> 0 | W17: =VLOOKUP($B17,$S$3:$Y$9,5,FALSE) -> 0.11805556 | X17: =VLOOKUP($B17,$S$3:$Y$9,6,FALSE) -> 0.22569444 | Y17: =VLOOKUP($B17,$S$3:$Y$9,7,FALSE) -> 0.26388889 | Z17: =VLOOKUP($B17,$S$3:$AA$9,8,FALSE) -> 0 | AA17: =VLOOKUP($B17,$S$3:$AA$9,9,FALSE) -> 60
B18: CARIB | C18: =[28]Brewhouse!$A131 -> CA030 | D18: =[28]Brewhouse!$AF131 -> 55.6 | E18: =[28]Brewhouse!$AI131 -> 52.3 | F18: =[28]Brewhouse!$V131 -> 64 | G18: =[28]Brewhouse!$AG131 -> 11.9 | H18: 11.7 | I18: =[28]Brewhouse!$AU131 -> 99.165328 | J18: =[28]Brewhouse!$AV131 -> 103.16095 | K18: =[28]Brewhouse!$Q131 -> 4.6953405 | L18: =[28]Brewhouse!$P131 -> 58 | M18: =[28]Brewhouse!$U131-[28]Brewhouse!$T131 -> 0.11041667 | N18: =[28]Brewhouse!$Z131 -> 0.24583333 | O18: =[28]Brewhouse!$AX131 -> R.Sookram | S18: =B18 -> CARIB | T18: =VLOOKUP($B18,$S$3:$Y$9,2,FALSE) -> 11.6 | U18: =VLOOKUP($B18,$S$3:$Y$9,3,FALSE) -> 12 | V18: =VLOOKUP($B18,$S$3:$Y$9,4,FALSE) -> 0 | W18: =VLOOKUP($B18,$S$3:$Y$9,5,FALSE) -> 0.11805556 | X18: =VLOOKUP($B18,$S$3:$Y$9,6,FALSE) -> 0.22569444 | Y18: =VLOOKUP($B18,$S$3:$Y$9,7,FALSE) -> 0.26388889 | Z18: =VLOOKUP($B18,$S$3:$AA$9,8,FALSE) -> 0 | AA18: =VLOOKUP($B18,$S$3:$AA$9,9,FALSE) -> 60
B19: CARIB | C19: =[28]Brewhouse!$A132 -> CA031 | D19: =[28]Brewhouse!$AF132 -> 55 | E19: =[28]Brewhouse!$AI132 -> 51.1 | F19: =[28]Brewhouse!$V132 -> 63 | G19: =[28]Brewhouse!$AG132 -> 11.6 | H19: 11.7 | I19: =[28]Brewhouse!$AU132 -> 93.744355 | J19: =[28]Brewhouse!$AV132 -> 97.523601 | K19: =[28]Brewhouse!$Q132 -> 7.4368231 | L19: =[28]Brewhouse!$P132 -> 60 | M19: =[28]Brewhouse!$U132-[28]Brewhouse!$T132 -> 0.11736111 | N19: =[28]Brewhouse!$Z132 -> 0.2625 | O19: =[28]Brewhouse!$AX132 -> R.Regis | S19: =B19 -> CARIB | T19: =VLOOKUP($B19,$S$3:$Y$9,2,FALSE) -> 11.6 | U19: =VLOOKUP($B19,$S$3:$Y$9,3,FALSE) -> 12 | V19: =VLOOKUP($B19,$S$3:$Y$9,4,FALSE) -> 0 | W19: =VLOOKUP($B19,$S$3:$Y$9,5,FALSE) -> 0.11805556 | X19: =VLOOKUP($B19,$S$3:$Y$9,6,FALSE) -> 0.22569444 | Y19: =VLOOKUP($B19,$S$3:$Y$9,7,FALSE) -> 0.26388889 | Z19: =VLOOKUP($B19,$S$3:$AA$9,8,FALSE) -> 0 | AA19: =VLOOKUP($B19,$S$3:$AA$9,9,FALSE) -> 60
B20: CARIB | C20: =[28]Brewhouse!$A133 -> CA032 | D20: =[28]Brewhouse!$AF133 -> 54 | E20: =[28]Brewhouse!$AI133 -> 50.3 | F20: =[28]Brewhouse!$V133 -> 62 | G20: =[28]Brewhouse!$AG133 -> 11.9 | H20: 11.8 | I20: =[28]Brewhouse!$AU133 -> 93.755953 | J20: =[28]Brewhouse!$AV133 -> 97.53929 | K20: =[28]Brewhouse!$Q133 -> 5.4512635 | L20: =[28]Brewhouse!$P133 -> 61 | M20: =[28]Brewhouse!$U133-[28]Brewhouse!$T133 -> 0.10972222 | N20: =[28]Brewhouse!$Z133 -> 0.25694444 | O20: =[28]Brewhouse!$AX133 -> R.Regis | S20: =B20 -> CARIB | T20: =VLOOKUP($B20,$S$3:$Y$9,2,FALSE) -> 11.6 | U20: =VLOOKUP($B20,$S$3:$Y$9,3,FALSE) -> 12 | V20: =VLOOKUP($B20,$S$3:$Y$9,4,FALSE) -> 0 | W20: =VLOOKUP($B20,$S$3:$Y$9,5,FALSE) -> 0.11805556 | X20: =VLOOKUP($B20,$S$3:$Y$9,6,FALSE) -> 0.22569444 | Y20: =VLOOKUP($B20,$S$3:$Y$9,7,FALSE) -> 0.26388889 | Z20: =VLOOKUP($B20,$S$3:$AA$9,8,FALSE) -> 0 | AA20: =VLOOKUP($B20,$S$3:$AA$9,9,FALSE) -> 60
B21: CARIB | C21: =[28]Brewhouse!$A134 -> CA033 | D21: =[28]Brewhouse!$AF134 -> 53.7 | E21: =[28]Brewhouse!$AI134 -> 50.2 | F21: =[28]Brewhouse!$V134 -> 63 | G21: =[28]Brewhouse!$AG134 -> 12 | H21: 11.9 | I21: =[28]Brewhouse!$AU134 -> 94.510749 | J21: =[28]Brewhouse!$AV134 -> 98.324142 | K21: =[28]Brewhouse!$Q134 -> 6.7148014 | L21: =[28]Brewhouse!$P134 -> 61 | M21: =[28]Brewhouse!$U134-[28]Brewhouse!$T134 -> 0.11111111 | N21: =[28]Brewhouse!$Z134 -> 0.25208333 | O21: =[28]Brewhouse!$AX134 -> R.Regis | S21: =B21 -> CARIB | T21: =VLOOKUP($B21,$S$3:$Y$9,2,FALSE) -> 11.6 | U21: =VLOOKUP($B21,$S$3:$Y$9,3,FALSE) -> 12 | V21: =VLOOKUP($B21,$S$3:$Y$9,4,FALSE) -> 0 | W21: =VLOOKUP($B21,$S$3:$Y$9,5,FALSE) -> 0.11805556 | X21: =VLOOKUP($B21,$S$3:$Y$9,6,FALSE) -> 0.22569444 | Y21: =VLOOKUP($B21,$S$3:$Y$9,7,FALSE) -> 0.26388889 | Z21: =VLOOKUP($B21,$S$3:$AA$9,8,FALSE) -> 0 | AA21: =VLOOKUP($B21,$S$3:$AA$9,9,FALSE) -> 60
B22: CARIB | C22: =[28]Brewhouse!$A135 -> CA034 | D22: =[28]Brewhouse!$AF135 -> 54.2 | E22: =[28]Brewhouse!$AI135 -> 50.8 | F22: =[28]Brewhouse!$V135 -> 63 | G22: =[28]Brewhouse!$AG135 -> 11.8 | H22: 11.8 | I22: =[28]Brewhouse!$AU135 -> 94.653823 | J22: =[28]Brewhouse!$AV135 -> 98.470554 | K22: =[28]Brewhouse!$Q135 -> 6.4874552 | L22: =[28]Brewhouse!$P135 -> 60 | M22: =[28]Brewhouse!$U135-[28]Brewhouse!$T135 -> 0.10902778 | N22: =[28]Brewhouse!$Z135 -> 0.25 | O22: =[28]Brewhouse!$AX135 -> R.Regis | S22: =B22 -> CARIB | T22: =VLOOKUP($B22,$S$3:$Y$9,2,FALSE) -> 11.6 | U22: =VLOOKUP($B22,$S$3:$Y$9,3,FALSE) -> 12 | V22: =VLOOKUP($B22,$S$3:$Y$9,4,FALSE) -> 0 | W22: =VLOOKUP($B22,$S$3:$Y$9,5,FALSE) -> 0.11805556 | X22: =VLOOKUP($B22,$S$3:$Y$9,6,FALSE) -> 0.22569444 | Y22: =VLOOKUP($B22,$S$3:$Y$9,7,FALSE) -> 0.26388889 | Z22: =VLOOKUP($B22,$S$3:$AA$9,8,FALSE) -> 0 | AA22: =VLOOKUP($B22,$S$3:$AA$9,9,FALSE) -> 60
B23: CARIB | C23: =[28]Brewhouse!$A136 -> CA035 | D23: =[28]Brewhouse!$AF136 -> 53.9 | E23: =[28]Brewhouse!$AI136 -> 50.4 | F23: =[28]Brewhouse!$V136 -> 64 | G23: =[28]Brewhouse!$AG136 -> 11.8 | H23: 11.8 | I23: =[28]Brewhouse!$AU136 -> 94.703434 | J23: =[28]Brewhouse!$AV136 -> 98.683411 | K23: =[28]Brewhouse!$Q136 -> 6.4642857 | L23: =[28]Brewhouse!$P136 -> 57 | M23: =[28]Brewhouse!$U136-[28]Brewhouse!$T136 -> 0.10416667 | N23: =[28]Brewhouse!$Z136 -> 0.25 | O23: =[28]Brewhouse!$AX136 -> G.Mason | S23: =B23 -> CARIB | T23: =VLOOKUP($B23,$S$3:$Y$9,2,FALSE) -> 11.6 | U23: =VLOOKUP($B23,$S$3:$Y$9,3,FALSE) -> 12 | V23: =VLOOKUP($B23,$S$3:$Y$9,4,FALSE) -> 0 | W23: =VLOOKUP($B23,$S$3:$Y$9,5,FALSE) -> 0.11805556 | X23: =VLOOKUP($B23,$S$3:$Y$9,6,FALSE) -> 0.22569444 | Y23: =VLOOKUP($B23,$S$3:$Y$9,7,FALSE) -> 0.26388889 | Z23: =VLOOKUP($B23,$S$3:$AA$9,8,FALSE) -> 0 | AA23: =VLOOKUP($B23,$S$3:$AA$9,9,FALSE) -> 60
B24: CARIB | C24: =[28]Brewhouse!$A137 -> CA036 | D24: =[28]Brewhouse!$AF137 -> 54 | E24: =[28]Brewhouse!$AI137 -> 50.5 | F24: =[28]Brewhouse!$V137 -> 68 | G24: =[28]Brewhouse!$AG137 -> 11.7 | H24: 11.7 | I24: =[28]Brewhouse!$AU137 -> 94.045467 | J24: =[28]Brewhouse!$AV137 -> 97.997793 | K24: =[28]Brewhouse!$Q137 -> 6.5107914 | L24: =[28]Brewhouse!$P137 -> 59 | M24: =[28]Brewhouse!$U137-[28]Brewhouse!$T137 -> 0.10972222 | N24: =[28]Brewhouse!$Z137 -> 0.25416667 | O24: =[28]Brewhouse!$AX137 -> G.Mason | S24: =B24 -> CARIB | T24: =VLOOKUP($B24,$S$3:$Y$9,2,FALSE) -> 11.6 | U24: =VLOOKUP($B24,$S$3:$Y$9,3,FALSE) -> 12 | V24: =VLOOKUP($B24,$S$3:$Y$9,4,FALSE) -> 0 | W24: =VLOOKUP($B24,$S$3:$Y$9,5,FALSE) -> 0.11805556 | X24: =VLOOKUP($B24,$S$3:$Y$9,6,FALSE) -> 0.22569444 | Y24: =VLOOKUP($B24,$S$3:$Y$9,7,FALSE) -> 0.26388889 | Z24: =VLOOKUP($B24,$S$3:$AA$9,8,FALSE) -> 0 | AA24: =VLOOKUP($B24,$S$3:$AA$9,9,FALSE) -> 60
B25: CARIB | C25: =[28]Brewhouse!$A138 -> CA037 | D25: =[28]Brewhouse!$AF138 -> 53.5 | E25: =[28]Brewhouse!$AI138 -> 50 | F25: =[28]Brewhouse!$V138 -> 60 | G25: =[28]Brewhouse!$AG138 -> 11.9 | H25: 11.9 | I25: =[28]Brewhouse!$AU138 -> 95.023431 | J25: =[28]Brewhouse!$AV138 -> 99.016423 | K25: =[28]Brewhouse!$Q138 -> 6.0854093 | L25: =[28]Brewhouse!$P138 -> 59 | M25: =[28]Brewhouse!$U138-[28]Brewhouse!$T138 -> 0.10972222 | N25: =[28]Brewhouse!$Z138 -> 0.25069444 | O25: =[28]Brewhouse!$AX138 -> G.Mason | S25: =B25 -> CARIB | T25: =VLOOKUP($B25,$S$3:$Y$9,2,FALSE) -> 11.6 | U25: =VLOOKUP($B25,$S$3:$Y$9,3,FALSE) -> 12 | V25: =VLOOKUP($B25,$S$3:$Y$9,4,FALSE) -> 0 | W25: =VLOOKUP($B25,$S$3:$Y$9,5,FALSE) -> 0.11805556 | X25: =VLOOKUP($B25,$S$3:$Y$9,6,FALSE) -> 0.22569444 | Y25: =VLOOKUP($B25,$S$3:$Y$9,7,FALSE) -> 0.26388889 | Z25: =VLOOKUP($B25,$S$3:$AA$9,8,FALSE) -> 0 | AA25: =VLOOKUP($B25,$S$3:$AA$9,9,FALSE) -> 60
B26: CARIB | C26: =[28]Brewhouse!$A139 -> CA038 | D26: =[28]Brewhouse!$AF139 -> 53.9 | E26: =[28]Brewhouse!$AI139 -> 50.7 | F26: =[28]Brewhouse!$V139 -> 67 | G26: =[28]Brewhouse!$AG139 -> 11.8 | H26: 11.8 | I26: =[28]Brewhouse!$AU139 -> 95.149932 | J26: =[28]Brewhouse!$AV139 -> 99.148889 | K26: =[28]Brewhouse!$Q139 -> 6.4642857 | L26: =[28]Brewhouse!$P139 -> 57 | M26: =[28]Brewhouse!$U139-[28]Brewhouse!$T139 -> 0.11388889 | N26: =[28]Brewhouse!$Z139 -> 0.25694444 | O26: =[28]Brewhouse!$AX139 -> G.Mason | S26: =B26 -> CARIB | T26: =VLOOKUP($B26,$S$3:$Y$9,2,FALSE) -> 11.6 | U26: =VLOOKUP($B26,$S$3:$Y$9,3,FALSE) -> 12 | V26: =VLOOKUP($B26,$S$3:$Y$9,4,FALSE) -> 0 | W26: =VLOOKUP($B26,$S$3:$Y$9,5,FALSE) -> 0.11805556 | X26: =VLOOKUP($B26,$S$3:$Y$9,6,FALSE) -> 0.22569444 | Y26: =VLOOKUP($B26,$S$3:$Y$9,7,FALSE) -> 0.26388889 | Z26: =VLOOKUP($B26,$S$3:$AA$9,8,FALSE) -> 0 | AA26: =VLOOKUP($B26,$S$3:$AA$9,9,FALSE) -> 60
S27: =B27 -> 0 | T27: =VLOOKUP($B27,$S$3:$Y$9,2,FALSE) -> #N/A | U27: =VLOOKUP($B27,$S$3:$Y$9,3,FALSE) -> #N/A | V27: =VLOOKUP($B27,$S$3:$Y$9,4,FALSE) -> #N/A | W27: =VLOOKUP($B27,$S$3:$Y$9,5,FALSE) -> #N/A | X27: =VLOOKUP($B27,$S$3:$Y$9,6,FALSE) -> #N/A | Y27: =VLOOKUP($B27,$S$3:$Y$9,7,FALSE) -> #N/A | Z27: =VLOOKUP($B27,$S$3:$AA$9,8,FALSE) -> #N/A | AA27: =VLOOKUP($B27,$S$3:$AA$9,9,FALSE) -> #N/A
S28: =B28 -> 0 | T28: =VLOOKUP($B28,$S$3:$Y$9,2,FALSE) -> #N/A | U28: =VLOOKUP($B28,$S$3:$Y$9,3,FALSE) -> #N/A | V28: =VLOOKUP($B28,$S$3:$Y$9,4,FALSE) -> #N/A | W28: =VLOOKUP($B28,$S$3:$Y$9,5,FALSE) -> #N/A | X28: =VLOOKUP($B28,$S$3:$Y$9,6,FALSE) -> #N/A | Y28: =VLOOKUP($B28,$S$3:$Y$9,7,FALSE) -> #N/A | Z28: =VLOOKUP($B28,$S$3:$AA$9,8,FALSE) -> #N/A | AA28: =VLOOKUP($B28,$S$3:$AA$9,9,FALSE) -> #N/A
B29: STAG | C29: =[22]Brewhouse!$A37 -> ST023 | D29: =[22]Brewhouse!$AD37 -> 53.4 | E29: =[22]Brewhouse!$AG37 -> 49.5 | F29: =[22]Brewhouse!$V37 -> 58 | G29: =[22]Brewhouse!$AE37 -> 11.6 | H29: 11.7 | I29: =[22]Brewhouse!$AS37 -> 93.269474 | J29: =[22]Brewhouse!$AT37 -> 96.514053 | K29: =[22]Brewhouse!$Q37 -> 7.8066914 | L29: =[22]Brewhouse!$P37 -> 63 | M29: =[22]Brewhouse!$U37-[22]Brewhouse!$T37 -> 0.12638889 | N29: =[22]Brewhouse!$AW37 -> 0.26527778 | O29: =[22]Brewhouse!$AV37 -> k.Benjamin | S29: =B29 -> STAG | T29: =VLOOKUP($B29,$S$3:$Y$9,2,FALSE) -> 11.6 | U29: =VLOOKUP($B29,$S$3:$Y$9,3,FALSE) -> 12 | V29: =VLOOKUP($B29,$S$3:$Y$9,4,FALSE) -> 0 | W29: =VLOOKUP($B29,$S$3:$Y$9,5,FALSE) -> 0.11805556 | X29: =VLOOKUP($B29,$S$3:$Y$9,6,FALSE) -> 0.22569444 | Y29: =VLOOKUP($B29,$S$3:$Y$9,7,FALSE) -> 0.26388889 | Z29: =VLOOKUP($B29,$S$3:$AA$9,8,FALSE) -> 0 | AA29: =VLOOKUP($B29,$S$3:$AA$9,9,FALSE) -> 60
B30: STAG | C30: =[22]Brewhouse!$A38 -> ST024 | D30: =[22]Brewhouse!$AD38 -> 53.3 | E30: =[22]Brewhouse!$AG38 -> 49.9 | F30: =[22]Brewhouse!$V38 -> 59 | G30: =[22]Brewhouse!$AE38 -> 11.8 | H30: 11.8 | I30: =[22]Brewhouse!$AS38 -> 95.729858 | J30: =[22]Brewhouse!$AT38 -> 99.060026 | K30: =[22]Brewhouse!$Q38 -> 6.284658 | L30: =[22]Brewhouse!$P38 -> 62 | M30: =[22]Brewhouse!$U38-[22]Brewhouse!$T38 -> 0.1125 | N30: =[22]Brewhouse!$AW38 -> 0.24861111 | O30: =[22]Brewhouse!$AV38 -> k.Benjamin | S30: =B30 -> STAG | T30: =VLOOKUP($B30,$S$3:$Y$9,2,FALSE) -> 11.6 | U30: =VLOOKUP($B30,$S$3:$Y$9,3,FALSE) -> 12 | V30: =VLOOKUP($B30,$S$3:$Y$9,4,FALSE) -> 0 | W30: =VLOOKUP($B30,$S$3:$Y$9,5,FALSE) -> 0.11805556 | X30: =VLOOKUP($B30,$S$3:$Y$9,6,FALSE) -> 0.22569444 | Y30: =VLOOKUP($B30,$S$3:$Y$9,7,FALSE) -> 0.26388889 | Z30: =VLOOKUP($B30,$S$3:$AA$9,8,FALSE) -> 0 | AA30: =VLOOKUP($B30,$S$3:$AA$9,9,FALSE) -> 60
B31: STAG | C31: =[22]Brewhouse!$A39 -> ST025 | D31: =[22]Brewhouse!$AD39 -> 53 | E31: =[22]Brewhouse!$AG39 -> 50 | F31: =[22]Brewhouse!$V39 -> 53 | G31: =[22]Brewhouse!$AE39 -> 11.9 | H31: 11.6 | I31: =[22]Brewhouse!$AS39 -> 96.776757 | J31: =[22]Brewhouse!$AT39 -> 100.14334 | L31: =[22]Brewhouse!$P39 -> 59 | M31: =[22]Brewhouse!$U39-[22]Brewhouse!$T39 -> 0.10833333 | N31: =[22]Brewhouse!$AW39 -> 0.25416667 | O31: =[22]Brewhouse!$AV39 -> k.Benjamin | S31: =B31 -> STAG | T31: =VLOOKUP($B31,$S$3:$Y$9,2,FALSE) -> 11.6 | U31: =VLOOKUP($B31,$S$3:$Y$9,3,FALSE) -> 12 | V31: =VLOOKUP($B31,$S$3:$Y$9,4,FALSE) -> 0 | W31: =VLOOKUP($B31,$S$3:$Y$9,5,FALSE) -> 0.11805556 | X31: =VLOOKUP($B31,$S$3:$Y$9,6,FALSE) -> 0.22569444 | Y31: =VLOOKUP($B31,$S$3:$Y$9,7,FALSE) -> 0.26388889 | Z31: =VLOOKUP($B31,$S$3:$AA$9,8,FALSE) -> 0 | AA31: =VLOOKUP($B31,$S$3:$AA$9,9,FALSE) -> 60
B32: STAG | C32: =[22]Brewhouse!$A40 -> ST026 | D32: =[22]Brewhouse!$AD40 -> 53.9 | E32: =[22]Brewhouse!$AG40 -> 50.9 | F32: =[22]Brewhouse!$V40 -> 63 | G32: =[22]Brewhouse!$AE40 -> 11.6 | H32: 11.7 | I32: =[22]Brewhouse!$AS40 -> 96.149254 | J32: =[22]Brewhouse!$AT40 -> 99.491829 | K32: =[22]Brewhouse!$Q40 -> 5.5658627 | L32: =[22]Brewhouse!$P40 -> 58 | M32: =[22]Brewhouse!$U40-[22]Brewhouse!$T40 -> 0.12222222 | N32: =[22]Brewhouse!$AW40 -> 0.26875 | O32: =[22]Brewhouse!$AV40 -> k.Benjamin | S32: =B32 -> STAG | T32: =VLOOKUP($B32,$S$3:$Y$9,2,FALSE) -> 11.6 | U32: =VLOOKUP($B32,$S$3:$Y$9,3,FALSE) -> 12 | V32: =VLOOKUP($B32,$S$3:$Y$9,4,FALSE) -> 0 | W32: =VLOOKUP($B32,$S$3:$Y$9,5,FALSE) -> 0.11805556 | X32: =VLOOKUP($B32,$S$3:$Y$9,6,FALSE) -> 0.22569444 | Y32: =VLOOKUP($B32,$S$3:$Y$9,7,FALSE) -> 0.26388889 | Z32: =VLOOKUP($B32,$S$3:$AA$9,8,FALSE) -> 0 | AA32: =VLOOKUP($B32,$S$3:$AA$9,9,FALSE) -> 60
B33: STAG | C33: =[22]Brewhouse!$A41 -> ST027 | D33: =[22]Brewhouse!$AD41 -> 53.9 | E33: =[22]Brewhouse!$AG41 -> 50.6 | F33: =[22]Brewhouse!$V41 -> 63 | G33: =[22]Brewhouse!$AE41 -> 11.6 | I33: =[22]Brewhouse!$AS41 -> 95.70323 | J33: =[22]Brewhouse!$AT41 -> 99.029208 | K33: =[22]Brewhouse!$Q41 -> 4.0441176 | L33: =[22]Brewhouse!$P41 -> 61 | M33: =[22]Brewhouse!$U41-[22]Brewhouse!$T41 -> 0.1125 | N33: =[22]Brewhouse!$AW41 -> 0.26111111 | O33: =[22]Brewhouse!$AV41 -> R.Sookram | S33: =B33 -> STAG | T33: =VLOOKUP($B33,$S$3:$Y$9,2,FALSE) -> 11.6 | U33: =VLOOKUP($B33,$S$3:$Y$9,3,FALSE) -> 12 | V33: =VLOOKUP($B33,$S$3:$Y$9,4,FALSE) -> 0 | W33: =VLOOKUP($B33,$S$3:$Y$9,5,FALSE) -> 0.11805556 | X33: =VLOOKUP($B33,$S$3:$Y$9,6,FALSE) -> 0.22569444 | Y33: =VLOOKUP($B33,$S$3:$Y$9,7,FALSE) -> 0.26388889 | Z33: =VLOOKUP($B33,$S$3:$AA$9,8,FALSE) -> 0 | AA33: =VLOOKUP($B33,$S$3:$AA$9,9,FALSE) -> 60
B34: STAG | C34: =[22]Brewhouse!$A42 -> ST028 | D34: =[22]Brewhouse!$AD42 -> 53.9 | E34: =[22]Brewhouse!$AG42 -> 50.9 | F34: =[22]Brewhouse!$V42 -> 62 | G34: =[22]Brewhouse!$AE42 -> 11.6 | H34: 11.6 | I34: =[22]Brewhouse!$AS42 -> 96.392333 | J34: =[22]Brewhouse!$AT42 -> 99.741158 | K34: =[22]Brewhouse!$Q42 -> 4.6125461 | L34: =[22]Brewhouse!$P42 -> 58 | M34: =[22]Brewhouse!$U42-[22]Brewhouse!$T42 -> 0.10902778 | N34: =[22]Brewhouse!$AW42 -> 0.25972222 | O34: =[22]Brewhouse!$AV42 -> R.Sookram | S34: =B34 -> STAG | T34: =VLOOKUP($B34,$S$3:$Y$9,2,FALSE) -> 11.6 | U34: =VLOOKUP($B34,$S$3:$Y$9,3,FALSE) -> 12 | V34: =VLOOKUP($B34,$S$3:$Y$9,4,FALSE) -> 0 | W34: =VLOOKUP($B34,$S$3:$Y$9,5,FALSE) -> 0.11805556 | X34: =VLOOKUP($B34,$S$3:$Y$9,6,FALSE) -> 0.22569444 | Y34: =VLOOKUP($B34,$S$3:$Y$9,7,FALSE) -> 0.26388889 | Z34: =VLOOKUP($B34,$S$3:$AA$9,8,FALSE) -> 0 | AA34: =VLOOKUP($B34,$S$3:$AA$9,9,FALSE) -> 60
B35: STAG | C35: =[22]Brewhouse!$A43 -> ST029 | D35: =[22]Brewhouse!$AD43 -> 53.3 | E35: =[22]Brewhouse!$AG43 -> 50 | F35: =[22]Brewhouse!$V43 -> 62 | G35: =[22]Brewhouse!$AE43 -> 11.8 | I35: =[22]Brewhouse!$AS43 -> 96.042495 | J35: =[22]Brewhouse!$AT43 -> 99.38245 | K35: =[22]Brewhouse!$Q43 -> 5.1565378 | L35: =[22]Brewhouse!$P43 -> 57 | M35: =[22]Brewhouse!$U43-[22]Brewhouse!$T43 -> 0.10625 | N35: =[22]Brewhouse!$AW43 -> 0.275 | O35: =[22]Brewhouse!$AV43 -> R.Sookram | S35: =B35 -> STAG | T35: =VLOOKUP($B35,$S$3:$Y$9,2,FALSE) -> 11.6 | U35: =VLOOKUP($B35,$S$3:$Y$9,3,FALSE) -> 12 | V35: =VLOOKUP($B35,$S$3:$Y$9,4,FALSE) -> 0 | W35: =VLOOKUP($B35,$S$3:$Y$9,5,FALSE) -> 0.11805556 | X35: =VLOOKUP($B35,$S$3:$Y$9,6,FALSE) -> 0.22569444 | Y35: =VLOOKUP($B35,$S$3:$Y$9,7,FALSE) -> 0.26388889 | Z35: =VLOOKUP($B35,$S$3:$AA$9,8,FALSE) -> 0 | AA35: =VLOOKUP($B35,$S$3:$AA$9,9,FALSE) -> 60
B36: STAG | C36: =[22]Brewhouse!$A44 -> ST030 | D36: =[22]Brewhouse!$AD44 -> 53.1 | E36: =[22]Brewhouse!$AG44 -> 50 | F36: =[22]Brewhouse!$V44 -> 63 | G36: =[22]Brewhouse!$AE44 -> 11.8 | I36: =[22]Brewhouse!$AS44 -> 96.528727 | J36: =[22]Brewhouse!$AT44 -> 99.881185 | K36: =[22]Brewhouse!$Q44 -> 5.0909091 | L36: =[22]Brewhouse!$P44 -> 58 | M36: =[22]Brewhouse!$U44-[22]Brewhouse!$T44 -> 0.11180556 | N36: =[22]Brewhouse!$AW44 -> 0.25555556 | O36: =[22]Brewhouse!$AV44 -> R.Sookram | S36: =B36 -> STAG | T36: =VLOOKUP($B36,$S$3:$Y$9,2,FALSE) -> 11.6 | U36: =VLOOKUP($B36,$S$3:$Y$9,3,FALSE) -> 12 | V36: =VLOOKUP($B36,$S$3:$Y$9,4,FALSE) -> 0 | W36: =VLOOKUP($B36,$S$3:$Y$9,5,FALSE) -> 0.11805556 | X36: =VLOOKUP($B36,$S$3:$Y$9,6,FALSE) -> 0.22569444 | Y36: =VLOOKUP($B36,$S$3:$Y$9,7,FALSE) -> 0.26388889 | Z36: =VLOOKUP($B36,$S$3:$AA$9,8,FALSE) -> 0 | AA36: =VLOOKUP($B36,$S$3:$AA$9,9,FALSE) -> 60
S37: =B37 -> 0 | T37: =VLOOKUP($B37,$S$3:$Y$9,2,FALSE) -> #N/A | U37: =VLOOKUP($B37,$S$3:$Y$9,3,FALSE) -> #N/A | V37: =VLOOKUP($B37,$S$3:$Y$9,4,FALSE) -> #N/A | W37: =VLOOKUP($B37,$S$3:$Y$9,5,FALSE) -> #N/A | X37: =VLOOKUP($B37,$S$3:$Y$9,6,FALSE) -> #N/A | Y37: =VLOOKUP($B37,$S$3:$Y$9,7,FALSE) -> #N/A | Z37: =VLOOKUP($B37,$S$3:$AA$9,8,FALSE) -> #N/A | AA37: =VLOOKUP($B37,$S$3:$AA$9,9,FALSE) -> #N/A
S38: =B38 -> 0 | T38: =VLOOKUP($B38,$S$3:$Y$9,2,FALSE) -> #N/A | U38: =VLOOKUP($B38,$S$3:$Y$9,3,FALSE) -> #N/A | V38: =VLOOKUP($B38,$S$3:$Y$9,4,FALSE) -> #N/A | W38: =VLOOKUP($B38,$S$3:$Y$9,5,FALSE) -> #N/A | X38: =VLOOKUP($B38,$S$3:$Y$9,6,FALSE) -> #N/A | Y38: =VLOOKUP($B38,$S$3:$Y$9,7,FALSE) -> #N/A | Z38: =VLOOKUP($B38,$S$3:$AA$9,8,FALSE) -> #N/A | AA38: =VLOOKUP($B38,$S$3:$AA$9,9,FALSE) -> #N/A
S39: =B39 -> 0 | T39: =VLOOKUP($B39,$S$3:$Y$9,2,FALSE) -> #N/A | U39: =VLOOKUP($B39,$S$3:$Y$9,3,FALSE) -> #N/A | V39: =VLOOKUP($B39,$S$3:$Y$9,4,FALSE) -> #N/A | W39: =VLOOKUP($B39,$S$3:$Y$9,5,FALSE) -> #N/A | X39: =VLOOKUP($B39,$S$3:$Y$9,6,FALSE) -> #N/A | Y39: =VLOOKUP($B39,$S$3:$Y$9,7,FALSE) -> #N/A | Z39: =VLOOKUP($B39,$S$3:$AA$9,8,FALSE) -> #N/A | AA39: =VLOOKUP($B39,$S$3:$AA$9,9,FALSE) -> #N/A
S40: =B40 -> 0 | T40: =VLOOKUP($B40,$S$3:$Y$9,2,FALSE) -> #N/A | U40: =VLOOKUP($B40,$S$3:$Y$9,3,FALSE) -> #N/A | V40: =VLOOKUP($B40,$S$3:$Y$9,4,FALSE) -> #N/A | W40: =VLOOKUP($B40,$S$3:$Y$9,5,FALSE) -> #N/A | X40: =VLOOKUP($B40,$S$3:$Y$9,6,FALSE) -> #N/A | Y40: =VLOOKUP($B40,$S$3:$Y$9,7,FALSE) -> #N/A | Z40: =VLOOKUP($B40,$S$3:$AA$9,8,FALSE) -> #N/A | AA40: =VLOOKUP($B40,$S$3:$AA$9,9,FALSE) -> #N/A
I41: EXTRACT RECOVERY
B42: BRAND | D42: BBT P.G./ O.G | I42: Brand | J42: Actual | K42: MTD No. of Brews | L42: MTD | M42: YTD | N42: Target
B43: =I43 -> CARIB | C43: 11.7 | D43: 12.02 | I43: CARIB | J43: =AVERAGE(I10:I26) -> 94.340277 | K43: =COUNTA([28]Brewhouse!$A$102:$A$139) -> 38 | L43: =AVERAGE([28]Brewhouse!$AU$102:$AU$139) -> 94.377906 | M43: =AVERAGE([28]Brewhouse!$AU$102:$AU$139) -> 94.377906 | N43: 98
C44: 11.82 | I44: STAG | J44: =AVERAGE(I29:I36) -> 95.824016 | K44: =COUNTA([22]Brewhouse!$A$15:$A$36) -> 22 | L44: =AVERAGE([22]Brewhouse!$AS$15:$AS$44) -> 95.922423 | M44: =AVERAGE([22]Brewhouse!$AS$15:$AS$44) -> 95.922423 | N44: 98
C45: 11.7 | D45: 11.98 | I45: GUINNESS | N45: 98
C46: 11.64 | I46: VITAMALT | K46: =COUNTA([25]Brewhouse!$A$5:$A$8) -> 4 | L46: =AVERAGE([25]Brewhouse!$AV$5:$AV$8) -> 96.702302 | M46: =AVERAGE([25]Brewhouse!$AV$5:$AV$8) -> 96.702302 | N46: 98
C47: 11.8 | D47: 11.9 | I47: MAXIMALT | N47: 98
C48: 11.8 | I48: MACKESON | K48: =COUNTA([27]Brewhouse!$A$4:$A$11) -> 8 | L48: =AVERAGE([27]Brewhouse!$AT$4:$AT$11) -> 94.812617 | M48: =AVERAGE([27]Brewhouse!$AT$4:$AT$11) -> 94.812617 | N48: 98
C49: 11.83 | D49: 11.97 | I49: STARMALT | N49: 98
C50: 11.6 | I50: HR- Pils | K50: =COUNTA([26]Brewhouse!$A$5:$A$8) -> 4 | L50: =AVERAGE([26]Brewhouse!$AU$5:$AU$8) -> 91.006888 | M50: =AVERAGE([26]Brewhouse!$AU$5:$AU$8) -> 91.006888 | N50: 98
I51: HR- IPA
I52: HR- APA | N52: 98
K53: =SUM(K43:K52) -> 76 | L53: =((L43*K43)+(L44*K44)+(L45*K45)+(L46*K46)+(L47*K47)+(K50*L50)+(L48*K48)+(L49*K49)+(L52*K52))/(K53) -> 94.815677 | M53: =L53 -> 94.815677 | N53: 98
J55: Daily Brewing Plan
H56: 19th | I56: 18th | J56: Brand | K56: Brews Achieved 17th | L56: Average Brews per day
H57: 1 | I57: 8 | J57: CARIB | K57: 8 | L57: MTD | M57: YTD | N57: TARGET
H58: 8 | J58: STAG | L58: =AVERAGE('Jan 2nd'!K69,'Jan 3rd'!K69,'Jan 6th'!K54,'Jan 7th'!K76,'Jan 8th'!K76,'Jan. 10th'!K54,'Jan. 14th '!K54,'Jan.15th '!K55,Jan.16th!K58,'Jan.17th -19th'!K67) -> 6.4 | M58: =L58 -> 6.4
J59: GUINN
J60: VITAMALT
J61: STARMALT
J62: MACKESON
J63: HURRICANE REEF- IPA
J64: HURRICANE REEF- APA
B65: AVERAGE | D65: =AVERAGE(D43:E64) -> 11.9675 | J65: HR- PILSNER
J66: CARIBE
H67: =SUM(H57:H66) -> 9 | I67: =SUM(I57:I66) -> 8 | J67: Total | K67: =SUM(K57:K66) -> 8
B68: Process: | C68: Fermentation/Filtration
B70: Brand | C70: Filt. Date | D70: FV Hls | E70: GFE/ Prim/ Vita Blend (Hls) | F70: SV Hls | G70: BBT Hls | H70: Loss (%) Ferm | I70: Loss (%) Filt | J70: Comments | K70: Throughput | L70: Process Loss (%) | M70: Filt. Operator
U71: 43466 | V71: 43467 | W71: 43468 | X71: 43469 | Y71: 43470 | Z71: 43471 | AA71: 43472 | AB71: 43473 | AC71: 43474 | AD71: 43475 | AE71: 43476 | AF71: 43477 | AG71: 43478 | AH71: 43479 | AI71: 43480 | AJ71: 43481 | AK71: 43482 | AL71: 43483 | AM71: 43484 | AN71: 43485 | AO71: 43486 | AP71: 43487 | AQ71: 43488 | AR71: 43489 | AS71: 43490 | AT71: 43491 | AU71: 43492 | AV71: 43493 | AW71: 43494 | AX71: 43495 | AY71: 43496
B72: =I43 -> CARIB | C72: 45674 | D72: =[23]January_2025!$T$3 -> 401.5 | G72: =[23]January_2025!$T$7 -> 372.9 | J72: No Breaks | K72: =[24]January_2025!$T$18 -> 1.3084211 | L72: =(((D72+E72)-G72)/(D72+E72))*100 -> 7.1232877 | M72: G.Mason | T72: hls
T73: Throughput | U73: =[20]January_2019!D8 -> #DIV/0! | V73: =[20]January_2019!E8 -> 1.0319298 | W73: =[20]January_2019!F8 -> 1.7789474 | X73: =[20]January_2019!G8 -> 0.51929825 | Y73: =[20]January_2019!H8 -> #DIV/0! | Z73: =[20]January_2019!I8 -> #DIV/0! | AA73: =[20]January_2019!J8 -> 1.3652632 | AB73: =[20]January_2019!K8 -> #DIV/0! | ... AY73: =[20]January_2019!AH8 -> #DIV/0!
B80: Process Loss (Volume) | G80: Process Loss (Extract) | K80: Throughput
B81: Brand | C81: Actual | D81: MTD | E81: YTD | F81: Target | G81: Actual | H81: MTD | I81: YTD | J81: Target | K81: Actual | L81: MTD | M81: YTD | N81: Target
B82: CARIB | C82: =L72 -> 7.1232877 | D82: 8.851994 | F82: 4.8 | G82: =[23]January_2025!$T$11 -> 5.9121814 | H82: 10.305764 | J82: 4.8 | K82: =K72 -> 1.3084211 | L82: 0.97232456 | N82: 1
B83: STAG | D83: 6.7850095 | F83: 4.8 | H83: 11.587687 | J83: 4.8 | L83: 1.0883041 | N83: 1
B84: GUINN | D84: 7.5530587 | F84: 5.5 | H84: 2.6473552 | J84: 5.5 | L84: 1.0392982 | N84: 1
B85: VITAMALT | D85: 2.2380468 | F85: 3.3 | H85: 5.2472221 | J85: 3.3 | L85: 0.67438596 | N85: 1
B86: MAXIMALT | F86: 3.3 | J86: 3 | N86: 1
B87: MACKESON | F87: =[21]May_2022!$M$43 -> 3.4878407 | J87: 5.5 | N87: 1
B88: STARMALT | F88: 3.3 | J88: 3.3 | N88: 1
B89: HURRICANE REEF | F89: 7.5 | J89: 7.5 | N89: 1
D90: 6.7275557 | F90: 4.5 | H90: 6.9593481 | J90: 4.5 | L90: 0.80685146 | N90: 1
AD103: :

Sheet Jan.20th
T1: P.G. | V1: Hot Time | X1: Process Time | Z1: Cooling Time
B2: Brewing Department Daily Process Loss Report | T2: Lower | U2: Upper | V2: Lower | W2: Upper | X2: Lower | Y2: Upper | Z2: Lower | AA2: Upper
S3: CARIB | T3: 11.6 | U3: 12 | V3: 0 | W3: 0.11805556 | X3: 0.22569444 | Y3: 0.26388889 | Z3: 0 | AA3: 60 | AC3: HR- PISNER
B4: Date: | C4: 45678 | J4: LOT WORT COLOUR: 3.4 | M4: Filter Sheets (Target 20 days) | S4: STAG | T4: 11.6 | U4: 12 | V4: 0 | W4: 0.11805556 | X4: 0.22569444 | Y4: 0.26388889 | Z4: 0 | AA4: 60
M5: Double | N5: Single | S5: GUINNESS | T5: 17 | U5: 17.5 | V5: 0 | W5: 0.10763889 | X5: 0.24652778 | Y5: 0.28472222 | Z5: 0 | AA5: 60
J6: MALT LOT: Lot 25 | L6: Sheet Day | S6: MACKESON | T6: 13.3 | U6: 13.5 | V6: 0 | W6: 0.12905093 | X6: 0.27430556 | Y6: 0.30208333 | Z6: 0
S7: STARMALT | T7: 17.1 | U7: 17.5 | V7: 0 | W7: 0.13605324 | X7: 0.27430556 | Y7: 0.30902778 | Z7: 0 | AA7: 60
B8: Brand | C8: Brew no. | D8: Kett. Hls | E8: Wort | F8: Cool Time(Mins) | G8: Cast. P.G. (Lab Result) | H8: Cast P.G. (Cellar Operator)-gravity | I8: Extr. Rec (80.9%) | J8: Theor. Extr. (77.5%) | K8: Boil Off /Vol. (4-6%) | L8: Boil Time | M8: Total Hot | N8: Brewing | O8: Operator | P8: Comments | Q8: Actual Pilsen Malt | S8: Hurricane Reef | T8: 16.6 | U8: 17 | V8: 0 | W8: 0.12905093 | X8: 0.27430556 | Y8: 0.30208333 | Z8: 0
E9: Meter (Hls) | F9: Target(< 60Mins) | M9: Time | S9: VITAMALT | T9: 14.4 | U9: 14.6 | V9: 0 | W9: 0.13905093 | X9: 0.26041667 | Y9: 0.29513889 | Z9: 0 | AA9: 75
S10: =B10 -> 0 | T10: =VLOOKUP($B10,$S$3:$Y$9,2,FALSE) -> #N/A | U10: =VLOOKUP($B10,$S$3:$Y$9,3,FALSE) -> #N/A | V10: =VLOOKUP($B10,$S$3:$Y$9,4,FALSE) -> #N/A | W10: =VLOOKUP($B10,$S$3:$Y$9,5,FALSE) -> #N/A | X10: =VLOOKUP($B10,$S$3:$Y$9,6,FALSE) -> #N/A | Y10: =VLOOKUP($B10,$S$3:$Y$9,7,FALSE) -> #N/A | Z10: =VLOOKUP($B10,$S$3:$AA$9,8,FALSE) -> #N/A | AA10: =VLOOKUP($B10,$S$3:$AA$9,9,FALSE) -> #N/A
S11: =B11 -> 0 | T11: =VLOOKUP($B11,$S$3:$Y$9,2,FALSE) -> #N/A | U11: =VLOOKUP($B11,$S$3:$Y$9,3,FALSE) -> #N/A | V11: =VLOOKUP($B11,$S$3:$Y$9,4,FALSE) -> #N/A | W11: =VLOOKUP($B11,$S$3:$Y$9,5,FALSE) -> #N/A | X11: =VLOOKUP($B11,$S$3:$Y$9,6,FALSE) -> #N/A | Y11: =VLOOKUP($B11,$S$3:$Y$9,7,FALSE) -> #N/A | Z11: =VLOOKUP($B11,$S$3:$AA$9,8,FALSE) -> #N/A | AA11: =VLOOKUP($B11,$S$3:$AA$9,9,FALSE) -> #N/A
S12: =B12 -> 0 | T12: =VLOOKUP($B12,$S$3:$Y$9,2,FALSE) -> #N/A | U12: =VLOOKUP($B12,$S$3:$Y$9,3,FALSE) -> #N/A | V12: =VLOOKUP($B12,$S$3:$Y$9,4,FALSE) -> #N/A | W12: =VLOOKUP($B12,$S$3:$Y$9,5,FALSE) -> #N/A | X12: =VLOOKUP($B12,$S$3:$Y$9,6,FALSE) -> #N/A | Y12: =VLOOKUP($B12,$S$3:$Y$9,7,FALSE) -> #N/A | Z12: =VLOOKUP($B12,$S$3:$AA$9,8,FALSE) -> #N/A | AA12: =VLOOKUP($B12,$S$3:$AA$9,9,FALSE) -> #N/A
S13: =B13 -> 0 | T13: =VLOOKUP($B13,$S$3:$Y$9,2,FALSE) -> #N/A | U13: =VLOOKUP($B13,$S$3:$Y$9,3,FALSE) -> #N/A | V13: =VLOOKUP($B13,$S$3:$Y$9,4,FALSE) -> #N/A | W13: =VLOOKUP($B13,$S$3:$Y$9,5,FALSE) -> #N/A | X13: =VLOOKUP($B13,$S$3:$Y$9,6,FALSE) -> #N/A | Y13: =VLOOKUP($B13,$S$3:$Y$9,7,FALSE) -> #N/A | Z13: =VLOOKUP($B13,$S$3:$AA$9,8,FALSE) -> #N/A | AA13: =VLOOKUP($B13,$S$3:$AA$9,9,FALSE) -> #N/A
S14: =B14 -> 0 | T14: =VLOOKUP($B14,$S$3:$Y$9,2,FALSE) -> #N/A | U14: =VLOOKUP($B14,$S$3:$Y$9,3,FALSE) -> #N/A | V14: =VLOOKUP($B14,$S$3:$Y$9,4,FALSE) -> #N/A | W14: =VLOOKUP($B14,$S$3:$Y$9,5,FALSE) -> #N/A | X14: =VLOOKUP($B14,$S$3:$Y$9,6,FALSE) -> #N/A | Y14: =VLOOKUP($B14,$S$3:$Y$9,7,FALSE) -> #N/A | Z14: =VLOOKUP($B14,$S$3:$AA$9,8,FALSE) -> #N/A | AA14: =VLOOKUP($B14,$S$3:$AA$9,9,FALSE) -> #N/A
S15: =B15 -> 0 | T15: =VLOOKUP($B15,$S$3:$Y$9,2,FALSE) -> #N/A | U15: =VLOOKUP($B15,$S$3:$Y$9,3,FALSE) -> #N/A | V15: =VLOOKUP($B15,$S$3:$Y$9,4,FALSE) -> #N/A | W15: =VLOOKUP($B15,$S$3:$Y$9,5,FALSE) -> #N/A | X15: =VLOOKUP($B15,$S$3:$Y$9,6,FALSE) -> #N/A | Y15: =VLOOKUP($B15,$S$3:$Y$9,7,FALSE) -> #N/A | Z15: =VLOOKUP($B15,$S$3:$AA$9,8,FALSE) -> #N/A | AA15: =VLOOKUP($B15,$S$3:$AA$9,9,FALSE) -> #N/A
S16: =B16 -> 0 | T16: =VLOOKUP($B16,$S$3:$Y$9,2,FALSE) -> #N/A | U16: =VLOOKUP($B16,$S$3:$Y$9,3,FALSE) -> #N/A | V16: =VLOOKUP($B16,$S$3:$Y$9,4,FALSE) -> #N/A | W16: =VLOOKUP($B16,$S$3:$Y$9,5,FALSE) -> #N/A | X16: =VLOOKUP($B16,$S$3:$Y$9,6,FALSE) -> #N/A | Y16: =VLOOKUP($B16,$S$3:$Y$9,7,FALSE) -> #N/A | Z16: =VLOOKUP($B16,$S$3:$AA$9,8,FALSE) -> #N/A | AA16: =VLOOKUP($B16,$S$3:$AA$9,9,FALSE) -> #N/A
S17: =B17 -> 0 | T17: =VLOOKUP($B17,$S$3:$Y$9,2,FALSE) -> #N/A | U17: =VLOOKUP($B17,$S$3:$Y$9,3,FALSE) -> #N/A | V17: =VLOOKUP($B17,$S$3:$Y$9,4,FALSE) -> #N/A | W17: =VLOOKUP($B17,$S$3:$Y$9,5,FALSE) -> #N/A | X17: =VLOOKUP($B17,$S$3:$Y$9,6,FALSE) -> #N/A | Y17: =VLOOKUP($B17,$S$3:$Y$9,7,FALSE) -> #N/A | Z17: =VLOOKUP($B17,$S$3:$AA$9,8,FALSE) -> #N/A | AA17: =VLOOKUP($B17,$S$3:$AA$9,9,FALSE) -> #N/A
S18: =B18 -> 0 | T18: =VLOOKUP($B18,$S$3:$Y$9,2,FALSE) -> #N/A | U18: =VLOOKUP($B18,$S$3:$Y$9,3,FALSE) -> #N/A | V18: =VLOOKUP($B18,$S$3:$Y$9,4,FALSE) -> #N/A | W18: =VLOOKUP($B18,$S$3:$Y$9,5,FALSE) -> #N/A | X18: =VLOOKUP($B18,$S$3:$Y$9,6,FALSE) -> #N/A | Y18: =VLOOKUP($B18,$S$3:$Y$9,7,FALSE) -> #N/A | Z18: =VLOOKUP($B18,$S$3:$AA$9,8,FALSE) -> #N/A | AA18: =VLOOKUP($B18,$S$3:$AA$9,9,FALSE) -> #N/A
S19: =B19 -> 0 | T19: =VLOOKUP($B19,$S$3:$Y$9,2,FALSE) -> #N/A | U19: =VLOOKUP($B19,$S$3:$Y$9,3,FALSE) -> #N/A | V19: =VLOOKUP($B19,$S$3:$Y$9,4,FALSE) -> #N/A | W19: =VLOOKUP($B19,$S$3:$Y$9,5,FALSE) -> #N/A | X19: =VLOOKUP($B19,$S$3:$Y$9,6,FALSE) -> #N/A | Y19: =VLOOKUP($B19,$S$3:$Y$9,7,FALSE) -> #N/A | Z19: =VLOOKUP($B19,$S$3:$AA$9,8,FALSE) -> #N/A | AA19: =VLOOKUP($B19,$S$3:$AA$9,9,FALSE) -> #N/A
S20: =B20 -> 0 | T20: =VLOOKUP($B20,$S$3:$Y$9,2,FALSE) -> #N/A | U20: =VLOOKUP($B20,$S$3:$Y$9,3,FALSE) -> #N/A | V20: =VLOOKUP($B20,$S$3:$Y$9,4,FALSE) -> #N/A | W20: =VLOOKUP($B20,$S$3:$Y$9,5,FALSE) -> #N/A | X20: =VLOOKUP($B20,$S$3:$Y$9,6,FALSE) -> #N/A | Y20: =VLOOKUP($B20,$S$3:$Y$9,7,FALSE) -> #N/A | Z20: =VLOOKUP($B20,$S$3:$AA$9,8,FALSE) -> #N/A | AA20: =VLOOKUP($B20,$S$3:$AA$9,9,FALSE) -> #N/A
S21: =B21 -> 0 | T21: =VLOOKUP($B21,$S$3:$Y$9,2,FALSE) -> #N/A | U21: =VLOOKUP($B21,$S$3:$Y$9,3,FALSE) -> #N/A | V21: =VLOOKUP($B21,$S$3:$Y$9,4,FALSE) -> #N/A | W21: =VLOOKUP($B21,$S$3:$Y$9,5,FALSE) -> #N/A | X21: =VLOOKUP($B21,$S$3:$Y$9,6,FALSE) -> #N/A | Y21: =VLOOKUP($B21,$S$3:$Y$9,7,FALSE) -> #N/A | Z21: =VLOOKUP($B21,$S$3:$AA$9,8,FALSE) -> #N/A | AA21: =VLOOKUP($B21,$S$3:$AA$9,9,FALSE) -> #N/A
... S25: =B25 -> 0 | T25: =VLOOKUP($B25,$S$3:$Y$9,2,FALSE) -> #N/A | U25: =VLOOKUP($B25,$S$3:$Y$9,3,FALSE) -> #N/A | V25: =VLOOKUP($B25,$S$3:$Y$9,4,FALSE) -> #N/A | W25: =VLOOKUP($B25,$S$3:$Y$9,5,FALSE) -> #N/A | X25: =VLOOKUP($B25,$S$3:$Y$9,6,FALSE) -> #N/A | Y25: =VLOOKUP($B25,$S$3:$Y$9,7,FALSE) -> #N/A | Z25: =VLOOKUP($B25,$S$3:$AA$9,8,FALSE) -> #N/A | AA25: =VLOOKUP($B25,$S$3:$AA$9,9,FALSE) -> #N/A
B26: CARIB | C26: =[28]Brewhouse!$A140 -> CA039 | D26: =[28]Brewhouse!$AF140 -> 52.8 | E26: =[28]Brewhouse!$AI140 -> 48.2 | F26: =[28]Brewhouse!$V140 -> 57 | G26: =[28]Brewhouse!$AG140 -> 12 | H26: 11.8 | I26: =[28]Brewhouse!$AU140 -> 92.540899 | J26: =[28]Brewhouse!$AV140 -> 96.268385 | K26: =[28]Brewhouse!$Q140 -> 7.9717813 | L26: =[28]Brewhouse!$P140 -> 57 | M26: =[28]Brewhouse!$U140-[28]Brewhouse!$T140 -> 0.10416667 | N26: =[28]Brewhouse!$Z140 -> 0.26458333 | O26: =[28]Brewhouse!$AX140 -> R.Sookram | S26: =B26 -> CARIB | T26: =VLOOKUP($B26,$S$3:$Y$9,2,FALSE) -> 11.6 | U26: =VLOOKUP($B26,$S$3:$Y$9,3,FALSE) -> 12 | V26: =VLOOKUP($B26,$S$3:$Y$9,4,FALSE) -> 0 | W26: =VLOOKUP($B26,$S$3:$Y$9,5,FALSE) -> 0.11805556 | X26: =VLOOKUP($B26,$S$3:$Y$9,6,FALSE) -> 0.22569444 | Y26: =VLOOKUP($B26,$S$3:$Y$9,7,FALSE) -> 0.26388889 | Z26: =VLOOKUP($B26,$S$3:$AA$9,8,FALSE) -> 0 | AA26: =VLOOKUP($B26,$S$3:$AA$9,9,FALSE) -> 60
