Workbook

Sheet Entries July 2026
B1: ENTRIES FOR DAILY CONS. MONITOR | O1: =B1 -> ENTRIES FOR DAILY CONS. MONITOR
O2: Service 227.3 cubic meters (2273 Hls)Filtered 189.3 cubic meters(1893 Hls)
D3: FUEL | J3: ELECT. | L3: CO2 | O3: WATER | AG3: CO2 Scrubber (m3) | AH3: Supply to Washdown Area (m3) | AI3: Supply to RUs (m3) | AJ3: Steam Mass Flow Meter | AL3: CO2 TANKS' READING
B4: Boilers tot. | C4: Boiler 1 | D4: Gen. meter | E4: Tank level | F4: Boiler 1 | G4: Boiler 2 | H4: Gen | I4: Meter1 | J4: Meter 2 | K4: Gen Meter | L4: Consumption (BBT SECTION) (kg) | M4: Consumption (Totalizer Flowmeter) | N4: Consumption (Filler) (kg) | O4: Nawasa Meter (m3) | P4: Annandale Supply (m3) | Q4: Service Supply to Plant (m3) | R4: Cellars/Filtration (m3) | S4: Brewhouse Meter (m3) | T4: Cellars/Process Areas (m3) | U4: Pasteuriser (m3) | V4: Water Plant-Nawasa Annadale (m3) | W4: Water Plant-Well # 1 (m3) | X4: CIP Process | Y4: Bottle Washer | Z4: Boiler | AA4: Permeate #1 | AB4: Permeate #2 | AC4: Bottle Filler (m3) | AD4: RO # 1 Totaliser (m3) | AE4: RO # 2 Totaliser (m3) | AF4: Recovered Water (m3) | AL4: Tank "C" | AM4: Tank "A" | AN4: Tank "B" | AO4: Mobile Tanker
A5: DATE | B5: (liters) | C5: (liters) | D5: (Imp. gals) | E5: (inches) | F5: Hrs | G5: Hrs | H5: Hrs. | I5: (Kwhr) | J5: (Kwhr) | K5: (Kwhr) | M5: (kg) | X5: (m3) | Y5: (m3) | Z5: (m3) | AL5: inH2O | AM5: (Kg.) | AN5: (Kg.) | AO5: (pounds)
A6: 1 | B6: 8296880 | E6: 64 | F6: 9818.3 | G6: 68225 | I6: 1275845 | K6: 468000 | L6: 48242.18 | M6: 502510.38 | N6: 70845.18 | O6: 239094 | P6: 71771 | Q6: 973280 | S6: 86793 | U6: 252 | V6: 1351661 | X6: 46205 | Y6: 64265 | Z6: 14156 | AA6: 97122 | AC6: 5518 | AD6: 263573 | AJ6: 7369202.9
A7: 2 | B7: 8299720 | E7: 64 | F7: 9839.4 | G7: 68225 | I7: 1282285 | K7: 468000 | L7: 49225.89 | M7: 505237.47 | N7: 71138.77 | O7: 239360 | P7: 71948 | Q7: 973498 | S7: 86947 | U7: 255 | V7: 1351849 | X7: 46247 | Y7: 64329 | Z7: 14171 | AA7: 97122 | AC7: 5537 | AD7: 263573 | AJ7: 7369202.9
A8: 3 | B8: 8303170 | E8: 64 | F8: 9860.8 | G8: 68225 | I8: 1290886 | K8: 468000 | L8: 49786.92 | M8: 507678.46 | N8: 71585.36 | O8: 239629 | P8: 72161 | Q8: 973745 | S8: 87167 | U8: 262 | V8: 1352069 | X8: 46297 | Y8: 64412 | Z8: 14189 | AA8: 97122 | AC8: 5567 | AD8: 263573 | AJ8: 7369202.9
A9: 4 | B9: 8306160 | E9: 64 | F9: 9880.7 | G9: 68225 | I9: 1299598 | K9: 468000 | L9: 50298.22 | M9: 509591.38 | N9: 71795.41 | O9: 239636 | P9: 72304 | Q9: 973931 | S9: 87307 | U9: 264 | V9: 1352218 | X9: 46316 | Y9: 64498 | Z9: 14206 | AA9: 97122 | AC9: 5590 | AD9: 263568 | AJ9: 7369284.8
A10: 5 | B10: 8307100 | E10: 64 | F10: 9887.4 | G10: 68225 | I10: 1303250 | K10: 468000 | L10: 50298.22 | M10: 509591.38 | N10: 71795.41 | O10: 239657 | P10: 72488 | Q10: 974012 | S10: 87371 | U10: 300 | V10: 1352412 | X10: 46316 | Y10: 64503 | Z10: 14212 | AA10: 97122 | AC10: 5590 | AD10: 263568 | AJ10: 7369294.4
A11: 6 | B11: 8308580 | E11: 64 | F11: 9896.4 | G11: 68225 | I11: 1308613 | K11: 468000 | L11: 50340.57 | M11: 509699.38 | N11: 71811.71 | O11: 239658 | P11: 72529 | Q11: 974101 | S11: 87378 | U11: 303 | V11: 1352454 | X11: 46317 | Y11: 64537 | Z11: 14226 | AA11: 97122 | AC11: 5591 | AD11: 263555 | AJ11: 7369729.8
A12: 7 | B12: 8310990 | E12: 64 | F12: 9911.8 | G12: 68225 | I12: 1315792 | K12: 468000 | L12: 51246.97 | M12: 511528.81 | N12: 72023.41 | O12: 239783 | P12: 72717 | Q12: 974327 | S12: 87483 | U12: 309 | V12: 1352651 | X12: 46382 | Y12: 64613 | Z12: 14253 | AA12: 97122 | AC12: 5620 | AD12: 263558 | AJ12: 7369729.8
A13: 8 | B13: 8313800 | E13: 64 | F13: 9931 | G13: 68225 | I13: 1323958 | K13: 468000 | L13: 51888.07 | M13: 512905.5 | N13: 72141.08 | O13: 240050 | P13: 72841 | Q13: 974472 | S13: 87619 | U13: 316 | V13: 1352781 | X13: 46398 | Y13: 64662 | Z13: 14282 | AA13: 97122 | AC13: 5636 | AD13: 263613 | AJ13: 7369758.9
A14: 9 | B14: 8317310 | E14: 64 | F14: 9951.2 | G14: 68225 | I14: 1334042 | K14: 468000 | L14: 52910.04 | M14: 516105.19 | N14: 72421.32 | O14: 240051 | P14: 72958 | Q14: 974696 | S14: 87813 | U14: 321 | V14: 1352904 | X14: 46433 | Y14: 64743 | Z14: 14314 | AA14: 97122 | AC14: 5668 | AD14: 263673 | AJ14: 7369758.9
A15: 10 | B15: 8319820 | E15: 64 | F15: 9970.7 | G15: 68225 | I15: 1340634 | K15: 468000 | L15: 53307 | M15: 517705.91 | N15: 72579.13 | O15: 240264 | P15: 73153 | Q15: 974908 | S15: 87878 | U15: 321 | V15: 1353108 | X15: 46485 | Y15: 64816 | Z15: 14342 | AA15: 97122 | AC15: 5689 | AD15: 263676 | AJ15: 7369758.9
A16: 11 | B16: 8322770 | E16: 64 | F16: 9989.6 | G16: 68225 | I16: 1348237 | K16: 468000 | L16: 54036.04 | M16: 519534.59 | N16: 72780.29 | O16: 240498 | P16: 73332 | Q16: 975095 | S16: 88042 | U16: 323 | V16: 1353296 | X16: 46515 | Y16: 64886 | Z16: 14375 | AA16: 97122 | AC16: 5712 | AD16: 263676 | AJ16: 7369758.9
A17: 12 | B17: 8324770 | E17: 64 | F17: 10004 | G17: 68225 | I17: 1352074 | K17: 468000 | L17: 54036.04 | M17: 519676.67 | N17: 72780.29 | O17: 240498 | P17: 73429 | Q17: 975195 | S17: 88138 | U17: 323 | V17: 1353396 | X17: 46515 | Y17: 64927 | Z17: 14388 | AA17: 97122 | AC17: 5717 | AD17: 263676 | AJ17: 7369758.9
... A37: 1 | B37: 8379250 | E37: 64 | F37: 10357.7 | G37: 68225 | I37: 1496310 | K37: 468000 | L37: 63876.51 | M37: 550471 | N37: 75948.14 | O37: 243905 | P37: 76483 | Q37: 979132 | S37: 90627 | U37: 367 | V37: 1356580 | X37: 47169 | Y37: 66288 | Z37: 14750 | AA37: 97122 | AC37: 6043 | AD37: 263788 | AJ37: 7369792.7

Sheet Utility Analysis July 2026
J2: GRENADA BREWERIES LIMITED
J3: UTILITY ANALYSIS
A5: MONTH: | I5: 39295
A7: DATE | D7: ELECTRICITY GRENLEC | E7: Solar System CARIB | F7: % (Solar/Total Usage) | G7: CARIB GENSET | H7: ELECTRICITY TOTAL | I7: WATER | J7: FUEL | K7: CO2 | L7: PRODUCTION - HL | Q7: UTILITY RATIOS
B8: METER 1 | C8: METER 2 | Q8: Elect | R8: Water | S8: Fuel | T8: CO2
G9: USAGE (kwh) | H9: USAGE (kwh) | I9: USAGE (Hl) | J9: USAGE (l) | K9: USAGE (Kg.) | L9: BREWED | M9: BOTTLED | N9: KEGS | O9: OTHER | P9: TOTAL | Q9: KWH/Hl | R9: Hl/hl | S9: Litres/hl | T9: kg./Hl
A10: 1 | B10: =IF('Entries July 2026'!I7<'Entries July 2026'!I6,"0",(IF('Entries July 2026'!I7>='Entries July 2026'!I6,'Entries July 2026'!I7-'Entries July 2026'!I6,(999999-'Entries July 2026'!I6)+'Entries July 2026'!I7+1))) -> 6440 | C10: =IF('Entries July 2026'!J7<='Entries July 2026'!J6,"0",IF('Entries July 2026'!J7>='Entries July 2026'!J6,'Entries July 2026'!J7-'Entries July 2026'!J6,(999999-'Entries July 2026'!J6)+'Entries July 2026'!J7+1)) -> 0 | D10: =B10+C10 -> 6440 | E10: 1524 | F10: =IF((E10+D10)=0,"0",E10/(D10+E10)) -> 0.19136113 | G10: =IF('Entries July 2026'!K7<'Entries July 2026'!K6,"0",IF('Entries July 2026'!K7>='Entries July 2026'!K6,'Entries July 2026'!K7-'Entries July 2026'!K6,(999999-'Entries July 2026'!K6)+'Entries July 2026'!K7+1)) -> 0 | H10: =D10+G10+E10 -> 7964 | I10: ='Water '!Z7*10 -> 4430 | J10: =IF('Entries July 2026'!B7-'Entries July 2026'!B6<1,"0",'Entries July 2026'!B7-'Entries July 2026'!B6) -> 2840 | K10: ='CO2'!E7 -> 2800 | L10: =+'PROD.FIG. '!F5 -> 0 | M10: =+'PROD.FIG. '!C5 -> 0 | N10: =+'PROD.FIG. '!D5 -> 0 | O10: =+'PROD.FIG. '!E5 -> 0 | P10: {=TRANSPOSE('Daily KPIs'!B9:AF9)} -> 471.8652 | Q10: =IF(P10=0,0,H10/P10) -> 16.877702 | R10: =IF(Q10=0,0,I10/P10) -> 9.3882744 | S10: =IF(R10=0,0,J10/P10) -> 6.018668 | T10: =IF(S10=0,0,K10/P10) -> 5.9338981
A11: 2 | B11: =IF('Entries July 2026'!I8<'Entries July 2026'!I7,"0",(IF('Entries July 2026'!I8>='Entries July 2026'!I7,'Entries July 2026'!I8-'Entries July 2026'!I7,(999999-'Entries July 2026'!I7)+'Entries July 2026'!I8+1))) -> 8601 | C11: =IF('Entries July 2026'!J8<='Entries July 2026'!J7,"0",IF('Entries July 2026'!J8>='Entries July 2026'!J7,'Entries July 2026'!J8-'Entries July 2026'!J7,(999999-'Entries July 2026'!J7)+'Entries July 2026'!J8+1)) -> 0 | D11: =B11+C11 -> 8601 | E11: 1499 | F11: =IF((E11+D11)=0,"0",E11/(D11+E11)) -> 0.14841584 | G11: =IF('Entries July 2026'!K8<'Entries July 2026'!K7,"0",IF('Entries July 2026'!K8>='Entries July 2026'!K7,'Entries July 2026'!K8-'Entries July 2026'!K7,(999999-'Entries July 2026'!K7)+'Entries July 2026'!K8+1)) -> 0 | H11: =D11+G11+E11 -> 10100 | I11: ='Water '!Z8*10 -> 4820 | J11: =IF('Entries July 2026'!B8-'Entries July 2026'!B7<1,"0",'Entries July 2026'!B8-'Entries July 2026'!B7) -> 3450 | K11: ='CO2'!E8 -> 2500 | L11: =+'PROD.FIG. '!F6 -> 0 | M11: =+'PROD.FIG. '!C6 -> 0 | N11: =+'PROD.FIG. '!D6 -> 0 | O11: =+'PROD.FIG. '!E6 -> 0 | P11: 507.3684 | Q11: =IF(P11=0,0,H11/P11) -> 19.90664 | R11: =IF(Q11=0,0,I11/P11) -> 9.5000004 | S11: =IF(R11=0,0,J11/P11) -> 6.7997928 | T11: =IF(S11=0,0,K11/P11) -> 4.9273861
A12: 3 | B12: =IF('Entries July 2026'!I9<'Entries July 2026'!I8,"0",(IF('Entries July 2026'!I9>='Entries July 2026'!I8,'Entries July 2026'!I9-'Entries July 2026'!I8,(999999-'Entries July 2026'!I8)+'Entries July 2026'!I9+1))) -> 8712 | C12: =IF('Entries July 2026'!J9<='Entries July 2026'!J8,"0",IF('Entries July 2026'!J9>='Entries July 2026'!J8,'Entries July 2026'!J9-'Entries July 2026'!J8,(999999-'Entries July 2026'!J8)+'Entries July 2026'!J9+1)) -> 0 | D12: =B12+C12 -> 8712 | E12: 534.4 | F12: =IF((E12+D12)=0,"0",E12/(D12+E12)) -> 0.057795466 | G12: =IF('Entries July 2026'!K9<'Entries July 2026'!K8,"0",IF('Entries July 2026'!K9>='Entries July 2026'!K8,'Entries July 2026'!K9-'Entries July 2026'!K8,(999999-'Entries July 2026'!K8)+'Entries July 2026'!K9+1)) -> 0 | H12: =D12+G12+E12 -> 9246.4 | I12: ='Water '!Z9*10 -> 1500 | J12: =IF('Entries July 2026'!B9-'Entries July 2026'!B8<1,"0",'Entries July 2026'!B9-'Entries July 2026'!B8) -> 2990 | K12: ='CO2'!E9 -> 3100 | L12: =+'PROD.FIG. '!F7 -> 0 | M12: =+'PROD.FIG. '!C7 -> 0 | N12: =+'PROD.FIG. '!D7 -> 0 | O12: =+'PROD.FIG. '!E7 -> 0 | P12: 492.096 | Q12: =IF(P12=0,0,H12/P12) -> 18.78983 | R12: =IF(Q12=0,0,I12/P12) -> 3.0481857 | S12: =IF(R12=0,0,J12/P12) -> 6.0760502 | T12: =IF(S12=0,0,K12/P12) -> 6.2995838
A13: 4 | B13: =IF('Entries July 2026'!I10<'Entries July 2026'!I9,"0",(IF('Entries July 2026'!I10>='Entries July 2026'!I9,'Entries July 2026'!I10-'Entries July 2026'!I9,(999999-'Entries July 2026'!I9)+'Entries July 2026'!I10+1))) -> 3652 | C13: =IF('Entries July 2026'!J10<='Entries July 2026'!J9,"0",IF('Entries July 2026'!J10>='Entries July 2026'!J9,'Entries July 2026'!J10-'Entries July 2026'!J9,(999999-'Entries July 2026'!J9)+'Entries July 2026'!J10+1)) -> 0 | D13: =B13+C13 -> 3652 | E13: 1458 | F13: =IF((E13+D13)=0,"0",E13/(D13+E13)) -> 0.2853229 | G13: =IF('Entries July 2026'!K10<'Entries July 2026'!K9,"0",IF('Entries July 2026'!K10>='Entries July 2026'!K9,'Entries July 2026'!K10-'Entries July 2026'!K9,(999999-'Entries July 2026'!K9)+'Entries July 2026'!K10+1)) -> 0 | H13: =D13+G13+E13 -> 5110 | I13: ='Water '!Z10*10 -> 2050 | J13: =IF('Entries July 2026'!B10-'Entries July 2026'!B9<1,"0",'Entries July 2026'!B10-'Entries July 2026'!B9) -> 940 | K13: ='CO2'!E10 -> 0 | L13: =+'PROD.FIG. '!F8 -> 0 | M13: =+'PROD.FIG. '!C8 -> 0 | N13: =+'PROD.FIG. '!D8 -> 0 | O13: =+'PROD.FIG. '!E8 -> 0 | P13: 0 | Q13: =IF(P13=0,0,H13/P13) -> 0 | R13: =IF(Q13=0,0,I13/P13) -> 0 | S13: =IF(R13=0,0,J13/P13) -> 0 | T13: =IF(S13=0,0,K13/P13) -> 0
A14: 5 | B14: =IF('Entries July 2026'!I11<'Entries July 2026'!I10,"0",(IF('Entries July 2026'!I11>='Entries July 2026'!I10,'Entries July 2026'!I11-'Entries July 2026'!I10,(999999-'Entries July 2026'!I10)+'Entries July 2026'!I11+1))) -> 5363 | C14: =IF('Entries July 2026'!J11<='Entries July 2026'!J10,"0",IF('Entries July 2026'!J11>='Entries July 2026'!J10,'Entries July 2026'!J11-'Entries July 2026'!J10,(999999-'Entries July 2026'!J10)+'Entries July 2026'!J11+1)) -> 0 | D14: =B14+C14 -> 5363 | E14: 1074.4 | F14: =IF((E14+D14)=0,"0",E14/(D14+E14)) -> 0.16689968 | G14: =IF('Entries July 2026'!K11<'Entries July 2026'!K10,"0",IF('Entries July 2026'!K11>='Entries July 2026'!K10,'Entries July 2026'!K11-'Entries July 2026'!K10,(999999-'Entries July 2026'!K10)+'Entries July 2026'!K11+1)) -> 0 | H14: =D14+G14+E14 -> 6437.4 | I14: ='Water '!Z11*10 -> 420 | J14: =IF('Entries July 2026'!B11-'Entries July 2026'!B10<1,"0",'Entries July 2026'!B11-'Entries July 2026'!B10) -> 1480 | K14: ='CO2'!E11 -> 0 | L14: =+'PROD.FIG. '!F9 -> 0 | M14: =+'PROD.FIG. '!C9 -> 0 | N14: =+'PROD.FIG. '!D9 -> 0 | O14: =+'PROD.FIG. '!E9 -> 0 | P14: 0 | Q14: =IF(P14=0,0,H14/P14) -> 0 | R14: =IF(Q14=0,0,I14/P14) -> 0 | S14: =IF(R14=0,0,J14/P14) -> 0 | T14: =IF(S14=0,0,K14/P14) -> 0
A15: 6 | B15: =IF('Entries July 2026'!I12<'Entries July 2026'!I11,"0",(IF('Entries July 2026'!I12>='Entries July 2026'!I11,'Entries July 2026'!I12-'Entries July 2026'!I11,(999999-'Entries July 2026'!I11)+'Entries July 2026'!I12+1))) -> 7179 | C15: =IF('Entries July 2026'!J12<='Entries July 2026'!J11,"0",IF('Entries July 2026'!J12>='Entries July 2026'!J11,'Entries July 2026'!J12-'Entries July 2026'!J11,(999999-'Entries July 2026'!J11)+'Entries July 2026'!J12+1)) -> 0 | D15: =B15+C15 -> 7179 | E15: 1149.1 | F15: =IF((E15+D15)=0,"0",E15/(D15+E15)) -> 0.13797865 | G15: =IF('Entries July 2026'!K12<'Entries July 2026'!K11,"0",IF('Entries July 2026'!K12>='Entries July 2026'!K11,'Entries July 2026'!K12-'Entries July 2026'!K11,(999999-'Entries July 2026'!K11)+'Entries July 2026'!K12+1)) -> 0 | H15: =D15+G15+E15 -> 8328.1 | I15: ='Water '!Z12*10 -> 3130 | J15: =IF('Entries July 2026'!B12-'Entries July 2026'!B11<1,"0",'Entries July 2026'!B12-'Entries July 2026'!B11) -> 2410 | K15: ='CO2'!E12 -> 1600 | L15: =+'PROD.FIG. '!F10 -> 0 | M15: =+'PROD.FIG. '!C10 -> 0 | N15: =+'PROD.FIG. '!D10 -> 0 | O15: =+'PROD.FIG. '!E10 -> 0 | P15: 410.784 | Q15: =IF(P15=0,0,H15/P15) -> 20.273672 | R15: =IF(Q15=0,0,I15/P15) -> 7.6195762 | S15: =IF(R15=0,0,J15/P15) -> 5.8668303 | T15: =IF(S15=0,0,K15/P15) -> 3.894991
A16: 7 | B16: =IF('Entries July 2026'!I13<'Entries July 2026'!I12,"0",(IF('Entries July 2026'!I13>='Entries July 2026'!I12,'Entries July 2026'!I13-'Entries July 2026'!I12,(999999-'Entries July 2026'!I12)+'Entries July 2026'!I13+1))) -> 8166 | C16: =IF('Entries July 2026'!J13<='Entries July 2026'!J12,"0",IF('Entries July 2026'!J13>='Entries July 2026'!J12,'Entries July 2026'!J13-'Entries July 2026'!J12,(999999-'Entries July 2026'!J12)+'Entries July 2026'!J13+1)) -> 0 | D16: =B16+C16 -> 8166 | E16: 1453.3 | F16: =IF((E16+D16)=0,"0",E16/(D16+E16)) -> 0.15108168 | G16: =IF('Entries July 2026'!K13<'Entries July 2026'!K12,"0",IF('Entries July 2026'!K13>='Entries July 2026'!K12,'Entries July 2026'!K13-'Entries July 2026'!K12,(999999-'Entries July 2026'!K12)+'Entries July 2026'!K13+1)) -> 0 | H16: =D16+G16+E16 -> 9619.3 | I16: ='Water '!Z13*10 -> 3910 | J16: =IF('Entries July 2026'!B13-'Entries July 2026'!B12<1,"0",'Entries July 2026'!B13-'Entries July 2026'!B12) -> 2810 | K16: ='CO2'!E13 -> 1600 | L16: =+'PROD.FIG. '!F11 -> 0 | M16: =+'PROD.FIG. '!C11 -> 0 | N16: =+'PROD.FIG. '!D11 -> 0 | O16: =+'PROD.FIG. '!E11 -> 0 | P16: 209.88 | Q16: =IF(P16=0,0,H16/P16) -> 45.83238 | R16: =IF(Q16=0,0,I16/P16) -> 18.629693 | S16: =IF(R16=0,0,J16/P16) -> 13.388603 | T16: =IF(S16=0,0,K16/P16) -> 7.6234038
A17: 8 | B17: =IF('Entries July 2026'!I14<'Entries July 2026'!I13,"0",(IF('Entries July 2026'!I14>='Entries July 2026'!I13,'Entries July 2026'!I14-'Entries July 2026'!I13,(999999-'Entries July 2026'!I13)+'Entries July 2026'!I14+1))) -> 10084 | C17: =IF('Entries July 2026'!J14<='Entries July 2026'!J13,"0",IF('Entries July 2026'!J14>='Entries July 2026'!J13,'Entries July 2026'!J14-'Entries July 2026'!J13,(999999-'Entries July 2026'!J13)+'Entries July 2026'!J14+1)) -> 0 | D17: =B17+C17 -> 10084 | E17: 1338.1 | F17: =IF((E17+D17)=0,"0",E17/(D17+E17)) -> 0.11715009 | G17: =IF('Entries July 2026'!K14<'Entries July 2026'!K13,"0",IF('Entries July 2026'!K14>='Entries July 2026'!K13,'Entries July 2026'!K14-'Entries July 2026'!K13,(999999-'Entries July 2026'!K13)+'Entries July 2026'!K14+1)) -> 0 | H17: =D17+G17+E17 -> 11422.1 | I17: ='Water '!Z14*10 -> 1180 | J17: =IF('Entries July 2026'!B14-'Entries July 2026'!B13<1,"0",'Entries July 2026'!B14-'Entries July 2026'!B13) -> 3510 | K17: ='CO2'!E14 -> 3200 | L17: =+'PROD.FIG. '!F12 -> 0 | M17: =+'PROD.FIG. '!C12 -> 0 | N17: =+'PROD.FIG. '!D12 -> 0 | O17: =+'PROD.FIG. '!E12 -> 0 | P17: 376.728 | Q17: =IF(P17=0,0,H17/P17) -> 30.319222 | R17: =IF(Q17=0,0,I17/P17) -> 3.1322333 | S17: =IF(R17=0,0,J17/P17) -> 9.317067 | T17: =IF(S17=0,0,K17/P17) -> 8.4941921
A18: 9 | B18: =IF('Entries July 2026'!I15<'Entries July 2026'!I14,"0",(IF('Entries July 2026'!I15>='Entries July 2026'!I14,'Entries July 2026'!I15-'Entries July 2026'!I14,(999999-'Entries July 2026'!I14)+'Entries July 2026'!I15+1))) -> 6592 | C18: =IF('Entries July 2026'!J15<='Entries July 2026'!J14,"0",IF('Entries July 2026'!J15>='Entries July 2026'!J14,'Entries July 2026'!J15-'Entries July 2026'!J14,(999999-'Entries July 2026'!J14)+'Entries July 2026'!J15+1)) -> 0 | D18: =B18+C18 -> 6592 | E18: 1304 | F18: =IF((E18+D18)=0,"0",E18/(D18+E18)) -> 0.16514691 | G18: =IF('Entries July 2026'!K15<'Entries July 2026'!K14,"0",IF('Entries July 2026'!K15>='Entries July 2026'!K14,'Entries July 2026'!K15-'Entries July 2026'!K14,(999999-'Entries July 2026'!K14)+'Entries July 2026'!K15+1)) -> 0 | H18: =D18+G18+E18 -> 7896 | I18: ='Water '!Z15*10 -> 4080 | J18: =IF('Entries July 2026'!B15-'Entries July 2026'!B14<1,"0",'Entries July 2026'!B15-'Entries July 2026'!B14) -> 2510 | K18: ='CO2'!E15 -> 1600 | L18: =+'PROD.FIG. '!F13 -> 0 | M18: =+'PROD.FIG. '!C13 -> 0 | N18: =+'PROD.FIG. '!D13 -> 0 | O18: =+'PROD.FIG. '!E13 -> 0 | P18: 322.806 | Q18: =IF(P18=0,0,H18/P18) -> 24.460512 | R18: =IF(Q18=0,0,I18/P18) -> 12.63917 | S18: =IF(R18=0,0,J18/P18) -> 7.775568 | T18: =IF(S18=0,0,K18/P18) -> 4.9565374
A19: 10 | B19: =IF('Entries July 2026'!I16<'Entries July 2026'!I15,"0",(IF('Entries July 2026'!I16>='Entries July 2026'!I15,'Entries July 2026'!I16-'Entries July 2026'!I15,(999999-'Entries July 2026'!I15)+'Entries July 2026'!I16+1))) -> 7603 | C19: =IF('Entries July 2026'!J16<='Entries July 2026'!J15,"0",IF('Entries July 2026'!J16>='Entries July 2026'!J15,'Entries July 2026'!J16-'Entries July 2026'!J15,(999999-'Entries July 2026'!J15)+'Entries July 2026'!J16+1)) -> 0 | D19: =B19+C19 -> 7603 | E19: 1399.9 | F19: =IF((E19+D19)=0,"0",E19/(D19+E19)) -> 0.15549434 | G19: =IF('Entries July 2026'!K16<'Entries July 2026'!K15,"0",IF('Entries July 2026'!K16>='Entries July 2026'!K15,'Entries July 2026'!K16-'Entries July 2026'!K15,(999999-'Entries July 2026'!K15)+'Entries July 2026'!K16+1)) -> 0 | H19: =D19+G19+E19 -> 9002.9 | I19: ='Water '!Z16*10 -> 4130 | J19: =IF('Entries July 2026'!B16-'Entries July 2026'!B15<1,"0",'Entries July 2026'!B16-'Entries July 2026'!B15) -> 2950 | K19: ='CO2'!E16 -> 1900 | L19: =+'PROD.FIG. '!F14 -> 0 | M19: =+'PROD.FIG. '!C14 -> 0 | N19: =+'PROD.FIG. '!D14 -> 0 | O19: =+'PROD.FIG. '!E14 -> 0 | P19: 349.932 | Q19: =IF(P19=0,0,H19/P19) -> 25.72757 | R19: =IF(Q19=0,0,I19/P19) -> 11.802293 | S19: =IF(R19=0,0,J19/P19) -> 8.4302093 | T19: =IF(S19=0,0,K19/P19) -> 5.4296263
A20: 11 | B20: =IF('Entries July 2026'!I17<'Entries July 2026'!I16,"0",(IF('Entries July 2026'!I17>='Entries July 2026'!I16,'Entries July 2026'!I17-'Entries July 2026'!I16,(999999-'Entries July 2026'!I16)+'Entries July 2026'!I17+1))) -> 3837 | C20: =IF('Entries July 2026'!J17<='Entries July 2026'!J16,"0",IF('Entries July 2026'!J17>='Entries July 2026'!J16,'Entries July 2026'!J17-'Entries July 2026'!J16,(999999-'Entries July 2026'!J16)+'Entries July 2026'!J17+1)) -> 0 | D20: =B20+C20 -> 3837 | E20: 511.9 | F20: =IF((E20+D20)=0,"0",E20/(D20+E20)) -> 0.11770793 | G20: =IF('Entries July 2026'!K17<'Entries July 2026'!K16,"0",IF('Entries July 2026'!K17>='Entries July 2026'!K16,'Entries July 2026'!K17-'Entries July 2026'!K16,(999999-'Entries July 2026'!K16)+'Entries July 2026'!K17+1)) -> 0 | H20: =D20+G20+E20 -> 4348.9 | I20: ='Water '!Z17*10 -> 970 | J20: =IF('Entries July 2026'!B17-'Entries July 2026'!B16<1,"0",'Entries July 2026'!B17-'Entries July 2026'!B16) -> 2000 | K20: ='CO2'!E17 -> 300 | L20: =+'PROD.FIG. '!F15 -> 0 | M20: =+'PROD.FIG. '!C15 -> 0 | N20: =+'PROD.FIG. '!D15 -> 0 | O20: =+'PROD.FIG. '!E15 -> 0 | P20: 0 | Q20: =IF(P20=0,0,H20/P20) -> 0 | R20: =IF(Q20=0,0,I20/P20) -> 0 | S20: =IF(R20=0,0,J20/P20) -> 0 | T20: =IF(S20=0,0,K20/P20) -> 0
A21: 12 | B21: =IF('Entries July 2026'!I18<'Entries July 2026'!I17,"0",(IF('Entries July 2026'!I18>='Entries July 2026'!I17,'Entries July 2026'!I18-'Entries July 2026'!I17,(999999-'Entries July 2026'!I17)+'Entries July 2026'!I18+1))) -> 4845 | C21: =IF('Entries July 2026'!J18<='Entries July 2026'!J17,"0",IF('Entries July 2026'!J18>='Entries July 2026'!J17,'Entries July 2026'!J18-'Entries July 2026'!J17,(999999-'Entries July 2026'!J17)+'Entries July 2026'!J18+1)) -> 0 | D21: =B21+C21 -> 4845 | E21: 335.7 | F21: =IF((E21+D21)=0,"0",E21/(D21+E21)) -> 0.064798193 | G21: =IF('Entries July 2026'!K18<'Entries July 2026'!K17,"0",IF('Entries July 2026'!K18>='Entries July 2026'!K17,'Entries July 2026'!K18-'Entries July 2026'!K17,(999999-'Entries July 2026'!K17)+'Entries July 2026'!K18+1)) -> 0 | H21: =D21+G21+E21 -> 5180.7 | I21: ='Water '!Z18*10 -> 4650 | J21: =IF('Entries July 2026'!B18-'Entries July 2026'!B17<1,"0",'Entries July 2026'!B18-'Entries July 2026'!B17) -> 2480 | K21: ='CO2'!E18 -> 500 | L21: =+'PROD.FIG. '!F16 -> 0 | M21: =+'PROD.FIG. '!C16 -> 0 | N21: =+'PROD.FIG. '!D16 -> 0 | O21: =+'PROD.FIG. '!E16 -> 0 | P21: 0 | Q21: =IF(P21=0,0,H21/P21) -> 0 | R21: =IF(Q21=0,0,I21/P21) -> 0 | S21: =IF(R21=0,0,J21/P21) -> 0 | T21: =IF(S21=0,0,K21/P21) -> 0
A22: 13 | B22: =IF('Entries July 2026'!I19<'Entries July 2026'!I18,"0",(IF('Entries July 2026'!I19>='Entries July 2026'!I18,'Entries July 2026'!I19-'Entries July 2026'!I18,(999999-'Entries July 2026'!I18)+'Entries July 2026'!I19+1))) -> 8262 | C22: =IF('Entries July 2026'!J19<='Entries July 2026'!J18,"0",IF('Entries July 2026'!J19>='Entries July 2026'!J18,'Entries July 2026'!J19-'Entries July 2026'!J18,(999999-'Entries July 2026'!J18)+'Entries July 2026'!J19+1)) -> 0 | D22: =B22+C22 -> 8262 | E22: 740.4 | F22: =IF((E22+D22)=0,"0",E22/(D22+E22)) -> 0.082244735 | G22: =IF('Entries July 2026'!K19<'Entries July 2026'!K18,"0",IF('Entries July 2026'!K19>='Entries July 2026'!K18,'Entries July 2026'!K19-'Entries July 2026'!K18,(999999-'Entries July 2026'!K18)+'Entries July 2026'!K19+1)) -> 0 | H22: =D22+G22+E22 -> 9002.4 | I22: ='Water '!Z19*10 -> 2800 | J22: =IF('Entries July 2026'!B19-'Entries July 2026'!B18<1,"0",'Entries July 2026'!B19-'Entries July 2026'!B18) -> 2280 | K22: ='CO2'!E19 -> 1800 | L22: =+'PROD.FIG. '!F17 -> 0 | M22: =+'PROD.FIG. '!C17 -> 0 | N22: =+'PROD.FIG. '!D17 -> 0 | O22: =+'PROD.FIG. '!E17 -> 0 | P22: 407.22 | Q22: =IF(P22=0,0,H22/P22) -> 22.106969 | R22: =IF(Q22=0,0,I22/P22) -> 6.8758902 | S22: =IF(R22=0,0,J22/P22) -> 5.5989391 | T22: =IF(S22=0,0,K22/P22) -> 4.4202151
... A39: 30 | B39: =IF('Entries July 2026'!I36<'Entries July 2026'!I35,"0",(IF('Entries July 2026'!I36>='Entries July 2026'!I35,'Entries July 2026'!I36-'Entries July 2026'!I35,(999999-'Entries July 2026'!I35)+'Entries July 2026'!I36+1))) -> 9708 | C39: =IF('Entries July 2026'!J36<='Entries July 2026'!J35,"0",IF('Entries July 2026'!J36>='Entries July 2026'!J35,'Entries July 2026'!J36-'Entries July 2026'!J35,(999999-'Entries July 2026'!J35)+'Entries July 2026'!J36+1)) -> 0 | D39: =B39+C39 -> 9708 | E39: 1507.1 | F39: =IF((E39+D39)=0,"0",E39/(D39+E39)) -> 0.13438133 | G39: =IF('Entries July 2026'!K36<'Entries July 2026'!K35,"0",IF('Entries July 2026'!K36>='Entries July 2026'!K35,'Entries July 2026'!K36-'Entries July 2026'!K35,(999999-'Entries July 2026'!K35)+'Entries July 2026'!K36+1)) -> 0 | H39: =D39+G39+E39 -> 11215.1 | I39: ='Water '!Z36*10 -> 3470 | J39: =IF('Entries July 2026'!B36-'Entries July 2026'!B35<1,"0",'Entries July 2026'!B36-'Entries July 2026'!B35) -> 3920 | K39: ='CO2'!E36 -> 2500 | L39: =+'PROD.FIG. '!F34 -> 0 | M39: =+'PROD.FIG. '!C34 -> 0 | N39: =+'PROD.FIG. '!D34 -> 0 | O39: =+'PROD.FIG. '!E34 -> 0 | P39: 606.8688 | Q39: =IF(P39=0,0,H39/P39) -> 18.480271 | R39: =IF(Q39=0,0,I39/P39) -> 5.7178751 | S39: =IF(R39=0,0,J39/P39) -> 6.4593863 | T39: =IF(S39=0,0,K39/P39) -> 4.1195066
A40: 31 | B40: =IF('Entries July 2026'!I37<'Entries July 2026'!I36,"0",(IF('Entries July 2026'!I37>='Entries July 2026'!I36,'Entries July 2026'!I37-'Entries July 2026'!I36,(999999-'Entries July 2026'!I36)+'Entries July 2026'!I37+1))) -> 8223 | C40: =IF('Entries July 2026'!J37<='Entries July 2026'!J36,"0",IF('Entries July 2026'!J37>='Entries July 2026'!J36,'Entries July 2026'!J37-'Entries July 2026'!J36,(999999-'Entries July 2026'!J36)+'Entries July 2026'!J37+1)) -> 0 | D40: =B40+C40 -> 8223 | E40: 1320.9 | F40: =IF((E40+D40)=0,"0",E40/(D40+E40)) -> 0.13840254 | G40: =IF('Entries July 2026'!K37<'Entries July 2026'!K36,"0",IF('Entries July 2026'!K37>='Entries July 2026'!K36,'Entries July 2026'!K37-'Entries July 2026'!K36,(999999-'Entries July 2026'!K36)+'Entries July 2026'!K37+1)) -> 0 | H40: =D40+G40+E40 -> 9543.9 | I40: ='Water '!Z37*10 -> 3370 | J40: =IF('Entries July 2026'!B37-'Entries July 2026'!B36<1,"0",'Entries July 2026'!B37-'Entries July 2026'!B36) -> 3050 | K40: ='CO2'!E37 -> 1900 | P40: 498.498 | Q40: =IF(P40=0,0,H40/P40) -> 19.145313 | R40: =IF(Q40=0,0,I40/P40) -> 6.760308 | S40: =IF(R40=0,0,J40/P40) -> 6.1183796 | T40: =IF(S40=0,0,K40/P40) -> 3.8114496
Q41: MTD
D42: Kwhr | G42: Kwhr | H42: Kwhr | I42: Hl | J42: L | K42: kg. | L42: hl | M42: hl | N42: hl | O42: hl | P42: hl | Q42: Elect | R42: Water | S42: Fuel | T42: CO2
A43: Total | D43: =SUM(D10:D40) -> 220465 | E43: =SUM(E10:E40) -> 39202 | F43: =IF((E43+D43)=0,"0",E43/(D43+E43)) -> 0.15097028 | G43: =SUM(G10:G40) -> 0 | H43: =SUM(H10:H40) -> 259667 | I43: =SUM(I10:I40) -> 95230 | J43: =SUM(J10:J40) -> 82370 | K43: =SUM(K10:K40) -> 53100 | L43: =SUM(L10:L40) -> 0 | M43: =SUM(M10:M40) -> 0 | N43: =SUM(N10:N40) -> 0 | ... P43: =SUM(P10:P40) -> 8998.2516 | Q43: KWH/Hl | R43: Hl/hl | S43: Litres/hl | T43: kg./Hl
D44: TOTAL | E44: =D43+E43 -> 259667 | Q44: =IF(P43=0,0,H43/P43) -> 28.857495 | R44: =IF(Q44=0,0,I43/P43) -> 10.583167 | S44: =IF(R44=0,0,J43/P43) -> 9.1540005 | T44: =IF(S44=0,0,K43/P43) -> 5.9011464

Sheet Steam Mass Flow 
A3: DATE | B3: Steam Mass Flow Reading
A5: 1 | B5: =IF('Entries July 2026'!AJ7-'Entries July 2026'!AJ6<1,"0",'Entries July 2026'!AJ7-'Entries July 2026'!AJ6) -> 0
A6: 2 | B6: =IF('Entries July 2026'!AJ8-'Entries July 2026'!AJ7<1,"0",'Entries July 2026'!AJ8-'Entries July 2026'!AJ7) -> 0
A7: 3 | B7: =IF('Entries July 2026'!AJ9-'Entries July 2026'!AJ8<1,"0",'Entries July 2026'!AJ9-'Entries July 2026'!AJ8) -> 81.965
A8: 4 | B8: =IF('Entries July 2026'!AJ10-'Entries July 2026'!AJ9<1,"0",'Entries July 2026'!AJ10-'Entries July 2026'!AJ9) -> 9.577
A9: 5 | B9: =IF('Entries July 2026'!AJ11-'Entries July 2026'!AJ10<1,"0",'Entries July 2026'!AJ11-'Entries July 2026'!AJ10) -> 435.436
A10: 6 | B10: =IF('Entries July 2026'!AJ12-'Entries July 2026'!AJ11<1,"0",'Entries July 2026'!AJ12-'Entries July 2026'!AJ11) -> 0
A11: 7 | B11: =IF('Entries July 2026'!AJ13-'Entries July 2026'!AJ12<1,"0",'Entries July 2026'!AJ13-'Entries July 2026'!AJ12) -> 29.026
A12: 8 | B12: =IF('Entries July 2026'!AJ14-'Entries July 2026'!AJ13<1,"0",'Entries July 2026'!AJ14-'Entries July 2026'!AJ13) -> 0
A13: 9 | B13: =IF('Entries July 2026'!AJ15-'Entries July 2026'!AJ14<1,"0",'Entries July 2026'!AJ15-'Entries July 2026'!AJ14) -> 0
A14: 10 | B14: =IF('Entries July 2026'!AJ16-'Entries July 2026'!AJ15<1,"0",'Entries July 2026'!AJ16-'Entries July 2026'!AJ15) -> 0
A15: 11 | B15: =IF('Entries July 2026'!AJ17-'Entries July 2026'!AJ16<1,"0",'Entries July 2026'!AJ17-'Entries July 2026'!AJ16) -> 0
A16: 12 | B16: =IF('Entries July 2026'!AJ18-'Entries July 2026'!AJ17<1,"0",'Entries July 2026'!AJ18-'Entries July 2026'!AJ17) -> 0
... A35: 31 | B35: =IF('Entries July 2026'!AJ37-'Entries July 2026'!AJ36<1,"0",'Entries July 2026'!AJ37-'Entries July 2026'!AJ36) -> 0
B36: =SUM(B5:B35) -> 589.823

Sheet Fuel 
A1: DAILY FUEL CONSUMPTION FOR JULY 2026
A4: DATE | B4: Boiler 1 | C4: Boiler 1 | D4: Boiler 2 | E4: Boiler 2 | F4: Gen. | G4: Gen | H4: Boiler 1 sp. | I4: Boiler 2 sp. | J4: Gen. sp | K4: Daily cons. | L4: Total Prod.(HL) | M4: Fuel(Litres/HL)
B5: Cons ( l ) | C5: Hrs | D5: Cons ( l ) | E5: Hrs | F5: Cons ( l ) | G5: Hrs | H5: cons (l/hr) | I5: cons (l/hr) | J5: Cons.(l/hr) | K5: (litres)
A7: 1 | B7: =IF('Entries July 2026'!B7-'Entries July 2026'!B6<1,"0",'Entries July 2026'!B7-'Entries July 2026'!B6) -> 2840 | C7: =IF('Entries July 2026'!F7-'Entries July 2026'!F6<1,"0",'Entries July 2026'!F7-'Entries July 2026'!F6) -> 21.1 | D7: =IF('Entries July 2026'!C6=0,0,+'Entries July 2026'!C6-'Entries July 2026'!#REF!) -> 0 | E7: =IF('Entries July 2026'!G7-'Entries July 2026'!G6<1,"0",'Entries July 2026'!G7-'Entries July 2026'!G6) -> 0 | H7: =IF(C7+E7=0,"0", B7/(C7+E7)) -> 134.59716 | I7: =IF(E7=0,"0", D7/E7) -> 0 | J7: =IF(G7=0,"0", F7/G7) -> 0 | K7: =B7+D7+F7 -> 2840 | L7: {=IF(TRANSPOSE('Daily KPIs'!B9:AF9)=0,"0",TRANSPOSE('Daily KPIs'!B9:AF9))} -> 471.8652 | M7: =IF(L7=0,"0",(K7/L7)) -> 6.018668
A8: 2 | B8: =IF('Entries July 2026'!B8-'Entries July 2026'!B7<1,"0",'Entries July 2026'!B8-'Entries July 2026'!B7) -> 3450 | C8: =IF('Entries July 2026'!F8-'Entries July 2026'!F7<1,"0",'Entries July 2026'!F8-'Entries July 2026'!F7) -> 21.4 | D8: =IF('Entries July 2026'!C7=0,0,+'Entries July 2026'!C7-'Entries July 2026'!C6) -> 0 | E8: =IF('Entries July 2026'!G8-'Entries July 2026'!G7<1,"0",'Entries July 2026'!G8-'Entries July 2026'!G7) -> 0 | H8: =IF(C8+E8=0,"0", B8/(C8+E8)) -> 161.21495 | I8: =IF(E8=0,"0", D8/E8) -> 0 | J8: =IF(G8=0,"0", F8/G8) -> 0 | K8: =B8+D8+F8 -> 3450 | L8: 507.3684 | M8: =IF(L8=0,"0",(K8/L8)) -> 6.7997928
A9: 3 | B9: =IF('Entries July 2026'!B9-'Entries July 2026'!B8<1,"0",'Entries July 2026'!B9-'Entries July 2026'!B8) -> 2990 | C9: =IF('Entries July 2026'!F9-'Entries July 2026'!F8<1,"0",'Entries July 2026'!F9-'Entries July 2026'!F8) -> 19.9 | D9: =IF('Entries July 2026'!C8=0,0,+'Entries July 2026'!C8-'Entries July 2026'!C7) -> 0 | E9: =IF('Entries July 2026'!G9-'Entries July 2026'!G8<1,"0",'Entries July 2026'!G9-'Entries July 2026'!G8) -> 0 | H9: =IF(C9+E9=0,"0", B9/(C9+E9)) -> 150.25126 | I9: =IF(E9=0,"0", D9/E9) -> 0 | J9: =IF(G9=0,"0", F9/G9) -> 0 | K9: =B9+D9+F9 -> 2990 | L9: 492.096 | M9: =IF(L9=0,"0",(K9/L9)) -> 6.0760502
A10: 4 | B10: =IF('Entries July 2026'!B10-'Entries July 2026'!B9<1,"0",'Entries July 2026'!B10-'Entries July 2026'!B9) -> 940 | C10: =IF('Entries July 2026'!F10-'Entries July 2026'!F9<1,"0",'Entries July 2026'!F10-'Entries July 2026'!F9) -> 6.7 | D10: =IF('Entries July 2026'!C11=0,0,+'Entries July 2026'!C11-'Entries July 2026'!C8) -> 0 | E10: =IF('Entries July 2026'!G10-'Entries July 2026'!G9<1,"0",'Entries July 2026'!G10-'Entries July 2026'!G9) -> 0 | H10: =IF(C10+E10=0,"0", B10/(C10+E10)) -> 140.29851 | I10: =IF(E10=0,"0", D10/E10) -> 0 | J10: =IF(G10=0,"0", F10/G10) -> 0 | K10: =B10+D10+F10 -> 940 | L10: 0 | M10: =IF(L10=0,"0",(K10/L10)) -> 0
A11: 5 | B11: =IF('Entries July 2026'!B11-'Entries July 2026'!B10<1,"0",'Entries July 2026'!B11-'Entries July 2026'!B10) -> 1480 | C11: =IF('Entries July 2026'!F11-'Entries July 2026'!F10<1,"0",'Entries July 2026'!F11-'Entries July 2026'!F10) -> 9 | D11: =IF('Entries July 2026'!C10=0,0,+'Entries July 2026'!C10-'Entries July 2026'!C11) -> 0 | E11: =IF('Entries July 2026'!G11-'Entries July 2026'!G10<1,"0",'Entries July 2026'!G11-'Entries July 2026'!G10) -> 0 | H11: =IF(C11+E11=0,"0", B11/(C11+E11)) -> 164.44444 | I11: =IF(E11=0,"0", D11/E11) -> 0 | J11: =IF(G11=0,"0", F11/G11) -> 0 | K11: =B11+D11+F11 -> 1480 | L11: 0 | M11: =IF(L11=0,"0",(K11/L11)) -> 0
A12: 6 | B12: =IF('Entries July 2026'!B12-'Entries July 2026'!B11<1,"0",'Entries July 2026'!B12-'Entries July 2026'!B11) -> 2410 | C12: =IF('Entries July 2026'!F12-'Entries July 2026'!F11<1,"0",'Entries July 2026'!F12-'Entries July 2026'!F11) -> 15.4 | D12: =IF('Entries July 2026'!C12=0,0,+'Entries July 2026'!C12-'Entries July 2026'!C10) -> 0 | E12: =IF('Entries July 2026'!G12-'Entries July 2026'!G11<1,"0",'Entries July 2026'!G12-'Entries July 2026'!G11) -> 0 | H12: =IF(C12+E12=0,"0", B12/(C12+E12)) -> 156.49351 | I12: =IF(E12=0,"0", D12/E12) -> 0 | J12: =IF(G12=0,"0", F12/G12) -> 0 | K12: =B12+D12+F12 -> 2410 | L12: 410.784 | M12: =IF(L12=0,"0",(K12/L12)) -> 5.8668303
A13: 7 | B13: =IF('Entries July 2026'!B13-'Entries July 2026'!B12<1,"0",'Entries July 2026'!B13-'Entries July 2026'!B12) -> 2810 | C13: =IF('Entries July 2026'!F13-'Entries July 2026'!F12<1,"0",'Entries July 2026'!F13-'Entries July 2026'!F12) -> 19.2 | D13: =IF('Entries July 2026'!C13=0,0,+'Entries July 2026'!C13-'Entries July 2026'!C11) -> 0 | E13: =IF('Entries July 2026'!G13-'Entries July 2026'!G12<1,"0",'Entries July 2026'!G13-'Entries July 2026'!G12) -> 0 | H13: =IF(C13+E13=0,"0", B13/(C13+E13)) -> 146.35417 | I13: =IF(E13=0,"0", D13/E13) -> 0 | J13: =IF(G13=0,"0", F13/G13) -> 0 | K13: =B13+D13+F13 -> 2810 | L13: 209.88 | M13: =IF(L13=0,"0",(K13/L13)) -> 13.388603
A14: 8 | B14: =IF('Entries July 2026'!B14-'Entries July 2026'!B13<1,"0",'Entries July 2026'!B14-'Entries July 2026'!B13) -> 3510 | C14: =IF('Entries July 2026'!F14-'Entries July 2026'!F13<1,"0",'Entries July 2026'!F14-'Entries July 2026'!F13) -> 20.2 | D14: =IF('Entries July 2026'!C13=0,0,+'Entries July 2026'!C13-'Entries July 2026'!#REF!) -> 0 | E14: =IF('Entries July 2026'!G14-'Entries July 2026'!G13<1,"0",'Entries July 2026'!G14-'Entries July 2026'!G13) -> 0 | H14: =IF(C14+E14=0,"0", B14/(C14+E14)) -> 173.76238 | I14: =IF(E14=0,"0", D14/E14) -> 0 | J14: =IF(G14=0,"0", F14/G14) -> 0 | K14: =B14+D14+F14 -> 3510 | L14: 376.728 | M14: =IF(L14=0,"0",(K14/L14)) -> 9.317067
A15: 9 | B15: =IF('Entries July 2026'!B15-'Entries July 2026'!B14<1,"0",'Entries July 2026'!B15-'Entries July 2026'!B14) -> 2510 | C15: =IF('Entries July 2026'!F15-'Entries July 2026'!F14<1,"0",'Entries July 2026'!F15-'Entries July 2026'!F14) -> 19.5 | D15: =IF('Entries July 2026'!C14=0,0,+'Entries July 2026'!C14-'Entries July 2026'!C13) -> 0 | E15: =IF('Entries July 2026'!G15-'Entries July 2026'!G14<1,"0",'Entries July 2026'!G15-'Entries July 2026'!G14) -> 0 | H15: =IF(C15+E15=0,"0", B15/(C15+E15)) -> 128.71795 | I15: =IF(E15=0,"0", D15/E15) -> 0 | J15: =IF(G15=0,"0", F15/G15) -> 0 | K15: =B15+D15+F15 -> 2510 | L15: 322.806 | M15: =IF(L15=0,"0",(K15/L15)) -> 7.775568
A16: 10 | B16: =IF('Entries July 2026'!B16-'Entries July 2026'!B15<1,"0",'Entries July 2026'!B16-'Entries July 2026'!B15) -> 2950 | C16: =IF('Entries July 2026'!F16-'Entries July 2026'!F15<1,"0",'Entries July 2026'!F16-'Entries July 2026'!F15) -> 18.9 | D16: =IF('Entries July 2026'!C15=0,0,+'Entries July 2026'!C15-'Entries July 2026'!C14) -> 0 | E16: =IF('Entries July 2026'!G16-'Entries July 2026'!G15<1,"0",'Entries July 2026'!G16-'Entries July 2026'!G15) -> 0 | H16: =IF(C16+E16=0,"0", B16/(C16+E16)) -> 156.08466 | I16: =IF(E16=0,"0", D16/E16) -> 0 | J16: =IF(G16=0,"0", F16/G16) -> 0 | K16: =B16+D16+F16 -> 2950 | L16: 349.932 | M16: =IF(L16=0,"0",(K16/L16)) -> 8.4302093
A17: 11 | B17: =IF('Entries July 2026'!B17-'Entries July 2026'!B16<1,"0",'Entries July 2026'!B17-'Entries July 2026'!B16) -> 2000 | C17: =IF('Entries July 2026'!F17-'Entries July 2026'!F16<1,"0",'Entries July 2026'!F17-'Entries July 2026'!F16) -> 14.4 | D17: =IF('Entries July 2026'!C16=0,0,+'Entries July 2026'!C16-'Entries July 2026'!C15) -> 0 | E17: =IF('Entries July 2026'!G17-'Entries July 2026'!G16<1,"0",'Entries July 2026'!G17-'Entries July 2026'!G16) -> 0 | H17: =IF(C17+E17=0,"0", B17/(C17+E17)) -> 138.88889 | I17: =IF(E17=0,"0", D17/E17) -> 0 | J17: =IF(G17=0,"0", F17/G17) -> 0 | K17: =B17+D17+F17 -> 2000 | L17: 0 | M17: =IF(L17=0,"0",(K17/L17)) -> 0
A18: 12 | B18: =IF('Entries July 2026'!B18-'Entries July 2026'!B17<1,"0",'Entries July 2026'!B18-'Entries July 2026'!B17) -> 2480 | C18: =IF('Entries July 2026'!F18-'Entries July 2026'!F17<1,"0",'Entries July 2026'!F18-'Entries July 2026'!F17) -> 19.48 | D18: =IF('Entries July 2026'!C17=0,0,+'Entries July 2026'!C17-'Entries July 2026'!C16) -> 0 | E18: =IF('Entries July 2026'!G18-'Entries July 2026'!G17<1,"0",'Entries July 2026'!G18-'Entries July 2026'!G17) -> 0 | H18: =IF(C18+E18=0,"0", B18/(C18+E18)) -> 127.31006 | I18: =IF(E18=0,"0", D18/E18) -> 0 | J18: =IF(G18=0,"0", F18/G18) -> 0 | K18: =B18+D18+F18 -> 2480 | L18: 0 | M18: =IF(L18=0,"0",(K18/L18)) -> 0
A19: 13 | B19: =IF('Entries July 2026'!B19-'Entries July 2026'!B18<1,"0",'Entries July 2026'!B19-'Entries July 2026'!B18) -> 2280 | C19: =IF('Entries July 2026'!F19-'Entries July 2026'!F18<1,"0",'Entries July 2026'!F19-'Entries July 2026'!F18) -> 16.52 | D19: =IF('Entries July 2026'!C18=0,0,+'Entries July 2026'!C18-'Entries July 2026'!C17) -> 0 | E19: =IF('Entries July 2026'!G19-'Entries July 2026'!G18<1,"0",'Entries July 2026'!G19-'Entries July 2026'!G18) -> 0 | H19: =IF(C19+E19=0,"0", B19/(C19+E19)) -> 138.01453 | I19: =IF(E19=0,"0", D19/E19) -> 0 | J19: =IF(G19=0,"0", F19/G19) -> 0 | K19: =B19+D19+F19 -> 2280 | L19: 407.22 | M19: =IF(L19=0,"0",(K19/L19)) -> 5.5989391
A20: 14 | B20: =IF('Entries July 2026'!B20-'Entries July 2026'!B19<1,"0",'Entries July 2026'!B20-'Entries July 2026'!B19) -> 3620 | C20: =IF('Entries July 2026'!F20-'Entries July 2026'!F19<1,"0",'Entries July 2026'!F20-'Entries July 2026'!F19) -> 22.1 | D20: =IF('Entries July 2026'!C19=0,0,+'Entries July 2026'!C19-'Entries July 2026'!C18) -> 0 | E20: =IF('Entries July 2026'!G20-'Entries July 2026'!G19<1,"0",'Entries July 2026'!G20-'Entries July 2026'!G19) -> 0 | H20: =IF(C20+E20=0,"0", B20/(C20+E20)) -> 163.8009 | I20: =IF(E20=0,"0", D20/E20) -> 0 | J20: =IF(G20=0,"0", F20/G20) -> 0 | K20: =B20+D20+F20 -> 3620 | L20: 603.57 | M20: =IF(L20=0,"0",(K20/L20)) -> 5.9976473
A21: 15 | B21: =IF('Entries July 2026'!B21-'Entries July 2026'!B20<1,"0",'Entries July 2026'!B21-'Entries July 2026'!B20) -> 2990 | C21: =IF('Entries July 2026'!F21-'Entries July 2026'!F20<1,"0",'Entries July 2026'!F21-'Entries July 2026'!F20) -> 20.8 | D21: =IF('Entries July 2026'!C20=0,0,+'Entries July 2026'!C20-'Entries July 2026'!C19) -> 0 | E21: =IF('Entries July 2026'!G21-'Entries July 2026'!G20<1,"0",'Entries July 2026'!G21-'Entries July 2026'!G20) -> 0 | H21: =IF(C21+E21=0,"0", B21/(C21+E21)) -> 143.75 | I21: =IF(E21=0,"0", D21/E21) -> 0 | J21: =IF(G21=0,"0", F21/G21) -> 0 | K21: =B21+D21+F21 -> 2990 | L21: 387.684 | M21: =IF(L21=0,"0",(K21/L21)) -> 7.7124669
A22: 16 | B22: =IF('Entries July 2026'!B22-'Entries July 2026'!B21<1,"0",'Entries July 2026'!B22-'Entries July 2026'!B21) -> 2910 | C22: =IF('Entries July 2026'!F22-'Entries July 2026'!F21<1,"0",'Entries July 2026'!F22-'Entries July 2026'!F21) -> 18.8 | D22: =IF('Entries July 2026'!C21=0,0,+'Entries July 2026'!C21-'Entries July 2026'!C20) -> 0 | E22: =IF('Entries July 2026'!G22-'Entries July 2026'!G21<1,"0",'Entries July 2026'!G22-'Entries July 2026'!G21) -> 0 | H22: =IF(C22+E22=0,"0", B22/(C22+E22)) -> 154.78723 | I22: =IF(E22=0,"0", D22/E22) -> 0 | J22: =IF(G22=0,"0", F22/G22) -> 0 | K22: =B22+D22+F22 -> 2910 | L22: 425.106 | M22: =IF(L22=0,"0",(K22/L22)) -> 6.8453515
A23: 17 | B23: =IF('Entries July 2026'!B23-'Entries July 2026'!B22<1,"0",'Entries July 2026'!B23-'Entries July 2026'!B22) -> 2830 | C23: =IF('Entries July 2026'!F23-'Entries July 2026'!F22<1,"0",'Entries July 2026'!F23-'Entries July 2026'!F22) -> 19.4 | D23: =IF('Entries July 2026'!C22=0,0,+'Entries July 2026'!C22-'Entries July 2026'!C21) -> 0 | E23: =IF('Entries July 2026'!G23-'Entries July 2026'!G22<1,"0",'Entries July 2026'!G23-'Entries July 2026'!G22) -> 0 | H23: =IF(C23+E23=0,"0", B23/(C23+E23)) -> 145.87629 | I23: =IF(E23=0,"0", D23/E23) -> 0 | J23: =IF(G23=0,"0", F23/G23) -> 0 | K23: =B23+D23+F23 -> 2830 | L23: 71.94 | M23: =IF(L23=0,"0",(K23/L23)) -> 39.338338
A24: 18 | B24: =IF('Entries July 2026'!B24-'Entries July 2026'!B23<1,"0",'Entries July 2026'!B24-'Entries July 2026'!B23) -> 840 | C24: =IF('Entries July 2026'!F24-'Entries July 2026'!F23<1,"0",'Entries July 2026'!F24-'Entries July 2026'!F23) -> 5.8 | D24: =IF('Entries July 2026'!C23=0,0,+'Entries July 2026'!C23-'Entries July 2026'!C22) -> 0 | E24: =IF('Entries July 2026'!G24-'Entries July 2026'!G23<1,"0",'Entries July 2026'!G24-'Entries July 2026'!G23) -> 0 | H24: =IF(C24+E24=0,"0", B24/(C24+E24)) -> 144.82759 | I24: =IF(E24=0,"0", D24/E24) -> 0 | J24: =IF(G24=0,"0", F24/G24) -> 0 | K24: =B24+D24+F24 -> 840 | L24: 0 | M24: =IF(L24=0,"0",(K24/L24)) -> 0
A25: 19 | B25: =IF('Entries July 2026'!B25-'Entries July 2026'!B24<1,"0",'Entries July 2026'!B25-'Entries July 2026'!B24) -> 2010 | C25: =IF('Entries July 2026'!F25-'Entries July 2026'!F24<1,"0",'Entries July 2026'!F25-'Entries July 2026'!F24) -> 14.3 | D25: =IF('Entries July 2026'!C24=0,0,+'Entries July 2026'!C24-'Entries July 2026'!C23) -> 0 | E25: =IF('Entries July 2026'!G25-'Entries July 2026'!G24<1,"0",'Entries July 2026'!G25-'Entries July 2026'!G24) -> 0 | H25: =IF(C25+E25=0,"0", B25/(C25+E25)) -> 140.55944 | I25: =IF(E25=0,"0", D25/E25) -> 0 | J25: =IF(G25=0,"0", F25/G25) -> 0 | K25: =B25+D25+F25 -> 2010 | L25: 0 | M25: =IF(L25=0,"0",(K25/L25)) -> 0
A26: 20 | B26: =IF('Entries July 2026'!B26-'Entries July 2026'!B25<1,"0",'Entries July 2026'!B26-'Entries July 2026'!B25) -> 3320 | C26: =IF('Entries July 2026'!F26-'Entries July 2026'!F25<1,"0",'Entries July 2026'!F26-'Entries July 2026'!F25) -> 21 | D26: =IF('Entries July 2026'!C25=0,0,+'Entries July 2026'!C25-'Entries July 2026'!C24) -> 0 | E26: =IF('Entries July 2026'!G26-'Entries July 2026'!G25<1,"0",'Entries July 2026'!G26-'Entries July 2026'!G25) -> 0 | H26: =IF(C26+E26=0,"0", B26/(C26+E26)) -> 158.09524 | I26: =IF(E26=0,"0", D26/E26) -> 0 | J26: =IF(G26=0,"0", F26/G26) -> 0 | K26: =B26+D26+F26 -> 3320 | L26: 406.89 | M26: =IF(L26=0,"0",(K26/L26)) -> 8.1594534
A27: 21 | B27: =IF('Entries July 2026'!B27-'Entries July 2026'!B26<1,"0",'Entries July 2026'!B27-'Entries July 2026'!B26) -> 3960 | C27: =IF('Entries July 2026'!F27-'Entries July 2026'!F26<1,"0",'Entries July 2026'!F27-'Entries July 2026'!F26) -> 23.7 | D27: =IF('Entries July 2026'!C26=0,0,+'Entries July 2026'!C26-'Entries July 2026'!C25) -> 0 | E27: =IF('Entries July 2026'!G27-'Entries July 2026'!G26<1,"0",'Entries July 2026'!G27-'Entries July 2026'!G26) -> 0 | H27: =IF(C27+E27=0,"0", B27/(C27+E27)) -> 167.08861 | I27: =IF(E27=0,"0", D27/E27) -> 0 | J27: =IF(G27=0,"0", F27/G27) -> 0 | K27: =B27+D27+F27 -> 3960 | L27: 500.148 | M27: =IF(L27=0,"0",(K27/L27)) -> 7.9176564
A28: 22 | B28: =IF('Entries July 2026'!B28-'Entries July 2026'!B27<1,"0",'Entries July 2026'!B28-'Entries July 2026'!B27) -> 2980 | C28: =IF('Entries July 2026'!F28-'Entries July 2026'!F27<1,"0",'Entries July 2026'!F28-'Entries July 2026'!F27) -> 19.1 | D28: =IF('Entries July 2026'!C27=0,0,+'Entries July 2026'!C27-'Entries July 2026'!C26) -> 0 | E28: =IF('Entries July 2026'!G28-'Entries July 2026'!G27<1,"0",'Entries July 2026'!G28-'Entries July 2026'!G27) -> 0 | H28: =IF(C28+E28=0,"0", B28/(C28+E28)) -> 156.02094 | I28: =IF(E28=0,"0", D28/E28) -> 0 | J28: =IF(G28=0,"0", F28/G28) -> 0 | K28: =B28+D28+F28 -> 2980 | L28: 202.554 | M28: =IF(L28=0,"0",(K28/L28)) -> 14.712126
A29: 23 | B29: =IF('Entries July 2026'!B29-'Entries July 2026'!B28<1,"0",'Entries July 2026'!B29-'Entries July 2026'!B28) -> 3230 | C29: =IF('Entries July 2026'!F29-'Entries July 2026'!F28<1,"0",'Entries July 2026'!F29-'Entries July 2026'!F28) -> 20.4 | D29: =IF('Entries July 2026'!C28=0,0,+'Entries July 2026'!C28-'Entries July 2026'!C27) -> 0 | E29: =IF('Entries July 2026'!G29-'Entries July 2026'!G28<1,"0",'Entries July 2026'!G29-'Entries July 2026'!G28) -> 0 | H29: =IF(C29+E29=0,"0", B29/(C29+E29)) -> 158.33333 | I29: =IF(E29=0,"0", D29/E29) -> 0 | J29: =IF(G29=0,"0", F29/G29) -> 0 | K29: =B29+D29+F29 -> 3230 | L29: 258.786 | M29: =IF(L29=0,"0",(K29/L29)) -> 12.481355
A30: 24 | B30: =IF('Entries July 2026'!B30-'Entries July 2026'!B29<1,"0",'Entries July 2026'!B30-'Entries July 2026'!B29) -> 2840 | C30: =IF('Entries July 2026'!F30-'Entries July 2026'!F29<1,"0",'Entries July 2026'!F30-'Entries July 2026'!F29) -> 14.8 | D30: =IF('Entries July 2026'!C29=0,0,+'Entries July 2026'!C29-'Entries July 2026'!C28) -> 0 | E30: =IF('Entries July 2026'!G30-'Entries July 2026'!G29<1,"0",'Entries July 2026'!G30-'Entries July 2026'!G29) -> 0 | H30: =IF(C30+E30=0,"0", B30/(C30+E30)) -> 191.89189 | I30: =IF(E30=0,"0", D30/E30) -> 0 | J30: =IF(G30=0,"0", F30/G30) -> 0 | K30: =B30+D30+F30 -> 2840 | L30: 91.872 | M30: =IF(L30=0,"0",(K30/L30)) -> 30.912574
A31: 25 | B31: =IF('Entries July 2026'!B31-'Entries July 2026'!B30<1,"0",'Entries July 2026'!B31-'Entries July 2026'!B30) -> 450 | C31: =IF('Entries July 2026'!F31-'Entries July 2026'!F30<1,"0",'Entries July 2026'!F31-'Entries July 2026'!F30) -> 7.8 | D31: =IF('Entries July 2026'!C30=0,0,+'Entries July 2026'!C30-'Entries July 2026'!C29) -> 0 | E31: =IF('Entries July 2026'!G31-'Entries July 2026'!G30<1,"0",'Entries July 2026'!G31-'Entries July 2026'!G30) -> 0 | H31: =IF(C31+E31=0,"0", B31/(C31+E31)) -> 57.692308 | I31: =IF(E31=0,"0", D31/E31) -> 0 | J31: =IF(G31=0,"0", F31/G31) -> 0 | K31: =B31+D31+F31 -> 450 | L31: 0 | M31: =IF(L31=0,"0",(K31/L31)) -> 0
A32: 26 | B32: =IF('Entries July 2026'!B32-'Entries July 2026'!B31<1,"0",'Entries July 2026'!B32-'Entries July 2026'!B31) -> 940 | C32: =IF('Entries July 2026'!F32-'Entries July 2026'!F31<1,"0",'Entries July 2026'!F32-'Entries July 2026'!F31) -> 6.6 | D32: =IF('Entries July 2026'!C31=0,0,+'Entries July 2026'!C31-'Entries July 2026'!C30) -> 0 | E32: =IF('Entries July 2026'!G32-'Entries July 2026'!G31<1,"0",'Entries July 2026'!G32-'Entries July 2026'!G31) -> 0 | H32: =IF(C32+E32=0,"0", B32/(C32+E32)) -> 142.42424 | I32: =IF(E32=0,"0", D32/E32) -> 0 | J32: =IF(G32=0,"0", F32/G32) -> 0 | K32: =B32+D32+F32 -> 940 | L32: 0 | M32: =IF(L32=0,"0",(K32/L32)) -> 0
A33: 27 | B33: =IF('Entries July 2026'!B33-'Entries July 2026'!B32<1,"0",'Entries July 2026'!B33-'Entries July 2026'!B32) -> 2870 | C33: =IF('Entries July 2026'!F33-'Entries July 2026'!F32<1,"0",'Entries July 2026'!F33-'Entries July 2026'!F32) -> 19.8 | D33: =IF('Entries July 2026'!C32=0,0,+'Entries July 2026'!C32-'Entries July 2026'!C31) -> 0 | E33: =IF('Entries July 2026'!G33-'Entries July 2026'!G32<1,"0",'Entries July 2026'!G33-'Entries July 2026'!G32) -> 0 | H33: =IF(C33+E33=0,"0", B33/(C33+E33)) -> 144.94949 | I33: =IF(E33=0,"0", D33/E33) -> 0 | J33: =IF(G33=0,"0", F33/G33) -> 0 | K33: =B33+D33+F33 -> 2870 | L33: 365.97 | M33: =IF(L33=0,"0",(K33/L33)) -> 7.8421729
A34: 28 | B34: =IF('Entries July 2026'!B34-'Entries July 2026'!B33<1,"0",'Entries July 2026'!B34-'Entries July 2026'!B33) -> 3650 | C34: =IF('Entries July 2026'!F34-'Entries July 2026'!F33<1,"0",'Entries July 2026'!F34-'Entries July 2026'!F33) -> 21.5 | D34: =IF('Entries July 2026'!C33=0,0,+'Entries July 2026'!C33-'Entries July 2026'!C32) -> 0 | E34: =IF('Entries July 2026'!G34-'Entries July 2026'!G33<1,"0",'Entries July 2026'!G34-'Entries July 2026'!G33) -> 0 | H34: =IF(C34+E34=0,"0", B34/(C34+E34)) -> 169.76744 | I34: =IF(E34=0,"0", D34/E34) -> 0 | J34: =IF(G34=0,"0", F34/G34) -> 0 | K34: =B34+D34+F34 -> 3650 | L34: 642.048 | M34: =IF(L34=0,"0",(K34/L34)) -> 5.6849332
A35: 29 | B35: =IF('Entries July 2026'!B35-'Entries July 2026'!B34<1,"0",'Entries July 2026'!B35-'Entries July 2026'!B34) -> 3310 | C35: =IF('Entries July 2026'!F35-'Entries July 2026'!F34<1,"0",'Entries July 2026'!F35-'Entries July 2026'!F34) -> 21.2 | E35: =IF('Entries July 2026'!G35-'Entries July 2026'!G34<1,"0",'Entries July 2026'!G35-'Entries July 2026'!G34) -> 0 | H35: =IF(C35+E35=0,"0", B35/(C35+E35)) -> 156.13208 | I35: =IF(E35=0,"0", D35/E35) -> 0 | J35: =IF(G35=0,"0", F35/G35) -> 0 | K35: =B35+D35+F35 -> 3310 | L35: 387.6372 | M35: =IF(L35=0,"0",(K35/L35)) -> 8.5389122
A36: 30 | B36: =IF('Entries July 2026'!B36-'Entries July 2026'!B35<1,"0",'Entries July 2026'!B36-'Entries July 2026'!B35) -> 3920 | C36: =IF('Entries July 2026'!F36-'Entries July 2026'!F35<1,"0",'Entries July 2026'!F36-'Entries July 2026'!F35) -> 22.8 | E36: =IF('Entries July 2026'!G36-'Entries July 2026'!G35<1,"0",'Entries July 2026'!G36-'Entries July 2026'!G35) -> 0 | H36: =IF(C36+E36=0,"0", B36/(C36+E36)) -> 171.92982 | I36: =IF(E36=0,"0", D36/E36) -> 0 | J36: =IF(G36=0,"0", F36/G36) -> 0 | K36: =B36+D36+F36 -> 3920 | L36: 606.8688 | M36: =IF(L36=0,"0",(K36/L36)) -> 6.4593863
A37: 31 | B37: =IF('Entries July 2026'!B37-'Entries July 2026'!B36<1,"0",'Entries July 2026'!B37-'Entries July 2026'!B36) -> 3050 | C37: =IF('Entries July 2026'!F37-'Entries July 2026'!F36<1,"0",'Entries July 2026'!F37-'Entries July 2026'!F36) -> 17.8 | E37: =IF('Entries July 2026'!G37-'Entries July 2026'!G36<1,"0",'Entries July 2026'!G37-'Entries July 2026'!G36) -> 0 | H37: =IF(C37+E37=0,"0", B37/(C37+E37)) -> 171.34831 | I37: =IF(E37=0,"0", D37/E37) -> 0 | J37: =IF(G37=0,"0", F37/G37) -> 0 | K37: =B37+D37+F37 -> 3050 | L37: 498.498
B38: =SUM(B7:B37) -> 82370 | C38: =SUM(C7:C37) -> 539.4 | D38: =SUM(D7:D37) -> 0 | E38: =SUM(E7:E37) -> 0 | F38: =SUM(F7:F37) -> 0 | G38: =SUM(G7:G37) -> 0 | H38: =SUM(H7:H37) -> 4655.7076 | M38: =IF(L38=0,"0",(K38/L38)) -> 0 | N38: 7.2 | O38: =M38/N38*100 -> 0
A39: AVE. | B39: =AVERAGE(B7:B37) -> 2657.0968 | C39: =AVERAGE(C7:C37) -> 17.4 | H39: cons (l/hr)

Sheet Water 
B4: DATE | C4: Well Supply (m3) | D4: Nawasa Supply (m3) | E4: Annanale Supply (m3) | F4: RO Water Plant Nawasa (m3) | G4: Service Water Received (m3) | H4: Service Water Supply to Plant (m3) | I4: CO2 Scrubber (m3) | J4: Brewhouse / Old Pepsi Area (m3) | K4: Filtration/Cellars (m3) | L4: Cellars/Process Area (m3) | M4: Pasteuriser (m3) | R4: Permeate Produced (m3) | S4: Plant Cons. USAGE (Hl.) | U4: Bottle Filler (m3) | X4: Rus (m3) | Y4: Washdown Area (m3) | Z4: TOTAL SUPPLY (M3) | AA4: Total Prod.(HL) | AB4: Water KPI (Hl/Hl)
N5: CIP Process (m3) | O5: Bottles Washer (m3) | P5: Bottles Filler (m3) | Q5: Boiler Supply (m3) | T5: ∑ Service Water to Processes | V5: Water into RO #1 (m3) | W5: Water into RO #2 (m3)
B6: -
B7: 1 | C7: =IF('Entries July 2026'!W7-'Entries July 2026'!W6<1,"0",'Entries July 2026'!W7-'Entries July 2026'!W6) -> 0 | D7: =IF('Entries July 2026'!O7-'Entries July 2026'!O6<1,"0",'Entries July 2026'!O7-'Entries July 2026'!O6) -> 266 | E7: =IF('Entries July 2026'!P7-'Entries July 2026'!P6<1,"0",'Entries July 2026'!P7-'Entries July 2026'!P6) -> 177 | F7: =IF('Entries July 2026'!V7-'Entries July 2026'!V6<1,"0",'Entries July 2026'!V7-'Entries July 2026'!V6) -> 188 | G7: =(D7+E7)-F7 -> 255 | H7: =IF('Entries July 2026'!Q7-'Entries July 2026'!Q6<1,0,'Entries July 2026'!Q7-'Entries July 2026'!Q6) -> 218 | I7: =IF('Entries July 2026'!AG7-'Entries July 2026'!AG6<1,0,'Entries July 2026'!AG7-'Entries July 2026'!AG6) -> 0 | J7: =IF('Entries July 2026'!S7-'Entries July 2026'!S6<1,"0",'Entries July 2026'!S7-'Entries July 2026'!S6) -> 154 | K7: =IF('Entries July 2026'!R7-'Entries July 2026'!R6<1,"0",'Entries July 2026'!R7-'Entries July 2026'!R6) -> 0 | L7: =IF('Entries July 2026'!T7-'Entries July 2026'!T6<1,"0",'Entries July 2026'!T7-'Entries July 2026'!T6) -> 0 | M7: =IF('Entries July 2026'!U7-'Entries July 2026'!U6<1,"0",'Entries July 2026'!U7-'Entries July 2026'!U6) -> 3 | N7: =IF('Entries July 2026'!X7-'Entries July 2026'!X6<1,"0",'Entries July 2026'!X7-'Entries July 2026'!X6) -> 42 | O7: =IF('Entries July 2026'!Y7-'Entries July 2026'!Y6<1,"0",'Entries July 2026'!Y7-'Entries July 2026'!Y6) -> 64 | P7: =IF('Entries July 2026'!AC7-'Entries July 2026'!AC6<1,"0",'Entries July 2026'!AC7-'Entries July 2026'!AC6) -> 19 | Q7: =IF('Entries July 2026'!Z7-'Entries July 2026'!Z6<1,"0",'Entries July 2026'!Z7-'Entries July 2026'!Z6) -> 15 | R7: =IF(('Entries July 2026'!AA7-'Entries July 2026'!AA6)+('Entries July 2026'!AB7-'Entries July 2026'!AB6)<1,"0",('Entries July 2026'!AA7-'Entries July 2026'!AA6)+('Entries July 2026'!AB7-'Entries July 2026'!AB6)) -> 0 | S7: =(R7+G7)*10 -> 2550 | T7: =O7+N7+M7+L7 -> 109 | U7: =IF('Entries July 2026'!AC7-'Entries July 2026'!AC6<1,"0",'Entries July 2026'!AC7-'Entries July 2026'!AC6) -> 19 | V7: =IF('Entries July 2026'!AD7-'Entries July 2026'!AD6<1,"0",'Entries July 2026'!AD7-'Entries July 2026'!AD6) -> 0 | W7: =IF('Entries July 2026'!AE7-'Entries July 2026'!AE6<1,"0",'Entries July 2026'!AE7-'Entries July 2026'!AE6) -> 0 | X7: =IF('Entries July 2026'!AI7-'Entries July 2026'!AI6<1,"0",'Entries July 2026'!AI7-'Entries July 2026'!AI6) -> 0 | Y7: =IF('Entries July 2026'!AH7-'Entries July 2026'!AH6<1,"0",'Entries July 2026'!AH7-'Entries July 2026'!AH6) -> 0 | Z7: =C7+D7+E7 -> 443 | AA7: {=IF(TRANSPOSE('Daily KPIs'!B9:AF9)=0,"0",TRANSPOSE('Daily KPIs'!B9:AF9))} -> 471.8652 | AB7: =IF(AA7=0,"0",(Z7*10/AA7)) -> 9.3882744
B8: 2 | C8: =IF('Entries July 2026'!W8-'Entries July 2026'!W7<1,"0",'Entries July 2026'!W8-'Entries July 2026'!W7) -> 0 | D8: =IF('Entries July 2026'!O8-'Entries July 2026'!O7<1,"0",'Entries July 2026'!O8-'Entries July 2026'!O7) -> 269 | E8: =IF('Entries July 2026'!P8-'Entries July 2026'!P7<1,"0",'Entries July 2026'!P8-'Entries July 2026'!P7) -> 213 | F8: =IF('Entries July 2026'!V8-'Entries July 2026'!V7<1,"0",'Entries July 2026'!V8-'Entries July 2026'!V7) -> 220 | G8: =(D8+E8)-F8 -> 262 | H8: =IF('Entries July 2026'!Q8-'Entries July 2026'!Q7<1,0,'Entries July 2026'!Q8-'Entries July 2026'!Q7) -> 247 | I8: =IF('Entries July 2026'!AG8-'Entries July 2026'!AG7<1,0,'Entries July 2026'!AG8-'Entries July 2026'!AG7) -> 0 | J8: =IF('Entries July 2026'!S8-'Entries July 2026'!S7<1,"0",'Entries July 2026'!S8-'Entries July 2026'!S7) -> 220 | K8: =IF('Entries July 2026'!R8-'Entries July 2026'!R7<1,"0",'Entries July 2026'!R8-'Entries July 2026'!R7) -> 0 | L8: =IF('Entries July 2026'!T8-'Entries July 2026'!T7<1,"0",'Entries July 2026'!T8-'Entries July 2026'!T7) -> 0 | M8: =IF('Entries July 2026'!U8-'Entries July 2026'!U7<1,"0",'Entries July 2026'!U8-'Entries July 2026'!U7) -> 7 | N8: =IF('Entries July 2026'!X8-'Entries July 2026'!X7<1,"0",'Entries July 2026'!X8-'Entries July 2026'!X7) -> 50 | O8: =IF('Entries July 2026'!Y8-'Entries July 2026'!Y7<1,"0",'Entries July 2026'!Y8-'Entries July 2026'!Y7) -> 83 | P8: =IF('Entries July 2026'!AC8-'Entries July 2026'!AC7<1,"0",'Entries July 2026'!AC8-'Entries July 2026'!AC7) -> 30 | Q8: =IF('Entries July 2026'!Z8-'Entries July 2026'!Z7<1,"0",'Entries July 2026'!Z8-'Entries July 2026'!Z7) -> 18 | R8: =IF(('Entries July 2026'!AA8-'Entries July 2026'!AA7)+('Entries July 2026'!AB8-'Entries July 2026'!AB7)<1,"0",('Entries July 2026'!AA8-'Entries July 2026'!AA7)+('Entries July 2026'!AB8-'Entries July 2026'!AB7)) -> 0 | S8: =(R8+G8)*10 -> 2620 | T8: =O8+N8+M8+L8 -> 140 | U8: =IF('Entries July 2026'!AC8-'Entries July 2026'!AC7<1,"0",'Entries July 2026'!AC8-'Entries July 2026'!AC7) -> 30 | V8: =IF('Entries July 2026'!AD8-'Entries July 2026'!AD7<1,"0",'Entries July 2026'!AD8-'Entries July 2026'!AD7) -> 0 | W8: =IF('Entries July 2026'!AE8-'Entries July 2026'!AE7<1,"0",'Entries July 2026'!AE8-'Entries July 2026'!AE7) -> 0 | X8: =IF('Entries July 2026'!AI8-'Entries July 2026'!AI7<1,"0",'Entries July 2026'!AI8-'Entries July 2026'!AI7) -> 0 | Y8: =IF('Entries July 2026'!AH8-'Entries July 2026'!AH7<1,"0",'Entries July 2026'!AH8-'Entries July 2026'!AH7) -> 0 | Z8: =C8+D8+E8 -> 482 | AA8: 507.3684 | AB8: =IF(AA8=0,"0",(Z8*10/AA8)) -> 9.5000004
B9: 3 | C9: =IF('Entries July 2026'!W9-'Entries July 2026'!W8<1,"0",'Entries July 2026'!W9-'Entries July 2026'!W8) -> 0 | D9: =IF('Entries July 2026'!O9-'Entries July 2026'!O8<1,"0",'Entries July 2026'!O9-'Entries July 2026'!O8) -> 7 | E9: =IF('Entries July 2026'!P9-'Entries July 2026'!P8<1,"0",'Entries July 2026'!P9-'Entries July 2026'!P8) -> 143 | F9: =IF('Entries July 2026'!V9-'Entries July 2026'!V8<1,"0",'Entries July 2026'!V9-'Entries July 2026'!V8) -> 149 | G9: =(D9+E9)-F9 -> 1 | H9: =IF('Entries July 2026'!Q9-'Entries July 2026'!Q8<1,0,'Entries July 2026'!Q9-'Entries July 2026'!Q8) -> 186 | I9: =IF('Entries July 2026'!AG9-'Entries July 2026'!AG8<1,0,'Entries July 2026'!AG9-'Entries July 2026'!AG8) -> 0 | J9: =IF('Entries July 2026'!S9-'Entries July 2026'!S8<1,"0",'Entries July 2026'!S9-'Entries July 2026'!S8) -> 140 | K9: =IF('Entries July 2026'!R9-'Entries July 2026'!R8<1,"0",'Entries July 2026'!R9-'Entries July 2026'!R8) -> 0 | L9: =IF('Entries July 2026'!T9-'Entries July 2026'!T8<1,"0",'Entries July 2026'!T9-'Entries July 2026'!T8) -> 0 | M9: =IF('Entries July 2026'!U9-'Entries July 2026'!U8<1,"0",'Entries July 2026'!U9-'Entries July 2026'!U8) -> 2 | N9: =IF('Entries July 2026'!X9-'Entries July 2026'!X8<1,"0",'Entries July 2026'!X9-'Entries July 2026'!X8) -> 19 | O9: =IF('Entries July 2026'!Y9-'Entries July 2026'!Y8<1,"0",'Entries July 2026'!Y9-'Entries July 2026'!Y8) -> 86 | P9: =IF('Entries July 2026'!AC9-'Entries July 2026'!AC8<1,"0",'Entries July 2026'!AC9-'Entries July 2026'!AC8) -> 23 | Q9: =IF('Entries July 2026'!Z9-'Entries July 2026'!Z8<1,"0",'Entries July 2026'!Z9-'Entries July 2026'!Z8) -> 17 | R9: =IF(('Entries July 2026'!AA9-'Entries July 2026'!AA8)+('Entries July 2026'!AB9-'Entries July 2026'!AB8)<1,"0",('Entries July 2026'!AA9-'Entries July 2026'!AA8)+('Entries July 2026'!AB9-'Entries July 2026'!AB8)) -> 0 | S9: =(R9+G9)*10 -> 10 | T9: =O9+N9+M9+L9 -> 107 | U9: =IF('Entries July 2026'!AC9-'Entries July 2026'!AC8<1,"0",'Entries July 2026'!AC9-'Entries July 2026'!AC8) -> 23 | V9: =IF('Entries July 2026'!AD9-'Entries July 2026'!AD8<1,"0",'Entries July 2026'!AD9-'Entries July 2026'!AD8) -> 0 | W9: =IF('Entries July 2026'!AE9-'Entries July 2026'!AE8<1,"0",'Entries July 2026'!AE9-'Entries July 2026'!AE8) -> 0 | X9: =IF('Entries July 2026'!AI9-'Entries July 2026'!AI8<1,"0",'Entries July 2026'!AI9-'Entries July 2026'!AI8) -> 0 | Y9: =IF('Entries July 2026'!AH9-'Entries July 2026'!AH8<1,"0",'Entries July 2026'!AH9-'Entries July 2026'!AH8) -> 0 | Z9: =C9+D9+E9 -> 150 | AA9: 492.096 | AB9: =IF(AA9=0,"0",(Z9*10/AA9)) -> 3.0481857
B10: 4 | C10: =IF('Entries July 2026'!W10-'Entries July 2026'!W9<1,"0",'Entries July 2026'!W10-'Entries July 2026'!W9) -> 0 | D10: =IF('Entries July 2026'!O10-'Entries July 2026'!O9<1,"0",'Entries July 2026'!O10-'Entries July 2026'!O9) -> 21 | E10: =IF('Entries July 2026'!P10-'Entries July 2026'!P9<1,"0",'Entries July 2026'!P10-'Entries July 2026'!P9) -> 184 | F10: =IF('Entries July 2026'!V10-'Entries July 2026'!V9<1,"0",'Entries July 2026'!V10-'Entries July 2026'!V9) -> 194 | G10: =(D10+E10)-F10 -> 11 | H10: =IF('Entries July 2026'!Q10-'Entries July 2026'!Q9<1,0,'Entries July 2026'!Q10-'Entries July 2026'!Q9) -> 81 | I10: =IF('Entries July 2026'!AG10-'Entries July 2026'!AG9<1,0,'Entries July 2026'!AG10-'Entries July 2026'!AG9) -> 0 | J10: =IF('Entries July 2026'!S10-'Entries July 2026'!S9<1,"0",'Entries July 2026'!S10-'Entries July 2026'!S9) -> 64 | K10: =IF('Entries July 2026'!R10-'Entries July 2026'!R9<1,"0",'Entries July 2026'!R10-'Entries July 2026'!R9) -> 0 | L10: =IF('Entries July 2026'!T10-'Entries July 2026'!T9<1,"0",'Entries July 2026'!T10-'Entries July 2026'!T9) -> 0 | M10: =IF('Entries July 2026'!U10-'Entries July 2026'!U9<1,"0",'Entries July 2026'!U10-'Entries July 2026'!U9) -> 36 | N10: =IF('Entries July 2026'!X10-'Entries July 2026'!X9<1,"0",'Entries July 2026'!X10-'Entries July 2026'!X9) -> 0 | O10: =IF('Entries July 2026'!Y10-'Entries July 2026'!Y9<1,"0",'Entries July 2026'!Y10-'Entries July 2026'!Y9) -> 5 | P10: =IF('Entries July 2026'!AC10-'Entries July 2026'!AC9<1,"0",'Entries July 2026'!AC10-'Entries July 2026'!AC9) -> 0 | Q10: =IF('Entries July 2026'!Z10-'Entries July 2026'!Z9<1,"0",'Entries July 2026'!Z10-'Entries July 2026'!Z9) -> 6 | R10: =IF(('Entries July 2026'!AA10-'Entries July 2026'!AA9)+('Entries July 2026'!AB10-'Entries July 2026'!AB9)<1,"0",('Entries July 2026'!AA10-'Entries July 2026'!AA9)+('Entries July 2026'!AB10-'Entries July 2026'!AB9)) -> 0 | S10: =(R10+G10)*10 -> 110 | T10: =O10+N10+M10+L10 -> 41 | U10: =IF('Entries July 2026'!AC10-'Entries July 2026'!AC9<1,"0",'Entries July 2026'!AC10-'Entries July 2026'!AC9) -> 0 | V10: =IF('Entries July 2026'!AD10-'Entries July 2026'!AD9<1,"0",'Entries July 2026'!AD10-'Entries July 2026'!AD9) -> 0 | W10: =IF('Entries July 2026'!AE10-'Entries July 2026'!AE9<1,"0",'Entries July 2026'!AE10-'Entries July 2026'!AE9) -> 0 | X10: =IF('Entries July 2026'!AI10-'Entries July 2026'!AI9<1,"0",'Entries July 2026'!AI10-'Entries July 2026'!AI9) -> 0 | Y10: =IF('Entries July 2026'!AH10-'Entries July 2026'!AH9<1,"0",'Entries July 2026'!AH10-'Entries July 2026'!AH9) -> 0 | Z10: =C10+D10+E10 -> 205 | AA10: 0 | AB10: =IF(AA10=0,"0",(Z10*10/AA10)) -> 0
B11: 5 | C11: =IF('Entries July 2026'!W11-'Entries July 2026'!W10<1,"0",'Entries July 2026'!W11-'Entries July 2026'!W10) -> 0 | D11: =IF('Entries July 2026'!O11-'Entries July 2026'!O10<1,"0",'Entries July 2026'!O11-'Entries July 2026'!O10) -> 1 | E11: =IF('Entries July 2026'!P11-'Entries July 2026'!P10<1,"0",'Entries July 2026'!P11-'Entries July 2026'!P10) -> 41 | F11: =IF('Entries July 2026'!V11-'Entries July 2026'!V10<1,"0",'Entries July 2026'!V11-'Entries July 2026'!V10) -> 42 | G11: =(D11+E11)-F11 -> 0 | H11: =IF('Entries July 2026'!Q11-'Entries July 2026'!Q10<1,0,'Entries July 2026'!Q11-'Entries July 2026'!Q10) -> 89 | I11: =IF('Entries July 2026'!AG11-'Entries July 2026'!AG10<1,0,'Entries July 2026'!AG11-'Entries July 2026'!AG10) -> 0 | J11: =IF('Entries July 2026'!S11-'Entries July 2026'!S10<1,"0",'Entries July 2026'!S11-'Entries July 2026'!S10) -> 7 | K11: =IF('Entries July 2026'!R11-'Entries July 2026'!R10<1,"0",'Entries July 2026'!R11-'Entries July 2026'!R10) -> 0 | L11: =IF('Entries July 2026'!T11-'Entries July 2026'!T10<1,"0",'Entries July 2026'!T11-'Entries July 2026'!T10) -> 0 | M11: =IF('Entries July 2026'!U11-'Entries July 2026'!U10<1,"0",'Entries July 2026'!U11-'Entries July 2026'!U10) -> 3 | N11: =IF('Entries July 2026'!X11-'Entries July 2026'!X10<1,"0",'Entries July 2026'!X11-'Entries July 2026'!X10) -> 1 | O11: =IF('Entries July 2026'!Y11-'Entries July 2026'!Y10<1,"0",'Entries July 2026'!Y11-'Entries July 2026'!Y10) -> 34 | P11: =IF('Entries July 2026'!AC11-'Entries July 2026'!AC10<1,"0",'Entries July 2026'!AC11-'Entries July 2026'!AC10) -> 1 | Q11: =IF('Entries July 2026'!Z11-'Entries July 2026'!Z10<1,"0",'Entries July 2026'!Z11-'Entries July 2026'!Z10) -> 14 | R11: =IF(('Entries July 2026'!AA11-'Entries July 2026'!AA10)+('Entries July 2026'!AB11-'Entries July 2026'!AB10)<1,"0",('Entries July 2026'!AA11-'Entries July 2026'!AA10)+('Entries July 2026'!AB11-'Entries July 2026'!AB10)) -> 0 | S11: =(R11+G11)*10 -> 0 | T11: =O11+N11+M11+L11 -> 38 | U11: =IF('Entries July 2026'!AC11-'Entries July 2026'!AC10<1,"0",'Entries July 2026'!AC11-'Entries July 2026'!AC10) -> 1 | V11: =IF('Entries July 2026'!AD11-'Entries July 2026'!AD10<1,"0",'Entries July 2026'!AD11-'Entries July 2026'!AD10) -> 0 | W11: =IF('Entries July 2026'!AE11-'Entries July 2026'!AE10<1,"0",'Entries July 2026'!AE11-'Entries July 2026'!AE10) -> 0 | X11: =IF('Entries July 2026'!AI11-'Entries July 2026'!AI10<1,"0",'Entries July 2026'!AI11-'Entries July 2026'!AI10) -> 0 | Y11: =IF('Entries July 2026'!AH11-'Entries July 2026'!AH10<1,"0",'Entries July 2026'!AH11-'Entries July 2026'!AH10) -> 0 | Z11: =C11+D11+E11 -> 42 | AA11: 0 | AB11: =IF(AA11=0,"0",(Z11*10/AA11)) -> 0
B12: 6 | C12: =IF('Entries July 2026'!W12-'Entries July 2026'!W11<1,"0",'Entries July 2026'!W12-'Entries July 2026'!W11) -> 0 | D12: =IF('Entries July 2026'!O12-'Entries July 2026'!O11<1,"0",'Entries July 2026'!O12-'Entries July 2026'!O11) -> 125 | E12: =IF('Entries July 2026'!P12-'Entries July 2026'!P11<1,"0",'Entries July 2026'!P12-'Entries July 2026'!P11) -> 188 | F12: =IF('Entries July 2026'!V12-'Entries July 2026'!V11<1,"0",'Entries July 2026'!V12-'Entries July 2026'!V11) -> 197 | G12: =(D12+E12)-F12 -> 116 | H12: =IF('Entries July 2026'!Q12-'Entries July 2026'!Q11<1,0,'Entries July 2026'!Q12-'Entries July 2026'!Q11) -> 226 | I12: =IF('Entries July 2026'!AG12-'Entries July 2026'!AG11<1,0,'Entries July 2026'!AG12-'Entries July 2026'!AG11) -> 0 | J12: =IF('Entries July 2026'!S12-'Entries July 2026'!S11<1,"0",'Entries July 2026'!S12-'Entries July 2026'!S11) -> 105 | K12: =IF('Entries July 2026'!R12-'Entries July 2026'!R11<1,"0",'Entries July 2026'!R12-'Entries July 2026'!R11) -> 0 | L12: =IF('Entries July 2026'!T12-'Entries July 2026'!T11<1,"0",'Entries July 2026'!T12-'Entries July 2026'!T11) -> 0 | M12: =IF('Entries July 2026'!U12-'Entries July 2026'!U11<1,"0",'Entries July 2026'!U12-'Entries July 2026'!U11) -> 6 | N12: =IF('Entries July 2026'!X12-'Entries July 2026'!X11<1,"0",'Entries July 2026'!X12-'Entries July 2026'!X11) -> 65 | O12: =IF('Entries July 2026'!Y12-'Entries July 2026'!Y11<1,"0",'Entries July 2026'!Y12-'Entries July 2026'!Y11) -> 76 | P12: =IF('Entries July 2026'!AC12-'Entries July 2026'!AC11<1,"0",'Entries July 2026'!AC12-'Entries July 2026'!AC11) -> 29 | Q12: =IF('Entries July 2026'!Z12-'Entries July 2026'!Z11<1,"0",'Entries July 2026'!Z12-'Entries July 2026'!Z11) -> 27 | R12: =IF(('Entries July 2026'!AA12-'Entries July 2026'!AA11)+('Entries July 2026'!AB12-'Entries July 2026'!AB11)<1,"0",('Entries July 2026'!AA12-'Entries July 2026'!AA11)+('Entries July 2026'!AB12-'Entries July 2026'!AB11)) -> 0 | S12: =(R12+G12)*10 -> 1160 | T12: =O12+N12+M12+L12 -> 147 | U12: =IF('Entries July 2026'!AC12-'Entries July 2026'!AC11<1,"0",'Entries July 2026'!AC12-'Entries July 2026'!AC11) -> 29 | V12: =IF('Entries July 2026'!AD12-'Entries July 2026'!AD11<1,"0",'Entries July 2026'!AD12-'Entries July 2026'!AD11) -> 3 | W12: =IF('Entries July 2026'!AE12-'Entries July 2026'!AE11<1,"0",'Entries July 2026'!AE12-'Entries July 2026'!AE11) -> 0 | X12: =IF('Entries July 2026'!AI12-'Entries July 2026'!AI11<1,"0",'Entries July 2026'!AI12-'Entries July 2026'!AI11) -> 0 | Y12: =IF('Entries July 2026'!AH12-'Entries July 2026'!AH11<1,"0",'Entries July 2026'!AH12-'Entries July 2026'!AH11) -> 0 | Z12: =C12+D12+E12 -> 313 | AA12: 410.784 | AB12: =IF(AA12=0,"0",(Z12*10/AA12)) -> 7.6195762
B13: 7 | C13: =IF('Entries July 2026'!W13-'Entries July 2026'!W12<1,"0",'Entries July 2026'!W13-'Entries July 2026'!W12) -> 0 | D13: =IF('Entries July 2026'!O13-'Entries July 2026'!O12<1,"0",'Entries July 2026'!O13-'Entries July 2026'!O12) -> 267 | E13: =IF('Entries July 2026'!P13-'Entries July 2026'!P12<1,"0",'Entries July 2026'!P13-'Entries July 2026'!P12) -> 124 | F13: =IF('Entries July 2026'!V13-'Entries July 2026'!V12<1,"0",'Entries July 2026'!V13-'Entries July 2026'!V12) -> 130 | G13: =(D13+E13)-F13 -> 261 | H13: =IF('Entries July 2026'!Q13-'Entries July 2026'!Q12<1,0,'Entries July 2026'!Q13-'Entries July 2026'!Q12) -> 145 | I13: =IF('Entries July 2026'!AG13-'Entries July 2026'!AG12<1,0,'Entries July 2026'!AG13-'Entries July 2026'!AG12) -> 0 | J13: =IF('Entries July 2026'!S13-'Entries July 2026'!S12<1,"0",'Entries July 2026'!S13-'Entries July 2026'!S12) -> 136 | K13: =IF('Entries July 2026'!R13-'Entries July 2026'!R12<1,"0",'Entries July 2026'!R13-'Entries July 2026'!R12) -> 0 | L13: =IF('Entries July 2026'!T13-'Entries July 2026'!T12<1,"0",'Entries July 2026'!T13-'Entries July 2026'!T12) -> 0 | M13: =IF('Entries July 2026'!U13-'Entries July 2026'!U12<1,"0",'Entries July 2026'!U13-'Entries July 2026'!U12) -> 7 | N13: =IF('Entries July 2026'!X13-'Entries July 2026'!X12<1,"0",'Entries July 2026'!X13-'Entries July 2026'!X12) -> 16 | O13: =IF('Entries July 2026'!Y13-'Entries July 2026'!Y12<1,"0",'Entries July 2026'!Y13-'Entries July 2026'!Y12) -> 49 | P13: =IF('Entries July 2026'!AC13-'Entries July 2026'!AC12<1,"0",'Entries July 2026'!AC13-'Entries July 2026'!AC12) -> 16 | Q13: =IF('Entries July 2026'!Z13-'Entries July 2026'!Z12<1,"0",'Entries July 2026'!Z13-'Entries July 2026'!Z12) -> 29 | R13: =IF(('Entries July 2026'!AA13-'Entries July 2026'!AA12)+('Entries July 2026'!AB13-'Entries July 2026'!AB12)<1,"0",('Entries July 2026'!AA13-'Entries July 2026'!AA12)+('Entries July 2026'!AB13-'Entries July 2026'!AB12)) -> 0 | S13: =(R13+G13)*10 -> 2610 | T13: =O13+N13+M13+L13 -> 72 | U13: =IF('Entries July 2026'!AC13-'Entries July 2026'!AC12<1,"0",'Entries July 2026'!AC13-'Entries July 2026'!AC12) -> 16 | V13: =IF('Entries July 2026'!AD13-'Entries July 2026'!AD12<1,"0",'Entries July 2026'!AD13-'Entries July 2026'!AD12) -> 55 | W13: =IF('Entries July 2026'!AE13-'Entries July 2026'!AE12<1,"0",'Entries July 2026'!AE13-'Entries July 2026'!AE12) -> 0 | X13: =IF('Entries July 2026'!AI13-'Entries July 2026'!AI12<1,"0",'Entries July 2026'!AI13-'Entries July 2026'!AI12) -> 0 | Y13: =IF('Entries July 2026'!AH13-'Entries July 2026'!AH12<1,"0",'Entries July 2026'!AH13-'Entries July 2026'!AH12) -> 0 | Z13: =C13+D13+E13 -> 391 | AA13: 209.88 | AB13: =IF(AA13=0,"0",(Z13*10/AA13)) -> 18.629693
B14: 8 | C14: =IF('Entries July 2026'!W14-'Entries July 2026'!W13<1,"0",'Entries July 2026'!W14-'Entries July 2026'!W13) -> 0 | D14: =IF('Entries July 2026'!O14-'Entries July 2026'!O13<1,"0",'Entries July 2026'!O14-'Entries July 2026'!O13) -> 1 | E14: =IF('Entries July 2026'!P14-'Entries July 2026'!P13<1,"0",'Entries July 2026'!P14-'Entries July 2026'!P13) -> 117 | F14: =IF('Entries July 2026'!V14-'Entries July 2026'!V13<1,"0",'Entries July 2026'!V14-'Entries July 2026'!V13) -> 123 | G14: =(D14+E14)-F14 -> -5 | H14: =IF('Entries July 2026'!Q14-'Entries July 2026'!Q13<1,0,'Entries July 2026'!Q14-'Entries July 2026'!Q13) -> 224 | I14: =IF('Entries July 2026'!AG14-'Entries July 2026'!AG13<1,0,'Entries July 2026'!AG14-'Entries July 2026'!AG13) -> 0 | J14: =IF('Entries July 2026'!S14-'Entries July 2026'!S13<1,"0",'Entries July 2026'!S14-'Entries July 2026'!S13) -> 194 | K14: =IF('Entries July 2026'!R14-'Entries July 2026'!R13<1,"0",'Entries July 2026'!R14-'Entries July 2026'!R13) -> 0 | L14: =IF('Entries July 2026'!T14-'Entries July 2026'!T13<1,"0",'Entries July 2026'!T14-'Entries July 2026'!T13) -> 0 | M14: =IF('Entries July 2026'!U14-'Entries July 2026'!U13<1,"0",'Entries July 2026'!U14-'Entries July 2026'!U13) -> 5 | N14: =IF('Entries July 2026'!X14-'Entries July 2026'!X13<1,"0",'Entries July 2026'!X14-'Entries July 2026'!X13) -> 35 | O14: =IF('Entries July 2026'!Y14-'Entries July 2026'!Y13<1,"0",'Entries July 2026'!Y14-'Entries July 2026'!Y13) -> 81 | P14: =IF('Entries July 2026'!AC14-'Entries July 2026'!AC13<1,"0",'Entries July 2026'!AC14-'Entries July 2026'!AC13) -> 32 | Q14: =IF('Entries July 2026'!Z14-'Entries July 2026'!Z13<1,"0",'Entries July 2026'!Z14-'Entries July 2026'!Z13) -> 32 | R14: =IF(('Entries July 2026'!AA14-'Entries July 2026'!AA13)+('Entries July 2026'!AB14-'Entries July 2026'!AB13)<1,"0",('Entries July 2026'!AA14-'Entries July 2026'!AA13)+('Entries July 2026'!AB14-'Entries July 2026'!AB13)) -> 0 | S14: =(R14+G14)*10 -> -50 | T14: =O14+N14+M14+L14 -> 121 | U14: =IF('Entries July 2026'!AC14-'Entries July 2026'!AC13<1,"0",'Entries July 2026'!AC14-'Entries July 2026'!AC13) -> 32 | V14: =IF('Entries July 2026'!AD14-'Entries July 2026'!AD13<1,"0",'Entries July 2026'!AD14-'Entries July 2026'!AD13) -> 60 | W14: =IF('Entries July 2026'!AE14-'Entries July 2026'!AE13<1,"0",'Entries July 2026'!AE14-'Entries July 2026'!AE13) -> 0 | X14: =IF('Entries July 2026'!AI14-'Entries July 2026'!AI13<1,"0",'Entries July 2026'!AI14-'Entries July 2026'!AI13) -> 0 | Y14: =IF('Entries July 2026'!AH14-'Entries July 2026'!AH13<1,"0",'Entries July 2026'!AH14-'Entries July 2026'!AH13) -> 0 | Z14: =C14+D14+E14 -> 118 | AA14: 376.728 | AB14: =IF(AA14=0,"0",(Z14*10/AA14)) -> 3.1322333
B15: 9 | C15: =IF('Entries July 2026'!W15-'Entries July 2026'!W14<1,"0",'Entries July 2026'!W15-'Entries July 2026'!W14) -> 0 | D15: =IF('Entries July 2026'!O15-'Entries July 2026'!O14<1,"0",'Entries July 2026'!O15-'Entries July 2026'!O14) -> 213 | E15: =IF('Entries July 2026'!P15-'Entries July 2026'!P14<1,"0",'Entries July 2026'!P15-'Entries July 2026'!P14) -> 195 | F15: =IF('Entries July 2026'!V15-'Entries July 2026'!V14<1,"0",'Entries July 2026'!V15-'Entries July 2026'!V14) -> 204 | G15: =(D15+E15)-F15 -> 204 | H15: =IF('Entries July 2026'!Q15-'Entries July 2026'!Q14<1,0,'Entries July 2026'!Q15-'Entries July 2026'!Q14) -> 212 | I15: =IF('Entries July 2026'!AG15-'Entries July 2026'!AG14<1,0,'Entries July 2026'!AG15-'Entries July 2026'!AG14) -> 0 | J15: =IF('Entries July 2026'!S15-'Entries July 2026'!S14<1,"0",'Entries July 2026'!S15-'Entries July 2026'!S14) -> 65 | K15: =IF('Entries July 2026'!R15-'Entries July 2026'!R14<1,"0",'Entries July 2026'!R15-'Entries July 2026'!R14) -> 0 | L15: =IF('Entries July 2026'!T15-'Entries July 2026'!T14<1,"0",'Entries July 2026'!T15-'Entries July 2026'!T14) -> 0 | M15: =IF('Entries July 2026'!U15-'Entries July 2026'!U14<1,"0",'Entries July 2026'!U15-'Entries July 2026'!U14) -> 0 | N15: =IF('Entries July 2026'!X15-'Entries July 2026'!X14<1,"0",'Entries July 2026'!X15-'Entries July 2026'!X14) -> 52 | O15: =IF('Entries July 2026'!Y15-'Entries July 2026'!Y14<1,"0",'Entries July 2026'!Y15-'Entries July 2026'!Y14) -> 73 | P15: =IF('Entries July 2026'!AC15-'Entries July 2026'!AC14<1,"0",'Entries July 2026'!AC15-'Entries July 2026'!AC14) -> 21 | Q15: =IF('Entries July 2026'!Z15-'Entries July 2026'!Z14<1,"0",'Entries July 2026'!Z15-'Entries July 2026'!Z14) -> 28 | R15: =IF(('Entries July 2026'!AA15-'Entries July 2026'!AA14)+('Entries July 2026'!AB15-'Entries July 2026'!AB14)<1,"0",('Entries July 2026'!AA15-'Entries July 2026'!AA14)+('Entries July 2026'!AB15-'Entries July 2026'!AB14)) -> 0 | S15: =(R15+G15)*10 -> 2040 | T15: =O15+N15+M15+L15 -> 125 | U15: =IF('Entries July 2026'!AC15-'Entries July 2026'!AC14<1,"0",'Entries July 2026'!AC15-'Entries July 2026'!AC14) -> 21 | V15: =IF('Entries July 2026'!AD15-'Entries July 2026'!AD14<1,"0",'Entries July 2026'!AD15-'Entries July 2026'!AD14) -> 3 | W15: =IF('Entries July 2026'!AE15-'Entries July 2026'!AE14<1,"0",'Entries July 2026'!AE15-'Entries July 2026'!AE14) -> 0 | X15: =IF('Entries July 2026'!AI15-'Entries July 2026'!AI14<1,"0",'Entries July 2026'!AI15-'Entries July 2026'!AI14) -> 0 | Y15: =IF('Entries July 2026'!AH15-'Entries July 2026'!AH14<1,"0",'Entries July 2026'!AH15-'Entries July 2026'!AH14) -> 0 | Z15: =C15+D15+E15 -> 408 | AA15: 322.806 | AB15: =IF(AA15=0,"0",(Z15*10/AA15)) -> 12.63917
B16: 10 | C16: =IF('Entries July 2026'!W16-'Entries July 2026'!W15<1,"0",'Entries July 2026'!W16-'Entries July 2026'!W15) -> 0 | D16: =IF('Entries July 2026'!O16-'Entries July 2026'!O15<1,"0",'Entries July 2026'!O16-'Entries July 2026'!O15) -> 234 | E16: =IF('Entries July 2026'!P16-'Entries July 2026'!P15<1,"0",'Entries July 2026'!P16-'Entries July 2026'!P15) -> 179 | F16: =IF('Entries July 2026'!V16-'Entries July 2026'!V15<1,"0",'Entries July 2026'!V16-'Entries July 2026'!V15) -> 188 | G16: =(D16+E16)-F16 -> 225 | H16: =IF('Entries July 2026'!Q16-'Entries July 2026'!Q15<1,0,'Entries July 2026'!Q16-'Entries July 2026'!Q15) -> 187 | I16: =IF('Entries July 2026'!AG16-'Entries July 2026'!AG15<1,0,'Entries July 2026'!AG16-'Entries July 2026'!AG15) -> 0 | J16: =IF('Entries July 2026'!S16-'Entries July 2026'!S15<1,"0",'Entries July 2026'!S16-'Entries July 2026'!S15) -> 164 | K16: =IF('Entries July 2026'!R16-'Entries July 2026'!R15<1,"0",'Entries July 2026'!R16-'Entries July 2026'!R15) -> 0 | L16: =IF('Entries July 2026'!T16-'Entries July 2026'!T15<1,"0",'Entries July 2026'!T16-'Entries July 2026'!T15) -> 0 | M16: =IF('Entries July 2026'!U16-'Entries July 2026'!U15<1,"0",'Entries July 2026'!U16-'Entries July 2026'!U15) -> 2 | N16: =IF('Entries July 2026'!X16-'Entries July 2026'!X15<1,"0",'Entries July 2026'!X16-'Entries July 2026'!X15) -> 30 | O16: =IF('Entries July 2026'!Y16-'Entries July 2026'!Y15<1,"0",'Entries July 2026'!Y16-'Entries July 2026'!Y15) -> 70 | P16: =IF('Entries July 2026'!AC16-'Entries July 2026'!AC15<1,"0",'Entries July 2026'!AC16-'Entries July 2026'!AC15) -> 23 | Q16: =IF('Entries July 2026'!Z16-'Entries July 2026'!Z15<1,"0",'Entries July 2026'!Z16-'Entries July 2026'!Z15) -> 33 | R16: =IF(('Entries July 2026'!AA16-'Entries July 2026'!AA15)+('Entries July 2026'!AB16-'Entries July 2026'!AB15)<1,"0",('Entries July 2026'!AA16-'Entries July 2026'!AA15)+('Entries July 2026'!AB16-'Entries July 2026'!AB15)) -> 0 | S16: =(R16+G16)*10 -> 2250 | T16: =O16+N16+M16+L16 -> 102 | U16: =IF('Entries July 2026'!AC16-'Entries July 2026'!AC15<1,"0",'Entries July 2026'!AC16-'Entries July 2026'!AC15) -> 23 | V16: =IF('Entries July 2026'!AD16-'Entries July 2026'!AD15<1,"0",'Entries July 2026'!AD16-'Entries July 2026'!AD15) -> 0 | W16: =IF('Entries July 2026'!AE16-'Entries July 2026'!AE15<1,"0",'Entries July 2026'!AE16-'Entries July 2026'!AE15) -> 0 | X16: =IF('Entries July 2026'!AI16-'Entries July 2026'!AI15<1,"0",'Entries July 2026'!AI16-'Entries July 2026'!AI15) -> 0 | Y16: =IF('Entries July 2026'!AH16-'Entries July 2026'!AH15<1,"0",'Entries July 2026'!AH16-'Entries July 2026'!AH15) -> 0 | Z16: =C16+D16+E16 -> 413 | AA16: 349.932 | AB16: =IF(AA16=0,"0",(Z16*10/AA16)) -> 11.802293
B17: 11 | C17: =IF('Entries July 2026'!W17-'Entries July 2026'!W16<1,"0",'Entries July 2026'!W17-'Entries July 2026'!W16) -> 0 | D17: =IF('Entries July 2026'!O17-'Entries July 2026'!O16<1,"0",'Entries July 2026'!O17-'Entries July 2026'!O16) -> 0 | E17: =IF('Entries July 2026'!P17-'Entries July 2026'!P16<1,"0",'Entries July 2026'!P17-'Entries July 2026'!P16) -> 97 | F17: =IF('Entries July 2026'!V17-'Entries July 2026'!V16<1,"0",'Entries July 2026'!V17-'Entries July 2026'!V16) -> 100 | G17: =(D17+E17)-F17 -> -3 | H17: =IF('Entries July 2026'!Q17-'Entries July 2026'!Q16<1,0,'Entries July 2026'!Q17-'Entries July 2026'!Q16) -> 100 | I17: =IF('Entries July 2026'!AG17-'Entries July 2026'!AG16<1,0,'Entries July 2026'!AG17-'Entries July 2026'!AG16) -> 0 | J17: =IF('Entries July 2026'!S17-'Entries July 2026'!S16<1,"0",'Entries July 2026'!S17-'Entries July 2026'!S16) -> 96 | K17: =IF('Entries July 2026'!R17-'Entries July 2026'!R16<1,"0",'Entries July 2026'!R17-'Entries July 2026'!R16) -> 0 | L17: =IF('Entries July 2026'!T17-'Entries July 2026'!T16<1,"0",'Entries July 2026'!T17-'Entries July 2026'!T16) -> 0 | M17: =IF('Entries July 2026'!U17-'Entries July 2026'!U16<1,"0",'Entries July 2026'!U17-'Entries July 2026'!U16) -> 0 | N17: =IF('Entries July 2026'!X17-'Entries July 2026'!X16<1,"0",'Entries July 2026'!X17-'Entries July 2026'!X16) -> 0 | O17: =IF('Entries July 2026'!Y17-'Entries July 2026'!Y16<1,"0",'Entries July 2026'!Y17-'Entries July 2026'!Y16) -> 41 | P17: =IF('Entries July 2026'!AC17-'Entries July 2026'!AC16<1,"0",'Entries July 2026'!AC17-'Entries July 2026'!AC16) -> 5 | Q17: =IF('Entries July 2026'!Z17-'Entries July 2026'!Z16<1,"0",'Entries July 2026'!Z17-'Entries July 2026'!Z16) -> 13 | R17: =IF(('Entries July 2026'!AA17-'Entries July 2026'!AA16)+('Entries July 2026'!AB17-'Entries July 2026'!AB16)<1,"0",('Entries July 2026'!AA17-'Entries July 2026'!AA16)+('Entries July 2026'!AB17-'Entries July 2026'!AB16)) -> 0 | S17: =(R17+G17)*10 -> -30 | T17: =O17+N17+M17+L17 -> 41 | U17: =IF('Entries July 2026'!AC17-'Entries July 2026'!AC16<1,"0",'Entries July 2026'!AC17-'Entries July 2026'!AC16) -> 5 | V17: =IF('Entries July 2026'!AD17-'Entries July 2026'!AD16<1,"0",'Entries July 2026'!AD17-'Entries July 2026'!AD16) -> 0 | W17: =IF('Entries July 2026'!AE17-'Entries July 2026'!AE16<1,"0",'Entries July 2026'!AE17-'Entries July 2026'!AE16) -> 0 | X17: =IF('Entries July 2026'!AI17-'Entries July 2026'!AI16<1,"0",'Entries July 2026'!AI17-'Entries July 2026'!AI16) -> 0 | Y17: =IF('Entries July 2026'!AH17-'Entries July 2026'!AH16<1,"0",'Entries July 2026'!AH17-'Entries July 2026'!AH16) -> 0 | Z17: =C17+D17+E17 -> 97 | AA17: 0 | AB17: =IF(AA17=0,"0",(Z17*10/AA17)) -> 0
B18: 12 | C18: =IF('Entries July 2026'!W18-'Entries July 2026'!W17<1,"0",'Entries July 2026'!W18-'Entries July 2026'!W17) -> 0 | D18: =IF('Entries July 2026'!O18-'Entries July 2026'!O17<1,"0",'Entries July 2026'!O18-'Entries July 2026'!O17) -> 249 | E18: =IF('Entries July 2026'!P18-'Entries July 2026'!P17<1,"0",'Entries July 2026'!P18-'Entries July 2026'!P17) -> 216 | F18: =IF('Entries July 2026'!V18-'Entries July 2026'!V17<1,"0",'Entries July 2026'!V18-'Entries July 2026'!V17) -> 226 | G18: =(D18+E18)-F18 -> 239 | H18: =IF('Entries July 2026'!Q18-'Entries July 2026'!Q17<1,0,'Entries July 2026'!Q18-'Entries July 2026'!Q17) -> 432 | I18: =IF('Entries July 2026'!AG18-'Entries July 2026'!AG17<1,0,'Entries July 2026'!AG18-'Entries July 2026'!AG17) -> 0 | J18: =IF('Entries July 2026'!S18-'Entries July 2026'!S17<1,"0",'Entries July 2026'!S18-'Entries July 2026'!S17) -> 59 | K18: =IF('Entries July 2026'!R18-'Entries July 2026'!R17<1,"0",'Entries July 2026'!R18-'Entries July 2026'!R17) -> 0 | L18: =IF('Entries July 2026'!T18-'Entries July 2026'!T17<1,"0",'Entries July 2026'!T18-'Entries July 2026'!T17) -> 0 | M18: =IF('Entries July 2026'!U18-'Entries July 2026'!U17<1,"0",'Entries July 2026'!U18-'Entries July 2026'!U17) -> 0 | N18: =IF('Entries July 2026'!X18-'Entries July 2026'!X17<1,"0",'Entries July 2026'!X18-'Entries July 2026'!X17) -> 10 | O18: =IF('Entries July 2026'!Y18-'Entries July 2026'!Y17<1,"0",'Entries July 2026'!Y18-'Entries July 2026'!Y17) -> 0 | P18: =IF('Entries July 2026'!AC18-'Entries July 2026'!AC17<1,"0",'Entries July 2026'!AC18-'Entries July 2026'!AC17) -> 0 | Q18: =IF('Entries July 2026'!Z18-'Entries July 2026'!Z17<1,"0",'Entries July 2026'!Z18-'Entries July 2026'!Z17) -> 15 | R18: =IF(('Entries July 2026'!AA18-'Entries July 2026'!AA17)+('Entries July 2026'!AB18-'Entries July 2026'!AB17)<1,"0",('Entries July 2026'!AA18-'Entries July 2026'!AA17)+('Entries July 2026'!AB18-'Entries July 2026'!AB17)) -> 0 | S18: =(R18+G18)*10 -> 2390 | T18: =O18+N18+M18+L18 -> 10 | U18: =IF('Entries July 2026'!AC18-'Entries July 2026'!AC17<1,"0",'Entries July 2026'!AC18-'Entries July 2026'!AC17) -> 0 | V18: =IF('Entries July 2026'!AD18-'Entries July 2026'!AD17<1,"0",'Entries July 2026'!AD18-'Entries July 2026'!AD17) -> 0 | W18: =IF('Entries July 2026'!AE18-'Entries July 2026'!AE17<1,"0",'Entries July 2026'!AE18-'Entries July 2026'!AE17) -> 0 | X18: =IF('Entries July 2026'!AI18-'Entries July 2026'!AI17<1,"0",'Entries July 2026'!AI18-'Entries July 2026'!AI17) -> 0 | Y18: =IF('Entries July 2026'!AH18-'Entries July 2026'!AH17<1,"0",'Entries July 2026'!AH18-'Entries July 2026'!AH17) -> 0 | Z18: =C18+D18+E18 -> 465 | AA18: 0 | AB18: =IF(AA18=0,"0",(Z18*10/AA18)) -> 0
B19: 13 | C19: =IF('Entries July 2026'!W19-'Entries July 2026'!W18<1,"0",'Entries July 2026'!W19-'Entries July 2026'!W18) -> 0 | D19: =IF('Entries July 2026'!O19-'Entries July 2026'!O18<1,"0",'Entries July 2026'!O19-'Entries July 2026'!O18) -> 200 | E19: =IF('Entries July 2026'!P19-'Entries July 2026'!P18<1,"0",'Entries July 2026'!P19-'Entries July 2026'!P18) -> 80 | F19: =IF('Entries July 2026'!V19-'Entries July 2026'!V18<1,"0",'Entries July 2026'!V19-'Entries July 2026'!V18) -> 84 | G19: =(D19+E19)-F19 -> 196 | H19: =IF('Entries July 2026'!Q19-'Entries July 2026'!Q18<1,0,'Entries July 2026'!Q19-'Entries July 2026'!Q18) -> 75 | I19: =IF('Entries July 2026'!AG19-'Entries July 2026'!AG18<1,0,'Entries July 2026'!AG19-'Entries July 2026'!AG18) -> 0 | J19: =IF('Entries July 2026'!S19-'Entries July 2026'!S18<1,"0",'Entries July 2026'!S19-'Entries July 2026'!S18) -> 35 | K19: =IF('Entries July 2026'!R19-'Entries July 2026'!R18<1,"0",'Entries July 2026'!R19-'Entries July 2026'!R18) -> 0 | L19: =IF('Entries July 2026'!T19-'Entries July 2026'!T18<1,"0",'Entries July 2026'!T19-'Entries July 2026'!T18) -> 0 | M19: =IF('Entries July 2026'!U19-'Entries July 2026'!U18<1,"0",'Entries July 2026'!U19-'Entries July 2026'!U18) -> 5 | N19: =IF('Entries July 2026'!X19-'Entries July 2026'!X18<1,"0",'Entries July 2026'!X19-'Entries July 2026'!X18) -> 50 | O19: =IF('Entries July 2026'!Y19-'Entries July 2026'!Y18<1,"0",'Entries July 2026'!Y19-'Entries July 2026'!Y18) -> 88 | P19: =IF('Entries July 2026'!AC19-'Entries July 2026'!AC18<1,"0",'Entries July 2026'!AC19-'Entries July 2026'!AC18) -> 26 | Q19: =IF('Entries July 2026'!Z19-'Entries July 2026'!Z18<1,"0",'Entries July 2026'!Z19-'Entries July 2026'!Z18) -> 17 | R19: =IF(('Entries July 2026'!AA19-'Entries July 2026'!AA18)+('Entries July 2026'!AB19-'Entries July 2026'!AB18)<1,"0",('Entries July 2026'!AA19-'Entries July 2026'!AA18)+('Entries July 2026'!AB19-'Entries July 2026'!AB18)) -> 0 | S19: =(R19+G19)*10 -> 1960 | T19: =O19+N19+M19+L19 -> 143 | U19: =IF('Entries July 2026'!AC19-'Entries July 2026'!AC18<1,"0",'Entries July 2026'!AC19-'Entries July 2026'!AC18) -> 26 | V19: =IF('Entries July 2026'!AD19-'Entries July 2026'!AD18<1,"0",'Entries July 2026'!AD19-'Entries July 2026'!AD18) -> 0 | W19: =IF('Entries July 2026'!AE19-'Entries July 2026'!AE18<1,"0",'Entries July 2026'!AE19-'Entries July 2026'!AE18) -> 0 | X19: =IF('Entries July 2026'!AI19-'Entries July 2026'!AI18<1,"0",'Entries July 2026'!AI19-'Entries July 2026'!AI18) -> 0 | Y19: =IF('Entries July 2026'!AH19-'Entries July 2026'!AH18<1,"0",'Entries July 2026'!AH19-'Entries July 2026'!AH18) -> 0 | Z19: =C19+D19+E19 -> 280 | AA19: 407.22 | AB19: =IF(AA19=0,"0",(Z19*10/AA19)) -> 6.8758902
B20: 14 | C20: =IF('Entries July 2026'!W20-'Entries July 2026'!W19<1,"0",'Entries July 2026'!W20-'Entries July 2026'!W19) -> 0 | D20: =IF('Entries July 2026'!O20-'Entries July 2026'!O19<1,"0",'Entries July 2026'!O20-'Entries July 2026'!O19) -> 197 | E20: =IF('Entries July 2026'!P20-'Entries July 2026'!P19<1,"0",'Entries July 2026'!P20-'Entries July 2026'!P19) -> 139 | F20: =IF('Entries July 2026'!V20-'Entries July 2026'!V19<1,"0",'Entries July 2026'!V20-'Entries July 2026'!V19) -> 137 | G20: =(D20+E20)-F20 -> 199 | H20: =IF('Entries July 2026'!Q20-'Entries July 2026'!Q19<1,0,'Entries July 2026'!Q20-'Entries July 2026'!Q19) -> 471 | I20: =IF('Entries July 2026'!AG20-'Entries July 2026'!AG19<1,0,'Entries July 2026'!AG20-'Entries July 2026'!AG19) -> 0 | J20: =IF('Entries July 2026'!S20-'Entries July 2026'!S19<1,"0",'Entries July 2026'!S20-'Entries July 2026'!S19) -> 206 | K20: =IF('Entries July 2026'!R20-'Entries July 2026'!R19<1,"0",'Entries July 2026'!R20-'Entries July 2026'!R19) -> 0 | L20: =IF('Entries July 2026'!T20-'Entries July 2026'!T19<1,"0",'Entries July 2026'!T20-'Entries July 2026'!T19) -> 0 | M20: =IF('Entries July 2026'!U20-'Entries July 2026'!U19<1,"0",'Entries July 2026'!U20-'Entries July 2026'!U19) -> 3 | N20: =IF('Entries July 2026'!X20-'Entries July 2026'!X19<1,"0",'Entries July 2026'!X20-'Entries July 2026'!X19) -> 23 | O20: =IF('Entries July 2026'!Y20-'Entries July 2026'!Y19<1,"0",'Entries July 2026'!Y20-'Entries July 2026'!Y19) -> 119 | P20: =IF('Entries July 2026'!AC20-'Entries July 2026'!AC19<1,"0",'Entries July 2026'!AC20-'Entries July 2026'!AC19) -> 31 | Q20: =IF('Entries July 2026'!Z20-'Entries July 2026'!Z19<1,"0",'Entries July 2026'!Z20-'Entries July 2026'!Z19) -> 24 | R20: =IF(('Entries July 2026'!AA20-'Entries July 2026'!AA19)+('Entries July 2026'!AB20-'Entries July 2026'!AB19)<1,"0",('Entries July 2026'!AA20-'Entries July 2026'!AA19)+('Entries July 2026'!AB20-'Entries July 2026'!AB19)) -> 0 | S20: =(R20+G20)*10 -> 1990 | T20: =O20+N20+M20+L20 -> 145 | U20: =IF('Entries July 2026'!AC20-'Entries July 2026'!AC19<1,"0",'Entries July 2026'!AC20-'Entries July 2026'!AC19) -> 31 | V20: =IF('Entries July 2026'!AD20-'Entries July 2026'!AD19<1,"0",'Entries July 2026'!AD20-'Entries July 2026'!AD19) -> 3 | W20: =IF('Entries July 2026'!AE20-'Entries July 2026'!AE19<1,"0",'Entries July 2026'!AE20-'Entries July 2026'!AE19) -> 0 | X20: =IF('Entries July 2026'!AI20-'Entries July 2026'!AI19<1,"0",'Entries July 2026'!AI20-'Entries July 2026'!AI19) -> 0 | Y20: =IF('Entries July 2026'!AH20-'Entries July 2026'!AH19<1,"0",'Entries July 2026'!AH20-'Entries July 2026'!AH19) -> 0 | Z20: =C20+D20+E20 -> 336 | AA20: 603.57 | AB20: =IF(AA20=0,"0",(Z20*10/AA20)) -> 5.5668771
B21: 15 | C21: =IF('Entries July 2026'!W21-'Entries July 2026'!W20<1,"0",'Entries July 2026'!W21-'Entries July 2026'!W20) -> 0 | D21: =IF('Entries July 2026'!O21-'Entries July 2026'!O20<1,"0",'Entries July 2026'!O21-'Entries July 2026'!O20) -> 358 | E21: =IF('Entries July 2026'!P21-'Entries July 2026'!P20<1,"0",'Entries July 2026'!P21-'Entries July 2026'!P20) -> 168 | F21: =IF('Entries July 2026'!V21-'Entries July 2026'!V20<1,"0",'Entries July 2026'!V21-'Entries July 2026'!V20) -> 177 | G21: =(D21+E21)-F21 -> 349 | H21: =IF('Entries July 2026'!Q21-'Entries July 2026'!Q20<1,0,'Entries July 2026'!Q21-'Entries July 2026'!Q20) -> 187 | I21: =IF('Entries July 2026'!AG21-'Entries July 2026'!AG20<1,0,'Entries July 2026'!AG21-'Entries July 2026'!AG20) -> 0 | J21: =IF('Entries July 2026'!S21-'Entries July 2026'!S20<1,"0",'Entries July 2026'!S21-'Entries July 2026'!S20) -> 151 | K21: =IF('Entries July 2026'!R21-'Entries July 2026'!R20<1,"0",'Entries July 2026'!R21-'Entries July 2026'!R20) -> 0 | L21: =IF('Entries July 2026'!T21-'Entries July 2026'!T20<1,"0",'Entries July 2026'!T21-'Entries July 2026'!T20) -> 0 | M21: =IF('Entries July 2026'!U21-'Entries July 2026'!U20<1,"0",'Entries July 2026'!U21-'Entries July 2026'!U20) -> 3 | N21: =IF('Entries July 2026'!X21-'Entries July 2026'!X20<1,"0",'Entries July 2026'!X21-'Entries July 2026'!X20) -> 22 | O21: =IF('Entries July 2026'!Y21-'Entries July 2026'!Y20<1,"0",'Entries July 2026'!Y21-'Entries July 2026'!Y20) -> 97 | P21: =IF('Entries July 2026'!AC21-'Entries July 2026'!AC20<1,"0",'Entries July 2026'!AC21-'Entries July 2026'!AC20) -> 25 | Q21: =IF('Entries July 2026'!Z21-'Entries July 2026'!Z20<1,"0",'Entries July 2026'!Z21-'Entries July 2026'!Z20) -> 21 | R21: =IF(('Entries July 2026'!AA21-'Entries July 2026'!AA20)+('Entries July 2026'!AB21-'Entries July 2026'!AB20)<1,"0",('Entries July 2026'!AA21-'Entries July 2026'!AA20)+('Entries July 2026'!AB21-'Entries July 2026'!AB20)) -> 0 | S21: =(R21+G21)*10 -> 3490 | T21: =O21+N21+M21+L21 -> 122 | U21: =IF('Entries July 2026'!AC21-'Entries July 2026'!AC20<1,"0",'Entries July 2026'!AC21-'Entries July 2026'!AC20) -> 25 | V21: =IF('Entries July 2026'!AD21-'Entries July 2026'!AD20<1,"0",'Entries July 2026'!AD21-'Entries July 2026'!AD20) -> 0 | W21: =IF('Entries July 2026'!AE21-'Entries July 2026'!AE20<1,"0",'Entries July 2026'!AE21-'Entries July 2026'!AE20) -> 0 | X21: =IF('Entries July 2026'!AI21-'Entries July 2026'!AI20<1,"0",'Entries July 2026'!AI21-'Entries July 2026'!AI20) -> 0 | Y21: =IF('Entries July 2026'!AH21-'Entries July 2026'!AH20<1,"0",'Entries July 2026'!AH21-'Entries July 2026'!AH20) -> 0 | Z21: =C21+D21+E21 -> 526 | AA21: 387.684 | AB21: =IF(AA21=0,"0",(Z21*10/AA21)) -> 13.567751
B22: 16 | C22: =IF('Entries July 2026'!W22-'Entries July 2026'!W21<1,"0",'Entries July 2026'!W22-'Entries July 2026'!W21) -> 0 | D22: =IF('Entries July 2026'!O22-'Entries July 2026'!O21<1,"0",'Entries July 2026'!O22-'Entries July 2026'!O21) -> 136 | E22: =IF('Entries July 2026'!P22-'Entries July 2026'!P21<1,"0",'Entries July 2026'!P22-'Entries July 2026'!P21) -> 197 | F22: =IF('Entries July 2026'!V22-'Entries July 2026'!V21<1,"0",'Entries July 2026'!V22-'Entries July 2026'!V21) -> 197 | G22: =(D22+E22)-F22 -> 136 | H22: =IF('Entries July 2026'!Q22-'Entries July 2026'!Q21<1,0,'Entries July 2026'!Q22-'Entries July 2026'!Q21) -> 156 | I22: =IF('Entries July 2026'!AG22-'Entries July 2026'!AG21<1,0,'Entries July 2026'!AG22-'Entries July 2026'!AG21) -> 0 | J22: =IF('Entries July 2026'!S22-'Entries July 2026'!S21<1,"0",'Entries July 2026'!S22-'Entries July 2026'!S21) -> 165 | K22: =IF('Entries July 2026'!R22-'Entries July 2026'!R21<1,"0",'Entries July 2026'!R22-'Entries July 2026'!R21) -> 0 | L22: =IF('Entries July 2026'!T22-'Entries July 2026'!T21<1,"0",'Entries July 2026'!T22-'Entries July 2026'!T21) -> 0 | M22: =IF('Entries July 2026'!U22-'Entries July 2026'!U21<1,"0",'Entries July 2026'!U22-'Entries July 2026'!U21) -> 1 | N22: =IF('Entries July 2026'!X22-'Entries July 2026'!X21<1,"0",'Entries July 2026'!X22-'Entries July 2026'!X21) -> 46 | O22: =IF('Entries July 2026'!Y22-'Entries July 2026'!Y21<1,"0",'Entries July 2026'!Y22-'Entries July 2026'!Y21) -> 70 | P22: =IF('Entries July 2026'!AC22-'Entries July 2026'!AC21<1,"0",'Entries July 2026'!AC22-'Entries July 2026'!AC21) -> 27 | Q22: =IF('Entries July 2026'!Z22-'Entries July 2026'!Z21<1,"0",'Entries July 2026'!Z22-'Entries July 2026'!Z21) -> 19 | R22: =IF(('Entries July 2026'!AA22-'Entries July 2026'!AA21)+('Entries July 2026'!AB22-'Entries July 2026'!AB21)<1,"0",('Entries July 2026'!AA22-'Entries July 2026'!AA21)+('Entries July 2026'!AB22-'Entries July 2026'!AB21)) -> 0 | S22: =(R22+G22)*10 -> 1360 | T22: =O22+N22+M22+L22 -> 117 | U22: =IF('Entries July 2026'!AC22-'Entries July 2026'!AC21<1,"0",'Entries July 2026'!AC22-'Entries July 2026'!AC21) -> 27 | V22: =IF('Entries July 2026'!AD22-'Entries July 2026'!AD21<1,"0",'Entries July 2026'!AD22-'Entries July 2026'!AD21) -> 26 | W22: =IF('Entries July 2026'!AE22-'Entries July 2026'!AE21<1,"0",'Entries July 2026'!AE22-'Entries July 2026'!AE21) -> 0 | X22: =IF('Entries July 2026'!AI22-'Entries July 2026'!AI21<1,"0",'Entries July 2026'!AI22-'Entries July 2026'!AI21) -> 0 | Y22: =IF('Entries July 2026'!AH22-'Entries July 2026'!AH21<1,"0",'Entries July 2026'!AH22-'Entries July 2026'!AH21) -> 0 | Z22: =C22+D22+E22 -> 333 | AA22: 425.106 | AB22: =IF(AA22=0,"0",(Z22*10/AA22)) -> 7.8333404
B23: 17 | C23: =IF('Entries July 2026'!W23-'Entries July 2026'!W22<1,"0",'Entries July 2026'!W23-'Entries July 2026'!W22) -> 0 | D23: =IF('Entries July 2026'!O23-'Entries July 2026'!O22<1,"0",'Entries July 2026'!O23-'Entries July 2026'!O22) -> 74 | E23: =IF('Entries July 2026'!P23-'Entries July 2026'!P22<1,"0",'Entries July 2026'!P23-'Entries July 2026'!P22) -> 262 | F23: =IF('Entries July 2026'!V23-'Entries July 2026'!V22<1,"0",'Entries July 2026'!V23-'Entries July 2026'!V22) -> 275 | G23: =(D23+E23)-F23 -> 61 | H23: =IF('Entries July 2026'!Q23-'Entries July 2026'!Q22<1,0,'Entries July 2026'!Q23-'Entries July 2026'!Q22) -> 192 | I23: =IF('Entries July 2026'!AG23-'Entries July 2026'!AG22<1,0,'Entries July 2026'!AG23-'Entries July 2026'!AG22) -> 0 | J23: =IF('Entries July 2026'!S23-'Entries July 2026'!S22<1,"0",'Entries July 2026'!S23-'Entries July 2026'!S22) -> 164 | K23: =IF('Entries July 2026'!R23-'Entries July 2026'!R22<1,"0",'Entries July 2026'!R23-'Entries July 2026'!R22) -> 0 | L23: =IF('Entries July 2026'!T23-'Entries July 2026'!T22<1,"0",'Entries July 2026'!T23-'Entries July 2026'!T22) -> 0 | M23: =IF('Entries July 2026'!U23-'Entries July 2026'!U22<1,"0",'Entries July 2026'!U23-'Entries July 2026'!U22) -> 2 | N23: =IF('Entries July 2026'!X23-'Entries July 2026'!X22<1,"0",'Entries July 2026'!X23-'Entries July 2026'!X22) -> 47 | O23: =IF('Entries July 2026'!Y23-'Entries July 2026'!Y22<1,"0",'Entries July 2026'!Y23-'Entries July 2026'!Y22) -> 24 | P23: =IF('Entries July 2026'!AC23-'Entries July 2026'!AC22<1,"0",'Entries July 2026'!AC23-'Entries July 2026'!AC22) -> 9 | Q23: =IF('Entries July 2026'!Z23-'Entries July 2026'!Z22<1,"0",'Entries July 2026'!Z23-'Entries July 2026'!Z22) -> 19 | R23: =IF(('Entries July 2026'!AA23-'Entries July 2026'!AA22)+('Entries July 2026'!AB23-'Entries July 2026'!AB22)<1,"0",('Entries July 2026'!AA23-'Entries July 2026'!AA22)+('Entries July 2026'!AB23-'Entries July 2026'!AB22)) -> 0 | S23: =(R23+G23)*10 -> 610 | T23: =O23+N23+M23+L23 -> 73 | U23: =IF('Entries July 2026'!AC23-'Entries July 2026'!AC22<1,"0",'Entries July 2026'!AC23-'Entries July 2026'!AC22) -> 9 | V23: =IF('Entries July 2026'!AD23-'Entries July 2026'!AD22<1,"0",'Entries July 2026'!AD23-'Entries July 2026'!AD22) -> 30 | W23: =IF('Entries July 2026'!AE23-'Entries July 2026'!AE22<1,"0",'Entries July 2026'!AE23-'Entries July 2026'!AE22) -> 0 | X23: =IF('Entries July 2026'!AI23-'Entries July 2026'!AI22<1,"0",'Entries July 2026'!AI23-'Entries July 2026'!AI22) -> 0 | Y23: =IF('Entries July 2026'!AH23-'Entries July 2026'!AH22<1,"0",'Entries July 2026'!AH23-'Entries July 2026'!AH22) -> 0 | Z23: =C23+D23+E23 -> 336 | AA23: 71.94 | AB23: =IF(AA23=0,"0",(Z23*10/AA23)) -> 46.705588
B24: 18 | C24: =IF('Entries July 2026'!W24-'Entries July 2026'!W23<1,"0",'Entries July 2026'!W24-'Entries July 2026'!W23) -> 0 | D24: =IF('Entries July 2026'!O24-'Entries July 2026'!O23<1,"0",'Entries July 2026'!O24-'Entries July 2026'!O23) -> 30 | E24: =IF('Entries July 2026'!P24-'Entries July 2026'!P23<1,"0",'Entries July 2026'!P24-'Entries July 2026'!P23) -> 107 | F24: =IF('Entries July 2026'!V24-'Entries July 2026'!V23<1,"0",'Entries July 2026'!V24-'Entries July 2026'!V23) -> 112 | G24: =(D24+E24)-F24 -> 25 | H24: =IF('Entries July 2026'!Q24-'Entries July 2026'!Q23<1,0,'Entries July 2026'!Q24-'Entries July 2026'!Q23) -> 71 | I24: =IF('Entries July 2026'!AG24-'Entries July 2026'!AG23<1,0,'Entries July 2026'!AG24-'Entries July 2026'!AG23) -> 0 | J24: =IF('Entries July 2026'!S24-'Entries July 2026'!S23<1,"0",'Entries July 2026'!S24-'Entries July 2026'!S23) -> 40 | K24: =IF('Entries July 2026'!R24-'Entries July 2026'!R23<1,"0",'Entries July 2026'!R24-'Entries July 2026'!R23) -> 0 | L24: =IF('Entries July 2026'!T24-'Entries July 2026'!T23<1,"0",'Entries July 2026'!T24-'Entries July 2026'!T23) -> 0 | M24: =IF('Entries July 2026'!U24-'Entries July 2026'!U23<1,"0",'Entries July 2026'!U24-'Entries July 2026'!U23) -> 0 | N24: =IF('Entries July 2026'!X24-'Entries July 2026'!X23<1,"0",'Entries July 2026'!X24-'Entries July 2026'!X23) -> 1 | O24: =IF('Entries July 2026'!Y24-'Entries July 2026'!Y23<1,"0",'Entries July 2026'!Y24-'Entries July 2026'!Y23) -> 28 | P24: =IF('Entries July 2026'!AC24-'Entries July 2026'!AC23<1,"0",'Entries July 2026'!AC24-'Entries July 2026'!AC23) -> 30 | Q24: =IF('Entries July 2026'!Z24-'Entries July 2026'!Z23<1,"0",'Entries July 2026'!Z24-'Entries July 2026'!Z23) -> 7 | R24: =IF(('Entries July 2026'!AA24-'Entries July 2026'!AA23)+('Entries July 2026'!AB24-'Entries July 2026'!AB23)<1,"0",('Entries July 2026'!AA24-'Entries July 2026'!AA23)+('Entries July 2026'!AB24-'Entries July 2026'!AB23)) -> 0 | S24: =(R24+G24)*10 -> 250 | T24: =O24+N24+M24+L24 -> 29 | U24: =IF('Entries July 2026'!AC24-'Entries July 2026'!AC23<1,"0",'Entries July 2026'!AC24-'Entries July 2026'!AC23) -> 30 | V24: =IF('Entries July 2026'!AD24-'Entries July 2026'!AD23<1,"0",'Entries July 2026'!AD24-'Entries July 2026'!AD23) -> 0 | W24: =IF('Entries July 2026'!AE24-'Entries July 2026'!AE23<1,"0",'Entries July 2026'!AE24-'Entries July 2026'!AE23) -> 0 | X24: =IF('Entries July 2026'!AI24-'Entries July 2026'!AI23<1,"0",'Entries July 2026'!AI24-'Entries July 2026'!AI23) -> 0 | Y24: =IF('Entries July 2026'!AH24-'Entries July 2026'!AH23<1,"0",'Entries July 2026'!AH24-'Entries July 2026'!AH23) -> 0 | Z24: =C24+D24+E24 -> 137 | AA24: 0 | AB24: =IF(AA24=0,"0",(Z24*10/AA24)) -> 0
B25: 19 | C25: =IF('Entries July 2026'!W25-'Entries July 2026'!W24<1,"0",'Entries July 2026'!W25-'Entries July 2026'!W24) -> 0 | D25: =IF('Entries July 2026'!O25-'Entries July 2026'!O24<1,"0",'Entries July 2026'!O25-'Entries July 2026'!O24) -> 42 | E25: =IF('Entries July 2026'!P25-'Entries July 2026'!P24<1,"0",'Entries July 2026'!P25-'Entries July 2026'!P24) -> 67 | F25: =IF('Entries July 2026'!V25-'Entries July 2026'!V24<1,"0",'Entries July 2026'!V25-'Entries July 2026'!V24) -> 71 | G25: =(D25+E25)-F25 -> 38 | H25: =IF('Entries July 2026'!Q25-'Entries July 2026'!Q24<1,0,'Entries July 2026'!Q25-'Entries July 2026'!Q24) -> 49 | I25: =IF('Entries July 2026'!AG25-'Entries July 2026'!AG24<1,0,'Entries July 2026'!AG25-'Entries July 2026'!AG24) -> 0 | J25: =IF('Entries July 2026'!S25-'Entries July 2026'!S24<1,"0",'Entries July 2026'!S25-'Entries July 2026'!S24) -> 58 | K25: =IF('Entries July 2026'!R25-'Entries July 2026'!R24<1,"0",'Entries July 2026'!R25-'Entries July 2026'!R24) -> 0 | L25: =IF('Entries July 2026'!T25-'Entries July 2026'!T24<1,"0",'Entries July 2026'!T25-'Entries July 2026'!T24) -> 0 | M25: =IF('Entries July 2026'!U25-'Entries July 2026'!U24<1,"0",'Entries July 2026'!U25-'Entries July 2026'!U24) -> 0 | N25: =IF('Entries July 2026'!X25-'Entries July 2026'!X24<1,"0",'Entries July 2026'!X25-'Entries July 2026'!X24) -> 26 | O25: =IF('Entries July 2026'!Y25-'Entries July 2026'!Y24<1,"0",'Entries July 2026'!Y25-'Entries July 2026'!Y24) -> 0 | P25: =IF('Entries July 2026'!AC25-'Entries July 2026'!AC24<1,"0",'Entries July 2026'!AC25-'Entries July 2026'!AC24) -> 0 | Q25: =IF('Entries July 2026'!Z25-'Entries July 2026'!Z24<1,"0",'Entries July 2026'!Z25-'Entries July 2026'!Z24) -> 12 | R25: =IF(('Entries July 2026'!AA25-'Entries July 2026'!AA24)+('Entries July 2026'!AB25-'Entries July 2026'!AB24)<1,"0",('Entries July 2026'!AA25-'Entries July 2026'!AA24)+('Entries July 2026'!AB25-'Entries July 2026'!AB24)) -> 0 | S25: =(R25+G25)*10 -> 380 | T25: =O25+N25+M25+L25 -> 26 | U25: =IF('Entries July 2026'!AC25-'Entries July 2026'!AC24<1,"0",'Entries July 2026'!AC25-'Entries July 2026'!AC24) -> 0 | V25: =IF('Entries July 2026'!AD25-'Entries July 2026'!AD24<1,"0",'Entries July 2026'!AD25-'Entries July 2026'!AD24) -> 0 | W25: =IF('Entries July 2026'!AE25-'Entries July 2026'!AE24<1,"0",'Entries July 2026'!AE25-'Entries July 2026'!AE24) -> 0 | X25: =IF('Entries July 2026'!AI25-'Entries July 2026'!AI24<1,"0",'Entries July 2026'!AI25-'Entries July 2026'!AI24) -> 0 | Y25: =IF('Entries July 2026'!AH25-'Entries July 2026'!AH24<1,"0",'Entries July 2026'!AH25-'Entries July 2026'!AH24) -> 0 | Z25: =C25+D25+E25 -> 109 | AA25: 0 | AB25: =IF(AA25=0,"0",(Z25*10/AA25)) -> 0
B26: 20 | C26: =IF('Entries July 2026'!W26-'Entries July 2026'!W25<1,"0",'Entries July 2026'!W26-'Entries July 2026'!W25) -> 0 | D26: =IF('Entries July 2026'!O26-'Entries July 2026'!O25<1,"0",'Entries July 2026'!O26-'Entries July 2026'!O25) -> 131 | E26: =IF('Entries July 2026'!P26-'Entries July 2026'!P25<1,"0",'Entries July 2026'!P26-'Entries July 2026'!P25) -> 157 | F26: =IF('Entries July 2026'!V26-'Entries July 2026'!V25<1,"0",'Entries July 2026'!V26-'Entries July 2026'!V25) -> 169 | G26: =(D26+E26)-F26 -> 119 | H26: =IF('Entries July 2026'!Q26-'Entries July 2026'!Q25<1,0,'Entries July 2026'!Q26-'Entries July 2026'!Q25) -> 216 | I26: =IF('Entries July 2026'!AG26-'Entries July 2026'!AG25<1,0,'Entries July 2026'!AG26-'Entries July 2026'!AG25) -> 0 | J26: =IF('Entries July 2026'!S26-'Entries July 2026'!S25<1,"0",'Entries July 2026'!S26-'Entries July 2026'!S25) -> 97 | K26: =IF('Entries July 2026'!R26-'Entries July 2026'!R25<1,"0",'Entries July 2026'!R26-'Entries July 2026'!R25) -> 0 | L26: =IF('Entries July 2026'!T26-'Entries July 2026'!T25<1,"0",'Entries July 2026'!T26-'Entries July 2026'!T25) -> 0 | M26: =IF('Entries July 2026'!U26-'Entries July 2026'!U25<1,"0",'Entries July 2026'!U26-'Entries July 2026'!U25) -> 4 | N26: =IF('Entries July 2026'!X26-'Entries July 2026'!X25<1,"0",'Entries July 2026'!X26-'Entries July 2026'!X25) -> 50 | O26: =IF('Entries July 2026'!Y26-'Entries July 2026'!Y25<1,"0",'Entries July 2026'!Y26-'Entries July 2026'!Y25) -> 91 | P26: =IF('Entries July 2026'!AC26-'Entries July 2026'!AC25<1,"0",'Entries July 2026'!AC26-'Entries July 2026'!AC25) -> 1 | Q26: =IF('Entries July 2026'!Z26-'Entries July 2026'!Z25<1,"0",'Entries July 2026'!Z26-'Entries July 2026'!Z25) -> 22 | R26: =IF(('Entries July 2026'!AA26-'Entries July 2026'!AA25)+('Entries July 2026'!AB26-'Entries July 2026'!AB25)<1,"0",('Entries July 2026'!AA26-'Entries July 2026'!AA25)+('Entries July 2026'!AB26-'Entries July 2026'!AB25)) -> 0 | S26: =(R26+G26)*10 -> 1190 | T26: =O26+N26+M26+L26 -> 145 | U26: =IF('Entries July 2026'!AC26-'Entries July 2026'!AC25<1,"0",'Entries July 2026'!AC26-'Entries July 2026'!AC25) -> 1 | V26: =IF('Entries July 2026'!AD26-'Entries July 2026'!AD25<1,"0",'Entries July 2026'!AD26-'Entries July 2026'!AD25) -> 7 | W26: =IF('Entries July 2026'!AE26-'Entries July 2026'!AE25<1,"0",'Entries July 2026'!AE26-'Entries July 2026'!AE25) -> 0 | X26: =IF('Entries July 2026'!AI26-'Entries July 2026'!AI25<1,"0",'Entries July 2026'!AI26-'Entries July 2026'!AI25) -> 0 | Y26: =IF('Entries July 2026'!AH26-'Entries July 2026'!AH25<1,"0",'Entries July 2026'!AH26-'Entries July 2026'!AH25) -> 0 | Z26: =C26+D26+E26 -> 288 | AA26: 406.89 | AB26: =IF(AA26=0,"0",(Z26*10/AA26)) -> 7.0780801
B27: 21 | C27: =IF('Entries July 2026'!W27-'Entries July 2026'!W26<1,"0",'Entries July 2026'!W27-'Entries July 2026'!W26) -> 0 | D27: =IF('Entries July 2026'!O27-'Entries July 2026'!O26<1,"0",'Entries July 2026'!O27-'Entries July 2026'!O26) -> 289 | E27: =IF('Entries July 2026'!P27-'Entries July 2026'!P26<1,"0",'Entries July 2026'!P27-'Entries July 2026'!P26) -> 121 | F27: =IF('Entries July 2026'!V27-'Entries July 2026'!V26<1,"0",'Entries July 2026'!V27-'Entries July 2026'!V26) -> 122 | G27: =(D27+E27)-F27 -> 288 | H27: =IF('Entries July 2026'!Q27-'Entries July 2026'!Q26<1,0,'Entries July 2026'!Q27-'Entries July 2026'!Q26) -> 311 | I27: =IF('Entries July 2026'!AG27-'Entries July 2026'!AG26<1,0,'Entries July 2026'!AG27-'Entries July 2026'!AG26) -> 0 | J27: =IF('Entries July 2026'!S27-'Entries July 2026'!S26<1,"0",'Entries July 2026'!S27-'Entries July 2026'!S26) -> 236 | K27: =IF('Entries July 2026'!R27-'Entries July 2026'!R26<1,"0",'Entries July 2026'!R27-'Entries July 2026'!R26) -> 0 | L27: =IF('Entries July 2026'!T27-'Entries July 2026'!T26<1,"0",'Entries July 2026'!T27-'Entries July 2026'!T26) -> 0 | M27: =IF('Entries July 2026'!U27-'Entries July 2026'!U26<1,"0",'Entries July 2026'!U27-'Entries July 2026'!U26) -> 5 | N27: =IF('Entries July 2026'!X27-'Entries July 2026'!X26<1,"0",'Entries July 2026'!X27-'Entries July 2026'!X26) -> 66 | O27: =IF('Entries July 2026'!Y27-'Entries July 2026'!Y26<1,"0",'Entries July 2026'!Y27-'Entries July 2026'!Y26) -> 101 | P27: =IF('Entries July 2026'!AC27-'Entries July 2026'!AC26<1,"0",'Entries July 2026'!AC27-'Entries July 2026'!AC26) -> 23 | Q27: =IF('Entries July 2026'!Z27-'Entries July 2026'!Z26<1,"0",'Entries July 2026'!Z27-'Entries July 2026'!Z26) -> 24 | R27: =IF(('Entries July 2026'!AA27-'Entries July 2026'!AA26)+('Entries July 2026'!AB27-'Entries July 2026'!AB26)<1,"0",('Entries July 2026'!AA27-'Entries July 2026'!AA26)+('Entries July 2026'!AB27-'Entries July 2026'!AB26)) -> 0 | S27: =(R27+G27)*10 -> 2880 | T27: =O27+N27+M27+L27 -> 172 | U27: =IF('Entries July 2026'!AC27-'Entries July 2026'!AC26<1,"0",'Entries July 2026'!AC27-'Entries July 2026'!AC26) -> 23 | V27: =IF('Entries July 2026'!AD27-'Entries July 2026'!AD26<1,"0",'Entries July 2026'!AD27-'Entries July 2026'!AD26) -> 26 | W27: =IF('Entries July 2026'!AE27-'Entries July 2026'!AE26<1,"0",'Entries July 2026'!AE27-'Entries July 2026'!AE26) -> 0 | X27: =IF('Entries July 2026'!AI27-'Entries July 2026'!AI26<1,"0",'Entries July 2026'!AI27-'Entries July 2026'!AI26) -> 0 | Y27: =IF('Entries July 2026'!AH27-'Entries July 2026'!AH26<1,"0",'Entries July 2026'!AH27-'Entries July 2026'!AH26) -> 0 | Z27: =C27+D27+E27 -> 410 | AA27: 500.148 | AB27: =IF(AA27=0,"0",(Z27*10/AA27)) -> 8.1975735
B28: 22 | C28: =IF('Entries July 2026'!W28-'Entries July 2026'!W27<1,"0",'Entries July 2026'!W28-'Entries July 2026'!W27) -> 0 | D28: =IF('Entries July 2026'!O28-'Entries July 2026'!O27<1,"0",'Entries July 2026'!O28-'Entries July 2026'!O27) -> 179 | E28: =IF('Entries July 2026'!P28-'Entries July 2026'!P27<1,"0",'Entries July 2026'!P28-'Entries July 2026'!P27) -> 215 | F28: =IF('Entries July 2026'!V28-'Entries July 2026'!V27<1,"0",'Entries July 2026'!V28-'Entries July 2026'!V27) -> 225 | G28: =(D28+E28)-F28 -> 169 | H28: =IF('Entries July 2026'!Q28-'Entries July 2026'!Q27<1,0,'Entries July 2026'!Q28-'Entries July 2026'!Q27) -> 136 | I28: =IF('Entries July 2026'!AG28-'Entries July 2026'!AG27<1,0,'Entries July 2026'!AG28-'Entries July 2026'!AG27) -> 0 | J28: =IF('Entries July 2026'!S28-'Entries July 2026'!S27<1,"0",'Entries July 2026'!S28-'Entries July 2026'!S27) -> 142 | K28: =IF('Entries July 2026'!R28-'Entries July 2026'!R27<1,"0",'Entries July 2026'!R28-'Entries July 2026'!R27) -> 0 | L28: =IF('Entries July 2026'!T28-'Entries July 2026'!T27<1,"0",'Entries July 2026'!T28-'Entries July 2026'!T27) -> 0 | M28: =IF('Entries July 2026'!U28-'Entries July 2026'!U27<1,"0",'Entries July 2026'!U28-'Entries July 2026'!U27) -> 2 | N28: =IF('Entries July 2026'!X28-'Entries July 2026'!X27<1,"0",'Entries July 2026'!X28-'Entries July 2026'!X27) -> 26 | O28: =IF('Entries July 2026'!Y28-'Entries July 2026'!Y27<1,"0",'Entries July 2026'!Y28-'Entries July 2026'!Y27) -> 56 | P28: =IF('Entries July 2026'!AC28-'Entries July 2026'!AC27<1,"0",'Entries July 2026'!AC28-'Entries July 2026'!AC27) -> 9 | Q28: =IF('Entries July 2026'!Z28-'Entries July 2026'!Z27<1,"0",'Entries July 2026'!Z28-'Entries July 2026'!Z27) -> 1 | R28: =IF(('Entries July 2026'!AA28-'Entries July 2026'!AA27)+('Entries July 2026'!AB28-'Entries July 2026'!AB27)<1,"0",('Entries July 2026'!AA28-'Entries July 2026'!AA27)+('Entries July 2026'!AB28-'Entries July 2026'!AB27)) -> 0 | S28: =(R28+G28)*10 -> 1690 | T28: =O28+N28+M28+L28 -> 84 | U28: =IF('Entries July 2026'!AC28-'Entries July 2026'!AC27<1,"0",'Entries July 2026'!AC28-'Entries July 2026'!AC27) -> 9 | V28: =IF('Entries July 2026'!AD28-'Entries July 2026'!AD27<1,"0",'Entries July 2026'!AD28-'Entries July 2026'!AD27) -> 52 | W28: =IF('Entries July 2026'!AE28-'Entries July 2026'!AE27<1,"0",'Entries July 2026'!AE28-'Entries July 2026'!AE27) -> 0 | X28: =IF('Entries July 2026'!AI28-'Entries July 2026'!AI27<1,"0",'Entries July 2026'!AI28-'Entries July 2026'!AI27) -> 0 | Y28: =IF('Entries July 2026'!AH28-'Entries July 2026'!AH27<1,"0",'Entries July 2026'!AH28-'Entries July 2026'!AH27) -> 0 | Z28: =C28+D28+E28 -> 394 | AA28: 202.554 | AB28: =IF(AA28=0,"0",(Z28*10/AA28)) -> 19.451603
B29: 23 | C29: =IF('Entries July 2026'!W29-'Entries July 2026'!W28<1,"0",'Entries July 2026'!W29-'Entries July 2026'!W28) -> 0 | D29: =IF('Entries July 2026'!O29-'Entries July 2026'!O28<1,"0",'Entries July 2026'!O29-'Entries July 2026'!O28) -> 149 | E29: =IF('Entries July 2026'!P29-'Entries July 2026'!P28<1,"0",'Entries July 2026'!P29-'Entries July 2026'!P28) -> 203 | F29: =IF('Entries July 2026'!V29-'Entries July 2026'!V28<1,"0",'Entries July 2026'!V29-'Entries July 2026'!V28) -> 212 | G29: =(D29+E29)-F29 -> 140 | H29: =IF('Entries July 2026'!Q29-'Entries July 2026'!Q28<1,0,'Entries July 2026'!Q29-'Entries July 2026'!Q28) -> 159 | I29: =IF('Entries July 2026'!AG29-'Entries July 2026'!AG28<1,0,'Entries July 2026'!AG29-'Entries July 2026'!AG28) -> 0 | J29: =IF('Entries July 2026'!S29-'Entries July 2026'!S28<1,"0",'Entries July 2026'!S29-'Entries July 2026'!S28) -> 259 | K29: =IF('Entries July 2026'!R29-'Entries July 2026'!R28<1,"0",'Entries July 2026'!R29-'Entries July 2026'!R28) -> 0 | L29: =IF('Entries July 2026'!T29-'Entries July 2026'!T28<1,"0",'Entries July 2026'!T29-'Entries July 2026'!T28) -> 0 | M29: =IF('Entries July 2026'!U29-'Entries July 2026'!U28<1,"0",'Entries July 2026'!U29-'Entries July 2026'!U28) -> 2 | N29: =IF('Entries July 2026'!X29-'Entries July 2026'!X28<1,"0",'Entries July 2026'!X29-'Entries July 2026'!X28) -> 37 | O29: =IF('Entries July 2026'!Y29-'Entries July 2026'!Y28<1,"0",'Entries July 2026'!Y29-'Entries July 2026'!Y28) -> 64 | P29: =IF('Entries July 2026'!AC29-'Entries July 2026'!AC28<1,"0",'Entries July 2026'!AC29-'Entries July 2026'!AC28) -> 19 | Q29: =IF('Entries July 2026'!Z29-'Entries July 2026'!Z28<1,"0",'Entries July 2026'!Z29-'Entries July 2026'!Z28) -> 40 | R29: =IF(('Entries July 2026'!AA29-'Entries July 2026'!AA28)+('Entries July 2026'!AB29-'Entries July 2026'!AB28)<1,"0",('Entries July 2026'!AA29-'Entries July 2026'!AA28)+('Entries July 2026'!AB29-'Entries July 2026'!AB28)) -> 0 | S29: =(R29+G29)*10 -> 1400 | T29: =O29+N29+M29+L29 -> 103 | U29: =IF('Entries July 2026'!AC29-'Entries July 2026'!AC28<1,"0",'Entries July 2026'!AC29-'Entries July 2026'!AC28) -> 19 | V29: =IF('Entries July 2026'!AD29-'Entries July 2026'!AD28<1,"0",'Entries July 2026'!AD29-'Entries July 2026'!AD28) -> 0 | W29: =IF('Entries July 2026'!AE29-'Entries July 2026'!AE28<1,"0",'Entries July 2026'!AE29-'Entries July 2026'!AE28) -> 0 | X29: =IF('Entries July 2026'!AI29-'Entries July 2026'!AI28<1,"0",'Entries July 2026'!AI29-'Entries July 2026'!AI28) -> 0 | Y29: =IF('Entries July 2026'!AH29-'Entries July 2026'!AH28<1,"0",'Entries July 2026'!AH29-'Entries July 2026'!AH28) -> 0 | Z29: =C29+D29+E29 -> 352 | AA29: 258.786 | AB29: =IF(AA29=0,"0",(Z29*10/AA29)) -> 13.601972
B30: 24 | C30: =IF('Entries July 2026'!W30-'Entries July 2026'!W29<1,"0",'Entries July 2026'!W30-'Entries July 2026'!W29) -> 0 | D30: =IF('Entries July 2026'!O30-'Entries July 2026'!O29<1,"0",'Entries July 2026'!O30-'Entries July 2026'!O29) -> 233 | E30: =IF('Entries July 2026'!P30-'Entries July 2026'!P29<1,"0",'Entries July 2026'!P30-'Entries July 2026'!P29) -> 204 | F30: =IF('Entries July 2026'!V30-'Entries July 2026'!V29<1,"0",'Entries July 2026'!V30-'Entries July 2026'!V29) -> 254 | G30: =(D30+E30)-F30 -> 183 | H30: =IF('Entries July 2026'!Q30-'Entries July 2026'!Q29<1,0,'Entries July 2026'!Q30-'Entries July 2026'!Q29) -> 158 | I30: =IF('Entries July 2026'!AG30-'Entries July 2026'!AG29<1,0,'Entries July 2026'!AG30-'Entries July 2026'!AG29) -> 0 | J30: =IF('Entries July 2026'!S30-'Entries July 2026'!S29<1,"0",'Entries July 2026'!S30-'Entries July 2026'!S29) -> 120 | K30: =IF('Entries July 2026'!R30-'Entries July 2026'!R29<1,"0",'Entries July 2026'!R30-'Entries July 2026'!R29) -> 0 | L30: =IF('Entries July 2026'!T30-'Entries July 2026'!T29<1,"0",'Entries July 2026'!T30-'Entries July 2026'!T29) -> 0 | M30: =IF('Entries July 2026'!U30-'Entries July 2026'!U29<1,"0",'Entries July 2026'!U30-'Entries July 2026'!U29) -> 3 | N30: =IF('Entries July 2026'!X30-'Entries July 2026'!X29<1,"0",'Entries July 2026'!X30-'Entries July 2026'!X29) -> 49 | O30: =IF('Entries July 2026'!Y30-'Entries July 2026'!Y29<1,"0",'Entries July 2026'!Y30-'Entries July 2026'!Y29) -> 47 | P30: =IF('Entries July 2026'!AC30-'Entries July 2026'!AC29<1,"0",'Entries July 2026'!AC30-'Entries July 2026'!AC29) -> 11 | Q30: =IF('Entries July 2026'!Z30-'Entries July 2026'!Z29<1,"0",'Entries July 2026'!Z30-'Entries July 2026'!Z29) -> 18 | R30: =IF(('Entries July 2026'!AA30-'Entries July 2026'!AA29)+('Entries July 2026'!AB30-'Entries July 2026'!AB29)<1,"0",('Entries July 2026'!AA30-'Entries July 2026'!AA29)+('Entries July 2026'!AB30-'Entries July 2026'!AB29)) -> 0 | S30: =(R30+G30)*10 -> 1830 | T30: =O30+N30+M30+L30 -> 99 | U30: =IF('Entries July 2026'!AC30-'Entries July 2026'!AC29<1,"0",'Entries July 2026'!AC30-'Entries July 2026'!AC29) -> 11 | V30: =IF('Entries July 2026'!AD30-'Entries July 2026'!AD29<1,"0",'Entries July 2026'!AD30-'Entries July 2026'!AD29) -> 0 | W30: =IF('Entries July 2026'!AE30-'Entries July 2026'!AE29<1,"0",'Entries July 2026'!AE30-'Entries July 2026'!AE29) -> 0 | X30: =IF('Entries July 2026'!AI30-'Entries July 2026'!AI29<1,"0",'Entries July 2026'!AI30-'Entries July 2026'!AI29) -> 0 | Y30: =IF('Entries July 2026'!AH30-'Entries July 2026'!AH29<1,"0",'Entries July 2026'!AH30-'Entries July 2026'!AH29) -> 0 | Z30: =C30+D30+E30 -> 437 | AA30: 91.872 | AB30: =IF(AA30=0,"0",(Z30*10/AA30)) -> 47.566179
B31: 25 | C31: =IF('Entries July 2026'!W31-'Entries July 2026'!W30<1,"0",'Entries July 2026'!W31-'Entries July 2026'!W30) -> 0 | D31: =IF('Entries July 2026'!O31-'Entries July 2026'!O30<1,"0",'Entries July 2026'!O31-'Entries July 2026'!O30) -> 127 | E31: =IF('Entries July 2026'!P31-'Entries July 2026'!P30<1,"0",'Entries July 2026'!P31-'Entries July 2026'!P30) -> 136 | F31: =IF('Entries July 2026'!V31-'Entries July 2026'!V30<1,"0",'Entries July 2026'!V31-'Entries July 2026'!V30) -> 103 | G31: =(D31+E31)-F31 -> 160 | H31: =IF('Entries July 2026'!Q31-'Entries July 2026'!Q30<1,0,'Entries July 2026'!Q31-'Entries July 2026'!Q30) -> 82 | I31: =IF('Entries July 2026'!AG31-'Entries July 2026'!AG30<1,0,'Entries July 2026'!AG31-'Entries July 2026'!AG30) -> 0 | J31: =IF('Entries July 2026'!S31-'Entries July 2026'!S30<1,"0",'Entries July 2026'!S31-'Entries July 2026'!S30) -> 1 | K31: =IF('Entries July 2026'!R31-'Entries July 2026'!R30<1,"0",'Entries July 2026'!R31-'Entries July 2026'!R30) -> 0 | L31: =IF('Entries July 2026'!T31-'Entries July 2026'!T30<1,"0",'Entries July 2026'!T31-'Entries July 2026'!T30) -> 0 | M31: =IF('Entries July 2026'!U31-'Entries July 2026'!U30<1,"0",'Entries July 2026'!U31-'Entries July 2026'!U30) -> 0 | N31: =IF('Entries July 2026'!X31-'Entries July 2026'!X30<1,"0",'Entries July 2026'!X31-'Entries July 2026'!X30) -> 0 | O31: =IF('Entries July 2026'!Y31-'Entries July 2026'!Y30<1,"0",'Entries July 2026'!Y31-'Entries July 2026'!Y30) -> 31 | P31: =IF('Entries July 2026'!AC31-'Entries July 2026'!AC30<1,"0",'Entries July 2026'!AC31-'Entries July 2026'!AC30) -> 0 | Q31: =IF('Entries July 2026'!Z31-'Entries July 2026'!Z30<1,"0",'Entries July 2026'!Z31-'Entries July 2026'!Z30) -> 3 | R31: =IF(('Entries July 2026'!AA31-'Entries July 2026'!AA30)+('Entries July 2026'!AB31-'Entries July 2026'!AB30)<1,"0",('Entries July 2026'!AA31-'Entries July 2026'!AA30)+('Entries July 2026'!AB31-'Entries July 2026'!AB30)) -> 0 | S31: =(R31+G31)*10 -> 1600 | T31: =O31+N31+M31+L31 -> 31 | U31: =IF('Entries July 2026'!AC31-'Entries July 2026'!AC30<1,"0",'Entries July 2026'!AC31-'Entries July 2026'!AC30) -> 0 | V31: =IF('Entries July 2026'!AD31-'Entries July 2026'!AD30<1,"0",'Entries July 2026'!AD31-'Entries July 2026'!AD30) -> 0 | W31: =IF('Entries July 2026'!AE31-'Entries July 2026'!AE30<1,"0",'Entries July 2026'!AE31-'Entries July 2026'!AE30) -> 0 | X31: =IF('Entries July 2026'!AI31-'Entries July 2026'!AI30<1,"0",'Entries July 2026'!AI31-'Entries July 2026'!AI30) -> 0 | Y31: =IF('Entries July 2026'!AH31-'Entries July 2026'!AH30<1,"0",'Entries July 2026'!AH31-'Entries July 2026'!AH30) -> 0 | Z31: =C31+D31+E31 -> 263 | AA31: 0 | AB31: =IF(AA31=0,"0",(Z31*10/AA31)) -> 0
B32: 26 | C32: =IF('Entries July 2026'!W32-'Entries July 2026'!W31<1,"0",'Entries July 2026'!W32-'Entries July 2026'!W31) -> 0 | D32: =IF('Entries July 2026'!O32-'Entries July 2026'!O31<1,"0",'Entries July 2026'!O32-'Entries July 2026'!O31) -> 0 | E32: =IF('Entries July 2026'!P32-'Entries July 2026'!P31<1,"0",'Entries July 2026'!P32-'Entries July 2026'!P31) -> 0 | F32: =IF('Entries July 2026'!V32-'Entries July 2026'!V31<1,"0",'Entries July 2026'!V32-'Entries July 2026'!V31) -> 0 | G32: =(D32+E32)-F32 -> 0 | H32: =IF('Entries July 2026'!Q32-'Entries July 2026'!Q31<1,0,'Entries July 2026'!Q32-'Entries July 2026'!Q31) -> 31 | I32: =IF('Entries July 2026'!AG32-'Entries July 2026'!AG31<1,0,'Entries July 2026'!AG32-'Entries July 2026'!AG31) -> 0 | J32: =IF('Entries July 2026'!S32-'Entries July 2026'!S31<1,"0",'Entries July 2026'!S32-'Entries July 2026'!S31) -> 4 | K32: =IF('Entries July 2026'!R32-'Entries July 2026'!R31<1,"0",'Entries July 2026'!R32-'Entries July 2026'!R31) -> 0 | L32: =IF('Entries July 2026'!T32-'Entries July 2026'!T31<1,"0",'Entries July 2026'!T32-'Entries July 2026'!T31) -> 0 | M32: =IF('Entries July 2026'!U32-'Entries July 2026'!U31<1,"0",'Entries July 2026'!U32-'Entries July 2026'!U31) -> 0 | N32: =IF('Entries July 2026'!X32-'Entries July 2026'!X31<1,"0",'Entries July 2026'!X32-'Entries July 2026'!X31) -> 8 | O32: =IF('Entries July 2026'!Y32-'Entries July 2026'!Y31<1,"0",'Entries July 2026'!Y32-'Entries July 2026'!Y31) -> 0 | P32: =IF('Entries July 2026'!AC32-'Entries July 2026'!AC31<1,"0",'Entries July 2026'!AC32-'Entries July 2026'!AC31) -> 0 | Q32: =IF('Entries July 2026'!Z32-'Entries July 2026'!Z31<1,"0",'Entries July 2026'!Z32-'Entries July 2026'!Z31) -> 24 | R32: =IF(('Entries July 2026'!AA32-'Entries July 2026'!AA31)+('Entries July 2026'!AB32-'Entries July 2026'!AB31)<1,"0",('Entries July 2026'!AA32-'Entries July 2026'!AA31)+('Entries July 2026'!AB32-'Entries July 2026'!AB31)) -> 0 | S32: =(R32+G32)*10 -> 0 | T32: =O32+N32+M32+L32 -> 8 | U32: =IF('Entries July 2026'!AC32-'Entries July 2026'!AC31<1,"0",'Entries July 2026'!AC32-'Entries July 2026'!AC31) -> 0 | V32: =IF('Entries July 2026'!AD32-'Entries July 2026'!AD31<1,"0",'Entries July 2026'!AD32-'Entries July 2026'!AD31) -> 0 | W32: =IF('Entries July 2026'!AE32-'Entries July 2026'!AE31<1,"0",'Entries July 2026'!AE32-'Entries July 2026'!AE31) -> 0 | X32: =IF('Entries July 2026'!AI32-'Entries July 2026'!AI31<1,"0",'Entries July 2026'!AI32-'Entries July 2026'!AI31) -> 0 | Y32: =IF('Entries July 2026'!AH32-'Entries July 2026'!AH31<1,"0",'Entries July 2026'!AH32-'Entries July 2026'!AH31) -> 0 | Z32: =C32+D32+E32 -> 0 | AA32: 0 | AB32: =IF(AA32=0,"0",(Z32*10/AA32)) -> 0
B33: 27 | C33: =IF('Entries July 2026'!W33-'Entries July 2026'!W32<1,"0",'Entries July 2026'!W33-'Entries July 2026'!W32) -> 0 | D33: =IF('Entries July 2026'!O33-'Entries July 2026'!O32<1,"0",'Entries July 2026'!O33-'Entries July 2026'!O32) -> 73 | E33: =IF('Entries July 2026'!P33-'Entries July 2026'!P32<1,"0",'Entries July 2026'!P33-'Entries July 2026'!P32) -> 242 | F33: =IF('Entries July 2026'!V33-'Entries July 2026'!V32<1,"0",'Entries July 2026'!V33-'Entries July 2026'!V32) -> 254 | G33: =(D33+E33)-F33 -> 61 | H33: =IF('Entries July 2026'!Q33-'Entries July 2026'!Q32<1,0,'Entries July 2026'!Q33-'Entries July 2026'!Q32) -> 224 | I33: =IF('Entries July 2026'!AG33-'Entries July 2026'!AG32<1,0,'Entries July 2026'!AG33-'Entries July 2026'!AG32) -> 0 | J33: =IF('Entries July 2026'!S33-'Entries July 2026'!S32<1,"0",'Entries July 2026'!S33-'Entries July 2026'!S32) -> 83 | K33: =IF('Entries July 2026'!R33-'Entries July 2026'!R32<1,"0",'Entries July 2026'!R33-'Entries July 2026'!R32) -> 0 | L33: =IF('Entries July 2026'!T33-'Entries July 2026'!T32<1,"0",'Entries July 2026'!T33-'Entries July 2026'!T32) -> 0 | M33: =IF('Entries July 2026'!U33-'Entries July 2026'!U32<1,"0",'Entries July 2026'!U33-'Entries July 2026'!U32) -> 2 | N33: =IF('Entries July 2026'!X33-'Entries July 2026'!X32<1,"0",'Entries July 2026'!X33-'Entries July 2026'!X32) -> 21 | O33: =IF('Entries July 2026'!Y33-'Entries July 2026'!Y32<1,"0",'Entries July 2026'!Y33-'Entries July 2026'!Y32) -> 120 | P33: =IF('Entries July 2026'!AC33-'Entries July 2026'!AC32<1,"0",'Entries July 2026'!AC33-'Entries July 2026'!AC32) -> 25 | Q33: =IF('Entries July 2026'!Z33-'Entries July 2026'!Z32<1,"0",'Entries July 2026'!Z33-'Entries July 2026'!Z32) -> 1 | R33: =IF(('Entries July 2026'!AA33-'Entries July 2026'!AA32)+('Entries July 2026'!AB33-'Entries July 2026'!AB32)<1,"0",('Entries July 2026'!AA33-'Entries July 2026'!AA32)+('Entries July 2026'!AB33-'Entries July 2026'!AB32)) -> 0 | S33: =(R33+G33)*10 -> 610 | T33: =O33+N33+M33+L33 -> 143 | U33: =IF('Entries July 2026'!AC33-'Entries July 2026'!AC32<1,"0",'Entries July 2026'!AC33-'Entries July 2026'!AC32) -> 25 | V33: =IF('Entries July 2026'!AD33-'Entries July 2026'!AD32<1,"0",'Entries July 2026'!AD33-'Entries July 2026'!AD32) -> 0 | W33: =IF('Entries July 2026'!AE33-'Entries July 2026'!AE32<1,"0",'Entries July 2026'!AE33-'Entries July 2026'!AE32) -> 0 | X33: =IF('Entries July 2026'!AI33-'Entries July 2026'!AI32<1,"0",'Entries July 2026'!AI33-'Entries July 2026'!AI32) -> 0 | Y33: =IF('Entries July 2026'!AH33-'Entries July 2026'!AH32<1,"0",'Entries July 2026'!AH33-'Entries July 2026'!AH32) -> 0 | Z33: =C33+D33+E33 -> 315 | AA33: 365.97 | AB33: =IF(AA33=0,"0",(Z33*10/AA33)) -> 8.6072629
B34: 28 | C34: =IF('Entries July 2026'!W34-'Entries July 2026'!W33<1,"0",'Entries July 2026'!W34-'Entries July 2026'!W33) -> 0 | D34: =IF('Entries July 2026'!O34-'Entries July 2026'!O33<1,"0",'Entries July 2026'!O34-'Entries July 2026'!O33) -> 123 | E34: =IF('Entries July 2026'!P34-'Entries July 2026'!P33<1,"0",'Entries July 2026'!P34-'Entries July 2026'!P33) -> 218 | F34: =IF('Entries July 2026'!V34-'Entries July 2026'!V33<1,"0",'Entries July 2026'!V34-'Entries July 2026'!V33) -> 229 | G34: =(D34+E34)-F34 -> 112 | H34: =IF('Entries July 2026'!Q34-'Entries July 2026'!Q33<1,0,'Entries July 2026'!Q34-'Entries July 2026'!Q33) -> 236 | I34: =IF('Entries July 2026'!AG34-'Entries July 2026'!AG33<1,0,'Entries July 2026'!AG34-'Entries July 2026'!AG33) -> 0 | J34: =IF('Entries July 2026'!S34-'Entries July 2026'!S33<1,"0",'Entries July 2026'!S34-'Entries July 2026'!S33) -> 156 | K34: =IF('Entries July 2026'!R34-'Entries July 2026'!R33<1,"0",'Entries July 2026'!R34-'Entries July 2026'!R33) -> 0 | L34: =IF('Entries July 2026'!T34-'Entries July 2026'!T33<1,"0",'Entries July 2026'!T34-'Entries July 2026'!T33) -> 0 | M34: =IF('Entries July 2026'!U34-'Entries July 2026'!U33<1,"0",'Entries July 2026'!U34-'Entries July 2026'!U33) -> 1 | N34: =IF('Entries July 2026'!X34-'Entries July 2026'!X33<1,"0",'Entries July 2026'!X34-'Entries July 2026'!X33) -> 37 | O34: =IF('Entries July 2026'!Y34-'Entries July 2026'!Y33<1,"0",'Entries July 2026'!Y34-'Entries July 2026'!Y33) -> 125 | P34: =IF('Entries July 2026'!AC34-'Entries July 2026'!AC33<1,"0",'Entries July 2026'!AC34-'Entries July 2026'!AC33) -> 27 | Q34: =IF('Entries July 2026'!Z34-'Entries July 2026'!Z33<1,"0",'Entries July 2026'!Z34-'Entries July 2026'!Z33) -> 23 | R34: =IF(('Entries July 2026'!AA34-'Entries July 2026'!AA33)+('Entries July 2026'!AB34-'Entries July 2026'!AB33)<1,"0",('Entries July 2026'!AA34-'Entries July 2026'!AA33)+('Entries July 2026'!AB34-'Entries July 2026'!AB33)) -> 0 | S34: =(R34+G34)*10 -> 1120 | T34: =O34+N34+M34+L34 -> 163 | U34: =IF('Entries July 2026'!AC34-'Entries July 2026'!AC33<1,"0",'Entries July 2026'!AC34-'Entries July 2026'!AC33) -> 27 | V34: =IF('Entries July 2026'!AD34-'Entries July 2026'!AD33<1,"0",'Entries July 2026'!AD34-'Entries July 2026'!AD33) -> 0 | W34: =IF('Entries July 2026'!AE34-'Entries July 2026'!AE33<1,"0",'Entries July 2026'!AE34-'Entries July 2026'!AE33) -> 0 | X34: =IF('Entries July 2026'!AI34-'Entries July 2026'!AI33<1,"0",'Entries July 2026'!AI34-'Entries July 2026'!AI33) -> 0 | Y34: =IF('Entries July 2026'!AH34-'Entries July 2026'!AH33<1,"0",'Entries July 2026'!AH34-'Entries July 2026'!AH33) -> 0 | Z34: =C34+D34+E34 -> 341 | AA34: 642.048 | AB34: =IF(AA34=0,"0",(Z34*10/AA34)) -> 5.3111294
B35: 29 | C35: =IF('Entries July 2026'!W35-'Entries July 2026'!W34<1,"0",'Entries July 2026'!W35-'Entries July 2026'!W34) -> 0 | D35: =IF('Entries July 2026'!O35-'Entries July 2026'!O34<1,"0",'Entries July 2026'!O35-'Entries July 2026'!O34) -> 335 | E35: =IF('Entries July 2026'!P35-'Entries July 2026'!P34<1,"0",'Entries July 2026'!P35-'Entries July 2026'!P34) -> 120 | F35: =IF('Entries July 2026'!V35-'Entries July 2026'!V34<1,"0",'Entries July 2026'!V35-'Entries July 2026'!V34) -> 126 | G35: =(D35+E35)-F35 -> 329 | H35: =IF('Entries July 2026'!Q35-'Entries July 2026'!Q34<1,0,'Entries July 2026'!Q35-'Entries July 2026'!Q34) -> 237 | I35: =IF('Entries July 2026'!AG35-'Entries July 2026'!AG34<1,0,'Entries July 2026'!AG35-'Entries July 2026'!AG34) -> 0 | J35: =IF('Entries July 2026'!S35-'Entries July 2026'!S34<1,"0",'Entries July 2026'!S35-'Entries July 2026'!S34) -> 153 | K35: =IF('Entries July 2026'!R35-'Entries July 2026'!R34<1,"0",'Entries July 2026'!R35-'Entries July 2026'!R34) -> 0 | L35: =IF('Entries July 2026'!T35-'Entries July 2026'!T34<1,"0",'Entries July 2026'!T35-'Entries July 2026'!T34) -> 0 | M35: =IF('Entries July 2026'!U35-'Entries July 2026'!U34<1,"0",'Entries July 2026'!U35-'Entries July 2026'!U34) -> 3 | N35: =IF('Entries July 2026'!X35-'Entries July 2026'!X34<1,"0",'Entries July 2026'!X35-'Entries July 2026'!X34) -> 55 | O35: =IF('Entries July 2026'!Y35-'Entries July 2026'!Y34<1,"0",'Entries July 2026'!Y35-'Entries July 2026'!Y34) -> 69 | P35: =IF('Entries July 2026'!AC35-'Entries July 2026'!AC34<1,"0",'Entries July 2026'!AC35-'Entries July 2026'!AC34) -> 16 | Q35: =IF('Entries July 2026'!Z35-'Entries July 2026'!Z34<1,"0",'Entries July 2026'!Z35-'Entries July 2026'!Z34) -> 25 | R35: =IF(('Entries July 2026'!AA35-'Entries July 2026'!AA34)+('Entries July 2026'!AB35-'Entries July 2026'!AB34)<1,"0",('Entries July 2026'!AA35-'Entries July 2026'!AA34)+('Entries July 2026'!AB35-'Entries July 2026'!AB34)) -> 0 | S35: =(R35+G35)*10 -> 3290 | T35: =O35+N35+M35+L35 -> 127 | U35: =IF('Entries July 2026'!AC35-'Entries July 2026'!AC34<1,"0",'Entries July 2026'!AC35-'Entries July 2026'!AC34) -> 16 | V35: =IF('Entries July 2026'!AD35-'Entries July 2026'!AD34<1,"0",'Entries July 2026'!AD35-'Entries July 2026'!AD34) -> 0 | W35: =IF('Entries July 2026'!AE35-'Entries July 2026'!AE34<1,"0",'Entries July 2026'!AE35-'Entries July 2026'!AE34) -> 0 | X35: =IF('Entries July 2026'!AI35-'Entries July 2026'!AI34<1,"0",'Entries July 2026'!AI35-'Entries July 2026'!AI34) -> 0 | Y35: =IF('Entries July 2026'!AH35-'Entries July 2026'!AH34<1,"0",'Entries July 2026'!AH35-'Entries July 2026'!AH34) -> 0 | Z35: =C35+D35+E35 -> 455 | AA35: 387.6372 | AB35: =IF(AA35=0,"0",(Z35*10/AA35)) -> 11.73778
B36: 30 | C36: =IF('Entries July 2026'!W36-'Entries July 2026'!W35<1,"0",'Entries July 2026'!W36-'Entries July 2026'!W35) -> 0 | D36: =IF('Entries July 2026'!O36-'Entries July 2026'!O35<1,"0",'Entries July 2026'!O36-'Entries July 2026'!O35) -> 235 | E36: =IF('Entries July 2026'!P36-'Entries July 2026'!P35<1,"0",'Entries July 2026'!P36-'Entries July 2026'!P35) -> 112 | F36: =IF('Entries July 2026'!V36-'Entries July 2026'!V35<1,"0",'Entries July 2026'!V36-'Entries July 2026'!V35) -> 117 | G36: =(D36+E36)-F36 -> 230 | H36: =IF('Entries July 2026'!Q36-'Entries July 2026'!Q35<1,0,'Entries July 2026'!Q36-'Entries July 2026'!Q35) -> 279 | I36: =IF('Entries July 2026'!AG36-'Entries July 2026'!AG35<1,0,'Entries July 2026'!AG36-'Entries July 2026'!AG35) -> 0 | J36: =IF('Entries July 2026'!S36-'Entries July 2026'!S35<1,"0",'Entries July 2026'!S36-'Entries July 2026'!S35) -> 170 | K36: =IF('Entries July 2026'!R36-'Entries July 2026'!R35<1,"0",'Entries July 2026'!R36-'Entries July 2026'!R35) -> 0 | L36: =IF('Entries July 2026'!T36-'Entries July 2026'!T35<1,"0",'Entries July 2026'!T36-'Entries July 2026'!T35) -> 0 | M36: =IF('Entries July 2026'!U36-'Entries July 2026'!U35<1,"0",'Entries July 2026'!U36-'Entries July 2026'!U35) -> 6 | N36: =IF('Entries July 2026'!X36-'Entries July 2026'!X35<1,"0",'Entries July 2026'!X36-'Entries July 2026'!X35) -> 58 | O36: =IF('Entries July 2026'!Y36-'Entries July 2026'!Y35<1,"0",'Entries July 2026'!Y36-'Entries July 2026'!Y35) -> 111 | P36: =IF('Entries July 2026'!AC36-'Entries July 2026'!AC35<1,"0",'Entries July 2026'!AC36-'Entries July 2026'!AC35) -> 24 | Q36: =IF('Entries July 2026'!Z36-'Entries July 2026'!Z35<1,"0",'Entries July 2026'!Z36-'Entries July 2026'!Z35) -> 25 | R36: =IF(('Entries July 2026'!AA36-'Entries July 2026'!AA35)+('Entries July 2026'!AB36-'Entries July 2026'!AB35)<1,"0",('Entries July 2026'!AA36-'Entries July 2026'!AA35)+('Entries July 2026'!AB36-'Entries July 2026'!AB35)) -> 0 | S36: =(R36+G36)*10 -> 2300 | T36: =O36+N36+M36+L36 -> 175 | U36: =IF('Entries July 2026'!AC36-'Entries July 2026'!AC35<1,"0",'Entries July 2026'!AC36-'Entries July 2026'!AC35) -> 24 | V36: =IF('Entries July 2026'!AD36-'Entries July 2026'!AD35<1,"0",'Entries July 2026'!AD36-'Entries July 2026'!AD35) -> 0 | W36: =IF('Entries July 2026'!AE36-'Entries July 2026'!AE35<1,"0",'Entries July 2026'!AE36-'Entries July 2026'!AE35) -> 0 | X36: =IF('Entries July 2026'!AI36-'Entries July 2026'!AI35<1,"0",'Entries July 2026'!AI36-'Entries July 2026'!AI35) -> 0 | Y36: =IF('Entries July 2026'!AH36-'Entries July 2026'!AH35<1,"0",'Entries July 2026'!AH36-'Entries July 2026'!AH35) -> 0 | Z36: =C36+D36+E36 -> 347 | AA36: 606.8688 | AB36: =IF(AA36=0,"0",(Z36*10/AA36)) -> 5.7178751
B37: 31 | C37: =IF('Entries July 2026'!W37-'Entries July 2026'!W36<1,"0",'Entries July 2026'!W37-'Entries July 2026'!W36) -> 0 | D37: =IF('Entries July 2026'!O37-'Entries July 2026'!O36<1,"0",'Entries July 2026'!O37-'Entries July 2026'!O36) -> 247 | E37: =IF('Entries July 2026'!P37-'Entries July 2026'!P36<1,"0",'Entries July 2026'!P37-'Entries July 2026'!P36) -> 90 | F37: =IF('Entries July 2026'!V37-'Entries July 2026'!V36<1,"0",'Entries July 2026'!V37-'Entries July 2026'!V36) -> 94 | G37: =(D37+E37)-F37 -> 243 | J37: =IF('Entries July 2026'!S37-'Entries July 2026'!S36<1,"0",'Entries July 2026'!S37-'Entries July 2026'!S36) -> 190 | K37: =IF('Entries July 2026'!R37-'Entries July 2026'!R36<1,"0",'Entries July 2026'!R37-'Entries July 2026'!R36) -> 0 | L37: =IF('Entries July 2026'!T37-'Entries July 2026'!T36<1,"0",'Entries July 2026'!T37-'Entries July 2026'!T36) -> 0 | M37: =IF('Entries July 2026'!U37-'Entries July 2026'!U36<1,"0",'Entries July 2026'!U37-'Entries July 2026'!U36) -> 2 | N37: =IF('Entries July 2026'!X37-'Entries July 2026'!X36<1,"0",'Entries July 2026'!X37-'Entries July 2026'!X36) -> 22 | O37: =IF('Entries July 2026'!Y37-'Entries July 2026'!Y36<1,"0",'Entries July 2026'!Y37-'Entries July 2026'!Y36) -> 120 | P37: =IF('Entries July 2026'!AC37-'Entries July 2026'!AC36<1,"0",'Entries July 2026'!AC37-'Entries July 2026'!AC36) -> 23 | Q37: =IF('Entries July 2026'!Z37-'Entries July 2026'!Z36<1,"0",'Entries July 2026'!Z37-'Entries July 2026'!Z36) -> 22 | R37: =IF(('Entries July 2026'!AA37-'Entries July 2026'!AA36)+('Entries July 2026'!AB37-'Entries July 2026'!AB36)<1,"0",('Entries July 2026'!AA37-'Entries July 2026'!AA36)+('Entries July 2026'!AB37-'Entries July 2026'!AB36)) -> 0 | S37: =(R37+G37)*10 -> 2430 | U37: =IF('Entries July 2026'!AC37-'Entries July 2026'!AC36<1,"0",'Entries July 2026'!AC37-'Entries July 2026'!AC36) -> 23 | V37: =IF('Entries July 2026'!AD37-'Entries July 2026'!AD36<1,"0",'Entries July 2026'!AD37-'Entries July 2026'!AD36) -> 0 | W37: =IF('Entries July 2026'!AE37-'Entries July 2026'!AE36<1,"0",'Entries July 2026'!AE37-'Entries July 2026'!AE36) -> 0 | X37: =IF('Entries July 2026'!AI37-'Entries July 2026'!AI36<1,"0",'Entries July 2026'!AI37-'Entries July 2026'!AI36) -> 0 | Y37: =IF('Entries July 2026'!AH37-'Entries July 2026'!AH36<1,"0",'Entries July 2026'!AH37-'Entries July 2026'!AH36) -> 0 | Z37: =C37+D37+E37 -> 337 | AA37: 498.498
A38: MTD | B38: total | C38: =SUM(C7:C37) -> 0 | D38: =SUM(D7:D37) -> 4811 | E38: =SUM(E7:E37) -> 4712 | F38: =SUM(F7:F37) -> 4919 | G38: =SUM(G7:G37) -> 4604 | H38: =SUM(H7:H37) -> 5617 | J38: =SUM(J7:J37) -> 3834 | L38: =SUM(L7:L37) -> 0 | M38: =SUM(M7:M37) -> 115 | N38: =SUM(N7:N37) -> 964 | O38: =SUM(O7:O37) -> 2023 | P38: =SUM(P7:P37) -> 525 | Q38: =SUM(Q7:Q37) -> 594 | R38: =SUM(R7:R34) -> 0 | S38: =SUM(S7:S37) -> 46040 | T38: =SUM(T7:T37) -> 2958 | U38: =SUM(U7:U37) -> 525 | V38: =SUM(V7:V37) -> 265 | Z38: =SUM(Z7:Z37) -> 9523 | AA38: =SUM(AA7:AA37) -> 8998.2516 | AB38: =IF(AA38=0,"0",(Z38*10/AA38)) -> 10.583167 | AC38: 10.2 | AD38: =AB38/AC38*100 -> 103.75654
B40: Gals. | D40: =D38*220 -> 1058420
B41: NAWASA Cost/gal | D41: 0.01581
B43: Proxy NAWASA water Cost | D43: =+D41*D40 -> 16733.62
B44: Add basic charge | D44: 278.97
D45: =SUM(D43:D44) -> 17012.59
B47: Proxy sewage charge (2/3) | D47: =+D45*2/3 -> 11341.727
B49: Proxy MTD NAWASA cost | D49: =SUM(D47,D45) -> 28354.317

Sheet Elec.July 2026
A1: DAILY ELECTRICITY CONSUMPTION FOR JULY 2026
A4: DATE | B4: Grenlec | C4: In -house | D4: Solar System | E4: Total Cons. (KW-HR) | F4: Total Prod.(HL) | G4: KPI. Elect (KW-H/Hl)
B5: In-feed (Kwhr) | C5: Gen. (Kwhr) | D5: Gen. (Kwhr)
A7: 1 | B7: ='Utility Analysis July 2026'!D10 -> 6440 | C7: ='Utility Analysis July 2026'!G10 -> 0 | D7: ='Utility Analysis July 2026'!E10 -> 1524 | E7: =B7+D7 -> 7964 | F7: ='PROD.FIG. '!H5 -> 471.8652 | G7: =IF(F7=0,"0",(E7/F7)) -> 16.877702
A8: 2 | B8: ='Utility Analysis July 2026'!D11 -> 8601 | C8: ='Utility Analysis July 2026'!G11 -> 0 | D8: ='Utility Analysis July 2026'!E11 -> 1499 | E8: =B8+D8 -> 10100 | F8: ='PROD.FIG. '!H6 -> 507.3684 | G8: =IF(F8=0,"0",(E8/F8)) -> 19.90664
A9: 3 | B9: ='Utility Analysis July 2026'!D12 -> 8712 | C9: ='Utility Analysis July 2026'!G12 -> 0 | D9: ='Utility Analysis July 2026'!E12 -> 534.4 | E9: =B9+D9 -> 9246.4 | F9: ='PROD.FIG. '!H7 -> 492.096 | G9: =IF(F9=0,"0",(E9/F9)) -> 18.78983
A10: 4 | B10: ='Utility Analysis July 2026'!D13 -> 3652 | C10: ='Utility Analysis July 2026'!G13 -> 0 | D10: ='Utility Analysis July 2026'!E13 -> 1458 | E10: =B10+D10 -> 5110 | F10: ='PROD.FIG. '!H8 -> 0 | G10: =IF(F10=0,"0",(E10/F10)) -> 0
A11: 5 | B11: ='Utility Analysis July 2026'!D14 -> 5363 | C11: ='Utility Analysis July 2026'!G14 -> 0 | D11: ='Utility Analysis July 2026'!E14 -> 1074.4 | E11: =B11+D11 -> 6437.4 | F11: ='PROD.FIG. '!H9 -> 0 | G11: =IF(F11=0,"0",(E11/F11)) -> 0
A12: 6 | B12: ='Utility Analysis July 2026'!D15 -> 7179 | C12: ='Utility Analysis July 2026'!G15 -> 0 | D12: ='Utility Analysis July 2026'!E15 -> 1149.1 | E12: =B12+D12 -> 8328.1 | F12: ='PROD.FIG. '!H10 -> 410.784 | G12: =IF(F12=0,"0",(E12/F12)) -> 20.273672
A13: 7 | B13: ='Utility Analysis July 2026'!D16 -> 8166 | C13: ='Utility Analysis July 2026'!G16 -> 0 | D13: ='Utility Analysis July 2026'!E16 -> 1453.3 | E13: =B13+D13 -> 9619.3 | F13: ='PROD.FIG. '!H11 -> 209.88 | G13: =IF(F13=0,"0",(E13/F13)) -> 45.83238
A14: 8 | B14: ='Utility Analysis July 2026'!D17 -> 10084 | C14: ='Utility Analysis July 2026'!G17 -> 0 | D14: ='Utility Analysis July 2026'!E17 -> 1338.1 | E14: =B14+D14 -> 11422.1 | F14: ='PROD.FIG. '!H12 -> 376.728 | G14: =IF(F14=0,"0",(E14/F14)) -> 30.319222
A15: 9 | B15: ='Utility Analysis July 2026'!D18 -> 6592 | C15: ='Utility Analysis July 2026'!G18 -> 0 | D15: ='Utility Analysis July 2026'!E18 -> 1304 | E15: =B15+D15 -> 7896 | F15: ='PROD.FIG. '!H13 -> 322.806 | G15: =IF(F15=0,"0",(E15/F15)) -> 24.460512
A16: 10 | B16: ='Utility Analysis July 2026'!D19 -> 7603 | C16: ='Utility Analysis July 2026'!G19 -> 0 | D16: ='Utility Analysis July 2026'!E19 -> 1399.9 | E16: =B16+D16 -> 9002.9 | F16: ='PROD.FIG. '!H14 -> 349.932 | G16: =IF(F16=0,"0",(E16/F16)) -> 25.72757
A17: 11 | B17: ='Utility Analysis July 2026'!D20 -> 3837 | C17: ='Utility Analysis July 2026'!G20 -> 0 | D17: ='Utility Analysis July 2026'!E20 -> 511.9 | E17: =B17+D17 -> 4348.9 | F17: ='PROD.FIG. '!H15 -> 0 | G17: =IF(F17=0,"0",(E17/F17)) -> 0
A18: 12 | B18: ='Utility Analysis July 2026'!D21 -> 4845 | C18: ='Utility Analysis July 2026'!G21 -> 0 | D18: ='Utility Analysis July 2026'!E21 -> 335.7 | E18: =B18+D18 -> 5180.7 | F18: ='PROD.FIG. '!H16 -> 0 | G18: =IF(F18=0,"0",(E18/F18)) -> 0
... A36: 30 | B36: ='Utility Analysis July 2026'!D39 -> 9708 | C36: ='Utility Analysis July 2026'!G39 -> 0 | D36: ='Utility Analysis July 2026'!E39 -> 1507.1 | E36: =B36+D36 -> 11215.1 | F36: ='PROD.FIG. '!H34 -> 606.8688 | G36: =IF(F36=0,"0",(E36/F36)) -> 18.480271
A37: 31 | B37: ='Utility Analysis July 2026'!D40 -> 8223 | C37: ='Utility Analysis July 2026'!G40 -> 0 | D37: ='Utility Analysis July 2026'!E40 -> 1320.9 | E37: =B37+C37 -> 8223 | I37: %
A38: MTD | B38: =SUM(B7:B37) -> 220465 | C38: =SUM(C7:C37) -> 0 | D38: =SUM(D7:D37) -> 39202 | E38: =SUM(E7:E37) -> 258346.1 | F38: =SUM(F7:F37) -> 8499.7536 | G38: =IF(F38=0,"0",(E38/F38)) -> 30.39454 | H38: 22 | I38: =G38/H38*100 -> 138.157
H39: TARGET

Sheet PROD.FIG. 
A1: PRODUCTION FOR JULY 2026
B3: DATE
B4: - | C4: BOTTLED (Hl) | D4: KEGS (Hl) | E4: OTHER (Filtered) | F4: Brewed | G4: Transferred | H4: TOTAL ( Hls)
A5: Monday | B5: 1 | H5: {=IF(TRANSPOSE('Daily KPIs'!B9:AF9)=0,"0",TRANSPOSE('Daily KPIs'!B9:AF9))} -> 471.8652
A6: Tuesday | B6: 2 | H6: 507.3684
A7: Wednesday | B7: 3 | H7: 492.096
A8: Thursday | B8: 4 | H8: 0
A9: Friday | B9: 5 | H9: 0
A10: Saturday | B10: 6 | H10: 410.784
A11: Sunday | B11: 7 | H11: 209.88
A12: Monday | B12: 8 | H12: 376.728
A13: Tuesday | B13: 9 | H13: 322.806
A14: Wednesday | B14: 10 | H14: 349.932
A15: Thursday | B15: 11 | H15: 0
A16: Friday | B16: 12 | H16: 0
A17: Saturday | B17: 13 | H17: 407.22
A18: Sunday | B18: 14 | H18: 603.57
A19: Monday | B19: 15 | H19: 387.684
A20: Tuesday | B20: 16 | H20: 425.106
A21: Wednesday | B21: 17 | H21: 71.94
A22: Thursday | B22: 18 | H22: 0
A23: Friday | B23: 19 | H23: 0
A24: Saturday | B24: 20 | H24: 406.89
A25: Sunday | B25: 21 | H25: 500.148
A26: Monday | B26: 22 | H26: 202.554
A27: Tuesday | B27: 23 | H27: 258.786
A28: Wednesday | B28: 24 | H28: 91.872
A29: Thursday | B29: 25 | H29: 0
A30: Friday | B30: 26 | H30: 0
A31: Saturday | B31: 27 | H31: 365.97
A32: Sunday | B32: 28 | H32: 642.048
A33: Monday | B33: 29 | H33: 387.6372
A34: Tuesday | B34: 30 | H34: 606.8688
B35: 31 | H35: 498.498
G36: TOTAL | H36: =SUM(H5:H35) -> 8998.2516
C39: =SUM(C5:C36) -> 0

Sheet CO2
A3: CO2 Daily Consumption for JULY 2026 | I3: TANK C
G4: FILLER | I4: TAYLOR WHARTON CALIBRATION TANK | Q4: NOT READY
A5: DATE | B5: FILLER Cons. (Kg.) | C5: BMF Cons. (Kg.) | D5: CO2 (kg.) (Ex. Vap'r Flowmeter) | E5: CO2 (kg.) (Ex. Vap'r Calculation) | F5: Total Prod.(HL) | G5: CO2 ( Kg./HL) | I5: inH2O | J5: LBS_CO2 | K5: KG_CO2 | M5: READING Today (inH2O) | Q5: DATE | R5: TANK C | T5: TANK A | U5: TANK B | V5: INPUTS MOBILE(kg) | W5: STOCK (KG) | X5: TOTAL CONSUMPTION (KG)
I6: 10 | J6: 722 | K6: =J6/2.204623 -> 327.49363 | N6: POUNDS | O6: KG | R6: READING 00:30 hrs (inH2O) | S6: QUANTITY (KG) | T6: QUANTITY (KG) | U6: QUANTITY (KG)
A7: 1 | B7: =IF('Entries July 2026'!N7-'Entries July 2026'!N6<1,"0",'Entries July 2026'!N7-'Entries July 2026'!N6) -> 293.59 | C7: =IF('Entries July 2026'!L7-'Entries July 2026'!L6<1,"0",'Entries July 2026'!L7-'Entries July 2026'!L6) -> 983.71 | D7: =IF('Entries July 2026'!M7-'Entries July 2026'!M6<1,"0",'Entries July 2026'!M7-'Entries July 2026'!M6) -> 2727.09 | E7: {=TRANSPOSE('Daily KPIs'!B74:AF74)} -> 2800 | F7: {=TRANSPOSE('Daily KPIs'!B9:AF9)} -> 471.8652 | G7: =IF(F7=0,"0",(E7/F7)) -> 5.9338981 | I7: 20 | J7: 2857 | K7: =J7/2.204623 -> 1295.9132 | M7: 75 | N7: =O7*2.204623 -> 12436 | O7: {=IF(COUNTIF(I6:I40,M7),_xlfn.XLOOKUP(M7,I6:I40,K6:K40),_xlfn.LET(_xlpm.x, M7,_xlpm.lo, MAX(_xlfn._xlws.FILTER(I6:I40, I6:I40 <= _xlpm.x)),_xlpm.hi, MIN(_xlfn._xlws.FILTER(I6:I40, I6:I40 >= _xlpm.x)),_xlpm.ylo, INDEX(K6:K40, MATCH(_xlpm.lo, I6:I40, 0)),_xlpm.yhi, INDEX(K6:K40, MATCH(_xlpm.hi, I6:I40, 0)),_xlpm.ylo + (_xlpm.x - _xlpm.lo) * (_xlpm.yhi - _xlpm.ylo) / (_xlpm.hi - _xlpm.lo) ))} -> 5640.8737 | Q7: 45870 | R7: ='Entries July 2026'!AL6 -> 0 | S7: {=IF(R7=0,0,IF(COUNTIF($I$6:$I$40,R7),_xlfn.XLOOKUP(R7,$I$6:$I$40,$K$6:$K$40),_xlfn.LET(_xlpm.x, R7,_xlpm.lo, MAX(_xlfn._xlws.FILTER($I$6:$I$40, $I$6:$I$40 <= _xlpm.x)),_xlpm.hi, MIN(_xlfn._xlws.FILTER($I$6:$I$40, $I$6:$I$40 >= _xlpm.x)),_xlpm.ylo, INDEX($K$6:$K$40, MATCH(_xlpm.lo, $I$6:$I$40, 0)),_xlpm.yhi, INDEX($K$6:$K$40, MATCH(_xlpm.hi, $I$6:$I$40, 0)),_xlpm.ylo + (_xlpm.x - _xlpm.lo) * (_xlpm.yhi - _xlpm.ylo) / (_xlpm.hi - _xlpm.lo) )))} -> 0 | T7: ='Entries July 2026'!#REF! -> #REF! | U7: ='Entries July 2026'!#REF! -> #REF! | V7: ='Entries July 2026'!#REF!/2.204623 -> #REF! | W7: =S7+T7+U7+V7 -> #REF!
A8: 2 | B8: =IF('Entries July 2026'!N8-'Entries July 2026'!N7<1,"0",'Entries July 2026'!N8-'Entries July 2026'!N7) -> 446.59 | C8: =IF('Entries July 2026'!L8-'Entries July 2026'!L7<1,"0",'Entries July 2026'!L8-'Entries July 2026'!L7) -> 561.03 | D8: =IF('Entries July 2026'!M8-'Entries July 2026'!M7<1,"0",'Entries July 2026'!M8-'Entries July 2026'!M7) -> 2440.99 | E8: 2500 | F8: 507.3684 | G8: =IF(F8=0,"0",(E8/F8)) -> 4.9273861 | I8: 30 | J8: 4344 | K8: =J8/2.204623 -> 1970.4049 | N8: 12436 | O8: =N8/2.204 -> 5642.4682 | Q8: 45871 | R8: ='Entries July 2026'!AL7 -> 0 | S8: {=IF(R8=0,0,IF(COUNTIF($I$6:$I$40,R8),_xlfn.XLOOKUP(R8,$I$6:$I$40,$K$6:$K$40),_xlfn.LET(_xlpm.x, R8,_xlpm.lo, MAX(_xlfn._xlws.FILTER($I$6:$I$40, $I$6:$I$40 <= _xlpm.x)),_xlpm.hi, MIN(_xlfn._xlws.FILTER($I$6:$I$40, $I$6:$I$40 >= _xlpm.x)),_xlpm.ylo, INDEX($K$6:$K$40, MATCH(_xlpm.lo, $I$6:$I$40, 0)),_xlpm.yhi, INDEX($K$6:$K$40, MATCH(_xlpm.hi, $I$6:$I$40, 0)),_xlpm.ylo + (_xlpm.x - _xlpm.lo) * (_xlpm.yhi - _xlpm.ylo) / (_xlpm.hi - _xlpm.lo) )))} -> 0 | T8: ='Entries July 2026'!AM6 -> 0 | U8: ='Entries July 2026'!AN6 -> 0 | V8: ='Entries July 2026'!AO6/2.204623 -> 0 | W8: =S8+T8+U8+V8 -> 0 | X8: =IF(W9-W8<0,W8-W9,W9-W8) -> 0
A9: 3 | B9: =IF('Entries July 2026'!N9-'Entries July 2026'!N8<1,"0",'Entries July 2026'!N9-'Entries July 2026'!N8) -> 210.05 | C9: =IF('Entries July 2026'!L9-'Entries July 2026'!L8<1,"0",'Entries July 2026'!L9-'Entries July 2026'!L8) -> 511.3 | D9: =IF('Entries July 2026'!M9-'Entries July 2026'!M8<1,"0",'Entries July 2026'!M9-'Entries July 2026'!M8) -> 1912.92 | E9: 3100 | F9: 492.096 | G9: =IF(F9=0,"0",(E9/F9)) -> 6.2995838 | I9: 40 | J9: 6143 | K9: =J9/2.204623 -> 2786.4175 | O9: =O8/2150 -> 2.6244038 | Q9: 45872 | R9: ='Entries July 2026'!AL8 -> 0 | S9: {=IF(R9=0,0,IF(COUNTIF($I$6:$I$40,R9),_xlfn.XLOOKUP(R9,$I$6:$I$40,$K$6:$K$40),_xlfn.LET(_xlpm.x, R9,_xlpm.lo, MAX(_xlfn._xlws.FILTER($I$6:$I$40, $I$6:$I$40 <= _xlpm.x)),_xlpm.hi, MIN(_xlfn._xlws.FILTER($I$6:$I$40, $I$6:$I$40 >= _xlpm.x)),_xlpm.ylo, INDEX($K$6:$K$40, MATCH(_xlpm.lo, $I$6:$I$40, 0)),_xlpm.yhi, INDEX($K$6:$K$40, MATCH(_xlpm.hi, $I$6:$I$40, 0)),_xlpm.ylo + (_xlpm.x - _xlpm.lo) * (_xlpm.yhi - _xlpm.ylo) / (_xlpm.hi - _xlpm.lo) )))} -> 0 | T9: ='Entries July 2026'!AM7 -> 0 | U9: ='Entries July 2026'!AN7 -> 0 | V9: ='Entries July 2026'!AO7/2.204623 -> 0 | W9: =S9+T9+U9+V9 -> 0 | X9: =IF(W10-W9<0,W9-W10,W10-W9) -> 0
A10: 4 | B10: =IF('Entries July 2026'!N10-'Entries July 2026'!N9<1,"0",'Entries July 2026'!N10-'Entries July 2026'!N9) -> 0 | C10: =IF('Entries July 2026'!L10-'Entries July 2026'!L9<1,"0",'Entries July 2026'!L10-'Entries July 2026'!L9) -> 0 | D10: =IF('Entries July 2026'!M10-'Entries July 2026'!M9<1,"0",'Entries July 2026'!M10-'Entries July 2026'!M9) -> 0 | E10: 0 | F10: 0 | G10: =IF(F10=0,"0",(E10/F10)) -> 0 | I10: 50 | J10: 7941 | K10: =J10/2.204623 -> 3601.9764 | Q10: 45873 | R10: ='Entries July 2026'!AL9 -> 0 | S10: {=IF(R10=0,0,IF(COUNTIF($I$6:$I$40,R10),_xlfn.XLOOKUP(R10,$I$6:$I$40,$K$6:$K$40),_xlfn.LET(_xlpm.x, R10,_xlpm.lo, MAX(_xlfn._xlws.FILTER($I$6:$I$40, $I$6:$I$40 <= _xlpm.x)),_xlpm.hi, MIN(_xlfn._xlws.FILTER($I$6:$I$40, $I$6:$I$40 >= _xlpm.x)),_xlpm.ylo, INDEX($K$6:$K$40, MATCH(_xlpm.lo, $I$6:$I$40, 0)),_xlpm.yhi, INDEX($K$6:$K$40, MATCH(_xlpm.hi, $I$6:$I$40, 0)),_xlpm.ylo + (_xlpm.x - _xlpm.lo) * (_xlpm.yhi - _xlpm.ylo) / (_xlpm.hi - _xlpm.lo) )))} -> 0 | T10: ='Entries July 2026'!AM8 -> 0 | U10: ='Entries July 2026'!AN8 -> 0 | V10: ='Entries July 2026'!AO8/2.204623 -> 0 | W10: =S10+T10+U10+V10 -> 0 | X10: =IF(W11-W10<0,W10-W11,W11-W10) -> 0
A11: 5 | B11: =IF('Entries July 2026'!N11-'Entries July 2026'!N10<1,"0",'Entries July 2026'!N11-'Entries July 2026'!N10) -> 16.3 | C11: =IF('Entries July 2026'!L11-'Entries July 2026'!L10<1,"0",'Entries July 2026'!L11-'Entries July 2026'!L10) -> 42.35 | D11: =IF('Entries July 2026'!M11-'Entries July 2026'!M10<1,"0",'Entries July 2026'!M11-'Entries July 2026'!M10) -> 108 | E11: 0 | F11: 0 | G11: =IF(F11=0,"0",(E11/F11)) -> 0 | I11: 60 | J11: 9739 | K11: =J11/2.204623 -> 4417.5353 | Q11: 45874 | R11: ='Entries July 2026'!AL10 -> 0 | S11: {=IF(R11=0,0,IF(COUNTIF($I$6:$I$40,R11),_xlfn.XLOOKUP(R11,$I$6:$I$40,$K$6:$K$40),_xlfn.LET(_xlpm.x, R11,_xlpm.lo, MAX(_xlfn._xlws.FILTER($I$6:$I$40, $I$6:$I$40 <= _xlpm.x)),_xlpm.hi, MIN(_xlfn._xlws.FILTER($I$6:$I$40, $I$6:$I$40 >= _xlpm.x)),_xlpm.ylo, INDEX($K$6:$K$40, MATCH(_xlpm.lo, $I$6:$I$40, 0)),_xlpm.yhi, INDEX($K$6:$K$40, MATCH(_xlpm.hi, $I$6:$I$40, 0)),_xlpm.ylo + (_xlpm.x - _xlpm.lo) * (_xlpm.yhi - _xlpm.ylo) / (_xlpm.hi - _xlpm.lo) )))} -> 0 | T11: ='Entries July 2026'!AM9 -> 0 | U11: ='Entries July 2026'!AN9 -> 0 | V11: ='Entries July 2026'!AO9/2.204623 -> 0 | W11: =S11+T11+U11+V11 -> 0 | X11: =IF(W12-W11<0,W11-W12,W12-W11) -> 0
A12: 6 | B12: =IF('Entries July 2026'!N12-'Entries July 2026'!N11<1,"0",'Entries July 2026'!N12-'Entries July 2026'!N11) -> 211.7 | C12: =IF('Entries July 2026'!L12-'Entries July 2026'!L11<1,"0",'Entries July 2026'!L12-'Entries July 2026'!L11) -> 906.4 | D12: =IF('Entries July 2026'!M12-'Entries July 2026'!M11<1,"0",'Entries July 2026'!M12-'Entries July 2026'!M11) -> 1829.43 | E12: 1600 | F12: 410.784 | G12: =IF(F12=0,"0",(E12/F12)) -> 3.894991 | I12: 70 | J12: 11537 | K12: =J12/2.204623 -> 5233.0943 | Q12: 45875 | R12: ='Entries July 2026'!AL11 -> 0 | S12: {=IF(R12=0,0,IF(COUNTIF($I$6:$I$40,R12),_xlfn.XLOOKUP(R12,$I$6:$I$40,$K$6:$K$40),_xlfn.LET(_xlpm.x, R12,_xlpm.lo, MAX(_xlfn._xlws.FILTER($I$6:$I$40, $I$6:$I$40 <= _xlpm.x)),_xlpm.hi, MIN(_xlfn._xlws.FILTER($I$6:$I$40, $I$6:$I$40 >= _xlpm.x)),_xlpm.ylo, INDEX($K$6:$K$40, MATCH(_xlpm.lo, $I$6:$I$40, 0)),_xlpm.yhi, INDEX($K$6:$K$40, MATCH(_xlpm.hi, $I$6:$I$40, 0)),_xlpm.ylo + (_xlpm.x - _xlpm.lo) * (_xlpm.yhi - _xlpm.ylo) / (_xlpm.hi - _xlpm.lo) )))} -> 0 | T12: ='Entries July 2026'!AM10 -> 0 | U12: ='Entries July 2026'!AN10 -> 0 | V12: ='Entries July 2026'!AO10/2.204623 -> 0 | W12: =S12+T12+U12+V12 -> 0 | X12: =IF(W13-W12<0,W12-W13,W13-W12) -> 0
A13: 7 | B13: =IF('Entries July 2026'!N13-'Entries July 2026'!N12<1,"0",'Entries July 2026'!N13-'Entries July 2026'!N12) -> 117.67 | C13: =IF('Entries July 2026'!L13-'Entries July 2026'!L12<1,"0",'Entries July 2026'!L13-'Entries July 2026'!L12) -> 641.1 | D13: =IF('Entries July 2026'!M13-'Entries July 2026'!M12<1,"0",'Entries July 2026'!M13-'Entries July 2026'!M12) -> 1376.69 | E13: 1600 | F13: 209.88 | G13: =IF(F13=0,"0",(E13/F13)) -> 7.6234038 | I13: 80 | J13: 13335 | K13: =J13/2.204623 -> 6048.6532 | Q13: 45876 | R13: ='Entries July 2026'!AL12 -> 0 | S13: {=IF(R13=0,0,IF(COUNTIF($I$6:$I$40,R13),_xlfn.XLOOKUP(R13,$I$6:$I$40,$K$6:$K$40),_xlfn.LET(_xlpm.x, R13,_xlpm.lo, MAX(_xlfn._xlws.FILTER($I$6:$I$40, $I$6:$I$40 <= _xlpm.x)),_xlpm.hi, MIN(_xlfn._xlws.FILTER($I$6:$I$40, $I$6:$I$40 >= _xlpm.x)),_xlpm.ylo, INDEX($K$6:$K$40, MATCH(_xlpm.lo, $I$6:$I$40, 0)),_xlpm.yhi, INDEX($K$6:$K$40, MATCH(_xlpm.hi, $I$6:$I$40, 0)),_xlpm.ylo + (_xlpm.x - _xlpm.lo) * (_xlpm.yhi - _xlpm.ylo) / (_xlpm.hi - _xlpm.lo) )))} -> 0 | T13: ='Entries July 2026'!AM11 -> 0 | U13: ='Entries July 2026'!AN11 -> 0 | V13: ='Entries July 2026'!AO11/2.204623 -> 0 | W13: =S13+T13+U13+V13 -> 0
A14: 8 | B14: =IF('Entries July 2026'!N14-'Entries July 2026'!N13<1,"0",'Entries July 2026'!N14-'Entries July 2026'!N13) -> 280.24 | C14: =IF('Entries July 2026'!L14-'Entries July 2026'!L13<1,"0",'Entries July 2026'!L14-'Entries July 2026'!L13) -> 1021.97 | D14: =IF('Entries July 2026'!M14-'Entries July 2026'!M13<1,"0",'Entries July 2026'!M14-'Entries July 2026'!M13) -> 3199.69 | E14: 3200 | F14: 376.728 | G14: =IF(F14=0,"0",(E14/F14)) -> 8.4941921 | I14: 90 | J14: 15134 | K14: =J14/2.204623 -> 6864.6658 | Q14: 45877 | R14: ='Entries July 2026'!AL13 -> 0 | S14: {=IF(R14=0,0,IF(COUNTIF($I$6:$I$40,R14),_xlfn.XLOOKUP(R14,$I$6:$I$40,$K$6:$K$40),_xlfn.LET(_xlpm.x, R14,_xlpm.lo, MAX(_xlfn._xlws.FILTER($I$6:$I$40, $I$6:$I$40 <= _xlpm.x)),_xlpm.hi, MIN(_xlfn._xlws.FILTER($I$6:$I$40, $I$6:$I$40 >= _xlpm.x)),_xlpm.ylo, INDEX($K$6:$K$40, MATCH(_xlpm.lo, $I$6:$I$40, 0)),_xlpm.yhi, INDEX($K$6:$K$40, MATCH(_xlpm.hi, $I$6:$I$40, 0)),_xlpm.ylo + (_xlpm.x - _xlpm.lo) * (_xlpm.yhi - _xlpm.ylo) / (_xlpm.hi - _xlpm.lo) )))} -> 0 | T14: ='Entries July 2026'!AM12 -> 0 | U14: ='Entries July 2026'!AN12 -> 0 | V14: ='Entries July 2026'!AO12/2.204623 -> 0 | W14: =S14+T14+U14+V14 -> 0 | X14: =W14-S15 -> 0
A15: 9 | B15: =IF('Entries July 2026'!N15-'Entries July 2026'!N14<1,"0",'Entries July 2026'!N15-'Entries July 2026'!N14) -> 157.81 | C15: =IF('Entries July 2026'!L15-'Entries July 2026'!L14<1,"0",'Entries July 2026'!L15-'Entries July 2026'!L14) -> 396.96 | D15: =IF('Entries July 2026'!M15-'Entries July 2026'!M14<1,"0",'Entries July 2026'!M15-'Entries July 2026'!M14) -> 1600.72 | E15: 1600 | F15: 322.806 | G15: =IF(F15=0,"0",(E15/F15)) -> 4.9565374 | I15: 100 | J15: 16932 | K15: =J15/2.204623 -> 7680.2247 | Q15: 45878 | R15: ='Entries July 2026'!AL14 -> 0 | S15: {=IF(R15=0,0,IF(COUNTIF($I$6:$I$40,R15),_xlfn.XLOOKUP(R15,$I$6:$I$40,$K$6:$K$40),_xlfn.LET(_xlpm.x, R15,_xlpm.lo, MAX(_xlfn._xlws.FILTER($I$6:$I$40, $I$6:$I$40 <= _xlpm.x)),_xlpm.hi, MIN(_xlfn._xlws.FILTER($I$6:$I$40, $I$6:$I$40 >= _xlpm.x)),_xlpm.ylo, INDEX($K$6:$K$40, MATCH(_xlpm.lo, $I$6:$I$40, 0)),_xlpm.yhi, INDEX($K$6:$K$40, MATCH(_xlpm.hi, $I$6:$I$40, 0)),_xlpm.ylo + (_xlpm.x - _xlpm.lo) * (_xlpm.yhi - _xlpm.ylo) / (_xlpm.hi - _xlpm.lo) )))} -> 0 | T15: ='Entries July 2026'!AM13 -> 0 | U15: ='Entries July 2026'!AN13 -> 0 | V15: ='Entries July 2026'!AO13/2.204623 -> 0 | W15: =S15+T15+U15+V15 -> 0
A16: 10 | B16: =IF('Entries July 2026'!N16-'Entries July 2026'!N15<1,"0",'Entries July 2026'!N16-'Entries July 2026'!N15) -> 201.16 | C16: =IF('Entries July 2026'!L16-'Entries July 2026'!L15<1,"0",'Entries July 2026'!L16-'Entries July 2026'!L15) -> 729.04 | D16: =IF('Entries July 2026'!M16-'Entries July 2026'!M15<1,"0",'Entries July 2026'!M16-'Entries July 2026'!M15) -> 1828.68 | E16: 1900 | F16: 349.932 | G16: =IF(F16=0,"0",(E16/F16)) -> 5.4296263 | I16: 110 | J16: 18730 | K16: =J16/2.204623 -> 8495.7836 | Q16: 45879 | R16: ='Entries July 2026'!AL15 -> 0 | S16: {=IF(R16=0,0,IF(COUNTIF($I$6:$I$40,R16),_xlfn.XLOOKUP(R16,$I$6:$I$40,$K$6:$K$40),_xlfn.LET(_xlpm.x, R16,_xlpm.lo, MAX(_xlfn._xlws.FILTER($I$6:$I$40, $I$6:$I$40 <= _xlpm.x)),_xlpm.hi, MIN(_xlfn._xlws.FILTER($I$6:$I$40, $I$6:$I$40 >= _xlpm.x)),_xlpm.ylo, INDEX($K$6:$K$40, MATCH(_xlpm.lo, $I$6:$I$40, 0)),_xlpm.yhi, INDEX($K$6:$K$40, MATCH(_xlpm.hi, $I$6:$I$40, 0)),_xlpm.ylo + (_xlpm.x - _xlpm.lo) * (_xlpm.yhi - _xlpm.ylo) / (_xlpm.hi - _xlpm.lo) )))} -> 0 | T16: ='Entries July 2026'!AM14 -> 0 | U16: ='Entries July 2026'!AN14 -> 0 | V16: ='Entries July 2026'!AO14/2.204623 -> 0 | W16: =S16+T16+U16+V16 -> 0 | X16: =IF(W17-W16<0,W16-W17,W17-W16) -> 0
A17: 11 | B17: =IF('Entries July 2026'!N17-'Entries July 2026'!N16<1,"0",'Entries July 2026'!N17-'Entries July 2026'!N16) -> 0 | C17: =IF('Entries July 2026'!L17-'Entries July 2026'!L16<1,"0",'Entries July 2026'!L17-'Entries July 2026'!L16) -> 0 | D17: =IF('Entries July 2026'!M17-'Entries July 2026'!M16<1,"0",'Entries July 2026'!M17-'Entries July 2026'!M16) -> 142.08 | E17: 300 | F17: 0 | G17: =IF(F17=0,"0",(E17/F17)) -> 0 | I17: 120 | J17: 20528 | K17: =J17/2.204623 -> 9311.3426 | Q17: 45880 | R17: ='Entries July 2026'!AL16 -> 0 | S17: {=IF(R17=0,0,IF(COUNTIF($I$6:$I$40,R17),_xlfn.XLOOKUP(R17,$I$6:$I$40,$K$6:$K$40),_xlfn.LET(_xlpm.x, R17,_xlpm.lo, MAX(_xlfn._xlws.FILTER($I$6:$I$40, $I$6:$I$40 <= _xlpm.x)),_xlpm.hi, MIN(_xlfn._xlws.FILTER($I$6:$I$40, $I$6:$I$40 >= _xlpm.x)),_xlpm.ylo, INDEX($K$6:$K$40, MATCH(_xlpm.lo, $I$6:$I$40, 0)),_xlpm.yhi, INDEX($K$6:$K$40, MATCH(_xlpm.hi, $I$6:$I$40, 0)),_xlpm.ylo + (_xlpm.x - _xlpm.lo) * (_xlpm.yhi - _xlpm.ylo) / (_xlpm.hi - _xlpm.lo) )))} -> 0 | T17: ='Entries July 2026'!AM15 -> 0 | U17: ='Entries July 2026'!AN15 -> 0 | V17: ='Entries July 2026'!AO15/2.204623 -> 0 | W17: =S17+T17+U17+V17 -> 0 | X17: =IF(W18-W17<0,W17-W18,W18-W17) -> 0
A18: 12 | B18: =IF('Entries July 2026'!N18-'Entries July 2026'!N17<1,"0",'Entries July 2026'!N18-'Entries July 2026'!N17) -> 0 | C18: =IF('Entries July 2026'!L18-'Entries July 2026'!L17<1,"0",'Entries July 2026'!L18-'Entries July 2026'!L17) -> 0 | D18: =IF('Entries July 2026'!M18-'Entries July 2026'!M17<1,"0",'Entries July 2026'!M18-'Entries July 2026'!M17) -> 0 | E18: 500 | F18: 0 | G18: =IF(F18=0,"0",(E18/F18)) -> 0 | I18: 130 | J18: 22326 | K18: =J18/2.204623 -> 10126.902 | Q18: 45881 | R18: ='Entries July 2026'!AL17 -> 0 | S18: {=IF(R18=0,0,IF(COUNTIF($I$6:$I$40,R18),_xlfn.XLOOKUP(R18,$I$6:$I$40,$K$6:$K$40),_xlfn.LET(_xlpm.x, R18,_xlpm.lo, MAX(_xlfn._xlws.FILTER($I$6:$I$40, $I$6:$I$40 <= _xlpm.x)),_xlpm.hi, MIN(_xlfn._xlws.FILTER($I$6:$I$40, $I$6:$I$40 >= _xlpm.x)),_xlpm.ylo, INDEX($K$6:$K$40, MATCH(_xlpm.lo, $I$6:$I$40, 0)),_xlpm.yhi, INDEX($K$6:$K$40, MATCH(_xlpm.hi, $I$6:$I$40, 0)),_xlpm.ylo + (_xlpm.x - _xlpm.lo) * (_xlpm.yhi - _xlpm.ylo) / (_xlpm.hi - _xlpm.lo) )))} -> 0 | T18: ='Entries July 2026'!AM16 -> 0 | U18: ='Entries July 2026'!AN16 -> 0 | V18: ='Entries July 2026'!AO16/2.204623 -> 0 | W18: =S18+T18+U18+V18 -> 0 | X18: =IF(W19-W18<0,W18-W19,W19-W18) -> 0
A19: 13 | B19: =IF('Entries July 2026'!N19-'Entries July 2026'!N18<1,"0",'Entries July 2026'!N19-'Entries July 2026'!N18) -> 213.01 | C19: =IF('Entries July 2026'!L19-'Entries July 2026'!L18<1,"0",'Entries July 2026'!L19-'Entries July 2026'!L18) -> 206.33 | D19: =IF('Entries July 2026'!M19-'Entries July 2026'!M18<1,"0",'Entries July 2026'!M19-'Entries July 2026'!M18) -> 1466.74 | E19: 1800 | F19: 407.22 | G19: =IF(F19=0,"0",(E19/F19)) -> 4.4202151 | I19: 140 | J19: 24125 | K19: =J19/2.204623 -> 10942.914 | Q19: 45882 | R19: ='Entries July 2026'!AL18 -> 0 | S19: {=IF(R19=0,0,IF(COUNTIF($I$6:$I$40,R19),_xlfn.XLOOKUP(R19,$I$6:$I$40,$K$6:$K$40),_xlfn.LET(_xlpm.x, R19,_xlpm.lo, MAX(_xlfn._xlws.FILTER($I$6:$I$40, $I$6:$I$40 <= _xlpm.x)),_xlpm.hi, MIN(_xlfn._xlws.FILTER($I$6:$I$40, $I$6:$I$40 >= _xlpm.x)),_xlpm.ylo, INDEX($K$6:$K$40, MATCH(_xlpm.lo, $I$6:$I$40, 0)),_xlpm.yhi, INDEX($K$6:$K$40, MATCH(_xlpm.hi, $I$6:$I$40, 0)),_xlpm.ylo + (_xlpm.x - _xlpm.lo) * (_xlpm.yhi - _xlpm.ylo) / (_xlpm.hi - _xlpm.lo) )))} -> 0 | T19: ='Entries July 2026'!AM17 -> 0 | U19: ='Entries July 2026'!AN17 -> 0 | V19: ='Entries July 2026'!AO17/2.204623 -> 0 | W19: =S19+T19+U19+V19 -> 0 | X19: =IF(W20-W19<0,W19-W20,W20-W19) -> 0
A20: 14 | B20: =IF('Entries July 2026'!N20-'Entries July 2026'!N19<1,"0",'Entries July 2026'!N20-'Entries July 2026'!N19) -> 309.86 | C20: =IF('Entries July 2026'!L20-'Entries July 2026'!L19<1,"0",'Entries July 2026'!L20-'Entries July 2026'!L19) -> 431.9 | D20: =IF('Entries July 2026'!M20-'Entries July 2026'!M19<1,"0",'Entries July 2026'!M20-'Entries July 2026'!M19) -> 2219.4 | E20: 2800 | F20: 603.57 | G20: =IF(F20=0,"0",(E20/F20)) -> 4.6390642 | I20: 150 | J20: 25923 | K20: =J20/2.204623 -> 11758.473 | Q20: 45883 | R20: ='Entries July 2026'!AL19 -> 0 | S20: {=IF(R20=0,0,IF(COUNTIF($I$6:$I$40,R20),_xlfn.XLOOKUP(R20,$I$6:$I$40,$K$6:$K$40),_xlfn.LET(_xlpm.x, R20,_xlpm.lo, MAX(_xlfn._xlws.FILTER($I$6:$I$40, $I$6:$I$40 <= _xlpm.x)),_xlpm.hi, MIN(_xlfn._xlws.FILTER($I$6:$I$40, $I$6:$I$40 >= _xlpm.x)),_xlpm.ylo, INDEX($K$6:$K$40, MATCH(_xlpm.lo, $I$6:$I$40, 0)),_xlpm.yhi, INDEX($K$6:$K$40, MATCH(_xlpm.hi, $I$6:$I$40, 0)),_xlpm.ylo + (_xlpm.x - _xlpm.lo) * (_xlpm.yhi - _xlpm.ylo) / (_xlpm.hi - _xlpm.lo) )))} -> 0 | T20: ='Entries July 2026'!AM18 -> 0 | U20: ='Entries July 2026'!AN18 -> 0 | V20: ='Entries July 2026'!AO18/2.204623 -> 0 | W20: =S20+T20+U20+V20 -> 0 | X20: =IF(W21-W20<0,W20-W21,W21-W20) -> 0
A21: 15 | B21: =IF('Entries July 2026'!N21-'Entries July 2026'!N20<1,"0",'Entries July 2026'!N21-'Entries July 2026'!N20) -> 267.39 | C21: =IF('Entries July 2026'!L21-'Entries July 2026'!L20<1,"0",'Entries July 2026'!L21-'Entries July 2026'!L20) -> 410.09 | D21: =IF('Entries July 2026'!M21-'Entries July 2026'!M20<1,"0",'Entries July 2026'!M21-'Entries July 2026'!M20) -> 1795.37 | E21: 1900 | F21: 387.684 | G21: =IF(F21=0,"0",(E21/F21)) -> 4.9008987 | I21: 160 | J21: 27721 | K21: =J21/2.204623 -> 12574.032 | Q21: 45884 | R21: ='Entries July 2026'!AL20 -> 0 | S21: {=IF(R21=0,0,IF(COUNTIF($I$6:$I$40,R21),_xlfn.XLOOKUP(R21,$I$6:$I$40,$K$6:$K$40),_xlfn.LET(_xlpm.x, R21,_xlpm.lo, MAX(_xlfn._xlws.FILTER($I$6:$I$40, $I$6:$I$40 <= _xlpm.x)),_xlpm.hi, MIN(_xlfn._xlws.FILTER($I$6:$I$40, $I$6:$I$40 >= _xlpm.x)),_xlpm.ylo, INDEX($K$6:$K$40, MATCH(_xlpm.lo, $I$6:$I$40, 0)),_xlpm.yhi, INDEX($K$6:$K$40, MATCH(_xlpm.hi, $I$6:$I$40, 0)),_xlpm.ylo + (_xlpm.x - _xlpm.lo) * (_xlpm.yhi - _xlpm.ylo) / (_xlpm.hi - _xlpm.lo) )))} -> 0 | T21: ='Entries July 2026'!AM19 -> 0 | U21: ='Entries July 2026'!AN19 -> 0 | V21: ='Entries July 2026'!AO19/2.204623 -> 0 | W21: =S21+T21+U21+V21 -> 0 | X21: =IF(W22-W21<0,W21-W22,W22-W21) -> 0
A22: 16 | B22: =IF('Entries July 2026'!N22-'Entries July 2026'!N21<1,"0",'Entries July 2026'!N22-'Entries July 2026'!N21) -> 218.68 | C22: =IF('Entries July 2026'!L22-'Entries July 2026'!L21<1,"0",'Entries July 2026'!L22-'Entries July 2026'!L21) -> 698.91 | D22: =IF('Entries July 2026'!M22-'Entries July 2026'!M21<1,"0",'Entries July 2026'!M22-'Entries July 2026'!M21) -> 2240.51 | E22: 2300 | F22: 425.106 | G22: =IF(F22=0,"0",(E22/F22)) -> 5.4104153 | I22: 170 | J22: 29519 | K22: =J22/2.204623 -> 13389.591 | Q22: 45885 | R22: ='Entries July 2026'!AL21 -> 0 | S22: {=IF(R22=0,0,IF(COUNTIF($I$6:$I$40,R22),_xlfn.XLOOKUP(R22,$I$6:$I$40,$K$6:$K$40),_xlfn.LET(_xlpm.x, R22,_xlpm.lo, MAX(_xlfn._xlws.FILTER($I$6:$I$40, $I$6:$I$40 <= _xlpm.x)),_xlpm.hi, MIN(_xlfn._xlws.FILTER($I$6:$I$40, $I$6:$I$40 >= _xlpm.x)),_xlpm.ylo, INDEX($K$6:$K$40, MATCH(_xlpm.lo, $I$6:$I$40, 0)),_xlpm.yhi, INDEX($K$6:$K$40, MATCH(_xlpm.hi, $I$6:$I$40, 0)),_xlpm.ylo + (_xlpm.x - _xlpm.lo) * (_xlpm.yhi - _xlpm.ylo) / (_xlpm.hi - _xlpm.lo) )))} -> 0 | T22: ='Entries July 2026'!AM20 -> 0 | U22: ='Entries July 2026'!AN20 -> 0 | V22: ='Entries July 2026'!AO20/2.204623 -> 0 | W22: =S22+T22+U22+V22 -> 0 | X22: =IF(W23-W22<0,W22-W23,W23-W22) -> 0
A23: 17 | B23: =IF('Entries July 2026'!N23-'Entries July 2026'!N22<1,"0",'Entries July 2026'!N23-'Entries July 2026'!N22) -> 41.46 | C23: =IF('Entries July 2026'!L23-'Entries July 2026'!L22<1,"0",'Entries July 2026'!L23-'Entries July 2026'!L22) -> 818.38 | D23: =IF('Entries July 2026'!M23-'Entries July 2026'!M22<1,"0",'Entries July 2026'!M23-'Entries July 2026'!M22) -> 1076.5 | E23: 1800 | F23: 71.94 | G23: =IF(F23=0,"0",(E23/F23)) -> 25.020851 | I23: 180 | J23: 31317 | K23: =J23/2.204623 -> 14205.15 | Q23: 45886 | R23: ='Entries July 2026'!AL22 -> 0 | S23: {=IF(R23=0,0,IF(COUNTIF($I$6:$I$40,R23),_xlfn.XLOOKUP(R23,$I$6:$I$40,$K$6:$K$40),_xlfn.LET(_xlpm.x, R23,_xlpm.lo, MAX(_xlfn._xlws.FILTER($I$6:$I$40, $I$6:$I$40 <= _xlpm.x)),_xlpm.hi, MIN(_xlfn._xlws.FILTER($I$6:$I$40, $I$6:$I$40 >= _xlpm.x)),_xlpm.ylo, INDEX($K$6:$K$40, MATCH(_xlpm.lo, $I$6:$I$40, 0)),_xlpm.yhi, INDEX($K$6:$K$40, MATCH(_xlpm.hi, $I$6:$I$40, 0)),_xlpm.ylo + (_xlpm.x - _xlpm.lo) * (_xlpm.yhi - _xlpm.ylo) / (_xlpm.hi - _xlpm.lo) )))} -> 0 | T23: ='Entries July 2026'!AM21 -> 0 | U23: ='Entries July 2026'!AN21 -> 0 | V23: ='Entries July 2026'!AO21/2.204623 -> 0 | W23: =S23+T23+U23+V23 -> 0 | X23: =IF(W24-W23<0,W23-W24,W24-W23) -> 0
A24: 18 | B24: =IF('Entries July 2026'!N24-'Entries July 2026'!N23<1,"0",'Entries July 2026'!N24-'Entries July 2026'!N23) -> 0 | C24: =IF('Entries July 2026'!L24-'Entries July 2026'!L23<1,"0",'Entries July 2026'!L24-'Entries July 2026'!L23) -> 0 | D24: =IF('Entries July 2026'!M24-'Entries July 2026'!M23<1,"0",'Entries July 2026'!M24-'Entries July 2026'!M23) -> 0 | E24: -900 | F24: 0 | G24: =IF(F24=0,"0",(E24/F24)) -> 0 | I24: 190 | J24: 33116 | K24: =J24/2.204623 -> 15021.162 | Q24: 45887 | R24: ='Entries July 2026'!AL23 -> 0 | S24: {=IF(R24=0,0,IF(COUNTIF($I$6:$I$40,R24),_xlfn.XLOOKUP(R24,$I$6:$I$40,$K$6:$K$40),_xlfn.LET(_xlpm.x, R24,_xlpm.lo, MAX(_xlfn._xlws.FILTER($I$6:$I$40, $I$6:$I$40 <= _xlpm.x)),_xlpm.hi, MIN(_xlfn._xlws.FILTER($I$6:$I$40, $I$6:$I$40 >= _xlpm.x)),_xlpm.ylo, INDEX($K$6:$K$40, MATCH(_xlpm.lo, $I$6:$I$40, 0)),_xlpm.yhi, INDEX($K$6:$K$40, MATCH(_xlpm.hi, $I$6:$I$40, 0)),_xlpm.ylo + (_xlpm.x - _xlpm.lo) * (_xlpm.yhi - _xlpm.ylo) / (_xlpm.hi - _xlpm.lo) )))} -> 0 | T24: ='Entries July 2026'!AM22 -> 0 | U24: ='Entries July 2026'!AN22 -> 0 | V24: ='Entries July 2026'!AO22/2.204623 -> 0 | W24: =S24+T24+U24+V24 -> 0 | X24: =IF(W25-W24<0,W24-W25,W25-W24) -> 0
A25: 19 | B25: =IF('Entries July 2026'!N25-'Entries July 2026'!N24<1,"0",'Entries July 2026'!N25-'Entries July 2026'!N24) -> 0 | C25: =IF('Entries July 2026'!L25-'Entries July 2026'!L24<1,"0",'Entries July 2026'!L25-'Entries July 2026'!L24) -> 121.24 | D25: =IF('Entries July 2026'!M25-'Entries July 2026'!M24<1,"0",'Entries July 2026'!M25-'Entries July 2026'!M24) -> 297.87 | E25: 800 | F25: 0 | G25: =IF(F25=0,"0",(E25/F25)) -> 0 | I25: 200 | J25: 34914 | K25: =J25/2.204623 -> 15836.721 | Q25: 45888 | R25: ='Entries July 2026'!AL24 -> 0 | S25: {=IF(R25=0,0,IF(COUNTIF($I$6:$I$40,R25),_xlfn.XLOOKUP(R25,$I$6:$I$40,$K$6:$K$40),_xlfn.LET(_xlpm.x, R25,_xlpm.lo, MAX(_xlfn._xlws.FILTER($I$6:$I$40, $I$6:$I$40 <= _xlpm.x)),_xlpm.hi, MIN(_xlfn._xlws.FILTER($I$6:$I$40, $I$6:$I$40 >= _xlpm.x)),_xlpm.ylo, INDEX($K$6:$K$40, MATCH(_xlpm.lo, $I$6:$I$40, 0)),_xlpm.yhi, INDEX($K$6:$K$40, MATCH(_xlpm.hi, $I$6:$I$40, 0)),_xlpm.ylo + (_xlpm.x - _xlpm.lo) * (_xlpm.yhi - _xlpm.ylo) / (_xlpm.hi - _xlpm.lo) )))} -> 0 | T25: ='Entries July 2026'!AM23 -> 0 | U25: ='Entries July 2026'!AN23 -> 0 | V25: ='Entries July 2026'!AO23/2.204623 -> 0 | W25: =S25+T25+U25+V25 -> 0 | X25: =IF(W26-W25<0,W25-W26,W26-W25) -> 0
A26: 20 | B26: =IF('Entries July 2026'!N26-'Entries July 2026'!N25<1,"0",'Entries July 2026'!N26-'Entries July 2026'!N25) -> 241.6 | C26: =IF('Entries July 2026'!L26-'Entries July 2026'!L25<1,"0",'Entries July 2026'!L26-'Entries July 2026'!L25) -> 1058.96 | D26: =IF('Entries July 2026'!M26-'Entries July 2026'!M25<1,"0",'Entries July 2026'!M26-'Entries July 2026'!M25) -> 2307.19 | E26: 2200 | F26: 406.89 | G26: =IF(F26=0,"0",(E26/F26)) -> 5.4068667 | I26: 210 | J26: 36712 | K26: =J26/2.204623 -> 16652.28 | Q26: 45889 | R26: ='Entries July 2026'!AL25 -> 0 | S26: {=IF(R26=0,0,IF(COUNTIF($I$6:$I$40,R26),_xlfn.XLOOKUP(R26,$I$6:$I$40,$K$6:$K$40),_xlfn.LET(_xlpm.x, R26,_xlpm.lo, MAX(_xlfn._xlws.FILTER($I$6:$I$40, $I$6:$I$40 <= _xlpm.x)),_xlpm.hi, MIN(_xlfn._xlws.FILTER($I$6:$I$40, $I$6:$I$40 >= _xlpm.x)),_xlpm.ylo, INDEX($K$6:$K$40, MATCH(_xlpm.lo, $I$6:$I$40, 0)),_xlpm.yhi, INDEX($K$6:$K$40, MATCH(_xlpm.hi, $I$6:$I$40, 0)),_xlpm.ylo + (_xlpm.x - _xlpm.lo) * (_xlpm.yhi - _xlpm.ylo) / (_xlpm.hi - _xlpm.lo) )))} -> 0 | T26: ='Entries July 2026'!AM24 -> 0 | U26: ='Entries July 2026'!AN24 -> 0 | V26: ='Entries July 2026'!AO24/2.204623 -> 0 | W26: =S26+T26+U26+V26 -> 0 | X26: =IF(W27-W26<0,W26-W27,W27-W26) -> 0
A27: 21 | B27: =IF('Entries July 2026'!N27-'Entries July 2026'!N26<1,"0",'Entries July 2026'!N27-'Entries July 2026'!N26) -> 314.54 | C27: =IF('Entries July 2026'!L27-'Entries July 2026'!L26<1,"0",'Entries July 2026'!L27-'Entries July 2026'!L26) -> 1094.28 | D27: =IF('Entries July 2026'!M27-'Entries July 2026'!M26<1,"0",'Entries July 2026'!M27-'Entries July 2026'!M26) -> 3150.16 | E27: 2900 | F27: 500.148 | G27: =IF(F27=0,"0",(E27/F27)) -> 5.7982837 | I27: 220 | J27: 38510 | K27: =J27/2.204623 -> 17467.839 | Q27: 45890 | R27: ='Entries July 2026'!AL26 -> 0 | S27: {=IF(R27=0,0,IF(COUNTIF($I$6:$I$40,R27),_xlfn.XLOOKUP(R27,$I$6:$I$40,$K$6:$K$40),_xlfn.LET(_xlpm.x, R27,_xlpm.lo, MAX(_xlfn._xlws.FILTER($I$6:$I$40, $I$6:$I$40 <= _xlpm.x)),_xlpm.hi, MIN(_xlfn._xlws.FILTER($I$6:$I$40, $I$6:$I$40 >= _xlpm.x)),_xlpm.ylo, INDEX($K$6:$K$40, MATCH(_xlpm.lo, $I$6:$I$40, 0)),_xlpm.yhi, INDEX($K$6:$K$40, MATCH(_xlpm.hi, $I$6:$I$40, 0)),_xlpm.ylo + (_xlpm.x - _xlpm.lo) * (_xlpm.yhi - _xlpm.ylo) / (_xlpm.hi - _xlpm.lo) )))} -> 0 | T27: ='Entries July 2026'!AM25 -> 0 | U27: ='Entries July 2026'!AN25 -> 0 | V27: ='Entries July 2026'!AO25/2.204623 -> 0 | W27: =S27+T27+U27+V27 -> 0 | X27: =IF(W28-W27<0,W27-W28,W28-W27) -> 0
... A36: 30 | B36: =IF('Entries July 2026'!N36-'Entries July 2026'!N35<1,"0",'Entries July 2026'!N36-'Entries July 2026'!N35) -> 266.26 | C36: =IF('Entries July 2026'!L36-'Entries July 2026'!L35<1,"0",'Entries July 2026'!L36-'Entries July 2026'!L35) -> 610.02 | D36: =IF('Entries July 2026'!M36-'Entries July 2026'!M35<1,"0",'Entries July 2026'!M36-'Entries July 2026'!M35) -> 2594.52 | E36: 2500 | F36: 606.8688 | G36: =IF(F36=0,"0",(E36/F36)) -> 4.1195066 | I36: 310 | J36: 54694 | K36: =J36/2.204623 -> 24808.777 | Q36: 45899 | R36: ='Entries July 2026'!AL35 -> 0 | S36: {=IF(R36=0,0,IF(COUNTIF($I$6:$I$40,R36),_xlfn.XLOOKUP(R36,$I$6:$I$40,$K$6:$K$40),_xlfn.LET(_xlpm.x, R36,_xlpm.lo, MAX(_xlfn._xlws.FILTER($I$6:$I$40, $I$6:$I$40 <= _xlpm.x)),_xlpm.hi, MIN(_xlfn._xlws.FILTER($I$6:$I$40, $I$6:$I$40 >= _xlpm.x)),_xlpm.ylo, INDEX($K$6:$K$40, MATCH(_xlpm.lo, $I$6:$I$40, 0)),_xlpm.yhi, INDEX($K$6:$K$40, MATCH(_xlpm.hi, $I$6:$I$40, 0)),_xlpm.ylo + (_xlpm.x - _xlpm.lo) * (_xlpm.yhi - _xlpm.ylo) / (_xlpm.hi - _xlpm.lo) )))} -> 0 | T36: ='Entries July 2026'!AM34 -> 0 | U36: ='Entries July 2026'!AN34 -> 0 | V36: ='Entries July 2026'!AO34/2.204623 -> 0 | W36: =S36+T36+U36+V36 -> 0 | X36: =IF(W37-W36<0,W36-W37,W37-W36) -> 0
A37: 31 | B37: =IF('Entries July 2026'!N37-'Entries July 2026'!N36<1,"0",'Entries July 2026'!N37-'Entries July 2026'!N36) -> 219.76 | C37: =IF('Entries July 2026'!L37-'Entries July 2026'!L36<1,"0",'Entries July 2026'!L37-'Entries July 2026'!L36) -> 656.19 | D37: =IF('Entries July 2026'!M37-'Entries July 2026'!M36<1,"0",'Entries July 2026'!M37-'Entries July 2026'!M36) -> 1982.17 | E37: 1900 | F37: 498.498 | G37: =IF(F37=0,"0",(E37/F37)) -> 3.8114496 | H37: TARGET | I37: 320 | J37: 56492 | K37: =J37/2.204623 -> 25624.336 | Q37: 45900 | R37: ='Entries July 2026'!AL36 -> 0 | S37: {=IF(R37=0,0,IF(COUNTIF($I$6:$I$40,R37),_xlfn.XLOOKUP(R37,$I$6:$I$40,$K$6:$K$40),_xlfn.LET(_xlpm.x, R37,_xlpm.lo, MAX(_xlfn._xlws.FILTER($I$6:$I$40, $I$6:$I$40 <= _xlpm.x)),_xlpm.hi, MIN(_xlfn._xlws.FILTER($I$6:$I$40, $I$6:$I$40 >= _xlpm.x)),_xlpm.ylo, INDEX($K$6:$K$40, MATCH(_xlpm.lo, $I$6:$I$40, 0)),_xlpm.yhi, INDEX($K$6:$K$40, MATCH(_xlpm.hi, $I$6:$I$40, 0)),_xlpm.ylo + (_xlpm.x - _xlpm.lo) * (_xlpm.yhi - _xlpm.ylo) / (_xlpm.hi - _xlpm.lo) )))} -> 0 | T37: ='Entries July 2026'!AM35 -> 0 | U37: ='Entries July 2026'!AN35 -> 0 | V37: ='Entries July 2026'!AO35/2.204623 -> 0 | W37: =S37+T37+U37+V37 -> 0 | X37: =IF(W38-W37<0,W37-W38,W38-W37) -> 0
A38: MTD | B38: =SUM(B7:B37) -> 5102.96 | C38: =SUM(C7:C37) -> 15634.27 | D38: =SUM(D7:D37) -> 47960.62 | E38: =SUM(E7:E37) -> 53100 | F38: =SUM(F7:F37) -> 8998.2516 | G38: =IF(F38=0,"0",(E38/F38)) -> 5.9011464 | H38: 5 | I38: 330 | J38: 58290 | K38: =J38/2.204623 -> 26439.895 | Q38: 45901 | R38: ='Entries July 2026'!AL37 -> 0 | S38: {=IF(R38=0,0,IF(COUNTIF($I$6:$I$40,R38),_xlfn.XLOOKUP(R38,$I$6:$I$40,$K$6:$K$40),_xlfn.LET(_xlpm.x, R38,_xlpm.lo, MAX(_xlfn._xlws.FILTER($I$6:$I$40, $I$6:$I$40 <= _xlpm.x)),_xlpm.hi, MIN(_xlfn._xlws.FILTER($I$6:$I$40, $I$6:$I$40 >= _xlpm.x)),_xlpm.ylo, INDEX($K$6:$K$40, MATCH(_xlpm.lo, $I$6:$I$40, 0)),_xlpm.yhi, INDEX($K$6:$K$40, MATCH(_xlpm.hi, $I$6:$I$40, 0)),_xlpm.ylo + (_xlpm.x - _xlpm.lo) * (_xlpm.yhi - _xlpm.ylo) / (_xlpm.hi - _xlpm.lo) )))} -> 0 | T38: ='Entries July 2026'!AM36 -> 0 | U38: ='Entries July 2026'!AN36 -> 0 | V38: ='Entries July 2026'!AO36/2.204623 -> 0 | W38: =S38+T38+U38+V38 -> 0 | X38: =IF(W39-W38<0,W38-W39,W39-W38) -> 0
I39: 340 | J39: 60089 | K39: =J39/2.204623 -> 27255.907 | R39: ='Entries July 2026'!AL38 -> 0 | S39: {=IF(R39=0,0,IF(COUNTIF($I$6:$I$40,R39),_xlfn.XLOOKUP(R39,$I$6:$I$40,$K$6:$K$40),_xlfn.LET(_xlpm.x, R39,_xlpm.lo, MAX(_xlfn._xlws.FILTER($I$6:$I$40, $I$6:$I$40 <= _xlpm.x)),_xlpm.hi, MIN(_xlfn._xlws.FILTER($I$6:$I$40, $I$6:$I$40 >= _xlpm.x)),_xlpm.ylo, INDEX($K$6:$K$40, MATCH(_xlpm.lo, $I$6:$I$40, 0)),_xlpm.yhi, INDEX($K$6:$K$40, MATCH(_xlpm.hi, $I$6:$I$40, 0)),_xlpm.ylo + (_xlpm.x - _xlpm.lo) * (_xlpm.yhi - _xlpm.ylo) / (_xlpm.hi - _xlpm.lo) )))} -> 0 | T39: ='Entries July 2026'!AM37 -> 0 | U39: ='Entries July 2026'!AN37 -> 0 | V39: ='Entries July 2026'!AO37/2.204623 -> 0 | W39: =S39+T39+U39+V39 -> 0
I40: 350 | J40: 60537 | K40: =J40/2.204623 -> 27459.117 | W40: TOTAL | X40: =SUM(X8:X38) -> 0

Sheet Daily KPIs CO2
A3: Utilities Daily Consumption
Y4: 1364
A5: 46204
B6: 1 | C6: 2 | D6: 3 | E6: 4 | F6: 5 | G6: 6 | H6: 7 | I6: 8 | J6: 9 | K6: 10 | L6: 11 | M6: 12 | N6: 13 | O6: 14 | P6: 15 | Q6: 16 | R6: 17 | S6: 18 | T6: 19 | U6: 20 | V6: 21 | W6: 22 | X6: 23 | Y6: 24 | Z6: 25 | AA6: 26 | AB6: 27 | AC6: 28 | AD6: 29 | AE6: 30 | AF6: 31 | AH6: Monthly Target
A7: Days | B7: Sun | C7: Mon | D7: Tue | E7: Wed | F7: Thu | G7: Fri | H7: Sat | I7: Sun | J7: Mon | K7: Tue | L7: Wed | M7: Thu | N7: Fri | O7: Sat | P7: Sun | Q7: Mon | R7: Tue | S7: Wed | T7: Thu | U7: Fri | V7: Sat | W7: Sun | X7: Mon | Y7: Tue | Z7: Wed | AA7: Thu | AB7: Fri | AC7: Sat | AD7: Sun | AE7: Mon | AF7: Tue | AG7: Total | AI7: Diff.
A8: Cases Produced | C8: ='Daily KPIs'!C8 -> 7414 | D8: ='Daily KPIs'!D8 -> 7456 | E8: ='Daily KPIs'!E8 -> 0 | F8: ='Daily KPIs'!F8 -> 0 | G8: ='Daily KPIs'!G8 -> 6224 | H8: ='Daily KPIs'!H8 -> 3180 | I8: ='Daily KPIs'!I8 -> 5708 | J8: ='Daily KPIs'!J8 -> 4891 | ... AC8: ='Daily KPIs'!AC8 -> 9728 | AF8: ='Daily KPIs'!AD8 -> 5577 | AG8: =SUM($B8:AF8) -> 111870 | AH8: 96325 | AI8: =AG8-AH8 -> 15545
A9: HL produced | B9: ='Daily KPIs'!B9 -> 471.8652 | C9: ='Daily KPIs'!C9 -> 507.3684 | D9: ='Daily KPIs'!D9 -> 492.096 | E9: ='Daily KPIs'!E9 -> 0 | F9: ='Daily KPIs'!F9 -> 0 | G9: ='Daily KPIs'!G9 -> 410.784 | H9: ='Daily KPIs'!H9 -> 209.88 | I9: ='Daily KPIs'!I9 -> 376.728 | ... AC9: ='Daily KPIs'!AC9 -> 642.048 | AF9: ='Daily KPIs'!AD9 -> 387.6372 | AG9: =SUM($B9:AF9) -> 7892.8848
A10: Product Type | B10: ='Daily KPIs'!B10 -> CB/VM | C10: ='Daily KPIs'!C10 -> VM/CB | D10: ='Daily KPIs'!D10 -> CB/ST | E10: ='Daily KPIs'!E10 -> 0 | F10: ='Daily KPIs'!F10 -> 0 | G10: ='Daily KPIs'!G10 -> ST | H10: ='Daily KPIs'!I10 -> CB/ShL/ShG | I10: ='Daily KPIs'!J10 -> ShG/ShS | J10: ='Daily KPIs'!J10 -> ShG/ShS | K10: ='Daily KPIs'!K10 -> MK/GN | L10: ='Daily KPIs'!L10 -> 0 | M10: ='Daily KPIs'!M10 -> 0 | N10: ='Daily KPIs'!N10 -> GN/ST | O10: ='Daily KPIs'!O10 -> ST | P10: ='Daily KPIs'!P10 -> CB/ST | Q10: ='Daily KPIs'!Q10 -> ST/CB | ... Y10: ='Daily KPIs'!Y10 -> Royale | AA10: ='Daily KPIs'!AA10 -> 0 | AB10: ='Daily KPIs'!AB10 -> CB | AC10: ='Daily KPIs'!AC10 -> CB/CB ex | AF10: ='Daily KPIs'!AD10 -> CB/VM
A13: Water (m3)
A14: Area | B14: 1 | C14: 2 | D14: 3 | E14: 4 | F14: 5 | G14: 6 | H14: 7 | I14: 8 | J14: 9 | K14: 10 | L14: 11 | M14: 12 | N14: 13 | O14: 14 | P14: 15 | Q14: 16 | R14: 17 | S14: 18 | T14: 19 | U14: 20 | V14: 21 | W14: 22 | X14: 23 | Y14: 24 | Z14: 25 | AA14: 26 | AB14: 27 | AC14: 28 | AD14: 29 | AE14: 30 | AF14: 31 | AG14: MTD
A15: Well Supply (from filtered water) | B15: =+'Water '!$C7 -> 0 | C15: =+'Water '!$C8 -> 0 | D15: =+'Water '!$C9 -> 0 | E15: =+'Water '!$C10 -> 0 | F15: =+'Water '!$C11 -> 0 | G15: =+'Water '!$C12 -> 0 | H15: =+'Water '!$C13 -> 0 | I15: =+'Water '!$C14 -> 0 | J15: =+'Water '!$C15 -> 0 | K15: =+'Water '!$C16 -> 0 | L15: =+'Water '!$C17 -> 0 | M15: =+'Water '!$C18 -> 0 | N15: =+'Water '!$C18 -> 0 | O15: =+'Water '!$C20 -> 0 | P15: =+'Water '!$C21 -> 0 | Q15: =+'Water '!$C22 -> 0 | R15: =+'Water '!$C23 -> 0 | S15: =+'Water '!$C24 -> 0 | T15: =+'Water '!$C25 -> 0 | U15: =+'Water '!$C26 -> 0 | V15: =+'Water '!$C27 -> 0 | W15: =+'Water '!$C28 -> 0 | X15: =+'Water '!$C29 -> 0 | Y15: =+'Water '!$C30 -> 0 | Z15: =+'Water '!$C31 -> 0 | AA15: =+'Water '!$C32 -> 0 | AB15: =+'Water '!$C33 -> 0 | AC15: =+'Water '!$C34 -> 0 | AD15: =+'Water '!$C31 -> 0 | AE15: =+'Water '!$C32 -> 0 | AF15: =+'Water '!$C33 -> 0 | AG15: =SUM($B15:AF15) -> 0
A16: Nawasa Supply | B16: =+'Water '!$D7 -> 266 | C16: =+'Water '!$D8 -> 269 | D16: =+'Water '!$D9 -> 7 | E16: =+'Water '!$D10 -> 21 | F16: =+'Water '!$D11 -> 1 | G16: =+'Water '!$D12 -> 125 | H16: =+'Water '!$D13 -> 267 | I16: =+'Water '!$D14 -> 1 | J16: =+'Water '!$D15 -> 213 | K16: =+'Water '!$D16 -> 234 | L16: =+'Water '!$D17 -> 0 | M16: =+'Water '!$D18 -> 249 | N16: =+'Water '!$D19 -> 200 | O16: =+'Water '!$D20 -> 197 | P16: =+'Water '!$D21 -> 358 | Q16: =+'Water '!$D22 -> 136 | R16: =+'Water '!$D23 -> 74 | S16: =+'Water '!$D24 -> 30 | T16: =+'Water '!$D25 -> 42 | U16: =+'Water '!$D26 -> 131 | V16: =+'Water '!$D27 -> 289 | W16: =+'Water '!$D28 -> 179 | X16: =+'Water '!$D29 -> 149 | Y16: =+'Water '!$D30 -> 233 | Z16: =+'Water '!$D31 -> 127 | AA16: =+'Water '!$D32 -> 0 | AB16: =+'Water '!$D33 -> 73 | AC16: =+'Water '!$D34 -> 123 | AD16: =+'Water '!$D31 -> 127 | AE16: =+'Water '!$D32 -> 0 | AF16: =+'Water '!$D33 -> 73 | AG16: =SUM($B16:AF16) -> 4194
A17: Annanale Supply | B17: =+'Water '!$E7 -> 177 | C17: =+'Water '!$E8 -> 213 | D17: =+'Water '!$E9 -> 143 | E17: =+'Water '!$E10 -> 184 | F17: =+'Water '!$E11 -> 41 | G17: =+'Water '!$E12 -> 188 | H17: =+'Water '!$E13 -> 124 | I17: =+'Water '!$E14 -> 117 | J17: =+'Water '!$E15 -> 195 | K17: =+'Water '!$E16 -> 179 | L17: =+'Water '!$E17 -> 97 | M17: =+'Water '!$E18 -> 216 | N17: =+'Water '!$E19 -> 80 | O17: =+'Water '!$E20 -> 139 | P17: =+'Water '!$E21 -> 168 | Q17: =+'Water '!$E22 -> 197 | R17: =+'Water '!$E23 -> 262 | S17: =+'Water '!$E24 -> 107 | T17: =+'Water '!$E25 -> 67 | U17: =+'Water '!$E26 -> 157 | V17: =+'Water '!$E27 -> 121 | W17: =+'Water '!$E28 -> 215 | X17: =+'Water '!$E29 -> 203 | Y17: =+'Water '!$E30 -> 204 | Z17: =+'Water '!$E31 -> 136 | AA17: =+'Water '!$E32 -> 0 | AB17: =+'Water '!$E33 -> 242 | AC17: =+'Water '!$E34 -> 218 | AD17: =+'Water '!$E31 -> 136 | AE17: =+'Water '!$E32 -> 0 | AF17: =+'Water '!$E33 -> 242 | AG17: =SUM($B17:AF17) -> 4768
A18: Total Water Supply | B18: =SUM(B15:B17) -> 443 | C18: =SUM(C15:C17) -> 482 | D18: =SUM(D15:D17) -> 150 | E18: =SUM(E15:E17) -> 205 | F18: =SUM(F15:F17) -> 42 | G18: =SUM(G15:G17) -> 313 | H18: =SUM(H15:H17) -> 391 | I18: =SUM(I15:I17) -> 118 | ... AF18: =SUM(AF15:AF17) -> 315 | AG18: =SUM($B18:AF18) -> 8962
AG20: =SUM($B20:AF20) -> 0
A21: Theoretical permeate | B21: =0.73*(B96+B15) -> 137.24 | C21: =0.73*(C96+C15) -> 160.6 | D21: =0.73*(D96+D15) -> 108.77 | E21: =0.73*(E96+E15) -> 141.62 | F21: =0.73*(F96+F15) -> 30.66 | G21: =0.73*(G96+G15) -> 143.81 | H21: =0.73*(H96+H15) -> 94.9 | I21: =0.73*(I96+I15) -> 89.79 | ... AF21: =0.73*(AF96+AF15) -> 91.98 | AG21: =SUM($B21:AF21) -> 3111.26 | AH21: =AG24+AG37+AG28 -> 9053 | AJ21: =(AH21*10)/AG9 -> 11.469824
E22: =0.73*(E97+E16) -> 15.33
A23: Permeate Produced | B23: ='Water '!R7 -> 0 | C23: ='Water '!R8 -> 0 | D23: ='Water '!R9 -> 0 | E23: ='Water '!R10 -> 0 | F23: ='Water '!R11 -> 0 | G23: ='Water '!R12 -> 0 | H23: ='Water '!R13 -> 0 | I23: ='Water '!R14 -> 0 | J23: ='Water '!R15 -> 0 | K23: ='Water '!R16 -> 0 | L23: ='Water '!R17 -> 0 | M23: ='Water '!R18 -> 0 | N23: ='Water '!R19 -> 0 | O23: ='Water '!R20 -> 0 | P23: ='Water '!R21 -> 0 | Q23: ='Water '!R22 -> 0 | R23: ='Water '!R23 -> 0 | S23: ='Water '!R24 -> 0 | T23: ='Water '!R25 -> 0 | U23: ='Water '!R26 -> 0 | V23: ='Water '!R27 -> 0 | W23: ='Water '!R28 -> 0 | X23: ='Water '!R29 -> 0 | Y23: ='Water '!R30 -> 0 | Z23: ='Water '!R31 -> 0 | AA23: ='Water '!R32 -> 0 | AB23: ='Water '!R33 -> 0 | AC23: ='Water '!R34 -> 0 | AD23: ='Water '!V31 -> 0 | AE23: ='Water '!V32 -> 0 | AF23: ='Water '!V33 -> 0 | AG23: =SUM($B23:AF23) -> 0
A24: Service Water Plant Supply | B24: ='Water '!H7 -> 218 | C24: ='Water '!H8 -> 247 | D24: ='Water '!H9 -> 186 | E24: ='Water '!H10 -> 81 | F24: ='Water '!H11 -> 89 | G24: ='Water '!H12 -> 226 | H24: ='Water '!H13 -> 145 | I24: ='Water '!H14 -> 224 | J24: ='Water '!H15 -> 212 | K24: ='Water '!H16 -> 187 | L24: ='Water '!H17 -> 100 | M24: ='Water '!H18 -> 432 | N24: ='Water '!H19 -> 75 | O24: ='Water '!H20 -> 471 | P24: ='Water '!H21 -> 187 | Q24: ='Water '!H22 -> 156 | R24: ='Water '!H23 -> 192 | S24: ='Water '!H24 -> 71 | T24: ='Water '!H25 -> 49 | U24: ='Water '!H26 -> 216 | V24: ='Water '!H27 -> 311 | W24: ='Water '!H28 -> 136 | X24: ='Water '!H29 -> 159 | Y24: ='Water '!H30 -> 158 | Z24: ='Water '!H31 -> 82 | AA24: ='Water '!H32 -> 31 | AB24: ='Water '!H33 -> 224 | AC24: ='Water '!H34 -> 236 | AD24: ='Water '!L31 -> 0 | AE24: ='Water '!L32 -> 0 | AF24: ='Water '!L33 -> 0 | AG24: =SUM($B24:AF24) -> 5101
A25: Water consumption | B25: =SUM(B23:B24) -> 218 | C25: =SUM(C23:C24) -> 247 | D25: =SUM(D23:D24) -> 186 | E25: =SUM(E23:E24) -> 81 | F25: =SUM(F23:F24) -> 89 | G25: =SUM(G23:G24) -> 226 | H25: =SUM(H23:H24) -> 145 | I25: =SUM(I23:I24) -> 224 | ... AF25: =SUM(AF23:AF24) -> 0 | AG25: =SUM($B25:AF25) -> 5101
B26: =IF(B$9=0,"",+(B25*10)/B$9) -> 4.6199635 | C26: =IF(C$9=0,"",+(C25*10)/C$9) -> 4.8682575 | D26: =IF(D$9=0,"",+(D25*10)/D$9) -> 3.7797503 | E26: =IF(E$9=0,"",+(E25*10)/E$9) | F26: =IF(F$9=0,"",+(F25*10)/F$9) | G26: =IF(G$9=0,"",+(G25*10)/G$9) -> 5.5016748 | H26: =IF(H$9=0,"",+(H25*10)/H$9) -> 6.9087097 | I26: =IF(I$9=0,"",+(I25*10)/I$9) -> 5.9459345 | ... AF26: =IF(AF$9=0,"",+(AF25*10)/AF$9) -> 0
A27: Water Consumption detail | AG27: =SUM($B27:AF27) -> 0
A28: Brewhouse / Old Pepsi Area | B28: =+'Water '!$J7 -> 154 | C28: =+'Water '!$J8 -> 220 | D28: =+'Water '!$J9 -> 140 | E28: =+'Water '!$J10 -> 64 | F28: =+'Water '!$J11 -> 7 | G28: =+'Water '!$J12 -> 105 | H28: =+'Water '!$J13 -> 136 | I28: =+'Water '!$J14 -> 194 | J28: =+'Water '!$J15 -> 65 | K28: =+'Water '!$J16 -> 164 | L28: =+'Water '!$J17 -> 96 | M28: =+'Water '!$J18 -> 59 | N28: =+'Water '!$J19 -> 35 | O28: =+'Water '!$J20 -> 206 | P28: =+'Water '!$J21 -> 151 | Q28: =+'Water '!$J22 -> 165 | R28: =+'Water '!$J23 -> 164 | S28: =+'Water '!$J24 -> 40 | T28: =+'Water '!$J25 -> 58 | U28: =+'Water '!$J26 -> 97 | V28: =+'Water '!$J27 -> 236 | W28: =+'Water '!$J28 -> 142 | X28: =+'Water '!$J29 -> 259 | Y28: =+'Water '!$J30 -> 120 | Z28: =+'Water '!$J31 -> 1 | AA28: =+'Water '!$J32 -> 4 | AB28: =+'Water '!$J33 -> 83 | AC28: =+'Water '!$J34 -> 156 | AD28: =+'Water '!$J31 -> 1 | AE28: =+'Water '!$J32 -> 4 | AF28: =+'Water '!$J33 -> 83 | AG28: =SUM($B28:AF28) -> 3409
A29: Spent Grains/Wash-down Areas | B29: ='Water '!X7 -> 0 | C29: ='Water '!X8 -> 0 | D29: ='Water '!X9 -> 0 | E29: ='Water '!X10 -> 0 | F29: ='Water '!X11 -> 0 | G29: ='Water '!X12 -> 0 | H29: ='Water '!X13 -> 0 | I29: ='Water '!X14 -> 0 | J29: ='Water '!X15 -> 0 | K29: ='Water '!X16 -> 0 | L29: ='Water '!X17 -> 0 | M29: ='Water '!X18 -> 0 | N29: ='Water '!X19 -> 0 | O29: ='Water '!X20 -> 0 | P29: ='Water '!X21 -> 0 | Q29: ='Water '!X22 -> 0 | R29: ='Water '!X23 -> 0 | S29: ='Water '!X24 -> 0 | T29: ='Water '!X25 -> 0 | U29: ='Water '!X26 -> 0 | V29: ='Water '!X27 -> 0 | W29: ='Water '!X28 -> 0 | X29: ='Water '!X29 -> 0 | Y29: ='Water '!X30 -> 0 | Z29: ='Water '!X31 -> 0 | AA29: ='Water '!X32 -> 0 | AB29: ='Water '!X33 -> 0 | AC29: ='Water '!X34 -> 0 | AD29: ='Water '!AB31 -> 0 | AE29: ='Water '!AB32 -> 0 | AF29: ='Water '!AB33 -> 8.6072629 | AG29: =SUM($B29:AF29) -> 8.6072629
A30: Whirlpool
A31: Filtration/Cellars | B31: =+'Water '!$K7 -> 0 | C31: =+'Water '!$K8 -> 0 | D31: =+'Water '!$K9 -> 0 | E31: =+'Water '!$K10 -> 0 | F31: =+'Water '!$K11 -> 0 | G31: =+'Water '!$K12 -> 0 | H31: =+'Water '!$K13 -> 0 | I31: =+'Water '!$K14 -> 0 | J31: =+'Water '!$K15 -> 0 | K31: =+'Water '!$K16 -> 0 | L31: =+'Water '!$K17 -> 0 | M31: =+'Water '!$K18 -> 0 | N31: =+'Water '!$K19 -> 0 | O31: =+'Water '!$K19 -> 0 | P31: =+'Water '!$K19 -> 0 | Q31: =+'Water '!$K22 -> 0 | R31: =+'Water '!$K22 -> 0 | S31: =+'Water '!$K22 -> 0 | T31: =+'Water '!$K25 -> 0 | U31: =+'Water '!$K26 -> 0 | V31: =+'Water '!$K27 -> 0 | W31: =+'Water '!$K28 -> 0 | X31: =+'Water '!$K29 -> 0 | Y31: =+'Water '!$K30 -> 0 | Z31: =+'Water '!$K31 -> 0 | AA31: =+'Water '!$K32 -> 0 | AB31: =+'Water '!$K33 -> 0 | AC31: =+'Water '!$K34 -> 0 | AD31: =+'Water '!$K31 -> 0 | AE31: =+'Water '!$K32 -> 0 | AF31: =+'Water '!$K33 -> 0 | AG31: =SUM($B31:AF31) -> 0
A32: Processing/Cellars | B32: ='Water '!L7 -> 0 | C32: ='Water '!L8 -> 0 | D32: ='Water '!L9 -> 0 | E32: ='Water '!L10 -> 0 | F32: ='Water '!L11 -> 0 | G32: ='Water '!L12 -> 0 | H32: ='Water '!L13 -> 0 | I32: ='Water '!L14 -> 0 | J32: ='Water '!L15 -> 0 | K32: ='Water '!L16 -> 0 | L32: ='Water '!L17 -> 0 | M32: ='Water '!L18 -> 0 | N32: ='Water '!L19 -> 0 | O32: ='Water '!M19 -> 5 | P32: ='Water '!N19 -> 50 | Q32: ='Water '!L22 -> 0 | R32: ='Water '!M22 -> 1 | S32: ='Water '!N22 -> 46 | T32: ='Water '!L25 -> 0 | U32: ='Water '!L26 -> 0 | V32: ='Water '!L27 -> 0 | W32: ='Water '!L28 -> 0 | X32: ='Water '!L29 -> 0 | Y32: ='Water '!L30 -> 0 | Z32: ='Water '!L31 -> 0 | AA32: ='Water '!L32 -> 0 | AB32: ='Water '!L33 -> 0 | AC32: ='Water '!L34 -> 0 | AD32: ='Water '!P31 -> 0 | AE32: ='Water '!P32 -> 0 | AF32: ='Water '!P33 -> 25 | AG32: =SUM($B32:AF32) -> 127
A33: CIP Process | B33: =+'Water '!$N7 -> 42 | C33: =+'Water '!$N8 -> 50 | D33: =+'Water '!$N9 -> 19 | E33: =+'Water '!$N10 -> 0 | F33: =+'Water '!$N11 -> 1 | G33: =+'Water '!$N12 -> 65 | H33: =+'Water '!$N13 -> 16 | I33: =+'Water '!$N14 -> 35 | J33: =+'Water '!$N15 -> 52 | K33: =+'Water '!$N16 -> 30 | L33: =+'Water '!$N17 -> 0 | M33: =+'Water '!$N18 -> 10 | N33: =+'Water '!$N19 -> 50 | O33: =+'Water '!$N19 -> 50 | P33: =+'Water '!$N19 -> 50 | Q33: =+'Water '!$N22 -> 46 | R33: =+'Water '!$N22 -> 46 | S33: =+'Water '!$N22 -> 46 | T33: =+'Water '!$N25 -> 26 | U33: =+'Water '!$N26 -> 50 | V33: =+'Water '!$N27 -> 66 | W33: =+'Water '!$N28 -> 26 | X33: =+'Water '!$N29 -> 37 | Y33: =+'Water '!$N30 -> 49 | Z33: =+'Water '!$N31 -> 0 | AA33: =+'Water '!$N32 -> 8 | AB33: =+'Water '!$N33 -> 21 | AC33: =+'Water '!$N34 -> 37 | AD33: =+'Water '!$N31 -> 0 | AE33: =+'Water '!$N32 -> 8 | AF33: =+'Water '!$N33 -> 21 | AG33: =SUM($B33:AF33) -> 957 | AJ33: =34294/2.2 -> 15588.182
A34: Bottles Washer | B34: =+'Water '!$O7 -> 64 | C34: =+'Water '!$O8 -> 83 | D34: =+'Water '!$O9 -> 86 | E34: =+'Water '!$O10 -> 5 | F34: =+'Water '!$O11 -> 34 | G34: =+'Water '!$O12 -> 76 | H34: =+'Water '!$O13 -> 49 | I34: =+'Water '!$O14 -> 81 | J34: =+'Water '!$O15 -> 73 | K34: =+'Water '!$O16 -> 70 | L34: =+'Water '!$O17 -> 41 | M34: =+'Water '!$O18 -> 0 | N34: =+'Water '!$O19 -> 88 | O34: =+'Water '!$O19 -> 88 | P34: =+'Water '!$O19 -> 88 | Q34: =+'Water '!$O19 -> 88 | R34: =+'Water '!$O19 -> 88 | S34: =+'Water '!$O19 -> 88 | T34: =+'Water '!$O25 -> 0 | U34: =+'Water '!$O26 -> 91 | V34: =+'Water '!$O27 -> 101 | W34: =+'Water '!$O28 -> 56 | X34: =+'Water '!$O29 -> 64 | Y34: =+'Water '!$O30 -> 47 | Z34: =+'Water '!$O31 -> 31 | AA34: =+'Water '!$O32 -> 0 | AB34: =+'Water '!$O33 -> 120 | AC34: =+'Water '!$O34 -> 125 | AD34: =+'Water '!$O31 -> 31 | AE34: =+'Water '!$O32 -> 0 | AF34: =+'Water '!$O33 -> 120 | AG34: =SUM($B34:AF34) -> 1976
A35: Bottle Filler | B35: =IF('Entries July 2026'!AC7-'Entries July 2026'!AC6<1,0,'Entries July 2026'!AC7-'Entries July 2026'!AC6) -> 19 | C35: =IF('Entries July 2026'!AC8-'Entries July 2026'!AC7<1,0,'Entries July 2026'!AC8-'Entries July 2026'!AC7) -> 30 | D35: =IF('Entries July 2026'!AC9-'Entries July 2026'!AC8<1,0,'Entries July 2026'!AC9-'Entries July 2026'!AC8) -> 23 | E35: =IF('Entries July 2026'!AC10-'Entries July 2026'!AC9<1,0,'Entries July 2026'!AC10-'Entries July 2026'!AC9) -> 0 | F35: =IF('Entries July 2026'!AC11-'Entries July 2026'!AC10<1,0,'Entries July 2026'!AC11-'Entries July 2026'!AC10) -> 1 | G35: =IF('Entries July 2026'!AC12-'Entries July 2026'!AC11<1,0,'Entries July 2026'!AC12-'Entries July 2026'!AC11) -> 29 | H35: =IF('Entries July 2026'!AC13-'Entries July 2026'!AC12<1,0,'Entries July 2026'!AC13-'Entries July 2026'!AC12) -> 16 | I35: =IF('Entries July 2026'!AC14-'Entries July 2026'!AC13<1,0,'Entries July 2026'!AC14-'Entries July 2026'!AC13) -> 32 | J35: =IF('Entries July 2026'!AC15-'Entries July 2026'!AC14<1,0,'Entries July 2026'!AC15-'Entries July 2026'!AC14) -> 21 | K35: =IF('Entries July 2026'!AC16-'Entries July 2026'!AC15<1,0,'Entries July 2026'!AC16-'Entries July 2026'!AC15) -> 23 | L35: =IF('Entries July 2026'!AC17-'Entries July 2026'!AC16<1,0,'Entries July 2026'!AC17-'Entries July 2026'!AC16) -> 5 | M35: =IF('Entries July 2026'!AC18-'Entries July 2026'!AC17<1,0,'Entries July 2026'!AC18-'Entries July 2026'!AC17) -> 0 | N35: =IF('Entries July 2026'!AC19-'Entries July 2026'!AC18<1,0,'Entries July 2026'!AC19-'Entries July 2026'!AC18) -> 26 | O35: =IF('Entries July 2026'!AC20-'Entries July 2026'!AC19<1,0,'Entries July 2026'!AC20-'Entries July 2026'!AC19) -> 31 | P35: =IF('Entries July 2026'!AC21-'Entries July 2026'!AC20<1,0,'Entries July 2026'!AC21-'Entries July 2026'!AC20) -> 25 | Q35: =IF('Entries July 2026'!AC22-'Entries July 2026'!AC21<1,0,'Entries July 2026'!AC22-'Entries July 2026'!AC21) -> 27 | R35: =IF('Entries July 2026'!AC23-'Entries July 2026'!AC22<1,0,'Entries July 2026'!AC23-'Entries July 2026'!AC22) -> 9 | S35: =IF('Entries July 2026'!AC24-'Entries July 2026'!AC23<1,0,'Entries July 2026'!AC24-'Entries July 2026'!AC23) -> 30 | T35: =IF('Entries July 2026'!AC25-'Entries July 2026'!AC24<1,0,'Entries July 2026'!AC25-'Entries July 2026'!AC24) -> 0 | U35: =IF('Entries July 2026'!AC26-'Entries July 2026'!AC25<1,0,'Entries July 2026'!AC26-'Entries July 2026'!AC25) -> 1 | V35: =IF('Entries July 2026'!AC27-'Entries July 2026'!AC26<1,0,'Entries July 2026'!AC27-'Entries July 2026'!AC26) -> 23 | W35: =IF('Entries July 2026'!$AC28-'Entries July 2026'!$AC27<1,0,'Entries July 2026'!$AC28-'Entries July 2026'!$AC27) -> 9 | X35: =IF('Entries July 2026'!$AC29-'Entries July 2026'!$AC28<1,0,'Entries July 2026'!$AC29-'Entries July 2026'!$AC28) -> 19 | Y35: =IF('Entries July 2026'!$AC30-'Entries July 2026'!$AC29<1,0,'Entries July 2026'!$AC30-'Entries July 2026'!$AC29) -> 11 | Z35: =IF('Entries July 2026'!$AC31-'Entries July 2026'!$AC30<1,0,'Entries July 2026'!$AC31-'Entries July 2026'!$AC30) -> 0 | AA35: =IF('Entries July 2026'!$AC32-'Entries July 2026'!$AC31<1,0,'Entries July 2026'!$AC32-'Entries July 2026'!$AC31) -> 0 | AB35: =IF('Entries July 2026'!$AC33-'Entries July 2026'!$AC32<1,0,'Entries July 2026'!$AC33-'Entries July 2026'!$AC32) -> 25 | AC35: =IF('Entries July 2026'!$AC34-'Entries July 2026'!$AC33<1,0,'Entries July 2026'!$AC34-'Entries July 2026'!$AC33) -> 27 | AD35: =IF('Entries July 2026'!$AC31-'Entries July 2026'!$AC30<1,0,'Entries July 2026'!$AC31-'Entries July 2026'!$AC30) -> 0 | AE35: =IF('Entries July 2026'!$AC32-'Entries July 2026'!$AC31<1,0,'Entries July 2026'!$AC32-'Entries July 2026'!$AC31) -> 0 | AF35: =IF('Entries July 2026'!$AC33-'Entries July 2026'!$AC32<1,0,'Entries July 2026'!$AC33-'Entries July 2026'!$AC32) -> 25 | AG35: =SUM($B35:AF35) -> 487
A36: Pasteuriser | B36: =+'Water '!$M7 -> 3 | C36: =+'Water '!$M8 -> 7 | D36: =+'Water '!$M9 -> 2 | E36: =+'Water '!$M10 -> 36 | F36: =+'Water '!$M11 -> 3 | G36: =+'Water '!$M12 -> 6 | H36: =+'Water '!$M13 -> 7 | I36: =+'Water '!$M14 -> 5 | J36: =+'Water '!$M15 -> 0 | K36: =+'Water '!$M16 -> 2 | L36: =+'Water '!$M17 -> 0 | M36: =+'Water '!$M18 -> 0 | N36: =+'Water '!$M19 -> 5 | O36: =+'Water '!$M20 -> 3 | P36: =+'Water '!$M21 -> 3 | Q36: =+'Water '!$M22 -> 1 | R36: =+'Water '!$M23 -> 2 | S36: =+'Water '!$M24 -> 0 | T36: =+'Water '!$M25 -> 0 | U36: =+'Water '!$M26 -> 4 | V36: =+'Water '!$M27 -> 5 | W36: =+'Water '!$M28 -> 2 | X36: =+'Water '!$M29 -> 2 | Y36: =+'Water '!$M30 -> 3 | Z36: =+'Water '!$M31 -> 0 | AA36: =+'Water '!$M32 -> 0 | AB36: =+'Water '!$M33 -> 2 | AC36: =+'Water '!$M34 -> 1 | AD36: =+'Water '!$M31 -> 0 | AE36: =+'Water '!$M32 -> 0 | AF36: =+'Water '!$M33 -> 2 | AG36: =SUM($B36:AF36) -> 106
A37: Boiler Supply | B37: =+'Water '!$Q7 -> 15 | C37: =+'Water '!$Q8 -> 18 | D37: =+'Water '!$Q9 -> 17 | E37: =+'Water '!$Q10 -> 6 | F37: =+'Water '!$Q11 -> 14 | G37: =+'Water '!$Q12 -> 27 | H37: =+'Water '!$Q13 -> 29 | I37: =+'Water '!$Q14 -> 32 | J37: =+'Water '!$Q15 -> 28 | K37: =+'Water '!$Q16 -> 33 | L37: =+'Water '!$Q17 -> 13 | M37: =+'Water '!$Q18 -> 15 | N37: =+'Water '!$Q19 -> 17 | O37: =+'Water '!$Q19 -> 17 | P37: =+'Water '!$Q21 -> 21 | Q37: =+'Water '!$Q22 -> 19 | R37: =+'Water '!$Q22 -> 19 | S37: =+'Water '!$Q24 -> 7 | T37: =+'Water '!$Q25 -> 12 | U37: =+'Water '!$Q26 -> 22 | V37: =+'Water '!$Q27 -> 24 | W37: =+'Water '!$Q28 -> 1 | X37: =+'Water '!$Q29 -> 40 | Y37: =+'Water '!$Q30 -> 18 | Z37: =+'Water '!$Q31 -> 3 | AA37: =+'Water '!$Q32 -> 24 | AB37: =+'Water '!$Q33 -> 1 | AC37: =+'Water '!$Q34 -> 23 | AD37: =+'Water '!$Q31 -> 3 | AE37: =+'Water '!$Q32 -> 24 | AF37: =+'Water '!$Q33 -> 1 | AG37: =SUM($B37:AF37) -> 543
A38: Backwash Supply | AG38: =SUM($B38:AF38) -> 0
A39: Refrigeration Unit | B39: ='Water '!Y7 -> 0 | C39: ='Water '!Y8 -> 0 | D39: ='Water '!Y9 -> 0 | E39: ='Water '!Y10 -> 0 | F39: ='Water '!Y11 -> 0 | G39: ='Water '!Y12 -> 0 | H39: ='Water '!Y13 -> 0 | I39: ='Water '!Y14 -> 0 | J39: ='Water '!Y15 -> 0 | K39: ='Water '!Y16 -> 0 | L39: ='Water '!Y17 -> 0 | M39: ='Water '!Y18 -> 0 | N39: ='Water '!Y19 -> 0 | O39: ='Water '!Y20 -> 0 | P39: ='Water '!Y21 -> 0 | Q39: ='Water '!Y22 -> 0 | R39: ='Water '!Y23 -> 0 | S39: ='Water '!Y24 -> 0 | T39: ='Water '!Y25 -> 0 | U39: ='Water '!Y26 -> 0 | V39: ='Water '!Y27 -> 0 | W39: ='Water '!Y28 -> 0 | X39: ='Water '!Y29 -> 0 | Y39: ='Water '!Y30 -> 0 | Z39: ='Water '!Y31 -> 0 | AA39: ='Water '!Y32 -> 0 | AB39: ='Water '!Y33 -> 0 | AC39: ='Water '!Y34 -> 0 | AD39: ='Water '!AC31 -> 0 | AE39: ='Water '!AC32 -> 0 | AF39: ='Water '!AC33 -> 0 | AG39: =SUM($B39:AF39) -> 0
A40: CO2 Scrubber | B40: ='Water '!I7 -> 0 | C40: ='Water '!I8 -> 0 | D40: ='Water '!I9 -> 0 | E40: ='Water '!I10 -> 0 | F40: ='Water '!I11 -> 0 | G40: ='Water '!I12 -> 0 | H40: ='Water '!I13 -> 0 | I40: ='Water '!I14 -> 0 | J40: ='Water '!I15 -> 0 | K40: ='Water '!I16 -> 0 | L40: ='Water '!J16 -> 164 | M40: ='Water '!K16 -> 0 | N40: ='Water '!I19 -> 0 | O40: ='Water '!I20 -> 0 | P40: ='Water '!I21 -> 0 | Q40: ='Water '!I22 -> 0 | R40: ='Water '!I23 -> 0 | S40: ='Water '!I24 -> 0 | T40: ='Water '!I25 -> 0 | U40: ='Water '!I26 -> 0 | V40: ='Water '!I27 -> 0 | W40: ='Water '!I28 -> 0 | X40: ='Water '!I29 -> 0 | Y40: ='Water '!I30 -> 0 | Z40: ='Water '!I31 -> 0 | AA40: ='Water '!I32 -> 0 | AB40: ='Water '!I33 -> 0 | AC40: ='Water '!I34 -> 0 | AD40: ='Water '!M31 -> 0 | AE40: ='Water '!M32 -> 0 | AF40: ='Water '!M33 -> 2 | AG40: =SUM($B40:AF40) -> 166
A41: Personnel Consumption
A42: Total water consumption (M3) | B42: =SUM(B28:B41) -> 297 | C42: =SUM(C28:C41) -> 408 | D42: =SUM(D28:D41) -> 287 | E42: =SUM(E28:E41) -> 111 | F42: =SUM(F28:F41) -> 60 | G42: =SUM(G28:G41) -> 308 | H42: =SUM(H28:H41) -> 253 | I42: =SUM(I28:I41) -> 379 | ... AF42: =SUM(AF28:AF41) -> 287.60726 | AG42: =SUM($B42:AF42) -> 7779.6073
A45: CO2 (kg.) (Tank Gauges)
A47: CO2 (kg.) (Ex. Vap'r) | B47: =IF('Entries July 2026'!M7-'Entries July 2026'!M6<1,0,'Entries July 2026'!M7-'Entries July 2026'!M6) -> 2727.09 | C47: =IF('Entries July 2026'!M8-'Entries July 2026'!M7<1,0,'Entries July 2026'!M8-'Entries July 2026'!M7) -> 2440.99 | D47: =IF('Entries July 2026'!M9-'Entries July 2026'!M8<1,0,'Entries July 2026'!M9-'Entries July 2026'!M8) -> 1912.92 | E47: =IF('Entries July 2026'!M10-'Entries July 2026'!M9<1,0,'Entries July 2026'!M10-'Entries July 2026'!M9) -> 0 | F47: =IF('Entries July 2026'!M11-'Entries July 2026'!M10<1,0,'Entries July 2026'!M11-'Entries July 2026'!M10) -> 108 | G47: =IF('Entries July 2026'!#REF!-'Entries July 2026'!M11<1,0,'Entries July 2026'!#REF!-'Entries July 2026'!M11) -> #REF! | H47: =IF('Entries July 2026'!M13-'Entries July 2026'!#REF!<1,0,'Entries July 2026'!M13-'Entries July 2026'!#REF!) -> #REF! | I47: =IF('Entries July 2026'!M14-'Entries July 2026'!M13<1,0,'Entries July 2026'!M14-'Entries July 2026'!M13) -> 3199.69 | J47: =IF('Entries July 2026'!M15-'Entries July 2026'!M14<1,0,'Entries July 2026'!M15-'Entries July 2026'!M14) -> 1600.72 | K47: =IF('Entries July 2026'!M16-'Entries July 2026'!M15<1,0,'Entries July 2026'!M16-'Entries July 2026'!M15) -> 1828.68 | L47: =IF('Entries July 2026'!M17-'Entries July 2026'!M16<1,0,'Entries July 2026'!M17-'Entries July 2026'!M16) -> 142.08 | M47: =IF('Entries July 2026'!M18-'Entries July 2026'!M17<1,0,'Entries July 2026'!M18-'Entries July 2026'!M17) -> 0 | N47: =IF('Entries July 2026'!M19-'Entries July 2026'!M18<1,0,'Entries July 2026'!M19-'Entries July 2026'!M18) -> 1466.74 | O47: =IF('Entries July 2026'!M20-'Entries July 2026'!M19<1,0,'Entries July 2026'!M20-'Entries July 2026'!M19) -> 2219.4 | P47: =IF('Entries July 2026'!M21-'Entries July 2026'!M20<1,0,'Entries July 2026'!M21-'Entries July 2026'!M20) -> 1795.37 | Q47: =IF('Entries July 2026'!M22-'Entries July 2026'!M21<1,0,'Entries July 2026'!M22-'Entries July 2026'!M21) -> 2240.51 | R47: =IF('Entries July 2026'!M23-'Entries July 2026'!M22<1,0,'Entries July 2026'!M23-'Entries July 2026'!M22) -> 1076.5 | S47: =IF('Entries July 2026'!N23-'Entries July 2026'!N22<1,0,'Entries July 2026'!N23-'Entries July 2026'!N22) -> 41.46 | T47: =IF('Entries July 2026'!O23-'Entries July 2026'!O22<1,0,'Entries July 2026'!O23-'Entries July 2026'!O22) -> 74 | U47: =IF('Entries July 2026'!P23-'Entries July 2026'!P22<1,0,'Entries July 2026'!P23-'Entries July 2026'!P22) -> 262 | V47: =IF('Entries July 2026'!O24-'Entries July 2026'!O23<1,0,'Entries July 2026'!O24-'Entries July 2026'!O23) -> 30 | W47: =IF('Entries July 2026'!P24-'Entries July 2026'!P23<1,0,'Entries July 2026'!P24-'Entries July 2026'!P23) -> 107 | X47: =IF('Entries July 2026'!Q24-'Entries July 2026'!Q23<1,0,'Entries July 2026'!Q24-'Entries July 2026'!Q23) -> 71 | Y47: =IF('Entries July 2026'!R24-'Entries July 2026'!R23<1,0,'Entries July 2026'!R24-'Entries July 2026'!R23) -> 0 | Z47: =IF('Entries July 2026'!S24-'Entries July 2026'!S23<1,0,'Entries July 2026'!S24-'Entries July 2026'!S23) -> 40 | AA47: =IF('Entries July 2026'!T24-'Entries July 2026'!T23<1,0,'Entries July 2026'!T24-'Entries July 2026'!T23) -> 0 | AB47: =IF('Entries July 2026'!U24-'Entries July 2026'!U23<1,0,'Entries July 2026'!U24-'Entries July 2026'!U23) -> 0 | AC47: =IF('Entries July 2026'!V24-'Entries July 2026'!V23<1,0,'Entries July 2026'!V24-'Entries July 2026'!V23) -> 112 | ... AF47: =IF('Entries July 2026'!Y24-'Entries July 2026'!Y23<1,0,'Entries July 2026'!Y24-'Entries July 2026'!Y23) -> 28 | AG47: =SUM($B47:AF47) -> #REF!
A49: CO2 (kg.) (Filler) | B49: ='Daily KPIs'!B76 -> 293.59 | C49: ='Daily KPIs'!C76 -> 446.59 | D49: ='Daily KPIs'!D76 -> 210.05 | E49: ='Daily KPIs'!E76 -> 0 | F49: ='Daily KPIs'!F76 -> 16.3 | G49: ='Daily KPIs'!G76 -> 211.7 | H49: ='Daily KPIs'!H76 -> 117.67 | I49: ='Daily KPIs'!I76 -> 280.24 | ... AF49: ='Daily KPIs'!AF76 -> 219.76 | AG49: =SUM($B49:AF49) -> 5102.96
A52: Electricity (Kwh.) | B52: ='Elec.July 2026'!$B$7 -> 6440 | C52: ='Elec.July 2026'!$B$8 -> 8601 | D52: ='Elec.July 2026'!$B$9 -> 8712 | E52: ='Elec.July 2026'!$B$10 -> 3652 | F52: ='Elec.July 2026'!$B$11 -> 5363 | G52: ='Elec.July 2026'!$B$12 -> 7179 | H52: ='Elec.July 2026'!$B$13 -> 8166 | I52: ='Elec.July 2026'!$B$14 -> 10084 | J52: ='Elec.July 2026'!$B$15 -> 6592 | K52: ='Elec.July 2026'!$B$16 -> 7603 | L52: ='Elec.July 2026'!$B$17 -> 3837 | M52: ='Elec.July 2026'!$B$18 -> 4845 | N52: ='Elec.July 2026'!$B$19 -> 8262 | O52: ='Elec.July 2026'!$B$20 -> 8508 | P52: ='Elec.July 2026'!$B$21 -> 8647 | Q52: ='Elec.July 2026'!$B$22 -> 7504 | R52: ='Elec.July 2026'!$B$23 -> 7017 | S52: ='Elec.July 2026'!$B$24 -> 3504 | T52: ='Elec.July 2026'!$B$24 -> 3504 | U52: ='Elec.July 2026'!$B$24 -> 3504 | V52: ='Elec.July 2026'!$B$24 -> 3504 | W52: ='Elec.July 2026'!$B$24 -> 3504 | X52: ='Elec.July 2026'!$B$24 -> 3504 | Y52: ='Elec.July 2026'!$B$24 -> 3504 | Z52: ='Elec.July 2026'!$B$24 -> 3504 | ... AF52: ='Elec.July 2026'!$B$24 -> 3504 | AG52: =SUM(B52:AC52) -> 159556
A54: Fuel (L) | B54: =+'Fuel '!$K7 -> 2840 | C54: =+'Fuel '!$K8 -> 3450 | D54: =+'Fuel '!$K9 -> 2990 | E54: =+'Fuel '!$K10 -> 940 | F54: =+'Fuel '!$K11 -> 1480 | G54: =+'Fuel '!$K12 -> 2410 | H54: =+'Fuel '!$K13 -> 2810 | I54: =+'Fuel '!$K14 -> 3510 | J54: =+'Fuel '!$K15 -> 2510 | K54: =+'Fuel '!$K16 -> 2950 | L54: =+'Fuel '!$K17 -> 2000 | M54: =+'Fuel '!$K18 -> 2480 | N54: =+'Fuel '!$K19 -> 2280 | O54: =+'Fuel '!$K20 -> 3620 | P54: =+'Fuel '!$K21 -> 2990 | Q54: =+'Fuel '!$K22 -> 2910 | R54: =+'Fuel '!$K23 -> 2830 | S54: =+'Fuel '!$K24 -> 840 | T54: =+'Fuel '!$K24 -> 840 | U54: =+'Fuel '!$K24 -> 840 | V54: =+'Fuel '!$K24 -> 840 | W54: =+'Fuel '!$K24 -> 840 | X54: =+'Fuel '!$K24 -> 840 | Y54: =+'Fuel '!$K24 -> 840 | Z54: =+'Fuel '!$K24 -> 840 | ... AF54: =+'Fuel '!$K24 -> 840 | AG54: =SUM($B54:AF54) -> 56760
A57: Water (m3)
A58: Area | B58: 1 | C58: 2 | D58: 3 | E58: 4 | F58: 5 | G58: 6 | H58: 7 | I58: 8 | J58: 9 | K58: 10 | L58: 11 | M58: 12 | N58: 13 | O58: 14 | P58: 15 | Q58: 16 | R58: 17 | S58: 18 | T58: 19 | U58: 20 | V58: 21 | W58: 22 | X58: 9 | Y58: 24 | Z58: 25 | AA58: 26 | AB58: 27 | AC58: 28 | AD58: 29 | AE58: 30 | AF58: 31 | AG58: MTD | AH58: Target | AI58: Diff
A59: Total water consumption | B59: =IF(B$9=0,"",+(B18*10)/B$9) -> 9.3882744 | C59: =IF(C$9=0,"",+(C18*10)/C$9) -> 9.5000004 | D59: =IF(D$9=0,"",+(D18*10)/D$9) -> 3.0481857 | E59: =IF(E$9=0,"",+(E18*10)/E$9) | F59: =IF(F$9=0,"",+(F18*10)/F$9) | G59: =IF(G$9=0,"",+(G18*10)/G$9) -> 7.6195762 | H59: =IF(H$9=0,"",+(H18*10)/H$9) -> 18.629693 | I59: =IF(I$9=0,"",+(I18*10)/I$9) -> 3.1322333 | ... AG59: =IF(AG$9=0,"",+(AG18*10)/AG$9) -> 11.35453 | AH59: ='Daily KPIs'!AI90 -> 10.2 | AI59: =+AH59-AG59 -> -1.1545303
A61: Consumption detail | AG61: MTD | AH61: Target | AI61: Diff
