Workbook
Name ProductList: [1]November15!$R$3:$R$9
Name ProductList: [2]November15!$R$3:$R$9

Sheet Dec 18th
T1: P.G. | V1: Hot Time | X1: Process Time | Z1: Cooling Time
B2: Brewing Department Daily Process Loss Report | T2: Lower | U2: Upper | V2: Lower | W2: Upper | X2: Lower | Y2: Upper | Z2: Lower | AA2: Upper
S3: CARIB | T3: 11.6 | U3: 12 | V3: 0 | W3: 0.11805556 | X3: 0.17361111 | Y3: 0.21180556 | Z3: 0 | AA3: 60 | AC3: HR- PISNER
B4: Date: | C4: 45278 | J4: LOT WORT COLOUR: 3.4 | M4: Filter Sheets (Target 20 days) | S4: STAG | T4: 11.6 | U4: 12 | V4: 0 | W4: 0.11805556 | X4: 0.17361111 | Y4: 0.21180556 | Z4: 0 | AA4: 60
M5: Double | N5: Single | S5: GUINNESS | T5: 17 | U5: 17.5 | V5: 0 | W5: 0.10763889 | X5: 0.19444444 | Y5: 0.23263889 | Z5: 0 | AA5: 60
J6: MALT LOT: Lot 8 | L6: Sheet Day | S6: MACKESON | T6: 13.3 | U6: 13.5 | V6: 0 | W6: 0.12905093 | X6: 0.22222222 | Y6: 0.25347222 | Z6: 0
S7: STARMALT | T7: 17.1 | U7: 17.5 | V7: 0 | W7: 0.13605324 | X7: 0.20833333 | Y7: 0.24305556 | Z7: 0 | AA7: 60
B8: Brand | C8: Brew no. | D8: Kett. Hls | E8: Wort | F8: Cool Time(Mins) | G8: Cast. P.G. (Lab Result) | H8: Cast P.G. (Cellar Operator)-gravity | I8: Extr. Rec (79.1%) | J8: Theor. Extr. (77.5%) | K8: Boil Off /Vol. (4-6%) | L8: Boil Time | M8: Total Hot | N8: Brewing | P8: Comments | Q8: Actual Pilsen Malt | S8: Hurricane Reef | T8: 16.6 | U8: 17 | V8: 0 | W8: 0.12905093 | X8: 0.22222222 | Y8: 0.25347222 | Z8: 0
E9: Meter (Hls) | F9: Target(< 60Mins) | M9: Time | S9: VITAMALT | T9: 14.4 | U9: 14.6 | V9: 0 | W9: 0.13905093 | X9: 0.19097222 | Y9: 0.22569444 | Z9: 0 | AA9: 75
S10: =B10 -> 0 | T10: =VLOOKUP($B10,$S$3:$Y$9,2,FALSE) -> #N/A | U10: =VLOOKUP($B10,$S$3:$Y$9,3,FALSE) -> #N/A | V10: =VLOOKUP($B10,$S$3:$Y$9,4,FALSE) -> #N/A | W10: =VLOOKUP($B10,$S$3:$Y$9,5,FALSE) -> #N/A | X10: =VLOOKUP($B10,$S$3:$Y$9,6,FALSE) -> #N/A | Y10: =VLOOKUP($B10,$S$3:$Y$9,7,FALSE) -> #N/A | Z10: =VLOOKUP($B10,$S$3:$AA$9,8,FALSE) -> #N/A | AA10: =VLOOKUP($B10,$S$3:$AA$9,9,FALSE) -> #N/A
S11: =B11 -> 0 | T11: =VLOOKUP($B11,$S$3:$Y$9,2,FALSE) -> #N/A | U11: =VLOOKUP($B11,$S$3:$Y$9,3,FALSE) -> #N/A | V11: =VLOOKUP($B11,$S$3:$Y$9,4,FALSE) -> #N/A | W11: =VLOOKUP($B11,$S$3:$Y$9,5,FALSE) -> #N/A | X11: =VLOOKUP($B11,$S$3:$Y$9,6,FALSE) -> #N/A | Y11: =VLOOKUP($B11,$S$3:$Y$9,7,FALSE) -> #N/A | Z11: =VLOOKUP($B11,$S$3:$AA$9,8,FALSE) -> #N/A | AA11: =VLOOKUP($B11,$S$3:$AA$9,9,FALSE) -> #N/A
S12: =B12 -> 0 | T12: =VLOOKUP($B12,$S$3:$Y$9,2,FALSE) -> #N/A | U12: =VLOOKUP($B12,$S$3:$Y$9,3,FALSE) -> #N/A | V12: =VLOOKUP($B12,$S$3:$Y$9,4,FALSE) -> #N/A | W12: =VLOOKUP($B12,$S$3:$Y$9,5,FALSE) -> #N/A | X12: =VLOOKUP($B12,$S$3:$Y$9,6,FALSE) -> #N/A | Y12: =VLOOKUP($B12,$S$3:$Y$9,7,FALSE) -> #N/A | Z12: =VLOOKUP($B12,$S$3:$AA$9,8,FALSE) -> #N/A | AA12: =VLOOKUP($B12,$S$3:$AA$9,9,FALSE) -> #N/A
S13: =B13 -> 0 | T13: =VLOOKUP($B13,$S$3:$Y$9,2,FALSE) -> #N/A | U13: =VLOOKUP($B13,$S$3:$Y$9,3,FALSE) -> #N/A | V13: =VLOOKUP($B13,$S$3:$Y$9,4,FALSE) -> #N/A | W13: =VLOOKUP($B13,$S$3:$Y$9,5,FALSE) -> #N/A | X13: =VLOOKUP($B13,$S$3:$Y$9,6,FALSE) -> #N/A | Y13: =VLOOKUP($B13,$S$3:$Y$9,7,FALSE) -> #N/A | Z13: =VLOOKUP($B13,$S$3:$AA$9,8,FALSE) -> #N/A | AA13: =VLOOKUP($B13,$S$3:$AA$9,9,FALSE) -> #N/A
S14: =B14 -> 0 | T14: =VLOOKUP($B14,$S$3:$Y$9,2,FALSE) -> #N/A | U14: =VLOOKUP($B14,$S$3:$Y$9,3,FALSE) -> #N/A | V14: =VLOOKUP($B14,$S$3:$Y$9,4,FALSE) -> #N/A | W14: =VLOOKUP($B14,$S$3:$Y$9,5,FALSE) -> #N/A | X14: =VLOOKUP($B14,$S$3:$Y$9,6,FALSE) -> #N/A | Y14: =VLOOKUP($B14,$S$3:$Y$9,7,FALSE) -> #N/A | Z14: =VLOOKUP($B14,$S$3:$AA$9,8,FALSE) -> #N/A | AA14: =VLOOKUP($B14,$S$3:$AA$9,9,FALSE) -> #N/A
S15: =B15 -> 0 | T15: =VLOOKUP($B15,$S$3:$Y$9,2,FALSE) -> #N/A | U15: =VLOOKUP($B15,$S$3:$Y$9,3,FALSE) -> #N/A | V15: =VLOOKUP($B15,$S$3:$Y$9,4,FALSE) -> #N/A | W15: =VLOOKUP($B15,$S$3:$Y$9,5,FALSE) -> #N/A | X15: =VLOOKUP($B15,$S$3:$Y$9,6,FALSE) -> #N/A | Y15: =VLOOKUP($B15,$S$3:$Y$9,7,FALSE) -> #N/A | Z15: =VLOOKUP($B15,$S$3:$AA$9,8,FALSE) -> #N/A | AA15: =VLOOKUP($B15,$S$3:$AA$9,9,FALSE) -> #N/A
S16: =B16 -> 0 | T16: =VLOOKUP($B16,$S$3:$Y$9,2,FALSE) -> #N/A | U16: =VLOOKUP($B16,$S$3:$Y$9,3,FALSE) -> #N/A | V16: =VLOOKUP($B16,$S$3:$Y$9,4,FALSE) -> #N/A | W16: =VLOOKUP($B16,$S$3:$Y$9,5,FALSE) -> #N/A | X16: =VLOOKUP($B16,$S$3:$Y$9,6,FALSE) -> #N/A | Y16: =VLOOKUP($B16,$S$3:$Y$9,7,FALSE) -> #N/A | Z16: =VLOOKUP($B16,$S$3:$AA$9,8,FALSE) -> #N/A | AA16: =VLOOKUP($B16,$S$3:$AA$9,9,FALSE) -> #N/A
S17: =B17 -> 0 | T17: =VLOOKUP($B17,$S$3:$Y$9,2,FALSE) -> #N/A | U17: =VLOOKUP($B17,$S$3:$Y$9,3,FALSE) -> #N/A | V17: =VLOOKUP($B17,$S$3:$Y$9,4,FALSE) -> #N/A | W17: =VLOOKUP($B17,$S$3:$Y$9,5,FALSE) -> #N/A | X17: =VLOOKUP($B17,$S$3:$Y$9,6,FALSE) -> #N/A | Y17: =VLOOKUP($B17,$S$3:$Y$9,7,FALSE) -> #N/A | Z17: =VLOOKUP($B17,$S$3:$AA$9,8,FALSE) -> #N/A | AA17: =VLOOKUP($B17,$S$3:$AA$9,9,FALSE) -> #N/A
S18: =B18 -> 0 | T18: =VLOOKUP($B18,$S$3:$Y$9,2,FALSE) -> #N/A | U18: =VLOOKUP($B18,$S$3:$Y$9,3,FALSE) -> #N/A | V18: =VLOOKUP($B18,$S$3:$Y$9,4,FALSE) -> #N/A | W18: =VLOOKUP($B18,$S$3:$Y$9,5,FALSE) -> #N/A | X18: =VLOOKUP($B18,$S$3:$Y$9,6,FALSE) -> #N/A | Y18: =VLOOKUP($B18,$S$3:$Y$9,7,FALSE) -> #N/A | Z18: =VLOOKUP($B18,$S$3:$AA$9,8,FALSE) -> #N/A | AA18: =VLOOKUP($B18,$S$3:$AA$9,9,FALSE) -> #N/A
S19: =B19 -> 0 | T19: =VLOOKUP($B19,$S$3:$Y$9,2,FALSE) -> #N/A | U19: =VLOOKUP($B19,$S$3:$Y$9,3,FALSE) -> #N/A | V19: =VLOOKUP($B19,$S$3:$Y$9,4,FALSE) -> #N/A | W19: =VLOOKUP($B19,$S$3:$Y$9,5,FALSE) -> #N/A | X19: =VLOOKUP($B19,$S$3:$Y$9,6,FALSE) -> #N/A | Y19: =VLOOKUP($B19,$S$3:$Y$9,7,FALSE) -> #N/A | Z19: =VLOOKUP($B19,$S$3:$AA$9,8,FALSE) -> #N/A | AA19: =VLOOKUP($B19,$S$3:$AA$9,9,FALSE) -> #N/A
S20: =B20 -> 0 | T20: =VLOOKUP($B20,$S$3:$Y$9,2,FALSE) -> #N/A | U20: =VLOOKUP($B20,$S$3:$Y$9,3,FALSE) -> #N/A | V20: =VLOOKUP($B20,$S$3:$Y$9,4,FALSE) -> #N/A | W20: =VLOOKUP($B20,$S$3:$Y$9,5,FALSE) -> #N/A | X20: =VLOOKUP($B20,$S$3:$Y$9,6,FALSE) -> #N/A | Y20: =VLOOKUP($B20,$S$3:$Y$9,7,FALSE) -> #N/A | Z20: =VLOOKUP($B20,$S$3:$AA$9,8,FALSE) -> #N/A | AA20: =VLOOKUP($B20,$S$3:$AA$9,9,FALSE) -> #N/A
S21: =B21 -> 0 | T21: =VLOOKUP($B21,$S$3:$Y$9,2,FALSE) -> #N/A | U21: =VLOOKUP($B21,$S$3:$Y$9,3,FALSE) -> #N/A | V21: =VLOOKUP($B21,$S$3:$Y$9,4,FALSE) -> #N/A | W21: =VLOOKUP($B21,$S$3:$Y$9,5,FALSE) -> #N/A | X21: =VLOOKUP($B21,$S$3:$Y$9,6,FALSE) -> #N/A | Y21: =VLOOKUP($B21,$S$3:$Y$9,7,FALSE) -> #N/A | Z21: =VLOOKUP($B21,$S$3:$AA$9,8,FALSE) -> #N/A | AA21: =VLOOKUP($B21,$S$3:$AA$9,9,FALSE) -> #N/A
... S47: =B47 -> 0 | T47: =VLOOKUP($B47,$S$3:$Y$9,2,FALSE) -> #N/A | U47: =VLOOKUP($B47,$S$3:$Y$9,3,FALSE) -> #N/A | V47: =VLOOKUP($B47,$S$3:$Y$9,4,FALSE) -> #N/A | W47: =VLOOKUP($B47,$S$3:$Y$9,5,FALSE) -> #N/A | X47: =VLOOKUP($B47,$S$3:$Y$9,6,FALSE) -> #N/A | Y47: =VLOOKUP($B47,$S$3:$Y$9,7,FALSE) -> #N/A | Z47: =VLOOKUP($B47,$S$3:$AA$9,8,FALSE) -> #N/A | AA47: =VLOOKUP($B47,$S$3:$AA$9,9,FALSE) -> #N/A
I48: EXTRACT RECOVERY
B49: BRAND | D49: BBT P.G./ O.G | I49: Brand | J49: Actual | K49: MTD No. of Brews | L49: MTD | M49: YTD | N49: Target
B50: STAG | C50: 11.8 | D50: 11.73 | I50: CARIB | K50: =COUNTA([3]Brewhouse!$A$1596:$A$1619) -> 24 | L50: =AVERAGE([3]Brewhouse!$AU$1529,[3]Brewhouse!$AU$1531:$AU$1594,[3]Brewhouse!$AU$1596:$AU$1619) -> 98.205761 | M50: =AVERAGE([3]Brewhouse!$AU$849:$AU$924,[3]Brewhouse!$AU$926:$AU$971,[3]Brewhouse!$AU$973:$AU$1066,[3]Brewhouse!$AU$1068:$AU$1111,[3]Brewhouse!$AU$1113:$AU$1132,[3]Brewhouse!$AU$1134:$AU$1167,[3]Brewhouse!$AU$1169:$AU$1230,[3]Brewhouse!$AU$1232:$AU$1299,[3]Brewhouse!$AU$1301:$AU$1363,[3]Brewhouse!$AU$1365:$AU$1444,[3]Brewhouse!$AU$1446:$AU$1527,[3]Brewhouse!$AU$1529,[3]Brewhouse!$AU$1531:$AU$1594,[3]Brewhouse!$AU$1596:$AU$1619) -> 98.381806 | N50: 98
C51: 11.9 | I51: STAG | K51: =COUNTA([4]Brewhouse!$A$976:$A$1007) -> 32 | L51: =AVERAGE([4]Brewhouse!$AS$976:$AS$979,[4]Brewhouse!$AS$981:$AS$1007) -> 98.538567 | M51: =AVERAGE([4]Brewhouse!$AS$577:$AS$618,[4]Brewhouse!$AS$620:$AS$651,[4]Brewhouse!$AS$653:$AS$696,[4]Brewhouse!$AS$698:$AS$708,[4]Brewhouse!$AS$710:$AS$733,[4]Brewhouse!$AS$735:$AS$777,[4]Brewhouse!$AS$779:$AS$822,[4]Brewhouse!$AS$824:$AS$863,[4]Brewhouse!$AS$865:$AS$974,[4]Brewhouse!$AS$976:$AS$979,[4]Brewhouse!$AS$981:$AS$1007) -> 98.489671 | N51: 98
I52: GUINNESS | K52: =COUNTA([5]Brewhouse!$A$282:$A$289) -> 8 | L52: =AVERAGE([5]Brewhouse!$AU$269:$AU$279,[5]Brewhouse!$AU$282:$AU$289) -> 96.186177 | M52: =AVERAGE([5]Brewhouse!$AU$161:$AU$176,[5]Brewhouse!$AU$178:$AU$195,[5]Brewhouse!$AU$197:$AU$208,[5]Brewhouse!$AU$210:$AU$221,[5]Brewhouse!$AU$223:$AU$232,[5]Brewhouse!$AU$234:$AU$279,[5]Brewhouse!$AU$282:$AU$289) -> 96.64916 | N52: 98
I53: VITAMALT | K53: =COUNTA([6]Brewhouse!$A$158:$A$163) -> 6 | L53: =AVERAGE([6]Brewhouse!$AU$158:$AU$163) -> 94.60305 | M53: =AVERAGE([6]Brewhouse!$AU$91:$AU$101,[6]Brewhouse!$AU$103:$AU$112,[6]Brewhouse!$AU$114:$AU$123,[6]Brewhouse!$AU$125:$AU$134,[6]Brewhouse!$AU$136:$AU$145,[6]Brewhouse!$AU$147:$AU$156,[6]Brewhouse!$AU$158:$AU$163) -> 96.240014 | N53: 98
I54: MAXIMALT | N54: 98
I55: MACKESON | M55: =AVERAGE([7]Brewhouse!$AT$74:$AT$79) -> 93.959836 | N55: 98
I56: STARMALT | K56: =COUNTA([8]Brewhouse!$A$249:$A$254) -> 6 | L56: =AVERAGE([8]Brewhouse!$AY$249:$AY$254) -> 99.681996 | M56: =AVERAGE([8]Brewhouse!$AY$138:$AY$143,[8]Brewhouse!$AY$145:$AY$153,[8]Brewhouse!$AY$155,[8]Brewhouse!$AY$156:$AY$174,[8]Brewhouse!$AY$176:$AY$185,[8]Brewhouse!$AY$187:$AY$198,[8]Brewhouse!$AY$200:$AY$247,[8]Brewhouse!$AY$249:$AY$254) -> 98.774703 | N56: 98
I57: HR- P | M57: =AVERAGE([9]Brewhouse!$AW$13:$AW$14,[9]Brewhouse!$AW$16:$AW$17) -> 92.042628 | N57: 98
I58: Hurricane Reef | M58: =AVERAGE([9]Brewhouse!$AW$13:$AW$14) -> 88.376943 | N58: 98
K59: =SUM(K50:K58) -> 76 | L59: =((L50*K50)+(L51*K51)+(L52*K52)+(L53*K53)+(L54*K54)+(K57*L57)+(L55*K55)+(L56*K56)+(L58*K58))/(K59) -> 97.965422 | M59: =AVERAGE('[10]Closing- January 2023'!$L$42,'[11]Feb. 28th'!$L$42,'[12]March 31st'!$L$75,'[13]Apri 28th'!$L$51,L59) -> 98.06926 | N59: 98
J62: Daily Brewing Plan
J63: Brand | K63: Brews Achieved | L63: Average Brews per day
J64: CARIB | L64: MTD | M64: YTD | N64: TARGET
J65: STAG | K65: 5 | L65: =AVERAGE(#REF!,#REF!,K74,#REF!,#REF!,#REF!,#REF!,#REF!,#REF!,#REF!,#REF!) -> #REF! | M65: =AVERAGE(6,6,'[12]March 31st'!$L$80,'[14]June 30th '!$L$71,6,L65,'[15]July 31st'!$L$108,'[16]Aug 30th'!$L$124,7,[17]Oct.31st!$L$51) -> #REF! | N65: 9
J66: GUINN
J67: VITAMALT
J68: STARMALT
J69: MACKESON
J70: HURRICANE REEF- IPA
J71: HURRICANE REEF- APA
B72: AVERAGE | D72: =AVERAGE(D50:E71) -> 11.73 | J72: HR- PILSNER
J73: CARIBE
J74: Total | K74: =SUM(K64:K73) -> 5
B75: Process: | C75: Fermentation/Filtration
B77: Brand | C77: Filt. Date | D77: FV Hls | E77: GFE/ Prim/ Vita Blend (Hls) | F77: SV Hls | G77: BBT Hls | H77: Loss (%) Ferm | I77: Loss (%) Filt | J77: Comments | K77: Throughput | L77: Process Loss (%) | M77: Filt. Operator
U78: 43466 | V78: 43467 | W78: 43468 | X78: 43469 | Y78: 43470 | Z78: 43471 | AA78: 43472 | AB78: 43473 | AC78: 43474 | AD78: 43475 | AE78: 43476 | AF78: 43477 | AG78: 43478 | AH78: 43479 | AI78: 43480 | AJ78: 43481 | AK78: 43482 | AL78: 43483 | AM78: 43484 | AN78: 43485 | AO78: 43486 | AP78: 43487 | AQ78: 43488 | AR78: 43489 | AS78: 43490 | AT78: 43491 | AU78: 43492 | AV78: 43493 | AW78: 43494 | AX78: 43495 | AY78: 43496
B79: STAG | C79: 45278 | D79: =[18]December_2023!$U$13 -> 150.4 | G79: =[18]December_2023!$U$17 -> 120.8 | J79: NO BREAK | K79: =[19]December_2023!$U$25 -> 0.42385965 | L79: =(((D79+E79)-G79)/(D79+E79))*100 -> 19.680851 | M79: K.Hosten | T79: hls
T80: Throughput | U80: =[20]January_2019!D8 -> #DIV/0! | V80: =[20]January_2019!E8 -> 1.0319298 | W80: =[20]January_2019!F8 -> 1.7789474 | X80: =[20]January_2019!G8 -> 0.51929825 | Y80: =[20]January_2019!H8 -> #DIV/0! | Z80: =[20]January_2019!I8 -> #DIV/0! | AA80: =[20]January_2019!J8 -> 1.3652632 | AB80: =[20]January_2019!K8 -> #DIV/0! | ... AY80: =[20]January_2019!AH8 -> #DIV/0!
B87: Process Loss (Volume) | G87: Process Loss (Extract) | K87: Throughput
B88: Brand | C88: Actual | D88: MTD | E88: YTD | F88: Target | G88: Actual | H88: MTD | I88: YTD | J88: Target | K88: Actual | L88: MTD | M88: YTD | N88: Target
B89: CARIB | D89: 5.181332 | E89: 6.6038503 | F89: 4.8 | H89: 5.2502762 | I89: 6.9665258 | J89: 4.8 | L89: 0.70807018 | M89: 0.77999467 | N89: 1
B90: STAG | C90: =AVERAGE(L79,L81) -> 19.680851 | D90: 6.5498915 | E90: 6.1662321 | F90: 4.8 | G90: =[18]December_2023!$U$21 -> 19.680851 | H90: 6.3458282 | I90: 5.9138834 | J90: 4.8 | K90: =AVERAGE(K79,K81) -> 0.42385965 | L90: 0.66137427 | M90: 0.71942944 | N90: 1
B91: GUINN | D91: 8.4423676 | E91: 8.9890455 | F91: 5.5 | H91: 5.9624998 | I91: 8.6652309 | J91: 5.5 | L91: 0.51561404 | M91: 0.65035608 | N91: 1
B92: VITAMALT | D92: 3.597848 | E92: 2.9936807 | F92: 3.3 | H92: 6.098202 | I92: 3.3134543 | J92: 3.3 | L92: 0.50298246 | M92: 1.0625518 | N92: 1
B93: MAXIMALT | F93: 3.3 | J93: 3 | N93: 1
B94: MACKESON | E94: 6.4174306 | F94: =[21]May_2022!$M$43 -> 3.4878407 | I94: 7.0730655 | J94: 5.5 | M94: 1.0342105 | N94: 1
B95: STARMALT | D95: 2.7692803 | E95: 3.0589058 | F95: 3.3 | H95: 4.2179953 | I95: 4.9470953 | J95: 3.3 | L95: 1.0594737 | M95: 1.0223839 | N95: 1
B96: HURRICANE REEF | E96: 11.178248 | F96: 7.5 | I96: 14.59851 | J96: 7.5 | M96: 0.30947368 | N96: 1
D97: 5.3927001 | E97: 6.2517133 | F97: 4.5 | H97: 5.4965257 | I97: 6.527958 | J97: 4.5 | L97: 0.69682018 | M97: 0.78265038 | N97: 1
AD110: :

Sheet July 1st
S1: P.G. | U1: Hot Time | W1: Process Time | Y1: Cooling Time
B2: Brewing Department Daily Process Loss Report | S2: Lower | T2: Upper | U2: Lower | V2: Upper | W2: Lower | X2: Upper | Y2: Lower | Z2: Upper
R3: CARIB | S3: 11.6 | T3: 12 | U3: 0 | V3: 0.11805556 | W3: 0.22569444 | X3: 0.26388889 | Y3: 0 | Z3: 60 | AB3: HR- PISNER
B4: Date: | C4: 45840 | J4: LOT WORT COLOUR: 3.3 | M4: Filter Sheets (Target 20 days) | R4: STAG | S4: 11.6 | T4: 12 | U4: 0 | V4: 0.11805556 | W4: 0.22569444 | X4: 0.26388889 | Y4: 0 | Z4: 60
M5: Double | N5: Single | R5: GUINNESS | S5: 17 | T5: 17.5 | U5: 0 | V5: 0.10763889 | W5: 0.24652778 | X5: 0.28472222 | Y5: 0 | Z5: 60
J6: MALT LOT: Lot #40 | L6: Sheet Day | M6: 10 | N6: 10 | R6: MACKESON | S6: 13.3 | T6: 13.5 | U6: 0 | V6: 0.12905093 | W6: 0.27430556 | X6: 0.30208333 | Y6: 0
R7: STARMALT | S7: 17.1 | T7: 17.5 | U7: 0 | V7: 0.13605324 | W7: 0.27430556 | X7: 0.30902778 | Y7: 0 | Z7: 85
B8: Brand | C8: Brew no. | D8: Kett. Hls | E8: Wort | F8: Cool Time(Mins) | G8: Cast. P.G. (Lab Result) | H8: Cast P.G. (Cellar Operator)-gravity | I8: Extr. Rec (79.4%) | J8: Theor. Extr. (77.5%) | K8: Boil Off /Vol. (4-6%) | L8: Boil Time | M8: Total Hot | N8: Brewing | O8: Operator | R8: Hurricane Reef | S8: 16.6 | T8: 17 | U8: 0 | V8: 0.12905093 | W8: 0.27430556 | X8: 0.30208333 | Y8: 0
E9: Meter (Hls) | F9: Target(< 60Mins) | M9: Time | R9: VITAMALT | S9: 14.4 | T9: 14.6 | U9: 0 | V9: 0.13905093 | W9: 0.26041667 | X9: 0.29513889 | Y9: 0 | Z9: 75
B10: STARMALT | C10: =[22]Brewhouse!$A56 -> SM045 | D10: =[22]Brewhouse!$AH56 -> 56.7 | E10: =[22]Brewhouse!$AM56 -> 51.6 | F10: =[22]Brewhouse!$Z56 -> 81 | G10: =[22]Brewhouse!$AK56 -> 17.26 | H10: 17.4 | I10: =[22]Brewhouse!$AY56 -> 98.181054 | J10: =[22]Brewhouse!$AZ56 -> 98.962706 | K10: =[22]Brewhouse!$U56 -> 17.07231 | L10: =[22]Brewhouse!$T56 -> 61 | M10: =[22]Brewhouse!$Y56-[22]Brewhouse!$X56 -> 0.13958333 | N10: =[22]Brewhouse!$AD56 -> 0.29583333 | O10: =[22]Brewhouse!$BC56 -> D. Gomaz | R10: =B10 -> STARMALT | S10: =VLOOKUP($B10,$R$3:$X$9,2,FALSE) -> 17.1 | T10: =VLOOKUP($B10,$R$3:$X$9,3,FALSE) -> 17.5 | U10: =VLOOKUP($B10,$R$3:$X$9,4,FALSE) -> 0 | V10: =VLOOKUP($B10,$R$3:$X$9,5,FALSE) -> 0.13605324 | W10: =VLOOKUP($B10,$R$3:$X$9,6,FALSE) -> 0.27430556 | X10: =VLOOKUP($B10,$R$3:$X$9,7,FALSE) -> 0.30902778 | Y10: =VLOOKUP($B10,$R$3:$Z$9,8,FALSE) -> 0 | Z10: =VLOOKUP($B10,$R$3:$Z$9,9,FALSE) -> 85
B11: STARMALT | C11: =[22]Brewhouse!$A57 -> SM046 | D11: =[22]Brewhouse!$AH57 -> 53.1 | E11: =[22]Brewhouse!$AM57 -> 49.8 | F11: =[22]Brewhouse!$Z57 -> 77 | G11: =[22]Brewhouse!$AK57 -> 16.31 | I11: =[22]Brewhouse!$AY57 -> 87.428387 | J11: =[22]Brewhouse!$AZ57 -> 88.137927 | K11: =[22]Brewhouse!$U57 -> 9.9435028 | L11: =[22]Brewhouse!$T57 -> 60 | M11: =[22]Brewhouse!$Y57-[22]Brewhouse!$X57 -> 0.12638889 | N11: =[22]Brewhouse!$AD57 -> 0.27569444 | O11: =[22]Brewhouse!$BC57 -> D. Gomaz | P11: Brew was under grind | R11: =B11 -> STARMALT | S11: =VLOOKUP($B11,$R$3:$X$9,2,FALSE) -> 17.1 | T11: =VLOOKUP($B11,$R$3:$X$9,3,FALSE) -> 17.5 | U11: =VLOOKUP($B11,$R$3:$X$9,4,FALSE) -> 0 | V11: =VLOOKUP($B11,$R$3:$X$9,5,FALSE) -> 0.13605324 | W11: =VLOOKUP($B11,$R$3:$X$9,6,FALSE) -> 0.27430556 | X11: =VLOOKUP($B11,$R$3:$X$9,7,FALSE) -> 0.30902778 | Y11: =VLOOKUP($B11,$R$3:$Z$9,8,FALSE) -> 0 | Z11: =VLOOKUP($B11,$R$3:$Z$9,9,FALSE) -> 85
B12: STARMALT | C12: =[22]Brewhouse!$A58 -> SM047 | D12: =[22]Brewhouse!$AH58 -> 53.5 | E12: =[22]Brewhouse!$AM58 -> 53.9 | F12: =[22]Brewhouse!$Z58 -> 64 | G12: =[22]Brewhouse!$AK58 -> 18.47 | I12: =[22]Brewhouse!$AY58 -> 110.11827 | J12: =[22]Brewhouse!$AZ58 -> 110.99579 | K12: =[22]Brewhouse!$U58 -> 9.8691589 | L12: =[22]Brewhouse!$T58 -> 61 | M12: =[22]Brewhouse!$Y58-[22]Brewhouse!$X58 -> 0.12986111 | N12: =[22]Brewhouse!$AD58 -> 0.27847222 | O12: =[22]Brewhouse!$BC58 -> D. Gomaz | P12: Compensation brew | R12: =B12 -> STARMALT | S12: =VLOOKUP($B12,$R$3:$X$9,2,FALSE) -> 17.1 | T12: =VLOOKUP($B12,$R$3:$X$9,3,FALSE) -> 17.5 | U12: =VLOOKUP($B12,$R$3:$X$9,4,FALSE) -> 0 | V12: =VLOOKUP($B12,$R$3:$X$9,5,FALSE) -> 0.13605324 | W12: =VLOOKUP($B12,$R$3:$X$9,6,FALSE) -> 0.27430556 | X12: =VLOOKUP($B12,$R$3:$X$9,7,FALSE) -> 0.30902778 | Y12: =VLOOKUP($B12,$R$3:$Z$9,8,FALSE) -> 0 | Z12: =VLOOKUP($B12,$R$3:$Z$9,9,FALSE) -> 85
B13: STARMALT | C13: =[22]Brewhouse!$A59 -> SM048 | D13: =[22]Brewhouse!$AH59 -> 54.3 | E13: =[22]Brewhouse!$AM59 -> 52.3 | F13: =[22]Brewhouse!$Z59 -> 64 | G13: =[22]Brewhouse!$AK59 -> 17.24 | H13: 18.5 | I13: =[22]Brewhouse!$AY59 -> 98.787376 | J13: =[22]Brewhouse!$AZ59 -> 99.574593 | K13: =[22]Brewhouse!$U59 -> 12.302026 | L13: =[22]Brewhouse!$T59 -> 58 | M13: =[22]Brewhouse!$Y59-[22]Brewhouse!$X59 -> 0.12152778 | N13: =[22]Brewhouse!$AD59 -> 0.28125 | O13: =[22]Brewhouse!$BC59 -> R.Sookram | R13: =B13 -> STARMALT | S13: =VLOOKUP($B13,$R$3:$X$9,2,FALSE) -> 17.1 | T13: =VLOOKUP($B13,$R$3:$X$9,3,FALSE) -> 17.5 | U13: =VLOOKUP($B13,$R$3:$X$9,4,FALSE) -> 0 | V13: =VLOOKUP($B13,$R$3:$X$9,5,FALSE) -> 0.13605324 | W13: =VLOOKUP($B13,$R$3:$X$9,6,FALSE) -> 0.27430556 | X13: =VLOOKUP($B13,$R$3:$X$9,7,FALSE) -> 0.30902778 | Y13: =VLOOKUP($B13,$R$3:$Z$9,8,FALSE) -> 0 | Z13: =VLOOKUP($B13,$R$3:$Z$9,9,FALSE) -> 85
B14: 45840
B15: STARMALT | C15: =[22]Brewhouse!$A60 -> SM049 | D15: =[22]Brewhouse!$AH60 -> 55 | E15: =[22]Brewhouse!$AM60 -> 52.3 | F15: =[22]Brewhouse!$Z60 -> 71 | G15: =[22]Brewhouse!$AK60 -> 17.28 | I15: =[22]Brewhouse!$AY60 -> 99.593723 | J15: =[22]Brewhouse!$AZ60 -> 100.38588 | K15: =[22]Brewhouse!$U60 -> 12.872727 | L15: =[22]Brewhouse!$T60 -> 58 | M15: =[22]Brewhouse!$Y60-[22]Brewhouse!$X60 -> 0.1375 | N15: =[22]Brewhouse!$AD60 -> 0.28402778 | O15: =[22]Brewhouse!$BC60 -> R.Sookram | R15: =B15 -> STARMALT | S15: =VLOOKUP($B15,$R$3:$X$9,2,FALSE) -> 17.1 | T15: =VLOOKUP($B15,$R$3:$X$9,3,FALSE) -> 17.5 | U15: =VLOOKUP($B15,$R$3:$X$9,4,FALSE) -> 0 | V15: =VLOOKUP($B15,$R$3:$X$9,5,FALSE) -> 0.13605324 | W15: =VLOOKUP($B15,$R$3:$X$9,6,FALSE) -> 0.27430556 | X15: =VLOOKUP($B15,$R$3:$X$9,7,FALSE) -> 0.30902778 | Y15: =VLOOKUP($B15,$R$3:$Z$9,8,FALSE) -> 0 | Z15: =VLOOKUP($B15,$R$3:$Z$9,9,FALSE) -> 85
R16: =B16 -> 0 | S16: =VLOOKUP($B16,$R$3:$X$9,2,FALSE) -> #N/A | T16: =VLOOKUP($B16,$R$3:$X$9,3,FALSE) -> #N/A | U16: =VLOOKUP($B16,$R$3:$X$9,4,FALSE) -> #N/A | V16: =VLOOKUP($B16,$R$3:$X$9,5,FALSE) -> #N/A | W16: =VLOOKUP($B16,$R$3:$X$9,6,FALSE) -> #N/A | X16: =VLOOKUP($B16,$R$3:$X$9,7,FALSE) -> #N/A | Y16: =VLOOKUP($B16,$R$3:$Z$9,8,FALSE) -> #N/A | Z16: =VLOOKUP($B16,$R$3:$Z$9,9,FALSE) -> #N/A
B17: CARIB | C17: =[23]Brewhouse!$A580 -> CA473 | D17: =[23]Brewhouse!$AF580 -> 53.3 | E17: =[23]Brewhouse!$AI580 -> 51.22 | F17: =[23]Brewhouse!$V580 -> 59 | G17: =[23]Brewhouse!$AG580 -> 11.85 | H17: 11.8 | I17: =[23]Brewhouse!$AU580 -> 102.69776 | J17: =[23]Brewhouse!$AV580 -> 105.32766 | K17: =[23]Brewhouse!$Q580 -> 4.5735027 | L17: =[23]Brewhouse!$P580 -> 56 | M17: =[23]Brewhouse!$U580-[23]Brewhouse!$T580 -> 0.11111111 | N17: =[23]Brewhouse!$Z580 -> 0.25625 | O17: =[23]Brewhouse!$AX580 -> R. Sookram | R17: =B17 -> CARIB | S17: =VLOOKUP($B17,$R$3:$X$9,2,FALSE) -> 11.6 | T17: =VLOOKUP($B17,$R$3:$X$9,3,FALSE) -> 12 | U17: =VLOOKUP($B17,$R$3:$X$9,4,FALSE) -> 0 | V17: =VLOOKUP($B17,$R$3:$X$9,5,FALSE) -> 0.11805556 | W17: =VLOOKUP($B17,$R$3:$X$9,6,FALSE) -> 0.22569444 | X17: =VLOOKUP($B17,$R$3:$X$9,7,FALSE) -> 0.26388889 | Y17: =VLOOKUP($B17,$R$3:$Z$9,8,FALSE) -> 0 | Z17: =VLOOKUP($B17,$R$3:$Z$9,9,FALSE) -> 60
B18: CARIB | C18: =[23]Brewhouse!$A581 -> CA474 | D18: =[23]Brewhouse!$AF581 -> 53.1 | E18: =[23]Brewhouse!$AI581 -> 51.1 | F18: =[23]Brewhouse!$V581 -> 64 | G18: =[23]Brewhouse!$AG581 -> 11.66 | H18: 11.7 | I18: =[23]Brewhouse!$AU581 -> 97.886866 | J18: =[23]Brewhouse!$AV581 -> 100.3967 | K18: =[23]Brewhouse!$Q581 -> 5.4512635 | L18: =[23]Brewhouse!$P581 -> 60 | M18: =[23]Brewhouse!$U581-[23]Brewhouse!$T581 -> 0.10902778 | N18: =[23]Brewhouse!$Z581 -> 0.26388889 | O18: =[23]Brewhouse!$AX581 -> R. Sookram | R18: =B18 -> CARIB | S18: =VLOOKUP($B18,$R$3:$X$9,2,FALSE) -> 11.6 | T18: =VLOOKUP($B18,$R$3:$X$9,3,FALSE) -> 12 | U18: =VLOOKUP($B18,$R$3:$X$9,4,FALSE) -> 0 | V18: =VLOOKUP($B18,$R$3:$X$9,5,FALSE) -> 0.11805556 | W18: =VLOOKUP($B18,$R$3:$X$9,6,FALSE) -> 0.22569444 | X18: =VLOOKUP($B18,$R$3:$X$9,7,FALSE) -> 0.26388889 | Y18: =VLOOKUP($B18,$R$3:$Z$9,8,FALSE) -> 0 | Z18: =VLOOKUP($B18,$R$3:$Z$9,9,FALSE) -> 60
B19: CARIB | C19: =[23]Brewhouse!$A582 -> CA475 | D19: =[23]Brewhouse!$AF582 -> 52 | E19: =[23]Brewhouse!$AI582 -> 50.8 | F19: =[23]Brewhouse!$V582 -> 64 | G19: =[23]Brewhouse!$AG582 -> 11.86 | H19: 11.8 | I19: =[23]Brewhouse!$AU582 -> 98.571258 | J19: =[23]Brewhouse!$AV582 -> 101.0992 | K19: =[23]Brewhouse!$Q582 -> 7.6036036 | L19: =[23]Brewhouse!$P582 -> 60 | M19: =[23]Brewhouse!$U582-[23]Brewhouse!$T582 -> 0.11458333 | N19: =[23]Brewhouse!$Z582 -> 0.28333333 | O19: =[23]Brewhouse!$AX582 -> R. Regis | R19: =B19 -> CARIB | S19: =VLOOKUP($B19,$R$3:$X$9,2,FALSE) -> 11.6 | T19: =VLOOKUP($B19,$R$3:$X$9,3,FALSE) -> 12 | U19: =VLOOKUP($B19,$R$3:$X$9,4,FALSE) -> 0 | V19: =VLOOKUP($B19,$R$3:$X$9,5,FALSE) -> 0.11805556 | W19: =VLOOKUP($B19,$R$3:$X$9,6,FALSE) -> 0.22569444 | X19: =VLOOKUP($B19,$R$3:$X$9,7,FALSE) -> 0.26388889 | Y19: =VLOOKUP($B19,$R$3:$Z$9,8,FALSE) -> 0 | Z19: =VLOOKUP($B19,$R$3:$Z$9,9,FALSE) -> 60
B20: CARIB | C20: =[23]Brewhouse!$A583 -> CA476 | D20: =[23]Brewhouse!$AF583 -> 53.2 | E20: =[23]Brewhouse!$AI583 -> 51 | F20: =[23]Brewhouse!$V583 -> 66 | G20: =[23]Brewhouse!$AG583 -> 11.67 | H20: 11.7 | I20: =[23]Brewhouse!$AU583 -> 98.571044 | J20: =[23]Brewhouse!$AV583 -> 100.20023 | K20: =[23]Brewhouse!$Q583 -> 5.4414414 | L20: =[23]Brewhouse!$P583 -> 63 | M20: =[23]Brewhouse!$U583-[23]Brewhouse!$T583 -> 0.1125 | N20: =[23]Brewhouse!$Z583 -> 0.25347222 | O20: =[23]Brewhouse!$AX583 -> R. Regis | R20: =B20 -> CARIB | S20: =VLOOKUP($B20,$R$3:$X$9,2,FALSE) -> 11.6 | T20: =VLOOKUP($B20,$R$3:$X$9,3,FALSE) -> 12 | U20: =VLOOKUP($B20,$R$3:$X$9,4,FALSE) -> 0 | V20: =VLOOKUP($B20,$R$3:$X$9,5,FALSE) -> 0.11805556 | W20: =VLOOKUP($B20,$R$3:$X$9,6,FALSE) -> 0.22569444 | X20: =VLOOKUP($B20,$R$3:$X$9,7,FALSE) -> 0.26388889 | Y20: =VLOOKUP($B20,$R$3:$Z$9,8,FALSE) -> 0 | Z20: =VLOOKUP($B20,$R$3:$Z$9,9,FALSE) -> 60
R21: =B21 -> 0 | S21: =VLOOKUP($B21,$R$3:$X$9,2,FALSE) -> #N/A | T21: =VLOOKUP($B21,$R$3:$X$9,3,FALSE) -> #N/A | U21: =VLOOKUP($B21,$R$3:$X$9,4,FALSE) -> #N/A | V21: =VLOOKUP($B21,$R$3:$X$9,5,FALSE) -> #N/A | W21: =VLOOKUP($B21,$R$3:$X$9,6,FALSE) -> #N/A | X21: =VLOOKUP($B21,$R$3:$X$9,7,FALSE) -> #N/A | Y21: =VLOOKUP($B21,$R$3:$Z$9,8,FALSE) -> #N/A | Z21: =VLOOKUP($B21,$R$3:$Z$9,9,FALSE) -> #N/A
R22: =B22 -> 0 | S22: =VLOOKUP($B22,$R$3:$X$9,2,FALSE) -> #N/A | T22: =VLOOKUP($B22,$R$3:$X$9,3,FALSE) -> #N/A | U22: =VLOOKUP($B22,$R$3:$X$9,4,FALSE) -> #N/A | V22: =VLOOKUP($B22,$R$3:$X$9,5,FALSE) -> #N/A | W22: =VLOOKUP($B22,$R$3:$X$9,6,FALSE) -> #N/A | X22: =VLOOKUP($B22,$R$3:$X$9,7,FALSE) -> #N/A | Y22: =VLOOKUP($B22,$R$3:$Z$9,8,FALSE) -> #N/A | Z22: =VLOOKUP($B22,$R$3:$Z$9,9,FALSE) -> #N/A
R23: =B23 -> 0 | S23: =VLOOKUP($B23,$R$3:$X$9,2,FALSE) -> #N/A | T23: =VLOOKUP($B23,$R$3:$X$9,3,FALSE) -> #N/A | U23: =VLOOKUP($B23,$R$3:$X$9,4,FALSE) -> #N/A | V23: =VLOOKUP($B23,$R$3:$X$9,5,FALSE) -> #N/A | W23: =VLOOKUP($B23,$R$3:$X$9,6,FALSE) -> #N/A | X23: =VLOOKUP($B23,$R$3:$X$9,7,FALSE) -> #N/A | Y23: =VLOOKUP($B23,$R$3:$Z$9,8,FALSE) -> #N/A | Z23: =VLOOKUP($B23,$R$3:$Z$9,9,FALSE) -> #N/A
R24: =B24 -> 0 | S24: =VLOOKUP($B24,$R$3:$X$9,2,FALSE) -> #N/A | T24: =VLOOKUP($B24,$R$3:$X$9,3,FALSE) -> #N/A | U24: =VLOOKUP($B24,$R$3:$X$9,4,FALSE) -> #N/A | V24: =VLOOKUP($B24,$R$3:$X$9,5,FALSE) -> #N/A | W24: =VLOOKUP($B24,$R$3:$X$9,6,FALSE) -> #N/A | X24: =VLOOKUP($B24,$R$3:$X$9,7,FALSE) -> #N/A | Y24: =VLOOKUP($B24,$R$3:$Z$9,8,FALSE) -> #N/A | Z24: =VLOOKUP($B24,$R$3:$Z$9,9,FALSE) -> #N/A
R25: =B25 -> 0 | S25: =VLOOKUP($B25,$R$3:$X$9,2,FALSE) -> #N/A | T25: =VLOOKUP($B25,$R$3:$X$9,3,FALSE) -> #N/A | U25: =VLOOKUP($B25,$R$3:$X$9,4,FALSE) -> #N/A | V25: =VLOOKUP($B25,$R$3:$X$9,5,FALSE) -> #N/A | W25: =VLOOKUP($B25,$R$3:$X$9,6,FALSE) -> #N/A | X25: =VLOOKUP($B25,$R$3:$X$9,7,FALSE) -> #N/A | Y25: =VLOOKUP($B25,$R$3:$Z$9,8,FALSE) -> #N/A | Z25: =VLOOKUP($B25,$R$3:$Z$9,9,FALSE) -> #N/A
R26: =B26 -> 0 | S26: =VLOOKUP($B26,$R$3:$X$9,2,FALSE) -> #N/A | T26: =VLOOKUP($B26,$R$3:$X$9,3,FALSE) -> #N/A | U26: =VLOOKUP($B26,$R$3:$X$9,4,FALSE) -> #N/A | V26: =VLOOKUP($B26,$R$3:$X$9,5,FALSE) -> #N/A | W26: =VLOOKUP($B26,$R$3:$X$9,6,FALSE) -> #N/A | X26: =VLOOKUP($B26,$R$3:$X$9,7,FALSE) -> #N/A | Y26: =VLOOKUP($B26,$R$3:$Z$9,8,FALSE) -> #N/A | Z26: =VLOOKUP($B26,$R$3:$Z$9,9,FALSE) -> #N/A
R28: =B28 -> 0 | S28: =VLOOKUP($B28,$R$3:$X$9,2,FALSE) -> #N/A | T28: =VLOOKUP($B28,$R$3:$X$9,3,FALSE) -> #N/A | U28: =VLOOKUP($B28,$R$3:$X$9,4,FALSE) -> #N/A | V28: =VLOOKUP($B28,$R$3:$X$9,5,FALSE) -> #N/A | W28: =VLOOKUP($B28,$R$3:$X$9,6,FALSE) -> #N/A | X28: =VLOOKUP($B28,$R$3:$X$9,7,FALSE) -> #N/A | Y28: =VLOOKUP($B28,$R$3:$Z$9,8,FALSE) -> #N/A | Z28: =VLOOKUP($B28,$R$3:$Z$9,9,FALSE) -> #N/A
R29: =B29 -> 0 | S29: =VLOOKUP($B29,$R$3:$X$9,2,FALSE) -> #N/A | T29: =VLOOKUP($B29,$R$3:$X$9,3,FALSE) -> #N/A | U29: =VLOOKUP($B29,$R$3:$X$9,4,FALSE) -> #N/A | V29: =VLOOKUP($B29,$R$3:$X$9,5,FALSE) -> #N/A | W29: =VLOOKUP($B29,$R$3:$X$9,6,FALSE) -> #N/A | X29: =VLOOKUP($B29,$R$3:$X$9,7,FALSE) -> #N/A | Y29: =VLOOKUP($B29,$R$3:$Z$9,8,FALSE) -> #N/A | Z29: =VLOOKUP($B29,$R$3:$Z$9,9,FALSE) -> #N/A
R30: =B30 -> 0 | S30: =VLOOKUP($B30,$R$3:$X$9,2,FALSE) -> #N/A | T30: =VLOOKUP($B30,$R$3:$X$9,3,FALSE) -> #N/A | U30: =VLOOKUP($B30,$R$3:$X$9,4,FALSE) -> #N/A | V30: =VLOOKUP($B30,$R$3:$X$9,5,FALSE) -> #N/A | W30: =VLOOKUP($B30,$R$3:$X$9,6,FALSE) -> #N/A | X30: =VLOOKUP($B30,$R$3:$X$9,7,FALSE) -> #N/A | Y30: =VLOOKUP($B30,$R$3:$Z$9,8,FALSE) -> #N/A | Z30: =VLOOKUP($B30,$R$3:$Z$9,9,FALSE) -> #N/A
R31: =B31 -> 0 | S31: =VLOOKUP($B31,$R$3:$X$9,2,FALSE) -> #N/A | T31: =VLOOKUP($B31,$R$3:$X$9,3,FALSE) -> #N/A | U31: =VLOOKUP($B31,$R$3:$X$9,4,FALSE) -> #N/A | V31: =VLOOKUP($B31,$R$3:$X$9,5,FALSE) -> #N/A | W31: =VLOOKUP($B31,$R$3:$X$9,6,FALSE) -> #N/A | X31: =VLOOKUP($B31,$R$3:$X$9,7,FALSE) -> #N/A | Y31: =VLOOKUP($B31,$R$3:$Z$9,8,FALSE) -> #N/A | Z31: =VLOOKUP($B31,$R$3:$Z$9,9,FALSE) -> #N/A
R32: =B32 -> 0 | S32: =VLOOKUP($B32,$R$3:$X$9,2,FALSE) -> #N/A | T32: =VLOOKUP($B32,$R$3:$X$9,3,FALSE) -> #N/A | U32: =VLOOKUP($B32,$R$3:$X$9,4,FALSE) -> #N/A | V32: =VLOOKUP($B32,$R$3:$X$9,5,FALSE) -> #N/A | W32: =VLOOKUP($B32,$R$3:$X$9,6,FALSE) -> #N/A | X32: =VLOOKUP($B32,$R$3:$X$9,7,FALSE) -> #N/A | Y32: =VLOOKUP($B32,$R$3:$Z$9,8,FALSE) -> #N/A | Z32: =VLOOKUP($B32,$R$3:$Z$9,9,FALSE) -> #N/A
R33: =B33 -> 0 | S33: =VLOOKUP($B33,$R$3:$X$9,2,FALSE) -> #N/A | T33: =VLOOKUP($B33,$R$3:$X$9,3,FALSE) -> #N/A | U33: =VLOOKUP($B33,$R$3:$X$9,4,FALSE) -> #N/A | V33: =VLOOKUP($B33,$R$3:$X$9,5,FALSE) -> #N/A | W33: =VLOOKUP($B33,$R$3:$X$9,6,FALSE) -> #N/A | X33: =VLOOKUP($B33,$R$3:$X$9,7,FALSE) -> #N/A | Y33: =VLOOKUP($B33,$R$3:$Z$9,8,FALSE) -> #N/A | Z33: =VLOOKUP($B33,$R$3:$Z$9,9,FALSE) -> #N/A
... R41: =B41 -> 0 | S41: =VLOOKUP($B41,$R$3:$X$9,2,FALSE) -> #N/A | T41: =VLOOKUP($B41,$R$3:$X$9,3,FALSE) -> #N/A | U41: =VLOOKUP($B41,$R$3:$X$9,4,FALSE) -> #N/A | V41: =VLOOKUP($B41,$R$3:$X$9,5,FALSE) -> #N/A | W41: =VLOOKUP($B41,$R$3:$X$9,6,FALSE) -> #N/A | X41: =VLOOKUP($B41,$R$3:$X$9,7,FALSE) -> #N/A | Y41: =VLOOKUP($B41,$R$3:$Z$9,8,FALSE) -> #N/A | Z41: =VLOOKUP($B41,$R$3:$Z$9,9,FALSE) -> #N/A
B42: BRAND | D42: BBT P.G./ O.G | I42: Brand | J42: Actual | K42: MTD No. of Brews | L42: MTD | M42: YTD | N42: Target | R42: =B42 -> BRAND | S42: =VLOOKUP($B42,$R$3:$X$9,2,FALSE) -> #N/A | T42: =VLOOKUP($B42,$R$3:$X$9,3,FALSE) -> #N/A | U42: =VLOOKUP($B42,$R$3:$X$9,4,FALSE) -> #N/A | V42: =VLOOKUP($B42,$R$3:$X$9,5,FALSE) -> #N/A | W42: =VLOOKUP($B42,$R$3:$X$9,6,FALSE) -> #N/A | X42: =VLOOKUP($B42,$R$3:$X$9,7,FALSE) -> #N/A | Y42: =VLOOKUP($B42,$R$3:$Z$9,8,FALSE) -> #N/A | Z42: =VLOOKUP($B42,$R$3:$Z$9,9,FALSE) -> #N/A
B43: CARIB | C43: {=[23]Process!$D$504:$D$508} -> 11.9 | D43: 11.85 | I43: CARIB | J43: =AVERAGE(I17:I20) -> 99.431733 | K43: =COUNTA([23]Brewhouse!$A$580:$A$583) -> 4 | L43: =AVERAGE([23]Brewhouse!$AU$580:$AU$583) -> 99.431733 | M43: =AVERAGE([23]Brewhouse!$AU$102:$AU$171,[23]Brewhouse!$AU$173:$AU$253,[23]Brewhouse!$AU$255:$AU$339,[23]Brewhouse!$AU$341:$AU$346,[23]Brewhouse!$AU$348,[23]Brewhouse!$AU$349:$AU$406,[23]Brewhouse!$AU$408:$AU$491,[23]Brewhouse!$AU$493:$AU$578,[23]Brewhouse!$AU$580:$AU$583) -> 97.764024 | N43: 98
C44: 11.7 | I44: STAG | M44: =AVERAGE([24]Brewhouse!$AS$15:$AS$64,[24]Brewhouse!$AS$66:$AS$103,[24]Brewhouse!$AS$105:$AS$140,[24]Brewhouse!$AS$142:$AS$193,[24]Brewhouse!$AS$195:$AS$240,[24]Brewhouse!$AS$242:$AS$273) -> 97.87626 | N44: 98
C45: 11.8 | D45: 12 | I45: GUINNESS | M45: =AVERAGE([25]Brewhouse!$AU$4:$AU$7,[25]Brewhouse!$AU$9:$AU$22,[25]Brewhouse!$AU$24:$AU$35,[25]Brewhouse!$AU$37:$AU$45,[25]Brewhouse!$AU$47:$AU$62) -> 97.179377 | N45: 98
C46: 11.8 | I46: VITAMALT | M46: =AVERAGE([26]Brewhouse!$AV$5:$AV$14,[26]Brewhouse!$AV$16:$AV$19,[26]Brewhouse!$AV$21:$AV$24,[26]Brewhouse!$AV$26:$AV$33,[26]Brewhouse!$AV$35:$AV$46,[26]Brewhouse!$AV$48:$AV$53) -> 98.620084 | N46: 98
C47: 11.9 | D47: 11.95 | I47: MAXIMALT | N47: 98
I48: MACKESON | M48: =AVERAGE([27]Brewhouse!$AT$4:$AT$11,[27]Brewhouse!$AT$13:$AT$16,[27]Brewhouse!$AT$18:$AT$21) -> 94.77317 | N48: 98
I49: STARMALT | J49: =AVERAGE(I10:I15) -> 98.821763 | K49: =COUNTA([22]Brewhouse!$A$56:$A$60) -> 5 | L49: =AVERAGE([22]Brewhouse!$AY$56:$AY$60) -> 98.821763 | M49: =AVERAGE([22]Brewhouse!$AY$6:$AY$13,[22]Brewhouse!$AY$15:$AY$20,[22]Brewhouse!$AY$22:$AY$29,[22]Brewhouse!$AY$31:$AY$34,[22]Brewhouse!$AY$36:$AY$43,[22]Brewhouse!$AY$45:$AY$50, [22]Brewhouse!$AY$56:$AY$60) -> 96.858085 | N49: 98
I50: HR- Pils | M50: =AVERAGE([28]Brewhouse!$AU$5:$AU$8,[28]Brewhouse!$AU$10:$AU$13) -> 94.247667 | N50: 98
I51: HR- IPA | M51: =AVERAGE([29]Brewhouse!$AW$26:$AW$27) -> 95.310681 | N51: 98
I52: HR- APA | M52: =AVERAGE([30]Brewhouse!$AU$13:$AU$14) -> 97.110575 | N52: 98
K53: =SUM(K43:K52) -> 9 | L53: =((L43*K43)+(L44*K44)+(L45*K45)+(L46*K46)+(L47*K47)+(K50*L50)+(L48*K48)+(L49*K49)+(L52*K52))/(K53) -> 99.092861 | M53: =AVERAGE('[31]Jan 31st'!$L$65,'[32]Feb 28th'!$L$35,'[33]Mar. 31st'!$L$35,'[34]Apr. 30th'!$L$45,'[35]May 30th'!$L$37,L53) -> 97.878686 | N53: 98
J55: Daily Brewing Plan
J56: Brand | K56: Brews Achieved | L56: Average Brews per day
J57: CARIB | K57: =COUNTA(B17:B20) -> 4 | L57: MTD | M57: YTD | N57: TARGET
J58: STAG | L58: =AVERAGE(K67) -> 8 | M58: =AVERAGE('[31]Jan 29th '!$M$70,'[32]Feb 28th'!$L$40,'[33]Mar. 31st'!$L$40,'[34]Apr. 30th'!$L$50,'[35]May 30th'!$L$42,L58) -> 6.8677735 | N58: 9.2
J59: GUINN
J60: VITAMALT
J61: STARMALT | K61: =COUNTA(B10:B13) -> 4
J62: MACKESON
J63: HURRICANE REEF- IPA
J64: HURRICANE REEF- APA
B65: AVERAGE | D65: =AVERAGE(D43:E64) -> 11.933333 | J65: HR- PILSNER
J66: CARIBE
J67: Total | K67: =SUM(K57:K66) -> 8
B68: Process: | C68: Fermentation/Filtration
B70: Brand | C70: Filt. Date | D70: FV Hls | E70: GFE/ Prim/ Vita Blend (Hls) | F70: SV Hls | G70: BBT Hls | H70: Loss (%) Ferm | I70: Loss (%) Filt | J70: Comments | K70: Throughput | L70: Process Loss (%) | M70: Filt. Operator
AB71: 43474 | AC71: 43475 | AD71: 43476 | AE71: 43477 | AF71: 43478 | AG71: 43479 | AH71: 43480 | AI71: 43481 | AJ71: 43482 | AK71: 43483 | AL71: 43484 | AM71: 43485 | AN71: 43486 | AO71: 43487 | AP71: 43488 | AQ71: 43489 | AR71: 43490 | AS71: 43491 | AT71: 43492 | AU71: 43493 | AV71: 43494 | AW71: 43495 | AX71: 43496
B72: =B77 -> CARIB | C72: 45839 | D72: =[36]July_2025!$D$3 -> 254.09 | G72: =[36]July_2025!$D$7 -> 244.7 | J72: NO SBF | K72: =[37]July_2025!$D$18 -> 0.85859649 | L72: =(((D72+E72)-G72)/(D72+E72))*100 -> 3.695541 | M72: K. Neptune | AB72: =[20]January_2019!L7 -> 285.8 | AC72: =[20]January_2019!M7 -> 508.1 | AD72: =[20]January_2019!N7 -> 0 | AE72: =[20]January_2019!O7 -> 0 | AF72: =[20]January_2019!P7 -> 109.56667 | AG72: =[20]January_2019!Q7 -> 297.65 | AH72: =[20]January_2019!R7 -> 122.3 | AI72: =[20]January_2019!S7 -> 0 | ... AX72: =[20]January_2019!AH7 -> 0
B75: Process Loss (Volume) | G75: Process Loss (Extract) | K75: Throughput
B76: Brand | C76: Actual | D76: MTD | E76: YTD | F76: Target | G76: Actual | H76: MTD | I76: YTD | J76: Target | K76: Actual | L76: MTD | M76: YTD | N76: Target
B77: CARIB | C77: =L72 -> 3.695541 | D77: 3.6561848 | E77: 6.5263296 | F77: 4.8 | G77: =[36]July_2025!$D$11 -> 2.7605462 | H77: 2.720808 | I77: 6.4851456 | J77: 4.8 | K77: =K72 -> 0.85859649 | L77: 0.85894737 | M77: 0.72279938 | N77: 1
B78: STAG | D78: 5.1037577 | E78: 6.0971945 | F78: 4.8 | H78: 3.2384753 | I78: 5.8932726 | J78: 4.8 | M78: 0.7603108 | N78: 1
B79: GUINN | E79: 11.960274 | F79: 5.5 | I79: 13.111031 | J79: 5.5 | M79: 0.48693986 | N79: 1
B80: VITAMALT | E80: 5.4214697 | F80: 3.3 | I80: 5.263029 | J80: 3.3 | M80: 0.69194862 | N80: 1
B81: MAXIMALT | F81: 3.3 | J81: 3 | N81: 1
B82: MACKESON | E82: 7.3129862 | F82: =[21]May_2022!$M$43 -> 3.4878407 | I82: 8.9862703 | J82: 5.5 | M82: 0.59276316 | N82: 1
B83: STARMALT | E83: 3.1283186 | F83: 3.3 | I83: 4.6716573 | J83: 3.3 | M83: 0.70412549 | N83: 1
B84: HURRICANE REEF | F84: 7.5 | J84: 7.5 | N84: 1
B85: HURRICANE REEF PILS | E85: 4.8792509 | F85: 4.8 | I85: 6.2003724 | J85: 4.8 | M85: 0.33859649 | N85: 1
D86: 4.2531048 | E86: 6.5866041 | F86: 5.5 | H86: 2.9327429 | I86: 6.8694163 | J86: 5.5 | L86: 0.85894737 | M86: 0.69815448 | N86: 1

Sheet July 2nd
S1: P.G. | U1: Hot Time | W1: Process Time | Y1: Cooling Time
B2: Brewing Department Daily Process Loss Report | S2: Lower | T2: Upper | U2: Lower | V2: Upper | W2: Lower | X2: Upper | Y2: Lower | Z2: Upper
R3: CARIB | S3: 11.6 | T3: 12 | U3: 0 | V3: 0.11805556 | W3: 0.22569444 | X3: 0.26388889 | Y3: 0 | Z3: 60 | AB3: HR- PISNER
B4: Date: | C4: 45841 | J4: LOT WORT COLOUR: 3.3 | M4: Filter Sheets (Target 20 days) | R4: STAG | S4: 11.6 | T4: 12 | U4: 0 | V4: 0.11805556 | W4: 0.22569444 | X4: 0.26388889 | Y4: 0 | Z4: 60
M5: Double | N5: Single | R5: GUINNESS | S5: 17 | T5: 17.5 | U5: 0 | V5: 0.10763889 | W5: 0.24652778 | X5: 0.28472222 | Y5: 0 | Z5: 60
J6: MALT LOT: Lot #40 | L6: Sheet Day | M6: 10 | N6: 10 | R6: MACKESON | S6: 13.3 | T6: 13.5 | U6: 0 | V6: 0.12905093 | W6: 0.27430556 | X6: 0.30208333 | Y6: 0
R7: STARMALT | S7: 17.1 | T7: 17.5 | U7: 0 | V7: 0.13605324 | W7: 0.27430556 | X7: 0.30902778 | Y7: 0 | Z7: 85
B8: Brand | C8: Brew no. | D8: Kett. Hls | E8: Wort | F8: Cool Time(Mins) | G8: Cast. P.G. (Lab Result) | H8: Cast P.G. (Cellar Operator)-gravity | I8: Extr. Rec (79.4%) | J8: Theor. Extr. (77.5%) | K8: Boil Off /Vol. (4-6%) | L8: Boil Time | M8: Total Hot | N8: Brewing | O8: Operator | R8: Hurricane Reef | S8: 16.6 | T8: 17 | U8: 0 | V8: 0.12905093 | W8: 0.27430556 | X8: 0.30208333 | Y8: 0
E9: Meter (Hls) | F9: Target(< 60Mins) | M9: Time | R9: VITAMALT | S9: 14.4 | T9: 14.6 | U9: 0 | V9: 0.13905093 | W9: 0.26041667 | X9: 0.29513889 | Y9: 0 | Z9: 75
R10: =B10 -> 0 | S10: =VLOOKUP($B10,$R$3:$X$9,2,FALSE) -> #N/A | T10: =VLOOKUP($B10,$R$3:$X$9,3,FALSE) -> #N/A | U10: =VLOOKUP($B10,$R$3:$X$9,4,FALSE) -> #N/A | V10: =VLOOKUP($B10,$R$3:$X$9,5,FALSE) -> #N/A | W10: =VLOOKUP($B10,$R$3:$X$9,6,FALSE) -> #N/A | X10: =VLOOKUP($B10,$R$3:$X$9,7,FALSE) -> #N/A | Y10: =VLOOKUP($B10,$R$3:$Z$9,8,FALSE) -> #N/A | Z10: =VLOOKUP($B10,$R$3:$Z$9,9,FALSE) -> #N/A
R11: =B11 -> 0 | S11: =VLOOKUP($B11,$R$3:$X$9,2,FALSE) -> #N/A | T11: =VLOOKUP($B11,$R$3:$X$9,3,FALSE) -> #N/A | U11: =VLOOKUP($B11,$R$3:$X$9,4,FALSE) -> #N/A | V11: =VLOOKUP($B11,$R$3:$X$9,5,FALSE) -> #N/A | W11: =VLOOKUP($B11,$R$3:$X$9,6,FALSE) -> #N/A | X11: =VLOOKUP($B11,$R$3:$X$9,7,FALSE) -> #N/A | Y11: =VLOOKUP($B11,$R$3:$Z$9,8,FALSE) -> #N/A | Z11: =VLOOKUP($B11,$R$3:$Z$9,9,FALSE) -> #N/A
R12: =B12 -> 0 | S12: =VLOOKUP($B12,$R$3:$X$9,2,FALSE) -> #N/A | T12: =VLOOKUP($B12,$R$3:$X$9,3,FALSE) -> #N/A | U12: =VLOOKUP($B12,$R$3:$X$9,4,FALSE) -> #N/A | V12: =VLOOKUP($B12,$R$3:$X$9,5,FALSE) -> #N/A | W12: =VLOOKUP($B12,$R$3:$X$9,6,FALSE) -> #N/A | X12: =VLOOKUP($B12,$R$3:$X$9,7,FALSE) -> #N/A | Y12: =VLOOKUP($B12,$R$3:$Z$9,8,FALSE) -> #N/A | Z12: =VLOOKUP($B12,$R$3:$Z$9,9,FALSE) -> #N/A
R13: =B13 -> 0 | S13: =VLOOKUP($B13,$R$3:$X$9,2,FALSE) -> #N/A | T13: =VLOOKUP($B13,$R$3:$X$9,3,FALSE) -> #N/A | U13: =VLOOKUP($B13,$R$3:$X$9,4,FALSE) -> #N/A | V13: =VLOOKUP($B13,$R$3:$X$9,5,FALSE) -> #N/A | W13: =VLOOKUP($B13,$R$3:$X$9,6,FALSE) -> #N/A | X13: =VLOOKUP($B13,$R$3:$X$9,7,FALSE) -> #N/A | Y13: =VLOOKUP($B13,$R$3:$Z$9,8,FALSE) -> #N/A | Z13: =VLOOKUP($B13,$R$3:$Z$9,9,FALSE) -> #N/A
B15: STARMALT | C15: =[22]Brewhouse!$A60 -> SM049 | D15: =[22]Brewhouse!$AH60 -> 55 | E15: =[22]Brewhouse!$AM60 -> 52.3 | F15: =[22]Brewhouse!$Z60 -> 71 | G15: =[22]Brewhouse!$AK60 -> 17.28 | I15: =[22]Brewhouse!$AY60 -> 99.593723 | J15: =[22]Brewhouse!$AZ60 -> 100.38588 | K15: =[22]Brewhouse!$U60 -> 12.872727 | L15: =[22]Brewhouse!$T60 -> 58 | M15: =[22]Brewhouse!$Y60-[22]Brewhouse!$X60 -> 0.1375 | N15: =[22]Brewhouse!$AD60 -> 0.28402778 | O15: =[22]Brewhouse!$BC60 -> R.Sookram | R15: =B15 -> STARMALT | S15: 17 | T15: 17.2 | U15: =VLOOKUP($B15,$R$3:$X$9,4,FALSE) -> 0 | V15: =VLOOKUP($B15,$R$3:$X$9,5,FALSE) -> 0.13605324 | W15: =VLOOKUP($B15,$R$3:$X$9,6,FALSE) -> 0.27430556 | X15: =VLOOKUP($B15,$R$3:$X$9,7,FALSE) -> 0.30902778 | Y15: =VLOOKUP($B15,$R$3:$Z$9,8,FALSE) -> 0 | Z15: =VLOOKUP($B15,$R$3:$Z$9,9,FALSE) -> 85
B16: STARMALT | C16: =[22]Brewhouse!$A61 -> SM050 | D16: =[22]Brewhouse!$AH61 -> 55.1 | E16: =[22]Brewhouse!$AM61 -> 51.7 | F16: =[22]Brewhouse!$Z61 -> 65 | G16: =[22]Brewhouse!$AK61 -> 17.5 | I16: =[22]Brewhouse!$AY61 -> 99.702837 | J16: =[22]Brewhouse!$AZ61 -> 100.49511 | K16: =[22]Brewhouse!$U61 -> 10.671506 | L16: =[22]Brewhouse!$T61 -> 61 | M16: =[22]Brewhouse!$Y61-[22]Brewhouse!$X61 -> 0.13194444 | N16: =[22]Brewhouse!$AD61 -> 0.27430556 | O16: =[22]Brewhouse!$BC61 -> R.Sookram | R16: =B16 -> STARMALT | S16: 17 | T16: 17.2 | U16: =VLOOKUP($B16,$R$3:$X$9,4,FALSE) -> 0 | V16: =VLOOKUP($B16,$R$3:$X$9,5,FALSE) -> 0.13605324 | W16: =VLOOKUP($B16,$R$3:$X$9,6,FALSE) -> 0.27430556 | X16: =VLOOKUP($B16,$R$3:$X$9,7,FALSE) -> 0.30902778 | Y16: =VLOOKUP($B16,$R$3:$Z$9,8,FALSE) -> 0 | Z16: =VLOOKUP($B16,$R$3:$Z$9,9,FALSE) -> 85
B17: STARMALT | C17: =[22]Brewhouse!$A62 -> SM051 | D17: =[22]Brewhouse!$AH62 -> 56.2 | E17: =[22]Brewhouse!$AM62 -> 53.9 | F17: =[22]Brewhouse!$Z62 -> 94 | G17: =[22]Brewhouse!$AK62 -> 16.8 | I17: =[22]Brewhouse!$AY62 -> 99.503395 | J17: =[22]Brewhouse!$AZ62 -> 100.29408 | K17: =[22]Brewhouse!$U62 -> 12.597865 | L17: =[22]Brewhouse!$T62 -> 61 | M17: =[22]Brewhouse!$Y62-[22]Brewhouse!$X62 -> 0.14513889 | N17: =[22]Brewhouse!$AD62 -> 0.30833333 | O17: =[22]Brewhouse!$BC62 -> R. Regis | R17: =B17 -> STARMALT | S17: 17 | T17: 17.2 | U17: =VLOOKUP($B17,$R$3:$X$9,4,FALSE) -> 0 | V17: =VLOOKUP($B17,$R$3:$X$9,5,FALSE) -> 0.13605324 | W17: =VLOOKUP($B17,$R$3:$X$9,6,FALSE) -> 0.27430556 | X17: =VLOOKUP($B17,$R$3:$X$9,7,FALSE) -> 0.30902778 | Y17: =VLOOKUP($B17,$R$3:$Z$9,8,FALSE) -> 0 | Z17: =VLOOKUP($B17,$R$3:$Z$9,9,FALSE) -> 85
B18: STARMALT | C18: =[22]Brewhouse!$A63 -> SM052 | D18: =[22]Brewhouse!$AH63 -> 56.6 | E18: =[22]Brewhouse!$AM63 -> 51.6 | F18: =[22]Brewhouse!$Z63 -> 91 | G18: =[22]Brewhouse!$AK63 -> 17.6 | I18: =[22]Brewhouse!$AY63 -> 100.14787 | J18: =[22]Brewhouse!$AZ63 -> 100.94368 | K18: =[22]Brewhouse!$U63 -> 5.795053 | L18: =[22]Brewhouse!$T63 -> 61 | M18: =[22]Brewhouse!$Y63-[22]Brewhouse!$X63 -> 0.18611111 | N18: =[22]Brewhouse!$AD63 -> 0.33611111 | O18: =[22]Brewhouse!$BC63 -> R. Regis | R18: =B18 -> STARMALT | S18: 17 | T18: 17.2 | U18: =VLOOKUP($B18,$R$3:$X$9,4,FALSE) -> 0 | V18: =VLOOKUP($B18,$R$3:$X$9,5,FALSE) -> 0.13605324 | W18: =VLOOKUP($B18,$R$3:$X$9,6,FALSE) -> 0.27430556 | X18: =VLOOKUP($B18,$R$3:$X$9,7,FALSE) -> 0.30902778 | Y18: =VLOOKUP($B18,$R$3:$Z$9,8,FALSE) -> 0 | Z18: =VLOOKUP($B18,$R$3:$Z$9,9,FALSE) -> 85
B19: STARMALT | C19: =[22]Brewhouse!$A64 -> SM053 | D19: =[22]Brewhouse!$AH64 -> 55.8 | E19: =[22]Brewhouse!$AM64 -> 48.3 | F19: =[22]Brewhouse!$Z64 -> 74 | G19: =[22]Brewhouse!$AK64 -> 16.8 | I19: =[22]Brewhouse!$AY64 -> 98.857519 | J19: =[22]Brewhouse!$AZ64 -> 99.738444 | K19: =[22]Brewhouse!$U64 -> 17.168459 | L19: =[22]Brewhouse!$T64 -> 61 | M19: =[22]Brewhouse!$Y64-[22]Brewhouse!$X64 -> 0.14722222 | N19: =[22]Brewhouse!$AD64 -> 0.31944444 | O19: =[22]Brewhouse!$BC64 -> R. Regis | R19: =B19 -> STARMALT | S19: 17 | T19: 17.2 | U19: =VLOOKUP($B19,$R$3:$X$9,4,FALSE) -> 0 | V19: =VLOOKUP($B19,$R$3:$X$9,5,FALSE) -> 0.13605324 | W19: =VLOOKUP($B19,$R$3:$X$9,6,FALSE) -> 0.27430556 | X19: =VLOOKUP($B19,$R$3:$X$9,7,FALSE) -> 0.30902778 | Y19: =VLOOKUP($B19,$R$3:$Z$9,8,FALSE) -> 0 | Z19: =VLOOKUP($B19,$R$3:$Z$9,9,FALSE) -> 85
B20: STARMALT | C20: =[22]Brewhouse!$A65 -> SM054 | D20: =[22]Brewhouse!$AH65 -> 54.3 | E20: =[22]Brewhouse!$AM65 -> 52.6 | F20: =[22]Brewhouse!$Z65 -> 78 | G20: =[22]Brewhouse!$AK65 -> 17.4 | I20: =[22]Brewhouse!$AY65 -> 100.43457 | J20: =[22]Brewhouse!$AZ65 -> 101.23641 | K20: =[22]Brewhouse!$U65 -> 12.117864 | L20: =[22]Brewhouse!$T65 -> 60 | M20: =[22]Brewhouse!$Y65-[22]Brewhouse!$X65 -> 0.13263889 | N20: =[22]Brewhouse!$AD65 -> 0.36041667 | O20: =[22]Brewhouse!$BC65 -> D. Gomaz | R20: =B20 -> STARMALT | S20: 17 | T20: 17.2 | U20: =VLOOKUP($B20,$R$3:$X$9,4,FALSE) -> 0 | V20: =VLOOKUP($B20,$R$3:$X$9,5,FALSE) -> 0.13605324 | W20: =VLOOKUP($B20,$R$3:$X$9,6,FALSE) -> 0.27430556 | X20: =VLOOKUP($B20,$R$3:$X$9,7,FALSE) -> 0.30902778 | Y20: =VLOOKUP($B20,$R$3:$Z$9,8,FALSE) -> 0 | Z20: =VLOOKUP($B20,$R$3:$Z$9,9,FALSE) -> 85
R21: =B21 -> 0 | S21: =VLOOKUP($B21,$R$3:$X$9,2,FALSE) -> #N/A | T21: =VLOOKUP($B21,$R$3:$X$9,3,FALSE) -> #N/A | U21: =VLOOKUP($B21,$R$3:$X$9,4,FALSE) -> #N/A | V21: =VLOOKUP($B21,$R$3:$X$9,5,FALSE) -> #N/A | W21: =VLOOKUP($B21,$R$3:$X$9,6,FALSE) -> #N/A | X21: =VLOOKUP($B21,$R$3:$X$9,7,FALSE) -> #N/A | Y21: =VLOOKUP($B21,$R$3:$Z$9,8,FALSE) -> #N/A | Z21: =VLOOKUP($B21,$R$3:$Z$9,9,FALSE) -> #N/A
R22: =B22 -> 0 | S22: =VLOOKUP($B22,$R$3:$X$9,2,FALSE) -> #N/A | T22: =VLOOKUP($B22,$R$3:$X$9,3,FALSE) -> #N/A | U22: =VLOOKUP($B22,$R$3:$X$9,4,FALSE) -> #N/A | V22: =VLOOKUP($B22,$R$3:$X$9,5,FALSE) -> #N/A | W22: =VLOOKUP($B22,$R$3:$X$9,6,FALSE) -> #N/A | X22: =VLOOKUP($B22,$R$3:$X$9,7,FALSE) -> #N/A | Y22: =VLOOKUP($B22,$R$3:$Z$9,8,FALSE) -> #N/A | Z22: =VLOOKUP($B22,$R$3:$Z$9,9,FALSE) -> #N/A
R23: =B23 -> 0 | S23: =VLOOKUP($B23,$R$3:$X$9,2,FALSE) -> #N/A | T23: =VLOOKUP($B23,$R$3:$X$9,3,FALSE) -> #N/A | U23: =VLOOKUP($B23,$R$3:$X$9,4,FALSE) -> #N/A | V23: =VLOOKUP($B23,$R$3:$X$9,5,FALSE) -> #N/A | W23: =VLOOKUP($B23,$R$3:$X$9,6,FALSE) -> #N/A | X23: =VLOOKUP($B23,$R$3:$X$9,7,FALSE) -> #N/A | Y23: =VLOOKUP($B23,$R$3:$Z$9,8,FALSE) -> #N/A | Z23: =VLOOKUP($B23,$R$3:$Z$9,9,FALSE) -> #N/A
R24: =B24 -> 0 | S24: =VLOOKUP($B24,$R$3:$X$9,2,FALSE) -> #N/A | T24: =VLOOKUP($B24,$R$3:$X$9,3,FALSE) -> #N/A | U24: =VLOOKUP($B24,$R$3:$X$9,4,FALSE) -> #N/A | V24: =VLOOKUP($B24,$R$3:$X$9,5,FALSE) -> #N/A | W24: =VLOOKUP($B24,$R$3:$X$9,6,FALSE) -> #N/A | X24: =VLOOKUP($B24,$R$3:$X$9,7,FALSE) -> #N/A | Y24: =VLOOKUP($B24,$R$3:$Z$9,8,FALSE) -> #N/A | Z24: =VLOOKUP($B24,$R$3:$Z$9,9,FALSE) -> #N/A
R25: =B25 -> 0 | S25: =VLOOKUP($B25,$R$3:$X$9,2,FALSE) -> #N/A | T25: =VLOOKUP($B25,$R$3:$X$9,3,FALSE) -> #N/A | U25: =VLOOKUP($B25,$R$3:$X$9,4,FALSE) -> #N/A | V25: =VLOOKUP($B25,$R$3:$X$9,5,FALSE) -> #N/A | W25: =VLOOKUP($B25,$R$3:$X$9,6,FALSE) -> #N/A | X25: =VLOOKUP($B25,$R$3:$X$9,7,FALSE) -> #N/A | Y25: =VLOOKUP($B25,$R$3:$Z$9,8,FALSE) -> #N/A | Z25: =VLOOKUP($B25,$R$3:$Z$9,9,FALSE) -> #N/A
B26: STAG | C26: =[24]Brewhouse!$A275 -> ST255 | D26: =[24]Brewhouse!$AD275 -> 48.6 | E26: =[24]Brewhouse!$AG275 -> 50.4 | F26: =[24]Brewhouse!$V275 -> 57 | G26: =[24]Brewhouse!$AE275 -> 12 | H26: 11.8 | I26: =[24]Brewhouse!$AS275 -> 100.83968 | J26: =[24]Brewhouse!$AT275 -> 102.2187 | K26: =[24]Brewhouse!$Q275 -> 14.694656 | L26: =[24]Brewhouse!$P275 -> 58 | M26: =[24]Brewhouse!$U275-[24]Brewhouse!$T275 -> 0.10694444 | N26: =[24]Brewhouse!$AW275 -> 0.23958333 | O26: =[24]Brewhouse!$AV275 -> R.Sookram | R26: =B26 -> STAG | S26: =VLOOKUP($B26,$R$3:$X$9,2,FALSE) -> 11.6 | T26: =VLOOKUP($B26,$R$3:$X$9,3,FALSE) -> 12 | U26: =VLOOKUP($B26,$R$3:$X$9,4,FALSE) -> 0 | V26: =VLOOKUP($B26,$R$3:$X$9,5,FALSE) -> 0.11805556 | W26: =VLOOKUP($B26,$R$3:$X$9,6,FALSE) -> 0.22569444 | X26: =VLOOKUP($B26,$R$3:$X$9,7,FALSE) -> 0.26388889 | Y26: =VLOOKUP($B26,$R$3:$Z$9,8,FALSE) -> 0 | Z26: =VLOOKUP($B26,$R$3:$Z$9,9,FALSE) -> 60
B27: July 3rd 2025
B28: STAG | C28: =[24]Brewhouse!$A276 -> ST256 | D28: =[24]Brewhouse!$AD276 -> 50.5 | E28: =[24]Brewhouse!$AG276 -> 49.6 | F28: =[24]Brewhouse!$V276 -> 61 | G28: =[24]Brewhouse!$AE276 -> 11.9 | H28: 11.8 | I28: =[24]Brewhouse!$AS276 -> 98.000691 | J28: =[24]Brewhouse!$AT276 -> 99.342197 | K28: =[24]Brewhouse!$Q276 -> 9.8076923 | L28: =[24]Brewhouse!$P276 -> 59 | M28: =[24]Brewhouse!$U276-[24]Brewhouse!$T276 -> 0.11388889 | N28: =[24]Brewhouse!$AW276 -> 0.24861111 | O28: =[24]Brewhouse!$AV276 -> R.Sookram
R29: =B29 -> 0 | S29: =VLOOKUP($B29,$R$3:$X$9,2,FALSE) -> #N/A | T29: =VLOOKUP($B29,$R$3:$X$9,3,FALSE) -> #N/A | U29: =VLOOKUP($B29,$R$3:$X$9,4,FALSE) -> #N/A | V29: =VLOOKUP($B29,$R$3:$X$9,5,FALSE) -> #N/A | W29: =VLOOKUP($B29,$R$3:$X$9,6,FALSE) -> #N/A | X29: =VLOOKUP($B29,$R$3:$X$9,7,FALSE) -> #N/A | Y29: =VLOOKUP($B29,$R$3:$Z$9,8,FALSE) -> #N/A | Z29: =VLOOKUP($B29,$R$3:$Z$9,9,FALSE) -> #N/A
R30: =B30 -> 0 | S30: =VLOOKUP($B30,$R$3:$X$9,2,FALSE) -> #N/A | T30: =VLOOKUP($B30,$R$3:$X$9,3,FALSE) -> #N/A | U30: =VLOOKUP($B30,$R$3:$X$9,4,FALSE) -> #N/A | V30: =VLOOKUP($B30,$R$3:$X$9,5,FALSE) -> #N/A | W30: =VLOOKUP($B30,$R$3:$X$9,6,FALSE) -> #N/A | X30: =VLOOKUP($B30,$R$3:$X$9,7,FALSE) -> #N/A | Y30: =VLOOKUP($B30,$R$3:$Z$9,8,FALSE) -> #N/A | Z30: =VLOOKUP($B30,$R$3:$Z$9,9,FALSE) -> #N/A
R31: =B31 -> 0 | S31: =VLOOKUP($B31,$R$3:$X$9,2,FALSE) -> #N/A | T31: =VLOOKUP($B31,$R$3:$X$9,3,FALSE) -> #N/A | U31: =VLOOKUP($B31,$R$3:$X$9,4,FALSE) -> #N/A | V31: =VLOOKUP($B31,$R$3:$X$9,5,FALSE) -> #N/A | W31: =VLOOKUP($B31,$R$3:$X$9,6,FALSE) -> #N/A | X31: =VLOOKUP($B31,$R$3:$X$9,7,FALSE) -> #N/A | Y31: =VLOOKUP($B31,$R$3:$Z$9,8,FALSE) -> #N/A | Z31: =VLOOKUP($B31,$R$3:$Z$9,9,FALSE) -> #N/A
R32: =B32 -> 0 | S32: =VLOOKUP($B32,$R$3:$X$9,2,FALSE) -> #N/A | T32: =VLOOKUP($B32,$R$3:$X$9,3,FALSE) -> #N/A | U32: =VLOOKUP($B32,$R$3:$X$9,4,FALSE) -> #N/A | V32: =VLOOKUP($B32,$R$3:$X$9,5,FALSE) -> #N/A | W32: =VLOOKUP($B32,$R$3:$X$9,6,FALSE) -> #N/A | X32: =VLOOKUP($B32,$R$3:$X$9,7,FALSE) -> #N/A | Y32: =VLOOKUP($B32,$R$3:$Z$9,8,FALSE) -> #N/A | Z32: =VLOOKUP($B32,$R$3:$Z$9,9,FALSE) -> #N/A
R33: =B33 -> 0 | S33: =VLOOKUP($B33,$R$3:$X$9,2,FALSE) -> #N/A | T33: =VLOOKUP($B33,$R$3:$X$9,3,FALSE) -> #N/A | U33: =VLOOKUP($B33,$R$3:$X$9,4,FALSE) -> #N/A | V33: =VLOOKUP($B33,$R$3:$X$9,5,FALSE) -> #N/A | W33: =VLOOKUP($B33,$R$3:$X$9,6,FALSE) -> #N/A | X33: =VLOOKUP($B33,$R$3:$X$9,7,FALSE) -> #N/A | Y33: =VLOOKUP($B33,$R$3:$Z$9,8,FALSE) -> #N/A | Z33: =VLOOKUP($B33,$R$3:$Z$9,9,FALSE) -> #N/A
R34: =B34 -> 0 | S34: =VLOOKUP($B34,$R$3:$X$9,2,FALSE) -> #N/A | T34: =VLOOKUP($B34,$R$3:$X$9,3,FALSE) -> #N/A | U34: =VLOOKUP($B34,$R$3:$X$9,4,FALSE) -> #N/A | V34: =VLOOKUP($B34,$R$3:$X$9,5,FALSE) -> #N/A | W34: =VLOOKUP($B34,$R$3:$X$9,6,FALSE) -> #N/A | X34: =VLOOKUP($B34,$R$3:$X$9,7,FALSE) -> #N/A | Y34: =VLOOKUP($B34,$R$3:$Z$9,8,FALSE) -> #N/A | Z34: =VLOOKUP($B34,$R$3:$Z$9,9,FALSE) -> #N/A
R35: =B35 -> 0 | S35: =VLOOKUP($B35,$R$3:$X$9,2,FALSE) -> #N/A | T35: =VLOOKUP($B35,$R$3:$X$9,3,FALSE) -> #N/A | U35: =VLOOKUP($B35,$R$3:$X$9,4,FALSE) -> #N/A | V35: =VLOOKUP($B35,$R$3:$X$9,5,FALSE) -> #N/A | W35: =VLOOKUP($B35,$R$3:$X$9,6,FALSE) -> #N/A | X35: =VLOOKUP($B35,$R$3:$X$9,7,FALSE) -> #N/A | Y35: =VLOOKUP($B35,$R$3:$Z$9,8,FALSE) -> #N/A | Z35: =VLOOKUP($B35,$R$3:$Z$9,9,FALSE) -> #N/A
R36: =B36 -> 0 | S36: =VLOOKUP($B36,$R$3:$X$9,2,FALSE) -> #N/A | T36: =VLOOKUP($B36,$R$3:$X$9,3,FALSE) -> #N/A | U36: =VLOOKUP($B36,$R$3:$X$9,4,FALSE) -> #N/A | V36: =VLOOKUP($B36,$R$3:$X$9,5,FALSE) -> #N/A | W36: =VLOOKUP($B36,$R$3:$X$9,6,FALSE) -> #N/A | X36: =VLOOKUP($B36,$R$3:$X$9,7,FALSE) -> #N/A | Y36: =VLOOKUP($B36,$R$3:$Z$9,8,FALSE) -> #N/A | Z36: =VLOOKUP($B36,$R$3:$Z$9,9,FALSE) -> #N/A
R37: =B37 -> 0 | S37: =VLOOKUP($B37,$R$3:$X$9,2,FALSE) -> #N/A | T37: =VLOOKUP($B37,$R$3:$X$9,3,FALSE) -> #N/A | U37: =VLOOKUP($B37,$R$3:$X$9,4,FALSE) -> #N/A | V37: =VLOOKUP($B37,$R$3:$X$9,5,FALSE) -> #N/A | W37: =VLOOKUP($B37,$R$3:$X$9,6,FALSE) -> #N/A | X37: =VLOOKUP($B37,$R$3:$X$9,7,FALSE) -> #N/A | Y37: =VLOOKUP($B37,$R$3:$Z$9,8,FALSE) -> #N/A | Z37: =VLOOKUP($B37,$R$3:$Z$9,9,FALSE) -> #N/A
R38: =B38 -> 0 | S38: =VLOOKUP($B38,$R$3:$X$9,2,FALSE) -> #N/A | T38: =VLOOKUP($B38,$R$3:$X$9,3,FALSE) -> #N/A | U38: =VLOOKUP($B38,$R$3:$X$9,4,FALSE) -> #N/A | V38: =VLOOKUP($B38,$R$3:$X$9,5,FALSE) -> #N/A | W38: =VLOOKUP($B38,$R$3:$X$9,6,FALSE) -> #N/A | X38: =VLOOKUP($B38,$R$3:$X$9,7,FALSE) -> #N/A | Y38: =VLOOKUP($B38,$R$3:$Z$9,8,FALSE) -> #N/A | Z38: =VLOOKUP($B38,$R$3:$Z$9,9,FALSE) -> #N/A
R39: =B39 -> 0 | S39: =VLOOKUP($B39,$R$3:$X$9,2,FALSE) -> #N/A | T39: =VLOOKUP($B39,$R$3:$X$9,3,FALSE) -> #N/A | U39: =VLOOKUP($B39,$R$3:$X$9,4,FALSE) -> #N/A | V39: =VLOOKUP($B39,$R$3:$X$9,5,FALSE) -> #N/A | W39: =VLOOKUP($B39,$R$3:$X$9,6,FALSE) -> #N/A | X39: =VLOOKUP($B39,$R$3:$X$9,7,FALSE) -> #N/A | Y39: =VLOOKUP($B39,$R$3:$Z$9,8,FALSE) -> #N/A | Z39: =VLOOKUP($B39,$R$3:$Z$9,9,FALSE) -> #N/A
R40: =B40 -> 0 | S40: =VLOOKUP($B40,$R$3:$X$9,2,FALSE) -> #N/A | T40: =VLOOKUP($B40,$R$3:$X$9,3,FALSE) -> #N/A | U40: =VLOOKUP($B40,$R$3:$X$9,4,FALSE) -> #N/A | V40: =VLOOKUP($B40,$R$3:$X$9,5,FALSE) -> #N/A | W40: =VLOOKUP($B40,$R$3:$X$9,6,FALSE) -> #N/A | X40: =VLOOKUP($B40,$R$3:$X$9,7,FALSE) -> #N/A | Y40: =VLOOKUP($B40,$R$3:$Z$9,8,FALSE) -> #N/A | Z40: =VLOOKUP($B40,$R$3:$Z$9,9,FALSE) -> #N/A
... R42: =B42 -> 0 | S42: =VLOOKUP($B42,$R$3:$X$9,2,FALSE) -> #N/A | T42: =VLOOKUP($B42,$R$3:$X$9,3,FALSE) -> #N/A | U42: =VLOOKUP($B42,$R$3:$X$9,4,FALSE) -> #N/A | V42: =VLOOKUP($B42,$R$3:$X$9,5,FALSE) -> #N/A | W42: =VLOOKUP($B42,$R$3:$X$9,6,FALSE) -> #N/A | X42: =VLOOKUP($B42,$R$3:$X$9,7,FALSE) -> #N/A | Y42: =VLOOKUP($B42,$R$3:$Z$9,8,FALSE) -> #N/A | Z42: =VLOOKUP($B42,$R$3:$Z$9,9,FALSE) -> #N/A
B43: BRAND | D43: BBT P.G./ O.G | I43: Brand | J43: Actual | K43: MTD No. of Brews | L43: MTD | M43: YTD | N43: Target | R43: =B43 -> BRAND | S43: =VLOOKUP($B43,$R$3:$X$9,2,FALSE) -> #N/A | T43: =VLOOKUP($B43,$R$3:$X$9,3,FALSE) -> #N/A | U43: =VLOOKUP($B43,$R$3:$X$9,4,FALSE) -> #N/A | V43: =VLOOKUP($B43,$R$3:$X$9,5,FALSE) -> #N/A | W43: =VLOOKUP($B43,$R$3:$X$9,6,FALSE) -> #N/A | X43: =VLOOKUP($B43,$R$3:$X$9,7,FALSE) -> #N/A | Y43: =VLOOKUP($B43,$R$3:$Z$9,8,FALSE) -> #N/A | Z43: =VLOOKUP($B43,$R$3:$Z$9,9,FALSE) -> #N/A
B44: Shandy Ginger | I44: CARIB | K44: =COUNTA([23]Brewhouse!$A$580:$A$583) -> 4 | L44: =AVERAGE([23]Brewhouse!$AU$580:$AU$583) -> 99.431733 | M44: =AVERAGE([23]Brewhouse!$AU$102:$AU$171,[23]Brewhouse!$AU$173:$AU$253,[23]Brewhouse!$AU$255:$AU$339,[23]Brewhouse!$AU$341:$AU$346,[23]Brewhouse!$AU$348,[23]Brewhouse!$AU$349:$AU$406,[23]Brewhouse!$AU$408:$AU$491,[23]Brewhouse!$AU$493:$AU$578,[23]Brewhouse!$AU$580:$AU$583) -> 97.764024 | N44: 98
I45: STAG | J45: =I26 -> 100.83968 | K45: =COUNTA([24]Brewhouse!$A$275:$A$276) -> 2 | L45: =AVERAGE([24]Brewhouse!$AS$275:$AS$276) -> 99.420187 | M45: =AVERAGE([24]Brewhouse!$AS$15:$AS$64,[24]Brewhouse!$AS$66:$AS$103,[24]Brewhouse!$AS$105:$AS$140,[24]Brewhouse!$AS$142:$AS$193,[24]Brewhouse!$AS$195:$AS$240,[24]Brewhouse!$AS$242:$AS$273,[24]Brewhouse!$AS$275:$AS$276) -> 97.888321 | N45: 98
I46: GUINNESS | M46: =AVERAGE([25]Brewhouse!$AU$4:$AU$7,[25]Brewhouse!$AU$9:$AU$22,[25]Brewhouse!$AU$24:$AU$35,[25]Brewhouse!$AU$37:$AU$45,[25]Brewhouse!$AU$47:$AU$62) -> 97.179377 | N46: 98
I47: VITAMALT | M47: =AVERAGE([26]Brewhouse!$AV$5:$AV$14,[26]Brewhouse!$AV$16:$AV$19,[26]Brewhouse!$AV$21:$AV$24,[26]Brewhouse!$AV$26:$AV$33,[26]Brewhouse!$AV$35:$AV$46,[26]Brewhouse!$AV$48:$AV$53) -> 98.620084 | N47: 98
I48: MAXIMALT | N48: 98
I49: MACKESON | M49: =AVERAGE([27]Brewhouse!$AT$4:$AT$11,[27]Brewhouse!$AT$13:$AT$16,[27]Brewhouse!$AT$18:$AT$21) -> 94.77317 | N49: 98
I50: STARMALT | J50: =AVERAGE(I15:I20) -> 99.706652 | K50: =COUNTA([22]Brewhouse!$A$56:$A$65) -> 10 | L50: =AVERAGE([22]Brewhouse!$AY$56:$AY$65) -> 99.275501 | M50: =AVERAGE([22]Brewhouse!$AY$6:$AY$13,[22]Brewhouse!$AY$15:$AY$20,[22]Brewhouse!$AY$22:$AY$29,[22]Brewhouse!$AY$31:$AY$34,[22]Brewhouse!$AY$36:$AY$43,[22]Brewhouse!$AY$45:$AY$50, [22]Brewhouse!$AY$56:$AY$65) -> 97.1452 | N50: 98
I51: HR- Pils | M51: =AVERAGE([28]Brewhouse!$AU$5:$AU$8,[28]Brewhouse!$AU$10:$AU$13) -> 94.247667 | N51: 98
I52: HR- IPA | M52: =AVERAGE([29]Brewhouse!$AW$26:$AW$27) -> 95.310681 | N52: 98
I53: HR- APA | M53: =AVERAGE([30]Brewhouse!$AU$13:$AU$14) -> 97.110575 | N53: 98
K54: =SUM(K44:K53) -> 16 | L54: =((L44*K44)+(L45*K45)+(L46*K46)+(L47*K47)+(L48*K48)+(K51*L51)+(L49*K49)+(L50*K50)+(L53*K53))/(K54) -> 99.332645 | M54: =AVERAGE('[31]Jan 31st'!$L$65,'[32]Feb 28th'!$L$35,'[33]Mar. 31st'!$L$35,'[34]Apr. 30th'!$L$45,'[35]May 30th'!$L$37,L54) -> 97.91865 | N54: 98
B56: Shandy Sorrel | J56: Daily Brewing Plan
J57: Brand | K57: Brews Achieved | L57: Average Brews per day
J58: CARIB | L58: MTD | M58: YTD | N58: TARGET
J59: STAG | K59: 1 | L59: =AVERAGE(K68,'July 1st'!K67) -> 7.5 | M59: =AVERAGE('[31]Jan 29th '!$M$70,'[32]Feb 28th'!$L$40,'[33]Mar. 31st'!$L$40,'[34]Apr. 30th'!$L$50,'[35]May 30th'!$L$42,L59) -> 6.7844402 | N59: 9.2
J60: GUINN
J61: VITAMALT
J62: STARMALT | K62: 6
J63: MACKESON
J64: HURRICANE REEF- IPA
J65: HURRICANE REEF- APA
B66: AVERAGE | D66: =AVERAGE(D44:E65) -> #DIV/0! | J66: HR- PILSNER
J67: CARIBE
J68: Total | K68: =SUM(K58:K67) -> 7
B69: Process: | C69: Fermentation/Filtration
B71: Brand | C71: Filt. Date | D71: FV Hls | E71: GFE/ Prim/ Vita Blend (Hls) | F71: SV Hls | G71: BBT Hls | H71: Loss (%) Ferm | I71: Loss (%) Filt | J71: Comments | K71: Throughput | L71: Process Loss (%) | M71: Filt. Operator
AB72: 43474 | AC72: 43475 | AD72: 43476 | AE72: 43477 | AF72: 43478 | AG72: 43479 | AH72: 43480 | AI72: 43481 | AJ72: 43482 | AK72: 43483 | AL72: 43484 | AM72: 43485 | AN72: 43486 | AO72: 43487 | AP72: 43488 | AQ72: 43489 | AR72: 43490 | AS72: 43491 | AT72: 43492 | AU72: 43493 | AV72: 43494 | AW72: 43495 | AX72: 43496
B73: =B78 -> CARIB | C73: 45839 | J73: NO SBF | L73: =(((D73+E73)-G73)/(D73+E73))*100 -> #DIV/0! | M73: K. Neptune | AB73: =[20]January_2019!L7 -> 285.8 | AC73: =[20]January_2019!M7 -> 508.1 | AD73: =[20]January_2019!N7 -> 0 | AE73: =[20]January_2019!O7 -> 0 | AF73: =[20]January_2019!P7 -> 109.56667 | AG73: =[20]January_2019!Q7 -> 297.65 | AH73: =[20]January_2019!R7 -> 122.3 | AI73: =[20]January_2019!S7 -> 0 | ... AX73: =[20]January_2019!AH7 -> 0
B76: Process Loss (Volume) | G76: Process Loss (Extract) | K76: Throughput
B77: Brand | C77: Actual | D77: MTD | E77: YTD | F77: Target | G77: Actual | H77: MTD | I77: YTD | J77: Target | K77: Actual | L77: MTD | M77: YTD | N77: Target
B78: CARIB | D78: 3.6561848 | E78: 6.5263296 | F78: 4.8 | H78: 2.720808 | I78: 6.4851456 | J78: 4.8 | L78: 0.85894737 | M78: 0.72279938 | N78: 1
B79: STAG | D79: 5.1037577 | E79: 6.0971945 | F79: 4.8 | H79: 3.2384753 | I79: 5.8932726 | J79: 4.8 | M79: 0.7603108 | N79: 1
B80: GUINN | E80: 11.960274 | F80: 5.5 | I80: 13.111031 | J80: 5.5 | M80: 0.48693986 | N80: 1
B81: VITAMALT | E81: 5.4214697 | F81: 3.3 | I81: 5.263029 | J81: 3.3 | M81: 0.69194862 | N81: 1
B82: MAXIMALT | F82: 3.3 | J82: 3 | N82: 1
B83: MACKESON | E83: 7.3129862 | F83: =[21]May_2022!$M$43 -> 3.4878407 | I83: 8.9862703 | J83: 5.5 | M83: 0.59276316 | N83: 1
B84: STARMALT | E84: 3.1283186 | F84: 3.3 | I84: 4.6716573 | J84: 3.3 | M84: 0.70412549 | N84: 1
B85: HURRICANE REEF | F85: 7.5 | J85: 7.5 | N85: 1
B86: HURRICANE REEF PILS | E86: 4.8792509 | F86: 4.8 | I86: 6.2003724 | J86: 4.8 | M86: 0.33859649 | N86: 1
D87: 4.2531048 | E87: 6.5866041 | F87: 5.5 | H87: 2.9327429 | I87: 6.8694163 | J87: 5.5 | L87: 0.85894737 | M87: 0.69815448 | N87: 1

Sheet July 3rd
S1: P.G. | U1: Hot Time | W1: Process Time | Y1: Cooling Time
B2: Brewing Department Daily Process Loss Report | S2: Lower | T2: Upper | U2: Lower | V2: Upper | W2: Lower | X2: Upper | Y2: Lower | Z2: Upper
R3: CARIB | S3: 11.6 | T3: 12 | U3: 0 | V3: 0.11805556 | W3: 0.22569444 | X3: 0.26388889 | Y3: 0 | Z3: 60 | AB3: HR- PISNER
B4: Date: | C4: 45842 | J4: LOT WORT COLOUR: 3.3 | M4: Filter Sheets (Target 20 days) | R4: STAG | S4: 11.6 | T4: 12 | U4: 0 | V4: 0.11805556 | W4: 0.22569444 | X4: 0.26388889 | Y4: 0 | Z4: 60
M5: Double | N5: Single | R5: GUINNESS | S5: 17 | T5: 17.5 | U5: 0 | V5: 0.10763889 | W5: 0.24652778 | X5: 0.28472222 | Y5: 0 | Z5: 60
J6: MALT LOT: Lot #40 | L6: Sheet Day | M6: 10 | N6: 10 | R6: MACKESON | S6: 13.3 | T6: 13.5 | U6: 0 | V6: 0.12905093 | W6: 0.27430556 | X6: 0.30208333 | Y6: 0
R7: STARMALT | S7: 17.1 | T7: 17.5 | U7: 0 | V7: 0.13605324 | W7: 0.27430556 | X7: 0.30902778 | Y7: 0 | Z7: 85
B8: Brand | C8: Brew no. | D8: Kett. Hls | E8: Wort | F8: Cool Time(Mins) | G8: Cast. P.G. (Lab Result) | H8: Cast P.G. (Cellar Operator)-gravity | I8: Extr. Rec (79.4%) | J8: Theor. Extr. (77.5%) | K8: Boil Off /Vol. (4-6%) | L8: Boil Time | M8: Total Hot | N8: Brewing | O8: Operator | R8: Hurricane Reef | S8: 16.6 | T8: 17 | U8: 0 | V8: 0.12905093 | W8: 0.27430556 | X8: 0.30208333 | Y8: 0
E9: Meter (Hls) | F9: Target(< 60Mins) | M9: Time | R9: VITAMALT | S9: 14.4 | T9: 14.6 | U9: 0 | V9: 0.13905093 | W9: 0.26041667 | X9: 0.29513889 | Y9: 0 | Z9: 75
B10: STAG | C10: =[24]Brewhouse!$A276 -> ST256 | D10: =[24]Brewhouse!$AD276 -> 50.5 | E10: =[24]Brewhouse!$AG276 -> 49.6 | F10: =[24]Brewhouse!$V276 -> 61 | G10: =[24]Brewhouse!$AE276 -> 11.9 | H10: 11.8 | I10: =[24]Brewhouse!$AS276 -> 98.000691 | J10: =[24]Brewhouse!$AT276 -> 99.342197 | K10: =[24]Brewhouse!$Q276 -> 9.8076923 | L10: =[24]Brewhouse!$P276 -> 59 | M10: =[24]Brewhouse!$U276-[24]Brewhouse!$T276 -> 0.11388889 | N10: =[24]Brewhouse!$AW276 -> 0.24861111 | O10: =[24]Brewhouse!$AV276 -> R.Sookram | R10: =B10 -> STAG | S10: =VLOOKUP($B10,$R$3:$X$9,2,FALSE) -> 11.6 | T10: =VLOOKUP($B10,$R$3:$X$9,3,FALSE) -> 12 | U10: =VLOOKUP($B10,$R$3:$X$9,4,FALSE) -> 0 | V10: =VLOOKUP($B10,$R$3:$X$9,5,FALSE) -> 0.11805556 | W10: =VLOOKUP($B10,$R$3:$X$9,6,FALSE) -> 0.22569444 | X10: =VLOOKUP($B10,$R$3:$X$9,7,FALSE) -> 0.26388889 | Y10: =VLOOKUP($B10,$R$3:$Z$9,8,FALSE) -> 0 | Z10: =VLOOKUP($B10,$R$3:$Z$9,9,FALSE) -> 60
B11: STAG | C11: =[24]Brewhouse!$A277 -> ST257 | D11: =[24]Brewhouse!$AD277 -> 47.9 | E11: =[24]Brewhouse!$AG277 -> 48.1 | F11: =[24]Brewhouse!$V277 -> 59 | G11: =[24]Brewhouse!$AE277 -> 11.9 | H11: 11.9 | I11: =[24]Brewhouse!$AS277 -> 95.27537 | J11: =[24]Brewhouse!$AT277 -> 96.578719 | K11: =[24]Brewhouse!$Q277 -> 18.019802 | L11: =[24]Brewhouse!$P277 -> 61 | M11: =[24]Brewhouse!$U277-[24]Brewhouse!$T277 -> 0.14305556 | N11: =[24]Brewhouse!$AW277 -> 0.30138889 | O11: =[24]Brewhouse!$AV277 -> R. Regis | R11: =B11 -> STAG | S11: =VLOOKUP($B11,$R$3:$X$9,2,FALSE) -> 11.6 | T11: =VLOOKUP($B11,$R$3:$X$9,3,FALSE) -> 12 | U11: =VLOOKUP($B11,$R$3:$X$9,4,FALSE) -> 0 | V11: =VLOOKUP($B11,$R$3:$X$9,5,FALSE) -> 0.11805556 | W11: =VLOOKUP($B11,$R$3:$X$9,6,FALSE) -> 0.22569444 | X11: =VLOOKUP($B11,$R$3:$X$9,7,FALSE) -> 0.26388889 | Y11: =VLOOKUP($B11,$R$3:$Z$9,8,FALSE) -> 0 | Z11: =VLOOKUP($B11,$R$3:$Z$9,9,FALSE) -> 60
B12: STAG | C12: =[24]Brewhouse!$A278 -> ST258 | D12: =[24]Brewhouse!$AD278 -> 50.2 | E12: =[24]Brewhouse!$AG278 -> 50.2 | F12: =[24]Brewhouse!$V278 -> 58 | G12: =[24]Brewhouse!$AE278 -> 11.9 | H12: 11.8 | I12: =[24]Brewhouse!$AS278 -> 99.435002 | J12: =[24]Brewhouse!$AT278 -> 100.79525 | K12: =[24]Brewhouse!$Q278 -> 14.259598 | L12: =[24]Brewhouse!$P278 -> 61 | M12: =[24]Brewhouse!$U278-[24]Brewhouse!$T278 -> 0.11805556 | N12: =[24]Brewhouse!$AW278 -> 0.28680556 | O12: =[24]Brewhouse!$AV278 -> R. Regis | R12: =B12 -> STAG | S12: =VLOOKUP($B12,$R$3:$X$9,2,FALSE) -> 11.6 | T12: =VLOOKUP($B12,$R$3:$X$9,3,FALSE) -> 12 | U12: =VLOOKUP($B12,$R$3:$X$9,4,FALSE) -> 0 | V12: =VLOOKUP($B12,$R$3:$X$9,5,FALSE) -> 0.11805556 | W12: =VLOOKUP($B12,$R$3:$X$9,6,FALSE) -> 0.22569444 | X12: =VLOOKUP($B12,$R$3:$X$9,7,FALSE) -> 0.26388889 | Y12: =VLOOKUP($B12,$R$3:$Z$9,8,FALSE) -> 0 | Z12: =VLOOKUP($B12,$R$3:$Z$9,9,FALSE) -> 60
B13: STAG | C13: =[24]Brewhouse!$A279 -> ST259 | D13: =[24]Brewhouse!$AD279 -> 48.7 | E13: =[24]Brewhouse!$AG279 -> 47.7 | F13: =[24]Brewhouse!$V279 -> 59 | G13: =[24]Brewhouse!$AE279 -> 12.3 | H13: 12 | I13: =[24]Brewhouse!$AS279 -> 97.945072 | J13: =[24]Brewhouse!$AT279 -> 99.284503 | K13: =[24]Brewhouse!$Q279 -> 14.150943 | L13: =[24]Brewhouse!$P279 -> 70 | M13: =[24]Brewhouse!$U279-[24]Brewhouse!$T279 -> 0.12222222 | N13: =[24]Brewhouse!$AW279 -> 0.25833333 | O13: =[24]Brewhouse!$AV279 -> R. Regis | R13: =B13 -> STAG | S13: =VLOOKUP($B13,$R$3:$X$9,2,FALSE) -> 11.6 | T13: =VLOOKUP($B13,$R$3:$X$9,3,FALSE) -> 12 | U13: =VLOOKUP($B13,$R$3:$X$9,4,FALSE) -> 0 | V13: =VLOOKUP($B13,$R$3:$X$9,5,FALSE) -> 0.11805556 | W13: =VLOOKUP($B13,$R$3:$X$9,6,FALSE) -> 0.22569444 | X13: =VLOOKUP($B13,$R$3:$X$9,7,FALSE) -> 0.26388889 | Y13: =VLOOKUP($B13,$R$3:$Z$9,8,FALSE) -> 0 | Z13: =VLOOKUP($B13,$R$3:$Z$9,9,FALSE) -> 60
B14: STAG | C14: =[24]Brewhouse!$A280 -> ST260 | D14: =[24]Brewhouse!$AD280 -> 50.9 | E14: =[24]Brewhouse!$AG280 -> 51 | F14: =[24]Brewhouse!$V280 -> 61 | G14: =[24]Brewhouse!$AE280 -> 11.7 | H14: 11.7 | I14: =[24]Brewhouse!$AS280 -> 99.110224 | J14: =[24]Brewhouse!$AT280 -> 100.46648 | K14: =[24]Brewhouse!$Q280 -> 11.797753 | L14: =[24]Brewhouse!$P280 -> 60 | M14: =[24]Brewhouse!$U280-[24]Brewhouse!$T280 -> 0.1125 | N14: =[24]Brewhouse!$AW280 -> 0.24930556 | O14: =[24]Brewhouse!$AV280 -> R. Regis
B15: STAG | C15: =[24]Brewhouse!$A281 -> ST261 | D15: =[24]Brewhouse!$AD281 -> 52.4 | E15: =[24]Brewhouse!$AG281 -> 52.2 | F15: =[24]Brewhouse!$V281 -> 66 | G15: =[24]Brewhouse!$AE281 -> 11.6 | H15: 11.6 | I15: =[24]Brewhouse!$AS281 -> 100.65592 | J15: =[24]Brewhouse!$AT281 -> 102.03288 | K15: =[24]Brewhouse!$Q281 -> 12.081784 | L15: =[24]Brewhouse!$P281 -> 61 | M15: =[24]Brewhouse!$U281-[24]Brewhouse!$T281 -> 0.11805556 | N15: =[24]Brewhouse!$AW281 -> 0.25833333 | O15: =[24]Brewhouse!$AV281 -> D. Gomaz | R15: =B15 -> STAG | S15: 17 | T15: 17.2 | U15: =VLOOKUP($B15,$R$3:$X$9,4,FALSE) -> 0 | V15: =VLOOKUP($B15,$R$3:$X$9,5,FALSE) -> 0.11805556 | W15: =VLOOKUP($B15,$R$3:$X$9,6,FALSE) -> 0.22569444 | X15: =VLOOKUP($B15,$R$3:$X$9,7,FALSE) -> 0.26388889 | Y15: =VLOOKUP($B15,$R$3:$Z$9,8,FALSE) -> 0 | Z15: =VLOOKUP($B15,$R$3:$Z$9,9,FALSE) -> 60
B16: STAG | C16: =[24]Brewhouse!$A282 -> ST262 | D16: =[24]Brewhouse!$AD282 -> 51.7 | E16: =[24]Brewhouse!$AG282 -> 51.8 | F16: =[24]Brewhouse!$V282 -> 65 | G16: =[24]Brewhouse!$AE282 -> 11.7 | H16: 11.6 | I16: =[24]Brewhouse!$AS282 -> 100.79116 | J16: =[24]Brewhouse!$AT282 -> 102.16996 | K16: =[24]Brewhouse!$Q282 -> 13.259669 | L16: =[24]Brewhouse!$P282 -> 58 | M16: =[24]Brewhouse!$U282-[24]Brewhouse!$T282 -> 0.11180556 | N16: =[24]Brewhouse!$AW282 -> 0.24861111 | O16: =[24]Brewhouse!$AV282 -> D. Gomaz | R16: =B16 -> STAG | S16: 17 | T16: 17.2 | U16: =VLOOKUP($B16,$R$3:$X$9,4,FALSE) -> 0 | V16: =VLOOKUP($B16,$R$3:$X$9,5,FALSE) -> 0.11805556 | W16: =VLOOKUP($B16,$R$3:$X$9,6,FALSE) -> 0.22569444 | X16: =VLOOKUP($B16,$R$3:$X$9,7,FALSE) -> 0.26388889 | Y16: =VLOOKUP($B16,$R$3:$Z$9,8,FALSE) -> 0 | Z16: =VLOOKUP($B16,$R$3:$Z$9,9,FALSE) -> 60
R17: =B17 -> 0 | S17: 17 | T17: 17.2 | U17: =VLOOKUP($B17,$R$3:$X$9,4,FALSE) -> #N/A | V17: =VLOOKUP($B17,$R$3:$X$9,5,FALSE) -> #N/A | W17: =VLOOKUP($B17,$R$3:$X$9,6,FALSE) -> #N/A | X17: =VLOOKUP($B17,$R$3:$X$9,7,FALSE) -> #N/A | Y17: =VLOOKUP($B17,$R$3:$Z$9,8,FALSE) -> #N/A | Z17: =VLOOKUP($B17,$R$3:$Z$9,9,FALSE) -> #N/A
R18: =B18 -> 0 | S18: 17 | T18: 17.2 | U18: =VLOOKUP($B18,$R$3:$X$9,4,FALSE) -> #N/A | V18: =VLOOKUP($B18,$R$3:$X$9,5,FALSE) -> #N/A | W18: =VLOOKUP($B18,$R$3:$X$9,6,FALSE) -> #N/A | X18: =VLOOKUP($B18,$R$3:$X$9,7,FALSE) -> #N/A | Y18: =VLOOKUP($B18,$R$3:$Z$9,8,FALSE) -> #N/A | Z18: =VLOOKUP($B18,$R$3:$Z$9,9,FALSE) -> #N/A
R19: =B19 -> 0 | S19: 17 | T19: 17.2 | U19: =VLOOKUP($B19,$R$3:$X$9,4,FALSE) -> #N/A | V19: =VLOOKUP($B19,$R$3:$X$9,5,FALSE) -> #N/A | W19: =VLOOKUP($B19,$R$3:$X$9,6,FALSE) -> #N/A | X19: =VLOOKUP($B19,$R$3:$X$9,7,FALSE) -> #N/A | Y19: =VLOOKUP($B19,$R$3:$Z$9,8,FALSE) -> #N/A | Z19: =VLOOKUP($B19,$R$3:$Z$9,9,FALSE) -> #N/A
R20: =B20 -> 0 | S20: 17 | T20: 17.2 | U20: =VLOOKUP($B20,$R$3:$X$9,4,FALSE) -> #N/A | V20: =VLOOKUP($B20,$R$3:$X$9,5,FALSE) -> #N/A | W20: =VLOOKUP($B20,$R$3:$X$9,6,FALSE) -> #N/A | X20: =VLOOKUP($B20,$R$3:$X$9,7,FALSE) -> #N/A | Y20: =VLOOKUP($B20,$R$3:$Z$9,8,FALSE) -> #N/A | Z20: =VLOOKUP($B20,$R$3:$Z$9,9,FALSE) -> #N/A
B21: CARIB | C21: =[23]Brewhouse!$A584 -> CA477 | D21: =[23]Brewhouse!$AF584 -> 50.9 | E21: =[23]Brewhouse!$AI584 -> 48.8 | F21: =[23]Brewhouse!$V584 -> 56 | G21: =[23]Brewhouse!$AG584 -> 11.9 | H21: 11.8 | I21: =[23]Brewhouse!$AU584 -> 95.185471 | J21: =[23]Brewhouse!$AV584 -> 96.759308 | K21: =[23]Brewhouse!$Q584 -> 10.948122 | L21: =[23]Brewhouse!$P584 -> 60 | M21: =[23]Brewhouse!$U584-[23]Brewhouse!$T584 -> 0.10763889 | N21: =[23]Brewhouse!$Z584 -> 0.23958333 | O21: =[23]Brewhouse!$AX584 -> D. Gomez | R21: =B21 -> CARIB | S21: =VLOOKUP($B21,$R$3:$X$9,2,FALSE) -> 11.6 | T21: =VLOOKUP($B21,$R$3:$X$9,3,FALSE) -> 12 | U21: =VLOOKUP($B21,$R$3:$X$9,4,FALSE) -> 0 | V21: =VLOOKUP($B21,$R$3:$X$9,5,FALSE) -> 0.11805556 | W21: =VLOOKUP($B21,$R$3:$X$9,6,FALSE) -> 0.22569444 | X21: =VLOOKUP($B21,$R$3:$X$9,7,FALSE) -> 0.26388889 | Y21: =VLOOKUP($B21,$R$3:$Z$9,8,FALSE) -> 0 | Z21: =VLOOKUP($B21,$R$3:$Z$9,9,FALSE) -> 60
B22: CARIB | C22: =[23]Brewhouse!$A585 -> CA478 | D22: =[23]Brewhouse!$AF585 -> 53 | E22: =[23]Brewhouse!$AI585 -> 49.4 | F22: =[23]Brewhouse!$V585 -> 58 | G22: =[23]Brewhouse!$AG585 -> 11.8 | H22: 11.7 | I22: =[23]Brewhouse!$AU585 -> 99.179467 | J22: =[23]Brewhouse!$AV585 -> 100.81656 | K22: =[23]Brewhouse!$Q585 -> 9.8395722 | L22: =[23]Brewhouse!$P585 -> 62 | M22: =[23]Brewhouse!$U585-[23]Brewhouse!$T585 -> 0.10902778 | N22: =[23]Brewhouse!$Z585 -> 0.24375 | O22: =[23]Brewhouse!$AX585 -> R. Sookram | R22: =B22 -> CARIB | S22: =VLOOKUP($B22,$R$3:$X$9,2,FALSE) -> 11.6 | T22: =VLOOKUP($B22,$R$3:$X$9,3,FALSE) -> 12 | U22: =VLOOKUP($B22,$R$3:$X$9,4,FALSE) -> 0 | V22: =VLOOKUP($B22,$R$3:$X$9,5,FALSE) -> 0.11805556 | W22: =VLOOKUP($B22,$R$3:$X$9,6,FALSE) -> 0.22569444 | X22: =VLOOKUP($B22,$R$3:$X$9,7,FALSE) -> 0.26388889 | Y22: =VLOOKUP($B22,$R$3:$Z$9,8,FALSE) -> 0 | Z22: =VLOOKUP($B22,$R$3:$Z$9,9,FALSE) -> 60
B23: CARIB | C23: =[23]Brewhouse!$A586 -> CA479 | D23: =[23]Brewhouse!$AF586 -> 52.4 | E23: =[23]Brewhouse!$AI586 -> 50.4 | F23: =[23]Brewhouse!$V586 -> 59 | G23: =[23]Brewhouse!$AG586 -> 12 | H23: 12 | I23: =[23]Brewhouse!$AU586 -> 99.543728 | J23: =[23]Brewhouse!$AV586 -> 101.18936 | K23: =[23]Brewhouse!$Q586 -> 8.3687943 | L23: =[23]Brewhouse!$P586 -> 66 | M23: =[23]Brewhouse!$U586-[23]Brewhouse!$T586 -> 0.10763889 | N23: =[23]Brewhouse!$Z586 -> 0.24861111 | O23: =[23]Brewhouse!$AX586 -> R. Sookram | R23: =B23 -> CARIB | S23: =VLOOKUP($B23,$R$3:$X$9,2,FALSE) -> 11.6 | T23: =VLOOKUP($B23,$R$3:$X$9,3,FALSE) -> 12 | U23: =VLOOKUP($B23,$R$3:$X$9,4,FALSE) -> 0 | V23: =VLOOKUP($B23,$R$3:$X$9,5,FALSE) -> 0.11805556 | W23: =VLOOKUP($B23,$R$3:$X$9,6,FALSE) -> 0.22569444 | X23: =VLOOKUP($B23,$R$3:$X$9,7,FALSE) -> 0.26388889 | Y23: =VLOOKUP($B23,$R$3:$Z$9,8,FALSE) -> 0 | Z23: =VLOOKUP($B23,$R$3:$Z$9,9,FALSE) -> 60
R24: =B24 -> 0 | S24: =VLOOKUP($B24,$R$3:$X$9,2,FALSE) -> #N/A | T24: =VLOOKUP($B24,$R$3:$X$9,3,FALSE) -> #N/A | U24: =VLOOKUP($B24,$R$3:$X$9,4,FALSE) -> #N/A | V24: =VLOOKUP($B24,$R$3:$X$9,5,FALSE) -> #N/A | W24: =VLOOKUP($B24,$R$3:$X$9,6,FALSE) -> #N/A | X24: =VLOOKUP($B24,$R$3:$X$9,7,FALSE) -> #N/A | Y24: =VLOOKUP($B24,$R$3:$Z$9,8,FALSE) -> #N/A | Z24: =VLOOKUP($B24,$R$3:$Z$9,9,FALSE) -> #N/A
R25: =B25 -> 0 | S25: =VLOOKUP($B25,$R$3:$X$9,2,FALSE) -> #N/A | T25: =VLOOKUP($B25,$R$3:$X$9,3,FALSE) -> #N/A | U25: =VLOOKUP($B25,$R$3:$X$9,4,FALSE) -> #N/A | V25: =VLOOKUP($B25,$R$3:$X$9,5,FALSE) -> #N/A | W25: =VLOOKUP($B25,$R$3:$X$9,6,FALSE) -> #N/A | X25: =VLOOKUP($B25,$R$3:$X$9,7,FALSE) -> #N/A | Y25: =VLOOKUP($B25,$R$3:$Z$9,8,FALSE) -> #N/A | Z25: =VLOOKUP($B25,$R$3:$Z$9,9,FALSE) -> #N/A
R26: =B26 -> 0 | S26: =VLOOKUP($B26,$R$3:$X$9,2,FALSE) -> #N/A | T26: =VLOOKUP($B26,$R$3:$X$9,3,FALSE) -> #N/A | U26: =VLOOKUP($B26,$R$3:$X$9,4,FALSE) -> #N/A | V26: =VLOOKUP($B26,$R$3:$X$9,5,FALSE) -> #N/A | W26: =VLOOKUP($B26,$R$3:$X$9,6,FALSE) -> #N/A | X26: =VLOOKUP($B26,$R$3:$X$9,7,FALSE) -> #N/A | Y26: =VLOOKUP($B26,$R$3:$Z$9,8,FALSE) -> #N/A | Z26: =VLOOKUP($B26,$R$3:$Z$9,9,FALSE) -> #N/A
R29: =B29 -> 0 | S29: =VLOOKUP($B29,$R$3:$X$9,2,FALSE) -> #N/A | T29: =VLOOKUP($B29,$R$3:$X$9,3,FALSE) -> #N/A | U29: =VLOOKUP($B29,$R$3:$X$9,4,FALSE) -> #N/A | V29: =VLOOKUP($B29,$R$3:$X$9,5,FALSE) -> #N/A | W29: =VLOOKUP($B29,$R$3:$X$9,6,FALSE) -> #N/A | X29: =VLOOKUP($B29,$R$3:$X$9,7,FALSE) -> #N/A | Y29: =VLOOKUP($B29,$R$3:$Z$9,8,FALSE) -> #N/A | Z29: =VLOOKUP($B29,$R$3:$Z$9,9,FALSE) -> #N/A
R30: =B30 -> 0 | S30: =VLOOKUP($B30,$R$3:$X$9,2,FALSE) -> #N/A | T30: =VLOOKUP($B30,$R$3:$X$9,3,FALSE) -> #N/A | U30: =VLOOKUP($B30,$R$3:$X$9,4,FALSE) -> #N/A | V30: =VLOOKUP($B30,$R$3:$X$9,5,FALSE) -> #N/A | W30: =VLOOKUP($B30,$R$3:$X$9,6,FALSE) -> #N/A | X30: =VLOOKUP($B30,$R$3:$X$9,7,FALSE) -> #N/A | Y30: =VLOOKUP($B30,$R$3:$Z$9,8,FALSE) -> #N/A | Z30: =VLOOKUP($B30,$R$3:$Z$9,9,FALSE) -> #N/A
R31: =B31 -> 0 | S31: =VLOOKUP($B31,$R$3:$X$9,2,FALSE) -> #N/A | T31: =VLOOKUP($B31,$R$3:$X$9,3,FALSE) -> #N/A | U31: =VLOOKUP($B31,$R$3:$X$9,4,FALSE) -> #N/A | V31: =VLOOKUP($B31,$R$3:$X$9,5,FALSE) -> #N/A | W31: =VLOOKUP($B31,$R$3:$X$9,6,FALSE) -> #N/A | X31: =VLOOKUP($B31,$R$3:$X$9,7,FALSE) -> #N/A | Y31: =VLOOKUP($B31,$R$3:$Z$9,8,FALSE) -> #N/A | Z31: =VLOOKUP($B31,$R$3:$Z$9,9,FALSE) -> #N/A
R32: =B32 -> 0 | S32: =VLOOKUP($B32,$R$3:$X$9,2,FALSE) -> #N/A | T32: =VLOOKUP($B32,$R$3:$X$9,3,FALSE) -> #N/A | U32: =VLOOKUP($B32,$R$3:$X$9,4,FALSE) -> #N/A | V32: =VLOOKUP($B32,$R$3:$X$9,5,FALSE) -> #N/A | W32: =VLOOKUP($B32,$R$3:$X$9,6,FALSE) -> #N/A | X32: =VLOOKUP($B32,$R$3:$X$9,7,FALSE) -> #N/A | Y32: =VLOOKUP($B32,$R$3:$Z$9,8,FALSE) -> #N/A | Z32: =VLOOKUP($B32,$R$3:$Z$9,9,FALSE) -> #N/A
R33: =B33 -> 0 | S33: =VLOOKUP($B33,$R$3:$X$9,2,FALSE) -> #N/A | T33: =VLOOKUP($B33,$R$3:$X$9,3,FALSE) -> #N/A | U33: =VLOOKUP($B33,$R$3:$X$9,4,FALSE) -> #N/A | V33: =VLOOKUP($B33,$R$3:$X$9,5,FALSE) -> #N/A | W33: =VLOOKUP($B33,$R$3:$X$9,6,FALSE) -> #N/A | X33: =VLOOKUP($B33,$R$3:$X$9,7,FALSE) -> #N/A | Y33: =VLOOKUP($B33,$R$3:$Z$9,8,FALSE) -> #N/A | Z33: =VLOOKUP($B33,$R$3:$Z$9,9,FALSE) -> #N/A
R34: =B34 -> 0 | S34: =VLOOKUP($B34,$R$3:$X$9,2,FALSE) -> #N/A | T34: =VLOOKUP($B34,$R$3:$X$9,3,FALSE) -> #N/A | U34: =VLOOKUP($B34,$R$3:$X$9,4,FALSE) -> #N/A | V34: =VLOOKUP($B34,$R$3:$X$9,5,FALSE) -> #N/A | W34: =VLOOKUP($B34,$R$3:$X$9,6,FALSE) -> #N/A | X34: =VLOOKUP($B34,$R$3:$X$9,7,FALSE) -> #N/A | Y34: =VLOOKUP($B34,$R$3:$Z$9,8,FALSE) -> #N/A | Z34: =VLOOKUP($B34,$R$3:$Z$9,9,FALSE) -> #N/A
R35: =B35 -> 0 | S35: =VLOOKUP($B35,$R$3:$X$9,2,FALSE) -> #N/A | T35: =VLOOKUP($B35,$R$3:$X$9,3,FALSE) -> #N/A | U35: =VLOOKUP($B35,$R$3:$X$9,4,FALSE) -> #N/A | V35: =VLOOKUP($B35,$R$3:$X$9,5,FALSE) -> #N/A | W35: =VLOOKUP($B35,$R$3:$X$9,6,FALSE) -> #N/A | X35: =VLOOKUP($B35,$R$3:$X$9,7,FALSE) -> #N/A | Y35: =VLOOKUP($B35,$R$3:$Z$9,8,FALSE) -> #N/A | Z35: =VLOOKUP($B35,$R$3:$Z$9,9,FALSE) -> #N/A
R36: =B36 -> 0 | S36: =VLOOKUP($B36,$R$3:$X$9,2,FALSE) -> #N/A | T36: =VLOOKUP($B36,$R$3:$X$9,3,FALSE) -> #N/A | U36: =VLOOKUP($B36,$R$3:$X$9,4,FALSE) -> #N/A | V36: =VLOOKUP($B36,$R$3:$X$9,5,FALSE) -> #N/A | W36: =VLOOKUP($B36,$R$3:$X$9,6,FALSE) -> #N/A | X36: =VLOOKUP($B36,$R$3:$X$9,7,FALSE) -> #N/A | Y36: =VLOOKUP($B36,$R$3:$Z$9,8,FALSE) -> #N/A | Z36: =VLOOKUP($B36,$R$3:$Z$9,9,FALSE) -> #N/A
R37: =B37 -> 0 | S37: =VLOOKUP($B37,$R$3:$X$9,2,FALSE) -> #N/A | T37: =VLOOKUP($B37,$R$3:$X$9,3,FALSE) -> #N/A | U37: =VLOOKUP($B37,$R$3:$X$9,4,FALSE) -> #N/A | V37: =VLOOKUP($B37,$R$3:$X$9,5,FALSE) -> #N/A | W37: =VLOOKUP($B37,$R$3:$X$9,6,FALSE) -> #N/A | X37: =VLOOKUP($B37,$R$3:$X$9,7,FALSE) -> #N/A | Y37: =VLOOKUP($B37,$R$3:$Z$9,8,FALSE) -> #N/A | Z37: =VLOOKUP($B37,$R$3:$Z$9,9,FALSE) -> #N/A
... R42: =B42 -> 0 | S42: =VLOOKUP($B42,$R$3:$X$9,2,FALSE) -> #N/A | T42: =VLOOKUP($B42,$R$3:$X$9,3,FALSE) -> #N/A | U42: =VLOOKUP($B42,$R$3:$X$9,4,FALSE) -> #N/A | V42: =VLOOKUP($B42,$R$3:$X$9,5,FALSE) -> #N/A | W42: =VLOOKUP($B42,$R$3:$X$9,6,FALSE) -> #N/A | X42: =VLOOKUP($B42,$R$3:$X$9,7,FALSE) -> #N/A | Y42: =VLOOKUP($B42,$R$3:$Z$9,8,FALSE) -> #N/A | Z42: =VLOOKUP($B42,$R$3:$Z$9,9,FALSE) -> #N/A
B43: BRAND | D43: BBT P.G./ O.G | I43: Brand | J43: Actual | K43: MTD No. of Brews | L43: MTD | M43: YTD | N43: Target | R43: =B43 -> BRAND | S43: =VLOOKUP($B43,$R$3:$X$9,2,FALSE) -> #N/A | T43: =VLOOKUP($B43,$R$3:$X$9,3,FALSE) -> #N/A | U43: =VLOOKUP($B43,$R$3:$X$9,4,FALSE) -> #N/A | V43: =VLOOKUP($B43,$R$3:$X$9,5,FALSE) -> #N/A | W43: =VLOOKUP($B43,$R$3:$X$9,6,FALSE) -> #N/A | X43: =VLOOKUP($B43,$R$3:$X$9,7,FALSE) -> #N/A | Y43: =VLOOKUP($B43,$R$3:$Z$9,8,FALSE) -> #N/A | Z43: =VLOOKUP($B43,$R$3:$Z$9,9,FALSE) -> #N/A
B44: Shandy Sorrel | I44: CARIB | J44: =AVERAGE(I21:I23) -> 97.969555 | K44: =COUNTA([23]Brewhouse!$A$580:$A$586) -> 7 | L44: =AVERAGE([23]Brewhouse!$AU$580:$AU$586) -> 98.805085 | M44: =AVERAGE([23]Brewhouse!$AU$102:$AU$171,[23]Brewhouse!$AU$173:$AU$253,[23]Brewhouse!$AU$255:$AU$339,[23]Brewhouse!$AU$341:$AU$346,[23]Brewhouse!$AU$348,[23]Brewhouse!$AU$349:$AU$406,[23]Brewhouse!$AU$408:$AU$491,[23]Brewhouse!$AU$493:$AU$578,[23]Brewhouse!$AU$580:$AU$586) -> 97.765314 | N44: 98
I45: STAG | J45: =AVERAGE(I10:I16) -> 98.744777 | K45: =COUNTA([24]Brewhouse!$A$275:$A$282) -> 8 | L45: =AVERAGE([24]Brewhouse!$AS$275:$AS$282) -> 99.006641 | M45: =AVERAGE([24]Brewhouse!$AS$15:$AS$64,[24]Brewhouse!$AS$66:$AS$103,[24]Brewhouse!$AS$105:$AS$140,[24]Brewhouse!$AS$142:$AS$193,[24]Brewhouse!$AS$195:$AS$240,[24]Brewhouse!$AS$242:$AS$273,[24]Brewhouse!$AS$275:$AS$282) -> 97.910775 | N45: 98
I46: GUINNESS | M46: =AVERAGE([25]Brewhouse!$AU$4:$AU$7,[25]Brewhouse!$AU$9:$AU$22,[25]Brewhouse!$AU$24:$AU$35,[25]Brewhouse!$AU$37:$AU$45,[25]Brewhouse!$AU$47:$AU$62) -> 97.179377 | N46: 98
I47: VITAMALT | M47: =AVERAGE([26]Brewhouse!$AV$5:$AV$14,[26]Brewhouse!$AV$16:$AV$19,[26]Brewhouse!$AV$21:$AV$24,[26]Brewhouse!$AV$26:$AV$33,[26]Brewhouse!$AV$35:$AV$46,[26]Brewhouse!$AV$48:$AV$53) -> 98.620084 | N47: 98
I48: MAXIMALT | N48: 98
I49: MACKESON | M49: =AVERAGE([27]Brewhouse!$AT$4:$AT$11,[27]Brewhouse!$AT$13:$AT$16,[27]Brewhouse!$AT$18:$AT$21) -> 94.77317 | N49: 98
I50: STARMALT | K50: =COUNTA([22]Brewhouse!$A$56:$A$65) -> 10 | L50: =AVERAGE([22]Brewhouse!$AY$56:$AY$65) -> 99.275501 | M50: =AVERAGE([22]Brewhouse!$AY$6:$AY$13,[22]Brewhouse!$AY$15:$AY$20,[22]Brewhouse!$AY$22:$AY$29,[22]Brewhouse!$AY$31:$AY$34,[22]Brewhouse!$AY$36:$AY$43,[22]Brewhouse!$AY$45:$AY$50, [22]Brewhouse!$AY$56:$AY$65) -> 97.1452 | N50: 98
I51: HR- Pils | M51: =AVERAGE([28]Brewhouse!$AU$5:$AU$8,[28]Brewhouse!$AU$10:$AU$13) -> 94.247667 | N51: 98
I52: HR- IPA | M52: =AVERAGE([29]Brewhouse!$AW$26:$AW$27) -> 95.310681 | N52: 98
I53: HR- APA | M53: =AVERAGE([30]Brewhouse!$AU$13:$AU$14) -> 97.110575 | N53: 98
K54: =SUM(K44:K53) -> 25 | L54: =((L44*K44)+(L45*K45)+(L46*K46)+(L47*K47)+(L48*K48)+(K51*L51)+(L49*K49)+(L50*K50)+(L53*K53))/(K54) -> 99.057749 | M54: =AVERAGE('[31]Jan 31st'!$L$65,'[32]Feb 28th'!$L$35,'[33]Mar. 31st'!$L$35,'[34]Apr. 30th'!$L$45,'[35]May 30th'!$L$37,L54) -> 97.872834 | N54: 98
B56: =I44 -> CARIB | C56: =[23]Process!D525 -> 12 | D56: 12.09 | J56: Daily Brewing Plan
C57: =[23]Process!D526 -> 12 | J57: Brand | K57: Brews Achieved | L57: Average Brews per day
C58: =[23]Process!D527 -> 11.9 | D58: 12.1 | J58: CARIB | K58: 3 | L58: MTD | M58: YTD | N58: TARGET
C59: =[23]Process!D528 -> 11.9 | J59: STAG | K59: 7 | L59: =AVERAGE(K68,'July 1st'!K67,'July 2nd'!K68) -> 8.3333333 | M59: =AVERAGE('[31]Jan 29th '!$M$70,'[32]Feb 28th'!$L$40,'[33]Mar. 31st'!$L$40,'[34]Apr. 30th'!$L$50,'[35]May 30th'!$L$42,L59) -> 6.9233291 | N59: 9.2
C60: =[23]Process!D529 -> 11.7 | D60: 12 | J60: GUINN
C61: =[23]Process!D530 -> 11.6 | J61: VITAMALT
C62: =[23]Process!D531 -> 11.4 | D62: 11.96 | J62: STARMALT
C63: =[23]Process!D532 -> 12.1 | J63: MACKESON
J64: HURRICANE REEF- IPA
J65: HURRICANE REEF- APA
B66: AVERAGE | D66: =AVERAGE(D44:E65) -> 12.0375 | J66: HR- PILSNER
J67: CARIBE
J68: Total | K68: =SUM(K58:K67) -> 10
B69: Process: | C69: Fermentation/Filtration
B71: Brand | C71: Filt. Date | D71: FV Hls | E71: GFE/ Prim/ Vita Blend (Hls) | F71: SV Hls | G71: BBT Hls | H71: Loss (%) Ferm | I71: Loss (%) Filt | J71: Comments | K71: Throughput | L71: Process Loss (%) | M71: Filt. Operator
AB72: 43474 | AC72: 43475 | AD72: 43476 | AE72: 43477 | AF72: 43478 | AG72: 43479 | AH72: 43480 | AI72: 43481 | AJ72: 43482 | AK72: 43483 | AL72: 43484 | AM72: 43485 | AN72: 43486 | AO72: 43487 | AP72: 43488 | AQ72: 43489 | AR72: 43490 | AS72: 43491 | AT72: 43492 | AU72: 43493 | AV72: 43494 | AW72: 43495 | AX72: 43496
B73: =B78 -> CARIB | C73: 45841 | D73: =[36]July_2025!$F$3 -> 403.7 | G73: =[36]July_2025!$F$7 -> 379.8 | J73: 1 SBF | K73: =[37]July_2025!$F$18 -> 0.66631579 | L73: =(((D73+E73)-G73)/(D73+E73))*100 -> 5.9202378 | M73: J. Nelson/ K. Neptune | AB73: =[20]January_2019!L7 -> 285.8 | AC73: =[20]January_2019!M7 -> 508.1 | AD73: =[20]January_2019!N7 -> 0 | AE73: =[20]January_2019!O7 -> 0 | AF73: =[20]January_2019!P7 -> 109.56667 | AG73: =[20]January_2019!Q7 -> 297.65 | AH73: =[20]January_2019!R7 -> 122.3 | AI73: =[20]January_2019!S7 -> 0 | ... AX73: =[20]January_2019!AH7 -> 0
B76: Process Loss (Volume) | G76: Process Loss (Extract) | K76: Throughput
B77: Brand | C77: Actual | D77: MTD | E77: YTD | F77: Target | G77: Actual | H77: MTD | I77: YTD | J77: Target | K77: Actual | L77: MTD | M77: YTD | N77: Target
B78: CARIB | C78: =L73 -> 5.9202378 | D78: 5.0608857 | E78: 6.5163972 | F78: 4.8 | G78: =[36]July_2025!$F$11 -> 4.0949231 | H78: 3.5797381 | I78: 6.444712 | J78: 4.8 | K78: =K73 -> 0.66631579 | L78: 0.76245614 | M78: 0.72193343 | N78: 1
B79: STAG | D79: 5.1037577 | E79: 6.0971945 | F79: 4.8 | H79: 3.2384753 | I79: 5.7680837 | J79: 4.8 | L79: 0.59368421 | M79: 0.75812657 | N79: 1
B80: GUINN | E80: 11.960274 | F80: 5.5 | I80: 13.111031 | J80: 5.5 | M80: 0.48693986 | N80: 1
B81: VITAMALT | E81: 5.4214697 | F81: 3.3 | I81: 5.263029 | J81: 3.3 | M81: 0.69194862 | N81: 1
B82: MAXIMALT | F82: 3.3 | J82: 3 | N82: 1
B83: MACKESON | E83: 7.3129862 | F83: =[21]May_2022!$M$43 -> 3.4878407 | I83: 8.9862703 | J83: 5.5 | M83: 0.59276316 | N83: 1
B84: STARMALT | E84: 3.1283186 | F84: 3.3 | I84: 4.6716573 | J84: 3.3 | M84: 0.70412549 | N84: 1
B85: HURRICANE REEF | F85: 7.5 | J85: 7.5 | N85: 1
B86: HURRICANE REEF PILS | E86: 4.8792509 | F86: 4.8 | I86: 6.2003724 | J86: 4.8 | M86: 0.33859649 | N86: 1
D87: 5.0700283 | E87: 6.5808645 | F87: 5.5 | H87: 3.5076871 | I87: 6.8127701 | J87: 5.5 | L87: 0.70619883 | M87: 0.69780952 | N87: 1

Sheet July 4th
S1: P.G. | U1: Hot Time | W1: Process Time | Y1: Cooling Time
B2: Brewing Department Daily Process Loss Report | S2: Lower | T2: Upper | U2: Lower | V2: Upper | W2: Lower | X2: Upper | Y2: Lower | Z2: Upper
R3: CARIB | S3: 11.6 | T3: 12 | U3: 0 | V3: 0.11805556 | W3: 0.22569444 | X3: 0.26388889 | Y3: 0 | Z3: 60 | AB3: HR- PISNER
B4: Date: | C4: 45845 | J4: LOT WORT COLOUR: 3.3 | M4: Filter Sheets (Target 20 days) | R4: STAG | S4: 11.6 | T4: 12 | U4: 0 | V4: 0.11805556 | W4: 0.22569444 | X4: 0.26388889 | Y4: 0 | Z4: 60
M5: Double | N5: Single | R5: GUINNESS | S5: 17 | T5: 17.5 | U5: 0 | V5: 0.10763889 | W5: 0.24652778 | X5: 0.28472222 | Y5: 0 | Z5: 60
J6: MALT LOT: Lot #40 | L6: Sheet Day | M6: 10 | N6: 10 | R6: MACKESON | S6: 13.3 | T6: 13.5 | U6: 0 | V6: 0.12905093 | W6: 0.27430556 | X6: 0.30208333 | Y6: 0
R7: STARMALT | S7: 17.1 | T7: 17.5 | U7: 0 | V7: 0.13605324 | W7: 0.27430556 | X7: 0.30902778 | Y7: 0 | Z7: 85
B8: Brand | C8: Brew no. | D8: Kett. Hls | E8: Wort | F8: Cool Time(Mins) | G8: Cast. P.G. (Lab Result) | H8: Cast P.G. (Cellar Operator)-gravity | I8: Extr. Rec (79.4%) | J8: Theor. Extr. (77.5%) | K8: Boil Off /Vol. (4-6%) | L8: Boil Time | M8: Total Hot | N8: Brewing | O8: Operator | R8: Hurricane Reef | S8: 16.6 | T8: 17 | U8: 0 | V8: 0.12905093 | W8: 0.27430556 | X8: 0.30208333 | Y8: 0
E9: Meter (Hls) | F9: Target(< 60Mins) | M9: Time | R9: VITAMALT | S9: 14.4 | T9: 14.6 | U9: 0 | V9: 0.13905093 | W9: 0.26041667 | X9: 0.29513889 | Y9: 0 | Z9: 75
R10: =B10 -> 0 | S10: =VLOOKUP($B10,$R$3:$X$9,2,FALSE) -> #N/A | T10: =VLOOKUP($B10,$R$3:$X$9,3,FALSE) -> #N/A | U10: =VLOOKUP($B10,$R$3:$X$9,4,FALSE) -> #N/A | V10: =VLOOKUP($B10,$R$3:$X$9,5,FALSE) -> #N/A | W10: =VLOOKUP($B10,$R$3:$X$9,6,FALSE) -> #N/A | X10: =VLOOKUP($B10,$R$3:$X$9,7,FALSE) -> #N/A | Y10: =VLOOKUP($B10,$R$3:$Z$9,8,FALSE) -> #N/A | Z10: =VLOOKUP($B10,$R$3:$Z$9,9,FALSE) -> #N/A
R11: =B11 -> 0 | S11: =VLOOKUP($B11,$R$3:$X$9,2,FALSE) -> #N/A | T11: =VLOOKUP($B11,$R$3:$X$9,3,FALSE) -> #N/A | U11: =VLOOKUP($B11,$R$3:$X$9,4,FALSE) -> #N/A | V11: =VLOOKUP($B11,$R$3:$X$9,5,FALSE) -> #N/A | W11: =VLOOKUP($B11,$R$3:$X$9,6,FALSE) -> #N/A | X11: =VLOOKUP($B11,$R$3:$X$9,7,FALSE) -> #N/A | Y11: =VLOOKUP($B11,$R$3:$Z$9,8,FALSE) -> #N/A | Z11: =VLOOKUP($B11,$R$3:$Z$9,9,FALSE) -> #N/A
R12: =B12 -> 0 | S12: =VLOOKUP($B12,$R$3:$X$9,2,FALSE) -> #N/A | T12: =VLOOKUP($B12,$R$3:$X$9,3,FALSE) -> #N/A | U12: =VLOOKUP($B12,$R$3:$X$9,4,FALSE) -> #N/A | V12: =VLOOKUP($B12,$R$3:$X$9,5,FALSE) -> #N/A | W12: =VLOOKUP($B12,$R$3:$X$9,6,FALSE) -> #N/A | X12: =VLOOKUP($B12,$R$3:$X$9,7,FALSE) -> #N/A | Y12: =VLOOKUP($B12,$R$3:$Z$9,8,FALSE) -> #N/A | Z12: =VLOOKUP($B12,$R$3:$Z$9,9,FALSE) -> #N/A
R13: =B13 -> 0 | S13: =VLOOKUP($B13,$R$3:$X$9,2,FALSE) -> #N/A | T13: =VLOOKUP($B13,$R$3:$X$9,3,FALSE) -> #N/A | U13: =VLOOKUP($B13,$R$3:$X$9,4,FALSE) -> #N/A | V13: =VLOOKUP($B13,$R$3:$X$9,5,FALSE) -> #N/A | W13: =VLOOKUP($B13,$R$3:$X$9,6,FALSE) -> #N/A | X13: =VLOOKUP($B13,$R$3:$X$9,7,FALSE) -> #N/A | Y13: =VLOOKUP($B13,$R$3:$Z$9,8,FALSE) -> #N/A | Z13: =VLOOKUP($B13,$R$3:$Z$9,9,FALSE) -> #N/A
R15: =B15 -> 0 | S15: 17 | T15: 17.2 | U15: =VLOOKUP($B15,$R$3:$X$9,4,FALSE) -> #N/A | V15: =VLOOKUP($B15,$R$3:$X$9,5,FALSE) -> #N/A | W15: =VLOOKUP($B15,$R$3:$X$9,6,FALSE) -> #N/A | X15: =VLOOKUP($B15,$R$3:$X$9,7,FALSE) -> #N/A | Y15: =VLOOKUP($B15,$R$3:$Z$9,8,FALSE) -> #N/A | Z15: =VLOOKUP($B15,$R$3:$Z$9,9,FALSE) -> #N/A
R16: =B16 -> 0 | S16: 17 | T16: 17.2 | U16: =VLOOKUP($B16,$R$3:$X$9,4,FALSE) -> #N/A | V16: =VLOOKUP($B16,$R$3:$X$9,5,FALSE) -> #N/A | W16: =VLOOKUP($B16,$R$3:$X$9,6,FALSE) -> #N/A | X16: =VLOOKUP($B16,$R$3:$X$9,7,FALSE) -> #N/A | Y16: =VLOOKUP($B16,$R$3:$Z$9,8,FALSE) -> #N/A | Z16: =VLOOKUP($B16,$R$3:$Z$9,9,FALSE) -> #N/A
R17: =B17 -> 0 | S17: 17 | T17: 17.2 | U17: =VLOOKUP($B17,$R$3:$X$9,4,FALSE) -> #N/A | V17: =VLOOKUP($B17,$R$3:$X$9,5,FALSE) -> #N/A | W17: =VLOOKUP($B17,$R$3:$X$9,6,FALSE) -> #N/A | X17: =VLOOKUP($B17,$R$3:$X$9,7,FALSE) -> #N/A | Y17: =VLOOKUP($B17,$R$3:$Z$9,8,FALSE) -> #N/A | Z17: =VLOOKUP($B17,$R$3:$Z$9,9,FALSE) -> #N/A
R18: =B18 -> 0 | S18: 17 | T18: 17.2 | U18: =VLOOKUP($B18,$R$3:$X$9,4,FALSE) -> #N/A | V18: =VLOOKUP($B18,$R$3:$X$9,5,FALSE) -> #N/A | W18: =VLOOKUP($B18,$R$3:$X$9,6,FALSE) -> #N/A | X18: =VLOOKUP($B18,$R$3:$X$9,7,FALSE) -> #N/A | Y18: =VLOOKUP($B18,$R$3:$Z$9,8,FALSE) -> #N/A | Z18: =VLOOKUP($B18,$R$3:$Z$9,9,FALSE) -> #N/A
R19: =B19 -> 0 | S19: 17 | T19: 17.2 | U19: =VLOOKUP($B19,$R$3:$X$9,4,FALSE) -> #N/A | V19: =VLOOKUP($B19,$R$3:$X$9,5,FALSE) -> #N/A | W19: =VLOOKUP($B19,$R$3:$X$9,6,FALSE) -> #N/A | X19: =VLOOKUP($B19,$R$3:$X$9,7,FALSE) -> #N/A | Y19: =VLOOKUP($B19,$R$3:$Z$9,8,FALSE) -> #N/A | Z19: =VLOOKUP($B19,$R$3:$Z$9,9,FALSE) -> #N/A
R20: =B20 -> 0 | S20: 17 | T20: 17.2 | U20: =VLOOKUP($B20,$R$3:$X$9,4,FALSE) -> #N/A | V20: =VLOOKUP($B20,$R$3:$X$9,5,FALSE) -> #N/A | W20: =VLOOKUP($B20,$R$3:$X$9,6,FALSE) -> #N/A | X20: =VLOOKUP($B20,$R$3:$X$9,7,FALSE) -> #N/A | Y20: =VLOOKUP($B20,$R$3:$Z$9,8,FALSE) -> #N/A | Z20: =VLOOKUP($B20,$R$3:$Z$9,9,FALSE) -> #N/A
R21: =B21 -> 0 | S21: =VLOOKUP($B21,$R$3:$X$9,2,FALSE) -> #N/A | T21: =VLOOKUP($B21,$R$3:$X$9,3,FALSE) -> #N/A | U21: =VLOOKUP($B21,$R$3:$X$9,4,FALSE) -> #N/A | V21: =VLOOKUP($B21,$R$3:$X$9,5,FALSE) -> #N/A | W21: =VLOOKUP($B21,$R$3:$X$9,6,FALSE) -> #N/A | X21: =VLOOKUP($B21,$R$3:$X$9,7,FALSE) -> #N/A | Y21: =VLOOKUP($B21,$R$3:$Z$9,8,FALSE) -> #N/A | Z21: =VLOOKUP($B21,$R$3:$Z$9,9,FALSE) -> #N/A
R22: =B22 -> 0 | S22: =VLOOKUP($B22,$R$3:$X$9,2,FALSE) -> #N/A | T22: =VLOOKUP($B22,$R$3:$X$9,3,FALSE) -> #N/A | U22: =VLOOKUP($B22,$R$3:$X$9,4,FALSE) -> #N/A | V22: =VLOOKUP($B22,$R$3:$X$9,5,FALSE) -> #N/A | W22: =VLOOKUP($B22,$R$3:$X$9,6,FALSE) -> #N/A | X22: =VLOOKUP($B22,$R$3:$X$9,7,FALSE) -> #N/A | Y22: =VLOOKUP($B22,$R$3:$Z$9,8,FALSE) -> #N/A | Z22: =VLOOKUP($B22,$R$3:$Z$9,9,FALSE) -> #N/A
R23: =B23 -> 0 | S23: =VLOOKUP($B23,$R$3:$X$9,2,FALSE) -> #N/A | T23: =VLOOKUP($B23,$R$3:$X$9,3,FALSE) -> #N/A | U23: =VLOOKUP($B23,$R$3:$X$9,4,FALSE) -> #N/A | V23: =VLOOKUP($B23,$R$3:$X$9,5,FALSE) -> #N/A | W23: =VLOOKUP($B23,$R$3:$X$9,6,FALSE) -> #N/A | X23: =VLOOKUP($B23,$R$3:$X$9,7,FALSE) -> #N/A | Y23: =VLOOKUP($B23,$R$3:$Z$9,8,FALSE) -> #N/A | Z23: =VLOOKUP($B23,$R$3:$Z$9,9,FALSE) -> #N/A
B24: CARIB | C24: =[23]Brewhouse!$A587 -> CA480 | D24: =[23]Brewhouse!$AF587 -> 52.8 | E24: =[23]Brewhouse!$AI587 -> 50.9 | F24: =[23]Brewhouse!$V587 -> 65 | G24: =[23]Brewhouse!$AG587 -> 11.7 | H24: 11.7 | I24: =[23]Brewhouse!$AU587 -> 97.889918 | J24: =[23]Brewhouse!$AV587 -> 99.508206 | K24: =[23]Brewhouse!$Q587 -> 5.3090909 | L24: =[23]Brewhouse!$P587 -> 58 | M24: =[23]Brewhouse!$U587-[23]Brewhouse!$T587 -> 0.15902778 | N24: =[23]Brewhouse!$Z587 -> 0.32916667 | O24: =[23]Brewhouse!$AX587 -> R. Sookram | R24: =B24 -> CARIB | S24: =VLOOKUP($B24,$R$3:$X$9,2,FALSE) -> 11.6 | T24: =VLOOKUP($B24,$R$3:$X$9,3,FALSE) -> 12 | U24: =VLOOKUP($B24,$R$3:$X$9,4,FALSE) -> 0 | V24: =VLOOKUP($B24,$R$3:$X$9,5,FALSE) -> 0.11805556 | W24: =VLOOKUP($B24,$R$3:$X$9,6,FALSE) -> 0.22569444 | X24: =VLOOKUP($B24,$R$3:$X$9,7,FALSE) -> 0.26388889 | Y24: =VLOOKUP($B24,$R$3:$Z$9,8,FALSE) -> 0 | Z24: =VLOOKUP($B24,$R$3:$Z$9,9,FALSE) -> 60
R25: =B25 -> 0 | S25: =VLOOKUP($B25,$R$3:$X$9,2,FALSE) -> #N/A | T25: =VLOOKUP($B25,$R$3:$X$9,3,FALSE) -> #N/A | U25: =VLOOKUP($B25,$R$3:$X$9,4,FALSE) -> #N/A | V25: =VLOOKUP($B25,$R$3:$X$9,5,FALSE) -> #N/A | W25: =VLOOKUP($B25,$R$3:$X$9,6,FALSE) -> #N/A | X25: =VLOOKUP($B25,$R$3:$X$9,7,FALSE) -> #N/A | Y25: =VLOOKUP($B25,$R$3:$Z$9,8,FALSE) -> #N/A | Z25: =VLOOKUP($B25,$R$3:$Z$9,9,FALSE) -> #N/A
R26: =B26 -> 0 | S26: =VLOOKUP($B26,$R$3:$X$9,2,FALSE) -> #N/A | T26: =VLOOKUP($B26,$R$3:$X$9,3,FALSE) -> #N/A | U26: =VLOOKUP($B26,$R$3:$X$9,4,FALSE) -> #N/A | V26: =VLOOKUP($B26,$R$3:$X$9,5,FALSE) -> #N/A | W26: =VLOOKUP($B26,$R$3:$X$9,6,FALSE) -> #N/A | X26: =VLOOKUP($B26,$R$3:$X$9,7,FALSE) -> #N/A | Y26: =VLOOKUP($B26,$R$3:$Z$9,8,FALSE) -> #N/A | Z26: =VLOOKUP($B26,$R$3:$Z$9,9,FALSE) -> #N/A
B27: STAG | C27: =[24]Brewhouse!$A283 -> ST263 | D27: =[24]Brewhouse!$AD283 -> 48.7 | E27: =[24]Brewhouse!$AG283 -> 48.3 | F27: =[24]Brewhouse!$V283 -> 58 | G27: =[24]Brewhouse!$AE283 -> 11.9 | H27: 11.8 | I27: =[24]Brewhouse!$AS283 -> 95.671526 | J27: =[24]Brewhouse!$AT283 -> 96.980294 | K27: =[24]Brewhouse!$Q283 -> 16.853933 | L27: =[24]Brewhouse!$P283 -> 60 | M27: =[24]Brewhouse!$U283-[24]Brewhouse!$T283 -> 0.11597222 | N27: =[24]Brewhouse!$AW283 -> 0.24930556 | O27: =[24]Brewhouse!$AV283 -> R. Regis | R27: =B27 -> STAG | S27: =VLOOKUP($B27,$R$3:$X$9,2,FALSE) -> 11.6 | T27: =VLOOKUP($B27,$R$3:$X$9,3,FALSE) -> 12 | U27: =VLOOKUP($B27,$R$3:$X$9,4,FALSE) -> 0 | V27: =VLOOKUP($B27,$R$3:$X$9,5,FALSE) -> 0.11805556 | W27: =VLOOKUP($B27,$R$3:$X$9,6,FALSE) -> 0.22569444 | X27: =VLOOKUP($B27,$R$3:$X$9,7,FALSE) -> 0.26388889 | Y27: =VLOOKUP($B27,$R$3:$Z$9,8,FALSE) -> 0 | Z27: =VLOOKUP($B27,$R$3:$Z$9,9,FALSE) -> 60
B28: STAG | C28: =[24]Brewhouse!$A284 -> ST264 | D28: =[24]Brewhouse!$AD284 -> 50.8 | E28: =[24]Brewhouse!$AG284 -> 50.5 | F28: =[24]Brewhouse!$V284 -> 62 | G28: =[24]Brewhouse!$AE284 -> 11.9 | H28: 11.9 | I28: =[24]Brewhouse!$AS284 -> 100.15486 | J28: =[24]Brewhouse!$AT284 -> 101.52451 | K28: =[24]Brewhouse!$Q284 -> 15.711645 | L28: =[24]Brewhouse!$P284 -> 60 | M28: =[24]Brewhouse!$U284-[24]Brewhouse!$T284 -> 0.11875 | N28: =[24]Brewhouse!$AW284 -> 0.25069444 | O28: =[24]Brewhouse!$AV284 -> R. Regis | R28: =B28 -> STAG | S28: =VLOOKUP($B28,$R$3:$X$9,2,FALSE) -> 11.6 | T28: =VLOOKUP($B28,$R$3:$X$9,3,FALSE) -> 12 | U28: =VLOOKUP($B28,$R$3:$X$9,4,FALSE) -> 0 | V28: =VLOOKUP($B28,$R$3:$X$9,5,FALSE) -> 0.11805556 | W28: =VLOOKUP($B28,$R$3:$X$9,6,FALSE) -> 0.22569444 | X28: =VLOOKUP($B28,$R$3:$X$9,7,FALSE) -> 0.26388889 | Y28: =VLOOKUP($B28,$R$3:$Z$9,8,FALSE) -> 0 | Z28: =VLOOKUP($B28,$R$3:$Z$9,9,FALSE) -> 60
B29: STAG | C29: =[24]Brewhouse!$A285 -> ST265 | D29: =[24]Brewhouse!$AD285 -> 51 | E29: =[24]Brewhouse!$AG285 -> 50.6 | F29: =[24]Brewhouse!$V285 -> 63 | G29: =[24]Brewhouse!$AE285 -> 11.8 | H29: 11.9 | I29: =[24]Brewhouse!$AS285 -> 99.466531 | J29: =[24]Brewhouse!$AT285 -> 100.82677 | K29: =[24]Brewhouse!$Q285 -> 12.921348 | L29: =[24]Brewhouse!$P285 -> 61 | M29: =[24]Brewhouse!$U285-[24]Brewhouse!$T285 -> 0.11666667 | N29: =[24]Brewhouse!$AW285 -> 0.24861111 | O29: =[24]Brewhouse!$AV285 -> D. Gomaz | R29: =B29 -> STAG | S29: =VLOOKUP($B29,$R$3:$X$9,2,FALSE) -> 11.6 | T29: =VLOOKUP($B29,$R$3:$X$9,3,FALSE) -> 12 | U29: =VLOOKUP($B29,$R$3:$X$9,4,FALSE) -> 0 | V29: =VLOOKUP($B29,$R$3:$X$9,5,FALSE) -> 0.11805556 | W29: =VLOOKUP($B29,$R$3:$X$9,6,FALSE) -> 0.22569444 | X29: =VLOOKUP($B29,$R$3:$X$9,7,FALSE) -> 0.26388889 | Y29: =VLOOKUP($B29,$R$3:$Z$9,8,FALSE) -> 0 | Z29: =VLOOKUP($B29,$R$3:$Z$9,9,FALSE) -> 60
B30: STAG | C30: =[24]Brewhouse!$A286 -> ST266 | D30: =[24]Brewhouse!$AD286 -> 50.8 | E30: =[24]Brewhouse!$AG286 -> 50.4 | F30: =[24]Brewhouse!$V286 -> 64 | G30: =[24]Brewhouse!$AE286 -> 11.8 | H30: 11.9 | I30: =[24]Brewhouse!$AS286 -> 99.322857 | J30: =[24]Brewhouse!$AT286 -> 100.68023 | K30: =[24]Brewhouse!$Q286 -> 11.385199 | L30: =[24]Brewhouse!$P286 -> 62 | M30: =[24]Brewhouse!$U286-[24]Brewhouse!$T286 -> 0.11666667 | N30: =[24]Brewhouse!$AW286 -> 0.24930556 | O30: =[24]Brewhouse!$AV286 -> D. Gomaz | R30: =B30 -> STAG | S30: =VLOOKUP($B30,$R$3:$X$9,2,FALSE) -> 11.6 | T30: =VLOOKUP($B30,$R$3:$X$9,3,FALSE) -> 12 | U30: =VLOOKUP($B30,$R$3:$X$9,4,FALSE) -> 0 | V30: =VLOOKUP($B30,$R$3:$X$9,5,FALSE) -> 0.11805556 | W30: =VLOOKUP($B30,$R$3:$X$9,6,FALSE) -> 0.22569444 | X30: =VLOOKUP($B30,$R$3:$X$9,7,FALSE) -> 0.26388889 | Y30: =VLOOKUP($B30,$R$3:$Z$9,8,FALSE) -> 0 | Z30: =VLOOKUP($B30,$R$3:$Z$9,9,FALSE) -> 60
B31: STAG | C31: =[24]Brewhouse!$A287 -> ST267 | D31: =[24]Brewhouse!$AD287 -> 50.5 | E31: =[24]Brewhouse!$AG287 -> 50.2 | F31: =[24]Brewhouse!$V287 -> 61 | G31: =[24]Brewhouse!$AE287 -> 12 | H31: 12 | I31: =[24]Brewhouse!$AS287 -> 100.43953 | J31: =[24]Brewhouse!$AT287 -> 101.81307 | K31: =[24]Brewhouse!$Q287 -> 12.452107 | L31: =[24]Brewhouse!$P287 -> 60 | M31: =[24]Brewhouse!$U287-[24]Brewhouse!$T287 -> 0.11388889 | N31: =[24]Brewhouse!$AW287 -> 0.26736111 | O31: =[24]Brewhouse!$AV287 -> D. Gomaz | R31: =B31 -> STAG | S31: =VLOOKUP($B31,$R$3:$X$9,2,FALSE) -> 11.6 | T31: =VLOOKUP($B31,$R$3:$X$9,3,FALSE) -> 12 | U31: =VLOOKUP($B31,$R$3:$X$9,4,FALSE) -> 0 | V31: =VLOOKUP($B31,$R$3:$X$9,5,FALSE) -> 0.11805556 | W31: =VLOOKUP($B31,$R$3:$X$9,6,FALSE) -> 0.22569444 | X31: =VLOOKUP($B31,$R$3:$X$9,7,FALSE) -> 0.26388889 | Y31: =VLOOKUP($B31,$R$3:$Z$9,8,FALSE) -> 0 | Z31: =VLOOKUP($B31,$R$3:$Z$9,9,FALSE) -> 60
B32: STAG | C32: =[24]Brewhouse!$A288 -> ST268 | D32: =[24]Brewhouse!$AD288 -> 51.5 | E32: =[24]Brewhouse!$AG288 -> 51 | F32: =[24]Brewhouse!$V288 -> 64 | G32: =[24]Brewhouse!$AE288 -> 11.8 | H32: 11.7 | I32: =[24]Brewhouse!$AS288 -> 100.37889 | J32: =[24]Brewhouse!$AT288 -> 101.75115 | K32: =[24]Brewhouse!$Q288 -> 14.760148 | L32: =[24]Brewhouse!$P288 -> 61 | M32: =[24]Brewhouse!$U288-[24]Brewhouse!$T288 -> 0.11458333 | N32: =[24]Brewhouse!$AW288 -> 0.25763889 | O32: =[24]Brewhouse!$AV288 -> D. Gomaz | R32: =B32 -> STAG | S32: =VLOOKUP($B32,$R$3:$X$9,2,FALSE) -> 11.6 | T32: =VLOOKUP($B32,$R$3:$X$9,3,FALSE) -> 12 | U32: =VLOOKUP($B32,$R$3:$X$9,4,FALSE) -> 0 | V32: =VLOOKUP($B32,$R$3:$X$9,5,FALSE) -> 0.11805556 | W32: =VLOOKUP($B32,$R$3:$X$9,6,FALSE) -> 0.22569444 | X32: =VLOOKUP($B32,$R$3:$X$9,7,FALSE) -> 0.26388889 | Y32: =VLOOKUP($B32,$R$3:$Z$9,8,FALSE) -> 0 | Z32: =VLOOKUP($B32,$R$3:$Z$9,9,FALSE) -> 60
B33: STAG | C33: =[24]Brewhouse!$A289 -> ST269 | D33: =[24]Brewhouse!$AD289 -> 51.8 | E33: =[24]Brewhouse!$AG289 -> 51.4 | F33: =[24]Brewhouse!$V289 -> 65 | G33: =[24]Brewhouse!$AE289 -> 11.8 | H33: 11.7 | I33: =[24]Brewhouse!$AS289 -> 101.16618 | J33: =[24]Brewhouse!$AT289 -> 102.5492 | K33: =[24]Brewhouse!$Q289 -> 13.49353 | L33: =[24]Brewhouse!$P289 -> 61 | M33: =[24]Brewhouse!$U289-[24]Brewhouse!$T289 -> 0.11319444 | N33: =[24]Brewhouse!$AW289 -> 0.24305556 | O33: =[24]Brewhouse!$AV289 -> D. Gomaz | R33: =B33 -> STAG | S33: =VLOOKUP($B33,$R$3:$X$9,2,FALSE) -> 11.6 | T33: =VLOOKUP($B33,$R$3:$X$9,3,FALSE) -> 12 | U33: =VLOOKUP($B33,$R$3:$X$9,4,FALSE) -> 0 | V33: =VLOOKUP($B33,$R$3:$X$9,5,FALSE) -> 0.11805556 | W33: =VLOOKUP($B33,$R$3:$X$9,6,FALSE) -> 0.22569444 | X33: =VLOOKUP($B33,$R$3:$X$9,7,FALSE) -> 0.26388889 | Y33: =VLOOKUP($B33,$R$3:$Z$9,8,FALSE) -> 0 | Z33: =VLOOKUP($B33,$R$3:$Z$9,9,FALSE) -> 60
B34: STAG | C34: =[24]Brewhouse!$A290 -> ST270 | D34: =[24]Brewhouse!$AD290 -> 51.6 | E34: =[24]Brewhouse!$AG290 -> 51.4 | F34: =[24]Brewhouse!$V290 -> 63 | G34: =[24]Brewhouse!$AE290 -> 11.8 | H34: 11.7 | I34: =[24]Brewhouse!$AS290 -> 101.03912 | J34: =[24]Brewhouse!$AT290 -> 102.42087 | K34: =[24]Brewhouse!$Q290 -> 12.962963 | L34: =[24]Brewhouse!$P290 -> 63 | M34: =[24]Brewhouse!$U290-[24]Brewhouse!$T290 -> 0.11319444 | N34: =[24]Brewhouse!$AW290 -> 0.24027778 | O34: =[24]Brewhouse!$AV290 -> D. Gomaz | R34: =B34 -> STAG | S34: =VLOOKUP($B34,$R$3:$X$9,2,FALSE) -> 11.6 | T34: =VLOOKUP($B34,$R$3:$X$9,3,FALSE) -> 12 | U34: =VLOOKUP($B34,$R$3:$X$9,4,FALSE) -> 0 | V34: =VLOOKUP($B34,$R$3:$X$9,5,FALSE) -> 0.11805556 | W34: =VLOOKUP($B34,$R$3:$X$9,6,FALSE) -> 0.22569444 | X34: =VLOOKUP($B34,$R$3:$X$9,7,FALSE) -> 0.26388889 | Y34: =VLOOKUP($B34,$R$3:$Z$9,8,FALSE) -> 0 | Z34: =VLOOKUP($B34,$R$3:$Z$9,9,FALSE) -> 60
R35: =B35 -> 0 | S35: =VLOOKUP($B35,$R$3:$X$9,2,FALSE) -> #N/A | T35: =VLOOKUP($B35,$R$3:$X$9,3,FALSE) -> #N/A | U35: =VLOOKUP($B35,$R$3:$X$9,4,FALSE) -> #N/A | V35: =VLOOKUP($B35,$R$3:$X$9,5,FALSE) -> #N/A | W35: =VLOOKUP($B35,$R$3:$X$9,6,FALSE) -> #N/A | X35: =VLOOKUP($B35,$R$3:$X$9,7,FALSE) -> #N/A | Y35: =VLOOKUP($B35,$R$3:$Z$9,8,FALSE) -> #N/A | Z35: =VLOOKUP($B35,$R$3:$Z$9,9,FALSE) -> #N/A
R36: =B36 -> 0 | S36: =VLOOKUP($B36,$R$3:$X$9,2,FALSE) -> #N/A | T36: =VLOOKUP($B36,$R$3:$X$9,3,FALSE) -> #N/A | U36: =VLOOKUP($B36,$R$3:$X$9,4,FALSE) -> #N/A | V36: =VLOOKUP($B36,$R$3:$X$9,5,FALSE) -> #N/A | W36: =VLOOKUP($B36,$R$3:$X$9,6,FALSE) -> #N/A | X36: =VLOOKUP($B36,$R$3:$X$9,7,FALSE) -> #N/A | Y36: =VLOOKUP($B36,$R$3:$Z$9,8,FALSE) -> #N/A | Z36: =VLOOKUP($B36,$R$3:$Z$9,9,FALSE) -> #N/A
R37: =B37 -> 0 | S37: =VLOOKUP($B37,$R$3:$X$9,2,FALSE) -> #N/A | T37: =VLOOKUP($B37,$R$3:$X$9,3,FALSE) -> #N/A | U37: =VLOOKUP($B37,$R$3:$X$9,4,FALSE) -> #N/A | V37: =VLOOKUP($B37,$R$3:$X$9,5,FALSE) -> #N/A | W37: =VLOOKUP($B37,$R$3:$X$9,6,FALSE) -> #N/A | X37: =VLOOKUP($B37,$R$3:$X$9,7,FALSE) -> #N/A | Y37: =VLOOKUP($B37,$R$3:$Z$9,8,FALSE) -> #N/A | Z37: =VLOOKUP($B37,$R$3:$Z$9,9,FALSE) -> #N/A
R38: =B38 -> 0 | S38: =VLOOKUP($B38,$R$3:$X$9,2,FALSE) -> #N/A | T38: =VLOOKUP($B38,$R$3:$X$9,3,FALSE) -> #N/A | U38: =VLOOKUP($B38,$R$3:$X$9,4,FALSE) -> #N/A | V38: =VLOOKUP($B38,$R$3:$X$9,5,FALSE) -> #N/A | W38: =VLOOKUP($B38,$R$3:$X$9,6,FALSE) -> #N/A | X38: =VLOOKUP($B38,$R$3:$X$9,7,FALSE) -> #N/A | Y38: =VLOOKUP($B38,$R$3:$Z$9,8,FALSE) -> #N/A | Z38: =VLOOKUP($B38,$R$3:$Z$9,9,FALSE) -> #N/A
R39: =B39 -> 0 | S39: =VLOOKUP($B39,$R$3:$X$9,2,FALSE) -> #N/A | T39: =VLOOKUP($B39,$R$3:$X$9,3,FALSE) -> #N/A | U39: =VLOOKUP($B39,$R$3:$X$9,4,FALSE) -> #N/A | V39: =VLOOKUP($B39,$R$3:$X$9,5,FALSE) -> #N/A | W39: =VLOOKUP($B39,$R$3:$X$9,6,FALSE) -> #N/A | X39: =VLOOKUP($B39,$R$3:$X$9,7,FALSE) -> #N/A | Y39: =VLOOKUP($B39,$R$3:$Z$9,8,FALSE) -> #N/A | Z39: =VLOOKUP($B39,$R$3:$Z$9,9,FALSE) -> #N/A
R40: =B40 -> 0 | S40: =VLOOKUP($B40,$R$3:$X$9,2,FALSE) -> #N/A | T40: =VLOOKUP($B40,$R$3:$X$9,3,FALSE) -> #N/A | U40: =VLOOKUP($B40,$R$3:$X$9,4,FALSE) -> #N/A | V40: =VLOOKUP($B40,$R$3:$X$9,5,FALSE) -> #N/A | W40: =VLOOKUP($B40,$R$3:$X$9,6,FALSE) -> #N/A | X40: =VLOOKUP($B40,$R$3:$X$9,7,FALSE) -> #N/A | Y40: =VLOOKUP($B40,$R$3:$Z$9,8,FALSE) -> #N/A | Z40: =VLOOKUP($B40,$R$3:$Z$9,9,FALSE) -> #N/A
R41: =B41 -> 0 | S41: =VLOOKUP($B41,$R$3:$X$9,2,FALSE) -> #N/A | T41: =VLOOKUP($B41,$R$3:$X$9,3,FALSE) -> #N/A | U41: =VLOOKUP($B41,$R$3:$X$9,4,FALSE) -> #N/A | V41: =VLOOKUP($B41,$R$3:$X$9,5,FALSE) -> #N/A | W41: =VLOOKUP($B41,$R$3:$X$9,6,FALSE) -> #N/A | X41: =VLOOKUP($B41,$R$3:$X$9,7,FALSE) -> #N/A | Y41: =VLOOKUP($B41,$R$3:$Z$9,8,FALSE) -> #N/A | Z41: =VLOOKUP($B41,$R$3:$Z$9,9,FALSE) -> #N/A
R42: =B42 -> 0 | S42: =VLOOKUP($B42,$R$3:$X$9,2,FALSE) -> #N/A | T42: =VLOOKUP($B42,$R$3:$X$9,3,FALSE) -> #N/A | U42: =VLOOKUP($B42,$R$3:$X$9,4,FALSE) -> #N/A | V42: =VLOOKUP($B42,$R$3:$X$9,5,FALSE) -> #N/A | W42: =VLOOKUP($B42,$R$3:$X$9,6,FALSE) -> #N/A | X42: =VLOOKUP($B42,$R$3:$X$9,7,FALSE) -> #N/A | Y42: =VLOOKUP($B42,$R$3:$Z$9,8,FALSE) -> #N/A | Z42: =VLOOKUP($B42,$R$3:$Z$9,9,FALSE) -> #N/A
B43: BRAND | D43: BBT P.G./ O.G | I43: Brand | J43: Actual | K43: MTD No. of Brews | L43: MTD | M43: YTD | N43: Target | R43: =B43 -> BRAND | S43: =VLOOKUP($B43,$R$3:$X$9,2,FALSE) -> #N/A | T43: =VLOOKUP($B43,$R$3:$X$9,3,FALSE) -> #N/A | U43: =VLOOKUP($B43,$R$3:$X$9,4,FALSE) -> #N/A | V43: =VLOOKUP($B43,$R$3:$X$9,5,FALSE) -> #N/A | W43: =VLOOKUP($B43,$R$3:$X$9,6,FALSE) -> #N/A | X43: =VLOOKUP($B43,$R$3:$X$9,7,FALSE) -> #N/A | Y43: =VLOOKUP($B43,$R$3:$Z$9,8,FALSE) -> #N/A | Z43: =VLOOKUP($B43,$R$3:$Z$9,9,FALSE) -> #N/A
B44: =I50 -> STARMALT | C44: =[22]Process!D55 -> 17.26 | D44: 16.84 | I44: CARIB | J44: =I24 -> 97.889918 | K44: =COUNTA([23]Brewhouse!$A$580:$A$587) -> 8 | L44: =AVERAGE([23]Brewhouse!$AU$580:$AU$587) -> 98.69069 | M44: =AVERAGE([23]Brewhouse!$AU$102:$AU$171,[23]Brewhouse!$AU$173:$AU$253,[23]Brewhouse!$AU$255:$AU$339,[23]Brewhouse!$AU$341:$AU$346,[23]Brewhouse!$AU$348,[23]Brewhouse!$AU$349:$AU$406,[23]Brewhouse!$AU$408:$AU$491,[23]Brewhouse!$AU$493:$AU$578,[23]Brewhouse!$AU$580:$AU$587) -> 97.765574 | N44: 98
C45: =[22]Process!D56 -> 16.31 | I45: STAG | J45: =AVERAGE(I27:I34) -> 99.704936 | K45: =COUNTA([24]Brewhouse!$A$275:$A$290) -> 16 | L45: =AVERAGE([24]Brewhouse!$AS$275:$AS$290) -> 99.355788 | M45: =AVERAGE([24]Brewhouse!$AS$15:$AS$64,[24]Brewhouse!$AS$66:$AS$103,[24]Brewhouse!$AS$105:$AS$140,[24]Brewhouse!$AS$142:$AS$193,[24]Brewhouse!$AS$195:$AS$240,[24]Brewhouse!$AS$242:$AS$273,[24]Brewhouse!$AS$275:$AS$290) -> 97.963935 | N45: 98
C46: =[22]Process!D57 -> 18.47 | D46: 17.28 | I46: GUINNESS | M46: =AVERAGE([25]Brewhouse!$AU$4:$AU$7,[25]Brewhouse!$AU$9:$AU$22,[25]Brewhouse!$AU$24:$AU$35,[25]Brewhouse!$AU$37:$AU$45,[25]Brewhouse!$AU$47:$AU$62) -> 97.179377 | N46: 98
C47: =[22]Process!D58 -> 17.24 | I47: VITAMALT | M47: =AVERAGE([26]Brewhouse!$AV$5:$AV$14,[26]Brewhouse!$AV$16:$AV$19,[26]Brewhouse!$AV$21:$AV$24,[26]Brewhouse!$AV$26:$AV$33,[26]Brewhouse!$AV$35:$AV$46,[26]Brewhouse!$AV$48:$AV$53) -> 98.620084 | N47: 98
C48: =[22]Process!D59 -> 17.28 | D48: 16.89 | I48: MAXIMALT | N48: 98
C49: =[22]Process!D60 -> 17.5 | I49: MACKESON | M49: =AVERAGE([27]Brewhouse!$AT$4:$AT$11,[27]Brewhouse!$AT$13:$AT$16,[27]Brewhouse!$AT$18:$AT$21) -> 94.77317 | N49: 98
C50: =[22]Process!D61 -> 16.8 | D50: 17.07 | I50: STARMALT | K50: =COUNTA([22]Brewhouse!$A$56:$A$65) -> 10 | L50: =AVERAGE([22]Brewhouse!$AY$56:$AY$65) -> 99.275501 | M50: =AVERAGE([22]Brewhouse!$AY$6:$AY$13,[22]Brewhouse!$AY$15:$AY$20,[22]Brewhouse!$AY$22:$AY$29,[22]Brewhouse!$AY$31:$AY$34,[22]Brewhouse!$AY$36:$AY$43,[22]Brewhouse!$AY$45:$AY$50, [22]Brewhouse!$AY$56:$AY$65) -> 97.1452 | N50: 98
C51: =[22]Process!D62 -> 17.6 | I51: HR- Pils | M51: =AVERAGE([28]Brewhouse!$AU$5:$AU$8,[28]Brewhouse!$AU$10:$AU$13) -> 94.247667 | N51: 98
C52: =[22]Process!D63 -> 16.8 | D52: 17.08 | I52: HR- IPA | M52: =AVERAGE([29]Brewhouse!$AW$26:$AW$27) -> 95.310681 | N52: 98
C53: =[22]Process!D64 -> 17.4 | I53: HR- APA | M53: =AVERAGE([30]Brewhouse!$AU$13:$AU$14) -> 97.110575 | N53: 98
K54: =SUM(K44:K53) -> 34 | L54: =((L44*K44)+(L45*K45)+(L46*K46)+(L47*K47)+(L48*K48)+(K51*L51)+(L49*K49)+(L50*K50)+(L53*K53))/(K54) -> 99.175681 | M54: =AVERAGE('[31]Jan 31st'!$L$65,'[32]Feb 28th'!$L$35,'[33]Mar. 31st'!$L$35,'[34]Apr. 30th'!$L$45,'[35]May 30th'!$L$37,L54) -> 97.892489 | N54: 98
J56: Daily Brewing Plan
J57: Brand | K57: Brews Achieved | L57: Average Brews per day
J58: CARIB | K58: 1 | L58: MTD | M58: YTD | N58: TARGET
J59: STAG | K59: 8 | L59: =AVERAGE(K68,'July 1st'!K67,'July 2nd'!K68,'July 3rd'!K68) -> 8.5 | M59: =AVERAGE('[31]Jan 29th '!$M$70,'[32]Feb 28th'!$L$40,'[33]Mar. 31st'!$L$40,'[34]Apr. 30th'!$L$50,'[35]May 30th'!$L$42,L59) -> 6.9511069 | N59: 9.2
J60: GUINN
J61: VITAMALT
J62: STARMALT
J63: MACKESON
J64: HURRICANE REEF- IPA
J65: HURRICANE REEF- APA
B66: AVERAGE | D66: =AVERAGE(D44:E65) -> 17.032 | J66: HR- PILSNER
J67: CARIBE
J68: Total | K68: =SUM(K58:K67) -> 9
B69: Process: | C69: Fermentation/Filtration
B71: Brand | C71: Filt. Date | D71: FV Hls | E71: GFE/ Prim/ Vita Blend (Hls) | F71: SV Hls | G71: BBT Hls | H71: Loss (%) Ferm | I71: Loss (%) Filt | J71: Comments | K71: Throughput | L71: Process Loss (%) | M71: Filt. Operator
AB72: 43474 | AC72: 43475 | AD72: 43476 | AE72: 43477 | AF72: 43478 | AG72: 43479 | AH72: 43480 | AI72: 43481 | AJ72: 43482 | AK72: 43483 | AL72: 43484 | AM72: 43485 | AN72: 43486 | AO72: 43487 | AP72: 43488 | AQ72: 43489 | AR72: 43490 | AS72: 43491 | AT72: 43492 | AU72: 43493 | AV72: 43494 | AW72: 43495 | AX72: 43496
B73: =B84 -> STARMALT | C73: 45842 | D73: =[36]July_2025!$G$55 -> 518 | G73: =[36]July_2025!$G$59 -> 505.9 | J73: NO SBF | K73: =[37]July_2025!$G$53 -> 1.7750877 | L73: =(((D73+E73)-G73)/(D73+E73))*100 -> 2.3359073 | M73: K. Neptune/T. Charles | AB73: =[20]January_2019!L7 -> 285.8 | AC73: =[20]January_2019!M7 -> 508.1 | AD73: =[20]January_2019!N7 -> 0 | AE73: =[20]January_2019!O7 -> 0 | AF73: =[20]January_2019!P7 -> 109.56667 | AG73: =[20]January_2019!Q7 -> 297.65 | AH73: =[20]January_2019!R7 -> 122.3 | AI73: =[20]January_2019!S7 -> 0 | ... AX73: =[20]January_2019!AH7 -> 0
B76: Process Loss (Volume) | G76: Process Loss (Extract) | K76: Throughput
B77: Brand | C77: Actual | D77: MTD | E77: YTD | F77: Target | G77: Actual | H77: MTD | I77: YTD | J77: Target | K77: Actual | L77: MTD | M77: YTD | N77: Target
B78: CARIB | D78: 5.0608857 | E78: 6.5163972 | F78: 4.8 | H78: 3.5797381 | I78: 6.444712 | J78: 4.8 | L78: 0.76245614 | M78: 0.72193343 | N78: 1
B79: STAG | D79: 5.1037577 | E79: 6.0971945 | F79: 4.8 | H79: 3.2384753 | I79: 5.7680837 | J79: 4.8 | L79: 0.59368421 | M79: 0.75812657 | N79: 1
B80: GUINN | E80: 11.960274 | F80: 5.5 | I80: 13.111031 | J80: 5.5 | M80: 0.48693986 | N80: 1
B81: VITAMALT | E81: 5.4214697 | F81: 3.3 | I81: 5.263029 | J81: 3.3 | M81: 0.69194862 | N81: 1
B82: MAXIMALT | F82: 3.3 | J82: 3 | N82: 1
B83: MACKESON | E83: 7.3129862 | F83: =[21]May_2022!$M$43 -> 3.4878407 | I83: 8.9862703 | J83: 5.5 | M83: 0.59276316 | N83: 1
B84: STARMALT | C84: =L73 -> 2.3359073 | D84: 2.3359073 | E84: 2.9805616 | F84: 3.3 | G84: =[36]July_2025!$G$63 -> 3.7114579 | H84: 3.7114579 | I84: 4.4931175 | J84: 3.3 | K84: =K73 -> 1.7750877 | L84: 1.7750877 | M84: 0.83077455 | N84: 1
B85: HURRICANE REEF | F85: 7.5 | J85: 7.5 | N85: 1
B86: HURRICANE REEF PILS | E86: 4.8792509 | F86: 4.8 | I86: 6.2003724 | J86: 4.8 | M86: 0.33859649 | N86: 1
D87: 4.0241047 | E87: 6.5326908 | F87: 5.5 | H87: 3.6057322 | I87: 6.7647375 | J87: 5.5 | L87: 0.97342105 | M87: 0.70580495 | N87: 1

Sheet July 7th 
S1: P.G. | U1: Hot Time | W1: Process Time | Y1: Cooling Time
B2: Brewing Department Daily Process Loss Report | S2: Lower | T2: Upper | U2: Lower | V2: Upper | W2: Lower | X2: Upper | Y2: Lower | Z2: Upper
R3: CARIB | S3: 11.6 | T3: 12 | U3: 0 | V3: 0.11805556 | W3: 0.22569444 | X3: 0.26388889 | Y3: 0 | Z3: 60 | AB3: HR- PISNER
B4: Date: | C4: 45846 | J4: LOT WORT COLOUR: 3.3 | M4: Filter Sheets (Target 20 days) | R4: STAG | S4: 11.6 | T4: 12 | U4: 0 | V4: 0.11805556 | W4: 0.22569444 | X4: 0.26388889 | Y4: 0 | Z4: 60
M5: Double | N5: Single | R5: GUINNESS | S5: 17 | T5: 17.5 | U5: 0 | V5: 0.10763889 | W5: 0.24652778 | X5: 0.28472222 | Y5: 0 | Z5: 60
J6: MALT LOT: Lot #40 | L6: Sheet Day | M6: 10 | N6: 10 | R6: MACKESON | S6: 13.3 | T6: 13.5 | U6: 0 | V6: 0.12905093 | W6: 0.27430556 | X6: 0.30208333 | Y6: 0
R7: STARMALT | S7: 17.1 | T7: 17.5 | U7: 0 | V7: 0.13605324 | W7: 0.27430556 | X7: 0.30902778 | Y7: 0 | Z7: 85
B8: Brand | C8: Brew no. | D8: Kett. Hls | E8: Wort | F8: Cool Time(Mins) | G8: Cast. P.G. (Lab Result) | H8: Cast P.G. (Cellar Operator)-gravity | I8: Extr. Rec (79.4%) | J8: Theor. Extr. (77.5%) | K8: Boil Off /Vol. (4-6%) | L8: Boil Time | M8: Total Hot | N8: Brewing | O8: Operator | R8: Hurricane Reef | S8: 16.6 | T8: 17 | U8: 0 | V8: 0.12905093 | W8: 0.27430556 | X8: 0.30208333 | Y8: 0
E9: Meter (Hls) | F9: Target(< 60Mins) | M9: Time | R9: VITAMALT | S9: 14.4 | T9: 14.6 | U9: 0 | V9: 0.13905093 | W9: 0.26041667 | X9: 0.29513889 | Y9: 0 | Z9: 75
R10: =B10 -> 0 | S10: =VLOOKUP($B10,$R$3:$X$9,2,FALSE) -> #N/A | T10: =VLOOKUP($B10,$R$3:$X$9,3,FALSE) -> #N/A | U10: =VLOOKUP($B10,$R$3:$X$9,4,FALSE) -> #N/A | V10: =VLOOKUP($B10,$R$3:$X$9,5,FALSE) -> #N/A | W10: =VLOOKUP($B10,$R$3:$X$9,6,FALSE) -> #N/A | X10: =VLOOKUP($B10,$R$3:$X$9,7,FALSE) -> #N/A | Y10: =VLOOKUP($B10,$R$3:$Z$9,8,FALSE) -> #N/A | Z10: =VLOOKUP($B10,$R$3:$Z$9,9,FALSE) -> #N/A
R11: =B11 -> 0 | S11: =VLOOKUP($B11,$R$3:$X$9,2,FALSE) -> #N/A | T11: =VLOOKUP($B11,$R$3:$X$9,3,FALSE) -> #N/A | U11: =VLOOKUP($B11,$R$3:$X$9,4,FALSE) -> #N/A | V11: =VLOOKUP($B11,$R$3:$X$9,5,FALSE) -> #N/A | W11: =VLOOKUP($B11,$R$3:$X$9,6,FALSE) -> #N/A | X11: =VLOOKUP($B11,$R$3:$X$9,7,FALSE) -> #N/A | Y11: =VLOOKUP($B11,$R$3:$Z$9,8,FALSE) -> #N/A | Z11: =VLOOKUP($B11,$R$3:$Z$9,9,FALSE) -> #N/A
R12: =B12 -> 0 | S12: =VLOOKUP($B12,$R$3:$X$9,2,FALSE) -> #N/A | T12: =VLOOKUP($B12,$R$3:$X$9,3,FALSE) -> #N/A | U12: =VLOOKUP($B12,$R$3:$X$9,4,FALSE) -> #N/A | V12: =VLOOKUP($B12,$R$3:$X$9,5,FALSE) -> #N/A | W12: =VLOOKUP($B12,$R$3:$X$9,6,FALSE) -> #N/A | X12: =VLOOKUP($B12,$R$3:$X$9,7,FALSE) -> #N/A | Y12: =VLOOKUP($B12,$R$3:$Z$9,8,FALSE) -> #N/A | Z12: =VLOOKUP($B12,$R$3:$Z$9,9,FALSE) -> #N/A
R13: =B13 -> 0 | S13: =VLOOKUP($B13,$R$3:$X$9,2,FALSE) -> #N/A | T13: =VLOOKUP($B13,$R$3:$X$9,3,FALSE) -> #N/A | U13: =VLOOKUP($B13,$R$3:$X$9,4,FALSE) -> #N/A | V13: =VLOOKUP($B13,$R$3:$X$9,5,FALSE) -> #N/A | W13: =VLOOKUP($B13,$R$3:$X$9,6,FALSE) -> #N/A | X13: =VLOOKUP($B13,$R$3:$X$9,7,FALSE) -> #N/A | Y13: =VLOOKUP($B13,$R$3:$Z$9,8,FALSE) -> #N/A | Z13: =VLOOKUP($B13,$R$3:$Z$9,9,FALSE) -> #N/A
R15: =B15 -> 0 | S15: 17 | T15: 17.2 | U15: =VLOOKUP($B15,$R$3:$X$9,4,FALSE) -> #N/A | V15: =VLOOKUP($B15,$R$3:$X$9,5,FALSE) -> #N/A | W15: =VLOOKUP($B15,$R$3:$X$9,6,FALSE) -> #N/A | X15: =VLOOKUP($B15,$R$3:$X$9,7,FALSE) -> #N/A | Y15: =VLOOKUP($B15,$R$3:$Z$9,8,FALSE) -> #N/A | Z15: =VLOOKUP($B15,$R$3:$Z$9,9,FALSE) -> #N/A
R16: =B16 -> 0 | S16: 17 | T16: 17.2 | U16: =VLOOKUP($B16,$R$3:$X$9,4,FALSE) -> #N/A | V16: =VLOOKUP($B16,$R$3:$X$9,5,FALSE) -> #N/A | W16: =VLOOKUP($B16,$R$3:$X$9,6,FALSE) -> #N/A | X16: =VLOOKUP($B16,$R$3:$X$9,7,FALSE) -> #N/A | Y16: =VLOOKUP($B16,$R$3:$Z$9,8,FALSE) -> #N/A | Z16: =VLOOKUP($B16,$R$3:$Z$9,9,FALSE) -> #N/A
R17: =B17 -> 0 | S17: 17 | T17: 17.2 | U17: =VLOOKUP($B17,$R$3:$X$9,4,FALSE) -> #N/A | V17: =VLOOKUP($B17,$R$3:$X$9,5,FALSE) -> #N/A | W17: =VLOOKUP($B17,$R$3:$X$9,6,FALSE) -> #N/A | X17: =VLOOKUP($B17,$R$3:$X$9,7,FALSE) -> #N/A | Y17: =VLOOKUP($B17,$R$3:$Z$9,8,FALSE) -> #N/A | Z17: =VLOOKUP($B17,$R$3:$Z$9,9,FALSE) -> #N/A
R18: =B18 -> 0 | S18: 17 | T18: 17.2 | U18: =VLOOKUP($B18,$R$3:$X$9,4,FALSE) -> #N/A | V18: =VLOOKUP($B18,$R$3:$X$9,5,FALSE) -> #N/A | W18: =VLOOKUP($B18,$R$3:$X$9,6,FALSE) -> #N/A | X18: =VLOOKUP($B18,$R$3:$X$9,7,FALSE) -> #N/A | Y18: =VLOOKUP($B18,$R$3:$Z$9,8,FALSE) -> #N/A | Z18: =VLOOKUP($B18,$R$3:$Z$9,9,FALSE) -> #N/A
R19: =B19 -> 0 | S19: 17 | T19: 17.2 | U19: =VLOOKUP($B19,$R$3:$X$9,4,FALSE) -> #N/A | V19: =VLOOKUP($B19,$R$3:$X$9,5,FALSE) -> #N/A | W19: =VLOOKUP($B19,$R$3:$X$9,6,FALSE) -> #N/A | X19: =VLOOKUP($B19,$R$3:$X$9,7,FALSE) -> #N/A | Y19: =VLOOKUP($B19,$R$3:$Z$9,8,FALSE) -> #N/A | Z19: =VLOOKUP($B19,$R$3:$Z$9,9,FALSE) -> #N/A
R20: =B20 -> 0 | S20: 17 | T20: 17.2 | U20: =VLOOKUP($B20,$R$3:$X$9,4,FALSE) -> #N/A | V20: =VLOOKUP($B20,$R$3:$X$9,5,FALSE) -> #N/A | W20: =VLOOKUP($B20,$R$3:$X$9,6,FALSE) -> #N/A | X20: =VLOOKUP($B20,$R$3:$X$9,7,FALSE) -> #N/A | Y20: =VLOOKUP($B20,$R$3:$Z$9,8,FALSE) -> #N/A | Z20: =VLOOKUP($B20,$R$3:$Z$9,9,FALSE) -> #N/A
R21: =B21 -> 0 | S21: =VLOOKUP($B21,$R$3:$X$9,2,FALSE) -> #N/A | T21: =VLOOKUP($B21,$R$3:$X$9,3,FALSE) -> #N/A | U21: =VLOOKUP($B21,$R$3:$X$9,4,FALSE) -> #N/A | V21: =VLOOKUP($B21,$R$3:$X$9,5,FALSE) -> #N/A | W21: =VLOOKUP($B21,$R$3:$X$9,6,FALSE) -> #N/A | X21: =VLOOKUP($B21,$R$3:$X$9,7,FALSE) -> #N/A | Y21: =VLOOKUP($B21,$R$3:$Z$9,8,FALSE) -> #N/A | Z21: =VLOOKUP($B21,$R$3:$Z$9,9,FALSE) -> #N/A
R22: =B22 -> 0 | S22: =VLOOKUP($B22,$R$3:$X$9,2,FALSE) -> #N/A | T22: =VLOOKUP($B22,$R$3:$X$9,3,FALSE) -> #N/A | U22: =VLOOKUP($B22,$R$3:$X$9,4,FALSE) -> #N/A | V22: =VLOOKUP($B22,$R$3:$X$9,5,FALSE) -> #N/A | W22: =VLOOKUP($B22,$R$3:$X$9,6,FALSE) -> #N/A | X22: =VLOOKUP($B22,$R$3:$X$9,7,FALSE) -> #N/A | Y22: =VLOOKUP($B22,$R$3:$Z$9,8,FALSE) -> #N/A | Z22: =VLOOKUP($B22,$R$3:$Z$9,9,FALSE) -> #N/A
R23: =B23 -> 0 | S23: =VLOOKUP($B23,$R$3:$X$9,2,FALSE) -> #N/A | T23: =VLOOKUP($B23,$R$3:$X$9,3,FALSE) -> #N/A | U23: =VLOOKUP($B23,$R$3:$X$9,4,FALSE) -> #N/A | V23: =VLOOKUP($B23,$R$3:$X$9,5,FALSE) -> #N/A | W23: =VLOOKUP($B23,$R$3:$X$9,6,FALSE) -> #N/A | X23: =VLOOKUP($B23,$R$3:$X$9,7,FALSE) -> #N/A | Y23: =VLOOKUP($B23,$R$3:$Z$9,8,FALSE) -> #N/A | Z23: =VLOOKUP($B23,$R$3:$Z$9,9,FALSE) -> #N/A
R24: =B24 -> 0 | S24: =VLOOKUP($B24,$R$3:$X$9,2,FALSE) -> #N/A | T24: =VLOOKUP($B24,$R$3:$X$9,3,FALSE) -> #N/A | U24: =VLOOKUP($B24,$R$3:$X$9,4,FALSE) -> #N/A | V24: =VLOOKUP($B24,$R$3:$X$9,5,FALSE) -> #N/A | W24: =VLOOKUP($B24,$R$3:$X$9,6,FALSE) -> #N/A | X24: =VLOOKUP($B24,$R$3:$X$9,7,FALSE) -> #N/A | Y24: =VLOOKUP($B24,$R$3:$Z$9,8,FALSE) -> #N/A | Z24: =VLOOKUP($B24,$R$3:$Z$9,9,FALSE) -> #N/A
B25: CARIB | C25: =[23]Brewhouse!$A588 -> CA481 | D25: =[23]Brewhouse!$AF588 -> 51.4 | E25: =[23]Brewhouse!$AI588 -> 48.8 | F25: =[23]Brewhouse!$V588 -> 51 | G25: =[23]Brewhouse!$AG588 -> 11.6 | H25: 11.6 | I25: =[23]Brewhouse!$AU588 -> 95.859275 | J25: =[23]Brewhouse!$AV588 -> 97.441844 | K25: =[23]Brewhouse!$Q588 -> 9.1756272 | L25: =[23]Brewhouse!$P588 -> 62 | M25: =[23]Brewhouse!$U588-[23]Brewhouse!$T588 -> 0.10347222 | N25: =[23]Brewhouse!$Z588 -> 0.25763889 | O25: =[23]Brewhouse!$AX588 -> K.Benjamin | R25: =B25 -> CARIB | S25: =VLOOKUP($B25,$R$3:$X$9,2,FALSE) -> 11.6 | T25: =VLOOKUP($B25,$R$3:$X$9,3,FALSE) -> 12 | U25: =VLOOKUP($B25,$R$3:$X$9,4,FALSE) -> 0 | V25: =VLOOKUP($B25,$R$3:$X$9,5,FALSE) -> 0.11805556 | W25: =VLOOKUP($B25,$R$3:$X$9,6,FALSE) -> 0.22569444 | X25: =VLOOKUP($B25,$R$3:$X$9,7,FALSE) -> 0.26388889 | Y25: =VLOOKUP($B25,$R$3:$Z$9,8,FALSE) -> 0 | Z25: =VLOOKUP($B25,$R$3:$Z$9,9,FALSE) -> 60
B26: CARIB | C26: =[23]Brewhouse!$A589 -> CA482 | D26: =[23]Brewhouse!$AF589 -> 50.6 | E26: =[23]Brewhouse!$AI589 -> 49.2 | F26: =[23]Brewhouse!$V589 -> 57 | G26: =[23]Brewhouse!$AG589 -> 11.6 | H26: 11.7 | I26: =[23]Brewhouse!$AU589 -> 96.645007 | J26: =[23]Brewhouse!$AV589 -> 98.240548 | K26: =[23]Brewhouse!$Q589 -> 9.6376812 | L26: =[23]Brewhouse!$P589 -> 72 | M26: =[23]Brewhouse!$U589-[23]Brewhouse!$T589 -> 0.11875 | N26: =[23]Brewhouse!$Z589 -> 0.26944444 | O26: =[23]Brewhouse!$AX589 -> K.Benjamin | R26: =B26 -> CARIB | S26: =VLOOKUP($B26,$R$3:$X$9,2,FALSE) -> 11.6 | T26: =VLOOKUP($B26,$R$3:$X$9,3,FALSE) -> 12 | U26: =VLOOKUP($B26,$R$3:$X$9,4,FALSE) -> 0 | V26: =VLOOKUP($B26,$R$3:$X$9,5,FALSE) -> 0.11805556 | W26: =VLOOKUP($B26,$R$3:$X$9,6,FALSE) -> 0.22569444 | X26: =VLOOKUP($B26,$R$3:$X$9,7,FALSE) -> 0.26388889 | Y26: =VLOOKUP($B26,$R$3:$Z$9,8,FALSE) -> 0 | Z26: =VLOOKUP($B26,$R$3:$Z$9,9,FALSE) -> 60
B27: CARIB | C27: =[23]Brewhouse!$A590 -> CA483 | D27: =[23]Brewhouse!$AF590 -> 52.2 | E27: =[23]Brewhouse!$AI590 -> 50.1 | F27: =[23]Brewhouse!$V590 -> 60 | G27: =[23]Brewhouse!$AG590 -> 11.9 | H27: 11.6 | I27: =[23]Brewhouse!$AU590 -> 97.963146 | J27: =[23]Brewhouse!$AV590 -> 99.582734 | K27: =[23]Brewhouse!$Q590 -> 5.6238361 | L27: =[23]Brewhouse!$P590 -> 59 | M27: =[23]Brewhouse!$U590-[23]Brewhouse!$T590 -> 0.11666667 | N27: =[23]Brewhouse!$Z590 -> 0.26180556 | O27: =[23]Brewhouse!$AX590 -> K.Benjamin | R27: =B27 -> CARIB | S27: =VLOOKUP($B27,$R$3:$X$9,2,FALSE) -> 11.6 | T27: =VLOOKUP($B27,$R$3:$X$9,3,FALSE) -> 12 | U27: =VLOOKUP($B27,$R$3:$X$9,4,FALSE) -> 0 | V27: =VLOOKUP($B27,$R$3:$X$9,5,FALSE) -> 0.11805556 | W27: =VLOOKUP($B27,$R$3:$X$9,6,FALSE) -> 0.22569444 | X27: =VLOOKUP($B27,$R$3:$X$9,7,FALSE) -> 0.26388889 | Y27: =VLOOKUP($B27,$R$3:$Z$9,8,FALSE) -> 0 | Z27: =VLOOKUP($B27,$R$3:$Z$9,9,FALSE) -> 60
B28: CARIB | C28: =[23]Brewhouse!$A591 -> CA484 | D28: =[23]Brewhouse!$AF591 -> 54.8 | E28: =[23]Brewhouse!$AI591 -> 52.3 | F28: =[23]Brewhouse!$V591 -> 56 | G28: =[23]Brewhouse!$AG591 -> 11.7 | H28: 11.6 | I28: =[23]Brewhouse!$AU591 -> 99.511669 | J28: =[23]Brewhouse!$AV591 -> 101.08978 | K28: =[23]Brewhouse!$Q591 -> 2.5585586 | L28: =[23]Brewhouse!$P591 -> 60 | M28: =[23]Brewhouse!$U591-[23]Brewhouse!$T591 -> 0.11041667 | N28: =[23]Brewhouse!$Z591 -> 0.24375 | O28: =[23]Brewhouse!$AX591 -> K.Benjamin | R28: =B28 -> CARIB | S28: =VLOOKUP($B28,$R$3:$X$9,2,FALSE) -> 11.6 | T28: =VLOOKUP($B28,$R$3:$X$9,3,FALSE) -> 12 | U28: =VLOOKUP($B28,$R$3:$X$9,4,FALSE) -> 0 | V28: =VLOOKUP($B28,$R$3:$X$9,5,FALSE) -> 0.11805556 | W28: =VLOOKUP($B28,$R$3:$X$9,6,FALSE) -> 0.22569444 | X28: =VLOOKUP($B28,$R$3:$X$9,7,FALSE) -> 0.26388889 | Y28: =VLOOKUP($B28,$R$3:$Z$9,8,FALSE) -> 0 | Z28: =VLOOKUP($B28,$R$3:$Z$9,9,FALSE) -> 60
B29: CARIB | C29: =[23]Brewhouse!$A592 -> CA485 | D29: =[23]Brewhouse!$AF592 -> 53.8 | E29: =[23]Brewhouse!$AI592 -> 51.3 | F29: =[23]Brewhouse!$V592 -> 62 | G29: =[23]Brewhouse!$AG592 -> 11.8 | H29: 12 | I29: =[23]Brewhouse!$AU592 -> 98.972456 | J29: =[23]Brewhouse!$AV592 -> 100.54133 | K29: =[23]Brewhouse!$Q592 -> 5.5516014 | L29: =[23]Brewhouse!$P592 -> 60 | M29: =[23]Brewhouse!$U592-[23]Brewhouse!$T592 -> 0.11180556 | N29: =[23]Brewhouse!$Z592 -> 0.24027778 | O29: =[23]Brewhouse!$AX592 -> R. Regis | R29: =B29 -> CARIB | S29: =VLOOKUP($B29,$R$3:$X$9,2,FALSE) -> 11.6 | T29: =VLOOKUP($B29,$R$3:$X$9,3,FALSE) -> 12 | U29: =VLOOKUP($B29,$R$3:$X$9,4,FALSE) -> 0 | V29: =VLOOKUP($B29,$R$3:$X$9,5,FALSE) -> 0.11805556 | W29: =VLOOKUP($B29,$R$3:$X$9,6,FALSE) -> 0.22569444 | X29: =VLOOKUP($B29,$R$3:$X$9,7,FALSE) -> 0.26388889 | Y29: =VLOOKUP($B29,$R$3:$Z$9,8,FALSE) -> 0 | Z29: =VLOOKUP($B29,$R$3:$Z$9,9,FALSE) -> 60
B30: CARIB | C30: =[23]Brewhouse!$A593 -> CA486 | D30: =[23]Brewhouse!$AF593 -> 53.8 | E30: =[23]Brewhouse!$AI593 -> 51.2 | F30: =[23]Brewhouse!$V593 -> 60 | G30: =[23]Brewhouse!$AG593 -> 11.8 | H30: 11 | I30: =[23]Brewhouse!$AU593 -> 98.415611 | J30: =[23]Brewhouse!$AV593 -> 99.976172 | K30: =[23]Brewhouse!$Q593 -> 5.8865248 | L30: =[23]Brewhouse!$P593 -> 60 | M30: =[23]Brewhouse!$U593-[23]Brewhouse!$T593 -> 0.11041667 | N30: =[23]Brewhouse!$Z593 -> 0.26458333 | O30: =[23]Brewhouse!$AX593 -> R. Regis | R30: =B30 -> CARIB | S30: =VLOOKUP($B30,$R$3:$X$9,2,FALSE) -> 11.6 | T30: =VLOOKUP($B30,$R$3:$X$9,3,FALSE) -> 12 | U30: =VLOOKUP($B30,$R$3:$X$9,4,FALSE) -> 0 | V30: =VLOOKUP($B30,$R$3:$X$9,5,FALSE) -> 0.11805556 | W30: =VLOOKUP($B30,$R$3:$X$9,6,FALSE) -> 0.22569444 | X30: =VLOOKUP($B30,$R$3:$X$9,7,FALSE) -> 0.26388889 | Y30: =VLOOKUP($B30,$R$3:$Z$9,8,FALSE) -> 0 | Z30: =VLOOKUP($B30,$R$3:$Z$9,9,FALSE) -> 60
B31: CARIB | C31: =[23]Brewhouse!$A594 -> CA487 | D31: =[23]Brewhouse!$AF594 -> 53.6 | E31: =[23]Brewhouse!$AI594 -> 51.8 | F31: =[23]Brewhouse!$V594 -> 50 | G31: =[23]Brewhouse!$AG594 -> 11.7 | H31: 11.8 | I31: =[23]Brewhouse!$AU594 -> 92.972627 | J31: =[23]Brewhouse!$AV594 -> 94.454434 | K31: =[23]Brewhouse!$Q594 -> 6.4070796 | L31: =[23]Brewhouse!$P594 -> 75 | M31: =[23]Brewhouse!$U594-[23]Brewhouse!$T594 -> 0.12083333 | N31: =[23]Brewhouse!$Z594 -> 0.29652778 | O31: =[23]Brewhouse!$AX594 -> R. Regis | R31: =B31 -> CARIB | S31: =VLOOKUP($B31,$R$3:$X$9,2,FALSE) -> 11.6 | T31: =VLOOKUP($B31,$R$3:$X$9,3,FALSE) -> 12 | U31: =VLOOKUP($B31,$R$3:$X$9,4,FALSE) -> 0 | V31: =VLOOKUP($B31,$R$3:$X$9,5,FALSE) -> 0.11805556 | W31: =VLOOKUP($B31,$R$3:$X$9,6,FALSE) -> 0.22569444 | X31: =VLOOKUP($B31,$R$3:$X$9,7,FALSE) -> 0.26388889 | Y31: =VLOOKUP($B31,$R$3:$Z$9,8,FALSE) -> 0 | Z31: =VLOOKUP($B31,$R$3:$Z$9,9,FALSE) -> 60
B32: CARIB | C32: =[23]Brewhouse!$A595 -> CA488 | D32: =[23]Brewhouse!$AF595 -> 57.1 | E32: =[23]Brewhouse!$AI595 -> 55 | F32: =[23]Brewhouse!$V595 -> 64 | G32: =[23]Brewhouse!$AG595 -> 11.6 | I32: =[23]Brewhouse!$AU595 -> 98.283085 | J32: =[23]Brewhouse!$AV595 -> 99.848926 | K32: =[23]Brewhouse!$Q595 -> 3.9713775 | L32: =[23]Brewhouse!$P595 -> 61 | M32: =[23]Brewhouse!$U595-[23]Brewhouse!$T595 -> 0.14722222 | N32: =[23]Brewhouse!$Z595 -> 0.29583333 | O32: =[23]Brewhouse!$AX595 -> D. Gomez | R32: =B32 -> CARIB | S32: =VLOOKUP($B32,$R$3:$X$9,2,FALSE) -> 11.6 | T32: =VLOOKUP($B32,$R$3:$X$9,3,FALSE) -> 12 | U32: =VLOOKUP($B32,$R$3:$X$9,4,FALSE) -> 0 | V32: =VLOOKUP($B32,$R$3:$X$9,5,FALSE) -> 0.11805556 | W32: =VLOOKUP($B32,$R$3:$X$9,6,FALSE) -> 0.22569444 | X32: =VLOOKUP($B32,$R$3:$X$9,7,FALSE) -> 0.26388889 | Y32: =VLOOKUP($B32,$R$3:$Z$9,8,FALSE) -> 0 | Z32: =VLOOKUP($B32,$R$3:$Z$9,9,FALSE) -> 60
R33: =B33 -> 0 | S33: =VLOOKUP($B33,$R$3:$X$9,2,FALSE) -> #N/A | T33: =VLOOKUP($B33,$R$3:$X$9,3,FALSE) -> #N/A | U33: =VLOOKUP($B33,$R$3:$X$9,4,FALSE) -> #N/A | V33: =VLOOKUP($B33,$R$3:$X$9,5,FALSE) -> #N/A | W33: =VLOOKUP($B33,$R$3:$X$9,6,FALSE) -> #N/A | X33: =VLOOKUP($B33,$R$3:$X$9,7,FALSE) -> #N/A | Y33: =VLOOKUP($B33,$R$3:$Z$9,8,FALSE) -> #N/A | Z33: =VLOOKUP($B33,$R$3:$Z$9,9,FALSE) -> #N/A
R34: =B34 -> 0 | S34: =VLOOKUP($B34,$R$3:$X$9,2,FALSE) -> #N/A | T34: =VLOOKUP($B34,$R$3:$X$9,3,FALSE) -> #N/A | U34: =VLOOKUP($B34,$R$3:$X$9,4,FALSE) -> #N/A | V34: =VLOOKUP($B34,$R$3:$X$9,5,FALSE) -> #N/A | W34: =VLOOKUP($B34,$R$3:$X$9,6,FALSE) -> #N/A | X34: =VLOOKUP($B34,$R$3:$X$9,7,FALSE) -> #N/A | Y34: =VLOOKUP($B34,$R$3:$Z$9,8,FALSE) -> #N/A | Z34: =VLOOKUP($B34,$R$3:$Z$9,9,FALSE) -> #N/A
R35: =B35 -> 0 | S35: =VLOOKUP($B35,$R$3:$X$9,2,FALSE) -> #N/A | T35: =VLOOKUP($B35,$R$3:$X$9,3,FALSE) -> #N/A | U35: =VLOOKUP($B35,$R$3:$X$9,4,FALSE) -> #N/A | V35: =VLOOKUP($B35,$R$3:$X$9,5,FALSE) -> #N/A | W35: =VLOOKUP($B35,$R$3:$X$9,6,FALSE) -> #N/A | X35: =VLOOKUP($B35,$R$3:$X$9,7,FALSE) -> #N/A | Y35: =VLOOKUP($B35,$R$3:$Z$9,8,FALSE) -> #N/A | Z35: =VLOOKUP($B35,$R$3:$Z$9,9,FALSE) -> #N/A
R36: =B36 -> 0 | S36: =VLOOKUP($B36,$R$3:$X$9,2,FALSE) -> #N/A | T36: =VLOOKUP($B36,$R$3:$X$9,3,FALSE) -> #N/A | U36: =VLOOKUP($B36,$R$3:$X$9,4,FALSE) -> #N/A | V36: =VLOOKUP($B36,$R$3:$X$9,5,FALSE) -> #N/A | W36: =VLOOKUP($B36,$R$3:$X$9,6,FALSE) -> #N/A | X36: =VLOOKUP($B36,$R$3:$X$9,7,FALSE) -> #N/A | Y36: =VLOOKUP($B36,$R$3:$Z$9,8,FALSE) -> #N/A | Z36: =VLOOKUP($B36,$R$3:$Z$9,9,FALSE) -> #N/A
R37: =B37 -> 0 | S37: =VLOOKUP($B37,$R$3:$X$9,2,FALSE) -> #N/A | T37: =VLOOKUP($B37,$R$3:$X$9,3,FALSE) -> #N/A | U37: =VLOOKUP($B37,$R$3:$X$9,4,FALSE) -> #N/A | V37: =VLOOKUP($B37,$R$3:$X$9,5,FALSE) -> #N/A | W37: =VLOOKUP($B37,$R$3:$X$9,6,FALSE) -> #N/A | X37: =VLOOKUP($B37,$R$3:$X$9,7,FALSE) -> #N/A | Y37: =VLOOKUP($B37,$R$3:$Z$9,8,FALSE) -> #N/A | Z37: =VLOOKUP($B37,$R$3:$Z$9,9,FALSE) -> #N/A
R38: =B38 -> 0 | S38: =VLOOKUP($B38,$R$3:$X$9,2,FALSE) -> #N/A | T38: =VLOOKUP($B38,$R$3:$X$9,3,FALSE) -> #N/A | U38: =VLOOKUP($B38,$R$3:$X$9,4,FALSE) -> #N/A | V38: =VLOOKUP($B38,$R$3:$X$9,5,FALSE) -> #N/A | W38: =VLOOKUP($B38,$R$3:$X$9,6,FALSE) -> #N/A | X38: =VLOOKUP($B38,$R$3:$X$9,7,FALSE) -> #N/A | Y38: =VLOOKUP($B38,$R$3:$Z$9,8,FALSE) -> #N/A | Z38: =VLOOKUP($B38,$R$3:$Z$9,9,FALSE) -> #N/A
R39: =B39 -> 0 | S39: =VLOOKUP($B39,$R$3:$X$9,2,FALSE) -> #N/A | T39: =VLOOKUP($B39,$R$3:$X$9,3,FALSE) -> #N/A | U39: =VLOOKUP($B39,$R$3:$X$9,4,FALSE) -> #N/A | V39: =VLOOKUP($B39,$R$3:$X$9,5,FALSE) -> #N/A | W39: =VLOOKUP($B39,$R$3:$X$9,6,FALSE) -> #N/A | X39: =VLOOKUP($B39,$R$3:$X$9,7,FALSE) -> #N/A | Y39: =VLOOKUP($B39,$R$3:$Z$9,8,FALSE) -> #N/A | Z39: =VLOOKUP($B39,$R$3:$Z$9,9,FALSE) -> #N/A
R40: =B40 -> 0 | S40: =VLOOKUP($B40,$R$3:$X$9,2,FALSE) -> #N/A | T40: =VLOOKUP($B40,$R$3:$X$9,3,FALSE) -> #N/A | U40: =VLOOKUP($B40,$R$3:$X$9,4,FALSE) -> #N/A | V40: =VLOOKUP($B40,$R$3:$X$9,5,FALSE) -> #N/A | W40: =VLOOKUP($B40,$R$3:$X$9,6,FALSE) -> #N/A | X40: =VLOOKUP($B40,$R$3:$X$9,7,FALSE) -> #N/A | Y40: =VLOOKUP($B40,$R$3:$Z$9,8,FALSE) -> #N/A | Z40: =VLOOKUP($B40,$R$3:$Z$9,9,FALSE) -> #N/A
R41: =B41 -> 0 | S41: =VLOOKUP($B41,$R$3:$X$9,2,FALSE) -> #N/A | T41: =VLOOKUP($B41,$R$3:$X$9,3,FALSE) -> #N/A | U41: =VLOOKUP($B41,$R$3:$X$9,4,FALSE) -> #N/A | V41: =VLOOKUP($B41,$R$3:$X$9,5,FALSE) -> #N/A | W41: =VLOOKUP($B41,$R$3:$X$9,6,FALSE) -> #N/A | X41: =VLOOKUP($B41,$R$3:$X$9,7,FALSE) -> #N/A | Y41: =VLOOKUP($B41,$R$3:$Z$9,8,FALSE) -> #N/A | Z41: =VLOOKUP($B41,$R$3:$Z$9,9,FALSE) -> #N/A
R42: =B42 -> 0 | S42: =VLOOKUP($B42,$R$3:$X$9,2,FALSE) -> #N/A | T42: =VLOOKUP($B42,$R$3:$X$9,3,FALSE) -> #N/A | U42: =VLOOKUP($B42,$R$3:$X$9,4,FALSE) -> #N/A | V42: =VLOOKUP($B42,$R$3:$X$9,5,FALSE) -> #N/A | W42: =VLOOKUP($B42,$R$3:$X$9,6,FALSE) -> #N/A | X42: =VLOOKUP($B42,$R$3:$X$9,7,FALSE) -> #N/A | Y42: =VLOOKUP($B42,$R$3:$Z$9,8,FALSE) -> #N/A | Z42: =VLOOKUP($B42,$R$3:$Z$9,9,FALSE) -> #N/A
B43: BRAND | D43: BBT P.G./ O.G | I43: Brand | J43: Actual | K43: MTD No. of Brews | L43: MTD | M43: YTD | N43: Target | R43: =B43 -> BRAND | S43: =VLOOKUP($B43,$R$3:$X$9,2,FALSE) -> #N/A | T43: =VLOOKUP($B43,$R$3:$X$9,3,FALSE) -> #N/A | U43: =VLOOKUP($B43,$R$3:$X$9,4,FALSE) -> #N/A | V43: =VLOOKUP($B43,$R$3:$X$9,5,FALSE) -> #N/A | W43: =VLOOKUP($B43,$R$3:$X$9,6,FALSE) -> #N/A | X43: =VLOOKUP($B43,$R$3:$X$9,7,FALSE) -> #N/A | Y43: =VLOOKUP($B43,$R$3:$Z$9,8,FALSE) -> #N/A | Z43: =VLOOKUP($B43,$R$3:$Z$9,9,FALSE) -> #N/A
B44: =I51 -> HR- Pils | C44: =[28]Process!D10 -> 11.6 | D44: 11.29 | I44: CARIB | J44: =AVERAGE(I25:I32) -> 97.32786 | K44: =COUNTA([23]Brewhouse!$A$580:$A$595) -> 16 | L44: =AVERAGE([23]Brewhouse!$AU$580:$AU$595) -> 98.009275 | M44: =AVERAGE([23]Brewhouse!$AU$102:$AU$171,[23]Brewhouse!$AU$173:$AU$253,[23]Brewhouse!$AU$255:$AU$339,[23]Brewhouse!$AU$341:$AU$346,[23]Brewhouse!$AU$348,[23]Brewhouse!$AU$349:$AU$406,[23]Brewhouse!$AU$408:$AU$491,[23]Brewhouse!$AU$493:$AU$578,[23]Brewhouse!$AU$580:$AU$595) -> 97.758384 | N44: 98
C45: =[28]Process!D11 -> 11.4 | I45: STAG | K45: =COUNTA([24]Brewhouse!$A$275:$A$290) -> 16 | L45: =AVERAGE([24]Brewhouse!$AS$275:$AS$290) -> 99.355788 | M45: =AVERAGE([24]Brewhouse!$AS$15:$AS$64,[24]Brewhouse!$AS$66:$AS$103,[24]Brewhouse!$AS$105:$AS$140,[24]Brewhouse!$AS$142:$AS$193,[24]Brewhouse!$AS$195:$AS$240,[24]Brewhouse!$AS$242:$AS$273,[24]Brewhouse!$AS$275:$AS$290) -> 97.963935 | N45: 98
C46: =[28]Process!D12 -> 11.3 | D46: 11.31 | I46: GUINNESS | M46: =AVERAGE([25]Brewhouse!$AU$4:$AU$7,[25]Brewhouse!$AU$9:$AU$22,[25]Brewhouse!$AU$24:$AU$35,[25]Brewhouse!$AU$37:$AU$45,[25]Brewhouse!$AU$47:$AU$62) -> 97.179377 | N46: 98
C47: =[28]Process!D13 -> 11.2 | I47: VITAMALT | M47: =AVERAGE([26]Brewhouse!$AV$5:$AV$14,[26]Brewhouse!$AV$16:$AV$19,[26]Brewhouse!$AV$21:$AV$24,[26]Brewhouse!$AV$26:$AV$33,[26]Brewhouse!$AV$35:$AV$46,[26]Brewhouse!$AV$48:$AV$53) -> 98.620084 | N47: 98
I48: MAXIMALT | N48: 98
I49: MACKESON | M49: =AVERAGE([27]Brewhouse!$AT$4:$AT$11,[27]Brewhouse!$AT$13:$AT$16,[27]Brewhouse!$AT$18:$AT$21) -> 94.77317 | N49: 98
I50: STARMALT | K50: =COUNTA([22]Brewhouse!$A$56:$A$65) -> 10 | L50: =AVERAGE([22]Brewhouse!$AY$56:$AY$65) -> 99.275501 | M50: =AVERAGE([22]Brewhouse!$AY$6:$AY$13,[22]Brewhouse!$AY$15:$AY$20,[22]Brewhouse!$AY$22:$AY$29,[22]Brewhouse!$AY$31:$AY$34,[22]Brewhouse!$AY$36:$AY$43,[22]Brewhouse!$AY$45:$AY$50, [22]Brewhouse!$AY$56:$AY$65) -> 97.1452 | N50: 98
I51: HR- Pils | M51: =AVERAGE([28]Brewhouse!$AU$5:$AU$8,[28]Brewhouse!$AU$10:$AU$13) -> 94.247667 | N51: 98
I52: HR- IPA | M52: =AVERAGE([29]Brewhouse!$AW$26:$AW$27) -> 95.310681 | N52: 98
I53: HR- APA | M53: =AVERAGE([30]Brewhouse!$AU$13:$AU$14) -> 97.110575 | N53: 98
K54: =SUM(K44:K53) -> 42 | L54: =((L44*K44)+(L45*K45)+(L46*K46)+(L47*K47)+(L48*K48)+(K51*L51)+(L49*K49)+(L50*K50)+(L53*K53))/(K54) -> 98.823715 | M54: =AVERAGE('[31]Jan 31st'!$L$65,'[32]Feb 28th'!$L$35,'[33]Mar. 31st'!$L$35,'[34]Apr. 30th'!$L$45,'[35]May 30th'!$L$37,L54) -> 97.833828 | N54: 98
J56: Daily Brewing Plan
J57: Brand | K57: Brews Achieved | L57: Average Brews per day
J58: CARIB | K58: 8 | L58: MTD | M58: YTD | N58: TARGET
J59: STAG | L59: =AVERAGE(K68,'July 1st'!K67,'July 2nd'!K68,'July 3rd'!K68,'July 4th'!K68) -> 8.4 | M59: =AVERAGE('[31]Jan 29th '!$M$70,'[32]Feb 28th'!$L$40,'[33]Mar. 31st'!$L$40,'[34]Apr. 30th'!$L$50,'[35]May 30th'!$L$42,L59) -> 6.9344402 | N59: 9.2
J60: GUINN
J61: VITAMALT
J62: STARMALT
J63: MACKESON
J64: HURRICANE REEF- IPA
J65: HURRICANE REEF- APA
B66: AVERAGE | D66: =AVERAGE(D44:E65) -> 11.3 | J66: HR- PILSNER
J67: CARIBE
J68: Total | K68: =SUM(K58:K67) -> 8
B69: Process: | C69: Fermentation/Filtration
B71: Brand | C71: Filt. Date | D71: FV Hls | E71: GFE/ Prim/ Vita Blend (Hls) | F71: SV Hls | G71: BBT Hls | H71: Loss (%) Ferm | I71: Loss (%) Filt | J71: Comments | K71: Throughput | L71: Process Loss (%) | M71: Filt. Operator
AB72: 43474 | AC72: 43475 | AD72: 43476 | AE72: 43477 | AF72: 43478 | AG72: 43479 | AH72: 43480 | AI72: 43481 | AJ72: 43482 | AK72: 43483 | AL72: 43484 | AM72: 43485 | AN72: 43486 | AO72: 43487 | AP72: 43488 | AQ72: 43489 | AR72: 43490 | AS72: 43491 | AT72: 43492 | AU72: 43493 | AV72: 43494 | AW72: 43495 | AX72: 43496
B73: =B86 -> HURRICANE REEF PILS | C73: 45845 | D73: =[36]July_2025!$J$86 -> 216.9 | F73: ='[38]HR Pilsener'!$L$6+'[38]HR Pilsener'!$L$8 -> 203.9 | G73: =[36]July_2025!$J$90 -> 196.3 | H73: =(D73-F73)/D73*100 -> 5.9935454 | I73: =((F73+E73)-G73)/(F73+E73)*100 -> 3.7273173 | J73: NO SBF | K73: =[37]July_2025!$J$74 -> 0.68877193 | L73: =(((D73+E73)-G73)/(D73+E73))*100 -> 9.4974643 | M73: K. Hosten | AB73: =[20]January_2019!L7 -> 285.8 | AC73: =[20]January_2019!M7 -> 508.1 | AD73: =[20]January_2019!N7 -> 0 | AE73: =[20]January_2019!O7 -> 0 | AF73: =[20]January_2019!P7 -> 109.56667 | AG73: =[20]January_2019!Q7 -> 297.65 | AH73: =[20]January_2019!R7 -> 122.3 | AI73: =[20]January_2019!S7 -> 0 | ... AX73: =[20]January_2019!AH7 -> 0
B76: Process Loss (Volume) | G76: Process Loss (Extract) | K76: Throughput
B77: Brand | C77: Actual | D77: MTD | E77: YTD | F77: Target | G77: Actual | H77: MTD | I77: YTD | J77: Target | K77: Actual | L77: MTD | M77: YTD | N77: Target
B78: CARIB | D78: 5.0608857 | E78: 6.5163972 | F78: 4.8 | H78: 3.5797381 | I78: 6.444712 | J78: 4.8 | L78: 0.76245614 | M78: 0.72193343 | N78: 1
B79: STAG | D79: 5.1037577 | E79: 6.0971945 | F79: 4.8 | H79: 3.2384753 | I79: 5.7680837 | J79: 4.8 | L79: 0.59368421 | M79: 0.75812657 | N79: 1
B80: GUINN | E80: 11.960274 | F80: 5.5 | I80: 13.111031 | J80: 5.5 | M80: 0.48693986 | N80: 1
B81: VITAMALT | E81: 5.4214697 | F81: 3.3 | I81: 5.263029 | J81: 3.3 | M81: 0.69194862 | N81: 1
B82: MAXIMALT | F82: 3.3 | J82: 3 | N82: 1
B83: MACKESON | E83: 7.3129862 | F83: =[21]May_2022!$M$43 -> 3.4878407 | I83: 8.9862703 | J83: 5.5 | M83: 0.59276316 | N83: 1
B84: STARMALT | D84: 2.3359073 | E84: 2.9805616 | F84: 3.3 | H84: 3.7114579 | I84: 4.4931175 | J84: 3.3 | L84: 1.7750877 | M84: 0.83077455 | N84: 1
B85: HURRICANE REEF | F85: 7.5 | J85: 7.5 | N85: 1
B86: HURRICANE REEF PILS | C86: =L73 -> 9.4974643 | D86: 9.4974643 | E86: 7.2653645 | F86: 4.8 | G86: =[36]July_2025!$J$94 -> 10.18309 | H86: 10.18309 | I86: 8.1715311 | J86: 4.8 | K86: =K73 -> 0.68877193 | L86: 0.68877193 | M86: 0.51368421 | N86: 1
D87: 4.7797885 | E87: 6.5467125 | F87: 5.5 | H87: 4.3606559 | I87: 6.7789449 | J87: 5.5 | L87: 0.91649123 | M87: 0.70567946 | N87: 1

Sheet July 8th 
S1: P.G. | U1: Hot Time | W1: Process Time | Y1: Cooling Time
B2: Brewing Department Daily Process Loss Report | S2: Lower | T2: Upper | U2: Lower | V2: Upper | W2: Lower | X2: Upper | Y2: Lower | Z2: Upper
R3: CARIB | S3: 11.6 | T3: 12 | U3: 0 | V3: 0.11805556 | W3: 0.22569444 | X3: 0.26388889 | Y3: 0 | Z3: 60 | AB3: HR- PISNER
B4: Date: | C4: 45847 | J4: LOT WORT COLOUR: 3.3 | M4: Filter Sheets (Target 20 days) | R4: STAG | S4: 11.6 | T4: 12 | U4: 0 | V4: 0.11805556 | W4: 0.22569444 | X4: 0.26388889 | Y4: 0 | Z4: 60
M5: Double | N5: Single | R5: GUINNESS | S5: 17 | T5: 17.5 | U5: 0 | V5: 0.10763889 | W5: 0.24652778 | X5: 0.28472222 | Y5: 0 | Z5: 60
J6: MALT LOT: Lot #40 | L6: Sheet Day | M6: 10 | N6: 10 | R6: MACKESON | S6: 13.3 | T6: 13.5 | U6: 0 | V6: 0.12905093 | W6: 0.27430556 | X6: 0.30208333 | Y6: 0
R7: STARMALT | S7: 17.1 | T7: 17.5 | U7: 0 | V7: 0.13605324 | W7: 0.27430556 | X7: 0.30902778 | Y7: 0 | Z7: 85
B8: Brand | C8: Brew no. | D8: Kett. Hls | E8: Wort | F8: Cool Time(Mins) | G8: Cast. P.G. (Lab Result) | H8: Cast P.G. (Cellar Operator)-gravity | I8: Extr. Rec (79.4%) | J8: Theor. Extr. (77.5%) | K8: Boil Off /Vol. (4-6%) | L8: Boil Time | M8: Total Hot | N8: Brewing | O8: Operator | R8: Hurricane Reef | S8: 16.6 | T8: 17 | U8: 0 | V8: 0.12905093 | W8: 0.27430556 | X8: 0.30208333 | Y8: 0
E9: Meter (Hls) | F9: Target(< 60Mins) | M9: Time | R9: VITAMALT | S9: 14.4 | T9: 14.6 | U9: 0 | V9: 0.13905093 | W9: 0.26041667 | X9: 0.29513889 | Y9: 0 | Z9: 75
R10: =B10 -> 0 | S10: =VLOOKUP($B10,$R$3:$X$9,2,FALSE) -> #N/A | T10: =VLOOKUP($B10,$R$3:$X$9,3,FALSE) -> #N/A | U10: =VLOOKUP($B10,$R$3:$X$9,4,FALSE) -> #N/A | V10: =VLOOKUP($B10,$R$3:$X$9,5,FALSE) -> #N/A | W10: =VLOOKUP($B10,$R$3:$X$9,6,FALSE) -> #N/A | X10: =VLOOKUP($B10,$R$3:$X$9,7,FALSE) -> #N/A | Y10: =VLOOKUP($B10,$R$3:$Z$9,8,FALSE) -> #N/A | Z10: =VLOOKUP($B10,$R$3:$Z$9,9,FALSE) -> #N/A
R11: =B11 -> 0 | S11: =VLOOKUP($B11,$R$3:$X$9,2,FALSE) -> #N/A | T11: =VLOOKUP($B11,$R$3:$X$9,3,FALSE) -> #N/A | U11: =VLOOKUP($B11,$R$3:$X$9,4,FALSE) -> #N/A | V11: =VLOOKUP($B11,$R$3:$X$9,5,FALSE) -> #N/A | W11: =VLOOKUP($B11,$R$3:$X$9,6,FALSE) -> #N/A | X11: =VLOOKUP($B11,$R$3:$X$9,7,FALSE) -> #N/A | Y11: =VLOOKUP($B11,$R$3:$Z$9,8,FALSE) -> #N/A | Z11: =VLOOKUP($B11,$R$3:$Z$9,9,FALSE) -> #N/A
R12: =B12 -> 0 | S12: =VLOOKUP($B12,$R$3:$X$9,2,FALSE) -> #N/A | T12: =VLOOKUP($B12,$R$3:$X$9,3,FALSE) -> #N/A | U12: =VLOOKUP($B12,$R$3:$X$9,4,FALSE) -> #N/A | V12: =VLOOKUP($B12,$R$3:$X$9,5,FALSE) -> #N/A | W12: =VLOOKUP($B12,$R$3:$X$9,6,FALSE) -> #N/A | X12: =VLOOKUP($B12,$R$3:$X$9,7,FALSE) -> #N/A | Y12: =VLOOKUP($B12,$R$3:$Z$9,8,FALSE) -> #N/A | Z12: =VLOOKUP($B12,$R$3:$Z$9,9,FALSE) -> #N/A
R13: =B13 -> 0 | S13: =VLOOKUP($B13,$R$3:$X$9,2,FALSE) -> #N/A | T13: =VLOOKUP($B13,$R$3:$X$9,3,FALSE) -> #N/A | U13: =VLOOKUP($B13,$R$3:$X$9,4,FALSE) -> #N/A | V13: =VLOOKUP($B13,$R$3:$X$9,5,FALSE) -> #N/A | W13: =VLOOKUP($B13,$R$3:$X$9,6,FALSE) -> #N/A | X13: =VLOOKUP($B13,$R$3:$X$9,7,FALSE) -> #N/A | Y13: =VLOOKUP($B13,$R$3:$Z$9,8,FALSE) -> #N/A | Z13: =VLOOKUP($B13,$R$3:$Z$9,9,FALSE) -> #N/A
R15: =B15 -> 0 | S15: 17 | T15: 17.2 | U15: =VLOOKUP($B15,$R$3:$X$9,4,FALSE) -> #N/A | V15: =VLOOKUP($B15,$R$3:$X$9,5,FALSE) -> #N/A | W15: =VLOOKUP($B15,$R$3:$X$9,6,FALSE) -> #N/A | X15: =VLOOKUP($B15,$R$3:$X$9,7,FALSE) -> #N/A | Y15: =VLOOKUP($B15,$R$3:$Z$9,8,FALSE) -> #N/A | Z15: =VLOOKUP($B15,$R$3:$Z$9,9,FALSE) -> #N/A
R16: =B16 -> 0 | S16: 17 | T16: 17.2 | U16: =VLOOKUP($B16,$R$3:$X$9,4,FALSE) -> #N/A | V16: =VLOOKUP($B16,$R$3:$X$9,5,FALSE) -> #N/A | W16: =VLOOKUP($B16,$R$3:$X$9,6,FALSE) -> #N/A | X16: =VLOOKUP($B16,$R$3:$X$9,7,FALSE) -> #N/A | Y16: =VLOOKUP($B16,$R$3:$Z$9,8,FALSE) -> #N/A | Z16: =VLOOKUP($B16,$R$3:$Z$9,9,FALSE) -> #N/A
R17: =B17 -> 0 | S17: 17 | T17: 17.2 | U17: =VLOOKUP($B17,$R$3:$X$9,4,FALSE) -> #N/A | V17: =VLOOKUP($B17,$R$3:$X$9,5,FALSE) -> #N/A | W17: =VLOOKUP($B17,$R$3:$X$9,6,FALSE) -> #N/A | X17: =VLOOKUP($B17,$R$3:$X$9,7,FALSE) -> #N/A | Y17: =VLOOKUP($B17,$R$3:$Z$9,8,FALSE) -> #N/A | Z17: =VLOOKUP($B17,$R$3:$Z$9,9,FALSE) -> #N/A
R18: =B18 -> 0 | S18: 17 | T18: 17.2 | U18: =VLOOKUP($B18,$R$3:$X$9,4,FALSE) -> #N/A | V18: =VLOOKUP($B18,$R$3:$X$9,5,FALSE) -> #N/A | W18: =VLOOKUP($B18,$R$3:$X$9,6,FALSE) -> #N/A | X18: =VLOOKUP($B18,$R$3:$X$9,7,FALSE) -> #N/A | Y18: =VLOOKUP($B18,$R$3:$Z$9,8,FALSE) -> #N/A | Z18: =VLOOKUP($B18,$R$3:$Z$9,9,FALSE) -> #N/A
R19: =B19 -> 0 | S19: 17 | T19: 17.2 | U19: =VLOOKUP($B19,$R$3:$X$9,4,FALSE) -> #N/A | V19: =VLOOKUP($B19,$R$3:$X$9,5,FALSE) -> #N/A | W19: =VLOOKUP($B19,$R$3:$X$9,6,FALSE) -> #N/A | X19: =VLOOKUP($B19,$R$3:$X$9,7,FALSE) -> #N/A | Y19: =VLOOKUP($B19,$R$3:$Z$9,8,FALSE) -> #N/A | Z19: =VLOOKUP($B19,$R$3:$Z$9,9,FALSE) -> #N/A
R20: =B20 -> 0 | S20: 17 | T20: 17.2 | U20: =VLOOKUP($B20,$R$3:$X$9,4,FALSE) -> #N/A | V20: =VLOOKUP($B20,$R$3:$X$9,5,FALSE) -> #N/A | W20: =VLOOKUP($B20,$R$3:$X$9,6,FALSE) -> #N/A | X20: =VLOOKUP($B20,$R$3:$X$9,7,FALSE) -> #N/A | Y20: =VLOOKUP($B20,$R$3:$Z$9,8,FALSE) -> #N/A | Z20: =VLOOKUP($B20,$R$3:$Z$9,9,FALSE) -> #N/A
R21: =B21 -> 0 | S21: =VLOOKUP($B21,$R$3:$X$9,2,FALSE) -> #N/A | T21: =VLOOKUP($B21,$R$3:$X$9,3,FALSE) -> #N/A | U21: =VLOOKUP($B21,$R$3:$X$9,4,FALSE) -> #N/A | V21: =VLOOKUP($B21,$R$3:$X$9,5,FALSE) -> #N/A | W21: =VLOOKUP($B21,$R$3:$X$9,6,FALSE) -> #N/A | X21: =VLOOKUP($B21,$R$3:$X$9,7,FALSE) -> #N/A | Y21: =VLOOKUP($B21,$R$3:$Z$9,8,FALSE) -> #N/A | Z21: =VLOOKUP($B21,$R$3:$Z$9,9,FALSE) -> #N/A
R22: =B22 -> 0 | S22: =VLOOKUP($B22,$R$3:$X$9,2,FALSE) -> #N/A | T22: =VLOOKUP($B22,$R$3:$X$9,3,FALSE) -> #N/A | U22: =VLOOKUP($B22,$R$3:$X$9,4,FALSE) -> #N/A | V22: =VLOOKUP($B22,$R$3:$X$9,5,FALSE) -> #N/A | W22: =VLOOKUP($B22,$R$3:$X$9,6,FALSE) -> #N/A | X22: =VLOOKUP($B22,$R$3:$X$9,7,FALSE) -> #N/A | Y22: =VLOOKUP($B22,$R$3:$Z$9,8,FALSE) -> #N/A | Z22: =VLOOKUP($B22,$R$3:$Z$9,9,FALSE) -> #N/A
R23: =B23 -> 0 | S23: =VLOOKUP($B23,$R$3:$X$9,2,FALSE) -> #N/A | T23: =VLOOKUP($B23,$R$3:$X$9,3,FALSE) -> #N/A | U23: =VLOOKUP($B23,$R$3:$X$9,4,FALSE) -> #N/A | V23: =VLOOKUP($B23,$R$3:$X$9,5,FALSE) -> #N/A | W23: =VLOOKUP($B23,$R$3:$X$9,6,FALSE) -> #N/A | X23: =VLOOKUP($B23,$R$3:$X$9,7,FALSE) -> #N/A | Y23: =VLOOKUP($B23,$R$3:$Z$9,8,FALSE) -> #N/A | Z23: =VLOOKUP($B23,$R$3:$Z$9,9,FALSE) -> #N/A
R24: =B24 -> 0 | S24: =VLOOKUP($B24,$R$3:$X$9,2,FALSE) -> #N/A | T24: =VLOOKUP($B24,$R$3:$X$9,3,FALSE) -> #N/A | U24: =VLOOKUP($B24,$R$3:$X$9,4,FALSE) -> #N/A | V24: =VLOOKUP($B24,$R$3:$X$9,5,FALSE) -> #N/A | W24: =VLOOKUP($B24,$R$3:$X$9,6,FALSE) -> #N/A | X24: =VLOOKUP($B24,$R$3:$X$9,7,FALSE) -> #N/A | Y24: =VLOOKUP($B24,$R$3:$Z$9,8,FALSE) -> #N/A | Z24: =VLOOKUP($B24,$R$3:$Z$9,9,FALSE) -> #N/A
R25: =B25 -> 0 | S25: =VLOOKUP($B25,$R$3:$X$9,2,FALSE) -> #N/A | T25: =VLOOKUP($B25,$R$3:$X$9,3,FALSE) -> #N/A | U25: =VLOOKUP($B25,$R$3:$X$9,4,FALSE) -> #N/A | V25: =VLOOKUP($B25,$R$3:$X$9,5,FALSE) -> #N/A | W25: =VLOOKUP($B25,$R$3:$X$9,6,FALSE) -> #N/A | X25: =VLOOKUP($B25,$R$3:$X$9,7,FALSE) -> #N/A | Y25: =VLOOKUP($B25,$R$3:$Z$9,8,FALSE) -> #N/A | Z25: =VLOOKUP($B25,$R$3:$Z$9,9,FALSE) -> #N/A
R26: =B26 -> 0 | S26: =VLOOKUP($B26,$R$3:$X$9,2,FALSE) -> #N/A | T26: =VLOOKUP($B26,$R$3:$X$9,3,FALSE) -> #N/A | U26: =VLOOKUP($B26,$R$3:$X$9,4,FALSE) -> #N/A | V26: =VLOOKUP($B26,$R$3:$X$9,5,FALSE) -> #N/A | W26: =VLOOKUP($B26,$R$3:$X$9,6,FALSE) -> #N/A | X26: =VLOOKUP($B26,$R$3:$X$9,7,FALSE) -> #N/A | Y26: =VLOOKUP($B26,$R$3:$Z$9,8,FALSE) -> #N/A | Z26: =VLOOKUP($B26,$R$3:$Z$9,9,FALSE) -> #N/A
R27: =B27 -> 0 | S27: =VLOOKUP($B27,$R$3:$X$9,2,FALSE) -> #N/A | T27: =VLOOKUP($B27,$R$3:$X$9,3,FALSE) -> #N/A | U27: =VLOOKUP($B27,$R$3:$X$9,4,FALSE) -> #N/A | V27: =VLOOKUP($B27,$R$3:$X$9,5,FALSE) -> #N/A | W27: =VLOOKUP($B27,$R$3:$X$9,6,FALSE) -> #N/A | X27: =VLOOKUP($B27,$R$3:$X$9,7,FALSE) -> #N/A | Y27: =VLOOKUP($B27,$R$3:$Z$9,8,FALSE) -> #N/A | Z27: =VLOOKUP($B27,$R$3:$Z$9,9,FALSE) -> #N/A
R28: =B28 -> 0 | S28: =VLOOKUP($B28,$R$3:$X$9,2,FALSE) -> #N/A | T28: =VLOOKUP($B28,$R$3:$X$9,3,FALSE) -> #N/A | U28: =VLOOKUP($B28,$R$3:$X$9,4,FALSE) -> #N/A | V28: =VLOOKUP($B28,$R$3:$X$9,5,FALSE) -> #N/A | W28: =VLOOKUP($B28,$R$3:$X$9,6,FALSE) -> #N/A | X28: =VLOOKUP($B28,$R$3:$X$9,7,FALSE) -> #N/A | Y28: =VLOOKUP($B28,$R$3:$Z$9,8,FALSE) -> #N/A | Z28: =VLOOKUP($B28,$R$3:$Z$9,9,FALSE) -> #N/A
R29: =B29 -> 0 | S29: =VLOOKUP($B29,$R$3:$X$9,2,FALSE) -> #N/A | T29: =VLOOKUP($B29,$R$3:$X$9,3,FALSE) -> #N/A | U29: =VLOOKUP($B29,$R$3:$X$9,4,FALSE) -> #N/A | V29: =VLOOKUP($B29,$R$3:$X$9,5,FALSE) -> #N/A | W29: =VLOOKUP($B29,$R$3:$X$9,6,FALSE) -> #N/A | X29: =VLOOKUP($B29,$R$3:$X$9,7,FALSE) -> #N/A | Y29: =VLOOKUP($B29,$R$3:$Z$9,8,FALSE) -> #N/A | Z29: =VLOOKUP($B29,$R$3:$Z$9,9,FALSE) -> #N/A
R30: =B30 -> 0 | S30: =VLOOKUP($B30,$R$3:$X$9,2,FALSE) -> #N/A | T30: =VLOOKUP($B30,$R$3:$X$9,3,FALSE) -> #N/A | U30: =VLOOKUP($B30,$R$3:$X$9,4,FALSE) -> #N/A | V30: =VLOOKUP($B30,$R$3:$X$9,5,FALSE) -> #N/A | W30: =VLOOKUP($B30,$R$3:$X$9,6,FALSE) -> #N/A | X30: =VLOOKUP($B30,$R$3:$X$9,7,FALSE) -> #N/A | Y30: =VLOOKUP($B30,$R$3:$Z$9,8,FALSE) -> #N/A | Z30: =VLOOKUP($B30,$R$3:$Z$9,9,FALSE) -> #N/A
R31: =B31 -> 0 | S31: =VLOOKUP($B31,$R$3:$X$9,2,FALSE) -> #N/A | T31: =VLOOKUP($B31,$R$3:$X$9,3,FALSE) -> #N/A | U31: =VLOOKUP($B31,$R$3:$X$9,4,FALSE) -> #N/A | V31: =VLOOKUP($B31,$R$3:$X$9,5,FALSE) -> #N/A | W31: =VLOOKUP($B31,$R$3:$X$9,6,FALSE) -> #N/A | X31: =VLOOKUP($B31,$R$3:$X$9,7,FALSE) -> #N/A | Y31: =VLOOKUP($B31,$R$3:$Z$9,8,FALSE) -> #N/A | Z31: =VLOOKUP($B31,$R$3:$Z$9,9,FALSE) -> #N/A
R32: =B32 -> 0 | S32: =VLOOKUP($B32,$R$3:$X$9,2,FALSE) -> #N/A | T32: =VLOOKUP($B32,$R$3:$X$9,3,FALSE) -> #N/A | U32: =VLOOKUP($B32,$R$3:$X$9,4,FALSE) -> #N/A | V32: =VLOOKUP($B32,$R$3:$X$9,5,FALSE) -> #N/A | W32: =VLOOKUP($B32,$R$3:$X$9,6,FALSE) -> #N/A | X32: =VLOOKUP($B32,$R$3:$X$9,7,FALSE) -> #N/A | Y32: =VLOOKUP($B32,$R$3:$Z$9,8,FALSE) -> #N/A | Z32: =VLOOKUP($B32,$R$3:$Z$9,9,FALSE) -> #N/A
B33: CARIB | C33: =[23]Brewhouse!$A596 -> CA489 | D33: =[23]Brewhouse!$AF596 -> 51.9 | E33: =[23]Brewhouse!$AI596 -> 48.6 | F33: =[23]Brewhouse!$V596 -> 59 | G33: =[23]Brewhouse!$AG596 -> 12.1 | I33: =[23]Brewhouse!$AU596 -> 95.916154 | J33: =[23]Brewhouse!$AV596 -> 97.437081 | K33: =[23]Brewhouse!$Q596 -> 8.7700535 | L33: =[23]Brewhouse!$P596 -> 60 | M33: =[23]Brewhouse!$U596-[23]Brewhouse!$T596 -> 0.11180556 | N33: =[23]Brewhouse!$Z596 -> 0.25763889 | O33: =[23]Brewhouse!$AX596 -> R. Regis | R33: =B33 -> CARIB | S33: =VLOOKUP($B33,$R$3:$X$9,2,FALSE) -> 11.6 | T33: =VLOOKUP($B33,$R$3:$X$9,3,FALSE) -> 12 | U33: =VLOOKUP($B33,$R$3:$X$9,4,FALSE) -> 0 | V33: =VLOOKUP($B33,$R$3:$X$9,5,FALSE) -> 0.11805556 | W33: =VLOOKUP($B33,$R$3:$X$9,6,FALSE) -> 0.22569444 | X33: =VLOOKUP($B33,$R$3:$X$9,7,FALSE) -> 0.26388889 | Y33: =VLOOKUP($B33,$R$3:$Z$9,8,FALSE) -> 0 | Z33: =VLOOKUP($B33,$R$3:$Z$9,9,FALSE) -> 60
B34: CARIB | C34: =[23]Brewhouse!$A597 -> CA490 | D34: =[23]Brewhouse!$AF597 -> 54 | E34: =[23]Brewhouse!$AI597 -> 53.1 | F34: =[23]Brewhouse!$V597 -> 67 | G34: =[23]Brewhouse!$AG597 -> 11.5 | I34: =[23]Brewhouse!$AU597 -> 99.58281 | J34: =[23]Brewhouse!$AV597 -> 101.16153 | K34: =[23]Brewhouse!$Q597 -> 4.4897959 | L34: =[23]Brewhouse!$P597 -> 60 | M34: =[23]Brewhouse!$U597-[23]Brewhouse!$T597 -> 0.11736111 | N34: =[23]Brewhouse!$Z597 -> 0.24861111 | O34: =[23]Brewhouse!$AX597 -> R. Regis | R34: =B34 -> CARIB | S34: =VLOOKUP($B34,$R$3:$X$9,2,FALSE) -> 11.6 | T34: =VLOOKUP($B34,$R$3:$X$9,3,FALSE) -> 12 | U34: =VLOOKUP($B34,$R$3:$X$9,4,FALSE) -> 0 | V34: =VLOOKUP($B34,$R$3:$X$9,5,FALSE) -> 0.11805556 | W34: =VLOOKUP($B34,$R$3:$X$9,6,FALSE) -> 0.22569444 | X34: =VLOOKUP($B34,$R$3:$X$9,7,FALSE) -> 0.26388889 | Y34: =VLOOKUP($B34,$R$3:$Z$9,8,FALSE) -> 0 | Z34: =VLOOKUP($B34,$R$3:$Z$9,9,FALSE) -> 60
B35: CARIB | C35: =[23]Brewhouse!$A598 -> CA491 | D35: =[23]Brewhouse!$AF598 -> 52.5 | E35: =[23]Brewhouse!$AI598 -> 50.7 | F35: =[23]Brewhouse!$V598 -> 62 | G35: =[23]Brewhouse!$AG598 -> 11.9 | I35: =[23]Brewhouse!$AU598 -> 98.686815 | J35: =[23]Brewhouse!$AV598 -> 100.25116 | K35: =[23]Brewhouse!$Q598 -> 7.037702 | L35: =[23]Brewhouse!$P598 -> 61 | M35: =[23]Brewhouse!$U598-[23]Brewhouse!$T598 -> 0.10972222 | N35: =[23]Brewhouse!$Z598 -> 0.24305556 | O35: =[23]Brewhouse!$AX598 -> R. Regis | R35: =B35 -> CARIB | S35: =VLOOKUP($B35,$R$3:$X$9,2,FALSE) -> 11.6 | T35: =VLOOKUP($B35,$R$3:$X$9,3,FALSE) -> 12 | U35: =VLOOKUP($B35,$R$3:$X$9,4,FALSE) -> 0 | V35: =VLOOKUP($B35,$R$3:$X$9,5,FALSE) -> 0.11805556 | W35: =VLOOKUP($B35,$R$3:$X$9,6,FALSE) -> 0.22569444 | X35: =VLOOKUP($B35,$R$3:$X$9,7,FALSE) -> 0.26388889 | Y35: =VLOOKUP($B35,$R$3:$Z$9,8,FALSE) -> 0 | Z35: =VLOOKUP($B35,$R$3:$Z$9,9,FALSE) -> 60
B36: CARIB | C36: =[23]Brewhouse!$A599 -> CA492 | D36: =[23]Brewhouse!$AF599 -> 52.7 | E36: =[23]Brewhouse!$AI599 -> 51.5 | F36: =[23]Brewhouse!$V599 -> 63 | G36: =[23]Brewhouse!$AG599 -> 11.6 | I36: =[23]Brewhouse!$AU599 -> 98.396971 | J36: =[23]Brewhouse!$AV599 -> 100.02346 | K36: =[23]Brewhouse!$Q599 -> 6.4468864 | L36: =[23]Brewhouse!$P599 -> 60 | M36: =[23]Brewhouse!$U599-[23]Brewhouse!$T599 -> 0.11041667 | N36: =[23]Brewhouse!$Z599 -> 0.24513889 | O36: =[23]Brewhouse!$AX599 -> D. Gomez | R36: =B36 -> CARIB | S36: =VLOOKUP($B36,$R$3:$X$9,2,FALSE) -> 11.6 | T36: =VLOOKUP($B36,$R$3:$X$9,3,FALSE) -> 12 | U36: =VLOOKUP($B36,$R$3:$X$9,4,FALSE) -> 0 | V36: =VLOOKUP($B36,$R$3:$X$9,5,FALSE) -> 0.11805556 | W36: =VLOOKUP($B36,$R$3:$X$9,6,FALSE) -> 0.22569444 | X36: =VLOOKUP($B36,$R$3:$X$9,7,FALSE) -> 0.26388889 | Y36: =VLOOKUP($B36,$R$3:$Z$9,8,FALSE) -> 0 | Z36: =VLOOKUP($B36,$R$3:$Z$9,9,FALSE) -> 60
B37: CARIB | C37: =[23]Brewhouse!$A600 -> CA493 | D37: =[23]Brewhouse!$AF600 -> 52.9 | E37: =[23]Brewhouse!$AI600 -> 50.6 | F37: =[23]Brewhouse!$V600 -> 63 | G37: =[23]Brewhouse!$AG600 -> 11.9 | I37: =[23]Brewhouse!$AU600 -> 99.186448 | J37: =[23]Brewhouse!$AV600 -> 100.82608 | K37: =[23]Brewhouse!$Q600 -> 5.8122744 | L37: =[23]Brewhouse!$P600 -> 59 | M37: =[23]Brewhouse!$U600-[23]Brewhouse!$T600 -> 0.10763889 | N37: =[23]Brewhouse!$Z600 -> 0.31805556 | O37: =[23]Brewhouse!$AX600 -> D. Gomez | R37: =B37 -> CARIB | S37: =VLOOKUP($B37,$R$3:$X$9,2,FALSE) -> 11.6 | T37: =VLOOKUP($B37,$R$3:$X$9,3,FALSE) -> 12 | U37: =VLOOKUP($B37,$R$3:$X$9,4,FALSE) -> 0 | V37: =VLOOKUP($B37,$R$3:$X$9,5,FALSE) -> 0.11805556 | W37: =VLOOKUP($B37,$R$3:$X$9,6,FALSE) -> 0.22569444 | X37: =VLOOKUP($B37,$R$3:$X$9,7,FALSE) -> 0.26388889 | Y37: =VLOOKUP($B37,$R$3:$Z$9,8,FALSE) -> 0 | Z37: =VLOOKUP($B37,$R$3:$Z$9,9,FALSE) -> 60
B38: CARIB | C38: =[23]Brewhouse!$A601 -> CA494 | D38: =[23]Brewhouse!$AF601 -> 52.6 | E38: =[23]Brewhouse!$AI601 -> 50.7 | F38: =[23]Brewhouse!$V601 -> 63 | G38: =[23]Brewhouse!$AG601 -> 11.8 | I38: =[23]Brewhouse!$AU601 -> 98.626813 | J38: =[23]Brewhouse!$AV601 -> 100.2571 | K38: =[23]Brewhouse!$Q601 -> 4.981685 | L38: =[23]Brewhouse!$P601 -> 57 | M38: =[23]Brewhouse!$U601-[23]Brewhouse!$T601 -> 0.10763889 | N38: =[23]Brewhouse!$Z601 -> 0.31944444 | O38: =[23]Brewhouse!$AX601 -> D. Gomez | R38: =B38 -> CARIB | S38: =VLOOKUP($B38,$R$3:$X$9,2,FALSE) -> 11.6 | T38: =VLOOKUP($B38,$R$3:$X$9,3,FALSE) -> 12 | U38: =VLOOKUP($B38,$R$3:$X$9,4,FALSE) -> 0 | V38: =VLOOKUP($B38,$R$3:$X$9,5,FALSE) -> 0.11805556 | W38: =VLOOKUP($B38,$R$3:$X$9,6,FALSE) -> 0.22569444 | X38: =VLOOKUP($B38,$R$3:$X$9,7,FALSE) -> 0.26388889 | Y38: =VLOOKUP($B38,$R$3:$Z$9,8,FALSE) -> 0 | Z38: =VLOOKUP($B38,$R$3:$Z$9,9,FALSE) -> 60
R39: =B39 -> 0 | S39: =VLOOKUP($B39,$R$3:$X$9,2,FALSE) -> #N/A | T39: =VLOOKUP($B39,$R$3:$X$9,3,FALSE) -> #N/A | U39: =VLOOKUP($B39,$R$3:$X$9,4,FALSE) -> #N/A | V39: =VLOOKUP($B39,$R$3:$X$9,5,FALSE) -> #N/A | W39: =VLOOKUP($B39,$R$3:$X$9,6,FALSE) -> #N/A | X39: =VLOOKUP($B39,$R$3:$X$9,7,FALSE) -> #N/A | Y39: =VLOOKUP($B39,$R$3:$Z$9,8,FALSE) -> #N/A | Z39: =VLOOKUP($B39,$R$3:$Z$9,9,FALSE) -> #N/A
R40: =B40 -> 0 | S40: =VLOOKUP($B40,$R$3:$X$9,2,FALSE) -> #N/A | T40: =VLOOKUP($B40,$R$3:$X$9,3,FALSE) -> #N/A | U40: =VLOOKUP($B40,$R$3:$X$9,4,FALSE) -> #N/A | V40: =VLOOKUP($B40,$R$3:$X$9,5,FALSE) -> #N/A | W40: =VLOOKUP($B40,$R$3:$X$9,6,FALSE) -> #N/A | X40: =VLOOKUP($B40,$R$3:$X$9,7,FALSE) -> #N/A | Y40: =VLOOKUP($B40,$R$3:$Z$9,8,FALSE) -> #N/A | Z40: =VLOOKUP($B40,$R$3:$Z$9,9,FALSE) -> #N/A
R41: =B41 -> 0 | S41: =VLOOKUP($B41,$R$3:$X$9,2,FALSE) -> #N/A | T41: =VLOOKUP($B41,$R$3:$X$9,3,FALSE) -> #N/A | U41: =VLOOKUP($B41,$R$3:$X$9,4,FALSE) -> #N/A | V41: =VLOOKUP($B41,$R$3:$X$9,5,FALSE) -> #N/A | W41: =VLOOKUP($B41,$R$3:$X$9,6,FALSE) -> #N/A | X41: =VLOOKUP($B41,$R$3:$X$9,7,FALSE) -> #N/A | Y41: =VLOOKUP($B41,$R$3:$Z$9,8,FALSE) -> #N/A | Z41: =VLOOKUP($B41,$R$3:$Z$9,9,FALSE) -> #N/A
R42: =B42 -> 0 | S42: =VLOOKUP($B42,$R$3:$X$9,2,FALSE) -> #N/A | T42: =VLOOKUP($B42,$R$3:$X$9,3,FALSE) -> #N/A | U42: =VLOOKUP($B42,$R$3:$X$9,4,FALSE) -> #N/A | V42: =VLOOKUP($B42,$R$3:$X$9,5,FALSE) -> #N/A | W42: =VLOOKUP($B42,$R$3:$X$9,6,FALSE) -> #N/A | X42: =VLOOKUP($B42,$R$3:$X$9,7,FALSE) -> #N/A | Y42: =VLOOKUP($B42,$R$3:$Z$9,8,FALSE) -> #N/A | Z42: =VLOOKUP($B42,$R$3:$Z$9,9,FALSE) -> #N/A
B43: BRAND | D43: BBT P.G./ O.G | I43: Brand | J43: Actual | K43: MTD No. of Brews | L43: MTD | M43: YTD | N43: Target | R43: =B43 -> BRAND | S43: =VLOOKUP($B43,$R$3:$X$9,2,FALSE) -> #N/A | T43: =VLOOKUP($B43,$R$3:$X$9,3,FALSE) -> #N/A | U43: =VLOOKUP($B43,$R$3:$X$9,4,FALSE) -> #N/A | V43: =VLOOKUP($B43,$R$3:$X$9,5,FALSE) -> #N/A | W43: =VLOOKUP($B43,$R$3:$X$9,6,FALSE) -> #N/A | X43: =VLOOKUP($B43,$R$3:$X$9,7,FALSE) -> #N/A | Y43: =VLOOKUP($B43,$R$3:$Z$9,8,FALSE) -> #N/A | Z43: =VLOOKUP($B43,$R$3:$Z$9,9,FALSE) -> #N/A
I44: CARIB | J44: =AVERAGE(I33:I38) -> 98.399335 | K44: =COUNTA([23]Brewhouse!$A$580:$A$601) -> 22 | L44: =AVERAGE([23]Brewhouse!$AU$580:$AU$601) -> 98.115655 | M44: =AVERAGE([23]Brewhouse!$AU$102:$AU$171,[23]Brewhouse!$AU$173:$AU$253,[23]Brewhouse!$AU$255:$AU$339,[23]Brewhouse!$AU$341:$AU$346,[23]Brewhouse!$AU$348,[23]Brewhouse!$AU$349:$AU$406,[23]Brewhouse!$AU$408:$AU$491,[23]Brewhouse!$AU$493:$AU$578,[23]Brewhouse!$AU$580:$AU$601) -> 97.766184 | N44: 98
I45: STAG | K45: =COUNTA([24]Brewhouse!$A$275:$A$290) -> 16 | L45: =AVERAGE([24]Brewhouse!$AS$275:$AS$290) -> 99.355788 | M45: =AVERAGE([24]Brewhouse!$AS$15:$AS$64,[24]Brewhouse!$AS$66:$AS$103,[24]Brewhouse!$AS$105:$AS$140,[24]Brewhouse!$AS$142:$AS$193,[24]Brewhouse!$AS$195:$AS$240,[24]Brewhouse!$AS$242:$AS$273,[24]Brewhouse!$AS$275:$AS$290) -> 97.963935 | N45: 98
I46: GUINNESS | M46: =AVERAGE([25]Brewhouse!$AU$4:$AU$7,[25]Brewhouse!$AU$9:$AU$22,[25]Brewhouse!$AU$24:$AU$35,[25]Brewhouse!$AU$37:$AU$45,[25]Brewhouse!$AU$47:$AU$62) -> 97.179377 | N46: 98
I47: VITAMALT | M47: =AVERAGE([26]Brewhouse!$AV$5:$AV$14,[26]Brewhouse!$AV$16:$AV$19,[26]Brewhouse!$AV$21:$AV$24,[26]Brewhouse!$AV$26:$AV$33,[26]Brewhouse!$AV$35:$AV$46,[26]Brewhouse!$AV$48:$AV$53) -> 98.620084 | N47: 98
I48: MAXIMALT | N48: 98
I49: MACKESON | M49: =AVERAGE([27]Brewhouse!$AT$4:$AT$11,[27]Brewhouse!$AT$13:$AT$16,[27]Brewhouse!$AT$18:$AT$21) -> 94.77317 | N49: 98
I50: STARMALT | K50: =COUNTA([22]Brewhouse!$A$56:$A$65) -> 10 | L50: =AVERAGE([22]Brewhouse!$AY$56:$AY$65) -> 99.275501 | M50: =AVERAGE([22]Brewhouse!$AY$6:$AY$13,[22]Brewhouse!$AY$15:$AY$20,[22]Brewhouse!$AY$22:$AY$29,[22]Brewhouse!$AY$31:$AY$34,[22]Brewhouse!$AY$36:$AY$43,[22]Brewhouse!$AY$45:$AY$50, [22]Brewhouse!$AY$56:$AY$65) -> 97.1452 | N50: 98
I51: HR- Pils | M51: =AVERAGE([28]Brewhouse!$AU$5:$AU$8,[28]Brewhouse!$AU$10:$AU$13) -> 94.247667 | N51: 98
I52: HR- IPA | M52: =AVERAGE([29]Brewhouse!$AW$26:$AW$27) -> 95.310681 | N52: 98
I53: HR- APA | M53: =AVERAGE([30]Brewhouse!$AU$13:$AU$14) -> 97.110575 | N53: 98
K54: =SUM(K44:K53) -> 48 | L54: =((L44*K44)+(L45*K45)+(L46*K46)+(L47*K47)+(L48*K48)+(K51*L51)+(L49*K49)+(L50*K50)+(L53*K53))/(K54) -> 98.770667 | M54: =AVERAGE('[31]Jan 31st'!$L$65,'[32]Feb 28th'!$L$35,'[33]Mar. 31st'!$L$35,'[34]Apr. 30th'!$L$45,'[35]May 30th'!$L$37,L54) -> 97.824987 | N54: 98
J56: Daily Brewing Plan
J57: Brand | K57: Brews Achieved | L57: Average Brews per day
J58: CARIB | K58: 6 | L58: MTD | M58: YTD | N58: TARGET
J59: STAG | L59: =AVERAGE(K68,'July 1st'!K67,'July 2nd'!K68,'July 3rd'!K68,'July 4th'!K68,'July 7th '!K68) -> 8 | M59: =AVERAGE('[31]Jan 29th '!$M$70,'[32]Feb 28th'!$L$40,'[33]Mar. 31st'!$L$40,'[34]Apr. 30th'!$L$50,'[35]May 30th'!$L$42,L59) -> 6.8677735 | N59: 9.2
J60: GUINN
J61: VITAMALT
J62: STARMALT
J63: MACKESON
J64: HURRICANE REEF- IPA
J65: HURRICANE REEF- APA
B66: AVERAGE | D66: =AVERAGE(D44:E65) -> #DIV/0! | J66: HR- PILSNER
J67: CARIBE
J68: Total | K68: =SUM(K58:K67) -> 6
B69: Process: | C69: Fermentation/Filtration
B71: Brand | C71: Filt. Date | D71: FV Hls | E71: GFE/ Prim/ Vita Blend (Hls) | F71: SV Hls | G71: BBT Hls | H71: Loss (%) Ferm | I71: Loss (%) Filt | J71: Comments | K71: Throughput | L71: Process Loss (%) | M71: Filt. Operator
AB72: 43474 | AC72: 43475 | AD72: 43476 | AE72: 43477 | AF72: 43478 | AG72: 43479 | AH72: 43480 | AI72: 43481 | AJ72: 43482 | AK72: 43483 | AL72: 43484 | AM72: 43485 | AN72: 43486 | AO72: 43487 | AP72: 43488 | AQ72: 43489 | AR72: 43490 | AS72: 43491 | AT72: 43492 | AU72: 43493 | AV72: 43494 | AW72: 43495 | AX72: 43496
C73: 45845 | H73: =(D73-F73)/D73*100 -> #DIV/0! | I73: =((F73+E73)-G73)/(F73+E73)*100 -> #DIV/0! | J73: NO SBF | L73: =(((D73+E73)-G73)/(D73+E73))*100 -> #DIV/0! | AB73: =[20]January_2019!L7 -> 285.8 | AC73: =[20]January_2019!M7 -> 508.1 | AD73: =[20]January_2019!N7 -> 0 | AE73: =[20]January_2019!O7 -> 0 | AF73: =[20]January_2019!P7 -> 109.56667 | AG73: =[20]January_2019!Q7 -> 297.65 | AH73: =[20]January_2019!R7 -> 122.3 | AI73: =[20]January_2019!S7 -> 0 | ... AX73: =[20]January_2019!AH7 -> 0
J75: NO SBF | L75: =(((D75+E75)-G75)/(D75+E75))*100 -> #DIV/0!
B78: Process Loss (Volume) | G78: Process Loss (Extract) | K78: Throughput
B79: Brand | C79: Actual | D79: MTD | E79: YTD | F79: Target | G79: Actual | H79: MTD | I79: YTD | J79: Target | K79: Actual | L79: MTD | M79: YTD | N79: Target
B80: CARIB | D80: 5.0608857 | E80: 6.5163972 | F80: 4.8 | H80: 3.5797381 | I80: 6.444712 | J80: 4.8 | L80: 0.76245614 | M80: 0.72193343 | N80: 1
B81: STAG | D81: 5.1037577 | E81: 6.0971945 | F81: 4.8 | H81: 3.2384753 | I81: 5.7680837 | J81: 4.8 | L81: 0.59368421 | M81: 0.75812657 | N81: 1
B82: GUINN | E82: 11.960274 | F82: 5.5 | I82: 13.111031 | J82: 5.5 | M82: 0.48693986 | N82: 1
B83: VITAMALT | E83: 5.4214697 | F83: 3.3 | I83: 5.263029 | J83: 3.3 | M83: 0.69194862 | N83: 1
B84: MAXIMALT | F84: 3.3 | J84: 3 | N84: 1
B85: MACKESON | E85: 7.3129862 | F85: =[21]May_2022!$M$43 -> 3.4878407 | I85: 8.9862703 | J85: 5.5 | M85: 0.59276316 | N85: 1
B86: STARMALT | D86: 2.3359073 | E86: 2.9805616 | F86: 3.3 | H86: 3.7114579 | I86: 4.4931175 | J86: 3.3 | L86: 1.7750877 | M86: 0.83077455 | N86: 1
B87: HURRICANE REEF | F87: 7.5 | J87: 7.5 | N87: 1
B88: HURRICANE REEF PILS | D88: 9.4974643 | E88: 7.2653645 | F88: 4.8 | H88: 10.18309 | I88: 8.1715311 | J88: 4.8 | L88: 0.68877193 | M88: 0.51368421 | N88: 1
D89: 4.7797885 | E89: 6.5467125 | F89: 5.5 | H89: 4.3606559 | I89: 6.7789449 | J89: 5.5 | L89: 0.91649123 | M89: 0.70567946 | N89: 1

Sheet July 9th  
S1: P.G. | U1: Hot Time | W1: Process Time | Y1: Cooling Time
B2: Brewing Department Daily Process Loss Report | S2: Lower | T2: Upper | U2: Lower | V2: Upper | W2: Lower | X2: Upper | Y2: Lower | Z2: Upper
R3: CARIB | S3: 11.6 | T3: 12 | U3: 0 | V3: 0.11805556 | W3: 0.22569444 | X3: 0.26388889 | Y3: 0 | Z3: 60 | AB3: HR- PISNER
B4: Date: | C4: 45848 | J4: LOT WORT COLOUR: 3.3 | M4: Filter Sheets (Target 20 days) | R4: STAG | S4: 11.6 | T4: 12 | U4: 0 | V4: 0.11805556 | W4: 0.22569444 | X4: 0.26388889 | Y4: 0 | Z4: 60
M5: Double | N5: Single | R5: GUINNESS | S5: 17 | T5: 17.5 | U5: 0 | V5: 0.10763889 | W5: 0.24652778 | X5: 0.28472222 | Y5: 0 | Z5: 60
J6: MALT LOT: Lot #40 | L6: Sheet Day | M6: 10 | N6: 10 | R6: MACKESON | S6: 13.3 | T6: 13.5 | U6: 0 | V6: 0.12905093 | W6: 0.27430556 | X6: 0.30208333 | Y6: 0
R7: STARMALT | S7: 17.1 | T7: 17.5 | U7: 0 | V7: 0.13605324 | W7: 0.27430556 | X7: 0.30902778 | Y7: 0 | Z7: 85
B8: Brand | C8: Brew no. | D8: Kett. Hls | E8: Wort | F8: Cool Time(Mins) | G8: Cast. P.G. (Lab Result) | H8: Cast P.G. (Cellar Operator)-gravity | I8: Extr. Rec (79.4%) | J8: Theor. Extr. (77.5%) | K8: Boil Off /Vol. (4-6%) | L8: Boil Time | M8: Total Hot | N8: Brewing | O8: Operator | R8: Hurricane Reef | S8: 16.6 | T8: 17 | U8: 0 | V8: 0.12905093 | W8: 0.27430556 | X8: 0.30208333 | Y8: 0
E9: Meter (Hls) | F9: Target(< 60Mins) | M9: Time | R9: VITAMALT | S9: 14.4 | T9: 14.6 | U9: 0 | V9: 0.13905093 | W9: 0.26041667 | X9: 0.29513889 | Y9: 0 | Z9: 75
B10: CARIB | C10: =[23]Brewhouse!$A602 -> CA495 | D10: =[23]Brewhouse!$AF602 -> 53.1 | E10: =[23]Brewhouse!$AI602 -> 51.2 | F10: =[23]Brewhouse!$V602 -> 58 | G10: =[23]Brewhouse!$AG602 -> 11.7 | H10: 11.8 | I10: =[23]Brewhouse!$AU602 -> 99.453237 | J10: =[23]Brewhouse!$AV602 -> 101.09664 | K10: =[23]Brewhouse!$Q602 -> 4.4160584 | L10: =[23]Brewhouse!$P602 -> 58 | M10: =[23]Brewhouse!$U602-[23]Brewhouse!$T602 -> 0.10555556 | N10: =[23]Brewhouse!$Z602 -> 0.23819444 | O10: =[23]Brewhouse!$AX602 -> D. Gomez | R10: =B10 -> CARIB | S10: =VLOOKUP($B10,$R$3:$X$9,2,FALSE) -> 11.6 | T10: =VLOOKUP($B10,$R$3:$X$9,3,FALSE) -> 12 | U10: =VLOOKUP($B10,$R$3:$X$9,4,FALSE) -> 0 | V10: =VLOOKUP($B10,$R$3:$X$9,5,FALSE) -> 0.11805556 | W10: =VLOOKUP($B10,$R$3:$X$9,6,FALSE) -> 0.22569444 | X10: =VLOOKUP($B10,$R$3:$X$9,7,FALSE) -> 0.26388889 | Y10: =VLOOKUP($B10,$R$3:$Z$9,8,FALSE) -> 0 | Z10: =VLOOKUP($B10,$R$3:$Z$9,9,FALSE) -> 60
B11: CARIB | C11: =[23]Brewhouse!$A603 -> CA496 | D11: =[23]Brewhouse!$AF603 -> 52.8 | E11: =[23]Brewhouse!$AI603 -> 50.8 | F11: =[23]Brewhouse!$V603 -> 61 | G11: =[23]Brewhouse!$AG603 -> 11.6 | H11: 11.6 | I11: =[23]Brewhouse!$AU603 -> 97.788737 | J11: =[23]Brewhouse!$AV603 -> 99.404636 | K11: =[23]Brewhouse!$Q603 -> 6.2867647 | L11: =[23]Brewhouse!$P603 -> 60 | M11: =[23]Brewhouse!$U603-[23]Brewhouse!$T603 -> 0.10902778 | N11: =[23]Brewhouse!$Z603 -> 0.24444444 | O11: =[23]Brewhouse!$AX603 -> K.Benjamin | R11: =B11 -> CARIB | S11: =VLOOKUP($B11,$R$3:$X$9,2,FALSE) -> 11.6 | T11: =VLOOKUP($B11,$R$3:$X$9,3,FALSE) -> 12 | U11: =VLOOKUP($B11,$R$3:$X$9,4,FALSE) -> 0 | V11: =VLOOKUP($B11,$R$3:$X$9,5,FALSE) -> 0.11805556 | W11: =VLOOKUP($B11,$R$3:$X$9,6,FALSE) -> 0.22569444 | X11: =VLOOKUP($B11,$R$3:$X$9,7,FALSE) -> 0.26388889 | Y11: =VLOOKUP($B11,$R$3:$Z$9,8,FALSE) -> 0 | Z11: =VLOOKUP($B11,$R$3:$Z$9,9,FALSE) -> 60
R12: =B12 -> 0 | S12: =VLOOKUP($B12,$R$3:$X$9,2,FALSE) -> #N/A | T12: =VLOOKUP($B12,$R$3:$X$9,3,FALSE) -> #N/A | U12: =VLOOKUP($B12,$R$3:$X$9,4,FALSE) -> #N/A | V12: =VLOOKUP($B12,$R$3:$X$9,5,FALSE) -> #N/A | W12: =VLOOKUP($B12,$R$3:$X$9,6,FALSE) -> #N/A | X12: =VLOOKUP($B12,$R$3:$X$9,7,FALSE) -> #N/A | Y12: =VLOOKUP($B12,$R$3:$Z$9,8,FALSE) -> #N/A | Z12: =VLOOKUP($B12,$R$3:$Z$9,9,FALSE) -> #N/A
R13: =B13 -> 0 | S13: =VLOOKUP($B13,$R$3:$X$9,2,FALSE) -> #N/A | T13: =VLOOKUP($B13,$R$3:$X$9,3,FALSE) -> #N/A | U13: =VLOOKUP($B13,$R$3:$X$9,4,FALSE) -> #N/A | V13: =VLOOKUP($B13,$R$3:$X$9,5,FALSE) -> #N/A | W13: =VLOOKUP($B13,$R$3:$X$9,6,FALSE) -> #N/A | X13: =VLOOKUP($B13,$R$3:$X$9,7,FALSE) -> #N/A | Y13: =VLOOKUP($B13,$R$3:$Z$9,8,FALSE) -> #N/A | Z13: =VLOOKUP($B13,$R$3:$Z$9,9,FALSE) -> #N/A
B14: STAG | C14: =[24]Brewhouse!$A291 -> ST271 | D14: =[24]Brewhouse!$AD291 -> 49.8 | E14: =[24]Brewhouse!$AG291 -> 48.4 | F14: =[24]Brewhouse!$V291 -> 58 | G14: =[24]Brewhouse!$AE291 -> 11.9 | H14: 11.8 | I14: =[24]Brewhouse!$AS291 -> 96.474644 | J14: =[24]Brewhouse!$AT291 -> 97.792224 | K14: =[24]Brewhouse!$Q291 -> 9.0384615 | L14: =[24]Brewhouse!$P291 -> 60 | M14: =[24]Brewhouse!$U291-[24]Brewhouse!$T291 -> 0.11388889 | N14: =[24]Brewhouse!$AW291 -> 0.24583333 | O14: =[24]Brewhouse!$AV291 -> R. Regis | R14: =B14 -> STAG | S14: =VLOOKUP($B14,$R$3:$X$9,2,FALSE) -> 11.6 | T14: =VLOOKUP($B14,$R$3:$X$9,3,FALSE) -> 12 | U14: =VLOOKUP($B14,$R$3:$X$9,4,FALSE) -> 0 | V14: =VLOOKUP($B14,$R$3:$X$9,5,FALSE) -> 0.11805556 | W14: =VLOOKUP($B14,$R$3:$X$9,6,FALSE) -> 0.22569444 | X14: =VLOOKUP($B14,$R$3:$X$9,7,FALSE) -> 0.26388889 | Y14: =VLOOKUP($B14,$R$3:$Z$9,8,FALSE) -> 0 | Z14: =VLOOKUP($B14,$R$3:$Z$9,9,FALSE) -> 60
B15: STAG | C15: =[24]Brewhouse!$A292 -> ST272 | D15: =[24]Brewhouse!$AD292 -> 50.4 | E15: =[24]Brewhouse!$AG292 -> 50 | F15: =[24]Brewhouse!$V292 -> 60 | G15: =[24]Brewhouse!$AE292 -> 11.8 | H15: 11.8 | I15: =[24]Brewhouse!$AS292 -> 98.53458 | J15: =[24]Brewhouse!$AT292 -> 99.881185 | K15: =[24]Brewhouse!$Q292 -> 12.19963 | L15: =[24]Brewhouse!$P292 -> 60 | M15: =[24]Brewhouse!$U292-[24]Brewhouse!$T292 -> 0.11180556 | N15: =[24]Brewhouse!$AW292 -> 0.24930556 | O15: =[24]Brewhouse!$AV292 -> R. Regis | R15: =B15 -> STAG | S15: =VLOOKUP($B15,$R$3:$X$9,2,FALSE) -> 11.6 | T15: =VLOOKUP($B15,$R$3:$X$9,3,FALSE) -> 12 | U15: =VLOOKUP($B15,$R$3:$X$9,4,FALSE) -> 0 | V15: =VLOOKUP($B15,$R$3:$X$9,5,FALSE) -> 0.11805556 | W15: =VLOOKUP($B15,$R$3:$X$9,6,FALSE) -> 0.22569444 | X15: =VLOOKUP($B15,$R$3:$X$9,7,FALSE) -> 0.26388889 | Y15: =VLOOKUP($B15,$R$3:$Z$9,8,FALSE) -> 0 | Z15: =VLOOKUP($B15,$R$3:$Z$9,9,FALSE) -> 60
B16: STAG | C16: =[24]Brewhouse!$A293 -> ST273 | D16: =[24]Brewhouse!$AD293 -> 50.3 | E16: =[24]Brewhouse!$AG293 -> 49.9 | F16: =[24]Brewhouse!$V293 -> 59 | G16: =[24]Brewhouse!$AE293 -> 11.9 | H16: 11.8 | I16: =[24]Brewhouse!$AS293 -> 99.214101 | J16: =[24]Brewhouse!$AT293 -> 100.56999 | K16: =[24]Brewhouse!$Q293 -> 12.222222 | L16: =[24]Brewhouse!$P293 -> 60 | M16: =[24]Brewhouse!$U293-[24]Brewhouse!$T293 -> 0.11111111 | N16: =[24]Brewhouse!$AW293 -> 0.24652778 | O16: =[24]Brewhouse!$AV293 -> R. Regis | R16: =B16 -> STAG | S16: =VLOOKUP($B16,$R$3:$X$9,2,FALSE) -> 11.6 | T16: =VLOOKUP($B16,$R$3:$X$9,3,FALSE) -> 12 | U16: =VLOOKUP($B16,$R$3:$X$9,4,FALSE) -> 0 | V16: =VLOOKUP($B16,$R$3:$X$9,5,FALSE) -> 0.11805556 | W16: =VLOOKUP($B16,$R$3:$X$9,6,FALSE) -> 0.22569444 | X16: =VLOOKUP($B16,$R$3:$X$9,7,FALSE) -> 0.26388889 | Y16: =VLOOKUP($B16,$R$3:$Z$9,8,FALSE) -> 0 | Z16: =VLOOKUP($B16,$R$3:$Z$9,9,FALSE) -> 60
B17: STAG | C17: =[24]Brewhouse!$A294 -> ST274 | D17: =[24]Brewhouse!$AD294 -> 50.7 | E17: =[24]Brewhouse!$AG294 -> 50.3 | F17: =[24]Brewhouse!$V294 -> 57 | G17: =[24]Brewhouse!$AE294 -> 11.8 | H17: 11.7 | I17: =[24]Brewhouse!$AS294 -> 98.988096 | J17: =[24]Brewhouse!$AT294 -> 99.978745 | K17: =[24]Brewhouse!$Q294 -> 12.570356 | L17: =[24]Brewhouse!$P294 -> 61 | M17: =[24]Brewhouse!$U294-[24]Brewhouse!$T294 -> 0.10416667 | N17: =[24]Brewhouse!$AW294 -> 0.23541667 | O17: =[24]Brewhouse!$AV294 -> R. Regis | P17: Switch to Silo #1 Lot 14 | R17: =B17 -> STAG | S17: =VLOOKUP($B17,$R$3:$X$9,2,FALSE) -> 11.6 | T17: =VLOOKUP($B17,$R$3:$X$9,3,FALSE) -> 12 | U17: =VLOOKUP($B17,$R$3:$X$9,4,FALSE) -> 0 | V17: =VLOOKUP($B17,$R$3:$X$9,5,FALSE) -> 0.11805556 | W17: =VLOOKUP($B17,$R$3:$X$9,6,FALSE) -> 0.22569444 | X17: =VLOOKUP($B17,$R$3:$X$9,7,FALSE) -> 0.26388889 | Y17: =VLOOKUP($B17,$R$3:$Z$9,8,FALSE) -> 0 | Z17: =VLOOKUP($B17,$R$3:$Z$9,9,FALSE) -> 60
B18: STAG | C18: =[24]Brewhouse!$A295 -> ST275 | D18: =[24]Brewhouse!$AD295 -> 51.5 | E18: =[24]Brewhouse!$AG295 -> 51.2 | F18: =[24]Brewhouse!$V295 -> 58 | G18: =[24]Brewhouse!$AE295 -> 11.7 | H18: 11.7 | I18: =[24]Brewhouse!$AS295 -> 99.851353 | J18: =[24]Brewhouse!$AT295 -> 100.48415 | K18: =[24]Brewhouse!$Q295 -> 12.546125 | L18: =[24]Brewhouse!$P295 -> 60 | M18: =[24]Brewhouse!$U295-[24]Brewhouse!$T295 -> 0.11388889 | N18: =[24]Brewhouse!$AW295 -> 0.24236111 | O18: =[24]Brewhouse!$AV295 -> D. Gomaz | R18: =B18 -> STAG | S18: =VLOOKUP($B18,$R$3:$X$9,2,FALSE) -> 11.6 | T18: =VLOOKUP($B18,$R$3:$X$9,3,FALSE) -> 12 | U18: =VLOOKUP($B18,$R$3:$X$9,4,FALSE) -> 0 | V18: =VLOOKUP($B18,$R$3:$X$9,5,FALSE) -> 0.11805556 | W18: =VLOOKUP($B18,$R$3:$X$9,6,FALSE) -> 0.22569444 | X18: =VLOOKUP($B18,$R$3:$X$9,7,FALSE) -> 0.26388889 | Y18: =VLOOKUP($B18,$R$3:$Z$9,8,FALSE) -> 0 | Z18: =VLOOKUP($B18,$R$3:$Z$9,9,FALSE) -> 60
B19: STAG | C19: =[24]Brewhouse!$A296 -> ST276 | D19: =[24]Brewhouse!$AD296 -> 52.4 | E19: =[24]Brewhouse!$AG296 -> 51.8 | F19: =[24]Brewhouse!$V296 -> 60 | G19: =[24]Brewhouse!$AE296 -> 11.6 | I19: =[24]Brewhouse!$AS296 -> 100.36292 | J19: =[24]Brewhouse!$AT296 -> 100.99854 | K19: =[24]Brewhouse!$Q296 -> 6.1302682 | L19: =[24]Brewhouse!$P296 -> 61 | M19: =[24]Brewhouse!$U296-[24]Brewhouse!$T296 -> 0.11041667 | N19: =[24]Brewhouse!$AW296 -> 0.24166667 | O19: =[24]Brewhouse!$AV296 -> D. Gomaz | R19: =B19 -> STAG | S19: =VLOOKUP($B19,$R$3:$X$9,2,FALSE) -> 11.6 | T19: =VLOOKUP($B19,$R$3:$X$9,3,FALSE) -> 12 | U19: =VLOOKUP($B19,$R$3:$X$9,4,FALSE) -> 0 | V19: =VLOOKUP($B19,$R$3:$X$9,5,FALSE) -> 0.11805556 | W19: =VLOOKUP($B19,$R$3:$X$9,6,FALSE) -> 0.22569444 | X19: =VLOOKUP($B19,$R$3:$X$9,7,FALSE) -> 0.26388889 | Y19: =VLOOKUP($B19,$R$3:$Z$9,8,FALSE) -> 0 | Z19: =VLOOKUP($B19,$R$3:$Z$9,9,FALSE) -> 60
B20: July 10th | R20: =B20 -> July 10th | S20: =VLOOKUP($B20,$R$3:$X$9,2,FALSE) -> #N/A | T20: =VLOOKUP($B20,$R$3:$X$9,3,FALSE) -> #N/A | U20: =VLOOKUP($B20,$R$3:$X$9,4,FALSE) -> #N/A | V20: =VLOOKUP($B20,$R$3:$X$9,5,FALSE) -> #N/A | W20: =VLOOKUP($B20,$R$3:$X$9,6,FALSE) -> #N/A | X20: =VLOOKUP($B20,$R$3:$X$9,7,FALSE) -> #N/A | Y20: =VLOOKUP($B20,$R$3:$Z$9,8,FALSE) -> #N/A | Z20: =VLOOKUP($B20,$R$3:$Z$9,9,FALSE) -> #N/A
B21: STAG | C21: =[24]Brewhouse!$A297 -> ST277 | D21: =[24]Brewhouse!$AD297 -> 50.7 | E21: =[24]Brewhouse!$AG297 -> 50.3 | F21: =[24]Brewhouse!$V297 -> 53 | G21: =[24]Brewhouse!$AE297 -> 11.9 | H21: 11.9 | I21: =[24]Brewhouse!$AS297 -> 100.11018 | J21: =[24]Brewhouse!$AT297 -> 100.7442 | K21: =[24]Brewhouse!$Q297 -> 9.0566038 | L21: =[24]Brewhouse!$P297 -> 59 | M21: =[24]Brewhouse!$U297-[24]Brewhouse!$T297 -> 0.10625 | N21: =[24]Brewhouse!$AW297 -> 0.23680556 | O21: =[24]Brewhouse!$AV297 -> D. Gomaz | R21: =B21 -> STAG | S21: =VLOOKUP($B21,$R$3:$X$9,2,FALSE) -> 11.6 | T21: =VLOOKUP($B21,$R$3:$X$9,3,FALSE) -> 12 | U21: =VLOOKUP($B21,$R$3:$X$9,4,FALSE) -> 0 | V21: =VLOOKUP($B21,$R$3:$X$9,5,FALSE) -> 0.11805556 | W21: =VLOOKUP($B21,$R$3:$X$9,6,FALSE) -> 0.22569444 | X21: =VLOOKUP($B21,$R$3:$X$9,7,FALSE) -> 0.26388889 | Y21: =VLOOKUP($B21,$R$3:$Z$9,8,FALSE) -> 0 | Z21: =VLOOKUP($B21,$R$3:$Z$9,9,FALSE) -> 60
R22: =B22 -> 0 | S22: =VLOOKUP($B22,$R$3:$X$9,2,FALSE) -> #N/A | T22: =VLOOKUP($B22,$R$3:$X$9,3,FALSE) -> #N/A | U22: =VLOOKUP($B22,$R$3:$X$9,4,FALSE) -> #N/A | V22: =VLOOKUP($B22,$R$3:$X$9,5,FALSE) -> #N/A | W22: =VLOOKUP($B22,$R$3:$X$9,6,FALSE) -> #N/A | X22: =VLOOKUP($B22,$R$3:$X$9,7,FALSE) -> #N/A | Y22: =VLOOKUP($B22,$R$3:$Z$9,8,FALSE) -> #N/A | Z22: =VLOOKUP($B22,$R$3:$Z$9,9,FALSE) -> #N/A
R23: =B23 -> 0 | S23: =VLOOKUP($B23,$R$3:$X$9,2,FALSE) -> #N/A | T23: =VLOOKUP($B23,$R$3:$X$9,3,FALSE) -> #N/A | U23: =VLOOKUP($B23,$R$3:$X$9,4,FALSE) -> #N/A | V23: =VLOOKUP($B23,$R$3:$X$9,5,FALSE) -> #N/A | W23: =VLOOKUP($B23,$R$3:$X$9,6,FALSE) -> #N/A | X23: =VLOOKUP($B23,$R$3:$X$9,7,FALSE) -> #N/A | Y23: =VLOOKUP($B23,$R$3:$Z$9,8,FALSE) -> #N/A | Z23: =VLOOKUP($B23,$R$3:$Z$9,9,FALSE) -> #N/A
R24: =B24 -> 0 | S24: =VLOOKUP($B24,$R$3:$X$9,2,FALSE) -> #N/A | T24: =VLOOKUP($B24,$R$3:$X$9,3,FALSE) -> #N/A | U24: =VLOOKUP($B24,$R$3:$X$9,4,FALSE) -> #N/A | V24: =VLOOKUP($B24,$R$3:$X$9,5,FALSE) -> #N/A | W24: =VLOOKUP($B24,$R$3:$X$9,6,FALSE) -> #N/A | X24: =VLOOKUP($B24,$R$3:$X$9,7,FALSE) -> #N/A | Y24: =VLOOKUP($B24,$R$3:$Z$9,8,FALSE) -> #N/A | Z24: =VLOOKUP($B24,$R$3:$Z$9,9,FALSE) -> #N/A
R25: =B25 -> 0 | S25: =VLOOKUP($B25,$R$3:$X$9,2,FALSE) -> #N/A | T25: =VLOOKUP($B25,$R$3:$X$9,3,FALSE) -> #N/A | U25: =VLOOKUP($B25,$R$3:$X$9,4,FALSE) -> #N/A | V25: =VLOOKUP($B25,$R$3:$X$9,5,FALSE) -> #N/A | W25: =VLOOKUP($B25,$R$3:$X$9,6,FALSE) -> #N/A | X25: =VLOOKUP($B25,$R$3:$X$9,7,FALSE) -> #N/A | Y25: =VLOOKUP($B25,$R$3:$Z$9,8,FALSE) -> #N/A | Z25: =VLOOKUP($B25,$R$3:$Z$9,9,FALSE) -> #N/A
R26: =B26 -> 0 | S26: =VLOOKUP($B26,$R$3:$X$9,2,FALSE) -> #N/A | T26: =VLOOKUP($B26,$R$3:$X$9,3,FALSE) -> #N/A | U26: =VLOOKUP($B26,$R$3:$X$9,4,FALSE) -> #N/A | V26: =VLOOKUP($B26,$R$3:$X$9,5,FALSE) -> #N/A | W26: =VLOOKUP($B26,$R$3:$X$9,6,FALSE) -> #N/A | X26: =VLOOKUP($B26,$R$3:$X$9,7,FALSE) -> #N/A | Y26: =VLOOKUP($B26,$R$3:$Z$9,8,FALSE) -> #N/A | Z26: =VLOOKUP($B26,$R$3:$Z$9,9,FALSE) -> #N/A
R27: =B27 -> 0 | S27: =VLOOKUP($B27,$R$3:$X$9,2,FALSE) -> #N/A | T27: =VLOOKUP($B27,$R$3:$X$9,3,FALSE) -> #N/A | U27: =VLOOKUP($B27,$R$3:$X$9,4,FALSE) -> #N/A | V27: =VLOOKUP($B27,$R$3:$X$9,5,FALSE) -> #N/A | W27: =VLOOKUP($B27,$R$3:$X$9,6,FALSE) -> #N/A | X27: =VLOOKUP($B27,$R$3:$X$9,7,FALSE) -> #N/A | Y27: =VLOOKUP($B27,$R$3:$Z$9,8,FALSE) -> #N/A | Z27: =VLOOKUP($B27,$R$3:$Z$9,9,FALSE) -> #N/A
R28: =B28 -> 0 | S28: =VLOOKUP($B28,$R$3:$X$9,2,FALSE) -> #N/A | T28: =VLOOKUP($B28,$R$3:$X$9,3,FALSE) -> #N/A | U28: =VLOOKUP($B28,$R$3:$X$9,4,FALSE) -> #N/A | V28: =VLOOKUP($B28,$R$3:$X$9,5,FALSE) -> #N/A | W28: =VLOOKUP($B28,$R$3:$X$9,6,FALSE) -> #N/A | X28: =VLOOKUP($B28,$R$3:$X$9,7,FALSE) -> #N/A | Y28: =VLOOKUP($B28,$R$3:$Z$9,8,FALSE) -> #N/A | Z28: =VLOOKUP($B28,$R$3:$Z$9,9,FALSE) -> #N/A
R29: =B29 -> 0 | S29: =VLOOKUP($B29,$R$3:$X$9,2,FALSE) -> #N/A | T29: =VLOOKUP($B29,$R$3:$X$9,3,FALSE) -> #N/A | U29: =VLOOKUP($B29,$R$3:$X$9,4,FALSE) -> #N/A | V29: =VLOOKUP($B29,$R$3:$X$9,5,FALSE) -> #N/A | W29: =VLOOKUP($B29,$R$3:$X$9,6,FALSE) -> #N/A | X29: =VLOOKUP($B29,$R$3:$X$9,7,FALSE) -> #N/A | Y29: =VLOOKUP($B29,$R$3:$Z$9,8,FALSE) -> #N/A | Z29: =VLOOKUP($B29,$R$3:$Z$9,9,FALSE) -> #N/A
R30: =B30 -> 0 | S30: =VLOOKUP($B30,$R$3:$X$9,2,FALSE) -> #N/A | T30: =VLOOKUP($B30,$R$3:$X$9,3,FALSE) -> #N/A | U30: =VLOOKUP($B30,$R$3:$X$9,4,FALSE) -> #N/A | V30: =VLOOKUP($B30,$R$3:$X$9,5,FALSE) -> #N/A | W30: =VLOOKUP($B30,$R$3:$X$9,6,FALSE) -> #N/A | X30: =VLOOKUP($B30,$R$3:$X$9,7,FALSE) -> #N/A | Y30: =VLOOKUP($B30,$R$3:$Z$9,8,FALSE) -> #N/A | Z30: =VLOOKUP($B30,$R$3:$Z$9,9,FALSE) -> #N/A
R31: =B31 -> 0 | S31: =VLOOKUP($B31,$R$3:$X$9,2,FALSE) -> #N/A | T31: =VLOOKUP($B31,$R$3:$X$9,3,FALSE) -> #N/A | U31: =VLOOKUP($B31,$R$3:$X$9,4,FALSE) -> #N/A | V31: =VLOOKUP($B31,$R$3:$X$9,5,FALSE) -> #N/A | W31: =VLOOKUP($B31,$R$3:$X$9,6,FALSE) -> #N/A | X31: =VLOOKUP($B31,$R$3:$X$9,7,FALSE) -> #N/A | Y31: =VLOOKUP($B31,$R$3:$Z$9,8,FALSE) -> #N/A | Z31: =VLOOKUP($B31,$R$3:$Z$9,9,FALSE) -> #N/A
R32: =B32 -> 0 | S32: =VLOOKUP($B32,$R$3:$X$9,2,FALSE) -> #N/A | T32: =VLOOKUP($B32,$R$3:$X$9,3,FALSE) -> #N/A | U32: =VLOOKUP($B32,$R$3:$X$9,4,FALSE) -> #N/A | V32: =VLOOKUP($B32,$R$3:$X$9,5,FALSE) -> #N/A | W32: =VLOOKUP($B32,$R$3:$X$9,6,FALSE) -> #N/A | X32: =VLOOKUP($B32,$R$3:$X$9,7,FALSE) -> #N/A | Y32: =VLOOKUP($B32,$R$3:$Z$9,8,FALSE) -> #N/A | Z32: =VLOOKUP($B32,$R$3:$Z$9,9,FALSE) -> #N/A
R33: =B33 -> 0 | S33: =VLOOKUP($B33,$R$3:$X$9,2,FALSE) -> #N/A | T33: =VLOOKUP($B33,$R$3:$X$9,3,FALSE) -> #N/A | U33: =VLOOKUP($B33,$R$3:$X$9,4,FALSE) -> #N/A | V33: =VLOOKUP($B33,$R$3:$X$9,5,FALSE) -> #N/A | W33: =VLOOKUP($B33,$R$3:$X$9,6,FALSE) -> #N/A | X33: =VLOOKUP($B33,$R$3:$X$9,7,FALSE) -> #N/A | Y33: =VLOOKUP($B33,$R$3:$Z$9,8,FALSE) -> #N/A | Z33: =VLOOKUP($B33,$R$3:$Z$9,9,FALSE) -> #N/A
... R43: =B43 -> 0 | S43: =VLOOKUP($B43,$R$3:$X$9,2,FALSE) -> #N/A | T43: =VLOOKUP($B43,$R$3:$X$9,3,FALSE) -> #N/A | U43: =VLOOKUP($B43,$R$3:$X$9,4,FALSE) -> #N/A | V43: =VLOOKUP($B43,$R$3:$X$9,5,FALSE) -> #N/A | W43: =VLOOKUP($B43,$R$3:$X$9,6,FALSE) -> #N/A | X43: =VLOOKUP($B43,$R$3:$X$9,7,FALSE) -> #N/A | Y43: =VLOOKUP($B43,$R$3:$Z$9,8,FALSE) -> #N/A | Z43: =VLOOKUP($B43,$R$3:$Z$9,9,FALSE) -> #N/A
B44: BRAND | D44: BBT P.G./ O.G | I44: Brand | J44: Actual | K44: MTD No. of Brews | L44: MTD | M44: YTD | N44: Target | R44: =B44 -> BRAND | S44: =VLOOKUP($B44,$R$3:$X$9,2,FALSE) -> #N/A | T44: =VLOOKUP($B44,$R$3:$X$9,3,FALSE) -> #N/A | U44: =VLOOKUP($B44,$R$3:$X$9,4,FALSE) -> #N/A | V44: =VLOOKUP($B44,$R$3:$X$9,5,FALSE) -> #N/A | W44: =VLOOKUP($B44,$R$3:$X$9,6,FALSE) -> #N/A | X44: =VLOOKUP($B44,$R$3:$X$9,7,FALSE) -> #N/A | Y44: =VLOOKUP($B44,$R$3:$Z$9,8,FALSE) -> #N/A | Z44: =VLOOKUP($B44,$R$3:$Z$9,9,FALSE) -> #N/A
B45: =I45 -> CARIB | C45: =[23]Process!D534 -> 11.9 | D45: 11.86 | I45: CARIB | J45: =AVERAGE(I10:I11) -> 98.620987 | K45: =COUNTA([23]Brewhouse!$A$580:$A$603) -> 24 | L45: =AVERAGE([23]Brewhouse!$AU$580:$AU$603) -> 98.157766 | M45: =AVERAGE([23]Brewhouse!$AU$102:$AU$171,[23]Brewhouse!$AU$173:$AU$253,[23]Brewhouse!$AU$255:$AU$339,[23]Brewhouse!$AU$341:$AU$346,[23]Brewhouse!$AU$348,[23]Brewhouse!$AU$349:$AU$406,[23]Brewhouse!$AU$408:$AU$491,[23]Brewhouse!$AU$493:$AU$578,[23]Brewhouse!$AU$580:$AU$603) -> 97.769638 | N45: 98 | R45: =B45 -> CARIB | S45: =VLOOKUP($B45,$R$3:$X$9,2,FALSE) -> 11.6 | T45: =VLOOKUP($B45,$R$3:$X$9,3,FALSE) -> 12 | U45: =VLOOKUP($B45,$R$3:$X$9,4,FALSE) -> 0 | V45: =VLOOKUP($B45,$R$3:$X$9,5,FALSE) -> 0.11805556 | W45: =VLOOKUP($B45,$R$3:$X$9,6,FALSE) -> 0.22569444 | X45: =VLOOKUP($B45,$R$3:$X$9,7,FALSE) -> 0.26388889 | Y45: =VLOOKUP($B45,$R$3:$Z$9,8,FALSE) -> 0 | Z45: =VLOOKUP($B45,$R$3:$Z$9,9,FALSE) -> 60
C46: =[23]Process!D535 -> 11.8 | I46: STAG | J46: =AVERAGE(I14:I19) -> 98.904281 | K46: =COUNTA([24]Brewhouse!$A$275:$A$297) -> 23 | L46: =AVERAGE([24]Brewhouse!$AS$275:$AS$297) -> 99.270803 | M46: =AVERAGE([24]Brewhouse!$AS$15:$AS$64,[24]Brewhouse!$AS$66:$AS$103,[24]Brewhouse!$AS$105:$AS$140,[24]Brewhouse!$AS$142:$AS$193,[24]Brewhouse!$AS$195:$AS$240,[24]Brewhouse!$AS$242:$AS$273,[24]Brewhouse!$AS$275:$AS$297) -> 97.992052 | N46: 98
C47: =[23]Process!D538 -> 11.8 | D47: 11.87 | I47: GUINNESS | M47: =AVERAGE([25]Brewhouse!$AU$4:$AU$7,[25]Brewhouse!$AU$9:$AU$22,[25]Brewhouse!$AU$24:$AU$35,[25]Brewhouse!$AU$37:$AU$45,[25]Brewhouse!$AU$47:$AU$62) -> 97.179377 | N47: 98
C48: =[23]Process!D539 -> 11.8 | I48: VITAMALT | M48: =AVERAGE([26]Brewhouse!$AV$5:$AV$14,[26]Brewhouse!$AV$16:$AV$19,[26]Brewhouse!$AV$21:$AV$24,[26]Brewhouse!$AV$26:$AV$33,[26]Brewhouse!$AV$35:$AV$46,[26]Brewhouse!$AV$48:$AV$53) -> 98.620084 | N48: 98
I49: MAXIMALT | N49: 98
I50: MACKESON | M50: =AVERAGE([27]Brewhouse!$AT$4:$AT$11,[27]Brewhouse!$AT$13:$AT$16,[27]Brewhouse!$AT$18:$AT$21) -> 94.77317 | N50: 98
I51: STARMALT | K51: =COUNTA([22]Brewhouse!$A$56:$A$65) -> 10 | L51: =AVERAGE([22]Brewhouse!$AY$56:$AY$65) -> 99.275501 | M51: =AVERAGE([22]Brewhouse!$AY$6:$AY$13,[22]Brewhouse!$AY$15:$AY$20,[22]Brewhouse!$AY$22:$AY$29,[22]Brewhouse!$AY$31:$AY$34,[22]Brewhouse!$AY$36:$AY$43,[22]Brewhouse!$AY$45:$AY$50, [22]Brewhouse!$AY$56:$AY$65) -> 97.1452 | N51: 98
I52: HR- Pils | M52: =AVERAGE([28]Brewhouse!$AU$5:$AU$8,[28]Brewhouse!$AU$10:$AU$13) -> 94.247667 | N52: 98
I53: HR- IPA | M53: =AVERAGE([29]Brewhouse!$AW$26:$AW$27) -> 95.310681 | N53: 98
I54: HR- APA | M54: =AVERAGE([30]Brewhouse!$AU$13:$AU$14) -> 97.110575 | N54: 98
K55: =SUM(K45:K54) -> 57 | L55: =((L45*K45)+(L46*K46)+(L47*K47)+(L48*K48)+(L49*K49)+(K52*L52)+(L50*K50)+(L51*K51)+(L54*K54))/(K55) -> 98.80298 | M55: =AVERAGE('[31]Jan 31st'!$L$65,'[32]Feb 28th'!$L$35,'[33]Mar. 31st'!$L$35,'[34]Apr. 30th'!$L$45,'[35]May 30th'!$L$37,L55) -> 97.830372 | N55: 98
B57: =I46 -> STAG | C57: =[24]Process!D262 -> 11.9 | D57: 11.86 | J57: Daily Brewing Plan
C58: =[24]Process!D263 -> 11.9 | J58: Brand | K58: Brews Achieved | L58: Average Brews per day
C59: =[24]Process!D264 -> 12 | D59: 12.02 | J59: CARIB | K59: 2 | L59: MTD | M59: YTD | N59: TARGET
C60: =[24]Process!D265 -> 12 | J60: STAG | K60: 6 | L60: =AVERAGE(K69,'July 1st'!K67,'July 2nd'!K68,'July 3rd'!K68,'July 4th'!K68,'July 7th '!K68,'July 8th '!K68) -> 8 | M60: =AVERAGE('[31]Jan 29th '!$M$70,'[32]Feb 28th'!$L$40,'[33]Mar. 31st'!$L$40,'[34]Apr. 30th'!$L$50,'[35]May 30th'!$L$42,L60) -> 6.8677735 | N60: 9.2
J61: GUINN
J62: VITAMALT
J63: STARMALT
J64: MACKESON
J65: HURRICANE REEF- IPA
J66: HURRICANE REEF- APA
B67: AVERAGE | D67: =AVERAGE(D45:E66) -> 11.9025 | J67: HR- PILSNER
J68: CARIBE
J69: Total | K69: =SUM(K59:K68) -> 8
B70: Process: | C70: Fermentation/Filtration
B72: Brand | C72: Filt. Date | D72: FV Hls | E72: GFE/ Prim/ Vita Blend (Hls) | F72: SV Hls | G72: BBT Hls | H72: Loss (%) Ferm | I72: Loss (%) Filt | J72: Comments | K72: Throughput | L72: Process Loss (%) | M72: Filt. Operator
AB73: 43474 | AC73: 43475 | AD73: 43476 | AE73: 43477 | AF73: 43478 | AG73: 43479 | AH73: 43480 | AI73: 43481 | AJ73: 43482 | AK73: 43483 | AL73: 43484 | AM73: 43485 | AN73: 43486 | AO73: 43487 | AP73: 43488 | AQ73: 43489 | AR73: 43490 | AS73: 43491 | AT73: 43492 | AU73: 43493 | AV73: 43494 | AW73: 43495 | AX73: 43496
B74: =B81 -> CARIB | C74: 45847 | D74: =[36]July_2025!$L$3 -> 203.8 | G74: =[36]July_2025!$L$7 -> 188.5 | J74: NO SBF | K74: =[37]July_2025!$L$18 -> 1.3385965 | L74: =(((D74+E74)-G74)/(D74+E74))*100 -> 7.5073602 | M74: D. Emery/G. Mason | AB74: =[20]January_2019!L7 -> 285.8 | AC74: =[20]January_2019!M7 -> 508.1 | AD74: =[20]January_2019!N7 -> 0 | AE74: =[20]January_2019!O7 -> 0 | AF74: =[20]January_2019!P7 -> 109.56667 | AG74: =[20]January_2019!Q7 -> 297.65 | AH74: =[20]January_2019!R7 -> 122.3 | AI74: =[20]January_2019!S7 -> 0 | ... AX74: =[20]January_2019!AH7 -> 0
B76: =B82 -> STAG | C76: 45847 | D76: =[36]July_2025!$L$13 -> 204.5 | G76: =[36]July_2025!$L$17 -> 193 | J76: 1 SBF | K76: =[37]July_2025!$L$25 -> 0.66929825 | L76: =(((D76+E76)-G76)/(D76+E76))*100 -> 5.6234719
B79: Process Loss (Volume) | G79: Process Loss (Extract) | K79: Throughput
B80: Brand | C80: Actual | D80: MTD | E80: YTD | F80: Target | G80: Actual | H80: MTD | I80: YTD | J80: Target | K80: Actual | L80: MTD | M80: YTD | N80: Target
B81: CARIB | C81: =L74 -> 7.5073602 | D81: 5.6395733 | E81: 6.5248716 | F81: 4.8 | G81: =[36]July_2025!$L$11 -> 6.9091863 | H81: 4.3674716 | I81: 6.4486862 | J81: 4.8 | K81: =K74 -> 1.3385965 | L81: 0.8765943 | M81: 0.72654115 | N81: 1
B82: STAG | C82: =L76 -> 5.6234719 | D82: 5.3814002 | E82: 6.0896742 | F82: 4.8 | G82: =[36]July_2025!$L$21 -> 5.6234719 | H82: 4.5265104 | I82: 5.7657636 | J82: 4.8 | K82: =K76 -> 0.66929825 | L82: 0.61908631 | M82: 0.75685521 | N82: 1
B83: GUINN | E83: 11.960274 | F83: 5.5 | I83: 13.111031 | J83: 5.5 | M83: 0.48693986 | N83: 1
B84: VITAMALT | E84: 5.4214697 | F84: 3.3 | I84: 5.263029 | J84: 3.3 | M84: 0.69194862 | N84: 1
B85: MAXIMALT | F85: 3.3 | J85: 3 | N85: 1
B86: MACKESON | E86: 7.3129862 | F86: =[21]May_2022!$M$43 -> 3.4878407 | I86: 8.9862703 | J86: 5.5 | M86: 0.59276316 | N86: 1
B87: STARMALT | D87: 2.3359073 | E87: 2.9805616 | F87: 3.3 | H87: 3.7114579 | I87: 4.4931175 | J87: 3.3 | L87: 1.7750877 | M87: 0.83077455 | N87: 1
B88: HURRICANE REEF | F88: 7.5 | J88: 7.5 | N88: 1
B89: HURRICANE REEF PILS | D89: 9.4974643 | E89: 7.2653645 | F89: 4.8 | H89: 10.18309 | I89: 8.1715311 | J89: 4.8 | L89: 0.68877193 | M89: 0.51368421 | N89: 1
D90: 5.1478055 | E90: 6.5468633 | F90: 5.5 | H90: 4.7113188 | I90: 6.7747447 | J90: 5.5 | L90: 0.93040936 | M90: 0.70783192 | N90: 1

Sheet July 10th 
S1: P.G. | U1: Hot Time | W1: Process Time | Y1: Cooling Time
B2: Brewing Department Daily Process Loss Report | S2: Lower | T2: Upper | U2: Lower | V2: Upper | W2: Lower | X2: Upper | Y2: Lower | Z2: Upper
R3: CARIB | S3: 11.6 | T3: 12 | U3: 0 | V3: 0.11805556 | W3: 0.22569444 | X3: 0.26388889 | Y3: 0 | Z3: 60 | AB3: HR- PISNER
B4: Date: | C4: 45849 | J4: LOT WORT COLOUR: 3.2 | M4: Filter Sheets (Target 20 days) | R4: STAG | S4: 11.6 | T4: 12 | U4: 0 | V4: 0.11805556 | W4: 0.22569444 | X4: 0.26388889 | Y4: 0 | Z4: 60
M5: Double | N5: Single | R5: GUINNESS | S5: 17 | T5: 17.5 | U5: 0 | V5: 0.10763889 | W5: 0.24652778 | X5: 0.28472222 | Y5: 0 | Z5: 60
J6: MALT LOT: Lot #14 | L6: Sheet Day | M6: 10 | N6: 10 | R6: MACKESON | S6: 13.3 | T6: 13.5 | U6: 0 | V6: 0.12905093 | W6: 0.27430556 | X6: 0.30208333 | Y6: 0
R7: STARMALT | S7: 17.1 | T7: 17.5 | U7: 0 | V7: 0.13605324 | W7: 0.27430556 | X7: 0.30902778 | Y7: 0 | Z7: 85
B8: Brand | C8: Brew no. | D8: Kett. Hls | E8: Wort | F8: Cool Time(Mins) | G8: Cast. P.G. (Lab Result) | H8: Cast P.G. (Cellar Operator)-gravity | I8: Extr. Rec (78.1%) | J8: Theor. Extr. (77.5%) | K8: Boil Off /Vol. (4-6%) | L8: Boil Time | M8: Total Hot | N8: Brewing | O8: Operator | R8: Hurricane Reef | S8: 16.6 | T8: 17 | U8: 0 | V8: 0.12905093 | W8: 0.27430556 | X8: 0.30208333 | Y8: 0
E9: Meter (Hls) | F9: Target(< 60Mins) | M9: Time | R9: VITAMALT | S9: 14.4 | T9: 14.6 | U9: 0 | V9: 0.13905093 | W9: 0.26041667 | X9: 0.29513889 | Y9: 0 | Z9: 75
B10: STAG | C10: =[24]Brewhouse!$A297 -> ST277 | D10: =[24]Brewhouse!$AD297 -> 50.7 | E10: =[24]Brewhouse!$AG297 -> 50.3 | F10: =[24]Brewhouse!$V297 -> 53 | G10: =[24]Brewhouse!$AE297 -> 11.9 | H10: 11.9 | I10: =[24]Brewhouse!$AS297 -> 100.11018 | J10: =[24]Brewhouse!$AT297 -> 100.7442 | K10: =[24]Brewhouse!$Q297 -> 9.0566038 | L10: =[24]Brewhouse!$P297 -> 59 | M10: =[24]Brewhouse!$U297-[24]Brewhouse!$T297 -> 0.10625 | N10: =[24]Brewhouse!$AW297 -> 0.23680556 | O10: =[24]Brewhouse!$AV297 -> D. Gomaz | R10: =B10 -> STAG | S10: =VLOOKUP($B10,$R$3:$X$9,2,FALSE) -> 11.6 | T10: =VLOOKUP($B10,$R$3:$X$9,3,FALSE) -> 12 | U10: =VLOOKUP($B10,$R$3:$X$9,4,FALSE) -> 0 | V10: =VLOOKUP($B10,$R$3:$X$9,5,FALSE) -> 0.11805556 | W10: =VLOOKUP($B10,$R$3:$X$9,6,FALSE) -> 0.22569444 | X10: =VLOOKUP($B10,$R$3:$X$9,7,FALSE) -> 0.26388889 | Y10: =VLOOKUP($B10,$R$3:$Z$9,8,FALSE) -> 0 | Z10: =VLOOKUP($B10,$R$3:$Z$9,9,FALSE) -> 60
B11: STAG | C11: =[24]Brewhouse!$A298 -> ST278 | D11: =[24]Brewhouse!$AD298 -> 50.4 | E11: =[24]Brewhouse!$AG298 -> 50.2 | F11: =[24]Brewhouse!$V298 -> 57 | G11: =[24]Brewhouse!$AE298 -> 11.9 | H11: 11.8 | I11: =[24]Brewhouse!$AS298 -> 99.786535 | J11: =[24]Brewhouse!$AT298 -> 100.41872 | K11: =[24]Brewhouse!$Q298 -> 11.948529 | L11: =[24]Brewhouse!$P298 -> 61 | M11: =[24]Brewhouse!$U298-[24]Brewhouse!$T298 -> 0.10763889 | N11: =[24]Brewhouse!$AW298 -> 0.26180556 | O11: =[24]Brewhouse!$AV298 -> D. Gomaz | R11: =B11 -> STAG | S11: =VLOOKUP($B11,$R$3:$X$9,2,FALSE) -> 11.6 | T11: =VLOOKUP($B11,$R$3:$X$9,3,FALSE) -> 12 | U11: =VLOOKUP($B11,$R$3:$X$9,4,FALSE) -> 0 | V11: =VLOOKUP($B11,$R$3:$X$9,5,FALSE) -> 0.11805556 | W11: =VLOOKUP($B11,$R$3:$X$9,6,FALSE) -> 0.22569444 | X11: =VLOOKUP($B11,$R$3:$X$9,7,FALSE) -> 0.26388889 | Y11: =VLOOKUP($B11,$R$3:$Z$9,8,FALSE) -> 0 | Z11: =VLOOKUP($B11,$R$3:$Z$9,9,FALSE) -> 60
B12: STAG | C12: =[24]Brewhouse!$A299 -> ST279 | D12: =[24]Brewhouse!$AD299 -> 49.9 | E12: =[24]Brewhouse!$AG299 -> 49.3 | F12: =[24]Brewhouse!$V299 -> 56 | G12: =[24]Brewhouse!$AE299 -> 11.8 | H12: 11.7 | I12: =[24]Brewhouse!$AS299 -> 97.131692 | J12: =[24]Brewhouse!$AT299 -> 97.747056 | K12: =[24]Brewhouse!$Q299 -> 12.639405 | L12: =[24]Brewhouse!$P299 -> 59 | M12: =[24]Brewhouse!$U299-[24]Brewhouse!$T299 -> 0.1125 | N12: =[24]Brewhouse!$AW299 -> 0.24722222 | O12: =[24]Brewhouse!$AV299 -> K. Benjamin | R12: =B12 -> STAG | S12: =VLOOKUP($B12,$R$3:$X$9,2,FALSE) -> 11.6 | T12: =VLOOKUP($B12,$R$3:$X$9,3,FALSE) -> 12 | U12: =VLOOKUP($B12,$R$3:$X$9,4,FALSE) -> 0 | V12: =VLOOKUP($B12,$R$3:$X$9,5,FALSE) -> 0.11805556 | W12: =VLOOKUP($B12,$R$3:$X$9,6,FALSE) -> 0.22569444 | X12: =VLOOKUP($B12,$R$3:$X$9,7,FALSE) -> 0.26388889 | Y12: =VLOOKUP($B12,$R$3:$Z$9,8,FALSE) -> 0 | Z12: =VLOOKUP($B12,$R$3:$Z$9,9,FALSE) -> 60
B13: STAG | C13: =[24]Brewhouse!$A300 -> ST280 | D13: =[24]Brewhouse!$AD300 -> 50.9 | E13: =[24]Brewhouse!$AG300 -> 50.5 | F13: =[24]Brewhouse!$V300 -> 59 | G13: =[24]Brewhouse!$AE300 -> 11.9 | H13: 12 | I13: =[24]Brewhouse!$AS300 -> 100.50823 | J13: =[24]Brewhouse!$AT300 -> 101.14478 | K13: =[24]Brewhouse!$Q300 -> 11.851852 | L13: =[24]Brewhouse!$P300 -> 59 | M13: =[24]Brewhouse!$U300-[24]Brewhouse!$T300 -> 0.11388889 | N13: =[24]Brewhouse!$AW300 -> 0.26111111 | O13: =[24]Brewhouse!$AV300 -> K. Benjamin | R13: =B13 -> STAG | S13: =VLOOKUP($B13,$R$3:$X$9,2,FALSE) -> 11.6 | T13: =VLOOKUP($B13,$R$3:$X$9,3,FALSE) -> 12 | U13: =VLOOKUP($B13,$R$3:$X$9,4,FALSE) -> 0 | V13: =VLOOKUP($B13,$R$3:$X$9,5,FALSE) -> 0.11805556 | W13: =VLOOKUP($B13,$R$3:$X$9,6,FALSE) -> 0.22569444 | X13: =VLOOKUP($B13,$R$3:$X$9,7,FALSE) -> 0.26388889 | Y13: =VLOOKUP($B13,$R$3:$Z$9,8,FALSE) -> 0 | Z13: =VLOOKUP($B13,$R$3:$Z$9,9,FALSE) -> 60
B14: STAG | C14: =[24]Brewhouse!$A301 -> ST281 | D14: =[24]Brewhouse!$AD301 -> 51.2 | E14: =[24]Brewhouse!$AG301 -> 50.4 | F14: =[24]Brewhouse!$V301 -> 64 | G14: =[24]Brewhouse!$AE301 -> 11.8 | H14: 11.8 | I14: =[24]Brewhouse!$AS301 -> 99.547252 | J14: =[24]Brewhouse!$AT301 -> 100.17751 | K14: =[24]Brewhouse!$Q301 -> 11.721612 | L14: =[24]Brewhouse!$P301 -> 60 | M14: =[24]Brewhouse!$U301-[24]Brewhouse!$T301 -> 0.11527778 | N14: =[24]Brewhouse!$AW301 -> 0.25486111 | O14: =[24]Brewhouse!$AV301 -> R. Regis | R14: =B14 -> STAG | S14: =VLOOKUP($B14,$R$3:$X$9,2,FALSE) -> 11.6 | T14: =VLOOKUP($B14,$R$3:$X$9,3,FALSE) -> 12 | U14: =VLOOKUP($B14,$R$3:$X$9,4,FALSE) -> 0 | V14: =VLOOKUP($B14,$R$3:$X$9,5,FALSE) -> 0.11805556 | W14: =VLOOKUP($B14,$R$3:$X$9,6,FALSE) -> 0.22569444 | X14: =VLOOKUP($B14,$R$3:$X$9,7,FALSE) -> 0.26388889 | Y14: =VLOOKUP($B14,$R$3:$Z$9,8,FALSE) -> 0 | Z14: =VLOOKUP($B14,$R$3:$Z$9,9,FALSE) -> 60
B15: STAG | C15: =[24]Brewhouse!$A302 -> ST282 | D15: =[24]Brewhouse!$AD302 -> 51.6 | E15: =[24]Brewhouse!$AG302 -> 51.1 | F15: =[24]Brewhouse!$V302 -> 63 | G15: =[24]Brewhouse!$AE302 -> 11.6 | H15: 11.7 | I15: =[24]Brewhouse!$AS302 -> 100.38565 | J15: =[24]Brewhouse!$AT302 -> 101.01912 | K15: =[24]Brewhouse!$Q302 -> 10.661765 | L15: =[24]Brewhouse!$P302 -> 60 | M15: =[24]Brewhouse!$U302-[24]Brewhouse!$T302 -> 0.11111111 | N15: =[24]Brewhouse!$AW302 -> 0.25069444 | O15: =[24]Brewhouse!$AV302 -> R. Regis | R15: =B15 -> STAG | S15: =VLOOKUP($B15,$R$3:$X$9,2,FALSE) -> 11.6 | T15: =VLOOKUP($B15,$R$3:$X$9,3,FALSE) -> 12 | U15: =VLOOKUP($B15,$R$3:$X$9,4,FALSE) -> 0 | V15: =VLOOKUP($B15,$R$3:$X$9,5,FALSE) -> 0.11805556 | W15: =VLOOKUP($B15,$R$3:$X$9,6,FALSE) -> 0.22569444 | X15: =VLOOKUP($B15,$R$3:$X$9,7,FALSE) -> 0.26388889 | Y15: =VLOOKUP($B15,$R$3:$Z$9,8,FALSE) -> 0 | Z15: =VLOOKUP($B15,$R$3:$Z$9,9,FALSE) -> 60
R16: =B16 -> 0 | S16: =VLOOKUP($B16,$R$3:$X$9,2,FALSE) -> #N/A | T16: =VLOOKUP($B16,$R$3:$X$9,3,FALSE) -> #N/A | U16: =VLOOKUP($B16,$R$3:$X$9,4,FALSE) -> #N/A | V16: =VLOOKUP($B16,$R$3:$X$9,5,FALSE) -> #N/A | W16: =VLOOKUP($B16,$R$3:$X$9,6,FALSE) -> #N/A | X16: =VLOOKUP($B16,$R$3:$X$9,7,FALSE) -> #N/A | Y16: =VLOOKUP($B16,$R$3:$Z$9,8,FALSE) -> #N/A | Z16: =VLOOKUP($B16,$R$3:$Z$9,9,FALSE) -> #N/A
R17: =B17 -> 0 | S17: =VLOOKUP($B17,$R$3:$X$9,2,FALSE) -> #N/A | T17: =VLOOKUP($B17,$R$3:$X$9,3,FALSE) -> #N/A | U17: =VLOOKUP($B17,$R$3:$X$9,4,FALSE) -> #N/A | V17: =VLOOKUP($B17,$R$3:$X$9,5,FALSE) -> #N/A | W17: =VLOOKUP($B17,$R$3:$X$9,6,FALSE) -> #N/A | X17: =VLOOKUP($B17,$R$3:$X$9,7,FALSE) -> #N/A | Y17: =VLOOKUP($B17,$R$3:$Z$9,8,FALSE) -> #N/A | Z17: =VLOOKUP($B17,$R$3:$Z$9,9,FALSE) -> #N/A
R18: =B18 -> 0 | S18: =VLOOKUP($B18,$R$3:$X$9,2,FALSE) -> #N/A | T18: =VLOOKUP($B18,$R$3:$X$9,3,FALSE) -> #N/A | U18: =VLOOKUP($B18,$R$3:$X$9,4,FALSE) -> #N/A | V18: =VLOOKUP($B18,$R$3:$X$9,5,FALSE) -> #N/A | W18: =VLOOKUP($B18,$R$3:$X$9,6,FALSE) -> #N/A | X18: =VLOOKUP($B18,$R$3:$X$9,7,FALSE) -> #N/A | Y18: =VLOOKUP($B18,$R$3:$Z$9,8,FALSE) -> #N/A | Z18: =VLOOKUP($B18,$R$3:$Z$9,9,FALSE) -> #N/A
B19: GUINNESS | C19: =[25]Brewhouse!$A64 -> GU056 | D19: =[25]Brewhouse!$AF64 -> 52.9 | E19: =[25]Brewhouse!$AI64 -> 50.1 | F19: =[25]Brewhouse!$V64 -> 63 | G19: =[25]Brewhouse!$AG64 -> 17.5 | H19: 17.2 | I19: =[25]Brewhouse!$AU64 -> 95.602395 | J19: =[25]Brewhouse!$AV64 -> 96.229011 | K19: =[25]Brewhouse!$R64 -> 12.884956 | L19: =[25]Brewhouse!$O64 -> 58 | M19: =[25]Brewhouse!$U64-[25]Brewhouse!$T64 -> 0.11527778 | N19: =[25]Brewhouse!$Z64 -> 0.2625 | O19: =[25]Brewhouse!$AW64 -> R. Regis | R19: =B19 -> GUINNESS | S19: =VLOOKUP($B19,$R$3:$X$9,2,FALSE) -> 17 | T19: =VLOOKUP($B19,$R$3:$X$9,3,FALSE) -> 17.5 | U19: =VLOOKUP($B19,$R$3:$X$9,4,FALSE) -> 0 | V19: =VLOOKUP($B19,$R$3:$X$9,5,FALSE) -> 0.10763889 | W19: =VLOOKUP($B19,$R$3:$X$9,6,FALSE) -> 0.24652778 | X19: =VLOOKUP($B19,$R$3:$X$9,7,FALSE) -> 0.28472222 | Y19: =VLOOKUP($B19,$R$3:$Z$9,8,FALSE) -> 0 | Z19: =VLOOKUP($B19,$R$3:$Z$9,9,FALSE) -> 60
B20: GUINNESS | C20: =[25]Brewhouse!$A65 -> GU057 | D20: =[25]Brewhouse!$AF65 -> 54.3 | E20: =[25]Brewhouse!$AI65 -> 51.8 | F20: =[25]Brewhouse!$V65 -> 66 | G20: =[25]Brewhouse!$AG65 -> 17.3 | H20: 17.2 | I20: =[25]Brewhouse!$AU65 -> 97.762581 | J20: =[25]Brewhouse!$AV65 -> 98.403245 | K20: =[25]Brewhouse!$R65 -> 9.893617 | L20: =[25]Brewhouse!$O65 -> 62 | M20: =[25]Brewhouse!$U65-[25]Brewhouse!$T65 -> 0.11527778 | N20: =[25]Brewhouse!$Z65 -> 0.25069444 | O20: =[25]Brewhouse!$AW65 -> D. Gomaz | R20: =B20 -> GUINNESS | S20: =VLOOKUP($B20,$R$3:$X$9,2,FALSE) -> 17 | T20: =VLOOKUP($B20,$R$3:$X$9,3,FALSE) -> 17.5 | U20: =VLOOKUP($B20,$R$3:$X$9,4,FALSE) -> 0 | V20: =VLOOKUP($B20,$R$3:$X$9,5,FALSE) -> 0.10763889 | W20: =VLOOKUP($B20,$R$3:$X$9,6,FALSE) -> 0.24652778 | X20: =VLOOKUP($B20,$R$3:$X$9,7,FALSE) -> 0.28472222 | Y20: =VLOOKUP($B20,$R$3:$Z$9,8,FALSE) -> 0 | Z20: =VLOOKUP($B20,$R$3:$Z$9,9,FALSE) -> 60
B21: GUINNESS | C21: =[25]Brewhouse!$A66 -> GU058 | D21: =[25]Brewhouse!$AF66 -> 54.8 | E21: =[25]Brewhouse!$AI66 -> 52.4 | F21: =[25]Brewhouse!$V66 -> 63 | G21: =[25]Brewhouse!$AG66 -> 17.1 | H21: 17.2 | I21: =[25]Brewhouse!$AU66 -> 97.743358 | J21: =[25]Brewhouse!$AV66 -> 98.383783 | K21: =[25]Brewhouse!$R66 -> 9.2794376 | L21: =[25]Brewhouse!$O66 -> 59 | M21: =[25]Brewhouse!$U66-[25]Brewhouse!$T66 -> 0.11875 | N21: =[25]Brewhouse!$Z66 -> 0.25208333 | O21: =[25]Brewhouse!$AW66 -> D. Gomaz | R21: =B21 -> GUINNESS | S21: =VLOOKUP($B21,$R$3:$X$9,2,FALSE) -> 17 | T21: =VLOOKUP($B21,$R$3:$X$9,3,FALSE) -> 17.5 | U21: =VLOOKUP($B21,$R$3:$X$9,4,FALSE) -> 0 | V21: =VLOOKUP($B21,$R$3:$X$9,5,FALSE) -> 0.10763889 | W21: =VLOOKUP($B21,$R$3:$X$9,6,FALSE) -> 0.24652778 | X21: =VLOOKUP($B21,$R$3:$X$9,7,FALSE) -> 0.28472222 | Y21: =VLOOKUP($B21,$R$3:$Z$9,8,FALSE) -> 0 | Z21: =VLOOKUP($B21,$R$3:$Z$9,9,FALSE) -> 60
R22: =B22 -> 0 | S22: =VLOOKUP($B22,$R$3:$X$9,2,FALSE) -> #N/A | T22: =VLOOKUP($B22,$R$3:$X$9,3,FALSE) -> #N/A | U22: =VLOOKUP($B22,$R$3:$X$9,4,FALSE) -> #N/A | V22: =VLOOKUP($B22,$R$3:$X$9,5,FALSE) -> #N/A | W22: =VLOOKUP($B22,$R$3:$X$9,6,FALSE) -> #N/A | X22: =VLOOKUP($B22,$R$3:$X$9,7,FALSE) -> #N/A | Y22: =VLOOKUP($B22,$R$3:$Z$9,8,FALSE) -> #N/A | Z22: =VLOOKUP($B22,$R$3:$Z$9,9,FALSE) -> #N/A
R23: =B23 -> 0 | S23: =VLOOKUP($B23,$R$3:$X$9,2,FALSE) -> #N/A | T23: =VLOOKUP($B23,$R$3:$X$9,3,FALSE) -> #N/A | U23: =VLOOKUP($B23,$R$3:$X$9,4,FALSE) -> #N/A | V23: =VLOOKUP($B23,$R$3:$X$9,5,FALSE) -> #N/A | W23: =VLOOKUP($B23,$R$3:$X$9,6,FALSE) -> #N/A | X23: =VLOOKUP($B23,$R$3:$X$9,7,FALSE) -> #N/A | Y23: =VLOOKUP($B23,$R$3:$Z$9,8,FALSE) -> #N/A | Z23: =VLOOKUP($B23,$R$3:$Z$9,9,FALSE) -> #N/A
R24: =B24 -> 0 | S24: =VLOOKUP($B24,$R$3:$X$9,2,FALSE) -> #N/A | T24: =VLOOKUP($B24,$R$3:$X$9,3,FALSE) -> #N/A | U24: =VLOOKUP($B24,$R$3:$X$9,4,FALSE) -> #N/A | V24: =VLOOKUP($B24,$R$3:$X$9,5,FALSE) -> #N/A | W24: =VLOOKUP($B24,$R$3:$X$9,6,FALSE) -> #N/A | X24: =VLOOKUP($B24,$R$3:$X$9,7,FALSE) -> #N/A | Y24: =VLOOKUP($B24,$R$3:$Z$9,8,FALSE) -> #N/A | Z24: =VLOOKUP($B24,$R$3:$Z$9,9,FALSE) -> #N/A
R25: =B25 -> 0 | S25: =VLOOKUP($B25,$R$3:$X$9,2,FALSE) -> #N/A | T25: =VLOOKUP($B25,$R$3:$X$9,3,FALSE) -> #N/A | U25: =VLOOKUP($B25,$R$3:$X$9,4,FALSE) -> #N/A | V25: =VLOOKUP($B25,$R$3:$X$9,5,FALSE) -> #N/A | W25: =VLOOKUP($B25,$R$3:$X$9,6,FALSE) -> #N/A | X25: =VLOOKUP($B25,$R$3:$X$9,7,FALSE) -> #N/A | Y25: =VLOOKUP($B25,$R$3:$Z$9,8,FALSE) -> #N/A | Z25: =VLOOKUP($B25,$R$3:$Z$9,9,FALSE) -> #N/A
R26: =B26 -> 0 | S26: =VLOOKUP($B26,$R$3:$X$9,2,FALSE) -> #N/A | T26: =VLOOKUP($B26,$R$3:$X$9,3,FALSE) -> #N/A | U26: =VLOOKUP($B26,$R$3:$X$9,4,FALSE) -> #N/A | V26: =VLOOKUP($B26,$R$3:$X$9,5,FALSE) -> #N/A | W26: =VLOOKUP($B26,$R$3:$X$9,6,FALSE) -> #N/A | X26: =VLOOKUP($B26,$R$3:$X$9,7,FALSE) -> #N/A | Y26: =VLOOKUP($B26,$R$3:$Z$9,8,FALSE) -> #N/A | Z26: =VLOOKUP($B26,$R$3:$Z$9,9,FALSE) -> #N/A
R27: =B27 -> 0 | S27: =VLOOKUP($B27,$R$3:$X$9,2,FALSE) -> #N/A | T27: =VLOOKUP($B27,$R$3:$X$9,3,FALSE) -> #N/A | U27: =VLOOKUP($B27,$R$3:$X$9,4,FALSE) -> #N/A | V27: =VLOOKUP($B27,$R$3:$X$9,5,FALSE) -> #N/A | W27: =VLOOKUP($B27,$R$3:$X$9,6,FALSE) -> #N/A | X27: =VLOOKUP($B27,$R$3:$X$9,7,FALSE) -> #N/A | Y27: =VLOOKUP($B27,$R$3:$Z$9,8,FALSE) -> #N/A | Z27: =VLOOKUP($B27,$R$3:$Z$9,9,FALSE) -> #N/A
R28: =B28 -> 0 | S28: =VLOOKUP($B28,$R$3:$X$9,2,FALSE) -> #N/A | T28: =VLOOKUP($B28,$R$3:$X$9,3,FALSE) -> #N/A | U28: =VLOOKUP($B28,$R$3:$X$9,4,FALSE) -> #N/A | V28: =VLOOKUP($B28,$R$3:$X$9,5,FALSE) -> #N/A | W28: =VLOOKUP($B28,$R$3:$X$9,6,FALSE) -> #N/A | X28: =VLOOKUP($B28,$R$3:$X$9,7,FALSE) -> #N/A | Y28: =VLOOKUP($B28,$R$3:$Z$9,8,FALSE) -> #N/A | Z28: =VLOOKUP($B28,$R$3:$Z$9,9,FALSE) -> #N/A
R29: =B29 -> 0 | S29: =VLOOKUP($B29,$R$3:$X$9,2,FALSE) -> #N/A | T29: =VLOOKUP($B29,$R$3:$X$9,3,FALSE) -> #N/A | U29: =VLOOKUP($B29,$R$3:$X$9,4,FALSE) -> #N/A | V29: =VLOOKUP($B29,$R$3:$X$9,5,FALSE) -> #N/A | W29: =VLOOKUP($B29,$R$3:$X$9,6,FALSE) -> #N/A | X29: =VLOOKUP($B29,$R$3:$X$9,7,FALSE) -> #N/A | Y29: =VLOOKUP($B29,$R$3:$Z$9,8,FALSE) -> #N/A | Z29: =VLOOKUP($B29,$R$3:$Z$9,9,FALSE) -> #N/A
R30: =B30 -> 0 | S30: =VLOOKUP($B30,$R$3:$X$9,2,FALSE) -> #N/A | T30: =VLOOKUP($B30,$R$3:$X$9,3,FALSE) -> #N/A | U30: =VLOOKUP($B30,$R$3:$X$9,4,FALSE) -> #N/A | V30: =VLOOKUP($B30,$R$3:$X$9,5,FALSE) -> #N/A | W30: =VLOOKUP($B30,$R$3:$X$9,6,FALSE) -> #N/A | X30: =VLOOKUP($B30,$R$3:$X$9,7,FALSE) -> #N/A | Y30: =VLOOKUP($B30,$R$3:$Z$9,8,FALSE) -> #N/A | Z30: =VLOOKUP($B30,$R$3:$Z$9,9,FALSE) -> #N/A
R31: =B31 -> 0 | S31: =VLOOKUP($B31,$R$3:$X$9,2,FALSE) -> #N/A | T31: =VLOOKUP($B31,$R$3:$X$9,3,FALSE) -> #N/A | U31: =VLOOKUP($B31,$R$3:$X$9,4,FALSE) -> #N/A | V31: =VLOOKUP($B31,$R$3:$X$9,5,FALSE) -> #N/A | W31: =VLOOKUP($B31,$R$3:$X$9,6,FALSE) -> #N/A | X31: =VLOOKUP($B31,$R$3:$X$9,7,FALSE) -> #N/A | Y31: =VLOOKUP($B31,$R$3:$Z$9,8,FALSE) -> #N/A | Z31: =VLOOKUP($B31,$R$3:$Z$9,9,FALSE) -> #N/A
R32: =B32 -> 0 | S32: =VLOOKUP($B32,$R$3:$X$9,2,FALSE) -> #N/A | T32: =VLOOKUP($B32,$R$3:$X$9,3,FALSE) -> #N/A | U32: =VLOOKUP($B32,$R$3:$X$9,4,FALSE) -> #N/A | V32: =VLOOKUP($B32,$R$3:$X$9,5,FALSE) -> #N/A | W32: =VLOOKUP($B32,$R$3:$X$9,6,FALSE) -> #N/A | X32: =VLOOKUP($B32,$R$3:$X$9,7,FALSE) -> #N/A | Y32: =VLOOKUP($B32,$R$3:$Z$9,8,FALSE) -> #N/A | Z32: =VLOOKUP($B32,$R$3:$Z$9,9,FALSE) -> #N/A
R33: =B33 -> 0 | S33: =VLOOKUP($B33,$R$3:$X$9,2,FALSE) -> #N/A | T33: =VLOOKUP($B33,$R$3:$X$9,3,FALSE) -> #N/A | U33: =VLOOKUP($B33,$R$3:$X$9,4,FALSE) -> #N/A | V33: =VLOOKUP($B33,$R$3:$X$9,5,FALSE) -> #N/A | W33: =VLOOKUP($B33,$R$3:$X$9,6,FALSE) -> #N/A | X33: =VLOOKUP($B33,$R$3:$X$9,7,FALSE) -> #N/A | Y33: =VLOOKUP($B33,$R$3:$Z$9,8,FALSE) -> #N/A | Z33: =VLOOKUP($B33,$R$3:$Z$9,9,FALSE) -> #N/A
... R43: =B43 -> 0 | S43: =VLOOKUP($B43,$R$3:$X$9,2,FALSE) -> #N/A | T43: =VLOOKUP($B43,$R$3:$X$9,3,FALSE) -> #N/A | U43: =VLOOKUP($B43,$R$3:$X$9,4,FALSE) -> #N/A | V43: =VLOOKUP($B43,$R$3:$X$9,5,FALSE) -> #N/A | W43: =VLOOKUP($B43,$R$3:$X$9,6,FALSE) -> #N/A | X43: =VLOOKUP($B43,$R$3:$X$9,7,FALSE) -> #N/A | Y43: =VLOOKUP($B43,$R$3:$Z$9,8,FALSE) -> #N/A | Z43: =VLOOKUP($B43,$R$3:$Z$9,9,FALSE) -> #N/A
B44: BRAND | D44: BBT P.G./ O.G | I44: Brand | J44: Actual | K44: MTD No. of Brews | L44: MTD | M44: YTD | N44: Target | R44: =B44 -> BRAND | S44: =VLOOKUP($B44,$R$3:$X$9,2,FALSE) -> #N/A | T44: =VLOOKUP($B44,$R$3:$X$9,3,FALSE) -> #N/A | U44: =VLOOKUP($B44,$R$3:$X$9,4,FALSE) -> #N/A | V44: =VLOOKUP($B44,$R$3:$X$9,5,FALSE) -> #N/A | W44: =VLOOKUP($B44,$R$3:$X$9,6,FALSE) -> #N/A | X44: =VLOOKUP($B44,$R$3:$X$9,7,FALSE) -> #N/A | Y44: =VLOOKUP($B44,$R$3:$Z$9,8,FALSE) -> #N/A | Z44: =VLOOKUP($B44,$R$3:$Z$9,9,FALSE) -> #N/A
B45: =I46 -> STAG | C45: =[24]Process!D266 -> 12.1 | D45: 11.94 | I45: CARIB | K45: =COUNTA([23]Brewhouse!$A$580:$A$603) -> 24 | L45: =AVERAGE([23]Brewhouse!$AU$580:$AU$603) -> 98.157766 | M45: =AVERAGE([23]Brewhouse!$AU$102:$AU$171,[23]Brewhouse!$AU$173:$AU$253,[23]Brewhouse!$AU$255:$AU$339,[23]Brewhouse!$AU$341:$AU$346,[23]Brewhouse!$AU$348,[23]Brewhouse!$AU$349:$AU$406,[23]Brewhouse!$AU$408:$AU$491,[23]Brewhouse!$AU$493:$AU$578,[23]Brewhouse!$AU$580:$AU$603) -> 97.769638 | N45: 98
C46: =[24]Process!D267 -> 11.8 | I46: STAG | J46: =AVERAGE(I10:I15) -> 99.578256 | K46: =COUNTA([24]Brewhouse!$A$275:$A$302) -> 28 | L46: =AVERAGE([24]Brewhouse!$AS$275:$AS$302) -> 99.306708 | M46: =AVERAGE([24]Brewhouse!$AS$15:$AS$64,[24]Brewhouse!$AS$66:$AS$103,[24]Brewhouse!$AS$105:$AS$140,[24]Brewhouse!$AS$142:$AS$193,[24]Brewhouse!$AS$195:$AS$240,[24]Brewhouse!$AS$242:$AS$273,[24]Brewhouse!$AS$275:$AS$302) -> 98.01829 | N46: 98
C47: =[24]Process!D268 -> 12.1 | D47: 11.92 | I47: GUINNESS | J47: =AVERAGE(I19:I20) -> 96.682488 | K47: =COUNTA([25]Brewhouse!$A$64:$A$66) -> 3 | L47: =AVERAGE([25]Brewhouse!$AU$64:$AU$66) -> 97.036111 | M47: =AVERAGE([25]Brewhouse!$AU$4:$AU$7,[25]Brewhouse!$AU$9:$AU$22,[25]Brewhouse!$AU$24:$AU$35,[25]Brewhouse!$AU$37:$AU$45,[25]Brewhouse!$AU$47:$AU$62,[25]Brewhouse!$AU$64:$AU$66) -> 97.171967 | N47: 98
C48: =[24]Process!D269 -> 11.8 | I48: VITAMALT | K48: =AVERAGE([25]Brewhouse!$AU$64:$AU$66) -> 97.036111 | M48: =AVERAGE([26]Brewhouse!$AV$5:$AV$14,[26]Brewhouse!$AV$16:$AV$19,[26]Brewhouse!$AV$21:$AV$24,[26]Brewhouse!$AV$26:$AV$33,[26]Brewhouse!$AV$35:$AV$46,[26]Brewhouse!$AV$48:$AV$53) -> 98.620084 | N48: 98
I49: MAXIMALT | N49: 98
I50: MACKESON | M50: =AVERAGE([27]Brewhouse!$AT$4:$AT$11,[27]Brewhouse!$AT$13:$AT$16,[27]Brewhouse!$AT$18:$AT$21) -> 94.77317 | N50: 98
I51: STARMALT | K51: =COUNTA([22]Brewhouse!$A$56:$A$65) -> 10 | L51: =AVERAGE([22]Brewhouse!$AY$56:$AY$65) -> 99.275501 | M51: =AVERAGE([22]Brewhouse!$AY$6:$AY$13,[22]Brewhouse!$AY$15:$AY$20,[22]Brewhouse!$AY$22:$AY$29,[22]Brewhouse!$AY$31:$AY$34,[22]Brewhouse!$AY$36:$AY$43,[22]Brewhouse!$AY$45:$AY$50, [22]Brewhouse!$AY$56:$AY$65) -> 97.1452 | N51: 98
I52: HR- Pils | M52: =AVERAGE([28]Brewhouse!$AU$5:$AU$8,[28]Brewhouse!$AU$10:$AU$13) -> 94.247667 | N52: 98
I53: HR- IPA | M53: =AVERAGE([29]Brewhouse!$AW$26:$AW$27) -> 95.310681 | N53: 98
I54: HR- APA | M54: =AVERAGE([30]Brewhouse!$AU$13:$AU$14) -> 97.110575 | N54: 98
K55: =SUM(K45:K54) -> 162.03611 | L55: =((L45*K45)+(L46*K46)+(L47*K47)+(L48*K48)+(L49*K49)+(K52*L52)+(L50*K50)+(L51*K51)+(L54*K54))/(K55) -> 39.622264 | M55: =AVERAGE('[31]Jan 31st'!$L$65,'[32]Feb 28th'!$L$35,'[33]Mar. 31st'!$L$35,'[34]Apr. 30th'!$L$45,'[35]May 30th'!$L$37,L55) -> 87.96692 | N55: 98
J57: Daily Brewing Plan
J58: Brand | K58: Brews Achieved | L58: Average Brews per day
J59: CARIB | K59: 6 | L59: MTD | M59: YTD | N59: TARGET
J60: STAG | L60: =AVERAGE(K69,'July 1st'!K67,'July 2nd'!K68,'July 3rd'!K68,'July 4th'!K68,'July 7th '!K68,'July 8th '!K68,'July 9th '!K69) -> 8.125 | M60: =AVERAGE('[31]Jan 29th '!$M$70,'[32]Feb 28th'!$L$40,'[33]Mar. 31st'!$L$40,'[34]Apr. 30th'!$L$50,'[35]May 30th'!$L$42,L60) -> 6.8886069 | N60: 9.2
J61: GUINN | K61: 3
J62: VITAMALT
J63: STARMALT
J64: MACKESON
J65: HURRICANE REEF- IPA
J66: HURRICANE REEF- APA
B67: AVERAGE | D67: =AVERAGE(D45:E66) -> 11.93 | J67: HR- PILSNER
J68: CARIBE
J69: Total | K69: =SUM(K59:K68) -> 9
B70: Process: | C70: Fermentation/Filtration
B72: Brand | C72: Filt. Date | D72: FV Hls | E72: GFE/ Prim/ Vita Blend (Hls) | F72: SV Hls | G72: BBT Hls | H72: Loss (%) Ferm | I72: Loss (%) Filt | J72: Comments | K72: Throughput | L72: Process Loss (%) | M72: Filt. Operator
AB73: 43474 | AC73: 43475 | AD73: 43476 | AE73: 43477 | AF73: 43478 | AG73: 43479 | AH73: 43480 | AI73: 43481 | AJ73: 43482 | AK73: 43483 | AL73: 43484 | AM73: 43485 | AN73: 43486 | AO73: 43487 | AP73: 43488 | AQ73: 43489 | AR73: 43490 | AS73: 43491 | AT73: 43492 | AU73: 43493 | AV73: 43494 | AW73: 43495 | AX73: 43496
B74: =J60 -> STAG | C74: 45848 | D74: =[36]July_2025!$M$13 -> 191.3 | G74: =[36]July_2025!$M$17 -> 177.4 | J74: 3 SBF | K74: =[37]July_2025!$M$25 -> 0.15561404 | L74: =(((D74+E74)-G74)/(D74+E74))*100 -> 7.2660742 | M74: K. Hosten | AB74: =[20]January_2019!L7 -> 285.8 | AC74: =[20]January_2019!M7 -> 508.1 | AD74: =[20]January_2019!N7 -> 0 | AE74: =[20]January_2019!O7 -> 0 | AF74: =[20]January_2019!P7 -> 109.56667 | AG74: =[20]January_2019!Q7 -> 297.65 | AH74: =[20]January_2019!R7 -> 122.3 | AI74: =[20]January_2019!S7 -> 0 | ... AX74: =[20]January_2019!AH7 -> 0
L76: =(((D76+E76)-G76)/(D76+E76))*100 -> #DIV/0!
B79: Process Loss (Volume) | G79: Process Loss (Extract) | K79: Throughput
B80: Brand | C80: Actual | D80: MTD | E80: YTD | F80: Target | G80: Actual | H80: MTD | I80: YTD | J80: Target | K80: Actual | L80: MTD | M80: YTD | N80: Target
B81: CARIB | D81: 5.6395733 | E81: 6.5248716 | F81: 4.8 | H81: 4.3674716 | I81: 6.4486862 | J81: 4.8 | L81: 0.8765943 | M81: 0.72654115 | N81: 1
B82: STAG | C82: =L74 -> 7.2660742 | D82: 6.009406 | E82: 6.1068883 | F82: 4.8 | G82: =[36]July_2025!$M$21 -> 7.6370099 | H82: 5.5705047 | I82: 5.7934321 | J82: 4.8 | K82: =K74 -> 0.15561404 | L82: 0.43413373 | M82: 0.74031334 | N82: 1
B83: GUINN | E83: 11.960274 | F83: 5.5 | I83: 13.111031 | J83: 5.5 | M83: 0.48693986 | N83: 1
B84: VITAMALT | E84: 5.4214697 | F84: 3.3 | I84: 5.263029 | J84: 3.3 | M84: 0.69194862 | N84: 1
B85: MAXIMALT | F85: 3.3 | J85: 3 | N85: 1
B86: MACKESON | E86: 7.3129862 | F86: =[21]May_2022!$M$43 -> 3.4878407 | I86: 8.9862703 | J86: 5.5 | M86: 0.59276316 | N86: 1
B87: STARMALT | D87: 2.3359073 | E87: 2.9805616 | F87: 3.3 | H87: 3.7114579 | I87: 4.4931175 | J87: 3.3 | L87: 1.7750877 | M87: 0.83077455 | N87: 1
B88: HURRICANE REEF | F88: 7.5 | J88: 7.5 | N88: 1
B89: HURRICANE REEF PILS | D89: 9.4974643 | E89: 7.2653645 | F89: 4.8 | H89: 10.18309 | I89: 8.1715311 | J89: 4.8 | L89: 0.68877193 | M89: 0.51368421 | N89: 1
D90: 5.3344943 | E90: 6.5498245 | F90: 5.5 | H90: 4.9451527 | I90: 6.7780309 | J90: 5.5 | L90: 0.81972431 | M90: 0.7038227 | N90: 1

Sheet July 11th  
S1: P.G. | U1: Hot Time | W1: Process Time | Y1: Cooling Time
B2: Brewing Department Daily Process Loss Report | S2: Lower | T2: Upper | U2: Lower | V2: Upper | W2: Lower | X2: Upper | Y2: Lower | Z2: Upper
R3: CARIB | S3: 11.6 | T3: 12 | U3: 0 | V3: 0.11805556 | W3: 0.22569444 | X3: 0.26388889 | Y3: 0 | Z3: 60 | AB3: HR- PISNER
B4: Date: | C4: 45852 | J4: LOT WORT COLOUR: 3.2 | M4: Filter Sheets (Target 20 days) | R4: STAG | S4: 11.6 | T4: 12 | U4: 0 | V4: 0.11805556 | W4: 0.22569444 | X4: 0.26388889 | Y4: 0 | Z4: 60
M5: Double | N5: Single | R5: GUINNESS | S5: 17 | T5: 17.5 | U5: 0 | V5: 0.10763889 | W5: 0.24652778 | X5: 0.28472222 | Y5: 0 | Z5: 60
J6: MALT LOT: Lot #14 | L6: Sheet Day | M6: 10 | N6: 10 | R6: MACKESON | S6: 13.3 | T6: 13.5 | U6: 0 | V6: 0.12905093 | W6: 0.27430556 | X6: 0.30208333 | Y6: 0
R7: STARMALT | S7: 17.1 | T7: 17.5 | U7: 0 | V7: 0.13605324 | W7: 0.27430556 | X7: 0.30902778 | Y7: 0 | Z7: 85
