Workbook
Name ProductList: [1]November15!$R$3:$R$9
Name ProductList: [2]November15!$R$3:$R$9

Sheet Dec 18th
T1: P.G. | V1: Hot Time | X1: Process Time | Z1: Cooling Time
B2: Brewing Department Daily Process Loss Report | T2: Lower | U2: Upper | V2: Lower | W2: Upper | X2: Lower | Y2: Upper | Z2: Lower | AA2: Upper
S3: CARIB | T3: 11.6 | U3: 12 | V3: 0 | W3: 0.11805556 | X3: 0.17361111 | Y3: 0.21180556 | Z3: 0 | AA3: 60 | AC3: HR- PISNER
B4: Date: | C4: 45278 | J4: LOT WORT COLOUR: 3.4 | M4: Filter Sheets (Target 20 days) | S4: STAG | T4: 11.6 | U4: 12 | V4: 0 | W4: 0.11805556 | X4: 0.17361111 | Y4: 0.21180556 | Z4: 0 | AA4: 60
M5: Double | N5: Single | S5: GUINNESS | T5: 17 | U5: 17.5 | V5: 0 | W5: 0.10763889 | X5: 0.19444444 | Y5: 0.23263889 | Z5: 0 | AA5: 60
J6: MALT LOT: Lot 8 | L6: Sheet Day | S6: MACKESON | T6: 13.3 | U6: 13.5 | V6: 0 | W6: 0.12905093 | X6: 0.22222222 | Y6: 0.25347222 | Z6: 0
S7: STARMALT | T7: 17.1 | U7: 17.5 | V7: 0 | W7: 0.13605324 | X7: 0.20833333 | Y7: 0.24305556 | Z7: 0 | AA7: 60
B8: Brand | C8: Brew no. | D8: Kett. Hls | E8: Wort | F8: Cool Time(Mins) | G8: Cast. P.G. (Lab Result) | H8: Cast P.G. (Cellar Operator)-gravity | I8: Extr. Rec (79.1%) | J8: Theor. Extr. (77.5%) | K8: Boil Off /Vol. (4-6%) | L8: Boil Time | M8: Total Hot | N8: Brewing | P8: Comments | Q8: Actual Pilsen Malt | S8: Hurricane Reef | T8: 16.6 | U8: 17 | V8: 0 | W8: 0.12905093 | X8: 0.22222222 | Y8: 0.25347222 | Z8: 0
E9: Meter (Hls) | F9: Target(< 60Mins) | M9: Time | S9: VITAMALT | T9: 14.4 | U9: 14.6 | V9: 0 | W9: 0.13905093 | X9: 0.19097222 | Y9: 0.22569444 | Z9: 0 | AA9: 75
S10: =B10 -> 0 | T10: =VLOOKUP($B10,$S$3:$Y$9,2,FALSE) -> #N/A | U10: =VLOOKUP($B10,$S$3:$Y$9,3,FALSE) -> #N/A | V10: =VLOOKUP($B10,$S$3:$Y$9,4,FALSE) -> #N/A | W10: =VLOOKUP($B10,$S$3:$Y$9,5,FALSE) -> #N/A | X10: =VLOOKUP($B10,$S$3:$Y$9,6,FALSE) -> #N/A | Y10: =VLOOKUP($B10,$S$3:$Y$9,7,FALSE) -> #N/A | Z10: =VLOOKUP($B10,$S$3:$AA$9,8,FALSE) -> #N/A | AA10: =VLOOKUP($B10,$S$3:$AA$9,9,FALSE) -> #N/A
S11: =B11 -> 0 | T11: =VLOOKUP($B11,$S$3:$Y$9,2,FALSE) -> #N/A | U11: =VLOOKUP($B11,$S$3:$Y$9,3,FALSE) -> #N/A | V11: =VLOOKUP($B11,$S$3:$Y$9,4,FALSE) -> #N/A | W11: =VLOOKUP($B11,$S$3:$Y$9,5,FALSE) -> #N/A | X11: =VLOOKUP($B11,$S$3:$Y$9,6,FALSE) -> #N/A | Y11: =VLOOKUP($B11,$S$3:$Y$9,7,FALSE) -> #N/A | Z11: =VLOOKUP($B11,$S$3:$AA$9,8,FALSE) -> #N/A | AA11: =VLOOKUP($B11,$S$3:$AA$9,9,FALSE) -> #N/A
S12: =B12 -> 0 | T12: =VLOOKUP($B12,$S$3:$Y$9,2,FALSE) -> #N/A | U12: =VLOOKUP($B12,$S$3:$Y$9,3,FALSE) -> #N/A | V12: =VLOOKUP($B12,$S$3:$Y$9,4,FALSE) -> #N/A | W12: =VLOOKUP($B12,$S$3:$Y$9,5,FALSE) -> #N/A | X12: =VLOOKUP($B12,$S$3:$Y$9,6,FALSE) -> #N/A | Y12: =VLOOKUP($B12,$S$3:$Y$9,7,FALSE) -> #N/A | Z12: =VLOOKUP($B12,$S$3:$AA$9,8,FALSE) -> #N/A | AA12: =VLOOKUP($B12,$S$3:$AA$9,9,FALSE) -> #N/A
S13: =B13 -> 0 | T13: =VLOOKUP($B13,$S$3:$Y$9,2,FALSE) -> #N/A | U13: =VLOOKUP($B13,$S$3:$Y$9,3,FALSE) -> #N/A | V13: =VLOOKUP($B13,$S$3:$Y$9,4,FALSE) -> #N/A | W13: =VLOOKUP($B13,$S$3:$Y$9,5,FALSE) -> #N/A | X13: =VLOOKUP($B13,$S$3:$Y$9,6,FALSE) -> #N/A | Y13: =VLOOKUP($B13,$S$3:$Y$9,7,FALSE) -> #N/A | Z13: =VLOOKUP($B13,$S$3:$AA$9,8,FALSE) -> #N/A | AA13: =VLOOKUP($B13,$S$3:$AA$9,9,FALSE) -> #N/A
S14: =B14 -> 0 | T14: =VLOOKUP($B14,$S$3:$Y$9,2,FALSE) -> #N/A | U14: =VLOOKUP($B14,$S$3:$Y$9,3,FALSE) -> #N/A | V14: =VLOOKUP($B14,$S$3:$Y$9,4,FALSE) -> #N/A | W14: =VLOOKUP($B14,$S$3:$Y$9,5,FALSE) -> #N/A | X14: =VLOOKUP($B14,$S$3:$Y$9,6,FALSE) -> #N/A | Y14: =VLOOKUP($B14,$S$3:$Y$9,7,FALSE) -> #N/A | Z14: =VLOOKUP($B14,$S$3:$AA$9,8,FALSE) -> #N/A | AA14: =VLOOKUP($B14,$S$3:$AA$9,9,FALSE) -> #N/A
S15: =B15 -> 0 | T15: =VLOOKUP($B15,$S$3:$Y$9,2,FALSE) -> #N/A | U15: =VLOOKUP($B15,$S$3:$Y$9,3,FALSE) -> #N/A | V15: =VLOOKUP($B15,$S$3:$Y$9,4,FALSE) -> #N/A | W15: =VLOOKUP($B15,$S$3:$Y$9,5,FALSE) -> #N/A | X15: =VLOOKUP($B15,$S$3:$Y$9,6,FALSE) -> #N/A | Y15: =VLOOKUP($B15,$S$3:$Y$9,7,FALSE) -> #N/A | Z15: =VLOOKUP($B15,$S$3:$AA$9,8,FALSE) -> #N/A | AA15: =VLOOKUP($B15,$S$3:$AA$9,9,FALSE) -> #N/A
S16: =B16 -> 0 | T16: =VLOOKUP($B16,$S$3:$Y$9,2,FALSE) -> #N/A | U16: =VLOOKUP($B16,$S$3:$Y$9,3,FALSE) -> #N/A | V16: =VLOOKUP($B16,$S$3:$Y$9,4,FALSE) -> #N/A | W16: =VLOOKUP($B16,$S$3:$Y$9,5,FALSE) -> #N/A | X16: =VLOOKUP($B16,$S$3:$Y$9,6,FALSE) -> #N/A | Y16: =VLOOKUP($B16,$S$3:$Y$9,7,FALSE) -> #N/A | Z16: =VLOOKUP($B16,$S$3:$AA$9,8,FALSE) -> #N/A | AA16: =VLOOKUP($B16,$S$3:$AA$9,9,FALSE) -> #N/A
S17: =B17 -> 0 | T17: =VLOOKUP($B17,$S$3:$Y$9,2,FALSE) -> #N/A | U17: =VLOOKUP($B17,$S$3:$Y$9,3,FALSE) -> #N/A | V17: =VLOOKUP($B17,$S$3:$Y$9,4,FALSE) -> #N/A | W17: =VLOOKUP($B17,$S$3:$Y$9,5,FALSE) -> #N/A | X17: =VLOOKUP($B17,$S$3:$Y$9,6,FALSE) -> #N/A | Y17: =VLOOKUP($B17,$S$3:$Y$9,7,FALSE) -> #N/A | Z17: =VLOOKUP($B17,$S$3:$AA$9,8,FALSE) -> #N/A | AA17: =VLOOKUP($B17,$S$3:$AA$9,9,FALSE) -> #N/A
S18: =B18 -> 0 | T18: =VLOOKUP($B18,$S$3:$Y$9,2,FALSE) -> #N/A | U18: =VLOOKUP($B18,$S$3:$Y$9,3,FALSE) -> #N/A | V18: =VLOOKUP($B18,$S$3:$Y$9,4,FALSE) -> #N/A | W18: =VLOOKUP($B18,$S$3:$Y$9,5,FALSE) -> #N/A | X18: =VLOOKUP($B18,$S$3:$Y$9,6,FALSE) -> #N/A | Y18: =VLOOKUP($B18,$S$3:$Y$9,7,FALSE) -> #N/A | Z18: =VLOOKUP($B18,$S$3:$AA$9,8,FALSE) -> #N/A | AA18: =VLOOKUP($B18,$S$3:$AA$9,9,FALSE) -> #N/A
S19: =B19 -> 0 | T19: =VLOOKUP($B19,$S$3:$Y$9,2,FALSE) -> #N/A | U19: =VLOOKUP($B19,$S$3:$Y$9,3,FALSE) -> #N/A | V19: =VLOOKUP($B19,$S$3:$Y$9,4,FALSE) -> #N/A | W19: =VLOOKUP($B19,$S$3:$Y$9,5,FALSE) -> #N/A | X19: =VLOOKUP($B19,$S$3:$Y$9,6,FALSE) -> #N/A | Y19: =VLOOKUP($B19,$S$3:$Y$9,7,FALSE) -> #N/A | Z19: =VLOOKUP($B19,$S$3:$AA$9,8,FALSE) -> #N/A | AA19: =VLOOKUP($B19,$S$3:$AA$9,9,FALSE) -> #N/A
S20: =B20 -> 0 | T20: =VLOOKUP($B20,$S$3:$Y$9,2,FALSE) -> #N/A | U20: =VLOOKUP($B20,$S$3:$Y$9,3,FALSE) -> #N/A | V20: =VLOOKUP($B20,$S$3:$Y$9,4,FALSE) -> #N/A | W20: =VLOOKUP($B20,$S$3:$Y$9,5,FALSE) -> #N/A | X20: =VLOOKUP($B20,$S$3:$Y$9,6,FALSE) -> #N/A | Y20: =VLOOKUP($B20,$S$3:$Y$9,7,FALSE) -> #N/A | Z20: =VLOOKUP($B20,$S$3:$AA$9,8,FALSE) -> #N/A | AA20: =VLOOKUP($B20,$S$3:$AA$9,9,FALSE) -> #N/A
S21: =B21 -> 0 | T21: =VLOOKUP($B21,$S$3:$Y$9,2,FALSE) -> #N/A | U21: =VLOOKUP($B21,$S$3:$Y$9,3,FALSE) -> #N/A | V21: =VLOOKUP($B21,$S$3:$Y$9,4,FALSE) -> #N/A | W21: =VLOOKUP($B21,$S$3:$Y$9,5,FALSE) -> #N/A | X21: =VLOOKUP($B21,$S$3:$Y$9,6,FALSE) -> #N/A | Y21: =VLOOKUP($B21,$S$3:$Y$9,7,FALSE) -> #N/A | Z21: =VLOOKUP($B21,$S$3:$AA$9,8,FALSE) -> #N/A | AA21: =VLOOKUP($B21,$S$3:$AA$9,9,FALSE) -> #N/A
... S47: =B47 -> 0 | T47: =VLOOKUP($B47,$S$3:$Y$9,2,FALSE) -> #N/A | U47: =VLOOKUP($B47,$S$3:$Y$9,3,FALSE) -> #N/A | V47: =VLOOKUP($B47,$S$3:$Y$9,4,FALSE) -> #N/A | W47: =VLOOKUP($B47,$S$3:$Y$9,5,FALSE) -> #N/A | X47: =VLOOKUP($B47,$S$3:$Y$9,6,FALSE) -> #N/A | Y47: =VLOOKUP($B47,$S$3:$Y$9,7,FALSE) -> #N/A | Z47: =VLOOKUP($B47,$S$3:$AA$9,8,FALSE) -> #N/A | AA47: =VLOOKUP($B47,$S$3:$AA$9,9,FALSE) -> #N/A
I48: EXTRACT RECOVERY
B49: BRAND | D49: BBT P.G./ O.G | I49: Brand | J49: Actual | K49: MTD No. of Brews | L49: MTD | M49: YTD | N49: Target
B50: STAG | C50: 11.8 | D50: 11.73 | I50: CARIB | K50: =COUNTA([3]Brewhouse!$A$1596:$A$1619) -> 24 | L50: =AVERAGE([3]Brewhouse!$AU$1529,[3]Brewhouse!$AU$1531:$AU$1594,[3]Brewhouse!$AU$1596:$AU$1619) -> 98.205761 | M50: =AVERAGE([3]Brewhouse!$AU$849:$AU$924,[3]Brewhouse!$AU$926:$AU$971,[3]Brewhouse!$AU$973:$AU$1066,[3]Brewhouse!$AU$1068:$AU$1111,[3]Brewhouse!$AU$1113:$AU$1132,[3]Brewhouse!$AU$1134:$AU$1167,[3]Brewhouse!$AU$1169:$AU$1230,[3]Brewhouse!$AU$1232:$AU$1299,[3]Brewhouse!$AU$1301:$AU$1363,[3]Brewhouse!$AU$1365:$AU$1444,[3]Brewhouse!$AU$1446:$AU$1527,[3]Brewhouse!$AU$1529,[3]Brewhouse!$AU$1531:$AU$1594,[3]Brewhouse!$AU$1596:$AU$1619) -> 98.381806 | N50: 98
C51: 11.9 | I51: STAG | K51: =COUNTA([4]Brewhouse!$A$976:$A$1007) -> 32 | L51: =AVERAGE([4]Brewhouse!$AS$976:$AS$979,[4]Brewhouse!$AS$981:$AS$1007) -> 98.538567 | M51: =AVERAGE([4]Brewhouse!$AS$577:$AS$618,[4]Brewhouse!$AS$620:$AS$651,[4]Brewhouse!$AS$653:$AS$696,[4]Brewhouse!$AS$698:$AS$708,[4]Brewhouse!$AS$710:$AS$733,[4]Brewhouse!$AS$735:$AS$777,[4]Brewhouse!$AS$779:$AS$822,[4]Brewhouse!$AS$824:$AS$863,[4]Brewhouse!$AS$865:$AS$974,[4]Brewhouse!$AS$976:$AS$979,[4]Brewhouse!$AS$981:$AS$1007) -> 98.489671 | N51: 98
I52: GUINNESS | K52: =COUNTA([5]Brewhouse!$A$282:$A$289) -> 8 | L52: =AVERAGE([5]Brewhouse!$AU$269:$AU$279,[5]Brewhouse!$AU$282:$AU$289) -> 96.186177 | M52: =AVERAGE([5]Brewhouse!$AU$161:$AU$176,[5]Brewhouse!$AU$178:$AU$195,[5]Brewhouse!$AU$197:$AU$208,[5]Brewhouse!$AU$210:$AU$221,[5]Brewhouse!$AU$223:$AU$232,[5]Brewhouse!$AU$234:$AU$279,[5]Brewhouse!$AU$282:$AU$289) -> 96.64916 | N52: 98
I53: VITAMALT | K53: =COUNTA([6]Brewhouse!$A$158:$A$163) -> 6 | L53: =AVERAGE([6]Brewhouse!$AU$158:$AU$163) -> 94.60305 | M53: =AVERAGE([6]Brewhouse!$AU$91:$AU$101,[6]Brewhouse!$AU$103:$AU$112,[6]Brewhouse!$AU$114:$AU$123,[6]Brewhouse!$AU$125:$AU$134,[6]Brewhouse!$AU$136:$AU$145,[6]Brewhouse!$AU$147:$AU$156,[6]Brewhouse!$AU$158:$AU$163) -> 96.240014 | N53: 98
I54: MAXIMALT | N54: 98
I55: MACKESON | M55: =AVERAGE([7]Brewhouse!$AT$74:$AT$79) -> 93.959836 | N55: 98
I56: STARMALT | K56: =COUNTA([8]Brewhouse!$A$249:$A$254) -> 6 | L56: =AVERAGE([8]Brewhouse!$AY$249:$AY$254) -> 99.681996 | M56: =AVERAGE([8]Brewhouse!$AY$138:$AY$143,[8]Brewhouse!$AY$145:$AY$153,[8]Brewhouse!$AY$155,[8]Brewhouse!$AY$156:$AY$174,[8]Brewhouse!$AY$176:$AY$185,[8]Brewhouse!$AY$187:$AY$198,[8]Brewhouse!$AY$200:$AY$247,[8]Brewhouse!$AY$249:$AY$254) -> 98.774703 | N56: 98
I57: HR- P | M57: =AVERAGE([9]Brewhouse!$AW$13:$AW$14,[9]Brewhouse!$AW$16:$AW$17) -> 92.042628 | N57: 98
I58: Hurricane Reef | M58: =AVERAGE([9]Brewhouse!$AW$13:$AW$14) -> 88.376943 | N58: 98
K59: =SUM(K50:K58) -> 76 | L59: =((L50*K50)+(L51*K51)+(L52*K52)+(L53*K53)+(L54*K54)+(K57*L57)+(L55*K55)+(L56*K56)+(L58*K58))/(K59) -> 97.965422 | M59: =AVERAGE('[10]Closing- January 2023'!$L$42,'[11]Feb. 28th'!$L$42,'[12]March 31st'!$L$75,'[13]Apri 28th'!$L$51,L59) -> 98.06926 | N59: 98
J62: Daily Brewing Plan
J63: Brand | K63: Brews Achieved | L63: Average Brews per day
J64: CARIB | L64: MTD | M64: YTD | N64: TARGET
J65: STAG | K65: 5 | L65: =AVERAGE(#REF!,#REF!,K74,#REF!,#REF!,#REF!,#REF!,#REF!,#REF!,#REF!,#REF!) -> #REF! | M65: =AVERAGE(6,6,'[12]March 31st'!$L$80,'[14]June 30th '!$L$71,6,L65,'[15]July 31st'!$L$108,'[16]Aug 30th'!$L$124,7,[17]Oct.31st!$L$51) -> #REF! | N65: 9
J66: GUINN
J67: VITAMALT
J68: STARMALT
J69: MACKESON
J70: HURRICANE REEF- IPA
J71: HURRICANE REEF- APA
B72: AVERAGE | D72: =AVERAGE(D50:E71) -> 11.73 | J72: HR- PILSNER
J73: CARIBE
J74: Total | K74: =SUM(K64:K73) -> 5
B75: Process: | C75: Fermentation/Filtration
B77: Brand | C77: Filt. Date | D77: FV Hls | E77: GFE/ Prim/ Vita Blend (Hls) | F77: SV Hls | G77: BBT Hls | H77: Loss (%) Ferm | I77: Loss (%) Filt | J77: Comments | K77: Throughput | L77: Process Loss (%) | M77: Filt. Operator
U78: 43466 | V78: 43467 | W78: 43468 | X78: 43469 | Y78: 43470 | Z78: 43471 | AA78: 43472 | AB78: 43473 | AC78: 43474 | AD78: 43475 | AE78: 43476 | AF78: 43477 | AG78: 43478 | AH78: 43479 | AI78: 43480 | AJ78: 43481 | AK78: 43482 | AL78: 43483 | AM78: 43484 | AN78: 43485 | AO78: 43486 | AP78: 43487 | AQ78: 43488 | AR78: 43489 | AS78: 43490 | AT78: 43491 | AU78: 43492 | AV78: 43493 | AW78: 43494 | AX78: 43495 | AY78: 43496
B79: STAG | C79: 45278 | D79: =[18]December_2023!$U$13 -> 150.4 | G79: =[18]December_2023!$U$17 -> 120.8 | J79: NO BREAK | K79: =[19]December_2023!$U$25 -> 0.42385965 | L79: =(((D79+E79)-G79)/(D79+E79))*100 -> 19.680851 | M79: K.Hosten | T79: hls
T80: Throughput | U80: =[20]January_2019!D8 -> #DIV/0! | V80: =[20]January_2019!E8 -> 1.0319298 | W80: =[20]January_2019!F8 -> 1.7789474 | X80: =[20]January_2019!G8 -> 0.51929825 | Y80: =[20]January_2019!H8 -> #DIV/0! | Z80: =[20]January_2019!I8 -> #DIV/0! | AA80: =[20]January_2019!J8 -> 1.3652632 | AB80: =[20]January_2019!K8 -> #DIV/0! | ... AY80: =[20]January_2019!AH8 -> #DIV/0!
B87: Process Loss (Volume) | G87: Process Loss (Extract) | K87: Throughput
B88: Brand | C88: Actual | D88: MTD | E88: YTD | F88: Target | G88: Actual | H88: MTD | I88: YTD | J88: Target | K88: Actual | L88: MTD | M88: YTD | N88: Target
B89: CARIB | D89: 5.181332 | E89: 6.6038503 | F89: 4.8 | H89: 5.2502762 | I89: 6.9665258 | J89: 4.8 | L89: 0.70807018 | M89: 0.77999467 | N89: 1
B90: STAG | C90: =AVERAGE(L79,L81) -> 19.680851 | D90: 6.5498915 | E90: 6.1662321 | F90: 4.8 | G90: =[18]December_2023!$U$21 -> 19.680851 | H90: 6.3458282 | I90: 5.9138834 | J90: 4.8 | K90: =AVERAGE(K79,K81) -> 0.42385965 | L90: 0.66137427 | M90: 0.71942944 | N90: 1
B91: GUINN | D91: 8.4423676 | E91: 8.9890455 | F91: 5.5 | H91: 5.9624998 | I91: 8.6652309 | J91: 5.5 | L91: 0.51561404 | M91: 0.65035608 | N91: 1
B92: VITAMALT | D92: 3.597848 | E92: 2.9936807 | F92: 3.3 | H92: 6.098202 | I92: 3.3134543 | J92: 3.3 | L92: 0.50298246 | M92: 1.0625518 | N92: 1
B93: MAXIMALT | F93: 3.3 | J93: 3 | N93: 1
B94: MACKESON | E94: 6.4174306 | F94: =[21]May_2022!$M$43 -> 3.4878407 | I94: 7.0730655 | J94: 5.5 | M94: 1.0342105 | N94: 1
B95: STARMALT | D95: 2.7692803 | E95: 3.0589058 | F95: 3.3 | H95: 4.2179953 | I95: 4.9470953 | J95: 3.3 | L95: 1.0594737 | M95: 1.0223839 | N95: 1
B96: HURRICANE REEF | E96: 11.178248 | F96: 7.5 | I96: 14.59851 | J96: 7.5 | M96: 0.30947368 | N96: 1
D97: 5.3927001 | E97: 6.2517133 | F97: 4.5 | H97: 5.4965257 | I97: 6.527958 | J97: 4.5 | L97: 0.69682018 | M97: 0.78265038 | N97: 1
AD110: :

Sheet June 2nd
S1: P.G. | U1: Hot Time | W1: Process Time | Y1: Cooling Time
B2: Brewing Department Daily Process Loss Report | S2: Lower | T2: Upper | U2: Lower | V2: Upper | W2: Lower | X2: Upper | Y2: Lower | Z2: Upper
R3: CARIB | S3: 11.6 | T3: 12 | U3: 0 | V3: 0.11805556 | W3: 0.22569444 | X3: 0.26388889 | Y3: 0 | Z3: 60 | AB3: HR- PISNER
B4: Date: | C4: 45811 | J4: LOT WORT COLOUR: 3.6 | M4: Filter Sheets (Target 20 days) | R4: STAG | S4: 11.6 | T4: 12 | U4: 0 | V4: 0.11805556 | W4: 0.22569444 | X4: 0.26388889 | Y4: 0 | Z4: 60
M5: Double | N5: Single | R5: GUINNESS | S5: 17 | T5: 17.5 | U5: 0 | V5: 0.10763889 | W5: 0.24652778 | X5: 0.28472222 | Y5: 0 | Z5: 60
J6: MALT LOT: Lot 37 | L6: Sheet Day | R6: MACKESON | S6: 13.3 | T6: 13.5 | U6: 0 | V6: 0.12905093 | W6: 0.27430556 | X6: 0.30208333 | Y6: 0
R7: STARMALT | S7: 17.1 | T7: 17.5 | U7: 0 | V7: 0.13605324 | W7: 0.27430556 | X7: 0.30902778 | Y7: 0 | Z7: 60
B8: Brand | C8: Brew no. | D8: Kett. Hls | E8: Wort | F8: Cool Time(Mins) | G8: Cast. P.G. (Lab Result) | H8: Cast P.G. (Cellar Operator)-gravity | I8: Extr. Rec (78.95%) | J8: Theor. Extr. (77.5%) | K8: Boil Off /Vol. (4-6%) | L8: Boil Time | M8: Total Hot | N8: Brewing | O8: Operator | R8: Hurricane Reef | S8: 16.6 | T8: 17 | U8: 0 | V8: 0.12905093 | W8: 0.27430556 | X8: 0.30208333 | Y8: 0
E9: Meter (Hls) | F9: Target(< 60Mins) | M9: Time | R9: VITAMALT | S9: 14.4 | T9: 14.6 | U9: 0 | V9: 0.13905093 | W9: 0.26041667 | X9: 0.29513889 | Y9: 0 | Z9: 75
R10: =B10 -> 0 | S10: =VLOOKUP($B10,$R$3:$X$9,2,FALSE) -> #N/A | T10: =VLOOKUP($B10,$R$3:$X$9,3,FALSE) -> #N/A | U10: =VLOOKUP($B10,$R$3:$X$9,4,FALSE) -> #N/A | V10: =VLOOKUP($B10,$R$3:$X$9,5,FALSE) -> #N/A | W10: =VLOOKUP($B10,$R$3:$X$9,6,FALSE) -> #N/A | X10: =VLOOKUP($B10,$R$3:$X$9,7,FALSE) -> #N/A | Y10: =VLOOKUP($B10,$R$3:$Z$9,8,FALSE) -> #N/A | Z10: =VLOOKUP($B10,$R$3:$Z$9,9,FALSE) -> #N/A
R11: =B11 -> 0 | S11: =VLOOKUP($B11,$R$3:$X$9,2,FALSE) -> #N/A | T11: =VLOOKUP($B11,$R$3:$X$9,3,FALSE) -> #N/A | U11: =VLOOKUP($B11,$R$3:$X$9,4,FALSE) -> #N/A | V11: =VLOOKUP($B11,$R$3:$X$9,5,FALSE) -> #N/A | W11: =VLOOKUP($B11,$R$3:$X$9,6,FALSE) -> #N/A | X11: =VLOOKUP($B11,$R$3:$X$9,7,FALSE) -> #N/A | Y11: =VLOOKUP($B11,$R$3:$Z$9,8,FALSE) -> #N/A | Z11: =VLOOKUP($B11,$R$3:$Z$9,9,FALSE) -> #N/A
R12: =B12 -> 0 | S12: =VLOOKUP($B12,$R$3:$X$9,2,FALSE) -> #N/A | T12: =VLOOKUP($B12,$R$3:$X$9,3,FALSE) -> #N/A | U12: =VLOOKUP($B12,$R$3:$X$9,4,FALSE) -> #N/A | V12: =VLOOKUP($B12,$R$3:$X$9,5,FALSE) -> #N/A | W12: =VLOOKUP($B12,$R$3:$X$9,6,FALSE) -> #N/A | X12: =VLOOKUP($B12,$R$3:$X$9,7,FALSE) -> #N/A | Y12: =VLOOKUP($B12,$R$3:$Z$9,8,FALSE) -> #N/A | Z12: =VLOOKUP($B12,$R$3:$Z$9,9,FALSE) -> #N/A
R13: =B13 -> 0 | S13: =VLOOKUP($B13,$R$3:$X$9,2,FALSE) -> #N/A | T13: =VLOOKUP($B13,$R$3:$X$9,3,FALSE) -> #N/A | U13: =VLOOKUP($B13,$R$3:$X$9,4,FALSE) -> #N/A | V13: =VLOOKUP($B13,$R$3:$X$9,5,FALSE) -> #N/A | W13: =VLOOKUP($B13,$R$3:$X$9,6,FALSE) -> #N/A | X13: =VLOOKUP($B13,$R$3:$X$9,7,FALSE) -> #N/A | Y13: =VLOOKUP($B13,$R$3:$Z$9,8,FALSE) -> #N/A | Z13: =VLOOKUP($B13,$R$3:$Z$9,9,FALSE) -> #N/A
R14: =B14 -> 0 | S14: =VLOOKUP($B14,$R$3:$X$9,2,FALSE) -> #N/A | T14: =VLOOKUP($B14,$R$3:$X$9,3,FALSE) -> #N/A | U14: =VLOOKUP($B14,$R$3:$X$9,4,FALSE) -> #N/A | V14: =VLOOKUP($B14,$R$3:$X$9,5,FALSE) -> #N/A | W14: =VLOOKUP($B14,$R$3:$X$9,6,FALSE) -> #N/A | X14: =VLOOKUP($B14,$R$3:$X$9,7,FALSE) -> #N/A | Y14: =VLOOKUP($B14,$R$3:$Z$9,8,FALSE) -> #N/A | Z14: =VLOOKUP($B14,$R$3:$Z$9,9,FALSE) -> #N/A
R15: =B15 -> 0 | S15: =VLOOKUP($B15,$R$3:$X$9,2,FALSE) -> #N/A | T15: =VLOOKUP($B15,$R$3:$X$9,3,FALSE) -> #N/A | U15: =VLOOKUP($B15,$R$3:$X$9,4,FALSE) -> #N/A | V15: =VLOOKUP($B15,$R$3:$X$9,5,FALSE) -> #N/A | W15: =VLOOKUP($B15,$R$3:$X$9,6,FALSE) -> #N/A | X15: =VLOOKUP($B15,$R$3:$X$9,7,FALSE) -> #N/A | Y15: =VLOOKUP($B15,$R$3:$Z$9,8,FALSE) -> #N/A | Z15: =VLOOKUP($B15,$R$3:$Z$9,9,FALSE) -> #N/A
R16: =B16 -> 0 | S16: =VLOOKUP($B16,$R$3:$X$9,2,FALSE) -> #N/A | T16: =VLOOKUP($B16,$R$3:$X$9,3,FALSE) -> #N/A | U16: =VLOOKUP($B16,$R$3:$X$9,4,FALSE) -> #N/A | V16: =VLOOKUP($B16,$R$3:$X$9,5,FALSE) -> #N/A | W16: =VLOOKUP($B16,$R$3:$X$9,6,FALSE) -> #N/A | X16: =VLOOKUP($B16,$R$3:$X$9,7,FALSE) -> #N/A | Y16: =VLOOKUP($B16,$R$3:$Z$9,8,FALSE) -> #N/A | Z16: =VLOOKUP($B16,$R$3:$Z$9,9,FALSE) -> #N/A
R17: =B17 -> 0 | S17: =VLOOKUP($B17,$R$3:$X$9,2,FALSE) -> #N/A | T17: =VLOOKUP($B17,$R$3:$X$9,3,FALSE) -> #N/A | U17: =VLOOKUP($B17,$R$3:$X$9,4,FALSE) -> #N/A | V17: =VLOOKUP($B17,$R$3:$X$9,5,FALSE) -> #N/A | W17: =VLOOKUP($B17,$R$3:$X$9,6,FALSE) -> #N/A | X17: =VLOOKUP($B17,$R$3:$X$9,7,FALSE) -> #N/A | Y17: =VLOOKUP($B17,$R$3:$Z$9,8,FALSE) -> #N/A | Z17: =VLOOKUP($B17,$R$3:$Z$9,9,FALSE) -> #N/A
B18: STARMALT | C18: =[22]Brewhouse!$A45 -> SM035 | D18: =[22]Brewhouse!$AH45 -> 52.1 | E18: =[22]Brewhouse!$AM45 -> 52 | F18: =[22]Brewhouse!$Z45 -> 93 | G18: =[22]Brewhouse!$AK45 -> 17.2 | H18: 17.3 | I18: =[22]Brewhouse!$AY45 -> 97.680079 | J18: =[22]Brewhouse!$AZ45 -> 98.765555 | K18: =[22]Brewhouse!$U45 -> 10.134357 | L18: =[22]Brewhouse!$T45 -> 60 | M18: =[22]Brewhouse!$Y45-[22]Brewhouse!$X45 -> 0.15416667 | N18: =[22]Brewhouse!$AD45 -> 0.29305556 | O18: =[22]Brewhouse!$BC45 -> R. Regis | R18: =B18 -> STARMALT | S18: =VLOOKUP($B18,$R$3:$X$9,2,FALSE) -> 17.1 | T18: =VLOOKUP($B18,$R$3:$X$9,3,FALSE) -> 17.5 | U18: =VLOOKUP($B18,$R$3:$X$9,4,FALSE) -> 0 | V18: =VLOOKUP($B18,$R$3:$X$9,5,FALSE) -> 0.13605324 | W18: =VLOOKUP($B18,$R$3:$X$9,6,FALSE) -> 0.27430556 | X18: =VLOOKUP($B18,$R$3:$X$9,7,FALSE) -> 0.30902778 | Y18: =VLOOKUP($B18,$R$3:$Z$9,8,FALSE) -> 0 | Z18: =VLOOKUP($B18,$R$3:$Z$9,9,FALSE) -> 60
B19: STARMALT | C19: =[22]Brewhouse!$A46 -> SM036 | D19: =[22]Brewhouse!$AH46 -> 0 | E19: =[22]Brewhouse!$AM46 -> 51.04 | F19: =[22]Brewhouse!$Z46 -> 90 | G19: =[22]Brewhouse!$AK46 -> 17.2 | H19: 17.2 | I19: =[22]Brewhouse!$AY46 -> 96.032534 | J19: =[22]Brewhouse!$AZ46 -> 97.097714 | K19: =[22]Brewhouse!$U46 -> #DIV/0! | L19: =[22]Brewhouse!$T46 -> 58 | M19: =[22]Brewhouse!$Y46-[22]Brewhouse!$X46 -> 0.14583333 | N19: =[22]Brewhouse!$AD46 -> 0.3 | O19: =[22]Brewhouse!$BC46 -> D. Gomaz | R19: =B19 -> STARMALT | S19: =VLOOKUP($B19,$R$3:$X$9,2,FALSE) -> 17.1 | T19: =VLOOKUP($B19,$R$3:$X$9,3,FALSE) -> 17.5 | U19: =VLOOKUP($B19,$R$3:$X$9,4,FALSE) -> 0 | V19: =VLOOKUP($B19,$R$3:$X$9,5,FALSE) -> 0.13605324 | W19: =VLOOKUP($B19,$R$3:$X$9,6,FALSE) -> 0.27430556 | X19: =VLOOKUP($B19,$R$3:$X$9,7,FALSE) -> 0.30902778 | Y19: =VLOOKUP($B19,$R$3:$Z$9,8,FALSE) -> 0 | Z19: =VLOOKUP($B19,$R$3:$Z$9,9,FALSE) -> 60
B20: STARMALT | C20: =[22]Brewhouse!$A47 -> SM037 | D20: =[22]Brewhouse!$AH47 -> 0 | E20: =[22]Brewhouse!$AM47 -> 51.26 | F20: =[22]Brewhouse!$Z47 -> 86 | G20: =[22]Brewhouse!$AK47 -> 17.2 | H20: 17.4 | I20: =[22]Brewhouse!$AY47 -> 96.368178 | J20: =[22]Brewhouse!$AZ47 -> 97.438079 | K20: =[22]Brewhouse!$U47 -> #DIV/0! | L20: =[22]Brewhouse!$T47 -> 60 | M20: =[22]Brewhouse!$Y47-[22]Brewhouse!$X47 -> 0.15208333 | N20: =[22]Brewhouse!$AD47 -> 0.3125 | O20: =[22]Brewhouse!$BC47 -> D. Gomaz | R20: =B20 -> STARMALT | S20: =VLOOKUP($B20,$R$3:$X$9,2,FALSE) -> 17.1 | T20: =VLOOKUP($B20,$R$3:$X$9,3,FALSE) -> 17.5 | U20: =VLOOKUP($B20,$R$3:$X$9,4,FALSE) -> 0 | V20: =VLOOKUP($B20,$R$3:$X$9,5,FALSE) -> 0.13605324 | W20: =VLOOKUP($B20,$R$3:$X$9,6,FALSE) -> 0.27430556 | X20: =VLOOKUP($B20,$R$3:$X$9,7,FALSE) -> 0.30902778 | Y20: =VLOOKUP($B20,$R$3:$Z$9,8,FALSE) -> 0 | Z20: =VLOOKUP($B20,$R$3:$Z$9,9,FALSE) -> 60
B21: STARMALT | C21: =[22]Brewhouse!$A48 -> SM038 | D21: =[22]Brewhouse!$AH48 -> 50.4 | E21: =[22]Brewhouse!$AM48 -> 50.5 | F21: =[22]Brewhouse!$Z48 -> 65 | G21: =[22]Brewhouse!$AK48 -> 17.4 | H21: 17.4 | I21: =[22]Brewhouse!$AY48 -> 96.127421 | J21: =[22]Brewhouse!$AZ48 -> 97.194649 | K21: =[22]Brewhouse!$U48 -> 6.9047619 | L21: =[22]Brewhouse!$T48 -> 62 | M21: =[22]Brewhouse!$Y48-[22]Brewhouse!$X48 -> 0.13819444 | N21: =[22]Brewhouse!$AD48 -> 0.67777778 | O21: =[22]Brewhouse!$BC48 -> R. Regis | R21: =B21 -> STARMALT | S21: =VLOOKUP($B21,$R$3:$X$9,2,FALSE) -> 17.1 | T21: =VLOOKUP($B21,$R$3:$X$9,3,FALSE) -> 17.5 | U21: =VLOOKUP($B21,$R$3:$X$9,4,FALSE) -> 0 | V21: =VLOOKUP($B21,$R$3:$X$9,5,FALSE) -> 0.13605324 | W21: =VLOOKUP($B21,$R$3:$X$9,6,FALSE) -> 0.27430556 | X21: =VLOOKUP($B21,$R$3:$X$9,7,FALSE) -> 0.30902778 | Y21: =VLOOKUP($B21,$R$3:$Z$9,8,FALSE) -> 0 | Z21: =VLOOKUP($B21,$R$3:$Z$9,9,FALSE) -> 60
R22: =B22 -> 0 | S22: =VLOOKUP($B22,$R$3:$X$9,2,FALSE) -> #N/A | T22: =VLOOKUP($B22,$R$3:$X$9,3,FALSE) -> #N/A | U22: =VLOOKUP($B22,$R$3:$X$9,4,FALSE) -> #N/A | V22: =VLOOKUP($B22,$R$3:$X$9,5,FALSE) -> #N/A | W22: =VLOOKUP($B22,$R$3:$X$9,6,FALSE) -> #N/A | X22: =VLOOKUP($B22,$R$3:$X$9,7,FALSE) -> #N/A | Y22: =VLOOKUP($B22,$R$3:$Z$9,8,FALSE) -> #N/A | Z22: =VLOOKUP($B22,$R$3:$Z$9,9,FALSE) -> #N/A
R23: =B23 -> 0 | S23: =VLOOKUP($B23,$R$3:$X$9,2,FALSE) -> #N/A | T23: =VLOOKUP($B23,$R$3:$X$9,3,FALSE) -> #N/A | U23: =VLOOKUP($B23,$R$3:$X$9,4,FALSE) -> #N/A | V23: =VLOOKUP($B23,$R$3:$X$9,5,FALSE) -> #N/A | W23: =VLOOKUP($B23,$R$3:$X$9,6,FALSE) -> #N/A | X23: =VLOOKUP($B23,$R$3:$X$9,7,FALSE) -> #N/A | Y23: =VLOOKUP($B23,$R$3:$Z$9,8,FALSE) -> #N/A | Z23: =VLOOKUP($B23,$R$3:$Z$9,9,FALSE) -> #N/A
R24: =B24 -> 0 | S24: =VLOOKUP($B24,$R$3:$X$9,2,FALSE) -> #N/A | T24: =VLOOKUP($B24,$R$3:$X$9,3,FALSE) -> #N/A | U24: =VLOOKUP($B24,$R$3:$X$9,4,FALSE) -> #N/A | V24: =VLOOKUP($B24,$R$3:$X$9,5,FALSE) -> #N/A | W24: =VLOOKUP($B24,$R$3:$X$9,6,FALSE) -> #N/A | X24: =VLOOKUP($B24,$R$3:$X$9,7,FALSE) -> #N/A | Y24: =VLOOKUP($B24,$R$3:$Z$9,8,FALSE) -> #N/A | Z24: =VLOOKUP($B24,$R$3:$Z$9,9,FALSE) -> #N/A
R25: =B25 -> 0 | S25: =VLOOKUP($B25,$R$3:$X$9,2,FALSE) -> #N/A | T25: =VLOOKUP($B25,$R$3:$X$9,3,FALSE) -> #N/A | U25: =VLOOKUP($B25,$R$3:$X$9,4,FALSE) -> #N/A | V25: =VLOOKUP($B25,$R$3:$X$9,5,FALSE) -> #N/A | W25: =VLOOKUP($B25,$R$3:$X$9,6,FALSE) -> #N/A | X25: =VLOOKUP($B25,$R$3:$X$9,7,FALSE) -> #N/A | Y25: =VLOOKUP($B25,$R$3:$Z$9,8,FALSE) -> #N/A | Z25: =VLOOKUP($B25,$R$3:$Z$9,9,FALSE) -> #N/A
R26: =B26 -> 0 | S26: =VLOOKUP($B26,$R$3:$X$9,2,FALSE) -> #N/A | T26: =VLOOKUP($B26,$R$3:$X$9,3,FALSE) -> #N/A | U26: =VLOOKUP($B26,$R$3:$X$9,4,FALSE) -> #N/A | V26: =VLOOKUP($B26,$R$3:$X$9,5,FALSE) -> #N/A | W26: =VLOOKUP($B26,$R$3:$X$9,6,FALSE) -> #N/A | X26: =VLOOKUP($B26,$R$3:$X$9,7,FALSE) -> #N/A | Y26: =VLOOKUP($B26,$R$3:$Z$9,8,FALSE) -> #N/A | Z26: =VLOOKUP($B26,$R$3:$Z$9,9,FALSE) -> #N/A
R27: =B27 -> 0 | S27: =VLOOKUP($B27,$R$3:$X$9,2,FALSE) -> #N/A | T27: =VLOOKUP($B27,$R$3:$X$9,3,FALSE) -> #N/A | U27: =VLOOKUP($B27,$R$3:$X$9,4,FALSE) -> #N/A | V27: =VLOOKUP($B27,$R$3:$X$9,5,FALSE) -> #N/A | W27: =VLOOKUP($B27,$R$3:$X$9,6,FALSE) -> #N/A | X27: =VLOOKUP($B27,$R$3:$X$9,7,FALSE) -> #N/A | Y27: =VLOOKUP($B27,$R$3:$Z$9,8,FALSE) -> #N/A | Z27: =VLOOKUP($B27,$R$3:$Z$9,9,FALSE) -> #N/A
R28: =B28 -> 0 | S28: =VLOOKUP($B28,$R$3:$X$9,2,FALSE) -> #N/A | T28: =VLOOKUP($B28,$R$3:$X$9,3,FALSE) -> #N/A | U28: =VLOOKUP($B28,$R$3:$X$9,4,FALSE) -> #N/A | V28: =VLOOKUP($B28,$R$3:$X$9,5,FALSE) -> #N/A | W28: =VLOOKUP($B28,$R$3:$X$9,6,FALSE) -> #N/A | X28: =VLOOKUP($B28,$R$3:$X$9,7,FALSE) -> #N/A | Y28: =VLOOKUP($B28,$R$3:$Z$9,8,FALSE) -> #N/A | Z28: =VLOOKUP($B28,$R$3:$Z$9,9,FALSE) -> #N/A
R29: =B29 -> 0 | S29: =VLOOKUP($B29,$R$3:$X$9,2,FALSE) -> #N/A | T29: =VLOOKUP($B29,$R$3:$X$9,3,FALSE) -> #N/A | U29: =VLOOKUP($B29,$R$3:$X$9,4,FALSE) -> #N/A | V29: =VLOOKUP($B29,$R$3:$X$9,5,FALSE) -> #N/A | W29: =VLOOKUP($B29,$R$3:$X$9,6,FALSE) -> #N/A | X29: =VLOOKUP($B29,$R$3:$X$9,7,FALSE) -> #N/A | Y29: =VLOOKUP($B29,$R$3:$Z$9,8,FALSE) -> #N/A | Z29: =VLOOKUP($B29,$R$3:$Z$9,9,FALSE) -> #N/A
R30: =B30 -> 0 | S30: =VLOOKUP($B30,$R$3:$X$9,2,FALSE) -> #N/A | T30: =VLOOKUP($B30,$R$3:$X$9,3,FALSE) -> #N/A | U30: =VLOOKUP($B30,$R$3:$X$9,4,FALSE) -> #N/A | V30: =VLOOKUP($B30,$R$3:$X$9,5,FALSE) -> #N/A | W30: =VLOOKUP($B30,$R$3:$X$9,6,FALSE) -> #N/A | X30: =VLOOKUP($B30,$R$3:$X$9,7,FALSE) -> #N/A | Y30: =VLOOKUP($B30,$R$3:$Z$9,8,FALSE) -> #N/A | Z30: =VLOOKUP($B30,$R$3:$Z$9,9,FALSE) -> #N/A
I31: EXTRACT RECOVERY | R31: =B31 -> 0 | S31: =VLOOKUP($B31,$R$3:$X$9,2,FALSE) -> #N/A | T31: =VLOOKUP($B31,$R$3:$X$9,3,FALSE) -> #N/A | U31: =VLOOKUP($B31,$R$3:$X$9,4,FALSE) -> #N/A | V31: =VLOOKUP($B31,$R$3:$X$9,5,FALSE) -> #N/A | W31: =VLOOKUP($B31,$R$3:$X$9,6,FALSE) -> #N/A | X31: =VLOOKUP($B31,$R$3:$X$9,7,FALSE) -> #N/A | Y31: =VLOOKUP($B31,$R$3:$Z$9,8,FALSE) -> #N/A | Z31: =VLOOKUP($B31,$R$3:$Z$9,9,FALSE) -> #N/A
B32: BRAND | D32: BBT P.G./ O.G | I32: Brand | J32: Actual | K32: MTD No. of Brews | L32: MTD | M32: YTD | N32: Target | R32: =B32 -> BRAND | S32: =VLOOKUP($B32,$R$3:$X$9,2,FALSE) -> #N/A | T32: =VLOOKUP($B32,$R$3:$X$9,3,FALSE) -> #N/A | U32: =VLOOKUP($B32,$R$3:$X$9,4,FALSE) -> #N/A | V32: =VLOOKUP($B32,$R$3:$X$9,5,FALSE) -> #N/A | W32: =VLOOKUP($B32,$R$3:$X$9,6,FALSE) -> #N/A | X32: =VLOOKUP($B32,$R$3:$X$9,7,FALSE) -> #N/A | Y32: =VLOOKUP($B32,$R$3:$Z$9,8,FALSE) -> #N/A | Z32: =VLOOKUP($B32,$R$3:$Z$9,9,FALSE) -> #N/A
B33: =I36 -> VITAMALT | C33: =[23]Process!D41 -> 14.3 | D33: 16.54 | I33: CARIB | M33: =AVERAGE([24]Brewhouse!$AU$102:$AU$171,[24]Brewhouse!$AU$173:$AU$253,[24]Brewhouse!$AU$255:$AU$339,[24]Brewhouse!$AU$341:$AU$346,[24]Brewhouse!$AU$348,[24]Brewhouse!$AU$349:$AU$406,[24]Brewhouse!$AU$408:$AU$491) -> 97.660574 | N33: 98
C34: =[23]Process!D42 -> 14.4 | I34: STAG | M34: =AVERAGE([25]Brewhouse!$AS$15:$AS$64,[25]Brewhouse!$AS$66:$AS$103,[25]Brewhouse!$AS$105:$AS$140,[25]Brewhouse!$AS$142:$AS$193,[25]Brewhouse!$AS$195:$AS$240) -> 97.875553 | N34: 98
I35: GUINNESS | M35: =AVERAGE([26]Brewhouse!$AU$4:$AU$7,[26]Brewhouse!$AU$9:$AU$22,[26]Brewhouse!$AU$24:$AU$35,[26]Brewhouse!$AU$37:$AU$45,[26]Brewhouse!$AU$47:$AU$62) -> 97.179377 | N35: 98
I36: VITAMALT | M36: =AVERAGE([23]Brewhouse!$AV$5:$AV$14,[23]Brewhouse!$AV$16:$AV$19,[23]Brewhouse!$AV$21:$AV$24,[23]Brewhouse!$AV$26:$AV$33,[23]Brewhouse!$AV$35:$AV$46) -> 99.005314 | N36: 98
I37: MAXIMALT | N37: 98
I38: MACKESON | M38: =AVERAGE([27]Brewhouse!$AT$4:$AT$11,[27]Brewhouse!$AT$13:$AT$16) -> 94.677026 | N38: 98
I39: STARMALT | J39: =AVERAGE(I18:I21) -> 96.552053 | K39: =COUNTA([22]Brewhouse!$A$45:$A$48) -> 4 | L39: =AVERAGE([22]Brewhouse!$AY$45:$AY$48) -> 96.552053 | M39: =AVERAGE([22]Brewhouse!$AY$6:$AY$13,[22]Brewhouse!$AY$15:$AY$20,[22]Brewhouse!$AY$22:$AY$29,[22]Brewhouse!$AY$31:$AY$34,[22]Brewhouse!$AY$36:$AY$43,[22]Brewhouse!$AY$45:$AY$48) -> 96.657363 | N39: 98
I40: HR- Pils | M40: =AVERAGE([28]Brewhouse!$AU$5:$AU$8) -> 91.006888 | N40: 98
B41: =I34 -> STAG | C41: =[25]Process!D203 -> 11.79 | D41: 11.93 | I41: HR- IPA | N41: 98
C42: =[25]Process!D204 -> 11.91 | I42: HR- APA | N42: 98
C43: =[25]Process!D205 -> 11.9 | D43: 12.09 | K43: =SUM(K33:K42) -> 4 | L43: =((L33*K33)+(L34*K34)+(L35*K35)+(L36*K36)+(L37*K37)+(K40*L40)+(L38*K38)+(L39*K39)+(L42*K42))/(K43) -> 96.552053 | M43: =AVERAGE('[29]Jan 31st'!$L$65,'[30]Feb 28th'!$L$35,'[31]Mar. 31st'!$L$35,'[32]Apr. 30th'!$L$45,'[33]May 30th'!$L$37,L43) -> 97.455218 | N43: 98
C44: =[25]Process!D206 -> 11.9
C45: =[25]Process!D207 -> 12.27 | D45: 11.6 | J45: Daily Brewing Plan
C46: =[25]Process!D208 -> 11.92 | J46: Brand | K46: Brews Achieved | L46: Average Brews per day
C47: =[25]Process!D209 -> 11.84 | D47: 11.74 | J47: CARIB | L47: MTD | M47: YTD | N47: TARGET
C48: =[25]Process!D210 -> 11.8 | J48: STAG | L48: =K57 -> 4 | M48: =AVERAGE('[29]Jan 29th '!$M$70,'[30]Feb 28th'!$L$40,'[31]Mar. 31st'!$L$40,'[32]Apr. 30th'!$L$50,'[33]May 30th'!$L$42,L48) -> 6.2011069 | N48: 9.2
C49: =[25]Process!D212 -> 11.64 | D49: 12.18 | J49: GUINN
C50: =[25]Process!D213 -> 11.7 | J50: VITAMALT
C51: =[25]Process!D214 -> 11.84 | D51: 11.84 | J51: STARMALT | K51: 4
C52: =[25]Process!D215 -> 12 | J52: MACKESON
C53: =[25]Process!D216 -> 11.68 | D53: 11.71 | J53: HURRICANE REEF- IPA
C54: =[25]Process!D217 -> 11.76 | J54: HURRICANE REEF- APA
B55: AVERAGE | D55: =AVERAGE(D33:E54) -> 12.45375 | J55: HR- PILSNER
J56: CARIBE
J57: Total | K57: =SUM(K47:K56) -> 4
B58: Process: | C58: Fermentation/Filtration
B60: Brand | C60: Filt. Date | D60: FV Hls | E60: GFE/ Prim/ Vita Blend (Hls) | F60: SV Hls | G60: BBT Hls | H60: Loss (%) Ferm | I60: Loss (%) Filt | J60: Comments | K60: Throughput | L60: Process Loss (%) | M60: Filt. Operator
AB61: 43474 | AC61: 43475 | AD61: 43476 | AE61: 43477 | AF61: 43478 | AG61: 43479 | AH61: 43480 | AI61: 43481 | AJ61: 43482 | AK61: 43483 | AL61: 43484 | AM61: 43485 | AN61: 43486 | AO61: 43487 | AP61: 43488 | AQ61: 43489 | AR61: 43490 | AS61: 43491 | AT61: 43492 | AU61: 43493 | AV61: 43494 | AW61: 43495 | AX61: 43496
B62: =B72 -> VITAMALT | C62: 45810 | D62: =[34]June_2025!$E$65 -> 95.4 | E62: =[35]VITAMALT!$J$12 -> 4.1 | F62: =D62 -> 95.4 | G62: =[34]June_2025!$E$70 -> 95.8 | H62: =(D62-F62)/D62*100 -> 0 | I62: =((F62+E62)-G62)/(F62+E62)*100 -> 3.718593 | J62: NO SBF | K62: =[36]June_2025!$E$60 -> 0.33614035 | L62: =(((D62+E62)-G62)/(D62+E62))*100 -> 3.718593 | M62: T. Charles
B64: =B70 -> STAG | C64: 45810 | D64: =[34]June_2025!$E$13 -> 615.1 | G64: =[34]June_2025!$E$17 -> 578.7 | J64: 2 SBF- Water Added | K64: =[36]June_2025!$E$25 -> 0.67684211 | L64: =(((D64+E64)-G64)/(D64+E64))*100 -> 5.917737 | M64: K. Hosten | AB64: =[20]January_2019!L7 -> 0 | AC64: =[20]January_2019!M7 -> 0 | AD64: =[20]January_2019!N7 -> 0 | AE64: =[20]January_2019!O7 -> 0 | AF64: =[20]January_2019!P7 -> 0 | AG64: =[20]January_2019!Q7 -> 0 | AH64: =[20]January_2019!R7 -> 0 | AI64: =[20]January_2019!S7 -> 0 | ... AX64: =[20]January_2019!AH7 -> 0
B67: Process Loss (Volume) | G67: Process Loss (Extract) | K67: Throughput
B68: Brand | C68: Actual | D68: MTD | E68: YTD | F68: Target | G68: Actual | H68: MTD | I68: YTD | J68: Target | K68: Actual | L68: MTD | M68: YTD | N68: Target
B69: CARIB | D69: #DIV/0! | E69: 6.6706827 | F69: 4.8 | H69: #DIV/0! | I69: 6.7579298 | J69: 4.8 | M69: 0.76050865 | N69: 1
B70: STAG | C70: =L64 -> 5.917737 | D70: 5.0753699 | E70: 6.2556466 | F70: 4.8 | G70: =[34]June_2025!$E$21 -> 5.8418029 | H70: 4.998756 | I70: 6.2071014 | J70: 4.8 | K70: =K64 -> 0.67684211 | L70: 0.80280702 | M70: 0.75323692 | N70: 1
B71: GUINN | E71: 11.904403 | F71: 5.5 | I71: 13.276233 | J71: 5.5 | M71: 0.54554654 | N71: 1
B72: VITAMALT | C72: =L62 -> 3.718593 | D72: 3.718593 | E72: 4.2675954 | F72: 3.3 | G72: =[34]June_2025!$E$74 -> 3.5401444 | H72: 3.5401444 | I72: 4.1118287 | J72: 3.3 | K72: =K62 -> 0.33614035 | L72: 0.33614035 | M72: 0.78836257 | N72: 1
B73: MAXIMALT | F73: 3.3 | J73: 3 | N73: 1
B74: MACKESON | E74: 7.8262258 | F74: =[21]May_2022!$M$43 -> 3.4878407 | I74: 9.4300679 | J74: 5.5 | M74: 0.67497076 | N74: 1
B75: STARMALT | E75: 2.6202626 | F75: 3.3 | I75: 4.4622285 | J75: 3.3 | M75: 0.83594855 | N75: 1
B76: HURRICANE REEF | F76: 7.5 | J76: 7.5 | N76: 1
B77: HURRICANE REEF PILS | E77: 4.8792509 | F77: 4.8 | I77: 6.2003724 | J77: 4.8 | M77: 0.33859649 | N77: 1
D78: 4.911257 | E78: 6.6218792 | F78: 5.5 | H78: 4.7608621 | I78: 7.005868 | J78: 5.5 | L78: 0.56947368 | M78: 0.72896668 | N78: 1

Sheet June 3rd
S1: P.G. | U1: Hot Time | W1: Process Time | Y1: Cooling Time
B2: Brewing Department Daily Process Loss Report | S2: Lower | T2: Upper | U2: Lower | V2: Upper | W2: Lower | X2: Upper | Y2: Lower | Z2: Upper
R3: CARIB | S3: 11.6 | T3: 12 | U3: 0 | V3: 0.11805556 | W3: 0.22569444 | X3: 0.26388889 | Y3: 0 | Z3: 60 | AB3: HR- PISNER
B4: Date: | C4: 45812 | J4: LOT WORT COLOUR: 3.6 | M4: Filter Sheets (Target 20 days) | R4: STAG | S4: 11.6 | T4: 12 | U4: 0 | V4: 0.11805556 | W4: 0.22569444 | X4: 0.26388889 | Y4: 0 | Z4: 60
M5: Double | N5: Single | R5: GUINNESS | S5: 17 | T5: 17.5 | U5: 0 | V5: 0.10763889 | W5: 0.24652778 | X5: 0.28472222 | Y5: 0 | Z5: 60
J6: MALT LOT: Lot 37 | L6: Sheet Day | R6: MACKESON | S6: 13.3 | T6: 13.5 | U6: 0 | V6: 0.12905093 | W6: 0.27430556 | X6: 0.30208333 | Y6: 0
R7: STARMALT | S7: 17.1 | T7: 17.5 | U7: 0 | V7: 0.13605324 | W7: 0.27430556 | X7: 0.30902778 | Y7: 0 | Z7: 60
B8: Brand | C8: Brew no. | D8: Kett. Hls | E8: Wort | F8: Cool Time(Mins) | G8: Cast. P.G. (Lab Result) | H8: Cast P.G. (Cellar Operator)-gravity | I8: Extr. Rec (78.95%) | J8: Theor. Extr. (77.5%) | K8: Boil Off /Vol. (4-6%) | L8: Boil Time | M8: Total Hot | N8: Brewing | O8: Operator | R8: Hurricane Reef | S8: 16.6 | T8: 17 | U8: 0 | V8: 0.12905093 | W8: 0.27430556 | X8: 0.30208333 | Y8: 0
E9: Meter (Hls) | F9: Target(< 60Mins) | M9: Time | R9: VITAMALT | S9: 14.4 | T9: 14.6 | U9: 0 | V9: 0.13905093 | W9: 0.26041667 | X9: 0.29513889 | Y9: 0 | Z9: 75
R10: =B10 -> 0 | S10: =VLOOKUP($B10,$R$3:$X$9,2,FALSE) -> #N/A | T10: =VLOOKUP($B10,$R$3:$X$9,3,FALSE) -> #N/A | U10: =VLOOKUP($B10,$R$3:$X$9,4,FALSE) -> #N/A | V10: =VLOOKUP($B10,$R$3:$X$9,5,FALSE) -> #N/A | W10: =VLOOKUP($B10,$R$3:$X$9,6,FALSE) -> #N/A | X10: =VLOOKUP($B10,$R$3:$X$9,7,FALSE) -> #N/A | Y10: =VLOOKUP($B10,$R$3:$Z$9,8,FALSE) -> #N/A | Z10: =VLOOKUP($B10,$R$3:$Z$9,9,FALSE) -> #N/A
R11: =B11 -> 0 | S11: =VLOOKUP($B11,$R$3:$X$9,2,FALSE) -> #N/A | T11: =VLOOKUP($B11,$R$3:$X$9,3,FALSE) -> #N/A | U11: =VLOOKUP($B11,$R$3:$X$9,4,FALSE) -> #N/A | V11: =VLOOKUP($B11,$R$3:$X$9,5,FALSE) -> #N/A | W11: =VLOOKUP($B11,$R$3:$X$9,6,FALSE) -> #N/A | X11: =VLOOKUP($B11,$R$3:$X$9,7,FALSE) -> #N/A | Y11: =VLOOKUP($B11,$R$3:$Z$9,8,FALSE) -> #N/A | Z11: =VLOOKUP($B11,$R$3:$Z$9,9,FALSE) -> #N/A
R12: =B12 -> 0 | S12: =VLOOKUP($B12,$R$3:$X$9,2,FALSE) -> #N/A | T12: =VLOOKUP($B12,$R$3:$X$9,3,FALSE) -> #N/A | U12: =VLOOKUP($B12,$R$3:$X$9,4,FALSE) -> #N/A | V12: =VLOOKUP($B12,$R$3:$X$9,5,FALSE) -> #N/A | W12: =VLOOKUP($B12,$R$3:$X$9,6,FALSE) -> #N/A | X12: =VLOOKUP($B12,$R$3:$X$9,7,FALSE) -> #N/A | Y12: =VLOOKUP($B12,$R$3:$Z$9,8,FALSE) -> #N/A | Z12: =VLOOKUP($B12,$R$3:$Z$9,9,FALSE) -> #N/A
R13: =B13 -> 0 | S13: =VLOOKUP($B13,$R$3:$X$9,2,FALSE) -> #N/A | T13: =VLOOKUP($B13,$R$3:$X$9,3,FALSE) -> #N/A | U13: =VLOOKUP($B13,$R$3:$X$9,4,FALSE) -> #N/A | V13: =VLOOKUP($B13,$R$3:$X$9,5,FALSE) -> #N/A | W13: =VLOOKUP($B13,$R$3:$X$9,6,FALSE) -> #N/A | X13: =VLOOKUP($B13,$R$3:$X$9,7,FALSE) -> #N/A | Y13: =VLOOKUP($B13,$R$3:$Z$9,8,FALSE) -> #N/A | Z13: =VLOOKUP($B13,$R$3:$Z$9,9,FALSE) -> #N/A
R14: =B14 -> 0 | S14: =VLOOKUP($B14,$R$3:$X$9,2,FALSE) -> #N/A | T14: =VLOOKUP($B14,$R$3:$X$9,3,FALSE) -> #N/A | U14: =VLOOKUP($B14,$R$3:$X$9,4,FALSE) -> #N/A | V14: =VLOOKUP($B14,$R$3:$X$9,5,FALSE) -> #N/A | W14: =VLOOKUP($B14,$R$3:$X$9,6,FALSE) -> #N/A | X14: =VLOOKUP($B14,$R$3:$X$9,7,FALSE) -> #N/A | Y14: =VLOOKUP($B14,$R$3:$Z$9,8,FALSE) -> #N/A | Z14: =VLOOKUP($B14,$R$3:$Z$9,9,FALSE) -> #N/A
R15: =B15 -> 0 | S15: =VLOOKUP($B15,$R$3:$X$9,2,FALSE) -> #N/A | T15: =VLOOKUP($B15,$R$3:$X$9,3,FALSE) -> #N/A | U15: =VLOOKUP($B15,$R$3:$X$9,4,FALSE) -> #N/A | V15: =VLOOKUP($B15,$R$3:$X$9,5,FALSE) -> #N/A | W15: =VLOOKUP($B15,$R$3:$X$9,6,FALSE) -> #N/A | X15: =VLOOKUP($B15,$R$3:$X$9,7,FALSE) -> #N/A | Y15: =VLOOKUP($B15,$R$3:$Z$9,8,FALSE) -> #N/A | Z15: =VLOOKUP($B15,$R$3:$Z$9,9,FALSE) -> #N/A
R16: =B16 -> 0 | S16: =VLOOKUP($B16,$R$3:$X$9,2,FALSE) -> #N/A | T16: =VLOOKUP($B16,$R$3:$X$9,3,FALSE) -> #N/A | U16: =VLOOKUP($B16,$R$3:$X$9,4,FALSE) -> #N/A | V16: =VLOOKUP($B16,$R$3:$X$9,5,FALSE) -> #N/A | W16: =VLOOKUP($B16,$R$3:$X$9,6,FALSE) -> #N/A | X16: =VLOOKUP($B16,$R$3:$X$9,7,FALSE) -> #N/A | Y16: =VLOOKUP($B16,$R$3:$Z$9,8,FALSE) -> #N/A | Z16: =VLOOKUP($B16,$R$3:$Z$9,9,FALSE) -> #N/A
R17: =B17 -> 0 | S17: =VLOOKUP($B17,$R$3:$X$9,2,FALSE) -> #N/A | T17: =VLOOKUP($B17,$R$3:$X$9,3,FALSE) -> #N/A | U17: =VLOOKUP($B17,$R$3:$X$9,4,FALSE) -> #N/A | V17: =VLOOKUP($B17,$R$3:$X$9,5,FALSE) -> #N/A | W17: =VLOOKUP($B17,$R$3:$X$9,6,FALSE) -> #N/A | X17: =VLOOKUP($B17,$R$3:$X$9,7,FALSE) -> #N/A | Y17: =VLOOKUP($B17,$R$3:$Z$9,8,FALSE) -> #N/A | Z17: =VLOOKUP($B17,$R$3:$Z$9,9,FALSE) -> #N/A
R18: =B18 -> 0 | S18: =VLOOKUP($B18,$R$3:$X$9,2,FALSE) -> #N/A | T18: =VLOOKUP($B18,$R$3:$X$9,3,FALSE) -> #N/A | U18: =VLOOKUP($B18,$R$3:$X$9,4,FALSE) -> #N/A | V18: =VLOOKUP($B18,$R$3:$X$9,5,FALSE) -> #N/A | W18: =VLOOKUP($B18,$R$3:$X$9,6,FALSE) -> #N/A | X18: =VLOOKUP($B18,$R$3:$X$9,7,FALSE) -> #N/A | Y18: =VLOOKUP($B18,$R$3:$Z$9,8,FALSE) -> #N/A | Z18: =VLOOKUP($B18,$R$3:$Z$9,9,FALSE) -> #N/A
R19: =B19 -> 0 | S19: =VLOOKUP($B19,$R$3:$X$9,2,FALSE) -> #N/A | T19: =VLOOKUP($B19,$R$3:$X$9,3,FALSE) -> #N/A | U19: =VLOOKUP($B19,$R$3:$X$9,4,FALSE) -> #N/A | V19: =VLOOKUP($B19,$R$3:$X$9,5,FALSE) -> #N/A | W19: =VLOOKUP($B19,$R$3:$X$9,6,FALSE) -> #N/A | X19: =VLOOKUP($B19,$R$3:$X$9,7,FALSE) -> #N/A | Y19: =VLOOKUP($B19,$R$3:$Z$9,8,FALSE) -> #N/A | Z19: =VLOOKUP($B19,$R$3:$Z$9,9,FALSE) -> #N/A
R20: =B20 -> 0 | S20: =VLOOKUP($B20,$R$3:$X$9,2,FALSE) -> #N/A | T20: =VLOOKUP($B20,$R$3:$X$9,3,FALSE) -> #N/A | U20: =VLOOKUP($B20,$R$3:$X$9,4,FALSE) -> #N/A | V20: =VLOOKUP($B20,$R$3:$X$9,5,FALSE) -> #N/A | W20: =VLOOKUP($B20,$R$3:$X$9,6,FALSE) -> #N/A | X20: =VLOOKUP($B20,$R$3:$X$9,7,FALSE) -> #N/A | Y20: =VLOOKUP($B20,$R$3:$Z$9,8,FALSE) -> #N/A | Z20: =VLOOKUP($B20,$R$3:$Z$9,9,FALSE) -> #N/A
R21: =B21 -> 0 | S21: =VLOOKUP($B21,$R$3:$X$9,2,FALSE) -> #N/A | T21: =VLOOKUP($B21,$R$3:$X$9,3,FALSE) -> #N/A | U21: =VLOOKUP($B21,$R$3:$X$9,4,FALSE) -> #N/A | V21: =VLOOKUP($B21,$R$3:$X$9,5,FALSE) -> #N/A | W21: =VLOOKUP($B21,$R$3:$X$9,6,FALSE) -> #N/A | X21: =VLOOKUP($B21,$R$3:$X$9,7,FALSE) -> #N/A | Y21: =VLOOKUP($B21,$R$3:$Z$9,8,FALSE) -> #N/A | Z21: =VLOOKUP($B21,$R$3:$Z$9,9,FALSE) -> #N/A
B22: STARMALT | C22: =[22]Brewhouse!$A49 -> SM039 | D22: =[22]Brewhouse!$AH49 -> 51.1 | E22: =[22]Brewhouse!$AM49 -> 50.5 | F22: =[22]Brewhouse!$Z49 -> 87 | G22: =[22]Brewhouse!$AK49 -> 17.4 | I22: =[22]Brewhouse!$AY49 -> 94.281558 | J22: =[22]Brewhouse!$AZ49 -> 95.352952 | K22: =[22]Brewhouse!$U49 -> 5.8317025 | L22: =[22]Brewhouse!$T49 -> 61 | M22: =[22]Brewhouse!$Y49-[22]Brewhouse!$X49 -> 0.14027778 | N22: =[22]Brewhouse!$AD49 -> 0.30069444 | O22: =[22]Brewhouse!$BC49 -> D. Gomaz | R22: =B22 -> STARMALT | S22: =VLOOKUP($B22,$R$3:$X$9,2,FALSE) -> 17.1 | T22: =VLOOKUP($B22,$R$3:$X$9,3,FALSE) -> 17.5 | U22: =VLOOKUP($B22,$R$3:$X$9,4,FALSE) -> 0 | V22: =VLOOKUP($B22,$R$3:$X$9,5,FALSE) -> 0.13605324 | W22: =VLOOKUP($B22,$R$3:$X$9,6,FALSE) -> 0.27430556 | X22: =VLOOKUP($B22,$R$3:$X$9,7,FALSE) -> 0.30902778 | Y22: =VLOOKUP($B22,$R$3:$Z$9,8,FALSE) -> 0 | Z22: =VLOOKUP($B22,$R$3:$Z$9,9,FALSE) -> 60
B23: STARMALT | C23: =[22]Brewhouse!$A50 -> SM040 | D23: =[22]Brewhouse!$AH50 -> 52 | E23: =[22]Brewhouse!$AM50 -> 53 | F23: =[22]Brewhouse!$Z50 -> 73 | G23: =[22]Brewhouse!$AK50 -> 16.9 | I23: =[22]Brewhouse!$AY50 -> 97.243639 | J23: =[22]Brewhouse!$AZ50 -> 98.330261 | K23: =[22]Brewhouse!$U50 -> 5.7307692 | L23: =[22]Brewhouse!$T50 -> 62 | M23: =[22]Brewhouse!$Y50-[22]Brewhouse!$X50 -> 0.15069444 | N23: =[22]Brewhouse!$AD50 -> 0.30208333 | O23: =[22]Brewhouse!$BC50 -> D. Gomaz | R23: =B23 -> STARMALT | S23: =VLOOKUP($B23,$R$3:$X$9,2,FALSE) -> 17.1 | T23: =VLOOKUP($B23,$R$3:$X$9,3,FALSE) -> 17.5 | U23: =VLOOKUP($B23,$R$3:$X$9,4,FALSE) -> 0 | V23: =VLOOKUP($B23,$R$3:$X$9,5,FALSE) -> 0.13605324 | W23: =VLOOKUP($B23,$R$3:$X$9,6,FALSE) -> 0.27430556 | X23: =VLOOKUP($B23,$R$3:$X$9,7,FALSE) -> 0.30902778 | Y23: =VLOOKUP($B23,$R$3:$Z$9,8,FALSE) -> 0 | Z23: =VLOOKUP($B23,$R$3:$Z$9,9,FALSE) -> 60
R24: =B24 -> 0 | S24: =VLOOKUP($B24,$R$3:$X$9,2,FALSE) -> #N/A | T24: =VLOOKUP($B24,$R$3:$X$9,3,FALSE) -> #N/A | U24: =VLOOKUP($B24,$R$3:$X$9,4,FALSE) -> #N/A | V24: =VLOOKUP($B24,$R$3:$X$9,5,FALSE) -> #N/A | W24: =VLOOKUP($B24,$R$3:$X$9,6,FALSE) -> #N/A | X24: =VLOOKUP($B24,$R$3:$X$9,7,FALSE) -> #N/A | Y24: =VLOOKUP($B24,$R$3:$Z$9,8,FALSE) -> #N/A | Z24: =VLOOKUP($B24,$R$3:$Z$9,9,FALSE) -> #N/A
B25: CARIB | C25: =[24]Brewhouse!$A493 -> CA387 | D25: =[24]Brewhouse!$AF493 -> 52.6 | E25: =[24]Brewhouse!$AI493 -> 49.4 | F25: =[24]Brewhouse!$V493 -> 53 | G25: =[24]Brewhouse!$AG493 -> 11.8 | H25: 11.8 | I25: =[24]Brewhouse!$AU493 -> 94.26441 | J25: =[24]Brewhouse!$AV493 -> 96.343234 | K25: =[24]Brewhouse!$Q493 -> 53.2 | L25: =[24]Brewhouse!$P493 -> 62 | M25: =[24]Brewhouse!$U493-[24]Brewhouse!$T493 -> 0.10277778 | N25: =[24]Brewhouse!$Z493 -> 0.23472222 | O25: =[24]Brewhouse!$AX493 -> K.Benjamin | R25: =B25 -> CARIB | S25: =VLOOKUP($B25,$R$3:$X$9,2,FALSE) -> 11.6 | T25: =VLOOKUP($B25,$R$3:$X$9,3,FALSE) -> 12 | U25: =VLOOKUP($B25,$R$3:$X$9,4,FALSE) -> 0 | V25: =VLOOKUP($B25,$R$3:$X$9,5,FALSE) -> 0.11805556 | W25: =VLOOKUP($B25,$R$3:$X$9,6,FALSE) -> 0.22569444 | X25: =VLOOKUP($B25,$R$3:$X$9,7,FALSE) -> 0.26388889 | Y25: =VLOOKUP($B25,$R$3:$Z$9,8,FALSE) -> 0 | Z25: =VLOOKUP($B25,$R$3:$Z$9,9,FALSE) -> 60
B26: CARIB | C26: =[24]Brewhouse!$A494 -> CA388 | D26: =[24]Brewhouse!$AF494 -> 50.3 | E26: =[24]Brewhouse!$AI494 -> 49.2 | F26: =[24]Brewhouse!$V494 -> 50 | G26: =[24]Brewhouse!$AG494 -> 11.9 | H26: 11.8 | I26: =[24]Brewhouse!$AU494 -> 98.399061 | J26: =[24]Brewhouse!$AV494 -> 100.65837 | K26: =[24]Brewhouse!$Q494 -> 10.827338 | L26: =[24]Brewhouse!$P494 -> 61 | M26: =[24]Brewhouse!$U494-[24]Brewhouse!$T494 -> 0.10625 | N26: =[24]Brewhouse!$Z494 -> 0.23402778 | O26: =[24]Brewhouse!$AX494 -> K.Benjamin | R26: =B26 -> CARIB | S26: =VLOOKUP($B26,$R$3:$X$9,2,FALSE) -> 11.6 | T26: =VLOOKUP($B26,$R$3:$X$9,3,FALSE) -> 12 | U26: =VLOOKUP($B26,$R$3:$X$9,4,FALSE) -> 0 | V26: =VLOOKUP($B26,$R$3:$X$9,5,FALSE) -> 0.11805556 | W26: =VLOOKUP($B26,$R$3:$X$9,6,FALSE) -> 0.22569444 | X26: =VLOOKUP($B26,$R$3:$X$9,7,FALSE) -> 0.26388889 | Y26: =VLOOKUP($B26,$R$3:$Z$9,8,FALSE) -> 0 | Z26: =VLOOKUP($B26,$R$3:$Z$9,9,FALSE) -> 60
B27: CARIB | C27: =[24]Brewhouse!$A495 -> CA389 | D27: =[24]Brewhouse!$AF495 -> 51.2 | E27: =[24]Brewhouse!$AI495 -> 50.2 | F27: =[24]Brewhouse!$V495 -> 51 | G27: =[24]Brewhouse!$AG495 -> 11.7 | H27: 11.7 | I27: =[24]Brewhouse!$AU495 -> 94.297173 | J27: =[24]Brewhouse!$AV495 -> 96.466625 | K27: =[24]Brewhouse!$Q495 -> 9.8571429 | L27: =[24]Brewhouse!$P495 -> 58 | M27: =[24]Brewhouse!$U495-[24]Brewhouse!$T495 -> 0.11875 | N27: =[24]Brewhouse!$Z495 -> 0.24444444 | O27: =[24]Brewhouse!$AX495 -> K.Benjamin | R27: =B27 -> CARIB | S27: =VLOOKUP($B27,$R$3:$X$9,2,FALSE) -> 11.6 | T27: =VLOOKUP($B27,$R$3:$X$9,3,FALSE) -> 12 | U27: =VLOOKUP($B27,$R$3:$X$9,4,FALSE) -> 0 | V27: =VLOOKUP($B27,$R$3:$X$9,5,FALSE) -> 0.11805556 | W27: =VLOOKUP($B27,$R$3:$X$9,6,FALSE) -> 0.22569444 | X27: =VLOOKUP($B27,$R$3:$X$9,7,FALSE) -> 0.26388889 | Y27: =VLOOKUP($B27,$R$3:$Z$9,8,FALSE) -> 0 | Z27: =VLOOKUP($B27,$R$3:$Z$9,9,FALSE) -> 60
B28: CARIB | C28: =[24]Brewhouse!$A496 -> CA390 | D28: =[24]Brewhouse!$AF496 -> 64.3 | E28: =[24]Brewhouse!$AI496 -> 61.3 | F28: =[24]Brewhouse!$V496 -> 64 | G28: =[24]Brewhouse!$AG496 -> 12 | H28: 11.9 | I28: =[24]Brewhouse!$AU496 -> 119.86187 | J28: =[24]Brewhouse!$AV496 -> 122.61785 | K28: =[24]Brewhouse!$Q496 -> 6.118068 | L28: =[24]Brewhouse!$P496 -> 61 | M28: =[24]Brewhouse!$U496-[24]Brewhouse!$T496 -> 0.12430556 | N28: =[24]Brewhouse!$Z496 -> 0.27638889 | O28: =[24]Brewhouse!$AX496 -> R. Regis | R28: =B28 -> CARIB | S28: =VLOOKUP($B28,$R$3:$X$9,2,FALSE) -> 11.6 | T28: =VLOOKUP($B28,$R$3:$X$9,3,FALSE) -> 12 | U28: =VLOOKUP($B28,$R$3:$X$9,4,FALSE) -> 0 | V28: =VLOOKUP($B28,$R$3:$X$9,5,FALSE) -> 0.11805556 | W28: =VLOOKUP($B28,$R$3:$X$9,6,FALSE) -> 0.22569444 | X28: =VLOOKUP($B28,$R$3:$X$9,7,FALSE) -> 0.26388889 | Y28: =VLOOKUP($B28,$R$3:$Z$9,8,FALSE) -> 0 | Z28: =VLOOKUP($B28,$R$3:$Z$9,9,FALSE) -> 60
B29: CARIB | C29: =[24]Brewhouse!$A497 -> CA391 | D29: =[24]Brewhouse!$AF497 -> 53.5 | E29: =[24]Brewhouse!$AI497 -> 49 | F29: =[24]Brewhouse!$V497 -> 58 | G29: =[24]Brewhouse!$AG497 -> 11.8 | H29: 11.8 | I29: =[24]Brewhouse!$AU497 -> 92.795634 | J29: =[24]Brewhouse!$AV497 -> 95.446221 | K29: =[24]Brewhouse!$Q497 -> 4.9009009 | L29: =[24]Brewhouse!$P497 -> 60 | M29: =[24]Brewhouse!$U497-[24]Brewhouse!$T497 -> 0.11111111 | N29: =[24]Brewhouse!$Z497 -> 0.25347222 | O29: =[24]Brewhouse!$AX497 -> R. Regis | R29: =B29 -> CARIB | S29: =VLOOKUP($B29,$R$3:$X$9,2,FALSE) -> 11.6 | T29: =VLOOKUP($B29,$R$3:$X$9,3,FALSE) -> 12 | U29: =VLOOKUP($B29,$R$3:$X$9,4,FALSE) -> 0 | V29: =VLOOKUP($B29,$R$3:$X$9,5,FALSE) -> 0.11805556 | W29: =VLOOKUP($B29,$R$3:$X$9,6,FALSE) -> 0.22569444 | X29: =VLOOKUP($B29,$R$3:$X$9,7,FALSE) -> 0.26388889 | Y29: =VLOOKUP($B29,$R$3:$Z$9,8,FALSE) -> 0 | Z29: =VLOOKUP($B29,$R$3:$Z$9,9,FALSE) -> 60
R30: =B30 -> 0 | S30: =VLOOKUP($B30,$R$3:$X$9,2,FALSE) -> #N/A | T30: =VLOOKUP($B30,$R$3:$X$9,3,FALSE) -> #N/A | U30: =VLOOKUP($B30,$R$3:$X$9,4,FALSE) -> #N/A | V30: =VLOOKUP($B30,$R$3:$X$9,5,FALSE) -> #N/A | W30: =VLOOKUP($B30,$R$3:$X$9,6,FALSE) -> #N/A | X30: =VLOOKUP($B30,$R$3:$X$9,7,FALSE) -> #N/A | Y30: =VLOOKUP($B30,$R$3:$Z$9,8,FALSE) -> #N/A | Z30: =VLOOKUP($B30,$R$3:$Z$9,9,FALSE) -> #N/A
R31: =B31 -> 0 | S31: =VLOOKUP($B31,$R$3:$X$9,2,FALSE) -> #N/A | T31: =VLOOKUP($B31,$R$3:$X$9,3,FALSE) -> #N/A | U31: =VLOOKUP($B31,$R$3:$X$9,4,FALSE) -> #N/A | V31: =VLOOKUP($B31,$R$3:$X$9,5,FALSE) -> #N/A | W31: =VLOOKUP($B31,$R$3:$X$9,6,FALSE) -> #N/A | X31: =VLOOKUP($B31,$R$3:$X$9,7,FALSE) -> #N/A | Y31: =VLOOKUP($B31,$R$3:$Z$9,8,FALSE) -> #N/A | Z31: =VLOOKUP($B31,$R$3:$Z$9,9,FALSE) -> #N/A
R32: =B32 -> 0 | S32: =VLOOKUP($B32,$R$3:$X$9,2,FALSE) -> #N/A | T32: =VLOOKUP($B32,$R$3:$X$9,3,FALSE) -> #N/A | U32: =VLOOKUP($B32,$R$3:$X$9,4,FALSE) -> #N/A | V32: =VLOOKUP($B32,$R$3:$X$9,5,FALSE) -> #N/A | W32: =VLOOKUP($B32,$R$3:$X$9,6,FALSE) -> #N/A | X32: =VLOOKUP($B32,$R$3:$X$9,7,FALSE) -> #N/A | Y32: =VLOOKUP($B32,$R$3:$Z$9,8,FALSE) -> #N/A | Z32: =VLOOKUP($B32,$R$3:$Z$9,9,FALSE) -> #N/A
R33: =B33 -> 0 | S33: =VLOOKUP($B33,$R$3:$X$9,2,FALSE) -> #N/A | T33: =VLOOKUP($B33,$R$3:$X$9,3,FALSE) -> #N/A | U33: =VLOOKUP($B33,$R$3:$X$9,4,FALSE) -> #N/A | V33: =VLOOKUP($B33,$R$3:$X$9,5,FALSE) -> #N/A | W33: =VLOOKUP($B33,$R$3:$X$9,6,FALSE) -> #N/A | X33: =VLOOKUP($B33,$R$3:$X$9,7,FALSE) -> #N/A | Y33: =VLOOKUP($B33,$R$3:$Z$9,8,FALSE) -> #N/A | Z33: =VLOOKUP($B33,$R$3:$Z$9,9,FALSE) -> #N/A
R34: =B34 -> 0 | S34: =VLOOKUP($B34,$R$3:$X$9,2,FALSE) -> #N/A | T34: =VLOOKUP($B34,$R$3:$X$9,3,FALSE) -> #N/A | U34: =VLOOKUP($B34,$R$3:$X$9,4,FALSE) -> #N/A | V34: =VLOOKUP($B34,$R$3:$X$9,5,FALSE) -> #N/A | W34: =VLOOKUP($B34,$R$3:$X$9,6,FALSE) -> #N/A | X34: =VLOOKUP($B34,$R$3:$X$9,7,FALSE) -> #N/A | Y34: =VLOOKUP($B34,$R$3:$Z$9,8,FALSE) -> #N/A | Z34: =VLOOKUP($B34,$R$3:$Z$9,9,FALSE) -> #N/A
R35: =B35 -> 0 | S35: =VLOOKUP($B35,$R$3:$X$9,2,FALSE) -> #N/A | T35: =VLOOKUP($B35,$R$3:$X$9,3,FALSE) -> #N/A | U35: =VLOOKUP($B35,$R$3:$X$9,4,FALSE) -> #N/A | V35: =VLOOKUP($B35,$R$3:$X$9,5,FALSE) -> #N/A | W35: =VLOOKUP($B35,$R$3:$X$9,6,FALSE) -> #N/A | X35: =VLOOKUP($B35,$R$3:$X$9,7,FALSE) -> #N/A | Y35: =VLOOKUP($B35,$R$3:$Z$9,8,FALSE) -> #N/A | Z35: =VLOOKUP($B35,$R$3:$Z$9,9,FALSE) -> #N/A
R36: =B36 -> 0 | S36: =VLOOKUP($B36,$R$3:$X$9,2,FALSE) -> #N/A | T36: =VLOOKUP($B36,$R$3:$X$9,3,FALSE) -> #N/A | U36: =VLOOKUP($B36,$R$3:$X$9,4,FALSE) -> #N/A | V36: =VLOOKUP($B36,$R$3:$X$9,5,FALSE) -> #N/A | W36: =VLOOKUP($B36,$R$3:$X$9,6,FALSE) -> #N/A | X36: =VLOOKUP($B36,$R$3:$X$9,7,FALSE) -> #N/A | Y36: =VLOOKUP($B36,$R$3:$Z$9,8,FALSE) -> #N/A | Z36: =VLOOKUP($B36,$R$3:$Z$9,9,FALSE) -> #N/A
I37: EXTRACT RECOVERY | R37: =B37 -> 0 | S37: =VLOOKUP($B37,$R$3:$X$9,2,FALSE) -> #N/A | T37: =VLOOKUP($B37,$R$3:$X$9,3,FALSE) -> #N/A | U37: =VLOOKUP($B37,$R$3:$X$9,4,FALSE) -> #N/A | V37: =VLOOKUP($B37,$R$3:$X$9,5,FALSE) -> #N/A | W37: =VLOOKUP($B37,$R$3:$X$9,6,FALSE) -> #N/A | X37: =VLOOKUP($B37,$R$3:$X$9,7,FALSE) -> #N/A | Y37: =VLOOKUP($B37,$R$3:$Z$9,8,FALSE) -> #N/A | Z37: =VLOOKUP($B37,$R$3:$Z$9,9,FALSE) -> #N/A
B38: BRAND | D38: BBT P.G./ O.G | I38: Brand | J38: Actual | K38: MTD No. of Brews | L38: MTD | M38: YTD | N38: Target | R38: =B38 -> BRAND | S38: =VLOOKUP($B38,$R$3:$X$9,2,FALSE) -> #N/A | T38: =VLOOKUP($B38,$R$3:$X$9,3,FALSE) -> #N/A | U38: =VLOOKUP($B38,$R$3:$X$9,4,FALSE) -> #N/A | V38: =VLOOKUP($B38,$R$3:$X$9,5,FALSE) -> #N/A | W38: =VLOOKUP($B38,$R$3:$X$9,6,FALSE) -> #N/A | X38: =VLOOKUP($B38,$R$3:$X$9,7,FALSE) -> #N/A | Y38: =VLOOKUP($B38,$R$3:$Z$9,8,FALSE) -> #N/A | Z38: =VLOOKUP($B38,$R$3:$Z$9,9,FALSE) -> #N/A
B39: =I40 -> STAG | C39: =[25]Process!$D$211 -> 12.07 | D39: 11.82 | I39: CARIB | J39: =AVERAGE(I25:I29) -> 99.92363 | K39: =COUNTA([24]Brewhouse!$A$493:$A$497) -> 5 | L39: =AVERAGE([24]Brewhouse!$AU$493:$AU$497) -> 99.92363 | M39: =AVERAGE([24]Brewhouse!$AU$102:$AU$171,[24]Brewhouse!$AU$173:$AU$253,[24]Brewhouse!$AU$255:$AU$339,[24]Brewhouse!$AU$341:$AU$346,[24]Brewhouse!$AU$348,[24]Brewhouse!$AU$349:$AU$406,[24]Brewhouse!$AU$408:$AU$491,[24]Brewhouse!$AU$493:$AU$497) -> 97.689588 | N39: 98
C40: =[25]Process!D218 -> 11.63 | I40: STAG | M40: =AVERAGE([25]Brewhouse!$AS$15:$AS$64,[25]Brewhouse!$AS$66:$AS$103,[25]Brewhouse!$AS$105:$AS$140,[25]Brewhouse!$AS$142:$AS$193,[25]Brewhouse!$AS$195:$AS$240) -> 97.875553 | N40: 98
C41: =[25]Process!D219 -> 11.6 | D41: 11.71 | I41: GUINNESS | M41: =AVERAGE([26]Brewhouse!$AU$4:$AU$7,[26]Brewhouse!$AU$9:$AU$22,[26]Brewhouse!$AU$24:$AU$35,[26]Brewhouse!$AU$37:$AU$45,[26]Brewhouse!$AU$47:$AU$62) -> 97.179377 | N41: 98
C42: =[25]Process!$D$228 -> 11.4 | I42: VITAMALT | M42: =AVERAGE([23]Brewhouse!$AV$5:$AV$14,[23]Brewhouse!$AV$16:$AV$19,[23]Brewhouse!$AV$21:$AV$24,[23]Brewhouse!$AV$26:$AV$33,[23]Brewhouse!$AV$35:$AV$46) -> 99.005314 | N42: 98
D43: 11.88 | I43: MAXIMALT | N43: 98
I44: MACKESON | M44: =AVERAGE([27]Brewhouse!$AT$4:$AT$11,[27]Brewhouse!$AT$13:$AT$16) -> 94.677026 | N44: 98
D45: 11.82 | I45: STARMALT | J45: =AVERAGE(I22:I23) -> 95.762599 | K45: =COUNTA([22]Brewhouse!$A$45:$A$50) -> 6 | L45: =AVERAGE([22]Brewhouse!$AY$45:$AY$50) -> 96.288901 | M45: =AVERAGE([22]Brewhouse!$AY$6:$AY$13,[22]Brewhouse!$AY$15:$AY$20,[22]Brewhouse!$AY$22:$AY$29,[22]Brewhouse!$AY$31:$AY$34,[22]Brewhouse!$AY$36:$AY$43,[22]Brewhouse!$AY$45:$AY$50) -> 96.612625 | N45: 98
I46: HR- Pils | M46: =AVERAGE([28]Brewhouse!$AU$5:$AU$8) -> 91.006888 | N46: 98
I47: HR- IPA | N47: 98
I48: HR- APA | N48: 98
K49: =SUM(K39:K48) -> 11 | L49: =((L39*K39)+(L40*K40)+(L41*K41)+(L42*K42)+(L43*K43)+(K46*L46)+(L44*K44)+(L45*K45)+(L48*K48))/(K49) -> 97.941051 | M49: =AVERAGE('[29]Jan 31st'!$L$65,'[30]Feb 28th'!$L$35,'[31]Mar. 31st'!$L$35,'[32]Apr. 30th'!$L$45,'[33]May 30th'!$L$37,L49) -> 97.686717 | N49: 98
J51: Daily Brewing Plan
J52: Brand | K52: Brews Achieved | L52: Average Brews per day
J53: CARIB | K53: 5 | L53: MTD | M53: YTD | N53: TARGET
J54: STAG | L54: =AVERAGE('June 2nd'!K57,'June 3rd'!K63) -> 5.5 | M54: =AVERAGE('[29]Jan 29th '!$M$70,'[30]Feb 28th'!$L$40,'[31]Mar. 31st'!$L$40,'[32]Apr. 30th'!$L$50,'[33]May 30th'!$L$42,L54) -> 6.4511069 | N54: 9.2
J55: GUINN
J56: VITAMALT
J57: STARMALT | K57: 2
J58: MACKESON
J59: HURRICANE REEF- IPA
J60: HURRICANE REEF- APA
B61: AVERAGE | D61: =AVERAGE(D39:E60) -> 11.8075 | J61: HR- PILSNER
J62: CARIBE
J63: Total | K63: =SUM(K53:K62) -> 7
B64: Process: | C64: Fermentation/Filtration
B66: Brand | C66: Filt. Date | D66: FV Hls | E66: GFE/ Prim/ Vita Blend (Hls) | F66: SV Hls | G66: BBT Hls | H66: Loss (%) Ferm | I66: Loss (%) Filt | J66: Comments | K66: Throughput | L66: Process Loss (%) | M66: Filt. Operator
AB67: 43474 | AC67: 43475 | AD67: 43476 | AE67: 43477 | AF67: 43478 | AG67: 43479 | AH67: 43480 | AI67: 43481 | AJ67: 43482 | AK67: 43483 | AL67: 43484 | AM67: 43485 | AN67: 43486 | AO67: 43487 | AP67: 43488 | AQ67: 43489 | AR67: 43490 | AS67: 43491 | AT67: 43492 | AU67: 43493 | AV67: 43494 | AW67: 43495 | AX67: 43496
B68: =B76 -> STAG | C68: 45810 | D68: =[34]June_2025!$F$13 -> 320.5 | G68: =[34]June_2025!$F$17 -> 306.9 | J68: 2 SBF- Water Added | K68: =[36]June_2025!$F$25 -> 0.35894737 | L68: =(((D68+E68)-G68)/(D68+E68))*100 -> 4.2433697 | M68: D. Emery
L70: =(((D70+E70)-G70)/(D70+E70))*100 -> #DIV/0! | AB70: =[20]January_2019!L7 -> 0 | AC70: =[20]January_2019!M7 -> 0 | AD70: =[20]January_2019!N7 -> 0 | AE70: =[20]January_2019!O7 -> 0 | AF70: =[20]January_2019!P7 -> 0 | AG70: =[20]January_2019!Q7 -> 0 | AH70: =[20]January_2019!R7 -> 0 | AI70: =[20]January_2019!S7 -> 0 | ... AX70: =[20]January_2019!AH7 -> 0
B73: Process Loss (Volume) | G73: Process Loss (Extract) | K73: Throughput
B74: Brand | C74: Actual | D74: MTD | E74: YTD | F74: Target | G74: Actual | H74: MTD | I74: YTD | J74: Target | K74: Actual | L74: MTD | M74: YTD | N74: Target
B75: CARIB | D75: #DIV/0! | E75: 6.6706827 | F75: 4.8 | H75: #DIV/0! | I75: 6.7579298 | J75: 4.8 | M75: 0.76050865 | N75: 1
B76: STAG | C76: =L68 -> 4.2433697 | D76: 5.0753699 | E76: 6.2556466 | F76: 4.8 | G76: =[34]June_2025!$F$21 -> 3.2238479 | H76: 4.998756 | I76: 6.2071014 | J76: 4.8 | K76: =K68 -> 0.35894737 | L76: 0.80280702 | M76: 0.75323692 | N76: 1
B77: GUINN | E77: 11.904403 | F77: 5.5 | I77: 13.276233 | J77: 5.5 | M77: 0.54554654 | N77: 1
B78: VITAMALT | D78: 3.718593 | E78: 4.2675954 | F78: 3.3 | H78: 3.5401444 | I78: 4.1118287 | J78: 3.3 | L78: 0.33614035 | M78: 0.78836257 | N78: 1
B79: MAXIMALT | F79: 3.3 | J79: 3 | N79: 1
B80: MACKESON | E80: 7.8262258 | F80: =[21]May_2022!$M$43 -> 3.4878407 | I80: 9.4300679 | J80: 5.5 | M80: 0.67497076 | N80: 1
B81: STARMALT | E81: 2.6202626 | F81: 3.3 | I81: 4.4622285 | J81: 3.3 | M81: 0.83594855 | N81: 1
B82: HURRICANE REEF | F82: 7.5 | J82: 7.5 | N82: 1
B83: HURRICANE REEF PILS | E83: 4.8792509 | F83: 4.8 | I83: 6.2003724 | J83: 4.8 | M83: 0.33859649 | N83: 1
D84: 4.911257 | E84: 6.6218792 | F84: 5.5 | H84: 4.7608621 | I84: 7.005868 | J84: 5.5 | L84: 0.56947368 | M84: 0.72896668 | N84: 1

Sheet June 4th
S1: P.G. | U1: Hot Time | W1: Process Time | Y1: Cooling Time
B2: Brewing Department Daily Process Loss Report | S2: Lower | T2: Upper | U2: Lower | V2: Upper | W2: Lower | X2: Upper | Y2: Lower | Z2: Upper
R3: CARIB | S3: 11.6 | T3: 12 | U3: 0 | V3: 0.11805556 | W3: 0.22569444 | X3: 0.26388889 | Y3: 0 | Z3: 60 | AB3: HR- PISNER
B4: Date: | C4: 45813 | J4: LOT WORT COLOUR: 3.3 | M4: Filter Sheets (Target 20 days) | R4: STAG | S4: 11.6 | T4: 12 | U4: 0 | V4: 0.11805556 | W4: 0.22569444 | X4: 0.26388889 | Y4: 0 | Z4: 60
M5: Double | N5: Single | R5: GUINNESS | S5: 17 | T5: 17.5 | U5: 0 | V5: 0.10763889 | W5: 0.24652778 | X5: 0.28472222 | Y5: 0 | Z5: 60
J6: MALT LOT: Lot 37&38 | L6: Sheet Day | R6: MACKESON | S6: 13.3 | T6: 13.5 | U6: 0 | V6: 0.12905093 | W6: 0.27430556 | X6: 0.30208333 | Y6: 0
R7: STARMALT | S7: 17.1 | T7: 17.5 | U7: 0 | V7: 0.13605324 | W7: 0.27430556 | X7: 0.30902778 | Y7: 0 | Z7: 60
B8: Brand | C8: Brew no. | D8: Kett. Hls | E8: Wort | F8: Cool Time(Mins) | G8: Cast. P.G. (Lab Result) | H8: Cast P.G. (Cellar Operator)-gravity | I8: Extr. Rec (79.09%) | J8: Theor. Extr. (77.5%) | K8: Boil Off /Vol. (4-6%) | L8: Boil Time | M8: Total Hot | N8: Brewing | O8: Operator | R8: Hurricane Reef | S8: 16.6 | T8: 17 | U8: 0 | V8: 0.12905093 | W8: 0.27430556 | X8: 0.30208333 | Y8: 0
E9: Meter (Hls) | F9: Target(< 60Mins) | M9: Time | R9: VITAMALT | S9: 14.4 | T9: 14.6 | U9: 0 | V9: 0.13905093 | W9: 0.26041667 | X9: 0.29513889 | Y9: 0 | Z9: 75
B10: CARIB | C10: =[24]Brewhouse!$A498 -> CA392 | D10: =[24]Brewhouse!$AF498 -> 54.1 | E10: =[24]Brewhouse!$AI498 -> 51.3 | F10: =[24]Brewhouse!$V498 -> 70 | G10: =[24]Brewhouse!$AG498 -> 11.9 | H10: 11.8 | I10: =[24]Brewhouse!$AU498 -> 98.531406 | J10: =[24]Brewhouse!$AV498 -> 101.46577 | K10: =[24]Brewhouse!$Q498 -> 6.118068 | L10: =[24]Brewhouse!$P498 -> 60 | M10: =[24]Brewhouse!$U498-[24]Brewhouse!$T498 -> 0.11666667 | N10: =[24]Brewhouse!$Z498 -> 0.25 | O10: =[24]Brewhouse!$AX498 -> R. Regis | R10: =B10 -> CARIB | S10: =VLOOKUP($B10,$R$3:$X$9,2,FALSE) -> 11.6 | T10: =VLOOKUP($B10,$R$3:$X$9,3,FALSE) -> 12 | U10: =VLOOKUP($B10,$R$3:$X$9,4,FALSE) -> 0 | V10: =VLOOKUP($B10,$R$3:$X$9,5,FALSE) -> 0.11805556 | W10: =VLOOKUP($B10,$R$3:$X$9,6,FALSE) -> 0.22569444 | X10: =VLOOKUP($B10,$R$3:$X$9,7,FALSE) -> 0.26388889 | Y10: =VLOOKUP($B10,$R$3:$Z$9,8,FALSE) -> 0 | Z10: =VLOOKUP($B10,$R$3:$Z$9,9,FALSE) -> 60
B11: CARIB | C11: =[24]Brewhouse!$A499 -> CA393 | D11: =[24]Brewhouse!$AF499 -> 54.6 | E11: =[24]Brewhouse!$AI499 -> 52 | F11: =[24]Brewhouse!$V499 -> 71 | G11: =[24]Brewhouse!$AG499 -> 11.7 | H11: 11.8 | I11: =[24]Brewhouse!$AU499 -> 98.232113 | J11: =[24]Brewhouse!$AV499 -> 101.15741 | L11: =[24]Brewhouse!$P499 -> 56 | M11: =[24]Brewhouse!$U499-[24]Brewhouse!$T499 -> 0.11319444 | N11: =[24]Brewhouse!$Z499 -> 0.24375 | O11: =[24]Brewhouse!$AX499 -> D. Gomez | R11: =B11 -> CARIB | S11: =VLOOKUP($B11,$R$3:$X$9,2,FALSE) -> 11.6 | T11: =VLOOKUP($B11,$R$3:$X$9,3,FALSE) -> 12 | U11: =VLOOKUP($B11,$R$3:$X$9,4,FALSE) -> 0 | V11: =VLOOKUP($B11,$R$3:$X$9,5,FALSE) -> 0.11805556 | W11: =VLOOKUP($B11,$R$3:$X$9,6,FALSE) -> 0.22569444 | X11: =VLOOKUP($B11,$R$3:$X$9,7,FALSE) -> 0.26388889 | Y11: =VLOOKUP($B11,$R$3:$Z$9,8,FALSE) -> 0 | Z11: =VLOOKUP($B11,$R$3:$Z$9,9,FALSE) -> 60
B12: CARIB | C12: =[24]Brewhouse!$A500 -> CA394 | D12: =[24]Brewhouse!$AF500 -> 53.8 | E12: =[24]Brewhouse!$AI500 -> 51.6 | F12: =[24]Brewhouse!$V500 -> 82 | G12: =[24]Brewhouse!$AG500 -> 11.7 | H12: 11.8 | I12: =[24]Brewhouse!$AU500 -> 97.476481 | J12: =[24]Brewhouse!$AV500 -> 100.37927 | K12: =[24]Brewhouse!$Q500 -> 5.3308129 | L12: =[24]Brewhouse!$P500 -> 60 | M12: =[24]Brewhouse!$U500-[24]Brewhouse!$T500 -> 0.12361111 | N12: =[24]Brewhouse!$Z500 -> 0.25138889 | O12: =[24]Brewhouse!$AX500 -> D. Gomez | R12: =B12 -> CARIB | S12: =VLOOKUP($B12,$R$3:$X$9,2,FALSE) -> 11.6 | T12: =VLOOKUP($B12,$R$3:$X$9,3,FALSE) -> 12 | U12: =VLOOKUP($B12,$R$3:$X$9,4,FALSE) -> 0 | V12: =VLOOKUP($B12,$R$3:$X$9,5,FALSE) -> 0.11805556 | W12: =VLOOKUP($B12,$R$3:$X$9,6,FALSE) -> 0.22569444 | X12: =VLOOKUP($B12,$R$3:$X$9,7,FALSE) -> 0.26388889 | Y12: =VLOOKUP($B12,$R$3:$Z$9,8,FALSE) -> 0 | Z12: =VLOOKUP($B12,$R$3:$Z$9,9,FALSE) -> 60
B13: CARIB | C13: =[24]Brewhouse!$A501 -> CA395 | D13: =[24]Brewhouse!$AF501 -> 53.1 | E13: =[24]Brewhouse!$AI501 -> 50.5 | F13: =[24]Brewhouse!$V501 -> 66 | G13: =[24]Brewhouse!$AG501 -> 11.8 | H13: 11.8 | I13: =[24]Brewhouse!$AU501 -> 95.636317 | J13: =[24]Brewhouse!$AV501 -> 98.368044 | L13: =[24]Brewhouse!$P501 -> 61 | M13: =[24]Brewhouse!$U501-[24]Brewhouse!$T501 -> 0.11319444 | N13: =[24]Brewhouse!$Z501 -> 0.25 | O13: =[24]Brewhouse!$AX501 -> D. Gomez | R13: =B13 -> CARIB | S13: =VLOOKUP($B13,$R$3:$X$9,2,FALSE) -> 11.6 | T13: =VLOOKUP($B13,$R$3:$X$9,3,FALSE) -> 12 | U13: =VLOOKUP($B13,$R$3:$X$9,4,FALSE) -> 0 | V13: =VLOOKUP($B13,$R$3:$X$9,5,FALSE) -> 0.11805556 | W13: =VLOOKUP($B13,$R$3:$X$9,6,FALSE) -> 0.22569444 | X13: =VLOOKUP($B13,$R$3:$X$9,7,FALSE) -> 0.26388889 | Y13: =VLOOKUP($B13,$R$3:$Z$9,8,FALSE) -> 0 | Z13: =VLOOKUP($B13,$R$3:$Z$9,9,FALSE) -> 60
B14: CARIB | C14: =[24]Brewhouse!$A502 -> CA396 | D14: =[24]Brewhouse!$AF502 -> 52.9 | E14: =[24]Brewhouse!$AI502 -> 50 | F14: =[24]Brewhouse!$V502 -> 58 | G14: =[24]Brewhouse!$AG502 -> 11.9 | H14: 11.8 | I14: =[24]Brewhouse!$AU502 -> 96.480041 | J14: =[24]Brewhouse!$AV502 -> 99.233458 | K14: =[24]Brewhouse!$Q502 -> 6.2522852 | L14: =[24]Brewhouse!$P502 -> 60 | M14: =[24]Brewhouse!$U502-[24]Brewhouse!$T502 -> 0.10625 | N14: =[24]Brewhouse!$Z502 -> 0.24166667 | O14: =[24]Brewhouse!$AX502 -> K.Benjamin | R14: =B14 -> CARIB | S14: =VLOOKUP($B14,$R$3:$X$9,2,FALSE) -> 11.6 | T14: =VLOOKUP($B14,$R$3:$X$9,3,FALSE) -> 12 | U14: =VLOOKUP($B14,$R$3:$X$9,4,FALSE) -> 0 | V14: =VLOOKUP($B14,$R$3:$X$9,5,FALSE) -> 0.11805556 | W14: =VLOOKUP($B14,$R$3:$X$9,6,FALSE) -> 0.22569444 | X14: =VLOOKUP($B14,$R$3:$X$9,7,FALSE) -> 0.26388889 | Y14: =VLOOKUP($B14,$R$3:$Z$9,8,FALSE) -> 0 | Z14: =VLOOKUP($B14,$R$3:$Z$9,9,FALSE) -> 60
B15: CARIB | C15: =[24]Brewhouse!$A503 -> CA397 | D15: =[24]Brewhouse!$AF503 -> 53.4 | E15: =[24]Brewhouse!$AI503 -> 50.5 | F15: =[24]Brewhouse!$V503 -> 61 | G15: =[24]Brewhouse!$AG503 -> 11.9 | I15: =[24]Brewhouse!$AU503 -> 97.204067 | J15: =[24]Brewhouse!$AV503 -> 99.978758 | K15: =[24]Brewhouse!$Q503 -> 2.9834254 | L15: =[24]Brewhouse!$P503 -> 60 | M15: =[24]Brewhouse!$U503-[24]Brewhouse!$T503 -> 0.10902778 | N15: =[24]Brewhouse!$Z503 -> 0.23680556 | O15: =[24]Brewhouse!$AX503 -> K.Benjamin | R15: =B15 -> CARIB | S15: =VLOOKUP($B15,$R$3:$X$9,2,FALSE) -> 11.6 | T15: =VLOOKUP($B15,$R$3:$X$9,3,FALSE) -> 12 | U15: =VLOOKUP($B15,$R$3:$X$9,4,FALSE) -> 0 | V15: =VLOOKUP($B15,$R$3:$X$9,5,FALSE) -> 0.11805556 | W15: =VLOOKUP($B15,$R$3:$X$9,6,FALSE) -> 0.22569444 | X15: =VLOOKUP($B15,$R$3:$X$9,7,FALSE) -> 0.26388889 | Y15: =VLOOKUP($B15,$R$3:$Z$9,8,FALSE) -> 0 | Z15: =VLOOKUP($B15,$R$3:$Z$9,9,FALSE) -> 60
B16: CARIB | C16: =[24]Brewhouse!$A504 -> CA398 | D16: =[24]Brewhouse!$AF504 -> 53.3 | E16: =[24]Brewhouse!$AI504 -> 50.5 | F16: =[24]Brewhouse!$V504 -> 61 | G16: =[24]Brewhouse!$AG504 -> 11.9 | I16: =[24]Brewhouse!$AU504 -> 98.205514 | J16: =[24]Brewhouse!$AV504 -> 101.12857 | K16: =[24]Brewhouse!$Q504 -> 5.4316547 | L16: =[24]Brewhouse!$P504 -> 61 | M16: =[24]Brewhouse!$U504-[24]Brewhouse!$T504 -> 0.11180556 | N16: =[24]Brewhouse!$Z504 -> 0.23958333 | O16: =[24]Brewhouse!$AX504 -> K.Benjamin | R16: =B16 -> CARIB | S16: =VLOOKUP($B16,$R$3:$X$9,2,FALSE) -> 11.6 | T16: =VLOOKUP($B16,$R$3:$X$9,3,FALSE) -> 12 | U16: =VLOOKUP($B16,$R$3:$X$9,4,FALSE) -> 0 | V16: =VLOOKUP($B16,$R$3:$X$9,5,FALSE) -> 0.11805556 | W16: =VLOOKUP($B16,$R$3:$X$9,6,FALSE) -> 0.22569444 | X16: =VLOOKUP($B16,$R$3:$X$9,7,FALSE) -> 0.26388889 | Y16: =VLOOKUP($B16,$R$3:$Z$9,8,FALSE) -> 0 | Z16: =VLOOKUP($B16,$R$3:$Z$9,9,FALSE) -> 60
B17: CARIB | C17: =[24]Brewhouse!$A505 -> CA399 | D17: =[24]Brewhouse!$AF505 -> 53.6 | E17: =[24]Brewhouse!$AI505 -> 51 | F17: =[24]Brewhouse!$V505 -> 66 | G17: =[24]Brewhouse!$AG505 -> 11.7 | H17: 11.8 | I17: =[24]Brewhouse!$AU505 -> 97.425305 | J17: =[24]Brewhouse!$AV505 -> 100.32514 | K17: =[24]Brewhouse!$Q505 -> 3.8827839 | L17: =[24]Brewhouse!$P505 -> 53.2 | M17: =[24]Brewhouse!$U505-[24]Brewhouse!$T505 -> 0.11180556 | N17: =[24]Brewhouse!$Z505 -> 0.24027778 | O17: =[24]Brewhouse!$AX505 -> R. Regis | R17: =B17 -> CARIB | S17: =VLOOKUP($B17,$R$3:$X$9,2,FALSE) -> 11.6 | T17: =VLOOKUP($B17,$R$3:$X$9,3,FALSE) -> 12 | U17: =VLOOKUP($B17,$R$3:$X$9,4,FALSE) -> 0 | V17: =VLOOKUP($B17,$R$3:$X$9,5,FALSE) -> 0.11805556 | W17: =VLOOKUP($B17,$R$3:$X$9,6,FALSE) -> 0.22569444 | X17: =VLOOKUP($B17,$R$3:$X$9,7,FALSE) -> 0.26388889 | Y17: =VLOOKUP($B17,$R$3:$Z$9,8,FALSE) -> 0 | Z17: =VLOOKUP($B17,$R$3:$Z$9,9,FALSE) -> 60
B18: CARIB | C18: =[24]Brewhouse!$A506 -> CA400 | D18: =[24]Brewhouse!$AF506 -> 53.9 | E18: =[24]Brewhouse!$AI506 -> 51.1 | F18: =[24]Brewhouse!$V506 -> 65 | G18: =[24]Brewhouse!$AG506 -> 11.8 | H18: 11.8 | I18: =[24]Brewhouse!$AU506 -> 98.005016 | J18: =[24]Brewhouse!$AV506 -> 100.92275 | K18: =[24]Brewhouse!$Q506 -> 5.0357143 | L18: =[24]Brewhouse!$P506 -> 53.9 | M18: =[24]Brewhouse!$U506-[24]Brewhouse!$T506 -> 0.10902778 | N18: =[24]Brewhouse!$Z506 -> 0.23888889 | O18: =[24]Brewhouse!$AX506 -> R. Regis | R18: =B18 -> CARIB | S18: =VLOOKUP($B18,$R$3:$X$9,2,FALSE) -> 11.6 | T18: =VLOOKUP($B18,$R$3:$X$9,3,FALSE) -> 12 | U18: =VLOOKUP($B18,$R$3:$X$9,4,FALSE) -> 0 | V18: =VLOOKUP($B18,$R$3:$X$9,5,FALSE) -> 0.11805556 | W18: =VLOOKUP($B18,$R$3:$X$9,6,FALSE) -> 0.22569444 | X18: =VLOOKUP($B18,$R$3:$X$9,7,FALSE) -> 0.26388889 | Y18: =VLOOKUP($B18,$R$3:$Z$9,8,FALSE) -> 0 | Z18: =VLOOKUP($B18,$R$3:$Z$9,9,FALSE) -> 60
B19: CARIB | C19: =[24]Brewhouse!$A507 -> CA401 | D19: =[24]Brewhouse!$AF507 -> 52.8 | E19: =[24]Brewhouse!$AI507 -> 50.8 | F19: =[24]Brewhouse!$V507 -> 69 | G19: =[24]Brewhouse!$AG507 -> 11.8 | H19: 11.7 | I19: =[24]Brewhouse!$AU507 -> 97.30879 | J19: =[24]Brewhouse!$AV507 -> 100.20595 | K19: =[24]Brewhouse!$Q507 -> 7 | L19: =[24]Brewhouse!$P507 -> 52.8 | M19: =[24]Brewhouse!$U507-[24]Brewhouse!$T507 -> 0.12013889 | N19: =[24]Brewhouse!$Z507 -> 0.25972222 | O19: =[24]Brewhouse!$AX507 -> R. Regis | R19: =B19 -> CARIB | S19: =VLOOKUP($B19,$R$3:$X$9,2,FALSE) -> 11.6 | T19: =VLOOKUP($B19,$R$3:$X$9,3,FALSE) -> 12 | U19: =VLOOKUP($B19,$R$3:$X$9,4,FALSE) -> 0 | V19: =VLOOKUP($B19,$R$3:$X$9,5,FALSE) -> 0.11805556 | W19: =VLOOKUP($B19,$R$3:$X$9,6,FALSE) -> 0.22569444 | X19: =VLOOKUP($B19,$R$3:$X$9,7,FALSE) -> 0.26388889 | Y19: =VLOOKUP($B19,$R$3:$Z$9,8,FALSE) -> 0 | Z19: =VLOOKUP($B19,$R$3:$Z$9,9,FALSE) -> 60
R20: =B20 -> 0 | S20: =VLOOKUP($B20,$R$3:$X$9,2,FALSE) -> #N/A | T20: =VLOOKUP($B20,$R$3:$X$9,3,FALSE) -> #N/A | U20: =VLOOKUP($B20,$R$3:$X$9,4,FALSE) -> #N/A | V20: =VLOOKUP($B20,$R$3:$X$9,5,FALSE) -> #N/A | W20: =VLOOKUP($B20,$R$3:$X$9,6,FALSE) -> #N/A | X20: =VLOOKUP($B20,$R$3:$X$9,7,FALSE) -> #N/A | Y20: =VLOOKUP($B20,$R$3:$Z$9,8,FALSE) -> #N/A | Z20: =VLOOKUP($B20,$R$3:$Z$9,9,FALSE) -> #N/A
R21: =B21 -> 0 | S21: =VLOOKUP($B21,$R$3:$X$9,2,FALSE) -> #N/A | T21: =VLOOKUP($B21,$R$3:$X$9,3,FALSE) -> #N/A | U21: =VLOOKUP($B21,$R$3:$X$9,4,FALSE) -> #N/A | V21: =VLOOKUP($B21,$R$3:$X$9,5,FALSE) -> #N/A | W21: =VLOOKUP($B21,$R$3:$X$9,6,FALSE) -> #N/A | X21: =VLOOKUP($B21,$R$3:$X$9,7,FALSE) -> #N/A | Y21: =VLOOKUP($B21,$R$3:$Z$9,8,FALSE) -> #N/A | Z21: =VLOOKUP($B21,$R$3:$Z$9,9,FALSE) -> #N/A
R22: =B22 -> 0 | S22: =VLOOKUP($B22,$R$3:$X$9,2,FALSE) -> #N/A | T22: =VLOOKUP($B22,$R$3:$X$9,3,FALSE) -> #N/A | U22: =VLOOKUP($B22,$R$3:$X$9,4,FALSE) -> #N/A | V22: =VLOOKUP($B22,$R$3:$X$9,5,FALSE) -> #N/A | W22: =VLOOKUP($B22,$R$3:$X$9,6,FALSE) -> #N/A | X22: =VLOOKUP($B22,$R$3:$X$9,7,FALSE) -> #N/A | Y22: =VLOOKUP($B22,$R$3:$Z$9,8,FALSE) -> #N/A | Z22: =VLOOKUP($B22,$R$3:$Z$9,9,FALSE) -> #N/A
R23: =B23 -> 0 | S23: =VLOOKUP($B23,$R$3:$X$9,2,FALSE) -> #N/A | T23: =VLOOKUP($B23,$R$3:$X$9,3,FALSE) -> #N/A | U23: =VLOOKUP($B23,$R$3:$X$9,4,FALSE) -> #N/A | V23: =VLOOKUP($B23,$R$3:$X$9,5,FALSE) -> #N/A | W23: =VLOOKUP($B23,$R$3:$X$9,6,FALSE) -> #N/A | X23: =VLOOKUP($B23,$R$3:$X$9,7,FALSE) -> #N/A | Y23: =VLOOKUP($B23,$R$3:$Z$9,8,FALSE) -> #N/A | Z23: =VLOOKUP($B23,$R$3:$Z$9,9,FALSE) -> #N/A
R24: =B24 -> 0 | S24: =VLOOKUP($B24,$R$3:$X$9,2,FALSE) -> #N/A | T24: =VLOOKUP($B24,$R$3:$X$9,3,FALSE) -> #N/A | U24: =VLOOKUP($B24,$R$3:$X$9,4,FALSE) -> #N/A | V24: =VLOOKUP($B24,$R$3:$X$9,5,FALSE) -> #N/A | W24: =VLOOKUP($B24,$R$3:$X$9,6,FALSE) -> #N/A | X24: =VLOOKUP($B24,$R$3:$X$9,7,FALSE) -> #N/A | Y24: =VLOOKUP($B24,$R$3:$Z$9,8,FALSE) -> #N/A | Z24: =VLOOKUP($B24,$R$3:$Z$9,9,FALSE) -> #N/A
R25: =B25 -> 0 | S25: =VLOOKUP($B25,$R$3:$X$9,2,FALSE) -> #N/A | T25: =VLOOKUP($B25,$R$3:$X$9,3,FALSE) -> #N/A | U25: =VLOOKUP($B25,$R$3:$X$9,4,FALSE) -> #N/A | V25: =VLOOKUP($B25,$R$3:$X$9,5,FALSE) -> #N/A | W25: =VLOOKUP($B25,$R$3:$X$9,6,FALSE) -> #N/A | X25: =VLOOKUP($B25,$R$3:$X$9,7,FALSE) -> #N/A | Y25: =VLOOKUP($B25,$R$3:$Z$9,8,FALSE) -> #N/A | Z25: =VLOOKUP($B25,$R$3:$Z$9,9,FALSE) -> #N/A
R26: =B26 -> 0 | S26: =VLOOKUP($B26,$R$3:$X$9,2,FALSE) -> #N/A | T26: =VLOOKUP($B26,$R$3:$X$9,3,FALSE) -> #N/A | U26: =VLOOKUP($B26,$R$3:$X$9,4,FALSE) -> #N/A | V26: =VLOOKUP($B26,$R$3:$X$9,5,FALSE) -> #N/A | W26: =VLOOKUP($B26,$R$3:$X$9,6,FALSE) -> #N/A | X26: =VLOOKUP($B26,$R$3:$X$9,7,FALSE) -> #N/A | Y26: =VLOOKUP($B26,$R$3:$Z$9,8,FALSE) -> #N/A | Z26: =VLOOKUP($B26,$R$3:$Z$9,9,FALSE) -> #N/A
R27: =B27 -> 0 | S27: =VLOOKUP($B27,$R$3:$X$9,2,FALSE) -> #N/A | T27: =VLOOKUP($B27,$R$3:$X$9,3,FALSE) -> #N/A | U27: =VLOOKUP($B27,$R$3:$X$9,4,FALSE) -> #N/A | V27: =VLOOKUP($B27,$R$3:$X$9,5,FALSE) -> #N/A | W27: =VLOOKUP($B27,$R$3:$X$9,6,FALSE) -> #N/A | X27: =VLOOKUP($B27,$R$3:$X$9,7,FALSE) -> #N/A | Y27: =VLOOKUP($B27,$R$3:$Z$9,8,FALSE) -> #N/A | Z27: =VLOOKUP($B27,$R$3:$Z$9,9,FALSE) -> #N/A
R28: =B28 -> 0 | S28: =VLOOKUP($B28,$R$3:$X$9,2,FALSE) -> #N/A | T28: =VLOOKUP($B28,$R$3:$X$9,3,FALSE) -> #N/A | U28: =VLOOKUP($B28,$R$3:$X$9,4,FALSE) -> #N/A | V28: =VLOOKUP($B28,$R$3:$X$9,5,FALSE) -> #N/A | W28: =VLOOKUP($B28,$R$3:$X$9,6,FALSE) -> #N/A | X28: =VLOOKUP($B28,$R$3:$X$9,7,FALSE) -> #N/A | Y28: =VLOOKUP($B28,$R$3:$Z$9,8,FALSE) -> #N/A | Z28: =VLOOKUP($B28,$R$3:$Z$9,9,FALSE) -> #N/A
R29: =B29 -> 0 | S29: =VLOOKUP($B29,$R$3:$X$9,2,FALSE) -> #N/A | T29: =VLOOKUP($B29,$R$3:$X$9,3,FALSE) -> #N/A | U29: =VLOOKUP($B29,$R$3:$X$9,4,FALSE) -> #N/A | V29: =VLOOKUP($B29,$R$3:$X$9,5,FALSE) -> #N/A | W29: =VLOOKUP($B29,$R$3:$X$9,6,FALSE) -> #N/A | X29: =VLOOKUP($B29,$R$3:$X$9,7,FALSE) -> #N/A | Y29: =VLOOKUP($B29,$R$3:$Z$9,8,FALSE) -> #N/A | Z29: =VLOOKUP($B29,$R$3:$Z$9,9,FALSE) -> #N/A
R30: =B30 -> 0 | S30: =VLOOKUP($B30,$R$3:$X$9,2,FALSE) -> #N/A | T30: =VLOOKUP($B30,$R$3:$X$9,3,FALSE) -> #N/A | U30: =VLOOKUP($B30,$R$3:$X$9,4,FALSE) -> #N/A | V30: =VLOOKUP($B30,$R$3:$X$9,5,FALSE) -> #N/A | W30: =VLOOKUP($B30,$R$3:$X$9,6,FALSE) -> #N/A | X30: =VLOOKUP($B30,$R$3:$X$9,7,FALSE) -> #N/A | Y30: =VLOOKUP($B30,$R$3:$Z$9,8,FALSE) -> #N/A | Z30: =VLOOKUP($B30,$R$3:$Z$9,9,FALSE) -> #N/A
R31: =B31 -> 0 | S31: =VLOOKUP($B31,$R$3:$X$9,2,FALSE) -> #N/A | T31: =VLOOKUP($B31,$R$3:$X$9,3,FALSE) -> #N/A | U31: =VLOOKUP($B31,$R$3:$X$9,4,FALSE) -> #N/A | V31: =VLOOKUP($B31,$R$3:$X$9,5,FALSE) -> #N/A | W31: =VLOOKUP($B31,$R$3:$X$9,6,FALSE) -> #N/A | X31: =VLOOKUP($B31,$R$3:$X$9,7,FALSE) -> #N/A | Y31: =VLOOKUP($B31,$R$3:$Z$9,8,FALSE) -> #N/A | Z31: =VLOOKUP($B31,$R$3:$Z$9,9,FALSE) -> #N/A
... R36: =B36 -> 0 | S36: =VLOOKUP($B36,$R$3:$X$9,2,FALSE) -> #N/A | T36: =VLOOKUP($B36,$R$3:$X$9,3,FALSE) -> #N/A | U36: =VLOOKUP($B36,$R$3:$X$9,4,FALSE) -> #N/A | V36: =VLOOKUP($B36,$R$3:$X$9,5,FALSE) -> #N/A | W36: =VLOOKUP($B36,$R$3:$X$9,6,FALSE) -> #N/A | X36: =VLOOKUP($B36,$R$3:$X$9,7,FALSE) -> #N/A | Y36: =VLOOKUP($B36,$R$3:$Z$9,8,FALSE) -> #N/A | Z36: =VLOOKUP($B36,$R$3:$Z$9,9,FALSE) -> #N/A
I37: EXTRACT RECOVERY | R37: =B37 -> 0 | S37: =VLOOKUP($B37,$R$3:$X$9,2,FALSE) -> #N/A | T37: =VLOOKUP($B37,$R$3:$X$9,3,FALSE) -> #N/A | U37: =VLOOKUP($B37,$R$3:$X$9,4,FALSE) -> #N/A | V37: =VLOOKUP($B37,$R$3:$X$9,5,FALSE) -> #N/A | W37: =VLOOKUP($B37,$R$3:$X$9,6,FALSE) -> #N/A | X37: =VLOOKUP($B37,$R$3:$X$9,7,FALSE) -> #N/A | Y37: =VLOOKUP($B37,$R$3:$Z$9,8,FALSE) -> #N/A | Z37: =VLOOKUP($B37,$R$3:$Z$9,9,FALSE) -> #N/A
B38: BRAND | D38: BBT P.G./ O.G | I38: Brand | J38: Actual | K38: MTD No. of Brews | L38: MTD | M38: YTD | N38: Target | R38: =B38 -> BRAND | S38: =VLOOKUP($B38,$R$3:$X$9,2,FALSE) -> #N/A | T38: =VLOOKUP($B38,$R$3:$X$9,3,FALSE) -> #N/A | U38: =VLOOKUP($B38,$R$3:$X$9,4,FALSE) -> #N/A | V38: =VLOOKUP($B38,$R$3:$X$9,5,FALSE) -> #N/A | W38: =VLOOKUP($B38,$R$3:$X$9,6,FALSE) -> #N/A | X38: =VLOOKUP($B38,$R$3:$X$9,7,FALSE) -> #N/A | Y38: =VLOOKUP($B38,$R$3:$Z$9,8,FALSE) -> #N/A | Z38: =VLOOKUP($B38,$R$3:$Z$9,9,FALSE) -> #N/A
B39: =I39 -> CARIB | C39: =[24]Process!D432 -> 12.28 | D39: 11.92 | I39: CARIB | J39: =AVERAGE(I10:I19) -> 97.450505 | K39: =COUNTA([24]Brewhouse!$A$493:$A$507) -> 15 | L39: =AVERAGE([24]Brewhouse!$AU$493:$AU$507) -> 98.27488 | M39: =AVERAGE([24]Brewhouse!$AU$102:$AU$171,[24]Brewhouse!$AU$173:$AU$253,[24]Brewhouse!$AU$255:$AU$339,[24]Brewhouse!$AU$341:$AU$346,[24]Brewhouse!$AU$348,[24]Brewhouse!$AU$349:$AU$406,[24]Brewhouse!$AU$408:$AU$491,[24]Brewhouse!$AU$493:$AU$507) -> 97.683611 | N39: 98
C40: =[24]Process!D433 -> 12.43 | I40: STAG | M40: =AVERAGE([25]Brewhouse!$AS$15:$AS$64,[25]Brewhouse!$AS$66:$AS$103,[25]Brewhouse!$AS$105:$AS$140,[25]Brewhouse!$AS$142:$AS$193,[25]Brewhouse!$AS$195:$AS$240) -> 97.875553 | N40: 98
C41: =[24]Process!D456 -> 11.71 | D41: 11.96 | I41: GUINNESS | M41: =AVERAGE([26]Brewhouse!$AU$4:$AU$7,[26]Brewhouse!$AU$9:$AU$22,[26]Brewhouse!$AU$24:$AU$35,[26]Brewhouse!$AU$37:$AU$45,[26]Brewhouse!$AU$47:$AU$62) -> 97.179377 | N41: 98
C42: =[24]Process!D457 -> 11.77 | I42: VITAMALT | M42: =AVERAGE([23]Brewhouse!$AV$5:$AV$14,[23]Brewhouse!$AV$16:$AV$19,[23]Brewhouse!$AV$21:$AV$24,[23]Brewhouse!$AV$26:$AV$33,[23]Brewhouse!$AV$35:$AV$46) -> 99.005314 | N42: 98
C43: =[24]Process!D458 -> 11.66 | D43: 11.93 | I43: MAXIMALT | N43: 98
C44: =[24]Process!D459 -> 11.63 | I44: MACKESON | M44: =AVERAGE([27]Brewhouse!$AT$4:$AT$11,[27]Brewhouse!$AT$13:$AT$16) -> 94.677026 | N44: 98
C45: =[24]Process!D460 -> 11.82 | D45: 11.89 | I45: STARMALT | K45: =COUNTA([22]Brewhouse!$A$45:$A$50) -> 6 | L45: =AVERAGE([22]Brewhouse!$AY$45:$AY$50) -> 96.288901 | M45: =AVERAGE([22]Brewhouse!$AY$6:$AY$13,[22]Brewhouse!$AY$15:$AY$20,[22]Brewhouse!$AY$22:$AY$29,[22]Brewhouse!$AY$31:$AY$34,[22]Brewhouse!$AY$36:$AY$43,[22]Brewhouse!$AY$45:$AY$50) -> 96.612625 | N45: 98
C46: =[24]Process!D461 -> 11.83 | I46: HR- Pils | M46: =AVERAGE([28]Brewhouse!$AU$5:$AU$8) -> 91.006888 | N46: 98
C47: =[24]Process!D462 -> 11.8 | D47: 12.47 | I47: HR- IPA | N47: 98
C48: =[24]Process!D463 -> 11.67 | I48: HR- APA | N48: 98
K49: =SUM(K39:K48) -> 21 | L49: =((L39*K39)+(L40*K40)+(L41*K41)+(L42*K42)+(L43*K43)+(K46*L46)+(L44*K44)+(L45*K45)+(L48*K48))/(K49) -> 97.707457 | M49: =AVERAGE('[29]Jan 31st'!$L$65,'[30]Feb 28th'!$L$35,'[31]Mar. 31st'!$L$35,'[32]Apr. 30th'!$L$45,'[33]May 30th'!$L$37,L49) -> 97.647785 | N49: 98
B51: =I45 -> STARMALT | C51: =[22]Process!D44 -> 17.2 | D51: 17.19 | J51: Daily Brewing Plan
C52: =[22]Process!D45 -> 17.2 | J52: Brand | K52: Brews Achieved | L52: Average Brews per day
C53: =[22]Process!D46 -> 17.2 | D53: 17.19 | J53: CARIB | K53: 10 | L53: MTD | M53: YTD | N53: TARGET
C54: =[22]Process!D47 -> 17.4 | J54: STAG | L54: =AVERAGE('June 2nd'!K57,'June 4th'!K63,'June 3rd'!K63) -> 7 | M54: =AVERAGE('[29]Jan 29th '!$M$70,'[30]Feb 28th'!$L$40,'[31]Mar. 31st'!$L$40,'[32]Apr. 30th'!$L$50,'[33]May 30th'!$L$42,L54) -> 6.7011069 | N54: 9.2
C55: =[22]Process!D48 -> 17.4 | D55: 17.19 | J55: GUINN
C56: =[22]Process!D49 -> 16.9 | J56: VITAMALT
J57: STARMALT
J58: MACKESON
J59: HURRICANE REEF- IPA
J60: HURRICANE REEF- APA
B61: AVERAGE | D61: =AVERAGE(D39:E60) -> 13.9675 | J61: HR- PILSNER
J62: CARIBE
J63: Total | K63: =SUM(K53:K62) -> 10
B64: Process: | C64: Fermentation/Filtration
B66: Brand | C66: Filt. Date | D66: FV Hls | E66: GFE/ Prim/ Vita Blend (Hls) | F66: SV Hls | G66: BBT Hls | H66: Loss (%) Ferm | I66: Loss (%) Filt | J66: Comments | K66: Throughput | L66: Process Loss (%) | M66: Filt. Operator
AB67: 43474 | AC67: 43475 | AD67: 43476 | AE67: 43477 | AF67: 43478 | AG67: 43479 | AH67: 43480 | AI67: 43481 | AJ67: 43482 | AK67: 43483 | AL67: 43484 | AM67: 43485 | AN67: 43486 | AO67: 43487 | AP67: 43488 | AQ67: 43489 | AR67: 43490 | AS67: 43491 | AT67: 43492 | AU67: 43493 | AV67: 43494 | AW67: 43495 | AX67: 43496
B68: =B75 -> CARIB | C68: 45812 | D68: =[34]June_2025!$G$3 -> 505.6 | F68: =[35]CARIB!$L$6+[35]CARIB!$L$30 -> 490.87379 | G68: =[34]June_2025!$G$7 -> 464.8 | H68: =(D68-F68)/D68*100 -> 2.9126214 | I68: =((F68+E68)-G68)/(F68+E68)*100 -> 5.3117089 | J68: 2 SBF | K68: =[36]June_2025!$G$18 -> 0.54362573 | L68: =(((D68+E68)-G68)/(D68+E68))*100 -> 8.0696203 | M68: D. Emery
B70: =B81 -> STARMALT | C70: 45812 | D70: =[34]June_2025!$G$55 -> 308.3 | G70: =[34]June_2025!$G$59 -> 294.5 | J70: 2 SBF | K70: =[36]June_2025!$G$53 -> 0.34444444 | L70: =(((D70+E70)-G70)/(D70+E70))*100 -> 4.4761596 | M70: K. Hosten | AB70: =[20]January_2019!L7 -> 0 | AC70: =[20]January_2019!M7 -> 0 | AD70: =[20]January_2019!N7 -> 0 | AE70: =[20]January_2019!O7 -> 0 | AF70: =[20]January_2019!P7 -> 0 | AG70: =[20]January_2019!Q7 -> 0 | AH70: =[20]January_2019!R7 -> 0 | AI70: =[20]January_2019!S7 -> 0 | ... AX70: =[20]January_2019!AH7 -> 0
B73: Process Loss (Volume) | G73: Process Loss (Extract) | K73: Throughput
B74: Brand | C74: Actual | D74: MTD | E74: YTD | F74: Target | G74: Actual | H74: MTD | I74: YTD | J74: Target | K74: Actual | L74: MTD | M74: YTD | N74: Target
B75: CARIB | C75: =L68 -> 8.0696203 | D75: 8.0696203 | E75: 6.7070238 | F75: 4.8 | G75: =[34]June_2025!$G$11 -> 6.5114782 | H75: 6.5114782 | I75: 6.8169852 | J75: 4.8 | K75: =K68 -> 0.54362573 | L75: 0.54362573 | M75: 0.75567615 | N75: 1
B76: STAG | D76: -0.78125 | E76: 5.6884091 | F76: 4.8 | H76: -1.1688644 | I76: 5.5316296 | J76: 4.8 | L76: 0.58087719 | M76: 0.74128439 | N76: 1
B77: GUINN | E77: 11.904403 | F77: 5.5 | I77: 13.276233 | J77: 5.5 | M77: 0.54554654 | N77: 1
B78: VITAMALT | D78: 3.718593 | E78: 4.2675954 | F78: 3.3 | H78: 3.5401444 | I78: 4.1118287 | J78: 3.3 | L78: 0.33614035 | M78: 0.78836257 | N78: 1
B79: MAXIMALT | F79: 3.3 | J79: 3 | N79: 1
B80: MACKESON | E80: 7.8262258 | F80: =[21]May_2022!$M$43 -> 3.4878407 | I80: 9.4300679 | J80: 5.5 | M80: 0.67497076 | N80: 1
B81: STARMALT | C81: =L70 -> 4.4761596 | D81: 4.4761596 | E81: 2.899045 | F81: 3.3 | G81: =[34]June_2025!$G$63 -> 4.5799898 | H81: 4.5799898 | I81: 4.4797972 | J81: 3.3 | K81: =K70 -> 0.34444444 | L81: 0.34444444 | M81: 0.75981884 | N81: 1
B82: HURRICANE REEF | F82: 7.5 | J82: 7.5 | N82: 1
B83: HURRICANE REEF PILS | E83: 4.8792509 | F83: 4.8 | I83: 6.2003724 | J83: 4.8 | M83: 0.33859649 | N83: 1
D84: 2.6645603 | E84: 6.4596245 | F84: 5.5 | H84: 2.2733883 | I84: 6.8123908 | J84: 5.5 | L84: 0.47719298 | M84: 0.71774244 | N84: 1

Sheet June 5th 
S1: P.G. | U1: Hot Time | W1: Process Time | Y1: Cooling Time
B2: Brewing Department Daily Process Loss Report | S2: Lower | T2: Upper | U2: Lower | V2: Upper | W2: Lower | X2: Upper | Y2: Lower | Z2: Upper
R3: CARIB | S3: 11.6 | T3: 12 | U3: 0 | V3: 0.11805556 | W3: 0.22569444 | X3: 0.26388889 | Y3: 0 | Z3: 60 | AB3: HR- PISNER
B4: Date: | C4: 45814 | J4: LOT WORT COLOUR: 3.3 | M4: Filter Sheets (Target 20 days) | R4: STAG | S4: 11.6 | T4: 12 | U4: 0 | V4: 0.11805556 | W4: 0.22569444 | X4: 0.26388889 | Y4: 0 | Z4: 60
M5: Double | N5: Single | R5: GUINNESS | S5: 17 | T5: 17.5 | U5: 0 | V5: 0.10763889 | W5: 0.24652778 | X5: 0.28472222 | Y5: 0 | Z5: 60
J6: MALT LOT: Lot 37&38 | L6: Sheet Day | R6: MACKESON | S6: 13.3 | T6: 13.5 | U6: 0 | V6: 0.12905093 | W6: 0.27430556 | X6: 0.30208333 | Y6: 0
R7: STARMALT | S7: 17.1 | T7: 17.5 | U7: 0 | V7: 0.13605324 | W7: 0.27430556 | X7: 0.30902778 | Y7: 0 | Z7: 60
B8: Brand | C8: Brew no. | D8: Kett. Hls | E8: Wort | F8: Cool Time(Mins) | G8: Cast. P.G. (Lab Result) | H8: Cast P.G. (Cellar Operator)-gravity | I8: Extr. Rec (79.09%) | J8: Theor. Extr. (77.5%) | K8: Boil Off /Vol. (4-6%) | L8: Boil Time | M8: Total Hot | N8: Brewing | O8: Operator | R8: Hurricane Reef | S8: 16.6 | T8: 17 | U8: 0 | V8: 0.12905093 | W8: 0.27430556 | X8: 0.30208333 | Y8: 0
E9: Meter (Hls) | F9: Target(< 60Mins) | M9: Time | R9: VITAMALT | S9: 14.4 | T9: 14.6 | U9: 0 | V9: 0.13905093 | W9: 0.26041667 | X9: 0.29513889 | Y9: 0 | Z9: 75
R10: =B10 -> 0 | S10: =VLOOKUP($B10,$R$3:$X$9,2,FALSE) -> #N/A | T10: =VLOOKUP($B10,$R$3:$X$9,3,FALSE) -> #N/A | U10: =VLOOKUP($B10,$R$3:$X$9,4,FALSE) -> #N/A | V10: =VLOOKUP($B10,$R$3:$X$9,5,FALSE) -> #N/A | W10: =VLOOKUP($B10,$R$3:$X$9,6,FALSE) -> #N/A | X10: =VLOOKUP($B10,$R$3:$X$9,7,FALSE) -> #N/A | Y10: =VLOOKUP($B10,$R$3:$Z$9,8,FALSE) -> #N/A | Z10: =VLOOKUP($B10,$R$3:$Z$9,9,FALSE) -> #N/A
R11: =B11 -> 0 | S11: =VLOOKUP($B11,$R$3:$X$9,2,FALSE) -> #N/A | T11: =VLOOKUP($B11,$R$3:$X$9,3,FALSE) -> #N/A | U11: =VLOOKUP($B11,$R$3:$X$9,4,FALSE) -> #N/A | V11: =VLOOKUP($B11,$R$3:$X$9,5,FALSE) -> #N/A | W11: =VLOOKUP($B11,$R$3:$X$9,6,FALSE) -> #N/A | X11: =VLOOKUP($B11,$R$3:$X$9,7,FALSE) -> #N/A | Y11: =VLOOKUP($B11,$R$3:$Z$9,8,FALSE) -> #N/A | Z11: =VLOOKUP($B11,$R$3:$Z$9,9,FALSE) -> #N/A
R12: =B12 -> 0 | S12: =VLOOKUP($B12,$R$3:$X$9,2,FALSE) -> #N/A | T12: =VLOOKUP($B12,$R$3:$X$9,3,FALSE) -> #N/A | U12: =VLOOKUP($B12,$R$3:$X$9,4,FALSE) -> #N/A | V12: =VLOOKUP($B12,$R$3:$X$9,5,FALSE) -> #N/A | W12: =VLOOKUP($B12,$R$3:$X$9,6,FALSE) -> #N/A | X12: =VLOOKUP($B12,$R$3:$X$9,7,FALSE) -> #N/A | Y12: =VLOOKUP($B12,$R$3:$Z$9,8,FALSE) -> #N/A | Z12: =VLOOKUP($B12,$R$3:$Z$9,9,FALSE) -> #N/A
R13: =B13 -> 0 | S13: =VLOOKUP($B13,$R$3:$X$9,2,FALSE) -> #N/A | T13: =VLOOKUP($B13,$R$3:$X$9,3,FALSE) -> #N/A | U13: =VLOOKUP($B13,$R$3:$X$9,4,FALSE) -> #N/A | V13: =VLOOKUP($B13,$R$3:$X$9,5,FALSE) -> #N/A | W13: =VLOOKUP($B13,$R$3:$X$9,6,FALSE) -> #N/A | X13: =VLOOKUP($B13,$R$3:$X$9,7,FALSE) -> #N/A | Y13: =VLOOKUP($B13,$R$3:$Z$9,8,FALSE) -> #N/A | Z13: =VLOOKUP($B13,$R$3:$Z$9,9,FALSE) -> #N/A
R14: =B14 -> 0 | S14: =VLOOKUP($B14,$R$3:$X$9,2,FALSE) -> #N/A | T14: =VLOOKUP($B14,$R$3:$X$9,3,FALSE) -> #N/A | U14: =VLOOKUP($B14,$R$3:$X$9,4,FALSE) -> #N/A | V14: =VLOOKUP($B14,$R$3:$X$9,5,FALSE) -> #N/A | W14: =VLOOKUP($B14,$R$3:$X$9,6,FALSE) -> #N/A | X14: =VLOOKUP($B14,$R$3:$X$9,7,FALSE) -> #N/A | Y14: =VLOOKUP($B14,$R$3:$Z$9,8,FALSE) -> #N/A | Z14: =VLOOKUP($B14,$R$3:$Z$9,9,FALSE) -> #N/A
R15: =B15 -> 0 | S15: =VLOOKUP($B15,$R$3:$X$9,2,FALSE) -> #N/A | T15: =VLOOKUP($B15,$R$3:$X$9,3,FALSE) -> #N/A | U15: =VLOOKUP($B15,$R$3:$X$9,4,FALSE) -> #N/A | V15: =VLOOKUP($B15,$R$3:$X$9,5,FALSE) -> #N/A | W15: =VLOOKUP($B15,$R$3:$X$9,6,FALSE) -> #N/A | X15: =VLOOKUP($B15,$R$3:$X$9,7,FALSE) -> #N/A | Y15: =VLOOKUP($B15,$R$3:$Z$9,8,FALSE) -> #N/A | Z15: =VLOOKUP($B15,$R$3:$Z$9,9,FALSE) -> #N/A
R16: =B16 -> 0 | S16: =VLOOKUP($B16,$R$3:$X$9,2,FALSE) -> #N/A | T16: =VLOOKUP($B16,$R$3:$X$9,3,FALSE) -> #N/A | U16: =VLOOKUP($B16,$R$3:$X$9,4,FALSE) -> #N/A | V16: =VLOOKUP($B16,$R$3:$X$9,5,FALSE) -> #N/A | W16: =VLOOKUP($B16,$R$3:$X$9,6,FALSE) -> #N/A | X16: =VLOOKUP($B16,$R$3:$X$9,7,FALSE) -> #N/A | Y16: =VLOOKUP($B16,$R$3:$Z$9,8,FALSE) -> #N/A | Z16: =VLOOKUP($B16,$R$3:$Z$9,9,FALSE) -> #N/A
R17: =B17 -> 0 | S17: =VLOOKUP($B17,$R$3:$X$9,2,FALSE) -> #N/A | T17: =VLOOKUP($B17,$R$3:$X$9,3,FALSE) -> #N/A | U17: =VLOOKUP($B17,$R$3:$X$9,4,FALSE) -> #N/A | V17: =VLOOKUP($B17,$R$3:$X$9,5,FALSE) -> #N/A | W17: =VLOOKUP($B17,$R$3:$X$9,6,FALSE) -> #N/A | X17: =VLOOKUP($B17,$R$3:$X$9,7,FALSE) -> #N/A | Y17: =VLOOKUP($B17,$R$3:$Z$9,8,FALSE) -> #N/A | Z17: =VLOOKUP($B17,$R$3:$Z$9,9,FALSE) -> #N/A
R18: =B18 -> 0 | S18: =VLOOKUP($B18,$R$3:$X$9,2,FALSE) -> #N/A | T18: =VLOOKUP($B18,$R$3:$X$9,3,FALSE) -> #N/A | U18: =VLOOKUP($B18,$R$3:$X$9,4,FALSE) -> #N/A | V18: =VLOOKUP($B18,$R$3:$X$9,5,FALSE) -> #N/A | W18: =VLOOKUP($B18,$R$3:$X$9,6,FALSE) -> #N/A | X18: =VLOOKUP($B18,$R$3:$X$9,7,FALSE) -> #N/A | Y18: =VLOOKUP($B18,$R$3:$Z$9,8,FALSE) -> #N/A | Z18: =VLOOKUP($B18,$R$3:$Z$9,9,FALSE) -> #N/A
R19: =B19 -> 0 | S19: =VLOOKUP($B19,$R$3:$X$9,2,FALSE) -> #N/A | T19: =VLOOKUP($B19,$R$3:$X$9,3,FALSE) -> #N/A | U19: =VLOOKUP($B19,$R$3:$X$9,4,FALSE) -> #N/A | V19: =VLOOKUP($B19,$R$3:$X$9,5,FALSE) -> #N/A | W19: =VLOOKUP($B19,$R$3:$X$9,6,FALSE) -> #N/A | X19: =VLOOKUP($B19,$R$3:$X$9,7,FALSE) -> #N/A | Y19: =VLOOKUP($B19,$R$3:$Z$9,8,FALSE) -> #N/A | Z19: =VLOOKUP($B19,$R$3:$Z$9,9,FALSE) -> #N/A
B20: CARIB | C20: =[24]Brewhouse!$A508 -> CA402 | D20: =[24]Brewhouse!$AF508 -> 53.3 | E20: =[24]Brewhouse!$AI508 -> 50.69 | F20: =[24]Brewhouse!$V508 -> 88 | G20: =[24]Brewhouse!$AG508 -> 11.9 | H20: 11.7 | I20: =[24]Brewhouse!$AU508 -> 97.963624 | J20: =[24]Brewhouse!$AV508 -> 100.88028 | K20: =[24]Brewhouse!$Q508 -> 6.2745098 | L20: =[24]Brewhouse!$P508 -> 60 | M20: =[24]Brewhouse!$U508-[24]Brewhouse!$T508 -> 0.12916667 | N20: =[24]Brewhouse!$Z508 -> 0.27152778 | O20: =[24]Brewhouse!$AX508 -> R. Regis | R20: =B20 -> CARIB | S20: =VLOOKUP($B20,$R$3:$X$9,2,FALSE) -> 11.6 | T20: =VLOOKUP($B20,$R$3:$X$9,3,FALSE) -> 12 | U20: =VLOOKUP($B20,$R$3:$X$9,4,FALSE) -> 0 | V20: =VLOOKUP($B20,$R$3:$X$9,5,FALSE) -> 0.11805556 | W20: =VLOOKUP($B20,$R$3:$X$9,6,FALSE) -> 0.22569444 | X20: =VLOOKUP($B20,$R$3:$X$9,7,FALSE) -> 0.26388889 | Y20: =VLOOKUP($B20,$R$3:$Z$9,8,FALSE) -> 0 | Z20: =VLOOKUP($B20,$R$3:$Z$9,9,FALSE) -> 60
R21: =B21 -> 0 | S21: =VLOOKUP($B21,$R$3:$X$9,2,FALSE) -> #N/A | T21: =VLOOKUP($B21,$R$3:$X$9,3,FALSE) -> #N/A | U21: =VLOOKUP($B21,$R$3:$X$9,4,FALSE) -> #N/A | V21: =VLOOKUP($B21,$R$3:$X$9,5,FALSE) -> #N/A | W21: =VLOOKUP($B21,$R$3:$X$9,6,FALSE) -> #N/A | X21: =VLOOKUP($B21,$R$3:$X$9,7,FALSE) -> #N/A | Y21: =VLOOKUP($B21,$R$3:$Z$9,8,FALSE) -> #N/A | Z21: =VLOOKUP($B21,$R$3:$Z$9,9,FALSE) -> #N/A
B22: STAG | C22: =[25]Brewhouse!$A242 -> ST223 | D22: =[25]Brewhouse!$AD242 -> 52.9 | E22: =[25]Brewhouse!$AG242 -> 50 | F22: =[25]Brewhouse!$V242 -> 86 | G22: =[25]Brewhouse!$AE242 -> 11.6 | H22: 11.6 | I22: =[25]Brewhouse!$AS242 -> 95.024171 | J22: =[25]Brewhouse!$AT242 -> 97.367548 | K22: =[25]Brewhouse!$Q242 -> 7.7634011 | L22: =[25]Brewhouse!$P242 -> 60 | M22: =[25]Brewhouse!$U242-[25]Brewhouse!$T242 -> 0.13611111 | N22: =[25]Brewhouse!$AW242 -> 0.26666667 | O22: =[25]Brewhouse!$AV242 -> D. Gomaz | R22: =B22 -> STAG | S22: =VLOOKUP($B22,$R$3:$X$9,2,FALSE) -> 11.6 | T22: =VLOOKUP($B22,$R$3:$X$9,3,FALSE) -> 12 | U22: =VLOOKUP($B22,$R$3:$X$9,4,FALSE) -> 0 | V22: =VLOOKUP($B22,$R$3:$X$9,5,FALSE) -> 0.11805556 | W22: =VLOOKUP($B22,$R$3:$X$9,6,FALSE) -> 0.22569444 | X22: =VLOOKUP($B22,$R$3:$X$9,7,FALSE) -> 0.26388889 | Y22: =VLOOKUP($B22,$R$3:$Z$9,8,FALSE) -> 0 | Z22: =VLOOKUP($B22,$R$3:$Z$9,9,FALSE) -> 60
B23: STAG | C23: =[25]Brewhouse!$A243 -> ST224 | D23: =[25]Brewhouse!$AD243 -> 52.2 | E23: =[25]Brewhouse!$AG243 -> 48.91 | F23: =[25]Brewhouse!$V243 -> 85 | G23: =[25]Brewhouse!$AE243 -> 11.9 | H23: 11.9 | I23: =[25]Brewhouse!$AS243 -> 95.603327 | J23: =[25]Brewhouse!$AT243 -> 97.960219 | K23: =[25]Brewhouse!$Q243 -> 5.4307116 | L23: =[25]Brewhouse!$P243 -> 61 | M23: =[25]Brewhouse!$U243-[25]Brewhouse!$T243 -> 0.12708333 | N23: =[25]Brewhouse!$AW243 -> 0.25902778 | O23: =[25]Brewhouse!$AV243 -> D. Gomaz | R23: =B23 -> STAG | S23: =VLOOKUP($B23,$R$3:$X$9,2,FALSE) -> 11.6 | T23: =VLOOKUP($B23,$R$3:$X$9,3,FALSE) -> 12 | U23: =VLOOKUP($B23,$R$3:$X$9,4,FALSE) -> 0 | V23: =VLOOKUP($B23,$R$3:$X$9,5,FALSE) -> 0.11805556 | W23: =VLOOKUP($B23,$R$3:$X$9,6,FALSE) -> 0.22569444 | X23: =VLOOKUP($B23,$R$3:$X$9,7,FALSE) -> 0.26388889 | Y23: =VLOOKUP($B23,$R$3:$Z$9,8,FALSE) -> 0 | Z23: =VLOOKUP($B23,$R$3:$Z$9,9,FALSE) -> 60
B24: STAG | C24: =[25]Brewhouse!$A244 -> ST225 | D24: =[25]Brewhouse!$AD244 -> 53.3 | E24: =[25]Brewhouse!$AG244 -> 50.4 | F24: =[25]Brewhouse!$V244 -> 89 | G24: =[25]Brewhouse!$AE244 -> 11.8 | H24: 11.7 | I24: =[25]Brewhouse!$AS244 -> 97.891005 | J24: =[25]Brewhouse!$AT244 -> 100.30272 | K24: =[25]Brewhouse!$Q244 -> 4.7348485 | L24: =[25]Brewhouse!$P244 -> 61 | M24: =[25]Brewhouse!$U244-[25]Brewhouse!$T244 -> 0.13194444 | N24: =[25]Brewhouse!$AW244 -> 0.28125 | O24: =[25]Brewhouse!$AV244 -> D. Gomaz | R24: =B24 -> STAG | S24: =VLOOKUP($B24,$R$3:$X$9,2,FALSE) -> 11.6 | T24: =VLOOKUP($B24,$R$3:$X$9,3,FALSE) -> 12 | U24: =VLOOKUP($B24,$R$3:$X$9,4,FALSE) -> 0 | V24: =VLOOKUP($B24,$R$3:$X$9,5,FALSE) -> 0.11805556 | W24: =VLOOKUP($B24,$R$3:$X$9,6,FALSE) -> 0.22569444 | X24: =VLOOKUP($B24,$R$3:$X$9,7,FALSE) -> 0.26388889 | Y24: =VLOOKUP($B24,$R$3:$Z$9,8,FALSE) -> 0 | Z24: =VLOOKUP($B24,$R$3:$Z$9,9,FALSE) -> 60
B25: STAG | C25: =[25]Brewhouse!$A245 -> ST226 | D25: =[25]Brewhouse!$AD245 -> 52.6 | E25: =[25]Brewhouse!$AG245 -> 50 | F25: =[25]Brewhouse!$V245 -> 82 | G25: =[25]Brewhouse!$AE245 -> 11.7 | H25: 11.8 | I25: =[25]Brewhouse!$AS245 -> 96.127502 | J25: =[25]Brewhouse!$AT245 -> 98.496545 | K25: =[25]Brewhouse!$Q245 -> 5.4844607 | L25: =[25]Brewhouse!$P245 -> 59 | M25: =[25]Brewhouse!$U245-[25]Brewhouse!$T245 -> 0.12361111 | N25: =[25]Brewhouse!$AW245 -> 0.27430556 | O25: =[25]Brewhouse!$AV245 -> K. Benjamin | R25: =B25 -> STAG | S25: =VLOOKUP($B25,$R$3:$X$9,2,FALSE) -> 11.6 | T25: =VLOOKUP($B25,$R$3:$X$9,3,FALSE) -> 12 | U25: =VLOOKUP($B25,$R$3:$X$9,4,FALSE) -> 0 | V25: =VLOOKUP($B25,$R$3:$X$9,5,FALSE) -> 0.11805556 | W25: =VLOOKUP($B25,$R$3:$X$9,6,FALSE) -> 0.22569444 | X25: =VLOOKUP($B25,$R$3:$X$9,7,FALSE) -> 0.26388889 | Y25: =VLOOKUP($B25,$R$3:$Z$9,8,FALSE) -> 0 | Z25: =VLOOKUP($B25,$R$3:$Z$9,9,FALSE) -> 60
B26: STAG | C26: =[25]Brewhouse!$A246 -> ST227 | D26: =[25]Brewhouse!$AD246 -> 52.6 | E26: =[25]Brewhouse!$AG246 -> 49.9 | F26: =[25]Brewhouse!$V246 -> 75 | G26: =[25]Brewhouse!$AE246 -> 11.8 | H26: 11.8 | I26: =[25]Brewhouse!$AS246 -> 96.919864 | J26: =[25]Brewhouse!$AT246 -> 99.307653 | K26: =[25]Brewhouse!$Q246 -> 4.9632353 | L26: =[25]Brewhouse!$P246 -> 60 | M26: =[25]Brewhouse!$U246-[25]Brewhouse!$T246 -> 0.12430556 | N26: =[25]Brewhouse!$AW246 -> 0.26805556 | O26: =[25]Brewhouse!$AV246 -> K. Benjamin | R26: =B26 -> STAG | S26: =VLOOKUP($B26,$R$3:$X$9,2,FALSE) -> 11.6 | T26: =VLOOKUP($B26,$R$3:$X$9,3,FALSE) -> 12 | U26: =VLOOKUP($B26,$R$3:$X$9,4,FALSE) -> 0 | V26: =VLOOKUP($B26,$R$3:$X$9,5,FALSE) -> 0.11805556 | W26: =VLOOKUP($B26,$R$3:$X$9,6,FALSE) -> 0.22569444 | X26: =VLOOKUP($B26,$R$3:$X$9,7,FALSE) -> 0.26388889 | Y26: =VLOOKUP($B26,$R$3:$Z$9,8,FALSE) -> 0 | Z26: =VLOOKUP($B26,$R$3:$Z$9,9,FALSE) -> 60
B27: STAG | C27: =[25]Brewhouse!$A247 -> ST228 | D27: =[25]Brewhouse!$AD247 -> 53.4 | E27: =[25]Brewhouse!$AG247 -> 50.7 | F27: =[25]Brewhouse!$V247 -> 79 | G27: =[25]Brewhouse!$AE247 -> 11.8 | H27: 11.7 | I27: =[25]Brewhouse!$AS247 -> 98.103519 | J27: =[25]Brewhouse!$AT247 -> 100.52283 | K27: =[25]Brewhouse!$Q247 -> 3.1365314 | L27: =[25]Brewhouse!$P247 -> 59 | M27: =[25]Brewhouse!$U247-[25]Brewhouse!$T247 -> 0.12013889 | N27: =[25]Brewhouse!$AW247 -> 0.26111111 | O27: =[25]Brewhouse!$AV247 -> K. Benjamin | R27: =B27 -> STAG | S27: =VLOOKUP($B27,$R$3:$X$9,2,FALSE) -> 11.6 | T27: =VLOOKUP($B27,$R$3:$X$9,3,FALSE) -> 12 | U27: =VLOOKUP($B27,$R$3:$X$9,4,FALSE) -> 0 | V27: =VLOOKUP($B27,$R$3:$X$9,5,FALSE) -> 0.11805556 | W27: =VLOOKUP($B27,$R$3:$X$9,6,FALSE) -> 0.22569444 | X27: =VLOOKUP($B27,$R$3:$X$9,7,FALSE) -> 0.26388889 | Y27: =VLOOKUP($B27,$R$3:$Z$9,8,FALSE) -> 0 | Z27: =VLOOKUP($B27,$R$3:$Z$9,9,FALSE) -> 60
B28: STAG | C28: =[25]Brewhouse!$A248 -> ST229 | D28: =[25]Brewhouse!$AD248 -> 53.4 | E28: =[25]Brewhouse!$AG248 -> 51 | F28: =[25]Brewhouse!$V248 -> 82 | G28: =[25]Brewhouse!$AE248 -> 11.8 | H28: 11.7 | I28: =[25]Brewhouse!$AS248 -> 98.807822 | J28: =[25]Brewhouse!$AT248 -> 101.24371 | K28: =[25]Brewhouse!$Q248 -> 3.8461538 | L28: =[25]Brewhouse!$P248 -> 62 | M28: =[25]Brewhouse!$U248-[25]Brewhouse!$T248 -> 0.12847222 | N28: =[25]Brewhouse!$AW248 -> 0.26805556 | O28: =[25]Brewhouse!$AV248 -> R. Regis | R28: =B28 -> STAG | S28: =VLOOKUP($B28,$R$3:$X$9,2,FALSE) -> 11.6 | T28: =VLOOKUP($B28,$R$3:$X$9,3,FALSE) -> 12 | U28: =VLOOKUP($B28,$R$3:$X$9,4,FALSE) -> 0 | V28: =VLOOKUP($B28,$R$3:$X$9,5,FALSE) -> 0.11805556 | W28: =VLOOKUP($B28,$R$3:$X$9,6,FALSE) -> 0.22569444 | X28: =VLOOKUP($B28,$R$3:$X$9,7,FALSE) -> 0.26388889 | Y28: =VLOOKUP($B28,$R$3:$Z$9,8,FALSE) -> 0 | Z28: =VLOOKUP($B28,$R$3:$Z$9,9,FALSE) -> 60
B29: STAG | C29: =[25]Brewhouse!$A249 -> ST230 | D29: =[25]Brewhouse!$AD249 -> 53.1 | E29: =[25]Brewhouse!$AG249 -> 50.5 | F29: =[25]Brewhouse!$V249 -> 79 | G29: =[25]Brewhouse!$AE249 -> 11.8 | H29: 11.8 | I29: =[25]Brewhouse!$AS249 -> 97.839118 | J29: =[25]Brewhouse!$AT249 -> 100.25113 | K29: =[25]Brewhouse!$Q249 -> 4.7445255 | L29: =[25]Brewhouse!$P249 -> 60 | M29: =[25]Brewhouse!$U249-[25]Brewhouse!$T249 -> 0.12638889 | N29: =[25]Brewhouse!$AW249 -> 0.27638889 | O29: =[25]Brewhouse!$AV249 -> R. Regis | R29: =B29 -> STAG | S29: =VLOOKUP($B29,$R$3:$X$9,2,FALSE) -> 11.6 | T29: =VLOOKUP($B29,$R$3:$X$9,3,FALSE) -> 12 | U29: =VLOOKUP($B29,$R$3:$X$9,4,FALSE) -> 0 | V29: =VLOOKUP($B29,$R$3:$X$9,5,FALSE) -> 0.11805556 | W29: =VLOOKUP($B29,$R$3:$X$9,6,FALSE) -> 0.22569444 | X29: =VLOOKUP($B29,$R$3:$X$9,7,FALSE) -> 0.26388889 | Y29: =VLOOKUP($B29,$R$3:$Z$9,8,FALSE) -> 0 | Z29: =VLOOKUP($B29,$R$3:$Z$9,9,FALSE) -> 60
R30: =B30 -> 0 | S30: =VLOOKUP($B30,$R$3:$X$9,2,FALSE) -> #N/A | T30: =VLOOKUP($B30,$R$3:$X$9,3,FALSE) -> #N/A | U30: =VLOOKUP($B30,$R$3:$X$9,4,FALSE) -> #N/A | V30: =VLOOKUP($B30,$R$3:$X$9,5,FALSE) -> #N/A | W30: =VLOOKUP($B30,$R$3:$X$9,6,FALSE) -> #N/A | X30: =VLOOKUP($B30,$R$3:$X$9,7,FALSE) -> #N/A | Y30: =VLOOKUP($B30,$R$3:$Z$9,8,FALSE) -> #N/A | Z30: =VLOOKUP($B30,$R$3:$Z$9,9,FALSE) -> #N/A
R31: =B31 -> 0 | S31: =VLOOKUP($B31,$R$3:$X$9,2,FALSE) -> #N/A | T31: =VLOOKUP($B31,$R$3:$X$9,3,FALSE) -> #N/A | U31: =VLOOKUP($B31,$R$3:$X$9,4,FALSE) -> #N/A | V31: =VLOOKUP($B31,$R$3:$X$9,5,FALSE) -> #N/A | W31: =VLOOKUP($B31,$R$3:$X$9,6,FALSE) -> #N/A | X31: =VLOOKUP($B31,$R$3:$X$9,7,FALSE) -> #N/A | Y31: =VLOOKUP($B31,$R$3:$Z$9,8,FALSE) -> #N/A | Z31: =VLOOKUP($B31,$R$3:$Z$9,9,FALSE) -> #N/A
R32: =B32 -> 0 | S32: =VLOOKUP($B32,$R$3:$X$9,2,FALSE) -> #N/A | T32: =VLOOKUP($B32,$R$3:$X$9,3,FALSE) -> #N/A | U32: =VLOOKUP($B32,$R$3:$X$9,4,FALSE) -> #N/A | V32: =VLOOKUP($B32,$R$3:$X$9,5,FALSE) -> #N/A | W32: =VLOOKUP($B32,$R$3:$X$9,6,FALSE) -> #N/A | X32: =VLOOKUP($B32,$R$3:$X$9,7,FALSE) -> #N/A | Y32: =VLOOKUP($B32,$R$3:$Z$9,8,FALSE) -> #N/A | Z32: =VLOOKUP($B32,$R$3:$Z$9,9,FALSE) -> #N/A
R33: =B33 -> 0 | S33: =VLOOKUP($B33,$R$3:$X$9,2,FALSE) -> #N/A | T33: =VLOOKUP($B33,$R$3:$X$9,3,FALSE) -> #N/A | U33: =VLOOKUP($B33,$R$3:$X$9,4,FALSE) -> #N/A | V33: =VLOOKUP($B33,$R$3:$X$9,5,FALSE) -> #N/A | W33: =VLOOKUP($B33,$R$3:$X$9,6,FALSE) -> #N/A | X33: =VLOOKUP($B33,$R$3:$X$9,7,FALSE) -> #N/A | Y33: =VLOOKUP($B33,$R$3:$Z$9,8,FALSE) -> #N/A | Z33: =VLOOKUP($B33,$R$3:$Z$9,9,FALSE) -> #N/A
R34: =B34 -> 0 | S34: =VLOOKUP($B34,$R$3:$X$9,2,FALSE) -> #N/A | T34: =VLOOKUP($B34,$R$3:$X$9,3,FALSE) -> #N/A | U34: =VLOOKUP($B34,$R$3:$X$9,4,FALSE) -> #N/A | V34: =VLOOKUP($B34,$R$3:$X$9,5,FALSE) -> #N/A | W34: =VLOOKUP($B34,$R$3:$X$9,6,FALSE) -> #N/A | X34: =VLOOKUP($B34,$R$3:$X$9,7,FALSE) -> #N/A | Y34: =VLOOKUP($B34,$R$3:$Z$9,8,FALSE) -> #N/A | Z34: =VLOOKUP($B34,$R$3:$Z$9,9,FALSE) -> #N/A
R35: =B35 -> 0 | S35: =VLOOKUP($B35,$R$3:$X$9,2,FALSE) -> #N/A | T35: =VLOOKUP($B35,$R$3:$X$9,3,FALSE) -> #N/A | U35: =VLOOKUP($B35,$R$3:$X$9,4,FALSE) -> #N/A | V35: =VLOOKUP($B35,$R$3:$X$9,5,FALSE) -> #N/A | W35: =VLOOKUP($B35,$R$3:$X$9,6,FALSE) -> #N/A | X35: =VLOOKUP($B35,$R$3:$X$9,7,FALSE) -> #N/A | Y35: =VLOOKUP($B35,$R$3:$Z$9,8,FALSE) -> #N/A | Z35: =VLOOKUP($B35,$R$3:$Z$9,9,FALSE) -> #N/A
R36: =B36 -> 0 | S36: =VLOOKUP($B36,$R$3:$X$9,2,FALSE) -> #N/A | T36: =VLOOKUP($B36,$R$3:$X$9,3,FALSE) -> #N/A | U36: =VLOOKUP($B36,$R$3:$X$9,4,FALSE) -> #N/A | V36: =VLOOKUP($B36,$R$3:$X$9,5,FALSE) -> #N/A | W36: =VLOOKUP($B36,$R$3:$X$9,6,FALSE) -> #N/A | X36: =VLOOKUP($B36,$R$3:$X$9,7,FALSE) -> #N/A | Y36: =VLOOKUP($B36,$R$3:$Z$9,8,FALSE) -> #N/A | Z36: =VLOOKUP($B36,$R$3:$Z$9,9,FALSE) -> #N/A
I37: EXTRACT RECOVERY | R37: =B37 -> 0 | S37: =VLOOKUP($B37,$R$3:$X$9,2,FALSE) -> #N/A | T37: =VLOOKUP($B37,$R$3:$X$9,3,FALSE) -> #N/A | U37: =VLOOKUP($B37,$R$3:$X$9,4,FALSE) -> #N/A | V37: =VLOOKUP($B37,$R$3:$X$9,5,FALSE) -> #N/A | W37: =VLOOKUP($B37,$R$3:$X$9,6,FALSE) -> #N/A | X37: =VLOOKUP($B37,$R$3:$X$9,7,FALSE) -> #N/A | Y37: =VLOOKUP($B37,$R$3:$Z$9,8,FALSE) -> #N/A | Z37: =VLOOKUP($B37,$R$3:$Z$9,9,FALSE) -> #N/A
B38: BRAND | D38: BBT P.G./ O.G | I38: Brand | J38: Actual | K38: MTD No. of Brews | L38: MTD | M38: YTD | N38: Target | R38: =B38 -> BRAND | S38: =VLOOKUP($B38,$R$3:$X$9,2,FALSE) -> #N/A | T38: =VLOOKUP($B38,$R$3:$X$9,3,FALSE) -> #N/A | U38: =VLOOKUP($B38,$R$3:$X$9,4,FALSE) -> #N/A | V38: =VLOOKUP($B38,$R$3:$X$9,5,FALSE) -> #N/A | W38: =VLOOKUP($B38,$R$3:$X$9,6,FALSE) -> #N/A | X38: =VLOOKUP($B38,$R$3:$X$9,7,FALSE) -> #N/A | Y38: =VLOOKUP($B38,$R$3:$Z$9,8,FALSE) -> #N/A | Z38: =VLOOKUP($B38,$R$3:$Z$9,9,FALSE) -> #N/A
I39: CARIB | J39: =I20 -> 97.963624 | K39: =COUNTA([24]Brewhouse!$A$493:$A$508) -> 16 | L39: =AVERAGE([24]Brewhouse!$AU$493:$AU$508) -> 98.255426 | M39: =AVERAGE([24]Brewhouse!$AU$102:$AU$171,[24]Brewhouse!$AU$173:$AU$253,[24]Brewhouse!$AU$255:$AU$339,[24]Brewhouse!$AU$341:$AU$346,[24]Brewhouse!$AU$348,[24]Brewhouse!$AU$349:$AU$406,[24]Brewhouse!$AU$408:$AU$491,[24]Brewhouse!$AU$493:$AU$508) -> 97.684309 | N39: 98
I40: STAG | J40: =AVERAGE(I22:I29) -> 97.039541 | K40: =COUNTA([25]Brewhouse!$A$242:$A$249) -> 8 | L40: =AVERAGE([25]Brewhouse!$AS$242:$AS$249) -> 97.039541 | M40: =AVERAGE([25]Brewhouse!$AS$15:$AS$64,[25]Brewhouse!$AS$66:$AS$103,[25]Brewhouse!$AS$105:$AS$140,[25]Brewhouse!$AS$142:$AS$193,[25]Brewhouse!$AS$195:$AS$240,[25]Brewhouse!$AS$242:$AS$249) -> 97.846474 | N40: 98
I41: GUINNESS | M41: =AVERAGE([26]Brewhouse!$AU$4:$AU$7,[26]Brewhouse!$AU$9:$AU$22,[26]Brewhouse!$AU$24:$AU$35,[26]Brewhouse!$AU$37:$AU$45,[26]Brewhouse!$AU$47:$AU$62) -> 97.179377 | N41: 98
I42: VITAMALT | M42: =AVERAGE([23]Brewhouse!$AV$5:$AV$14,[23]Brewhouse!$AV$16:$AV$19,[23]Brewhouse!$AV$21:$AV$24,[23]Brewhouse!$AV$26:$AV$33,[23]Brewhouse!$AV$35:$AV$46) -> 99.005314 | N42: 98
I43: MAXIMALT | N43: 98
I44: MACKESON | M44: =AVERAGE([27]Brewhouse!$AT$4:$AT$11,[27]Brewhouse!$AT$13:$AT$16) -> 94.677026 | N44: 98
I45: STARMALT | K45: =COUNTA([22]Brewhouse!$A$45:$A$50) -> 6 | L45: =AVERAGE([22]Brewhouse!$AY$45:$AY$50) -> 96.288901 | M45: =AVERAGE([22]Brewhouse!$AY$6:$AY$13,[22]Brewhouse!$AY$15:$AY$20,[22]Brewhouse!$AY$22:$AY$29,[22]Brewhouse!$AY$31:$AY$34,[22]Brewhouse!$AY$36:$AY$43,[22]Brewhouse!$AY$45:$AY$50) -> 96.612625 | N45: 98
I46: HR- Pils | M46: =AVERAGE([28]Brewhouse!$AU$5:$AU$8) -> 91.006888 | N46: 98
I47: HR- IPA | N47: 98
I48: HR- APA | N48: 98
K49: =SUM(K39:K48) -> 30 | L49: =((L39*K39)+(L40*K40)+(L41*K41)+(L42*K42)+(L43*K43)+(K46*L46)+(L44*K44)+(L45*K45)+(L48*K48))/(K49) -> 97.537885 | M49: =AVERAGE('[29]Jan 31st'!$L$65,'[30]Feb 28th'!$L$35,'[31]Mar. 31st'!$L$35,'[32]Apr. 30th'!$L$45,'[33]May 30th'!$L$37,L49) -> 97.619523 | N49: 98
J51: Daily Brewing Plan
J52: Brand | K52: Brews Achieved | L52: Average Brews per day
J53: CARIB | K53: 1 | L53: MTD | M53: YTD | N53: TARGET
J54: STAG | K54: 8 | L54: =AVERAGE('June 2nd'!K57,'June 5th '!K63,'June 3rd'!K63,'June 4th'!K63) -> 7.5 | M54: =AVERAGE('[29]Jan 29th '!$M$70,'[30]Feb 28th'!$L$40,'[31]Mar. 31st'!$L$40,'[32]Apr. 30th'!$L$50,'[33]May 30th'!$L$42,L54) -> 6.7844402 | N54: 9.2
J55: GUINN
J56: VITAMALT
J57: STARMALT
J58: MACKESON
J59: HURRICANE REEF- IPA
J60: HURRICANE REEF- APA
B61: AVERAGE | D61: =AVERAGE(D39:E60) -> #DIV/0! | J61: HR- PILSNER
J62: CARIBE
J63: Total | K63: =SUM(K53:K62) -> 9
B64: Process: | C64: Fermentation/Filtration
B66: Brand | C66: Filt. Date | D66: FV Hls | E66: GFE/ Prim/ Vita Blend (Hls) | F66: SV Hls | G66: BBT Hls | H66: Loss (%) Ferm | I66: Loss (%) Filt | J66: Comments | K66: Throughput | L66: Process Loss (%) | M66: Filt. Operator
AB67: 43474 | AC67: 43475 | AD67: 43476 | AE67: 43477 | AF67: 43478 | AG67: 43479 | AH67: 43480 | AI67: 43481 | AJ67: 43482 | AK67: 43483 | AL67: 43484 | AM67: 43485 | AN67: 43486 | AO67: 43487 | AP67: 43488 | AQ67: 43489 | AR67: 43490 | AS67: 43491 | AT67: 43492 | AU67: 43493 | AV67: 43494 | AW67: 43495 | AX67: 43496
B68: =B75 -> CARIB | C68: 45813 | F68: =82.2+78 -> 160.2 | G68: =79+73.6 -> 152.6 | H68: =(D68-F68)/D68*100 -> #DIV/0! | I68: =((F68+E68)-G68)/(F68+E68)*100 -> 4.7440699 | M68: R. Regis
B70: =B81 -> STARMALT | C70: 45812 | J70: 2 SBF | L70: =(((D70+E70)-G70)/(D70+E70))*100 -> #DIV/0! | M70: K. Hosten | AB70: =[20]January_2019!L7 -> 0 | AC70: =[20]January_2019!M7 -> 0 | AD70: =[20]January_2019!N7 -> 0 | AE70: =[20]January_2019!O7 -> 0 | AF70: =[20]January_2019!P7 -> 0 | AG70: =[20]January_2019!Q7 -> 0 | AH70: =[20]January_2019!R7 -> 0 | AI70: =[20]January_2019!S7 -> 0 | ... AX70: =[20]January_2019!AH7 -> 0
B73: Process Loss (Volume) | G73: Process Loss (Extract) | K73: Throughput
B74: Brand | C74: Actual | D74: MTD | E74: YTD | F74: Target | G74: Actual | H74: MTD | I74: YTD | J74: Target | K74: Actual | L74: MTD | M74: YTD | N74: Target
B75: CARIB | D75: 8.0696203 | E75: 6.7070238 | F75: 4.8 | H75: 6.5114782 | I75: 6.8169852 | J75: 4.8 | L75: 0.54362573 | M75: 0.75567615 | N75: 1
B76: STAG | D76: -0.78125 | E76: 5.6884091 | F76: 4.8 | H76: -1.1688644 | I76: 5.5316296 | J76: 4.8 | L76: 0.58087719 | M76: 0.74128439 | N76: 1
B77: GUINN | E77: 11.904403 | F77: 5.5 | I77: 13.276233 | J77: 5.5 | M77: 0.54554654 | N77: 1
B78: VITAMALT | D78: 3.718593 | E78: 4.2675954 | F78: 3.3 | H78: 3.5401444 | I78: 4.1118287 | J78: 3.3 | L78: 0.33614035 | M78: 0.78836257 | N78: 1
B79: MAXIMALT | F79: 3.3 | J79: 3 | N79: 1
B80: MACKESON | E80: 7.8262258 | F80: =[21]May_2022!$M$43 -> 3.4878407 | I80: 9.4300679 | J80: 5.5 | M80: 0.67497076 | N80: 1
B81: STARMALT | D81: 4.4761596 | E81: 2.899045 | F81: 3.3 | H81: 4.5799898 | I81: 4.4797972 | J81: 3.3 | L81: 0.34444444 | M81: 0.75981884 | N81: 1
B82: HURRICANE REEF | F82: 7.5 | J82: 7.5 | N82: 1
B83: HURRICANE REEF PILS | E83: 4.8792509 | F83: 4.8 | I83: 6.2003724 | J83: 4.8 | M83: 0.33859649 | N83: 1
D84: 2.6645603 | E84: 6.4596245 | F84: 5.5 | H84: 2.2733883 | I84: 6.8123908 | J84: 5.5 | L84: 0.47719298 | M84: 0.71774244 | N84: 1

Sheet June 6th
S1: P.G. | U1: Hot Time | W1: Process Time | Y1: Cooling Time
B2: Brewing Department Daily Process Loss Report | S2: Lower | T2: Upper | U2: Lower | V2: Upper | W2: Lower | X2: Upper | Y2: Lower | Z2: Upper
R3: CARIB | S3: 11.6 | T3: 12 | U3: 0 | V3: 0.11805556 | W3: 0.22569444 | X3: 0.26388889 | Y3: 0 | Z3: 60 | AB3: HR- PISNER
B4: Date: | C4: 45818 | J4: LOT WORT COLOUR: 3.3 | M4: Filter Sheets (Target 20 days) | R4: STAG | S4: 11.6 | T4: 12 | U4: 0 | V4: 0.11805556 | W4: 0.22569444 | X4: 0.26388889 | Y4: 0 | Z4: 60
M5: Double | N5: Single | R5: GUINNESS | S5: 17 | T5: 17.5 | U5: 0 | V5: 0.10763889 | W5: 0.24652778 | X5: 0.28472222 | Y5: 0 | Z5: 60
J6: MALT LOT: Lot 37&38 | L6: Sheet Day | R6: MACKESON | S6: 13.3 | T6: 13.5 | U6: 0 | V6: 0.12905093 | W6: 0.27430556 | X6: 0.30208333 | Y6: 0
R7: STARMALT | S7: 17.1 | T7: 17.5 | U7: 0 | V7: 0.13605324 | W7: 0.27430556 | X7: 0.30902778 | Y7: 0 | Z7: 60
B8: Brand | C8: Brew no. | D8: Kett. Hls | E8: Wort | F8: Cool Time(Mins) | G8: Cast. P.G. (Lab Result) | H8: Cast P.G. (Cellar Operator)-gravity | I8: Extr. Rec (79.09%) | J8: Theor. Extr. (77.5%) | K8: Boil Off /Vol. (4-6%) | L8: Boil Time | M8: Total Hot | N8: Brewing | O8: Operator | R8: Hurricane Reef | S8: 16.6 | T8: 17 | U8: 0 | V8: 0.12905093 | W8: 0.27430556 | X8: 0.30208333 | Y8: 0
E9: Meter (Hls) | F9: Target(< 60Mins) | M9: Time | R9: VITAMALT | S9: 14.4 | T9: 14.6 | U9: 0 | V9: 0.13905093 | W9: 0.26041667 | X9: 0.29513889 | Y9: 0 | Z9: 75
R10: =B10 -> 0 | S10: =VLOOKUP($B10,$R$3:$X$9,2,FALSE) -> #N/A | T10: =VLOOKUP($B10,$R$3:$X$9,3,FALSE) -> #N/A | U10: =VLOOKUP($B10,$R$3:$X$9,4,FALSE) -> #N/A | V10: =VLOOKUP($B10,$R$3:$X$9,5,FALSE) -> #N/A | W10: =VLOOKUP($B10,$R$3:$X$9,6,FALSE) -> #N/A | X10: =VLOOKUP($B10,$R$3:$X$9,7,FALSE) -> #N/A | Y10: =VLOOKUP($B10,$R$3:$Z$9,8,FALSE) -> #N/A | Z10: =VLOOKUP($B10,$R$3:$Z$9,9,FALSE) -> #N/A
R11: =B11 -> 0 | S11: =VLOOKUP($B11,$R$3:$X$9,2,FALSE) -> #N/A | T11: =VLOOKUP($B11,$R$3:$X$9,3,FALSE) -> #N/A | U11: =VLOOKUP($B11,$R$3:$X$9,4,FALSE) -> #N/A | V11: =VLOOKUP($B11,$R$3:$X$9,5,FALSE) -> #N/A | W11: =VLOOKUP($B11,$R$3:$X$9,6,FALSE) -> #N/A | X11: =VLOOKUP($B11,$R$3:$X$9,7,FALSE) -> #N/A | Y11: =VLOOKUP($B11,$R$3:$Z$9,8,FALSE) -> #N/A | Z11: =VLOOKUP($B11,$R$3:$Z$9,9,FALSE) -> #N/A
R12: =B12 -> 0 | S12: =VLOOKUP($B12,$R$3:$X$9,2,FALSE) -> #N/A | T12: =VLOOKUP($B12,$R$3:$X$9,3,FALSE) -> #N/A | U12: =VLOOKUP($B12,$R$3:$X$9,4,FALSE) -> #N/A | V12: =VLOOKUP($B12,$R$3:$X$9,5,FALSE) -> #N/A | W12: =VLOOKUP($B12,$R$3:$X$9,6,FALSE) -> #N/A | X12: =VLOOKUP($B12,$R$3:$X$9,7,FALSE) -> #N/A | Y12: =VLOOKUP($B12,$R$3:$Z$9,8,FALSE) -> #N/A | Z12: =VLOOKUP($B12,$R$3:$Z$9,9,FALSE) -> #N/A
R13: =B13 -> 0 | S13: =VLOOKUP($B13,$R$3:$X$9,2,FALSE) -> #N/A | T13: =VLOOKUP($B13,$R$3:$X$9,3,FALSE) -> #N/A | U13: =VLOOKUP($B13,$R$3:$X$9,4,FALSE) -> #N/A | V13: =VLOOKUP($B13,$R$3:$X$9,5,FALSE) -> #N/A | W13: =VLOOKUP($B13,$R$3:$X$9,6,FALSE) -> #N/A | X13: =VLOOKUP($B13,$R$3:$X$9,7,FALSE) -> #N/A | Y13: =VLOOKUP($B13,$R$3:$Z$9,8,FALSE) -> #N/A | Z13: =VLOOKUP($B13,$R$3:$Z$9,9,FALSE) -> #N/A
R14: =B14 -> 0 | S14: =VLOOKUP($B14,$R$3:$X$9,2,FALSE) -> #N/A | T14: =VLOOKUP($B14,$R$3:$X$9,3,FALSE) -> #N/A | U14: =VLOOKUP($B14,$R$3:$X$9,4,FALSE) -> #N/A | V14: =VLOOKUP($B14,$R$3:$X$9,5,FALSE) -> #N/A | W14: =VLOOKUP($B14,$R$3:$X$9,6,FALSE) -> #N/A | X14: =VLOOKUP($B14,$R$3:$X$9,7,FALSE) -> #N/A | Y14: =VLOOKUP($B14,$R$3:$Z$9,8,FALSE) -> #N/A | Z14: =VLOOKUP($B14,$R$3:$Z$9,9,FALSE) -> #N/A
R15: =B15 -> 0 | S15: =VLOOKUP($B15,$R$3:$X$9,2,FALSE) -> #N/A | T15: =VLOOKUP($B15,$R$3:$X$9,3,FALSE) -> #N/A | U15: =VLOOKUP($B15,$R$3:$X$9,4,FALSE) -> #N/A | V15: =VLOOKUP($B15,$R$3:$X$9,5,FALSE) -> #N/A | W15: =VLOOKUP($B15,$R$3:$X$9,6,FALSE) -> #N/A | X15: =VLOOKUP($B15,$R$3:$X$9,7,FALSE) -> #N/A | Y15: =VLOOKUP($B15,$R$3:$Z$9,8,FALSE) -> #N/A | Z15: =VLOOKUP($B15,$R$3:$Z$9,9,FALSE) -> #N/A
R16: =B16 -> 0 | S16: =VLOOKUP($B16,$R$3:$X$9,2,FALSE) -> #N/A | T16: =VLOOKUP($B16,$R$3:$X$9,3,FALSE) -> #N/A | U16: =VLOOKUP($B16,$R$3:$X$9,4,FALSE) -> #N/A | V16: =VLOOKUP($B16,$R$3:$X$9,5,FALSE) -> #N/A | W16: =VLOOKUP($B16,$R$3:$X$9,6,FALSE) -> #N/A | X16: =VLOOKUP($B16,$R$3:$X$9,7,FALSE) -> #N/A | Y16: =VLOOKUP($B16,$R$3:$Z$9,8,FALSE) -> #N/A | Z16: =VLOOKUP($B16,$R$3:$Z$9,9,FALSE) -> #N/A
R17: =B17 -> 0 | S17: =VLOOKUP($B17,$R$3:$X$9,2,FALSE) -> #N/A | T17: =VLOOKUP($B17,$R$3:$X$9,3,FALSE) -> #N/A | U17: =VLOOKUP($B17,$R$3:$X$9,4,FALSE) -> #N/A | V17: =VLOOKUP($B17,$R$3:$X$9,5,FALSE) -> #N/A | W17: =VLOOKUP($B17,$R$3:$X$9,6,FALSE) -> #N/A | X17: =VLOOKUP($B17,$R$3:$X$9,7,FALSE) -> #N/A | Y17: =VLOOKUP($B17,$R$3:$Z$9,8,FALSE) -> #N/A | Z17: =VLOOKUP($B17,$R$3:$Z$9,9,FALSE) -> #N/A
B18: MACKESON | C18: =[27]Brewhouse!$A18 -> MK013 | D18: =[27]Brewhouse!$AF18 -> 54.2 | E18: =[27]Brewhouse!$AI18 -> 51.1 | F18: =[27]Brewhouse!$X18 -> 79 | G18: =[27]Brewhouse!$AG18 -> 13.2 | H18: 13.2 | I18: =[27]Brewhouse!$AT18 -> 93.502897 | J18: =[27]Brewhouse!$AU18 -> 95.944034 | K18: =[27]Brewhouse!$S18 -> 9.0421769 | L18: =[27]Brewhouse!$R18 -> 79 | M18: =[27]Brewhouse!$W18-[27]Brewhouse!$V18 -> 0.15138889 | N18: =[27]Brewhouse!$AA18 -> 0.30763889 | O18: =[27]Brewhouse!$AX18 -> D. Gomez | R18: =B18 -> MACKESON | S18: =VLOOKUP($B18,$R$3:$X$9,2,FALSE) -> 13.3 | T18: =VLOOKUP($B18,$R$3:$X$9,3,FALSE) -> 13.5 | U18: =VLOOKUP($B18,$R$3:$X$9,4,FALSE) -> 0 | V18: =VLOOKUP($B18,$R$3:$X$9,5,FALSE) -> 0.12905093 | W18: =VLOOKUP($B18,$R$3:$X$9,6,FALSE) -> 0.27430556 | X18: =VLOOKUP($B18,$R$3:$X$9,7,FALSE) -> 0.30208333 | Y18: =VLOOKUP($B18,$R$3:$Z$9,8,FALSE) -> 0 | Z18: =VLOOKUP($B18,$R$3:$Z$9,9,FALSE) -> 0
B19: MACKESON | C19: =[27]Brewhouse!$A19 -> MK014 | D19: =[27]Brewhouse!$AF19 -> 54.5 | E19: =[27]Brewhouse!$AI19 -> 51.5 | F19: =[27]Brewhouse!$X19 -> 69 | G19: =[27]Brewhouse!$AG19 -> 13.4 | H19: 13.4 | I19: =[27]Brewhouse!$AT19 -> 95.829405 | J19: =[27]Brewhouse!$AU19 -> 98.33078 | K19: =[27]Brewhouse!$S19 -> 7.5372014 | L19: =[27]Brewhouse!$R19 -> 91 | M19: =[27]Brewhouse!$W19-[27]Brewhouse!$V19 -> 0.14097222 | N19: =[27]Brewhouse!$AA19 -> 0.30069444 | O19: =[27]Brewhouse!$AX19 -> D. Gomez | P19: 15MINS EXTRA BOIL | R19: =B19 -> MACKESON | S19: =VLOOKUP($B19,$R$3:$X$9,2,FALSE) -> 13.3 | T19: =VLOOKUP($B19,$R$3:$X$9,3,FALSE) -> 13.5 | U19: =VLOOKUP($B19,$R$3:$X$9,4,FALSE) -> 0 | V19: =VLOOKUP($B19,$R$3:$X$9,5,FALSE) -> 0.12905093 | W19: =VLOOKUP($B19,$R$3:$X$9,6,FALSE) -> 0.27430556 | X19: =VLOOKUP($B19,$R$3:$X$9,7,FALSE) -> 0.30208333 | Y19: =VLOOKUP($B19,$R$3:$Z$9,8,FALSE) -> 0 | Z19: =VLOOKUP($B19,$R$3:$Z$9,9,FALSE) -> 0
B20: MACKESON | C20: =[27]Brewhouse!$A20 -> MK015 | D20: =[27]Brewhouse!$AF20 -> 54.3 | E20: =[27]Brewhouse!$AI20 -> 51.3 | F20: =[27]Brewhouse!$X20 -> 50 | G20: =[27]Brewhouse!$AG20 -> 13.3 | H20: 13.3 | I20: =[27]Brewhouse!$AT20 -> 94.71255 | J20: =[27]Brewhouse!$AU20 -> 97.184773 | K20: =[27]Brewhouse!$S20 -> 7.5630137 | L20: =[27]Brewhouse!$R20 -> 75 | M20: =[27]Brewhouse!$W20-[27]Brewhouse!$V20 -> 0.14930556 | N20: =[27]Brewhouse!$AA20 -> 0.31458333 | O20: =[27]Brewhouse!$AX20 -> D. Gomez | R20: =B20 -> MACKESON | S20: =VLOOKUP($B20,$R$3:$X$9,2,FALSE) -> 13.3 | T20: =VLOOKUP($B20,$R$3:$X$9,3,FALSE) -> 13.5 | U20: =VLOOKUP($B20,$R$3:$X$9,4,FALSE) -> 0 | V20: =VLOOKUP($B20,$R$3:$X$9,5,FALSE) -> 0.12905093 | W20: =VLOOKUP($B20,$R$3:$X$9,6,FALSE) -> 0.27430556 | X20: =VLOOKUP($B20,$R$3:$X$9,7,FALSE) -> 0.30208333 | Y20: =VLOOKUP($B20,$R$3:$Z$9,8,FALSE) -> 0 | Z20: =VLOOKUP($B20,$R$3:$Z$9,9,FALSE) -> 0
B21: MACKESON | C21: =[27]Brewhouse!$A21 -> MK016 | D21: =[27]Brewhouse!$AF21 -> 54.5 | E21: =[27]Brewhouse!$AI21 -> 51.7 | F21: =[27]Brewhouse!$X21 -> 50 | G21: =[27]Brewhouse!$AG21 -> 13.4 | H21: 13.4 | I21: =[27]Brewhouse!$AT21 -> 96.201558 | J21: =[27]Brewhouse!$AU21 -> 98.712647 | K21: =[27]Brewhouse!$S21 -> 6.5806897 | L21: =[27]Brewhouse!$R21 -> 78 | M21: =[27]Brewhouse!$W21-[27]Brewhouse!$V21 -> 0.13472222 | N21: =[27]Brewhouse!$AA21 -> 0.32083333 | O21: =[27]Brewhouse!$AX21 -> K.Benjamin | P21: EXTRA BOIL | R21: =B21 -> MACKESON | S21: =VLOOKUP($B21,$R$3:$X$9,2,FALSE) -> 13.3 | T21: =VLOOKUP($B21,$R$3:$X$9,3,FALSE) -> 13.5 | U21: =VLOOKUP($B21,$R$3:$X$9,4,FALSE) -> 0 | V21: =VLOOKUP($B21,$R$3:$X$9,5,FALSE) -> 0.12905093 | W21: =VLOOKUP($B21,$R$3:$X$9,6,FALSE) -> 0.27430556 | X21: =VLOOKUP($B21,$R$3:$X$9,7,FALSE) -> 0.30208333 | Y21: =VLOOKUP($B21,$R$3:$Z$9,8,FALSE) -> 0 | Z21: =VLOOKUP($B21,$R$3:$Z$9,9,FALSE) -> 0
R22: =B22 -> 0 | S22: =VLOOKUP($B22,$R$3:$X$9,2,FALSE) -> #N/A | T22: =VLOOKUP($B22,$R$3:$X$9,3,FALSE) -> #N/A | U22: =VLOOKUP($B22,$R$3:$X$9,4,FALSE) -> #N/A | V22: =VLOOKUP($B22,$R$3:$X$9,5,FALSE) -> #N/A | W22: =VLOOKUP($B22,$R$3:$X$9,6,FALSE) -> #N/A | X22: =VLOOKUP($B22,$R$3:$X$9,7,FALSE) -> #N/A | Y22: =VLOOKUP($B22,$R$3:$Z$9,8,FALSE) -> #N/A | Z22: =VLOOKUP($B22,$R$3:$Z$9,9,FALSE) -> #N/A
R23: =B23 -> 0 | S23: =VLOOKUP($B23,$R$3:$X$9,2,FALSE) -> #N/A | T23: =VLOOKUP($B23,$R$3:$X$9,3,FALSE) -> #N/A | U23: =VLOOKUP($B23,$R$3:$X$9,4,FALSE) -> #N/A | V23: =VLOOKUP($B23,$R$3:$X$9,5,FALSE) -> #N/A | W23: =VLOOKUP($B23,$R$3:$X$9,6,FALSE) -> #N/A | X23: =VLOOKUP($B23,$R$3:$X$9,7,FALSE) -> #N/A | Y23: =VLOOKUP($B23,$R$3:$Z$9,8,FALSE) -> #N/A | Z23: =VLOOKUP($B23,$R$3:$Z$9,9,FALSE) -> #N/A
R24: =B24 -> 0 | S24: =VLOOKUP($B24,$R$3:$X$9,2,FALSE) -> #N/A | T24: =VLOOKUP($B24,$R$3:$X$9,3,FALSE) -> #N/A | U24: =VLOOKUP($B24,$R$3:$X$9,4,FALSE) -> #N/A | V24: =VLOOKUP($B24,$R$3:$X$9,5,FALSE) -> #N/A | W24: =VLOOKUP($B24,$R$3:$X$9,6,FALSE) -> #N/A | X24: =VLOOKUP($B24,$R$3:$X$9,7,FALSE) -> #N/A | Y24: =VLOOKUP($B24,$R$3:$Z$9,8,FALSE) -> #N/A | Z24: =VLOOKUP($B24,$R$3:$Z$9,9,FALSE) -> #N/A
R25: =B25 -> 0 | S25: =VLOOKUP($B25,$R$3:$X$9,2,FALSE) -> #N/A | T25: =VLOOKUP($B25,$R$3:$X$9,3,FALSE) -> #N/A | U25: =VLOOKUP($B25,$R$3:$X$9,4,FALSE) -> #N/A | V25: =VLOOKUP($B25,$R$3:$X$9,5,FALSE) -> #N/A | W25: =VLOOKUP($B25,$R$3:$X$9,6,FALSE) -> #N/A | X25: =VLOOKUP($B25,$R$3:$X$9,7,FALSE) -> #N/A | Y25: =VLOOKUP($B25,$R$3:$Z$9,8,FALSE) -> #N/A | Z25: =VLOOKUP($B25,$R$3:$Z$9,9,FALSE) -> #N/A
R26: =B26 -> 0 | S26: =VLOOKUP($B26,$R$3:$X$9,2,FALSE) -> #N/A | T26: =VLOOKUP($B26,$R$3:$X$9,3,FALSE) -> #N/A | U26: =VLOOKUP($B26,$R$3:$X$9,4,FALSE) -> #N/A | V26: =VLOOKUP($B26,$R$3:$X$9,5,FALSE) -> #N/A | W26: =VLOOKUP($B26,$R$3:$X$9,6,FALSE) -> #N/A | X26: =VLOOKUP($B26,$R$3:$X$9,7,FALSE) -> #N/A | Y26: =VLOOKUP($B26,$R$3:$Z$9,8,FALSE) -> #N/A | Z26: =VLOOKUP($B26,$R$3:$Z$9,9,FALSE) -> #N/A
R27: =B27 -> 0 | S27: =VLOOKUP($B27,$R$3:$X$9,2,FALSE) -> #N/A | T27: =VLOOKUP($B27,$R$3:$X$9,3,FALSE) -> #N/A | U27: =VLOOKUP($B27,$R$3:$X$9,4,FALSE) -> #N/A | V27: =VLOOKUP($B27,$R$3:$X$9,5,FALSE) -> #N/A | W27: =VLOOKUP($B27,$R$3:$X$9,6,FALSE) -> #N/A | X27: =VLOOKUP($B27,$R$3:$X$9,7,FALSE) -> #N/A | Y27: =VLOOKUP($B27,$R$3:$Z$9,8,FALSE) -> #N/A | Z27: =VLOOKUP($B27,$R$3:$Z$9,9,FALSE) -> #N/A
R28: =B28 -> 0 | S28: =VLOOKUP($B28,$R$3:$X$9,2,FALSE) -> #N/A | T28: =VLOOKUP($B28,$R$3:$X$9,3,FALSE) -> #N/A | U28: =VLOOKUP($B28,$R$3:$X$9,4,FALSE) -> #N/A | V28: =VLOOKUP($B28,$R$3:$X$9,5,FALSE) -> #N/A | W28: =VLOOKUP($B28,$R$3:$X$9,6,FALSE) -> #N/A | X28: =VLOOKUP($B28,$R$3:$X$9,7,FALSE) -> #N/A | Y28: =VLOOKUP($B28,$R$3:$Z$9,8,FALSE) -> #N/A | Z28: =VLOOKUP($B28,$R$3:$Z$9,9,FALSE) -> #N/A
R29: =B29 -> 0 | S29: =VLOOKUP($B29,$R$3:$X$9,2,FALSE) -> #N/A | T29: =VLOOKUP($B29,$R$3:$X$9,3,FALSE) -> #N/A | U29: =VLOOKUP($B29,$R$3:$X$9,4,FALSE) -> #N/A | V29: =VLOOKUP($B29,$R$3:$X$9,5,FALSE) -> #N/A | W29: =VLOOKUP($B29,$R$3:$X$9,6,FALSE) -> #N/A | X29: =VLOOKUP($B29,$R$3:$X$9,7,FALSE) -> #N/A | Y29: =VLOOKUP($B29,$R$3:$Z$9,8,FALSE) -> #N/A | Z29: =VLOOKUP($B29,$R$3:$Z$9,9,FALSE) -> #N/A
R30: =B30 -> 0 | S30: =VLOOKUP($B30,$R$3:$X$9,2,FALSE) -> #N/A | T30: =VLOOKUP($B30,$R$3:$X$9,3,FALSE) -> #N/A | U30: =VLOOKUP($B30,$R$3:$X$9,4,FALSE) -> #N/A | V30: =VLOOKUP($B30,$R$3:$X$9,5,FALSE) -> #N/A | W30: =VLOOKUP($B30,$R$3:$X$9,6,FALSE) -> #N/A | X30: =VLOOKUP($B30,$R$3:$X$9,7,FALSE) -> #N/A | Y30: =VLOOKUP($B30,$R$3:$Z$9,8,FALSE) -> #N/A | Z30: =VLOOKUP($B30,$R$3:$Z$9,9,FALSE) -> #N/A
R31: =B31 -> 0 | S31: =VLOOKUP($B31,$R$3:$X$9,2,FALSE) -> #N/A | T31: =VLOOKUP($B31,$R$3:$X$9,3,FALSE) -> #N/A | U31: =VLOOKUP($B31,$R$3:$X$9,4,FALSE) -> #N/A | V31: =VLOOKUP($B31,$R$3:$X$9,5,FALSE) -> #N/A | W31: =VLOOKUP($B31,$R$3:$X$9,6,FALSE) -> #N/A | X31: =VLOOKUP($B31,$R$3:$X$9,7,FALSE) -> #N/A | Y31: =VLOOKUP($B31,$R$3:$Z$9,8,FALSE) -> #N/A | Z31: =VLOOKUP($B31,$R$3:$Z$9,9,FALSE) -> #N/A
R32: =B32 -> 0 | S32: =VLOOKUP($B32,$R$3:$X$9,2,FALSE) -> #N/A | T32: =VLOOKUP($B32,$R$3:$X$9,3,FALSE) -> #N/A | U32: =VLOOKUP($B32,$R$3:$X$9,4,FALSE) -> #N/A | V32: =VLOOKUP($B32,$R$3:$X$9,5,FALSE) -> #N/A | W32: =VLOOKUP($B32,$R$3:$X$9,6,FALSE) -> #N/A | X32: =VLOOKUP($B32,$R$3:$X$9,7,FALSE) -> #N/A | Y32: =VLOOKUP($B32,$R$3:$Z$9,8,FALSE) -> #N/A | Z32: =VLOOKUP($B32,$R$3:$Z$9,9,FALSE) -> #N/A
R33: =B33 -> 0 | S33: =VLOOKUP($B33,$R$3:$X$9,2,FALSE) -> #N/A | T33: =VLOOKUP($B33,$R$3:$X$9,3,FALSE) -> #N/A | U33: =VLOOKUP($B33,$R$3:$X$9,4,FALSE) -> #N/A | V33: =VLOOKUP($B33,$R$3:$X$9,5,FALSE) -> #N/A | W33: =VLOOKUP($B33,$R$3:$X$9,6,FALSE) -> #N/A | X33: =VLOOKUP($B33,$R$3:$X$9,7,FALSE) -> #N/A | Y33: =VLOOKUP($B33,$R$3:$Z$9,8,FALSE) -> #N/A | Z33: =VLOOKUP($B33,$R$3:$Z$9,9,FALSE) -> #N/A
... R36: =B36 -> 0 | S36: =VLOOKUP($B36,$R$3:$X$9,2,FALSE) -> #N/A | T36: =VLOOKUP($B36,$R$3:$X$9,3,FALSE) -> #N/A | U36: =VLOOKUP($B36,$R$3:$X$9,4,FALSE) -> #N/A | V36: =VLOOKUP($B36,$R$3:$X$9,5,FALSE) -> #N/A | W36: =VLOOKUP($B36,$R$3:$X$9,6,FALSE) -> #N/A | X36: =VLOOKUP($B36,$R$3:$X$9,7,FALSE) -> #N/A | Y36: =VLOOKUP($B36,$R$3:$Z$9,8,FALSE) -> #N/A | Z36: =VLOOKUP($B36,$R$3:$Z$9,9,FALSE) -> #N/A
I37: EXTRACT RECOVERY | R37: =B37 -> 0 | S37: =VLOOKUP($B37,$R$3:$X$9,2,FALSE) -> #N/A | T37: =VLOOKUP($B37,$R$3:$X$9,3,FALSE) -> #N/A | U37: =VLOOKUP($B37,$R$3:$X$9,4,FALSE) -> #N/A | V37: =VLOOKUP($B37,$R$3:$X$9,5,FALSE) -> #N/A | W37: =VLOOKUP($B37,$R$3:$X$9,6,FALSE) -> #N/A | X37: =VLOOKUP($B37,$R$3:$X$9,7,FALSE) -> #N/A | Y37: =VLOOKUP($B37,$R$3:$Z$9,8,FALSE) -> #N/A | Z37: =VLOOKUP($B37,$R$3:$Z$9,9,FALSE) -> #N/A
B38: BRAND 7TH | D38: BBT P.G./ O.G | I38: Brand | J38: Actual | K38: MTD No. of Brews | L38: MTD | M38: YTD | N38: Target | R38: =B38 -> BRAND 7TH | S38: =VLOOKUP($B38,$R$3:$X$9,2,FALSE) -> #N/A | T38: =VLOOKUP($B38,$R$3:$X$9,3,FALSE) -> #N/A | U38: =VLOOKUP($B38,$R$3:$X$9,4,FALSE) -> #N/A | V38: =VLOOKUP($B38,$R$3:$X$9,5,FALSE) -> #N/A | W38: =VLOOKUP($B38,$R$3:$X$9,6,FALSE) -> #N/A | X38: =VLOOKUP($B38,$R$3:$X$9,7,FALSE) -> #N/A | Y38: =VLOOKUP($B38,$R$3:$Z$9,8,FALSE) -> #N/A | Z38: =VLOOKUP($B38,$R$3:$Z$9,9,FALSE) -> #N/A
B39: =J62 -> CARIBE | I39: CARIB | K39: =COUNTA([24]Brewhouse!$A$493:$A$508) -> 16 | L39: =AVERAGE([24]Brewhouse!$AU$493:$AU$508) -> 98.255426 | M39: =AVERAGE([24]Brewhouse!$AU$102:$AU$171,[24]Brewhouse!$AU$173:$AU$253,[24]Brewhouse!$AU$255:$AU$339,[24]Brewhouse!$AU$341:$AU$346,[24]Brewhouse!$AU$348,[24]Brewhouse!$AU$349:$AU$406,[24]Brewhouse!$AU$408:$AU$491,[24]Brewhouse!$AU$493:$AU$508) -> 97.684309 | N39: 98
I40: STAG | K40: =COUNTA([25]Brewhouse!$A$242:$A$249) -> 8 | L40: =AVERAGE([25]Brewhouse!$AS$242:$AS$249) -> 97.039541 | M40: =AVERAGE([25]Brewhouse!$AS$15:$AS$64,[25]Brewhouse!$AS$66:$AS$103,[25]Brewhouse!$AS$105:$AS$140,[25]Brewhouse!$AS$142:$AS$193,[25]Brewhouse!$AS$195:$AS$240,[25]Brewhouse!$AS$242:$AS$249) -> 97.846474 | N40: 98
I41: GUINNESS | M41: =AVERAGE([26]Brewhouse!$AU$4:$AU$7,[26]Brewhouse!$AU$9:$AU$22,[26]Brewhouse!$AU$24:$AU$35,[26]Brewhouse!$AU$37:$AU$45,[26]Brewhouse!$AU$47:$AU$62) -> 97.179377 | N41: 98
I42: VITAMALT | M42: =AVERAGE([23]Brewhouse!$AV$5:$AV$14,[23]Brewhouse!$AV$16:$AV$19,[23]Brewhouse!$AV$21:$AV$24,[23]Brewhouse!$AV$26:$AV$33,[23]Brewhouse!$AV$35:$AV$46) -> 99.005314 | N42: 98
I43: MAXIMALT | N43: 98
I44: MACKESON | J44: =AVERAGE(I18:I21) -> 95.061603 | K44: =COUNTA([27]Brewhouse!$A$18:$A$21) -> 4 | L44: =AVERAGE([27]Brewhouse!$AT$18:$AT$21) -> 95.061603 | M44: =AVERAGE([27]Brewhouse!$AT$4:$AT$11,[27]Brewhouse!$AT$13:$AT$16,[27]Brewhouse!$AT$18:$AT$21) -> 94.77317 | N44: 98
I45: STARMALT | K45: =COUNTA([22]Brewhouse!$A$45:$A$50) -> 6 | L45: =AVERAGE([22]Brewhouse!$AY$45:$AY$50) -> 96.288901 | M45: =AVERAGE([22]Brewhouse!$AY$6:$AY$13,[22]Brewhouse!$AY$15:$AY$20,[22]Brewhouse!$AY$22:$AY$29,[22]Brewhouse!$AY$31:$AY$34,[22]Brewhouse!$AY$36:$AY$43,[22]Brewhouse!$AY$45:$AY$50) -> 96.612625 | N45: 98
I46: HR- Pils | M46: =AVERAGE([28]Brewhouse!$AU$5:$AU$8) -> 91.006888 | N46: 98
I47: HR- IPA | N47: 98
I48: HR- APA | N48: 98
K49: =SUM(K39:K48) -> 34 | L49: =((L39*K39)+(L40*K40)+(L41*K41)+(L42*K42)+(L43*K43)+(K46*L46)+(L44*K44)+(L45*K45)+(L48*K48))/(K49) -> 97.246558 | M49: =AVERAGE('[29]Jan 31st'!$L$65,'[30]Feb 28th'!$L$35,'[31]Mar. 31st'!$L$35,'[32]Apr. 30th'!$L$45,'[33]May 30th'!$L$37,L49) -> 97.570969 | N49: 98
B51: =I39 -> CARIB | C51: 12.32 | D51: 11.84 | J51: Daily Brewing Plan
C52: 12 | J52: Brand | K52: Brews Achieved | L52: Average Brews per day
C53: 11.65 | D53: 11.93 | J53: CARIB | L53: MTD | M53: YTD | N53: TARGET
C54: 11.82 | J54: STAG | L54: =AVERAGE('June 2nd'!K57,'June 6th'!K63,'June 3rd'!K63,'June 4th'!K63,'June 5th '!K63) -> 6.8 | M54: =AVERAGE('[29]Jan 29th '!$M$70,'[30]Feb 28th'!$L$40,'[31]Mar. 31st'!$L$40,'[32]Apr. 30th'!$L$50,'[33]May 30th'!$L$42,L54) -> 6.6677735 | N54: 9.2
J55: GUINN
J56: VITAMALT
J57: STARMALT
J58: MACKESON | K58: 4
J59: HURRICANE REEF- IPA
J60: HURRICANE REEF- APA
B61: AVERAGE | D61: =AVERAGE(D39:E60) -> 11.885 | J61: HR- PILSNER
J62: CARIBE
J63: Total | K63: =SUM(K53:K62) -> 4
B64: Process: | C64: Fermentation/Filtration
B66: Brand | C66: Filt. Date | D66: FV Hls | E66: GFE/ Prim/ Vita Blend (Hls) | F66: SV Hls | G66: BBT Hls | H66: Loss (%) Ferm | I66: Loss (%) Filt | J66: Comments | K66: Throughput | L66: Process Loss (%) | M66: Filt. Operator
AB67: 43474 | AC67: 43475 | AD67: 43476 | AE67: 43477 | AF67: 43478 | AG67: 43479 | AH67: 43480 | AI67: 43481 | AJ67: 43482 | AK67: 43483 | AL67: 43484 | AM67: 43485 | AN67: 43486 | AO67: 43487 | AP67: 43488 | AQ67: 43489 | AR67: 43490 | AS67: 43491 | AT67: 43492 | AU67: 43493 | AV67: 43494 | AW67: 43495 | AX67: 43496
B68: =B75 -> CARIB | C68: 45815 | D68: =[34]June_2025!$I$3 -> 207.8 | G68: =[34]June_2025!$I$7 -> 200 | J68: 2 SBF | K68: =[36]June_2025!$I$18 -> 0.23391813 | L68: =(((D68+E68)-G68)/(D68+E68))*100 -> 3.7536092 | M68: J. Nelson
B70: =B81 -> STARMALT | C70: 45812 | J70: 2 SBF | L70: =(((D70+E70)-G70)/(D70+E70))*100 -> #DIV/0! | M70: K. Hosten | AB70: =[20]January_2019!L7 -> 0 | AC70: =[20]January_2019!M7 -> 0 | AD70: =[20]January_2019!N7 -> 0 | AE70: =[20]January_2019!O7 -> 0 | AF70: =[20]January_2019!P7 -> 0 | AG70: =[20]January_2019!Q7 -> 0 | AH70: =[20]January_2019!R7 -> 0 | AI70: =[20]January_2019!S7 -> 0 | ... AX70: =[20]January_2019!AH7 -> 0
B73: Process Loss (Volume) | G73: Process Loss (Extract) | K73: Throughput
B74: Brand | C74: Actual | D74: MTD | E74: YTD | F74: Target | G74: Actual | H74: MTD | I74: YTD | J74: Target | K74: Actual | L74: MTD | M74: YTD | N74: Target
B75: CARIB | C75: =L68 -> 3.7536092 | D75: 6.8124474 | E75: 6.6758241 | F75: 4.8 | G75: =[34]June_2025!$I$11 -> 4.6005775 | H75: 5.9513756 | I75: 6.7933261 | J75: 4.8 | K75: =K68 -> 0.23391813 | L75: 0.38877193 | M75: 0.74612591 | N75: 1
B76: STAG | D76: 4.8418127 | E76: 6.2116707 | F76: 4.8 | H76: 4.4483308 | I76: 6.0535596 | J76: 4.8 | L76: 0.52064327 | M76: 0.73710739 | N76: 1
B77: GUINN | E77: 11.904403 | F77: 5.5 | I77: 13.276233 | J77: 5.5 | M77: 0.54554654 | N77: 1
B78: VITAMALT | D78: 3.718593 | E78: 4.2675954 | F78: 3.3 | H78: 3.5401444 | I78: 4.1118287 | J78: 3.3 | L78: 0.33614035 | M78: 0.78836257 | N78: 1
B79: MAXIMALT | F79: 3.3 | J79: 3 | N79: 1
B80: MACKESON | E80: 7.8262258 | F80: =[21]May_2022!$M$43 -> 3.4878407 | I80: 9.4300679 | J80: 5.5 | M80: 0.67497076 | N80: 1
B81: STARMALT | D81: 4.4761596 | E81: 2.899045 | F81: 3.3 | H81: 4.5799898 | I81: 4.4797972 | J81: 3.3 | L81: 0.34444444 | M81: 0.75981884 | N81: 1
B82: HURRICANE REEF | F82: 7.5 | J82: 7.5 | N82: 1
B83: HURRICANE REEF PILS | E83: 4.8792509 | F83: 4.8 | I83: 6.2003724 | J83: 4.8 | M83: 0.33859649 | N83: 1
D84: 5.4161805 | E84: 6.5935011 | F84: 5.5 | H84: 4.8970461 | I84: 6.9379514 | J84: 5.5 | L84: 0.4165692 | M84: 0.71061104 | N84: 1

Sheet June 10th
S1: P.G. | U1: Hot Time | W1: Process Time | Y1: Cooling Time
B2: Brewing Department Daily Process Loss Report | S2: Lower | T2: Upper | U2: Lower | V2: Upper | W2: Lower | X2: Upper | Y2: Lower | Z2: Upper
R3: CARIB | S3: 11.6 | T3: 12 | U3: 0 | V3: 0.11805556 | W3: 0.22569444 | X3: 0.26388889 | Y3: 0 | Z3: 60 | AB3: HR- PISNER
B4: Date: | C4: 45819 | J4: LOT WORT COLOUR: 3.3 | M4: Filter Sheets (Target 20 days) | R4: STAG | S4: 11.6 | T4: 12 | U4: 0 | V4: 0.11805556 | W4: 0.22569444 | X4: 0.26388889 | Y4: 0 | Z4: 60
M5: Double | N5: Single | R5: GUINNESS | S5: 17 | T5: 17.5 | U5: 0 | V5: 0.10763889 | W5: 0.24652778 | X5: 0.28472222 | Y5: 0 | Z5: 60
J6: MALT LOT: Lot 38 | L6: Sheet Day | R6: MACKESON | S6: 13.3 | T6: 13.5 | U6: 0 | V6: 0.12905093 | W6: 0.27430556 | X6: 0.30208333 | Y6: 0
R7: STARMALT | S7: 17.1 | T7: 17.5 | U7: 0 | V7: 0.13605324 | W7: 0.27430556 | X7: 0.30902778 | Y7: 0 | Z7: 60
B8: Brand | C8: Brew no. | D8: Kett. Hls | E8: Wort | F8: Cool Time(Mins) | G8: Cast. P.G. (Lab Result) | H8: Cast P.G. (Cellar Operator)-gravity | I8: Extr. Rec (79.09%) | J8: Theor. Extr. (77.5%) | K8: Boil Off /Vol. (4-6%) | L8: Boil Time | M8: Total Hot | N8: Brewing | O8: Operator | R8: Hurricane Reef | S8: 16.6 | T8: 17 | U8: 0 | V8: 0.12905093 | W8: 0.27430556 | X8: 0.30208333 | Y8: 0
E9: Meter (Hls) | F9: Target(< 60Mins) | M9: Time | R9: VITAMALT | S9: 14.4 | T9: 14.6 | U9: 0 | V9: 0.13905093 | W9: 0.26041667 | X9: 0.29513889 | Y9: 0 | Z9: 75
B10: CARIB | C10: =[24]Brewhouse!$A509 -> CA403 | D10: =[24]Brewhouse!$AF509 -> 53.5 | E10: =[24]Brewhouse!$AI509 -> 49.7 | F10: =[24]Brewhouse!$V509 -> 60 | G10: =[24]Brewhouse!$AG509 -> 11.9 | H10: 12.1 | I10: =[24]Brewhouse!$AU509 -> 95.193775 | J10: =[24]Brewhouse!$AV509 -> 97.912271 | K10: =[24]Brewhouse!$Q509 -> 9.3381038 | L10: =[24]Brewhouse!$P509 -> 61 | M10: =[24]Brewhouse!$U509-[24]Brewhouse!$T509 -> 0.12013889 | N10: =[24]Brewhouse!$Z509 -> 0.25277778 | O10: =[24]Brewhouse!$AX509 -> R. Regis | R10: =B10 -> CARIB | S10: =VLOOKUP($B10,$R$3:$X$9,2,FALSE) -> 11.6 | T10: =VLOOKUP($B10,$R$3:$X$9,3,FALSE) -> 12 | U10: =VLOOKUP($B10,$R$3:$X$9,4,FALSE) -> 0 | V10: =VLOOKUP($B10,$R$3:$X$9,5,FALSE) -> 0.11805556 | W10: =VLOOKUP($B10,$R$3:$X$9,6,FALSE) -> 0.22569444 | X10: =VLOOKUP($B10,$R$3:$X$9,7,FALSE) -> 0.26388889 | Y10: =VLOOKUP($B10,$R$3:$Z$9,8,FALSE) -> 0 | Z10: =VLOOKUP($B10,$R$3:$Z$9,9,FALSE) -> 60
B11: CARIB | C11: =[24]Brewhouse!$A510 -> CA404 | D11: =[24]Brewhouse!$AF510 -> 52.9 | E11: =[24]Brewhouse!$AI510 -> 49.6 | F11: =[24]Brewhouse!$V510 -> 77 | G11: =[24]Brewhouse!$AG510 -> 12.2 | H11: 12.3 | I11: =[24]Brewhouse!$AU510 -> 101.54692 | J11: =[24]Brewhouse!$AV510 -> 104.56599 | K11: =[24]Brewhouse!$Q510 -> 8.5918004 | L11: =[24]Brewhouse!$P510 -> 60 | M11: =[24]Brewhouse!$U510-[24]Brewhouse!$T510 -> 0.12013889 | N11: =[24]Brewhouse!$Z510 -> 0.24791667 | O11: =[24]Brewhouse!$AX510 -> D. Gomez | R11: =B11 -> CARIB | S11: =VLOOKUP($B11,$R$3:$X$9,2,FALSE) -> 11.6 | T11: =VLOOKUP($B11,$R$3:$X$9,3,FALSE) -> 12 | U11: =VLOOKUP($B11,$R$3:$X$9,4,FALSE) -> 0 | V11: =VLOOKUP($B11,$R$3:$X$9,5,FALSE) -> 0.11805556 | W11: =VLOOKUP($B11,$R$3:$X$9,6,FALSE) -> 0.22569444 | X11: =VLOOKUP($B11,$R$3:$X$9,7,FALSE) -> 0.26388889 | Y11: =VLOOKUP($B11,$R$3:$Z$9,8,FALSE) -> 0 | Z11: =VLOOKUP($B11,$R$3:$Z$9,9,FALSE) -> 60
B12: CARIB | C12: =[24]Brewhouse!$A511 -> CA405 | D12: =[24]Brewhouse!$AF511 -> 56.8 | E12: =[24]Brewhouse!$AI511 -> 53.9 | F12: =[24]Brewhouse!$V511 -> 82 | G12: =[24]Brewhouse!$AG511 -> 11.3 | H12: 11.3 | I12: =[24]Brewhouse!$AU511 -> 98.522947 | J12: =[24]Brewhouse!$AV511 -> 101.45642 | K12: =[24]Brewhouse!$Q511 -> 5.5311355 | L12: =[24]Brewhouse!$P511 -> 60 | M12: =[24]Brewhouse!$U511-[24]Brewhouse!$T511 -> 0.12777778 | N12: =[24]Brewhouse!$Z511 -> 0.26111111 | O12: =[24]Brewhouse!$AX511 -> D. Gomez | R12: =B12 -> CARIB | S12: =VLOOKUP($B12,$R$3:$X$9,2,FALSE) -> 11.6 | T12: =VLOOKUP($B12,$R$3:$X$9,3,FALSE) -> 12 | U12: =VLOOKUP($B12,$R$3:$X$9,4,FALSE) -> 0 | V12: =VLOOKUP($B12,$R$3:$X$9,5,FALSE) -> 0.11805556 | W12: =VLOOKUP($B12,$R$3:$X$9,6,FALSE) -> 0.22569444 | X12: =VLOOKUP($B12,$R$3:$X$9,7,FALSE) -> 0.26388889 | Y12: =VLOOKUP($B12,$R$3:$Z$9,8,FALSE) -> 0 | Z12: =VLOOKUP($B12,$R$3:$Z$9,9,FALSE) -> 60
B13: CARIB | C13: =[24]Brewhouse!$A512 -> CA406 | D13: =[24]Brewhouse!$AF512 -> 53.7 | E13: =[24]Brewhouse!$AI512 -> 51.2 | F13: =[24]Brewhouse!$V512 -> 71 | G13: =[24]Brewhouse!$AG512 -> 11.9 | H13: 11.9 | I13: =[24]Brewhouse!$AU512 -> 98.826664 | J13: =[24]Brewhouse!$AV512 -> 101.76918 | K13: =[24]Brewhouse!$Q512 -> 5.2236136 | L13: =[24]Brewhouse!$P512 -> 60 | M13: =[24]Brewhouse!$U512-[24]Brewhouse!$T512 -> 0.11111111 | N13: =[24]Brewhouse!$Z512 -> 0.24444444 | O13: =[24]Brewhouse!$AX512 -> D. Gomez | R13: =B13 -> CARIB | S13: =VLOOKUP($B13,$R$3:$X$9,2,FALSE) -> 11.6 | T13: =VLOOKUP($B13,$R$3:$X$9,3,FALSE) -> 12 | U13: =VLOOKUP($B13,$R$3:$X$9,4,FALSE) -> 0 | V13: =VLOOKUP($B13,$R$3:$X$9,5,FALSE) -> 0.11805556 | W13: =VLOOKUP($B13,$R$3:$X$9,6,FALSE) -> 0.22569444 | X13: =VLOOKUP($B13,$R$3:$X$9,7,FALSE) -> 0.26388889 | Y13: =VLOOKUP($B13,$R$3:$Z$9,8,FALSE) -> 0 | Z13: =VLOOKUP($B13,$R$3:$Z$9,9,FALSE) -> 60
B14: CARIB | C14: =[24]Brewhouse!$A513 -> CA407 | D14: =[24]Brewhouse!$AF513 -> 53.3 | E14: =[24]Brewhouse!$AI513 -> 50.1 | F14: =[24]Brewhouse!$V513 -> 52 | G14: =[24]Brewhouse!$AG513 -> 11.8 | H14: 11.8 | I14: =[24]Brewhouse!$AU513 -> 95.464165 | J14: =[24]Brewhouse!$AV513 -> 98.189489 | K14: =[24]Brewhouse!$Q513 -> 6.5671642 | L14: =[24]Brewhouse!$P513 -> 61 | M14: =[24]Brewhouse!$U513-[24]Brewhouse!$T513 -> 0.10416667 | N14: =[24]Brewhouse!$Z513 -> 0.23263889 | O14: =[24]Brewhouse!$AX513 -> K.Benjamin | R14: =B14 -> CARIB | S14: =VLOOKUP($B14,$R$3:$X$9,2,FALSE) -> 11.6 | T14: =VLOOKUP($B14,$R$3:$X$9,3,FALSE) -> 12 | U14: =VLOOKUP($B14,$R$3:$X$9,4,FALSE) -> 0 | V14: =VLOOKUP($B14,$R$3:$X$9,5,FALSE) -> 0.11805556 | W14: =VLOOKUP($B14,$R$3:$X$9,6,FALSE) -> 0.22569444 | X14: =VLOOKUP($B14,$R$3:$X$9,7,FALSE) -> 0.26388889 | Y14: =VLOOKUP($B14,$R$3:$Z$9,8,FALSE) -> 0 | Z14: =VLOOKUP($B14,$R$3:$Z$9,9,FALSE) -> 60
B15: CARIB | C15: =[24]Brewhouse!$A514 -> CA408 | D15: =[24]Brewhouse!$AF514 -> 53.4 | E15: =[24]Brewhouse!$AI514 -> 50.6 | F15: =[24]Brewhouse!$V514 -> 54 | G15: =[24]Brewhouse!$AG514 -> 11.9 | H15: 11.8 | I15: =[24]Brewhouse!$AU514 -> 97.517026 | J15: =[24]Brewhouse!$AV514 -> 100.30034 | K15: =[24]Brewhouse!$Q514 -> 8.7636364 | L15: =[24]Brewhouse!$P514 -> 59 | M15: =[24]Brewhouse!$U514-[24]Brewhouse!$T514 -> 0.11180556 | N15: =[24]Brewhouse!$Z514 -> 0.24236111 | O15: =[24]Brewhouse!$AX514 -> K.Benjamin | R15: =B15 -> CARIB | S15: =VLOOKUP($B15,$R$3:$X$9,2,FALSE) -> 11.6 | T15: =VLOOKUP($B15,$R$3:$X$9,3,FALSE) -> 12 | U15: =VLOOKUP($B15,$R$3:$X$9,4,FALSE) -> 0 | V15: =VLOOKUP($B15,$R$3:$X$9,5,FALSE) -> 0.11805556 | W15: =VLOOKUP($B15,$R$3:$X$9,6,FALSE) -> 0.22569444 | X15: =VLOOKUP($B15,$R$3:$X$9,7,FALSE) -> 0.26388889 | Y15: =VLOOKUP($B15,$R$3:$Z$9,8,FALSE) -> 0 | Z15: =VLOOKUP($B15,$R$3:$Z$9,9,FALSE) -> 60
B16: CARIB | C16: =[24]Brewhouse!$A515 -> CA409 | D16: =[24]Brewhouse!$AF515 -> 52.6 | E16: =[24]Brewhouse!$AI515 -> 49.7 | F16: =[24]Brewhouse!$V515 -> 51 | G16: =[24]Brewhouse!$AG515 -> 12 | H16: 11.7 | I16: =[24]Brewhouse!$AU515 -> 96.153052 | J16: =[24]Brewhouse!$AV515 -> 98.898643 | K16: =[24]Brewhouse!$Q515 -> 7.037702 | L16: =[24]Brewhouse!$P515 -> 60 | M16: =[24]Brewhouse!$U515-[24]Brewhouse!$T515 -> 0.10347222 | N16: =[24]Brewhouse!$Z515 -> 0.24097222 | O16: =[24]Brewhouse!$AX515 -> K.Benjamin | R16: =B16 -> CARIB | S16: =VLOOKUP($B16,$R$3:$X$9,2,FALSE) -> 11.6 | T16: =VLOOKUP($B16,$R$3:$X$9,3,FALSE) -> 12 | U16: =VLOOKUP($B16,$R$3:$X$9,4,FALSE) -> 0 | V16: =VLOOKUP($B16,$R$3:$X$9,5,FALSE) -> 0.11805556 | W16: =VLOOKUP($B16,$R$3:$X$9,6,FALSE) -> 0.22569444 | X16: =VLOOKUP($B16,$R$3:$X$9,7,FALSE) -> 0.26388889 | Y16: =VLOOKUP($B16,$R$3:$Z$9,8,FALSE) -> 0 | Z16: =VLOOKUP($B16,$R$3:$Z$9,9,FALSE) -> 60
R17: =B17 -> 0 | S17: =VLOOKUP($B17,$R$3:$X$9,2,FALSE) -> #N/A | T17: =VLOOKUP($B17,$R$3:$X$9,3,FALSE) -> #N/A | U17: =VLOOKUP($B17,$R$3:$X$9,4,FALSE) -> #N/A | V17: =VLOOKUP($B17,$R$3:$X$9,5,FALSE) -> #N/A | W17: =VLOOKUP($B17,$R$3:$X$9,6,FALSE) -> #N/A | X17: =VLOOKUP($B17,$R$3:$X$9,7,FALSE) -> #N/A | Y17: =VLOOKUP($B17,$R$3:$Z$9,8,FALSE) -> #N/A | Z17: =VLOOKUP($B17,$R$3:$Z$9,9,FALSE) -> #N/A
R18: =B18 -> 0 | S18: =VLOOKUP($B18,$R$3:$X$9,2,FALSE) -> #N/A | T18: =VLOOKUP($B18,$R$3:$X$9,3,FALSE) -> #N/A | U18: =VLOOKUP($B18,$R$3:$X$9,4,FALSE) -> #N/A | V18: =VLOOKUP($B18,$R$3:$X$9,5,FALSE) -> #N/A | W18: =VLOOKUP($B18,$R$3:$X$9,6,FALSE) -> #N/A | X18: =VLOOKUP($B18,$R$3:$X$9,7,FALSE) -> #N/A | Y18: =VLOOKUP($B18,$R$3:$Z$9,8,FALSE) -> #N/A | Z18: =VLOOKUP($B18,$R$3:$Z$9,9,FALSE) -> #N/A
R19: =B19 -> 0 | S19: =VLOOKUP($B19,$R$3:$X$9,2,FALSE) -> #N/A | T19: =VLOOKUP($B19,$R$3:$X$9,3,FALSE) -> #N/A | U19: =VLOOKUP($B19,$R$3:$X$9,4,FALSE) -> #N/A | V19: =VLOOKUP($B19,$R$3:$X$9,5,FALSE) -> #N/A | W19: =VLOOKUP($B19,$R$3:$X$9,6,FALSE) -> #N/A | X19: =VLOOKUP($B19,$R$3:$X$9,7,FALSE) -> #N/A | Y19: =VLOOKUP($B19,$R$3:$Z$9,8,FALSE) -> #N/A | Z19: =VLOOKUP($B19,$R$3:$Z$9,9,FALSE) -> #N/A
R20: =B20 -> 0 | S20: =VLOOKUP($B20,$R$3:$X$9,2,FALSE) -> #N/A | T20: =VLOOKUP($B20,$R$3:$X$9,3,FALSE) -> #N/A | U20: =VLOOKUP($B20,$R$3:$X$9,4,FALSE) -> #N/A | V20: =VLOOKUP($B20,$R$3:$X$9,5,FALSE) -> #N/A | W20: =VLOOKUP($B20,$R$3:$X$9,6,FALSE) -> #N/A | X20: =VLOOKUP($B20,$R$3:$X$9,7,FALSE) -> #N/A | Y20: =VLOOKUP($B20,$R$3:$Z$9,8,FALSE) -> #N/A | Z20: =VLOOKUP($B20,$R$3:$Z$9,9,FALSE) -> #N/A
R21: =B21 -> 0 | S21: =VLOOKUP($B21,$R$3:$X$9,2,FALSE) -> #N/A | T21: =VLOOKUP($B21,$R$3:$X$9,3,FALSE) -> #N/A | U21: =VLOOKUP($B21,$R$3:$X$9,4,FALSE) -> #N/A | V21: =VLOOKUP($B21,$R$3:$X$9,5,FALSE) -> #N/A | W21: =VLOOKUP($B21,$R$3:$X$9,6,FALSE) -> #N/A | X21: =VLOOKUP($B21,$R$3:$X$9,7,FALSE) -> #N/A | Y21: =VLOOKUP($B21,$R$3:$Z$9,8,FALSE) -> #N/A | Z21: =VLOOKUP($B21,$R$3:$Z$9,9,FALSE) -> #N/A
R22: =B22 -> 0 | S22: =VLOOKUP($B22,$R$3:$X$9,2,FALSE) -> #N/A | T22: =VLOOKUP($B22,$R$3:$X$9,3,FALSE) -> #N/A | U22: =VLOOKUP($B22,$R$3:$X$9,4,FALSE) -> #N/A | V22: =VLOOKUP($B22,$R$3:$X$9,5,FALSE) -> #N/A | W22: =VLOOKUP($B22,$R$3:$X$9,6,FALSE) -> #N/A | X22: =VLOOKUP($B22,$R$3:$X$9,7,FALSE) -> #N/A | Y22: =VLOOKUP($B22,$R$3:$Z$9,8,FALSE) -> #N/A | Z22: =VLOOKUP($B22,$R$3:$Z$9,9,FALSE) -> #N/A
R23: =B23 -> 0 | S23: =VLOOKUP($B23,$R$3:$X$9,2,FALSE) -> #N/A | T23: =VLOOKUP($B23,$R$3:$X$9,3,FALSE) -> #N/A | U23: =VLOOKUP($B23,$R$3:$X$9,4,FALSE) -> #N/A | V23: =VLOOKUP($B23,$R$3:$X$9,5,FALSE) -> #N/A | W23: =VLOOKUP($B23,$R$3:$X$9,6,FALSE) -> #N/A | X23: =VLOOKUP($B23,$R$3:$X$9,7,FALSE) -> #N/A | Y23: =VLOOKUP($B23,$R$3:$Z$9,8,FALSE) -> #N/A | Z23: =VLOOKUP($B23,$R$3:$Z$9,9,FALSE) -> #N/A
R24: =B24 -> 0 | S24: =VLOOKUP($B24,$R$3:$X$9,2,FALSE) -> #N/A | T24: =VLOOKUP($B24,$R$3:$X$9,3,FALSE) -> #N/A | U24: =VLOOKUP($B24,$R$3:$X$9,4,FALSE) -> #N/A | V24: =VLOOKUP($B24,$R$3:$X$9,5,FALSE) -> #N/A | W24: =VLOOKUP($B24,$R$3:$X$9,6,FALSE) -> #N/A | X24: =VLOOKUP($B24,$R$3:$X$9,7,FALSE) -> #N/A | Y24: =VLOOKUP($B24,$R$3:$Z$9,8,FALSE) -> #N/A | Z24: =VLOOKUP($B24,$R$3:$Z$9,9,FALSE) -> #N/A
R25: =B25 -> 0 | S25: =VLOOKUP($B25,$R$3:$X$9,2,FALSE) -> #N/A | T25: =VLOOKUP($B25,$R$3:$X$9,3,FALSE) -> #N/A | U25: =VLOOKUP($B25,$R$3:$X$9,4,FALSE) -> #N/A | V25: =VLOOKUP($B25,$R$3:$X$9,5,FALSE) -> #N/A | W25: =VLOOKUP($B25,$R$3:$X$9,6,FALSE) -> #N/A | X25: =VLOOKUP($B25,$R$3:$X$9,7,FALSE) -> #N/A | Y25: =VLOOKUP($B25,$R$3:$Z$9,8,FALSE) -> #N/A | Z25: =VLOOKUP($B25,$R$3:$Z$9,9,FALSE) -> #N/A
R26: =B26 -> 0 | S26: =VLOOKUP($B26,$R$3:$X$9,2,FALSE) -> #N/A | T26: =VLOOKUP($B26,$R$3:$X$9,3,FALSE) -> #N/A | U26: =VLOOKUP($B26,$R$3:$X$9,4,FALSE) -> #N/A | V26: =VLOOKUP($B26,$R$3:$X$9,5,FALSE) -> #N/A | W26: =VLOOKUP($B26,$R$3:$X$9,6,FALSE) -> #N/A | X26: =VLOOKUP($B26,$R$3:$X$9,7,FALSE) -> #N/A | Y26: =VLOOKUP($B26,$R$3:$Z$9,8,FALSE) -> #N/A | Z26: =VLOOKUP($B26,$R$3:$Z$9,9,FALSE) -> #N/A
R27: =B27 -> 0 | S27: =VLOOKUP($B27,$R$3:$X$9,2,FALSE) -> #N/A | T27: =VLOOKUP($B27,$R$3:$X$9,3,FALSE) -> #N/A | U27: =VLOOKUP($B27,$R$3:$X$9,4,FALSE) -> #N/A | V27: =VLOOKUP($B27,$R$3:$X$9,5,FALSE) -> #N/A | W27: =VLOOKUP($B27,$R$3:$X$9,6,FALSE) -> #N/A | X27: =VLOOKUP($B27,$R$3:$X$9,7,FALSE) -> #N/A | Y27: =VLOOKUP($B27,$R$3:$Z$9,8,FALSE) -> #N/A | Z27: =VLOOKUP($B27,$R$3:$Z$9,9,FALSE) -> #N/A
R28: =B28 -> 0 | S28: =VLOOKUP($B28,$R$3:$X$9,2,FALSE) -> #N/A | T28: =VLOOKUP($B28,$R$3:$X$9,3,FALSE) -> #N/A | U28: =VLOOKUP($B28,$R$3:$X$9,4,FALSE) -> #N/A | V28: =VLOOKUP($B28,$R$3:$X$9,5,FALSE) -> #N/A | W28: =VLOOKUP($B28,$R$3:$X$9,6,FALSE) -> #N/A | X28: =VLOOKUP($B28,$R$3:$X$9,7,FALSE) -> #N/A | Y28: =VLOOKUP($B28,$R$3:$Z$9,8,FALSE) -> #N/A | Z28: =VLOOKUP($B28,$R$3:$Z$9,9,FALSE) -> #N/A
... R36: =B36 -> 0 | S36: =VLOOKUP($B36,$R$3:$X$9,2,FALSE) -> #N/A | T36: =VLOOKUP($B36,$R$3:$X$9,3,FALSE) -> #N/A | U36: =VLOOKUP($B36,$R$3:$X$9,4,FALSE) -> #N/A | V36: =VLOOKUP($B36,$R$3:$X$9,5,FALSE) -> #N/A | W36: =VLOOKUP($B36,$R$3:$X$9,6,FALSE) -> #N/A | X36: =VLOOKUP($B36,$R$3:$X$9,7,FALSE) -> #N/A | Y36: =VLOOKUP($B36,$R$3:$Z$9,8,FALSE) -> #N/A | Z36: =VLOOKUP($B36,$R$3:$Z$9,9,FALSE) -> #N/A
I37: EXTRACT RECOVERY | R37: =B37 -> 0 | S37: =VLOOKUP($B37,$R$3:$X$9,2,FALSE) -> #N/A | T37: =VLOOKUP($B37,$R$3:$X$9,3,FALSE) -> #N/A | U37: =VLOOKUP($B37,$R$3:$X$9,4,FALSE) -> #N/A | V37: =VLOOKUP($B37,$R$3:$X$9,5,FALSE) -> #N/A | W37: =VLOOKUP($B37,$R$3:$X$9,6,FALSE) -> #N/A | X37: =VLOOKUP($B37,$R$3:$X$9,7,FALSE) -> #N/A | Y37: =VLOOKUP($B37,$R$3:$Z$9,8,FALSE) -> #N/A | Z37: =VLOOKUP($B37,$R$3:$Z$9,9,FALSE) -> #N/A
B38: BRAND | D38: BBT P.G./ O.G | I38: Brand | J38: Actual | K38: MTD No. of Brews | L38: MTD | M38: YTD | N38: Target | R38: =B38 -> BRAND | S38: =VLOOKUP($B38,$R$3:$X$9,2,FALSE) -> #N/A | T38: =VLOOKUP($B38,$R$3:$X$9,3,FALSE) -> #N/A | U38: =VLOOKUP($B38,$R$3:$X$9,4,FALSE) -> #N/A | V38: =VLOOKUP($B38,$R$3:$X$9,5,FALSE) -> #N/A | W38: =VLOOKUP($B38,$R$3:$X$9,6,FALSE) -> #N/A | X38: =VLOOKUP($B38,$R$3:$X$9,7,FALSE) -> #N/A | Y38: =VLOOKUP($B38,$R$3:$Z$9,8,FALSE) -> #N/A | Z38: =VLOOKUP($B38,$R$3:$Z$9,9,FALSE) -> #N/A
B39: =I39 -> CARIB | C39: =[24]Process!D468 -> 11.8 | D39: 11.91 | I39: CARIB | J39: =AVERAGE(I10:I19) -> 97.603507 | K39: =COUNTA([24]Brewhouse!$A$493:$A$515) -> 23 | L39: =AVERAGE([24]Brewhouse!$AU$493:$AU$515) -> 98.057016 | M39: =AVERAGE([24]Brewhouse!$AU$102:$AU$171,[24]Brewhouse!$AU$173:$AU$253,[24]Brewhouse!$AU$255:$AU$339,[24]Brewhouse!$AU$341:$AU$346,[24]Brewhouse!$AU$348,[24]Brewhouse!$AU$349:$AU$406,[24]Brewhouse!$AU$408:$AU$491,[24]Brewhouse!$AU$493:$AU$515) -> 97.682923 | N39: 98
C40: =[24]Process!D469 -> 11.89 | I40: STAG | K40: =COUNTA([25]Brewhouse!$A$242:$A$249) -> 8 | L40: =AVERAGE([25]Brewhouse!$AS$242:$AS$249) -> 97.039541 | M40: =AVERAGE([25]Brewhouse!$AS$15:$AS$64,[25]Brewhouse!$AS$66:$AS$103,[25]Brewhouse!$AS$105:$AS$140,[25]Brewhouse!$AS$142:$AS$193,[25]Brewhouse!$AS$195:$AS$240,[25]Brewhouse!$AS$242:$AS$249) -> 97.846474 | N40: 98
C41: =[24]Process!D470 -> 11.87 | D41: 11.97 | I41: GUINNESS | M41: =AVERAGE([26]Brewhouse!$AU$4:$AU$7,[26]Brewhouse!$AU$9:$AU$22,[26]Brewhouse!$AU$24:$AU$35,[26]Brewhouse!$AU$37:$AU$45,[26]Brewhouse!$AU$47:$AU$62) -> 97.179377 | N41: 98
C42: =[24]Process!D471 -> 11.85 | I42: VITAMALT | M42: =AVERAGE([23]Brewhouse!$AV$5:$AV$14,[23]Brewhouse!$AV$16:$AV$19,[23]Brewhouse!$AV$21:$AV$24,[23]Brewhouse!$AV$26:$AV$33,[23]Brewhouse!$AV$35:$AV$46) -> 99.005314 | N42: 98
I43: MAXIMALT | N43: 98
I44: MACKESON | K44: =COUNTA([27]Brewhouse!$A$18:$A$21) -> 4 | L44: =AVERAGE([27]Brewhouse!$AT$18:$AT$21) -> 95.061603 | M44: =AVERAGE([27]Brewhouse!$AT$4:$AT$11,[27]Brewhouse!$AT$13:$AT$16,[27]Brewhouse!$AT$18:$AT$21) -> 94.77317 | N44: 98
I45: STARMALT | K45: =COUNTA([22]Brewhouse!$A$45:$A$50) -> 6 | L45: =AVERAGE([22]Brewhouse!$AY$45:$AY$50) -> 96.288901 | M45: =AVERAGE([22]Brewhouse!$AY$6:$AY$13,[22]Brewhouse!$AY$15:$AY$20,[22]Brewhouse!$AY$22:$AY$29,[22]Brewhouse!$AY$31:$AY$34,[22]Brewhouse!$AY$36:$AY$43,[22]Brewhouse!$AY$45:$AY$50) -> 96.612625 | N45: 98
I46: HR- Pils | M46: =AVERAGE([28]Brewhouse!$AU$5:$AU$8) -> 91.006888 | N46: 98
I47: HR- IPA | N47: 98
I48: HR- APA | N48: 98
K49: =SUM(K39:K48) -> 41 | L49: =((L39*K39)+(L40*K40)+(L41*K41)+(L42*K42)+(L43*K43)+(K46*L46)+(L44*K44)+(L45*K45)+(L48*K48))/(K49) -> 97.3075 | M49: =AVERAGE('[29]Jan 31st'!$L$65,'[30]Feb 28th'!$L$35,'[31]Mar. 31st'!$L$35,'[32]Apr. 30th'!$L$45,'[33]May 30th'!$L$37,L49) -> 97.581126 | N49: 98
B51: =I39 -> CARIB | C51: =[24]Process!D442 -> 11.45 | D51: 11.84 | J51: Daily Brewing Plan
C52: =[24]Process!D443 -> 11.7 | J52: Brand | K52: Brews Achieved | L52: Average Brews per day
C53: =[24]Process!D444 -> 11.9 | D53: 11.85 | J53: CARIB | K53: 7 | L53: MTD | M53: YTD | N53: TARGET
C54: =[24]Process!D445 -> 11.9 | J54: STAG | L54: =AVERAGE('June 2nd'!K57,'June 10th'!K63,'June 3rd'!K63,'June 4th'!K63,'June 5th '!K63,'June 6th'!K63) -> 6.8333333 | M54: =AVERAGE('[29]Jan 29th '!$M$70,'[30]Feb 28th'!$L$40,'[31]Mar. 31st'!$L$40,'[32]Apr. 30th'!$L$50,'[33]May 30th'!$L$42,L54) -> 6.6733291 | N54: 9.2
C55: =[24]Process!D452 -> 11.62 | D55: 11.91 | J55: GUINN
C56: =[24]Process!D453 -> 11.4 | J56: VITAMALT
C57: =[24]Process!D454 -> 11.6 | J57: STARMALT
C58: =[24]Process!D455 -> 11.7 | J58: MACKESON
J59: HURRICANE REEF- IPA
J60: HURRICANE REEF- APA
B61: AVERAGE | D61: =AVERAGE(D39:E60) -> 11.896 | J61: HR- PILSNER
J62: CARIBE
J63: Total | K63: =SUM(K53:K62) -> 7
B64: Process: | C64: Fermentation/Filtration
B66: Brand | C66: Filt. Date | D66: FV Hls | E66: GFE/ Prim/ Vita Blend (Hls) | F66: SV Hls | G66: BBT Hls | H66: Loss (%) Ferm | I66: Loss (%) Filt | J66: Comments | K66: Throughput | L66: Process Loss (%) | M66: Filt. Operator
AB67: 43474 | AC67: 43475 | AD67: 43476 | AE67: 43477 | AF67: 43478 | AG67: 43479 | AH67: 43480 | AI67: 43481 | AJ67: 43482 | AK67: 43483 | AL67: 43484 | AM67: 43485 | AN67: 43486 | AO67: 43487 | AP67: 43488 | AQ67: 43489 | AR67: 43490 | AS67: 43491 | AT67: 43492 | AU67: 43493 | AV67: 43494 | AW67: 43495 | AX67: 43496
B68: =B75 -> CARIB | C68: 45818 | D68: =[34]June_2025!$L$3 -> 198.2 | G68: =[34]June_2025!$L$7 -> 175 | J68: NO SBF | K68: =[36]June_2025!$L$18 -> 0.61403509 | L68: =(((D68+E68)-G68)/(D68+E68))*100 -> 11.705348 | M68: J. Nelson
B70: =B75 -> CARIB | C70: 45818 | D70: =[34]June_2025!$M$3 -> 413.3 | G70: =[34]June_2025!$M$7 -> 385.1 | J70: 1 SBF | K70: =[36]June_2025!$M$18 -> 0.67561404 | L70: =(((D70+E70)-G70)/(D70+E70))*100 -> 6.8231309 | M70: D. Emery | AB70: =[20]January_2019!L7 -> 0 | AC70: =[20]January_2019!M7 -> 0 | AD70: =[20]January_2019!N7 -> 0 | AE70: =[20]January_2019!O7 -> 0 | AF70: =[20]January_2019!P7 -> 0 | AG70: =[20]January_2019!Q7 -> 0 | AH70: =[20]January_2019!R7 -> 0 | AI70: =[20]January_2019!S7 -> 0 | ... AX70: =[20]January_2019!AH7 -> 0
B73: Process Loss (Volume) | G73: Process Loss (Extract) | K73: Throughput
B74: Brand | C74: Actual | D74: MTD | E74: YTD | F74: Target | G74: Actual | H74: MTD | I74: YTD | J74: Target | K74: Actual | L74: MTD | M74: YTD | N74: Target
B75: CARIB | C75: =AVERAGE(L68,L70) -> 9.2642395 | D75: 7.5477395 | E75: 6.727975 | F75: 4.8 | G75: =AVERAGE([34]June_2025!$L$11,[34]June_2025!$M$11) -> 7.9932669 | H75: 6.4245885 | I75: 6.7990284 | J75: 4.8 | K75: =AVERAGE(K68,K70) -> 0.64482456 | L75: 0.51679825 | M75: 0.74254844 | N75: 1
B76: STAG | D76: 4.8418127 | E76: 6.2116707 | F76: 4.8 | H76: 4.4483308 | I76: 6.0535596 | J76: 4.8 | L76: 0.52064327 | M76: 0.73710739 | N76: 1
B77: GUINN | E77: 11.904403 | F77: 5.5 | I77: 13.276233 | J77: 5.5 | M77: 0.54554654 | N77: 1
B78: VITAMALT | D78: 3.718593 | E78: 4.2675954 | F78: 3.3 | H78: 3.5401444 | I78: 4.1118287 | J78: 3.3 | L78: 0.33614035 | M78: 0.78836257 | N78: 1
B79: MAXIMALT | F79: 3.3 | J79: 3 | N79: 1
B80: MACKESON | E80: 7.8262258 | F80: =[21]May_2022!$M$43 -> 3.4878407 | I80: 9.4300679 | J80: 5.5 | M80: 0.67497076 | N80: 1
B81: STARMALT | D81: 4.4761596 | E81: 2.899045 | F81: 3.3 | H81: 4.5799898 | I81: 4.4797972 | J81: 3.3 | L81: 0.34444444 | M81: 0.75981884 | N81: 1
B82: HURRICANE REEF | F82: 7.5 | J82: 7.5 | N82: 1
B83: HURRICANE REEF PILS | E83: 4.8792509 | F83: 4.8 | I83: 6.2003724 | J83: 4.8 | M83: 0.33859649 | N83: 1
D84: 6.101263 | E84: 6.6223478 | F84: 5.5 | H84: 5.3400148 | I84: 6.9386212 | J84: 5.5 | L84: 0.47363304 | M84: 0.70909412 | N84: 1

Sheet June 11th
S1: P.G. | U1: Hot Time | W1: Process Time | Y1: Cooling Time
B2: Brewing Department Daily Process Loss Report | S2: Lower | T2: Upper | U2: Lower | V2: Upper | W2: Lower | X2: Upper | Y2: Lower | Z2: Upper
R3: CARIB | S3: 11.6 | T3: 12 | U3: 0 | V3: 0.11805556 | W3: 0.22569444 | X3: 0.26388889 | Y3: 0 | Z3: 60 | AB3: HR- PISNER
B4: Date: | C4: 45820 | J4: LOT WORT COLOUR: 3.3 | M4: Filter Sheets (Target 20 days) | R4: STAG | S4: 11.6 | T4: 12 | U4: 0 | V4: 0.11805556 | W4: 0.22569444 | X4: 0.26388889 | Y4: 0 | Z4: 60
M5: Double | N5: Single | R5: GUINNESS | S5: 17 | T5: 17.5 | U5: 0 | V5: 0.10763889 | W5: 0.24652778 | X5: 0.28472222 | Y5: 0 | Z5: 60
J6: MALT LOT: Lot 38 | L6: Sheet Day | R6: MACKESON | S6: 13.3 | T6: 13.5 | U6: 0 | V6: 0.12905093 | W6: 0.27430556 | X6: 0.30208333 | Y6: 0
R7: STARMALT | S7: 17.1 | T7: 17.5 | U7: 0 | V7: 0.13605324 | W7: 0.27430556 | X7: 0.30902778 | Y7: 0 | Z7: 60
B8: Brand | C8: Brew no. | D8: Kett. Hls | E8: Wort | F8: Cool Time(Mins) | G8: Cast. P.G. (Lab Result) | H8: Cast P.G. (Cellar Operator)-gravity | I8: Extr. Rec (79.09%) | J8: Theor. Extr. (77.5%) | K8: Boil Off /Vol. (4-6%) | L8: Boil Time | M8: Total Hot | N8: Brewing | O8: Operator | R8: Hurricane Reef | S8: 16.6 | T8: 17 | U8: 0 | V8: 0.12905093 | W8: 0.27430556 | X8: 0.30208333 | Y8: 0
E9: Meter (Hls) | F9: Target(< 60Mins) | M9: Time | R9: VITAMALT | S9: 14.4 | T9: 14.6 | U9: 0 | V9: 0.13905093 | W9: 0.26041667 | X9: 0.29513889 | Y9: 0 | Z9: 75
R10: =B10 -> 0 | S10: =VLOOKUP($B10,$R$3:$X$9,2,FALSE) -> #N/A | T10: =VLOOKUP($B10,$R$3:$X$9,3,FALSE) -> #N/A | U10: =VLOOKUP($B10,$R$3:$X$9,4,FALSE) -> #N/A | V10: =VLOOKUP($B10,$R$3:$X$9,5,FALSE) -> #N/A | W10: =VLOOKUP($B10,$R$3:$X$9,6,FALSE) -> #N/A | X10: =VLOOKUP($B10,$R$3:$X$9,7,FALSE) -> #N/A | Y10: =VLOOKUP($B10,$R$3:$Z$9,8,FALSE) -> #N/A | Z10: =VLOOKUP($B10,$R$3:$Z$9,9,FALSE) -> #N/A
R11: =B11 -> 0 | S11: =VLOOKUP($B11,$R$3:$X$9,2,FALSE) -> #N/A | T11: =VLOOKUP($B11,$R$3:$X$9,3,FALSE) -> #N/A | U11: =VLOOKUP($B11,$R$3:$X$9,4,FALSE) -> #N/A | V11: =VLOOKUP($B11,$R$3:$X$9,5,FALSE) -> #N/A | W11: =VLOOKUP($B11,$R$3:$X$9,6,FALSE) -> #N/A | X11: =VLOOKUP($B11,$R$3:$X$9,7,FALSE) -> #N/A | Y11: =VLOOKUP($B11,$R$3:$Z$9,8,FALSE) -> #N/A | Z11: =VLOOKUP($B11,$R$3:$Z$9,9,FALSE) -> #N/A
R12: =B12 -> 0 | S12: =VLOOKUP($B12,$R$3:$X$9,2,FALSE) -> #N/A | T12: =VLOOKUP($B12,$R$3:$X$9,3,FALSE) -> #N/A | U12: =VLOOKUP($B12,$R$3:$X$9,4,FALSE) -> #N/A | V12: =VLOOKUP($B12,$R$3:$X$9,5,FALSE) -> #N/A | W12: =VLOOKUP($B12,$R$3:$X$9,6,FALSE) -> #N/A | X12: =VLOOKUP($B12,$R$3:$X$9,7,FALSE) -> #N/A | Y12: =VLOOKUP($B12,$R$3:$Z$9,8,FALSE) -> #N/A | Z12: =VLOOKUP($B12,$R$3:$Z$9,9,FALSE) -> #N/A
R13: =B13 -> 0 | S13: =VLOOKUP($B13,$R$3:$X$9,2,FALSE) -> #N/A | T13: =VLOOKUP($B13,$R$3:$X$9,3,FALSE) -> #N/A | U13: =VLOOKUP($B13,$R$3:$X$9,4,FALSE) -> #N/A | V13: =VLOOKUP($B13,$R$3:$X$9,5,FALSE) -> #N/A | W13: =VLOOKUP($B13,$R$3:$X$9,6,FALSE) -> #N/A | X13: =VLOOKUP($B13,$R$3:$X$9,7,FALSE) -> #N/A | Y13: =VLOOKUP($B13,$R$3:$Z$9,8,FALSE) -> #N/A | Z13: =VLOOKUP($B13,$R$3:$Z$9,9,FALSE) -> #N/A
R14: =B14 -> 0 | S14: =VLOOKUP($B14,$R$3:$X$9,2,FALSE) -> #N/A | T14: =VLOOKUP($B14,$R$3:$X$9,3,FALSE) -> #N/A | U14: =VLOOKUP($B14,$R$3:$X$9,4,FALSE) -> #N/A | V14: =VLOOKUP($B14,$R$3:$X$9,5,FALSE) -> #N/A | W14: =VLOOKUP($B14,$R$3:$X$9,6,FALSE) -> #N/A | X14: =VLOOKUP($B14,$R$3:$X$9,7,FALSE) -> #N/A | Y14: =VLOOKUP($B14,$R$3:$Z$9,8,FALSE) -> #N/A | Z14: =VLOOKUP($B14,$R$3:$Z$9,9,FALSE) -> #N/A
R15: =B15 -> 0 | S15: =VLOOKUP($B15,$R$3:$X$9,2,FALSE) -> #N/A | T15: =VLOOKUP($B15,$R$3:$X$9,3,FALSE) -> #N/A | U15: =VLOOKUP($B15,$R$3:$X$9,4,FALSE) -> #N/A | V15: =VLOOKUP($B15,$R$3:$X$9,5,FALSE) -> #N/A | W15: =VLOOKUP($B15,$R$3:$X$9,6,FALSE) -> #N/A | X15: =VLOOKUP($B15,$R$3:$X$9,7,FALSE) -> #N/A | Y15: =VLOOKUP($B15,$R$3:$Z$9,8,FALSE) -> #N/A | Z15: =VLOOKUP($B15,$R$3:$Z$9,9,FALSE) -> #N/A
R16: =B16 -> 0 | S16: =VLOOKUP($B16,$R$3:$X$9,2,FALSE) -> #N/A | T16: =VLOOKUP($B16,$R$3:$X$9,3,FALSE) -> #N/A | U16: =VLOOKUP($B16,$R$3:$X$9,4,FALSE) -> #N/A | V16: =VLOOKUP($B16,$R$3:$X$9,5,FALSE) -> #N/A | W16: =VLOOKUP($B16,$R$3:$X$9,6,FALSE) -> #N/A | X16: =VLOOKUP($B16,$R$3:$X$9,7,FALSE) -> #N/A | Y16: =VLOOKUP($B16,$R$3:$Z$9,8,FALSE) -> #N/A | Z16: =VLOOKUP($B16,$R$3:$Z$9,9,FALSE) -> #N/A
B17: CARIB | C17: =[24]Brewhouse!$A516 -> CA410 | D17: =[24]Brewhouse!$AF516 -> 53.2 | E17: =[24]Brewhouse!$AI516 -> 50.3 | F17: =[24]Brewhouse!$V516 -> 59 | G17: =[24]Brewhouse!$AG516 -> 12 | H17: 11.9 | I17: =[24]Brewhouse!$AU516 -> 98.680824 | J17: =[24]Brewhouse!$AV516 -> 101.61803 | K17: =[24]Brewhouse!$Q516 -> 7 | L17: =[24]Brewhouse!$P516 -> 61 | M17: =[24]Brewhouse!$U516-[24]Brewhouse!$T516 -> 0.10694444 | N17: =[24]Brewhouse!$Z516 -> 0.24583333 | O17: =[24]Brewhouse!$AX516 -> K.Benjamin | R17: =B17 -> CARIB | S17: =VLOOKUP($B17,$R$3:$X$9,2,FALSE) -> 11.6 | T17: =VLOOKUP($B17,$R$3:$X$9,3,FALSE) -> 12 | U17: =VLOOKUP($B17,$R$3:$X$9,4,FALSE) -> 0 | V17: =VLOOKUP($B17,$R$3:$X$9,5,FALSE) -> 0.11805556 | W17: =VLOOKUP($B17,$R$3:$X$9,6,FALSE) -> 0.22569444 | X17: =VLOOKUP($B17,$R$3:$X$9,7,FALSE) -> 0.26388889 | Y17: =VLOOKUP($B17,$R$3:$Z$9,8,FALSE) -> 0 | Z17: =VLOOKUP($B17,$R$3:$Z$9,9,FALSE) -> 60
B18: CARIB | C18: =[24]Brewhouse!$A517 -> CA411 | D18: =[24]Brewhouse!$AF517 -> 54.3 | E18: =[24]Brewhouse!$AI517 -> 51.5 | F18: =[24]Brewhouse!$V517 -> 59 | G18: =[24]Brewhouse!$AG517 -> 11.6 | H18: 11.6 | I18: =[24]Brewhouse!$AU517 -> 97.011248 | J18: =[24]Brewhouse!$AV517 -> 99.899396 | K18: =[24]Brewhouse!$Q517 -> 5.8865248 | L18: =[24]Brewhouse!$P517 -> 60 | M18: =[24]Brewhouse!$U517-[24]Brewhouse!$T517 -> 0.10833333 | N18: =[24]Brewhouse!$Z517 -> 0.25277778 | O18: =[24]Brewhouse!$AX517 -> R. Regis | R18: =B18 -> CARIB | S18: =VLOOKUP($B18,$R$3:$X$9,2,FALSE) -> 11.6 | T18: =VLOOKUP($B18,$R$3:$X$9,3,FALSE) -> 12 | U18: =VLOOKUP($B18,$R$3:$X$9,4,FALSE) -> 0 | V18: =VLOOKUP($B18,$R$3:$X$9,5,FALSE) -> 0.11805556 | W18: =VLOOKUP($B18,$R$3:$X$9,6,FALSE) -> 0.22569444 | X18: =VLOOKUP($B18,$R$3:$X$9,7,FALSE) -> 0.26388889 | Y18: =VLOOKUP($B18,$R$3:$Z$9,8,FALSE) -> 0 | Z18: =VLOOKUP($B18,$R$3:$Z$9,9,FALSE) -> 60
B19: CARIB | C19: =[24]Brewhouse!$A518 -> CA412 | D19: =[24]Brewhouse!$AF518 -> 54.3 | E19: =[24]Brewhouse!$AI518 -> 51.5 | F19: =[24]Brewhouse!$V518 -> 63 | G19: =[24]Brewhouse!$AG518 -> 11.8 | H19: 11.9 | I19: =[24]Brewhouse!$AU518 -> 98.283917 | J19: =[24]Brewhouse!$AV518 -> 101.21059 | K19: =[24]Brewhouse!$Q518 -> 5.2049911 | L19: =[24]Brewhouse!$P518 -> 60 | M19: =[24]Brewhouse!$U518-[24]Brewhouse!$T518 -> 0.10694444 | N19: =[24]Brewhouse!$Z518 -> 0.26111111 | O19: =[24]Brewhouse!$AX518 -> R. Regis | R19: =B19 -> CARIB | S19: =VLOOKUP($B19,$R$3:$X$9,2,FALSE) -> 11.6 | T19: =VLOOKUP($B19,$R$3:$X$9,3,FALSE) -> 12 | U19: =VLOOKUP($B19,$R$3:$X$9,4,FALSE) -> 0 | V19: =VLOOKUP($B19,$R$3:$X$9,5,FALSE) -> 0.11805556 | W19: =VLOOKUP($B19,$R$3:$X$9,6,FALSE) -> 0.22569444 | X19: =VLOOKUP($B19,$R$3:$X$9,7,FALSE) -> 0.26388889 | Y19: =VLOOKUP($B19,$R$3:$Z$9,8,FALSE) -> 0 | Z19: =VLOOKUP($B19,$R$3:$Z$9,9,FALSE) -> 60
B20: CARIB | C20: =[24]Brewhouse!$A519 -> CA413 | D20: =[24]Brewhouse!$AF519 -> 55.1 | E20: =[24]Brewhouse!$AI519 -> 52.3 | F20: =[24]Brewhouse!$V519 -> 67 | G20: =[24]Brewhouse!$AG519 -> 11.6 | H20: 11.6 | I20: =[24]Brewhouse!$AU519 -> 98.396015 | J20: =[24]Brewhouse!$AV519 -> 101.32555 | K20: =[24]Brewhouse!$Q519 -> 4.8398577 | L20: =[24]Brewhouse!$P519 -> 60 | M20: =[24]Brewhouse!$U519-[24]Brewhouse!$T519 -> 0.11875 | N20: =[24]Brewhouse!$Z519 -> 0.25208333 | O20: =[24]Brewhouse!$AX519 -> R. Regis | R20: =B20 -> CARIB | S20: =VLOOKUP($B20,$R$3:$X$9,2,FALSE) -> 11.6 | T20: =VLOOKUP($B20,$R$3:$X$9,3,FALSE) -> 12 | U20: =VLOOKUP($B20,$R$3:$X$9,4,FALSE) -> 0 | V20: =VLOOKUP($B20,$R$3:$X$9,5,FALSE) -> 0.11805556 | W20: =VLOOKUP($B20,$R$3:$X$9,6,FALSE) -> 0.22569444 | X20: =VLOOKUP($B20,$R$3:$X$9,7,FALSE) -> 0.26388889 | Y20: =VLOOKUP($B20,$R$3:$Z$9,8,FALSE) -> 0 | Z20: =VLOOKUP($B20,$R$3:$Z$9,9,FALSE) -> 60
B21: CARIB | C21: =[24]Brewhouse!$A520 -> CA414 | D21: =[24]Brewhouse!$AF520 -> 54.1 | E21: =[24]Brewhouse!$AI520 -> 51.8 | F21: =[24]Brewhouse!$V520 -> 81 | G21: =[24]Brewhouse!$AG520 -> 11.7 | H21: 11.8 | I21: =[24]Brewhouse!$AU520 -> 97.854297 | J21: =[24]Brewhouse!$AV520 -> 100.76834 | K21: =[24]Brewhouse!$Q520 -> 4.6785714 | L21: =[24]Brewhouse!$P520 -> 60 | M21: =[24]Brewhouse!$U520-[24]Brewhouse!$T520 -> 0.12013889 | N21: =[24]Brewhouse!$Z520 -> 0.24861111 | O21: =[24]Brewhouse!$AX520 -> R. Regis | R21: =B21 -> CARIB | S21: =VLOOKUP($B21,$R$3:$X$9,2,FALSE) -> 11.6 | T21: =VLOOKUP($B21,$R$3:$X$9,3,FALSE) -> 12 | U21: =VLOOKUP($B21,$R$3:$X$9,4,FALSE) -> 0 | V21: =VLOOKUP($B21,$R$3:$X$9,5,FALSE) -> 0.11805556 | W21: =VLOOKUP($B21,$R$3:$X$9,6,FALSE) -> 0.22569444 | X21: =VLOOKUP($B21,$R$3:$X$9,7,FALSE) -> 0.26388889 | Y21: =VLOOKUP($B21,$R$3:$Z$9,8,FALSE) -> 0 | Z21: =VLOOKUP($B21,$R$3:$Z$9,9,FALSE) -> 60
B22: CARIB | C22: =[24]Brewhouse!$A521 -> CA415 | D22: =[24]Brewhouse!$AF521 -> 53 | E22: =[24]Brewhouse!$AI521 -> 49.7 | F22: =[24]Brewhouse!$V521 -> 78 | G22: =[24]Brewhouse!$AG521 -> 11.9 | H22: 11.9 | I22: =[24]Brewhouse!$AU521 -> 95.428408 | J22: =[24]Brewhouse!$AV521 -> 98.15301 | K22: =[24]Brewhouse!$Q521 -> 7.921147 | L22: =[24]Brewhouse!$P521 -> 58 | M22: =[24]Brewhouse!$U521-[24]Brewhouse!$T521 -> 0.11944444 | N22: =[24]Brewhouse!$Z521 -> 0.25277778 | O22: =[24]Brewhouse!$AX521 -> D. Gomez | R22: =B22 -> CARIB | S22: =VLOOKUP($B22,$R$3:$X$9,2,FALSE) -> 11.6 | T22: =VLOOKUP($B22,$R$3:$X$9,3,FALSE) -> 12 | U22: =VLOOKUP($B22,$R$3:$X$9,4,FALSE) -> 0 | V22: =VLOOKUP($B22,$R$3:$X$9,5,FALSE) -> 0.11805556 | W22: =VLOOKUP($B22,$R$3:$X$9,6,FALSE) -> 0.22569444 | X22: =VLOOKUP($B22,$R$3:$X$9,7,FALSE) -> 0.26388889 | Y22: =VLOOKUP($B22,$R$3:$Z$9,8,FALSE) -> 0 | Z22: =VLOOKUP($B22,$R$3:$Z$9,9,FALSE) -> 60
B23: CARIB | C23: =[24]Brewhouse!$A522 -> CA416 | D23: =[24]Brewhouse!$AF522 -> 53.1 | E23: =[24]Brewhouse!$AI522 -> 50.2 | F23: =[24]Brewhouse!$V522 -> 77 | G23: =[24]Brewhouse!$AG522 -> 12 | H23: 11.9 | I23: =[24]Brewhouse!$AU522 -> 97.99538 | J23: =[24]Brewhouse!$AV522 -> 100.91283 | K23: =[24]Brewhouse!$Q522 -> 6.9581056 | L23: =[24]Brewhouse!$P522 -> 61 | M23: =[24]Brewhouse!$U522-[24]Brewhouse!$T522 -> 0.11875 | N23: =[24]Brewhouse!$Z522 -> 0.25069444 | O23: =[24]Brewhouse!$AX522 -> D. Gomez | R23: =B23 -> CARIB | S23: =VLOOKUP($B23,$R$3:$X$9,2,FALSE) -> 11.6 | T23: =VLOOKUP($B23,$R$3:$X$9,3,FALSE) -> 12 | U23: =VLOOKUP($B23,$R$3:$X$9,4,FALSE) -> 0 | V23: =VLOOKUP($B23,$R$3:$X$9,5,FALSE) -> 0.11805556 | W23: =VLOOKUP($B23,$R$3:$X$9,6,FALSE) -> 0.22569444 | X23: =VLOOKUP($B23,$R$3:$X$9,7,FALSE) -> 0.26388889 | Y23: =VLOOKUP($B23,$R$3:$Z$9,8,FALSE) -> 0 | Z23: =VLOOKUP($B23,$R$3:$Z$9,9,FALSE) -> 60
B24: CARIB | C24: =[24]Brewhouse!$A523 -> CA417 | D24: =[24]Brewhouse!$AF523 -> 53.2 | E24: =[24]Brewhouse!$AI523 -> 50.3 | F24: =[24]Brewhouse!$V523 -> 53 | G24: =[24]Brewhouse!$AG523 -> 11.7 | H24: 11.8 | I24: =[24]Brewhouse!$AU523 -> 95.729635 | J24: =[24]Brewhouse!$AV523 -> 98.57947 | K24: =[24]Brewhouse!$Q523 -> 5.8227848 | L24: =[24]Brewhouse!$P523 -> 58 | M24: =[24]Brewhouse!$U523-[24]Brewhouse!$T523 -> 0.098611111 | N24: =[24]Brewhouse!$Z523 -> 0.23194444 | O24: =[24]Brewhouse!$AX523 -> D. Gomez | R24: =B24 -> CARIB | S24: =VLOOKUP($B24,$R$3:$X$9,2,FALSE) -> 11.6 | T24: =VLOOKUP($B24,$R$3:$X$9,3,FALSE) -> 12 | U24: =VLOOKUP($B24,$R$3:$X$9,4,FALSE) -> 0 | V24: =VLOOKUP($B24,$R$3:$X$9,5,FALSE) -> 0.11805556 | W24: =VLOOKUP($B24,$R$3:$X$9,6,FALSE) -> 0.22569444 | X24: =VLOOKUP($B24,$R$3:$X$9,7,FALSE) -> 0.26388889 | Y24: =VLOOKUP($B24,$R$3:$Z$9,8,FALSE) -> 0 | Z24: =VLOOKUP($B24,$R$3:$Z$9,9,FALSE) -> 60
B25: CARIB | C25: =[24]Brewhouse!$A524 -> CA418 | D25: =[24]Brewhouse!$AF524 -> 53.8 | E25: =[24]Brewhouse!$AI524 -> 51.1 | F25: =[24]Brewhouse!$V524 -> 69 | G25: =[24]Brewhouse!$AG524 -> 11.7 | H25: 11.7 | I25: =[24]Brewhouse!$AU524 -> 96.651238 | J25: =[24]Brewhouse!$AV524 -> 99.529297 | K25: =[24]Brewhouse!$Q524 -> 4.1877256 | L25: =[24]Brewhouse!$P524 -> 63 | M25: =[24]Brewhouse!$U524-[24]Brewhouse!$T524 -> 0.11319444 | N25: =[24]Brewhouse!$Z524 -> 0.23611111 | O25: =[24]Brewhouse!$AX524 -> K.Benjamin | R25: =B25 -> CARIB | S25: =VLOOKUP($B25,$R$3:$X$9,2,FALSE) -> 11.6 | T25: =VLOOKUP($B25,$R$3:$X$9,3,FALSE) -> 12 | U25: =VLOOKUP($B25,$R$3:$X$9,4,FALSE) -> 0 | V25: =VLOOKUP($B25,$R$3:$X$9,5,FALSE) -> 0.11805556 | W25: =VLOOKUP($B25,$R$3:$X$9,6,FALSE) -> 0.22569444 | X25: =VLOOKUP($B25,$R$3:$X$9,7,FALSE) -> 0.26388889 | Y25: =VLOOKUP($B25,$R$3:$Z$9,8,FALSE) -> 0 | Z25: =VLOOKUP($B25,$R$3:$Z$9,9,FALSE) -> 60
R26: =B26 -> 0 | S26: =VLOOKUP($B26,$R$3:$X$9,2,FALSE) -> #N/A | T26: =VLOOKUP($B26,$R$3:$X$9,3,FALSE) -> #N/A | U26: =VLOOKUP($B26,$R$3:$X$9,4,FALSE) -> #N/A | V26: =VLOOKUP($B26,$R$3:$X$9,5,FALSE) -> #N/A | W26: =VLOOKUP($B26,$R$3:$X$9,6,FALSE) -> #N/A | X26: =VLOOKUP($B26,$R$3:$X$9,7,FALSE) -> #N/A | Y26: =VLOOKUP($B26,$R$3:$Z$9,8,FALSE) -> #N/A | Z26: =VLOOKUP($B26,$R$3:$Z$9,9,FALSE) -> #N/A
R27: =B27 -> 0 | S27: =VLOOKUP($B27,$R$3:$X$9,2,FALSE) -> #N/A | T27: =VLOOKUP($B27,$R$3:$X$9,3,FALSE) -> #N/A | U27: =VLOOKUP($B27,$R$3:$X$9,4,FALSE) -> #N/A | V27: =VLOOKUP($B27,$R$3:$X$9,5,FALSE) -> #N/A | W27: =VLOOKUP($B27,$R$3:$X$9,6,FALSE) -> #N/A | X27: =VLOOKUP($B27,$R$3:$X$9,7,FALSE) -> #N/A | Y27: =VLOOKUP($B27,$R$3:$Z$9,8,FALSE) -> #N/A | Z27: =VLOOKUP($B27,$R$3:$Z$9,9,FALSE) -> #N/A
R28: =B28 -> 0 | S28: =VLOOKUP($B28,$R$3:$X$9,2,FALSE) -> #N/A | T28: =VLOOKUP($B28,$R$3:$X$9,3,FALSE) -> #N/A | U28: =VLOOKUP($B28,$R$3:$X$9,4,FALSE) -> #N/A | V28: =VLOOKUP($B28,$R$3:$X$9,5,FALSE) -> #N/A | W28: =VLOOKUP($B28,$R$3:$X$9,6,FALSE) -> #N/A | X28: =VLOOKUP($B28,$R$3:$X$9,7,FALSE) -> #N/A | Y28: =VLOOKUP($B28,$R$3:$Z$9,8,FALSE) -> #N/A | Z28: =VLOOKUP($B28,$R$3:$Z$9,9,FALSE) -> #N/A
R29: =B29 -> 0 | S29: =VLOOKUP($B29,$R$3:$X$9,2,FALSE) -> #N/A | T29: =VLOOKUP($B29,$R$3:$X$9,3,FALSE) -> #N/A | U29: =VLOOKUP($B29,$R$3:$X$9,4,FALSE) -> #N/A | V29: =VLOOKUP($B29,$R$3:$X$9,5,FALSE) -> #N/A | W29: =VLOOKUP($B29,$R$3:$X$9,6,FALSE) -> #N/A | X29: =VLOOKUP($B29,$R$3:$X$9,7,FALSE) -> #N/A | Y29: =VLOOKUP($B29,$R$3:$Z$9,8,FALSE) -> #N/A | Z29: =VLOOKUP($B29,$R$3:$Z$9,9,FALSE) -> #N/A
R30: =B30 -> 0 | S30: =VLOOKUP($B30,$R$3:$X$9,2,FALSE) -> #N/A | T30: =VLOOKUP($B30,$R$3:$X$9,3,FALSE) -> #N/A | U30: =VLOOKUP($B30,$R$3:$X$9,4,FALSE) -> #N/A | V30: =VLOOKUP($B30,$R$3:$X$9,5,FALSE) -> #N/A | W30: =VLOOKUP($B30,$R$3:$X$9,6,FALSE) -> #N/A | X30: =VLOOKUP($B30,$R$3:$X$9,7,FALSE) -> #N/A | Y30: =VLOOKUP($B30,$R$3:$Z$9,8,FALSE) -> #N/A | Z30: =VLOOKUP($B30,$R$3:$Z$9,9,FALSE) -> #N/A
R31: =B31 -> 0 | S31: =VLOOKUP($B31,$R$3:$X$9,2,FALSE) -> #N/A | T31: =VLOOKUP($B31,$R$3:$X$9,3,FALSE) -> #N/A | U31: =VLOOKUP($B31,$R$3:$X$9,4,FALSE) -> #N/A | V31: =VLOOKUP($B31,$R$3:$X$9,5,FALSE) -> #N/A | W31: =VLOOKUP($B31,$R$3:$X$9,6,FALSE) -> #N/A | X31: =VLOOKUP($B31,$R$3:$X$9,7,FALSE) -> #N/A | Y31: =VLOOKUP($B31,$R$3:$Z$9,8,FALSE) -> #N/A | Z31: =VLOOKUP($B31,$R$3:$Z$9,9,FALSE) -> #N/A
R32: =B32 -> 0 | S32: =VLOOKUP($B32,$R$3:$X$9,2,FALSE) -> #N/A | T32: =VLOOKUP($B32,$R$3:$X$9,3,FALSE) -> #N/A | U32: =VLOOKUP($B32,$R$3:$X$9,4,FALSE) -> #N/A | V32: =VLOOKUP($B32,$R$3:$X$9,5,FALSE) -> #N/A | W32: =VLOOKUP($B32,$R$3:$X$9,6,FALSE) -> #N/A | X32: =VLOOKUP($B32,$R$3:$X$9,7,FALSE) -> #N/A | Y32: =VLOOKUP($B32,$R$3:$Z$9,8,FALSE) -> #N/A | Z32: =VLOOKUP($B32,$R$3:$Z$9,9,FALSE) -> #N/A
R33: =B33 -> 0 | S33: =VLOOKUP($B33,$R$3:$X$9,2,FALSE) -> #N/A | T33: =VLOOKUP($B33,$R$3:$X$9,3,FALSE) -> #N/A | U33: =VLOOKUP($B33,$R$3:$X$9,4,FALSE) -> #N/A | V33: =VLOOKUP($B33,$R$3:$X$9,5,FALSE) -> #N/A | W33: =VLOOKUP($B33,$R$3:$X$9,6,FALSE) -> #N/A | X33: =VLOOKUP($B33,$R$3:$X$9,7,FALSE) -> #N/A | Y33: =VLOOKUP($B33,$R$3:$Z$9,8,FALSE) -> #N/A | Z33: =VLOOKUP($B33,$R$3:$Z$9,9,FALSE) -> #N/A
R34: =B34 -> 0 | S34: =VLOOKUP($B34,$R$3:$X$9,2,FALSE) -> #N/A | T34: =VLOOKUP($B34,$R$3:$X$9,3,FALSE) -> #N/A | U34: =VLOOKUP($B34,$R$3:$X$9,4,FALSE) -> #N/A | V34: =VLOOKUP($B34,$R$3:$X$9,5,FALSE) -> #N/A | W34: =VLOOKUP($B34,$R$3:$X$9,6,FALSE) -> #N/A | X34: =VLOOKUP($B34,$R$3:$X$9,7,FALSE) -> #N/A | Y34: =VLOOKUP($B34,$R$3:$Z$9,8,FALSE) -> #N/A | Z34: =VLOOKUP($B34,$R$3:$Z$9,9,FALSE) -> #N/A
R35: =B35 -> 0 | S35: =VLOOKUP($B35,$R$3:$X$9,2,FALSE) -> #N/A | T35: =VLOOKUP($B35,$R$3:$X$9,3,FALSE) -> #N/A | U35: =VLOOKUP($B35,$R$3:$X$9,4,FALSE) -> #N/A | V35: =VLOOKUP($B35,$R$3:$X$9,5,FALSE) -> #N/A | W35: =VLOOKUP($B35,$R$3:$X$9,6,FALSE) -> #N/A | X35: =VLOOKUP($B35,$R$3:$X$9,7,FALSE) -> #N/A | Y35: =VLOOKUP($B35,$R$3:$Z$9,8,FALSE) -> #N/A | Z35: =VLOOKUP($B35,$R$3:$Z$9,9,FALSE) -> #N/A
R36: =B36 -> 0 | S36: =VLOOKUP($B36,$R$3:$X$9,2,FALSE) -> #N/A | T36: =VLOOKUP($B36,$R$3:$X$9,3,FALSE) -> #N/A | U36: =VLOOKUP($B36,$R$3:$X$9,4,FALSE) -> #N/A | V36: =VLOOKUP($B36,$R$3:$X$9,5,FALSE) -> #N/A | W36: =VLOOKUP($B36,$R$3:$X$9,6,FALSE) -> #N/A | X36: =VLOOKUP($B36,$R$3:$X$9,7,FALSE) -> #N/A | Y36: =VLOOKUP($B36,$R$3:$Z$9,8,FALSE) -> #N/A | Z36: =VLOOKUP($B36,$R$3:$Z$9,9,FALSE) -> #N/A
I37: EXTRACT RECOVERY | R37: =B37 -> 0 | S37: =VLOOKUP($B37,$R$3:$X$9,2,FALSE) -> #N/A | T37: =VLOOKUP($B37,$R$3:$X$9,3,FALSE) -> #N/A | U37: =VLOOKUP($B37,$R$3:$X$9,4,FALSE) -> #N/A | V37: =VLOOKUP($B37,$R$3:$X$9,5,FALSE) -> #N/A | W37: =VLOOKUP($B37,$R$3:$X$9,6,FALSE) -> #N/A | X37: =VLOOKUP($B37,$R$3:$X$9,7,FALSE) -> #N/A | Y37: =VLOOKUP($B37,$R$3:$Z$9,8,FALSE) -> #N/A | Z37: =VLOOKUP($B37,$R$3:$Z$9,9,FALSE) -> #N/A
B38: BRAND | D38: BBT P.G./ O.G | I38: Brand | J38: Actual | K38: MTD No. of Brews | L38: MTD | M38: YTD | N38: Target | R38: =B38 -> BRAND | S38: =VLOOKUP($B38,$R$3:$X$9,2,FALSE) -> #N/A | T38: =VLOOKUP($B38,$R$3:$X$9,3,FALSE) -> #N/A | U38: =VLOOKUP($B38,$R$3:$X$9,4,FALSE) -> #N/A | V38: =VLOOKUP($B38,$R$3:$X$9,5,FALSE) -> #N/A | W38: =VLOOKUP($B38,$R$3:$X$9,6,FALSE) -> #N/A | X38: =VLOOKUP($B38,$R$3:$X$9,7,FALSE) -> #N/A | Y38: =VLOOKUP($B38,$R$3:$Z$9,8,FALSE) -> #N/A | Z38: =VLOOKUP($B38,$R$3:$Z$9,9,FALSE) -> #N/A
I39: CARIB | J39: =AVERAGE(I17:I25) -> 97.336773 | K39: =COUNTA([24]Brewhouse!$A$493:$A$524) -> 32 | L39: =AVERAGE([24]Brewhouse!$AU$493:$AU$524) -> 97.854448 | M39: =AVERAGE([24]Brewhouse!$AU$102:$AU$171,[24]Brewhouse!$AU$173:$AU$253,[24]Brewhouse!$AU$255:$AU$339,[24]Brewhouse!$AU$341:$AU$346,[24]Brewhouse!$AU$348,[24]Brewhouse!$AU$349:$AU$406,[24]Brewhouse!$AU$408:$AU$491,[24]Brewhouse!$AU$493:$AU$524) -> 97.675452 | N39: 98
I40: STAG | K40: =COUNTA([25]Brewhouse!$A$242:$A$249) -> 8 | L40: =AVERAGE([25]Brewhouse!$AS$242:$AS$249) -> 97.039541 | M40: =AVERAGE([25]Brewhouse!$AS$15:$AS$64,[25]Brewhouse!$AS$66:$AS$103,[25]Brewhouse!$AS$105:$AS$140,[25]Brewhouse!$AS$142:$AS$193,[25]Brewhouse!$AS$195:$AS$240,[25]Brewhouse!$AS$242:$AS$249) -> 97.846474 | N40: 98
I41: GUINNESS | M41: =AVERAGE([26]Brewhouse!$AU$4:$AU$7,[26]Brewhouse!$AU$9:$AU$22,[26]Brewhouse!$AU$24:$AU$35,[26]Brewhouse!$AU$37:$AU$45,[26]Brewhouse!$AU$47:$AU$62) -> 97.179377 | N41: 98
I42: VITAMALT | M42: =AVERAGE([23]Brewhouse!$AV$5:$AV$14,[23]Brewhouse!$AV$16:$AV$19,[23]Brewhouse!$AV$21:$AV$24,[23]Brewhouse!$AV$26:$AV$33,[23]Brewhouse!$AV$35:$AV$46) -> 99.005314 | N42: 98
I43: MAXIMALT | N43: 98
I44: MACKESON | K44: =COUNTA([27]Brewhouse!$A$18:$A$21) -> 4 | L44: =AVERAGE([27]Brewhouse!$AT$18:$AT$21) -> 95.061603 | M44: =AVERAGE([27]Brewhouse!$AT$4:$AT$11,[27]Brewhouse!$AT$13:$AT$16,[27]Brewhouse!$AT$18:$AT$21) -> 94.77317 | N44: 98
I45: STARMALT | K45: =COUNTA([22]Brewhouse!$A$45:$A$50) -> 6 | L45: =AVERAGE([22]Brewhouse!$AY$45:$AY$50) -> 96.288901 | M45: =AVERAGE([22]Brewhouse!$AY$6:$AY$13,[22]Brewhouse!$AY$15:$AY$20,[22]Brewhouse!$AY$22:$AY$29,[22]Brewhouse!$AY$31:$AY$34,[22]Brewhouse!$AY$36:$AY$43,[22]Brewhouse!$AY$45:$AY$50) -> 96.612625 | N45: 98
I46: HR- Pils | M46: =AVERAGE([28]Brewhouse!$AU$5:$AU$8) -> 91.006888 | N46: 98
I47: HR- IPA | N47: 98
I48: HR- APA | N48: 98
K49: =SUM(K39:K48) -> 50 | L49: =((L39*K39)+(L40*K40)+(L41*K41)+(L42*K42)+(L43*K43)+(K46*L46)+(L44*K44)+(L45*K45)+(L48*K48))/(K49) -> 97.31277 | M49: =AVERAGE('[29]Jan 31st'!$L$65,'[30]Feb 28th'!$L$35,'[31]Mar. 31st'!$L$35,'[32]Apr. 30th'!$L$45,'[33]May 30th'!$L$37,L49) -> 97.582004 | N49: 98
J51: Daily Brewing Plan
J52: Brand | K52: Brews Achieved | L52: Average Brews per day
J53: CARIB | K53: 9 | L53: MTD | M53: YTD | N53: TARGET
J54: STAG | L54: =AVERAGE('June 2nd'!K57,'June 11th'!K63,'June 3rd'!K63,'June 4th'!K63,'June 5th '!K63,'June 6th'!K63,'June 10th'!K63) -> 7.1428571 | M54: =AVERAGE('[29]Jan 29th '!$M$70,'[30]Feb 28th'!$L$40,'[31]Mar. 31st'!$L$40,'[32]Apr. 30th'!$L$50,'[33]May 30th'!$L$42,L54) -> 6.7249164 | N54: 9.2
J55: GUINN
J56: VITAMALT
J57: STARMALT
J58: MACKESON
J59: HURRICANE REEF- IPA
J60: HURRICANE REEF- APA
B61: AVERAGE | D61: =AVERAGE(D39:E60) -> #DIV/0! | J61: HR- PILSNER
J62: CARIBE
J63: Total | K63: =SUM(K53:K62) -> 9
B64: Process: | C64: Fermentation/Filtration
B66: Brand | C66: Filt. Date | D66: FV Hls | E66: GFE/ Prim/ Vita Blend (Hls) | F66: SV Hls | G66: BBT Hls | H66: Loss (%) Ferm | I66: Loss (%) Filt | J66: Comments | K66: Throughput | L66: Process Loss (%) | M66: Filt. Operator
AB67: 43474 | AC67: 43475 | AD67: 43476 | AE67: 43477 | AF67: 43478 | AG67: 43479 | AH67: 43480 | AI67: 43481 | AJ67: 43482 | AK67: 43483 | AL67: 43484 | AM67: 43485 | AN67: 43486 | AO67: 43487 | AP67: 43488 | AQ67: 43489 | AR67: 43490 | AS67: 43491 | AT67: 43492 | AU67: 43493 | AV67: 43494 | AW67: 43495 | AX67: 43496
B68: =B75 -> CARIB | C68: 45818 | J68: NO SBF | L68: =(((D68+E68)-G68)/(D68+E68))*100 -> #DIV/0! | M68: J. Nelson
B70: =B75 -> CARIB | C70: 45818 | J70: 1 SBF | L70: =(((D70+E70)-G70)/(D70+E70))*100 -> #DIV/0! | M70: D. Emery | AB70: =[20]January_2019!L7 -> 0 | AC70: =[20]January_2019!M7 -> 0 | AD70: =[20]January_2019!N7 -> 0 | AE70: =[20]January_2019!O7 -> 0 | AF70: =[20]January_2019!P7 -> 0 | AG70: =[20]January_2019!Q7 -> 0 | AH70: =[20]January_2019!R7 -> 0 | AI70: =[20]January_2019!S7 -> 0 | ... AX70: =[20]January_2019!AH7 -> 0
B73: Process Loss (Volume) | G73: Process Loss (Extract) | K73: Throughput
B74: Brand | C74: Actual | D74: MTD | E74: YTD | F74: Target | G74: Actual | H74: MTD | I74: YTD | J74: Target | K74: Actual | L74: MTD | M74: YTD | N74: Target
B75: CARIB | D75: 7.5477395 | E75: 6.727975 | F75: 4.8 | H75: 6.4245885 | I75: 6.7990284 | J75: 4.8 | L75: 0.51679825 | M75: 0.74254844 | N75: 1
B76: STAG | D76: 4.8418127 | E76: 6.2116707 | F76: 4.8 | H76: 4.4483308 | I76: 6.0535596 | J76: 4.8 | L76: 0.52064327 | M76: 0.73710739 | N76: 1
B77: GUINN | E77: 11.904403 | F77: 5.5 | I77: 13.276233 | J77: 5.5 | M77: 0.54554654 | N77: 1
B78: VITAMALT | D78: 3.718593 | E78: 4.2675954 | F78: 3.3 | H78: 3.5401444 | I78: 4.1118287 | J78: 3.3 | L78: 0.33614035 | M78: 0.78836257 | N78: 1
B79: MAXIMALT | F79: 3.3 | J79: 3 | N79: 1
B80: MACKESON | E80: 7.8262258 | F80: =[21]May_2022!$M$43 -> 3.4878407 | I80: 9.4300679 | J80: 5.5 | M80: 0.67497076 | N80: 1
B81: STARMALT | D81: 4.4761596 | E81: 2.899045 | F81: 3.3 | H81: 4.5799898 | I81: 4.4797972 | J81: 3.3 | L81: 0.34444444 | M81: 0.75981884 | N81: 1
B82: HURRICANE REEF | F82: 7.5 | J82: 7.5 | N82: 1
B83: HURRICANE REEF PILS | E83: 4.8792509 | F83: 4.8 | I83: 6.2003724 | J83: 4.8 | M83: 0.33859649 | N83: 1
D84: 6.101263 | E84: 6.6223478 | F84: 5.5 | H84: 5.3400148 | I84: 6.9386212 | J84: 5.5 | L84: 0.47363304 | M84: 0.70909412 | N84: 1

Sheet June 12th 
S1: P.G. | U1: Hot Time | W1: Process Time | Y1: Cooling Time
B2: Brewing Department Daily Process Loss Report | S2: Lower | T2: Upper | U2: Lower | V2: Upper | W2: Lower | X2: Upper | Y2: Lower | Z2: Upper
R3: CARIB | S3: 11.6 | T3: 12 | U3: 0 | V3: 0.11805556 | W3: 0.22569444 | X3: 0.26388889 | Y3: 0 | Z3: 60 | AB3: HR- PISNER
B4: Date: | C4: 45821 | J4: LOT WORT COLOUR: 3.3 | M4: Filter Sheets (Target 20 days) | R4: STAG | S4: 11.6 | T4: 12 | U4: 0 | V4: 0.11805556 | W4: 0.22569444 | X4: 0.26388889 | Y4: 0 | Z4: 60
M5: Double | N5: Single | R5: GUINNESS | S5: 17 | T5: 17.5 | U5: 0 | V5: 0.10763889 | W5: 0.24652778 | X5: 0.28472222 | Y5: 0 | Z5: 60
J6: MALT LOT: Lot 38 | L6: Sheet Day | R6: MACKESON | S6: 13.3 | T6: 13.5 | U6: 0 | V6: 0.12905093 | W6: 0.27430556 | X6: 0.30208333 | Y6: 0
R7: STARMALT | S7: 17.1 | T7: 17.5 | U7: 0 | V7: 0.13605324 | W7: 0.27430556 | X7: 0.30902778 | Y7: 0 | Z7: 60
B8: Brand | C8: Brew no. | D8: Kett. Hls | E8: Wort | F8: Cool Time(Mins) | G8: Cast. P.G. (Lab Result) | H8: Cast P.G. (Cellar Operator)-gravity | I8: Extr. Rec (79.09%) | J8: Theor. Extr. (77.5%) | K8: Boil Off /Vol. (4-6%) | L8: Boil Time | M8: Total Hot | N8: Brewing | O8: Operator | R8: Hurricane Reef | S8: 16.6 | T8: 17 | U8: 0 | V8: 0.12905093 | W8: 0.27430556 | X8: 0.30208333 | Y8: 0
E9: Meter (Hls) | F9: Target(< 60Mins) | M9: Time | R9: VITAMALT | S9: 14.4 | T9: 14.6 | U9: 0 | V9: 0.13905093 | W9: 0.26041667 | X9: 0.29513889 | Y9: 0 | Z9: 75
B10: STAG | C10: =[25]Brewhouse!$A250 -> ST231 | D10: =[25]Brewhouse!$AD250 -> 52.9 | E10: =[25]Brewhouse!$AG250 -> 50.2 | F10: =[25]Brewhouse!$V250 -> 65 | G10: =[25]Brewhouse!$AE250 -> 11.8 | H10: 11.8 | I10: =[25]Brewhouse!$AS250 -> 97.502548 | J10: =[25]Brewhouse!$AT250 -> 99.904693 | K10: =[25]Brewhouse!$Q250 -> 4.0590406 | L10: =[25]Brewhouse!$P250 -> 58 | M10: =[25]Brewhouse!$U250-[25]Brewhouse!$T250 -> 0.11527778 | N10: =[25]Brewhouse!$AW250 -> 0.24791667 | O10: =[25]Brewhouse!$AV250 -> R.Sookram | R10: =B10 -> STAG | S10: =VLOOKUP($B10,$R$3:$X$9,2,FALSE) -> 11.6 | T10: =VLOOKUP($B10,$R$3:$X$9,3,FALSE) -> 12 | U10: =VLOOKUP($B10,$R$3:$X$9,4,FALSE) -> 0 | V10: =VLOOKUP($B10,$R$3:$X$9,5,FALSE) -> 0.11805556 | W10: =VLOOKUP($B10,$R$3:$X$9,6,FALSE) -> 0.22569444 | X10: =VLOOKUP($B10,$R$3:$X$9,7,FALSE) -> 0.26388889 | Y10: =VLOOKUP($B10,$R$3:$Z$9,8,FALSE) -> 0 | Z10: =VLOOKUP($B10,$R$3:$Z$9,9,FALSE) -> 60
B11: STAG | C11: =[25]Brewhouse!$A251 -> ST232 | D11: =[25]Brewhouse!$AD251 -> 53.6 | E11: =[25]Brewhouse!$AG251 -> 50.9 | F11: =[25]Brewhouse!$V251 -> 89 | G11: =[25]Brewhouse!$AE251 -> 11.7 | H11: 11.6 | I11: =[25]Brewhouse!$AS251 -> 97.980878 | J11: =[25]Brewhouse!$AT251 -> 100.39481 | K11: =[25]Brewhouse!$Q251 -> 3.4798535 | L11: =[25]Brewhouse!$P251 -> 59 | M11: =[25]Brewhouse!$U251-[25]Brewhouse!$T251 -> 0.12638889 | N11: =[25]Brewhouse!$AW251 -> 0.27291667 | O11: =[25]Brewhouse!$AV251 -> R.Sookram | R11: =B11 -> STAG | S11: =VLOOKUP($B11,$R$3:$X$9,2,FALSE) -> 11.6 | T11: =VLOOKUP($B11,$R$3:$X$9,3,FALSE) -> 12 | U11: =VLOOKUP($B11,$R$3:$X$9,4,FALSE) -> 0 | V11: =VLOOKUP($B11,$R$3:$X$9,5,FALSE) -> 0.11805556 | W11: =VLOOKUP($B11,$R$3:$X$9,6,FALSE) -> 0.22569444 | X11: =VLOOKUP($B11,$R$3:$X$9,7,FALSE) -> 0.26388889 | Y11: =VLOOKUP($B11,$R$3:$Z$9,8,FALSE) -> 0 | Z11: =VLOOKUP($B11,$R$3:$Z$9,9,FALSE) -> 60
B12: STAG | C12: =[25]Brewhouse!$A252 -> ST233 | D12: =[25]Brewhouse!$AD252 -> 53.8 | E12: =[25]Brewhouse!$AG252 -> 51.2 | F12: =[25]Brewhouse!$V252 -> 87 | G12: =[25]Brewhouse!$AE252 -> 11.8 | H12: 11.8 | I12: =[25]Brewhouse!$AS252 -> 99.44483 | J12: =[25]Brewhouse!$AT252 -> 101.89483 | K12: =[25]Brewhouse!$Q252 -> 3.4671533 | L12: =[25]Brewhouse!$P252 -> 61 | M12: =[25]Brewhouse!$U252-[25]Brewhouse!$T252 -> 0.12708333 | N12: =[25]Brewhouse!$AW252 -> 0.28680556 | O12: =[25]Brewhouse!$AV252 -> D. Gomaz | R12: =B12 -> STAG | S12: =VLOOKUP($B12,$R$3:$X$9,2,FALSE) -> 11.6 | T12: =VLOOKUP($B12,$R$3:$X$9,3,FALSE) -> 12 | U12: =VLOOKUP($B12,$R$3:$X$9,4,FALSE) -> 0 | V12: =VLOOKUP($B12,$R$3:$X$9,5,FALSE) -> 0.11805556 | W12: =VLOOKUP($B12,$R$3:$X$9,6,FALSE) -> 0.22569444 | X12: =VLOOKUP($B12,$R$3:$X$9,7,FALSE) -> 0.26388889 | Y12: =VLOOKUP($B12,$R$3:$Z$9,8,FALSE) -> 0 | Z12: =VLOOKUP($B12,$R$3:$Z$9,9,FALSE) -> 60
B13: STAG | C13: =[25]Brewhouse!$A253 -> ST234 | D13: =[25]Brewhouse!$AD253 -> 53.5 | E13: =[25]Brewhouse!$AG253 -> 51.2 | F13: =[25]Brewhouse!$V253 -> 91 | G13: =[25]Brewhouse!$AE253 -> 11.7 | H13: 11.7 | I13: =[25]Brewhouse!$AS253 -> 98.558369 | J13: =[25]Brewhouse!$AT253 -> 100.98653 | K13: =[25]Brewhouse!$Q253 -> 3.3088235 | L13: =[25]Brewhouse!$P253 -> 61 | M13: =[25]Brewhouse!$U253-[25]Brewhouse!$T253 -> 0.12847222 | N13: =[25]Brewhouse!$AW253 -> 0.30208333 | O13: =[25]Brewhouse!$AV253 -> D. Gomaz | R13: =B13 -> STAG | S13: =VLOOKUP($B13,$R$3:$X$9,2,FALSE) -> 11.6 | T13: =VLOOKUP($B13,$R$3:$X$9,3,FALSE) -> 12 | U13: =VLOOKUP($B13,$R$3:$X$9,4,FALSE) -> 0 | V13: =VLOOKUP($B13,$R$3:$X$9,5,FALSE) -> 0.11805556 | W13: =VLOOKUP($B13,$R$3:$X$9,6,FALSE) -> 0.22569444 | X13: =VLOOKUP($B13,$R$3:$X$9,7,FALSE) -> 0.26388889 | Y13: =VLOOKUP($B13,$R$3:$Z$9,8,FALSE) -> 0 | Z13: =VLOOKUP($B13,$R$3:$Z$9,9,FALSE) -> 60
B14: STAG | C14: =[25]Brewhouse!$A254 -> ST235 | D14: =[25]Brewhouse!$AD254 -> 51.5 | E14: =[25]Brewhouse!$AG254 -> 48.4 | F14: =[25]Brewhouse!$V254 -> 55 | G14: =[25]Brewhouse!$AE254 -> 11.9 | H14: 11.8 | I14: =[25]Brewhouse!$AS254 -> 94.844424 | J14: =[25]Brewhouse!$AT254 -> 97.181081 | K14: =[25]Brewhouse!$Q254 -> 6.8441065 | L14: =[25]Brewhouse!$P254 -> 62 | M14: =[25]Brewhouse!$U254-[25]Brewhouse!$T254 -> 0.11388889 | N14: =[25]Brewhouse!$AW254 -> 0.25208333 | O14: =[25]Brewhouse!$AV254 -> D. Gomaz | R14: =B14 -> STAG | S14: =VLOOKUP($B14,$R$3:$X$9,2,FALSE) -> 11.6 | T14: =VLOOKUP($B14,$R$3:$X$9,3,FALSE) -> 12 | U14: =VLOOKUP($B14,$R$3:$X$9,4,FALSE) -> 0 | V14: =VLOOKUP($B14,$R$3:$X$9,5,FALSE) -> 0.11805556 | W14: =VLOOKUP($B14,$R$3:$X$9,6,FALSE) -> 0.22569444 | X14: =VLOOKUP($B14,$R$3:$X$9,7,FALSE) -> 0.26388889 | Y14: =VLOOKUP($B14,$R$3:$Z$9,8,FALSE) -> 0 | Z14: =VLOOKUP($B14,$R$3:$Z$9,9,FALSE) -> 60
B15: STAG | C15: =[25]Brewhouse!$A255 -> ST236 | D15: =[25]Brewhouse!$AD255 -> 53.6 | E15: =[25]Brewhouse!$AG255 -> 50.9 | F15: =[25]Brewhouse!$V255 -> 57 | G15: =[25]Brewhouse!$AE255 -> 11.8 | H15: 11.7 | I15: =[25]Brewhouse!$AS255 -> 98.490515 | J15: =[25]Brewhouse!$AT255 -> 100.91937 | K15: =[25]Brewhouse!$Q255 -> 6.0329068 | L15: =[25]Brewhouse!$P255 -> 60 | M15: =[25]Brewhouse!$U255-[25]Brewhouse!$T255 -> 0.11597222 | N15: =[25]Brewhouse!$AW255 -> 0.25972222 | O15: =[25]Brewhouse!$AV255 -> K. Benjamin | R15: =B15 -> STAG | S15: =VLOOKUP($B15,$R$3:$X$9,2,FALSE) -> 11.6 | T15: =VLOOKUP($B15,$R$3:$X$9,3,FALSE) -> 12 | U15: =VLOOKUP($B15,$R$3:$X$9,4,FALSE) -> 0 | V15: =VLOOKUP($B15,$R$3:$X$9,5,FALSE) -> 0.11805556 | W15: =VLOOKUP($B15,$R$3:$X$9,6,FALSE) -> 0.22569444 | X15: =VLOOKUP($B15,$R$3:$X$9,7,FALSE) -> 0.26388889 | Y15: =VLOOKUP($B15,$R$3:$Z$9,8,FALSE) -> 0 | Z15: =VLOOKUP($B15,$R$3:$Z$9,9,FALSE) -> 60
B16: STAG | C16: =[25]Brewhouse!$A256 -> ST237 | D16: =[25]Brewhouse!$AD256 -> 53.3 | E16: =[25]Brewhouse!$AG256 -> 50.3 | F16: =[25]Brewhouse!$V256 -> 58 | G16: =[25]Brewhouse!$AE256 -> 11.9 | H16: 11.9 | I16: =[25]Brewhouse!$AS256 -> 98.197132 | J16: =[25]Brewhouse!$AT256 -> 100.61876 | K16: =[25]Brewhouse!$Q256 -> 7.0909091 | L16: =[25]Brewhouse!$P256 -> 62 | M16: =[25]Brewhouse!$U256-[25]Brewhouse!$T256 -> 0.12916667 | N16: =[25]Brewhouse!$AW256 -> 0.26041667 | O16: =[25]Brewhouse!$AV256 -> K. Benjamin | R16: =B16 -> STAG | S16: =VLOOKUP($B16,$R$3:$X$9,2,FALSE) -> 11.6 | T16: =VLOOKUP($B16,$R$3:$X$9,3,FALSE) -> 12 | U16: =VLOOKUP($B16,$R$3:$X$9,4,FALSE) -> 0 | V16: =VLOOKUP($B16,$R$3:$X$9,5,FALSE) -> 0.11805556 | W16: =VLOOKUP($B16,$R$3:$X$9,6,FALSE) -> 0.22569444 | X16: =VLOOKUP($B16,$R$3:$X$9,7,FALSE) -> 0.26388889 | Y16: =VLOOKUP($B16,$R$3:$Z$9,8,FALSE) -> 0 | Z16: =VLOOKUP($B16,$R$3:$Z$9,9,FALSE) -> 60
R17: =B17 -> 0 | S17: =VLOOKUP($B17,$R$3:$X$9,2,FALSE) -> #N/A | T17: =VLOOKUP($B17,$R$3:$X$9,3,FALSE) -> #N/A | U17: =VLOOKUP($B17,$R$3:$X$9,4,FALSE) -> #N/A | V17: =VLOOKUP($B17,$R$3:$X$9,5,FALSE) -> #N/A | W17: =VLOOKUP($B17,$R$3:$X$9,6,FALSE) -> #N/A | X17: =VLOOKUP($B17,$R$3:$X$9,7,FALSE) -> #N/A | Y17: =VLOOKUP($B17,$R$3:$Z$9,8,FALSE) -> #N/A | Z17: =VLOOKUP($B17,$R$3:$Z$9,9,FALSE) -> #N/A
R18: =B18 -> 0 | S18: =VLOOKUP($B18,$R$3:$X$9,2,FALSE) -> #N/A | T18: =VLOOKUP($B18,$R$3:$X$9,3,FALSE) -> #N/A | U18: =VLOOKUP($B18,$R$3:$X$9,4,FALSE) -> #N/A | V18: =VLOOKUP($B18,$R$3:$X$9,5,FALSE) -> #N/A | W18: =VLOOKUP($B18,$R$3:$X$9,6,FALSE) -> #N/A | X18: =VLOOKUP($B18,$R$3:$X$9,7,FALSE) -> #N/A | Y18: =VLOOKUP($B18,$R$3:$Z$9,8,FALSE) -> #N/A | Z18: =VLOOKUP($B18,$R$3:$Z$9,9,FALSE) -> #N/A
R19: =B19 -> 0 | S19: =VLOOKUP($B19,$R$3:$X$9,2,FALSE) -> #N/A | T19: =VLOOKUP($B19,$R$3:$X$9,3,FALSE) -> #N/A | U19: =VLOOKUP($B19,$R$3:$X$9,4,FALSE) -> #N/A | V19: =VLOOKUP($B19,$R$3:$X$9,5,FALSE) -> #N/A | W19: =VLOOKUP($B19,$R$3:$X$9,6,FALSE) -> #N/A | X19: =VLOOKUP($B19,$R$3:$X$9,7,FALSE) -> #N/A | Y19: =VLOOKUP($B19,$R$3:$Z$9,8,FALSE) -> #N/A | Z19: =VLOOKUP($B19,$R$3:$Z$9,9,FALSE) -> #N/A
R20: =B20 -> 0 | S20: =VLOOKUP($B20,$R$3:$X$9,2,FALSE) -> #N/A | T20: =VLOOKUP($B20,$R$3:$X$9,3,FALSE) -> #N/A | U20: =VLOOKUP($B20,$R$3:$X$9,4,FALSE) -> #N/A | V20: =VLOOKUP($B20,$R$3:$X$9,5,FALSE) -> #N/A | W20: =VLOOKUP($B20,$R$3:$X$9,6,FALSE) -> #N/A | X20: =VLOOKUP($B20,$R$3:$X$9,7,FALSE) -> #N/A | Y20: =VLOOKUP($B20,$R$3:$Z$9,8,FALSE) -> #N/A | Z20: =VLOOKUP($B20,$R$3:$Z$9,9,FALSE) -> #N/A
R21: =B21 -> 0 | S21: =VLOOKUP($B21,$R$3:$X$9,2,FALSE) -> #N/A | T21: =VLOOKUP($B21,$R$3:$X$9,3,FALSE) -> #N/A | U21: =VLOOKUP($B21,$R$3:$X$9,4,FALSE) -> #N/A | V21: =VLOOKUP($B21,$R$3:$X$9,5,FALSE) -> #N/A | W21: =VLOOKUP($B21,$R$3:$X$9,6,FALSE) -> #N/A | X21: =VLOOKUP($B21,$R$3:$X$9,7,FALSE) -> #N/A | Y21: =VLOOKUP($B21,$R$3:$Z$9,8,FALSE) -> #N/A | Z21: =VLOOKUP($B21,$R$3:$Z$9,9,FALSE) -> #N/A
R22: =B22 -> 0 | S22: =VLOOKUP($B22,$R$3:$X$9,2,FALSE) -> #N/A | T22: =VLOOKUP($B22,$R$3:$X$9,3,FALSE) -> #N/A | U22: =VLOOKUP($B22,$R$3:$X$9,4,FALSE) -> #N/A | V22: =VLOOKUP($B22,$R$3:$X$9,5,FALSE) -> #N/A | W22: =VLOOKUP($B22,$R$3:$X$9,6,FALSE) -> #N/A | X22: =VLOOKUP($B22,$R$3:$X$9,7,FALSE) -> #N/A | Y22: =VLOOKUP($B22,$R$3:$Z$9,8,FALSE) -> #N/A | Z22: =VLOOKUP($B22,$R$3:$Z$9,9,FALSE) -> #N/A
R23: =B23 -> 0 | S23: =VLOOKUP($B23,$R$3:$X$9,2,FALSE) -> #N/A | T23: =VLOOKUP($B23,$R$3:$X$9,3,FALSE) -> #N/A | U23: =VLOOKUP($B23,$R$3:$X$9,4,FALSE) -> #N/A | V23: =VLOOKUP($B23,$R$3:$X$9,5,FALSE) -> #N/A | W23: =VLOOKUP($B23,$R$3:$X$9,6,FALSE) -> #N/A | X23: =VLOOKUP($B23,$R$3:$X$9,7,FALSE) -> #N/A | Y23: =VLOOKUP($B23,$R$3:$Z$9,8,FALSE) -> #N/A | Z23: =VLOOKUP($B23,$R$3:$Z$9,9,FALSE) -> #N/A
R24: =B24 -> 0 | S24: =VLOOKUP($B24,$R$3:$X$9,2,FALSE) -> #N/A | T24: =VLOOKUP($B24,$R$3:$X$9,3,FALSE) -> #N/A | U24: =VLOOKUP($B24,$R$3:$X$9,4,FALSE) -> #N/A | V24: =VLOOKUP($B24,$R$3:$X$9,5,FALSE) -> #N/A | W24: =VLOOKUP($B24,$R$3:$X$9,6,FALSE) -> #N/A | X24: =VLOOKUP($B24,$R$3:$X$9,7,FALSE) -> #N/A | Y24: =VLOOKUP($B24,$R$3:$Z$9,8,FALSE) -> #N/A | Z24: =VLOOKUP($B24,$R$3:$Z$9,9,FALSE) -> #N/A
R25: =B25 -> 0 | S25: =VLOOKUP($B25,$R$3:$X$9,2,FALSE) -> #N/A | T25: =VLOOKUP($B25,$R$3:$X$9,3,FALSE) -> #N/A | U25: =VLOOKUP($B25,$R$3:$X$9,4,FALSE) -> #N/A | V25: =VLOOKUP($B25,$R$3:$X$9,5,FALSE) -> #N/A | W25: =VLOOKUP($B25,$R$3:$X$9,6,FALSE) -> #N/A | X25: =VLOOKUP($B25,$R$3:$X$9,7,FALSE) -> #N/A | Y25: =VLOOKUP($B25,$R$3:$Z$9,8,FALSE) -> #N/A | Z25: =VLOOKUP($B25,$R$3:$Z$9,9,FALSE) -> #N/A
R26: =B26 -> 0 | S26: =VLOOKUP($B26,$R$3:$X$9,2,FALSE) -> #N/A | T26: =VLOOKUP($B26,$R$3:$X$9,3,FALSE) -> #N/A | U26: =VLOOKUP($B26,$R$3:$X$9,4,FALSE) -> #N/A | V26: =VLOOKUP($B26,$R$3:$X$9,5,FALSE) -> #N/A | W26: =VLOOKUP($B26,$R$3:$X$9,6,FALSE) -> #N/A | X26: =VLOOKUP($B26,$R$3:$X$9,7,FALSE) -> #N/A | Y26: =VLOOKUP($B26,$R$3:$Z$9,8,FALSE) -> #N/A | Z26: =VLOOKUP($B26,$R$3:$Z$9,9,FALSE) -> #N/A
R27: =B27 -> 0 | S27: =VLOOKUP($B27,$R$3:$X$9,2,FALSE) -> #N/A | T27: =VLOOKUP($B27,$R$3:$X$9,3,FALSE) -> #N/A | U27: =VLOOKUP($B27,$R$3:$X$9,4,FALSE) -> #N/A | V27: =VLOOKUP($B27,$R$3:$X$9,5,FALSE) -> #N/A | W27: =VLOOKUP($B27,$R$3:$X$9,6,FALSE) -> #N/A | X27: =VLOOKUP($B27,$R$3:$X$9,7,FALSE) -> #N/A | Y27: =VLOOKUP($B27,$R$3:$Z$9,8,FALSE) -> #N/A | Z27: =VLOOKUP($B27,$R$3:$Z$9,9,FALSE) -> #N/A
R28: =B28 -> 0 | S28: =VLOOKUP($B28,$R$3:$X$9,2,FALSE) -> #N/A | T28: =VLOOKUP($B28,$R$3:$X$9,3,FALSE) -> #N/A | U28: =VLOOKUP($B28,$R$3:$X$9,4,FALSE) -> #N/A | V28: =VLOOKUP($B28,$R$3:$X$9,5,FALSE) -> #N/A | W28: =VLOOKUP($B28,$R$3:$X$9,6,FALSE) -> #N/A | X28: =VLOOKUP($B28,$R$3:$X$9,7,FALSE) -> #N/A | Y28: =VLOOKUP($B28,$R$3:$Z$9,8,FALSE) -> #N/A | Z28: =VLOOKUP($B28,$R$3:$Z$9,9,FALSE) -> #N/A
... R36: =B36 -> 0 | S36: =VLOOKUP($B36,$R$3:$X$9,2,FALSE) -> #N/A | T36: =VLOOKUP($B36,$R$3:$X$9,3,FALSE) -> #N/A | U36: =VLOOKUP($B36,$R$3:$X$9,4,FALSE) -> #N/A | V36: =VLOOKUP($B36,$R$3:$X$9,5,FALSE) -> #N/A | W36: =VLOOKUP($B36,$R$3:$X$9,6,FALSE) -> #N/A | X36: =VLOOKUP($B36,$R$3:$X$9,7,FALSE) -> #N/A | Y36: =VLOOKUP($B36,$R$3:$Z$9,8,FALSE) -> #N/A | Z36: =VLOOKUP($B36,$R$3:$Z$9,9,FALSE) -> #N/A
I37: EXTRACT RECOVERY | R37: =B37 -> 0 | S37: =VLOOKUP($B37,$R$3:$X$9,2,FALSE) -> #N/A | T37: =VLOOKUP($B37,$R$3:$X$9,3,FALSE) -> #N/A | U37: =VLOOKUP($B37,$R$3:$X$9,4,FALSE) -> #N/A | V37: =VLOOKUP($B37,$R$3:$X$9,5,FALSE) -> #N/A | W37: =VLOOKUP($B37,$R$3:$X$9,6,FALSE) -> #N/A | X37: =VLOOKUP($B37,$R$3:$X$9,7,FALSE) -> #N/A | Y37: =VLOOKUP($B37,$R$3:$Z$9,8,FALSE) -> #N/A | Z37: =VLOOKUP($B37,$R$3:$Z$9,9,FALSE) -> #N/A
B38: BRAND | D38: BBT P.G./ O.G | I38: Brand | J38: Actual | K38: MTD No. of Brews | L38: MTD | M38: YTD | N38: Target | R38: =B38 -> BRAND | S38: =VLOOKUP($B38,$R$3:$X$9,2,FALSE) -> #N/A | T38: =VLOOKUP($B38,$R$3:$X$9,3,FALSE) -> #N/A | U38: =VLOOKUP($B38,$R$3:$X$9,4,FALSE) -> #N/A | V38: =VLOOKUP($B38,$R$3:$X$9,5,FALSE) -> #N/A | W38: =VLOOKUP($B38,$R$3:$X$9,6,FALSE) -> #N/A | X38: =VLOOKUP($B38,$R$3:$X$9,7,FALSE) -> #N/A | Y38: =VLOOKUP($B38,$R$3:$Z$9,8,FALSE) -> #N/A | Z38: =VLOOKUP($B38,$R$3:$Z$9,9,FALSE) -> #N/A
B39: =I39 -> CARIB | C39: =[24]Process!D447 -> 11.75 | D39: 11.84 | I39: CARIB | K39: =COUNTA([24]Brewhouse!$A$493:$A$524) -> 32 | L39: =AVERAGE([24]Brewhouse!$AU$493:$AU$524) -> 97.854448 | M39: =AVERAGE([24]Brewhouse!$AU$102:$AU$171,[24]Brewhouse!$AU$173:$AU$253,[24]Brewhouse!$AU$255:$AU$339,[24]Brewhouse!$AU$341:$AU$346,[24]Brewhouse!$AU$348,[24]Brewhouse!$AU$349:$AU$406,[24]Brewhouse!$AU$408:$AU$491,[24]Brewhouse!$AU$493:$AU$524) -> 97.675452 | N39: 98
C40: =[24]Process!D448 -> 11.6 | I40: STAG | J40: =AVERAGE(I10:I16) -> 97.859814 | K40: =COUNTA([25]Brewhouse!$A$242:$A$256) -> 15 | L40: =AVERAGE([25]Brewhouse!$AS$242:$AS$256) -> 97.422335 | M40: =AVERAGE([25]Brewhouse!$AS$15:$AS$64,[25]Brewhouse!$AS$66:$AS$103,[25]Brewhouse!$AS$105:$AS$140,[25]Brewhouse!$AS$142:$AS$193,[25]Brewhouse!$AS$195:$AS$240,[25]Brewhouse!$AS$242:$AS$256) -> 97.846868 | N40: 98
C41: =[24]Process!D449 -> 11.6 | D41: 11.89 | I41: GUINNESS | M41: =AVERAGE([26]Brewhouse!$AU$4:$AU$7,[26]Brewhouse!$AU$9:$AU$22,[26]Brewhouse!$AU$24:$AU$35,[26]Brewhouse!$AU$37:$AU$45,[26]Brewhouse!$AU$47:$AU$62) -> 97.179377 | N41: 98
C42: =[24]Process!D450 -> 11.79 | I42: VITAMALT | M42: =AVERAGE([23]Brewhouse!$AV$5:$AV$14,[23]Brewhouse!$AV$16:$AV$19,[23]Brewhouse!$AV$21:$AV$24,[23]Brewhouse!$AV$26:$AV$33,[23]Brewhouse!$AV$35:$AV$46) -> 99.005314 | N42: 98
C43: =[24]Process!D451 -> 11.9 | D43: 12.02 | I43: MAXIMALT | N43: 98
C44: =[24]Process!D472 -> 11.98 | I44: MACKESON | K44: =COUNTA([27]Brewhouse!$A$18:$A$21) -> 4 | L44: =AVERAGE([27]Brewhouse!$AT$18:$AT$21) -> 95.061603 | M44: =AVERAGE([27]Brewhouse!$AT$4:$AT$11,[27]Brewhouse!$AT$13:$AT$16,[27]Brewhouse!$AT$18:$AT$21) -> 94.77317 | N44: 98
C45: =[24]Process!D473 -> 11.71 | D45: 11.9 | I45: STARMALT | K45: =COUNTA([22]Brewhouse!$A$45:$A$50) -> 6 | L45: =AVERAGE([22]Brewhouse!$AY$45:$AY$50) -> 96.288901 | M45: =AVERAGE([22]Brewhouse!$AY$6:$AY$13,[22]Brewhouse!$AY$15:$AY$20,[22]Brewhouse!$AY$22:$AY$29,[22]Brewhouse!$AY$31:$AY$34,[22]Brewhouse!$AY$36:$AY$43,[22]Brewhouse!$AY$45:$AY$50) -> 96.612625 | N45: 98
C46: =[24]Process!D474 -> 12.12 | I46: HR- Pils | M46: =AVERAGE([28]Brewhouse!$AU$5:$AU$8) -> 91.006888 | N46: 98
C47: =[24]Process!D475 -> 12.03 | D47: 11.92 | I47: HR- IPA | N47: 98
C48: =[24]Process!D476 -> 11.61 | I48: HR- APA | N48: 98
C49: =[24]Process!D477 -> 11.64 | D49: 12.09 | K49: =SUM(K39:K48) -> 57 | L49: =((L39*K39)+(L40*K40)+(L41*K41)+(L42*K42)+(L43*K43)+(K46*L46)+(L44*K44)+(L45*K45)+(L48*K48))/(K49) -> 97.37995 | M49: =AVERAGE('[29]Jan 31st'!$L$65,'[30]Feb 28th'!$L$35,'[31]Mar. 31st'!$L$35,'[32]Apr. 30th'!$L$45,'[33]May 30th'!$L$37,L49) -> 97.593201 | N49: 98
C50: =[24]Process!D478 -> 11.64
C51: =[24]Process!D479 -> 11.6 | D51: 12.08 | J51: Daily Brewing Plan
B52: =I41 -> GUINNESS | J52: Brand | K52: Brews Achieved | L52: Average Brews per day
D53: 17.71 | J53: CARIB | L53: MTD | M53: YTD | N53: TARGET
J54: STAG | K54: 7 | L54: =AVERAGE('June 2nd'!K57,'June 12th '!K63,'June 3rd'!K63,'June 4th'!K63,'June 5th '!K63,'June 6th'!K63,'June 10th'!K63,'June 11th'!K63) -> 7.125 | M54: =AVERAGE('[29]Jan 29th '!$M$70,'[30]Feb 28th'!$L$40,'[31]Mar. 31st'!$L$40,'[32]Apr. 30th'!$L$50,'[33]May 30th'!$L$42,L54) -> 6.7219402 | N54: 9.2
D55: 17.79 | J55: GUINN
J56: VITAMALT
J57: STARMALT
J58: MACKESON
J59: HURRICANE REEF- IPA
J60: HURRICANE REEF- APA
B61: AVERAGE | D61: =AVERAGE(D39:E60) -> 13.248889 | J61: HR- PILSNER
J62: CARIBE
J63: Total | K63: =SUM(K53:K62) -> 7
B64: Process: | C64: Fermentation/Filtration
B66: Brand | C66: Filt. Date | D66: FV Hls | E66: GFE/ Prim/ Vita Blend (Hls) | F66: SV Hls | G66: BBT Hls | H66: Loss (%) Ferm | I66: Loss (%) Filt | J66: Comments | K66: Throughput | L66: Process Loss (%) | M66: Filt. Operator
AB67: 43474 | AC67: 43475 | AD67: 43476 | AE67: 43477 | AF67: 43478 | AG67: 43479 | AH67: 43480 | AI67: 43481 | AJ67: 43482 | AK67: 43483 | AL67: 43484 | AM67: 43485 | AN67: 43486 | AO67: 43487 | AP67: 43488 | AQ67: 43489 | AR67: 43490 | AS67: 43491 | AT67: 43492 | AU67: 43493 | AV67: 43494 | AW67: 43495 | AX67: 43496
B68: =B75 -> CARIB | C68: 45820 | D68: =[34]June_2025!$O$3 -> 705.11 | G68: =[34]June_2025!$O$7 -> 670.7 | J68: 2 SBF- 2 starts | K68: =[36]June_2025!$O$18 -> 0.58833333 | L68: =(((D68+E68)-G68)/(D68+E68))*100 -> 4.8800896 | M68: J. Nelson/G. Mason
B70: =B77 -> GUINN | C70: 45820 | D70: =[34]June_2025!$O$23 -> 213.1 | E70: =[35]GUINNESS!$S$6 -> 5.1 | G70: =[34]June_2025!$O$28 -> 197.4 | J70: 1 SBF | K70: =[36]June_2025!$O$32 -> 0.34631579 | L70: =(((D70+E70)-G70)/(D70+E70))*100 -> 9.532539 | M70: D. Emery | AB70: =[20]January_2019!L7 -> 0 | AC70: =[20]January_2019!M7 -> 0 | AD70: =[20]January_2019!N7 -> 0 | AE70: =[20]January_2019!O7 -> 0 | AF70: =[20]January_2019!P7 -> 0 | AG70: =[20]January_2019!Q7 -> 0 | AH70: =[20]January_2019!R7 -> 0 | AI70: =[20]January_2019!S7 -> 0 | ... AX70: =[20]January_2019!AH7 -> 0
B73: Process Loss (Volume) | G73: Process Loss (Extract) | K73: Throughput
B74: Brand | C74: Actual | D74: MTD | E74: YTD | F74: Target | G74: Actual | H74: MTD | I74: YTD | J74: Target | K74: Actual | L74: MTD | M74: YTD | N74: Target
B75: CARIB | C75: =L68 -> 4.8800896 | D75: 6.6211496 | E75: 6.6658916 | F75: 4.8 | G75: =[34]June_2025!$O$11 -> 3.413143 | H75: 5.3799595 | I75: 6.6856909 | J75: 4.8 | K75: =K68 -> 0.58833333 | L75: 0.53110526 | M75: 0.73987262 | N75: 1
B76: STAG | D76: 5.3441642 | E76: 6.2557099 | F76: 4.8 | H76: 4.9536022 | I76: 6.0976702 | J76: 4.8 | L76: 0.51789474 | M76: 0.73691679 | N76: 1
B77: GUINN | C77: =L70 -> 9.532539 | D77: 9.532539 | E77: 11.724138 | F77: 5.5 | G77: =[34]June_2025!$O$32 -> 8.9041108 | H77: 8.9041108 | I77: 12.945764 | J77: 5.5 | K77: =K70 -> 0.34631579 | L77: 0.34631579 | M77: 0.52867261 | N77: 1
B78: VITAMALT | D78: 3.718593 | E78: 4.2675954 | F78: 3.3 | H78: 3.5401444 | I78: 4.1118287 | J78: 3.3 | L78: 0.33614035 | M78: 0.78836257 | N78: 1
B79: MAXIMALT | F79: 3.3 | J79: 3 | N79: 1
B80: MACKESON | E80: 7.8262258 | F80: =[21]May_2022!$M$43 -> 3.4878407 | I80: 9.4300679 | J80: 5.5 | M80: 0.67497076 | N80: 1
B81: STARMALT | D81: 4.4761596 | E81: 2.899045 | F81: 3.3 | H81: 4.5799898 | I81: 4.4797972 | J81: 3.3 | L81: 0.34444444 | M81: 0.75981884 | N81: 1
B82: HURRICANE REEF | F82: 7.5 | J82: 7.5 | N82: 1
B83: HURRICANE REEF PILS | E83: 4.8792509 | F83: 4.8 | I83: 6.2003724 | J83: 4.8 | L83: 0 | M83: 0.33859649 | N83: 1
D84: 6.2008403 | E84: 6.6192087 | F84: 5.5 | H84: 5.4183929 | I84: 6.9071154 | J84: 5.5 | L84: 0.47182164 | M84: 0.70358304 | N84: 1

Sheet June 13th
S1: P.G. | U1: Hot Time | W1: Process Time | Y1: Cooling Time
B2: Brewing Department Daily Process Loss Report | S2: Lower | T2: Upper | U2: Lower | V2: Upper | W2: Lower | X2: Upper | Y2: Lower | Z2: Upper
R3: CARIB | S3: 11.6 | T3: 12 | U3: 0 | V3: 0.11805556 | W3: 0.22569444 | X3: 0.26388889 | Y3: 0 | Z3: 60 | AB3: HR- PISNER
B4: Date: | C4: 45824 | J4: LOT WORT COLOUR: 3.3 | M4: Filter Sheets (Target 20 days) | R4: STAG | S4: 11.6 | T4: 12 | U4: 0 | V4: 0.11805556 | W4: 0.22569444 | X4: 0.26388889 | Y4: 0 | Z4: 60
M5: Double | N5: Single | R5: GUINNESS | S5: 17 | T5: 17.5 | U5: 0 | V5: 0.10763889 | W5: 0.24652778 | X5: 0.28472222 | Y5: 0 | Z5: 60
J6: MALT LOT: Lot 38 | L6: Sheet Day | R6: MACKESON | S6: 13.3 | T6: 13.5 | U6: 0 | V6: 0.12905093 | W6: 0.27430556 | X6: 0.30208333 | Y6: 0
R7: STARMALT | S7: 17.1 | T7: 17.5 | U7: 0 | V7: 0.13605324 | W7: 0.27430556 | X7: 0.30902778 | Y7: 0 | Z7: 60
B8: Brand | C8: Brew no. | D8: Kett. Hls | E8: Wort | F8: Cool Time(Mins) | G8: Cast. P.G. (Lab Result) | H8: Cast P.G. (Cellar Operator)-gravity | I8: Extr. Rec (79.09%) | J8: Theor. Extr. (77.5%) | K8: Boil Off /Vol. (4-6%) | L8: Boil Time | M8: Total Hot | N8: Brewing | O8: Operator | R8: Hurricane Reef | S8: 16.6 | T8: 17 | U8: 0 | V8: 0.12905093 | W8: 0.27430556 | X8: 0.30208333 | Y8: 0
E9: Meter (Hls) | F9: Target(< 60Mins) | M9: Time | R9: VITAMALT | S9: 14.4 | T9: 14.6 | U9: 0 | V9: 0.13905093 | W9: 0.26041667 | X9: 0.29513889 | Y9: 0 | Z9: 75
R10: =B10 -> 0 | S10: =VLOOKUP($B10,$R$3:$X$9,2,FALSE) -> #N/A | T10: =VLOOKUP($B10,$R$3:$X$9,3,FALSE) -> #N/A | U10: =VLOOKUP($B10,$R$3:$X$9,4,FALSE) -> #N/A | V10: =VLOOKUP($B10,$R$3:$X$9,5,FALSE) -> #N/A | W10: =VLOOKUP($B10,$R$3:$X$9,6,FALSE) -> #N/A | X10: =VLOOKUP($B10,$R$3:$X$9,7,FALSE) -> #N/A | Y10: =VLOOKUP($B10,$R$3:$Z$9,8,FALSE) -> #N/A | Z10: =VLOOKUP($B10,$R$3:$Z$9,9,FALSE) -> #N/A
R11: =B11 -> 0 | S11: =VLOOKUP($B11,$R$3:$X$9,2,FALSE) -> #N/A | T11: =VLOOKUP($B11,$R$3:$X$9,3,FALSE) -> #N/A | U11: =VLOOKUP($B11,$R$3:$X$9,4,FALSE) -> #N/A | V11: =VLOOKUP($B11,$R$3:$X$9,5,FALSE) -> #N/A | W11: =VLOOKUP($B11,$R$3:$X$9,6,FALSE) -> #N/A | X11: =VLOOKUP($B11,$R$3:$X$9,7,FALSE) -> #N/A | Y11: =VLOOKUP($B11,$R$3:$Z$9,8,FALSE) -> #N/A | Z11: =VLOOKUP($B11,$R$3:$Z$9,9,FALSE) -> #N/A
R12: =B12 -> 0 | S12: =VLOOKUP($B12,$R$3:$X$9,2,FALSE) -> #N/A | T12: =VLOOKUP($B12,$R$3:$X$9,3,FALSE) -> #N/A | U12: =VLOOKUP($B12,$R$3:$X$9,4,FALSE) -> #N/A | V12: =VLOOKUP($B12,$R$3:$X$9,5,FALSE) -> #N/A | W12: =VLOOKUP($B12,$R$3:$X$9,6,FALSE) -> #N/A | X12: =VLOOKUP($B12,$R$3:$X$9,7,FALSE) -> #N/A | Y12: =VLOOKUP($B12,$R$3:$Z$9,8,FALSE) -> #N/A | Z12: =VLOOKUP($B12,$R$3:$Z$9,9,FALSE) -> #N/A
R13: =B13 -> 0 | S13: =VLOOKUP($B13,$R$3:$X$9,2,FALSE) -> #N/A | T13: =VLOOKUP($B13,$R$3:$X$9,3,FALSE) -> #N/A | U13: =VLOOKUP($B13,$R$3:$X$9,4,FALSE) -> #N/A | V13: =VLOOKUP($B13,$R$3:$X$9,5,FALSE) -> #N/A | W13: =VLOOKUP($B13,$R$3:$X$9,6,FALSE) -> #N/A | X13: =VLOOKUP($B13,$R$3:$X$9,7,FALSE) -> #N/A | Y13: =VLOOKUP($B13,$R$3:$Z$9,8,FALSE) -> #N/A | Z13: =VLOOKUP($B13,$R$3:$Z$9,9,FALSE) -> #N/A
R14: =B14 -> 0 | S14: =VLOOKUP($B14,$R$3:$X$9,2,FALSE) -> #N/A | T14: =VLOOKUP($B14,$R$3:$X$9,3,FALSE) -> #N/A | U14: =VLOOKUP($B14,$R$3:$X$9,4,FALSE) -> #N/A | V14: =VLOOKUP($B14,$R$3:$X$9,5,FALSE) -> #N/A | W14: =VLOOKUP($B14,$R$3:$X$9,6,FALSE) -> #N/A | X14: =VLOOKUP($B14,$R$3:$X$9,7,FALSE) -> #N/A | Y14: =VLOOKUP($B14,$R$3:$Z$9,8,FALSE) -> #N/A | Z14: =VLOOKUP($B14,$R$3:$Z$9,9,FALSE) -> #N/A
R15: =B15 -> 0 | S15: =VLOOKUP($B15,$R$3:$X$9,2,FALSE) -> #N/A | T15: =VLOOKUP($B15,$R$3:$X$9,3,FALSE) -> #N/A | U15: =VLOOKUP($B15,$R$3:$X$9,4,FALSE) -> #N/A | V15: =VLOOKUP($B15,$R$3:$X$9,5,FALSE) -> #N/A | W15: =VLOOKUP($B15,$R$3:$X$9,6,FALSE) -> #N/A | X15: =VLOOKUP($B15,$R$3:$X$9,7,FALSE) -> #N/A | Y15: =VLOOKUP($B15,$R$3:$Z$9,8,FALSE) -> #N/A | Z15: =VLOOKUP($B15,$R$3:$Z$9,9,FALSE) -> #N/A
B16: JUNE 13TH 2025 | R16: =B16 -> JUNE 13TH 2025 | S16: =VLOOKUP($B16,$R$3:$X$9,2,FALSE) -> #N/A | T16: =VLOOKUP($B16,$R$3:$X$9,3,FALSE) -> #N/A | U16: =VLOOKUP($B16,$R$3:$X$9,4,FALSE) -> #N/A | V16: =VLOOKUP($B16,$R$3:$X$9,5,FALSE) -> #N/A | W16: =VLOOKUP($B16,$R$3:$X$9,6,FALSE) -> #N/A | X16: =VLOOKUP($B16,$R$3:$X$9,7,FALSE) -> #N/A | Y16: =VLOOKUP($B16,$R$3:$Z$9,8,FALSE) -> #N/A | Z16: =VLOOKUP($B16,$R$3:$Z$9,9,FALSE) -> #N/A
B17: STAG | C17: =[25]Brewhouse!$A257 -> ST238 | D17: =[25]Brewhouse!$AD257 -> 53 | E17: =[25]Brewhouse!$AG257 -> 50.2 | F17: =[25]Brewhouse!$V257 -> 60 | G17: =[25]Brewhouse!$AE257 -> 11.8 | H17: 11.8 | I17: =[25]Brewhouse!$AS257 -> 97.136029 | J17: =[25]Brewhouse!$AT257 -> 99.531485 | K17: =[25]Brewhouse!$Q257 -> 4.5787546 | L17: =[25]Brewhouse!$P257 -> 60 | M17: =[25]Brewhouse!$U257-[25]Brewhouse!$T257 -> 0.11388889 | N17: =[25]Brewhouse!$AW257 -> 0.25347222 | O17: =[25]Brewhouse!$AV257 -> K. Benjamin | R17: =B17 -> STAG | S17: =VLOOKUP($B17,$R$3:$X$9,2,FALSE) -> 11.6 | T17: =VLOOKUP($B17,$R$3:$X$9,3,FALSE) -> 12 | U17: =VLOOKUP($B17,$R$3:$X$9,4,FALSE) -> 0 | V17: =VLOOKUP($B17,$R$3:$X$9,5,FALSE) -> 0.11805556 | W17: =VLOOKUP($B17,$R$3:$X$9,6,FALSE) -> 0.22569444 | X17: =VLOOKUP($B17,$R$3:$X$9,7,FALSE) -> 0.26388889 | Y17: =VLOOKUP($B17,$R$3:$Z$9,8,FALSE) -> 0 | Z17: =VLOOKUP($B17,$R$3:$Z$9,9,FALSE) -> 60
B18: STAG | C18: =[25]Brewhouse!$A258 -> ST239 | D18: =[25]Brewhouse!$AD258 -> 53.3 | E18: =[25]Brewhouse!$AG258 -> 50.7 | F18: =[25]Brewhouse!$V258 -> 64 | G18: =[25]Brewhouse!$AE258 -> 11.8 | H18: 11.8 | I18: =[25]Brewhouse!$AS258 -> 98.349989 | J18: =[25]Brewhouse!$AT258 -> 100.7738 | K18: =[25]Brewhouse!$Q258 -> 4.029304 | L18: =[25]Brewhouse!$P258 -> 58 | M18: =[25]Brewhouse!$U258-[25]Brewhouse!$T258 -> 0.10625 | N18: =[25]Brewhouse!$AW258 -> 0.25069444 | O18: =[25]Brewhouse!$AV258 -> R.Sookram | R18: =B18 -> STAG | S18: =VLOOKUP($B18,$R$3:$X$9,2,FALSE) -> 11.6 | T18: =VLOOKUP($B18,$R$3:$X$9,3,FALSE) -> 12 | U18: =VLOOKUP($B18,$R$3:$X$9,4,FALSE) -> 0 | V18: =VLOOKUP($B18,$R$3:$X$9,5,FALSE) -> 0.11805556 | W18: =VLOOKUP($B18,$R$3:$X$9,6,FALSE) -> 0.22569444 | X18: =VLOOKUP($B18,$R$3:$X$9,7,FALSE) -> 0.26388889 | Y18: =VLOOKUP($B18,$R$3:$Z$9,8,FALSE) -> 0 | Z18: =VLOOKUP($B18,$R$3:$Z$9,9,FALSE) -> 60
B19: STAG | C19: =[25]Brewhouse!$A259 -> ST240 | D19: =[25]Brewhouse!$AD259 -> 54.3 | E19: =[25]Brewhouse!$AG259 -> 51.9 | F19: =[25]Brewhouse!$V259 -> 56 | G19: =[25]Brewhouse!$AE259 -> 11.6 | H19: 11.6 | I19: =[25]Brewhouse!$AS259 -> 98.882895 | J19: =[25]Brewhouse!$AT259 -> 101.31984 | K19: =[25]Brewhouse!$Q259 -> 5.1001821 | L19: =[25]Brewhouse!$P259 -> 58 | M19: =[25]Brewhouse!$U259-[25]Brewhouse!$T259 -> 0.11180556 | N19: =[25]Brewhouse!$AW259 -> 0.36458333 | O19: =[25]Brewhouse!$AV259 -> R.Sookram | R19: =B19 -> STAG | S19: =VLOOKUP($B19,$R$3:$X$9,2,FALSE) -> 11.6 | T19: =VLOOKUP($B19,$R$3:$X$9,3,FALSE) -> 12 | U19: =VLOOKUP($B19,$R$3:$X$9,4,FALSE) -> 0 | V19: =VLOOKUP($B19,$R$3:$X$9,5,FALSE) -> 0.11805556 | W19: =VLOOKUP($B19,$R$3:$X$9,6,FALSE) -> 0.22569444 | X19: =VLOOKUP($B19,$R$3:$X$9,7,FALSE) -> 0.26388889 | Y19: =VLOOKUP($B19,$R$3:$Z$9,8,FALSE) -> 0 | Z19: =VLOOKUP($B19,$R$3:$Z$9,9,FALSE) -> 60
B20: STAG | C20: =[25]Brewhouse!$A260 -> ST241 | D20: =[25]Brewhouse!$AD260 -> 53.6 | E20: =[25]Brewhouse!$AG260 -> 50.9 | F20: =[25]Brewhouse!$V260 -> 59 | G20: =[25]Brewhouse!$AE260 -> 11.7 | I20: =[25]Brewhouse!$AS260 -> 97.980878 | J20: =[25]Brewhouse!$AT260 -> 100.39481 | K20: =[25]Brewhouse!$Q260 -> 3.8321168 | L20: =[25]Brewhouse!$P260 -> 58 | M20: =[25]Brewhouse!$U260-[25]Brewhouse!$T260 -> 0.10902778 | N20: =[25]Brewhouse!$AW260 -> 0.26805556 | O20: =[25]Brewhouse!$AV260 -> D. Gomaz | R20: =B20 -> STAG | S20: =VLOOKUP($B20,$R$3:$X$9,2,FALSE) -> 11.6 | T20: =VLOOKUP($B20,$R$3:$X$9,3,FALSE) -> 12 | U20: =VLOOKUP($B20,$R$3:$X$9,4,FALSE) -> 0 | V20: =VLOOKUP($B20,$R$3:$X$9,5,FALSE) -> 0.11805556 | W20: =VLOOKUP($B20,$R$3:$X$9,6,FALSE) -> 0.22569444 | X20: =VLOOKUP($B20,$R$3:$X$9,7,FALSE) -> 0.26388889 | Y20: =VLOOKUP($B20,$R$3:$Z$9,8,FALSE) -> 0 | Z20: =VLOOKUP($B20,$R$3:$Z$9,9,FALSE) -> 60
B21: STAG | C21: =[25]Brewhouse!$A261 -> ST242 | D21: =[25]Brewhouse!$AD261 -> 53.8 | E21: =[25]Brewhouse!$AG261 -> 51.8 | F21: =[25]Brewhouse!$V261 -> 65 | G21: =[25]Brewhouse!$AE261 -> 11.6 | H21: 11.4 | I21: =[25]Brewhouse!$AS261 -> 98.8165 | J21: =[25]Brewhouse!$AT261 -> 101.25102 | K21: =[25]Brewhouse!$Q261 -> -0.95419847 | L21: =[25]Brewhouse!$P261 -> 59 | M21: =[25]Brewhouse!$U261-[25]Brewhouse!$T261 -> 0.10833333 | N21: =[25]Brewhouse!$AW261 -> 0.26875 | O21: =[25]Brewhouse!$AV261 -> D. Gomaz | R21: =B21 -> STAG | S21: =VLOOKUP($B21,$R$3:$X$9,2,FALSE) -> 11.6 | T21: =VLOOKUP($B21,$R$3:$X$9,3,FALSE) -> 12 | U21: =VLOOKUP($B21,$R$3:$X$9,4,FALSE) -> 0 | V21: =VLOOKUP($B21,$R$3:$X$9,5,FALSE) -> 0.11805556 | W21: =VLOOKUP($B21,$R$3:$X$9,6,FALSE) -> 0.22569444 | X21: =VLOOKUP($B21,$R$3:$X$9,7,FALSE) -> 0.26388889 | Y21: =VLOOKUP($B21,$R$3:$Z$9,8,FALSE) -> 0 | Z21: =VLOOKUP($B21,$R$3:$Z$9,9,FALSE) -> 60
R22: =B22 -> 0 | S22: =VLOOKUP($B22,$R$3:$X$9,2,FALSE) -> #N/A | T22: =VLOOKUP($B22,$R$3:$X$9,3,FALSE) -> #N/A | U22: =VLOOKUP($B22,$R$3:$X$9,4,FALSE) -> #N/A | V22: =VLOOKUP($B22,$R$3:$X$9,5,FALSE) -> #N/A | W22: =VLOOKUP($B22,$R$3:$X$9,6,FALSE) -> #N/A | X22: =VLOOKUP($B22,$R$3:$X$9,7,FALSE) -> #N/A | Y22: =VLOOKUP($B22,$R$3:$Z$9,8,FALSE) -> #N/A | Z22: =VLOOKUP($B22,$R$3:$Z$9,9,FALSE) -> #N/A
B23: JUNE 14TH 2025 | R23: =B23 -> JUNE 14TH 2025 | S23: =VLOOKUP($B23,$R$3:$X$9,2,FALSE) -> #N/A | T23: =VLOOKUP($B23,$R$3:$X$9,3,FALSE) -> #N/A | U23: =VLOOKUP($B23,$R$3:$X$9,4,FALSE) -> #N/A | V23: =VLOOKUP($B23,$R$3:$X$9,5,FALSE) -> #N/A | W23: =VLOOKUP($B23,$R$3:$X$9,6,FALSE) -> #N/A | X23: =VLOOKUP($B23,$R$3:$X$9,7,FALSE) -> #N/A | Y23: =VLOOKUP($B23,$R$3:$Z$9,8,FALSE) -> #N/A | Z23: =VLOOKUP($B23,$R$3:$Z$9,9,FALSE) -> #N/A
B24: HR-PILSNER | C24: =[28]Brewhouse!$A10 -> HP005 | D24: =[28]Brewhouse!$AF10 -> 55.4 | E24: =[28]Brewhouse!$AI10 -> 51.9 | F24: =[28]Brewhouse!$V10 -> 59 | G24: =[28]Brewhouse!$AG10 -> 11.4 | H24: 11.4 | I24: =[28]Brewhouse!$AU10 -> 94.811456 | J24: =[28]Brewhouse!$AV10 -> 97.609584 | K24: =[28]Brewhouse!$Q10 -> 7.9704797 | L24: =[28]Brewhouse!$P10 -> 62 | M24: =[28]Brewhouse!$U10-[28]Brewhouse!$T10 -> 0.125 | N24: =[28]Brewhouse!$Z10 -> 0.26875 | O24: =[28]Brewhouse!$AW10 -> K.Benjamin | R24: =B24 -> HR-PILSNER | S24: =VLOOKUP($B24,$R$3:$X$9,2,FALSE) -> #N/A | T24: =VLOOKUP($B24,$R$3:$X$9,3,FALSE) -> #N/A | U24: =VLOOKUP($B24,$R$3:$X$9,4,FALSE) -> #N/A | V24: =VLOOKUP($B24,$R$3:$X$9,5,FALSE) -> #N/A | W24: =VLOOKUP($B24,$R$3:$X$9,6,FALSE) -> #N/A | X24: =VLOOKUP($B24,$R$3:$X$9,7,FALSE) -> #N/A | Y24: =VLOOKUP($B24,$R$3:$Z$9,8,FALSE) -> #N/A | Z24: =VLOOKUP($B24,$R$3:$Z$9,9,FALSE) -> #N/A
B25: HR-PILSNER | C25: =[28]Brewhouse!$A11 -> HP006 | D25: =[28]Brewhouse!$AF11 -> 57.9 | E25: =[28]Brewhouse!$AI11 -> 54.5 | F25: =[28]Brewhouse!$V11 -> 66 | G25: =[28]Brewhouse!$AG11 -> 11.3 | H25: 11.3 | I25: =[28]Brewhouse!$AU11 -> 98.883454 | J25: =[28]Brewhouse!$AV11 -> 101.80137 | K25: =[28]Brewhouse!$Q11 -> 7.4426808 | L25: =[28]Brewhouse!$P11 -> 62 | M25: =[28]Brewhouse!$U11-[28]Brewhouse!$T11 -> 0.12222222 | N25: =[28]Brewhouse!$Z11 -> 0.26180556 | O25: =[28]Brewhouse!$AW11 -> K.Benjamin | R25: =B25 -> HR-PILSNER | S25: =VLOOKUP($B25,$R$3:$X$9,2,FALSE) -> #N/A | T25: =VLOOKUP($B25,$R$3:$X$9,3,FALSE) -> #N/A | U25: =VLOOKUP($B25,$R$3:$X$9,4,FALSE) -> #N/A | V25: =VLOOKUP($B25,$R$3:$X$9,5,FALSE) -> #N/A | W25: =VLOOKUP($B25,$R$3:$X$9,6,FALSE) -> #N/A | X25: =VLOOKUP($B25,$R$3:$X$9,7,FALSE) -> #N/A | Y25: =VLOOKUP($B25,$R$3:$Z$9,8,FALSE) -> #N/A | Z25: =VLOOKUP($B25,$R$3:$Z$9,9,FALSE) -> #N/A
B26: HR-PILSNER | C26: =[28]Brewhouse!$A12 -> HP007 | D26: =[28]Brewhouse!$AF12 -> 58.6 | E26: =[28]Brewhouse!$AI12 -> 55.2 | F26: =[28]Brewhouse!$V12 -> 66 | G26: =[28]Brewhouse!$AG12 -> 11.1 | H26: 11.2 | I26: =[28]Brewhouse!$AU12 -> 98.526988 | J26: =[28]Brewhouse!$AV12 -> 101.43401 | K26: =[28]Brewhouse!$Q12 -> 6.4298401 | L26: =[28]Brewhouse!$P12 -> 61 | M26: =[28]Brewhouse!$U12-[28]Brewhouse!$T12 -> 0.11388889 | N26: =[28]Brewhouse!$Z12 -> 0.25763889 | O26: =[28]Brewhouse!$AW12 -> K.Benjamin | R26: =B26 -> HR-PILSNER | S26: =VLOOKUP($B26,$R$3:$X$9,2,FALSE) -> #N/A | T26: =VLOOKUP($B26,$R$3:$X$9,3,FALSE) -> #N/A | U26: =VLOOKUP($B26,$R$3:$X$9,4,FALSE) -> #N/A | V26: =VLOOKUP($B26,$R$3:$X$9,5,FALSE) -> #N/A | W26: =VLOOKUP($B26,$R$3:$X$9,6,FALSE) -> #N/A | X26: =VLOOKUP($B26,$R$3:$X$9,7,FALSE) -> #N/A | Y26: =VLOOKUP($B26,$R$3:$Z$9,8,FALSE) -> #N/A | Z26: =VLOOKUP($B26,$R$3:$Z$9,9,FALSE) -> #N/A
B27: HR-PILSNER | C27: =[28]Brewhouse!$A13 -> HP008 | D27: =[28]Brewhouse!$AF13 -> 58.7 | E27: =[28]Brewhouse!$AI13 -> 55.3 | F27: =[28]Brewhouse!$V13 -> 72 | G27: =[28]Brewhouse!$AG13 -> 11 | H27: 11.2 | I27: =[28]Brewhouse!$AU13 -> 97.731882 | J27: =[28]Brewhouse!$AV13 -> 100.61563 | K27: =[28]Brewhouse!$Q13 -> 6 | L27: =[28]Brewhouse!$P13 -> 61 | M27: =[28]Brewhouse!$U13-[28]Brewhouse!$T13 -> 0.12638889 | N27: =[28]Brewhouse!$Z13 -> 0.26458333 | O27: =[28]Brewhouse!$AW13 -> K.Benjamin | R27: =B27 -> HR-PILSNER | S27: =VLOOKUP($B27,$R$3:$X$9,2,FALSE) -> #N/A | T27: =VLOOKUP($B27,$R$3:$X$9,3,FALSE) -> #N/A | U27: =VLOOKUP($B27,$R$3:$X$9,4,FALSE) -> #N/A | V27: =VLOOKUP($B27,$R$3:$X$9,5,FALSE) -> #N/A | W27: =VLOOKUP($B27,$R$3:$X$9,6,FALSE) -> #N/A | X27: =VLOOKUP($B27,$R$3:$X$9,7,FALSE) -> #N/A | Y27: =VLOOKUP($B27,$R$3:$Z$9,8,FALSE) -> #N/A | Z27: =VLOOKUP($B27,$R$3:$Z$9,9,FALSE) -> #N/A
R28: =B28 -> 0 | S28: =VLOOKUP($B28,$R$3:$X$9,2,FALSE) -> #N/A | T28: =VLOOKUP($B28,$R$3:$X$9,3,FALSE) -> #N/A | U28: =VLOOKUP($B28,$R$3:$X$9,4,FALSE) -> #N/A | V28: =VLOOKUP($B28,$R$3:$X$9,5,FALSE) -> #N/A | W28: =VLOOKUP($B28,$R$3:$X$9,6,FALSE) -> #N/A | X28: =VLOOKUP($B28,$R$3:$X$9,7,FALSE) -> #N/A | Y28: =VLOOKUP($B28,$R$3:$Z$9,8,FALSE) -> #N/A | Z28: =VLOOKUP($B28,$R$3:$Z$9,9,FALSE) -> #N/A
R29: =B29 -> 0 | S29: =VLOOKUP($B29,$R$3:$X$9,2,FALSE) -> #N/A | T29: =VLOOKUP($B29,$R$3:$X$9,3,FALSE) -> #N/A | U29: =VLOOKUP($B29,$R$3:$X$9,4,FALSE) -> #N/A | V29: =VLOOKUP($B29,$R$3:$X$9,5,FALSE) -> #N/A | W29: =VLOOKUP($B29,$R$3:$X$9,6,FALSE) -> #N/A | X29: =VLOOKUP($B29,$R$3:$X$9,7,FALSE) -> #N/A | Y29: =VLOOKUP($B29,$R$3:$Z$9,8,FALSE) -> #N/A | Z29: =VLOOKUP($B29,$R$3:$Z$9,9,FALSE) -> #N/A
R30: =B30 -> 0 | S30: =VLOOKUP($B30,$R$3:$X$9,2,FALSE) -> #N/A | T30: =VLOOKUP($B30,$R$3:$X$9,3,FALSE) -> #N/A | U30: =VLOOKUP($B30,$R$3:$X$9,4,FALSE) -> #N/A | V30: =VLOOKUP($B30,$R$3:$X$9,5,FALSE) -> #N/A | W30: =VLOOKUP($B30,$R$3:$X$9,6,FALSE) -> #N/A | X30: =VLOOKUP($B30,$R$3:$X$9,7,FALSE) -> #N/A | Y30: =VLOOKUP($B30,$R$3:$Z$9,8,FALSE) -> #N/A | Z30: =VLOOKUP($B30,$R$3:$Z$9,9,FALSE) -> #N/A
R31: =B31 -> 0 | S31: =VLOOKUP($B31,$R$3:$X$9,2,FALSE) -> #N/A | T31: =VLOOKUP($B31,$R$3:$X$9,3,FALSE) -> #N/A | U31: =VLOOKUP($B31,$R$3:$X$9,4,FALSE) -> #N/A | V31: =VLOOKUP($B31,$R$3:$X$9,5,FALSE) -> #N/A | W31: =VLOOKUP($B31,$R$3:$X$9,6,FALSE) -> #N/A | X31: =VLOOKUP($B31,$R$3:$X$9,7,FALSE) -> #N/A | Y31: =VLOOKUP($B31,$R$3:$Z$9,8,FALSE) -> #N/A | Z31: =VLOOKUP($B31,$R$3:$Z$9,9,FALSE) -> #N/A
