Workbook
Name ProductList: [1]November15!$R$3:$R$9
Name ProductList: [2]November15!$R$3:$R$9

Sheet Dec 18th
T1: P.G. | V1: Hot Time | X1: Process Time | Z1: Cooling Time
B2: Brewing Department Daily Process Loss Report | T2: Lower | U2: Upper | V2: Lower | W2: Upper | X2: Lower | Y2: Upper | Z2: Lower | AA2: Upper
S3: CARIB | T3: 11.6 | U3: 12 | V3: 0 | W3: 0.11805556 | X3: 0.17361111 | Y3: 0.21180556 | Z3: 0 | AA3: 60 | AC3: HR- PISNER
B4: Date: | C4: 45278 | J4: LOT WORT COLOUR: 3.4 | M4: Filter Sheets (Target 20 days) | S4: STAG | T4: 11.6 | U4: 12 | V4: 0 | W4: 0.11805556 | X4: 0.17361111 | Y4: 0.21180556 | Z4: 0 | AA4: 60
M5: Double | N5: Single | S5: GUINNESS | T5: 17 | U5: 17.5 | V5: 0 | W5: 0.10763889 | X5: 0.19444444 | Y5: 0.23263889 | Z5: 0 | AA5: 60
J6: MALT LOT: Lot 8 | L6: Sheet Day | S6: MACKESON | T6: 13.3 | U6: 13.5 | V6: 0 | W6: 0.12905093 | X6: 0.22222222 | Y6: 0.25347222 | Z6: 0
S7: STARMALT | T7: 17.1 | U7: 17.5 | V7: 0 | W7: 0.13605324 | X7: 0.20833333 | Y7: 0.24305556 | Z7: 0 | AA7: 60
B8: Brand | C8: Brew no. | D8: Kett. Hls | E8: Wort | F8: Cool Time(Mins) | G8: Cast. P.G. (Lab Result) | H8: Cast P.G. (Cellar Operator)-gravity | I8: Extr. Rec (79.1%) | J8: Theor. Extr. (77.5%) | K8: Boil Off /Vol. (4-6%) | L8: Boil Time | M8: Total Hot | N8: Brewing | P8: Comments | Q8: Actual Pilsen Malt | S8: Hurricane Reef | T8: 16.6 | U8: 17 | V8: 0 | W8: 0.12905093 | X8: 0.22222222 | Y8: 0.25347222 | Z8: 0
E9: Meter (Hls) | F9: Target(< 60Mins) | M9: Time | S9: VITAMALT | T9: 14.4 | U9: 14.6 | V9: 0 | W9: 0.13905093 | X9: 0.19097222 | Y9: 0.22569444 | Z9: 0 | AA9: 75
S10: =B10 -> 0 | T10: =VLOOKUP($B10,$S$3:$Y$9,2,FALSE) -> #N/A | U10: =VLOOKUP($B10,$S$3:$Y$9,3,FALSE) -> #N/A | V10: =VLOOKUP($B10,$S$3:$Y$9,4,FALSE) -> #N/A | W10: =VLOOKUP($B10,$S$3:$Y$9,5,FALSE) -> #N/A | X10: =VLOOKUP($B10,$S$3:$Y$9,6,FALSE) -> #N/A | Y10: =VLOOKUP($B10,$S$3:$Y$9,7,FALSE) -> #N/A | Z10: =VLOOKUP($B10,$S$3:$AA$9,8,FALSE) -> #N/A | AA10: =VLOOKUP($B10,$S$3:$AA$9,9,FALSE) -> #N/A
S11: =B11 -> 0 | T11: =VLOOKUP($B11,$S$3:$Y$9,2,FALSE) -> #N/A | U11: =VLOOKUP($B11,$S$3:$Y$9,3,FALSE) -> #N/A | V11: =VLOOKUP($B11,$S$3:$Y$9,4,FALSE) -> #N/A | W11: =VLOOKUP($B11,$S$3:$Y$9,5,FALSE) -> #N/A | X11: =VLOOKUP($B11,$S$3:$Y$9,6,FALSE) -> #N/A | Y11: =VLOOKUP($B11,$S$3:$Y$9,7,FALSE) -> #N/A | Z11: =VLOOKUP($B11,$S$3:$AA$9,8,FALSE) -> #N/A | AA11: =VLOOKUP($B11,$S$3:$AA$9,9,FALSE) -> #N/A
S12: =B12 -> 0 | T12: =VLOOKUP($B12,$S$3:$Y$9,2,FALSE) -> #N/A | U12: =VLOOKUP($B12,$S$3:$Y$9,3,FALSE) -> #N/A | V12: =VLOOKUP($B12,$S$3:$Y$9,4,FALSE) -> #N/A | W12: =VLOOKUP($B12,$S$3:$Y$9,5,FALSE) -> #N/A | X12: =VLOOKUP($B12,$S$3:$Y$9,6,FALSE) -> #N/A | Y12: =VLOOKUP($B12,$S$3:$Y$9,7,FALSE) -> #N/A | Z12: =VLOOKUP($B12,$S$3:$AA$9,8,FALSE) -> #N/A | AA12: =VLOOKUP($B12,$S$3:$AA$9,9,FALSE) -> #N/A
S13: =B13 -> 0 | T13: =VLOOKUP($B13,$S$3:$Y$9,2,FALSE) -> #N/A | U13: =VLOOKUP($B13,$S$3:$Y$9,3,FALSE) -> #N/A | V13: =VLOOKUP($B13,$S$3:$Y$9,4,FALSE) -> #N/A | W13: =VLOOKUP($B13,$S$3:$Y$9,5,FALSE) -> #N/A | X13: =VLOOKUP($B13,$S$3:$Y$9,6,FALSE) -> #N/A | Y13: =VLOOKUP($B13,$S$3:$Y$9,7,FALSE) -> #N/A | Z13: =VLOOKUP($B13,$S$3:$AA$9,8,FALSE) -> #N/A | AA13: =VLOOKUP($B13,$S$3:$AA$9,9,FALSE) -> #N/A
S14: =B14 -> 0 | T14: =VLOOKUP($B14,$S$3:$Y$9,2,FALSE) -> #N/A | U14: =VLOOKUP($B14,$S$3:$Y$9,3,FALSE) -> #N/A | V14: =VLOOKUP($B14,$S$3:$Y$9,4,FALSE) -> #N/A | W14: =VLOOKUP($B14,$S$3:$Y$9,5,FALSE) -> #N/A | X14: =VLOOKUP($B14,$S$3:$Y$9,6,FALSE) -> #N/A | Y14: =VLOOKUP($B14,$S$3:$Y$9,7,FALSE) -> #N/A | Z14: =VLOOKUP($B14,$S$3:$AA$9,8,FALSE) -> #N/A | AA14: =VLOOKUP($B14,$S$3:$AA$9,9,FALSE) -> #N/A
S15: =B15 -> 0 | T15: =VLOOKUP($B15,$S$3:$Y$9,2,FALSE) -> #N/A | U15: =VLOOKUP($B15,$S$3:$Y$9,3,FALSE) -> #N/A | V15: =VLOOKUP($B15,$S$3:$Y$9,4,FALSE) -> #N/A | W15: =VLOOKUP($B15,$S$3:$Y$9,5,FALSE) -> #N/A | X15: =VLOOKUP($B15,$S$3:$Y$9,6,FALSE) -> #N/A | Y15: =VLOOKUP($B15,$S$3:$Y$9,7,FALSE) -> #N/A | Z15: =VLOOKUP($B15,$S$3:$AA$9,8,FALSE) -> #N/A | AA15: =VLOOKUP($B15,$S$3:$AA$9,9,FALSE) -> #N/A
S16: =B16 -> 0 | T16: =VLOOKUP($B16,$S$3:$Y$9,2,FALSE) -> #N/A | U16: =VLOOKUP($B16,$S$3:$Y$9,3,FALSE) -> #N/A | V16: =VLOOKUP($B16,$S$3:$Y$9,4,FALSE) -> #N/A | W16: =VLOOKUP($B16,$S$3:$Y$9,5,FALSE) -> #N/A | X16: =VLOOKUP($B16,$S$3:$Y$9,6,FALSE) -> #N/A | Y16: =VLOOKUP($B16,$S$3:$Y$9,7,FALSE) -> #N/A | Z16: =VLOOKUP($B16,$S$3:$AA$9,8,FALSE) -> #N/A | AA16: =VLOOKUP($B16,$S$3:$AA$9,9,FALSE) -> #N/A
S17: =B17 -> 0 | T17: =VLOOKUP($B17,$S$3:$Y$9,2,FALSE) -> #N/A | U17: =VLOOKUP($B17,$S$3:$Y$9,3,FALSE) -> #N/A | V17: =VLOOKUP($B17,$S$3:$Y$9,4,FALSE) -> #N/A | W17: =VLOOKUP($B17,$S$3:$Y$9,5,FALSE) -> #N/A | X17: =VLOOKUP($B17,$S$3:$Y$9,6,FALSE) -> #N/A | Y17: =VLOOKUP($B17,$S$3:$Y$9,7,FALSE) -> #N/A | Z17: =VLOOKUP($B17,$S$3:$AA$9,8,FALSE) -> #N/A | AA17: =VLOOKUP($B17,$S$3:$AA$9,9,FALSE) -> #N/A
S18: =B18 -> 0 | T18: =VLOOKUP($B18,$S$3:$Y$9,2,FALSE) -> #N/A | U18: =VLOOKUP($B18,$S$3:$Y$9,3,FALSE) -> #N/A | V18: =VLOOKUP($B18,$S$3:$Y$9,4,FALSE) -> #N/A | W18: =VLOOKUP($B18,$S$3:$Y$9,5,FALSE) -> #N/A | X18: =VLOOKUP($B18,$S$3:$Y$9,6,FALSE) -> #N/A | Y18: =VLOOKUP($B18,$S$3:$Y$9,7,FALSE) -> #N/A | Z18: =VLOOKUP($B18,$S$3:$AA$9,8,FALSE) -> #N/A | AA18: =VLOOKUP($B18,$S$3:$AA$9,9,FALSE) -> #N/A
S19: =B19 -> 0 | T19: =VLOOKUP($B19,$S$3:$Y$9,2,FALSE) -> #N/A | U19: =VLOOKUP($B19,$S$3:$Y$9,3,FALSE) -> #N/A | V19: =VLOOKUP($B19,$S$3:$Y$9,4,FALSE) -> #N/A | W19: =VLOOKUP($B19,$S$3:$Y$9,5,FALSE) -> #N/A | X19: =VLOOKUP($B19,$S$3:$Y$9,6,FALSE) -> #N/A | Y19: =VLOOKUP($B19,$S$3:$Y$9,7,FALSE) -> #N/A | Z19: =VLOOKUP($B19,$S$3:$AA$9,8,FALSE) -> #N/A | AA19: =VLOOKUP($B19,$S$3:$AA$9,9,FALSE) -> #N/A
S20: =B20 -> 0 | T20: =VLOOKUP($B20,$S$3:$Y$9,2,FALSE) -> #N/A | U20: =VLOOKUP($B20,$S$3:$Y$9,3,FALSE) -> #N/A | V20: =VLOOKUP($B20,$S$3:$Y$9,4,FALSE) -> #N/A | W20: =VLOOKUP($B20,$S$3:$Y$9,5,FALSE) -> #N/A | X20: =VLOOKUP($B20,$S$3:$Y$9,6,FALSE) -> #N/A | Y20: =VLOOKUP($B20,$S$3:$Y$9,7,FALSE) -> #N/A | Z20: =VLOOKUP($B20,$S$3:$AA$9,8,FALSE) -> #N/A | AA20: =VLOOKUP($B20,$S$3:$AA$9,9,FALSE) -> #N/A
S21: =B21 -> 0 | T21: =VLOOKUP($B21,$S$3:$Y$9,2,FALSE) -> #N/A | U21: =VLOOKUP($B21,$S$3:$Y$9,3,FALSE) -> #N/A | V21: =VLOOKUP($B21,$S$3:$Y$9,4,FALSE) -> #N/A | W21: =VLOOKUP($B21,$S$3:$Y$9,5,FALSE) -> #N/A | X21: =VLOOKUP($B21,$S$3:$Y$9,6,FALSE) -> #N/A | Y21: =VLOOKUP($B21,$S$3:$Y$9,7,FALSE) -> #N/A | Z21: =VLOOKUP($B21,$S$3:$AA$9,8,FALSE) -> #N/A | AA21: =VLOOKUP($B21,$S$3:$AA$9,9,FALSE) -> #N/A
... S47: =B47 -> 0 | T47: =VLOOKUP($B47,$S$3:$Y$9,2,FALSE) -> #N/A | U47: =VLOOKUP($B47,$S$3:$Y$9,3,FALSE) -> #N/A | V47: =VLOOKUP($B47,$S$3:$Y$9,4,FALSE) -> #N/A | W47: =VLOOKUP($B47,$S$3:$Y$9,5,FALSE) -> #N/A | X47: =VLOOKUP($B47,$S$3:$Y$9,6,FALSE) -> #N/A | Y47: =VLOOKUP($B47,$S$3:$Y$9,7,FALSE) -> #N/A | Z47: =VLOOKUP($B47,$S$3:$AA$9,8,FALSE) -> #N/A | AA47: =VLOOKUP($B47,$S$3:$AA$9,9,FALSE) -> #N/A
I48: EXTRACT RECOVERY
B49: BRAND | D49: BBT P.G./ O.G | I49: Brand | J49: Actual | K49: MTD No. of Brews | L49: MTD | M49: YTD | N49: Target
B50: STAG | C50: 11.8 | D50: 11.73 | I50: CARIB | K50: =COUNTA([17]Brewhouse!$A$1596:$A$1619) -> 24 | L50: =AVERAGE([17]Brewhouse!$AU$1529,[17]Brewhouse!$AU$1531:$AU$1594,[17]Brewhouse!$AU$1596:$AU$1619) -> 98.205761 | M50: =AVERAGE([17]Brewhouse!$AU$849:$AU$924,[17]Brewhouse!$AU$926:$AU$971,[17]Brewhouse!$AU$973:$AU$1066,[17]Brewhouse!$AU$1068:$AU$1111,[17]Brewhouse!$AU$1113:$AU$1132,[17]Brewhouse!$AU$1134:$AU$1167,[17]Brewhouse!$AU$1169:$AU$1230,[17]Brewhouse!$AU$1232:$AU$1299,[17]Brewhouse!$AU$1301:$AU$1363,[17]Brewhouse!$AU$1365:$AU$1444,[17]Brewhouse!$AU$1446:$AU$1527,[17]Brewhouse!$AU$1529,[17]Brewhouse!$AU$1531:$AU$1594,[17]Brewhouse!$AU$1596:$AU$1619) -> 98.381806 | N50: 98
C51: 11.9 | I51: STAG | K51: =COUNTA([18]Brewhouse!$A$976:$A$1007) -> 32 | L51: =AVERAGE([18]Brewhouse!$AS$976:$AS$979,[18]Brewhouse!$AS$981:$AS$1007) -> 98.538567 | M51: =AVERAGE([18]Brewhouse!$AS$577:$AS$618,[18]Brewhouse!$AS$620:$AS$651,[18]Brewhouse!$AS$653:$AS$696,[18]Brewhouse!$AS$698:$AS$708,[18]Brewhouse!$AS$710:$AS$733,[18]Brewhouse!$AS$735:$AS$777,[18]Brewhouse!$AS$779:$AS$822,[18]Brewhouse!$AS$824:$AS$863,[18]Brewhouse!$AS$865:$AS$974,[18]Brewhouse!$AS$976:$AS$979,[18]Brewhouse!$AS$981:$AS$1007) -> 98.489671 | N51: 98
I52: GUINNESS | K52: =COUNTA([19]Brewhouse!$A$282:$A$289) -> 8 | L52: =AVERAGE([19]Brewhouse!$AU$269:$AU$279,[19]Brewhouse!$AU$282:$AU$289) -> 96.186177 | M52: =AVERAGE([19]Brewhouse!$AU$161:$AU$176,[19]Brewhouse!$AU$178:$AU$195,[19]Brewhouse!$AU$197:$AU$208,[19]Brewhouse!$AU$210:$AU$221,[19]Brewhouse!$AU$223:$AU$232,[19]Brewhouse!$AU$234:$AU$279,[19]Brewhouse!$AU$282:$AU$289) -> 96.64916 | N52: 98
I53: VITAMALT | K53: =COUNTA([20]Brewhouse!$A$158:$A$163) -> 6 | L53: =AVERAGE([20]Brewhouse!$AU$158:$AU$163) -> 94.60305 | M53: =AVERAGE([20]Brewhouse!$AU$91:$AU$101,[20]Brewhouse!$AU$103:$AU$112,[20]Brewhouse!$AU$114:$AU$123,[20]Brewhouse!$AU$125:$AU$134,[20]Brewhouse!$AU$136:$AU$145,[20]Brewhouse!$AU$147:$AU$156,[20]Brewhouse!$AU$158:$AU$163) -> 96.240014 | N53: 98
I54: MAXIMALT | N54: 98
I55: MACKESON | M55: =AVERAGE([21]Brewhouse!$AT$74:$AT$79) -> 93.959836 | N55: 98
I56: STARMALT | K56: =COUNTA([22]Brewhouse!$A$249:$A$254) -> 6 | L56: =AVERAGE([22]Brewhouse!$AY$249:$AY$254) -> 99.681996 | M56: =AVERAGE([22]Brewhouse!$AY$138:$AY$143,[22]Brewhouse!$AY$145:$AY$153,[22]Brewhouse!$AY$155,[22]Brewhouse!$AY$156:$AY$174,[22]Brewhouse!$AY$176:$AY$185,[22]Brewhouse!$AY$187:$AY$198,[22]Brewhouse!$AY$200:$AY$247,[22]Brewhouse!$AY$249:$AY$254) -> 98.774703 | N56: 98
I57: HR- P | M57: =AVERAGE([23]Brewhouse!$AW$13:$AW$14,[23]Brewhouse!$AW$16:$AW$17) -> 92.042628 | N57: 98
I58: Hurricane Reef | M58: =AVERAGE([23]Brewhouse!$AW$13:$AW$14) -> 88.376943 | N58: 98
K59: =SUM(K50:K58) -> 76 | L59: =((L50*K50)+(L51*K51)+(L52*K52)+(L53*K53)+(L54*K54)+(K57*L57)+(L55*K55)+(L56*K56)+(L58*K58))/(K59) -> 97.965422 | M59: =AVERAGE('[24]Closing- January 2023'!$L$42,'[25]Feb. 28th'!$L$42,'[26]March 31st'!$L$75,'[27]Apri 28th'!$L$51,L59) -> 98.06926 | N59: 98
J62: Daily Brewing Plan
J63: Brand | K63: Brews Achieved | L63: Average Brews per day
J64: CARIB | L64: MTD | M64: YTD | N64: TARGET
J65: STAG | K65: 5 | L65: =AVERAGE(#REF!,#REF!,K74,#REF!,#REF!,#REF!,#REF!,#REF!,#REF!,#REF!,#REF!) -> #REF! | M65: =AVERAGE(6,6,'[26]March 31st'!$L$80,'[28]June 30th '!$L$71,6,L65,'[29]July 31st'!$L$108,'[30]Aug 30th'!$L$124,7,[31]Oct.31st!$L$51) -> #REF! | N65: 9
J66: GUINN
J67: VITAMALT
J68: STARMALT
J69: MACKESON
J70: HURRICANE REEF- IPA
J71: HURRICANE REEF- APA
B72: AVERAGE | D72: =AVERAGE(D50:E71) -> 11.73 | J72: HR- PILSNER
J73: CARIBE
J74: Total | K74: =SUM(K64:K73) -> 5
B75: Process: | C75: Fermentation/Filtration
B77: Brand | C77: Filt. Date | D77: FV Hls | E77: GFE/ Prim/ Vita Blend (Hls) | F77: SV Hls | G77: BBT Hls | H77: Loss (%) Ferm | I77: Loss (%) Filt | J77: Comments | K77: Throughput | L77: Process Loss (%) | M77: Filt. Operator
U78: 43466 | V78: 43467 | W78: 43468 | X78: 43469 | Y78: 43470 | Z78: 43471 | AA78: 43472 | AB78: 43473 | AC78: 43474 | AD78: 43475 | AE78: 43476 | AF78: 43477 | AG78: 43478 | AH78: 43479 | AI78: 43480 | AJ78: 43481 | AK78: 43482 | AL78: 43483 | AM78: 43484 | AN78: 43485 | AO78: 43486 | AP78: 43487 | AQ78: 43488 | AR78: 43489 | AS78: 43490 | AT78: 43491 | AU78: 43492 | AV78: 43493 | AW78: 43494 | AX78: 43495 | AY78: 43496
B79: STAG | C79: 45278 | D79: =[32]December_2023!$U$13 -> 150.4 | G79: =[32]December_2023!$U$17 -> 120.8 | J79: NO BREAK | K79: =[33]December_2023!$U$25 -> 0.42385965 | L79: =(((D79+E79)-G79)/(D79+E79))*100 -> 19.680851 | M79: K.Hosten | T79: hls
T80: Throughput | U80: =[16]January_2019!D8 -> #DIV/0! | V80: =[16]January_2019!E8 -> 1.0319298 | W80: =[16]January_2019!F8 -> 1.7789474 | X80: =[16]January_2019!G8 -> 0.51929825 | Y80: =[16]January_2019!H8 -> #DIV/0! | Z80: =[16]January_2019!I8 -> #DIV/0! | AA80: =[16]January_2019!J8 -> 1.3652632 | AB80: =[16]January_2019!K8 -> #DIV/0! | ... AY80: =[16]January_2019!AH8 -> #DIV/0!
B87: Process Loss (Volume) | G87: Process Loss (Extract) | K87: Throughput
B88: Brand | C88: Actual | D88: MTD | E88: YTD | F88: Target | G88: Actual | H88: MTD | I88: YTD | J88: Target | K88: Actual | L88: MTD | M88: YTD | N88: Target
B89: CARIB | D89: 5.181332 | E89: 6.6038503 | F89: 4.8 | H89: 5.2502762 | I89: 6.9665258 | J89: 4.8 | L89: 0.70807018 | M89: 0.77999467 | N89: 1
B90: STAG | C90: =AVERAGE(L79,L81) -> 19.680851 | D90: 6.5498915 | E90: 6.1662321 | F90: 4.8 | G90: =[32]December_2023!$U$21 -> 19.680851 | H90: 6.3458282 | I90: 5.9138834 | J90: 4.8 | K90: =AVERAGE(K79,K81) -> 0.42385965 | L90: 0.66137427 | M90: 0.71942944 | N90: 1
B91: GUINN | D91: 8.4423676 | E91: 8.9890455 | F91: 5.5 | H91: 5.9624998 | I91: 8.6652309 | J91: 5.5 | L91: 0.51561404 | M91: 0.65035608 | N91: 1
B92: VITAMALT | D92: 3.597848 | E92: 2.9936807 | F92: 3.3 | H92: 6.098202 | I92: 3.3134543 | J92: 3.3 | L92: 0.50298246 | M92: 1.0625518 | N92: 1
B93: MAXIMALT | F93: 3.3 | J93: 3 | N93: 1
B94: MACKESON | E94: 6.4174306 | F94: =[34]May_2022!$M$43 -> 3.4878407 | I94: 7.0730655 | J94: 5.5 | M94: 1.0342105 | N94: 1
B95: STARMALT | D95: 2.7692803 | E95: 3.0589058 | F95: 3.3 | H95: 4.2179953 | I95: 4.9470953 | J95: 3.3 | L95: 1.0594737 | M95: 1.0223839 | N95: 1
B96: HURRICANE REEF | E96: 11.178248 | F96: 7.5 | I96: 14.59851 | J96: 7.5 | M96: 0.30947368 | N96: 1
D97: 5.3927001 | E97: 6.2517133 | F97: 4.5 | H97: 5.4965257 | I97: 6.527958 | J97: 4.5 | L97: 0.69682018 | M97: 0.78265038 | N97: 1
AD110: :

Sheet June 2nd
S1: P.G. | U1: Hot Time | W1: Process Time | Y1: Cooling Time
B2: Brewing Department Daily Process Loss Report | S2: Lower | T2: Upper | U2: Lower | V2: Upper | W2: Lower | X2: Upper | Y2: Lower | Z2: Upper
R3: CARIB | S3: 11.6 | T3: 12 | U3: 0 | V3: 0.11805556 | W3: 0.22569444 | X3: 0.26388889 | Y3: 0 | Z3: 60 | AB3: HR- PISNER
B4: Date: | C4: 46174 | J4: LOT WORT COLOUR: | M4: Filter Sheets (Target 20 days) | R4: STAG | S4: 11.6 | T4: 12 | U4: 0 | V4: 0.11805556 | W4: 0.22569444 | X4: 0.26388889 | Y4: 0 | Z4: 60
M5: Double | N5: Single | R5: GUINNESS | S5: 17 | T5: 17.5 | U5: 0 | V5: 0.10763889 | W5: 0.24652778 | X5: 0.28472222 | Y5: 0 | Z5: 60
J6: MALT LOT: Lot #13 | L6: Sheet Day | R6: MACKESON | S6: 13.3 | T6: 13.5 | U6: 0 | V6: 0.12905093 | W6: 0.27430556 | X6: 0.30208333 | Y6: 0
R7: STARMALT | S7: 17 | T7: 17.4 | U7: 0 | V7: 0.13605324 | W7: 0.27430556 | X7: 0.30902778 | Y7: 0 | Z7: 85
B8: Brand | C8: Brew no. | D8: Kett. Hls | E8: Wort | F8: Cool Time(Mins) | G8: Cast. P.G. (Lab Result) | H8: Cast P.G. (Cellar Operator)-gravity | I8: Extr. Rec (77.9%) | J8: Theor. Extr. (77.5%) | K8: Boil Off /Vol. (4-6%) | L8: Boil Time | M8: Total Hot | N8: Brewing Time | O8: Operator | R8: Hurricane Reef | S8: 16.6 | T8: 17 | U8: 0 | V8: 0.12905093 | W8: 0.27430556 | X8: 0.30208333 | Y8: 0
E9: Meter (Hls) | F9: Target(< 60Mins) | M9: Time | R9: VITAMALT | S9: 14.2 | T9: 14.6 | U9: 0 | V9: 0.13905093 | W9: 0.26041667 | X9: 0.29513889 | Y9: 0 | Z9: 75
B10: CARIB | C10: =[3]Brewhouse!$A441 -> CA395 | D10: =[3]Brewhouse!$AF441 -> 47.9 | E10: =[3]Brewhouse!$AI441 -> 47.9 | F10: =[3]Brewhouse!$V441 -> 60 | G10: =[3]Brewhouse!AG441 -> 12 | H10: 12.2 | I10: =[3]Brewhouse!$AU441 -> 94.352991 | J10: =[3]Brewhouse!$AV441 -> 95.174307 | K10: =[3]Brewhouse!$Q441 -> 12.62963 | L10: =[3]Brewhouse!$P441 -> 57 | M10: =[3]Brewhouse!$U441-[3]Brewhouse!$T441 -> 0.12708333 | N10: =[3]Brewhouse!$Z441 -> 0.32847222 | O10: =[3]Brewhouse!$AX441 -> R. Regis | R10: =B10 -> CARIB | S10: =VLOOKUP($B10,$R$3:$X$9,2,FALSE) -> 11.6 | T10: =VLOOKUP($B10,$R$3:$X$9,3,FALSE) -> 12 | U10: =VLOOKUP($B10,$R$3:$X$9,4,FALSE) -> 0 | V10: =VLOOKUP($B10,$R$3:$X$9,5,FALSE) -> 0.11805556 | W10: =VLOOKUP($B10,$R$3:$X$9,6,FALSE) -> 0.22569444 | X10: =VLOOKUP($B10,$R$3:$X$9,7,FALSE) -> 0.26388889 | Y10: =VLOOKUP($B10,$R$3:$Z$9,8,FALSE) -> 0 | Z10: =VLOOKUP($B10,$R$3:$Z$9,9,FALSE) -> 60
B11: CARIB | C11: =[3]Brewhouse!$A442 -> CA396 | D11: =[3]Brewhouse!$AF442 -> 50.4 | E11: =[3]Brewhouse!$AI442 -> 50.1 | F11: =[3]Brewhouse!$V442 -> 47 | G11: =[3]Brewhouse!AG442 -> 12 | H11: 11.8 | I11: =[3]Brewhouse!$AU442 -> 99.788106 | J11: =[3]Brewhouse!$AV442 -> 100.65623 | K11: =[3]Brewhouse!$Q442 -> 9.6487985 | L11: =[3]Brewhouse!$P442 -> 60 | M11: =[3]Brewhouse!$U442-[3]Brewhouse!$T442 -> 0.10555556 | N11: =[3]Brewhouse!$Z442 -> 0.26527778 | O11: =[3]Brewhouse!$AX442 -> R. Sookram | R11: =B11 -> CARIB | S11: =VLOOKUP($B11,$R$3:$X$9,2,FALSE) -> 11.6 | T11: =VLOOKUP($B11,$R$3:$X$9,3,FALSE) -> 12 | U11: =VLOOKUP($B11,$R$3:$X$9,4,FALSE) -> 0 | V11: =VLOOKUP($B11,$R$3:$X$9,5,FALSE) -> 0.11805556 | W11: =VLOOKUP($B11,$R$3:$X$9,6,FALSE) -> 0.22569444 | X11: =VLOOKUP($B11,$R$3:$X$9,7,FALSE) -> 0.26388889 | Y11: =VLOOKUP($B11,$R$3:$Z$9,8,FALSE) -> 0 | Z11: =VLOOKUP($B11,$R$3:$Z$9,9,FALSE) -> 60
B12: CARIB | C12: =[3]Brewhouse!$A443 -> CA397 | D12: =[3]Brewhouse!$AF443 -> 49.8 | E12: =[3]Brewhouse!$AI443 -> 49.5 | F12: =[3]Brewhouse!$V443 -> 50 | G12: =[3]Brewhouse!AG443 -> 12 | H12: 12 | I12: =[3]Brewhouse!$AU443 -> 98.715472 | J12: =[3]Brewhouse!$AV443 -> 99.574203 | K12: =[3]Brewhouse!$Q443 -> 11.333333 | L12: =[3]Brewhouse!$P443 -> 60 | M12: =[3]Brewhouse!$U443-[3]Brewhouse!$T443 -> 0.10069444 | N12: =[3]Brewhouse!$Z443 -> 0.25694444 | O12: =[3]Brewhouse!$AX443 -> R. Sookram | R12: =B12 -> CARIB | S12: =VLOOKUP($B12,$R$3:$X$9,2,FALSE) -> 11.6 | T12: =VLOOKUP($B12,$R$3:$X$9,3,FALSE) -> 12 | U12: =VLOOKUP($B12,$R$3:$X$9,4,FALSE) -> 0 | V12: =VLOOKUP($B12,$R$3:$X$9,5,FALSE) -> 0.11805556 | W12: =VLOOKUP($B12,$R$3:$X$9,6,FALSE) -> 0.22569444 | X12: =VLOOKUP($B12,$R$3:$X$9,7,FALSE) -> 0.26388889 | Y12: =VLOOKUP($B12,$R$3:$Z$9,8,FALSE) -> 0 | Z12: =VLOOKUP($B12,$R$3:$Z$9,9,FALSE) -> 60
R14: =B14 -> 0 | S14: =VLOOKUP($B14,$R$3:$X$9,2,FALSE) -> #N/A | T14: =VLOOKUP($B14,$R$3:$X$9,3,FALSE) -> #N/A | U14: =VLOOKUP($B14,$R$3:$X$9,4,FALSE) -> #N/A | V14: =VLOOKUP($B14,$R$3:$X$9,5,FALSE) -> #N/A | W14: =VLOOKUP($B14,$R$3:$X$9,6,FALSE) -> #N/A | X14: =VLOOKUP($B14,$R$3:$X$9,7,FALSE) -> #N/A | Y14: =VLOOKUP($B14,$R$3:$Z$9,8,FALSE) -> #N/A | Z14: =VLOOKUP($B14,$R$3:$Z$9,9,FALSE) -> #N/A
R15: =B15 -> 0 | S15: =VLOOKUP($B15,$R$3:$X$9,2,FALSE) -> #N/A | T15: =VLOOKUP($B15,$R$3:$X$9,3,FALSE) -> #N/A | U15: =VLOOKUP($B15,$R$3:$X$9,4,FALSE) -> #N/A | V15: =VLOOKUP($B15,$R$3:$X$9,5,FALSE) -> #N/A | W15: =VLOOKUP($B15,$R$3:$X$9,6,FALSE) -> #N/A | X15: =VLOOKUP($B15,$R$3:$X$9,7,FALSE) -> #N/A | Y15: =VLOOKUP($B15,$R$3:$Z$9,8,FALSE) -> #N/A | Z15: =VLOOKUP($B15,$R$3:$Z$9,9,FALSE) -> #N/A
R16: =B16 -> 0 | S16: =VLOOKUP($B16,$R$3:$X$9,2,FALSE) -> #N/A | T16: =VLOOKUP($B16,$R$3:$X$9,3,FALSE) -> #N/A | U16: =VLOOKUP($B16,$R$3:$X$9,4,FALSE) -> #N/A | V16: =VLOOKUP($B16,$R$3:$X$9,5,FALSE) -> #N/A | W16: =VLOOKUP($B16,$R$3:$X$9,6,FALSE) -> #N/A | X16: =VLOOKUP($B16,$R$3:$X$9,7,FALSE) -> #N/A | Y16: =VLOOKUP($B16,$R$3:$Z$9,8,FALSE) -> #N/A | Z16: =VLOOKUP($B16,$R$3:$Z$9,9,FALSE) -> #N/A
R17: =B17 -> 0 | S17: =VLOOKUP($B17,$R$3:$X$9,2,FALSE) -> #N/A | T17: =VLOOKUP($B17,$R$3:$X$9,3,FALSE) -> #N/A | U17: =VLOOKUP($B17,$R$3:$X$9,4,FALSE) -> #N/A | V17: =VLOOKUP($B17,$R$3:$X$9,5,FALSE) -> #N/A | W17: =VLOOKUP($B17,$R$3:$X$9,6,FALSE) -> #N/A | X17: =VLOOKUP($B17,$R$3:$X$9,7,FALSE) -> #N/A | Y17: =VLOOKUP($B17,$R$3:$Z$9,8,FALSE) -> #N/A | Z17: =VLOOKUP($B17,$R$3:$Z$9,9,FALSE) -> #N/A
R18: =B18 -> 0 | S18: =VLOOKUP($B18,$R$3:$X$9,2,FALSE) -> #N/A | T18: =VLOOKUP($B18,$R$3:$X$9,3,FALSE) -> #N/A | U18: =VLOOKUP($B18,$R$3:$X$9,4,FALSE) -> #N/A | V18: =VLOOKUP($B18,$R$3:$X$9,5,FALSE) -> #N/A | W18: =VLOOKUP($B18,$R$3:$X$9,6,FALSE) -> #N/A | X18: =VLOOKUP($B18,$R$3:$X$9,7,FALSE) -> #N/A | Y18: =VLOOKUP($B18,$R$3:$Z$9,8,FALSE) -> #N/A | Z18: =VLOOKUP($B18,$R$3:$Z$9,9,FALSE) -> #N/A
B19: BRAND | D19: BBT P.G./ O.G | I19: Brand | K19: MTD No. of Brews | L19: MTD | M19: YTD | N19: Target | R19: =B19 -> BRAND | S19: =VLOOKUP($B19,$R$3:$X$9,2,FALSE) -> #N/A | T19: =VLOOKUP($B19,$R$3:$X$9,3,FALSE) -> #N/A | U19: =VLOOKUP($B19,$R$3:$X$9,4,FALSE) -> #N/A | V19: =VLOOKUP($B19,$R$3:$X$9,5,FALSE) -> #N/A | W19: =VLOOKUP($B19,$R$3:$X$9,6,FALSE) -> #N/A | X19: =VLOOKUP($B19,$R$3:$X$9,7,FALSE) -> #N/A | Y19: =VLOOKUP($B19,$R$3:$Z$9,8,FALSE) -> #N/A | Z19: =VLOOKUP($B19,$R$3:$Z$9,9,FALSE) -> #N/A
I20: CARIB | J20: =AVERAGE(I10:I14) -> 97.618857 | K20: =COUNTA([3]Brewhouse!$A$441:$A$444) -> 4 | L20: =AVERAGE([3]Brewhouse!$AU$441:$AU$444) -> 97.923972 | M20: =AVERAGE([3]Brewhouse!$AU$42:$AU$123,[3]Brewhouse!$AU$125:$AU$188,[3]Brewhouse!$AU$198:$AU$290,[3]Brewhouse!$AU$292:$AU$370,[3]Brewhouse!$AU$372:$AU$439,[3]Brewhouse!$AU$441:$AU$444) -> 97.974102 | N20: 98 | R20: =B20 -> 0 | S20: =VLOOKUP($B20,$R$3:$X$9,2,FALSE) -> #N/A | T20: =VLOOKUP($B20,$R$3:$X$9,3,FALSE) -> #N/A | U20: =VLOOKUP($B20,$R$3:$X$9,4,FALSE) -> #N/A | V20: =VLOOKUP($B20,$R$3:$X$9,5,FALSE) -> #N/A | W20: =VLOOKUP($B20,$R$3:$X$9,6,FALSE) -> #N/A | X20: =VLOOKUP($B20,$R$3:$X$9,7,FALSE) -> #N/A | Y20: =VLOOKUP($B20,$R$3:$Z$9,8,FALSE) -> #N/A | Z20: =VLOOKUP($B20,$R$3:$Z$9,9,FALSE) -> #N/A
I21: STAG | M21: =AVERAGE([4]Brewhouse!$AS$52:$AS$81,[4]Brewhouse!$AS$83:$AS$124,[4]Brewhouse!$AS$134:$AS$177,[4]Brewhouse!$AS$22:$AS$179,[4]Brewhouse!$AS$214:$AS$248) -> 97.973401 | N21: 98 | R21: =B21 -> 0 | S21: =VLOOKUP($B21,$R$3:$X$9,2,FALSE) -> #N/A | T21: =VLOOKUP($B21,$R$3:$X$9,3,FALSE) -> #N/A | U21: =VLOOKUP($B21,$R$3:$X$9,4,FALSE) -> #N/A | V21: =VLOOKUP($B21,$R$3:$X$9,5,FALSE) -> #N/A | W21: =VLOOKUP($B21,$R$3:$X$9,6,FALSE) -> #N/A | X21: =VLOOKUP($B21,$R$3:$X$9,7,FALSE) -> #N/A | Y21: =VLOOKUP($B21,$R$3:$Z$9,8,FALSE) -> #N/A | Z21: =VLOOKUP($B21,$R$3:$Z$9,9,FALSE) -> #N/A
I22: GUINNESS | M22: =AVERAGE([5]Brewhouse!$AU$16:$AU$23,[5]Brewhouse!$AU$25:$AU$32,[5]Brewhouse!$AU$34:$AU$41,[5]Brewhouse!$AU$43:$AU$55) -> 96.793457 | N22: 98 | R22: =B22 -> 0 | S22: =VLOOKUP($B22,$R$3:$X$9,2,FALSE) -> #N/A | T22: =VLOOKUP($B22,$R$3:$X$9,3,FALSE) -> #N/A | U22: =VLOOKUP($B22,$R$3:$X$9,4,FALSE) -> #N/A | V22: =VLOOKUP($B22,$R$3:$X$9,5,FALSE) -> #N/A | W22: =VLOOKUP($B22,$R$3:$X$9,6,FALSE) -> #N/A | X22: =VLOOKUP($B22,$R$3:$X$9,7,FALSE) -> #N/A | Y22: =VLOOKUP($B22,$R$3:$Z$9,8,FALSE) -> #N/A | Z22: =VLOOKUP($B22,$R$3:$Z$9,9,FALSE) -> #N/A
I23: VITAMALT | M23: =AVERAGE([6]Brewhouse!$AV$23:$AV$34,[6]Brewhouse!$AV$36,[6]Brewhouse!$AV$38:$AV$52,[6]Brewhouse!$AV$54:$AV$60,[6]Brewhouse!$AV$62:$AV$68) -> 97.579195 | N23: 98 | R23: =B23 -> 0 | S23: =VLOOKUP($B23,$R$3:$X$9,2,FALSE) -> #N/A | T23: =VLOOKUP($B23,$R$3:$X$9,3,FALSE) -> #N/A | U23: =VLOOKUP($B23,$R$3:$X$9,4,FALSE) -> #N/A | V23: =VLOOKUP($B23,$R$3:$X$9,5,FALSE) -> #N/A | W23: =VLOOKUP($B23,$R$3:$X$9,6,FALSE) -> #N/A | X23: =VLOOKUP($B23,$R$3:$X$9,7,FALSE) -> #N/A | Y23: =VLOOKUP($B23,$R$3:$Z$9,8,FALSE) -> #N/A | Z23: =VLOOKUP($B23,$R$3:$Z$9,9,FALSE) -> #N/A
I24: MAXIMALT | N24: 98 | R24: =B24 -> 0 | S24: =VLOOKUP($B24,$R$3:$X$9,2,FALSE) -> #N/A | T24: =VLOOKUP($B24,$R$3:$X$9,3,FALSE) -> #N/A | U24: =VLOOKUP($B24,$R$3:$X$9,4,FALSE) -> #N/A | V24: =VLOOKUP($B24,$R$3:$X$9,5,FALSE) -> #N/A | W24: =VLOOKUP($B24,$R$3:$X$9,6,FALSE) -> #N/A | X24: =VLOOKUP($B24,$R$3:$X$9,7,FALSE) -> #N/A | Y24: =VLOOKUP($B24,$R$3:$Z$9,8,FALSE) -> #N/A | Z24: =VLOOKUP($B24,$R$3:$Z$9,9,FALSE) -> #N/A
I25: MACKESON | M25: =AVERAGE([7]Brewhouse!$AT$4:$AT$11,[7]Brewhouse!$AT$13:$AT$16) -> 91.538375 | N25: 98 | R25: =B25 -> 0 | S25: =VLOOKUP($B25,$R$3:$X$9,2,FALSE) -> #N/A | T25: =VLOOKUP($B25,$R$3:$X$9,3,FALSE) -> #N/A | U25: =VLOOKUP($B25,$R$3:$X$9,4,FALSE) -> #N/A | V25: =VLOOKUP($B25,$R$3:$X$9,5,FALSE) -> #N/A | W25: =VLOOKUP($B25,$R$3:$X$9,6,FALSE) -> #N/A | X25: =VLOOKUP($B25,$R$3:$X$9,7,FALSE) -> #N/A | Y25: =VLOOKUP($B25,$R$3:$Z$9,8,FALSE) -> #N/A | Z25: =VLOOKUP($B25,$R$3:$Z$9,9,FALSE) -> #N/A
I26: STARMALT | M26: =AVERAGE([8]Brewhouse!$AY$5:$AY$14,[8]Brewhouse!$AY$16:$AY$23,[8]Brewhouse!$AY$42,[8]Brewhouse!$AY$44:$AY$51,[8]Brewhouse!$AY$53:$AY$64) -> 97.35935 | N26: 98 | R26: =B26 -> 0 | S26: =VLOOKUP($B26,$R$3:$X$9,2,FALSE) -> #N/A | T26: =VLOOKUP($B26,$R$3:$X$9,3,FALSE) -> #N/A | U26: =VLOOKUP($B26,$R$3:$X$9,4,FALSE) -> #N/A | V26: =VLOOKUP($B26,$R$3:$X$9,5,FALSE) -> #N/A | W26: =VLOOKUP($B26,$R$3:$X$9,6,FALSE) -> #N/A | X26: =VLOOKUP($B26,$R$3:$X$9,7,FALSE) -> #N/A | Y26: =VLOOKUP($B26,$R$3:$Z$9,8,FALSE) -> #N/A | Z26: =VLOOKUP($B26,$R$3:$Z$9,9,FALSE) -> #N/A
I27: HR- Pils | N27: 98 | R27: =B27 -> 0 | S27: =VLOOKUP($B27,$R$3:$X$9,2,FALSE) -> #N/A | T27: =VLOOKUP($B27,$R$3:$X$9,3,FALSE) -> #N/A | U27: =VLOOKUP($B27,$R$3:$X$9,4,FALSE) -> #N/A | V27: =VLOOKUP($B27,$R$3:$X$9,5,FALSE) -> #N/A | W27: =VLOOKUP($B27,$R$3:$X$9,6,FALSE) -> #N/A | X27: =VLOOKUP($B27,$R$3:$X$9,7,FALSE) -> #N/A | Y27: =VLOOKUP($B27,$R$3:$Z$9,8,FALSE) -> #N/A | Z27: =VLOOKUP($B27,$R$3:$Z$9,9,FALSE) -> #N/A
I28: HR- IPA | N28: 98 | R28: =B28 -> 0 | S28: =VLOOKUP($B28,$R$3:$X$9,2,FALSE) -> #N/A | T28: =VLOOKUP($B28,$R$3:$X$9,3,FALSE) -> #N/A | U28: =VLOOKUP($B28,$R$3:$X$9,4,FALSE) -> #N/A | V28: =VLOOKUP($B28,$R$3:$X$9,5,FALSE) -> #N/A | W28: =VLOOKUP($B28,$R$3:$X$9,6,FALSE) -> #N/A | X28: =VLOOKUP($B28,$R$3:$X$9,7,FALSE) -> #N/A | Y28: =VLOOKUP($B28,$R$3:$Z$9,8,FALSE) -> #N/A | Z28: =VLOOKUP($B28,$R$3:$Z$9,9,FALSE) -> #N/A
I29: HR- APA | N29: 98 | R29: =B29 -> 0 | S29: =VLOOKUP($B29,$R$3:$X$9,2,FALSE) -> #N/A | T29: =VLOOKUP($B29,$R$3:$X$9,3,FALSE) -> #N/A | U29: =VLOOKUP($B29,$R$3:$X$9,4,FALSE) -> #N/A | V29: =VLOOKUP($B29,$R$3:$X$9,5,FALSE) -> #N/A | W29: =VLOOKUP($B29,$R$3:$X$9,6,FALSE) -> #N/A | X29: =VLOOKUP($B29,$R$3:$X$9,7,FALSE) -> #N/A | Y29: =VLOOKUP($B29,$R$3:$Z$9,8,FALSE) -> #N/A | Z29: =VLOOKUP($B29,$R$3:$Z$9,9,FALSE) -> #N/A
K30: =SUM(K20:K29) -> 4 | L30: =((L20*K20)+(L21*K21)+(L22*K22)+(L23*K23)+(L24*K24)+(K27*L27)+(L25*K25)+(L26*K26)+(L29*K29))/(K30) -> 97.923972 | M30: =AVERAGE('[9]Jan30th-31st'!$L$42,L30) -> 97.876007 | N30: 98 | R30: =B30 -> 0 | S30: =VLOOKUP($B30,$R$3:$X$9,2,FALSE) -> #N/A | T30: =VLOOKUP($B30,$R$3:$X$9,3,FALSE) -> #N/A | U30: =VLOOKUP($B30,$R$3:$X$9,4,FALSE) -> #N/A | V30: =VLOOKUP($B30,$R$3:$X$9,5,FALSE) -> #N/A | W30: =VLOOKUP($B30,$R$3:$X$9,6,FALSE) -> #N/A | X30: =VLOOKUP($B30,$R$3:$X$9,7,FALSE) -> #N/A | Y30: =VLOOKUP($B30,$R$3:$Z$9,8,FALSE) -> #N/A | Z30: =VLOOKUP($B30,$R$3:$Z$9,9,FALSE) -> #N/A
R31: =B31 -> 0 | S31: =VLOOKUP($B31,$R$3:$X$9,2,FALSE) -> #N/A | T31: =VLOOKUP($B31,$R$3:$X$9,3,FALSE) -> #N/A | U31: =VLOOKUP($B31,$R$3:$X$9,4,FALSE) -> #N/A | V31: =VLOOKUP($B31,$R$3:$X$9,5,FALSE) -> #N/A | W31: =VLOOKUP($B31,$R$3:$X$9,6,FALSE) -> #N/A | X31: =VLOOKUP($B31,$R$3:$X$9,7,FALSE) -> #N/A | Y31: =VLOOKUP($B31,$R$3:$Z$9,8,FALSE) -> #N/A | Z31: =VLOOKUP($B31,$R$3:$Z$9,9,FALSE) -> #N/A
J32: Daily Brewing Plan
J33: Brand | K33: Brews Achieved | L33: Average Brews per day
J34: CARIB | K34: 3 | L34: MTD | M34: YTD | N34: TARGET
J35: STAG | L35: =AVERAGE(K44) -> 3 | M35: =AVERAGE('[9]Jan30th-31st'!$L$47,L35,'[10]Feb 26th '!$L$39,'[11]Mar 31st'!$L$47,'[12]Apr 30th'!$L$46,'[13]May 29th '!$L$40) -> 5.7713109 | N35: 9.2
J36: GUINN
J37: VITAMALT
J38: STARMALT
J39: MACKESON
J40: HURRICANE REEF- IPA
J41: HURRICANE REEF- APA
B42: AVERAGE | J42: HR- PILSNER
J43: CARIBE
J44: Total | K44: =SUM(K34:K43) -> 3
B45: Process: | C45: Fermentation/Filtration
B47: Brand | C47: Filt. Date | D47: FV Hls | E47: GFE/ Prim/ Vita Blend (Hls) | F47: SV Hls | G47: BBT Hls | H47: Loss (%) Ferm | I47: Loss (%) Filt | J47: Comments | K47: Throughput | L47: Process Loss (%) | M47: Filt. Operator
AB48: 43474 | AC48: 43475 | AD48: 43476 | AE48: 43477 | AF48: 43478 | AG48: 43479 | AH48: 43480 | AI48: 43481 | AJ48: 43482 | AK48: 43483 | AL48: 43484 | AM48: 43485 | AN48: 43486 | AO48: 43487 | AP48: 43488 | AQ48: 43489 | AR48: 43490 | AS48: 43491 | AT48: 43492 | AU48: 43493 | AV48: 43494 | AW48: 43495 | AX48: 43496
AB49: =[16]January_2019!L5 -> 0 | AC49: =[16]January_2019!M5 -> 0 | AD49: =[16]January_2019!N5 -> 0 | AE49: =[16]January_2019!O5 -> 0 | AF49: =[16]January_2019!P5 -> 0 | AG49: =[16]January_2019!Q5 -> 0 | AH49: =[16]January_2019!R5 -> 0 | AI49: =[16]January_2019!S5 -> 0 | ... AX49: =[16]January_2019!AH5 -> 0
AB50: =[16]January_2019!L6 -> 0 | AC50: =[16]January_2019!M6 -> 0 | AD50: =[16]January_2019!N6 -> 0 | AE50: =[16]January_2019!O6 -> 0 | AF50: =[16]January_2019!P6 -> 0 | AG50: =[16]January_2019!Q6 -> 0 | AH50: =[16]January_2019!R6 -> 0 | AI50: =[16]January_2019!S6 -> 0 | ... AX50: =[16]January_2019!AH6 -> 0
AB51: =[16]January_2019!L7 -> 285.8 | AC51: =[16]January_2019!M7 -> 508.1 | AD51: =[16]January_2019!N7 -> 0 | AE51: =[16]January_2019!O7 -> 0 | AF51: =[16]January_2019!P7 -> 109.56667 | AG51: =[16]January_2019!Q7 -> 297.65 | AH51: =[16]January_2019!R7 -> 122.3 | AI51: =[16]January_2019!S7 -> 0 | ... AX51: =[16]January_2019!AH7 -> 0
B60: Process Loss (Volume) | G60: Process Loss (Extract) | K60: Throughput
B61: Brand | C61: Actual | D61: MTD | E61: YTD | F61: Target | G61: Actual | H61: MTD | I61: YTD | J61: Target | L61: MTD | M61: YTD | N61: Target
B62: CARIB | E62: 6.5623673 | F62: 4.8 | I62: 6.268867 | J62: 4.8 | M62: 0.51130548 | N62: 1
B63: STAG | E63: 5.8230181 | F63: 4.8 | I63: 5.4655642 | J63: 4.8 | M63: 0.68713505 | N63: 1
B64: GUINN | E64: 11.435861 | F64: 5.5 | I64: 12.618852 | J64: 5.5 | M64: 0.26444408 | N64: 1
B65: VITAMALT | E65: 4.7166249 | F65: 3.3 | I65: 4.7393663 | J65: 3.3 | M65: 0.7360401 | N65: 1
B66: APA | F66: 3.3 | J66: 3 | N66: 1
B67: MACKESON | E67: 5.1541347 | F67: 5.5 | I67: 7.4989047 | J67: 5.5 | M67: 1.0201754 | N67: 1
B68: STARMALT | E68: 3.7333963 | F68: 3.3 | I68: 4.8412395 | J68: 3.3 | M68: 0.84386696 | N68: 1
B69: IPA | F69: 7.5 | J69: 7.5 | N69: 1
B70: HURRICANE REEF PILS | F70: 4.8 | J70: 4.8 | N70: 1
E71: 6.3115024 | F71: 5.5 | I71: 6.3654183 | J71: 5.5 | M71: 0.57830161 | N71: 1

Sheet June 3rd
S1: P.G. | U1: Hot Time | W1: Process Time | Y1: Cooling Time
B2: Brewing Department Daily Process Loss Report | S2: Lower | T2: Upper | U2: Lower | V2: Upper | W2: Lower | X2: Upper | Y2: Lower | Z2: Upper
R3: CARIB | S3: 11.6 | T3: 12 | U3: 0 | V3: 0.11805556 | W3: 0.22569444 | X3: 0.26388889 | Y3: 0 | Z3: 60 | AB3: HR- PISNER
B4: Date: | C4: 46174 | J4: LOT WORT COLOUR: | M4: Filter Sheets (Target 20 days) | R4: STAG | S4: 11.6 | T4: 12 | U4: 0 | V4: 0.11805556 | W4: 0.22569444 | X4: 0.26388889 | Y4: 0 | Z4: 60
M5: Double | N5: Single | R5: GUINNESS | S5: 17 | T5: 17.5 | U5: 0 | V5: 0.10763889 | W5: 0.24652778 | X5: 0.28472222 | Y5: 0 | Z5: 60
J6: MALT LOT: Lot #13 | L6: Sheet Day | R6: MACKESON | S6: 13.3 | T6: 13.5 | U6: 0 | V6: 0.12905093 | W6: 0.27430556 | X6: 0.30208333 | Y6: 0
R7: STARMALT | S7: 17 | T7: 17.4 | U7: 0 | V7: 0.13605324 | W7: 0.27430556 | X7: 0.30902778 | Y7: 0 | Z7: 85
B8: Brand | C8: Brew no. | D8: Kett. Hls | E8: Wort | F8: Cool Time(Mins) | G8: Cast. P.G. (Lab Result) | H8: Cast P.G. (Cellar Operator)-gravity | I8: Extr. Rec (77.9%) | J8: Theor. Extr. (77.5%) | K8: Boil Off /Vol. (4-6%) | L8: Boil Time | M8: Total Hot | N8: Brewing Time | O8: Operator | R8: Hurricane Reef | S8: 16.6 | T8: 17 | U8: 0 | V8: 0.12905093 | W8: 0.27430556 | X8: 0.30208333 | Y8: 0
E9: Meter (Hls) | F9: Target(< 60Mins) | M9: Time | R9: VITAMALT | S9: 14.2 | T9: 14.6 | U9: 0 | V9: 0.13905093 | W9: 0.26041667 | X9: 0.29513889 | Y9: 0 | Z9: 75
B10: CARIB | C10: =[3]Brewhouse!$A444 -> CA398 | D10: =[3]Brewhouse!$AF444 -> 51 | E10: =[3]Brewhouse!$AI444 -> 50 | F10: =[3]Brewhouse!$V444 -> 55 | G10: =[3]Brewhouse!AG444 -> 11.9 | H10: 11.8 | I10: =[3]Brewhouse!$AU444 -> 98.839319 | J10: =[3]Brewhouse!$AV444 -> 99.699127 | K10: =[3]Brewhouse!$Q444 -> 7.6296296 | L10: =[3]Brewhouse!$P444 -> 61 | M10: =[3]Brewhouse!$U444-[3]Brewhouse!$T444 -> 0.10625 | N10: =[3]Brewhouse!$Z444 -> 0.24305556 | O10: =[3]Brewhouse!$AX444 -> K. Benjamin | R10: =B10 -> CARIB | S10: =VLOOKUP($B10,$R$3:$X$9,2,FALSE) -> 11.6 | T10: =VLOOKUP($B10,$R$3:$X$9,3,FALSE) -> 12 | U10: =VLOOKUP($B10,$R$3:$X$9,4,FALSE) -> 0 | V10: =VLOOKUP($B10,$R$3:$X$9,5,FALSE) -> 0.11805556 | W10: =VLOOKUP($B10,$R$3:$X$9,6,FALSE) -> 0.22569444 | X10: =VLOOKUP($B10,$R$3:$X$9,7,FALSE) -> 0.26388889 | Y10: =VLOOKUP($B10,$R$3:$Z$9,8,FALSE) -> 0 | Z10: =VLOOKUP($B10,$R$3:$Z$9,9,FALSE) -> 60
B11: CARIB | C11: =[3]Brewhouse!$A445 -> CA399 | D11: =[3]Brewhouse!$AF445 -> 50.9 | E11: =[3]Brewhouse!$AI445 -> 50.5 | F11: =[3]Brewhouse!$V445 -> 61 | G11: =[3]Brewhouse!AG445 -> 11.9 | H11: 11.9 | I11: =[3]Brewhouse!$AU445 -> 99.827713 | J11: =[3]Brewhouse!$AV445 -> 100.69612 | K11: =[3]Brewhouse!$Q445 -> 7.8148148 | L11: =[3]Brewhouse!$P445 -> 61 | M11: =[3]Brewhouse!$U445-[3]Brewhouse!$T445 -> 0.10625 | N11: =[3]Brewhouse!$Z445 -> 0.25833333 | O11: =[3]Brewhouse!$AX445 -> K. Benjamin | R11: =B11 -> CARIB | S11: =VLOOKUP($B11,$R$3:$X$9,2,FALSE) -> 11.6 | T11: =VLOOKUP($B11,$R$3:$X$9,3,FALSE) -> 12 | U11: =VLOOKUP($B11,$R$3:$X$9,4,FALSE) -> 0 | V11: =VLOOKUP($B11,$R$3:$X$9,5,FALSE) -> 0.11805556 | W11: =VLOOKUP($B11,$R$3:$X$9,6,FALSE) -> 0.22569444 | X11: =VLOOKUP($B11,$R$3:$X$9,7,FALSE) -> 0.26388889 | Y11: =VLOOKUP($B11,$R$3:$Z$9,8,FALSE) -> 0 | Z11: =VLOOKUP($B11,$R$3:$Z$9,9,FALSE) -> 60
B12: CARIB | C12: =[3]Brewhouse!$A446 -> CA400 | D12: =[3]Brewhouse!$AF446 -> 52.1 | E12: =[3]Brewhouse!$AI446 -> 51.77 | F12: =[3]Brewhouse!$V446 -> 60 | G12: =[3]Brewhouse!AG446 -> 12 | H12: 11.9 | I12: =[3]Brewhouse!$AU446 -> 102.60535 | J12: =[3]Brewhouse!$AV446 -> 103.49821 | K12: =[3]Brewhouse!$Q446 -> 8.1700555 | L12: =[3]Brewhouse!$P446 -> 61 | M12: =[3]Brewhouse!$U446-[3]Brewhouse!$T446 -> 0.11111111 | N12: =[3]Brewhouse!$Z446 -> 0.26319444 | O12: =[3]Brewhouse!$AX446 -> K. Benjamin | R12: =B12 -> CARIB | S12: =VLOOKUP($B12,$R$3:$X$9,2,FALSE) -> 11.6 | T12: =VLOOKUP($B12,$R$3:$X$9,3,FALSE) -> 12 | U12: =VLOOKUP($B12,$R$3:$X$9,4,FALSE) -> 0 | V12: =VLOOKUP($B12,$R$3:$X$9,5,FALSE) -> 0.11805556 | W12: =VLOOKUP($B12,$R$3:$X$9,6,FALSE) -> 0.22569444 | X12: =VLOOKUP($B12,$R$3:$X$9,7,FALSE) -> 0.26388889 | Y12: =VLOOKUP($B12,$R$3:$Z$9,8,FALSE) -> 0 | Z12: =VLOOKUP($B12,$R$3:$Z$9,9,FALSE) -> 60
B13: CARIB | C13: =[3]Brewhouse!$A447 -> CA401 | D13: =[3]Brewhouse!$AF447 -> 52.6 | E13: =[3]Brewhouse!$AI447 -> 53.3 | F13: =[3]Brewhouse!$V447 -> 65 | G13: =[3]Brewhouse!AG447 -> 11.6 | H13: 11.8 | I13: =[3]Brewhouse!$AU447 -> 101.06395 | J13: =[3]Brewhouse!$AV447 -> 101.9438 | K13: =[3]Brewhouse!$Q447 -> 6.5064695 | L13: =[3]Brewhouse!$P447 -> 62 | M13: =[3]Brewhouse!$U447-[3]Brewhouse!$T447 -> 0.11388889 | N13: =[3]Brewhouse!$Z447 -> 0.30625 | O13: =[3]Brewhouse!$AX447 -> R. Regis | R13: =B13 -> CARIB | S13: =VLOOKUP($B13,$R$3:$X$9,2,FALSE) -> 11.6 | T13: =VLOOKUP($B13,$R$3:$X$9,3,FALSE) -> 12 | U13: =VLOOKUP($B13,$R$3:$X$9,4,FALSE) -> 0 | V13: =VLOOKUP($B13,$R$3:$X$9,5,FALSE) -> 0.11805556 | W13: =VLOOKUP($B13,$R$3:$X$9,6,FALSE) -> 0.22569444 | X13: =VLOOKUP($B13,$R$3:$X$9,7,FALSE) -> 0.26388889 | Y13: =VLOOKUP($B13,$R$3:$Z$9,8,FALSE) -> 0 | Z13: =VLOOKUP($B13,$R$3:$Z$9,9,FALSE) -> 60
B14: CARIB | C14: =[3]Brewhouse!$A448 -> CA402 | D14: =[3]Brewhouse!$AF448 -> 50.9 | E14: =[3]Brewhouse!$AI448 -> 50.83 | F14: =[3]Brewhouse!$V448 -> 64 | G14: =[3]Brewhouse!AG448 -> 11.8 | H14: 11.7 | I14: =[3]Brewhouse!$AU448 -> 99.592276 | J14: =[3]Brewhouse!$AV448 -> 100.45863 | K14: =[3]Brewhouse!$Q448 -> 8.7245841 | L14: =[3]Brewhouse!$P448 -> 59 | M14: =[3]Brewhouse!$U448-[3]Brewhouse!$T448 -> 0.10902778 | N14: =[3]Brewhouse!$Z448 -> 0.275 | O14: =[3]Brewhouse!$AX448 -> R. Regis | R14: =B14 -> CARIB | S14: =VLOOKUP($B14,$R$3:$X$9,2,FALSE) -> 11.6 | T14: =VLOOKUP($B14,$R$3:$X$9,3,FALSE) -> 12 | U14: =VLOOKUP($B14,$R$3:$X$9,4,FALSE) -> 0 | V14: =VLOOKUP($B14,$R$3:$X$9,5,FALSE) -> 0.11805556 | W14: =VLOOKUP($B14,$R$3:$X$9,6,FALSE) -> 0.22569444 | X14: =VLOOKUP($B14,$R$3:$X$9,7,FALSE) -> 0.26388889 | Y14: =VLOOKUP($B14,$R$3:$Z$9,8,FALSE) -> 0 | Z14: =VLOOKUP($B14,$R$3:$Z$9,9,FALSE) -> 60
R15: =B15 -> 0 | S15: =VLOOKUP($B15,$R$3:$X$9,2,FALSE) -> #N/A | T15: =VLOOKUP($B15,$R$3:$X$9,3,FALSE) -> #N/A | U15: =VLOOKUP($B15,$R$3:$X$9,4,FALSE) -> #N/A | V15: =VLOOKUP($B15,$R$3:$X$9,5,FALSE) -> #N/A | W15: =VLOOKUP($B15,$R$3:$X$9,6,FALSE) -> #N/A | X15: =VLOOKUP($B15,$R$3:$X$9,7,FALSE) -> #N/A | Y15: =VLOOKUP($B15,$R$3:$Z$9,8,FALSE) -> #N/A | Z15: =VLOOKUP($B15,$R$3:$Z$9,9,FALSE) -> #N/A
B16: GUINNESS | C16: =[5]Brewhouse!$A62 -> GU043 | D16: =[5]Brewhouse!$AF62 -> 49.9 | E16: =[5]Brewhouse!$AI62 -> 49 | F16: =[5]Brewhouse!$V62 -> 57 | G16: =[5]Brewhouse!$AG62 -> 17.4 | H16: 17.3 | I16: =[5]Brewhouse!$AU62 -> 93.161813 | J16: =[5]Brewhouse!$AV62 -> 93.861712 | K16: =[5]Brewhouse!$R62 -> 14.224599 | L16: =[5]Brewhouse!$O62 -> 55 | M16: =[5]Brewhouse!$U62-[5]Brewhouse!$T62 -> 0.12013889 | N16: =[5]Brewhouse!$Z62 -> 0.27777778 | O16: =[5]Brewhouse!$AW62 -> R. Sookram | R16: =B16 -> GUINNESS | S16: =VLOOKUP($B16,$R$3:$X$9,2,FALSE) -> 17 | T16: =VLOOKUP($B16,$R$3:$X$9,3,FALSE) -> 17.5 | U16: =VLOOKUP($B16,$R$3:$X$9,4,FALSE) -> 0 | V16: =VLOOKUP($B16,$R$3:$X$9,5,FALSE) -> 0.10763889 | W16: =VLOOKUP($B16,$R$3:$X$9,6,FALSE) -> 0.24652778 | X16: =VLOOKUP($B16,$R$3:$X$9,7,FALSE) -> 0.28472222 | Y16: =VLOOKUP($B16,$R$3:$Z$9,8,FALSE) -> 0 | Z16: =VLOOKUP($B16,$R$3:$Z$9,9,FALSE) -> 60
B17: GUINNESS | C17: =[5]Brewhouse!$A63 -> GU044 | D17: =[5]Brewhouse!$AF63 -> 50.5 | E17: =[5]Brewhouse!$AI63 -> 49.4 | F17: =[5]Brewhouse!$V63 -> 59 | G17: =[5]Brewhouse!$AG63 -> 17.4 | H17: 17.7 | I17: =[5]Brewhouse!$AU63 -> 94.223464 | J17: =[5]Brewhouse!$AV63 -> 94.930841 | K17: =[5]Brewhouse!$R63 -> 12.285714 | L17: =[5]Brewhouse!$O63 -> 58 | M17: =[5]Brewhouse!$U63-[5]Brewhouse!$T63 -> 0.11875 | N17: =[5]Brewhouse!$Z63 -> 0.27708333 | O17: =[5]Brewhouse!$AW63 -> R. Sookram | R17: =B17 -> GUINNESS | S17: =VLOOKUP($B17,$R$3:$X$9,2,FALSE) -> 17 | T17: =VLOOKUP($B17,$R$3:$X$9,3,FALSE) -> 17.5 | U17: =VLOOKUP($B17,$R$3:$X$9,4,FALSE) -> 0 | V17: =VLOOKUP($B17,$R$3:$X$9,5,FALSE) -> 0.10763889 | W17: =VLOOKUP($B17,$R$3:$X$9,6,FALSE) -> 0.24652778 | X17: =VLOOKUP($B17,$R$3:$X$9,7,FALSE) -> 0.28472222 | Y17: =VLOOKUP($B17,$R$3:$Z$9,8,FALSE) -> 0 | Z17: =VLOOKUP($B17,$R$3:$Z$9,9,FALSE) -> 60
B18: GUINNESS | C18: =[5]Brewhouse!$A64 -> GU045 | D18: =[5]Brewhouse!$AF64 -> 51.9 | E18: =[5]Brewhouse!$AI64 -> 50.7 | F18: =[5]Brewhouse!$V64 -> 55 | G18: =[5]Brewhouse!$AG64 -> 17.4 | H18: 17.4 | I18: =[5]Brewhouse!$AU64 -> 96.163448 | J18: =[5]Brewhouse!$AV64 -> 96.886276 | K18: =[5]Brewhouse!$R64 -> 12.821429 | L18: =[5]Brewhouse!$O64 -> 61 | M18: =[5]Brewhouse!$U64-[5]Brewhouse!$T64 -> 0.11666667 | N18: =[5]Brewhouse!$Z64 -> 0.27430556 | O18: =[5]Brewhouse!$AW64 -> R. Sookram | R18: =B18 -> GUINNESS | S18: =VLOOKUP($B18,$R$3:$X$9,2,FALSE) -> 17 | T18: =VLOOKUP($B18,$R$3:$X$9,3,FALSE) -> 17.5 | U18: =VLOOKUP($B18,$R$3:$X$9,4,FALSE) -> 0 | V18: =VLOOKUP($B18,$R$3:$X$9,5,FALSE) -> 0.10763889 | W18: =VLOOKUP($B18,$R$3:$X$9,6,FALSE) -> 0.24652778 | X18: =VLOOKUP($B18,$R$3:$X$9,7,FALSE) -> 0.28472222 | Y18: =VLOOKUP($B18,$R$3:$Z$9,8,FALSE) -> 0 | Z18: =VLOOKUP($B18,$R$3:$Z$9,9,FALSE) -> 60
R19: =B19 -> 0 | S19: =VLOOKUP($B19,$R$3:$X$9,2,FALSE) -> #N/A | T19: =VLOOKUP($B19,$R$3:$X$9,3,FALSE) -> #N/A | U19: =VLOOKUP($B19,$R$3:$X$9,4,FALSE) -> #N/A | V19: =VLOOKUP($B19,$R$3:$X$9,5,FALSE) -> #N/A | W19: =VLOOKUP($B19,$R$3:$X$9,6,FALSE) -> #N/A | X19: =VLOOKUP($B19,$R$3:$X$9,7,FALSE) -> #N/A | Y19: =VLOOKUP($B19,$R$3:$Z$9,8,FALSE) -> #N/A | Z19: =VLOOKUP($B19,$R$3:$Z$9,9,FALSE) -> #N/A
R20: =B20 -> 0 | S20: =VLOOKUP($B20,$R$3:$X$9,2,FALSE) -> #N/A | T20: =VLOOKUP($B20,$R$3:$X$9,3,FALSE) -> #N/A | U20: =VLOOKUP($B20,$R$3:$X$9,4,FALSE) -> #N/A | V20: =VLOOKUP($B20,$R$3:$X$9,5,FALSE) -> #N/A | W20: =VLOOKUP($B20,$R$3:$X$9,6,FALSE) -> #N/A | X20: =VLOOKUP($B20,$R$3:$X$9,7,FALSE) -> #N/A | Y20: =VLOOKUP($B20,$R$3:$Z$9,8,FALSE) -> #N/A | Z20: =VLOOKUP($B20,$R$3:$Z$9,9,FALSE) -> #N/A
R21: =B21 -> 0 | S21: =VLOOKUP($B21,$R$3:$X$9,2,FALSE) -> #N/A | T21: =VLOOKUP($B21,$R$3:$X$9,3,FALSE) -> #N/A | U21: =VLOOKUP($B21,$R$3:$X$9,4,FALSE) -> #N/A | V21: =VLOOKUP($B21,$R$3:$X$9,5,FALSE) -> #N/A | W21: =VLOOKUP($B21,$R$3:$X$9,6,FALSE) -> #N/A | X21: =VLOOKUP($B21,$R$3:$X$9,7,FALSE) -> #N/A | Y21: =VLOOKUP($B21,$R$3:$Z$9,8,FALSE) -> #N/A | Z21: =VLOOKUP($B21,$R$3:$Z$9,9,FALSE) -> #N/A
R22: =B22 -> 0 | S22: =VLOOKUP($B22,$R$3:$X$9,2,FALSE) -> #N/A | T22: =VLOOKUP($B22,$R$3:$X$9,3,FALSE) -> #N/A | U22: =VLOOKUP($B22,$R$3:$X$9,4,FALSE) -> #N/A | V22: =VLOOKUP($B22,$R$3:$X$9,5,FALSE) -> #N/A | W22: =VLOOKUP($B22,$R$3:$X$9,6,FALSE) -> #N/A | X22: =VLOOKUP($B22,$R$3:$X$9,7,FALSE) -> #N/A | Y22: =VLOOKUP($B22,$R$3:$Z$9,8,FALSE) -> #N/A | Z22: =VLOOKUP($B22,$R$3:$Z$9,9,FALSE) -> #N/A
R23: =B23 -> 0 | S23: =VLOOKUP($B23,$R$3:$X$9,2,FALSE) -> #N/A | T23: =VLOOKUP($B23,$R$3:$X$9,3,FALSE) -> #N/A | U23: =VLOOKUP($B23,$R$3:$X$9,4,FALSE) -> #N/A | V23: =VLOOKUP($B23,$R$3:$X$9,5,FALSE) -> #N/A | W23: =VLOOKUP($B23,$R$3:$X$9,6,FALSE) -> #N/A | X23: =VLOOKUP($B23,$R$3:$X$9,7,FALSE) -> #N/A | Y23: =VLOOKUP($B23,$R$3:$Z$9,8,FALSE) -> #N/A | Z23: =VLOOKUP($B23,$R$3:$Z$9,9,FALSE) -> #N/A
R24: =B24 -> 0 | S24: =VLOOKUP($B24,$R$3:$X$9,2,FALSE) -> #N/A | T24: =VLOOKUP($B24,$R$3:$X$9,3,FALSE) -> #N/A | U24: =VLOOKUP($B24,$R$3:$X$9,4,FALSE) -> #N/A | V24: =VLOOKUP($B24,$R$3:$X$9,5,FALSE) -> #N/A | W24: =VLOOKUP($B24,$R$3:$X$9,6,FALSE) -> #N/A | X24: =VLOOKUP($B24,$R$3:$X$9,7,FALSE) -> #N/A | Y24: =VLOOKUP($B24,$R$3:$Z$9,8,FALSE) -> #N/A | Z24: =VLOOKUP($B24,$R$3:$Z$9,9,FALSE) -> #N/A
R25: =B25 -> 0 | S25: =VLOOKUP($B25,$R$3:$X$9,2,FALSE) -> #N/A | T25: =VLOOKUP($B25,$R$3:$X$9,3,FALSE) -> #N/A | U25: =VLOOKUP($B25,$R$3:$X$9,4,FALSE) -> #N/A | V25: =VLOOKUP($B25,$R$3:$X$9,5,FALSE) -> #N/A | W25: =VLOOKUP($B25,$R$3:$X$9,6,FALSE) -> #N/A | X25: =VLOOKUP($B25,$R$3:$X$9,7,FALSE) -> #N/A | Y25: =VLOOKUP($B25,$R$3:$Z$9,8,FALSE) -> #N/A | Z25: =VLOOKUP($B25,$R$3:$Z$9,9,FALSE) -> #N/A
R26: =B26 -> 0 | S26: =VLOOKUP($B26,$R$3:$X$9,2,FALSE) -> #N/A | T26: =VLOOKUP($B26,$R$3:$X$9,3,FALSE) -> #N/A | U26: =VLOOKUP($B26,$R$3:$X$9,4,FALSE) -> #N/A | V26: =VLOOKUP($B26,$R$3:$X$9,5,FALSE) -> #N/A | W26: =VLOOKUP($B26,$R$3:$X$9,6,FALSE) -> #N/A | X26: =VLOOKUP($B26,$R$3:$X$9,7,FALSE) -> #N/A | Y26: =VLOOKUP($B26,$R$3:$Z$9,8,FALSE) -> #N/A | Z26: =VLOOKUP($B26,$R$3:$Z$9,9,FALSE) -> #N/A
B27: BRAND | D27: BBT P.G./ O.G | I27: Brand | K27: MTD No. of Brews | L27: MTD | M27: YTD | N27: Target | R27: =B27 -> BRAND | S27: =VLOOKUP($B27,$R$3:$X$9,2,FALSE) -> #N/A | T27: =VLOOKUP($B27,$R$3:$X$9,3,FALSE) -> #N/A | U27: =VLOOKUP($B27,$R$3:$X$9,4,FALSE) -> #N/A | V27: =VLOOKUP($B27,$R$3:$X$9,5,FALSE) -> #N/A | W27: =VLOOKUP($B27,$R$3:$X$9,6,FALSE) -> #N/A | X27: =VLOOKUP($B27,$R$3:$X$9,7,FALSE) -> #N/A | Y27: =VLOOKUP($B27,$R$3:$Z$9,8,FALSE) -> #N/A | Z27: =VLOOKUP($B27,$R$3:$Z$9,9,FALSE) -> #N/A
I28: CARIB | J28: =AVERAGE(I10:I14) -> 100.38572 | K28: =COUNTA([3]Brewhouse!$A$441:$A$448) -> 8 | L28: =AVERAGE([3]Brewhouse!$AU$441:$AU$448) -> 99.348147 | M28: =AVERAGE([3]Brewhouse!$AU$42:$AU$123,[3]Brewhouse!$AU$125:$AU$188,[3]Brewhouse!$AU$198:$AU$290,[3]Brewhouse!$AU$292:$AU$370,[3]Brewhouse!$AU$372:$AU$439,[3]Brewhouse!$AU$441:$AU$448) -> 98.002583 | N28: 98 | R28: =B28 -> 0 | S28: =VLOOKUP($B28,$R$3:$X$9,2,FALSE) -> #N/A | T28: =VLOOKUP($B28,$R$3:$X$9,3,FALSE) -> #N/A | U28: =VLOOKUP($B28,$R$3:$X$9,4,FALSE) -> #N/A | V28: =VLOOKUP($B28,$R$3:$X$9,5,FALSE) -> #N/A | W28: =VLOOKUP($B28,$R$3:$X$9,6,FALSE) -> #N/A | X28: =VLOOKUP($B28,$R$3:$X$9,7,FALSE) -> #N/A | Y28: =VLOOKUP($B28,$R$3:$Z$9,8,FALSE) -> #N/A | Z28: =VLOOKUP($B28,$R$3:$Z$9,9,FALSE) -> #N/A
I29: STAG | M29: =AVERAGE([4]Brewhouse!$AS$52:$AS$81,[4]Brewhouse!$AS$83:$AS$124,[4]Brewhouse!$AS$134:$AS$177,[4]Brewhouse!$AS$22:$AS$179,[4]Brewhouse!$AS$214:$AS$248) -> 97.973401 | N29: 98 | R29: =B29 -> 0 | S29: =VLOOKUP($B29,$R$3:$X$9,2,FALSE) -> #N/A | T29: =VLOOKUP($B29,$R$3:$X$9,3,FALSE) -> #N/A | U29: =VLOOKUP($B29,$R$3:$X$9,4,FALSE) -> #N/A | V29: =VLOOKUP($B29,$R$3:$X$9,5,FALSE) -> #N/A | W29: =VLOOKUP($B29,$R$3:$X$9,6,FALSE) -> #N/A | X29: =VLOOKUP($B29,$R$3:$X$9,7,FALSE) -> #N/A | Y29: =VLOOKUP($B29,$R$3:$Z$9,8,FALSE) -> #N/A | Z29: =VLOOKUP($B29,$R$3:$Z$9,9,FALSE) -> #N/A
I30: GUINNESS | J30: =AVERAGE(I16:I18) -> 94.516242 | K30: =COUNTA([5]Brewhouse!$A$62:$A$64) -> 3 | L30: =AVERAGE([5]Brewhouse!$AU$62:$AU$64) -> 94.516242 | M30: =AVERAGE([5]Brewhouse!$AU$16:$AU$23,[5]Brewhouse!$AU$25:$AU$32,[5]Brewhouse!$AU$34:$AU$41,[5]Brewhouse!$AU$43:$AU$60,[5]Brewhouse!$AU$62:$AU$64) -> 96.73262 | N30: 98 | R30: =B30 -> 0 | S30: =VLOOKUP($B30,$R$3:$X$9,2,FALSE) -> #N/A | T30: =VLOOKUP($B30,$R$3:$X$9,3,FALSE) -> #N/A | U30: =VLOOKUP($B30,$R$3:$X$9,4,FALSE) -> #N/A | V30: =VLOOKUP($B30,$R$3:$X$9,5,FALSE) -> #N/A | W30: =VLOOKUP($B30,$R$3:$X$9,6,FALSE) -> #N/A | X30: =VLOOKUP($B30,$R$3:$X$9,7,FALSE) -> #N/A | Y30: =VLOOKUP($B30,$R$3:$Z$9,8,FALSE) -> #N/A | Z30: =VLOOKUP($B30,$R$3:$Z$9,9,FALSE) -> #N/A
I31: VITAMALT | M31: =AVERAGE([6]Brewhouse!$AV$23:$AV$34,[6]Brewhouse!$AV$36,[6]Brewhouse!$AV$38:$AV$52,[6]Brewhouse!$AV$54:$AV$60,[6]Brewhouse!$AV$62:$AV$68) -> 97.579195 | N31: 98 | R31: =B31 -> 0 | S31: =VLOOKUP($B31,$R$3:$X$9,2,FALSE) -> #N/A | T31: =VLOOKUP($B31,$R$3:$X$9,3,FALSE) -> #N/A | U31: =VLOOKUP($B31,$R$3:$X$9,4,FALSE) -> #N/A | V31: =VLOOKUP($B31,$R$3:$X$9,5,FALSE) -> #N/A | W31: =VLOOKUP($B31,$R$3:$X$9,6,FALSE) -> #N/A | X31: =VLOOKUP($B31,$R$3:$X$9,7,FALSE) -> #N/A | Y31: =VLOOKUP($B31,$R$3:$Z$9,8,FALSE) -> #N/A | Z31: =VLOOKUP($B31,$R$3:$Z$9,9,FALSE) -> #N/A
I32: MAXIMALT | N32: 98 | R32: =B32 -> 0 | S32: =VLOOKUP($B32,$R$3:$X$9,2,FALSE) -> #N/A | T32: =VLOOKUP($B32,$R$3:$X$9,3,FALSE) -> #N/A | U32: =VLOOKUP($B32,$R$3:$X$9,4,FALSE) -> #N/A | V32: =VLOOKUP($B32,$R$3:$X$9,5,FALSE) -> #N/A | W32: =VLOOKUP($B32,$R$3:$X$9,6,FALSE) -> #N/A | X32: =VLOOKUP($B32,$R$3:$X$9,7,FALSE) -> #N/A | Y32: =VLOOKUP($B32,$R$3:$Z$9,8,FALSE) -> #N/A | Z32: =VLOOKUP($B32,$R$3:$Z$9,9,FALSE) -> #N/A
I33: MACKESON | M33: =AVERAGE([7]Brewhouse!$AT$4:$AT$11,[7]Brewhouse!$AT$13:$AT$16) -> 91.538375 | N33: 98 | R33: =B33 -> 0 | S33: =VLOOKUP($B33,$R$3:$X$9,2,FALSE) -> #N/A | T33: =VLOOKUP($B33,$R$3:$X$9,3,FALSE) -> #N/A | U33: =VLOOKUP($B33,$R$3:$X$9,4,FALSE) -> #N/A | V33: =VLOOKUP($B33,$R$3:$X$9,5,FALSE) -> #N/A | W33: =VLOOKUP($B33,$R$3:$X$9,6,FALSE) -> #N/A | X33: =VLOOKUP($B33,$R$3:$X$9,7,FALSE) -> #N/A | Y33: =VLOOKUP($B33,$R$3:$Z$9,8,FALSE) -> #N/A | Z33: =VLOOKUP($B33,$R$3:$Z$9,9,FALSE) -> #N/A
I34: STARMALT | M34: =AVERAGE([8]Brewhouse!$AY$5:$AY$14,[8]Brewhouse!$AY$16:$AY$23,[8]Brewhouse!$AY$42,[8]Brewhouse!$AY$44:$AY$51,[8]Brewhouse!$AY$53:$AY$64) -> 97.35935 | N34: 98 | R34: =B34 -> 0 | S34: =VLOOKUP($B34,$R$3:$X$9,2,FALSE) -> #N/A | T34: =VLOOKUP($B34,$R$3:$X$9,3,FALSE) -> #N/A | U34: =VLOOKUP($B34,$R$3:$X$9,4,FALSE) -> #N/A | V34: =VLOOKUP($B34,$R$3:$X$9,5,FALSE) -> #N/A | W34: =VLOOKUP($B34,$R$3:$X$9,6,FALSE) -> #N/A | X34: =VLOOKUP($B34,$R$3:$X$9,7,FALSE) -> #N/A | Y34: =VLOOKUP($B34,$R$3:$Z$9,8,FALSE) -> #N/A | Z34: =VLOOKUP($B34,$R$3:$Z$9,9,FALSE) -> #N/A
I35: HR- Pils | N35: 98 | R35: =B35 -> 0 | S35: =VLOOKUP($B35,$R$3:$X$9,2,FALSE) -> #N/A | T35: =VLOOKUP($B35,$R$3:$X$9,3,FALSE) -> #N/A | U35: =VLOOKUP($B35,$R$3:$X$9,4,FALSE) -> #N/A | V35: =VLOOKUP($B35,$R$3:$X$9,5,FALSE) -> #N/A | W35: =VLOOKUP($B35,$R$3:$X$9,6,FALSE) -> #N/A | X35: =VLOOKUP($B35,$R$3:$X$9,7,FALSE) -> #N/A | Y35: =VLOOKUP($B35,$R$3:$Z$9,8,FALSE) -> #N/A | Z35: =VLOOKUP($B35,$R$3:$Z$9,9,FALSE) -> #N/A
I36: HR- IPA | N36: 98 | R36: =B36 -> 0 | S36: =VLOOKUP($B36,$R$3:$X$9,2,FALSE) -> #N/A | T36: =VLOOKUP($B36,$R$3:$X$9,3,FALSE) -> #N/A | U36: =VLOOKUP($B36,$R$3:$X$9,4,FALSE) -> #N/A | V36: =VLOOKUP($B36,$R$3:$X$9,5,FALSE) -> #N/A | W36: =VLOOKUP($B36,$R$3:$X$9,6,FALSE) -> #N/A | X36: =VLOOKUP($B36,$R$3:$X$9,7,FALSE) -> #N/A | Y36: =VLOOKUP($B36,$R$3:$Z$9,8,FALSE) -> #N/A | Z36: =VLOOKUP($B36,$R$3:$Z$9,9,FALSE) -> #N/A
I37: HR- APA | N37: 98 | R37: =B37 -> 0 | S37: =VLOOKUP($B37,$R$3:$X$9,2,FALSE) -> #N/A | T37: =VLOOKUP($B37,$R$3:$X$9,3,FALSE) -> #N/A | U37: =VLOOKUP($B37,$R$3:$X$9,4,FALSE) -> #N/A | V37: =VLOOKUP($B37,$R$3:$X$9,5,FALSE) -> #N/A | W37: =VLOOKUP($B37,$R$3:$X$9,6,FALSE) -> #N/A | X37: =VLOOKUP($B37,$R$3:$X$9,7,FALSE) -> #N/A | Y37: =VLOOKUP($B37,$R$3:$Z$9,8,FALSE) -> #N/A | Z37: =VLOOKUP($B37,$R$3:$Z$9,9,FALSE) -> #N/A
K38: =SUM(K28:K37) -> 11 | L38: =((L28*K28)+(L29*K29)+(L30*K30)+(L31*K31)+(L32*K32)+(K35*L35)+(L33*K33)+(L34*K34)+(L37*K37))/(K38) -> 98.030354 | M38: =AVERAGE('[9]Jan30th-31st'!$L$42,L38) -> 97.929198 | N38: 98 | R38: =B38 -> 0 | S38: =VLOOKUP($B38,$R$3:$X$9,2,FALSE) -> #N/A | T38: =VLOOKUP($B38,$R$3:$X$9,3,FALSE) -> #N/A | U38: =VLOOKUP($B38,$R$3:$X$9,4,FALSE) -> #N/A | V38: =VLOOKUP($B38,$R$3:$X$9,5,FALSE) -> #N/A | W38: =VLOOKUP($B38,$R$3:$X$9,6,FALSE) -> #N/A | X38: =VLOOKUP($B38,$R$3:$X$9,7,FALSE) -> #N/A | Y38: =VLOOKUP($B38,$R$3:$Z$9,8,FALSE) -> #N/A | Z38: =VLOOKUP($B38,$R$3:$Z$9,9,FALSE) -> #N/A
R39: =B39 -> 0 | S39: =VLOOKUP($B39,$R$3:$X$9,2,FALSE) -> #N/A | T39: =VLOOKUP($B39,$R$3:$X$9,3,FALSE) -> #N/A | U39: =VLOOKUP($B39,$R$3:$X$9,4,FALSE) -> #N/A | V39: =VLOOKUP($B39,$R$3:$X$9,5,FALSE) -> #N/A | W39: =VLOOKUP($B39,$R$3:$X$9,6,FALSE) -> #N/A | X39: =VLOOKUP($B39,$R$3:$X$9,7,FALSE) -> #N/A | Y39: =VLOOKUP($B39,$R$3:$Z$9,8,FALSE) -> #N/A | Z39: =VLOOKUP($B39,$R$3:$Z$9,9,FALSE) -> #N/A
J40: Daily Brewing Plan
J41: Brand | K41: Brews Achieved | L41: Average Brews per day
J42: CARIB | K42: 5 | L42: MTD | M42: YTD | N42: TARGET
J43: STAG | L43: =AVERAGE('June 2nd'!K44,K52) -> 5.5 | M43: =AVERAGE('[9]Jan30th-31st'!$L$47,L43,'[10]Feb 26th '!$L$39,'[11]Mar 31st'!$L$47,'[12]Apr 30th'!$L$46,'[13]May 29th '!$L$40) -> 6.1879776 | N43: 9.2
J44: GUINN | K44: 3
J45: VITAMALT
J46: STARMALT
J47: MACKESON
J48: HURRICANE REEF- IPA
J49: HURRICANE REEF- APA
B50: AVERAGE | J50: HR- PILSNER
J51: CARIBE
J52: Total | K52: =SUM(K42:K51) -> 8
B53: Process: | C53: Fermentation/Filtration
B55: Brand | C55: Filt. Date | D55: FV Hls | E55: GFE/ Prim/ Vita Blend (Hls) | F55: SV Hls | G55: BBT Hls | H55: Loss (%) Ferm | I55: Loss (%) Filt | J55: Comments | K55: Throughput | L55: Process Loss (%) | M55: Filt. Operator
AB56: 43474 | AC56: 43475 | AD56: 43476 | AE56: 43477 | AF56: 43478 | AG56: 43479 | AH56: 43480 | AI56: 43481 | AJ56: 43482 | AK56: 43483 | AL56: 43484 | AM56: 43485 | AN56: 43486 | AO56: 43487 | AP56: 43488 | AQ56: 43489 | AR56: 43490 | AS56: 43491 | AT56: 43492 | AU56: 43493 | AV56: 43494 | AW56: 43495 | AX56: 43496
AB57: =[16]January_2019!L5 -> 0 | AC57: =[16]January_2019!M5 -> 0 | AD57: =[16]January_2019!N5 -> 0 | AE57: =[16]January_2019!O5 -> 0 | AF57: =[16]January_2019!P5 -> 0 | AG57: =[16]January_2019!Q5 -> 0 | AH57: =[16]January_2019!R5 -> 0 | AI57: =[16]January_2019!S5 -> 0 | ... AX57: =[16]January_2019!AH5 -> 0
AB58: =[16]January_2019!L6 -> 0 | AC58: =[16]January_2019!M6 -> 0 | AD58: =[16]January_2019!N6 -> 0 | AE58: =[16]January_2019!O6 -> 0 | AF58: =[16]January_2019!P6 -> 0 | AG58: =[16]January_2019!Q6 -> 0 | AH58: =[16]January_2019!R6 -> 0 | AI58: =[16]January_2019!S6 -> 0 | ... AX58: =[16]January_2019!AH6 -> 0
AB59: =[16]January_2019!L7 -> 285.8 | AC59: =[16]January_2019!M7 -> 508.1 | AD59: =[16]January_2019!N7 -> 0 | AE59: =[16]January_2019!O7 -> 0 | AF59: =[16]January_2019!P7 -> 109.56667 | AG59: =[16]January_2019!Q7 -> 297.65 | AH59: =[16]January_2019!R7 -> 122.3 | AI59: =[16]January_2019!S7 -> 0 | ... AX59: =[16]January_2019!AH7 -> 0
B68: Process Loss (Volume) | G68: Process Loss (Extract) | K68: Throughput
B69: Brand | C69: Actual | D69: MTD | E69: YTD | F69: Target | G69: Actual | H69: MTD | I69: YTD | J69: Target | L69: MTD | M69: YTD | N69: Target
B70: CARIB | E70: 6.5623673 | F70: 4.8 | I70: 6.268867 | J70: 4.8 | M70: 0.51130548 | N70: 1
B71: STAG | E71: 5.8230181 | F71: 4.8 | I71: 5.4655642 | J71: 4.8 | M71: 0.68713505 | N71: 1
B72: GUINN | E72: 11.435861 | F72: 5.5 | I72: 12.618852 | J72: 5.5 | M72: 0.26444408 | N72: 1
B73: VITAMALT | E73: 4.7166249 | F73: 3.3 | I73: 4.7393663 | J73: 3.3 | M73: 0.7360401 | N73: 1
B74: APA | F74: 3.3 | J74: 3 | N74: 1
B75: MACKESON | E75: 5.1541347 | F75: 5.5 | I75: 7.4989047 | J75: 5.5 | M75: 1.0201754 | N75: 1
B76: STARMALT | E76: 3.7333963 | F76: 3.3 | I76: 4.8412395 | J76: 3.3 | M76: 0.84386696 | N76: 1
B77: IPA | F77: 7.5 | J77: 7.5 | N77: 1
B78: HURRICANE REEF PILS | F78: 4.8 | J78: 4.8 | N78: 1
E79: 6.3115024 | F79: 5.5 | I79: 6.3654183 | J79: 5.5 | M79: 0.57830161 | N79: 1

Sheet June 4th
S1: P.G. | U1: Hot Time | W1: Process Time | Y1: Cooling Time
B2: Brewing Department Daily Process Loss Report | S2: Lower | T2: Upper | U2: Lower | V2: Upper | W2: Lower | X2: Upper | Y2: Lower | Z2: Upper
R3: CARIB | S3: 11.6 | T3: 12 | U3: 0 | V3: 0.11805556 | W3: 0.22569444 | X3: 0.26388889 | Y3: 0 | Z3: 60 | AB3: HR- PISNER
B4: Date: | C4: 46178 | J4: LOT WORT COLOUR: | M4: Filter Sheets (Target 20 days) | R4: STAG | S4: 11.6 | T4: 12 | U4: 0 | V4: 0.11805556 | W4: 0.22569444 | X4: 0.26388889 | Y4: 0 | Z4: 60
M5: Double | N5: Single | R5: GUINNESS | S5: 17 | T5: 17.5 | U5: 0 | V5: 0.10763889 | W5: 0.24652778 | X5: 0.28472222 | Y5: 0 | Z5: 60
J6: MALT LOT: Lot #13 | L6: Sheet Day | R6: MACKESON | S6: 13.3 | T6: 13.5 | U6: 0 | V6: 0.12905093 | W6: 0.27430556 | X6: 0.30208333 | Y6: 0
R7: STARMALT | S7: 17 | T7: 17.4 | U7: 0 | V7: 0.13605324 | W7: 0.27430556 | X7: 0.30902778 | Y7: 0 | Z7: 85
B8: Brand | C8: Brew no. | D8: Kett. Hls | E8: Wort | F8: Cool Time(Mins) | G8: Cast. P.G. (Lab Result) | H8: Cast P.G. (Cellar Operator)-gravity | I8: Extr. Rec (77.9%) | J8: Theor. Extr. (77.5%) | K8: Boil Off /Vol. (4-6%) | L8: Boil Time | M8: Total Hot | N8: Brewing Time | O8: Operator | R8: Hurricane Reef | S8: 16.6 | T8: 17 | U8: 0 | V8: 0.12905093 | W8: 0.27430556 | X8: 0.30208333 | Y8: 0
E9: Meter (Hls) | F9: Target(< 60Mins) | M9: Time | R9: VITAMALT | S9: 14.2 | T9: 14.6 | U9: 0 | V9: 0.13905093 | W9: 0.26041667 | X9: 0.29513889 | Y9: 0 | Z9: 75
B10: GUINNESS | C10: =[5]Brewhouse!$A65 -> GU046 | D10: =[5]Brewhouse!$AF65 -> 51.3 | E10: =[5]Brewhouse!$AI65 -> 50.3 | F10: =[5]Brewhouse!$V65 -> 60 | G10: =[5]Brewhouse!$AG65 -> 17.2 | H10: 17.5 | I10: =[5]Brewhouse!$AU65 -> 94.716056 | J10: =[5]Brewhouse!$AV65 -> 95.389393 | K10: =[5]Brewhouse!$R65 -> 12.464286 | L10: =[5]Brewhouse!$O65 -> 60 | M10: =[5]Brewhouse!$U65-[5]Brewhouse!$T65 -> 0.11736111 | N10: =[5]Brewhouse!$Z65 -> 0.27430556 | O10: =[5]Brewhouse!$AW65 -> K. Benjamin | R10: =B10 -> GUINNESS | S10: =VLOOKUP($B10,$R$3:$X$9,2,FALSE) -> 17 | T10: =VLOOKUP($B10,$R$3:$X$9,3,FALSE) -> 17.5 | U10: =VLOOKUP($B10,$R$3:$X$9,4,FALSE) -> 0 | V10: =VLOOKUP($B10,$R$3:$X$9,5,FALSE) -> 0.10763889 | W10: =VLOOKUP($B10,$R$3:$X$9,6,FALSE) -> 0.24652778 | X10: =VLOOKUP($B10,$R$3:$X$9,7,FALSE) -> 0.28472222 | Y10: =VLOOKUP($B10,$R$3:$Z$9,8,FALSE) -> 0 | Z10: =VLOOKUP($B10,$R$3:$Z$9,9,FALSE) -> 60
B11: GUINNESS | C11: =[5]Brewhouse!$A66 -> GU047 | D11: =[5]Brewhouse!$AF66 -> 51.4 | E11: =[5]Brewhouse!$AI66 -> 49.3 | F11: =[5]Brewhouse!$V66 -> 58 | G11: =[5]Brewhouse!$AG66 -> 17.5 | H11: 17.4 | I11: =[5]Brewhouse!$AU66 -> 94.701981 | J11: =[5]Brewhouse!$AV66 -> 95.374981 | K11: =[5]Brewhouse!$R66 -> 11.75 | L11: =[5]Brewhouse!$O66 -> 58 | M11: =[5]Brewhouse!$U66-[5]Brewhouse!$T66 -> 0.11111111 | N11: =[5]Brewhouse!$Z66 -> 0.27361111 | O11: =[5]Brewhouse!$AW66 -> K. Benjamin | R11: =B11 -> GUINNESS | S11: =VLOOKUP($B11,$R$3:$X$9,2,FALSE) -> 17 | T11: =VLOOKUP($B11,$R$3:$X$9,3,FALSE) -> 17.5 | U11: =VLOOKUP($B11,$R$3:$X$9,4,FALSE) -> 0 | V11: =VLOOKUP($B11,$R$3:$X$9,5,FALSE) -> 0.10763889 | W11: =VLOOKUP($B11,$R$3:$X$9,6,FALSE) -> 0.24652778 | X11: =VLOOKUP($B11,$R$3:$X$9,7,FALSE) -> 0.28472222 | Y11: =VLOOKUP($B11,$R$3:$Z$9,8,FALSE) -> 0 | Z11: =VLOOKUP($B11,$R$3:$Z$9,9,FALSE) -> 60
B12: GUINNESS | C12: =[5]Brewhouse!$A67 -> GU048 | D12: =[5]Brewhouse!$AF67 -> 52.9 | E12: =[5]Brewhouse!$AI67 -> 50.1 | F12: =[5]Brewhouse!$V67 -> 61 | G12: =[5]Brewhouse!$AG67 -> 17.3 | H12: 17.4 | I12: =[5]Brewhouse!$AU67 -> 95.107716 | J12: =[5]Brewhouse!$AV67 -> 95.783599 | K12: =[5]Brewhouse!$R67 -> 15.650624 | L12: =[5]Brewhouse!$O67 -> 59 | M12: =[5]Brewhouse!$U67-[5]Brewhouse!$T67 -> 0.14166667 | N12: =[5]Brewhouse!$Z67 -> 0.30208333 | O12: =[5]Brewhouse!$AW67 -> R. Regis | R12: =B12 -> GUINNESS | S12: =VLOOKUP($B12,$R$3:$X$9,2,FALSE) -> 17 | T12: =VLOOKUP($B12,$R$3:$X$9,3,FALSE) -> 17.5 | U12: =VLOOKUP($B12,$R$3:$X$9,4,FALSE) -> 0 | V12: =VLOOKUP($B12,$R$3:$X$9,5,FALSE) -> 0.10763889 | W12: =VLOOKUP($B12,$R$3:$X$9,6,FALSE) -> 0.24652778 | X12: =VLOOKUP($B12,$R$3:$X$9,7,FALSE) -> 0.28472222 | Y12: =VLOOKUP($B12,$R$3:$Z$9,8,FALSE) -> 0 | Z12: =VLOOKUP($B12,$R$3:$Z$9,9,FALSE) -> 60
B13: GUINNESS | C13: =[5]Brewhouse!$A68 -> GU049 | D13: =[5]Brewhouse!$AF68 -> 54 | E13: =[5]Brewhouse!$AI68 -> 52.8 | F13: =[5]Brewhouse!$V68 -> 64 | G13: =[5]Brewhouse!$AG68 -> 17.2 | H13: 16.9 | I13: =[5]Brewhouse!$AU68 -> 99.423614 | J13: =[5]Brewhouse!$AV68 -> 100.13042 | K13: =[5]Brewhouse!$R68 -> 9.9465241 | L13: =[5]Brewhouse!$O68 -> 58 | M13: =[5]Brewhouse!$U68-[5]Brewhouse!$T68 -> 0.11666667 | N13: =[5]Brewhouse!$Z68 -> 0.29375 | O13: =[5]Brewhouse!$AW68 -> R. Regis | R13: =B13 -> GUINNESS | S13: =VLOOKUP($B13,$R$3:$X$9,2,FALSE) -> 17 | T13: =VLOOKUP($B13,$R$3:$X$9,3,FALSE) -> 17.5 | U13: =VLOOKUP($B13,$R$3:$X$9,4,FALSE) -> 0 | V13: =VLOOKUP($B13,$R$3:$X$9,5,FALSE) -> 0.10763889 | W13: =VLOOKUP($B13,$R$3:$X$9,6,FALSE) -> 0.24652778 | X13: =VLOOKUP($B13,$R$3:$X$9,7,FALSE) -> 0.28472222 | Y13: =VLOOKUP($B13,$R$3:$Z$9,8,FALSE) -> 0 | Z13: =VLOOKUP($B13,$R$3:$Z$9,9,FALSE) -> 60
B14: GUINNESS | C14: =[5]Brewhouse!$A69 -> GU050 | D14: =[5]Brewhouse!$AF69 -> 53.2 | E14: =[5]Brewhouse!$AI69 -> 52.5 | F14: =[5]Brewhouse!$V69 -> 63 | G14: =[5]Brewhouse!$AG69 -> 17.3 | H14: 17 | I14: =[5]Brewhouse!$AU69 -> 99.424513 | J14: =[5]Brewhouse!$AV69 -> 100.13145 | K14: =[5]Brewhouse!$R69 -> 11.729055 | L14: =[5]Brewhouse!$O69 -> 56 | M14: =[5]Brewhouse!$U69-[5]Brewhouse!$T69 -> 0.11458333 | N14: =[5]Brewhouse!$Z69 -> 0.26805556 | O14: =[5]Brewhouse!$AW69 -> R. Regis | R14: =B14 -> GUINNESS | S14: =VLOOKUP($B14,$R$3:$X$9,2,FALSE) -> 17 | T14: =VLOOKUP($B14,$R$3:$X$9,3,FALSE) -> 17.5 | U14: =VLOOKUP($B14,$R$3:$X$9,4,FALSE) -> 0 | V14: =VLOOKUP($B14,$R$3:$X$9,5,FALSE) -> 0.10763889 | W14: =VLOOKUP($B14,$R$3:$X$9,6,FALSE) -> 0.24652778 | X14: =VLOOKUP($B14,$R$3:$X$9,7,FALSE) -> 0.28472222 | Y14: =VLOOKUP($B14,$R$3:$Z$9,8,FALSE) -> 0 | Z14: =VLOOKUP($B14,$R$3:$Z$9,9,FALSE) -> 60
R15: =B15 -> 0 | S15: =VLOOKUP($B15,$R$3:$X$9,2,FALSE) -> #N/A | T15: =VLOOKUP($B15,$R$3:$X$9,3,FALSE) -> #N/A | U15: =VLOOKUP($B15,$R$3:$X$9,4,FALSE) -> #N/A | V15: =VLOOKUP($B15,$R$3:$X$9,5,FALSE) -> #N/A | W15: =VLOOKUP($B15,$R$3:$X$9,6,FALSE) -> #N/A | X15: =VLOOKUP($B15,$R$3:$X$9,7,FALSE) -> #N/A | Y15: =VLOOKUP($B15,$R$3:$Z$9,8,FALSE) -> #N/A | Z15: =VLOOKUP($B15,$R$3:$Z$9,9,FALSE) -> #N/A
R16: =B16 -> 0 | S16: =VLOOKUP($B16,$R$3:$X$9,2,FALSE) -> #N/A | T16: =VLOOKUP($B16,$R$3:$X$9,3,FALSE) -> #N/A | U16: =VLOOKUP($B16,$R$3:$X$9,4,FALSE) -> #N/A | V16: =VLOOKUP($B16,$R$3:$X$9,5,FALSE) -> #N/A | W16: =VLOOKUP($B16,$R$3:$X$9,6,FALSE) -> #N/A | X16: =VLOOKUP($B16,$R$3:$X$9,7,FALSE) -> #N/A | Y16: =VLOOKUP($B16,$R$3:$Z$9,8,FALSE) -> #N/A | Z16: =VLOOKUP($B16,$R$3:$Z$9,9,FALSE) -> #N/A
R17: =B17 -> 0 | S17: =VLOOKUP($B17,$R$3:$X$9,2,FALSE) -> #N/A | T17: =VLOOKUP($B17,$R$3:$X$9,3,FALSE) -> #N/A | U17: =VLOOKUP($B17,$R$3:$X$9,4,FALSE) -> #N/A | V17: =VLOOKUP($B17,$R$3:$X$9,5,FALSE) -> #N/A | W17: =VLOOKUP($B17,$R$3:$X$9,6,FALSE) -> #N/A | X17: =VLOOKUP($B17,$R$3:$X$9,7,FALSE) -> #N/A | Y17: =VLOOKUP($B17,$R$3:$Z$9,8,FALSE) -> #N/A | Z17: =VLOOKUP($B17,$R$3:$Z$9,9,FALSE) -> #N/A
R18: =B18 -> 0 | S18: =VLOOKUP($B18,$R$3:$X$9,2,FALSE) -> #N/A | T18: =VLOOKUP($B18,$R$3:$X$9,3,FALSE) -> #N/A | U18: =VLOOKUP($B18,$R$3:$X$9,4,FALSE) -> #N/A | V18: =VLOOKUP($B18,$R$3:$X$9,5,FALSE) -> #N/A | W18: =VLOOKUP($B18,$R$3:$X$9,6,FALSE) -> #N/A | X18: =VLOOKUP($B18,$R$3:$X$9,7,FALSE) -> #N/A | Y18: =VLOOKUP($B18,$R$3:$Z$9,8,FALSE) -> #N/A | Z18: =VLOOKUP($B18,$R$3:$Z$9,9,FALSE) -> #N/A
R19: =B19 -> 0 | S19: =VLOOKUP($B19,$R$3:$X$9,2,FALSE) -> #N/A | T19: =VLOOKUP($B19,$R$3:$X$9,3,FALSE) -> #N/A | U19: =VLOOKUP($B19,$R$3:$X$9,4,FALSE) -> #N/A | V19: =VLOOKUP($B19,$R$3:$X$9,5,FALSE) -> #N/A | W19: =VLOOKUP($B19,$R$3:$X$9,6,FALSE) -> #N/A | X19: =VLOOKUP($B19,$R$3:$X$9,7,FALSE) -> #N/A | Y19: =VLOOKUP($B19,$R$3:$Z$9,8,FALSE) -> #N/A | Z19: =VLOOKUP($B19,$R$3:$Z$9,9,FALSE) -> #N/A
R20: =B20 -> 0 | S20: =VLOOKUP($B20,$R$3:$X$9,2,FALSE) -> #N/A | T20: =VLOOKUP($B20,$R$3:$X$9,3,FALSE) -> #N/A | U20: =VLOOKUP($B20,$R$3:$X$9,4,FALSE) -> #N/A | V20: =VLOOKUP($B20,$R$3:$X$9,5,FALSE) -> #N/A | W20: =VLOOKUP($B20,$R$3:$X$9,6,FALSE) -> #N/A | X20: =VLOOKUP($B20,$R$3:$X$9,7,FALSE) -> #N/A | Y20: =VLOOKUP($B20,$R$3:$Z$9,8,FALSE) -> #N/A | Z20: =VLOOKUP($B20,$R$3:$Z$9,9,FALSE) -> #N/A
R21: =B21 -> 0 | S21: =VLOOKUP($B21,$R$3:$X$9,2,FALSE) -> #N/A | T21: =VLOOKUP($B21,$R$3:$X$9,3,FALSE) -> #N/A | U21: =VLOOKUP($B21,$R$3:$X$9,4,FALSE) -> #N/A | V21: =VLOOKUP($B21,$R$3:$X$9,5,FALSE) -> #N/A | W21: =VLOOKUP($B21,$R$3:$X$9,6,FALSE) -> #N/A | X21: =VLOOKUP($B21,$R$3:$X$9,7,FALSE) -> #N/A | Y21: =VLOOKUP($B21,$R$3:$Z$9,8,FALSE) -> #N/A | Z21: =VLOOKUP($B21,$R$3:$Z$9,9,FALSE) -> #N/A
B22: BRAND | D22: BBT P.G./ O.G | I22: Brand | K22: MTD No. of Brews | L22: MTD | M22: YTD | N22: Target | R22: =B22 -> BRAND | S22: =VLOOKUP($B22,$R$3:$X$9,2,FALSE) -> #N/A | T22: =VLOOKUP($B22,$R$3:$X$9,3,FALSE) -> #N/A | U22: =VLOOKUP($B22,$R$3:$X$9,4,FALSE) -> #N/A | V22: =VLOOKUP($B22,$R$3:$X$9,5,FALSE) -> #N/A | W22: =VLOOKUP($B22,$R$3:$X$9,6,FALSE) -> #N/A | X22: =VLOOKUP($B22,$R$3:$X$9,7,FALSE) -> #N/A | Y22: =VLOOKUP($B22,$R$3:$Z$9,8,FALSE) -> #N/A | Z22: =VLOOKUP($B22,$R$3:$Z$9,9,FALSE) -> #N/A
I23: CARIB | K23: =COUNTA([3]Brewhouse!$A$441:$A$448) -> 8 | L23: =AVERAGE([3]Brewhouse!$AU$441:$AU$448) -> 99.348147 | M23: =AVERAGE([3]Brewhouse!$AU$42:$AU$123,[3]Brewhouse!$AU$125:$AU$188,[3]Brewhouse!$AU$198:$AU$290,[3]Brewhouse!$AU$292:$AU$370,[3]Brewhouse!$AU$372:$AU$439,[3]Brewhouse!$AU$441:$AU$448) -> 98.002583 | N23: 98 | R23: =B23 -> 0 | S23: =VLOOKUP($B23,$R$3:$X$9,2,FALSE) -> #N/A | T23: =VLOOKUP($B23,$R$3:$X$9,3,FALSE) -> #N/A | U23: =VLOOKUP($B23,$R$3:$X$9,4,FALSE) -> #N/A | V23: =VLOOKUP($B23,$R$3:$X$9,5,FALSE) -> #N/A | W23: =VLOOKUP($B23,$R$3:$X$9,6,FALSE) -> #N/A | X23: =VLOOKUP($B23,$R$3:$X$9,7,FALSE) -> #N/A | Y23: =VLOOKUP($B23,$R$3:$Z$9,8,FALSE) -> #N/A | Z23: =VLOOKUP($B23,$R$3:$Z$9,9,FALSE) -> #N/A
I24: STAG | M24: =AVERAGE([4]Brewhouse!$AS$52:$AS$81,[4]Brewhouse!$AS$83:$AS$124,[4]Brewhouse!$AS$134:$AS$177,[4]Brewhouse!$AS$22:$AS$179,[4]Brewhouse!$AS$214:$AS$248) -> 97.973401 | N24: 98 | R24: =B24 -> 0 | S24: =VLOOKUP($B24,$R$3:$X$9,2,FALSE) -> #N/A | T24: =VLOOKUP($B24,$R$3:$X$9,3,FALSE) -> #N/A | U24: =VLOOKUP($B24,$R$3:$X$9,4,FALSE) -> #N/A | V24: =VLOOKUP($B24,$R$3:$X$9,5,FALSE) -> #N/A | W24: =VLOOKUP($B24,$R$3:$X$9,6,FALSE) -> #N/A | X24: =VLOOKUP($B24,$R$3:$X$9,7,FALSE) -> #N/A | Y24: =VLOOKUP($B24,$R$3:$Z$9,8,FALSE) -> #N/A | Z24: =VLOOKUP($B24,$R$3:$Z$9,9,FALSE) -> #N/A
I25: GUINNESS | J25: =AVERAGE(I10:I14) -> 96.674776 | K25: =COUNTA([5]Brewhouse!$A$62:$A$69) -> 8 | L25: =AVERAGE([5]Brewhouse!$AU$62:$AU$69) -> 95.865326 | M25: =AVERAGE([5]Brewhouse!$AU$16:$AU$23,[5]Brewhouse!$AU$25:$AU$32,[5]Brewhouse!$AU$34:$AU$41,[5]Brewhouse!$AU$43:$AU$60,[5]Brewhouse!$AU$62:$AU$69) -> 96.726836 | N25: 98 | R25: =B25 -> 0 | S25: =VLOOKUP($B25,$R$3:$X$9,2,FALSE) -> #N/A | T25: =VLOOKUP($B25,$R$3:$X$9,3,FALSE) -> #N/A | U25: =VLOOKUP($B25,$R$3:$X$9,4,FALSE) -> #N/A | V25: =VLOOKUP($B25,$R$3:$X$9,5,FALSE) -> #N/A | W25: =VLOOKUP($B25,$R$3:$X$9,6,FALSE) -> #N/A | X25: =VLOOKUP($B25,$R$3:$X$9,7,FALSE) -> #N/A | Y25: =VLOOKUP($B25,$R$3:$Z$9,8,FALSE) -> #N/A | Z25: =VLOOKUP($B25,$R$3:$Z$9,9,FALSE) -> #N/A
I26: VITAMALT | M26: =AVERAGE([6]Brewhouse!$AV$23:$AV$34,[6]Brewhouse!$AV$36,[6]Brewhouse!$AV$38:$AV$52,[6]Brewhouse!$AV$54:$AV$60,[6]Brewhouse!$AV$62:$AV$68) -> 97.579195 | N26: 98 | R26: =B26 -> 0 | S26: =VLOOKUP($B26,$R$3:$X$9,2,FALSE) -> #N/A | T26: =VLOOKUP($B26,$R$3:$X$9,3,FALSE) -> #N/A | U26: =VLOOKUP($B26,$R$3:$X$9,4,FALSE) -> #N/A | V26: =VLOOKUP($B26,$R$3:$X$9,5,FALSE) -> #N/A | W26: =VLOOKUP($B26,$R$3:$X$9,6,FALSE) -> #N/A | X26: =VLOOKUP($B26,$R$3:$X$9,7,FALSE) -> #N/A | Y26: =VLOOKUP($B26,$R$3:$Z$9,8,FALSE) -> #N/A | Z26: =VLOOKUP($B26,$R$3:$Z$9,9,FALSE) -> #N/A
I27: MAXIMALT | N27: 98 | R27: =B27 -> 0 | S27: =VLOOKUP($B27,$R$3:$X$9,2,FALSE) -> #N/A | T27: =VLOOKUP($B27,$R$3:$X$9,3,FALSE) -> #N/A | U27: =VLOOKUP($B27,$R$3:$X$9,4,FALSE) -> #N/A | V27: =VLOOKUP($B27,$R$3:$X$9,5,FALSE) -> #N/A | W27: =VLOOKUP($B27,$R$3:$X$9,6,FALSE) -> #N/A | X27: =VLOOKUP($B27,$R$3:$X$9,7,FALSE) -> #N/A | Y27: =VLOOKUP($B27,$R$3:$Z$9,8,FALSE) -> #N/A | Z27: =VLOOKUP($B27,$R$3:$Z$9,9,FALSE) -> #N/A
I28: MACKESON | M28: =AVERAGE([7]Brewhouse!$AT$4:$AT$11,[7]Brewhouse!$AT$13:$AT$16) -> 91.538375 | N28: 98 | R28: =B28 -> 0 | S28: =VLOOKUP($B28,$R$3:$X$9,2,FALSE) -> #N/A | T28: =VLOOKUP($B28,$R$3:$X$9,3,FALSE) -> #N/A | U28: =VLOOKUP($B28,$R$3:$X$9,4,FALSE) -> #N/A | V28: =VLOOKUP($B28,$R$3:$X$9,5,FALSE) -> #N/A | W28: =VLOOKUP($B28,$R$3:$X$9,6,FALSE) -> #N/A | X28: =VLOOKUP($B28,$R$3:$X$9,7,FALSE) -> #N/A | Y28: =VLOOKUP($B28,$R$3:$Z$9,8,FALSE) -> #N/A | Z28: =VLOOKUP($B28,$R$3:$Z$9,9,FALSE) -> #N/A
I29: STARMALT | M29: =AVERAGE([8]Brewhouse!$AY$5:$AY$14,[8]Brewhouse!$AY$16:$AY$23,[8]Brewhouse!$AY$42,[8]Brewhouse!$AY$44:$AY$51,[8]Brewhouse!$AY$53:$AY$64) -> 97.35935 | N29: 98 | R29: =B29 -> 0 | S29: =VLOOKUP($B29,$R$3:$X$9,2,FALSE) -> #N/A | T29: =VLOOKUP($B29,$R$3:$X$9,3,FALSE) -> #N/A | U29: =VLOOKUP($B29,$R$3:$X$9,4,FALSE) -> #N/A | V29: =VLOOKUP($B29,$R$3:$X$9,5,FALSE) -> #N/A | W29: =VLOOKUP($B29,$R$3:$X$9,6,FALSE) -> #N/A | X29: =VLOOKUP($B29,$R$3:$X$9,7,FALSE) -> #N/A | Y29: =VLOOKUP($B29,$R$3:$Z$9,8,FALSE) -> #N/A | Z29: =VLOOKUP($B29,$R$3:$Z$9,9,FALSE) -> #N/A
I30: HR- Pils | N30: 98 | R30: =B30 -> 0 | S30: =VLOOKUP($B30,$R$3:$X$9,2,FALSE) -> #N/A | T30: =VLOOKUP($B30,$R$3:$X$9,3,FALSE) -> #N/A | U30: =VLOOKUP($B30,$R$3:$X$9,4,FALSE) -> #N/A | V30: =VLOOKUP($B30,$R$3:$X$9,5,FALSE) -> #N/A | W30: =VLOOKUP($B30,$R$3:$X$9,6,FALSE) -> #N/A | X30: =VLOOKUP($B30,$R$3:$X$9,7,FALSE) -> #N/A | Y30: =VLOOKUP($B30,$R$3:$Z$9,8,FALSE) -> #N/A | Z30: =VLOOKUP($B30,$R$3:$Z$9,9,FALSE) -> #N/A
I31: HR- IPA | N31: 98 | R31: =B31 -> 0 | S31: =VLOOKUP($B31,$R$3:$X$9,2,FALSE) -> #N/A | T31: =VLOOKUP($B31,$R$3:$X$9,3,FALSE) -> #N/A | U31: =VLOOKUP($B31,$R$3:$X$9,4,FALSE) -> #N/A | V31: =VLOOKUP($B31,$R$3:$X$9,5,FALSE) -> #N/A | W31: =VLOOKUP($B31,$R$3:$X$9,6,FALSE) -> #N/A | X31: =VLOOKUP($B31,$R$3:$X$9,7,FALSE) -> #N/A | Y31: =VLOOKUP($B31,$R$3:$Z$9,8,FALSE) -> #N/A | Z31: =VLOOKUP($B31,$R$3:$Z$9,9,FALSE) -> #N/A
I32: HR- APA | N32: 98 | R32: =B32 -> 0 | S32: =VLOOKUP($B32,$R$3:$X$9,2,FALSE) -> #N/A | T32: =VLOOKUP($B32,$R$3:$X$9,3,FALSE) -> #N/A | U32: =VLOOKUP($B32,$R$3:$X$9,4,FALSE) -> #N/A | V32: =VLOOKUP($B32,$R$3:$X$9,5,FALSE) -> #N/A | W32: =VLOOKUP($B32,$R$3:$X$9,6,FALSE) -> #N/A | X32: =VLOOKUP($B32,$R$3:$X$9,7,FALSE) -> #N/A | Y32: =VLOOKUP($B32,$R$3:$Z$9,8,FALSE) -> #N/A | Z32: =VLOOKUP($B32,$R$3:$Z$9,9,FALSE) -> #N/A
K33: =SUM(K23:K32) -> 16 | L33: =((L23*K23)+(L24*K24)+(L25*K25)+(L26*K26)+(L27*K27)+(K30*L30)+(L28*K28)+(L29*K29)+(L32*K32))/(K33) -> 97.606736 | M33: =AVERAGE('[9]Jan30th-31st'!$L$42,L33) -> 97.717389 | N33: 98 | R33: =B33 -> 0 | S33: =VLOOKUP($B33,$R$3:$X$9,2,FALSE) -> #N/A | T33: =VLOOKUP($B33,$R$3:$X$9,3,FALSE) -> #N/A | U33: =VLOOKUP($B33,$R$3:$X$9,4,FALSE) -> #N/A | V33: =VLOOKUP($B33,$R$3:$X$9,5,FALSE) -> #N/A | W33: =VLOOKUP($B33,$R$3:$X$9,6,FALSE) -> #N/A | X33: =VLOOKUP($B33,$R$3:$X$9,7,FALSE) -> #N/A | Y33: =VLOOKUP($B33,$R$3:$Z$9,8,FALSE) -> #N/A | Z33: =VLOOKUP($B33,$R$3:$Z$9,9,FALSE) -> #N/A
R34: =B34 -> 0 | S34: =VLOOKUP($B34,$R$3:$X$9,2,FALSE) -> #N/A | T34: =VLOOKUP($B34,$R$3:$X$9,3,FALSE) -> #N/A | U34: =VLOOKUP($B34,$R$3:$X$9,4,FALSE) -> #N/A | V34: =VLOOKUP($B34,$R$3:$X$9,5,FALSE) -> #N/A | W34: =VLOOKUP($B34,$R$3:$X$9,6,FALSE) -> #N/A | X34: =VLOOKUP($B34,$R$3:$X$9,7,FALSE) -> #N/A | Y34: =VLOOKUP($B34,$R$3:$Z$9,8,FALSE) -> #N/A | Z34: =VLOOKUP($B34,$R$3:$Z$9,9,FALSE) -> #N/A
J35: Daily Brewing Plan
J36: Brand | K36: Brews Achieved | L36: Average Brews per day
J37: CARIB | L37: MTD | M37: YTD | N37: TARGET
J38: STAG | L38: =AVERAGE('June 2nd'!K44,'June 3rd'!K52,K47) -> 5.3333333 | M38: =AVERAGE('[9]Jan30th-31st'!$L$47,L38,'[10]Feb 26th '!$L$39,'[11]Mar 31st'!$L$47,'[12]Apr 30th'!$L$46,'[13]May 29th '!$L$40) -> 6.1601998 | N38: 9.2
J39: GUINN | K39: 5
J40: VITAMALT
J41: STARMALT
J42: MACKESON
J43: HURRICANE REEF- IPA
J44: HURRICANE REEF- APA
B45: AVERAGE | J45: HR- PILSNER
J46: CARIBE
J47: Total | K47: =SUM(K37:K46) -> 5
B48: Process: | C48: Fermentation/Filtration
B50: Brand | C50: Filt. Date | D50: FV Hls | E50: GFE/ Prim/ Vita Blend (Hls) | F50: SV Hls | G50: BBT Hls | H50: Loss (%) Ferm | I50: Loss (%) Filt | J50: Comments | K50: Throughput | L50: Process Loss (%) | M50: Filt. Operator
AB51: 43474 | AC51: 43475 | AD51: 43476 | AE51: 43477 | AF51: 43478 | AG51: 43479 | AH51: 43480 | AI51: 43481 | AJ51: 43482 | AK51: 43483 | AL51: 43484 | AM51: 43485 | AN51: 43486 | AO51: 43487 | AP51: 43488 | AQ51: 43489 | AR51: 43490 | AS51: 43491 | AT51: 43492 | AU51: 43493 | AV51: 43494 | AW51: 43495 | AX51: 43496
AB52: =[16]January_2019!L5 -> 0 | AC52: =[16]January_2019!M5 -> 0 | AD52: =[16]January_2019!N5 -> 0 | AE52: =[16]January_2019!O5 -> 0 | AF52: =[16]January_2019!P5 -> 0 | AG52: =[16]January_2019!Q5 -> 0 | AH52: =[16]January_2019!R5 -> 0 | AI52: =[16]January_2019!S5 -> 0 | ... AX52: =[16]January_2019!AH5 -> 0
AB53: =[16]January_2019!L6 -> 0 | AC53: =[16]January_2019!M6 -> 0 | AD53: =[16]January_2019!N6 -> 0 | AE53: =[16]January_2019!O6 -> 0 | AF53: =[16]January_2019!P6 -> 0 | AG53: =[16]January_2019!Q6 -> 0 | AH53: =[16]January_2019!R6 -> 0 | AI53: =[16]January_2019!S6 -> 0 | ... AX53: =[16]January_2019!AH6 -> 0
AB54: =[16]January_2019!L7 -> 285.8 | AC54: =[16]January_2019!M7 -> 508.1 | AD54: =[16]January_2019!N7 -> 0 | AE54: =[16]January_2019!O7 -> 0 | AF54: =[16]January_2019!P7 -> 109.56667 | AG54: =[16]January_2019!Q7 -> 297.65 | AH54: =[16]January_2019!R7 -> 122.3 | AI54: =[16]January_2019!S7 -> 0 | ... AX54: =[16]January_2019!AH7 -> 0
B63: Process Loss (Volume) | G63: Process Loss (Extract) | K63: Throughput
B64: Brand | C64: Actual | D64: MTD | E64: YTD | F64: Target | G64: Actual | H64: MTD | I64: YTD | J64: Target | L64: MTD | M64: YTD | N64: Target
B65: CARIB | E65: 6.5623673 | F65: 4.8 | I65: 6.268867 | J65: 4.8 | M65: 0.51130548 | N65: 1
B66: STAG | E66: 5.8230181 | F66: 4.8 | I66: 5.4655642 | J66: 4.8 | M66: 0.68713505 | N66: 1
B67: GUINN | E67: 11.435861 | F67: 5.5 | I67: 12.618852 | J67: 5.5 | M67: 0.26444408 | N67: 1
B68: VITAMALT | E68: 4.7166249 | F68: 3.3 | I68: 4.7393663 | J68: 3.3 | M68: 0.7360401 | N68: 1
B69: APA | F69: 3.3 | J69: 3 | N69: 1
B70: MACKESON | E70: 5.1541347 | F70: 5.5 | I70: 7.4989047 | J70: 5.5 | M70: 1.0201754 | N70: 1
B71: STARMALT | E71: 3.7333963 | F71: 3.3 | I71: 4.8412395 | J71: 3.3 | M71: 0.84386696 | N71: 1
B72: IPA | F72: 7.5 | J72: 7.5 | N72: 1
B73: HURRICANE REEF PILS | F73: 4.8 | J73: 4.8 | N73: 1
E74: 6.3115024 | F74: 5.5 | I74: 6.3654183 | J74: 5.5 | M74: 0.57830161 | N74: 1

Sheet June 5th
S1: P.G. | U1: Hot Time | W1: Process Time | Y1: Cooling Time
B2: Brewing Department Daily Process Loss Report | S2: Lower | T2: Upper | U2: Lower | V2: Upper | W2: Lower | X2: Upper | Y2: Lower | Z2: Upper
R3: CARIB | S3: 11.6 | T3: 12 | U3: 0 | V3: 0.11805556 | W3: 0.22569444 | X3: 0.26388889 | Y3: 0 | Z3: 60 | AB3: HR- PISNER
B4: Date: | C4: 46181 | J4: LOT WORT COLOUR: | M4: Filter Sheets (Target 20 days) | R4: STAG | S4: 11.6 | T4: 12 | U4: 0 | V4: 0.11805556 | W4: 0.22569444 | X4: 0.26388889 | Y4: 0 | Z4: 60
M5: Double | N5: Single | R5: GUINNESS | S5: 17 | T5: 17.5 | U5: 0 | V5: 0.10763889 | W5: 0.24652778 | X5: 0.28472222 | Y5: 0 | Z5: 60
J6: MALT LOT: Lot #13 | L6: Sheet Day | R6: MACKESON | S6: 13.3 | T6: 13.5 | U6: 0 | V6: 0.12905093 | W6: 0.27430556 | X6: 0.30208333 | Y6: 0
R7: STARMALT | S7: 17 | T7: 17.4 | U7: 0 | V7: 0.13605324 | W7: 0.27430556 | X7: 0.30902778 | Y7: 0 | Z7: 85
B8: Brand | C8: Brew no. | D8: Kett. Hls | E8: Wort | F8: Cool Time(Mins) | G8: Cast. P.G. (Lab Result) | H8: Cast P.G. (Cellar Operator)-gravity | I8: Extr. Rec (77.9%) | J8: Theor. Extr. (77.5%) | K8: Boil Off /Vol. (4-6%) | L8: Boil Time | M8: Total Hot | N8: Brewing Time | O8: Operator | R8: Hurricane Reef | S8: 16.6 | T8: 17 | U8: 0 | V8: 0.12905093 | W8: 0.27430556 | X8: 0.30208333 | Y8: 0
E9: Meter (Hls) | F9: Target(< 60Mins) | M9: Time | R9: VITAMALT | S9: 14.2 | T9: 14.6 | U9: 0 | V9: 0.13905093 | W9: 0.26041667 | X9: 0.29513889 | Y9: 0 | Z9: 75
B10: STAG | C10: =[4]Brewhouse!$A251 -> ST196 | D10: =[4]Brewhouse!$AB251 -> 53.1 | E10: =[4]Brewhouse!$AG251 -> 48.32 | F10: =[4]Brewhouse!$V251 -> 87 | G10: =[4]Brewhouse!$AE251 -> 11.9 | I10: =[4]Brewhouse!$AS251 -> 96.358169 | J10: =[4]Brewhouse!$AT251 -> 97.020451 | K10: =[4]Brewhouse!$Q251 -> 11.06403 | L10: =[4]Brewhouse!$P251 -> 62 | M10: =[4]Brewhouse!$U251-[4]Brewhouse!$T251 -> 0.13819444 | N10: =[4]Brewhouse!$AW251 -> 0.28402778 | O10: =[4]Brewhouse!$AV251 -> R.Regis | P10: Brew dumped | R10: =B10 -> STAG | S10: =VLOOKUP($B10,$R$3:$X$9,2,FALSE) -> 11.6 | T10: =VLOOKUP($B10,$R$3:$X$9,3,FALSE) -> 12 | U10: =VLOOKUP($B10,$R$3:$X$9,4,FALSE) -> 0 | V10: =VLOOKUP($B10,$R$3:$X$9,5,FALSE) -> 0.11805556 | W10: =VLOOKUP($B10,$R$3:$X$9,6,FALSE) -> 0.22569444 | X10: =VLOOKUP($B10,$R$3:$X$9,7,FALSE) -> 0.26388889 | Y10: =VLOOKUP($B10,$R$3:$Z$9,8,FALSE) -> 0 | Z10: =VLOOKUP($B10,$R$3:$Z$9,9,FALSE) -> 60
B11: STAG | C11: =[4]Brewhouse!$A252 -> ST197 | D11: =[4]Brewhouse!$AB252 -> 53.1 | E11: =[4]Brewhouse!$AG252 -> 49 | F11: =[4]Brewhouse!$V252 -> 64 | G11: =[4]Brewhouse!$AE252 -> 12 | H11: 12.1 | I11: =[4]Brewhouse!$AS252 -> 99.198581 | J11: =[4]Brewhouse!$AT252 -> 99.879263 | K11: =[4]Brewhouse!$Q252 -> 16.3371 | L11: =[4]Brewhouse!$P252 -> 61 | M11: =[4]Brewhouse!$U252-[4]Brewhouse!$T252 -> 0.16527778 | N11: =[4]Brewhouse!$AW252 -> 0.30208333 | O11: =[4]Brewhouse!$AV252 -> R.Regis | R11: =B11 -> STAG | S11: =VLOOKUP($B11,$R$3:$X$9,2,FALSE) -> 11.6 | T11: =VLOOKUP($B11,$R$3:$X$9,3,FALSE) -> 12 | U11: =VLOOKUP($B11,$R$3:$X$9,4,FALSE) -> 0 | V11: =VLOOKUP($B11,$R$3:$X$9,5,FALSE) -> 0.11805556 | W11: =VLOOKUP($B11,$R$3:$X$9,6,FALSE) -> 0.22569444 | X11: =VLOOKUP($B11,$R$3:$X$9,7,FALSE) -> 0.26388889 | Y11: =VLOOKUP($B11,$R$3:$Z$9,8,FALSE) -> 0 | Z11: =VLOOKUP($B11,$R$3:$Z$9,9,FALSE) -> 60
B12: STAG | C12: =[4]Brewhouse!$A253 -> ST198 | D12: =[4]Brewhouse!$AB253 -> 53.1 | E12: =[4]Brewhouse!$AG253 -> 50 | F12: =[4]Brewhouse!$V253 -> 66 | G12: =[4]Brewhouse!$AE253 -> 11.8 | H12: 11.8 | I12: =[4]Brewhouse!$AS253 -> 99.450027 | J12: =[4]Brewhouse!$AT253 -> 100.13243 | K12: =[4]Brewhouse!$Q253 -> 12.382298 | L12: =[4]Brewhouse!$P253 -> 58 | M12: =[4]Brewhouse!$U253-[4]Brewhouse!$T253 -> 0.10277778 | N12: =[4]Brewhouse!$AW253 -> 0.24097222 | O12: =[4]Brewhouse!$AV253 -> R.Sookram | R12: =B12 -> STAG | S12: =VLOOKUP($B12,$R$3:$X$9,2,FALSE) -> 11.6 | T12: =VLOOKUP($B12,$R$3:$X$9,3,FALSE) -> 12 | U12: =VLOOKUP($B12,$R$3:$X$9,4,FALSE) -> 0 | V12: =VLOOKUP($B12,$R$3:$X$9,5,FALSE) -> 0.11805556 | W12: =VLOOKUP($B12,$R$3:$X$9,6,FALSE) -> 0.22569444 | X12: =VLOOKUP($B12,$R$3:$X$9,7,FALSE) -> 0.26388889 | Y12: =VLOOKUP($B12,$R$3:$Z$9,8,FALSE) -> 0 | Z12: =VLOOKUP($B12,$R$3:$Z$9,9,FALSE) -> 60
R13: =B13 -> 0 | S13: =VLOOKUP($B13,$R$3:$X$9,2,FALSE) -> #N/A | T13: =VLOOKUP($B13,$R$3:$X$9,3,FALSE) -> #N/A | U13: =VLOOKUP($B13,$R$3:$X$9,4,FALSE) -> #N/A | V13: =VLOOKUP($B13,$R$3:$X$9,5,FALSE) -> #N/A | W13: =VLOOKUP($B13,$R$3:$X$9,6,FALSE) -> #N/A | X13: =VLOOKUP($B13,$R$3:$X$9,7,FALSE) -> #N/A | Y13: =VLOOKUP($B13,$R$3:$Z$9,8,FALSE) -> #N/A | Z13: =VLOOKUP($B13,$R$3:$Z$9,9,FALSE) -> #N/A
R14: =B14 -> 0 | S14: =VLOOKUP($B14,$R$3:$X$9,2,FALSE) -> #N/A | T14: =VLOOKUP($B14,$R$3:$X$9,3,FALSE) -> #N/A | U14: =VLOOKUP($B14,$R$3:$X$9,4,FALSE) -> #N/A | V14: =VLOOKUP($B14,$R$3:$X$9,5,FALSE) -> #N/A | W14: =VLOOKUP($B14,$R$3:$X$9,6,FALSE) -> #N/A | X14: =VLOOKUP($B14,$R$3:$X$9,7,FALSE) -> #N/A | Y14: =VLOOKUP($B14,$R$3:$Z$9,8,FALSE) -> #N/A | Z14: =VLOOKUP($B14,$R$3:$Z$9,9,FALSE) -> #N/A
R15: =B15 -> 0 | S15: =VLOOKUP($B15,$R$3:$X$9,2,FALSE) -> #N/A | T15: =VLOOKUP($B15,$R$3:$X$9,3,FALSE) -> #N/A | U15: =VLOOKUP($B15,$R$3:$X$9,4,FALSE) -> #N/A | V15: =VLOOKUP($B15,$R$3:$X$9,5,FALSE) -> #N/A | W15: =VLOOKUP($B15,$R$3:$X$9,6,FALSE) -> #N/A | X15: =VLOOKUP($B15,$R$3:$X$9,7,FALSE) -> #N/A | Y15: =VLOOKUP($B15,$R$3:$Z$9,8,FALSE) -> #N/A | Z15: =VLOOKUP($B15,$R$3:$Z$9,9,FALSE) -> #N/A
R16: =B16 -> 0 | S16: =VLOOKUP($B16,$R$3:$X$9,2,FALSE) -> #N/A | T16: =VLOOKUP($B16,$R$3:$X$9,3,FALSE) -> #N/A | U16: =VLOOKUP($B16,$R$3:$X$9,4,FALSE) -> #N/A | V16: =VLOOKUP($B16,$R$3:$X$9,5,FALSE) -> #N/A | W16: =VLOOKUP($B16,$R$3:$X$9,6,FALSE) -> #N/A | X16: =VLOOKUP($B16,$R$3:$X$9,7,FALSE) -> #N/A | Y16: =VLOOKUP($B16,$R$3:$Z$9,8,FALSE) -> #N/A | Z16: =VLOOKUP($B16,$R$3:$Z$9,9,FALSE) -> #N/A
R17: =B17 -> 0 | S17: =VLOOKUP($B17,$R$3:$X$9,2,FALSE) -> #N/A | T17: =VLOOKUP($B17,$R$3:$X$9,3,FALSE) -> #N/A | U17: =VLOOKUP($B17,$R$3:$X$9,4,FALSE) -> #N/A | V17: =VLOOKUP($B17,$R$3:$X$9,5,FALSE) -> #N/A | W17: =VLOOKUP($B17,$R$3:$X$9,6,FALSE) -> #N/A | X17: =VLOOKUP($B17,$R$3:$X$9,7,FALSE) -> #N/A | Y17: =VLOOKUP($B17,$R$3:$Z$9,8,FALSE) -> #N/A | Z17: =VLOOKUP($B17,$R$3:$Z$9,9,FALSE) -> #N/A
R18: =B18 -> 0 | S18: =VLOOKUP($B18,$R$3:$X$9,2,FALSE) -> #N/A | T18: =VLOOKUP($B18,$R$3:$X$9,3,FALSE) -> #N/A | U18: =VLOOKUP($B18,$R$3:$X$9,4,FALSE) -> #N/A | V18: =VLOOKUP($B18,$R$3:$X$9,5,FALSE) -> #N/A | W18: =VLOOKUP($B18,$R$3:$X$9,6,FALSE) -> #N/A | X18: =VLOOKUP($B18,$R$3:$X$9,7,FALSE) -> #N/A | Y18: =VLOOKUP($B18,$R$3:$Z$9,8,FALSE) -> #N/A | Z18: =VLOOKUP($B18,$R$3:$Z$9,9,FALSE) -> #N/A
R19: =B19 -> 0 | S19: =VLOOKUP($B19,$R$3:$X$9,2,FALSE) -> #N/A | T19: =VLOOKUP($B19,$R$3:$X$9,3,FALSE) -> #N/A | U19: =VLOOKUP($B19,$R$3:$X$9,4,FALSE) -> #N/A | V19: =VLOOKUP($B19,$R$3:$X$9,5,FALSE) -> #N/A | W19: =VLOOKUP($B19,$R$3:$X$9,6,FALSE) -> #N/A | X19: =VLOOKUP($B19,$R$3:$X$9,7,FALSE) -> #N/A | Y19: =VLOOKUP($B19,$R$3:$Z$9,8,FALSE) -> #N/A | Z19: =VLOOKUP($B19,$R$3:$Z$9,9,FALSE) -> #N/A
R20: =B20 -> 0 | S20: =VLOOKUP($B20,$R$3:$X$9,2,FALSE) -> #N/A | T20: =VLOOKUP($B20,$R$3:$X$9,3,FALSE) -> #N/A | U20: =VLOOKUP($B20,$R$3:$X$9,4,FALSE) -> #N/A | V20: =VLOOKUP($B20,$R$3:$X$9,5,FALSE) -> #N/A | W20: =VLOOKUP($B20,$R$3:$X$9,6,FALSE) -> #N/A | X20: =VLOOKUP($B20,$R$3:$X$9,7,FALSE) -> #N/A | Y20: =VLOOKUP($B20,$R$3:$Z$9,8,FALSE) -> #N/A | Z20: =VLOOKUP($B20,$R$3:$Z$9,9,FALSE) -> #N/A
B21: BRAND | D21: BBT P.G./ O.G | I21: Brand | K21: MTD No. of Brews | L21: MTD | M21: YTD | N21: Target | R21: =B21 -> BRAND | S21: =VLOOKUP($B21,$R$3:$X$9,2,FALSE) -> #N/A | T21: =VLOOKUP($B21,$R$3:$X$9,3,FALSE) -> #N/A | U21: =VLOOKUP($B21,$R$3:$X$9,4,FALSE) -> #N/A | V21: =VLOOKUP($B21,$R$3:$X$9,5,FALSE) -> #N/A | W21: =VLOOKUP($B21,$R$3:$X$9,6,FALSE) -> #N/A | X21: =VLOOKUP($B21,$R$3:$X$9,7,FALSE) -> #N/A | Y21: =VLOOKUP($B21,$R$3:$Z$9,8,FALSE) -> #N/A | Z21: =VLOOKUP($B21,$R$3:$Z$9,9,FALSE) -> #N/A
I22: CARIB | K22: =COUNTA([3]Brewhouse!$A$441:$A$448) -> 8 | L22: =AVERAGE([3]Brewhouse!$AU$441:$AU$448) -> 99.348147 | M22: =AVERAGE([3]Brewhouse!$AU$42:$AU$123,[3]Brewhouse!$AU$125:$AU$188,[3]Brewhouse!$AU$198:$AU$290,[3]Brewhouse!$AU$292:$AU$370,[3]Brewhouse!$AU$372:$AU$439,[3]Brewhouse!$AU$441:$AU$448) -> 98.002583 | N22: 98 | R22: =B22 -> 0 | S22: =VLOOKUP($B22,$R$3:$X$9,2,FALSE) -> #N/A | T22: =VLOOKUP($B22,$R$3:$X$9,3,FALSE) -> #N/A | U22: =VLOOKUP($B22,$R$3:$X$9,4,FALSE) -> #N/A | V22: =VLOOKUP($B22,$R$3:$X$9,5,FALSE) -> #N/A | W22: =VLOOKUP($B22,$R$3:$X$9,6,FALSE) -> #N/A | X22: =VLOOKUP($B22,$R$3:$X$9,7,FALSE) -> #N/A | Y22: =VLOOKUP($B22,$R$3:$Z$9,8,FALSE) -> #N/A | Z22: =VLOOKUP($B22,$R$3:$Z$9,9,FALSE) -> #N/A
I23: STAG | J23: =AVERAGE(I11:I12) -> 99.324304 | K23: =COUNTA([4]Brewhouse!$A$252:$A$253) -> 2 | L23: =AVERAGE([4]Brewhouse!$AS$252:$AS$253) -> 99.324304 | M23: =AVERAGE([4]Brewhouse!$AS$52:$AS$81,[4]Brewhouse!$AS$83:$AS$124,[4]Brewhouse!$AS$134:$AS$177,[4]Brewhouse!$AS$22:$AS$179,[4]Brewhouse!$AS$214:$AS$249,[4]Brewhouse!$AS$252:$AS$253) -> 97.985611 | N23: 98 | R23: =B23 -> 0 | S23: =VLOOKUP($B23,$R$3:$X$9,2,FALSE) -> #N/A | T23: =VLOOKUP($B23,$R$3:$X$9,3,FALSE) -> #N/A | U23: =VLOOKUP($B23,$R$3:$X$9,4,FALSE) -> #N/A | V23: =VLOOKUP($B23,$R$3:$X$9,5,FALSE) -> #N/A | W23: =VLOOKUP($B23,$R$3:$X$9,6,FALSE) -> #N/A | X23: =VLOOKUP($B23,$R$3:$X$9,7,FALSE) -> #N/A | Y23: =VLOOKUP($B23,$R$3:$Z$9,8,FALSE) -> #N/A | Z23: =VLOOKUP($B23,$R$3:$Z$9,9,FALSE) -> #N/A
I24: GUINNESS | K24: =COUNTA([5]Brewhouse!$A$62:$A$69) -> 8 | L24: =AVERAGE([5]Brewhouse!$AU$62:$AU$69) -> 95.865326 | M24: =AVERAGE([5]Brewhouse!$AU$16:$AU$23,[5]Brewhouse!$AU$25:$AU$32,[5]Brewhouse!$AU$34:$AU$41,[5]Brewhouse!$AU$43:$AU$60,[5]Brewhouse!$AU$62:$AU$69) -> 96.726836 | N24: 98 | R24: =B24 -> 0 | S24: =VLOOKUP($B24,$R$3:$X$9,2,FALSE) -> #N/A | T24: =VLOOKUP($B24,$R$3:$X$9,3,FALSE) -> #N/A | U24: =VLOOKUP($B24,$R$3:$X$9,4,FALSE) -> #N/A | V24: =VLOOKUP($B24,$R$3:$X$9,5,FALSE) -> #N/A | W24: =VLOOKUP($B24,$R$3:$X$9,6,FALSE) -> #N/A | X24: =VLOOKUP($B24,$R$3:$X$9,7,FALSE) -> #N/A | Y24: =VLOOKUP($B24,$R$3:$Z$9,8,FALSE) -> #N/A | Z24: =VLOOKUP($B24,$R$3:$Z$9,9,FALSE) -> #N/A
I25: VITAMALT | M25: =AVERAGE([6]Brewhouse!$AV$23:$AV$34,[6]Brewhouse!$AV$36,[6]Brewhouse!$AV$38:$AV$52,[6]Brewhouse!$AV$54:$AV$60,[6]Brewhouse!$AV$62:$AV$68) -> 97.579195 | N25: 98 | R25: =B25 -> 0 | S25: =VLOOKUP($B25,$R$3:$X$9,2,FALSE) -> #N/A | T25: =VLOOKUP($B25,$R$3:$X$9,3,FALSE) -> #N/A | U25: =VLOOKUP($B25,$R$3:$X$9,4,FALSE) -> #N/A | V25: =VLOOKUP($B25,$R$3:$X$9,5,FALSE) -> #N/A | W25: =VLOOKUP($B25,$R$3:$X$9,6,FALSE) -> #N/A | X25: =VLOOKUP($B25,$R$3:$X$9,7,FALSE) -> #N/A | Y25: =VLOOKUP($B25,$R$3:$Z$9,8,FALSE) -> #N/A | Z25: =VLOOKUP($B25,$R$3:$Z$9,9,FALSE) -> #N/A
I26: MAXIMALT | N26: 98 | R26: =B26 -> 0 | S26: =VLOOKUP($B26,$R$3:$X$9,2,FALSE) -> #N/A | T26: =VLOOKUP($B26,$R$3:$X$9,3,FALSE) -> #N/A | U26: =VLOOKUP($B26,$R$3:$X$9,4,FALSE) -> #N/A | V26: =VLOOKUP($B26,$R$3:$X$9,5,FALSE) -> #N/A | W26: =VLOOKUP($B26,$R$3:$X$9,6,FALSE) -> #N/A | X26: =VLOOKUP($B26,$R$3:$X$9,7,FALSE) -> #N/A | Y26: =VLOOKUP($B26,$R$3:$Z$9,8,FALSE) -> #N/A | Z26: =VLOOKUP($B26,$R$3:$Z$9,9,FALSE) -> #N/A
I27: MACKESON | M27: =AVERAGE([7]Brewhouse!$AT$4:$AT$11,[7]Brewhouse!$AT$13:$AT$16) -> 91.538375 | N27: 98 | R27: =B27 -> 0 | S27: =VLOOKUP($B27,$R$3:$X$9,2,FALSE) -> #N/A | T27: =VLOOKUP($B27,$R$3:$X$9,3,FALSE) -> #N/A | U27: =VLOOKUP($B27,$R$3:$X$9,4,FALSE) -> #N/A | V27: =VLOOKUP($B27,$R$3:$X$9,5,FALSE) -> #N/A | W27: =VLOOKUP($B27,$R$3:$X$9,6,FALSE) -> #N/A | X27: =VLOOKUP($B27,$R$3:$X$9,7,FALSE) -> #N/A | Y27: =VLOOKUP($B27,$R$3:$Z$9,8,FALSE) -> #N/A | Z27: =VLOOKUP($B27,$R$3:$Z$9,9,FALSE) -> #N/A
I28: STARMALT | M28: =AVERAGE([8]Brewhouse!$AY$5:$AY$14,[8]Brewhouse!$AY$16:$AY$23,[8]Brewhouse!$AY$42,[8]Brewhouse!$AY$44:$AY$51,[8]Brewhouse!$AY$53:$AY$64) -> 97.35935 | N28: 98 | R28: =B28 -> 0 | S28: =VLOOKUP($B28,$R$3:$X$9,2,FALSE) -> #N/A | T28: =VLOOKUP($B28,$R$3:$X$9,3,FALSE) -> #N/A | U28: =VLOOKUP($B28,$R$3:$X$9,4,FALSE) -> #N/A | V28: =VLOOKUP($B28,$R$3:$X$9,5,FALSE) -> #N/A | W28: =VLOOKUP($B28,$R$3:$X$9,6,FALSE) -> #N/A | X28: =VLOOKUP($B28,$R$3:$X$9,7,FALSE) -> #N/A | Y28: =VLOOKUP($B28,$R$3:$Z$9,8,FALSE) -> #N/A | Z28: =VLOOKUP($B28,$R$3:$Z$9,9,FALSE) -> #N/A
I29: HR- Pils | N29: 98 | R29: =B29 -> 0 | S29: =VLOOKUP($B29,$R$3:$X$9,2,FALSE) -> #N/A | T29: =VLOOKUP($B29,$R$3:$X$9,3,FALSE) -> #N/A | U29: =VLOOKUP($B29,$R$3:$X$9,4,FALSE) -> #N/A | V29: =VLOOKUP($B29,$R$3:$X$9,5,FALSE) -> #N/A | W29: =VLOOKUP($B29,$R$3:$X$9,6,FALSE) -> #N/A | X29: =VLOOKUP($B29,$R$3:$X$9,7,FALSE) -> #N/A | Y29: =VLOOKUP($B29,$R$3:$Z$9,8,FALSE) -> #N/A | Z29: =VLOOKUP($B29,$R$3:$Z$9,9,FALSE) -> #N/A
I30: HR- IPA | N30: 98 | R30: =B30 -> 0 | S30: =VLOOKUP($B30,$R$3:$X$9,2,FALSE) -> #N/A | T30: =VLOOKUP($B30,$R$3:$X$9,3,FALSE) -> #N/A | U30: =VLOOKUP($B30,$R$3:$X$9,4,FALSE) -> #N/A | V30: =VLOOKUP($B30,$R$3:$X$9,5,FALSE) -> #N/A | W30: =VLOOKUP($B30,$R$3:$X$9,6,FALSE) -> #N/A | X30: =VLOOKUP($B30,$R$3:$X$9,7,FALSE) -> #N/A | Y30: =VLOOKUP($B30,$R$3:$Z$9,8,FALSE) -> #N/A | Z30: =VLOOKUP($B30,$R$3:$Z$9,9,FALSE) -> #N/A
I31: HR- APA | N31: 98 | R31: =B31 -> 0 | S31: =VLOOKUP($B31,$R$3:$X$9,2,FALSE) -> #N/A | T31: =VLOOKUP($B31,$R$3:$X$9,3,FALSE) -> #N/A | U31: =VLOOKUP($B31,$R$3:$X$9,4,FALSE) -> #N/A | V31: =VLOOKUP($B31,$R$3:$X$9,5,FALSE) -> #N/A | W31: =VLOOKUP($B31,$R$3:$X$9,6,FALSE) -> #N/A | X31: =VLOOKUP($B31,$R$3:$X$9,7,FALSE) -> #N/A | Y31: =VLOOKUP($B31,$R$3:$Z$9,8,FALSE) -> #N/A | Z31: =VLOOKUP($B31,$R$3:$Z$9,9,FALSE) -> #N/A
K32: =SUM(K22:K31) -> 18 | L32: =((L22*K22)+(L23*K23)+(L24*K24)+(L25*K25)+(L26*K26)+(K29*L29)+(L27*K27)+(L28*K28)+(L31*K31))/(K32) -> 97.797577 | M32: =AVERAGE('[9]Jan30th-31st'!$L$42,L32) -> 97.812809 | N32: 98 | R32: =B32 -> 0 | S32: =VLOOKUP($B32,$R$3:$X$9,2,FALSE) -> #N/A | T32: =VLOOKUP($B32,$R$3:$X$9,3,FALSE) -> #N/A | U32: =VLOOKUP($B32,$R$3:$X$9,4,FALSE) -> #N/A | V32: =VLOOKUP($B32,$R$3:$X$9,5,FALSE) -> #N/A | W32: =VLOOKUP($B32,$R$3:$X$9,6,FALSE) -> #N/A | X32: =VLOOKUP($B32,$R$3:$X$9,7,FALSE) -> #N/A | Y32: =VLOOKUP($B32,$R$3:$Z$9,8,FALSE) -> #N/A | Z32: =VLOOKUP($B32,$R$3:$Z$9,9,FALSE) -> #N/A
R33: =B33 -> 0 | S33: =VLOOKUP($B33,$R$3:$X$9,2,FALSE) -> #N/A | T33: =VLOOKUP($B33,$R$3:$X$9,3,FALSE) -> #N/A | U33: =VLOOKUP($B33,$R$3:$X$9,4,FALSE) -> #N/A | V33: =VLOOKUP($B33,$R$3:$X$9,5,FALSE) -> #N/A | W33: =VLOOKUP($B33,$R$3:$X$9,6,FALSE) -> #N/A | X33: =VLOOKUP($B33,$R$3:$X$9,7,FALSE) -> #N/A | Y33: =VLOOKUP($B33,$R$3:$Z$9,8,FALSE) -> #N/A | Z33: =VLOOKUP($B33,$R$3:$Z$9,9,FALSE) -> #N/A
J34: Daily Brewing Plan
J35: Brand | K35: Brews Achieved | L35: Average Brews per day
J36: CARIB | L36: MTD | M36: YTD | N36: TARGET
J37: STAG | K37: 2 | L37: =AVERAGE('June 2nd'!K44,'June 3rd'!K52,'June 4th'!K47,K46) -> 4.5 | M37: =AVERAGE('[9]Jan30th-31st'!$L$47,L37,'[10]Feb 26th '!$L$39,'[11]Mar 31st'!$L$47,'[12]Apr 30th'!$L$46,'[13]May 29th '!$L$40) -> 6.0213109 | N37: 9.2
J38: GUINN
J39: VITAMALT
J40: STARMALT
J41: MACKESON
J42: HURRICANE REEF- IPA
J43: HURRICANE REEF- APA
B44: AVERAGE | J44: HR- PILSNER
J45: CARIBE
J46: Total | K46: =SUM(K36:K45) -> 2
B47: Process: | C47: Fermentation/Filtration
B49: Brand | C49: Filt. Date | D49: FV Hls | E49: GFE/ Prim/ Vita Blend (Hls) | F49: SV Hls | G49: BBT Hls | H49: Loss (%) Ferm | I49: Loss (%) Filt | J49: Comments | K49: Throughput | L49: Process Loss (%) | M49: Filt. Operator
AB50: 43474 | AC50: 43475 | AD50: 43476 | AE50: 43477 | AF50: 43478 | AG50: 43479 | AH50: 43480 | AI50: 43481 | AJ50: 43482 | AK50: 43483 | AL50: 43484 | AM50: 43485 | AN50: 43486 | AO50: 43487 | AP50: 43488 | AQ50: 43489 | AR50: 43490 | AS50: 43491 | AT50: 43492 | AU50: 43493 | AV50: 43494 | AW50: 43495 | AX50: 43496
AB51: =[16]January_2019!L5 -> 0 | AC51: =[16]January_2019!M5 -> 0 | AD51: =[16]January_2019!N5 -> 0 | AE51: =[16]January_2019!O5 -> 0 | AF51: =[16]January_2019!P5 -> 0 | AG51: =[16]January_2019!Q5 -> 0 | AH51: =[16]January_2019!R5 -> 0 | AI51: =[16]January_2019!S5 -> 0 | ... AX51: =[16]January_2019!AH5 -> 0
AB52: =[16]January_2019!L6 -> 0 | AC52: =[16]January_2019!M6 -> 0 | AD52: =[16]January_2019!N6 -> 0 | AE52: =[16]January_2019!O6 -> 0 | AF52: =[16]January_2019!P6 -> 0 | AG52: =[16]January_2019!Q6 -> 0 | AH52: =[16]January_2019!R6 -> 0 | AI52: =[16]January_2019!S6 -> 0 | ... AX52: =[16]January_2019!AH6 -> 0
AB53: =[16]January_2019!L7 -> 285.8 | AC53: =[16]January_2019!M7 -> 508.1 | AD53: =[16]January_2019!N7 -> 0 | AE53: =[16]January_2019!O7 -> 0 | AF53: =[16]January_2019!P7 -> 109.56667 | AG53: =[16]January_2019!Q7 -> 297.65 | AH53: =[16]January_2019!R7 -> 122.3 | AI53: =[16]January_2019!S7 -> 0 | ... AX53: =[16]January_2019!AH7 -> 0
B62: Process Loss (Volume) | G62: Process Loss (Extract) | K62: Throughput
B63: Brand | C63: Actual | D63: MTD | E63: YTD | F63: Target | G63: Actual | H63: MTD | I63: YTD | J63: Target | L63: MTD | M63: YTD | N63: Target
B64: CARIB | E64: 6.5623673 | F64: 4.8 | I64: 6.268867 | J64: 4.8 | M64: 0.51130548 | N64: 1
B65: STAG | E65: 5.8230181 | F65: 4.8 | I65: 5.4655642 | J65: 4.8 | M65: 0.68713505 | N65: 1
B66: GUINN | E66: 11.435861 | F66: 5.5 | I66: 12.618852 | J66: 5.5 | M66: 0.26444408 | N66: 1
B67: VITAMALT | E67: 4.7166249 | F67: 3.3 | I67: 4.7393663 | J67: 3.3 | M67: 0.7360401 | N67: 1
B68: APA | F68: 3.3 | J68: 3 | N68: 1
B69: MACKESON | E69: 5.1541347 | F69: 5.5 | I69: 7.4989047 | J69: 5.5 | M69: 1.0201754 | N69: 1
B70: STARMALT | E70: 3.7333963 | F70: 3.3 | I70: 4.8412395 | J70: 3.3 | M70: 0.84386696 | N70: 1
B71: IPA | F71: 7.5 | J71: 7.5 | N71: 1
B72: HURRICANE REEF PILS | F72: 4.8 | J72: 4.8 | N72: 1
E73: 6.3115024 | F73: 5.5 | I73: 6.3654183 | J73: 5.5 | M73: 0.57830161 | N73: 1

Sheet June 8th
S1: P.G. | U1: Hot Time | W1: Process Time | Y1: Cooling Time
B2: Brewing Department Daily Process Loss Report | S2: Lower | T2: Upper | U2: Lower | V2: Upper | W2: Lower | X2: Upper | Y2: Lower | Z2: Upper
R3: CARIB | S3: 11.6 | T3: 12 | U3: 0 | V3: 0.11805556 | W3: 0.22569444 | X3: 0.26388889 | Y3: 0 | Z3: 60 | AB3: HR- PISNER
B4: Date: | C4: 46182 | J4: LOT WORT COLOUR: | M4: Filter Sheets (Target 20 days) | R4: STAG | S4: 11.6 | T4: 12 | U4: 0 | V4: 0.11805556 | W4: 0.22569444 | X4: 0.26388889 | Y4: 0 | Z4: 60
M5: Double | N5: Single | R5: GUINNESS | S5: 17 | T5: 17.5 | U5: 0 | V5: 0.10763889 | W5: 0.24652778 | X5: 0.28472222 | Y5: 0 | Z5: 60
J6: MALT LOT: Lot #13 | L6: Sheet Day | R6: MACKESON | S6: 13.3 | T6: 13.5 | U6: 0 | V6: 0.12905093 | W6: 0.27430556 | X6: 0.30208333 | Y6: 0
R7: STARMALT | S7: 17 | T7: 17.4 | U7: 0 | V7: 0.13605324 | W7: 0.27430556 | X7: 0.30902778 | Y7: 0 | Z7: 85
B8: Brand | C8: Brew no. | D8: Kett. Hls | E8: Wort | F8: Cool Time(Mins) | G8: Cast. P.G. (Lab Result) | H8: Cast P.G. (Cellar Operator)-gravity | I8: Extr. Rec (77.9%) | J8: Theor. Extr. (77.5%) | K8: Boil Off /Vol. (4-6%) | L8: Boil Time | M8: Total Hot | N8: Brewing Time | O8: Operator | R8: Hurricane Reef | S8: 16.6 | T8: 17 | U8: 0 | V8: 0.12905093 | W8: 0.27430556 | X8: 0.30208333 | Y8: 0
E9: Meter (Hls) | F9: Target(< 60Mins) | M9: Time | R9: VITAMALT | S9: 14.2 | T9: 14.6 | U9: 0 | V9: 0.13905093 | W9: 0.26041667 | X9: 0.29513889 | Y9: 0 | Z9: 75
B10: STAG | C10: =[4]Brewhouse!$A254 -> ST199 | D10: =[4]Brewhouse!$AB254 -> 53.1 | E10: =[4]Brewhouse!$AG254 -> 48.2 | F10: =[4]Brewhouse!$V254 -> 54 | G10: =[4]Brewhouse!$AE254 -> 11.8 | H10: 11.8 | I10: =[4]Brewhouse!$AS254 -> 95.749182 | J10: =[4]Brewhouse!$AT254 -> 96.406413 | K10: =[4]Brewhouse!$Q254 -> 12.570621 | L10: =[4]Brewhouse!$P254 -> 58 | M10: =[4]Brewhouse!$U254-[4]Brewhouse!$T254 -> 0.11736111 | N10: =[4]Brewhouse!$AW254 -> 0.26527778 | O10: =[4]Brewhouse!$AV254 -> R.Sookram | R10: =B10 -> STAG | S10: =VLOOKUP($B10,$R$3:$X$9,2,FALSE) -> 11.6 | T10: =VLOOKUP($B10,$R$3:$X$9,3,FALSE) -> 12 | U10: =VLOOKUP($B10,$R$3:$X$9,4,FALSE) -> 0 | V10: =VLOOKUP($B10,$R$3:$X$9,5,FALSE) -> 0.11805556 | W10: =VLOOKUP($B10,$R$3:$X$9,6,FALSE) -> 0.22569444 | X10: =VLOOKUP($B10,$R$3:$X$9,7,FALSE) -> 0.26388889 | Y10: =VLOOKUP($B10,$R$3:$Z$9,8,FALSE) -> 0 | Z10: =VLOOKUP($B10,$R$3:$Z$9,9,FALSE) -> 60
B11: STAG | C11: =[4]Brewhouse!$A255 -> ST200 | D11: =[4]Brewhouse!$AB255 -> 53 | E11: =[4]Brewhouse!$AG255 -> 47.38 | F11: =[4]Brewhouse!$V255 -> 53 | G11: =[4]Brewhouse!$AE255 -> 12 | H11: 12.1 | I11: =[4]Brewhouse!$AS255 -> 96.404837 | J11: =[4]Brewhouse!$AT255 -> 97.065466 | K11: =[4]Brewhouse!$Q255 -> 12.028302 | L11: =[4]Brewhouse!$P255 -> 62 | M11: =[4]Brewhouse!$U255-[4]Brewhouse!$T255 -> 0.12361111 | N11: =[4]Brewhouse!$AW255 -> 0.29375 | O11: =[4]Brewhouse!$AV255 -> R.Sookram | R11: =B11 -> STAG | S11: =VLOOKUP($B11,$R$3:$X$9,2,FALSE) -> 11.6 | T11: =VLOOKUP($B11,$R$3:$X$9,3,FALSE) -> 12 | U11: =VLOOKUP($B11,$R$3:$X$9,4,FALSE) -> 0 | V11: =VLOOKUP($B11,$R$3:$X$9,5,FALSE) -> 0.11805556 | W11: =VLOOKUP($B11,$R$3:$X$9,6,FALSE) -> 0.22569444 | X11: =VLOOKUP($B11,$R$3:$X$9,7,FALSE) -> 0.26388889 | Y11: =VLOOKUP($B11,$R$3:$Z$9,8,FALSE) -> 0 | Z11: =VLOOKUP($B11,$R$3:$Z$9,9,FALSE) -> 60
B12: STAG | C12: =[4]Brewhouse!$A256 -> ST201 | D12: =[4]Brewhouse!$AB256 -> 53 | E12: =[4]Brewhouse!$AG256 -> 48.2 | F12: =[4]Brewhouse!$V256 -> 59 | G12: =[4]Brewhouse!$AE256 -> 11.9 | H12: 11.9 | I12: =[4]Brewhouse!$AS256 -> 97.214382 | J12: =[4]Brewhouse!$AT256 -> 97.880558 | K12: =[4]Brewhouse!$Q256 -> 10.141509 | L12: =[4]Brewhouse!$P256 -> 60 | M12: =[4]Brewhouse!$U256-[4]Brewhouse!$T256 -> 0.11111111 | N12: =[4]Brewhouse!$AW256 -> 0.27430556 | O12: =[4]Brewhouse!$AV256 -> R.Sookram | R12: =B12 -> STAG | S12: =VLOOKUP($B12,$R$3:$X$9,2,FALSE) -> 11.6 | T12: =VLOOKUP($B12,$R$3:$X$9,3,FALSE) -> 12 | U12: =VLOOKUP($B12,$R$3:$X$9,4,FALSE) -> 0 | V12: =VLOOKUP($B12,$R$3:$X$9,5,FALSE) -> 0.11805556 | W12: =VLOOKUP($B12,$R$3:$X$9,6,FALSE) -> 0.22569444 | X12: =VLOOKUP($B12,$R$3:$X$9,7,FALSE) -> 0.26388889 | Y12: =VLOOKUP($B12,$R$3:$Z$9,8,FALSE) -> 0 | Z12: =VLOOKUP($B12,$R$3:$Z$9,9,FALSE) -> 60
B13: STAG | C13: =[4]Brewhouse!$A257 -> ST202 | D13: =[4]Brewhouse!$AB257 -> 53 | E13: =[4]Brewhouse!$AG257 -> 49.8 | F13: =[4]Brewhouse!$V257 -> 60 | G13: =[4]Brewhouse!$AE257 -> 11.9 | H13: 12.1 | I13: =[4]Brewhouse!$AS257 -> 99.683984 | J13: =[4]Brewhouse!$AT257 -> 100.36845 | K13: =[4]Brewhouse!$Q257 -> 11.839623 | L13: =[4]Brewhouse!$P257 -> 62 | M13: =[4]Brewhouse!$U257-[4]Brewhouse!$T257 -> 0.12013889 | N13: =[4]Brewhouse!$AW257 -> 0.27291667 | O13: =[4]Brewhouse!$AV257 -> K. Benjamin | R13: =B13 -> STAG | S13: =VLOOKUP($B13,$R$3:$X$9,2,FALSE) -> 11.6 | T13: =VLOOKUP($B13,$R$3:$X$9,3,FALSE) -> 12 | U13: =VLOOKUP($B13,$R$3:$X$9,4,FALSE) -> 0 | V13: =VLOOKUP($B13,$R$3:$X$9,5,FALSE) -> 0.11805556 | W13: =VLOOKUP($B13,$R$3:$X$9,6,FALSE) -> 0.22569444 | X13: =VLOOKUP($B13,$R$3:$X$9,7,FALSE) -> 0.26388889 | Y13: =VLOOKUP($B13,$R$3:$Z$9,8,FALSE) -> 0 | Z13: =VLOOKUP($B13,$R$3:$Z$9,9,FALSE) -> 60
B14: STAG | C14: =[4]Brewhouse!$A258 -> ST203 | D14: =[4]Brewhouse!$AB258 -> 53.1 | E14: =[4]Brewhouse!$AG258 -> 50.6 | F14: =[4]Brewhouse!$V258 -> 60 | G14: =[4]Brewhouse!$AE258 -> 11.7 | H14: 11.7 | I14: =[4]Brewhouse!$AS258 -> 99.370659 | J14: =[4]Brewhouse!$AT258 -> 100.0532 | K14: =[4]Brewhouse!$Q258 -> 9.5574388 | L14: =[4]Brewhouse!$P258 -> 61 | M14: =[4]Brewhouse!$U258-[4]Brewhouse!$T258 -> 0.11388889 | N14: =[4]Brewhouse!$AW258 -> 0.26388889 | O14: =[4]Brewhouse!$AV258 -> K. Benjamin | P14: Problems throwing out spent grains | R14: =B14 -> STAG | S14: =VLOOKUP($B14,$R$3:$X$9,2,FALSE) -> 11.6 | T14: =VLOOKUP($B14,$R$3:$X$9,3,FALSE) -> 12 | U14: =VLOOKUP($B14,$R$3:$X$9,4,FALSE) -> 0 | V14: =VLOOKUP($B14,$R$3:$X$9,5,FALSE) -> 0.11805556 | W14: =VLOOKUP($B14,$R$3:$X$9,6,FALSE) -> 0.22569444 | X14: =VLOOKUP($B14,$R$3:$X$9,7,FALSE) -> 0.26388889 | Y14: =VLOOKUP($B14,$R$3:$Z$9,8,FALSE) -> 0 | Z14: =VLOOKUP($B14,$R$3:$Z$9,9,FALSE) -> 60
B15: STAG | C15: =[4]Brewhouse!$A259 -> ST204 | D15: =[4]Brewhouse!$AB259 -> 53.1 | E15: =[4]Brewhouse!$AG259 -> 50 | F15: =[4]Brewhouse!$V259 -> 57 | G15: =[4]Brewhouse!$AE259 -> 12 | H15: 11.9 | I15: =[4]Brewhouse!$AS259 -> 100.46354 | J15: =[4]Brewhouse!$AT259 -> 101.15426 | K15: =[4]Brewhouse!$Q259 -> 8.6158192 | L15: =[4]Brewhouse!$P259 -> 61 | M15: =[4]Brewhouse!$U259-[4]Brewhouse!$T259 -> 0.17777778 | N15: =[4]Brewhouse!$AW259 -> 0.2625 | O15: =[4]Brewhouse!$AV259 -> R.Regis | P15: Spent grain downtime | R15: =B15 -> STAG | S15: =VLOOKUP($B15,$R$3:$X$9,2,FALSE) -> 11.6 | T15: =VLOOKUP($B15,$R$3:$X$9,3,FALSE) -> 12 | U15: =VLOOKUP($B15,$R$3:$X$9,4,FALSE) -> 0 | V15: =VLOOKUP($B15,$R$3:$X$9,5,FALSE) -> 0.11805556 | W15: =VLOOKUP($B15,$R$3:$X$9,6,FALSE) -> 0.22569444 | X15: =VLOOKUP($B15,$R$3:$X$9,7,FALSE) -> 0.26388889 | Y15: =VLOOKUP($B15,$R$3:$Z$9,8,FALSE) -> 0 | Z15: =VLOOKUP($B15,$R$3:$Z$9,9,FALSE) -> 60
B16: STAG | C16: =[4]Brewhouse!$A260 -> ST205 | D16: =[4]Brewhouse!$AB260 -> 53.1 | E16: =[4]Brewhouse!$AG260 -> 50.4 | F16: =[4]Brewhouse!$V260 -> 63 | G16: =[4]Brewhouse!$AE260 -> 11.7 | H16: 11.8 | I16: =[4]Brewhouse!$AS260 -> 98.730026 | J16: =[4]Brewhouse!$AT260 -> 99.408611 | K16: =[4]Brewhouse!$Q260 -> 9.7457627 | L16: =[4]Brewhouse!$P260 -> 61 | M16: =[4]Brewhouse!$U260-[4]Brewhouse!$T260 -> 0.13333333 | N16: =[4]Brewhouse!$AW260 -> 0.29652778 | O16: =[4]Brewhouse!$AV260 -> R.Regis | P16: Spent grain downtime | R16: =B16 -> STAG | S16: =VLOOKUP($B16,$R$3:$X$9,2,FALSE) -> 11.6 | T16: =VLOOKUP($B16,$R$3:$X$9,3,FALSE) -> 12 | U16: =VLOOKUP($B16,$R$3:$X$9,4,FALSE) -> 0 | V16: =VLOOKUP($B16,$R$3:$X$9,5,FALSE) -> 0.11805556 | W16: =VLOOKUP($B16,$R$3:$X$9,6,FALSE) -> 0.22569444 | X16: =VLOOKUP($B16,$R$3:$X$9,7,FALSE) -> 0.26388889 | Y16: =VLOOKUP($B16,$R$3:$Z$9,8,FALSE) -> 0 | Z16: =VLOOKUP($B16,$R$3:$Z$9,9,FALSE) -> 60
B17: STAG | C17: =[4]Brewhouse!$A261 -> ST206 | D17: =[4]Brewhouse!$AB261 -> 53.1 | E17: =[4]Brewhouse!$AG261 -> 50.4 | F17: =[4]Brewhouse!$V261 -> 58 | G17: =[4]Brewhouse!$AE261 -> 11.8 | H17: 11.8 | I17: =[4]Brewhouse!$AS261 -> 100.24563 | J17: =[4]Brewhouse!$AT261 -> 100.93349 | K17: =[4]Brewhouse!$Q261 -> 10.122411 | L17: =[4]Brewhouse!$P261 -> 59 | M17: =[4]Brewhouse!$U261-[4]Brewhouse!$T261 -> 0.10694444 | N17: =[4]Brewhouse!$AW261 -> 0.24513889 | O17: =[4]Brewhouse!$AV261 -> R.Regis | R17: =B17 -> STAG | S17: =VLOOKUP($B17,$R$3:$X$9,2,FALSE) -> 11.6 | T17: =VLOOKUP($B17,$R$3:$X$9,3,FALSE) -> 12 | U17: =VLOOKUP($B17,$R$3:$X$9,4,FALSE) -> 0 | V17: =VLOOKUP($B17,$R$3:$X$9,5,FALSE) -> 0.11805556 | W17: =VLOOKUP($B17,$R$3:$X$9,6,FALSE) -> 0.22569444 | X17: =VLOOKUP($B17,$R$3:$X$9,7,FALSE) -> 0.26388889 | Y17: =VLOOKUP($B17,$R$3:$Z$9,8,FALSE) -> 0 | Z17: =VLOOKUP($B17,$R$3:$Z$9,9,FALSE) -> 60
R18: =B18 -> 0 | S18: =VLOOKUP($B18,$R$3:$X$9,2,FALSE) -> #N/A | T18: =VLOOKUP($B18,$R$3:$X$9,3,FALSE) -> #N/A | U18: =VLOOKUP($B18,$R$3:$X$9,4,FALSE) -> #N/A | V18: =VLOOKUP($B18,$R$3:$X$9,5,FALSE) -> #N/A | W18: =VLOOKUP($B18,$R$3:$X$9,6,FALSE) -> #N/A | X18: =VLOOKUP($B18,$R$3:$X$9,7,FALSE) -> #N/A | Y18: =VLOOKUP($B18,$R$3:$Z$9,8,FALSE) -> #N/A | Z18: =VLOOKUP($B18,$R$3:$Z$9,9,FALSE) -> #N/A
R19: =B19 -> 0 | S19: =VLOOKUP($B19,$R$3:$X$9,2,FALSE) -> #N/A | T19: =VLOOKUP($B19,$R$3:$X$9,3,FALSE) -> #N/A | U19: =VLOOKUP($B19,$R$3:$X$9,4,FALSE) -> #N/A | V19: =VLOOKUP($B19,$R$3:$X$9,5,FALSE) -> #N/A | W19: =VLOOKUP($B19,$R$3:$X$9,6,FALSE) -> #N/A | X19: =VLOOKUP($B19,$R$3:$X$9,7,FALSE) -> #N/A | Y19: =VLOOKUP($B19,$R$3:$Z$9,8,FALSE) -> #N/A | Z19: =VLOOKUP($B19,$R$3:$Z$9,9,FALSE) -> #N/A
R20: =B20 -> 0 | S20: =VLOOKUP($B20,$R$3:$X$9,2,FALSE) -> #N/A | T20: =VLOOKUP($B20,$R$3:$X$9,3,FALSE) -> #N/A | U20: =VLOOKUP($B20,$R$3:$X$9,4,FALSE) -> #N/A | V20: =VLOOKUP($B20,$R$3:$X$9,5,FALSE) -> #N/A | W20: =VLOOKUP($B20,$R$3:$X$9,6,FALSE) -> #N/A | X20: =VLOOKUP($B20,$R$3:$X$9,7,FALSE) -> #N/A | Y20: =VLOOKUP($B20,$R$3:$Z$9,8,FALSE) -> #N/A | Z20: =VLOOKUP($B20,$R$3:$Z$9,9,FALSE) -> #N/A
R21: =B21 -> 0 | S21: =VLOOKUP($B21,$R$3:$X$9,2,FALSE) -> #N/A | T21: =VLOOKUP($B21,$R$3:$X$9,3,FALSE) -> #N/A | U21: =VLOOKUP($B21,$R$3:$X$9,4,FALSE) -> #N/A | V21: =VLOOKUP($B21,$R$3:$X$9,5,FALSE) -> #N/A | W21: =VLOOKUP($B21,$R$3:$X$9,6,FALSE) -> #N/A | X21: =VLOOKUP($B21,$R$3:$X$9,7,FALSE) -> #N/A | Y21: =VLOOKUP($B21,$R$3:$Z$9,8,FALSE) -> #N/A | Z21: =VLOOKUP($B21,$R$3:$Z$9,9,FALSE) -> #N/A
R22: =B22 -> 0 | S22: =VLOOKUP($B22,$R$3:$X$9,2,FALSE) -> #N/A | T22: =VLOOKUP($B22,$R$3:$X$9,3,FALSE) -> #N/A | U22: =VLOOKUP($B22,$R$3:$X$9,4,FALSE) -> #N/A | V22: =VLOOKUP($B22,$R$3:$X$9,5,FALSE) -> #N/A | W22: =VLOOKUP($B22,$R$3:$X$9,6,FALSE) -> #N/A | X22: =VLOOKUP($B22,$R$3:$X$9,7,FALSE) -> #N/A | Y22: =VLOOKUP($B22,$R$3:$Z$9,8,FALSE) -> #N/A | Z22: =VLOOKUP($B22,$R$3:$Z$9,9,FALSE) -> #N/A
B23: BRAND | D23: BBT P.G./ O.G | I23: Brand | K23: MTD No. of Brews | L23: MTD | M23: YTD | N23: Target | R23: =B23 -> BRAND | S23: =VLOOKUP($B23,$R$3:$X$9,2,FALSE) -> #N/A | T23: =VLOOKUP($B23,$R$3:$X$9,3,FALSE) -> #N/A | U23: =VLOOKUP($B23,$R$3:$X$9,4,FALSE) -> #N/A | V23: =VLOOKUP($B23,$R$3:$X$9,5,FALSE) -> #N/A | W23: =VLOOKUP($B23,$R$3:$X$9,6,FALSE) -> #N/A | X23: =VLOOKUP($B23,$R$3:$X$9,7,FALSE) -> #N/A | Y23: =VLOOKUP($B23,$R$3:$Z$9,8,FALSE) -> #N/A | Z23: =VLOOKUP($B23,$R$3:$Z$9,9,FALSE) -> #N/A
I24: CARIB | K24: =COUNTA([3]Brewhouse!$A$441:$A$448) -> 8 | L24: =AVERAGE([3]Brewhouse!$AU$441:$AU$448) -> 99.348147 | M24: =AVERAGE([3]Brewhouse!$AU$42:$AU$123,[3]Brewhouse!$AU$125:$AU$188,[3]Brewhouse!$AU$198:$AU$290,[3]Brewhouse!$AU$292:$AU$370,[3]Brewhouse!$AU$372:$AU$439,[3]Brewhouse!$AU$441:$AU$448) -> 98.002583 | N24: 98 | R24: =B24 -> 0 | S24: =VLOOKUP($B24,$R$3:$X$9,2,FALSE) -> #N/A | T24: =VLOOKUP($B24,$R$3:$X$9,3,FALSE) -> #N/A | U24: =VLOOKUP($B24,$R$3:$X$9,4,FALSE) -> #N/A | V24: =VLOOKUP($B24,$R$3:$X$9,5,FALSE) -> #N/A | W24: =VLOOKUP($B24,$R$3:$X$9,6,FALSE) -> #N/A | X24: =VLOOKUP($B24,$R$3:$X$9,7,FALSE) -> #N/A | Y24: =VLOOKUP($B24,$R$3:$Z$9,8,FALSE) -> #N/A | Z24: =VLOOKUP($B24,$R$3:$Z$9,9,FALSE) -> #N/A
I25: STAG | J25: =AVERAGE(I10:I17) -> 98.482779 | K25: =COUNTA([4]Brewhouse!$A$252:$A$261) -> 10 | L25: =AVERAGE([4]Brewhouse!$AS$252:$AS$261) -> 98.651084 | M25: =AVERAGE([4]Brewhouse!$AS$52:$AS$81,[4]Brewhouse!$AS$83:$AS$124,[4]Brewhouse!$AS$134:$AS$177,[4]Brewhouse!$AS$22:$AS$179,[4]Brewhouse!$AS$214:$AS$249,[4]Brewhouse!$AS$252:$AS$261) -> 97.99804 | N25: 98 | R25: =B25 -> 0 | S25: =VLOOKUP($B25,$R$3:$X$9,2,FALSE) -> #N/A | T25: =VLOOKUP($B25,$R$3:$X$9,3,FALSE) -> #N/A | U25: =VLOOKUP($B25,$R$3:$X$9,4,FALSE) -> #N/A | V25: =VLOOKUP($B25,$R$3:$X$9,5,FALSE) -> #N/A | W25: =VLOOKUP($B25,$R$3:$X$9,6,FALSE) -> #N/A | X25: =VLOOKUP($B25,$R$3:$X$9,7,FALSE) -> #N/A | Y25: =VLOOKUP($B25,$R$3:$Z$9,8,FALSE) -> #N/A | Z25: =VLOOKUP($B25,$R$3:$Z$9,9,FALSE) -> #N/A
I26: GUINNESS | K26: =COUNTA([5]Brewhouse!$A$62:$A$69) -> 8 | L26: =AVERAGE([5]Brewhouse!$AU$62:$AU$69) -> 95.865326 | M26: =AVERAGE([5]Brewhouse!$AU$16:$AU$23,[5]Brewhouse!$AU$25:$AU$32,[5]Brewhouse!$AU$34:$AU$41,[5]Brewhouse!$AU$43:$AU$60,[5]Brewhouse!$AU$62:$AU$69) -> 96.726836 | N26: 98 | R26: =B26 -> 0 | S26: =VLOOKUP($B26,$R$3:$X$9,2,FALSE) -> #N/A | T26: =VLOOKUP($B26,$R$3:$X$9,3,FALSE) -> #N/A | U26: =VLOOKUP($B26,$R$3:$X$9,4,FALSE) -> #N/A | V26: =VLOOKUP($B26,$R$3:$X$9,5,FALSE) -> #N/A | W26: =VLOOKUP($B26,$R$3:$X$9,6,FALSE) -> #N/A | X26: =VLOOKUP($B26,$R$3:$X$9,7,FALSE) -> #N/A | Y26: =VLOOKUP($B26,$R$3:$Z$9,8,FALSE) -> #N/A | Z26: =VLOOKUP($B26,$R$3:$Z$9,9,FALSE) -> #N/A
I27: VITAMALT | M27: =AVERAGE([6]Brewhouse!$AV$23:$AV$34,[6]Brewhouse!$AV$36,[6]Brewhouse!$AV$38:$AV$52,[6]Brewhouse!$AV$54:$AV$60,[6]Brewhouse!$AV$62:$AV$68) -> 97.579195 | N27: 98 | R27: =B27 -> 0 | S27: =VLOOKUP($B27,$R$3:$X$9,2,FALSE) -> #N/A | T27: =VLOOKUP($B27,$R$3:$X$9,3,FALSE) -> #N/A | U27: =VLOOKUP($B27,$R$3:$X$9,4,FALSE) -> #N/A | V27: =VLOOKUP($B27,$R$3:$X$9,5,FALSE) -> #N/A | W27: =VLOOKUP($B27,$R$3:$X$9,6,FALSE) -> #N/A | X27: =VLOOKUP($B27,$R$3:$X$9,7,FALSE) -> #N/A | Y27: =VLOOKUP($B27,$R$3:$Z$9,8,FALSE) -> #N/A | Z27: =VLOOKUP($B27,$R$3:$Z$9,9,FALSE) -> #N/A
I28: MAXIMALT | N28: 98 | R28: =B28 -> 0 | S28: =VLOOKUP($B28,$R$3:$X$9,2,FALSE) -> #N/A | T28: =VLOOKUP($B28,$R$3:$X$9,3,FALSE) -> #N/A | U28: =VLOOKUP($B28,$R$3:$X$9,4,FALSE) -> #N/A | V28: =VLOOKUP($B28,$R$3:$X$9,5,FALSE) -> #N/A | W28: =VLOOKUP($B28,$R$3:$X$9,6,FALSE) -> #N/A | X28: =VLOOKUP($B28,$R$3:$X$9,7,FALSE) -> #N/A | Y28: =VLOOKUP($B28,$R$3:$Z$9,8,FALSE) -> #N/A | Z28: =VLOOKUP($B28,$R$3:$Z$9,9,FALSE) -> #N/A
I29: MACKESON | M29: =AVERAGE([7]Brewhouse!$AT$4:$AT$11,[7]Brewhouse!$AT$13:$AT$16) -> 91.538375 | N29: 98 | R29: =B29 -> 0 | S29: =VLOOKUP($B29,$R$3:$X$9,2,FALSE) -> #N/A | T29: =VLOOKUP($B29,$R$3:$X$9,3,FALSE) -> #N/A | U29: =VLOOKUP($B29,$R$3:$X$9,4,FALSE) -> #N/A | V29: =VLOOKUP($B29,$R$3:$X$9,5,FALSE) -> #N/A | W29: =VLOOKUP($B29,$R$3:$X$9,6,FALSE) -> #N/A | X29: =VLOOKUP($B29,$R$3:$X$9,7,FALSE) -> #N/A | Y29: =VLOOKUP($B29,$R$3:$Z$9,8,FALSE) -> #N/A | Z29: =VLOOKUP($B29,$R$3:$Z$9,9,FALSE) -> #N/A
I30: STARMALT | M30: =AVERAGE([8]Brewhouse!$AY$5:$AY$14,[8]Brewhouse!$AY$16:$AY$23,[8]Brewhouse!$AY$42,[8]Brewhouse!$AY$44:$AY$51,[8]Brewhouse!$AY$53:$AY$64) -> 97.35935 | N30: 98 | R30: =B30 -> 0 | S30: =VLOOKUP($B30,$R$3:$X$9,2,FALSE) -> #N/A | T30: =VLOOKUP($B30,$R$3:$X$9,3,FALSE) -> #N/A | U30: =VLOOKUP($B30,$R$3:$X$9,4,FALSE) -> #N/A | V30: =VLOOKUP($B30,$R$3:$X$9,5,FALSE) -> #N/A | W30: =VLOOKUP($B30,$R$3:$X$9,6,FALSE) -> #N/A | X30: =VLOOKUP($B30,$R$3:$X$9,7,FALSE) -> #N/A | Y30: =VLOOKUP($B30,$R$3:$Z$9,8,FALSE) -> #N/A | Z30: =VLOOKUP($B30,$R$3:$Z$9,9,FALSE) -> #N/A
I31: HR- Pils | N31: 98 | R31: =B31 -> 0 | S31: =VLOOKUP($B31,$R$3:$X$9,2,FALSE) -> #N/A | T31: =VLOOKUP($B31,$R$3:$X$9,3,FALSE) -> #N/A | U31: =VLOOKUP($B31,$R$3:$X$9,4,FALSE) -> #N/A | V31: =VLOOKUP($B31,$R$3:$X$9,5,FALSE) -> #N/A | W31: =VLOOKUP($B31,$R$3:$X$9,6,FALSE) -> #N/A | X31: =VLOOKUP($B31,$R$3:$X$9,7,FALSE) -> #N/A | Y31: =VLOOKUP($B31,$R$3:$Z$9,8,FALSE) -> #N/A | Z31: =VLOOKUP($B31,$R$3:$Z$9,9,FALSE) -> #N/A
I32: HR- IPA | N32: 98 | R32: =B32 -> 0 | S32: =VLOOKUP($B32,$R$3:$X$9,2,FALSE) -> #N/A | T32: =VLOOKUP($B32,$R$3:$X$9,3,FALSE) -> #N/A | U32: =VLOOKUP($B32,$R$3:$X$9,4,FALSE) -> #N/A | V32: =VLOOKUP($B32,$R$3:$X$9,5,FALSE) -> #N/A | W32: =VLOOKUP($B32,$R$3:$X$9,6,FALSE) -> #N/A | X32: =VLOOKUP($B32,$R$3:$X$9,7,FALSE) -> #N/A | Y32: =VLOOKUP($B32,$R$3:$Z$9,8,FALSE) -> #N/A | Z32: =VLOOKUP($B32,$R$3:$Z$9,9,FALSE) -> #N/A
I33: HR- APA | N33: 98 | R33: =B33 -> 0 | S33: =VLOOKUP($B33,$R$3:$X$9,2,FALSE) -> #N/A | T33: =VLOOKUP($B33,$R$3:$X$9,3,FALSE) -> #N/A | U33: =VLOOKUP($B33,$R$3:$X$9,4,FALSE) -> #N/A | V33: =VLOOKUP($B33,$R$3:$X$9,5,FALSE) -> #N/A | W33: =VLOOKUP($B33,$R$3:$X$9,6,FALSE) -> #N/A | X33: =VLOOKUP($B33,$R$3:$X$9,7,FALSE) -> #N/A | Y33: =VLOOKUP($B33,$R$3:$Z$9,8,FALSE) -> #N/A | Z33: =VLOOKUP($B33,$R$3:$Z$9,9,FALSE) -> #N/A
K34: =SUM(K24:K33) -> 26 | L34: =((L24*K24)+(L25*K25)+(L26*K26)+(L27*K27)+(L28*K28)+(K31*L31)+(L29*K29)+(L30*K30)+(L33*K33))/(K34) -> 98.008408 | M34: =AVERAGE('[9]Jan30th-31st'!$L$42,L34) -> 97.918225 | N34: 98 | P34: =565.3+167.88+63 -> 796.18 | R34: =B34 -> 0 | S34: =VLOOKUP($B34,$R$3:$X$9,2,FALSE) -> #N/A | T34: =VLOOKUP($B34,$R$3:$X$9,3,FALSE) -> #N/A | U34: =VLOOKUP($B34,$R$3:$X$9,4,FALSE) -> #N/A | V34: =VLOOKUP($B34,$R$3:$X$9,5,FALSE) -> #N/A | W34: =VLOOKUP($B34,$R$3:$X$9,6,FALSE) -> #N/A | X34: =VLOOKUP($B34,$R$3:$X$9,7,FALSE) -> #N/A | Y34: =VLOOKUP($B34,$R$3:$Z$9,8,FALSE) -> #N/A | Z34: =VLOOKUP($B34,$R$3:$Z$9,9,FALSE) -> #N/A
R35: =B35 -> 0 | S35: =VLOOKUP($B35,$R$3:$X$9,2,FALSE) -> #N/A | T35: =VLOOKUP($B35,$R$3:$X$9,3,FALSE) -> #N/A | U35: =VLOOKUP($B35,$R$3:$X$9,4,FALSE) -> #N/A | V35: =VLOOKUP($B35,$R$3:$X$9,5,FALSE) -> #N/A | W35: =VLOOKUP($B35,$R$3:$X$9,6,FALSE) -> #N/A | X35: =VLOOKUP($B35,$R$3:$X$9,7,FALSE) -> #N/A | Y35: =VLOOKUP($B35,$R$3:$Z$9,8,FALSE) -> #N/A | Z35: =VLOOKUP($B35,$R$3:$Z$9,9,FALSE) -> #N/A
J36: Daily Brewing Plan
J37: Brand | K37: Brews Achieved | L37: Average Brews per day
J38: CARIB | L38: MTD | M38: YTD | N38: TARGET
J39: STAG | K39: 8 | L39: =AVERAGE('June 2nd'!K44,'June 3rd'!K52,'June 4th'!K47,'June 5th'!K46,K48) -> 5.2 | M39: =AVERAGE('[9]Jan30th-31st'!$L$47,L39,'[10]Feb 26th '!$L$39,'[11]Mar 31st'!$L$47,'[12]Apr 30th'!$L$46,'[13]May 29th '!$L$40) -> 6.1379776 | N39: 9.2
J40: GUINN
J41: VITAMALT
J42: STARMALT
J43: MACKESON
J44: HURRICANE REEF- IPA
J45: HURRICANE REEF- APA
B46: AVERAGE | J46: HR- PILSNER
J47: CARIBE
J48: Total | K48: =SUM(K38:K47) -> 8
B49: Process: | C49: Fermentation/Filtration
B51: Brand | C51: Filt. Date | D51: FV Hls | E51: GFE/ Prim/ Vita Blend (Hls) | F51: SV Hls | G51: BBT Hls | H51: Loss (%) Ferm | I51: Loss (%) Filt | J51: Comments | K51: Throughput | L51: Process Loss (%) | M51: Filt. Operator
AB52: 43474 | AC52: 43475 | AD52: 43476 | AE52: 43477 | AF52: 43478 | AG52: 43479 | AH52: 43480 | AI52: 43481 | AJ52: 43482 | AK52: 43483 | AL52: 43484 | AM52: 43485 | AN52: 43486 | AO52: 43487 | AP52: 43488 | AQ52: 43489 | AR52: 43490 | AS52: 43491 | AT52: 43492 | AU52: 43493 | AV52: 43494 | AW52: 43495 | AX52: 43496
AB53: =[16]January_2019!L5 -> 0 | AC53: =[16]January_2019!M5 -> 0 | AD53: =[16]January_2019!N5 -> 0 | AE53: =[16]January_2019!O5 -> 0 | AF53: =[16]January_2019!P5 -> 0 | AG53: =[16]January_2019!Q5 -> 0 | AH53: =[16]January_2019!R5 -> 0 | AI53: =[16]January_2019!S5 -> 0 | ... AX53: =[16]January_2019!AH5 -> 0
AB54: =[16]January_2019!L6 -> 0 | AC54: =[16]January_2019!M6 -> 0 | AD54: =[16]January_2019!N6 -> 0 | AE54: =[16]January_2019!O6 -> 0 | AF54: =[16]January_2019!P6 -> 0 | AG54: =[16]January_2019!Q6 -> 0 | AH54: =[16]January_2019!R6 -> 0 | AI54: =[16]January_2019!S6 -> 0 | ... AX54: =[16]January_2019!AH6 -> 0
AB55: =[16]January_2019!L7 -> 285.8 | AC55: =[16]January_2019!M7 -> 508.1 | AD55: =[16]January_2019!N7 -> 0 | AE55: =[16]January_2019!O7 -> 0 | AF55: =[16]January_2019!P7 -> 109.56667 | AG55: =[16]January_2019!Q7 -> 297.65 | AH55: =[16]January_2019!R7 -> 122.3 | AI55: =[16]January_2019!S7 -> 0 | ... AX55: =[16]January_2019!AH7 -> 0
B64: Process Loss (Volume) | G64: Process Loss (Extract) | K64: Throughput
B65: Brand | C65: Actual | D65: MTD | E65: YTD | F65: Target | G65: Actual | H65: MTD | I65: YTD | J65: Target | L65: MTD | M65: YTD | N65: Target
B66: CARIB | E66: 6.5623673 | F66: 4.8 | I66: 6.268867 | J66: 4.8 | M66: 0.51130548 | N66: 1
B67: STAG | E67: 5.8230181 | F67: 4.8 | I67: 5.4655642 | J67: 4.8 | M67: 0.68713505 | N67: 1
B68: GUINN | E68: 11.435861 | F68: 5.5 | I68: 12.618852 | J68: 5.5 | M68: 0.26444408 | N68: 1
B69: VITAMALT | E69: 4.7166249 | F69: 3.3 | I69: 4.7393663 | J69: 3.3 | M69: 0.7360401 | N69: 1
B70: APA | F70: 3.3 | J70: 3 | N70: 1
B71: MACKESON | E71: 5.1541347 | F71: 5.5 | I71: 7.4989047 | J71: 5.5 | M71: 1.0201754 | N71: 1
B72: STARMALT | E72: 3.7333963 | F72: 3.3 | I72: 4.8412395 | J72: 3.3 | M72: 0.84386696 | N72: 1
B73: IPA | F73: 7.5 | J73: 7.5 | N73: 1
B74: HURRICANE REEF PILS | F74: 4.8 | J74: 4.8 | N74: 1
E75: 6.3115024 | F75: 5.5 | I75: 6.3654183 | J75: 5.5 | M75: 0.57830161 | N75: 1

Sheet June 9th
S1: P.G. | U1: Hot Time | W1: Process Time | Y1: Cooling Time
B2: Brewing Department Daily Process Loss Report | S2: Lower | T2: Upper | U2: Lower | V2: Upper | W2: Lower | X2: Upper | Y2: Lower | Z2: Upper
R3: CARIB | S3: 11.6 | T3: 12 | U3: 0 | V3: 0.11805556 | W3: 0.22569444 | X3: 0.26388889 | Y3: 0 | Z3: 60 | AB3: HR- PISNER
B4: Date: | C4: 46183 | J4: LOT WORT COLOUR: | M4: Filter Sheets (Target 20 days) | R4: STAG | S4: 11.6 | T4: 12 | U4: 0 | V4: 0.11805556 | W4: 0.22569444 | X4: 0.26388889 | Y4: 0 | Z4: 60
M5: Double | N5: Single | R5: GUINNESS | S5: 17 | T5: 17.5 | U5: 0 | V5: 0.10763889 | W5: 0.24652778 | X5: 0.28472222 | Y5: 0 | Z5: 60
J6: MALT LOT: Lot #13 | L6: Sheet Day | R6: MACKESON | S6: 13.3 | T6: 13.5 | U6: 0 | V6: 0.12905093 | W6: 0.27430556 | X6: 0.30208333 | Y6: 0
R7: STARMALT | S7: 17 | T7: 17.4 | U7: 0 | V7: 0.13605324 | W7: 0.27430556 | X7: 0.30902778 | Y7: 0 | Z7: 85
B8: Brand | C8: Brew no. | D8: Kett. Hls | E8: Wort | F8: Cool Time(Mins) | G8: Cast. P.G. (Lab Result) | H8: Cast P.G. (Cellar Operator)-gravity | I8: Extr. Rec (77.9%) | J8: Theor. Extr. (77.5%) | K8: Boil Off /Vol. (4-6%) | L8: Boil Time | M8: Total Hot | N8: Brewing Time | O8: Operator | R8: Hurricane Reef | S8: 16.6 | T8: 17 | U8: 0 | V8: 0.12905093 | W8: 0.27430556 | X8: 0.30208333 | Y8: 0
E9: Meter (Hls) | F9: Target(< 60Mins) | M9: Time | R9: VITAMALT | S9: 14.2 | T9: 14.6 | U9: 0 | V9: 0.13905093 | W9: 0.26041667 | X9: 0.29513889 | Y9: 0 | Z9: 75
B10: CARIB | C10: =[3]Brewhouse!$A441 -> CA395 | D10: =[3]Brewhouse!$AF441 -> 47.9 | E10: =[3]Brewhouse!$AI441 -> 47.9 | F10: =[3]Brewhouse!$V441 -> 60 | G10: =[3]Brewhouse!AG441 -> 12 | I10: =[3]Brewhouse!$AU441 -> 94.352991 | J10: =[3]Brewhouse!$AV441 -> 95.174307 | K10: =[3]Brewhouse!$Q441 -> 12.62963 | L10: =[3]Brewhouse!$P441 -> 57 | M10: =[3]Brewhouse!$U441-[3]Brewhouse!$T441 -> 0.12708333 | N10: =[3]Brewhouse!$Z441 -> 0.32847222 | O10: =[3]Brewhouse!$AX441 -> R. Regis | R10: =B10 -> CARIB | S10: =VLOOKUP($B10,$R$3:$X$9,2,FALSE) -> 11.6 | T10: =VLOOKUP($B10,$R$3:$X$9,3,FALSE) -> 12 | U10: =VLOOKUP($B10,$R$3:$X$9,4,FALSE) -> 0 | V10: =VLOOKUP($B10,$R$3:$X$9,5,FALSE) -> 0.11805556 | W10: =VLOOKUP($B10,$R$3:$X$9,6,FALSE) -> 0.22569444 | X10: =VLOOKUP($B10,$R$3:$X$9,7,FALSE) -> 0.26388889 | Y10: =VLOOKUP($B10,$R$3:$Z$9,8,FALSE) -> 0 | Z10: =VLOOKUP($B10,$R$3:$Z$9,9,FALSE) -> 60
B11: CARIB | C11: =[3]Brewhouse!$A442 -> CA396 | D11: =[3]Brewhouse!$AF442 -> 50.4 | E11: =[3]Brewhouse!$AI442 -> 50.1 | F11: =[3]Brewhouse!$V442 -> 47 | G11: =[3]Brewhouse!AG442 -> 12 | I11: =[3]Brewhouse!$AU442 -> 99.788106 | J11: =[3]Brewhouse!$AV442 -> 100.65623 | K11: =[3]Brewhouse!$Q442 -> 9.6487985 | L11: =[3]Brewhouse!$P442 -> 60 | M11: =[3]Brewhouse!$U442-[3]Brewhouse!$T442 -> 0.10555556 | N11: =[3]Brewhouse!$Z442 -> 0.26527778 | O11: =[3]Brewhouse!$AX442 -> R. Sookram | R11: =B11 -> CARIB | S11: =VLOOKUP($B11,$R$3:$X$9,2,FALSE) -> 11.6 | T11: =VLOOKUP($B11,$R$3:$X$9,3,FALSE) -> 12 | U11: =VLOOKUP($B11,$R$3:$X$9,4,FALSE) -> 0 | V11: =VLOOKUP($B11,$R$3:$X$9,5,FALSE) -> 0.11805556 | W11: =VLOOKUP($B11,$R$3:$X$9,6,FALSE) -> 0.22569444 | X11: =VLOOKUP($B11,$R$3:$X$9,7,FALSE) -> 0.26388889 | Y11: =VLOOKUP($B11,$R$3:$Z$9,8,FALSE) -> 0 | Z11: =VLOOKUP($B11,$R$3:$Z$9,9,FALSE) -> 60
B12: CARIB | C12: =[3]Brewhouse!$A443 -> CA397 | D12: =[3]Brewhouse!$AF443 -> 49.8 | E12: =[3]Brewhouse!$AI443 -> 49.5 | F12: =[3]Brewhouse!$V443 -> 50 | G12: =[3]Brewhouse!AG443 -> 12 | I12: =[3]Brewhouse!$AU443 -> 98.715472 | J12: =[3]Brewhouse!$AV443 -> 99.574203 | K12: =[3]Brewhouse!$Q443 -> 11.333333 | L12: =[3]Brewhouse!$P443 -> 60 | M12: =[3]Brewhouse!$U443-[3]Brewhouse!$T443 -> 0.10069444 | N12: =[3]Brewhouse!$Z443 -> 0.25694444 | O12: =[3]Brewhouse!$AX443 -> R. Sookram | R12: =B12 -> CARIB | S12: =VLOOKUP($B12,$R$3:$X$9,2,FALSE) -> 11.6 | T12: =VLOOKUP($B12,$R$3:$X$9,3,FALSE) -> 12 | U12: =VLOOKUP($B12,$R$3:$X$9,4,FALSE) -> 0 | V12: =VLOOKUP($B12,$R$3:$X$9,5,FALSE) -> 0.11805556 | W12: =VLOOKUP($B12,$R$3:$X$9,6,FALSE) -> 0.22569444 | X12: =VLOOKUP($B12,$R$3:$X$9,7,FALSE) -> 0.26388889 | Y12: =VLOOKUP($B12,$R$3:$Z$9,8,FALSE) -> 0 | Z12: =VLOOKUP($B12,$R$3:$Z$9,9,FALSE) -> 60
B13: CARIB | C13: =[3]Brewhouse!$A444 -> CA398 | D13: =[3]Brewhouse!$AF444 -> 51 | E13: =[3]Brewhouse!$AI444 -> 50 | F13: =[3]Brewhouse!$V444 -> 55 | G13: =[3]Brewhouse!AG444 -> 11.9 | I13: =[3]Brewhouse!$AU444 -> 98.839319 | J13: =[3]Brewhouse!$AV444 -> 99.699127 | K13: =[3]Brewhouse!$Q444 -> 7.6296296 | L13: =[3]Brewhouse!$P444 -> 61 | M13: =[3]Brewhouse!$U444-[3]Brewhouse!$T444 -> 0.10625 | N13: =[3]Brewhouse!$Z444 -> 0.24305556 | O13: =[3]Brewhouse!$AX444 -> K. Benjamin | R13: =B13 -> CARIB | S13: =VLOOKUP($B13,$R$3:$X$9,2,FALSE) -> 11.6 | T13: =VLOOKUP($B13,$R$3:$X$9,3,FALSE) -> 12 | U13: =VLOOKUP($B13,$R$3:$X$9,4,FALSE) -> 0 | V13: =VLOOKUP($B13,$R$3:$X$9,5,FALSE) -> 0.11805556 | W13: =VLOOKUP($B13,$R$3:$X$9,6,FALSE) -> 0.22569444 | X13: =VLOOKUP($B13,$R$3:$X$9,7,FALSE) -> 0.26388889 | Y13: =VLOOKUP($B13,$R$3:$Z$9,8,FALSE) -> 0 | Z13: =VLOOKUP($B13,$R$3:$Z$9,9,FALSE) -> 60
B14: CARIB | C14: =[3]Brewhouse!$A445 -> CA399 | D14: =[3]Brewhouse!$AF445 -> 50.9 | E14: =[3]Brewhouse!$AI445 -> 50.5 | F14: =[3]Brewhouse!$V445 -> 61 | G14: =[3]Brewhouse!AG445 -> 11.9 | I14: =[3]Brewhouse!$AU445 -> 99.827713 | J14: =[3]Brewhouse!$AV445 -> 100.69612 | K14: =[3]Brewhouse!$Q445 -> 7.8148148 | L14: =[3]Brewhouse!$P445 -> 61 | M14: =[3]Brewhouse!$U445-[3]Brewhouse!$T445 -> 0.10625 | N14: =[3]Brewhouse!$Z445 -> 0.25833333 | O14: =[3]Brewhouse!$AX445 -> K. Benjamin | R14: =B14 -> CARIB | S14: =VLOOKUP($B14,$R$3:$X$9,2,FALSE) -> 11.6 | T14: =VLOOKUP($B14,$R$3:$X$9,3,FALSE) -> 12 | U14: =VLOOKUP($B14,$R$3:$X$9,4,FALSE) -> 0 | V14: =VLOOKUP($B14,$R$3:$X$9,5,FALSE) -> 0.11805556 | W14: =VLOOKUP($B14,$R$3:$X$9,6,FALSE) -> 0.22569444 | X14: =VLOOKUP($B14,$R$3:$X$9,7,FALSE) -> 0.26388889 | Y14: =VLOOKUP($B14,$R$3:$Z$9,8,FALSE) -> 0 | Z14: =VLOOKUP($B14,$R$3:$Z$9,9,FALSE) -> 60
B15: CARIB | C15: =[3]Brewhouse!$A446 -> CA400 | D15: =[3]Brewhouse!$AF446 -> 52.1 | E15: =[3]Brewhouse!$AI446 -> 51.77 | F15: =[3]Brewhouse!$V446 -> 60 | G15: =[3]Brewhouse!AG446 -> 12 | I15: =[3]Brewhouse!$AU446 -> 102.60535 | J15: =[3]Brewhouse!$AV446 -> 103.49821 | K15: =[3]Brewhouse!$Q446 -> 8.1700555 | L15: =[3]Brewhouse!$P446 -> 61 | M15: =[3]Brewhouse!$U446-[3]Brewhouse!$T446 -> 0.11111111 | N15: =[3]Brewhouse!$Z446 -> 0.26319444 | O15: =[3]Brewhouse!$AX446 -> K. Benjamin | R15: =B15 -> CARIB | S15: =VLOOKUP($B15,$R$3:$X$9,2,FALSE) -> 11.6 | T15: =VLOOKUP($B15,$R$3:$X$9,3,FALSE) -> 12 | U15: =VLOOKUP($B15,$R$3:$X$9,4,FALSE) -> 0 | V15: =VLOOKUP($B15,$R$3:$X$9,5,FALSE) -> 0.11805556 | W15: =VLOOKUP($B15,$R$3:$X$9,6,FALSE) -> 0.22569444 | X15: =VLOOKUP($B15,$R$3:$X$9,7,FALSE) -> 0.26388889 | Y15: =VLOOKUP($B15,$R$3:$Z$9,8,FALSE) -> 0 | Z15: =VLOOKUP($B15,$R$3:$Z$9,9,FALSE) -> 60
B16: CARIB | C16: =[3]Brewhouse!$A447 -> CA401 | D16: =[3]Brewhouse!$AF447 -> 52.6 | E16: =[3]Brewhouse!$AI447 -> 53.3 | F16: =[3]Brewhouse!$V447 -> 65 | G16: =[3]Brewhouse!AG447 -> 11.6 | I16: =[3]Brewhouse!$AU447 -> 101.06395 | J16: =[3]Brewhouse!$AV447 -> 101.9438 | K16: =[3]Brewhouse!$Q447 -> 6.5064695 | L16: =[3]Brewhouse!$P447 -> 62 | M16: =[3]Brewhouse!$U447-[3]Brewhouse!$T447 -> 0.11388889 | N16: =[3]Brewhouse!$Z447 -> 0.30625 | O16: =[3]Brewhouse!$AX447 -> R. Regis | R16: =B16 -> CARIB | S16: =VLOOKUP($B16,$R$3:$X$9,2,FALSE) -> 11.6 | T16: =VLOOKUP($B16,$R$3:$X$9,3,FALSE) -> 12 | U16: =VLOOKUP($B16,$R$3:$X$9,4,FALSE) -> 0 | V16: =VLOOKUP($B16,$R$3:$X$9,5,FALSE) -> 0.11805556 | W16: =VLOOKUP($B16,$R$3:$X$9,6,FALSE) -> 0.22569444 | X16: =VLOOKUP($B16,$R$3:$X$9,7,FALSE) -> 0.26388889 | Y16: =VLOOKUP($B16,$R$3:$Z$9,8,FALSE) -> 0 | Z16: =VLOOKUP($B16,$R$3:$Z$9,9,FALSE) -> 60
B17: CARIB | C17: =[3]Brewhouse!$A448 -> CA402 | D17: =[3]Brewhouse!$AF448 -> 50.9 | E17: =[3]Brewhouse!$AI448 -> 50.83 | F17: =[3]Brewhouse!$V448 -> 64 | G17: =[3]Brewhouse!AG448 -> 11.8 | I17: =[3]Brewhouse!$AU448 -> 99.592276 | J17: =[3]Brewhouse!$AV448 -> 100.45863 | K17: =[3]Brewhouse!$Q448 -> 8.7245841 | L17: =[3]Brewhouse!$P448 -> 59 | M17: =[3]Brewhouse!$U448-[3]Brewhouse!$T448 -> 0.10902778 | N17: =[3]Brewhouse!$Z448 -> 0.275 | O17: =[3]Brewhouse!$AX448 -> R. Regis | R17: =B17 -> CARIB | S17: =VLOOKUP($B17,$R$3:$X$9,2,FALSE) -> 11.6 | T17: =VLOOKUP($B17,$R$3:$X$9,3,FALSE) -> 12 | U17: =VLOOKUP($B17,$R$3:$X$9,4,FALSE) -> 0 | V17: =VLOOKUP($B17,$R$3:$X$9,5,FALSE) -> 0.11805556 | W17: =VLOOKUP($B17,$R$3:$X$9,6,FALSE) -> 0.22569444 | X17: =VLOOKUP($B17,$R$3:$X$9,7,FALSE) -> 0.26388889 | Y17: =VLOOKUP($B17,$R$3:$Z$9,8,FALSE) -> 0 | Z17: =VLOOKUP($B17,$R$3:$Z$9,9,FALSE) -> 60
B18: CARIB | C18: =[3]Brewhouse!$A449 -> CA403 | D18: =[3]Brewhouse!$AF449 -> 49.8 | E18: =[3]Brewhouse!$AI449 -> 49.1 | F18: =[3]Brewhouse!$V449 -> 56 | G18: =[3]Brewhouse!AG449 -> 12 | H18: 12 | I18: =[3]Brewhouse!$AU449 -> 98.084549 | J18: =[3]Brewhouse!$AV449 -> 98.892312 | K18: =[3]Brewhouse!$Q449 -> 9.2791128 | L18: =[3]Brewhouse!$P449 -> 58 | M18: =[3]Brewhouse!$U449-[3]Brewhouse!$T449 -> 0.13333333 | N18: =[3]Brewhouse!$Z449 -> 0.27847222 | O18: =[3]Brewhouse!$AX449 -> R. Sookram | R18: =B18 -> CARIB | S18: =VLOOKUP($B18,$R$3:$X$9,2,FALSE) -> 11.6 | T18: =VLOOKUP($B18,$R$3:$X$9,3,FALSE) -> 12 | U18: =VLOOKUP($B18,$R$3:$X$9,4,FALSE) -> 0 | V18: =VLOOKUP($B18,$R$3:$X$9,5,FALSE) -> 0.11805556 | W18: =VLOOKUP($B18,$R$3:$X$9,6,FALSE) -> 0.22569444 | X18: =VLOOKUP($B18,$R$3:$X$9,7,FALSE) -> 0.26388889 | Y18: =VLOOKUP($B18,$R$3:$Z$9,8,FALSE) -> 0 | Z18: =VLOOKUP($B18,$R$3:$Z$9,9,FALSE) -> 60
B19: CARIB | C19: =[3]Brewhouse!$A450 -> CA404 | D19: =[3]Brewhouse!$AF450 -> 47.8 | E19: =[3]Brewhouse!$AI450 -> 48 | F19: =[3]Brewhouse!$V450 -> 74 | G19: =[3]Brewhouse!AG450 -> 12 | H19: 12.4 | I19: =[3]Brewhouse!$AU450 -> 96.006502 | J19: =[3]Brewhouse!$AV450 -> 96.797099 | K19: =[3]Brewhouse!$Q450 -> 12.97597 | L19: =[3]Brewhouse!$P450 -> 60 | M19: =[3]Brewhouse!$U450-[3]Brewhouse!$T450 -> 0.14027778 | N19: =[3]Brewhouse!$Z450 -> 0.29583333 | O19: =[3]Brewhouse!$AX450 -> R. Sookram | R19: =B19 -> CARIB | S19: =VLOOKUP($B19,$R$3:$X$9,2,FALSE) -> 11.6 | T19: =VLOOKUP($B19,$R$3:$X$9,3,FALSE) -> 12 | U19: =VLOOKUP($B19,$R$3:$X$9,4,FALSE) -> 0 | V19: =VLOOKUP($B19,$R$3:$X$9,5,FALSE) -> 0.11805556 | W19: =VLOOKUP($B19,$R$3:$X$9,6,FALSE) -> 0.22569444 | X19: =VLOOKUP($B19,$R$3:$X$9,7,FALSE) -> 0.26388889 | Y19: =VLOOKUP($B19,$R$3:$Z$9,8,FALSE) -> 0 | Z19: =VLOOKUP($B19,$R$3:$Z$9,9,FALSE) -> 60
B20: CARIB | C20: =[3]Brewhouse!$A451 -> CA405 | D20: =[3]Brewhouse!$AF451 -> 48 | E20: =[3]Brewhouse!$AI451 -> 47.2 | F20: =[3]Brewhouse!$V451 -> 55 | G20: =[3]Brewhouse!AG451 -> 12 | H20: 12 | I20: =[3]Brewhouse!$AU451 -> 94.406393 | J20: =[3]Brewhouse!$AV451 -> 95.183814 | K20: =[3]Brewhouse!$Q451 -> 12.444444 | L20: =[3]Brewhouse!$P451 -> 60 | M20: =[3]Brewhouse!$U451-[3]Brewhouse!$T451 -> 0.12847222 | N20: =[3]Brewhouse!$Z451 -> 0.28472222 | O20: =[3]Brewhouse!$AX451 -> R. Sookram | R20: =B20 -> CARIB | S20: =VLOOKUP($B20,$R$3:$X$9,2,FALSE) -> 11.6 | T20: =VLOOKUP($B20,$R$3:$X$9,3,FALSE) -> 12 | U20: =VLOOKUP($B20,$R$3:$X$9,4,FALSE) -> 0 | V20: =VLOOKUP($B20,$R$3:$X$9,5,FALSE) -> 0.11805556 | W20: =VLOOKUP($B20,$R$3:$X$9,6,FALSE) -> 0.22569444 | X20: =VLOOKUP($B20,$R$3:$X$9,7,FALSE) -> 0.26388889 | Y20: =VLOOKUP($B20,$R$3:$Z$9,8,FALSE) -> 0 | Z20: =VLOOKUP($B20,$R$3:$Z$9,9,FALSE) -> 60
B21: CARIB | C21: =[3]Brewhouse!$A452 -> CA406 | D21: =[3]Brewhouse!$AF452 -> 49.2 | E21: =[3]Brewhouse!$AI452 -> 48.7 | F21: =[3]Brewhouse!$V452 -> 55 | G21: =[3]Brewhouse!AG452 -> 11.9 | H21: 11.9 | I21: =[3]Brewhouse!$AU452 -> 96.433467 | J21: =[3]Brewhouse!$AV452 -> 97.227632 | K21: =[3]Brewhouse!$Q452 -> 10.222222 | L21: =[3]Brewhouse!$P452 -> 60 | M21: =[3]Brewhouse!$U452-[3]Brewhouse!$T452 -> 0.10833333 | N21: =[3]Brewhouse!$Z452 -> 0.24166667 | O21: =[3]Brewhouse!$AX452 -> K. Benjamin | R21: =B21 -> CARIB | S21: =VLOOKUP($B21,$R$3:$X$9,2,FALSE) -> 11.6 | T21: =VLOOKUP($B21,$R$3:$X$9,3,FALSE) -> 12 | U21: =VLOOKUP($B21,$R$3:$X$9,4,FALSE) -> 0 | V21: =VLOOKUP($B21,$R$3:$X$9,5,FALSE) -> 0.11805556 | W21: =VLOOKUP($B21,$R$3:$X$9,6,FALSE) -> 0.22569444 | X21: =VLOOKUP($B21,$R$3:$X$9,7,FALSE) -> 0.26388889 | Y21: =VLOOKUP($B21,$R$3:$Z$9,8,FALSE) -> 0 | Z21: =VLOOKUP($B21,$R$3:$Z$9,9,FALSE) -> 60
B22: CARIB | C22: =[3]Brewhouse!$A453 -> CA407 | D22: =[3]Brewhouse!$AF453 -> 49.9 | E22: =[3]Brewhouse!$AI453 -> 50.3 | F22: =[3]Brewhouse!$V453 -> 58 | G22: =[3]Brewhouse!AG453 -> 11.6 | H22: 11.9 | I22: =[3]Brewhouse!$AU453 -> 97.324683 | J22: =[3]Brewhouse!$AV453 -> 98.126028 | K22: =[3]Brewhouse!$Q453 -> 10.573013 | L22: =[3]Brewhouse!$P453 -> 61 | M22: =[3]Brewhouse!$U453-[3]Brewhouse!$T453 -> 0.10694444 | N22: =[3]Brewhouse!$Z453 -> 0.24652778 | O22: =[3]Brewhouse!$AX453 -> K. Benjamin | R22: =B22 -> CARIB | S22: =VLOOKUP($B22,$R$3:$X$9,2,FALSE) -> 11.6 | T22: =VLOOKUP($B22,$R$3:$X$9,3,FALSE) -> 12 | U22: =VLOOKUP($B22,$R$3:$X$9,4,FALSE) -> 0 | V22: =VLOOKUP($B22,$R$3:$X$9,5,FALSE) -> 0.11805556 | W22: =VLOOKUP($B22,$R$3:$X$9,6,FALSE) -> 0.22569444 | X22: =VLOOKUP($B22,$R$3:$X$9,7,FALSE) -> 0.26388889 | Y22: =VLOOKUP($B22,$R$3:$Z$9,8,FALSE) -> 0 | Z22: =VLOOKUP($B22,$R$3:$Z$9,9,FALSE) -> 60
B23: CARIB | C23: =[3]Brewhouse!$A454 -> CA408 | D23: =[3]Brewhouse!$AF454 -> 50 | E23: =[3]Brewhouse!$AI454 -> 50.5 | F23: =[3]Brewhouse!$V454 -> 58 | G23: =[3]Brewhouse!AG454 -> 11.7 | H23: 11.9 | I23: =[3]Brewhouse!$AU454 -> 98.352998 | J23: =[3]Brewhouse!$AV454 -> 99.162918 | K23: =[3]Brewhouse!$Q454 -> 8.909427 | L23: =[3]Brewhouse!$P454 -> 60 | M23: =[3]Brewhouse!$U454-[3]Brewhouse!$T454 -> 0.1125 | N23: =[3]Brewhouse!$Z454 -> 0.29513889 | O23: =[3]Brewhouse!$AX454 -> K. Benjamin | R23: =B23 -> CARIB | S23: =VLOOKUP($B23,$R$3:$X$9,2,FALSE) -> 11.6 | T23: =VLOOKUP($B23,$R$3:$X$9,3,FALSE) -> 12 | U23: =VLOOKUP($B23,$R$3:$X$9,4,FALSE) -> 0 | V23: =VLOOKUP($B23,$R$3:$X$9,5,FALSE) -> 0.11805556 | W23: =VLOOKUP($B23,$R$3:$X$9,6,FALSE) -> 0.22569444 | X23: =VLOOKUP($B23,$R$3:$X$9,7,FALSE) -> 0.26388889 | Y23: =VLOOKUP($B23,$R$3:$Z$9,8,FALSE) -> 0 | Z23: =VLOOKUP($B23,$R$3:$Z$9,9,FALSE) -> 60
B24: CARIB | C24: =[3]Brewhouse!$A455 -> CA409 | D24: =[3]Brewhouse!$AF455 -> 49.4 | E24: =[3]Brewhouse!$AI455 -> 50 | F24: =[3]Brewhouse!$V455 -> 61 | G24: =[3]Brewhouse!AG455 -> 11.7 | H24: 11.8 | I24: =[3]Brewhouse!$AU455 -> 97.744241 | J24: =[3]Brewhouse!$AV455 -> 98.548988 | K24: =[3]Brewhouse!$Q455 -> 10.018484 | L24: =[3]Brewhouse!$P455 -> 60 | M24: =[3]Brewhouse!$U455-[3]Brewhouse!$T455 -> 0.11666667 | N24: =[3]Brewhouse!$Z455 -> 0.26111111 | O24: =[3]Brewhouse!$AX455 -> R. Regis | R24: =B24 -> CARIB | S24: =VLOOKUP($B24,$R$3:$X$9,2,FALSE) -> 11.6 | T24: =VLOOKUP($B24,$R$3:$X$9,3,FALSE) -> 12 | U24: =VLOOKUP($B24,$R$3:$X$9,4,FALSE) -> 0 | V24: =VLOOKUP($B24,$R$3:$X$9,5,FALSE) -> 0.11805556 | W24: =VLOOKUP($B24,$R$3:$X$9,6,FALSE) -> 0.22569444 | X24: =VLOOKUP($B24,$R$3:$X$9,7,FALSE) -> 0.26388889 | Y24: =VLOOKUP($B24,$R$3:$Z$9,8,FALSE) -> 0 | Z24: =VLOOKUP($B24,$R$3:$Z$9,9,FALSE) -> 60
B25: CARIB | C25: =[3]Brewhouse!$A456 -> CA410 | D25: =[3]Brewhouse!$AF456 -> 50.2 | E25: =[3]Brewhouse!$AI456 -> 50.9 | F25: =[3]Brewhouse!$V456 -> 59 | G25: =[3]Brewhouse!AG456 -> 11.8 | I25: =[3]Brewhouse!$AU456 -> 100.27331 | J25: =[3]Brewhouse!$AV456 -> 101.09893 | K25: =[3]Brewhouse!$Q456 -> 10.018484 | L25: =[3]Brewhouse!$P456 -> 61 | M25: =[3]Brewhouse!$U456-[3]Brewhouse!$T456 -> 0.10486111 | N25: =[3]Brewhouse!$Z456 -> 0.23888889 | O25: =[3]Brewhouse!$AX456 -> R. Regis | R25: =B25 -> CARIB | S25: =VLOOKUP($B25,$R$3:$X$9,2,FALSE) -> 11.6 | T25: =VLOOKUP($B25,$R$3:$X$9,3,FALSE) -> 12 | U25: =VLOOKUP($B25,$R$3:$X$9,4,FALSE) -> 0 | V25: =VLOOKUP($B25,$R$3:$X$9,5,FALSE) -> 0.11805556 | W25: =VLOOKUP($B25,$R$3:$X$9,6,FALSE) -> 0.22569444 | X25: =VLOOKUP($B25,$R$3:$X$9,7,FALSE) -> 0.26388889 | Y25: =VLOOKUP($B25,$R$3:$Z$9,8,FALSE) -> 0 | Z25: =VLOOKUP($B25,$R$3:$Z$9,9,FALSE) -> 60
R26: =B26 -> 0 | S26: =VLOOKUP($B26,$R$3:$X$9,2,FALSE) -> #N/A | T26: =VLOOKUP($B26,$R$3:$X$9,3,FALSE) -> #N/A | U26: =VLOOKUP($B26,$R$3:$X$9,4,FALSE) -> #N/A | V26: =VLOOKUP($B26,$R$3:$X$9,5,FALSE) -> #N/A | W26: =VLOOKUP($B26,$R$3:$X$9,6,FALSE) -> #N/A | X26: =VLOOKUP($B26,$R$3:$X$9,7,FALSE) -> #N/A | Y26: =VLOOKUP($B26,$R$3:$Z$9,8,FALSE) -> #N/A | Z26: =VLOOKUP($B26,$R$3:$Z$9,9,FALSE) -> #N/A
R27: =B27 -> 0 | S27: =VLOOKUP($B27,$R$3:$X$9,2,FALSE) -> #N/A | T27: =VLOOKUP($B27,$R$3:$X$9,3,FALSE) -> #N/A | U27: =VLOOKUP($B27,$R$3:$X$9,4,FALSE) -> #N/A | V27: =VLOOKUP($B27,$R$3:$X$9,5,FALSE) -> #N/A | W27: =VLOOKUP($B27,$R$3:$X$9,6,FALSE) -> #N/A | X27: =VLOOKUP($B27,$R$3:$X$9,7,FALSE) -> #N/A | Y27: =VLOOKUP($B27,$R$3:$Z$9,8,FALSE) -> #N/A | Z27: =VLOOKUP($B27,$R$3:$Z$9,9,FALSE) -> #N/A
R28: =B28 -> 0 | S28: =VLOOKUP($B28,$R$3:$X$9,2,FALSE) -> #N/A | T28: =VLOOKUP($B28,$R$3:$X$9,3,FALSE) -> #N/A | U28: =VLOOKUP($B28,$R$3:$X$9,4,FALSE) -> #N/A | V28: =VLOOKUP($B28,$R$3:$X$9,5,FALSE) -> #N/A | W28: =VLOOKUP($B28,$R$3:$X$9,6,FALSE) -> #N/A | X28: =VLOOKUP($B28,$R$3:$X$9,7,FALSE) -> #N/A | Y28: =VLOOKUP($B28,$R$3:$Z$9,8,FALSE) -> #N/A | Z28: =VLOOKUP($B28,$R$3:$Z$9,9,FALSE) -> #N/A
R29: =B29 -> 0 | S29: =VLOOKUP($B29,$R$3:$X$9,2,FALSE) -> #N/A | T29: =VLOOKUP($B29,$R$3:$X$9,3,FALSE) -> #N/A | U29: =VLOOKUP($B29,$R$3:$X$9,4,FALSE) -> #N/A | V29: =VLOOKUP($B29,$R$3:$X$9,5,FALSE) -> #N/A | W29: =VLOOKUP($B29,$R$3:$X$9,6,FALSE) -> #N/A | X29: =VLOOKUP($B29,$R$3:$X$9,7,FALSE) -> #N/A | Y29: =VLOOKUP($B29,$R$3:$Z$9,8,FALSE) -> #N/A | Z29: =VLOOKUP($B29,$R$3:$Z$9,9,FALSE) -> #N/A
R30: =B30 -> 0 | S30: =VLOOKUP($B30,$R$3:$X$9,2,FALSE) -> #N/A | T30: =VLOOKUP($B30,$R$3:$X$9,3,FALSE) -> #N/A | U30: =VLOOKUP($B30,$R$3:$X$9,4,FALSE) -> #N/A | V30: =VLOOKUP($B30,$R$3:$X$9,5,FALSE) -> #N/A | W30: =VLOOKUP($B30,$R$3:$X$9,6,FALSE) -> #N/A | X30: =VLOOKUP($B30,$R$3:$X$9,7,FALSE) -> #N/A | Y30: =VLOOKUP($B30,$R$3:$Z$9,8,FALSE) -> #N/A | Z30: =VLOOKUP($B30,$R$3:$Z$9,9,FALSE) -> #N/A
B31: BRAND | D31: BBT P.G./ O.G | I31: Brand | K31: MTD No. of Brews | L31: MTD | M31: YTD | N31: Target | R31: =B31 -> BRAND | S31: =VLOOKUP($B31,$R$3:$X$9,2,FALSE) -> #N/A | T31: =VLOOKUP($B31,$R$3:$X$9,3,FALSE) -> #N/A | U31: =VLOOKUP($B31,$R$3:$X$9,4,FALSE) -> #N/A | V31: =VLOOKUP($B31,$R$3:$X$9,5,FALSE) -> #N/A | W31: =VLOOKUP($B31,$R$3:$X$9,6,FALSE) -> #N/A | X31: =VLOOKUP($B31,$R$3:$X$9,7,FALSE) -> #N/A | Y31: =VLOOKUP($B31,$R$3:$Z$9,8,FALSE) -> #N/A | Z31: =VLOOKUP($B31,$R$3:$Z$9,9,FALSE) -> #N/A
I32: CARIB | J32: =AVERAGE(I18:I25) -> 97.328267 | K32: =COUNTA([3]Brewhouse!$A$441:$A$456) -> 16 | L32: =AVERAGE([3]Brewhouse!$AU$441:$AU$456) -> 98.338207 | M32: =AVERAGE([3]Brewhouse!$AU$42:$AU$123,[3]Brewhouse!$AU$125:$AU$188,[3]Brewhouse!$AU$198:$AU$290,[3]Brewhouse!$AU$292:$AU$370,[3]Brewhouse!$AU$372:$AU$439,[3]Brewhouse!$AU$441:$AU$456) -> 97.98913 | N32: 98 | R32: =B32 -> 0 | S32: =VLOOKUP($B32,$R$3:$X$9,2,FALSE) -> #N/A | T32: =VLOOKUP($B32,$R$3:$X$9,3,FALSE) -> #N/A | U32: =VLOOKUP($B32,$R$3:$X$9,4,FALSE) -> #N/A | V32: =VLOOKUP($B32,$R$3:$X$9,5,FALSE) -> #N/A | W32: =VLOOKUP($B32,$R$3:$X$9,6,FALSE) -> #N/A | X32: =VLOOKUP($B32,$R$3:$X$9,7,FALSE) -> #N/A | Y32: =VLOOKUP($B32,$R$3:$Z$9,8,FALSE) -> #N/A | Z32: =VLOOKUP($B32,$R$3:$Z$9,9,FALSE) -> #N/A
I33: STAG | K33: =COUNTA([4]Brewhouse!$A$252:$A$261) -> 10 | L33: =AVERAGE([4]Brewhouse!$AS$252:$AS$261) -> 98.651084 | M33: =AVERAGE([4]Brewhouse!$AS$52:$AS$81,[4]Brewhouse!$AS$83:$AS$124,[4]Brewhouse!$AS$134:$AS$177,[4]Brewhouse!$AS$22:$AS$179,[4]Brewhouse!$AS$214:$AS$249,[4]Brewhouse!$AS$252:$AS$261) -> 97.99804 | N33: 98 | R33: =B33 -> 0 | S33: =VLOOKUP($B33,$R$3:$X$9,2,FALSE) -> #N/A | T33: =VLOOKUP($B33,$R$3:$X$9,3,FALSE) -> #N/A | U33: =VLOOKUP($B33,$R$3:$X$9,4,FALSE) -> #N/A | V33: =VLOOKUP($B33,$R$3:$X$9,5,FALSE) -> #N/A | W33: =VLOOKUP($B33,$R$3:$X$9,6,FALSE) -> #N/A | X33: =VLOOKUP($B33,$R$3:$X$9,7,FALSE) -> #N/A | Y33: =VLOOKUP($B33,$R$3:$Z$9,8,FALSE) -> #N/A | Z33: =VLOOKUP($B33,$R$3:$Z$9,9,FALSE) -> #N/A
I34: GUINNESS | K34: =COUNTA([5]Brewhouse!$A$62:$A$69) -> 8 | L34: =AVERAGE([5]Brewhouse!$AU$62:$AU$69) -> 95.865326 | M34: =AVERAGE([5]Brewhouse!$AU$16:$AU$23,[5]Brewhouse!$AU$25:$AU$32,[5]Brewhouse!$AU$34:$AU$41,[5]Brewhouse!$AU$43:$AU$60,[5]Brewhouse!$AU$62:$AU$69) -> 96.726836 | N34: 98 | R34: =B34 -> 0 | S34: =VLOOKUP($B34,$R$3:$X$9,2,FALSE) -> #N/A | T34: =VLOOKUP($B34,$R$3:$X$9,3,FALSE) -> #N/A | U34: =VLOOKUP($B34,$R$3:$X$9,4,FALSE) -> #N/A | V34: =VLOOKUP($B34,$R$3:$X$9,5,FALSE) -> #N/A | W34: =VLOOKUP($B34,$R$3:$X$9,6,FALSE) -> #N/A | X34: =VLOOKUP($B34,$R$3:$X$9,7,FALSE) -> #N/A | Y34: =VLOOKUP($B34,$R$3:$Z$9,8,FALSE) -> #N/A | Z34: =VLOOKUP($B34,$R$3:$Z$9,9,FALSE) -> #N/A
I35: VITAMALT | M35: =AVERAGE([6]Brewhouse!$AV$23:$AV$34,[6]Brewhouse!$AV$36,[6]Brewhouse!$AV$38:$AV$52,[6]Brewhouse!$AV$54:$AV$60,[6]Brewhouse!$AV$62:$AV$68) -> 97.579195 | N35: 98 | R35: =B35 -> 0 | S35: =VLOOKUP($B35,$R$3:$X$9,2,FALSE) -> #N/A | T35: =VLOOKUP($B35,$R$3:$X$9,3,FALSE) -> #N/A | U35: =VLOOKUP($B35,$R$3:$X$9,4,FALSE) -> #N/A | V35: =VLOOKUP($B35,$R$3:$X$9,5,FALSE) -> #N/A | W35: =VLOOKUP($B35,$R$3:$X$9,6,FALSE) -> #N/A | X35: =VLOOKUP($B35,$R$3:$X$9,7,FALSE) -> #N/A | Y35: =VLOOKUP($B35,$R$3:$Z$9,8,FALSE) -> #N/A | Z35: =VLOOKUP($B35,$R$3:$Z$9,9,FALSE) -> #N/A
I36: MAXIMALT | N36: 98 | R36: =B36 -> 0 | S36: =VLOOKUP($B36,$R$3:$X$9,2,FALSE) -> #N/A | T36: =VLOOKUP($B36,$R$3:$X$9,3,FALSE) -> #N/A | U36: =VLOOKUP($B36,$R$3:$X$9,4,FALSE) -> #N/A | V36: =VLOOKUP($B36,$R$3:$X$9,5,FALSE) -> #N/A | W36: =VLOOKUP($B36,$R$3:$X$9,6,FALSE) -> #N/A | X36: =VLOOKUP($B36,$R$3:$X$9,7,FALSE) -> #N/A | Y36: =VLOOKUP($B36,$R$3:$Z$9,8,FALSE) -> #N/A | Z36: =VLOOKUP($B36,$R$3:$Z$9,9,FALSE) -> #N/A
I37: MACKESON | M37: =AVERAGE([7]Brewhouse!$AT$4:$AT$11,[7]Brewhouse!$AT$13:$AT$16) -> 91.538375 | N37: 98 | R37: =B37 -> 0 | S37: =VLOOKUP($B37,$R$3:$X$9,2,FALSE) -> #N/A | T37: =VLOOKUP($B37,$R$3:$X$9,3,FALSE) -> #N/A | U37: =VLOOKUP($B37,$R$3:$X$9,4,FALSE) -> #N/A | V37: =VLOOKUP($B37,$R$3:$X$9,5,FALSE) -> #N/A | W37: =VLOOKUP($B37,$R$3:$X$9,6,FALSE) -> #N/A | X37: =VLOOKUP($B37,$R$3:$X$9,7,FALSE) -> #N/A | Y37: =VLOOKUP($B37,$R$3:$Z$9,8,FALSE) -> #N/A | Z37: =VLOOKUP($B37,$R$3:$Z$9,9,FALSE) -> #N/A
I38: STARMALT | M38: =AVERAGE([8]Brewhouse!$AY$5:$AY$14,[8]Brewhouse!$AY$16:$AY$23,[8]Brewhouse!$AY$42,[8]Brewhouse!$AY$44:$AY$51,[8]Brewhouse!$AY$53:$AY$64) -> 97.35935 | N38: 98 | R38: =B38 -> 0 | S38: =VLOOKUP($B38,$R$3:$X$9,2,FALSE) -> #N/A | T38: =VLOOKUP($B38,$R$3:$X$9,3,FALSE) -> #N/A | U38: =VLOOKUP($B38,$R$3:$X$9,4,FALSE) -> #N/A | V38: =VLOOKUP($B38,$R$3:$X$9,5,FALSE) -> #N/A | W38: =VLOOKUP($B38,$R$3:$X$9,6,FALSE) -> #N/A | X38: =VLOOKUP($B38,$R$3:$X$9,7,FALSE) -> #N/A | Y38: =VLOOKUP($B38,$R$3:$Z$9,8,FALSE) -> #N/A | Z38: =VLOOKUP($B38,$R$3:$Z$9,9,FALSE) -> #N/A
I39: HR- Pils | N39: 98 | R39: =B39 -> 0 | S39: =VLOOKUP($B39,$R$3:$X$9,2,FALSE) -> #N/A | T39: =VLOOKUP($B39,$R$3:$X$9,3,FALSE) -> #N/A | U39: =VLOOKUP($B39,$R$3:$X$9,4,FALSE) -> #N/A | V39: =VLOOKUP($B39,$R$3:$X$9,5,FALSE) -> #N/A | W39: =VLOOKUP($B39,$R$3:$X$9,6,FALSE) -> #N/A | X39: =VLOOKUP($B39,$R$3:$X$9,7,FALSE) -> #N/A | Y39: =VLOOKUP($B39,$R$3:$Z$9,8,FALSE) -> #N/A | Z39: =VLOOKUP($B39,$R$3:$Z$9,9,FALSE) -> #N/A
I40: HR- IPA | N40: 98 | R40: =B40 -> 0 | S40: =VLOOKUP($B40,$R$3:$X$9,2,FALSE) -> #N/A | T40: =VLOOKUP($B40,$R$3:$X$9,3,FALSE) -> #N/A | U40: =VLOOKUP($B40,$R$3:$X$9,4,FALSE) -> #N/A | V40: =VLOOKUP($B40,$R$3:$X$9,5,FALSE) -> #N/A | W40: =VLOOKUP($B40,$R$3:$X$9,6,FALSE) -> #N/A | X40: =VLOOKUP($B40,$R$3:$X$9,7,FALSE) -> #N/A | Y40: =VLOOKUP($B40,$R$3:$Z$9,8,FALSE) -> #N/A | Z40: =VLOOKUP($B40,$R$3:$Z$9,9,FALSE) -> #N/A
I41: HR- APA | N41: 98 | R41: =B41 -> 0 | S41: =VLOOKUP($B41,$R$3:$X$9,2,FALSE) -> #N/A | T41: =VLOOKUP($B41,$R$3:$X$9,3,FALSE) -> #N/A | U41: =VLOOKUP($B41,$R$3:$X$9,4,FALSE) -> #N/A | V41: =VLOOKUP($B41,$R$3:$X$9,5,FALSE) -> #N/A | W41: =VLOOKUP($B41,$R$3:$X$9,6,FALSE) -> #N/A | X41: =VLOOKUP($B41,$R$3:$X$9,7,FALSE) -> #N/A | Y41: =VLOOKUP($B41,$R$3:$Z$9,8,FALSE) -> #N/A | Z41: =VLOOKUP($B41,$R$3:$Z$9,9,FALSE) -> #N/A
K42: =SUM(K32:K41) -> 34 | L42: =((L32*K32)+(L33*K33)+(L34*K34)+(L35*K35)+(L36*K36)+(K39*L39)+(L37*K37)+(L38*K38)+(L41*K41))/(K42) -> 97.848375 | M42: =AVERAGE('[9]Jan30th-31st'!$L$42,L42) -> 97.838209 | N42: 98 | R42: =B42 -> 0 | S42: =VLOOKUP($B42,$R$3:$X$9,2,FALSE) -> #N/A | T42: =VLOOKUP($B42,$R$3:$X$9,3,FALSE) -> #N/A | U42: =VLOOKUP($B42,$R$3:$X$9,4,FALSE) -> #N/A | V42: =VLOOKUP($B42,$R$3:$X$9,5,FALSE) -> #N/A | W42: =VLOOKUP($B42,$R$3:$X$9,6,FALSE) -> #N/A | X42: =VLOOKUP($B42,$R$3:$X$9,7,FALSE) -> #N/A | Y42: =VLOOKUP($B42,$R$3:$Z$9,8,FALSE) -> #N/A | Z42: =VLOOKUP($B42,$R$3:$Z$9,9,FALSE) -> #N/A
R43: =B43 -> 0 | S43: =VLOOKUP($B43,$R$3:$X$9,2,FALSE) -> #N/A | T43: =VLOOKUP($B43,$R$3:$X$9,3,FALSE) -> #N/A | U43: =VLOOKUP($B43,$R$3:$X$9,4,FALSE) -> #N/A | V43: =VLOOKUP($B43,$R$3:$X$9,5,FALSE) -> #N/A | W43: =VLOOKUP($B43,$R$3:$X$9,6,FALSE) -> #N/A | X43: =VLOOKUP($B43,$R$3:$X$9,7,FALSE) -> #N/A | Y43: =VLOOKUP($B43,$R$3:$Z$9,8,FALSE) -> #N/A | Z43: =VLOOKUP($B43,$R$3:$Z$9,9,FALSE) -> #N/A
J44: Daily Brewing Plan
J45: Brand | K45: Brews Achieved | L45: Average Brews per day
J46: CARIB | K46: 8 | L46: MTD | M46: YTD | N46: TARGET
J47: STAG | L47: =AVERAGE('June 2nd'!K44,'June 3rd'!K52,'June 4th'!K47,'June 5th'!K46,'June 8th'!K48,K56) -> 5.6666667 | M47: =AVERAGE('[9]Jan30th-31st'!$L$47,L47,'[10]Feb 26th '!$L$39,'[11]Mar 31st'!$L$47,'[12]Apr 30th'!$L$46,'[13]May 29th '!$L$40) -> 6.2157554 | N47: 9.2
J48: GUINN
J49: VITAMALT
J50: STARMALT
J51: MACKESON
J52: HURRICANE REEF- IPA
J53: HURRICANE REEF- APA
B54: AVERAGE | J54: HR- PILSNER
J55: CARIBE
J56: Total | K56: =SUM(K46:K55) -> 8
B57: Process: | C57: Fermentation/Filtration
B59: Brand | C59: Filt. Date | D59: FV Hls | E59: GFE/ Prim/ Vita Blend (Hls) | F59: SV Hls | G59: BBT Hls | H59: Loss (%) Ferm | I59: Loss (%) Filt | J59: Comments | K59: Throughput | L59: Process Loss (%) | M59: Filt. Operator
AB60: 43474 | AC60: 43475 | AD60: 43476 | AE60: 43477 | AF60: 43478 | AG60: 43479 | AH60: 43480 | AI60: 43481 | AJ60: 43482 | AK60: 43483 | AL60: 43484 | AM60: 43485 | AN60: 43486 | AO60: 43487 | AP60: 43488 | AQ60: 43489 | AR60: 43490 | AS60: 43491 | AT60: 43492 | AU60: 43493 | AV60: 43494 | AW60: 43495 | AX60: 43496
AB61: =[16]January_2019!L5 -> 0 | AC61: =[16]January_2019!M5 -> 0 | AD61: =[16]January_2019!N5 -> 0 | AE61: =[16]January_2019!O5 -> 0 | AF61: =[16]January_2019!P5 -> 0 | AG61: =[16]January_2019!Q5 -> 0 | AH61: =[16]January_2019!R5 -> 0 | AI61: =[16]January_2019!S5 -> 0 | ... AX61: =[16]January_2019!AH5 -> 0
AB62: =[16]January_2019!L6 -> 0 | AC62: =[16]January_2019!M6 -> 0 | AD62: =[16]January_2019!N6 -> 0 | AE62: =[16]January_2019!O6 -> 0 | AF62: =[16]January_2019!P6 -> 0 | AG62: =[16]January_2019!Q6 -> 0 | AH62: =[16]January_2019!R6 -> 0 | AI62: =[16]January_2019!S6 -> 0 | ... AX62: =[16]January_2019!AH6 -> 0
AB63: =[16]January_2019!L7 -> 285.8 | AC63: =[16]January_2019!M7 -> 508.1 | AD63: =[16]January_2019!N7 -> 0 | AE63: =[16]January_2019!O7 -> 0 | AF63: =[16]January_2019!P7 -> 109.56667 | AG63: =[16]January_2019!Q7 -> 297.65 | AH63: =[16]January_2019!R7 -> 122.3 | AI63: =[16]January_2019!S7 -> 0 | ... AX63: =[16]January_2019!AH7 -> 0
B72: Process Loss (Volume) | G72: Process Loss (Extract) | K72: Throughput
B73: Brand | C73: Actual | D73: MTD | E73: YTD | F73: Target | G73: Actual | H73: MTD | I73: YTD | J73: Target | L73: MTD | M73: YTD | N73: Target
B74: CARIB | E74: 6.5623673 | F74: 4.8 | I74: 6.268867 | J74: 4.8 | M74: 0.51130548 | N74: 1
B75: STAG | E75: 5.8230181 | F75: 4.8 | I75: 5.4655642 | J75: 4.8 | M75: 0.68713505 | N75: 1
B76: GUINN | E76: 11.435861 | F76: 5.5 | I76: 12.618852 | J76: 5.5 | M76: 0.26444408 | N76: 1
B77: VITAMALT | E77: 4.7166249 | F77: 3.3 | I77: 4.7393663 | J77: 3.3 | M77: 0.7360401 | N77: 1
B78: APA | F78: 3.3 | J78: 3 | N78: 1
B79: MACKESON | E79: 5.1541347 | F79: 5.5 | I79: 7.4989047 | J79: 5.5 | M79: 1.0201754 | N79: 1
B80: STARMALT | E80: 3.7333963 | F80: 3.3 | I80: 4.8412395 | J80: 3.3 | M80: 0.84386696 | N80: 1
B81: IPA | F81: 7.5 | J81: 7.5 | N81: 1
B82: HURRICANE REEF PILS | F82: 4.8 | J82: 4.8 | N82: 1
E83: 6.3115024 | F83: 5.5 | I83: 6.3654183 | J83: 5.5 | M83: 0.57830161 | N83: 1

Sheet June 12th 
S1: P.G. | U1: Hot Time | W1: Process Time | Y1: Cooling Time
B2: Brewing Department Daily Process Loss Report | S2: Lower | T2: Upper | U2: Lower | V2: Upper | W2: Lower | X2: Upper | Y2: Lower | Z2: Upper
R3: CARIB | S3: 11.6 | T3: 12 | U3: 0 | V3: 0.11805556 | W3: 0.22569444 | X3: 0.26388889 | Y3: 0 | Z3: 60 | AB3: HR- PISNER
B4: Date: | C4: 46188 | J4: LOT WORT COLOUR: | M4: Filter Sheets (Target 20 days) | R4: STAG | S4: 11.6 | T4: 12 | U4: 0 | V4: 0.11805556 | W4: 0.22569444 | X4: 0.26388889 | Y4: 0 | Z4: 60
M5: Double | N5: Single | R5: GUINNESS | S5: 17 | T5: 17.5 | U5: 0 | V5: 0.10763889 | W5: 0.24652778 | X5: 0.28472222 | Y5: 0 | Z5: 60
J6: MALT LOT: Lot #13 | L6: Sheet Day | R6: MACKESON | S6: 13.3 | T6: 13.5 | U6: 0 | V6: 0.12905093 | W6: 0.27430556 | X6: 0.30208333 | Y6: 0
R7: STARMALT | S7: 17 | T7: 17.4 | U7: 0 | V7: 0.13605324 | W7: 0.27430556 | X7: 0.30902778 | Y7: 0 | Z7: 85
B8: Brand | C8: Brew no. | D8: Kett. Hls | E8: Wort | F8: Cool Time(Mins) | G8: Cast. P.G. (Lab Result) | H8: Cast P.G. (Cellar Operator)-gravity | I8: Extr. Rec (77.9%) | J8: Theor. Extr. (77.5%) | K8: Boil Off /Vol. (4-6%) | L8: Boil Time | M8: Total Hot | N8: Brewing Time | O8: Operator | R8: Hurricane Reef | S8: 16.6 | T8: 17 | U8: 0 | V8: 0.12905093 | W8: 0.27430556 | X8: 0.30208333 | Y8: 0
E9: Meter (Hls) | F9: Target(< 60Mins) | M9: Time | R9: VITAMALT | S9: 14.2 | T9: 14.6 | U9: 0 | V9: 0.13905093 | W9: 0.26041667 | X9: 0.29513889 | Y9: 0 | Z9: 75
B10: CARIB | C10: =[3]Brewhouse!$A441 -> CA395 | D10: =[3]Brewhouse!$AF441 -> 47.9 | E10: =[3]Brewhouse!$AI441 -> 47.9 | F10: =[3]Brewhouse!$V441 -> 60 | G10: =[3]Brewhouse!AG441 -> 12 | I10: =[3]Brewhouse!$AU441 -> 94.352991 | J10: =[3]Brewhouse!$AV441 -> 95.174307 | K10: =[3]Brewhouse!$Q441 -> 12.62963 | L10: =[3]Brewhouse!$P441 -> 57 | M10: =[3]Brewhouse!$U441-[3]Brewhouse!$T441 -> 0.12708333 | N10: =[3]Brewhouse!$Z441 -> 0.32847222 | O10: =[3]Brewhouse!$AX441 -> R. Regis | R10: =B10 -> CARIB | S10: =VLOOKUP($B10,$R$3:$X$9,2,FALSE) -> 11.6 | T10: =VLOOKUP($B10,$R$3:$X$9,3,FALSE) -> 12 | U10: =VLOOKUP($B10,$R$3:$X$9,4,FALSE) -> 0 | V10: =VLOOKUP($B10,$R$3:$X$9,5,FALSE) -> 0.11805556 | W10: =VLOOKUP($B10,$R$3:$X$9,6,FALSE) -> 0.22569444 | X10: =VLOOKUP($B10,$R$3:$X$9,7,FALSE) -> 0.26388889 | Y10: =VLOOKUP($B10,$R$3:$Z$9,8,FALSE) -> 0 | Z10: =VLOOKUP($B10,$R$3:$Z$9,9,FALSE) -> 60
B11: CARIB | C11: =[3]Brewhouse!$A442 -> CA396 | D11: =[3]Brewhouse!$AF442 -> 50.4 | E11: =[3]Brewhouse!$AI442 -> 50.1 | F11: =[3]Brewhouse!$V442 -> 47 | G11: =[3]Brewhouse!AG442 -> 12 | I11: =[3]Brewhouse!$AU442 -> 99.788106 | J11: =[3]Brewhouse!$AV442 -> 100.65623 | K11: =[3]Brewhouse!$Q442 -> 9.6487985 | L11: =[3]Brewhouse!$P442 -> 60 | M11: =[3]Brewhouse!$U442-[3]Brewhouse!$T442 -> 0.10555556 | N11: =[3]Brewhouse!$Z442 -> 0.26527778 | O11: =[3]Brewhouse!$AX442 -> R. Sookram | R11: =B11 -> CARIB | S11: =VLOOKUP($B11,$R$3:$X$9,2,FALSE) -> 11.6 | T11: =VLOOKUP($B11,$R$3:$X$9,3,FALSE) -> 12 | U11: =VLOOKUP($B11,$R$3:$X$9,4,FALSE) -> 0 | V11: =VLOOKUP($B11,$R$3:$X$9,5,FALSE) -> 0.11805556 | W11: =VLOOKUP($B11,$R$3:$X$9,6,FALSE) -> 0.22569444 | X11: =VLOOKUP($B11,$R$3:$X$9,7,FALSE) -> 0.26388889 | Y11: =VLOOKUP($B11,$R$3:$Z$9,8,FALSE) -> 0 | Z11: =VLOOKUP($B11,$R$3:$Z$9,9,FALSE) -> 60
B12: CARIB | C12: =[3]Brewhouse!$A443 -> CA397 | D12: =[3]Brewhouse!$AF443 -> 49.8 | E12: =[3]Brewhouse!$AI443 -> 49.5 | F12: =[3]Brewhouse!$V443 -> 50 | G12: =[3]Brewhouse!AG443 -> 12 | I12: =[3]Brewhouse!$AU443 -> 98.715472 | J12: =[3]Brewhouse!$AV443 -> 99.574203 | K12: =[3]Brewhouse!$Q443 -> 11.333333 | L12: =[3]Brewhouse!$P443 -> 60 | M12: =[3]Brewhouse!$U443-[3]Brewhouse!$T443 -> 0.10069444 | N12: =[3]Brewhouse!$Z443 -> 0.25694444 | O12: =[3]Brewhouse!$AX443 -> R. Sookram | R12: =B12 -> CARIB | S12: =VLOOKUP($B12,$R$3:$X$9,2,FALSE) -> 11.6 | T12: =VLOOKUP($B12,$R$3:$X$9,3,FALSE) -> 12 | U12: =VLOOKUP($B12,$R$3:$X$9,4,FALSE) -> 0 | V12: =VLOOKUP($B12,$R$3:$X$9,5,FALSE) -> 0.11805556 | W12: =VLOOKUP($B12,$R$3:$X$9,6,FALSE) -> 0.22569444 | X12: =VLOOKUP($B12,$R$3:$X$9,7,FALSE) -> 0.26388889 | Y12: =VLOOKUP($B12,$R$3:$Z$9,8,FALSE) -> 0 | Z12: =VLOOKUP($B12,$R$3:$Z$9,9,FALSE) -> 60
B13: CARIB | C13: =[3]Brewhouse!$A444 -> CA398 | D13: =[3]Brewhouse!$AF444 -> 51 | E13: =[3]Brewhouse!$AI444 -> 50 | F13: =[3]Brewhouse!$V444 -> 55 | G13: =[3]Brewhouse!AG444 -> 11.9 | I13: =[3]Brewhouse!$AU444 -> 98.839319 | J13: =[3]Brewhouse!$AV444 -> 99.699127 | K13: =[3]Brewhouse!$Q444 -> 7.6296296 | L13: =[3]Brewhouse!$P444 -> 61 | M13: =[3]Brewhouse!$U444-[3]Brewhouse!$T444 -> 0.10625 | N13: =[3]Brewhouse!$Z444 -> 0.24305556 | O13: =[3]Brewhouse!$AX444 -> K. Benjamin | R13: =B13 -> CARIB | S13: =VLOOKUP($B13,$R$3:$X$9,2,FALSE) -> 11.6 | T13: =VLOOKUP($B13,$R$3:$X$9,3,FALSE) -> 12 | U13: =VLOOKUP($B13,$R$3:$X$9,4,FALSE) -> 0 | V13: =VLOOKUP($B13,$R$3:$X$9,5,FALSE) -> 0.11805556 | W13: =VLOOKUP($B13,$R$3:$X$9,6,FALSE) -> 0.22569444 | X13: =VLOOKUP($B13,$R$3:$X$9,7,FALSE) -> 0.26388889 | Y13: =VLOOKUP($B13,$R$3:$Z$9,8,FALSE) -> 0 | Z13: =VLOOKUP($B13,$R$3:$Z$9,9,FALSE) -> 60
B14: CARIB | C14: =[3]Brewhouse!$A445 -> CA399 | D14: =[3]Brewhouse!$AF445 -> 50.9 | E14: =[3]Brewhouse!$AI445 -> 50.5 | F14: =[3]Brewhouse!$V445 -> 61 | G14: =[3]Brewhouse!AG445 -> 11.9 | I14: =[3]Brewhouse!$AU445 -> 99.827713 | J14: =[3]Brewhouse!$AV445 -> 100.69612 | K14: =[3]Brewhouse!$Q445 -> 7.8148148 | L14: =[3]Brewhouse!$P445 -> 61 | M14: =[3]Brewhouse!$U445-[3]Brewhouse!$T445 -> 0.10625 | N14: =[3]Brewhouse!$Z445 -> 0.25833333 | O14: =[3]Brewhouse!$AX445 -> K. Benjamin | R14: =B14 -> CARIB | S14: =VLOOKUP($B14,$R$3:$X$9,2,FALSE) -> 11.6 | T14: =VLOOKUP($B14,$R$3:$X$9,3,FALSE) -> 12 | U14: =VLOOKUP($B14,$R$3:$X$9,4,FALSE) -> 0 | V14: =VLOOKUP($B14,$R$3:$X$9,5,FALSE) -> 0.11805556 | W14: =VLOOKUP($B14,$R$3:$X$9,6,FALSE) -> 0.22569444 | X14: =VLOOKUP($B14,$R$3:$X$9,7,FALSE) -> 0.26388889 | Y14: =VLOOKUP($B14,$R$3:$Z$9,8,FALSE) -> 0 | Z14: =VLOOKUP($B14,$R$3:$Z$9,9,FALSE) -> 60
B15: CARIB | C15: =[3]Brewhouse!$A446 -> CA400 | D15: =[3]Brewhouse!$AF446 -> 52.1 | E15: =[3]Brewhouse!$AI446 -> 51.77 | F15: =[3]Brewhouse!$V446 -> 60 | G15: =[3]Brewhouse!AG446 -> 12 | I15: =[3]Brewhouse!$AU446 -> 102.60535 | J15: =[3]Brewhouse!$AV446 -> 103.49821 | K15: =[3]Brewhouse!$Q446 -> 8.1700555 | L15: =[3]Brewhouse!$P446 -> 61 | M15: =[3]Brewhouse!$U446-[3]Brewhouse!$T446 -> 0.11111111 | N15: =[3]Brewhouse!$Z446 -> 0.26319444 | O15: =[3]Brewhouse!$AX446 -> K. Benjamin | R15: =B15 -> CARIB | S15: =VLOOKUP($B15,$R$3:$X$9,2,FALSE) -> 11.6 | T15: =VLOOKUP($B15,$R$3:$X$9,3,FALSE) -> 12 | U15: =VLOOKUP($B15,$R$3:$X$9,4,FALSE) -> 0 | V15: =VLOOKUP($B15,$R$3:$X$9,5,FALSE) -> 0.11805556 | W15: =VLOOKUP($B15,$R$3:$X$9,6,FALSE) -> 0.22569444 | X15: =VLOOKUP($B15,$R$3:$X$9,7,FALSE) -> 0.26388889 | Y15: =VLOOKUP($B15,$R$3:$Z$9,8,FALSE) -> 0 | Z15: =VLOOKUP($B15,$R$3:$Z$9,9,FALSE) -> 60
B16: CARIB | C16: =[3]Brewhouse!$A447 -> CA401 | D16: =[3]Brewhouse!$AF447 -> 52.6 | E16: =[3]Brewhouse!$AI447 -> 53.3 | F16: =[3]Brewhouse!$V447 -> 65 | G16: =[3]Brewhouse!AG447 -> 11.6 | I16: =[3]Brewhouse!$AU447 -> 101.06395 | J16: =[3]Brewhouse!$AV447 -> 101.9438 | K16: =[3]Brewhouse!$Q447 -> 6.5064695 | L16: =[3]Brewhouse!$P447 -> 62 | M16: =[3]Brewhouse!$U447-[3]Brewhouse!$T447 -> 0.11388889 | N16: =[3]Brewhouse!$Z447 -> 0.30625 | O16: =[3]Brewhouse!$AX447 -> R. Regis | R16: =B16 -> CARIB | S16: =VLOOKUP($B16,$R$3:$X$9,2,FALSE) -> 11.6 | T16: =VLOOKUP($B16,$R$3:$X$9,3,FALSE) -> 12 | U16: =VLOOKUP($B16,$R$3:$X$9,4,FALSE) -> 0 | V16: =VLOOKUP($B16,$R$3:$X$9,5,FALSE) -> 0.11805556 | W16: =VLOOKUP($B16,$R$3:$X$9,6,FALSE) -> 0.22569444 | X16: =VLOOKUP($B16,$R$3:$X$9,7,FALSE) -> 0.26388889 | Y16: =VLOOKUP($B16,$R$3:$Z$9,8,FALSE) -> 0 | Z16: =VLOOKUP($B16,$R$3:$Z$9,9,FALSE) -> 60
B17: CARIB | C17: =[3]Brewhouse!$A448 -> CA402 | D17: =[3]Brewhouse!$AF448 -> 50.9 | E17: =[3]Brewhouse!$AI448 -> 50.83 | F17: =[3]Brewhouse!$V448 -> 64 | G17: =[3]Brewhouse!AG448 -> 11.8 | I17: =[3]Brewhouse!$AU448 -> 99.592276 | J17: =[3]Brewhouse!$AV448 -> 100.45863 | K17: =[3]Brewhouse!$Q448 -> 8.7245841 | L17: =[3]Brewhouse!$P448 -> 59 | M17: =[3]Brewhouse!$U448-[3]Brewhouse!$T448 -> 0.10902778 | N17: =[3]Brewhouse!$Z448 -> 0.275 | O17: =[3]Brewhouse!$AX448 -> R. Regis | R17: =B17 -> CARIB | S17: =VLOOKUP($B17,$R$3:$X$9,2,FALSE) -> 11.6 | T17: =VLOOKUP($B17,$R$3:$X$9,3,FALSE) -> 12 | U17: =VLOOKUP($B17,$R$3:$X$9,4,FALSE) -> 0 | V17: =VLOOKUP($B17,$R$3:$X$9,5,FALSE) -> 0.11805556 | W17: =VLOOKUP($B17,$R$3:$X$9,6,FALSE) -> 0.22569444 | X17: =VLOOKUP($B17,$R$3:$X$9,7,FALSE) -> 0.26388889 | Y17: =VLOOKUP($B17,$R$3:$Z$9,8,FALSE) -> 0 | Z17: =VLOOKUP($B17,$R$3:$Z$9,9,FALSE) -> 60
R18: =B18 -> 0 | S18: =VLOOKUP($B18,$R$3:$X$9,2,FALSE) -> #N/A | T18: =VLOOKUP($B18,$R$3:$X$9,3,FALSE) -> #N/A | U18: =VLOOKUP($B18,$R$3:$X$9,4,FALSE) -> #N/A | V18: =VLOOKUP($B18,$R$3:$X$9,5,FALSE) -> #N/A | W18: =VLOOKUP($B18,$R$3:$X$9,6,FALSE) -> #N/A | X18: =VLOOKUP($B18,$R$3:$X$9,7,FALSE) -> #N/A | Y18: =VLOOKUP($B18,$R$3:$Z$9,8,FALSE) -> #N/A | Z18: =VLOOKUP($B18,$R$3:$Z$9,9,FALSE) -> #N/A
R19: =B19 -> 0 | S19: =VLOOKUP($B19,$R$3:$X$9,2,FALSE) -> #N/A | T19: =VLOOKUP($B19,$R$3:$X$9,3,FALSE) -> #N/A | U19: =VLOOKUP($B19,$R$3:$X$9,4,FALSE) -> #N/A | V19: =VLOOKUP($B19,$R$3:$X$9,5,FALSE) -> #N/A | W19: =VLOOKUP($B19,$R$3:$X$9,6,FALSE) -> #N/A | X19: =VLOOKUP($B19,$R$3:$X$9,7,FALSE) -> #N/A | Y19: =VLOOKUP($B19,$R$3:$Z$9,8,FALSE) -> #N/A | Z19: =VLOOKUP($B19,$R$3:$Z$9,9,FALSE) -> #N/A
R20: =B20 -> 0 | S20: =VLOOKUP($B20,$R$3:$X$9,2,FALSE) -> #N/A | T20: =VLOOKUP($B20,$R$3:$X$9,3,FALSE) -> #N/A | U20: =VLOOKUP($B20,$R$3:$X$9,4,FALSE) -> #N/A | V20: =VLOOKUP($B20,$R$3:$X$9,5,FALSE) -> #N/A | W20: =VLOOKUP($B20,$R$3:$X$9,6,FALSE) -> #N/A | X20: =VLOOKUP($B20,$R$3:$X$9,7,FALSE) -> #N/A | Y20: =VLOOKUP($B20,$R$3:$Z$9,8,FALSE) -> #N/A | Z20: =VLOOKUP($B20,$R$3:$Z$9,9,FALSE) -> #N/A
R21: =B21 -> 0 | S21: =VLOOKUP($B21,$R$3:$X$9,2,FALSE) -> #N/A | T21: =VLOOKUP($B21,$R$3:$X$9,3,FALSE) -> #N/A | U21: =VLOOKUP($B21,$R$3:$X$9,4,FALSE) -> #N/A | V21: =VLOOKUP($B21,$R$3:$X$9,5,FALSE) -> #N/A | W21: =VLOOKUP($B21,$R$3:$X$9,6,FALSE) -> #N/A | X21: =VLOOKUP($B21,$R$3:$X$9,7,FALSE) -> #N/A | Y21: =VLOOKUP($B21,$R$3:$Z$9,8,FALSE) -> #N/A | Z21: =VLOOKUP($B21,$R$3:$Z$9,9,FALSE) -> #N/A
R22: =B22 -> 0 | S22: =VLOOKUP($B22,$R$3:$X$9,2,FALSE) -> #N/A | T22: =VLOOKUP($B22,$R$3:$X$9,3,FALSE) -> #N/A | U22: =VLOOKUP($B22,$R$3:$X$9,4,FALSE) -> #N/A | V22: =VLOOKUP($B22,$R$3:$X$9,5,FALSE) -> #N/A | W22: =VLOOKUP($B22,$R$3:$X$9,6,FALSE) -> #N/A | X22: =VLOOKUP($B22,$R$3:$X$9,7,FALSE) -> #N/A | Y22: =VLOOKUP($B22,$R$3:$Z$9,8,FALSE) -> #N/A | Z22: =VLOOKUP($B22,$R$3:$Z$9,9,FALSE) -> #N/A
R23: =B23 -> 0 | S23: =VLOOKUP($B23,$R$3:$X$9,2,FALSE) -> #N/A | T23: =VLOOKUP($B23,$R$3:$X$9,3,FALSE) -> #N/A | U23: =VLOOKUP($B23,$R$3:$X$9,4,FALSE) -> #N/A | V23: =VLOOKUP($B23,$R$3:$X$9,5,FALSE) -> #N/A | W23: =VLOOKUP($B23,$R$3:$X$9,6,FALSE) -> #N/A | X23: =VLOOKUP($B23,$R$3:$X$9,7,FALSE) -> #N/A | Y23: =VLOOKUP($B23,$R$3:$Z$9,8,FALSE) -> #N/A | Z23: =VLOOKUP($B23,$R$3:$Z$9,9,FALSE) -> #N/A
R24: =B24 -> 0 | S24: =VLOOKUP($B24,$R$3:$X$9,2,FALSE) -> #N/A | T24: =VLOOKUP($B24,$R$3:$X$9,3,FALSE) -> #N/A | U24: =VLOOKUP($B24,$R$3:$X$9,4,FALSE) -> #N/A | V24: =VLOOKUP($B24,$R$3:$X$9,5,FALSE) -> #N/A | W24: =VLOOKUP($B24,$R$3:$X$9,6,FALSE) -> #N/A | X24: =VLOOKUP($B24,$R$3:$X$9,7,FALSE) -> #N/A | Y24: =VLOOKUP($B24,$R$3:$Z$9,8,FALSE) -> #N/A | Z24: =VLOOKUP($B24,$R$3:$Z$9,9,FALSE) -> #N/A
R25: =B25 -> 0 | S25: =VLOOKUP($B25,$R$3:$X$9,2,FALSE) -> #N/A | T25: =VLOOKUP($B25,$R$3:$X$9,3,FALSE) -> #N/A | U25: =VLOOKUP($B25,$R$3:$X$9,4,FALSE) -> #N/A | V25: =VLOOKUP($B25,$R$3:$X$9,5,FALSE) -> #N/A | W25: =VLOOKUP($B25,$R$3:$X$9,6,FALSE) -> #N/A | X25: =VLOOKUP($B25,$R$3:$X$9,7,FALSE) -> #N/A | Y25: =VLOOKUP($B25,$R$3:$Z$9,8,FALSE) -> #N/A | Z25: =VLOOKUP($B25,$R$3:$Z$9,9,FALSE) -> #N/A
R26: =B26 -> 0 | S26: =VLOOKUP($B26,$R$3:$X$9,2,FALSE) -> #N/A | T26: =VLOOKUP($B26,$R$3:$X$9,3,FALSE) -> #N/A | U26: =VLOOKUP($B26,$R$3:$X$9,4,FALSE) -> #N/A | V26: =VLOOKUP($B26,$R$3:$X$9,5,FALSE) -> #N/A | W26: =VLOOKUP($B26,$R$3:$X$9,6,FALSE) -> #N/A | X26: =VLOOKUP($B26,$R$3:$X$9,7,FALSE) -> #N/A | Y26: =VLOOKUP($B26,$R$3:$Z$9,8,FALSE) -> #N/A | Z26: =VLOOKUP($B26,$R$3:$Z$9,9,FALSE) -> #N/A
R27: =B27 -> 0 | S27: =VLOOKUP($B27,$R$3:$X$9,2,FALSE) -> #N/A | T27: =VLOOKUP($B27,$R$3:$X$9,3,FALSE) -> #N/A | U27: =VLOOKUP($B27,$R$3:$X$9,4,FALSE) -> #N/A | V27: =VLOOKUP($B27,$R$3:$X$9,5,FALSE) -> #N/A | W27: =VLOOKUP($B27,$R$3:$X$9,6,FALSE) -> #N/A | X27: =VLOOKUP($B27,$R$3:$X$9,7,FALSE) -> #N/A | Y27: =VLOOKUP($B27,$R$3:$Z$9,8,FALSE) -> #N/A | Z27: =VLOOKUP($B27,$R$3:$Z$9,9,FALSE) -> #N/A
R28: =B28 -> 0 | S28: =VLOOKUP($B28,$R$3:$X$9,2,FALSE) -> #N/A | T28: =VLOOKUP($B28,$R$3:$X$9,3,FALSE) -> #N/A | U28: =VLOOKUP($B28,$R$3:$X$9,4,FALSE) -> #N/A | V28: =VLOOKUP($B28,$R$3:$X$9,5,FALSE) -> #N/A | W28: =VLOOKUP($B28,$R$3:$X$9,6,FALSE) -> #N/A | X28: =VLOOKUP($B28,$R$3:$X$9,7,FALSE) -> #N/A | Y28: =VLOOKUP($B28,$R$3:$Z$9,8,FALSE) -> #N/A | Z28: =VLOOKUP($B28,$R$3:$Z$9,9,FALSE) -> #N/A
R29: =B29 -> 0 | S29: =VLOOKUP($B29,$R$3:$X$9,2,FALSE) -> #N/A | T29: =VLOOKUP($B29,$R$3:$X$9,3,FALSE) -> #N/A | U29: =VLOOKUP($B29,$R$3:$X$9,4,FALSE) -> #N/A | V29: =VLOOKUP($B29,$R$3:$X$9,5,FALSE) -> #N/A | W29: =VLOOKUP($B29,$R$3:$X$9,6,FALSE) -> #N/A | X29: =VLOOKUP($B29,$R$3:$X$9,7,FALSE) -> #N/A | Y29: =VLOOKUP($B29,$R$3:$Z$9,8,FALSE) -> #N/A | Z29: =VLOOKUP($B29,$R$3:$Z$9,9,FALSE) -> #N/A
R30: =B30 -> 0 | S30: =VLOOKUP($B30,$R$3:$X$9,2,FALSE) -> #N/A | T30: =VLOOKUP($B30,$R$3:$X$9,3,FALSE) -> #N/A | U30: =VLOOKUP($B30,$R$3:$X$9,4,FALSE) -> #N/A | V30: =VLOOKUP($B30,$R$3:$X$9,5,FALSE) -> #N/A | W30: =VLOOKUP($B30,$R$3:$X$9,6,FALSE) -> #N/A | X30: =VLOOKUP($B30,$R$3:$X$9,7,FALSE) -> #N/A | Y30: =VLOOKUP($B30,$R$3:$Z$9,8,FALSE) -> #N/A | Z30: =VLOOKUP($B30,$R$3:$Z$9,9,FALSE) -> #N/A
B31: BRAND | D31: BBT P.G./ O.G | I31: Brand | K31: MTD No. of Brews | L31: MTD | M31: YTD | N31: Target | R31: =B31 -> BRAND | S31: =VLOOKUP($B31,$R$3:$X$9,2,FALSE) -> #N/A | T31: =VLOOKUP($B31,$R$3:$X$9,3,FALSE) -> #N/A | U31: =VLOOKUP($B31,$R$3:$X$9,4,FALSE) -> #N/A | V31: =VLOOKUP($B31,$R$3:$X$9,5,FALSE) -> #N/A | W31: =VLOOKUP($B31,$R$3:$X$9,6,FALSE) -> #N/A | X31: =VLOOKUP($B31,$R$3:$X$9,7,FALSE) -> #N/A | Y31: =VLOOKUP($B31,$R$3:$Z$9,8,FALSE) -> #N/A | Z31: =VLOOKUP($B31,$R$3:$Z$9,9,FALSE) -> #N/A
I32: CARIB | K32: =COUNTA([3]Brewhouse!$A$441:$A$456) -> 16 | L32: =AVERAGE([3]Brewhouse!$AU$441:$AU$456) -> 98.338207 | M32: =AVERAGE([3]Brewhouse!$AU$42:$AU$123,[3]Brewhouse!$AU$125:$AU$188,[3]Brewhouse!$AU$198:$AU$290,[3]Brewhouse!$AU$292:$AU$370,[3]Brewhouse!$AU$372:$AU$439,[3]Brewhouse!$AU$441:$AU$456) -> 97.98913 | N32: 98 | R32: =B32 -> 0 | S32: =VLOOKUP($B32,$R$3:$X$9,2,FALSE) -> #N/A | T32: =VLOOKUP($B32,$R$3:$X$9,3,FALSE) -> #N/A | U32: =VLOOKUP($B32,$R$3:$X$9,4,FALSE) -> #N/A | V32: =VLOOKUP($B32,$R$3:$X$9,5,FALSE) -> #N/A | W32: =VLOOKUP($B32,$R$3:$X$9,6,FALSE) -> #N/A | X32: =VLOOKUP($B32,$R$3:$X$9,7,FALSE) -> #N/A | Y32: =VLOOKUP($B32,$R$3:$Z$9,8,FALSE) -> #N/A | Z32: =VLOOKUP($B32,$R$3:$Z$9,9,FALSE) -> #N/A
I33: STAG | K33: =COUNTA([4]Brewhouse!$A$252:$A$261) -> 10 | L33: =AVERAGE([4]Brewhouse!$AS$252:$AS$261) -> 98.651084 | M33: =AVERAGE([4]Brewhouse!$AS$52:$AS$81,[4]Brewhouse!$AS$83:$AS$124,[4]Brewhouse!$AS$134:$AS$177,[4]Brewhouse!$AS$22:$AS$179,[4]Brewhouse!$AS$214:$AS$249,[4]Brewhouse!$AS$252:$AS$261) -> 97.99804 | N33: 98 | R33: =B33 -> 0 | S33: =VLOOKUP($B33,$R$3:$X$9,2,FALSE) -> #N/A | T33: =VLOOKUP($B33,$R$3:$X$9,3,FALSE) -> #N/A | U33: =VLOOKUP($B33,$R$3:$X$9,4,FALSE) -> #N/A | V33: =VLOOKUP($B33,$R$3:$X$9,5,FALSE) -> #N/A | W33: =VLOOKUP($B33,$R$3:$X$9,6,FALSE) -> #N/A | X33: =VLOOKUP($B33,$R$3:$X$9,7,FALSE) -> #N/A | Y33: =VLOOKUP($B33,$R$3:$Z$9,8,FALSE) -> #N/A | Z33: =VLOOKUP($B33,$R$3:$Z$9,9,FALSE) -> #N/A
I34: GUINNESS | K34: =COUNTA([5]Brewhouse!$A$62:$A$69) -> 8 | L34: =AVERAGE([5]Brewhouse!$AU$62:$AU$69) -> 95.865326 | M34: =AVERAGE([5]Brewhouse!$AU$16:$AU$23,[5]Brewhouse!$AU$25:$AU$32,[5]Brewhouse!$AU$34:$AU$41,[5]Brewhouse!$AU$43:$AU$60,[5]Brewhouse!$AU$62:$AU$69) -> 96.726836 | N34: 98 | R34: =B34 -> 0 | S34: =VLOOKUP($B34,$R$3:$X$9,2,FALSE) -> #N/A | T34: =VLOOKUP($B34,$R$3:$X$9,3,FALSE) -> #N/A | U34: =VLOOKUP($B34,$R$3:$X$9,4,FALSE) -> #N/A | V34: =VLOOKUP($B34,$R$3:$X$9,5,FALSE) -> #N/A | W34: =VLOOKUP($B34,$R$3:$X$9,6,FALSE) -> #N/A | X34: =VLOOKUP($B34,$R$3:$X$9,7,FALSE) -> #N/A | Y34: =VLOOKUP($B34,$R$3:$Z$9,8,FALSE) -> #N/A | Z34: =VLOOKUP($B34,$R$3:$Z$9,9,FALSE) -> #N/A
I35: VITAMALT | M35: =AVERAGE([6]Brewhouse!$AV$23:$AV$34,[6]Brewhouse!$AV$36,[6]Brewhouse!$AV$38:$AV$52,[6]Brewhouse!$AV$54:$AV$60,[6]Brewhouse!$AV$62:$AV$68) -> 97.579195 | N35: 98 | R35: =B35 -> 0 | S35: =VLOOKUP($B35,$R$3:$X$9,2,FALSE) -> #N/A | T35: =VLOOKUP($B35,$R$3:$X$9,3,FALSE) -> #N/A | U35: =VLOOKUP($B35,$R$3:$X$9,4,FALSE) -> #N/A | V35: =VLOOKUP($B35,$R$3:$X$9,5,FALSE) -> #N/A | W35: =VLOOKUP($B35,$R$3:$X$9,6,FALSE) -> #N/A | X35: =VLOOKUP($B35,$R$3:$X$9,7,FALSE) -> #N/A | Y35: =VLOOKUP($B35,$R$3:$Z$9,8,FALSE) -> #N/A | Z35: =VLOOKUP($B35,$R$3:$Z$9,9,FALSE) -> #N/A
I36: MAXIMALT | N36: 98 | R36: =B36 -> 0 | S36: =VLOOKUP($B36,$R$3:$X$9,2,FALSE) -> #N/A | T36: =VLOOKUP($B36,$R$3:$X$9,3,FALSE) -> #N/A | U36: =VLOOKUP($B36,$R$3:$X$9,4,FALSE) -> #N/A | V36: =VLOOKUP($B36,$R$3:$X$9,5,FALSE) -> #N/A | W36: =VLOOKUP($B36,$R$3:$X$9,6,FALSE) -> #N/A | X36: =VLOOKUP($B36,$R$3:$X$9,7,FALSE) -> #N/A | Y36: =VLOOKUP($B36,$R$3:$Z$9,8,FALSE) -> #N/A | Z36: =VLOOKUP($B36,$R$3:$Z$9,9,FALSE) -> #N/A
I37: MACKESON | M37: =AVERAGE([7]Brewhouse!$AT$4:$AT$11,[7]Brewhouse!$AT$13:$AT$16) -> 91.538375 | N37: 98 | R37: =B37 -> 0 | S37: =VLOOKUP($B37,$R$3:$X$9,2,FALSE) -> #N/A | T37: =VLOOKUP($B37,$R$3:$X$9,3,FALSE) -> #N/A | U37: =VLOOKUP($B37,$R$3:$X$9,4,FALSE) -> #N/A | V37: =VLOOKUP($B37,$R$3:$X$9,5,FALSE) -> #N/A | W37: =VLOOKUP($B37,$R$3:$X$9,6,FALSE) -> #N/A | X37: =VLOOKUP($B37,$R$3:$X$9,7,FALSE) -> #N/A | Y37: =VLOOKUP($B37,$R$3:$Z$9,8,FALSE) -> #N/A | Z37: =VLOOKUP($B37,$R$3:$Z$9,9,FALSE) -> #N/A
I38: STARMALT | M38: =AVERAGE([8]Brewhouse!$AY$5:$AY$14,[8]Brewhouse!$AY$16:$AY$23,[8]Brewhouse!$AY$42,[8]Brewhouse!$AY$44:$AY$51,[8]Brewhouse!$AY$53:$AY$64) -> 97.35935 | N38: 98 | R38: =B38 -> 0 | S38: =VLOOKUP($B38,$R$3:$X$9,2,FALSE) -> #N/A | T38: =VLOOKUP($B38,$R$3:$X$9,3,FALSE) -> #N/A | U38: =VLOOKUP($B38,$R$3:$X$9,4,FALSE) -> #N/A | V38: =VLOOKUP($B38,$R$3:$X$9,5,FALSE) -> #N/A | W38: =VLOOKUP($B38,$R$3:$X$9,6,FALSE) -> #N/A | X38: =VLOOKUP($B38,$R$3:$X$9,7,FALSE) -> #N/A | Y38: =VLOOKUP($B38,$R$3:$Z$9,8,FALSE) -> #N/A | Z38: =VLOOKUP($B38,$R$3:$Z$9,9,FALSE) -> #N/A
I39: HR- Pils | N39: 98 | R39: =B39 -> 0 | S39: =VLOOKUP($B39,$R$3:$X$9,2,FALSE) -> #N/A | T39: =VLOOKUP($B39,$R$3:$X$9,3,FALSE) -> #N/A | U39: =VLOOKUP($B39,$R$3:$X$9,4,FALSE) -> #N/A | V39: =VLOOKUP($B39,$R$3:$X$9,5,FALSE) -> #N/A | W39: =VLOOKUP($B39,$R$3:$X$9,6,FALSE) -> #N/A | X39: =VLOOKUP($B39,$R$3:$X$9,7,FALSE) -> #N/A | Y39: =VLOOKUP($B39,$R$3:$Z$9,8,FALSE) -> #N/A | Z39: =VLOOKUP($B39,$R$3:$Z$9,9,FALSE) -> #N/A
I40: HR- IPA | N40: 98 | R40: =B40 -> 0 | S40: =VLOOKUP($B40,$R$3:$X$9,2,FALSE) -> #N/A | T40: =VLOOKUP($B40,$R$3:$X$9,3,FALSE) -> #N/A | U40: =VLOOKUP($B40,$R$3:$X$9,4,FALSE) -> #N/A | V40: =VLOOKUP($B40,$R$3:$X$9,5,FALSE) -> #N/A | W40: =VLOOKUP($B40,$R$3:$X$9,6,FALSE) -> #N/A | X40: =VLOOKUP($B40,$R$3:$X$9,7,FALSE) -> #N/A | Y40: =VLOOKUP($B40,$R$3:$Z$9,8,FALSE) -> #N/A | Z40: =VLOOKUP($B40,$R$3:$Z$9,9,FALSE) -> #N/A
I41: HR- APA | N41: 98 | R41: =B41 -> 0 | S41: =VLOOKUP($B41,$R$3:$X$9,2,FALSE) -> #N/A | T41: =VLOOKUP($B41,$R$3:$X$9,3,FALSE) -> #N/A | U41: =VLOOKUP($B41,$R$3:$X$9,4,FALSE) -> #N/A | V41: =VLOOKUP($B41,$R$3:$X$9,5,FALSE) -> #N/A | W41: =VLOOKUP($B41,$R$3:$X$9,6,FALSE) -> #N/A | X41: =VLOOKUP($B41,$R$3:$X$9,7,FALSE) -> #N/A | Y41: =VLOOKUP($B41,$R$3:$Z$9,8,FALSE) -> #N/A | Z41: =VLOOKUP($B41,$R$3:$Z$9,9,FALSE) -> #N/A
K42: =SUM(K32:K41) -> 34 | L42: =((L32*K32)+(L33*K33)+(L34*K34)+(L35*K35)+(L36*K36)+(K39*L39)+(L37*K37)+(L38*K38)+(L41*K41))/(K42) -> 97.848375 | M42: =AVERAGE('[9]Jan30th-31st'!$L$42,L42) -> 97.838209 | N42: 98 | R42: =B42 -> 0 | S42: =VLOOKUP($B42,$R$3:$X$9,2,FALSE) -> #N/A | T42: =VLOOKUP($B42,$R$3:$X$9,3,FALSE) -> #N/A | U42: =VLOOKUP($B42,$R$3:$X$9,4,FALSE) -> #N/A | V42: =VLOOKUP($B42,$R$3:$X$9,5,FALSE) -> #N/A | W42: =VLOOKUP($B42,$R$3:$X$9,6,FALSE) -> #N/A | X42: =VLOOKUP($B42,$R$3:$X$9,7,FALSE) -> #N/A | Y42: =VLOOKUP($B42,$R$3:$Z$9,8,FALSE) -> #N/A | Z42: =VLOOKUP($B42,$R$3:$Z$9,9,FALSE) -> #N/A
R43: =B43 -> 0 | S43: =VLOOKUP($B43,$R$3:$X$9,2,FALSE) -> #N/A | T43: =VLOOKUP($B43,$R$3:$X$9,3,FALSE) -> #N/A | U43: =VLOOKUP($B43,$R$3:$X$9,4,FALSE) -> #N/A | V43: =VLOOKUP($B43,$R$3:$X$9,5,FALSE) -> #N/A | W43: =VLOOKUP($B43,$R$3:$X$9,6,FALSE) -> #N/A | X43: =VLOOKUP($B43,$R$3:$X$9,7,FALSE) -> #N/A | Y43: =VLOOKUP($B43,$R$3:$Z$9,8,FALSE) -> #N/A | Z43: =VLOOKUP($B43,$R$3:$Z$9,9,FALSE) -> #N/A
J44: Daily Brewing Plan
J45: Brand | K45: Brews Achieved | L45: Average Brews per day
J46: CARIB | L46: MTD | M46: YTD | N46: TARGET
J47: STAG | L47: =AVERAGE('June 2nd'!K44,'June 3rd'!K52,'June 4th'!K47,'June 5th'!K46,'June 8th'!K48,'June 9th'!K56,K56) -> 5.6666667 | M47: =AVERAGE('[9]Jan30th-31st'!$L$47,L47,'[10]Feb 26th '!$L$39,'[11]Mar 31st'!$L$47,'[12]Apr 30th'!$L$46,'[13]May 29th '!$L$40) -> 6.2157554 | N47: 9.2
J48: GUINN
J49: VITAMALT
J50: STARMALT
J51: MACKESON
J52: HURRICANE REEF- IPA
J53: HURRICANE REEF- APA
B54: AVERAGE | J54: HR- PILSNER
J55: CARIBE
J56: Total
B57: Process: | C57: Fermentation/Filtration
B59: Brand | C59: Filt. Date | D59: FV Hls | E59: GFE/ Prim/ Vita Blend (Hls) | F59: SV Hls | G59: BBT Hls | H59: Loss (%) Ferm | I59: Loss (%) Filt | J59: Comments | K59: Throughput | L59: Process Loss (%) | M59: Filt. Operator
AB60: 43474 | AC60: 43475 | AD60: 43476 | AE60: 43477 | AF60: 43478 | AG60: 43479 | AH60: 43480 | AI60: 43481 | AJ60: 43482 | AK60: 43483 | AL60: 43484 | AM60: 43485 | AN60: 43486 | AO60: 43487 | AP60: 43488 | AQ60: 43489 | AR60: 43490 | AS60: 43491 | AT60: 43492 | AU60: 43493 | AV60: 43494 | AW60: 43495 | AX60: 43496
B61: =J47 -> STAG | C61: 46185 | D61: =[14]June_2026!$O$13 -> 395.98 | G61: =[14]June_2026!$O$17 -> 377.1 | J61: NO SBF | K61: =[15]June_2026!$O$25 -> 1.3231579 | L61: =(((D61+E61)-G61)/(D61+E61))*100 -> 4.7679176 | M61: K. Hosten | AB61: =[16]January_2019!L5 -> 0 | AC61: =[16]January_2019!M5 -> 0 | AD61: =[16]January_2019!N5 -> 0 | AE61: =[16]January_2019!O5 -> 0 | AF61: =[16]January_2019!P5 -> 0 | AG61: =[16]January_2019!Q5 -> 0 | AH61: =[16]January_2019!R5 -> 0 | AI61: =[16]January_2019!S5 -> 0 | ... AX61: =[16]January_2019!AH5 -> 0
AB62: =[16]January_2019!L6 -> 0 | AC62: =[16]January_2019!M6 -> 0 | AD62: =[16]January_2019!N6 -> 0 | AE62: =[16]January_2019!O6 -> 0 | AF62: =[16]January_2019!P6 -> 0 | AG62: =[16]January_2019!Q6 -> 0 | AH62: =[16]January_2019!R6 -> 0 | AI62: =[16]January_2019!S6 -> 0 | ... AX62: =[16]January_2019!AH6 -> 0
AB63: =[16]January_2019!L7 -> 285.8 | AC63: =[16]January_2019!M7 -> 508.1 | AD63: =[16]January_2019!N7 -> 0 | AE63: =[16]January_2019!O7 -> 0 | AF63: =[16]January_2019!P7 -> 109.56667 | AG63: =[16]January_2019!Q7 -> 297.65 | AH63: =[16]January_2019!R7 -> 122.3 | AI63: =[16]January_2019!S7 -> 0 | ... AX63: =[16]January_2019!AH7 -> 0
B72: Process Loss (Volume) | G72: Process Loss (Extract) | K72: Throughput
B73: Brand | C73: Actual | D73: MTD | E73: YTD | F73: Target | G73: Actual | H73: MTD | I73: YTD | J73: Target | L73: MTD | M73: YTD | N73: Target
B74: CARIB | E74: 6.5623673 | F74: 4.8 | I74: 6.3197776 | J74: 4.8 | M74: 0.51116477 | N74: 1
B75: STAG | C75: =L61 -> 4.7679176 | D75: 4.2115424 | E75: 5.7607151 | F75: 4.8 | G75: =[14]June_2026!$O$21 -> 3.6848557 | H75: 2.7270557 | I75: 5.360739 | J75: 4.8 | K75: =K61 -> 1.3231579 | L75: 1.3231579 | M75: 0.71292697 | N75: 1
B76: GUINN | E76: 11.435861 | F76: 5.5 | I76: 12.618852 | J76: 5.5 | M76: 0.26444408 | N76: 1
B77: VITAMALT | E77: 4.7166249 | F77: 3.3 | I77: 4.7393663 | J77: 3.3 | M77: 0.7360401 | N77: 1
B78: APA | F78: 3.3 | J78: 3 | N78: 1
B79: MACKESON | E79: 5.1541347 | F79: 5.5 | I79: 7.4989047 | J79: 5.5 | M79: 1.0201754 | N79: 1
B80: STARMALT | E80: 3.7333963 | F80: 3.3 | I80: 4.8412395 | J80: 3.3 | M80: 0.84386696 | N80: 1
B81: IPA | F81: 7.5 | J81: 7.5 | N81: 1
B82: HURRICANE REEF PILS | F82: 4.8 | J82: 4.8 | N82: 1
D83: 4.2115424 | E83: 6.2894752 | F83: 5.5 | H83: 2.7270557 | I83: 6.3550094 | J83: 5.5 | L83: 1.3231579 | M83: 0.58487379 | N83: 1

Sheet June 15th 
S1: P.G. | U1: Hot Time | W1: Process Time | Y1: Cooling Time
B2: Brewing Department Daily Process Loss Report | S2: Lower | T2: Upper | U2: Lower | V2: Upper | W2: Lower | X2: Upper | Y2: Lower | Z2: Upper
R3: CARIB | S3: 11.6 | T3: 12 | U3: 0 | V3: 0.11805556 | W3: 0.22569444 | X3: 0.26388889 | Y3: 0 | Z3: 60 | AB3: HR- PISNER
B4: Date: | C4: 46188 | J4: LOT WORT COLOUR: | M4: Filter Sheets (Target 20 days) | R4: STAG | S4: 11.6 | T4: 12 | U4: 0 | V4: 0.11805556 | W4: 0.22569444 | X4: 0.26388889 | Y4: 0 | Z4: 60
M5: Double | N5: Single | R5: GUINNESS | S5: 17 | T5: 17.5 | U5: 0 | V5: 0.10763889 | W5: 0.24652778 | X5: 0.28472222 | Y5: 0 | Z5: 60
J6: MALT LOT: Lot #13 | L6: Sheet Day | R6: MACKESON | S6: 13.3 | T6: 13.5 | U6: 0 | V6: 0.12905093 | W6: 0.27430556 | X6: 0.30208333 | Y6: 0
R7: STARMALT | S7: 17 | T7: 17.4 | U7: 0 | V7: 0.13605324 | W7: 0.27430556 | X7: 0.30902778 | Y7: 0 | Z7: 85
B8: Brand | C8: Brew no. | D8: Kett. Hls | E8: Wort | F8: Cool Time(Mins) | G8: Cast. P.G. (Lab Result) | H8: Cast P.G. (Cellar Operator)-gravity | I8: Extr. Rec (77.9%) | J8: Theor. Extr. (77.5%) | K8: Boil Off /Vol. (4-6%) | L8: Boil Time | M8: Total Hot | N8: Brewing Time | O8: Operator | R8: Hurricane Reef | S8: 16.6 | T8: 17 | U8: 0 | V8: 0.12905093 | W8: 0.27430556 | X8: 0.30208333 | Y8: 0
E9: Meter (Hls) | F9: Target(< 60Mins) | M9: Time | R9: VITAMALT | S9: 14.2 | T9: 14.6 | U9: 0 | V9: 0.13905093 | W9: 0.26041667 | X9: 0.29513889 | Y9: 0 | Z9: 75
B10: CARIB | C10: =[3]Brewhouse!$A441 -> CA395 | D10: =[3]Brewhouse!$AF441 -> 47.9 | E10: =[3]Brewhouse!$AI441 -> 47.9 | F10: =[3]Brewhouse!$V441 -> 60 | G10: =[3]Brewhouse!AG441 -> 12 | I10: =[3]Brewhouse!$AU441 -> 94.352991 | J10: =[3]Brewhouse!$AV441 -> 95.174307 | K10: =[3]Brewhouse!$Q441 -> 12.62963 | L10: =[3]Brewhouse!$P441 -> 57 | M10: =[3]Brewhouse!$U441-[3]Brewhouse!$T441 -> 0.12708333 | N10: =[3]Brewhouse!$Z441 -> 0.32847222 | O10: =[3]Brewhouse!$AX441 -> R. Regis | R10: =B10 -> CARIB | S10: =VLOOKUP($B10,$R$3:$X$9,2,FALSE) -> 11.6 | T10: =VLOOKUP($B10,$R$3:$X$9,3,FALSE) -> 12 | U10: =VLOOKUP($B10,$R$3:$X$9,4,FALSE) -> 0 | V10: =VLOOKUP($B10,$R$3:$X$9,5,FALSE) -> 0.11805556 | W10: =VLOOKUP($B10,$R$3:$X$9,6,FALSE) -> 0.22569444 | X10: =VLOOKUP($B10,$R$3:$X$9,7,FALSE) -> 0.26388889 | Y10: =VLOOKUP($B10,$R$3:$Z$9,8,FALSE) -> 0 | Z10: =VLOOKUP($B10,$R$3:$Z$9,9,FALSE) -> 60
B11: CARIB | C11: =[3]Brewhouse!$A442 -> CA396 | D11: =[3]Brewhouse!$AF442 -> 50.4 | E11: =[3]Brewhouse!$AI442 -> 50.1 | F11: =[3]Brewhouse!$V442 -> 47 | G11: =[3]Brewhouse!AG442 -> 12 | I11: =[3]Brewhouse!$AU442 -> 99.788106 | J11: =[3]Brewhouse!$AV442 -> 100.65623 | K11: =[3]Brewhouse!$Q442 -> 9.6487985 | L11: =[3]Brewhouse!$P442 -> 60 | M11: =[3]Brewhouse!$U442-[3]Brewhouse!$T442 -> 0.10555556 | N11: =[3]Brewhouse!$Z442 -> 0.26527778 | O11: =[3]Brewhouse!$AX442 -> R. Sookram | R11: =B11 -> CARIB | S11: =VLOOKUP($B11,$R$3:$X$9,2,FALSE) -> 11.6 | T11: =VLOOKUP($B11,$R$3:$X$9,3,FALSE) -> 12 | U11: =VLOOKUP($B11,$R$3:$X$9,4,FALSE) -> 0 | V11: =VLOOKUP($B11,$R$3:$X$9,5,FALSE) -> 0.11805556 | W11: =VLOOKUP($B11,$R$3:$X$9,6,FALSE) -> 0.22569444 | X11: =VLOOKUP($B11,$R$3:$X$9,7,FALSE) -> 0.26388889 | Y11: =VLOOKUP($B11,$R$3:$Z$9,8,FALSE) -> 0 | Z11: =VLOOKUP($B11,$R$3:$Z$9,9,FALSE) -> 60
B12: CARIB | C12: =[3]Brewhouse!$A443 -> CA397 | D12: =[3]Brewhouse!$AF443 -> 49.8 | E12: =[3]Brewhouse!$AI443 -> 49.5 | F12: =[3]Brewhouse!$V443 -> 50 | G12: =[3]Brewhouse!AG443 -> 12 | I12: =[3]Brewhouse!$AU443 -> 98.715472 | J12: =[3]Brewhouse!$AV443 -> 99.574203 | K12: =[3]Brewhouse!$Q443 -> 11.333333 | L12: =[3]Brewhouse!$P443 -> 60 | M12: =[3]Brewhouse!$U443-[3]Brewhouse!$T443 -> 0.10069444 | N12: =[3]Brewhouse!$Z443 -> 0.25694444 | O12: =[3]Brewhouse!$AX443 -> R. Sookram | R12: =B12 -> CARIB | S12: =VLOOKUP($B12,$R$3:$X$9,2,FALSE) -> 11.6 | T12: =VLOOKUP($B12,$R$3:$X$9,3,FALSE) -> 12 | U12: =VLOOKUP($B12,$R$3:$X$9,4,FALSE) -> 0 | V12: =VLOOKUP($B12,$R$3:$X$9,5,FALSE) -> 0.11805556 | W12: =VLOOKUP($B12,$R$3:$X$9,6,FALSE) -> 0.22569444 | X12: =VLOOKUP($B12,$R$3:$X$9,7,FALSE) -> 0.26388889 | Y12: =VLOOKUP($B12,$R$3:$Z$9,8,FALSE) -> 0 | Z12: =VLOOKUP($B12,$R$3:$Z$9,9,FALSE) -> 60
B13: CARIB | C13: =[3]Brewhouse!$A444 -> CA398 | D13: =[3]Brewhouse!$AF444 -> 51 | E13: =[3]Brewhouse!$AI444 -> 50 | F13: =[3]Brewhouse!$V444 -> 55 | G13: =[3]Brewhouse!AG444 -> 11.9 | I13: =[3]Brewhouse!$AU444 -> 98.839319 | J13: =[3]Brewhouse!$AV444 -> 99.699127 | K13: =[3]Brewhouse!$Q444 -> 7.6296296 | L13: =[3]Brewhouse!$P444 -> 61 | M13: =[3]Brewhouse!$U444-[3]Brewhouse!$T444 -> 0.10625 | N13: =[3]Brewhouse!$Z444 -> 0.24305556 | O13: =[3]Brewhouse!$AX444 -> K. Benjamin | R13: =B13 -> CARIB | S13: =VLOOKUP($B13,$R$3:$X$9,2,FALSE) -> 11.6 | T13: =VLOOKUP($B13,$R$3:$X$9,3,FALSE) -> 12 | U13: =VLOOKUP($B13,$R$3:$X$9,4,FALSE) -> 0 | V13: =VLOOKUP($B13,$R$3:$X$9,5,FALSE) -> 0.11805556 | W13: =VLOOKUP($B13,$R$3:$X$9,6,FALSE) -> 0.22569444 | X13: =VLOOKUP($B13,$R$3:$X$9,7,FALSE) -> 0.26388889 | Y13: =VLOOKUP($B13,$R$3:$Z$9,8,FALSE) -> 0 | Z13: =VLOOKUP($B13,$R$3:$Z$9,9,FALSE) -> 60
B14: CARIB | C14: =[3]Brewhouse!$A445 -> CA399 | D14: =[3]Brewhouse!$AF445 -> 50.9 | E14: =[3]Brewhouse!$AI445 -> 50.5 | F14: =[3]Brewhouse!$V445 -> 61 | G14: =[3]Brewhouse!AG445 -> 11.9 | I14: =[3]Brewhouse!$AU445 -> 99.827713 | J14: =[3]Brewhouse!$AV445 -> 100.69612 | K14: =[3]Brewhouse!$Q445 -> 7.8148148 | L14: =[3]Brewhouse!$P445 -> 61 | M14: =[3]Brewhouse!$U445-[3]Brewhouse!$T445 -> 0.10625 | N14: =[3]Brewhouse!$Z445 -> 0.25833333 | O14: =[3]Brewhouse!$AX445 -> K. Benjamin | R14: =B14 -> CARIB | S14: =VLOOKUP($B14,$R$3:$X$9,2,FALSE) -> 11.6 | T14: =VLOOKUP($B14,$R$3:$X$9,3,FALSE) -> 12 | U14: =VLOOKUP($B14,$R$3:$X$9,4,FALSE) -> 0 | V14: =VLOOKUP($B14,$R$3:$X$9,5,FALSE) -> 0.11805556 | W14: =VLOOKUP($B14,$R$3:$X$9,6,FALSE) -> 0.22569444 | X14: =VLOOKUP($B14,$R$3:$X$9,7,FALSE) -> 0.26388889 | Y14: =VLOOKUP($B14,$R$3:$Z$9,8,FALSE) -> 0 | Z14: =VLOOKUP($B14,$R$3:$Z$9,9,FALSE) -> 60
B15: CARIB | C15: =[3]Brewhouse!$A446 -> CA400 | D15: =[3]Brewhouse!$AF446 -> 52.1 | E15: =[3]Brewhouse!$AI446 -> 51.77 | F15: =[3]Brewhouse!$V446 -> 60 | G15: =[3]Brewhouse!AG446 -> 12 | I15: =[3]Brewhouse!$AU446 -> 102.60535 | J15: =[3]Brewhouse!$AV446 -> 103.49821 | K15: =[3]Brewhouse!$Q446 -> 8.1700555 | L15: =[3]Brewhouse!$P446 -> 61 | M15: =[3]Brewhouse!$U446-[3]Brewhouse!$T446 -> 0.11111111 | N15: =[3]Brewhouse!$Z446 -> 0.26319444 | O15: =[3]Brewhouse!$AX446 -> K. Benjamin | R15: =B15 -> CARIB | S15: =VLOOKUP($B15,$R$3:$X$9,2,FALSE) -> 11.6 | T15: =VLOOKUP($B15,$R$3:$X$9,3,FALSE) -> 12 | U15: =VLOOKUP($B15,$R$3:$X$9,4,FALSE) -> 0 | V15: =VLOOKUP($B15,$R$3:$X$9,5,FALSE) -> 0.11805556 | W15: =VLOOKUP($B15,$R$3:$X$9,6,FALSE) -> 0.22569444 | X15: =VLOOKUP($B15,$R$3:$X$9,7,FALSE) -> 0.26388889 | Y15: =VLOOKUP($B15,$R$3:$Z$9,8,FALSE) -> 0 | Z15: =VLOOKUP($B15,$R$3:$Z$9,9,FALSE) -> 60
B16: CARIB | C16: =[3]Brewhouse!$A447 -> CA401 | D16: =[3]Brewhouse!$AF447 -> 52.6 | E16: =[3]Brewhouse!$AI447 -> 53.3 | F16: =[3]Brewhouse!$V447 -> 65 | G16: =[3]Brewhouse!AG447 -> 11.6 | I16: =[3]Brewhouse!$AU447 -> 101.06395 | J16: =[3]Brewhouse!$AV447 -> 101.9438 | K16: =[3]Brewhouse!$Q447 -> 6.5064695 | L16: =[3]Brewhouse!$P447 -> 62 | M16: =[3]Brewhouse!$U447-[3]Brewhouse!$T447 -> 0.11388889 | N16: =[3]Brewhouse!$Z447 -> 0.30625 | O16: =[3]Brewhouse!$AX447 -> R. Regis | R16: =B16 -> CARIB | S16: =VLOOKUP($B16,$R$3:$X$9,2,FALSE) -> 11.6 | T16: =VLOOKUP($B16,$R$3:$X$9,3,FALSE) -> 12 | U16: =VLOOKUP($B16,$R$3:$X$9,4,FALSE) -> 0 | V16: =VLOOKUP($B16,$R$3:$X$9,5,FALSE) -> 0.11805556 | W16: =VLOOKUP($B16,$R$3:$X$9,6,FALSE) -> 0.22569444 | X16: =VLOOKUP($B16,$R$3:$X$9,7,FALSE) -> 0.26388889 | Y16: =VLOOKUP($B16,$R$3:$Z$9,8,FALSE) -> 0 | Z16: =VLOOKUP($B16,$R$3:$Z$9,9,FALSE) -> 60
B17: CARIB | C17: =[3]Brewhouse!$A448 -> CA402 | D17: =[3]Brewhouse!$AF448 -> 50.9 | E17: =[3]Brewhouse!$AI448 -> 50.83 | F17: =[3]Brewhouse!$V448 -> 64 | G17: =[3]Brewhouse!AG448 -> 11.8 | I17: =[3]Brewhouse!$AU448 -> 99.592276 | J17: =[3]Brewhouse!$AV448 -> 100.45863 | K17: =[3]Brewhouse!$Q448 -> 8.7245841 | L17: =[3]Brewhouse!$P448 -> 59 | M17: =[3]Brewhouse!$U448-[3]Brewhouse!$T448 -> 0.10902778 | N17: =[3]Brewhouse!$Z448 -> 0.275 | O17: =[3]Brewhouse!$AX448 -> R. Regis | R17: =B17 -> CARIB | S17: =VLOOKUP($B17,$R$3:$X$9,2,FALSE) -> 11.6 | T17: =VLOOKUP($B17,$R$3:$X$9,3,FALSE) -> 12 | U17: =VLOOKUP($B17,$R$3:$X$9,4,FALSE) -> 0 | V17: =VLOOKUP($B17,$R$3:$X$9,5,FALSE) -> 0.11805556 | W17: =VLOOKUP($B17,$R$3:$X$9,6,FALSE) -> 0.22569444 | X17: =VLOOKUP($B17,$R$3:$X$9,7,FALSE) -> 0.26388889 | Y17: =VLOOKUP($B17,$R$3:$Z$9,8,FALSE) -> 0 | Z17: =VLOOKUP($B17,$R$3:$Z$9,9,FALSE) -> 60
B18: STARMALT | C18: =[8]Brewhouse!$A66 -> SM057 | D18: =[8]Brewhouse!$AH66 -> 53.1 | E18: =[8]Brewhouse!$AM66 -> 48.5 | F18: =[8]Brewhouse!$Z66 -> 83 | G18: =[8]Brewhouse!$AK66 -> 17.9 | H18: 17.8 | I18: =[8]Brewhouse!$AY66 -> 96.052076 | J18: =[8]Brewhouse!$AZ66 -> 96.436285 | K18: =[8]Brewhouse!$U66 -> 14.839925 | L18: =[8]Brewhouse!$T66 -> 61 | M18: =[8]Brewhouse!$Y66-[8]Brewhouse!$X66 -> 0.12847222 | N18: =[8]Brewhouse!$AD66 -> 0.33680556 | O18: =[8]Brewhouse!$BC66 -> R. Regis | P18: HLT low (no water for dilution) | R18: =B18 -> STARMALT | S18: =VLOOKUP($B18,$R$3:$X$9,2,FALSE) -> 17 | T18: =VLOOKUP($B18,$R$3:$X$9,3,FALSE) -> 17.4 | U18: =VLOOKUP($B18,$R$3:$X$9,4,FALSE) -> 0 | V18: =VLOOKUP($B18,$R$3:$X$9,5,FALSE) -> 0.13605324 | W18: =VLOOKUP($B18,$R$3:$X$9,6,FALSE) -> 0.27430556 | X18: =VLOOKUP($B18,$R$3:$X$9,7,FALSE) -> 0.30902778 | Y18: =VLOOKUP($B18,$R$3:$Z$9,8,FALSE) -> 0 | Z18: =VLOOKUP($B18,$R$3:$Z$9,9,FALSE) -> 85
B19: STARMALT | C19: =[8]Brewhouse!$A67 -> SM058 | D19: =[8]Brewhouse!$AH67 -> 53.1 | E19: =[8]Brewhouse!$AM67 -> 52 | F19: =[8]Brewhouse!$Z67 -> 91 | G19: =[8]Brewhouse!$AK67 -> 16.9 | H19: 17 | I19: =[8]Brewhouse!$AY67 -> 96.965481 | J19: =[8]Brewhouse!$AZ67 -> 97.352614 | K19: =[8]Brewhouse!$U67 -> 14.463277 | L19: =[8]Brewhouse!$T67 -> 61 | M19: =[8]Brewhouse!$Y67-[8]Brewhouse!$X67 -> 0.15416667 | N19: =[8]Brewhouse!$AD67 -> 0.36111111 | O19: =[8]Brewhouse!$BC67 -> R. Regis | P19: LT sparge temp low | R19: =B19 -> STARMALT | S19: =VLOOKUP($B19,$R$3:$X$9,2,FALSE) -> 17 | T19: =VLOOKUP($B19,$R$3:$X$9,3,FALSE) -> 17.4 | U19: =VLOOKUP($B19,$R$3:$X$9,4,FALSE) -> 0 | V19: =VLOOKUP($B19,$R$3:$X$9,5,FALSE) -> 0.13605324 | W19: =VLOOKUP($B19,$R$3:$X$9,6,FALSE) -> 0.27430556 | X19: =VLOOKUP($B19,$R$3:$X$9,7,FALSE) -> 0.30902778 | Y19: =VLOOKUP($B19,$R$3:$Z$9,8,FALSE) -> 0 | Z19: =VLOOKUP($B19,$R$3:$Z$9,9,FALSE) -> 85
B20: STARMALT | C20: =[8]Brewhouse!$A68 -> SM059 | D20: =[8]Brewhouse!$AH68 -> 53.1 | E20: =[8]Brewhouse!$AM68 -> 51.4 | F20: =[8]Brewhouse!$Z68 -> 91 | G20: =[8]Brewhouse!$AK68 -> 17.4 | H20: 17.2 | I20: =[8]Brewhouse!$AY68 -> 98.929902 | J20: =[8]Brewhouse!$AZ68 -> 99.324878 | K20: =[8]Brewhouse!$U68 -> 14.086629 | L20: =[8]Brewhouse!$T68 -> 60 | M20: =[8]Brewhouse!$Y68-[8]Brewhouse!$X68 -> 0.14652778 | N20: =[8]Brewhouse!$AD68 -> 0.30902778 | O20: =[8]Brewhouse!$BC68 -> D. Gomaz | R20: =B20 -> STARMALT | S20: =VLOOKUP($B20,$R$3:$X$9,2,FALSE) -> 17 | T20: =VLOOKUP($B20,$R$3:$X$9,3,FALSE) -> 17.4 | U20: =VLOOKUP($B20,$R$3:$X$9,4,FALSE) -> 0 | V20: =VLOOKUP($B20,$R$3:$X$9,5,FALSE) -> 0.13605324 | W20: =VLOOKUP($B20,$R$3:$X$9,6,FALSE) -> 0.27430556 | X20: =VLOOKUP($B20,$R$3:$X$9,7,FALSE) -> 0.30902778 | Y20: =VLOOKUP($B20,$R$3:$Z$9,8,FALSE) -> 0 | Z20: =VLOOKUP($B20,$R$3:$Z$9,9,FALSE) -> 85
B21: STARMALT | C21: =[8]Brewhouse!$A69 -> SM060 | D21: =[8]Brewhouse!$AH69 -> 53.1 | E21: =[8]Brewhouse!$AM69 -> 51.3 | F21: =[8]Brewhouse!$Z69 -> 69 | G21: =[8]Brewhouse!$AK69 -> 17.4 | H21: 17.1 | I21: =[8]Brewhouse!$AY69 -> 98.817324 | J21: =[8]Brewhouse!$AZ69 -> 99.211478 | K21: =[8]Brewhouse!$U69 -> 15.028249 | L21: =[8]Brewhouse!$T69 -> 60 | M21: =[8]Brewhouse!$Y69-[8]Brewhouse!$X69 -> 0.13333333 | N21: =[8]Brewhouse!$AD69 -> 0.3 | O21: =[8]Brewhouse!$BC69 -> D. Gomaz | R21: =B21 -> STARMALT | S21: =VLOOKUP($B21,$R$3:$X$9,2,FALSE) -> 17 | T21: =VLOOKUP($B21,$R$3:$X$9,3,FALSE) -> 17.4 | U21: =VLOOKUP($B21,$R$3:$X$9,4,FALSE) -> 0 | V21: =VLOOKUP($B21,$R$3:$X$9,5,FALSE) -> 0.13605324 | W21: =VLOOKUP($B21,$R$3:$X$9,6,FALSE) -> 0.27430556 | X21: =VLOOKUP($B21,$R$3:$X$9,7,FALSE) -> 0.30902778 | Y21: =VLOOKUP($B21,$R$3:$Z$9,8,FALSE) -> 0 | Z21: =VLOOKUP($B21,$R$3:$Z$9,9,FALSE) -> 85
B22: STARMALT | C22: =[8]Brewhouse!$A70 -> SM061 | D22: =[8]Brewhouse!$AH70 -> 53 | E22: =[8]Brewhouse!$AM70 -> 51.17 | F22: =[8]Brewhouse!$Z70 -> 65 | G22: =[8]Brewhouse!$AK70 -> 16.6 | H22: 16.6 | I22: =[8]Brewhouse!$AY70 -> 93.747141 | J22: =[8]Brewhouse!$AZ70 -> 94.121072 | K22: =[8]Brewhouse!$U70 -> 15.245283 | L22: =[8]Brewhouse!$T70 -> 60 | M22: =[8]Brewhouse!$Y70-[8]Brewhouse!$X70 -> 0.14027778 | N22: =[8]Brewhouse!$AD70 -> 0.30486111 | O22: =[8]Brewhouse!$BC70 -> D. Gomaz | P22: Issues with sugar dosing from hopper . | R22: =B22 -> STARMALT | S22: =VLOOKUP($B22,$R$3:$X$9,2,FALSE) -> 17 | T22: =VLOOKUP($B22,$R$3:$X$9,3,FALSE) -> 17.4 | U22: =VLOOKUP($B22,$R$3:$X$9,4,FALSE) -> 0 | V22: =VLOOKUP($B22,$R$3:$X$9,5,FALSE) -> 0.13605324 | W22: =VLOOKUP($B22,$R$3:$X$9,6,FALSE) -> 0.27430556 | X22: =VLOOKUP($B22,$R$3:$X$9,7,FALSE) -> 0.30902778 | Y22: =VLOOKUP($B22,$R$3:$Z$9,8,FALSE) -> 0 | Z22: =VLOOKUP($B22,$R$3:$Z$9,9,FALSE) -> 85
B23: STARMALT | C23: =[8]Brewhouse!$A71 -> SM062 | D23: =[8]Brewhouse!$AH71 -> 53 | E23: =[8]Brewhouse!$AM71 -> 51.7 | F23: =[8]Brewhouse!$Z71 -> 67 | G23: =[8]Brewhouse!$AK71 -> 17.5 | H23: 17.5 | I23: =[8]Brewhouse!$AY71 -> 100.25759 | J23: =[8]Brewhouse!$AZ71 -> 100.65712 | K23: =[8]Brewhouse!$U71 -> 14.490566 | L23: =[8]Brewhouse!$T71 -> 61 | M23: =[8]Brewhouse!$Y71-[8]Brewhouse!$X71 -> 0.19305556 | N23: =[8]Brewhouse!$AD71 -> 0.36458333 | O23: =[8]Brewhouse!$BC71 -> K. Benjamin | P23: Waiting on sugar from stores | R23: =B23 -> STARMALT | S23: =VLOOKUP($B23,$R$3:$X$9,2,FALSE) -> 17 | T23: =VLOOKUP($B23,$R$3:$X$9,3,FALSE) -> 17.4 | U23: =VLOOKUP($B23,$R$3:$X$9,4,FALSE) -> 0 | V23: =VLOOKUP($B23,$R$3:$X$9,5,FALSE) -> 0.13605324 | W23: =VLOOKUP($B23,$R$3:$X$9,6,FALSE) -> 0.27430556 | X23: =VLOOKUP($B23,$R$3:$X$9,7,FALSE) -> 0.30902778 | Y23: =VLOOKUP($B23,$R$3:$Z$9,8,FALSE) -> 0 | Z23: =VLOOKUP($B23,$R$3:$Z$9,9,FALSE) -> 85
B24: STARMALT | C24: =[8]Brewhouse!$A72 -> SM063 | D24: =[8]Brewhouse!$AH72 -> 53.1 | E24: =[8]Brewhouse!$AM72 -> 52.8 | F24: =[8]Brewhouse!$Z72 -> 70 | G24: =[8]Brewhouse!$AK72 -> 17.1 | H24: 17.2 | I24: =[8]Brewhouse!$AY72 -> 99.848563 | J24: =[8]Brewhouse!$AZ72 -> 100.24683 | K24: =[8]Brewhouse!$U72 -> 12.391714 | L24: =[8]Brewhouse!$T72 -> 61 | M24: =[8]Brewhouse!$Y72-[8]Brewhouse!$X72 -> 0.14097222 | N24: =[8]Brewhouse!$AD72 -> 0.3375 | O24: =[8]Brewhouse!$BC72 -> K. Benjamin | P24: Kettle up in pre- run tank | R24: =B24 -> STARMALT | S24: =VLOOKUP($B24,$R$3:$X$9,2,FALSE) -> 17 | T24: =VLOOKUP($B24,$R$3:$X$9,3,FALSE) -> 17.4 | U24: =VLOOKUP($B24,$R$3:$X$9,4,FALSE) -> 0 | V24: =VLOOKUP($B24,$R$3:$X$9,5,FALSE) -> 0.13605324 | W24: =VLOOKUP($B24,$R$3:$X$9,6,FALSE) -> 0.27430556 | X24: =VLOOKUP($B24,$R$3:$X$9,7,FALSE) -> 0.30902778 | Y24: =VLOOKUP($B24,$R$3:$Z$9,8,FALSE) -> 0 | Z24: =VLOOKUP($B24,$R$3:$Z$9,9,FALSE) -> 85
R25: =B25 -> 0 | S25: =VLOOKUP($B25,$R$3:$X$9,2,FALSE) -> #N/A | T25: =VLOOKUP($B25,$R$3:$X$9,3,FALSE) -> #N/A | U25: =VLOOKUP($B25,$R$3:$X$9,4,FALSE) -> #N/A | V25: =VLOOKUP($B25,$R$3:$X$9,5,FALSE) -> #N/A | W25: =VLOOKUP($B25,$R$3:$X$9,6,FALSE) -> #N/A | X25: =VLOOKUP($B25,$R$3:$X$9,7,FALSE) -> #N/A | Y25: =VLOOKUP($B25,$R$3:$Z$9,8,FALSE) -> #N/A | Z25: =VLOOKUP($B25,$R$3:$Z$9,9,FALSE) -> #N/A
R26: =B26 -> 0 | S26: =VLOOKUP($B26,$R$3:$X$9,2,FALSE) -> #N/A | T26: =VLOOKUP($B26,$R$3:$X$9,3,FALSE) -> #N/A | U26: =VLOOKUP($B26,$R$3:$X$9,4,FALSE) -> #N/A | V26: =VLOOKUP($B26,$R$3:$X$9,5,FALSE) -> #N/A | W26: =VLOOKUP($B26,$R$3:$X$9,6,FALSE) -> #N/A | X26: =VLOOKUP($B26,$R$3:$X$9,7,FALSE) -> #N/A | Y26: =VLOOKUP($B26,$R$3:$Z$9,8,FALSE) -> #N/A | Z26: =VLOOKUP($B26,$R$3:$Z$9,9,FALSE) -> #N/A
R27: =B27 -> 0 | S27: =VLOOKUP($B27,$R$3:$X$9,2,FALSE) -> #N/A | T27: =VLOOKUP($B27,$R$3:$X$9,3,FALSE) -> #N/A | U27: =VLOOKUP($B27,$R$3:$X$9,4,FALSE) -> #N/A | V27: =VLOOKUP($B27,$R$3:$X$9,5,FALSE) -> #N/A | W27: =VLOOKUP($B27,$R$3:$X$9,6,FALSE) -> #N/A | X27: =VLOOKUP($B27,$R$3:$X$9,7,FALSE) -> #N/A | Y27: =VLOOKUP($B27,$R$3:$Z$9,8,FALSE) -> #N/A | Z27: =VLOOKUP($B27,$R$3:$Z$9,9,FALSE) -> #N/A
R28: =B28 -> 0 | S28: =VLOOKUP($B28,$R$3:$X$9,2,FALSE) -> #N/A | T28: =VLOOKUP($B28,$R$3:$X$9,3,FALSE) -> #N/A | U28: =VLOOKUP($B28,$R$3:$X$9,4,FALSE) -> #N/A | V28: =VLOOKUP($B28,$R$3:$X$9,5,FALSE) -> #N/A | W28: =VLOOKUP($B28,$R$3:$X$9,6,FALSE) -> #N/A | X28: =VLOOKUP($B28,$R$3:$X$9,7,FALSE) -> #N/A | Y28: =VLOOKUP($B28,$R$3:$Z$9,8,FALSE) -> #N/A | Z28: =VLOOKUP($B28,$R$3:$Z$9,9,FALSE) -> #N/A
R29: =B29 -> 0 | S29: =VLOOKUP($B29,$R$3:$X$9,2,FALSE) -> #N/A | T29: =VLOOKUP($B29,$R$3:$X$9,3,FALSE) -> #N/A | U29: =VLOOKUP($B29,$R$3:$X$9,4,FALSE) -> #N/A | V29: =VLOOKUP($B29,$R$3:$X$9,5,FALSE) -> #N/A | W29: =VLOOKUP($B29,$R$3:$X$9,6,FALSE) -> #N/A | X29: =VLOOKUP($B29,$R$3:$X$9,7,FALSE) -> #N/A | Y29: =VLOOKUP($B29,$R$3:$Z$9,8,FALSE) -> #N/A | Z29: =VLOOKUP($B29,$R$3:$Z$9,9,FALSE) -> #N/A
R30: =B30 -> 0 | S30: =VLOOKUP($B30,$R$3:$X$9,2,FALSE) -> #N/A | T30: =VLOOKUP($B30,$R$3:$X$9,3,FALSE) -> #N/A | U30: =VLOOKUP($B30,$R$3:$X$9,4,FALSE) -> #N/A | V30: =VLOOKUP($B30,$R$3:$X$9,5,FALSE) -> #N/A | W30: =VLOOKUP($B30,$R$3:$X$9,6,FALSE) -> #N/A | X30: =VLOOKUP($B30,$R$3:$X$9,7,FALSE) -> #N/A | Y30: =VLOOKUP($B30,$R$3:$Z$9,8,FALSE) -> #N/A | Z30: =VLOOKUP($B30,$R$3:$Z$9,9,FALSE) -> #N/A
B31: BRAND | D31: BBT P.G./ O.G | I31: Brand | K31: MTD No. of Brews | L31: MTD | M31: YTD | N31: Target | R31: =B31 -> BRAND | S31: =VLOOKUP($B31,$R$3:$X$9,2,FALSE) -> #N/A | T31: =VLOOKUP($B31,$R$3:$X$9,3,FALSE) -> #N/A | U31: =VLOOKUP($B31,$R$3:$X$9,4,FALSE) -> #N/A | V31: =VLOOKUP($B31,$R$3:$X$9,5,FALSE) -> #N/A | W31: =VLOOKUP($B31,$R$3:$X$9,6,FALSE) -> #N/A | X31: =VLOOKUP($B31,$R$3:$X$9,7,FALSE) -> #N/A | Y31: =VLOOKUP($B31,$R$3:$Z$9,8,FALSE) -> #N/A | Z31: =VLOOKUP($B31,$R$3:$Z$9,9,FALSE) -> #N/A
I32: CARIB | K32: =COUNTA([3]Brewhouse!$A$441:$A$456) -> 16 | L32: =AVERAGE([3]Brewhouse!$AU$441:$AU$456) -> 98.338207 | M32: =AVERAGE([3]Brewhouse!$AU$42:$AU$123,[3]Brewhouse!$AU$125:$AU$188,[3]Brewhouse!$AU$198:$AU$290,[3]Brewhouse!$AU$292:$AU$370,[3]Brewhouse!$AU$372:$AU$439,[3]Brewhouse!$AU$441:$AU$456) -> 97.98913 | N32: 98 | R32: =B32 -> 0 | S32: =VLOOKUP($B32,$R$3:$X$9,2,FALSE) -> #N/A | T32: =VLOOKUP($B32,$R$3:$X$9,3,FALSE) -> #N/A | U32: =VLOOKUP($B32,$R$3:$X$9,4,FALSE) -> #N/A | V32: =VLOOKUP($B32,$R$3:$X$9,5,FALSE) -> #N/A | W32: =VLOOKUP($B32,$R$3:$X$9,6,FALSE) -> #N/A | X32: =VLOOKUP($B32,$R$3:$X$9,7,FALSE) -> #N/A | Y32: =VLOOKUP($B32,$R$3:$Z$9,8,FALSE) -> #N/A | Z32: =VLOOKUP($B32,$R$3:$Z$9,9,FALSE) -> #N/A
I33: STAG | K33: =COUNTA([4]Brewhouse!$A$252:$A$261) -> 10 | L33: =AVERAGE([4]Brewhouse!$AS$252:$AS$261) -> 98.651084 | M33: =AVERAGE([4]Brewhouse!$AS$52:$AS$81,[4]Brewhouse!$AS$83:$AS$124,[4]Brewhouse!$AS$134:$AS$177,[4]Brewhouse!$AS$22:$AS$179,[4]Brewhouse!$AS$214:$AS$249,[4]Brewhouse!$AS$252:$AS$261) -> 97.99804 | N33: 98 | R33: =B33 -> 0 | S33: =VLOOKUP($B33,$R$3:$X$9,2,FALSE) -> #N/A | T33: =VLOOKUP($B33,$R$3:$X$9,3,FALSE) -> #N/A | U33: =VLOOKUP($B33,$R$3:$X$9,4,FALSE) -> #N/A | V33: =VLOOKUP($B33,$R$3:$X$9,5,FALSE) -> #N/A | W33: =VLOOKUP($B33,$R$3:$X$9,6,FALSE) -> #N/A | X33: =VLOOKUP($B33,$R$3:$X$9,7,FALSE) -> #N/A | Y33: =VLOOKUP($B33,$R$3:$Z$9,8,FALSE) -> #N/A | Z33: =VLOOKUP($B33,$R$3:$Z$9,9,FALSE) -> #N/A
I34: GUINNESS | K34: =COUNTA([5]Brewhouse!$A$62:$A$69) -> 8 | L34: =AVERAGE([5]Brewhouse!$AU$62:$AU$69) -> 95.865326 | M34: =AVERAGE([5]Brewhouse!$AU$16:$AU$23,[5]Brewhouse!$AU$25:$AU$32,[5]Brewhouse!$AU$34:$AU$41,[5]Brewhouse!$AU$43:$AU$60,[5]Brewhouse!$AU$62:$AU$69) -> 96.726836 | N34: 98 | R34: =B34 -> 0 | S34: =VLOOKUP($B34,$R$3:$X$9,2,FALSE) -> #N/A | T34: =VLOOKUP($B34,$R$3:$X$9,3,FALSE) -> #N/A | U34: =VLOOKUP($B34,$R$3:$X$9,4,FALSE) -> #N/A | V34: =VLOOKUP($B34,$R$3:$X$9,5,FALSE) -> #N/A | W34: =VLOOKUP($B34,$R$3:$X$9,6,FALSE) -> #N/A | X34: =VLOOKUP($B34,$R$3:$X$9,7,FALSE) -> #N/A | Y34: =VLOOKUP($B34,$R$3:$Z$9,8,FALSE) -> #N/A | Z34: =VLOOKUP($B34,$R$3:$Z$9,9,FALSE) -> #N/A
I35: VITAMALT | M35: =AVERAGE([6]Brewhouse!$AV$23:$AV$34,[6]Brewhouse!$AV$36,[6]Brewhouse!$AV$38:$AV$52,[6]Brewhouse!$AV$54:$AV$60,[6]Brewhouse!$AV$62:$AV$68) -> 97.579195 | N35: 98 | R35: =B35 -> 0 | S35: =VLOOKUP($B35,$R$3:$X$9,2,FALSE) -> #N/A | T35: =VLOOKUP($B35,$R$3:$X$9,3,FALSE) -> #N/A | U35: =VLOOKUP($B35,$R$3:$X$9,4,FALSE) -> #N/A | V35: =VLOOKUP($B35,$R$3:$X$9,5,FALSE) -> #N/A | W35: =VLOOKUP($B35,$R$3:$X$9,6,FALSE) -> #N/A | X35: =VLOOKUP($B35,$R$3:$X$9,7,FALSE) -> #N/A | Y35: =VLOOKUP($B35,$R$3:$Z$9,8,FALSE) -> #N/A | Z35: =VLOOKUP($B35,$R$3:$Z$9,9,FALSE) -> #N/A
I36: MAXIMALT | N36: 98 | R36: =B36 -> 0 | S36: =VLOOKUP($B36,$R$3:$X$9,2,FALSE) -> #N/A | T36: =VLOOKUP($B36,$R$3:$X$9,3,FALSE) -> #N/A | U36: =VLOOKUP($B36,$R$3:$X$9,4,FALSE) -> #N/A | V36: =VLOOKUP($B36,$R$3:$X$9,5,FALSE) -> #N/A | W36: =VLOOKUP($B36,$R$3:$X$9,6,FALSE) -> #N/A | X36: =VLOOKUP($B36,$R$3:$X$9,7,FALSE) -> #N/A | Y36: =VLOOKUP($B36,$R$3:$Z$9,8,FALSE) -> #N/A | Z36: =VLOOKUP($B36,$R$3:$Z$9,9,FALSE) -> #N/A
I37: MACKESON | M37: =AVERAGE([7]Brewhouse!$AT$4:$AT$11,[7]Brewhouse!$AT$13:$AT$16) -> 91.538375 | N37: 98 | R37: =B37 -> 0 | S37: =VLOOKUP($B37,$R$3:$X$9,2,FALSE) -> #N/A | T37: =VLOOKUP($B37,$R$3:$X$9,3,FALSE) -> #N/A | U37: =VLOOKUP($B37,$R$3:$X$9,4,FALSE) -> #N/A | V37: =VLOOKUP($B37,$R$3:$X$9,5,FALSE) -> #N/A | W37: =VLOOKUP($B37,$R$3:$X$9,6,FALSE) -> #N/A | X37: =VLOOKUP($B37,$R$3:$X$9,7,FALSE) -> #N/A | Y37: =VLOOKUP($B37,$R$3:$Z$9,8,FALSE) -> #N/A | Z37: =VLOOKUP($B37,$R$3:$Z$9,9,FALSE) -> #N/A
I38: STARMALT | J38: =AVERAGE(I18:I24) -> 97.802583 | K38: =COUNTA([8]Brewhouse!$A$66:$A$72) -> 7 | L38: =AVERAGE([8]Brewhouse!$AY$66:$AY$72) -> 97.802583 | M38: =AVERAGE([8]Brewhouse!$AY$5:$AY$14,[8]Brewhouse!$AY$16:$AY$23,[8]Brewhouse!$AY$42,[8]Brewhouse!$AY$44:$AY$51,[8]Brewhouse!$AY$53:$AY$64,[8]Brewhouse!$AY$66:$AY$72) -> 97.426799 | N38: 98 | R38: =B38 -> 0 | S38: =VLOOKUP($B38,$R$3:$X$9,2,FALSE) -> #N/A | T38: =VLOOKUP($B38,$R$3:$X$9,3,FALSE) -> #N/A | U38: =VLOOKUP($B38,$R$3:$X$9,4,FALSE) -> #N/A | V38: =VLOOKUP($B38,$R$3:$X$9,5,FALSE) -> #N/A | W38: =VLOOKUP($B38,$R$3:$X$9,6,FALSE) -> #N/A | X38: =VLOOKUP($B38,$R$3:$X$9,7,FALSE) -> #N/A | Y38: =VLOOKUP($B38,$R$3:$Z$9,8,FALSE) -> #N/A | Z38: =VLOOKUP($B38,$R$3:$Z$9,9,FALSE) -> #N/A
I39: HR- Pils | N39: 98 | R39: =B39 -> 0 | S39: =VLOOKUP($B39,$R$3:$X$9,2,FALSE) -> #N/A | T39: =VLOOKUP($B39,$R$3:$X$9,3,FALSE) -> #N/A | U39: =VLOOKUP($B39,$R$3:$X$9,4,FALSE) -> #N/A | V39: =VLOOKUP($B39,$R$3:$X$9,5,FALSE) -> #N/A | W39: =VLOOKUP($B39,$R$3:$X$9,6,FALSE) -> #N/A | X39: =VLOOKUP($B39,$R$3:$X$9,7,FALSE) -> #N/A | Y39: =VLOOKUP($B39,$R$3:$Z$9,8,FALSE) -> #N/A | Z39: =VLOOKUP($B39,$R$3:$Z$9,9,FALSE) -> #N/A
I40: HR- IPA | N40: 98 | R40: =B40 -> 0 | S40: =VLOOKUP($B40,$R$3:$X$9,2,FALSE) -> #N/A | T40: =VLOOKUP($B40,$R$3:$X$9,3,FALSE) -> #N/A | U40: =VLOOKUP($B40,$R$3:$X$9,4,FALSE) -> #N/A | V40: =VLOOKUP($B40,$R$3:$X$9,5,FALSE) -> #N/A | W40: =VLOOKUP($B40,$R$3:$X$9,6,FALSE) -> #N/A | X40: =VLOOKUP($B40,$R$3:$X$9,7,FALSE) -> #N/A | Y40: =VLOOKUP($B40,$R$3:$Z$9,8,FALSE) -> #N/A | Z40: =VLOOKUP($B40,$R$3:$Z$9,9,FALSE) -> #N/A
I41: HR- APA | N41: 98 | R41: =B41 -> 0 | S41: =VLOOKUP($B41,$R$3:$X$9,2,FALSE) -> #N/A | T41: =VLOOKUP($B41,$R$3:$X$9,3,FALSE) -> #N/A | U41: =VLOOKUP($B41,$R$3:$X$9,4,FALSE) -> #N/A | V41: =VLOOKUP($B41,$R$3:$X$9,5,FALSE) -> #N/A | W41: =VLOOKUP($B41,$R$3:$X$9,6,FALSE) -> #N/A | X41: =VLOOKUP($B41,$R$3:$X$9,7,FALSE) -> #N/A | Y41: =VLOOKUP($B41,$R$3:$Z$9,8,FALSE) -> #N/A | Z41: =VLOOKUP($B41,$R$3:$Z$9,9,FALSE) -> #N/A
K42: =SUM(K32:K41) -> 41 | L42: =((L32*K32)+(L33*K33)+(L34*K34)+(L35*K35)+(L36*K36)+(K39*L39)+(L37*K37)+(L38*K38)+(L41*K41))/(K42) -> 97.840557 | M42: =AVERAGE('[9]Jan30th-31st'!$L$42,L42) -> 97.834299 | N42: 98 | R42: =B42 -> 0 | S42: =VLOOKUP($B42,$R$3:$X$9,2,FALSE) -> #N/A | T42: =VLOOKUP($B42,$R$3:$X$9,3,FALSE) -> #N/A | U42: =VLOOKUP($B42,$R$3:$X$9,4,FALSE) -> #N/A | V42: =VLOOKUP($B42,$R$3:$X$9,5,FALSE) -> #N/A | W42: =VLOOKUP($B42,$R$3:$X$9,6,FALSE) -> #N/A | X42: =VLOOKUP($B42,$R$3:$X$9,7,FALSE) -> #N/A | Y42: =VLOOKUP($B42,$R$3:$Z$9,8,FALSE) -> #N/A | Z42: =VLOOKUP($B42,$R$3:$Z$9,9,FALSE) -> #N/A
R43: =B43 -> 0 | S43: =VLOOKUP($B43,$R$3:$X$9,2,FALSE) -> #N/A | T43: =VLOOKUP($B43,$R$3:$X$9,3,FALSE) -> #N/A | U43: =VLOOKUP($B43,$R$3:$X$9,4,FALSE) -> #N/A | V43: =VLOOKUP($B43,$R$3:$X$9,5,FALSE) -> #N/A | W43: =VLOOKUP($B43,$R$3:$X$9,6,FALSE) -> #N/A | X43: =VLOOKUP($B43,$R$3:$X$9,7,FALSE) -> #N/A | Y43: =VLOOKUP($B43,$R$3:$Z$9,8,FALSE) -> #N/A | Z43: =VLOOKUP($B43,$R$3:$Z$9,9,FALSE) -> #N/A
J44: Daily Brewing Plan
J45: Brand | K45: Brews Achieved | L45: Average Brews per day
J46: CARIB | L46: MTD | M46: YTD | N46: TARGET
J47: STAG | L47: =AVERAGE('June 2nd'!K44,'June 3rd'!K52,'June 4th'!K47,'June 5th'!K46,'June 8th'!K48,'June 9th'!K56,K56) -> 5.8571429 | M47: =AVERAGE('[9]Jan30th-31st'!$L$47,L47,'[10]Feb 26th '!$L$39,'[11]Mar 31st'!$L$47,'[12]Apr 30th'!$L$46,'[13]May 29th '!$L$40) -> 6.2475014 | N47: 9.2
J48: GUINN
J49: VITAMALT
J50: STARMALT | K50: 7
J51: MACKESON
J52: HURRICANE REEF- IPA
J53: HURRICANE REEF- APA
B54: AVERAGE | J54: HR- PILSNER
J55: CARIBE
J56: Total | K56: =SUM(K46:K55) -> 7
B57: Process: | C57: Fermentation/Filtration
B59: Brand | C59: Filt. Date | D59: FV Hls | E59: GFE/ Prim/ Vita Blend (Hls) | F59: SV Hls | G59: BBT Hls | H59: Loss (%) Ferm | I59: Loss (%) Filt | J59: Comments | K59: Throughput | L59: Process Loss (%) | M59: Filt. Operator
AB60: 43474 | AC60: 43475 | AD60: 43476 | AE60: 43477 | AF60: 43478 | AG60: 43479 | AH60: 43480 | AI60: 43481 | AJ60: 43482 | AK60: 43483 | AL60: 43484 | AM60: 43485 | AN60: 43486 | AO60: 43487 | AP60: 43488 | AQ60: 43489 | AR60: 43490 | AS60: 43491 | AT60: 43492 | AU60: 43493 | AV60: 43494 | AW60: 43495 | AX60: 43496
AB61: =[16]January_2019!L5 -> 0 | AC61: =[16]January_2019!M5 -> 0 | AD61: =[16]January_2019!N5 -> 0 | AE61: =[16]January_2019!O5 -> 0 | AF61: =[16]January_2019!P5 -> 0 | AG61: =[16]January_2019!Q5 -> 0 | AH61: =[16]January_2019!R5 -> 0 | AI61: =[16]January_2019!S5 -> 0 | ... AX61: =[16]January_2019!AH5 -> 0
AB62: =[16]January_2019!L6 -> 0 | AC62: =[16]January_2019!M6 -> 0 | AD62: =[16]January_2019!N6 -> 0 | AE62: =[16]January_2019!O6 -> 0 | AF62: =[16]January_2019!P6 -> 0 | AG62: =[16]January_2019!Q6 -> 0 | AH62: =[16]January_2019!R6 -> 0 | AI62: =[16]January_2019!S6 -> 0 | ... AX62: =[16]January_2019!AH6 -> 0
AB63: =[16]January_2019!L7 -> 285.8 | AC63: =[16]January_2019!M7 -> 508.1 | AD63: =[16]January_2019!N7 -> 0 | AE63: =[16]January_2019!O7 -> 0 | AF63: =[16]January_2019!P7 -> 109.56667 | AG63: =[16]January_2019!Q7 -> 297.65 | AH63: =[16]January_2019!R7 -> 122.3 | AI63: =[16]January_2019!S7 -> 0 | ... AX63: =[16]January_2019!AH7 -> 0
B72: Process Loss (Volume) | G72: Process Loss (Extract) | K72: Throughput
B73: Brand | C73: Actual | D73: MTD | E73: YTD | F73: Target | G73: Actual | H73: MTD | I73: YTD | J73: Target | L73: MTD | M73: YTD | N73: Target
B74: CARIB | E74: 6.5623673 | F74: 4.8 | I74: 6.3197776 | J74: 4.8 | M74: 0.51116477 | N74: 1
B75: STAG | D75: 4.2115424 | E75: 5.7607151 | F75: 4.8 | G75: =[14]June_2026!$O$21 -> 3.6848557 | H75: 2.7270557 | I75: 5.360739 | J75: 4.8 | K75: =K61 -> 0 | L75: 1.3231579 | M75: 0.71292697 | N75: 1
B76: GUINN | E76: 11.435861 | F76: 5.5 | I76: 12.618852 | J76: 5.5 | M76: 0.26444408 | N76: 1
B77: VITAMALT | E77: 4.7166249 | F77: 3.3 | I77: 4.7393663 | J77: 3.3 | M77: 0.7360401 | N77: 1
B78: APA | F78: 3.3 | J78: 3 | N78: 1
B79: MACKESON | E79: 5.1541347 | F79: 5.5 | I79: 7.4989047 | J79: 5.5 | M79: 1.0201754 | N79: 1
B80: STARMALT | E80: 3.7333963 | F80: 3.3 | I80: 4.8412395 | J80: 3.3 | M80: 0.84386696 | N80: 1
B81: IPA | F81: 7.5 | J81: 7.5 | N81: 1
B82: HURRICANE REEF PILS | F82: 4.8 | J82: 4.8 | N82: 1
D83: 4.2115424 | E83: 6.2894752 | F83: 5.5 | H83: 2.7270557 | I83: 6.3550094 | J83: 5.5 | L83: 1.3231579 | M83: 0.58487379 | N83: 1

Sheet June 16th
S1: P.G. | U1: Hot Time | W1: Process Time | Y1: Cooling Time
B2: Brewing Department Daily Process Loss Report | S2: Lower | T2: Upper | U2: Lower | V2: Upper | W2: Lower | X2: Upper | Y2: Lower | Z2: Upper
R3: CARIB | S3: 11.6 | T3: 12 | U3: 0 | V3: 0.11805556 | W3: 0.22569444 | X3: 0.26388889 | Y3: 0 | Z3: 60 | AB3: HR- PISNER
B4: Date: | C4: 46190 | J4: LOT WORT COLOUR: | M4: Filter Sheets (Target 20 days) | R4: STAG | S4: 11.6 | T4: 12 | U4: 0 | V4: 0.11805556 | W4: 0.22569444 | X4: 0.26388889 | Y4: 0 | Z4: 60
M5: Double | N5: Single | R5: GUINNESS | S5: 17 | T5: 17.5 | U5: 0 | V5: 0.10763889 | W5: 0.24652778 | X5: 0.28472222 | Y5: 0 | Z5: 60
J6: MALT LOT: Lot #13 | L6: Sheet Day | R6: MACKESON | S6: 13.3 | T6: 13.5 | U6: 0 | V6: 0.12905093 | W6: 0.27430556 | X6: 0.30208333 | Y6: 0
R7: STARMALT | S7: 17 | T7: 17.4 | U7: 0 | V7: 0.13605324 | W7: 0.27430556 | X7: 0.30902778 | Y7: 0 | Z7: 85
B8: Brand | C8: Brew no. | D8: Kett. Hls | E8: Wort | F8: Cool Time(Mins) | G8: Cast. P.G. (Lab Result) | H8: Cast P.G. (Cellar Operator)-gravity | I8: Extr. Rec (77.9%) | J8: Theor. Extr. (77.5%) | K8: Boil Off /Vol. (4-6%) | L8: Boil Time | M8: Total Hot | N8: Brewing Time | O8: Operator | R8: Hurricane Reef | S8: 16.6 | T8: 17 | U8: 0 | V8: 0.12905093 | W8: 0.27430556 | X8: 0.30208333 | Y8: 0
E9: Meter (Hls) | F9: Target(< 60Mins) | M9: Time | R9: VITAMALT | S9: 14.2 | T9: 14.6 | U9: 0 | V9: 0.13905093 | W9: 0.26041667 | X9: 0.29513889 | Y9: 0 | Z9: 75
B10: STARMALT | C10: =[8]Brewhouse!$A73 -> SM064 | D10: =[8]Brewhouse!$AH73 -> 53.1 | E10: =[8]Brewhouse!$AM73 -> 52.8 | F10: =[8]Brewhouse!$Z73 -> 71 | G10: =[8]Brewhouse!$AK73 -> 17.3 | I10: =[8]Brewhouse!$AY73 -> 101.18743 | J10: =[8]Brewhouse!$AZ73 -> 101.59065 | K10: =[8]Brewhouse!$U73 -> 12.391714 | L10: =[8]Brewhouse!$T73 -> 61 | M10: =[8]Brewhouse!$Y73-[8]Brewhouse!$X73 -> 0.14027778 | N10: =[8]Brewhouse!$AD73 -> 0.29791667 | O10: =[8]Brewhouse!$BC73 -> R. Regis | R10: =B10 -> STARMALT | S10: =VLOOKUP($B10,$R$3:$X$9,2,FALSE) -> 17 | T10: =VLOOKUP($B10,$R$3:$X$9,3,FALSE) -> 17.4 | U10: =VLOOKUP($B10,$R$3:$X$9,4,FALSE) -> 0 | V10: =VLOOKUP($B10,$R$3:$X$9,5,FALSE) -> 0.13605324 | W10: =VLOOKUP($B10,$R$3:$X$9,6,FALSE) -> 0.27430556 | X10: =VLOOKUP($B10,$R$3:$X$9,7,FALSE) -> 0.30902778 | Y10: =VLOOKUP($B10,$R$3:$Z$9,8,FALSE) -> 0 | Z10: =VLOOKUP($B10,$R$3:$Z$9,9,FALSE) -> 85
R11: =B11 -> 0 | S11: =VLOOKUP($B11,$R$3:$X$9,2,FALSE) -> #N/A | T11: =VLOOKUP($B11,$R$3:$X$9,3,FALSE) -> #N/A | U11: =VLOOKUP($B11,$R$3:$X$9,4,FALSE) -> #N/A | V11: =VLOOKUP($B11,$R$3:$X$9,5,FALSE) -> #N/A | W11: =VLOOKUP($B11,$R$3:$X$9,6,FALSE) -> #N/A | X11: =VLOOKUP($B11,$R$3:$X$9,7,FALSE) -> #N/A | Y11: =VLOOKUP($B11,$R$3:$Z$9,8,FALSE) -> #N/A | Z11: =VLOOKUP($B11,$R$3:$Z$9,9,FALSE) -> #N/A
B12: STAG | C12: =[4]Brewhouse!$A262 -> ST207 | D12: =[4]Brewhouse!$AB262 -> 0 | E12: =[4]Brewhouse!$AG262 -> 50 | F12: =[4]Brewhouse!$V262 -> 55 | G12: =[4]Brewhouse!$AE262 -> 11.9 | H12: 11.9 | I12: =[4]Brewhouse!$AS262 -> 99.335232 | J12: =[4]Brewhouse!$AT262 -> 100.01864 | L12: =[4]Brewhouse!$P262 -> 60 | M12: =[4]Brewhouse!$U262-[4]Brewhouse!$T262 -> 0.13333333 | N12: =[4]Brewhouse!$AW262 -> 0.52291667 | O12: =[4]Brewhouse!$AV262 -> D. Gomaz | P12: Brew held back due to problem with CIP system | R12: =B12 -> STAG | S12: =VLOOKUP($B12,$R$3:$X$9,2,FALSE) -> 11.6 | T12: =VLOOKUP($B12,$R$3:$X$9,3,FALSE) -> 12 | U12: =VLOOKUP($B12,$R$3:$X$9,4,FALSE) -> 0 | V12: =VLOOKUP($B12,$R$3:$X$9,5,FALSE) -> 0.11805556 | W12: =VLOOKUP($B12,$R$3:$X$9,6,FALSE) -> 0.22569444 | X12: =VLOOKUP($B12,$R$3:$X$9,7,FALSE) -> 0.26388889 | Y12: =VLOOKUP($B12,$R$3:$Z$9,8,FALSE) -> 0 | Z12: =VLOOKUP($B12,$R$3:$Z$9,9,FALSE) -> 60
B13: STAG | C13: =[4]Brewhouse!$A263 -> ST208 | D13: =[4]Brewhouse!$AB263 -> 53 | E13: =[4]Brewhouse!$AG263 -> 50 | F13: =[4]Brewhouse!$V263 -> 52 | G13: =[4]Brewhouse!$AE263 -> 12 | H13: 12 | I13: =[4]Brewhouse!$AS263 -> 100.58933 | J13: =[4]Brewhouse!$AT263 -> 101.28069 | K13: =[4]Brewhouse!$Q263 -> 12.59434 | L13: =[4]Brewhouse!$P263 -> 60 | M13: =[4]Brewhouse!$U263-[4]Brewhouse!$T263 -> 0.11597222 | N13: =[4]Brewhouse!$AW263 -> 0.25625 | O13: =[4]Brewhouse!$AV263 -> K. Benjamin | R13: =B13 -> STAG | S13: =VLOOKUP($B13,$R$3:$X$9,2,FALSE) -> 11.6 | T13: =VLOOKUP($B13,$R$3:$X$9,3,FALSE) -> 12 | U13: =VLOOKUP($B13,$R$3:$X$9,4,FALSE) -> 0 | V13: =VLOOKUP($B13,$R$3:$X$9,5,FALSE) -> 0.11805556 | W13: =VLOOKUP($B13,$R$3:$X$9,6,FALSE) -> 0.22569444 | X13: =VLOOKUP($B13,$R$3:$X$9,7,FALSE) -> 0.26388889 | Y13: =VLOOKUP($B13,$R$3:$Z$9,8,FALSE) -> 0 | Z13: =VLOOKUP($B13,$R$3:$Z$9,9,FALSE) -> 60
B14: STAG | C14: =[4]Brewhouse!$A264 -> ST209 | D14: =[4]Brewhouse!$AB264 -> 53 | E14: =[4]Brewhouse!$AG264 -> 50.6 | F14: =[4]Brewhouse!$V264 -> 59 | G14: =[4]Brewhouse!$AE264 -> 11.9 | H14: 11.9 | I14: =[4]Brewhouse!$AS264 -> 101.15819 | J14: =[4]Brewhouse!$AT264 -> 101.85301 | K14: =[4]Brewhouse!$Q264 -> 10.896226 | L14: =[4]Brewhouse!$P264 -> 62 | M14: =[4]Brewhouse!$U264-[4]Brewhouse!$T264 -> 0.1125 | N14: =[4]Brewhouse!$AW264 -> 0.24652778 | O14: =[4]Brewhouse!$AV264 -> K. Benjamin | R14: =B14 -> STAG | S14: =VLOOKUP($B14,$R$3:$X$9,2,FALSE) -> 11.6 | T14: =VLOOKUP($B14,$R$3:$X$9,3,FALSE) -> 12 | U14: =VLOOKUP($B14,$R$3:$X$9,4,FALSE) -> 0 | V14: =VLOOKUP($B14,$R$3:$X$9,5,FALSE) -> 0.11805556 | W14: =VLOOKUP($B14,$R$3:$X$9,6,FALSE) -> 0.22569444 | X14: =VLOOKUP($B14,$R$3:$X$9,7,FALSE) -> 0.26388889 | Y14: =VLOOKUP($B14,$R$3:$Z$9,8,FALSE) -> 0 | Z14: =VLOOKUP($B14,$R$3:$Z$9,9,FALSE) -> 60
B15: STAG | C15: =[4]Brewhouse!$A265 -> ST210 | D15: =[4]Brewhouse!$AB265 -> 53.1 | E15: =[4]Brewhouse!$AG265 -> 50.9 | F15: =[4]Brewhouse!$V265 -> 53 | G15: =[4]Brewhouse!$AE265 -> 11.7 | H15: 11.8 | I15: =[4]Brewhouse!$AS265 -> 100.84593 | J15: =[4]Brewhouse!$AT265 -> 101.53699 | K15: =[4]Brewhouse!$Q265 -> 10.875706 | L15: =[4]Brewhouse!$P265 -> 62 | M15: =[4]Brewhouse!$U265-[4]Brewhouse!$T265 -> 0.12013889 | N15: =[4]Brewhouse!$AW265 -> 0.27083333 | O15: =[4]Brewhouse!$AV265 -> K. Benjamin | P15: Slow spen grain removal | R15: =B15 -> STAG | S15: =VLOOKUP($B15,$R$3:$X$9,2,FALSE) -> 11.6 | T15: =VLOOKUP($B15,$R$3:$X$9,3,FALSE) -> 12 | U15: =VLOOKUP($B15,$R$3:$X$9,4,FALSE) -> 0 | V15: =VLOOKUP($B15,$R$3:$X$9,5,FALSE) -> 0.11805556 | W15: =VLOOKUP($B15,$R$3:$X$9,6,FALSE) -> 0.22569444 | X15: =VLOOKUP($B15,$R$3:$X$9,7,FALSE) -> 0.26388889 | Y15: =VLOOKUP($B15,$R$3:$Z$9,8,FALSE) -> 0 | Z15: =VLOOKUP($B15,$R$3:$Z$9,9,FALSE) -> 60
R16: =B16 -> 0 | S16: =VLOOKUP($B16,$R$3:$X$9,2,FALSE) -> #N/A | T16: =VLOOKUP($B16,$R$3:$X$9,3,FALSE) -> #N/A | U16: =VLOOKUP($B16,$R$3:$X$9,4,FALSE) -> #N/A | V16: =VLOOKUP($B16,$R$3:$X$9,5,FALSE) -> #N/A | W16: =VLOOKUP($B16,$R$3:$X$9,6,FALSE) -> #N/A | X16: =VLOOKUP($B16,$R$3:$X$9,7,FALSE) -> #N/A | Y16: =VLOOKUP($B16,$R$3:$Z$9,8,FALSE) -> #N/A | Z16: =VLOOKUP($B16,$R$3:$Z$9,9,FALSE) -> #N/A
R17: =B17 -> 0 | S17: =VLOOKUP($B17,$R$3:$X$9,2,FALSE) -> #N/A | T17: =VLOOKUP($B17,$R$3:$X$9,3,FALSE) -> #N/A | U17: =VLOOKUP($B17,$R$3:$X$9,4,FALSE) -> #N/A | V17: =VLOOKUP($B17,$R$3:$X$9,5,FALSE) -> #N/A | W17: =VLOOKUP($B17,$R$3:$X$9,6,FALSE) -> #N/A | X17: =VLOOKUP($B17,$R$3:$X$9,7,FALSE) -> #N/A | Y17: =VLOOKUP($B17,$R$3:$Z$9,8,FALSE) -> #N/A | Z17: =VLOOKUP($B17,$R$3:$Z$9,9,FALSE) -> #N/A
R18: =B18 -> 0 | S18: =VLOOKUP($B18,$R$3:$X$9,2,FALSE) -> #N/A | T18: =VLOOKUP($B18,$R$3:$X$9,3,FALSE) -> #N/A | U18: =VLOOKUP($B18,$R$3:$X$9,4,FALSE) -> #N/A | V18: =VLOOKUP($B18,$R$3:$X$9,5,FALSE) -> #N/A | W18: =VLOOKUP($B18,$R$3:$X$9,6,FALSE) -> #N/A | X18: =VLOOKUP($B18,$R$3:$X$9,7,FALSE) -> #N/A | Y18: =VLOOKUP($B18,$R$3:$Z$9,8,FALSE) -> #N/A | Z18: =VLOOKUP($B18,$R$3:$Z$9,9,FALSE) -> #N/A
R19: =B19 -> 0 | S19: =VLOOKUP($B19,$R$3:$X$9,2,FALSE) -> #N/A | T19: =VLOOKUP($B19,$R$3:$X$9,3,FALSE) -> #N/A | U19: =VLOOKUP($B19,$R$3:$X$9,4,FALSE) -> #N/A | V19: =VLOOKUP($B19,$R$3:$X$9,5,FALSE) -> #N/A | W19: =VLOOKUP($B19,$R$3:$X$9,6,FALSE) -> #N/A | X19: =VLOOKUP($B19,$R$3:$X$9,7,FALSE) -> #N/A | Y19: =VLOOKUP($B19,$R$3:$Z$9,8,FALSE) -> #N/A | Z19: =VLOOKUP($B19,$R$3:$Z$9,9,FALSE) -> #N/A
R20: =B20 -> 0 | S20: =VLOOKUP($B20,$R$3:$X$9,2,FALSE) -> #N/A | T20: =VLOOKUP($B20,$R$3:$X$9,3,FALSE) -> #N/A | U20: =VLOOKUP($B20,$R$3:$X$9,4,FALSE) -> #N/A | V20: =VLOOKUP($B20,$R$3:$X$9,5,FALSE) -> #N/A | W20: =VLOOKUP($B20,$R$3:$X$9,6,FALSE) -> #N/A | X20: =VLOOKUP($B20,$R$3:$X$9,7,FALSE) -> #N/A | Y20: =VLOOKUP($B20,$R$3:$Z$9,8,FALSE) -> #N/A | Z20: =VLOOKUP($B20,$R$3:$Z$9,9,FALSE) -> #N/A
R21: =B21 -> 0 | S21: =VLOOKUP($B21,$R$3:$X$9,2,FALSE) -> #N/A | T21: =VLOOKUP($B21,$R$3:$X$9,3,FALSE) -> #N/A | U21: =VLOOKUP($B21,$R$3:$X$9,4,FALSE) -> #N/A | V21: =VLOOKUP($B21,$R$3:$X$9,5,FALSE) -> #N/A | W21: =VLOOKUP($B21,$R$3:$X$9,6,FALSE) -> #N/A | X21: =VLOOKUP($B21,$R$3:$X$9,7,FALSE) -> #N/A | Y21: =VLOOKUP($B21,$R$3:$Z$9,8,FALSE) -> #N/A | Z21: =VLOOKUP($B21,$R$3:$Z$9,9,FALSE) -> #N/A
R22: =B22 -> 0 | S22: =VLOOKUP($B22,$R$3:$X$9,2,FALSE) -> #N/A | T22: =VLOOKUP($B22,$R$3:$X$9,3,FALSE) -> #N/A | U22: =VLOOKUP($B22,$R$3:$X$9,4,FALSE) -> #N/A | V22: =VLOOKUP($B22,$R$3:$X$9,5,FALSE) -> #N/A | W22: =VLOOKUP($B22,$R$3:$X$9,6,FALSE) -> #N/A | X22: =VLOOKUP($B22,$R$3:$X$9,7,FALSE) -> #N/A | Y22: =VLOOKUP($B22,$R$3:$Z$9,8,FALSE) -> #N/A | Z22: =VLOOKUP($B22,$R$3:$Z$9,9,FALSE) -> #N/A
R23: =B23 -> 0 | S23: =VLOOKUP($B23,$R$3:$X$9,2,FALSE) -> #N/A | T23: =VLOOKUP($B23,$R$3:$X$9,3,FALSE) -> #N/A | U23: =VLOOKUP($B23,$R$3:$X$9,4,FALSE) -> #N/A | V23: =VLOOKUP($B23,$R$3:$X$9,5,FALSE) -> #N/A | W23: =VLOOKUP($B23,$R$3:$X$9,6,FALSE) -> #N/A | X23: =VLOOKUP($B23,$R$3:$X$9,7,FALSE) -> #N/A | Y23: =VLOOKUP($B23,$R$3:$Z$9,8,FALSE) -> #N/A | Z23: =VLOOKUP($B23,$R$3:$Z$9,9,FALSE) -> #N/A
