Workbook

Sheet Entries June'25
B1: ENTRIES FOR DAILY CONS. MONITOR | O1: =B1 -> ENTRIES FOR DAILY CONS. MONITOR
C2: old | F2: old | O2: Service 227.3 cubic meters (2273 Hls)Filtered 189.3 cubic meters(1893 Hls)
D3: FUEL | J3: ELECT. | L3: CO2 | O3: WATER | AG3: CO2 Scrubber (m3) | AH3: Supply to Washdown Area (m3) | AI3: Supply to RUs (m3) | AJ3: Steam Mass Flow Meter | AK3: CO2 TANKS' READING
B4: Boilers tot. | C4: Boiler 1 | D4: Gen. meter | E4: Tank level | F4: Boiler 1 | G4: Boiler 2 | H4: Gen | I4: Meter1 | J4: Meter 2 | K4: Gen Meter | L4: Collection | M4: Consumption | N4: Consumption (Filler) (kg) | O4: Nawasa Meter (m3) | P4: Annandale Supply (m3) | Q4: Service Supply to Plant (m3) | R4: Cellars/Filtration (m3) | S4: Brewhouse Meter (m3) | T4: Cellars/Process Areas (m3) | U4: Pasteuriser (m3) | V4: Water Plant-Nawasa Annadale (m3) | W4: Water Plant-Well # 1 (m3) | X4: CIP Process | Y4: Bottle Washer | Z4: Boiler | AA4: Permeate #1 | AB4: Permeate #2 | AC4: Bottle Filler (m3) | AD4: RO # 1 Totaliser (m3) | AE4: RO # 2 Totaliser (m3) | AF4: Recovered Water (m3) | AK4: (Kg.) | AL4: ` | AM4: (Lbs.) | AN4: (Kg.)
A5: DATE | B5: (liters) | C5: (liters) | D5: (Imp. gals) | E5: (inches) | F5: Hrs | G5: Hrs | H5: Hrs. | I5: (Kwhr) | J5: (Kwhr) | K5: (Kwhr) | L5: Meter (kg) | M5: Meter (kg) | X5: (m3) | Y5: (m3) | Z5: (m3) | AK5: Tank "A" | AL5: Tank "B" | AM5: Mobile Tanker | AN5: Inside Tank
A6: -
A7: 1 | B7: 7416560 | E7: 64 | F7: 4131.1 | G7: 68225 | I7: 651300 | J7: 204968 | K7: 468000 | N7: 3052.19 | O7: 180743 | P7: 21238 | Q7: 903351 | S7: 45913 | U7: 20888 | V7: 1298636 | X7: 34117 | Y7: 33760 | Z7: 7492 | AA7: 97122 | AC7: 40368 | AD7: 259432 | AJ7: 7288160.8
A8: 2 | B8: 7417290 | E8: 64 | F8: 4135.5 | G8: 68225 | I8: 654282 | J8: 207771 | K8: 468000 | N8: 3052.19 | O8: 180743 | P8: 21309 | Q8: 903363 | S8: 45913 | U8: 20888 | V8: 1298708 | X8: 34117 | Y8: 33787 | Z8: 7493 | AA8: 97122 | AC8: 40368 | AD8: 259432 | AJ8: 7288189.3
A9: 3 | B9: 7420570 | E9: 64 | F9: 4156.6 | G9: 68225 | I9: 658919 | J9: 212138 | K9: 468000 | N9: 3112.78 | O9: 181010 | P9: 21497 | Q9: 903698 | S9: 46026 | U9: 20907 | V9: 1298908 | X9: 34202 | Y9: 33900 | Z9: 7518 | AA9: 97122 | AC9: 40368 | AD9: 259432 | AJ9: 7288189.3
A10: 4 | B10: 7423950 | E10: 64 | F10: 4177.7 | G10: 68225 | I10: 663548 | J10: 216496 | K10: 468000 | N10: 3165.58 | O10: 181298 | P10: 21629 | Q10: 903992 | S10: 46156 | U10: 20907 | V10: 1299047 | X10: 34253 | Y10: 34058 | Z10: 7538 | AA10: 97122 | AC10: 40410 | AD10: 259432 | AJ10: 7288297.3
A11: 5 | B11: 7427080 | E11: 64 | F11: 4197.9 | G11: 68225 | I11: 668191 | J11: 220866 | K11: 468000 | N11: 3215.28 | O11: 181496 | P11: 21800 | Q11: 904220 | S11: 46329 | U11: 20907 | V11: 1299228 | X11: 34284 | Y11: 34171 | Z11: 7554 | AA11: 97122 | AC11: 40432 | AD11: 259432 | AJ11: 7288301.2
A12: 6 | B12: 7430590 | E12: 64 | F12: 4219.8 | G12: 68225 | I12: 673137 | J12: 225529 | K12: 468000 | N12: 3276.42 | O12: 181637 | P12: 22062 | Q12: 904525 | S12: 46551 | U12: 20915 | V12: 1299504 | X12: 34340 | Y12: 34321 | Z12: 7574 | AA12: 97122 | AC12: 40455 | AD12: 259448 | AJ12: 7288301.2
A13: 7 | B13: 7433250 | E13: 64 | F13: 4238.1 | G13: 68225 | I13: 677816 | J13: 229936 | K13: 468000 | N13: 3324.64 | O13: 181860 | P13: 22349 | Q13: 904750 | S13: 46673 | U13: 20915 | V13: 1299806 | X13: 34400 | Y13: 34415 | Z13: 7589 | AA13: 97122 | AC13: 40472 | AD13: 259448 | AJ13: 7288301.2
A14: 8 | B14: 7433550 | E14: 64 | F14: 4240.2 | G14: 68225 | I14: 679982 | J14: 231968 | K14: 468000 | N14: 3324.97 | O14: 181860 | P14: 22349 | Q14: 904797 | S14: 46674 | U14: 20915 | V14: 1299806 | X14: 34405 | Y14: 34420 | Z14: 7589 | AA14: 97122 | AC14: 40474 | AD14: 259448 | AJ14: 7288301.2
A15: 9 | B15: 7433550 | E15: 64 | F15: 4240.2 | G15: 68225 | I15: 682776 | J15: 234539 | K15: 468000 | N15: 3324.97 | O15: 181860 | P15: 22437 | Q15: 904868 | S15: 46674 | U15: 20915 | V15: 1299899 | X15: 34405 | Y15: 34479 | Z15: 7590 | AA15: 97122 | AC15: 40474 | AD15: 259448 | AJ15: 7288301.2
A16: 10 | B16: 7434380 | E16: 64 | F16: 4245.2 | G16: 68225 | I16: 685080 | J16: 236740 | K16: 468000 | N16: 3324.97 | O16: 181860 | P16: 22437 | Q16: 904874 | S16: 46674 | U16: 20915 | V16: 1299899 | X16: 34405 | Y16: 34479 | Z16: 7593 | AA16: 97122 | AC16: 40474 | AD16: 259448 | AJ16: 7288301.2
A17: 11 | B17: 7437280 | E17: 64 | F17: 4264.3 | G17: 68225 | I17: 689299 | J17: 240709 | K17: 468000 | N17: 3384.18 | O17: 182031 | P17: 22573 | Q17: 905144 | S17: 46774 | U17: 20921 | V17: 1300042 | X17: 34452 | Y17: 34619 | Z17: 7610 | AA17: 97122 | AC17: 40474 | AD17: 259448 | AJ17: 7288304.1
A18: 12 | B18: 7440680 | E18: 64 | F18: 4285.8 | G18: 68225 | I18: 693826 | J18: 244973 | K18: 468000 | N18: 3458.97 | O18: 182335 | P18: 22745 | Q18: 905431 | S18: 46954 | U18: 20921 | V18: 1300216 | X18: 34495 | Y18: 34777 | Z18: 7628 | AA18: 97122 | AC18: 40474 | AD18: 259448 | AJ18: 7288304.1
... A37: 1 | B37: 7486040 | E37: 64 | F37: 4583 | G37: 68225 | I37: 765750 | J37: 312573 | K37: 468000 | N37: 4185.99 | O37: 184851 | P37: 25619 | Q37: 908959 | S37: 48949 | U37: 21043 | V37: 1303314 | X37: 35100 | Y37: 36417 | Z37: 8088 | AA37: 97122 | AC37: 40783 | AD37: 259968 | AJ37: 7289001.9

Sheet Utility Analysis June 2025
H2: GRENADA BREWERIES LIMITED
H3: UTILITY ANALYSIS
A5: MONTH: | G5: 39295
A7: DATE | D7: ELECTRICITY GRENLEC | E7: CARIB GENSET | F7: ELECTRICITY TOTAL | G7: WATER | H7: FUEL | I7: CO2 | J7: PRODUCTION - HL | O7: UTILITY RATIOS
B8: METER 1 | C8: METER 2 | O8: Elect | P8: Water | Q8: Fuel | R8: CO2
D9: USAGE (kwh) | E9: USAGE (kwh) | F9: USAGE (kwh) | G9: USAGE (Hl) | H9: USAGE (l) | I9: USAGE (Kg.) | J9: BREWED | K9: BOTTLED | L9: KEGS | M9: OTHER | N9: TOTAL | O9: KWH/Hl | P9: Hl/hl | Q9: Litres/hl | R9: kg./Hl
A10: 1 | B10: =IF('Entries June''25'!I8>='Entries June''25'!I7,'Entries June''25'!I8-'Entries June''25'!I7,(999999-'Entries June''25'!I7)+'Entries June''25'!I8+1) -> 2982 | C10: =IF('Entries June''25'!J8>='Entries June''25'!J7,'Entries June''25'!J8-'Entries June''25'!J7,(999999-'Entries June''25'!J7)+'Entries June''25'!J8+1) -> 2803 | D10: =B10+C10 -> 5785 | E10: =IF('Entries June''25'!K8>='Entries June''25'!K7,'Entries June''25'!K8-'Entries June''25'!K7,(999999-'Entries June''25'!K7)+'Entries June''25'!K8+1) -> 0 | F10: =D10+E10 -> 5785 | G10: ='Water '!Z7*10 -> 710 | H10: =IF('Entries June''25'!B8-'Entries June''25'!B7<1,"0",'Entries June''25'!B8-'Entries June''25'!B7) -> 730 | I10: ='CO2'!C7 -> 0 | J10: =+'PROD.FIG. '!F5 -> 0 | K10: =+'PROD.FIG. '!C5 -> 0 | L10: =+'PROD.FIG. '!D5 -> 0 | M10: =+'PROD.FIG. '!E5 -> 0 | N10: {=TRANSPOSE('Daily KPIs'!B9:AF9)} -> 0 | O10: =IF(N10=0,0,F10/N10) -> 0 | P10: =IF(O10=0,0,G10/N10) -> 0 | Q10: =IF(P10=0,0,H10/N10) -> 0 | R10: =IF(Q10=0,0,I10/N10) -> 0
A11: 2 | B11: =IF('Entries June''25'!I9>='Entries June''25'!I8,'Entries June''25'!I9-'Entries June''25'!I8,(999999-'Entries June''25'!I8)+'Entries June''25'!I9+1) -> 4637 | C11: =IF('Entries June''25'!J9>='Entries June''25'!J8,'Entries June''25'!J9-'Entries June''25'!J8,(999999-'Entries June''25'!J8)+'Entries June''25'!J9+1) -> 4367 | D11: =B11+C11 -> 9004 | E11: =IF('Entries June''25'!K9>='Entries June''25'!K8,'Entries June''25'!K9-'Entries June''25'!K8,(999999-'Entries June''25'!K8)+'Entries June''25'!K9+1) -> 0 | F11: =D11+E11 -> 9004 | G11: ='Water '!Z8*10 -> 4550 | H11: =IF('Entries June''25'!B9-'Entries June''25'!B8<1,"0",'Entries June''25'!B9-'Entries June''25'!B8) -> 3280 | I11: ='CO2'!C8 -> 2700 | J11: =+'PROD.FIG. '!F6 -> 0 | K11: =+'PROD.FIG. '!C6 -> 0 | L11: =+'PROD.FIG. '!D6 -> 0 | M11: =+'PROD.FIG. '!E6 -> 0 | N11: 455.6052 | O11: =IF(N11=0,0,F11/N11) -> 19.762724 | P11: =IF(O11=0,0,G11/N11) -> 9.9867166 | Q11: =IF(P11=0,0,H11/N11) -> 7.1992155 | R11: =IF(Q11=0,0,I11/N11) -> 5.9261835
A12: 3 | B12: =IF('Entries June''25'!I10>='Entries June''25'!I9,'Entries June''25'!I10-'Entries June''25'!I9,(999999-'Entries June''25'!I9)+'Entries June''25'!I10+1) -> 4629 | C12: =IF('Entries June''25'!J10>='Entries June''25'!J9,'Entries June''25'!J10-'Entries June''25'!J9,(999999-'Entries June''25'!J9)+'Entries June''25'!J10+1) -> 4358 | D12: =B12+C12 -> 8987 | E12: =IF('Entries June''25'!K10>='Entries June''25'!K9,'Entries June''25'!K10-'Entries June''25'!K9,(999999-'Entries June''25'!K9)+'Entries June''25'!K10+1) -> 0 | F12: =D12+E12 -> 8987 | G12: ='Water '!Z9*10 -> 4200 | H12: =IF('Entries June''25'!B10-'Entries June''25'!B9<1,"0",'Entries June''25'!B10-'Entries June''25'!B9) -> 3380 | I12: ='CO2'!C9 -> 3100 | J12: =+'PROD.FIG. '!F7 -> 0 | K12: =+'PROD.FIG. '!C7 -> 0 | L12: =+'PROD.FIG. '!D7 -> 0 | M12: =+'PROD.FIG. '!E7 -> 0 | N12: 644.754 | O12: =IF(N12=0,0,F12/N12) -> 13.938649 | P12: =IF(O12=0,0,G12/N12) -> 6.5141124 | Q12: =IF(P12=0,0,H12/N12) -> 5.2423095 | R12: =IF(Q12=0,0,I12/N12) -> 4.8080353
A13: 4 | B13: =IF('Entries June''25'!I11>='Entries June''25'!I10,'Entries June''25'!I11-'Entries June''25'!I10,(999999-'Entries June''25'!I10)+'Entries June''25'!I11+1) -> 4643 | C13: =IF('Entries June''25'!J11>='Entries June''25'!J10,'Entries June''25'!J11-'Entries June''25'!J10,(999999-'Entries June''25'!J10)+'Entries June''25'!J11+1) -> 4370 | D13: =B13+C13 -> 9013 | E13: =IF('Entries June''25'!K11>='Entries June''25'!K10,'Entries June''25'!K11-'Entries June''25'!K10,(999999-'Entries June''25'!K10)+'Entries June''25'!K11+1) -> 0 | F13: =D13+E13 -> 9013 | G13: ='Water '!Z10*10 -> 3690 | H13: =IF('Entries June''25'!B11-'Entries June''25'!B10<1,"0",'Entries June''25'!B11-'Entries June''25'!B10) -> 3130 | I13: ='CO2'!C10 -> 2500 | J13: =+'PROD.FIG. '!F8 -> 0 | K13: =+'PROD.FIG. '!C8 -> 0 | L13: =+'PROD.FIG. '!D8 -> 0 | M13: =+'PROD.FIG. '!E8 -> 0 | N13: 398.442 | O13: =IF(N13=0,0,F13/N13) -> 22.620607 | P13: =IF(O13=0,0,G13/N13) -> 9.2610719 | Q13: =IF(P13=0,0,H13/N13) -> 7.8555976 | R13: =IF(Q13=0,0,I13/N13) -> 6.2744389
A14: 5 | B14: =IF('Entries June''25'!I12>='Entries June''25'!I11,'Entries June''25'!I12-'Entries June''25'!I11,(999999-'Entries June''25'!I11)+'Entries June''25'!I12+1) -> 4946 | C14: =IF('Entries June''25'!J12>='Entries June''25'!J11,'Entries June''25'!J12-'Entries June''25'!J11,(999999-'Entries June''25'!J11)+'Entries June''25'!J12+1) -> 4663 | D14: =B14+C14 -> 9609 | E14: =IF('Entries June''25'!K12>='Entries June''25'!K11,'Entries June''25'!K12-'Entries June''25'!K11,(999999-'Entries June''25'!K11)+'Entries June''25'!K12+1) -> 0 | F14: =D14+E14 -> 9609 | G14: ='Water '!Z11*10 -> 4030 | H14: =IF('Entries June''25'!B12-'Entries June''25'!B11<1,"0",'Entries June''25'!B12-'Entries June''25'!B11) -> 3510 | I14: ='CO2'!C11 -> 3900 | J14: =+'PROD.FIG. '!F9 -> 0 | K14: =+'PROD.FIG. '!C9 -> 0 | L14: =+'PROD.FIG. '!D9 -> 0 | M14: =+'PROD.FIG. '!E9 -> 0 | N14: 496.584 | O14: =IF(N14=0,0,F14/N14) -> 19.350201 | P14: =IF(O14=0,0,G14/N14) -> 8.1154447 | Q14: =IF(P14=0,0,H14/N14) -> 7.0682906 | R14: =IF(Q14=0,0,I14/N14) -> 7.8536562
A15: 6 | B15: =IF('Entries June''25'!I13>='Entries June''25'!I12,'Entries June''25'!I13-'Entries June''25'!I12,(999999-'Entries June''25'!I12)+'Entries June''25'!I13+1) -> 4679 | C15: =IF('Entries June''25'!J13>='Entries June''25'!J12,'Entries June''25'!J13-'Entries June''25'!J12,(999999-'Entries June''25'!J12)+'Entries June''25'!J13+1) -> 4407 | D15: =B15+C15 -> 9086 | E15: =IF('Entries June''25'!K13>='Entries June''25'!K12,'Entries June''25'!K13-'Entries June''25'!K12,(999999-'Entries June''25'!K12)+'Entries June''25'!K13+1) -> 0 | F15: =D15+E15 -> 9086 | G15: ='Water '!Z12*10 -> 5100 | H15: =IF('Entries June''25'!B13-'Entries June''25'!B12<1,"0",'Entries June''25'!B13-'Entries June''25'!B12) -> 2660 | I15: ='CO2'!C12 -> 3200 | J15: =+'PROD.FIG. '!F10 -> 0 | K15: =+'PROD.FIG. '!C10 -> 0 | L15: =+'PROD.FIG. '!D10 -> 0 | M15: =+'PROD.FIG. '!E10 -> 0 | N15: 263.934 | O15: =IF(N15=0,0,F15/N15) -> 34.425273 | P15: =IF(O15=0,0,G15/N15) -> 19.323013 | Q15: =IF(P15=0,0,H15/N15) -> 10.078277 | R15: =IF(Q15=0,0,I15/N15) -> 12.124243
A16: 7 | B16: =IF('Entries June''25'!I14>='Entries June''25'!I13,'Entries June''25'!I14-'Entries June''25'!I13,(999999-'Entries June''25'!I13)+'Entries June''25'!I14+1) -> 2166 | C16: =IF('Entries June''25'!J14>='Entries June''25'!J13,'Entries June''25'!J14-'Entries June''25'!J13,(999999-'Entries June''25'!J13)+'Entries June''25'!J14+1) -> 2032 | D16: =B16+C16 -> 4198 | E16: =IF('Entries June''25'!K14>='Entries June''25'!K13,'Entries June''25'!K14-'Entries June''25'!K13,(999999-'Entries June''25'!K13)+'Entries June''25'!K14+1) -> 0 | F16: =D16+E16 -> 4198 | G16: ='Water '!Z13*10 -> 0 | H16: =IF('Entries June''25'!B14-'Entries June''25'!B13<1,"0",'Entries June''25'!B14-'Entries June''25'!B13) -> 300 | I16: ='CO2'!C13 -> 0 | J16: =+'PROD.FIG. '!F11 -> 0 | K16: =+'PROD.FIG. '!C11 -> 0 | L16: =+'PROD.FIG. '!D11 -> 0 | M16: =+'PROD.FIG. '!E11 -> 0 | N16: 0 | O16: =IF(N16=0,0,F16/N16) -> 0 | P16: =IF(O16=0,0,G16/N16) -> 0 | Q16: =IF(P16=0,0,H16/N16) -> 0 | R16: =IF(Q16=0,0,I16/N16) -> 0
A17: 8 | B17: =IF('Entries June''25'!I15>='Entries June''25'!I14,'Entries June''25'!I15-'Entries June''25'!I14,(999999-'Entries June''25'!I14)+'Entries June''25'!I15+1) -> 2794 | C17: =IF('Entries June''25'!J15>='Entries June''25'!J14,'Entries June''25'!J15-'Entries June''25'!J14,(999999-'Entries June''25'!J14)+'Entries June''25'!J15+1) -> 2571 | D17: =B17+C17 -> 5365 | E17: =IF('Entries June''25'!K15>='Entries June''25'!K14,'Entries June''25'!K15-'Entries June''25'!K14,(999999-'Entries June''25'!K14)+'Entries June''25'!K15+1) -> 0 | F17: =D17+E17 -> 5365 | G17: ='Water '!Z14*10 -> 880 | H17: =IF('Entries June''25'!B15-'Entries June''25'!B14<1,"0",'Entries June''25'!B15-'Entries June''25'!B14) -> 0 | I17: ='CO2'!C14 -> 0 | J17: =+'PROD.FIG. '!F12 -> 0 | K17: =+'PROD.FIG. '!C12 -> 0 | L17: =+'PROD.FIG. '!D12 -> 0 | M17: =+'PROD.FIG. '!E12 -> 0 | N17: 0 | O17: =IF(N17=0,0,F17/N17) -> 0 | P17: =IF(O17=0,0,G17/N17) -> 0 | Q17: =IF(P17=0,0,H17/N17) -> 0 | R17: =IF(Q17=0,0,I17/N17) -> 0
A18: 9 | B18: =IF('Entries June''25'!I16>='Entries June''25'!I15,'Entries June''25'!I16-'Entries June''25'!I15,(999999-'Entries June''25'!I15)+'Entries June''25'!I16+1) -> 2304 | C18: =IF('Entries June''25'!J16>='Entries June''25'!J15,'Entries June''25'!J16-'Entries June''25'!J15,(999999-'Entries June''25'!J15)+'Entries June''25'!J16+1) -> 2201 | D18: =B18+C18 -> 4505 | E18: =IF('Entries June''25'!K16>='Entries June''25'!K15,'Entries June''25'!K16-'Entries June''25'!K15,(999999-'Entries June''25'!K15)+'Entries June''25'!K16+1) -> 0 | F18: =D18+E18 -> 4505 | G18: ='Water '!Z15*10 -> 0 | H18: =IF('Entries June''25'!B16-'Entries June''25'!B15<1,"0",'Entries June''25'!B16-'Entries June''25'!B15) -> 830 | I18: ='CO2'!C15 -> 400 | J18: =+'PROD.FIG. '!F13 -> 0 | K18: =+'PROD.FIG. '!C13 -> 0 | L18: =+'PROD.FIG. '!D13 -> 0 | M18: =+'PROD.FIG. '!E13 -> 0 | N18: 0 | O18: =IF(N18=0,0,F18/N18) -> 0 | P18: =IF(O18=0,0,G18/N18) -> 0 | Q18: =IF(P18=0,0,H18/N18) -> 0 | R18: =IF(Q18=0,0,I18/N18) -> 0
A19: 10 | B19: =IF('Entries June''25'!I17>='Entries June''25'!I16,'Entries June''25'!I17-'Entries June''25'!I16,(999999-'Entries June''25'!I16)+'Entries June''25'!I17+1) -> 4219 | C19: =IF('Entries June''25'!J17>='Entries June''25'!J16,'Entries June''25'!J17-'Entries June''25'!J16,(999999-'Entries June''25'!J16)+'Entries June''25'!J17+1) -> 3969 | D19: =B19+C19 -> 8188 | E19: =IF('Entries June''25'!K17>='Entries June''25'!K16,'Entries June''25'!K17-'Entries June''25'!K16,(999999-'Entries June''25'!K16)+'Entries June''25'!K17+1) -> 0 | F19: =D19+E19 -> 8188 | G19: ='Water '!Z16*10 -> 3070 | H19: =IF('Entries June''25'!B17-'Entries June''25'!B16<1,"0",'Entries June''25'!B17-'Entries June''25'!B16) -> 2900 | I19: ='CO2'!C16 -> 1700 | J19: =+'PROD.FIG. '!F14 -> 0 | K19: =+'PROD.FIG. '!C14 -> 0 | L19: =+'PROD.FIG. '!D14 -> 0 | M19: =+'PROD.FIG. '!E14 -> 0 | N19: 418.11 | O19: =IF(N19=0,0,F19/N19) -> 19.583363 | P19: =IF(O19=0,0,G19/N19) -> 7.3425654 | Q19: =IF(P19=0,0,H19/N19) -> 6.9359738 | R19: =IF(Q19=0,0,I19/N19) -> 4.0659157
A20: 11 | B20: =IF('Entries June''25'!I18>='Entries June''25'!I17,'Entries June''25'!I18-'Entries June''25'!I17,(999999-'Entries June''25'!I17)+'Entries June''25'!I18+1) -> 4527 | C20: =IF('Entries June''25'!J18>='Entries June''25'!J17,'Entries June''25'!J18-'Entries June''25'!J17,(999999-'Entries June''25'!J17)+'Entries June''25'!J18+1) -> 4264 | D20: =B20+C20 -> 8791 | E20: =IF('Entries June''25'!K18>='Entries June''25'!K17,'Entries June''25'!K18-'Entries June''25'!K17,(999999-'Entries June''25'!K17)+'Entries June''25'!K18+1) -> 0 | F20: =D20+E20 -> 8791 | G20: ='Water '!Z17*10 -> 4760 | H20: =IF('Entries June''25'!B18-'Entries June''25'!B17<1,"0",'Entries June''25'!B18-'Entries June''25'!B17) -> 3400 | I20: ='CO2'!C17 -> 2300 | J20: =+'PROD.FIG. '!F15 -> 0 | K20: =+'PROD.FIG. '!C15 -> 0 | L20: =+'PROD.FIG. '!D15 -> 0 | M20: =+'PROD.FIG. '!E15 -> 0 | N20: 475.992 | O20: =IF(N20=0,0,F20/N20) -> 18.468798 | P20: =IF(O20=0,0,G20/N20) -> 10.000168 | Q20: =IF(P20=0,0,H20/N20) -> 7.1429772 | R20: =IF(Q20=0,0,I20/N20) -> 4.832014
A21: 12 | B21: =IF('Entries June''25'!I19>='Entries June''25'!I18,'Entries June''25'!I19-'Entries June''25'!I18,(999999-'Entries June''25'!I18)+'Entries June''25'!I19+1) -> 4360 | C21: =IF('Entries June''25'!J19>='Entries June''25'!J18,'Entries June''25'!J19-'Entries June''25'!J18,(999999-'Entries June''25'!J18)+'Entries June''25'!J19+1) -> 4103 | D21: =B21+C21 -> 8463 | E21: =IF('Entries June''25'!K19>='Entries June''25'!K18,'Entries June''25'!K19-'Entries June''25'!K18,(999999-'Entries June''25'!K18)+'Entries June''25'!K19+1) -> 0 | F21: =D21+E21 -> 8463 | G21: ='Water '!Z18*10 -> 2930 | H21: =IF('Entries June''25'!B19-'Entries June''25'!B18<1,"0",'Entries June''25'!B19-'Entries June''25'!B18) -> 2940 | I21: ='CO2'!C18 -> 2500 | J21: =+'PROD.FIG. '!F16 -> 0 | K21: =+'PROD.FIG. '!C16 -> 0 | L21: =+'PROD.FIG. '!D16 -> 0 | M21: =+'PROD.FIG. '!E16 -> 0 | N21: 339.834 | O21: =IF(N21=0,0,F21/N21) -> 24.903335 | P21: =IF(O21=0,0,G21/N21) -> 8.6218566 | Q21: =IF(P21=0,0,H21/N21) -> 8.6512827 | R21: =IF(Q21=0,0,I21/N21) -> 7.3565329
A22: 13 | B22: =IF('Entries June''25'!I20>='Entries June''25'!I19,'Entries June''25'!I20-'Entries June''25'!I19,(999999-'Entries June''25'!I19)+'Entries June''25'!I20+1) -> 4330 | C22: =IF('Entries June''25'!J20>='Entries June''25'!J19,'Entries June''25'!J20-'Entries June''25'!J19,(999999-'Entries June''25'!J19)+'Entries June''25'!J20+1) -> 4076 | D22: =B22+C22 -> 8406 | E22: =IF('Entries June''25'!K20>='Entries June''25'!K19,'Entries June''25'!K20-'Entries June''25'!K19,(999999-'Entries June''25'!K19)+'Entries June''25'!K20+1) -> 0 | F22: =D22+E22 -> 8406 | G22: ='Water '!Z19*10 -> 3460 | H22: =IF('Entries June''25'!B20-'Entries June''25'!B19<1,"0",'Entries June''25'!B20-'Entries June''25'!B19) -> 3020 | I22: ='CO2'!C19 -> 2500 | J22: =+'PROD.FIG. '!F17 -> 0 | K22: =+'PROD.FIG. '!C17 -> 0 | L22: =+'PROD.FIG. '!D17 -> 0 | M22: =+'PROD.FIG. '!E17 -> 0 | N22: 411.576 | O22: =IF(N22=0,0,F22/N22) -> 20.423931 | P22: =IF(O22=0,0,G22/N22) -> 8.4067098 | Q22: =IF(P22=0,0,H22/N22) -> 7.3376485 | R22: =IF(Q22=0,0,I22/N22) -> 6.0742123
... A39: 30 | B39: =IF('Entries June''25'!I37>='Entries June''25'!I36,'Entries June''25'!I37-'Entries June''25'!I36,(999999-'Entries June''25'!I36)+'Entries June''25'!I37+1) -> 4480 | C39: =IF('Entries June''25'!J37>='Entries June''25'!J36,'Entries June''25'!J37-'Entries June''25'!J36,(999999-'Entries June''25'!J36)+'Entries June''25'!J37+1) -> 4214 | D39: =B39+C39 -> 8694 | E39: =IF('Entries June''25'!K37>='Entries June''25'!K36,'Entries June''25'!K37-'Entries June''25'!K36,(999999-'Entries June''25'!K36)+'Entries June''25'!K37+1) -> 0 | F39: =D39+E39 -> 8694 | G39: ='Water '!Z36*10 -> 3240 | H39: =IF('Entries June''25'!B37-'Entries June''25'!B36<1,"0",'Entries June''25'!B37-'Entries June''25'!B36) -> 3330 | I39: ='CO2'!C36 -> 2000 | J39: =+'PROD.FIG. '!F34 -> 0 | K39: =+'PROD.FIG. '!C34 -> 0 | L39: =+'PROD.FIG. '!D34 -> 0 | M39: =+'PROD.FIG. '!E34 -> 0 | N39: 272.844 | O39: =IF(N39=0,0,F39/N39) -> 31.864362 | P39: =IF(O39=0,0,G39/N39) -> 11.874918 | Q39: =IF(P39=0,0,H39/N39) -> 12.204776 | R39: =IF(Q39=0,0,I39/N39) -> 7.330196
D40: =B40+C40 -> 0 | F40: =D40+E40 -> 0 | G40: ='Water '!Z37*10 -> 0 | H40: =IF('Entries June''25'!B38-'Entries June''25'!B37<1,"0",'Entries June''25'!B38-'Entries June''25'!B37) -> 0 | I40: ='CO2'!C37 -> 0 | N40: 0 | O40: =IF(N40=0,0,F40/N40) -> 0 | P40: =IF(O40=0,0,G40/N40) -> 0 | Q40: =IF(P40=0,0,H40/N40) -> 0 | R40: =IF(Q40=0,0,I40/N40) -> 0
O41: MTD
D42: Kwhr | E42: Kwhr | F42: Kwhr | G42: Hl | H42: L | I42: kg. | J42: hl | K42: hl | L42: hl | M42: hl | N42: hl | O42: Elect | P42: Water | Q42: Fuel | R42: CO2
A43: Total | D43: =SUM(D10:D40) -> 222055 | E43: =SUM(E10:E40) -> 0 | F43: =SUM(F10:F40) -> 222055 | G43: =SUM(G10:G40) -> 84890 | H43: =SUM(H10:H40) -> 69480 | I43: =SUM(I10:I40) -> 50700 | J43: =SUM(J10:J40) -> 0 | K43: =SUM(K10:K40) -> 0 | ... N43: =SUM(N10:N40) -> 8404.5408 | O43: KWH/Hl | P43: Hl/hl | Q43: Litres/hl | R43: kg./Hl
O44: =IF(N43=0,0,F43/N43) -> 26.420837 | P44: =IF(O44=0,0,G43/N43) -> 10.100492 | Q44: =IF(P44=0,0,H43/N43) -> 8.2669597 | R44: =IF(Q44=0,0,I43/N43) -> 6.0324533

Sheet Steam Mass Flow 
A3: DATE | B3: Steam Mass Flow Reading
A5: 1 | B5: =IF('Entries June''25'!AJ8-'Entries June''25'!AJ7<1,"0",'Entries June''25'!AJ8-'Entries June''25'!AJ7) -> 28.524
A6: 2 | B6: =IF('Entries June''25'!AJ9-'Entries June''25'!AJ8<1,"0",'Entries June''25'!AJ9-'Entries June''25'!AJ8) -> 0
A7: 3 | B7: =IF('Entries June''25'!AJ10-'Entries June''25'!AJ9<1,"0",'Entries June''25'!AJ10-'Entries June''25'!AJ9) -> 108.055
A8: 4 | B8: =IF('Entries June''25'!AJ11-'Entries June''25'!AJ10<1,"0",'Entries June''25'!AJ11-'Entries June''25'!AJ10) -> 3.818
A9: 5 | B9: =IF('Entries June''25'!AJ12-'Entries June''25'!AJ11<1,"0",'Entries June''25'!AJ12-'Entries June''25'!AJ11) -> 0
A10: 6 | B10: =IF('Entries June''25'!AJ13-'Entries June''25'!AJ12<1,"0",'Entries June''25'!AJ13-'Entries June''25'!AJ12) -> 0
A11: 7 | B11: =IF('Entries June''25'!AJ14-'Entries June''25'!AJ13<1,"0",'Entries June''25'!AJ14-'Entries June''25'!AJ13) -> 0
A12: 8 | B12: =IF('Entries June''25'!AJ15-'Entries June''25'!AJ14<1,"0",'Entries June''25'!AJ15-'Entries June''25'!AJ14) -> 0
A13: 9 | B13: =IF('Entries June''25'!AJ16-'Entries June''25'!AJ15<1,"0",'Entries June''25'!AJ16-'Entries June''25'!AJ15) -> 0
A14: 10 | B14: =IF('Entries June''25'!AJ17-'Entries June''25'!AJ16<1,"0",'Entries June''25'!AJ17-'Entries June''25'!AJ16) -> 2.894
A15: 11 | B15: =IF('Entries June''25'!AJ18-'Entries June''25'!AJ17<1,"0",'Entries June''25'!AJ18-'Entries June''25'!AJ17) -> 0
A16: 12 | B16: =IF('Entries June''25'!AJ19-'Entries June''25'!AJ18<1,"0",'Entries June''25'!AJ19-'Entries June''25'!AJ18) -> 0
... A34: 30 | B34: =IF('Entries June''25'!AJ37-'Entries June''25'!AJ36<1,"0",'Entries June''25'!AJ37-'Entries June''25'!AJ36) -> 1.232
B36: =SUM(B5:B35) -> 841.179

Sheet Fuel 
A1: DAILY FUEL CONSUMPTION FOR JUNE 2025
A4: DATE | B4: Boiler 1 | C4: Boiler 1 | D4: Boiler 2 | E4: Boiler 2 | F4: Gen. | G4: Gen | H4: Boiler 1 sp. | I4: Boiler 2 sp. | J4: Gen. sp | K4: Daily cons. | L4: Total Prod.(HL) | M4: Fuel(Litres/HL)
B5: Cons ( l ) | C5: Hrs | D5: Cons ( l ) | E5: Hrs | F5: Cons ( l ) | G5: Hrs | H5: cons (l/hr) | I5: cons (l/hr) | J5: Cons.(l/hr) | K5: (litres)
B6: =IF('Entries June''25'!B6=0,0,+'Entries June''25'!B6-'Entries June''25'!B5) -> 0
A7: 1 | B7: =IF('Entries June''25'!B8-'Entries June''25'!B7<1,"0",'Entries June''25'!B8-'Entries June''25'!B7) -> 730 | C7: =IF('Entries June''25'!F8-'Entries June''25'!F7<1,"0",'Entries June''25'!F8-'Entries June''25'!F7) -> 4.4 | D7: =IF('Entries June''25'!C7=0,0,+'Entries June''25'!C7-'Entries June''25'!C6) -> 0 | E7: =IF('Entries June''25'!G8-'Entries June''25'!G7<1,"0",'Entries June''25'!G8-'Entries June''25'!G7) -> 0 | H7: =IF(C7+E7=0,"0", B7/(C7+E7)) -> 165.90909 | I7: =IF(E7=0,"0", D7/E7) -> 0 | J7: =IF(G7=0,"0", F7/G7) -> 0 | K7: =B7+D7+F7 -> 730 | L7: {=IF(TRANSPOSE('Daily KPIs'!B9:AF9)=0,"0",TRANSPOSE('Daily KPIs'!B9:AF9))} -> 0 | M7: =IF(L7=0,"0",(K7/L7)) -> 0
A8: 2 | B8: =IF('Entries June''25'!B9-'Entries June''25'!B8<1,"0",'Entries June''25'!B9-'Entries June''25'!B8) -> 3280 | C8: =IF('Entries June''25'!F9-'Entries June''25'!F8<1,"0",'Entries June''25'!F9-'Entries June''25'!F8) -> 21.1 | D8: =IF('Entries June''25'!C8=0,0,+'Entries June''25'!C8-'Entries June''25'!C7) -> 0 | E8: =IF('Entries June''25'!G9-'Entries June''25'!G8<1,"0",'Entries June''25'!G9-'Entries June''25'!G8) -> 0 | H8: =IF(C8+E8=0,"0", B8/(C8+E8)) -> 155.45024 | I8: =IF(E8=0,"0", D8/E8) -> 0 | J8: =IF(G8=0,"0", F8/G8) -> 0 | K8: =B8+D8+F8 -> 3280 | L8: 455.6052 | M8: =IF(L8=0,"0",(K8/L8)) -> 7.1992155
A9: 3 | B9: =IF('Entries June''25'!B10-'Entries June''25'!B9<1,"0",'Entries June''25'!B10-'Entries June''25'!B9) -> 3380 | C9: =IF('Entries June''25'!F10-'Entries June''25'!F9<1,"0",'Entries June''25'!F10-'Entries June''25'!F9) -> 21.1 | D9: =IF('Entries June''25'!C9=0,0,+'Entries June''25'!C9-'Entries June''25'!C8) -> 0 | E9: =IF('Entries June''25'!G10-'Entries June''25'!G9<1,"0",'Entries June''25'!G10-'Entries June''25'!G9) -> 0 | H9: =IF(C9+E9=0,"0", B9/(C9+E9)) -> 160.18957 | I9: =IF(E9=0,"0", D9/E9) -> 0 | J9: =IF(G9=0,"0", F9/G9) -> 0 | K9: =B9+D9+F9 -> 3380 | L9: 644.754 | M9: =IF(L9=0,"0",(K9/L9)) -> 5.2423095
A10: 4 | B10: =IF('Entries June''25'!B11-'Entries June''25'!B10<1,"0",'Entries June''25'!B11-'Entries June''25'!B10) -> 3130 | C10: =IF('Entries June''25'!F11-'Entries June''25'!F10<1,"0",'Entries June''25'!F11-'Entries June''25'!F10) -> 20.2 | D10: =IF('Entries June''25'!C12=0,0,+'Entries June''25'!C12-'Entries June''25'!C9) -> 0 | E10: =IF('Entries June''25'!G11-'Entries June''25'!G10<1,"0",'Entries June''25'!G11-'Entries June''25'!G10) -> 0 | H10: =IF(C10+E10=0,"0", B10/(C10+E10)) -> 154.9505 | I10: =IF(E10=0,"0", D10/E10) -> 0 | J10: =IF(G10=0,"0", F10/G10) -> 0 | K10: =B10+D10+F10 -> 3130 | L10: 398.442 | M10: =IF(L10=0,"0",(K10/L10)) -> 7.8555976
A11: 5 | B11: =IF('Entries June''25'!B12-'Entries June''25'!B11<1,"0",'Entries June''25'!B12-'Entries June''25'!B11) -> 3510 | C11: =IF('Entries June''25'!F12-'Entries June''25'!F11<1,"0",'Entries June''25'!F12-'Entries June''25'!F11) -> 21.9 | D11: =IF('Entries June''25'!C11=0,0,+'Entries June''25'!C11-'Entries June''25'!C12) -> 0 | E11: =IF('Entries June''25'!G12-'Entries June''25'!G11<1,"0",'Entries June''25'!G12-'Entries June''25'!G11) -> 0 | H11: =IF(C11+E11=0,"0", B11/(C11+E11)) -> 160.27397 | I11: =IF(E11=0,"0", D11/E11) -> 0 | J11: =IF(G11=0,"0", F11/G11) -> 0 | K11: =B11+D11+F11 -> 3510 | L11: 496.584 | M11: =IF(L11=0,"0",(K11/L11)) -> 7.0682906
A12: 6 | B12: =IF('Entries June''25'!B13-'Entries June''25'!B12<1,"0",'Entries June''25'!B13-'Entries June''25'!B12) -> 2660 | C12: =IF('Entries June''25'!F13-'Entries June''25'!F12<1,"0",'Entries June''25'!F13-'Entries June''25'!F12) -> 18.3 | D12: =IF('Entries June''25'!C13=0,0,+'Entries June''25'!C13-'Entries June''25'!C11) -> 0 | E12: =IF('Entries June''25'!G13-'Entries June''25'!G12<1,"0",'Entries June''25'!G13-'Entries June''25'!G12) -> 0 | H12: =IF(C12+E12=0,"0", B12/(C12+E12)) -> 145.35519 | I12: =IF(E12=0,"0", D12/E12) -> 0 | J12: =IF(G12=0,"0", F12/G12) -> 0 | K12: =B12+D12+F12 -> 2660 | L12: 263.934 | M12: =IF(L12=0,"0",(K12/L12)) -> 10.078277
A13: 7 | B13: =IF('Entries June''25'!B14-'Entries June''25'!B13<1,"0",'Entries June''25'!B14-'Entries June''25'!B13) -> 300 | C13: =IF('Entries June''25'!F14-'Entries June''25'!F13<1,"0",'Entries June''25'!F14-'Entries June''25'!F13) -> 2.1 | D13: =IF('Entries June''25'!C14=0,0,+'Entries June''25'!C14-'Entries June''25'!C12) -> 0 | E13: =IF('Entries June''25'!G14-'Entries June''25'!G13<1,"0",'Entries June''25'!G14-'Entries June''25'!G13) -> 0 | H13: =IF(C13+E13=0,"0", B13/(C13+E13)) -> 142.85714 | I13: =IF(E13=0,"0", D13/E13) -> 0 | J13: =IF(G13=0,"0", F13/G13) -> 0 | K13: =B13+D13+F13 -> 300 | L13: 0 | M13: =IF(L13=0,"0",(K13/L13)) -> 0
A14: 8 | B14: =IF('Entries June''25'!B15-'Entries June''25'!B14<1,"0",'Entries June''25'!B15-'Entries June''25'!B14) -> 0 | C14: =IF('Entries June''25'!F15-'Entries June''25'!F14<1,"0",'Entries June''25'!F15-'Entries June''25'!F14) -> 0 | D14: =IF('Entries June''25'!C14=0,0,+'Entries June''25'!C14-'Entries June''25'!#REF!) -> 0 | E14: =IF('Entries June''25'!G15-'Entries June''25'!G14<1,"0",'Entries June''25'!G15-'Entries June''25'!G14) -> 0 | H14: =IF(C14+E14=0,"0", B14/(C14+E14)) -> 0 | I14: =IF(E14=0,"0", D14/E14) -> 0 | J14: =IF(G14=0,"0", F14/G14) -> 0 | K14: =B14+D14+F14 -> 0 | L14: 0 | M14: =IF(L14=0,"0",(K14/L14)) -> 0
A15: 9 | B15: =IF('Entries June''25'!B16-'Entries June''25'!B15<1,"0",'Entries June''25'!B16-'Entries June''25'!B15) -> 830 | C15: =IF('Entries June''25'!F16-'Entries June''25'!F15<1,"0",'Entries June''25'!F16-'Entries June''25'!F15) -> 5 | D15: =IF('Entries June''25'!C15=0,0,+'Entries June''25'!C15-'Entries June''25'!C14) -> 0 | E15: =IF('Entries June''25'!G16-'Entries June''25'!G15<1,"0",'Entries June''25'!G16-'Entries June''25'!G15) -> 0 | H15: =IF(C15+E15=0,"0", B15/(C15+E15)) -> 166 | I15: =IF(E15=0,"0", D15/E15) -> 0 | J15: =IF(G15=0,"0", F15/G15) -> 0 | K15: =B15+D15+F15 -> 830 | L15: 0 | M15: =IF(L15=0,"0",(K15/L15)) -> 0
A16: 10 | B16: =IF('Entries June''25'!B17-'Entries June''25'!B16<1,"0",'Entries June''25'!B17-'Entries June''25'!B16) -> 2900 | C16: =IF('Entries June''25'!F17-'Entries June''25'!F16<1,"0",'Entries June''25'!F17-'Entries June''25'!F16) -> 19.1 | D16: =IF('Entries June''25'!C16=0,0,+'Entries June''25'!C16-'Entries June''25'!C15) -> 0 | E16: =IF('Entries June''25'!G17-'Entries June''25'!G16<1,"0",'Entries June''25'!G17-'Entries June''25'!G16) -> 0 | H16: =IF(C16+E16=0,"0", B16/(C16+E16)) -> 151.83246 | I16: =IF(E16=0,"0", D16/E16) -> 0 | J16: =IF(G16=0,"0", F16/G16) -> 0 | K16: =B16+D16+F16 -> 2900 | L16: 418.11 | M16: =IF(L16=0,"0",(K16/L16)) -> 6.9359738
A17: 11 | B17: =IF('Entries June''25'!B18-'Entries June''25'!B17<1,"0",'Entries June''25'!B18-'Entries June''25'!B17) -> 3400 | C17: =IF('Entries June''25'!F18-'Entries June''25'!F17<1,"0",'Entries June''25'!F18-'Entries June''25'!F17) -> 21.5 | D17: =IF('Entries June''25'!C17=0,0,+'Entries June''25'!C17-'Entries June''25'!C16) -> 0 | E17: =IF('Entries June''25'!G18-'Entries June''25'!G17<1,"0",'Entries June''25'!G18-'Entries June''25'!G17) -> 0 | H17: =IF(C17+E17=0,"0", B17/(C17+E17)) -> 158.13953 | I17: =IF(E17=0,"0", D17/E17) -> 0 | J17: =IF(G17=0,"0", F17/G17) -> 0 | K17: =B17+D17+F17 -> 3400 | L17: 475.992 | M17: =IF(L17=0,"0",(K17/L17)) -> 7.1429772
A18: 12 | B18: =IF('Entries June''25'!B19-'Entries June''25'!B18<1,"0",'Entries June''25'!B19-'Entries June''25'!B18) -> 2940 | C18: =IF('Entries June''25'!F19-'Entries June''25'!F18<1,"0",'Entries June''25'!F19-'Entries June''25'!F18) -> 19.4 | D18: =IF('Entries June''25'!C18=0,0,+'Entries June''25'!C18-'Entries June''25'!C17) -> 0 | E18: =IF('Entries June''25'!G19-'Entries June''25'!G18<1,"0",'Entries June''25'!G19-'Entries June''25'!G18) -> 0 | H18: =IF(C18+E18=0,"0", B18/(C18+E18)) -> 151.54639 | I18: =IF(E18=0,"0", D18/E18) -> 0 | J18: =IF(G18=0,"0", F18/G18) -> 0 | K18: =B18+D18+F18 -> 2940 | L18: 339.834 | M18: =IF(L18=0,"0",(K18/L18)) -> 8.6512827
A19: 13 | B19: =IF('Entries June''25'!B20-'Entries June''25'!B19<1,"0",'Entries June''25'!B20-'Entries June''25'!B19) -> 3020 | C19: =IF('Entries June''25'!F20-'Entries June''25'!F19<1,"0",'Entries June''25'!F20-'Entries June''25'!F19) -> 19 | D19: =IF('Entries June''25'!C19=0,0,+'Entries June''25'!C19-'Entries June''25'!C18) -> 0 | E19: =IF('Entries June''25'!G20-'Entries June''25'!G19<1,"0",'Entries June''25'!G20-'Entries June''25'!G19) -> 0 | H19: =IF(C19+E19=0,"0", B19/(C19+E19)) -> 158.94737 | I19: =IF(E19=0,"0", D19/E19) -> 0 | J19: =IF(G19=0,"0", F19/G19) -> 0 | K19: =B19+D19+F19 -> 3020 | L19: 411.576 | M19: =IF(L19=0,"0",(K19/L19)) -> 7.3376485
A20: 14 | B20: =IF('Entries June''25'!B21-'Entries June''25'!B20<1,"0",'Entries June''25'!B21-'Entries June''25'!B20) -> 1020 | C20: =IF('Entries June''25'!F21-'Entries June''25'!F20<1,"0",'Entries June''25'!F21-'Entries June''25'!F20) -> 9.7 | D20: =IF('Entries June''25'!C20=0,0,+'Entries June''25'!C20-'Entries June''25'!C19) -> 0 | E20: =IF('Entries June''25'!G21-'Entries June''25'!G20<1,"0",'Entries June''25'!G21-'Entries June''25'!G20) -> 0 | H20: =IF(C20+E20=0,"0", B20/(C20+E20)) -> 105.15464 | I20: =IF(E20=0,"0", D20/E20) -> 0 | J20: =IF(G20=0,"0", F20/G20) -> 0 | K20: =B20+D20+F20 -> 1020 | L20: 0 | M20: =IF(L20=0,"0",(K20/L20)) -> 0
A21: 15 | B21: =IF('Entries June''25'!B22-'Entries June''25'!B21<1,"0",'Entries June''25'!B22-'Entries June''25'!B21) -> 690 | C21: =IF('Entries June''25'!F22-'Entries June''25'!F21<1,"0",'Entries June''25'!F22-'Entries June''25'!F21) -> 3.8 | D21: =IF('Entries June''25'!C21=0,0,+'Entries June''25'!C21-'Entries June''25'!C20) -> 0 | E21: =IF('Entries June''25'!G22-'Entries June''25'!G21<1,"0",'Entries June''25'!G22-'Entries June''25'!G21) -> 0 | H21: =IF(C21+E21=0,"0", B21/(C21+E21)) -> 181.57895 | I21: =IF(E21=0,"0", D21/E21) -> 0 | J21: =IF(G21=0,"0", F21/G21) -> 0 | K21: =B21+D21+F21 -> 690 | L21: 0 | M21: =IF(L21=0,"0",(K21/L21)) -> 0
A22: 16 | B22: =IF('Entries June''25'!B23-'Entries June''25'!B22<1,"0",'Entries June''25'!B23-'Entries June''25'!B22) -> 3680 | C22: =IF('Entries June''25'!F23-'Entries June''25'!F22<1,"0",'Entries June''25'!F23-'Entries June''25'!F22) -> 22.3 | D22: =IF('Entries June''25'!C22=0,0,+'Entries June''25'!C22-'Entries June''25'!C21) -> 0 | E22: =IF('Entries June''25'!G23-'Entries June''25'!G22<1,"0",'Entries June''25'!G23-'Entries June''25'!G22) -> 0 | H22: =IF(C22+E22=0,"0", B22/(C22+E22)) -> 165.02242 | I22: =IF(E22=0,"0", D22/E22) -> 0 | J22: =IF(G22=0,"0", F22/G22) -> 0 | K22: =B22+D22+F22 -> 3680 | L22: 400.62 | M22: =IF(L22=0,"0",(K22/L22)) -> 9.1857621
A23: 17 | B23: =IF('Entries June''25'!B24-'Entries June''25'!B23<1,"0",'Entries June''25'!B24-'Entries June''25'!B23) -> 3620 | C23: =IF('Entries June''25'!F24-'Entries June''25'!F23<1,"0",'Entries June''25'!F24-'Entries June''25'!F23) -> 21.7 | D23: =IF('Entries June''25'!C23=0,0,+'Entries June''25'!C23-'Entries June''25'!C22) -> 0 | E23: =IF('Entries June''25'!G24-'Entries June''25'!G23<1,"0",'Entries June''25'!G24-'Entries June''25'!G23) -> 0 | H23: =IF(C23+E23=0,"0", B23/(C23+E23)) -> 166.82028 | I23: =IF(E23=0,"0", D23/E23) -> 0 | J23: =IF(G23=0,"0", F23/G23) -> 0 | K23: =B23+D23+F23 -> 3620 | L23: 550.242 | M23: =IF(L23=0,"0",(K23/L23)) -> 6.5789235
A24: 18 | B24: =IF('Entries June''25'!B25-'Entries June''25'!B24<1,"0",'Entries June''25'!B25-'Entries June''25'!B24) -> 3050 | C24: =IF('Entries June''25'!F25-'Entries June''25'!F24<1,"0",'Entries June''25'!F25-'Entries June''25'!F24) -> 19.7 | D24: =IF('Entries June''25'!C24=0,0,+'Entries June''25'!C24-'Entries June''25'!C23) -> 0 | E24: =IF('Entries June''25'!G25-'Entries June''25'!G24<1,"0",'Entries June''25'!G25-'Entries June''25'!G24) -> 0 | H24: =IF(C24+E24=0,"0", B24/(C24+E24)) -> 154.82234 | I24: =IF(E24=0,"0", D24/E24) -> 0 | J24: =IF(G24=0,"0", F24/G24) -> 0 | K24: =B24+D24+F24 -> 3050 | L24: 446.5428 | M24: =IF(L24=0,"0",(K24/L24)) -> 6.8302523
A25: 19 | B25: =IF('Entries June''25'!B26-'Entries June''25'!B25<1,"0",'Entries June''25'!B26-'Entries June''25'!B25) -> 700 | C25: =IF('Entries June''25'!F26-'Entries June''25'!F25<1,"0",'Entries June''25'!F26-'Entries June''25'!F25) -> 4.6 | D25: =IF('Entries June''25'!C25=0,0,+'Entries June''25'!C25-'Entries June''25'!C24) -> 0 | E25: =IF('Entries June''25'!G26-'Entries June''25'!G25<1,"0",'Entries June''25'!G26-'Entries June''25'!G25) -> 0 | H25: =IF(C25+E25=0,"0", B25/(C25+E25)) -> 152.17391 | I25: =IF(E25=0,"0", D25/E25) -> 0 | J25: =IF(G25=0,"0", F25/G25) -> 0 | K25: =B25+D25+F25 -> 700 | L25: 0 | M25: =IF(L25=0,"0",(K25/L25)) -> 0
A26: 20 | B26: =IF('Entries June''25'!B27-'Entries June''25'!B26<1,"0",'Entries June''25'!B27-'Entries June''25'!B26) -> 2320 | C26: =IF('Entries June''25'!F27-'Entries June''25'!F26<1,"0",'Entries June''25'!F27-'Entries June''25'!F26) -> 16.4 | D26: =IF('Entries June''25'!C26=0,0,+'Entries June''25'!C26-'Entries June''25'!C25) -> 0 | E26: =IF('Entries June''25'!G27-'Entries June''25'!G26<1,"0",'Entries June''25'!G27-'Entries June''25'!G26) -> 0 | H26: =IF(C26+E26=0,"0", B26/(C26+E26)) -> 141.46341 | I26: =IF(E26=0,"0", D26/E26) -> 0 | J26: =IF(G26=0,"0", F26/G26) -> 0 | K26: =B26+D26+F26 -> 2320 | L26: 365.0208 | M26: =IF(L26=0,"0",(K26/L26)) -> 6.3558022
A27: 21 | B27: =IF('Entries June''25'!B28-'Entries June''25'!B27<1,"0",'Entries June''25'!B28-'Entries June''25'!B27) -> 270 | C27: =IF('Entries June''25'!F28-'Entries June''25'!F27<1,"0",'Entries June''25'!F28-'Entries June''25'!F27) -> 2.1 | D27: =IF('Entries June''25'!C27=0,0,+'Entries June''25'!C27-'Entries June''25'!C26) -> 0 | E27: =IF('Entries June''25'!G28-'Entries June''25'!G27<1,"0",'Entries June''25'!G28-'Entries June''25'!G27) -> 0 | H27: =IF(C27+E27=0,"0", B27/(C27+E27)) -> 128.57143 | I27: =IF(E27=0,"0", D27/E27) -> 0 | J27: =IF(G27=0,"0", F27/G27) -> 0 | K27: =B27+D27+F27 -> 270 | L27: 0 | M27: =IF(L27=0,"0",(K27/L27)) -> 0
A28: 22 | B28: =IF('Entries June''25'!B29-'Entries June''25'!B28<1,"0",'Entries June''25'!B29-'Entries June''25'!B28) -> 0 | C28: =IF('Entries June''25'!F29-'Entries June''25'!F28<1,"0",'Entries June''25'!F29-'Entries June''25'!F28) -> 0 | D28: =IF('Entries June''25'!C28=0,0,+'Entries June''25'!C28-'Entries June''25'!C27) -> 0 | E28: =IF('Entries June''25'!G29-'Entries June''25'!G28<1,"0",'Entries June''25'!G29-'Entries June''25'!G28) -> 0 | H28: =IF(C28+E28=0,"0", B28/(C28+E28)) -> 0 | I28: =IF(E28=0,"0", D28/E28) -> 0 | J28: =IF(G28=0,"0", F28/G28) -> 0 | K28: =B28+D28+F28 -> 0 | L28: 0 | M28: =IF(L28=0,"0",(K28/L28)) -> 0
A29: 23 | B29: =IF('Entries June''25'!B30-'Entries June''25'!B29<1,"0",'Entries June''25'!B30-'Entries June''25'!B29) -> 3250 | C29: =IF('Entries June''25'!F30-'Entries June''25'!F29<1,"0",'Entries June''25'!F30-'Entries June''25'!F29) -> 22.7 | D29: =IF('Entries June''25'!C29=0,0,+'Entries June''25'!C29-'Entries June''25'!C28) -> 0 | E29: =IF('Entries June''25'!G30-'Entries June''25'!G29<1,"0",'Entries June''25'!G30-'Entries June''25'!G29) -> 0 | H29: =IF(C29+E29=0,"0", B29/(C29+E29)) -> 143.17181 | I29: =IF(E29=0,"0", D29/E29) -> 0 | J29: =IF(G29=0,"0", F29/G29) -> 0 | K29: =B29+D29+F29 -> 3250 | L29: 475.86 | M29: =IF(L29=0,"0",(K29/L29)) -> 6.8297398
A30: 24 | B30: =IF('Entries June''25'!B31-'Entries June''25'!B30<1,"0",'Entries June''25'!B31-'Entries June''25'!B30) -> 3520 | C30: =IF('Entries June''25'!F31-'Entries June''25'!F30<1,"0",'Entries June''25'!F31-'Entries June''25'!F30) -> 21.4 | D30: =IF('Entries June''25'!C30=0,0,+'Entries June''25'!C30-'Entries June''25'!C29) -> 0 | E30: =IF('Entries June''25'!G31-'Entries June''25'!G30<1,"0",'Entries June''25'!G31-'Entries June''25'!G30) -> 0 | H30: =IF(C30+E30=0,"0", B30/(C30+E30)) -> 164.48598 | I30: =IF(E30=0,"0", D30/E30) -> 0 | J30: =IF(G30=0,"0", F30/G30) -> 0 | K30: =B30+D30+F30 -> 3520 | L30: 367.752 | M30: =IF(L30=0,"0",(K30/L30)) -> 9.5716679
A31: 25 | B31: =IF('Entries June''25'!B32-'Entries June''25'!B31<1,"0",'Entries June''25'!B32-'Entries June''25'!B31) -> 3930 | C31: =IF('Entries June''25'!F32-'Entries June''25'!F31<1,"0",'Entries June''25'!F32-'Entries June''25'!F31) -> 22 | D31: =IF('Entries June''25'!C31=0,0,+'Entries June''25'!C31-'Entries June''25'!C30) -> 0 | E31: =IF('Entries June''25'!G32-'Entries June''25'!G31<1,"0",'Entries June''25'!G32-'Entries June''25'!G31) -> 0 | H31: =IF(C31+E31=0,"0", B31/(C31+E31)) -> 178.63636 | I31: =IF(E31=0,"0", D31/E31) -> 0 | J31: =IF(G31=0,"0", F31/G31) -> 0 | K31: =B31+D31+F31 -> 3930 | L31: 663.3 | M31: =IF(L31=0,"0",(K31/L31)) -> 5.9249209
A32: 26 | B32: =IF('Entries June''25'!B33-'Entries June''25'!B32<1,"0",'Entries June''25'!B33-'Entries June''25'!B32) -> 3420 | C32: =IF('Entries June''25'!F33-'Entries June''25'!F32<1,"0",'Entries June''25'!F33-'Entries June''25'!F32) -> 21.4 | D32: =IF('Entries June''25'!C32=0,0,+'Entries June''25'!C32-'Entries June''25'!C31) -> 0 | E32: =IF('Entries June''25'!G33-'Entries June''25'!G32<1,"0",'Entries June''25'!G33-'Entries June''25'!G32) -> 0 | H32: =IF(C32+E32=0,"0", B32/(C32+E32)) -> 159.81308 | I32: =IF(E32=0,"0", D32/E32) -> 0 | J32: =IF(G32=0,"0", F32/G32) -> 0 | K32: =B32+D32+F32 -> 3420 | L32: 526.284 | M32: =IF(L32=0,"0",(K32/L32)) -> 6.4983925
A33: 27 | B33: =IF('Entries June''25'!B34-'Entries June''25'!B33<1,"0",'Entries June''25'!B34-'Entries June''25'!B33) -> 3240 | C33: =IF('Entries June''25'!F34-'Entries June''25'!F33<1,"0",'Entries June''25'!F34-'Entries June''25'!F33) -> 21 | D33: =IF('Entries June''25'!C33=0,0,+'Entries June''25'!C33-'Entries June''25'!C32) -> 0 | E33: =IF('Entries June''25'!G34-'Entries June''25'!G33<1,"0",'Entries June''25'!G34-'Entries June''25'!G33) -> 0 | H33: =IF(C33+E33=0,"0", B33/(C33+E33)) -> 154.28571 | I33: =IF(E33=0,"0", D33/E33) -> 0 | J33: =IF(G33=0,"0", F33/G33) -> 0 | K33: =B33+D33+F33 -> 3240 | L33: 402.204 | M33: =IF(L33=0,"0",(K33/L33)) -> 8.0556136
A34: 28 | B34: =IF('Entries June''25'!B35-'Entries June''25'!B34<1,"0",'Entries June''25'!B35-'Entries June''25'!B34) -> 1880 | C34: =IF('Entries June''25'!F35-'Entries June''25'!F34<1,"0",'Entries June''25'!F35-'Entries June''25'!F34) -> 17.8 | D34: =IF('Entries June''25'!C34=0,0,+'Entries June''25'!C34-'Entries June''25'!C33) -> 0 | E34: =IF('Entries June''25'!G35-'Entries June''25'!G34<1,"0",'Entries June''25'!G35-'Entries June''25'!G34) -> 0 | H34: =IF(C34+E34=0,"0", B34/(C34+E34)) -> 105.61798 | I34: =IF(E34=0,"0", D34/E34) -> 0 | J34: =IF(G34=0,"0", F34/G34) -> 0 | K34: =B34+D34+F34 -> 1880 | L34: 0 | M34: =IF(L34=0,"0",(K34/L34)) -> 0
A35: 29 | B35: =IF('Entries June''25'!B36-'Entries June''25'!B35<1,"0",'Entries June''25'!B36-'Entries June''25'!B35) -> 1480 | C35: =IF('Entries June''25'!F36-'Entries June''25'!F35<1,"0",'Entries June''25'!F36-'Entries June''25'!F35) -> 10.2 | E35: =IF('Entries June''25'!G36-'Entries June''25'!G35<1,"0",'Entries June''25'!G36-'Entries June''25'!G35) -> 0 | H35: =IF(C35+E35=0,"0", B35/(C35+E35)) -> 145.09804 | I35: =IF(E35=0,"0", D35/E35) -> 0 | J35: =IF(G35=0,"0", F35/G35) -> 0 | K35: =B35+D35+F35 -> 1480 | L35: 29.04 | M35: =IF(L35=0,"0",(K35/L35)) -> 50.964187
A36: 30 | B36: =IF('Entries June''25'!B37-'Entries June''25'!B36<1,"0",'Entries June''25'!B37-'Entries June''25'!B36) -> 3330 | C36: =IF('Entries June''25'!F37-'Entries June''25'!F36<1,"0",'Entries June''25'!F37-'Entries June''25'!F36) -> 22 | E36: =IF('Entries June''25'!G37-'Entries June''25'!G36<1,"0",'Entries June''25'!G37-'Entries June''25'!G36) -> 0 | H36: =IF(C36+E36=0,"0", B36/(C36+E36)) -> 151.36364 | I36: =IF(E36=0,"0", D36/E36) -> 0 | J36: =IF(G36=0,"0", F36/G36) -> 0 | K36: =B36+D36+F36 -> 3330 | L36: 272.844 | M36: =IF(L36=0,"0",(K36/L36)) -> 12.204776
B37: =IF('Entries June''25'!B38-'Entries June''25'!B37<1,"0",'Entries June''25'!B38-'Entries June''25'!B37) -> 0 | C37: =IF('Entries June''25'!F38-'Entries June''25'!F37<1,"0",'Entries June''25'!F38-'Entries June''25'!F37) -> 0 | E37: =IF('Entries June''25'!G38-'Entries June''25'!G37<1,"0",'Entries June''25'!G38-'Entries June''25'!G37) -> 0 | H37: =IF(C37+E37=0,"0", B37/(C37+E37)) -> 0 | I37: =IF(E37=0,"0", D37/E37) -> 0 | J37: =IF(G37=0,"0", F37/G37) -> 0 | K37: =B37+D37+F37 -> 0 | L37: 0
A38: MTD | B38: =SUM(B7:B37) -> 69480 | C38: =SUM(C7:C37) -> 451.9 | D38: =SUM(D7:D34) -> 0 | E38: =SUM(E7:E34) -> 0 | H38: =IF(C38+E38=0,"0", B38/(C38+E38)) -> 153.75083 | K38: =SUM(K7:K37) -> 69480 | L38: =SUM(L7:L37) -> 8404.5408 | M38: =IF(L38=0,"0",(K38/L38)) -> 8.2669597 | N38: 7.2 | O38: =M38/N38*100 -> 114.81888
A39: AVE. | B39: =AVERAGE(B7:B37) -> 2481.4286 | C39: =AVERAGE(C7:C37) -> 16.139286 | H39: cons (l/hr)

Sheet Water 
B4: DATE | C4: Well Supply (m3) | D4: Nawasa Supply (m3) | E4: Annanale Supply (m3) | F4: RO Water Plant Nawasa (m3) | G4: Service Water Received (m3) | H4: Service Water Supply to Plant (m3) | I4: CO2 Scrubber (m3) | J4: Brewhouse / Old Pepsi Area (m3) | K4: Filtration/Cellars (m3) | L4: Cellars/Process Area (m3) | M4: Pasteuriser (m3) | R4: Permeate Produced (m3) | S4: Plant Cons. USAGE (Hl.) | U4: Bottle Filler (m3) | X4: Rus (m3) | Y4: Washdown Area (m3) | Z4: TOTAL SUPPLY (M3) | AA4: Total Prod.(HL) | AB4: Water KPI (Hl/Hl)
N5: CIP Process (m3) | O5: Bottles Washer (m3) | P5: Bottles Filler (m3) | Q5: Boiler Supply (m3) | T5: ∑ Service Water to Processes | V5: Water into RO #1 (m3) | W5: Water into RO #2 (m3)
B6: -
B7: 1 | C7: =IF('Entries June''25'!W8-'Entries June''25'!W7<1,"0",'Entries June''25'!W8-'Entries June''25'!W7) -> 0 | D7: =IF('Entries June''25'!O8-'Entries June''25'!O7<1,"0",'Entries June''25'!O8-'Entries June''25'!O7) -> 0 | E7: =IF('Entries June''25'!P8-'Entries June''25'!P7<1,"0",'Entries June''25'!P8-'Entries June''25'!P7) -> 71 | F7: =IF('Entries June''25'!V8-'Entries June''25'!V7<1,"0",'Entries June''25'!V8-'Entries June''25'!V7) -> 72 | G7: =(D7+E7)-F7 -> -1 | H7: =IF('Entries June''25'!Q8-'Entries June''25'!Q7<1,0,'Entries June''25'!Q8-'Entries June''25'!Q7) -> 12 | I7: =IF('Entries June''25'!AG8-'Entries June''25'!AG7<1,0,'Entries June''25'!AG8-'Entries June''25'!AG7) -> 0 | J7: =IF('Entries June''25'!S8-'Entries June''25'!S7<1,"0",'Entries June''25'!S8-'Entries June''25'!S7) -> 0 | K7: =IF('Entries June''25'!R8-'Entries June''25'!R7<1,"0",'Entries June''25'!R8-'Entries June''25'!R7) -> 0 | L7: =IF('Entries June''25'!T8-'Entries June''25'!T7<1,"0",'Entries June''25'!T8-'Entries June''25'!T7) -> 0 | M7: =IF('Entries June''25'!U8-'Entries June''25'!U7<1,"0",'Entries June''25'!U8-'Entries June''25'!U7) -> 0 | N7: =IF('Entries June''25'!X8-'Entries June''25'!X7<1,"0",'Entries June''25'!X8-'Entries June''25'!X7) -> 0 | O7: =IF('Entries June''25'!Y8-'Entries June''25'!Y7<1,"0",'Entries June''25'!Y8-'Entries June''25'!Y7) -> 27 | P7: =IF('Entries June''25'!AC8-'Entries June''25'!AC7<1,"0",'Entries June''25'!AC8-'Entries June''25'!AC7) -> 0 | Q7: =IF('Entries June''25'!Z8-'Entries June''25'!Z7<1,"0",'Entries June''25'!Z8-'Entries June''25'!Z7) -> 1 | R7: =IF(('Entries June''25'!AA8-'Entries June''25'!AA7)+('Entries June''25'!AB8-'Entries June''25'!AB7)<1,"0",('Entries June''25'!AA8-'Entries June''25'!AA7)+('Entries June''25'!AB8-'Entries June''25'!AB7)) -> 0 | S7: =(R7+G7)*10 -> -10 | T7: =O7+N7+M7+L7 -> 27 | U7: =IF('Entries June''25'!AC8-'Entries June''25'!AC7<1,"0",'Entries June''25'!AC8-'Entries June''25'!AC7) -> 0 | V7: =IF('Entries June''25'!AD8-'Entries June''25'!AD7<1,"0",'Entries June''25'!AD8-'Entries June''25'!AD7) -> 0 | W7: =IF('Entries June''25'!AE8-'Entries June''25'!AE7<1,"0",'Entries June''25'!AE8-'Entries June''25'!AE7) -> 0 | X7: =IF('Entries June''25'!AI8-'Entries June''25'!AI7<1,"0",'Entries June''25'!AI8-'Entries June''25'!AI7) -> 0 | Y7: =IF('Entries June''25'!AH8-'Entries June''25'!AH7<1,"0",'Entries June''25'!AH8-'Entries June''25'!AH7) -> 0 | Z7: =C7+D7+E7 -> 71 | AA7: {=IF(TRANSPOSE('Daily KPIs'!B9:AF9)=0,"0",TRANSPOSE('Daily KPIs'!B9:AF9))} -> 0 | AB7: =IF(AA7=0,"0",(Z7*10/AA7)) -> 0
B8: 2 | C8: =IF('Entries June''25'!W9-'Entries June''25'!W8<1,"0",'Entries June''25'!W9-'Entries June''25'!W8) -> 0 | D8: =IF('Entries June''25'!O9-'Entries June''25'!O8<1,"0",'Entries June''25'!O9-'Entries June''25'!O8) -> 267 | E8: =IF('Entries June''25'!P9-'Entries June''25'!P8<1,"0",'Entries June''25'!P9-'Entries June''25'!P8) -> 188 | F8: =IF('Entries June''25'!V9-'Entries June''25'!V8<1,"0",'Entries June''25'!V9-'Entries June''25'!V8) -> 200 | G8: =(D8+E8)-F8 -> 255 | H8: =IF('Entries June''25'!Q9-'Entries June''25'!Q8<1,0,'Entries June''25'!Q9-'Entries June''25'!Q8) -> 335 | I8: =IF('Entries June''25'!AG9-'Entries June''25'!AG8<1,0,'Entries June''25'!AG9-'Entries June''25'!AG8) -> 0 | J8: =IF('Entries June''25'!S9-'Entries June''25'!S8<1,"0",'Entries June''25'!S9-'Entries June''25'!S8) -> 113 | K8: =IF('Entries June''25'!R9-'Entries June''25'!R8<1,"0",'Entries June''25'!R9-'Entries June''25'!R8) -> 0 | L8: =IF('Entries June''25'!T9-'Entries June''25'!T8<1,"0",'Entries June''25'!T9-'Entries June''25'!T8) -> 0 | M8: =IF('Entries June''25'!U9-'Entries June''25'!U8<1,"0",'Entries June''25'!U9-'Entries June''25'!U8) -> 19 | N8: =IF('Entries June''25'!X9-'Entries June''25'!X8<1,"0",'Entries June''25'!X9-'Entries June''25'!X8) -> 85 | O8: =IF('Entries June''25'!Y9-'Entries June''25'!Y8<1,"0",'Entries June''25'!Y9-'Entries June''25'!Y8) -> 113 | P8: =IF('Entries June''25'!AC9-'Entries June''25'!AC8<1,"0",'Entries June''25'!AC9-'Entries June''25'!AC8) -> 0 | Q8: =IF('Entries June''25'!Z9-'Entries June''25'!Z8<1,"0",'Entries June''25'!Z9-'Entries June''25'!Z8) -> 25 | R8: =IF(('Entries June''25'!AA9-'Entries June''25'!AA8)+('Entries June''25'!AB9-'Entries June''25'!AB8)<1,"0",('Entries June''25'!AA9-'Entries June''25'!AA8)+('Entries June''25'!AB9-'Entries June''25'!AB8)) -> 0 | S8: =(R8+G8)*10 -> 2550 | T8: =O8+N8+M8+L8 -> 217 | U8: =IF('Entries June''25'!AC9-'Entries June''25'!AC8<1,"0",'Entries June''25'!AC9-'Entries June''25'!AC8) -> 0 | V8: =IF('Entries June''25'!AD9-'Entries June''25'!AD8<1,"0",'Entries June''25'!AD9-'Entries June''25'!AD8) -> 0 | W8: =IF('Entries June''25'!AE9-'Entries June''25'!AE8<1,"0",'Entries June''25'!AE9-'Entries June''25'!AE8) -> 0 | X8: =IF('Entries June''25'!AI9-'Entries June''25'!AI8<1,"0",'Entries June''25'!AI9-'Entries June''25'!AI8) -> 0 | Y8: =IF('Entries June''25'!AH9-'Entries June''25'!AH8<1,"0",'Entries June''25'!AH9-'Entries June''25'!AH8) -> 0 | Z8: =C8+D8+E8 -> 455 | AA8: 455.6052 | AB8: =IF(AA8=0,"0",(Z8*10/AA8)) -> 9.9867166
B9: 3 | C9: =IF('Entries June''25'!W10-'Entries June''25'!W9<1,"0",'Entries June''25'!W10-'Entries June''25'!W9) -> 0 | D9: =IF('Entries June''25'!O10-'Entries June''25'!O9<1,"0",'Entries June''25'!O10-'Entries June''25'!O9) -> 288 | E9: =IF('Entries June''25'!P10-'Entries June''25'!P9<1,"0",'Entries June''25'!P10-'Entries June''25'!P9) -> 132 | F9: =IF('Entries June''25'!V10-'Entries June''25'!V9<1,"0",'Entries June''25'!V10-'Entries June''25'!V9) -> 139 | G9: =(D9+E9)-F9 -> 281 | H9: =IF('Entries June''25'!Q10-'Entries June''25'!Q9<1,0,'Entries June''25'!Q10-'Entries June''25'!Q9) -> 294 | I9: =IF('Entries June''25'!AG10-'Entries June''25'!AG9<1,0,'Entries June''25'!AG10-'Entries June''25'!AG9) -> 0 | J9: =IF('Entries June''25'!S10-'Entries June''25'!S9<1,"0",'Entries June''25'!S10-'Entries June''25'!S9) -> 130 | K9: =IF('Entries June''25'!R10-'Entries June''25'!R9<1,"0",'Entries June''25'!R10-'Entries June''25'!R9) -> 0 | L9: =IF('Entries June''25'!T10-'Entries June''25'!T9<1,"0",'Entries June''25'!T10-'Entries June''25'!T9) -> 0 | M9: =IF('Entries June''25'!U10-'Entries June''25'!U9<1,"0",'Entries June''25'!U10-'Entries June''25'!U9) -> 0 | N9: =IF('Entries June''25'!X10-'Entries June''25'!X9<1,"0",'Entries June''25'!X10-'Entries June''25'!X9) -> 51 | O9: =IF('Entries June''25'!Y10-'Entries June''25'!Y9<1,"0",'Entries June''25'!Y10-'Entries June''25'!Y9) -> 158 | P9: =IF('Entries June''25'!AC10-'Entries June''25'!AC9<1,"0",'Entries June''25'!AC10-'Entries June''25'!AC9) -> 42 | Q9: =IF('Entries June''25'!Z10-'Entries June''25'!Z9<1,"0",'Entries June''25'!Z10-'Entries June''25'!Z9) -> 20 | R9: =IF(('Entries June''25'!AA10-'Entries June''25'!AA9)+('Entries June''25'!AB10-'Entries June''25'!AB9)<1,"0",('Entries June''25'!AA10-'Entries June''25'!AA9)+('Entries June''25'!AB10-'Entries June''25'!AB9)) -> 0 | S9: =(R9+G9)*10 -> 2810 | T9: =O9+N9+M9+L9 -> 209 | U9: =IF('Entries June''25'!AC10-'Entries June''25'!AC9<1,"0",'Entries June''25'!AC10-'Entries June''25'!AC9) -> 42 | V9: =IF('Entries June''25'!AD10-'Entries June''25'!AD9<1,"0",'Entries June''25'!AD10-'Entries June''25'!AD9) -> 0 | W9: =IF('Entries June''25'!AE10-'Entries June''25'!AE9<1,"0",'Entries June''25'!AE10-'Entries June''25'!AE9) -> 0 | X9: =IF('Entries June''25'!AI10-'Entries June''25'!AI9<1,"0",'Entries June''25'!AI10-'Entries June''25'!AI9) -> 0 | Y9: =IF('Entries June''25'!AH10-'Entries June''25'!AH9<1,"0",'Entries June''25'!AH10-'Entries June''25'!AH9) -> 0 | Z9: =C9+D9+E9 -> 420 | AA9: 644.754 | AB9: =IF(AA9=0,"0",(Z9*10/AA9)) -> 6.5141124
B10: 4 | C10: =IF('Entries June''25'!W11-'Entries June''25'!W10<1,"0",'Entries June''25'!W11-'Entries June''25'!W10) -> 0 | D10: =IF('Entries June''25'!O11-'Entries June''25'!O10<1,"0",'Entries June''25'!O11-'Entries June''25'!O10) -> 198 | E10: =IF('Entries June''25'!P11-'Entries June''25'!P10<1,"0",'Entries June''25'!P11-'Entries June''25'!P10) -> 171 | F10: =IF('Entries June''25'!V11-'Entries June''25'!V10<1,"0",'Entries June''25'!V11-'Entries June''25'!V10) -> 181 | G10: =(D10+E10)-F10 -> 188 | H10: =IF('Entries June''25'!Q11-'Entries June''25'!Q10<1,0,'Entries June''25'!Q11-'Entries June''25'!Q10) -> 228 | I10: =IF('Entries June''25'!AG11-'Entries June''25'!AG10<1,0,'Entries June''25'!AG11-'Entries June''25'!AG10) -> 0 | J10: =IF('Entries June''25'!S11-'Entries June''25'!S10<1,"0",'Entries June''25'!S11-'Entries June''25'!S10) -> 173 | K10: =IF('Entries June''25'!R11-'Entries June''25'!R10<1,"0",'Entries June''25'!R11-'Entries June''25'!R10) -> 0 | L10: =IF('Entries June''25'!T11-'Entries June''25'!T10<1,"0",'Entries June''25'!T11-'Entries June''25'!T10) -> 0 | M10: =IF('Entries June''25'!U11-'Entries June''25'!U10<1,"0",'Entries June''25'!U11-'Entries June''25'!U10) -> 0 | N10: =IF('Entries June''25'!X11-'Entries June''25'!X10<1,"0",'Entries June''25'!X11-'Entries June''25'!X10) -> 31 | O10: =IF('Entries June''25'!Y11-'Entries June''25'!Y10<1,"0",'Entries June''25'!Y11-'Entries June''25'!Y10) -> 113 | P10: =IF('Entries June''25'!AC11-'Entries June''25'!AC10<1,"0",'Entries June''25'!AC11-'Entries June''25'!AC10) -> 22 | Q10: =IF('Entries June''25'!Z11-'Entries June''25'!Z10<1,"0",'Entries June''25'!Z11-'Entries June''25'!Z10) -> 16 | R10: =IF(('Entries June''25'!AA11-'Entries June''25'!AA10)+('Entries June''25'!AB11-'Entries June''25'!AB10)<1,"0",('Entries June''25'!AA11-'Entries June''25'!AA10)+('Entries June''25'!AB11-'Entries June''25'!AB10)) -> 0 | S10: =(R10+G10)*10 -> 1880 | T10: =O10+N10+M10+L10 -> 144 | U10: =IF('Entries June''25'!AC11-'Entries June''25'!AC10<1,"0",'Entries June''25'!AC11-'Entries June''25'!AC10) -> 22 | V10: =IF('Entries June''25'!AD11-'Entries June''25'!AD10<1,"0",'Entries June''25'!AD11-'Entries June''25'!AD10) -> 0 | W10: =IF('Entries June''25'!AE11-'Entries June''25'!AE10<1,"0",'Entries June''25'!AE11-'Entries June''25'!AE10) -> 0 | X10: =IF('Entries June''25'!AI11-'Entries June''25'!AI10<1,"0",'Entries June''25'!AI11-'Entries June''25'!AI10) -> 0 | Y10: =IF('Entries June''25'!AH11-'Entries June''25'!AH10<1,"0",'Entries June''25'!AH11-'Entries June''25'!AH10) -> 0 | Z10: =C10+D10+E10 -> 369 | AA10: 398.442 | AB10: =IF(AA10=0,"0",(Z10*10/AA10)) -> 9.2610719
B11: 5 | C11: =IF('Entries June''25'!W12-'Entries June''25'!W11<1,"0",'Entries June''25'!W12-'Entries June''25'!W11) -> 0 | D11: =IF('Entries June''25'!O12-'Entries June''25'!O11<1,"0",'Entries June''25'!O12-'Entries June''25'!O11) -> 141 | E11: =IF('Entries June''25'!P12-'Entries June''25'!P11<1,"0",'Entries June''25'!P12-'Entries June''25'!P11) -> 262 | F11: =IF('Entries June''25'!V12-'Entries June''25'!V11<1,"0",'Entries June''25'!V12-'Entries June''25'!V11) -> 276 | G11: =(D11+E11)-F11 -> 127 | H11: =IF('Entries June''25'!Q12-'Entries June''25'!Q11<1,0,'Entries June''25'!Q12-'Entries June''25'!Q11) -> 305 | I11: =IF('Entries June''25'!AG12-'Entries June''25'!AG11<1,0,'Entries June''25'!AG12-'Entries June''25'!AG11) -> 0 | J11: =IF('Entries June''25'!S12-'Entries June''25'!S11<1,"0",'Entries June''25'!S12-'Entries June''25'!S11) -> 222 | K11: =IF('Entries June''25'!R12-'Entries June''25'!R11<1,"0",'Entries June''25'!R12-'Entries June''25'!R11) -> 0 | L11: =IF('Entries June''25'!T12-'Entries June''25'!T11<1,"0",'Entries June''25'!T12-'Entries June''25'!T11) -> 0 | M11: =IF('Entries June''25'!U12-'Entries June''25'!U11<1,"0",'Entries June''25'!U12-'Entries June''25'!U11) -> 8 | N11: =IF('Entries June''25'!X12-'Entries June''25'!X11<1,"0",'Entries June''25'!X12-'Entries June''25'!X11) -> 56 | O11: =IF('Entries June''25'!Y12-'Entries June''25'!Y11<1,"0",'Entries June''25'!Y12-'Entries June''25'!Y11) -> 150 | P11: =IF('Entries June''25'!AC12-'Entries June''25'!AC11<1,"0",'Entries June''25'!AC12-'Entries June''25'!AC11) -> 23 | Q11: =IF('Entries June''25'!Z12-'Entries June''25'!Z11<1,"0",'Entries June''25'!Z12-'Entries June''25'!Z11) -> 20 | R11: =IF(('Entries June''25'!AA12-'Entries June''25'!AA11)+('Entries June''25'!AB12-'Entries June''25'!AB11)<1,"0",('Entries June''25'!AA12-'Entries June''25'!AA11)+('Entries June''25'!AB12-'Entries June''25'!AB11)) -> 0 | S11: =(R11+G11)*10 -> 1270 | T11: =O11+N11+M11+L11 -> 214 | U11: =IF('Entries June''25'!AC12-'Entries June''25'!AC11<1,"0",'Entries June''25'!AC12-'Entries June''25'!AC11) -> 23 | V11: =IF('Entries June''25'!AD12-'Entries June''25'!AD11<1,"0",'Entries June''25'!AD12-'Entries June''25'!AD11) -> 16 | W11: =IF('Entries June''25'!AE12-'Entries June''25'!AE11<1,"0",'Entries June''25'!AE12-'Entries June''25'!AE11) -> 0 | X11: =IF('Entries June''25'!AI12-'Entries June''25'!AI11<1,"0",'Entries June''25'!AI12-'Entries June''25'!AI11) -> 0 | Y11: =IF('Entries June''25'!AH12-'Entries June''25'!AH11<1,"0",'Entries June''25'!AH12-'Entries June''25'!AH11) -> 0 | Z11: =C11+D11+E11 -> 403 | AA11: 496.584 | AB11: =IF(AA11=0,"0",(Z11*10/AA11)) -> 8.1154447
B12: 6 | C12: =IF('Entries June''25'!W13-'Entries June''25'!W12<1,"0",'Entries June''25'!W13-'Entries June''25'!W12) -> 0 | D12: =IF('Entries June''25'!O13-'Entries June''25'!O12<1,"0",'Entries June''25'!O13-'Entries June''25'!O12) -> 223 | E12: =IF('Entries June''25'!P13-'Entries June''25'!P12<1,"0",'Entries June''25'!P13-'Entries June''25'!P12) -> 287 | F12: =IF('Entries June''25'!V13-'Entries June''25'!V12<1,"0",'Entries June''25'!V13-'Entries June''25'!V12) -> 302 | G12: =(D12+E12)-F12 -> 208 | H12: =IF('Entries June''25'!Q13-'Entries June''25'!Q12<1,0,'Entries June''25'!Q13-'Entries June''25'!Q12) -> 225 | I12: =IF('Entries June''25'!AG13-'Entries June''25'!AG12<1,0,'Entries June''25'!AG13-'Entries June''25'!AG12) -> 0 | J12: =IF('Entries June''25'!S13-'Entries June''25'!S12<1,"0",'Entries June''25'!S13-'Entries June''25'!S12) -> 122 | K12: =IF('Entries June''25'!R13-'Entries June''25'!R12<1,"0",'Entries June''25'!R13-'Entries June''25'!R12) -> 0 | L12: =IF('Entries June''25'!T13-'Entries June''25'!T12<1,"0",'Entries June''25'!T13-'Entries June''25'!T12) -> 0 | M12: =IF('Entries June''25'!U13-'Entries June''25'!U12<1,"0",'Entries June''25'!U13-'Entries June''25'!U12) -> 0 | N12: =IF('Entries June''25'!X13-'Entries June''25'!X12<1,"0",'Entries June''25'!X13-'Entries June''25'!X12) -> 60 | O12: =IF('Entries June''25'!Y13-'Entries June''25'!Y12<1,"0",'Entries June''25'!Y13-'Entries June''25'!Y12) -> 94 | P12: =IF('Entries June''25'!AC13-'Entries June''25'!AC12<1,"0",'Entries June''25'!AC13-'Entries June''25'!AC12) -> 17 | Q12: =IF('Entries June''25'!Z13-'Entries June''25'!Z12<1,"0",'Entries June''25'!Z13-'Entries June''25'!Z12) -> 15 | R12: =IF(('Entries June''25'!AA13-'Entries June''25'!AA12)+('Entries June''25'!AB13-'Entries June''25'!AB12)<1,"0",('Entries June''25'!AA13-'Entries June''25'!AA12)+('Entries June''25'!AB13-'Entries June''25'!AB12)) -> 0 | S12: =(R12+G12)*10 -> 2080 | T12: =O12+N12+M12+L12 -> 154 | U12: =IF('Entries June''25'!AC13-'Entries June''25'!AC12<1,"0",'Entries June''25'!AC13-'Entries June''25'!AC12) -> 17 | V12: =IF('Entries June''25'!AD13-'Entries June''25'!AD12<1,"0",'Entries June''25'!AD13-'Entries June''25'!AD12) -> 0 | W12: =IF('Entries June''25'!AE13-'Entries June''25'!AE12<1,"0",'Entries June''25'!AE13-'Entries June''25'!AE12) -> 0 | X12: =IF('Entries June''25'!AI13-'Entries June''25'!AI12<1,"0",'Entries June''25'!AI13-'Entries June''25'!AI12) -> 0 | Y12: =IF('Entries June''25'!AH13-'Entries June''25'!AH12<1,"0",'Entries June''25'!AH13-'Entries June''25'!AH12) -> 0 | Z12: =C12+D12+E12 -> 510 | AA12: 263.934 | AB12: =IF(AA12=0,"0",(Z12*10/AA12)) -> 19.323013
B13: 7 | C13: =IF('Entries June''25'!W14-'Entries June''25'!W13<1,"0",'Entries June''25'!W14-'Entries June''25'!W13) -> 0 | D13: =IF('Entries June''25'!O14-'Entries June''25'!O13<1,"0",'Entries June''25'!O14-'Entries June''25'!O13) -> 0 | E13: =IF('Entries June''25'!P14-'Entries June''25'!P13<1,"0",'Entries June''25'!P14-'Entries June''25'!P13) -> 0 | F13: =IF('Entries June''25'!V14-'Entries June''25'!V13<1,"0",'Entries June''25'!V14-'Entries June''25'!V13) -> 0 | G13: =(D13+E13)-F13 -> 0 | H13: =IF('Entries June''25'!Q14-'Entries June''25'!Q13<1,0,'Entries June''25'!Q14-'Entries June''25'!Q13) -> 47 | I13: =IF('Entries June''25'!AG14-'Entries June''25'!AG13<1,0,'Entries June''25'!AG14-'Entries June''25'!AG13) -> 0 | J13: =IF('Entries June''25'!S14-'Entries June''25'!S13<1,"0",'Entries June''25'!S14-'Entries June''25'!S13) -> 1 | K13: =IF('Entries June''25'!R14-'Entries June''25'!R13<1,"0",'Entries June''25'!R14-'Entries June''25'!R13) -> 0 | L13: =IF('Entries June''25'!T14-'Entries June''25'!T13<1,"0",'Entries June''25'!T14-'Entries June''25'!T13) -> 0 | M13: =IF('Entries June''25'!U14-'Entries June''25'!U13<1,"0",'Entries June''25'!U14-'Entries June''25'!U13) -> 0 | N13: =IF('Entries June''25'!X14-'Entries June''25'!X13<1,"0",'Entries June''25'!X14-'Entries June''25'!X13) -> 5 | O13: =IF('Entries June''25'!Y14-'Entries June''25'!Y13<1,"0",'Entries June''25'!Y14-'Entries June''25'!Y13) -> 5 | P13: =IF('Entries June''25'!AC14-'Entries June''25'!AC13<1,"0",'Entries June''25'!AC14-'Entries June''25'!AC13) -> 2 | Q13: =IF('Entries June''25'!Z14-'Entries June''25'!Z13<1,"0",'Entries June''25'!Z14-'Entries June''25'!Z13) -> 0 | R13: =IF(('Entries June''25'!AA14-'Entries June''25'!AA13)+('Entries June''25'!AB14-'Entries June''25'!AB13)<1,"0",('Entries June''25'!AA14-'Entries June''25'!AA13)+('Entries June''25'!AB14-'Entries June''25'!AB13)) -> 0 | S13: =(R13+G13)*10 -> 0 | T13: =O13+N13+M13+L13 -> 10 | U13: =IF('Entries June''25'!AC14-'Entries June''25'!AC13<1,"0",'Entries June''25'!AC14-'Entries June''25'!AC13) -> 2 | V13: =IF('Entries June''25'!AD14-'Entries June''25'!AD13<1,"0",'Entries June''25'!AD14-'Entries June''25'!AD13) -> 0 | W13: =IF('Entries June''25'!AE14-'Entries June''25'!AE13<1,"0",'Entries June''25'!AE14-'Entries June''25'!AE13) -> 0 | X13: =IF('Entries June''25'!AI14-'Entries June''25'!AI13<1,"0",'Entries June''25'!AI14-'Entries June''25'!AI13) -> 0 | Y13: =IF('Entries June''25'!AH14-'Entries June''25'!AH13<1,"0",'Entries June''25'!AH14-'Entries June''25'!AH13) -> 0 | Z13: =C13+D13+E13 -> 0 | AA13: 0 | AB13: =IF(AA13=0,"0",(Z13*10/AA13)) -> 0
B14: 8 | C14: =IF('Entries June''25'!W15-'Entries June''25'!W14<1,"0",'Entries June''25'!W15-'Entries June''25'!W14) -> 0 | D14: =IF('Entries June''25'!O15-'Entries June''25'!O14<1,"0",'Entries June''25'!O15-'Entries June''25'!O14) -> 0 | E14: =IF('Entries June''25'!P15-'Entries June''25'!P14<1,"0",'Entries June''25'!P15-'Entries June''25'!P14) -> 88 | F14: =IF('Entries June''25'!V15-'Entries June''25'!V14<1,"0",'Entries June''25'!V15-'Entries June''25'!V14) -> 93 | G14: =(D14+E14)-F14 -> -5 | H14: =IF('Entries June''25'!Q15-'Entries June''25'!Q14<1,0,'Entries June''25'!Q15-'Entries June''25'!Q14) -> 71 | I14: =IF('Entries June''25'!AG15-'Entries June''25'!AG14<1,0,'Entries June''25'!AG15-'Entries June''25'!AG14) -> 0 | J14: =IF('Entries June''25'!S15-'Entries June''25'!S14<1,"0",'Entries June''25'!S15-'Entries June''25'!S14) -> 0 | K14: =IF('Entries June''25'!R15-'Entries June''25'!R14<1,"0",'Entries June''25'!R15-'Entries June''25'!R14) -> 0 | L14: =IF('Entries June''25'!T15-'Entries June''25'!T14<1,"0",'Entries June''25'!T15-'Entries June''25'!T14) -> 0 | M14: =IF('Entries June''25'!U15-'Entries June''25'!U14<1,"0",'Entries June''25'!U15-'Entries June''25'!U14) -> 0 | N14: =IF('Entries June''25'!X15-'Entries June''25'!X14<1,"0",'Entries June''25'!X15-'Entries June''25'!X14) -> 0 | O14: =IF('Entries June''25'!Y15-'Entries June''25'!Y14<1,"0",'Entries June''25'!Y15-'Entries June''25'!Y14) -> 59 | P14: =IF('Entries June''25'!AC15-'Entries June''25'!AC14<1,"0",'Entries June''25'!AC15-'Entries June''25'!AC14) -> 0 | Q14: =IF('Entries June''25'!Z15-'Entries June''25'!Z14<1,"0",'Entries June''25'!Z15-'Entries June''25'!Z14) -> 1 | R14: =IF(('Entries June''25'!AA15-'Entries June''25'!AA14)+('Entries June''25'!AB15-'Entries June''25'!AB14)<1,"0",('Entries June''25'!AA15-'Entries June''25'!AA14)+('Entries June''25'!AB15-'Entries June''25'!AB14)) -> 0 | S14: =(R14+G14)*10 -> -50 | T14: =O14+N14+M14+L14 -> 59 | U14: =IF('Entries June''25'!AC15-'Entries June''25'!AC14<1,"0",'Entries June''25'!AC15-'Entries June''25'!AC14) -> 0 | V14: =IF('Entries June''25'!AD15-'Entries June''25'!AD14<1,"0",'Entries June''25'!AD15-'Entries June''25'!AD14) -> 0 | W14: =IF('Entries June''25'!AE15-'Entries June''25'!AE14<1,"0",'Entries June''25'!AE15-'Entries June''25'!AE14) -> 0 | X14: =IF('Entries June''25'!AI15-'Entries June''25'!AI14<1,"0",'Entries June''25'!AI15-'Entries June''25'!AI14) -> 0 | Y14: =IF('Entries June''25'!AH15-'Entries June''25'!AH14<1,"0",'Entries June''25'!AH15-'Entries June''25'!AH14) -> 0 | Z14: =C14+D14+E14 -> 88 | AA14: 0 | AB14: =IF(AA14=0,"0",(Z14*10/AA14)) -> 0
B15: 9 | C15: =IF('Entries June''25'!W16-'Entries June''25'!W15<1,"0",'Entries June''25'!W16-'Entries June''25'!W15) -> 0 | D15: =IF('Entries June''25'!O16-'Entries June''25'!O15<1,"0",'Entries June''25'!O16-'Entries June''25'!O15) -> 0 | E15: =IF('Entries June''25'!P16-'Entries June''25'!P15<1,"0",'Entries June''25'!P16-'Entries June''25'!P15) -> 0 | F15: =IF('Entries June''25'!V16-'Entries June''25'!V15<1,"0",'Entries June''25'!V16-'Entries June''25'!V15) -> 0 | G15: =(D15+E15)-F15 -> 0 | H15: =IF('Entries June''25'!Q16-'Entries June''25'!Q15<1,0,'Entries June''25'!Q16-'Entries June''25'!Q15) -> 6 | I15: =IF('Entries June''25'!AG16-'Entries June''25'!AG15<1,0,'Entries June''25'!AG16-'Entries June''25'!AG15) -> 0 | J15: =IF('Entries June''25'!S16-'Entries June''25'!S15<1,"0",'Entries June''25'!S16-'Entries June''25'!S15) -> 0 | K15: =IF('Entries June''25'!R16-'Entries June''25'!R15<1,"0",'Entries June''25'!R16-'Entries June''25'!R15) -> 0 | L15: =IF('Entries June''25'!T16-'Entries June''25'!T15<1,"0",'Entries June''25'!T16-'Entries June''25'!T15) -> 0 | M15: =IF('Entries June''25'!U16-'Entries June''25'!U15<1,"0",'Entries June''25'!U16-'Entries June''25'!U15) -> 0 | N15: =IF('Entries June''25'!X16-'Entries June''25'!X15<1,"0",'Entries June''25'!X16-'Entries June''25'!X15) -> 0 | O15: =IF('Entries June''25'!Y16-'Entries June''25'!Y15<1,"0",'Entries June''25'!Y16-'Entries June''25'!Y15) -> 0 | P15: =IF('Entries June''25'!AC16-'Entries June''25'!AC15<1,"0",'Entries June''25'!AC16-'Entries June''25'!AC15) -> 0 | Q15: =IF('Entries June''25'!Z16-'Entries June''25'!Z15<1,"0",'Entries June''25'!Z16-'Entries June''25'!Z15) -> 3 | R15: =IF(('Entries June''25'!AA16-'Entries June''25'!AA15)+('Entries June''25'!AB16-'Entries June''25'!AB15)<1,"0",('Entries June''25'!AA16-'Entries June''25'!AA15)+('Entries June''25'!AB16-'Entries June''25'!AB15)) -> 0 | S15: =(R15+G15)*10 -> 0 | T15: =O15+N15+M15+L15 -> 0 | U15: =IF('Entries June''25'!AC16-'Entries June''25'!AC15<1,"0",'Entries June''25'!AC16-'Entries June''25'!AC15) -> 0 | V15: =IF('Entries June''25'!AD16-'Entries June''25'!AD15<1,"0",'Entries June''25'!AD16-'Entries June''25'!AD15) -> 0 | W15: =IF('Entries June''25'!AE16-'Entries June''25'!AE15<1,"0",'Entries June''25'!AE16-'Entries June''25'!AE15) -> 0 | X15: =IF('Entries June''25'!AI16-'Entries June''25'!AI15<1,"0",'Entries June''25'!AI16-'Entries June''25'!AI15) -> 0 | Y15: =IF('Entries June''25'!AH16-'Entries June''25'!AH15<1,"0",'Entries June''25'!AH16-'Entries June''25'!AH15) -> 0 | Z15: =C15+D15+E15 -> 0 | AA15: 0 | AB15: =IF(AA15=0,"0",(Z15*10/AA15)) -> 0
B16: 10 | C16: =IF('Entries June''25'!W17-'Entries June''25'!W16<1,"0",'Entries June''25'!W17-'Entries June''25'!W16) -> 0 | D16: =IF('Entries June''25'!O17-'Entries June''25'!O16<1,"0",'Entries June''25'!O17-'Entries June''25'!O16) -> 171 | E16: =IF('Entries June''25'!P17-'Entries June''25'!P16<1,"0",'Entries June''25'!P17-'Entries June''25'!P16) -> 136 | F16: =IF('Entries June''25'!V17-'Entries June''25'!V16<1,"0",'Entries June''25'!V17-'Entries June''25'!V16) -> 143 | G16: =(D16+E16)-F16 -> 164 | H16: =IF('Entries June''25'!Q17-'Entries June''25'!Q16<1,0,'Entries June''25'!Q17-'Entries June''25'!Q16) -> 270 | I16: =IF('Entries June''25'!AG17-'Entries June''25'!AG16<1,0,'Entries June''25'!AG17-'Entries June''25'!AG16) -> 0 | J16: =IF('Entries June''25'!S17-'Entries June''25'!S16<1,"0",'Entries June''25'!S17-'Entries June''25'!S16) -> 100 | K16: =IF('Entries June''25'!R17-'Entries June''25'!R16<1,"0",'Entries June''25'!R17-'Entries June''25'!R16) -> 0 | L16: =IF('Entries June''25'!T17-'Entries June''25'!T16<1,"0",'Entries June''25'!T17-'Entries June''25'!T16) -> 0 | M16: =IF('Entries June''25'!U17-'Entries June''25'!U16<1,"0",'Entries June''25'!U17-'Entries June''25'!U16) -> 6 | N16: =IF('Entries June''25'!X17-'Entries June''25'!X16<1,"0",'Entries June''25'!X17-'Entries June''25'!X16) -> 47 | O16: =IF('Entries June''25'!Y17-'Entries June''25'!Y16<1,"0",'Entries June''25'!Y17-'Entries June''25'!Y16) -> 140 | P16: =IF('Entries June''25'!AC17-'Entries June''25'!AC16<1,"0",'Entries June''25'!AC17-'Entries June''25'!AC16) -> 0 | Q16: =IF('Entries June''25'!Z17-'Entries June''25'!Z16<1,"0",'Entries June''25'!Z17-'Entries June''25'!Z16) -> 17 | R16: =IF(('Entries June''25'!AA17-'Entries June''25'!AA16)+('Entries June''25'!AB17-'Entries June''25'!AB16)<1,"0",('Entries June''25'!AA17-'Entries June''25'!AA16)+('Entries June''25'!AB17-'Entries June''25'!AB16)) -> 0 | S16: =(R16+G16)*10 -> 1640 | T16: =O16+N16+M16+L16 -> 193 | U16: =IF('Entries June''25'!AC17-'Entries June''25'!AC16<1,"0",'Entries June''25'!AC17-'Entries June''25'!AC16) -> 0 | V16: =IF('Entries June''25'!AD17-'Entries June''25'!AD16<1,"0",'Entries June''25'!AD17-'Entries June''25'!AD16) -> 0 | W16: =IF('Entries June''25'!AE17-'Entries June''25'!AE16<1,"0",'Entries June''25'!AE17-'Entries June''25'!AE16) -> 0 | X16: =IF('Entries June''25'!AI17-'Entries June''25'!AI16<1,"0",'Entries June''25'!AI17-'Entries June''25'!AI16) -> 0 | Y16: =IF('Entries June''25'!AH17-'Entries June''25'!AH16<1,"0",'Entries June''25'!AH17-'Entries June''25'!AH16) -> 0 | Z16: =C16+D16+E16 -> 307 | AA16: 418.11 | AB16: =IF(AA16=0,"0",(Z16*10/AA16)) -> 7.3425654
B17: 11 | C17: =IF('Entries June''25'!W18-'Entries June''25'!W17<1,"0",'Entries June''25'!W18-'Entries June''25'!W17) -> 0 | D17: =IF('Entries June''25'!O18-'Entries June''25'!O17<1,"0",'Entries June''25'!O18-'Entries June''25'!O17) -> 304 | E17: =IF('Entries June''25'!P18-'Entries June''25'!P17<1,"0",'Entries June''25'!P18-'Entries June''25'!P17) -> 172 | F17: =IF('Entries June''25'!V18-'Entries June''25'!V17<1,"0",'Entries June''25'!V18-'Entries June''25'!V17) -> 174 | G17: =(D17+E17)-F17 -> 302 | H17: =IF('Entries June''25'!Q18-'Entries June''25'!Q17<1,0,'Entries June''25'!Q18-'Entries June''25'!Q17) -> 287 | I17: =IF('Entries June''25'!AG18-'Entries June''25'!AG17<1,0,'Entries June''25'!AG18-'Entries June''25'!AG17) -> 0 | J17: =IF('Entries June''25'!S18-'Entries June''25'!S17<1,"0",'Entries June''25'!S18-'Entries June''25'!S17) -> 180 | K17: =IF('Entries June''25'!R18-'Entries June''25'!R17<1,"0",'Entries June''25'!R18-'Entries June''25'!R17) -> 0 | L17: =IF('Entries June''25'!T18-'Entries June''25'!T17<1,"0",'Entries June''25'!T18-'Entries June''25'!T17) -> 0 | M17: =IF('Entries June''25'!U18-'Entries June''25'!U17<1,"0",'Entries June''25'!U18-'Entries June''25'!U17) -> 0 | N17: =IF('Entries June''25'!X18-'Entries June''25'!X17<1,"0",'Entries June''25'!X18-'Entries June''25'!X17) -> 43 | O17: =IF('Entries June''25'!Y18-'Entries June''25'!Y17<1,"0",'Entries June''25'!Y18-'Entries June''25'!Y17) -> 158 | P17: =IF('Entries June''25'!AC18-'Entries June''25'!AC17<1,"0",'Entries June''25'!AC18-'Entries June''25'!AC17) -> 0 | Q17: =IF('Entries June''25'!Z18-'Entries June''25'!Z17<1,"0",'Entries June''25'!Z18-'Entries June''25'!Z17) -> 18 | R17: =IF(('Entries June''25'!AA18-'Entries June''25'!AA17)+('Entries June''25'!AB18-'Entries June''25'!AB17)<1,"0",('Entries June''25'!AA18-'Entries June''25'!AA17)+('Entries June''25'!AB18-'Entries June''25'!AB17)) -> 0 | S17: =(R17+G17)*10 -> 3020 | T17: =O17+N17+M17+L17 -> 201 | U17: =IF('Entries June''25'!AC18-'Entries June''25'!AC17<1,"0",'Entries June''25'!AC18-'Entries June''25'!AC17) -> 0 | V17: =IF('Entries June''25'!AD18-'Entries June''25'!AD17<1,"0",'Entries June''25'!AD18-'Entries June''25'!AD17) -> 0 | W17: =IF('Entries June''25'!AE18-'Entries June''25'!AE17<1,"0",'Entries June''25'!AE18-'Entries June''25'!AE17) -> 0 | X17: =IF('Entries June''25'!AI18-'Entries June''25'!AI17<1,"0",'Entries June''25'!AI18-'Entries June''25'!AI17) -> 0 | Y17: =IF('Entries June''25'!AH18-'Entries June''25'!AH17<1,"0",'Entries June''25'!AH18-'Entries June''25'!AH17) -> 0 | Z17: =C17+D17+E17 -> 476 | AA17: 475.992 | AB17: =IF(AA17=0,"0",(Z17*10/AA17)) -> 10.000168
B18: 12 | C18: =IF('Entries June''25'!W19-'Entries June''25'!W18<1,"0",'Entries June''25'!W19-'Entries June''25'!W18) -> 0 | D18: =IF('Entries June''25'!O19-'Entries June''25'!O18<1,"0",'Entries June''25'!O19-'Entries June''25'!O18) -> 24 | E18: =IF('Entries June''25'!P19-'Entries June''25'!P18<1,"0",'Entries June''25'!P19-'Entries June''25'!P18) -> 269 | F18: =IF('Entries June''25'!V19-'Entries June''25'!V18<1,"0",'Entries June''25'!V19-'Entries June''25'!V18) -> 290 | G18: =(D18+E18)-F18 -> 3 | H18: =IF('Entries June''25'!Q19-'Entries June''25'!Q18<1,0,'Entries June''25'!Q19-'Entries June''25'!Q18) -> 259 | I18: =IF('Entries June''25'!AG19-'Entries June''25'!AG18<1,0,'Entries June''25'!AG19-'Entries June''25'!AG18) -> 0 | J18: =IF('Entries June''25'!S19-'Entries June''25'!S18<1,"0",'Entries June''25'!S19-'Entries June''25'!S18) -> 129 | K18: =IF('Entries June''25'!R19-'Entries June''25'!R18<1,"0",'Entries June''25'!R19-'Entries June''25'!R18) -> 0 | L18: =IF('Entries June''25'!T19-'Entries June''25'!T18<1,"0",'Entries June''25'!T19-'Entries June''25'!T18) -> 0 | M18: =IF('Entries June''25'!U19-'Entries June''25'!U18<1,"0",'Entries June''25'!U19-'Entries June''25'!U18) -> 0 | N18: =IF('Entries June''25'!X19-'Entries June''25'!X18<1,"0",'Entries June''25'!X19-'Entries June''25'!X18) -> 64 | O18: =IF('Entries June''25'!Y19-'Entries June''25'!Y18<1,"0",'Entries June''25'!Y19-'Entries June''25'!Y18) -> 110 | P18: =IF('Entries June''25'!AC19-'Entries June''25'!AC18<1,"0",'Entries June''25'!AC19-'Entries June''25'!AC18) -> 65 | Q18: =IF('Entries June''25'!Z19-'Entries June''25'!Z18<1,"0",'Entries June''25'!Z19-'Entries June''25'!Z18) -> 27 | R18: =IF(('Entries June''25'!AA19-'Entries June''25'!AA18)+('Entries June''25'!AB19-'Entries June''25'!AB18)<1,"0",('Entries June''25'!AA19-'Entries June''25'!AA18)+('Entries June''25'!AB19-'Entries June''25'!AB18)) -> 0 | S18: =(R18+G18)*10 -> 30 | T18: =O18+N18+M18+L18 -> 174 | U18: =IF('Entries June''25'!AC19-'Entries June''25'!AC18<1,"0",'Entries June''25'!AC19-'Entries June''25'!AC18) -> 65 | V18: =IF('Entries June''25'!AD19-'Entries June''25'!AD18<1,"0",'Entries June''25'!AD19-'Entries June''25'!AD18) -> 0 | W18: =IF('Entries June''25'!AE19-'Entries June''25'!AE18<1,"0",'Entries June''25'!AE19-'Entries June''25'!AE18) -> 0 | X18: =IF('Entries June''25'!AI19-'Entries June''25'!AI18<1,"0",'Entries June''25'!AI19-'Entries June''25'!AI18) -> 0 | Y18: =IF('Entries June''25'!AH19-'Entries June''25'!AH18<1,"0",'Entries June''25'!AH19-'Entries June''25'!AH18) -> 0 | Z18: =C18+D18+E18 -> 293 | AA18: 339.834 | AB18: =IF(AA18=0,"0",(Z18*10/AA18)) -> 8.6218566
B19: 13 | C19: =IF('Entries June''25'!W20-'Entries June''25'!W19<1,"0",'Entries June''25'!W20-'Entries June''25'!W19) -> 0 | D19: =IF('Entries June''25'!O20-'Entries June''25'!O19<1,"0",'Entries June''25'!O20-'Entries June''25'!O19) -> 69 | E19: =IF('Entries June''25'!P20-'Entries June''25'!P19<1,"0",'Entries June''25'!P20-'Entries June''25'!P19) -> 277 | F19: =IF('Entries June''25'!V20-'Entries June''25'!V19<1,"0",'Entries June''25'!V20-'Entries June''25'!V19) -> 293 | G19: =(D19+E19)-F19 -> 53 | H19: =IF('Entries June''25'!Q20-'Entries June''25'!Q19<1,0,'Entries June''25'!Q20-'Entries June''25'!Q19) -> 248 | I19: =IF('Entries June''25'!AG20-'Entries June''25'!AG19<1,0,'Entries June''25'!AG20-'Entries June''25'!AG19) -> 0 | J19: =IF('Entries June''25'!S20-'Entries June''25'!S19<1,"0",'Entries June''25'!S20-'Entries June''25'!S19) -> 135 | K19: =IF('Entries June''25'!R20-'Entries June''25'!R19<1,"0",'Entries June''25'!R20-'Entries June''25'!R19) -> 0 | L19: =IF('Entries June''25'!T20-'Entries June''25'!T19<1,"0",'Entries June''25'!T20-'Entries June''25'!T19) -> 0 | M19: =IF('Entries June''25'!U20-'Entries June''25'!U19<1,"0",'Entries June''25'!U20-'Entries June''25'!U19) -> 3 | N19: =IF('Entries June''25'!X20-'Entries June''25'!X19<1,"0",'Entries June''25'!X20-'Entries June''25'!X19) -> 31 | O19: =IF('Entries June''25'!Y20-'Entries June''25'!Y19<1,"0",'Entries June''25'!Y20-'Entries June''25'!Y19) -> 126 | P19: =IF('Entries June''25'!AC20-'Entries June''25'!AC19<1,"0",'Entries June''25'!AC20-'Entries June''25'!AC19) -> 20 | Q19: =IF('Entries June''25'!Z20-'Entries June''25'!Z19<1,"0",'Entries June''25'!Z20-'Entries June''25'!Z19) -> 27 | R19: =IF(('Entries June''25'!AA20-'Entries June''25'!AA19)+('Entries June''25'!AB20-'Entries June''25'!AB19)<1,"0",('Entries June''25'!AA20-'Entries June''25'!AA19)+('Entries June''25'!AB20-'Entries June''25'!AB19)) -> 0 | S19: =(R19+G19)*10 -> 530 | T19: =O19+N19+M19+L19 -> 160 | U19: =IF('Entries June''25'!AC20-'Entries June''25'!AC19<1,"0",'Entries June''25'!AC20-'Entries June''25'!AC19) -> 20 | V19: =IF('Entries June''25'!AD20-'Entries June''25'!AD19<1,"0",'Entries June''25'!AD20-'Entries June''25'!AD19) -> 0 | W19: =IF('Entries June''25'!AE20-'Entries June''25'!AE19<1,"0",'Entries June''25'!AE20-'Entries June''25'!AE19) -> 0 | X19: =IF('Entries June''25'!AI20-'Entries June''25'!AI19<1,"0",'Entries June''25'!AI20-'Entries June''25'!AI19) -> 0 | Y19: =IF('Entries June''25'!AH20-'Entries June''25'!AH19<1,"0",'Entries June''25'!AH20-'Entries June''25'!AH19) -> 0 | Z19: =C19+D19+E19 -> 346 | AA19: 411.576 | AB19: =IF(AA19=0,"0",(Z19*10/AA19)) -> 8.4067098
B20: 14 | C20: =IF('Entries June''25'!W21-'Entries June''25'!W20<1,"0",'Entries June''25'!W21-'Entries June''25'!W20) -> 0 | D20: =IF('Entries June''25'!O21-'Entries June''25'!O20<1,"0",'Entries June''25'!O21-'Entries June''25'!O20) -> 0 | E20: =IF('Entries June''25'!P21-'Entries June''25'!P20<1,"0",'Entries June''25'!P21-'Entries June''25'!P20) -> 149 | F20: =IF('Entries June''25'!V21-'Entries June''25'!V20<1,"0",'Entries June''25'!V21-'Entries June''25'!V20) -> 200 | G20: =(D20+E20)-F20 -> -51 | H20: =IF('Entries June''25'!Q21-'Entries June''25'!Q20<1,0,'Entries June''25'!Q21-'Entries June''25'!Q20) -> 152 | I20: =IF('Entries June''25'!AG21-'Entries June''25'!AG20<1,0,'Entries June''25'!AG21-'Entries June''25'!AG20) -> 0 | J20: =IF('Entries June''25'!S21-'Entries June''25'!S20<1,"0",'Entries June''25'!S21-'Entries June''25'!S20) -> 74 | K20: =IF('Entries June''25'!R21-'Entries June''25'!R20<1,"0",'Entries June''25'!R21-'Entries June''25'!R20) -> 0 | L20: =IF('Entries June''25'!T21-'Entries June''25'!T20<1,"0",'Entries June''25'!T21-'Entries June''25'!T20) -> 0 | M20: =IF('Entries June''25'!U21-'Entries June''25'!U20<1,"0",'Entries June''25'!U21-'Entries June''25'!U20) -> 15 | N20: =IF('Entries June''25'!X21-'Entries June''25'!X20<1,"0",'Entries June''25'!X21-'Entries June''25'!X20) -> 18 | O20: =IF('Entries June''25'!Y21-'Entries June''25'!Y20<1,"0",'Entries June''25'!Y21-'Entries June''25'!Y20) -> 27 | P20: =IF('Entries June''25'!AC21-'Entries June''25'!AC20<1,"0",'Entries June''25'!AC21-'Entries June''25'!AC20) -> 1 | Q20: =IF('Entries June''25'!Z21-'Entries June''25'!Z20<1,"0",'Entries June''25'!Z21-'Entries June''25'!Z20) -> 5 | R20: =IF(('Entries June''25'!AA21-'Entries June''25'!AA20)+('Entries June''25'!AB21-'Entries June''25'!AB20)<1,"0",('Entries June''25'!AA21-'Entries June''25'!AA20)+('Entries June''25'!AB21-'Entries June''25'!AB20)) -> 0 | S20: =(R20+G20)*10 -> -510 | T20: =O20+N20+M20+L20 -> 60 | U20: =IF('Entries June''25'!AC21-'Entries June''25'!AC20<1,"0",'Entries June''25'!AC21-'Entries June''25'!AC20) -> 1 | V20: =IF('Entries June''25'!AD21-'Entries June''25'!AD20<1,"0",'Entries June''25'!AD21-'Entries June''25'!AD20) -> 0 | W20: =IF('Entries June''25'!AE21-'Entries June''25'!AE20<1,"0",'Entries June''25'!AE21-'Entries June''25'!AE20) -> 0 | X20: =IF('Entries June''25'!AI21-'Entries June''25'!AI20<1,"0",'Entries June''25'!AI21-'Entries June''25'!AI20) -> 0 | Y20: =IF('Entries June''25'!AH21-'Entries June''25'!AH20<1,"0",'Entries June''25'!AH21-'Entries June''25'!AH20) -> 0 | Z20: =C20+D20+E20 -> 149 | AA20: 0 | AB20: =IF(AA20=0,"0",(Z20*10/AA20)) -> 0
B21: 15 | C21: =IF('Entries June''25'!W22-'Entries June''25'!W21<1,"0",'Entries June''25'!W22-'Entries June''25'!W21) -> 0 | D21: =IF('Entries June''25'!O22-'Entries June''25'!O21<1,"0",'Entries June''25'!O22-'Entries June''25'!O21) -> 0 | E21: =IF('Entries June''25'!P22-'Entries June''25'!P21<1,"0",'Entries June''25'!P22-'Entries June''25'!P21) -> 88 | F21: =IF('Entries June''25'!V22-'Entries June''25'!V21<1,"0",'Entries June''25'!V22-'Entries June''25'!V21) -> 46 | G21: =(D21+E21)-F21 -> 42 | H21: =IF('Entries June''25'!Q22-'Entries June''25'!Q21<1,0,'Entries June''25'!Q22-'Entries June''25'!Q21) -> 9 | I21: =IF('Entries June''25'!AG22-'Entries June''25'!AG21<1,0,'Entries June''25'!AG22-'Entries June''25'!AG21) -> 0 | J21: =IF('Entries June''25'!S22-'Entries June''25'!S21<1,"0",'Entries June''25'!S22-'Entries June''25'!S21) -> 0 | K21: =IF('Entries June''25'!R22-'Entries June''25'!R21<1,"0",'Entries June''25'!R22-'Entries June''25'!R21) -> 0 | L21: =IF('Entries June''25'!T22-'Entries June''25'!T21<1,"0",'Entries June''25'!T22-'Entries June''25'!T21) -> 0 | M21: =IF('Entries June''25'!U22-'Entries June''25'!U21<1,"0",'Entries June''25'!U22-'Entries June''25'!U21) -> 0 | N21: =IF('Entries June''25'!X22-'Entries June''25'!X21<1,"0",'Entries June''25'!X22-'Entries June''25'!X21) -> 0 | O21: =IF('Entries June''25'!Y22-'Entries June''25'!Y21<1,"0",'Entries June''25'!Y22-'Entries June''25'!Y21) -> 0 | P21: =IF('Entries June''25'!AC22-'Entries June''25'!AC21<1,"0",'Entries June''25'!AC22-'Entries June''25'!AC21) -> 0 | Q21: =IF('Entries June''25'!Z22-'Entries June''25'!Z21<1,"0",'Entries June''25'!Z22-'Entries June''25'!Z21) -> 7 | R21: =IF(('Entries June''25'!AA22-'Entries June''25'!AA21)+('Entries June''25'!AB22-'Entries June''25'!AB21)<1,"0",('Entries June''25'!AA22-'Entries June''25'!AA21)+('Entries June''25'!AB22-'Entries June''25'!AB21)) -> 0 | S21: =(R21+G21)*10 -> 420 | T21: =O21+N21+M21+L21 -> 0 | U21: =IF('Entries June''25'!AC22-'Entries June''25'!AC21<1,"0",'Entries June''25'!AC22-'Entries June''25'!AC21) -> 0 | V21: =IF('Entries June''25'!AD22-'Entries June''25'!AD21<1,"0",'Entries June''25'!AD22-'Entries June''25'!AD21) -> 0 | W21: =IF('Entries June''25'!AE22-'Entries June''25'!AE21<1,"0",'Entries June''25'!AE22-'Entries June''25'!AE21) -> 0 | X21: =IF('Entries June''25'!AI22-'Entries June''25'!AI21<1,"0",'Entries June''25'!AI22-'Entries June''25'!AI21) -> 0 | Y21: =IF('Entries June''25'!AH22-'Entries June''25'!AH21<1,"0",'Entries June''25'!AH22-'Entries June''25'!AH21) -> 0 | Z21: =C21+D21+E21 -> 88 | AA21: 0 | AB21: =IF(AA21=0,"0",(Z21*10/AA21)) -> 0
B22: 16 | C22: =IF('Entries June''25'!W23-'Entries June''25'!W22<1,"0",'Entries June''25'!W23-'Entries June''25'!W22) -> 0 | D22: =IF('Entries June''25'!O23-'Entries June''25'!O22<1,"0",'Entries June''25'!O23-'Entries June''25'!O22) -> 160 | E22: =IF('Entries June''25'!P23-'Entries June''25'!P22<1,"0",'Entries June''25'!P23-'Entries June''25'!P22) -> 200 | F22: =IF('Entries June''25'!V23-'Entries June''25'!V22<1,"0",'Entries June''25'!V23-'Entries June''25'!V22) -> 213 | G22: =(D22+E22)-F22 -> 147 | H22: =IF('Entries June''25'!Q23-'Entries June''25'!Q22<1,0,'Entries June''25'!Q23-'Entries June''25'!Q22) -> 258 | I22: =IF('Entries June''25'!AG23-'Entries June''25'!AG22<1,0,'Entries June''25'!AG23-'Entries June''25'!AG22) -> 0 | J22: =IF('Entries June''25'!S23-'Entries June''25'!S22<1,"0",'Entries June''25'!S23-'Entries June''25'!S22) -> 107 | K22: =IF('Entries June''25'!R23-'Entries June''25'!R22<1,"0",'Entries June''25'!R23-'Entries June''25'!R22) -> 0 | L22: =IF('Entries June''25'!T23-'Entries June''25'!T22<1,"0",'Entries June''25'!T23-'Entries June''25'!T22) -> 0 | M22: =IF('Entries June''25'!U23-'Entries June''25'!U22<1,"0",'Entries June''25'!U23-'Entries June''25'!U22) -> 38 | N22: =IF('Entries June''25'!X23-'Entries June''25'!X22<1,"0",'Entries June''25'!X23-'Entries June''25'!X22) -> 47 | O22: =IF('Entries June''25'!Y23-'Entries June''25'!Y22<1,"0",'Entries June''25'!Y23-'Entries June''25'!Y22) -> 132 | P22: =IF('Entries June''25'!AC23-'Entries June''25'!AC22<1,"0",'Entries June''25'!AC23-'Entries June''25'!AC22) -> 20 | Q22: =IF('Entries June''25'!Z23-'Entries June''25'!Z22<1,"0",'Entries June''25'!Z23-'Entries June''25'!Z22) -> 33 | R22: =IF(('Entries June''25'!AA23-'Entries June''25'!AA22)+('Entries June''25'!AB23-'Entries June''25'!AB22)<1,"0",('Entries June''25'!AA23-'Entries June''25'!AA22)+('Entries June''25'!AB23-'Entries June''25'!AB22)) -> 0 | S22: =(R22+G22)*10 -> 1470 | T22: =O22+N22+M22+L22 -> 217 | U22: =IF('Entries June''25'!AC23-'Entries June''25'!AC22<1,"0",'Entries June''25'!AC23-'Entries June''25'!AC22) -> 20 | V22: =IF('Entries June''25'!AD23-'Entries June''25'!AD22<1,"0",'Entries June''25'!AD23-'Entries June''25'!AD22) -> 54 | W22: =IF('Entries June''25'!AE23-'Entries June''25'!AE22<1,"0",'Entries June''25'!AE23-'Entries June''25'!AE22) -> 0 | X22: =IF('Entries June''25'!AI23-'Entries June''25'!AI22<1,"0",'Entries June''25'!AI23-'Entries June''25'!AI22) -> 0 | Y22: =IF('Entries June''25'!AH23-'Entries June''25'!AH22<1,"0",'Entries June''25'!AH23-'Entries June''25'!AH22) -> 0 | Z22: =C22+D22+E22 -> 360 | AA22: 400.62 | AB22: =IF(AA22=0,"0",(Z22*10/AA22)) -> 8.9860716
B23: 17 | C23: =IF('Entries June''25'!W24-'Entries June''25'!W23<1,"0",'Entries June''25'!W24-'Entries June''25'!W23) -> 0 | D23: =IF('Entries June''25'!O24-'Entries June''25'!O23<1,"0",'Entries June''25'!O24-'Entries June''25'!O23) -> 358 | E23: =IF('Entries June''25'!P24-'Entries June''25'!P23<1,"0",'Entries June''25'!P24-'Entries June''25'!P23) -> 146 | F23: =IF('Entries June''25'!V24-'Entries June''25'!V23<1,"0",'Entries June''25'!V24-'Entries June''25'!V23) -> 155 | G23: =(D23+E23)-F23 -> 349 | H23: =IF('Entries June''25'!Q24-'Entries June''25'!Q23<1,0,'Entries June''25'!Q24-'Entries June''25'!Q23) -> 288 | I23: =IF('Entries June''25'!AG24-'Entries June''25'!AG23<1,0,'Entries June''25'!AG24-'Entries June''25'!AG23) -> 0 | J23: =IF('Entries June''25'!S24-'Entries June''25'!S23<1,"0",'Entries June''25'!S24-'Entries June''25'!S23) -> 177 | K23: =IF('Entries June''25'!R24-'Entries June''25'!R23<1,"0",'Entries June''25'!R24-'Entries June''25'!R23) -> 0 | L23: =IF('Entries June''25'!T24-'Entries June''25'!T23<1,"0",'Entries June''25'!T24-'Entries June''25'!T23) -> 0 | M23: =IF('Entries June''25'!U24-'Entries June''25'!U23<1,"0",'Entries June''25'!U24-'Entries June''25'!U23) -> 8 | N23: =IF('Entries June''25'!X24-'Entries June''25'!X23<1,"0",'Entries June''25'!X24-'Entries June''25'!X23) -> 47 | O23: =IF('Entries June''25'!Y24-'Entries June''25'!Y23<1,"0",'Entries June''25'!Y24-'Entries June''25'!Y23) -> 150 | P23: =IF('Entries June''25'!AC24-'Entries June''25'!AC23<1,"0",'Entries June''25'!AC24-'Entries June''25'!AC23) -> 24 | Q23: =IF('Entries June''25'!Z24-'Entries June''25'!Z23<1,"0",'Entries June''25'!Z24-'Entries June''25'!Z23) -> 32 | R23: =IF(('Entries June''25'!AA24-'Entries June''25'!AA23)+('Entries June''25'!AB24-'Entries June''25'!AB23)<1,"0",('Entries June''25'!AA24-'Entries June''25'!AA23)+('Entries June''25'!AB24-'Entries June''25'!AB23)) -> 0 | S23: =(R23+G23)*10 -> 3490 | T23: =O23+N23+M23+L23 -> 205 | U23: =IF('Entries June''25'!AC24-'Entries June''25'!AC23<1,"0",'Entries June''25'!AC24-'Entries June''25'!AC23) -> 24 | V23: =IF('Entries June''25'!AD24-'Entries June''25'!AD23<1,"0",'Entries June''25'!AD24-'Entries June''25'!AD23) -> 0 | W23: =IF('Entries June''25'!AE24-'Entries June''25'!AE23<1,"0",'Entries June''25'!AE24-'Entries June''25'!AE23) -> 0 | X23: =IF('Entries June''25'!AI24-'Entries June''25'!AI23<1,"0",'Entries June''25'!AI24-'Entries June''25'!AI23) -> 0 | Y23: =IF('Entries June''25'!AH24-'Entries June''25'!AH23<1,"0",'Entries June''25'!AH24-'Entries June''25'!AH23) -> 0 | Z23: =C23+D23+E23 -> 504 | AA23: 550.242 | AB23: =IF(AA23=0,"0",(Z23*10/AA23)) -> 9.1596061
B24: 18 | C24: =IF('Entries June''25'!W25-'Entries June''25'!W24<1,"0",'Entries June''25'!W25-'Entries June''25'!W24) -> 0 | D24: =IF('Entries June''25'!O25-'Entries June''25'!O24<1,"0",'Entries June''25'!O25-'Entries June''25'!O24) -> 223 | E24: =IF('Entries June''25'!P25-'Entries June''25'!P24<1,"0",'Entries June''25'!P25-'Entries June''25'!P24) -> 143 | F24: =IF('Entries June''25'!V25-'Entries June''25'!V24<1,"0",'Entries June''25'!V25-'Entries June''25'!V24) -> 150 | G24: =(D24+E24)-F24 -> 216 | H24: =IF('Entries June''25'!Q25-'Entries June''25'!Q24<1,0,'Entries June''25'!Q25-'Entries June''25'!Q24) -> 267 | I24: =IF('Entries June''25'!AG25-'Entries June''25'!AG24<1,0,'Entries June''25'!AG25-'Entries June''25'!AG24) -> 0 | J24: =IF('Entries June''25'!S25-'Entries June''25'!S24<1,"0",'Entries June''25'!S25-'Entries June''25'!S24) -> 105 | K24: =IF('Entries June''25'!R25-'Entries June''25'!R24<1,"0",'Entries June''25'!R25-'Entries June''25'!R24) -> 0 | L24: =IF('Entries June''25'!T25-'Entries June''25'!T24<1,"0",'Entries June''25'!T25-'Entries June''25'!T24) -> 0 | M24: =IF('Entries June''25'!U25-'Entries June''25'!U24<1,"0",'Entries June''25'!U25-'Entries June''25'!U24) -> 10 | N24: =IF('Entries June''25'!X25-'Entries June''25'!X24<1,"0",'Entries June''25'!X25-'Entries June''25'!X24) -> 38 | O24: =IF('Entries June''25'!Y25-'Entries June''25'!Y24<1,"0",'Entries June''25'!Y25-'Entries June''25'!Y24) -> 128 | P24: =IF('Entries June''25'!AC25-'Entries June''25'!AC24<1,"0",'Entries June''25'!AC25-'Entries June''25'!AC24) -> 19 | Q24: =IF('Entries June''25'!Z25-'Entries June''25'!Z24<1,"0",'Entries June''25'!Z25-'Entries June''25'!Z24) -> 21 | R24: =IF(('Entries June''25'!AA25-'Entries June''25'!AA24)+('Entries June''25'!AB25-'Entries June''25'!AB24)<1,"0",('Entries June''25'!AA25-'Entries June''25'!AA24)+('Entries June''25'!AB25-'Entries June''25'!AB24)) -> 0 | S24: =(R24+G24)*10 -> 2160 | T24: =O24+N24+M24+L24 -> 176 | U24: =IF('Entries June''25'!AC25-'Entries June''25'!AC24<1,"0",'Entries June''25'!AC25-'Entries June''25'!AC24) -> 19 | V24: =IF('Entries June''25'!AD25-'Entries June''25'!AD24<1,"0",'Entries June''25'!AD25-'Entries June''25'!AD24) -> 0 | W24: =IF('Entries June''25'!AE25-'Entries June''25'!AE24<1,"0",'Entries June''25'!AE25-'Entries June''25'!AE24) -> 0 | X24: =IF('Entries June''25'!AI25-'Entries June''25'!AI24<1,"0",'Entries June''25'!AI25-'Entries June''25'!AI24) -> 0 | Y24: =IF('Entries June''25'!AH25-'Entries June''25'!AH24<1,"0",'Entries June''25'!AH25-'Entries June''25'!AH24) -> 0 | Z24: =C24+D24+E24 -> 366 | AA24: 446.5428 | AB24: =IF(AA24=0,"0",(Z24*10/AA24)) -> 8.1963028
B25: 19 | C25: =IF('Entries June''25'!W26-'Entries June''25'!W25<1,"0",'Entries June''25'!W26-'Entries June''25'!W25) -> 0 | D25: =IF('Entries June''25'!O26-'Entries June''25'!O25<1,"0",'Entries June''25'!O26-'Entries June''25'!O25) -> 0 | E25: =IF('Entries June''25'!P26-'Entries June''25'!P25<1,"0",'Entries June''25'!P26-'Entries June''25'!P25) -> 0 | F25: =IF('Entries June''25'!V26-'Entries June''25'!V25<1,"0",'Entries June''25'!V26-'Entries June''25'!V25) -> 0 | G25: =(D25+E25)-F25 -> 0 | H25: =IF('Entries June''25'!Q26-'Entries June''25'!Q25<1,0,'Entries June''25'!Q26-'Entries June''25'!Q25) -> 11 | I25: =IF('Entries June''25'!AG26-'Entries June''25'!AG25<1,0,'Entries June''25'!AG26-'Entries June''25'!AG25) -> 0 | J25: =IF('Entries June''25'!S26-'Entries June''25'!S25<1,"0",'Entries June''25'!S26-'Entries June''25'!S25) -> 0 | K25: =IF('Entries June''25'!R26-'Entries June''25'!R25<1,"0",'Entries June''25'!R26-'Entries June''25'!R25) -> 0 | L25: =IF('Entries June''25'!T26-'Entries June''25'!T25<1,"0",'Entries June''25'!T26-'Entries June''25'!T25) -> 0 | M25: =IF('Entries June''25'!U26-'Entries June''25'!U25<1,"0",'Entries June''25'!U26-'Entries June''25'!U25) -> 0 | N25: =IF('Entries June''25'!X26-'Entries June''25'!X25<1,"0",'Entries June''25'!X26-'Entries June''25'!X25) -> 0 | O25: =IF('Entries June''25'!Y26-'Entries June''25'!Y25<1,"0",'Entries June''25'!Y26-'Entries June''25'!Y25) -> 0 | P25: =IF('Entries June''25'!AC26-'Entries June''25'!AC25<1,"0",'Entries June''25'!AC26-'Entries June''25'!AC25) -> 0 | Q25: =IF('Entries June''25'!Z26-'Entries June''25'!Z25<1,"0",'Entries June''25'!Z26-'Entries June''25'!Z25) -> 18 | R25: =IF(('Entries June''25'!AA26-'Entries June''25'!AA25)+('Entries June''25'!AB26-'Entries June''25'!AB25)<1,"0",('Entries June''25'!AA26-'Entries June''25'!AA25)+('Entries June''25'!AB26-'Entries June''25'!AB25)) -> 0 | S25: =(R25+G25)*10 -> 0 | T25: =O25+N25+M25+L25 -> 0 | U25: =IF('Entries June''25'!AC26-'Entries June''25'!AC25<1,"0",'Entries June''25'!AC26-'Entries June''25'!AC25) -> 0 | V25: =IF('Entries June''25'!AD26-'Entries June''25'!AD25<1,"0",'Entries June''25'!AD26-'Entries June''25'!AD25) -> 0 | W25: =IF('Entries June''25'!AE26-'Entries June''25'!AE25<1,"0",'Entries June''25'!AE26-'Entries June''25'!AE25) -> 0 | X25: =IF('Entries June''25'!AI26-'Entries June''25'!AI25<1,"0",'Entries June''25'!AI26-'Entries June''25'!AI25) -> 0 | Y25: =IF('Entries June''25'!AH26-'Entries June''25'!AH25<1,"0",'Entries June''25'!AH26-'Entries June''25'!AH25) -> 0 | Z25: =C25+D25+E25 -> 0 | AA25: 0 | AB25: =IF(AA25=0,"0",(Z25*10/AA25)) -> 0
B26: 20 | C26: =IF('Entries June''25'!W27-'Entries June''25'!W26<1,"0",'Entries June''25'!W27-'Entries June''25'!W26) -> 0 | D26: =IF('Entries June''25'!O27-'Entries June''25'!O26<1,"0",'Entries June''25'!O27-'Entries June''25'!O26) -> 266 | E26: =IF('Entries June''25'!P27-'Entries June''25'!P26<1,"0",'Entries June''25'!P27-'Entries June''25'!P26) -> 208 | F26: =IF('Entries June''25'!V27-'Entries June''25'!V26<1,"0",'Entries June''25'!V27-'Entries June''25'!V26) -> 216 | G26: =(D26+E26)-F26 -> 258 | H26: =IF('Entries June''25'!Q27-'Entries June''25'!Q26<1,0,'Entries June''25'!Q27-'Entries June''25'!Q26) -> 0 | I26: =IF('Entries June''25'!AG27-'Entries June''25'!AG26<1,0,'Entries June''25'!AG27-'Entries June''25'!AG26) -> 0 | J26: =IF('Entries June''25'!S27-'Entries June''25'!S26<1,"0",'Entries June''25'!S27-'Entries June''25'!S26) -> 12 | K26: =IF('Entries June''25'!R27-'Entries June''25'!R26<1,"0",'Entries June''25'!R27-'Entries June''25'!R26) -> 0 | L26: =IF('Entries June''25'!T27-'Entries June''25'!T26<1,"0",'Entries June''25'!T27-'Entries June''25'!T26) -> 0 | M26: =IF('Entries June''25'!U27-'Entries June''25'!U26<1,"0",'Entries June''25'!U27-'Entries June''25'!U26) -> 16 | N26: =IF('Entries June''25'!X27-'Entries June''25'!X26<1,"0",'Entries June''25'!X27-'Entries June''25'!X26) -> 21 | O26: =IF('Entries June''25'!Y27-'Entries June''25'!Y26<1,"0",'Entries June''25'!Y27-'Entries June''25'!Y26) -> 115 | P26: =IF('Entries June''25'!AC27-'Entries June''25'!AC26<1,"0",'Entries June''25'!AC27-'Entries June''25'!AC26) -> 16 | Q26: =IF('Entries June''25'!Z27-'Entries June''25'!Z26<1,"0",'Entries June''25'!Z27-'Entries June''25'!Z26) -> 77 | R26: =IF(('Entries June''25'!AA27-'Entries June''25'!AA26)+('Entries June''25'!AB27-'Entries June''25'!AB26)<1,"0",('Entries June''25'!AA27-'Entries June''25'!AA26)+('Entries June''25'!AB27-'Entries June''25'!AB26)) -> 0 | S26: =(R26+G26)*10 -> 2580 | T26: =O26+N26+M26+L26 -> 152 | U26: =IF('Entries June''25'!AC27-'Entries June''25'!AC26<1,"0",'Entries June''25'!AC27-'Entries June''25'!AC26) -> 16 | V26: =IF('Entries June''25'!AD27-'Entries June''25'!AD26<1,"0",'Entries June''25'!AD27-'Entries June''25'!AD26) -> 0 | W26: =IF('Entries June''25'!AE27-'Entries June''25'!AE26<1,"0",'Entries June''25'!AE27-'Entries June''25'!AE26) -> 0 | X26: =IF('Entries June''25'!AI27-'Entries June''25'!AI26<1,"0",'Entries June''25'!AI27-'Entries June''25'!AI26) -> 0 | Y26: =IF('Entries June''25'!AH27-'Entries June''25'!AH26<1,"0",'Entries June''25'!AH27-'Entries June''25'!AH26) -> 0 | Z26: =C26+D26+E26 -> 474 | AA26: 365.0208 | AB26: =IF(AA26=0,"0",(Z26*10/AA26)) -> 12.985561
B27: 21 | C27: =IF('Entries June''25'!W28-'Entries June''25'!W27<1,"0",'Entries June''25'!W28-'Entries June''25'!W27) -> 0 | D27: =IF('Entries June''25'!O28-'Entries June''25'!O27<1,"0",'Entries June''25'!O28-'Entries June''25'!O27) -> 0 | E27: =IF('Entries June''25'!P28-'Entries June''25'!P27<1,"0",'Entries June''25'!P28-'Entries June''25'!P27) -> 18 | F27: =IF('Entries June''25'!V28-'Entries June''25'!V27<1,"0",'Entries June''25'!V28-'Entries June''25'!V27) -> 17 | G27: =(D27+E27)-F27 -> 1 | H27: =IF('Entries June''25'!Q28-'Entries June''25'!Q27<1,0,'Entries June''25'!Q28-'Entries June''25'!Q27) -> 1057 | I27: =IF('Entries June''25'!AG28-'Entries June''25'!AG27<1,0,'Entries June''25'!AG28-'Entries June''25'!AG27) -> 0 | J27: =IF('Entries June''25'!S28-'Entries June''25'!S27<1,"0",'Entries June''25'!S28-'Entries June''25'!S27) -> 0 | K27: =IF('Entries June''25'!R28-'Entries June''25'!R27<1,"0",'Entries June''25'!R28-'Entries June''25'!R27) -> 0 | L27: =IF('Entries June''25'!T28-'Entries June''25'!T27<1,"0",'Entries June''25'!T28-'Entries June''25'!T27) -> 0 | M27: =IF('Entries June''25'!U28-'Entries June''25'!U27<1,"0",'Entries June''25'!U28-'Entries June''25'!U27) -> 0 | N27: =IF('Entries June''25'!X28-'Entries June''25'!X27<1,"0",'Entries June''25'!X28-'Entries June''25'!X27) -> 0 | O27: =IF('Entries June''25'!Y28-'Entries June''25'!Y27<1,"0",'Entries June''25'!Y28-'Entries June''25'!Y27) -> 31 | P27: =IF('Entries June''25'!AC28-'Entries June''25'!AC27<1,"0",'Entries June''25'!AC28-'Entries June''25'!AC27) -> 0 | Q27: =IF('Entries June''25'!Z28-'Entries June''25'!Z27<1,"0",'Entries June''25'!Z28-'Entries June''25'!Z27) -> 24 | R27: =IF(('Entries June''25'!AA28-'Entries June''25'!AA27)+('Entries June''25'!AB28-'Entries June''25'!AB27)<1,"0",('Entries June''25'!AA28-'Entries June''25'!AA27)+('Entries June''25'!AB28-'Entries June''25'!AB27)) -> 0 | S27: =(R27+G27)*10 -> 10 | T27: =O27+N27+M27+L27 -> 31 | U27: =IF('Entries June''25'!AC28-'Entries June''25'!AC27<1,"0",'Entries June''25'!AC28-'Entries June''25'!AC27) -> 0 | V27: =IF('Entries June''25'!AD28-'Entries June''25'!AD27<1,"0",'Entries June''25'!AD28-'Entries June''25'!AD27) -> 0 | W27: =IF('Entries June''25'!AE28-'Entries June''25'!AE27<1,"0",'Entries June''25'!AE28-'Entries June''25'!AE27) -> 0 | X27: =IF('Entries June''25'!AI28-'Entries June''25'!AI27<1,"0",'Entries June''25'!AI28-'Entries June''25'!AI27) -> 0 | Y27: =IF('Entries June''25'!AH28-'Entries June''25'!AH27<1,"0",'Entries June''25'!AH28-'Entries June''25'!AH27) -> 0 | Z27: =C27+D27+E27 -> 18 | AA27: 0 | AB27: =IF(AA27=0,"0",(Z27*10/AA27)) -> 0
B28: 22 | C28: =IF('Entries June''25'!W29-'Entries June''25'!W28<1,"0",'Entries June''25'!W29-'Entries June''25'!W28) -> 0 | D28: =IF('Entries June''25'!O29-'Entries June''25'!O28<1,"0",'Entries June''25'!O29-'Entries June''25'!O28) -> 0 | E28: =IF('Entries June''25'!P29-'Entries June''25'!P28<1,"0",'Entries June''25'!P29-'Entries June''25'!P28) -> 78 | F28: =IF('Entries June''25'!V29-'Entries June''25'!V28<1,"0",'Entries June''25'!V29-'Entries June''25'!V28) -> 81 | G28: =(D28+E28)-F28 -> -3 | H28: =IF('Entries June''25'!Q29-'Entries June''25'!Q28<1,0,'Entries June''25'!Q29-'Entries June''25'!Q28) -> 4 | I28: =IF('Entries June''25'!AG29-'Entries June''25'!AG28<1,0,'Entries June''25'!AG29-'Entries June''25'!AG28) -> 0 | J28: =IF('Entries June''25'!S29-'Entries June''25'!S28<1,"0",'Entries June''25'!S29-'Entries June''25'!S28) -> 0 | K28: =IF('Entries June''25'!R29-'Entries June''25'!R28<1,"0",'Entries June''25'!R29-'Entries June''25'!R28) -> 0 | L28: =IF('Entries June''25'!T29-'Entries June''25'!T28<1,"0",'Entries June''25'!T29-'Entries June''25'!T28) -> 0 | M28: =IF('Entries June''25'!U29-'Entries June''25'!U28<1,"0",'Entries June''25'!U29-'Entries June''25'!U28) -> 0 | N28: =IF('Entries June''25'!X29-'Entries June''25'!X28<1,"0",'Entries June''25'!X29-'Entries June''25'!X28) -> 0 | O28: =IF('Entries June''25'!Y29-'Entries June''25'!Y28<1,"0",'Entries June''25'!Y29-'Entries June''25'!Y28) -> 0 | P28: =IF('Entries June''25'!AC29-'Entries June''25'!AC28<1,"0",'Entries June''25'!AC29-'Entries June''25'!AC28) -> 0 | Q28: =IF('Entries June''25'!Z29-'Entries June''25'!Z28<1,"0",'Entries June''25'!Z29-'Entries June''25'!Z28) -> 0 | R28: =IF(('Entries June''25'!AA29-'Entries June''25'!AA28)+('Entries June''25'!AB29-'Entries June''25'!AB28)<1,"0",('Entries June''25'!AA29-'Entries June''25'!AA28)+('Entries June''25'!AB29-'Entries June''25'!AB28)) -> 0 | S28: =(R28+G28)*10 -> -30 | T28: =O28+N28+M28+L28 -> 0 | U28: =IF('Entries June''25'!AC29-'Entries June''25'!AC28<1,"0",'Entries June''25'!AC29-'Entries June''25'!AC28) -> 0 | V28: =IF('Entries June''25'!AD29-'Entries June''25'!AD28<1,"0",'Entries June''25'!AD29-'Entries June''25'!AD28) -> 0 | W28: =IF('Entries June''25'!AE29-'Entries June''25'!AE28<1,"0",'Entries June''25'!AE29-'Entries June''25'!AE28) -> 0 | X28: =IF('Entries June''25'!AI29-'Entries June''25'!AI28<1,"0",'Entries June''25'!AI29-'Entries June''25'!AI28) -> 0 | Y28: =IF('Entries June''25'!AH29-'Entries June''25'!AH28<1,"0",'Entries June''25'!AH29-'Entries June''25'!AH28) -> 0 | Z28: =C28+D28+E28 -> 78 | AA28: 0 | AB28: =IF(AA28=0,"0",(Z28*10/AA28)) -> 0
B29: 23 | C29: =IF('Entries June''25'!W30-'Entries June''25'!W29<1,"0",'Entries June''25'!W30-'Entries June''25'!W29) -> 0 | D29: =IF('Entries June''25'!O30-'Entries June''25'!O29<1,"0",'Entries June''25'!O30-'Entries June''25'!O29) -> 126 | E29: =IF('Entries June''25'!P30-'Entries June''25'!P29<1,"0",'Entries June''25'!P30-'Entries June''25'!P29) -> 189 | F29: =IF('Entries June''25'!V30-'Entries June''25'!V29<1,"0",'Entries June''25'!V30-'Entries June''25'!V29) -> 198 | G29: =(D29+E29)-F29 -> 117 | H29: =IF('Entries June''25'!Q30-'Entries June''25'!Q29<1,0,'Entries June''25'!Q30-'Entries June''25'!Q29) -> 295 | I29: =IF('Entries June''25'!AG30-'Entries June''25'!AG29<1,0,'Entries June''25'!AG30-'Entries June''25'!AG29) -> 0 | J29: =IF('Entries June''25'!S30-'Entries June''25'!S29<1,"0",'Entries June''25'!S30-'Entries June''25'!S29) -> 67 | K29: =IF('Entries June''25'!R30-'Entries June''25'!R29<1,"0",'Entries June''25'!R30-'Entries June''25'!R29) -> 0 | L29: =IF('Entries June''25'!T30-'Entries June''25'!T29<1,"0",'Entries June''25'!T30-'Entries June''25'!T29) -> 0 | M29: =IF('Entries June''25'!U30-'Entries June''25'!U29<1,"0",'Entries June''25'!U30-'Entries June''25'!U29) -> 10 | N29: =IF('Entries June''25'!X30-'Entries June''25'!X29<1,"0",'Entries June''25'!X30-'Entries June''25'!X29) -> 64 | O29: =IF('Entries June''25'!Y30-'Entries June''25'!Y29<1,"0",'Entries June''25'!Y30-'Entries June''25'!Y29) -> 145 | P29: =IF('Entries June''25'!AC30-'Entries June''25'!AC29<1,"0",'Entries June''25'!AC30-'Entries June''25'!AC29) -> 12 | Q29: =IF('Entries June''25'!Z30-'Entries June''25'!Z29<1,"0",'Entries June''25'!Z30-'Entries June''25'!Z29) -> 34 | R29: =IF(('Entries June''25'!AA30-'Entries June''25'!AA29)+('Entries June''25'!AB30-'Entries June''25'!AB29)<1,"0",('Entries June''25'!AA30-'Entries June''25'!AA29)+('Entries June''25'!AB30-'Entries June''25'!AB29)) -> 0 | S29: =(R29+G29)*10 -> 1170 | T29: =O29+N29+M29+L29 -> 219 | U29: =IF('Entries June''25'!AC30-'Entries June''25'!AC29<1,"0",'Entries June''25'!AC30-'Entries June''25'!AC29) -> 12 | V29: =IF('Entries June''25'!AD30-'Entries June''25'!AD29<1,"0",'Entries June''25'!AD30-'Entries June''25'!AD29) -> 0 | W29: =IF('Entries June''25'!AE30-'Entries June''25'!AE29<1,"0",'Entries June''25'!AE30-'Entries June''25'!AE29) -> 0 | X29: =IF('Entries June''25'!AI30-'Entries June''25'!AI29<1,"0",'Entries June''25'!AI30-'Entries June''25'!AI29) -> 0 | Y29: =IF('Entries June''25'!AH30-'Entries June''25'!AH29<1,"0",'Entries June''25'!AH30-'Entries June''25'!AH29) -> 0 | Z29: =C29+D29+E29 -> 315 | AA29: 475.86 | AB29: =IF(AA29=0,"0",(Z29*10/AA29)) -> 6.619594
B30: 24 | C30: =IF('Entries June''25'!W31-'Entries June''25'!W30<1,"0",'Entries June''25'!W31-'Entries June''25'!W30) -> 0 | D30: =IF('Entries June''25'!O31-'Entries June''25'!O30<1,"0",'Entries June''25'!O31-'Entries June''25'!O30) -> 263 | E30: =IF('Entries June''25'!P31-'Entries June''25'!P30<1,"0",'Entries June''25'!P31-'Entries June''25'!P30) -> 91 | F30: =IF('Entries June''25'!V31-'Entries June''25'!V30<1,"0",'Entries June''25'!V31-'Entries June''25'!V30) -> 96 | G30: =(D30+E30)-F30 -> 258 | H30: =IF('Entries June''25'!Q31-'Entries June''25'!Q30<1,0,'Entries June''25'!Q31-'Entries June''25'!Q30) -> 233 | I30: =IF('Entries June''25'!AG31-'Entries June''25'!AG30<1,0,'Entries June''25'!AG31-'Entries June''25'!AG30) -> 0 | J30: =IF('Entries June''25'!S31-'Entries June''25'!S30<1,"0",'Entries June''25'!S31-'Entries June''25'!S30) -> 214 | K30: =IF('Entries June''25'!R31-'Entries June''25'!R30<1,"0",'Entries June''25'!R31-'Entries June''25'!R30) -> 0 | L30: =IF('Entries June''25'!T31-'Entries June''25'!T30<1,"0",'Entries June''25'!T31-'Entries June''25'!T30) -> 0 | M30: =IF('Entries June''25'!U31-'Entries June''25'!U30<1,"0",'Entries June''25'!U31-'Entries June''25'!U30) -> 0 | N30: =IF('Entries June''25'!X31-'Entries June''25'!X30<1,"0",'Entries June''25'!X31-'Entries June''25'!X30) -> 39 | O30: =IF('Entries June''25'!Y31-'Entries June''25'!Y30<1,"0",'Entries June''25'!Y31-'Entries June''25'!Y30) -> 103 | P30: =IF('Entries June''25'!AC31-'Entries June''25'!AC30<1,"0",'Entries June''25'!AC31-'Entries June''25'!AC30) -> 22 | Q30: =IF('Entries June''25'!Z31-'Entries June''25'!Z30<1,"0",'Entries June''25'!Z31-'Entries June''25'!Z30) -> 23 | R30: =IF(('Entries June''25'!AA31-'Entries June''25'!AA30)+('Entries June''25'!AB31-'Entries June''25'!AB30)<1,"0",('Entries June''25'!AA31-'Entries June''25'!AA30)+('Entries June''25'!AB31-'Entries June''25'!AB30)) -> 0 | S30: =(R30+G30)*10 -> 2580 | T30: =O30+N30+M30+L30 -> 142 | U30: =IF('Entries June''25'!AC31-'Entries June''25'!AC30<1,"0",'Entries June''25'!AC31-'Entries June''25'!AC30) -> 22 | V30: =IF('Entries June''25'!AD31-'Entries June''25'!AD30<1,"0",'Entries June''25'!AD31-'Entries June''25'!AD30) -> 0 | W30: =IF('Entries June''25'!AE31-'Entries June''25'!AE30<1,"0",'Entries June''25'!AE31-'Entries June''25'!AE30) -> 0 | X30: =IF('Entries June''25'!AI31-'Entries June''25'!AI30<1,"0",'Entries June''25'!AI31-'Entries June''25'!AI30) -> 0 | Y30: =IF('Entries June''25'!AH31-'Entries June''25'!AH30<1,"0",'Entries June''25'!AH31-'Entries June''25'!AH30) -> 0 | Z30: =C30+D30+E30 -> 354 | AA30: 367.752 | AB30: =IF(AA30=0,"0",(Z30*10/AA30)) -> 9.6260523
B31: 25 | C31: =IF('Entries June''25'!W32-'Entries June''25'!W31<1,"0",'Entries June''25'!W32-'Entries June''25'!W31) -> 0 | D31: =IF('Entries June''25'!O32-'Entries June''25'!O31<1,"0",'Entries June''25'!O32-'Entries June''25'!O31) -> 386 | E31: =IF('Entries June''25'!P32-'Entries June''25'!P31<1,"0",'Entries June''25'!P32-'Entries June''25'!P31) -> 136 | F31: =IF('Entries June''25'!V32-'Entries June''25'!V31<1,"0",'Entries June''25'!V32-'Entries June''25'!V31) -> 141 | G31: =(D31+E31)-F31 -> 381 | H31: =IF('Entries June''25'!Q32-'Entries June''25'!Q31<1,0,'Entries June''25'!Q32-'Entries June''25'!Q31) -> 312 | I31: =IF('Entries June''25'!AG32-'Entries June''25'!AG31<1,0,'Entries June''25'!AG32-'Entries June''25'!AG31) -> 0 | J31: =IF('Entries June''25'!S32-'Entries June''25'!S31<1,"0",'Entries June''25'!S32-'Entries June''25'!S31) -> 162 | K31: =IF('Entries June''25'!R32-'Entries June''25'!R31<1,"0",'Entries June''25'!R32-'Entries June''25'!R31) -> 0 | L31: =IF('Entries June''25'!T32-'Entries June''25'!T31<1,"0",'Entries June''25'!T32-'Entries June''25'!T31) -> 0 | M31: =IF('Entries June''25'!U32-'Entries June''25'!U31<1,"0",'Entries June''25'!U32-'Entries June''25'!U31) -> 0 | N31: =IF('Entries June''25'!X32-'Entries June''25'!X31<1,"0",'Entries June''25'!X32-'Entries June''25'!X31) -> 38 | O31: =IF('Entries June''25'!Y32-'Entries June''25'!Y31<1,"0",'Entries June''25'!Y32-'Entries June''25'!Y31) -> 177 | P31: =IF('Entries June''25'!AC32-'Entries June''25'!AC31<1,"0",'Entries June''25'!AC32-'Entries June''25'!AC31) -> 24 | Q31: =IF('Entries June''25'!Z32-'Entries June''25'!Z31<1,"0",'Entries June''25'!Z32-'Entries June''25'!Z31) -> 31 | R31: =IF(('Entries June''25'!AA32-'Entries June''25'!AA31)+('Entries June''25'!AB32-'Entries June''25'!AB31)<1,"0",('Entries June''25'!AA32-'Entries June''25'!AA31)+('Entries June''25'!AB32-'Entries June''25'!AB31)) -> 0 | S31: =(R31+G31)*10 -> 3810 | T31: =O31+N31+M31+L31 -> 215 | U31: =IF('Entries June''25'!AC32-'Entries June''25'!AC31<1,"0",'Entries June''25'!AC32-'Entries June''25'!AC31) -> 24 | V31: =IF('Entries June''25'!AD32-'Entries June''25'!AD31<1,"0",'Entries June''25'!AD32-'Entries June''25'!AD31) -> 0 | W31: =IF('Entries June''25'!AE32-'Entries June''25'!AE31<1,"0",'Entries June''25'!AE32-'Entries June''25'!AE31) -> 0 | X31: =IF('Entries June''25'!AI32-'Entries June''25'!AI31<1,"0",'Entries June''25'!AI32-'Entries June''25'!AI31) -> 0 | Y31: =IF('Entries June''25'!AH32-'Entries June''25'!AH31<1,"0",'Entries June''25'!AH32-'Entries June''25'!AH31) -> 0 | Z31: =C31+D31+E31 -> 522 | AA31: 663.3 | AB31: =IF(AA31=0,"0",(Z31*10/AA31)) -> 7.8697422
B32: 26 | C32: =IF('Entries June''25'!W33-'Entries June''25'!W32<1,"0",'Entries June''25'!W33-'Entries June''25'!W32) -> 0 | D32: =IF('Entries June''25'!O33-'Entries June''25'!O32<1,"0",'Entries June''25'!O33-'Entries June''25'!O32) -> 205 | E32: =IF('Entries June''25'!P33-'Entries June''25'!P32<1,"0",'Entries June''25'!P33-'Entries June''25'!P32) -> 266 | F32: =IF('Entries June''25'!V33-'Entries June''25'!V32<1,"0",'Entries June''25'!V33-'Entries June''25'!V32) -> 281 | G32: =(D32+E32)-F32 -> 190 | H32: =IF('Entries June''25'!Q33-'Entries June''25'!Q32<1,0,'Entries June''25'!Q33-'Entries June''25'!Q32) -> 257 | I32: =IF('Entries June''25'!AG33-'Entries June''25'!AG32<1,0,'Entries June''25'!AG33-'Entries June''25'!AG32) -> 0 | J32: =IF('Entries June''25'!S33-'Entries June''25'!S32<1,"0",'Entries June''25'!S33-'Entries June''25'!S32) -> 195 | K32: =IF('Entries June''25'!R33-'Entries June''25'!R32<1,"0",'Entries June''25'!R33-'Entries June''25'!R32) -> 0 | L32: =IF('Entries June''25'!T33-'Entries June''25'!T32<1,"0",'Entries June''25'!T33-'Entries June''25'!T32) -> 0 | M32: =IF('Entries June''25'!U33-'Entries June''25'!U32<1,"0",'Entries June''25'!U33-'Entries June''25'!U32) -> 0 | N32: =IF('Entries June''25'!X33-'Entries June''25'!X32<1,"0",'Entries June''25'!X33-'Entries June''25'!X32) -> 43 | O32: =IF('Entries June''25'!Y33-'Entries June''25'!Y32<1,"0",'Entries June''25'!Y33-'Entries June''25'!Y32) -> 141 | P32: =IF('Entries June''25'!AC33-'Entries June''25'!AC32<1,"0",'Entries June''25'!AC33-'Entries June''25'!AC32) -> 20 | Q32: =IF('Entries June''25'!Z33-'Entries June''25'!Z32<1,"0",'Entries June''25'!Z33-'Entries June''25'!Z32) -> 28 | R32: =IF(('Entries June''25'!AA33-'Entries June''25'!AA32)+('Entries June''25'!AB33-'Entries June''25'!AB32)<1,"0",('Entries June''25'!AA33-'Entries June''25'!AA32)+('Entries June''25'!AB33-'Entries June''25'!AB32)) -> 0 | S32: =(R32+G32)*10 -> 1900 | T32: =O32+N32+M32+L32 -> 184 | U32: =IF('Entries June''25'!AC33-'Entries June''25'!AC32<1,"0",'Entries June''25'!AC33-'Entries June''25'!AC32) -> 20 | V32: =IF('Entries June''25'!AD33-'Entries June''25'!AD32<1,"0",'Entries June''25'!AD33-'Entries June''25'!AD32) -> 7 | W32: =IF('Entries June''25'!AE33-'Entries June''25'!AE32<1,"0",'Entries June''25'!AE33-'Entries June''25'!AE32) -> 0 | X32: =IF('Entries June''25'!AI33-'Entries June''25'!AI32<1,"0",'Entries June''25'!AI33-'Entries June''25'!AI32) -> 0 | Y32: =IF('Entries June''25'!AH33-'Entries June''25'!AH32<1,"0",'Entries June''25'!AH33-'Entries June''25'!AH32) -> 0 | Z32: =C32+D32+E32 -> 471 | AA32: 526.284 | AB32: =IF(AA32=0,"0",(Z32*10/AA32)) -> 8.9495406
B33: 27 | C33: =IF('Entries June''25'!W34-'Entries June''25'!W33<1,"0",'Entries June''25'!W34-'Entries June''25'!W33) -> 0 | D33: =IF('Entries June''25'!O34-'Entries June''25'!O33<1,"0",'Entries June''25'!O34-'Entries June''25'!O33) -> 109 | E33: =IF('Entries June''25'!P34-'Entries June''25'!P33<1,"0",'Entries June''25'!P34-'Entries June''25'!P33) -> 272 | F33: =IF('Entries June''25'!V34-'Entries June''25'!V33<1,"0",'Entries June''25'!V34-'Entries June''25'!V33) -> 294 | G33: =(D33+E33)-F33 -> 87 | H33: =IF('Entries June''25'!Q34-'Entries June''25'!Q33<1,0,'Entries June''25'!Q34-'Entries June''25'!Q33) -> 249 | I33: =IF('Entries June''25'!AG34-'Entries June''25'!AG33<1,0,'Entries June''25'!AG34-'Entries June''25'!AG33) -> 0 | J33: =IF('Entries June''25'!S34-'Entries June''25'!S33<1,"0",'Entries June''25'!S34-'Entries June''25'!S33) -> 148 | K33: =IF('Entries June''25'!R34-'Entries June''25'!R33<1,"0",'Entries June''25'!R34-'Entries June''25'!R33) -> 0 | L33: =IF('Entries June''25'!T34-'Entries June''25'!T33<1,"0",'Entries June''25'!T34-'Entries June''25'!T33) -> 0 | M33: =IF('Entries June''25'!U34-'Entries June''25'!U33<1,"0",'Entries June''25'!U34-'Entries June''25'!U33) -> 10 | N33: =IF('Entries June''25'!X34-'Entries June''25'!X33<1,"0",'Entries June''25'!X34-'Entries June''25'!X33) -> 64 | O33: =IF('Entries June''25'!Y34-'Entries June''25'!Y33<1,"0",'Entries June''25'!Y34-'Entries June''25'!Y33) -> 112 | P33: =IF('Entries June''25'!AC34-'Entries June''25'!AC33<1,"0",'Entries June''25'!AC34-'Entries June''25'!AC33) -> 56 | Q33: =IF('Entries June''25'!Z34-'Entries June''25'!Z33<1,"0",'Entries June''25'!Z34-'Entries June''25'!Z33) -> 29 | R33: =IF(('Entries June''25'!AA34-'Entries June''25'!AA33)+('Entries June''25'!AB34-'Entries June''25'!AB33)<1,"0",('Entries June''25'!AA34-'Entries June''25'!AA33)+('Entries June''25'!AB34-'Entries June''25'!AB33)) -> 0 | S33: =(R33+G33)*10 -> 870 | T33: =O33+N33+M33+L33 -> 186 | U33: =IF('Entries June''25'!AC34-'Entries June''25'!AC33<1,"0",'Entries June''25'!AC34-'Entries June''25'!AC33) -> 56 | V33: =IF('Entries June''25'!AD34-'Entries June''25'!AD33<1,"0",'Entries June''25'!AD34-'Entries June''25'!AD33) -> 2 | W33: =IF('Entries June''25'!AE34-'Entries June''25'!AE33<1,"0",'Entries June''25'!AE34-'Entries June''25'!AE33) -> 0 | X33: =IF('Entries June''25'!AI34-'Entries June''25'!AI33<1,"0",'Entries June''25'!AI34-'Entries June''25'!AI33) -> 0 | Y33: =IF('Entries June''25'!AH34-'Entries June''25'!AH33<1,"0",'Entries June''25'!AH34-'Entries June''25'!AH33) -> 0 | Z33: =C33+D33+E33 -> 381 | AA33: 402.204 | AB33: =IF(AA33=0,"0",(Z33*10/AA33)) -> 9.4728048
B34: 28 | C34: =IF('Entries June''25'!W35-'Entries June''25'!W34<1,"0",'Entries June''25'!W35-'Entries June''25'!W34) -> 0 | D34: =IF('Entries June''25'!O35-'Entries June''25'!O34<1,"0",'Entries June''25'!O35-'Entries June''25'!O34) -> 5 | E34: =IF('Entries June''25'!P35-'Entries June''25'!P34<1,"0",'Entries June''25'!P35-'Entries June''25'!P34) -> 168 | F34: =IF('Entries June''25'!V35-'Entries June''25'!V34<1,"0",'Entries June''25'!V35-'Entries June''25'!V34) -> 167 | G34: =(D34+E34)-F34 -> 6 | H34: =IF('Entries June''25'!Q35-'Entries June''25'!Q34<1,0,'Entries June''25'!Q35-'Entries June''25'!Q34) -> 96 | I34: =IF('Entries June''25'!AG35-'Entries June''25'!AG34<1,0,'Entries June''25'!AG35-'Entries June''25'!AG34) -> 0 | J34: =IF('Entries June''25'!S35-'Entries June''25'!S34<1,"0",'Entries June''25'!S35-'Entries June''25'!S34) -> 209 | K34: =IF('Entries June''25'!R35-'Entries June''25'!R34<1,"0",'Entries June''25'!R35-'Entries June''25'!R34) -> 0 | L34: =IF('Entries June''25'!T35-'Entries June''25'!T34<1,"0",'Entries June''25'!T35-'Entries June''25'!T34) -> 0 | M34: =IF('Entries June''25'!U35-'Entries June''25'!U34<1,"0",'Entries June''25'!U35-'Entries June''25'!U34) -> 0 | N34: =IF('Entries June''25'!X35-'Entries June''25'!X34<1,"0",'Entries June''25'!X35-'Entries June''25'!X34) -> 19 | O34: =IF('Entries June''25'!Y35-'Entries June''25'!Y34<1,"0",'Entries June''25'!Y35-'Entries June''25'!Y34) -> 7 | P34: =IF('Entries June''25'!AC35-'Entries June''25'!AC34<1,"0",'Entries June''25'!AC35-'Entries June''25'!AC34) -> 0 | Q34: =IF('Entries June''25'!Z35-'Entries June''25'!Z34<1,"0",'Entries June''25'!Z35-'Entries June''25'!Z34) -> 7 | R34: =IF(('Entries June''25'!AA35-'Entries June''25'!AA34)+('Entries June''25'!AB35-'Entries June''25'!AB34)<1,"0",('Entries June''25'!AA35-'Entries June''25'!AA34)+('Entries June''25'!AB35-'Entries June''25'!AB34)) -> 0 | S34: =(R34+G34)*10 -> 60 | T34: =O34+N34+M34+L34 -> 26 | U34: =IF('Entries June''25'!AC35-'Entries June''25'!AC34<1,"0",'Entries June''25'!AC35-'Entries June''25'!AC34) -> 0 | V34: =IF('Entries June''25'!AD35-'Entries June''25'!AD34<1,"0",'Entries June''25'!AD35-'Entries June''25'!AD34) -> 43 | W34: =IF('Entries June''25'!AE35-'Entries June''25'!AE34<1,"0",'Entries June''25'!AE35-'Entries June''25'!AE34) -> 0 | X34: =IF('Entries June''25'!AI35-'Entries June''25'!AI34<1,"0",'Entries June''25'!AI35-'Entries June''25'!AI34) -> 0 | Y34: =IF('Entries June''25'!AH35-'Entries June''25'!AH34<1,"0",'Entries June''25'!AH35-'Entries June''25'!AH34) -> 0 | Z34: =C34+D34+E34 -> 173 | AA34: 0 | AB34: =IF(AA34=0,"0",(Z34*10/AA34)) -> 0
B35: 29 | C35: =IF('Entries June''25'!W36-'Entries June''25'!W35<1,"0",'Entries June''25'!W36-'Entries June''25'!W35) -> 0 | D35: =IF('Entries June''25'!O36-'Entries June''25'!O35<1,"0",'Entries June''25'!O36-'Entries June''25'!O35) -> 173 | E35: =IF('Entries June''25'!P36-'Entries June''25'!P35<1,"0",'Entries June''25'!P36-'Entries June''25'!P35) -> 1 | F35: =IF('Entries June''25'!V36-'Entries June''25'!V35<1,"0",'Entries June''25'!V36-'Entries June''25'!V35) -> 0 | G35: =(D35+E35)-F35 -> 174 | H35: =IF('Entries June''25'!Q36-'Entries June''25'!Q35<1,0,'Entries June''25'!Q36-'Entries June''25'!Q35) -> 74 | I35: =IF('Entries June''25'!AG36-'Entries June''25'!AG35<1,0,'Entries June''25'!AG36-'Entries June''25'!AG35) -> 0 | J35: =IF('Entries June''25'!S36-'Entries June''25'!S35<1,"0",'Entries June''25'!S36-'Entries June''25'!S35) -> 77 | K35: =IF('Entries June''25'!R36-'Entries June''25'!R35<1,"0",'Entries June''25'!R36-'Entries June''25'!R35) -> 0 | L35: =IF('Entries June''25'!T36-'Entries June''25'!T35<1,"0",'Entries June''25'!T36-'Entries June''25'!T35) -> 0 | M35: =IF('Entries June''25'!U36-'Entries June''25'!U35<1,"0",'Entries June''25'!U36-'Entries June''25'!U35) -> 0 | N35: =IF('Entries June''25'!X36-'Entries June''25'!X35<1,"0",'Entries June''25'!X36-'Entries June''25'!X35) -> 18 | O35: =IF('Entries June''25'!Y36-'Entries June''25'!Y35<1,"0",'Entries June''25'!Y36-'Entries June''25'!Y35) -> 0 | P35: =IF('Entries June''25'!AC36-'Entries June''25'!AC35<1,"0",'Entries June''25'!AC36-'Entries June''25'!AC35) -> 0 | Q35: =IF('Entries June''25'!Z36-'Entries June''25'!Z35<1,"0",'Entries June''25'!Z36-'Entries June''25'!Z35) -> 10 | R35: =IF(('Entries June''25'!AA36-'Entries June''25'!AA35)+('Entries June''25'!AB36-'Entries June''25'!AB35)<1,"0",('Entries June''25'!AA36-'Entries June''25'!AA35)+('Entries June''25'!AB36-'Entries June''25'!AB35)) -> 0 | S35: =(R35+G35)*10 -> 1740 | T35: =O35+N35+M35+L35 -> 18 | U35: =IF('Entries June''25'!AC36-'Entries June''25'!AC35<1,"0",'Entries June''25'!AC36-'Entries June''25'!AC35) -> 0 | V35: =IF('Entries June''25'!AD36-'Entries June''25'!AD35<1,"0",'Entries June''25'!AD36-'Entries June''25'!AD35) -> 0 | W35: =IF('Entries June''25'!AE36-'Entries June''25'!AE35<1,"0",'Entries June''25'!AE36-'Entries June''25'!AE35) -> 0 | X35: =IF('Entries June''25'!AI36-'Entries June''25'!AI35<1,"0",'Entries June''25'!AI36-'Entries June''25'!AI35) -> 0 | Y35: =IF('Entries June''25'!AH36-'Entries June''25'!AH35<1,"0",'Entries June''25'!AH36-'Entries June''25'!AH35) -> 0 | Z35: =C35+D35+E35 -> 174 | AA35: 29.04 | AB35: =IF(AA35=0,"0",(Z35*10/AA35)) -> 59.917355
B36: 30 | C36: =IF('Entries June''25'!W37-'Entries June''25'!W36<1,"0",'Entries June''25'!W37-'Entries June''25'!W36) -> 0 | D36: =IF('Entries June''25'!O37-'Entries June''25'!O36<1,"0",'Entries June''25'!O37-'Entries June''25'!O36) -> 149 | E36: =IF('Entries June''25'!P37-'Entries June''25'!P36<1,"0",'Entries June''25'!P37-'Entries June''25'!P36) -> 175 | F36: =IF('Entries June''25'!V37-'Entries June''25'!V36<1,"0",'Entries June''25'!V37-'Entries June''25'!V36) -> 260 | G36: =(D36+E36)-F36 -> 64 | H36: =IF('Entries June''25'!Q37-'Entries June''25'!Q36<1,0,'Entries June''25'!Q37-'Entries June''25'!Q36) -> 235 | I36: =IF('Entries June''25'!AG37-'Entries June''25'!AG36<1,0,'Entries June''25'!AG37-'Entries June''25'!AG36) -> 0 | J36: =IF('Entries June''25'!S37-'Entries June''25'!S36<1,"0",'Entries June''25'!S37-'Entries June''25'!S36) -> 184 | K36: =IF('Entries June''25'!R37-'Entries June''25'!R36<1,"0",'Entries June''25'!R37-'Entries June''25'!R36) -> 0 | L36: =IF('Entries June''25'!T37-'Entries June''25'!T36<1,"0",'Entries June''25'!T37-'Entries June''25'!T36) -> 0 | M36: =IF('Entries June''25'!U37-'Entries June''25'!U36<1,"0",'Entries June''25'!U37-'Entries June''25'!U36) -> 12 | N36: =IF('Entries June''25'!X37-'Entries June''25'!X36<1,"0",'Entries June''25'!X37-'Entries June''25'!X36) -> 54 | O36: =IF('Entries June''25'!Y37-'Entries June''25'!Y36<1,"0",'Entries June''25'!Y37-'Entries June''25'!Y36) -> 136 | P36: =IF('Entries June''25'!AC37-'Entries June''25'!AC36<1,"0",'Entries June''25'!AC37-'Entries June''25'!AC36) -> 10 | Q36: =IF('Entries June''25'!Z37-'Entries June''25'!Z36<1,"0",'Entries June''25'!Z37-'Entries June''25'!Z36) -> 27 | R36: =IF(('Entries June''25'!AA37-'Entries June''25'!AA36)+('Entries June''25'!AB37-'Entries June''25'!AB36)<1,"0",('Entries June''25'!AA37-'Entries June''25'!AA36)+('Entries June''25'!AB37-'Entries June''25'!AB36)) -> 0 | S36: =(R36+G36)*10 -> 640 | T36: =O36+N36+M36+L36 -> 202 | U36: =IF('Entries June''25'!AC37-'Entries June''25'!AC36<1,"0",'Entries June''25'!AC37-'Entries June''25'!AC36) -> 10 | V36: =IF('Entries June''25'!AD37-'Entries June''25'!AD36<1,"0",'Entries June''25'!AD37-'Entries June''25'!AD36) -> 414 | W36: =IF('Entries June''25'!AE37-'Entries June''25'!AE36<1,"0",'Entries June''25'!AE37-'Entries June''25'!AE36) -> 0 | X36: =IF('Entries June''25'!AI37-'Entries June''25'!AI36<1,"0",'Entries June''25'!AI37-'Entries June''25'!AI36) -> 0 | Y36: =IF('Entries June''25'!AH37-'Entries June''25'!AH36<1,"0",'Entries June''25'!AH37-'Entries June''25'!AH36) -> 0 | Z36: =C36+D36+E36 -> 324 | AA36: 272.844 | AB36: =IF(AA36=0,"0",(Z36*10/AA36)) -> 11.874918
C37: =IF('Entries June''25'!W38-'Entries June''25'!W37<1,"0",'Entries June''25'!W38-'Entries June''25'!W37) -> 0 | D37: =IF('Entries June''25'!O38-'Entries June''25'!O37<1,"0",'Entries June''25'!O38-'Entries June''25'!O37) -> 0 | E37: =IF('Entries June''25'!P38-'Entries June''25'!P37<1,"0",'Entries June''25'!P38-'Entries June''25'!P37) -> 0 | F37: =IF('Entries June''25'!V38-'Entries June''25'!V37<1,"0",'Entries June''25'!V38-'Entries June''25'!V37) -> 0 | G37: =(D37+E37)-F37 -> 0 | J37: =IF('Entries June''25'!S38-'Entries June''25'!S37<1,"0",'Entries June''25'!S38-'Entries June''25'!S37) -> 0 | K37: =IF('Entries June''25'!R38-'Entries June''25'!R37<1,"0",'Entries June''25'!R38-'Entries June''25'!R37) -> 0 | L37: =IF('Entries June''25'!T38-'Entries June''25'!T37<1,"0",'Entries June''25'!T38-'Entries June''25'!T37) -> 0 | M37: =IF('Entries June''25'!U38-'Entries June''25'!U37<1,"0",'Entries June''25'!U38-'Entries June''25'!U37) -> 0 | N37: =IF('Entries June''25'!X38-'Entries June''25'!X37<1,"0",'Entries June''25'!X38-'Entries June''25'!X37) -> 0 | O37: =IF('Entries June''25'!Y38-'Entries June''25'!Y37<1,"0",'Entries June''25'!Y38-'Entries June''25'!Y37) -> 0 | P37: =IF('Entries June''25'!AC38-'Entries June''25'!AC37<1,"0",'Entries June''25'!AC38-'Entries June''25'!AC37) -> 0 | Q37: =IF('Entries June''25'!Z38-'Entries June''25'!Z37<1,"0",'Entries June''25'!Z38-'Entries June''25'!Z37) -> 0 | R37: =IF(('Entries June''25'!AA38-'Entries June''25'!AA37)+('Entries June''25'!AB38-'Entries June''25'!AB37)<1,"0",('Entries June''25'!AA38-'Entries June''25'!AA37)+('Entries June''25'!AB38-'Entries June''25'!AB37)) -> 0 | S37: =(R37+G37)*10 -> 0 | U37: =IF('Entries June''25'!AC38-'Entries June''25'!AC37<1,"0",'Entries June''25'!AC38-'Entries June''25'!AC37) -> 0 | V37: =IF('Entries June''25'!AD38-'Entries June''25'!AD37<1,"0",'Entries June''25'!AD38-'Entries June''25'!AD37) -> 0 | W37: =IF('Entries June''25'!AE38-'Entries June''25'!AE37<1,"0",'Entries June''25'!AE38-'Entries June''25'!AE37) -> 0 | X37: =IF('Entries June''25'!AI38-'Entries June''25'!AI37<1,"0",'Entries June''25'!AI38-'Entries June''25'!AI37) -> 0 | Y37: =IF('Entries June''25'!AH38-'Entries June''25'!AH37<1,"0",'Entries June''25'!AH38-'Entries June''25'!AH37) -> 0 | Z37: =C37+D37+E37 -> 0 | AA37: 0
A38: MTD | B38: total | C38: =SUM(C7:C37) -> 0 | D38: =SUM(D7:D37) -> 4108 | E38: =SUM(E7:E37) -> 4381 | F38: =SUM(F7:F37) -> 4678 | G38: =SUM(G7:G37) -> 3811 | H38: =SUM(H7:H37) -> 6384 | J38: =SUM(J7:J37) -> 3036 | L38: =SUM(L7:L37) -> 0 | M38: =SUM(M7:M37) -> 155 | N38: =SUM(N7:N37) -> 983 | O38: =SUM(O7:O37) -> 2657 | P38: =SUM(P7:P37) -> 415 | Q38: =SUM(Q7:Q37) -> 596 | R38: =SUM(R7:R34) -> 0 | S38: =SUM(S7:S37) -> 38110 | T38: =SUM(T7:T37) -> 3795 | U38: =SUM(U7:U37) -> 415 | V38: =SUM(V7:V37) -> 536 | Z38: =SUM(Z7:Z37) -> 8489 | AA38: =SUM(AA7:AA37) -> 8404.5408 | AB38: =IF(AA38=0,"0",(Z38*10/AA38)) -> 10.100492 | AC38: 10.2 | AD38: =AB38/AC38*100 -> 99.024435
B40: Gals. | D40: =D38*220 -> 903760
B41: NAWASA Cost/gal | D41: 0.01581
B43: Proxy NAWASA water Cost | D43: =+D41*D40 -> 14288.446
B44: Add basic charge | D44: 278.97
D45: =SUM(D43:D44) -> 14567.416
B47: Proxy sewage charge (2/3) | D47: =+D45*2/3 -> 9711.6104
B49: Proxy MTD NAWASA cost | D49: =SUM(D47,D45) -> 24279.026

Sheet Elec.June'25
A1: DAILY ELECTRICITY CONSUMPTION FOR JUNE 2025
A4: DATE | B4: Grenlec | C4: In -house | D4: Total Cons. (KW-HR) | E4: Total Prod.(HL) | F4: KPI. Elect (KW-H/Hl)
B5: In-feed (Kwhr) | C5: Gen. (Kwhr)
A7: 1 | B7: ='Utility Analysis June 2025'!D10 -> 5785 | C7: ='Utility Analysis June 2025'!E10 -> 0 | D7: =B7+C7 -> 5785 | E7: ='PROD.FIG. '!H5 -> 0 | F7: =IF(E7=0,"0",(D7/E7)) -> 0
A8: 2 | B8: ='Utility Analysis June 2025'!D11 -> 9004 | C8: ='Utility Analysis June 2025'!E11 -> 0 | D8: =B8+C8 -> 9004 | E8: ='PROD.FIG. '!H6 -> 455.6052 | F8: =IF(E8=0,"0",(D8/E8)) -> 19.762724
A9: 3 | B9: ='Utility Analysis June 2025'!D12 -> 8987 | C9: ='Utility Analysis June 2025'!E12 -> 0 | D9: =B9+C9 -> 8987 | E9: ='PROD.FIG. '!H7 -> 644.754 | F9: =IF(E9=0,"0",(D9/E9)) -> 13.938649
A10: 4 | B10: ='Utility Analysis June 2025'!D13 -> 9013 | C10: ='Utility Analysis June 2025'!E13 -> 0 | D10: =B10+C10 -> 9013 | E10: ='PROD.FIG. '!H8 -> 398.442 | F10: =IF(E10=0,"0",(D10/E10)) -> 22.620607
A11: 5 | B11: ='Utility Analysis June 2025'!D14 -> 9609 | C11: ='Utility Analysis June 2025'!E14 -> 0 | D11: =B11+C11 -> 9609 | E11: ='PROD.FIG. '!H9 -> 496.584 | F11: =IF(E11=0,"0",(D11/E11)) -> 19.350201
A12: 6 | B12: ='Utility Analysis June 2025'!D15 -> 9086 | C12: ='Utility Analysis June 2025'!E15 -> 0 | D12: =B12+C12 -> 9086 | E12: ='PROD.FIG. '!H10 -> 263.934 | F12: =IF(E12=0,"0",(D12/E12)) -> 34.425273
A13: 7 | B13: ='Utility Analysis June 2025'!D16 -> 4198 | C13: ='Utility Analysis June 2025'!E16 -> 0 | D13: =B13+C13 -> 4198 | E13: ='PROD.FIG. '!H11 -> 0 | F13: =IF(E13=0,"0",(D13/E13)) -> 0
A14: 8 | B14: ='Utility Analysis June 2025'!D17 -> 5365 | C14: ='Utility Analysis June 2025'!E17 -> 0 | D14: =B14+C14 -> 5365 | E14: ='PROD.FIG. '!H12 -> 0 | F14: =IF(E14=0,"0",(D14/E14)) -> 0
A15: 9 | B15: ='Utility Analysis June 2025'!D18 -> 4505 | C15: ='Utility Analysis June 2025'!E18 -> 0 | D15: =B15+C15 -> 4505 | E15: ='PROD.FIG. '!H13 -> 0 | F15: =IF(E15=0,"0",(D15/E15)) -> 0
A16: 10 | B16: ='Utility Analysis June 2025'!D19 -> 8188 | C16: ='Utility Analysis June 2025'!E19 -> 0 | D16: =B16+C16 -> 8188 | E16: ='PROD.FIG. '!H14 -> 418.11 | F16: =IF(E16=0,"0",(D16/E16)) -> 19.583363
A17: 11 | B17: ='Utility Analysis June 2025'!D20 -> 8791 | C17: ='Utility Analysis June 2025'!E20 -> 0 | D17: =B17+C17 -> 8791 | E17: ='PROD.FIG. '!H15 -> 475.992 | F17: =IF(E17=0,"0",(D17/E17)) -> 18.468798
A18: 12 | B18: ='Utility Analysis June 2025'!D21 -> 8463 | C18: ='Utility Analysis June 2025'!E21 -> 0 | D18: =B18+C18 -> 8463 | E18: ='PROD.FIG. '!H16 -> 339.834 | F18: =IF(E18=0,"0",(D18/E18)) -> 24.903335
... A36: 30 | B36: ='Utility Analysis June 2025'!D39 -> 8694 | C36: ='Utility Analysis June 2025'!E39 -> 0 | D36: =B36+C36 -> 8694 | E36: ='PROD.FIG. '!H34 -> 272.844 | F36: =IF(E36=0,"0",(D36/E36)) -> 31.864362
B37: ='Utility Analysis June 2025'!D40 -> 0 | H37: %
A38: MTD | B38: =SUM(B7:B37) -> 222055 | C38: =SUM(C7:C37) -> 0 | D38: =SUM(D7:D37) -> 222055 | E38: =SUM(E7:E37) -> 8404.5408 | F38: =IF(E38=0,"0",(D38/E38)) -> 26.420837 | G38: 22 | H38: =F38/G38*100 -> 120.09471
G39: TARGET

Sheet PROD.FIG. 
A1: PRODUCTION FOR JUNE 2025
B3: DATE
B4: - | C4: BOTTLED (Hl) | D4: KEGS (Hl) | E4: OTHER (Filtered) | F4: Brewed | G4: Transferred | H4: TOTAL ( Hls)
A5: Sunday | B5: 1 | H5: {=IF(TRANSPOSE('Daily KPIs'!B9:AF9)=0,"0",TRANSPOSE('Daily KPIs'!B9:AF9))} -> 0
A6: Monday | B6: 2 | H6: 455.6052
A7: Tuesday | B7: 3 | H7: 644.754
A8: Wednesday | B8: 4 | H8: 398.442
A9: Thursday | B9: 5 | H9: 496.584
A10: Friday | B10: 6 | H10: 263.934
A11: Saturday | B11: 7 | H11: 0
A12: Sunday | B12: 8 | H12: 0
A13: Monday | B13: 9 | H13: 0
A14: Tuesday | B14: 10 | H14: 418.11
A15: Wednesday | B15: 11 | H15: 475.992
A16: Thursday | B16: 12 | H16: 339.834
A17: Friday | B17: 13 | H17: 411.576
A18: Saturday | B18: 14 | H18: 0
A19: Sunday | B19: 15 | H19: 0
A20: Monday | B20: 16 | H20: 400.62
A21: Tuesday | B21: 17 | H21: 550.242
A22: Wednesday | B22: 18 | H22: 446.5428
A23: Thursday | B23: 19 | H23: 0
A24: Friday | B24: 20 | H24: 365.0208
A25: Saturday | B25: 21 | H25: 0
A26: Sunday | B26: 22 | H26: 0
A27: Monday | B27: 23 | H27: 475.86
A28: Tuesday | B28: 24 | H28: 367.752
A29: Wednesday | B29: 25 | H29: 663.3
A30: Thursday | B30: 26 | H30: 526.284
A31: Friday | B31: 27 | H31: 402.204
A32: Saturday | B32: 28 | H32: 0
A33: Sunday | B33: 29 | H33: 29.04
A34: Monday | B34: 30 | H34: 272.844
H35: 0
G36: TOTAL | H36: =SUM(H5:H35) -> 8404.5408
C39: =SUM(C5:C36) -> 0

Sheet CO2
A3: CO2 Daily Consumption for JUNE 2025
E4: FILLER
A5: DATE | B5: FILLER Cons. (Kg.) | C5: CO2 (kg.) (Ex. Vap'r) | D5: Total Prod.(HL) | E5: CO2 ( Kg./HL) | F5: CO2 (Ex. Vap'r) (Kg./HL) | L5: Tank A | M5: Tank B | N5: Mobile | O5: Inside Tank | S5: 4 | T5: Usage | U5: time | V5: 5 | W5: Usage | X5: Time | Y5: 6 | Z5: Usage | AA5: time | AB5: 7 | AC5: Usage | AD5: Time | AE5: 8 | AF5: Usage | AG5: time | AH5: 9 | AI5: Usage | AJ5: Time | AK5: 10 | AL5: Usage | AM5: time | AN5: 11 | AO5: Usage | AP5: Time | AQ5: 12 | AR5: Usage | AS5: time | AT5: 13 | AU5: Usage | AV5: Time | AW5: 14 | AX5: Usage | AY5: time | AZ5: 15 | BA5: Usage | BB5: Time | BC5: 16 | BD5: Usage | BE5: time | BF5: 17 | BG5: Usage | BH5: Time | BI5: 18 | BJ5: Usage | BK5: time | BL5: 19 | BM5: Usage | BN5: Time | BO5: 20 | BP5: Usage | BQ5: time | BR5: 21 | BS5: Usage | BT5: Time | BU5: 22 | BV5: Usage | BW5: time | BX5: 23 | BY5: Usage | BZ5: Time | CA5: 24 | CB5: Usage | CC5: time | CD5: 25 | CE5: Usage | CF5: Time | CG5: 26 | CH5: Usage | CI5: time | CJ5: 27 | CK5: Usage | CL5: Time | CM5: 28 | CN5: Usage | CO5: time | CP5: 29 | CQ5: Usage | CR5: Time | CS5: 30 | CT5: Usage | CU5: time | CV5: 31 | CW5: Usage | CX5: Time | CY5: 2 | CZ5: Usage
H6: Collection | U6: 630 | AA6: 630 | AG6: 630 | AM6: 630 | AS6: 630 | AY6: 630 | BE6: 630 | BK6: 630 | BQ6: 630 | BW6: 630 | CC6: 630 | CI6: 630 | CO6: 630 | CU6: 630
A7: 1 | B7: =IF('Entries June''25'!N8-'Entries June''25'!N7<1,"0",'Entries June''25'!N8-'Entries June''25'!N7) -> 0 | C7: {=TRANSPOSE('Daily KPIs'!B74:AF74)} -> 0 | D7: {=TRANSPOSE('Daily KPIs'!B9:AF9)} -> 0 | E7: =IF(D7=0,"0",(B7/D7)) -> 0 | F7: =IF(D7=0,"0",(C7/D7)) -> 0 | H7: ='Entries June''25'!L8-'Entries June''25'!L7 -> 0 | I7: =+$B7 -> 0 | L7: =IF((('Entries June''25'!AK7-'Entries June''25'!AK8)/10)*5455<0,"0",(('Entries June''25'!AK7-'Entries June''25'!AK8)/10)*5455) -> 0 | M7: =IF((('Entries June''25'!AL7-'Entries June''25'!AL8)/10)*5455<0,"0",(('Entries June''25'!AL7-'Entries June''25'!AL8)/10)*5455) -> 0 | N7: =IF(('Entries June''25'!AM7-'Entries June''25'!AM8)/2.2<0,"0",('Entries June''25'!AM7-'Entries June''25'!AM8)/2.2) -> 0 | O7: =IF(('Entries June''25'!AN7-'Entries June''25'!AN8)<0,"0",('Entries June''25'!AN7-'Entries June''25'!AN8)) -> 0 | T7: =S7-S6 -> 0 | U7: 730 | W7: =V7-V6 -> 0 | Z7: =Y7-Y6 -> 0 | AA7: 730 | AC7: =AB7-AB6 -> 0 | AF7: =AE7-AE6 -> 0 | AG7: 730 | AI7: =AH7-AH6 -> 0 | AL7: =AK7-AK6 -> 0 | AM7: 730 | AO7: =AN7-AN6 -> 0 | AR7: =AQ7-AQ6 -> 0 | AS7: 730 | AU7: =AT7-AT6 -> 0 | AX7: =AW7-AW6 -> 0 | AY7: 730 | BA7: =AZ7-AZ6 -> 0 | BD7: =BC7-BC6 -> 0 | BE7: 730 | BG7: =BF7-BF6 -> 0 | BJ7: =BI7-BI6 -> 0 | BK7: 730 | BM7: =BL7-BL6 -> 0 | BP7: =BO7-BO6 -> 0 | BQ7: 730 | BS7: =BR7-BR6 -> 0 | BV7: =BU7-BU6 -> 0 | BW7: 730 | BY7: =BX7-BX6 -> 0 | CB7: =CA7-CA6 -> 0 | CC7: 730 | CE7: =CD7-CD6 -> 0 | CH7: =CG7-CG6 -> 0 | CI7: 730 | CK7: =CJ7-CJ6 -> 0 | CN7: =CM7-CM6 -> 0 | CO7: 730 | CQ7: =CP7-CP6 -> 0 | CT7: =CS7-CS6 -> 0 | CU7: 730 | CW7: =CV7-CV6 -> 0 | CZ7: =CY7-CY6 -> 0
A8: 2 | B8: =IF('Entries June''25'!N9-'Entries June''25'!N8<1,"0",'Entries June''25'!N9-'Entries June''25'!N8) -> 60.59 | C8: 2700 | D8: 455.6052 | E8: =IF(D8=0,"0",(B8/D8)) -> 0.13298795 | F8: =IF(D8=0,"0",(C8/D8)) -> 5.9261835 | H8: ='Entries June''25'!L9-'Entries June''25'!L8 -> 0 | I8: =+$B8 -> 60.59 | L8: =IF((('Entries June''25'!AK8-'Entries June''25'!AK9)/10)*5455<0,"0",(('Entries June''25'!AK8-'Entries June''25'!AK9)/10)*5455) -> 0 | M8: =IF((('Entries June''25'!AL8-'Entries June''25'!AL9)/10)*5455<0,"0",(('Entries June''25'!AL8-'Entries June''25'!AL9)/10)*5455) -> 0 | N8: =IF(('Entries June''25'!AM8-'Entries June''25'!AM9)/2.2<0,"0",('Entries June''25'!AM8-'Entries June''25'!AM9)/2.2) -> 0 | O8: =IF(('Entries June''25'!AN8-'Entries June''25'!AN9)<0,"0",('Entries June''25'!AN8-'Entries June''25'!AN9)) -> 0 | T8: =S8-S7 -> 0 | W8: =V8-V7 -> 0 | Z8: =Y8-Y7 -> 0 | AC8: =AB8-AB7 -> 0 | AF8: =AE8-AE7 -> 0 | AI8: =AH8-AH7 -> 0 | AL8: =AK8-AK7 -> 0 | AO8: =AN8-AN7 -> 0 | AR8: =AQ8-AQ7 -> 0 | AU8: =AT8-AT7 -> 0 | AX8: =AW8-AW7 -> 0 | BA8: =AZ8-AZ7 -> 0 | BD8: =BC8-BC7 -> 0 | BG8: =BF8-BF7 -> 0 | BJ8: =BI8-BI7 -> 0 | BM8: =BL8-BL7 -> 0 | BP8: =BO8-BO7 -> 0 | BS8: =BR8-BR7 -> 0 | BV8: =BU8-BU7 -> 0 | BY8: =BX8-BX7 -> 0 | CB8: =CA8-CA7 -> 0 | CE8: =CD8-CD7 -> 0 | CH8: =CG8-CG7 -> 0 | CK8: =CJ8-CJ7 -> 0 | CN8: =CM8-CM7 -> 0 | CQ8: =CP8-CP7 -> 0 | CT8: =CS8-CS7 -> 0 | CW8: =CV8-CV7 -> 0 | CZ8: =CY8-CY7 -> 0
A9: 3 | B9: =IF('Entries June''25'!N10-'Entries June''25'!N9<1,"0",'Entries June''25'!N10-'Entries June''25'!N9) -> 52.8 | C9: 3100 | D9: 644.754 | E9: =IF(D9=0,"0",(B9/D9)) -> 0.081891698 | F9: =IF(D9=0,"0",(C9/D9)) -> 4.8080353 | H9: ='Entries June''25'!L10-'Entries June''25'!L9 -> 0 | I9: =+$B9 -> 52.8 | L9: =IF((('Entries June''25'!AK9-'Entries June''25'!AK10)/10)*5455<0,"0",(('Entries June''25'!AK9-'Entries June''25'!AK10)/10)*5455) -> 0 | M9: =IF((('Entries June''25'!AL9-'Entries June''25'!AL10)/10)*5455<0,"0",(('Entries June''25'!AL9-'Entries June''25'!AL10)/10)*5455) -> 0 | N9: =IF(('Entries June''25'!AM9-'Entries June''25'!AM10)/2.2<0,"0",('Entries June''25'!AM9-'Entries June''25'!AM10)/2.2) -> 0 | O9: =IF(('Entries June''25'!AN9-'Entries June''25'!AN10)<0,"0",('Entries June''25'!AN9-'Entries June''25'!AN10)) -> 0 | T9: =S9-S8 -> 0 | W9: =V9-V8 -> 0 | Z9: =Y9-Y8 -> 0 | AC9: =AB9-AB8 -> 0 | AF9: =AE9-AE8 -> 0 | AI9: =AH9-AH8 -> 0 | AL9: =AK9-AK8 -> 0 | AO9: =AN9-AN8 -> 0 | AR9: =AQ9-AQ8 -> 0 | AU9: =AT9-AT8 -> 0 | AX9: =AW9-AW8 -> 0 | BA9: =AZ9-AZ8 -> 0 | BD9: =BC9-BC8 -> 0 | BG9: =BF9-BF8 -> 0 | BJ9: =BI9-BI8 -> 0 | BM9: =BL9-BL8 -> 0 | BP9: =BO9-BO8 -> 0 | BS9: =BR9-BR8 -> 0 | BV9: =BU9-BU8 -> 0 | BY9: =BX9-BX8 -> 0 | CB9: =CA9-CA8 -> 0 | CE9: =CD9-CD8 -> 0 | CH9: =CG9-CG8 -> 0 | CK9: =CJ9-CJ8 -> 0 | CN9: =CM9-CM8 -> 0 | CQ9: =CP9-CP8 -> 0 | CT9: =CS9-CS8 -> 0 | CW9: =CV9-CV8 -> 0 | CZ9: =CY9-CY8 -> 0
A10: 4 | B10: =IF('Entries June''25'!N11-'Entries June''25'!N10<1,"0",'Entries June''25'!N11-'Entries June''25'!N10) -> 49.7 | C10: 2500 | D10: 398.442 | E10: =IF(D10=0,"0",(B10/D10)) -> 0.12473585 | F10: =IF(D10=0,"0",(C10/D10)) -> 6.2744389 | H10: ='Entries June''25'!L11-'Entries June''25'!L10 -> 0 | I10: =+$B10 -> 49.7 | L10: =IF((('Entries June''25'!AK10-'Entries June''25'!AK11)/10)*5455<0,"0",(('Entries June''25'!AK10-'Entries June''25'!AK11)/10)*5455) -> 0 | M10: =IF((('Entries June''25'!AL10-'Entries June''25'!AL11)/10)*5455<0,"0",(('Entries June''25'!AL10-'Entries June''25'!AL11)/10)*5455) -> 0 | N10: =IF(('Entries June''25'!AM10-'Entries June''25'!AM11)/2.2<0,"0",('Entries June''25'!AM10-'Entries June''25'!AM11)/2.2) -> 0 | O10: =IF(('Entries June''25'!AN10-'Entries June''25'!AN11)<0,"0",('Entries June''25'!AN10-'Entries June''25'!AN11)) -> 0 | T10: =S10-S9 -> 0 | W10: =V10-V9 -> 0 | Z10: =Y10-Y9 -> 0 | AC10: =AB10-AB9 -> 0 | AF10: =AE10-AE9 -> 0 | AI10: =AH10-AH9 -> 0 | AL10: =AK10-AK9 -> 0 | AO10: =AN10-AN9 -> 0 | AR10: =AQ10-AQ9 -> 0 | AU10: =AT10-AT9 -> 0 | AX10: =AW10-AW9 -> 0 | BA10: =AZ10-AZ9 -> 0 | BD10: =BC10-BC9 -> 0 | BG10: =BF10-BF9 -> 0 | BJ10: =BI10-BI9 -> 0 | BM10: =BL10-BL9 -> 0 | BP10: =BO10-BO9 -> 0 | BS10: =BR10-BR9 -> 0 | BV10: =BU10-BU9 -> 0 | BY10: =BX10-BX9 -> 0 | CB10: =CA10-CA9 -> 0 | CE10: =CD10-CD9 -> 0 | CH10: =CG10-CG9 -> 0 | CK10: =CJ10-CJ9 -> 0 | CN10: =CM10-CM9 -> 0 | CQ10: =CP10-CP9 -> 0 | CT10: =CS10-CS9 -> 0 | CW10: =CV10-CV9 -> 0 | CZ10: =CY10-CY9 -> 0
A11: 5 | B11: =IF('Entries June''25'!N12-'Entries June''25'!N11<1,"0",'Entries June''25'!N12-'Entries June''25'!N11) -> 61.14 | C11: 3900 | D11: 496.584 | E11: =IF(D11=0,"0",(B11/D11)) -> 0.12312116 | F11: =IF(D11=0,"0",(C11/D11)) -> 7.8536562 | H11: ='Entries June''25'!L12-'Entries June''25'!L11 -> 0 | I11: =+$B11 -> 61.14 | L11: =IF((('Entries June''25'!AK11-'Entries June''25'!AK12)/10)*5455<0,"0",(('Entries June''25'!AK11-'Entries June''25'!AK12)/10)*5455) -> 0 | M11: =IF((('Entries June''25'!AL11-'Entries June''25'!AL12)/10)*5455<0,"0",(('Entries June''25'!AL11-'Entries June''25'!AL12)/10)*5455) -> 0 | N11: =IF(('Entries June''25'!AM11-'Entries June''25'!AM12)/2.2<0,"0",('Entries June''25'!AM11-'Entries June''25'!AM12)/2.2) -> 0 | O11: =IF(('Entries June''25'!AN11-'Entries June''25'!AN12)<0,"0",('Entries June''25'!AN11-'Entries June''25'!AN12)) -> 0 | T11: =S11-S10 -> 0 | W11: =V11-V10 -> 0 | Z11: =Y11-Y10 -> 0 | AC11: =AB11-AB10 -> 0 | AF11: =AE11-AE10 -> 0 | AI11: =AH11-AH10 -> 0 | AL11: =AK11-AK10 -> 0 | AO11: =AN11-AN10 -> 0 | AR11: =AQ11-AQ10 -> 0 | AU11: =AT11-AT10 -> 0 | AX11: =AW11-AW10 -> 0 | BA11: =AZ11-AZ10 -> 0 | BD11: =BC11-BC10 -> 0 | BG11: =BF11-BF10 -> 0 | BJ11: =BI11-BI10 -> 0 | BM11: =BL11-BL10 -> 0 | BP11: =BO11-BO10 -> 0 | BS11: =BR11-BR10 -> 0 | BV11: =BU11-BU10 -> 0 | BY11: =BX11-BX10 -> 0 | CB11: =CA11-CA10 -> 0 | CE11: =CD11-CD10 -> 0 | CH11: =CG11-CG10 -> 0 | CK11: =CJ11-CJ10 -> 0 | CN11: =CM11-CM10 -> 0 | CQ11: =CP11-CP10 -> 0 | CT11: =CS11-CS10 -> 0 | CW11: =CV11-CV10 -> 0 | CZ11: =CY11-CY10 -> 0
A12: 6 | B12: =IF('Entries June''25'!N13-'Entries June''25'!N12<1,"0",'Entries June''25'!N13-'Entries June''25'!N12) -> 48.22 | C12: 3200 | D12: 263.934 | E12: =IF(D12=0,"0",(B12/D12)) -> 0.18269719 | F12: =IF(D12=0,"0",(C12/D12)) -> 12.124243 | H12: ='Entries June''25'!L13-'Entries June''25'!L12 -> 0 | I12: =+$B12 -> 48.22 | L12: =IF((('Entries June''25'!AK12-'Entries June''25'!AK13)/10)*5455<0,"0",(('Entries June''25'!AK12-'Entries June''25'!AK13)/10)*5455) -> 0 | M12: =IF((('Entries June''25'!AL12-'Entries June''25'!AL13)/10)*5455<0,"0",(('Entries June''25'!AL12-'Entries June''25'!AL13)/10)*5455) -> 0 | N12: =IF(('Entries June''25'!AM12-'Entries June''25'!AM13)/2.2<0,"0",('Entries June''25'!AM12-'Entries June''25'!AM13)/2.2) -> 0 | O12: =IF(('Entries June''25'!AN12-'Entries June''25'!AN13)<0,"0",('Entries June''25'!AN12-'Entries June''25'!AN13)) -> 0 | T12: =S12-S11 -> 0 | W12: =V12-V11 -> 0 | Z12: =Y12-Y11 -> 0 | AC12: =AB12-AB11 -> 0 | AF12: =AE12-AE11 -> 0 | AI12: =AH12-AH11 -> 0 | AL12: =AK12-AK11 -> 0 | AO12: =AN12-AN11 -> 0 | AR12: =AQ12-AQ11 -> 0 | AU12: =AT12-AT11 -> 0 | AX12: =AW12-AW11 -> 0 | BA12: =AZ12-AZ11 -> 0 | BD12: =BC12-BC11 -> 0 | BG12: =BF12-BF11 -> 0 | BJ12: =BI12-BI11 -> 0 | BM12: =BL12-BL11 -> 0 | BP12: =BO12-BO11 -> 0 | BS12: =BR12-BR11 -> 0 | BV12: =BU12-BU11 -> 0 | BY12: =BX12-BX11 -> 0 | CB12: =CA12-CA11 -> 0 | CE12: =CD12-CD11 -> 0 | CH12: =CG12-CG11 -> 0 | CK12: =CJ12-CJ11 -> 0 | CN12: =CM12-CM11 -> 0 | CQ12: =CP12-CP11 -> 0 | CT12: =CS12-CS11 -> 0 | CW12: =CV12-CV11 -> 0 | CZ12: =CY12-CY11 -> 0
A13: 7 | B13: =IF('Entries June''25'!N14-'Entries June''25'!N13<1,"0",'Entries June''25'!N14-'Entries June''25'!N13) -> 0 | C13: 0 | D13: 0 | E13: =IF(D13=0,"0",(B13/D13)) -> 0 | F13: =IF(D13=0,"0",(C13/D13)) -> 0 | H13: ='Entries June''25'!L14-'Entries June''25'!L13 -> 0 | I13: =+$B13 -> 0 | L13: =IF((('Entries June''25'!AK13-'Entries June''25'!AK14)/10)*5455<0,"0",(('Entries June''25'!AK13-'Entries June''25'!AK14)/10)*5455) -> 0 | M13: =IF((('Entries June''25'!AL13-'Entries June''25'!AL14)/10)*5455<0,"0",(('Entries June''25'!AL13-'Entries June''25'!AL14)/10)*5455) -> 0 | N13: =IF(('Entries June''25'!AM13-'Entries June''25'!AM14)/2.2<0,"0",('Entries June''25'!AM13-'Entries June''25'!AM14)/2.2) -> 0 | O13: =IF(('Entries June''25'!AN13-'Entries June''25'!AN14)<0,"0",('Entries June''25'!AN13-'Entries June''25'!AN14)) -> 0 | T13: =S13-S12 -> 0 | W13: =V13-V12 -> 0 | Z13: =Y13-Y12 -> 0 | AC13: =AB13-AB12 -> 0 | AF13: =AE13-AE12 -> 0 | AI13: =AH13-AH12 -> 0 | AL13: =AK13-AK12 -> 0 | AO13: =AN13-AN12 -> 0 | AR13: =AQ13-AQ12 -> 0 | AU13: =AT13-AT12 -> 0 | AX13: =AW13-AW12 -> 0 | BA13: =AZ13-AZ12 -> 0 | BD13: =BC13-BC12 -> 0 | BG13: =BF13-BF12 -> 0 | BJ13: =BI13-BI12 -> 0 | BM13: =BL13-BL12 -> 0 | BP13: =BO13-BO12 -> 0 | BS13: =BR13-BR12 -> 0 | BV13: =BU13-BU12 -> 0 | BY13: =BX13-BX12 -> 0 | CB13: =CA13-CA12 -> 0 | CE13: =CD13-CD12 -> 0 | CH13: =CG13-CG12 -> 0 | CK13: =CJ13-CJ12 -> 0 | CN13: =CM13-CM12 -> 0 | CQ13: =CP13-CP12 -> 0 | CT13: =CS13-CS12 -> 0 | CW13: =CV13-CV12 -> 0 | CZ13: =CY13-CY12 -> 0
A14: 8 | B14: =IF('Entries June''25'!N15-'Entries June''25'!N14<1,"0",'Entries June''25'!N15-'Entries June''25'!N14) -> 0 | C14: 0 | D14: 0 | E14: =IF(D14=0,"0",(B14/D14)) -> 0 | F14: =IF(D14=0,"0",(C14/D14)) -> 0 | H14: ='Entries June''25'!L15-'Entries June''25'!L14 -> 0 | I14: =+$B14 -> 0 | L14: =IF((('Entries June''25'!AK14-'Entries June''25'!AK15)/10)*5455<0,"0",(('Entries June''25'!AK14-'Entries June''25'!AK15)/10)*5455) -> 0 | M14: =IF((('Entries June''25'!AL14-'Entries June''25'!AL15)/10)*5455<0,"0",(('Entries June''25'!AL14-'Entries June''25'!AL15)/10)*5455) -> 0 | N14: =IF(('Entries June''25'!AM14-'Entries June''25'!AM15)/2.2<0,"0",('Entries June''25'!AM14-'Entries June''25'!AM15)/2.2) -> 0 | O14: =IF(('Entries June''25'!AN14-'Entries June''25'!AN15)<0,"0",('Entries June''25'!AN14-'Entries June''25'!AN15)) -> 0 | T14: =S14-S13 -> 0 | W14: =V14-V13 -> 0 | Z14: =Y14-Y13 -> 0 | AC14: =AB14-AB13 -> 0 | AF14: =AE14-AE13 -> 0 | AI14: =AH14-AH13 -> 0 | AL14: =AK14-AK13 -> 0 | AO14: =AN14-AN13 -> 0 | AR14: =AQ14-AQ13 -> 0 | AU14: =AT14-AT13 -> 0 | AX14: =AW14-AW13 -> 0 | BA14: =AZ14-AZ13 -> 0 | BD14: =BC14-BC13 -> 0 | BG14: =BF14-BF13 -> 0 | BJ14: =BI14-BI13 -> 0 | BM14: =BL14-BL13 -> 0 | BP14: =BO14-BO13 -> 0 | BS14: =BR14-BR13 -> 0 | BV14: =BU14-BU13 -> 0 | BY14: =BX14-BX13 -> 0 | CB14: =CA14-CA13 -> 0 | CE14: =CD14-CD13 -> 0 | CH14: =CG14-CG13 -> 0 | CK14: =CJ14-CJ13 -> 0 | CN14: =CM14-CM13 -> 0 | CQ14: =CP14-CP13 -> 0 | CT14: =CS14-CS13 -> 0 | CW14: =CV14-CV13 -> 0 | CZ14: =CY14-CY13 -> 0
A15: 9 | B15: =IF('Entries June''25'!N16-'Entries June''25'!N15<1,"0",'Entries June''25'!N16-'Entries June''25'!N15) -> 0 | C15: 400 | D15: 0 | E15: =IF(D15=0,"0",(B15/D15)) -> 0 | F15: =IF(D15=0,"0",(C15/D15)) -> 0 | H15: ='Entries June''25'!L16-'Entries June''25'!L15 -> 0 | I15: =+$B15 -> 0 | L15: =IF((('Entries June''25'!AK15-'Entries June''25'!AK16)/10)*5455<0,"0",(('Entries June''25'!AK15-'Entries June''25'!AK16)/10)*5455) -> 0 | M15: =IF((('Entries June''25'!AL15-'Entries June''25'!AL16)/10)*5455<0,"0",(('Entries June''25'!AL15-'Entries June''25'!AL16)/10)*5455) -> 0 | N15: =IF(('Entries June''25'!AM15-'Entries June''25'!AM16)/2.2<0,"0",('Entries June''25'!AM15-'Entries June''25'!AM16)/2.2) -> 0 | O15: =IF(('Entries June''25'!AN15-'Entries June''25'!AN16)<0,"0",('Entries June''25'!AN15-'Entries June''25'!AN16)) -> 0 | T15: =S15-S14 -> 0 | W15: =V15-V14 -> 0 | Z15: =Y15-Y14 -> 0 | AC15: =AB15-AB14 -> 0 | AF15: =AE15-AE14 -> 0 | AI15: =AH15-AH14 -> 0 | AL15: =AK15-AK14 -> 0 | AO15: =AN15-AN14 -> 0 | AR15: =AQ15-AQ14 -> 0 | AU15: =AT15-AT14 -> 0 | AX15: =AW15-AW14 -> 0 | BA15: =AZ15-AZ14 -> 0 | BD15: =BC15-BC14 -> 0 | BG15: =BF15-BF14 -> 0 | BJ15: =BI15-BI14 -> 0 | BM15: =BL15-BL14 -> 0 | BP15: =BO15-BO14 -> 0 | BS15: =BR15-BR14 -> 0 | BV15: =BU15-BU14 -> 0 | BY15: =BX15-BX14 -> 0 | CB15: =CA15-CA14 -> 0 | CE15: =CD15-CD14 -> 0 | CH15: =CG15-CG14 -> 0 | CK15: =CJ15-CJ14 -> 0 | CN15: =CM15-CM14 -> 0 | CQ15: =CP15-CP14 -> 0 | CT15: =CS15-CS14 -> 0 | CW15: =CV15-CV14 -> 0 | CZ15: =CY15-CY14 -> 0
A16: 10 | B16: =IF('Entries June''25'!N17-'Entries June''25'!N16<1,"0",'Entries June''25'!N17-'Entries June''25'!N16) -> 59.21 | C16: 1700 | D16: 418.11 | E16: =IF(D16=0,"0",(B16/D16)) -> 0.14161345 | F16: =IF(D16=0,"0",(C16/D16)) -> 4.0659157 | H16: ='Entries June''25'!L17-'Entries June''25'!L16 -> 0 | I16: =+$B16 -> 59.21 | L16: =IF((('Entries June''25'!AK16-'Entries June''25'!AK17)/10)*5455<0,"0",(('Entries June''25'!AK16-'Entries June''25'!AK17)/10)*5455) -> 0 | M16: =IF((('Entries June''25'!AL16-'Entries June''25'!AL17)/10)*5455<0,"0",(('Entries June''25'!AL16-'Entries June''25'!AL17)/10)*5455) -> 0 | N16: =IF(('Entries June''25'!AM16-'Entries June''25'!AM17)/2.2<0,"0",('Entries June''25'!AM16-'Entries June''25'!AM17)/2.2) -> 0 | O16: =IF(('Entries June''25'!AN16-'Entries June''25'!AN17)<0,"0",('Entries June''25'!AN16-'Entries June''25'!AN17)) -> 0 | T16: =S16-S15 -> 0 | W16: =V16-V15 -> 0 | Z16: =Y16-Y15 -> 0 | AC16: =AB16-AB15 -> 0 | AF16: =AE16-AE15 -> 0 | AI16: =AH16-AH15 -> 0 | AL16: =AK16-AK15 -> 0 | AO16: =AN16-AN15 -> 0 | AR16: =AQ16-AQ15 -> 0 | AU16: =AT16-AT15 -> 0 | AX16: =AW16-AW15 -> 0 | BA16: =AZ16-AZ15 -> 0 | BD16: =BC16-BC15 -> 0 | BG16: =BF16-BF15 -> 0 | BJ16: =BI16-BI15 -> 0 | BM16: =BL16-BL15 -> 0 | BP16: =BO16-BO15 -> 0 | BS16: =BR16-BR15 -> 0 | BV16: =BU16-BU15 -> 0 | BY16: =BX16-BX15 -> 0 | CB16: =CA16-CA15 -> 0 | CE16: =CD16-CD15 -> 0 | CH16: =CG16-CG15 -> 0 | CK16: =CJ16-CJ15 -> 0 | CN16: =CM16-CM15 -> 0 | CQ16: =CP16-CP15 -> 0 | CT16: =CS16-CS15 -> 0 | CW16: =CV16-CV15 -> 0 | CZ16: =CY16-CY15 -> 0
A17: 11 | B17: =IF('Entries June''25'!N18-'Entries June''25'!N17<1,"0",'Entries June''25'!N18-'Entries June''25'!N17) -> 74.79 | C17: 2300 | D17: 475.992 | E17: =IF(D17=0,"0",(B17/D17)) -> 0.15712449 | F17: =IF(D17=0,"0",(C17/D17)) -> 4.832014 | H17: ='Entries June''25'!L18-'Entries June''25'!L17 -> 0 | I17: =+$B17 -> 74.79 | L17: =IF((('Entries June''25'!AK17-'Entries June''25'!AK18)/10)*5455<0,"0",(('Entries June''25'!AK17-'Entries June''25'!AK18)/10)*5455) -> 0 | M17: =IF((('Entries June''25'!AL17-'Entries June''25'!AL18)/10)*5455<0,"0",(('Entries June''25'!AL17-'Entries June''25'!AL18)/10)*5455) -> 0 | N17: =IF(('Entries June''25'!AM17-'Entries June''25'!AM18)/2.2<0,"0",('Entries June''25'!AM17-'Entries June''25'!AM18)/2.2) -> 0 | O17: =IF(('Entries June''25'!AN17-'Entries June''25'!AN18)<0,"0",('Entries June''25'!AN17-'Entries June''25'!AN18)) -> 0 | T17: =S17-S16 -> 0 | W17: =V17-V16 -> 0 | Z17: =Y17-Y16 -> 0 | AC17: =AB17-AB16 -> 0 | AF17: =AE17-AE16 -> 0 | AI17: =AH17-AH16 -> 0 | AL17: =AK17-AK16 -> 0 | AO17: =AN17-AN16 -> 0 | AR17: =AQ17-AQ16 -> 0 | AU17: =AT17-AT16 -> 0 | AX17: =AW17-AW16 -> 0 | BA17: =AZ17-AZ16 -> 0 | BD17: =BC17-BC16 -> 0 | BG17: =BF17-BF16 -> 0 | BJ17: =BI17-BI16 -> 0 | BM17: =BL17-BL16 -> 0 | BP17: =BO17-BO16 -> 0 | BS17: =BR17-BR16 -> 0 | BV17: =BU17-BU16 -> 0 | BY17: =BX17-BX16 -> 0 | CB17: =CA17-CA16 -> 0 | CE17: =CD17-CD16 -> 0 | CH17: =CG17-CG16 -> 0 | CK17: =CJ17-CJ16 -> 0 | CN17: =CM17-CM16 -> 0 | CQ17: =CP17-CP16 -> 0 | CT17: =CS17-CS16 -> 0 | CW17: =CV17-CV16 -> 0 | CZ17: =CY17-CY16 -> 0
A18: 12 | B18: =IF('Entries June''25'!N19-'Entries June''25'!N18<1,"0",'Entries June''25'!N19-'Entries June''25'!N18) -> 48.96 | C18: 2500 | D18: 339.834 | E18: =IF(D18=0,"0",(B18/D18)) -> 0.14407034 | F18: =IF(D18=0,"0",(C18/D18)) -> 7.3565329 | H18: ='Entries June''25'!L19-'Entries June''25'!L18 -> 0 | I18: =+$B18 -> 48.96 | L18: =IF((('Entries June''25'!AK18-'Entries June''25'!AK19)/10)*5455<0,"0",(('Entries June''25'!AK18-'Entries June''25'!AK19)/10)*5455) -> 0 | M18: =IF((('Entries June''25'!AL18-'Entries June''25'!AL19)/10)*5455<0,"0",(('Entries June''25'!AL18-'Entries June''25'!AL19)/10)*5455) -> 0 | N18: =IF(('Entries June''25'!AM18-'Entries June''25'!AM19)/2.2<0,"0",('Entries June''25'!AM18-'Entries June''25'!AM19)/2.2) -> 0 | O18: =IF(('Entries June''25'!AN18-'Entries June''25'!AN19)<0,"0",('Entries June''25'!AN18-'Entries June''25'!AN19)) -> 0 | T18: =S18-S17 -> 0 | W18: =V18-V17 -> 0 | Z18: =Y18-Y17 -> 0 | AC18: =AB18-AB17 -> 0 | AF18: =AE18-AE17 -> 0 | AI18: =AH18-AH17 -> 0 | AL18: =AK18-AK17 -> 0 | AO18: =AN18-AN17 -> 0 | AR18: =AQ18-AQ17 -> 0 | AU18: =AT18-AT17 -> 0 | AX18: =AW18-AW17 -> 0 | BA18: =AZ18-AZ17 -> 0 | BD18: =BC18-BC17 -> 0 | BG18: =BF18-BF17 -> 0 | BJ18: =BI18-BI17 -> 0 | BM18: =BL18-BL17 -> 0 | BP18: =BO18-BO17 -> 0 | BS18: =BR18-BR17 -> 0 | BV18: =BU18-BU17 -> 0 | BY18: =BX18-BX17 -> 0 | CB18: =CA18-CA17 -> 0 | CE18: =CD18-CD17 -> 0 | CH18: =CG18-CG17 -> 0 | CK18: =CJ18-CJ17 -> 0 | CN18: =CM18-CM17 -> 0 | CQ18: =CP18-CP17 -> 0 | CT18: =CS18-CS17 -> 0 | CW18: =CV18-CV17 -> 0 | CZ18: =CY18-CY17 -> 0
A19: 13 | B19: =IF('Entries June''25'!N20-'Entries June''25'!N19<1,"0",'Entries June''25'!N20-'Entries June''25'!N19) -> 62.45 | C19: 2500 | D19: 411.576 | E19: =IF(D19=0,"0",(B19/D19)) -> 0.15173382 | F19: =IF(D19=0,"0",(C19/D19)) -> 6.0742123 | H19: ='Entries June''25'!L20-'Entries June''25'!L19 -> 0 | I19: =+$B19 -> 62.45 | L19: =IF((('Entries June''25'!AK19-'Entries June''25'!AK20)/10)*5455<0,"0",(('Entries June''25'!AK19-'Entries June''25'!AK20)/10)*5455) -> 0 | M19: =IF((('Entries June''25'!AL19-'Entries June''25'!AL20)/10)*5455<0,"0",(('Entries June''25'!AL19-'Entries June''25'!AL20)/10)*5455) -> 0 | N19: =IF(('Entries June''25'!AM19-'Entries June''25'!AM20)/2.2<0,"0",('Entries June''25'!AM19-'Entries June''25'!AM20)/2.2) -> 0 | O19: =IF(('Entries June''25'!AN19-'Entries June''25'!AN20)<0,"0",('Entries June''25'!AN19-'Entries June''25'!AN20)) -> 0 | T19: =S19-S18 -> 0 | W19: =V19-V18 -> 0 | Z19: =Y19-Y18 -> 0 | AC19: =AB19-AB18 -> 0 | AF19: =AE19-AE18 -> 0 | AI19: =AH19-AH18 -> 0 | AL19: =AK19-AK18 -> 0 | AO19: =AN19-AN18 -> 0 | AR19: =AQ19-AQ18 -> 0 | AU19: =AT19-AT18 -> 0 | AX19: =AW19-AW18 -> 0 | BA19: =AZ19-AZ18 -> 0 | BD19: =BC19-BC18 -> 0 | BG19: =BF19-BF18 -> 0 | BJ19: =BI19-BI18 -> 0 | BM19: =BL19-BL18 -> 0 | BP19: =BO19-BO18 -> 0 | BS19: =BR19-BR18 -> 0 | BV19: =BU19-BU18 -> 0 | BY19: =BX19-BX18 -> 0 | CB19: =CA19-CA18 -> 0 | CE19: =CD19-CD18 -> 0 | CH19: =CG19-CG18 -> 0 | CK19: =CJ19-CJ18 -> 0 | CN19: =CM19-CM18 -> 0 | CQ19: =CP19-CP18 -> 0 | CT19: =CS19-CS18 -> 0 | CW19: =CV19-CV18 -> 0 | CZ19: =CY19-CY18 -> 0
... A30: 24 | B30: =IF('Entries June''25'!N31-'Entries June''25'!N30<1,"0",'Entries June''25'!N31-'Entries June''25'!N30) -> 45.61 | C30: 1800 | D30: 367.752 | E30: =IF(D30=0,"0",(B30/D30)) -> 0.1240238 | F30: =IF(D30=0,"0",(C30/D30)) -> 4.8946029 | H30: ='Entries June''25'!L31-'Entries June''25'!L30 -> 0 | I30: =+$B30 -> 45.61 | L30: =IF((('Entries June''25'!AK30-'Entries June''25'!AK31)/10)*5455<0,"0",(('Entries June''25'!AK30-'Entries June''25'!AK31)/10)*5455) -> 0 | M30: =IF((('Entries June''25'!AL30-'Entries June''25'!AL31)/10)*5455<0,"0",(('Entries June''25'!AL30-'Entries June''25'!AL31)/10)*5455) -> 0 | N30: =IF(('Entries June''25'!AM30-'Entries June''25'!AM31)/2.2<0,"0",('Entries June''25'!AM30-'Entries June''25'!AM31)/2.2) -> 0 | O30: =IF(('Entries June''25'!AN30-'Entries June''25'!AN31)<0,"0",('Entries June''25'!AN30-'Entries June''25'!AN31)) -> 0 | T30: =S30-S29 -> 0 | W30: =V30-V29 -> 0 | Z30: =Y30-Y29 -> 0 | AC30: =AB30-AB29 -> 0 | AF30: =AE30-AE29 -> 0 | AI30: =AH30-AH29 -> 0 | AL30: =AK30-AK29 -> 0 | AO30: =AN30-AN29 -> 0 | AR30: =AQ30-AQ29 -> 0 | AU30: =AT30-AT29 -> 0 | AX30: =AW30-AW29 -> 0 | BA30: =AZ30-AZ29 -> 0 | BD30: =BC30-BC29 -> 0 | BG30: =BF30-BF29 -> 0 | BJ30: =BI30-BI29 -> 0 | BM30: =BL30-BL29 -> 0 | BP30: =BO30-BO29 -> 0 | BS30: =BR30-BR29 -> 0 | BV30: =BU30-BU29 -> 0 | BY30: =BX30-BX29 -> 0 | CB30: =CA30-CA29 -> 0 | CE30: =CD30-CD29 -> 0 | CH30: =CG30-CG29 -> 0 | CK30: =CJ30-CJ29 -> 0 | CN30: =CM30-CM29 -> 0 | CQ30: =CP30-CP29 -> 0 | CT30: =CS30-CS29 -> 0 | CW30: =CV30-CV29 -> 0 | CZ30: =CY30-CY29 -> 0
A31: 25 | B31: =IF('Entries June''25'!N32-'Entries June''25'!N31<1,"0",'Entries June''25'!N32-'Entries June''25'!N31) -> 71.49 | C31: 2500 | D31: 663.3 | E31: =IF(D31=0,"0",(B31/D31)) -> 0.10777929 | F31: =IF(D31=0,"0",(C31/D31)) -> 3.7690336 | H31: ='Entries June''25'!L32-'Entries June''25'!L31 -> 0 | I31: =+$B31 -> 71.49 | L31: =IF((('Entries June''25'!AK31-'Entries June''25'!AK32)/10)*5455<0,"0",(('Entries June''25'!AK31-'Entries June''25'!AK32)/10)*5455) -> 0 | M31: =IF((('Entries June''25'!AL31-'Entries June''25'!AL32)/10)*5455<0,"0",(('Entries June''25'!AL31-'Entries June''25'!AL32)/10)*5455) -> 0 | N31: =IF(('Entries June''25'!AM31-'Entries June''25'!AM32)/2.2<0,"0",('Entries June''25'!AM31-'Entries June''25'!AM32)/2.2) -> 0 | O31: =IF(('Entries June''25'!AN31-'Entries June''25'!AN32)<0,"0",('Entries June''25'!AN31-'Entries June''25'!AN32)) -> 0 | T31: =SUM(T6:T29) -> 0 | W31: =SUM(W6:W29) -> 0 | Z31: =SUM(Z6:Z29) -> 0 | AC31: =SUM(AC6:AC29) -> 0 | AF31: =SUM(AF6:AF29) -> 0 | AI31: =SUM(AI6:AI29) -> 0 | AL31: =SUM(AL6:AL29) -> 0 | AO31: =SUM(AO6:AO29) -> 0 | AR31: =SUM(AR6:AR29) -> 0 | AU31: =SUM(AU6:AU29) -> 0 | AX31: =SUM(AX6:AX29) -> 0 | BA31: =SUM(BA6:BA29) -> 0 | BD31: =SUM(BD6:BD29) -> 0 | BG31: =SUM(BG6:BG29) -> 0 | BJ31: =SUM(BJ6:BJ29) -> 0 | BM31: =SUM(BM6:BM29) -> 0 | BP31: =SUM(BP6:BP29) -> 0 | BS31: =SUM(BS6:BS29) -> 0 | BV31: =SUM(BV6:BV29) -> 0 | BY31: =SUM(BY6:BY29) -> 0 | CB31: =SUM(CB6:CB29) -> 0 | CE31: =SUM(CE6:CE29) -> 0 | CH31: =SUM(CH6:CH29) -> 0 | CK31: =SUM(CK6:CK29) -> 0 | CN31: =SUM(CN6:CN29) -> 0 | CQ31: =SUM(CQ6:CQ29) -> 0 | CT31: =SUM(CT6:CT29) -> 0 | CW31: =SUM(CW6:CW29) -> 0 | CZ31: =SUM(CZ6:CZ29) -> 0
A32: 26 | B32: =IF('Entries June''25'!N33-'Entries June''25'!N32<1,"0",'Entries June''25'!N33-'Entries June''25'!N32) -> 67.77 | C32: 3800 | D32: 526.284 | E32: =IF(D32=0,"0",(B32/D32)) -> 0.12877078 | F32: =IF(D32=0,"0",(C32/D32)) -> 7.2204361 | H32: ='Entries June''25'!L33-'Entries June''25'!L32 -> 0 | I32: =+$B32 -> 67.77 | L32: =IF((('Entries June''25'!AK32-'Entries June''25'!AK33)/10)*5455<0,"0",(('Entries June''25'!AK32-'Entries June''25'!AK33)/10)*5455) -> 0 | M32: =IF((('Entries June''25'!AL32-'Entries June''25'!AL33)/10)*5455<0,"0",(('Entries June''25'!AL32-'Entries June''25'!AL33)/10)*5455) -> 0 | N32: =IF(('Entries June''25'!AM32-'Entries June''25'!AM33)/2.2<0,"0",('Entries June''25'!AM32-'Entries June''25'!AM33)/2.2) -> 0 | O32: =IF(('Entries June''25'!AN32-'Entries June''25'!AN33)<0,"0",('Entries June''25'!AN32-'Entries June''25'!AN33)) -> 0
A33: 27 | B33: =IF('Entries June''25'!N34-'Entries June''25'!N33<1,"0",'Entries June''25'!N34-'Entries June''25'!N33) -> 51.75 | C33: 2100 | D33: 402.204 | E33: =IF(D33=0,"0",(B33/D33)) -> 0.12866605 | F33: =IF(D33=0,"0",(C33/D33)) -> 5.221231 | H33: ='Entries June''25'!L34-'Entries June''25'!L33 -> 0 | I33: =+$B33 -> 51.75 | L33: =IF((('Entries June''25'!AK33-'Entries June''25'!AK34)/10)*5455<0,"0",(('Entries June''25'!AK33-'Entries June''25'!AK34)/10)*5455) -> 0 | M33: =IF((('Entries June''25'!AL33-'Entries June''25'!AL34)/10)*5455<0,"0",(('Entries June''25'!AL33-'Entries June''25'!AL34)/10)*5455) -> 0 | N33: =IF(('Entries June''25'!AM33-'Entries June''25'!AM34)/2.2<0,"0",('Entries June''25'!AM33-'Entries June''25'!AM34)/2.2) -> 0 | O33: =IF(('Entries June''25'!AN33-'Entries June''25'!AN34)<0,"0",('Entries June''25'!AN33-'Entries June''25'!AN34)) -> 0
A34: 28 | B34: =IF('Entries June''25'!N35-'Entries June''25'!N34<1,"0",'Entries June''25'!N35-'Entries June''25'!N34) -> 0 | C34: 0 | D34: 0 | E34: =IF(D34=0,"0",(B34/D34)) -> 0 | F34: =IF(D34=0,"0",(C34/D34)) -> 0 | H34: ='Entries June''25'!L35-'Entries June''25'!L34 -> 0 | I34: =+$B34 -> 0 | L34: =IF((('Entries June''25'!AK34-'Entries June''25'!AK35)/10)*5455<0,"0",(('Entries June''25'!AK34-'Entries June''25'!AK35)/10)*5455) -> 0 | M34: =IF((('Entries June''25'!AL34-'Entries June''25'!AL35)/10)*5455<0,"0",(('Entries June''25'!AL34-'Entries June''25'!AL35)/10)*5455) -> 0 | N34: =IF(('Entries June''25'!AM34-'Entries June''25'!AM35)/2.2<0,"0",('Entries June''25'!AM34-'Entries June''25'!AM35)/2.2) -> 0 | O34: =IF(('Entries June''25'!AN34-'Entries June''25'!AN35)<0,"0",('Entries June''25'!AN34-'Entries June''25'!AN35)) -> 0
A35: 29 | B35: =IF('Entries June''25'!N36-'Entries June''25'!N35<1,"0",'Entries June''25'!N36-'Entries June''25'!N35) -> 0 | C35: 0 | D35: 29.04 | E35: =IF(D35=0,"0",(B35/D35)) -> 0 | F35: =IF(D35=0,"0",(C35/D35)) -> 0
A36: 30 | B36: =IF('Entries June''25'!N37-'Entries June''25'!N36<1,"0",'Entries June''25'!N37-'Entries June''25'!N36) -> 39.73 | C36: 2000 | D36: 272.844 | E36: =IF(D36=0,"0",(B36/D36)) -> 0.14561434 | F36: =IF(D36=0,"0",(C36/D36)) -> 7.330196
B37: =IF('Entries June''25'!N38-'Entries June''25'!N37<1,"0",'Entries June''25'!N38-'Entries June''25'!N37) -> 0 | C37: 0 | D37: 0 | E37: =IF(D37=0,"0",(B37/D37)) -> 0 | F37: =IF(D37=0,"0",(C37/D37)) -> 0 | G37: TARGET | H37: %
A38: MTD | B38: =SUM(B7:B37) -> 1133.47 | C38: =SUM(C7:C37) -> 50700 | D38: =SUM(D7:D37) -> 8404.5408 | E38: =IF(D38=0,"0",(B38/D38)) -> 0.134864 | F38: =IF(D38=0,"0",(C38/D38)) -> 6.0324533 | G38: 5 | H38: =F38/G38*100 -> 120.64907

Sheet Daily KPIs CO2
A3: Utilities Daily Consumption
Y4: 1364
A5: 45809
B6: 1 | C6: 2 | D6: 3 | E6: 4 | F6: 5 | G6: 6 | H6: 7 | I6: 8 | J6: 9 | K6: 10 | L6: 11 | M6: 12 | N6: 13 | O6: 14 | P6: 15 | Q6: 16 | R6: 17 | S6: 18 | T6: 19 | U6: 20 | V6: 21 | W6: 22 | X6: 23 | Y6: 24 | Z6: 25 | AA6: 26 | AB6: 27 | AC6: 28 | AD6: 29 | AE6: 30 | AH6: Monthly Target
A7: Days | B7: Sun | C7: Mon | D7: Tue | E7: Wed | F7: Thu | G7: Fri | H7: Sat | I7: Sun | J7: Mon | K7: Tue | L7: Wed | M7: Thu | N7: Fri | O7: Sat | P7: Sun | Q7: Mon | R7: Tue | S7: Wed | T7: Thu | U7: Fri | V7: Sat | W7: Sun | X7: Mon | Y7: Tue | Z7: Wed | AA7: Thu | AB7: Fri | AC7: Sat | AD7: Sun | AE7: Mon | AG7: Total | AI7: Diff.
A8: Cases Produced | C8: ='Daily KPIs'!C8 -> 6609 | D8: ='Daily KPIs'!D8 -> 9769 | E8: ='Daily KPIs'!E8 -> 6037 | F8: ='Daily KPIs'!F8 -> 7524 | G8: ='Daily KPIs'!G8 -> 3999 | H8: ='Daily KPIs'!H8 -> 0 | I8: ='Daily KPIs'!I8 -> 0 | J8: ='Daily KPIs'!J8 -> 0 | ... AC8: ='Daily KPIs'!AC8 -> 0 | AF8: ='Daily KPIs'!AD8 -> 440 | AG8: =SUM($B8:AF8) -> 122654 | AH8: 96325 | AI8: =AG8-AH8 -> 26329
A9: HL produced | B9: ='Daily KPIs'!B9 -> 0 | C9: ='Daily KPIs'!C9 -> 455.6052 | D9: ='Daily KPIs'!D9 -> 644.754 | E9: ='Daily KPIs'!E9 -> 398.442 | F9: ='Daily KPIs'!F9 -> 496.584 | G9: ='Daily KPIs'!G9 -> 263.934 | H9: ='Daily KPIs'!H9 -> 0 | I9: ='Daily KPIs'!I9 -> 0 | ... AC9: ='Daily KPIs'!AC9 -> 0 | AF9: ='Daily KPIs'!AD9 -> 29.04 | AG9: =SUM($B9:AF9) -> 8131.6968
A10: Product Type | B10: ='Daily KPIs'!B10 -> 0 | C10: ='Daily KPIs'!C10 -> VM/ST | D10: ='Daily KPIs'!D10 -> ST | E10: ='Daily KPIs'!E10 -> ST/CB | F10: ='Daily KPIs'!F10 -> CB/SM/GN | G10: ='Daily KPIs'!G10 -> GN/CR | H10: ='Daily KPIs'!I10 -> 0 | I10: ='Daily KPIs'!J10 -> 0 | J10: ='Daily KPIs'!J10 -> 0 | K10: ='Daily KPIs'!K10 -> CB | L10: ='Daily KPIs'!L10 -> CB/Cbex | M10: ='Daily KPIs'!M10 -> Cbex/Rose/CB | N10: ='Daily KPIs'!N10 -> CB/GN | O10: ='Daily KPIs'!O10 -> 0 | P10: ='Daily KPIs'!P10 -> 0 | Q10: ='Daily KPIs'!Q10 -> MK/ST | ... Y10: ='Daily KPIs'!Y10 -> CB | AA10: ='Daily KPIs'!AA10 -> ST/CB | AB10: ='Daily KPIs'!AB10 -> CB/GO | AC10: ='Daily KPIs'!AC10 -> 0 | AF10: ='Daily KPIs'!AD10 -> KEGS
A13: Water (m3)
A14: Area | B14: 1 | C14: 2 | D14: 3 | E14: 4 | F14: 5 | G14: 6 | H14: 7 | I14: 8 | J14: 9 | K14: 10 | L14: 11 | M14: 12 | N14: 13 | O14: 14 | P14: 15 | Q14: 16 | R14: 17 | S14: 18 | T14: 19 | U14: 20 | V14: 21 | W14: 22 | X14: 23 | Y14: 24 | Z14: 25 | AA14: 26 | AB14: 27 | AC14: 28 | AD14: 29 | AE14: 30 | AF14: 31 | AG14: MTD
A15: Well Supply (from filtered water) | B15: =+'Water '!$C7 -> 0 | C15: =+'Water '!$C8 -> 0 | D15: =+'Water '!$C9 -> 0 | E15: =+'Water '!$C10 -> 0 | F15: =+'Water '!$C11 -> 0 | G15: =+'Water '!$C12 -> 0 | H15: =+'Water '!$C13 -> 0 | I15: =+'Water '!$C14 -> 0 | J15: =+'Water '!$C15 -> 0 | K15: =+'Water '!$C16 -> 0 | L15: =+'Water '!$C17 -> 0 | M15: =+'Water '!$C18 -> 0 | N15: =+'Water '!$C18 -> 0 | O15: =+'Water '!$C20 -> 0 | P15: =+'Water '!$C21 -> 0 | Q15: =+'Water '!$C22 -> 0 | R15: =+'Water '!$C23 -> 0 | S15: =+'Water '!$C24 -> 0 | T15: =+'Water '!$C25 -> 0 | U15: =+'Water '!$C26 -> 0 | V15: =+'Water '!$C27 -> 0 | W15: =+'Water '!$C28 -> 0 | X15: =+'Water '!$C29 -> 0 | Y15: =+'Water '!$C30 -> 0 | Z15: =+'Water '!$C31 -> 0 | AA15: =+'Water '!$C32 -> 0 | AB15: =+'Water '!$C33 -> 0 | AC15: =+'Water '!$C34 -> 0 | AD15: =+'Water '!$C31 -> 0 | AE15: =+'Water '!$C32 -> 0 | AF15: =+'Water '!$C33 -> 0 | AG15: =SUM($B15:AF15) -> 0
A16: Nawasa Supply | B16: =+'Water '!$D7 -> 0 | C16: =+'Water '!$D8 -> 267 | D16: =+'Water '!$D9 -> 288 | E16: =+'Water '!$D10 -> 198 | F16: =+'Water '!$D11 -> 141 | G16: =+'Water '!$D12 -> 223 | H16: =+'Water '!$D13 -> 0 | I16: =+'Water '!$D14 -> 0 | J16: =+'Water '!$D15 -> 0 | K16: =+'Water '!$D16 -> 171 | L16: =+'Water '!$D17 -> 304 | M16: =+'Water '!$D18 -> 24 | N16: =+'Water '!$D19 -> 69 | O16: =+'Water '!$D20 -> 0 | P16: =+'Water '!$D21 -> 0 | Q16: =+'Water '!$D22 -> 160 | R16: =+'Water '!$D23 -> 358 | S16: =+'Water '!$D24 -> 223 | T16: =+'Water '!$D25 -> 0 | U16: =+'Water '!$D26 -> 266 | V16: =+'Water '!$D27 -> 0 | W16: =+'Water '!$D28 -> 0 | X16: =+'Water '!$D29 -> 126 | Y16: =+'Water '!$D30 -> 263 | Z16: =+'Water '!$D31 -> 386 | AA16: =+'Water '!$D32 -> 205 | AB16: =+'Water '!$D33 -> 109 | AC16: =+'Water '!$D34 -> 5 | AD16: =+'Water '!$D31 -> 386 | AE16: =+'Water '!$D32 -> 205 | AF16: =+'Water '!$D33 -> 109 | AG16: =SUM($B16:AF16) -> 4486
A17: Annanale Supply | B17: =+'Water '!$E7 -> 71 | C17: =+'Water '!$E8 -> 188 | D17: =+'Water '!$E9 -> 132 | E17: =+'Water '!$E10 -> 171 | F17: =+'Water '!$E11 -> 262 | G17: =+'Water '!$E12 -> 287 | H17: =+'Water '!$E13 -> 0 | I17: =+'Water '!$E14 -> 88 | J17: =+'Water '!$E15 -> 0 | K17: =+'Water '!$E16 -> 136 | L17: =+'Water '!$E17 -> 172 | M17: =+'Water '!$E18 -> 269 | N17: =+'Water '!$E19 -> 277 | O17: =+'Water '!$E20 -> 149 | P17: =+'Water '!$E21 -> 88 | Q17: =+'Water '!$E22 -> 200 | R17: =+'Water '!$E23 -> 146 | S17: =+'Water '!$E24 -> 143 | T17: =+'Water '!$E25 -> 0 | U17: =+'Water '!$E26 -> 208 | V17: =+'Water '!$E27 -> 18 | W17: =+'Water '!$E28 -> 78 | X17: =+'Water '!$E29 -> 189 | Y17: =+'Water '!$E30 -> 91 | Z17: =+'Water '!$E31 -> 136 | AA17: =+'Water '!$E32 -> 266 | AB17: =+'Water '!$E33 -> 272 | AC17: =+'Water '!$E34 -> 168 | AD17: =+'Water '!$E31 -> 136 | AE17: =+'Water '!$E32 -> 266 | AF17: =+'Water '!$E33 -> 272 | AG17: =SUM($B17:AF17) -> 4879
A18: Total Water Supply | B18: =SUM(B15:B17) -> 71 | C18: =SUM(C15:C17) -> 455 | D18: =SUM(D15:D17) -> 420 | E18: =SUM(E15:E17) -> 369 | F18: =SUM(F15:F17) -> 403 | G18: =SUM(G15:G17) -> 510 | H18: =SUM(H15:H17) -> 0 | I18: =SUM(I15:I17) -> 88 | ... AF18: =SUM(AF15:AF17) -> 381 | AG18: =SUM($B18:AF18) -> 9365
AG20: =SUM($B20:AF20) -> 0
A21: Theoretical permeate | B21: =0.73*(B96+B15) -> 52.56 | C21: =0.73*(C96+C15) -> 146 | D21: =0.73*(D96+D15) -> 101.47 | E21: =0.73*(E96+E15) -> 132.13 | F21: =0.73*(F96+F15) -> 201.48 | G21: =0.73*(G96+G15) -> 220.46 | H21: =0.73*(H96+H15) -> 0 | I21: =0.73*(I96+I15) -> 67.89 | ... AF21: =0.73*(AF96+AF15) -> 0 | AG21: =SUM($B21:AF21) -> 3709.86 | AH21: =AG24+AG37+AG28 -> 10025 | AJ21: =(AH21*10)/AG9 -> 12.3283
E22: =0.73*(E97+E16) -> 144.54
A23: Permeate Produced | B23: ='Water '!R7 -> 0 | C23: ='Water '!R8 -> 0 | D23: ='Water '!R9 -> 0 | E23: ='Water '!R10 -> 0 | F23: ='Water '!R11 -> 0 | G23: ='Water '!R12 -> 0 | H23: ='Water '!R13 -> 0 | I23: ='Water '!R14 -> 0 | J23: ='Water '!R15 -> 0 | K23: ='Water '!R16 -> 0 | L23: ='Water '!R17 -> 0 | M23: ='Water '!R18 -> 0 | N23: ='Water '!R19 -> 0 | O23: ='Water '!R20 -> 0 | P23: ='Water '!R21 -> 0 | Q23: ='Water '!R22 -> 0 | R23: ='Water '!R23 -> 0 | S23: ='Water '!R24 -> 0 | T23: ='Water '!R25 -> 0 | U23: ='Water '!R26 -> 0 | V23: ='Water '!R27 -> 0 | W23: ='Water '!R28 -> 0 | X23: ='Water '!R29 -> 0 | Y23: ='Water '!R30 -> 0 | Z23: ='Water '!R31 -> 0 | AA23: ='Water '!R32 -> 0 | AB23: ='Water '!R33 -> 0 | AC23: ='Water '!R34 -> 0 | AD23: ='Water '!V31 -> 0 | AE23: ='Water '!V32 -> 7 | AF23: ='Water '!V33 -> 2 | AG23: =SUM($B23:AF23) -> 9
A24: Service Water Plant Supply | B24: ='Water '!H7 -> 12 | C24: ='Water '!H8 -> 335 | D24: ='Water '!H9 -> 294 | E24: ='Water '!H10 -> 228 | F24: ='Water '!H11 -> 305 | G24: ='Water '!H12 -> 225 | H24: ='Water '!H13 -> 47 | I24: ='Water '!H14 -> 71 | J24: ='Water '!H15 -> 6 | K24: ='Water '!H16 -> 270 | L24: ='Water '!H17 -> 287 | M24: ='Water '!H18 -> 259 | N24: ='Water '!H19 -> 248 | O24: ='Water '!H20 -> 152 | P24: ='Water '!H21 -> 9 | Q24: ='Water '!H22 -> 258 | R24: ='Water '!H23 -> 288 | S24: ='Water '!H24 -> 267 | T24: ='Water '!H25 -> 11 | U24: ='Water '!H26 -> 0 | V24: ='Water '!H27 -> 1057 | W24: ='Water '!H28 -> 4 | X24: ='Water '!H29 -> 295 | Y24: ='Water '!H30 -> 233 | Z24: ='Water '!H31 -> 312 | AA24: ='Water '!H32 -> 257 | AB24: ='Water '!H33 -> 249 | AC24: ='Water '!H34 -> 96 | AD24: ='Water '!L31 -> 0 | AE24: ='Water '!L32 -> 0 | AF24: ='Water '!L33 -> 0 | AG24: =SUM($B24:AF24) -> 6075
A25: Water consumption | B25: =SUM(B23:B24) -> 12 | C25: =SUM(C23:C24) -> 335 | D25: =SUM(D23:D24) -> 294 | E25: =SUM(E23:E24) -> 228 | F25: =SUM(F23:F24) -> 305 | G25: =SUM(G23:G24) -> 225 | H25: =SUM(H23:H24) -> 47 | I25: =SUM(I23:I24) -> 71 | ... AF25: =SUM(AF23:AF24) -> 2 | AG25: =SUM($B25:AF25) -> 6084
B26: =IF(B$9=0,"",+(B25*10)/B$9) | C26: =IF(C$9=0,"",+(C25*10)/C$9) -> 7.3528573 | D26: =IF(D$9=0,"",+(D25*10)/D$9) -> 4.5598787 | E26: =IF(E$9=0,"",+(E25*10)/E$9) -> 5.7222883 | F26: =IF(F$9=0,"",+(F25*10)/F$9) -> 6.1419619 | G26: =IF(G$9=0,"",+(G25*10)/G$9) -> 8.5248585 | H26: =IF(H$9=0,"",+(H25*10)/H$9) | I26: =IF(I$9=0,"",+(I25*10)/I$9) | ... AF26: =IF(AF$9=0,"",+(AF25*10)/AF$9) -> 0.68870523
A27: Water Consumption detail | AG27: =SUM($B27:AF27) -> 0
A28: Brewhouse / Old Pepsi Area | B28: =+'Water '!$J7 -> 0 | C28: =+'Water '!$J8 -> 113 | D28: =+'Water '!$J9 -> 130 | E28: =+'Water '!$J10 -> 173 | F28: =+'Water '!$J11 -> 222 | G28: =+'Water '!$J12 -> 122 | H28: =+'Water '!$J13 -> 1 | I28: =+'Water '!$J14 -> 0 | J28: =+'Water '!$J15 -> 0 | K28: =+'Water '!$J16 -> 100 | L28: =+'Water '!$J17 -> 180 | M28: =+'Water '!$J18 -> 129 | N28: =+'Water '!$J19 -> 135 | O28: =+'Water '!$J20 -> 74 | P28: =+'Water '!$J21 -> 0 | Q28: =+'Water '!$J22 -> 107 | R28: =+'Water '!$J23 -> 177 | S28: =+'Water '!$J24 -> 105 | T28: =+'Water '!$J25 -> 0 | U28: =+'Water '!$J26 -> 12 | V28: =+'Water '!$J27 -> 0 | W28: =+'Water '!$J28 -> 0 | X28: =+'Water '!$J29 -> 67 | Y28: =+'Water '!$J30 -> 214 | Z28: =+'Water '!$J31 -> 162 | AA28: =+'Water '!$J32 -> 195 | AB28: =+'Water '!$J33 -> 148 | AC28: =+'Water '!$J34 -> 209 | AD28: =+'Water '!$J31 -> 162 | AE28: =+'Water '!$J32 -> 195 | AF28: =+'Water '!$J33 -> 148 | AG28: =SUM($B28:AF28) -> 3280
A29: Spent Grains/Wash-down Areas | B29: ='Water '!X7 -> 0 | C29: ='Water '!X8 -> 0 | D29: ='Water '!X9 -> 0 | E29: ='Water '!X10 -> 0 | F29: ='Water '!X11 -> 0 | G29: ='Water '!X12 -> 0 | H29: ='Water '!X13 -> 0 | I29: ='Water '!X14 -> 0 | J29: ='Water '!X15 -> 0 | K29: ='Water '!X16 -> 0 | L29: ='Water '!X17 -> 0 | M29: ='Water '!X18 -> 0 | N29: ='Water '!X19 -> 0 | O29: ='Water '!X20 -> 0 | P29: ='Water '!X21 -> 0 | Q29: ='Water '!X22 -> 0 | R29: ='Water '!X23 -> 0 | S29: ='Water '!X24 -> 0 | T29: ='Water '!X25 -> 0 | U29: ='Water '!X26 -> 0 | V29: ='Water '!X27 -> 0 | W29: ='Water '!X28 -> 0 | X29: ='Water '!X29 -> 0 | Y29: ='Water '!X30 -> 0 | Z29: ='Water '!X31 -> 0 | AA29: ='Water '!X32 -> 0 | AB29: ='Water '!X33 -> 0 | AC29: ='Water '!X34 -> 0 | AD29: ='Water '!AB31 -> 7.8697422 | AE29: ='Water '!AB32 -> 8.9495406 | AF29: ='Water '!AB33 -> 9.4728048 | AG29: =SUM($B29:AF29) -> 26.292088
A30: Whirlpool
A31: Filtration/Cellars | B31: =+'Water '!$K7 -> 0 | C31: =+'Water '!$K8 -> 0 | D31: =+'Water '!$K9 -> 0 | E31: =+'Water '!$K10 -> 0 | F31: =+'Water '!$K11 -> 0 | G31: =+'Water '!$K12 -> 0 | H31: =+'Water '!$K13 -> 0 | I31: =+'Water '!$K14 -> 0 | J31: =+'Water '!$K15 -> 0 | K31: =+'Water '!$K16 -> 0 | L31: =+'Water '!$K17 -> 0 | M31: =+'Water '!$K18 -> 0 | N31: =+'Water '!$K19 -> 0 | O31: =+'Water '!$K19 -> 0 | P31: =+'Water '!$K19 -> 0 | Q31: =+'Water '!$K22 -> 0 | R31: =+'Water '!$K22 -> 0 | S31: =+'Water '!$K22 -> 0 | T31: =+'Water '!$K25 -> 0 | U31: =+'Water '!$K26 -> 0 | V31: =+'Water '!$K27 -> 0 | W31: =+'Water '!$K28 -> 0 | X31: =+'Water '!$K29 -> 0 | Y31: =+'Water '!$K30 -> 0 | Z31: =+'Water '!$K31 -> 0 | AA31: =+'Water '!$K32 -> 0 | AB31: =+'Water '!$K33 -> 0 | AC31: =+'Water '!$K34 -> 0 | AD31: =+'Water '!$K31 -> 0 | AE31: =+'Water '!$K32 -> 0 | AF31: =+'Water '!$K33 -> 0 | AG31: =SUM($B31:AF31) -> 0
A32: Processing/Cellars | B32: ='Water '!L7 -> 0 | C32: ='Water '!L8 -> 0 | D32: ='Water '!L9 -> 0 | E32: ='Water '!L10 -> 0 | F32: ='Water '!L11 -> 0 | G32: ='Water '!L12 -> 0 | H32: ='Water '!L13 -> 0 | I32: ='Water '!L14 -> 0 | J32: ='Water '!L15 -> 0 | K32: ='Water '!L16 -> 0 | L32: ='Water '!L17 -> 0 | M32: ='Water '!L18 -> 0 | N32: ='Water '!L19 -> 0 | O32: ='Water '!M19 -> 3 | P32: ='Water '!N19 -> 31 | Q32: ='Water '!L22 -> 0 | R32: ='Water '!M22 -> 38 | S32: ='Water '!N22 -> 47 | T32: ='Water '!L25 -> 0 | U32: ='Water '!L26 -> 0 | V32: ='Water '!L27 -> 0 | W32: ='Water '!L28 -> 0 | X32: ='Water '!L29 -> 0 | Y32: ='Water '!L30 -> 0 | Z32: ='Water '!L31 -> 0 | AA32: ='Water '!L32 -> 0 | AB32: ='Water '!L33 -> 0 | AC32: ='Water '!L34 -> 0 | AD32: ='Water '!P31 -> 24 | AE32: ='Water '!P32 -> 20 | AF32: ='Water '!P33 -> 56 | AG32: =SUM($B32:AF32) -> 219
A33: CIP Process | B33: =+'Water '!$N7 -> 0 | C33: =+'Water '!$N8 -> 85 | D33: =+'Water '!$N9 -> 51 | E33: =+'Water '!$N10 -> 31 | F33: =+'Water '!$N11 -> 56 | G33: =+'Water '!$N12 -> 60 | H33: =+'Water '!$N13 -> 5 | I33: =+'Water '!$N14 -> 0 | J33: =+'Water '!$N15 -> 0 | K33: =+'Water '!$N16 -> 47 | L33: =+'Water '!$N17 -> 43 | M33: =+'Water '!$N18 -> 64 | N33: =+'Water '!$N19 -> 31 | O33: =+'Water '!$N19 -> 31 | P33: =+'Water '!$N19 -> 31 | Q33: =+'Water '!$N22 -> 47 | R33: =+'Water '!$N22 -> 47 | S33: =+'Water '!$N22 -> 47 | T33: =+'Water '!$N25 -> 0 | U33: =+'Water '!$N26 -> 21 | V33: =+'Water '!$N27 -> 0 | W33: =+'Water '!$N28 -> 0 | X33: =+'Water '!$N29 -> 64 | Y33: =+'Water '!$N30 -> 39 | Z33: =+'Water '!$N31 -> 38 | AA33: =+'Water '!$N32 -> 43 | AB33: =+'Water '!$N33 -> 64 | AC33: =+'Water '!$N34 -> 19 | AD33: =+'Water '!$N31 -> 38 | AE33: =+'Water '!$N32 -> 43 | AF33: =+'Water '!$N33 -> 64 | AG33: =SUM($B33:AF33) -> 1109 | AJ33: =34294/2.2 -> 15588.182
A34: Bottles Washer | B34: =+'Water '!$O7 -> 27 | C34: =+'Water '!$O8 -> 113 | D34: =+'Water '!$O9 -> 158 | E34: =+'Water '!$O10 -> 113 | F34: =+'Water '!$O11 -> 150 | G34: =+'Water '!$O12 -> 94 | H34: =+'Water '!$O13 -> 5 | I34: =+'Water '!$O14 -> 59 | J34: =+'Water '!$O15 -> 0 | K34: =+'Water '!$O16 -> 140 | L34: =+'Water '!$O17 -> 158 | M34: =+'Water '!$O18 -> 110 | N34: =+'Water '!$O19 -> 126 | O34: =+'Water '!$O19 -> 126 | P34: =+'Water '!$O19 -> 126 | Q34: =+'Water '!$O19 -> 126 | R34: =+'Water '!$O19 -> 126 | S34: =+'Water '!$O19 -> 126 | T34: =+'Water '!$O25 -> 0 | U34: =+'Water '!$O26 -> 115 | V34: =+'Water '!$O27 -> 31 | W34: =+'Water '!$O28 -> 0 | X34: =+'Water '!$O29 -> 145 | Y34: =+'Water '!$O30 -> 103 | Z34: =+'Water '!$O31 -> 177 | AA34: =+'Water '!$O32 -> 141 | AB34: =+'Water '!$O33 -> 112 | AC34: =+'Water '!$O34 -> 7 | AD34: =+'Water '!$O31 -> 177 | AE34: =+'Water '!$O32 -> 141 | AF34: =+'Water '!$O33 -> 112 | AG34: =SUM($B34:AF34) -> 3144
A35: Bottle Filler | B35: =IF('Entries June''25'!AC8-'Entries June''25'!AC7<1,0,'Entries June''25'!AC8-'Entries June''25'!AC7) -> 0 | C35: =IF('Entries June''25'!AC9-'Entries June''25'!AC8<1,0,'Entries June''25'!AC9-'Entries June''25'!AC8) -> 0 | D35: =IF('Entries June''25'!AC10-'Entries June''25'!AC9<1,0,'Entries June''25'!AC10-'Entries June''25'!AC9) -> 42 | E35: =IF('Entries June''25'!AC11-'Entries June''25'!AC10<1,0,'Entries June''25'!AC11-'Entries June''25'!AC10) -> 22 | F35: =IF('Entries June''25'!AC12-'Entries June''25'!AC11<1,0,'Entries June''25'!AC12-'Entries June''25'!AC11) -> 23 | G35: =IF('Entries June''25'!AC13-'Entries June''25'!AC12<1,0,'Entries June''25'!AC13-'Entries June''25'!AC12) -> 17 | H35: =IF('Entries June''25'!AC14-'Entries June''25'!AC13<1,0,'Entries June''25'!AC14-'Entries June''25'!AC13) -> 2 | I35: =IF('Entries June''25'!AC15-'Entries June''25'!AC14<1,0,'Entries June''25'!AC15-'Entries June''25'!AC14) -> 0 | J35: =IF('Entries June''25'!AC16-'Entries June''25'!AC15<1,0,'Entries June''25'!AC16-'Entries June''25'!AC15) -> 0 | K35: =IF('Entries June''25'!AC17-'Entries June''25'!AC16<1,0,'Entries June''25'!AC17-'Entries June''25'!AC16) -> 0 | L35: =IF('Entries June''25'!AC18-'Entries June''25'!AC17<1,0,'Entries June''25'!AC18-'Entries June''25'!AC17) -> 0 | M35: =IF('Entries June''25'!AC19-'Entries June''25'!AC18<1,0,'Entries June''25'!AC19-'Entries June''25'!AC18) -> 65 | N35: =IF('Entries June''25'!AC20-'Entries June''25'!AC19<1,0,'Entries June''25'!AC20-'Entries June''25'!AC19) -> 20 | O35: =IF('Entries June''25'!AC21-'Entries June''25'!AC20<1,0,'Entries June''25'!AC21-'Entries June''25'!AC20) -> 1 | P35: =IF('Entries June''25'!AC22-'Entries June''25'!AC21<1,0,'Entries June''25'!AC22-'Entries June''25'!AC21) -> 0 | Q35: =IF('Entries June''25'!AC23-'Entries June''25'!AC22<1,0,'Entries June''25'!AC23-'Entries June''25'!AC22) -> 20 | R35: =IF('Entries June''25'!AC24-'Entries June''25'!AC23<1,0,'Entries June''25'!AC24-'Entries June''25'!AC23) -> 24 | S35: =IF('Entries June''25'!AC25-'Entries June''25'!AC24<1,0,'Entries June''25'!AC25-'Entries June''25'!AC24) -> 19 | T35: =IF('Entries June''25'!AC26-'Entries June''25'!AC25<1,0,'Entries June''25'!AC26-'Entries June''25'!AC25) -> 0 | U35: =IF('Entries June''25'!AC27-'Entries June''25'!AC26<1,0,'Entries June''25'!AC27-'Entries June''25'!AC26) -> 16 | V35: =IF('Entries June''25'!AC28-'Entries June''25'!AC27<1,0,'Entries June''25'!AC28-'Entries June''25'!AC27) -> 0 | W35: =IF('Entries June''25'!$AC29-'Entries June''25'!$AC28<1,0,'Entries June''25'!$AC29-'Entries June''25'!$AC28) -> 0 | X35: =IF('Entries June''25'!$AC30-'Entries June''25'!$AC29<1,0,'Entries June''25'!$AC30-'Entries June''25'!$AC29) -> 12 | Y35: =IF('Entries June''25'!$AC31-'Entries June''25'!$AC30<1,0,'Entries June''25'!$AC31-'Entries June''25'!$AC30) -> 22 | Z35: =IF('Entries June''25'!$AC32-'Entries June''25'!$AC31<1,0,'Entries June''25'!$AC32-'Entries June''25'!$AC31) -> 24 | AA35: =IF('Entries June''25'!$AC33-'Entries June''25'!$AC32<1,0,'Entries June''25'!$AC33-'Entries June''25'!$AC32) -> 20 | AB35: =IF('Entries June''25'!$AC34-'Entries June''25'!$AC33<1,0,'Entries June''25'!$AC34-'Entries June''25'!$AC33) -> 56 | AC35: =IF('Entries June''25'!$AC35-'Entries June''25'!$AC34<1,0,'Entries June''25'!$AC35-'Entries June''25'!$AC34) -> 0 | AD35: =IF('Entries June''25'!$AC32-'Entries June''25'!$AC31<1,0,'Entries June''25'!$AC32-'Entries June''25'!$AC31) -> 24 | AE35: =IF('Entries June''25'!$AC33-'Entries June''25'!$AC32<1,0,'Entries June''25'!$AC33-'Entries June''25'!$AC32) -> 20 | AF35: =IF('Entries June''25'!$AC34-'Entries June''25'!$AC33<1,0,'Entries June''25'!$AC34-'Entries June''25'!$AC33) -> 56 | AG35: =SUM($B35:AF35) -> 505
A36: Pasteuriser | B36: =+'Water '!$M7 -> 0 | C36: =+'Water '!$M8 -> 19 | D36: =+'Water '!$M9 -> 0 | E36: =+'Water '!$M10 -> 0 | F36: =+'Water '!$M11 -> 8 | G36: =+'Water '!$M12 -> 0 | H36: =+'Water '!$M13 -> 0 | I36: =+'Water '!$M14 -> 0 | J36: =+'Water '!$M15 -> 0 | K36: =+'Water '!$M16 -> 6 | L36: =+'Water '!$M17 -> 0 | M36: =+'Water '!$M18 -> 0 | N36: =+'Water '!$M19 -> 3 | O36: =+'Water '!$M20 -> 15 | P36: =+'Water '!$M21 -> 0 | Q36: =+'Water '!$M22 -> 38 | R36: =+'Water '!$M23 -> 8 | S36: =+'Water '!$M24 -> 10 | T36: =+'Water '!$M25 -> 0 | U36: =+'Water '!$M26 -> 16 | V36: =+'Water '!$M27 -> 0 | W36: =+'Water '!$M28 -> 0 | X36: =+'Water '!$M29 -> 10 | Y36: =+'Water '!$M30 -> 0 | Z36: =+'Water '!$M31 -> 0 | AA36: =+'Water '!$M32 -> 0 | AB36: =+'Water '!$M33 -> 10 | AC36: =+'Water '!$M34 -> 0 | AD36: =+'Water '!$M31 -> 0 | AE36: =+'Water '!$M32 -> 0 | AF36: =+'Water '!$M33 -> 10 | AG36: =SUM($B36:AF36) -> 153
A37: Boiler Supply | B37: =+'Water '!$Q7 -> 1 | C37: =+'Water '!$Q8 -> 25 | D37: =+'Water '!$Q9 -> 20 | E37: =+'Water '!$Q10 -> 16 | F37: =+'Water '!$Q11 -> 20 | G37: =+'Water '!$Q12 -> 15 | H37: =+'Water '!$Q13 -> 0 | I37: =+'Water '!$Q14 -> 1 | J37: =+'Water '!$Q15 -> 3 | K37: =+'Water '!$Q16 -> 17 | L37: =+'Water '!$Q17 -> 18 | M37: =+'Water '!$Q18 -> 27 | N37: =+'Water '!$Q19 -> 27 | O37: =+'Water '!$Q19 -> 27 | P37: =+'Water '!$Q21 -> 7 | Q37: =+'Water '!$Q22 -> 33 | R37: =+'Water '!$Q22 -> 33 | S37: =+'Water '!$Q24 -> 21 | T37: =+'Water '!$Q25 -> 18 | U37: =+'Water '!$Q26 -> 77 | V37: =+'Water '!$Q27 -> 24 | W37: =+'Water '!$Q28 -> 0 | X37: =+'Water '!$Q29 -> 34 | Y37: =+'Water '!$Q30 -> 23 | Z37: =+'Water '!$Q31 -> 31 | AA37: =+'Water '!$Q32 -> 28 | AB37: =+'Water '!$Q33 -> 29 | AC37: =+'Water '!$Q34 -> 7 | AD37: =+'Water '!$Q31 -> 31 | AE37: =+'Water '!$Q32 -> 28 | AF37: =+'Water '!$Q33 -> 29 | AG37: =SUM($B37:AF37) -> 670
A38: Backwash Supply | AG38: =SUM($B38:AF38) -> 0
A39: Refrigeration Unit | B39: ='Water '!Y7 -> 0 | C39: ='Water '!Y8 -> 0 | D39: ='Water '!Y9 -> 0 | E39: ='Water '!Y10 -> 0 | F39: ='Water '!Y11 -> 0 | G39: ='Water '!Y12 -> 0 | H39: ='Water '!Y13 -> 0 | I39: ='Water '!Y14 -> 0 | J39: ='Water '!Y15 -> 0 | K39: ='Water '!Y16 -> 0 | L39: ='Water '!Y17 -> 0 | M39: ='Water '!Y18 -> 0 | N39: ='Water '!Y19 -> 0 | O39: ='Water '!Y20 -> 0 | P39: ='Water '!Y21 -> 0 | Q39: ='Water '!Y22 -> 0 | R39: ='Water '!Y23 -> 0 | S39: ='Water '!Y24 -> 0 | T39: ='Water '!Y25 -> 0 | U39: ='Water '!Y26 -> 0 | V39: ='Water '!Y27 -> 0 | W39: ='Water '!Y28 -> 0 | X39: ='Water '!Y29 -> 0 | Y39: ='Water '!Y30 -> 0 | Z39: ='Water '!Y31 -> 0 | AA39: ='Water '!Y32 -> 0 | AB39: ='Water '!Y33 -> 0 | AC39: ='Water '!Y34 -> 0 | AD39: ='Water '!AC31 -> 0 | AE39: ='Water '!AC32 -> 0 | AF39: ='Water '!AC33 -> 0 | AG39: =SUM($B39:AF39) -> 0
A40: CO2 Scrubber | B40: ='Water '!I7 -> 0 | C40: ='Water '!I8 -> 0 | D40: ='Water '!I9 -> 0 | E40: ='Water '!I10 -> 0 | F40: ='Water '!I11 -> 0 | G40: ='Water '!I12 -> 0 | H40: ='Water '!I13 -> 0 | I40: ='Water '!I14 -> 0 | J40: ='Water '!I15 -> 0 | K40: ='Water '!I16 -> 0 | L40: ='Water '!J16 -> 100 | M40: ='Water '!K16 -> 0 | N40: ='Water '!I19 -> 0 | O40: ='Water '!I20 -> 0 | P40: ='Water '!I21 -> 0 | Q40: ='Water '!I22 -> 0 | R40: ='Water '!I23 -> 0 | S40: ='Water '!I24 -> 0 | T40: ='Water '!I25 -> 0 | U40: ='Water '!I26 -> 0 | V40: ='Water '!I27 -> 0 | W40: ='Water '!I28 -> 0 | X40: ='Water '!I29 -> 0 | Y40: ='Water '!I30 -> 0 | Z40: ='Water '!I31 -> 0 | AA40: ='Water '!I32 -> 0 | AB40: ='Water '!I33 -> 0 | AC40: ='Water '!I34 -> 0 | AD40: ='Water '!M31 -> 0 | AE40: ='Water '!M32 -> 0 | AF40: ='Water '!M33 -> 10 | AG40: =SUM($B40:AF40) -> 110
A41: Personnel Consumption
A42: Total water consumption (M3) | B42: =SUM(B28:B41) -> 28 | C42: =SUM(C28:C41) -> 355 | D42: =SUM(D28:D41) -> 401 | E42: =SUM(E28:E41) -> 355 | F42: =SUM(F28:F41) -> 479 | G42: =SUM(G28:G41) -> 308 | H42: =SUM(H28:H41) -> 13 | I42: =SUM(I28:I41) -> 60 | ... AF42: =SUM(AF28:AF41) -> 494.4728 | AG42: =SUM($B42:AF42) -> 9216.2921
A45: CO2 (kg.) (Tank Gauges)
A47: CO2 (kg.) (Ex. Vap'r) | B47: =IF('Entries June''25'!M8-'Entries June''25'!M7<1,0,'Entries June''25'!M8-'Entries June''25'!M7) -> 0 | C47: =IF('Entries June''25'!M9-'Entries June''25'!M8<1,0,'Entries June''25'!M9-'Entries June''25'!M8) -> 0 | D47: =IF('Entries June''25'!M10-'Entries June''25'!M9<1,0,'Entries June''25'!M10-'Entries June''25'!M9) -> 0 | E47: =IF('Entries June''25'!M11-'Entries June''25'!M10<1,0,'Entries June''25'!M11-'Entries June''25'!M10) -> 0 | F47: =IF('Entries June''25'!M12-'Entries June''25'!M11<1,0,'Entries June''25'!M12-'Entries June''25'!M11) -> 0 | G47: =IF('Entries June''25'!M13-'Entries June''25'!M12<1,0,'Entries June''25'!M13-'Entries June''25'!M12) -> 0 | H47: =IF('Entries June''25'!M14-'Entries June''25'!M13<1,0,'Entries June''25'!M14-'Entries June''25'!M13) -> 0 | I47: =IF('Entries June''25'!M15-'Entries June''25'!M14<1,0,'Entries June''25'!M15-'Entries June''25'!M14) -> 0 | J47: =IF('Entries June''25'!M16-'Entries June''25'!M15<1,0,'Entries June''25'!M16-'Entries June''25'!M15) -> 0 | K47: =IF('Entries June''25'!M17-'Entries June''25'!M16<1,0,'Entries June''25'!M17-'Entries June''25'!M16) -> 0 | L47: =IF('Entries June''25'!M18-'Entries June''25'!M17<1,0,'Entries June''25'!M18-'Entries June''25'!M17) -> 0 | M47: =IF('Entries June''25'!M19-'Entries June''25'!M18<1,0,'Entries June''25'!M19-'Entries June''25'!M18) -> 0 | N47: =IF('Entries June''25'!M20-'Entries June''25'!M19<1,0,'Entries June''25'!M20-'Entries June''25'!M19) -> 0 | O47: =IF('Entries June''25'!M21-'Entries June''25'!M20<1,0,'Entries June''25'!M21-'Entries June''25'!M20) -> 0 | P47: =IF('Entries June''25'!M22-'Entries June''25'!M21<1,0,'Entries June''25'!M22-'Entries June''25'!M21) -> 0 | Q47: =IF('Entries June''25'!M23-'Entries June''25'!M22<1,0,'Entries June''25'!M23-'Entries June''25'!M22) -> 0 | R47: =IF('Entries June''25'!M24-'Entries June''25'!M23<1,0,'Entries June''25'!M24-'Entries June''25'!M23) -> 0 | S47: =IF('Entries June''25'!N24-'Entries June''25'!N23<1,0,'Entries June''25'!N24-'Entries June''25'!N23) -> 73.15 | T47: =IF('Entries June''25'!O24-'Entries June''25'!O23<1,0,'Entries June''25'!O24-'Entries June''25'!O23) -> 358 | U47: =IF('Entries June''25'!P24-'Entries June''25'!P23<1,0,'Entries June''25'!P24-'Entries June''25'!P23) -> 146 | V47: =IF('Entries June''25'!O25-'Entries June''25'!O24<1,0,'Entries June''25'!O25-'Entries June''25'!O24) -> 223 | W47: =IF('Entries June''25'!P25-'Entries June''25'!P24<1,0,'Entries June''25'!P25-'Entries June''25'!P24) -> 143 | X47: =IF('Entries June''25'!Q25-'Entries June''25'!Q24<1,0,'Entries June''25'!Q25-'Entries June''25'!Q24) -> 267 | Y47: =IF('Entries June''25'!R25-'Entries June''25'!R24<1,0,'Entries June''25'!R25-'Entries June''25'!R24) -> 0 | Z47: =IF('Entries June''25'!S25-'Entries June''25'!S24<1,0,'Entries June''25'!S25-'Entries June''25'!S24) -> 105 | AA47: =IF('Entries June''25'!T25-'Entries June''25'!T24<1,0,'Entries June''25'!T25-'Entries June''25'!T24) -> 0 | AB47: =IF('Entries June''25'!U25-'Entries June''25'!U24<1,0,'Entries June''25'!U25-'Entries June''25'!U24) -> 10 | AC47: =IF('Entries June''25'!V25-'Entries June''25'!V24<1,0,'Entries June''25'!V25-'Entries June''25'!V24) -> 150 | ... AF47: =IF('Entries June''25'!Y25-'Entries June''25'!Y24<1,0,'Entries June''25'!Y25-'Entries June''25'!Y24) -> 128 | AG47: =SUM($B47:AF47) -> 1641.15
A49: CO2 (kg.) (Filler) | B49: ='Daily KPIs'!B76 -> 0 | C49: ='Daily KPIs'!C76 -> 60.59 | D49: ='Daily KPIs'!D76 -> 52.8 | E49: ='Daily KPIs'!E76 -> 49.7 | F49: ='Daily KPIs'!F76 -> 61.14 | G49: ='Daily KPIs'!G76 -> 48.22 | H49: ='Daily KPIs'!H76 -> 0 | I49: ='Daily KPIs'!I76 -> 0 | ... AF49: ='Daily KPIs'!AF76 -> 0 | AG49: =SUM($B49:AF49) -> 1133.47
A52: Electricity (Kwh.) | B52: ='Elec.June''25'!$B$7 -> 5785 | C52: ='Elec.June''25'!$B$8 -> 9004 | D52: ='Elec.June''25'!$B$9 -> 8987 | E52: ='Elec.June''25'!$B$10 -> 9013 | F52: ='Elec.June''25'!$B$11 -> 9609 | G52: ='Elec.June''25'!$B$12 -> 9086 | H52: ='Elec.June''25'!$B$13 -> 4198 | I52: ='Elec.June''25'!$B$14 -> 5365 | J52: ='Elec.June''25'!$B$15 -> 4505 | K52: ='Elec.June''25'!$B$16 -> 8188 | L52: ='Elec.June''25'!$B$17 -> 8791 | M52: ='Elec.June''25'!$B$18 -> 8463 | N52: ='Elec.June''25'!$B$19 -> 8406 | O52: ='Elec.June''25'!$B$20 -> 5577 | P52: ='Elec.June''25'!$B$21 -> 5267 | Q52: ='Elec.June''25'!$B$22 -> 8328 | R52: ='Elec.June''25'!$B$23 -> 9244 | S52: ='Elec.June''25'!$B$24 -> 8232 | T52: ='Elec.June''25'!$B$24 -> 8232 | U52: ='Elec.June''25'!$B$24 -> 8232 | V52: ='Elec.June''25'!$B$24 -> 8232 | W52: ='Elec.June''25'!$B$24 -> 8232 | X52: ='Elec.June''25'!$B$24 -> 8232 | Y52: ='Elec.June''25'!$B$24 -> 8232 | Z52: ='Elec.June''25'!$B$24 -> 8232 | ... AF52: ='Elec.June''25'!$B$24 -> 8232 | AG52: =SUM(B52:AC52) -> 218368
A54: Fuel (L) | B54: =+'Fuel '!$K7 -> 730 | C54: =+'Fuel '!$K8 -> 3280 | D54: =+'Fuel '!$K9 -> 3380 | E54: =+'Fuel '!$K10 -> 3130 | F54: =+'Fuel '!$K11 -> 3510 | G54: =+'Fuel '!$K12 -> 2660 | H54: =+'Fuel '!$K13 -> 300 | I54: =+'Fuel '!$K14 -> 0 | J54: =+'Fuel '!$K15 -> 830 | K54: =+'Fuel '!$K16 -> 2900 | L54: =+'Fuel '!$K17 -> 3400 | M54: =+'Fuel '!$K18 -> 2940 | N54: =+'Fuel '!$K19 -> 3020 | O54: =+'Fuel '!$K20 -> 1020 | P54: =+'Fuel '!$K21 -> 690 | Q54: =+'Fuel '!$K22 -> 3680 | R54: =+'Fuel '!$K23 -> 3620 | S54: =+'Fuel '!$K24 -> 3050 | T54: =+'Fuel '!$K24 -> 3050 | U54: =+'Fuel '!$K24 -> 3050 | V54: =+'Fuel '!$K24 -> 3050 | W54: =+'Fuel '!$K24 -> 3050 | X54: =+'Fuel '!$K24 -> 3050 | Y54: =+'Fuel '!$K24 -> 3050 | Z54: =+'Fuel '!$K24 -> 3050 | ... AF54: =+'Fuel '!$K24 -> 3050 | AG54: =SUM($B54:AF54) -> 81790
A57: Water (m3)
A58: Area | B58: 1 | C58: 2 | D58: 3 | E58: 4 | F58: 5 | G58: 6 | H58: 7 | I58: 8 | J58: 9 | K58: 10 | L58: 11 | M58: 12 | N58: 13 | O58: 14 | P58: 15 | Q58: 16 | R58: 17 | S58: 18 | T58: 19 | U58: 20 | V58: 21 | W58: 22 | X58: 9 | Y58: 24 | Z58: 25 | AA58: 26 | AB58: 27 | AC58: 28 | AD58: 29 | AE58: 30 | AF58: 31 | AG58: MTD | AH58: Target | AI58: Diff
A59: Total water consumption | B59: =IF(B$9=0,"",+(B18*10)/B$9) | C59: =IF(C$9=0,"",+(C18*10)/C$9) -> 9.9867166 | D59: =IF(D$9=0,"",+(D18*10)/D$9) -> 6.5141124 | E59: =IF(E$9=0,"",+(E18*10)/E$9) -> 9.2610719 | F59: =IF(F$9=0,"",+(F18*10)/F$9) -> 8.1154447 | G59: =IF(G$9=0,"",+(G18*10)/G$9) -> 19.323013 | H59: =IF(H$9=0,"",+(H18*10)/H$9) | I59: =IF(I$9=0,"",+(I18*10)/I$9) | ... AG59: =IF(AG$9=0,"",+(AG18*10)/AG$9) -> 11.516662 | AH59: ='Daily KPIs'!AH88 -> 10.2 | AI59: =+AH59-AG59 -> -1.3166616
A61: Consumption detail | AG61: MTD | AH61: Target | AI61: Diff
A62: Brewhouse / Old Pepsi Area | B62: =IF(B$9=0,"",+(B28*10)/B$9) | C62: =IF(C$9=0,"",+(C28*10)/C$9) -> 2.4802175 | D62: =IF(D$9=0,"",+(D28*10)/D$9) -> 2.0162729 | E62: =IF(E$9=0,"",+(E28*10)/E$9) -> 4.3419117 | F62: =IF(F$9=0,"",+(F28*10)/F$9) -> 4.4705427 | G62: =IF(G$9=0,"",+(G28*10)/G$9) -> 4.6223677 | H62: =IF(H$9=0,"",+(H28*10)/H$9) | I62: =IF(I$9=0,"",+(I28*10)/I$9) | ... AF62: =IF(AF$9=0,"",+(AF28*10)/AF$9) -> 50.964187 | AG62: =IF(+(AG28*10)/AG$9<1,0,+(AG28*10)/AG$9) -> 4.0335985 | AH62: 2.5 | AI62: =AH62-AG62 -> -1.5335985
A63: Brewhouse (Hls brewed) | B63: =IF(B$93=0,"",+(B28*10)/B$93) | C63: =IF(C$93=0,"",+(C28*10)/C$93) -> 5.5175781 | D63: =IF(D$93=0,"",+(D28*10)/D$93) -> 3.5852179 | E63: =IF(E$93=0,"",+(E28*10)/E$93) -> 3.46 | F63: =IF(F$93=0,"",+(F28*10)/F$93) -> 4.910418 | G63: =IF(G$93=0,"",+(G28*10)/G$93) -> 5.9223301 | H63: =IF(H$93=0,"",+(H28*10)/H$93) | I63: =IF(I$93=0,"",+(I28*10)/I$93) | ... AF63: =IF(AF$93=0,"",+(AF28*10)/AF$93) -> 7.1774976 | AG63: =IF(+(AG28*10)/AG$93<1,0,+(AG28*10)/AG$93) -> 4.2915086 | AH63: 2.5 | AI63: =AH63-AG63 -> -1.7915086
A64: Spent Grains/Wash-down Areas | B64: =IF(B$9=0,"",+(B29*10)/B$9) | C64: =IF(C$9=0,"",+(C29*10)/C$9) -> 0 | D64: =IF(D$9=0,"",+(D29*10)/D$9) -> 0 | E64: =IF(E$9=0,"",+(E29*10)/E$9) -> 0 | F64: =IF(F$9=0,"",+(F29*10)/F$9) -> 0 | G64: =IF(G$9=0,"",+(G29*10)/G$9) -> 0 | H64: =IF(H$9=0,"",+(H29*10)/H$9) | I64: =IF(I$9=0,"",+(I29*10)/I$9) | ... AF64: =IF(AF$9=0,"",+(AF29*10)/AF$9) -> 3.2619851 | AG64: =+(AG29*10)/AG$9 -> 0.032332843 | AH64: 0.1 | AI64: =AH64-AG64 -> 0.067667157
A65: Whirlpool | AH65: 0.1 | AI65: =AH65-AG65 -> 0.1
A66: Filtration/Cellars | B66: =IF(B$9=0,"",+(B31*10)/B$9) | C66: =IF(C$9=0,"",+(C31*10)/C$9) -> 0 | D66: =IF(D$9=0,"",+(D31*10)/D$9) -> 0 | E66: =IF(E$9=0,"",+(E31*10)/E$9) -> 0 | F66: =IF(F$9=0,"",+(F31*10)/F$9) -> 0 | G66: =IF(G$9=0,"",+(G31*10)/G$9) -> 0 | H66: =IF(H$9=0,"",+(H31*10)/H$9) | I66: =IF(I$9=0,"",+(I31*10)/I$9) | ... V66: =IF(V$9=0,"",+(V31*10)/V$9) | AG66: =+(AG31*10)/AG$9 -> 0 | AH66: 0.7 | AI66: =AH66-AG66 -> 0.7
A67: Processing/Cellars | B67: =IF(B$9=0,"",+(B32*10)/B$9) | C67: =IF(C$9=0,"",+(C32*10)/C$9) -> 0 | D67: =IF(D$9=0,"",+(D32*10)/D$9) -> 0 | E67: =IF(E$9=0,"",+(E32*10)/E$9) -> 0 | F67: =IF(F$9=0,"",+(F32*10)/F$9) -> 0 | G67: =IF(G$9=0,"",+(G32*10)/G$9) -> 0 | H67: =IF(H$9=0,"",+(H32*10)/H$9) | I67: =IF(I$9=0,"",+(I32*10)/I$9) | ... AF67: =IF(AF$9=0,"",+(AF32*10)/AF$9) -> 19.283747 | AG67: =+(AG32*10)/AG$9 -> 0.26931649 | AH67: 1 | AI67: =AH67-AG67 -> 0.73068351
A68: CIP Process | B68: =IF(B$9=0,"",+(B33*10)/B$9) | C68: =IF(C$9=0,"",+(C33*10)/C$9) -> 1.8656503 | D68: =IF(D$9=0,"",+(D33*10)/D$9) -> 0.79099936 | E68: =IF(E$9=0,"",+(E33*10)/E$9) -> 0.77803043 | F68: =IF(F$9=0,"",+(F33*10)/F$9) -> 1.1277045 | G68: =IF(G$9=0,"",+(G33*10)/G$9) -> 2.2732956 | H68: =IF(H$9=0,"",+(H33*10)/H$9) | I68: =IF(I$9=0,"",+(I33*10)/I$9) | ... AF68: =IF(AF$9=0,"",+(AF33*10)/AF$9) -> 22.038567 | AG68: =+(AG33*10)/AG$9 -> 1.363799 | AH68: 0.7 | AI68: =AH68-AG68 -> -0.663799
A69: Bottles Washer | B69: =IF(B$9=0,"",+(B34*10)/B$9) | C69: =IF(C$9=0,"",+(C34*10)/C$9) -> 2.4802175 | D69: =IF(D$9=0,"",+(D34*10)/D$9) -> 2.450547 | E69: =IF(E$9=0,"",+(E34*10)/E$9) -> 2.8360464 | F69: =IF(F$9=0,"",+(F34*10)/F$9) -> 3.020637 | G69: =IF(G$9=0,"",+(G34*10)/G$9) -> 3.5614964 | H69: =IF(H$9=0,"",+(H34*10)/H$9) | I69: =IF(I$9=0,"",+(I34*10)/I$9) | ... AF69: =IF(AF$9=0,"",+(AF34*10)/AF$9) -> 38.567493 | AG69: =+(AG34*10)/AG$9 -> 3.8663517 | AH69: 2.6 | AI69: =AH69-AG69 -> -1.2663517
A70: Bottle Washer | B70: =IF(B$86=0,"",+(B34*10)/B$86) | C70: =IF(C$86=0,"",+(C34*10)/C$86) | D70: =IF(D$86=0,"",+(D34*10)/D$86) | E70: =IF(E$86=0,"",+(E34*10)/E$86) | F70: =IF(F$86=0,"",+(F34*10)/F$86) | G70: =IF(G$86=0,"",+(G34*10)/G$86) | H70: =IF(H$86=0,"",+(H34*10)/H$86) | I70: =IF(I$86=0,"",+(I34*10)/I$86) | ... AF70: =IF(AF$86=0,"",+(AF34*10)/AF$86) | AH70: 2.6 | AI70: =AH70-AG70 -> 2.6
A71: Bottle Filler | B71: =IF(B$9=0,"",+(B35*10)/B$9) | C71: =IF(C$9=0,"",+(C35*10)/C$9) -> 0 | D71: =IF(D$9=0,"",+(D35*10)/D$9) -> 0.65141124 | E71: =IF(E$9=0,"",+(E35*10)/E$9) -> 0.55215063 | F71: =IF(F$9=0,"",+(F35*10)/F$9) -> 0.46316434 | G71: =IF(G$9=0,"",+(G35*10)/G$9) -> 0.64410042 | H71: =IF(H$9=0,"",+(H35*10)/H$9) | I71: =IF(I$9=0,"",+(I35*10)/I$9) | ... AF71: =IF(AF$9=0,"",+(AF35*10)/AF$9) -> 19.283747 | AG71: =+(AG35*10)/AG$9 -> 0.6210266 | AH71: 0.7 | AI71: =AH71-AG71 -> 0.078973402
A72: Pasteuriser | B72: =IF(B$9=0,"",+(B36*10)/B$9) | C72: =IF(C$9=0,"",+(C36*10)/C$9) -> 0.41702772 | D72: =IF(D$9=0,"",+(D36*10)/D$9) -> 0 | E72: =IF(E$9=0,"",+(E36*10)/E$9) -> 0 | F72: =IF(F$9=0,"",+(F36*10)/F$9) -> 0.16110064 | G72: =IF(G$9=0,"",+(G36*10)/G$9) -> 0 | H72: =IF(H$9=0,"",+(H36*10)/H$9) | I72: =IF(I$9=0,"",+(I36*10)/I$9) | ... AF72: =IF(AF$9=0,"",+(AF36*10)/AF$9) -> 3.4435262 | AG72: =+(AG36*10)/AG$9 -> 0.18815261 | AH72: 0.1 | AI72: =AH72-AG72 -> -0.088152613
A73: Boiler Supply | B73: =IF(B$9=0,"",+(B37*10)/B$9) | C73: =IF(C$9=0,"",+(C37*10)/C$9) -> 0.54872069 | D73: =IF(D$9=0,"",+(D37*10)/D$9) -> 0.31019583 | E73: =IF(E$9=0,"",+(E37*10)/E$9) -> 0.40156409 | F73: =IF(F$9=0,"",+(F37*10)/F$9) -> 0.4027516 | G73: =IF(G$9=0,"",+(G37*10)/G$9) -> 0.5683239 | H73: =IF(H$9=0,"",+(H37*10)/H$9) | I73: =IF(I$9=0,"",+(I37*10)/I$9) | ... AF73: =IF(AF$9=0,"",+(AF37*10)/AF$9) -> 9.9862259 | AG73: =+(AG37*10)/AG$9 -> 0.82393628 | AH73: 0.6 | AI73: =AH73-AG73 -> -0.22393628
A74: Backwash Supply | B74: =IF(B$9=0,"",+(B38*10)/B$9) | C74: =IF(C$9=0,"",+(C38*10)/C$9) -> 0 | D74: =IF(D$9=0,"",+(D38*10)/D$9) -> 0 | E74: =IF(E$9=0,"",+(E38*10)/E$9) -> 0 | F74: =IF(F$9=0,"",+(F38*10)/F$9) -> 0 | G74: =IF(G$9=0,"",+(G38*10)/G$9) -> 0 | H74: =IF(H$9=0,"",+(H38*10)/H$9) | I74: =IF(I$9=0,"",+(I38*10)/I$9) | ... AF74: =IF(AF$9=0,"",+(AF38*10)/AF$9) -> 0 | AG74: =+(AG38*10)/AG$9 -> 0 | AH74: 0.5 | AI74: =AH74-AG74 -> 0.5
A75: Refrigeration Unit | B75: =IF(B$9=0,"",+(B39*10)/B$9) | C75: =IF(C$9=0,"",+(C39*10)/C$9) -> 0 | D75: =IF(D$9=0,"",+(D39*10)/D$9) -> 0 | E75: =IF(E$9=0,"",+(E39*10)/E$9) -> 0 | F75: =IF(F$9=0,"",+(F39*10)/F$9) -> 0 | G75: =IF(G$9=0,"",+(G39*10)/G$9) -> 0 | H75: =IF(H$9=0,"",+(H39*10)/H$9) | I75: =IF(I$9=0,"",+(I39*10)/I$9) | ... AF75: =IF(AF$9=0,"",+(AF39*10)/AF$9) -> 0 | AG75: =+(AG39*10)/AG$9 -> 0 | AH75: 0.3 | AI75: =AH75-AG75 -> 0.3
A76: CO2 Scrubber | AH76: 0.4 | AI76: =AH76-AG76 -> 0.4
A77: Personnel Consumption | AH77: 0.2 | AI77: =AH77-AG77 -> 0.2
A78: Water consumption (M3) | B78: =SUM(B62:B77) -> 0 | C78: =SUM(C62:C77) -> 13.309412 | D78: =SUM(D62:D77) -> 9.8046442 | E78: =SUM(E62:E77) -> 12.369703 | F78: =SUM(F62:F77) -> 14.556319 | G78: =SUM(G62:G77) -> 17.591914 | H78: =SUM(H62:H77) -> 0 | I78: =SUM(I62:I77) -> 0 | ... AH78: =SUM(AH62:AH77) -> 15.6 | AI78: =AH78-AG78 -> 0.10997738
A79: Bottling Hall water | B79: =SUM(B69:B72) -> 0 | C79: =SUM(C69:C72) -> 2.8972452 | D79: =SUM(D69:D72) -> 3.1019583 | E79: =SUM(E69:E72) -> 3.388197 | F79: =SUM(F69:F72) -> 3.644902 | G79: =SUM(G69:G72) -> 4.2055969 | H79: =SUM(H69:H72) -> 0 | I79: =SUM(I69:I72) -> 0 | ... AI79: =SUM(AI69:AI72) -> 1.3244691
A80: CO2 (kg./Hl.) KPI | B80: =IF(B$9=0,"",+B47/B$9) | C80: =IF(C$9=0,"",+C47/C$9) -> 0 | D80: =IF(D$9=0,"",+D47/D$9) -> 0 | E80: =IF(E$9=0,"",+E47/E$9) -> 0 | F80: =IF(F$9=0,"",+F47/F$9) -> 0 | G80: =IF(G$9=0,"",+G47/G$9) -> 0 | H80: =IF(H$9=0,"",+H47/H$9) | I80: =IF(I$9=0,"",+I47/I$9) | ... AF80: =IF(AF$9=0,"",+AF47/AF$9) -> 4.4077135 | AG80: =+(AG47)/AG$9 -> 0.20182135 | AH80: ='Daily KPIs'!AH90 -> 5 | AI80: =AH80-AG80 -> 4.7981787
A81: CO2 Filler (kg./Hl.) KPI | B81: =IF(B$9=0,"",+B49/B$9) | C81: =IF(C$9=0,"",+C49/C$9) -> 0.13298795 | D81: =IF(D$9=0,"",+D49/D$9) -> 0.081891698 | E81: =IF(E$9=0,"",+E49/E$9) -> 0.12473585 | F81: =IF(F$9=0,"",+F49/F$9) -> 0.12312116 | G81: =IF(G$9=0,"",+G49/G$9) -> 0.18269719 | H81: =IF(H$9=0,"",+H49/H$9) | I81: =IF(I$9=0,"",+I49/I$9) | ... AG81: =IF(AG$9=0,"",+AG49/AG$9) -> 0.13938911 | AH81: ='Daily KPIs'!AH91 -> 1.7 | AI81: =AH81-AG81 -> 1.5606109
A82: Electricity (Kwh./Hl.) KPI | B82: =IF(B$9=0,"",B52/B$9) | C82: =IF(C$9=0,"",C52/C$9) -> 19.762724 | D82: =IF(D$9=0,"",D52/D$9) -> 13.938649 | E82: =IF(E$9=0,"",E52/E$9) -> 22.620607 | F82: =IF(F$9=0,"",F52/F$9) -> 19.350201 | G82: =IF(G$9=0,"",G52/G$9) -> 34.425273 | H82: =IF(H$9=0,"",H52/H$9) | I82: =IF(I$9=0,"",I52/I$9) | ... AF82: =IF(AF$9=0,"",AF52/AF$9) -> 283.47107 | AG82: =+(AG52)/AG$9 -> 26.853928 | AH82: ='Daily KPIs'!AH92 -> 22 | AI82: =AH82-AG82 -> -4.853928
AH83: =SUM(AH62:AH78) -> 31.2 | AI83: =AH83-AG83 -> 31.2
A84: Fuel (L/Hl.) KPI | B84: =IF(B$9=0,"",B54/B$9) | C84: =IF(C$9=0,"",C54/C$9) -> 7.1992155 | D84: =IF(D$9=0,"",D54/D$9) -> 5.2423095 | E84: =IF(E$9=0,"",E54/E$9) -> 7.8555976 | F84: =IF(F$9=0,"",F54/F$9) -> 7.0682906 | G84: =IF(G$9=0,"",G54/G$9) -> 10.078277 | H84: =IF(H$9=0,"",H54/H$9) | I84: =IF(I$9=0,"",I54/I$9) | ... AF84: =IF(AF$9=0,"",AF54/AF$9) -> 105.02755 | AG84: =+(AG54)/AG$9 -> 10.058171 | AH84: ='Daily KPIs'!AH94 -> 7.2 | AI84: =AH84-AG84 -> -2.8581714
A86: Total Bottles Washed | B86: ='Daily KPIs'!B97 -> 0 | C86: ='Daily KPIs'!C97 -> 0 | D86: ='Daily KPIs'!D97 -> 0 | E86: ='Daily KPIs'!E97 -> 0 | F86: ='Daily KPIs'!F97 -> 0 | G86: ='Daily KPIs'!G97 -> 0 | H86: ='Daily KPIs'!H97 -> 0 | I86: ='Daily KPIs'!I97 -> 0 | ... AF86: ='Daily KPIs'!AF97 -> 0 | AG86: =SUM($B86:AF86) -> 0 | AI86: .
