Workbook
Name ProductList: [1]November15!$R$3:$R$9
Name ProductList: [2]November15!$R$3:$R$9

Sheet Dec 18th
T1: P.G. | V1: Hot Time | X1: Process Time | Z1: Cooling Time
B2: Brewing Department Daily Process Loss Report | T2: Lower | U2: Upper | V2: Lower | W2: Upper | X2: Lower | Y2: Upper | Z2: Lower | AA2: Upper
S3: CARIB | T3: 11.6 | U3: 12 | V3: 0 | W3: 0.11805556 | X3: 0.17361111 | Y3: 0.21180556 | Z3: 0 | AA3: 60 | AC3: HR- PISNER
B4: Date: | C4: 45278 | J4: LOT WORT COLOUR: 3.4 | M4: Filter Sheets (Target 20 days) | S4: STAG | T4: 11.6 | U4: 12 | V4: 0 | W4: 0.11805556 | X4: 0.17361111 | Y4: 0.21180556 | Z4: 0 | AA4: 60
M5: Double | N5: Single | S5: GUINNESS | T5: 17 | U5: 17.5 | V5: 0 | W5: 0.10763889 | X5: 0.19444444 | Y5: 0.23263889 | Z5: 0 | AA5: 60
J6: MALT LOT: Lot 8 | L6: Sheet Day | S6: MACKESON | T6: 13.3 | U6: 13.5 | V6: 0 | W6: 0.12905093 | X6: 0.22222222 | Y6: 0.25347222 | Z6: 0
S7: STARMALT | T7: 17.1 | U7: 17.5 | V7: 0 | W7: 0.13605324 | X7: 0.20833333 | Y7: 0.24305556 | Z7: 0 | AA7: 60
B8: Brand | C8: Brew no. | D8: Kett. Hls | E8: Wort | F8: Cool Time(Mins) | G8: Cast. P.G. (Lab Result) | H8: Cast P.G. (Cellar Operator)-gravity | I8: Extr. Rec (79.1%) | J8: Theor. Extr. (77.5%) | K8: Boil Off /Vol. (4-6%) | L8: Boil Time | M8: Total Hot | N8: Brewing | P8: Comments | Q8: Actual Pilsen Malt | S8: Hurricane Reef | T8: 16.6 | U8: 17 | V8: 0 | W8: 0.12905093 | X8: 0.22222222 | Y8: 0.25347222 | Z8: 0
E9: Meter (Hls) | F9: Target(< 60Mins) | M9: Time | S9: VITAMALT | T9: 14.4 | U9: 14.6 | V9: 0 | W9: 0.13905093 | X9: 0.19097222 | Y9: 0.22569444 | Z9: 0 | AA9: 75
S10: =B10 -> 0 | T10: =VLOOKUP($B10,$S$3:$Y$9,2,FALSE) -> #N/A | U10: =VLOOKUP($B10,$S$3:$Y$9,3,FALSE) -> #N/A | V10: =VLOOKUP($B10,$S$3:$Y$9,4,FALSE) -> #N/A | W10: =VLOOKUP($B10,$S$3:$Y$9,5,FALSE) -> #N/A | X10: =VLOOKUP($B10,$S$3:$Y$9,6,FALSE) -> #N/A | Y10: =VLOOKUP($B10,$S$3:$Y$9,7,FALSE) -> #N/A | Z10: =VLOOKUP($B10,$S$3:$AA$9,8,FALSE) -> #N/A | AA10: =VLOOKUP($B10,$S$3:$AA$9,9,FALSE) -> #N/A
S11: =B11 -> 0 | T11: =VLOOKUP($B11,$S$3:$Y$9,2,FALSE) -> #N/A | U11: =VLOOKUP($B11,$S$3:$Y$9,3,FALSE) -> #N/A | V11: =VLOOKUP($B11,$S$3:$Y$9,4,FALSE) -> #N/A | W11: =VLOOKUP($B11,$S$3:$Y$9,5,FALSE) -> #N/A | X11: =VLOOKUP($B11,$S$3:$Y$9,6,FALSE) -> #N/A | Y11: =VLOOKUP($B11,$S$3:$Y$9,7,FALSE) -> #N/A | Z11: =VLOOKUP($B11,$S$3:$AA$9,8,FALSE) -> #N/A | AA11: =VLOOKUP($B11,$S$3:$AA$9,9,FALSE) -> #N/A
S12: =B12 -> 0 | T12: =VLOOKUP($B12,$S$3:$Y$9,2,FALSE) -> #N/A | U12: =VLOOKUP($B12,$S$3:$Y$9,3,FALSE) -> #N/A | V12: =VLOOKUP($B12,$S$3:$Y$9,4,FALSE) -> #N/A | W12: =VLOOKUP($B12,$S$3:$Y$9,5,FALSE) -> #N/A | X12: =VLOOKUP($B12,$S$3:$Y$9,6,FALSE) -> #N/A | Y12: =VLOOKUP($B12,$S$3:$Y$9,7,FALSE) -> #N/A | Z12: =VLOOKUP($B12,$S$3:$AA$9,8,FALSE) -> #N/A | AA12: =VLOOKUP($B12,$S$3:$AA$9,9,FALSE) -> #N/A
S13: =B13 -> 0 | T13: =VLOOKUP($B13,$S$3:$Y$9,2,FALSE) -> #N/A | U13: =VLOOKUP($B13,$S$3:$Y$9,3,FALSE) -> #N/A | V13: =VLOOKUP($B13,$S$3:$Y$9,4,FALSE) -> #N/A | W13: =VLOOKUP($B13,$S$3:$Y$9,5,FALSE) -> #N/A | X13: =VLOOKUP($B13,$S$3:$Y$9,6,FALSE) -> #N/A | Y13: =VLOOKUP($B13,$S$3:$Y$9,7,FALSE) -> #N/A | Z13: =VLOOKUP($B13,$S$3:$AA$9,8,FALSE) -> #N/A | AA13: =VLOOKUP($B13,$S$3:$AA$9,9,FALSE) -> #N/A
S14: =B14 -> 0 | T14: =VLOOKUP($B14,$S$3:$Y$9,2,FALSE) -> #N/A | U14: =VLOOKUP($B14,$S$3:$Y$9,3,FALSE) -> #N/A | V14: =VLOOKUP($B14,$S$3:$Y$9,4,FALSE) -> #N/A | W14: =VLOOKUP($B14,$S$3:$Y$9,5,FALSE) -> #N/A | X14: =VLOOKUP($B14,$S$3:$Y$9,6,FALSE) -> #N/A | Y14: =VLOOKUP($B14,$S$3:$Y$9,7,FALSE) -> #N/A | Z14: =VLOOKUP($B14,$S$3:$AA$9,8,FALSE) -> #N/A | AA14: =VLOOKUP($B14,$S$3:$AA$9,9,FALSE) -> #N/A
S15: =B15 -> 0 | T15: =VLOOKUP($B15,$S$3:$Y$9,2,FALSE) -> #N/A | U15: =VLOOKUP($B15,$S$3:$Y$9,3,FALSE) -> #N/A | V15: =VLOOKUP($B15,$S$3:$Y$9,4,FALSE) -> #N/A | W15: =VLOOKUP($B15,$S$3:$Y$9,5,FALSE) -> #N/A | X15: =VLOOKUP($B15,$S$3:$Y$9,6,FALSE) -> #N/A | Y15: =VLOOKUP($B15,$S$3:$Y$9,7,FALSE) -> #N/A | Z15: =VLOOKUP($B15,$S$3:$AA$9,8,FALSE) -> #N/A | AA15: =VLOOKUP($B15,$S$3:$AA$9,9,FALSE) -> #N/A
S16: =B16 -> 0 | T16: =VLOOKUP($B16,$S$3:$Y$9,2,FALSE) -> #N/A | U16: =VLOOKUP($B16,$S$3:$Y$9,3,FALSE) -> #N/A | V16: =VLOOKUP($B16,$S$3:$Y$9,4,FALSE) -> #N/A | W16: =VLOOKUP($B16,$S$3:$Y$9,5,FALSE) -> #N/A | X16: =VLOOKUP($B16,$S$3:$Y$9,6,FALSE) -> #N/A | Y16: =VLOOKUP($B16,$S$3:$Y$9,7,FALSE) -> #N/A | Z16: =VLOOKUP($B16,$S$3:$AA$9,8,FALSE) -> #N/A | AA16: =VLOOKUP($B16,$S$3:$AA$9,9,FALSE) -> #N/A
S17: =B17 -> 0 | T17: =VLOOKUP($B17,$S$3:$Y$9,2,FALSE) -> #N/A | U17: =VLOOKUP($B17,$S$3:$Y$9,3,FALSE) -> #N/A | V17: =VLOOKUP($B17,$S$3:$Y$9,4,FALSE) -> #N/A | W17: =VLOOKUP($B17,$S$3:$Y$9,5,FALSE) -> #N/A | X17: =VLOOKUP($B17,$S$3:$Y$9,6,FALSE) -> #N/A | Y17: =VLOOKUP($B17,$S$3:$Y$9,7,FALSE) -> #N/A | Z17: =VLOOKUP($B17,$S$3:$AA$9,8,FALSE) -> #N/A | AA17: =VLOOKUP($B17,$S$3:$AA$9,9,FALSE) -> #N/A
S18: =B18 -> 0 | T18: =VLOOKUP($B18,$S$3:$Y$9,2,FALSE) -> #N/A | U18: =VLOOKUP($B18,$S$3:$Y$9,3,FALSE) -> #N/A | V18: =VLOOKUP($B18,$S$3:$Y$9,4,FALSE) -> #N/A | W18: =VLOOKUP($B18,$S$3:$Y$9,5,FALSE) -> #N/A | X18: =VLOOKUP($B18,$S$3:$Y$9,6,FALSE) -> #N/A | Y18: =VLOOKUP($B18,$S$3:$Y$9,7,FALSE) -> #N/A | Z18: =VLOOKUP($B18,$S$3:$AA$9,8,FALSE) -> #N/A | AA18: =VLOOKUP($B18,$S$3:$AA$9,9,FALSE) -> #N/A
S19: =B19 -> 0 | T19: =VLOOKUP($B19,$S$3:$Y$9,2,FALSE) -> #N/A | U19: =VLOOKUP($B19,$S$3:$Y$9,3,FALSE) -> #N/A | V19: =VLOOKUP($B19,$S$3:$Y$9,4,FALSE) -> #N/A | W19: =VLOOKUP($B19,$S$3:$Y$9,5,FALSE) -> #N/A | X19: =VLOOKUP($B19,$S$3:$Y$9,6,FALSE) -> #N/A | Y19: =VLOOKUP($B19,$S$3:$Y$9,7,FALSE) -> #N/A | Z19: =VLOOKUP($B19,$S$3:$AA$9,8,FALSE) -> #N/A | AA19: =VLOOKUP($B19,$S$3:$AA$9,9,FALSE) -> #N/A
S20: =B20 -> 0 | T20: =VLOOKUP($B20,$S$3:$Y$9,2,FALSE) -> #N/A | U20: =VLOOKUP($B20,$S$3:$Y$9,3,FALSE) -> #N/A | V20: =VLOOKUP($B20,$S$3:$Y$9,4,FALSE) -> #N/A | W20: =VLOOKUP($B20,$S$3:$Y$9,5,FALSE) -> #N/A | X20: =VLOOKUP($B20,$S$3:$Y$9,6,FALSE) -> #N/A | Y20: =VLOOKUP($B20,$S$3:$Y$9,7,FALSE) -> #N/A | Z20: =VLOOKUP($B20,$S$3:$AA$9,8,FALSE) -> #N/A | AA20: =VLOOKUP($B20,$S$3:$AA$9,9,FALSE) -> #N/A
S21: =B21 -> 0 | T21: =VLOOKUP($B21,$S$3:$Y$9,2,FALSE) -> #N/A | U21: =VLOOKUP($B21,$S$3:$Y$9,3,FALSE) -> #N/A | V21: =VLOOKUP($B21,$S$3:$Y$9,4,FALSE) -> #N/A | W21: =VLOOKUP($B21,$S$3:$Y$9,5,FALSE) -> #N/A | X21: =VLOOKUP($B21,$S$3:$Y$9,6,FALSE) -> #N/A | Y21: =VLOOKUP($B21,$S$3:$Y$9,7,FALSE) -> #N/A | Z21: =VLOOKUP($B21,$S$3:$AA$9,8,FALSE) -> #N/A | AA21: =VLOOKUP($B21,$S$3:$AA$9,9,FALSE) -> #N/A
... S47: =B47 -> 0 | T47: =VLOOKUP($B47,$S$3:$Y$9,2,FALSE) -> #N/A | U47: =VLOOKUP($B47,$S$3:$Y$9,3,FALSE) -> #N/A | V47: =VLOOKUP($B47,$S$3:$Y$9,4,FALSE) -> #N/A | W47: =VLOOKUP($B47,$S$3:$Y$9,5,FALSE) -> #N/A | X47: =VLOOKUP($B47,$S$3:$Y$9,6,FALSE) -> #N/A | Y47: =VLOOKUP($B47,$S$3:$Y$9,7,FALSE) -> #N/A | Z47: =VLOOKUP($B47,$S$3:$AA$9,8,FALSE) -> #N/A | AA47: =VLOOKUP($B47,$S$3:$AA$9,9,FALSE) -> #N/A
I48: EXTRACT RECOVERY
B49: BRAND | D49: BBT P.G./ O.G | I49: Brand | J49: Actual | K49: MTD No. of Brews | L49: MTD | M49: YTD | N49: Target
B50: STAG | C50: 11.8 | D50: 11.73 | I50: CARIB | K50: =COUNTA([3]Brewhouse!$A$1596:$A$1619) -> 24 | L50: =AVERAGE([3]Brewhouse!$AU$1529,[3]Brewhouse!$AU$1531:$AU$1594,[3]Brewhouse!$AU$1596:$AU$1619) -> 98.205761 | M50: =AVERAGE([3]Brewhouse!$AU$849:$AU$924,[3]Brewhouse!$AU$926:$AU$971,[3]Brewhouse!$AU$973:$AU$1066,[3]Brewhouse!$AU$1068:$AU$1111,[3]Brewhouse!$AU$1113:$AU$1132,[3]Brewhouse!$AU$1134:$AU$1167,[3]Brewhouse!$AU$1169:$AU$1230,[3]Brewhouse!$AU$1232:$AU$1299,[3]Brewhouse!$AU$1301:$AU$1363,[3]Brewhouse!$AU$1365:$AU$1444,[3]Brewhouse!$AU$1446:$AU$1527,[3]Brewhouse!$AU$1529,[3]Brewhouse!$AU$1531:$AU$1594,[3]Brewhouse!$AU$1596:$AU$1619) -> 98.381806 | N50: 98
C51: 11.9 | I51: STAG | K51: =COUNTA([4]Brewhouse!$A$976:$A$1007) -> 32 | L51: =AVERAGE([4]Brewhouse!$AS$976:$AS$979,[4]Brewhouse!$AS$981:$AS$1007) -> 98.538567 | M51: =AVERAGE([4]Brewhouse!$AS$577:$AS$618,[4]Brewhouse!$AS$620:$AS$651,[4]Brewhouse!$AS$653:$AS$696,[4]Brewhouse!$AS$698:$AS$708,[4]Brewhouse!$AS$710:$AS$733,[4]Brewhouse!$AS$735:$AS$777,[4]Brewhouse!$AS$779:$AS$822,[4]Brewhouse!$AS$824:$AS$863,[4]Brewhouse!$AS$865:$AS$974,[4]Brewhouse!$AS$976:$AS$979,[4]Brewhouse!$AS$981:$AS$1007) -> 98.489671 | N51: 98
I52: GUINNESS | K52: =COUNTA([5]Brewhouse!$A$282:$A$289) -> 8 | L52: =AVERAGE([5]Brewhouse!$AU$269:$AU$279,[5]Brewhouse!$AU$282:$AU$289) -> 96.186177 | M52: =AVERAGE([5]Brewhouse!$AU$161:$AU$176,[5]Brewhouse!$AU$178:$AU$195,[5]Brewhouse!$AU$197:$AU$208,[5]Brewhouse!$AU$210:$AU$221,[5]Brewhouse!$AU$223:$AU$232,[5]Brewhouse!$AU$234:$AU$279,[5]Brewhouse!$AU$282:$AU$289) -> 96.64916 | N52: 98
I53: VITAMALT | K53: =COUNTA([6]Brewhouse!$A$158:$A$163) -> 6 | L53: =AVERAGE([6]Brewhouse!$AU$158:$AU$163) -> 94.60305 | M53: =AVERAGE([6]Brewhouse!$AU$91:$AU$101,[6]Brewhouse!$AU$103:$AU$112,[6]Brewhouse!$AU$114:$AU$123,[6]Brewhouse!$AU$125:$AU$134,[6]Brewhouse!$AU$136:$AU$145,[6]Brewhouse!$AU$147:$AU$156,[6]Brewhouse!$AU$158:$AU$163) -> 96.240014 | N53: 98
I54: MAXIMALT | N54: 98
I55: MACKESON | M55: =AVERAGE([7]Brewhouse!$AT$74:$AT$79) -> 93.959836 | N55: 98
I56: STARMALT | K56: =COUNTA([8]Brewhouse!$A$249:$A$254) -> 6 | L56: =AVERAGE([8]Brewhouse!$AY$249:$AY$254) -> 99.681996 | M56: =AVERAGE([8]Brewhouse!$AY$138:$AY$143,[8]Brewhouse!$AY$145:$AY$153,[8]Brewhouse!$AY$155,[8]Brewhouse!$AY$156:$AY$174,[8]Brewhouse!$AY$176:$AY$185,[8]Brewhouse!$AY$187:$AY$198,[8]Brewhouse!$AY$200:$AY$247,[8]Brewhouse!$AY$249:$AY$254) -> 98.774703 | N56: 98
I57: HR- P | M57: =AVERAGE([9]Brewhouse!$AW$13:$AW$14,[9]Brewhouse!$AW$16:$AW$17) -> 92.042628 | N57: 98
I58: Hurricane Reef | M58: =AVERAGE([9]Brewhouse!$AW$13:$AW$14) -> 88.376943 | N58: 98
K59: =SUM(K50:K58) -> 76 | L59: =((L50*K50)+(L51*K51)+(L52*K52)+(L53*K53)+(L54*K54)+(K57*L57)+(L55*K55)+(L56*K56)+(L58*K58))/(K59) -> 97.965422 | M59: =AVERAGE('[10]Closing- January 2023'!$L$42,'[11]Feb. 28th'!$L$42,'[12]March 31st'!$L$75,'[13]Apri 28th'!$L$51,L59) -> 98.06926 | N59: 98
J62: Daily Brewing Plan
J63: Brand | K63: Brews Achieved | L63: Average Brews per day
J64: CARIB | L64: MTD | M64: YTD | N64: TARGET
J65: STAG | K65: 5 | L65: =AVERAGE(#REF!,#REF!,K74,#REF!,#REF!,#REF!,#REF!,#REF!,#REF!,#REF!,#REF!) -> #REF! | M65: =AVERAGE(6,6,'[12]March 31st'!$L$80,'[14]June 30th '!$L$71,6,L65,'[15]July 31st'!$L$108,'[16]Aug 30th'!$L$124,7,[17]Oct.31st!$L$51) -> #REF! | N65: 9
J66: GUINN
J67: VITAMALT
J68: STARMALT
J69: MACKESON
J70: HURRICANE REEF- IPA
J71: HURRICANE REEF- APA
B72: AVERAGE | D72: =AVERAGE(D50:E71) -> 11.73 | J72: HR- PILSNER
J73: CARIBE
J74: Total | K74: =SUM(K64:K73) -> 5
B75: Process: | C75: Fermentation/Filtration
B77: Brand | C77: Filt. Date | D77: FV Hls | E77: GFE/ Prim/ Vita Blend (Hls) | F77: SV Hls | G77: BBT Hls | H77: Loss (%) Ferm | I77: Loss (%) Filt | J77: Comments | K77: Throughput | L77: Process Loss (%) | M77: Filt. Operator
U78: 43466 | V78: 43467 | W78: 43468 | X78: 43469 | Y78: 43470 | Z78: 43471 | AA78: 43472 | AB78: 43473 | AC78: 43474 | AD78: 43475 | AE78: 43476 | AF78: 43477 | AG78: 43478 | AH78: 43479 | AI78: 43480 | AJ78: 43481 | AK78: 43482 | AL78: 43483 | AM78: 43484 | AN78: 43485 | AO78: 43486 | AP78: 43487 | AQ78: 43488 | AR78: 43489 | AS78: 43490 | AT78: 43491 | AU78: 43492 | AV78: 43493 | AW78: 43494 | AX78: 43495 | AY78: 43496
B79: STAG | C79: 45278 | D79: =[18]December_2023!$U$13 -> 150.4 | G79: =[18]December_2023!$U$17 -> 120.8 | J79: NO BREAK | K79: =[19]December_2023!$U$25 -> 0.42385965 | L79: =(((D79+E79)-G79)/(D79+E79))*100 -> 19.680851 | M79: K.Hosten | T79: hls
T80: Throughput | U80: =[20]January_2019!D8 -> #DIV/0! | V80: =[20]January_2019!E8 -> 1.0319298 | W80: =[20]January_2019!F8 -> 1.7789474 | X80: =[20]January_2019!G8 -> 0.51929825 | Y80: =[20]January_2019!H8 -> #DIV/0! | Z80: =[20]January_2019!I8 -> #DIV/0! | AA80: =[20]January_2019!J8 -> 1.3652632 | AB80: =[20]January_2019!K8 -> #DIV/0! | ... AY80: =[20]January_2019!AH8 -> #DIV/0!
B87: Process Loss (Volume) | G87: Process Loss (Extract) | K87: Throughput
B88: Brand | C88: Actual | D88: MTD | E88: YTD | F88: Target | G88: Actual | H88: MTD | I88: YTD | J88: Target | K88: Actual | L88: MTD | M88: YTD | N88: Target
B89: CARIB | D89: 5.181332 | E89: 6.6038503 | F89: 4.8 | H89: 5.2502762 | I89: 6.9665258 | J89: 4.8 | L89: 0.70807018 | M89: 0.77999467 | N89: 1
B90: STAG | C90: =AVERAGE(L79,L81) -> 19.680851 | D90: 6.5498915 | E90: 6.1662321 | F90: 4.8 | G90: =[18]December_2023!$U$21 -> 19.680851 | H90: 6.3458282 | I90: 5.9138834 | J90: 4.8 | K90: =AVERAGE(K79,K81) -> 0.42385965 | L90: 0.66137427 | M90: 0.71942944 | N90: 1
B91: GUINN | D91: 8.4423676 | E91: 8.9890455 | F91: 5.5 | H91: 5.9624998 | I91: 8.6652309 | J91: 5.5 | L91: 0.51561404 | M91: 0.65035608 | N91: 1
B92: VITAMALT | D92: 3.597848 | E92: 2.9936807 | F92: 3.3 | H92: 6.098202 | I92: 3.3134543 | J92: 3.3 | L92: 0.50298246 | M92: 1.0625518 | N92: 1
B93: MAXIMALT | F93: 3.3 | J93: 3 | N93: 1
B94: MACKESON | E94: 6.4174306 | F94: =[21]May_2022!$M$43 -> 3.4878407 | I94: 7.0730655 | J94: 5.5 | M94: 1.0342105 | N94: 1
B95: STARMALT | D95: 2.7692803 | E95: 3.0589058 | F95: 3.3 | H95: 4.2179953 | I95: 4.9470953 | J95: 3.3 | L95: 1.0594737 | M95: 1.0223839 | N95: 1
B96: HURRICANE REEF | E96: 11.178248 | F96: 7.5 | I96: 14.59851 | J96: 7.5 | M96: 0.30947368 | N96: 1
D97: 5.3927001 | E97: 6.2517133 | F97: 4.5 | H97: 5.4965257 | I97: 6.527958 | J97: 4.5 | L97: 0.69682018 | M97: 0.78265038 | N97: 1
AD110: :

Sheet Mar. 3rd
T1: P.G. | V1: Hot Time | X1: Process Time | Z1: Cooling Time
B2: Brewing Department Daily Process Loss Report | T2: Lower | U2: Upper | V2: Lower | W2: Upper | X2: Lower | Y2: Upper | Z2: Lower | AA2: Upper
S3: CARIB | T3: 11.6 | U3: 12 | V3: 0 | W3: 0.11805556 | X3: 0.22569444 | Y3: 0.26388889 | Z3: 0 | AA3: 60 | AC3: HR- PISNER
B4: Date: | C4: 45720 | J4: LOT WORT COLOUR: 3.0 | M4: Filter Sheets (Target 20 days) | S4: STAG | T4: 11.6 | U4: 12 | V4: 0 | W4: 0.11805556 | X4: 0.22569444 | Y4: 0.26388889 | Z4: 0 | AA4: 60
M5: Double | N5: Single | S5: GUINNESS | T5: 17 | U5: 17.5 | V5: 0 | W5: 0.10763889 | X5: 0.24652778 | Y5: 0.28472222 | Z5: 0 | AA5: 60
J6: MALT LOT: Lot 18 | L6: Sheet Day | S6: MACKESON | T6: 13.3 | U6: 13.5 | V6: 0 | W6: 0.12905093 | X6: 0.27430556 | Y6: 0.30208333 | Z6: 0
S7: STARMALT | T7: 17.1 | U7: 17.5 | V7: 0 | W7: 0.13605324 | X7: 0.27430556 | Y7: 0.30902778 | Z7: 0 | AA7: 60
B8: Brand | C8: Brew no. | D8: Kett. Hls | E8: Wort | F8: Cool Time(Mins) | G8: Cast. P.G. (Lab Result) | H8: Cast P.G. (Cellar Operator)-gravity | I8: Extr. Rec (80.9%) | J8: Theor. Extr. (77.5%) | K8: Boil Off /Vol. (4-6%) | L8: Boil Time | M8: Total Hot | N8: Brewing | O8: Operator | P8: Comments | Q8: Actual Pilsen Malt | S8: Hurricane Reef | T8: 16.6 | U8: 17 | V8: 0 | W8: 0.12905093 | X8: 0.27430556 | Y8: 0.30208333 | Z8: 0
E9: Meter (Hls) | F9: Target(< 60Mins) | M9: Time | S9: VITAMALT | T9: 14.4 | U9: 14.6 | V9: 0 | W9: 0.13905093 | X9: 0.26041667 | Y9: 0.29513889 | Z9: 0 | AA9: 75
B10: STARMALT | C10: =[22]Brewhouse!$A22 -> SM015 | D10: =[22]Brewhouse!$AH22 -> 55.1 | E10: =[22]Brewhouse!$AM22 -> 50.1 | F10: =[22]Brewhouse!$Z22 -> 67 | G10: =[22]Brewhouse!$AK22 -> 17.1 | H10: 17 | I10: =[22]Brewhouse!$AY22 -> 94.95313 | J10: =[22]Brewhouse!$AZ22 -> 94.587322 | K10: =[22]Brewhouse!$U22 -> 5.2268603 | L10: =[22]Brewhouse!$T22 -> 60 | M10: =[22]Brewhouse!$Y22-[22]Brewhouse!$X22 -> 0.12986111 | N10: =[22]Brewhouse!$AD22 -> 0.30763889 | O10: =[22]Brewhouse!$BC22 -> R.Sookram | S10: =B10 -> STARMALT | T10: =VLOOKUP($B10,$S$3:$Y$9,2,FALSE) -> 17.1 | U10: =VLOOKUP($B10,$S$3:$Y$9,3,FALSE) -> 17.5 | V10: =VLOOKUP($B10,$S$3:$Y$9,4,FALSE) -> 0 | W10: =VLOOKUP($B10,$S$3:$Y$9,5,FALSE) -> 0.13605324 | X10: =VLOOKUP($B10,$S$3:$Y$9,6,FALSE) -> 0.27430556 | Y10: =VLOOKUP($B10,$S$3:$Y$9,7,FALSE) -> 0.30902778 | Z10: =VLOOKUP($B10,$S$3:$AA$9,8,FALSE) -> 0 | AA10: =VLOOKUP($B10,$S$3:$AA$9,9,FALSE) -> 60
B11: STARMALT | C11: =[22]Brewhouse!$A23 -> SM016 | D11: =[22]Brewhouse!$AH23 -> 53.5 | E11: =[22]Brewhouse!$AM23 -> 50.7 | F11: =[22]Brewhouse!$Z23 -> 66 | G11: =[22]Brewhouse!$AK23 -> 17.8 | H11: 17.5 | I11: =[22]Brewhouse!$AY23 -> 100.21796 | J11: =[22]Brewhouse!$AZ23 -> 99.831509 | K11: =[22]Brewhouse!$U23 -> 3.7009346 | L11: =[22]Brewhouse!$T23 -> 60 | M11: =[22]Brewhouse!$Y23-[22]Brewhouse!$X23 -> 0.14444444 | N11: =[22]Brewhouse!$AD23 -> 0.31180556 | O11: =[22]Brewhouse!$BC23 -> K. Benjamin | S11: =B11 -> STARMALT | T11: =VLOOKUP($B11,$S$3:$Y$9,2,FALSE) -> 17.1 | U11: =VLOOKUP($B11,$S$3:$Y$9,3,FALSE) -> 17.5 | V11: =VLOOKUP($B11,$S$3:$Y$9,4,FALSE) -> 0 | W11: =VLOOKUP($B11,$S$3:$Y$9,5,FALSE) -> 0.13605324 | X11: =VLOOKUP($B11,$S$3:$Y$9,6,FALSE) -> 0.27430556 | Y11: =VLOOKUP($B11,$S$3:$Y$9,7,FALSE) -> 0.30902778 | Z11: =VLOOKUP($B11,$S$3:$AA$9,8,FALSE) -> 0 | AA11: =VLOOKUP($B11,$S$3:$AA$9,9,FALSE) -> 60
B12: STARMALT | C12: =[22]Brewhouse!$A24 -> SM017 | D12: =[22]Brewhouse!$AH24 -> 53.5 | E12: =[22]Brewhouse!$AM24 -> 51.3 | F12: =[22]Brewhouse!$Z24 -> 72 | G12: =[22]Brewhouse!$AK24 -> 17.2 | H12: 17 | I12: =[22]Brewhouse!$AY24 -> 92.417462 | J12: =[22]Brewhouse!$AZ24 -> 92.061092 | K12: =[22]Brewhouse!$U24 -> 1.8317757 | L12: =[22]Brewhouse!$T24 -> 60 | M12: =[22]Brewhouse!$Y24-[22]Brewhouse!$X24 -> 0.13194444 | N12: =[22]Brewhouse!$AD24 -> 0.29097222 | O12: =[22]Brewhouse!$BC24 -> K. Benjamin | S12: =B12 -> STARMALT | T12: =VLOOKUP($B12,$S$3:$Y$9,2,FALSE) -> 17.1 | U12: =VLOOKUP($B12,$S$3:$Y$9,3,FALSE) -> 17.5 | V12: =VLOOKUP($B12,$S$3:$Y$9,4,FALSE) -> 0 | W12: =VLOOKUP($B12,$S$3:$Y$9,5,FALSE) -> 0.13605324 | X12: =VLOOKUP($B12,$S$3:$Y$9,6,FALSE) -> 0.27430556 | Y12: =VLOOKUP($B12,$S$3:$Y$9,7,FALSE) -> 0.30902778 | Z12: =VLOOKUP($B12,$S$3:$AA$9,8,FALSE) -> 0 | AA12: =VLOOKUP($B12,$S$3:$AA$9,9,FALSE) -> 60
B13: STARMALT | C13: =[22]Brewhouse!$A25 -> SM018 | D13: =[22]Brewhouse!$AH25 -> 53.8 | E13: =[22]Brewhouse!$AM25 -> 50 | F13: =[22]Brewhouse!$Z25 -> 67 | G13: =[22]Brewhouse!$AK25 -> 17.7 | H13: 17.6 | I13: =[22]Brewhouse!$AY25 -> 98.212354 | J13: =[22]Brewhouse!$AZ25 -> 97.833638 | K13: =[22]Brewhouse!$U25 -> 3.866171 | L13: =[22]Brewhouse!$T25 -> 60 | M13: =[22]Brewhouse!$Y25-[22]Brewhouse!$X25 -> 0.12777778 | N13: =[22]Brewhouse!$AD25 -> 0.31041667 | O13: =[22]Brewhouse!$BC25 -> K. Benjamin | S13: =B13 -> STARMALT | T13: =VLOOKUP($B13,$S$3:$Y$9,2,FALSE) -> 17.1 | U13: =VLOOKUP($B13,$S$3:$Y$9,3,FALSE) -> 17.5 | V13: =VLOOKUP($B13,$S$3:$Y$9,4,FALSE) -> 0 | W13: =VLOOKUP($B13,$S$3:$Y$9,5,FALSE) -> 0.13605324 | X13: =VLOOKUP($B13,$S$3:$Y$9,6,FALSE) -> 0.27430556 | Y13: =VLOOKUP($B13,$S$3:$Y$9,7,FALSE) -> 0.30902778 | Z13: =VLOOKUP($B13,$S$3:$AA$9,8,FALSE) -> 0 | AA13: =VLOOKUP($B13,$S$3:$AA$9,9,FALSE) -> 60
B14: STARMALT | C14: =[22]Brewhouse!$A26 -> SM019 | D14: =[22]Brewhouse!$AH26 -> 53.4 | E14: =[22]Brewhouse!$AM26 -> 51 | F14: =[22]Brewhouse!$Z26 -> 72 | G14: =[22]Brewhouse!$AK26 -> 17.73 | H14: 17.6 | I14: =[22]Brewhouse!$AY26 -> 100.1766 | J14: =[22]Brewhouse!$AZ26 -> 99.790311 | K14: =[22]Brewhouse!$U26 -> 3.1460674 | L14: =[22]Brewhouse!$T26 -> 60 | M14: =[22]Brewhouse!$Y26-[22]Brewhouse!$X26 -> 0.12708333 | N14: =[22]Brewhouse!$AD26 -> 0.31319444 | O14: =[22]Brewhouse!$BC26 -> R. Regis | S14: =B14 -> STARMALT | T14: =VLOOKUP($B14,$S$3:$Y$9,2,FALSE) -> 17.1 | U14: =VLOOKUP($B14,$S$3:$Y$9,3,FALSE) -> 17.5 | V14: =VLOOKUP($B14,$S$3:$Y$9,4,FALSE) -> 0 | W14: =VLOOKUP($B14,$S$3:$Y$9,5,FALSE) -> 0.13605324 | X14: =VLOOKUP($B14,$S$3:$Y$9,6,FALSE) -> 0.27430556 | Y14: =VLOOKUP($B14,$S$3:$Y$9,7,FALSE) -> 0.30902778 | Z14: =VLOOKUP($B14,$S$3:$AA$9,8,FALSE) -> 0 | AA14: =VLOOKUP($B14,$S$3:$AA$9,9,FALSE) -> 60
B15: STARMALT | C15: =[22]Brewhouse!$A27 -> SM020 | D15: =[22]Brewhouse!$AH27 -> 53.8 | E15: =[22]Brewhouse!$AM27 -> 53 | F15: =[22]Brewhouse!$Z27 -> 54 | G15: =[22]Brewhouse!$AK27 -> 17.26 | H15: 17.1 | I15: =[22]Brewhouse!$AY27 -> 101.71397 | J15: =[22]Brewhouse!$AZ27 -> 101.32212 | K15: =[22]Brewhouse!$U27 -> 2.5650558 | L15: =[22]Brewhouse!$T27 -> 60 | M15: =[22]Brewhouse!$Y27-[22]Brewhouse!$X27 -> 0.125 | N15: =[22]Brewhouse!$AD27 -> 0.27777778 | O15: =[22]Brewhouse!$BC27 -> R. Regis | S15: =B15 -> STARMALT | T15: =VLOOKUP($B15,$S$3:$Y$9,2,FALSE) -> 17.1 | U15: =VLOOKUP($B15,$S$3:$Y$9,3,FALSE) -> 17.5 | V15: =VLOOKUP($B15,$S$3:$Y$9,4,FALSE) -> 0 | W15: =VLOOKUP($B15,$S$3:$Y$9,5,FALSE) -> 0.13605324 | X15: =VLOOKUP($B15,$S$3:$Y$9,6,FALSE) -> 0.27430556 | Y15: =VLOOKUP($B15,$S$3:$Y$9,7,FALSE) -> 0.30902778 | Z15: =VLOOKUP($B15,$S$3:$AA$9,8,FALSE) -> 0 | AA15: =VLOOKUP($B15,$S$3:$AA$9,9,FALSE) -> 60
B16: STARMALT | C16: =[22]Brewhouse!$A28 -> SM021 | D16: =[22]Brewhouse!$AH28 -> 53 | E16: =[22]Brewhouse!$AM28 -> 50.5 | F16: =[22]Brewhouse!$Z28 -> 70 | G16: =[22]Brewhouse!$AK28 -> 17.4 | I16: =[22]Brewhouse!$AY28 -> 97.028255 | J16: =[22]Brewhouse!$AZ28 -> 96.652378 | K16: =[22]Brewhouse!$U28 -> 0.90566038 | L16: =[22]Brewhouse!$T28 -> 59 | M16: =[22]Brewhouse!$Y28-[22]Brewhouse!$X28 -> 0.12222222 | N16: =[22]Brewhouse!$AD28 -> 0.27430556 | O16: =[22]Brewhouse!$BC28 -> R.Sookram | S16: =B16 -> STARMALT | T16: =VLOOKUP($B16,$S$3:$Y$9,2,FALSE) -> 17.1 | U16: =VLOOKUP($B16,$S$3:$Y$9,3,FALSE) -> 17.5 | V16: =VLOOKUP($B16,$S$3:$Y$9,4,FALSE) -> 0 | W16: =VLOOKUP($B16,$S$3:$Y$9,5,FALSE) -> 0.13605324 | X16: =VLOOKUP($B16,$S$3:$Y$9,6,FALSE) -> 0.27430556 | Y16: =VLOOKUP($B16,$S$3:$Y$9,7,FALSE) -> 0.30902778 | Z16: =VLOOKUP($B16,$S$3:$AA$9,8,FALSE) -> 0 | AA16: =VLOOKUP($B16,$S$3:$AA$9,9,FALSE) -> 60
B17: STARMALT | C17: =[22]Brewhouse!$A29 -> SM022 | D17: =[22]Brewhouse!$AH29 -> 52.9 | E17: =[22]Brewhouse!$AM29 -> 51.6 | F17: =[22]Brewhouse!$Z29 -> 84 | G17: =[22]Brewhouse!$AK29 -> 17.48 | I17: =[22]Brewhouse!$AY29 -> 99.806942 | J17: =[22]Brewhouse!$AZ29 -> 99.420655 | K17: =[22]Brewhouse!$U29 -> 0.71833648 | L17: =[22]Brewhouse!$T29 -> 60 | M17: =[22]Brewhouse!$Y29-[22]Brewhouse!$X29 -> 0.13541667 | N17: =[22]Brewhouse!$AD29 -> 0.2875 | O17: =[22]Brewhouse!$BC29 -> R.Sookram | S17: =B17 -> STARMALT | T17: =VLOOKUP($B17,$S$3:$Y$9,2,FALSE) -> 17.1 | U17: =VLOOKUP($B17,$S$3:$Y$9,3,FALSE) -> 17.5 | V17: =VLOOKUP($B17,$S$3:$Y$9,4,FALSE) -> 0 | W17: =VLOOKUP($B17,$S$3:$Y$9,5,FALSE) -> 0.13605324 | X17: =VLOOKUP($B17,$S$3:$Y$9,6,FALSE) -> 0.27430556 | Y17: =VLOOKUP($B17,$S$3:$Y$9,7,FALSE) -> 0.30902778 | Z17: =VLOOKUP($B17,$S$3:$AA$9,8,FALSE) -> 0 | AA17: =VLOOKUP($B17,$S$3:$AA$9,9,FALSE) -> 60
S20: =B20 -> 0 | T20: =VLOOKUP($B20,$S$3:$Y$9,2,FALSE) -> #N/A | U20: =VLOOKUP($B20,$S$3:$Y$9,3,FALSE) -> #N/A | V20: =VLOOKUP($B20,$S$3:$Y$9,4,FALSE) -> #N/A | W20: =VLOOKUP($B20,$S$3:$Y$9,5,FALSE) -> #N/A | X20: =VLOOKUP($B20,$S$3:$Y$9,6,FALSE) -> #N/A | Y20: =VLOOKUP($B20,$S$3:$Y$9,7,FALSE) -> #N/A | Z20: =VLOOKUP($B20,$S$3:$AA$9,8,FALSE) -> #N/A | AA20: =VLOOKUP($B20,$S$3:$AA$9,9,FALSE) -> #N/A
S21: =B21 -> 0 | T21: =VLOOKUP($B21,$S$3:$Y$9,2,FALSE) -> #N/A | U21: =VLOOKUP($B21,$S$3:$Y$9,3,FALSE) -> #N/A | V21: =VLOOKUP($B21,$S$3:$Y$9,4,FALSE) -> #N/A | W21: =VLOOKUP($B21,$S$3:$Y$9,5,FALSE) -> #N/A | X21: =VLOOKUP($B21,$S$3:$Y$9,6,FALSE) -> #N/A | Y21: =VLOOKUP($B21,$S$3:$Y$9,7,FALSE) -> #N/A | Z21: =VLOOKUP($B21,$S$3:$AA$9,8,FALSE) -> #N/A | AA21: =VLOOKUP($B21,$S$3:$AA$9,9,FALSE) -> #N/A
S22: =B22 -> 0 | T22: =VLOOKUP($B22,$S$3:$Y$9,2,FALSE) -> #N/A | U22: =VLOOKUP($B22,$S$3:$Y$9,3,FALSE) -> #N/A | V22: =VLOOKUP($B22,$S$3:$Y$9,4,FALSE) -> #N/A | W22: =VLOOKUP($B22,$S$3:$Y$9,5,FALSE) -> #N/A | X22: =VLOOKUP($B22,$S$3:$Y$9,6,FALSE) -> #N/A | Y22: =VLOOKUP($B22,$S$3:$Y$9,7,FALSE) -> #N/A | Z22: =VLOOKUP($B22,$S$3:$AA$9,8,FALSE) -> #N/A | AA22: =VLOOKUP($B22,$S$3:$AA$9,9,FALSE) -> #N/A
S23: =B23 -> 0 | T23: =VLOOKUP($B23,$S$3:$Y$9,2,FALSE) -> #N/A | U23: =VLOOKUP($B23,$S$3:$Y$9,3,FALSE) -> #N/A | V23: =VLOOKUP($B23,$S$3:$Y$9,4,FALSE) -> #N/A | W23: =VLOOKUP($B23,$S$3:$Y$9,5,FALSE) -> #N/A | X23: =VLOOKUP($B23,$S$3:$Y$9,6,FALSE) -> #N/A | Y23: =VLOOKUP($B23,$S$3:$Y$9,7,FALSE) -> #N/A | Z23: =VLOOKUP($B23,$S$3:$AA$9,8,FALSE) -> #N/A | AA23: =VLOOKUP($B23,$S$3:$AA$9,9,FALSE) -> #N/A
S24: =B24 -> 0 | T24: =VLOOKUP($B24,$S$3:$Y$9,2,FALSE) -> #N/A | U24: =VLOOKUP($B24,$S$3:$Y$9,3,FALSE) -> #N/A | V24: =VLOOKUP($B24,$S$3:$Y$9,4,FALSE) -> #N/A | W24: =VLOOKUP($B24,$S$3:$Y$9,5,FALSE) -> #N/A | X24: =VLOOKUP($B24,$S$3:$Y$9,6,FALSE) -> #N/A | Y24: =VLOOKUP($B24,$S$3:$Y$9,7,FALSE) -> #N/A | Z24: =VLOOKUP($B24,$S$3:$AA$9,8,FALSE) -> #N/A | AA24: =VLOOKUP($B24,$S$3:$AA$9,9,FALSE) -> #N/A
S25: =B25 -> 0 | T25: =VLOOKUP($B25,$S$3:$Y$9,2,FALSE) -> #N/A | U25: =VLOOKUP($B25,$S$3:$Y$9,3,FALSE) -> #N/A | V25: =VLOOKUP($B25,$S$3:$Y$9,4,FALSE) -> #N/A | W25: =VLOOKUP($B25,$S$3:$Y$9,5,FALSE) -> #N/A | X25: =VLOOKUP($B25,$S$3:$Y$9,6,FALSE) -> #N/A | Y25: =VLOOKUP($B25,$S$3:$Y$9,7,FALSE) -> #N/A | Z25: =VLOOKUP($B25,$S$3:$AA$9,8,FALSE) -> #N/A | AA25: =VLOOKUP($B25,$S$3:$AA$9,9,FALSE) -> #N/A
S26: =B26 -> 0 | T26: =VLOOKUP($B26,$S$3:$Y$9,2,FALSE) -> #N/A | U26: =VLOOKUP($B26,$S$3:$Y$9,3,FALSE) -> #N/A | V26: =VLOOKUP($B26,$S$3:$Y$9,4,FALSE) -> #N/A | W26: =VLOOKUP($B26,$S$3:$Y$9,5,FALSE) -> #N/A | X26: =VLOOKUP($B26,$S$3:$Y$9,6,FALSE) -> #N/A | Y26: =VLOOKUP($B26,$S$3:$Y$9,7,FALSE) -> #N/A | Z26: =VLOOKUP($B26,$S$3:$AA$9,8,FALSE) -> #N/A | AA26: =VLOOKUP($B26,$S$3:$AA$9,9,FALSE) -> #N/A
S27: =B27 -> 0 | T27: =VLOOKUP($B27,$S$3:$Y$9,2,FALSE) -> #N/A | U27: =VLOOKUP($B27,$S$3:$Y$9,3,FALSE) -> #N/A | V27: =VLOOKUP($B27,$S$3:$Y$9,4,FALSE) -> #N/A | W27: =VLOOKUP($B27,$S$3:$Y$9,5,FALSE) -> #N/A | X27: =VLOOKUP($B27,$S$3:$Y$9,6,FALSE) -> #N/A | Y27: =VLOOKUP($B27,$S$3:$Y$9,7,FALSE) -> #N/A | Z27: =VLOOKUP($B27,$S$3:$AA$9,8,FALSE) -> #N/A | AA27: =VLOOKUP($B27,$S$3:$AA$9,9,FALSE) -> #N/A
S28: =B28 -> 0 | T28: =VLOOKUP($B28,$S$3:$Y$9,2,FALSE) -> #N/A | U28: =VLOOKUP($B28,$S$3:$Y$9,3,FALSE) -> #N/A | V28: =VLOOKUP($B28,$S$3:$Y$9,4,FALSE) -> #N/A | W28: =VLOOKUP($B28,$S$3:$Y$9,5,FALSE) -> #N/A | X28: =VLOOKUP($B28,$S$3:$Y$9,6,FALSE) -> #N/A | Y28: =VLOOKUP($B28,$S$3:$Y$9,7,FALSE) -> #N/A | Z28: =VLOOKUP($B28,$S$3:$AA$9,8,FALSE) -> #N/A | AA28: =VLOOKUP($B28,$S$3:$AA$9,9,FALSE) -> #N/A
S29: =B29 -> 0 | T29: =VLOOKUP($B29,$S$3:$Y$9,2,FALSE) -> #N/A | U29: =VLOOKUP($B29,$S$3:$Y$9,3,FALSE) -> #N/A | V29: =VLOOKUP($B29,$S$3:$Y$9,4,FALSE) -> #N/A | W29: =VLOOKUP($B29,$S$3:$Y$9,5,FALSE) -> #N/A | X29: =VLOOKUP($B29,$S$3:$Y$9,6,FALSE) -> #N/A | Y29: =VLOOKUP($B29,$S$3:$Y$9,7,FALSE) -> #N/A | Z29: =VLOOKUP($B29,$S$3:$AA$9,8,FALSE) -> #N/A | AA29: =VLOOKUP($B29,$S$3:$AA$9,9,FALSE) -> #N/A
S30: =B30 -> 0 | T30: =VLOOKUP($B30,$S$3:$Y$9,2,FALSE) -> #N/A | U30: =VLOOKUP($B30,$S$3:$Y$9,3,FALSE) -> #N/A | V30: =VLOOKUP($B30,$S$3:$Y$9,4,FALSE) -> #N/A | W30: =VLOOKUP($B30,$S$3:$Y$9,5,FALSE) -> #N/A | X30: =VLOOKUP($B30,$S$3:$Y$9,6,FALSE) -> #N/A | Y30: =VLOOKUP($B30,$S$3:$Y$9,7,FALSE) -> #N/A | Z30: =VLOOKUP($B30,$S$3:$AA$9,8,FALSE) -> #N/A | AA30: =VLOOKUP($B30,$S$3:$AA$9,9,FALSE) -> #N/A
S31: =B31 -> 0 | T31: =VLOOKUP($B31,$S$3:$Y$9,2,FALSE) -> #N/A | U31: =VLOOKUP($B31,$S$3:$Y$9,3,FALSE) -> #N/A | V31: =VLOOKUP($B31,$S$3:$Y$9,4,FALSE) -> #N/A | W31: =VLOOKUP($B31,$S$3:$Y$9,5,FALSE) -> #N/A | X31: =VLOOKUP($B31,$S$3:$Y$9,6,FALSE) -> #N/A | Y31: =VLOOKUP($B31,$S$3:$Y$9,7,FALSE) -> #N/A | Z31: =VLOOKUP($B31,$S$3:$AA$9,8,FALSE) -> #N/A | AA31: =VLOOKUP($B31,$S$3:$AA$9,9,FALSE) -> #N/A
... S53: =B53 -> 0 | T53: =VLOOKUP($B53,$S$3:$Y$9,2,FALSE) -> #N/A | U53: =VLOOKUP($B53,$S$3:$Y$9,3,FALSE) -> #N/A | V53: =VLOOKUP($B53,$S$3:$Y$9,4,FALSE) -> #N/A | W53: =VLOOKUP($B53,$S$3:$Y$9,5,FALSE) -> #N/A | X53: =VLOOKUP($B53,$S$3:$Y$9,6,FALSE) -> #N/A | Y53: =VLOOKUP($B53,$S$3:$Y$9,7,FALSE) -> #N/A | Z53: =VLOOKUP($B53,$S$3:$AA$9,8,FALSE) -> #N/A | AA53: =VLOOKUP($B53,$S$3:$AA$9,9,FALSE) -> #N/A
I54: EXTRACT RECOVERY
B55: BRAND | D55: BBT P.G./ O.G | I55: Brand | J55: Actual | K55: MTD No. of Brews | L55: MTD | M55: YTD | N55: Target
I56: CARIB | M56: =AVERAGE([23]Brewhouse!$AU$102:$AU$171,[23]Brewhouse!$AU$173:$AU$253) -> 95.607057 | N56: 98
I57: STAG | M57: =AVERAGE([24]Brewhouse!$AS$15:$AS$64,[24]Brewhouse!$AS$66:$AS$102) -> 95.902722 | N57: 98
I58: GUINNESS | M58: =AVERAGE([25]Brewhouse!$AU$4:$AU$7,[25]Brewhouse!$AU$9:$AU$22) -> 96.218977 | N58: 98
I59: VITAMALT | M59: =AVERAGE([26]Brewhouse!$AV$5:$AV$14,[26]Brewhouse!$AV$16:$AV$19) -> 98.230958 | N59: 98
I60: MAXIMALT | N60: 98
I61: MACKESON | M61: =AVERAGE([27]Brewhouse!$AT$4:$AT$11) -> 94.812617 | N61: 98
I62: STARMALT | J62: =AVERAGE(I10:I17) -> 98.065834 | K62: =COUNTA([22]Brewhouse!$A$22:$A$29) -> 8 | L62: =AVERAGE([22]Brewhouse!$AY$22:$AY$29) -> 98.065834 | M62: =AVERAGE([22]Brewhouse!$AY$6:$AY$13,[22]Brewhouse!$AY$15:$AY$20,[22]Brewhouse!$AY$22:$AY$29) -> 95.660462 | N62: 98
I63: HR- Pils | M63: =AVERAGE([28]Brewhouse!$AU$5:$AU$8) -> 91.006888 | N63: 98
I64: HR- IPA
I65: HR- APA | N65: 98
K66: =SUM(K56:K65) -> 8 | L66: =((L56*K56)+(L57*K57)+(L58*K58)+(L59*K59)+(L60*K60)+(K63*L63)+(L61*K61)+(L62*K62)+(L65*K65))/(K66) -> 98.065834 | M66: =AVERAGE('[29]Jan 31st'!$L$65,'[30]Feb 28th'!$L$35,L66) -> 96.502937 | N66: 98
J68: Daily Brewing Plan
J69: Brand | K69: Brews Achieved | L69: Average Brews per day
J70: CARIB | L70: MTD | M70: YTD | N70: TARGET
J71: STAG | L71: =AVERAGE(K80) -> 8 | M71: =AVERAGE('[29]Jan 29th '!$M$70,'[30]Feb 28th'!$L$40,L71) -> 7.1703297
J72: GUINN
J73: VITAMALT
J74: STARMALT | K74: =COUNTA(B10:B17) -> 8
J75: MACKESON
J76: HURRICANE REEF- IPA
J77: HURRICANE REEF- APA
B78: AVERAGE | D78: =AVERAGE(D56:E77) -> #DIV/0! | J78: HR- PILSNER
J79: CARIBE
J80: Total | K80: =SUM(K70:K79) -> 8
B81: Process: | C81: Fermentation/Filtration
B83: Brand | C83: Filt. Date | D83: FV Hls | E83: GFE/ Prim/ Vita Blend (Hls) | F83: SV Hls | G83: BBT Hls | H83: Loss (%) Ferm | I83: Loss (%) Filt | J83: Comments | K83: Throughput | L83: Process Loss (%) | M83: Filt. Operator
U84: 43466 | V84: 43467 | W84: 43468 | X84: 43469 | Y84: 43470 | Z84: 43471 | AA84: 43472 | AB84: 43473 | AC84: 43474 | AD84: 43475 | AE84: 43476 | AF84: 43477 | AG84: 43478 | AH84: 43479 | AI84: 43480 | AJ84: 43481 | AK84: 43482 | AL84: 43483 | AM84: 43484 | AN84: 43485 | AO84: 43486 | AP84: 43487 | AQ84: 43488 | AR84: 43489 | AS84: 43490 | AT84: 43491 | AU84: 43492 | AV84: 43493 | AW84: 43494 | AX84: 43495 | AY84: 43496
T85: hls
T86: Throughput | U86: =[20]January_2019!D8 -> #DIV/0! | V86: =[20]January_2019!E8 -> 1.0319298 | W86: =[20]January_2019!F8 -> 1.7789474 | X86: =[20]January_2019!G8 -> 0.51929825 | Y86: =[20]January_2019!H8 -> #DIV/0! | Z86: =[20]January_2019!I8 -> #DIV/0! | AA86: =[20]January_2019!J8 -> 1.3652632 | AB86: =[20]January_2019!K8 -> #DIV/0! | ... AY86: =[20]January_2019!AH8 -> #DIV/0!
J89: NO Break
B93: Process Loss (Volume) | G93: Process Loss (Extract) | K93: Throughput
B94: Brand | C94: Actual | D94: MTD | E94: YTD | F94: Target | G94: Actual | H94: MTD | I94: YTD | J94: Target | K94: Actual | L94: MTD | M94: YTD | N94: Target
B95: CARIB | E95: 7.106084 | F95: 4.8 | I95: 9.2783449 | J95: 4.8 | M95: 0.98457735 | N95: 1
B96: STAG | E96: 7.0049934 | F96: 4.8 | I96: 10.863101 | J96: 4.8 | M96: 0.97131579 | N96: 1
B97: GUINN | E97: 9.8890462 | F97: 5.5 | I97: 2.6473552 | J97: 5.5 | M97: 1.0392982 | N97: 1
B98: VITAMALT | E98: 3.405687 | F98: 3.3 | I98: 6.6434583 | J98: 3.3 | M98: 0.83350877 | N98: 1
B99: MAXIMALT | E99: 8.8295688 | F99: 3.3 | J99: 3 | N99: 1
B100: MACKESON | E100: 9.969885 | F100: =[21]May_2022!$M$43 -> 3.4878407 | I100: 10.607236 | J100: 5.5 | M100: 0.66824561 | N100: 1
B101: STARMALT | E101: 4.851724 | F101: 3.3 | I101: 4.0624079 | J101: 3.3 | M101: 0.69842105 | N101: 1
B102: HURRICANE REEF | E102: 14.011128 | F102: 7.5 | J102: 7.5 | N102: 1
E103: 6.9805899 | F103: 4.5 | I103: 8.462142 | J103: 4.5 | M103: 0.91614833 | N103: 1
AD116: :

Sheet Mar. 4th
T1: P.G. | V1: Hot Time | X1: Process Time | Z1: Cooling Time
B2: Brewing Department Daily Process Loss Report | T2: Lower | U2: Upper | V2: Lower | W2: Upper | X2: Lower | Y2: Upper | Z2: Lower | AA2: Upper
S3: CARIB | T3: 11.6 | U3: 12 | V3: 0 | W3: 0.11805556 | X3: 0.22569444 | Y3: 0.26388889 | Z3: 0 | AA3: 60 | AC3: HR- PISNER
B4: Date: | C4: 45721 | J4: LOT WORT COLOUR: 3.0 | M4: Filter Sheets (Target 20 days) | S4: STAG | T4: 11.6 | U4: 12 | V4: 0 | W4: 0.11805556 | X4: 0.22569444 | Y4: 0.26388889 | Z4: 0 | AA4: 60
M5: Double | N5: Single | S5: GUINNESS | T5: 17 | U5: 17.5 | V5: 0 | W5: 0.10763889 | X5: 0.24652778 | Y5: 0.28472222 | Z5: 0 | AA5: 60
J6: MALT LOT: Lot 18 | L6: Sheet Day | S6: MACKESON | T6: 13.3 | U6: 13.5 | V6: 0 | W6: 0.12905093 | X6: 0.27430556 | Y6: 0.30208333 | Z6: 0
S7: STARMALT | T7: 17.1 | U7: 17.5 | V7: 0 | W7: 0.13605324 | X7: 0.27430556 | Y7: 0.30902778 | Z7: 0 | AA7: 60
B8: Brand | C8: Brew no. | D8: Kett. Hls | E8: Wort | F8: Cool Time(Mins) | G8: Cast. P.G. (Lab Result) | H8: Cast P.G. (Cellar Operator)-gravity | I8: Extr. Rec (80.9%) | J8: Theor. Extr. (77.5%) | K8: Boil Off /Vol. (4-6%) | L8: Boil Time | M8: Total Hot | N8: Brewing | O8: Operator | P8: Comments | Q8: Actual Pilsen Malt | S8: Hurricane Reef | T8: 16.6 | U8: 17 | V8: 0 | W8: 0.12905093 | X8: 0.27430556 | Y8: 0.30208333 | Z8: 0
E9: Meter (Hls) | F9: Target(< 60Mins) | M9: Time | S9: VITAMALT | T9: 14.4 | U9: 14.6 | V9: 0 | W9: 0.13905093 | X9: 0.26041667 | Y9: 0.29513889 | Z9: 0 | AA9: 75
B10: CARIB | C10: =[23]Brewhouse!$A255 -> CA152 | D10: =[23]Brewhouse!$AF255 -> 55.6 | E10: =[23]Brewhouse!$AI255 -> 52 | F10: =[23]Brewhouse!$V255 -> 60 | G10: =[23]Brewhouse!$AG255 -> 11.9 | H10: 11.9 | I10: =[23]Brewhouse!$AU255 -> 102.72901 | J10: =[23]Brewhouse!$AV255 -> 101.94335 | K10: =[23]Brewhouse!$Q255 -> 8.1769912 | L10: =[23]Brewhouse!$P255 -> 58 | M10: =[23]Brewhouse!$U255-[23]Brewhouse!$T255 -> 0.13611111 | N10: =[23]Brewhouse!$Z255 -> 0.28541667 | O10: =[23]Brewhouse!$AX255 -> R.Sookram | S10: =B10 -> CARIB | T10: =VLOOKUP($B10,$S$3:$Y$9,2,FALSE) -> 11.6 | U10: =VLOOKUP($B10,$S$3:$Y$9,3,FALSE) -> 12 | V10: =VLOOKUP($B10,$S$3:$Y$9,4,FALSE) -> 0 | W10: =VLOOKUP($B10,$S$3:$Y$9,5,FALSE) -> 0.11805556 | X10: =VLOOKUP($B10,$S$3:$Y$9,6,FALSE) -> 0.22569444 | Y10: =VLOOKUP($B10,$S$3:$Y$9,7,FALSE) -> 0.26388889 | Z10: =VLOOKUP($B10,$S$3:$AA$9,8,FALSE) -> 0 | AA10: =VLOOKUP($B10,$S$3:$AA$9,9,FALSE) -> 60
B11: CARIB | C11: =[23]Brewhouse!$A256 -> CA153 | D11: =[23]Brewhouse!$AF256 -> 53.3 | E11: =[23]Brewhouse!$AI256 -> 49.9 | F11: =[23]Brewhouse!$V256 -> 62 | G11: =[23]Brewhouse!$AG256 -> 11.8 | H11: 11.9 | I11: =[23]Brewhouse!$AU256 -> 97.709347 | J11: =[23]Brewhouse!$AV256 -> 96.962078 | K11: =[23]Brewhouse!$Q256 -> 6.1071429 | L11: =[23]Brewhouse!$P256 -> 61 | M11: =[23]Brewhouse!$U256-[23]Brewhouse!$T256 -> 0.11180556 | N11: =[23]Brewhouse!$Z256 -> 0.27083333 | O11: =[23]Brewhouse!$AX256 -> K.Benjamin | S11: =B11 -> CARIB | T11: =VLOOKUP($B11,$S$3:$Y$9,2,FALSE) -> 11.6 | U11: =VLOOKUP($B11,$S$3:$Y$9,3,FALSE) -> 12 | V11: =VLOOKUP($B11,$S$3:$Y$9,4,FALSE) -> 0 | W11: =VLOOKUP($B11,$S$3:$Y$9,5,FALSE) -> 0.11805556 | X11: =VLOOKUP($B11,$S$3:$Y$9,6,FALSE) -> 0.22569444 | Y11: =VLOOKUP($B11,$S$3:$Y$9,7,FALSE) -> 0.26388889 | Z11: =VLOOKUP($B11,$S$3:$AA$9,8,FALSE) -> 0 | AA11: =VLOOKUP($B11,$S$3:$AA$9,9,FALSE) -> 60
B12: CARIB | C12: =[23]Brewhouse!$A257 -> CA154 | D12: =[23]Brewhouse!$AF257 -> 52.4 | E12: =[23]Brewhouse!$AI257 -> 49 | F12: =[23]Brewhouse!$V257 -> 65 | G12: =[23]Brewhouse!$AG257 -> 11.9 | H12: 11.8 | I12: =[23]Brewhouse!$AU257 -> 97.03902 | J12: =[23]Brewhouse!$AV257 -> 96.297038 | K12: =[23]Brewhouse!$Q257 -> 7.2172352 | L12: =[23]Brewhouse!$P257 -> 60 | M12: =[23]Brewhouse!$U257-[23]Brewhouse!$T257 -> 0.11875 | N12: =[23]Brewhouse!$Z257 -> 0.28472222 | O12: =[23]Brewhouse!$AX257 -> K.Benjamin | S12: =B12 -> CARIB | T12: =VLOOKUP($B12,$S$3:$Y$9,2,FALSE) -> 11.6 | U12: =VLOOKUP($B12,$S$3:$Y$9,3,FALSE) -> 12 | V12: =VLOOKUP($B12,$S$3:$Y$9,4,FALSE) -> 0 | W12: =VLOOKUP($B12,$S$3:$Y$9,5,FALSE) -> 0.11805556 | X12: =VLOOKUP($B12,$S$3:$Y$9,6,FALSE) -> 0.22569444 | Y12: =VLOOKUP($B12,$S$3:$Y$9,7,FALSE) -> 0.26388889 | Z12: =VLOOKUP($B12,$S$3:$AA$9,8,FALSE) -> 0 | AA12: =VLOOKUP($B12,$S$3:$AA$9,9,FALSE) -> 60
B13: CARIB | C13: =[23]Brewhouse!$A258 -> CA155 | D13: =[23]Brewhouse!$AF258 -> 51.9 | E13: =[23]Brewhouse!$AI258 -> 49.5 | F13: =[23]Brewhouse!$V258 -> 58 | G13: =[23]Brewhouse!$AG258 -> 12.06 | H13: 11.7 | I13: =[23]Brewhouse!$AU258 -> 100.56008 | J13: =[23]Brewhouse!$AV258 -> 99.75845 | K13: =[23]Brewhouse!$Q258 -> 8.9323843 | L13: =[23]Brewhouse!$P258 -> 60 | M13: =[23]Brewhouse!$U258-[23]Brewhouse!$T258 -> 0.1125 | N13: =[23]Brewhouse!$Z258 -> 0.26180556 | O13: =[23]Brewhouse!$AX258 -> K.Benjamin | S13: =B13 -> CARIB | T13: =VLOOKUP($B13,$S$3:$Y$9,2,FALSE) -> 11.6 | U13: =VLOOKUP($B13,$S$3:$Y$9,3,FALSE) -> 12 | V13: =VLOOKUP($B13,$S$3:$Y$9,4,FALSE) -> 0 | W13: =VLOOKUP($B13,$S$3:$Y$9,5,FALSE) -> 0.11805556 | X13: =VLOOKUP($B13,$S$3:$Y$9,6,FALSE) -> 0.22569444 | Y13: =VLOOKUP($B13,$S$3:$Y$9,7,FALSE) -> 0.26388889 | Z13: =VLOOKUP($B13,$S$3:$AA$9,8,FALSE) -> 0 | AA13: =VLOOKUP($B13,$S$3:$AA$9,9,FALSE) -> 60
B14: CARIB | C14: =[23]Brewhouse!$A259 -> CA156 | D14: =[23]Brewhouse!$AF259 -> 52.9 | E14: =[23]Brewhouse!$AI259 -> 49.6 | F14: =[23]Brewhouse!$V259 -> 61 | G14: =[23]Brewhouse!$AG259 -> 12 | H14: 11.9 | I14: =[23]Brewhouse!$AU259 -> 100.13521 | J14: =[23]Brewhouse!$AV259 -> 99.33705 | K14: =[23]Brewhouse!$Q259 -> 9.0780142 | L14: =[23]Brewhouse!$P259 -> 62 | M14: =[23]Brewhouse!$U259-[23]Brewhouse!$T259 -> 0.1125 | N14: =[23]Brewhouse!$Z259 -> 0.27986111 | O14: =[23]Brewhouse!$AX259 -> R.Regis | S14: =B14 -> CARIB | T14: =VLOOKUP($B14,$S$3:$Y$9,2,FALSE) -> 11.6 | U14: =VLOOKUP($B14,$S$3:$Y$9,3,FALSE) -> 12 | V14: =VLOOKUP($B14,$S$3:$Y$9,4,FALSE) -> 0 | W14: =VLOOKUP($B14,$S$3:$Y$9,5,FALSE) -> 0.11805556 | X14: =VLOOKUP($B14,$S$3:$Y$9,6,FALSE) -> 0.22569444 | Y14: =VLOOKUP($B14,$S$3:$Y$9,7,FALSE) -> 0.26388889 | Z14: =VLOOKUP($B14,$S$3:$AA$9,8,FALSE) -> 0 | AA14: =VLOOKUP($B14,$S$3:$AA$9,9,FALSE) -> 60
B15: CARIB | C15: =[23]Brewhouse!$A260 -> CA157 | D15: =[23]Brewhouse!$AF260 -> 53.2 | E15: =[23]Brewhouse!$AI260 -> 50.1 | F15: =[23]Brewhouse!$V260 -> 49 | G15: =[23]Brewhouse!$AG260 -> 11.8 | H15: 11.7 | I15: =[23]Brewhouse!$AU260 -> 99.006073 | J15: =[23]Brewhouse!$AV260 -> 98.216788 | K15: =[23]Brewhouse!$Q260 -> 5.6115108 | L15: =[23]Brewhouse!$P260 -> 59 | M15: =[23]Brewhouse!$U260-[23]Brewhouse!$T260 -> 0.10902778 | N15: =[23]Brewhouse!$Z260 -> 0.27430556 | O15: =[23]Brewhouse!$AX260 -> R.Regis | S15: =B15 -> CARIB | T15: =VLOOKUP($B15,$S$3:$Y$9,2,FALSE) -> 11.6 | U15: =VLOOKUP($B15,$S$3:$Y$9,3,FALSE) -> 12 | V15: =VLOOKUP($B15,$S$3:$Y$9,4,FALSE) -> 0 | W15: =VLOOKUP($B15,$S$3:$Y$9,5,FALSE) -> 0.11805556 | X15: =VLOOKUP($B15,$S$3:$Y$9,6,FALSE) -> 0.22569444 | Y15: =VLOOKUP($B15,$S$3:$Y$9,7,FALSE) -> 0.26388889 | Z15: =VLOOKUP($B15,$S$3:$AA$9,8,FALSE) -> 0 | AA15: =VLOOKUP($B15,$S$3:$AA$9,9,FALSE) -> 60
B16: CARIB | C16: =[23]Brewhouse!$A261 -> CA158 | D16: =[23]Brewhouse!$AF261 -> 53.4 | E16: =[23]Brewhouse!$AI261 -> 50.4 | F16: =[23]Brewhouse!$V261 -> 63 | G16: =[23]Brewhouse!$AG261 -> 11.76 | I16: =[23]Brewhouse!$AU261 -> 99.47649 | J16: =[23]Brewhouse!$AV261 -> 98.683411 | K16: =[23]Brewhouse!$Q261 -> 6.5957447 | L16: =[23]Brewhouse!$P261 -> 61 | M16: =[23]Brewhouse!$U261-[23]Brewhouse!$T261 -> 0.12361111 | N16: =[23]Brewhouse!$Z261 -> 0.26180556 | O16: =[23]Brewhouse!$AX261 -> R.Regis | S16: =B16 -> CARIB | T16: =VLOOKUP($B16,$S$3:$Y$9,2,FALSE) -> 11.6 | U16: =VLOOKUP($B16,$S$3:$Y$9,3,FALSE) -> 12 | V16: =VLOOKUP($B16,$S$3:$Y$9,4,FALSE) -> 0 | W16: =VLOOKUP($B16,$S$3:$Y$9,5,FALSE) -> 0.11805556 | X16: =VLOOKUP($B16,$S$3:$Y$9,6,FALSE) -> 0.22569444 | Y16: =VLOOKUP($B16,$S$3:$Y$9,7,FALSE) -> 0.26388889 | Z16: =VLOOKUP($B16,$S$3:$AA$9,8,FALSE) -> 0 | AA16: =VLOOKUP($B16,$S$3:$AA$9,9,FALSE) -> 60
S17: =B17 -> 0 | T17: =VLOOKUP($B17,$S$3:$Y$9,2,FALSE) -> #N/A | U17: =VLOOKUP($B17,$S$3:$Y$9,3,FALSE) -> #N/A | V17: =VLOOKUP($B17,$S$3:$Y$9,4,FALSE) -> #N/A | W17: =VLOOKUP($B17,$S$3:$Y$9,5,FALSE) -> #N/A | X17: =VLOOKUP($B17,$S$3:$Y$9,6,FALSE) -> #N/A | Y17: =VLOOKUP($B17,$S$3:$Y$9,7,FALSE) -> #N/A | Z17: =VLOOKUP($B17,$S$3:$AA$9,8,FALSE) -> #N/A | AA17: =VLOOKUP($B17,$S$3:$AA$9,9,FALSE) -> #N/A
B18: STAG | C18: =[24]Brewhouse!$A105 -> ST089 | D18: =[24]Brewhouse!$AD105 -> 51.6 | E18: =[24]Brewhouse!$AG105 -> 48.2 | F18: =[24]Brewhouse!$V105 -> 63 | G18: =[24]Brewhouse!$AE105 -> 11.85 | H18: 11.8 | I18: =[24]Brewhouse!$AS105 -> 96.818003 | J18: =[24]Brewhouse!$AT105 -> 96.178448 | K18: =[24]Brewhouse!$Q105 -> 6.6298343 | L18: =[24]Brewhouse!$P105 -> 61 | M18: =[24]Brewhouse!$U105-[24]Brewhouse!$T105 -> 0.11666667 | N18: =[24]Brewhouse!$AW105 -> 0.26111111 | O18: =[24]Brewhouse!$AV105 -> R.Sookram | S18: =B18 -> STAG | T18: =VLOOKUP($B18,$S$3:$Y$9,2,FALSE) -> 11.6 | U18: =VLOOKUP($B18,$S$3:$Y$9,3,FALSE) -> 12 | V18: =VLOOKUP($B18,$S$3:$Y$9,4,FALSE) -> 0 | W18: =VLOOKUP($B18,$S$3:$Y$9,5,FALSE) -> 0.11805556 | X18: =VLOOKUP($B18,$S$3:$Y$9,6,FALSE) -> 0.22569444 | Y18: =VLOOKUP($B18,$S$3:$Y$9,7,FALSE) -> 0.26388889 | Z18: =VLOOKUP($B18,$S$3:$AA$9,8,FALSE) -> 0 | AA18: =VLOOKUP($B18,$S$3:$AA$9,9,FALSE) -> 60
B19: 45721
B20: STAG | C20: =[24]Brewhouse!$A106 -> ST090 | D20: =[24]Brewhouse!$AD106 -> 52.4 | E20: =[24]Brewhouse!$AG106 -> 48.9 | F20: =[24]Brewhouse!$V106 -> 58 | G20: =[24]Brewhouse!$AE106 -> 11.74 | I20: =[24]Brewhouse!$AS106 -> 96.728268 | J20: =[24]Brewhouse!$AT106 -> 96.089719 | K20: =[24]Brewhouse!$Q106 -> 7.4275362 | L20: =[24]Brewhouse!$P106 -> 62 | M20: =[24]Brewhouse!$U106-[24]Brewhouse!$T106 -> 0.10833333 | N20: =[24]Brewhouse!$AW106 -> 0.26111111 | O20: =[24]Brewhouse!$AV106 -> R.Sookram | S20: =B20 -> STAG | T20: =VLOOKUP($B20,$S$3:$Y$9,2,FALSE) -> 11.6 | U20: =VLOOKUP($B20,$S$3:$Y$9,3,FALSE) -> 12 | V20: =VLOOKUP($B20,$S$3:$Y$9,4,FALSE) -> 0 | W20: =VLOOKUP($B20,$S$3:$Y$9,5,FALSE) -> 0.11805556 | X20: =VLOOKUP($B20,$S$3:$Y$9,6,FALSE) -> 0.22569444 | Y20: =VLOOKUP($B20,$S$3:$Y$9,7,FALSE) -> 0.26388889 | Z20: =VLOOKUP($B20,$S$3:$AA$9,8,FALSE) -> 0 | AA20: =VLOOKUP($B20,$S$3:$AA$9,9,FALSE) -> 60
S21: =B21 -> 0 | T21: =VLOOKUP($B21,$S$3:$Y$9,2,FALSE) -> #N/A | U21: =VLOOKUP($B21,$S$3:$Y$9,3,FALSE) -> #N/A | V21: =VLOOKUP($B21,$S$3:$Y$9,4,FALSE) -> #N/A | W21: =VLOOKUP($B21,$S$3:$Y$9,5,FALSE) -> #N/A | X21: =VLOOKUP($B21,$S$3:$Y$9,6,FALSE) -> #N/A | Y21: =VLOOKUP($B21,$S$3:$Y$9,7,FALSE) -> #N/A | Z21: =VLOOKUP($B21,$S$3:$AA$9,8,FALSE) -> #N/A | AA21: =VLOOKUP($B21,$S$3:$AA$9,9,FALSE) -> #N/A
S22: =B22 -> 0 | T22: =VLOOKUP($B22,$S$3:$Y$9,2,FALSE) -> #N/A | U22: =VLOOKUP($B22,$S$3:$Y$9,3,FALSE) -> #N/A | V22: =VLOOKUP($B22,$S$3:$Y$9,4,FALSE) -> #N/A | W22: =VLOOKUP($B22,$S$3:$Y$9,5,FALSE) -> #N/A | X22: =VLOOKUP($B22,$S$3:$Y$9,6,FALSE) -> #N/A | Y22: =VLOOKUP($B22,$S$3:$Y$9,7,FALSE) -> #N/A | Z22: =VLOOKUP($B22,$S$3:$AA$9,8,FALSE) -> #N/A | AA22: =VLOOKUP($B22,$S$3:$AA$9,9,FALSE) -> #N/A
S23: =B23 -> 0 | T23: =VLOOKUP($B23,$S$3:$Y$9,2,FALSE) -> #N/A | U23: =VLOOKUP($B23,$S$3:$Y$9,3,FALSE) -> #N/A | V23: =VLOOKUP($B23,$S$3:$Y$9,4,FALSE) -> #N/A | W23: =VLOOKUP($B23,$S$3:$Y$9,5,FALSE) -> #N/A | X23: =VLOOKUP($B23,$S$3:$Y$9,6,FALSE) -> #N/A | Y23: =VLOOKUP($B23,$S$3:$Y$9,7,FALSE) -> #N/A | Z23: =VLOOKUP($B23,$S$3:$AA$9,8,FALSE) -> #N/A | AA23: =VLOOKUP($B23,$S$3:$AA$9,9,FALSE) -> #N/A
S24: =B24 -> 0 | T24: =VLOOKUP($B24,$S$3:$Y$9,2,FALSE) -> #N/A | U24: =VLOOKUP($B24,$S$3:$Y$9,3,FALSE) -> #N/A | V24: =VLOOKUP($B24,$S$3:$Y$9,4,FALSE) -> #N/A | W24: =VLOOKUP($B24,$S$3:$Y$9,5,FALSE) -> #N/A | X24: =VLOOKUP($B24,$S$3:$Y$9,6,FALSE) -> #N/A | Y24: =VLOOKUP($B24,$S$3:$Y$9,7,FALSE) -> #N/A | Z24: =VLOOKUP($B24,$S$3:$AA$9,8,FALSE) -> #N/A | AA24: =VLOOKUP($B24,$S$3:$AA$9,9,FALSE) -> #N/A
S25: =B25 -> 0 | T25: =VLOOKUP($B25,$S$3:$Y$9,2,FALSE) -> #N/A | U25: =VLOOKUP($B25,$S$3:$Y$9,3,FALSE) -> #N/A | V25: =VLOOKUP($B25,$S$3:$Y$9,4,FALSE) -> #N/A | W25: =VLOOKUP($B25,$S$3:$Y$9,5,FALSE) -> #N/A | X25: =VLOOKUP($B25,$S$3:$Y$9,6,FALSE) -> #N/A | Y25: =VLOOKUP($B25,$S$3:$Y$9,7,FALSE) -> #N/A | Z25: =VLOOKUP($B25,$S$3:$AA$9,8,FALSE) -> #N/A | AA25: =VLOOKUP($B25,$S$3:$AA$9,9,FALSE) -> #N/A
S26: =B26 -> 0 | T26: =VLOOKUP($B26,$S$3:$Y$9,2,FALSE) -> #N/A | U26: =VLOOKUP($B26,$S$3:$Y$9,3,FALSE) -> #N/A | V26: =VLOOKUP($B26,$S$3:$Y$9,4,FALSE) -> #N/A | W26: =VLOOKUP($B26,$S$3:$Y$9,5,FALSE) -> #N/A | X26: =VLOOKUP($B26,$S$3:$Y$9,6,FALSE) -> #N/A | Y26: =VLOOKUP($B26,$S$3:$Y$9,7,FALSE) -> #N/A | Z26: =VLOOKUP($B26,$S$3:$AA$9,8,FALSE) -> #N/A | AA26: =VLOOKUP($B26,$S$3:$AA$9,9,FALSE) -> #N/A
S27: =B27 -> 0 | T27: =VLOOKUP($B27,$S$3:$Y$9,2,FALSE) -> #N/A | U27: =VLOOKUP($B27,$S$3:$Y$9,3,FALSE) -> #N/A | V27: =VLOOKUP($B27,$S$3:$Y$9,4,FALSE) -> #N/A | W27: =VLOOKUP($B27,$S$3:$Y$9,5,FALSE) -> #N/A | X27: =VLOOKUP($B27,$S$3:$Y$9,6,FALSE) -> #N/A | Y27: =VLOOKUP($B27,$S$3:$Y$9,7,FALSE) -> #N/A | Z27: =VLOOKUP($B27,$S$3:$AA$9,8,FALSE) -> #N/A | AA27: =VLOOKUP($B27,$S$3:$AA$9,9,FALSE) -> #N/A
S28: =B28 -> 0 | T28: =VLOOKUP($B28,$S$3:$Y$9,2,FALSE) -> #N/A | U28: =VLOOKUP($B28,$S$3:$Y$9,3,FALSE) -> #N/A | V28: =VLOOKUP($B28,$S$3:$Y$9,4,FALSE) -> #N/A | W28: =VLOOKUP($B28,$S$3:$Y$9,5,FALSE) -> #N/A | X28: =VLOOKUP($B28,$S$3:$Y$9,6,FALSE) -> #N/A | Y28: =VLOOKUP($B28,$S$3:$Y$9,7,FALSE) -> #N/A | Z28: =VLOOKUP($B28,$S$3:$AA$9,8,FALSE) -> #N/A | AA28: =VLOOKUP($B28,$S$3:$AA$9,9,FALSE) -> #N/A
S29: =B29 -> 0 | T29: =VLOOKUP($B29,$S$3:$Y$9,2,FALSE) -> #N/A | U29: =VLOOKUP($B29,$S$3:$Y$9,3,FALSE) -> #N/A | V29: =VLOOKUP($B29,$S$3:$Y$9,4,FALSE) -> #N/A | W29: =VLOOKUP($B29,$S$3:$Y$9,5,FALSE) -> #N/A | X29: =VLOOKUP($B29,$S$3:$Y$9,6,FALSE) -> #N/A | Y29: =VLOOKUP($B29,$S$3:$Y$9,7,FALSE) -> #N/A | Z29: =VLOOKUP($B29,$S$3:$AA$9,8,FALSE) -> #N/A | AA29: =VLOOKUP($B29,$S$3:$AA$9,9,FALSE) -> #N/A
S30: =B30 -> 0 | T30: =VLOOKUP($B30,$S$3:$Y$9,2,FALSE) -> #N/A | U30: =VLOOKUP($B30,$S$3:$Y$9,3,FALSE) -> #N/A | V30: =VLOOKUP($B30,$S$3:$Y$9,4,FALSE) -> #N/A | W30: =VLOOKUP($B30,$S$3:$Y$9,5,FALSE) -> #N/A | X30: =VLOOKUP($B30,$S$3:$Y$9,6,FALSE) -> #N/A | Y30: =VLOOKUP($B30,$S$3:$Y$9,7,FALSE) -> #N/A | Z30: =VLOOKUP($B30,$S$3:$AA$9,8,FALSE) -> #N/A | AA30: =VLOOKUP($B30,$S$3:$AA$9,9,FALSE) -> #N/A
S31: =B31 -> 0 | T31: =VLOOKUP($B31,$S$3:$Y$9,2,FALSE) -> #N/A | U31: =VLOOKUP($B31,$S$3:$Y$9,3,FALSE) -> #N/A | V31: =VLOOKUP($B31,$S$3:$Y$9,4,FALSE) -> #N/A | W31: =VLOOKUP($B31,$S$3:$Y$9,5,FALSE) -> #N/A | X31: =VLOOKUP($B31,$S$3:$Y$9,6,FALSE) -> #N/A | Y31: =VLOOKUP($B31,$S$3:$Y$9,7,FALSE) -> #N/A | Z31: =VLOOKUP($B31,$S$3:$AA$9,8,FALSE) -> #N/A | AA31: =VLOOKUP($B31,$S$3:$AA$9,9,FALSE) -> #N/A
S32: =B32 -> 0 | T32: =VLOOKUP($B32,$S$3:$Y$9,2,FALSE) -> #N/A | U32: =VLOOKUP($B32,$S$3:$Y$9,3,FALSE) -> #N/A | V32: =VLOOKUP($B32,$S$3:$Y$9,4,FALSE) -> #N/A | W32: =VLOOKUP($B32,$S$3:$Y$9,5,FALSE) -> #N/A | X32: =VLOOKUP($B32,$S$3:$Y$9,6,FALSE) -> #N/A | Y32: =VLOOKUP($B32,$S$3:$Y$9,7,FALSE) -> #N/A | Z32: =VLOOKUP($B32,$S$3:$AA$9,8,FALSE) -> #N/A | AA32: =VLOOKUP($B32,$S$3:$AA$9,9,FALSE) -> #N/A
... S54: =B54 -> 0 | T54: =VLOOKUP($B54,$S$3:$Y$9,2,FALSE) -> #N/A | U54: =VLOOKUP($B54,$S$3:$Y$9,3,FALSE) -> #N/A | V54: =VLOOKUP($B54,$S$3:$Y$9,4,FALSE) -> #N/A | W54: =VLOOKUP($B54,$S$3:$Y$9,5,FALSE) -> #N/A | X54: =VLOOKUP($B54,$S$3:$Y$9,6,FALSE) -> #N/A | Y54: =VLOOKUP($B54,$S$3:$Y$9,7,FALSE) -> #N/A | Z54: =VLOOKUP($B54,$S$3:$AA$9,8,FALSE) -> #N/A | AA54: =VLOOKUP($B54,$S$3:$AA$9,9,FALSE) -> #N/A
I55: EXTRACT RECOVERY
B56: BRAND | D56: BBT P.G./ O.G | I56: Brand | J56: Actual | K56: MTD No. of Brews | L56: MTD | M56: YTD | N56: Target
B57: =I57 -> CARIB | C57: {=[23]Process!$D$209:$D$216} -> 12.06 | D57: 11.88 | I57: CARIB | J57: =AVERAGE(I10:I16) -> 99.522175 | K57: =COUNTA([23]Brewhouse!$A$255:$A$261) -> 7 | L57: =AVERAGE([23]Brewhouse!$AU$255:$AU$261) -> 99.522175 | M57: =AVERAGE([23]Brewhouse!$AU$102:$AU$171,[23]Brewhouse!$AU$173:$AU$253,[23]Brewhouse!$AU$255:$AU$261) -> 95.780512 | N57: 98
C58: 11.9 | I58: STAG | J58: =AVERAGE(I18) -> 96.818003 | K58: =COUNTA([24]Brewhouse!$A$105) -> 1 | L58: =AVERAGE([24]Brewhouse!$AS$105) -> 96.818003 | M58: =AVERAGE([24]Brewhouse!$AS$15:$AS$64,[24]Brewhouse!$AS$66:$AS$103,[24]Brewhouse!$AS$105) -> 95.898348 | N58: 98
C59: 11.8 | D59: 11.92 | I59: GUINNESS | M59: =AVERAGE([25]Brewhouse!$AU$4:$AU$7,[25]Brewhouse!$AU$9:$AU$22) -> 96.218977 | N59: 98
C60: 11.7 | I60: VITAMALT | M60: =AVERAGE([26]Brewhouse!$AV$5:$AV$14,[26]Brewhouse!$AV$16:$AV$19) -> 98.230958 | N60: 98
C61: 11.89 | D61: 11.94 | I61: MAXIMALT | N61: 98
C62: 11.76 | I62: MACKESON | M62: =AVERAGE([27]Brewhouse!$AT$4:$AT$11) -> 94.812617 | N62: 98
C63: 11.87 | D63: 11.89 | I63: STARMALT | K63: =COUNTA([22]Brewhouse!$A$22:$A$29) -> 8 | L63: =AVERAGE([22]Brewhouse!$AY$22:$AY$29) -> 98.065834 | M63: =AVERAGE([22]Brewhouse!$AY$6:$AY$13,[22]Brewhouse!$AY$15:$AY$20,[22]Brewhouse!$AY$22:$AY$29) -> 95.660462 | N63: 98
C64: 11.94 | I64: HR- Pils | M64: =AVERAGE([28]Brewhouse!$AU$5:$AU$8) -> 91.006888 | N64: 98
I65: HR- IPA
I66: HR- APA | N66: 98
K67: =SUM(K57:K66) -> 16 | L67: =((L57*K57)+(L58*K58)+(L59*K59)+(L60*K60)+(L61*K61)+(K64*L64)+(L62*K62)+(L63*K63)+(L66*K66))/(K67) -> 98.624994 | M67: =AVERAGE('[29]Jan 31st'!$L$65,'[30]Feb 28th'!$L$35,L67) -> 96.689323 | N67: 98
J69: Daily Brewing Plan
J70: Brand | K70: Brews Achieved | L70: Average Brews per day
J71: CARIB | K71: =COUNTA(B10:B16) -> 7 | L71: MTD | M71: YTD | N71: TARGET
J72: STAG | K72: =COUNTA(C18) -> 1 | L72: =AVERAGE('Mar. 3rd'!K80,K81) -> 8 | M72: =AVERAGE('[29]Jan 29th '!$M$70,'[30]Feb 28th'!$L$40,L72) -> 7.1703297
J73: GUINN
J74: VITAMALT
J75: STARMALT
J76: MACKESON
J77: HURRICANE REEF- IPA
J78: HURRICANE REEF- APA
B79: AVERAGE | D79: =AVERAGE(D57:E78) -> 11.9075 | J79: HR- PILSNER
J80: CARIBE
J81: Total | K81: =SUM(K71:K80) -> 8
B82: Process: | C82: Fermentation/Filtration
B84: Brand | C84: Filt. Date | D84: FV Hls | E84: GFE/ Prim/ Vita Blend (Hls) | F84: SV Hls | G84: BBT Hls | H84: Loss (%) Ferm | I84: Loss (%) Filt | J84: Comments | K84: Throughput | L84: Process Loss (%) | M84: Filt. Operator
U85: 43466 | V85: 43467 | W85: 43468 | X85: 43469 | Y85: 43470 | Z85: 43471 | AA85: 43472 | AB85: 43473 | AC85: 43474 | AD85: 43475 | AE85: 43476 | AF85: 43477 | AG85: 43478 | AH85: 43479 | AI85: 43480 | AJ85: 43481 | AK85: 43482 | AL85: 43483 | AM85: 43484 | AN85: 43485 | AO85: 43486 | AP85: 43487 | AQ85: 43488 | AR85: 43489 | AS85: 43490 | AT85: 43491 | AU85: 43492 | AV85: 43493 | AW85: 43494 | AX85: 43495 | AY85: 43496
B86: =J71 -> CARIB | C86: 45720 | D86: =[31]March_2025!$G$3 -> 406.3 | F86: =SUM([32]CARIB!$L$6:$L$13) -> 396 | G86: =[31]March_2025!$G$7 -> 375.1 | H86: =(D86-F86)/D86*100 -> 2.5350726 | I86: =((F86+E86)-G86)/(F86+E86)*100 -> 5.2777778 | J86: NO BREAK | K86: =[33]March_2025!$G$18 -> 0.93775 | L86: =(((D86+E86)-G86)/(D86+E86))*100 -> 7.6790549 | M86: D. Emery | T86: hls
T87: Throughput | U87: =[20]January_2019!D8 -> #DIV/0! | V87: =[20]January_2019!E8 -> 1.0319298 | W87: =[20]January_2019!F8 -> 1.7789474 | X87: =[20]January_2019!G8 -> 0.51929825 | Y87: =[20]January_2019!H8 -> #DIV/0! | Z87: =[20]January_2019!I8 -> #DIV/0! | AA87: =[20]January_2019!J8 -> 1.3652632 | AB87: =[20]January_2019!K8 -> #DIV/0! | ... AY87: =[20]January_2019!AH8 -> #DIV/0!
J90: NO Break
B94: Process Loss (Volume) | G94: Process Loss (Extract) | K94: Throughput
B95: Brand | C95: Actual | D95: MTD | E95: YTD | F95: Target | G95: Actual | H95: MTD | I95: YTD | J95: Target | K95: Actual | L95: MTD | M95: YTD | N95: Target
B96: CARIB | C96: =L86 -> 7.6790549 | D96: 7.6790549 | E96: 7.0356103 | F96: 4.8 | G96: =[31]March_2025!$G$11 -> 7.3817249 | H96: 7.3817249 | I96: 7.4474792 | J96: 4.8 | K96: =K86 -> 0.93775 | L96: 0.93775 | M96: 0.8430888 | N96: 1
B97: STAG | E97: 6.7094493 | F97: 4.8 | I97: 6.9224235 | J97: 4.8 | M97: 0.70847054 | N97: 1
B98: GUINN | E98: 13.702326 | F98: 5.5 | I98: 15.508495 | J98: 5.5 | M98: 0.51718974 | N98: 1
B99: VITAMALT | E99: 3.9190537 | F99: 3.3 | I99: 5.3456617 | J99: 3.3 | M99: 0.78853801 | N99: 1
B100: MAXIMALT | F100: 3.3 | J100: 3 | N100: 1
B101: MACKESON | E101: 8.7664671 | F101: =[21]May_2022!$M$43 -> 3.4878407 | I101: 10.607236 | J101: 5.5 | M101: 0.66824561 | N101: 1
B102: STARMALT | E102: 2.2765363 | F102: 3.3 | I102: 4.5833714 | J102: 3.3 | M102: 0.80425287 | N102: 1
B103: HURRICANE REEF | F103: 7.5 | J103: 7.5 | N103: 1
B104: HURRICANE REEF PILS | E104: 7.2436874 | F104: 4.8 | I104: 6.2003724 | J104: 4.8 | M104: 0.33859649
D105: 7.6790549 | E105: 7.1192711 | F105: 4.5 | H105: 7.3817249 | I105: 7.9088412 | J105: 4.5 | L105: 0.93775 | M105: 0.7562037 | N105: 1
AD117: :

Sheet Mar. 5th 
T1: P.G. | V1: Hot Time | X1: Process Time | Z1: Cooling Time
B2: Brewing Department Daily Process Loss Report | T2: Lower | U2: Upper | V2: Lower | W2: Upper | X2: Lower | Y2: Upper | Z2: Lower | AA2: Upper
S3: CARIB | T3: 11.6 | U3: 12 | V3: 0 | W3: 0.11805556 | X3: 0.22569444 | Y3: 0.26388889 | Z3: 0 | AA3: 60 | AC3: HR- PISNER
B4: Date: | J4: LOT WORT COLOUR: 3.0 | M4: Filter Sheets (Target 20 days) | S4: STAG | T4: 11.6 | U4: 12 | V4: 0 | W4: 0.11805556 | X4: 0.22569444 | Y4: 0.26388889 | Z4: 0 | AA4: 60
C5: 45722 | M5: Double | N5: Single | S5: GUINNESS | T5: 17 | U5: 17.5 | V5: 0 | W5: 0.10763889 | X5: 0.24652778 | Y5: 0.28472222 | Z5: 0 | AA5: 60
J6: MALT LOT: Lot 18 | L6: Sheet Day | S6: MACKESON | T6: 13.3 | U6: 13.5 | V6: 0 | W6: 0.12905093 | X6: 0.27430556 | Y6: 0.30208333 | Z6: 0
S7: STARMALT | T7: 17.1 | U7: 17.5 | V7: 0 | W7: 0.13605324 | X7: 0.27430556 | Y7: 0.30902778 | Z7: 0 | AA7: 60
B8: Brand | C8: Brew no. | D8: Kett. Hls | E8: Wort | F8: Cool Time(Mins) | G8: Cast. P.G. (Lab Result) | H8: Cast P.G. (Cellar Operator)-gravity | I8: Extr. Rec (80.9%) | J8: Theor. Extr. (77.5%) | K8: Boil Off /Vol. (4-6%) | L8: Boil Time | M8: Total Hot | N8: Brewing | O8: Operator | P8: Comments | Q8: Actual Pilsen Malt | S8: Hurricane Reef | T8: 16.6 | U8: 17 | V8: 0 | W8: 0.12905093 | X8: 0.27430556 | Y8: 0.30208333 | Z8: 0
E9: Meter (Hls) | F9: Target(< 60Mins) | M9: Time | S9: VITAMALT | T9: 14.4 | U9: 14.6 | V9: 0 | W9: 0.13905093 | X9: 0.26041667 | Y9: 0.29513889 | Z9: 0 | AA9: 75
B10: STAG | C10: =[24]Brewhouse!$A106 -> ST090 | D10: =[24]Brewhouse!$AD106 -> 52.4 | E10: =[24]Brewhouse!$AG106 -> 48.9 | F10: =[24]Brewhouse!$V106 -> 58 | G10: =[24]Brewhouse!$AE106 -> 11.74 | H10: 11.8 | I10: =[24]Brewhouse!$AS106 -> 96.728268 | J10: =[24]Brewhouse!$AT106 -> 96.089719 | K10: =[24]Brewhouse!$Q106 -> 7.4275362 | L10: =[24]Brewhouse!$P106 -> 62 | M10: =[24]Brewhouse!$U106-[24]Brewhouse!$T106 -> 0.10833333 | N10: =[24]Brewhouse!$AW106 -> 0.26111111 | O10: =[24]Brewhouse!$AV106 -> R.Sookram | S10: =B10 -> STAG | T10: =VLOOKUP($B10,$S$3:$Y$9,2,FALSE) -> 11.6 | U10: =VLOOKUP($B10,$S$3:$Y$9,3,FALSE) -> 12 | V10: =VLOOKUP($B10,$S$3:$Y$9,4,FALSE) -> 0 | W10: =VLOOKUP($B10,$S$3:$Y$9,5,FALSE) -> 0.11805556 | X10: =VLOOKUP($B10,$S$3:$Y$9,6,FALSE) -> 0.22569444 | Y10: =VLOOKUP($B10,$S$3:$Y$9,7,FALSE) -> 0.26388889 | Z10: =VLOOKUP($B10,$S$3:$AA$9,8,FALSE) -> 0 | AA10: =VLOOKUP($B10,$S$3:$AA$9,9,FALSE) -> 60
B11: STAG | C11: =[24]Brewhouse!$A107 -> ST091 | D11: =[24]Brewhouse!$AD107 -> 50.5 | E11: =[24]Brewhouse!$AG107 -> 47.1 | F11: =[24]Brewhouse!$V107 -> 57 | G11: =[24]Brewhouse!$AE107 -> 11.9 | H11: 11.8 | I11: =[24]Brewhouse!$AS107 -> 94.725921 | J11: =[24]Brewhouse!$AT107 -> 94.100388 | K11: =[24]Brewhouse!$Q107 -> 7.4626866 | L11: =[24]Brewhouse!$P107 -> 60 | M11: =[24]Brewhouse!$U107-[24]Brewhouse!$T107 -> 0.12152778 | N11: =[24]Brewhouse!$AW107 -> 0.30138889 | O11: =[24]Brewhouse!$AV107 -> R.Sookram | S11: =B11 -> STAG | T11: =VLOOKUP($B11,$S$3:$Y$9,2,FALSE) -> 11.6 | U11: =VLOOKUP($B11,$S$3:$Y$9,3,FALSE) -> 12 | V11: =VLOOKUP($B11,$S$3:$Y$9,4,FALSE) -> 0 | W11: =VLOOKUP($B11,$S$3:$Y$9,5,FALSE) -> 0.11805556 | X11: =VLOOKUP($B11,$S$3:$Y$9,6,FALSE) -> 0.22569444 | Y11: =VLOOKUP($B11,$S$3:$Y$9,7,FALSE) -> 0.26388889 | Z11: =VLOOKUP($B11,$S$3:$AA$9,8,FALSE) -> 0 | AA11: =VLOOKUP($B11,$S$3:$AA$9,9,FALSE) -> 60
B12: STAG | C12: =[24]Brewhouse!$A108 -> ST092 | D12: =[24]Brewhouse!$AD108 -> 52.2 | E12: =[24]Brewhouse!$AG108 -> 48.9 | F12: =[24]Brewhouse!$V108 -> 68 | G12: =[24]Brewhouse!$AE108 -> 11.7 | I12: =[24]Brewhouse!$AS108 -> 96.728268 | J12: =[24]Brewhouse!$AT108 -> 96.089719 | K12: =[24]Brewhouse!$Q108 -> 4.8598131 | L12: =[24]Brewhouse!$P108 -> 59 | M12: =[24]Brewhouse!$U108-[24]Brewhouse!$T108 -> 0.11805556 | N12: =[24]Brewhouse!$AW108 -> 0.27083333 | O12: =[24]Brewhouse!$AV108 -> K. Benjamin | S12: =B12 -> STAG | T12: =VLOOKUP($B12,$S$3:$Y$9,2,FALSE) -> 11.6 | U12: =VLOOKUP($B12,$S$3:$Y$9,3,FALSE) -> 12 | V12: =VLOOKUP($B12,$S$3:$Y$9,4,FALSE) -> 0 | W12: =VLOOKUP($B12,$S$3:$Y$9,5,FALSE) -> 0.11805556 | X12: =VLOOKUP($B12,$S$3:$Y$9,6,FALSE) -> 0.22569444 | Y12: =VLOOKUP($B12,$S$3:$Y$9,7,FALSE) -> 0.26388889 | Z12: =VLOOKUP($B12,$S$3:$AA$9,8,FALSE) -> 0 | AA12: =VLOOKUP($B12,$S$3:$AA$9,9,FALSE) -> 60
B14: CARIB | C14: =[23]Brewhouse!$A262 -> CA159 | D14: =[23]Brewhouse!$AF262 -> 52.9 | E14: =[23]Brewhouse!$AI262 -> 48.8 | F14: =[23]Brewhouse!$V262 -> 71 | G14: =[23]Brewhouse!$AG262 -> 12.2 | H14: 12.2 | I14: =[23]Brewhouse!$AU262 -> 103.4404 | J14: =[23]Brewhouse!$AV262 -> 102.61706 | K14: =[23]Brewhouse!$Q262 -> 3.575419 | L14: =[23]Brewhouse!$P262 -> 61 | M14: =[23]Brewhouse!$U262-[23]Brewhouse!$T262 -> 0.12222222 | N14: =[23]Brewhouse!$Z262 -> 0.25833333 | O14: =[23]Brewhouse!$AX262 -> K.Benjamin | S14: =B14 -> CARIB | T14: =VLOOKUP($B14,$S$3:$Y$9,2,FALSE) -> 11.6 | U14: =VLOOKUP($B14,$S$3:$Y$9,3,FALSE) -> 12 | V14: =VLOOKUP($B14,$S$3:$Y$9,4,FALSE) -> 0 | W14: =VLOOKUP($B14,$S$3:$Y$9,5,FALSE) -> 0.11805556 | X14: =VLOOKUP($B14,$S$3:$Y$9,6,FALSE) -> 0.22569444 | Y14: =VLOOKUP($B14,$S$3:$Y$9,7,FALSE) -> 0.26388889 | Z14: =VLOOKUP($B14,$S$3:$AA$9,8,FALSE) -> 0 | AA14: =VLOOKUP($B14,$S$3:$AA$9,9,FALSE) -> 60
B15: CARIB | C15: =[23]Brewhouse!$A263 -> CA160 | D15: =[23]Brewhouse!$AF263 -> 53.5 | E15: =[23]Brewhouse!$AI263 -> 49.9 | F15: =[23]Brewhouse!$V263 -> 59 | G15: =[23]Brewhouse!$AG263 -> 12 | H15: 12 | I15: =[23]Brewhouse!$AU263 -> 103.55524 | J15: =[23]Brewhouse!$AV263 -> 102.73084 | K15: =[23]Brewhouse!$Q263 -> 5.7913669 | L15: =[23]Brewhouse!$P263 -> 61 | M15: =[23]Brewhouse!$U263-[23]Brewhouse!$T263 -> 0.11388889 | N15: =[23]Brewhouse!$Z263 -> 0.26041667 | O15: =[23]Brewhouse!$AX263 -> K.Benjamin | S15: =B15 -> CARIB | T15: =VLOOKUP($B15,$S$3:$Y$9,2,FALSE) -> 11.6 | U15: =VLOOKUP($B15,$S$3:$Y$9,3,FALSE) -> 12 | V15: =VLOOKUP($B15,$S$3:$Y$9,4,FALSE) -> 0 | W15: =VLOOKUP($B15,$S$3:$Y$9,5,FALSE) -> 0.11805556 | X15: =VLOOKUP($B15,$S$3:$Y$9,6,FALSE) -> 0.22569444 | Y15: =VLOOKUP($B15,$S$3:$Y$9,7,FALSE) -> 0.26388889 | Z15: =VLOOKUP($B15,$S$3:$AA$9,8,FALSE) -> 0 | AA15: =VLOOKUP($B15,$S$3:$AA$9,9,FALSE) -> 60
B16: CARIB | C16: =[23]Brewhouse!$A264 -> CA161 | D16: =[23]Brewhouse!$AF264 -> 54.2 | E16: =[23]Brewhouse!$AI264 -> 51 | F16: =[23]Brewhouse!$V264 -> 69 | G16: =[23]Brewhouse!$AG264 -> 11.7 | H16: 11.7 | I16: =[23]Brewhouse!$AU264 -> 103.31965 | J16: =[23]Brewhouse!$AV264 -> 102.49722 | K16: =[23]Brewhouse!$Q264 -> 6.5034965 | L16: =[23]Brewhouse!$P264 -> 60 | M16: =[23]Brewhouse!$U264-[23]Brewhouse!$T264 -> 0.12083333 | N16: =[23]Brewhouse!$Z264 -> 0.26458333 | O16: =[23]Brewhouse!$AX264 -> R.Regis | S16: =B16 -> CARIB | T16: =VLOOKUP($B16,$S$3:$Y$9,2,FALSE) -> 11.6 | U16: =VLOOKUP($B16,$S$3:$Y$9,3,FALSE) -> 12 | V16: =VLOOKUP($B16,$S$3:$Y$9,4,FALSE) -> 0 | W16: =VLOOKUP($B16,$S$3:$Y$9,5,FALSE) -> 0.11805556 | X16: =VLOOKUP($B16,$S$3:$Y$9,6,FALSE) -> 0.22569444 | Y16: =VLOOKUP($B16,$S$3:$Y$9,7,FALSE) -> 0.26388889 | Z16: =VLOOKUP($B16,$S$3:$AA$9,8,FALSE) -> 0 | AA16: =VLOOKUP($B16,$S$3:$AA$9,9,FALSE) -> 60
B17: CARIB | C17: =[23]Brewhouse!$A265 -> CA162 | D17: =[23]Brewhouse!$AF265 -> 53.8 | E17: =[23]Brewhouse!$AI265 -> 48.8 | F17: =[23]Brewhouse!$V265 -> 75 | G17: =[23]Brewhouse!$AG265 -> 11.7 | H17: 11.7 | I17: =[23]Brewhouse!$AU265 -> 95.931616 | J17: =[23]Brewhouse!$AV265 -> 95.166965 | K17: =[23]Brewhouse!$Q265 -> 5.5516014 | L17: =[23]Brewhouse!$P265 -> 61 | M17: =[23]Brewhouse!$U265-[23]Brewhouse!$T265 -> 0.12430556 | N17: =[23]Brewhouse!$Z265 -> 0.26527778 | O17: =[23]Brewhouse!$AX265 -> R.Regis | S17: =B17 -> CARIB | T17: =VLOOKUP($B17,$S$3:$Y$9,2,FALSE) -> 11.6 | U17: =VLOOKUP($B17,$S$3:$Y$9,3,FALSE) -> 12 | V17: =VLOOKUP($B17,$S$3:$Y$9,4,FALSE) -> 0 | W17: =VLOOKUP($B17,$S$3:$Y$9,5,FALSE) -> 0.11805556 | X17: =VLOOKUP($B17,$S$3:$Y$9,6,FALSE) -> 0.22569444 | Y17: =VLOOKUP($B17,$S$3:$Y$9,7,FALSE) -> 0.26388889 | Z17: =VLOOKUP($B17,$S$3:$AA$9,8,FALSE) -> 0 | AA17: =VLOOKUP($B17,$S$3:$AA$9,9,FALSE) -> 60
B18: CARIB | C18: =[23]Brewhouse!$A266 -> CA163 | D18: =[23]Brewhouse!$AF266 -> 53.3 | E18: =[23]Brewhouse!$AI266 -> 50.3 | F18: =[23]Brewhouse!$V266 -> 81 | G18: =[23]Brewhouse!$AG266 -> 12.6 | H18: 12.5 | I18: =[23]Brewhouse!$AU266 -> 106.48989 | J18: =[23]Brewhouse!$AV266 -> 105.64095 | K18: =[23]Brewhouse!$Q266 -> 6.797153 | L18: =[23]Brewhouse!$P266 -> 63 | M18: =[23]Brewhouse!$U266-[23]Brewhouse!$T266 -> 0.13611111 | N18: =[23]Brewhouse!$Z266 -> 0.28611111 | O18: =[23]Brewhouse!$AX266 -> R.Regis | S18: =B18 -> CARIB | T18: =VLOOKUP($B18,$S$3:$Y$9,2,FALSE) -> 11.6 | U18: =VLOOKUP($B18,$S$3:$Y$9,3,FALSE) -> 12 | V18: =VLOOKUP($B18,$S$3:$Y$9,4,FALSE) -> 0 | W18: =VLOOKUP($B18,$S$3:$Y$9,5,FALSE) -> 0.11805556 | X18: =VLOOKUP($B18,$S$3:$Y$9,6,FALSE) -> 0.22569444 | Y18: =VLOOKUP($B18,$S$3:$Y$9,7,FALSE) -> 0.26388889 | Z18: =VLOOKUP($B18,$S$3:$AA$9,8,FALSE) -> 0 | AA18: =VLOOKUP($B18,$S$3:$AA$9,9,FALSE) -> 60
B19: CARIB | C19: =[23]Brewhouse!$A267 -> CA164 | D19: =[23]Brewhouse!$AF267 -> 56.1 | E19: =[23]Brewhouse!$AI267 -> 52.8 | F19: =[23]Brewhouse!$V267 -> 84 | G19: =[23]Brewhouse!$AG267 -> 11.62 | H19: 11.5 | I19: =[23]Brewhouse!$AU267 -> 102.73439 | J19: =[23]Brewhouse!$AV267 -> 101.91547 | K19: =[23]Brewhouse!$Q267 -> 5.0085763 | L19: =[23]Brewhouse!$P267 -> 59 | M19: =[23]Brewhouse!$U267-[23]Brewhouse!$T267 -> 0.16111111 | N19: =[23]Brewhouse!$Z267 -> 0.59930556 | O19: =[23]Brewhouse!$AX267 -> K.Benjamin | P19: Grist conveyor monitor tripped + extra 20 mins boil to correct low gravity | S19: =B19 -> CARIB | T19: =VLOOKUP($B19,$S$3:$Y$9,2,FALSE) -> 11.6 | U19: =VLOOKUP($B19,$S$3:$Y$9,3,FALSE) -> 12 | V19: =VLOOKUP($B19,$S$3:$Y$9,4,FALSE) -> 0 | W19: =VLOOKUP($B19,$S$3:$Y$9,5,FALSE) -> 0.11805556 | X19: =VLOOKUP($B19,$S$3:$Y$9,6,FALSE) -> 0.22569444 | Y19: =VLOOKUP($B19,$S$3:$Y$9,7,FALSE) -> 0.26388889 | Z19: =VLOOKUP($B19,$S$3:$AA$9,8,FALSE) -> 0 | AA19: =VLOOKUP($B19,$S$3:$AA$9,9,FALSE) -> 60
S20: =B20 -> 0 | T20: =VLOOKUP($B20,$S$3:$Y$9,2,FALSE) -> #N/A | U20: =VLOOKUP($B20,$S$3:$Y$9,3,FALSE) -> #N/A | V20: =VLOOKUP($B20,$S$3:$Y$9,4,FALSE) -> #N/A | W20: =VLOOKUP($B20,$S$3:$Y$9,5,FALSE) -> #N/A | X20: =VLOOKUP($B20,$S$3:$Y$9,6,FALSE) -> #N/A | Y20: =VLOOKUP($B20,$S$3:$Y$9,7,FALSE) -> #N/A | Z20: =VLOOKUP($B20,$S$3:$AA$9,8,FALSE) -> #N/A | AA20: =VLOOKUP($B20,$S$3:$AA$9,9,FALSE) -> #N/A
S21: =B21 -> 0 | T21: =VLOOKUP($B21,$S$3:$Y$9,2,FALSE) -> #N/A | U21: =VLOOKUP($B21,$S$3:$Y$9,3,FALSE) -> #N/A | V21: =VLOOKUP($B21,$S$3:$Y$9,4,FALSE) -> #N/A | W21: =VLOOKUP($B21,$S$3:$Y$9,5,FALSE) -> #N/A | X21: =VLOOKUP($B21,$S$3:$Y$9,6,FALSE) -> #N/A | Y21: =VLOOKUP($B21,$S$3:$Y$9,7,FALSE) -> #N/A | Z21: =VLOOKUP($B21,$S$3:$AA$9,8,FALSE) -> #N/A | AA21: =VLOOKUP($B21,$S$3:$AA$9,9,FALSE) -> #N/A
S22: =B22 -> 0 | T22: =VLOOKUP($B22,$S$3:$Y$9,2,FALSE) -> #N/A | U22: =VLOOKUP($B22,$S$3:$Y$9,3,FALSE) -> #N/A | V22: =VLOOKUP($B22,$S$3:$Y$9,4,FALSE) -> #N/A | W22: =VLOOKUP($B22,$S$3:$Y$9,5,FALSE) -> #N/A | X22: =VLOOKUP($B22,$S$3:$Y$9,6,FALSE) -> #N/A | Y22: =VLOOKUP($B22,$S$3:$Y$9,7,FALSE) -> #N/A | Z22: =VLOOKUP($B22,$S$3:$AA$9,8,FALSE) -> #N/A | AA22: =VLOOKUP($B22,$S$3:$AA$9,9,FALSE) -> #N/A
S23: =B23 -> 0 | T23: =VLOOKUP($B23,$S$3:$Y$9,2,FALSE) -> #N/A | U23: =VLOOKUP($B23,$S$3:$Y$9,3,FALSE) -> #N/A | V23: =VLOOKUP($B23,$S$3:$Y$9,4,FALSE) -> #N/A | W23: =VLOOKUP($B23,$S$3:$Y$9,5,FALSE) -> #N/A | X23: =VLOOKUP($B23,$S$3:$Y$9,6,FALSE) -> #N/A | Y23: =VLOOKUP($B23,$S$3:$Y$9,7,FALSE) -> #N/A | Z23: =VLOOKUP($B23,$S$3:$AA$9,8,FALSE) -> #N/A | AA23: =VLOOKUP($B23,$S$3:$AA$9,9,FALSE) -> #N/A
I24: EXTRACT RECOVERY
B25: BRAND | D25: BBT P.G./ O.G | I25: Brand | J25: Actual | K25: MTD No. of Brews | L25: MTD | M25: YTD | N25: Target
B26: GUINNESS | C26: {=[25]Process!$D$29:$D$30} -> 17.6 | D26: 17.65 | I26: CARIB | J26: =AVERAGE(I14:I19) -> 102.57853 | K26: =COUNTA([23]Brewhouse!$A$255:$A$267) -> 13 | L26: =AVERAGE([23]Brewhouse!$AU$255:$AU$267) -> 100.9328 | M26: =AVERAGE([23]Brewhouse!$AU$102:$AU$171,[23]Brewhouse!$AU$173:$AU$253,[23]Brewhouse!$AU$255:$AU$267) -> 96.02922 | N26: 98
C27: 17.5 | I27: STAG | J27: =AVERAGE(I10:I12) -> 96.060819 | K27: =COUNTA([24]Brewhouse!$A$105:$A$108) -> 4 | L27: =AVERAGE([24]Brewhouse!$AS$105:$AS$108) -> 96.250115 | M27: =AVERAGE([24]Brewhouse!$AS$15:$AS$64,[24]Brewhouse!$AS$66:$AS$103,[24]Brewhouse!$AS$105:$AS$108) -> 95.903646 | N27: 98
C28: {=[25]Process!$D$33:$D$34} -> 17.4 | D28: 17.52 | I28: GUINNESS | M28: =AVERAGE([25]Brewhouse!$AU$4:$AU$7,[25]Brewhouse!$AU$9:$AU$22) -> 96.218977 | N28: 98
C29: 17.4 | I29: VITAMALT | M29: =AVERAGE([26]Brewhouse!$AV$5:$AV$14,[26]Brewhouse!$AV$16:$AV$19) -> 98.230958 | N29: 98
I30: MAXIMALT | N30: 98
I31: MACKESON | M31: =AVERAGE([27]Brewhouse!$AT$4:$AT$11) -> 94.812617 | N31: 98
I32: STARMALT | K32: =COUNTA([22]Brewhouse!$A$22:$A$29) -> 8 | L32: =AVERAGE([22]Brewhouse!$AY$22:$AY$29) -> 98.065834 | M32: =AVERAGE([22]Brewhouse!$AY$6:$AY$13,[22]Brewhouse!$AY$15:$AY$20,[22]Brewhouse!$AY$22:$AY$29) -> 95.660462 | N32: 98
I33: HR- Pils | M33: =AVERAGE([28]Brewhouse!$AU$5:$AU$8) -> 91.006888 | N33: 98
I34: HR- IPA
I35: HR- APA | N35: 98
K36: =SUM(K26:K35) -> 25 | L36: =((L26*K26)+(L27*K27)+(L28*K28)+(L29*K29)+(L30*K30)+(K33*L33)+(L31*K31)+(L32*K32)+(L35*K35))/(K36) -> 99.266142 | M36: =AVERAGE('[29]Jan 31st'!$L$65,'[30]Feb 28th'!$L$35,L36) -> 96.90304 | N36: 98
B38: STARMALT | C38: {=[22]Process!$D$21:$D$24} -> 17.1 | D38: 17.17 | J38: Daily Brewing Plan
C39: 17.8 | J39: Brand | K39: Brews Achieved | L39: Average Brews per day
C40: 17.2 | D40: 17.05 | J40: CARIB | K40: =COUNTA(B14:B19) -> 6 | L40: MTD | M40: YTD | N40: TARGET
C41: 17.7 | J41: STAG | K41: =COUNTA(B10:B12) -> 3 | L41: =AVERAGE('Mar. 3rd'!K80,'Mar. 4th'!K81,K50) -> 8.3333333 | M41: =AVERAGE('[29]Jan 29th '!$M$70,'[30]Feb 28th'!$L$40,L41) -> 7.2814408
J42: GUINN
J43: VITAMALT
J44: STARMALT
J45: MACKESON
J46: HURRICANE REEF- IPA
J47: HURRICANE REEF- APA
B48: AVERAGE | D48: =AVERAGE(D26:E47) -> 17.3475 | J48: HR- PILSNER
J49: CARIBE
J50: Total | K50: =SUM(K40:K49) -> 9
B51: Process: | C51: Fermentation/Filtration
B53: Brand | C53: Filt. Date | D53: FV Hls | E53: GFE/ Prim/ Vita Blend (Hls) | F53: SV Hls | G53: BBT Hls | H53: Loss (%) Ferm | I53: Loss (%) Filt | J53: Comments | K53: Throughput | L53: Process Loss (%) | M53: Filt. Operator
U54: 43466 | V54: 43467 | W54: 43468 | X54: 43469 | Y54: 43470 | Z54: 43471 | AA54: 43472 | AB54: 43473 | AC54: 43474 | AD54: 43475 | AE54: 43476 | AF54: 43477 | AG54: 43478 | AH54: 43479 | AI54: 43480 | AJ54: 43481 | AK54: 43482 | AL54: 43483 | AM54: 43484 | AN54: 43485 | AO54: 43486 | AP54: 43487 | AQ54: 43488 | AR54: 43489 | AS54: 43490 | AT54: 43491 | AU54: 43492 | AV54: 43493 | AW54: 43494 | AX54: 43495 | AY54: 43496
B55: =I28 -> GUINNESS | C55: 45721 | D55: =[31]March_2025!$H$23 -> 208.8 | F55: =SUM([32]GUINNESS!$L$21:$L$22,[32]GUINNESS!$L$25:$L$26) -> 200 | G55: =[31]March_2025!$H$28 -> 197.3 | H55: =(D55-F55)/D55*100 -> 4.2145594 | I55: =((F55+E55)-G55)/(F55+E55)*100 -> 1.35 | J55: No Break | K55: =[33]March_2025!$H$32 -> 0.9865 | L55: =(((D55+E55)-G55)/(D55+E55))*100 -> 5.5076628 | M55: K. Hosten | T55: hls
T56: Throughput | U56: =[20]January_2019!D8 -> #DIV/0! | V56: =[20]January_2019!E8 -> 1.0319298 | W56: =[20]January_2019!F8 -> 1.7789474 | X56: =[20]January_2019!G8 -> 0.51929825 | Y56: =[20]January_2019!H8 -> #DIV/0! | Z56: =[20]January_2019!I8 -> #DIV/0! | AA56: =[20]January_2019!J8 -> 1.3652632 | AB56: =[20]January_2019!K8 -> #DIV/0! | ... AY56: =[20]January_2019!AH8 -> #DIV/0!
B57: =J44 -> STARMALT | C57: 45721 | D57: =[31]March_2025!$H$55 -> 202.1 | G57: =[31]March_2025!$H$59 -> 195.6 | J57: No Break | K57: =[33]March_2025!$H$53 -> 0.978 | L57: =(((D57+E57)-G57)/(D57+E57))*100 -> 3.2162296 | M57: T. Charles
B62: Process Loss (Volume) | G62: Process Loss (Extract) | K62: Throughput
B63: Brand | C63: Actual | D63: MTD | E63: YTD | F63: Target | G63: Actual | H63: MTD | I63: YTD | J63: Target | K63: Actual | L63: MTD | M63: YTD | N63: Target
B64: CARIB | D64: 7.6790549 | E64: 7.0356103 | F64: 4.8 | H64: 7.3817249 | I64: 7.4474792 | J64: 4.8 | L64: 0.93775 | M64: 0.8430888 | N64: 1
B65: STAG | E65: 6.7094493 | F65: 4.8 | I65: 6.9224235 | J65: 4.8 | M65: 0.70847054 | N65: 1
B66: GUINN | C66: =L55 -> 5.5076628 | D66: 7.5445173 | E66: 12.682397 | F66: 5.5 | G66: =[31]March_2025!$H$32 -> 8.3720218 | H66: 8.3720218 | I66: 14.322774 | J66: 5.5 | K66: =K55 -> 0.9865 | L66: 0.9865 | M66: 0.568621 | N66: 1
B67: VITAMALT | E67: 3.9190537 | F67: 3.3 | I67: 5.3456617 | J67: 3.3 | M67: 0.78853801 | N67: 1
B68: MAXIMALT | F68: 3.3 | J68: 3 | N68: 1
B69: MACKESON | E69: 8.7664671 | F69: =[21]May_2022!$M$43 -> 3.4878407 | I69: 10.607236 | J69: 5.5 | M69: 0.66824561 | N69: 1
B70: STARMALT | C70: =L57 -> 3.2162296 | D70: 3.2162296 | E70: 2.4833896 | F70: 3.3 | G70: =[31]March_2025!$H$63 -> 5.2379581 | H70: 5.2379581 | I70: 4.728112 | J70: 3.3 | K70: =K57 -> 0.978 | L70: 0.978 | M70: 0.83672897 | N70: 1
B71: HURRICANE REEF | F71: 7.5 | J71: 7.5 | N71: 1
B72: HURRICANE REEF PILS | E72: 7.2436874 | F72: 4.8 | I72: 6.2003724 | J72: 4.8 | M72: 0.33859649 | N72: 1
D73: 6.546605 | E73: 7.0714312 | F73: 4.5 | H73: 7.0653053 | I73: 7.8692476 | J73: 4.5 | L73: 0.96 | M73: 0.76183375 | N73: 1
AD85: :

Sheet Mar. 6th
T1: P.G. | V1: Hot Time | X1: Process Time | Z1: Cooling Time
B2: Brewing Department Daily Process Loss Report | T2: Lower | U2: Upper | V2: Lower | W2: Upper | X2: Lower | Y2: Upper | Z2: Lower | AA2: Upper
S3: CARIB | T3: 11.6 | U3: 12 | V3: 0 | W3: 0.11805556 | X3: 0.22569444 | Y3: 0.26388889 | Z3: 0 | AA3: 60 | AC3: HR- PISNER
B4: Date: | J4: LOT WORT COLOUR: 3/3.6 | M4: Filter Sheets (Target 20 days) | S4: STAG | T4: 11.6 | U4: 12 | V4: 0 | W4: 0.11805556 | X4: 0.22569444 | Y4: 0.26388889 | Z4: 0 | AA4: 60
C5: 45723 | M5: Double | N5: Single | S5: GUINNESS | T5: 17 | U5: 17.5 | V5: 0 | W5: 0.10763889 | X5: 0.24652778 | Y5: 0.28472222 | Z5: 0 | AA5: 60
J6: MALT LOT: Lot 18/32 | L6: Sheet Day | M6: 17 | N6: 13 | S6: MACKESON | T6: 13.3 | U6: 13.5 | V6: 0 | W6: 0.12905093 | X6: 0.27430556 | Y6: 0.30208333 | Z6: 0
S7: STARMALT | T7: 17.1 | U7: 17.5 | V7: 0 | W7: 0.13605324 | X7: 0.27430556 | Y7: 0.30902778 | Z7: 0 | AA7: 60
B8: Brand | C8: Brew no. | D8: Kett. Hls | E8: Wort | F8: Cool Time(Mins) | G8: Cast. P.G. (Lab Result) | H8: Cast P.G. (Cellar Operator)-gravity | I8: Extr. Rec (80.9%) | J8: Theor. Extr. (77.5%) | K8: Boil Off /Vol. (4-6%) | L8: Boil Time | M8: Total Hot | N8: Brewing | O8: Operator | P8: Comments | Q8: Actual Pilsen Malt | S8: Hurricane Reef | T8: 16.6 | U8: 17 | V8: 0 | W8: 0.12905093 | X8: 0.27430556 | Y8: 0.30208333 | Z8: 0
E9: Meter (Hls) | F9: Target(< 60Mins) | M9: Time | S9: VITAMALT | T9: 14.4 | U9: 14.6 | V9: 0 | W9: 0.13905093 | X9: 0.26041667 | Y9: 0.29513889 | Z9: 0 | AA9: 75
B10: CARIB | C10: =[23]Brewhouse!$A268 -> CA165 | D10: =[23]Brewhouse!$AF268 -> 52.3 | E10: =[23]Brewhouse!$AI268 -> 49.2 | F10: =[23]Brewhouse!$V268 -> 78 | G10: =[23]Brewhouse!$AG268 -> 12.3 | H10: 12.4 | I10: =[23]Brewhouse!$AU268 -> 101.93739 | J10: =[23]Brewhouse!$AV268 -> 101.12487 | K10: =[23]Brewhouse!$Q268 -> 3.0451128 | L10: =[23]Brewhouse!$P268 -> 63 | M10: =[23]Brewhouse!$U268-[23]Brewhouse!$T268 -> 0.13472222 | N10: =[23]Brewhouse!$Z268 -> 0.30486111 | O10: =[23]Brewhouse!$AX268 -> K.Benjamin | P10: Brew kettle up in pre-run tank due to delays on previous brew | S10: =B10 -> CARIB | T10: =VLOOKUP($B10,$S$3:$Y$9,2,FALSE) -> 11.6 | U10: =VLOOKUP($B10,$S$3:$Y$9,3,FALSE) -> 12 | V10: =VLOOKUP($B10,$S$3:$Y$9,4,FALSE) -> 0 | W10: =VLOOKUP($B10,$S$3:$Y$9,5,FALSE) -> 0.11805556 | X10: =VLOOKUP($B10,$S$3:$Y$9,6,FALSE) -> 0.22569444 | Y10: =VLOOKUP($B10,$S$3:$Y$9,7,FALSE) -> 0.26388889 | Z10: =VLOOKUP($B10,$S$3:$AA$9,8,FALSE) -> 0 | AA10: =VLOOKUP($B10,$S$3:$AA$9,9,FALSE) -> 60
B11: CARIB | C11: =[23]Brewhouse!$A269 -> CA166 | D11: =[23]Brewhouse!$AF269 -> 54.8 | E11: =[23]Brewhouse!$AI269 -> 51.7 | F11: =[23]Brewhouse!$V269 -> 98 | G11: =[23]Brewhouse!$AG269 -> 11.93 | H11: 11.9 | I11: =[23]Brewhouse!$AU269 -> 94.916088 | J11: =[23]Brewhouse!$AV269 -> 94.159449 | K11: =[23]Brewhouse!$Q269 -> 2.7338129 | L11: =[23]Brewhouse!$P269 -> 58 | M11: =[23]Brewhouse!$U269-[23]Brewhouse!$T269 -> 0.13263889 | N11: =[23]Brewhouse!$Z269 -> 0.28958333 | O11: =[23]Brewhouse!$AX269 -> K.Benjamin | P11: Slow cooling (high temp) | S11: =B11 -> CARIB | T11: =VLOOKUP($B11,$S$3:$Y$9,2,FALSE) -> 11.6 | U11: =VLOOKUP($B11,$S$3:$Y$9,3,FALSE) -> 12 | V11: =VLOOKUP($B11,$S$3:$Y$9,4,FALSE) -> 0 | W11: =VLOOKUP($B11,$S$3:$Y$9,5,FALSE) -> 0.11805556 | X11: =VLOOKUP($B11,$S$3:$Y$9,6,FALSE) -> 0.22569444 | Y11: =VLOOKUP($B11,$S$3:$Y$9,7,FALSE) -> 0.26388889 | Z11: =VLOOKUP($B11,$S$3:$AA$9,8,FALSE) -> 0 | AA11: =VLOOKUP($B11,$S$3:$AA$9,9,FALSE) -> 60
B12: CARIB | C12: =[23]Brewhouse!$A270 -> CA167 | D12: =[23]Brewhouse!$AF270 -> 51.9 | E12: =[23]Brewhouse!$AI270 -> 49 | F12: =[23]Brewhouse!$V270 -> 57 | G12: =[23]Brewhouse!$AG270 -> 11.75 | H12: 11.6 | I12: =[23]Brewhouse!$AU270 -> 96.181647 | J12: =[23]Brewhouse!$AV270 -> 95.446221 | K12: =[23]Brewhouse!$Q270 -> 10.052724 | L12: =[23]Brewhouse!$P270 -> 60 | M12: =[23]Brewhouse!$U270-[23]Brewhouse!$T270 -> 0.11666667 | N12: =[23]Brewhouse!$Z270 -> 0.26180556 | O12: =[23]Brewhouse!$AX270 -> R.Regis | S12: =B12 -> CARIB | T12: =VLOOKUP($B12,$S$3:$Y$9,2,FALSE) -> 11.6 | U12: =VLOOKUP($B12,$S$3:$Y$9,3,FALSE) -> 12 | V12: =VLOOKUP($B12,$S$3:$Y$9,4,FALSE) -> 0 | W12: =VLOOKUP($B12,$S$3:$Y$9,5,FALSE) -> 0.11805556 | X12: =VLOOKUP($B12,$S$3:$Y$9,6,FALSE) -> 0.22569444 | Y12: =VLOOKUP($B12,$S$3:$Y$9,7,FALSE) -> 0.26388889 | Z12: =VLOOKUP($B12,$S$3:$AA$9,8,FALSE) -> 0 | AA12: =VLOOKUP($B12,$S$3:$AA$9,9,FALSE) -> 60
B13: CARIB | C13: =[23]Brewhouse!$A271 -> CA168 | D13: =[23]Brewhouse!$AF271 -> 54.2 | E13: =[23]Brewhouse!$AI271 -> 50.6 | F13: =[23]Brewhouse!$V271 -> 61 | G13: =[23]Brewhouse!$AG271 -> 11.88 | H13: 11.9 | I13: =[23]Brewhouse!$AU271 -> 97.888885 | J13: =[23]Brewhouse!$AV271 -> 99.441431 | K13: =[23]Brewhouse!$Q271 -> 6.2745098 | L13: =[23]Brewhouse!$P271 -> 60 | M13: =[23]Brewhouse!$U271-[23]Brewhouse!$T271 -> 0.10972222 | N13: =[23]Brewhouse!$Z271 -> 0.25 | O13: =[23]Brewhouse!$AX271 -> R.Regis | S13: =B13 -> CARIB | T13: =VLOOKUP($B13,$S$3:$Y$9,2,FALSE) -> 11.6 | U13: =VLOOKUP($B13,$S$3:$Y$9,3,FALSE) -> 12 | V13: =VLOOKUP($B13,$S$3:$Y$9,4,FALSE) -> 0 | W13: =VLOOKUP($B13,$S$3:$Y$9,5,FALSE) -> 0.11805556 | X13: =VLOOKUP($B13,$S$3:$Y$9,6,FALSE) -> 0.22569444 | Y13: =VLOOKUP($B13,$S$3:$Y$9,7,FALSE) -> 0.26388889 | Z13: =VLOOKUP($B13,$S$3:$AA$9,8,FALSE) -> 0 | AA13: =VLOOKUP($B13,$S$3:$AA$9,9,FALSE) -> 60
B14: CARIB | C14: =[23]Brewhouse!$A272 -> CA169 | D14: =[23]Brewhouse!$AF272 -> 53 | E14: =[23]Brewhouse!$AI272 -> 49.5 | F14: =[23]Brewhouse!$V272 -> 61 | G14: =[23]Brewhouse!$AG272 -> 12 | I14: =[23]Brewhouse!$AU272 -> 96.606946 | J14: =[23]Brewhouse!$AV272 -> 98.13916 | K14: =[23]Brewhouse!$Q272 -> 6.975089 | L14: =[23]Brewhouse!$P272 -> 60 | M14: =[23]Brewhouse!$U272-[23]Brewhouse!$T272 -> 0.10972222 | N14: =[23]Brewhouse!$Z272 -> 0.25138889 | O14: =[23]Brewhouse!$AX272 -> R.Sookram | S14: =B14 -> CARIB | T14: =VLOOKUP($B14,$S$3:$Y$9,2,FALSE) -> 11.6 | U14: =VLOOKUP($B14,$S$3:$Y$9,3,FALSE) -> 12 | V14: =VLOOKUP($B14,$S$3:$Y$9,4,FALSE) -> 0 | W14: =VLOOKUP($B14,$S$3:$Y$9,5,FALSE) -> 0.11805556 | X14: =VLOOKUP($B14,$S$3:$Y$9,6,FALSE) -> 0.22569444 | Y14: =VLOOKUP($B14,$S$3:$Y$9,7,FALSE) -> 0.26388889 | Z14: =VLOOKUP($B14,$S$3:$AA$9,8,FALSE) -> 0 | AA14: =VLOOKUP($B14,$S$3:$AA$9,9,FALSE) -> 60
B15: CARIB | C15: =[23]Brewhouse!$A273 -> CA170 | D15: =[23]Brewhouse!$AF273 -> 53.8 | E15: =[23]Brewhouse!$AI273 -> 50 | F15: =[23]Brewhouse!$V273 -> 61 | G15: =[23]Brewhouse!$AG273 -> 12.3 | I15: =[23]Brewhouse!$AU273 -> 100.84824 | J15: =[23]Brewhouse!$AV273 -> 102.5158 | K15: =[23]Brewhouse!$Q273 -> 6.0962567 | L15: =[23]Brewhouse!$P273 -> 57 | M15: =[23]Brewhouse!$U273-[23]Brewhouse!$T273 -> 0.11458333 | N15: =[23]Brewhouse!$Z273 -> 0.25902778 | O15: =[23]Brewhouse!$AX273 -> R.Sookram | S15: =B15 -> CARIB | T15: =VLOOKUP($B15,$S$3:$Y$9,2,FALSE) -> 11.6 | U15: =VLOOKUP($B15,$S$3:$Y$9,3,FALSE) -> 12 | V15: =VLOOKUP($B15,$S$3:$Y$9,4,FALSE) -> 0 | W15: =VLOOKUP($B15,$S$3:$Y$9,5,FALSE) -> 0.11805556 | X15: =VLOOKUP($B15,$S$3:$Y$9,6,FALSE) -> 0.22569444 | Y15: =VLOOKUP($B15,$S$3:$Y$9,7,FALSE) -> 0.26388889 | Z15: =VLOOKUP($B15,$S$3:$AA$9,8,FALSE) -> 0 | AA15: =VLOOKUP($B15,$S$3:$AA$9,9,FALSE) -> 60
B16: CARIB | C16: =[23]Brewhouse!$A274 -> CA171 | D16: =[23]Brewhouse!$AF274 -> 52.7 | E16: =[23]Brewhouse!$AI274 -> 49.1 | F16: =[23]Brewhouse!$V274 -> 73 | G16: =[23]Brewhouse!$AG274 -> 11.98 | I16: =[23]Brewhouse!$AU274 -> 96.736277 | J16: =[23]Brewhouse!$AV274 -> 98.335668 | K16: =[23]Brewhouse!$Q274 -> 5.8333333 | L16: =[23]Brewhouse!$P274 -> 58 | M16: =[23]Brewhouse!$U274-[23]Brewhouse!$T274 -> 0.11597222 | N16: =[23]Brewhouse!$Z274 -> 0.26805556 | O16: =[23]Brewhouse!$AX274 -> R.Sookram | S16: =B16 -> CARIB | T16: =VLOOKUP($B16,$S$3:$Y$9,2,FALSE) -> 11.6 | U16: =VLOOKUP($B16,$S$3:$Y$9,3,FALSE) -> 12 | V16: =VLOOKUP($B16,$S$3:$Y$9,4,FALSE) -> 0 | W16: =VLOOKUP($B16,$S$3:$Y$9,5,FALSE) -> 0.11805556 | X16: =VLOOKUP($B16,$S$3:$Y$9,6,FALSE) -> 0.22569444 | Y16: =VLOOKUP($B16,$S$3:$Y$9,7,FALSE) -> 0.26388889 | Z16: =VLOOKUP($B16,$S$3:$AA$9,8,FALSE) -> 0 | AA16: =VLOOKUP($B16,$S$3:$AA$9,9,FALSE) -> 60
S17: =B17 -> 0 | T17: =VLOOKUP($B17,$S$3:$Y$9,2,FALSE) -> #N/A | U17: =VLOOKUP($B17,$S$3:$Y$9,3,FALSE) -> #N/A | V17: =VLOOKUP($B17,$S$3:$Y$9,4,FALSE) -> #N/A | W17: =VLOOKUP($B17,$S$3:$Y$9,5,FALSE) -> #N/A | X17: =VLOOKUP($B17,$S$3:$Y$9,6,FALSE) -> #N/A | Y17: =VLOOKUP($B17,$S$3:$Y$9,7,FALSE) -> #N/A | Z17: =VLOOKUP($B17,$S$3:$AA$9,8,FALSE) -> #N/A | AA17: =VLOOKUP($B17,$S$3:$AA$9,9,FALSE) -> #N/A
S18: =B18 -> 0 | T18: =VLOOKUP($B18,$S$3:$Y$9,2,FALSE) -> #N/A | U18: =VLOOKUP($B18,$S$3:$Y$9,3,FALSE) -> #N/A | V18: =VLOOKUP($B18,$S$3:$Y$9,4,FALSE) -> #N/A | W18: =VLOOKUP($B18,$S$3:$Y$9,5,FALSE) -> #N/A | X18: =VLOOKUP($B18,$S$3:$Y$9,6,FALSE) -> #N/A | Y18: =VLOOKUP($B18,$S$3:$Y$9,7,FALSE) -> #N/A | Z18: =VLOOKUP($B18,$S$3:$AA$9,8,FALSE) -> #N/A | AA18: =VLOOKUP($B18,$S$3:$AA$9,9,FALSE) -> #N/A
S19: =B19 -> 0 | T19: =VLOOKUP($B19,$S$3:$Y$9,2,FALSE) -> #N/A | U19: =VLOOKUP($B19,$S$3:$Y$9,3,FALSE) -> #N/A | V19: =VLOOKUP($B19,$S$3:$Y$9,4,FALSE) -> #N/A | W19: =VLOOKUP($B19,$S$3:$Y$9,5,FALSE) -> #N/A | X19: =VLOOKUP($B19,$S$3:$Y$9,6,FALSE) -> #N/A | Y19: =VLOOKUP($B19,$S$3:$Y$9,7,FALSE) -> #N/A | Z19: =VLOOKUP($B19,$S$3:$AA$9,8,FALSE) -> #N/A | AA19: =VLOOKUP($B19,$S$3:$AA$9,9,FALSE) -> #N/A
S20: =B20 -> 0 | T20: =VLOOKUP($B20,$S$3:$Y$9,2,FALSE) -> #N/A | U20: =VLOOKUP($B20,$S$3:$Y$9,3,FALSE) -> #N/A | V20: =VLOOKUP($B20,$S$3:$Y$9,4,FALSE) -> #N/A | W20: =VLOOKUP($B20,$S$3:$Y$9,5,FALSE) -> #N/A | X20: =VLOOKUP($B20,$S$3:$Y$9,6,FALSE) -> #N/A | Y20: =VLOOKUP($B20,$S$3:$Y$9,7,FALSE) -> #N/A | Z20: =VLOOKUP($B20,$S$3:$AA$9,8,FALSE) -> #N/A | AA20: =VLOOKUP($B20,$S$3:$AA$9,9,FALSE) -> #N/A
S21: =B21 -> 0 | T21: =VLOOKUP($B21,$S$3:$Y$9,2,FALSE) -> #N/A | U21: =VLOOKUP($B21,$S$3:$Y$9,3,FALSE) -> #N/A | V21: =VLOOKUP($B21,$S$3:$Y$9,4,FALSE) -> #N/A | W21: =VLOOKUP($B21,$S$3:$Y$9,5,FALSE) -> #N/A | X21: =VLOOKUP($B21,$S$3:$Y$9,6,FALSE) -> #N/A | Y21: =VLOOKUP($B21,$S$3:$Y$9,7,FALSE) -> #N/A | Z21: =VLOOKUP($B21,$S$3:$AA$9,8,FALSE) -> #N/A | AA21: =VLOOKUP($B21,$S$3:$AA$9,9,FALSE) -> #N/A
S22: =B22 -> 0 | T22: =VLOOKUP($B22,$S$3:$Y$9,2,FALSE) -> #N/A | U22: =VLOOKUP($B22,$S$3:$Y$9,3,FALSE) -> #N/A | V22: =VLOOKUP($B22,$S$3:$Y$9,4,FALSE) -> #N/A | W22: =VLOOKUP($B22,$S$3:$Y$9,5,FALSE) -> #N/A | X22: =VLOOKUP($B22,$S$3:$Y$9,6,FALSE) -> #N/A | Y22: =VLOOKUP($B22,$S$3:$Y$9,7,FALSE) -> #N/A | Z22: =VLOOKUP($B22,$S$3:$AA$9,8,FALSE) -> #N/A | AA22: =VLOOKUP($B22,$S$3:$AA$9,9,FALSE) -> #N/A
S23: =B23 -> 0 | T23: =VLOOKUP($B23,$S$3:$Y$9,2,FALSE) -> #N/A | U23: =VLOOKUP($B23,$S$3:$Y$9,3,FALSE) -> #N/A | V23: =VLOOKUP($B23,$S$3:$Y$9,4,FALSE) -> #N/A | W23: =VLOOKUP($B23,$S$3:$Y$9,5,FALSE) -> #N/A | X23: =VLOOKUP($B23,$S$3:$Y$9,6,FALSE) -> #N/A | Y23: =VLOOKUP($B23,$S$3:$Y$9,7,FALSE) -> #N/A | Z23: =VLOOKUP($B23,$S$3:$AA$9,8,FALSE) -> #N/A | AA23: =VLOOKUP($B23,$S$3:$AA$9,9,FALSE) -> #N/A
I24: EXTRACT RECOVERY
B25: BRAND | D25: BBT P.G./ O.G | I25: Brand | J25: Actual | K25: MTD No. of Brews | L25: MTD | M25: YTD | N25: Target
B26: STAG | C26: {=[24]Process!$D$87:$D$90} -> 12 | D26: 11.87 | I26: CARIB | J26: =AVERAGE(I10:I16) -> 97.873639 | K26: =COUNTA([23]Brewhouse!$A$255:$A$274) -> 20 | L26: =AVERAGE([23]Brewhouse!$AU$255:$AU$274) -> 99.862094 | M26: =AVERAGE([23]Brewhouse!$AU$102:$AU$171,[23]Brewhouse!$AU$173:$AU$253,[23]Brewhouse!$AU$255:$AU$274) -> 96.104722 | N26: 98
C27: 12 | I27: STAG | K27: =COUNTA([24]Brewhouse!$A$105:$A$108) -> 4 | L27: =AVERAGE([24]Brewhouse!$AS$105:$AS$108) -> 96.250115 | M27: =AVERAGE([24]Brewhouse!$AS$15:$AS$64,[24]Brewhouse!$AS$66:$AS$103,[24]Brewhouse!$AS$105:$AS$108) -> 95.903646 | N27: 98
C28: 11.9 | D28: 11.87 | I28: GUINNESS | M28: =AVERAGE([25]Brewhouse!$AU$4:$AU$7,[25]Brewhouse!$AU$9:$AU$22) -> 96.218977 | N28: 98
C29: 11.9 | I29: VITAMALT | M29: =AVERAGE([26]Brewhouse!$AV$5:$AV$14,[26]Brewhouse!$AV$16:$AV$19) -> 98.230958 | N29: 98
I30: MAXIMALT | N30: 98
I31: MACKESON | M31: =AVERAGE([27]Brewhouse!$AT$4:$AT$11) -> 94.812617 | N31: 98
I32: STARMALT | K32: =COUNTA([22]Brewhouse!$A$22:$A$29) -> 8 | L32: =AVERAGE([22]Brewhouse!$AY$22:$AY$29) -> 98.065834 | M32: =AVERAGE([22]Brewhouse!$AY$6:$AY$13,[22]Brewhouse!$AY$15:$AY$20,[22]Brewhouse!$AY$22:$AY$29) -> 95.660462 | N32: 98
I33: HR- Pils | M33: =AVERAGE([28]Brewhouse!$AU$5:$AU$8) -> 91.006888 | N33: 98
I34: HR- IPA
I35: HR- APA | N35: 98
K36: =SUM(K26:K35) -> 32 | L36: =((L26*K26)+(L27*K27)+(L28*K28)+(L29*K29)+(L30*K30)+(K33*L33)+(L31*K31)+(L32*K32)+(L35*K35))/(K36) -> 98.961532 | M36: =AVERAGE('[29]Jan 31st'!$L$65,'[30]Feb 28th'!$L$35,L36) -> 96.801503 | N36: 98
J38: Daily Brewing Plan
J39: Brand | K39: Brews Achieved | L39: Average Brews per day
J40: CARIB | K40: =COUNTA(B10:B16) -> 7 | L40: MTD | M40: YTD | N40: TARGET
J41: STAG | L41: =AVERAGE('Mar. 3rd'!K80,'Mar. 4th'!K81,'Mar. 5th '!K50,K50) -> 8 | M41: =AVERAGE('[29]Jan 29th '!$M$70,'[30]Feb 28th'!$L$40,L41) -> 7.1703297
J42: GUINN
J43: VITAMALT
J44: STARMALT
J45: MACKESON
J46: HURRICANE REEF- IPA
J47: HURRICANE REEF- APA
B48: AVERAGE | D48: =AVERAGE(D26:E47) -> 11.87 | J48: HR- PILSNER
J49: CARIBE
J50: Total | K50: =SUM(K40:K49) -> 7
B51: Process: | C51: Fermentation/Filtration
B53: Brand | C53: Filt. Date | D53: FV Hls | E53: GFE/ Prim/ Vita Blend (Hls) | F53: SV Hls | G53: BBT Hls | H53: Loss (%) Ferm | I53: Loss (%) Filt | J53: Comments | K53: Throughput | L53: Process Loss (%) | M53: Filt. Operator
U54: 43466 | V54: 43467 | W54: 43468 | X54: 43469 | Y54: 43470 | Z54: 43471 | AA54: 43472 | AB54: 43473 | AC54: 43474 | AD54: 43475 | AE54: 43476 | AF54: 43477 | AG54: 43478 | AH54: 43479 | AI54: 43480 | AJ54: 43481 | AK54: 43482 | AL54: 43483 | AM54: 43484 | AN54: 43485 | AO54: 43486 | AP54: 43487 | AQ54: 43488 | AR54: 43489 | AS54: 43490 | AT54: 43491 | AU54: 43492 | AV54: 43493 | AW54: 43494 | AX54: 43495 | AY54: 43496
B55: =J41 -> STAG | C55: 45722 | D55: =[31]March_2025!$I$13 -> 198.8 | F55: =SUM([32]STAG!$L$11:$L$14) -> 195.4 | G55: =[31]March_2025!$I$17 -> 182.7 | H55: =(D55-F55)/D55*100 -> 1.7102616 | I55: =((F55+E55)-G55)/(F55+E55)*100 -> 6.4994882 | J55: No Break | K55: =[33]March_2025!$I$25 -> 0.9135 | L55: =(((D55+E55)-G55)/(D55+E55))*100 -> 8.0985915 | M55: K. Hosten | T55: hls
T56: Throughput | U56: =[20]January_2019!D8 -> #DIV/0! | V56: =[20]January_2019!E8 -> 1.0319298 | W56: =[20]January_2019!F8 -> 1.7789474 | X56: =[20]January_2019!G8 -> 0.51929825 | Y56: =[20]January_2019!H8 -> #DIV/0! | Z56: =[20]January_2019!I8 -> #DIV/0! | AA56: =[20]January_2019!J8 -> 1.3652632 | AB56: =[20]January_2019!K8 -> #DIV/0! | ... AY56: =[20]January_2019!AH8 -> #DIV/0!
B61: Process Loss (Volume) | G61: Process Loss (Extract) | K61: Throughput
B62: Brand | C62: Actual | D62: MTD | E62: YTD | F62: Target | G62: Actual | H62: MTD | I62: YTD | J62: Target | K62: Actual | L62: MTD | M62: YTD | N62: Target
B63: CARIB | D63: 7.6790549 | E63: 7.0356103 | F63: 4.8 | H63: 7.3817249 | I63: 7.4474792 | J63: 4.8 | L63: 0.93775 | M63: 0.8430888 | N63: 1
B64: STAG | C64: =L55 -> 8.0985915 | D64: 8.0985915 | E64: 6.873104 | F64: 4.8 | G64: =[31]March_2025!$I$21 -> 8.7602817 | H64: 8.7602817 | I64: 7.0146636 | J64: 4.8 | K64: =K55 -> 0.9135 | L64: 0.9135 | M64: 0.71880616 | N64: 1
B65: GUINN | D65: 7.5445173 | E65: 12.682397 | F65: 5.5 | H65: 8.3720218 | I65: 14.322774 | J65: 5.5 | L65: 0.9865 | M65: 0.568621 | N65: 1
B66: VITAMALT | E66: 3.9190537 | F66: 3.3 | I66: 5.3456617 | J66: 3.3 | M66: 0.78853801 | N66: 1
B67: MAXIMALT | F67: 3.3 | J67: 3 | N67: 1
B68: MACKESON | E68: 8.7664671 | F68: =[21]May_2022!$M$43 -> 3.4878407 | I68: 10.607236 | J68: 5.5 | M68: 0.66824561 | N68: 1
B69: STARMALT | D69: 3.2162296 | E69: 2.4833896 | F69: 3.3 | H69: 5.2379581 | I69: 4.728112 | J69: 3.3 | L69: 0.978 | M69: 0.83672897 | N69: 1
B70: HURRICANE REEF | F70: 7.5 | J70: 7.5 | N70: 1
B71: HURRICANE REEF PILS | E71: 4.8792509 | F71: 4.8 | I71: 6.2003724 | J71: 4.8 | M71: 0.33859649 | N71: 1
D72: 6.8489124 | E72: 7.0709735 | F72: 4.5 | H72: 7.3395418 | I72: 7.8798125 | J72: 4.5 | L72: 0.9507 | M72: 0.76369926 | N72: 1
AD84: :

Sheet Mar. 7th & 8th
T1: P.G. | V1: Hot Time | X1: Process Time | Z1: Cooling Time
B2: Brewing Department Daily Process Loss Report | T2: Lower | U2: Upper | V2: Lower | W2: Upper | X2: Lower | Y2: Upper | Z2: Lower | AA2: Upper
S3: CARIB | T3: 11.6 | U3: 12 | V3: 0 | W3: 0.11805556 | X3: 0.22569444 | Y3: 0.26388889 | Z3: 0 | AA3: 60 | AC3: HR- PISNER
B4: Date: | J4: LOT WORT COLOUR: 3.6 | M4: Filter Sheets (Target 20 days) | S4: STAG | T4: 11.6 | U4: 12 | V4: 0 | W4: 0.11805556 | X4: 0.22569444 | Y4: 0.26388889 | Z4: 0 | AA4: 60
C5: 45726 | M5: Double | N5: Single | S5: GUINNESS | T5: 17 | U5: 17.5 | V5: 0 | W5: 0.10763889 | X5: 0.24652778 | Y5: 0.28472222 | Z5: 0 | AA5: 60
J6: MALT LOT: Lot 32 | L6: Sheet Day | M6: 20 | N6: 16 | S6: MACKESON | T6: 13.3 | U6: 13.5 | V6: 0 | W6: 0.12905093 | X6: 0.27430556 | Y6: 0.30208333 | Z6: 0
S7: STARMALT | T7: 17.1 | U7: 17.5 | V7: 0 | W7: 0.13605324 | X7: 0.27430556 | Y7: 0.30902778 | Z7: 0 | AA7: 60
B8: Brand | C8: Brew no. | D8: Kett. Hls | E8: Wort | F8: Cool Time(Mins) | G8: Cast. P.G. (Lab Result) | H8: Cast P.G. (Cellar Operator)-gravity | I8: Extr. Rec (80.9%) | J8: Theor. Extr. (77.5%) | K8: Boil Off /Vol. (4-6%) | L8: Boil Time | M8: Total Hot | N8: Brewing | O8: Operator | P8: Comments | Q8: Actual Pilsen Malt | S8: Hurricane Reef | T8: 16.6 | U8: 17 | V8: 0 | W8: 0.12905093 | X8: 0.27430556 | Y8: 0.30208333 | Z8: 0
E9: Meter (Hls) | F9: Target(< 60Mins) | M9: Time | S9: VITAMALT | T9: 14.4 | U9: 14.6 | V9: 0 | W9: 0.13905093 | X9: 0.26041667 | Y9: 0.29513889 | Z9: 0 | AA9: 75
B10: CARIB | C10: =[23]Brewhouse!$A275 -> CA172 | D10: =[23]Brewhouse!$AF275 -> 54 | E10: =[23]Brewhouse!$AI275 -> 51.2 | F10: =[23]Brewhouse!$V275 -> 70 | G10: =[23]Brewhouse!$AG275 -> 11.9 | H10: 11.9 | I10: =[23]Brewhouse!$AU275 -> 99.866724 | J10: =[23]Brewhouse!$AV275 -> 101.51796 | K10: =[23]Brewhouse!$Q275 -> 5.767098 | L10: =[23]Brewhouse!$P275 -> 57 | M10: =[23]Brewhouse!$U275-[23]Brewhouse!$T275 -> 0.12013889 | N10: =[23]Brewhouse!$Z275 -> 0.275 | O10: =[23]Brewhouse!$AX275 -> R.Sookram | S10: =B10 -> CARIB | T10: =VLOOKUP($B10,$S$3:$Y$9,2,FALSE) -> 11.6 | U10: =VLOOKUP($B10,$S$3:$Y$9,3,FALSE) -> 12 | V10: =VLOOKUP($B10,$S$3:$Y$9,4,FALSE) -> 0 | W10: =VLOOKUP($B10,$S$3:$Y$9,5,FALSE) -> 0.11805556 | X10: =VLOOKUP($B10,$S$3:$Y$9,6,FALSE) -> 0.22569444 | Y10: =VLOOKUP($B10,$S$3:$Y$9,7,FALSE) -> 0.26388889 | Z10: =VLOOKUP($B10,$S$3:$AA$9,8,FALSE) -> 0 | AA10: =VLOOKUP($B10,$S$3:$AA$9,9,FALSE) -> 60
B11: CARIB | C11: =[23]Brewhouse!$A276 -> CA173 | D11: =[23]Brewhouse!$AF276 -> 53.9 | E11: =[23]Brewhouse!$AI276 -> 50.6 | F11: =[23]Brewhouse!$V276 -> 62 | G11: =[23]Brewhouse!$AG276 -> 11.7 | H11: 11.9 | I11: =[23]Brewhouse!$AU276 -> 97.312964 | J11: =[23]Brewhouse!$AV276 -> 98.921713 | K11: =[23]Brewhouse!$Q276 -> 6.6415094 | L11: =[23]Brewhouse!$P276 -> 60 | M11: =[23]Brewhouse!$U276-[23]Brewhouse!$T276 -> 0.1125 | N11: =[23]Brewhouse!$Z276 -> 0.27777778 | O11: =[23]Brewhouse!$AX276 -> K.Benjamin | S11: =B11 -> CARIB | T11: =VLOOKUP($B11,$S$3:$Y$9,2,FALSE) -> 11.6 | U11: =VLOOKUP($B11,$S$3:$Y$9,3,FALSE) -> 12 | V11: =VLOOKUP($B11,$S$3:$Y$9,4,FALSE) -> 0 | W11: =VLOOKUP($B11,$S$3:$Y$9,5,FALSE) -> 0.11805556 | X11: =VLOOKUP($B11,$S$3:$Y$9,6,FALSE) -> 0.22569444 | Y11: =VLOOKUP($B11,$S$3:$Y$9,7,FALSE) -> 0.26388889 | Z11: =VLOOKUP($B11,$S$3:$AA$9,8,FALSE) -> 0 | AA11: =VLOOKUP($B11,$S$3:$AA$9,9,FALSE) -> 60
B12: CARIB | C12: =[23]Brewhouse!$A277 -> CA174 | D12: =[23]Brewhouse!$AF277 -> 53.8 | E12: =[23]Brewhouse!$AI277 -> 50.5 | F12: =[23]Brewhouse!$V277 -> 67 | G12: =[23]Brewhouse!$AG277 -> 11.8 | H12: 11.8 | I12: =[23]Brewhouse!$AU277 -> 97.751803 | J12: =[23]Brewhouse!$AV277 -> 99.367984 | K12: =[23]Brewhouse!$Q277 -> 5.8865248 | L12: =[23]Brewhouse!$P277 -> 63 | M12: =[23]Brewhouse!$U277-[23]Brewhouse!$T277 -> 0.12222222 | N12: =[23]Brewhouse!$Z277 -> 0.30347222 | O12: =[23]Brewhouse!$AX277 -> K.Benjamin | S12: =B12 -> CARIB | T12: =VLOOKUP($B12,$S$3:$Y$9,2,FALSE) -> 11.6 | U12: =VLOOKUP($B12,$S$3:$Y$9,3,FALSE) -> 12 | V12: =VLOOKUP($B12,$S$3:$Y$9,4,FALSE) -> 0 | W12: =VLOOKUP($B12,$S$3:$Y$9,5,FALSE) -> 0.11805556 | X12: =VLOOKUP($B12,$S$3:$Y$9,6,FALSE) -> 0.22569444 | Y12: =VLOOKUP($B12,$S$3:$Y$9,7,FALSE) -> 0.26388889 | Z12: =VLOOKUP($B12,$S$3:$AA$9,8,FALSE) -> 0 | AA12: =VLOOKUP($B12,$S$3:$AA$9,9,FALSE) -> 60
B14: STAG | C14: =[24]Brewhouse!$A109 -> ST093 | D14: =[24]Brewhouse!$AD109 -> 53.8 | E14: =[24]Brewhouse!$AG109 -> 50.9 | F14: =[24]Brewhouse!$V109 -> 76 | G14: =[24]Brewhouse!$AE109 -> 11.6 | H14: 11.7 | I14: =[24]Brewhouse!$AS109 -> 98.026213 | J14: =[24]Brewhouse!$AT109 -> 99.367631 | K14: =[24]Brewhouse!$Q109 -> 3.8181818 | L14: =[24]Brewhouse!$P109 -> 60 | M14: =[24]Brewhouse!$U109-[24]Brewhouse!$T109 -> 0.12569444 | N14: =[24]Brewhouse!$AW109 -> 0.26944444 | O14: =[24]Brewhouse!$AV109 -> K. Benjamin | S14: =B14 -> STAG | T14: =VLOOKUP($B14,$S$3:$Y$9,2,FALSE) -> 11.6 | U14: =VLOOKUP($B14,$S$3:$Y$9,3,FALSE) -> 12 | V14: =VLOOKUP($B14,$S$3:$Y$9,4,FALSE) -> 0 | W14: =VLOOKUP($B14,$S$3:$Y$9,5,FALSE) -> 0.11805556 | X14: =VLOOKUP($B14,$S$3:$Y$9,6,FALSE) -> 0.22569444 | Y14: =VLOOKUP($B14,$S$3:$Y$9,7,FALSE) -> 0.26388889 | Z14: =VLOOKUP($B14,$S$3:$AA$9,8,FALSE) -> 0 | AA14: =VLOOKUP($B14,$S$3:$AA$9,9,FALSE) -> 60
B15: STAG | C15: =[24]Brewhouse!$A110 -> ST094 | D15: =[24]Brewhouse!$AD110 -> 53.7 | E15: =[24]Brewhouse!$AG110 -> 50.5 | F15: =[24]Brewhouse!$V110 -> 79 | G15: =[24]Brewhouse!$AE110 -> 11.8 | H15: 11.8 | I15: =[24]Brewhouse!$AS110 -> 98.897349 | J15: =[24]Brewhouse!$AT110 -> 100.25113 | K15: =[24]Brewhouse!$Q110 -> 4 | L15: =[24]Brewhouse!$P110 -> 60 | M15: =[24]Brewhouse!$U110-[24]Brewhouse!$T110 -> 0.12638889 | N15: =[24]Brewhouse!$AW110 -> 0.26805556 | O15: =[24]Brewhouse!$AV110 -> R. Regis | S15: =B15 -> STAG | T15: =VLOOKUP($B15,$S$3:$Y$9,2,FALSE) -> 11.6 | U15: =VLOOKUP($B15,$S$3:$Y$9,3,FALSE) -> 12 | V15: =VLOOKUP($B15,$S$3:$Y$9,4,FALSE) -> 0 | W15: =VLOOKUP($B15,$S$3:$Y$9,5,FALSE) -> 0.11805556 | X15: =VLOOKUP($B15,$S$3:$Y$9,6,FALSE) -> 0.22569444 | Y15: =VLOOKUP($B15,$S$3:$Y$9,7,FALSE) -> 0.26388889 | Z15: =VLOOKUP($B15,$S$3:$AA$9,8,FALSE) -> 0 | AA15: =VLOOKUP($B15,$S$3:$AA$9,9,FALSE) -> 60
B17: 45724
B18: STAG | C18: =[24]Brewhouse!$A111 -> ST095 | D18: =[24]Brewhouse!$AD111 -> 54.9 | E18: =[24]Brewhouse!$AG111 -> 49.9 | F18: =[24]Brewhouse!$V111 -> 61 | G18: =[24]Brewhouse!$AE111 -> 12 | H18: 11.9 | I18: =[24]Brewhouse!$AS111 -> 98.846182 | J18: =[24]Brewhouse!$AT111 -> 100.20145 | K18: =[24]Brewhouse!$Q111 -> 0.75329567 | L18: =[24]Brewhouse!$P111 -> 57 | M18: =[24]Brewhouse!$U111-[24]Brewhouse!$T111 -> 0.11666667 | N18: =[24]Brewhouse!$AW111 -> 0.26111111 | O18: =[24]Brewhouse!$AV111 -> R.Sookram | S18: =B18 -> STAG | T18: =VLOOKUP($B18,$S$3:$Y$9,2,FALSE) -> 11.6 | U18: =VLOOKUP($B18,$S$3:$Y$9,3,FALSE) -> 12 | V18: =VLOOKUP($B18,$S$3:$Y$9,4,FALSE) -> 0 | W18: =VLOOKUP($B18,$S$3:$Y$9,5,FALSE) -> 0.11805556 | X18: =VLOOKUP($B18,$S$3:$Y$9,6,FALSE) -> 0.22569444 | Y18: =VLOOKUP($B18,$S$3:$Y$9,7,FALSE) -> 0.26388889 | Z18: =VLOOKUP($B18,$S$3:$AA$9,8,FALSE) -> 0 | AA18: =VLOOKUP($B18,$S$3:$AA$9,9,FALSE) -> 60
B19: STAG | C19: =[24]Brewhouse!$A112 -> ST096 | D19: =[24]Brewhouse!$AD112 -> 53.9 | E19: =[24]Brewhouse!$AG112 -> 50.5 | F19: =[24]Brewhouse!$V112 -> 67 | G19: =[24]Brewhouse!$AE112 -> 11.9 | H19: 11.9 | I19: =[24]Brewhouse!$AS112 -> 99.654246 | J19: =[24]Brewhouse!$AT112 -> 101.01883 | K19: =[24]Brewhouse!$Q112 -> 6.2615101 | L19: =[24]Brewhouse!$P112 -> 60 | M19: =[24]Brewhouse!$U112-[24]Brewhouse!$T112 -> 0.12222222 | N19: =[24]Brewhouse!$AW112 -> 0.29930556 | O19: =[24]Brewhouse!$AV112 -> R.Sookram | S19: =B19 -> STAG | T19: =VLOOKUP($B19,$S$3:$Y$9,2,FALSE) -> 11.6 | U19: =VLOOKUP($B19,$S$3:$Y$9,3,FALSE) -> 12 | V19: =VLOOKUP($B19,$S$3:$Y$9,4,FALSE) -> 0 | W19: =VLOOKUP($B19,$S$3:$Y$9,5,FALSE) -> 0.11805556 | X19: =VLOOKUP($B19,$S$3:$Y$9,6,FALSE) -> 0.22569444 | Y19: =VLOOKUP($B19,$S$3:$Y$9,7,FALSE) -> 0.26388889 | Z19: =VLOOKUP($B19,$S$3:$AA$9,8,FALSE) -> 0 | AA19: =VLOOKUP($B19,$S$3:$AA$9,9,FALSE) -> 60
S20: =B20 -> 0 | T20: =VLOOKUP($B20,$S$3:$Y$9,2,FALSE) -> #N/A | U20: =VLOOKUP($B20,$S$3:$Y$9,3,FALSE) -> #N/A | V20: =VLOOKUP($B20,$S$3:$Y$9,4,FALSE) -> #N/A | W20: =VLOOKUP($B20,$S$3:$Y$9,5,FALSE) -> #N/A | X20: =VLOOKUP($B20,$S$3:$Y$9,6,FALSE) -> #N/A | Y20: =VLOOKUP($B20,$S$3:$Y$9,7,FALSE) -> #N/A | Z20: =VLOOKUP($B20,$S$3:$AA$9,8,FALSE) -> #N/A | AA20: =VLOOKUP($B20,$S$3:$AA$9,9,FALSE) -> #N/A
S21: =B21 -> 0 | T21: =VLOOKUP($B21,$S$3:$Y$9,2,FALSE) -> #N/A | U21: =VLOOKUP($B21,$S$3:$Y$9,3,FALSE) -> #N/A | V21: =VLOOKUP($B21,$S$3:$Y$9,4,FALSE) -> #N/A | W21: =VLOOKUP($B21,$S$3:$Y$9,5,FALSE) -> #N/A | X21: =VLOOKUP($B21,$S$3:$Y$9,6,FALSE) -> #N/A | Y21: =VLOOKUP($B21,$S$3:$Y$9,7,FALSE) -> #N/A | Z21: =VLOOKUP($B21,$S$3:$AA$9,8,FALSE) -> #N/A | AA21: =VLOOKUP($B21,$S$3:$AA$9,9,FALSE) -> #N/A
S22: =B22 -> 0 | T22: =VLOOKUP($B22,$S$3:$Y$9,2,FALSE) -> #N/A | U22: =VLOOKUP($B22,$S$3:$Y$9,3,FALSE) -> #N/A | V22: =VLOOKUP($B22,$S$3:$Y$9,4,FALSE) -> #N/A | W22: =VLOOKUP($B22,$S$3:$Y$9,5,FALSE) -> #N/A | X22: =VLOOKUP($B22,$S$3:$Y$9,6,FALSE) -> #N/A | Y22: =VLOOKUP($B22,$S$3:$Y$9,7,FALSE) -> #N/A | Z22: =VLOOKUP($B22,$S$3:$AA$9,8,FALSE) -> #N/A | AA22: =VLOOKUP($B22,$S$3:$AA$9,9,FALSE) -> #N/A
S23: =B23 -> 0 | T23: =VLOOKUP($B23,$S$3:$Y$9,2,FALSE) -> #N/A | U23: =VLOOKUP($B23,$S$3:$Y$9,3,FALSE) -> #N/A | V23: =VLOOKUP($B23,$S$3:$Y$9,4,FALSE) -> #N/A | W23: =VLOOKUP($B23,$S$3:$Y$9,5,FALSE) -> #N/A | X23: =VLOOKUP($B23,$S$3:$Y$9,6,FALSE) -> #N/A | Y23: =VLOOKUP($B23,$S$3:$Y$9,7,FALSE) -> #N/A | Z23: =VLOOKUP($B23,$S$3:$AA$9,8,FALSE) -> #N/A | AA23: =VLOOKUP($B23,$S$3:$AA$9,9,FALSE) -> #N/A
S24: =B24 -> 0 | T24: =VLOOKUP($B24,$S$3:$Y$9,2,FALSE) -> #N/A | U24: =VLOOKUP($B24,$S$3:$Y$9,3,FALSE) -> #N/A | V24: =VLOOKUP($B24,$S$3:$Y$9,4,FALSE) -> #N/A | W24: =VLOOKUP($B24,$S$3:$Y$9,5,FALSE) -> #N/A | X24: =VLOOKUP($B24,$S$3:$Y$9,6,FALSE) -> #N/A | Y24: =VLOOKUP($B24,$S$3:$Y$9,7,FALSE) -> #N/A | Z24: =VLOOKUP($B24,$S$3:$AA$9,8,FALSE) -> #N/A | AA24: =VLOOKUP($B24,$S$3:$AA$9,9,FALSE) -> #N/A
S25: =B25 -> 0 | T25: =VLOOKUP($B25,$S$3:$Y$9,2,FALSE) -> #N/A | U25: =VLOOKUP($B25,$S$3:$Y$9,3,FALSE) -> #N/A | V25: =VLOOKUP($B25,$S$3:$Y$9,4,FALSE) -> #N/A | W25: =VLOOKUP($B25,$S$3:$Y$9,5,FALSE) -> #N/A | X25: =VLOOKUP($B25,$S$3:$Y$9,6,FALSE) -> #N/A | Y25: =VLOOKUP($B25,$S$3:$Y$9,7,FALSE) -> #N/A | Z25: =VLOOKUP($B25,$S$3:$AA$9,8,FALSE) -> #N/A | AA25: =VLOOKUP($B25,$S$3:$AA$9,9,FALSE) -> #N/A
I26: EXTRACT RECOVERY
B27: BRAND | D27: BBT P.G./ O.G | H27: Brand | I27: Actual (Mar 7th) | J27: Actual (Mar 8th) | K27: MTD No. of Brews | L27: MTD | M27: YTD | N27: Target
B28: =H29 -> STAG | C28: {=[24]Process!$D$83:$D$86} -> 12.1 | D28: 11.88 | H28: CARIB | I28: =AVERAGE(I10:I15) -> 98.37101 | K28: =COUNTA([23]Brewhouse!$A$255:$A$277) -> 23 | L28: =AVERAGE([23]Brewhouse!$AU$255:$AU$277) -> 99.659712 | M28: =AVERAGE([23]Brewhouse!$AU$102:$AU$171,[23]Brewhouse!$AU$173:$AU$253,[23]Brewhouse!$AU$255:$AU$277) -> 96.142753 | N28: 98
C29: 12 | H29: STAG | J29: =AVERAGE(I18:I19) -> 99.250214 | K29: =COUNTA([24]Brewhouse!$A$105:$A$112) -> 8 | L29: =AVERAGE([24]Brewhouse!$AS$105:$AS$112) -> 97.553056 | M29: =AVERAGE([24]Brewhouse!$AS$15:$AS$64,[24]Brewhouse!$AS$66:$AS$103,[24]Brewhouse!$AS$105:$AS$112) -> 96.026661 | N29: 98
C30: 12 | D30: 11.87 | H30: GUINNESS | M30: =AVERAGE([25]Brewhouse!$AU$4:$AU$7,[25]Brewhouse!$AU$9:$AU$22) -> 96.218977 | N30: 98
C31: 12 | D31: 11.6 | H31: VITAMALT | M31: =AVERAGE([26]Brewhouse!$AV$5:$AV$14,[26]Brewhouse!$AV$16:$AV$19) -> 98.230958 | N31: 98
H32: MAXIMALT | N32: 98
H33: MACKESON | M33: =AVERAGE([27]Brewhouse!$AT$4:$AT$11) -> 94.812617 | N33: 98
H34: STARMALT | K34: =COUNTA([22]Brewhouse!$A$22:$A$29) -> 8 | L34: =AVERAGE([22]Brewhouse!$AY$22:$AY$29) -> 98.065834 | M34: =AVERAGE([22]Brewhouse!$AY$6:$AY$13,[22]Brewhouse!$AY$15:$AY$20,[22]Brewhouse!$AY$22:$AY$29) -> 95.660462 | N34: 98
H35: HR- Pils | M35: =AVERAGE([28]Brewhouse!$AU$5:$AU$8) -> 91.006888 | N35: 98
H36: HR- IPA | N36: 98
H37: HR- APA | N37: 98
K38: =SUM(K28:K37) -> 39 | L38: =((L28*K28)+(L29*K29)+(L30*K30)+(L31*K31)+(L32*K32)+(K35*L35)+(L33*K33)+(L34*K34)+(L37*K37))/(K38) -> 98.900628 | M38: =AVERAGE('[29]Jan 31st'!$L$65,'[30]Feb 28th'!$L$35,L38) -> 96.781202 | N38: 98
J40: Daily Brewing Plan
I41: Brand | J41: Brews Achieved (Mar 7th) | K41: Brews Achieved (Mar 8th) | L41: Average Brews per day
I42: CARIB | J42: =COUNTA(B10:B12) -> 3 | L42: MTD | M42: YTD | N42: TARGET
I43: STAG | J43: =COUNTA(B14:B15) -> 2 | K43: =COUNTA(B18:B19) -> 2 | L43: =AVERAGE('Mar. 3rd'!K80,'Mar. 4th'!K81,'Mar. 5th '!K50,'Mar. 6th'!K50,J52,K52) -> 6.5 | M43: =AVERAGE('[29]Jan 29th '!$M$70,'[30]Feb 28th'!$L$40,L43) -> 6.6703297
I44: GUINN
I45: VITAMALT
I46: STARMALT
I47: MACKESON
I48: HURRICANE REEF- IPA
I49: HURRICANE REEF- APA
B50: AVERAGE | D50: =AVERAGE(D28:E49) -> 11.783333 | I50: HR- PILSNER
I51: CARIBE
I52: Total | J52: =SUM(J42:J51) -> 5 | K52: =SUM(K42:K51) -> 2
B53: Process: | C53: Fermentation/Filtration
B55: Brand | C55: Filt. Date | D55: FV Hls | E55: GFE/ Prim/ Vita Blend (Hls) | F55: SV Hls | G55: BBT Hls | H55: Loss (%) Ferm | I55: Loss (%) Filt | J55: Comments | K55: Throughput | L55: Process Loss (%) | M55: Filt. Operator
U56: 43466 | V56: 43467 | W56: 43468 | X56: 43469 | Y56: 43470 | Z56: 43471 | AA56: 43472 | AB56: 43473 | AC56: 43474 | AD56: 43475 | AE56: 43476 | AF56: 43477 | AG56: 43478 | AH56: 43479 | AI56: 43480 | AJ56: 43481 | AK56: 43482 | AL56: 43483 | AM56: 43484 | AN56: 43485 | AO56: 43486 | AP56: 43487 | AQ56: 43488 | AR56: 43489 | AS56: 43490 | AT56: 43491 | AU56: 43492 | AV56: 43493 | AW56: 43494 | AX56: 43495 | AY56: 43496
B57: =I43 -> STAG | C57: 45723 | D57: =[31]March_2025!$J$13 -> 201.5 | F57: =SUM([32]STAG!$L$7:$L$10) -> 196.3 | G57: =[31]March_2025!$J$17 -> 184.7 | H57: =(D57-F57)/D57*100 -> 2.5806452 | I57: =((F57+E57)-G57)/(F57+E57)*100 -> 5.9093225 | J57: 1 Break | K57: =[33]March_2025!$J$25 -> 0.46175 | L57: =(((D57+E57)-G57)/(D57+E57))*100 -> 8.337469 | M57: K. Hosten | T57: hls
T58: Throughput | U58: =[20]January_2019!D8 -> #DIV/0! | V58: =[20]January_2019!E8 -> 1.0319298 | W58: =[20]January_2019!F8 -> 1.7789474 | X58: =[20]January_2019!G8 -> 0.51929825 | Y58: =[20]January_2019!H8 -> #DIV/0! | Z58: =[20]January_2019!I8 -> #DIV/0! | AA58: =[20]January_2019!J8 -> 1.3652632 | AB58: =[20]January_2019!K8 -> #DIV/0! | ... AY58: =[20]January_2019!AH8 -> #DIV/0!
B63: Process Loss (Volume) | G63: Process Loss (Extract) | K63: Throughput
B64: Brand | C64: Actual | D64: MTD | E64: YTD | F64: Target | G64: Actual | H64: MTD | I64: YTD | J64: Target | K64: Actual | L64: MTD | M64: YTD | N64: Target
B65: CARIB | D65: 7.6790549 | E65: 7.0356103 | F65: 4.8 | H65: 7.3817249 | I65: 7.4474792 | J65: 4.8 | L65: 0.93775 | M65: 0.8430888 | N65: 1
B66: STAG | C66: =L57 -> 8.337469 | D66: 8.2188359 | E66: 6.9433565 | F66: 4.8 | G66: =[31]March_2025!$J$21 -> 10.084809 | H66: 9.4293876 | I66: 7.164301 | J66: 4.8 | K66: =K57 -> 0.46175 | L66: 0.687625 | M66: 0.70646973 | N66: 1
B67: GUINN | D67: 7.5445173 | E67: 12.682397 | F67: 5.5 | H67: 8.3720218 | I67: 14.322774 | J67: 5.5 | L67: 0.9865 | M67: 0.568621 | N67: 1
B68: VITAMALT | E68: 3.9190537 | F68: 3.3 | I68: 5.3456617 | J68: 3.3 | M68: 0.78853801 | N68: 1
B69: MAXIMALT | F69: 3.3 | J69: 3 | N69: 1
B70: MACKESON | E70: 8.7664671 | F70: =[21]May_2022!$M$43 -> 3.4878407 | I70: 10.607236 | J70: 5.5 | M70: 0.66824561 | N70: 1
B71: STARMALT | D71: 3.2162296 | E71: 2.4833896 | F71: 3.3 | H71: 5.2379581 | I71: 4.728112 | J71: 3.3 | L71: 0.978 | M71: 0.83672897 | N71: 1
B72: HURRICANE REEF | F72: 7.5 | J72: 7.5 | N72: 1
B73: HURRICANE REEF PILS | E73: 4.8792509 | F73: 4.8 | I73: 6.2003724 | J73: 4.8 | M73: 0.33859649 | N73: 1
D74: 7.0943458 | E74: 7.0873382 | F74: 4.5 | H74: 7.728704 | I74: 7.9061835 | J74: 4.5 | L74: 0.86920833 | M74: 0.76003038 | N74: 1
AD86: :

Sheet Mar. 10th
T1: P.G. | V1: Hot Time | X1: Process Time | Z1: Cooling Time
B2: Brewing Department Daily Process Loss Report | T2: Lower | U2: Upper | V2: Lower | W2: Upper | X2: Lower | Y2: Upper | Z2: Lower | AA2: Upper
S3: CARIB | T3: 11.6 | U3: 12 | V3: 0 | W3: 0.11805556 | X3: 0.22569444 | Y3: 0.26388889 | Z3: 0 | AA3: 60 | AC3: HR- PISNER
B4: Date: | J4: LOT WORT COLOUR: 3.6 | M4: Filter Sheets (Target 20 days) | S4: STAG | T4: 11.6 | U4: 12 | V4: 0 | W4: 0.11805556 | X4: 0.22569444 | Y4: 0.26388889 | Z4: 0 | AA4: 60
C5: 45727 | M5: Double | N5: Single | S5: GUINNESS | T5: 17 | U5: 17.5 | V5: 0 | W5: 0.10763889 | X5: 0.24652778 | Y5: 0.28472222 | Z5: 0 | AA5: 60
J6: MALT LOT: Lot 32 | L6: Sheet Day | M6: 22 | N6: 18 | S6: MACKESON | T6: 13.3 | U6: 13.5 | V6: 0 | W6: 0.12905093 | X6: 0.27430556 | Y6: 0.30208333 | Z6: 0
S7: STARMALT | T7: 17.1 | U7: 17.5 | V7: 0 | W7: 0.13605324 | X7: 0.27430556 | Y7: 0.30902778 | Z7: 0 | AA7: 60
B8: Brand | C8: Brew no. | D8: Kett. Hls | E8: Wort | F8: Cool Time(Mins) | G8: Cast. P.G. (Lab Result) | H8: Cast P.G. (Cellar Operator)-gravity | I8: Extr. Rec (80.9%) | J8: Theor. Extr. (77.5%) | K8: Boil Off /Vol. (4-6%) | L8: Boil Time | M8: Total Hot | N8: Brewing | O8: Operator | P8: Comments | Q8: Actual Pilsen Malt | S8: Hurricane Reef | T8: 16.6 | U8: 17 | V8: 0 | W8: 0.12905093 | X8: 0.27430556 | Y8: 0.30208333 | Z8: 0
E9: Meter (Hls) | F9: Target(< 60Mins) | M9: Time | S9: VITAMALT | T9: 14.4 | U9: 14.6 | V9: 0 | W9: 0.13905093 | X9: 0.26041667 | Y9: 0.29513889 | Z9: 0 | AA9: 75
B10: GUINNESS | C10: 1/0/1900 | D10: =[25]Brewhouse!$AF24 -> 59.7 | E10: =[25]Brewhouse!$AI24 -> 54.1 | F10: =[25]Brewhouse!$V24 -> 73 | G10: =[25]Brewhouse!$AG24 -> 17.3 | H10: 17.3 | I10: =[25]Brewhouse!$AU24 -> 101.17562 | J10: =[25]Brewhouse!$AV24 -> 102.60919 | K10: =[25]Brewhouse!$R24 -> 5.4394693 | L10: =[25]Brewhouse!$O24 -> 59 | M10: =[25]Brewhouse!$U24-[25]Brewhouse!$T24 -> 0.13333333 | N10: =[25]Brewhouse!$Z24 -> 0.28819444 | O10: =[25]Brewhouse!$AW24 -> R. Regis | S10: =B10 -> GUINNESS | T10: =VLOOKUP($B10,$S$3:$Y$9,2,FALSE) -> 17 | U10: =VLOOKUP($B10,$S$3:$Y$9,3,FALSE) -> 17.5 | V10: =VLOOKUP($B10,$S$3:$Y$9,4,FALSE) -> 0 | W10: =VLOOKUP($B10,$S$3:$Y$9,5,FALSE) -> 0.10763889 | X10: =VLOOKUP($B10,$S$3:$Y$9,6,FALSE) -> 0.24652778 | Y10: =VLOOKUP($B10,$S$3:$Y$9,7,FALSE) -> 0.28472222 | Z10: =VLOOKUP($B10,$S$3:$AA$9,8,FALSE) -> 0 | AA10: =VLOOKUP($B10,$S$3:$AA$9,9,FALSE) -> 60
B11: GUINNESS | C11: =[25]Brewhouse!$A25 -> GU020 | D11: =[25]Brewhouse!$AF25 -> 61.2 | E11: =[25]Brewhouse!$AI25 -> 55.8 | F11: =[25]Brewhouse!$V25 -> 66 | G11: =[25]Brewhouse!$AG25 -> 17.3 | H11: 17.3 | I11: =[25]Brewhouse!$AU25 -> 104.35489 | J11: =[25]Brewhouse!$AV25 -> 105.8335 | K11: =[25]Brewhouse!$R25 -> 1.9148936 | L11: =[25]Brewhouse!$O25 -> 56 | M11: =[25]Brewhouse!$U25-[25]Brewhouse!$T25 -> 0.13194444 | N11: =[25]Brewhouse!$Z25 -> 0.31388889 | O11: =[25]Brewhouse!$AW25 -> R.Sookram | S11: =B11 -> GUINNESS | T11: =VLOOKUP($B11,$S$3:$Y$9,2,FALSE) -> 17 | U11: =VLOOKUP($B11,$S$3:$Y$9,3,FALSE) -> 17.5 | V11: =VLOOKUP($B11,$S$3:$Y$9,4,FALSE) -> 0 | W11: =VLOOKUP($B11,$S$3:$Y$9,5,FALSE) -> 0.10763889 | X11: =VLOOKUP($B11,$S$3:$Y$9,6,FALSE) -> 0.24652778 | Y11: =VLOOKUP($B11,$S$3:$Y$9,7,FALSE) -> 0.28472222 | Z11: =VLOOKUP($B11,$S$3:$AA$9,8,FALSE) -> 0 | AA11: =VLOOKUP($B11,$S$3:$AA$9,9,FALSE) -> 60
B12: GUINNESS | C12: =[25]Brewhouse!$A26 -> GU021 | D12: =[25]Brewhouse!$AF26 -> 58.2 | E12: =[25]Brewhouse!$AI26 -> 53.2 | F12: =[25]Brewhouse!$V26 -> 74 | G12: =[25]Brewhouse!$AG26 -> 17.18 | H12: 17.2 | I12: =[25]Brewhouse!$AU26 -> 96.487973 | J12: =[25]Brewhouse!$AV26 -> 97.820728 | K12: =[25]Brewhouse!$R26 -> 3.5924007 | L12: =[25]Brewhouse!$O26 -> 56 | M12: =[25]Brewhouse!$U26-[25]Brewhouse!$T26 -> 0.12361111 | N12: =[25]Brewhouse!$Z26 -> 0.32222222 | O12: =[25]Brewhouse!$AW26 -> R.Sookram | S12: =B12 -> GUINNESS | T12: =VLOOKUP($B12,$S$3:$Y$9,2,FALSE) -> 17 | U12: =VLOOKUP($B12,$S$3:$Y$9,3,FALSE) -> 17.5 | V12: =VLOOKUP($B12,$S$3:$Y$9,4,FALSE) -> 0 | W12: =VLOOKUP($B12,$S$3:$Y$9,5,FALSE) -> 0.10763889 | X12: =VLOOKUP($B12,$S$3:$Y$9,6,FALSE) -> 0.24652778 | Y12: =VLOOKUP($B12,$S$3:$Y$9,7,FALSE) -> 0.28472222 | Z12: =VLOOKUP($B12,$S$3:$AA$9,8,FALSE) -> 0 | AA12: =VLOOKUP($B12,$S$3:$AA$9,9,FALSE) -> 60
B13: GUINNESS | C13: =[25]Brewhouse!$A27 -> GU022 | D13: =[25]Brewhouse!$AF27 -> 58.4 | E13: =[25]Brewhouse!$AI27 -> 53 | F13: =[25]Brewhouse!$V27 -> 60 | G13: =[25]Brewhouse!$AG27 -> 17.22 | H13: 17.2 | I13: =[25]Brewhouse!$AU27 -> 96.125237 | J13: =[25]Brewhouse!$AV27 -> 97.452981 | K13: =[25]Brewhouse!$R27 -> 3.5986159 | L13: =[25]Brewhouse!$O27 -> 59 | M13: =[25]Brewhouse!$U27-[25]Brewhouse!$T27 -> 0.11736111 | N13: =[25]Brewhouse!$Z27 -> 0.29305556 | O13: =[25]Brewhouse!$AW27 -> K. Benjamin | S13: =B13 -> GUINNESS | T13: =VLOOKUP($B13,$S$3:$Y$9,2,FALSE) -> 17 | U13: =VLOOKUP($B13,$S$3:$Y$9,3,FALSE) -> 17.5 | V13: =VLOOKUP($B13,$S$3:$Y$9,4,FALSE) -> 0 | W13: =VLOOKUP($B13,$S$3:$Y$9,5,FALSE) -> 0.10763889 | X13: =VLOOKUP($B13,$S$3:$Y$9,6,FALSE) -> 0.24652778 | Y13: =VLOOKUP($B13,$S$3:$Y$9,7,FALSE) -> 0.28472222 | Z13: =VLOOKUP($B13,$S$3:$AA$9,8,FALSE) -> 0 | AA13: =VLOOKUP($B13,$S$3:$AA$9,9,FALSE) -> 60
B14: GUINNESS | C14: =[25]Brewhouse!$A28 -> GU023 | D14: =[25]Brewhouse!$AF28 -> 56.7 | E14: =[25]Brewhouse!$AI28 -> 52.3 | F14: =[25]Brewhouse!$V28 -> 60 | G14: =[25]Brewhouse!$AG28 -> 17.03 | H14: 17 | I14: =[25]Brewhouse!$AU28 -> 96.035426 | J14: =[25]Brewhouse!$AV28 -> 97.395922 | K14: =[25]Brewhouse!$R28 -> 3.7201365 | L14: =[25]Brewhouse!$O28 -> 60 | M14: =[25]Brewhouse!$U28-[25]Brewhouse!$T28 -> 0.11944444 | N14: =[25]Brewhouse!$Z28 -> 0.27222222 | O14: =[25]Brewhouse!$AW28 -> K. Benjamin | S14: =B14 -> GUINNESS | T14: =VLOOKUP($B14,$S$3:$Y$9,2,FALSE) -> 17 | U14: =VLOOKUP($B14,$S$3:$Y$9,3,FALSE) -> 17.5 | V14: =VLOOKUP($B14,$S$3:$Y$9,4,FALSE) -> 0 | W14: =VLOOKUP($B14,$S$3:$Y$9,5,FALSE) -> 0.10763889 | X14: =VLOOKUP($B14,$S$3:$Y$9,6,FALSE) -> 0.24652778 | Y14: =VLOOKUP($B14,$S$3:$Y$9,7,FALSE) -> 0.28472222 | Z14: =VLOOKUP($B14,$S$3:$AA$9,8,FALSE) -> 0 | AA14: =VLOOKUP($B14,$S$3:$AA$9,9,FALSE) -> 60
B15: GUINNESS | C15: =[25]Brewhouse!$A29 -> GU024 | D15: =[25]Brewhouse!$AF29 -> 58.1 | E15: =[25]Brewhouse!$AI29 -> 53.1 | F15: =[25]Brewhouse!$V29 -> 73 | G15: =[25]Brewhouse!$AG29 -> 17.04 | H15: 17 | I15: =[25]Brewhouse!$AU29 -> 97.504419 | J15: =[25]Brewhouse!$AV29 -> 98.885725 | K15: =[25]Brewhouse!$R29 -> 2.5299145 | L15: =[25]Brewhouse!$O29 -> 59 | M15: =[25]Brewhouse!$U29-[25]Brewhouse!$T29 -> 0.13819444 | N15: =[25]Brewhouse!$Z29 -> 0.30138889 | O15: =[25]Brewhouse!$AW29 -> K. Benjamin | S15: =B15 -> GUINNESS | T15: =VLOOKUP($B15,$S$3:$Y$9,2,FALSE) -> 17 | U15: =VLOOKUP($B15,$S$3:$Y$9,3,FALSE) -> 17.5 | V15: =VLOOKUP($B15,$S$3:$Y$9,4,FALSE) -> 0 | W15: =VLOOKUP($B15,$S$3:$Y$9,5,FALSE) -> 0.10763889 | X15: =VLOOKUP($B15,$S$3:$Y$9,6,FALSE) -> 0.24652778 | Y15: =VLOOKUP($B15,$S$3:$Y$9,7,FALSE) -> 0.28472222 | Z15: =VLOOKUP($B15,$S$3:$AA$9,8,FALSE) -> 0 | AA15: =VLOOKUP($B15,$S$3:$AA$9,9,FALSE) -> 60
B16: GUINNESS | C16: =[25]Brewhouse!$A30 -> GU025 | D16: =[25]Brewhouse!$AF30 -> 57 | E16: =[25]Brewhouse!$AI30 -> 52.1 | F16: =[25]Brewhouse!$V30 -> 69 | G16: =[25]Brewhouse!$AG30 -> 17.11 | H16: 17.1 | I16: =[25]Brewhouse!$AU30 -> 96.377565 | J16: =[25]Brewhouse!$AV30 -> 97.742671 | K16: =[25]Brewhouse!$R30 -> 2.9166667 | L16: =[25]Brewhouse!$O30 -> 58 | M16: =[25]Brewhouse!$U30-[25]Brewhouse!$T30 -> 0.11388889 | N16: =[25]Brewhouse!$Z30 -> 0.28472222 | O16: =[25]Brewhouse!$AW30 -> R. Regis | S16: =B16 -> GUINNESS | T16: =VLOOKUP($B16,$S$3:$Y$9,2,FALSE) -> 17 | U16: =VLOOKUP($B16,$S$3:$Y$9,3,FALSE) -> 17.5 | V16: =VLOOKUP($B16,$S$3:$Y$9,4,FALSE) -> 0 | W16: =VLOOKUP($B16,$S$3:$Y$9,5,FALSE) -> 0.10763889 | X16: =VLOOKUP($B16,$S$3:$Y$9,6,FALSE) -> 0.24652778 | Y16: =VLOOKUP($B16,$S$3:$Y$9,7,FALSE) -> 0.28472222 | Z16: =VLOOKUP($B16,$S$3:$AA$9,8,FALSE) -> 0 | AA16: =VLOOKUP($B16,$S$3:$AA$9,9,FALSE) -> 60
B17: GUINNESS | C17: =[25]Brewhouse!$A31 -> GU026 | D17: =[25]Brewhouse!$AF31 -> 57.2 | E17: =[25]Brewhouse!$AI31 -> 52.7 | F17: =[25]Brewhouse!$V31 -> 74 | G17: =[25]Brewhouse!$AG31 -> 17.08 | H17: 17.2 | I17: =[25]Brewhouse!$AU31 -> 97.48748 | J17: =[25]Brewhouse!$AV31 -> 98.868306 | K17: =[25]Brewhouse!$R31 -> 2.2299652 | L17: =[25]Brewhouse!$O31 -> 58 | M17: =[25]Brewhouse!$U31-[25]Brewhouse!$T31 -> 0.12083333 | N17: =[25]Brewhouse!$Z31 -> 0.27152778 | O17: =[25]Brewhouse!$AW31 -> R. Regis | S17: =B17 -> GUINNESS | T17: =VLOOKUP($B17,$S$3:$Y$9,2,FALSE) -> 17 | U17: =VLOOKUP($B17,$S$3:$Y$9,3,FALSE) -> 17.5 | V17: =VLOOKUP($B17,$S$3:$Y$9,4,FALSE) -> 0 | W17: =VLOOKUP($B17,$S$3:$Y$9,5,FALSE) -> 0.10763889 | X17: =VLOOKUP($B17,$S$3:$Y$9,6,FALSE) -> 0.24652778 | Y17: =VLOOKUP($B17,$S$3:$Y$9,7,FALSE) -> 0.28472222 | Z17: =VLOOKUP($B17,$S$3:$AA$9,8,FALSE) -> 0 | AA17: =VLOOKUP($B17,$S$3:$AA$9,9,FALSE) -> 60
S18: =B18 -> 0 | T18: =VLOOKUP($B18,$S$3:$Y$9,2,FALSE) -> #N/A | U18: =VLOOKUP($B18,$S$3:$Y$9,3,FALSE) -> #N/A | V18: =VLOOKUP($B18,$S$3:$Y$9,4,FALSE) -> #N/A | W18: =VLOOKUP($B18,$S$3:$Y$9,5,FALSE) -> #N/A | X18: =VLOOKUP($B18,$S$3:$Y$9,6,FALSE) -> #N/A | Y18: =VLOOKUP($B18,$S$3:$Y$9,7,FALSE) -> #N/A | Z18: =VLOOKUP($B18,$S$3:$AA$9,8,FALSE) -> #N/A | AA18: =VLOOKUP($B18,$S$3:$AA$9,9,FALSE) -> #N/A
S19: =B19 -> 0 | T19: =VLOOKUP($B19,$S$3:$Y$9,2,FALSE) -> #N/A | U19: =VLOOKUP($B19,$S$3:$Y$9,3,FALSE) -> #N/A | V19: =VLOOKUP($B19,$S$3:$Y$9,4,FALSE) -> #N/A | W19: =VLOOKUP($B19,$S$3:$Y$9,5,FALSE) -> #N/A | X19: =VLOOKUP($B19,$S$3:$Y$9,6,FALSE) -> #N/A | Y19: =VLOOKUP($B19,$S$3:$Y$9,7,FALSE) -> #N/A | Z19: =VLOOKUP($B19,$S$3:$AA$9,8,FALSE) -> #N/A | AA19: =VLOOKUP($B19,$S$3:$AA$9,9,FALSE) -> #N/A
S20: =B20 -> 0 | T20: =VLOOKUP($B20,$S$3:$Y$9,2,FALSE) -> #N/A | U20: =VLOOKUP($B20,$S$3:$Y$9,3,FALSE) -> #N/A | V20: =VLOOKUP($B20,$S$3:$Y$9,4,FALSE) -> #N/A | W20: =VLOOKUP($B20,$S$3:$Y$9,5,FALSE) -> #N/A | X20: =VLOOKUP($B20,$S$3:$Y$9,6,FALSE) -> #N/A | Y20: =VLOOKUP($B20,$S$3:$Y$9,7,FALSE) -> #N/A | Z20: =VLOOKUP($B20,$S$3:$AA$9,8,FALSE) -> #N/A | AA20: =VLOOKUP($B20,$S$3:$AA$9,9,FALSE) -> #N/A
S21: =B21 -> 0 | T21: =VLOOKUP($B21,$S$3:$Y$9,2,FALSE) -> #N/A | U21: =VLOOKUP($B21,$S$3:$Y$9,3,FALSE) -> #N/A | V21: =VLOOKUP($B21,$S$3:$Y$9,4,FALSE) -> #N/A | W21: =VLOOKUP($B21,$S$3:$Y$9,5,FALSE) -> #N/A | X21: =VLOOKUP($B21,$S$3:$Y$9,6,FALSE) -> #N/A | Y21: =VLOOKUP($B21,$S$3:$Y$9,7,FALSE) -> #N/A | Z21: =VLOOKUP($B21,$S$3:$AA$9,8,FALSE) -> #N/A | AA21: =VLOOKUP($B21,$S$3:$AA$9,9,FALSE) -> #N/A
S22: =B22 -> 0 | T22: =VLOOKUP($B22,$S$3:$Y$9,2,FALSE) -> #N/A | U22: =VLOOKUP($B22,$S$3:$Y$9,3,FALSE) -> #N/A | V22: =VLOOKUP($B22,$S$3:$Y$9,4,FALSE) -> #N/A | W22: =VLOOKUP($B22,$S$3:$Y$9,5,FALSE) -> #N/A | X22: =VLOOKUP($B22,$S$3:$Y$9,6,FALSE) -> #N/A | Y22: =VLOOKUP($B22,$S$3:$Y$9,7,FALSE) -> #N/A | Z22: =VLOOKUP($B22,$S$3:$AA$9,8,FALSE) -> #N/A | AA22: =VLOOKUP($B22,$S$3:$AA$9,9,FALSE) -> #N/A
I23: EXTRACT RECOVERY
B24: BRAND | D24: BBT P.G./ O.G | I24: Brand | J24: Actual | K24: MTD No. of Brews | L24: MTD | M24: YTD | N24: Target
B25: CARIB | C25: {=[23]Process!$D$217:$D$224} -> 11.8 | D25: 11.6 | I25: CARIB | K25: =COUNTA([23]Brewhouse!$A$255:$A$277) -> 23 | L25: =AVERAGE([23]Brewhouse!$AU$255:$AU$277) -> 99.659712 | M25: =AVERAGE([23]Brewhouse!$AU$102:$AU$171,[23]Brewhouse!$AU$173:$AU$253,[23]Brewhouse!$AU$255:$AU$277) -> 96.142753 | N25: 98
C26: 11.8 | I26: STAG | K26: =COUNTA([24]Brewhouse!$A$105:$A$112) -> 8 | L26: =AVERAGE([24]Brewhouse!$AS$105:$AS$112) -> 97.553056 | M26: =AVERAGE([24]Brewhouse!$AS$15:$AS$64,[24]Brewhouse!$AS$66:$AS$103,[24]Brewhouse!$AS$105:$AS$112) -> 96.026661 | N26: 98
C27: 11.8 | D27: 11.77 | I27: GUINNESS | J27: =AVERAGE(I10:I17) -> 98.193577 | K27: =COUNTA([25]Brewhouse!$A$24:$A$31) -> 8 | L27: =AVERAGE([25]Brewhouse!$AU$24:$AU$31) -> 98.193577 | M27: =AVERAGE([25]Brewhouse!$AU$4:$AU$7,[25]Brewhouse!$AU$9:$AU$22,[25]Brewhouse!$AU$24:$AU$31) -> 96.826546 | N27: 98
C28: 11.8 | I28: VITAMALT | M28: =AVERAGE([26]Brewhouse!$AV$5:$AV$14,[26]Brewhouse!$AV$16:$AV$19) -> 98.230958 | N28: 98
C29: 11.8 | D29: 11.75 | I29: MAXIMALT | N29: 98
C30: 11.8 | I30: MACKESON | M30: =AVERAGE([27]Brewhouse!$AT$4:$AT$11) -> 94.812617 | N30: 98
C31: 11.6 | D31: 11.61 | I31: STARMALT | K31: =COUNTA([22]Brewhouse!$A$22:$A$29) -> 8 | L31: =AVERAGE([22]Brewhouse!$AY$22:$AY$29) -> 98.065834 | M31: =AVERAGE([22]Brewhouse!$AY$6:$AY$13,[22]Brewhouse!$AY$15:$AY$20,[22]Brewhouse!$AY$22:$AY$29) -> 95.660462 | N31: 98
C32: 11.8 | I32: HR- Pils | M32: =AVERAGE([28]Brewhouse!$AU$5:$AU$8) -> 91.006888 | N32: 98
I33: HR- IPA | N33: 98
I34: HR- APA | N34: 98
K35: =SUM(K25:K34) -> 47 | L35: =((L25*K25)+(L26*K26)+(L27*K27)+(L28*K28)+(L29*K29)+(K32*L32)+(L30*K30)+(L31*K31)+(L34*K34))/(K35) -> 98.780279 | M35: =AVERAGE('[29]Jan 31st'!$L$65,'[30]Feb 28th'!$L$35,L35) -> 96.741085 | N35: 98
J37: Daily Brewing Plan
J38: Brand | K38: Brews Achieved | L38: Average Brews per day
J39: CARIB | L39: MTD | M39: YTD | N39: TARGET
J40: STAG | L40: =AVERAGE('Mar. 3rd'!K80,'Mar. 4th'!K81,'Mar. 5th '!K50,'Mar. 6th'!K50,'Mar. 7th & 8th'!J52:K52,'Mar. 10th'!K49) -> 6.7142857 | M40: =AVERAGE('[29]Jan 29th '!$M$70,'[30]Feb 28th'!$L$40,L40) -> 6.7417582 | N40: 10
J41: GUINN | K41: =COUNTA(B10:B17) -> 8
J42: VITAMALT
J43: STARMALT
J44: MACKESON
J45: HURRICANE REEF- IPA
J46: HURRICANE REEF- APA
B47: AVERAGE | D47: =AVERAGE(D25:E46) -> 11.6825 | J47: HR- PILSNER
J48: CARIBE
J49: Total | K49: =SUM(K39:K48) -> 8
B50: Process: | C50: Fermentation/Filtration
B52: Brand | C52: Filt. Date | D52: FV Hls | E52: GFE/ Prim/ Vita Blend (Hls) | F52: SV Hls | G52: BBT Hls | H52: Loss (%) Ferm | I52: Loss (%) Filt | J52: Comments | K52: Throughput | L52: Process Loss (%) | M52: Filt. Operator
U53: 43466 | V53: 43467 | W53: 43468 | X53: 43469 | Y53: 43470 | Z53: 43471 | AA53: 43472 | AB53: 43473 | AC53: 43474 | AD53: 43475 | AE53: 43476 | AF53: 43477 | AG53: 43478 | AH53: 43479 | AI53: 43480 | AJ53: 43481 | AK53: 43482 | AL53: 43483 | AM53: 43484 | AN53: 43485 | AO53: 43486 | AP53: 43487 | AQ53: 43488 | AR53: 43489 | AS53: 43490 | AT53: 43491 | AU53: 43492 | AV53: 43493 | AW53: 43494 | AX53: 43495 | AY53: 43496
B54: =J39 -> CARIB | C54: 45726 | D54: =[31]March_2025!$M$3 -> 408.9 | F54: =SUM([32]CARIB!$L$14:$L$21) -> 399.3 | G54: =[31]March_2025!$M$7 -> 371.1 | H54: =(D54-F54)/D54*100 -> 2.3477623 | I54: =((F54+E54)-G54)/(F54+E54)*100 -> 7.0623591 | J54: 2 Break | K54: =[33]March_2025!$M$18 -> 0.463875 | L54: =(((D54+E54)-G54)/(D54+E54))*100 -> 9.244314 | M54: G. Mason | T54: hls
T55: Throughput | U55: =[20]January_2019!D8 -> #DIV/0! | V55: =[20]January_2019!E8 -> 1.0319298 | W55: =[20]January_2019!F8 -> 1.7789474 | X55: =[20]January_2019!G8 -> 0.51929825 | Y55: =[20]January_2019!H8 -> #DIV/0! | Z55: =[20]January_2019!I8 -> #DIV/0! | AA55: =[20]January_2019!J8 -> 1.3652632 | AB55: =[20]January_2019!K8 -> #DIV/0! | ... AY55: =[20]January_2019!AH8 -> #DIV/0!
B60: Process Loss (Volume) | G60: Process Loss (Extract) | K60: Throughput
B61: Brand | C61: Actual | D61: MTD | E61: YTD | F61: Target | G61: Actual | H61: MTD | I61: YTD | J61: Target | K61: Actual | L61: MTD | M61: YTD | N61: Target
B62: CARIB | D62: 8.4641806 | E62: 7.1447562 | F62: 4.8 | H62: 8.6800092 | I62: 7.5723309 | J62: 4.8 | L62: 0.7008125 | M62: 0.8243334 | N62: 1
B63: STAG | D63: 8.2188359 | E63: 6.9433565 | F63: 4.8 | H63: 9.4293876 | I63: 7.164301 | J63: 4.8 | L63: 0.687625 | M63: 0.70646973 | N63: 1
B64: GUINN | C64: =L54 -> 9.244314 | D64: 7.5445173 | E64: 12.682397 | F64: 5.5 | G64: =[31]March_2025!$M$11 -> 9.9815657 | H64: 8.3720218 | I64: 14.322774 | J64: 5.5 | K64: =K54 -> 0.463875 | L64: 0.9865 | M64: 0.568621 | N64: 1
B65: VITAMALT | E65: 3.9190537 | F65: 3.3 | I65: 5.3456617 | J65: 3.3 | M65: 0.78853801 | N65: 1
B66: MAXIMALT | F66: 3.3 | J66: 3 | N66: 1
B67: MACKESON | E67: 8.7664671 | F67: =[21]May_2022!$M$43 -> 3.4878407 | I67: 10.607236 | J67: 5.5 | M67: 0.66824561 | N67: 1
B68: STARMALT | D68: 3.2162296 | E68: 2.4833896 | F68: 3.3 | H68: 5.2379581 | I68: 4.728112 | J68: 3.3 | L68: 0.978 | M68: 0.83672897 | N68: 1
B69: HURRICANE REEF | F69: 7.5 | J69: 7.5 | N69: 1
B70: HURRICANE REEF PILS | E70: 4.8792509 | F70: 4.8 | I70: 6.2003724 | J70: 4.8 | M70: 0.33859649 | N70: 1
D71: 7.6333538 | E71: 7.142451 | F71: 4.5 | H71: 8.2232594 | I71: 7.9542902 | J71: 4.5 | L71: 0.767875 | M71: 0.75300415 | N71: 1
AD83: :

Sheet Mar. 11th
T1: P.G. | V1: Hot Time | X1: Process Time | Z1: Cooling Time
B2: Brewing Department Daily Process Loss Report | T2: Lower | U2: Upper | V2: Lower | W2: Upper | X2: Lower | Y2: Upper | Z2: Lower | AA2: Upper
S3: CARIB | T3: 11.6 | U3: 12 | V3: 0 | W3: 0.11805556 | X3: 0.22569444 | Y3: 0.26388889 | Z3: 0 | AA3: 60 | AC3: HR- PISNER
B4: Date: | J4: LOT WORT COLOUR: 3.6 | M4: Filter Sheets (Target 20 days) | S4: STAG | T4: 11.6 | U4: 12 | V4: 0 | W4: 0.11805556 | X4: 0.22569444 | Y4: 0.26388889 | Z4: 0 | AA4: 60
C5: 45728 | M5: Double | N5: Single | S5: GUINNESS | T5: 17 | U5: 17.5 | V5: 0 | W5: 0.10763889 | X5: 0.24652778 | Y5: 0.28472222 | Z5: 0 | AA5: 60
J6: MALT LOT: Lot 32 | L6: Sheet Day | M6: 22 | N6: 18 | S6: MACKESON | T6: 13.3 | U6: 13.5 | V6: 0 | W6: 0.12905093 | X6: 0.27430556 | Y6: 0.30208333 | Z6: 0
S7: STARMALT | T7: 17.1 | U7: 17.5 | V7: 0 | W7: 0.13605324 | X7: 0.27430556 | Y7: 0.30902778 | Z7: 0 | AA7: 60
B8: Brand | C8: Brew no. | D8: Kett. Hls | E8: Wort | F8: Cool Time(Mins) | G8: Cast. P.G. (Lab Result) | H8: Cast P.G. (Cellar Operator)-gravity | I8: Extr. Rec (80.9%) | J8: Theor. Extr. (77.5%) | K8: Boil Off /Vol. (4-6%) | L8: Boil Time | M8: Total Hot | N8: Brewing | O8: Operator | P8: Comments | Q8: Actual Pilsen Malt | S8: Hurricane Reef | T8: 16.6 | U8: 17 | V8: 0 | W8: 0.12905093 | X8: 0.27430556 | Y8: 0.30208333 | Z8: 0
E9: Meter (Hls) | F9: Target(< 60Mins) | M9: Time | S9: VITAMALT | T9: 14.4 | U9: 14.6 | V9: 0 | W9: 0.13905093 | X9: 0.26041667 | Y9: 0.29513889 | Z9: 0 | AA9: 75
B10: CARIB | C10: =[23]Brewhouse!$A278 -> CA175 | D10: =[23]Brewhouse!$AF278 -> 56.5 | E10: =[23]Brewhouse!$AI278 -> 54.8 | F10: =[23]Brewhouse!$V278 -> 74 | G10: =[23]Brewhouse!$AG278 -> 11.7 | H10: 11.8 | I10: =[23]Brewhouse!$AU278 -> 108.34535 | J10: =[23]Brewhouse!$AV278 -> 110.13427 | K10: =[23]Brewhouse!$Q278 -> 6.8173913 | L10: =[23]Brewhouse!$P278 -> 60 | M10: =[23]Brewhouse!$U278-[23]Brewhouse!$T278 -> 0.14513889 | N10: =[23]Brewhouse!$Z278 -> 0.29861111 | O10: =[23]Brewhouse!$AX278 -> R.Regis | P10: CIP whirlpool delay transfer from wort kettle | S10: =B10 -> CARIB | T10: =VLOOKUP($B10,$S$3:$Y$9,2,FALSE) -> 11.6 | U10: =VLOOKUP($B10,$S$3:$Y$9,3,FALSE) -> 12 | V10: =VLOOKUP($B10,$S$3:$Y$9,4,FALSE) -> 0 | W10: =VLOOKUP($B10,$S$3:$Y$9,5,FALSE) -> 0.11805556 | X10: =VLOOKUP($B10,$S$3:$Y$9,6,FALSE) -> 0.22569444 | Y10: =VLOOKUP($B10,$S$3:$Y$9,7,FALSE) -> 0.26388889 | Z10: =VLOOKUP($B10,$S$3:$AA$9,8,FALSE) -> 0 | AA10: =VLOOKUP($B10,$S$3:$AA$9,9,FALSE) -> 60
B11: CARIB | C11: =[23]Brewhouse!$A279 -> CA176 | D11: =[23]Brewhouse!$AF279 -> 54.4 | E11: =[23]Brewhouse!$AI279 -> 50.8 | F11: =[23]Brewhouse!$V279 -> 54 | G11: =[23]Brewhouse!$AG279 -> 11.73 | H11: 11.8 | I11: =[23]Brewhouse!$AU279 -> 97.455961 | J11: =[23]Brewhouse!$AV279 -> 99.067251 | K11: =[23]Brewhouse!$Q279 -> 6.7491166 | L11: =[23]Brewhouse!$P279 -> 59 | M11: =[23]Brewhouse!$U279-[23]Brewhouse!$T279 -> 0.10763889 | N11: =[23]Brewhouse!$Z279 -> 0.25625 | O11: =[23]Brewhouse!$AX279 -> R.Sookram | S11: =B11 -> CARIB | T11: =VLOOKUP($B11,$S$3:$Y$9,2,FALSE) -> 11.6 | U11: =VLOOKUP($B11,$S$3:$Y$9,3,FALSE) -> 12 | V11: =VLOOKUP($B11,$S$3:$Y$9,4,FALSE) -> 0 | W11: =VLOOKUP($B11,$S$3:$Y$9,5,FALSE) -> 0.11805556 | X11: =VLOOKUP($B11,$S$3:$Y$9,6,FALSE) -> 0.22569444 | Y11: =VLOOKUP($B11,$S$3:$Y$9,7,FALSE) -> 0.26388889 | Z11: =VLOOKUP($B11,$S$3:$AA$9,8,FALSE) -> 0 | AA11: =VLOOKUP($B11,$S$3:$AA$9,9,FALSE) -> 60
B12: CARIB | C12: =[23]Brewhouse!$A280 -> CA177 | D12: =[23]Brewhouse!$AF280 -> 53.3 | E12: =[23]Brewhouse!$AI280 -> 49.7 | F12: =[23]Brewhouse!$V280 -> 54 | G12: =[23]Brewhouse!$AG280 -> 11.84 | H12: 11.8 | I12: =[23]Brewhouse!$AU280 -> 96.084435 | J12: =[23]Brewhouse!$AV280 -> 97.673135 | K12: =[23]Brewhouse!$Q280 -> 5.7706093 | L12: =[23]Brewhouse!$P280 -> 57 | M12: =[23]Brewhouse!$U280-[23]Brewhouse!$T280 -> 0.10486111 | N12: =[23]Brewhouse!$Z280 -> 0.26041667 | O12: =[23]Brewhouse!$AX280 -> K.Benjamin | S12: =B12 -> CARIB | T12: =VLOOKUP($B12,$S$3:$Y$9,2,FALSE) -> 11.6 | U12: =VLOOKUP($B12,$S$3:$Y$9,3,FALSE) -> 12 | V12: =VLOOKUP($B12,$S$3:$Y$9,4,FALSE) -> 0 | W12: =VLOOKUP($B12,$S$3:$Y$9,5,FALSE) -> 0.11805556 | X12: =VLOOKUP($B12,$S$3:$Y$9,6,FALSE) -> 0.22569444 | Y12: =VLOOKUP($B12,$S$3:$Y$9,7,FALSE) -> 0.26388889 | Z12: =VLOOKUP($B12,$S$3:$AA$9,8,FALSE) -> 0 | AA12: =VLOOKUP($B12,$S$3:$AA$9,9,FALSE) -> 60
B13: CARIB | C13: =[23]Brewhouse!$A281 -> CA178 | D13: =[23]Brewhouse!$AF281 -> 54.5 | E13: =[23]Brewhouse!$AI281 -> 51 | F13: =[23]Brewhouse!$V281 -> 55 | G13: =[23]Brewhouse!$AG281 -> 11.77 | H13: 11.8 | I13: =[23]Brewhouse!$AU281 -> 98.233712 | J13: =[23]Brewhouse!$AV281 -> 99.858214 | K13: =[23]Brewhouse!$Q281 -> 6.0746004 | L13: =[23]Brewhouse!$P281 -> 59 | M13: =[23]Brewhouse!$U281-[23]Brewhouse!$T281 -> 0.11597222 | N13: =[23]Brewhouse!$Z281 -> 0.25138889 | O13: =[23]Brewhouse!$AX281 -> K.Benjamin | S13: =B13 -> CARIB | T13: =VLOOKUP($B13,$S$3:$Y$9,2,FALSE) -> 11.6 | U13: =VLOOKUP($B13,$S$3:$Y$9,3,FALSE) -> 12 | V13: =VLOOKUP($B13,$S$3:$Y$9,4,FALSE) -> 0 | W13: =VLOOKUP($B13,$S$3:$Y$9,5,FALSE) -> 0.11805556 | X13: =VLOOKUP($B13,$S$3:$Y$9,6,FALSE) -> 0.22569444 | Y13: =VLOOKUP($B13,$S$3:$Y$9,7,FALSE) -> 0.26388889 | Z13: =VLOOKUP($B13,$S$3:$AA$9,8,FALSE) -> 0 | AA13: =VLOOKUP($B13,$S$3:$AA$9,9,FALSE) -> 60
B14: CARIB | C14: =[23]Brewhouse!$A282 -> CA179 | D14: =[23]Brewhouse!$AF282 -> 54.1 | E14: =[23]Brewhouse!$AI282 -> 50.4 | F14: =[23]Brewhouse!$V282 -> 56 | G14: =[23]Brewhouse!$AG282 -> 11.98 | H14: 11.9 | I14: =[23]Brewhouse!$AU282 -> 98.243084 | J14: =[23]Brewhouse!$AV282 -> 99.801416 | K14: =[23]Brewhouse!$Q282 -> 5.1865009 | L14: =[23]Brewhouse!$P282 -> 60 | M14: =[23]Brewhouse!$U282-[23]Brewhouse!$T282 -> 0.10625 | N14: =[23]Brewhouse!$Z282 -> 0.24513889 | O14: =[23]Brewhouse!$AX282 -> R.Regis | S14: =B14 -> CARIB | T14: =VLOOKUP($B14,$S$3:$Y$9,2,FALSE) -> 11.6 | U14: =VLOOKUP($B14,$S$3:$Y$9,3,FALSE) -> 12 | V14: =VLOOKUP($B14,$S$3:$Y$9,4,FALSE) -> 0 | W14: =VLOOKUP($B14,$S$3:$Y$9,5,FALSE) -> 0.11805556 | X14: =VLOOKUP($B14,$S$3:$Y$9,6,FALSE) -> 0.22569444 | Y14: =VLOOKUP($B14,$S$3:$Y$9,7,FALSE) -> 0.26388889 | Z14: =VLOOKUP($B14,$S$3:$AA$9,8,FALSE) -> 0 | AA14: =VLOOKUP($B14,$S$3:$AA$9,9,FALSE) -> 60
B15: CARIB | C15: =[23]Brewhouse!$A283 -> CA180 | D15: =[23]Brewhouse!$AF283 -> 54.4 | E15: =[23]Brewhouse!$AI283 -> 50.8 | F15: =[23]Brewhouse!$V283 -> 58 | G15: =[23]Brewhouse!$AG283 -> 11.78 | H15: 11.8 | I15: =[23]Brewhouse!$AU283 -> 98.332507 | J15: =[23]Brewhouse!$AV283 -> 99.958289 | K15: =[23]Brewhouse!$Q283 -> 5.659051 | L15: =[23]Brewhouse!$P283 -> 60 | M15: =[23]Brewhouse!$U283-[23]Brewhouse!$T283 -> 0.10555556 | N15: =[23]Brewhouse!$Z283 -> 0.24791667 | O15: =[23]Brewhouse!$AX283 -> R.Regis | S15: =B15 -> CARIB | T15: =VLOOKUP($B15,$S$3:$Y$9,2,FALSE) -> 11.6 | U15: =VLOOKUP($B15,$S$3:$Y$9,3,FALSE) -> 12 | V15: =VLOOKUP($B15,$S$3:$Y$9,4,FALSE) -> 0 | W15: =VLOOKUP($B15,$S$3:$Y$9,5,FALSE) -> 0.11805556 | X15: =VLOOKUP($B15,$S$3:$Y$9,6,FALSE) -> 0.22569444 | Y15: =VLOOKUP($B15,$S$3:$Y$9,7,FALSE) -> 0.26388889 | Z15: =VLOOKUP($B15,$S$3:$AA$9,8,FALSE) -> 0 | AA15: =VLOOKUP($B15,$S$3:$AA$9,9,FALSE) -> 60
S16: =B16 -> 0 | T16: =VLOOKUP($B16,$S$3:$Y$9,2,FALSE) -> #N/A | U16: =VLOOKUP($B16,$S$3:$Y$9,3,FALSE) -> #N/A | V16: =VLOOKUP($B16,$S$3:$Y$9,4,FALSE) -> #N/A | W16: =VLOOKUP($B16,$S$3:$Y$9,5,FALSE) -> #N/A | X16: =VLOOKUP($B16,$S$3:$Y$9,6,FALSE) -> #N/A | Y16: =VLOOKUP($B16,$S$3:$Y$9,7,FALSE) -> #N/A | Z16: =VLOOKUP($B16,$S$3:$AA$9,8,FALSE) -> #N/A | AA16: =VLOOKUP($B16,$S$3:$AA$9,9,FALSE) -> #N/A
S17: =B17 -> 0 | T17: =VLOOKUP($B17,$S$3:$Y$9,2,FALSE) -> #N/A | U17: =VLOOKUP($B17,$S$3:$Y$9,3,FALSE) -> #N/A | V17: =VLOOKUP($B17,$S$3:$Y$9,4,FALSE) -> #N/A | W17: =VLOOKUP($B17,$S$3:$Y$9,5,FALSE) -> #N/A | X17: =VLOOKUP($B17,$S$3:$Y$9,6,FALSE) -> #N/A | Y17: =VLOOKUP($B17,$S$3:$Y$9,7,FALSE) -> #N/A | Z17: =VLOOKUP($B17,$S$3:$AA$9,8,FALSE) -> #N/A | AA17: =VLOOKUP($B17,$S$3:$AA$9,9,FALSE) -> #N/A
S18: =B18 -> 0 | T18: =VLOOKUP($B18,$S$3:$Y$9,2,FALSE) -> #N/A | U18: =VLOOKUP($B18,$S$3:$Y$9,3,FALSE) -> #N/A | V18: =VLOOKUP($B18,$S$3:$Y$9,4,FALSE) -> #N/A | W18: =VLOOKUP($B18,$S$3:$Y$9,5,FALSE) -> #N/A | X18: =VLOOKUP($B18,$S$3:$Y$9,6,FALSE) -> #N/A | Y18: =VLOOKUP($B18,$S$3:$Y$9,7,FALSE) -> #N/A | Z18: =VLOOKUP($B18,$S$3:$AA$9,8,FALSE) -> #N/A | AA18: =VLOOKUP($B18,$S$3:$AA$9,9,FALSE) -> #N/A
S19: =B19 -> 0 | T19: =VLOOKUP($B19,$S$3:$Y$9,2,FALSE) -> #N/A | U19: =VLOOKUP($B19,$S$3:$Y$9,3,FALSE) -> #N/A | V19: =VLOOKUP($B19,$S$3:$Y$9,4,FALSE) -> #N/A | W19: =VLOOKUP($B19,$S$3:$Y$9,5,FALSE) -> #N/A | X19: =VLOOKUP($B19,$S$3:$Y$9,6,FALSE) -> #N/A | Y19: =VLOOKUP($B19,$S$3:$Y$9,7,FALSE) -> #N/A | Z19: =VLOOKUP($B19,$S$3:$AA$9,8,FALSE) -> #N/A | AA19: =VLOOKUP($B19,$S$3:$AA$9,9,FALSE) -> #N/A
S20: =B20 -> 0 | T20: =VLOOKUP($B20,$S$3:$Y$9,2,FALSE) -> #N/A | U20: =VLOOKUP($B20,$S$3:$Y$9,3,FALSE) -> #N/A | V20: =VLOOKUP($B20,$S$3:$Y$9,4,FALSE) -> #N/A | W20: =VLOOKUP($B20,$S$3:$Y$9,5,FALSE) -> #N/A | X20: =VLOOKUP($B20,$S$3:$Y$9,6,FALSE) -> #N/A | Y20: =VLOOKUP($B20,$S$3:$Y$9,7,FALSE) -> #N/A | Z20: =VLOOKUP($B20,$S$3:$AA$9,8,FALSE) -> #N/A | AA20: =VLOOKUP($B20,$S$3:$AA$9,9,FALSE) -> #N/A
S21: =B21 -> 0 | T21: =VLOOKUP($B21,$S$3:$Y$9,2,FALSE) -> #N/A | U21: =VLOOKUP($B21,$S$3:$Y$9,3,FALSE) -> #N/A | V21: =VLOOKUP($B21,$S$3:$Y$9,4,FALSE) -> #N/A | W21: =VLOOKUP($B21,$S$3:$Y$9,5,FALSE) -> #N/A | X21: =VLOOKUP($B21,$S$3:$Y$9,6,FALSE) -> #N/A | Y21: =VLOOKUP($B21,$S$3:$Y$9,7,FALSE) -> #N/A | Z21: =VLOOKUP($B21,$S$3:$AA$9,8,FALSE) -> #N/A | AA21: =VLOOKUP($B21,$S$3:$AA$9,9,FALSE) -> #N/A
S22: =B22 -> 0 | T22: =VLOOKUP($B22,$S$3:$Y$9,2,FALSE) -> #N/A | U22: =VLOOKUP($B22,$S$3:$Y$9,3,FALSE) -> #N/A | V22: =VLOOKUP($B22,$S$3:$Y$9,4,FALSE) -> #N/A | W22: =VLOOKUP($B22,$S$3:$Y$9,5,FALSE) -> #N/A | X22: =VLOOKUP($B22,$S$3:$Y$9,6,FALSE) -> #N/A | Y22: =VLOOKUP($B22,$S$3:$Y$9,7,FALSE) -> #N/A | Z22: =VLOOKUP($B22,$S$3:$AA$9,8,FALSE) -> #N/A | AA22: =VLOOKUP($B22,$S$3:$AA$9,9,FALSE) -> #N/A
I23: EXTRACT RECOVERY
B24: BRAND | D24: BBT P.G./ O.G | I24: Brand | J24: Actual | K24: MTD No. of Brews | L24: MTD | M24: YTD | N24: Target
B25: STARMALT | C25: {=[22]Process!$D$25:$D$28} -> 17.73 | D25: 17.22 | I25: CARIB | J25: =AVERAGE(I10:I15) -> 99.449175 | K25: =COUNTA([23]Brewhouse!$A$255:$A$283) -> 29 | L25: =AVERAGE([23]Brewhouse!$AU$255:$AU$283) -> 99.616153 | M25: =AVERAGE([23]Brewhouse!$AU$102:$AU$171,[23]Brewhouse!$AU$173:$AU$253,[23]Brewhouse!$AU$255:$AU$283) -> 96.252967 | N25: 98
C26: 17.26 | I26: STAG | K26: =COUNTA([24]Brewhouse!$A$105:$A$112) -> 8 | L26: =AVERAGE([24]Brewhouse!$AS$105:$AS$112) -> 97.553056 | M26: =AVERAGE([24]Brewhouse!$AS$15:$AS$64,[24]Brewhouse!$AS$66:$AS$103,[24]Brewhouse!$AS$105:$AS$112) -> 96.026661 | N26: 98
C27: 17.4 | D27: 17.16 | I27: GUINNESS | K27: =COUNTA([25]Brewhouse!$A$24:$A$31) -> 8 | L27: =AVERAGE([25]Brewhouse!$AU$24:$AU$31) -> 98.193577 | M27: =AVERAGE([25]Brewhouse!$AU$4:$AU$7,[25]Brewhouse!$AU$9:$AU$22,[25]Brewhouse!$AU$24:$AU$31) -> 96.826546 | N27: 98
C28: 17.48 | I28: VITAMALT | M28: =AVERAGE([26]Brewhouse!$AV$5:$AV$14,[26]Brewhouse!$AV$16:$AV$19) -> 98.230958 | N28: 98
I29: MAXIMALT | N29: 98
I30: MACKESON | M30: =AVERAGE([27]Brewhouse!$AT$4:$AT$11) -> 94.812617 | N30: 98
I31: STARMALT | K31: =COUNTA([22]Brewhouse!$A$22:$A$29) -> 8 | L31: =AVERAGE([22]Brewhouse!$AY$22:$AY$29) -> 98.065834 | M31: =AVERAGE([22]Brewhouse!$AY$6:$AY$13,[22]Brewhouse!$AY$15:$AY$20,[22]Brewhouse!$AY$22:$AY$29) -> 95.660462 | N31: 98
I32: HR- Pils | M32: =AVERAGE([28]Brewhouse!$AU$5:$AU$8) -> 91.006888 | N32: 98
I33: HR- IPA | N33: 98
I34: HR- APA | N34: 98
K35: =SUM(K25:K34) -> 53 | L35: =((L25*K25)+(L26*K26)+(L27*K27)+(L28*K28)+(L29*K29)+(K32*L32)+(L30*K30)+(L31*K31)+(L34*K34))/(K35) -> 98.856003 | M35: =AVERAGE('[29]Jan 31st'!$L$65,'[30]Feb 28th'!$L$35,L35) -> 96.766327 | N35: 98
J37: Daily Brewing Plan
J38: Brand | K38: Brews Achieved | L38: Average Brews per day
J39: CARIB | K39: =COUNTA(B10:B15) -> 6 | L39: MTD | M39: YTD | N39: TARGET
J40: STAG | L40: =AVERAGE('Mar. 3rd'!K80,'Mar. 4th'!K81,'Mar. 5th '!K50,'Mar. 6th'!K50,'Mar. 7th & 8th'!J52:K52,'Mar. 10th'!K49,'Mar. 11th'!K49) -> 6.625 | M40: =AVERAGE('[29]Jan 29th '!$M$70,'[30]Feb 28th'!$L$40,L40) -> 6.7119963 | N40: 10
J41: GUINN
J42: VITAMALT
J43: STARMALT
J44: MACKESON
J45: HURRICANE REEF- IPA
J46: HURRICANE REEF- APA
B47: AVERAGE | D47: =AVERAGE(D25:E46) -> 17.19 | J47: HR- PILSNER
J48: CARIBE
J49: Total | K49: =SUM(K39:K48) -> 6
B50: Process: | C50: Fermentation/Filtration
B52: Brand | C52: Filt. Date | D52: FV Hls | E52: GFE/ Prim/ Vita Blend (Hls) | F52: SV Hls | G52: BBT Hls | H52: Loss (%) Ferm | I52: Loss (%) Filt | J52: Comments | K52: Throughput | L52: Process Loss (%) | M52: Filt. Operator
U53: 43466 | V53: 43467 | W53: 43468 | X53: 43469 | Y53: 43470 | Z53: 43471 | AA53: 43472 | AB53: 43473 | AC53: 43474 | AD53: 43475 | AE53: 43476 | AF53: 43477 | AG53: 43478 | AH53: 43479 | AI53: 43480 | AJ53: 43481 | AK53: 43482 | AL53: 43483 | AM53: 43484 | AN53: 43485 | AO53: 43486 | AP53: 43487 | AQ53: 43488 | AR53: 43489 | AS53: 43490 | AT53: 43491 | AU53: 43492 | AV53: 43493 | AW53: 43494 | AX53: 43495 | AY53: 43496
B54: =J43 -> STARMALT | C54: 45727 | D54: =[31]March_2025!$N$55 -> 206.1 | G54: =[31]March_2025!$N$59 -> 200.1 | J54: No Break | K54: =[33]March_2025!$N$53 -> 1.0005 | L54: =(((D54+E54)-G54)/(D54+E54))*100 -> 2.9112082 | M54: T. Charles | T54: hls
T55: Throughput | U55: =[20]January_2019!D8 -> #DIV/0! | V55: =[20]January_2019!E8 -> 1.0319298 | W55: =[20]January_2019!F8 -> 1.7789474 | X55: =[20]January_2019!G8 -> 0.51929825 | Y55: =[20]January_2019!H8 -> #DIV/0! | Z55: =[20]January_2019!I8 -> #DIV/0! | AA55: =[20]January_2019!J8 -> 1.3652632 | AB55: =[20]January_2019!K8 -> #DIV/0! | ... AY55: =[20]January_2019!AH8 -> #DIV/0!
B60: Process Loss (Volume) | G60: Process Loss (Extract) | K60: Throughput
B61: Brand | C61: Actual | D61: MTD | E61: YTD | F61: Target | G61: Actual | H61: MTD | I61: YTD | J61: Target | K61: Actual | L61: MTD | M61: YTD | N61: Target
B62: CARIB | D62: 8.4641806 | E62: 7.1447562 | F62: 4.8 | H62: 8.6800092 | I62: 7.5723309 | J62: 4.8 | L62: 0.7008125 | M62: 0.8243334 | N62: 1
B63: STAG | D63: 8.2188359 | E63: 6.9433565 | F63: 4.8 | H63: 9.4293876 | I63: 7.164301 | J63: 4.8 | L63: 0.687625 | M63: 0.70646973 | N63: 1
B64: GUINN | D64: 7.5445173 | E64: 12.682397 | F64: 5.5 | H64: 8.3720218 | I64: 14.322774 | J64: 5.5 | L64: 0.9865 | M64: 0.568621 | N64: 1
B65: VITAMALT | E65: 3.9190537 | F65: 3.3 | I65: 5.3456617 | J65: 3.3 | M65: 0.78853801 | N65: 1
B66: MAXIMALT | F66: 3.3 | J66: 3 | N66: 1
B67: MACKESON | E67: 8.7664671 | F67: =[21]May_2022!$M$43 -> 3.4878407 | I67: 10.607236 | J67: 5.5 | M67: 0.66824561 | N67: 1
B68: STARMALT | C68: =L54 -> 2.9112082 | D68: 3.0622244 | E68: 2.5618217 | F68: 3.3 | G68: =[31]March_2025!$N$63 -> 4.5735096 | H68: 4.9023005 | I68: 4.6996399 | J68: 3.3 | K68: =K54 -> 1.0005 | L68: 0.98925 | M68: 0.86251969 | N68: 1
B69: HURRICANE REEF | F69: 7.5 | J69: 7.5 | N69: 1
B70: HURRICANE REEF PILS | E70: 4.8792509 | F70: 4.8 | I70: 6.2003724 | J70: 4.8 | M70: 0.33859649 | N70: 1
D71: 7.1035872 | E71: 7.0886515 | F71: 4.5 | H71: 7.6983127 | I71: 7.8953651 | J71: 4.5 | L71: 0.79372222 | M71: 0.75590563 | N71: 1
AD83: :

Sheet Mar. 12th
T1: P.G. | V1: Hot Time | X1: Process Time | Z1: Cooling Time
B2: Brewing Department Daily Process Loss Report | T2: Lower | U2: Upper | V2: Lower | W2: Upper | X2: Lower | Y2: Upper | Z2: Lower | AA2: Upper
S3: CARIB | T3: 11.6 | U3: 12 | V3: 0 | W3: 0.11805556 | X3: 0.22569444 | Y3: 0.26388889 | Z3: 0 | AA3: 60 | AC3: HR- PISNER
B4: Date: | J4: LOT WORT COLOUR: 3.6 | M4: Filter Sheets (Target 20 days) | S4: STAG | T4: 11.6 | U4: 12 | V4: 0 | W4: 0.11805556 | X4: 0.22569444 | Y4: 0.26388889 | Z4: 0 | AA4: 60
C5: 45729 | M5: Double | N5: Single | S5: GUINNESS | T5: 17 | U5: 17.5 | V5: 0 | W5: 0.10763889 | X5: 0.24652778 | Y5: 0.28472222 | Z5: 0 | AA5: 60
J6: MALT LOT: Lot 32 | L6: Sheet Day | M6: 22 | N6: 18 | S6: MACKESON | T6: 13.3 | U6: 13.5 | V6: 0 | W6: 0.12905093 | X6: 0.27430556 | Y6: 0.30208333 | Z6: 0
S7: STARMALT | T7: 17.1 | U7: 17.5 | V7: 0 | W7: 0.13605324 | X7: 0.27430556 | Y7: 0.30902778 | Z7: 0 | AA7: 60
B8: Brand | C8: Brew no. | D8: Kett. Hls | E8: Wort | F8: Cool Time(Mins) | G8: Cast. P.G. (Lab Result) | H8: Cast P.G. (Cellar Operator)-gravity | I8: Extr. Rec (80.9%) | J8: Theor. Extr. (77.5%) | K8: Boil Off /Vol. (4-6%) | L8: Boil Time | M8: Total Hot | N8: Brewing | O8: Operator | P8: Comments | Q8: Actual Pilsen Malt | S8: Hurricane Reef | T8: 16.6 | U8: 17 | V8: 0 | W8: 0.12905093 | X8: 0.27430556 | Y8: 0.30208333 | Z8: 0
E9: Meter (Hls) | F9: Target(< 60Mins) | M9: Time | S9: VITAMALT | T9: 14.4 | U9: 14.6 | V9: 0 | W9: 0.13905093 | X9: 0.26041667 | Y9: 0.29513889 | Z9: 0 | AA9: 75
B10: CARIB | C10: =[23]Brewhouse!$A284 -> CA181 | D10: =[23]Brewhouse!$AF284 -> 54.7 | E10: =[23]Brewhouse!$AI284 -> 48.6 | F10: =[23]Brewhouse!$V284 -> 61 | G10: =[23]Brewhouse!$AG284 -> 11.7 | H10: 11.7 | I10: =[23]Brewhouse!$AU284 -> 92.662463 | J10: =[23]Brewhouse!$AV284 -> 94.194915 | K10: =[23]Brewhouse!$Q284 -> 4.460177 | L10: =[23]Brewhouse!$P284 -> 57 | M10: =[23]Brewhouse!$U284-[23]Brewhouse!$T284 -> 0.10902778 | N10: =[23]Brewhouse!$Z284 -> 0.27083333 | O10: =[23]Brewhouse!$AX284 -> R.Sookram | S10: =B10 -> CARIB | T10: =VLOOKUP($B10,$S$3:$Y$9,2,FALSE) -> 11.6 | U10: =VLOOKUP($B10,$S$3:$Y$9,3,FALSE) -> 12 | V10: =VLOOKUP($B10,$S$3:$Y$9,4,FALSE) -> 0 | W10: =VLOOKUP($B10,$S$3:$Y$9,5,FALSE) -> 0.11805556 | X10: =VLOOKUP($B10,$S$3:$Y$9,6,FALSE) -> 0.22569444 | Y10: =VLOOKUP($B10,$S$3:$Y$9,7,FALSE) -> 0.26388889 | Z10: =VLOOKUP($B10,$S$3:$AA$9,8,FALSE) -> 0 | AA10: =VLOOKUP($B10,$S$3:$AA$9,9,FALSE) -> 60
B11: CARIB | C11: =[23]Brewhouse!$A285 -> CA182 | D11: =[23]Brewhouse!$AF285 -> 55.2 | E11: =[23]Brewhouse!$AI285 -> 51.8 | F11: =[23]Brewhouse!$V285 -> 60 | G11: =[23]Brewhouse!$AG285 -> 11.5 | I11: =[23]Brewhouse!$AU285 -> 97.346014 | J11: =[23]Brewhouse!$AV285 -> 98.955662 | K11: =[23]Brewhouse!$Q285 -> 4.2530756 | L11: =[23]Brewhouse!$P285 -> 59 | M11: =[23]Brewhouse!$U285-[23]Brewhouse!$T285 -> 0.10416667 | N11: =[23]Brewhouse!$Z285 -> 0.27222222 | O11: =[23]Brewhouse!$AX285 -> R.Sookram | S11: =B11 -> CARIB | T11: =VLOOKUP($B11,$S$3:$Y$9,2,FALSE) -> 11.6 | U11: =VLOOKUP($B11,$S$3:$Y$9,3,FALSE) -> 12 | V11: =VLOOKUP($B11,$S$3:$Y$9,4,FALSE) -> 0 | W11: =VLOOKUP($B11,$S$3:$Y$9,5,FALSE) -> 0.11805556 | X11: =VLOOKUP($B11,$S$3:$Y$9,6,FALSE) -> 0.22569444 | Y11: =VLOOKUP($B11,$S$3:$Y$9,7,FALSE) -> 0.26388889 | Z11: =VLOOKUP($B11,$S$3:$AA$9,8,FALSE) -> 0 | AA11: =VLOOKUP($B11,$S$3:$AA$9,9,FALSE) -> 60
B12: CARIB | C12: =[23]Brewhouse!$A286 -> CA183 | D12: =[23]Brewhouse!$AF286 -> 54.4 | E12: =[23]Brewhouse!$AI286 -> 51.4 | F12: =[23]Brewhouse!$V286 -> 71 | G12: =[23]Brewhouse!$AG286 -> 11.8 | I12: =[23]Brewhouse!$AU286 -> 98.678865 | J12: =[23]Brewhouse!$AV286 -> 100.24377 | K12: =[23]Brewhouse!$Q286 -> 0.22641509 | L12: =[23]Brewhouse!$P286 -> 60 | M12: =[23]Brewhouse!$U286-[23]Brewhouse!$T286 -> 0.14861111 | N12: =[23]Brewhouse!$Z286 -> 0.29305556 | O12: =[23]Brewhouse!$AX286 -> K.Benjamin | S12: =B12 -> CARIB | T12: =VLOOKUP($B12,$S$3:$Y$9,2,FALSE) -> 11.6 | U12: =VLOOKUP($B12,$S$3:$Y$9,3,FALSE) -> 12 | V12: =VLOOKUP($B12,$S$3:$Y$9,4,FALSE) -> 0 | W12: =VLOOKUP($B12,$S$3:$Y$9,5,FALSE) -> 0.11805556 | X12: =VLOOKUP($B12,$S$3:$Y$9,6,FALSE) -> 0.22569444 | Y12: =VLOOKUP($B12,$S$3:$Y$9,7,FALSE) -> 0.26388889 | Z12: =VLOOKUP($B12,$S$3:$AA$9,8,FALSE) -> 0 | AA12: =VLOOKUP($B12,$S$3:$AA$9,9,FALSE) -> 60
S13: =B13 -> 0 | T13: =VLOOKUP($B13,$S$3:$Y$9,2,FALSE) -> #N/A | U13: =VLOOKUP($B13,$S$3:$Y$9,3,FALSE) -> #N/A | V13: =VLOOKUP($B13,$S$3:$Y$9,4,FALSE) -> #N/A | W13: =VLOOKUP($B13,$S$3:$Y$9,5,FALSE) -> #N/A | X13: =VLOOKUP($B13,$S$3:$Y$9,6,FALSE) -> #N/A | Y13: =VLOOKUP($B13,$S$3:$Y$9,7,FALSE) -> #N/A | Z13: =VLOOKUP($B13,$S$3:$AA$9,8,FALSE) -> #N/A | AA13: =VLOOKUP($B13,$S$3:$AA$9,9,FALSE) -> #N/A
B14: STAG | C14: =[24]Brewhouse!$A113 -> ST097 | D14: =[24]Brewhouse!$AD113 -> 54.3 | E14: =[24]Brewhouse!$AG113 -> 49.7 | F14: =[24]Brewhouse!$V113 -> 54 | G14: =[24]Brewhouse!$AE113 -> 12 | I14: =[24]Brewhouse!$AS113 -> 99.065889 | J14: =[24]Brewhouse!$AT113 -> 100.42198 | K14: =[24]Brewhouse!$Q113 -> 9.3639576 | L14: =[24]Brewhouse!$P113 -> 62 | M14: =[24]Brewhouse!$U113-[24]Brewhouse!$T113 -> 0.11736111 | N14: =[24]Brewhouse!$AW113 -> 0.27777778 | O14: =[24]Brewhouse!$AV113 -> K. Benjamin | S14: =B14 -> STAG | T14: =VLOOKUP($B14,$S$3:$Y$9,2,FALSE) -> 11.6 | U14: =VLOOKUP($B14,$S$3:$Y$9,3,FALSE) -> 12 | V14: =VLOOKUP($B14,$S$3:$Y$9,4,FALSE) -> 0 | W14: =VLOOKUP($B14,$S$3:$Y$9,5,FALSE) -> 0.11805556 | X14: =VLOOKUP($B14,$S$3:$Y$9,6,FALSE) -> 0.22569444 | Y14: =VLOOKUP($B14,$S$3:$Y$9,7,FALSE) -> 0.26388889 | Z14: =VLOOKUP($B14,$S$3:$AA$9,8,FALSE) -> 0 | AA14: =VLOOKUP($B14,$S$3:$AA$9,9,FALSE) -> 60
B15: STAG | C15: =[24]Brewhouse!$A114 -> ST098 | D15: =[24]Brewhouse!$AD114 -> 54.4 | E15: =[24]Brewhouse!$AG114 -> 50.6 | F15: =[24]Brewhouse!$V114 -> 55 | G15: =[24]Brewhouse!$AE114 -> 11.86 | H15: 11.9 | I15: =[24]Brewhouse!$AS114 -> 99.602655 | J15: =[24]Brewhouse!$AT114 -> 100.96742 | K15: =[24]Brewhouse!$Q114 -> 3.5447761 | L15: =[24]Brewhouse!$P114 -> 59 | M15: =[24]Brewhouse!$U114-[24]Brewhouse!$T114 -> 0.11041667 | N15: =[24]Brewhouse!$AW114 -> 0.24930556 | O15: =[24]Brewhouse!$AV114 -> K. Benjamin | S15: =B15 -> STAG | T15: =VLOOKUP($B15,$S$3:$Y$9,2,FALSE) -> 11.6 | U15: =VLOOKUP($B15,$S$3:$Y$9,3,FALSE) -> 12 | V15: =VLOOKUP($B15,$S$3:$Y$9,4,FALSE) -> 0 | W15: =VLOOKUP($B15,$S$3:$Y$9,5,FALSE) -> 0.11805556 | X15: =VLOOKUP($B15,$S$3:$Y$9,6,FALSE) -> 0.22569444 | Y15: =VLOOKUP($B15,$S$3:$Y$9,7,FALSE) -> 0.26388889 | Z15: =VLOOKUP($B15,$S$3:$AA$9,8,FALSE) -> 0 | AA15: =VLOOKUP($B15,$S$3:$AA$9,9,FALSE) -> 60
B16: STAG | C16: =[24]Brewhouse!$A115 -> ST099 | D16: =[24]Brewhouse!$AD115 -> 54.3 | E16: =[24]Brewhouse!$AG115 -> 50.7 | F16: =[24]Brewhouse!$V115 -> 58 | G16: =[24]Brewhouse!$AE115 -> 11.75 | H16: 11.7 | I16: =[24]Brewhouse!$AS115 -> 99.16495 | J16: =[24]Brewhouse!$AT115 -> 100.52283 | K16: =[24]Brewhouse!$Q115 -> 5.9566787 | L16: =[24]Brewhouse!$P115 -> 60 | M16: =[24]Brewhouse!$U115-[24]Brewhouse!$T115 -> 0.10625 | N16: =[24]Brewhouse!$AW115 -> 0.24513889 | O16: =[24]Brewhouse!$AV115 -> R. Regis | S16: =B16 -> STAG | T16: =VLOOKUP($B16,$S$3:$Y$9,2,FALSE) -> 11.6 | U16: =VLOOKUP($B16,$S$3:$Y$9,3,FALSE) -> 12 | V16: =VLOOKUP($B16,$S$3:$Y$9,4,FALSE) -> 0 | W16: =VLOOKUP($B16,$S$3:$Y$9,5,FALSE) -> 0.11805556 | X16: =VLOOKUP($B16,$S$3:$Y$9,6,FALSE) -> 0.22569444 | Y16: =VLOOKUP($B16,$S$3:$Y$9,7,FALSE) -> 0.26388889 | Z16: =VLOOKUP($B16,$S$3:$AA$9,8,FALSE) -> 0 | AA16: =VLOOKUP($B16,$S$3:$AA$9,9,FALSE) -> 60
B17: STAG | C17: =[24]Brewhouse!$A116 -> ST100 | D17: =[24]Brewhouse!$AD116 -> 53.7 | E17: =[24]Brewhouse!$AG116 -> 50.3 | F17: =[24]Brewhouse!$V116 -> 61 | G17: =[24]Brewhouse!$AE116 -> 11.71 | H17: 11.7 | I17: =[24]Brewhouse!$AS116 -> 97.383901 | J17: =[24]Brewhouse!$AT116 -> 98.71783 | K17: =[24]Brewhouse!$Q116 -> 6.4102564 | L17: =[24]Brewhouse!$P116 -> 60 | M17: =[24]Brewhouse!$U116-[24]Brewhouse!$T116 -> 0.1125 | N17: =[24]Brewhouse!$AW116 -> 0.25486111 | O17: =[24]Brewhouse!$AV116 -> R. Regis | S17: =B17 -> STAG | T17: =VLOOKUP($B17,$S$3:$Y$9,2,FALSE) -> 11.6 | U17: =VLOOKUP($B17,$S$3:$Y$9,3,FALSE) -> 12 | V17: =VLOOKUP($B17,$S$3:$Y$9,4,FALSE) -> 0 | W17: =VLOOKUP($B17,$S$3:$Y$9,5,FALSE) -> 0.11805556 | X17: =VLOOKUP($B17,$S$3:$Y$9,6,FALSE) -> 0.22569444 | Y17: =VLOOKUP($B17,$S$3:$Y$9,7,FALSE) -> 0.26388889 | Z17: =VLOOKUP($B17,$S$3:$AA$9,8,FALSE) -> 0 | AA17: =VLOOKUP($B17,$S$3:$AA$9,9,FALSE) -> 60
S18: =B18 -> 0 | T18: =VLOOKUP($B18,$S$3:$Y$9,2,FALSE) -> #N/A | U18: =VLOOKUP($B18,$S$3:$Y$9,3,FALSE) -> #N/A | V18: =VLOOKUP($B18,$S$3:$Y$9,4,FALSE) -> #N/A | W18: =VLOOKUP($B18,$S$3:$Y$9,5,FALSE) -> #N/A | X18: =VLOOKUP($B18,$S$3:$Y$9,6,FALSE) -> #N/A | Y18: =VLOOKUP($B18,$S$3:$Y$9,7,FALSE) -> #N/A | Z18: =VLOOKUP($B18,$S$3:$AA$9,8,FALSE) -> #N/A | AA18: =VLOOKUP($B18,$S$3:$AA$9,9,FALSE) -> #N/A
S19: =B19 -> 0 | T19: =VLOOKUP($B19,$S$3:$Y$9,2,FALSE) -> #N/A | U19: =VLOOKUP($B19,$S$3:$Y$9,3,FALSE) -> #N/A | V19: =VLOOKUP($B19,$S$3:$Y$9,4,FALSE) -> #N/A | W19: =VLOOKUP($B19,$S$3:$Y$9,5,FALSE) -> #N/A | X19: =VLOOKUP($B19,$S$3:$Y$9,6,FALSE) -> #N/A | Y19: =VLOOKUP($B19,$S$3:$Y$9,7,FALSE) -> #N/A | Z19: =VLOOKUP($B19,$S$3:$AA$9,8,FALSE) -> #N/A | AA19: =VLOOKUP($B19,$S$3:$AA$9,9,FALSE) -> #N/A
S20: =B20 -> 0 | T20: =VLOOKUP($B20,$S$3:$Y$9,2,FALSE) -> #N/A | U20: =VLOOKUP($B20,$S$3:$Y$9,3,FALSE) -> #N/A | V20: =VLOOKUP($B20,$S$3:$Y$9,4,FALSE) -> #N/A | W20: =VLOOKUP($B20,$S$3:$Y$9,5,FALSE) -> #N/A | X20: =VLOOKUP($B20,$S$3:$Y$9,6,FALSE) -> #N/A | Y20: =VLOOKUP($B20,$S$3:$Y$9,7,FALSE) -> #N/A | Z20: =VLOOKUP($B20,$S$3:$AA$9,8,FALSE) -> #N/A | AA20: =VLOOKUP($B20,$S$3:$AA$9,9,FALSE) -> #N/A
I21: EXTRACT RECOVERY | S21: =B21 -> 0 | T21: =VLOOKUP($B21,$S$3:$Y$9,2,FALSE) -> #N/A | U21: =VLOOKUP($B21,$S$3:$Y$9,3,FALSE) -> #N/A | V21: =VLOOKUP($B21,$S$3:$Y$9,4,FALSE) -> #N/A | W21: =VLOOKUP($B21,$S$3:$Y$9,5,FALSE) -> #N/A | X21: =VLOOKUP($B21,$S$3:$Y$9,6,FALSE) -> #N/A | Y21: =VLOOKUP($B21,$S$3:$Y$9,7,FALSE) -> #N/A | Z21: =VLOOKUP($B21,$S$3:$AA$9,8,FALSE) -> #N/A | AA21: =VLOOKUP($B21,$S$3:$AA$9,9,FALSE) -> #N/A
B22: BRAND | D22: BBT P.G./ O.G | I22: Brand | J22: Actual | K22: MTD No. of Brews | L22: MTD | M22: YTD | N22: Target | S22: =B22 -> BRAND | T22: =VLOOKUP($B22,$S$3:$Y$9,2,FALSE) -> #N/A | U22: =VLOOKUP($B22,$S$3:$Y$9,3,FALSE) -> #N/A | V22: =VLOOKUP($B22,$S$3:$Y$9,4,FALSE) -> #N/A | W22: =VLOOKUP($B22,$S$3:$Y$9,5,FALSE) -> #N/A | X22: =VLOOKUP($B22,$S$3:$Y$9,6,FALSE) -> #N/A | Y22: =VLOOKUP($B22,$S$3:$Y$9,7,FALSE) -> #N/A | Z22: =VLOOKUP($B22,$S$3:$AA$9,8,FALSE) -> #N/A | AA22: =VLOOKUP($B22,$S$3:$AA$9,9,FALSE) -> #N/A
B23: CARIB | C23: {=[23]Process!$D$233:$D$236} -> 12 | D23: 11.89 | I23: CARIB | J23: =AVERAGE(I10:I12) -> 96.229114 | K23: =COUNTA([23]Brewhouse!$A$255:$A$286) -> 32 | L23: =AVERAGE([23]Brewhouse!$AU$255:$AU$286) -> 99.298618 | M23: =AVERAGE([23]Brewhouse!$AU$102:$AU$171,[23]Brewhouse!$AU$173:$AU$253,[23]Brewhouse!$AU$255:$AU$286) -> 96.252576 | N23: 98
C24: 11.7 | I24: STAG | J24: =AVERAGE(I14:I17) -> 98.804349 | K24: =COUNTA([24]Brewhouse!$A$105:$A$116) -> 12 | L24: =AVERAGE([24]Brewhouse!$AS$105:$AS$116) -> 97.970154 | M24: =AVERAGE([24]Brewhouse!$AS$15:$AS$64,[24]Brewhouse!$AS$66:$AS$103,[24]Brewhouse!$AS$105:$AS$116) -> 96.137768 | N24: 98
C25: 11.9 | D25: 11.71 | I25: GUINNESS | K25: =COUNTA([25]Brewhouse!$A$24:$A$31) -> 8 | L25: =AVERAGE([25]Brewhouse!$AU$24:$AU$31) -> 98.193577 | M25: =AVERAGE([25]Brewhouse!$AU$4:$AU$7,[25]Brewhouse!$AU$9:$AU$22,[25]Brewhouse!$AU$24:$AU$31) -> 96.826546 | N25: 98
C26: 11.7 | I26: VITAMALT | M26: =AVERAGE([26]Brewhouse!$AV$5:$AV$14,[26]Brewhouse!$AV$16:$AV$19) -> 98.230958 | N26: 98
C27: {=[23]Process!$D$239:$D$240} -> 11.8 | D27: 11.67 | I27: MAXIMALT | N27: 98
C28: 11.69 | I28: MACKESON | M28: =AVERAGE([27]Brewhouse!$AT$4:$AT$11) -> 94.812617 | N28: 98
I29: STARMALT | K29: =COUNTA([22]Brewhouse!$A$22:$A$29) -> 8 | L29: =AVERAGE([22]Brewhouse!$AY$22:$AY$29) -> 98.065834 | M29: =AVERAGE([22]Brewhouse!$AY$6:$AY$13,[22]Brewhouse!$AY$15:$AY$20,[22]Brewhouse!$AY$22:$AY$29) -> 95.660462 | N29: 98
I30: HR- Pils | M30: =AVERAGE([28]Brewhouse!$AU$5:$AU$8) -> 91.006888 | N30: 98
I31: HR- IPA | N31: 98
I32: HR- APA | N32: 98
K33: =SUM(K23:K32) -> 60 | L33: =((L23*K23)+(L24*K24)+(L25*K25)+(L26*K26)+(L27*K27)+(K30*L30)+(L28*K28)+(L29*K29)+(L32*K32))/(K33) -> 98.721215 | M33: =AVERAGE('[29]Jan 31st'!$L$65,'[30]Feb 28th'!$L$35,L33) -> 96.721397 | N33: 98
J35: Daily Brewing Plan
J36: Brand | K36: Brews Achieved | L36: Average Brews per day
J37: CARIB | K37: =COUNTA(B10:B12) -> 3 | L37: MTD | M37: YTD | N37: TARGET
J38: STAG | K38: =COUNTA(B14:B17) -> 4 | L38: =AVERAGE('Mar. 3rd'!K80,'Mar. 4th'!K81,'Mar. 5th '!K50,'Mar. 6th'!K50,'Mar. 7th & 8th'!J52:K52,'Mar. 10th'!K49,'Mar. 11th'!K49,'Mar. 12th'!K47) -> 6.6666667 | M38: =AVERAGE('[29]Jan 29th '!$M$70,'[30]Feb 28th'!$L$40,L38) -> 6.7258852 | N38: 10
J39: GUINN
J40: VITAMALT
J41: STARMALT
J42: MACKESON
J43: HURRICANE REEF- IPA
J44: HURRICANE REEF- APA
B45: AVERAGE | D45: =AVERAGE(D23:E44) -> 11.756667 | J45: HR- PILSNER
J46: CARIBE
J47: Total | K47: =SUM(K37:K46) -> 7
B48: Process: | C48: Fermentation/Filtration
B50: Brand | C50: Filt. Date | D50: FV Hls | E50: GFE/ Prim/ Vita Blend (Hls) | F50: SV Hls | G50: BBT Hls | H50: Loss (%) Ferm | I50: Loss (%) Filt | J50: Comments | K50: Throughput | L50: Process Loss (%) | M50: Filt. Operator
U51: 43466 | V51: 43467 | W51: 43468 | X51: 43469 | Y51: 43470 | Z51: 43471 | AA51: 43472 | AB51: 43473 | AC51: 43474 | AD51: 43475 | AE51: 43476 | AF51: 43477 | AG51: 43478 | AH51: 43479 | AI51: 43480 | AJ51: 43481 | AK51: 43482 | AL51: 43483 | AM51: 43484 | AN51: 43485 | AO51: 43486 | AP51: 43487 | AQ51: 43488 | AR51: 43489 | AS51: 43490 | AT51: 43491 | AU51: 43492 | AV51: 43493 | AW51: 43494 | AX51: 43495 | AY51: 43496
B52: =I23 -> CARIB | C52: 45728 | D52: =[31]March_2025!$O$3 -> 301.4 | F52: =SUM([32]CARIB!$L$30:$L$33,[32]CARIB!$L$36:$L$37) -> 296.49 | G52: =[31]March_2025!$O$7 -> 281 | H52: =(D52-F52)/D52*100 -> 1.6290644 | I52: =((F52+E52)-G52)/(F52+E52)*100 -> 5.2244595 | J52: No Break | K52: =[33]March_2025!$O$18 -> 0.93666667 | L52: =(((D52+E52)-G52)/(D52+E52))*100 -> 6.7684141 | M52: G. Mason | T52: hls
T53: Throughput | U53: =[20]January_2019!D8 -> #DIV/0! | V53: =[20]January_2019!E8 -> 1.0319298 | W53: =[20]January_2019!F8 -> 1.7789474 | X53: =[20]January_2019!G8 -> 0.51929825 | Y53: =[20]January_2019!H8 -> #DIV/0! | Z53: =[20]January_2019!I8 -> #DIV/0! | AA53: =[20]January_2019!J8 -> 1.3652632 | AB53: =[20]January_2019!K8 -> #DIV/0! | ... AY53: =[20]January_2019!AH8 -> #DIV/0!
B58: Process Loss (Volume) | G58: Process Loss (Extract) | K58: Throughput
B59: Brand | C59: Actual | D59: MTD | E59: YTD | F59: Target | G59: Actual | H59: MTD | I59: YTD | J59: Target | K59: Actual | L59: MTD | M59: YTD | N59: Target
B60: CARIB | C60: =L52 -> 6.7684141 | D60: 7.9258463 | E60: 7.1210354 | F60: 4.8 | G60: =[31]March_2025!$O$11 -> 7.0706234 | H60: 8.1660076 | I60: 7.5442532 | J60: 4.8 | K60: =K52 -> 0.93666667 | L60: 0.76595455 | M60: 0.82845855 | N60: 1
B61: STAG | D61: 8.2188359 | E61: 6.9433565 | F61: 4.8 | H61: 9.4293876 | I61: 7.164301 | J61: 4.8 | L61: 0.687625 | M61: 0.70646973 | N61: 1
B62: GUINN | D62: 7.5445173 | E62: 12.682397 | F62: 5.5 | H62: 8.3720218 | I62: 14.322774 | J62: 5.5 | L62: 0.9865 | M62: 0.568621 | N62: 1
B63: VITAMALT | E63: 3.9190537 | F63: 3.3 | I63: 5.3456617 | J63: 3.3 | M63: 0.78853801 | N63: 1
B64: MAXIMALT | F64: 3.3 | J64: 3 | N64: 1
B65: MACKESON | E65: 8.7664671 | F65: =[21]May_2022!$M$43 -> 3.4878407 | I65: 10.607236 | J65: 5.5 | M65: 0.66824561 | N65: 1
B66: STARMALT | D66: 3.0622244 | E66: 2.5618217 | F66: 3.3 | H66: 4.9023005 | I66: 4.6996399 | J66: 3.3 | L66: 0.98925 | M66: 0.86251969 | N66: 1
B67: HURRICANE REEF | F67: 7.5 | J67: 7.5 | N67: 1
B68: HURRICANE REEF PILS | E68: 4.8792509 | F68: 4.8 | I68: 6.2003724 | J68: 4.8 | M68: 0.33859649 | N68: 1
D69: 7.0142623 | E69: 7.0773547 | F69: 4.5 | H69: 7.5854779 | I69: 7.8767893 | J69: 4.5 | L69: 0.81457143 | M69: 0.75908122 | N69: 1
AD81: :

Sheet Mar. 13th
T1: P.G. | V1: Hot Time | X1: Process Time | Z1: Cooling Time
B2: Brewing Department Daily Process Loss Report | T2: Lower | U2: Upper | V2: Lower | W2: Upper | X2: Lower | Y2: Upper | Z2: Lower | AA2: Upper
S3: CARIB | T3: 11.6 | U3: 12 | V3: 0 | W3: 0.11805556 | X3: 0.22569444 | Y3: 0.26388889 | Z3: 0 | AA3: 60 | AC3: HR- PISNER
B4: Date: | J4: LOT WORT COLOUR: 3.6 | M4: Filter Sheets (Target 20 days) | S4: STAG | T4: 11.6 | U4: 12 | V4: 0 | W4: 0.11805556 | X4: 0.22569444 | Y4: 0.26388889 | Z4: 0 | AA4: 60
C5: 45730 | M5: Double | N5: Single | S5: GUINNESS | T5: 17 | U5: 17.5 | V5: 0 | W5: 0.10763889 | X5: 0.24652778 | Y5: 0.28472222 | Z5: 0 | AA5: 60
J6: MALT LOT: Lot 32 | L6: Sheet Day | M6: 22 | N6: 18 | S6: MACKESON | T6: 13.3 | U6: 13.5 | V6: 0 | W6: 0.12905093 | X6: 0.27430556 | Y6: 0.30208333 | Z6: 0
S7: STARMALT | T7: 17.1 | U7: 17.5 | V7: 0 | W7: 0.13605324 | X7: 0.27430556 | Y7: 0.30902778 | Z7: 0 | AA7: 60
B8: Brand | C8: Brew no. | D8: Kett. Hls | E8: Wort | F8: Cool Time(Mins) | G8: Cast. P.G. (Lab Result) | H8: Cast P.G. (Cellar Operator)-gravity | I8: Extr. Rec (80.9%) | J8: Theor. Extr. (77.5%) | K8: Boil Off /Vol. (4-6%) | L8: Boil Time | M8: Total Hot | N8: Brewing | O8: Operator | P8: Comments | Q8: Actual Pilsen Malt | S8: Hurricane Reef | T8: 16.6 | U8: 17 | V8: 0 | W8: 0.12905093 | X8: 0.27430556 | Y8: 0.30208333 | Z8: 0
E9: Meter (Hls) | F9: Target(< 60Mins) | M9: Time | S9: VITAMALT | T9: 14.4 | U9: 14.6 | V9: 0 | W9: 0.13905093 | X9: 0.26041667 | Y9: 0.29513889 | Z9: 0 | AA9: 75
B10: STAG | C10: =[24]Brewhouse!$A117 -> ST101 | D10: =[24]Brewhouse!$AD117 -> 54.1 | E10: =[24]Brewhouse!$AG117 -> 50.7 | F10: =[24]Brewhouse!$V117 -> 61 | G10: =[24]Brewhouse!$AE117 -> 11.71 | H10: 11.7 | I10: =[24]Brewhouse!$AS117 -> 97.938472 | J10: =[24]Brewhouse!$AT117 -> 99.25598 | K10: =[24]Brewhouse!$Q117 -> 5.6776557 | L10: =[24]Brewhouse!$P117 -> 59 | M10: =[24]Brewhouse!$U117-[24]Brewhouse!$T117 -> 0.11527778 | N10: =[24]Brewhouse!$AW117 -> 0.25486111 | O10: =[24]Brewhouse!$AV117 -> R. Regis | S10: =B10 -> STAG | T10: =VLOOKUP($B10,$S$3:$Y$9,2,FALSE) -> 11.6 | U10: =VLOOKUP($B10,$S$3:$Y$9,3,FALSE) -> 12 | V10: =VLOOKUP($B10,$S$3:$Y$9,4,FALSE) -> 0 | W10: =VLOOKUP($B10,$S$3:$Y$9,5,FALSE) -> 0.11805556 | X10: =VLOOKUP($B10,$S$3:$Y$9,6,FALSE) -> 0.22569444 | Y10: =VLOOKUP($B10,$S$3:$Y$9,7,FALSE) -> 0.26388889 | Z10: =VLOOKUP($B10,$S$3:$AA$9,8,FALSE) -> 0 | AA10: =VLOOKUP($B10,$S$3:$AA$9,9,FALSE) -> 60
B11: STAG | C11: =[24]Brewhouse!$A118 -> ST102 | D11: =[24]Brewhouse!$AD118 -> 55.8 | E11: =[24]Brewhouse!$AG118 -> 52.4 | F11: =[24]Brewhouse!$V118 -> 65 | G11: =[24]Brewhouse!$AE118 -> 11.77 | H11: 11.8 | I11: =[24]Brewhouse!$AS118 -> 102.00584 | J11: =[24]Brewhouse!$AT118 -> 103.37851 | K11: =[24]Brewhouse!$Q118 -> 4.3956044 | L11: =[24]Brewhouse!$P118 -> 57 | M11: =[24]Brewhouse!$U118-[24]Brewhouse!$T118 -> 0.11041667 | N11: =[24]Brewhouse!$AW118 -> 0.25347222 | O11: =[24]Brewhouse!$AV118 -> R.Sookram | S11: =B11 -> STAG | T11: =VLOOKUP($B11,$S$3:$Y$9,2,FALSE) -> 11.6 | U11: =VLOOKUP($B11,$S$3:$Y$9,3,FALSE) -> 12 | V11: =VLOOKUP($B11,$S$3:$Y$9,4,FALSE) -> 0 | W11: =VLOOKUP($B11,$S$3:$Y$9,5,FALSE) -> 0.11805556 | X11: =VLOOKUP($B11,$S$3:$Y$9,6,FALSE) -> 0.22569444 | Y11: =VLOOKUP($B11,$S$3:$Y$9,7,FALSE) -> 0.26388889 | Z11: =VLOOKUP($B11,$S$3:$AA$9,8,FALSE) -> 0 | AA11: =VLOOKUP($B11,$S$3:$AA$9,9,FALSE) -> 60
B12: STAG | C12: =[24]Brewhouse!$A119 -> ST103 | D12: =[24]Brewhouse!$AD119 -> 55.1 | E12: =[24]Brewhouse!$AG119 -> 47.9 | F12: =[24]Brewhouse!$V119 -> 68 | G12: =[24]Brewhouse!$AE119 -> 11.8 | H12: 11.7 | I12: =[24]Brewhouse!$AS119 -> 93.71185 | J12: =[24]Brewhouse!$AT119 -> 94.971278 | K12: =[24]Brewhouse!$Q119 -> 3.649635 | L12: =[24]Brewhouse!$P119 -> 57 | M12: =[24]Brewhouse!$U119-[24]Brewhouse!$T119 -> 0.11319444 | N12: =[24]Brewhouse!$AW119 -> 0.25 | O12: =[24]Brewhouse!$AV119 -> R.Sookram | S12: =B12 -> STAG | T12: =VLOOKUP($B12,$S$3:$Y$9,2,FALSE) -> 11.6 | U12: =VLOOKUP($B12,$S$3:$Y$9,3,FALSE) -> 12 | V12: =VLOOKUP($B12,$S$3:$Y$9,4,FALSE) -> 0 | W12: =VLOOKUP($B12,$S$3:$Y$9,5,FALSE) -> 0.11805556 | X12: =VLOOKUP($B12,$S$3:$Y$9,6,FALSE) -> 0.22569444 | Y12: =VLOOKUP($B12,$S$3:$Y$9,7,FALSE) -> 0.26388889 | Z12: =VLOOKUP($B12,$S$3:$AA$9,8,FALSE) -> 0 | AA12: =VLOOKUP($B12,$S$3:$AA$9,9,FALSE) -> 60
B13: STAG | C13: =[24]Brewhouse!$A120 -> ST104 | D13: =[24]Brewhouse!$AD120 -> 55.6 | E13: =[24]Brewhouse!$AG120 -> 52.5 | F13: =[24]Brewhouse!$V120 -> 72 | G13: =[24]Brewhouse!$AE120 -> 12 | I13: =[24]Brewhouse!$AS120 -> 104.41201 | J13: =[24]Brewhouse!$AT120 -> 105.8157 | K13: =[24]Brewhouse!$Q120 -> 3.1078611 | L13: =[24]Brewhouse!$P120 -> 57 | M13: =[24]Brewhouse!$U120-[24]Brewhouse!$T120 -> 0.11527778 | N13: =[24]Brewhouse!$AW120 -> 0.25208333 | O13: =[24]Brewhouse!$AV120 -> R.Sookram | S13: =B13 -> STAG | T13: =VLOOKUP($B13,$S$3:$Y$9,2,FALSE) -> 11.6 | U13: =VLOOKUP($B13,$S$3:$Y$9,3,FALSE) -> 12 | V13: =VLOOKUP($B13,$S$3:$Y$9,4,FALSE) -> 0 | W13: =VLOOKUP($B13,$S$3:$Y$9,5,FALSE) -> 0.11805556 | X13: =VLOOKUP($B13,$S$3:$Y$9,6,FALSE) -> 0.22569444 | Y13: =VLOOKUP($B13,$S$3:$Y$9,7,FALSE) -> 0.26388889 | Z13: =VLOOKUP($B13,$S$3:$AA$9,8,FALSE) -> 0 | AA13: =VLOOKUP($B13,$S$3:$AA$9,9,FALSE) -> 60
S14: =B14 -> 0 | T14: =VLOOKUP($B14,$S$3:$Y$9,2,FALSE) -> #N/A | U14: =VLOOKUP($B14,$S$3:$Y$9,3,FALSE) -> #N/A | V14: =VLOOKUP($B14,$S$3:$Y$9,4,FALSE) -> #N/A | W14: =VLOOKUP($B14,$S$3:$Y$9,5,FALSE) -> #N/A | X14: =VLOOKUP($B14,$S$3:$Y$9,6,FALSE) -> #N/A | Y14: =VLOOKUP($B14,$S$3:$Y$9,7,FALSE) -> #N/A | Z14: =VLOOKUP($B14,$S$3:$AA$9,8,FALSE) -> #N/A | AA14: =VLOOKUP($B14,$S$3:$AA$9,9,FALSE) -> #N/A
B15: CARIB | C15: =[23]Brewhouse!$A287 -> CA184 | D15: =[23]Brewhouse!$AF287 -> 52.2 | E15: =[23]Brewhouse!$AI287 -> 48.6 | F15: =[23]Brewhouse!$V287 -> 59 | G15: =[23]Brewhouse!$AG287 -> 11.61 | H15: 11.6 | I15: =[23]Brewhouse!$AU287 -> 91.779025 | J15: =[23]Brewhouse!$AV287 -> 93.207374 | K15: =[23]Brewhouse!$Q287 -> 8.3985765 | L15: =[23]Brewhouse!$P287 -> 60 | M15: =[23]Brewhouse!$U287-[23]Brewhouse!$T287 -> 0.12430556 | N15: =[23]Brewhouse!$Z287 -> 0.26597222 | O15: =[23]Brewhouse!$AX287 -> K.Benjamin | S15: =B15 -> CARIB | T15: =VLOOKUP($B15,$S$3:$Y$9,2,FALSE) -> 11.6 | U15: =VLOOKUP($B15,$S$3:$Y$9,3,FALSE) -> 12 | V15: =VLOOKUP($B15,$S$3:$Y$9,4,FALSE) -> 0 | W15: =VLOOKUP($B15,$S$3:$Y$9,5,FALSE) -> 0.11805556 | X15: =VLOOKUP($B15,$S$3:$Y$9,6,FALSE) -> 0.22569444 | Y15: =VLOOKUP($B15,$S$3:$Y$9,7,FALSE) -> 0.26388889 | Z15: =VLOOKUP($B15,$S$3:$AA$9,8,FALSE) -> 0 | AA15: =VLOOKUP($B15,$S$3:$AA$9,9,FALSE) -> 60
B16: CARIB | C16: =[23]Brewhouse!$A288 -> CA185 | D16: =[23]Brewhouse!$AF288 -> 52.4 | E16: =[23]Brewhouse!$AI288 -> 48.8 | F16: =[23]Brewhouse!$V288 -> 61 | G16: =[23]Brewhouse!$AG288 -> 11.66 | H16: 11.8 | I16: =[23]Brewhouse!$AU288 -> 93.197398 | J16: =[23]Brewhouse!$AV288 -> 94.556325 | K16: =[23]Brewhouse!$Q288 -> 8.3818182 | L16: =[23]Brewhouse!$P288 -> 59 | M16: =[23]Brewhouse!$U288-[23]Brewhouse!$T288 -> 0.11597222 | N16: =[23]Brewhouse!$Z288 -> 0.26875 | O16: =[23]Brewhouse!$AX288 -> K.Benjamin | P16: Brew paused due to low temp for sparging | S16: =B16 -> CARIB | T16: =VLOOKUP($B16,$S$3:$Y$9,2,FALSE) -> 11.6 | U16: =VLOOKUP($B16,$S$3:$Y$9,3,FALSE) -> 12 | V16: =VLOOKUP($B16,$S$3:$Y$9,4,FALSE) -> 0 | W16: =VLOOKUP($B16,$S$3:$Y$9,5,FALSE) -> 0.11805556 | X16: =VLOOKUP($B16,$S$3:$Y$9,6,FALSE) -> 0.22569444 | Y16: =VLOOKUP($B16,$S$3:$Y$9,7,FALSE) -> 0.26388889 | Z16: =VLOOKUP($B16,$S$3:$AA$9,8,FALSE) -> 0 | AA16: =VLOOKUP($B16,$S$3:$AA$9,9,FALSE) -> 60
B17: CARIB | C17: =[23]Brewhouse!$A289 -> CA186 | D17: =[23]Brewhouse!$AF289 -> 52.4 | E17: =[23]Brewhouse!$AI289 -> 48.6 | F17: =[23]Brewhouse!$V289 -> 59 | G17: =[23]Brewhouse!$AG289 -> 11.65 | H17: 11.9 | I17: =[23]Brewhouse!$AU289 -> 89.639871 | J17: =[23]Brewhouse!$AV289 -> 91.038895 | K17: =[23]Brewhouse!$Q289 -> 5.5616943 | L17: =[23]Brewhouse!$P289 -> 61 | M17: =[23]Brewhouse!$U289-[23]Brewhouse!$T289 -> 0.10486111 | N17: =[23]Brewhouse!$Z289 -> 0.24236111 | O17: =[23]Brewhouse!$AX289 -> K.Benjamin | S17: =B17 -> CARIB | T17: =VLOOKUP($B17,$S$3:$Y$9,2,FALSE) -> 11.6 | U17: =VLOOKUP($B17,$S$3:$Y$9,3,FALSE) -> 12 | V17: =VLOOKUP($B17,$S$3:$Y$9,4,FALSE) -> 0 | W17: =VLOOKUP($B17,$S$3:$Y$9,5,FALSE) -> 0.11805556 | X17: =VLOOKUP($B17,$S$3:$Y$9,6,FALSE) -> 0.22569444 | Y17: =VLOOKUP($B17,$S$3:$Y$9,7,FALSE) -> 0.26388889 | Z17: =VLOOKUP($B17,$S$3:$AA$9,8,FALSE) -> 0 | AA17: =VLOOKUP($B17,$S$3:$AA$9,9,FALSE) -> 60
B18: CARIB | C18: =[23]Brewhouse!$A290 -> CA187 | D18: =[23]Brewhouse!$AF290 -> 54.6 | E18: =[23]Brewhouse!$AI290 -> 51.2 | F18: =[23]Brewhouse!$V290 -> 65 | G18: =[23]Brewhouse!$AG290 -> 11.87 | H18: 11.9 | I18: =[23]Brewhouse!$AU290 -> 100.14422 | J18: =[23]Brewhouse!$AV290 -> 101.76918 | K18: =[23]Brewhouse!$Q290 -> 6.7253521 | L18: =[23]Brewhouse!$P290 -> 61 | M18: =[23]Brewhouse!$U290-[23]Brewhouse!$T290 -> 0.11388889 | N18: =[23]Brewhouse!$Z290 -> 0.25486111 | O18: =[23]Brewhouse!$AX290 -> R.Regis | S18: =B18 -> CARIB | T18: =VLOOKUP($B18,$S$3:$Y$9,2,FALSE) -> 11.6 | U18: =VLOOKUP($B18,$S$3:$Y$9,3,FALSE) -> 12 | V18: =VLOOKUP($B18,$S$3:$Y$9,4,FALSE) -> 0 | W18: =VLOOKUP($B18,$S$3:$Y$9,5,FALSE) -> 0.11805556 | X18: =VLOOKUP($B18,$S$3:$Y$9,6,FALSE) -> 0.22569444 | Y18: =VLOOKUP($B18,$S$3:$Y$9,7,FALSE) -> 0.26388889 | Z18: =VLOOKUP($B18,$S$3:$AA$9,8,FALSE) -> 0 | AA18: =VLOOKUP($B18,$S$3:$AA$9,9,FALSE) -> 60
B19: CARIB | C19: =[23]Brewhouse!$A291 -> CA188 | D19: =[23]Brewhouse!$AF291 -> 52.7 | E19: =[23]Brewhouse!$AI291 -> 50.2 | F19: =[23]Brewhouse!$V291 -> 58 | G19: =[23]Brewhouse!$AG291 -> 11.83 | I19: =[23]Brewhouse!$AU291 -> 96.721958 | J19: =[23]Brewhouse!$AV291 -> 98.29181 | K19: =[23]Brewhouse!$Q291 -> 7.6731794 | L19: =[23]Brewhouse!$P291 -> 61 | M19: =[23]Brewhouse!$U291-[23]Brewhouse!$T291 -> 0.10833333 | N19: =[23]Brewhouse!$Z291 -> 0.25555556 | O19: =[23]Brewhouse!$AX291 -> R.Regis | S19: =B19 -> CARIB | T19: =VLOOKUP($B19,$S$3:$Y$9,2,FALSE) -> 11.6 | U19: =VLOOKUP($B19,$S$3:$Y$9,3,FALSE) -> 12 | V19: =VLOOKUP($B19,$S$3:$Y$9,4,FALSE) -> 0 | W19: =VLOOKUP($B19,$S$3:$Y$9,5,FALSE) -> 0.11805556 | X19: =VLOOKUP($B19,$S$3:$Y$9,6,FALSE) -> 0.22569444 | Y19: =VLOOKUP($B19,$S$3:$Y$9,7,FALSE) -> 0.26388889 | Z19: =VLOOKUP($B19,$S$3:$AA$9,8,FALSE) -> 0 | AA19: =VLOOKUP($B19,$S$3:$AA$9,9,FALSE) -> 60
S20: =B20 -> 0 | T20: =VLOOKUP($B20,$S$3:$Y$9,2,FALSE) -> #N/A | U20: =VLOOKUP($B20,$S$3:$Y$9,3,FALSE) -> #N/A | V20: =VLOOKUP($B20,$S$3:$Y$9,4,FALSE) -> #N/A | W20: =VLOOKUP($B20,$S$3:$Y$9,5,FALSE) -> #N/A | X20: =VLOOKUP($B20,$S$3:$Y$9,6,FALSE) -> #N/A | Y20: =VLOOKUP($B20,$S$3:$Y$9,7,FALSE) -> #N/A | Z20: =VLOOKUP($B20,$S$3:$AA$9,8,FALSE) -> #N/A | AA20: =VLOOKUP($B20,$S$3:$AA$9,9,FALSE) -> #N/A
S21: =B21 -> 0 | T21: =VLOOKUP($B21,$S$3:$Y$9,2,FALSE) -> #N/A | U21: =VLOOKUP($B21,$S$3:$Y$9,3,FALSE) -> #N/A | V21: =VLOOKUP($B21,$S$3:$Y$9,4,FALSE) -> #N/A | W21: =VLOOKUP($B21,$S$3:$Y$9,5,FALSE) -> #N/A | X21: =VLOOKUP($B21,$S$3:$Y$9,6,FALSE) -> #N/A | Y21: =VLOOKUP($B21,$S$3:$Y$9,7,FALSE) -> #N/A | Z21: =VLOOKUP($B21,$S$3:$AA$9,8,FALSE) -> #N/A | AA21: =VLOOKUP($B21,$S$3:$AA$9,9,FALSE) -> #N/A
S22: =B22 -> 0 | T22: =VLOOKUP($B22,$S$3:$Y$9,2,FALSE) -> #N/A | U22: =VLOOKUP($B22,$S$3:$Y$9,3,FALSE) -> #N/A | V22: =VLOOKUP($B22,$S$3:$Y$9,4,FALSE) -> #N/A | W22: =VLOOKUP($B22,$S$3:$Y$9,5,FALSE) -> #N/A | X22: =VLOOKUP($B22,$S$3:$Y$9,6,FALSE) -> #N/A | Y22: =VLOOKUP($B22,$S$3:$Y$9,7,FALSE) -> #N/A | Z22: =VLOOKUP($B22,$S$3:$AA$9,8,FALSE) -> #N/A | AA22: =VLOOKUP($B22,$S$3:$AA$9,9,FALSE) -> #N/A
I23: EXTRACT RECOVERY | S23: =B23 -> 0 | T23: =VLOOKUP($B23,$S$3:$Y$9,2,FALSE) -> #N/A | U23: =VLOOKUP($B23,$S$3:$Y$9,3,FALSE) -> #N/A | V23: =VLOOKUP($B23,$S$3:$Y$9,4,FALSE) -> #N/A | W23: =VLOOKUP($B23,$S$3:$Y$9,5,FALSE) -> #N/A | X23: =VLOOKUP($B23,$S$3:$Y$9,6,FALSE) -> #N/A | Y23: =VLOOKUP($B23,$S$3:$Y$9,7,FALSE) -> #N/A | Z23: =VLOOKUP($B23,$S$3:$AA$9,8,FALSE) -> #N/A | AA23: =VLOOKUP($B23,$S$3:$AA$9,9,FALSE) -> #N/A
B24: BRAND | D24: BBT P.G./ O.G | I24: Brand | J24: Actual | K24: MTD No. of Brews | L24: MTD | M24: YTD | N24: Target | S24: =B24 -> BRAND | T24: =VLOOKUP($B24,$S$3:$Y$9,2,FALSE) -> #N/A | U24: =VLOOKUP($B24,$S$3:$Y$9,3,FALSE) -> #N/A | V24: =VLOOKUP($B24,$S$3:$Y$9,4,FALSE) -> #N/A | W24: =VLOOKUP($B24,$S$3:$Y$9,5,FALSE) -> #N/A | X24: =VLOOKUP($B24,$S$3:$Y$9,6,FALSE) -> #N/A | Y24: =VLOOKUP($B24,$S$3:$Y$9,7,FALSE) -> #N/A | Z24: =VLOOKUP($B24,$S$3:$AA$9,8,FALSE) -> #N/A | AA24: =VLOOKUP($B24,$S$3:$AA$9,9,FALSE) -> #N/A
B25: CARIB | C25: {=[23]Process!$D$237:$D$238} -> 11.7 | D25: 11.62 | I25: CARIB | J25: =AVERAGE(I15:I18) -> 93.69013 | K25: =COUNTA([23]Brewhouse!$A$255:$A$290) -> 36 | L25: =AVERAGE([23]Brewhouse!$AU$255:$AU$290) -> 98.675453 | M25: =AVERAGE([23]Brewhouse!$AU$102:$AU$171,[23]Brewhouse!$AU$173:$AU$253,[23]Brewhouse!$AU$255:$AU$290) -> 96.197764 | N25: 98
C26: 11.6 | I26: STAG | J26: =AVERAGE(I10:I13) -> 99.517044 | K26: =COUNTA([24]Brewhouse!$A$105:$A$120) -> 16 | L26: =AVERAGE([24]Brewhouse!$AS$105:$AS$120) -> 98.356876 | M26: =AVERAGE([24]Brewhouse!$AS$15:$AS$64,[24]Brewhouse!$AS$66:$AS$103,[24]Brewhouse!$AS$105:$AS$120) -> 96.26774 | N26: 98
C27: {=[23]Process!$D$229:$D$230} -> 11.8 | D27: 11.73 | I27: GUINNESS | K27: =COUNTA([25]Brewhouse!$A$24:$A$31) -> 8 | L27: =AVERAGE([25]Brewhouse!$AU$24:$AU$31) -> 98.193577 | M27: =AVERAGE([25]Brewhouse!$AU$4:$AU$7,[25]Brewhouse!$AU$9:$AU$22,[25]Brewhouse!$AU$24:$AU$31) -> 96.826546 | N27: 98
C28: 11.9 | I28: VITAMALT | M28: =AVERAGE([26]Brewhouse!$AV$5:$AV$14,[26]Brewhouse!$AV$16:$AV$19) -> 98.230958 | N28: 98
I29: MAXIMALT | N29: 98
I30: MACKESON | M30: =AVERAGE([27]Brewhouse!$AT$4:$AT$11) -> 94.812617 | N30: 98
I31: STARMALT | K31: =COUNTA([22]Brewhouse!$A$22:$A$29) -> 8 | L31: =AVERAGE([22]Brewhouse!$AY$22:$AY$29) -> 98.065834 | M31: =AVERAGE([22]Brewhouse!$AY$6:$AY$13,[22]Brewhouse!$AY$15:$AY$20,[22]Brewhouse!$AY$22:$AY$29) -> 95.660462 | N31: 98
I32: HR- Pils | M32: =AVERAGE([28]Brewhouse!$AU$5:$AU$8) -> 91.006888 | N32: 98
I33: HR- IPA | N33: 98
I34: HR- APA | N34: 98
K35: =SUM(K25:K34) -> 68 | L35: =((L25*K25)+(L26*K26)+(L27*K27)+(L28*K28)+(L29*K29)+(K32*L32)+(L30*K30)+(L31*K31)+(L34*K34))/(K35) -> 98.472082 | M35: =AVERAGE('[29]Jan 31st'!$L$65,'[30]Feb 28th'!$L$35,L35) -> 96.638353 | N35: 98
B37: =I26 -> STAG | C37: =[24]Process!$D$82 -> 11.8 | D37: 11.79 | J37: Daily Brewing Plan
C38: =[24]Process!$D$91 -> 12 | J38: Brand | K38: Brews Achieved | L38: Average Brews per day
J39: CARIB | K39: =COUNTA(B15:B19) -> 5 | L39: MTD | M39: YTD | N39: TARGET
J40: STAG | K40: =COUNTA(B10:B13) -> 4 | L40: =AVERAGE('Mar. 3rd'!K80,'Mar. 4th'!K81,'Mar. 5th '!K50,'Mar. 6th'!K50,'Mar. 7th & 8th'!J52:K52,'Mar. 10th'!K49,'Mar. 11th'!K49,'Mar. 12th'!K47,'Mar. 13th'!K49) -> 6.9 | M40: =AVERAGE('[29]Jan 29th '!$M$70,'[30]Feb 28th'!$L$40,L40) -> 6.803663 | N40: 10
J41: GUINN
J42: VITAMALT
J43: STARMALT
J44: MACKESON
J45: HURRICANE REEF- IPA
J46: HURRICANE REEF- APA
B47: AVERAGE | D47: =AVERAGE(D25:E46) -> 11.713333 | J47: HR- PILSNER
J48: CARIBE
J49: Total | K49: =SUM(K39:K48) -> 9
B50: Process: | C50: Fermentation/Filtration
B52: Brand | C52: Filt. Date | D52: FV Hls | E52: GFE/ Prim/ Vita Blend (Hls) | F52: SV Hls | G52: BBT Hls | H52: Loss (%) Ferm | I52: Loss (%) Filt | J52: Comments | K52: Throughput | L52: Process Loss (%) | M52: Filt. Operator
U53: 43466 | V53: 43467 | W53: 43468 | X53: 43469 | Y53: 43470 | Z53: 43471 | AA53: 43472 | AB53: 43473 | AC53: 43474 | AD53: 43475 | AE53: 43476 | AF53: 43477 | AG53: 43478 | AH53: 43479 | AI53: 43480 | AJ53: 43481 | AK53: 43482 | AL53: 43483 | AM53: 43484 | AN53: 43485 | AO53: 43486 | AP53: 43487 | AQ53: 43488 | AR53: 43489 | AS53: 43490 | AT53: 43491 | AU53: 43492 | AV53: 43493 | AW53: 43494 | AX53: 43495 | AY53: 43496
B54: =I25 -> CARIB | C54: 45729 | D54: =[31]March_2025!$P$3 -> 202.3 | F54: =SUM([32]CARIB!$L$34:$L$35,[32]CARIB!$L$26:$L$27) -> 209.9 | G54: =[31]March_2025!$P$7 -> 192.6 | H54: =(D54-F54)/D54*100 -> -3.7567968 | I54: =((F54+E54)-G54)/(F54+E54)*100 -> 8.24202 | J54: 1 Break | K54: =[33]March_2025!$P$18 -> 0.50526316 | L54: =(((D54+E54)-G54)/(D54+E54))*100 -> 4.7948591 | M54: G. Mason | T54: hls
T55: Throughput | U55: =[20]January_2019!D8 -> #DIV/0! | V55: =[20]January_2019!E8 -> 1.0319298 | W55: =[20]January_2019!F8 -> 1.7789474 | X55: =[20]January_2019!G8 -> 0.51929825 | Y55: =[20]January_2019!H8 -> #DIV/0! | Z55: =[20]January_2019!I8 -> #DIV/0! | AA55: =[20]January_2019!J8 -> 1.3652632 | AB55: =[20]January_2019!K8 -> #DIV/0! | ... AY55: =[20]January_2019!AH8 -> #DIV/0!
B57: =I26 -> STAG | C57: 45729 | D57: =[31]March_2025!$P$13 -> 109.2 | F57: =SUM([32]STAG!$L$6) -> 101.2 | G57: =[31]March_2025!$P$17 -> 95.4 | H57: =(D57-F57)/D57*100 -> 7.3260073 | I57: =((F57+E57)-G57)/(F57+E57)*100 -> 5.7312253 | J57: 1 Break | K57: =[33]March_2025!$P$25 -> 0.50526316 | L57: =(((D57+E57)-G57)/(D57+E57))*100 -> 12.637363 | M57: G. Mason
B60: Process Loss (Volume) | G60: Process Loss (Extract) | K60: Throughput
B61: Brand | C61: Actual | D61: MTD | E61: YTD | F61: Target | G61: Actual | H61: MTD | I61: YTD | J61: Target | K61: Actual | L61: MTD | M61: YTD | N61: Target
B62: CARIB | C62: =L54 -> 4.7948591 | D62: 7.5138373 | E62: 7.0776802 | F62: 4.8 | G62: =[31]March_2025!$P$11 -> 5.3375594 | H62: 7.8024728 | I62: 7.503882 | J62: 4.8 | K62: =K54 -> 0.50526316 | L62: 0.72675852 | M62: 0.82117272 | N62: 1
B63: STAG | C63: =L57 -> 12.637363 | D63: 9.1658489 | E63: 7.0876447 | F63: 4.8 | G63: =[31]March_2025!$P$21 -> 13.2689 | H63: 10.247382 | I63: 7.319694 | J63: 4.8 | K63: =K57 -> 0.50526316 | L63: 0.65280324 | M63: 0.7020127 | N63: 1
B64: GUINN | D64: 7.5445173 | E64: 12.682397 | F64: 5.5 | H64: 8.3720218 | I64: 14.322774 | J64: 5.5 | L64: 0.9865 | M64: 0.568621 | N64: 1
B65: VITAMALT | E65: 3.9190537 | F65: 3.3 | I65: 5.3456617 | J65: 3.3 | M65: 0.78853801 | N65: 1
B66: MAXIMALT | F66: 3.3 | J66: 3 | N66: 1
B67: MACKESON | E67: 8.7664671 | F67: =[21]May_2022!$M$43 -> 3.4878407 | I67: 10.607236 | J67: 5.5 | M67: 0.66824561 | N67: 1
B68: STARMALT | D68: 3.0622244 | E68: 2.5618217 | F68: 3.3 | H68: 4.9023005 | I68: 4.6996399 | J68: 3.3 | L68: 0.98925 | M68: 0.86251969 | N68: 1
B69: HURRICANE REEF | F69: 7.5 | J69: 7.5 | N69: 1
B70: HURRICANE REEF PILS | E70: 4.8792509 | F70: 4.8 | I70: 6.2003724 | J70: 4.8 | M70: 0.33859649 | N70: 1
D71: 7.1183673 | E71: 7.0913482 | F71: 4.5 | H71: 7.6800915 | I71: 7.8861069 | J71: 4.5 | L71: 0.7772327 | M71: 0.75493058 | N71: 1
AD83: :

Sheet Mar. 14th & 16th
T1: P.G. | V1: Hot Time | X1: Process Time | Z1: Cooling Time
B2: Brewing Department Daily Process Loss Report | T2: Lower | U2: Upper | V2: Lower | W2: Upper | X2: Lower | Y2: Upper | Z2: Lower | AA2: Upper
S3: CARIB | T3: 11.6 | U3: 12 | V3: 0 | W3: 0.11805556 | X3: 0.22569444 | Y3: 0.26388889 | Z3: 0 | AA3: 60 | AC3: HR- PISNER
B4: Date: | J4: LOT WORT COLOUR: 3.6 | M4: Filter Sheets (Target 20 days) | S4: STAG | T4: 11.6 | U4: 12 | V4: 0 | W4: 0.11805556 | X4: 0.22569444 | Y4: 0.26388889 | Z4: 0 | AA4: 60
C5: 45733 | M5: Double | N5: Single | S5: GUINNESS | T5: 17 | U5: 17.5 | V5: 0 | W5: 0.10763889 | X5: 0.24652778 | Y5: 0.28472222 | Z5: 0 | AA5: 60
J6: MALT LOT: Lot 32 | L6: Sheet Day | M6: 22 | N6: 18 | S6: MACKESON | T6: 13.3 | U6: 13.5 | V6: 0 | W6: 0.12905093 | X6: 0.27430556 | Y6: 0.30208333 | Z6: 0
S7: STARMALT | T7: 17.1 | U7: 17.5 | V7: 0 | W7: 0.13605324 | X7: 0.27430556 | Y7: 0.30902778 | Z7: 0 | AA7: 60
B8: Brand | C8: Brew no. | D8: Kett. Hls | E8: Wort | F8: Cool Time(Mins) | G8: Cast. P.G. (Lab Result) | H8: Cast P.G. (Cellar Operator)-gravity | I8: Extr. Rec (80.9%) | J8: Theor. Extr. (77.5%) | K8: Boil Off /Vol. (4-6%) | L8: Boil Time | M8: Total Hot | N8: Brewing | O8: Operator | P8: Comments | Q8: Actual Pilsen Malt | S8: Hurricane Reef | T8: 16.6 | U8: 17 | V8: 0 | W8: 0.12905093 | X8: 0.27430556 | Y8: 0.30208333 | Z8: 0
E9: Meter (Hls) | F9: Target(< 60Mins) | M9: Time | S9: VITAMALT | T9: 14.4 | U9: 14.6 | V9: 0 | W9: 0.13905093 | X9: 0.26041667 | Y9: 0.29513889 | Z9: 0 | AA9: 75
B10: CARIB | C10: =[23]Brewhouse!$A292 -> CA189 | D10: =[23]Brewhouse!$AF292 -> 55.1 | E10: =[23]Brewhouse!$AI292 -> 51.6 | F10: =[23]Brewhouse!$V292 -> 66 | G10: =[23]Brewhouse!$AG292 -> 11.8 | H10: 11.8 | I10: =[23]Brewhouse!$AU292 -> 99.664671 | J10: =[23]Brewhouse!$AV292 -> 101.28211 | K10: =[23]Brewhouse!$Q292 -> 6.0530973 | L10: =[23]Brewhouse!$P292 -> 60 | M10: =[23]Brewhouse!$U292-[23]Brewhouse!$T292 -> 0.11458333 | N10: =[23]Brewhouse!$Z292 -> 0.26666667 | O10: =[23]Brewhouse!$AX292 -> R.Regis | S10: =B10 -> CARIB | T10: =VLOOKUP($B10,$S$3:$Y$9,2,FALSE) -> 11.6 | U10: =VLOOKUP($B10,$S$3:$Y$9,3,FALSE) -> 12 | V10: =VLOOKUP($B10,$S$3:$Y$9,4,FALSE) -> 0 | W10: =VLOOKUP($B10,$S$3:$Y$9,5,FALSE) -> 0.11805556 | X10: =VLOOKUP($B10,$S$3:$Y$9,6,FALSE) -> 0.22569444 | Y10: =VLOOKUP($B10,$S$3:$Y$9,7,FALSE) -> 0.26388889 | Z10: =VLOOKUP($B10,$S$3:$AA$9,8,FALSE) -> 0 | AA10: =VLOOKUP($B10,$S$3:$AA$9,9,FALSE) -> 60
B11: CARIB | C11: =[23]Brewhouse!$A293 -> CA190 | D11: =[23]Brewhouse!$AF293 -> 56.2 | E11: =[23]Brewhouse!$AI293 -> 52.4 | F11: =[23]Brewhouse!$V293 -> 64 | G11: =[23]Brewhouse!$AG293 -> 11.8 | I11: =[23]Brewhouse!$AU293 -> 101.46018 | J11: =[23]Brewhouse!$AV293 -> 103.10658 | K11: =[23]Brewhouse!$Q293 -> 3.9713775 | L11: =[23]Brewhouse!$P293 -> 56 | M11: =[23]Brewhouse!$U293-[23]Brewhouse!$T293 -> 0.10972222 | N11: =[23]Brewhouse!$Z293 -> 0.26319444 | O11: =[23]Brewhouse!$AX293 -> R.Sookram | S11: =B11 -> CARIB | T11: =VLOOKUP($B11,$S$3:$Y$9,2,FALSE) -> 11.6 | U11: =VLOOKUP($B11,$S$3:$Y$9,3,FALSE) -> 12 | V11: =VLOOKUP($B11,$S$3:$Y$9,4,FALSE) -> 0 | W11: =VLOOKUP($B11,$S$3:$Y$9,5,FALSE) -> 0.11805556 | X11: =VLOOKUP($B11,$S$3:$Y$9,6,FALSE) -> 0.22569444 | Y11: =VLOOKUP($B11,$S$3:$Y$9,7,FALSE) -> 0.26388889 | Z11: =VLOOKUP($B11,$S$3:$AA$9,8,FALSE) -> 0 | AA11: =VLOOKUP($B11,$S$3:$AA$9,9,FALSE) -> 60
B12: CARIB | C12: =[23]Brewhouse!$A294 -> CA191 | D12: =[23]Brewhouse!$AF294 -> 55.6 | E12: =[23]Brewhouse!$AI294 -> 52.1 | F12: =[23]Brewhouse!$V294 -> 65 | G12: =[23]Brewhouse!$AG294 -> 12 | I12: =[23]Brewhouse!$AU294 -> 102.6778 | J12: =[23]Brewhouse!$AV294 -> 104.34396 | K12: =[23]Brewhouse!$Q294 -> 4.6289753 | L12: =[23]Brewhouse!$P294 -> 60 | M12: =[23]Brewhouse!$U294-[23]Brewhouse!$T294 -> 0.11180556 | N12: =[23]Brewhouse!$Z294 -> 0.25486111 | O12: =[23]Brewhouse!$AX294 -> R.Sookram | S12: =B12 -> CARIB | T12: =VLOOKUP($B12,$S$3:$Y$9,2,FALSE) -> 11.6 | U12: =VLOOKUP($B12,$S$3:$Y$9,3,FALSE) -> 12 | V12: =VLOOKUP($B12,$S$3:$Y$9,4,FALSE) -> 0 | W12: =VLOOKUP($B12,$S$3:$Y$9,5,FALSE) -> 0.11805556 | X12: =VLOOKUP($B12,$S$3:$Y$9,6,FALSE) -> 0.22569444 | Y12: =VLOOKUP($B12,$S$3:$Y$9,7,FALSE) -> 0.26388889 | Z12: =VLOOKUP($B12,$S$3:$AA$9,8,FALSE) -> 0 | AA12: =VLOOKUP($B12,$S$3:$AA$9,9,FALSE) -> 60
B13: CARIB | C13: =[23]Brewhouse!$A295 -> CA192 | D13: =[23]Brewhouse!$AF295 -> 50.3 | E13: =[23]Brewhouse!$AI295 -> 47 | F13: =[23]Brewhouse!$V295 -> 59 | G13: =[23]Brewhouse!$AG295 -> 11.64 | I13: =[23]Brewhouse!$AU295 -> 101.85145 | J13: =[23]Brewhouse!$AV295 -> 103.49403 | K13: =[23]Brewhouse!$Q295 -> 5.9655832 | L13: =[23]Brewhouse!$P295 -> 60 | M13: =[23]Brewhouse!$U295-[23]Brewhouse!$T295 -> 0.13263889 | N13: =[23]Brewhouse!$Z295 -> 0.26666667 | O13: =[23]Brewhouse!$AX295 -> K.Benjamin | S13: =B13 -> CARIB | T13: =VLOOKUP($B13,$S$3:$Y$9,2,FALSE) -> 11.6 | U13: =VLOOKUP($B13,$S$3:$Y$9,3,FALSE) -> 12 | V13: =VLOOKUP($B13,$S$3:$Y$9,4,FALSE) -> 0 | W13: =VLOOKUP($B13,$S$3:$Y$9,5,FALSE) -> 0.11805556 | X13: =VLOOKUP($B13,$S$3:$Y$9,6,FALSE) -> 0.22569444 | Y13: =VLOOKUP($B13,$S$3:$Y$9,7,FALSE) -> 0.26388889 | Z13: =VLOOKUP($B13,$S$3:$AA$9,8,FALSE) -> 0 | AA13: =VLOOKUP($B13,$S$3:$AA$9,9,FALSE) -> 60
S14: =B14 -> 0 | T14: =VLOOKUP($B14,$S$3:$Y$9,2,FALSE) -> #N/A | U14: =VLOOKUP($B14,$S$3:$Y$9,3,FALSE) -> #N/A | V14: =VLOOKUP($B14,$S$3:$Y$9,4,FALSE) -> #N/A | W14: =VLOOKUP($B14,$S$3:$Y$9,5,FALSE) -> #N/A | X14: =VLOOKUP($B14,$S$3:$Y$9,6,FALSE) -> #N/A | Y14: =VLOOKUP($B14,$S$3:$Y$9,7,FALSE) -> #N/A | Z14: =VLOOKUP($B14,$S$3:$AA$9,8,FALSE) -> #N/A | AA14: =VLOOKUP($B14,$S$3:$AA$9,9,FALSE) -> #N/A
B15: 45732 | S15: =B15 -> 45732 | T15: =VLOOKUP($B15,$S$3:$Y$9,2,FALSE) -> #N/A | U15: =VLOOKUP($B15,$S$3:$Y$9,3,FALSE) -> #N/A | V15: =VLOOKUP($B15,$S$3:$Y$9,4,FALSE) -> #N/A | W15: =VLOOKUP($B15,$S$3:$Y$9,5,FALSE) -> #N/A | X15: =VLOOKUP($B15,$S$3:$Y$9,6,FALSE) -> #N/A | Y15: =VLOOKUP($B15,$S$3:$Y$9,7,FALSE) -> #N/A | Z15: =VLOOKUP($B15,$S$3:$AA$9,8,FALSE) -> #N/A | AA15: =VLOOKUP($B15,$S$3:$AA$9,9,FALSE) -> #N/A
B16: STAG | C16: =[24]Brewhouse!$A121 -> ST105 | D16: =[24]Brewhouse!$AD121 -> 55.5 | E16: =[24]Brewhouse!$AG121 -> 51.8 | F16: =[24]Brewhouse!$V121 -> 62 | G16: =[24]Brewhouse!$AE121 -> 11.8 | H16: 11.8 | I16: =[24]Brewhouse!$AS121 -> 101.34183 | J16: =[24]Brewhouse!$AT121 -> 102.7038 | K16: =[24]Brewhouse!$Q121 -> 6.8014706 | L16: =[24]Brewhouse!$P121 -> 55 | M16: =[24]Brewhouse!$U121-[24]Brewhouse!$T121 -> 0.11597222 | N16: =[24]Brewhouse!$AW121 -> 0.25902778 | O16: =[24]Brewhouse!$AV121 -> R. Regis | S16: =B16 -> STAG | T16: =VLOOKUP($B16,$S$3:$Y$9,2,FALSE) -> 11.6 | U16: =VLOOKUP($B16,$S$3:$Y$9,3,FALSE) -> 12 | V16: =VLOOKUP($B16,$S$3:$Y$9,4,FALSE) -> 0 | W16: =VLOOKUP($B16,$S$3:$Y$9,5,FALSE) -> 0.11805556 | X16: =VLOOKUP($B16,$S$3:$Y$9,6,FALSE) -> 0.22569444 | Y16: =VLOOKUP($B16,$S$3:$Y$9,7,FALSE) -> 0.26388889 | Z16: =VLOOKUP($B16,$S$3:$AA$9,8,FALSE) -> 0 | AA16: =VLOOKUP($B16,$S$3:$AA$9,9,FALSE) -> 60
B17: STAG | C17: =[24]Brewhouse!$A122 -> ST106 | D17: =[24]Brewhouse!$AD122 -> 56.8 | E17: =[24]Brewhouse!$AG122 -> 53.2 | F17: =[24]Brewhouse!$V122 -> 67 | G17: =[24]Brewhouse!$AE122 -> 11.7 | H17: 11.9 | I17: =[24]Brewhouse!$AS122 -> 103.02428 | J17: =[24]Brewhouse!$AT122 -> 104.40931 | K17: =[24]Brewhouse!$Q122 -> 5.4945055 | L17: =[24]Brewhouse!$P122 -> 59 | M17: =[24]Brewhouse!$U122-[24]Brewhouse!$T122 -> -0.056944444 | N17: =[24]Brewhouse!$AW122 -> 0.25138889 | O17: =[24]Brewhouse!$AV122 -> R.Sookram | S17: =B17 -> STAG | T17: =VLOOKUP($B17,$S$3:$Y$9,2,FALSE) -> 11.6 | U17: =VLOOKUP($B17,$S$3:$Y$9,3,FALSE) -> 12 | V17: =VLOOKUP($B17,$S$3:$Y$9,4,FALSE) -> 0 | W17: =VLOOKUP($B17,$S$3:$Y$9,5,FALSE) -> 0.11805556 | X17: =VLOOKUP($B17,$S$3:$Y$9,6,FALSE) -> 0.22569444 | Y17: =VLOOKUP($B17,$S$3:$Y$9,7,FALSE) -> 0.26388889 | Z17: =VLOOKUP($B17,$S$3:$AA$9,8,FALSE) -> 0 | AA17: =VLOOKUP($B17,$S$3:$AA$9,9,FALSE) -> 60
B18: STAG | C18: =[24]Brewhouse!$A123 -> ST107 | D18: =[24]Brewhouse!$AD123 -> 53.3 | E18: =[24]Brewhouse!$AG123 -> 49.9 | F18: =[24]Brewhouse!$V123 -> 59 | G18: =[24]Brewhouse!$AE123 -> 11.9 | H18: 11.9 | I18: =[24]Brewhouse!$AS123 -> 98.37198 | J18: =[24]Brewhouse!$AT123 -> 99.694466 | K18: =[24]Brewhouse!$Q123 -> 9.0740741 | L18: =[24]Brewhouse!$P123 -> 72 | M18: =[24]Brewhouse!$U123-[24]Brewhouse!$T123 -> -0.83194444 | N18: =[24]Brewhouse!$AW123 -> -0.67638889 | O18: =[24]Brewhouse!$AV123 -> K. Benjamin | S18: =B18 -> STAG | T18: =VLOOKUP($B18,$S$3:$Y$9,2,FALSE) -> 11.6 | U18: =VLOOKUP($B18,$S$3:$Y$9,3,FALSE) -> 12 | V18: =VLOOKUP($B18,$S$3:$Y$9,4,FALSE) -> 0 | W18: =VLOOKUP($B18,$S$3:$Y$9,5,FALSE) -> 0.11805556 | X18: =VLOOKUP($B18,$S$3:$Y$9,6,FALSE) -> 0.22569444 | Y18: =VLOOKUP($B18,$S$3:$Y$9,7,FALSE) -> 0.26388889 | Z18: =VLOOKUP($B18,$S$3:$AA$9,8,FALSE) -> 0 | AA18: =VLOOKUP($B18,$S$3:$AA$9,9,FALSE) -> 60
S19: =B19 -> 0 | T19: =VLOOKUP($B19,$S$3:$Y$9,2,FALSE) -> #N/A | U19: =VLOOKUP($B19,$S$3:$Y$9,3,FALSE) -> #N/A | V19: =VLOOKUP($B19,$S$3:$Y$9,4,FALSE) -> #N/A | W19: =VLOOKUP($B19,$S$3:$Y$9,5,FALSE) -> #N/A | X19: =VLOOKUP($B19,$S$3:$Y$9,6,FALSE) -> #N/A | Y19: =VLOOKUP($B19,$S$3:$Y$9,7,FALSE) -> #N/A | Z19: =VLOOKUP($B19,$S$3:$AA$9,8,FALSE) -> #N/A | AA19: =VLOOKUP($B19,$S$3:$AA$9,9,FALSE) -> #N/A
S20: =B20 -> 0 | T20: =VLOOKUP($B20,$S$3:$Y$9,2,FALSE) -> #N/A | U20: =VLOOKUP($B20,$S$3:$Y$9,3,FALSE) -> #N/A | V20: =VLOOKUP($B20,$S$3:$Y$9,4,FALSE) -> #N/A | W20: =VLOOKUP($B20,$S$3:$Y$9,5,FALSE) -> #N/A | X20: =VLOOKUP($B20,$S$3:$Y$9,6,FALSE) -> #N/A | Y20: =VLOOKUP($B20,$S$3:$Y$9,7,FALSE) -> #N/A | Z20: =VLOOKUP($B20,$S$3:$AA$9,8,FALSE) -> #N/A | AA20: =VLOOKUP($B20,$S$3:$AA$9,9,FALSE) -> #N/A
S21: =B21 -> 0 | T21: =VLOOKUP($B21,$S$3:$Y$9,2,FALSE) -> #N/A | U21: =VLOOKUP($B21,$S$3:$Y$9,3,FALSE) -> #N/A | V21: =VLOOKUP($B21,$S$3:$Y$9,4,FALSE) -> #N/A | W21: =VLOOKUP($B21,$S$3:$Y$9,5,FALSE) -> #N/A | X21: =VLOOKUP($B21,$S$3:$Y$9,6,FALSE) -> #N/A | Y21: =VLOOKUP($B21,$S$3:$Y$9,7,FALSE) -> #N/A | Z21: =VLOOKUP($B21,$S$3:$AA$9,8,FALSE) -> #N/A | AA21: =VLOOKUP($B21,$S$3:$AA$9,9,FALSE) -> #N/A
I22: EXTRACT RECOVERY | S22: =B22 -> 0 | T22: =VLOOKUP($B22,$S$3:$Y$9,2,FALSE) -> #N/A | U22: =VLOOKUP($B22,$S$3:$Y$9,3,FALSE) -> #N/A | V22: =VLOOKUP($B22,$S$3:$Y$9,4,FALSE) -> #N/A | W22: =VLOOKUP($B22,$S$3:$Y$9,5,FALSE) -> #N/A | X22: =VLOOKUP($B22,$S$3:$Y$9,6,FALSE) -> #N/A | Y22: =VLOOKUP($B22,$S$3:$Y$9,7,FALSE) -> #N/A | Z22: =VLOOKUP($B22,$S$3:$AA$9,8,FALSE) -> #N/A | AA22: =VLOOKUP($B22,$S$3:$AA$9,9,FALSE) -> #N/A
B23: BRAND | D23: BBT P.G./ O.G | H23: Brand | I23: Actual (Mar 14th) | J23: Actual (Mar 16th) | K23: MTD No. of Brews | L23: MTD | M23: YTD | N23: Target | S23: =B23 -> BRAND | T23: =VLOOKUP($B23,$S$3:$Y$9,2,FALSE) -> #N/A | U23: =VLOOKUP($B23,$S$3:$Y$9,3,FALSE) -> #N/A | V23: =VLOOKUP($B23,$S$3:$Y$9,4,FALSE) -> #N/A | W23: =VLOOKUP($B23,$S$3:$Y$9,5,FALSE) -> #N/A | X23: =VLOOKUP($B23,$S$3:$Y$9,6,FALSE) -> #N/A | Y23: =VLOOKUP($B23,$S$3:$Y$9,7,FALSE) -> #N/A | Z23: =VLOOKUP($B23,$S$3:$AA$9,8,FALSE) -> #N/A | AA23: =VLOOKUP($B23,$S$3:$AA$9,9,FALSE) -> #N/A
B24: CARIB | C24: {=[23]Process!$D$225:$D$226} -> 12.2 | D24: 11.73 | H24: CARIB | I24: =AVERAGE(I10:I12) -> 101.26755 | K24: =COUNTA([23]Brewhouse!$A$255:$A$295) -> 41 | L24: =AVERAGE([23]Brewhouse!$AU$255:$AU$295) -> 98.894935 | M24: =AVERAGE([23]Brewhouse!$AU$102:$AU$171,[23]Brewhouse!$AU$173:$AU$253,[23]Brewhouse!$AU$255:$AU$295) -> 96.309156 | N24: 98
C25: 12 | H25: STAG | J25: =AVERAGE(I16:I18) -> 100.9127 | K25: =COUNTA([24]Brewhouse!$A$105:$A$123) -> 19 | L25: =AVERAGE([24]Brewhouse!$AS$105:$AS$123) -> 98.760427 | M25: =AVERAGE([24]Brewhouse!$AS$15:$AS$64,[24]Brewhouse!$AS$66:$AS$103,[24]Brewhouse!$AS$105:$AS$123) -> 96.397973 | N25: 98
C26: {=[23]Process!$D$231:$D$232} -> 11.9 | D26: 11.89 | H26: GUINNESS | K26: =COUNTA([25]Brewhouse!$A$24:$A$31) -> 8 | L26: =AVERAGE([25]Brewhouse!$AU$24:$AU$31) -> 98.193577 | M26: =AVERAGE([25]Brewhouse!$AU$4:$AU$7,[25]Brewhouse!$AU$9:$AU$22,[25]Brewhouse!$AU$24:$AU$31) -> 96.826546 | N26: 98
C27: 11.7 | H27: VITAMALT | M27: =AVERAGE([26]Brewhouse!$AV$5:$AV$14,[26]Brewhouse!$AV$16:$AV$19) -> 98.230958 | N27: 98
H28: MAXIMALT | N28: 98
H29: MACKESON | M29: =AVERAGE([27]Brewhouse!$AT$4:$AT$11) -> 94.812617 | N29: 98
H30: STARMALT | K30: =COUNTA([22]Brewhouse!$A$22:$A$29) -> 8 | L30: =AVERAGE([22]Brewhouse!$AY$22:$AY$29) -> 98.065834 | M30: =AVERAGE([22]Brewhouse!$AY$6:$AY$13,[22]Brewhouse!$AY$15:$AY$20,[22]Brewhouse!$AY$22:$AY$29) -> 95.660462 | N30: 98
H31: HR- Pils | M31: =AVERAGE([28]Brewhouse!$AU$5:$AU$8) -> 91.006888 | N31: 98
H32: HR- IPA | N32: 98
H33: HR- APA | N33: 98
K34: =SUM(K24:K33) -> 76 | L34: =((L24*K24)+(L25*K25)+(L26*K26)+(L27*K27)+(L28*K28)+(K31*L31)+(L29*K29)+(L30*K30)+(L33*K33))/(K34) -> 98.700207 | M34: =AVERAGE('[29]Jan 31st'!$L$65,'[30]Feb 28th'!$L$35,L34) -> 96.714395 | N34: 98
J36: Daily Brewing Plan
I37: Brand | J37: Brews Achieved (Mar 14th) | K37: Brews Achieved (Mar 16th) | L37: Average Brews per day
I38: CARIB | J38: =COUNTA(B10:B12) -> 3 | L38: MTD | M38: YTD | N38: TARGET
I39: STAG | K39: =COUNTA(B16:B18) -> 3 | L39: =AVERAGE('Mar. 3rd'!K80,'Mar. 4th'!K81,'Mar. 5th '!K50,'Mar. 6th'!K50,'Mar. 7th & 8th'!J52:K52,'Mar. 10th'!K49,'Mar. 11th'!K49,'Mar. 12th'!K47,'Mar. 13th'!K49,'Mar. 14th & 16th'!K48,'Mar. 14th & 16th'!J48) -> 6.25 | M39: =AVERAGE('[29]Jan 29th '!$M$70,'[30]Feb 28th'!$L$40,L39) -> 6.5869963 | N39: 10
I40: GUINN
I41: VITAMALT
I42: STARMALT
I43: MACKESON
I44: HURRICANE REEF- IPA
I45: HURRICANE REEF- APA
B46: AVERAGE | D46: =AVERAGE(D24:E45) -> 11.81 | I46: HR- PILSNER
I47: CARIBE
I48: Total | J48: =SUM(J38:J47) -> 3 | K48: =SUM(K38:K47) -> 3
B49: Process: | C49: Fermentation/Filtration
B51: Brand | C51: Filt. Date | D51: FV Hls | E51: GFE/ Prim/ Vita Blend (Hls) | F51: SV Hls | G51: BBT Hls | H51: Loss (%) Ferm | I51: Loss (%) Filt | J51: Comments | K51: Throughput | L51: Process Loss (%) | M51: Filt. Operator
U52: 43466 | V52: 43467 | W52: 43468 | X52: 43469 | Y52: 43470 | Z52: 43471 | AA52: 43472 | AB52: 43473 | AC52: 43474 | AD52: 43475 | AE52: 43476 | AF52: 43477 | AG52: 43478 | AH52: 43479 | AI52: 43480 | AJ52: 43481 | AK52: 43482 | AL52: 43483 | AM52: 43484 | AN52: 43485 | AO52: 43486 | AP52: 43487 | AQ52: 43488 | AR52: 43489 | AS52: 43490 | AT52: 43491 | AU52: 43492 | AV52: 43493 | AW52: 43494 | AX52: 43495 | AY52: 43496
B53: =H24 -> CARIB | C53: 45730 | D53: =[31]March_2025!$Q$3 -> 211.3 | F53: =SUM([32]CARIB!$L$22:$L$23,[32]CARIB!$L$28:$L$29) -> 204.46 | G53: =[31]March_2025!$Q$7 -> 193.3 | H53: =(D53-F53)/D53*100 -> 3.2371036 | I53: =((F53+E53)-G53)/(F53+E53)*100 -> 5.4582803 | J53: No Break | K53: =[33]March_2025!$Q$18 -> 0.9665 | L53: =(((D53+E53)-G53)/(D53+E53))*100 -> 8.5186938 | M53: G. Mason | T53: hls
T54: Throughput | U54: =[20]January_2019!D8 -> #DIV/0! | V54: =[20]January_2019!E8 -> 1.0319298 | W54: =[20]January_2019!F8 -> 1.7789474 | X54: =[20]January_2019!G8 -> 0.51929825 | Y54: =[20]January_2019!H8 -> #DIV/0! | Z54: =[20]January_2019!I8 -> #DIV/0! | AA54: =[20]January_2019!J8 -> 1.3652632 | AB54: =[20]January_2019!K8 -> #DIV/0! | ... AY54: =[20]January_2019!AH8 -> #DIV/0!
B58: Process Loss (Volume) | G58: Process Loss (Extract) | K58: Throughput
B59: Brand | C59: Actual | D59: MTD | E59: YTD | F59: Target | G59: Actual | H59: MTD | I59: YTD | J59: Target | K59: Actual | L59: MTD | M59: YTD | N59: Target
B60: CARIB | C60: =L53 -> 8.5186938 | D60: 7.6525944 | E60: 7.1115511 | F60: 4.8 | G60: =[31]March_2025!$Q$11 -> 9.6164695 | H60: 8.0556472 | I60: 7.5541467 | J60: 4.8 | K60: =K53 -> 0.9665 | L60: 0.75892576 | M60: 0.82448383 | N60: 1
B61: STAG | D61: 9.1658489 | E61: 7.0876447 | F61: 4.8 | H61: 10.247382 | I61: 7.319694 | J61: 4.8 | L61: 0.65280324 | M61: 0.7020127 | N61: 1
B62: GUINN | D62: 7.5445173 | E62: 12.682397 | F62: 5.5 | H62: 8.3720218 | I62: 14.322774 | J62: 5.5 | L62: 0.9865 | M62: 0.568621 | N62: 1
B63: VITAMALT | E63: 3.9190537 | F63: 3.3 | I63: 5.3456617 | J63: 3.3 | M63: 0.78853801 | N63: 1
B64: MAXIMALT | F64: 3.3 | J64: 3 | N64: 1
B65: MACKESON | E65: 8.7664671 | F65: =[21]May_2022!$M$43 -> 3.4878407 | I65: 10.607236 | J65: 5.5 | M65: 0.66824561 | N65: 1
B66: STARMALT | D66: 3.0622244 | E66: 2.5618217 | F66: 3.3 | H66: 4.9023005 | I66: 4.6996399 | J66: 3.3 | L66: 0.98925 | M66: 0.86251969 | N66: 1
B67: HURRICANE REEF | F67: 7.5 | J67: 7.5 | N67: 1
B68: HURRICANE REEF PILS | E68: 4.8792509 | F68: 4.8 | I68: 6.2003724 | J68: 4.8 | M68: 0.33859649 | N68: 1
D69: 7.2295495 | E69: 7.1090543 | F69: 4.5 | H69: 7.818373 | I69: 7.9058739 | J69: 4.5 | L69: 0.79187621 | M69: 0.75730177 | N69: 1
AD81: :

Sheet Mar. 17th
T1: P.G. | V1: Hot Time | X1: Process Time | Z1: Cooling Time
B2: Brewing Department Daily Process Loss Report | T2: Lower | U2: Upper | V2: Lower | W2: Upper | X2: Lower | Y2: Upper | Z2: Lower | AA2: Upper
S3: CARIB | T3: 11.6 | U3: 12 | V3: 0 | W3: 0.11805556 | X3: 0.22569444 | Y3: 0.26388889 | Z3: 0 | AA3: 60 | AC3: HR- PISNER
B4: Date: | J4: LOT WORT COLOUR: 3.6 | M4: Filter Sheets (Target 20 days) | S4: STAG | T4: 11.6 | U4: 12 | V4: 0 | W4: 0.11805556 | X4: 0.22569444 | Y4: 0.26388889 | Z4: 0 | AA4: 60
C5: 45734 | M5: Double | N5: Single | S5: GUINNESS | T5: 17 | U5: 17.5 | V5: 0 | W5: 0.10763889 | X5: 0.24652778 | Y5: 0.28472222 | Z5: 0 | AA5: 60
J6: MALT LOT: Lot 32 | L6: Sheet Day | M6: 22 | N6: 18 | S6: MACKESON | T6: 13.3 | U6: 13.5 | V6: 0 | W6: 0.12905093 | X6: 0.27430556 | Y6: 0.30208333 | Z6: 0
S7: STARMALT | T7: 17.1 | U7: 17.5 | V7: 0 | W7: 0.13605324 | X7: 0.27430556 | Y7: 0.30902778 | Z7: 0 | AA7: 60
B8: Brand | C8: Brew no. | D8: Kett. Hls | E8: Wort | F8: Cool Time(Mins) | G8: Cast. P.G. (Lab Result) | H8: Cast P.G. (Cellar Operator)-gravity | I8: Extr. Rec (80.9%) | J8: Theor. Extr. (77.5%) | K8: Boil Off /Vol. (4-6%) | L8: Boil Time | M8: Total Hot | N8: Brewing | O8: Operator | P8: Comments | Q8: Actual Pilsen Malt | S8: Hurricane Reef | T8: 16.6 | U8: 17 | V8: 0 | W8: 0.12905093 | X8: 0.27430556 | Y8: 0.30208333 | Z8: 0
E9: Meter (Hls) | F9: Target(< 60Mins) | M9: Time | S9: VITAMALT | T9: 14.4 | U9: 14.6 | V9: 0 | W9: 0.13905093 | X9: 0.26041667 | Y9: 0.29513889 | Z9: 0 | AA9: 75
B10: STAG | C10: =[24]Brewhouse!$A124 -> ST108 | D10: =[24]Brewhouse!$AD124 -> 53.8 | E10: =[24]Brewhouse!$AG124 -> 50.4 | F10: =[24]Brewhouse!$V124 -> 56 | G10: =[24]Brewhouse!$AE124 -> 11.7 | H10: 11.7 | I10: =[24]Brewhouse!$AS124 -> 97.480302 | J10: =[24]Brewhouse!$AT124 -> 98.791225 | K10: =[24]Brewhouse!$Q124 -> 6.3520871 | L10: =[24]Brewhouse!$P124 -> 59 | M10: =[24]Brewhouse!$U124-[24]Brewhouse!$T124 -> 0.11041667 | N10: =[24]Brewhouse!$AW124 -> 0.24444444 | O10: =[24]Brewhouse!$AV124 -> R. Regis | S10: =B10 -> STAG | T10: =VLOOKUP($B10,$S$3:$Y$9,2,FALSE) -> 11.6 | U10: =VLOOKUP($B10,$S$3:$Y$9,3,FALSE) -> 12 | V10: =VLOOKUP($B10,$S$3:$Y$9,4,FALSE) -> 0 | W10: =VLOOKUP($B10,$S$3:$Y$9,5,FALSE) -> 0.11805556 | X10: =VLOOKUP($B10,$S$3:$Y$9,6,FALSE) -> 0.22569444 | Y10: =VLOOKUP($B10,$S$3:$Y$9,7,FALSE) -> 0.26388889 | Z10: =VLOOKUP($B10,$S$3:$AA$9,8,FALSE) -> 0 | AA10: =VLOOKUP($B10,$S$3:$AA$9,9,FALSE) -> 60
B11: STAG | C11: =[24]Brewhouse!$A125 -> ST109 | D11: =[24]Brewhouse!$AD125 -> 53.7 | E11: =[24]Brewhouse!$AG125 -> 50.2 | F11: =[24]Brewhouse!$V125 -> 58 | G11: =[24]Brewhouse!$AE125 -> 11.85 | H11: 11.8 | I11: =[24]Brewhouse!$AS125 -> 99.211018 | J11: =[24]Brewhouse!$AT125 -> 100.54392 | K11: =[24]Brewhouse!$Q125 -> 5.8076225 | L11: =[24]Brewhouse!$P125 -> 60 | M11: =[24]Brewhouse!$U125-[24]Brewhouse!$T125 -> 0.10902778 | N11: =[24]Brewhouse!$AW125 -> 0.24097222 | O11: =[24]Brewhouse!$AV125 -> R. Regis | S11: =B11 -> STAG | T11: =VLOOKUP($B11,$S$3:$Y$9,2,FALSE) -> 11.6 | U11: =VLOOKUP($B11,$S$3:$Y$9,3,FALSE) -> 12 | V11: =VLOOKUP($B11,$S$3:$Y$9,4,FALSE) -> 0 | W11: =VLOOKUP($B11,$S$3:$Y$9,5,FALSE) -> 0.11805556 | X11: =VLOOKUP($B11,$S$3:$Y$9,6,FALSE) -> 0.22569444 | Y11: =VLOOKUP($B11,$S$3:$Y$9,7,FALSE) -> 0.26388889 | Z11: =VLOOKUP($B11,$S$3:$AA$9,8,FALSE) -> 0 | AA11: =VLOOKUP($B11,$S$3:$AA$9,9,FALSE) -> 60
B12: STAG | C12: =[24]Brewhouse!$A126 -> ST110 | D12: =[24]Brewhouse!$AD126 -> 54 | E12: =[24]Brewhouse!$AG126 -> 50.6 | F12: =[24]Brewhouse!$V126 -> 63 | G12: =[24]Brewhouse!$AE126 -> 11.71 | H12: 11.7 | I12: =[24]Brewhouse!$AS126 -> 98.111702 | J12: =[24]Brewhouse!$AT126 -> 99.430262 | K12: =[24]Brewhouse!$Q126 -> 5.3016453 | L12: =[24]Brewhouse!$P126 -> 60 | M12: =[24]Brewhouse!$U126-[24]Brewhouse!$T126 -> 0.11180556 | N12: =[24]Brewhouse!$AW126 -> 0.24375 | O12: =[24]Brewhouse!$AV126 -> R. Regis | S12: =B12 -> STAG | T12: =VLOOKUP($B12,$S$3:$Y$9,2,FALSE) -> 11.6 | U12: =VLOOKUP($B12,$S$3:$Y$9,3,FALSE) -> 12 | V12: =VLOOKUP($B12,$S$3:$Y$9,4,FALSE) -> 0 | W12: =VLOOKUP($B12,$S$3:$Y$9,5,FALSE) -> 0.11805556 | X12: =VLOOKUP($B12,$S$3:$Y$9,6,FALSE) -> 0.22569444 | Y12: =VLOOKUP($B12,$S$3:$Y$9,7,FALSE) -> 0.26388889 | Z12: =VLOOKUP($B12,$S$3:$AA$9,8,FALSE) -> 0 | AA12: =VLOOKUP($B12,$S$3:$AA$9,9,FALSE) -> 60
B13: STAG | C13: =[24]Brewhouse!$A127 -> ST111 | D13: =[24]Brewhouse!$AD127 -> 54.1 | E13: =[24]Brewhouse!$AG127 -> 50.8 | F13: =[24]Brewhouse!$V127 -> 61 | G13: =[24]Brewhouse!$AE127 -> 11.74 | H13: 11.8 | I13: =[24]Brewhouse!$AS127 -> 98.934461 | J13: =[24]Brewhouse!$AT127 -> 99.947723 | K13: =[24]Brewhouse!$Q127 -> 5.9782609 | L13: =[24]Brewhouse!$P127 -> 61 | M13: =[24]Brewhouse!$U127-[24]Brewhouse!$T127 -> 0.11458333 | N13: =[24]Brewhouse!$AW127 -> 0.25069444 | O13: =[24]Brewhouse!$AV127 -> R. Regis | S13: =B13 -> STAG | T13: =VLOOKUP($B13,$S$3:$Y$9,2,FALSE) -> 11.6 | U13: =VLOOKUP($B13,$S$3:$Y$9,3,FALSE) -> 12 | V13: =VLOOKUP($B13,$S$3:$Y$9,4,FALSE) -> 0 | W13: =VLOOKUP($B13,$S$3:$Y$9,5,FALSE) -> 0.11805556 | X13: =VLOOKUP($B13,$S$3:$Y$9,6,FALSE) -> 0.22569444 | Y13: =VLOOKUP($B13,$S$3:$Y$9,7,FALSE) -> 0.26388889 | Z13: =VLOOKUP($B13,$S$3:$AA$9,8,FALSE) -> 0 | AA13: =VLOOKUP($B13,$S$3:$AA$9,9,FALSE) -> 60
B14: STAG | C14: =[24]Brewhouse!$A128 -> ST112 | D14: =[24]Brewhouse!$AD128 -> 53.5 | E14: =[24]Brewhouse!$AG128 -> 50.3 | F14: =[24]Brewhouse!$V128 -> 61 | G14: =[24]Brewhouse!$AE128 -> 11.76 | H14: 11.8 | I14: =[24]Brewhouse!$AS128 -> 98.841783 | J14: =[24]Brewhouse!$AT128 -> 99.854095 | K14: =[24]Brewhouse!$Q128 -> 4.5703839 | L14: =[24]Brewhouse!$P128 -> 58 | M14: =[24]Brewhouse!$U128-[24]Brewhouse!$T128 -> 0.10833333 | N14: =[24]Brewhouse!$AW128 -> 0.24097222 | O14: =[24]Brewhouse!$AV128 -> R.Sookram | S14: =B14 -> STAG | T14: =VLOOKUP($B14,$S$3:$Y$9,2,FALSE) -> 11.6 | U14: =VLOOKUP($B14,$S$3:$Y$9,3,FALSE) -> 12 | V14: =VLOOKUP($B14,$S$3:$Y$9,4,FALSE) -> 0 | W14: =VLOOKUP($B14,$S$3:$Y$9,5,FALSE) -> 0.11805556 | X14: =VLOOKUP($B14,$S$3:$Y$9,6,FALSE) -> 0.22569444 | Y14: =VLOOKUP($B14,$S$3:$Y$9,7,FALSE) -> 0.26388889 | Z14: =VLOOKUP($B14,$S$3:$AA$9,8,FALSE) -> 0 | AA14: =VLOOKUP($B14,$S$3:$AA$9,9,FALSE) -> 60
S15: =B15 -> 0 | T15: =VLOOKUP($B15,$S$3:$Y$9,2,FALSE) -> #N/A | U15: =VLOOKUP($B15,$S$3:$Y$9,3,FALSE) -> #N/A | V15: =VLOOKUP($B15,$S$3:$Y$9,4,FALSE) -> #N/A | W15: =VLOOKUP($B15,$S$3:$Y$9,5,FALSE) -> #N/A | X15: =VLOOKUP($B15,$S$3:$Y$9,6,FALSE) -> #N/A | Y15: =VLOOKUP($B15,$S$3:$Y$9,7,FALSE) -> #N/A | Z15: =VLOOKUP($B15,$S$3:$AA$9,8,FALSE) -> #N/A | AA15: =VLOOKUP($B15,$S$3:$AA$9,9,FALSE) -> #N/A
B16: CARIB | C16: =[23]Brewhouse!$A296 -> CA193 | D16: =[23]Brewhouse!$AF296 -> 54.2 | E16: =[23]Brewhouse!$AI296 -> 50.4 | F16: =[23]Brewhouse!$V296 -> 62 | G16: =[23]Brewhouse!$AG296 -> 11.7 | I16: =[23]Brewhouse!$AU296 -> 100.31098 | J16: =[23]Brewhouse!$AV296 -> 101.55003 | K16: =[23]Brewhouse!$Q296 -> 8.8014311 | L16: =[23]Brewhouse!$P296 -> 59 | M16: =[23]Brewhouse!$U296-[23]Brewhouse!$T296 -> 0.13888889 | N16: =[23]Brewhouse!$Z296 -> 0.28819444 | O16: =[23]Brewhouse!$AX296 -> R.Sookram | S16: =B16 -> CARIB | T16: =VLOOKUP($B16,$S$3:$Y$9,2,FALSE) -> 11.6 | U16: =VLOOKUP($B16,$S$3:$Y$9,3,FALSE) -> 12 | V16: =VLOOKUP($B16,$S$3:$Y$9,4,FALSE) -> 0 | W16: =VLOOKUP($B16,$S$3:$Y$9,5,FALSE) -> 0.11805556 | X16: =VLOOKUP($B16,$S$3:$Y$9,6,FALSE) -> 0.22569444 | Y16: =VLOOKUP($B16,$S$3:$Y$9,7,FALSE) -> 0.26388889 | Z16: =VLOOKUP($B16,$S$3:$AA$9,8,FALSE) -> 0 | AA16: =VLOOKUP($B16,$S$3:$AA$9,9,FALSE) -> 60
B17: CARIB | C17: =[23]Brewhouse!$A297 -> CA194 | D17: =[23]Brewhouse!$AF297 -> 53.3 | E17: =[23]Brewhouse!$AI297 -> 50.2 | F17: =[23]Brewhouse!$V297 -> 60 | G17: =[23]Brewhouse!$AG297 -> 12 | H17: 12 | I17: =[23]Brewhouse!$AU297 -> 102.74011 | J17: =[23]Brewhouse!$AV297 -> 104.00908 | K17: =[23]Brewhouse!$Q297 -> 8.6535009 | L17: =[23]Brewhouse!$P297 -> 61 | M17: =[23]Brewhouse!$U297-[23]Brewhouse!$T297 -> 0.15069444 | N17: =[23]Brewhouse!$Z297 -> 0.32222222 | O17: =[23]Brewhouse!$AX297 -> K.Benjamin | P17: 20mins extra boil | S17: =B17 -> CARIB | T17: =VLOOKUP($B17,$S$3:$Y$9,2,FALSE) -> 11.6 | U17: =VLOOKUP($B17,$S$3:$Y$9,3,FALSE) -> 12 | V17: =VLOOKUP($B17,$S$3:$Y$9,4,FALSE) -> 0 | W17: =VLOOKUP($B17,$S$3:$Y$9,5,FALSE) -> 0.11805556 | X17: =VLOOKUP($B17,$S$3:$Y$9,6,FALSE) -> 0.22569444 | Y17: =VLOOKUP($B17,$S$3:$Y$9,7,FALSE) -> 0.26388889 | Z17: =VLOOKUP($B17,$S$3:$AA$9,8,FALSE) -> 0 | AA17: =VLOOKUP($B17,$S$3:$AA$9,9,FALSE) -> 60
S18: =B18 -> 0 | T18: =VLOOKUP($B18,$S$3:$Y$9,2,FALSE) -> #N/A | U18: =VLOOKUP($B18,$S$3:$Y$9,3,FALSE) -> #N/A | V18: =VLOOKUP($B18,$S$3:$Y$9,4,FALSE) -> #N/A | W18: =VLOOKUP($B18,$S$3:$Y$9,5,FALSE) -> #N/A | X18: =VLOOKUP($B18,$S$3:$Y$9,6,FALSE) -> #N/A | Y18: =VLOOKUP($B18,$S$3:$Y$9,7,FALSE) -> #N/A | Z18: =VLOOKUP($B18,$S$3:$AA$9,8,FALSE) -> #N/A | AA18: =VLOOKUP($B18,$S$3:$AA$9,9,FALSE) -> #N/A
S19: =B19 -> 0 | T19: =VLOOKUP($B19,$S$3:$Y$9,2,FALSE) -> #N/A | U19: =VLOOKUP($B19,$S$3:$Y$9,3,FALSE) -> #N/A | V19: =VLOOKUP($B19,$S$3:$Y$9,4,FALSE) -> #N/A | W19: =VLOOKUP($B19,$S$3:$Y$9,5,FALSE) -> #N/A | X19: =VLOOKUP($B19,$S$3:$Y$9,6,FALSE) -> #N/A | Y19: =VLOOKUP($B19,$S$3:$Y$9,7,FALSE) -> #N/A | Z19: =VLOOKUP($B19,$S$3:$AA$9,8,FALSE) -> #N/A | AA19: =VLOOKUP($B19,$S$3:$AA$9,9,FALSE) -> #N/A
S20: =B20 -> 0 | T20: =VLOOKUP($B20,$S$3:$Y$9,2,FALSE) -> #N/A | U20: =VLOOKUP($B20,$S$3:$Y$9,3,FALSE) -> #N/A | V20: =VLOOKUP($B20,$S$3:$Y$9,4,FALSE) -> #N/A | W20: =VLOOKUP($B20,$S$3:$Y$9,5,FALSE) -> #N/A | X20: =VLOOKUP($B20,$S$3:$Y$9,6,FALSE) -> #N/A | Y20: =VLOOKUP($B20,$S$3:$Y$9,7,FALSE) -> #N/A | Z20: =VLOOKUP($B20,$S$3:$AA$9,8,FALSE) -> #N/A | AA20: =VLOOKUP($B20,$S$3:$AA$9,9,FALSE) -> #N/A
S21: =B21 -> 0 | T21: =VLOOKUP($B21,$S$3:$Y$9,2,FALSE) -> #N/A | U21: =VLOOKUP($B21,$S$3:$Y$9,3,FALSE) -> #N/A | V21: =VLOOKUP($B21,$S$3:$Y$9,4,FALSE) -> #N/A | W21: =VLOOKUP($B21,$S$3:$Y$9,5,FALSE) -> #N/A | X21: =VLOOKUP($B21,$S$3:$Y$9,6,FALSE) -> #N/A | Y21: =VLOOKUP($B21,$S$3:$Y$9,7,FALSE) -> #N/A | Z21: =VLOOKUP($B21,$S$3:$AA$9,8,FALSE) -> #N/A | AA21: =VLOOKUP($B21,$S$3:$AA$9,9,FALSE) -> #N/A
I22: EXTRACT RECOVERY | S22: =B22 -> 0 | T22: =VLOOKUP($B22,$S$3:$Y$9,2,FALSE) -> #N/A | U22: =VLOOKUP($B22,$S$3:$Y$9,3,FALSE) -> #N/A | V22: =VLOOKUP($B22,$S$3:$Y$9,4,FALSE) -> #N/A | W22: =VLOOKUP($B22,$S$3:$Y$9,5,FALSE) -> #N/A | X22: =VLOOKUP($B22,$S$3:$Y$9,6,FALSE) -> #N/A | Y22: =VLOOKUP($B22,$S$3:$Y$9,7,FALSE) -> #N/A | Z22: =VLOOKUP($B22,$S$3:$AA$9,8,FALSE) -> #N/A | AA22: =VLOOKUP($B22,$S$3:$AA$9,9,FALSE) -> #N/A
B23: BRAND | D23: BBT P.G./ O.G | I23: Brand | J23: Actual | K23: MTD No. of Brews | L23: MTD | M23: YTD | N23: Target | S23: =B23 -> BRAND | T23: =VLOOKUP($B23,$S$3:$Y$9,2,FALSE) -> #N/A | U23: =VLOOKUP($B23,$S$3:$Y$9,3,FALSE) -> #N/A | V23: =VLOOKUP($B23,$S$3:$Y$9,4,FALSE) -> #N/A | W23: =VLOOKUP($B23,$S$3:$Y$9,5,FALSE) -> #N/A | X23: =VLOOKUP($B23,$S$3:$Y$9,6,FALSE) -> #N/A | Y23: =VLOOKUP($B23,$S$3:$Y$9,7,FALSE) -> #N/A | Z23: =VLOOKUP($B23,$S$3:$AA$9,8,FALSE) -> #N/A | AA23: =VLOOKUP($B23,$S$3:$AA$9,9,FALSE) -> #N/A
B24: STAG | C24: {=[24]Process!$D$100:$D$103} -> 12.1 | D24: 11.84 | I24: CARIB | J24: =AVERAGE(I16:I17) -> 101.52555 | K24: =COUNTA([23]Brewhouse!$A$255:$A$297) -> 43 | L24: =AVERAGE([23]Brewhouse!$AU$255:$AU$297) -> 99.017289 | M24: =AVERAGE([23]Brewhouse!$AU$102:$AU$171,[23]Brewhouse!$AU$173:$AU$253,[23]Brewhouse!$AU$255:$AU$297) -> 96.362933 | N24: 98
C25: 12 | I25: STAG | J25: =AVERAGE(I10:I14) -> 98.515853 | K25: =COUNTA([24]Brewhouse!$A$105:$A$128) -> 24 | L25: =AVERAGE([24]Brewhouse!$AS$105:$AS$128) -> 98.709474 | M25: =AVERAGE([24]Brewhouse!$AS$15:$AS$64,[24]Brewhouse!$AS$66:$AS$103,[24]Brewhouse!$AS$105:$AS$128) -> 96.492521 | N25: 98
C26: 11.8 | D26: 11.81 | I26: GUINNESS | K26: =COUNTA([25]Brewhouse!$A$24:$A$31) -> 8 | L26: =AVERAGE([25]Brewhouse!$AU$24:$AU$31) -> 98.193577 | M26: =AVERAGE([25]Brewhouse!$AU$4:$AU$7,[25]Brewhouse!$AU$9:$AU$22,[25]Brewhouse!$AU$24:$AU$31) -> 96.826546 | N26: 98
C27: 11.8 | I27: VITAMALT | M27: =AVERAGE([26]Brewhouse!$AV$5:$AV$14,[26]Brewhouse!$AV$16:$AV$19) -> 98.230958 | N27: 98
I28: MAXIMALT | N28: 98
I29: MACKESON | M29: =AVERAGE([27]Brewhouse!$AT$4:$AT$11) -> 94.812617 | N29: 98
I30: STARMALT | K30: =COUNTA([22]Brewhouse!$A$22:$A$29) -> 8 | L30: =AVERAGE([22]Brewhouse!$AY$22:$AY$29) -> 98.065834 | M30: =AVERAGE([22]Brewhouse!$AY$6:$AY$13,[22]Brewhouse!$AY$15:$AY$20,[22]Brewhouse!$AY$22:$AY$29) -> 95.660462 | N30: 98
I31: HR- Pils | M31: =AVERAGE([28]Brewhouse!$AU$5:$AU$8) -> 91.006888 | N31: 98
I32: HR- IPA | N32: 98
I33: HR- APA | N33: 98
K34: =SUM(K24:K33) -> 83 | L34: =((L24*K24)+(L25*K25)+(L26*K26)+(L27*K27)+(L28*K28)+(K31*L31)+(L29*K29)+(L30*K30)+(L33*K33))/(K34) -> 98.757182 | M34: =AVERAGE('[29]Jan 31st'!$L$65,'[30]Feb 28th'!$L$35,L34) -> 96.733386 | N34: 98
J36: Daily Brewing Plan
J37: Brand | K37: Brews Achieved | L37: Average Brews per day
J38: CARIB | K38: =COUNTA(B16:B17) -> 2 | L38: MTD | M38: YTD | N38: TARGET
J39: STAG | K39: =COUNTA(B10:B14) -> 5 | L39: =AVERAGE('Mar. 3rd'!K80,'Mar. 4th'!K81,'Mar. 5th '!K50,'Mar. 6th'!K50,'Mar. 7th & 8th'!J52:K52,'Mar. 10th'!K49,'Mar. 11th'!K49,'Mar. 12th'!K47,'Mar. 13th'!K49,'Mar. 14th & 16th'!J48,'Mar. 14th & 16th'!K48,'Mar. 17th'!K48) -> 6.3076923 | M39: =AVERAGE('[29]Jan 29th '!$M$70,'[30]Feb 28th'!$L$40,L39) -> 6.6062271 | N39: 10
J40: GUINN
J41: VITAMALT
J42: STARMALT
J43: MACKESON
J44: HURRICANE REEF- IPA
J45: HURRICANE REEF- APA
B46: AVERAGE | D46: =AVERAGE(D24:E45) -> 11.825 | J46: HR- PILSNER
J47: CARIBE
J48: Total | K48: =SUM(K38:K47) -> 7
B49: Process: | C49: Fermentation/Filtration
B51: Brand | C51: Filt. Date | D51: FV Hls | E51: GFE/ Prim/ Vita Blend (Hls) | F51: SV Hls | G51: BBT Hls | H51: Loss (%) Ferm | I51: Loss (%) Filt | J51: Comments | K51: Throughput | L51: Process Loss (%) | M51: Filt. Operator
U52: 43466 | V52: 43467 | W52: 43468 | X52: 43469 | Y52: 43470 | Z52: 43471 | AA52: 43472 | AB52: 43473 | AC52: 43474 | AD52: 43475 | AE52: 43476 | AF52: 43477 | AG52: 43478 | AH52: 43479 | AI52: 43480 | AJ52: 43481 | AK52: 43482 | AL52: 43483 | AM52: 43484 | AN52: 43485 | AO52: 43486 | AP52: 43487 | AQ52: 43488 | AR52: 43489 | AS52: 43490 | AT52: 43491 | AU52: 43492 | AV52: 43493 | AW52: 43494 | AX52: 43495 | AY52: 43496
B53: =J39 -> STAG | C53: 45733 | D53: =[31]March_2025!$T$13 -> 196.4 | F53: =SUM([32]STAG!$L$24:$L$27) -> 183.2 | G53: =[31]March_2025!$T$17 -> 173.9 | H53: =(D53-F53)/D53*100 -> 6.7209776 | I53: =((F53+E53)-G53)/(F53+E53)*100 -> 5.0764192 | J53: No Break | K53: =[33]March_2025!$T$25 -> 0.8695 | L53: =(((D53+E53)-G53)/(D53+E53))*100 -> 11.456212 | M53: J. Nelson | T53: hls
T54: Throughput | U54: =[20]January_2019!D8 -> #DIV/0! | V54: =[20]January_2019!E8 -> 1.0319298 | W54: =[20]January_2019!F8 -> 1.7789474 | X54: =[20]January_2019!G8 -> 0.51929825 | Y54: =[20]January_2019!H8 -> #DIV/0! | Z54: =[20]January_2019!I8 -> #DIV/0! | AA54: =[20]January_2019!J8 -> 1.3652632 | AB54: =[20]January_2019!K8 -> #DIV/0! | ... AY54: =[20]January_2019!AH8 -> #DIV/0!
B58: Process Loss (Volume) | G58: Process Loss (Extract) | K58: Throughput
B59: Brand | C59: Actual | D59: MTD | E59: YTD | F59: Target | G59: Actual | H59: MTD | I59: YTD | J59: Target | K59: Actual | L59: MTD | M59: YTD | N59: Target
B60: CARIB | D60: 7.6525944 | E60: 7.1115511 | F60: 4.8 | H60: 8.0556472 | I60: 7.5541467 | J60: 4.8 | L60: 0.75892576 | M60: 0.82448383 | N60: 1
B61: STAG | C61: =L53 -> 11.456212 | D61: 9.8030883 | E61: 7.2780659 | F61: 4.8 | G61: =[31]March_2025!$T$21 -> 12.236646 | H61: 10.799415 | I61: 7.5354424 | J61: 4.8 | K61: =K53 -> 0.8695 | L61: 0.71521534 | M61: 0.70952025 | N61: 1
B62: GUINN | D62: 7.5445173 | E62: 12.682397 | F62: 5.5 | H62: 8.3720218 | I62: 14.322774 | J62: 5.5 | L62: 0.9865 | M62: 0.568621 | N62: 1
B63: VITAMALT | E63: 3.9190537 | F63: 3.3 | I63: 5.3456617 | J63: 3.3 | M63: 0.78853801 | N63: 1
B64: MAXIMALT | F64: 3.3 | J64: 3 | N64: 1
B65: MACKESON | E65: 8.7664671 | F65: =[21]May_2022!$M$43 -> 3.4878407 | I65: 10.607236 | J65: 5.5 | M65: 0.66824561 | N65: 1
B66: STARMALT | D66: 3.0622244 | E66: 2.5618217 | F66: 3.3 | H66: 4.9023005 | I66: 4.6996399 | J66: 3.3 | L66: 0.98925 | M66: 0.86251969 | N66: 1
B67: HURRICANE REEF | F67: 7.5 | J67: 7.5 | N67: 1
B68: HURRICANE REEF PILS | E68: 4.8792509 | F68: 4.8 | I68: 6.2003724 | J68: 4.8 | M68: 0.33859649 | N68: 1
