Workbook

Sheet Entries March.'25
B1: ENTRIES FOR DAILY CONS. MONITOR | O1: =B1 -> ENTRIES FOR DAILY CONS. MONITOR
C2: old | F2: old | O2: Service 227.3 cubic meters (2273 Hls)Filtered 189.3 cubic meters(1893 Hls)
D3: FUEL | J3: ELECT. | L3: CO2 | O3: WATER | AG3: CO2 Scrubber (m3) | AH3: Supply to Washdown Area (m3) | AI3: Supply to RUs (m3) | AJ3: Steam Mass Flow Meter | AK3: CO2 TANKS' READING
B4: Boilers tot. | C4: Boiler 1 | D4: Gen. meter | E4: Tank level | F4: Boiler 1 | G4: Boiler 2 | H4: Gen | I4: Meter1 | J4: Meter 2 | K4: Gen Meter | L4: Collection | M4: Consumption | N4: Consumption (Filler) (kg) | O4: Nawasa Meter (m3) | P4: Annandale Supply (m3) | Q4: Service Supply to Plant (m3) | R4: Cellars/Filtration (m3) | S4: Brewhouse Meter (m3) | T4: Cellars/Process Areas (m3) | U4: Pasteuriser (m3) | V4: Water Plant-Nawasa Annadale (m3) | W4: Water Plant-Well # 1 (m3) | X4: CIP Process | Y4: Bottle Washer | Z4: Boiler | AA4: Permeate #1 | AB4: Permeate #2 | AC4: Bottle Filler (m3) | AD4: RO # 1 Totaliser (m3) | AE4: RO # 2 Totaliser (m3) | AF4: Recovered Water (m3) | AK4: (Kg.) | AL4: ` | AM4: (Lbs.) | AN4: (Kg.)
A5: DATE | B5: (liters) | C5: (liters) | D5: (Imp. gals) | E5: (inches) | F5: Hrs | G5: Hrs | H5: Hrs. | I5: (Kwhr) | J5: (Kwhr) | K5: (Kwhr) | L5: Meter (kg) | M5: Meter (kg) | X5: (m3) | Y5: (m3) | Z5: (m3) | AK5: Tank "A" | AL5: Tank "B" | AM5: Mobile Tanker | AN5: Inside Tank
A6: -
A7: 1 | B7: 7222980 | E7: 70 | F7: 2790.8 | G7: 68209 | I7: 312699 | J7: 886109 | K7: 466400 | N7: 709.64 | O7: 170538 | P7: 8010 | Q7: 889883 | S7: 35099 | U7: 20636 | V7: 1285230 | X7: 31073 | Y7: 29173 | Z7: 5490 | AA7: 97122 | AC7: 39340 | AD7: 258781 | AJ7: 7266613
A8: 2 | B8: 7223390 | E8: 70 | F8: 2797.3 | G8: 68209 | I8: 315005 | J8: 888285 | K8: 466400 | N8: 709.64 | O8: 170538 | P8: 8196 | Q8: 889957 | S8: 35100 | U8: 20636 | V8: 1285426 | X8: 31073 | Y8: 29209 | Z8: 5496 | AA8: 97122 | AC8: 39340 | AD8: 258781 | AJ8: 7266613
A9: 3 | B9: 7223930 | E9: 70 | F9: 2800.2 | G9: 68209 | I9: 317175 | J9: 890331 | K9: 466400 | N9: 709.64 | O9: 170538 | P9: 8196 | Q9: 889988 | S9: 35100 | U9: 20636 | V9: 1285426 | X9: 31073 | Y9: 29209 | Z9: 5496 | AA9: 97122 | AC9: 39340 | AD9: 258781 | AJ9: 7266613
A10: 4 | B10: 7226410 | E10: 70 | F10: 2818.2 | G10: 68209 | I10: 321262 | J10: 894192 | K10: 466400 | N10: 709.64 | O10: 170917 | P10: 8208 | Q10: 890095 | S10: 35287 | U10: 20636 | V10: 1285438 | X10: 31094 | Y10: 29272 | Z10: 5505 | AA10: 97122 | AC10: 39342 | AD10: 258893 | AJ10: 7266766.6
A11: 5 | B11: 7229680 | E11: 70 | F11: 2840.5 | G11: 68209 | I11: 325655 | J11: 898346 | K11: 466400 | N11: 851.51 | O11: 171359 | P11: 8208 | Q11: 890327 | S11: 35499 | U11: 20644 | V11: 1285439 | X11: 31139 | Y11: 29355 | Z11: 5523 | AA11: 97122 | AC11: 39364 | AD11: 258947 | AJ11: 7266891.1
A12: 6 | B12: 7232720 | E12: 70 | F12: 2861.3 | G12: 68209 | I12: 329893 | J12: 902349 | K12: 466400 | N12: 880.47 | O12: 171795 | P12: 8208 | Q12: 890533 | S12: 35672 | U12: 20644 | V12: 1285439 | X12: 31209 | Y12: 29415 | Z12: 5538 | AA12: 97122 | AC12: 39379 | AD12: 258993 | AJ12: 7266901.5
A13: 7 | B13: 7235440 | E13: 70 | F13: 2881.5 | G13: 68209 | I13: 334041 | J13: 906267 | K13: 466400 | N13: 915.52 | O13: 172053 | P13: 8208 | Q13: 890734 | S13: 35865 | U13: 20644 | V13: 1285439 | X13: 31294 | Y13: 29473 | Z13: 5556 | AA13: 97122 | AC13: 39402 | AD13: 259023 | AJ13: 7267605.2
A14: 8 | B14: 7237820 | E14: 70 | F14: 2899 | G14: 68209 | I14: 337821 | J14: 909835 | K14: 466400 | N14: 953.19 | O14: 172294 | P14: 8328 | Q14: 890888 | S14: 36081 | U14: 20644 | V14: 1285569 | X14: 31315 | Y14: 29521 | Z14: 5556 | AA14: 97122 | AC14: 39415 | AD14: 259023 | AJ14: 7267940.9
A15: 9 | B15: 7238820 | E15: 70 | F15: 2907.6 | G15: 68209 | I15: 340200 | J15: 912080 | K15: 466400 | N15: 958.15 | O15: 172436 | P15: 8409 | Q15: 890988 | S15: 36152 | U15: 20644 | V15: 1285651 | X15: 31329 | Y15: 29546 | Z15: 5571 | AA15: 97122 | AC15: 39415 | AD15: 259023 | AJ15: 7268276.7
A16: 10 | B16: 7238920 | E16: 70 | F16: 2908.5 | G16: 68209 | I16: 342345 | J16: 914108 | K16: 466400 | N16: 958.15 | O16: 172513 | P16: 8430 | Q16: 890998 | S16: 36152 | U16: 20644 | V16: 1285673 | X16: 31329 | Y16: 29546 | Z16: 5572 | AA16: 97122 | AC16: 39415 | AD16: 259023 | AJ16: 7268276.7
A17: 11 | B17: 7242020 | E17: 70 | F17: 2928 | G17: 68209 | I17: 346459 | J17: 917994 | K17: 466400 | N17: 978.29 | O17: 172578 | P17: 8525 | Q17: 891163 | S17: 36343 | U17: 20666 | V17: 1285825 | X17: 31388 | Y17: 29585 | Z17: 5598 | AA17: 97122 | AC17: 39429 | AD17: 259023 | AJ17: 7268280.5
A18: 12 | B18: 7245060 | E18: 70 | F18: 2949.9 | G18: 68209 | I18: 350745 | J18: 922046 | K18: 466400 | N18: 1003.78 | O18: 172826 | P18: 8643 | Q18: 891285 | S18: 36491 | U18: 20669 | V18: 1285825 | X18: 31407 | Y18: 29620 | Z18: 5634 | AA18: 97122 | AC18: 39443 | AD18: 259023 | AJ18: 7268410.9
... A38: 1 | B38: 7286550 | E38: 60 | F38: 3237.2 | G38: 68209 | I38: 423002 | J38: 990124 | K38: 468000 | N38: 1443.16 | O38: 175016 | P38: 11772 | Q38: 894109 | S38: 39003 | U38: 20678 | V38: 1288667 | X38: 31994 | Y38: 30669 | Z38: 6258 | AA38: 97122 | AC38: 39679 | AD38: 259026 | AJ38: 7268541.2

Sheet Utility Analysis March. 2025
F2: GRENADA BREWERIES LIMITED
F3: UTILITY ANALYSIS
A5: MONTH: | E5: 39295
A7: DATE | B7: ELECTRICITY GRENLEC | C7: CARIB GENSET | D7: ELECTRICITY TOTAL | E7: WATER | F7: FUEL | G7: CO2 | H7: PRODUCTION - HL | M7: UTILITY RATIOS
M8: Elect | N8: Water | O8: Fuel | P8: CO2 | Q8: Comments
B9: USAGE (kwh) | C9: USAGE (kwh) | D9: USAGE (kwh) | E9: USAGE (Hl) | F9: USAGE (l) | G9: USAGE (Kg.) | H9: BREWED | I9: BOTTLED | J9: KEGS | K9: OTHER | L9: TOTAL | M9: KWH/Hl | N9: Hl/hl | O9: Litres/hl | P9: kg./Hl
A10: 1 | B10: =IF(('Entries March.''25'!I8-'Entries March.''25'!I7)+('Entries March.''25'!J8-'Entries March.''25'!J7)<1,"0",('Entries March.''25'!I8-'Entries March.''25'!I7)+('Entries March.''25'!J8-'Entries March.''25'!J7)) -> 4482 | C10: =IF('Entries March.''25'!K8-'Entries March.''25'!K7<=0,"0",'Entries March.''25'!K8-'Entries March.''25'!K7) -> 0 | D10: =B10+C10 -> 4482 | E10: ='Water '!$S7 -> -100 | F10: =IF('Entries March.''25'!B8-'Entries March.''25'!B7<1,"0",'Entries March.''25'!B8-'Entries March.''25'!B7) -> 410 | G10: ='CO2'!B7 -> 0 | H10: =+'PROD.FIG. '!F5 -> 0 | I10: =+'PROD.FIG. '!C5 -> 0 | J10: =+'PROD.FIG. '!D5 -> 0 | K10: =+'PROD.FIG. '!E5 -> 0 | M10: =IF(SUM($I10:$J10)<1,0,B10/SUM($I10:$J10)) -> 0 | N10: =IF(SUM($I10:$J10)<1,0,E10/SUM($I10:$J10)) -> 0 | O10: =IF(SUM($I10:$J10)<1,0,F10/SUM($I10:$J10)) -> 0 | P10: =IF(SUM($I10:$J10)<1,0,G10/SUM($I10:$J10)) -> 0
A11: 2 | B11: =IF(('Entries March.''25'!I9-'Entries March.''25'!I8)+('Entries March.''25'!J9-'Entries March.''25'!J8)<1,"0",('Entries March.''25'!I9-'Entries March.''25'!I8)+('Entries March.''25'!J9-'Entries March.''25'!J8)) -> 4216 | C11: =IF('Entries March.''25'!K9-'Entries March.''25'!K8<=0,"0",'Entries March.''25'!K9-'Entries March.''25'!K8) -> 0 | D11: =B11+C11 -> 4216 | E11: ='Water '!$S8 -> 0 | F11: =IF('Entries March.''25'!B9-'Entries March.''25'!B8<1,"0",'Entries March.''25'!B9-'Entries March.''25'!B8) -> 540 | G11: ='CO2'!B8 -> 0 | H11: =+'PROD.FIG. '!F6 -> 0 | I11: =+'PROD.FIG. '!C6 -> 0 | J11: =+'PROD.FIG. '!D6 -> 0 | K11: =+'PROD.FIG. '!E6 -> 0 | M11: =IF(SUM($I11:$J11)<1,0,B11/SUM($I11:$J11)) -> 0 | N11: =IF(SUM($I11:$J11)<1,0,E11/SUM($I11:$J11)) -> 0 | O11: =IF(SUM($I11:$J11)<1,0,F11/SUM($I11:$J11)) -> 0 | P11: =IF(SUM($I11:$J11)<1,0,G11/SUM($I11:$J11)) -> 0
A12: 3 | B12: =IF(('Entries March.''25'!I10-'Entries March.''25'!I9)+('Entries March.''25'!J10-'Entries March.''25'!J9)<1,"0",('Entries March.''25'!I10-'Entries March.''25'!I9)+('Entries March.''25'!J10-'Entries March.''25'!J9)) -> 7948 | C12: =IF('Entries March.''25'!K10-'Entries March.''25'!K9<=0,"0",'Entries March.''25'!K10-'Entries March.''25'!K9) -> 0 | D12: =B12+C12 -> 7948 | E12: ='Water '!$S9 -> 3790 | F12: =IF('Entries March.''25'!B10-'Entries March.''25'!B9<1,"0",'Entries March.''25'!B10-'Entries March.''25'!B9) -> 2480 | G12: ='CO2'!B9 -> 0 | H12: =+'PROD.FIG. '!F7 -> 0 | I12: =+'PROD.FIG. '!C7 -> 0 | J12: =+'PROD.FIG. '!D7 -> 0 | K12: =+'PROD.FIG. '!E7 -> 0 | M12: =IF(SUM($I12:$J12)<1,0,B12/SUM($I12:$J12)) -> 0 | N12: =IF(SUM($I12:$J12)<1,0,E12/SUM($I12:$J12)) -> 0 | O12: =IF(SUM($I12:$J12)<1,0,F12/SUM($I12:$J12)) -> 0 | P12: =IF(SUM($I12:$J12)<1,0,G12/SUM($I12:$J12)) -> 0
A13: 4 | B13: =IF(('Entries March.''25'!I11-'Entries March.''25'!I10)+('Entries March.''25'!J11-'Entries March.''25'!J10)<1,"0",('Entries March.''25'!I11-'Entries March.''25'!I10)+('Entries March.''25'!J11-'Entries March.''25'!J10)) -> 8547 | C13: =IF('Entries March.''25'!K11-'Entries March.''25'!K10<=0,"0",'Entries March.''25'!K11-'Entries March.''25'!K10) -> 0 | D13: =B13+C13 -> 8547 | E13: ='Water '!$S10 -> 4410 | F13: =IF('Entries March.''25'!B11-'Entries March.''25'!B10<1,"0",'Entries March.''25'!B11-'Entries March.''25'!B10) -> 3270 | G13: ='CO2'!B10 -> 141.87 | H13: =+'PROD.FIG. '!F8 -> 0 | I13: =+'PROD.FIG. '!C8 -> 0 | J13: =+'PROD.FIG. '!D8 -> 0 | K13: =+'PROD.FIG. '!E8 -> 0 | M13: =IF(SUM($I13:$J13)<1,0,B13/SUM($I13:$J13)) -> 0 | N13: =IF(SUM($I13:$J13)<1,0,E13/SUM($I13:$J13)) -> 0 | O13: =IF(SUM($I13:$J13)<1,0,F13/SUM($I13:$J13)) -> 0 | P13: =IF(SUM($I13:$J13)<1,0,G13/SUM($I13:$J13)) -> 0
A14: 5 | B14: =IF(('Entries March.''25'!I12-'Entries March.''25'!I11)+('Entries March.''25'!J12-'Entries March.''25'!J11)<1,"0",('Entries March.''25'!I12-'Entries March.''25'!I11)+('Entries March.''25'!J12-'Entries March.''25'!J11)) -> 8241 | C14: =IF('Entries March.''25'!K12-'Entries March.''25'!K11<=0,"0",'Entries March.''25'!K12-'Entries March.''25'!K11) -> 0 | D14: =B14+C14 -> 8241 | E14: ='Water '!$S11 -> 4360 | F14: =IF('Entries March.''25'!B12-'Entries March.''25'!B11<1,"0",'Entries March.''25'!B12-'Entries March.''25'!B11) -> 3040 | G14: ='CO2'!B11 -> 28.96 | H14: =+'PROD.FIG. '!F9 -> 0 | I14: =+'PROD.FIG. '!C9 -> 0 | J14: =+'PROD.FIG. '!D9 -> 0 | K14: =+'PROD.FIG. '!E9 -> 0 | M14: =IF(SUM($I14:$J14)<1,0,B14/SUM($I14:$J14)) -> 0 | N14: =IF(SUM($I14:$J14)<1,0,E14/SUM($I14:$J14)) -> 0 | O14: =IF(SUM($I14:$J14)<1,0,F14/SUM($I14:$J14)) -> 0 | P14: =IF(SUM($I14:$J14)<1,0,G14/SUM($I14:$J14)) -> 0
A15: 6 | B15: =IF(('Entries March.''25'!I13-'Entries March.''25'!I12)+('Entries March.''25'!J13-'Entries March.''25'!J12)<1,"0",('Entries March.''25'!I13-'Entries March.''25'!I12)+('Entries March.''25'!J13-'Entries March.''25'!J12)) -> 8066 | C15: =IF('Entries March.''25'!K13-'Entries March.''25'!K12<=0,"0",'Entries March.''25'!K13-'Entries March.''25'!K12) -> 0 | D15: =B15+C15 -> 8066 | E15: ='Water '!$S12 -> 2580 | F15: =IF('Entries March.''25'!B13-'Entries March.''25'!B12<1,"0",'Entries March.''25'!B13-'Entries March.''25'!B12) -> 2720 | G15: ='CO2'!B12 -> 35.05 | H15: =+'PROD.FIG. '!F10 -> 0 | I15: =+'PROD.FIG. '!C10 -> 0 | J15: =+'PROD.FIG. '!D10 -> 0 | K15: =+'PROD.FIG. '!E10 -> 0 | M15: =IF(SUM($I15:$J15)<1,0,B15/SUM($I15:$J15)) -> 0 | N15: =IF(SUM($I15:$J15)<1,0,E15/SUM($I15:$J15)) -> 0 | O15: =IF(SUM($I15:$J15)<1,0,F15/SUM($I15:$J15)) -> 0 | P15: =IF(SUM($I15:$J15)<1,0,G15/SUM($I15:$J15)) -> 0
A16: 7 | B16: =IF(('Entries March.''25'!I14-'Entries March.''25'!I13)+('Entries March.''25'!J14-'Entries March.''25'!J13)<1,"0",('Entries March.''25'!I14-'Entries March.''25'!I13)+('Entries March.''25'!J14-'Entries March.''25'!J13)) -> 7348 | C16: =IF('Entries March.''25'!K14-'Entries March.''25'!K13<=0,"0",'Entries March.''25'!K14-'Entries March.''25'!K13) -> 0 | D16: =B16+C16 -> 7348 | E16: ='Water '!$S13 -> 2310 | F16: =IF('Entries March.''25'!B14-'Entries March.''25'!B13<1,"0",'Entries March.''25'!B14-'Entries March.''25'!B13) -> 2380 | G16: ='CO2'!B13 -> 37.67 | H16: =+'PROD.FIG. '!F11 -> 0 | I16: =+'PROD.FIG. '!C11 -> 0 | J16: =+'PROD.FIG. '!D11 -> 0 | K16: =+'PROD.FIG. '!E11 -> 0 | M16: =IF(SUM($I16:$J16)<1,0,B16/SUM($I16:$J16)) -> 0 | N16: =IF(SUM($I16:$J16)<1,0,E16/SUM($I16:$J16)) -> 0 | O16: =IF(SUM($I16:$J16)<1,0,F16/SUM($I16:$J16)) -> 0 | P16: =IF(SUM($I16:$J16)<1,0,G16/SUM($I16:$J16)) -> 0
A17: 8 | B17: =IF(('Entries March.''25'!I15-'Entries March.''25'!I14)+('Entries March.''25'!J15-'Entries March.''25'!J14)<1,"0",('Entries March.''25'!I15-'Entries March.''25'!I14)+('Entries March.''25'!J15-'Entries March.''25'!J14)) -> 4624 | C17: =IF('Entries March.''25'!K15-'Entries March.''25'!K14<=0,"0",'Entries March.''25'!K15-'Entries March.''25'!K14) -> 0 | D17: =B17+C17 -> 4624 | E17: ='Water '!$S14 -> 1410 | F17: =IF('Entries March.''25'!B15-'Entries March.''25'!B14<1,"0",'Entries March.''25'!B15-'Entries March.''25'!B14) -> 1000 | G17: ='CO2'!B14 -> 4.96 | H17: =+'PROD.FIG. '!F12 -> 0 | I17: =+'PROD.FIG. '!C12 -> 0 | J17: =+'PROD.FIG. '!D12 -> 0 | K17: =+'PROD.FIG. '!E12 -> 0 | M17: =IF(SUM($I17:$J17)<1,0,B17/SUM($I17:$J17)) -> 0 | N17: =IF(SUM($I17:$J17)<1,0,E17/SUM($I17:$J17)) -> 0 | O17: =IF(SUM($I17:$J17)<1,0,F17/SUM($I17:$J17)) -> 0 | P17: =IF(SUM($I17:$J17)<1,0,G17/SUM($I17:$J17)) -> 0
A18: 9 | B18: =IF(('Entries March.''25'!I16-'Entries March.''25'!I15)+('Entries March.''25'!J16-'Entries March.''25'!J15)<1,"0",('Entries March.''25'!I16-'Entries March.''25'!I15)+('Entries March.''25'!J16-'Entries March.''25'!J15)) -> 4173 | C18: =IF('Entries March.''25'!K16-'Entries March.''25'!K15<=0,"0",'Entries March.''25'!K16-'Entries March.''25'!K15) -> 0 | D18: =B18+C18 -> 4173 | E18: ='Water '!$S15 -> 760 | F18: =IF('Entries March.''25'!B16-'Entries March.''25'!B15<1,"0",'Entries March.''25'!B16-'Entries March.''25'!B15) -> 100 | G18: ='CO2'!B15 -> 0 | H18: =+'PROD.FIG. '!F13 -> 0 | I18: =+'PROD.FIG. '!C13 -> 0 | J18: =+'PROD.FIG. '!D13 -> 0 | K18: =+'PROD.FIG. '!E13 -> 0 | M18: =IF(SUM($I18:$J18)<1,0,B18/SUM($I18:$J18)) -> 0 | N18: =IF(SUM($I18:$J18)<1,0,E18/SUM($I18:$J18)) -> 0 | O18: =IF(SUM($I18:$J18)<1,0,F18/SUM($I18:$J18)) -> 0 | P18: =IF(SUM($I18:$J18)<1,0,G18/SUM($I18:$J18)) -> 0
A19: 10 | B19: =IF(('Entries March.''25'!I17-'Entries March.''25'!I16)+('Entries March.''25'!J17-'Entries March.''25'!J16)<1,"0",('Entries March.''25'!I17-'Entries March.''25'!I16)+('Entries March.''25'!J17-'Entries March.''25'!J16)) -> 8000 | C19: =IF('Entries March.''25'!K17-'Entries March.''25'!K16<=0,"0",'Entries March.''25'!K17-'Entries March.''25'!K16) -> 0 | D19: =B19+C19 -> 8000 | E19: ='Water '!$S16 -> 80 | F19: =IF('Entries March.''25'!B17-'Entries March.''25'!B16<1,"0",'Entries March.''25'!B17-'Entries March.''25'!B16) -> 3100 | G19: ='CO2'!B16 -> 20.14 | H19: =+'PROD.FIG. '!F14 -> 0 | I19: =+'PROD.FIG. '!C14 -> 0 | J19: =+'PROD.FIG. '!D14 -> 0 | K19: =+'PROD.FIG. '!E14 -> 0 | M19: =IF(SUM($I19:$J19)<1,0,B19/SUM($I19:$J19)) -> 0 | N19: =IF(SUM($I19:$J19)<1,0,E19/SUM($I19:$J19)) -> 0 | O19: =IF(SUM($I19:$J19)<1,0,F19/SUM($I19:$J19)) -> 0 | P19: =IF(SUM($I19:$J19)<1,0,G19/SUM($I19:$J19)) -> 0
A20: 11 | B20: =IF(('Entries March.''25'!I18-'Entries March.''25'!I17)+('Entries March.''25'!J18-'Entries March.''25'!J17)<1,"0",('Entries March.''25'!I18-'Entries March.''25'!I17)+('Entries March.''25'!J18-'Entries March.''25'!J17)) -> 8338 | C20: =IF('Entries March.''25'!K18-'Entries March.''25'!K17<=0,"0",'Entries March.''25'!K18-'Entries March.''25'!K17) -> 0 | D20: =B20+C20 -> 8338 | E20: ='Water '!$S17 -> 3660 | F20: =IF('Entries March.''25'!B18-'Entries March.''25'!B17<1,"0",'Entries March.''25'!B18-'Entries March.''25'!B17) -> 3040 | G20: ='CO2'!B17 -> 25.49 | H20: =+'PROD.FIG. '!F15 -> 0 | I20: =+'PROD.FIG. '!C15 -> 0 | J20: =+'PROD.FIG. '!D15 -> 0 | K20: =+'PROD.FIG. '!E15 -> 0 | M20: =IF(SUM($I20:$J20)<1,0,B20/SUM($I20:$J20)) -> 0 | N20: =IF(SUM($I20:$J20)<1,0,E20/SUM($I20:$J20)) -> 0 | O20: =IF(SUM($I20:$J20)<1,0,F20/SUM($I20:$J20)) -> 0 | P20: =IF(SUM($I20:$J20)<1,0,G20/SUM($I20:$J20)) -> 0
A21: 12 | B21: =IF(('Entries March.''25'!I19-'Entries March.''25'!I18)+('Entries March.''25'!J19-'Entries March.''25'!J18)<1,"0",('Entries March.''25'!I19-'Entries March.''25'!I18)+('Entries March.''25'!J19-'Entries March.''25'!J18)) -> 8475 | C21: =IF('Entries March.''25'!K19-'Entries March.''25'!K18<=0,"0",'Entries March.''25'!K19-'Entries March.''25'!K18) -> 0 | D21: =B21+C21 -> 8475 | E21: ='Water '!$S18 -> 2030 | F21: =IF('Entries March.''25'!B19-'Entries March.''25'!B18<1,"0",'Entries March.''25'!B19-'Entries March.''25'!B18) -> 2800 | G21: ='CO2'!B18 -> 16.74 | H21: =+'PROD.FIG. '!F16 -> 0 | I21: =+'PROD.FIG. '!C16 -> 0 | J21: =+'PROD.FIG. '!D16 -> 0 | K21: =+'PROD.FIG. '!E16 -> 0 | M21: =IF(SUM($I21:$J21)<1,0,B21/SUM($I21:$J21)) -> 0 | N21: =IF(SUM($I21:$J21)<1,0,E21/SUM($I21:$J21)) -> 0 | O21: =IF(SUM($I21:$J21)<1,0,F21/SUM($I21:$J21)) -> 0 | P21: =IF(SUM($I21:$J21)<1,0,G21/SUM($I21:$J21)) -> 0
... A40: 31 | B40: =IF(('Entries March.''25'!I38-'Entries March.''25'!I37)+('Entries March.''25'!J38-'Entries March.''25'!J37)<1,"0",('Entries March.''25'!I38-'Entries March.''25'!I37)+('Entries March.''25'!J38-'Entries March.''25'!J37)) -> 7462 | C40: =IF('Entries March.''25'!K38-'Entries March.''25'!K37<=0,"0",'Entries March.''25'!K38-'Entries March.''25'!K37) -> 0 | D40: =B40+C40 -> 7462 | E40: ='Water '!$S37 -> 620 | F40: =IF('Entries March.''25'!B38-'Entries March.''25'!B37<1,"0",'Entries March.''25'!B38-'Entries March.''25'!B37) -> 2670 | G40: ='CO2'!B37 -> 42.06 | H40: =+'PROD.FIG. '!F35 -> 0 | I40: =+'PROD.FIG. '!C35 -> 0 | J40: =+'PROD.FIG. '!D35 -> 0 | K40: =+'PROD.FIG. '!E35 -> 0 | M40: =IF(SUM($I40:$J40)<1,0,B40/SUM($I40:$J40)) -> 0 | N40: =IF(SUM($I40:$J40)<1,0,E40/SUM($I40:$J40)) -> 0 | O40: =IF(SUM($I40:$J40)<1,0,F40/SUM($I40:$J40)) -> 0 | P40: =IF(SUM($I40:$J40)<1,0,G40/SUM($I40:$J40)) -> 0
B42: Kwhr | C42: Kwhr | D42: Kwhr | E42: Hl | F42: L | G42: kg. | H42: hl | I42: hl | J42: hl | K42: hl | L42: hl | M42: KWH/Hl | N42: Hl/hl | O42: Litres/hl | P42: kg./Hl
A43: Total | B43: =SUM(B10:B40) -> 214318 | C43: =SUM(C10:C40) -> 1600 | D43: =SUM(D10:D40) -> 215918 | E43: =SUM(E10:E40) -> 48030 | F43: =SUM(F10:F40) -> 63570 | G43: =SUM(G10:G40) -> 733.52 | H43: =SUM(H10:H40) -> 0 | I43: =SUM(I10:I40) -> 0 | ... P43: =SUM(P10:P40) -> 0

Sheet Steam Mass Flow 
A3: DATE | B3: Steam Mass Flow Reading
A5: 1 | B5: =IF('Entries March.''25'!AJ8-'Entries March.''25'!AJ7<1,"0",'Entries March.''25'!AJ8-'Entries March.''25'!AJ7) -> 0
A6: 2 | B6: =IF('Entries March.''25'!AJ9-'Entries March.''25'!AJ8<1,"0",'Entries March.''25'!AJ9-'Entries March.''25'!AJ8) -> 0
A7: 3 | B7: =IF('Entries March.''25'!AJ10-'Entries March.''25'!AJ9<1,"0",'Entries March.''25'!AJ10-'Entries March.''25'!AJ9) -> 153.613
A8: 4 | B8: =IF('Entries March.''25'!AJ11-'Entries March.''25'!AJ10<1,"0",'Entries March.''25'!AJ11-'Entries March.''25'!AJ10) -> 124.467
A9: 5 | B9: =IF('Entries March.''25'!AJ12-'Entries March.''25'!AJ11<1,"0",'Entries March.''25'!AJ12-'Entries March.''25'!AJ11) -> 10.485
A10: 6 | B10: =IF('Entries March.''25'!AJ13-'Entries March.''25'!AJ12<1,"0",'Entries March.''25'!AJ13-'Entries March.''25'!AJ12) -> 703.626
A11: 7 | B11: =IF('Entries March.''25'!AJ14-'Entries March.''25'!AJ13<1,"0",'Entries March.''25'!AJ14-'Entries March.''25'!AJ13) -> 335.783
A12: 8 | B12: =IF('Entries March.''25'!AJ15-'Entries March.''25'!AJ14<1,"0",'Entries March.''25'!AJ15-'Entries March.''25'!AJ14) -> 335.784
A13: 9 | B13: =IF('Entries March.''25'!AJ16-'Entries March.''25'!AJ15<1,"0",'Entries March.''25'!AJ16-'Entries March.''25'!AJ15) -> 0
A14: 10 | B14: =IF('Entries March.''25'!AJ17-'Entries March.''25'!AJ16<1,"0",'Entries March.''25'!AJ17-'Entries March.''25'!AJ16) -> 3.806
A15: 11 | B15: =IF('Entries March.''25'!AJ18-'Entries March.''25'!AJ17<1,"0",'Entries March.''25'!AJ18-'Entries March.''25'!AJ17) -> 130.371
A16: 12 | B16: =IF('Entries March.''25'!AJ19-'Entries March.''25'!AJ18<1,"0",'Entries March.''25'!AJ19-'Entries March.''25'!AJ18) -> 54.878
... A35: 31 | B35: =IF('Entries March.''25'!AJ38-'Entries March.''25'!AJ37<1,"0",'Entries March.''25'!AJ38-'Entries March.''25'!AJ37) -> 24.428
B36: =SUM(B5:B35) -> 1927.754

Sheet CO2
A3: CO2 Daily Consumption for MARCH 2025
E4: FILLER
A5: DATE | B5: FILLER Cons. (Kg.) | C5: CO2 (kg.) (Ex. Vap'r) | D5: Total Prod.(HL) | E5: CO2 ( Kg./HL) | F5: CO2 (Ex. Vap'r) (Kg./HL) | L5: Tank A | M5: Tank B | N5: Mobile | O5: Inside Tank | S5: 4 | T5: Usage | U5: time | V5: 5 | W5: Usage | X5: Time | Y5: 6 | Z5: Usage | AA5: time | AB5: 7 | AC5: Usage | AD5: Time | AE5: 8 | AF5: Usage | AG5: time | AH5: 9 | AI5: Usage | AJ5: Time | AK5: 10 | AL5: Usage | AM5: time | AN5: 11 | AO5: Usage | AP5: Time | AQ5: 12 | AR5: Usage | AS5: time | AT5: 13 | AU5: Usage | AV5: Time | AW5: 14 | AX5: Usage | AY5: time | AZ5: 15 | BA5: Usage | BB5: Time | BC5: 16 | BD5: Usage | BE5: time | BF5: 17 | BG5: Usage | BH5: Time | BI5: 18 | BJ5: Usage | BK5: time | BL5: 19 | BM5: Usage | BN5: Time | BO5: 20 | BP5: Usage | BQ5: time | BR5: 21 | BS5: Usage | BT5: Time | BU5: 22 | BV5: Usage | BW5: time | BX5: 23 | BY5: Usage | BZ5: Time | CA5: 24 | CB5: Usage | CC5: time | CD5: 25 | CE5: Usage | CF5: Time | CG5: 26 | CH5: Usage | CI5: time | CJ5: 27 | CK5: Usage | CL5: Time | CM5: 28 | CN5: Usage | CO5: time | CP5: 29 | CQ5: Usage | CR5: Time | CS5: 30 | CT5: Usage | CU5: time | CV5: 31 | CW5: Usage | CX5: Time | CY5: 2 | CZ5: Usage
H6: Collection | U6: 630 | AA6: 630 | AG6: 630 | AM6: 630 | AS6: 630 | AY6: 630 | BE6: 630 | BK6: 630 | BQ6: 630 | BW6: 630 | CC6: 630 | CI6: 630 | CO6: 630 | CU6: 630
A7: 1 | B7: =IF('Entries March.''25'!N8-'Entries March.''25'!N7<1,"0",'Entries March.''25'!N8-'Entries March.''25'!N7) -> 0 | C7: {=TRANSPOSE('Daily KPIs'!B74:AF74)} -> 0 | D7: {=TRANSPOSE('Daily KPIs'!B9:AF9)} -> 0 | E7: =IF(D7=0,"0",(B7/D7)) -> 0 | F7: =IF(D7=0,"0",(C7/D7)) -> 0 | H7: ='Entries March.''25'!L8-'Entries March.''25'!L7 -> 0 | I7: =+$B7 -> 0 | L7: =IF((('Entries March.''25'!AK7-'Entries March.''25'!AK8)/10)*5455<0,"0",(('Entries March.''25'!AK7-'Entries March.''25'!AK8)/10)*5455) -> 0 | M7: =IF((('Entries March.''25'!AL7-'Entries March.''25'!AL8)/10)*5455<0,"0",(('Entries March.''25'!AL7-'Entries March.''25'!AL8)/10)*5455) -> 0 | N7: =IF(('Entries March.''25'!AM7-'Entries March.''25'!AM8)/2.2<0,"0",('Entries March.''25'!AM7-'Entries March.''25'!AM8)/2.2) -> 0 | O7: =IF(('Entries March.''25'!AN7-'Entries March.''25'!AN8)<0,"0",('Entries March.''25'!AN7-'Entries March.''25'!AN8)) -> 0 | T7: =S7-S6 -> 0 | U7: 730 | W7: =V7-V6 -> 0 | Z7: =Y7-Y6 -> 0 | AA7: 730 | AC7: =AB7-AB6 -> 0 | AF7: =AE7-AE6 -> 0 | AG7: 730 | AI7: =AH7-AH6 -> 0 | AL7: =AK7-AK6 -> 0 | AM7: 730 | AO7: =AN7-AN6 -> 0 | AR7: =AQ7-AQ6 -> 0 | AS7: 730 | AU7: =AT7-AT6 -> 0 | AX7: =AW7-AW6 -> 0 | AY7: 730 | BA7: =AZ7-AZ6 -> 0 | BD7: =BC7-BC6 -> 0 | BE7: 730 | BG7: =BF7-BF6 -> 0 | BJ7: =BI7-BI6 -> 0 | BK7: 730 | BM7: =BL7-BL6 -> 0 | BP7: =BO7-BO6 -> 0 | BQ7: 730 | BS7: =BR7-BR6 -> 0 | BV7: =BU7-BU6 -> 0 | BW7: 730 | BY7: =BX7-BX6 -> 0 | CB7: =CA7-CA6 -> 0 | CC7: 730 | CE7: =CD7-CD6 -> 0 | CH7: =CG7-CG6 -> 0 | CI7: 730 | CK7: =CJ7-CJ6 -> 0 | CN7: =CM7-CM6 -> 0 | CO7: 730 | CQ7: =CP7-CP6 -> 0 | CT7: =CS7-CS6 -> 0 | CU7: 730 | CW7: =CV7-CV6 -> 0 | CZ7: =CY7-CY6 -> 0
A8: 2 | B8: =IF('Entries March.''25'!N9-'Entries March.''25'!N8<1,"0",'Entries March.''25'!N9-'Entries March.''25'!N8) -> 0 | C8: 3700 | D8: 0 | E8: =IF(D8=0,"0",(B8/D8)) -> 0 | F8: =IF(D8=0,"0",(C8/D8)) -> 0 | H8: ='Entries March.''25'!L9-'Entries March.''25'!L8 -> 0 | I8: =+$B8 -> 0 | L8: =IF((('Entries March.''25'!AK8-'Entries March.''25'!AK9)/10)*5455<0,"0",(('Entries March.''25'!AK8-'Entries March.''25'!AK9)/10)*5455) -> 0 | M8: =IF((('Entries March.''25'!AL8-'Entries March.''25'!AL9)/10)*5455<0,"0",(('Entries March.''25'!AL8-'Entries March.''25'!AL9)/10)*5455) -> 0 | N8: =IF(('Entries March.''25'!AM8-'Entries March.''25'!AM9)/2.2<0,"0",('Entries March.''25'!AM8-'Entries March.''25'!AM9)/2.2) -> 0 | O8: =IF(('Entries March.''25'!AN8-'Entries March.''25'!AN9)<0,"0",('Entries March.''25'!AN8-'Entries March.''25'!AN9)) -> 0 | T8: =S8-S7 -> 0 | W8: =V8-V7 -> 0 | Z8: =Y8-Y7 -> 0 | AC8: =AB8-AB7 -> 0 | AF8: =AE8-AE7 -> 0 | AI8: =AH8-AH7 -> 0 | AL8: =AK8-AK7 -> 0 | AO8: =AN8-AN7 -> 0 | AR8: =AQ8-AQ7 -> 0 | AU8: =AT8-AT7 -> 0 | AX8: =AW8-AW7 -> 0 | BA8: =AZ8-AZ7 -> 0 | BD8: =BC8-BC7 -> 0 | BG8: =BF8-BF7 -> 0 | BJ8: =BI8-BI7 -> 0 | BM8: =BL8-BL7 -> 0 | BP8: =BO8-BO7 -> 0 | BS8: =BR8-BR7 -> 0 | BV8: =BU8-BU7 -> 0 | BY8: =BX8-BX7 -> 0 | CB8: =CA8-CA7 -> 0 | CE8: =CD8-CD7 -> 0 | CH8: =CG8-CG7 -> 0 | CK8: =CJ8-CJ7 -> 0 | CN8: =CM8-CM7 -> 0 | CQ8: =CP8-CP7 -> 0 | CT8: =CS8-CS7 -> 0 | CW8: =CV8-CV7 -> 0 | CZ8: =CY8-CY7 -> 0
A9: 3 | B9: =IF('Entries March.''25'!N10-'Entries March.''25'!N9<1,"0",'Entries March.''25'!N10-'Entries March.''25'!N9) -> 0 | C9: 2500 | D9: 356.4 | E9: =IF(D9=0,"0",(B9/D9)) -> 0 | F9: =IF(D9=0,"0",(C9/D9)) -> 7.0145903 | H9: ='Entries March.''25'!L10-'Entries March.''25'!L9 -> 0 | I9: =+$B9 -> 0 | L9: =IF((('Entries March.''25'!AK9-'Entries March.''25'!AK10)/10)*5455<0,"0",(('Entries March.''25'!AK9-'Entries March.''25'!AK10)/10)*5455) -> 0 | M9: =IF((('Entries March.''25'!AL9-'Entries March.''25'!AL10)/10)*5455<0,"0",(('Entries March.''25'!AL9-'Entries March.''25'!AL10)/10)*5455) -> 0 | N9: =IF(('Entries March.''25'!AM9-'Entries March.''25'!AM10)/2.2<0,"0",('Entries March.''25'!AM9-'Entries March.''25'!AM10)/2.2) -> 0 | O9: =IF(('Entries March.''25'!AN9-'Entries March.''25'!AN10)<0,"0",('Entries March.''25'!AN9-'Entries March.''25'!AN10)) -> 0 | T9: =S9-S8 -> 0 | W9: =V9-V8 -> 0 | Z9: =Y9-Y8 -> 0 | AC9: =AB9-AB8 -> 0 | AF9: =AE9-AE8 -> 0 | AI9: =AH9-AH8 -> 0 | AL9: =AK9-AK8 -> 0 | AO9: =AN9-AN8 -> 0 | AR9: =AQ9-AQ8 -> 0 | AU9: =AT9-AT8 -> 0 | AX9: =AW9-AW8 -> 0 | BA9: =AZ9-AZ8 -> 0 | BD9: =BC9-BC8 -> 0 | BG9: =BF9-BF8 -> 0 | BJ9: =BI9-BI8 -> 0 | BM9: =BL9-BL8 -> 0 | BP9: =BO9-BO8 -> 0 | BS9: =BR9-BR8 -> 0 | BV9: =BU9-BU8 -> 0 | BY9: =BX9-BX8 -> 0 | CB9: =CA9-CA8 -> 0 | CE9: =CD9-CD8 -> 0 | CH9: =CG9-CG8 -> 0 | CK9: =CJ9-CJ8 -> 0 | CN9: =CM9-CM8 -> 0 | CQ9: =CP9-CP8 -> 0 | CT9: =CS9-CS8 -> 0 | CW9: =CV9-CV8 -> 0 | CZ9: =CY9-CY8 -> 0
A10: 4 | B10: =IF('Entries March.''25'!N11-'Entries March.''25'!N10<1,"0",'Entries March.''25'!N11-'Entries March.''25'!N10) -> 141.87 | C10: 2100 | D10: 476.982 | E10: =IF(D10=0,"0",(B10/D10)) -> 0.29743261 | F10: =IF(D10=0,"0",(C10/D10)) -> 4.4026819 | H10: ='Entries March.''25'!L11-'Entries March.''25'!L10 -> 0 | I10: =+$B10 -> 141.87 | L10: =IF((('Entries March.''25'!AK10-'Entries March.''25'!AK11)/10)*5455<0,"0",(('Entries March.''25'!AK10-'Entries March.''25'!AK11)/10)*5455) -> 0 | M10: =IF((('Entries March.''25'!AL10-'Entries March.''25'!AL11)/10)*5455<0,"0",(('Entries March.''25'!AL10-'Entries March.''25'!AL11)/10)*5455) -> 0 | N10: =IF(('Entries March.''25'!AM10-'Entries March.''25'!AM11)/2.2<0,"0",('Entries March.''25'!AM10-'Entries March.''25'!AM11)/2.2) -> 0 | O10: =IF(('Entries March.''25'!AN10-'Entries March.''25'!AN11)<0,"0",('Entries March.''25'!AN10-'Entries March.''25'!AN11)) -> 0 | T10: =S10-S9 -> 0 | W10: =V10-V9 -> 0 | Z10: =Y10-Y9 -> 0 | AC10: =AB10-AB9 -> 0 | AF10: =AE10-AE9 -> 0 | AI10: =AH10-AH9 -> 0 | AL10: =AK10-AK9 -> 0 | AO10: =AN10-AN9 -> 0 | AR10: =AQ10-AQ9 -> 0 | AU10: =AT10-AT9 -> 0 | AX10: =AW10-AW9 -> 0 | BA10: =AZ10-AZ9 -> 0 | BD10: =BC10-BC9 -> 0 | BG10: =BF10-BF9 -> 0 | BJ10: =BI10-BI9 -> 0 | BM10: =BL10-BL9 -> 0 | BP10: =BO10-BO9 -> 0 | BS10: =BR10-BR9 -> 0 | BV10: =BU10-BU9 -> 0 | BY10: =BX10-BX9 -> 0 | CB10: =CA10-CA9 -> 0 | CE10: =CD10-CD9 -> 0 | CH10: =CG10-CG9 -> 0 | CK10: =CJ10-CJ9 -> 0 | CN10: =CM10-CM9 -> 0 | CQ10: =CP10-CP9 -> 0 | CT10: =CS10-CS9 -> 0 | CW10: =CV10-CV9 -> 0 | CZ10: =CY10-CY9 -> 0
A11: 5 | B11: =IF('Entries March.''25'!N12-'Entries March.''25'!N11<1,"0",'Entries March.''25'!N12-'Entries March.''25'!N11) -> 28.96 | C11: 1500 | D11: 345.114 | E11: =IF(D11=0,"0",(B11/D11)) -> 0.083914301 | F11: =IF(D11=0,"0",(C11/D11)) -> 4.3463899 | H11: ='Entries March.''25'!L12-'Entries March.''25'!L11 -> 0 | I11: =+$B11 -> 28.96 | L11: =IF((('Entries March.''25'!AK11-'Entries March.''25'!AK12)/10)*5455<0,"0",(('Entries March.''25'!AK11-'Entries March.''25'!AK12)/10)*5455) -> 0 | M11: =IF((('Entries March.''25'!AL11-'Entries March.''25'!AL12)/10)*5455<0,"0",(('Entries March.''25'!AL11-'Entries March.''25'!AL12)/10)*5455) -> 0 | N11: =IF(('Entries March.''25'!AM11-'Entries March.''25'!AM12)/2.2<0,"0",('Entries March.''25'!AM11-'Entries March.''25'!AM12)/2.2) -> 0 | O11: =IF(('Entries March.''25'!AN11-'Entries March.''25'!AN12)<0,"0",('Entries March.''25'!AN11-'Entries March.''25'!AN12)) -> 0 | T11: =S11-S10 -> 0 | W11: =V11-V10 -> 0 | Z11: =Y11-Y10 -> 0 | AC11: =AB11-AB10 -> 0 | AF11: =AE11-AE10 -> 0 | AI11: =AH11-AH10 -> 0 | AL11: =AK11-AK10 -> 0 | AO11: =AN11-AN10 -> 0 | AR11: =AQ11-AQ10 -> 0 | AU11: =AT11-AT10 -> 0 | AX11: =AW11-AW10 -> 0 | BA11: =AZ11-AZ10 -> 0 | BD11: =BC11-BC10 -> 0 | BG11: =BF11-BF10 -> 0 | BJ11: =BI11-BI10 -> 0 | BM11: =BL11-BL10 -> 0 | BP11: =BO11-BO10 -> 0 | BS11: =BR11-BR10 -> 0 | BV11: =BU11-BU10 -> 0 | BY11: =BX11-BX10 -> 0 | CB11: =CA11-CA10 -> 0 | CE11: =CD11-CD10 -> 0 | CH11: =CG11-CG10 -> 0 | CK11: =CJ11-CJ10 -> 0 | CN11: =CM11-CM10 -> 0 | CQ11: =CP11-CP10 -> 0 | CT11: =CS11-CS10 -> 0 | CW11: =CV11-CV10 -> 0 | CZ11: =CY11-CY10 -> 0
A12: 6 | B12: =IF('Entries March.''25'!N13-'Entries March.''25'!N12<1,"0",'Entries March.''25'!N13-'Entries March.''25'!N12) -> 35.05 | C12: 1500 | D12: 383.79 | E12: =IF(D12=0,"0",(B12/D12)) -> 0.091325986 | F12: =IF(D12=0,"0",(C12/D12)) -> 3.9083874 | H12: ='Entries March.''25'!L13-'Entries March.''25'!L12 -> 0 | I12: =+$B12 -> 35.05 | L12: =IF((('Entries March.''25'!AK12-'Entries March.''25'!AK13)/10)*5455<0,"0",(('Entries March.''25'!AK12-'Entries March.''25'!AK13)/10)*5455) -> 0 | M12: =IF((('Entries March.''25'!AL12-'Entries March.''25'!AL13)/10)*5455<0,"0",(('Entries March.''25'!AL12-'Entries March.''25'!AL13)/10)*5455) -> 0 | N12: =IF(('Entries March.''25'!AM12-'Entries March.''25'!AM13)/2.2<0,"0",('Entries March.''25'!AM12-'Entries March.''25'!AM13)/2.2) -> 0 | O12: =IF(('Entries March.''25'!AN12-'Entries March.''25'!AN13)<0,"0",('Entries March.''25'!AN12-'Entries March.''25'!AN13)) -> 0 | T12: =S12-S11 -> 0 | W12: =V12-V11 -> 0 | Z12: =Y12-Y11 -> 0 | AC12: =AB12-AB11 -> 0 | AF12: =AE12-AE11 -> 0 | AI12: =AH12-AH11 -> 0 | AL12: =AK12-AK11 -> 0 | AO12: =AN12-AN11 -> 0 | AR12: =AQ12-AQ11 -> 0 | AU12: =AT12-AT11 -> 0 | AX12: =AW12-AW11 -> 0 | BA12: =AZ12-AZ11 -> 0 | BD12: =BC12-BC11 -> 0 | BG12: =BF12-BF11 -> 0 | BJ12: =BI12-BI11 -> 0 | BM12: =BL12-BL11 -> 0 | BP12: =BO12-BO11 -> 0 | BS12: =BR12-BR11 -> 0 | BV12: =BU12-BU11 -> 0 | BY12: =BX12-BX11 -> 0 | CB12: =CA12-CA11 -> 0 | CE12: =CD12-CD11 -> 0 | CH12: =CG12-CG11 -> 0 | CK12: =CJ12-CJ11 -> 0 | CN12: =CM12-CM11 -> 0 | CQ12: =CP12-CP11 -> 0 | CT12: =CS12-CS11 -> 0 | CW12: =CV12-CV11 -> 0 | CZ12: =CY12-CY11 -> 0
A13: 7 | B13: =IF('Entries March.''25'!N14-'Entries March.''25'!N13<1,"0",'Entries March.''25'!N14-'Entries March.''25'!N13) -> 37.67 | C13: 1400 | D13: 328.482 | E13: =IF(D13=0,"0",(B13/D13)) -> 0.11467904 | F13: =IF(D13=0,"0",(C13/D13)) -> 4.2620296 | H13: ='Entries March.''25'!L14-'Entries March.''25'!L13 -> 0 | I13: =+$B13 -> 37.67 | L13: =IF((('Entries March.''25'!AK13-'Entries March.''25'!AK14)/10)*5455<0,"0",(('Entries March.''25'!AK13-'Entries March.''25'!AK14)/10)*5455) -> 0 | M13: =IF((('Entries March.''25'!AL13-'Entries March.''25'!AL14)/10)*5455<0,"0",(('Entries March.''25'!AL13-'Entries March.''25'!AL14)/10)*5455) -> 0 | N13: =IF(('Entries March.''25'!AM13-'Entries March.''25'!AM14)/2.2<0,"0",('Entries March.''25'!AM13-'Entries March.''25'!AM14)/2.2) -> 0 | O13: =IF(('Entries March.''25'!AN13-'Entries March.''25'!AN14)<0,"0",('Entries March.''25'!AN13-'Entries March.''25'!AN14)) -> 0 | T13: =S13-S12 -> 0 | W13: =V13-V12 -> 0 | Z13: =Y13-Y12 -> 0 | AC13: =AB13-AB12 -> 0 | AF13: =AE13-AE12 -> 0 | AI13: =AH13-AH12 -> 0 | AL13: =AK13-AK12 -> 0 | AO13: =AN13-AN12 -> 0 | AR13: =AQ13-AQ12 -> 0 | AU13: =AT13-AT12 -> 0 | AX13: =AW13-AW12 -> 0 | BA13: =AZ13-AZ12 -> 0 | BD13: =BC13-BC12 -> 0 | BG13: =BF13-BF12 -> 0 | BJ13: =BI13-BI12 -> 0 | BM13: =BL13-BL12 -> 0 | BP13: =BO13-BO12 -> 0 | BS13: =BR13-BR12 -> 0 | BV13: =BU13-BU12 -> 0 | BY13: =BX13-BX12 -> 0 | CB13: =CA13-CA12 -> 0 | CE13: =CD13-CD12 -> 0 | CH13: =CG13-CG12 -> 0 | CK13: =CJ13-CJ12 -> 0 | CN13: =CM13-CM12 -> 0 | CQ13: =CP13-CP12 -> 0 | CT13: =CS13-CS12 -> 0 | CW13: =CV13-CV12 -> 0 | CZ13: =CY13-CY12 -> 0
A14: 8 | B14: =IF('Entries March.''25'!N15-'Entries March.''25'!N14<1,"0",'Entries March.''25'!N15-'Entries March.''25'!N14) -> 4.96 | C14: 600 | D14: 0 | E14: =IF(D14=0,"0",(B14/D14)) -> 0 | F14: =IF(D14=0,"0",(C14/D14)) -> 0 | H14: ='Entries March.''25'!L15-'Entries March.''25'!L14 -> 0 | I14: =+$B14 -> 4.96 | L14: =IF((('Entries March.''25'!AK14-'Entries March.''25'!AK15)/10)*5455<0,"0",(('Entries March.''25'!AK14-'Entries March.''25'!AK15)/10)*5455) -> 0 | M14: =IF((('Entries March.''25'!AL14-'Entries March.''25'!AL15)/10)*5455<0,"0",(('Entries March.''25'!AL14-'Entries March.''25'!AL15)/10)*5455) -> 0 | N14: =IF(('Entries March.''25'!AM14-'Entries March.''25'!AM15)/2.2<0,"0",('Entries March.''25'!AM14-'Entries March.''25'!AM15)/2.2) -> 0 | O14: =IF(('Entries March.''25'!AN14-'Entries March.''25'!AN15)<0,"0",('Entries March.''25'!AN14-'Entries March.''25'!AN15)) -> 0 | T14: =S14-S13 -> 0 | W14: =V14-V13 -> 0 | Z14: =Y14-Y13 -> 0 | AC14: =AB14-AB13 -> 0 | AF14: =AE14-AE13 -> 0 | AI14: =AH14-AH13 -> 0 | AL14: =AK14-AK13 -> 0 | AO14: =AN14-AN13 -> 0 | AR14: =AQ14-AQ13 -> 0 | AU14: =AT14-AT13 -> 0 | AX14: =AW14-AW13 -> 0 | BA14: =AZ14-AZ13 -> 0 | BD14: =BC14-BC13 -> 0 | BG14: =BF14-BF13 -> 0 | BJ14: =BI14-BI13 -> 0 | BM14: =BL14-BL13 -> 0 | BP14: =BO14-BO13 -> 0 | BS14: =BR14-BR13 -> 0 | BV14: =BU14-BU13 -> 0 | BY14: =BX14-BX13 -> 0 | CB14: =CA14-CA13 -> 0 | CE14: =CD14-CD13 -> 0 | CH14: =CG14-CG13 -> 0 | CK14: =CJ14-CJ13 -> 0 | CN14: =CM14-CM13 -> 0 | CQ14: =CP14-CP13 -> 0 | CT14: =CS14-CS13 -> 0 | CW14: =CV14-CV13 -> 0 | CZ14: =CY14-CY13 -> 0
A15: 9 | B15: =IF('Entries March.''25'!N16-'Entries March.''25'!N15<1,"0",'Entries March.''25'!N16-'Entries March.''25'!N15) -> 0 | C15: 0 | D15: 0 | E15: =IF(D15=0,"0",(B15/D15)) -> 0 | F15: =IF(D15=0,"0",(C15/D15)) -> 0 | H15: ='Entries March.''25'!L16-'Entries March.''25'!L15 -> 0 | I15: =+$B15 -> 0 | L15: =IF((('Entries March.''25'!AK15-'Entries March.''25'!AK16)/10)*5455<0,"0",(('Entries March.''25'!AK15-'Entries March.''25'!AK16)/10)*5455) -> 0 | M15: =IF((('Entries March.''25'!AL15-'Entries March.''25'!AL16)/10)*5455<0,"0",(('Entries March.''25'!AL15-'Entries March.''25'!AL16)/10)*5455) -> 0 | N15: =IF(('Entries March.''25'!AM15-'Entries March.''25'!AM16)/2.2<0,"0",('Entries March.''25'!AM15-'Entries March.''25'!AM16)/2.2) -> 0 | O15: =IF(('Entries March.''25'!AN15-'Entries March.''25'!AN16)<0,"0",('Entries March.''25'!AN15-'Entries March.''25'!AN16)) -> 0 | T15: =S15-S14 -> 0 | W15: =V15-V14 -> 0 | Z15: =Y15-Y14 -> 0 | AC15: =AB15-AB14 -> 0 | AF15: =AE15-AE14 -> 0 | AI15: =AH15-AH14 -> 0 | AL15: =AK15-AK14 -> 0 | AO15: =AN15-AN14 -> 0 | AR15: =AQ15-AQ14 -> 0 | AU15: =AT15-AT14 -> 0 | AX15: =AW15-AW14 -> 0 | BA15: =AZ15-AZ14 -> 0 | BD15: =BC15-BC14 -> 0 | BG15: =BF15-BF14 -> 0 | BJ15: =BI15-BI14 -> 0 | BM15: =BL15-BL14 -> 0 | BP15: =BO15-BO14 -> 0 | BS15: =BR15-BR14 -> 0 | BV15: =BU15-BU14 -> 0 | BY15: =BX15-BX14 -> 0 | CB15: =CA15-CA14 -> 0 | CE15: =CD15-CD14 -> 0 | CH15: =CG15-CG14 -> 0 | CK15: =CJ15-CJ14 -> 0 | CN15: =CM15-CM14 -> 0 | CQ15: =CP15-CP14 -> 0 | CT15: =CS15-CS14 -> 0 | CW15: =CV15-CV14 -> 0 | CZ15: =CY15-CY14 -> 0
A16: 10 | B16: =IF('Entries March.''25'!N17-'Entries March.''25'!N16<1,"0",'Entries March.''25'!N17-'Entries March.''25'!N16) -> 20.14 | C16: 900 | D16: 228.36 | E16: =IF(D16=0,"0",(B16/D16)) -> 0.08819408 | F16: =IF(D16=0,"0",(C16/D16)) -> 3.9411456 | H16: ='Entries March.''25'!L17-'Entries March.''25'!L16 -> 0 | I16: =+$B16 -> 20.14 | L16: =IF((('Entries March.''25'!AK16-'Entries March.''25'!AK17)/10)*5455<0,"0",(('Entries March.''25'!AK16-'Entries March.''25'!AK17)/10)*5455) -> 0 | M16: =IF((('Entries March.''25'!AL16-'Entries March.''25'!AL17)/10)*5455<0,"0",(('Entries March.''25'!AL16-'Entries March.''25'!AL17)/10)*5455) -> 0 | N16: =IF(('Entries March.''25'!AM16-'Entries March.''25'!AM17)/2.2<0,"0",('Entries March.''25'!AM16-'Entries March.''25'!AM17)/2.2) -> 0 | O16: =IF(('Entries March.''25'!AN16-'Entries March.''25'!AN17)<0,"0",('Entries March.''25'!AN16-'Entries March.''25'!AN17)) -> 0 | T16: =S16-S15 -> 0 | W16: =V16-V15 -> 0 | Z16: =Y16-Y15 -> 0 | AC16: =AB16-AB15 -> 0 | AF16: =AE16-AE15 -> 0 | AI16: =AH16-AH15 -> 0 | AL16: =AK16-AK15 -> 0 | AO16: =AN16-AN15 -> 0 | AR16: =AQ16-AQ15 -> 0 | AU16: =AT16-AT15 -> 0 | AX16: =AW16-AW15 -> 0 | BA16: =AZ16-AZ15 -> 0 | BD16: =BC16-BC15 -> 0 | BG16: =BF16-BF15 -> 0 | BJ16: =BI16-BI15 -> 0 | BM16: =BL16-BL15 -> 0 | BP16: =BO16-BO15 -> 0 | BS16: =BR16-BR15 -> 0 | BV16: =BU16-BU15 -> 0 | BY16: =BX16-BX15 -> 0 | CB16: =CA16-CA15 -> 0 | CE16: =CD16-CD15 -> 0 | CH16: =CG16-CG15 -> 0 | CK16: =CJ16-CJ15 -> 0 | CN16: =CM16-CM15 -> 0 | CQ16: =CP16-CP15 -> 0 | CT16: =CS16-CS15 -> 0 | CW16: =CV16-CV15 -> 0 | CZ16: =CY16-CY15 -> 0
A17: 11 | B17: =IF('Entries March.''25'!N18-'Entries March.''25'!N17<1,"0",'Entries March.''25'!N18-'Entries March.''25'!N17) -> 25.49 | C17: 1500 | D17: 187.11 | E17: =IF(D17=0,"0",(B17/D17)) -> 0.13623003 | F17: =IF(D17=0,"0",(C17/D17)) -> 8.0166747 | H17: ='Entries March.''25'!L18-'Entries March.''25'!L17 -> 0 | I17: =+$B17 -> 25.49 | L17: =IF((('Entries March.''25'!AK17-'Entries March.''25'!AK18)/10)*5455<0,"0",(('Entries March.''25'!AK17-'Entries March.''25'!AK18)/10)*5455) -> 0 | M17: =IF((('Entries March.''25'!AL17-'Entries March.''25'!AL18)/10)*5455<0,"0",(('Entries March.''25'!AL17-'Entries March.''25'!AL18)/10)*5455) -> 0 | N17: =IF(('Entries March.''25'!AM17-'Entries March.''25'!AM18)/2.2<0,"0",('Entries March.''25'!AM17-'Entries March.''25'!AM18)/2.2) -> 0 | O17: =IF(('Entries March.''25'!AN17-'Entries March.''25'!AN18)<0,"0",('Entries March.''25'!AN17-'Entries March.''25'!AN18)) -> 0 | T17: =S17-S16 -> 0 | W17: =V17-V16 -> 0 | Z17: =Y17-Y16 -> 0 | AC17: =AB17-AB16 -> 0 | AF17: =AE17-AE16 -> 0 | AI17: =AH17-AH16 -> 0 | AL17: =AK17-AK16 -> 0 | AO17: =AN17-AN16 -> 0 | AR17: =AQ17-AQ16 -> 0 | AU17: =AT17-AT16 -> 0 | AX17: =AW17-AW16 -> 0 | BA17: =AZ17-AZ16 -> 0 | BD17: =BC17-BC16 -> 0 | BG17: =BF17-BF16 -> 0 | BJ17: =BI17-BI16 -> 0 | BM17: =BL17-BL16 -> 0 | BP17: =BO17-BO16 -> 0 | BS17: =BR17-BR16 -> 0 | BV17: =BU17-BU16 -> 0 | BY17: =BX17-BX16 -> 0 | CB17: =CA17-CA16 -> 0 | CE17: =CD17-CD16 -> 0 | CH17: =CG17-CG16 -> 0 | CK17: =CJ17-CJ16 -> 0 | CN17: =CM17-CM16 -> 0 | CQ17: =CP17-CP16 -> 0 | CT17: =CS17-CS16 -> 0 | CW17: =CV17-CV16 -> 0 | CZ17: =CY17-CY16 -> 0
A18: 12 | B18: =IF('Entries March.''25'!N19-'Entries March.''25'!N18<1,"0",'Entries March.''25'!N19-'Entries March.''25'!N18) -> 16.74 | C18: 1400 | D18: 135.036 | E18: =IF(D18=0,"0",(B18/D18)) -> 0.12396694 | F18: =IF(D18=0,"0",(C18/D18)) -> 10.367606 | H18: ='Entries March.''25'!L19-'Entries March.''25'!L18 -> 0 | I18: =+$B18 -> 16.74 | L18: =IF((('Entries March.''25'!AK18-'Entries March.''25'!AK19)/10)*5455<0,"0",(('Entries March.''25'!AK18-'Entries March.''25'!AK19)/10)*5455) -> 0 | M18: =IF((('Entries March.''25'!AL18-'Entries March.''25'!AL19)/10)*5455<0,"0",(('Entries March.''25'!AL18-'Entries March.''25'!AL19)/10)*5455) -> 0 | N18: =IF(('Entries March.''25'!AM18-'Entries March.''25'!AM19)/2.2<0,"0",('Entries March.''25'!AM18-'Entries March.''25'!AM19)/2.2) -> 0 | O18: =IF(('Entries March.''25'!AN18-'Entries March.''25'!AN19)<0,"0",('Entries March.''25'!AN18-'Entries March.''25'!AN19)) -> 0 | T18: =S18-S17 -> 0 | W18: =V18-V17 -> 0 | Z18: =Y18-Y17 -> 0 | AC18: =AB18-AB17 -> 0 | AF18: =AE18-AE17 -> 0 | AI18: =AH18-AH17 -> 0 | AL18: =AK18-AK17 -> 0 | AO18: =AN18-AN17 -> 0 | AR18: =AQ18-AQ17 -> 0 | AU18: =AT18-AT17 -> 0 | AX18: =AW18-AW17 -> 0 | BA18: =AZ18-AZ17 -> 0 | BD18: =BC18-BC17 -> 0 | BG18: =BF18-BF17 -> 0 | BJ18: =BI18-BI17 -> 0 | BM18: =BL18-BL17 -> 0 | BP18: =BO18-BO17 -> 0 | BS18: =BR18-BR17 -> 0 | BV18: =BU18-BU17 -> 0 | BY18: =BX18-BX17 -> 0 | CB18: =CA18-CA17 -> 0 | CE18: =CD18-CD17 -> 0 | CH18: =CG18-CG17 -> 0 | CK18: =CJ18-CJ17 -> 0 | CN18: =CM18-CM17 -> 0 | CQ18: =CP18-CP17 -> 0 | CT18: =CS18-CS17 -> 0 | CW18: =CV18-CV17 -> 0 | CZ18: =CY18-CY17 -> 0
A19: 13 | B19: =IF('Entries March.''25'!N20-'Entries March.''25'!N19<1,"0",'Entries March.''25'!N20-'Entries March.''25'!N19) -> 33.09 | C19: 1500 | D19: 360.624 | E19: =IF(D19=0,"0",(B19/D19)) -> 0.09175762 | F19: =IF(D19=0,"0",(C19/D19)) -> 4.1594569 | H19: ='Entries March.''25'!L20-'Entries March.''25'!L19 -> 0 | I19: =+$B19 -> 33.09 | L19: =IF((('Entries March.''25'!AK19-'Entries March.''25'!AK20)/10)*5455<0,"0",(('Entries March.''25'!AK19-'Entries March.''25'!AK20)/10)*5455) -> 0 | M19: =IF((('Entries March.''25'!AL19-'Entries March.''25'!AL20)/10)*5455<0,"0",(('Entries March.''25'!AL19-'Entries March.''25'!AL20)/10)*5455) -> 0 | N19: =IF(('Entries March.''25'!AM19-'Entries March.''25'!AM20)/2.2<0,"0",('Entries March.''25'!AM19-'Entries March.''25'!AM20)/2.2) -> 0 | O19: =IF(('Entries March.''25'!AN19-'Entries March.''25'!AN20)<0,"0",('Entries March.''25'!AN19-'Entries March.''25'!AN20)) -> 0 | T19: =S19-S18 -> 0 | W19: =V19-V18 -> 0 | Z19: =Y19-Y18 -> 0 | AC19: =AB19-AB18 -> 0 | AF19: =AE19-AE18 -> 0 | AI19: =AH19-AH18 -> 0 | AL19: =AK19-AK18 -> 0 | AO19: =AN19-AN18 -> 0 | AR19: =AQ19-AQ18 -> 0 | AU19: =AT19-AT18 -> 0 | AX19: =AW19-AW18 -> 0 | BA19: =AZ19-AZ18 -> 0 | BD19: =BC19-BC18 -> 0 | BG19: =BF19-BF18 -> 0 | BJ19: =BI19-BI18 -> 0 | BM19: =BL19-BL18 -> 0 | BP19: =BO19-BO18 -> 0 | BS19: =BR19-BR18 -> 0 | BV19: =BU19-BU18 -> 0 | BY19: =BX19-BX18 -> 0 | CB19: =CA19-CA18 -> 0 | CE19: =CD19-CD18 -> 0 | CH19: =CG19-CG18 -> 0 | CK19: =CJ19-CJ18 -> 0 | CN19: =CM19-CM18 -> 0 | CQ19: =CP19-CP18 -> 0 | CT19: =CS19-CS18 -> 0 | CW19: =CV19-CV18 -> 0 | CZ19: =CY19-CY18 -> 0
... A30: 24 | B30: =IF('Entries March.''25'!N31-'Entries March.''25'!N30<1,"0",'Entries March.''25'!N31-'Entries March.''25'!N30) -> 15.45 | C30: 1200 | D30: 67.386 | E30: =IF(D30=0,"0",(B30/D30)) -> 0.22927611 | F30: =IF(D30=0,"0",(C30/D30)) -> 17.807853 | H30: ='Entries March.''25'!L31-'Entries March.''25'!L30 -> 0 | I30: =+$B30 -> 15.45 | L30: =IF((('Entries March.''25'!AK30-'Entries March.''25'!AK31)/10)*5455<0,"0",(('Entries March.''25'!AK30-'Entries March.''25'!AK31)/10)*5455) -> 0 | M30: =IF((('Entries March.''25'!AL30-'Entries March.''25'!AL31)/10)*5455<0,"0",(('Entries March.''25'!AL30-'Entries March.''25'!AL31)/10)*5455) -> 0 | N30: =IF(('Entries March.''25'!AM30-'Entries March.''25'!AM31)/2.2<0,"0",('Entries March.''25'!AM30-'Entries March.''25'!AM31)/2.2) -> 0 | O30: =IF(('Entries March.''25'!AN30-'Entries March.''25'!AN31)<0,"0",('Entries March.''25'!AN30-'Entries March.''25'!AN31)) -> 0 | T30: =S30-S29 -> 0 | W30: =V30-V29 -> 0 | Z30: =Y30-Y29 -> 0 | AC30: =AB30-AB29 -> 0 | AF30: =AE30-AE29 -> 0 | AI30: =AH30-AH29 -> 0 | AL30: =AK30-AK29 -> 0 | AO30: =AN30-AN29 -> 0 | AR30: =AQ30-AQ29 -> 0 | AU30: =AT30-AT29 -> 0 | AX30: =AW30-AW29 -> 0 | BA30: =AZ30-AZ29 -> 0 | BD30: =BC30-BC29 -> 0 | BG30: =BF30-BF29 -> 0 | BJ30: =BI30-BI29 -> 0 | BM30: =BL30-BL29 -> 0 | BP30: =BO30-BO29 -> 0 | BS30: =BR30-BR29 -> 0 | BV30: =BU30-BU29 -> 0 | BY30: =BX30-BX29 -> 0 | CB30: =CA30-CA29 -> 0 | CE30: =CD30-CD29 -> 0 | CH30: =CG30-CG29 -> 0 | CK30: =CJ30-CJ29 -> 0 | CN30: =CM30-CM29 -> 0 | CQ30: =CP30-CP29 -> 0 | CT30: =CS30-CS29 -> 0 | CW30: =CV30-CV29 -> 0 | CZ30: =CY30-CY29 -> 0
A31: 25 | B31: =IF('Entries March.''25'!N32-'Entries March.''25'!N31<1,"0",'Entries March.''25'!N32-'Entries March.''25'!N31) -> 55.9 | C31: 3100 | D31: 623.436 | E31: =IF(D31=0,"0",(B31/D31)) -> 0.089664376 | F31: =IF(D31=0,"0",(C31/D31)) -> 4.972443 | H31: ='Entries March.''25'!L32-'Entries March.''25'!L31 -> 0 | I31: =+$B31 -> 55.9 | L31: =IF((('Entries March.''25'!AK31-'Entries March.''25'!AK32)/10)*5455<0,"0",(('Entries March.''25'!AK31-'Entries March.''25'!AK32)/10)*5455) -> 0 | M31: =IF((('Entries March.''25'!AL31-'Entries March.''25'!AL32)/10)*5455<0,"0",(('Entries March.''25'!AL31-'Entries March.''25'!AL32)/10)*5455) -> 0 | N31: =IF(('Entries March.''25'!AM31-'Entries March.''25'!AM32)/2.2<0,"0",('Entries March.''25'!AM31-'Entries March.''25'!AM32)/2.2) -> 0 | O31: =IF(('Entries March.''25'!AN31-'Entries March.''25'!AN32)<0,"0",('Entries March.''25'!AN31-'Entries March.''25'!AN32)) -> 0 | T31: =SUM(T6:T29) -> 0 | W31: =SUM(W6:W29) -> 0 | Z31: =SUM(Z6:Z29) -> 0 | AC31: =SUM(AC6:AC29) -> 0 | AF31: =SUM(AF6:AF29) -> 0 | AI31: =SUM(AI6:AI29) -> 0 | AL31: =SUM(AL6:AL29) -> 0 | AO31: =SUM(AO6:AO29) -> 0 | AR31: =SUM(AR6:AR29) -> 0 | AU31: =SUM(AU6:AU29) -> 0 | AX31: =SUM(AX6:AX29) -> 0 | BA31: =SUM(BA6:BA29) -> 0 | BD31: =SUM(BD6:BD29) -> 0 | BG31: =SUM(BG6:BG29) -> 0 | BJ31: =SUM(BJ6:BJ29) -> 0 | BM31: =SUM(BM6:BM29) -> 0 | BP31: =SUM(BP6:BP29) -> 0 | BS31: =SUM(BS6:BS29) -> 0 | BV31: =SUM(BV6:BV29) -> 0 | BY31: =SUM(BY6:BY29) -> 0 | CB31: =SUM(CB6:CB29) -> 0 | CE31: =SUM(CE6:CE29) -> 0 | CH31: =SUM(CH6:CH29) -> 0 | CK31: =SUM(CK6:CK29) -> 0 | CN31: =SUM(CN6:CN29) -> 0 | CQ31: =SUM(CQ6:CQ29) -> 0 | CT31: =SUM(CT6:CT29) -> 0 | CW31: =SUM(CW6:CW29) -> 0 | CZ31: =SUM(CZ6:CZ29) -> 0
A32: 26 | B32: =IF('Entries March.''25'!N33-'Entries March.''25'!N32<1,"0",'Entries March.''25'!N33-'Entries March.''25'!N32) -> 48.95 | C32: 2400 | D32: 589.314 | E32: =IF(D32=0,"0",(B32/D32)) -> 0.08306268 | F32: =IF(D32=0,"0",(C32/D32)) -> 4.0725318 | H32: ='Entries March.''25'!L33-'Entries March.''25'!L32 -> 0 | I32: =+$B32 -> 48.95 | L32: =IF((('Entries March.''25'!AK32-'Entries March.''25'!AK33)/10)*5455<0,"0",(('Entries March.''25'!AK32-'Entries March.''25'!AK33)/10)*5455) -> 0 | M32: =IF((('Entries March.''25'!AL32-'Entries March.''25'!AL33)/10)*5455<0,"0",(('Entries March.''25'!AL32-'Entries March.''25'!AL33)/10)*5455) -> 0 | N32: =IF(('Entries March.''25'!AM32-'Entries March.''25'!AM33)/2.2<0,"0",('Entries March.''25'!AM32-'Entries March.''25'!AM33)/2.2) -> 0 | O32: =IF(('Entries March.''25'!AN32-'Entries March.''25'!AN33)<0,"0",('Entries March.''25'!AN32-'Entries March.''25'!AN33)) -> 0
A33: 27 | B33: =IF('Entries March.''25'!N34-'Entries March.''25'!N33<1,"0",'Entries March.''25'!N34-'Entries March.''25'!N33) -> 47.21 | C33: 2500 | D33: 535.854 | E33: =IF(D33=0,"0",(B33/D33)) -> 0.088102356 | F33: =IF(D33=0,"0",(C33/D33)) -> 4.6654499 | H33: ='Entries March.''25'!L34-'Entries March.''25'!L33 -> 0 | I33: =+$B33 -> 47.21 | L33: =IF((('Entries March.''25'!AK33-'Entries March.''25'!AK34)/10)*5455<0,"0",(('Entries March.''25'!AK33-'Entries March.''25'!AK34)/10)*5455) -> 0 | M33: =IF((('Entries March.''25'!AL33-'Entries March.''25'!AL34)/10)*5455<0,"0",(('Entries March.''25'!AL33-'Entries March.''25'!AL34)/10)*5455) -> 0 | N33: =IF(('Entries March.''25'!AM33-'Entries March.''25'!AM34)/2.2<0,"0",('Entries March.''25'!AM33-'Entries March.''25'!AM34)/2.2) -> 0 | O33: =IF(('Entries March.''25'!AN33-'Entries March.''25'!AN34)<0,"0",('Entries March.''25'!AN33-'Entries March.''25'!AN34)) -> 0
A34: 28 | B34: =IF('Entries March.''25'!N35-'Entries March.''25'!N34<1,"0",'Entries March.''25'!N35-'Entries March.''25'!N34) -> 14.24 | C34: 1600 | D34: 181.8144 | E34: =IF(D34=0,"0",(B34/D34)) -> 0.078321629 | F34: =IF(D34=0,"0",(C34/D34)) -> 8.800183 | H34: ='Entries March.''25'!L35-'Entries March.''25'!L34 -> 0 | I34: =+$B34 -> 14.24 | L34: =IF((('Entries March.''25'!AK34-'Entries March.''25'!AK35)/10)*5455<0,"0",(('Entries March.''25'!AK34-'Entries March.''25'!AK35)/10)*5455) -> 0 | M34: =IF((('Entries March.''25'!AL34-'Entries March.''25'!AL35)/10)*5455<0,"0",(('Entries March.''25'!AL34-'Entries March.''25'!AL35)/10)*5455) -> 0 | N34: =IF(('Entries March.''25'!AM34-'Entries March.''25'!AM35)/2.2<0,"0",('Entries March.''25'!AM34-'Entries March.''25'!AM35)/2.2) -> 0 | O34: =IF(('Entries March.''25'!AN34-'Entries March.''25'!AN35)<0,"0",('Entries March.''25'!AN34-'Entries March.''25'!AN35)) -> 0
A35: 29 | B35: =IF('Entries March.''25'!N36-'Entries March.''25'!N35<1,"0",'Entries March.''25'!N36-'Entries March.''25'!N35) -> 0 | C35: 0 | D35: 31.7625 | E35: =IF(D35=0,"0",(B35/D35)) -> 0 | F35: =IF(D35=0,"0",(C35/D35)) -> 0
A36: 30 | B36: =IF('Entries March.''25'!N37-'Entries March.''25'!N36<1,"0",'Entries March.''25'!N37-'Entries March.''25'!N36) -> 0 | C36: 0 | D36: 0 | E36: =IF(D36=0,"0",(B36/D36)) -> 0 | F36: =IF(D36=0,"0",(C36/D36)) -> 0
A37: 31 | B37: =IF('Entries March.''25'!N38-'Entries March.''25'!N37<1,"0",'Entries March.''25'!N38-'Entries March.''25'!N37) -> 42.06 | C37: 1700 | D37: 423.126 | E37: =IF(D37=0,"0",(B37/D37)) -> 0.099403015 | F37: =IF(D37=0,"0",(C37/D37)) -> 4.0177158 | G37: TARGET | H37: %
A38: MTD | B38: =SUM(B7:B37) -> 733.52 | C38: =SUM(C7:C37) -> 43400 | D38: =SUM(D7:D37) -> 6994.2849 | E38: =IF(D38=0,"0",(B38/D38)) -> 0.1048742 | F38: =IF(D38=0,"0",(C38/D38)) -> 6.2050661 | G38: 5 | H38: =F38/G38*100 -> 124.10132

Sheet Fuel 
A1: DAILY FUEL CONSUMPTION FOR MARCH 2025
A4: DATE | B4: Boiler 1 | C4: Boiler 1 | D4: Boiler 2 | E4: Boiler 2 | F4: Gen. | G4: Gen | H4: Boiler 1 sp. | I4: Boiler 2 sp. | J4: Gen. sp | K4: Daily cons. | L4: Total Prod.(HL) | M4: Fuel(Litres/HL)
B5: Cons ( l ) | C5: Hrs | D5: Cons ( l ) | E5: Hrs | F5: Cons ( l ) | G5: Hrs | H5: cons (l/hr) | I5: cons (l/hr) | J5: Cons.(l/hr) | K5: (litres)
B6: =IF('Entries March.''25'!B6=0,0,+'Entries March.''25'!B6-'Entries March.''25'!B5) -> 0
A7: 1 | B7: =IF('Entries March.''25'!B8-'Entries March.''25'!B7<1,"0",'Entries March.''25'!B8-'Entries March.''25'!B7) -> 410 | C7: =IF('Entries March.''25'!F8-'Entries March.''25'!F7<1,"0",'Entries March.''25'!F8-'Entries March.''25'!F7) -> 6.5 | D7: =IF('Entries March.''25'!C7=0,0,+'Entries March.''25'!C7-'Entries March.''25'!C6) -> 0 | E7: =IF('Entries March.''25'!G8-'Entries March.''25'!G7<1,"0",'Entries March.''25'!G8-'Entries March.''25'!G7) -> 0 | H7: =IF(C7=0,"0", B7/C7) -> 63.076923 | I7: =IF(E7=0,"0", D7/E7) -> 0 | J7: =IF(G7=0,"0", F7/G7) -> 0 | K7: =B7+D7+F7 -> 410 | L7: {=IF(TRANSPOSE('Daily KPIs'!B9:AF9)=0,"0",TRANSPOSE('Daily KPIs'!B9:AF9))} -> 0 | M7: =IF(L7=0,"0",(K7/L7)) -> 0
A8: 2 | B8: =IF('Entries March.''25'!B9-'Entries March.''25'!B8<1,"0",'Entries March.''25'!B9-'Entries March.''25'!B8) -> 540 | C8: =IF('Entries March.''25'!F9-'Entries March.''25'!F8<1,"0",'Entries March.''25'!F9-'Entries March.''25'!F8) -> 2.9 | D8: =IF('Entries March.''25'!C8=0,0,+'Entries March.''25'!C8-'Entries March.''25'!C7) -> 0 | E8: =IF('Entries March.''25'!G9-'Entries March.''25'!G8<1,"0",'Entries March.''25'!G9-'Entries March.''25'!G8) -> 0 | H8: =IF(C8=0,"0", B8/C8) -> 186.2069 | I8: =IF(E8=0,"0", D8/E8) -> 0 | J8: =IF(G8=0,"0", F8/G8) -> 0 | K8: =B8+D8+F8 -> 540 | L8: 0 | M8: =IF(L8=0,"0",(K8/L8)) -> 0
A9: 3 | B9: =IF('Entries March.''25'!B10-'Entries March.''25'!B9<1,"0",'Entries March.''25'!B10-'Entries March.''25'!B9) -> 2480 | C9: =IF('Entries March.''25'!F10-'Entries March.''25'!F9<1,"0",'Entries March.''25'!F10-'Entries March.''25'!F9) -> 18 | D9: =IF('Entries March.''25'!C9=0,0,+'Entries March.''25'!C9-'Entries March.''25'!C8) -> 0 | E9: =IF('Entries March.''25'!G10-'Entries March.''25'!G9<1,"0",'Entries March.''25'!G10-'Entries March.''25'!G9) -> 0 | H9: =IF(C9=0,"0", B9/C9) -> 137.77778 | I9: =IF(E9=0,"0", D9/E9) -> 0 | J9: =IF(G9=0,"0", F9/G9) -> 0 | K9: =B9+D9+F9 -> 2480 | L9: 356.4 | M9: =IF(L9=0,"0",(K9/L9)) -> 6.9584736
A10: 4 | B10: =IF('Entries March.''25'!B11-'Entries March.''25'!B10<1,"0",'Entries March.''25'!B11-'Entries March.''25'!B10) -> 3270 | C10: =IF('Entries March.''25'!F11-'Entries March.''25'!F10<1,"0",'Entries March.''25'!F11-'Entries March.''25'!F10) -> 22.3 | D10: =IF('Entries March.''25'!C12=0,0,+'Entries March.''25'!C12-'Entries March.''25'!C9) -> 0 | E10: =IF('Entries March.''25'!G11-'Entries March.''25'!G10<1,"0",'Entries March.''25'!G11-'Entries March.''25'!G10) -> 0 | H10: =IF(C10=0,"0", B10/C10) -> 146.63677 | I10: =IF(E10=0,"0", D10/E10) -> 0 | J10: =IF(G10=0,"0", F10/G10) -> 0 | K10: =B10+D10+F10 -> 3270 | L10: 476.982 | M10: =IF(L10=0,"0",(K10/L10)) -> 6.8556046
A11: 5 | B11: =IF('Entries March.''25'!B12-'Entries March.''25'!B11<1,"0",'Entries March.''25'!B12-'Entries March.''25'!B11) -> 3040 | C11: =IF('Entries March.''25'!F12-'Entries March.''25'!F11<1,"0",'Entries March.''25'!F12-'Entries March.''25'!F11) -> 20.8 | D11: =IF('Entries March.''25'!C11=0,0,+'Entries March.''25'!C11-'Entries March.''25'!C12) -> 0 | E11: =IF('Entries March.''25'!G12-'Entries March.''25'!G11<1,"0",'Entries March.''25'!G12-'Entries March.''25'!G11) -> 0 | H11: =IF(C11=0,"0", B11/C11) -> 146.15385 | I11: =IF(E11=0,"0", D11/E11) -> 0 | J11: =IF(G11=0,"0", F11/G11) -> 0 | K11: =B11+D11+F11 -> 3040 | L11: 345.114 | M11: =IF(L11=0,"0",(K11/L11)) -> 8.8086835
A12: 6 | B12: =IF('Entries March.''25'!B13-'Entries March.''25'!B12<1,"0",'Entries March.''25'!B13-'Entries March.''25'!B12) -> 2720 | C12: =IF('Entries March.''25'!F13-'Entries March.''25'!F12<1,"0",'Entries March.''25'!F13-'Entries March.''25'!F12) -> 20.2 | D12: =IF('Entries March.''25'!C13=0,0,+'Entries March.''25'!C13-'Entries March.''25'!C11) -> 0 | E12: =IF('Entries March.''25'!G13-'Entries March.''25'!G12<1,"0",'Entries March.''25'!G13-'Entries March.''25'!G12) -> 0 | H12: =IF(C12=0,"0", B12/C12) -> 134.65347 | I12: =IF(E12=0,"0", D12/E12) -> 0 | J12: =IF(G12=0,"0", F12/G12) -> 0 | K12: =B12+D12+F12 -> 2720 | L12: 383.79 | M12: =IF(L12=0,"0",(K12/L12)) -> 7.0872092
A13: 7 | B13: =IF('Entries March.''25'!B14-'Entries March.''25'!B13<1,"0",'Entries March.''25'!B14-'Entries March.''25'!B13) -> 2380 | C13: =IF('Entries March.''25'!F14-'Entries March.''25'!F13<1,"0",'Entries March.''25'!F14-'Entries March.''25'!F13) -> 17.5 | D13: =IF('Entries March.''25'!C14=0,0,+'Entries March.''25'!C14-'Entries March.''25'!C12) -> 0 | E13: =IF('Entries March.''25'!G14-'Entries March.''25'!G13<1,"0",'Entries March.''25'!G14-'Entries March.''25'!G13) -> 0 | H13: =IF(C13=0,"0", B13/C13) -> 136 | I13: =IF(E13=0,"0", D13/E13) -> 0 | J13: =IF(G13=0,"0", F13/G13) -> 0 | K13: =B13+D13+F13 -> 2380 | L13: 328.482 | M13: =IF(L13=0,"0",(K13/L13)) -> 7.2454503
A14: 8 | B14: =IF('Entries March.''25'!B15-'Entries March.''25'!B14<1,"0",'Entries March.''25'!B15-'Entries March.''25'!B14) -> 1000 | C14: =IF('Entries March.''25'!F15-'Entries March.''25'!F14<1,"0",'Entries March.''25'!F15-'Entries March.''25'!F14) -> 8.6 | D14: =IF('Entries March.''25'!C14=0,0,+'Entries March.''25'!C14-'Entries March.''25'!#REF!) -> 0 | E14: =IF('Entries March.''25'!G15-'Entries March.''25'!G14<1,"0",'Entries March.''25'!G15-'Entries March.''25'!G14) -> 0 | H14: =IF(C14=0,"0", B14/C14) -> 116.27907 | I14: =IF(E14=0,"0", D14/E14) -> 0 | J14: =IF(G14=0,"0", F14/G14) -> 0 | K14: =B14+D14+F14 -> 1000 | L14: 0 | M14: =IF(L14=0,"0",(K14/L14)) -> 0
A15: 9 | B15: =IF('Entries March.''25'!B16-'Entries March.''25'!B15<1,"0",'Entries March.''25'!B16-'Entries March.''25'!B15) -> 100 | C15: =IF('Entries March.''25'!F16-'Entries March.''25'!F15<1,"0",'Entries March.''25'!F16-'Entries March.''25'!F15) -> 0 | D15: =IF('Entries March.''25'!C15=0,0,+'Entries March.''25'!C15-'Entries March.''25'!C14) -> 0 | E15: =IF('Entries March.''25'!G16-'Entries March.''25'!G15<1,"0",'Entries March.''25'!G16-'Entries March.''25'!G15) -> 0 | H15: =IF(C15=0,"0", B15/C15) -> 0 | I15: =IF(E15=0,"0", D15/E15) -> 0 | J15: =IF(G15=0,"0", F15/G15) -> 0 | K15: =B15+D15+F15 -> 100 | L15: 0 | M15: =IF(L15=0,"0",(K15/L15)) -> 0
A16: 10 | B16: =IF('Entries March.''25'!B17-'Entries March.''25'!B16<1,"0",'Entries March.''25'!B17-'Entries March.''25'!B16) -> 3100 | C16: =IF('Entries March.''25'!F17-'Entries March.''25'!F16<1,"0",'Entries March.''25'!F17-'Entries March.''25'!F16) -> 19.5 | D16: =IF('Entries March.''25'!C16=0,0,+'Entries March.''25'!C16-'Entries March.''25'!C15) -> 0 | E16: =IF('Entries March.''25'!G17-'Entries March.''25'!G16<1,"0",'Entries March.''25'!G17-'Entries March.''25'!G16) -> 0 | H16: =IF(C16=0,"0", B16/C16) -> 158.97436 | I16: =IF(E16=0,"0", D16/E16) -> 0 | J16: =IF(G16=0,"0", F16/G16) -> 0 | K16: =B16+D16+F16 -> 3100 | L16: 228.36 | M16: =IF(L16=0,"0",(K16/L16)) -> 13.575057
A17: 11 | B17: =IF('Entries March.''25'!B18-'Entries March.''25'!B17<1,"0",'Entries March.''25'!B18-'Entries March.''25'!B17) -> 3040 | C17: =IF('Entries March.''25'!F18-'Entries March.''25'!F17<1,"0",'Entries March.''25'!F18-'Entries March.''25'!F17) -> 21.9 | D17: =IF('Entries March.''25'!C17=0,0,+'Entries March.''25'!C17-'Entries March.''25'!C16) -> 0 | E17: =IF('Entries March.''25'!G18-'Entries March.''25'!G17<1,"0",'Entries March.''25'!G18-'Entries March.''25'!G17) -> 0 | H17: =IF(C17=0,"0", B17/C17) -> 138.81279 | I17: =IF(E17=0,"0", D17/E17) -> 0 | J17: =IF(G17=0,"0", F17/G17) -> 0 | K17: =B17+D17+F17 -> 3040 | L17: 187.11 | M17: =IF(L17=0,"0",(K17/L17)) -> 16.247127
A18: 12 | B18: =IF('Entries March.''25'!B19-'Entries March.''25'!B18<1,"0",'Entries March.''25'!B19-'Entries March.''25'!B18) -> 2800 | C18: =IF('Entries March.''25'!F19-'Entries March.''25'!F18<1,"0",'Entries March.''25'!F19-'Entries March.''25'!F18) -> 21.3 | D18: =IF('Entries March.''25'!C18=0,0,+'Entries March.''25'!C18-'Entries March.''25'!C17) -> 0 | E18: =IF('Entries March.''25'!G19-'Entries March.''25'!G18<1,"0",'Entries March.''25'!G19-'Entries March.''25'!G18) -> 0 | H18: =IF(C18=0,"0", B18/C18) -> 131.4554 | I18: =IF(E18=0,"0", D18/E18) -> 0 | J18: =IF(G18=0,"0", F18/G18) -> 0 | K18: =B18+D18+F18 -> 2800 | L18: 135.036 | M18: =IF(L18=0,"0",(K18/L18)) -> 20.735211
A19: 13 | B19: =IF('Entries March.''25'!B20-'Entries March.''25'!B19<1,"0",'Entries March.''25'!B20-'Entries March.''25'!B19) -> 3010 | C19: =IF('Entries March.''25'!F20-'Entries March.''25'!F19<1,"0",'Entries March.''25'!F20-'Entries March.''25'!F19) -> 21 | D19: =IF('Entries March.''25'!C19=0,0,+'Entries March.''25'!C19-'Entries March.''25'!C18) -> 0 | E19: =IF('Entries March.''25'!G20-'Entries March.''25'!G19<1,"0",'Entries March.''25'!G20-'Entries March.''25'!G19) -> 0 | H19: =IF(C19=0,"0", B19/C19) -> 143.33333 | I19: =IF(E19=0,"0", D19/E19) -> 0 | J19: =IF(G19=0,"0", F19/G19) -> 0 | K19: =B19+D19+F19 -> 3010 | L19: 360.624 | M19: =IF(L19=0,"0",(K19/L19)) -> 8.3466436
A20: 14 | B20: =IF('Entries March.''25'!B21-'Entries March.''25'!B20<1,"0",'Entries March.''25'!B21-'Entries March.''25'!B20) -> 2410 | C20: =IF('Entries March.''25'!F21-'Entries March.''25'!F20<1,"0",'Entries March.''25'!F21-'Entries March.''25'!F20) -> 18.5 | D20: =IF('Entries March.''25'!C20=0,0,+'Entries March.''25'!C20-'Entries March.''25'!C19) -> 0 | E20: =IF('Entries March.''25'!G21-'Entries March.''25'!G20<1,"0",'Entries March.''25'!G21-'Entries March.''25'!G20) -> 0 | H20: =IF(C20=0,"0", B20/C20) -> 130.27027 | I20: =IF(E20=0,"0", D20/E20) -> 0 | J20: =IF(G20=0,"0", F20/G20) -> 0 | K20: =B20+D20+F20 -> 2410 | L20: 272.448 | M20: =IF(L20=0,"0",(K20/L20)) -> 8.8457247
A21: 15 | B21: =IF('Entries March.''25'!B22-'Entries March.''25'!B21<1,"0",'Entries March.''25'!B22-'Entries March.''25'!B21) -> 0 | C21: =IF('Entries March.''25'!F22-'Entries March.''25'!F21<1,"0",'Entries March.''25'!F22-'Entries March.''25'!F21) -> 0 | D21: =IF('Entries March.''25'!C21=0,0,+'Entries March.''25'!C21-'Entries March.''25'!C20) -> 0 | E21: =IF('Entries March.''25'!G22-'Entries March.''25'!G21<1,"0",'Entries March.''25'!G22-'Entries March.''25'!G21) -> 0 | H21: =IF(C21=0,"0", B21/C21) -> 0 | I21: =IF(E21=0,"0", D21/E21) -> 0 | J21: =IF(G21=0,"0", F21/G21) -> 0 | K21: =B21+D21+F21 -> 0 | L21: 0 | M21: =IF(L21=0,"0",(K21/L21)) -> 0
A22: 16 | B22: =IF('Entries March.''25'!B23-'Entries March.''25'!B22<1,"0",'Entries March.''25'!B23-'Entries March.''25'!B22) -> 1320 | C22: =IF('Entries March.''25'!F23-'Entries March.''25'!F22<1,"0",'Entries March.''25'!F23-'Entries March.''25'!F22) -> 8 | D22: =IF('Entries March.''25'!C22=0,0,+'Entries March.''25'!C22-'Entries March.''25'!C21) -> 0 | E22: =IF('Entries March.''25'!G23-'Entries March.''25'!G22<1,"0",'Entries March.''25'!G23-'Entries March.''25'!G22) -> 0 | H22: =IF(C22=0,"0", B22/C22) -> 165 | I22: =IF(E22=0,"0", D22/E22) -> 0 | J22: =IF(G22=0,"0", F22/G22) -> 0 | K22: =B22+D22+F22 -> 1320 | L22: 0 | M22: =IF(L22=0,"0",(K22/L22)) -> 0
A23: 17 | B23: =IF('Entries March.''25'!B24-'Entries March.''25'!B23<1,"0",'Entries March.''25'!B24-'Entries March.''25'!B23) -> 2510 | C23: =IF('Entries March.''25'!F24-'Entries March.''25'!F23<1,"0",'Entries March.''25'!F24-'Entries March.''25'!F23) -> 18.7 | D23: =IF('Entries March.''25'!C23=0,0,+'Entries March.''25'!C23-'Entries March.''25'!C22) -> 0 | E23: =IF('Entries March.''25'!G24-'Entries March.''25'!G23<1,"0",'Entries March.''25'!G24-'Entries March.''25'!G23) -> 0 | H23: =IF(C23=0,"0", B23/C23) -> 134.2246 | I23: =IF(E23=0,"0", D23/E23) -> 0 | J23: =IF(G23=0,"0", F23/G23) -> 0 | K23: =B23+D23+F23 -> 2510 | L23: 151.734 | M23: =IF(L23=0,"0",(K23/L23)) -> 16.542107
A24: 18 | B24: =IF('Entries March.''25'!B25-'Entries March.''25'!B24<1,"0",'Entries March.''25'!B25-'Entries March.''25'!B24) -> 2490 | C24: =IF('Entries March.''25'!F25-'Entries March.''25'!F24<1,"0",'Entries March.''25'!F25-'Entries March.''25'!F24) -> 16.7 | D24: =IF('Entries March.''25'!C24=0,0,+'Entries March.''25'!C24-'Entries March.''25'!C23) -> 0 | E24: =IF('Entries March.''25'!G25-'Entries March.''25'!G24<1,"0",'Entries March.''25'!G25-'Entries March.''25'!G24) -> 0 | H24: =IF(C24=0,"0", B24/C24) -> 149.1018 | I24: =IF(E24=0,"0", D24/E24) -> 0 | J24: =IF(G24=0,"0", F24/G24) -> 0 | K24: =B24+D24+F24 -> 2490 | L24: 429.726 | M24: =IF(L24=0,"0",(K24/L24)) -> 5.7943899
A25: 19 | B25: =IF('Entries March.''25'!B26-'Entries March.''25'!B25<1,"0",'Entries March.''25'!B26-'Entries March.''25'!B25) -> 3211 | C25: =IF('Entries March.''25'!F26-'Entries March.''25'!F25<1,"0",'Entries March.''25'!F26-'Entries March.''25'!F25) -> 21.5 | D25: =IF('Entries March.''25'!C25=0,0,+'Entries March.''25'!C25-'Entries March.''25'!C24) -> 0 | E25: =IF('Entries March.''25'!G26-'Entries March.''25'!G25<1,"0",'Entries March.''25'!G26-'Entries March.''25'!G25) -> 0 | H25: =IF(C25=0,"0", B25/C25) -> 149.34884 | I25: =IF(E25=0,"0", D25/E25) -> 0 | J25: =IF(G25=0,"0", F25/G25) -> 0 | K25: =B25+D25+F25 -> 3211 | L25: 501.402 | M25: =IF(L25=0,"0",(K25/L25)) -> 6.4040431
A26: 20 | B26: =IF('Entries March.''25'!B27-'Entries March.''25'!B26<1,"0",'Entries March.''25'!B27-'Entries March.''25'!B26) -> 3019 | C26: =IF('Entries March.''25'!F27-'Entries March.''25'!F26<1,"0",'Entries March.''25'!F27-'Entries March.''25'!F26) -> 21.2 | D26: =IF('Entries March.''25'!C26=0,0,+'Entries March.''25'!C26-'Entries March.''25'!C25) -> 0 | E26: =IF('Entries March.''25'!G27-'Entries March.''25'!G26<1,"0",'Entries March.''25'!G27-'Entries March.''25'!G26) -> 0 | H26: =IF(C26=0,"0", B26/C26) -> 142.40566 | I26: =IF(E26=0,"0", D26/E26) -> 0 | J26: =IF(G26=0,"0", F26/G26) -> 0 | K26: =B26+D26+F26 -> 3019 | L26: 267.498 | M26: =IF(L26=0,"0",(K26/L26)) -> 11.286066
A27: 21 | B27: =IF('Entries March.''25'!B28-'Entries March.''25'!B27<1,"0",'Entries March.''25'!B28-'Entries March.''25'!B27) -> 1270 | C27: =IF('Entries March.''25'!F28-'Entries March.''25'!F27<1,"0",'Entries March.''25'!F28-'Entries March.''25'!F27) -> 9.8 | D27: =IF('Entries March.''25'!C27=0,0,+'Entries March.''25'!C27-'Entries March.''25'!C26) -> 0 | E27: =IF('Entries March.''25'!G28-'Entries March.''25'!G27<1,"0",'Entries March.''25'!G28-'Entries March.''25'!G27) -> 0 | H27: =IF(C27=0,"0", B27/C27) -> 129.59184 | I27: =IF(E27=0,"0", D27/E27) -> 0 | J27: =IF(G27=0,"0", F27/G27) -> 0 | K27: =B27+D27+F27 -> 1270 | L27: 116.886 | M27: =IF(L27=0,"0",(K27/L27)) -> 10.865288
A28: 22 | B28: =IF('Entries March.''25'!B29-'Entries March.''25'!B28<1,"0",'Entries March.''25'!B29-'Entries March.''25'!B28) -> 220 | C28: =IF('Entries March.''25'!F29-'Entries March.''25'!F28<1,"0",'Entries March.''25'!F29-'Entries March.''25'!F28) -> 1.7 | D28: =IF('Entries March.''25'!C28=0,0,+'Entries March.''25'!C28-'Entries March.''25'!C27) -> 0 | E28: =IF('Entries March.''25'!G29-'Entries March.''25'!G28<1,"0",'Entries March.''25'!G29-'Entries March.''25'!G28) -> 0 | H28: =IF(C28=0,"0", B28/C28) -> 129.41176 | I28: =IF(E28=0,"0", D28/E28) -> 0 | J28: =IF(G28=0,"0", F28/G28) -> 0 | K28: =B28+D28+F28 -> 220 | L28: 0 | M28: =IF(L28=0,"0",(K28/L28)) -> 0
A29: 23 | B29: =IF('Entries March.''25'!B30-'Entries March.''25'!B29<1,"0",'Entries March.''25'!B30-'Entries March.''25'!B29) -> 800 | C29: =IF('Entries March.''25'!F30-'Entries March.''25'!F29<1,"0",'Entries March.''25'!F30-'Entries March.''25'!F29) -> 14.4 | D29: =IF('Entries March.''25'!C29=0,0,+'Entries March.''25'!C29-'Entries March.''25'!C28) -> 0 | E29: =IF('Entries March.''25'!G30-'Entries March.''25'!G29<1,"0",'Entries March.''25'!G30-'Entries March.''25'!G29) -> 0 | H29: =IF(C29=0,"0", B29/C29) -> 55.555556 | I29: =IF(E29=0,"0", D29/E29) -> 0 | J29: =IF(G29=0,"0", F29/G29) -> 0 | K29: =B29+D29+F29 -> 800 | L29: 0 | M29: =IF(L29=0,"0",(K29/L29)) -> 0
A30: 24 | B30: =IF('Entries March.''25'!B31-'Entries March.''25'!B30<1,"0",'Entries March.''25'!B31-'Entries March.''25'!B30) -> 2750 | C30: =IF('Entries March.''25'!F31-'Entries March.''25'!F30<1,"0",'Entries March.''25'!F31-'Entries March.''25'!F30) -> 9.8 | D30: =IF('Entries March.''25'!C30=0,0,+'Entries March.''25'!C30-'Entries March.''25'!C29) -> 0 | E30: =IF('Entries March.''25'!G31-'Entries March.''25'!G30<1,"0",'Entries March.''25'!G31-'Entries March.''25'!G30) -> 0 | H30: =IF(C30=0,"0", B30/C30) -> 280.61224 | I30: =IF(E30=0,"0", D30/E30) -> 0 | J30: =IF(G30=0,"0", F30/G30) -> 0 | K30: =B30+D30+F30 -> 2750 | L30: 67.386 | M30: =IF(L30=0,"0",(K30/L30)) -> 40.809664
A31: 25 | B31: =IF('Entries March.''25'!B32-'Entries March.''25'!B31<1,"0",'Entries March.''25'!B32-'Entries March.''25'!B31) -> 3100 | C31: =IF('Entries March.''25'!F32-'Entries March.''25'!F31<1,"0",'Entries March.''25'!F32-'Entries March.''25'!F31) -> 20.2 | D31: =IF('Entries March.''25'!C31=0,0,+'Entries March.''25'!C31-'Entries March.''25'!C30) -> 0 | E31: =IF('Entries March.''25'!G32-'Entries March.''25'!G31<1,"0",'Entries March.''25'!G32-'Entries March.''25'!G31) -> 0 | H31: =IF(C31=0,"0", B31/C31) -> 153.46535 | I31: =IF(E31=0,"0", D31/E31) -> 0 | J31: =IF(G31=0,"0", F31/G31) -> 0 | K31: =B31+D31+F31 -> 3100 | L31: 623.436 | M31: =IF(L31=0,"0",(K31/L31)) -> 4.972443
A32: 26 | B32: =IF('Entries March.''25'!B33-'Entries March.''25'!B32<1,"0",'Entries March.''25'!B33-'Entries March.''25'!B32) -> 3200 | C32: =IF('Entries March.''25'!F33-'Entries March.''25'!F32<1,"0",'Entries March.''25'!F33-'Entries March.''25'!F32) -> 20.2 | D32: =IF('Entries March.''25'!C32=0,0,+'Entries March.''25'!C32-'Entries March.''25'!C31) -> 0 | E32: =IF('Entries March.''25'!G33-'Entries March.''25'!G32<1,"0",'Entries March.''25'!G33-'Entries March.''25'!G32) -> 0 | H32: =IF(C32=0,"0", B32/C32) -> 158.41584 | I32: =IF(E32=0,"0", D32/E32) -> 0 | J32: =IF(G32=0,"0", F32/G32) -> 0 | K32: =B32+D32+F32 -> 3200 | L32: 589.314 | M32: =IF(L32=0,"0",(K32/L32)) -> 5.4300424
A33: 27 | B33: =IF('Entries March.''25'!B34-'Entries March.''25'!B33<1,"0",'Entries March.''25'!B34-'Entries March.''25'!B33) -> 862 | C33: =IF('Entries March.''25'!F34-'Entries March.''25'!F33<1,"0",'Entries March.''25'!F34-'Entries March.''25'!F33) -> 20.4 | D33: =IF('Entries March.''25'!C33=0,0,+'Entries March.''25'!C33-'Entries March.''25'!C32) -> 0 | E33: =IF('Entries March.''25'!G34-'Entries March.''25'!G33<1,"0",'Entries March.''25'!G34-'Entries March.''25'!G33) -> 0 | H33: =IF(C33=0,"0", B33/C33) -> 42.254902 | I33: =IF(E33=0,"0", D33/E33) -> 0 | J33: =IF(G33=0,"0", F33/G33) -> 0 | K33: =B33+D33+F33 -> 862 | L33: 535.854 | M33: =IF(L33=0,"0",(K33/L33)) -> 1.6086471
A34: 28 | B34: =IF('Entries March.''25'!B35-'Entries March.''25'!B34<1,"0",'Entries March.''25'!B35-'Entries March.''25'!B34) -> 4458 | C34: =IF('Entries March.''25'!F35-'Entries March.''25'!F34<1,"0",'Entries March.''25'!F35-'Entries March.''25'!F34) -> 17.4 | D34: =IF('Entries March.''25'!C34=0,0,+'Entries March.''25'!C34-'Entries March.''25'!C33) -> 0 | E34: =IF('Entries March.''25'!G35-'Entries March.''25'!G34<1,"0",'Entries March.''25'!G35-'Entries March.''25'!G34) -> 0 | H34: =IF(C34=0,"0", B34/C34) -> 256.2069 | I34: =IF(E34=0,"0", D34/E34) -> 0 | J34: =IF(G34=0,"0", F34/G34) -> 0 | K34: =B34+D34+F34 -> 4458 | L34: 181.8144 | M34: =IF(L34=0,"0",(K34/L34)) -> 24.51951
A35: 29 | B35: =IF('Entries March.''25'!B36-'Entries March.''25'!B35<1,"0",'Entries March.''25'!B36-'Entries March.''25'!B35) -> 580 | C35: =IF('Entries March.''25'!F36-'Entries March.''25'!F35<1,"0",'Entries March.''25'!F36-'Entries March.''25'!F35) -> 4.7 | E35: =IF('Entries March.''25'!G36-'Entries March.''25'!G35<1,"0",'Entries March.''25'!G36-'Entries March.''25'!G35) -> 0 | H35: =IF(C35=0,"0", B35/C35) -> 123.40426 | I35: =IF(E35=0,"0", D35/E35) -> 0 | J35: =IF(G35=0,"0", F35/G35) -> 0 | K35: =B35+D35+F35 -> 580 | L35: 31.7625 | M35: =IF(L35=0,"0",(K35/L35)) -> 18.260527
A36: 30 | B36: =IF('Entries March.''25'!B37-'Entries March.''25'!B36<1,"0",'Entries March.''25'!B37-'Entries March.''25'!B36) -> 810 | C36: =IF('Entries March.''25'!F37-'Entries March.''25'!F36<1,"0",'Entries March.''25'!F37-'Entries March.''25'!F36) -> 4 | E36: =IF('Entries March.''25'!G37-'Entries March.''25'!G36<1,"0",'Entries March.''25'!G37-'Entries March.''25'!G36) -> 0 | H36: =IF(C36=0,"0", B36/C36) -> 202.5 | I36: =IF(E36=0,"0", D36/E36) -> 0 | J36: =IF(G36=0,"0", F36/G36) -> 0 | K36: =B36+D36+F36 -> 810 | L36: 0 | M36: =IF(L36=0,"0",(K36/L36)) -> 0
A37: 31 | B37: =IF('Entries March.''25'!B38-'Entries March.''25'!B37<1,"0",'Entries March.''25'!B38-'Entries March.''25'!B37) -> 2670 | C37: =IF('Entries March.''25'!F38-'Entries March.''25'!F37<1,"0",'Entries March.''25'!F38-'Entries March.''25'!F37) -> 17.6 | D37: =IF('Entries March.''25'!C36=0,0,+'Entries March.''25'!C36-'Entries March.''25'!#REF!) -> 0 | E37: =IF('Entries March.''25'!G38-'Entries March.''25'!G37<1,"0",'Entries March.''25'!G38-'Entries March.''25'!G37) -> 0 | H37: =IF(C37=0,"0", B37/C37) -> 151.70455 | I37: =IF(E37=0,"0", D37/E37) -> 0 | J37: =IF(G37=0,"0", F37/G37) -> 0 | K37: =B37+D37+F37 -> 2670 | L37: 423.126 | M37: =IF(L37=0,"0",(K37/L37)) -> 6.3101771 | N37: TARGET | O37: %
A38: MTD | B38: =SUM(B7:B37) -> 63570 | C38: =SUM(C7:C37) -> 445.3 | D38: =SUM(D7:D34) -> 0 | E38: =SUM(E7:E34) -> 0 | H38: =IF(C38=0,"0", B38/C38) -> 142.75769 | K38: =SUM(K7:K37) -> 63570 | L38: =SUM(L7:L37) -> 6994.2849 | M38: =IF(L38=0,"0",(K38/L38)) -> 9.0888491 | N38: 7.2 | O38: =M38/N38*100 -> 126.23402
H39: cons (l/hr)

Sheet Water 
B4: DATE | C4: Well Supply (m3) | D4: Nawasa Supply (m3) | E4: Annanale Supply (m3) | F4: RO Water Plant Nawasa (m3) | G4: Service Water Received (m3) | H4: Service Water Supply to Plant (m3) | I4: CO2 Scrubber (m3) | J4: Brewhouse / Old Pepsi Area (m3) | K4: Filtration/Cellars (m3) | L4: Cellars/Process Area (m3) | M4: Pasteuriser (m3) | R4: Permeate Produced (m3) | S4: Plant Cons. USAGE (Hl.) | U4: Bottle Filler (m3) | X4: Rus (m3) | Y4: Washdown Area (m3) | Z4: TOTAL SUPPLY (M3) | AA4: Total Prod.(HL) | AB4: Water KPI (Hl/Hl)
N5: CIP Process (m3) | O5: Bottles Washer (m3) | P5: Bottles Filler (m3) | Q5: Boiler Supply (m3) | T5: ∑ Service Water to Processes | V5: Water into RO #1 (m3) | W5: Water into RO #2 (m3)
B6: -
B7: 1 | C7: =IF('Entries March.''25'!W8-'Entries March.''25'!W7<1,"0",'Entries March.''25'!W8-'Entries March.''25'!W7) -> 0 | D7: =IF('Entries March.''25'!O8-'Entries March.''25'!O7<1,"0",'Entries March.''25'!O8-'Entries March.''25'!O7) -> 0 | E7: =IF('Entries March.''25'!P8-'Entries March.''25'!P7<1,"0",'Entries March.''25'!P8-'Entries March.''25'!P7) -> 186 | F7: =IF('Entries March.''25'!V8-'Entries March.''25'!V7<1,"0",'Entries March.''25'!V8-'Entries March.''25'!V7) -> 196 | G7: =(D7+E7)-F7 -> -10 | H7: =IF('Entries March.''25'!Q8-'Entries March.''25'!Q7<1,0,'Entries March.''25'!Q8-'Entries March.''25'!Q7) -> 74 | I7: =IF('Entries March.''25'!AG8-'Entries March.''25'!AG7<1,0,'Entries March.''25'!AG8-'Entries March.''25'!AG7) -> 0 | J7: =IF('Entries March.''25'!S8-'Entries March.''25'!S7<1,"0",'Entries March.''25'!S8-'Entries March.''25'!S7) -> 1 | K7: =IF('Entries March.''25'!R8-'Entries March.''25'!R7<1,"0",'Entries March.''25'!R8-'Entries March.''25'!R7) -> 0 | L7: =IF('Entries March.''25'!T8-'Entries March.''25'!T7<1,"0",'Entries March.''25'!T8-'Entries March.''25'!T7) -> 0 | M7: =IF('Entries March.''25'!U8-'Entries March.''25'!U7<1,"0",'Entries March.''25'!U8-'Entries March.''25'!U7) -> 0 | N7: =IF('Entries March.''25'!X8-'Entries March.''25'!X7<1,"0",'Entries March.''25'!X8-'Entries March.''25'!X7) -> 0 | O7: =IF('Entries March.''25'!Y8-'Entries March.''25'!Y7<1,"0",'Entries March.''25'!Y8-'Entries March.''25'!Y7) -> 36 | P7: =IF('Entries March.''25'!AC8-'Entries March.''25'!AC7<1,"0",'Entries March.''25'!AC8-'Entries March.''25'!AC7) -> 0 | Q7: =IF('Entries March.''25'!Z8-'Entries March.''25'!Z7<1,"0",'Entries March.''25'!Z8-'Entries March.''25'!Z7) -> 6 | R7: =IF(('Entries March.''25'!AA8-'Entries March.''25'!AA7)+('Entries March.''25'!AB8-'Entries March.''25'!AB7)<1,"0",('Entries March.''25'!AA8-'Entries March.''25'!AA7)+('Entries March.''25'!AB8-'Entries March.''25'!AB7)) -> 0 | S7: =(R7+G7)*10 -> -100 | T7: =O7+N7+M7+L7 -> 36 | U7: =IF('Entries March.''25'!AC8-'Entries March.''25'!AC7<1,"0",'Entries March.''25'!AC8-'Entries March.''25'!AC7) -> 0 | V7: =IF('Entries March.''25'!AD8-'Entries March.''25'!AD7<1,"0",'Entries March.''25'!AD8-'Entries March.''25'!AD7) -> 0 | W7: =IF('Entries March.''25'!AE8-'Entries March.''25'!AE7<1,"0",'Entries March.''25'!AE8-'Entries March.''25'!AE7) -> 0 | X7: =IF('Entries March.''25'!AI8-'Entries March.''25'!AI7<1,"0",'Entries March.''25'!AI8-'Entries March.''25'!AI7) -> 0 | Y7: =IF('Entries March.''25'!AH8-'Entries March.''25'!AH7<1,"0",'Entries March.''25'!AH8-'Entries March.''25'!AH7) -> 0 | Z7: =C7+D7+E7 -> 186 | AA7: {=IF(TRANSPOSE('Daily KPIs'!B9:AF9)=0,"0",TRANSPOSE('Daily KPIs'!B9:AF9))} -> 0 | AB7: =IF(AA7=0,"0",(Z7*10/AA7)) -> 0
B8: 2 | C8: =IF('Entries March.''25'!W9-'Entries March.''25'!W8<1,"0",'Entries March.''25'!W9-'Entries March.''25'!W8) -> 0 | D8: =IF('Entries March.''25'!O9-'Entries March.''25'!O8<1,"0",'Entries March.''25'!O9-'Entries March.''25'!O8) -> 0 | E8: =IF('Entries March.''25'!P9-'Entries March.''25'!P8<1,"0",'Entries March.''25'!P9-'Entries March.''25'!P8) -> 0 | F8: =IF('Entries March.''25'!V9-'Entries March.''25'!V8<1,"0",'Entries March.''25'!V9-'Entries March.''25'!V8) -> 0 | G8: =(D8+E8)-F8 -> 0 | H8: =IF('Entries March.''25'!Q9-'Entries March.''25'!Q8<1,0,'Entries March.''25'!Q9-'Entries March.''25'!Q8) -> 31 | I8: =IF('Entries March.''25'!AG9-'Entries March.''25'!AG8<1,0,'Entries March.''25'!AG9-'Entries March.''25'!AG8) -> 0 | J8: =IF('Entries March.''25'!S9-'Entries March.''25'!S8<1,"0",'Entries March.''25'!S9-'Entries March.''25'!S8) -> 0 | K8: =IF('Entries March.''25'!R9-'Entries March.''25'!R8<1,"0",'Entries March.''25'!R9-'Entries March.''25'!R8) -> 0 | L8: =IF('Entries March.''25'!T9-'Entries March.''25'!T8<1,"0",'Entries March.''25'!T9-'Entries March.''25'!T8) -> 0 | M8: =IF('Entries March.''25'!U9-'Entries March.''25'!U8<1,"0",'Entries March.''25'!U9-'Entries March.''25'!U8) -> 0 | N8: =IF('Entries March.''25'!X9-'Entries March.''25'!X8<1,"0",'Entries March.''25'!X9-'Entries March.''25'!X8) -> 0 | O8: =IF('Entries March.''25'!Y9-'Entries March.''25'!Y8<1,"0",'Entries March.''25'!Y9-'Entries March.''25'!Y8) -> 0 | P8: =IF('Entries March.''25'!AC9-'Entries March.''25'!AC8<1,"0",'Entries March.''25'!AC9-'Entries March.''25'!AC8) -> 0 | Q8: =IF('Entries March.''25'!Z9-'Entries March.''25'!Z8<1,"0",'Entries March.''25'!Z9-'Entries March.''25'!Z8) -> 0 | R8: =IF(('Entries March.''25'!AA9-'Entries March.''25'!AA8)+('Entries March.''25'!AB9-'Entries March.''25'!AB8)<1,"0",('Entries March.''25'!AA9-'Entries March.''25'!AA8)+('Entries March.''25'!AB9-'Entries March.''25'!AB8)) -> 0 | S8: =(R8+G8)*10 -> 0 | T8: =O8+N8+M8+L8 -> 0 | U8: =IF('Entries March.''25'!AC9-'Entries March.''25'!AC8<1,"0",'Entries March.''25'!AC9-'Entries March.''25'!AC8) -> 0 | V8: =IF('Entries March.''25'!AD9-'Entries March.''25'!AD8<1,"0",'Entries March.''25'!AD9-'Entries March.''25'!AD8) -> 0 | W8: =IF('Entries March.''25'!AE9-'Entries March.''25'!AE8<1,"0",'Entries March.''25'!AE9-'Entries March.''25'!AE8) -> 0 | X8: =IF('Entries March.''25'!AI9-'Entries March.''25'!AI8<1,"0",'Entries March.''25'!AI9-'Entries March.''25'!AI8) -> 0 | Y8: =IF('Entries March.''25'!AH9-'Entries March.''25'!AH8<1,"0",'Entries March.''25'!AH9-'Entries March.''25'!AH8) -> 0 | Z8: =C8+D8+E8 -> 0 | AA8: 0 | AB8: =IF(AA8=0,"0",(Z8*10/AA8)) -> 0
B9: 3 | C9: =IF('Entries March.''25'!W10-'Entries March.''25'!W9<1,"0",'Entries March.''25'!W10-'Entries March.''25'!W9) -> 0 | D9: =IF('Entries March.''25'!O10-'Entries March.''25'!O9<1,"0",'Entries March.''25'!O10-'Entries March.''25'!O9) -> 379 | E9: =IF('Entries March.''25'!P10-'Entries March.''25'!P9<1,"0",'Entries March.''25'!P10-'Entries March.''25'!P9) -> 12 | F9: =IF('Entries March.''25'!V10-'Entries March.''25'!V9<1,"0",'Entries March.''25'!V10-'Entries March.''25'!V9) -> 12 | G9: =(D9+E9)-F9 -> 379 | H9: =IF('Entries March.''25'!Q10-'Entries March.''25'!Q9<1,0,'Entries March.''25'!Q10-'Entries March.''25'!Q9) -> 107 | I9: =IF('Entries March.''25'!AG10-'Entries March.''25'!AG9<1,0,'Entries March.''25'!AG10-'Entries March.''25'!AG9) -> 0 | J9: =IF('Entries March.''25'!S10-'Entries March.''25'!S9<1,"0",'Entries March.''25'!S10-'Entries March.''25'!S9) -> 187 | K9: =IF('Entries March.''25'!R10-'Entries March.''25'!R9<1,"0",'Entries March.''25'!R10-'Entries March.''25'!R9) -> 0 | L9: =IF('Entries March.''25'!T10-'Entries March.''25'!T9<1,"0",'Entries March.''25'!T10-'Entries March.''25'!T9) -> 0 | M9: =IF('Entries March.''25'!U10-'Entries March.''25'!U9<1,"0",'Entries March.''25'!U10-'Entries March.''25'!U9) -> 0 | N9: =IF('Entries March.''25'!X10-'Entries March.''25'!X9<1,"0",'Entries March.''25'!X10-'Entries March.''25'!X9) -> 21 | O9: =IF('Entries March.''25'!Y10-'Entries March.''25'!Y9<1,"0",'Entries March.''25'!Y10-'Entries March.''25'!Y9) -> 63 | P9: =IF('Entries March.''25'!AC10-'Entries March.''25'!AC9<1,"0",'Entries March.''25'!AC10-'Entries March.''25'!AC9) -> 2 | Q9: =IF('Entries March.''25'!Z10-'Entries March.''25'!Z9<1,"0",'Entries March.''25'!Z10-'Entries March.''25'!Z9) -> 9 | R9: =IF(('Entries March.''25'!AA10-'Entries March.''25'!AA9)+('Entries March.''25'!AB10-'Entries March.''25'!AB9)<1,"0",('Entries March.''25'!AA10-'Entries March.''25'!AA9)+('Entries March.''25'!AB10-'Entries March.''25'!AB9)) -> 0 | S9: =(R9+G9)*10 -> 3790 | T9: =O9+N9+M9+L9 -> 84 | U9: =IF('Entries March.''25'!AC10-'Entries March.''25'!AC9<1,"0",'Entries March.''25'!AC10-'Entries March.''25'!AC9) -> 2 | V9: =IF('Entries March.''25'!AD10-'Entries March.''25'!AD9<1,"0",'Entries March.''25'!AD10-'Entries March.''25'!AD9) -> 112 | W9: =IF('Entries March.''25'!AE10-'Entries March.''25'!AE9<1,"0",'Entries March.''25'!AE10-'Entries March.''25'!AE9) -> 0 | X9: =IF('Entries March.''25'!AI10-'Entries March.''25'!AI9<1,"0",'Entries March.''25'!AI10-'Entries March.''25'!AI9) -> 0 | Y9: =IF('Entries March.''25'!AH10-'Entries March.''25'!AH9<1,"0",'Entries March.''25'!AH10-'Entries March.''25'!AH9) -> 0 | Z9: =C9+D9+E9 -> 391 | AA9: 356.4 | AB9: =IF(AA9=0,"0",(Z9*10/AA9)) -> 10.970819
B10: 4 | C10: =IF('Entries March.''25'!W11-'Entries March.''25'!W10<1,"0",'Entries March.''25'!W11-'Entries March.''25'!W10) -> 0 | D10: =IF('Entries March.''25'!O11-'Entries March.''25'!O10<1,"0",'Entries March.''25'!O11-'Entries March.''25'!O10) -> 442 | E10: =IF('Entries March.''25'!P11-'Entries March.''25'!P10<1,"0",'Entries March.''25'!P11-'Entries March.''25'!P10) -> 0 | F10: =IF('Entries March.''25'!V11-'Entries March.''25'!V10<1,"0",'Entries March.''25'!V11-'Entries March.''25'!V10) -> 1 | G10: =(D10+E10)-F10 -> 441 | H10: =IF('Entries March.''25'!Q11-'Entries March.''25'!Q10<1,0,'Entries March.''25'!Q11-'Entries March.''25'!Q10) -> 232 | I10: =IF('Entries March.''25'!AG11-'Entries March.''25'!AG10<1,0,'Entries March.''25'!AG11-'Entries March.''25'!AG10) -> 0 | J10: =IF('Entries March.''25'!S11-'Entries March.''25'!S10<1,"0",'Entries March.''25'!S11-'Entries March.''25'!S10) -> 212 | K10: =IF('Entries March.''25'!R11-'Entries March.''25'!R10<1,"0",'Entries March.''25'!R11-'Entries March.''25'!R10) -> 0 | L10: =IF('Entries March.''25'!T11-'Entries March.''25'!T10<1,"0",'Entries March.''25'!T11-'Entries March.''25'!T10) -> 0 | M10: =IF('Entries March.''25'!U11-'Entries March.''25'!U10<1,"0",'Entries March.''25'!U11-'Entries March.''25'!U10) -> 8 | N10: =IF('Entries March.''25'!X11-'Entries March.''25'!X10<1,"0",'Entries March.''25'!X11-'Entries March.''25'!X10) -> 45 | O10: =IF('Entries March.''25'!Y11-'Entries March.''25'!Y10<1,"0",'Entries March.''25'!Y11-'Entries March.''25'!Y10) -> 83 | P10: =IF('Entries March.''25'!AC11-'Entries March.''25'!AC10<1,"0",'Entries March.''25'!AC11-'Entries March.''25'!AC10) -> 22 | Q10: =IF('Entries March.''25'!Z11-'Entries March.''25'!Z10<1,"0",'Entries March.''25'!Z11-'Entries March.''25'!Z10) -> 18 | R10: =IF(('Entries March.''25'!AA11-'Entries March.''25'!AA10)+('Entries March.''25'!AB11-'Entries March.''25'!AB10)<1,"0",('Entries March.''25'!AA11-'Entries March.''25'!AA10)+('Entries March.''25'!AB11-'Entries March.''25'!AB10)) -> 0 | S10: =(R10+G10)*10 -> 4410 | T10: =O10+N10+M10+L10 -> 136 | U10: =IF('Entries March.''25'!AC11-'Entries March.''25'!AC10<1,"0",'Entries March.''25'!AC11-'Entries March.''25'!AC10) -> 22 | V10: =IF('Entries March.''25'!AD11-'Entries March.''25'!AD10<1,"0",'Entries March.''25'!AD11-'Entries March.''25'!AD10) -> 54 | W10: =IF('Entries March.''25'!AE11-'Entries March.''25'!AE10<1,"0",'Entries March.''25'!AE11-'Entries March.''25'!AE10) -> 0 | X10: =IF('Entries March.''25'!AI11-'Entries March.''25'!AI10<1,"0",'Entries March.''25'!AI11-'Entries March.''25'!AI10) -> 0 | Y10: =IF('Entries March.''25'!AH11-'Entries March.''25'!AH10<1,"0",'Entries March.''25'!AH11-'Entries March.''25'!AH10) -> 0 | Z10: =C10+D10+E10 -> 442 | AA10: 476.982 | AB10: =IF(AA10=0,"0",(Z10*10/AA10)) -> 9.2665971
B11: 5 | C11: =IF('Entries March.''25'!W12-'Entries March.''25'!W11<1,"0",'Entries March.''25'!W12-'Entries March.''25'!W11) -> 0 | D11: =IF('Entries March.''25'!O12-'Entries March.''25'!O11<1,"0",'Entries March.''25'!O12-'Entries March.''25'!O11) -> 436 | E11: =IF('Entries March.''25'!P12-'Entries March.''25'!P11<1,"0",'Entries March.''25'!P12-'Entries March.''25'!P11) -> 0 | F11: =IF('Entries March.''25'!V12-'Entries March.''25'!V11<1,"0",'Entries March.''25'!V12-'Entries March.''25'!V11) -> 0 | G11: =(D11+E11)-F11 -> 436 | H11: =IF('Entries March.''25'!Q12-'Entries March.''25'!Q11<1,0,'Entries March.''25'!Q12-'Entries March.''25'!Q11) -> 206 | I11: =IF('Entries March.''25'!AG12-'Entries March.''25'!AG11<1,0,'Entries March.''25'!AG12-'Entries March.''25'!AG11) -> 0 | J11: =IF('Entries March.''25'!S12-'Entries March.''25'!S11<1,"0",'Entries March.''25'!S12-'Entries March.''25'!S11) -> 173 | K11: =IF('Entries March.''25'!R12-'Entries March.''25'!R11<1,"0",'Entries March.''25'!R12-'Entries March.''25'!R11) -> 0 | L11: =IF('Entries March.''25'!T12-'Entries March.''25'!T11<1,"0",'Entries March.''25'!T12-'Entries March.''25'!T11) -> 0 | M11: =IF('Entries March.''25'!U12-'Entries March.''25'!U11<1,"0",'Entries March.''25'!U12-'Entries March.''25'!U11) -> 0 | N11: =IF('Entries March.''25'!X12-'Entries March.''25'!X11<1,"0",'Entries March.''25'!X12-'Entries March.''25'!X11) -> 70 | O11: =IF('Entries March.''25'!Y12-'Entries March.''25'!Y11<1,"0",'Entries March.''25'!Y12-'Entries March.''25'!Y11) -> 60 | P11: =IF('Entries March.''25'!AC12-'Entries March.''25'!AC11<1,"0",'Entries March.''25'!AC12-'Entries March.''25'!AC11) -> 15 | Q11: =IF('Entries March.''25'!Z12-'Entries March.''25'!Z11<1,"0",'Entries March.''25'!Z12-'Entries March.''25'!Z11) -> 15 | R11: =IF(('Entries March.''25'!AA12-'Entries March.''25'!AA11)+('Entries March.''25'!AB12-'Entries March.''25'!AB11)<1,"0",('Entries March.''25'!AA12-'Entries March.''25'!AA11)+('Entries March.''25'!AB12-'Entries March.''25'!AB11)) -> 0 | S11: =(R11+G11)*10 -> 4360 | T11: =O11+N11+M11+L11 -> 130 | U11: =IF('Entries March.''25'!AC12-'Entries March.''25'!AC11<1,"0",'Entries March.''25'!AC12-'Entries March.''25'!AC11) -> 15 | V11: =IF('Entries March.''25'!AD12-'Entries March.''25'!AD11<1,"0",'Entries March.''25'!AD12-'Entries March.''25'!AD11) -> 46 | W11: =IF('Entries March.''25'!AE12-'Entries March.''25'!AE11<1,"0",'Entries March.''25'!AE12-'Entries March.''25'!AE11) -> 0 | X11: =IF('Entries March.''25'!AI12-'Entries March.''25'!AI11<1,"0",'Entries March.''25'!AI12-'Entries March.''25'!AI11) -> 0 | Y11: =IF('Entries March.''25'!AH12-'Entries March.''25'!AH11<1,"0",'Entries March.''25'!AH12-'Entries March.''25'!AH11) -> 0 | Z11: =C11+D11+E11 -> 436 | AA11: 345.114 | AB11: =IF(AA11=0,"0",(Z11*10/AA11)) -> 12.633507
B12: 6 | C12: =IF('Entries March.''25'!W13-'Entries March.''25'!W12<1,"0",'Entries March.''25'!W13-'Entries March.''25'!W12) -> 0 | D12: =IF('Entries March.''25'!O13-'Entries March.''25'!O12<1,"0",'Entries March.''25'!O13-'Entries March.''25'!O12) -> 258 | E12: =IF('Entries March.''25'!P13-'Entries March.''25'!P12<1,"0",'Entries March.''25'!P13-'Entries March.''25'!P12) -> 0 | F12: =IF('Entries March.''25'!V13-'Entries March.''25'!V12<1,"0",'Entries March.''25'!V13-'Entries March.''25'!V12) -> 0 | G12: =(D12+E12)-F12 -> 258 | H12: =IF('Entries March.''25'!Q13-'Entries March.''25'!Q12<1,0,'Entries March.''25'!Q13-'Entries March.''25'!Q12) -> 201 | I12: =IF('Entries March.''25'!AG13-'Entries March.''25'!AG12<1,0,'Entries March.''25'!AG13-'Entries March.''25'!AG12) -> 0 | J12: =IF('Entries March.''25'!S13-'Entries March.''25'!S12<1,"0",'Entries March.''25'!S13-'Entries March.''25'!S12) -> 193 | K12: =IF('Entries March.''25'!R13-'Entries March.''25'!R12<1,"0",'Entries March.''25'!R13-'Entries March.''25'!R12) -> 0 | L12: =IF('Entries March.''25'!T13-'Entries March.''25'!T12<1,"0",'Entries March.''25'!T13-'Entries March.''25'!T12) -> 0 | M12: =IF('Entries March.''25'!U13-'Entries March.''25'!U12<1,"0",'Entries March.''25'!U13-'Entries March.''25'!U12) -> 0 | N12: =IF('Entries March.''25'!X13-'Entries March.''25'!X12<1,"0",'Entries March.''25'!X13-'Entries March.''25'!X12) -> 85 | O12: =IF('Entries March.''25'!Y13-'Entries March.''25'!Y12<1,"0",'Entries March.''25'!Y13-'Entries March.''25'!Y12) -> 58 | P12: =IF('Entries March.''25'!AC13-'Entries March.''25'!AC12<1,"0",'Entries March.''25'!AC13-'Entries March.''25'!AC12) -> 23 | Q12: =IF('Entries March.''25'!Z13-'Entries March.''25'!Z12<1,"0",'Entries March.''25'!Z13-'Entries March.''25'!Z12) -> 18 | R12: =IF(('Entries March.''25'!AA13-'Entries March.''25'!AA12)+('Entries March.''25'!AB13-'Entries March.''25'!AB12)<1,"0",('Entries March.''25'!AA13-'Entries March.''25'!AA12)+('Entries March.''25'!AB13-'Entries March.''25'!AB12)) -> 0 | S12: =(R12+G12)*10 -> 2580 | T12: =O12+N12+M12+L12 -> 143 | U12: =IF('Entries March.''25'!AC13-'Entries March.''25'!AC12<1,"0",'Entries March.''25'!AC13-'Entries March.''25'!AC12) -> 23 | V12: =IF('Entries March.''25'!AD13-'Entries March.''25'!AD12<1,"0",'Entries March.''25'!AD13-'Entries March.''25'!AD12) -> 30 | W12: =IF('Entries March.''25'!AE13-'Entries March.''25'!AE12<1,"0",'Entries March.''25'!AE13-'Entries March.''25'!AE12) -> 0 | X12: =IF('Entries March.''25'!AI13-'Entries March.''25'!AI12<1,"0",'Entries March.''25'!AI13-'Entries March.''25'!AI12) -> 0 | Y12: =IF('Entries March.''25'!AH13-'Entries March.''25'!AH12<1,"0",'Entries March.''25'!AH13-'Entries March.''25'!AH12) -> 0 | Z12: =C12+D12+E12 -> 258 | AA12: 383.79 | AB12: =IF(AA12=0,"0",(Z12*10/AA12)) -> 6.7224263
B13: 7 | C13: =IF('Entries March.''25'!W14-'Entries March.''25'!W13<1,"0",'Entries March.''25'!W14-'Entries March.''25'!W13) -> 0 | D13: =IF('Entries March.''25'!O14-'Entries March.''25'!O13<1,"0",'Entries March.''25'!O14-'Entries March.''25'!O13) -> 241 | E13: =IF('Entries March.''25'!P14-'Entries March.''25'!P13<1,"0",'Entries March.''25'!P14-'Entries March.''25'!P13) -> 120 | F13: =IF('Entries March.''25'!V14-'Entries March.''25'!V13<1,"0",'Entries March.''25'!V14-'Entries March.''25'!V13) -> 130 | G13: =(D13+E13)-F13 -> 231 | H13: =IF('Entries March.''25'!Q14-'Entries March.''25'!Q13<1,0,'Entries March.''25'!Q14-'Entries March.''25'!Q13) -> 154 | I13: =IF('Entries March.''25'!AG14-'Entries March.''25'!AG13<1,0,'Entries March.''25'!AG14-'Entries March.''25'!AG13) -> 0 | J13: =IF('Entries March.''25'!S14-'Entries March.''25'!S13<1,"0",'Entries March.''25'!S14-'Entries March.''25'!S13) -> 216 | K13: =IF('Entries March.''25'!R14-'Entries March.''25'!R13<1,"0",'Entries March.''25'!R14-'Entries March.''25'!R13) -> 0 | L13: =IF('Entries March.''25'!T14-'Entries March.''25'!T13<1,"0",'Entries March.''25'!T14-'Entries March.''25'!T13) -> 0 | M13: =IF('Entries March.''25'!U14-'Entries March.''25'!U13<1,"0",'Entries March.''25'!U14-'Entries March.''25'!U13) -> 0 | N13: =IF('Entries March.''25'!X14-'Entries March.''25'!X13<1,"0",'Entries March.''25'!X14-'Entries March.''25'!X13) -> 21 | O13: =IF('Entries March.''25'!Y14-'Entries March.''25'!Y13<1,"0",'Entries March.''25'!Y14-'Entries March.''25'!Y13) -> 48 | P13: =IF('Entries March.''25'!AC14-'Entries March.''25'!AC13<1,"0",'Entries March.''25'!AC14-'Entries March.''25'!AC13) -> 13 | Q13: =IF('Entries March.''25'!Z14-'Entries March.''25'!Z13<1,"0",'Entries March.''25'!Z14-'Entries March.''25'!Z13) -> 0 | R13: =IF(('Entries March.''25'!AA14-'Entries March.''25'!AA13)+('Entries March.''25'!AB14-'Entries March.''25'!AB13)<1,"0",('Entries March.''25'!AA14-'Entries March.''25'!AA13)+('Entries March.''25'!AB14-'Entries March.''25'!AB13)) -> 0 | S13: =(R13+G13)*10 -> 2310 | T13: =O13+N13+M13+L13 -> 69 | U13: =IF('Entries March.''25'!AC14-'Entries March.''25'!AC13<1,"0",'Entries March.''25'!AC14-'Entries March.''25'!AC13) -> 13 | V13: =IF('Entries March.''25'!AD14-'Entries March.''25'!AD13<1,"0",'Entries March.''25'!AD14-'Entries March.''25'!AD13) -> 0 | W13: =IF('Entries March.''25'!AE14-'Entries March.''25'!AE13<1,"0",'Entries March.''25'!AE14-'Entries March.''25'!AE13) -> 0 | X13: =IF('Entries March.''25'!AI14-'Entries March.''25'!AI13<1,"0",'Entries March.''25'!AI14-'Entries March.''25'!AI13) -> 0 | Y13: =IF('Entries March.''25'!AH14-'Entries March.''25'!AH13<1,"0",'Entries March.''25'!AH14-'Entries March.''25'!AH13) -> 0 | Z13: =C13+D13+E13 -> 361 | AA13: 328.482 | AB13: =IF(AA13=0,"0",(Z13*10/AA13)) -> 10.989948
B14: 8 | C14: =IF('Entries March.''25'!W15-'Entries March.''25'!W14<1,"0",'Entries March.''25'!W15-'Entries March.''25'!W14) -> 0 | D14: =IF('Entries March.''25'!O15-'Entries March.''25'!O14<1,"0",'Entries March.''25'!O15-'Entries March.''25'!O14) -> 142 | E14: =IF('Entries March.''25'!P15-'Entries March.''25'!P14<1,"0",'Entries March.''25'!P15-'Entries March.''25'!P14) -> 81 | F14: =IF('Entries March.''25'!V15-'Entries March.''25'!V14<1,"0",'Entries March.''25'!V15-'Entries March.''25'!V14) -> 82 | G14: =(D14+E14)-F14 -> 141 | H14: =IF('Entries March.''25'!Q15-'Entries March.''25'!Q14<1,0,'Entries March.''25'!Q15-'Entries March.''25'!Q14) -> 100 | I14: =IF('Entries March.''25'!AG15-'Entries March.''25'!AG14<1,0,'Entries March.''25'!AG15-'Entries March.''25'!AG14) -> 0 | J14: =IF('Entries March.''25'!S15-'Entries March.''25'!S14<1,"0",'Entries March.''25'!S15-'Entries March.''25'!S14) -> 71 | K14: =IF('Entries March.''25'!R15-'Entries March.''25'!R14<1,"0",'Entries March.''25'!R15-'Entries March.''25'!R14) -> 0 | L14: =IF('Entries March.''25'!T15-'Entries March.''25'!T14<1,"0",'Entries March.''25'!T15-'Entries March.''25'!T14) -> 0 | M14: =IF('Entries March.''25'!U15-'Entries March.''25'!U14<1,"0",'Entries March.''25'!U15-'Entries March.''25'!U14) -> 0 | N14: =IF('Entries March.''25'!X15-'Entries March.''25'!X14<1,"0",'Entries March.''25'!X15-'Entries March.''25'!X14) -> 14 | O14: =IF('Entries March.''25'!Y15-'Entries March.''25'!Y14<1,"0",'Entries March.''25'!Y15-'Entries March.''25'!Y14) -> 25 | P14: =IF('Entries March.''25'!AC15-'Entries March.''25'!AC14<1,"0",'Entries March.''25'!AC15-'Entries March.''25'!AC14) -> 0 | Q14: =IF('Entries March.''25'!Z15-'Entries March.''25'!Z14<1,"0",'Entries March.''25'!Z15-'Entries March.''25'!Z14) -> 15 | R14: =IF(('Entries March.''25'!AA15-'Entries March.''25'!AA14)+('Entries March.''25'!AB15-'Entries March.''25'!AB14)<1,"0",('Entries March.''25'!AA15-'Entries March.''25'!AA14)+('Entries March.''25'!AB15-'Entries March.''25'!AB14)) -> 0 | S14: =(R14+G14)*10 -> 1410 | T14: =O14+N14+M14+L14 -> 39 | U14: =IF('Entries March.''25'!AC15-'Entries March.''25'!AC14<1,"0",'Entries March.''25'!AC15-'Entries March.''25'!AC14) -> 0 | V14: =IF('Entries March.''25'!AD15-'Entries March.''25'!AD14<1,"0",'Entries March.''25'!AD15-'Entries March.''25'!AD14) -> 0 | W14: =IF('Entries March.''25'!AE15-'Entries March.''25'!AE14<1,"0",'Entries March.''25'!AE15-'Entries March.''25'!AE14) -> 0 | X14: =IF('Entries March.''25'!AI15-'Entries March.''25'!AI14<1,"0",'Entries March.''25'!AI15-'Entries March.''25'!AI14) -> 0 | Y14: =IF('Entries March.''25'!AH15-'Entries March.''25'!AH14<1,"0",'Entries March.''25'!AH15-'Entries March.''25'!AH14) -> 0 | Z14: =C14+D14+E14 -> 223 | AA14: 0 | AB14: =IF(AA14=0,"0",(Z14*10/AA14)) -> 0
B15: 9 | C15: =IF('Entries March.''25'!W16-'Entries March.''25'!W15<1,"0",'Entries March.''25'!W16-'Entries March.''25'!W15) -> 0 | D15: =IF('Entries March.''25'!O16-'Entries March.''25'!O15<1,"0",'Entries March.''25'!O16-'Entries March.''25'!O15) -> 77 | E15: =IF('Entries March.''25'!P16-'Entries March.''25'!P15<1,"0",'Entries March.''25'!P16-'Entries March.''25'!P15) -> 21 | F15: =IF('Entries March.''25'!V16-'Entries March.''25'!V15<1,"0",'Entries March.''25'!V16-'Entries March.''25'!V15) -> 22 | G15: =(D15+E15)-F15 -> 76 | H15: =IF('Entries March.''25'!Q16-'Entries March.''25'!Q15<1,0,'Entries March.''25'!Q16-'Entries March.''25'!Q15) -> 10 | I15: =IF('Entries March.''25'!AG16-'Entries March.''25'!AG15<1,0,'Entries March.''25'!AG16-'Entries March.''25'!AG15) -> 0 | J15: =IF('Entries March.''25'!S16-'Entries March.''25'!S15<1,"0",'Entries March.''25'!S16-'Entries March.''25'!S15) -> 0 | K15: =IF('Entries March.''25'!R16-'Entries March.''25'!R15<1,"0",'Entries March.''25'!R16-'Entries March.''25'!R15) -> 0 | L15: =IF('Entries March.''25'!T16-'Entries March.''25'!T15<1,"0",'Entries March.''25'!T16-'Entries March.''25'!T15) -> 0 | M15: =IF('Entries March.''25'!U16-'Entries March.''25'!U15<1,"0",'Entries March.''25'!U16-'Entries March.''25'!U15) -> 0 | N15: =IF('Entries March.''25'!X16-'Entries March.''25'!X15<1,"0",'Entries March.''25'!X16-'Entries March.''25'!X15) -> 0 | O15: =IF('Entries March.''25'!Y16-'Entries March.''25'!Y15<1,"0",'Entries March.''25'!Y16-'Entries March.''25'!Y15) -> 0 | P15: =IF('Entries March.''25'!AC16-'Entries March.''25'!AC15<1,"0",'Entries March.''25'!AC16-'Entries March.''25'!AC15) -> 0 | Q15: =IF('Entries March.''25'!Z16-'Entries March.''25'!Z15<1,"0",'Entries March.''25'!Z16-'Entries March.''25'!Z15) -> 1 | R15: =IF(('Entries March.''25'!AA16-'Entries March.''25'!AA15)+('Entries March.''25'!AB16-'Entries March.''25'!AB15)<1,"0",('Entries March.''25'!AA16-'Entries March.''25'!AA15)+('Entries March.''25'!AB16-'Entries March.''25'!AB15)) -> 0 | S15: =(R15+G15)*10 -> 760 | T15: =O15+N15+M15+L15 -> 0 | U15: =IF('Entries March.''25'!AC16-'Entries March.''25'!AC15<1,"0",'Entries March.''25'!AC16-'Entries March.''25'!AC15) -> 0 | V15: =IF('Entries March.''25'!AD16-'Entries March.''25'!AD15<1,"0",'Entries March.''25'!AD16-'Entries March.''25'!AD15) -> 0 | W15: =IF('Entries March.''25'!AE16-'Entries March.''25'!AE15<1,"0",'Entries March.''25'!AE16-'Entries March.''25'!AE15) -> 0 | X15: =IF('Entries March.''25'!AI16-'Entries March.''25'!AI15<1,"0",'Entries March.''25'!AI16-'Entries March.''25'!AI15) -> 0 | Y15: =IF('Entries March.''25'!AH16-'Entries March.''25'!AH15<1,"0",'Entries March.''25'!AH16-'Entries March.''25'!AH15) -> 0 | Z15: =C15+D15+E15 -> 98 | AA15: 0 | AB15: =IF(AA15=0,"0",(Z15*10/AA15)) -> 0
B16: 10 | C16: =IF('Entries March.''25'!W17-'Entries March.''25'!W16<1,"0",'Entries March.''25'!W17-'Entries March.''25'!W16) -> 0 | D16: =IF('Entries March.''25'!O17-'Entries March.''25'!O16<1,"0",'Entries March.''25'!O17-'Entries March.''25'!O16) -> 65 | E16: =IF('Entries March.''25'!P17-'Entries March.''25'!P16<1,"0",'Entries March.''25'!P17-'Entries March.''25'!P16) -> 95 | F16: =IF('Entries March.''25'!V17-'Entries March.''25'!V16<1,"0",'Entries March.''25'!V17-'Entries March.''25'!V16) -> 152 | G16: =(D16+E16)-F16 -> 8 | H16: =IF('Entries March.''25'!Q17-'Entries March.''25'!Q16<1,0,'Entries March.''25'!Q17-'Entries March.''25'!Q16) -> 165 | I16: =IF('Entries March.''25'!AG17-'Entries March.''25'!AG16<1,0,'Entries March.''25'!AG17-'Entries March.''25'!AG16) -> 0 | J16: =IF('Entries March.''25'!S17-'Entries March.''25'!S16<1,"0",'Entries March.''25'!S17-'Entries March.''25'!S16) -> 191 | K16: =IF('Entries March.''25'!R17-'Entries March.''25'!R16<1,"0",'Entries March.''25'!R17-'Entries March.''25'!R16) -> 0 | L16: =IF('Entries March.''25'!T17-'Entries March.''25'!T16<1,"0",'Entries March.''25'!T17-'Entries March.''25'!T16) -> 0 | M16: =IF('Entries March.''25'!U17-'Entries March.''25'!U16<1,"0",'Entries March.''25'!U17-'Entries March.''25'!U16) -> 22 | N16: =IF('Entries March.''25'!X17-'Entries March.''25'!X16<1,"0",'Entries March.''25'!X17-'Entries March.''25'!X16) -> 59 | O16: =IF('Entries March.''25'!Y17-'Entries March.''25'!Y16<1,"0",'Entries March.''25'!Y17-'Entries March.''25'!Y16) -> 39 | P16: =IF('Entries March.''25'!AC17-'Entries March.''25'!AC16<1,"0",'Entries March.''25'!AC17-'Entries March.''25'!AC16) -> 14 | Q16: =IF('Entries March.''25'!Z17-'Entries March.''25'!Z16<1,"0",'Entries March.''25'!Z17-'Entries March.''25'!Z16) -> 26 | R16: =IF(('Entries March.''25'!AA17-'Entries March.''25'!AA16)+('Entries March.''25'!AB17-'Entries March.''25'!AB16)<1,"0",('Entries March.''25'!AA17-'Entries March.''25'!AA16)+('Entries March.''25'!AB17-'Entries March.''25'!AB16)) -> 0 | S16: =(R16+G16)*10 -> 80 | T16: =O16+N16+M16+L16 -> 120 | U16: =IF('Entries March.''25'!AC17-'Entries March.''25'!AC16<1,"0",'Entries March.''25'!AC17-'Entries March.''25'!AC16) -> 14 | V16: =IF('Entries March.''25'!AD17-'Entries March.''25'!AD16<1,"0",'Entries March.''25'!AD17-'Entries March.''25'!AD16) -> 0 | W16: =IF('Entries March.''25'!AE17-'Entries March.''25'!AE16<1,"0",'Entries March.''25'!AE17-'Entries March.''25'!AE16) -> 0 | X16: =IF('Entries March.''25'!AI17-'Entries March.''25'!AI16<1,"0",'Entries March.''25'!AI17-'Entries March.''25'!AI16) -> 0 | Y16: =IF('Entries March.''25'!AH17-'Entries March.''25'!AH16<1,"0",'Entries March.''25'!AH17-'Entries March.''25'!AH16) -> 0 | Z16: =C16+D16+E16 -> 160 | AA16: 228.36 | AB16: =IF(AA16=0,"0",(Z16*10/AA16)) -> 7.006481
B17: 11 | C17: =IF('Entries March.''25'!W18-'Entries March.''25'!W17<1,"0",'Entries March.''25'!W18-'Entries March.''25'!W17) -> 0 | D17: =IF('Entries March.''25'!O18-'Entries March.''25'!O17<1,"0",'Entries March.''25'!O18-'Entries March.''25'!O17) -> 248 | E17: =IF('Entries March.''25'!P18-'Entries March.''25'!P17<1,"0",'Entries March.''25'!P18-'Entries March.''25'!P17) -> 118 | F17: =IF('Entries March.''25'!V18-'Entries March.''25'!V17<1,"0",'Entries March.''25'!V18-'Entries March.''25'!V17) -> 0 | G17: =(D17+E17)-F17 -> 366 | H17: =IF('Entries March.''25'!Q18-'Entries March.''25'!Q17<1,0,'Entries March.''25'!Q18-'Entries March.''25'!Q17) -> 122 | I17: =IF('Entries March.''25'!AG18-'Entries March.''25'!AG17<1,0,'Entries March.''25'!AG18-'Entries March.''25'!AG17) -> 0 | J17: =IF('Entries March.''25'!S18-'Entries March.''25'!S17<1,"0",'Entries March.''25'!S18-'Entries March.''25'!S17) -> 148 | K17: =IF('Entries March.''25'!R18-'Entries March.''25'!R17<1,"0",'Entries March.''25'!R18-'Entries March.''25'!R17) -> 0 | L17: =IF('Entries March.''25'!T18-'Entries March.''25'!T17<1,"0",'Entries March.''25'!T18-'Entries March.''25'!T17) -> 0 | M17: =IF('Entries March.''25'!U18-'Entries March.''25'!U17<1,"0",'Entries March.''25'!U18-'Entries March.''25'!U17) -> 3 | N17: =IF('Entries March.''25'!X18-'Entries March.''25'!X17<1,"0",'Entries March.''25'!X18-'Entries March.''25'!X17) -> 19 | O17: =IF('Entries March.''25'!Y18-'Entries March.''25'!Y17<1,"0",'Entries March.''25'!Y18-'Entries March.''25'!Y17) -> 35 | P17: =IF('Entries March.''25'!AC18-'Entries March.''25'!AC17<1,"0",'Entries March.''25'!AC18-'Entries March.''25'!AC17) -> 14 | Q17: =IF('Entries March.''25'!Z18-'Entries March.''25'!Z17<1,"0",'Entries March.''25'!Z18-'Entries March.''25'!Z17) -> 36 | R17: =IF(('Entries March.''25'!AA18-'Entries March.''25'!AA17)+('Entries March.''25'!AB18-'Entries March.''25'!AB17)<1,"0",('Entries March.''25'!AA18-'Entries March.''25'!AA17)+('Entries March.''25'!AB18-'Entries March.''25'!AB17)) -> 0 | S17: =(R17+G17)*10 -> 3660 | T17: =O17+N17+M17+L17 -> 57 | U17: =IF('Entries March.''25'!AC18-'Entries March.''25'!AC17<1,"0",'Entries March.''25'!AC18-'Entries March.''25'!AC17) -> 14 | V17: =IF('Entries March.''25'!AD18-'Entries March.''25'!AD17<1,"0",'Entries March.''25'!AD18-'Entries March.''25'!AD17) -> 0 | W17: =IF('Entries March.''25'!AE18-'Entries March.''25'!AE17<1,"0",'Entries March.''25'!AE18-'Entries March.''25'!AE17) -> 0 | X17: =IF('Entries March.''25'!AI18-'Entries March.''25'!AI17<1,"0",'Entries March.''25'!AI18-'Entries March.''25'!AI17) -> 0 | Y17: =IF('Entries March.''25'!AH18-'Entries March.''25'!AH17<1,"0",'Entries March.''25'!AH18-'Entries March.''25'!AH17) -> 0 | Z17: =C17+D17+E17 -> 366 | AA17: 187.11 | AB17: =IF(AA17=0,"0",(Z17*10/AA17)) -> 19.560686
B18: 12 | C18: =IF('Entries March.''25'!W19-'Entries March.''25'!W18<1,"0",'Entries March.''25'!W19-'Entries March.''25'!W18) -> 0 | D18: =IF('Entries March.''25'!O19-'Entries March.''25'!O18<1,"0",'Entries March.''25'!O19-'Entries March.''25'!O18) -> 132 | E18: =IF('Entries March.''25'!P19-'Entries March.''25'!P18<1,"0",'Entries March.''25'!P19-'Entries March.''25'!P18) -> 184 | F18: =IF('Entries March.''25'!V19-'Entries March.''25'!V18<1,"0",'Entries March.''25'!V19-'Entries March.''25'!V18) -> 113 | G18: =(D18+E18)-F18 -> 203 | H18: =IF('Entries March.''25'!Q19-'Entries March.''25'!Q18<1,0,'Entries March.''25'!Q19-'Entries March.''25'!Q18) -> 154 | I18: =IF('Entries March.''25'!AG19-'Entries March.''25'!AG18<1,0,'Entries March.''25'!AG19-'Entries March.''25'!AG18) -> 0 | J18: =IF('Entries March.''25'!S19-'Entries March.''25'!S18<1,"0",'Entries March.''25'!S19-'Entries March.''25'!S18) -> 191 | K18: =IF('Entries March.''25'!R19-'Entries March.''25'!R18<1,"0",'Entries March.''25'!R19-'Entries March.''25'!R18) -> 0 | L18: =IF('Entries March.''25'!T19-'Entries March.''25'!T18<1,"0",'Entries March.''25'!T19-'Entries March.''25'!T18) -> 0 | M18: =IF('Entries March.''25'!U19-'Entries March.''25'!U18<1,"0",'Entries March.''25'!U19-'Entries March.''25'!U18) -> 3 | N18: =IF('Entries March.''25'!X19-'Entries March.''25'!X18<1,"0",'Entries March.''25'!X19-'Entries March.''25'!X18) -> 42 | O18: =IF('Entries March.''25'!Y19-'Entries March.''25'!Y18<1,"0",'Entries March.''25'!Y19-'Entries March.''25'!Y18) -> 41 | P18: =IF('Entries March.''25'!AC19-'Entries March.''25'!AC18<1,"0",'Entries March.''25'!AC19-'Entries March.''25'!AC18) -> 8 | Q18: =IF('Entries March.''25'!Z19-'Entries March.''25'!Z18<1,"0",'Entries March.''25'!Z19-'Entries March.''25'!Z18) -> 38 | R18: =IF(('Entries March.''25'!AA19-'Entries March.''25'!AA18)+('Entries March.''25'!AB19-'Entries March.''25'!AB18)<1,"0",('Entries March.''25'!AA19-'Entries March.''25'!AA18)+('Entries March.''25'!AB19-'Entries March.''25'!AB18)) -> 0 | S18: =(R18+G18)*10 -> 2030 | T18: =O18+N18+M18+L18 -> 86 | U18: =IF('Entries March.''25'!AC19-'Entries March.''25'!AC18<1,"0",'Entries March.''25'!AC19-'Entries March.''25'!AC18) -> 8 | V18: =IF('Entries March.''25'!AD19-'Entries March.''25'!AD18<1,"0",'Entries March.''25'!AD19-'Entries March.''25'!AD18) -> 1 | W18: =IF('Entries March.''25'!AE19-'Entries March.''25'!AE18<1,"0",'Entries March.''25'!AE19-'Entries March.''25'!AE18) -> 0 | X18: =IF('Entries March.''25'!AI19-'Entries March.''25'!AI18<1,"0",'Entries March.''25'!AI19-'Entries March.''25'!AI18) -> 0 | Y18: =IF('Entries March.''25'!AH19-'Entries March.''25'!AH18<1,"0",'Entries March.''25'!AH19-'Entries March.''25'!AH18) -> 0 | Z18: =C18+D18+E18 -> 316 | AA18: 135.036 | AB18: =IF(AA18=0,"0",(Z18*10/AA18)) -> 23.401167
B19: 13 | C19: =IF('Entries March.''25'!W20-'Entries March.''25'!W19<1,"0",'Entries March.''25'!W20-'Entries March.''25'!W19) -> 0 | D19: =IF('Entries March.''25'!O20-'Entries March.''25'!O19<1,"0",'Entries March.''25'!O20-'Entries March.''25'!O19) -> 5 | E19: =IF('Entries March.''25'!P20-'Entries March.''25'!P19<1,"0",'Entries March.''25'!P20-'Entries March.''25'!P19) -> 253 | F19: =IF('Entries March.''25'!V20-'Entries March.''25'!V19<1,"0",'Entries March.''25'!V20-'Entries March.''25'!V19) -> 0 | G19: =(D19+E19)-F19 -> 258 | H19: =IF('Entries March.''25'!Q20-'Entries March.''25'!Q19<1,0,'Entries March.''25'!Q20-'Entries March.''25'!Q19) -> 167 | I19: =IF('Entries March.''25'!AG20-'Entries March.''25'!AG19<1,0,'Entries March.''25'!AG20-'Entries March.''25'!AG19) -> 0 | J19: =IF('Entries March.''25'!S20-'Entries March.''25'!S19<1,"0",'Entries March.''25'!S20-'Entries March.''25'!S19) -> 248 | K19: =IF('Entries March.''25'!R20-'Entries March.''25'!R19<1,"0",'Entries March.''25'!R20-'Entries March.''25'!R19) -> 0 | L19: =IF('Entries March.''25'!T20-'Entries March.''25'!T19<1,"0",'Entries March.''25'!T20-'Entries March.''25'!T19) -> 0 | M19: =IF('Entries March.''25'!U20-'Entries March.''25'!U19<1,"0",'Entries March.''25'!U20-'Entries March.''25'!U19) -> 0 | N19: =IF('Entries March.''25'!X20-'Entries March.''25'!X19<1,"0",'Entries March.''25'!X20-'Entries March.''25'!X19) -> 46 | O19: =IF('Entries March.''25'!Y20-'Entries March.''25'!Y19<1,"0",'Entries March.''25'!Y20-'Entries March.''25'!Y19) -> 59 | P19: =IF('Entries March.''25'!AC20-'Entries March.''25'!AC19<1,"0",'Entries March.''25'!AC20-'Entries March.''25'!AC19) -> 14 | Q19: =IF('Entries March.''25'!Z20-'Entries March.''25'!Z19<1,"0",'Entries March.''25'!Z20-'Entries March.''25'!Z19) -> 60 | R19: =IF(('Entries March.''25'!AA20-'Entries March.''25'!AA19)+('Entries March.''25'!AB20-'Entries March.''25'!AB19)<1,"0",('Entries March.''25'!AA20-'Entries March.''25'!AA19)+('Entries March.''25'!AB20-'Entries March.''25'!AB19)) -> 0 | S19: =(R19+G19)*10 -> 2580 | T19: =O19+N19+M19+L19 -> 105 | U19: =IF('Entries March.''25'!AC20-'Entries March.''25'!AC19<1,"0",'Entries March.''25'!AC20-'Entries March.''25'!AC19) -> 14 | V19: =IF('Entries March.''25'!AD20-'Entries March.''25'!AD19<1,"0",'Entries March.''25'!AD20-'Entries March.''25'!AD19) -> 0 | W19: =IF('Entries March.''25'!AE20-'Entries March.''25'!AE19<1,"0",'Entries March.''25'!AE20-'Entries March.''25'!AE19) -> 0 | X19: =IF('Entries March.''25'!AI20-'Entries March.''25'!AI19<1,"0",'Entries March.''25'!AI20-'Entries March.''25'!AI19) -> 0 | Y19: =IF('Entries March.''25'!AH20-'Entries March.''25'!AH19<1,"0",'Entries March.''25'!AH20-'Entries March.''25'!AH19) -> 0 | Z19: =C19+D19+E19 -> 258 | AA19: 360.624 | AB19: =IF(AA19=0,"0",(Z19*10/AA19)) -> 7.1542659
B20: 14 | C20: =IF('Entries March.''25'!W21-'Entries March.''25'!W20<1,"0",'Entries March.''25'!W21-'Entries March.''25'!W20) -> 0 | D20: =IF('Entries March.''25'!O21-'Entries March.''25'!O20<1,"0",'Entries March.''25'!O21-'Entries March.''25'!O20) -> 226 | E20: =IF('Entries March.''25'!P21-'Entries March.''25'!P20<1,"0",'Entries March.''25'!P21-'Entries March.''25'!P20) -> 251 | F20: =IF('Entries March.''25'!V21-'Entries March.''25'!V20<1,"0",'Entries March.''25'!V21-'Entries March.''25'!V20) -> 171 | G20: =(D20+E20)-F20 -> 306 | H20: =IF('Entries March.''25'!Q21-'Entries March.''25'!Q20<1,0,'Entries March.''25'!Q21-'Entries March.''25'!Q20) -> 141 | I20: =IF('Entries March.''25'!AG21-'Entries March.''25'!AG20<1,0,'Entries March.''25'!AG21-'Entries March.''25'!AG20) -> 0 | J20: =IF('Entries March.''25'!S21-'Entries March.''25'!S20<1,"0",'Entries March.''25'!S21-'Entries March.''25'!S20) -> 158 | K20: =IF('Entries March.''25'!R21-'Entries March.''25'!R20<1,"0",'Entries March.''25'!R21-'Entries March.''25'!R20) -> 0 | L20: =IF('Entries March.''25'!T21-'Entries March.''25'!T20<1,"0",'Entries March.''25'!T21-'Entries March.''25'!T20) -> 0 | M20: =IF('Entries March.''25'!U21-'Entries March.''25'!U20<1,"0",'Entries March.''25'!U21-'Entries March.''25'!U20) -> 0 | N20: =IF('Entries March.''25'!X21-'Entries March.''25'!X20<1,"0",'Entries March.''25'!X21-'Entries March.''25'!X20) -> 37 | O20: =IF('Entries March.''25'!Y21-'Entries March.''25'!Y20<1,"0",'Entries March.''25'!Y21-'Entries March.''25'!Y20) -> 47 | P20: =IF('Entries March.''25'!AC21-'Entries March.''25'!AC20<1,"0",'Entries March.''25'!AC21-'Entries March.''25'!AC20) -> 11 | Q20: =IF('Entries March.''25'!Z21-'Entries March.''25'!Z20<1,"0",'Entries March.''25'!Z21-'Entries March.''25'!Z20) -> 37 | R20: =IF(('Entries March.''25'!AA21-'Entries March.''25'!AA20)+('Entries March.''25'!AB21-'Entries March.''25'!AB20)<1,"0",('Entries March.''25'!AA21-'Entries March.''25'!AA20)+('Entries March.''25'!AB21-'Entries March.''25'!AB20)) -> 0 | S20: =(R20+G20)*10 -> 3060 | T20: =O20+N20+M20+L20 -> 84 | U20: =IF('Entries March.''25'!AC21-'Entries March.''25'!AC20<1,"0",'Entries March.''25'!AC21-'Entries March.''25'!AC20) -> 11 | V20: =IF('Entries March.''25'!AD21-'Entries March.''25'!AD20<1,"0",'Entries March.''25'!AD21-'Entries March.''25'!AD20) -> 1 | W20: =IF('Entries March.''25'!AE21-'Entries March.''25'!AE20<1,"0",'Entries March.''25'!AE21-'Entries March.''25'!AE20) -> 0 | X20: =IF('Entries March.''25'!AI21-'Entries March.''25'!AI20<1,"0",'Entries March.''25'!AI21-'Entries March.''25'!AI20) -> 0 | Y20: =IF('Entries March.''25'!AH21-'Entries March.''25'!AH20<1,"0",'Entries March.''25'!AH21-'Entries March.''25'!AH20) -> 0 | Z20: =C20+D20+E20 -> 477 | AA20: 272.448 | AB20: =IF(AA20=0,"0",(Z20*10/AA20)) -> 17.507928
B21: 15 | C21: =IF('Entries March.''25'!W22-'Entries March.''25'!W21<1,"0",'Entries March.''25'!W22-'Entries March.''25'!W21) -> 0 | D21: =IF('Entries March.''25'!O22-'Entries March.''25'!O21<1,"0",'Entries March.''25'!O22-'Entries March.''25'!O21) -> 36 | E21: =IF('Entries March.''25'!P22-'Entries March.''25'!P21<1,"0",'Entries March.''25'!P22-'Entries March.''25'!P21) -> 80 | F21: =IF('Entries March.''25'!V22-'Entries March.''25'!V21<1,"0",'Entries March.''25'!V22-'Entries March.''25'!V21) -> 82 | G21: =(D21+E21)-F21 -> 34 | H21: =IF('Entries March.''25'!Q22-'Entries March.''25'!Q21<1,0,'Entries March.''25'!Q22-'Entries March.''25'!Q21) -> 13 | I21: =IF('Entries March.''25'!AG22-'Entries March.''25'!AG21<1,0,'Entries March.''25'!AG22-'Entries March.''25'!AG21) -> 0 | J21: =IF('Entries March.''25'!S22-'Entries March.''25'!S21<1,"0",'Entries March.''25'!S22-'Entries March.''25'!S21) -> 0 | K21: =IF('Entries March.''25'!R22-'Entries March.''25'!R21<1,"0",'Entries March.''25'!R22-'Entries March.''25'!R21) -> 0 | L21: =IF('Entries March.''25'!T22-'Entries March.''25'!T21<1,"0",'Entries March.''25'!T22-'Entries March.''25'!T21) -> 0 | M21: =IF('Entries March.''25'!U22-'Entries March.''25'!U21<1,"0",'Entries March.''25'!U22-'Entries March.''25'!U21) -> 0 | N21: =IF('Entries March.''25'!X22-'Entries March.''25'!X21<1,"0",'Entries March.''25'!X22-'Entries March.''25'!X21) -> 0 | O21: =IF('Entries March.''25'!Y22-'Entries March.''25'!Y21<1,"0",'Entries March.''25'!Y22-'Entries March.''25'!Y21) -> 0 | P21: =IF('Entries March.''25'!AC22-'Entries March.''25'!AC21<1,"0",'Entries March.''25'!AC22-'Entries March.''25'!AC21) -> 0 | Q21: =IF('Entries March.''25'!Z22-'Entries March.''25'!Z21<1,"0",'Entries March.''25'!Z22-'Entries March.''25'!Z21) -> 3 | R21: =IF(('Entries March.''25'!AA22-'Entries March.''25'!AA21)+('Entries March.''25'!AB22-'Entries March.''25'!AB21)<1,"0",('Entries March.''25'!AA22-'Entries March.''25'!AA21)+('Entries March.''25'!AB22-'Entries March.''25'!AB21)) -> 0 | S21: =(R21+G21)*10 -> 340 | T21: =O21+N21+M21+L21 -> 0 | U21: =IF('Entries March.''25'!AC22-'Entries March.''25'!AC21<1,"0",'Entries March.''25'!AC22-'Entries March.''25'!AC21) -> 0 | V21: =IF('Entries March.''25'!AD22-'Entries March.''25'!AD21<1,"0",'Entries March.''25'!AD22-'Entries March.''25'!AD21) -> 0 | W21: =IF('Entries March.''25'!AE22-'Entries March.''25'!AE21<1,"0",'Entries March.''25'!AE22-'Entries March.''25'!AE21) -> 0 | X21: =IF('Entries March.''25'!AI22-'Entries March.''25'!AI21<1,"0",'Entries March.''25'!AI22-'Entries March.''25'!AI21) -> 0 | Y21: =IF('Entries March.''25'!AH22-'Entries March.''25'!AH21<1,"0",'Entries March.''25'!AH22-'Entries March.''25'!AH21) -> 0 | Z21: =C21+D21+E21 -> 116 | AA21: 0 | AB21: =IF(AA21=0,"0",(Z21*10/AA21)) -> 0
B22: 16 | C22: =IF('Entries March.''25'!W23-'Entries March.''25'!W22<1,"0",'Entries March.''25'!W23-'Entries March.''25'!W22) -> 0 | D22: =IF('Entries March.''25'!O23-'Entries March.''25'!O22<1,"0",'Entries March.''25'!O23-'Entries March.''25'!O22) -> 2 | E22: =IF('Entries March.''25'!P23-'Entries March.''25'!P22<1,"0",'Entries March.''25'!P23-'Entries March.''25'!P22) -> 96 | F22: =IF('Entries March.''25'!V23-'Entries March.''25'!V22<1,"0",'Entries March.''25'!V23-'Entries March.''25'!V22) -> 101 | G22: =(D22+E22)-F22 -> -3 | H22: =IF('Entries March.''25'!Q23-'Entries March.''25'!Q22<1,0,'Entries March.''25'!Q23-'Entries March.''25'!Q22) -> 110 | I22: =IF('Entries March.''25'!AG23-'Entries March.''25'!AG22<1,0,'Entries March.''25'!AG23-'Entries March.''25'!AG22) -> 0 | J22: =IF('Entries March.''25'!S23-'Entries March.''25'!S22<1,"0",'Entries March.''25'!S23-'Entries March.''25'!S22) -> 33 | K22: =IF('Entries March.''25'!R23-'Entries March.''25'!R22<1,"0",'Entries March.''25'!R23-'Entries March.''25'!R22) -> 0 | L22: =IF('Entries March.''25'!T23-'Entries March.''25'!T22<1,"0",'Entries March.''25'!T23-'Entries March.''25'!T22) -> 0 | M22: =IF('Entries March.''25'!U23-'Entries March.''25'!U22<1,"0",'Entries March.''25'!U23-'Entries March.''25'!U22) -> 0 | N22: =IF('Entries March.''25'!X23-'Entries March.''25'!X22<1,"0",'Entries March.''25'!X23-'Entries March.''25'!X22) -> 16 | O22: =IF('Entries March.''25'!Y23-'Entries March.''25'!Y22<1,"0",'Entries March.''25'!Y23-'Entries March.''25'!Y22) -> 36 | P22: =IF('Entries March.''25'!AC23-'Entries March.''25'!AC22<1,"0",'Entries March.''25'!AC23-'Entries March.''25'!AC22) -> 0 | Q22: =IF('Entries March.''25'!Z23-'Entries March.''25'!Z22<1,"0",'Entries March.''25'!Z23-'Entries March.''25'!Z22) -> 7 | R22: =IF(('Entries March.''25'!AA23-'Entries March.''25'!AA22)+('Entries March.''25'!AB23-'Entries March.''25'!AB22)<1,"0",('Entries March.''25'!AA23-'Entries March.''25'!AA22)+('Entries March.''25'!AB23-'Entries March.''25'!AB22)) -> 0 | S22: =(R22+G22)*10 -> -30 | T22: =O22+N22+M22+L22 -> 52 | U22: =IF('Entries March.''25'!AC23-'Entries March.''25'!AC22<1,"0",'Entries March.''25'!AC23-'Entries March.''25'!AC22) -> 0 | V22: =IF('Entries March.''25'!AD23-'Entries March.''25'!AD22<1,"0",'Entries March.''25'!AD23-'Entries March.''25'!AD22) -> 0 | W22: =IF('Entries March.''25'!AE23-'Entries March.''25'!AE22<1,"0",'Entries March.''25'!AE23-'Entries March.''25'!AE22) -> 0 | X22: =IF('Entries March.''25'!AI23-'Entries March.''25'!AI22<1,"0",'Entries March.''25'!AI23-'Entries March.''25'!AI22) -> 0 | Y22: =IF('Entries March.''25'!AH23-'Entries March.''25'!AH22<1,"0",'Entries March.''25'!AH23-'Entries March.''25'!AH22) -> 0 | Z22: =C22+D22+E22 -> 98 | AA22: 0 | AB22: =IF(AA22=0,"0",(Z22*10/AA22)) -> 0
B23: 17 | C23: =IF('Entries March.''25'!W24-'Entries March.''25'!W23<1,"0",'Entries March.''25'!W24-'Entries March.''25'!W23) -> 0 | D23: =IF('Entries March.''25'!O24-'Entries March.''25'!O23<1,"0",'Entries March.''25'!O24-'Entries March.''25'!O23) -> 105 | E23: =IF('Entries March.''25'!P24-'Entries March.''25'!P23<1,"0",'Entries March.''25'!P24-'Entries March.''25'!P23) -> 133 | F23: =IF('Entries March.''25'!V24-'Entries March.''25'!V23<1,"0",'Entries March.''25'!V24-'Entries March.''25'!V23) -> 141 | G23: =(D23+E23)-F23 -> 97 | H23: =IF('Entries March.''25'!Q24-'Entries March.''25'!Q23<1,0,'Entries March.''25'!Q24-'Entries March.''25'!Q23) -> 135 | I23: =IF('Entries March.''25'!AG24-'Entries March.''25'!AG23<1,0,'Entries March.''25'!AG24-'Entries March.''25'!AG23) -> 0 | J23: =IF('Entries March.''25'!S24-'Entries March.''25'!S23<1,"0",'Entries March.''25'!S24-'Entries March.''25'!S23) -> 161 | K23: =IF('Entries March.''25'!R24-'Entries March.''25'!R23<1,"0",'Entries March.''25'!R24-'Entries March.''25'!R23) -> 0 | L23: =IF('Entries March.''25'!T24-'Entries March.''25'!T23<1,"0",'Entries March.''25'!T24-'Entries March.''25'!T23) -> 0 | M23: =IF('Entries March.''25'!U24-'Entries March.''25'!U23<1,"0",'Entries March.''25'!U24-'Entries March.''25'!U23) -> 5 | N23: =IF('Entries March.''25'!X24-'Entries March.''25'!X23<1,"0",'Entries March.''25'!X24-'Entries March.''25'!X23) -> 33 | O23: =IF('Entries March.''25'!Y24-'Entries March.''25'!Y23<1,"0",'Entries March.''25'!Y24-'Entries March.''25'!Y23) -> 32 | P23: =IF('Entries March.''25'!AC24-'Entries March.''25'!AC23<1,"0",'Entries March.''25'!AC24-'Entries March.''25'!AC23) -> 21 | Q23: =IF('Entries March.''25'!Z24-'Entries March.''25'!Z23<1,"0",'Entries March.''25'!Z24-'Entries March.''25'!Z23) -> 27 | R23: =IF(('Entries March.''25'!AA24-'Entries March.''25'!AA23)+('Entries March.''25'!AB24-'Entries March.''25'!AB23)<1,"0",('Entries March.''25'!AA24-'Entries March.''25'!AA23)+('Entries March.''25'!AB24-'Entries March.''25'!AB23)) -> 0 | S23: =(R23+G23)*10 -> 970 | T23: =O23+N23+M23+L23 -> 70 | U23: =IF('Entries March.''25'!AC24-'Entries March.''25'!AC23<1,"0",'Entries March.''25'!AC24-'Entries March.''25'!AC23) -> 21 | V23: =IF('Entries March.''25'!AD24-'Entries March.''25'!AD23<1,"0",'Entries March.''25'!AD24-'Entries March.''25'!AD23) -> 0 | W23: =IF('Entries March.''25'!AE24-'Entries March.''25'!AE23<1,"0",'Entries March.''25'!AE24-'Entries March.''25'!AE23) -> 0 | X23: =IF('Entries March.''25'!AI24-'Entries March.''25'!AI23<1,"0",'Entries March.''25'!AI24-'Entries March.''25'!AI23) -> 0 | Y23: =IF('Entries March.''25'!AH24-'Entries March.''25'!AH23<1,"0",'Entries March.''25'!AH24-'Entries March.''25'!AH23) -> 0 | Z23: =C23+D23+E23 -> 238 | AA23: 151.734 | AB23: =IF(AA23=0,"0",(Z23*10/AA23)) -> 15.685344
B24: 18 | C24: =IF('Entries March.''25'!W25-'Entries March.''25'!W24<1,"0",'Entries March.''25'!W25-'Entries March.''25'!W24) -> 0 | D24: =IF('Entries March.''25'!O25-'Entries March.''25'!O24<1,"0",'Entries March.''25'!O25-'Entries March.''25'!O24) -> 252 | E24: =IF('Entries March.''25'!P25-'Entries March.''25'!P24<1,"0",'Entries March.''25'!P25-'Entries March.''25'!P24) -> 38 | F24: =IF('Entries March.''25'!V25-'Entries March.''25'!V24<1,"0",'Entries March.''25'!V25-'Entries March.''25'!V24) -> 30 | G24: =(D24+E24)-F24 -> 260 | H24: =IF('Entries March.''25'!Q25-'Entries March.''25'!Q24<1,0,'Entries March.''25'!Q25-'Entries March.''25'!Q24) -> 167 | I24: =IF('Entries March.''25'!AG25-'Entries March.''25'!AG24<1,0,'Entries March.''25'!AG25-'Entries March.''25'!AG24) -> 0 | J24: =IF('Entries March.''25'!S25-'Entries March.''25'!S24<1,"0",'Entries March.''25'!S25-'Entries March.''25'!S24) -> 144 | K24: =IF('Entries March.''25'!R25-'Entries March.''25'!R24<1,"0",'Entries March.''25'!R25-'Entries March.''25'!R24) -> 0 | L24: =IF('Entries March.''25'!T25-'Entries March.''25'!T24<1,"0",'Entries March.''25'!T25-'Entries March.''25'!T24) -> 0 | M24: =IF('Entries March.''25'!U25-'Entries March.''25'!U24<1,"0",'Entries March.''25'!U25-'Entries March.''25'!U24) -> 0 | N24: =IF('Entries March.''25'!X25-'Entries March.''25'!X24<1,"0",'Entries March.''25'!X25-'Entries March.''25'!X24) -> 31 | O24: =IF('Entries March.''25'!Y25-'Entries March.''25'!Y24<1,"0",'Entries March.''25'!Y25-'Entries March.''25'!Y24) -> 61 | P24: =IF('Entries March.''25'!AC25-'Entries March.''25'!AC24<1,"0",'Entries March.''25'!AC25-'Entries March.''25'!AC24) -> 19 | Q24: =IF('Entries March.''25'!Z25-'Entries March.''25'!Z24<1,"0",'Entries March.''25'!Z25-'Entries March.''25'!Z24) -> 13 | R24: =IF(('Entries March.''25'!AA25-'Entries March.''25'!AA24)+('Entries March.''25'!AB25-'Entries March.''25'!AB24)<1,"0",('Entries March.''25'!AA25-'Entries March.''25'!AA24)+('Entries March.''25'!AB25-'Entries March.''25'!AB24)) -> 0 | S24: =(R24+G24)*10 -> 2600 | T24: =O24+N24+M24+L24 -> 92 | U24: =IF('Entries March.''25'!AC25-'Entries March.''25'!AC24<1,"0",'Entries March.''25'!AC25-'Entries March.''25'!AC24) -> 19 | V24: =IF('Entries March.''25'!AD25-'Entries March.''25'!AD24<1,"0",'Entries March.''25'!AD25-'Entries March.''25'!AD24) -> 0 | W24: =IF('Entries March.''25'!AE25-'Entries March.''25'!AE24<1,"0",'Entries March.''25'!AE25-'Entries March.''25'!AE24) -> 0 | X24: =IF('Entries March.''25'!AI25-'Entries March.''25'!AI24<1,"0",'Entries March.''25'!AI25-'Entries March.''25'!AI24) -> 0 | Y24: =IF('Entries March.''25'!AH25-'Entries March.''25'!AH24<1,"0",'Entries March.''25'!AH25-'Entries March.''25'!AH24) -> 0 | Z24: =C24+D24+E24 -> 290 | AA24: 429.726 | AB24: =IF(AA24=0,"0",(Z24*10/AA24)) -> 6.7484862
B25: 19 | C25: =IF('Entries March.''25'!W26-'Entries March.''25'!W25<1,"0",'Entries March.''25'!W26-'Entries March.''25'!W25) -> 0 | D25: =IF('Entries March.''25'!O26-'Entries March.''25'!O25<1,"0",'Entries March.''25'!O26-'Entries March.''25'!O25) -> 375 | E25: =IF('Entries March.''25'!P26-'Entries March.''25'!P25<1,"0",'Entries March.''25'!P26-'Entries March.''25'!P25) -> 84 | F25: =IF('Entries March.''25'!V26-'Entries March.''25'!V25<1,"0",'Entries March.''25'!V26-'Entries March.''25'!V25) -> 90 | G25: =(D25+E25)-F25 -> 369 | H25: =IF('Entries March.''25'!Q26-'Entries March.''25'!Q25<1,0,'Entries March.''25'!Q26-'Entries March.''25'!Q25) -> 196 | I25: =IF('Entries March.''25'!AG26-'Entries March.''25'!AG25<1,0,'Entries March.''25'!AG26-'Entries March.''25'!AG25) -> 0 | J25: =IF('Entries March.''25'!S26-'Entries March.''25'!S25<1,"0",'Entries March.''25'!S26-'Entries March.''25'!S25) -> 242 | K25: =IF('Entries March.''25'!R26-'Entries March.''25'!R25<1,"0",'Entries March.''25'!R26-'Entries March.''25'!R25) -> 0 | L25: =IF('Entries March.''25'!T26-'Entries March.''25'!T25<1,"0",'Entries March.''25'!T26-'Entries March.''25'!T25) -> 0 | M25: =IF('Entries March.''25'!U26-'Entries March.''25'!U25<1,"0",'Entries March.''25'!U26-'Entries March.''25'!U25) -> 0 | N25: =IF('Entries March.''25'!X26-'Entries March.''25'!X25<1,"0",'Entries March.''25'!X26-'Entries March.''25'!X25) -> 31 | O25: =IF('Entries March.''25'!Y26-'Entries March.''25'!Y25<1,"0",'Entries March.''25'!Y26-'Entries March.''25'!Y25) -> 73 | P25: =IF('Entries March.''25'!AC26-'Entries March.''25'!AC25<1,"0",'Entries March.''25'!AC26-'Entries March.''25'!AC25) -> 24 | Q25: =IF('Entries March.''25'!Z26-'Entries March.''25'!Z25<1,"0",'Entries March.''25'!Z26-'Entries March.''25'!Z25) -> 32 | R25: =IF(('Entries March.''25'!AA26-'Entries March.''25'!AA25)+('Entries March.''25'!AB26-'Entries March.''25'!AB25)<1,"0",('Entries March.''25'!AA26-'Entries March.''25'!AA25)+('Entries March.''25'!AB26-'Entries March.''25'!AB25)) -> 0 | S25: =(R25+G25)*10 -> 3690 | T25: =O25+N25+M25+L25 -> 104 | U25: =IF('Entries March.''25'!AC26-'Entries March.''25'!AC25<1,"0",'Entries March.''25'!AC26-'Entries March.''25'!AC25) -> 24 | V25: =IF('Entries March.''25'!AD26-'Entries March.''25'!AD25<1,"0",'Entries March.''25'!AD26-'Entries March.''25'!AD25) -> 0 | W25: =IF('Entries March.''25'!AE26-'Entries March.''25'!AE25<1,"0",'Entries March.''25'!AE26-'Entries March.''25'!AE25) -> 0 | X25: =IF('Entries March.''25'!AI26-'Entries March.''25'!AI25<1,"0",'Entries March.''25'!AI26-'Entries March.''25'!AI25) -> 0 | Y25: =IF('Entries March.''25'!AH26-'Entries March.''25'!AH25<1,"0",'Entries March.''25'!AH26-'Entries March.''25'!AH25) -> 0 | Z25: =C25+D25+E25 -> 459 | AA25: 501.402 | AB25: =IF(AA25=0,"0",(Z25*10/AA25)) -> 9.1543313
B26: 20 | C26: =IF('Entries March.''25'!W27-'Entries March.''25'!W26<1,"0",'Entries March.''25'!W27-'Entries March.''25'!W26) -> 0 | D26: =IF('Entries March.''25'!O27-'Entries March.''25'!O26<1,"0",'Entries March.''25'!O27-'Entries March.''25'!O26) -> 63 | E26: =IF('Entries March.''25'!P27-'Entries March.''25'!P26<1,"0",'Entries March.''25'!P27-'Entries March.''25'!P26) -> 254 | F26: =IF('Entries March.''25'!V27-'Entries March.''25'!V26<1,"0",'Entries March.''25'!V27-'Entries March.''25'!V26) -> 267 | G26: =(D26+E26)-F26 -> 50 | H26: =IF('Entries March.''25'!Q27-'Entries March.''25'!Q26<1,0,'Entries March.''25'!Q27-'Entries March.''25'!Q26) -> 188 | I26: =IF('Entries March.''25'!AG27-'Entries March.''25'!AG26<1,0,'Entries March.''25'!AG27-'Entries March.''25'!AG26) -> 0 | J26: =IF('Entries March.''25'!S27-'Entries March.''25'!S26<1,"0",'Entries March.''25'!S27-'Entries March.''25'!S26) -> 191 | K26: =IF('Entries March.''25'!R27-'Entries March.''25'!R26<1,"0",'Entries March.''25'!R27-'Entries March.''25'!R26) -> 0 | L26: =IF('Entries March.''25'!T27-'Entries March.''25'!T26<1,"0",'Entries March.''25'!T27-'Entries March.''25'!T26) -> 0 | M26: =IF('Entries March.''25'!U27-'Entries March.''25'!U26<1,"0",'Entries March.''25'!U27-'Entries March.''25'!U26) -> 0 | N26: =IF('Entries March.''25'!X27-'Entries March.''25'!X26<1,"0",'Entries March.''25'!X27-'Entries March.''25'!X26) -> 43 | O26: =IF('Entries March.''25'!Y27-'Entries March.''25'!Y26<1,"0",'Entries March.''25'!Y27-'Entries March.''25'!Y26) -> 76 | P26: =IF('Entries March.''25'!AC27-'Entries March.''25'!AC26<1,"0",'Entries March.''25'!AC27-'Entries March.''25'!AC26) -> 23 | Q26: =IF('Entries March.''25'!Z27-'Entries March.''25'!Z26<1,"0",'Entries March.''25'!Z27-'Entries March.''25'!Z26) -> 30 | R26: =IF(('Entries March.''25'!AA27-'Entries March.''25'!AA26)+('Entries March.''25'!AB27-'Entries March.''25'!AB26)<1,"0",('Entries March.''25'!AA27-'Entries March.''25'!AA26)+('Entries March.''25'!AB27-'Entries March.''25'!AB26)) -> 0 | S26: =(R26+G26)*10 -> 500 | T26: =O26+N26+M26+L26 -> 119 | U26: =IF('Entries March.''25'!AC27-'Entries March.''25'!AC26<1,"0",'Entries March.''25'!AC27-'Entries March.''25'!AC26) -> 23 | V26: =IF('Entries March.''25'!AD27-'Entries March.''25'!AD26<1,"0",'Entries March.''25'!AD27-'Entries March.''25'!AD26) -> 0 | W26: =IF('Entries March.''25'!AE27-'Entries March.''25'!AE26<1,"0",'Entries March.''25'!AE27-'Entries March.''25'!AE26) -> 0 | X26: =IF('Entries March.''25'!AI27-'Entries March.''25'!AI26<1,"0",'Entries March.''25'!AI27-'Entries March.''25'!AI26) -> 0 | Y26: =IF('Entries March.''25'!AH27-'Entries March.''25'!AH26<1,"0",'Entries March.''25'!AH27-'Entries March.''25'!AH26) -> 0 | Z26: =C26+D26+E26 -> 317 | AA26: 267.498 | AB26: =IF(AA26=0,"0",(Z26*10/AA26)) -> 11.850556
B27: 21 | C27: =IF('Entries March.''25'!W28-'Entries March.''25'!W27<1,"0",'Entries March.''25'!W28-'Entries March.''25'!W27) -> 0 | D27: =IF('Entries March.''25'!O28-'Entries March.''25'!O27<1,"0",'Entries March.''25'!O28-'Entries March.''25'!O27) -> 36 | E27: =IF('Entries March.''25'!P28-'Entries March.''25'!P27<1,"0",'Entries March.''25'!P28-'Entries March.''25'!P27) -> 171 | F27: =IF('Entries March.''25'!V28-'Entries March.''25'!V27<1,"0",'Entries March.''25'!V28-'Entries March.''25'!V27) -> 181 | G27: =(D27+E27)-F27 -> 26 | H27: =IF('Entries March.''25'!Q28-'Entries March.''25'!Q27<1,0,'Entries March.''25'!Q28-'Entries March.''25'!Q27) -> 114 | I27: =IF('Entries March.''25'!AG28-'Entries March.''25'!AG27<1,0,'Entries March.''25'!AG28-'Entries March.''25'!AG27) -> 0 | J27: =IF('Entries March.''25'!S28-'Entries March.''25'!S27<1,"0",'Entries March.''25'!S28-'Entries March.''25'!S27) -> 90 | K27: =IF('Entries March.''25'!R28-'Entries March.''25'!R27<1,"0",'Entries March.''25'!R28-'Entries March.''25'!R27) -> 0 | L27: =IF('Entries March.''25'!T28-'Entries March.''25'!T27<1,"0",'Entries March.''25'!T28-'Entries March.''25'!T27) -> 0 | M27: =IF('Entries March.''25'!U28-'Entries March.''25'!U27<1,"0",'Entries March.''25'!U28-'Entries March.''25'!U27) -> 0 | N27: =IF('Entries March.''25'!X28-'Entries March.''25'!X27<1,"0",'Entries March.''25'!X28-'Entries March.''25'!X27) -> 17 | O27: =IF('Entries March.''25'!Y28-'Entries March.''25'!Y27<1,"0",'Entries March.''25'!Y28-'Entries March.''25'!Y27) -> 38 | P27: =IF('Entries March.''25'!AC28-'Entries March.''25'!AC27<1,"0",'Entries March.''25'!AC28-'Entries March.''25'!AC27) -> 5 | Q27: =IF('Entries March.''25'!Z28-'Entries March.''25'!Z27<1,"0",'Entries March.''25'!Z28-'Entries March.''25'!Z27) -> 9 | R27: =IF(('Entries March.''25'!AA28-'Entries March.''25'!AA27)+('Entries March.''25'!AB28-'Entries March.''25'!AB27)<1,"0",('Entries March.''25'!AA28-'Entries March.''25'!AA27)+('Entries March.''25'!AB28-'Entries March.''25'!AB27)) -> 0 | S27: =(R27+G27)*10 -> 260 | T27: =O27+N27+M27+L27 -> 55 | U27: =IF('Entries March.''25'!AC28-'Entries March.''25'!AC27<1,"0",'Entries March.''25'!AC28-'Entries March.''25'!AC27) -> 5 | V27: =IF('Entries March.''25'!AD28-'Entries March.''25'!AD27<1,"0",'Entries March.''25'!AD28-'Entries March.''25'!AD27) -> 0 | W27: =IF('Entries March.''25'!AE28-'Entries March.''25'!AE27<1,"0",'Entries March.''25'!AE28-'Entries March.''25'!AE27) -> 0 | X27: =IF('Entries March.''25'!AI28-'Entries March.''25'!AI27<1,"0",'Entries March.''25'!AI28-'Entries March.''25'!AI27) -> 0 | Y27: =IF('Entries March.''25'!AH28-'Entries March.''25'!AH27<1,"0",'Entries March.''25'!AH28-'Entries March.''25'!AH27) -> 0 | Z27: =C27+D27+E27 -> 207 | AA27: 116.886 | AB27: =IF(AA27=0,"0",(Z27*10/AA27)) -> 17.709563
B28: 22 | C28: =IF('Entries March.''25'!W29-'Entries March.''25'!W28<1,"0",'Entries March.''25'!W29-'Entries March.''25'!W28) -> 0 | D28: =IF('Entries March.''25'!O29-'Entries March.''25'!O28<1,"0",'Entries March.''25'!O29-'Entries March.''25'!O28) -> 0 | E28: =IF('Entries March.''25'!P29-'Entries March.''25'!P28<1,"0",'Entries March.''25'!P29-'Entries March.''25'!P28) -> 0 | F28: =IF('Entries March.''25'!V29-'Entries March.''25'!V28<1,"0",'Entries March.''25'!V29-'Entries March.''25'!V28) -> 0 | G28: =(D28+E28)-F28 -> 0 | H28: =IF('Entries March.''25'!Q29-'Entries March.''25'!Q28<1,0,'Entries March.''25'!Q29-'Entries March.''25'!Q28) -> 0 | I28: =IF('Entries March.''25'!AG29-'Entries March.''25'!AG28<1,0,'Entries March.''25'!AG29-'Entries March.''25'!AG28) -> 0 | J28: =IF('Entries March.''25'!S29-'Entries March.''25'!S28<1,"0",'Entries March.''25'!S29-'Entries March.''25'!S28) -> 0 | K28: =IF('Entries March.''25'!R29-'Entries March.''25'!R28<1,"0",'Entries March.''25'!R29-'Entries March.''25'!R28) -> 0 | L28: =IF('Entries March.''25'!T29-'Entries March.''25'!T28<1,"0",'Entries March.''25'!T29-'Entries March.''25'!T28) -> 0 | M28: =IF('Entries March.''25'!U29-'Entries March.''25'!U28<1,"0",'Entries March.''25'!U29-'Entries March.''25'!U28) -> 0 | N28: =IF('Entries March.''25'!X29-'Entries March.''25'!X28<1,"0",'Entries March.''25'!X29-'Entries March.''25'!X28) -> 0 | O28: =IF('Entries March.''25'!Y29-'Entries March.''25'!Y28<1,"0",'Entries March.''25'!Y29-'Entries March.''25'!Y28) -> 0 | P28: =IF('Entries March.''25'!AC29-'Entries March.''25'!AC28<1,"0",'Entries March.''25'!AC29-'Entries March.''25'!AC28) -> 0 | Q28: =IF('Entries March.''25'!Z29-'Entries March.''25'!Z28<1,"0",'Entries March.''25'!Z29-'Entries March.''25'!Z28) -> 11 | R28: =IF(('Entries March.''25'!AA29-'Entries March.''25'!AA28)+('Entries March.''25'!AB29-'Entries March.''25'!AB28)<1,"0",('Entries March.''25'!AA29-'Entries March.''25'!AA28)+('Entries March.''25'!AB29-'Entries March.''25'!AB28)) -> 0 | S28: =(R28+G28)*10 -> 0 | T28: =O28+N28+M28+L28 -> 0 | U28: =IF('Entries March.''25'!AC29-'Entries March.''25'!AC28<1,"0",'Entries March.''25'!AC29-'Entries March.''25'!AC28) -> 0 | V28: =IF('Entries March.''25'!AD29-'Entries March.''25'!AD28<1,"0",'Entries March.''25'!AD29-'Entries March.''25'!AD28) -> 0 | W28: =IF('Entries March.''25'!AE29-'Entries March.''25'!AE28<1,"0",'Entries March.''25'!AE29-'Entries March.''25'!AE28) -> 0 | X28: =IF('Entries March.''25'!AI29-'Entries March.''25'!AI28<1,"0",'Entries March.''25'!AI29-'Entries March.''25'!AI28) -> 0 | Y28: =IF('Entries March.''25'!AH29-'Entries March.''25'!AH28<1,"0",'Entries March.''25'!AH29-'Entries March.''25'!AH28) -> 0 | Z28: =C28+D28+E28 -> 0 | AA28: 0 | AB28: =IF(AA28=0,"0",(Z28*10/AA28)) -> 0
B29: 23 | C29: =IF('Entries March.''25'!W30-'Entries March.''25'!W29<1,"0",'Entries March.''25'!W30-'Entries March.''25'!W29) -> 0 | D29: =IF('Entries March.''25'!O30-'Entries March.''25'!O29<1,"0",'Entries March.''25'!O30-'Entries March.''25'!O29) -> 0 | E29: =IF('Entries March.''25'!P30-'Entries March.''25'!P29<1,"0",'Entries March.''25'!P30-'Entries March.''25'!P29) -> 134 | F29: =IF('Entries March.''25'!V30-'Entries March.''25'!V29<1,"0",'Entries March.''25'!V30-'Entries March.''25'!V29) -> 141 | G29: =(D29+E29)-F29 -> -7 | H29: =IF('Entries March.''25'!Q30-'Entries March.''25'!Q29<1,0,'Entries March.''25'!Q30-'Entries March.''25'!Q29) -> 67 | I29: =IF('Entries March.''25'!AG30-'Entries March.''25'!AG29<1,0,'Entries March.''25'!AG30-'Entries March.''25'!AG29) -> 0 | J29: =IF('Entries March.''25'!S30-'Entries March.''25'!S29<1,"0",'Entries March.''25'!S30-'Entries March.''25'!S29) -> 0 | K29: =IF('Entries March.''25'!R30-'Entries March.''25'!R29<1,"0",'Entries March.''25'!R30-'Entries March.''25'!R29) -> 0 | L29: =IF('Entries March.''25'!T30-'Entries March.''25'!T29<1,"0",'Entries March.''25'!T30-'Entries March.''25'!T29) -> 0 | M29: =IF('Entries March.''25'!U30-'Entries March.''25'!U29<1,"0",'Entries March.''25'!U30-'Entries March.''25'!U29) -> 0 | N29: =IF('Entries March.''25'!X30-'Entries March.''25'!X29<1,"0",'Entries March.''25'!X30-'Entries March.''25'!X29) -> 0 | O29: =IF('Entries March.''25'!Y30-'Entries March.''25'!Y29<1,"0",'Entries March.''25'!Y30-'Entries March.''25'!Y29) -> 33 | P29: =IF('Entries March.''25'!AC30-'Entries March.''25'!AC29<1,"0",'Entries March.''25'!AC30-'Entries March.''25'!AC29) -> 0 | Q29: =IF('Entries March.''25'!Z30-'Entries March.''25'!Z29<1,"0",'Entries March.''25'!Z30-'Entries March.''25'!Z29) -> 0 | R29: =IF(('Entries March.''25'!AA30-'Entries March.''25'!AA29)+('Entries March.''25'!AB30-'Entries March.''25'!AB29)<1,"0",('Entries March.''25'!AA30-'Entries March.''25'!AA29)+('Entries March.''25'!AB30-'Entries March.''25'!AB29)) -> 0 | S29: =(R29+G29)*10 -> -70 | T29: =O29+N29+M29+L29 -> 33 | U29: =IF('Entries March.''25'!AC30-'Entries March.''25'!AC29<1,"0",'Entries March.''25'!AC30-'Entries March.''25'!AC29) -> 0 | V29: =IF('Entries March.''25'!AD30-'Entries March.''25'!AD29<1,"0",'Entries March.''25'!AD30-'Entries March.''25'!AD29) -> 0 | W29: =IF('Entries March.''25'!AE30-'Entries March.''25'!AE29<1,"0",'Entries March.''25'!AE30-'Entries March.''25'!AE29) -> 0 | X29: =IF('Entries March.''25'!AI30-'Entries March.''25'!AI29<1,"0",'Entries March.''25'!AI30-'Entries March.''25'!AI29) -> 0 | Y29: =IF('Entries March.''25'!AH30-'Entries March.''25'!AH29<1,"0",'Entries March.''25'!AH30-'Entries March.''25'!AH29) -> 0 | Z29: =C29+D29+E29 -> 134 | AA29: 0 | AB29: =IF(AA29=0,"0",(Z29*10/AA29)) -> 0
B30: 24 | C30: =IF('Entries March.''25'!W31-'Entries March.''25'!W30<1,"0",'Entries March.''25'!W31-'Entries March.''25'!W30) -> 0 | D30: =IF('Entries March.''25'!O31-'Entries March.''25'!O30<1,"0",'Entries March.''25'!O31-'Entries March.''25'!O30) -> 31 | E30: =IF('Entries March.''25'!P31-'Entries March.''25'!P30<1,"0",'Entries March.''25'!P31-'Entries March.''25'!P30) -> 207 | F30: =IF('Entries March.''25'!V31-'Entries March.''25'!V30<1,"0",'Entries March.''25'!V31-'Entries March.''25'!V30) -> 220 | G30: =(D30+E30)-F30 -> 18 | H30: =IF('Entries March.''25'!Q31-'Entries March.''25'!Q30<1,0,'Entries March.''25'!Q31-'Entries March.''25'!Q30) -> 135 | I30: =IF('Entries March.''25'!AG31-'Entries March.''25'!AG30<1,0,'Entries March.''25'!AG31-'Entries March.''25'!AG30) -> 0 | J30: =IF('Entries March.''25'!S31-'Entries March.''25'!S30<1,"0",'Entries March.''25'!S31-'Entries March.''25'!S30) -> 149 | K30: =IF('Entries March.''25'!R31-'Entries March.''25'!R30<1,"0",'Entries March.''25'!R31-'Entries March.''25'!R30) -> 0 | L30: =IF('Entries March.''25'!T31-'Entries March.''25'!T30<1,"0",'Entries March.''25'!T31-'Entries March.''25'!T30) -> 0 | M30: =IF('Entries March.''25'!U31-'Entries March.''25'!U30<1,"0",'Entries March.''25'!U31-'Entries March.''25'!U30) -> 0 | N30: =IF('Entries March.''25'!X31-'Entries March.''25'!X30<1,"0",'Entries March.''25'!X31-'Entries March.''25'!X30) -> 31 | O30: =IF('Entries March.''25'!Y31-'Entries March.''25'!Y30<1,"0",'Entries March.''25'!Y31-'Entries March.''25'!Y30) -> 60 | P30: =IF('Entries March.''25'!AC31-'Entries March.''25'!AC30<1,"0",'Entries March.''25'!AC31-'Entries March.''25'!AC30) -> 8 | Q30: =IF('Entries March.''25'!Z31-'Entries March.''25'!Z30<1,"0",'Entries March.''25'!Z31-'Entries March.''25'!Z30) -> 43 | R30: =IF(('Entries March.''25'!AA31-'Entries March.''25'!AA30)+('Entries March.''25'!AB31-'Entries March.''25'!AB30)<1,"0",('Entries March.''25'!AA31-'Entries March.''25'!AA30)+('Entries March.''25'!AB31-'Entries March.''25'!AB30)) -> 0 | S30: =(R30+G30)*10 -> 180 | T30: =O30+N30+M30+L30 -> 91 | U30: =IF('Entries March.''25'!AC31-'Entries March.''25'!AC30<1,"0",'Entries March.''25'!AC31-'Entries March.''25'!AC30) -> 8 | V30: =IF('Entries March.''25'!AD31-'Entries March.''25'!AD30<1,"0",'Entries March.''25'!AD31-'Entries March.''25'!AD30) -> 0 | W30: =IF('Entries March.''25'!AE31-'Entries March.''25'!AE30<1,"0",'Entries March.''25'!AE31-'Entries March.''25'!AE30) -> 0 | X30: =IF('Entries March.''25'!AI31-'Entries March.''25'!AI30<1,"0",'Entries March.''25'!AI31-'Entries March.''25'!AI30) -> 0 | Y30: =IF('Entries March.''25'!AH31-'Entries March.''25'!AH30<1,"0",'Entries March.''25'!AH31-'Entries March.''25'!AH30) -> 0 | Z30: =C30+D30+E30 -> 238 | AA30: 67.386 | AB30: =IF(AA30=0,"0",(Z30*10/AA30)) -> 35.318909
B31: 25 | C31: =IF('Entries March.''25'!W32-'Entries March.''25'!W31<1,"0",'Entries March.''25'!W32-'Entries March.''25'!W31) -> 0 | D31: =IF('Entries March.''25'!O32-'Entries March.''25'!O31<1,"0",'Entries March.''25'!O32-'Entries March.''25'!O31) -> 173 | E31: =IF('Entries March.''25'!P32-'Entries March.''25'!P31<1,"0",'Entries March.''25'!P32-'Entries March.''25'!P31) -> 123 | F31: =IF('Entries March.''25'!V32-'Entries March.''25'!V31<1,"0",'Entries March.''25'!V32-'Entries March.''25'!V31) -> 124 | G31: =(D31+E31)-F31 -> 172 | H31: =IF('Entries March.''25'!Q32-'Entries March.''25'!Q31<1,0,'Entries March.''25'!Q32-'Entries March.''25'!Q31) -> 276 | I31: =IF('Entries March.''25'!AG32-'Entries March.''25'!AG31<1,0,'Entries March.''25'!AG32-'Entries March.''25'!AG31) -> 0 | J31: =IF('Entries March.''25'!S32-'Entries March.''25'!S31<1,"0",'Entries March.''25'!S32-'Entries March.''25'!S31) -> 160 | K31: =IF('Entries March.''25'!R32-'Entries March.''25'!R31<1,"0",'Entries March.''25'!R32-'Entries March.''25'!R31) -> 0 | L31: =IF('Entries March.''25'!T32-'Entries March.''25'!T31<1,"0",'Entries March.''25'!T32-'Entries March.''25'!T31) -> 0 | M31: =IF('Entries March.''25'!U32-'Entries March.''25'!U31<1,"0",'Entries March.''25'!U32-'Entries March.''25'!U31) -> 0 | N31: =IF('Entries March.''25'!X32-'Entries March.''25'!X31<1,"0",'Entries March.''25'!X32-'Entries March.''25'!X31) -> 45 | O31: =IF('Entries March.''25'!Y32-'Entries March.''25'!Y31<1,"0",'Entries March.''25'!Y32-'Entries March.''25'!Y31) -> 143 | P31: =IF('Entries March.''25'!AC32-'Entries March.''25'!AC31<1,"0",'Entries March.''25'!AC32-'Entries March.''25'!AC31) -> 25 | Q31: =IF('Entries March.''25'!Z32-'Entries March.''25'!Z31<1,"0",'Entries March.''25'!Z32-'Entries March.''25'!Z31) -> 35 | R31: =IF(('Entries March.''25'!AA32-'Entries March.''25'!AA31)+('Entries March.''25'!AB32-'Entries March.''25'!AB31)<1,"0",('Entries March.''25'!AA32-'Entries March.''25'!AA31)+('Entries March.''25'!AB32-'Entries March.''25'!AB31)) -> 0 | S31: =(R31+G31)*10 -> 1720 | T31: =O31+N31+M31+L31 -> 188 | U31: =IF('Entries March.''25'!AC32-'Entries March.''25'!AC31<1,"0",'Entries March.''25'!AC32-'Entries March.''25'!AC31) -> 25 | V31: =IF('Entries March.''25'!AD32-'Entries March.''25'!AD31<1,"0",'Entries March.''25'!AD32-'Entries March.''25'!AD31) -> 0 | W31: =IF('Entries March.''25'!AE32-'Entries March.''25'!AE31<1,"0",'Entries March.''25'!AE32-'Entries March.''25'!AE31) -> 0 | X31: =IF('Entries March.''25'!AI32-'Entries March.''25'!AI31<1,"0",'Entries March.''25'!AI32-'Entries March.''25'!AI31) -> 0 | Y31: =IF('Entries March.''25'!AH32-'Entries March.''25'!AH31<1,"0",'Entries March.''25'!AH32-'Entries March.''25'!AH31) -> 0 | Z31: =C31+D31+E31 -> 296 | AA31: 623.436 | AB31: =IF(AA31=0,"0",(Z31*10/AA31)) -> 4.7478811
B32: 26 | C32: =IF('Entries March.''25'!W33-'Entries March.''25'!W32<1,"0",'Entries March.''25'!W33-'Entries March.''25'!W32) -> 0 | D32: =IF('Entries March.''25'!O33-'Entries March.''25'!O32<1,"0",'Entries March.''25'!O33-'Entries March.''25'!O32) -> 460 | E32: =IF('Entries March.''25'!P33-'Entries March.''25'!P32<1,"0",'Entries March.''25'!P33-'Entries March.''25'!P32) -> 156 | F32: =IF('Entries March.''25'!V33-'Entries March.''25'!V32<1,"0",'Entries March.''25'!V33-'Entries March.''25'!V32) -> 165 | G32: =(D32+E32)-F32 -> 451 | H32: =IF('Entries March.''25'!Q33-'Entries March.''25'!Q32<1,0,'Entries March.''25'!Q33-'Entries March.''25'!Q32) -> 243 | I32: =IF('Entries March.''25'!AG33-'Entries March.''25'!AG32<1,0,'Entries March.''25'!AG33-'Entries March.''25'!AG32) -> 0 | J32: =IF('Entries March.''25'!S33-'Entries March.''25'!S32<1,"0",'Entries March.''25'!S33-'Entries March.''25'!S32) -> 266 | K32: =IF('Entries March.''25'!R33-'Entries March.''25'!R32<1,"0",'Entries March.''25'!R33-'Entries March.''25'!R32) -> 0 | L32: =IF('Entries March.''25'!T33-'Entries March.''25'!T32<1,"0",'Entries March.''25'!T33-'Entries March.''25'!T32) -> 0 | M32: =IF('Entries March.''25'!U33-'Entries March.''25'!U32<1,"0",'Entries March.''25'!U33-'Entries March.''25'!U32) -> 0 | N32: =IF('Entries March.''25'!X33-'Entries March.''25'!X32<1,"0",'Entries March.''25'!X33-'Entries March.''25'!X32) -> 44 | O32: =IF('Entries March.''25'!Y33-'Entries March.''25'!Y32<1,"0",'Entries March.''25'!Y33-'Entries March.''25'!Y32) -> 108 | P32: =IF('Entries March.''25'!AC33-'Entries March.''25'!AC32<1,"0",'Entries March.''25'!AC33-'Entries March.''25'!AC32) -> 23 | Q32: =IF('Entries March.''25'!Z33-'Entries March.''25'!Z32<1,"0",'Entries March.''25'!Z33-'Entries March.''25'!Z32) -> 45 | R32: =IF(('Entries March.''25'!AA33-'Entries March.''25'!AA32)+('Entries March.''25'!AB33-'Entries March.''25'!AB32)<1,"0",('Entries March.''25'!AA33-'Entries March.''25'!AA32)+('Entries March.''25'!AB33-'Entries March.''25'!AB32)) -> 0 | S32: =(R32+G32)*10 -> 4510 | T32: =O32+N32+M32+L32 -> 152 | U32: =IF('Entries March.''25'!AC33-'Entries March.''25'!AC32<1,"0",'Entries March.''25'!AC33-'Entries March.''25'!AC32) -> 23 | V32: =IF('Entries March.''25'!AD33-'Entries March.''25'!AD32<1,"0",'Entries March.''25'!AD33-'Entries March.''25'!AD32) -> 0 | W32: =IF('Entries March.''25'!AE33-'Entries March.''25'!AE32<1,"0",'Entries March.''25'!AE33-'Entries March.''25'!AE32) -> 0 | X32: =IF('Entries March.''25'!AI33-'Entries March.''25'!AI32<1,"0",'Entries March.''25'!AI33-'Entries March.''25'!AI32) -> 0 | Y32: =IF('Entries March.''25'!AH33-'Entries March.''25'!AH32<1,"0",'Entries March.''25'!AH33-'Entries March.''25'!AH32) -> 0 | Z32: =C32+D32+E32 -> 616 | AA32: 589.314 | AB32: =IF(AA32=0,"0",(Z32*10/AA32)) -> 10.452832
B33: 27 | C33: =IF('Entries March.''25'!W34-'Entries March.''25'!W33<1,"0",'Entries March.''25'!W34-'Entries March.''25'!W33) -> 0 | D33: =IF('Entries March.''25'!O34-'Entries March.''25'!O33<1,"0",'Entries March.''25'!O34-'Entries March.''25'!O33) -> 52 | E33: =IF('Entries March.''25'!P34-'Entries March.''25'!P33<1,"0",'Entries March.''25'!P34-'Entries March.''25'!P33) -> 282 | F33: =IF('Entries March.''25'!V34-'Entries March.''25'!V33<1,"0",'Entries March.''25'!V34-'Entries March.''25'!V33) -> 294 | G33: =(D33+E33)-F33 -> 40 | H33: =IF('Entries March.''25'!Q34-'Entries March.''25'!Q33<1,0,'Entries March.''25'!Q34-'Entries March.''25'!Q33) -> 240 | I33: =IF('Entries March.''25'!AG34-'Entries March.''25'!AG33<1,0,'Entries March.''25'!AG34-'Entries March.''25'!AG33) -> 0 | J33: =IF('Entries March.''25'!S34-'Entries March.''25'!S33<1,"0",'Entries March.''25'!S34-'Entries March.''25'!S33) -> 218 | K33: =IF('Entries March.''25'!R34-'Entries March.''25'!R33<1,"0",'Entries March.''25'!R34-'Entries March.''25'!R33) -> 0 | L33: =IF('Entries March.''25'!T34-'Entries March.''25'!T33<1,"0",'Entries March.''25'!T34-'Entries March.''25'!T33) -> 0 | M33: =IF('Entries March.''25'!U34-'Entries March.''25'!U33<1,"0",'Entries March.''25'!U34-'Entries March.''25'!U33) -> 1 | N33: =IF('Entries March.''25'!X34-'Entries March.''25'!X33<1,"0",'Entries March.''25'!X34-'Entries March.''25'!X33) -> 37 | O33: =IF('Entries March.''25'!Y34-'Entries March.''25'!Y33<1,"0",'Entries March.''25'!Y34-'Entries March.''25'!Y33) -> 95 | P33: =IF('Entries March.''25'!AC34-'Entries March.''25'!AC33<1,"0",'Entries March.''25'!AC34-'Entries March.''25'!AC33) -> 23 | Q33: =IF('Entries March.''25'!Z34-'Entries March.''25'!Z33<1,"0",'Entries March.''25'!Z34-'Entries March.''25'!Z33) -> 47 | R33: =IF(('Entries March.''25'!AA34-'Entries March.''25'!AA33)+('Entries March.''25'!AB34-'Entries March.''25'!AB33)<1,"0",('Entries March.''25'!AA34-'Entries March.''25'!AA33)+('Entries March.''25'!AB34-'Entries March.''25'!AB33)) -> 0 | S33: =(R33+G33)*10 -> 400 | T33: =O33+N33+M33+L33 -> 133 | U33: =IF('Entries March.''25'!AC34-'Entries March.''25'!AC33<1,"0",'Entries March.''25'!AC34-'Entries March.''25'!AC33) -> 23 | V33: =IF('Entries March.''25'!AD34-'Entries March.''25'!AD33<1,"0",'Entries March.''25'!AD34-'Entries March.''25'!AD33) -> 4 | W33: =IF('Entries March.''25'!AE34-'Entries March.''25'!AE33<1,"0",'Entries March.''25'!AE34-'Entries March.''25'!AE33) -> 0 | X33: =IF('Entries March.''25'!AI34-'Entries March.''25'!AI33<1,"0",'Entries March.''25'!AI34-'Entries March.''25'!AI33) -> 0 | Y33: =IF('Entries March.''25'!AH34-'Entries March.''25'!AH33<1,"0",'Entries March.''25'!AH34-'Entries March.''25'!AH33) -> 0 | Z33: =C33+D33+E33 -> 334 | AA33: 535.854 | AB33: =IF(AA33=0,"0",(Z33*10/AA33)) -> 6.2330411
B34: 28 | C34: =IF('Entries March.''25'!W35-'Entries March.''25'!W34<1,"0",'Entries March.''25'!W35-'Entries March.''25'!W34) -> 0 | D34: =IF('Entries March.''25'!O35-'Entries March.''25'!O34<1,"0",'Entries March.''25'!O35-'Entries March.''25'!O34) -> 167 | E34: =IF('Entries March.''25'!P35-'Entries March.''25'!P34<1,"0",'Entries March.''25'!P35-'Entries March.''25'!P34) -> 275 | F34: =IF('Entries March.''25'!V35-'Entries March.''25'!V34<1,"0",'Entries March.''25'!V35-'Entries March.''25'!V34) -> 297 | G34: =(D34+E34)-F34 -> 145 | H34: =IF('Entries March.''25'!Q35-'Entries March.''25'!Q34<1,0,'Entries March.''25'!Q35-'Entries March.''25'!Q34) -> 221 | I34: =IF('Entries March.''25'!AG35-'Entries March.''25'!AG34<1,0,'Entries March.''25'!AG35-'Entries March.''25'!AG34) -> 0 | J34: =IF('Entries March.''25'!S35-'Entries March.''25'!S34<1,"0",'Entries March.''25'!S35-'Entries March.''25'!S34) -> 157 | K34: =IF('Entries March.''25'!R35-'Entries March.''25'!R34<1,"0",'Entries March.''25'!R35-'Entries March.''25'!R34) -> 0 | L34: =IF('Entries March.''25'!T35-'Entries March.''25'!T34<1,"0",'Entries March.''25'!T35-'Entries March.''25'!T34) -> 0 | M34: =IF('Entries March.''25'!U35-'Entries March.''25'!U34<1,"0",'Entries March.''25'!U35-'Entries March.''25'!U34) -> 0 | N34: =IF('Entries March.''25'!X35-'Entries March.''25'!X34<1,"0",'Entries March.''25'!X35-'Entries March.''25'!X34) -> 81 | O34: =IF('Entries March.''25'!Y35-'Entries March.''25'!Y34<1,"0",'Entries March.''25'!Y35-'Entries March.''25'!Y34) -> 61 | P34: =IF('Entries March.''25'!AC35-'Entries March.''25'!AC34<1,"0",'Entries March.''25'!AC35-'Entries March.''25'!AC34) -> 10 | Q34: =IF('Entries March.''25'!Z35-'Entries March.''25'!Z34<1,"0",'Entries March.''25'!Z35-'Entries March.''25'!Z34) -> 44 | R34: =IF(('Entries March.''25'!AA35-'Entries March.''25'!AA34)+('Entries March.''25'!AB35-'Entries March.''25'!AB34)<1,"0",('Entries March.''25'!AA35-'Entries March.''25'!AA34)+('Entries March.''25'!AB35-'Entries March.''25'!AB34)) -> 0 | S34: =(R34+G34)*10 -> 1450 | T34: =O34+N34+M34+L34 -> 142 | U34: =IF('Entries March.''25'!AC35-'Entries March.''25'!AC34<1,"0",'Entries March.''25'!AC35-'Entries March.''25'!AC34) -> 10 | V34: =IF('Entries March.''25'!AD35-'Entries March.''25'!AD34<1,"0",'Entries March.''25'!AD35-'Entries March.''25'!AD34) -> 1 | W34: =IF('Entries March.''25'!AE35-'Entries March.''25'!AE34<1,"0",'Entries March.''25'!AE35-'Entries March.''25'!AE34) -> 0 | X34: =IF('Entries March.''25'!AI35-'Entries March.''25'!AI34<1,"0",'Entries March.''25'!AI35-'Entries March.''25'!AI34) -> 0 | Y34: =IF('Entries March.''25'!AH35-'Entries March.''25'!AH34<1,"0",'Entries March.''25'!AH35-'Entries March.''25'!AH34) -> 0 | Z34: =C34+D34+E34 -> 442 | AA34: 181.8144 | AB34: =IF(AA34=0,"0",(Z34*10/AA34)) -> 24.310506
B35: 29 | C35: =IF('Entries March.''25'!W36-'Entries March.''25'!W35<1,"0",'Entries March.''25'!W36-'Entries March.''25'!W35) -> 0 | D35: =IF('Entries March.''25'!O36-'Entries March.''25'!O35<1,"0",'Entries March.''25'!O36-'Entries March.''25'!O35) -> 0 | E35: =IF('Entries March.''25'!P36-'Entries March.''25'!P35<1,"0",'Entries March.''25'!P36-'Entries March.''25'!P35) -> 157 | F35: =IF('Entries March.''25'!V36-'Entries March.''25'!V35<1,"0",'Entries March.''25'!V36-'Entries March.''25'!V35) -> 161 | G35: =(D35+E35)-F35 -> -4 | H35: =IF('Entries March.''25'!Q36-'Entries March.''25'!Q35<1,0,'Entries March.''25'!Q36-'Entries March.''25'!Q35) -> 37 | I35: =IF('Entries March.''25'!AG36-'Entries March.''25'!AG35<1,0,'Entries March.''25'!AG36-'Entries March.''25'!AG35) -> 0 | J35: =IF('Entries March.''25'!S36-'Entries March.''25'!S35<1,"0",'Entries March.''25'!S36-'Entries March.''25'!S35) -> 29 | K35: =IF('Entries March.''25'!R36-'Entries March.''25'!R35<1,"0",'Entries March.''25'!R36-'Entries March.''25'!R35) -> 0 | L35: =IF('Entries March.''25'!T36-'Entries March.''25'!T35<1,"0",'Entries March.''25'!T36-'Entries March.''25'!T35) -> 0 | M35: =IF('Entries March.''25'!U36-'Entries March.''25'!U35<1,"0",'Entries March.''25'!U36-'Entries March.''25'!U35) -> 0 | N35: =IF('Entries March.''25'!X36-'Entries March.''25'!X35<1,"0",'Entries March.''25'!X36-'Entries March.''25'!X35) -> 18 | O35: =IF('Entries March.''25'!Y36-'Entries March.''25'!Y35<1,"0",'Entries March.''25'!Y36-'Entries March.''25'!Y35) -> 0 | P35: =IF('Entries March.''25'!AC36-'Entries March.''25'!AC35<1,"0",'Entries March.''25'!AC36-'Entries March.''25'!AC35) -> 0 | Q35: =IF('Entries March.''25'!Z36-'Entries March.''25'!Z35<1,"0",'Entries March.''25'!Z36-'Entries March.''25'!Z35) -> 30 | R35: =IF(('Entries March.''25'!AA36-'Entries March.''25'!AA35)+('Entries March.''25'!AB36-'Entries March.''25'!AB35)<1,"0",('Entries March.''25'!AA36-'Entries March.''25'!AA35)+('Entries March.''25'!AB36-'Entries March.''25'!AB35)) -> 0 | S35: =(R35+G35)*10 -> -40 | T35: =O35+N35+M35+L35 -> 18 | U35: =IF('Entries March.''25'!AC36-'Entries March.''25'!AC35<1,"0",'Entries March.''25'!AC36-'Entries March.''25'!AC35) -> 0 | V35: =IF('Entries March.''25'!AD36-'Entries March.''25'!AD35<1,"0",'Entries March.''25'!AD36-'Entries March.''25'!AD35) -> 0 | W35: =IF('Entries March.''25'!AE36-'Entries March.''25'!AE35<1,"0",'Entries March.''25'!AE36-'Entries March.''25'!AE35) -> 0 | X35: =IF('Entries March.''25'!AI36-'Entries March.''25'!AI35<1,"0",'Entries March.''25'!AI36-'Entries March.''25'!AI35) -> 0 | Y35: =IF('Entries March.''25'!AH36-'Entries March.''25'!AH35<1,"0",'Entries March.''25'!AH36-'Entries March.''25'!AH35) -> 0 | Z35: =C35+D35+E35 -> 157 | AA35: 31.7625 | AB35: =IF(AA35=0,"0",(Z35*10/AA35)) -> 49.429359
B36: 30 | C36: =IF('Entries March.''25'!W37-'Entries March.''25'!W36<1,"0",'Entries March.''25'!W37-'Entries March.''25'!W36) -> 0 | D36: =IF('Entries March.''25'!O37-'Entries March.''25'!O36<1,"0",'Entries March.''25'!O37-'Entries March.''25'!O36) -> 0 | E36: =IF('Entries March.''25'!P37-'Entries March.''25'!P36<1,"0",'Entries March.''25'!P37-'Entries March.''25'!P36) -> 0 | F36: =IF('Entries March.''25'!V37-'Entries March.''25'!V36<1,"0",'Entries March.''25'!V37-'Entries March.''25'!V36) -> 0 | G36: =(D36+E36)-F36 -> 0 | H36: =IF('Entries March.''25'!Q37-'Entries March.''25'!Q36<1,0,'Entries March.''25'!Q37-'Entries March.''25'!Q36) -> 13 | I36: =IF('Entries March.''25'!AG37-'Entries March.''25'!AG36<1,0,'Entries March.''25'!AG37-'Entries March.''25'!AG36) -> 0 | J36: =IF('Entries March.''25'!S37-'Entries March.''25'!S36<1,"0",'Entries March.''25'!S37-'Entries March.''25'!S36) -> 0 | K36: =IF('Entries March.''25'!R37-'Entries March.''25'!R36<1,"0",'Entries March.''25'!R37-'Entries March.''25'!R36) -> 0 | L36: =IF('Entries March.''25'!T37-'Entries March.''25'!T36<1,"0",'Entries March.''25'!T37-'Entries March.''25'!T36) -> 0 | M36: =IF('Entries March.''25'!U37-'Entries March.''25'!U36<1,"0",'Entries March.''25'!U37-'Entries March.''25'!U36) -> 0 | N36: =IF('Entries March.''25'!X37-'Entries March.''25'!X36<1,"0",'Entries March.''25'!X37-'Entries March.''25'!X36) -> 0 | O36: =IF('Entries March.''25'!Y37-'Entries March.''25'!Y36<1,"0",'Entries March.''25'!Y37-'Entries March.''25'!Y36) -> 0 | P36: =IF('Entries March.''25'!AC37-'Entries March.''25'!AC36<1,"0",'Entries March.''25'!AC37-'Entries March.''25'!AC36) -> 0 | Q36: =IF('Entries March.''25'!Z37-'Entries March.''25'!Z36<1,"0",'Entries March.''25'!Z37-'Entries March.''25'!Z36) -> 20 | R36: =IF(('Entries March.''25'!AA37-'Entries March.''25'!AA36)+('Entries March.''25'!AB37-'Entries March.''25'!AB36)<1,"0",('Entries March.''25'!AA37-'Entries March.''25'!AA36)+('Entries March.''25'!AB37-'Entries March.''25'!AB36)) -> 0 | S36: =(R36+G36)*10 -> 0 | T36: =O36+N36+M36+L36 -> 0 | U36: =IF('Entries March.''25'!AC37-'Entries March.''25'!AC36<1,"0",'Entries March.''25'!AC37-'Entries March.''25'!AC36) -> 0 | V36: =IF('Entries March.''25'!AD37-'Entries March.''25'!AD36<1,"0",'Entries March.''25'!AD37-'Entries March.''25'!AD36) -> 0 | W36: =IF('Entries March.''25'!AE37-'Entries March.''25'!AE36<1,"0",'Entries March.''25'!AE37-'Entries March.''25'!AE36) -> 0 | X36: =IF('Entries March.''25'!AI37-'Entries March.''25'!AI36<1,"0",'Entries March.''25'!AI37-'Entries March.''25'!AI36) -> 0 | Y36: =IF('Entries March.''25'!AH37-'Entries March.''25'!AH36<1,"0",'Entries March.''25'!AH37-'Entries March.''25'!AH36) -> 0 | Z36: =C36+D36+E36 -> 0 | AA36: 0 | AB36: =IF(AA36=0,"0",(Z36*10/AA36)) -> 0
B37: 31 | C37: =IF('Entries March.''25'!W38-'Entries March.''25'!W37<1,"0",'Entries March.''25'!W38-'Entries March.''25'!W37) -> 0 | D37: =IF('Entries March.''25'!O38-'Entries March.''25'!O37<1,"0",'Entries March.''25'!O38-'Entries March.''25'!O37) -> 75 | E37: =IF('Entries March.''25'!P38-'Entries March.''25'!P37<1,"0",'Entries March.''25'!P38-'Entries March.''25'!P37) -> 251 | F37: =IF('Entries March.''25'!V38-'Entries March.''25'!V37<1,"0",'Entries March.''25'!V38-'Entries March.''25'!V37) -> 264 | G37: =(D37+E37)-F37 -> 62 | H37: =IF('Entries March.''25'!Q38-'Entries March.''25'!Q37<1,0,'Entries March.''25'!Q38-'Entries March.''25'!Q37) -> 207 | I37: =IF('Entries March.''25'!AG38-'Entries March.''25'!AG37<1,0,'Entries March.''25'!AG38-'Entries March.''25'!AG37) -> 0 | J37: =IF('Entries March.''25'!S38-'Entries March.''25'!S37<1,"0",'Entries March.''25'!S38-'Entries March.''25'!S37) -> 75 | K37: =IF('Entries March.''25'!R38-'Entries March.''25'!R37<1,"0",'Entries March.''25'!R38-'Entries March.''25'!R37) -> 0 | L37: =IF('Entries March.''25'!T38-'Entries March.''25'!T37<1,"0",'Entries March.''25'!T38-'Entries March.''25'!T37) -> 0 | M37: =IF('Entries March.''25'!U38-'Entries March.''25'!U37<1,"0",'Entries March.''25'!U38-'Entries March.''25'!U37) -> 0 | N37: =IF('Entries March.''25'!X38-'Entries March.''25'!X37<1,"0",'Entries March.''25'!X38-'Entries March.''25'!X37) -> 35 | O37: =IF('Entries March.''25'!Y38-'Entries March.''25'!Y37<1,"0",'Entries March.''25'!Y38-'Entries March.''25'!Y37) -> 86 | P37: =IF('Entries March.''25'!AC38-'Entries March.''25'!AC37<1,"0",'Entries March.''25'!AC38-'Entries March.''25'!AC37) -> 22 | Q37: =IF('Entries March.''25'!Z38-'Entries March.''25'!Z37<1,"0",'Entries March.''25'!Z38-'Entries March.''25'!Z37) -> 93 | R37: =IF(('Entries March.''25'!AA38-'Entries March.''25'!AA37)+('Entries March.''25'!AB38-'Entries March.''25'!AB37)<1,"0",('Entries March.''25'!AA38-'Entries March.''25'!AA37)+('Entries March.''25'!AB38-'Entries March.''25'!AB37)) -> 0 | S37: =(R37+G37)*10 -> 620 | T37: =O37+N37+M37+L37 -> 121 | U37: =IF('Entries March.''25'!AC38-'Entries March.''25'!AC37<1,"0",'Entries March.''25'!AC38-'Entries March.''25'!AC37) -> 22 | V37: =IF('Entries March.''25'!AD38-'Entries March.''25'!AD37<1,"0",'Entries March.''25'!AD38-'Entries March.''25'!AD37) -> 0 | W37: =IF('Entries March.''25'!AE38-'Entries March.''25'!AE37<1,"0",'Entries March.''25'!AE38-'Entries March.''25'!AE37) -> 0 | X37: =IF('Entries March.''25'!AI38-'Entries March.''25'!AI37<1,"0",'Entries March.''25'!AI38-'Entries March.''25'!AI37) -> 0 | Y37: =IF('Entries March.''25'!AH38-'Entries March.''25'!AH37<1,"0",'Entries March.''25'!AH38-'Entries March.''25'!AH37) -> 0 | Z37: =C37+D37+E37 -> 326 | AA37: 423.126 | AB37: =IF(AA37=0,"0",(Z37*10/AA37)) -> 7.7045608 | AC37: TARGET | AD37: %
A38: MTD | B38: total | C38: =SUM(C7:C37) -> 0 | D38: =SUM(D7:D37) -> 4478 | E38: =SUM(E7:E37) -> 3762 | F38: =SUM(F7:F37) -> 3437 | G38: =SUM(G7:G37) -> 4803 | H38: =SUM(H7:H37) -> 4226 | J38: =SUM(J7:J37) -> 3904 | L38: =SUM(L7:L37) -> 0 | M38: =SUM(M7:M37) -> 42 | N38: =SUM(N7:N37) -> 921 | O38: =SUM(O7:O37) -> 1496 | P38: =SUM(P7:P37) -> 339 | Q38: =SUM(Q7:Q37) -> 768 | R38: =SUM(R7:R34) -> 0 | S38: =SUM(S7:S37) -> 48030 | T38: =SUM(T7:T37) -> 2459 | U38: =SUM(U7:U37) -> 339 | V38: =SUM(V7:V37) -> 249 | Z38: =SUM(Z7:Z37) -> 8240 | AA38: =SUM(AA7:AA37) -> 6994.2849 | AB38: =IF(AA38=0,"0",(Z38*10/AA38)) -> 11.781047 | AC38: 10.2 | AD38: =AB38/AC38*100 -> 115.50046
B40: Gals. | D40: =D38*220 -> 985160
B41: NAWASA Cost/gal | D41: 0.01581
B43: Proxy NAWASA water Cost | D43: =+D41*D40 -> 15575.38
B44: Add basic charge | D44: 278.97
D45: =SUM(D43:D44) -> 15854.35
B47: Proxy sewage charge (2/3) | D47: =+D45*2/3 -> 10569.566
B49: Proxy MTD NAWASA cost | D49: =SUM(D47,D45) -> 26423.916

Sheet Elec.March'25
A1: DAILY ELECTRICITY CONSUMPTION FOR MARCH 2025
B4: Grenlec | C4: In -house | D4: Total Cons. (KW-HR) | E4: Total Prod.(HL) | F4: KPI. Elect (KW-H/Hl)
A5: DATE | B5: In-feed (Kwhr) | C5: Gen. (Kwhr)
A6: -
A7: 1 | B7: =IF('Entries March.''25'!I8-'Entries March.''25'!I7+'Entries March.''25'!J8-'Entries March.''25'!J7<=0,"0",'Entries March.''25'!I8-'Entries March.''25'!I7+'Entries March.''25'!J8-'Entries March.''25'!J7) -> 4482 | C7: =IF('Entries March.''25'!K8-'Entries March.''25'!K7<=0,"0",'Entries March.''25'!K8-'Entries March.''25'!K7) -> 0 | D7: =B7+C7 -> 4482 | E7: ='PROD.FIG. '!H5 -> 0 | F7: =IF(E7=0,"0",(D7/E7)) -> 0
A8: 2 | B8: =IF('Entries March.''25'!I9-'Entries March.''25'!I8+'Entries March.''25'!J9-'Entries March.''25'!J8<=0,"0",'Entries March.''25'!I9-'Entries March.''25'!I8+'Entries March.''25'!J9-'Entries March.''25'!J8) -> 4216 | C8: =IF('Entries March.''25'!K9-'Entries March.''25'!K8<=0,"0",'Entries March.''25'!K9-'Entries March.''25'!K8) -> 0 | D8: =B8+C8 -> 4216 | E8: ='PROD.FIG. '!H6 -> 0 | F8: =IF(E8=0,"0",(D8/E8)) -> 0
A9: 3 | B9: =IF('Entries March.''25'!I10-'Entries March.''25'!I9+'Entries March.''25'!J10-'Entries March.''25'!J9<=0,"0",'Entries March.''25'!I10-'Entries March.''25'!I9+'Entries March.''25'!J10-'Entries March.''25'!J9) -> 7948 | C9: =IF('Entries March.''25'!K10-'Entries March.''25'!K9<=0,"0",'Entries March.''25'!K10-'Entries March.''25'!K9) -> 0 | D9: =B9+C9 -> 7948 | E9: ='PROD.FIG. '!H7 -> 356.4 | F9: =IF(E9=0,"0",(D9/E9)) -> 22.300786
A10: 4 | B10: =IF('Entries March.''25'!I11-'Entries March.''25'!I10+'Entries March.''25'!J11-'Entries March.''25'!J10<=0,"0",'Entries March.''25'!I11-'Entries March.''25'!I10+'Entries March.''25'!J11-'Entries March.''25'!J10) -> 8547 | C10: =IF('Entries March.''25'!K11-'Entries March.''25'!K10<=0,"0",'Entries March.''25'!K11-'Entries March.''25'!K10) -> 0 | D10: =B10+C10 -> 8547 | E10: ='PROD.FIG. '!H8 -> 476.982 | F10: =IF(E10=0,"0",(D10/E10)) -> 17.918915
A11: 5 | B11: =IF('Entries March.''25'!I12-'Entries March.''25'!I11+'Entries March.''25'!J12-'Entries March.''25'!J11<=0,"0",'Entries March.''25'!I12-'Entries March.''25'!I11+'Entries March.''25'!J12-'Entries March.''25'!J11) -> 8241 | C11: =IF('Entries March.''25'!K12-'Entries March.''25'!K11<=0,"0",'Entries March.''25'!K12-'Entries March.''25'!K11) -> 0 | D11: =B11+C11 -> 8241 | E11: ='PROD.FIG. '!H9 -> 345.114 | F11: =IF(E11=0,"0",(D11/E11)) -> 23.879066
A12: 6 | B12: =IF('Entries March.''25'!I13-'Entries March.''25'!I12+'Entries March.''25'!J13-'Entries March.''25'!J12<=0,"0",'Entries March.''25'!I13-'Entries March.''25'!I12+'Entries March.''25'!J13-'Entries March.''25'!J12) -> 8066 | C12: =IF('Entries March.''25'!K13-'Entries March.''25'!K12<=0,"0",'Entries March.''25'!K13-'Entries March.''25'!K12) -> 0 | D12: =B12+C12 -> 8066 | E12: ='PROD.FIG. '!H10 -> 383.79 | F12: =IF(E12=0,"0",(D12/E12)) -> 21.016702
A13: 7 | B13: =IF('Entries March.''25'!I14-'Entries March.''25'!I13+'Entries March.''25'!J14-'Entries March.''25'!J13<=0,"0",'Entries March.''25'!I14-'Entries March.''25'!I13+'Entries March.''25'!J14-'Entries March.''25'!J13) -> 7348 | C13: =IF('Entries March.''25'!K14-'Entries March.''25'!K13<=0,"0",'Entries March.''25'!K14-'Entries March.''25'!K13) -> 0 | D13: =B13+C13 -> 7348 | E13: ='PROD.FIG. '!H11 -> 328.482 | F13: =IF(E13=0,"0",(D13/E13)) -> 22.369567
A14: 8 | B14: =IF('Entries March.''25'!I15-'Entries March.''25'!I14+'Entries March.''25'!J15-'Entries March.''25'!J14<=0,"0",'Entries March.''25'!I15-'Entries March.''25'!I14+'Entries March.''25'!J15-'Entries March.''25'!J14) -> 4624 | C14: =IF('Entries March.''25'!K15-'Entries March.''25'!K14<=0,"0",'Entries March.''25'!K15-'Entries March.''25'!K14) -> 0 | D14: =B14+C14 -> 4624 | E14: ='PROD.FIG. '!H12 -> 0 | F14: =IF(E14=0,"0",(D14/E14)) -> 0
A15: 9 | B15: =IF('Entries March.''25'!I16-'Entries March.''25'!I15+'Entries March.''25'!J16-'Entries March.''25'!J15<=0,"0",'Entries March.''25'!I16-'Entries March.''25'!I15+'Entries March.''25'!J16-'Entries March.''25'!J15) -> 4173 | C15: =IF('Entries March.''25'!K16-'Entries March.''25'!K15<=0,"0",'Entries March.''25'!K16-'Entries March.''25'!K15) -> 0 | D15: =B15+C15 -> 4173 | E15: ='PROD.FIG. '!H13 -> 0 | F15: =IF(E15=0,"0",(D15/E15)) -> 0
A16: 10 | B16: =IF('Entries March.''25'!I17-'Entries March.''25'!I16+'Entries March.''25'!J17-'Entries March.''25'!J16<=0,"0",'Entries March.''25'!I17-'Entries March.''25'!I16+'Entries March.''25'!J17-'Entries March.''25'!J16) -> 8000 | C16: =IF('Entries March.''25'!K17-'Entries March.''25'!K16<=0,"0",'Entries March.''25'!K17-'Entries March.''25'!K16) -> 0 | D16: =B16+C16 -> 8000 | E16: ='PROD.FIG. '!H14 -> 228.36 | F16: =IF(E16=0,"0",(D16/E16)) -> 35.032405
A17: 11 | B17: =IF('Entries March.''25'!I18-'Entries March.''25'!I17+'Entries March.''25'!J18-'Entries March.''25'!J17<=0,"0",'Entries March.''25'!I18-'Entries March.''25'!I17+'Entries March.''25'!J18-'Entries March.''25'!J17) -> 8338 | C17: =IF('Entries March.''25'!K18-'Entries March.''25'!K17<=0,"0",'Entries March.''25'!K18-'Entries March.''25'!K17) -> 0 | D17: =B17+C17 -> 8338 | E17: ='PROD.FIG. '!H15 -> 187.11 | F17: =IF(E17=0,"0",(D17/E17)) -> 44.562022
A18: 12 | B18: =IF('Entries March.''25'!I19-'Entries March.''25'!I18+'Entries March.''25'!J19-'Entries March.''25'!J18<=0,"0",'Entries March.''25'!I19-'Entries March.''25'!I18+'Entries March.''25'!J19-'Entries March.''25'!J18) -> 8475 | C18: =IF('Entries March.''25'!K19-'Entries March.''25'!K18<=0,"0",'Entries March.''25'!K19-'Entries March.''25'!K18) -> 0 | D18: =B18+C18 -> 8475 | E18: ='PROD.FIG. '!H16 -> 135.036 | F18: =IF(E18=0,"0",(D18/E18)) -> 62.761042
... A36: 30 | B36: =IF('Entries March.''25'!I37-'Entries March.''25'!I36+'Entries March.''25'!J37-'Entries March.''25'!J36<=0,"0",'Entries March.''25'!I37-'Entries March.''25'!I36+'Entries March.''25'!J37-'Entries March.''25'!J36) -> 4825 | C36: =IF('Entries March.''25'!K37-'Entries March.''25'!K36<=0,"0",'Entries March.''25'!K37-'Entries March.''25'!K36) -> 0 | D36: =B36+C36 -> 4825 | E36: ='PROD.FIG. '!H34 -> 0 | F36: =IF(E36=0,"0",(D36/E36)) -> 0
A37: 31 | B37: =IF('Entries March.''25'!I38-'Entries March.''25'!I37+'Entries March.''25'!J38-'Entries March.''25'!J37<=0,"0",'Entries March.''25'!I38-'Entries March.''25'!I37+'Entries March.''25'!J38-'Entries March.''25'!J37) -> 7462 | C37: =IF('Entries March.''25'!K38-'Entries March.''25'!K37<=0,"0",'Entries March.''25'!K38-'Entries March.''25'!K37) -> 0 | D37: =B37+C37 -> 7462 | E37: ='PROD.FIG. '!H35 -> 423.126 | F37: =IF(E37=0,"0",(D37/E37)) -> 17.635409 | H37: %
A38: MTD | B38: =SUM(B7:B37) -> 214318 | C38: =SUM(C7:C37) -> 1600 | D38: =SUM(D7:D37) -> 215918 | E38: =SUM(E7:E37) -> 6994.2849 | F38: =IF(E38=0,"0",(D38/E38)) -> 30.870633 | G38: 22 | H38: =F38/G38*100 -> 140.32106
G39: TARGET

Sheet PROD.FIG. 
A1: PRODUCTION FOR MARCH 2025
B3: DATE
B4: - | C4: BOTTLED (Hl) | D4: KEGS (Hl) | E4: OTHER (Filtered) | F4: Brewed | G4: Transferred | H4: TOTAL ( Hls)
A5: Saturday | B5: 1 | H5: {=IF(TRANSPOSE('Daily KPIs'!B9:AF9)=0,"0",TRANSPOSE('Daily KPIs'!B9:AF9))} -> 0
A6: Sunday | B6: 2 | H6: 0
A7: Monday | B7: 3 | H7: 356.4
A8: Tuesday | B8: 4 | H8: 476.982
A9: Wednesday | B9: 5 | H9: 345.114
A10: Thursday | B10: 6 | H10: 383.79
A11: Friday | B11: 7 | H11: 328.482
A12: Saturday | B12: 8 | H12: 0
A13: Sunday | B13: 9 | H13: 0
A14: Monday | B14: 10 | H14: 228.36
A15: Tuesday | B15: 11 | H15: 187.11
A16: Wednesday | B16: 12 | H16: 135.036
A17: Thursday | B17: 13 | H17: 360.624
A18: Friday | B18: 14 | H18: 272.448
A19: Saturday | B19: 15 | H19: 0
A20: Sunday | B20: 16 | H20: 0
A21: Monday | B21: 17 | H21: 151.734
A22: Tuesday | B22: 18 | H22: 429.726
A23: Wednesday | B23: 19 | H23: 501.402
A24: Thursday | B24: 20 | H24: 267.498
A25: Friday | B25: 21 | H25: 116.886
A26: Saturday | B26: 22 | H26: 0
A27: Sunday | B27: 23 | H27: 0
A28: Monday | B28: 24 | H28: 67.386
A29: Tuesday | B29: 25 | H29: 623.436
A30: Wednesday | B30: 26 | H30: 589.314
A31: Thursday | B31: 27 | H31: 535.854
A32: Friday | B32: 28 | H32: 181.8144
A33: Saturday | B33: 29 | H33: 31.7625
A34: Sunday | B34: 30 | H34: 0
A35: Monday | B35: 31 | H35: 423.126
G36: TOTAL | H36: =SUM(H5:H35) -> 6994.2849
C39: =SUM(C5:C36) -> 0

Sheet Daily KPIs CO2
A3: Utilities Daily Consumption
Y4: 1364
A5: 45717
B6: 1 | C6: 2 | D6: 3 | E6: 4 | F6: 5 | G6: 6 | H6: 7 | I6: 8 | J6: 9 | K6: 10 | L6: 11 | M6: 12 | N6: 13 | O6: 14 | P6: 15 | Q6: 16 | R6: 17 | S6: 18 | T6: 19 | U6: 20 | V6: 21 | W6: 22 | X6: 23 | Y6: 24 | Z6: 25 | AA6: 26 | AB6: 27 | AC6: 28 | AD6: 29 | AE6: 30 | AF6: 31 | AH6: Monthly Target
A7: Days | B7: ='Daily KPIs'!B7 -> Sat | C7: ='Daily KPIs'!C7 -> Sun | D7: ='Daily KPIs'!D7 -> Mon | E7: ='Daily KPIs'!E7 -> Tue | F7: ='Daily KPIs'!F7 -> Wed | G7: ='Daily KPIs'!G7 -> Thu | H7: ='Daily KPIs'!H7 -> Fri | I7: ='Daily KPIs'!I7 -> Sat | ... AF7: ='Daily KPIs'!AF7 -> Mon | AG7: Total | AI7: Diff.
A8: Cases Produced | C8: ='Daily KPIs'!C8 -> 0 | D8: ='Daily KPIs'!D8 -> 5400 | E8: ='Daily KPIs'!E8 -> 7227 | F8: ='Daily KPIs'!F8 -> 5229 | G8: ='Daily KPIs'!G8 -> 5815 | H8: ='Daily KPIs'!H8 -> 4977 | I8: ='Daily KPIs'!I8 -> 0 | J8: ='Daily KPIs'!J8 -> 0 | ... AC8: ='Daily KPIs'!AC8 -> 2568 | AF8: ='Daily KPIs'!AD8 -> 481.25 | AG8: =SUM($B8:AF8) -> 99376.25 | AH8: 96325 | AI8: =AG8-AH8 -> 3051.25
A9: HL produced | B9: ='Daily KPIs'!B9 -> 0 | C9: ='Daily KPIs'!C9 -> 0 | D9: ='Daily KPIs'!D9 -> 356.4 | E9: ='Daily KPIs'!E9 -> 476.982 | F9: ='Daily KPIs'!F9 -> 345.114 | G9: ='Daily KPIs'!G9 -> 383.79 | H9: ='Daily KPIs'!H9 -> 328.482 | I9: ='Daily KPIs'!I9 -> 0 | ... AC9: ='Daily KPIs'!AC9 -> 181.8144 | AF9: ='Daily KPIs'!AD9 -> 31.7625 | AG9: =SUM($B9:AF9) -> 6571.1589
A10: Product Type | B10: ='Daily KPIs'!B10 -> 0 | C10: ='Daily KPIs'!C10 -> 0 | D10: ='Daily KPIs'!D10 -> Juicy Cool | E10: ='Daily KPIs'!E10 -> ST/CB | F10: ='Daily KPIs'!F10 -> GO/GA/JCool | G10: ='Daily KPIs'!G10 -> GN/SM/ST | H10: ='Daily KPIs'!I10 -> 0 | I10: ='Daily KPIs'!J10 -> 0 | J10: ='Daily KPIs'!J10 -> 0 | K10: ='Daily KPIs'!K10 -> CB | L10: ='Daily KPIs'!L10 -> CB/ST/SM | M10: ='Daily KPIs'!M10 -> SM | N10: ='Daily KPIs'!N10 -> CB | O10: ='Daily KPIs'!O10 -> ST/CB | P10: ='Daily KPIs'!P10 -> 0 | Q10: ='Daily KPIs'!Q10 -> 0 | ... Y10: ='Daily KPIs'!Y10 -> CB | AA10: ='Daily KPIs'!AA10 -> ST/CB | AB10: ='Daily KPIs'!AB10 -> CB | AC10: ='Daily KPIs'!AC10 -> VitaMalt | AF10: ='Daily KPIs'!AD10 -> KEGS
A13: Water (m3)
A14: Area | B14: 1 | C14: 2 | D14: 3 | E14: 4 | F14: 5 | G14: 6 | H14: 7 | I14: 8 | J14: 9 | K14: 10 | L14: 11 | M14: 12 | N14: 13 | O14: 14 | P14: 15 | Q14: 16 | R14: 17 | S14: 18 | T14: 19 | U14: 20 | V14: 21 | W14: 22 | X14: 23 | Y14: 24 | Z14: 25 | AA14: 26 | AB14: 27 | AC14: 28 | AD14: 29 | AE14: 30 | AF14: 31 | AG14: MTD
A15: Well Supply (from filtered water) | B15: =+'Water '!$C7 -> 0 | C15: =+'Water '!$C8 -> 0 | D15: =+'Water '!$C9 -> 0 | E15: =+'Water '!$C10 -> 0 | F15: =+'Water '!$C11 -> 0 | G15: =+'Water '!$C12 -> 0 | H15: =+'Water '!$C13 -> 0 | I15: =+'Water '!$C14 -> 0 | J15: =+'Water '!$C15 -> 0 | K15: =+'Water '!$C16 -> 0 | L15: =+'Water '!$C17 -> 0 | M15: =+'Water '!$C18 -> 0 | N15: =+'Water '!$C18 -> 0 | O15: =+'Water '!$C20 -> 0 | P15: =+'Water '!$C21 -> 0 | Q15: =+'Water '!$C22 -> 0 | R15: =+'Water '!$C23 -> 0 | S15: =+'Water '!$C24 -> 0 | T15: =+'Water '!$C25 -> 0 | U15: =+'Water '!$C26 -> 0 | V15: =+'Water '!$C27 -> 0 | W15: =+'Water '!$C28 -> 0 | X15: =+'Water '!$C29 -> 0 | Y15: =+'Water '!$C30 -> 0 | Z15: =+'Water '!$C31 -> 0 | AA15: =+'Water '!$C32 -> 0 | AB15: =+'Water '!$C33 -> 0 | AC15: =+'Water '!$C34 -> 0 | AD15: =+'Water '!$C31 -> 0 | AE15: =+'Water '!$C32 -> 0 | AF15: =+'Water '!$C33 -> 0 | AG15: =SUM($B15:AF15) -> 0
A16: Nawasa Supply | B16: =+'Water '!$D7 -> 0 | C16: =+'Water '!$D8 -> 0 | D16: =+'Water '!$D9 -> 379 | E16: =+'Water '!$D10 -> 442 | F16: =+'Water '!$D11 -> 436 | G16: =+'Water '!$D12 -> 258 | H16: =+'Water '!$D13 -> 241 | I16: =+'Water '!$D14 -> 142 | J16: =+'Water '!$D15 -> 77 | K16: =+'Water '!$D16 -> 65 | L16: =+'Water '!$D17 -> 248 | M16: =+'Water '!$D18 -> 132 | N16: =+'Water '!$D19 -> 5 | O16: =+'Water '!$D20 -> 226 | P16: =+'Water '!$D21 -> 36 | Q16: =+'Water '!$D22 -> 2 | R16: =+'Water '!$D23 -> 105 | S16: =+'Water '!$D24 -> 252 | T16: =+'Water '!$D25 -> 375 | U16: =+'Water '!$D26 -> 63 | V16: =+'Water '!$D27 -> 36 | W16: =+'Water '!$D28 -> 0 | X16: =+'Water '!$D29 -> 0 | Y16: =+'Water '!$D30 -> 31 | Z16: =+'Water '!$D31 -> 173 | AA16: =+'Water '!$D32 -> 460 | AB16: =+'Water '!$D33 -> 52 | AC16: =+'Water '!$D34 -> 167 | AD16: =+'Water '!$D31 -> 173 | AE16: =+'Water '!$D32 -> 460 | AF16: =+'Water '!$D33 -> 52 | AG16: =SUM($B16:AF16) -> 5088
A17: Annanale Supply | B17: =+'Water '!$E7 -> 186 | C17: =+'Water '!$E8 -> 0 | D17: =+'Water '!$E9 -> 12 | E17: =+'Water '!$E10 -> 0 | F17: =+'Water '!$E11 -> 0 | G17: =+'Water '!$E12 -> 0 | H17: =+'Water '!$E13 -> 120 | I17: =+'Water '!$E14 -> 81 | J17: =+'Water '!$E15 -> 21 | K17: =+'Water '!$E16 -> 95 | L17: =+'Water '!$E17 -> 118 | M17: =+'Water '!$E18 -> 184 | N17: =+'Water '!$E19 -> 253 | O17: =+'Water '!$E20 -> 251 | P17: =+'Water '!$E21 -> 80 | Q17: =+'Water '!$E22 -> 96 | R17: =+'Water '!$E23 -> 133 | S17: =+'Water '!$E24 -> 38 | T17: =+'Water '!$E25 -> 84 | U17: =+'Water '!$E26 -> 254 | V17: =+'Water '!$E27 -> 171 | W17: =+'Water '!$E28 -> 0 | X17: =+'Water '!$E29 -> 134 | Y17: =+'Water '!$E30 -> 207 | Z17: =+'Water '!$E31 -> 123 | AA17: =+'Water '!$E32 -> 156 | AB17: =+'Water '!$E33 -> 282 | AC17: =+'Water '!$E34 -> 275 | AD17: =+'Water '!$E31 -> 123 | AE17: =+'Water '!$E32 -> 156 | AF17: =+'Water '!$E33 -> 282 | AG17: =SUM($B17:AF17) -> 3915
A18: Total Water Supply | B18: =SUM(B15:B17) -> 186 | C18: =SUM(C15:C17) -> 0 | D18: =SUM(D15:D17) -> 391 | E18: =SUM(E15:E17) -> 442 | F18: =SUM(F15:F17) -> 436 | G18: =SUM(G15:G17) -> 258 | H18: =SUM(H15:H17) -> 361 | I18: =SUM(I15:I17) -> 223 | ... AF18: =SUM(AF15:AF17) -> 334 | AG18: =SUM($B18:AF18) -> 9003
AG20: =SUM($B20:AF20) -> 0
A21: Theoretical permeate | B21: =0.73*(B96+B15) -> 143.08 | C21: =0.73*(C96+C15) -> 0 | D21: =0.73*(D96+D15) -> 8.76 | E21: =0.73*(E96+E15) -> 0.73 | F21: =0.73*(F96+F15) -> 0 | G21: =0.73*(G96+G15) -> 0 | H21: =0.73*(H96+H15) -> 94.9 | I21: =0.73*(I96+I15) -> 59.86 | ... AF21: =0.73*(AF96+AF15) -> 117.53 | AG21: =SUM($B21:AF21) -> 1833.76 | AH21: =AG24+AG37+AG28 -> 9168 | AJ21: =(AH21*10)/AG9 -> 13.951877
E22: =0.73*(E97+E16) -> 322.66
A23: Permeate Produced | B23: ='Water '!R7 -> 0 | C23: ='Water '!R8 -> 0 | D23: ='Water '!R9 -> 0 | E23: ='Water '!R10 -> 0 | F23: ='Water '!R11 -> 0 | G23: ='Water '!R12 -> 0 | H23: ='Water '!R13 -> 0 | I23: ='Water '!R14 -> 0 | J23: ='Water '!R15 -> 0 | K23: ='Water '!R16 -> 0 | L23: ='Water '!R17 -> 0 | M23: ='Water '!R18 -> 0 | N23: ='Water '!R19 -> 0 | O23: ='Water '!R20 -> 0 | P23: ='Water '!R21 -> 0 | Q23: ='Water '!R22 -> 0 | R23: ='Water '!R23 -> 0 | S23: ='Water '!R24 -> 0 | T23: ='Water '!R25 -> 0 | U23: ='Water '!R26 -> 0 | V23: ='Water '!R27 -> 0 | W23: ='Water '!R28 -> 0 | X23: ='Water '!R29 -> 0 | Y23: ='Water '!R30 -> 0 | Z23: ='Water '!R31 -> 0 | AA23: ='Water '!R32 -> 0 | AB23: ='Water '!R33 -> 0 | AC23: ='Water '!R34 -> 0 | AD23: ='Water '!V31 -> 0 | AE23: ='Water '!V32 -> 0 | AF23: ='Water '!V33 -> 4 | AG23: =SUM($B23:AF23) -> 4
A24: Service Water Plant Supply | B24: ='Water '!H7 -> 74 | C24: ='Water '!H8 -> 31 | D24: ='Water '!H9 -> 107 | E24: ='Water '!H10 -> 232 | F24: ='Water '!H11 -> 206 | G24: ='Water '!H12 -> 201 | H24: ='Water '!H13 -> 154 | I24: ='Water '!H14 -> 100 | J24: ='Water '!H15 -> 10 | K24: ='Water '!H16 -> 165 | L24: ='Water '!H17 -> 122 | M24: ='Water '!H18 -> 154 | N24: ='Water '!H19 -> 167 | O24: ='Water '!H20 -> 141 | P24: ='Water '!H21 -> 13 | Q24: ='Water '!H22 -> 110 | R24: ='Water '!H23 -> 135 | S24: ='Water '!H24 -> 167 | T24: ='Water '!H25 -> 196 | U24: ='Water '!H26 -> 188 | V24: ='Water '!H27 -> 114 | W24: ='Water '!H28 -> 0 | X24: ='Water '!H29 -> 67 | Y24: ='Water '!H30 -> 135 | Z24: ='Water '!H31 -> 276 | AA24: ='Water '!H32 -> 243 | AB24: ='Water '!H33 -> 240 | AC24: ='Water '!H34 -> 221 | AD24: ='Water '!L31 -> 0 | AE24: ='Water '!L32 -> 0 | AF24: ='Water '!L33 -> 0 | AG24: =SUM($B24:AF24) -> 3969
A25: Water consumption | B25: =SUM(B23:B24) -> 74 | C25: =SUM(C23:C24) -> 31 | D25: =SUM(D23:D24) -> 107 | E25: =SUM(E23:E24) -> 232 | F25: =SUM(F23:F24) -> 206 | G25: =SUM(G23:G24) -> 201 | H25: =SUM(H23:H24) -> 154 | I25: =SUM(I23:I24) -> 100 | ... AF25: =SUM(AF23:AF24) -> 4 | AG25: =SUM($B25:AF25) -> 3973
B26: =IF(B$9=0,"",+(B25*10)/B$9) | C26: =IF(C$9=0,"",+(C25*10)/C$9) | D26: =IF(D$9=0,"",+(D25*10)/D$9) -> 3.0022447 | E26: =IF(E$9=0,"",+(E25*10)/E$9) -> 4.8639152 | F26: =IF(F$9=0,"",+(F25*10)/F$9) -> 5.9690421 | G26: =IF(G$9=0,"",+(G25*10)/G$9) -> 5.2372391 | H26: =IF(H$9=0,"",+(H25*10)/H$9) -> 4.6882325 | I26: =IF(I$9=0,"",+(I25*10)/I$9) | ... AF26: =IF(AF$9=0,"",+(AF25*10)/AF$9) -> 1.2593467
A27: Water Consumption detail | AG27: =SUM($B27:AF27) -> 0
A28: Brewhouse / Old Pepsi Area | B28: =+'Water '!$J7 -> 1 | C28: =+'Water '!$J8 -> 0 | D28: =+'Water '!$J9 -> 187 | E28: =+'Water '!$J10 -> 212 | F28: =+'Water '!$J11 -> 173 | G28: =+'Water '!$J12 -> 193 | H28: =+'Water '!$J13 -> 216 | I28: =+'Water '!$J14 -> 71 | J28: =+'Water '!$J15 -> 0 | K28: =+'Water '!$J16 -> 191 | L28: =+'Water '!$J17 -> 148 | M28: =+'Water '!$J18 -> 191 | N28: =+'Water '!$J19 -> 248 | O28: =+'Water '!$J20 -> 158 | P28: =+'Water '!$J21 -> 0 | Q28: =+'Water '!$J22 -> 33 | R28: =+'Water '!$J23 -> 161 | S28: =+'Water '!$J24 -> 144 | T28: =+'Water '!$J25 -> 242 | U28: =+'Water '!$J26 -> 191 | V28: =+'Water '!$J27 -> 90 | W28: =+'Water '!$J28 -> 0 | X28: =+'Water '!$J29 -> 0 | Y28: =+'Water '!$J30 -> 149 | Z28: =+'Water '!$J31 -> 160 | AA28: =+'Water '!$J32 -> 266 | AB28: =+'Water '!$J33 -> 218 | AC28: =+'Water '!$J34 -> 157 | AD28: =+'Water '!$J31 -> 160 | AE28: =+'Water '!$J32 -> 266 | AF28: =+'Water '!$J33 -> 218 | AG28: =SUM($B28:AF28) -> 4444
A29: Spent Grains/Wash-down Areas | B29: ='Water '!X7 -> 0 | C29: ='Water '!X8 -> 0 | D29: ='Water '!X9 -> 0 | E29: ='Water '!X10 -> 0 | F29: ='Water '!X11 -> 0 | G29: ='Water '!X12 -> 0 | H29: ='Water '!X13 -> 0 | I29: ='Water '!X14 -> 0 | J29: ='Water '!X15 -> 0 | K29: ='Water '!X16 -> 0 | L29: ='Water '!X17 -> 0 | M29: ='Water '!X18 -> 0 | N29: ='Water '!X19 -> 0 | O29: ='Water '!X20 -> 0 | P29: ='Water '!X21 -> 0 | Q29: ='Water '!X22 -> 0 | R29: ='Water '!X23 -> 0 | S29: ='Water '!X24 -> 0 | T29: ='Water '!X25 -> 0 | U29: ='Water '!X26 -> 0 | V29: ='Water '!X27 -> 0 | W29: ='Water '!X28 -> 0 | X29: ='Water '!X29 -> 0 | Y29: ='Water '!X30 -> 0 | Z29: ='Water '!X31 -> 0 | AA29: ='Water '!X32 -> 0 | AB29: ='Water '!X33 -> 0 | AC29: ='Water '!X34 -> 0 | AD29: ='Water '!AB31 -> 4.7478811 | AE29: ='Water '!AB32 -> 10.452832 | AF29: ='Water '!AB33 -> 6.2330411 | AG29: =SUM($B29:AF29) -> 21.433754
A30: Whirlpool
A31: Filtration/Cellars | B31: =+'Water '!$K7 -> 0 | C31: =+'Water '!$K8 -> 0 | D31: =+'Water '!$K9 -> 0 | E31: =+'Water '!$K10 -> 0 | F31: =+'Water '!$K11 -> 0 | G31: =+'Water '!$K12 -> 0 | H31: =+'Water '!$K13 -> 0 | I31: =+'Water '!$K14 -> 0 | J31: =+'Water '!$K15 -> 0 | K31: =+'Water '!$K16 -> 0 | L31: =+'Water '!$K17 -> 0 | M31: =+'Water '!$K18 -> 0 | N31: =+'Water '!$K19 -> 0 | O31: =+'Water '!$K19 -> 0 | P31: =+'Water '!$K19 -> 0 | Q31: =+'Water '!$K22 -> 0 | R31: =+'Water '!$K22 -> 0 | S31: =+'Water '!$K22 -> 0 | T31: =+'Water '!$K25 -> 0 | U31: =+'Water '!$K26 -> 0 | V31: =+'Water '!$K27 -> 0 | W31: =+'Water '!$K28 -> 0 | X31: =+'Water '!$K29 -> 0 | Y31: =+'Water '!$K30 -> 0 | Z31: =+'Water '!$K31 -> 0 | AA31: =+'Water '!$K32 -> 0 | AB31: =+'Water '!$K33 -> 0 | AC31: =+'Water '!$K34 -> 0 | AD31: =+'Water '!$K31 -> 0 | AE31: =+'Water '!$K32 -> 0 | AF31: =+'Water '!$K33 -> 0 | AG31: =SUM($B31:AF31) -> 0
A32: Processing/Cellars | B32: ='Water '!L7 -> 0 | C32: ='Water '!L8 -> 0 | D32: ='Water '!L9 -> 0 | E32: ='Water '!L10 -> 0 | F32: ='Water '!L11 -> 0 | G32: ='Water '!L12 -> 0 | H32: ='Water '!L13 -> 0 | I32: ='Water '!L14 -> 0 | J32: ='Water '!L15 -> 0 | K32: ='Water '!L16 -> 0 | L32: ='Water '!L17 -> 0 | M32: ='Water '!L18 -> 0 | N32: ='Water '!L19 -> 0 | O32: ='Water '!M19 -> 0 | P32: ='Water '!N19 -> 46 | Q32: ='Water '!L22 -> 0 | R32: ='Water '!M22 -> 0 | S32: ='Water '!N22 -> 16 | T32: ='Water '!L25 -> 0 | U32: ='Water '!L26 -> 0 | V32: ='Water '!L27 -> 0 | W32: ='Water '!L28 -> 0 | X32: ='Water '!L29 -> 0 | Y32: ='Water '!L30 -> 0 | Z32: ='Water '!L31 -> 0 | AA32: ='Water '!L32 -> 0 | AB32: ='Water '!L33 -> 0 | AC32: ='Water '!L34 -> 0 | AD32: ='Water '!P31 -> 25 | AE32: ='Water '!P32 -> 23 | AF32: ='Water '!P33 -> 23 | AG32: =SUM($B32:AF32) -> 133
A33: CIP Process | B33: =+'Water '!$N7 -> 0 | C33: =+'Water '!$N8 -> 0 | D33: =+'Water '!$N9 -> 21 | E33: =+'Water '!$N10 -> 45 | F33: =+'Water '!$N11 -> 70 | G33: =+'Water '!$N12 -> 85 | H33: =+'Water '!$N13 -> 21 | I33: =+'Water '!$N14 -> 14 | J33: =+'Water '!$N15 -> 0 | K33: =+'Water '!$N16 -> 59 | L33: =+'Water '!$N17 -> 19 | M33: =+'Water '!$N18 -> 42 | N33: =+'Water '!$N19 -> 46 | O33: =+'Water '!$N19 -> 46 | P33: =+'Water '!$N19 -> 46 | Q33: =+'Water '!$N22 -> 16 | R33: =+'Water '!$N22 -> 16 | S33: =+'Water '!$N22 -> 16 | T33: =+'Water '!$N25 -> 31 | U33: =+'Water '!$N26 -> 43 | V33: =+'Water '!$N27 -> 17 | W33: =+'Water '!$N28 -> 0 | X33: =+'Water '!$N29 -> 0 | Y33: =+'Water '!$N30 -> 31 | Z33: =+'Water '!$N31 -> 45 | AA33: =+'Water '!$N32 -> 44 | AB33: =+'Water '!$N33 -> 37 | AC33: =+'Water '!$N34 -> 81 | AD33: =+'Water '!$N31 -> 45 | AE33: =+'Water '!$N32 -> 44 | AF33: =+'Water '!$N33 -> 37 | AG33: =SUM($B33:AF33) -> 1017 | AJ33: =34294/2.2 -> 15588.182
A34: Bottles Washer | B34: =+'Water '!$O7 -> 36 | C34: =+'Water '!$O8 -> 0 | D34: =+'Water '!$O9 -> 63 | E34: =+'Water '!$O10 -> 83 | F34: =+'Water '!$O11 -> 60 | G34: =+'Water '!$O12 -> 58 | H34: =+'Water '!$O13 -> 48 | I34: =+'Water '!$O14 -> 25 | J34: =+'Water '!$O15 -> 0 | K34: =+'Water '!$O16 -> 39 | L34: =+'Water '!$O17 -> 35 | M34: =+'Water '!$O18 -> 41 | N34: =+'Water '!$O19 -> 59 | O34: =+'Water '!$O19 -> 59 | P34: =+'Water '!$O19 -> 59 | Q34: =+'Water '!$O19 -> 59 | R34: =+'Water '!$O19 -> 59 | S34: =+'Water '!$O19 -> 59 | T34: =+'Water '!$O25 -> 73 | U34: =+'Water '!$O26 -> 76 | V34: =+'Water '!$O27 -> 38 | W34: =+'Water '!$O28 -> 0 | X34: =+'Water '!$O29 -> 33 | Y34: =+'Water '!$O30 -> 60 | Z34: =+'Water '!$O31 -> 143 | AA34: =+'Water '!$O32 -> 108 | AB34: =+'Water '!$O33 -> 95 | AC34: =+'Water '!$O34 -> 61 | AD34: =+'Water '!$O31 -> 143 | AE34: =+'Water '!$O32 -> 108 | AF34: =+'Water '!$O33 -> 95 | AG34: =SUM($B34:AF34) -> 1875
A35: Bottle Filler | B35: =IF('Entries March.''25'!AC8-'Entries March.''25'!AC7<1,0,'Entries March.''25'!AC8-'Entries March.''25'!AC7) -> 0 | C35: =IF('Entries March.''25'!AC9-'Entries March.''25'!AC8<1,0,'Entries March.''25'!AC9-'Entries March.''25'!AC8) -> 0 | D35: =IF('Entries March.''25'!AC10-'Entries March.''25'!AC9<1,0,'Entries March.''25'!AC10-'Entries March.''25'!AC9) -> 2 | E35: =IF('Entries March.''25'!AC11-'Entries March.''25'!AC10<1,0,'Entries March.''25'!AC11-'Entries March.''25'!AC10) -> 22 | F35: =IF('Entries March.''25'!AC12-'Entries March.''25'!AC11<1,0,'Entries March.''25'!AC12-'Entries March.''25'!AC11) -> 15 | G35: =IF('Entries March.''25'!AC13-'Entries March.''25'!AC12<1,0,'Entries March.''25'!AC13-'Entries March.''25'!AC12) -> 23 | H35: =IF('Entries March.''25'!AC14-'Entries March.''25'!AC13<1,0,'Entries March.''25'!AC14-'Entries March.''25'!AC13) -> 13 | I35: =IF('Entries March.''25'!AC15-'Entries March.''25'!AC14<1,0,'Entries March.''25'!AC15-'Entries March.''25'!AC14) -> 0 | J35: =IF('Entries March.''25'!AC16-'Entries March.''25'!AC15<1,0,'Entries March.''25'!AC16-'Entries March.''25'!AC15) -> 0 | K35: =IF('Entries March.''25'!AC17-'Entries March.''25'!AC16<1,0,'Entries March.''25'!AC17-'Entries March.''25'!AC16) -> 14 | L35: =IF('Entries March.''25'!AC18-'Entries March.''25'!AC17<1,0,'Entries March.''25'!AC18-'Entries March.''25'!AC17) -> 14 | M35: =IF('Entries March.''25'!AC19-'Entries March.''25'!AC18<1,0,'Entries March.''25'!AC19-'Entries March.''25'!AC18) -> 8 | N35: =IF('Entries March.''25'!AC20-'Entries March.''25'!AC19<1,0,'Entries March.''25'!AC20-'Entries March.''25'!AC19) -> 14 | O35: =IF('Entries March.''25'!AC21-'Entries March.''25'!AC20<1,0,'Entries March.''25'!AC21-'Entries March.''25'!AC20) -> 11 | P35: =IF('Entries March.''25'!AC22-'Entries March.''25'!AC21<1,0,'Entries March.''25'!AC22-'Entries March.''25'!AC21) -> 0 | Q35: =IF('Entries March.''25'!AC23-'Entries March.''25'!AC22<1,0,'Entries March.''25'!AC23-'Entries March.''25'!AC22) -> 0 | R35: =IF('Entries March.''25'!AC24-'Entries March.''25'!AC23<1,0,'Entries March.''25'!AC24-'Entries March.''25'!AC23) -> 21 | S35: =IF('Entries March.''25'!AC25-'Entries March.''25'!AC24<1,0,'Entries March.''25'!AC25-'Entries March.''25'!AC24) -> 19 | T35: =IF('Entries March.''25'!AC26-'Entries March.''25'!AC25<1,0,'Entries March.''25'!AC26-'Entries March.''25'!AC25) -> 24 | U35: =IF('Entries March.''25'!AC27-'Entries March.''25'!AC26<1,0,'Entries March.''25'!AC27-'Entries March.''25'!AC26) -> 23 | V35: =IF('Entries March.''25'!AC28-'Entries March.''25'!AC27<1,0,'Entries March.''25'!AC28-'Entries March.''25'!AC27) -> 5 | W35: =IF('Entries March.''25'!$AC29-'Entries March.''25'!$AC28<1,0,'Entries March.''25'!$AC29-'Entries March.''25'!$AC28) -> 0 | X35: =IF('Entries March.''25'!$AC30-'Entries March.''25'!$AC29<1,0,'Entries March.''25'!$AC30-'Entries March.''25'!$AC29) -> 0 | Y35: =IF('Entries March.''25'!$AC31-'Entries March.''25'!$AC30<1,0,'Entries March.''25'!$AC31-'Entries March.''25'!$AC30) -> 8 | Z35: =IF('Entries March.''25'!$AC32-'Entries March.''25'!$AC31<1,0,'Entries March.''25'!$AC32-'Entries March.''25'!$AC31) -> 25 | AA35: =IF('Entries March.''25'!$AC33-'Entries March.''25'!$AC32<1,0,'Entries March.''25'!$AC33-'Entries March.''25'!$AC32) -> 23 | AB35: =IF('Entries March.''25'!$AC34-'Entries March.''25'!$AC33<1,0,'Entries March.''25'!$AC34-'Entries March.''25'!$AC33) -> 23 | AC35: =IF('Entries March.''25'!$AC35-'Entries March.''25'!$AC34<1,0,'Entries March.''25'!$AC35-'Entries March.''25'!$AC34) -> 10 | AD35: =IF('Entries March.''25'!$AC32-'Entries March.''25'!$AC31<1,0,'Entries March.''25'!$AC32-'Entries March.''25'!$AC31) -> 25 | AE35: =IF('Entries March.''25'!$AC33-'Entries March.''25'!$AC32<1,0,'Entries March.''25'!$AC33-'Entries March.''25'!$AC32) -> 23 | AF35: =IF('Entries March.''25'!$AC34-'Entries March.''25'!$AC33<1,0,'Entries March.''25'!$AC34-'Entries March.''25'!$AC33) -> 23 | AG35: =SUM($B35:AF35) -> 388
A36: Pasteuriser | B36: =+'Water '!$M7 -> 0 | C36: =+'Water '!$M8 -> 0 | D36: =+'Water '!$M9 -> 0 | E36: =+'Water '!$M10 -> 8 | F36: =+'Water '!$M11 -> 0 | G36: =+'Water '!$M12 -> 0 | H36: =+'Water '!$M13 -> 0 | I36: =+'Water '!$M14 -> 0 | J36: =+'Water '!$M15 -> 0 | K36: =+'Water '!$M16 -> 22 | L36: =+'Water '!$M17 -> 3 | M36: =+'Water '!$M18 -> 3 | N36: =+'Water '!$M19 -> 0 | O36: =+'Water '!$M20 -> 0 | P36: =+'Water '!$M21 -> 0 | Q36: =+'Water '!$M22 -> 0 | R36: =+'Water '!$M23 -> 5 | S36: =+'Water '!$M24 -> 0 | T36: =+'Water '!$M25 -> 0 | U36: =+'Water '!$M26 -> 0 | V36: =+'Water '!$M27 -> 0 | W36: =+'Water '!$M28 -> 0 | X36: =+'Water '!$M29 -> 0 | Y36: =+'Water '!$M30 -> 0 | Z36: =+'Water '!$M31 -> 0 | AA36: =+'Water '!$M32 -> 0 | AB36: =+'Water '!$M33 -> 1 | AC36: =+'Water '!$M34 -> 0 | AD36: =+'Water '!$M31 -> 0 | AE36: =+'Water '!$M32 -> 0 | AF36: =+'Water '!$M33 -> 1 | AG36: =SUM($B36:AF36) -> 43
A37: Boiler Supply | B37: =+'Water '!$Q7 -> 6 | C37: =+'Water '!$Q8 -> 0 | D37: =+'Water '!$Q9 -> 9 | E37: =+'Water '!$Q10 -> 18 | F37: =+'Water '!$Q11 -> 15 | G37: =+'Water '!$Q12 -> 18 | H37: =+'Water '!$Q13 -> 0 | I37: =+'Water '!$Q14 -> 15 | J37: =+'Water '!$Q15 -> 1 | K37: =+'Water '!$Q16 -> 26 | L37: =+'Water '!$Q17 -> 36 | M37: =+'Water '!$Q18 -> 38 | N37: =+'Water '!$Q19 -> 60 | O37: =+'Water '!$Q19 -> 60 | P37: =+'Water '!$Q21 -> 3 | Q37: =+'Water '!$Q22 -> 7 | R37: =+'Water '!$Q22 -> 7 | S37: =+'Water '!$Q24 -> 13 | T37: =+'Water '!$Q25 -> 32 | U37: =+'Water '!$Q26 -> 30 | V37: =+'Water '!$Q27 -> 9 | W37: =+'Water '!$Q28 -> 11 | X37: =+'Water '!$Q29 -> 0 | Y37: =+'Water '!$Q30 -> 43 | Z37: =+'Water '!$Q31 -> 35 | AA37: =+'Water '!$Q32 -> 45 | AB37: =+'Water '!$Q33 -> 47 | AC37: =+'Water '!$Q34 -> 44 | AD37: =+'Water '!$Q31 -> 35 | AE37: =+'Water '!$Q32 -> 45 | AF37: =+'Water '!$Q33 -> 47 | AG37: =SUM($B37:AF37) -> 755
A38: Backwash Supply | AG38: =SUM($B38:AF38) -> 0
A39: Refrigeration Unit | B39: ='Water '!Y7 -> 0 | C39: ='Water '!Y8 -> 0 | D39: ='Water '!Y9 -> 0 | E39: ='Water '!Y10 -> 0 | F39: ='Water '!Y11 -> 0 | G39: ='Water '!Y12 -> 0 | H39: ='Water '!Y13 -> 0 | I39: ='Water '!Y14 -> 0 | J39: ='Water '!Y15 -> 0 | K39: ='Water '!Y16 -> 0 | L39: ='Water '!Y17 -> 0 | M39: ='Water '!Y18 -> 0 | N39: ='Water '!Y19 -> 0 | O39: ='Water '!Y20 -> 0 | P39: ='Water '!Y21 -> 0 | Q39: ='Water '!Y22 -> 0 | R39: ='Water '!Y23 -> 0 | S39: ='Water '!Y24 -> 0 | T39: ='Water '!Y25 -> 0 | U39: ='Water '!Y26 -> 0 | V39: ='Water '!Y27 -> 0 | W39: ='Water '!Y28 -> 0 | X39: ='Water '!Y29 -> 0 | Y39: ='Water '!Y30 -> 0 | Z39: ='Water '!Y31 -> 0 | AA39: ='Water '!Y32 -> 0 | AB39: ='Water '!Y33 -> 0 | AC39: ='Water '!Y34 -> 0 | AD39: ='Water '!AC31 -> 0 | AE39: ='Water '!AC32 -> 0 | AF39: ='Water '!AC33 -> 0 | AG39: =SUM($B39:AF39) -> 0
A40: CO2 Scrubber | B40: ='Water '!I7 -> 0 | C40: ='Water '!I8 -> 0 | D40: ='Water '!I9 -> 0 | E40: ='Water '!I10 -> 0 | F40: ='Water '!I11 -> 0 | G40: ='Water '!I12 -> 0 | H40: ='Water '!I13 -> 0 | I40: ='Water '!I14 -> 0 | J40: ='Water '!I15 -> 0 | K40: ='Water '!I16 -> 0 | L40: ='Water '!J16 -> 191 | M40: ='Water '!K16 -> 0 | N40: ='Water '!I19 -> 0 | O40: ='Water '!I20 -> 0 | P40: ='Water '!I21 -> 0 | Q40: ='Water '!I22 -> 0 | R40: ='Water '!I23 -> 0 | S40: ='Water '!I24 -> 0 | T40: ='Water '!I25 -> 0 | U40: ='Water '!I26 -> 0 | V40: ='Water '!I27 -> 0 | W40: ='Water '!I28 -> 0 | X40: ='Water '!I29 -> 0 | Y40: ='Water '!I30 -> 0 | Z40: ='Water '!I31 -> 0 | AA40: ='Water '!I32 -> 0 | AB40: ='Water '!I33 -> 0 | AC40: ='Water '!I34 -> 0 | AD40: ='Water '!M31 -> 0 | AE40: ='Water '!M32 -> 0 | AF40: ='Water '!M33 -> 1 | AG40: =SUM($B40:AF40) -> 192
A41: Personnel Consumption
A42: Total water consumption (M3) | B42: =SUM(B28:B41) -> 43 | C42: =SUM(C28:C41) -> 0 | D42: =SUM(D28:D41) -> 282 | E42: =SUM(E28:E41) -> 388 | F42: =SUM(F28:F41) -> 333 | G42: =SUM(G28:G41) -> 377 | H42: =SUM(H28:H41) -> 298 | I42: =SUM(I28:I41) -> 125 | ... AF42: =SUM(AF28:AF41) -> 451.23304 | AG42: =SUM($B42:AF42) -> 8868.4338
A45: CO2 (kg.) (Tank Gauges)
A47: CO2 (kg.) (Ex. Vap'r) | B47: =IF('Entries March.''25'!M8-'Entries March.''25'!M7<1,0,'Entries March.''25'!M8-'Entries March.''25'!M7) -> 0 | C47: =IF('Entries March.''25'!M9-'Entries March.''25'!M8<1,0,'Entries March.''25'!M9-'Entries March.''25'!M8) -> 0 | D47: =IF('Entries March.''25'!M10-'Entries March.''25'!M9<1,0,'Entries March.''25'!M10-'Entries March.''25'!M9) -> 0 | E47: =IF('Entries March.''25'!M11-'Entries March.''25'!M10<1,0,'Entries March.''25'!M11-'Entries March.''25'!M10) -> 0 | F47: =IF('Entries March.''25'!M12-'Entries March.''25'!M11<1,0,'Entries March.''25'!M12-'Entries March.''25'!M11) -> 0 | G47: =IF('Entries March.''25'!M13-'Entries March.''25'!M12<1,0,'Entries March.''25'!M13-'Entries March.''25'!M12) -> 0 | H47: =IF('Entries March.''25'!M14-'Entries March.''25'!M13<1,0,'Entries March.''25'!M14-'Entries March.''25'!M13) -> 0 | I47: =IF('Entries March.''25'!M15-'Entries March.''25'!M14<1,0,'Entries March.''25'!M15-'Entries March.''25'!M14) -> 0 | J47: =IF('Entries March.''25'!M16-'Entries March.''25'!M15<1,0,'Entries March.''25'!M16-'Entries March.''25'!M15) -> 0 | K47: =IF('Entries March.''25'!M17-'Entries March.''25'!M16<1,0,'Entries March.''25'!M17-'Entries March.''25'!M16) -> 0 | L47: =IF('Entries March.''25'!M18-'Entries March.''25'!M17<1,0,'Entries March.''25'!M18-'Entries March.''25'!M17) -> 0 | M47: =IF('Entries March.''25'!M19-'Entries March.''25'!M18<1,0,'Entries March.''25'!M19-'Entries March.''25'!M18) -> 0 | N47: =IF('Entries March.''25'!M20-'Entries March.''25'!M19<1,0,'Entries March.''25'!M20-'Entries March.''25'!M19) -> 0 | O47: =IF('Entries March.''25'!M21-'Entries March.''25'!M20<1,0,'Entries March.''25'!M21-'Entries March.''25'!M20) -> 0 | P47: =IF('Entries March.''25'!M22-'Entries March.''25'!M21<1,0,'Entries March.''25'!M22-'Entries March.''25'!M21) -> 0 | Q47: =IF('Entries March.''25'!M23-'Entries March.''25'!M22<1,0,'Entries March.''25'!M23-'Entries March.''25'!M22) -> 0 | R47: =IF('Entries March.''25'!M24-'Entries March.''25'!M23<1,0,'Entries March.''25'!M24-'Entries March.''25'!M23) -> 0 | S47: =IF('Entries March.''25'!N24-'Entries March.''25'!N23<1,0,'Entries March.''25'!N24-'Entries March.''25'!N23) -> 26.89 | T47: =IF('Entries March.''25'!O24-'Entries March.''25'!O23<1,0,'Entries March.''25'!O24-'Entries March.''25'!O23) -> 105 | U47: =IF('Entries March.''25'!P24-'Entries March.''25'!P23<1,0,'Entries March.''25'!P24-'Entries March.''25'!P23) -> 133 | V47: =IF('Entries March.''25'!O25-'Entries March.''25'!O24<1,0,'Entries March.''25'!O25-'Entries March.''25'!O24) -> 252 | W47: =IF('Entries March.''25'!P25-'Entries March.''25'!P24<1,0,'Entries March.''25'!P25-'Entries March.''25'!P24) -> 38 | X47: =IF('Entries March.''25'!Q25-'Entries March.''25'!Q24<1,0,'Entries March.''25'!Q25-'Entries March.''25'!Q24) -> 167 | Y47: =IF('Entries March.''25'!R25-'Entries March.''25'!R24<1,0,'Entries March.''25'!R25-'Entries March.''25'!R24) -> 0 | Z47: =IF('Entries March.''25'!S25-'Entries March.''25'!S24<1,0,'Entries March.''25'!S25-'Entries March.''25'!S24) -> 144 | AA47: =IF('Entries March.''25'!T25-'Entries March.''25'!T24<1,0,'Entries March.''25'!T25-'Entries March.''25'!T24) -> 0 | AB47: =IF('Entries March.''25'!U25-'Entries March.''25'!U24<1,0,'Entries March.''25'!U25-'Entries March.''25'!U24) -> 0 | AC47: =IF('Entries March.''25'!V25-'Entries March.''25'!V24<1,0,'Entries March.''25'!V25-'Entries March.''25'!V24) -> 30 | ... AF47: =IF('Entries March.''25'!Y25-'Entries March.''25'!Y24<1,0,'Entries March.''25'!Y25-'Entries March.''25'!Y24) -> 61 | AG47: =SUM($B47:AF47) -> 987.89
A49: CO2 (kg.) (Filler) | B49: ='Daily KPIs'!B76 -> 0 | C49: ='Daily KPIs'!C76 -> 0 | D49: ='Daily KPIs'!D76 -> 0 | E49: ='Daily KPIs'!E76 -> 141.87 | F49: ='Daily KPIs'!F76 -> 28.96 | G49: ='Daily KPIs'!G76 -> 35.05 | H49: ='Daily KPIs'!H76 -> 37.67 | I49: ='Daily KPIs'!I76 -> 4.96 | ... AF49: ='Daily KPIs'!AF76 -> 42.06 | AG49: =SUM($B49:AF49) -> 733.52
A52: Electricity (Kwh.) | B52: ='Elec.March''25'!$B$7 -> 4482 | C52: ='Elec.March''25'!$B$8 -> 4216 | D52: ='Elec.March''25'!$B$9 -> 7948 | E52: ='Elec.March''25'!$B$10 -> 8547 | F52: ='Elec.March''25'!$B$11 -> 8241 | G52: ='Elec.March''25'!$B$12 -> 8066 | H52: ='Elec.March''25'!$B$13 -> 7348 | I52: ='Elec.March''25'!$B$14 -> 4624 | J52: ='Elec.March''25'!$B$15 -> 4173 | K52: ='Elec.March''25'!$B$16 -> 8000 | L52: ='Elec.March''25'!$B$17 -> 8338 | M52: ='Elec.March''25'!$B$18 -> 8475 | N52: ='Elec.March''25'!$B$19 -> 7841 | O52: ='Elec.March''25'!$B$20 -> 7679 | P52: ='Elec.March''25'!$B$21 -> 4867 | Q52: ='Elec.March''25'!$B$22 -> 5536 | R52: ='Elec.March''25'!$B$23 -> 8321 | S52: ='Elec.March''25'!$B$24 -> 7150 | T52: ='Elec.March''25'!$B$24 -> 7150 | U52: ='Elec.March''25'!$B$24 -> 7150 | V52: ='Elec.March''25'!$B$24 -> 7150 | W52: ='Elec.March''25'!$B$24 -> 7150 | X52: ='Elec.March''25'!$B$24 -> 7150 | Y52: ='Elec.March''25'!$B$24 -> 7150 | Z52: ='Elec.March''25'!$B$24 -> 7150 | ... AF52: ='Elec.March''25'!$B$24 -> 7150 | AG52: =SUM(B52:AC52) -> 195352
A54: Fuel (L) | B54: =+'Fuel '!$K7 -> 410 | C54: =+'Fuel '!$K8 -> 540 | D54: =+'Fuel '!$K9 -> 2480 | E54: =+'Fuel '!$K10 -> 3270 | F54: =+'Fuel '!$K11 -> 3040 | G54: =+'Fuel '!$K12 -> 2720 | H54: =+'Fuel '!$K13 -> 2380 | I54: =+'Fuel '!$K14 -> 1000 | J54: =+'Fuel '!$K15 -> 100 | K54: =+'Fuel '!$K16 -> 3100 | L54: =+'Fuel '!$K17 -> 3040 | M54: =+'Fuel '!$K18 -> 2800 | N54: =+'Fuel '!$K19 -> 3010 | O54: =+'Fuel '!$K20 -> 2410 | P54: =+'Fuel '!$K21 -> 0 | Q54: =+'Fuel '!$K22 -> 1320 | R54: =+'Fuel '!$K23 -> 2510 | S54: =+'Fuel '!$K24 -> 2490 | T54: =+'Fuel '!$K24 -> 2490 | U54: =+'Fuel '!$K24 -> 2490 | V54: =+'Fuel '!$K24 -> 2490 | W54: =+'Fuel '!$K24 -> 2490 | X54: =+'Fuel '!$K24 -> 2490 | Y54: =+'Fuel '!$K24 -> 2490 | Z54: =+'Fuel '!$K24 -> 2490 | ... AF54: =+'Fuel '!$K24 -> 2490 | AG54: =SUM($B54:AF54) -> 68990
A57: Water (m3)
A58: Area | B58: 1 | C58: 2 | D58: 3 | E58: 4 | F58: 5 | G58: 6 | H58: 7 | I58: 8 | J58: 9 | K58: 10 | L58: 11 | M58: 12 | N58: 13 | O58: 14 | P58: 15 | Q58: 16 | R58: 17 | S58: 18 | T58: 19 | U58: 20 | V58: 21 | W58: 22 | X58: 9 | Y58: 24 | Z58: 25 | AA58: 26 | AB58: 27 | AC58: 28 | AD58: 29 | AE58: 30 | AF58: 31 | AG58: MTD | AH58: Target | AI58: Diff
A59: Total water consumption | B59: =IF(B$9=0,"",+(B18*10)/B$9) | C59: =IF(C$9=0,"",+(C18*10)/C$9) | D59: =IF(D$9=0,"",+(D18*10)/D$9) -> 10.970819 | E59: =IF(E$9=0,"",+(E18*10)/E$9) -> 9.2665971 | F59: =IF(F$9=0,"",+(F18*10)/F$9) -> 12.633507 | G59: =IF(G$9=0,"",+(G18*10)/G$9) -> 6.7224263 | H59: =IF(H$9=0,"",+(H18*10)/H$9) -> 10.989948 | I59: =IF(I$9=0,"",+(I18*10)/I$9) | ... AG59: =IF(AG$9=0,"",+(AG18*10)/AG$9) -> 13.70078 | AH59: ='Daily KPIs'!AI88 -> 10.2 | AI59: =+AH59-AG59 -> -3.5007796
A61: Consumption detail | AG61: MTD | AH61: Target | AI61: Diff
A62: Brewhouse / Old Pepsi Area | B62: =IF(B$9=0,"",+(B28*10)/B$9) | C62: =IF(C$9=0,"",+(C28*10)/C$9) | D62: =IF(D$9=0,"",+(D28*10)/D$9) -> 5.2469136 | E62: =IF(E$9=0,"",+(E28*10)/E$9) -> 4.4446122 | F62: =IF(F$9=0,"",+(F28*10)/F$9) -> 5.0128363 | G62: =IF(G$9=0,"",+(G28*10)/G$9) -> 5.0287918 | H62: =IF(H$9=0,"",+(H28*10)/H$9) -> 6.5757028 | I62: =IF(I$9=0,"",+(I28*10)/I$9) | ... AF62: =IF(AF$9=0,"",+(AF28*10)/AF$9) -> 68.634396 | AG62: =IF(+(AG28*10)/AG$9<1,0,+(AG28*10)/AG$9) -> 6.7628862 | AH62: 2.5 | AI62: =AH62-AG62 -> -4.2628862
A63: Brewhouse (Hls brewed) | B63: =IF(B$93=0,"",+(B28*10)/B$93) | C63: =IF(C$93=0,"",+(C28*10)/C$93) | D63: =IF(D$93=0,"",+(D28*10)/D$93) -> 4.5810877 | E63: =IF(E$93=0,"",+(E28*10)/E$93) -> 4.9964648 | F63: =IF(F$93=0,"",+(F28*10)/F$93) -> 3.6124452 | G63: =IF(G$93=0,"",+(G28*10)/G$93) -> 5.1784277 | H63: =IF(H$93=0,"",+(H28*10)/H$93) -> 8.5139929 | I63: =IF(I$93=0,"",+(I28*10)/I$93) -> 7.0717131 | ... AF63: =IF(AF$93=0,"",+(AF28*10)/AF$93) | AG63: =IF(+(AG28*10)/AG$93<1,0,+(AG28*10)/AG$93) -> 6.4859816 | AH63: 2.5 | AI63: =AH63-AG63 -> -3.9859816
A64: Spent Grains/Wash-down Areas | B64: =IF(B$9=0,"",+(B29*10)/B$9) | C64: =IF(C$9=0,"",+(C29*10)/C$9) | D64: =IF(D$9=0,"",+(D29*10)/D$9) -> 0 | E64: =IF(E$9=0,"",+(E29*10)/E$9) -> 0 | F64: =IF(F$9=0,"",+(F29*10)/F$9) -> 0 | G64: =IF(G$9=0,"",+(G29*10)/G$9) -> 0 | H64: =IF(H$9=0,"",+(H29*10)/H$9) -> 0 | I64: =IF(I$9=0,"",+(I29*10)/I$9) | ... AF64: =IF(AF$9=0,"",+(AF29*10)/AF$9) -> 1.96239 | AG64: =+(AG29*10)/AG$9 -> 0.03261792 | AH64: 0.1 | AI64: =AH64-AG64 -> 0.06738208
A65: Whirlpool | AH65: 0.1 | AI65: =AH65-AG65 -> 0.1
A66: Filtration/Cellars | B66: =IF(B$9=0,"",+(B31*10)/B$9) | C66: =IF(C$9=0,"",+(C31*10)/C$9) | D66: =IF(D$9=0,"",+(D31*10)/D$9) -> 0 | E66: =IF(E$9=0,"",+(E31*10)/E$9) -> 0 | F66: =IF(F$9=0,"",+(F31*10)/F$9) -> 0 | G66: =IF(G$9=0,"",+(G31*10)/G$9) -> 0 | H66: =IF(H$9=0,"",+(H31*10)/H$9) -> 0 | I66: =IF(I$9=0,"",+(I31*10)/I$9) | ... V66: =IF(V$9=0,"",+(V31*10)/V$9) -> 0 | AG66: =+(AG31*10)/AG$9 -> 0 | AH66: 0.7 | AI66: =AH66-AG66 -> 0.7
A67: Processing/Cellars | B67: =IF(B$9=0,"",+(B32*10)/B$9) | C67: =IF(C$9=0,"",+(C32*10)/C$9) | D67: =IF(D$9=0,"",+(D32*10)/D$9) -> 0 | E67: =IF(E$9=0,"",+(E32*10)/E$9) -> 0 | F67: =IF(F$9=0,"",+(F32*10)/F$9) -> 0 | G67: =IF(G$9=0,"",+(G32*10)/G$9) -> 0 | H67: =IF(H$9=0,"",+(H32*10)/H$9) -> 0 | I67: =IF(I$9=0,"",+(I32*10)/I$9) | ... AF67: =IF(AF$9=0,"",+(AF32*10)/AF$9) -> 7.2412436 | AG67: =+(AG32*10)/AG$9 -> 0.20239961 | AH67: 1 | AI67: =AH67-AG67 -> 0.79760039
A68: CIP Process | B68: =IF(B$9=0,"",+(B33*10)/B$9) | C68: =IF(C$9=0,"",+(C33*10)/C$9) | D68: =IF(D$9=0,"",+(D33*10)/D$9) -> 0.58922559 | E68: =IF(E$9=0,"",+(E33*10)/E$9) -> 0.94343183 | F68: =IF(F$9=0,"",+(F33*10)/F$9) -> 2.0283153 | G68: =IF(G$9=0,"",+(G33*10)/G$9) -> 2.2147529 | H68: =IF(H$9=0,"",+(H33*10)/H$9) -> 0.63930444 | I68: =IF(I$9=0,"",+(I33*10)/I$9) | ... AF68: =IF(AF$9=0,"",+(AF33*10)/AF$9) -> 11.648957 | AG68: =+(AG33*10)/AG$9 -> 1.5476722 | AH68: 0.7 | AI68: =AH68-AG68 -> -0.84767221
A69: Bottles Washer | B69: =IF(B$9=0,"",+(B34*10)/B$9) | C69: =IF(C$9=0,"",+(C34*10)/C$9) | D69: =IF(D$9=0,"",+(D34*10)/D$9) -> 1.7676768 | E69: =IF(E$9=0,"",+(E34*10)/E$9) -> 1.7401076 | F69: =IF(F$9=0,"",+(F34*10)/F$9) -> 1.738556 | G69: =IF(G$9=0,"",+(G34*10)/G$9) -> 1.5112431 | H69: =IF(H$9=0,"",+(H34*10)/H$9) -> 1.4612673 | I69: =IF(I$9=0,"",+(I34*10)/I$9) | ... AF69: =IF(AF$9=0,"",+(AF34*10)/AF$9) -> 29.909484 | AG69: =+(AG34*10)/AG$9 -> 2.853378 | AH69: 2.6 | AI69: =AH69-AG69 -> -0.25337796
A70: Bottle Washer | B70: =IF(B$86=0,"",+(B34*10)/B$86) | C70: =IF(C$86=0,"",+(C34*10)/C$86) | D70: =IF(D$86=0,"",+(D34*10)/D$86) | E70: =IF(E$86=0,"",+(E34*10)/E$86) | F70: =IF(F$86=0,"",+(F34*10)/F$86) | G70: =IF(G$86=0,"",+(G34*10)/G$86) | H70: =IF(H$86=0,"",+(H34*10)/H$86) | I70: =IF(I$86=0,"",+(I34*10)/I$86) | ... AF70: =IF(AF$86=0,"",+(AF34*10)/AF$86) | AH70: 2.6 | AI70: =AH70-AG70 -> 2.6
