Workbook
Name ProductList: [1]November15!$R$3:$R$9
Name ProductList: [2]November15!$R$3:$R$9

Sheet Dec 18th
T1: P.G. | V1: Hot Time | X1: Process Time | Z1: Cooling Time
B2: Brewing Department Daily Process Loss Report | T2: Lower | U2: Upper | V2: Lower | W2: Upper | X2: Lower | Y2: Upper | Z2: Lower | AA2: Upper
S3: CARIB | T3: 11.6 | U3: 12 | V3: 0 | W3: 0.11805556 | X3: 0.17361111 | Y3: 0.21180556 | Z3: 0 | AA3: 60 | AC3: HR- PISNER
B4: Date: | C4: 45278 | J4: LOT WORT COLOUR: 3.4 | M4: Filter Sheets (Target 20 days) | S4: STAG | T4: 11.6 | U4: 12 | V4: 0 | W4: 0.11805556 | X4: 0.17361111 | Y4: 0.21180556 | Z4: 0 | AA4: 60
M5: Double | N5: Single | S5: GUINNESS | T5: 17 | U5: 17.5 | V5: 0 | W5: 0.10763889 | X5: 0.19444444 | Y5: 0.23263889 | Z5: 0 | AA5: 60
J6: MALT LOT: Lot 8 | L6: Sheet Day | S6: MACKESON | T6: 13.3 | U6: 13.5 | V6: 0 | W6: 0.12905093 | X6: 0.22222222 | Y6: 0.25347222 | Z6: 0
S7: STARMALT | T7: 17.1 | U7: 17.5 | V7: 0 | W7: 0.13605324 | X7: 0.20833333 | Y7: 0.24305556 | Z7: 0 | AA7: 60
B8: Brand | C8: Brew no. | D8: Kett. Hls | E8: Wort | F8: Cool Time(Mins) | G8: Cast. P.G. (Lab Result) | H8: Cast P.G. (Cellar Operator)-gravity | I8: Extr. Rec (79.1%) | J8: Theor. Extr. (77.5%) | K8: Boil Off /Vol. (4-6%) | L8: Boil Time | M8: Total Hot | N8: Brewing | P8: Comments | Q8: Actual Pilsen Malt | S8: Hurricane Reef | T8: 16.6 | U8: 17 | V8: 0 | W8: 0.12905093 | X8: 0.22222222 | Y8: 0.25347222 | Z8: 0
E9: Meter (Hls) | F9: Target(< 60Mins) | M9: Time | S9: VITAMALT | T9: 14.4 | U9: 14.6 | V9: 0 | W9: 0.13905093 | X9: 0.19097222 | Y9: 0.22569444 | Z9: 0 | AA9: 75
S10: =B10 -> 0 | T10: =VLOOKUP($B10,$S$3:$Y$9,2,FALSE) -> #N/A | U10: =VLOOKUP($B10,$S$3:$Y$9,3,FALSE) -> #N/A | V10: =VLOOKUP($B10,$S$3:$Y$9,4,FALSE) -> #N/A | W10: =VLOOKUP($B10,$S$3:$Y$9,5,FALSE) -> #N/A | X10: =VLOOKUP($B10,$S$3:$Y$9,6,FALSE) -> #N/A | Y10: =VLOOKUP($B10,$S$3:$Y$9,7,FALSE) -> #N/A | Z10: =VLOOKUP($B10,$S$3:$AA$9,8,FALSE) -> #N/A | AA10: =VLOOKUP($B10,$S$3:$AA$9,9,FALSE) -> #N/A
S11: =B11 -> 0 | T11: =VLOOKUP($B11,$S$3:$Y$9,2,FALSE) -> #N/A | U11: =VLOOKUP($B11,$S$3:$Y$9,3,FALSE) -> #N/A | V11: =VLOOKUP($B11,$S$3:$Y$9,4,FALSE) -> #N/A | W11: =VLOOKUP($B11,$S$3:$Y$9,5,FALSE) -> #N/A | X11: =VLOOKUP($B11,$S$3:$Y$9,6,FALSE) -> #N/A | Y11: =VLOOKUP($B11,$S$3:$Y$9,7,FALSE) -> #N/A | Z11: =VLOOKUP($B11,$S$3:$AA$9,8,FALSE) -> #N/A | AA11: =VLOOKUP($B11,$S$3:$AA$9,9,FALSE) -> #N/A
S12: =B12 -> 0 | T12: =VLOOKUP($B12,$S$3:$Y$9,2,FALSE) -> #N/A | U12: =VLOOKUP($B12,$S$3:$Y$9,3,FALSE) -> #N/A | V12: =VLOOKUP($B12,$S$3:$Y$9,4,FALSE) -> #N/A | W12: =VLOOKUP($B12,$S$3:$Y$9,5,FALSE) -> #N/A | X12: =VLOOKUP($B12,$S$3:$Y$9,6,FALSE) -> #N/A | Y12: =VLOOKUP($B12,$S$3:$Y$9,7,FALSE) -> #N/A | Z12: =VLOOKUP($B12,$S$3:$AA$9,8,FALSE) -> #N/A | AA12: =VLOOKUP($B12,$S$3:$AA$9,9,FALSE) -> #N/A
S13: =B13 -> 0 | T13: =VLOOKUP($B13,$S$3:$Y$9,2,FALSE) -> #N/A | U13: =VLOOKUP($B13,$S$3:$Y$9,3,FALSE) -> #N/A | V13: =VLOOKUP($B13,$S$3:$Y$9,4,FALSE) -> #N/A | W13: =VLOOKUP($B13,$S$3:$Y$9,5,FALSE) -> #N/A | X13: =VLOOKUP($B13,$S$3:$Y$9,6,FALSE) -> #N/A | Y13: =VLOOKUP($B13,$S$3:$Y$9,7,FALSE) -> #N/A | Z13: =VLOOKUP($B13,$S$3:$AA$9,8,FALSE) -> #N/A | AA13: =VLOOKUP($B13,$S$3:$AA$9,9,FALSE) -> #N/A
S14: =B14 -> 0 | T14: =VLOOKUP($B14,$S$3:$Y$9,2,FALSE) -> #N/A | U14: =VLOOKUP($B14,$S$3:$Y$9,3,FALSE) -> #N/A | V14: =VLOOKUP($B14,$S$3:$Y$9,4,FALSE) -> #N/A | W14: =VLOOKUP($B14,$S$3:$Y$9,5,FALSE) -> #N/A | X14: =VLOOKUP($B14,$S$3:$Y$9,6,FALSE) -> #N/A | Y14: =VLOOKUP($B14,$S$3:$Y$9,7,FALSE) -> #N/A | Z14: =VLOOKUP($B14,$S$3:$AA$9,8,FALSE) -> #N/A | AA14: =VLOOKUP($B14,$S$3:$AA$9,9,FALSE) -> #N/A
S15: =B15 -> 0 | T15: =VLOOKUP($B15,$S$3:$Y$9,2,FALSE) -> #N/A | U15: =VLOOKUP($B15,$S$3:$Y$9,3,FALSE) -> #N/A | V15: =VLOOKUP($B15,$S$3:$Y$9,4,FALSE) -> #N/A | W15: =VLOOKUP($B15,$S$3:$Y$9,5,FALSE) -> #N/A | X15: =VLOOKUP($B15,$S$3:$Y$9,6,FALSE) -> #N/A | Y15: =VLOOKUP($B15,$S$3:$Y$9,7,FALSE) -> #N/A | Z15: =VLOOKUP($B15,$S$3:$AA$9,8,FALSE) -> #N/A | AA15: =VLOOKUP($B15,$S$3:$AA$9,9,FALSE) -> #N/A
S16: =B16 -> 0 | T16: =VLOOKUP($B16,$S$3:$Y$9,2,FALSE) -> #N/A | U16: =VLOOKUP($B16,$S$3:$Y$9,3,FALSE) -> #N/A | V16: =VLOOKUP($B16,$S$3:$Y$9,4,FALSE) -> #N/A | W16: =VLOOKUP($B16,$S$3:$Y$9,5,FALSE) -> #N/A | X16: =VLOOKUP($B16,$S$3:$Y$9,6,FALSE) -> #N/A | Y16: =VLOOKUP($B16,$S$3:$Y$9,7,FALSE) -> #N/A | Z16: =VLOOKUP($B16,$S$3:$AA$9,8,FALSE) -> #N/A | AA16: =VLOOKUP($B16,$S$3:$AA$9,9,FALSE) -> #N/A
S17: =B17 -> 0 | T17: =VLOOKUP($B17,$S$3:$Y$9,2,FALSE) -> #N/A | U17: =VLOOKUP($B17,$S$3:$Y$9,3,FALSE) -> #N/A | V17: =VLOOKUP($B17,$S$3:$Y$9,4,FALSE) -> #N/A | W17: =VLOOKUP($B17,$S$3:$Y$9,5,FALSE) -> #N/A | X17: =VLOOKUP($B17,$S$3:$Y$9,6,FALSE) -> #N/A | Y17: =VLOOKUP($B17,$S$3:$Y$9,7,FALSE) -> #N/A | Z17: =VLOOKUP($B17,$S$3:$AA$9,8,FALSE) -> #N/A | AA17: =VLOOKUP($B17,$S$3:$AA$9,9,FALSE) -> #N/A
S18: =B18 -> 0 | T18: =VLOOKUP($B18,$S$3:$Y$9,2,FALSE) -> #N/A | U18: =VLOOKUP($B18,$S$3:$Y$9,3,FALSE) -> #N/A | V18: =VLOOKUP($B18,$S$3:$Y$9,4,FALSE) -> #N/A | W18: =VLOOKUP($B18,$S$3:$Y$9,5,FALSE) -> #N/A | X18: =VLOOKUP($B18,$S$3:$Y$9,6,FALSE) -> #N/A | Y18: =VLOOKUP($B18,$S$3:$Y$9,7,FALSE) -> #N/A | Z18: =VLOOKUP($B18,$S$3:$AA$9,8,FALSE) -> #N/A | AA18: =VLOOKUP($B18,$S$3:$AA$9,9,FALSE) -> #N/A
S19: =B19 -> 0 | T19: =VLOOKUP($B19,$S$3:$Y$9,2,FALSE) -> #N/A | U19: =VLOOKUP($B19,$S$3:$Y$9,3,FALSE) -> #N/A | V19: =VLOOKUP($B19,$S$3:$Y$9,4,FALSE) -> #N/A | W19: =VLOOKUP($B19,$S$3:$Y$9,5,FALSE) -> #N/A | X19: =VLOOKUP($B19,$S$3:$Y$9,6,FALSE) -> #N/A | Y19: =VLOOKUP($B19,$S$3:$Y$9,7,FALSE) -> #N/A | Z19: =VLOOKUP($B19,$S$3:$AA$9,8,FALSE) -> #N/A | AA19: =VLOOKUP($B19,$S$3:$AA$9,9,FALSE) -> #N/A
S20: =B20 -> 0 | T20: =VLOOKUP($B20,$S$3:$Y$9,2,FALSE) -> #N/A | U20: =VLOOKUP($B20,$S$3:$Y$9,3,FALSE) -> #N/A | V20: =VLOOKUP($B20,$S$3:$Y$9,4,FALSE) -> #N/A | W20: =VLOOKUP($B20,$S$3:$Y$9,5,FALSE) -> #N/A | X20: =VLOOKUP($B20,$S$3:$Y$9,6,FALSE) -> #N/A | Y20: =VLOOKUP($B20,$S$3:$Y$9,7,FALSE) -> #N/A | Z20: =VLOOKUP($B20,$S$3:$AA$9,8,FALSE) -> #N/A | AA20: =VLOOKUP($B20,$S$3:$AA$9,9,FALSE) -> #N/A
S21: =B21 -> 0 | T21: =VLOOKUP($B21,$S$3:$Y$9,2,FALSE) -> #N/A | U21: =VLOOKUP($B21,$S$3:$Y$9,3,FALSE) -> #N/A | V21: =VLOOKUP($B21,$S$3:$Y$9,4,FALSE) -> #N/A | W21: =VLOOKUP($B21,$S$3:$Y$9,5,FALSE) -> #N/A | X21: =VLOOKUP($B21,$S$3:$Y$9,6,FALSE) -> #N/A | Y21: =VLOOKUP($B21,$S$3:$Y$9,7,FALSE) -> #N/A | Z21: =VLOOKUP($B21,$S$3:$AA$9,8,FALSE) -> #N/A | AA21: =VLOOKUP($B21,$S$3:$AA$9,9,FALSE) -> #N/A
... S47: =B47 -> 0 | T47: =VLOOKUP($B47,$S$3:$Y$9,2,FALSE) -> #N/A | U47: =VLOOKUP($B47,$S$3:$Y$9,3,FALSE) -> #N/A | V47: =VLOOKUP($B47,$S$3:$Y$9,4,FALSE) -> #N/A | W47: =VLOOKUP($B47,$S$3:$Y$9,5,FALSE) -> #N/A | X47: =VLOOKUP($B47,$S$3:$Y$9,6,FALSE) -> #N/A | Y47: =VLOOKUP($B47,$S$3:$Y$9,7,FALSE) -> #N/A | Z47: =VLOOKUP($B47,$S$3:$AA$9,8,FALSE) -> #N/A | AA47: =VLOOKUP($B47,$S$3:$AA$9,9,FALSE) -> #N/A
I48: EXTRACT RECOVERY
B49: BRAND | D49: BBT P.G./ O.G | I49: Brand | J49: Actual | K49: MTD No. of Brews | L49: MTD | M49: YTD | N49: Target
B50: STAG | C50: 11.8 | D50: 11.73 | I50: CARIB | K50: =COUNTA([3]Brewhouse!$A$1596:$A$1619) -> 24 | L50: =AVERAGE([3]Brewhouse!$AU$1529,[3]Brewhouse!$AU$1531:$AU$1594,[3]Brewhouse!$AU$1596:$AU$1619) -> 98.205761 | M50: =AVERAGE([3]Brewhouse!$AU$849:$AU$924,[3]Brewhouse!$AU$926:$AU$971,[3]Brewhouse!$AU$973:$AU$1066,[3]Brewhouse!$AU$1068:$AU$1111,[3]Brewhouse!$AU$1113:$AU$1132,[3]Brewhouse!$AU$1134:$AU$1167,[3]Brewhouse!$AU$1169:$AU$1230,[3]Brewhouse!$AU$1232:$AU$1299,[3]Brewhouse!$AU$1301:$AU$1363,[3]Brewhouse!$AU$1365:$AU$1444,[3]Brewhouse!$AU$1446:$AU$1527,[3]Brewhouse!$AU$1529,[3]Brewhouse!$AU$1531:$AU$1594,[3]Brewhouse!$AU$1596:$AU$1619) -> 98.381806 | N50: 98
C51: 11.9 | I51: STAG | K51: =COUNTA([4]Brewhouse!$A$976:$A$1007) -> 32 | L51: =AVERAGE([4]Brewhouse!$AS$976:$AS$979,[4]Brewhouse!$AS$981:$AS$1007) -> 98.538567 | M51: =AVERAGE([4]Brewhouse!$AS$577:$AS$618,[4]Brewhouse!$AS$620:$AS$651,[4]Brewhouse!$AS$653:$AS$696,[4]Brewhouse!$AS$698:$AS$708,[4]Brewhouse!$AS$710:$AS$733,[4]Brewhouse!$AS$735:$AS$777,[4]Brewhouse!$AS$779:$AS$822,[4]Brewhouse!$AS$824:$AS$863,[4]Brewhouse!$AS$865:$AS$974,[4]Brewhouse!$AS$976:$AS$979,[4]Brewhouse!$AS$981:$AS$1007) -> 98.489671 | N51: 98
I52: GUINNESS | K52: =COUNTA([5]Brewhouse!$A$282:$A$289) -> 8 | L52: =AVERAGE([5]Brewhouse!$AU$269:$AU$279,[5]Brewhouse!$AU$282:$AU$289) -> 96.186177 | M52: =AVERAGE([5]Brewhouse!$AU$161:$AU$176,[5]Brewhouse!$AU$178:$AU$195,[5]Brewhouse!$AU$197:$AU$208,[5]Brewhouse!$AU$210:$AU$221,[5]Brewhouse!$AU$223:$AU$232,[5]Brewhouse!$AU$234:$AU$279,[5]Brewhouse!$AU$282:$AU$289) -> 96.64916 | N52: 98
I53: VITAMALT | K53: =COUNTA([6]Brewhouse!$A$158:$A$163) -> 6 | L53: =AVERAGE([6]Brewhouse!$AU$158:$AU$163) -> 94.60305 | M53: =AVERAGE([6]Brewhouse!$AU$91:$AU$101,[6]Brewhouse!$AU$103:$AU$112,[6]Brewhouse!$AU$114:$AU$123,[6]Brewhouse!$AU$125:$AU$134,[6]Brewhouse!$AU$136:$AU$145,[6]Brewhouse!$AU$147:$AU$156,[6]Brewhouse!$AU$158:$AU$163) -> 96.240014 | N53: 98
I54: MAXIMALT | N54: 98
I55: MACKESON | M55: =AVERAGE([7]Brewhouse!$AT$74:$AT$79) -> 93.959836 | N55: 98
I56: STARMALT | K56: =COUNTA([8]Brewhouse!$A$249:$A$254) -> 6 | L56: =AVERAGE([8]Brewhouse!$AY$249:$AY$254) -> 99.681996 | M56: =AVERAGE([8]Brewhouse!$AY$138:$AY$143,[8]Brewhouse!$AY$145:$AY$153,[8]Brewhouse!$AY$155,[8]Brewhouse!$AY$156:$AY$174,[8]Brewhouse!$AY$176:$AY$185,[8]Brewhouse!$AY$187:$AY$198,[8]Brewhouse!$AY$200:$AY$247,[8]Brewhouse!$AY$249:$AY$254) -> 98.774703 | N56: 98
I57: HR- P | M57: =AVERAGE([9]Brewhouse!$AW$13:$AW$14,[9]Brewhouse!$AW$16:$AW$17) -> 92.042628 | N57: 98
I58: Hurricane Reef | M58: =AVERAGE([9]Brewhouse!$AW$13:$AW$14) -> 88.376943 | N58: 98
K59: =SUM(K50:K58) -> 76 | L59: =((L50*K50)+(L51*K51)+(L52*K52)+(L53*K53)+(L54*K54)+(K57*L57)+(L55*K55)+(L56*K56)+(L58*K58))/(K59) -> 97.965422 | M59: =AVERAGE('[10]Closing- January 2023'!$L$42,'[11]Feb. 28th'!$L$42,'[12]March 31st'!$L$75,'[13]Apri 28th'!$L$51,L59) -> 98.06926 | N59: 98
J62: Daily Brewing Plan
J63: Brand | K63: Brews Achieved | L63: Average Brews per day
J64: CARIB | L64: MTD | M64: YTD | N64: TARGET
J65: STAG | K65: 5 | L65: =AVERAGE(#REF!,#REF!,K74,#REF!,#REF!,#REF!,#REF!,#REF!,#REF!,#REF!,#REF!) -> #REF! | M65: =AVERAGE(6,6,'[12]March 31st'!$L$80,'[14]June 30th '!$L$71,6,L65,'[15]July 31st'!$L$108,'[16]Aug 30th'!$L$124,7,[17]Oct.31st!$L$51) -> #REF! | N65: 9
J66: GUINN
J67: VITAMALT
J68: STARMALT
J69: MACKESON
J70: HURRICANE REEF- IPA
J71: HURRICANE REEF- APA
B72: AVERAGE | D72: =AVERAGE(D50:E71) -> 11.73 | J72: HR- PILSNER
J73: CARIBE
J74: Total | K74: =SUM(K64:K73) -> 5
B75: Process: | C75: Fermentation/Filtration
B77: Brand | C77: Filt. Date | D77: FV Hls | E77: GFE/ Prim/ Vita Blend (Hls) | F77: SV Hls | G77: BBT Hls | H77: Loss (%) Ferm | I77: Loss (%) Filt | J77: Comments | K77: Throughput | L77: Process Loss (%) | M77: Filt. Operator
U78: 43466 | V78: 43467 | W78: 43468 | X78: 43469 | Y78: 43470 | Z78: 43471 | AA78: 43472 | AB78: 43473 | AC78: 43474 | AD78: 43475 | AE78: 43476 | AF78: 43477 | AG78: 43478 | AH78: 43479 | AI78: 43480 | AJ78: 43481 | AK78: 43482 | AL78: 43483 | AM78: 43484 | AN78: 43485 | AO78: 43486 | AP78: 43487 | AQ78: 43488 | AR78: 43489 | AS78: 43490 | AT78: 43491 | AU78: 43492 | AV78: 43493 | AW78: 43494 | AX78: 43495 | AY78: 43496
B79: STAG | C79: 45278 | D79: =[18]December_2023!$U$13 -> 150.4 | G79: =[18]December_2023!$U$17 -> 120.8 | J79: NO BREAK | K79: =[19]December_2023!$U$25 -> 0.42385965 | L79: =(((D79+E79)-G79)/(D79+E79))*100 -> 19.680851 | M79: K.Hosten | T79: hls
T80: Throughput | U80: =[20]January_2019!D8 -> #DIV/0! | V80: =[20]January_2019!E8 -> 1.0319298 | W80: =[20]January_2019!F8 -> 1.7789474 | X80: =[20]January_2019!G8 -> 0.51929825 | Y80: =[20]January_2019!H8 -> #DIV/0! | Z80: =[20]January_2019!I8 -> #DIV/0! | AA80: =[20]January_2019!J8 -> 1.3652632 | AB80: =[20]January_2019!K8 -> #DIV/0! | ... AY80: =[20]January_2019!AH8 -> #DIV/0!
B87: Process Loss (Volume) | G87: Process Loss (Extract) | K87: Throughput
B88: Brand | C88: Actual | D88: MTD | E88: YTD | F88: Target | G88: Actual | H88: MTD | I88: YTD | J88: Target | K88: Actual | L88: MTD | M88: YTD | N88: Target
B89: CARIB | D89: 5.181332 | E89: 6.6038503 | F89: 4.8 | H89: 5.2502762 | I89: 6.9665258 | J89: 4.8 | L89: 0.70807018 | M89: 0.77999467 | N89: 1
B90: STAG | C90: =AVERAGE(L79,L81) -> 19.680851 | D90: 6.5498915 | E90: 6.1662321 | F90: 4.8 | G90: =[18]December_2023!$U$21 -> 19.680851 | H90: 6.3458282 | I90: 5.9138834 | J90: 4.8 | K90: =AVERAGE(K79,K81) -> 0.42385965 | L90: 0.66137427 | M90: 0.71942944 | N90: 1
B91: GUINN | D91: 8.4423676 | E91: 8.9890455 | F91: 5.5 | H91: 5.9624998 | I91: 8.6652309 | J91: 5.5 | L91: 0.51561404 | M91: 0.65035608 | N91: 1
B92: VITAMALT | D92: 3.597848 | E92: 2.9936807 | F92: 3.3 | H92: 6.098202 | I92: 3.3134543 | J92: 3.3 | L92: 0.50298246 | M92: 1.0625518 | N92: 1
B93: MAXIMALT | F93: 3.3 | J93: 3 | N93: 1
B94: MACKESON | E94: 6.4174306 | F94: =[21]May_2022!$M$43 -> 3.4878407 | I94: 7.0730655 | J94: 5.5 | M94: 1.0342105 | N94: 1
B95: STARMALT | D95: 2.7692803 | E95: 3.0589058 | F95: 3.3 | H95: 4.2179953 | I95: 4.9470953 | J95: 3.3 | L95: 1.0594737 | M95: 1.0223839 | N95: 1
B96: HURRICANE REEF | E96: 11.178248 | F96: 7.5 | I96: 14.59851 | J96: 7.5 | M96: 0.30947368 | N96: 1
D97: 5.3927001 | E97: 6.2517133 | F97: 4.5 | H97: 5.4965257 | I97: 6.527958 | J97: 4.5 | L97: 0.69682018 | M97: 0.78265038 | N97: 1
AD110: :

Sheet May 2nd -4th
S1: P.G. | U1: Hot Time | W1: Process Time | Y1: Cooling Time
B2: Brewing Department Daily Process Loss Report | S2: Lower | T2: Upper | U2: Lower | V2: Upper | W2: Lower | X2: Upper | Y2: Lower | Z2: Upper
R3: CARIB | S3: 11.6 | T3: 12 | U3: 0 | V3: 0.11805556 | W3: 0.22569444 | X3: 0.26388889 | Y3: 0 | Z3: 60 | AB3: HR- PISNER
B4: Date: | C4: 45782 | J4: LOT WORT COLOUR: 3.5 | M4: Filter Sheets (Target 20 days) | R4: STAG | S4: 11.6 | T4: 12 | U4: 0 | V4: 0.11805556 | W4: 0.22569444 | X4: 0.26388889 | Y4: 0 | Z4: 60
M5: Double | N5: Single | R5: GUINNESS | S5: 17 | T5: 17.5 | U5: 0 | V5: 0.10763889 | W5: 0.24652778 | X5: 0.28472222 | Y5: 0 | Z5: 60
J6: MALT LOT: Lot 35 | L6: Sheet Day | R6: MACKESON | S6: 13.3 | T6: 13.5 | U6: 0 | V6: 0.12905093 | W6: 0.27430556 | X6: 0.30208333 | Y6: 0
R7: STARMALT | S7: 17.1 | T7: 17.5 | U7: 0 | V7: 0.13605324 | W7: 0.27430556 | X7: 0.30902778 | Y7: 0 | Z7: 60
B8: Brand | C8: Brew no. | D8: Kett. Hls | E8: Wort | F8: Cool Time(Mins) | G8: Cast. P.G. (Lab Result) | H8: Cast P.G. (Cellar Operator)-gravity | I8: Extr. Rec (78.95%) | J8: Theor. Extr. (77.5%) | K8: Boil Off /Vol. (4-6%) | L8: Boil Time | M8: Total Hot | N8: Brewing | O8: Operator | P8: Actual Pilsen Malt | R8: Hurricane Reef | S8: 16.6 | T8: 17 | U8: 0 | V8: 0.12905093 | W8: 0.27430556 | X8: 0.30208333 | Y8: 0
E9: Meter (Hls) | F9: Target(< 60Mins) | M9: Time | R9: VITAMALT | S9: 14.4 | T9: 14.6 | U9: 0 | V9: 0.13905093 | W9: 0.26041667 | X9: 0.29513889 | Y9: 0 | Z9: 75
B10: May 2nd | R10: =B10 -> May 2nd | S10: =VLOOKUP($B10,$R$3:$X$9,2,FALSE) -> #N/A | T10: =VLOOKUP($B10,$R$3:$X$9,3,FALSE) -> #N/A | U10: =VLOOKUP($B10,$R$3:$X$9,4,FALSE) -> #N/A | V10: =VLOOKUP($B10,$R$3:$X$9,5,FALSE) -> #N/A | W10: =VLOOKUP($B10,$R$3:$X$9,6,FALSE) -> #N/A | X10: =VLOOKUP($B10,$R$3:$X$9,7,FALSE) -> #N/A | Y10: =VLOOKUP($B10,$R$3:$Z$9,8,FALSE) -> #N/A | Z10: =VLOOKUP($B10,$R$3:$Z$9,9,FALSE) -> #N/A
B11: CARIB | C11: =[22]Brewhouse!$A408 -> CA303 | D11: =[22]Brewhouse!$AF408 -> 54.3 | E11: =[22]Brewhouse!$AI408 -> 50.2 | F11: =[22]Brewhouse!$V408 -> 63 | G11: =[22]Brewhouse!$AG408 -> 11.7 | H11: 11.7 | I11: =[22]Brewhouse!$AU408 -> 95.631382 | J11: =[22]Brewhouse!$AV408 -> 97.269006 | K11: =[22]Brewhouse!$Q408 -> 8.25 | L11: =[22]Brewhouse!$P408 -> 56 | M11: =[22]Brewhouse!$U408-[22]Brewhouse!$T408 -> 0.11180556 | N11: =[22]Brewhouse!$Z408 -> 0.25069444 | O11: =[22]Brewhouse!$AX408 -> R. Sookram | R11: =B11 -> CARIB | S11: =VLOOKUP($B11,$R$3:$X$9,2,FALSE) -> 11.6 | T11: =VLOOKUP($B11,$R$3:$X$9,3,FALSE) -> 12 | U11: =VLOOKUP($B11,$R$3:$X$9,4,FALSE) -> 0 | V11: =VLOOKUP($B11,$R$3:$X$9,5,FALSE) -> 0.11805556 | W11: =VLOOKUP($B11,$R$3:$X$9,6,FALSE) -> 0.22569444 | X11: =VLOOKUP($B11,$R$3:$X$9,7,FALSE) -> 0.26388889 | Y11: =VLOOKUP($B11,$R$3:$Z$9,8,FALSE) -> 0 | Z11: =VLOOKUP($B11,$R$3:$Z$9,9,FALSE) -> 60
B12: CARIB | C12: =[22]Brewhouse!$A409 -> CA304 | D12: =[22]Brewhouse!$AF409 -> 54.9 | E12: =[22]Brewhouse!$AI409 -> 51.3 | F12: =[22]Brewhouse!$V409 -> 58 | G12: =[22]Brewhouse!$AG409 -> 11.9 | H12: 11.8 | I12: =[22]Brewhouse!$AU409 -> 99.607342 | J12: =[22]Brewhouse!$AV409 -> 101.31287 | K12: =[22]Brewhouse!$Q409 -> 5.9074733 | L12: =[22]Brewhouse!$P409 -> 57 | M12: =[22]Brewhouse!$U409-[22]Brewhouse!$T409 -> 0.099305556 | N12: =[22]Brewhouse!$Z409 -> 0.24166667 | O12: =[22]Brewhouse!$AX409 -> R. Sookram | R12: =B12 -> CARIB | S12: =VLOOKUP($B12,$R$3:$X$9,2,FALSE) -> 11.6 | T12: =VLOOKUP($B12,$R$3:$X$9,3,FALSE) -> 12 | U12: =VLOOKUP($B12,$R$3:$X$9,4,FALSE) -> 0 | V12: =VLOOKUP($B12,$R$3:$X$9,5,FALSE) -> 0.11805556 | W12: =VLOOKUP($B12,$R$3:$X$9,6,FALSE) -> 0.22569444 | X12: =VLOOKUP($B12,$R$3:$X$9,7,FALSE) -> 0.26388889 | Y12: =VLOOKUP($B12,$R$3:$Z$9,8,FALSE) -> 0 | Z12: =VLOOKUP($B12,$R$3:$Z$9,9,FALSE) -> 60
B13: CARIB | C13: =[22]Brewhouse!$A410 -> CA305 | D13: =[22]Brewhouse!$AF410 -> 53.5 | E13: =[22]Brewhouse!$AI410 -> 49.8 | F13: =[22]Brewhouse!$V410 -> 57 | G13: =[22]Brewhouse!$AG410 -> 11.9 | H13: 11.8 | I13: =[22]Brewhouse!$AU410 -> 96.933536 | J13: =[22]Brewhouse!$AV410 -> 98.592914 | K13: =[22]Brewhouse!$Q410 -> 5.5813953 | L13: =[22]Brewhouse!$P410 -> 57 | M13: =[22]Brewhouse!$U410-[22]Brewhouse!$T410 -> 0.10208333 | N13: =[22]Brewhouse!$Z410 -> 0.25833333 | O13: =[22]Brewhouse!$AX410 -> R. Sookram | R13: =B13 -> CARIB | S13: =VLOOKUP($B13,$R$3:$X$9,2,FALSE) -> 11.6 | T13: =VLOOKUP($B13,$R$3:$X$9,3,FALSE) -> 12 | U13: =VLOOKUP($B13,$R$3:$X$9,4,FALSE) -> 0 | V13: =VLOOKUP($B13,$R$3:$X$9,5,FALSE) -> 0.11805556 | W13: =VLOOKUP($B13,$R$3:$X$9,6,FALSE) -> 0.22569444 | X13: =VLOOKUP($B13,$R$3:$X$9,7,FALSE) -> 0.26388889 | Y13: =VLOOKUP($B13,$R$3:$Z$9,8,FALSE) -> 0 | Z13: =VLOOKUP($B13,$R$3:$Z$9,9,FALSE) -> 60
B14: CARIB | C14: =[22]Brewhouse!$A411 -> CA306 | D14: =[22]Brewhouse!$AF411 -> 53.9 | E14: =[22]Brewhouse!$AI411 -> 50.3 | F14: =[22]Brewhouse!$V411 -> 53 | G14: =[22]Brewhouse!$AG411 -> 11.8 | H14: 11.8 | I14: =[22]Brewhouse!$AU411 -> 93.912148 | J14: =[22]Brewhouse!$AV411 -> 95.52442 | K14: =[22]Brewhouse!$Q411 -> 6.3732394 | L14: =[22]Brewhouse!$P411 -> 58 | M14: =[22]Brewhouse!$U411-[22]Brewhouse!$T411 -> 0.10208333 | N14: =[22]Brewhouse!$Z411 -> 0.26388889 | O14: =[22]Brewhouse!$AX411 -> D. Gomez | R14: =B14 -> CARIB | S14: =VLOOKUP($B14,$R$3:$X$9,2,FALSE) -> 11.6 | T14: =VLOOKUP($B14,$R$3:$X$9,3,FALSE) -> 12 | U14: =VLOOKUP($B14,$R$3:$X$9,4,FALSE) -> 0 | V14: =VLOOKUP($B14,$R$3:$X$9,5,FALSE) -> 0.11805556 | W14: =VLOOKUP($B14,$R$3:$X$9,6,FALSE) -> 0.22569444 | X14: =VLOOKUP($B14,$R$3:$X$9,7,FALSE) -> 0.26388889 | Y14: =VLOOKUP($B14,$R$3:$Z$9,8,FALSE) -> 0 | Z14: =VLOOKUP($B14,$R$3:$Z$9,9,FALSE) -> 60
B15: CARIB | C15: =[22]Brewhouse!$A412 -> CA307 | D15: =[22]Brewhouse!$AF412 -> 55 | E15: =[22]Brewhouse!$AI412 -> 51.6 | F15: =[22]Brewhouse!$V412 -> 64 | G15: =[22]Brewhouse!$AG412 -> 11.9 | H15: 11.9 | I15: =[22]Brewhouse!$AU412 -> 100.64037 | J15: =[22]Brewhouse!$AV412 -> 102.43751 | K15: =[22]Brewhouse!$Q412 -> 5.3546099 | L15: =[22]Brewhouse!$P412 -> 60 | M15: =[22]Brewhouse!$U412-[22]Brewhouse!$T412 -> 0.1125 | N15: =[22]Brewhouse!$Z412 -> 0.26736111 | O15: =[22]Brewhouse!$AX412 -> D. Gomez | R15: =B15 -> CARIB | S15: =VLOOKUP($B15,$R$3:$X$9,2,FALSE) -> 11.6 | T15: =VLOOKUP($B15,$R$3:$X$9,3,FALSE) -> 12 | U15: =VLOOKUP($B15,$R$3:$X$9,4,FALSE) -> 0 | V15: =VLOOKUP($B15,$R$3:$X$9,5,FALSE) -> 0.11805556 | W15: =VLOOKUP($B15,$R$3:$X$9,6,FALSE) -> 0.22569444 | X15: =VLOOKUP($B15,$R$3:$X$9,7,FALSE) -> 0.26388889 | Y15: =VLOOKUP($B15,$R$3:$Z$9,8,FALSE) -> 0 | Z15: =VLOOKUP($B15,$R$3:$Z$9,9,FALSE) -> 60
B16: CARIB | C16: =[22]Brewhouse!$A413 -> CA308 | D16: =[22]Brewhouse!$AF413 -> 54.1 | E16: =[22]Brewhouse!$AI413 -> 51.2 | F16: =[22]Brewhouse!$V413 -> 64 | G16: =[22]Brewhouse!$AG413 -> 12 | H16: 12 | I16: =[22]Brewhouse!$AU413 -> 100.74251 | J16: =[22]Brewhouse!$AV413 -> 102.54147 | K16: =[22]Brewhouse!$Q413 -> 5.5614973 | L16: =[22]Brewhouse!$P413 -> 62 | M16: =[22]Brewhouse!$U413-[22]Brewhouse!$T413 -> 0.10902778 | N16: =[22]Brewhouse!$Z413 -> 0.25763889 | O16: =[22]Brewhouse!$AX413 -> D. Gomez | R16: =B16 -> CARIB | S16: =VLOOKUP($B16,$R$3:$X$9,2,FALSE) -> 11.6 | T16: =VLOOKUP($B16,$R$3:$X$9,3,FALSE) -> 12 | U16: =VLOOKUP($B16,$R$3:$X$9,4,FALSE) -> 0 | V16: =VLOOKUP($B16,$R$3:$X$9,5,FALSE) -> 0.11805556 | W16: =VLOOKUP($B16,$R$3:$X$9,6,FALSE) -> 0.22569444 | X16: =VLOOKUP($B16,$R$3:$X$9,7,FALSE) -> 0.26388889 | Y16: =VLOOKUP($B16,$R$3:$Z$9,8,FALSE) -> 0 | Z16: =VLOOKUP($B16,$R$3:$Z$9,9,FALSE) -> 60
B17: CARIB | C17: =[22]Brewhouse!$A414 -> CA309 | D17: =[22]Brewhouse!$AF414 -> 54.8 | E17: =[22]Brewhouse!$AI414 -> 51.3 | F17: =[22]Brewhouse!$V414 -> 62 | G17: =[22]Brewhouse!$AG414 -> 11.8 | H17: 11.8 | I17: =[22]Brewhouse!$AU414 -> 98.56175 | J17: =[22]Brewhouse!$AV414 -> 100.32225 | K17: =[22]Brewhouse!$Q414 -> 5.9180036 | L17: =[22]Brewhouse!$P414 -> 58 | M17: =[22]Brewhouse!$U414-[22]Brewhouse!$T414 -> 0.10625 | N17: =[22]Brewhouse!$Z414 -> 0.25972222 | O17: =[22]Brewhouse!$AX414 -> D. Gomez | R17: =B17 -> CARIB | S17: =VLOOKUP($B17,$R$3:$X$9,2,FALSE) -> 11.6 | T17: =VLOOKUP($B17,$R$3:$X$9,3,FALSE) -> 12 | U17: =VLOOKUP($B17,$R$3:$X$9,4,FALSE) -> 0 | V17: =VLOOKUP($B17,$R$3:$X$9,5,FALSE) -> 0.11805556 | W17: =VLOOKUP($B17,$R$3:$X$9,6,FALSE) -> 0.22569444 | X17: =VLOOKUP($B17,$R$3:$X$9,7,FALSE) -> 0.26388889 | Y17: =VLOOKUP($B17,$R$3:$Z$9,8,FALSE) -> 0 | Z17: =VLOOKUP($B17,$R$3:$Z$9,9,FALSE) -> 60
B19: May 3rd
B20: CARIB | C20: =[22]Brewhouse!$A415 -> CA310 | D20: =[22]Brewhouse!$AF415 -> 53.8 | E20: =[22]Brewhouse!$AI415 -> 50.7 | F20: =[22]Brewhouse!$V415 -> 64 | G20: =[22]Brewhouse!$AG415 -> 11.7 | H20: 11.7 | I20: =[22]Brewhouse!$AU415 -> 97.01766 | J20: =[22]Brewhouse!$AV415 -> 98.750203 | K20: =[22]Brewhouse!$Q415 -> 1.5213358 | L20: =[22]Brewhouse!$P415 -> 60 | M20: =[22]Brewhouse!$U415-[22]Brewhouse!$T415 -> 0.10763889 | N20: =[22]Brewhouse!$Z415 -> 0.24444444 | O20: =[22]Brewhouse!$AX415 -> G. Mason | R20: =B20 -> CARIB | S20: =VLOOKUP($B20,$R$3:$X$9,2,FALSE) -> 11.6 | T20: =VLOOKUP($B20,$R$3:$X$9,3,FALSE) -> 12 | U20: =VLOOKUP($B20,$R$3:$X$9,4,FALSE) -> 0 | V20: =VLOOKUP($B20,$R$3:$X$9,5,FALSE) -> 0.11805556 | W20: =VLOOKUP($B20,$R$3:$X$9,6,FALSE) -> 0.22569444 | X20: =VLOOKUP($B20,$R$3:$X$9,7,FALSE) -> 0.26388889 | Y20: =VLOOKUP($B20,$R$3:$Z$9,8,FALSE) -> 0 | Z20: =VLOOKUP($B20,$R$3:$Z$9,9,FALSE) -> 60
B21: CARIB | C21: =[22]Brewhouse!$A416 -> CA311 | D21: =[22]Brewhouse!$AF416 -> 53.9 | E21: =[22]Brewhouse!$AI416 -> 49.9 | F21: =[22]Brewhouse!$V416 -> 58 | G21: =[22]Brewhouse!$AG416 -> 11.9 | H21: 11.8 | I21: =[22]Brewhouse!$AU416 -> 96.889013 | J21: =[22]Brewhouse!$AV416 -> 98.547992 | K21: =[22]Brewhouse!$Q416 -> 6.4642857 | L21: =[22]Brewhouse!$P416 -> 57 | M21: =[22]Brewhouse!$U416-[22]Brewhouse!$T416 -> 0.10347222 | N21: =[22]Brewhouse!$Z416 -> 0.23611111 | O21: =[22]Brewhouse!$AX416 -> G. Mason | R21: =B21 -> CARIB | S21: =VLOOKUP($B21,$R$3:$X$9,2,FALSE) -> 11.6 | T21: =VLOOKUP($B21,$R$3:$X$9,3,FALSE) -> 12 | U21: =VLOOKUP($B21,$R$3:$X$9,4,FALSE) -> 0 | V21: =VLOOKUP($B21,$R$3:$X$9,5,FALSE) -> 0.11805556 | W21: =VLOOKUP($B21,$R$3:$X$9,6,FALSE) -> 0.22569444 | X21: =VLOOKUP($B21,$R$3:$X$9,7,FALSE) -> 0.26388889 | Y21: =VLOOKUP($B21,$R$3:$Z$9,8,FALSE) -> 0 | Z21: =VLOOKUP($B21,$R$3:$Z$9,9,FALSE) -> 60
B22: CARIB | C22: =[22]Brewhouse!$A417 -> CA312 | D22: =[22]Brewhouse!$AF417 -> 54.3 | E22: =[22]Brewhouse!$AI417 -> 50.8 | F22: =[22]Brewhouse!$V417 -> 66 | G22: =[22]Brewhouse!$AG417 -> 12 | H22: 11.8 | I22: =[22]Brewhouse!$AU417 -> 99.141807 | J22: =[22]Brewhouse!$AV417 -> 100.83991 | K22: =[22]Brewhouse!$Q417 -> 5.0357143 | L22: =[22]Brewhouse!$P417 -> 57 | M22: =[22]Brewhouse!$U417-[22]Brewhouse!$T417 -> 0.10625 | N22: =[22]Brewhouse!$Z417 -> 0.24027778 | O22: =[22]Brewhouse!$AX417 -> G. Mason | R22: =B22 -> CARIB | S22: =VLOOKUP($B22,$R$3:$X$9,2,FALSE) -> 11.6 | T22: =VLOOKUP($B22,$R$3:$X$9,3,FALSE) -> 12 | U22: =VLOOKUP($B22,$R$3:$X$9,4,FALSE) -> 0 | V22: =VLOOKUP($B22,$R$3:$X$9,5,FALSE) -> 0.11805556 | W22: =VLOOKUP($B22,$R$3:$X$9,6,FALSE) -> 0.22569444 | X22: =VLOOKUP($B22,$R$3:$X$9,7,FALSE) -> 0.26388889 | Y22: =VLOOKUP($B22,$R$3:$Z$9,8,FALSE) -> 0 | Z22: =VLOOKUP($B22,$R$3:$Z$9,9,FALSE) -> 60
B23: CARIB | C23: =[22]Brewhouse!$A418 -> CA313 | D23: =[22]Brewhouse!$AF418 -> 54.7 | E23: =[22]Brewhouse!$AI418 -> 51.5 | F23: =[22]Brewhouse!$V418 -> 61 | G23: =[22]Brewhouse!$AG418 -> 11.6 | H23: 11.8 | I23: =[22]Brewhouse!$AU418 -> 97.782921 | J23: =[22]Brewhouse!$AV418 -> 99.529034 | K23: =[22]Brewhouse!$Q418 -> -1.2977099 | L23: =[22]Brewhouse!$P418 -> 57 | M23: =[22]Brewhouse!$U418-[22]Brewhouse!$T418 -> 0.11111111 | N23: =[22]Brewhouse!$Z418 -> 0.25138889 | O23: =[22]Brewhouse!$AX418 -> G. Mason | R23: =B23 -> CARIB | S23: =VLOOKUP($B23,$R$3:$X$9,2,FALSE) -> 11.6 | T23: =VLOOKUP($B23,$R$3:$X$9,3,FALSE) -> 12 | U23: =VLOOKUP($B23,$R$3:$X$9,4,FALSE) -> 0 | V23: =VLOOKUP($B23,$R$3:$X$9,5,FALSE) -> 0.11805556 | W23: =VLOOKUP($B23,$R$3:$X$9,6,FALSE) -> 0.22569444 | X23: =VLOOKUP($B23,$R$3:$X$9,7,FALSE) -> 0.26388889 | Y23: =VLOOKUP($B23,$R$3:$Z$9,8,FALSE) -> 0 | Z23: =VLOOKUP($B23,$R$3:$Z$9,9,FALSE) -> 60
B24: CARIB | C24: =[22]Brewhouse!$A419 -> CA314 | D24: =[22]Brewhouse!$AF419 -> 54.2 | E24: =[22]Brewhouse!$AI419 -> 50.8 | F24: =[22]Brewhouse!$V419 -> 64 | G24: =[22]Brewhouse!$AG419 -> 11.9 | H24: 11.8 | I24: =[22]Brewhouse!$AU419 -> 99.202738 | J24: =[22]Brewhouse!$AV419 -> 100.97411 | K24: =[22]Brewhouse!$Q419 -> 6.0530973 | L24: =[22]Brewhouse!$P419 -> 57 | M24: =[22]Brewhouse!$U419-[22]Brewhouse!$T419 -> 0.10694444 | N24: =[22]Brewhouse!$Z419 -> 0.24375 | O24: =[22]Brewhouse!$AX419 -> K.Benjamin | R24: =B24 -> CARIB | S24: =VLOOKUP($B24,$R$3:$X$9,2,FALSE) -> 11.6 | T24: =VLOOKUP($B24,$R$3:$X$9,3,FALSE) -> 12 | U24: =VLOOKUP($B24,$R$3:$X$9,4,FALSE) -> 0 | V24: =VLOOKUP($B24,$R$3:$X$9,5,FALSE) -> 0.11805556 | W24: =VLOOKUP($B24,$R$3:$X$9,6,FALSE) -> 0.22569444 | X24: =VLOOKUP($B24,$R$3:$X$9,7,FALSE) -> 0.26388889 | Y24: =VLOOKUP($B24,$R$3:$Z$9,8,FALSE) -> 0 | Z24: =VLOOKUP($B24,$R$3:$Z$9,9,FALSE) -> 60
B25: CARIB | C25: =[22]Brewhouse!$A420 -> CA315 | D25: =[22]Brewhouse!$AF420 -> 55.3 | E25: =[22]Brewhouse!$AI420 -> 52 | F25: =[22]Brewhouse!$V420 -> 54 | G25: =[22]Brewhouse!$AG420 -> 11.7 | H25: 11.8 | I25: =[22]Brewhouse!$AU420 -> 98.938732 | J25: =[22]Brewhouse!$AV420 -> 100.63318 | K25: =[22]Brewhouse!$Q420 -> 4.822695 | L25: =[22]Brewhouse!$P420 -> 58 | M25: =[22]Brewhouse!$U420-[22]Brewhouse!$T420 -> 0.10277778 | N25: =[22]Brewhouse!$Z420 -> 0.24305556 | O25: =[22]Brewhouse!$AX420 -> K.Benjamin | R25: =B25 -> CARIB | S25: =VLOOKUP($B25,$R$3:$X$9,2,FALSE) -> 11.6 | T25: =VLOOKUP($B25,$R$3:$X$9,3,FALSE) -> 12 | U25: =VLOOKUP($B25,$R$3:$X$9,4,FALSE) -> 0 | V25: =VLOOKUP($B25,$R$3:$X$9,5,FALSE) -> 0.11805556 | W25: =VLOOKUP($B25,$R$3:$X$9,6,FALSE) -> 0.22569444 | X25: =VLOOKUP($B25,$R$3:$X$9,7,FALSE) -> 0.26388889 | Y25: =VLOOKUP($B25,$R$3:$Z$9,8,FALSE) -> 0 | Z25: =VLOOKUP($B25,$R$3:$Z$9,9,FALSE) -> 60
B26: CARIB | C26: =[22]Brewhouse!$A421 -> CA316 | D26: =[22]Brewhouse!$AF421 -> 54.4 | E26: =[22]Brewhouse!$AI421 -> 51.2 | F26: =[22]Brewhouse!$V421 -> 60 | G26: =[22]Brewhouse!$AG421 -> 11.8 | H26: 11.8 | I26: =[22]Brewhouse!$AU421 -> 95.251171 | J26: =[22]Brewhouse!$AV421 -> 96.886932 | K26: =[22]Brewhouse!$Q421 -> 4.822695 | L26: =[22]Brewhouse!$P421 -> 59 | M26: =[22]Brewhouse!$U421-[22]Brewhouse!$T421 -> 0.10347222 | N26: =[22]Brewhouse!$Z421 -> 0.24375 | O26: =[22]Brewhouse!$AX421 -> K.Benjamin | R26: =B26 -> CARIB | S26: =VLOOKUP($B26,$R$3:$X$9,2,FALSE) -> 11.6 | T26: =VLOOKUP($B26,$R$3:$X$9,3,FALSE) -> 12 | U26: =VLOOKUP($B26,$R$3:$X$9,4,FALSE) -> 0 | V26: =VLOOKUP($B26,$R$3:$X$9,5,FALSE) -> 0.11805556 | W26: =VLOOKUP($B26,$R$3:$X$9,6,FALSE) -> 0.22569444 | X26: =VLOOKUP($B26,$R$3:$X$9,7,FALSE) -> 0.26388889 | Y26: =VLOOKUP($B26,$R$3:$Z$9,8,FALSE) -> 0 | Z26: =VLOOKUP($B26,$R$3:$Z$9,9,FALSE) -> 60
B27: CARIB | C27: =[22]Brewhouse!$A422 -> CA317 | D27: =[22]Brewhouse!$AF422 -> 53 | E27: =[22]Brewhouse!$AI422 -> 51.2 | F27: =[22]Brewhouse!$V422 -> 64 | G27: =[22]Brewhouse!$AG422 -> 11.8 | H27: 11.8 | I27: =[22]Brewhouse!$AU422 -> 98.855651 | J27: =[22]Brewhouse!$AV422 -> 100.62102 | K27: =[22]Brewhouse!$Q422 -> 7.7954145 | L27: =[22]Brewhouse!$P422 -> 60 | M27: =[22]Brewhouse!$U422-[22]Brewhouse!$T422 -> 0.11041667 | N27: =[22]Brewhouse!$Z422 -> 0.25208333 | O27: =[22]Brewhouse!$AX422 -> K.Benjamin | R27: =B27 -> CARIB | S27: =VLOOKUP($B27,$R$3:$X$9,2,FALSE) -> 11.6 | T27: =VLOOKUP($B27,$R$3:$X$9,3,FALSE) -> 12 | U27: =VLOOKUP($B27,$R$3:$X$9,4,FALSE) -> 0 | V27: =VLOOKUP($B27,$R$3:$X$9,5,FALSE) -> 0.11805556 | W27: =VLOOKUP($B27,$R$3:$X$9,6,FALSE) -> 0.22569444 | X27: =VLOOKUP($B27,$R$3:$X$9,7,FALSE) -> 0.26388889 | Y27: =VLOOKUP($B27,$R$3:$Z$9,8,FALSE) -> 0 | Z27: =VLOOKUP($B27,$R$3:$Z$9,9,FALSE) -> 60
B28: CARIB | C28: =[22]Brewhouse!$A423 -> CA318 | D28: =[22]Brewhouse!$AF423 -> 54 | E28: =[22]Brewhouse!$AI423 -> 51.1 | F28: =[22]Brewhouse!$V423 -> 58 | G28: =[22]Brewhouse!$AG423 -> 11.9 | H28: 11.9 | I28: =[22]Brewhouse!$AU423 -> 99.296757 | J28: =[22]Brewhouse!$AV423 -> 101.07019 | K28: =[22]Brewhouse!$Q423 -> 6.5263158 | L28: =[22]Brewhouse!$P423 -> 58 | M28: =[22]Brewhouse!$U423-[22]Brewhouse!$T423 -> 0.11875 | N28: =[22]Brewhouse!$Z423 -> 0.24791667 | O28: =[22]Brewhouse!$AX423 -> K.Benjamin | R28: =B28 -> CARIB | S28: =VLOOKUP($B28,$R$3:$X$9,2,FALSE) -> 11.6 | T28: =VLOOKUP($B28,$R$3:$X$9,3,FALSE) -> 12 | U28: =VLOOKUP($B28,$R$3:$X$9,4,FALSE) -> 0 | V28: =VLOOKUP($B28,$R$3:$X$9,5,FALSE) -> 0.11805556 | W28: =VLOOKUP($B28,$R$3:$X$9,6,FALSE) -> 0.22569444 | X28: =VLOOKUP($B28,$R$3:$X$9,7,FALSE) -> 0.26388889 | Y28: =VLOOKUP($B28,$R$3:$Z$9,8,FALSE) -> 0 | Z28: =VLOOKUP($B28,$R$3:$Z$9,9,FALSE) -> 60
R34: =B34 -> 0 | S34: =VLOOKUP($B34,$R$3:$X$9,2,FALSE) -> #N/A | T34: =VLOOKUP($B34,$R$3:$X$9,3,FALSE) -> #N/A | U34: =VLOOKUP($B34,$R$3:$X$9,4,FALSE) -> #N/A | V34: =VLOOKUP($B34,$R$3:$X$9,5,FALSE) -> #N/A | W34: =VLOOKUP($B34,$R$3:$X$9,6,FALSE) -> #N/A | X34: =VLOOKUP($B34,$R$3:$X$9,7,FALSE) -> #N/A | Y34: =VLOOKUP($B34,$R$3:$Z$9,8,FALSE) -> #N/A | Z34: =VLOOKUP($B34,$R$3:$Z$9,9,FALSE) -> #N/A
R35: =B35 -> 0 | S35: =VLOOKUP($B35,$R$3:$X$9,2,FALSE) -> #N/A | T35: =VLOOKUP($B35,$R$3:$X$9,3,FALSE) -> #N/A | U35: =VLOOKUP($B35,$R$3:$X$9,4,FALSE) -> #N/A | V35: =VLOOKUP($B35,$R$3:$X$9,5,FALSE) -> #N/A | W35: =VLOOKUP($B35,$R$3:$X$9,6,FALSE) -> #N/A | X35: =VLOOKUP($B35,$R$3:$X$9,7,FALSE) -> #N/A | Y35: =VLOOKUP($B35,$R$3:$Z$9,8,FALSE) -> #N/A | Z35: =VLOOKUP($B35,$R$3:$Z$9,9,FALSE) -> #N/A
R36: =B36 -> 0 | S36: =VLOOKUP($B36,$R$3:$X$9,2,FALSE) -> #N/A | T36: =VLOOKUP($B36,$R$3:$X$9,3,FALSE) -> #N/A | U36: =VLOOKUP($B36,$R$3:$X$9,4,FALSE) -> #N/A | V36: =VLOOKUP($B36,$R$3:$X$9,5,FALSE) -> #N/A | W36: =VLOOKUP($B36,$R$3:$X$9,6,FALSE) -> #N/A | X36: =VLOOKUP($B36,$R$3:$X$9,7,FALSE) -> #N/A | Y36: =VLOOKUP($B36,$R$3:$Z$9,8,FALSE) -> #N/A | Z36: =VLOOKUP($B36,$R$3:$Z$9,9,FALSE) -> #N/A
R37: =B37 -> 0 | S37: =VLOOKUP($B37,$R$3:$X$9,2,FALSE) -> #N/A | T37: =VLOOKUP($B37,$R$3:$X$9,3,FALSE) -> #N/A | U37: =VLOOKUP($B37,$R$3:$X$9,4,FALSE) -> #N/A | V37: =VLOOKUP($B37,$R$3:$X$9,5,FALSE) -> #N/A | W37: =VLOOKUP($B37,$R$3:$X$9,6,FALSE) -> #N/A | X37: =VLOOKUP($B37,$R$3:$X$9,7,FALSE) -> #N/A | Y37: =VLOOKUP($B37,$R$3:$Z$9,8,FALSE) -> #N/A | Z37: =VLOOKUP($B37,$R$3:$Z$9,9,FALSE) -> #N/A
R38: =B38 -> 0 | S38: =VLOOKUP($B38,$R$3:$X$9,2,FALSE) -> #N/A | T38: =VLOOKUP($B38,$R$3:$X$9,3,FALSE) -> #N/A | U38: =VLOOKUP($B38,$R$3:$X$9,4,FALSE) -> #N/A | V38: =VLOOKUP($B38,$R$3:$X$9,5,FALSE) -> #N/A | W38: =VLOOKUP($B38,$R$3:$X$9,6,FALSE) -> #N/A | X38: =VLOOKUP($B38,$R$3:$X$9,7,FALSE) -> #N/A | Y38: =VLOOKUP($B38,$R$3:$Z$9,8,FALSE) -> #N/A | Z38: =VLOOKUP($B38,$R$3:$Z$9,9,FALSE) -> #N/A
R39: =B39 -> 0 | S39: =VLOOKUP($B39,$R$3:$X$9,2,FALSE) -> #N/A | T39: =VLOOKUP($B39,$R$3:$X$9,3,FALSE) -> #N/A | U39: =VLOOKUP($B39,$R$3:$X$9,4,FALSE) -> #N/A | V39: =VLOOKUP($B39,$R$3:$X$9,5,FALSE) -> #N/A | W39: =VLOOKUP($B39,$R$3:$X$9,6,FALSE) -> #N/A | X39: =VLOOKUP($B39,$R$3:$X$9,7,FALSE) -> #N/A | Y39: =VLOOKUP($B39,$R$3:$Z$9,8,FALSE) -> #N/A | Z39: =VLOOKUP($B39,$R$3:$Z$9,9,FALSE) -> #N/A
R40: =B40 -> 0 | S40: =VLOOKUP($B40,$R$3:$X$9,2,FALSE) -> #N/A | T40: =VLOOKUP($B40,$R$3:$X$9,3,FALSE) -> #N/A | U40: =VLOOKUP($B40,$R$3:$X$9,4,FALSE) -> #N/A | V40: =VLOOKUP($B40,$R$3:$X$9,5,FALSE) -> #N/A | W40: =VLOOKUP($B40,$R$3:$X$9,6,FALSE) -> #N/A | X40: =VLOOKUP($B40,$R$3:$X$9,7,FALSE) -> #N/A | Y40: =VLOOKUP($B40,$R$3:$Z$9,8,FALSE) -> #N/A | Z40: =VLOOKUP($B40,$R$3:$Z$9,9,FALSE) -> #N/A
R41: =B41 -> 0 | S41: =VLOOKUP($B41,$R$3:$X$9,2,FALSE) -> #N/A | T41: =VLOOKUP($B41,$R$3:$X$9,3,FALSE) -> #N/A | U41: =VLOOKUP($B41,$R$3:$X$9,4,FALSE) -> #N/A | V41: =VLOOKUP($B41,$R$3:$X$9,5,FALSE) -> #N/A | W41: =VLOOKUP($B41,$R$3:$X$9,6,FALSE) -> #N/A | X41: =VLOOKUP($B41,$R$3:$X$9,7,FALSE) -> #N/A | Y41: =VLOOKUP($B41,$R$3:$Z$9,8,FALSE) -> #N/A | Z41: =VLOOKUP($B41,$R$3:$Z$9,9,FALSE) -> #N/A
R42: =B42 -> 0 | S42: =VLOOKUP($B42,$R$3:$X$9,2,FALSE) -> #N/A | T42: =VLOOKUP($B42,$R$3:$X$9,3,FALSE) -> #N/A | U42: =VLOOKUP($B42,$R$3:$X$9,4,FALSE) -> #N/A | V42: =VLOOKUP($B42,$R$3:$X$9,5,FALSE) -> #N/A | W42: =VLOOKUP($B42,$R$3:$X$9,6,FALSE) -> #N/A | X42: =VLOOKUP($B42,$R$3:$X$9,7,FALSE) -> #N/A | Y42: =VLOOKUP($B42,$R$3:$Z$9,8,FALSE) -> #N/A | Z42: =VLOOKUP($B42,$R$3:$Z$9,9,FALSE) -> #N/A
R43: =B43 -> 0 | S43: =VLOOKUP($B43,$R$3:$X$9,2,FALSE) -> #N/A | T43: =VLOOKUP($B43,$R$3:$X$9,3,FALSE) -> #N/A | U43: =VLOOKUP($B43,$R$3:$X$9,4,FALSE) -> #N/A | V43: =VLOOKUP($B43,$R$3:$X$9,5,FALSE) -> #N/A | W43: =VLOOKUP($B43,$R$3:$X$9,6,FALSE) -> #N/A | X43: =VLOOKUP($B43,$R$3:$X$9,7,FALSE) -> #N/A | Y43: =VLOOKUP($B43,$R$3:$Z$9,8,FALSE) -> #N/A | Z43: =VLOOKUP($B43,$R$3:$Z$9,9,FALSE) -> #N/A
I44: EXTRACT RECOVERY | R44: =B44 -> 0 | S44: =VLOOKUP($B44,$R$3:$X$9,2,FALSE) -> #N/A | T44: =VLOOKUP($B44,$R$3:$X$9,3,FALSE) -> #N/A | U44: =VLOOKUP($B44,$R$3:$X$9,4,FALSE) -> #N/A | V44: =VLOOKUP($B44,$R$3:$X$9,5,FALSE) -> #N/A | W44: =VLOOKUP($B44,$R$3:$X$9,6,FALSE) -> #N/A | X44: =VLOOKUP($B44,$R$3:$X$9,7,FALSE) -> #N/A | Y44: =VLOOKUP($B44,$R$3:$Z$9,8,FALSE) -> #N/A | Z44: =VLOOKUP($B44,$R$3:$Z$9,9,FALSE) -> #N/A
B45: BRAND | D45: BBT P.G./ O.G | I45: Brand | J45: Actual | K45: MTD No. of Brews | L45: MTD | M45: YTD | N45: Target
I46: CARIB | J46: =AVERAGE(I11:I17,I20:I28) -> 98.025343 | K46: =COUNTA([22]Brewhouse!$A$408:$A$423) -> 16 | L46: =AVERAGE([22]Brewhouse!$AU$408:$AU$423) -> 98.025343 | M46: =AVERAGE([22]Brewhouse!$AU$102:$AU$171,[22]Brewhouse!$AU$173:$AU$253,[22]Brewhouse!$AU$255:$AU$339,[22]Brewhouse!$AU$341:$AU$346,[22]Brewhouse!$AU$348,[22]Brewhouse!$AU$349:$AU$406) -> 97.396136 | N46: 98
I47: STAG | M47: =AVERAGE([23]Brewhouse!$AS$15:$AS$64,[23]Brewhouse!$AS$66:$AS$103,[23]Brewhouse!$AS$105:$AS$140,[23]Brewhouse!$AS$142:$AS$193) -> 97.449064 | N47: 98
I48: GUINNESS | M48: =AVERAGE([24]Brewhouse!$AU$4:$AU$7,[24]Brewhouse!$AU$9:$AU$22,[24]Brewhouse!$AU$24:$AU$35,[24]Brewhouse!$AU$37:$AU$45) -> 97.086749 | N48: 98
I49: VITAMALT | M49: =AVERAGE([25]Brewhouse!$AV$5:$AV$14,[25]Brewhouse!$AV$16:$AV$19,[25]Brewhouse!$AV$21:$AV$24,[25]Brewhouse!$AV$26:$AV$33) -> 98.921975 | N49: 98
I50: MAXIMALT | N50: 98
I51: MACKESON | M51: =AVERAGE([26]Brewhouse!$AT$4:$AT$11,[26]Brewhouse!$AT$13:$AT$16) -> 95.16531 | N51: 98
I52: STARMALT | M52: =AVERAGE([27]Brewhouse!$AY$6:$AY$13,[27]Brewhouse!$AY$15:$AY$20,[27]Brewhouse!$AY$22:$AY$29,[27]Brewhouse!$AY$31:$AY$34) -> 96.120888 | N52: 98
I53: HR- Pils | M53: =AVERAGE([28]Brewhouse!$AU$5:$AU$8) -> 91.006888 | N53: 98
I54: HR- IPA | N54: 98
I55: HR- APA | N55: 98
K56: =SUM(K46:K55) -> 16 | L56: =((L46*K46)+(L47*K47)+(L48*K48)+(L49*K49)+(L50*K50)+(K53*L53)+(L51*K51)+(L52*K52)+(L55*K55))/(K56) -> 98.025343 | M56: =AVERAGE('[29]Jan 31st'!$L$65,'[30]Feb 28th'!$L$35,'[31]Mar. 31st'!$L$35,L56) -> 97.04764 | N56: 98
J58: Daily Brewing Plan
I59: Brews Achieved 3rd | J59: Brand | K59: Brews Achieved 2nd | L59: Average Brews per day
I60: 9 | J60: CARIB | K60: 7 | L60: MTD | M60: YTD | N60: TARGET
J61: STAG | L61: =AVERAGE(K70,I70) -> 8 | M61: =AVERAGE('[29]Jan 29th '!$M$70,'[30]Feb 28th'!$L$40,'[31]Mar. 31st'!$L$40,'[32]Apr. 30th'!$L$50,L61) -> 6.7891543 | N61: 9.2
J62: GUINN
J63: VITAMALT
J64: STARMALT
J65: MACKESON
J66: HURRICANE REEF- IPA
J67: HURRICANE REEF- APA
B68: AVERAGE | D68: =AVERAGE(D46:E67) -> #DIV/0! | J68: HR- PILSNER
J69: CARIBE
I70: =SUM(I60:I69) -> 9 | J70: Total | K70: =SUM(K60:K69) -> 7
B71: Process: | C71: Fermentation/Filtration
B73: Brand | C73: Filt. Date | D73: FV Hls | E73: GFE/ Prim/ Vita Blend (Hls) | F73: SV Hls | G73: BBT Hls | H73: Loss (%) Ferm | I73: Loss (%) Filt | J73: Comments | K73: Throughput | L73: Process Loss (%) | M73: Filt. Operator
AB74: 43474 | AC74: 43475 | AD74: 43476 | AE74: 43477 | AF74: 43478 | AG74: 43479 | AH74: 43480 | AI74: 43481 | AJ74: 43482 | AK74: 43483 | AL74: 43484 | AM74: 43485 | AN74: 43486 | AO74: 43487 | AP74: 43488 | AQ74: 43489 | AR74: 43490 | AS74: 43491 | AT74: 43492 | AU74: 43493 | AV74: 43494 | AW74: 43495 | AX74: 43496
J75: 1 SBF | L75: =(((D75+E75)-G75)/(D75+E75))*100 -> #DIV/0! | AB75: =[20]January_2019!L7 -> #REF! | AC75: =[20]January_2019!M7 -> #REF! | AD75: =[20]January_2019!N7 -> #REF! | AE75: =[20]January_2019!O7 -> #REF! | AF75: =[20]January_2019!P7 -> #REF! | AG75: =[20]January_2019!Q7 -> #REF! | AH75: =[20]January_2019!R7 -> #REF! | AI75: =[20]January_2019!S7 -> #REF! | ... AX75: =[20]January_2019!AH7 -> #REF!
J77: NO BREAK | L77: =(((D77+E77)-G77)/(D77+E77))*100 -> #DIV/0!
B79: Process Loss (Volume) | G79: Process Loss (Extract) | K79: Throughput
B80: Brand | C80: Actual | D80: MTD | E80: YTD | F80: Target | G80: Actual | H80: MTD | I80: YTD | J80: Target | L80: MTD | M80: YTD | N80: Target
B81: CARIB | E81: 7.2663165 | F81: 4.8 | I81: 7.5478155 | J81: 4.8 | M81: 0.759705 | N81: 1
B82: STAG | E82: 6.1326235 | F82: 4.8 | I82: 6.6012405 | J82: 4.8 | M82: 0.75323692 | N82: 1
B83: GUINN | E83: 12.554573 | F83: 5.5 | I83: 13.449891 | J83: 5.5 | M83: 0.54554654 | N83: 1
B84: VITAMALT | E84: 2.2218159 | F84: 3.3 | I84: 5.0359152 | J84: 3.3 | M84: 0.87880702 | N84: 1
B85: MAXIMALT | F85: 3.3 | J85: 3 | N85: 1
B86: MACKESON | E86: 7.8262258 | F86: =[21]May_2022!$M$43 -> 3.4878407 | I86: 9.4300679 | J86: 5.5 | M86: 0.67497076 | N86: 1
B87: STARMALT | E87: 1.8560729 | F87: 3.3 | I87: 4.5764572 | J87: 3.3 | M87: 0.83594855 | N87: 1
B88: HURRICANE REEF | F88: 7.5 | J88: 7.5 | N88: 1
B89: HURRICANE REEF PILS | E89: 4.8792509 | F89: 4.8 | I89: 6.2003724 | J89: 4.8 | M89: 0.33859649 | N89: 1
E90: 6.9068713 | F90: 5.5 | I90: 7.7100568 | J90: 5.5 | M90: 0.73915991 | N90: 1

Sheet May 5th
S1: P.G. | U1: Hot Time | W1: Process Time | Y1: Cooling Time
B2: Brewing Department Daily Process Loss Report | S2: Lower | T2: Upper | U2: Lower | V2: Upper | W2: Lower | X2: Upper | Y2: Lower | Z2: Upper
R3: CARIB | S3: 11.6 | T3: 12 | U3: 0 | V3: 0.11805556 | W3: 0.22569444 | X3: 0.26388889 | Y3: 0 | Z3: 60 | AB3: HR- PISNER
B4: Date: | C4: 45783 | J4: LOT WORT COLOUR: 3.5 | M4: Filter Sheets (Target 20 days) | R4: STAG | S4: 11.6 | T4: 12 | U4: 0 | V4: 0.11805556 | W4: 0.22569444 | X4: 0.26388889 | Y4: 0 | Z4: 60
M5: Double | N5: Single | R5: GUINNESS | S5: 17 | T5: 17.5 | U5: 0 | V5: 0.10763889 | W5: 0.24652778 | X5: 0.28472222 | Y5: 0 | Z5: 60
J6: MALT LOT: Lot 35 | L6: Sheet Day | R6: MACKESON | S6: 13.3 | T6: 13.5 | U6: 0 | V6: 0.12905093 | W6: 0.27430556 | X6: 0.30208333 | Y6: 0
R7: STARMALT | S7: 17.1 | T7: 17.5 | U7: 0 | V7: 0.13605324 | W7: 0.27430556 | X7: 0.30902778 | Y7: 0 | Z7: 60
B8: Brand | C8: Brew no. | D8: Kett. Hls | E8: Wort | F8: Cool Time(Mins) | G8: Cast. P.G. (Lab Result) | H8: Cast P.G. (Cellar Operator)-gravity | I8: Extr. Rec (78.95%) | J8: Theor. Extr. (77.5%) | K8: Boil Off /Vol. (4-6%) | L8: Boil Time | M8: Total Hot | N8: Brewing | O8: Operator | P8: Actual Pilsen Malt | R8: Hurricane Reef | S8: 16.6 | T8: 17 | U8: 0 | V8: 0.12905093 | W8: 0.27430556 | X8: 0.30208333 | Y8: 0
E9: Meter (Hls) | F9: Target(< 60Mins) | M9: Time | R9: VITAMALT | S9: 14.4 | T9: 14.6 | U9: 0 | V9: 0.13905093 | W9: 0.26041667 | X9: 0.29513889 | Y9: 0 | Z9: 75
R10: =B10 -> 0 | S10: =VLOOKUP($B10,$R$3:$X$9,2,FALSE) -> #N/A | T10: =VLOOKUP($B10,$R$3:$X$9,3,FALSE) -> #N/A | U10: =VLOOKUP($B10,$R$3:$X$9,4,FALSE) -> #N/A | V10: =VLOOKUP($B10,$R$3:$X$9,5,FALSE) -> #N/A | W10: =VLOOKUP($B10,$R$3:$X$9,6,FALSE) -> #N/A | X10: =VLOOKUP($B10,$R$3:$X$9,7,FALSE) -> #N/A | Y10: =VLOOKUP($B10,$R$3:$Z$9,8,FALSE) -> #N/A | Z10: =VLOOKUP($B10,$R$3:$Z$9,9,FALSE) -> #N/A
R11: =B11 -> 0 | S11: =VLOOKUP($B11,$R$3:$X$9,2,FALSE) -> #N/A | T11: =VLOOKUP($B11,$R$3:$X$9,3,FALSE) -> #N/A | U11: =VLOOKUP($B11,$R$3:$X$9,4,FALSE) -> #N/A | V11: =VLOOKUP($B11,$R$3:$X$9,5,FALSE) -> #N/A | W11: =VLOOKUP($B11,$R$3:$X$9,6,FALSE) -> #N/A | X11: =VLOOKUP($B11,$R$3:$X$9,7,FALSE) -> #N/A | Y11: =VLOOKUP($B11,$R$3:$Z$9,8,FALSE) -> #N/A | Z11: =VLOOKUP($B11,$R$3:$Z$9,9,FALSE) -> #N/A
R12: =B12 -> 0 | S12: =VLOOKUP($B12,$R$3:$X$9,2,FALSE) -> #N/A | T12: =VLOOKUP($B12,$R$3:$X$9,3,FALSE) -> #N/A | U12: =VLOOKUP($B12,$R$3:$X$9,4,FALSE) -> #N/A | V12: =VLOOKUP($B12,$R$3:$X$9,5,FALSE) -> #N/A | W12: =VLOOKUP($B12,$R$3:$X$9,6,FALSE) -> #N/A | X12: =VLOOKUP($B12,$R$3:$X$9,7,FALSE) -> #N/A | Y12: =VLOOKUP($B12,$R$3:$Z$9,8,FALSE) -> #N/A | Z12: =VLOOKUP($B12,$R$3:$Z$9,9,FALSE) -> #N/A
R13: =B13 -> 0 | S13: =VLOOKUP($B13,$R$3:$X$9,2,FALSE) -> #N/A | T13: =VLOOKUP($B13,$R$3:$X$9,3,FALSE) -> #N/A | U13: =VLOOKUP($B13,$R$3:$X$9,4,FALSE) -> #N/A | V13: =VLOOKUP($B13,$R$3:$X$9,5,FALSE) -> #N/A | W13: =VLOOKUP($B13,$R$3:$X$9,6,FALSE) -> #N/A | X13: =VLOOKUP($B13,$R$3:$X$9,7,FALSE) -> #N/A | Y13: =VLOOKUP($B13,$R$3:$Z$9,8,FALSE) -> #N/A | Z13: =VLOOKUP($B13,$R$3:$Z$9,9,FALSE) -> #N/A
R14: =B14 -> 0 | S14: =VLOOKUP($B14,$R$3:$X$9,2,FALSE) -> #N/A | T14: =VLOOKUP($B14,$R$3:$X$9,3,FALSE) -> #N/A | U14: =VLOOKUP($B14,$R$3:$X$9,4,FALSE) -> #N/A | V14: =VLOOKUP($B14,$R$3:$X$9,5,FALSE) -> #N/A | W14: =VLOOKUP($B14,$R$3:$X$9,6,FALSE) -> #N/A | X14: =VLOOKUP($B14,$R$3:$X$9,7,FALSE) -> #N/A | Y14: =VLOOKUP($B14,$R$3:$Z$9,8,FALSE) -> #N/A | Z14: =VLOOKUP($B14,$R$3:$Z$9,9,FALSE) -> #N/A
R15: =B15 -> 0 | S15: =VLOOKUP($B15,$R$3:$X$9,2,FALSE) -> #N/A | T15: =VLOOKUP($B15,$R$3:$X$9,3,FALSE) -> #N/A | U15: =VLOOKUP($B15,$R$3:$X$9,4,FALSE) -> #N/A | V15: =VLOOKUP($B15,$R$3:$X$9,5,FALSE) -> #N/A | W15: =VLOOKUP($B15,$R$3:$X$9,6,FALSE) -> #N/A | X15: =VLOOKUP($B15,$R$3:$X$9,7,FALSE) -> #N/A | Y15: =VLOOKUP($B15,$R$3:$Z$9,8,FALSE) -> #N/A | Z15: =VLOOKUP($B15,$R$3:$Z$9,9,FALSE) -> #N/A
R16: =B16 -> 0 | S16: =VLOOKUP($B16,$R$3:$X$9,2,FALSE) -> #N/A | T16: =VLOOKUP($B16,$R$3:$X$9,3,FALSE) -> #N/A | U16: =VLOOKUP($B16,$R$3:$X$9,4,FALSE) -> #N/A | V16: =VLOOKUP($B16,$R$3:$X$9,5,FALSE) -> #N/A | W16: =VLOOKUP($B16,$R$3:$X$9,6,FALSE) -> #N/A | X16: =VLOOKUP($B16,$R$3:$X$9,7,FALSE) -> #N/A | Y16: =VLOOKUP($B16,$R$3:$Z$9,8,FALSE) -> #N/A | Z16: =VLOOKUP($B16,$R$3:$Z$9,9,FALSE) -> #N/A
R17: =B17 -> 0 | S17: =VLOOKUP($B17,$R$3:$X$9,2,FALSE) -> #N/A | T17: =VLOOKUP($B17,$R$3:$X$9,3,FALSE) -> #N/A | U17: =VLOOKUP($B17,$R$3:$X$9,4,FALSE) -> #N/A | V17: =VLOOKUP($B17,$R$3:$X$9,5,FALSE) -> #N/A | W17: =VLOOKUP($B17,$R$3:$X$9,6,FALSE) -> #N/A | X17: =VLOOKUP($B17,$R$3:$X$9,7,FALSE) -> #N/A | Y17: =VLOOKUP($B17,$R$3:$Z$9,8,FALSE) -> #N/A | Z17: =VLOOKUP($B17,$R$3:$Z$9,9,FALSE) -> #N/A
R18: =B18 -> 0 | S18: =VLOOKUP($B18,$R$3:$X$9,2,FALSE) -> #N/A | T18: =VLOOKUP($B18,$R$3:$X$9,3,FALSE) -> #N/A | U18: =VLOOKUP($B18,$R$3:$X$9,4,FALSE) -> #N/A | V18: =VLOOKUP($B18,$R$3:$X$9,5,FALSE) -> #N/A | W18: =VLOOKUP($B18,$R$3:$X$9,6,FALSE) -> #N/A | X18: =VLOOKUP($B18,$R$3:$X$9,7,FALSE) -> #N/A | Y18: =VLOOKUP($B18,$R$3:$Z$9,8,FALSE) -> #N/A | Z18: =VLOOKUP($B18,$R$3:$Z$9,9,FALSE) -> #N/A
R19: =B19 -> 0 | S19: =VLOOKUP($B19,$R$3:$X$9,2,FALSE) -> #N/A | T19: =VLOOKUP($B19,$R$3:$X$9,3,FALSE) -> #N/A | U19: =VLOOKUP($B19,$R$3:$X$9,4,FALSE) -> #N/A | V19: =VLOOKUP($B19,$R$3:$X$9,5,FALSE) -> #N/A | W19: =VLOOKUP($B19,$R$3:$X$9,6,FALSE) -> #N/A | X19: =VLOOKUP($B19,$R$3:$X$9,7,FALSE) -> #N/A | Y19: =VLOOKUP($B19,$R$3:$Z$9,8,FALSE) -> #N/A | Z19: =VLOOKUP($B19,$R$3:$Z$9,9,FALSE) -> #N/A
R20: =B20 -> 0 | S20: =VLOOKUP($B20,$R$3:$X$9,2,FALSE) -> #N/A | T20: =VLOOKUP($B20,$R$3:$X$9,3,FALSE) -> #N/A | U20: =VLOOKUP($B20,$R$3:$X$9,4,FALSE) -> #N/A | V20: =VLOOKUP($B20,$R$3:$X$9,5,FALSE) -> #N/A | W20: =VLOOKUP($B20,$R$3:$X$9,6,FALSE) -> #N/A | X20: =VLOOKUP($B20,$R$3:$X$9,7,FALSE) -> #N/A | Y20: =VLOOKUP($B20,$R$3:$Z$9,8,FALSE) -> #N/A | Z20: =VLOOKUP($B20,$R$3:$Z$9,9,FALSE) -> #N/A
R21: =B21 -> 0 | S21: =VLOOKUP($B21,$R$3:$X$9,2,FALSE) -> #N/A | T21: =VLOOKUP($B21,$R$3:$X$9,3,FALSE) -> #N/A | U21: =VLOOKUP($B21,$R$3:$X$9,4,FALSE) -> #N/A | V21: =VLOOKUP($B21,$R$3:$X$9,5,FALSE) -> #N/A | W21: =VLOOKUP($B21,$R$3:$X$9,6,FALSE) -> #N/A | X21: =VLOOKUP($B21,$R$3:$X$9,7,FALSE) -> #N/A | Y21: =VLOOKUP($B21,$R$3:$Z$9,8,FALSE) -> #N/A | Z21: =VLOOKUP($B21,$R$3:$Z$9,9,FALSE) -> #N/A
B22: STAG | C22: =[23]Brewhouse!$A195 -> ST177 | D22: =[23]Brewhouse!$AD195 -> 52.5 | E22: =[23]Brewhouse!$AG195 -> 48.7 | F22: =[23]Brewhouse!$V195 -> 55 | G22: =[23]Brewhouse!$AE195 -> 11.73 | H22: 11.8 | I22: =[23]Brewhouse!$AS195 -> 94.420069 | J22: =[23]Brewhouse!$AT195 -> 95.816026 | K22: =[23]Brewhouse!$Q195 -> 2.2727273 | L22: =[23]Brewhouse!$P195 -> 59 | M22: =[23]Brewhouse!$U195-[23]Brewhouse!$T195 -> 0.10208333 | N22: =[23]Brewhouse!$AW195 -> 0.24652778 | O22: =[23]Brewhouse!$AV195 -> R.Sookram | R22: =B22 -> STAG | S22: =VLOOKUP($B22,$R$3:$X$9,2,FALSE) -> 11.6 | T22: =VLOOKUP($B22,$R$3:$X$9,3,FALSE) -> 12 | U22: =VLOOKUP($B22,$R$3:$X$9,4,FALSE) -> 0 | V22: =VLOOKUP($B22,$R$3:$X$9,5,FALSE) -> 0.11805556 | W22: =VLOOKUP($B22,$R$3:$X$9,6,FALSE) -> 0.22569444 | X22: =VLOOKUP($B22,$R$3:$X$9,7,FALSE) -> 0.26388889 | Y22: =VLOOKUP($B22,$R$3:$Z$9,8,FALSE) -> 0 | Z22: =VLOOKUP($B22,$R$3:$Z$9,9,FALSE) -> 60
B23: STAG | C23: =[23]Brewhouse!$A196 -> ST178 | D23: =[23]Brewhouse!$AD196 -> 54.6 | E23: =[23]Brewhouse!$AG196 -> 51.4 | F23: =[23]Brewhouse!$V196 -> 59 | G23: =[23]Brewhouse!$AE196 -> 11.9 | H23: 11.9 | I23: =[23]Brewhouse!$AS196 -> 101.4475 | J23: =[23]Brewhouse!$AT196 -> 102.94736 | K23: =[23]Brewhouse!$Q196 -> 5.4151625 | L23: =[23]Brewhouse!$P196 -> 60 | M23: =[23]Brewhouse!$U196-[23]Brewhouse!$T196 -> 0.11319444 | N23: =[23]Brewhouse!$AW196 -> 0.26805556 | O23: =[23]Brewhouse!$AV196 -> K. Benjamin | R23: =B23 -> STAG | S23: =VLOOKUP($B23,$R$3:$X$9,2,FALSE) -> 11.6 | T23: =VLOOKUP($B23,$R$3:$X$9,3,FALSE) -> 12 | U23: =VLOOKUP($B23,$R$3:$X$9,4,FALSE) -> 0 | V23: =VLOOKUP($B23,$R$3:$X$9,5,FALSE) -> 0.11805556 | W23: =VLOOKUP($B23,$R$3:$X$9,6,FALSE) -> 0.22569444 | X23: =VLOOKUP($B23,$R$3:$X$9,7,FALSE) -> 0.26388889 | Y23: =VLOOKUP($B23,$R$3:$Z$9,8,FALSE) -> 0 | Z23: =VLOOKUP($B23,$R$3:$Z$9,9,FALSE) -> 60
B24: STAG | C24: =[23]Brewhouse!$A197 -> ST179 | D24: =[23]Brewhouse!$AD197 -> 54.8 | E24: =[23]Brewhouse!$AG197 -> 51.9 | F24: =[23]Brewhouse!$V197 -> 60 | G24: =[23]Brewhouse!$AE197 -> 12 | H24: 12 | I24: =[23]Brewhouse!$AS197 -> 103.33939 | J24: =[23]Brewhouse!$AT197 -> 104.86721 | K24: =[23]Brewhouse!$Q197 -> 4.9270073 | L24: =[23]Brewhouse!$P197 -> 62 | M24: =[23]Brewhouse!$U197-[23]Brewhouse!$T197 -> 0.12916667 | N24: =[23]Brewhouse!$AW197 -> 0.28263889 | O24: =[23]Brewhouse!$AV197 -> K. Benjamin | P24: Spent grain rake didn't go down automatically | R24: =B24 -> STAG | S24: =VLOOKUP($B24,$R$3:$X$9,2,FALSE) -> 11.6 | T24: =VLOOKUP($B24,$R$3:$X$9,3,FALSE) -> 12 | U24: =VLOOKUP($B24,$R$3:$X$9,4,FALSE) -> 0 | V24: =VLOOKUP($B24,$R$3:$X$9,5,FALSE) -> 0.11805556 | W24: =VLOOKUP($B24,$R$3:$X$9,6,FALSE) -> 0.22569444 | X24: =VLOOKUP($B24,$R$3:$X$9,7,FALSE) -> 0.26388889 | Y24: =VLOOKUP($B24,$R$3:$Z$9,8,FALSE) -> 0 | Z24: =VLOOKUP($B24,$R$3:$Z$9,9,FALSE) -> 60
B25: STAG | C25: =[23]Brewhouse!$A198 -> ST180 | D25: =[23]Brewhouse!$AD198 -> 54.3 | E25: =[23]Brewhouse!$AG198 -> 51.2 | F25: =[23]Brewhouse!$V198 -> 63 | G25: =[23]Brewhouse!$AE198 -> 11.6 | H25: 11.7 | I25: =[23]Brewhouse!$AS198 -> 98.251297 | J25: =[23]Brewhouse!$AT198 -> 99.704369 | K25: =[23]Brewhouse!$Q198 -> 3.8461538 | L25: =[23]Brewhouse!$P198 -> 62 | M25: =[23]Brewhouse!$U198-[23]Brewhouse!$T198 -> 0.11041667 | N25: =[23]Brewhouse!$AW198 -> 0.26319444 | O25: =[23]Brewhouse!$AV198 -> K. Benjamin | P25: Brew copper up in pre-run tank | R25: =B25 -> STAG | S25: =VLOOKUP($B25,$R$3:$X$9,2,FALSE) -> 11.6 | T25: =VLOOKUP($B25,$R$3:$X$9,3,FALSE) -> 12 | U25: =VLOOKUP($B25,$R$3:$X$9,4,FALSE) -> 0 | V25: =VLOOKUP($B25,$R$3:$X$9,5,FALSE) -> 0.11805556 | W25: =VLOOKUP($B25,$R$3:$X$9,6,FALSE) -> 0.22569444 | X25: =VLOOKUP($B25,$R$3:$X$9,7,FALSE) -> 0.26388889 | Y25: =VLOOKUP($B25,$R$3:$Z$9,8,FALSE) -> 0 | Z25: =VLOOKUP($B25,$R$3:$Z$9,9,FALSE) -> 60
B26: STAG | C26: =[23]Brewhouse!$A199 -> ST181 | D26: =[23]Brewhouse!$AD199 -> 53.7 | E26: =[23]Brewhouse!$AG199 -> 50.5 | F26: =[23]Brewhouse!$V199 -> 65 | G26: =[23]Brewhouse!$AE199 -> 12.04 | H26: 11.8 | I26: =[23]Brewhouse!$AS199 -> 100.42613 | J26: =[23]Brewhouse!$AT199 -> 101.91137 | K26: =[23]Brewhouse!$Q199 -> 3.2967033 | L26: =[23]Brewhouse!$P199 -> 59 | M26: =[23]Brewhouse!$U199-[23]Brewhouse!$T199 -> 0.13541667 | N26: =[23]Brewhouse!$AW199 -> 0.28472222 | O26: =[23]Brewhouse!$AV199 -> K. Benjamin | P26: Extra boiled | R26: =B26 -> STAG | S26: =VLOOKUP($B26,$R$3:$X$9,2,FALSE) -> 11.6 | T26: =VLOOKUP($B26,$R$3:$X$9,3,FALSE) -> 12 | U26: =VLOOKUP($B26,$R$3:$X$9,4,FALSE) -> 0 | V26: =VLOOKUP($B26,$R$3:$X$9,5,FALSE) -> 0.11805556 | W26: =VLOOKUP($B26,$R$3:$X$9,6,FALSE) -> 0.22569444 | X26: =VLOOKUP($B26,$R$3:$X$9,7,FALSE) -> 0.26388889 | Y26: =VLOOKUP($B26,$R$3:$Z$9,8,FALSE) -> 0 | Z26: =VLOOKUP($B26,$R$3:$Z$9,9,FALSE) -> 60
B27: STAG | C27: =[23]Brewhouse!$A200 -> ST182 | D27: =[23]Brewhouse!$AD200 -> 53.7 | E27: =[23]Brewhouse!$AG200 -> 50.6 | F27: =[23]Brewhouse!$V200 -> 75 | G27: =[23]Brewhouse!$AE200 -> 12.01 | H27: 12 | I27: =[23]Brewhouse!$AS200 -> 100.62499 | J27: =[23]Brewhouse!$AT200 -> 102.11317 | K27: =[23]Brewhouse!$Q200 -> 4.9001815 | L27: =[23]Brewhouse!$P200 -> 55 | M27: =[23]Brewhouse!$U200-[23]Brewhouse!$T200 -> 0.12777778 | N27: =[23]Brewhouse!$AW200 -> 0.29583333 | O27: =[23]Brewhouse!$AV200 -> K. Benjamin | P27: Heating up problem | R27: =B27 -> STAG | S27: =VLOOKUP($B27,$R$3:$X$9,2,FALSE) -> 11.6 | T27: =VLOOKUP($B27,$R$3:$X$9,3,FALSE) -> 12 | U27: =VLOOKUP($B27,$R$3:$X$9,4,FALSE) -> 0 | V27: =VLOOKUP($B27,$R$3:$X$9,5,FALSE) -> 0.11805556 | W27: =VLOOKUP($B27,$R$3:$X$9,6,FALSE) -> 0.22569444 | X27: =VLOOKUP($B27,$R$3:$X$9,7,FALSE) -> 0.26388889 | Y27: =VLOOKUP($B27,$R$3:$Z$9,8,FALSE) -> 0 | Z27: =VLOOKUP($B27,$R$3:$Z$9,9,FALSE) -> 60
B28: STAG | C28: =[23]Brewhouse!$A201 -> ST183 | D28: =[23]Brewhouse!$AD201 -> 54.1 | E28: =[23]Brewhouse!$AG201 -> 50.7 | F28: =[23]Brewhouse!$V201 -> 69 | G28: =[23]Brewhouse!$AE201 -> 11.68 | H28: 11.8 | I28: =[23]Brewhouse!$AS201 -> 98.29769 | J28: =[23]Brewhouse!$AT201 -> 99.750975 | K28: =[23]Brewhouse!$Q201 -> 3.4482759 | L28: =[23]Brewhouse!$P201 -> 62 | M28: =[23]Brewhouse!$U201-[23]Brewhouse!$T201 -> 0.11388889 | N28: =[23]Brewhouse!$AW201 -> 0.28680556 | O28: =[23]Brewhouse!$AV201 -> D. Gomaz | P28: Heating up problem | R28: =B28 -> STAG | S28: =VLOOKUP($B28,$R$3:$X$9,2,FALSE) -> 11.6 | T28: =VLOOKUP($B28,$R$3:$X$9,3,FALSE) -> 12 | U28: =VLOOKUP($B28,$R$3:$X$9,4,FALSE) -> 0 | V28: =VLOOKUP($B28,$R$3:$X$9,5,FALSE) -> 0.11805556 | W28: =VLOOKUP($B28,$R$3:$X$9,6,FALSE) -> 0.22569444 | X28: =VLOOKUP($B28,$R$3:$X$9,7,FALSE) -> 0.26388889 | Y28: =VLOOKUP($B28,$R$3:$Z$9,8,FALSE) -> 0 | Z28: =VLOOKUP($B28,$R$3:$Z$9,9,FALSE) -> 60
B29: STAG | C29: =[23]Brewhouse!$A202 -> ST184 | D29: =[23]Brewhouse!$AD202 -> 54.7 | E29: =[23]Brewhouse!$AG202 -> 51.8 | F29: =[23]Brewhouse!$V202 -> 68 | G29: =[23]Brewhouse!$AE202 -> 11.74 | H29: 11.7 | I29: =[23]Brewhouse!$AS202 -> 100.30485 | J29: =[23]Brewhouse!$AT202 -> 101.78829 | K29: =[23]Brewhouse!$Q202 -> 3.2667877 | L29: =[23]Brewhouse!$P202 -> 58 | M29: =[23]Brewhouse!$U202-[23]Brewhouse!$T202 -> 0.11319444 | N29: =[23]Brewhouse!$AW202 -> 0.26527778 | O29: =[23]Brewhouse!$AV202 -> D. Gomaz | P29: Heating up problem | R29: =B29 -> STAG | S29: =VLOOKUP($B29,$R$3:$X$9,2,FALSE) -> 11.6 | T29: =VLOOKUP($B29,$R$3:$X$9,3,FALSE) -> 12 | U29: =VLOOKUP($B29,$R$3:$X$9,4,FALSE) -> 0 | V29: =VLOOKUP($B29,$R$3:$X$9,5,FALSE) -> 0.11805556 | W29: =VLOOKUP($B29,$R$3:$X$9,6,FALSE) -> 0.22569444 | X29: =VLOOKUP($B29,$R$3:$X$9,7,FALSE) -> 0.26388889 | Y29: =VLOOKUP($B29,$R$3:$Z$9,8,FALSE) -> 0 | Z29: =VLOOKUP($B29,$R$3:$Z$9,9,FALSE) -> 60
B31: STARMALT | C31: =[27]Brewhouse!$A36 -> SM027 | D31: =[27]Brewhouse!$AH$36 -> 54.1 | E31: =[27]Brewhouse!$AM$36 -> 52.1 | F31: =[27]Brewhouse!$Z36 -> 86 | G31: =[27]Brewhouse!$AK36 -> 17.32 | H31: 17.3 | I31: =[27]Brewhouse!$AY36 -> 98.749265 | J31: =[27]Brewhouse!$AZ36 -> 99.601552 | K31: =[27]Brewhouse!$U36 -> 0.70240296 | L31: =[27]Brewhouse!$T36 -> 60 | M31: =[27]Brewhouse!$Y36-[27]Brewhouse!$X36 -> 0.13611111 | N31: =[27]Brewhouse!$AD36 -> 0.28263889 | O31: =[27]Brewhouse!$BC36 -> D. Gomaz | P31: Poor cooling
R42: =B42 -> 0 | S42: =VLOOKUP($B42,$R$3:$X$9,2,FALSE) -> #N/A | T42: =VLOOKUP($B42,$R$3:$X$9,3,FALSE) -> #N/A | U42: =VLOOKUP($B42,$R$3:$X$9,4,FALSE) -> #N/A | V42: =VLOOKUP($B42,$R$3:$X$9,5,FALSE) -> #N/A | W42: =VLOOKUP($B42,$R$3:$X$9,6,FALSE) -> #N/A | X42: =VLOOKUP($B42,$R$3:$X$9,7,FALSE) -> #N/A | Y42: =VLOOKUP($B42,$R$3:$Z$9,8,FALSE) -> #N/A | Z42: =VLOOKUP($B42,$R$3:$Z$9,9,FALSE) -> #N/A
R43: =B43 -> 0 | S43: =VLOOKUP($B43,$R$3:$X$9,2,FALSE) -> #N/A | T43: =VLOOKUP($B43,$R$3:$X$9,3,FALSE) -> #N/A | U43: =VLOOKUP($B43,$R$3:$X$9,4,FALSE) -> #N/A | V43: =VLOOKUP($B43,$R$3:$X$9,5,FALSE) -> #N/A | W43: =VLOOKUP($B43,$R$3:$X$9,6,FALSE) -> #N/A | X43: =VLOOKUP($B43,$R$3:$X$9,7,FALSE) -> #N/A | Y43: =VLOOKUP($B43,$R$3:$Z$9,8,FALSE) -> #N/A | Z43: =VLOOKUP($B43,$R$3:$Z$9,9,FALSE) -> #N/A
R44: =B44 -> 0 | S44: =VLOOKUP($B44,$R$3:$X$9,2,FALSE) -> #N/A | T44: =VLOOKUP($B44,$R$3:$X$9,3,FALSE) -> #N/A | U44: =VLOOKUP($B44,$R$3:$X$9,4,FALSE) -> #N/A | V44: =VLOOKUP($B44,$R$3:$X$9,5,FALSE) -> #N/A | W44: =VLOOKUP($B44,$R$3:$X$9,6,FALSE) -> #N/A | X44: =VLOOKUP($B44,$R$3:$X$9,7,FALSE) -> #N/A | Y44: =VLOOKUP($B44,$R$3:$Z$9,8,FALSE) -> #N/A | Z44: =VLOOKUP($B44,$R$3:$Z$9,9,FALSE) -> #N/A
R45: =B45 -> 0 | S45: =VLOOKUP($B45,$R$3:$X$9,2,FALSE) -> #N/A | T45: =VLOOKUP($B45,$R$3:$X$9,3,FALSE) -> #N/A | U45: =VLOOKUP($B45,$R$3:$X$9,4,FALSE) -> #N/A | V45: =VLOOKUP($B45,$R$3:$X$9,5,FALSE) -> #N/A | W45: =VLOOKUP($B45,$R$3:$X$9,6,FALSE) -> #N/A | X45: =VLOOKUP($B45,$R$3:$X$9,7,FALSE) -> #N/A | Y45: =VLOOKUP($B45,$R$3:$Z$9,8,FALSE) -> #N/A | Z45: =VLOOKUP($B45,$R$3:$Z$9,9,FALSE) -> #N/A
R46: =B46 -> 0 | S46: =VLOOKUP($B46,$R$3:$X$9,2,FALSE) -> #N/A | T46: =VLOOKUP($B46,$R$3:$X$9,3,FALSE) -> #N/A | U46: =VLOOKUP($B46,$R$3:$X$9,4,FALSE) -> #N/A | V46: =VLOOKUP($B46,$R$3:$X$9,5,FALSE) -> #N/A | W46: =VLOOKUP($B46,$R$3:$X$9,6,FALSE) -> #N/A | X46: =VLOOKUP($B46,$R$3:$X$9,7,FALSE) -> #N/A | Y46: =VLOOKUP($B46,$R$3:$Z$9,8,FALSE) -> #N/A | Z46: =VLOOKUP($B46,$R$3:$Z$9,9,FALSE) -> #N/A
R47: =B47 -> 0 | S47: =VLOOKUP($B47,$R$3:$X$9,2,FALSE) -> #N/A | T47: =VLOOKUP($B47,$R$3:$X$9,3,FALSE) -> #N/A | U47: =VLOOKUP($B47,$R$3:$X$9,4,FALSE) -> #N/A | V47: =VLOOKUP($B47,$R$3:$X$9,5,FALSE) -> #N/A | W47: =VLOOKUP($B47,$R$3:$X$9,6,FALSE) -> #N/A | X47: =VLOOKUP($B47,$R$3:$X$9,7,FALSE) -> #N/A | Y47: =VLOOKUP($B47,$R$3:$Z$9,8,FALSE) -> #N/A | Z47: =VLOOKUP($B47,$R$3:$Z$9,9,FALSE) -> #N/A
R48: =B48 -> 0 | S48: =VLOOKUP($B48,$R$3:$X$9,2,FALSE) -> #N/A | T48: =VLOOKUP($B48,$R$3:$X$9,3,FALSE) -> #N/A | U48: =VLOOKUP($B48,$R$3:$X$9,4,FALSE) -> #N/A | V48: =VLOOKUP($B48,$R$3:$X$9,5,FALSE) -> #N/A | W48: =VLOOKUP($B48,$R$3:$X$9,6,FALSE) -> #N/A | X48: =VLOOKUP($B48,$R$3:$X$9,7,FALSE) -> #N/A | Y48: =VLOOKUP($B48,$R$3:$Z$9,8,FALSE) -> #N/A | Z48: =VLOOKUP($B48,$R$3:$Z$9,9,FALSE) -> #N/A
R49: =B49 -> 0 | S49: =VLOOKUP($B49,$R$3:$X$9,2,FALSE) -> #N/A | T49: =VLOOKUP($B49,$R$3:$X$9,3,FALSE) -> #N/A | U49: =VLOOKUP($B49,$R$3:$X$9,4,FALSE) -> #N/A | V49: =VLOOKUP($B49,$R$3:$X$9,5,FALSE) -> #N/A | W49: =VLOOKUP($B49,$R$3:$X$9,6,FALSE) -> #N/A | X49: =VLOOKUP($B49,$R$3:$X$9,7,FALSE) -> #N/A | Y49: =VLOOKUP($B49,$R$3:$Z$9,8,FALSE) -> #N/A | Z49: =VLOOKUP($B49,$R$3:$Z$9,9,FALSE) -> #N/A
R50: =B50 -> 0 | S50: =VLOOKUP($B50,$R$3:$X$9,2,FALSE) -> #N/A | T50: =VLOOKUP($B50,$R$3:$X$9,3,FALSE) -> #N/A | U50: =VLOOKUP($B50,$R$3:$X$9,4,FALSE) -> #N/A | V50: =VLOOKUP($B50,$R$3:$X$9,5,FALSE) -> #N/A | W50: =VLOOKUP($B50,$R$3:$X$9,6,FALSE) -> #N/A | X50: =VLOOKUP($B50,$R$3:$X$9,7,FALSE) -> #N/A | Y50: =VLOOKUP($B50,$R$3:$Z$9,8,FALSE) -> #N/A | Z50: =VLOOKUP($B50,$R$3:$Z$9,9,FALSE) -> #N/A
I51: EXTRACT RECOVERY | R51: =B51 -> 0 | S51: =VLOOKUP($B51,$R$3:$X$9,2,FALSE) -> #N/A | T51: =VLOOKUP($B51,$R$3:$X$9,3,FALSE) -> #N/A | U51: =VLOOKUP($B51,$R$3:$X$9,4,FALSE) -> #N/A | V51: =VLOOKUP($B51,$R$3:$X$9,5,FALSE) -> #N/A | W51: =VLOOKUP($B51,$R$3:$X$9,6,FALSE) -> #N/A | X51: =VLOOKUP($B51,$R$3:$X$9,7,FALSE) -> #N/A | Y51: =VLOOKUP($B51,$R$3:$Z$9,8,FALSE) -> #N/A | Z51: =VLOOKUP($B51,$R$3:$Z$9,9,FALSE) -> #N/A
B52: BRAND | D52: BBT P.G./ O.G | I52: Brand | J52: Actual | K52: MTD No. of Brews | L52: MTD | M52: YTD | N52: Target
I53: CARIB | K53: =COUNTA([22]Brewhouse!$A$408:$A$423) -> 16 | L53: =AVERAGE([22]Brewhouse!$AU$408:$AU$423) -> 98.025343 | M53: =AVERAGE([22]Brewhouse!$AU$102:$AU$171,[22]Brewhouse!$AU$173:$AU$253,[22]Brewhouse!$AU$255:$AU$339,[22]Brewhouse!$AU$341:$AU$346,[22]Brewhouse!$AU$348,[22]Brewhouse!$AU$349:$AU$406) -> 97.396136 | N53: 98
I54: STAG | J54: =AVERAGE(I22:I29) -> 99.63899 | K54: =COUNTA([23]Brewhouse!$A$195:$A$202) -> 8 | L54: =AVERAGE([23]Brewhouse!$AS$195:$AS$202) -> 99.63899 | M54: =AVERAGE([23]Brewhouse!$AS$15:$AS$64,[23]Brewhouse!$AS$66:$AS$103,[23]Brewhouse!$AS$105:$AS$140,[23]Brewhouse!$AS$142:$AS$193,[23]Brewhouse!$AS$195:$AS$202) -> 97.544278 | N54: 98
I55: GUINNESS | M55: =AVERAGE([24]Brewhouse!$AU$4:$AU$7,[24]Brewhouse!$AU$9:$AU$22,[24]Brewhouse!$AU$24:$AU$35,[24]Brewhouse!$AU$37:$AU$45) -> 97.086749 | N55: 98
I56: VITAMALT | M56: =AVERAGE([25]Brewhouse!$AV$5:$AV$14,[25]Brewhouse!$AV$16:$AV$19,[25]Brewhouse!$AV$21:$AV$24,[25]Brewhouse!$AV$26:$AV$33) -> 98.921975 | N56: 98
I57: MAXIMALT | N57: 98
I58: MACKESON | M58: =AVERAGE([26]Brewhouse!$AT$4:$AT$11,[26]Brewhouse!$AT$13:$AT$16) -> 95.16531 | N58: 98
I59: STARMALT | J59: =I31 -> 98.749265 | K59: =COUNTA([27]Brewhouse!$A$36) -> 1 | L59: =AVERAGE([27]Brewhouse!$AY$36) -> 98.749265 | M59: =AVERAGE([27]Brewhouse!$AY$6:$AY$13,[27]Brewhouse!$AY$15:$AY$20,[27]Brewhouse!$AY$22:$AY$29,[27]Brewhouse!$AY$31:$AY$34,[27]Brewhouse!$AY$36) -> 96.218235 | N59: 98
I60: HR- Pils | M60: =AVERAGE([28]Brewhouse!$AU$5:$AU$8) -> 91.006888 | N60: 98
I61: HR- IPA | N61: 98
I62: HR- APA | N62: 98
K63: =SUM(K53:K62) -> 25 | L63: =((L53*K53)+(L54*K54)+(L55*K55)+(L56*K56)+(L57*K57)+(K60*L60)+(L58*K58)+(L59*K59)+(L62*K62))/(K63) -> 98.570667 | M63: =AVERAGE('[29]Jan 31st'!$L$65,'[30]Feb 28th'!$L$35,'[31]Mar. 31st'!$L$35,L63) -> 97.183971 | N63: 98
J65: Daily Brewing Plan
J66: Brand | K66: Brews Achieved | L66: Average Brews per day
J67: CARIB | L67: MTD | M67: YTD | N67: TARGET
J68: STAG | K68: =COUNTA(B22:B29) -> 8 | L68: =AVERAGE('May 2nd -4th'!I70,'May 2nd -4th'!K70,I77) -> 8 | M68: =AVERAGE('[29]Jan 29th '!$M$70,'[30]Feb 28th'!$L$40,'[31]Mar. 31st'!$L$40,'[32]Apr. 30th'!$L$50,L68) -> 6.7891543 | N68: 9.2
J69: GUINN
J70: VITAMALT
J71: STARMALT | K71: =COUNTA(B31) -> 1
J72: MACKESON
J73: HURRICANE REEF- IPA
J74: HURRICANE REEF- APA
B75: AVERAGE | D75: =AVERAGE(D53:E74) -> #DIV/0! | J75: HR- PILSNER
J76: CARIBE
J77: Total | K77: =SUM(K67:K76) -> 9
B78: Process: | C78: Fermentation/Filtration
B80: Brand | C80: Filt. Date | D80: FV Hls | E80: GFE/ Prim/ Vita Blend (Hls) | F80: SV Hls | G80: BBT Hls | H80: Loss (%) Ferm | I80: Loss (%) Filt | J80: Comments | K80: Throughput | L80: Process Loss (%) | M80: Filt. Operator
AB81: 43474 | AC81: 43475 | AD81: 43476 | AE81: 43477 | AF81: 43478 | AG81: 43479 | AH81: 43480 | AI81: 43481 | AJ81: 43482 | AK81: 43483 | AL81: 43484 | AM81: 43485 | AN81: 43486 | AO81: 43487 | AP81: 43488 | AQ81: 43489 | AR81: 43490 | AS81: 43491 | AT81: 43492 | AU81: 43493 | AV81: 43494 | AW81: 43495 | AX81: 43496
AB82: =[20]January_2019!L7 -> #REF! | AC82: =[20]January_2019!M7 -> #REF! | AD82: =[20]January_2019!N7 -> #REF! | AE82: =[20]January_2019!O7 -> #REF! | AF82: =[20]January_2019!P7 -> #REF! | AG82: =[20]January_2019!Q7 -> #REF! | AH82: =[20]January_2019!R7 -> #REF! | AI82: =[20]January_2019!S7 -> #REF! | ... AX82: =[20]January_2019!AH7 -> #REF!
B86: Process Loss (Volume) | G86: Process Loss (Extract) | K86: Throughput
B87: Brand | C87: Actual | D87: MTD | E87: YTD | F87: Target | G87: Actual | H87: MTD | I87: YTD | J87: Target | L87: MTD | M87: YTD | N87: Target
B88: CARIB | E88: 7.2663165 | F88: 4.8 | I88: 7.5478155 | J88: 4.8 | M88: 0.759705 | N88: 1
B89: STAG | E89: 6.1326235 | F89: 4.8 | I89: 6.6012405 | J89: 4.8 | M89: 0.75323692 | N89: 1
B90: GUINN | E90: 12.554573 | F90: 5.5 | I90: 13.449891 | J90: 5.5 | M90: 0.54554654 | N90: 1
B91: VITAMALT | E91: 2.2218159 | F91: 3.3 | I91: 5.0359152 | J91: 3.3 | M91: 0.87880702 | N91: 1
B92: MAXIMALT | F92: 3.3 | J92: 3 | N92: 1
B93: MACKESON | E93: 7.8262258 | F93: =[21]May_2022!$M$43 -> 3.4878407 | I93: 9.4300679 | J93: 5.5 | M93: 0.67497076 | N93: 1
B94: STARMALT | E94: 1.8560729 | F94: 3.3 | I94: 4.5764572 | J94: 3.3 | M94: 0.83594855 | N94: 1
B95: HURRICANE REEF | F95: 7.5 | J95: 7.5 | N95: 1
B96: HURRICANE REEF PILS | E96: 4.8792509 | F96: 4.8 | I96: 6.2003724 | J96: 4.8 | M96: 0.33859649 | N96: 1
E97: 6.9068713 | F97: 5.5 | I97: 7.7100568 | J97: 5.5 | M97: 0.73915991 | N97: 1

Sheet May 6th
S1: P.G. | U1: Hot Time | W1: Process Time | Y1: Cooling Time
B2: Brewing Department Daily Process Loss Report | S2: Lower | T2: Upper | U2: Lower | V2: Upper | W2: Lower | X2: Upper | Y2: Lower | Z2: Upper
R3: CARIB | S3: 11.6 | T3: 12 | U3: 0 | V3: 0.11805556 | W3: 0.22569444 | X3: 0.26388889 | Y3: 0 | Z3: 60 | AB3: HR- PISNER
B4: Date: | C4: 45784 | J4: LOT WORT COLOUR: 3.5 | M4: Filter Sheets (Target 20 days) | R4: STAG | S4: 11.6 | T4: 12 | U4: 0 | V4: 0.11805556 | W4: 0.22569444 | X4: 0.26388889 | Y4: 0 | Z4: 60
M5: Double | N5: Single | R5: GUINNESS | S5: 17 | T5: 17.5 | U5: 0 | V5: 0.10763889 | W5: 0.24652778 | X5: 0.28472222 | Y5: 0 | Z5: 60
J6: MALT LOT: Lot 35 | L6: Sheet Day | R6: MACKESON | S6: 13.3 | T6: 13.5 | U6: 0 | V6: 0.12905093 | W6: 0.27430556 | X6: 0.30208333 | Y6: 0
R7: STARMALT | S7: 17.1 | T7: 17.5 | U7: 0 | V7: 0.13605324 | W7: 0.27430556 | X7: 0.30902778 | Y7: 0 | Z7: 60
B8: Brand | C8: Brew no. | D8: Kett. Hls | E8: Wort | F8: Cool Time(Mins) | G8: Cast. P.G. (Lab Result) | H8: Cast P.G. (Cellar Operator)-gravity | I8: Extr. Rec (78.95%) | J8: Theor. Extr. (77.5%) | K8: Boil Off /Vol. (4-6%) | L8: Boil Time | M8: Total Hot | N8: Brewing | O8: Operator | P8: Actual Pilsen Malt | R8: Hurricane Reef | S8: 16.6 | T8: 17 | U8: 0 | V8: 0.12905093 | W8: 0.27430556 | X8: 0.30208333 | Y8: 0
E9: Meter (Hls) | F9: Target(< 60Mins) | M9: Time | R9: VITAMALT | S9: 14.4 | T9: 14.6 | U9: 0 | V9: 0.13905093 | W9: 0.26041667 | X9: 0.29513889 | Y9: 0 | Z9: 75
B10: STARMALT | C10: =[27]Brewhouse!$A37 -> SM028 | D10: =[27]Brewhouse!$AH36 -> 54.1 | E10: =[27]Brewhouse!$AM36 -> 52.1 | F10: =[27]Brewhouse!$Z37 -> 76 | G10: =[27]Brewhouse!$AK37 -> 17.6 | I10: =[27]Brewhouse!$AY37 -> 96.781968 | J10: =[27]Brewhouse!$AZ37 -> 97.6165 | K10: =[27]Brewhouse!$U37 -> 3.9846743 | L10: =[27]Brewhouse!$T37 -> 61 | M10: =[27]Brewhouse!$Y37-[27]Brewhouse!$X37 -> 0.12708333 | N10: =[27]Brewhouse!$AD37 -> 0.27847222 | O10: =[27]Brewhouse!$BC37 -> R.Sookram | P10: Compressor down | R10: =B10 -> STARMALT | S10: =VLOOKUP($B10,$R$3:$X$9,2,FALSE) -> 17.1 | T10: =VLOOKUP($B10,$R$3:$X$9,3,FALSE) -> 17.5 | U10: =VLOOKUP($B10,$R$3:$X$9,4,FALSE) -> 0 | V10: =VLOOKUP($B10,$R$3:$X$9,5,FALSE) -> 0.13605324 | W10: =VLOOKUP($B10,$R$3:$X$9,6,FALSE) -> 0.27430556 | X10: =VLOOKUP($B10,$R$3:$X$9,7,FALSE) -> 0.30902778 | Y10: =VLOOKUP($B10,$R$3:$Z$9,8,FALSE) -> 0 | Z10: =VLOOKUP($B10,$R$3:$Z$9,9,FALSE) -> 60
B11: STARMALT | C11: =[27]Brewhouse!$A38 -> SM029 | D11: =[27]Brewhouse!$AH37 -> 52.2 | E11: =[27]Brewhouse!$AM37 -> 50.1 | F11: =[27]Brewhouse!$Z38 -> 70 | G11: =[27]Brewhouse!$AK38 -> 17.5 | I11: =[27]Brewhouse!$AY38 -> 97.813869 | J11: =[27]Brewhouse!$AZ38 -> 98.658084 | K11: =[27]Brewhouse!$U38 -> 4.1132075 | L11: =[27]Brewhouse!$T38 -> 60 | M11: =[27]Brewhouse!$Y38-[27]Brewhouse!$X38 -> 0.12361111 | N11: =[27]Brewhouse!$AD38 -> 0.27083333 | O11: =[27]Brewhouse!$BC38 -> K. Benjamin | P11: Compressor down | R11: =B11 -> STARMALT | S11: =VLOOKUP($B11,$R$3:$X$9,2,FALSE) -> 17.1 | T11: =VLOOKUP($B11,$R$3:$X$9,3,FALSE) -> 17.5 | U11: =VLOOKUP($B11,$R$3:$X$9,4,FALSE) -> 0 | V11: =VLOOKUP($B11,$R$3:$X$9,5,FALSE) -> 0.13605324 | W11: =VLOOKUP($B11,$R$3:$X$9,6,FALSE) -> 0.27430556 | X11: =VLOOKUP($B11,$R$3:$X$9,7,FALSE) -> 0.30902778 | Y11: =VLOOKUP($B11,$R$3:$Z$9,8,FALSE) -> 0 | Z11: =VLOOKUP($B11,$R$3:$Z$9,9,FALSE) -> 60
B12: STARMALT | C12: =[27]Brewhouse!$A39 -> SM030 | D12: =[27]Brewhouse!$AH38 -> 53 | E12: =[27]Brewhouse!$AM38 -> 51 | F12: =[27]Brewhouse!$Z39 -> 81 | G12: =[27]Brewhouse!$AK39 -> 17.14 | I12: =[27]Brewhouse!$AY39 -> 99.687121 | J12: =[27]Brewhouse!$AZ39 -> 100.5483 | K12: =[27]Brewhouse!$U39 -> 2.6235741 | L12: =[27]Brewhouse!$T39 -> 61 | M12: =[27]Brewhouse!$Y39-[27]Brewhouse!$X39 -> 0.13819444 | N12: =[27]Brewhouse!$AD39 -> 0.29027778 | O12: =[27]Brewhouse!$BC39 -> K. Benjamin | P12: Compressor down | R12: =B12 -> STARMALT | S12: =VLOOKUP($B12,$R$3:$X$9,2,FALSE) -> 17.1 | T12: =VLOOKUP($B12,$R$3:$X$9,3,FALSE) -> 17.5 | U12: =VLOOKUP($B12,$R$3:$X$9,4,FALSE) -> 0 | V12: =VLOOKUP($B12,$R$3:$X$9,5,FALSE) -> 0.13605324 | W12: =VLOOKUP($B12,$R$3:$X$9,6,FALSE) -> 0.27430556 | X12: =VLOOKUP($B12,$R$3:$X$9,7,FALSE) -> 0.30902778 | Y12: =VLOOKUP($B12,$R$3:$Z$9,8,FALSE) -> 0 | Z12: =VLOOKUP($B12,$R$3:$Z$9,9,FALSE) -> 60
B13: STARMALT | C13: =[27]Brewhouse!$A40 -> SM031 | D13: =[27]Brewhouse!$AH39 -> 52.6 | E13: =[27]Brewhouse!$AM39 -> 53.3 | F13: =[27]Brewhouse!$Z40 -> 83 | G13: =[27]Brewhouse!$AK40 -> 16.87 | I13: =[27]Brewhouse!$AY40 -> 98.326954 | J13: =[27]Brewhouse!$AZ40 -> 99.175597 | K13: =[27]Brewhouse!$U40 -> 4.0445269 | L13: =[27]Brewhouse!$T40 -> 59 | M13: =[27]Brewhouse!$Y40-[27]Brewhouse!$X40 -> 0.13819444 | N13: =[27]Brewhouse!$AD40 -> 0.29375 | O13: =[27]Brewhouse!$BC40 -> K. Benjamin | P13: Compensation brews | R13: =B13 -> STARMALT | S13: =VLOOKUP($B13,$R$3:$X$9,2,FALSE) -> 17.1 | T13: =VLOOKUP($B13,$R$3:$X$9,3,FALSE) -> 17.5 | U13: =VLOOKUP($B13,$R$3:$X$9,4,FALSE) -> 0 | V13: =VLOOKUP($B13,$R$3:$X$9,5,FALSE) -> 0.13605324 | W13: =VLOOKUP($B13,$R$3:$X$9,6,FALSE) -> 0.27430556 | X13: =VLOOKUP($B13,$R$3:$X$9,7,FALSE) -> 0.30902778 | Y13: =VLOOKUP($B13,$R$3:$Z$9,8,FALSE) -> 0 | Z13: =VLOOKUP($B13,$R$3:$Z$9,9,FALSE) -> 60
B14: STARMALT | C14: =[27]Brewhouse!$A41 -> SM032 | D14: =[27]Brewhouse!$AH40 -> 53.9 | E14: =[27]Brewhouse!$AM40 -> 53.2 | F14: =[27]Brewhouse!$Z41 -> 101 | G14: =[27]Brewhouse!$AK41 -> 17 | I14: =[27]Brewhouse!$AY41 -> 98.820484 | J14: =[27]Brewhouse!$AZ41 -> 99.672593 | K14: =[27]Brewhouse!$U41 -> 2.5988701 | L14: =[27]Brewhouse!$T41 -> 60 | M14: =[27]Brewhouse!$Y41-[27]Brewhouse!$X41 -> 0.14513889 | N14: =[27]Brewhouse!$AD41 -> 0.30347222 | O14: =[27]Brewhouse!$BC41 -> K. Benjamin | P14: Compensation brews | R14: =B14 -> STARMALT | S14: =VLOOKUP($B14,$R$3:$X$9,2,FALSE) -> 17.1 | T14: =VLOOKUP($B14,$R$3:$X$9,3,FALSE) -> 17.5 | U14: =VLOOKUP($B14,$R$3:$X$9,4,FALSE) -> 0 | V14: =VLOOKUP($B14,$R$3:$X$9,5,FALSE) -> 0.13605324 | W14: =VLOOKUP($B14,$R$3:$X$9,6,FALSE) -> 0.27430556 | X14: =VLOOKUP($B14,$R$3:$X$9,7,FALSE) -> 0.30902778 | Y14: =VLOOKUP($B14,$R$3:$Z$9,8,FALSE) -> 0 | Z14: =VLOOKUP($B14,$R$3:$Z$9,9,FALSE) -> 60
B15: STARMALT | C15: =[27]Brewhouse!$A42 -> SM033 | D15: =[27]Brewhouse!$AH41 -> 53.1 | E15: =[27]Brewhouse!$AM41 -> 53.1 | F15: =[27]Brewhouse!$Z42 -> 89 | G15: =[27]Brewhouse!$AK42 -> 16.9 | I15: =[27]Brewhouse!$AY42 -> 95.562254 | J15: =[27]Brewhouse!$AZ42 -> 96.432694 | K15: =[27]Brewhouse!$U42 -> 4.2616822 | L15: =[27]Brewhouse!$T42 -> 60 | M15: =[27]Brewhouse!$Y42-[27]Brewhouse!$X42 -> 0.13541667 | N15: =[27]Brewhouse!$AD42 -> 0.29444444 | O15: =[27]Brewhouse!$BC42 -> D. Gomaz | P15: Compensation brews | R15: =B15 -> STARMALT | S15: =VLOOKUP($B15,$R$3:$X$9,2,FALSE) -> 17.1 | T15: =VLOOKUP($B15,$R$3:$X$9,3,FALSE) -> 17.5 | U15: =VLOOKUP($B15,$R$3:$X$9,4,FALSE) -> 0 | V15: =VLOOKUP($B15,$R$3:$X$9,5,FALSE) -> 0.13605324 | W15: =VLOOKUP($B15,$R$3:$X$9,6,FALSE) -> 0.27430556 | X15: =VLOOKUP($B15,$R$3:$X$9,7,FALSE) -> 0.30902778 | Y15: =VLOOKUP($B15,$R$3:$Z$9,8,FALSE) -> 0 | Z15: =VLOOKUP($B15,$R$3:$Z$9,9,FALSE) -> 60
B16: STARMALT | C16: =[27]Brewhouse!$A43 -> SM034 | D16: =[27]Brewhouse!$AH42 -> 53.5 | E16: =[27]Brewhouse!$AM42 -> 49.1 | F16: =[27]Brewhouse!$Z43 -> 86 | G16: =[27]Brewhouse!$AK43 -> 16.82 | I16: =[27]Brewhouse!$AY43 -> 101.88658 | J16: =[27]Brewhouse!$AZ43 -> 102.81463 | K16: =[27]Brewhouse!$U43 -> 7.0289855 | L16: =[27]Brewhouse!$T43 -> 62 | M16: =[27]Brewhouse!$Y43-[27]Brewhouse!$X43 -> 0.13611111 | N16: =[27]Brewhouse!$AD43 -> 0.29166667 | O16: =[27]Brewhouse!$BC43 -> D. Gomaz | P16: Compensation brews | R16: =B16 -> STARMALT | S16: =VLOOKUP($B16,$R$3:$X$9,2,FALSE) -> 17.1 | T16: =VLOOKUP($B16,$R$3:$X$9,3,FALSE) -> 17.5 | U16: =VLOOKUP($B16,$R$3:$X$9,4,FALSE) -> 0 | V16: =VLOOKUP($B16,$R$3:$X$9,5,FALSE) -> 0.13605324 | W16: =VLOOKUP($B16,$R$3:$X$9,6,FALSE) -> 0.27430556 | X16: =VLOOKUP($B16,$R$3:$X$9,7,FALSE) -> 0.30902778 | Y16: =VLOOKUP($B16,$R$3:$Z$9,8,FALSE) -> 0 | Z16: =VLOOKUP($B16,$R$3:$Z$9,9,FALSE) -> 60
R17: =B17 -> 0 | S17: =VLOOKUP($B17,$R$3:$X$9,2,FALSE) -> #N/A | T17: =VLOOKUP($B17,$R$3:$X$9,3,FALSE) -> #N/A | U17: =VLOOKUP($B17,$R$3:$X$9,4,FALSE) -> #N/A | V17: =VLOOKUP($B17,$R$3:$X$9,5,FALSE) -> #N/A | W17: =VLOOKUP($B17,$R$3:$X$9,6,FALSE) -> #N/A | X17: =VLOOKUP($B17,$R$3:$X$9,7,FALSE) -> #N/A | Y17: =VLOOKUP($B17,$R$3:$Z$9,8,FALSE) -> #N/A | Z17: =VLOOKUP($B17,$R$3:$Z$9,9,FALSE) -> #N/A
R18: =B18 -> 0 | S18: =VLOOKUP($B18,$R$3:$X$9,2,FALSE) -> #N/A | T18: =VLOOKUP($B18,$R$3:$X$9,3,FALSE) -> #N/A | U18: =VLOOKUP($B18,$R$3:$X$9,4,FALSE) -> #N/A | V18: =VLOOKUP($B18,$R$3:$X$9,5,FALSE) -> #N/A | W18: =VLOOKUP($B18,$R$3:$X$9,6,FALSE) -> #N/A | X18: =VLOOKUP($B18,$R$3:$X$9,7,FALSE) -> #N/A | Y18: =VLOOKUP($B18,$R$3:$Z$9,8,FALSE) -> #N/A | Z18: =VLOOKUP($B18,$R$3:$Z$9,9,FALSE) -> #N/A
B19: GUINNESS | C19: =[24]Brewhouse!$A47 -> GU040 | D19: =[24]Brewhouse!$AF47 -> 56.8 | E19: =[24]Brewhouse!$AI47 -> 51.8 | F19: =[24]Brewhouse!$V47 -> 62 | G19: =[24]Brewhouse!$AG47 -> 17 | H19: 17 | I19: =[24]Brewhouse!$AU47 -> 92.888952 | J19: =[24]Brewhouse!$AV47 -> 94.273896 | K19: =[24]Brewhouse!$R47 -> 4.0963855 | L19: =[24]Brewhouse!$O47 -> 53 | M19: =[24]Brewhouse!$U47-[24]Brewhouse!$T47 -> 0.11458333 | N19: =[24]Brewhouse!$Z47 -> 0.32291667 | O19: =[24]Brewhouse!$AW47 -> D. Gomaz | R19: =B19 -> GUINNESS | S19: =VLOOKUP($B19,$R$3:$X$9,2,FALSE) -> 17 | T19: =VLOOKUP($B19,$R$3:$X$9,3,FALSE) -> 17.5 | U19: =VLOOKUP($B19,$R$3:$X$9,4,FALSE) -> 0 | V19: =VLOOKUP($B19,$R$3:$X$9,5,FALSE) -> 0.10763889 | W19: =VLOOKUP($B19,$R$3:$X$9,6,FALSE) -> 0.24652778 | X19: =VLOOKUP($B19,$R$3:$X$9,7,FALSE) -> 0.28472222 | Y19: =VLOOKUP($B19,$R$3:$Z$9,8,FALSE) -> 0 | Z19: =VLOOKUP($B19,$R$3:$Z$9,9,FALSE) -> 60
B20: GUINNESS | C20: =[24]Brewhouse!$A48 -> GU041 | D20: =[24]Brewhouse!$AF48 -> 56.7 | E20: =[24]Brewhouse!$AI48 -> 51.8 | F20: =[24]Brewhouse!$V48 -> 64 | G20: =[24]Brewhouse!$AG48 -> 17.47 | H20: 17.5 | I20: =[24]Brewhouse!$AU48 -> 95.806126 | J20: =[24]Brewhouse!$AV48 -> 97.234564 | K20: =[24]Brewhouse!$R48 -> 2.7622378 | L20: =[24]Brewhouse!$O48 -> 55 | M20: =[24]Brewhouse!$U48-[24]Brewhouse!$T48 -> 0.10694444 | N20: =[24]Brewhouse!$Z48 -> 0.25138889 | O20: =[24]Brewhouse!$AW48 -> R. Sookram | R20: =B20 -> GUINNESS | S20: =VLOOKUP($B20,$R$3:$X$9,2,FALSE) -> 17 | T20: =VLOOKUP($B20,$R$3:$X$9,3,FALSE) -> 17.5 | U20: =VLOOKUP($B20,$R$3:$X$9,4,FALSE) -> 0 | V20: =VLOOKUP($B20,$R$3:$X$9,5,FALSE) -> 0.10763889 | W20: =VLOOKUP($B20,$R$3:$X$9,6,FALSE) -> 0.24652778 | X20: =VLOOKUP($B20,$R$3:$X$9,7,FALSE) -> 0.28472222 | Y20: =VLOOKUP($B20,$R$3:$Z$9,8,FALSE) -> 0 | Z20: =VLOOKUP($B20,$R$3:$Z$9,9,FALSE) -> 60
R21: =B21 -> 0 | S21: =VLOOKUP($B21,$R$3:$X$9,2,FALSE) -> #N/A | T21: =VLOOKUP($B21,$R$3:$X$9,3,FALSE) -> #N/A | U21: =VLOOKUP($B21,$R$3:$X$9,4,FALSE) -> #N/A | V21: =VLOOKUP($B21,$R$3:$X$9,5,FALSE) -> #N/A | W21: =VLOOKUP($B21,$R$3:$X$9,6,FALSE) -> #N/A | X21: =VLOOKUP($B21,$R$3:$X$9,7,FALSE) -> #N/A | Y21: =VLOOKUP($B21,$R$3:$Z$9,8,FALSE) -> #N/A | Z21: =VLOOKUP($B21,$R$3:$Z$9,9,FALSE) -> #N/A
R22: =B22 -> 0 | S22: =VLOOKUP($B22,$R$3:$X$9,2,FALSE) -> #N/A | T22: =VLOOKUP($B22,$R$3:$X$9,3,FALSE) -> #N/A | U22: =VLOOKUP($B22,$R$3:$X$9,4,FALSE) -> #N/A | V22: =VLOOKUP($B22,$R$3:$X$9,5,FALSE) -> #N/A | W22: =VLOOKUP($B22,$R$3:$X$9,6,FALSE) -> #N/A | X22: =VLOOKUP($B22,$R$3:$X$9,7,FALSE) -> #N/A | Y22: =VLOOKUP($B22,$R$3:$Z$9,8,FALSE) -> #N/A | Z22: =VLOOKUP($B22,$R$3:$Z$9,9,FALSE) -> #N/A
R23: =B23 -> 0 | S23: =VLOOKUP($B23,$R$3:$X$9,2,FALSE) -> #N/A | T23: =VLOOKUP($B23,$R$3:$X$9,3,FALSE) -> #N/A | U23: =VLOOKUP($B23,$R$3:$X$9,4,FALSE) -> #N/A | V23: =VLOOKUP($B23,$R$3:$X$9,5,FALSE) -> #N/A | W23: =VLOOKUP($B23,$R$3:$X$9,6,FALSE) -> #N/A | X23: =VLOOKUP($B23,$R$3:$X$9,7,FALSE) -> #N/A | Y23: =VLOOKUP($B23,$R$3:$Z$9,8,FALSE) -> #N/A | Z23: =VLOOKUP($B23,$R$3:$Z$9,9,FALSE) -> #N/A
R24: =B24 -> 0 | S24: =VLOOKUP($B24,$R$3:$X$9,2,FALSE) -> #N/A | T24: =VLOOKUP($B24,$R$3:$X$9,3,FALSE) -> #N/A | U24: =VLOOKUP($B24,$R$3:$X$9,4,FALSE) -> #N/A | V24: =VLOOKUP($B24,$R$3:$X$9,5,FALSE) -> #N/A | W24: =VLOOKUP($B24,$R$3:$X$9,6,FALSE) -> #N/A | X24: =VLOOKUP($B24,$R$3:$X$9,7,FALSE) -> #N/A | Y24: =VLOOKUP($B24,$R$3:$Z$9,8,FALSE) -> #N/A | Z24: =VLOOKUP($B24,$R$3:$Z$9,9,FALSE) -> #N/A
R25: =B25 -> 0 | S25: =VLOOKUP($B25,$R$3:$X$9,2,FALSE) -> #N/A | T25: =VLOOKUP($B25,$R$3:$X$9,3,FALSE) -> #N/A | U25: =VLOOKUP($B25,$R$3:$X$9,4,FALSE) -> #N/A | V25: =VLOOKUP($B25,$R$3:$X$9,5,FALSE) -> #N/A | W25: =VLOOKUP($B25,$R$3:$X$9,6,FALSE) -> #N/A | X25: =VLOOKUP($B25,$R$3:$X$9,7,FALSE) -> #N/A | Y25: =VLOOKUP($B25,$R$3:$Z$9,8,FALSE) -> #N/A | Z25: =VLOOKUP($B25,$R$3:$Z$9,9,FALSE) -> #N/A
R26: =B26 -> 0 | S26: =VLOOKUP($B26,$R$3:$X$9,2,FALSE) -> #N/A | T26: =VLOOKUP($B26,$R$3:$X$9,3,FALSE) -> #N/A | U26: =VLOOKUP($B26,$R$3:$X$9,4,FALSE) -> #N/A | V26: =VLOOKUP($B26,$R$3:$X$9,5,FALSE) -> #N/A | W26: =VLOOKUP($B26,$R$3:$X$9,6,FALSE) -> #N/A | X26: =VLOOKUP($B26,$R$3:$X$9,7,FALSE) -> #N/A | Y26: =VLOOKUP($B26,$R$3:$Z$9,8,FALSE) -> #N/A | Z26: =VLOOKUP($B26,$R$3:$Z$9,9,FALSE) -> #N/A
R27: =B27 -> 0 | S27: =VLOOKUP($B27,$R$3:$X$9,2,FALSE) -> #N/A | T27: =VLOOKUP($B27,$R$3:$X$9,3,FALSE) -> #N/A | U27: =VLOOKUP($B27,$R$3:$X$9,4,FALSE) -> #N/A | V27: =VLOOKUP($B27,$R$3:$X$9,5,FALSE) -> #N/A | W27: =VLOOKUP($B27,$R$3:$X$9,6,FALSE) -> #N/A | X27: =VLOOKUP($B27,$R$3:$X$9,7,FALSE) -> #N/A | Y27: =VLOOKUP($B27,$R$3:$Z$9,8,FALSE) -> #N/A | Z27: =VLOOKUP($B27,$R$3:$Z$9,9,FALSE) -> #N/A
R28: =B28 -> 0 | S28: =VLOOKUP($B28,$R$3:$X$9,2,FALSE) -> #N/A | T28: =VLOOKUP($B28,$R$3:$X$9,3,FALSE) -> #N/A | U28: =VLOOKUP($B28,$R$3:$X$9,4,FALSE) -> #N/A | V28: =VLOOKUP($B28,$R$3:$X$9,5,FALSE) -> #N/A | W28: =VLOOKUP($B28,$R$3:$X$9,6,FALSE) -> #N/A | X28: =VLOOKUP($B28,$R$3:$X$9,7,FALSE) -> #N/A | Y28: =VLOOKUP($B28,$R$3:$Z$9,8,FALSE) -> #N/A | Z28: =VLOOKUP($B28,$R$3:$Z$9,9,FALSE) -> #N/A
R29: =B29 -> 0 | S29: =VLOOKUP($B29,$R$3:$X$9,2,FALSE) -> #N/A | T29: =VLOOKUP($B29,$R$3:$X$9,3,FALSE) -> #N/A | U29: =VLOOKUP($B29,$R$3:$X$9,4,FALSE) -> #N/A | V29: =VLOOKUP($B29,$R$3:$X$9,5,FALSE) -> #N/A | W29: =VLOOKUP($B29,$R$3:$X$9,6,FALSE) -> #N/A | X29: =VLOOKUP($B29,$R$3:$X$9,7,FALSE) -> #N/A | Y29: =VLOOKUP($B29,$R$3:$Z$9,8,FALSE) -> #N/A | Z29: =VLOOKUP($B29,$R$3:$Z$9,9,FALSE) -> #N/A
R30: =B30 -> 0 | S30: =VLOOKUP($B30,$R$3:$X$9,2,FALSE) -> #N/A | T30: =VLOOKUP($B30,$R$3:$X$9,3,FALSE) -> #N/A | U30: =VLOOKUP($B30,$R$3:$X$9,4,FALSE) -> #N/A | V30: =VLOOKUP($B30,$R$3:$X$9,5,FALSE) -> #N/A | W30: =VLOOKUP($B30,$R$3:$X$9,6,FALSE) -> #N/A | X30: =VLOOKUP($B30,$R$3:$X$9,7,FALSE) -> #N/A | Y30: =VLOOKUP($B30,$R$3:$Z$9,8,FALSE) -> #N/A | Z30: =VLOOKUP($B30,$R$3:$Z$9,9,FALSE) -> #N/A
R31: =B31 -> 0 | S31: =VLOOKUP($B31,$R$3:$X$9,2,FALSE) -> #N/A | T31: =VLOOKUP($B31,$R$3:$X$9,3,FALSE) -> #N/A | U31: =VLOOKUP($B31,$R$3:$X$9,4,FALSE) -> #N/A | V31: =VLOOKUP($B31,$R$3:$X$9,5,FALSE) -> #N/A | W31: =VLOOKUP($B31,$R$3:$X$9,6,FALSE) -> #N/A | X31: =VLOOKUP($B31,$R$3:$X$9,7,FALSE) -> #N/A | Y31: =VLOOKUP($B31,$R$3:$Z$9,8,FALSE) -> #N/A | Z31: =VLOOKUP($B31,$R$3:$Z$9,9,FALSE) -> #N/A
R32: =B32 -> 0 | S32: =VLOOKUP($B32,$R$3:$X$9,2,FALSE) -> #N/A | T32: =VLOOKUP($B32,$R$3:$X$9,3,FALSE) -> #N/A | U32: =VLOOKUP($B32,$R$3:$X$9,4,FALSE) -> #N/A | V32: =VLOOKUP($B32,$R$3:$X$9,5,FALSE) -> #N/A | W32: =VLOOKUP($B32,$R$3:$X$9,6,FALSE) -> #N/A | X32: =VLOOKUP($B32,$R$3:$X$9,7,FALSE) -> #N/A | Y32: =VLOOKUP($B32,$R$3:$Z$9,8,FALSE) -> #N/A | Z32: =VLOOKUP($B32,$R$3:$Z$9,9,FALSE) -> #N/A
R33: =B33 -> 0 | S33: =VLOOKUP($B33,$R$3:$X$9,2,FALSE) -> #N/A | T33: =VLOOKUP($B33,$R$3:$X$9,3,FALSE) -> #N/A | U33: =VLOOKUP($B33,$R$3:$X$9,4,FALSE) -> #N/A | V33: =VLOOKUP($B33,$R$3:$X$9,5,FALSE) -> #N/A | W33: =VLOOKUP($B33,$R$3:$X$9,6,FALSE) -> #N/A | X33: =VLOOKUP($B33,$R$3:$X$9,7,FALSE) -> #N/A | Y33: =VLOOKUP($B33,$R$3:$Z$9,8,FALSE) -> #N/A | Z33: =VLOOKUP($B33,$R$3:$Z$9,9,FALSE) -> #N/A
I34: EXTRACT RECOVERY | R34: =B34 -> 0 | S34: =VLOOKUP($B34,$R$3:$X$9,2,FALSE) -> #N/A | T34: =VLOOKUP($B34,$R$3:$X$9,3,FALSE) -> #N/A | U34: =VLOOKUP($B34,$R$3:$X$9,4,FALSE) -> #N/A | V34: =VLOOKUP($B34,$R$3:$X$9,5,FALSE) -> #N/A | W34: =VLOOKUP($B34,$R$3:$X$9,6,FALSE) -> #N/A | X34: =VLOOKUP($B34,$R$3:$X$9,7,FALSE) -> #N/A | Y34: =VLOOKUP($B34,$R$3:$Z$9,8,FALSE) -> #N/A | Z34: =VLOOKUP($B34,$R$3:$Z$9,9,FALSE) -> #N/A
B35: BRAND | D35: BBT P.G./ O.G | I35: Brand | J35: Actual | K35: MTD No. of Brews | L35: MTD | M35: YTD | N35: Target
B36: CARIB | C36: {=[22]Process!$D$359:$D$362} -> 11.9 | D36: 12 | I36: CARIB | K36: =COUNTA([22]Brewhouse!$A$408:$A$423) -> 16 | L36: =AVERAGE([22]Brewhouse!$AU$408:$AU$423) -> 98.025343 | M36: =AVERAGE([22]Brewhouse!$AU$102:$AU$171,[22]Brewhouse!$AU$173:$AU$253,[22]Brewhouse!$AU$255:$AU$339,[22]Brewhouse!$AU$341:$AU$346,[22]Brewhouse!$AU$348,[22]Brewhouse!$AU$349:$AU$406) -> 97.396136 | N36: 98
C37: 11.8 | I37: STAG | K37: =COUNTA([23]Brewhouse!$A$195:$A$202) -> 8 | L37: =AVERAGE([23]Brewhouse!$AS$195:$AS$202) -> 99.63899 | M37: =AVERAGE([23]Brewhouse!$AS$15:$AS$64,[23]Brewhouse!$AS$66:$AS$103,[23]Brewhouse!$AS$105:$AS$140,[23]Brewhouse!$AS$142:$AS$193,[23]Brewhouse!$AS$195:$AS$202) -> 97.544278 | N37: 98
C38: 11.8 | D38: 12.04 | I38: GUINNESS | J38: =AVERAGE(I19:I20) -> 94.347539 | K38: =COUNTA([24]Brewhouse!$A$47:$A$48) -> 2 | L38: =AVERAGE([24]Brewhouse!$AU$47:$AU$48) -> 94.347539 | M38: =AVERAGE([24]Brewhouse!$AU$4:$AU$7,[24]Brewhouse!$AU$9:$AU$22,[24]Brewhouse!$AU$24:$AU$35,[24]Brewhouse!$AU$37:$AU$45,[24]Brewhouse!$AU$47:$AU$48) -> 96.953129 | N38: 98
C39: 11.9 | I39: VITAMALT | M39: =AVERAGE([25]Brewhouse!$AV$5:$AV$14,[25]Brewhouse!$AV$16:$AV$19,[25]Brewhouse!$AV$21:$AV$24,[25]Brewhouse!$AV$26:$AV$33) -> 98.921975 | N39: 98
C40: {=[22]Process!$D$371:$D$372} -> 12 | D40: 12.03 | I40: MAXIMALT | N40: 98
C41: 11.8 | I41: MACKESON | M41: =AVERAGE([26]Brewhouse!$AT$4:$AT$11,[26]Brewhouse!$AT$13:$AT$16) -> 95.16531 | N41: 98
C42: {=[22]Process!$D$377:$D$378} -> 11.77 | D42: 11.83 | I42: STARMALT | J42: =AVERAGE(I10:I16) -> 98.411318 | K42: =COUNTA([27]Brewhouse!$A$36:$A$43) -> 8 | L42: =AVERAGE([27]Brewhouse!$AY$36:$AY$43) -> 98.453562 | M42: =AVERAGE([27]Brewhouse!$AY$6:$AY$13,[27]Brewhouse!$AY$15:$AY$20,[27]Brewhouse!$AY$22:$AY$29,[27]Brewhouse!$AY$31:$AY$34,[27]Brewhouse!$AY$36:$AY$43) -> 96.669752 | N42: 98
C43: 11.78 | I43: HR- Pils | M43: =AVERAGE([28]Brewhouse!$AU$5:$AU$8) -> 91.006888 | N43: 98
I44: HR- IPA | N44: 98
I45: HR- APA | N45: 98
K46: =SUM(K36:K45) -> 34 | L46: =((L36*K36)+(L37*K37)+(L38*K38)+(L39*K39)+(L40*K40)+(K43*L43)+(L41*K41)+(L42*K42)+(L45*K45))/(K46) -> 98.28944 | M46: =AVERAGE('[29]Jan 31st'!$L$65,'[30]Feb 28th'!$L$35,'[31]Mar. 31st'!$L$35,'[32]Apr. 30th'!$L$45,L46) -> 97.538696 | N46: 98
J48: Daily Brewing Plan
J49: Brand | K49: Brews Achieved | L49: Average Brews per day
J50: CARIB | L50: MTD | M50: YTD | N50: TARGET
J51: STAG | L51: =AVERAGE('May 2nd -4th'!I70,'May 2nd -4th'!K70,'May 6th'!K60) -> 8.3333333 | M51: =AVERAGE('[29]Jan 29th '!$M$70,'[30]Feb 28th'!$L$40,'[31]Mar. 31st'!$L$40,'[32]Apr. 30th'!$L$50,L51) -> 6.855821 | N51: 9.2
J52: GUINN | K52: =COUNTA(B19:B20) -> 2
J53: VITAMALT
J54: STARMALT | K54: =COUNTA(B10:B16) -> 7
J55: MACKESON
J56: HURRICANE REEF- IPA
J57: HURRICANE REEF- APA
B58: AVERAGE | D58: =AVERAGE(D36:E57) -> 11.975 | J58: HR- PILSNER
J59: CARIBE
J60: Total | K60: =SUM(K50:K59) -> 9
B61: Process: | C61: Fermentation/Filtration
B63: Brand | C63: Filt. Date | D63: FV Hls | E63: GFE/ Prim/ Vita Blend (Hls) | F63: SV Hls | G63: BBT Hls | H63: Loss (%) Ferm | I63: Loss (%) Filt | J63: Comments | K63: Throughput | L63: Process Loss (%) | M63: Filt. Operator
AB64: 43474 | AC64: 43475 | AD64: 43476 | AE64: 43477 | AF64: 43478 | AG64: 43479 | AH64: 43480 | AI64: 43481 | AJ64: 43482 | AK64: 43483 | AL64: 43484 | AM64: 43485 | AN64: 43486 | AO64: 43487 | AP64: 43488 | AQ64: 43489 | AR64: 43490 | AS64: 43491 | AT64: 43492 | AU64: 43493 | AV64: 43494 | AW64: 43495 | AX64: 43496
B65: =I36 -> CARIB | C65: 45783 | D65: =[33]May_2025!$H$3 -> 404.9 | F65: =SUM([34]CARIB!$L$8:$L$11,[34]CARIB!$L$20:$L$21,[34]CARIB!$L$26:$L$27) -> 393.8 | G65: =[33]May_2025!$H$7 -> 379.8 | H65: =(D65-F65)/D65*100 -> 2.7414176 | I65: =((F65+E65)-G65)/(F65+E65)*100 -> 3.5551041 | J65: NO BREAK- Poor cooling | K65: =[35]May_2025!$H$18 -> 1.3326316 | L65: =(((D65+E65)-G65)/(D65+E65))*100 -> 6.1990615 | M65: D. Emery | AB65: =[20]January_2019!L7 -> #REF! | AC65: =[20]January_2019!M7 -> #REF! | AD65: =[20]January_2019!N7 -> #REF! | AE65: =[20]January_2019!O7 -> #REF! | AF65: =[20]January_2019!P7 -> #REF! | AG65: =[20]January_2019!Q7 -> #REF! | AH65: =[20]January_2019!R7 -> #REF! | AI65: =[20]January_2019!S7 -> #REF! | ... AX65: =[20]January_2019!AH7 -> #REF!
B69: Process Loss (Volume) | G69: Process Loss (Extract) | K69: Throughput
B70: Brand | C70: Actual | D70: MTD | E70: YTD | F70: Target | G70: Actual | H70: MTD | I70: YTD | J70: Target | L70: MTD | M70: YTD | N70: Target
B71: CARIB | C71: =L65 -> 6.1990615 | D71: 6.1990615 | E71: 7.1511529 | F71: 4.8 | G71: =[33]May_2025!$H$11 -> 4.9867715 | H71: 4.9867715 | I71: 7.1164577 | J71: 4.8 | K71: =K65 -> 1.3326316 | L71: 1.3326316 | M71: 0.77038736 | N71: 1
B72: STAG | E72: 6.1326235 | F72: 4.8 | I72: 6.6012405 | J72: 4.8 | M72: 0.75323692 | N72: 1
B73: GUINN | E73: 12.554573 | F73: 5.5 | I73: 13.449891 | J73: 5.5 | M73: 0.54554654 | N73: 1
B74: VITAMALT | E74: 2.2218159 | F74: 3.3 | I74: 5.0359152 | J74: 3.3 | M74: 0.87880702 | N74: 1
B75: MAXIMALT | F75: 3.3 | J75: 3 | N75: 1
B76: MACKESON | E76: 7.8262258 | F76: =[21]May_2022!$M$43 -> 3.4878407 | I76: 9.4300679 | J76: 5.5 | M76: 0.67497076 | N76: 1
B77: STARMALT | E77: 1.8560729 | F77: 3.3 | I77: 4.5764572 | J77: 3.3 | M77: 0.83594855 | N77: 1
B78: HURRICANE REEF | F78: 7.5 | J78: 7.5 | N78: 1
B79: HURRICANE REEF PILS | E79: 4.8792509 | F79: 4.8 | I79: 6.2003724 | J79: 4.8 | M79: 0.33859649 | N79: 1
D80: 6.1990615 | E80: 6.8523921 | F80: 5.5 | H80: 4.9867715 | I80: 7.4968871 | J80: 5.5 | L80: 1.3326316 | M80: 0.74477263 | N80: 1

Sheet May 7th
S1: P.G. | U1: Hot Time | W1: Process Time | Y1: Cooling Time
B2: Brewing Department Daily Process Loss Report | S2: Lower | T2: Upper | U2: Lower | V2: Upper | W2: Lower | X2: Upper | Y2: Lower | Z2: Upper
R3: CARIB | S3: 11.6 | T3: 12 | U3: 0 | V3: 0.11805556 | W3: 0.22569444 | X3: 0.26388889 | Y3: 0 | Z3: 60 | AB3: HR- PISNER
B4: Date: | C4: 45785 | J4: LOT WORT COLOUR: 3.5 | M4: Filter Sheets (Target 20 days) | R4: STAG | S4: 11.6 | T4: 12 | U4: 0 | V4: 0.11805556 | W4: 0.22569444 | X4: 0.26388889 | Y4: 0 | Z4: 60
M5: Double | N5: Single | R5: GUINNESS | S5: 17 | T5: 17.5 | U5: 0 | V5: 0.10763889 | W5: 0.24652778 | X5: 0.28472222 | Y5: 0 | Z5: 60
J6: MALT LOT: Lot 35 | L6: Sheet Day | R6: MACKESON | S6: 13.3 | T6: 13.5 | U6: 0 | V6: 0.12905093 | W6: 0.27430556 | X6: 0.30208333 | Y6: 0
R7: STARMALT | S7: 17.1 | T7: 17.5 | U7: 0 | V7: 0.13605324 | W7: 0.27430556 | X7: 0.30902778 | Y7: 0 | Z7: 60
B8: Brand | C8: Brew no. | D8: Kett. Hls | E8: Wort | F8: Cool Time(Mins) | G8: Cast. P.G. (Lab Result) | H8: Cast P.G. (Cellar Operator)-gravity | I8: Extr. Rec (78.95%) | J8: Theor. Extr. (77.5%) | K8: Boil Off /Vol. (4-6%) | L8: Boil Time | M8: Total Hot | N8: Brewing | O8: Operator | P8: Actual Pilsen Malt | R8: Hurricane Reef | S8: 16.6 | T8: 17 | U8: 0 | V8: 0.12905093 | W8: 0.27430556 | X8: 0.30208333 | Y8: 0
E9: Meter (Hls) | F9: Target(< 60Mins) | M9: Time | R9: VITAMALT | S9: 14.4 | T9: 14.6 | U9: 0 | V9: 0.13905093 | W9: 0.26041667 | X9: 0.29513889 | Y9: 0 | Z9: 75
B10: GUINNESS | C10: =[24]Brewhouse!$A49 -> GU042 | D10: =[24]Brewhouse!$AF49 -> 57.2 | E10: =[24]Brewhouse!$AI49 -> 52.7 | F10: =[24]Brewhouse!$V49 -> 67 | G10: =[24]Brewhouse!$AG49 -> 17 | I10: =[24]Brewhouse!$AU49 -> 94.355662 | J10: =[24]Brewhouse!$AV49 -> 95.763022 | K10: =[24]Brewhouse!$R49 -> 3.4079174 | L10: =[24]Brewhouse!$O49 -> 55 | M10: =[24]Brewhouse!$U49-[24]Brewhouse!$T49 -> 0.12291667 | N10: =[24]Brewhouse!$Z49 -> 0.26736111 | O10: =[24]Brewhouse!$AW49 -> R. Sookram | P10: Pump keeps stopping transfer | R10: =B10 -> GUINNESS | S10: =VLOOKUP($B10,$R$3:$X$9,2,FALSE) -> 17 | T10: =VLOOKUP($B10,$R$3:$X$9,3,FALSE) -> 17.5 | U10: =VLOOKUP($B10,$R$3:$X$9,4,FALSE) -> 0 | V10: =VLOOKUP($B10,$R$3:$X$9,5,FALSE) -> 0.10763889 | W10: =VLOOKUP($B10,$R$3:$X$9,6,FALSE) -> 0.24652778 | X10: =VLOOKUP($B10,$R$3:$X$9,7,FALSE) -> 0.28472222 | Y10: =VLOOKUP($B10,$R$3:$Z$9,8,FALSE) -> 0 | Z10: =VLOOKUP($B10,$R$3:$Z$9,9,FALSE) -> 60
B11: GUINNESS | C11: =[24]Brewhouse!$A50 -> GU043 | D11: =[24]Brewhouse!$AF50 -> 57.2 | E11: =[24]Brewhouse!$AI50 -> 52.5 | F11: =[24]Brewhouse!$V50 -> 65 | G11: =[24]Brewhouse!$AG50 -> 17.27 | I11: =[24]Brewhouse!$AU50 -> 95.810201 | J11: =[24]Brewhouse!$AV50 -> 97.239256 | K11: =[24]Brewhouse!$R50 -> 2.4 | L11: =[24]Brewhouse!$O50 -> 58 | M11: =[24]Brewhouse!$U50-[24]Brewhouse!$T50 -> 0.1125 | N11: =[24]Brewhouse!$Z50 -> 0.26875 | O11: =[24]Brewhouse!$AW50 -> K. Benjamin | R11: =B11 -> GUINNESS | S11: =VLOOKUP($B11,$R$3:$X$9,2,FALSE) -> 17 | T11: =VLOOKUP($B11,$R$3:$X$9,3,FALSE) -> 17.5 | U11: =VLOOKUP($B11,$R$3:$X$9,4,FALSE) -> 0 | V11: =VLOOKUP($B11,$R$3:$X$9,5,FALSE) -> 0.10763889 | W11: =VLOOKUP($B11,$R$3:$X$9,6,FALSE) -> 0.24652778 | X11: =VLOOKUP($B11,$R$3:$X$9,7,FALSE) -> 0.28472222 | Y11: =VLOOKUP($B11,$R$3:$Z$9,8,FALSE) -> 0 | Z11: =VLOOKUP($B11,$R$3:$Z$9,9,FALSE) -> 60
B12: GUINNESS | C12: =[24]Brewhouse!$A51 -> GU044 | D12: =[24]Brewhouse!$AF51 -> 58.4 | E12: =[24]Brewhouse!$AI51 -> 53.8 | F12: =[24]Brewhouse!$V51 -> 65 | G12: =[24]Brewhouse!$AG51 -> 17.46 | I12: =[24]Brewhouse!$AU51 -> 99.427652 | J12: =[24]Brewhouse!$AV51 -> 100.91038 | K12: =[24]Brewhouse!$R51 -> 1.2318841 | L12: =[24]Brewhouse!$O51 -> 62 | M12: =[24]Brewhouse!$U51-[24]Brewhouse!$T51 -> 0.11736111 | N12: =[24]Brewhouse!$Z51 -> 0.26319444 | O12: =[24]Brewhouse!$AW51 -> K. Benjamin | R12: =B12 -> GUINNESS | S12: =VLOOKUP($B12,$R$3:$X$9,2,FALSE) -> 17 | T12: =VLOOKUP($B12,$R$3:$X$9,3,FALSE) -> 17.5 | U12: =VLOOKUP($B12,$R$3:$X$9,4,FALSE) -> 0 | V12: =VLOOKUP($B12,$R$3:$X$9,5,FALSE) -> 0.10763889 | W12: =VLOOKUP($B12,$R$3:$X$9,6,FALSE) -> 0.24652778 | X12: =VLOOKUP($B12,$R$3:$X$9,7,FALSE) -> 0.28472222 | Y12: =VLOOKUP($B12,$R$3:$Z$9,8,FALSE) -> 0 | Z12: =VLOOKUP($B12,$R$3:$Z$9,9,FALSE) -> 60
B13: GUINNESS | C13: =[24]Brewhouse!$A52 -> GU045 | D13: =[24]Brewhouse!$AF52 -> 58.8 | E13: =[24]Brewhouse!$AI52 -> 54.1 | F13: =[24]Brewhouse!$V52 -> 76 | G13: =[24]Brewhouse!$AG52 -> 17.05 | H13: 17.05 | I13: =[24]Brewhouse!$AU52 -> 97.654776 | J13: =[24]Brewhouse!$AV52 -> 99.110777 | K13: =[24]Brewhouse!$R52 -> 1.3333333 | L13: =[24]Brewhouse!$O52 -> 58 | M13: =[24]Brewhouse!$U52-[24]Brewhouse!$T52 -> 0.12013889 | N13: =[24]Brewhouse!$Z52 -> 0.26666667 | O13: =[24]Brewhouse!$AW52 -> K. Benjamin | R13: =B13 -> GUINNESS | S13: =VLOOKUP($B13,$R$3:$X$9,2,FALSE) -> 17 | T13: =VLOOKUP($B13,$R$3:$X$9,3,FALSE) -> 17.5 | U13: =VLOOKUP($B13,$R$3:$X$9,4,FALSE) -> 0 | V13: =VLOOKUP($B13,$R$3:$X$9,5,FALSE) -> 0.10763889 | W13: =VLOOKUP($B13,$R$3:$X$9,6,FALSE) -> 0.24652778 | X13: =VLOOKUP($B13,$R$3:$X$9,7,FALSE) -> 0.28472222 | Y13: =VLOOKUP($B13,$R$3:$Z$9,8,FALSE) -> 0 | Z13: =VLOOKUP($B13,$R$3:$Z$9,9,FALSE) -> 60
B14: GUINNESS | C14: =[24]Brewhouse!$A53 -> GU046 | D14: =[24]Brewhouse!$AF53 -> 59.7 | E14: =[24]Brewhouse!$AI53 -> 55.1 | F14: =[24]Brewhouse!$V53 -> 76 | G14: =[24]Brewhouse!$AG53 -> 17.25 | I14: =[24]Brewhouse!$AU53 -> 100.94816 | J14: =[24]Brewhouse!$AV53 -> 102.45238 | K14: =[24]Brewhouse!$R53 -> 1.3131313 | L14: =[24]Brewhouse!$O53 -> 59 | M14: =[24]Brewhouse!$U53-[24]Brewhouse!$T53 -> 0.13611111 | N14: =[24]Brewhouse!$Z53 -> 0.30486111 | O14: =[24]Brewhouse!$AW53 -> D. Gomaz | P14: Steam pressure low- extra boil | R14: =B14 -> GUINNESS | S14: =VLOOKUP($B14,$R$3:$X$9,2,FALSE) -> 17 | T14: =VLOOKUP($B14,$R$3:$X$9,3,FALSE) -> 17.5 | U14: =VLOOKUP($B14,$R$3:$X$9,4,FALSE) -> 0 | V14: =VLOOKUP($B14,$R$3:$X$9,5,FALSE) -> 0.10763889 | W14: =VLOOKUP($B14,$R$3:$X$9,6,FALSE) -> 0.24652778 | X14: =VLOOKUP($B14,$R$3:$X$9,7,FALSE) -> 0.28472222 | Y14: =VLOOKUP($B14,$R$3:$Z$9,8,FALSE) -> 0 | Z14: =VLOOKUP($B14,$R$3:$Z$9,9,FALSE) -> 60
B15: GUINNESS | C15: =[24]Brewhouse!$A54 -> GU047 | D15: =[24]Brewhouse!$AF54 -> 58.8 | E15: =[24]Brewhouse!$AI54 -> 54.3 | F15: =[24]Brewhouse!$V54 -> 81 | G15: =[24]Brewhouse!$AG54 -> 17.04 | I15: =[24]Brewhouse!$AU54 -> 97.448017 | J15: =[24]Brewhouse!$AV54 -> 98.900652 | K15: =[24]Brewhouse!$R54 -> 0.65404475 | L15: =[24]Brewhouse!$O54 -> 57 | M15: =[24]Brewhouse!$U54-[24]Brewhouse!$T54 -> 0.13263889 | N15: =[24]Brewhouse!$Z54 -> 0.32152778 | O15: =[24]Brewhouse!$AW54 -> D. Gomaz | P15: Copper up in pre-run tank | R15: =B15 -> GUINNESS | S15: =VLOOKUP($B15,$R$3:$X$9,2,FALSE) -> 17 | T15: =VLOOKUP($B15,$R$3:$X$9,3,FALSE) -> 17.5 | U15: =VLOOKUP($B15,$R$3:$X$9,4,FALSE) -> 0 | V15: =VLOOKUP($B15,$R$3:$X$9,5,FALSE) -> 0.10763889 | W15: =VLOOKUP($B15,$R$3:$X$9,6,FALSE) -> 0.24652778 | X15: =VLOOKUP($B15,$R$3:$X$9,7,FALSE) -> 0.28472222 | Y15: =VLOOKUP($B15,$R$3:$Z$9,8,FALSE) -> 0 | Z15: =VLOOKUP($B15,$R$3:$Z$9,9,FALSE) -> 60
R16: =B16 -> 0 | S16: =VLOOKUP($B16,$R$3:$X$9,2,FALSE) -> #N/A | T16: =VLOOKUP($B16,$R$3:$X$9,3,FALSE) -> #N/A | U16: =VLOOKUP($B16,$R$3:$X$9,4,FALSE) -> #N/A | V16: =VLOOKUP($B16,$R$3:$X$9,5,FALSE) -> #N/A | W16: =VLOOKUP($B16,$R$3:$X$9,6,FALSE) -> #N/A | X16: =VLOOKUP($B16,$R$3:$X$9,7,FALSE) -> #N/A | Y16: =VLOOKUP($B16,$R$3:$Z$9,8,FALSE) -> #N/A | Z16: =VLOOKUP($B16,$R$3:$Z$9,9,FALSE) -> #N/A
B17: CARIB | C17: =[22]Brewhouse!$A424 -> CA319 | D17: =[22]Brewhouse!$AF424 -> 53.9 | E17: =[22]Brewhouse!$AI424 -> 51 | F17: =[22]Brewhouse!$V424 -> 56 | G17: =[22]Brewhouse!$AG424 -> 12 | H17: 12 | I17: =[22]Brewhouse!$AU424 -> 99.532129 | J17: =[22]Brewhouse!$AV424 -> 101.23692 | K17: =[22]Brewhouse!$Q424 -> 5.1086957 | L17: =[22]Brewhouse!$P424 -> 57 | M17: =[22]Brewhouse!$U424-[22]Brewhouse!$T424 -> 0.19236111 | N17: =[22]Brewhouse!$Z424 -> 0.33125 | O17: =[22]Brewhouse!$AX424 -> R. Sookram | P17: Brew held up due to CIP on whirlpool | R17: =B17 -> CARIB | S17: =VLOOKUP($B17,$R$3:$X$9,2,FALSE) -> 11.6 | T17: =VLOOKUP($B17,$R$3:$X$9,3,FALSE) -> 12 | U17: =VLOOKUP($B17,$R$3:$X$9,4,FALSE) -> 0 | V17: =VLOOKUP($B17,$R$3:$X$9,5,FALSE) -> 0.11805556 | W17: =VLOOKUP($B17,$R$3:$X$9,6,FALSE) -> 0.22569444 | X17: =VLOOKUP($B17,$R$3:$X$9,7,FALSE) -> 0.26388889 | Y17: =VLOOKUP($B17,$R$3:$Z$9,8,FALSE) -> 0 | Z17: =VLOOKUP($B17,$R$3:$Z$9,9,FALSE) -> 60
B18: CARIB | C18: =[22]Brewhouse!$A425 -> CA320 | D18: =[22]Brewhouse!$AF425 -> 53.9 | E18: =[22]Brewhouse!$AI425 -> 50.5 | F18: =[22]Brewhouse!$V425 -> 61 | G18: =[22]Brewhouse!$AG425 -> 11.98 | H18: 12 | I18: =[22]Brewhouse!$AU425 -> 98.677368 | J18: =[22]Brewhouse!$AV425 -> 100.36734 | K18: =[22]Brewhouse!$Q425 -> 6.0854093 | L18: =[22]Brewhouse!$P425 -> 59 | M18: =[22]Brewhouse!$U425-[22]Brewhouse!$T425 -> 0.099305556 | N18: =[22]Brewhouse!$Z425 -> 0.2875 | O18: =[22]Brewhouse!$AX425 -> R. Sookram | P18: Copper up in pre-run tank | R18: =B18 -> CARIB | S18: =VLOOKUP($B18,$R$3:$X$9,2,FALSE) -> 11.6 | T18: =VLOOKUP($B18,$R$3:$X$9,3,FALSE) -> 12 | U18: =VLOOKUP($B18,$R$3:$X$9,4,FALSE) -> 0 | V18: =VLOOKUP($B18,$R$3:$X$9,5,FALSE) -> 0.11805556 | W18: =VLOOKUP($B18,$R$3:$X$9,6,FALSE) -> 0.22569444 | X18: =VLOOKUP($B18,$R$3:$X$9,7,FALSE) -> 0.26388889 | Y18: =VLOOKUP($B18,$R$3:$Z$9,8,FALSE) -> 0 | Z18: =VLOOKUP($B18,$R$3:$Z$9,9,FALSE) -> 60
R19: =B19 -> 0 | S19: =VLOOKUP($B19,$R$3:$X$9,2,FALSE) -> #N/A | T19: =VLOOKUP($B19,$R$3:$X$9,3,FALSE) -> #N/A | U19: =VLOOKUP($B19,$R$3:$X$9,4,FALSE) -> #N/A | V19: =VLOOKUP($B19,$R$3:$X$9,5,FALSE) -> #N/A | W19: =VLOOKUP($B19,$R$3:$X$9,6,FALSE) -> #N/A | X19: =VLOOKUP($B19,$R$3:$X$9,7,FALSE) -> #N/A | Y19: =VLOOKUP($B19,$R$3:$Z$9,8,FALSE) -> #N/A | Z19: =VLOOKUP($B19,$R$3:$Z$9,9,FALSE) -> #N/A
R20: =B20 -> 0 | S20: =VLOOKUP($B20,$R$3:$X$9,2,FALSE) -> #N/A | T20: =VLOOKUP($B20,$R$3:$X$9,3,FALSE) -> #N/A | U20: =VLOOKUP($B20,$R$3:$X$9,4,FALSE) -> #N/A | V20: =VLOOKUP($B20,$R$3:$X$9,5,FALSE) -> #N/A | W20: =VLOOKUP($B20,$R$3:$X$9,6,FALSE) -> #N/A | X20: =VLOOKUP($B20,$R$3:$X$9,7,FALSE) -> #N/A | Y20: =VLOOKUP($B20,$R$3:$Z$9,8,FALSE) -> #N/A | Z20: =VLOOKUP($B20,$R$3:$Z$9,9,FALSE) -> #N/A
R21: =B21 -> 0 | S21: =VLOOKUP($B21,$R$3:$X$9,2,FALSE) -> #N/A | T21: =VLOOKUP($B21,$R$3:$X$9,3,FALSE) -> #N/A | U21: =VLOOKUP($B21,$R$3:$X$9,4,FALSE) -> #N/A | V21: =VLOOKUP($B21,$R$3:$X$9,5,FALSE) -> #N/A | W21: =VLOOKUP($B21,$R$3:$X$9,6,FALSE) -> #N/A | X21: =VLOOKUP($B21,$R$3:$X$9,7,FALSE) -> #N/A | Y21: =VLOOKUP($B21,$R$3:$Z$9,8,FALSE) -> #N/A | Z21: =VLOOKUP($B21,$R$3:$Z$9,9,FALSE) -> #N/A
R22: =B22 -> 0 | S22: =VLOOKUP($B22,$R$3:$X$9,2,FALSE) -> #N/A | T22: =VLOOKUP($B22,$R$3:$X$9,3,FALSE) -> #N/A | U22: =VLOOKUP($B22,$R$3:$X$9,4,FALSE) -> #N/A | V22: =VLOOKUP($B22,$R$3:$X$9,5,FALSE) -> #N/A | W22: =VLOOKUP($B22,$R$3:$X$9,6,FALSE) -> #N/A | X22: =VLOOKUP($B22,$R$3:$X$9,7,FALSE) -> #N/A | Y22: =VLOOKUP($B22,$R$3:$Z$9,8,FALSE) -> #N/A | Z22: =VLOOKUP($B22,$R$3:$Z$9,9,FALSE) -> #N/A
R24: =B24 -> 0 | S24: =VLOOKUP($B24,$R$3:$X$9,2,FALSE) -> #N/A | T24: =VLOOKUP($B24,$R$3:$X$9,3,FALSE) -> #N/A | U24: =VLOOKUP($B24,$R$3:$X$9,4,FALSE) -> #N/A | V24: =VLOOKUP($B24,$R$3:$X$9,5,FALSE) -> #N/A | W24: =VLOOKUP($B24,$R$3:$X$9,6,FALSE) -> #N/A | X24: =VLOOKUP($B24,$R$3:$X$9,7,FALSE) -> #N/A | Y24: =VLOOKUP($B24,$R$3:$Z$9,8,FALSE) -> #N/A | Z24: =VLOOKUP($B24,$R$3:$Z$9,9,FALSE) -> #N/A
R25: =B25 -> 0 | S25: =VLOOKUP($B25,$R$3:$X$9,2,FALSE) -> #N/A | T25: =VLOOKUP($B25,$R$3:$X$9,3,FALSE) -> #N/A | U25: =VLOOKUP($B25,$R$3:$X$9,4,FALSE) -> #N/A | V25: =VLOOKUP($B25,$R$3:$X$9,5,FALSE) -> #N/A | W25: =VLOOKUP($B25,$R$3:$X$9,6,FALSE) -> #N/A | X25: =VLOOKUP($B25,$R$3:$X$9,7,FALSE) -> #N/A | Y25: =VLOOKUP($B25,$R$3:$Z$9,8,FALSE) -> #N/A | Z25: =VLOOKUP($B25,$R$3:$Z$9,9,FALSE) -> #N/A
R26: =B26 -> 0 | S26: =VLOOKUP($B26,$R$3:$X$9,2,FALSE) -> #N/A | T26: =VLOOKUP($B26,$R$3:$X$9,3,FALSE) -> #N/A | U26: =VLOOKUP($B26,$R$3:$X$9,4,FALSE) -> #N/A | V26: =VLOOKUP($B26,$R$3:$X$9,5,FALSE) -> #N/A | W26: =VLOOKUP($B26,$R$3:$X$9,6,FALSE) -> #N/A | X26: =VLOOKUP($B26,$R$3:$X$9,7,FALSE) -> #N/A | Y26: =VLOOKUP($B26,$R$3:$Z$9,8,FALSE) -> #N/A | Z26: =VLOOKUP($B26,$R$3:$Z$9,9,FALSE) -> #N/A
R27: =B27 -> 0 | S27: =VLOOKUP($B27,$R$3:$X$9,2,FALSE) -> #N/A | T27: =VLOOKUP($B27,$R$3:$X$9,3,FALSE) -> #N/A | U27: =VLOOKUP($B27,$R$3:$X$9,4,FALSE) -> #N/A | V27: =VLOOKUP($B27,$R$3:$X$9,5,FALSE) -> #N/A | W27: =VLOOKUP($B27,$R$3:$X$9,6,FALSE) -> #N/A | X27: =VLOOKUP($B27,$R$3:$X$9,7,FALSE) -> #N/A | Y27: =VLOOKUP($B27,$R$3:$Z$9,8,FALSE) -> #N/A | Z27: =VLOOKUP($B27,$R$3:$Z$9,9,FALSE) -> #N/A
R28: =B28 -> 0 | S28: =VLOOKUP($B28,$R$3:$X$9,2,FALSE) -> #N/A | T28: =VLOOKUP($B28,$R$3:$X$9,3,FALSE) -> #N/A | U28: =VLOOKUP($B28,$R$3:$X$9,4,FALSE) -> #N/A | V28: =VLOOKUP($B28,$R$3:$X$9,5,FALSE) -> #N/A | W28: =VLOOKUP($B28,$R$3:$X$9,6,FALSE) -> #N/A | X28: =VLOOKUP($B28,$R$3:$X$9,7,FALSE) -> #N/A | Y28: =VLOOKUP($B28,$R$3:$Z$9,8,FALSE) -> #N/A | Z28: =VLOOKUP($B28,$R$3:$Z$9,9,FALSE) -> #N/A
R29: =B29 -> 0 | S29: =VLOOKUP($B29,$R$3:$X$9,2,FALSE) -> #N/A | T29: =VLOOKUP($B29,$R$3:$X$9,3,FALSE) -> #N/A | U29: =VLOOKUP($B29,$R$3:$X$9,4,FALSE) -> #N/A | V29: =VLOOKUP($B29,$R$3:$X$9,5,FALSE) -> #N/A | W29: =VLOOKUP($B29,$R$3:$X$9,6,FALSE) -> #N/A | X29: =VLOOKUP($B29,$R$3:$X$9,7,FALSE) -> #N/A | Y29: =VLOOKUP($B29,$R$3:$Z$9,8,FALSE) -> #N/A | Z29: =VLOOKUP($B29,$R$3:$Z$9,9,FALSE) -> #N/A
R30: =B30 -> 0 | S30: =VLOOKUP($B30,$R$3:$X$9,2,FALSE) -> #N/A | T30: =VLOOKUP($B30,$R$3:$X$9,3,FALSE) -> #N/A | U30: =VLOOKUP($B30,$R$3:$X$9,4,FALSE) -> #N/A | V30: =VLOOKUP($B30,$R$3:$X$9,5,FALSE) -> #N/A | W30: =VLOOKUP($B30,$R$3:$X$9,6,FALSE) -> #N/A | X30: =VLOOKUP($B30,$R$3:$X$9,7,FALSE) -> #N/A | Y30: =VLOOKUP($B30,$R$3:$Z$9,8,FALSE) -> #N/A | Z30: =VLOOKUP($B30,$R$3:$Z$9,9,FALSE) -> #N/A
I31: EXTRACT RECOVERY | R31: =B31 -> 0 | S31: =VLOOKUP($B31,$R$3:$X$9,2,FALSE) -> #N/A | T31: =VLOOKUP($B31,$R$3:$X$9,3,FALSE) -> #N/A | U31: =VLOOKUP($B31,$R$3:$X$9,4,FALSE) -> #N/A | V31: =VLOOKUP($B31,$R$3:$X$9,5,FALSE) -> #N/A | W31: =VLOOKUP($B31,$R$3:$X$9,6,FALSE) -> #N/A | X31: =VLOOKUP($B31,$R$3:$X$9,7,FALSE) -> #N/A | Y31: =VLOOKUP($B31,$R$3:$Z$9,8,FALSE) -> #N/A | Z31: =VLOOKUP($B31,$R$3:$Z$9,9,FALSE) -> #N/A
B32: BRAND | D32: BBT P.G./ O.G | I32: Brand | J32: Actual | K32: MTD No. of Brews | L32: MTD | M32: YTD | N32: Target
B33: =I34 -> STAG | C33: {=[23]Process!$D$150:$D$151} -> 12 | D33: 12.13 | I33: CARIB | J33: =AVERAGE(I17:I18) -> 99.104749 | K33: =COUNTA([22]Brewhouse!$A$408:$A$425) -> 18 | L33: =AVERAGE([22]Brewhouse!$AU$408:$AU$425) -> 98.145277 | M33: =AVERAGE([22]Brewhouse!$AU$102:$AU$171,[22]Brewhouse!$AU$173:$AU$253,[22]Brewhouse!$AU$255:$AU$339,[22]Brewhouse!$AU$341:$AU$346,[22]Brewhouse!$AU$348,[22]Brewhouse!$AU$349:$AU$406,[22]Brewhouse!$AU$408:$AU$425) -> 97.438407 | N33: 98
C34: 12 | I34: STAG | K34: =COUNTA([23]Brewhouse!$A$195:$A$202) -> 8 | L34: =AVERAGE([23]Brewhouse!$AS$195:$AS$202) -> 99.63899 | M34: =AVERAGE([23]Brewhouse!$AS$15:$AS$64,[23]Brewhouse!$AS$66:$AS$103,[23]Brewhouse!$AS$105:$AS$140,[23]Brewhouse!$AS$142:$AS$193,[23]Brewhouse!$AS$195:$AS$202) -> 97.544278 | N34: 98
C35: {=[23]Process!$D$166:$D$173} -> 11.84 | D35: 12.05 | I35: GUINNESS | J35: =AVERAGE(I10:I15) -> 97.607412 | K35: =COUNTA([24]Brewhouse!$A$47:$A$54) -> 8 | L35: =AVERAGE([24]Brewhouse!$AU$47:$AU$54) -> 96.792443 | M35: =AVERAGE([24]Brewhouse!$AU$4:$AU$7,[24]Brewhouse!$AU$9:$AU$22,[24]Brewhouse!$AU$24:$AU$35,[24]Brewhouse!$AU$37:$AU$45,[24]Brewhouse!$AU$47:$AU$54) -> 97.036654 | N35: 98
C36: 11.89 | I36: VITAMALT | M36: =AVERAGE([25]Brewhouse!$AV$5:$AV$14,[25]Brewhouse!$AV$16:$AV$19,[25]Brewhouse!$AV$21:$AV$24,[25]Brewhouse!$AV$26:$AV$33) -> 98.921975 | N36: 98
C37: 11.92 | D37: 11.92 | I37: MAXIMALT | N37: 98
C38: 11.51 | I38: MACKESON | M38: =AVERAGE([26]Brewhouse!$AT$4:$AT$11,[26]Brewhouse!$AT$13:$AT$16) -> 95.16531 | N38: 98
C39: 11.74 | D39: 11.99 | I39: STARMALT | K39: =COUNTA([27]Brewhouse!$A$36:$A$43) -> 8 | L39: =AVERAGE([27]Brewhouse!$AY$36:$AY$43) -> 98.453562 | M39: =AVERAGE([27]Brewhouse!$AY$6:$AY$13,[27]Brewhouse!$AY$15:$AY$20,[27]Brewhouse!$AY$22:$AY$29,[27]Brewhouse!$AY$31:$AY$34,[27]Brewhouse!$AY$36:$AY$43) -> 96.669752 | N39: 98
C40: 11.84 | I40: HR- Pils | M40: =AVERAGE([28]Brewhouse!$AU$5:$AU$8) -> 91.006888 | N40: 98
C41: 11.65 | D41: 11.62 | I41: HR- IPA | N41: 98
C42: 11.7 | I42: HR- APA | N42: 98
K43: =SUM(K33:K42) -> 42 | L43: =((L33*K33)+(L34*K34)+(L35*K35)+(L36*K36)+(L37*K37)+(K40*L40)+(L38*K38)+(L39*K39)+(L42*K42))/(K43) -> 98.230832 | M43: =AVERAGE('[29]Jan 31st'!$L$65,'[30]Feb 28th'!$L$35,'[31]Mar. 31st'!$L$35,'[32]Apr. 30th'!$L$45,L43) -> 97.526975 | N43: 98
B45: =I39 -> STARMALT | C45: {=[27]Process!$D$35:$D$36} -> 17.32 | D45: 17.3 | J45: Daily Brewing Plan
C46: 17.6 | J46: Brand | K46: Brews Achieved | L46: Average Brews per day
C47: {=[27]Process!$D$39:$D$40} -> 16.87 | D47: 17 | J47: CARIB | K47: =COUNTA(B17:B18) -> 2 | L47: MTD | M47: YTD | N47: TARGET
C48: 17 | J48: STAG | L48: =AVERAGE('May 2nd -4th'!I70,'May 2nd -4th'!K70,'May 5th'!K77,'May 6th'!K60,'May 7th'!K57) -> 8.4 | M48: =AVERAGE('[29]Jan 29th '!$M$70,'[30]Feb 28th'!$L$40,'[31]Mar. 31st'!$L$40,'[32]Apr. 30th'!$L$50,L48) -> 6.8691543 | N48: 9.2
J49: GUINN | K49: =COUNTA(B10:B15) -> 6
J50: VITAMALT
J51: STARMALT
J52: MACKESON
J53: HURRICANE REEF- IPA
J54: HURRICANE REEF- APA
B55: AVERAGE | D55: =AVERAGE(D33:E54) -> 13.43 | J55: HR- PILSNER
J56: CARIBE
J57: Total | K57: =SUM(K47:K56) -> 8
B58: Process: | C58: Fermentation/Filtration
B60: Brand | C60: Filt. Date | D60: FV Hls | E60: GFE/ Prim/ Vita Blend (Hls) | F60: SV Hls | G60: BBT Hls | H60: Loss (%) Ferm | I60: Loss (%) Filt | J60: Comments | K60: Throughput | L60: Process Loss (%) | M60: Filt. Operator
AB61: 43474 | AC61: 43475 | AD61: 43476 | AE61: 43477 | AF61: 43478 | AG61: 43479 | AH61: 43480 | AI61: 43481 | AJ61: 43482 | AK61: 43483 | AL61: 43484 | AM61: 43485 | AN61: 43486 | AO61: 43487 | AP61: 43488 | AQ61: 43489 | AR61: 43490 | AS61: 43491 | AT61: 43492 | AU61: 43493 | AV61: 43494 | AW61: 43495 | AX61: 43496
B62: =I34 -> STAG | C62: 45784 | D62: =[33]May_2025!$J$13 -> 502 | F62: =SUM([34]STAG!$L$6:$L$7,[34]STAG!$L$22:$L$29) -> 484.57282 | G62: =[33]May_2025!$J$17 -> 476.6 | H62: =(D62-F62)/D62*100 -> 3.4715507 | I62: =((F62+E62)-G62)/(F62+E62)*100 -> 1.6453287 | J62: 2 SBF | K62: =[35]May_2025!$J$25 -> 0.5574269 | L62: =(((D62+E62)-G62)/(D62+E62))*100 -> 5.059761 | M62: D. Emery | AB62: =[20]January_2019!L7 -> #REF! | AC62: =[20]January_2019!M7 -> #REF! | AD62: =[20]January_2019!N7 -> #REF! | AE62: =[20]January_2019!O7 -> #REF! | AF62: =[20]January_2019!P7 -> #REF! | AG62: =[20]January_2019!Q7 -> #REF! | AH62: =[20]January_2019!R7 -> #REF! | AI62: =[20]January_2019!S7 -> #REF! | ... AX62: =[20]January_2019!AH7 -> #REF!
B64: =I39 -> STARMALT | C64: 45784 | D64: =[33]May_2025!$J$55 -> 208.5 | G64: =[33]May_2025!$J$59 -> 204 | J64: NO BREAK | K64: =[35]May_2025!$J$53 -> 0.71578947 | L64: =(((D64+E64)-G64)/(D64+E64))*100 -> 2.1582734 | M64: K. Hosten
B66: Process Loss (Volume) | G66: Process Loss (Extract) | K66: Throughput
B67: Brand | C67: Actual | D67: MTD | E67: YTD | F67: Target | G67: Actual | H67: MTD | I67: YTD | J67: Target | L67: MTD | M67: YTD | N67: Target
B68: CARIB | D68: 6.1990615 | E68: 7.1511529 | F68: 4.8 | H68: 4.9867715 | I68: 7.1164577 | J68: 4.8 | K68: =K62 -> 0.5574269 | L68: 1.3326316 | M68: 0.77038736 | N68: 1
B69: STAG | C69: =L62 -> 5.059761 | D69: 5.059761 | E69: 6.0486693 | F69: 4.8 | G69: =[33]May_2025!$J$21 -> 3.9835153 | H69: 3.9835153 | I69: 6.4437259 | J69: 4.8 | L69: 0.5574269 | M69: 0.74620369 | N69: 1
B70: GUINN | E70: 12.554573 | F70: 5.5 | I70: 13.449891 | J70: 5.5 | M70: 0.54554654 | N70: 1
B71: VITAMALT | E71: 2.2218159 | F71: 3.3 | I71: 5.0359152 | J71: 3.3 | M71: 0.87880702 | N71: 1
B72: MAXIMALT | F72: 3.3 | J72: 3 | N72: 1
B73: MACKESON | E73: 7.8262258 | F73: =[21]May_2022!$M$43 -> 3.4878407 | I73: 9.4300679 | J73: 5.5 | M73: 0.67497076 | N73: 1
B74: STARMALT | C74: =L64 -> 2.1582734 | D74: 2.1582734 | E74: 1.9118428 | F74: 3.3 | G74: =[33]May_2025!$J$63 -> 2.4776697 | H74: 7.800941 | I74: 5.0087062 | J74: 3.3 | K74: =K64 -> 0.71578947 | L74: 0.71578947 | M74: 0.81733696 | N74: 1
B75: HURRICANE REEF | F75: 7.5 | J75: 7.5 | N75: 1
B76: HURRICANE REEF PILS | E76: 4.8792509 | F76: 4.8 | I76: 6.2003724 | J76: 4.8 | M76: 0.33859649 | N76: 1
D77: 4.9309665 | E77: 6.7709214 | F77: 5.5 | H77: 5.29018 | I77: 7.446416 | J77: 5.5 | L77: 0.86861598 | M77: 0.7427647 | N77: 1

Sheet May 8th
S1: P.G. | U1: Hot Time | W1: Process Time | Y1: Cooling Time
B2: Brewing Department Daily Process Loss Report | S2: Lower | T2: Upper | U2: Lower | V2: Upper | W2: Lower | X2: Upper | Y2: Lower | Z2: Upper
R3: CARIB | S3: 11.6 | T3: 12 | U3: 0 | V3: 0.11805556 | W3: 0.22569444 | X3: 0.26388889 | Y3: 0 | Z3: 60 | AB3: HR- PISNER
B4: Date: | C4: 45786 | J4: LOT WORT COLOUR: 3.5 | M4: Filter Sheets (Target 20 days) | R4: STAG | S4: 11.6 | T4: 12 | U4: 0 | V4: 0.11805556 | W4: 0.22569444 | X4: 0.26388889 | Y4: 0 | Z4: 60
M5: Double | N5: Single | R5: GUINNESS | S5: 17 | T5: 17.5 | U5: 0 | V5: 0.10763889 | W5: 0.24652778 | X5: 0.28472222 | Y5: 0 | Z5: 60
J6: MALT LOT: Lot 35 | L6: Sheet Day | R6: MACKESON | S6: 13.3 | T6: 13.5 | U6: 0 | V6: 0.12905093 | W6: 0.27430556 | X6: 0.30208333 | Y6: 0
R7: STARMALT | S7: 17.1 | T7: 17.5 | U7: 0 | V7: 0.13605324 | W7: 0.27430556 | X7: 0.30902778 | Y7: 0 | Z7: 60
B8: Brand | C8: Brew no. | D8: Kett. Hls | E8: Wort | F8: Cool Time(Mins) | G8: Cast. P.G. (Lab Result) | H8: Cast P.G. (Cellar Operator)-gravity | I8: Extr. Rec (78.95%) | J8: Theor. Extr. (77.5%) | K8: Boil Off /Vol. (4-6%) | L8: Boil Time | M8: Total Hot | N8: Brewing | O8: Operator | P8: Actual Pilsen Malt | R8: Hurricane Reef | S8: 16.6 | T8: 17 | U8: 0 | V8: 0.12905093 | W8: 0.27430556 | X8: 0.30208333 | Y8: 0
E9: Meter (Hls) | F9: Target(< 60Mins) | M9: Time | R9: VITAMALT | S9: 14.4 | T9: 14.6 | U9: 0 | V9: 0.13905093 | W9: 0.26041667 | X9: 0.29513889 | Y9: 0 | Z9: 75
B10: CARIB | C10: =[22]Brewhouse!$A426 -> CA321 | D10: =[22]Brewhouse!$AF426 -> 53.5 | E10: =[22]Brewhouse!$AI426 -> 50.2 | F10: =[22]Brewhouse!$V426 -> 57 | G10: =[22]Brewhouse!$AG426 -> 12 | H10: 12 | I10: =[22]Brewhouse!$AU426 -> 97.97084 | J10: =[22]Brewhouse!$AV426 -> 99.648891 | K10: =[22]Brewhouse!$Q426 -> 4.9009009 | L10: =[22]Brewhouse!$P426 -> 58 | M10: =[22]Brewhouse!$U426-[22]Brewhouse!$T426 -> 0.10069444 | N10: =[22]Brewhouse!$Z426 -> 0.24166667 | O10: =[22]Brewhouse!$AX426 -> R. Sookram | R10: =B10 -> CARIB | S10: =VLOOKUP($B10,$R$3:$X$9,2,FALSE) -> 11.6 | T10: =VLOOKUP($B10,$R$3:$X$9,3,FALSE) -> 12 | U10: =VLOOKUP($B10,$R$3:$X$9,4,FALSE) -> 0 | V10: =VLOOKUP($B10,$R$3:$X$9,5,FALSE) -> 0.11805556 | W10: =VLOOKUP($B10,$R$3:$X$9,6,FALSE) -> 0.22569444 | X10: =VLOOKUP($B10,$R$3:$X$9,7,FALSE) -> 0.26388889 | Y10: =VLOOKUP($B10,$R$3:$Z$9,8,FALSE) -> 0 | Z10: =VLOOKUP($B10,$R$3:$Z$9,9,FALSE) -> 60
B11: CARIB | C11: =[22]Brewhouse!$A427 -> CA322 | D11: =[22]Brewhouse!$AF427 -> 54.2 | E11: =[22]Brewhouse!$AI427 -> 51 | F11: =[22]Brewhouse!$V427 -> 66 | G11: =[22]Brewhouse!$AG427 -> 11.7 | H11: 11.9 | I11: =[22]Brewhouse!$AU427 -> 89.722856 | J11: =[22]Brewhouse!$AV427 -> 91.325041 | K11: =[22]Brewhouse!$Q427 -> 5.7193606 | L11: =[22]Brewhouse!$P427 -> 63 | M11: =[22]Brewhouse!$U427-[22]Brewhouse!$T427 -> 0.11805556 | N11: =[22]Brewhouse!$Z427 -> 0.27152778 | O11: =[22]Brewhouse!$AX427 -> K.Benjamin | R11: =B11 -> CARIB | S11: =VLOOKUP($B11,$R$3:$X$9,2,FALSE) -> 11.6 | T11: =VLOOKUP($B11,$R$3:$X$9,3,FALSE) -> 12 | U11: =VLOOKUP($B11,$R$3:$X$9,4,FALSE) -> 0 | V11: =VLOOKUP($B11,$R$3:$X$9,5,FALSE) -> 0.11805556 | W11: =VLOOKUP($B11,$R$3:$X$9,6,FALSE) -> 0.22569444 | X11: =VLOOKUP($B11,$R$3:$X$9,7,FALSE) -> 0.26388889 | Y11: =VLOOKUP($B11,$R$3:$Z$9,8,FALSE) -> 0 | Z11: =VLOOKUP($B11,$R$3:$Z$9,9,FALSE) -> 60
B12: CARIB | C12: =[22]Brewhouse!$A428 -> CA323 | D12: =[22]Brewhouse!$AF428 -> 54.2 | E12: =[22]Brewhouse!$AI428 -> 51 | F12: =[22]Brewhouse!$V428 -> 63 | G12: =[22]Brewhouse!$AG428 -> 11.9 | H12: 11.7 | I12: =[22]Brewhouse!$AU428 -> 91.480561 | J12: =[22]Brewhouse!$AV428 -> 93.114133 | K12: =[22]Brewhouse!$Q428 -> 4.8398577 | L12: =[22]Brewhouse!$P428 -> 63 | M12: =[22]Brewhouse!$U428-[22]Brewhouse!$T428 -> 0.11527778 | N12: =[22]Brewhouse!$Z428 -> 0.26527778 | O12: =[22]Brewhouse!$AX428 -> K.Benjamin | R12: =B12 -> CARIB | S12: =VLOOKUP($B12,$R$3:$X$9,2,FALSE) -> 11.6 | T12: =VLOOKUP($B12,$R$3:$X$9,3,FALSE) -> 12 | U12: =VLOOKUP($B12,$R$3:$X$9,4,FALSE) -> 0 | V12: =VLOOKUP($B12,$R$3:$X$9,5,FALSE) -> 0.11805556 | W12: =VLOOKUP($B12,$R$3:$X$9,6,FALSE) -> 0.22569444 | X12: =VLOOKUP($B12,$R$3:$X$9,7,FALSE) -> 0.26388889 | Y12: =VLOOKUP($B12,$R$3:$Z$9,8,FALSE) -> 0 | Z12: =VLOOKUP($B12,$R$3:$Z$9,9,FALSE) -> 60
B13: CARIB | C13: =[22]Brewhouse!$A429 -> CA324 | D13: =[22]Brewhouse!$AF429 -> 55.1 | E13: =[22]Brewhouse!$AI429 -> 51.8 | F13: =[22]Brewhouse!$V429 -> 69 | G13: =[22]Brewhouse!$AG429 -> 12.05 | H13: 12 | I13: =[22]Brewhouse!$AU429 -> 102.81572 | J13: =[22]Brewhouse!$AV429 -> 104.65171 | K13: =[22]Brewhouse!$Q429 -> 4.8056537 | L13: =[22]Brewhouse!$P429 -> 59 | M13: =[22]Brewhouse!$U429-[22]Brewhouse!$T429 -> 0.12638889 | N13: =[22]Brewhouse!$Z429 -> 0.28194444 | O13: =[22]Brewhouse!$AX429 -> K.Benjamin | R13: =B13 -> CARIB | S13: =VLOOKUP($B13,$R$3:$X$9,2,FALSE) -> 11.6 | T13: =VLOOKUP($B13,$R$3:$X$9,3,FALSE) -> 12 | U13: =VLOOKUP($B13,$R$3:$X$9,4,FALSE) -> 0 | V13: =VLOOKUP($B13,$R$3:$X$9,5,FALSE) -> 0.11805556 | W13: =VLOOKUP($B13,$R$3:$X$9,6,FALSE) -> 0.22569444 | X13: =VLOOKUP($B13,$R$3:$X$9,7,FALSE) -> 0.26388889 | Y13: =VLOOKUP($B13,$R$3:$Z$9,8,FALSE) -> 0 | Z13: =VLOOKUP($B13,$R$3:$Z$9,9,FALSE) -> 60
B14: CARIB | C14: =[22]Brewhouse!$A430 -> CA325 | D14: =[22]Brewhouse!$AF430 -> 54.4 | E14: =[22]Brewhouse!$AI430 -> 51 | F14: =[22]Brewhouse!$V430 -> 70 | G14: =[22]Brewhouse!$AG430 -> 12.12 | H14: 12 | I14: =[22]Brewhouse!$AU430 -> 97.532461 | J14: =[22]Brewhouse!$AV430 -> 99.207229 | K14: =[22]Brewhouse!$Q430 -> 4.4839858 | L14: =[22]Brewhouse!$P430 -> 57 | M14: =[22]Brewhouse!$U430-[22]Brewhouse!$T430 -> 0.13055556 | N14: =[22]Brewhouse!$Z430 -> 0.30555556 | O14: =[22]Brewhouse!$AX430 -> D. Gomez | P14: Steam pressure low and extra boil | R14: =B14 -> CARIB | S14: =VLOOKUP($B14,$R$3:$X$9,2,FALSE) -> 11.6 | T14: =VLOOKUP($B14,$R$3:$X$9,3,FALSE) -> 12 | U14: =VLOOKUP($B14,$R$3:$X$9,4,FALSE) -> 0 | V14: =VLOOKUP($B14,$R$3:$X$9,5,FALSE) -> 0.11805556 | W14: =VLOOKUP($B14,$R$3:$X$9,6,FALSE) -> 0.22569444 | X14: =VLOOKUP($B14,$R$3:$X$9,7,FALSE) -> 0.26388889 | Y14: =VLOOKUP($B14,$R$3:$Z$9,8,FALSE) -> 0 | Z14: =VLOOKUP($B14,$R$3:$Z$9,9,FALSE) -> 60
B15: CARIB | C15: =[22]Brewhouse!$A431 -> CA326 | D15: =[22]Brewhouse!$AF431 -> 55 | E15: =[22]Brewhouse!$AI431 -> 51.9 | F15: =[22]Brewhouse!$V431 -> 71 | G15: =[22]Brewhouse!$AG431 -> 11.86 | H15: 11.8 | I15: =[22]Brewhouse!$AU431 -> 101.47648 | J15: =[22]Brewhouse!$AV431 -> 103.28836 | K15: =[22]Brewhouse!$Q431 -> 3.5879218 | L15: =[22]Brewhouse!$P431 -> 62 | M15: =[22]Brewhouse!$U431-[22]Brewhouse!$T431 -> 0.13472222 | N15: =[22]Brewhouse!$Z431 -> 0.32361111 | O15: =[22]Brewhouse!$AX431 -> D. Gomez | P15: Copper up pre-run tank and extra boil | R15: =B15 -> CARIB | S15: =VLOOKUP($B15,$R$3:$X$9,2,FALSE) -> 11.6 | T15: =VLOOKUP($B15,$R$3:$X$9,3,FALSE) -> 12 | U15: =VLOOKUP($B15,$R$3:$X$9,4,FALSE) -> 0 | V15: =VLOOKUP($B15,$R$3:$X$9,5,FALSE) -> 0.11805556 | W15: =VLOOKUP($B15,$R$3:$X$9,6,FALSE) -> 0.22569444 | X15: =VLOOKUP($B15,$R$3:$X$9,7,FALSE) -> 0.26388889 | Y15: =VLOOKUP($B15,$R$3:$Z$9,8,FALSE) -> 0 | Z15: =VLOOKUP($B15,$R$3:$Z$9,9,FALSE) -> 60
R16: =B16 -> 0 | S16: =VLOOKUP($B16,$R$3:$X$9,2,FALSE) -> #N/A | T16: =VLOOKUP($B16,$R$3:$X$9,3,FALSE) -> #N/A | U16: =VLOOKUP($B16,$R$3:$X$9,4,FALSE) -> #N/A | V16: =VLOOKUP($B16,$R$3:$X$9,5,FALSE) -> #N/A | W16: =VLOOKUP($B16,$R$3:$X$9,6,FALSE) -> #N/A | X16: =VLOOKUP($B16,$R$3:$X$9,7,FALSE) -> #N/A | Y16: =VLOOKUP($B16,$R$3:$Z$9,8,FALSE) -> #N/A | Z16: =VLOOKUP($B16,$R$3:$Z$9,9,FALSE) -> #N/A
B17: STAG | C17: =[23]Brewhouse!$A203 -> ST185 | D17: =[23]Brewhouse!$AD203 -> 55 | E17: =[23]Brewhouse!$AG203 -> 52.1 | F17: =[23]Brewhouse!$V203 -> 57 | G17: =[23]Brewhouse!$AE203 -> 11.79 | H17: 11.7 | I17: =[23]Brewhouse!$AS203 -> 101.79316 | J17: =[23]Brewhouse!$AT203 -> 103.29861 | K17: =[23]Brewhouse!$Q203 -> 2.9090909 | L17: =[23]Brewhouse!$P203 -> 58 | M17: =[23]Brewhouse!$U203-[23]Brewhouse!$T203 -> 0.11805556 | N17: =[23]Brewhouse!$AW203 -> 0.26180556 | O17: =[23]Brewhouse!$AV203 -> R.Sookram | P17: Extra boil 10mins | R17: =B17 -> STAG | S17: =VLOOKUP($B17,$R$3:$X$9,2,FALSE) -> 11.6 | T17: =VLOOKUP($B17,$R$3:$X$9,3,FALSE) -> 12 | U17: =VLOOKUP($B17,$R$3:$X$9,4,FALSE) -> 0 | V17: =VLOOKUP($B17,$R$3:$X$9,5,FALSE) -> 0.11805556 | W17: =VLOOKUP($B17,$R$3:$X$9,6,FALSE) -> 0.22569444 | X17: =VLOOKUP($B17,$R$3:$X$9,7,FALSE) -> 0.26388889 | Y17: =VLOOKUP($B17,$R$3:$Z$9,8,FALSE) -> 0 | Z17: =VLOOKUP($B17,$R$3:$Z$9,9,FALSE) -> 60
B18: STAG | C18: =[23]Brewhouse!$A204 -> ST186 | D18: =[23]Brewhouse!$AD204 -> 54.8 | E18: =[23]Brewhouse!$AG204 -> 53 | F18: =[23]Brewhouse!$V204 -> 66 | G18: =[23]Brewhouse!$AE204 -> 11.91 | H18: 11.8 | I18: =[23]Brewhouse!$AS204 -> 104.73648 | J18: =[23]Brewhouse!$AT204 -> 106.28446 | K18: =[23]Brewhouse!$Q204 -> 1.2773723 | L18: =[23]Brewhouse!$P204 -> 58 | M18: =[23]Brewhouse!$U204-[23]Brewhouse!$T204 -> 0.10763889 | N18: =[23]Brewhouse!$AW204 -> 0.28680556 | O18: =[23]Brewhouse!$AV204 -> R.Sookram | P18: Copper up in pre-run tank | R18: =B18 -> STAG | S18: =VLOOKUP($B18,$R$3:$X$9,2,FALSE) -> 11.6 | T18: =VLOOKUP($B18,$R$3:$X$9,3,FALSE) -> 12 | U18: =VLOOKUP($B18,$R$3:$X$9,4,FALSE) -> 0 | V18: =VLOOKUP($B18,$R$3:$X$9,5,FALSE) -> 0.11805556 | W18: =VLOOKUP($B18,$R$3:$X$9,6,FALSE) -> 0.22569444 | X18: =VLOOKUP($B18,$R$3:$X$9,7,FALSE) -> 0.26388889 | Y18: =VLOOKUP($B18,$R$3:$Z$9,8,FALSE) -> 0 | Z18: =VLOOKUP($B18,$R$3:$Z$9,9,FALSE) -> 60
B19: STAG | C19: =[23]Brewhouse!$A205 -> ST187 | D19: =[23]Brewhouse!$AD205 -> 54.8 | E19: =[23]Brewhouse!$AG205 -> 52.6 | F19: =[23]Brewhouse!$V205 -> 58 | G19: =[23]Brewhouse!$AE205 -> 11.9 | H19: 11.79 | I19: =[23]Brewhouse!$AS205 -> 104.07643 | J19: =[23]Brewhouse!$AT205 -> 105.61415 | K19: =[23]Brewhouse!$Q205 -> 1.2773723 | L19: =[23]Brewhouse!$P205 -> 58 | M19: =[23]Brewhouse!$U205-[23]Brewhouse!$T205 -> 0.11319444 | N19: =[23]Brewhouse!$AW205 -> 0.31736111 | O19: =[23]Brewhouse!$AV205 -> R.Sookram | P19: Copper up in pre-run tank
R20: =B20 -> 0 | S20: =VLOOKUP($B20,$R$3:$X$9,2,FALSE) -> #N/A | T20: =VLOOKUP($B20,$R$3:$X$9,3,FALSE) -> #N/A | U20: =VLOOKUP($B20,$R$3:$X$9,4,FALSE) -> #N/A | V20: =VLOOKUP($B20,$R$3:$X$9,5,FALSE) -> #N/A | W20: =VLOOKUP($B20,$R$3:$X$9,6,FALSE) -> #N/A | X20: =VLOOKUP($B20,$R$3:$X$9,7,FALSE) -> #N/A | Y20: =VLOOKUP($B20,$R$3:$Z$9,8,FALSE) -> #N/A | Z20: =VLOOKUP($B20,$R$3:$Z$9,9,FALSE) -> #N/A
R21: =B21 -> 0 | S21: =VLOOKUP($B21,$R$3:$X$9,2,FALSE) -> #N/A | T21: =VLOOKUP($B21,$R$3:$X$9,3,FALSE) -> #N/A | U21: =VLOOKUP($B21,$R$3:$X$9,4,FALSE) -> #N/A | V21: =VLOOKUP($B21,$R$3:$X$9,5,FALSE) -> #N/A | W21: =VLOOKUP($B21,$R$3:$X$9,6,FALSE) -> #N/A | X21: =VLOOKUP($B21,$R$3:$X$9,7,FALSE) -> #N/A | Y21: =VLOOKUP($B21,$R$3:$Z$9,8,FALSE) -> #N/A | Z21: =VLOOKUP($B21,$R$3:$Z$9,9,FALSE) -> #N/A
R22: =B22 -> 0 | S22: =VLOOKUP($B22,$R$3:$X$9,2,FALSE) -> #N/A | T22: =VLOOKUP($B22,$R$3:$X$9,3,FALSE) -> #N/A | U22: =VLOOKUP($B22,$R$3:$X$9,4,FALSE) -> #N/A | V22: =VLOOKUP($B22,$R$3:$X$9,5,FALSE) -> #N/A | W22: =VLOOKUP($B22,$R$3:$X$9,6,FALSE) -> #N/A | X22: =VLOOKUP($B22,$R$3:$X$9,7,FALSE) -> #N/A | Y22: =VLOOKUP($B22,$R$3:$Z$9,8,FALSE) -> #N/A | Z22: =VLOOKUP($B22,$R$3:$Z$9,9,FALSE) -> #N/A
R23: =B23 -> 0 | S23: =VLOOKUP($B23,$R$3:$X$9,2,FALSE) -> #N/A | T23: =VLOOKUP($B23,$R$3:$X$9,3,FALSE) -> #N/A | U23: =VLOOKUP($B23,$R$3:$X$9,4,FALSE) -> #N/A | V23: =VLOOKUP($B23,$R$3:$X$9,5,FALSE) -> #N/A | W23: =VLOOKUP($B23,$R$3:$X$9,6,FALSE) -> #N/A | X23: =VLOOKUP($B23,$R$3:$X$9,7,FALSE) -> #N/A | Y23: =VLOOKUP($B23,$R$3:$Z$9,8,FALSE) -> #N/A | Z23: =VLOOKUP($B23,$R$3:$Z$9,9,FALSE) -> #N/A
R24: =B24 -> 0 | S24: =VLOOKUP($B24,$R$3:$X$9,2,FALSE) -> #N/A | T24: =VLOOKUP($B24,$R$3:$X$9,3,FALSE) -> #N/A | U24: =VLOOKUP($B24,$R$3:$X$9,4,FALSE) -> #N/A | V24: =VLOOKUP($B24,$R$3:$X$9,5,FALSE) -> #N/A | W24: =VLOOKUP($B24,$R$3:$X$9,6,FALSE) -> #N/A | X24: =VLOOKUP($B24,$R$3:$X$9,7,FALSE) -> #N/A | Y24: =VLOOKUP($B24,$R$3:$Z$9,8,FALSE) -> #N/A | Z24: =VLOOKUP($B24,$R$3:$Z$9,9,FALSE) -> #N/A
R25: =B25 -> 0 | S25: =VLOOKUP($B25,$R$3:$X$9,2,FALSE) -> #N/A | T25: =VLOOKUP($B25,$R$3:$X$9,3,FALSE) -> #N/A | U25: =VLOOKUP($B25,$R$3:$X$9,4,FALSE) -> #N/A | V25: =VLOOKUP($B25,$R$3:$X$9,5,FALSE) -> #N/A | W25: =VLOOKUP($B25,$R$3:$X$9,6,FALSE) -> #N/A | X25: =VLOOKUP($B25,$R$3:$X$9,7,FALSE) -> #N/A | Y25: =VLOOKUP($B25,$R$3:$Z$9,8,FALSE) -> #N/A | Z25: =VLOOKUP($B25,$R$3:$Z$9,9,FALSE) -> #N/A
R26: =B26 -> 0 | S26: =VLOOKUP($B26,$R$3:$X$9,2,FALSE) -> #N/A | T26: =VLOOKUP($B26,$R$3:$X$9,3,FALSE) -> #N/A | U26: =VLOOKUP($B26,$R$3:$X$9,4,FALSE) -> #N/A | V26: =VLOOKUP($B26,$R$3:$X$9,5,FALSE) -> #N/A | W26: =VLOOKUP($B26,$R$3:$X$9,6,FALSE) -> #N/A | X26: =VLOOKUP($B26,$R$3:$X$9,7,FALSE) -> #N/A | Y26: =VLOOKUP($B26,$R$3:$Z$9,8,FALSE) -> #N/A | Z26: =VLOOKUP($B26,$R$3:$Z$9,9,FALSE) -> #N/A
I27: EXTRACT RECOVERY | R27: =B27 -> 0 | S27: =VLOOKUP($B27,$R$3:$X$9,2,FALSE) -> #N/A | T27: =VLOOKUP($B27,$R$3:$X$9,3,FALSE) -> #N/A | U27: =VLOOKUP($B27,$R$3:$X$9,4,FALSE) -> #N/A | V27: =VLOOKUP($B27,$R$3:$X$9,5,FALSE) -> #N/A | W27: =VLOOKUP($B27,$R$3:$X$9,6,FALSE) -> #N/A | X27: =VLOOKUP($B27,$R$3:$X$9,7,FALSE) -> #N/A | Y27: =VLOOKUP($B27,$R$3:$Z$9,8,FALSE) -> #N/A | Z27: =VLOOKUP($B27,$R$3:$Z$9,9,FALSE) -> #N/A
B28: BRAND | D28: BBT P.G./ O.G | I28: Brand | J28: Actual | K28: MTD No. of Brews | L28: MTD | M28: YTD | N28: Target
B29: =I35 -> STARMALT | C29: {=[27]Process!$D$37:$D$38} -> 17.5 | D29: 16.97 | I29: CARIB | J29: =AVERAGE(I10:I15) -> 96.833154 | K29: =COUNTA([22]Brewhouse!$A$408:$A$431) -> 24 | L29: =AVERAGE([22]Brewhouse!$AU$408:$AU$431) -> 97.817246 | M29: =AVERAGE([22]Brewhouse!$AU$102:$AU$171,[22]Brewhouse!$AU$173:$AU$253,[22]Brewhouse!$AU$255:$AU$339,[22]Brewhouse!$AU$341:$AU$346,[22]Brewhouse!$AU$348,[22]Brewhouse!$AU$349:$AU$406,[22]Brewhouse!$AU$408:$AU$431) -> 97.427234 | N29: 98
C30: 17.14 | I30: STAG | J30: =AVERAGE(I17:I19) -> 103.53536 | K30: =COUNTA([23]Brewhouse!$A$195:$A$205) -> 11 | L30: =AVERAGE([23]Brewhouse!$AS$195:$AS$205) -> 100.70164 | M30: =AVERAGE([23]Brewhouse!$AS$15:$AS$64,[23]Brewhouse!$AS$66:$AS$103,[23]Brewhouse!$AS$105:$AS$140,[23]Brewhouse!$AS$142:$AS$193,[23]Brewhouse!$AS$195:$AS$205) -> 97.640391 | N30: 98
C31: {=[27]Process!$D$41:$D$42} -> 16.9 | D31: 17.18 | I31: GUINNESS | K31: =COUNTA([24]Brewhouse!$A$47:$A$54) -> 8 | L31: =AVERAGE([24]Brewhouse!$AU$47:$AU$54) -> 96.792443 | M31: =AVERAGE([24]Brewhouse!$AU$4:$AU$7,[24]Brewhouse!$AU$9:$AU$22,[24]Brewhouse!$AU$24:$AU$35,[24]Brewhouse!$AU$37:$AU$45,[24]Brewhouse!$AU$47:$AU$54) -> 97.036654 | N31: 98
C32: 16.82 | I32: VITAMALT | M32: =AVERAGE([25]Brewhouse!$AV$5:$AV$14,[25]Brewhouse!$AV$16:$AV$19,[25]Brewhouse!$AV$21:$AV$24,[25]Brewhouse!$AV$26:$AV$33) -> 98.921975 | N32: 98
I33: MAXIMALT | N33: 98
I34: MACKESON | M34: =AVERAGE([26]Brewhouse!$AT$4:$AT$11,[26]Brewhouse!$AT$13:$AT$16) -> 95.16531 | N34: 98
I35: STARMALT | K35: =COUNTA([27]Brewhouse!$A$36:$A$43) -> 8 | L35: =AVERAGE([27]Brewhouse!$AY$36:$AY$43) -> 98.453562 | M35: =AVERAGE([27]Brewhouse!$AY$6:$AY$13,[27]Brewhouse!$AY$15:$AY$20,[27]Brewhouse!$AY$22:$AY$29,[27]Brewhouse!$AY$31:$AY$34,[27]Brewhouse!$AY$36:$AY$43) -> 96.669752 | N35: 98
I36: HR- Pils | M36: =AVERAGE([28]Brewhouse!$AU$5:$AU$8) -> 91.006888 | N36: 98
I37: HR- IPA | N37: 98
I38: HR- APA | N38: 98
K39: =SUM(K29:K38) -> 51 | L39: =((L29*K29)+(L30*K30)+(L31*K31)+(L32*K32)+(L33*K33)+(K36*L36)+(L34*K34)+(L35*K35)+(L38*K38))/(K39) -> 98.37843 | M39: =AVERAGE('[29]Jan 31st'!$L$65,'[30]Feb 28th'!$L$35,'[31]Mar. 31st'!$L$35,'[32]Apr. 30th'!$L$45,L39) -> 97.556494 | N39: 98
B41: =I29 -> CARIB | C41: {=[22]Process!$D$357:$D$358} -> 11.8 | D41: 11.94 | J41: Daily Brewing Plan
C42: 12 | J42: Brand | K42: Brews Achieved | L42: Average Brews per day
C43: {=[22]Process!$D$388:$D$395} -> 11.9 | D43: 11.98 | J43: CARIB | K43: =COUNTA(B10:B15) -> 6 | L43: MTD | M43: YTD | N43: TARGET
C44: 11.6 | J44: STAG | K44: =COUNTA(B17:B19) -> 3 | L44: =AVERAGE('May 2nd -4th'!I70,'May 2nd -4th'!K70,'May 5th'!K77,'May 6th'!K60,'May 7th'!K57,'May 8th'!K53) -> 8.5 | M44: =AVERAGE('[29]Jan 29th '!$M$70,'[30]Feb 28th'!$L$40,'[31]Mar. 31st'!$L$40,'[32]Apr. 30th'!$L$50,L44) -> 6.8891543 | N44: 9.2
C45: 11.9 | D45: 11.95 | J45: GUINN
C46: 11.8 | J46: VITAMALT
C47: 11.9 | D47: 11.87 | J47: STARMALT
C48: 11.9 | J48: MACKESON
C49: 11.8 | D49: 11.93 | J49: HURRICANE REEF- IPA
C50: 11.8 | J50: HURRICANE REEF- APA
B51: AVERAGE | D51: =AVERAGE(D29:E50) -> 13.402857 | J51: HR- PILSNER
J52: CARIBE
J53: Total | K53: =SUM(K43:K52) -> 9
B54: Process: | C54: Fermentation/Filtration
B56: Brand | C56: Filt. Date | D56: FV Hls | E56: GFE/ Prim/ Vita Blend (Hls) | F56: SV Hls | G56: BBT Hls | H56: Loss (%) Ferm | I56: Loss (%) Filt | J56: Comments | K56: Throughput | L56: Process Loss (%) | M56: Filt. Operator
AB57: 43474 | AC57: 43475 | AD57: 43476 | AE57: 43477 | AF57: 43478 | AG57: 43479 | AH57: 43480 | AI57: 43481 | AJ57: 43482 | AK57: 43483 | AL57: 43484 | AM57: 43485 | AN57: 43486 | AO57: 43487 | AP57: 43488 | AQ57: 43489 | AR57: 43490 | AS57: 43491 | AT57: 43492 | AU57: 43493 | AV57: 43494 | AW57: 43495 | AX57: 43496
B58: =I29 -> CARIB | C58: 45785 | D58: =[33]May_2025!$K$3 -> 509.8 | G58: =[33]May_2025!$K$7 -> 488.4 | J58: 2 SBF | K58: =[35]May_2025!$K$18 -> 0.57122807 | L58: =(((D58+E58)-G58)/(D58+E58))*100 -> 4.1977246 | M58: D. Emery | AB58: =[20]January_2019!L7 -> #REF! | AC58: =[20]January_2019!M7 -> #REF! | AD58: =[20]January_2019!N7 -> #REF! | AE58: =[20]January_2019!O7 -> #REF! | AF58: =[20]January_2019!P7 -> #REF! | AG58: =[20]January_2019!Q7 -> #REF! | AH58: =[20]January_2019!R7 -> #REF! | AI58: =[20]January_2019!S7 -> #REF! | ... AX58: =[20]January_2019!AH7 -> #REF!
B60: =I35 -> STARMALT | C60: 45785 | D60: =[33]May_2025!$K$55 -> 206.1 | G60: =[33]May_2025!$K$59 -> 194.5 | J60: NO BREAK | K60: =[35]May_2025!$K$53 -> 0.68245614 | L60: =(((D60+E60)-G60)/(D60+E60))*100 -> 5.6283358 | M60: K. Hosten
B62: Process Loss (Volume) | G62: Process Loss (Extract) | K62: Throughput
B63: Brand | C63: Actual | D63: MTD | E63: YTD | F63: Target | G63: Actual | H63: MTD | I63: YTD | J63: Target | L63: MTD | M63: YTD | N63: Target
B64: CARIB | C64: =L58 -> 4.1977246 | D64: 5.083634 | E64: 7.0288855 | F64: 4.8 | G64: =[33]May_2025!$K$11 -> 3.4238775 | H64: 4.1157063 | I64: 7.0008712 | J64: 4.8 | K64: =K58 -> 0.57122807 | L64: 0.95192982 | M64: 0.76674196 | N64: 1
B65: STAG | D65: 5.059761 | E65: 6.0486693 | F65: 4.8 | H65: 3.9835153 | I65: 6.4437259 | J65: 4.8 | L65: 0.5574269 | M65: 0.74620369 | N65: 1
B66: GUINN | E66: 12.554573 | F66: 5.5 | I66: 13.449891 | J66: 5.5 | M66: 0.54554654 | N66: 1
B67: VITAMALT | E67: 2.2218159 | F67: 3.3 | I67: 5.0359152 | J67: 3.3 | M67: 0.87880702 | N67: 1
B68: MAXIMALT | F68: 3.3 | J68: 3 | N68: 1
B69: MACKESON | E69: 7.8262258 | F69: =[21]May_2022!$M$43 -> 3.4878407 | I69: 9.4300679 | J69: 5.5 | M69: 0.67497076 | N69: 1
B70: STARMALT | C70: =L60 -> 5.6283358 | D70: 3.883261 | E70: 2.485216 | F70: 3.3 | G70: =[33]May_2025!$K$63 -> 5.7317001 | H70: 4.1755915 | I70: 4.4843056 | J70: 3.3 | K70: =K60 -> 0.68245614 | L70: 0.69912281 | M70: 0.79924706 | N70: 1
B71: HURRICANE REEF | F71: 7.5 | J71: 7.5 | N71: 1
B72: HURRICANE REEF PILS | E72: 4.8792509 | F72: 4.8 | I72: 6.2003724 | J72: 4.8 | M72: 0.33859649 | N72: 1
D73: 4.8053295 | E73: 6.7058398 | F73: 5.5 | H73: 4.1005729 | I73: 7.3247101 | J73: 5.5 | L73: 0.77190643 | M73: 0.74065196 | N73: 1

Sheet May 9th-10th
S1: P.G. | U1: Hot Time | W1: Process Time | Y1: Cooling Time
B2: Brewing Department Daily Process Loss Report | S2: Lower | T2: Upper | U2: Lower | V2: Upper | W2: Lower | X2: Upper | Y2: Lower | Z2: Upper
R3: CARIB | S3: 11.6 | T3: 12 | U3: 0 | V3: 0.11805556 | W3: 0.22569444 | X3: 0.26388889 | Y3: 0 | Z3: 60 | AB3: HR- PISNER
B4: Date: | C4: 45789 | J4: LOT WORT COLOUR: 3.5 | M4: Filter Sheets (Target 20 days) | R4: STAG | S4: 11.6 | T4: 12 | U4: 0 | V4: 0.11805556 | W4: 0.22569444 | X4: 0.26388889 | Y4: 0 | Z4: 60
M5: Double | N5: Single | R5: GUINNESS | S5: 17 | T5: 17.5 | U5: 0 | V5: 0.10763889 | W5: 0.24652778 | X5: 0.28472222 | Y5: 0 | Z5: 60
J6: MALT LOT: Lot 35 | L6: Sheet Day | R6: MACKESON | S6: 13.3 | T6: 13.5 | U6: 0 | V6: 0.12905093 | W6: 0.27430556 | X6: 0.30208333 | Y6: 0
R7: STARMALT | S7: 17.1 | T7: 17.5 | U7: 0 | V7: 0.13605324 | W7: 0.27430556 | X7: 0.30902778 | Y7: 0 | Z7: 60
B8: Brand | C8: Brew no. | D8: Kett. Hls | E8: Wort | F8: Cool Time(Mins) | G8: Cast. P.G. (Lab Result) | H8: Cast P.G. (Cellar Operator)-gravity | I8: Extr. Rec (78.95%) | J8: Theor. Extr. (77.5%) | K8: Boil Off /Vol. (4-6%) | L8: Boil Time | M8: Total Hot | N8: Brewing | O8: Operator | R8: Hurricane Reef | S8: 16.6 | T8: 17 | U8: 0 | V8: 0.12905093 | W8: 0.27430556 | X8: 0.30208333 | Y8: 0
E9: Meter (Hls) | F9: Target(< 60Mins) | M9: Time | R9: VITAMALT | S9: 14.4 | T9: 14.6 | U9: 0 | V9: 0.13905093 | W9: 0.26041667 | X9: 0.29513889 | Y9: 0 | Z9: 75
B10: STAG | C10: =[23]Brewhouse!$A206 -> ST188 | D10: =[23]Brewhouse!$AD206 -> 55.7 | E10: =[23]Brewhouse!$AG206 -> 52.7 | F10: =[23]Brewhouse!$V206 -> 65 | G10: =[23]Brewhouse!$AE206 -> 11.9 | H10: 12 | I10: =[23]Brewhouse!$AS206 -> 104.0133 | J10: =[23]Brewhouse!$AT206 -> 105.55108 | K10: =[23]Brewhouse!$Q206 -> 5.2536232 | L10: =[23]Brewhouse!$P206 -> 60 | M10: =[23]Brewhouse!$U206-[23]Brewhouse!$T206 -> 0.14097222 | N10: =[23]Brewhouse!$AW206 -> 0.29027778 | O10: =[23]Brewhouse!$AV206 -> K. Benjamin | P10: 15mins extra boil to correct low gravity | R10: =B10 -> STAG | S10: =VLOOKUP($B10,$R$3:$X$9,2,FALSE) -> 11.6 | T10: =VLOOKUP($B10,$R$3:$X$9,3,FALSE) -> 12 | U10: =VLOOKUP($B10,$R$3:$X$9,4,FALSE) -> 0 | V10: =VLOOKUP($B10,$R$3:$X$9,5,FALSE) -> 0.11805556 | W10: =VLOOKUP($B10,$R$3:$X$9,6,FALSE) -> 0.22569444 | X10: =VLOOKUP($B10,$R$3:$X$9,7,FALSE) -> 0.26388889 | Y10: =VLOOKUP($B10,$R$3:$Z$9,8,FALSE) -> 0 | Z10: =VLOOKUP($B10,$R$3:$Z$9,9,FALSE) -> 60
B11: STAG | C11: =[23]Brewhouse!$A207 -> ST189 | D11: =[23]Brewhouse!$AD207 -> 54.8 | E11: =[23]Brewhouse!$AG207 -> 51.7 | F11: =[23]Brewhouse!$V207 -> 69 | G11: =[23]Brewhouse!$AE207 -> 12.27 | H11: 12.1 | I11: =[23]Brewhouse!$AS207 -> 105.77821 | J11: =[23]Brewhouse!$AT207 -> 107.34158 | K11: =[23]Brewhouse!$Q207 -> 1.2820513 | L11: =[23]Brewhouse!$P207 -> 62 | M11: =[23]Brewhouse!$U207-[23]Brewhouse!$T207 -> 0.13263889 | N11: =[23]Brewhouse!$AW207 -> 0.33888889 | O11: =[23]Brewhouse!$AV207 -> K. Benjamin | P11: Brew copper in pre-run tank due to delay on previous brew & 15min extra boil | R11: =B11 -> STAG | S11: =VLOOKUP($B11,$R$3:$X$9,2,FALSE) -> 11.6 | T11: =VLOOKUP($B11,$R$3:$X$9,3,FALSE) -> 12 | U11: =VLOOKUP($B11,$R$3:$X$9,4,FALSE) -> 0 | V11: =VLOOKUP($B11,$R$3:$X$9,5,FALSE) -> 0.11805556 | W11: =VLOOKUP($B11,$R$3:$X$9,6,FALSE) -> 0.22569444 | X11: =VLOOKUP($B11,$R$3:$X$9,7,FALSE) -> 0.26388889 | Y11: =VLOOKUP($B11,$R$3:$Z$9,8,FALSE) -> 0 | Z11: =VLOOKUP($B11,$R$3:$Z$9,9,FALSE) -> 60
B12: STAG | C12: =[23]Brewhouse!$A208 -> ST190 | D12: =[23]Brewhouse!$AD208 -> 54.8 | E12: =[23]Brewhouse!$AG208 -> 51.7 | F12: =[23]Brewhouse!$V208 -> 67 | G12: =[23]Brewhouse!$AE208 -> 11.92 | H12: 12 | I12: =[23]Brewhouse!$AS208 -> 102.42416 | J12: =[23]Brewhouse!$AT208 -> 103.93697 | K12: =[23]Brewhouse!$Q208 -> 1.4625229 | L12: =[23]Brewhouse!$P208 -> 66 | M12: =[23]Brewhouse!$U208-[23]Brewhouse!$T208 -> 0.12986111 | N12: =[23]Brewhouse!$AW208 -> 0.31319444 | O12: =[23]Brewhouse!$AV208 -> K. Benjamin | P12: Extra boil | R12: =B12 -> STAG | S12: =VLOOKUP($B12,$R$3:$X$9,2,FALSE) -> 11.6 | T12: =VLOOKUP($B12,$R$3:$X$9,3,FALSE) -> 12 | U12: =VLOOKUP($B12,$R$3:$X$9,4,FALSE) -> 0 | V12: =VLOOKUP($B12,$R$3:$X$9,5,FALSE) -> 0.11805556 | W12: =VLOOKUP($B12,$R$3:$X$9,6,FALSE) -> 0.22569444 | X12: =VLOOKUP($B12,$R$3:$X$9,7,FALSE) -> 0.26388889 | Y12: =VLOOKUP($B12,$R$3:$Z$9,8,FALSE) -> 0 | Z12: =VLOOKUP($B12,$R$3:$Z$9,9,FALSE) -> 60
B13: STAG | C13: =[23]Brewhouse!$A209 -> ST191 | D13: =[23]Brewhouse!$AD209 -> 54.8 | E13: =[23]Brewhouse!$AG209 -> 51.7 | F13: =[23]Brewhouse!$V209 -> 70 | G13: =[23]Brewhouse!$AE209 -> 11.84 | H13: 11.7 | I13: =[23]Brewhouse!$AS209 -> 101.51921 | J13: =[23]Brewhouse!$AT209 -> 103.01865 | K13: =[23]Brewhouse!$Q209 -> 1.8214936 | L13: =[23]Brewhouse!$P209 -> 58 | M13: =[23]Brewhouse!$U209-[23]Brewhouse!$T209 -> 0.13680556 | N13: =[23]Brewhouse!$AW209 -> 0.375 | O13: =[23]Brewhouse!$AV209 -> D. Gomaz | P13: Copper up pre-run tank & extra boil | R13: =B13 -> STAG | S13: =VLOOKUP($B13,$R$3:$X$9,2,FALSE) -> 11.6 | T13: =VLOOKUP($B13,$R$3:$X$9,3,FALSE) -> 12 | U13: =VLOOKUP($B13,$R$3:$X$9,4,FALSE) -> 0 | V13: =VLOOKUP($B13,$R$3:$X$9,5,FALSE) -> 0.11805556 | W13: =VLOOKUP($B13,$R$3:$X$9,6,FALSE) -> 0.22569444 | X13: =VLOOKUP($B13,$R$3:$X$9,7,FALSE) -> 0.26388889 | Y13: =VLOOKUP($B13,$R$3:$Z$9,8,FALSE) -> 0 | Z13: =VLOOKUP($B13,$R$3:$Z$9,9,FALSE) -> 60
B14: STAG | C14: =[23]Brewhouse!$A210 -> ST192 | E14: =[23]Brewhouse!$AG210 -> 52.3 | F14: =[23]Brewhouse!$V210 -> 65 | G14: =[23]Brewhouse!$AE210 -> 11.8 | H14: 12.1 | I14: =[23]Brewhouse!$AS210 -> 102.44001 | J14: =[23]Brewhouse!$AT210 -> 103.95404 | K14: =[23]Brewhouse!$Q210 -> 5.2727273 | L14: =[23]Brewhouse!$P210 -> 56 | M14: =[23]Brewhouse!$U210-[23]Brewhouse!$T210 -> 0.13194444 | N14: =[23]Brewhouse!$AW210 -> 0.40416667 | O14: =[23]Brewhouse!$AV210 -> D. Gomaz | P14: Extra boil to verfiy gravity | R14: =B14 -> STAG | S14: =VLOOKUP($B14,$R$3:$X$9,2,FALSE) -> 11.6 | T14: =VLOOKUP($B14,$R$3:$X$9,3,FALSE) -> 12 | U14: =VLOOKUP($B14,$R$3:$X$9,4,FALSE) -> 0 | V14: =VLOOKUP($B14,$R$3:$X$9,5,FALSE) -> 0.11805556 | W14: =VLOOKUP($B14,$R$3:$X$9,6,FALSE) -> 0.22569444 | X14: =VLOOKUP($B14,$R$3:$X$9,7,FALSE) -> 0.26388889 | Y14: =VLOOKUP($B14,$R$3:$Z$9,8,FALSE) -> 0 | Z14: =VLOOKUP($B14,$R$3:$Z$9,9,FALSE) -> 60
R15: =B15 -> 0 | S15: =VLOOKUP($B15,$R$3:$X$9,2,FALSE) -> #N/A | T15: =VLOOKUP($B15,$R$3:$X$9,3,FALSE) -> #N/A | U15: =VLOOKUP($B15,$R$3:$X$9,4,FALSE) -> #N/A | V15: =VLOOKUP($B15,$R$3:$X$9,5,FALSE) -> #N/A | W15: =VLOOKUP($B15,$R$3:$X$9,6,FALSE) -> #N/A | X15: =VLOOKUP($B15,$R$3:$X$9,7,FALSE) -> #N/A | Y15: =VLOOKUP($B15,$R$3:$Z$9,8,FALSE) -> #N/A | Z15: =VLOOKUP($B15,$R$3:$Z$9,9,FALSE) -> #N/A
B16: 45787 | R16: =B16 -> 45787 | S16: =VLOOKUP($B16,$R$3:$X$9,2,FALSE) -> #N/A | T16: =VLOOKUP($B16,$R$3:$X$9,3,FALSE) -> #N/A | U16: =VLOOKUP($B16,$R$3:$X$9,4,FALSE) -> #N/A | V16: =VLOOKUP($B16,$R$3:$X$9,5,FALSE) -> #N/A | W16: =VLOOKUP($B16,$R$3:$X$9,6,FALSE) -> #N/A | X16: =VLOOKUP($B16,$R$3:$X$9,7,FALSE) -> #N/A | Y16: =VLOOKUP($B16,$R$3:$Z$9,8,FALSE) -> #N/A | Z16: =VLOOKUP($B16,$R$3:$Z$9,9,FALSE) -> #N/A
B17: VITAMALT | C17: =[25]Brewhouse!A35 -> VM027 | D17: =[25]Brewhouse!AE35 -> 53 | E17: =[25]Brewhouse!AJ35 -> 48 | F17: =[25]Brewhouse!X35 -> 81 | G17: =[25]Brewhouse!AH35 -> 14.49 | I17: =[25]Brewhouse!AV35 -> 98.928033 | J17: =[25]Brewhouse!AW35 -> 99.292604 | K17: =[25]Brewhouse!S35 -> 6.5283019 | L17: =[25]Brewhouse!R35 -> 58 | M17: =[25]Brewhouse!$W35-[25]Brewhouse!$V35 -> 0.13333333 | N17: =[25]Brewhouse!AB35 -> 0.29861111 | O17: =[25]Brewhouse!$AZ35 -> R.Sookram | P17: Extra boil | R17: =B17 -> VITAMALT | S17: =VLOOKUP($B17,$R$3:$X$9,2,FALSE) -> 14.4 | T17: =VLOOKUP($B17,$R$3:$X$9,3,FALSE) -> 14.6 | U17: =VLOOKUP($B17,$R$3:$X$9,4,FALSE) -> 0 | V17: =VLOOKUP($B17,$R$3:$X$9,5,FALSE) -> 0.13905093 | W17: =VLOOKUP($B17,$R$3:$X$9,6,FALSE) -> 0.26041667 | X17: =VLOOKUP($B17,$R$3:$X$9,7,FALSE) -> 0.29513889 | Y17: =VLOOKUP($B17,$R$3:$Z$9,8,FALSE) -> 0 | Z17: =VLOOKUP($B17,$R$3:$Z$9,9,FALSE) -> 75
B18: VITAMALT | C18: =[25]Brewhouse!A36 -> VM028 | D18: =[25]Brewhouse!AE36 -> 53.1 | E18: =[25]Brewhouse!AJ36 -> 50.1 | F18: =[25]Brewhouse!X36 -> 79 | G18: =[25]Brewhouse!AH36 -> 14.14 | I18: =[25]Brewhouse!AV36 -> 100.22513 | J18: =[25]Brewhouse!AW36 -> 100.59448 | K18: =[25]Brewhouse!S36 -> 4.8210923 | L18: =[25]Brewhouse!R36 -> 60 | M18: =[25]Brewhouse!$W36-[25]Brewhouse!$V36 -> 0.13541667 | N18: =[25]Brewhouse!AB36 -> 0.28055556 | O18: =[25]Brewhouse!$AZ36 -> R.Sookram | P18: Brew took 2mins in final rest | R18: =B18 -> VITAMALT | S18: =VLOOKUP($B18,$R$3:$X$9,2,FALSE) -> 14.4 | T18: =VLOOKUP($B18,$R$3:$X$9,3,FALSE) -> 14.6 | U18: =VLOOKUP($B18,$R$3:$X$9,4,FALSE) -> 0 | V18: =VLOOKUP($B18,$R$3:$X$9,5,FALSE) -> 0.13905093 | W18: =VLOOKUP($B18,$R$3:$X$9,6,FALSE) -> 0.26041667 | X18: =VLOOKUP($B18,$R$3:$X$9,7,FALSE) -> 0.29513889 | Y18: =VLOOKUP($B18,$R$3:$Z$9,8,FALSE) -> 0 | Z18: =VLOOKUP($B18,$R$3:$Z$9,9,FALSE) -> 75
B19: VITAMALT | C19: =[25]Brewhouse!A37 -> VM029 | D19: =[25]Brewhouse!AE37 -> 53 | E19: =[25]Brewhouse!AJ37 -> 49.1 | F19: =[25]Brewhouse!X37 -> 87 | G19: =[25]Brewhouse!AH37 -> 14.31 | I19: =[25]Brewhouse!AV37 -> 99.888911 | J19: =[25]Brewhouse!AW37 -> 100.25389 | K19: =[25]Brewhouse!S37 -> 4.2641509 | L19: =[25]Brewhouse!R37 -> 61 | M19: =[25]Brewhouse!$W37-[25]Brewhouse!$V37 -> 0.13680556 | N19: =[25]Brewhouse!AB37 -> 0.28541667 | O19: =[25]Brewhouse!$AZ37 -> D. Gomez | R19: =B19 -> VITAMALT | S19: =VLOOKUP($B19,$R$3:$X$9,2,FALSE) -> 14.4 | T19: =VLOOKUP($B19,$R$3:$X$9,3,FALSE) -> 14.6 | U19: =VLOOKUP($B19,$R$3:$X$9,4,FALSE) -> 0 | V19: =VLOOKUP($B19,$R$3:$X$9,5,FALSE) -> 0.13905093 | W19: =VLOOKUP($B19,$R$3:$X$9,6,FALSE) -> 0.26041667 | X19: =VLOOKUP($B19,$R$3:$X$9,7,FALSE) -> 0.29513889 | Y19: =VLOOKUP($B19,$R$3:$Z$9,8,FALSE) -> 0 | Z19: =VLOOKUP($B19,$R$3:$Z$9,9,FALSE) -> 75
B20: VITAMALT | C20: =[25]Brewhouse!A38 -> VM030 | D20: =[25]Brewhouse!AE38 -> 53 | E20: =[25]Brewhouse!AJ38 -> 49.6 | F20: =[25]Brewhouse!X38 -> 78 | G20: =[25]Brewhouse!AH38 -> 14.22 | I20: =[25]Brewhouse!AV38 -> 100.17103 | J20: =[25]Brewhouse!AW38 -> 100.53704 | K20: =[25]Brewhouse!S38 -> 4.2641509 | L20: =[25]Brewhouse!R38 -> 61 | M20: =[25]Brewhouse!$W38-[25]Brewhouse!$V38 -> 0.13263889 | N20: =[25]Brewhouse!AB38 -> 0.27708333 | O20: =[25]Brewhouse!$AZ38 -> D. Gomez | R20: =B20 -> VITAMALT | S20: =VLOOKUP($B20,$R$3:$X$9,2,FALSE) -> 14.4 | T20: =VLOOKUP($B20,$R$3:$X$9,3,FALSE) -> 14.6 | U20: =VLOOKUP($B20,$R$3:$X$9,4,FALSE) -> 0 | V20: =VLOOKUP($B20,$R$3:$X$9,5,FALSE) -> 0.13905093 | W20: =VLOOKUP($B20,$R$3:$X$9,6,FALSE) -> 0.26041667 | X20: =VLOOKUP($B20,$R$3:$X$9,7,FALSE) -> 0.29513889 | Y20: =VLOOKUP($B20,$R$3:$Z$9,8,FALSE) -> 0 | Z20: =VLOOKUP($B20,$R$3:$Z$9,9,FALSE) -> 75
B21: VITAMALT | C21: =[25]Brewhouse!A39 -> VM031 | D21: =[25]Brewhouse!AE39 -> 53 | E21: =[25]Brewhouse!AJ39 -> 50 | F21: =[25]Brewhouse!X39 -> 80 | G21: =[25]Brewhouse!AH39 -> 14 | I21: =[25]Brewhouse!AV39 -> 99.285649 | J21: =[25]Brewhouse!AW39 -> 99.651538 | K21: =[25]Brewhouse!S39 -> 4.0754717 | L21: =[25]Brewhouse!R39 -> 59 | M21: =[25]Brewhouse!$W39-[25]Brewhouse!$V39 -> 0.13333333 | N21: =[25]Brewhouse!AB39 -> 0.27916667 | O21: =[25]Brewhouse!$AZ39 -> D. Gomez | R21: =B21 -> VITAMALT | S21: =VLOOKUP($B21,$R$3:$X$9,2,FALSE) -> 14.4 | T21: =VLOOKUP($B21,$R$3:$X$9,3,FALSE) -> 14.6 | U21: =VLOOKUP($B21,$R$3:$X$9,4,FALSE) -> 0 | V21: =VLOOKUP($B21,$R$3:$X$9,5,FALSE) -> 0.13905093 | W21: =VLOOKUP($B21,$R$3:$X$9,6,FALSE) -> 0.26041667 | X21: =VLOOKUP($B21,$R$3:$X$9,7,FALSE) -> 0.29513889 | Y21: =VLOOKUP($B21,$R$3:$Z$9,8,FALSE) -> 0 | Z21: =VLOOKUP($B21,$R$3:$Z$9,9,FALSE) -> 75
B22: VITAMALT | C22: =[25]Brewhouse!A40 -> VM032 | D22: =[25]Brewhouse!AE40 -> 52.5 | E22: =[25]Brewhouse!AJ40 -> 49.2 | F22: =[25]Brewhouse!X40 -> 82 | G22: =[25]Brewhouse!AH40 -> 14.3 | I22: =[25]Brewhouse!AV40 -> 99.879884 | J22: =[25]Brewhouse!AW40 -> 100.24796 | K22: =[25]Brewhouse!S40 -> 4.4952381 | L22: =[25]Brewhouse!R40 -> 59 | M22: =[25]Brewhouse!$W40-[25]Brewhouse!$V40 -> 0.15625 | N22: =[25]Brewhouse!AB40 -> 0.30208333 | O22: =[25]Brewhouse!$AZ40 -> D. Gomez | P22: Copper up in pre-run tank | R22: =B22 -> VITAMALT | S22: =VLOOKUP($B22,$R$3:$X$9,2,FALSE) -> 14.4 | T22: =VLOOKUP($B22,$R$3:$X$9,3,FALSE) -> 14.6 | U22: =VLOOKUP($B22,$R$3:$X$9,4,FALSE) -> 0 | V22: =VLOOKUP($B22,$R$3:$X$9,5,FALSE) -> 0.13905093 | W22: =VLOOKUP($B22,$R$3:$X$9,6,FALSE) -> 0.26041667 | X22: =VLOOKUP($B22,$R$3:$X$9,7,FALSE) -> 0.29513889 | Y22: =VLOOKUP($B22,$R$3:$Z$9,8,FALSE) -> 0 | Z22: =VLOOKUP($B22,$R$3:$Z$9,9,FALSE) -> 75
R23: =B23 -> 0 | S23: =VLOOKUP($B23,$R$3:$X$9,2,FALSE) -> #N/A | T23: =VLOOKUP($B23,$R$3:$X$9,3,FALSE) -> #N/A | U23: =VLOOKUP($B23,$R$3:$X$9,4,FALSE) -> #N/A | V23: =VLOOKUP($B23,$R$3:$X$9,5,FALSE) -> #N/A | W23: =VLOOKUP($B23,$R$3:$X$9,6,FALSE) -> #N/A | X23: =VLOOKUP($B23,$R$3:$X$9,7,FALSE) -> #N/A | Y23: =VLOOKUP($B23,$R$3:$Z$9,8,FALSE) -> #N/A | Z23: =VLOOKUP($B23,$R$3:$Z$9,9,FALSE) -> #N/A
R24: =B24 -> 0 | S24: =VLOOKUP($B24,$R$3:$X$9,2,FALSE) -> #N/A | T24: =VLOOKUP($B24,$R$3:$X$9,3,FALSE) -> #N/A | U24: =VLOOKUP($B24,$R$3:$X$9,4,FALSE) -> #N/A | V24: =VLOOKUP($B24,$R$3:$X$9,5,FALSE) -> #N/A | W24: =VLOOKUP($B24,$R$3:$X$9,6,FALSE) -> #N/A | X24: =VLOOKUP($B24,$R$3:$X$9,7,FALSE) -> #N/A | Y24: =VLOOKUP($B24,$R$3:$Z$9,8,FALSE) -> #N/A | Z24: =VLOOKUP($B24,$R$3:$Z$9,9,FALSE) -> #N/A
B25: CARIB | C25: =[22]Brewhouse!$A432 -> CA327 | D25: =[22]Brewhouse!$AF432 -> 51.4 | E25: =[22]Brewhouse!$AI432 -> 47.2 | F25: =[22]Brewhouse!$V432 -> 54 | G25: =[22]Brewhouse!$AG432 -> 12.28 | H25: 11.8 | I25: =[22]Brewhouse!$AU432 -> 94.420432 | J25: =[22]Brewhouse!$AV432 -> 96.037846 | K25: =[22]Brewhouse!$Q432 -> 8.0217786 | L25: =[22]Brewhouse!$P432 -> 59 | M25: =[22]Brewhouse!$U432-[22]Brewhouse!$T432 -> 0.10902778 | N25: =[22]Brewhouse!$Z432 -> 0.25555556 | O25: =[22]Brewhouse!$AX432 -> R. Sookram | R25: =B25 -> CARIB | S25: =VLOOKUP($B25,$R$3:$X$9,2,FALSE) -> 11.6 | T25: =VLOOKUP($B25,$R$3:$X$9,3,FALSE) -> 12 | U25: =VLOOKUP($B25,$R$3:$X$9,4,FALSE) -> 0 | V25: =VLOOKUP($B25,$R$3:$X$9,5,FALSE) -> 0.11805556 | W25: =VLOOKUP($B25,$R$3:$X$9,6,FALSE) -> 0.22569444 | X25: =VLOOKUP($B25,$R$3:$X$9,7,FALSE) -> 0.26388889 | Y25: =VLOOKUP($B25,$R$3:$Z$9,8,FALSE) -> 0 | Z25: =VLOOKUP($B25,$R$3:$Z$9,9,FALSE) -> 60
B26: CARIB | C26: =[22]Brewhouse!$A433 -> CA328 | D26: =[22]Brewhouse!$AF433 -> 51.7 | E26: =[22]Brewhouse!$AI433 -> 48.4 | F26: =[22]Brewhouse!$V433 -> 55 | G26: =[22]Brewhouse!$AG433 -> 12.43 | H26: 11.8 | I26: =[22]Brewhouse!$AU433 -> 98.6914 | J26: =[22]Brewhouse!$AV433 -> 100.45364 | K26: =[22]Brewhouse!$Q433 -> 8.0363636 | L26: =[22]Brewhouse!$P433 -> 58 | M26: =[22]Brewhouse!$U433-[22]Brewhouse!$T433 -> 0.10347222 | N26: =[22]Brewhouse!$Z433 -> 0.30972222 | O26: =[22]Brewhouse!$AX433 -> R. Sookram | R26: =B26 -> CARIB | S26: =VLOOKUP($B26,$R$3:$X$9,2,FALSE) -> 11.6 | T26: =VLOOKUP($B26,$R$3:$X$9,3,FALSE) -> 12 | U26: =VLOOKUP($B26,$R$3:$X$9,4,FALSE) -> 0 | V26: =VLOOKUP($B26,$R$3:$X$9,5,FALSE) -> 0.11805556 | W26: =VLOOKUP($B26,$R$3:$X$9,6,FALSE) -> 0.22569444 | X26: =VLOOKUP($B26,$R$3:$X$9,7,FALSE) -> 0.26388889 | Y26: =VLOOKUP($B26,$R$3:$Z$9,8,FALSE) -> 0 | Z26: =VLOOKUP($B26,$R$3:$Z$9,9,FALSE) -> 60
R27: =B27 -> 0 | S27: =VLOOKUP($B27,$R$3:$X$9,2,FALSE) -> #N/A | T27: =VLOOKUP($B27,$R$3:$X$9,3,FALSE) -> #N/A | U27: =VLOOKUP($B27,$R$3:$X$9,4,FALSE) -> #N/A | V27: =VLOOKUP($B27,$R$3:$X$9,5,FALSE) -> #N/A | W27: =VLOOKUP($B27,$R$3:$X$9,6,FALSE) -> #N/A | X27: =VLOOKUP($B27,$R$3:$X$9,7,FALSE) -> #N/A | Y27: =VLOOKUP($B27,$R$3:$Z$9,8,FALSE) -> #N/A | Z27: =VLOOKUP($B27,$R$3:$Z$9,9,FALSE) -> #N/A
R28: =B28 -> 0 | S28: =VLOOKUP($B28,$R$3:$X$9,2,FALSE) -> #N/A | T28: =VLOOKUP($B28,$R$3:$X$9,3,FALSE) -> #N/A | U28: =VLOOKUP($B28,$R$3:$X$9,4,FALSE) -> #N/A | V28: =VLOOKUP($B28,$R$3:$X$9,5,FALSE) -> #N/A | W28: =VLOOKUP($B28,$R$3:$X$9,6,FALSE) -> #N/A | X28: =VLOOKUP($B28,$R$3:$X$9,7,FALSE) -> #N/A | Y28: =VLOOKUP($B28,$R$3:$Z$9,8,FALSE) -> #N/A | Z28: =VLOOKUP($B28,$R$3:$Z$9,9,FALSE) -> #N/A
R29: =B29 -> 0 | S29: =VLOOKUP($B29,$R$3:$X$9,2,FALSE) -> #N/A | T29: =VLOOKUP($B29,$R$3:$X$9,3,FALSE) -> #N/A | U29: =VLOOKUP($B29,$R$3:$X$9,4,FALSE) -> #N/A | V29: =VLOOKUP($B29,$R$3:$X$9,5,FALSE) -> #N/A | W29: =VLOOKUP($B29,$R$3:$X$9,6,FALSE) -> #N/A | X29: =VLOOKUP($B29,$R$3:$X$9,7,FALSE) -> #N/A | Y29: =VLOOKUP($B29,$R$3:$Z$9,8,FALSE) -> #N/A | Z29: =VLOOKUP($B29,$R$3:$Z$9,9,FALSE) -> #N/A
R30: =B30 -> 0 | S30: =VLOOKUP($B30,$R$3:$X$9,2,FALSE) -> #N/A | T30: =VLOOKUP($B30,$R$3:$X$9,3,FALSE) -> #N/A | U30: =VLOOKUP($B30,$R$3:$X$9,4,FALSE) -> #N/A | V30: =VLOOKUP($B30,$R$3:$X$9,5,FALSE) -> #N/A | W30: =VLOOKUP($B30,$R$3:$X$9,6,FALSE) -> #N/A | X30: =VLOOKUP($B30,$R$3:$X$9,7,FALSE) -> #N/A | Y30: =VLOOKUP($B30,$R$3:$Z$9,8,FALSE) -> #N/A | Z30: =VLOOKUP($B30,$R$3:$Z$9,9,FALSE) -> #N/A
R31: =B31 -> 0 | S31: =VLOOKUP($B31,$R$3:$X$9,2,FALSE) -> #N/A | T31: =VLOOKUP($B31,$R$3:$X$9,3,FALSE) -> #N/A | U31: =VLOOKUP($B31,$R$3:$X$9,4,FALSE) -> #N/A | V31: =VLOOKUP($B31,$R$3:$X$9,5,FALSE) -> #N/A | W31: =VLOOKUP($B31,$R$3:$X$9,6,FALSE) -> #N/A | X31: =VLOOKUP($B31,$R$3:$X$9,7,FALSE) -> #N/A | Y31: =VLOOKUP($B31,$R$3:$Z$9,8,FALSE) -> #N/A | Z31: =VLOOKUP($B31,$R$3:$Z$9,9,FALSE) -> #N/A
R32: =B32 -> 0 | S32: =VLOOKUP($B32,$R$3:$X$9,2,FALSE) -> #N/A | T32: =VLOOKUP($B32,$R$3:$X$9,3,FALSE) -> #N/A | U32: =VLOOKUP($B32,$R$3:$X$9,4,FALSE) -> #N/A | V32: =VLOOKUP($B32,$R$3:$X$9,5,FALSE) -> #N/A | W32: =VLOOKUP($B32,$R$3:$X$9,6,FALSE) -> #N/A | X32: =VLOOKUP($B32,$R$3:$X$9,7,FALSE) -> #N/A | Y32: =VLOOKUP($B32,$R$3:$Z$9,8,FALSE) -> #N/A | Z32: =VLOOKUP($B32,$R$3:$Z$9,9,FALSE) -> #N/A
R33: =B33 -> 0 | S33: =VLOOKUP($B33,$R$3:$X$9,2,FALSE) -> #N/A | T33: =VLOOKUP($B33,$R$3:$X$9,3,FALSE) -> #N/A | U33: =VLOOKUP($B33,$R$3:$X$9,4,FALSE) -> #N/A | V33: =VLOOKUP($B33,$R$3:$X$9,5,FALSE) -> #N/A | W33: =VLOOKUP($B33,$R$3:$X$9,6,FALSE) -> #N/A | X33: =VLOOKUP($B33,$R$3:$X$9,7,FALSE) -> #N/A | Y33: =VLOOKUP($B33,$R$3:$Z$9,8,FALSE) -> #N/A | Z33: =VLOOKUP($B33,$R$3:$Z$9,9,FALSE) -> #N/A
I34: EXTRACT RECOVERY | R34: =B34 -> 0 | S34: =VLOOKUP($B34,$R$3:$X$9,2,FALSE) -> #N/A | T34: =VLOOKUP($B34,$R$3:$X$9,3,FALSE) -> #N/A | U34: =VLOOKUP($B34,$R$3:$X$9,4,FALSE) -> #N/A | V34: =VLOOKUP($B34,$R$3:$X$9,5,FALSE) -> #N/A | W34: =VLOOKUP($B34,$R$3:$X$9,6,FALSE) -> #N/A | X34: =VLOOKUP($B34,$R$3:$X$9,7,FALSE) -> #N/A | Y34: =VLOOKUP($B34,$R$3:$Z$9,8,FALSE) -> #N/A | Z34: =VLOOKUP($B34,$R$3:$Z$9,9,FALSE) -> #N/A
B35: BRAND | D35: BBT P.G./ O.G | I35: Brand | J35: Actual | K35: MTD No. of Brews | L35: MTD | M35: YTD | N35: Target
B36: =I37 -> STAG | C36: {=[23]Process!$D$178:$D$185} -> 11.69 | D36: 12 | I36: CARIB | J36: =AVERAGE(I25:I26) -> 96.555916 | K36: =COUNTA([22]Brewhouse!$A$408:$A$433) -> 26 | L36: =AVERAGE([22]Brewhouse!$AU$408:$AU$433) -> 97.720221 | M36: =AVERAGE([22]Brewhouse!$AU$102:$AU$171,[22]Brewhouse!$AU$173:$AU$253,[22]Brewhouse!$AU$255:$AU$339,[22]Brewhouse!$AU$341:$AU$346,[22]Brewhouse!$AU$348,[22]Brewhouse!$AU$349:$AU$406,[22]Brewhouse!$AU$408:$AU$433) -> 97.421904 | N36: 98
C37: 11.81 | I37: STAG | J37: =AVERAGE(I10:I14) -> 103.23498 | K37: =COUNTA([23]Brewhouse!$A$195:$A$205) -> 11 | L37: =AVERAGE([23]Brewhouse!$AS$195:$AS$205) -> 100.70164 | M37: =AVERAGE([23]Brewhouse!$AS$15:$AS$64,[23]Brewhouse!$AS$66:$AS$103,[23]Brewhouse!$AS$105:$AS$140,[23]Brewhouse!$AS$142:$AS$193,[23]Brewhouse!$AS$195:$AS$205) -> 97.640391 | N37: 98
C38: 11.69 | D38: 11.92 | I38: GUINNESS | K38: =COUNTA([24]Brewhouse!$A$47:$A$54) -> 8 | L38: =AVERAGE([24]Brewhouse!$AU$47:$AU$54) -> 96.792443 | M38: =AVERAGE([24]Brewhouse!$AU$4:$AU$7,[24]Brewhouse!$AU$9:$AU$22,[24]Brewhouse!$AU$24:$AU$35,[24]Brewhouse!$AU$37:$AU$45,[24]Brewhouse!$AU$47:$AU$54) -> 97.036654 | N38: 98
C39: 11.77 | I39: VITAMALT | J39: =AVERAGE(I17:I22) -> 99.729774 | K39: =COUNTA([25]Brewhouse!$A$35:$A$40) -> 6 | L39: =AVERAGE([25]Brewhouse!$AV$35:$AV$40) -> 99.729774 | M39: =AVERAGE([25]Brewhouse!$AV$5:$AV$14,[25]Brewhouse!$AV$16:$AV$19,[25]Brewhouse!$AV$21:$AV$24,[25]Brewhouse!$AV$26:$AV$33,[25]Brewhouse!$AV$35:$AV$40) -> 99.073437 | N39: 98
C40: 11.85 | D40: 12.01 | I40: MAXIMALT | N40: 98
C41: 11.9 | I41: MACKESON | M41: =AVERAGE([26]Brewhouse!$AT$4:$AT$11,[26]Brewhouse!$AT$13:$AT$16) -> 95.16531 | N41: 98
C42: 11.81 | D42: 12.02 | I42: STARMALT | K42: =COUNTA([27]Brewhouse!$A$36:$A$43) -> 8 | L42: =AVERAGE([27]Brewhouse!$AY$36:$AY$43) -> 98.453562 | M42: =AVERAGE([27]Brewhouse!$AY$6:$AY$13,[27]Brewhouse!$AY$15:$AY$20,[27]Brewhouse!$AY$22:$AY$29,[27]Brewhouse!$AY$31:$AY$34,[27]Brewhouse!$AY$36:$AY$43) -> 96.669752 | N42: 98
C43: 11.81 | I43: HR- Pils | M43: =AVERAGE([28]Brewhouse!$AU$5:$AU$8) -> 91.006888 | N43: 98
I44: HR- IPA | N44: 98
I45: HR- APA | N45: 98
K46: =SUM(K36:K45) -> 59 | L46: =((L36*K36)+(L37*K37)+(L38*K38)+(L39*K39)+(L40*K40)+(K43*L43)+(L41*K41)+(L42*K42)+(L45*K45))/(K46) -> 98.454075 | M46: =AVERAGE('[29]Jan 31st'!$L$65,'[30]Feb 28th'!$L$35,'[31]Mar. 31st'!$L$35,'[32]Apr. 30th'!$L$45,L46) -> 97.571623 | N46: 98
J48: Daily Brewing Plan
I49: 10th | J49: Brand | K49: Brews Achieved 9th | L49: Average Brews per day
I50: =COUNTA(B25:B26) -> 2 | J50: CARIB | L50: MTD | M50: YTD | N50: TARGET
J51: STAG | K51: =COUNTA(B10:B14) -> 5 | L51: =AVERAGE('May 2nd -4th'!I70,'May 2nd -4th'!K70,'May 5th'!K77,'May 6th'!K60,'May 7th'!K57,'May 8th'!K53,'May 9th-10th'!K60,I60) -> 8 | M51: =AVERAGE('[29]Jan 29th '!$M$70,'[30]Feb 28th'!$L$40,'[31]Mar. 31st'!$L$40,'[32]Apr. 30th'!$L$50,L51) -> 6.7891543 | N51: 9.2
J52: GUINN
I53: =COUNTA(B17:B22) -> 6 | J53: VITAMALT
J54: STARMALT
J55: MACKESON
J56: HURRICANE REEF- IPA
J57: HURRICANE REEF- APA
B58: AVERAGE | D58: =AVERAGE(D36:E57) -> 11.9875 | J58: HR- PILSNER
J59: CARIBE
I60: =SUM(I50:I59) -> 8 | J60: Total | K60: =SUM(K50:K59) -> 5
B61: Process: | C61: Fermentation/Filtration
B63: Brand | C63: Filt. Date | D63: FV Hls | E63: GFE/ Prim/ Vita Blend (Hls) | F63: SV Hls | G63: BBT Hls | H63: Loss (%) Ferm | I63: Loss (%) Filt | J63: Comments | K63: Throughput | L63: Process Loss (%) | M63: Filt. Operator
AB64: 43474 | AC64: 43475 | AD64: 43476 | AE64: 43477 | AF64: 43478 | AG64: 43479 | AH64: 43480 | AI64: 43481 | AJ64: 43482 | AK64: 43483 | AL64: 43484 | AM64: 43485 | AN64: 43486 | AO64: 43487 | AP64: 43488 | AQ64: 43489 | AR64: 43490 | AS64: 43491 | AT64: 43492 | AU64: 43493 | AV64: 43494 | AW64: 43495 | AX64: 43496
B65: =I37 -> STAG | C65: 45786 | D65: =[33]May_2025!$L$13 -> 405.7 | G65: =[33]May_2025!$L$17 -> 381.3 | J65: NO SBF | K65: =[35]May_2025!$L$25 -> 0.66894737 | L65: =(((D65+E65)-G65)/(D65+E65))*100 -> 6.0142963 | M65: D. Emery | AB65: =[20]January_2019!L7 -> #REF! | AC65: =[20]January_2019!M7 -> #REF! | AD65: =[20]January_2019!N7 -> #REF! | AE65: =[20]January_2019!O7 -> #REF! | AF65: =[20]January_2019!P7 -> #REF! | AG65: =[20]January_2019!Q7 -> #REF! | AH65: =[20]January_2019!R7 -> #REF! | AI65: =[20]January_2019!S7 -> #REF! | ... AX65: =[20]January_2019!AH7 -> #REF!
B69: Process Loss (Volume) | G69: Process Loss (Extract) | K69: Throughput
B70: Brand | C70: Actual | D70: MTD | E70: YTD | F70: Target | G70: Actual | H70: MTD | I70: YTD | J70: Target | L70: MTD | M70: YTD | N70: Target
B71: CARIB | D71: 5.083634 | E71: 7.0288855 | F71: 4.8 | H71: 4.1157063 | I71: 7.0008712 | J71: 4.8 | L71: 0.95192982 | M71: 0.76674196 | N71: 1
B72: STAG | C72: =L65 -> 6.0142963 | D72: 5.4863942 | E72: 6.0466248 | F72: 4.8 | G72: =[33]May_2025!$L$21 -> 4.4135665 | H72: 4.1755561 | I72: 6.3497244 | J72: 4.8 | K72: =[35]May_2025!$L$25 -> 0.66894737 | L72: 0.61318713 | M72: 0.74352497 | N72: 1
B73: GUINN | E73: 12.554573 | F73: 5.5 | I73: 13.449891 | J73: 5.5 | M73: 0.54554654 | N73: 1
B74: VITAMALT | E74: 2.2218159 | F74: 3.3 | I74: 5.0359152 | J74: 3.3 | M74: 0.87880702 | N74: 1
B75: MAXIMALT | F75: 3.3 | J75: 3 | N75: 1
B76: MACKESON | E76: 7.8262258 | F76: =[21]May_2022!$M$43 -> 3.4878407 | I76: 9.4300679 | J76: 5.5 | M76: 0.67497076 | N76: 1
B77: STARMALT | D77: 3.883261 | E77: 2.485216 | F77: 3.3 | H77: 4.1755915 | I77: 4.4843056 | J77: 3.3 | L77: 0.69912281 | M77: 0.79924706 | N77: 1
B78: HURRICANE REEF | F78: 7.5 | J78: 7.5 | N78: 1
B79: HURRICANE REEF PILS | E79: 4.8792509 | F79: 4.8 | I79: 6.2003724 | J79: 4.8 | L79: 0 | M79: 0.33859649 | N79: 1
D80: 5.0245865 | E80: 6.6942371 | F80: 5.5 | H80: 4.1529097 | I80: 7.2903125 | J80: 5.5 | L80: 0.75474659 | M80: 0.74000444 | N80: 1

Sheet May 12th
S1: P.G. | U1: Hot Time | W1: Process Time | Y1: Cooling Time
B2: Brewing Department Daily Process Loss Report | S2: Lower | T2: Upper | U2: Lower | V2: Upper | W2: Lower | X2: Upper | Y2: Lower | Z2: Upper
R3: CARIB | S3: 11.6 | T3: 12 | U3: 0 | V3: 0.11805556 | W3: 0.22569444 | X3: 0.26388889 | Y3: 0 | Z3: 60 | AB3: HR- PISNER
B4: Date: | C4: 45790 | J4: LOT WORT COLOUR: 3.5 | M4: Filter Sheets (Target 20 days) | R4: STAG | S4: 11.6 | T4: 12 | U4: 0 | V4: 0.11805556 | W4: 0.22569444 | X4: 0.26388889 | Y4: 0 | Z4: 60
M5: Double | N5: Single | R5: GUINNESS | S5: 17 | T5: 17.5 | U5: 0 | V5: 0.10763889 | W5: 0.24652778 | X5: 0.28472222 | Y5: 0 | Z5: 60
J6: MALT LOT: Lot 35 | L6: Sheet Day | R6: MACKESON | S6: 13.3 | T6: 13.5 | U6: 0 | V6: 0.12905093 | W6: 0.27430556 | X6: 0.30208333 | Y6: 0
R7: STARMALT | S7: 17.1 | T7: 17.5 | U7: 0 | V7: 0.13605324 | W7: 0.27430556 | X7: 0.30902778 | Y7: 0 | Z7: 60
B8: Brand | C8: Brew no. | D8: Kett. Hls | E8: Wort | F8: Cool Time(Mins) | G8: Cast. P.G. (Lab Result) | H8: Cast P.G. (Cellar Operator)-gravity | I8: Extr. Rec (78.95%) | J8: Theor. Extr. (77.5%) | K8: Boil Off /Vol. (4-6%) | L8: Boil Time | M8: Total Hot | N8: Brewing | O8: Operator | R8: Hurricane Reef | S8: 16.6 | T8: 17 | U8: 0 | V8: 0.12905093 | W8: 0.27430556 | X8: 0.30208333 | Y8: 0
E9: Meter (Hls) | F9: Target(< 60Mins) | M9: Time | R9: VITAMALT | S9: 14.4 | T9: 14.6 | U9: 0 | V9: 0.13905093 | W9: 0.26041667 | X9: 0.29513889 | Y9: 0 | Z9: 75
B10: CARIB | C10: =[22]Brewhouse!$A434 -> CA329 | D10: =[22]Brewhouse!$AF434 -> 56.3 | E10: =[22]Brewhouse!$AI434 -> 51 | F10: =[22]Brewhouse!$V434 -> 66 | G10: =[22]Brewhouse!$AG434 -> 11.97 | H10: 11.8 | I10: =[22]Brewhouse!$AU434 -> 103.55061 | J10: =[22]Brewhouse!$AV434 -> 105.39711 | K10: =[22]Brewhouse!$Q434 -> -0.6884058 | L10: =[22]Brewhouse!$P434 -> 61 | M10: =[22]Brewhouse!$U434-[22]Brewhouse!$T434 -> 0.16597222 | N10: =[22]Brewhouse!$Z434 -> 0.30138889 | O10: =[22]Brewhouse!$AX434 -> K.Benjamin | P10: Extra boil | R10: =B10 -> CARIB | S10: =VLOOKUP($B10,$R$3:$X$9,2,FALSE) -> 11.6 | T10: =VLOOKUP($B10,$R$3:$X$9,3,FALSE) -> 12 | U10: =VLOOKUP($B10,$R$3:$X$9,4,FALSE) -> 0 | V10: =VLOOKUP($B10,$R$3:$X$9,5,FALSE) -> 0.11805556 | W10: =VLOOKUP($B10,$R$3:$X$9,6,FALSE) -> 0.22569444 | X10: =VLOOKUP($B10,$R$3:$X$9,7,FALSE) -> 0.26388889 | Y10: =VLOOKUP($B10,$R$3:$Z$9,8,FALSE) -> 0 | Z10: =VLOOKUP($B10,$R$3:$Z$9,9,FALSE) -> 60
B11: CARIB | C11: =[22]Brewhouse!$A435 -> CA330 | D11: =[22]Brewhouse!$AF435 -> 56.9 | E11: =[22]Brewhouse!$AI435 -> 53.6 | F11: =[22]Brewhouse!$V435 -> 66 | G11: =[22]Brewhouse!$AG435 -> 11.32 | H11: 11.5 | I11: =[22]Brewhouse!$AU435 -> 102.15778 | J11: =[22]Brewhouse!$AV435 -> 103.97944 | K11: =[22]Brewhouse!$Q435 -> 2.4652778 | L11: =[22]Brewhouse!$P435 -> 60 | M11: =[22]Brewhouse!$U435-[22]Brewhouse!$T435 -> 0.15208333 | N11: =[22]Brewhouse!$Z435 -> 0.33888889 | O11: =[22]Brewhouse!$AX435 -> D. Gomez | P11: Copper up in pre-run and extra boil | R11: =B11 -> CARIB | S11: =VLOOKUP($B11,$R$3:$X$9,2,FALSE) -> 11.6 | T11: =VLOOKUP($B11,$R$3:$X$9,3,FALSE) -> 12 | U11: =VLOOKUP($B11,$R$3:$X$9,4,FALSE) -> 0 | V11: =VLOOKUP($B11,$R$3:$X$9,5,FALSE) -> 0.11805556 | W11: =VLOOKUP($B11,$R$3:$X$9,6,FALSE) -> 0.22569444 | X11: =VLOOKUP($B11,$R$3:$X$9,7,FALSE) -> 0.26388889 | Y11: =VLOOKUP($B11,$R$3:$Z$9,8,FALSE) -> 0 | Z11: =VLOOKUP($B11,$R$3:$Z$9,9,FALSE) -> 60
B12: CARIB | C12: =[22]Brewhouse!$A436 -> CA331 | D12: =[22]Brewhouse!$AF436 -> 53.8 | E12: =[22]Brewhouse!$AI436 -> 50.1 | F12: =[22]Brewhouse!$V436 -> 68 | G12: =[22]Brewhouse!$AG436 -> 11.9 | H12: 11.8 | I12: =[22]Brewhouse!$AU436 -> 100.70384 | J12: =[22]Brewhouse!$AV436 -> 102.49968 | K12: =[22]Brewhouse!$Q436 -> 6.5492958 | L12: =[22]Brewhouse!$P436 -> 60 | M12: =[22]Brewhouse!$U436-[22]Brewhouse!$T436 -> 0.11180556 | N12: =[22]Brewhouse!$Z436 -> 0.32361111 | O12: =[22]Brewhouse!$AX436 -> D. Gomez | R12: =B12 -> CARIB | S12: =VLOOKUP($B12,$R$3:$X$9,2,FALSE) -> 11.6 | T12: =VLOOKUP($B12,$R$3:$X$9,3,FALSE) -> 12 | U12: =VLOOKUP($B12,$R$3:$X$9,4,FALSE) -> 0 | V12: =VLOOKUP($B12,$R$3:$X$9,5,FALSE) -> 0.11805556 | W12: =VLOOKUP($B12,$R$3:$X$9,6,FALSE) -> 0.22569444 | X12: =VLOOKUP($B12,$R$3:$X$9,7,FALSE) -> 0.26388889 | Y12: =VLOOKUP($B12,$R$3:$Z$9,8,FALSE) -> 0 | Z12: =VLOOKUP($B12,$R$3:$Z$9,9,FALSE) -> 60
R13: =B13 -> 0 | S13: =VLOOKUP($B13,$R$3:$X$9,2,FALSE) -> #N/A | T13: =VLOOKUP($B13,$R$3:$X$9,3,FALSE) -> #N/A | U13: =VLOOKUP($B13,$R$3:$X$9,4,FALSE) -> #N/A | V13: =VLOOKUP($B13,$R$3:$X$9,5,FALSE) -> #N/A | W13: =VLOOKUP($B13,$R$3:$X$9,6,FALSE) -> #N/A | X13: =VLOOKUP($B13,$R$3:$X$9,7,FALSE) -> #N/A | Y13: =VLOOKUP($B13,$R$3:$Z$9,8,FALSE) -> #N/A | Z13: =VLOOKUP($B13,$R$3:$Z$9,9,FALSE) -> #N/A
R14: =B14 -> 0 | S14: =VLOOKUP($B14,$R$3:$X$9,2,FALSE) -> #N/A | T14: =VLOOKUP($B14,$R$3:$X$9,3,FALSE) -> #N/A | U14: =VLOOKUP($B14,$R$3:$X$9,4,FALSE) -> #N/A | V14: =VLOOKUP($B14,$R$3:$X$9,5,FALSE) -> #N/A | W14: =VLOOKUP($B14,$R$3:$X$9,6,FALSE) -> #N/A | X14: =VLOOKUP($B14,$R$3:$X$9,7,FALSE) -> #N/A | Y14: =VLOOKUP($B14,$R$3:$Z$9,8,FALSE) -> #N/A | Z14: =VLOOKUP($B14,$R$3:$Z$9,9,FALSE) -> #N/A
R15: =B15 -> 0 | S15: =VLOOKUP($B15,$R$3:$X$9,2,FALSE) -> #N/A | T15: =VLOOKUP($B15,$R$3:$X$9,3,FALSE) -> #N/A | U15: =VLOOKUP($B15,$R$3:$X$9,4,FALSE) -> #N/A | V15: =VLOOKUP($B15,$R$3:$X$9,5,FALSE) -> #N/A | W15: =VLOOKUP($B15,$R$3:$X$9,6,FALSE) -> #N/A | X15: =VLOOKUP($B15,$R$3:$X$9,7,FALSE) -> #N/A | Y15: =VLOOKUP($B15,$R$3:$Z$9,8,FALSE) -> #N/A | Z15: =VLOOKUP($B15,$R$3:$Z$9,9,FALSE) -> #N/A
R16: =B16 -> 0 | S16: =VLOOKUP($B16,$R$3:$X$9,2,FALSE) -> #N/A | T16: =VLOOKUP($B16,$R$3:$X$9,3,FALSE) -> #N/A | U16: =VLOOKUP($B16,$R$3:$X$9,4,FALSE) -> #N/A | V16: =VLOOKUP($B16,$R$3:$X$9,5,FALSE) -> #N/A | W16: =VLOOKUP($B16,$R$3:$X$9,6,FALSE) -> #N/A | X16: =VLOOKUP($B16,$R$3:$X$9,7,FALSE) -> #N/A | Y16: =VLOOKUP($B16,$R$3:$Z$9,8,FALSE) -> #N/A | Z16: =VLOOKUP($B16,$R$3:$Z$9,9,FALSE) -> #N/A
I17: EXTRACT RECOVERY | R17: =B17 -> 0 | S17: =VLOOKUP($B17,$R$3:$X$9,2,FALSE) -> #N/A | T17: =VLOOKUP($B17,$R$3:$X$9,3,FALSE) -> #N/A | U17: =VLOOKUP($B17,$R$3:$X$9,4,FALSE) -> #N/A | V17: =VLOOKUP($B17,$R$3:$X$9,5,FALSE) -> #N/A | W17: =VLOOKUP($B17,$R$3:$X$9,6,FALSE) -> #N/A | X17: =VLOOKUP($B17,$R$3:$X$9,7,FALSE) -> #N/A | Y17: =VLOOKUP($B17,$R$3:$Z$9,8,FALSE) -> #N/A | Z17: =VLOOKUP($B17,$R$3:$Z$9,9,FALSE) -> #N/A
B18: BRAND | D18: BBT P.G./ O.G | I18: Brand | J18: Actual | K18: MTD No. of Brews | L18: MTD | M18: YTD | N18: Target
B19: =I19 -> CARIB | C19: {=[22]Process!$D$379:$D$386} -> 11.6 | D19: 11.87 | I19: CARIB | J19: =AVERAGE(I10:I12) -> 102.13741 | K19: =COUNTA([22]Brewhouse!$A$408:$A$436) -> 29 | L19: =AVERAGE([22]Brewhouse!$AU$408:$AU$436) -> 98.177171 | M19: =AVERAGE([22]Brewhouse!$AU$102:$AU$171,[22]Brewhouse!$AU$173:$AU$253,[22]Brewhouse!$AU$255:$AU$339,[22]Brewhouse!$AU$341:$AU$346,[22]Brewhouse!$AU$348,[22]Brewhouse!$AU$349:$AU$406,[22]Brewhouse!$AU$408:$AU$436) -> 97.464773 | N19: 98
C20: 11.83 | I20: STAG | K20: =COUNTA([23]Brewhouse!$A$195:$A$205) -> 11 | L20: =AVERAGE([23]Brewhouse!$AS$195:$AS$205) -> 100.70164 | M20: =AVERAGE([23]Brewhouse!$AS$15:$AS$64,[23]Brewhouse!$AS$66:$AS$103,[23]Brewhouse!$AS$105:$AS$140,[23]Brewhouse!$AS$142:$AS$193,[23]Brewhouse!$AS$195:$AS$205) -> 97.640391 | N20: 98
C21: 11.78 | D21: 11.94 | I21: GUINNESS | K21: =COUNTA([24]Brewhouse!$A$47:$A$54) -> 8 | L21: =AVERAGE([24]Brewhouse!$AU$47:$AU$54) -> 96.792443 | M21: =AVERAGE([24]Brewhouse!$AU$4:$AU$7,[24]Brewhouse!$AU$9:$AU$22,[24]Brewhouse!$AU$24:$AU$35,[24]Brewhouse!$AU$37:$AU$45,[24]Brewhouse!$AU$47:$AU$54) -> 97.036654 | N21: 98
C22: 11.75 | I22: VITAMALT | K22: =COUNTA([25]Brewhouse!$A$35:$A$40) -> 6 | L22: =AVERAGE([25]Brewhouse!$AV$35:$AV$40) -> 99.729774 | M22: =AVERAGE([25]Brewhouse!$AV$5:$AV$14,[25]Brewhouse!$AV$16:$AV$19,[25]Brewhouse!$AV$21:$AV$24,[25]Brewhouse!$AV$26:$AV$33,[25]Brewhouse!$AV$35:$AV$40) -> 99.073437 | N22: 98
C23: 11.99 | D23: 11.98 | I23: MAXIMALT | N23: 98
C24: 11.69 | I24: MACKESON | M24: =AVERAGE([26]Brewhouse!$AT$4:$AT$11,[26]Brewhouse!$AT$13:$AT$16) -> 95.16531 | N24: 98
C25: 11.86 | D25: 11.95 | I25: STARMALT | K25: =COUNTA([27]Brewhouse!$A$36:$A$43) -> 8 | L25: =AVERAGE([27]Brewhouse!$AY$36:$AY$43) -> 98.453562 | M25: =AVERAGE([27]Brewhouse!$AY$6:$AY$13,[27]Brewhouse!$AY$15:$AY$20,[27]Brewhouse!$AY$22:$AY$29,[27]Brewhouse!$AY$31:$AY$34,[27]Brewhouse!$AY$36:$AY$43) -> 96.669752 | N25: 98
C26: 11.72 | I26: HR- Pils | M26: =AVERAGE([28]Brewhouse!$AU$5:$AU$8) -> 91.006888 | N26: 98
I27: HR- IPA | N27: 98
I28: HR- APA | N28: 98
K29: =SUM(K19:K28) -> 62 | L29: =((L19*K19)+(L20*K20)+(L21*K21)+(L22*K22)+(L23*K23)+(K26*L26)+(L24*K24)+(L25*K25)+(L28*K28))/(K29) -> 98.632301 | M29: =AVERAGE('[29]Jan 31st'!$L$65,'[30]Feb 28th'!$L$35,'[31]Mar. 31st'!$L$35,'[32]Apr. 30th'!$L$45,L29) -> 97.607268 | N29: 98
J31: Daily Brewing Plan
J32: Brand | K32: Brews Achieved | L32: Average Brews per day
J33: CARIB | K33: =COUNTA(B10:B12) -> 3 | L33: MTD | M33: YTD | N33: TARGET
J34: STAG | L34: =AVERAGE('May 2nd -4th'!I70,'May 2nd -4th'!K70,'May 5th'!K77,'May 6th'!K60,'May 7th'!K57,'May 8th'!K53,'May 9th-10th'!I60,'May 9th-10th'!K60,K43,) -> 6.7 | M34: =AVERAGE('[29]Jan 29th '!$M$70,'[30]Feb 28th'!$L$40,'[31]Mar. 31st'!$L$40,'[32]Apr. 30th'!$L$50,L34) -> 6.5291543 | N34: 9.2
J35: GUINN
J36: VITAMALT
J37: STARMALT
J38: MACKESON
J39: HURRICANE REEF- IPA
J40: HURRICANE REEF- APA
B41: AVERAGE | D41: =AVERAGE(D19:E40) -> 11.935 | J41: HR- PILSNER
J42: CARIBE
J43: Total | K43: =SUM(K33:K42) -> 3
B44: Process: | C44: Fermentation/Filtration
B46: Brand | C46: Filt. Date | D46: FV Hls | E46: GFE/ Prim/ Vita Blend (Hls) | F46: SV Hls | G46: BBT Hls | H46: Loss (%) Ferm | I46: Loss (%) Filt | J46: Comments | K46: Throughput | L46: Process Loss (%) | M46: Filt. Operator
AB47: 43474 | AC47: 43475 | AD47: 43476 | AE47: 43477 | AF47: 43478 | AG47: 43479 | AH47: 43480 | AI47: 43481 | AJ47: 43482 | AK47: 43483 | AL47: 43484 | AM47: 43485 | AN47: 43486 | AO47: 43487 | AP47: 43488 | AQ47: 43489 | AR47: 43490 | AS47: 43491 | AT47: 43492 | AU47: 43493 | AV47: 43494 | AW47: 43495 | AX47: 43496
B48: =J33 -> CARIB | C48: 45789 | D48: =[33]May_2025!$O$3 -> 406.1 | F48: =SUM([34]CARIB!$L$28:$L$35) -> 395.2 | G48: =[33]May_2025!$O$7 -> 385.2 | H48: =(D48-F48)/D48*100 -> 2.684068 | I48: =((F48+E48)-G48)/(F48+E48)*100 -> 2.5303644 | J48: NO SBF | K48: =[35]May_2025!$O$18 -> 1.3515789 | L48: =(((D48+E48)-G48)/(D48+E48))*100 -> 5.1465156 | M48: R. Regis | AB48: =[20]January_2019!L7 -> #REF! | AC48: =[20]January_2019!M7 -> #REF! | AD48: =[20]January_2019!N7 -> #REF! | AE48: =[20]January_2019!O7 -> #REF! | AF48: =[20]January_2019!P7 -> #REF! | AG48: =[20]January_2019!Q7 -> #REF! | AH48: =[20]January_2019!R7 -> #REF! | AI48: =[20]January_2019!S7 -> #REF! | ... AX48: =[20]January_2019!AH7 -> #REF!
B52: Process Loss (Volume) | G52: Process Loss (Extract) | K52: Throughput
B53: Brand | C53: Actual | D53: MTD | E53: YTD | F53: Target | G53: Actual | H53: MTD | I53: YTD | J53: Target | L53: MTD | M53: YTD | N53: Target
B54: CARIB | C54: =L48 -> 5.1465156 | D54: 5.1711084 | E54: 6.9758666 | F54: 4.8 | G54: =[33]May_2025!$L$21 -> 4.4135665 | H54: 4.0993529 | I54: 6.9297195 | J54: 4.8 | K54: =K48 -> 1.3515789 | L54: 1.0840936 | M54: 0.77719762 | N54: 1
B55: STAG | D55: 5.4863942 | E55: 6.0466248 | F55: 4.8 | H55: 4.1755561 | I55: 6.3497244 | J55: 4.8 | L55: 0.61318713 | M55: 0.74352497 | N55: 1
B56: GUINN | E56: 12.554573 | F56: 5.5 | I56: 13.449891 | J56: 5.5 | M56: 0.54554654 | N56: 1
B57: VITAMALT | E57: 2.2218159 | F57: 3.3 | I57: 5.0359152 | J57: 3.3 | M57: 0.87880702 | N57: 1
B58: MAXIMALT | F58: 3.3 | J58: 3 | N58: 1
B59: MACKESON | E59: 7.8262258 | F59: =[21]May_2022!$M$43 -> 3.4878407 | I59: 9.4300679 | J59: 5.5 | M59: 0.67497076 | N59: 1
B60: STARMALT | D60: 3.883261 | E60: 2.485216 | F60: 3.3 | H60: 4.1755915 | I60: 4.4843056 | J60: 3.3 | L60: 0.69912281 | M60: 0.79924706 | N60: 1
B61: HURRICANE REEF | F61: 7.5 | J61: 7.5 | N61: 1
B62: HURRICANE REEF PILS | E62: 4.8792509 | F62: 4.8 | I62: 6.2003724 | J62: 4.8 | M62: 0.33859649 | N62: 1
D63: 5.0773713 | E63: 6.6723337 | F63: 5.5 | H63: 4.1399327 | I63: 7.2526103 | J63: 5.5 | L63: 0.83955723 | M63: 0.74544952 | N63: 1

Sheet May 13th
S1: P.G. | U1: Hot Time | W1: Process Time | Y1: Cooling Time
B2: Brewing Department Daily Process Loss Report | S2: Lower | T2: Upper | U2: Lower | V2: Upper | W2: Lower | X2: Upper | Y2: Lower | Z2: Upper
R3: CARIB | S3: 11.6 | T3: 12 | U3: 0 | V3: 0.11805556 | W3: 0.22569444 | X3: 0.26388889 | Y3: 0 | Z3: 60 | AB3: HR- PISNER
B4: Date: | C4: 45791 | J4: LOT WORT COLOUR: 3.5 | M4: Filter Sheets (Target 20 days) | R4: STAG | S4: 11.6 | T4: 12 | U4: 0 | V4: 0.11805556 | W4: 0.22569444 | X4: 0.26388889 | Y4: 0 | Z4: 60
M5: Double | N5: Single | R5: GUINNESS | S5: 17 | T5: 17.5 | U5: 0 | V5: 0.10763889 | W5: 0.24652778 | X5: 0.28472222 | Y5: 0 | Z5: 60
J6: MALT LOT: Lot 35 | L6: Sheet Day | R6: MACKESON | S6: 13.3 | T6: 13.5 | U6: 0 | V6: 0.12905093 | W6: 0.27430556 | X6: 0.30208333 | Y6: 0
R7: STARMALT | S7: 17.1 | T7: 17.5 | U7: 0 | V7: 0.13605324 | W7: 0.27430556 | X7: 0.30902778 | Y7: 0 | Z7: 60
B8: Brand | C8: Brew no. | D8: Kett. Hls | E8: Wort | F8: Cool Time(Mins) | G8: Cast. P.G. (Lab Result) | H8: Cast P.G. (Cellar Operator)-gravity | I8: Extr. Rec (78.95%) | J8: Theor. Extr. (77.5%) | K8: Boil Off /Vol. (4-6%) | L8: Boil Time | M8: Total Hot | N8: Brewing | O8: Operator | R8: Hurricane Reef | S8: 16.6 | T8: 17 | U8: 0 | V8: 0.12905093 | W8: 0.27430556 | X8: 0.30208333 | Y8: 0
E9: Meter (Hls) | F9: Target(< 60Mins) | M9: Time | R9: VITAMALT | S9: 14.4 | T9: 14.6 | U9: 0 | V9: 0.13905093 | W9: 0.26041667 | X9: 0.29513889 | Y9: 0 | Z9: 75
B10: CARIB | C10: =[22]Brewhouse!$A437 -> CA332 | D10: =[22]Brewhouse!$AF437 -> 51 | E10: =[22]Brewhouse!$AI437 -> 49.5 | F10: =[22]Brewhouse!$V437 -> 61 | G10: =[22]Brewhouse!$AG437 -> 11.61 | H10: 11.6 | I10: =[22]Brewhouse!$AU437 -> 97.2323 | J10: =[22]Brewhouse!$AV437 -> 98.965936 | K10: =[22]Brewhouse!$Q437 -> 11.789474 | L10: =[22]Brewhouse!$P437 -> 62 | M10: =[22]Brewhouse!$U437-[22]Brewhouse!$T437 -> 0.11527778 | N10: =[22]Brewhouse!$Z437 -> 0.27222222 | O10: =[22]Brewhouse!$AX437 -> D. Gomez | P10: Extra boil | R10: =B10 -> CARIB | S10: =VLOOKUP($B10,$R$3:$X$9,2,FALSE) -> 11.6 | T10: =VLOOKUP($B10,$R$3:$X$9,3,FALSE) -> 12 | U10: =VLOOKUP($B10,$R$3:$X$9,4,FALSE) -> 0 | V10: =VLOOKUP($B10,$R$3:$X$9,5,FALSE) -> 0.11805556 | W10: =VLOOKUP($B10,$R$3:$X$9,6,FALSE) -> 0.22569444 | X10: =VLOOKUP($B10,$R$3:$X$9,7,FALSE) -> 0.26388889 | Y10: =VLOOKUP($B10,$R$3:$Z$9,8,FALSE) -> 0 | Z10: =VLOOKUP($B10,$R$3:$Z$9,9,FALSE) -> 60
B11: CARIB | C11: =[22]Brewhouse!$A438 -> CA333 | D11: =[22]Brewhouse!$AF438 -> 53.2 | E11: =[22]Brewhouse!$AI438 -> 49.8 | F11: =[22]Brewhouse!$V438 -> 65 | G11: =[22]Brewhouse!$AG438 -> 11.02 | H11: 11.1 | I11: =[22]Brewhouse!$AU438 -> 92.382203 | J11: =[22]Brewhouse!$AV438 -> 94.02965 | K11: =[22]Brewhouse!$Q438 -> 2.3239437 | L11: =[22]Brewhouse!$P438 -> 58 | M11: =[22]Brewhouse!$U438-[22]Brewhouse!$T438 -> 0.11180556 | N11: =[22]Brewhouse!$Z438 -> 0.26388889 | O11: =[22]Brewhouse!$AX438 -> D. Gomez | R11: =B11 -> CARIB | S11: =VLOOKUP($B11,$R$3:$X$9,2,FALSE) -> 11.6 | T11: =VLOOKUP($B11,$R$3:$X$9,3,FALSE) -> 12 | U11: =VLOOKUP($B11,$R$3:$X$9,4,FALSE) -> 0 | V11: =VLOOKUP($B11,$R$3:$X$9,5,FALSE) -> 0.11805556 | W11: =VLOOKUP($B11,$R$3:$X$9,6,FALSE) -> 0.22569444 | X11: =VLOOKUP($B11,$R$3:$X$9,7,FALSE) -> 0.26388889 | Y11: =VLOOKUP($B11,$R$3:$Z$9,8,FALSE) -> 0 | Z11: =VLOOKUP($B11,$R$3:$Z$9,9,FALSE) -> 60
B12: CARIB | C12: =[22]Brewhouse!$A439 -> CA334 | D12: =[22]Brewhouse!$AF439 -> 55.3 | E12: =[22]Brewhouse!$AI439 -> 51.4 | F12: =[22]Brewhouse!$V439 -> 61 | G12: =[22]Brewhouse!$AG439 -> 11.6 | H12: 11.7 | I12: =[22]Brewhouse!$AU439 -> 97.593051 | J12: =[22]Brewhouse!$AV439 -> 99.335774 | K12: =[22]Brewhouse!$Q439 -> 5.7340242 | L12: =[22]Brewhouse!$P439 -> 64 | M12: =[22]Brewhouse!$U439-[22]Brewhouse!$T439 -> 0.11388889 | N12: =[22]Brewhouse!$Z439 -> 0.26875 | O12: =[22]Brewhouse!$AX439 -> R. Sookram | R12: =B12 -> CARIB | S12: =VLOOKUP($B12,$R$3:$X$9,2,FALSE) -> 11.6 | T12: =VLOOKUP($B12,$R$3:$X$9,3,FALSE) -> 12 | U12: =VLOOKUP($B12,$R$3:$X$9,4,FALSE) -> 0 | V12: =VLOOKUP($B12,$R$3:$X$9,5,FALSE) -> 0.11805556 | W12: =VLOOKUP($B12,$R$3:$X$9,6,FALSE) -> 0.22569444 | X12: =VLOOKUP($B12,$R$3:$X$9,7,FALSE) -> 0.26388889 | Y12: =VLOOKUP($B12,$R$3:$Z$9,8,FALSE) -> 0 | Z12: =VLOOKUP($B12,$R$3:$Z$9,9,FALSE) -> 60
B13: CARIB | C13: =[22]Brewhouse!$A440 -> CA335 | D13: =[22]Brewhouse!$AF440 -> 54.4 | E13: =[22]Brewhouse!$AI440 -> 50.9 | F13: =[22]Brewhouse!$V440 -> 60 | G13: =[22]Brewhouse!$AG440 -> 11.7 | H13: 11.7 | I13: =[22]Brewhouse!$AU440 -> 99.114352 | J13: =[22]Brewhouse!$AV440 -> 100.88297 | K13: =[22]Brewhouse!$Q440 -> 6.1538462 | L13: =[22]Brewhouse!$P440 -> 59 | M13: =[22]Brewhouse!$U440-[22]Brewhouse!$T440 -> 0.125 | N13: =[22]Brewhouse!$Z440 -> 0.28333333 | O13: =[22]Brewhouse!$AX440 -> R. Sookram | P13: Extra boil | R13: =B13 -> CARIB | S13: =VLOOKUP($B13,$R$3:$X$9,2,FALSE) -> 11.6 | T13: =VLOOKUP($B13,$R$3:$X$9,3,FALSE) -> 12 | U13: =VLOOKUP($B13,$R$3:$X$9,4,FALSE) -> 0 | V13: =VLOOKUP($B13,$R$3:$X$9,5,FALSE) -> 0.11805556 | W13: =VLOOKUP($B13,$R$3:$X$9,6,FALSE) -> 0.22569444 | X13: =VLOOKUP($B13,$R$3:$X$9,7,FALSE) -> 0.26388889 | Y13: =VLOOKUP($B13,$R$3:$Z$9,8,FALSE) -> 0 | Z13: =VLOOKUP($B13,$R$3:$Z$9,9,FALSE) -> 60
B14: CARIB | C14: =[22]Brewhouse!$A441 -> CA336 | D14: =[22]Brewhouse!$AF441 -> 54.4 | E14: =[22]Brewhouse!$AI441 -> 51.2 | F14: =[22]Brewhouse!$V441 -> 55 | G14: =[22]Brewhouse!$AG441 -> 11.9 | H14: 11.9 | I14: =[22]Brewhouse!$AU441 -> 101.74774 | J14: =[22]Brewhouse!$AV441 -> 103.56314 | K14: =[22]Brewhouse!$Q441 -> 8.7915937 | L14: =[22]Brewhouse!$P441 -> 60 | M14: =[22]Brewhouse!$U441-[22]Brewhouse!$T441 -> 0.125 | N14: =[22]Brewhouse!$Z441 -> 0.26875 | O14: =[22]Brewhouse!$AX441 -> K.Benjamin | R14: =B14 -> CARIB | S14: =VLOOKUP($B14,$R$3:$X$9,2,FALSE) -> 11.6 | T14: =VLOOKUP($B14,$R$3:$X$9,3,FALSE) -> 12 | U14: =VLOOKUP($B14,$R$3:$X$9,4,FALSE) -> 0 | V14: =VLOOKUP($B14,$R$3:$X$9,5,FALSE) -> 0.11805556 | W14: =VLOOKUP($B14,$R$3:$X$9,6,FALSE) -> 0.22569444 | X14: =VLOOKUP($B14,$R$3:$X$9,7,FALSE) -> 0.26388889 | Y14: =VLOOKUP($B14,$R$3:$Z$9,8,FALSE) -> 0 | Z14: =VLOOKUP($B14,$R$3:$Z$9,9,FALSE) -> 60
R15: =B15 -> 0 | S15: =VLOOKUP($B15,$R$3:$X$9,2,FALSE) -> #N/A | T15: =VLOOKUP($B15,$R$3:$X$9,3,FALSE) -> #N/A | U15: =VLOOKUP($B15,$R$3:$X$9,4,FALSE) -> #N/A | V15: =VLOOKUP($B15,$R$3:$X$9,5,FALSE) -> #N/A | W15: =VLOOKUP($B15,$R$3:$X$9,6,FALSE) -> #N/A | X15: =VLOOKUP($B15,$R$3:$X$9,7,FALSE) -> #N/A | Y15: =VLOOKUP($B15,$R$3:$Z$9,8,FALSE) -> #N/A | Z15: =VLOOKUP($B15,$R$3:$Z$9,9,FALSE) -> #N/A
R16: =B16 -> 0 | S16: =VLOOKUP($B16,$R$3:$X$9,2,FALSE) -> #N/A | T16: =VLOOKUP($B16,$R$3:$X$9,3,FALSE) -> #N/A | U16: =VLOOKUP($B16,$R$3:$X$9,4,FALSE) -> #N/A | V16: =VLOOKUP($B16,$R$3:$X$9,5,FALSE) -> #N/A | W16: =VLOOKUP($B16,$R$3:$X$9,6,FALSE) -> #N/A | X16: =VLOOKUP($B16,$R$3:$X$9,7,FALSE) -> #N/A | Y16: =VLOOKUP($B16,$R$3:$Z$9,8,FALSE) -> #N/A | Z16: =VLOOKUP($B16,$R$3:$Z$9,9,FALSE) -> #N/A
R17: =B17 -> 0 | S17: =VLOOKUP($B17,$R$3:$X$9,2,FALSE) -> #N/A | T17: =VLOOKUP($B17,$R$3:$X$9,3,FALSE) -> #N/A | U17: =VLOOKUP($B17,$R$3:$X$9,4,FALSE) -> #N/A | V17: =VLOOKUP($B17,$R$3:$X$9,5,FALSE) -> #N/A | W17: =VLOOKUP($B17,$R$3:$X$9,6,FALSE) -> #N/A | X17: =VLOOKUP($B17,$R$3:$X$9,7,FALSE) -> #N/A | Y17: =VLOOKUP($B17,$R$3:$Z$9,8,FALSE) -> #N/A | Z17: =VLOOKUP($B17,$R$3:$Z$9,9,FALSE) -> #N/A
R18: =B18 -> 0 | S18: =VLOOKUP($B18,$R$3:$X$9,2,FALSE) -> #N/A | T18: =VLOOKUP($B18,$R$3:$X$9,3,FALSE) -> #N/A | U18: =VLOOKUP($B18,$R$3:$X$9,4,FALSE) -> #N/A | V18: =VLOOKUP($B18,$R$3:$X$9,5,FALSE) -> #N/A | W18: =VLOOKUP($B18,$R$3:$X$9,6,FALSE) -> #N/A | X18: =VLOOKUP($B18,$R$3:$X$9,7,FALSE) -> #N/A | Y18: =VLOOKUP($B18,$R$3:$Z$9,8,FALSE) -> #N/A | Z18: =VLOOKUP($B18,$R$3:$Z$9,9,FALSE) -> #N/A
I19: EXTRACT RECOVERY | R19: =B19 -> 0 | S19: =VLOOKUP($B19,$R$3:$X$9,2,FALSE) -> #N/A | T19: =VLOOKUP($B19,$R$3:$X$9,3,FALSE) -> #N/A | U19: =VLOOKUP($B19,$R$3:$X$9,4,FALSE) -> #N/A | V19: =VLOOKUP($B19,$R$3:$X$9,5,FALSE) -> #N/A | W19: =VLOOKUP($B19,$R$3:$X$9,6,FALSE) -> #N/A | X19: =VLOOKUP($B19,$R$3:$X$9,7,FALSE) -> #N/A | Y19: =VLOOKUP($B19,$R$3:$Z$9,8,FALSE) -> #N/A | Z19: =VLOOKUP($B19,$R$3:$Z$9,9,FALSE) -> #N/A
B20: BRAND | D20: BBT P.G./ O.G | I20: Brand | J20: Actual | K20: MTD No. of Brews | L20: MTD | M20: YTD | N20: Target | R20: =B20 -> BRAND | S20: =VLOOKUP($B20,$R$3:$X$9,2,FALSE) -> #N/A | T20: =VLOOKUP($B20,$R$3:$X$9,3,FALSE) -> #N/A | U20: =VLOOKUP($B20,$R$3:$X$9,4,FALSE) -> #N/A | V20: =VLOOKUP($B20,$R$3:$X$9,5,FALSE) -> #N/A | W20: =VLOOKUP($B20,$R$3:$X$9,6,FALSE) -> #N/A | X20: =VLOOKUP($B20,$R$3:$X$9,7,FALSE) -> #N/A | Y20: =VLOOKUP($B20,$R$3:$Z$9,8,FALSE) -> #N/A | Z20: =VLOOKUP($B20,$R$3:$Z$9,9,FALSE) -> #N/A
B21: =I24 -> VITAMALT | C21: {=[25]Process!$D$35:$D$40} -> 14.49 | D21: 16.42 | I21: CARIB | J21: =AVERAGE(I10:I14) -> 97.613929 | K21: =COUNTA([22]Brewhouse!$A$408:$A$441) -> 34 | L21: =AVERAGE([22]Brewhouse!$AU$408:$AU$441) -> 98.094341 | M21: =AVERAGE([22]Brewhouse!$AU$102:$AU$171,[22]Brewhouse!$AU$173:$AU$253,[22]Brewhouse!$AU$255:$AU$339,[22]Brewhouse!$AU$341:$AU$346,[22]Brewhouse!$AU$348,[22]Brewhouse!$AU$349:$AU$406,[22]Brewhouse!$AU$408:$AU$441) -> 97.466999 | N21: 98
C22: 14.14 | I22: STAG | K22: =COUNTA([23]Brewhouse!$A$195:$A$205) -> 11 | L22: =AVERAGE([23]Brewhouse!$AS$195:$AS$205) -> 100.70164 | M22: =AVERAGE([23]Brewhouse!$AS$15:$AS$64,[23]Brewhouse!$AS$66:$AS$103,[23]Brewhouse!$AS$105:$AS$140,[23]Brewhouse!$AS$142:$AS$193,[23]Brewhouse!$AS$195:$AS$205) -> 97.640391 | N22: 98
C23: 14.31 | D23: 16.57 | I23: GUINNESS | K23: =COUNTA([24]Brewhouse!$A$47:$A$54) -> 8 | L23: =AVERAGE([24]Brewhouse!$AU$47:$AU$54) -> 96.792443 | M23: =AVERAGE([24]Brewhouse!$AU$4:$AU$7,[24]Brewhouse!$AU$9:$AU$22,[24]Brewhouse!$AU$24:$AU$35,[24]Brewhouse!$AU$37:$AU$45,[24]Brewhouse!$AU$47:$AU$54) -> 97.036654 | N23: 98
C24: 14.22 | I24: VITAMALT | K24: =COUNTA([25]Brewhouse!$A$35:$A$40) -> 6 | L24: =AVERAGE([25]Brewhouse!$AV$35:$AV$40) -> 99.729774 | M24: =AVERAGE([25]Brewhouse!$AV$5:$AV$14,[25]Brewhouse!$AV$16:$AV$19,[25]Brewhouse!$AV$21:$AV$24,[25]Brewhouse!$AV$26:$AV$33,[25]Brewhouse!$AV$35:$AV$40) -> 99.073437 | N24: 98
C25: 14 | D25: 16.51 | I25: MAXIMALT | N25: 98
C26: 14.3 | I26: MACKESON | M26: =AVERAGE([26]Brewhouse!$AT$4:$AT$11,[26]Brewhouse!$AT$13:$AT$16) -> 95.16531 | N26: 98
I27: STARMALT | K27: =COUNTA([27]Brewhouse!$A$36:$A$43) -> 8 | L27: =AVERAGE([27]Brewhouse!$AY$36:$AY$43) -> 98.453562 | M27: =AVERAGE([27]Brewhouse!$AY$6:$AY$13,[27]Brewhouse!$AY$15:$AY$20,[27]Brewhouse!$AY$22:$AY$29,[27]Brewhouse!$AY$31:$AY$34,[27]Brewhouse!$AY$36:$AY$43) -> 96.669752 | N27: 98
I28: HR- Pils | M28: =AVERAGE([28]Brewhouse!$AU$5:$AU$8) -> 91.006888 | N28: 98
I29: HR- IPA | N29: 98
I30: HR- APA | N30: 98
K31: =SUM(K21:K30) -> 67 | L31: =((L21*K21)+(L22*K22)+(L23*K23)+(L24*K24)+(L25*K25)+(K28*L28)+(L26*K26)+(L27*K27)+(L30*K30))/(K31) -> 98.556303 | M31: =AVERAGE('[29]Jan 31st'!$L$65,'[30]Feb 28th'!$L$35,'[31]Mar. 31st'!$L$35,'[32]Apr. 30th'!$L$45,L31) -> 97.592069 | N31: 98
J33: Daily Brewing Plan
J34: Brand | K34: Brews Achieved | L34: Average Brews per day
J35: CARIB | K35: =COUNTA(B10:B14) -> 5 | L35: MTD | M35: YTD | N35: TARGET
J36: STAG | L36: =AVERAGE('May 2nd -4th'!I70,'May 2nd -4th'!K70,'May 5th'!K77,'May 6th'!K60,'May 7th'!K57,'May 8th'!K53,'May 9th-10th'!I60,'May 9th-10th'!K60,'May 12th'!K43,K45) -> 7.2 | M36: =AVERAGE('[29]Jan 29th '!$M$70,'[30]Feb 28th'!$L$40,'[31]Mar. 31st'!$L$40,'[32]Apr. 30th'!$L$50,L36) -> 6.6291543 | N36: 9.2
J37: GUINN
J38: VITAMALT
J39: STARMALT
J40: MACKESON
J41: HURRICANE REEF- IPA
J42: HURRICANE REEF- APA
B43: AVERAGE | D43: =AVERAGE(D21:E42) -> 16.5 | J43: HR- PILSNER
J44: CARIBE
J45: Total | K45: =SUM(K35:K44) -> 5
B46: Process: | C46: Fermentation/Filtration
B48: Brand | C48: Filt. Date | D48: FV Hls | E48: GFE/ Prim/ Vita Blend (Hls) | F48: SV Hls | G48: BBT Hls | H48: Loss (%) Ferm | I48: Loss (%) Filt | J48: Comments | K48: Throughput | L48: Process Loss (%) | M48: Filt. Operator
AB49: 43474 | AC49: 43475 | AD49: 43476 | AE49: 43477 | AF49: 43478 | AG49: 43479 | AH49: 43480 | AI49: 43481 | AJ49: 43482 | AK49: 43483 | AL49: 43484 | AM49: 43485 | AN49: 43486 | AO49: 43487 | AP49: 43488 | AQ49: 43489 | AR49: 43490 | AS49: 43491 | AT49: 43492 | AU49: 43493 | AV49: 43494 | AW49: 43495 | AX49: 43496
B50: =I24 -> VITAMALT | C50: 45790 | D50: =[33]May_2025!$P$65 -> 296 | E50: =SUM([34]VITAMALT!$J$6:$J$11) -> 12.3 | G50: =[33]May_2025!$P$70 -> 297.8 | J50: NO SBF | K50: =[35]May_2025!$P$60 -> 1.0449123 | L50: =(((D50+E50)-G50)/(D50+E50))*100 -> 3.4057736 | M50: G. Mason | AB50: =[20]January_2019!L7 -> #REF! | AC50: =[20]January_2019!M7 -> #REF! | AD50: =[20]January_2019!N7 -> #REF! | AE50: =[20]January_2019!O7 -> #REF! | AF50: =[20]January_2019!P7 -> #REF! | AG50: =[20]January_2019!Q7 -> #REF! | AH50: =[20]January_2019!R7 -> #REF! | AI50: =[20]January_2019!S7 -> #REF! | ... AX50: =[20]January_2019!AH7 -> #REF!
B54: Process Loss (Volume) | G54: Process Loss (Extract) | K54: Throughput
B55: Brand | C55: Actual | D55: MTD | E55: YTD | F55: Target | G55: Actual | H55: MTD | I55: YTD | J55: Target | L55: MTD | M55: YTD | N55: Target
B56: CARIB | D56: 5.1029679 | E56: 6.9687915 | F56: 4.8 | H56: 4.0305043 | I56: 6.9242793 | J56: 4.8 | L56: 1.0851462 | M56: 0.77725438 | N56: 1
B57: STAG | D57: 5.4863942 | E57: 6.0466248 | F57: 4.8 | H57: 4.1755561 | I57: 6.3497244 | J57: 4.8 | L57: 0.61318713 | M57: 0.74352497 | N57: 1
B58: GUINN | E58: 12.554573 | F58: 5.5 | I58: 13.449891 | J58: 5.5 | M58: 0.54554654 | N58: 1
B59: VITAMALT | C59: =L50 -> 3.4057736 | D59: 3.4057736 | E59: 1.6190545 | F59: 3.3 | G59: =[33]May_2025!$P$74 -> 2.1612156 | H59: 2.1612156 | I59: 4.4964752 | J59: 3.3 | K59: =K50 -> 1.0449123 | L59: 1.0449123 | M59: 0.90649123 | N59: 1
B60: MAXIMALT | F60: 3.3 | J60: 3 | N60: 1
B61: MACKESON | E61: 7.8262258 | F61: =[21]May_2022!$M$43 -> 3.4878407 | I61: 9.4300679 | J61: 5.5 | M61: 0.67497076 | N61: 1
B62: STARMALT | D62: 3.883261 | E62: 2.485216 | F62: 3.3 | H62: 4.1755915 | I62: 4.4843056 | J62: 3.3 | L62: 0.69912281 | M62: 0.79924706 | N62: 1
B63: HURRICANE REEF | F63: 7.5 | J63: 7.5 | N63: 1
B64: HURRICANE REEF PILS | E64: 4.8792509 | F64: 4.8 | I64: 6.2003724 | J64: 4.8 | M64: 0.33859649 | N64: 1
D65: 4.4741588 | E65: 6.5821096 | F65: 5.5 | H65: 3.8490892 | I65: 7.1872024 | J65: 5.5 | L65: 0.86562135 | M65: 0.74813383 | N65: 1

Sheet May 14th
S1: P.G. | U1: Hot Time | W1: Process Time | Y1: Cooling Time
B2: Brewing Department Daily Process Loss Report | S2: Lower | T2: Upper | U2: Lower | V2: Upper | W2: Lower | X2: Upper | Y2: Lower | Z2: Upper
R3: CARIB | S3: 11.6 | T3: 12 | U3: 0 | V3: 0.11805556 | W3: 0.22569444 | X3: 0.26388889 | Y3: 0 | Z3: 60 | AB3: HR- PISNER
B4: Date: | C4: 45792 | J4: LOT WORT COLOUR: 3.5 | M4: Filter Sheets (Target 20 days) | R4: STAG | S4: 11.6 | T4: 12 | U4: 0 | V4: 0.11805556 | W4: 0.22569444 | X4: 0.26388889 | Y4: 0 | Z4: 60
M5: Double | N5: Single | R5: GUINNESS | S5: 17 | T5: 17.5 | U5: 0 | V5: 0.10763889 | W5: 0.24652778 | X5: 0.28472222 | Y5: 0 | Z5: 60
J6: MALT LOT: Lot 35 | L6: Sheet Day | R6: MACKESON | S6: 13.3 | T6: 13.5 | U6: 0 | V6: 0.12905093 | W6: 0.27430556 | X6: 0.30208333 | Y6: 0
R7: STARMALT | S7: 17.1 | T7: 17.5 | U7: 0 | V7: 0.13605324 | W7: 0.27430556 | X7: 0.30902778 | Y7: 0 | Z7: 60
B8: Brand | C8: Brew no. | D8: Kett. Hls | E8: Wort | F8: Cool Time(Mins) | G8: Cast. P.G. (Lab Result) | H8: Cast P.G. (Cellar Operator)-gravity | I8: Extr. Rec (78.95%) | J8: Theor. Extr. (77.5%) | K8: Boil Off /Vol. (4-6%) | L8: Boil Time | M8: Total Hot | N8: Brewing | O8: Operator | R8: Hurricane Reef | S8: 16.6 | T8: 17 | U8: 0 | V8: 0.12905093 | W8: 0.27430556 | X8: 0.30208333 | Y8: 0
E9: Meter (Hls) | F9: Target(< 60Mins) | M9: Time | R9: VITAMALT | S9: 14.4 | T9: 14.6 | U9: 0 | V9: 0.13905093 | W9: 0.26041667 | X9: 0.29513889 | Y9: 0 | Z9: 75
B10: STAG | C10: =[23]Brewhouse!$A211 -> ST193 | D10: =[23]Brewhouse!$AD211 -> 51.1 | E10: =[23]Brewhouse!$AG211 -> 49.1 | F10: =[23]Brewhouse!$V211 -> 79 | G10: =[23]Brewhouse!$AE211 -> 12.07 | H10: 11.9 | I10: =[23]Brewhouse!$AS211 -> 98.867923 | J10: =[23]Brewhouse!$AT211 -> 100.32868 | K10: =[23]Brewhouse!$Q211 -> 9.5940959 | L10: =[23]Brewhouse!$P211 -> 62 | M10: =[23]Brewhouse!$U211-[23]Brewhouse!$T211 -> 0.12291667 | N10: =[23]Brewhouse!$AW211 -> 0.29375 | O10: =[23]Brewhouse!$AV211 -> D. Gomaz | R10: =B10 -> STAG | S10: =VLOOKUP($B10,$R$3:$X$9,2,FALSE) -> 11.6 | T10: =VLOOKUP($B10,$R$3:$X$9,3,FALSE) -> 12 | U10: =VLOOKUP($B10,$R$3:$X$9,4,FALSE) -> 0 | V10: =VLOOKUP($B10,$R$3:$X$9,5,FALSE) -> 0.11805556 | W10: =VLOOKUP($B10,$R$3:$X$9,6,FALSE) -> 0.22569444 | X10: =VLOOKUP($B10,$R$3:$X$9,7,FALSE) -> 0.26388889 | Y10: =VLOOKUP($B10,$R$3:$Z$9,8,FALSE) -> 0 | Z10: =VLOOKUP($B10,$R$3:$Z$9,9,FALSE) -> 60
B11: STAG | C11: =[23]Brewhouse!$A212 -> ST194 | D11: =[23]Brewhouse!$AD212 -> 54.4 | E11: =[23]Brewhouse!$AG212 -> 51 | F11: =[23]Brewhouse!$V212 -> 80 | G11: =[23]Brewhouse!$AE212 -> 11.64 | H11: 12 | I11: =[23]Brewhouse!$AS212 -> 97.867503 | J11: =[23]Brewhouse!$AT212 -> 99.314899 | K11: =[23]Brewhouse!$Q212 -> 7.0652174 | L11: =[23]Brewhouse!$P212 -> 64 | M11: =[23]Brewhouse!$U212-[23]Brewhouse!$T212 -> 0.12708333 | N11: =[23]Brewhouse!$AW212 -> 0.26805556 | O11: =[23]Brewhouse!$AV212 -> D. Gomaz | R11: =B11 -> STAG | S11: =VLOOKUP($B11,$R$3:$X$9,2,FALSE) -> 11.6 | T11: =VLOOKUP($B11,$R$3:$X$9,3,FALSE) -> 12 | U11: =VLOOKUP($B11,$R$3:$X$9,4,FALSE) -> 0 | V11: =VLOOKUP($B11,$R$3:$X$9,5,FALSE) -> 0.11805556 | W11: =VLOOKUP($B11,$R$3:$X$9,6,FALSE) -> 0.22569444 | X11: =VLOOKUP($B11,$R$3:$X$9,7,FALSE) -> 0.26388889 | Y11: =VLOOKUP($B11,$R$3:$Z$9,8,FALSE) -> 0 | Z11: =VLOOKUP($B11,$R$3:$Z$9,9,FALSE) -> 60
B12: STAG | C12: =[23]Brewhouse!$A213 -> ST195 | D12: =[23]Brewhouse!$AD213 -> 55.2 | E12: =[23]Brewhouse!$AG213 -> 51.9 | F12: =[23]Brewhouse!$V213 -> 81 | G12: =[23]Brewhouse!$AE213 -> 11.7 | H12: 11.9 | I12: =[23]Brewhouse!$AS213 -> 100.37303 | J12: =[23]Brewhouse!$AT213 -> 101.85796 | K12: =[23]Brewhouse!$Q213 -> 5.9566787 | L12: =[23]Brewhouse!$P213 -> 60 | M12: =[23]Brewhouse!$U213-[23]Brewhouse!$T213 -> 0.12569444 | N12: =[23]Brewhouse!$AW213 -> 0.26944444 | O12: =[23]Brewhouse!$AV213 -> D. Gomaz | R12: =B12 -> STAG | S12: =VLOOKUP($B12,$R$3:$X$9,2,FALSE) -> 11.6 | T12: =VLOOKUP($B12,$R$3:$X$9,3,FALSE) -> 12 | U12: =VLOOKUP($B12,$R$3:$X$9,4,FALSE) -> 0 | V12: =VLOOKUP($B12,$R$3:$X$9,5,FALSE) -> 0.11805556 | W12: =VLOOKUP($B12,$R$3:$X$9,6,FALSE) -> 0.22569444 | X12: =VLOOKUP($B12,$R$3:$X$9,7,FALSE) -> 0.26388889 | Y12: =VLOOKUP($B12,$R$3:$Z$9,8,FALSE) -> 0 | Z12: =VLOOKUP($B12,$R$3:$Z$9,9,FALSE) -> 60
B13: STAG | C13: =[23]Brewhouse!$A214 -> ST196 | D13: =[23]Brewhouse!$AD214 -> 53.7 | E13: =[23]Brewhouse!$AG214 -> 50.3 | F13: =[23]Brewhouse!$V214 -> 56 | G13: =[23]Brewhouse!$AE214 -> 11.84 | H13: 11.9 | I13: =[23]Brewhouse!$AS214 -> 98.153627 | J13: =[23]Brewhouse!$AT214 -> 99.605725 | K13: =[23]Brewhouse!$Q214 -> 4.9001815 | L13: =[23]Brewhouse!$P214 -> 61 | M13: =[23]Brewhouse!$U214-[23]Brewhouse!$T214 -> 0.10277778 | N13: =[23]Brewhouse!$AW214 -> 0.25416667 | O13: =[23]Brewhouse!$AV214 -> D. Gomaz | P13: Copper up in pre-run tank and low steam pressure | R13: =B13 -> STAG | S13: =VLOOKUP($B13,$R$3:$X$9,2,FALSE) -> 11.6 | T13: =VLOOKUP($B13,$R$3:$X$9,3,FALSE) -> 12 | U13: =VLOOKUP($B13,$R$3:$X$9,4,FALSE) -> 0 | V13: =VLOOKUP($B13,$R$3:$X$9,5,FALSE) -> 0.11805556 | W13: =VLOOKUP($B13,$R$3:$X$9,6,FALSE) -> 0.22569444 | X13: =VLOOKUP($B13,$R$3:$X$9,7,FALSE) -> 0.26388889 | Y13: =VLOOKUP($B13,$R$3:$Z$9,8,FALSE) -> 0 | Z13: =VLOOKUP($B13,$R$3:$Z$9,9,FALSE) -> 60
B14: STAG | C14: =[23]Brewhouse!$A215 -> ST197 | D14: =[23]Brewhouse!$AD215 -> 52.8 | E14: =[23]Brewhouse!$AG215 -> 49.4 | F14: =[23]Brewhouse!$V215 -> 52 | G14: =[23]Brewhouse!$AE215 -> 12 | H14: 12.1 | I14: =[23]Brewhouse!$AS215 -> 98.115991 | J14: =[23]Brewhouse!$AT215 -> 99.567532 | K14: =[23]Brewhouse!$Q215 -> 5.6363636 | L14: =[23]Brewhouse!$P215 -> 58 | M14: =[23]Brewhouse!$U215-[23]Brewhouse!$T215 -> 0.10763889 | N14: =[23]Brewhouse!$AW215 -> 0.26041667 | O14: =[23]Brewhouse!$AV215 -> D. Gomaz | P14: Extra boil | R14: =B14 -> STAG | S14: =VLOOKUP($B14,$R$3:$X$9,2,FALSE) -> 11.6 | T14: =VLOOKUP($B14,$R$3:$X$9,3,FALSE) -> 12 | U14: =VLOOKUP($B14,$R$3:$X$9,4,FALSE) -> 0 | V14: =VLOOKUP($B14,$R$3:$X$9,5,FALSE) -> 0.11805556 | W14: =VLOOKUP($B14,$R$3:$X$9,6,FALSE) -> 0.22569444 | X14: =VLOOKUP($B14,$R$3:$X$9,7,FALSE) -> 0.26388889 | Y14: =VLOOKUP($B14,$R$3:$Z$9,8,FALSE) -> 0 | Z14: =VLOOKUP($B14,$R$3:$Z$9,9,FALSE) -> 60
B15: STAG | C15: =[23]Brewhouse!$A216 -> ST198 | D15: =[23]Brewhouse!$AD216 -> 54.3 | E15: =[23]Brewhouse!$AG216 -> 50.9 | F15: =[23]Brewhouse!$V216 -> 59 | G15: =[23]Brewhouse!$AE216 -> 11.68 | H15: 11.3 | I15: =[23]Brewhouse!$AS216 -> 98.809112 | J15: =[23]Brewhouse!$AT216 -> 100.26948 | K15: =[23]Brewhouse!$Q216 -> 2.3765996 | L15: =[23]Brewhouse!$P216 -> 58 | M15: =[23]Brewhouse!$U216-[23]Brewhouse!$T216 -> 0.11388889 | N15: =[23]Brewhouse!$AW216 -> 0.26875 | O15: =[23]Brewhouse!$AV216 -> K. Benjamin | P15: Mash tun kept pausing during brew transferred brew to copper up in pre-run tank due to delay on previous brew | R15: =B15 -> STAG | S15: =VLOOKUP($B15,$R$3:$X$9,2,FALSE) -> 11.6 | T15: =VLOOKUP($B15,$R$3:$X$9,3,FALSE) -> 12 | U15: =VLOOKUP($B15,$R$3:$X$9,4,FALSE) -> 0 | V15: =VLOOKUP($B15,$R$3:$X$9,5,FALSE) -> 0.11805556 | W15: =VLOOKUP($B15,$R$3:$X$9,6,FALSE) -> 0.22569444 | X15: =VLOOKUP($B15,$R$3:$X$9,7,FALSE) -> 0.26388889 | Y15: =VLOOKUP($B15,$R$3:$Z$9,8,FALSE) -> 0 | Z15: =VLOOKUP($B15,$R$3:$Z$9,9,FALSE) -> 60
B16: STAG | C16: =[23]Brewhouse!$A217 -> ST199 | D16: =[23]Brewhouse!$AD217 -> 55 | E16: =[23]Brewhouse!$AG217 -> 51.8 | F16: =[23]Brewhouse!$V217 -> 63 | G16: =[23]Brewhouse!$AE217 -> 11.76 | H16: 11.8 | I16: =[23]Brewhouse!$AS217 -> 101.08067 | J16: =[23]Brewhouse!$AT217 -> 102.57607 | K16: =[23]Brewhouse!$Q217 -> 2.5408348 | L16: =[23]Brewhouse!$P217 -> 63 | M16: =[23]Brewhouse!$U217-[23]Brewhouse!$T217 -> 0.11597222 | N16: =[23]Brewhouse!$AW217 -> 0.25277778 | O16: =[23]Brewhouse!$AV217 -> K. Benjamin | R16: =B16 -> STAG | S16: =VLOOKUP($B16,$R$3:$X$9,2,FALSE) -> 11.6 | T16: =VLOOKUP($B16,$R$3:$X$9,3,FALSE) -> 12 | U16: =VLOOKUP($B16,$R$3:$X$9,4,FALSE) -> 0 | V16: =VLOOKUP($B16,$R$3:$X$9,5,FALSE) -> 0.11805556 | W16: =VLOOKUP($B16,$R$3:$X$9,6,FALSE) -> 0.22569444 | X16: =VLOOKUP($B16,$R$3:$X$9,7,FALSE) -> 0.26388889 | Y16: =VLOOKUP($B16,$R$3:$Z$9,8,FALSE) -> 0 | Z16: =VLOOKUP($B16,$R$3:$Z$9,9,FALSE) -> 60
B17: STAG | C17: =[23]Brewhouse!$A218 -> ST200 | D17: =[23]Brewhouse!$AD218 -> 55.1 | E17: =[23]Brewhouse!$AG218 -> 52.2 | F17: =[23]Brewhouse!$V218 -> 66 | G17: =[23]Brewhouse!$AE218 -> 11.63 | H17: 11.6 | I17: =[23]Brewhouse!$AS218 -> 100.42131 | J17: =[23]Brewhouse!$AT218 -> 101.90551 | K17: =[23]Brewhouse!$Q218 -> 2.0072993 | L17: =[23]Brewhouse!$P218 -> 61 | M17: =[23]Brewhouse!$U218-[23]Brewhouse!$T218 -> 0.11597222 | N17: =[23]Brewhouse!$AW218 -> 0.25138889 | O17: =[23]Brewhouse!$AV218 -> K. Benjamin | R17: =B17 -> STAG | S17: =VLOOKUP($B17,$R$3:$X$9,2,FALSE) -> 11.6 | T17: =VLOOKUP($B17,$R$3:$X$9,3,FALSE) -> 12 | U17: =VLOOKUP($B17,$R$3:$X$9,4,FALSE) -> 0 | V17: =VLOOKUP($B17,$R$3:$X$9,5,FALSE) -> 0.11805556 | W17: =VLOOKUP($B17,$R$3:$X$9,6,FALSE) -> 0.22569444 | X17: =VLOOKUP($B17,$R$3:$X$9,7,FALSE) -> 0.26388889 | Y17: =VLOOKUP($B17,$R$3:$Z$9,8,FALSE) -> 0 | Z17: =VLOOKUP($B17,$R$3:$Z$9,9,FALSE) -> 60
B18: STAG | C18: =[23]Brewhouse!$A219 -> ST201 | D18: =[23]Brewhouse!$AD219 -> 54 | E18: =[23]Brewhouse!$AG219 -> 50.9 | F18: =[23]Brewhouse!$V219 -> 60 | G18: =[23]Brewhouse!$AE219 -> 11.6 | H18: 11.7 | I18: =[23]Brewhouse!$AS219 -> 97.675606 | J18: =[23]Brewhouse!$AT219 -> 99.120164 | K18: =[23]Brewhouse!$Q219 -> 2.7422303 | L18: =[23]Brewhouse!$P219 -> 59 | M18: =[23]Brewhouse!$U219-[23]Brewhouse!$T219 -> 0.10763889 | N18: =[23]Brewhouse!$AW219 -> 0.26111111 | O18: =[23]Brewhouse!$AV219 -> R.Sookram | R18: =B18 -> STAG | S18: =VLOOKUP($B18,$R$3:$X$9,2,FALSE) -> 11.6 | T18: =VLOOKUP($B18,$R$3:$X$9,3,FALSE) -> 12 | U18: =VLOOKUP($B18,$R$3:$X$9,4,FALSE) -> 0 | V18: =VLOOKUP($B18,$R$3:$X$9,5,FALSE) -> 0.11805556 | W18: =VLOOKUP($B18,$R$3:$X$9,6,FALSE) -> 0.22569444 | X18: =VLOOKUP($B18,$R$3:$X$9,7,FALSE) -> 0.26388889 | Y18: =VLOOKUP($B18,$R$3:$Z$9,8,FALSE) -> 0 | Z18: =VLOOKUP($B18,$R$3:$Z$9,9,FALSE) -> 60
R19: =B19 -> 0 | S19: =VLOOKUP($B19,$R$3:$X$9,2,FALSE) -> #N/A | T19: =VLOOKUP($B19,$R$3:$X$9,3,FALSE) -> #N/A | U19: =VLOOKUP($B19,$R$3:$X$9,4,FALSE) -> #N/A | V19: =VLOOKUP($B19,$R$3:$X$9,5,FALSE) -> #N/A | W19: =VLOOKUP($B19,$R$3:$X$9,6,FALSE) -> #N/A | X19: =VLOOKUP($B19,$R$3:$X$9,7,FALSE) -> #N/A | Y19: =VLOOKUP($B19,$R$3:$Z$9,8,FALSE) -> #N/A | Z19: =VLOOKUP($B19,$R$3:$Z$9,9,FALSE) -> #N/A
B20: CARIB | C20: =[22]Brewhouse!$A442 -> CA337 | D20: =[22]Brewhouse!$AF442 -> 54.6 | E20: =[22]Brewhouse!$AI442 -> 51.9 | F20: =[22]Brewhouse!$V442 -> 62 | G20: =[22]Brewhouse!$AG442 -> 11.45 | H20: 11.4 | I20: =[22]Brewhouse!$AU442 -> 101.15075 | J20: =[22]Brewhouse!$AV442 -> 102.95415 | K20: =[22]Brewhouse!$Q442 -> 3.7857143 | L20: =[22]Brewhouse!$P442 -> 60 | M20: =[22]Brewhouse!$U442-[22]Brewhouse!$T442 -> 0.11458333 | N20: =[22]Brewhouse!$Z442 -> 0.26666667 | O20: =[22]Brewhouse!$AX442 -> R. Sookram | R20: =#REF! -> #REF! | S20: =VLOOKUP(#REF!,$R$3:$X$9,2,FALSE) -> #REF! | T20: =VLOOKUP(#REF!,$R$3:$X$9,3,FALSE) -> #REF! | U20: =VLOOKUP(#REF!,$R$3:$X$9,4,FALSE) -> #REF! | V20: =VLOOKUP(#REF!,$R$3:$X$9,5,FALSE) -> #REF! | W20: =VLOOKUP(#REF!,$R$3:$X$9,6,FALSE) -> #REF! | X20: =VLOOKUP(#REF!,$R$3:$X$9,7,FALSE) -> #REF! | Y20: =VLOOKUP(#REF!,$R$3:$Z$9,8,FALSE) -> #REF! | Z20: =VLOOKUP(#REF!,$R$3:$Z$9,9,FALSE) -> #REF!
R21: =B21 -> 0 | S21: =VLOOKUP($B21,$R$3:$X$9,2,FALSE) -> #N/A | T21: =VLOOKUP($B21,$R$3:$X$9,3,FALSE) -> #N/A | U21: =VLOOKUP($B21,$R$3:$X$9,4,FALSE) -> #N/A | V21: =VLOOKUP($B21,$R$3:$X$9,5,FALSE) -> #N/A | W21: =VLOOKUP($B21,$R$3:$X$9,6,FALSE) -> #N/A | X21: =VLOOKUP($B21,$R$3:$X$9,7,FALSE) -> #N/A | Y21: =VLOOKUP($B21,$R$3:$Z$9,8,FALSE) -> #N/A | Z21: =VLOOKUP($B21,$R$3:$Z$9,9,FALSE) -> #N/A
R22: =B22 -> 0 | S22: =VLOOKUP($B22,$R$3:$X$9,2,FALSE) -> #N/A | T22: =VLOOKUP($B22,$R$3:$X$9,3,FALSE) -> #N/A | U22: =VLOOKUP($B22,$R$3:$X$9,4,FALSE) -> #N/A | V22: =VLOOKUP($B22,$R$3:$X$9,5,FALSE) -> #N/A | W22: =VLOOKUP($B22,$R$3:$X$9,6,FALSE) -> #N/A | X22: =VLOOKUP($B22,$R$3:$X$9,7,FALSE) -> #N/A | Y22: =VLOOKUP($B22,$R$3:$Z$9,8,FALSE) -> #N/A | Z22: =VLOOKUP($B22,$R$3:$Z$9,9,FALSE) -> #N/A
R23: =B23 -> 0 | S23: =VLOOKUP($B23,$R$3:$X$9,2,FALSE) -> #N/A | T23: =VLOOKUP($B23,$R$3:$X$9,3,FALSE) -> #N/A | U23: =VLOOKUP($B23,$R$3:$X$9,4,FALSE) -> #N/A | V23: =VLOOKUP($B23,$R$3:$X$9,5,FALSE) -> #N/A | W23: =VLOOKUP($B23,$R$3:$X$9,6,FALSE) -> #N/A | X23: =VLOOKUP($B23,$R$3:$X$9,7,FALSE) -> #N/A | Y23: =VLOOKUP($B23,$R$3:$Z$9,8,FALSE) -> #N/A | Z23: =VLOOKUP($B23,$R$3:$Z$9,9,FALSE) -> #N/A
I24: EXTRACT RECOVERY | R24: =B24 -> 0 | S24: =VLOOKUP($B24,$R$3:$X$9,2,FALSE) -> #N/A | T24: =VLOOKUP($B24,$R$3:$X$9,3,FALSE) -> #N/A | U24: =VLOOKUP($B24,$R$3:$X$9,4,FALSE) -> #N/A | V24: =VLOOKUP($B24,$R$3:$X$9,5,FALSE) -> #N/A | W24: =VLOOKUP($B24,$R$3:$X$9,6,FALSE) -> #N/A | X24: =VLOOKUP($B24,$R$3:$X$9,7,FALSE) -> #N/A | Y24: =VLOOKUP($B24,$R$3:$Z$9,8,FALSE) -> #N/A | Z24: =VLOOKUP($B24,$R$3:$Z$9,9,FALSE) -> #N/A
B25: BRAND | D25: BBT P.G./ O.G | I25: Brand | J25: Actual | K25: MTD No. of Brews | L25: MTD | M25: YTD | N25: Target | R25: =B25 -> BRAND | S25: =VLOOKUP($B25,$R$3:$X$9,2,FALSE) -> #N/A | T25: =VLOOKUP($B25,$R$3:$X$9,3,FALSE) -> #N/A | U25: =VLOOKUP($B25,$R$3:$X$9,4,FALSE) -> #N/A | V25: =VLOOKUP($B25,$R$3:$X$9,5,FALSE) -> #N/A | W25: =VLOOKUP($B25,$R$3:$X$9,6,FALSE) -> #N/A | X25: =VLOOKUP($B25,$R$3:$X$9,7,FALSE) -> #N/A | Y25: =VLOOKUP($B25,$R$3:$Z$9,8,FALSE) -> #N/A | Z25: =VLOOKUP($B25,$R$3:$Z$9,9,FALSE) -> #N/A
I26: CARIB | J26: =I20 -> 101.15075 | K26: =COUNTA([22]Brewhouse!$A$408:$A$442) -> 35 | L26: =AVERAGE([22]Brewhouse!$AU$408:$AU$442) -> 98.181667 | M26: =AVERAGE([22]Brewhouse!$AU$102:$AU$171,[22]Brewhouse!$AU$173:$AU$253,[22]Brewhouse!$AU$255:$AU$339,[22]Brewhouse!$AU$341:$AU$346,[22]Brewhouse!$AU$348,[22]Brewhouse!$AU$349:$AU$406,[22]Brewhouse!$AU$408:$AU$442) -> 97.477962 | N26: 98
I27: STAG | J27: =AVERAGE(I10:I18) -> 99.04053 | K27: =COUNTA([23]Brewhouse!$A$195:$A$219) -> 25 | L27: =AVERAGE([23]Brewhouse!$AS$195:$AS$219) -> 100.61031 | M27: =AVERAGE([23]Brewhouse!$AS$15:$AS$64,[23]Brewhouse!$AS$66:$AS$103,[23]Brewhouse!$AS$105:$AS$140,[23]Brewhouse!$AS$142:$AS$193,[23]Brewhouse!$AS$195:$AS$219) -> 97.842253 | N27: 98
I28: GUINNESS | K28: =COUNTA([24]Brewhouse!$A$47:$A$54) -> 8 | L28: =AVERAGE([24]Brewhouse!$AU$47:$AU$54) -> 96.792443 | M28: =AVERAGE([24]Brewhouse!$AU$4:$AU$7,[24]Brewhouse!$AU$9:$AU$22,[24]Brewhouse!$AU$24:$AU$35,[24]Brewhouse!$AU$37:$AU$45,[24]Brewhouse!$AU$47:$AU$54) -> 97.036654 | N28: 98
I29: VITAMALT | K29: =COUNTA([25]Brewhouse!$A$35:$A$40) -> 6 | L29: =AVERAGE([25]Brewhouse!$AV$35:$AV$40) -> 99.729774 | M29: =AVERAGE([25]Brewhouse!$AV$5:$AV$14,[25]Brewhouse!$AV$16:$AV$19,[25]Brewhouse!$AV$21:$AV$24,[25]Brewhouse!$AV$26:$AV$33,[25]Brewhouse!$AV$35:$AV$40) -> 99.073437 | N29: 98
I30: MAXIMALT | N30: 98
I31: MACKESON | M31: =AVERAGE([26]Brewhouse!$AT$4:$AT$11,[26]Brewhouse!$AT$13:$AT$16) -> 95.16531 | N31: 98
I32: STARMALT | K32: =COUNTA([27]Brewhouse!$A$36:$A$43) -> 8 | L32: =AVERAGE([27]Brewhouse!$AY$36:$AY$43) -> 98.453562 | M32: =AVERAGE([27]Brewhouse!$AY$6:$AY$13,[27]Brewhouse!$AY$15:$AY$20,[27]Brewhouse!$AY$22:$AY$29,[27]Brewhouse!$AY$31:$AY$34,[27]Brewhouse!$AY$36:$AY$43) -> 96.669752 | N32: 98
I33: HR- Pils | M33: =AVERAGE([28]Brewhouse!$AU$5:$AU$8) -> 91.006888 | N33: 98
I34: HR- IPA | N34: 98
I35: HR- APA | N35: 98
K36: =SUM(K26:K35) -> 82 | L36: =((L26*K26)+(L27*K27)+(L28*K28)+(L29*K29)+(L30*K30)+(K33*L33)+(L31*K31)+(L32*K32)+(L35*K35))/(K36) -> 98.926374 | M36: =AVERAGE('[29]Jan 31st'!$L$65,'[30]Feb 28th'!$L$35,'[31]Mar. 31st'!$L$35,'[32]Apr. 30th'!$L$45,L36) -> 97.666083 | N36: 98
J38: Daily Brewing Plan
J39: Brand | K39: Brews Achieved | L39: Average Brews per day
J40: CARIB | K40: 1 | L40: MTD | M40: YTD | N40: TARGET
J41: STAG | K41: =COUNTA(B10:B18) -> 9 | L41: =AVERAGE('May 2nd -4th'!I70,'May 2nd -4th'!K70,'May 5th'!K77,'May 6th'!K60,'May 7th'!K57,'May 8th'!K53,'May 9th-10th'!I60,'May 9th-10th'!K60,'May 12th'!K43,'May 13th'!K45,K50) -> 7.4545455 | M41: =AVERAGE('[29]Jan 29th '!$M$70,'[30]Feb 28th'!$L$40,'[31]Mar. 31st'!$L$40,'[32]Apr. 30th'!$L$50,L41) -> 6.6800634 | N41: 9.2
J42: GUINN
J43: VITAMALT
J44: STARMALT
J45: MACKESON
J46: HURRICANE REEF- IPA
J47: HURRICANE REEF- APA
B48: AVERAGE | D48: =AVERAGE(D26:E47) -> #DIV/0! | J48: HR- PILSNER
J49: CARIBE
J50: Total | K50: =SUM(K40:K49) -> 10
B51: Process: | C51: Fermentation/Filtration
B53: Brand | C53: Filt. Date | D53: FV Hls | E53: GFE/ Prim/ Vita Blend (Hls) | F53: SV Hls | G53: BBT Hls | H53: Loss (%) Ferm | I53: Loss (%) Filt | J53: Comments | K53: Throughput | L53: Process Loss (%) | M53: Filt. Operator
AB54: 43474 | AC54: 43475 | AD54: 43476 | AE54: 43477 | AF54: 43478 | AG54: 43479 | AH54: 43480 | AI54: 43481 | AJ54: 43482 | AK54: 43483 | AL54: 43484 | AM54: 43485 | AN54: 43486 | AO54: 43487 | AP54: 43488 | AQ54: 43489 | AR54: 43490 | AS54: 43491 | AT54: 43492 | AU54: 43493 | AV54: 43494 | AW54: 43495 | AX54: 43496
AB55: =[20]January_2019!L7 -> #REF! | AC55: =[20]January_2019!M7 -> #REF! | AD55: =[20]January_2019!N7 -> #REF! | AE55: =[20]January_2019!O7 -> #REF! | AF55: =[20]January_2019!P7 -> #REF! | AG55: =[20]January_2019!Q7 -> #REF! | AH55: =[20]January_2019!R7 -> #REF! | AI55: =[20]January_2019!S7 -> #REF! | ... AX55: =[20]January_2019!AH7 -> #REF!
B59: Process Loss (Volume) | G59: Process Loss (Extract) | K59: Throughput
B60: Brand | C60: Actual | D60: MTD | E60: YTD | F60: Target | G60: Actual | H60: MTD | I60: YTD | J60: Target | L60: MTD | M60: YTD | N60: Target
B61: CARIB | D61: 5.1029679 | E61: 6.9687915 | F61: 4.8 | H61: 4.0305043 | I61: 6.9242793 | J61: 4.8 | L61: 1.0851462 | M61: 0.77725438 | N61: 1
B62: STAG | D62: 5.4863942 | E62: 6.0466248 | F62: 4.8 | H62: 4.1755561 | I62: 6.3497244 | J62: 4.8 | L62: 0.61318713 | M62: 0.74352497 | N62: 1
B63: GUINN | E63: 12.554573 | F63: 5.5 | I63: 13.449891 | J63: 5.5 | M63: 0.54554654 | N63: 1
B64: VITAMALT | D64: 3.4057736 | E64: 1.6190545 | F64: 3.3 | H64: 2.1612156 | I64: 4.4964752 | J64: 3.3 | L64: 1.0449123 | M64: 0.90649123 | N64: 1
B65: MAXIMALT | F65: 3.3 | J65: 3 | N65: 1
B66: MACKESON | E66: 7.8262258 | F66: =[21]May_2022!$M$43 -> 3.4878407 | I66: 9.4300679 | J66: 5.5 | M66: 0.67497076 | N66: 1
B67: STARMALT | D67: 3.883261 | E67: 2.485216 | F67: 3.3 | H67: 4.1755915 | I67: 4.4843056 | J67: 3.3 | L67: 0.69912281 | M67: 0.79924706 | N67: 1
B68: HURRICANE REEF | F68: 7.5 | J68: 7.5 | N68: 1
B69: HURRICANE REEF PILS | E69: 4.8792509 | F69: 4.8 | I69: 6.2003724 | J69: 4.8 | M69: 0.33859649 | N69: 1
D70: 4.4741588 | E70: 6.5821096 | F70: 5.5 | H70: 3.8490892 | I70: 7.1872024 | J70: 5.5 | L70: 0.86562135 | M70: 0.74813383 | N70: 1

Sheet May 15th
S1: P.G. | U1: Hot Time | W1: Process Time | Y1: Cooling Time
B2: Brewing Department Daily Process Loss Report | S2: Lower | T2: Upper | U2: Lower | V2: Upper | W2: Lower | X2: Upper | Y2: Lower | Z2: Upper
R3: CARIB | S3: 11.6 | T3: 12 | U3: 0 | V3: 0.11805556 | W3: 0.22569444 | X3: 0.26388889 | Y3: 0 | Z3: 60 | AB3: HR- PISNER
B4: Date: | C4: 45793 | J4: LOT WORT COLOUR: 3.5 | M4: Filter Sheets (Target 20 days) | R4: STAG | S4: 11.6 | T4: 12 | U4: 0 | V4: 0.11805556 | W4: 0.22569444 | X4: 0.26388889 | Y4: 0 | Z4: 60
M5: Double | N5: Single | R5: GUINNESS | S5: 17 | T5: 17.5 | U5: 0 | V5: 0.10763889 | W5: 0.24652778 | X5: 0.28472222 | Y5: 0 | Z5: 60
J6: MALT LOT: Lot 35 | L6: Sheet Day | R6: MACKESON | S6: 13.3 | T6: 13.5 | U6: 0 | V6: 0.12905093 | W6: 0.27430556 | X6: 0.30208333 | Y6: 0
R7: STARMALT | S7: 17.1 | T7: 17.5 | U7: 0 | V7: 0.13605324 | W7: 0.27430556 | X7: 0.30902778 | Y7: 0 | Z7: 60
B8: Brand | C8: Brew no. | D8: Kett. Hls | E8: Wort | F8: Cool Time(Mins) | G8: Cast. P.G. (Lab Result) | H8: Cast P.G. (Cellar Operator)-gravity | I8: Extr. Rec (78.95%) | J8: Theor. Extr. (77.5%) | K8: Boil Off /Vol. (4-6%) | L8: Boil Time | M8: Total Hot | N8: Brewing | O8: Operator | R8: Hurricane Reef | S8: 16.6 | T8: 17 | U8: 0 | V8: 0.12905093 | W8: 0.27430556 | X8: 0.30208333 | Y8: 0
E9: Meter (Hls) | F9: Target(< 60Mins) | M9: Time | R9: VITAMALT | S9: 14.4 | T9: 14.6 | U9: 0 | V9: 0.13905093 | W9: 0.26041667 | X9: 0.29513889 | Y9: 0 | Z9: 75
B10: CARIB | C10: =[22]Brewhouse!$A443 -> CA338 | D10: =[22]Brewhouse!$AF443 -> 54.9 | E10: =[22]Brewhouse!$AI443 -> 50.9 | F10: =[22]Brewhouse!$V443 -> 62 | G10: =[22]Brewhouse!$AG443 -> 11.7 | H10: 11.7 | I10: =[22]Brewhouse!$AU443 -> 100.76082 | J10: =[22]Brewhouse!$AV443 -> 102.55747 | K10: =[22]Brewhouse!$Q443 -> 8.9483066 | L10: =[22]Brewhouse!$P443 -> 57 | M10: =[22]Brewhouse!$U443-[22]Brewhouse!$T443 -> 0.11805556 | N10: =[22]Brewhouse!$Z443 -> 0.31388889 | O10: =[22]Brewhouse!$AX443 -> R. Sookram | R10: =B10 -> CARIB | S10: =VLOOKUP($B10,$R$3:$X$9,2,FALSE) -> 11.6 | T10: =VLOOKUP($B10,$R$3:$X$9,3,FALSE) -> 12 | U10: =VLOOKUP($B10,$R$3:$X$9,4,FALSE) -> 0 | V10: =VLOOKUP($B10,$R$3:$X$9,5,FALSE) -> 0.11805556 | W10: =VLOOKUP($B10,$R$3:$X$9,6,FALSE) -> 0.22569444 | X10: =VLOOKUP($B10,$R$3:$X$9,7,FALSE) -> 0.26388889 | Y10: =VLOOKUP($B10,$R$3:$Z$9,8,FALSE) -> 0 | Z10: =VLOOKUP($B10,$R$3:$Z$9,9,FALSE) -> 60
B11: CARIB | C11: =[22]Brewhouse!$A444 -> CA339 | D11: =[22]Brewhouse!$AF444 -> 54.2 | E11: =[22]Brewhouse!$AI444 -> 50.8 | F11: =[22]Brewhouse!$V444 -> 54 | G11: =[22]Brewhouse!$AG444 -> 11.9 | H11: 11.9 | I11: =[22]Brewhouse!$AU444 -> 102.11088 | J11: =[22]Brewhouse!$AV444 -> 103.93182 | K11: =[22]Brewhouse!$Q444 -> 7.1530249 | L11: =[22]Brewhouse!$P444 -> 58 | M11: =[22]Brewhouse!$U444-[22]Brewhouse!$T444 -> 0.10416667 | N11: =[22]Brewhouse!$Z444 -> 0.25347222 | O11: =[22]Brewhouse!$AX444 -> R. Sookram | R11: =B11 -> CARIB | S11: =VLOOKUP($B11,$R$3:$X$9,2,FALSE) -> 11.6 | T11: =VLOOKUP($B11,$R$3:$X$9,3,FALSE) -> 12 | U11: =VLOOKUP($B11,$R$3:$X$9,4,FALSE) -> 0 | V11: =VLOOKUP($B11,$R$3:$X$9,5,FALSE) -> 0.11805556 | W11: =VLOOKUP($B11,$R$3:$X$9,6,FALSE) -> 0.22569444 | X11: =VLOOKUP($B11,$R$3:$X$9,7,FALSE) -> 0.26388889 | Y11: =VLOOKUP($B11,$R$3:$Z$9,8,FALSE) -> 0 | Z11: =VLOOKUP($B11,$R$3:$Z$9,9,FALSE) -> 60
B12: CARIB | C12: =[22]Brewhouse!$A445 -> CA340 | D12: =[22]Brewhouse!$AF445 -> 53.5 | E12: =[22]Brewhouse!$AI445 -> 50.1 | F12: =[22]Brewhouse!$V445 -> 61 | G12: =[22]Brewhouse!$AG445 -> 11.9 | H12: 11.9 | I12: =[22]Brewhouse!$AU445 -> 97.714774 | J12: =[22]Brewhouse!$AV445 -> 99.459671 | K12: =[22]Brewhouse!$Q445 -> 6.0854093 | L12: =[22]Brewhouse!$P445 -> 58 | M12: =[22]Brewhouse!$U445-[22]Brewhouse!$T445 -> 0.10486111 | N12: =[22]Brewhouse!$Z445 -> 0.24722222 | O12: =[22]Brewhouse!$AX445 -> R. Sookram | R12: =B12 -> CARIB | S12: =VLOOKUP($B12,$R$3:$X$9,2,FALSE) -> 11.6 | T12: =VLOOKUP($B12,$R$3:$X$9,3,FALSE) -> 12 | U12: =VLOOKUP($B12,$R$3:$X$9,4,FALSE) -> 0 | V12: =VLOOKUP($B12,$R$3:$X$9,5,FALSE) -> 0.11805556 | W12: =VLOOKUP($B12,$R$3:$X$9,6,FALSE) -> 0.22569444 | X12: =VLOOKUP($B12,$R$3:$X$9,7,FALSE) -> 0.26388889 | Y12: =VLOOKUP($B12,$R$3:$Z$9,8,FALSE) -> 0 | Z12: =VLOOKUP($B12,$R$3:$Z$9,9,FALSE) -> 60
B13: CARIB | C13: =[22]Brewhouse!$A446 -> CA341 | D13: =[22]Brewhouse!$AF446 -> 54.1 | E13: =[22]Brewhouse!$AI446 -> 50.9 | F13: =[22]Brewhouse!$V446 -> 57 | G13: =[22]Brewhouse!$AG446 -> 11.89 | H13: 12.1 | I13: =[22]Brewhouse!$AU446 -> 99.152465 | J13: =[22]Brewhouse!$AV446 -> 100.92313 | K13: =[22]Brewhouse!$Q446 -> 5.0177936 | L13: =[22]Brewhouse!$P446 -> 58 | M13: =[22]Brewhouse!$U446-[22]Brewhouse!$T446 -> 0.10138889 | N13: =[22]Brewhouse!$Z446 -> 0.25902778 | O13: =[22]Brewhouse!$AX446 -> R. Sookram | R13: =B13 -> CARIB | S13: =VLOOKUP($B13,$R$3:$X$9,2,FALSE) -> 11.6 | T13: =VLOOKUP($B13,$R$3:$X$9,3,FALSE) -> 12 | U13: =VLOOKUP($B13,$R$3:$X$9,4,FALSE) -> 0 | V13: =VLOOKUP($B13,$R$3:$X$9,5,FALSE) -> 0.11805556 | W13: =VLOOKUP($B13,$R$3:$X$9,6,FALSE) -> 0.22569444 | X13: =VLOOKUP($B13,$R$3:$X$9,7,FALSE) -> 0.26388889 | Y13: =VLOOKUP($B13,$R$3:$Z$9,8,FALSE) -> 0 | Z13: =VLOOKUP($B13,$R$3:$Z$9,9,FALSE) -> 60
B14: CARIB | C14: =[22]Brewhouse!$A447 -> CA342 | D14: =[22]Brewhouse!$AF447 -> 55.2 | E14: =[22]Brewhouse!$AI447 -> 51.9 | F14: =[22]Brewhouse!$V447 -> 65 | G14: =[22]Brewhouse!$AG447 -> 11.75 | H14: 11.8 | I14: =[22]Brewhouse!$AU447 -> 100.20719 | J14: =[22]Brewhouse!$AV447 -> 101.99669 | K14: =[22]Brewhouse!$Q447 -> 4.4210526 | L14: =[22]Brewhouse!$P447 -> 61 | M14: =[22]Brewhouse!$U447-[22]Brewhouse!$T447 -> 0.11041667 | N14: =[22]Brewhouse!$Z447 -> 0.2875 | O14: =[22]Brewhouse!$AX447 -> K.Benjamin | P14: Boiler was down causing heat up delay | R14: =B14 -> CARIB | S14: =VLOOKUP($B14,$R$3:$X$9,2,FALSE) -> 11.6 | T14: =VLOOKUP($B14,$R$3:$X$9,3,FALSE) -> 12 | U14: =VLOOKUP($B14,$R$3:$X$9,4,FALSE) -> 0 | V14: =VLOOKUP($B14,$R$3:$X$9,5,FALSE) -> 0.11805556 | W14: =VLOOKUP($B14,$R$3:$X$9,6,FALSE) -> 0.22569444 | X14: =VLOOKUP($B14,$R$3:$X$9,7,FALSE) -> 0.26388889 | Y14: =VLOOKUP($B14,$R$3:$Z$9,8,FALSE) -> 0 | Z14: =VLOOKUP($B14,$R$3:$Z$9,9,FALSE) -> 60
