Workbook
Name ProductList: [1]November15!$R$3:$R$9
Name ProductList: [2]November15!$R$3:$R$9

Sheet Dec 18th
T1: P.G. | V1: Hot Time | X1: Process Time | Z1: Cooling Time
B2: Brewing Department Daily Process Loss Report | T2: Lower | U2: Upper | V2: Lower | W2: Upper | X2: Lower | Y2: Upper | Z2: Lower | AA2: Upper
S3: CARIB | T3: 11.6 | U3: 12 | V3: 0 | W3: 0.11805556 | X3: 0.17361111 | Y3: 0.21180556 | Z3: 0 | AA3: 60 | AC3: HR- PISNER
B4: Date: | C4: 45278 | J4: LOT WORT COLOUR: 3.4 | M4: Filter Sheets (Target 20 days) | S4: STAG | T4: 11.6 | U4: 12 | V4: 0 | W4: 0.11805556 | X4: 0.17361111 | Y4: 0.21180556 | Z4: 0 | AA4: 60
M5: Double | N5: Single | S5: GUINNESS | T5: 17 | U5: 17.5 | V5: 0 | W5: 0.10763889 | X5: 0.19444444 | Y5: 0.23263889 | Z5: 0 | AA5: 60
J6: MALT LOT: Lot 8 | L6: Sheet Day | S6: MACKESON | T6: 13.3 | U6: 13.5 | V6: 0 | W6: 0.12905093 | X6: 0.22222222 | Y6: 0.25347222 | Z6: 0
S7: STARMALT | T7: 17.1 | U7: 17.5 | V7: 0 | W7: 0.13605324 | X7: 0.20833333 | Y7: 0.24305556 | Z7: 0 | AA7: 60
B8: Brand | C8: Brew no. | D8: Kett. Hls | E8: Wort | F8: Cool Time(Mins) | G8: Cast. P.G. (Lab Result) | H8: Cast P.G. (Cellar Operator)-gravity | I8: Extr. Rec (79.1%) | J8: Theor. Extr. (77.5%) | K8: Boil Off /Vol. (4-6%) | L8: Boil Time | M8: Total Hot | N8: Brewing | P8: Comments | Q8: Actual Pilsen Malt | S8: Hurricane Reef | T8: 16.6 | U8: 17 | V8: 0 | W8: 0.12905093 | X8: 0.22222222 | Y8: 0.25347222 | Z8: 0
E9: Meter (Hls) | F9: Target(< 60Mins) | M9: Time | S9: VITAMALT | T9: 14.4 | U9: 14.6 | V9: 0 | W9: 0.13905093 | X9: 0.19097222 | Y9: 0.22569444 | Z9: 0 | AA9: 75
S10: =B10 -> 0 | T10: =VLOOKUP($B10,$S$3:$Y$9,2,FALSE) -> #N/A | U10: =VLOOKUP($B10,$S$3:$Y$9,3,FALSE) -> #N/A | V10: =VLOOKUP($B10,$S$3:$Y$9,4,FALSE) -> #N/A | W10: =VLOOKUP($B10,$S$3:$Y$9,5,FALSE) -> #N/A | X10: =VLOOKUP($B10,$S$3:$Y$9,6,FALSE) -> #N/A | Y10: =VLOOKUP($B10,$S$3:$Y$9,7,FALSE) -> #N/A | Z10: =VLOOKUP($B10,$S$3:$AA$9,8,FALSE) -> #N/A | AA10: =VLOOKUP($B10,$S$3:$AA$9,9,FALSE) -> #N/A
S11: =B11 -> 0 | T11: =VLOOKUP($B11,$S$3:$Y$9,2,FALSE) -> #N/A | U11: =VLOOKUP($B11,$S$3:$Y$9,3,FALSE) -> #N/A | V11: =VLOOKUP($B11,$S$3:$Y$9,4,FALSE) -> #N/A | W11: =VLOOKUP($B11,$S$3:$Y$9,5,FALSE) -> #N/A | X11: =VLOOKUP($B11,$S$3:$Y$9,6,FALSE) -> #N/A | Y11: =VLOOKUP($B11,$S$3:$Y$9,7,FALSE) -> #N/A | Z11: =VLOOKUP($B11,$S$3:$AA$9,8,FALSE) -> #N/A | AA11: =VLOOKUP($B11,$S$3:$AA$9,9,FALSE) -> #N/A
S12: =B12 -> 0 | T12: =VLOOKUP($B12,$S$3:$Y$9,2,FALSE) -> #N/A | U12: =VLOOKUP($B12,$S$3:$Y$9,3,FALSE) -> #N/A | V12: =VLOOKUP($B12,$S$3:$Y$9,4,FALSE) -> #N/A | W12: =VLOOKUP($B12,$S$3:$Y$9,5,FALSE) -> #N/A | X12: =VLOOKUP($B12,$S$3:$Y$9,6,FALSE) -> #N/A | Y12: =VLOOKUP($B12,$S$3:$Y$9,7,FALSE) -> #N/A | Z12: =VLOOKUP($B12,$S$3:$AA$9,8,FALSE) -> #N/A | AA12: =VLOOKUP($B12,$S$3:$AA$9,9,FALSE) -> #N/A
S13: =B13 -> 0 | T13: =VLOOKUP($B13,$S$3:$Y$9,2,FALSE) -> #N/A | U13: =VLOOKUP($B13,$S$3:$Y$9,3,FALSE) -> #N/A | V13: =VLOOKUP($B13,$S$3:$Y$9,4,FALSE) -> #N/A | W13: =VLOOKUP($B13,$S$3:$Y$9,5,FALSE) -> #N/A | X13: =VLOOKUP($B13,$S$3:$Y$9,6,FALSE) -> #N/A | Y13: =VLOOKUP($B13,$S$3:$Y$9,7,FALSE) -> #N/A | Z13: =VLOOKUP($B13,$S$3:$AA$9,8,FALSE) -> #N/A | AA13: =VLOOKUP($B13,$S$3:$AA$9,9,FALSE) -> #N/A
S14: =B14 -> 0 | T14: =VLOOKUP($B14,$S$3:$Y$9,2,FALSE) -> #N/A | U14: =VLOOKUP($B14,$S$3:$Y$9,3,FALSE) -> #N/A | V14: =VLOOKUP($B14,$S$3:$Y$9,4,FALSE) -> #N/A | W14: =VLOOKUP($B14,$S$3:$Y$9,5,FALSE) -> #N/A | X14: =VLOOKUP($B14,$S$3:$Y$9,6,FALSE) -> #N/A | Y14: =VLOOKUP($B14,$S$3:$Y$9,7,FALSE) -> #N/A | Z14: =VLOOKUP($B14,$S$3:$AA$9,8,FALSE) -> #N/A | AA14: =VLOOKUP($B14,$S$3:$AA$9,9,FALSE) -> #N/A
S15: =B15 -> 0 | T15: =VLOOKUP($B15,$S$3:$Y$9,2,FALSE) -> #N/A | U15: =VLOOKUP($B15,$S$3:$Y$9,3,FALSE) -> #N/A | V15: =VLOOKUP($B15,$S$3:$Y$9,4,FALSE) -> #N/A | W15: =VLOOKUP($B15,$S$3:$Y$9,5,FALSE) -> #N/A | X15: =VLOOKUP($B15,$S$3:$Y$9,6,FALSE) -> #N/A | Y15: =VLOOKUP($B15,$S$3:$Y$9,7,FALSE) -> #N/A | Z15: =VLOOKUP($B15,$S$3:$AA$9,8,FALSE) -> #N/A | AA15: =VLOOKUP($B15,$S$3:$AA$9,9,FALSE) -> #N/A
S16: =B16 -> 0 | T16: =VLOOKUP($B16,$S$3:$Y$9,2,FALSE) -> #N/A | U16: =VLOOKUP($B16,$S$3:$Y$9,3,FALSE) -> #N/A | V16: =VLOOKUP($B16,$S$3:$Y$9,4,FALSE) -> #N/A | W16: =VLOOKUP($B16,$S$3:$Y$9,5,FALSE) -> #N/A | X16: =VLOOKUP($B16,$S$3:$Y$9,6,FALSE) -> #N/A | Y16: =VLOOKUP($B16,$S$3:$Y$9,7,FALSE) -> #N/A | Z16: =VLOOKUP($B16,$S$3:$AA$9,8,FALSE) -> #N/A | AA16: =VLOOKUP($B16,$S$3:$AA$9,9,FALSE) -> #N/A
S17: =B17 -> 0 | T17: =VLOOKUP($B17,$S$3:$Y$9,2,FALSE) -> #N/A | U17: =VLOOKUP($B17,$S$3:$Y$9,3,FALSE) -> #N/A | V17: =VLOOKUP($B17,$S$3:$Y$9,4,FALSE) -> #N/A | W17: =VLOOKUP($B17,$S$3:$Y$9,5,FALSE) -> #N/A | X17: =VLOOKUP($B17,$S$3:$Y$9,6,FALSE) -> #N/A | Y17: =VLOOKUP($B17,$S$3:$Y$9,7,FALSE) -> #N/A | Z17: =VLOOKUP($B17,$S$3:$AA$9,8,FALSE) -> #N/A | AA17: =VLOOKUP($B17,$S$3:$AA$9,9,FALSE) -> #N/A
S18: =B18 -> 0 | T18: =VLOOKUP($B18,$S$3:$Y$9,2,FALSE) -> #N/A | U18: =VLOOKUP($B18,$S$3:$Y$9,3,FALSE) -> #N/A | V18: =VLOOKUP($B18,$S$3:$Y$9,4,FALSE) -> #N/A | W18: =VLOOKUP($B18,$S$3:$Y$9,5,FALSE) -> #N/A | X18: =VLOOKUP($B18,$S$3:$Y$9,6,FALSE) -> #N/A | Y18: =VLOOKUP($B18,$S$3:$Y$9,7,FALSE) -> #N/A | Z18: =VLOOKUP($B18,$S$3:$AA$9,8,FALSE) -> #N/A | AA18: =VLOOKUP($B18,$S$3:$AA$9,9,FALSE) -> #N/A
S19: =B19 -> 0 | T19: =VLOOKUP($B19,$S$3:$Y$9,2,FALSE) -> #N/A | U19: =VLOOKUP($B19,$S$3:$Y$9,3,FALSE) -> #N/A | V19: =VLOOKUP($B19,$S$3:$Y$9,4,FALSE) -> #N/A | W19: =VLOOKUP($B19,$S$3:$Y$9,5,FALSE) -> #N/A | X19: =VLOOKUP($B19,$S$3:$Y$9,6,FALSE) -> #N/A | Y19: =VLOOKUP($B19,$S$3:$Y$9,7,FALSE) -> #N/A | Z19: =VLOOKUP($B19,$S$3:$AA$9,8,FALSE) -> #N/A | AA19: =VLOOKUP($B19,$S$3:$AA$9,9,FALSE) -> #N/A
S20: =B20 -> 0 | T20: =VLOOKUP($B20,$S$3:$Y$9,2,FALSE) -> #N/A | U20: =VLOOKUP($B20,$S$3:$Y$9,3,FALSE) -> #N/A | V20: =VLOOKUP($B20,$S$3:$Y$9,4,FALSE) -> #N/A | W20: =VLOOKUP($B20,$S$3:$Y$9,5,FALSE) -> #N/A | X20: =VLOOKUP($B20,$S$3:$Y$9,6,FALSE) -> #N/A | Y20: =VLOOKUP($B20,$S$3:$Y$9,7,FALSE) -> #N/A | Z20: =VLOOKUP($B20,$S$3:$AA$9,8,FALSE) -> #N/A | AA20: =VLOOKUP($B20,$S$3:$AA$9,9,FALSE) -> #N/A
S21: =B21 -> 0 | T21: =VLOOKUP($B21,$S$3:$Y$9,2,FALSE) -> #N/A | U21: =VLOOKUP($B21,$S$3:$Y$9,3,FALSE) -> #N/A | V21: =VLOOKUP($B21,$S$3:$Y$9,4,FALSE) -> #N/A | W21: =VLOOKUP($B21,$S$3:$Y$9,5,FALSE) -> #N/A | X21: =VLOOKUP($B21,$S$3:$Y$9,6,FALSE) -> #N/A | Y21: =VLOOKUP($B21,$S$3:$Y$9,7,FALSE) -> #N/A | Z21: =VLOOKUP($B21,$S$3:$AA$9,8,FALSE) -> #N/A | AA21: =VLOOKUP($B21,$S$3:$AA$9,9,FALSE) -> #N/A
... S47: =B47 -> 0 | T47: =VLOOKUP($B47,$S$3:$Y$9,2,FALSE) -> #N/A | U47: =VLOOKUP($B47,$S$3:$Y$9,3,FALSE) -> #N/A | V47: =VLOOKUP($B47,$S$3:$Y$9,4,FALSE) -> #N/A | W47: =VLOOKUP($B47,$S$3:$Y$9,5,FALSE) -> #N/A | X47: =VLOOKUP($B47,$S$3:$Y$9,6,FALSE) -> #N/A | Y47: =VLOOKUP($B47,$S$3:$Y$9,7,FALSE) -> #N/A | Z47: =VLOOKUP($B47,$S$3:$AA$9,8,FALSE) -> #N/A | AA47: =VLOOKUP($B47,$S$3:$AA$9,9,FALSE) -> #N/A
I48: EXTRACT RECOVERY
B49: BRAND | D49: BBT P.G./ O.G | I49: Brand | J49: Actual | K49: MTD No. of Brews | L49: MTD | M49: YTD | N49: Target
B50: STAG | C50: 11.8 | D50: 11.73 | I50: CARIB | K50: =COUNTA([14]Brewhouse!$A$1596:$A$1619) -> 24 | L50: =AVERAGE([14]Brewhouse!$AU$1529,[14]Brewhouse!$AU$1531:$AU$1594,[14]Brewhouse!$AU$1596:$AU$1619) -> 98.205761 | M50: =AVERAGE([14]Brewhouse!$AU$849:$AU$924,[14]Brewhouse!$AU$926:$AU$971,[14]Brewhouse!$AU$973:$AU$1066,[14]Brewhouse!$AU$1068:$AU$1111,[14]Brewhouse!$AU$1113:$AU$1132,[14]Brewhouse!$AU$1134:$AU$1167,[14]Brewhouse!$AU$1169:$AU$1230,[14]Brewhouse!$AU$1232:$AU$1299,[14]Brewhouse!$AU$1301:$AU$1363,[14]Brewhouse!$AU$1365:$AU$1444,[14]Brewhouse!$AU$1446:$AU$1527,[14]Brewhouse!$AU$1529,[14]Brewhouse!$AU$1531:$AU$1594,[14]Brewhouse!$AU$1596:$AU$1619) -> 98.381806 | N50: 98
C51: 11.9 | I51: STAG | K51: =COUNTA([15]Brewhouse!$A$976:$A$1007) -> 32 | L51: =AVERAGE([15]Brewhouse!$AS$976:$AS$979,[15]Brewhouse!$AS$981:$AS$1007) -> 98.538567 | M51: =AVERAGE([15]Brewhouse!$AS$577:$AS$618,[15]Brewhouse!$AS$620:$AS$651,[15]Brewhouse!$AS$653:$AS$696,[15]Brewhouse!$AS$698:$AS$708,[15]Brewhouse!$AS$710:$AS$733,[15]Brewhouse!$AS$735:$AS$777,[15]Brewhouse!$AS$779:$AS$822,[15]Brewhouse!$AS$824:$AS$863,[15]Brewhouse!$AS$865:$AS$974,[15]Brewhouse!$AS$976:$AS$979,[15]Brewhouse!$AS$981:$AS$1007) -> 98.489671 | N51: 98
I52: GUINNESS | K52: =COUNTA([16]Brewhouse!$A$282:$A$289) -> 8 | L52: =AVERAGE([16]Brewhouse!$AU$269:$AU$279,[16]Brewhouse!$AU$282:$AU$289) -> 96.186177 | M52: =AVERAGE([16]Brewhouse!$AU$161:$AU$176,[16]Brewhouse!$AU$178:$AU$195,[16]Brewhouse!$AU$197:$AU$208,[16]Brewhouse!$AU$210:$AU$221,[16]Brewhouse!$AU$223:$AU$232,[16]Brewhouse!$AU$234:$AU$279,[16]Brewhouse!$AU$282:$AU$289) -> 96.64916 | N52: 98
I53: VITAMALT | K53: =COUNTA([17]Brewhouse!$A$158:$A$163) -> 6 | L53: =AVERAGE([17]Brewhouse!$AU$158:$AU$163) -> 94.60305 | M53: =AVERAGE([17]Brewhouse!$AU$91:$AU$101,[17]Brewhouse!$AU$103:$AU$112,[17]Brewhouse!$AU$114:$AU$123,[17]Brewhouse!$AU$125:$AU$134,[17]Brewhouse!$AU$136:$AU$145,[17]Brewhouse!$AU$147:$AU$156,[17]Brewhouse!$AU$158:$AU$163) -> 96.240014 | N53: 98
I54: MAXIMALT | N54: 98
I55: MACKESON | M55: =AVERAGE([18]Brewhouse!$AT$74:$AT$79) -> 93.959836 | N55: 98
I56: STARMALT | K56: =COUNTA([19]Brewhouse!$A$249:$A$254) -> 6 | L56: =AVERAGE([19]Brewhouse!$AY$249:$AY$254) -> 99.681996 | M56: =AVERAGE([19]Brewhouse!$AY$138:$AY$143,[19]Brewhouse!$AY$145:$AY$153,[19]Brewhouse!$AY$155,[19]Brewhouse!$AY$156:$AY$174,[19]Brewhouse!$AY$176:$AY$185,[19]Brewhouse!$AY$187:$AY$198,[19]Brewhouse!$AY$200:$AY$247,[19]Brewhouse!$AY$249:$AY$254) -> 98.774703 | N56: 98
I57: HR- P | M57: =AVERAGE([20]Brewhouse!$AW$13:$AW$14,[20]Brewhouse!$AW$16:$AW$17) -> 92.042628 | N57: 98
I58: Hurricane Reef | M58: =AVERAGE([20]Brewhouse!$AW$13:$AW$14) -> 88.376943 | N58: 98
K59: =SUM(K50:K58) -> 76 | L59: =((L50*K50)+(L51*K51)+(L52*K52)+(L53*K53)+(L54*K54)+(K57*L57)+(L55*K55)+(L56*K56)+(L58*K58))/(K59) -> 97.965422 | M59: =AVERAGE('[21]Closing- January 2023'!$L$42,'[22]Feb. 28th'!$L$42,'[23]March 31st'!$L$75,'[24]Apri 28th'!$L$51,L59) -> 98.06926 | N59: 98
J62: Daily Brewing Plan
J63: Brand | K63: Brews Achieved | L63: Average Brews per day
J64: CARIB | L64: MTD | M64: YTD | N64: TARGET
J65: STAG | K65: 5 | L65: =AVERAGE(#REF!,#REF!,K74,#REF!,#REF!,#REF!,#REF!,#REF!,#REF!,#REF!,#REF!) -> #REF! | M65: =AVERAGE(6,6,'[23]March 31st'!$L$80,'[25]June 30th '!$L$71,6,L65,'[26]July 31st'!$L$108,'[27]Aug 30th'!$L$124,7,[28]Oct.31st!$L$51) -> #REF! | N65: 9
J66: GUINN
J67: VITAMALT
J68: STARMALT
J69: MACKESON
J70: HURRICANE REEF- IPA
J71: HURRICANE REEF- APA
B72: AVERAGE | D72: =AVERAGE(D50:E71) -> 11.73 | J72: HR- PILSNER
J73: CARIBE
J74: Total | K74: =SUM(K64:K73) -> 5
B75: Process: | C75: Fermentation/Filtration
B77: Brand | C77: Filt. Date | D77: FV Hls | E77: GFE/ Prim/ Vita Blend (Hls) | F77: SV Hls | G77: BBT Hls | H77: Loss (%) Ferm | I77: Loss (%) Filt | J77: Comments | K77: Throughput | L77: Process Loss (%) | M77: Filt. Operator
U78: 43466 | V78: 43467 | W78: 43468 | X78: 43469 | Y78: 43470 | Z78: 43471 | AA78: 43472 | AB78: 43473 | AC78: 43474 | AD78: 43475 | AE78: 43476 | AF78: 43477 | AG78: 43478 | AH78: 43479 | AI78: 43480 | AJ78: 43481 | AK78: 43482 | AL78: 43483 | AM78: 43484 | AN78: 43485 | AO78: 43486 | AP78: 43487 | AQ78: 43488 | AR78: 43489 | AS78: 43490 | AT78: 43491 | AU78: 43492 | AV78: 43493 | AW78: 43494 | AX78: 43495 | AY78: 43496
B79: STAG | C79: 45278 | D79: =[29]December_2023!$U$13 -> 150.4 | G79: =[29]December_2023!$U$17 -> 120.8 | J79: NO BREAK | K79: =[30]December_2023!$U$25 -> 0.42385965 | L79: =(((D79+E79)-G79)/(D79+E79))*100 -> 19.680851 | M79: K.Hosten | T79: hls
T80: Throughput | U80: =[13]January_2019!D8 -> #DIV/0! | V80: =[13]January_2019!E8 -> 1.0319298 | W80: =[13]January_2019!F8 -> 1.7789474 | X80: =[13]January_2019!G8 -> 0.51929825 | Y80: =[13]January_2019!H8 -> #DIV/0! | Z80: =[13]January_2019!I8 -> #DIV/0! | AA80: =[13]January_2019!J8 -> 1.3652632 | AB80: =[13]January_2019!K8 -> #DIV/0! | ... AY80: =[13]January_2019!AH8 -> #DIV/0!
B87: Process Loss (Volume) | G87: Process Loss (Extract) | K87: Throughput
B88: Brand | C88: Actual | D88: MTD | E88: YTD | F88: Target | G88: Actual | H88: MTD | I88: YTD | J88: Target | K88: Actual | L88: MTD | M88: YTD | N88: Target
B89: CARIB | D89: 5.181332 | E89: 6.6038503 | F89: 4.8 | H89: 5.2502762 | I89: 6.9665258 | J89: 4.8 | L89: 0.70807018 | M89: 0.77999467 | N89: 1
B90: STAG | C90: =AVERAGE(L79,L81) -> 19.680851 | D90: 6.5498915 | E90: 6.1662321 | F90: 4.8 | G90: =[29]December_2023!$U$21 -> 19.680851 | H90: 6.3458282 | I90: 5.9138834 | J90: 4.8 | K90: =AVERAGE(K79,K81) -> 0.42385965 | L90: 0.66137427 | M90: 0.71942944 | N90: 1
B91: GUINN | D91: 8.4423676 | E91: 8.9890455 | F91: 5.5 | H91: 5.9624998 | I91: 8.6652309 | J91: 5.5 | L91: 0.51561404 | M91: 0.65035608 | N91: 1
B92: VITAMALT | D92: 3.597848 | E92: 2.9936807 | F92: 3.3 | H92: 6.098202 | I92: 3.3134543 | J92: 3.3 | L92: 0.50298246 | M92: 1.0625518 | N92: 1
B93: MAXIMALT | F93: 3.3 | J93: 3 | N93: 1
B94: MACKESON | E94: 6.4174306 | F94: =[31]May_2022!$M$43 -> 3.4878407 | I94: 7.0730655 | J94: 5.5 | M94: 1.0342105 | N94: 1
B95: STARMALT | D95: 2.7692803 | E95: 3.0589058 | F95: 3.3 | H95: 4.2179953 | I95: 4.9470953 | J95: 3.3 | L95: 1.0594737 | M95: 1.0223839 | N95: 1
B96: HURRICANE REEF | E96: 11.178248 | F96: 7.5 | I96: 14.59851 | J96: 7.5 | M96: 0.30947368 | N96: 1
D97: 5.3927001 | E97: 6.2517133 | F97: 4.5 | H97: 5.4965257 | I97: 6.527958 | J97: 4.5 | L97: 0.69682018 | M97: 0.78265038 | N97: 1
AD110: :

Sheet May 2nd-23rd
S1: P.G. | U1: Hot Time | W1: Process Time | Y1: Cooling Time
B2: Brewing Department Daily Process Loss Report | S2: Lower | T2: Upper | U2: Lower | V2: Upper | W2: Lower | X2: Upper | Y2: Lower | Z2: Upper
R3: CARIB | S3: 11.6 | T3: 12 | U3: 0 | V3: 0.11805556 | W3: 0.22569444 | X3: 0.26388889 | Y3: 0 | Z3: 60 | AB3: HR- PISNER
B4: Date: | C4: 46147 | J4: LOT WORT COLOUR: | M4: Filter Sheets (Target 20 days) | R4: STAG | S4: 11.6 | T4: 12 | U4: 0 | V4: 0.11805556 | W4: 0.22569444 | X4: 0.26388889 | Y4: 0 | Z4: 60
M5: Double | N5: Single | R5: GUINNESS | S5: 17 | T5: 17.5 | U5: 0 | V5: 0.10763889 | W5: 0.24652778 | X5: 0.28472222 | Y5: 0 | Z5: 60
J6: MALT LOT: Lot #13 | L6: Sheet Day | R6: MACKESON | S6: 13.3 | T6: 13.5 | U6: 0 | V6: 0.12905093 | W6: 0.27430556 | X6: 0.30208333 | Y6: 0
R7: STARMALT | S7: 17 | T7: 17.4 | U7: 0 | V7: 0.13605324 | W7: 0.27430556 | X7: 0.30902778 | Y7: 0 | Z7: 85
B8: Brand | C8: Brew no. | D8: Kett. Hls | E8: Wort | F8: Cool Time(Mins) | G8: Cast. P.G. (Lab Result) | H8: Cast P.G. (Cellar Operator)-gravity | I8: Extr. Rec (77.9%) | J8: Theor. Extr. (77.5%) | K8: Boil Off /Vol. (4-6%) | L8: Boil Time | M8: Total Hot | N8: Brewing Time | O8: Operator | R8: Hurricane Reef | S8: 16.6 | T8: 17 | U8: 0 | V8: 0.12905093 | W8: 0.27430556 | X8: 0.30208333 | Y8: 0
E9: Meter (Hls) | F9: Target(< 60Mins) | M9: Time | R9: VITAMALT | S9: 14.2 | T9: 14.6 | U9: 0 | V9: 0.13905093 | W9: 0.26041667 | X9: 0.29513889 | Y9: 0 | Z9: 75
B10: CARIB | C10: =[4]Brewhouse!$A372 -> CA327 | D10: =[4]Brewhouse!$AF372 -> 52.1 | E10: =[4]Brewhouse!$AI372 -> 49.9 | F10: =[4]Brewhouse!$V372 -> 57 | G10: =[4]Brewhouse!AG372 -> 11.8 | I10: =[4]Brewhouse!$AU372 -> 96.564624 | J10: =[4]Brewhouse!$AV372 -> 98.133389 | K10: =[4]Brewhouse!$Q372 -> 5.5925926 | L10: =[4]Brewhouse!$P372 -> 46 | M10: =[4]Brewhouse!$U372-[4]Brewhouse!$T372 -> 0.12013889 | N10: =[4]Brewhouse!$Z372 -> 0.27569444 | O10: =[4]Brewhouse!$AX372 -> K. Benjamin | R10: =B10 -> CARIB | S10: =VLOOKUP($B10,$R$3:$X$9,2,FALSE) -> 11.6 | T10: =VLOOKUP($B10,$R$3:$X$9,3,FALSE) -> 12 | U10: =VLOOKUP($B10,$R$3:$X$9,4,FALSE) -> 0 | V10: =VLOOKUP($B10,$R$3:$X$9,5,FALSE) -> 0.11805556 | W10: =VLOOKUP($B10,$R$3:$X$9,6,FALSE) -> 0.22569444 | X10: =VLOOKUP($B10,$R$3:$X$9,7,FALSE) -> 0.26388889 | Y10: =VLOOKUP($B10,$R$3:$Z$9,8,FALSE) -> 0 | Z10: =VLOOKUP($B10,$R$3:$Z$9,9,FALSE) -> 60
B11: CARIB | C11: =[4]Brewhouse!$A373 -> CA328 | D11: =[4]Brewhouse!$AF373 -> 53 | E11: =[4]Brewhouse!$AI373 -> 51 | F11: =[4]Brewhouse!$V373 -> 56 | G11: =[4]Brewhouse!AG373 -> 11.9 | I11: =[4]Brewhouse!$AU373 -> 99.45013 | J11: =[4]Brewhouse!$AV373 -> 101.06588 | K11: =[4]Brewhouse!$Q373 -> 3.1851852 | L11: =[4]Brewhouse!$P373 -> 58 | M11: =[4]Brewhouse!$U373-[4]Brewhouse!$T373 -> 0.12013889 | N11: =[4]Brewhouse!$Z373 -> 0.27916667 | O11: =[4]Brewhouse!$AX373 -> K. Benjamin | R11: =B11 -> CARIB | S11: =VLOOKUP($B11,$R$3:$X$9,2,FALSE) -> 11.6 | T11: =VLOOKUP($B11,$R$3:$X$9,3,FALSE) -> 12 | U11: =VLOOKUP($B11,$R$3:$X$9,4,FALSE) -> 0 | V11: =VLOOKUP($B11,$R$3:$X$9,5,FALSE) -> 0.11805556 | W11: =VLOOKUP($B11,$R$3:$X$9,6,FALSE) -> 0.22569444 | X11: =VLOOKUP($B11,$R$3:$X$9,7,FALSE) -> 0.26388889 | Y11: =VLOOKUP($B11,$R$3:$Z$9,8,FALSE) -> 0 | Z11: =VLOOKUP($B11,$R$3:$Z$9,9,FALSE) -> 60
B12: CARIB | C12: =[4]Brewhouse!$A374 -> CA329 | D12: =[4]Brewhouse!$AF374 -> 53.3 | E12: =[4]Brewhouse!$AI374 -> 51.7 | F12: =[4]Brewhouse!$V374 -> 63 | G12: =[4]Brewhouse!AG374 -> 11.8 | I12: =[4]Brewhouse!$AU374 -> 99.924396 | J12: =[4]Brewhouse!$AV374 -> 101.54785 | K12: =[4]Brewhouse!$Q374 -> 2.6296296 | L12: =[4]Brewhouse!$P374 -> 63 | M12: =[4]Brewhouse!$U374-[4]Brewhouse!$T374 -> 0.125 | N12: =[4]Brewhouse!$Z374 -> 0.27222222 | O12: =[4]Brewhouse!$AX374 -> K. Benjamin | R12: =B12 -> CARIB | S12: =VLOOKUP($B12,$R$3:$X$9,2,FALSE) -> 11.6 | T12: =VLOOKUP($B12,$R$3:$X$9,3,FALSE) -> 12 | U12: =VLOOKUP($B12,$R$3:$X$9,4,FALSE) -> 0 | V12: =VLOOKUP($B12,$R$3:$X$9,5,FALSE) -> 0.11805556 | W12: =VLOOKUP($B12,$R$3:$X$9,6,FALSE) -> 0.22569444 | X12: =VLOOKUP($B12,$R$3:$X$9,7,FALSE) -> 0.26388889 | Y12: =VLOOKUP($B12,$R$3:$Z$9,8,FALSE) -> 0 | Z12: =VLOOKUP($B12,$R$3:$Z$9,9,FALSE) -> 60
B13: CARIB | C13: =[4]Brewhouse!$A375 -> CA330 | D13: =[4]Brewhouse!$AF375 -> 52.2 | E13: =[4]Brewhouse!$AI375 -> 50.5 | F13: =[4]Brewhouse!$V375 -> 63 | G13: =[4]Brewhouse!AG375 -> 11.7 | I13: =[4]Brewhouse!$AU375 -> 96.735006 | J13: =[4]Brewhouse!$AV375 -> 98.306642 | K13: =[4]Brewhouse!$Q375 -> 4.8428835 | L13: =[4]Brewhouse!$P375 -> 58 | M13: =[4]Brewhouse!$U375-[4]Brewhouse!$T375 -> 0.10694444 | N13: =[4]Brewhouse!$Z375 -> 0.26944444 | O13: =[4]Brewhouse!$AX375 -> K. Benjamin | R13: =B13 -> CARIB | S13: =VLOOKUP($B13,$R$3:$X$9,2,FALSE) -> 11.6 | T13: =VLOOKUP($B13,$R$3:$X$9,3,FALSE) -> 12 | U13: =VLOOKUP($B13,$R$3:$X$9,4,FALSE) -> 0 | V13: =VLOOKUP($B13,$R$3:$X$9,5,FALSE) -> 0.11805556 | W13: =VLOOKUP($B13,$R$3:$X$9,6,FALSE) -> 0.22569444 | X13: =VLOOKUP($B13,$R$3:$X$9,7,FALSE) -> 0.26388889 | Y13: =VLOOKUP($B13,$R$3:$Z$9,8,FALSE) -> 0 | Z13: =VLOOKUP($B13,$R$3:$Z$9,9,FALSE) -> 60
B14: CARIB | C14: =[4]Brewhouse!$A376 -> CA331 | D14: =[4]Brewhouse!$AF376 -> 52.5 | E14: =[4]Brewhouse!$AI376 -> 50.8 | F14: =[4]Brewhouse!$V376 -> 64 | G14: =[4]Brewhouse!AG376 -> 11.8 | I14: =[4]Brewhouse!$AU376 -> 100.92622 | J14: =[4]Brewhouse!$AV376 -> 102.56353 | K14: =[4]Brewhouse!$Q376 -> 4.2883549 | L14: =[4]Brewhouse!$P376 -> 57 | M14: =[4]Brewhouse!$U376-[4]Brewhouse!$T376 -> 0.1125 | N14: =[4]Brewhouse!$Z376 -> 0.27291667 | O14: =[4]Brewhouse!$AX376 -> K. Benjamin | R14: =B14 -> CARIB | S14: =VLOOKUP($B14,$R$3:$X$9,2,FALSE) -> 11.6 | T14: =VLOOKUP($B14,$R$3:$X$9,3,FALSE) -> 12 | U14: =VLOOKUP($B14,$R$3:$X$9,4,FALSE) -> 0 | V14: =VLOOKUP($B14,$R$3:$X$9,5,FALSE) -> 0.11805556 | W14: =VLOOKUP($B14,$R$3:$X$9,6,FALSE) -> 0.22569444 | X14: =VLOOKUP($B14,$R$3:$X$9,7,FALSE) -> 0.26388889 | Y14: =VLOOKUP($B14,$R$3:$Z$9,8,FALSE) -> 0 | Z14: =VLOOKUP($B14,$R$3:$Z$9,9,FALSE) -> 60
B15: CARIB | C15: =[4]Brewhouse!$A377 -> CA332 | D15: =[4]Brewhouse!$AF377 -> 52.6 | E15: =[4]Brewhouse!$AI377 -> 51 | F15: =[4]Brewhouse!$V377 -> 64 | G15: =[4]Brewhouse!AG377 -> 11.8 | I15: =[4]Brewhouse!$AU377 -> 101.71081 | J15: =[4]Brewhouse!$AV377 -> 103.36051 | K15: =[4]Brewhouse!$Q377 -> 4.103512 | L15: =[4]Brewhouse!$P377 -> 58 | M15: =[4]Brewhouse!$U377-[4]Brewhouse!$T377 -> 0.11180556 | N15: =[4]Brewhouse!$Z377 -> 0.27638889 | O15: =[4]Brewhouse!$AX377 -> R. Sookram | R15: =B15 -> CARIB | S15: =VLOOKUP($B15,$R$3:$X$9,2,FALSE) -> 11.6 | T15: =VLOOKUP($B15,$R$3:$X$9,3,FALSE) -> 12 | U15: =VLOOKUP($B15,$R$3:$X$9,4,FALSE) -> 0 | V15: =VLOOKUP($B15,$R$3:$X$9,5,FALSE) -> 0.11805556 | W15: =VLOOKUP($B15,$R$3:$X$9,6,FALSE) -> 0.22569444 | X15: =VLOOKUP($B15,$R$3:$X$9,7,FALSE) -> 0.26388889 | Y15: =VLOOKUP($B15,$R$3:$Z$9,8,FALSE) -> 0 | Z15: =VLOOKUP($B15,$R$3:$Z$9,9,FALSE) -> 60
B16: CARIB | C16: =[4]Brewhouse!$A378 -> CA333 | D16: =[4]Brewhouse!$AF378 -> 51.8 | E16: =[4]Brewhouse!$AI378 -> 50.1 | F16: =[4]Brewhouse!$V378 -> 63 | G16: =[4]Brewhouse!AG378 -> 11.8 | I16: =[4]Brewhouse!$AU378 -> 99.915911 | J16: =[4]Brewhouse!$AV378 -> 101.5365 | K16: =[4]Brewhouse!$Q378 -> 5.5822551 | L16: =[4]Brewhouse!$P378 -> 57 | M16: =[4]Brewhouse!$U378-[4]Brewhouse!$T378 -> 0.13819444 | N16: =[4]Brewhouse!$Z378 -> 0.30833333 | O16: =[4]Brewhouse!$AX378 -> R. Sookram | R16: =B16 -> CARIB | S16: =VLOOKUP($B16,$R$3:$X$9,2,FALSE) -> 11.6 | T16: =VLOOKUP($B16,$R$3:$X$9,3,FALSE) -> 12 | U16: =VLOOKUP($B16,$R$3:$X$9,4,FALSE) -> 0 | V16: =VLOOKUP($B16,$R$3:$X$9,5,FALSE) -> 0.11805556 | W16: =VLOOKUP($B16,$R$3:$X$9,6,FALSE) -> 0.22569444 | X16: =VLOOKUP($B16,$R$3:$X$9,7,FALSE) -> 0.26388889 | Y16: =VLOOKUP($B16,$R$3:$Z$9,8,FALSE) -> 0 | Z16: =VLOOKUP($B16,$R$3:$Z$9,9,FALSE) -> 60
B17: 46145
B18: CARIB | C18: =[4]Brewhouse!$A379 -> CA334 | D18: =[4]Brewhouse!$AF379 -> 52.9 | E18: =[4]Brewhouse!$AI379 -> 51.1 | F18: =[4]Brewhouse!$V379 -> 71 | G18: =[4]Brewhouse!AG379 -> 11.6 | I18: =[4]Brewhouse!$AU379 -> 100.09336 | J18: =[4]Brewhouse!$AV379 -> 101.71683 | K18: =[4]Brewhouse!$Q379 -> 3.5489834 | L18: =[4]Brewhouse!$P379 -> 58 | M18: =[4]Brewhouse!$U379-[4]Brewhouse!$T379 -> 0.11458333 | N18: =[4]Brewhouse!$Z379 -> 0.26944444 | O18: =[4]Brewhouse!$AX379 -> R. Sookram | R18: =B18 -> CARIB | S18: =VLOOKUP($B18,$R$3:$X$9,2,FALSE) -> 11.6 | T18: =VLOOKUP($B18,$R$3:$X$9,3,FALSE) -> 12 | U18: =VLOOKUP($B18,$R$3:$X$9,4,FALSE) -> 0 | V18: =VLOOKUP($B18,$R$3:$X$9,5,FALSE) -> 0.11805556 | W18: =VLOOKUP($B18,$R$3:$X$9,6,FALSE) -> 0.22569444 | X18: =VLOOKUP($B18,$R$3:$X$9,7,FALSE) -> 0.26388889 | Y18: =VLOOKUP($B18,$R$3:$Z$9,8,FALSE) -> 0 | Z18: =VLOOKUP($B18,$R$3:$Z$9,9,FALSE) -> 60
R19: =B19 -> 0 | S19: =VLOOKUP($B19,$R$3:$X$9,2,FALSE) -> #N/A | T19: =VLOOKUP($B19,$R$3:$X$9,3,FALSE) -> #N/A | U19: =VLOOKUP($B19,$R$3:$X$9,4,FALSE) -> #N/A | V19: =VLOOKUP($B19,$R$3:$X$9,5,FALSE) -> #N/A | W19: =VLOOKUP($B19,$R$3:$X$9,6,FALSE) -> #N/A | X19: =VLOOKUP($B19,$R$3:$X$9,7,FALSE) -> #N/A | Y19: =VLOOKUP($B19,$R$3:$Z$9,8,FALSE) -> #N/A | Z19: =VLOOKUP($B19,$R$3:$Z$9,9,FALSE) -> #N/A
R20: =B20 -> 0 | S20: =VLOOKUP($B20,$R$3:$X$9,2,FALSE) -> #N/A | T20: =VLOOKUP($B20,$R$3:$X$9,3,FALSE) -> #N/A | U20: =VLOOKUP($B20,$R$3:$X$9,4,FALSE) -> #N/A | V20: =VLOOKUP($B20,$R$3:$X$9,5,FALSE) -> #N/A | W20: =VLOOKUP($B20,$R$3:$X$9,6,FALSE) -> #N/A | X20: =VLOOKUP($B20,$R$3:$X$9,7,FALSE) -> #N/A | Y20: =VLOOKUP($B20,$R$3:$Z$9,8,FALSE) -> #N/A | Z20: =VLOOKUP($B20,$R$3:$Z$9,9,FALSE) -> #N/A
R21: =B21 -> 0 | S21: =VLOOKUP($B21,$R$3:$X$9,2,FALSE) -> #N/A | T21: =VLOOKUP($B21,$R$3:$X$9,3,FALSE) -> #N/A | U21: =VLOOKUP($B21,$R$3:$X$9,4,FALSE) -> #N/A | V21: =VLOOKUP($B21,$R$3:$X$9,5,FALSE) -> #N/A | W21: =VLOOKUP($B21,$R$3:$X$9,6,FALSE) -> #N/A | X21: =VLOOKUP($B21,$R$3:$X$9,7,FALSE) -> #N/A | Y21: =VLOOKUP($B21,$R$3:$Z$9,8,FALSE) -> #N/A | Z21: =VLOOKUP($B21,$R$3:$Z$9,9,FALSE) -> #N/A
R22: =B22 -> 0 | S22: =VLOOKUP($B22,$R$3:$X$9,2,FALSE) -> #N/A | T22: =VLOOKUP($B22,$R$3:$X$9,3,FALSE) -> #N/A | U22: =VLOOKUP($B22,$R$3:$X$9,4,FALSE) -> #N/A | V22: =VLOOKUP($B22,$R$3:$X$9,5,FALSE) -> #N/A | W22: =VLOOKUP($B22,$R$3:$X$9,6,FALSE) -> #N/A | X22: =VLOOKUP($B22,$R$3:$X$9,7,FALSE) -> #N/A | Y22: =VLOOKUP($B22,$R$3:$Z$9,8,FALSE) -> #N/A | Z22: =VLOOKUP($B22,$R$3:$Z$9,9,FALSE) -> #N/A
R23: =B23 -> 0 | S23: =VLOOKUP($B23,$R$3:$X$9,2,FALSE) -> #N/A | T23: =VLOOKUP($B23,$R$3:$X$9,3,FALSE) -> #N/A | U23: =VLOOKUP($B23,$R$3:$X$9,4,FALSE) -> #N/A | V23: =VLOOKUP($B23,$R$3:$X$9,5,FALSE) -> #N/A | W23: =VLOOKUP($B23,$R$3:$X$9,6,FALSE) -> #N/A | X23: =VLOOKUP($B23,$R$3:$X$9,7,FALSE) -> #N/A | Y23: =VLOOKUP($B23,$R$3:$Z$9,8,FALSE) -> #N/A | Z23: =VLOOKUP($B23,$R$3:$Z$9,9,FALSE) -> #N/A
R24: =B24 -> 0 | S24: =VLOOKUP($B24,$R$3:$X$9,2,FALSE) -> #N/A | T24: =VLOOKUP($B24,$R$3:$X$9,3,FALSE) -> #N/A | U24: =VLOOKUP($B24,$R$3:$X$9,4,FALSE) -> #N/A | V24: =VLOOKUP($B24,$R$3:$X$9,5,FALSE) -> #N/A | W24: =VLOOKUP($B24,$R$3:$X$9,6,FALSE) -> #N/A | X24: =VLOOKUP($B24,$R$3:$X$9,7,FALSE) -> #N/A | Y24: =VLOOKUP($B24,$R$3:$Z$9,8,FALSE) -> #N/A | Z24: =VLOOKUP($B24,$R$3:$Z$9,9,FALSE) -> #N/A
R25: =B25 -> 0 | S25: =VLOOKUP($B25,$R$3:$X$9,2,FALSE) -> #N/A | T25: =VLOOKUP($B25,$R$3:$X$9,3,FALSE) -> #N/A | U25: =VLOOKUP($B25,$R$3:$X$9,4,FALSE) -> #N/A | V25: =VLOOKUP($B25,$R$3:$X$9,5,FALSE) -> #N/A | W25: =VLOOKUP($B25,$R$3:$X$9,6,FALSE) -> #N/A | X25: =VLOOKUP($B25,$R$3:$X$9,7,FALSE) -> #N/A | Y25: =VLOOKUP($B25,$R$3:$Z$9,8,FALSE) -> #N/A | Z25: =VLOOKUP($B25,$R$3:$Z$9,9,FALSE) -> #N/A
R26: =B26 -> 0 | S26: =VLOOKUP($B26,$R$3:$X$9,2,FALSE) -> #N/A | T26: =VLOOKUP($B26,$R$3:$X$9,3,FALSE) -> #N/A | U26: =VLOOKUP($B26,$R$3:$X$9,4,FALSE) -> #N/A | V26: =VLOOKUP($B26,$R$3:$X$9,5,FALSE) -> #N/A | W26: =VLOOKUP($B26,$R$3:$X$9,6,FALSE) -> #N/A | X26: =VLOOKUP($B26,$R$3:$X$9,7,FALSE) -> #N/A | Y26: =VLOOKUP($B26,$R$3:$Z$9,8,FALSE) -> #N/A | Z26: =VLOOKUP($B26,$R$3:$Z$9,9,FALSE) -> #N/A
R27: =B27 -> 0 | S27: =VLOOKUP($B27,$R$3:$X$9,2,FALSE) -> #N/A | T27: =VLOOKUP($B27,$R$3:$X$9,3,FALSE) -> #N/A | U27: =VLOOKUP($B27,$R$3:$X$9,4,FALSE) -> #N/A | V27: =VLOOKUP($B27,$R$3:$X$9,5,FALSE) -> #N/A | W27: =VLOOKUP($B27,$R$3:$X$9,6,FALSE) -> #N/A | X27: =VLOOKUP($B27,$R$3:$X$9,7,FALSE) -> #N/A | Y27: =VLOOKUP($B27,$R$3:$Z$9,8,FALSE) -> #N/A | Z27: =VLOOKUP($B27,$R$3:$Z$9,9,FALSE) -> #N/A
B28: BRAND | D28: BBT P.G./ O.G | I28: Brand | K28: MTD No. of Brews | L28: MTD | M28: YTD | N28: Target | R28: =B28 -> BRAND | S28: =VLOOKUP($B28,$R$3:$X$9,2,FALSE) -> #N/A | T28: =VLOOKUP($B28,$R$3:$X$9,3,FALSE) -> #N/A | U28: =VLOOKUP($B28,$R$3:$X$9,4,FALSE) -> #N/A | V28: =VLOOKUP($B28,$R$3:$X$9,5,FALSE) -> #N/A | W28: =VLOOKUP($B28,$R$3:$X$9,6,FALSE) -> #N/A | X28: =VLOOKUP($B28,$R$3:$X$9,7,FALSE) -> #N/A | Y28: =VLOOKUP($B28,$R$3:$Z$9,8,FALSE) -> #N/A | Z28: =VLOOKUP($B28,$R$3:$Z$9,9,FALSE) -> #N/A
I29: CARIB | J29: =AVERAGE(I10:I18) -> 99.415057 | K29: =COUNTA([4]Brewhouse!$A$372:$A$379) -> 8 | L29: =AVERAGE([4]Brewhouse!$AU$372:$AU$379) -> 99.415057 | M29: =AVERAGE([4]Brewhouse!$AU$42:$AU$123,[4]Brewhouse!$AU$125:$AU$188,[4]Brewhouse!$AU$198:$AU$290,[4]Brewhouse!$AU$292:$AU$370,[4]Brewhouse!$AU$372:$AU$379) -> 98.039368 | N29: 98 | R29: =B29 -> 0 | S29: =VLOOKUP($B29,$R$3:$X$9,2,FALSE) -> #N/A | T29: =VLOOKUP($B29,$R$3:$X$9,3,FALSE) -> #N/A | U29: =VLOOKUP($B29,$R$3:$X$9,4,FALSE) -> #N/A | V29: =VLOOKUP($B29,$R$3:$X$9,5,FALSE) -> #N/A | W29: =VLOOKUP($B29,$R$3:$X$9,6,FALSE) -> #N/A | X29: =VLOOKUP($B29,$R$3:$X$9,7,FALSE) -> #N/A | Y29: =VLOOKUP($B29,$R$3:$Z$9,8,FALSE) -> #N/A | Z29: =VLOOKUP($B29,$R$3:$Z$9,9,FALSE) -> #N/A
I30: STAG | M30: =AVERAGE([3]Brewhouse!$AS$52:$AS$81,[3]Brewhouse!$AS$83:$AS$124,[3]Brewhouse!$AS$134:$AS$177,[3]Brewhouse!$AS$22:$AS$179) -> 97.946758 | N30: 98 | R30: =B30 -> 0 | S30: =VLOOKUP($B30,$R$3:$X$9,2,FALSE) -> #N/A | T30: =VLOOKUP($B30,$R$3:$X$9,3,FALSE) -> #N/A | U30: =VLOOKUP($B30,$R$3:$X$9,4,FALSE) -> #N/A | V30: =VLOOKUP($B30,$R$3:$X$9,5,FALSE) -> #N/A | W30: =VLOOKUP($B30,$R$3:$X$9,6,FALSE) -> #N/A | X30: =VLOOKUP($B30,$R$3:$X$9,7,FALSE) -> #N/A | Y30: =VLOOKUP($B30,$R$3:$Z$9,8,FALSE) -> #N/A | Z30: =VLOOKUP($B30,$R$3:$Z$9,9,FALSE) -> #N/A
I31: GUINNESS | M31: =AVERAGE([5]Brewhouse!$AU$16:$AU$23,[5]Brewhouse!$AU$25:$AU$32,[5]Brewhouse!$AU$34:$AU$41,[5]Brewhouse!$AU$43:$AU$55) -> 96.793457 | N31: 98 | R31: =B31 -> 0 | S31: =VLOOKUP($B31,$R$3:$X$9,2,FALSE) -> #N/A | T31: =VLOOKUP($B31,$R$3:$X$9,3,FALSE) -> #N/A | U31: =VLOOKUP($B31,$R$3:$X$9,4,FALSE) -> #N/A | V31: =VLOOKUP($B31,$R$3:$X$9,5,FALSE) -> #N/A | W31: =VLOOKUP($B31,$R$3:$X$9,6,FALSE) -> #N/A | X31: =VLOOKUP($B31,$R$3:$X$9,7,FALSE) -> #N/A | Y31: =VLOOKUP($B31,$R$3:$Z$9,8,FALSE) -> #N/A | Z31: =VLOOKUP($B31,$R$3:$Z$9,9,FALSE) -> #N/A
I32: VITAMALT | M32: =AVERAGE([6]Brewhouse!$AV$23:$AV$34,[6]Brewhouse!$AV$36,[6]Brewhouse!$AV$38:$AV$52,[6]Brewhouse!$AV$54:$AV$60) -> 97.437513 | N32: 98 | R32: =B32 -> 0 | S32: =VLOOKUP($B32,$R$3:$X$9,2,FALSE) -> #N/A | T32: =VLOOKUP($B32,$R$3:$X$9,3,FALSE) -> #N/A | U32: =VLOOKUP($B32,$R$3:$X$9,4,FALSE) -> #N/A | V32: =VLOOKUP($B32,$R$3:$X$9,5,FALSE) -> #N/A | W32: =VLOOKUP($B32,$R$3:$X$9,6,FALSE) -> #N/A | X32: =VLOOKUP($B32,$R$3:$X$9,7,FALSE) -> #N/A | Y32: =VLOOKUP($B32,$R$3:$Z$9,8,FALSE) -> #N/A | Z32: =VLOOKUP($B32,$R$3:$Z$9,9,FALSE) -> #N/A
I33: MAXIMALT | N33: 98 | R33: =B33 -> 0 | S33: =VLOOKUP($B33,$R$3:$X$9,2,FALSE) -> #N/A | T33: =VLOOKUP($B33,$R$3:$X$9,3,FALSE) -> #N/A | U33: =VLOOKUP($B33,$R$3:$X$9,4,FALSE) -> #N/A | V33: =VLOOKUP($B33,$R$3:$X$9,5,FALSE) -> #N/A | W33: =VLOOKUP($B33,$R$3:$X$9,6,FALSE) -> #N/A | X33: =VLOOKUP($B33,$R$3:$X$9,7,FALSE) -> #N/A | Y33: =VLOOKUP($B33,$R$3:$Z$9,8,FALSE) -> #N/A | Z33: =VLOOKUP($B33,$R$3:$Z$9,9,FALSE) -> #N/A
I34: MACKESON | M34: =AVERAGE([7]Brewhouse!$AT$4:$AT$11) -> 92.826225 | N34: 98 | R34: =B34 -> 0 | S34: =VLOOKUP($B34,$R$3:$X$9,2,FALSE) -> #N/A | T34: =VLOOKUP($B34,$R$3:$X$9,3,FALSE) -> #N/A | U34: =VLOOKUP($B34,$R$3:$X$9,4,FALSE) -> #N/A | V34: =VLOOKUP($B34,$R$3:$X$9,5,FALSE) -> #N/A | W34: =VLOOKUP($B34,$R$3:$X$9,6,FALSE) -> #N/A | X34: =VLOOKUP($B34,$R$3:$X$9,7,FALSE) -> #N/A | Y34: =VLOOKUP($B34,$R$3:$Z$9,8,FALSE) -> #N/A | Z34: =VLOOKUP($B34,$R$3:$Z$9,9,FALSE) -> #N/A
I35: STARMALT | M35: =AVERAGE([8]Brewhouse!$AY$5:$AY$14,[8]Brewhouse!$AY$16:$AY$23,[8]Brewhouse!$AY$42,[8]Brewhouse!$AY$44:$AY$51) -> 97.608428 | N35: 98 | R35: =B35 -> 0 | S35: =VLOOKUP($B35,$R$3:$X$9,2,FALSE) -> #N/A | T35: =VLOOKUP($B35,$R$3:$X$9,3,FALSE) -> #N/A | U35: =VLOOKUP($B35,$R$3:$X$9,4,FALSE) -> #N/A | V35: =VLOOKUP($B35,$R$3:$X$9,5,FALSE) -> #N/A | W35: =VLOOKUP($B35,$R$3:$X$9,6,FALSE) -> #N/A | X35: =VLOOKUP($B35,$R$3:$X$9,7,FALSE) -> #N/A | Y35: =VLOOKUP($B35,$R$3:$Z$9,8,FALSE) -> #N/A | Z35: =VLOOKUP($B35,$R$3:$Z$9,9,FALSE) -> #N/A
I36: HR- Pils | N36: 98 | R36: =B36 -> 0 | S36: =VLOOKUP($B36,$R$3:$X$9,2,FALSE) -> #N/A | T36: =VLOOKUP($B36,$R$3:$X$9,3,FALSE) -> #N/A | U36: =VLOOKUP($B36,$R$3:$X$9,4,FALSE) -> #N/A | V36: =VLOOKUP($B36,$R$3:$X$9,5,FALSE) -> #N/A | W36: =VLOOKUP($B36,$R$3:$X$9,6,FALSE) -> #N/A | X36: =VLOOKUP($B36,$R$3:$X$9,7,FALSE) -> #N/A | Y36: =VLOOKUP($B36,$R$3:$Z$9,8,FALSE) -> #N/A | Z36: =VLOOKUP($B36,$R$3:$Z$9,9,FALSE) -> #N/A
I37: HR- IPA | N37: 98 | R37: =B37 -> 0 | S37: =VLOOKUP($B37,$R$3:$X$9,2,FALSE) -> #N/A | T37: =VLOOKUP($B37,$R$3:$X$9,3,FALSE) -> #N/A | U37: =VLOOKUP($B37,$R$3:$X$9,4,FALSE) -> #N/A | V37: =VLOOKUP($B37,$R$3:$X$9,5,FALSE) -> #N/A | W37: =VLOOKUP($B37,$R$3:$X$9,6,FALSE) -> #N/A | X37: =VLOOKUP($B37,$R$3:$X$9,7,FALSE) -> #N/A | Y37: =VLOOKUP($B37,$R$3:$Z$9,8,FALSE) -> #N/A | Z37: =VLOOKUP($B37,$R$3:$Z$9,9,FALSE) -> #N/A
I38: HR- APA | N38: 98 | R38: =B38 -> 0 | S38: =VLOOKUP($B38,$R$3:$X$9,2,FALSE) -> #N/A | T38: =VLOOKUP($B38,$R$3:$X$9,3,FALSE) -> #N/A | U38: =VLOOKUP($B38,$R$3:$X$9,4,FALSE) -> #N/A | V38: =VLOOKUP($B38,$R$3:$X$9,5,FALSE) -> #N/A | W38: =VLOOKUP($B38,$R$3:$X$9,6,FALSE) -> #N/A | X38: =VLOOKUP($B38,$R$3:$X$9,7,FALSE) -> #N/A | Y38: =VLOOKUP($B38,$R$3:$Z$9,8,FALSE) -> #N/A | Z38: =VLOOKUP($B38,$R$3:$Z$9,9,FALSE) -> #N/A
K39: =SUM(K29:K38) -> 8 | L39: =((L29*K29)+(L30*K30)+(L31*K31)+(L32*K32)+(L33*K33)+(K36*L36)+(L34*K34)+(L35*K35)+(L38*K38))/(K39) -> 99.415057 | M39: =AVERAGE('[9]Jan30th-31st'!$L$42,L39) -> 98.62155 | N39: 98 | R39: =B39 -> 0 | S39: =VLOOKUP($B39,$R$3:$X$9,2,FALSE) -> #N/A | T39: =VLOOKUP($B39,$R$3:$X$9,3,FALSE) -> #N/A | U39: =VLOOKUP($B39,$R$3:$X$9,4,FALSE) -> #N/A | V39: =VLOOKUP($B39,$R$3:$X$9,5,FALSE) -> #N/A | W39: =VLOOKUP($B39,$R$3:$X$9,6,FALSE) -> #N/A | X39: =VLOOKUP($B39,$R$3:$X$9,7,FALSE) -> #N/A | Y39: =VLOOKUP($B39,$R$3:$Z$9,8,FALSE) -> #N/A | Z39: =VLOOKUP($B39,$R$3:$Z$9,9,FALSE) -> #N/A
R40: =B40 -> 0 | S40: =VLOOKUP($B40,$R$3:$X$9,2,FALSE) -> #N/A | T40: =VLOOKUP($B40,$R$3:$X$9,3,FALSE) -> #N/A | U40: =VLOOKUP($B40,$R$3:$X$9,4,FALSE) -> #N/A | V40: =VLOOKUP($B40,$R$3:$X$9,5,FALSE) -> #N/A | W40: =VLOOKUP($B40,$R$3:$X$9,6,FALSE) -> #N/A | X40: =VLOOKUP($B40,$R$3:$X$9,7,FALSE) -> #N/A | Y40: =VLOOKUP($B40,$R$3:$Z$9,8,FALSE) -> #N/A | Z40: =VLOOKUP($B40,$R$3:$Z$9,9,FALSE) -> #N/A
J41: Daily Brewing Plan
I42: Brand | J42: Brews Achieved | K42: Brews Achieved (3rd) | L42: Average Brews per day
I43: CARIB | J43: 7 | K43: 1 | L43: MTD | M43: YTD | N43: TARGET
I44: STAG | L44: =AVERAGE(K53,J53) -> 4 | M44: =AVERAGE('[9]Jan30th-31st'!$L$47,L44,'[10]Feb 26th '!$L$39,'[11]Mar 31st'!$L$47,'[12]Apr 30th'!$L$46) -> 6.0073913 | N44: 9.2
I45: GUINN
I46: VITAMALT
I47: STARMALT
I48: MACKESON
I49: HURRICANE REEF- IPA
I50: HURRICANE REEF- APA
B51: AVERAGE | I51: HR- PILSNER
I52: CARIBE
I53: Total | J53: =SUM(J43:J52) -> 7 | K53: =SUM(K43:K52) -> 1
B54: Process: | C54: Fermentation/Filtration
B56: Brand | C56: Filt. Date | D56: FV Hls | E56: GFE/ Prim/ Vita Blend (Hls) | F56: SV Hls | G56: BBT Hls | H56: Loss (%) Ferm | I56: Loss (%) Filt | J56: Comments | K56: Throughput | L56: Process Loss (%) | M56: Filt. Operator
AB57: 43474 | AC57: 43475 | AD57: 43476 | AE57: 43477 | AF57: 43478 | AG57: 43479 | AH57: 43480 | AI57: 43481 | AJ57: 43482 | AK57: 43483 | AL57: 43484 | AM57: 43485 | AN57: 43486 | AO57: 43487 | AP57: 43488 | AQ57: 43489 | AR57: 43490 | AS57: 43491 | AT57: 43492 | AU57: 43493 | AV57: 43494 | AW57: 43495 | AX57: 43496
B58: =I32 -> VITAMALT | C58: 46144 | D58: =[32]May_2026!$E$65 -> 296.8 | E58: =SUM([33]VITAMALT!$J$6:$J$9,[33]VITAMALT!$J$11) -> 12.3 | G58: =[32]May_2026!$E$70 -> 294.5 | J58: NO SBF | K58: =[34]May_2026!$E$60 -> 1.0333333 | L58: =(((D58+E58)-G58)/(D58+E58))*100 -> 4.7233905 | M58: J. Nelson | AB58: =[13]January_2019!L5 -> 0 | AC58: =[13]January_2019!M5 -> 0 | AD58: =[13]January_2019!N5 -> 0 | AE58: =[13]January_2019!O5 -> 0 | AF58: =[13]January_2019!P5 -> 0 | AG58: =[13]January_2019!Q5 -> 0 | AH58: =[13]January_2019!R5 -> 0 | AI58: =[13]January_2019!S5 -> 0 | ... AX58: =[13]January_2019!AH5 -> 0
AB59: =[13]January_2019!L6 -> 0 | AC59: =[13]January_2019!M6 -> 0 | AD59: =[13]January_2019!N6 -> 0 | AE59: =[13]January_2019!O6 -> 0 | AF59: =[13]January_2019!P6 -> 0 | AG59: =[13]January_2019!Q6 -> 0 | AH59: =[13]January_2019!R6 -> 0 | AI59: =[13]January_2019!S6 -> 0 | ... AX59: =[13]January_2019!AH6 -> 0
AB60: =[13]January_2019!L7 -> 285.8 | AC60: =[13]January_2019!M7 -> 508.1 | AD60: =[13]January_2019!N7 -> 0 | AE60: =[13]January_2019!O7 -> 0 | AF60: =[13]January_2019!P7 -> 109.56667 | AG60: =[13]January_2019!Q7 -> 297.65 | AH60: =[13]January_2019!R7 -> 122.3 | AI60: =[13]January_2019!S7 -> 0 | ... AX60: =[13]January_2019!AH7 -> 0
J62: 1 SBF | L62: =(((D62+E62)-G62)/(D62+E62))*100 -> #DIV/0!
B69: Process Loss (Volume) | G69: Process Loss (Extract) | K69: Throughput
B70: Brand | C70: Actual | D70: MTD | E70: YTD | F70: Target | G70: Actual | H70: MTD | I70: YTD | J70: Target | L70: MTD | M70: YTD | N70: Target
B71: CARIB | E71: 6.8559119 | F71: 4.8 | I71: 6.4485548 | J71: 4.8 | M71: 0.4770279 | N71: 1
B72: STAG | E72: 6.3411334 | F72: 4.8 | I72: 5.6038748 | J72: 4.8 | M72: 0.72493689 | N72: 1
B73: GUINN | E73: 12.380136 | F73: 5.5 | I73: 13.201587 | J73: 5.5 | M73: 0.2727383 | N73: 1
B74: VITAMALT | C74: =L58 -> 4.7233905 | D74: 4.78 | E74: 4.3540706 | F74: 3.3 | G74: =[32]May_2026!$E$74 -> 4.3391036 | H74: 4.39 | I74: 4.0978234 | J74: 3.3 | K74: =K58 -> 1.0333333 | L74: 1.0333333 | M74: 0.87007018 | N74: 1
B75: APA | F75: 3.3 | J75: 3 | N75: 1
B76: MACKESON | E76: 5.1105651 | F76: =[31]May_2022!$M$43 -> 3.4878407 | I76: 7.913137 | J76: 5.5 | M76: 1.3550877 | N76: 1
B77: STARMALT | E77: 3.9654241 | F77: 3.3 | I77: 4.8236555 | J77: 3.3 | M77: 0.89457115 | N77: 1
B78: IPA | F78: 7.5 | J78: 7.5 | N78: 1
B79: HURRICANE REEF PILS | F79: 4.8 | J79: 4.8 | N79: 1
D80: 4.78 | E80: 6.5715116 | F80: 5.5 | H80: 4.39 | I80: 6.4706009 | J80: 5.5 | L80: 1.0333333 | M80: 0.57646042 | N80: 1

Sheet May 4th
S1: P.G. | U1: Hot Time | W1: Process Time | Y1: Cooling Time
B2: Brewing Department Daily Process Loss Report | S2: Lower | T2: Upper | U2: Lower | V2: Upper | W2: Lower | X2: Upper | Y2: Lower | Z2: Upper
R3: CARIB | S3: 11.6 | T3: 12 | U3: 0 | V3: 0.11805556 | W3: 0.22569444 | X3: 0.26388889 | Y3: 0 | Z3: 60 | AB3: HR- PISNER
B4: Date: | C4: 46147 | J4: LOT WORT COLOUR: | M4: Filter Sheets (Target 20 days) | R4: STAG | S4: 11.6 | T4: 12 | U4: 0 | V4: 0.11805556 | W4: 0.22569444 | X4: 0.26388889 | Y4: 0 | Z4: 60
M5: Double | N5: Single | R5: GUINNESS | S5: 17 | T5: 17.5 | U5: 0 | V5: 0.10763889 | W5: 0.24652778 | X5: 0.28472222 | Y5: 0 | Z5: 60
J6: MALT LOT: Lot #13 | L6: Sheet Day | R6: MACKESON | S6: 13.3 | T6: 13.5 | U6: 0 | V6: 0.12905093 | W6: 0.27430556 | X6: 0.30208333 | Y6: 0
R7: STARMALT | S7: 17 | T7: 17.4 | U7: 0 | V7: 0.13605324 | W7: 0.27430556 | X7: 0.30902778 | Y7: 0 | Z7: 85
B8: Brand | C8: Brew no. | D8: Kett. Hls | E8: Wort | F8: Cool Time(Mins) | G8: Cast. P.G. (Lab Result) | H8: Cast P.G. (Cellar Operator)-gravity | I8: Extr. Rec (77.9%) | J8: Theor. Extr. (77.5%) | K8: Boil Off /Vol. (4-6%) | L8: Boil Time | M8: Total Hot | N8: Brewing Time | O8: Operator | R8: Hurricane Reef | S8: 16.6 | T8: 17 | U8: 0 | V8: 0.12905093 | W8: 0.27430556 | X8: 0.30208333 | Y8: 0
E9: Meter (Hls) | F9: Target(< 60Mins) | M9: Time | R9: VITAMALT | S9: 14.2 | T9: 14.6 | U9: 0 | V9: 0.13905093 | W9: 0.26041667 | X9: 0.29513889 | Y9: 0 | Z9: 75
B10: CARIB | C10: =[4]Brewhouse!$A380 -> CA335 | D10: =[4]Brewhouse!$AF380 -> 52 | E10: =[4]Brewhouse!$AI380 -> 49.5 | F10: =[4]Brewhouse!$V380 -> 69 | G10: =[4]Brewhouse!AG380 -> 11.9 | H10: 11.9 | I10: =[4]Brewhouse!$AU380 -> 97.004179 | J10: =[4]Brewhouse!$AV380 -> 98.579776 | K10: =[4]Brewhouse!$Q380 -> 6.5064695 | L10: =[4]Brewhouse!$P380 -> 58 | M10: =[4]Brewhouse!$U380-[4]Brewhouse!$T380 -> 0.12013889 | N10: =[4]Brewhouse!$Z380 -> 0.27569444 | O10: =[4]Brewhouse!$AX380 -> R. Sookram | R10: =B10 -> CARIB | S10: =VLOOKUP($B10,$R$3:$X$9,2,FALSE) -> 11.6 | T10: =VLOOKUP($B10,$R$3:$X$9,3,FALSE) -> 12 | U10: =VLOOKUP($B10,$R$3:$X$9,4,FALSE) -> 0 | V10: =VLOOKUP($B10,$R$3:$X$9,5,FALSE) -> 0.11805556 | W10: =VLOOKUP($B10,$R$3:$X$9,6,FALSE) -> 0.22569444 | X10: =VLOOKUP($B10,$R$3:$X$9,7,FALSE) -> 0.26388889 | Y10: =VLOOKUP($B10,$R$3:$Z$9,8,FALSE) -> 0 | Z10: =VLOOKUP($B10,$R$3:$Z$9,9,FALSE) -> 60
B11: CARIB | C11: =[4]Brewhouse!$A381 -> CA336 | D11: =[4]Brewhouse!$AF381 -> 55.3 | E11: =[4]Brewhouse!$AI381 -> 53.4 | F11: =[4]Brewhouse!$V381 -> 65 | G11: =[4]Brewhouse!AG381 -> 11.2 | H11: 11.2 | I11: =[4]Brewhouse!$AU381 -> 98.419019 | J11: =[4]Brewhouse!$AV381 -> 100.01739 | K11: =[4]Brewhouse!$Q381 -> 5.3974122 | L11: =[4]Brewhouse!$P381 -> 57 | M11: =[4]Brewhouse!$U381-[4]Brewhouse!$T381 -> 0.11388889 | N11: =[4]Brewhouse!$Z381 -> 0.27986111 | O11: =[4]Brewhouse!$AX381 -> R. Sookram | R11: =B11 -> CARIB | S11: =VLOOKUP($B11,$R$3:$X$9,2,FALSE) -> 11.6 | T11: =VLOOKUP($B11,$R$3:$X$9,3,FALSE) -> 12 | U11: =VLOOKUP($B11,$R$3:$X$9,4,FALSE) -> 0 | V11: =VLOOKUP($B11,$R$3:$X$9,5,FALSE) -> 0.11805556 | W11: =VLOOKUP($B11,$R$3:$X$9,6,FALSE) -> 0.22569444 | X11: =VLOOKUP($B11,$R$3:$X$9,7,FALSE) -> 0.26388889 | Y11: =VLOOKUP($B11,$R$3:$Z$9,8,FALSE) -> 0 | Z11: =VLOOKUP($B11,$R$3:$Z$9,9,FALSE) -> 60
B12: CARIB | C12: =[4]Brewhouse!$A382 -> CA337 | D12: =[4]Brewhouse!$AF382 -> 50.1 | E12: =[4]Brewhouse!$AI382 -> 49.2 | F12: =[4]Brewhouse!$V382 -> 56 | G12: =[4]Brewhouse!AG382 -> 12.3 | H12: 12.6 | I12: =[4]Brewhouse!$AU382 -> 100.07209 | J12: =[4]Brewhouse!$AV382 -> 101.6973 | K12: =[4]Brewhouse!$Q382 -> 8.7245841 | L12: =[4]Brewhouse!$P382 -> 61 | M12: =[4]Brewhouse!$U382-[4]Brewhouse!$T382 -> 0.12430556 | N12: =[4]Brewhouse!$Z382 -> 0.34861111 | O12: =[4]Brewhouse!$AX382 -> R. Sookram | P12: low sparging temp due to hot water circulation pump not turning on, extra boil (15mins) | R12: =B12 -> CARIB | S12: =VLOOKUP($B12,$R$3:$X$9,2,FALSE) -> 11.6 | T12: =VLOOKUP($B12,$R$3:$X$9,3,FALSE) -> 12 | U12: =VLOOKUP($B12,$R$3:$X$9,4,FALSE) -> 0 | V12: =VLOOKUP($B12,$R$3:$X$9,5,FALSE) -> 0.11805556 | W12: =VLOOKUP($B12,$R$3:$X$9,6,FALSE) -> 0.22569444 | X12: =VLOOKUP($B12,$R$3:$X$9,7,FALSE) -> 0.26388889 | Y12: =VLOOKUP($B12,$R$3:$Z$9,8,FALSE) -> 0 | Z12: =VLOOKUP($B12,$R$3:$Z$9,9,FALSE) -> 60
B13: CARIB | C13: =[4]Brewhouse!$A383 -> CA338 | D13: =[4]Brewhouse!$AF383 -> 52.4 | E13: =[4]Brewhouse!$AI383 -> 50.5 | F13: =[4]Brewhouse!$V383 -> 55 | G13: =[4]Brewhouse!AG383 -> 11.9 | H13: 12.2 | I13: =[4]Brewhouse!$AU383 -> 99.210049 | J13: =[4]Brewhouse!$AV383 -> 100.82126 | K13: =[4]Brewhouse!$Q383 -> 5.037037 | L13: =[4]Brewhouse!$P383 -> 61 | M13: =[4]Brewhouse!$U383-[4]Brewhouse!$T383 -> 0.11111111 | N13: =[4]Brewhouse!$Z383 -> 0.25902778 | O13: =[4]Brewhouse!$AX383 -> R. Sookram | R13: =B13 -> CARIB | S13: =VLOOKUP($B13,$R$3:$X$9,2,FALSE) -> 11.6 | T13: =VLOOKUP($B13,$R$3:$X$9,3,FALSE) -> 12 | U13: =VLOOKUP($B13,$R$3:$X$9,4,FALSE) -> 0 | V13: =VLOOKUP($B13,$R$3:$X$9,5,FALSE) -> 0.11805556 | W13: =VLOOKUP($B13,$R$3:$X$9,6,FALSE) -> 0.22569444 | X13: =VLOOKUP($B13,$R$3:$X$9,7,FALSE) -> 0.26388889 | Y13: =VLOOKUP($B13,$R$3:$Z$9,8,FALSE) -> 0 | Z13: =VLOOKUP($B13,$R$3:$Z$9,9,FALSE) -> 60
B14: CARIB | C14: =[4]Brewhouse!$A384 -> CA339 | D14: =[4]Brewhouse!$AF384 -> 50.4 | E14: =[4]Brewhouse!$AI384 -> 49.5 | F14: =[4]Brewhouse!$V384 -> 52 | G14: =[4]Brewhouse!AG384 -> 11.7 | H14: 12 | I14: =[4]Brewhouse!$AU384 -> 95.646067 | J14: =[4]Brewhouse!$AV384 -> 97.199296 | K14: =[4]Brewhouse!$Q384 -> 8 | L14: =[4]Brewhouse!$P384 -> 59 | M14: =[4]Brewhouse!$U384-[4]Brewhouse!$T384 -> 0.11597222 | N14: =[4]Brewhouse!$Z384 -> 0.27569444 | O14: =[4]Brewhouse!$AX384 -> K. Benjamin | R14: =B14 -> CARIB | S14: =VLOOKUP($B14,$R$3:$X$9,2,FALSE) -> 11.6 | T14: =VLOOKUP($B14,$R$3:$X$9,3,FALSE) -> 12 | U14: =VLOOKUP($B14,$R$3:$X$9,4,FALSE) -> 0 | V14: =VLOOKUP($B14,$R$3:$X$9,5,FALSE) -> 0.11805556 | W14: =VLOOKUP($B14,$R$3:$X$9,6,FALSE) -> 0.22569444 | X14: =VLOOKUP($B14,$R$3:$X$9,7,FALSE) -> 0.26388889 | Y14: =VLOOKUP($B14,$R$3:$Z$9,8,FALSE) -> 0 | Z14: =VLOOKUP($B14,$R$3:$Z$9,9,FALSE) -> 60
B15: CARIB | C15: =[4]Brewhouse!$A385 -> CA340 | D15: =[4]Brewhouse!$AF385 -> 52.5 | E15: =[4]Brewhouse!$AI385 -> 50.9 | F15: =[4]Brewhouse!$V385 -> 63 | G15: =[4]Brewhouse!AG385 -> 11.9 | H15: 11.8 | I15: =[4]Brewhouse!$AU385 -> 99.871647 | J15: =[4]Brewhouse!$AV385 -> 101.49371 | K15: =[4]Brewhouse!$Q385 -> 4.1111111 | L15: =[4]Brewhouse!$P385 -> 61 | M15: =[4]Brewhouse!$U385-[4]Brewhouse!$T385 -> 0.11319444 | N15: =[4]Brewhouse!$Z385 -> 0.27569444 | O15: =[4]Brewhouse!$AX385 -> K. Benjamin | R15: =B15 -> CARIB | S15: =VLOOKUP($B15,$R$3:$X$9,2,FALSE) -> 11.6 | T15: =VLOOKUP($B15,$R$3:$X$9,3,FALSE) -> 12 | U15: =VLOOKUP($B15,$R$3:$X$9,4,FALSE) -> 0 | V15: =VLOOKUP($B15,$R$3:$X$9,5,FALSE) -> 0.11805556 | W15: =VLOOKUP($B15,$R$3:$X$9,6,FALSE) -> 0.22569444 | X15: =VLOOKUP($B15,$R$3:$X$9,7,FALSE) -> 0.26388889 | Y15: =VLOOKUP($B15,$R$3:$Z$9,8,FALSE) -> 0 | Z15: =VLOOKUP($B15,$R$3:$Z$9,9,FALSE) -> 60
B16: CARIB | C16: =[4]Brewhouse!$A386 -> CA341 | D16: =[4]Brewhouse!$AF386 -> 52.7 | E16: =[4]Brewhouse!$AI386 -> 50.8 | F16: =[4]Brewhouse!$V386 -> 59 | G16: =[4]Brewhouse!AG386 -> 11.8 | H16: 11.8 | I16: =[4]Brewhouse!$AU386 -> 98.917653 | J16: =[4]Brewhouse!$AV386 -> 100.52412 | K16: =[4]Brewhouse!$Q386 -> 3.9186691 | L16: =[4]Brewhouse!$P386 -> 61 | M16: =[4]Brewhouse!$U386-[4]Brewhouse!$T386 -> 0.10763889 | N16: =[4]Brewhouse!$Z386 -> 0.26944444 | O16: =[4]Brewhouse!$AX386 -> K. Benjamin | R16: =B16 -> CARIB | S16: =VLOOKUP($B16,$R$3:$X$9,2,FALSE) -> 11.6 | T16: =VLOOKUP($B16,$R$3:$X$9,3,FALSE) -> 12 | U16: =VLOOKUP($B16,$R$3:$X$9,4,FALSE) -> 0 | V16: =VLOOKUP($B16,$R$3:$X$9,5,FALSE) -> 0.11805556 | W16: =VLOOKUP($B16,$R$3:$X$9,6,FALSE) -> 0.22569444 | X16: =VLOOKUP($B16,$R$3:$X$9,7,FALSE) -> 0.26388889 | Y16: =VLOOKUP($B16,$R$3:$Z$9,8,FALSE) -> 0 | Z16: =VLOOKUP($B16,$R$3:$Z$9,9,FALSE) -> 60
B17: CARIB | C17: =[4]Brewhouse!$A387 -> CA342 | D17: =[4]Brewhouse!$AF387 -> 52.6 | E17: =[4]Brewhouse!$AI387 -> 50.9 | F17: =[4]Brewhouse!$V387 -> 63 | G17: =[4]Brewhouse!AG387 -> 11.7 | H17: 11.8 | I17: =[4]Brewhouse!$AU387 -> 97.985121 | J17: =[4]Brewhouse!$AV387 -> 99.576651 | K17: =[4]Brewhouse!$Q387 -> 3.9259259 | L17: =[4]Brewhouse!$P387 -> 59 | M17: =[4]Brewhouse!$U387-[4]Brewhouse!$T387 -> 0.11041667 | N17: =[4]Brewhouse!$Z387 -> 0.32013889 | O17: =[4]Brewhouse!$AX387 -> K. Benjamin | P17: spent grain transfer issues | R17: =B17 -> CARIB | S17: =VLOOKUP($B17,$R$3:$X$9,2,FALSE) -> 11.6 | T17: =VLOOKUP($B17,$R$3:$X$9,3,FALSE) -> 12 | U17: =VLOOKUP($B17,$R$3:$X$9,4,FALSE) -> 0 | V17: =VLOOKUP($B17,$R$3:$X$9,5,FALSE) -> 0.11805556 | W17: =VLOOKUP($B17,$R$3:$X$9,6,FALSE) -> 0.22569444 | X17: =VLOOKUP($B17,$R$3:$X$9,7,FALSE) -> 0.26388889 | Y17: =VLOOKUP($B17,$R$3:$Z$9,8,FALSE) -> 0 | Z17: =VLOOKUP($B17,$R$3:$Z$9,9,FALSE) -> 60
R18: =B18 -> 0 | S18: =VLOOKUP($B18,$R$3:$X$9,2,FALSE) -> #N/A | T18: =VLOOKUP($B18,$R$3:$X$9,3,FALSE) -> #N/A | U18: =VLOOKUP($B18,$R$3:$X$9,4,FALSE) -> #N/A | V18: =VLOOKUP($B18,$R$3:$X$9,5,FALSE) -> #N/A | W18: =VLOOKUP($B18,$R$3:$X$9,6,FALSE) -> #N/A | X18: =VLOOKUP($B18,$R$3:$X$9,7,FALSE) -> #N/A | Y18: =VLOOKUP($B18,$R$3:$Z$9,8,FALSE) -> #N/A | Z18: =VLOOKUP($B18,$R$3:$Z$9,9,FALSE) -> #N/A
R19: =B19 -> 0 | S19: =VLOOKUP($B19,$R$3:$X$9,2,FALSE) -> #N/A | T19: =VLOOKUP($B19,$R$3:$X$9,3,FALSE) -> #N/A | U19: =VLOOKUP($B19,$R$3:$X$9,4,FALSE) -> #N/A | V19: =VLOOKUP($B19,$R$3:$X$9,5,FALSE) -> #N/A | W19: =VLOOKUP($B19,$R$3:$X$9,6,FALSE) -> #N/A | X19: =VLOOKUP($B19,$R$3:$X$9,7,FALSE) -> #N/A | Y19: =VLOOKUP($B19,$R$3:$Z$9,8,FALSE) -> #N/A | Z19: =VLOOKUP($B19,$R$3:$Z$9,9,FALSE) -> #N/A
R20: =B20 -> 0 | S20: =VLOOKUP($B20,$R$3:$X$9,2,FALSE) -> #N/A | T20: =VLOOKUP($B20,$R$3:$X$9,3,FALSE) -> #N/A | U20: =VLOOKUP($B20,$R$3:$X$9,4,FALSE) -> #N/A | V20: =VLOOKUP($B20,$R$3:$X$9,5,FALSE) -> #N/A | W20: =VLOOKUP($B20,$R$3:$X$9,6,FALSE) -> #N/A | X20: =VLOOKUP($B20,$R$3:$X$9,7,FALSE) -> #N/A | Y20: =VLOOKUP($B20,$R$3:$Z$9,8,FALSE) -> #N/A | Z20: =VLOOKUP($B20,$R$3:$Z$9,9,FALSE) -> #N/A
R21: =B21 -> 0 | S21: =VLOOKUP($B21,$R$3:$X$9,2,FALSE) -> #N/A | T21: =VLOOKUP($B21,$R$3:$X$9,3,FALSE) -> #N/A | U21: =VLOOKUP($B21,$R$3:$X$9,4,FALSE) -> #N/A | V21: =VLOOKUP($B21,$R$3:$X$9,5,FALSE) -> #N/A | W21: =VLOOKUP($B21,$R$3:$X$9,6,FALSE) -> #N/A | X21: =VLOOKUP($B21,$R$3:$X$9,7,FALSE) -> #N/A | Y21: =VLOOKUP($B21,$R$3:$Z$9,8,FALSE) -> #N/A | Z21: =VLOOKUP($B21,$R$3:$Z$9,9,FALSE) -> #N/A
R22: =B22 -> 0 | S22: =VLOOKUP($B22,$R$3:$X$9,2,FALSE) -> #N/A | T22: =VLOOKUP($B22,$R$3:$X$9,3,FALSE) -> #N/A | U22: =VLOOKUP($B22,$R$3:$X$9,4,FALSE) -> #N/A | V22: =VLOOKUP($B22,$R$3:$X$9,5,FALSE) -> #N/A | W22: =VLOOKUP($B22,$R$3:$X$9,6,FALSE) -> #N/A | X22: =VLOOKUP($B22,$R$3:$X$9,7,FALSE) -> #N/A | Y22: =VLOOKUP($B22,$R$3:$Z$9,8,FALSE) -> #N/A | Z22: =VLOOKUP($B22,$R$3:$Z$9,9,FALSE) -> #N/A
R23: =B23 -> 0 | S23: =VLOOKUP($B23,$R$3:$X$9,2,FALSE) -> #N/A | T23: =VLOOKUP($B23,$R$3:$X$9,3,FALSE) -> #N/A | U23: =VLOOKUP($B23,$R$3:$X$9,4,FALSE) -> #N/A | V23: =VLOOKUP($B23,$R$3:$X$9,5,FALSE) -> #N/A | W23: =VLOOKUP($B23,$R$3:$X$9,6,FALSE) -> #N/A | X23: =VLOOKUP($B23,$R$3:$X$9,7,FALSE) -> #N/A | Y23: =VLOOKUP($B23,$R$3:$Z$9,8,FALSE) -> #N/A | Z23: =VLOOKUP($B23,$R$3:$Z$9,9,FALSE) -> #N/A
R24: =B24 -> 0 | S24: =VLOOKUP($B24,$R$3:$X$9,2,FALSE) -> #N/A | T24: =VLOOKUP($B24,$R$3:$X$9,3,FALSE) -> #N/A | U24: =VLOOKUP($B24,$R$3:$X$9,4,FALSE) -> #N/A | V24: =VLOOKUP($B24,$R$3:$X$9,5,FALSE) -> #N/A | W24: =VLOOKUP($B24,$R$3:$X$9,6,FALSE) -> #N/A | X24: =VLOOKUP($B24,$R$3:$X$9,7,FALSE) -> #N/A | Y24: =VLOOKUP($B24,$R$3:$Z$9,8,FALSE) -> #N/A | Z24: =VLOOKUP($B24,$R$3:$Z$9,9,FALSE) -> #N/A
R25: =B25 -> 0 | S25: =VLOOKUP($B25,$R$3:$X$9,2,FALSE) -> #N/A | T25: =VLOOKUP($B25,$R$3:$X$9,3,FALSE) -> #N/A | U25: =VLOOKUP($B25,$R$3:$X$9,4,FALSE) -> #N/A | V25: =VLOOKUP($B25,$R$3:$X$9,5,FALSE) -> #N/A | W25: =VLOOKUP($B25,$R$3:$X$9,6,FALSE) -> #N/A | X25: =VLOOKUP($B25,$R$3:$X$9,7,FALSE) -> #N/A | Y25: =VLOOKUP($B25,$R$3:$Z$9,8,FALSE) -> #N/A | Z25: =VLOOKUP($B25,$R$3:$Z$9,9,FALSE) -> #N/A
B26: BRAND | D26: BBT P.G./ O.G | I26: Brand | K26: MTD No. of Brews | L26: MTD | M26: YTD | N26: Target | R26: =B26 -> BRAND | S26: =VLOOKUP($B26,$R$3:$X$9,2,FALSE) -> #N/A | T26: =VLOOKUP($B26,$R$3:$X$9,3,FALSE) -> #N/A | U26: =VLOOKUP($B26,$R$3:$X$9,4,FALSE) -> #N/A | V26: =VLOOKUP($B26,$R$3:$X$9,5,FALSE) -> #N/A | W26: =VLOOKUP($B26,$R$3:$X$9,6,FALSE) -> #N/A | X26: =VLOOKUP($B26,$R$3:$X$9,7,FALSE) -> #N/A | Y26: =VLOOKUP($B26,$R$3:$Z$9,8,FALSE) -> #N/A | Z26: =VLOOKUP($B26,$R$3:$Z$9,9,FALSE) -> #N/A
I27: CARIB | J27: =AVERAGE(I10:I17) -> 98.390728 | K27: =COUNTA([4]Brewhouse!$A$372:$A$387) -> 16 | L27: =AVERAGE([4]Brewhouse!$AU$372:$AU$387) -> 98.902892 | M27: =AVERAGE([4]Brewhouse!$AU$42:$AU$123,[4]Brewhouse!$AU$125:$AU$188,[4]Brewhouse!$AU$198:$AU$290,[4]Brewhouse!$AU$292:$AU$370,[4]Brewhouse!$AU$372:$AU$387) -> 98.047809 | N27: 98 | R27: =B27 -> 0 | S27: =VLOOKUP($B27,$R$3:$X$9,2,FALSE) -> #N/A | T27: =VLOOKUP($B27,$R$3:$X$9,3,FALSE) -> #N/A | U27: =VLOOKUP($B27,$R$3:$X$9,4,FALSE) -> #N/A | V27: =VLOOKUP($B27,$R$3:$X$9,5,FALSE) -> #N/A | W27: =VLOOKUP($B27,$R$3:$X$9,6,FALSE) -> #N/A | X27: =VLOOKUP($B27,$R$3:$X$9,7,FALSE) -> #N/A | Y27: =VLOOKUP($B27,$R$3:$Z$9,8,FALSE) -> #N/A | Z27: =VLOOKUP($B27,$R$3:$Z$9,9,FALSE) -> #N/A
I28: STAG | M28: =AVERAGE([3]Brewhouse!$AS$52:$AS$81,[3]Brewhouse!$AS$83:$AS$124,[3]Brewhouse!$AS$134:$AS$177,[3]Brewhouse!$AS$22:$AS$179) -> 97.946758 | N28: 98 | R28: =B28 -> 0 | S28: =VLOOKUP($B28,$R$3:$X$9,2,FALSE) -> #N/A | T28: =VLOOKUP($B28,$R$3:$X$9,3,FALSE) -> #N/A | U28: =VLOOKUP($B28,$R$3:$X$9,4,FALSE) -> #N/A | V28: =VLOOKUP($B28,$R$3:$X$9,5,FALSE) -> #N/A | W28: =VLOOKUP($B28,$R$3:$X$9,6,FALSE) -> #N/A | X28: =VLOOKUP($B28,$R$3:$X$9,7,FALSE) -> #N/A | Y28: =VLOOKUP($B28,$R$3:$Z$9,8,FALSE) -> #N/A | Z28: =VLOOKUP($B28,$R$3:$Z$9,9,FALSE) -> #N/A
I29: GUINNESS | M29: =AVERAGE([5]Brewhouse!$AU$16:$AU$23,[5]Brewhouse!$AU$25:$AU$32,[5]Brewhouse!$AU$34:$AU$41,[5]Brewhouse!$AU$43:$AU$55) -> 96.793457 | N29: 98 | R29: =B29 -> 0 | S29: =VLOOKUP($B29,$R$3:$X$9,2,FALSE) -> #N/A | T29: =VLOOKUP($B29,$R$3:$X$9,3,FALSE) -> #N/A | U29: =VLOOKUP($B29,$R$3:$X$9,4,FALSE) -> #N/A | V29: =VLOOKUP($B29,$R$3:$X$9,5,FALSE) -> #N/A | W29: =VLOOKUP($B29,$R$3:$X$9,6,FALSE) -> #N/A | X29: =VLOOKUP($B29,$R$3:$X$9,7,FALSE) -> #N/A | Y29: =VLOOKUP($B29,$R$3:$Z$9,8,FALSE) -> #N/A | Z29: =VLOOKUP($B29,$R$3:$Z$9,9,FALSE) -> #N/A
I30: VITAMALT | M30: =AVERAGE([6]Brewhouse!$AV$23:$AV$34,[6]Brewhouse!$AV$36,[6]Brewhouse!$AV$38:$AV$52,[6]Brewhouse!$AV$54:$AV$60) -> 97.437513 | N30: 98 | R30: =B30 -> 0 | S30: =VLOOKUP($B30,$R$3:$X$9,2,FALSE) -> #N/A | T30: =VLOOKUP($B30,$R$3:$X$9,3,FALSE) -> #N/A | U30: =VLOOKUP($B30,$R$3:$X$9,4,FALSE) -> #N/A | V30: =VLOOKUP($B30,$R$3:$X$9,5,FALSE) -> #N/A | W30: =VLOOKUP($B30,$R$3:$X$9,6,FALSE) -> #N/A | X30: =VLOOKUP($B30,$R$3:$X$9,7,FALSE) -> #N/A | Y30: =VLOOKUP($B30,$R$3:$Z$9,8,FALSE) -> #N/A | Z30: =VLOOKUP($B30,$R$3:$Z$9,9,FALSE) -> #N/A
I31: MAXIMALT | N31: 98 | R31: =B31 -> 0 | S31: =VLOOKUP($B31,$R$3:$X$9,2,FALSE) -> #N/A | T31: =VLOOKUP($B31,$R$3:$X$9,3,FALSE) -> #N/A | U31: =VLOOKUP($B31,$R$3:$X$9,4,FALSE) -> #N/A | V31: =VLOOKUP($B31,$R$3:$X$9,5,FALSE) -> #N/A | W31: =VLOOKUP($B31,$R$3:$X$9,6,FALSE) -> #N/A | X31: =VLOOKUP($B31,$R$3:$X$9,7,FALSE) -> #N/A | Y31: =VLOOKUP($B31,$R$3:$Z$9,8,FALSE) -> #N/A | Z31: =VLOOKUP($B31,$R$3:$Z$9,9,FALSE) -> #N/A
I32: MACKESON | M32: =AVERAGE([7]Brewhouse!$AT$4:$AT$11) -> 92.826225 | N32: 98 | R32: =B32 -> 0 | S32: =VLOOKUP($B32,$R$3:$X$9,2,FALSE) -> #N/A | T32: =VLOOKUP($B32,$R$3:$X$9,3,FALSE) -> #N/A | U32: =VLOOKUP($B32,$R$3:$X$9,4,FALSE) -> #N/A | V32: =VLOOKUP($B32,$R$3:$X$9,5,FALSE) -> #N/A | W32: =VLOOKUP($B32,$R$3:$X$9,6,FALSE) -> #N/A | X32: =VLOOKUP($B32,$R$3:$X$9,7,FALSE) -> #N/A | Y32: =VLOOKUP($B32,$R$3:$Z$9,8,FALSE) -> #N/A | Z32: =VLOOKUP($B32,$R$3:$Z$9,9,FALSE) -> #N/A
I33: STARMALT | M33: =AVERAGE([8]Brewhouse!$AY$5:$AY$14,[8]Brewhouse!$AY$16:$AY$23,[8]Brewhouse!$AY$42,[8]Brewhouse!$AY$44:$AY$51) -> 97.608428 | N33: 98 | R33: =B33 -> 0 | S33: =VLOOKUP($B33,$R$3:$X$9,2,FALSE) -> #N/A | T33: =VLOOKUP($B33,$R$3:$X$9,3,FALSE) -> #N/A | U33: =VLOOKUP($B33,$R$3:$X$9,4,FALSE) -> #N/A | V33: =VLOOKUP($B33,$R$3:$X$9,5,FALSE) -> #N/A | W33: =VLOOKUP($B33,$R$3:$X$9,6,FALSE) -> #N/A | X33: =VLOOKUP($B33,$R$3:$X$9,7,FALSE) -> #N/A | Y33: =VLOOKUP($B33,$R$3:$Z$9,8,FALSE) -> #N/A | Z33: =VLOOKUP($B33,$R$3:$Z$9,9,FALSE) -> #N/A
I34: HR- Pils | N34: 98 | R34: =B34 -> 0 | S34: =VLOOKUP($B34,$R$3:$X$9,2,FALSE) -> #N/A | T34: =VLOOKUP($B34,$R$3:$X$9,3,FALSE) -> #N/A | U34: =VLOOKUP($B34,$R$3:$X$9,4,FALSE) -> #N/A | V34: =VLOOKUP($B34,$R$3:$X$9,5,FALSE) -> #N/A | W34: =VLOOKUP($B34,$R$3:$X$9,6,FALSE) -> #N/A | X34: =VLOOKUP($B34,$R$3:$X$9,7,FALSE) -> #N/A | Y34: =VLOOKUP($B34,$R$3:$Z$9,8,FALSE) -> #N/A | Z34: =VLOOKUP($B34,$R$3:$Z$9,9,FALSE) -> #N/A
I35: HR- IPA | N35: 98 | R35: =B35 -> 0 | S35: =VLOOKUP($B35,$R$3:$X$9,2,FALSE) -> #N/A | T35: =VLOOKUP($B35,$R$3:$X$9,3,FALSE) -> #N/A | U35: =VLOOKUP($B35,$R$3:$X$9,4,FALSE) -> #N/A | V35: =VLOOKUP($B35,$R$3:$X$9,5,FALSE) -> #N/A | W35: =VLOOKUP($B35,$R$3:$X$9,6,FALSE) -> #N/A | X35: =VLOOKUP($B35,$R$3:$X$9,7,FALSE) -> #N/A | Y35: =VLOOKUP($B35,$R$3:$Z$9,8,FALSE) -> #N/A | Z35: =VLOOKUP($B35,$R$3:$Z$9,9,FALSE) -> #N/A
I36: HR- APA | N36: 98 | R36: =B36 -> 0 | S36: =VLOOKUP($B36,$R$3:$X$9,2,FALSE) -> #N/A | T36: =VLOOKUP($B36,$R$3:$X$9,3,FALSE) -> #N/A | U36: =VLOOKUP($B36,$R$3:$X$9,4,FALSE) -> #N/A | V36: =VLOOKUP($B36,$R$3:$X$9,5,FALSE) -> #N/A | W36: =VLOOKUP($B36,$R$3:$X$9,6,FALSE) -> #N/A | X36: =VLOOKUP($B36,$R$3:$X$9,7,FALSE) -> #N/A | Y36: =VLOOKUP($B36,$R$3:$Z$9,8,FALSE) -> #N/A | Z36: =VLOOKUP($B36,$R$3:$Z$9,9,FALSE) -> #N/A
K37: =SUM(K27:K36) -> 16 | L37: =((L27*K27)+(L28*K28)+(L29*K29)+(L30*K30)+(L31*K31)+(K34*L34)+(L32*K32)+(L33*K33)+(L36*K36))/(K37) -> 98.902892 | M37: =AVERAGE('[9]Jan30th-31st'!$L$42,L37) -> 98.365467 | N37: 98 | R37: =B37 -> 0 | S37: =VLOOKUP($B37,$R$3:$X$9,2,FALSE) -> #N/A | T37: =VLOOKUP($B37,$R$3:$X$9,3,FALSE) -> #N/A | U37: =VLOOKUP($B37,$R$3:$X$9,4,FALSE) -> #N/A | V37: =VLOOKUP($B37,$R$3:$X$9,5,FALSE) -> #N/A | W37: =VLOOKUP($B37,$R$3:$X$9,6,FALSE) -> #N/A | X37: =VLOOKUP($B37,$R$3:$X$9,7,FALSE) -> #N/A | Y37: =VLOOKUP($B37,$R$3:$Z$9,8,FALSE) -> #N/A | Z37: =VLOOKUP($B37,$R$3:$Z$9,9,FALSE) -> #N/A
R38: =B38 -> 0 | S38: =VLOOKUP($B38,$R$3:$X$9,2,FALSE) -> #N/A | T38: =VLOOKUP($B38,$R$3:$X$9,3,FALSE) -> #N/A | U38: =VLOOKUP($B38,$R$3:$X$9,4,FALSE) -> #N/A | V38: =VLOOKUP($B38,$R$3:$X$9,5,FALSE) -> #N/A | W38: =VLOOKUP($B38,$R$3:$X$9,6,FALSE) -> #N/A | X38: =VLOOKUP($B38,$R$3:$X$9,7,FALSE) -> #N/A | Y38: =VLOOKUP($B38,$R$3:$Z$9,8,FALSE) -> #N/A | Z38: =VLOOKUP($B38,$R$3:$Z$9,9,FALSE) -> #N/A
J39: Daily Brewing Plan
J40: Brand | K40: Brews Achieved | L40: Average Brews per day
J41: CARIB | K41: 8 | L41: MTD | M41: YTD | N41: TARGET
J42: STAG | L42: =AVERAGE('May 2nd-23rd'!K53,'May 4th'!K51,'May 2nd-23rd'!K53) -> 3.3333333 | M42: =AVERAGE('[9]Jan30th-31st'!$L$47,L42,'[10]Feb 26th '!$L$39,'[11]Mar 31st'!$L$47,'[12]Apr 30th'!$L$46) -> 5.874058 | N42: 9.2
J43: GUINN
J44: VITAMALT
J45: STARMALT
J46: MACKESON
J47: HURRICANE REEF- IPA
J48: HURRICANE REEF- APA
B49: AVERAGE | J49: HR- PILSNER
J50: CARIBE
J51: Total | K51: =SUM(K41:K50) -> 8
B52: Process: | C52: Fermentation/Filtration
B54: Brand | C54: Filt. Date | D54: FV Hls | E54: GFE/ Prim/ Vita Blend (Hls) | F54: SV Hls | G54: BBT Hls | H54: Loss (%) Ferm | I54: Loss (%) Filt | J54: Comments | K54: Throughput | L54: Process Loss (%) | M54: Filt. Operator
AB55: 43474 | AC55: 43475 | AD55: 43476 | AE55: 43477 | AF55: 43478 | AG55: 43479 | AH55: 43480 | AI55: 43481 | AJ55: 43482 | AK55: 43483 | AL55: 43484 | AM55: 43485 | AN55: 43486 | AO55: 43487 | AP55: 43488 | AQ55: 43489 | AR55: 43490 | AS55: 43491 | AT55: 43492 | AU55: 43493 | AV55: 43494 | AW55: 43495 | AX55: 43496
B56: =J41 -> CARIB | C56: 46146 | D56: =[32]May_2026!$G$3 -> 410.5 | G56: =[32]May_2026!$G$7 -> 386.3 | J56: NO SBF | K56: =[34]May_2026!$G$18 -> 1.3554386 | L56: =(((D56+E56)-G56)/(D56+E56))*100 -> 5.8952497 | M56: J. Nelson | AB56: =[13]January_2019!L5 -> 0 | AC56: =[13]January_2019!M5 -> 0 | AD56: =[13]January_2019!N5 -> 0 | AE56: =[13]January_2019!O5 -> 0 | AF56: =[13]January_2019!P5 -> 0 | AG56: =[13]January_2019!Q5 -> 0 | AH56: =[13]January_2019!R5 -> 0 | AI56: =[13]January_2019!S5 -> 0 | ... AX56: =[13]January_2019!AH5 -> 0
AB57: =[13]January_2019!L6 -> 0 | AC57: =[13]January_2019!M6 -> 0 | AD57: =[13]January_2019!N6 -> 0 | AE57: =[13]January_2019!O6 -> 0 | AF57: =[13]January_2019!P6 -> 0 | AG57: =[13]January_2019!Q6 -> 0 | AH57: =[13]January_2019!R6 -> 0 | AI57: =[13]January_2019!S6 -> 0 | ... AX57: =[13]January_2019!AH6 -> 0
B58: =J44 -> VITAMALT | C58: 46146 | D58: =[32]May_2026!$G$65 -> 38.1 | E58: =SUM([33]VITAMALT!$J$10) -> 2.05 | G58: =[32]May_2026!$G$70 -> 37.8 | J58: NO SBF | K58: =[34]May_2026!$G$60 -> 0.13263158 | L58: =(((D58+E58)-G58)/(D58+E58))*100 -> 5.8530511 | M58: D. Emery | AB58: =[13]January_2019!L7 -> 285.8 | AC58: =[13]January_2019!M7 -> 508.1 | AD58: =[13]January_2019!N7 -> 0 | AE58: =[13]January_2019!O7 -> 0 | AF58: =[13]January_2019!P7 -> 109.56667 | AG58: =[13]January_2019!Q7 -> 297.65 | AH58: =[13]January_2019!R7 -> 122.3 | AI58: =[13]January_2019!S7 -> 0 | ... AX58: =[13]January_2019!AH7 -> 0
J60: 1 SBF | L60: =(((D60+E60)-G60)/(D60+E60))*100 -> #DIV/0!
B67: Process Loss (Volume) | G67: Process Loss (Extract) | K67: Throughput
B68: Brand | C68: Actual | D68: MTD | E68: YTD | F68: Target | G68: Actual | H68: MTD | I68: YTD | J68: Target | L68: MTD | M68: YTD | N68: Target
B69: CARIB | C69: =L56 -> 5.8952497 | D69: 5.8952497 | E69: 6.8201051 | F69: 4.8 | G69: =[32]May_2026!$G$11 -> 5.5884697 | H69: 5.5884697 | I69: 6.4256094 | J69: 4.8 | K69: =K56 -> 1.3554386 | L69: 1.3554386 | M69: 0.49483103 | N69: 1
B70: STAG | E70: 6.3411334 | F70: 4.8 | I70: 5.6038748 | J70: 4.8 | M70: 0.72493689 | N70: 1
B71: GUINN | E71: 12.380136 | F71: 5.5 | I71: 13.201587 | J71: 5.5 | M71: 0.2727383 | N71: 1
B72: VITAMALT | C72: =L58 -> 5.8530511 | D72: 4.853257 | E72: 4.6518563 | F72: 3.3 | G72: =[32]May_2026!$G$74 -> 7.6847338 | H72: 4.737253 | I72: 4.4089875 | J72: 3.3 | K72: =K58 -> 0.13263158 | L72: 0.58298246 | M72: 0.74716374 | N72: 1
B73: APA | F73: 3.3 | J73: 3 | N73: 1
B74: MACKESON | E74: 5.1105651 | F74: =[31]May_2022!$M$43 -> 3.4878407 | I74: 7.913137 | J74: 5.5 | M74: 1.3550877 | N74: 1
B75: STARMALT | E75: 3.9654241 | F75: 3.3 | I75: 4.8236555 | J75: 3.3 | M75: 0.89457115 | N75: 1
B76: IPA | F76: 7.5 | J76: 7.5 | N76: 1
B77: HURRICANE REEF PILS | F77: 4.8 | J77: 4.8 | N77: 1
D78: 5.4162553 | E78: 6.5780088 | F78: 5.5 | H78: 5.1225382 | I78: 6.4786794 | J78: 5.5 | L78: 0.84046784 | M78: 0.58040336 | N78: 1

Sheet May 5th
S1: P.G. | U1: Hot Time | W1: Process Time | Y1: Cooling Time
B2: Brewing Department Daily Process Loss Report | S2: Lower | T2: Upper | U2: Lower | V2: Upper | W2: Lower | X2: Upper | Y2: Lower | Z2: Upper
R3: CARIB | S3: 11.6 | T3: 12 | U3: 0 | V3: 0.11805556 | W3: 0.22569444 | X3: 0.26388889 | Y3: 0 | Z3: 60 | AB3: HR- PISNER
B4: Date: | C4: 46148 | J4: LOT WORT COLOUR: | M4: Filter Sheets (Target 20 days) | R4: STAG | S4: 11.6 | T4: 12 | U4: 0 | V4: 0.11805556 | W4: 0.22569444 | X4: 0.26388889 | Y4: 0 | Z4: 60
M5: Double | N5: Single | R5: GUINNESS | S5: 17 | T5: 17.5 | U5: 0 | V5: 0.10763889 | W5: 0.24652778 | X5: 0.28472222 | Y5: 0 | Z5: 60
J6: MALT LOT: Lot #13 | L6: Sheet Day | R6: MACKESON | S6: 13.3 | T6: 13.5 | U6: 0 | V6: 0.12905093 | W6: 0.27430556 | X6: 0.30208333 | Y6: 0
R7: STARMALT | S7: 17 | T7: 17.4 | U7: 0 | V7: 0.13605324 | W7: 0.27430556 | X7: 0.30902778 | Y7: 0 | Z7: 85
B8: Brand | C8: Brew no. | D8: Kett. Hls | E8: Wort | F8: Cool Time(Mins) | G8: Cast. P.G. (Lab Result) | H8: Cast P.G. (Cellar Operator)-gravity | I8: Extr. Rec (77.9%) | J8: Theor. Extr. (77.5%) | K8: Boil Off /Vol. (4-6%) | L8: Boil Time | M8: Total Hot | N8: Brewing Time | O8: Operator | R8: Hurricane Reef | S8: 16.6 | T8: 17 | U8: 0 | V8: 0.12905093 | W8: 0.27430556 | X8: 0.30208333 | Y8: 0
E9: Meter (Hls) | F9: Target(< 60Mins) | M9: Time | R9: VITAMALT | S9: 14.2 | T9: 14.6 | U9: 0 | V9: 0.13905093 | W9: 0.26041667 | X9: 0.29513889 | Y9: 0 | Z9: 75
B10: STAG | C10: =[3]Brewhouse!$A214 -> ST160 | D10: =[3]Brewhouse!$AB214 -> 53.1 | E10: =[3]Brewhouse!$AG214 -> 47 | F10: =[3]Brewhouse!$V214 -> 59 | G10: =[3]Brewhouse!$AE214 -> 12 | I10: =[3]Brewhouse!$AS214 -> 94.64295 | J10: =[3]Brewhouse!$AT214 -> 95.923205 | K10: =[3]Brewhouse!$Q214 -> 7.4858757 | L10: =[3]Brewhouse!$P214 -> 60 | M10: =[3]Brewhouse!$U214-[3]Brewhouse!$T214 -> 0.22569444 | N10: =[3]Brewhouse!$AW214 -> 0.38680556 | O10: =[3]Brewhouse!$AV214 -> R.Sookram | P10: wort transfer pump and valve issue | R10: =B10 -> STAG | S10: =VLOOKUP($B10,$R$3:$X$9,2,FALSE) -> 11.6 | T10: =VLOOKUP($B10,$R$3:$X$9,3,FALSE) -> 12 | U10: =VLOOKUP($B10,$R$3:$X$9,4,FALSE) -> 0 | V10: =VLOOKUP($B10,$R$3:$X$9,5,FALSE) -> 0.11805556 | W10: =VLOOKUP($B10,$R$3:$X$9,6,FALSE) -> 0.22569444 | X10: =VLOOKUP($B10,$R$3:$X$9,7,FALSE) -> 0.26388889 | Y10: =VLOOKUP($B10,$R$3:$Z$9,8,FALSE) -> 0 | Z10: =VLOOKUP($B10,$R$3:$Z$9,9,FALSE) -> 60
B11: STAG | C11: =[3]Brewhouse!$A215 -> ST161 | D11: =[3]Brewhouse!$AB215 -> 53 | E11: =[3]Brewhouse!$AG215 -> 50.1 | F11: =[3]Brewhouse!$V215 -> 62 | G11: =[3]Brewhouse!$AE215 -> 11.7 | I11: =[3]Brewhouse!$AS215 -> 97.74062 | J11: =[3]Brewhouse!$AT215 -> 99.064531 | K11: =[3]Brewhouse!$Q215 -> 2.5943396 | L11: =[3]Brewhouse!$P215 -> 61 | M11: =[3]Brewhouse!$U215-[3]Brewhouse!$T215 -> 0.11597222 | N11: =[3]Brewhouse!$AW215 -> 0.39722222 | O11: =[3]Brewhouse!$AV215 -> R.Sookram | P11: copper up in pre-run | R11: =B11 -> STAG | S11: =VLOOKUP($B11,$R$3:$X$9,2,FALSE) -> 11.6 | T11: =VLOOKUP($B11,$R$3:$X$9,3,FALSE) -> 12 | U11: =VLOOKUP($B11,$R$3:$X$9,4,FALSE) -> 0 | V11: =VLOOKUP($B11,$R$3:$X$9,5,FALSE) -> 0.11805556 | W11: =VLOOKUP($B11,$R$3:$X$9,6,FALSE) -> 0.22569444 | X11: =VLOOKUP($B11,$R$3:$X$9,7,FALSE) -> 0.26388889 | Y11: =VLOOKUP($B11,$R$3:$Z$9,8,FALSE) -> 0 | Z11: =VLOOKUP($B11,$R$3:$Z$9,9,FALSE) -> 60
B12: 46148 | R12: =B12 -> 46148 | S12: =VLOOKUP($B12,$R$3:$X$9,2,FALSE) -> #N/A | T12: =VLOOKUP($B12,$R$3:$X$9,3,FALSE) -> #N/A | U12: =VLOOKUP($B12,$R$3:$X$9,4,FALSE) -> #N/A | V12: =VLOOKUP($B12,$R$3:$X$9,5,FALSE) -> #N/A | W12: =VLOOKUP($B12,$R$3:$X$9,6,FALSE) -> #N/A | X12: =VLOOKUP($B12,$R$3:$X$9,7,FALSE) -> #N/A | Y12: =VLOOKUP($B12,$R$3:$Z$9,8,FALSE) -> #N/A | Z12: =VLOOKUP($B12,$R$3:$Z$9,9,FALSE) -> #N/A
B13: STAG | C13: =[3]Brewhouse!$A216 -> ST162 | D13: =[3]Brewhouse!$AB216 -> 53.1 | E13: =[3]Brewhouse!$AG216 -> 50 | F13: =[3]Brewhouse!$V216 -> 63 | G13: =[3]Brewhouse!$AE216 -> 11.6 | I13: =[3]Brewhouse!$AS216 -> 97.156843 | J13: =[3]Brewhouse!$AT216 -> 98.471104 | K13: =[3]Brewhouse!$Q216 -> 4.2843691 | L13: =[3]Brewhouse!$P216 -> 61 | M13: =[3]Brewhouse!$U216-[3]Brewhouse!$T216 -> 0.125 | N13: =[3]Brewhouse!$AW216 -> 0.275 | O13: =[3]Brewhouse!$AV216 -> D. Gomaz | P13: spent grain issue | R13: =B13 -> STAG | S13: =VLOOKUP($B13,$R$3:$X$9,2,FALSE) -> 11.6 | T13: =VLOOKUP($B13,$R$3:$X$9,3,FALSE) -> 12 | U13: =VLOOKUP($B13,$R$3:$X$9,4,FALSE) -> 0 | V13: =VLOOKUP($B13,$R$3:$X$9,5,FALSE) -> 0.11805556 | W13: =VLOOKUP($B13,$R$3:$X$9,6,FALSE) -> 0.22569444 | X13: =VLOOKUP($B13,$R$3:$X$9,7,FALSE) -> 0.26388889 | Y13: =VLOOKUP($B13,$R$3:$Z$9,8,FALSE) -> 0 | Z13: =VLOOKUP($B13,$R$3:$Z$9,9,FALSE) -> 60
R14: =B14 -> 0 | S14: =VLOOKUP($B14,$R$3:$X$9,2,FALSE) -> #N/A | T14: =VLOOKUP($B14,$R$3:$X$9,3,FALSE) -> #N/A | U14: =VLOOKUP($B14,$R$3:$X$9,4,FALSE) -> #N/A | V14: =VLOOKUP($B14,$R$3:$X$9,5,FALSE) -> #N/A | W14: =VLOOKUP($B14,$R$3:$X$9,6,FALSE) -> #N/A | X14: =VLOOKUP($B14,$R$3:$X$9,7,FALSE) -> #N/A | Y14: =VLOOKUP($B14,$R$3:$Z$9,8,FALSE) -> #N/A | Z14: =VLOOKUP($B14,$R$3:$Z$9,9,FALSE) -> #N/A
R15: =B15 -> 0 | S15: =VLOOKUP($B15,$R$3:$X$9,2,FALSE) -> #N/A | T15: =VLOOKUP($B15,$R$3:$X$9,3,FALSE) -> #N/A | U15: =VLOOKUP($B15,$R$3:$X$9,4,FALSE) -> #N/A | V15: =VLOOKUP($B15,$R$3:$X$9,5,FALSE) -> #N/A | W15: =VLOOKUP($B15,$R$3:$X$9,6,FALSE) -> #N/A | X15: =VLOOKUP($B15,$R$3:$X$9,7,FALSE) -> #N/A | Y15: =VLOOKUP($B15,$R$3:$Z$9,8,FALSE) -> #N/A | Z15: =VLOOKUP($B15,$R$3:$Z$9,9,FALSE) -> #N/A
R16: =B16 -> 0 | S16: =VLOOKUP($B16,$R$3:$X$9,2,FALSE) -> #N/A | T16: =VLOOKUP($B16,$R$3:$X$9,3,FALSE) -> #N/A | U16: =VLOOKUP($B16,$R$3:$X$9,4,FALSE) -> #N/A | V16: =VLOOKUP($B16,$R$3:$X$9,5,FALSE) -> #N/A | W16: =VLOOKUP($B16,$R$3:$X$9,6,FALSE) -> #N/A | X16: =VLOOKUP($B16,$R$3:$X$9,7,FALSE) -> #N/A | Y16: =VLOOKUP($B16,$R$3:$Z$9,8,FALSE) -> #N/A | Z16: =VLOOKUP($B16,$R$3:$Z$9,9,FALSE) -> #N/A
R17: =B17 -> 0 | S17: =VLOOKUP($B17,$R$3:$X$9,2,FALSE) -> #N/A | T17: =VLOOKUP($B17,$R$3:$X$9,3,FALSE) -> #N/A | U17: =VLOOKUP($B17,$R$3:$X$9,4,FALSE) -> #N/A | V17: =VLOOKUP($B17,$R$3:$X$9,5,FALSE) -> #N/A | W17: =VLOOKUP($B17,$R$3:$X$9,6,FALSE) -> #N/A | X17: =VLOOKUP($B17,$R$3:$X$9,7,FALSE) -> #N/A | Y17: =VLOOKUP($B17,$R$3:$Z$9,8,FALSE) -> #N/A | Z17: =VLOOKUP($B17,$R$3:$Z$9,9,FALSE) -> #N/A
R18: =B18 -> 0 | S18: =VLOOKUP($B18,$R$3:$X$9,2,FALSE) -> #N/A | T18: =VLOOKUP($B18,$R$3:$X$9,3,FALSE) -> #N/A | U18: =VLOOKUP($B18,$R$3:$X$9,4,FALSE) -> #N/A | V18: =VLOOKUP($B18,$R$3:$X$9,5,FALSE) -> #N/A | W18: =VLOOKUP($B18,$R$3:$X$9,6,FALSE) -> #N/A | X18: =VLOOKUP($B18,$R$3:$X$9,7,FALSE) -> #N/A | Y18: =VLOOKUP($B18,$R$3:$Z$9,8,FALSE) -> #N/A | Z18: =VLOOKUP($B18,$R$3:$Z$9,9,FALSE) -> #N/A
R19: =B19 -> 0 | S19: =VLOOKUP($B19,$R$3:$X$9,2,FALSE) -> #N/A | T19: =VLOOKUP($B19,$R$3:$X$9,3,FALSE) -> #N/A | U19: =VLOOKUP($B19,$R$3:$X$9,4,FALSE) -> #N/A | V19: =VLOOKUP($B19,$R$3:$X$9,5,FALSE) -> #N/A | W19: =VLOOKUP($B19,$R$3:$X$9,6,FALSE) -> #N/A | X19: =VLOOKUP($B19,$R$3:$X$9,7,FALSE) -> #N/A | Y19: =VLOOKUP($B19,$R$3:$Z$9,8,FALSE) -> #N/A | Z19: =VLOOKUP($B19,$R$3:$Z$9,9,FALSE) -> #N/A
R20: =B20 -> 0 | S20: =VLOOKUP($B20,$R$3:$X$9,2,FALSE) -> #N/A | T20: =VLOOKUP($B20,$R$3:$X$9,3,FALSE) -> #N/A | U20: =VLOOKUP($B20,$R$3:$X$9,4,FALSE) -> #N/A | V20: =VLOOKUP($B20,$R$3:$X$9,5,FALSE) -> #N/A | W20: =VLOOKUP($B20,$R$3:$X$9,6,FALSE) -> #N/A | X20: =VLOOKUP($B20,$R$3:$X$9,7,FALSE) -> #N/A | Y20: =VLOOKUP($B20,$R$3:$Z$9,8,FALSE) -> #N/A | Z20: =VLOOKUP($B20,$R$3:$Z$9,9,FALSE) -> #N/A
R21: =B21 -> 0 | S21: =VLOOKUP($B21,$R$3:$X$9,2,FALSE) -> #N/A | T21: =VLOOKUP($B21,$R$3:$X$9,3,FALSE) -> #N/A | U21: =VLOOKUP($B21,$R$3:$X$9,4,FALSE) -> #N/A | V21: =VLOOKUP($B21,$R$3:$X$9,5,FALSE) -> #N/A | W21: =VLOOKUP($B21,$R$3:$X$9,6,FALSE) -> #N/A | X21: =VLOOKUP($B21,$R$3:$X$9,7,FALSE) -> #N/A | Y21: =VLOOKUP($B21,$R$3:$Z$9,8,FALSE) -> #N/A | Z21: =VLOOKUP($B21,$R$3:$Z$9,9,FALSE) -> #N/A
B22: BRAND | D22: BBT P.G./ O.G | I22: Brand | K22: MTD No. of Brews | L22: MTD | M22: YTD | N22: Target | R22: =B22 -> BRAND | S22: =VLOOKUP($B22,$R$3:$X$9,2,FALSE) -> #N/A | T22: =VLOOKUP($B22,$R$3:$X$9,3,FALSE) -> #N/A | U22: =VLOOKUP($B22,$R$3:$X$9,4,FALSE) -> #N/A | V22: =VLOOKUP($B22,$R$3:$X$9,5,FALSE) -> #N/A | W22: =VLOOKUP($B22,$R$3:$X$9,6,FALSE) -> #N/A | X22: =VLOOKUP($B22,$R$3:$X$9,7,FALSE) -> #N/A | Y22: =VLOOKUP($B22,$R$3:$Z$9,8,FALSE) -> #N/A | Z22: =VLOOKUP($B22,$R$3:$Z$9,9,FALSE) -> #N/A
I23: CARIB | K23: =COUNTA([4]Brewhouse!$A$372:$A$387) -> 16 | L23: =AVERAGE([4]Brewhouse!$AU$372:$AU$387) -> 98.902892 | M23: =AVERAGE([4]Brewhouse!$AU$42:$AU$123,[4]Brewhouse!$AU$125:$AU$188,[4]Brewhouse!$AU$198:$AU$290,[4]Brewhouse!$AU$292:$AU$370,[4]Brewhouse!$AU$372:$AU$387) -> 98.047809 | N23: 98 | R23: =B23 -> 0 | S23: =VLOOKUP($B23,$R$3:$X$9,2,FALSE) -> #N/A | T23: =VLOOKUP($B23,$R$3:$X$9,3,FALSE) -> #N/A | U23: =VLOOKUP($B23,$R$3:$X$9,4,FALSE) -> #N/A | V23: =VLOOKUP($B23,$R$3:$X$9,5,FALSE) -> #N/A | W23: =VLOOKUP($B23,$R$3:$X$9,6,FALSE) -> #N/A | X23: =VLOOKUP($B23,$R$3:$X$9,7,FALSE) -> #N/A | Y23: =VLOOKUP($B23,$R$3:$Z$9,8,FALSE) -> #N/A | Z23: =VLOOKUP($B23,$R$3:$Z$9,9,FALSE) -> #N/A
I24: STAG | J24: =AVERAGE(I10:I11) -> 96.191785 | K24: =COUNTA([3]Brewhouse!$A$214:$A$215) -> 2 | L24: =AVERAGE([3]Brewhouse!$AS$214:$AS$215) -> 96.191785 | M24: =AVERAGE([3]Brewhouse!$AS$52:$AS$81,[3]Brewhouse!$AS$83:$AS$124,[3]Brewhouse!$AS$134:$AS$177,[3]Brewhouse!$AS$22:$AS$179,[3]Brewhouse!$AS$214:$AS$215) -> 97.934041 | N24: 98 | R24: =B24 -> 0 | S24: =VLOOKUP($B24,$R$3:$X$9,2,FALSE) -> #N/A | T24: =VLOOKUP($B24,$R$3:$X$9,3,FALSE) -> #N/A | U24: =VLOOKUP($B24,$R$3:$X$9,4,FALSE) -> #N/A | V24: =VLOOKUP($B24,$R$3:$X$9,5,FALSE) -> #N/A | W24: =VLOOKUP($B24,$R$3:$X$9,6,FALSE) -> #N/A | X24: =VLOOKUP($B24,$R$3:$X$9,7,FALSE) -> #N/A | Y24: =VLOOKUP($B24,$R$3:$Z$9,8,FALSE) -> #N/A | Z24: =VLOOKUP($B24,$R$3:$Z$9,9,FALSE) -> #N/A
I25: GUINNESS | M25: =AVERAGE([5]Brewhouse!$AU$16:$AU$23,[5]Brewhouse!$AU$25:$AU$32,[5]Brewhouse!$AU$34:$AU$41,[5]Brewhouse!$AU$43:$AU$55) -> 96.793457 | N25: 98 | R25: =B25 -> 0 | S25: =VLOOKUP($B25,$R$3:$X$9,2,FALSE) -> #N/A | T25: =VLOOKUP($B25,$R$3:$X$9,3,FALSE) -> #N/A | U25: =VLOOKUP($B25,$R$3:$X$9,4,FALSE) -> #N/A | V25: =VLOOKUP($B25,$R$3:$X$9,5,FALSE) -> #N/A | W25: =VLOOKUP($B25,$R$3:$X$9,6,FALSE) -> #N/A | X25: =VLOOKUP($B25,$R$3:$X$9,7,FALSE) -> #N/A | Y25: =VLOOKUP($B25,$R$3:$Z$9,8,FALSE) -> #N/A | Z25: =VLOOKUP($B25,$R$3:$Z$9,9,FALSE) -> #N/A
I26: VITAMALT | M26: =AVERAGE([6]Brewhouse!$AV$23:$AV$34,[6]Brewhouse!$AV$36,[6]Brewhouse!$AV$38:$AV$52,[6]Brewhouse!$AV$54:$AV$60) -> 97.437513 | N26: 98 | R26: =B26 -> 0 | S26: =VLOOKUP($B26,$R$3:$X$9,2,FALSE) -> #N/A | T26: =VLOOKUP($B26,$R$3:$X$9,3,FALSE) -> #N/A | U26: =VLOOKUP($B26,$R$3:$X$9,4,FALSE) -> #N/A | V26: =VLOOKUP($B26,$R$3:$X$9,5,FALSE) -> #N/A | W26: =VLOOKUP($B26,$R$3:$X$9,6,FALSE) -> #N/A | X26: =VLOOKUP($B26,$R$3:$X$9,7,FALSE) -> #N/A | Y26: =VLOOKUP($B26,$R$3:$Z$9,8,FALSE) -> #N/A | Z26: =VLOOKUP($B26,$R$3:$Z$9,9,FALSE) -> #N/A
I27: MAXIMALT | N27: 98 | R27: =B27 -> 0 | S27: =VLOOKUP($B27,$R$3:$X$9,2,FALSE) -> #N/A | T27: =VLOOKUP($B27,$R$3:$X$9,3,FALSE) -> #N/A | U27: =VLOOKUP($B27,$R$3:$X$9,4,FALSE) -> #N/A | V27: =VLOOKUP($B27,$R$3:$X$9,5,FALSE) -> #N/A | W27: =VLOOKUP($B27,$R$3:$X$9,6,FALSE) -> #N/A | X27: =VLOOKUP($B27,$R$3:$X$9,7,FALSE) -> #N/A | Y27: =VLOOKUP($B27,$R$3:$Z$9,8,FALSE) -> #N/A | Z27: =VLOOKUP($B27,$R$3:$Z$9,9,FALSE) -> #N/A
I28: MACKESON | M28: =AVERAGE([7]Brewhouse!$AT$4:$AT$11) -> 92.826225 | N28: 98 | R28: =B28 -> 0 | S28: =VLOOKUP($B28,$R$3:$X$9,2,FALSE) -> #N/A | T28: =VLOOKUP($B28,$R$3:$X$9,3,FALSE) -> #N/A | U28: =VLOOKUP($B28,$R$3:$X$9,4,FALSE) -> #N/A | V28: =VLOOKUP($B28,$R$3:$X$9,5,FALSE) -> #N/A | W28: =VLOOKUP($B28,$R$3:$X$9,6,FALSE) -> #N/A | X28: =VLOOKUP($B28,$R$3:$X$9,7,FALSE) -> #N/A | Y28: =VLOOKUP($B28,$R$3:$Z$9,8,FALSE) -> #N/A | Z28: =VLOOKUP($B28,$R$3:$Z$9,9,FALSE) -> #N/A
I29: STARMALT | M29: =AVERAGE([8]Brewhouse!$AY$5:$AY$14,[8]Brewhouse!$AY$16:$AY$23,[8]Brewhouse!$AY$42,[8]Brewhouse!$AY$44:$AY$51) -> 97.608428 | N29: 98 | R29: =B29 -> 0 | S29: =VLOOKUP($B29,$R$3:$X$9,2,FALSE) -> #N/A | T29: =VLOOKUP($B29,$R$3:$X$9,3,FALSE) -> #N/A | U29: =VLOOKUP($B29,$R$3:$X$9,4,FALSE) -> #N/A | V29: =VLOOKUP($B29,$R$3:$X$9,5,FALSE) -> #N/A | W29: =VLOOKUP($B29,$R$3:$X$9,6,FALSE) -> #N/A | X29: =VLOOKUP($B29,$R$3:$X$9,7,FALSE) -> #N/A | Y29: =VLOOKUP($B29,$R$3:$Z$9,8,FALSE) -> #N/A | Z29: =VLOOKUP($B29,$R$3:$Z$9,9,FALSE) -> #N/A
I30: HR- Pils | N30: 98 | R30: =B30 -> 0 | S30: =VLOOKUP($B30,$R$3:$X$9,2,FALSE) -> #N/A | T30: =VLOOKUP($B30,$R$3:$X$9,3,FALSE) -> #N/A | U30: =VLOOKUP($B30,$R$3:$X$9,4,FALSE) -> #N/A | V30: =VLOOKUP($B30,$R$3:$X$9,5,FALSE) -> #N/A | W30: =VLOOKUP($B30,$R$3:$X$9,6,FALSE) -> #N/A | X30: =VLOOKUP($B30,$R$3:$X$9,7,FALSE) -> #N/A | Y30: =VLOOKUP($B30,$R$3:$Z$9,8,FALSE) -> #N/A | Z30: =VLOOKUP($B30,$R$3:$Z$9,9,FALSE) -> #N/A
I31: HR- IPA | N31: 98 | R31: =B31 -> 0 | S31: =VLOOKUP($B31,$R$3:$X$9,2,FALSE) -> #N/A | T31: =VLOOKUP($B31,$R$3:$X$9,3,FALSE) -> #N/A | U31: =VLOOKUP($B31,$R$3:$X$9,4,FALSE) -> #N/A | V31: =VLOOKUP($B31,$R$3:$X$9,5,FALSE) -> #N/A | W31: =VLOOKUP($B31,$R$3:$X$9,6,FALSE) -> #N/A | X31: =VLOOKUP($B31,$R$3:$X$9,7,FALSE) -> #N/A | Y31: =VLOOKUP($B31,$R$3:$Z$9,8,FALSE) -> #N/A | Z31: =VLOOKUP($B31,$R$3:$Z$9,9,FALSE) -> #N/A
I32: HR- APA | N32: 98 | R32: =B32 -> 0 | S32: =VLOOKUP($B32,$R$3:$X$9,2,FALSE) -> #N/A | T32: =VLOOKUP($B32,$R$3:$X$9,3,FALSE) -> #N/A | U32: =VLOOKUP($B32,$R$3:$X$9,4,FALSE) -> #N/A | V32: =VLOOKUP($B32,$R$3:$X$9,5,FALSE) -> #N/A | W32: =VLOOKUP($B32,$R$3:$X$9,6,FALSE) -> #N/A | X32: =VLOOKUP($B32,$R$3:$X$9,7,FALSE) -> #N/A | Y32: =VLOOKUP($B32,$R$3:$Z$9,8,FALSE) -> #N/A | Z32: =VLOOKUP($B32,$R$3:$Z$9,9,FALSE) -> #N/A
K33: =SUM(K23:K32) -> 18 | L33: =((L23*K23)+(L24*K24)+(L25*K25)+(L26*K26)+(L27*K27)+(K30*L30)+(L28*K28)+(L29*K29)+(L32*K32))/(K33) -> 98.601658 | M33: =AVERAGE('[9]Jan30th-31st'!$L$42,L33) -> 98.21485 | N33: 98 | R33: =B33 -> 0 | S33: =VLOOKUP($B33,$R$3:$X$9,2,FALSE) -> #N/A | T33: =VLOOKUP($B33,$R$3:$X$9,3,FALSE) -> #N/A | U33: =VLOOKUP($B33,$R$3:$X$9,4,FALSE) -> #N/A | V33: =VLOOKUP($B33,$R$3:$X$9,5,FALSE) -> #N/A | W33: =VLOOKUP($B33,$R$3:$X$9,6,FALSE) -> #N/A | X33: =VLOOKUP($B33,$R$3:$X$9,7,FALSE) -> #N/A | Y33: =VLOOKUP($B33,$R$3:$Z$9,8,FALSE) -> #N/A | Z33: =VLOOKUP($B33,$R$3:$Z$9,9,FALSE) -> #N/A
R34: =B34 -> 0 | S34: =VLOOKUP($B34,$R$3:$X$9,2,FALSE) -> #N/A | T34: =VLOOKUP($B34,$R$3:$X$9,3,FALSE) -> #N/A | U34: =VLOOKUP($B34,$R$3:$X$9,4,FALSE) -> #N/A | V34: =VLOOKUP($B34,$R$3:$X$9,5,FALSE) -> #N/A | W34: =VLOOKUP($B34,$R$3:$X$9,6,FALSE) -> #N/A | X34: =VLOOKUP($B34,$R$3:$X$9,7,FALSE) -> #N/A | Y34: =VLOOKUP($B34,$R$3:$Z$9,8,FALSE) -> #N/A | Z34: =VLOOKUP($B34,$R$3:$Z$9,9,FALSE) -> #N/A
J35: Daily Brewing Plan
J36: Brand | K36: Brews Achieved | L36: Average Brews per day
J37: CARIB | L37: MTD | M37: YTD | N37: TARGET
J38: STAG | K38: 2 | L38: =AVERAGE('May 2nd-23rd'!K53,'May 5th'!K47,'May 4th'!K51,'May 2nd-23rd'!K53) -> 3 | M38: =AVERAGE('[9]Jan30th-31st'!$L$47,L38,'[10]Feb 26th '!$L$39,'[11]Mar 31st'!$L$47,'[12]Apr 30th'!$L$46) -> 5.8073913 | N38: 9.2
J39: GUINN
J40: VITAMALT
J41: STARMALT
J42: MACKESON
J43: HURRICANE REEF- IPA
J44: HURRICANE REEF- APA
B45: AVERAGE | J45: HR- PILSNER
J46: CARIBE
J47: Total | K47: =SUM(K37:K46) -> 2
B48: Process: | C48: Fermentation/Filtration
B50: Brand | C50: Filt. Date | D50: FV Hls | E50: GFE/ Prim/ Vita Blend (Hls) | F50: SV Hls | G50: BBT Hls | H50: Loss (%) Ferm | I50: Loss (%) Filt | J50: Comments | K50: Throughput | L50: Process Loss (%) | M50: Filt. Operator
AB51: 43474 | AC51: 43475 | AD51: 43476 | AE51: 43477 | AF51: 43478 | AG51: 43479 | AH51: 43480 | AI51: 43481 | AJ51: 43482 | AK51: 43483 | AL51: 43484 | AM51: 43485 | AN51: 43486 | AO51: 43487 | AP51: 43488 | AQ51: 43489 | AR51: 43490 | AS51: 43491 | AT51: 43492 | AU51: 43493 | AV51: 43494 | AW51: 43495 | AX51: 43496
AB52: =[13]January_2019!L5 -> 0 | AC52: =[13]January_2019!M5 -> 0 | AD52: =[13]January_2019!N5 -> 0 | AE52: =[13]January_2019!O5 -> 0 | AF52: =[13]January_2019!P5 -> 0 | AG52: =[13]January_2019!Q5 -> 0 | AH52: =[13]January_2019!R5 -> 0 | AI52: =[13]January_2019!S5 -> 0 | ... AX52: =[13]January_2019!AH5 -> 0
AB53: =[13]January_2019!L6 -> 0 | AC53: =[13]January_2019!M6 -> 0 | AD53: =[13]January_2019!N6 -> 0 | AE53: =[13]January_2019!O6 -> 0 | AF53: =[13]January_2019!P6 -> 0 | AG53: =[13]January_2019!Q6 -> 0 | AH53: =[13]January_2019!R6 -> 0 | AI53: =[13]January_2019!S6 -> 0 | ... AX53: =[13]January_2019!AH6 -> 0
AB54: =[13]January_2019!L7 -> 285.8 | AC54: =[13]January_2019!M7 -> 508.1 | AD54: =[13]January_2019!N7 -> 0 | AE54: =[13]January_2019!O7 -> 0 | AF54: =[13]January_2019!P7 -> 109.56667 | AG54: =[13]January_2019!Q7 -> 297.65 | AH54: =[13]January_2019!R7 -> 122.3 | AI54: =[13]January_2019!S7 -> 0 | ... AX54: =[13]January_2019!AH7 -> 0
J56: 1 SBF | L56: =(((D56+E56)-G56)/(D56+E56))*100 -> #DIV/0!
B63: Process Loss (Volume) | G63: Process Loss (Extract) | K63: Throughput
B64: Brand | C64: Actual | D64: MTD | E64: YTD | F64: Target | G64: Actual | H64: MTD | I64: YTD | J64: Target | L64: MTD | M64: YTD | N64: Target
B65: CARIB | D65: 5.8952497 | E65: 6.8201051 | F65: 4.8 | H65: 5.5884697 | I65: 6.4256094 | J65: 4.8 | L65: 1.3554386 | M65: 0.49483103 | N65: 1
B66: STAG | E66: 6.3411334 | F66: 4.8 | I66: 5.6038748 | J66: 4.8 | M66: 0.72493689 | N66: 1
B67: GUINN | E67: 12.380136 | F67: 5.5 | I67: 13.201587 | J67: 5.5 | M67: 0.2727383 | N67: 1
B68: VITAMALT | D68: 4.853257 | E68: 4.6518563 | F68: 3.3 | H68: 4.737253 | I68: 4.4089875 | J68: 3.3 | L68: 0.58298246 | M68: 0.74716374 | N68: 1
B69: APA | F69: 3.3 | J69: 3 | N69: 1
B70: MACKESON | E70: 5.1105651 | F70: =[31]May_2022!$M$43 -> 3.4878407 | I70: 7.913137 | J70: 5.5 | M70: 1.3550877 | N70: 1
B71: STARMALT | E71: 3.9654241 | F71: 3.3 | I71: 4.8236555 | J71: 3.3 | M71: 0.89457115 | N71: 1
B72: IPA | F72: 7.5 | J72: 7.5 | N72: 1
B73: HURRICANE REEF PILS | F73: 4.8 | J73: 4.8 | N73: 1
D74: 5.4162553 | E74: 6.5780088 | F74: 5.5 | H74: 5.1225382 | I74: 6.4786794 | J74: 5.5 | L74: 0.84046784 | M74: 0.58040336 | N74: 1

Sheet May 6th
S1: P.G. | U1: Hot Time | W1: Process Time | Y1: Cooling Time
B2: Brewing Department Daily Process Loss Report | S2: Lower | T2: Upper | U2: Lower | V2: Upper | W2: Lower | X2: Upper | Y2: Lower | Z2: Upper
R3: CARIB | S3: 11.6 | T3: 12 | U3: 0 | V3: 0.11805556 | W3: 0.22569444 | X3: 0.26388889 | Y3: 0 | Z3: 60 | AB3: HR- PISNER
B4: Date: | C4: 46149 | J4: LOT WORT COLOUR: | M4: Filter Sheets (Target 20 days) | R4: STAG | S4: 11.6 | T4: 12 | U4: 0 | V4: 0.11805556 | W4: 0.22569444 | X4: 0.26388889 | Y4: 0 | Z4: 60
M5: Double | N5: Single | R5: GUINNESS | S5: 17 | T5: 17.5 | U5: 0 | V5: 0.10763889 | W5: 0.24652778 | X5: 0.28472222 | Y5: 0 | Z5: 60
J6: MALT LOT: Lot #13 | L6: Sheet Day | R6: MACKESON | S6: 13.3 | T6: 13.5 | U6: 0 | V6: 0.12905093 | W6: 0.27430556 | X6: 0.30208333 | Y6: 0
R7: STARMALT | S7: 17 | T7: 17.4 | U7: 0 | V7: 0.13605324 | W7: 0.27430556 | X7: 0.30902778 | Y7: 0 | Z7: 85
B8: Brand | C8: Brew no. | D8: Kett. Hls | E8: Wort | F8: Cool Time(Mins) | G8: Cast. P.G. (Lab Result) | H8: Cast P.G. (Cellar Operator)-gravity | I8: Extr. Rec (77.9%) | J8: Theor. Extr. (77.5%) | K8: Boil Off /Vol. (4-6%) | L8: Boil Time | M8: Total Hot | N8: Brewing Time | O8: Operator | R8: Hurricane Reef | S8: 16.6 | T8: 17 | U8: 0 | V8: 0.12905093 | W8: 0.27430556 | X8: 0.30208333 | Y8: 0
E9: Meter (Hls) | F9: Target(< 60Mins) | M9: Time | R9: VITAMALT | S9: 14.2 | T9: 14.6 | U9: 0 | V9: 0.13905093 | W9: 0.26041667 | X9: 0.29513889 | Y9: 0 | Z9: 75
B10: STAG | C10: =[3]Brewhouse!$A216 -> ST162 | D10: =[3]Brewhouse!$AB216 -> 53.1 | E10: =[3]Brewhouse!$AG216 -> 50 | F10: =[3]Brewhouse!$V216 -> 63 | G10: =[3]Brewhouse!$AE216 -> 11.6 | H10: 11.6 | I10: =[3]Brewhouse!$AS216 -> 97.156843 | J10: =[3]Brewhouse!$AT216 -> 98.471104 | K10: =[3]Brewhouse!$Q216 -> 4.2843691 | L10: =[3]Brewhouse!$P216 -> 61 | M10: =[3]Brewhouse!$U216-[3]Brewhouse!$T216 -> 0.125 | N10: =[3]Brewhouse!$AW216 -> 0.275 | O10: =[3]Brewhouse!$AV216 -> D. Gomaz | P10: spent grain issue | R10: =B10 -> STAG | S10: =VLOOKUP($B10,$R$3:$X$9,2,FALSE) -> 11.6 | T10: =VLOOKUP($B10,$R$3:$X$9,3,FALSE) -> 12 | U10: =VLOOKUP($B10,$R$3:$X$9,4,FALSE) -> 0 | V10: =VLOOKUP($B10,$R$3:$X$9,5,FALSE) -> 0.11805556 | W10: =VLOOKUP($B10,$R$3:$X$9,6,FALSE) -> 0.22569444 | X10: =VLOOKUP($B10,$R$3:$X$9,7,FALSE) -> 0.26388889 | Y10: =VLOOKUP($B10,$R$3:$Z$9,8,FALSE) -> 0 | Z10: =VLOOKUP($B10,$R$3:$Z$9,9,FALSE) -> 60
B11: STAG | C11: =[3]Brewhouse!$A217 -> ST163 | D11: =[3]Brewhouse!$AB217 -> 53.1 | E11: =[3]Brewhouse!$AG217 -> 50.3 | F11: =[3]Brewhouse!$V217 -> 53 | G11: =[3]Brewhouse!$AE217 -> 11.7 | H11: 11.7 | I11: =[3]Brewhouse!$AS217 -> 98.378207 | J11: =[3]Brewhouse!$AT217 -> 99.709874 | K11: =[3]Brewhouse!$Q217 -> 2.5894539 | L11: =[3]Brewhouse!$P217 -> 62 | M11: =[3]Brewhouse!$U217-[3]Brewhouse!$T217 -> 0.11319444 | N11: =[3]Brewhouse!$AW217 -> 0.27777778 | O11: =[3]Brewhouse!$AV217 -> D. Gomaz | P11: low steam pressure | R11: =B11 -> STAG | S11: =VLOOKUP($B11,$R$3:$X$9,2,FALSE) -> 11.6 | T11: =VLOOKUP($B11,$R$3:$X$9,3,FALSE) -> 12 | U11: =VLOOKUP($B11,$R$3:$X$9,4,FALSE) -> 0 | V11: =VLOOKUP($B11,$R$3:$X$9,5,FALSE) -> 0.11805556 | W11: =VLOOKUP($B11,$R$3:$X$9,6,FALSE) -> 0.22569444 | X11: =VLOOKUP($B11,$R$3:$X$9,7,FALSE) -> 0.26388889 | Y11: =VLOOKUP($B11,$R$3:$Z$9,8,FALSE) -> 0 | Z11: =VLOOKUP($B11,$R$3:$Z$9,9,FALSE) -> 60
B12: STAG | C12: =[3]Brewhouse!$A218 -> ST164 | D12: =[3]Brewhouse!$AB218 -> 53.1 | E12: =[3]Brewhouse!$AG218 -> 49.3 | F12: =[3]Brewhouse!$V218 -> 61 | G12: =[3]Brewhouse!$AE218 -> 11.9 | H12: 11.9 | I12: =[3]Brewhouse!$AS218 -> 98.866052 | J12: =[3]Brewhouse!$AT218 -> 99.736117 | K12: =[3]Brewhouse!$Q218 -> 4.0960452 | L12: =[3]Brewhouse!$P218 -> 58 | M12: =[3]Brewhouse!$U218-[3]Brewhouse!$T218 -> 0.11944444 | N12: =[3]Brewhouse!$AW218 -> 0.29791667 | O12: =[3]Brewhouse!$AV218 -> D. Gomaz | P12: late spent grain pick up | R12: =B12 -> STAG | S12: =VLOOKUP($B12,$R$3:$X$9,2,FALSE) -> 11.6 | T12: =VLOOKUP($B12,$R$3:$X$9,3,FALSE) -> 12 | U12: =VLOOKUP($B12,$R$3:$X$9,4,FALSE) -> 0 | V12: =VLOOKUP($B12,$R$3:$X$9,5,FALSE) -> 0.11805556 | W12: =VLOOKUP($B12,$R$3:$X$9,6,FALSE) -> 0.22569444 | X12: =VLOOKUP($B12,$R$3:$X$9,7,FALSE) -> 0.26388889 | Y12: =VLOOKUP($B12,$R$3:$Z$9,8,FALSE) -> 0 | Z12: =VLOOKUP($B12,$R$3:$Z$9,9,FALSE) -> 60
B13: STAG | C13: =[3]Brewhouse!$A219 -> ST165 | D13: =[3]Brewhouse!$AB219 -> 53.1 | E13: =[3]Brewhouse!$AG219 -> 49.8 | F13: =[3]Brewhouse!$V219 -> 59 | G13: =[3]Brewhouse!$AE219 -> 11.8 | H13: 11.8 | I13: =[3]Brewhouse!$AS219 -> 98.986376 | J13: =[3]Brewhouse!$AT219 -> 99.8575 | K13: =[3]Brewhouse!$Q219 -> 3.1544256 | L13: =[3]Brewhouse!$P219 -> 58 | M13: =[3]Brewhouse!$U219-[3]Brewhouse!$T219 -> 0.12222222 | N13: =[3]Brewhouse!$AW219 -> 0.28333333 | O13: =[3]Brewhouse!$AV219 -> R.Sookram | R13: =B13 -> STAG | S13: =VLOOKUP($B13,$R$3:$X$9,2,FALSE) -> 11.6 | T13: =VLOOKUP($B13,$R$3:$X$9,3,FALSE) -> 12 | U13: =VLOOKUP($B13,$R$3:$X$9,4,FALSE) -> 0 | V13: =VLOOKUP($B13,$R$3:$X$9,5,FALSE) -> 0.11805556 | W13: =VLOOKUP($B13,$R$3:$X$9,6,FALSE) -> 0.22569444 | X13: =VLOOKUP($B13,$R$3:$X$9,7,FALSE) -> 0.26388889 | Y13: =VLOOKUP($B13,$R$3:$Z$9,8,FALSE) -> 0 | Z13: =VLOOKUP($B13,$R$3:$Z$9,9,FALSE) -> 60
B14: STAG | C14: =[3]Brewhouse!$A220 -> ST166 | D14: =[3]Brewhouse!$AB220 -> 53.1 | E14: =[3]Brewhouse!$AG220 -> 49.6 | F14: =[3]Brewhouse!$V220 -> 56 | G14: =[3]Brewhouse!$AE220 -> 11.8 | H14: 12 | I14: =[3]Brewhouse!$AS220 -> 98.58884 | J14: =[3]Brewhouse!$AT220 -> 99.456466 | K14: =[3]Brewhouse!$Q220 -> 2.5894539 | L14: =[3]Brewhouse!$P220 -> 58 | M14: =[3]Brewhouse!$U220-[3]Brewhouse!$T220 -> 0.1125 | N14: =[3]Brewhouse!$AW220 -> 0.28541667 | O14: =[3]Brewhouse!$AV220 -> R.Sookram | R14: =B14 -> STAG | S14: =VLOOKUP($B14,$R$3:$X$9,2,FALSE) -> 11.6 | T14: =VLOOKUP($B14,$R$3:$X$9,3,FALSE) -> 12 | U14: =VLOOKUP($B14,$R$3:$X$9,4,FALSE) -> 0 | V14: =VLOOKUP($B14,$R$3:$X$9,5,FALSE) -> 0.11805556 | W14: =VLOOKUP($B14,$R$3:$X$9,6,FALSE) -> 0.22569444 | X14: =VLOOKUP($B14,$R$3:$X$9,7,FALSE) -> 0.26388889 | Y14: =VLOOKUP($B14,$R$3:$Z$9,8,FALSE) -> 0 | Z14: =VLOOKUP($B14,$R$3:$Z$9,9,FALSE) -> 60
B15: STAG | C15: =[3]Brewhouse!$A221 -> ST167 | D15: =[3]Brewhouse!$AB221 -> 53.1 | E15: =[3]Brewhouse!$AG221 -> 49 | F15: =[3]Brewhouse!$V221 -> 55 | G15: =[3]Brewhouse!$AE221 -> 11.9 | H15: 12.1 | I15: =[3]Brewhouse!$AS221 -> 98.140557 | J15: =[3]Brewhouse!$AT221 -> 99.004525 | K15: =[3]Brewhouse!$Q221 -> 3.7193974 | L15: =[3]Brewhouse!$P221 -> 66 | M15: =[3]Brewhouse!$U221-[3]Brewhouse!$T221 -> 0.12291667 | N15: =[3]Brewhouse!$AW221 -> 0.26041667 | O15: =[3]Brewhouse!$AV221 -> R.Sookram | R15: =B15 -> STAG | S15: =VLOOKUP($B15,$R$3:$X$9,2,FALSE) -> 11.6 | T15: =VLOOKUP($B15,$R$3:$X$9,3,FALSE) -> 12 | U15: =VLOOKUP($B15,$R$3:$X$9,4,FALSE) -> 0 | V15: =VLOOKUP($B15,$R$3:$X$9,5,FALSE) -> 0.11805556 | W15: =VLOOKUP($B15,$R$3:$X$9,6,FALSE) -> 0.22569444 | X15: =VLOOKUP($B15,$R$3:$X$9,7,FALSE) -> 0.26388889 | Y15: =VLOOKUP($B15,$R$3:$Z$9,8,FALSE) -> 0 | Z15: =VLOOKUP($B15,$R$3:$Z$9,9,FALSE) -> 60
R16: =B16 -> 0 | S16: =VLOOKUP($B16,$R$3:$X$9,2,FALSE) -> #N/A | T16: =VLOOKUP($B16,$R$3:$X$9,3,FALSE) -> #N/A | U16: =VLOOKUP($B16,$R$3:$X$9,4,FALSE) -> #N/A | V16: =VLOOKUP($B16,$R$3:$X$9,5,FALSE) -> #N/A | W16: =VLOOKUP($B16,$R$3:$X$9,6,FALSE) -> #N/A | X16: =VLOOKUP($B16,$R$3:$X$9,7,FALSE) -> #N/A | Y16: =VLOOKUP($B16,$R$3:$Z$9,8,FALSE) -> #N/A | Z16: =VLOOKUP($B16,$R$3:$Z$9,9,FALSE) -> #N/A
R17: =B17 -> 0 | S17: =VLOOKUP($B17,$R$3:$X$9,2,FALSE) -> #N/A | T17: =VLOOKUP($B17,$R$3:$X$9,3,FALSE) -> #N/A | U17: =VLOOKUP($B17,$R$3:$X$9,4,FALSE) -> #N/A | V17: =VLOOKUP($B17,$R$3:$X$9,5,FALSE) -> #N/A | W17: =VLOOKUP($B17,$R$3:$X$9,6,FALSE) -> #N/A | X17: =VLOOKUP($B17,$R$3:$X$9,7,FALSE) -> #N/A | Y17: =VLOOKUP($B17,$R$3:$Z$9,8,FALSE) -> #N/A | Z17: =VLOOKUP($B17,$R$3:$Z$9,9,FALSE) -> #N/A
R18: =B18 -> 0 | S18: =VLOOKUP($B18,$R$3:$X$9,2,FALSE) -> #N/A | T18: =VLOOKUP($B18,$R$3:$X$9,3,FALSE) -> #N/A | U18: =VLOOKUP($B18,$R$3:$X$9,4,FALSE) -> #N/A | V18: =VLOOKUP($B18,$R$3:$X$9,5,FALSE) -> #N/A | W18: =VLOOKUP($B18,$R$3:$X$9,6,FALSE) -> #N/A | X18: =VLOOKUP($B18,$R$3:$X$9,7,FALSE) -> #N/A | Y18: =VLOOKUP($B18,$R$3:$Z$9,8,FALSE) -> #N/A | Z18: =VLOOKUP($B18,$R$3:$Z$9,9,FALSE) -> #N/A
R19: =B19 -> 0 | S19: =VLOOKUP($B19,$R$3:$X$9,2,FALSE) -> #N/A | T19: =VLOOKUP($B19,$R$3:$X$9,3,FALSE) -> #N/A | U19: =VLOOKUP($B19,$R$3:$X$9,4,FALSE) -> #N/A | V19: =VLOOKUP($B19,$R$3:$X$9,5,FALSE) -> #N/A | W19: =VLOOKUP($B19,$R$3:$X$9,6,FALSE) -> #N/A | X19: =VLOOKUP($B19,$R$3:$X$9,7,FALSE) -> #N/A | Y19: =VLOOKUP($B19,$R$3:$Z$9,8,FALSE) -> #N/A | Z19: =VLOOKUP($B19,$R$3:$Z$9,9,FALSE) -> #N/A
R20: =B20 -> 0 | S20: =VLOOKUP($B20,$R$3:$X$9,2,FALSE) -> #N/A | T20: =VLOOKUP($B20,$R$3:$X$9,3,FALSE) -> #N/A | U20: =VLOOKUP($B20,$R$3:$X$9,4,FALSE) -> #N/A | V20: =VLOOKUP($B20,$R$3:$X$9,5,FALSE) -> #N/A | W20: =VLOOKUP($B20,$R$3:$X$9,6,FALSE) -> #N/A | X20: =VLOOKUP($B20,$R$3:$X$9,7,FALSE) -> #N/A | Y20: =VLOOKUP($B20,$R$3:$Z$9,8,FALSE) -> #N/A | Z20: =VLOOKUP($B20,$R$3:$Z$9,9,FALSE) -> #N/A
R21: =B21 -> 0 | S21: =VLOOKUP($B21,$R$3:$X$9,2,FALSE) -> #N/A | T21: =VLOOKUP($B21,$R$3:$X$9,3,FALSE) -> #N/A | U21: =VLOOKUP($B21,$R$3:$X$9,4,FALSE) -> #N/A | V21: =VLOOKUP($B21,$R$3:$X$9,5,FALSE) -> #N/A | W21: =VLOOKUP($B21,$R$3:$X$9,6,FALSE) -> #N/A | X21: =VLOOKUP($B21,$R$3:$X$9,7,FALSE) -> #N/A | Y21: =VLOOKUP($B21,$R$3:$Z$9,8,FALSE) -> #N/A | Z21: =VLOOKUP($B21,$R$3:$Z$9,9,FALSE) -> #N/A
R22: =B22 -> 0 | S22: =VLOOKUP($B22,$R$3:$X$9,2,FALSE) -> #N/A | T22: =VLOOKUP($B22,$R$3:$X$9,3,FALSE) -> #N/A | U22: =VLOOKUP($B22,$R$3:$X$9,4,FALSE) -> #N/A | V22: =VLOOKUP($B22,$R$3:$X$9,5,FALSE) -> #N/A | W22: =VLOOKUP($B22,$R$3:$X$9,6,FALSE) -> #N/A | X22: =VLOOKUP($B22,$R$3:$X$9,7,FALSE) -> #N/A | Y22: =VLOOKUP($B22,$R$3:$Z$9,8,FALSE) -> #N/A | Z22: =VLOOKUP($B22,$R$3:$Z$9,9,FALSE) -> #N/A
R23: =B23 -> 0 | S23: =VLOOKUP($B23,$R$3:$X$9,2,FALSE) -> #N/A | T23: =VLOOKUP($B23,$R$3:$X$9,3,FALSE) -> #N/A | U23: =VLOOKUP($B23,$R$3:$X$9,4,FALSE) -> #N/A | V23: =VLOOKUP($B23,$R$3:$X$9,5,FALSE) -> #N/A | W23: =VLOOKUP($B23,$R$3:$X$9,6,FALSE) -> #N/A | X23: =VLOOKUP($B23,$R$3:$X$9,7,FALSE) -> #N/A | Y23: =VLOOKUP($B23,$R$3:$Z$9,8,FALSE) -> #N/A | Z23: =VLOOKUP($B23,$R$3:$Z$9,9,FALSE) -> #N/A
R24: =B24 -> 0 | S24: =VLOOKUP($B24,$R$3:$X$9,2,FALSE) -> #N/A | T24: =VLOOKUP($B24,$R$3:$X$9,3,FALSE) -> #N/A | U24: =VLOOKUP($B24,$R$3:$X$9,4,FALSE) -> #N/A | V24: =VLOOKUP($B24,$R$3:$X$9,5,FALSE) -> #N/A | W24: =VLOOKUP($B24,$R$3:$X$9,6,FALSE) -> #N/A | X24: =VLOOKUP($B24,$R$3:$X$9,7,FALSE) -> #N/A | Y24: =VLOOKUP($B24,$R$3:$Z$9,8,FALSE) -> #N/A | Z24: =VLOOKUP($B24,$R$3:$Z$9,9,FALSE) -> #N/A
R25: =B25 -> 0 | S25: =VLOOKUP($B25,$R$3:$X$9,2,FALSE) -> #N/A | T25: =VLOOKUP($B25,$R$3:$X$9,3,FALSE) -> #N/A | U25: =VLOOKUP($B25,$R$3:$X$9,4,FALSE) -> #N/A | V25: =VLOOKUP($B25,$R$3:$X$9,5,FALSE) -> #N/A | W25: =VLOOKUP($B25,$R$3:$X$9,6,FALSE) -> #N/A | X25: =VLOOKUP($B25,$R$3:$X$9,7,FALSE) -> #N/A | Y25: =VLOOKUP($B25,$R$3:$Z$9,8,FALSE) -> #N/A | Z25: =VLOOKUP($B25,$R$3:$Z$9,9,FALSE) -> #N/A
R26: =B26 -> 0 | S26: =VLOOKUP($B26,$R$3:$X$9,2,FALSE) -> #N/A | T26: =VLOOKUP($B26,$R$3:$X$9,3,FALSE) -> #N/A | U26: =VLOOKUP($B26,$R$3:$X$9,4,FALSE) -> #N/A | V26: =VLOOKUP($B26,$R$3:$X$9,5,FALSE) -> #N/A | W26: =VLOOKUP($B26,$R$3:$X$9,6,FALSE) -> #N/A | X26: =VLOOKUP($B26,$R$3:$X$9,7,FALSE) -> #N/A | Y26: =VLOOKUP($B26,$R$3:$Z$9,8,FALSE) -> #N/A | Z26: =VLOOKUP($B26,$R$3:$Z$9,9,FALSE) -> #N/A
R27: =B27 -> 0 | S27: =VLOOKUP($B27,$R$3:$X$9,2,FALSE) -> #N/A | T27: =VLOOKUP($B27,$R$3:$X$9,3,FALSE) -> #N/A | U27: =VLOOKUP($B27,$R$3:$X$9,4,FALSE) -> #N/A | V27: =VLOOKUP($B27,$R$3:$X$9,5,FALSE) -> #N/A | W27: =VLOOKUP($B27,$R$3:$X$9,6,FALSE) -> #N/A | X27: =VLOOKUP($B27,$R$3:$X$9,7,FALSE) -> #N/A | Y27: =VLOOKUP($B27,$R$3:$Z$9,8,FALSE) -> #N/A | Z27: =VLOOKUP($B27,$R$3:$Z$9,9,FALSE) -> #N/A
R28: =B28 -> 0 | S28: =VLOOKUP($B28,$R$3:$X$9,2,FALSE) -> #N/A | T28: =VLOOKUP($B28,$R$3:$X$9,3,FALSE) -> #N/A | U28: =VLOOKUP($B28,$R$3:$X$9,4,FALSE) -> #N/A | V28: =VLOOKUP($B28,$R$3:$X$9,5,FALSE) -> #N/A | W28: =VLOOKUP($B28,$R$3:$X$9,6,FALSE) -> #N/A | X28: =VLOOKUP($B28,$R$3:$X$9,7,FALSE) -> #N/A | Y28: =VLOOKUP($B28,$R$3:$Z$9,8,FALSE) -> #N/A | Z28: =VLOOKUP($B28,$R$3:$Z$9,9,FALSE) -> #N/A
B29: BRAND | D29: BBT P.G./ O.G | I29: Brand | K29: MTD No. of Brews | L29: MTD | M29: YTD | N29: Target | R29: =B29 -> BRAND | S29: =VLOOKUP($B29,$R$3:$X$9,2,FALSE) -> #N/A | T29: =VLOOKUP($B29,$R$3:$X$9,3,FALSE) -> #N/A | U29: =VLOOKUP($B29,$R$3:$X$9,4,FALSE) -> #N/A | V29: =VLOOKUP($B29,$R$3:$X$9,5,FALSE) -> #N/A | W29: =VLOOKUP($B29,$R$3:$X$9,6,FALSE) -> #N/A | X29: =VLOOKUP($B29,$R$3:$X$9,7,FALSE) -> #N/A | Y29: =VLOOKUP($B29,$R$3:$Z$9,8,FALSE) -> #N/A | Z29: =VLOOKUP($B29,$R$3:$Z$9,9,FALSE) -> #N/A
I30: CARIB | K30: =COUNTA([4]Brewhouse!$A$372:$A$387) -> 16 | L30: =AVERAGE([4]Brewhouse!$AU$372:$AU$387) -> 98.902892 | M30: =AVERAGE([4]Brewhouse!$AU$42:$AU$123,[4]Brewhouse!$AU$125:$AU$188,[4]Brewhouse!$AU$198:$AU$290,[4]Brewhouse!$AU$292:$AU$370,[4]Brewhouse!$AU$372:$AU$387) -> 98.047809 | N30: 98 | R30: =B30 -> 0 | S30: =VLOOKUP($B30,$R$3:$X$9,2,FALSE) -> #N/A | T30: =VLOOKUP($B30,$R$3:$X$9,3,FALSE) -> #N/A | U30: =VLOOKUP($B30,$R$3:$X$9,4,FALSE) -> #N/A | V30: =VLOOKUP($B30,$R$3:$X$9,5,FALSE) -> #N/A | W30: =VLOOKUP($B30,$R$3:$X$9,6,FALSE) -> #N/A | X30: =VLOOKUP($B30,$R$3:$X$9,7,FALSE) -> #N/A | Y30: =VLOOKUP($B30,$R$3:$Z$9,8,FALSE) -> #N/A | Z30: =VLOOKUP($B30,$R$3:$Z$9,9,FALSE) -> #N/A
I31: STAG | J31: =AVERAGE(I10:I15) -> 98.352812 | K31: =COUNTA([3]Brewhouse!$A$214:$A$221) -> 8 | L31: =AVERAGE([3]Brewhouse!$AS$214:$AS$221) -> 97.812556 | M31: =AVERAGE([3]Brewhouse!$AS$52:$AS$81,[3]Brewhouse!$AS$83:$AS$124,[3]Brewhouse!$AS$134:$AS$177,[3]Brewhouse!$AS$22:$AS$179,[3]Brewhouse!$AS$214:$AS$221) -> 97.942951 | N31: 98 | R31: =B31 -> 0 | S31: =VLOOKUP($B31,$R$3:$X$9,2,FALSE) -> #N/A | T31: =VLOOKUP($B31,$R$3:$X$9,3,FALSE) -> #N/A | U31: =VLOOKUP($B31,$R$3:$X$9,4,FALSE) -> #N/A | V31: =VLOOKUP($B31,$R$3:$X$9,5,FALSE) -> #N/A | W31: =VLOOKUP($B31,$R$3:$X$9,6,FALSE) -> #N/A | X31: =VLOOKUP($B31,$R$3:$X$9,7,FALSE) -> #N/A | Y31: =VLOOKUP($B31,$R$3:$Z$9,8,FALSE) -> #N/A | Z31: =VLOOKUP($B31,$R$3:$Z$9,9,FALSE) -> #N/A
I32: GUINNESS | M32: =AVERAGE([5]Brewhouse!$AU$16:$AU$23,[5]Brewhouse!$AU$25:$AU$32,[5]Brewhouse!$AU$34:$AU$41,[5]Brewhouse!$AU$43:$AU$55) -> 96.793457 | N32: 98 | R32: =B32 -> 0 | S32: =VLOOKUP($B32,$R$3:$X$9,2,FALSE) -> #N/A | T32: =VLOOKUP($B32,$R$3:$X$9,3,FALSE) -> #N/A | U32: =VLOOKUP($B32,$R$3:$X$9,4,FALSE) -> #N/A | V32: =VLOOKUP($B32,$R$3:$X$9,5,FALSE) -> #N/A | W32: =VLOOKUP($B32,$R$3:$X$9,6,FALSE) -> #N/A | X32: =VLOOKUP($B32,$R$3:$X$9,7,FALSE) -> #N/A | Y32: =VLOOKUP($B32,$R$3:$Z$9,8,FALSE) -> #N/A | Z32: =VLOOKUP($B32,$R$3:$Z$9,9,FALSE) -> #N/A
I33: VITAMALT | M33: =AVERAGE([6]Brewhouse!$AV$23:$AV$34,[6]Brewhouse!$AV$36,[6]Brewhouse!$AV$38:$AV$52,[6]Brewhouse!$AV$54:$AV$60) -> 97.437513 | N33: 98 | R33: =B33 -> 0 | S33: =VLOOKUP($B33,$R$3:$X$9,2,FALSE) -> #N/A | T33: =VLOOKUP($B33,$R$3:$X$9,3,FALSE) -> #N/A | U33: =VLOOKUP($B33,$R$3:$X$9,4,FALSE) -> #N/A | V33: =VLOOKUP($B33,$R$3:$X$9,5,FALSE) -> #N/A | W33: =VLOOKUP($B33,$R$3:$X$9,6,FALSE) -> #N/A | X33: =VLOOKUP($B33,$R$3:$X$9,7,FALSE) -> #N/A | Y33: =VLOOKUP($B33,$R$3:$Z$9,8,FALSE) -> #N/A | Z33: =VLOOKUP($B33,$R$3:$Z$9,9,FALSE) -> #N/A
I34: MAXIMALT | N34: 98 | R34: =B34 -> 0 | S34: =VLOOKUP($B34,$R$3:$X$9,2,FALSE) -> #N/A | T34: =VLOOKUP($B34,$R$3:$X$9,3,FALSE) -> #N/A | U34: =VLOOKUP($B34,$R$3:$X$9,4,FALSE) -> #N/A | V34: =VLOOKUP($B34,$R$3:$X$9,5,FALSE) -> #N/A | W34: =VLOOKUP($B34,$R$3:$X$9,6,FALSE) -> #N/A | X34: =VLOOKUP($B34,$R$3:$X$9,7,FALSE) -> #N/A | Y34: =VLOOKUP($B34,$R$3:$Z$9,8,FALSE) -> #N/A | Z34: =VLOOKUP($B34,$R$3:$Z$9,9,FALSE) -> #N/A
I35: MACKESON | M35: =AVERAGE([7]Brewhouse!$AT$4:$AT$11) -> 92.826225 | N35: 98 | R35: =B35 -> 0 | S35: =VLOOKUP($B35,$R$3:$X$9,2,FALSE) -> #N/A | T35: =VLOOKUP($B35,$R$3:$X$9,3,FALSE) -> #N/A | U35: =VLOOKUP($B35,$R$3:$X$9,4,FALSE) -> #N/A | V35: =VLOOKUP($B35,$R$3:$X$9,5,FALSE) -> #N/A | W35: =VLOOKUP($B35,$R$3:$X$9,6,FALSE) -> #N/A | X35: =VLOOKUP($B35,$R$3:$X$9,7,FALSE) -> #N/A | Y35: =VLOOKUP($B35,$R$3:$Z$9,8,FALSE) -> #N/A | Z35: =VLOOKUP($B35,$R$3:$Z$9,9,FALSE) -> #N/A
I36: STARMALT | M36: =AVERAGE([8]Brewhouse!$AY$5:$AY$14,[8]Brewhouse!$AY$16:$AY$23,[8]Brewhouse!$AY$42,[8]Brewhouse!$AY$44:$AY$51) -> 97.608428 | N36: 98 | R36: =B36 -> 0 | S36: =VLOOKUP($B36,$R$3:$X$9,2,FALSE) -> #N/A | T36: =VLOOKUP($B36,$R$3:$X$9,3,FALSE) -> #N/A | U36: =VLOOKUP($B36,$R$3:$X$9,4,FALSE) -> #N/A | V36: =VLOOKUP($B36,$R$3:$X$9,5,FALSE) -> #N/A | W36: =VLOOKUP($B36,$R$3:$X$9,6,FALSE) -> #N/A | X36: =VLOOKUP($B36,$R$3:$X$9,7,FALSE) -> #N/A | Y36: =VLOOKUP($B36,$R$3:$Z$9,8,FALSE) -> #N/A | Z36: =VLOOKUP($B36,$R$3:$Z$9,9,FALSE) -> #N/A
I37: HR- Pils | N37: 98 | R37: =B37 -> 0 | S37: =VLOOKUP($B37,$R$3:$X$9,2,FALSE) -> #N/A | T37: =VLOOKUP($B37,$R$3:$X$9,3,FALSE) -> #N/A | U37: =VLOOKUP($B37,$R$3:$X$9,4,FALSE) -> #N/A | V37: =VLOOKUP($B37,$R$3:$X$9,5,FALSE) -> #N/A | W37: =VLOOKUP($B37,$R$3:$X$9,6,FALSE) -> #N/A | X37: =VLOOKUP($B37,$R$3:$X$9,7,FALSE) -> #N/A | Y37: =VLOOKUP($B37,$R$3:$Z$9,8,FALSE) -> #N/A | Z37: =VLOOKUP($B37,$R$3:$Z$9,9,FALSE) -> #N/A
I38: HR- IPA | N38: 98 | R38: =B38 -> 0 | S38: =VLOOKUP($B38,$R$3:$X$9,2,FALSE) -> #N/A | T38: =VLOOKUP($B38,$R$3:$X$9,3,FALSE) -> #N/A | U38: =VLOOKUP($B38,$R$3:$X$9,4,FALSE) -> #N/A | V38: =VLOOKUP($B38,$R$3:$X$9,5,FALSE) -> #N/A | W38: =VLOOKUP($B38,$R$3:$X$9,6,FALSE) -> #N/A | X38: =VLOOKUP($B38,$R$3:$X$9,7,FALSE) -> #N/A | Y38: =VLOOKUP($B38,$R$3:$Z$9,8,FALSE) -> #N/A | Z38: =VLOOKUP($B38,$R$3:$Z$9,9,FALSE) -> #N/A
I39: HR- APA | N39: 98 | R39: =B39 -> 0 | S39: =VLOOKUP($B39,$R$3:$X$9,2,FALSE) -> #N/A | T39: =VLOOKUP($B39,$R$3:$X$9,3,FALSE) -> #N/A | U39: =VLOOKUP($B39,$R$3:$X$9,4,FALSE) -> #N/A | V39: =VLOOKUP($B39,$R$3:$X$9,5,FALSE) -> #N/A | W39: =VLOOKUP($B39,$R$3:$X$9,6,FALSE) -> #N/A | X39: =VLOOKUP($B39,$R$3:$X$9,7,FALSE) -> #N/A | Y39: =VLOOKUP($B39,$R$3:$Z$9,8,FALSE) -> #N/A | Z39: =VLOOKUP($B39,$R$3:$Z$9,9,FALSE) -> #N/A
K40: =SUM(K30:K39) -> 24 | L40: =((L30*K30)+(L31*K31)+(L32*K32)+(L33*K33)+(L34*K34)+(K37*L37)+(L35*K35)+(L36*K36)+(L39*K39))/(K40) -> 98.539447 | M40: =AVERAGE('[9]Jan30th-31st'!$L$42,L40) -> 98.183744 | N40: 98 | R40: =B40 -> 0 | S40: =VLOOKUP($B40,$R$3:$X$9,2,FALSE) -> #N/A | T40: =VLOOKUP($B40,$R$3:$X$9,3,FALSE) -> #N/A | U40: =VLOOKUP($B40,$R$3:$X$9,4,FALSE) -> #N/A | V40: =VLOOKUP($B40,$R$3:$X$9,5,FALSE) -> #N/A | W40: =VLOOKUP($B40,$R$3:$X$9,6,FALSE) -> #N/A | X40: =VLOOKUP($B40,$R$3:$X$9,7,FALSE) -> #N/A | Y40: =VLOOKUP($B40,$R$3:$Z$9,8,FALSE) -> #N/A | Z40: =VLOOKUP($B40,$R$3:$Z$9,9,FALSE) -> #N/A
R41: =B41 -> 0 | S41: =VLOOKUP($B41,$R$3:$X$9,2,FALSE) -> #N/A | T41: =VLOOKUP($B41,$R$3:$X$9,3,FALSE) -> #N/A | U41: =VLOOKUP($B41,$R$3:$X$9,4,FALSE) -> #N/A | V41: =VLOOKUP($B41,$R$3:$X$9,5,FALSE) -> #N/A | W41: =VLOOKUP($B41,$R$3:$X$9,6,FALSE) -> #N/A | X41: =VLOOKUP($B41,$R$3:$X$9,7,FALSE) -> #N/A | Y41: =VLOOKUP($B41,$R$3:$Z$9,8,FALSE) -> #N/A | Z41: =VLOOKUP($B41,$R$3:$Z$9,9,FALSE) -> #N/A
J42: Daily Brewing Plan
J43: Brand | K43: Brews Achieved | L43: Average Brews per day
J44: CARIB | L44: MTD | M44: YTD | N44: TARGET
J45: STAG | K45: 6 | L45: =AVERAGE('May 2nd-23rd'!K53,'May 6th'!K54,'May 4th'!K51,'May 5th'!K47,'May 2nd-23rd'!K53) -> 3.6 | M45: =AVERAGE('[9]Jan30th-31st'!$L$47,L45,'[10]Feb 26th '!$L$39,'[11]Mar 31st'!$L$47,'[12]Apr 30th'!$L$46) -> 5.9273913 | N45: 9.2
J46: GUINN
J47: VITAMALT
J48: STARMALT
J49: MACKESON
J50: HURRICANE REEF- IPA
J51: HURRICANE REEF- APA
B52: AVERAGE | J52: HR- PILSNER
J53: CARIBE
J54: Total | K54: =SUM(K44:K53) -> 6
B55: Process: | C55: Fermentation/Filtration
B57: Brand | C57: Filt. Date | D57: FV Hls | E57: GFE/ Prim/ Vita Blend (Hls) | F57: SV Hls | G57: BBT Hls | H57: Loss (%) Ferm | I57: Loss (%) Filt | J57: Comments | K57: Throughput | L57: Process Loss (%) | M57: Filt. Operator
AB58: 43474 | AC58: 43475 | AD58: 43476 | AE58: 43477 | AF58: 43478 | AG58: 43479 | AH58: 43480 | AI58: 43481 | AJ58: 43482 | AK58: 43483 | AL58: 43484 | AM58: 43485 | AN58: 43486 | AO58: 43487 | AP58: 43488 | AQ58: 43489 | AR58: 43490 | AS58: 43491 | AT58: 43492 | AU58: 43493 | AV58: 43494 | AW58: 43495 | AX58: 43496
B59: =I30 -> CARIB | C59: 46148 | D59: =[32]May_2026!$I$3 -> 708.8 | G59: =[32]May_2026!$I$7 -> 667 | J59: 5 SBF | K59: =[34]May_2026!$I$18 -> 0.39005848 | L59: =(((D59+E59)-G59)/(D59+E59))*100 -> 5.8972912 | M59: K. Neptune | AB59: =[13]January_2019!L5 -> 0 | AC59: =[13]January_2019!M5 -> 0 | AD59: =[13]January_2019!N5 -> 0 | AE59: =[13]January_2019!O5 -> 0 | AF59: =[13]January_2019!P5 -> 0 | AG59: =[13]January_2019!Q5 -> 0 | AH59: =[13]January_2019!R5 -> 0 | AI59: =[13]January_2019!S5 -> 0 | ... AX59: =[13]January_2019!AH5 -> 0
AB60: =[13]January_2019!L6 -> 0 | AC60: =[13]January_2019!M6 -> 0 | AD60: =[13]January_2019!N6 -> 0 | AE60: =[13]January_2019!O6 -> 0 | AF60: =[13]January_2019!P6 -> 0 | AG60: =[13]January_2019!Q6 -> 0 | AH60: =[13]January_2019!R6 -> 0 | AI60: =[13]January_2019!S6 -> 0 | ... AX60: =[13]January_2019!AH6 -> 0
AB61: =[13]January_2019!L7 -> 285.8 | AC61: =[13]January_2019!M7 -> 508.1 | AD61: =[13]January_2019!N7 -> 0 | AE61: =[13]January_2019!O7 -> 0 | AF61: =[13]January_2019!P7 -> 109.56667 | AG61: =[13]January_2019!Q7 -> 297.65 | AH61: =[13]January_2019!R7 -> 122.3 | AI61: =[13]January_2019!S7 -> 0 | ... AX61: =[13]January_2019!AH7 -> 0
J63: 1 SBF | L63: =(((D63+E63)-G63)/(D63+E63))*100 -> #DIV/0!
B70: Process Loss (Volume) | G70: Process Loss (Extract) | K70: Throughput
B71: Brand | C71: Actual | D71: MTD | E71: YTD | F71: Target | G71: Actual | H71: MTD | I71: YTD | J71: Target | L71: MTD | M71: YTD | N71: Target
B72: CARIB | C72: =L59 -> 5.8972912 | D72: 5.8965425 | E72: 6.7643054 | F72: 4.8 | G72: =[32]May_2026!$I$11 -> 5.9737975 | H72: 5.8326981 | I72: 6.4056669 | J72: 4.8 | K72: =K59 -> 0.39005848 | L72: 0.87274854 | M72: 0.49274974 | N72: 1
B73: STAG | E73: 6.3411334 | F73: 4.8 | I73: 5.6038748 | J73: 4.8 | M73: 0.72493689 | N73: 1
B74: GUINN | E74: 12.380136 | F74: 5.5 | I74: 13.201587 | J74: 5.5 | M74: 0.2727383 | N74: 1
B75: VITAMALT | D75: 4.853257 | E75: 4.6518563 | F75: 3.3 | H75: 4.737253 | I75: 4.4089875 | J75: 3.3 | L75: 0.58298246 | M75: 0.74716374 | N75: 1
B76: APA | F76: 3.3 | J76: 3 | N76: 1
B77: MACKESON | E77: 5.1105651 | F77: =[31]May_2022!$M$43 -> 3.4878407 | I77: 7.913137 | J77: 5.5 | M77: 1.3550877 | N77: 1
B78: STARMALT | E78: 3.9654241 | F78: 3.3 | I78: 4.8236555 | J78: 3.3 | M78: 0.89457115 | N78: 1
B79: IPA | F79: 7.5 | J79: 7.5 | N79: 1
B80: HURRICANE REEF PILS | F80: 4.8 | J80: 4.8 | N80: 1
D81: 5.6484287 | E81: 6.5566266 | F81: 5.5 | H81: 5.496488 | I81: 6.4677829 | J81: 5.5 | L81: 0.7278655 | M81: 0.57819004 | N81: 1

Sheet May 7th
S1: P.G. | U1: Hot Time | W1: Process Time | Y1: Cooling Time
B2: Brewing Department Daily Process Loss Report | S2: Lower | T2: Upper | U2: Lower | V2: Upper | W2: Lower | X2: Upper | Y2: Lower | Z2: Upper
R3: CARIB | S3: 11.6 | T3: 12 | U3: 0 | V3: 0.11805556 | W3: 0.22569444 | X3: 0.26388889 | Y3: 0 | Z3: 60 | AB3: HR- PISNER
B4: Date: | C4: 46150 | J4: LOT WORT COLOUR: | M4: Filter Sheets (Target 20 days) | R4: STAG | S4: 11.6 | T4: 12 | U4: 0 | V4: 0.11805556 | W4: 0.22569444 | X4: 0.26388889 | Y4: 0 | Z4: 60
M5: Double | N5: Single | R5: GUINNESS | S5: 17 | T5: 17.5 | U5: 0 | V5: 0.10763889 | W5: 0.24652778 | X5: 0.28472222 | Y5: 0 | Z5: 60
J6: MALT LOT: Lot #13 | L6: Sheet Day | R6: MACKESON | S6: 13.3 | T6: 13.5 | U6: 0 | V6: 0.12905093 | W6: 0.27430556 | X6: 0.30208333 | Y6: 0
R7: STARMALT | S7: 17 | T7: 17.4 | U7: 0 | V7: 0.13605324 | W7: 0.27430556 | X7: 0.30902778 | Y7: 0 | Z7: 85
B8: Brand | C8: Brew no. | D8: Kett. Hls | E8: Wort | F8: Cool Time(Mins) | G8: Cast. P.G. (Lab Result) | H8: Cast P.G. (Cellar Operator)-gravity | I8: Extr. Rec (77.9%) | J8: Theor. Extr. (77.5%) | K8: Boil Off /Vol. (4-6%) | L8: Boil Time | M8: Total Hot | N8: Brewing Time | O8: Operator | R8: Hurricane Reef | S8: 16.6 | T8: 17 | U8: 0 | V8: 0.12905093 | W8: 0.27430556 | X8: 0.30208333 | Y8: 0
E9: Meter (Hls) | F9: Target(< 60Mins) | M9: Time | R9: VITAMALT | S9: 14.2 | T9: 14.6 | U9: 0 | V9: 0.13905093 | W9: 0.26041667 | X9: 0.29513889 | Y9: 0 | Z9: 75
B10: STAG | C10: =[3]Brewhouse!$A222 -> ST168 | D10: =[3]Brewhouse!$AB222 -> 53.1 | E10: =[3]Brewhouse!$AG222 -> 46.2 | F10: =[3]Brewhouse!$V222 -> 50 | G10: =[3]Brewhouse!$AE222 -> 12 | H10: 12 | I10: =[3]Brewhouse!$AS222 -> 94.541914 | J10: =[3]Brewhouse!$AT222 -> 95.371402 | K10: =[3]Brewhouse!$Q222 -> 9.5574388 | L10: =[3]Brewhouse!$P222 -> 58 | M10: =[3]Brewhouse!$U222-[3]Brewhouse!$T222 -> 0.10833333 | N10: =[3]Brewhouse!$AW222 -> 0.26111111 | O10: =[3]Brewhouse!$AV222 -> G. Mason | R10: =B10 -> STAG | S10: =VLOOKUP($B10,$R$3:$X$9,2,FALSE) -> 11.6 | T10: =VLOOKUP($B10,$R$3:$X$9,3,FALSE) -> 12 | U10: =VLOOKUP($B10,$R$3:$X$9,4,FALSE) -> 0 | V10: =VLOOKUP($B10,$R$3:$X$9,5,FALSE) -> 0.11805556 | W10: =VLOOKUP($B10,$R$3:$X$9,6,FALSE) -> 0.22569444 | X10: =VLOOKUP($B10,$R$3:$X$9,7,FALSE) -> 0.26388889 | Y10: =VLOOKUP($B10,$R$3:$Z$9,8,FALSE) -> 0 | Z10: =VLOOKUP($B10,$R$3:$Z$9,9,FALSE) -> 60
B11: STAG | C11: =[3]Brewhouse!$A223 -> ST169 | D11: =[3]Brewhouse!$AB223 -> 53.1 | E11: =[3]Brewhouse!$AG223 -> 49.84 | F11: =[3]Brewhouse!$V223 -> 52 | G11: =[3]Brewhouse!$AE223 -> 11.8 | H11: 11.8 | I11: =[3]Brewhouse!$AS223 -> 99.065883 | J11: =[3]Brewhouse!$AT223 -> 99.937706 | K11: =[3]Brewhouse!$Q223 -> 4.2843691 | L11: =[3]Brewhouse!$P223 -> 59 | M11: =[3]Brewhouse!$U223-[3]Brewhouse!$T223 -> 0.11111111 | N11: =[3]Brewhouse!$AW223 -> 0.26527778 | O11: =[3]Brewhouse!$AV223 -> R.Sookram | R11: =B11 -> STAG | S11: =VLOOKUP($B11,$R$3:$X$9,2,FALSE) -> 11.6 | T11: =VLOOKUP($B11,$R$3:$X$9,3,FALSE) -> 12 | U11: =VLOOKUP($B11,$R$3:$X$9,4,FALSE) -> 0 | V11: =VLOOKUP($B11,$R$3:$X$9,5,FALSE) -> 0.11805556 | W11: =VLOOKUP($B11,$R$3:$X$9,6,FALSE) -> 0.22569444 | X11: =VLOOKUP($B11,$R$3:$X$9,7,FALSE) -> 0.26388889 | Y11: =VLOOKUP($B11,$R$3:$Z$9,8,FALSE) -> 0 | Z11: =VLOOKUP($B11,$R$3:$Z$9,9,FALSE) -> 60
B12: STAG | C12: =[3]Brewhouse!$A224 -> ST170 | D12: =[3]Brewhouse!$AB224 -> 53.1 | E12: =[3]Brewhouse!$AG224 -> 48.1 | F12: =[3]Brewhouse!$V224 -> 51 | G12: =[3]Brewhouse!$AE224 -> 11.8 | H12: 12.2 | I12: =[3]Brewhouse!$AS224 -> 95.607323 | J12: =[3]Brewhouse!$AT224 -> 96.448709 | K12: =[3]Brewhouse!$Q224 -> 6.1676083 | L12: =[3]Brewhouse!$P224 -> 59 | M12: =[3]Brewhouse!$U224-[3]Brewhouse!$T224 -> 0.12083333 | N12: =[3]Brewhouse!$AW224 -> 0.26805556 | O12: =[3]Brewhouse!$AV224 -> R.Sookram | R12: =B12 -> STAG | S12: =VLOOKUP($B12,$R$3:$X$9,2,FALSE) -> 11.6 | T12: =VLOOKUP($B12,$R$3:$X$9,3,FALSE) -> 12 | U12: =VLOOKUP($B12,$R$3:$X$9,4,FALSE) -> 0 | V12: =VLOOKUP($B12,$R$3:$X$9,5,FALSE) -> 0.11805556 | W12: =VLOOKUP($B12,$R$3:$X$9,6,FALSE) -> 0.22569444 | X12: =VLOOKUP($B12,$R$3:$X$9,7,FALSE) -> 0.26388889 | Y12: =VLOOKUP($B12,$R$3:$Z$9,8,FALSE) -> 0 | Z12: =VLOOKUP($B12,$R$3:$Z$9,9,FALSE) -> 60
B13: STAG | C13: =[3]Brewhouse!$A225 -> ST171 | D13: =[3]Brewhouse!$AB225 -> 53 | E13: =[3]Brewhouse!$AG225 -> 48.8 | F13: =[3]Brewhouse!$V225 -> 54 | G13: =[3]Brewhouse!$AE225 -> 12 | H13: 12.5 | I13: =[3]Brewhouse!$AS225 -> 98.852785 | J13: =[3]Brewhouse!$AT225 -> 99.722443 | K13: =[3]Brewhouse!$Q225 -> 4.6698113 | L13: =[3]Brewhouse!$P225 -> 62 | M13: =[3]Brewhouse!$U225-[3]Brewhouse!$T225 -> 0.1125 | N13: =[3]Brewhouse!$AW225 -> 0.26875 | O13: =[3]Brewhouse!$AV225 -> R.Sookram | R13: =B13 -> STAG | S13: =VLOOKUP($B13,$R$3:$X$9,2,FALSE) -> 11.6 | T13: =VLOOKUP($B13,$R$3:$X$9,3,FALSE) -> 12 | U13: =VLOOKUP($B13,$R$3:$X$9,4,FALSE) -> 0 | V13: =VLOOKUP($B13,$R$3:$X$9,5,FALSE) -> 0.11805556 | W13: =VLOOKUP($B13,$R$3:$X$9,6,FALSE) -> 0.22569444 | X13: =VLOOKUP($B13,$R$3:$X$9,7,FALSE) -> 0.26388889 | Y13: =VLOOKUP($B13,$R$3:$Z$9,8,FALSE) -> 0 | Z13: =VLOOKUP($B13,$R$3:$Z$9,9,FALSE) -> 60
B14: STAG | C14: =[3]Brewhouse!$A226 -> ST172 | D14: =[3]Brewhouse!$AB226 -> 53 | E14: =[3]Brewhouse!$AG226 -> 49.3 | F14: =[3]Brewhouse!$V226 -> 58 | G14: =[3]Brewhouse!$AE226 -> 11.9 | H14: 12.2 | I14: =[3]Brewhouse!$AS226 -> 98.991001 | J14: =[3]Brewhouse!$AT226 -> 99.861876 | K14: =[3]Brewhouse!$Q226 -> 5.6132075 | L14: =[3]Brewhouse!$P226 -> 61 | M14: =[3]Brewhouse!$U226-[3]Brewhouse!$T226 -> 0.11805556 | N14: =[3]Brewhouse!$AW226 -> 0.26666667 | O14: =[3]Brewhouse!$AV226 -> K. Benjamin | R14: =B14 -> STAG | S14: =VLOOKUP($B14,$R$3:$X$9,2,FALSE) -> 11.6 | T14: =VLOOKUP($B14,$R$3:$X$9,3,FALSE) -> 12 | U14: =VLOOKUP($B14,$R$3:$X$9,4,FALSE) -> 0 | V14: =VLOOKUP($B14,$R$3:$X$9,5,FALSE) -> 0.11805556 | W14: =VLOOKUP($B14,$R$3:$X$9,6,FALSE) -> 0.22569444 | X14: =VLOOKUP($B14,$R$3:$X$9,7,FALSE) -> 0.26388889 | Y14: =VLOOKUP($B14,$R$3:$Z$9,8,FALSE) -> 0 | Z14: =VLOOKUP($B14,$R$3:$Z$9,9,FALSE) -> 60
B15: STAG | C15: =[3]Brewhouse!$A227 -> ST173 | D15: =[3]Brewhouse!$AB227 -> 53 | E15: =[3]Brewhouse!$AG227 -> 49.7 | F15: =[3]Brewhouse!$V227 -> 60 | G15: =[3]Brewhouse!$AE227 -> 11.8 | H15: 11.8 | I15: =[3]Brewhouse!$AS227 -> 98.912458 | J15: =[3]Brewhouse!$AT227 -> 99.782641 | K15: =[3]Brewhouse!$Q227 -> 4.1037736 | L15: =[3]Brewhouse!$P227 -> 59 | M15: =[3]Brewhouse!$U227-[3]Brewhouse!$T227 -> 0.11736111 | N15: =[3]Brewhouse!$AW227 -> 0.26388889 | O15: =[3]Brewhouse!$AV227 -> K. Benjamin | R15: =B15 -> STAG | S15: =VLOOKUP($B15,$R$3:$X$9,2,FALSE) -> 11.6 | T15: =VLOOKUP($B15,$R$3:$X$9,3,FALSE) -> 12 | U15: =VLOOKUP($B15,$R$3:$X$9,4,FALSE) -> 0 | V15: =VLOOKUP($B15,$R$3:$X$9,5,FALSE) -> 0.11805556 | W15: =VLOOKUP($B15,$R$3:$X$9,6,FALSE) -> 0.22569444 | X15: =VLOOKUP($B15,$R$3:$X$9,7,FALSE) -> 0.26388889 | Y15: =VLOOKUP($B15,$R$3:$Z$9,8,FALSE) -> 0 | Z15: =VLOOKUP($B15,$R$3:$Z$9,9,FALSE) -> 60
B16: STAG | C16: =[3]Brewhouse!$A228 -> ST174 | D16: =[3]Brewhouse!$AB228 -> 53 | E16: =[3]Brewhouse!$AG228 -> 49.7 | F16: =[3]Brewhouse!$V228 -> 60 | G16: =[3]Brewhouse!$AE228 -> 11.7 | H16: 11.9 | I16: =[3]Brewhouse!$AS228 -> 98.030742 | J16: =[3]Brewhouse!$AT228 -> 98.893169 | K16: =[3]Brewhouse!$Q228 -> 3.9150943 | L16: =[3]Brewhouse!$P228 -> 62 | M16: =[3]Brewhouse!$U228-[3]Brewhouse!$T228 -> 0.11736111 | N16: =[3]Brewhouse!$AW228 -> 0.25763889 | O16: =[3]Brewhouse!$AV228 -> K. Benjamin | R16: =B16 -> STAG | S16: =VLOOKUP($B16,$R$3:$X$9,2,FALSE) -> 11.6 | T16: =VLOOKUP($B16,$R$3:$X$9,3,FALSE) -> 12 | U16: =VLOOKUP($B16,$R$3:$X$9,4,FALSE) -> 0 | V16: =VLOOKUP($B16,$R$3:$X$9,5,FALSE) -> 0.11805556 | W16: =VLOOKUP($B16,$R$3:$X$9,6,FALSE) -> 0.22569444 | X16: =VLOOKUP($B16,$R$3:$X$9,7,FALSE) -> 0.26388889 | Y16: =VLOOKUP($B16,$R$3:$Z$9,8,FALSE) -> 0 | Z16: =VLOOKUP($B16,$R$3:$Z$9,9,FALSE) -> 60
B17: STAG | C17: =[3]Brewhouse!$A229 -> ST175 | D17: =[3]Brewhouse!$AB229 -> 53 | E17: =[3]Brewhouse!$AG229 -> 49.8 | F17: =[3]Brewhouse!$V229 -> 60 | G17: =[3]Brewhouse!$AE229 -> 11.7 | H17: 11.7 | I17: =[3]Brewhouse!$AS229 -> 98.227987 | J17: =[3]Brewhouse!$AT229 -> 99.092149 | K17: =[3]Brewhouse!$Q229 -> 5.2358491 | L17: =[3]Brewhouse!$P229 -> 61 | M17: =[3]Brewhouse!$U229-[3]Brewhouse!$T229 -> 0.13055556 | N17: =[3]Brewhouse!$AW229 -> 0.27638889 | O17: =[3]Brewhouse!$AV229 -> K. Benjamin | R17: =B17 -> STAG | S17: =VLOOKUP($B17,$R$3:$X$9,2,FALSE) -> 11.6 | T17: =VLOOKUP($B17,$R$3:$X$9,3,FALSE) -> 12 | U17: =VLOOKUP($B17,$R$3:$X$9,4,FALSE) -> 0 | V17: =VLOOKUP($B17,$R$3:$X$9,5,FALSE) -> 0.11805556 | W17: =VLOOKUP($B17,$R$3:$X$9,6,FALSE) -> 0.22569444 | X17: =VLOOKUP($B17,$R$3:$X$9,7,FALSE) -> 0.26388889 | Y17: =VLOOKUP($B17,$R$3:$Z$9,8,FALSE) -> 0 | Z17: =VLOOKUP($B17,$R$3:$Z$9,9,FALSE) -> 60
R18: =B18 -> 0 | S18: =VLOOKUP($B18,$R$3:$X$9,2,FALSE) -> #N/A | T18: =VLOOKUP($B18,$R$3:$X$9,3,FALSE) -> #N/A | U18: =VLOOKUP($B18,$R$3:$X$9,4,FALSE) -> #N/A | V18: =VLOOKUP($B18,$R$3:$X$9,5,FALSE) -> #N/A | W18: =VLOOKUP($B18,$R$3:$X$9,6,FALSE) -> #N/A | X18: =VLOOKUP($B18,$R$3:$X$9,7,FALSE) -> #N/A | Y18: =VLOOKUP($B18,$R$3:$Z$9,8,FALSE) -> #N/A | Z18: =VLOOKUP($B18,$R$3:$Z$9,9,FALSE) -> #N/A
R19: =B19 -> 0 | S19: =VLOOKUP($B19,$R$3:$X$9,2,FALSE) -> #N/A | T19: =VLOOKUP($B19,$R$3:$X$9,3,FALSE) -> #N/A | U19: =VLOOKUP($B19,$R$3:$X$9,4,FALSE) -> #N/A | V19: =VLOOKUP($B19,$R$3:$X$9,5,FALSE) -> #N/A | W19: =VLOOKUP($B19,$R$3:$X$9,6,FALSE) -> #N/A | X19: =VLOOKUP($B19,$R$3:$X$9,7,FALSE) -> #N/A | Y19: =VLOOKUP($B19,$R$3:$Z$9,8,FALSE) -> #N/A | Z19: =VLOOKUP($B19,$R$3:$Z$9,9,FALSE) -> #N/A
B20: CARIB | C20: =[4]Brewhouse!$A388 -> CA343 | D20: =[4]Brewhouse!$AF388 -> 52.4 | E20: =[4]Brewhouse!$AI388 -> 50.5 | F20: =[4]Brewhouse!$V388 -> 63 | G20: =[4]Brewhouse!AG388 -> 11.5 | H20: 11.5 | I20: =[4]Brewhouse!$AU388 -> 95.883571 | J20: =[4]Brewhouse!$AV388 -> 96.896837 | K20: =[4]Brewhouse!$Q388 -> 4.4731978 | L20: =[4]Brewhouse!$P388 -> 59 | M20: =[4]Brewhouse!$U388-[4]Brewhouse!$T388 -> 0.11944444 | N20: =[4]Brewhouse!$Z388 -> 0.27638889 | O20: =[4]Brewhouse!$AX388 -> D. Gomaz | P20: spent grain issues | R20: =B20 -> CARIB | S20: =VLOOKUP($B20,$R$3:$X$9,2,FALSE) -> 11.6 | T20: =VLOOKUP($B20,$R$3:$X$9,3,FALSE) -> 12 | U20: =VLOOKUP($B20,$R$3:$X$9,4,FALSE) -> 0 | V20: =VLOOKUP($B20,$R$3:$X$9,5,FALSE) -> 0.11805556 | W20: =VLOOKUP($B20,$R$3:$X$9,6,FALSE) -> 0.22569444 | X20: =VLOOKUP($B20,$R$3:$X$9,7,FALSE) -> 0.26388889 | Y20: =VLOOKUP($B20,$R$3:$Z$9,8,FALSE) -> 0 | Z20: =VLOOKUP($B20,$R$3:$Z$9,9,FALSE) -> 60
R21: =B21 -> 0 | S21: =VLOOKUP($B21,$R$3:$X$9,2,FALSE) -> #N/A | T21: =VLOOKUP($B21,$R$3:$X$9,3,FALSE) -> #N/A | U21: =VLOOKUP($B21,$R$3:$X$9,4,FALSE) -> #N/A | V21: =VLOOKUP($B21,$R$3:$X$9,5,FALSE) -> #N/A | W21: =VLOOKUP($B21,$R$3:$X$9,6,FALSE) -> #N/A | X21: =VLOOKUP($B21,$R$3:$X$9,7,FALSE) -> #N/A | Y21: =VLOOKUP($B21,$R$3:$Z$9,8,FALSE) -> #N/A | Z21: =VLOOKUP($B21,$R$3:$Z$9,9,FALSE) -> #N/A
R22: =B22 -> 0 | S22: =VLOOKUP($B22,$R$3:$X$9,2,FALSE) -> #N/A | T22: =VLOOKUP($B22,$R$3:$X$9,3,FALSE) -> #N/A | U22: =VLOOKUP($B22,$R$3:$X$9,4,FALSE) -> #N/A | V22: =VLOOKUP($B22,$R$3:$X$9,5,FALSE) -> #N/A | W22: =VLOOKUP($B22,$R$3:$X$9,6,FALSE) -> #N/A | X22: =VLOOKUP($B22,$R$3:$X$9,7,FALSE) -> #N/A | Y22: =VLOOKUP($B22,$R$3:$Z$9,8,FALSE) -> #N/A | Z22: =VLOOKUP($B22,$R$3:$Z$9,9,FALSE) -> #N/A
B23: BRAND | D23: BBT P.G./ O.G | I23: Brand | K23: MTD No. of Brews | L23: MTD | M23: YTD | N23: Target | R23: =B23 -> BRAND | S23: =VLOOKUP($B23,$R$3:$X$9,2,FALSE) -> #N/A | T23: =VLOOKUP($B23,$R$3:$X$9,3,FALSE) -> #N/A | U23: =VLOOKUP($B23,$R$3:$X$9,4,FALSE) -> #N/A | V23: =VLOOKUP($B23,$R$3:$X$9,5,FALSE) -> #N/A | W23: =VLOOKUP($B23,$R$3:$X$9,6,FALSE) -> #N/A | X23: =VLOOKUP($B23,$R$3:$X$9,7,FALSE) -> #N/A | Y23: =VLOOKUP($B23,$R$3:$Z$9,8,FALSE) -> #N/A | Z23: =VLOOKUP($B23,$R$3:$Z$9,9,FALSE) -> #N/A
I24: CARIB | J24: =I20 -> 95.883571 | K24: =COUNTA([4]Brewhouse!$A$372:$A$388) -> 17 | L24: =AVERAGE([4]Brewhouse!$AU$372:$AU$388) -> 98.725285 | M24: =AVERAGE([4]Brewhouse!$AU$42:$AU$123,[4]Brewhouse!$AU$125:$AU$188,[4]Brewhouse!$AU$198:$AU$290,[4]Brewhouse!$AU$292:$AU$370,[4]Brewhouse!$AU$372:$AU$388) -> 98.04133 | N24: 98 | R24: =B24 -> 0 | S24: =VLOOKUP($B24,$R$3:$X$9,2,FALSE) -> #N/A | T24: =VLOOKUP($B24,$R$3:$X$9,3,FALSE) -> #N/A | U24: =VLOOKUP($B24,$R$3:$X$9,4,FALSE) -> #N/A | V24: =VLOOKUP($B24,$R$3:$X$9,5,FALSE) -> #N/A | W24: =VLOOKUP($B24,$R$3:$X$9,6,FALSE) -> #N/A | X24: =VLOOKUP($B24,$R$3:$X$9,7,FALSE) -> #N/A | Y24: =VLOOKUP($B24,$R$3:$Z$9,8,FALSE) -> #N/A | Z24: =VLOOKUP($B24,$R$3:$Z$9,9,FALSE) -> #N/A
I25: STAG | J25: =AVERAGE(I10:I17) -> 97.778762 | K25: =COUNTA([3]Brewhouse!$A$214:$A$229) -> 16 | L25: =AVERAGE([3]Brewhouse!$AS$214:$AS$229) -> 97.795659 | M25: =AVERAGE([3]Brewhouse!$AS$52:$AS$81,[3]Brewhouse!$AS$83:$AS$124,[3]Brewhouse!$AS$134:$AS$177,[3]Brewhouse!$AS$22:$AS$179,[3]Brewhouse!$AS$214:$AS$229) -> 97.938421 | N25: 98 | R25: =B25 -> 0 | S25: =VLOOKUP($B25,$R$3:$X$9,2,FALSE) -> #N/A | T25: =VLOOKUP($B25,$R$3:$X$9,3,FALSE) -> #N/A | U25: =VLOOKUP($B25,$R$3:$X$9,4,FALSE) -> #N/A | V25: =VLOOKUP($B25,$R$3:$X$9,5,FALSE) -> #N/A | W25: =VLOOKUP($B25,$R$3:$X$9,6,FALSE) -> #N/A | X25: =VLOOKUP($B25,$R$3:$X$9,7,FALSE) -> #N/A | Y25: =VLOOKUP($B25,$R$3:$Z$9,8,FALSE) -> #N/A | Z25: =VLOOKUP($B25,$R$3:$Z$9,9,FALSE) -> #N/A
I26: GUINNESS | M26: =AVERAGE([5]Brewhouse!$AU$16:$AU$23,[5]Brewhouse!$AU$25:$AU$32,[5]Brewhouse!$AU$34:$AU$41,[5]Brewhouse!$AU$43:$AU$55) -> 96.793457 | N26: 98 | R26: =B26 -> 0 | S26: =VLOOKUP($B26,$R$3:$X$9,2,FALSE) -> #N/A | T26: =VLOOKUP($B26,$R$3:$X$9,3,FALSE) -> #N/A | U26: =VLOOKUP($B26,$R$3:$X$9,4,FALSE) -> #N/A | V26: =VLOOKUP($B26,$R$3:$X$9,5,FALSE) -> #N/A | W26: =VLOOKUP($B26,$R$3:$X$9,6,FALSE) -> #N/A | X26: =VLOOKUP($B26,$R$3:$X$9,7,FALSE) -> #N/A | Y26: =VLOOKUP($B26,$R$3:$Z$9,8,FALSE) -> #N/A | Z26: =VLOOKUP($B26,$R$3:$Z$9,9,FALSE) -> #N/A
I27: VITAMALT | M27: =AVERAGE([6]Brewhouse!$AV$23:$AV$34,[6]Brewhouse!$AV$36,[6]Brewhouse!$AV$38:$AV$52,[6]Brewhouse!$AV$54:$AV$60) -> 97.437513 | N27: 98 | R27: =B27 -> 0 | S27: =VLOOKUP($B27,$R$3:$X$9,2,FALSE) -> #N/A | T27: =VLOOKUP($B27,$R$3:$X$9,3,FALSE) -> #N/A | U27: =VLOOKUP($B27,$R$3:$X$9,4,FALSE) -> #N/A | V27: =VLOOKUP($B27,$R$3:$X$9,5,FALSE) -> #N/A | W27: =VLOOKUP($B27,$R$3:$X$9,6,FALSE) -> #N/A | X27: =VLOOKUP($B27,$R$3:$X$9,7,FALSE) -> #N/A | Y27: =VLOOKUP($B27,$R$3:$Z$9,8,FALSE) -> #N/A | Z27: =VLOOKUP($B27,$R$3:$Z$9,9,FALSE) -> #N/A
I28: MAXIMALT | N28: 98 | R28: =B28 -> 0 | S28: =VLOOKUP($B28,$R$3:$X$9,2,FALSE) -> #N/A | T28: =VLOOKUP($B28,$R$3:$X$9,3,FALSE) -> #N/A | U28: =VLOOKUP($B28,$R$3:$X$9,4,FALSE) -> #N/A | V28: =VLOOKUP($B28,$R$3:$X$9,5,FALSE) -> #N/A | W28: =VLOOKUP($B28,$R$3:$X$9,6,FALSE) -> #N/A | X28: =VLOOKUP($B28,$R$3:$X$9,7,FALSE) -> #N/A | Y28: =VLOOKUP($B28,$R$3:$Z$9,8,FALSE) -> #N/A | Z28: =VLOOKUP($B28,$R$3:$Z$9,9,FALSE) -> #N/A
I29: MACKESON | M29: =AVERAGE([7]Brewhouse!$AT$4:$AT$11) -> 92.826225 | N29: 98 | R29: =B29 -> 0 | S29: =VLOOKUP($B29,$R$3:$X$9,2,FALSE) -> #N/A | T29: =VLOOKUP($B29,$R$3:$X$9,3,FALSE) -> #N/A | U29: =VLOOKUP($B29,$R$3:$X$9,4,FALSE) -> #N/A | V29: =VLOOKUP($B29,$R$3:$X$9,5,FALSE) -> #N/A | W29: =VLOOKUP($B29,$R$3:$X$9,6,FALSE) -> #N/A | X29: =VLOOKUP($B29,$R$3:$X$9,7,FALSE) -> #N/A | Y29: =VLOOKUP($B29,$R$3:$Z$9,8,FALSE) -> #N/A | Z29: =VLOOKUP($B29,$R$3:$Z$9,9,FALSE) -> #N/A
I30: STARMALT | M30: =AVERAGE([8]Brewhouse!$AY$5:$AY$14,[8]Brewhouse!$AY$16:$AY$23,[8]Brewhouse!$AY$42,[8]Brewhouse!$AY$44:$AY$51) -> 97.608428 | N30: 98 | R30: =B30 -> 0 | S30: =VLOOKUP($B30,$R$3:$X$9,2,FALSE) -> #N/A | T30: =VLOOKUP($B30,$R$3:$X$9,3,FALSE) -> #N/A | U30: =VLOOKUP($B30,$R$3:$X$9,4,FALSE) -> #N/A | V30: =VLOOKUP($B30,$R$3:$X$9,5,FALSE) -> #N/A | W30: =VLOOKUP($B30,$R$3:$X$9,6,FALSE) -> #N/A | X30: =VLOOKUP($B30,$R$3:$X$9,7,FALSE) -> #N/A | Y30: =VLOOKUP($B30,$R$3:$Z$9,8,FALSE) -> #N/A | Z30: =VLOOKUP($B30,$R$3:$Z$9,9,FALSE) -> #N/A
I31: HR- Pils | N31: 98 | R31: =B31 -> 0 | S31: =VLOOKUP($B31,$R$3:$X$9,2,FALSE) -> #N/A | T31: =VLOOKUP($B31,$R$3:$X$9,3,FALSE) -> #N/A | U31: =VLOOKUP($B31,$R$3:$X$9,4,FALSE) -> #N/A | V31: =VLOOKUP($B31,$R$3:$X$9,5,FALSE) -> #N/A | W31: =VLOOKUP($B31,$R$3:$X$9,6,FALSE) -> #N/A | X31: =VLOOKUP($B31,$R$3:$X$9,7,FALSE) -> #N/A | Y31: =VLOOKUP($B31,$R$3:$Z$9,8,FALSE) -> #N/A | Z31: =VLOOKUP($B31,$R$3:$Z$9,9,FALSE) -> #N/A
I32: HR- IPA | N32: 98 | R32: =B32 -> 0 | S32: =VLOOKUP($B32,$R$3:$X$9,2,FALSE) -> #N/A | T32: =VLOOKUP($B32,$R$3:$X$9,3,FALSE) -> #N/A | U32: =VLOOKUP($B32,$R$3:$X$9,4,FALSE) -> #N/A | V32: =VLOOKUP($B32,$R$3:$X$9,5,FALSE) -> #N/A | W32: =VLOOKUP($B32,$R$3:$X$9,6,FALSE) -> #N/A | X32: =VLOOKUP($B32,$R$3:$X$9,7,FALSE) -> #N/A | Y32: =VLOOKUP($B32,$R$3:$Z$9,8,FALSE) -> #N/A | Z32: =VLOOKUP($B32,$R$3:$Z$9,9,FALSE) -> #N/A
I33: HR- APA | N33: 98 | R33: =B33 -> 0 | S33: =VLOOKUP($B33,$R$3:$X$9,2,FALSE) -> #N/A | T33: =VLOOKUP($B33,$R$3:$X$9,3,FALSE) -> #N/A | U33: =VLOOKUP($B33,$R$3:$X$9,4,FALSE) -> #N/A | V33: =VLOOKUP($B33,$R$3:$X$9,5,FALSE) -> #N/A | W33: =VLOOKUP($B33,$R$3:$X$9,6,FALSE) -> #N/A | X33: =VLOOKUP($B33,$R$3:$X$9,7,FALSE) -> #N/A | Y33: =VLOOKUP($B33,$R$3:$Z$9,8,FALSE) -> #N/A | Z33: =VLOOKUP($B33,$R$3:$Z$9,9,FALSE) -> #N/A
K34: =SUM(K24:K33) -> 33 | L34: =((L24*K24)+(L25*K25)+(L26*K26)+(L27*K27)+(L28*K28)+(K31*L31)+(L29*K29)+(L30*K30)+(L33*K33))/(K34) -> 98.274557 | M34: =AVERAGE('[9]Jan30th-31st'!$L$42,L34) -> 98.051299 | N34: 98 | R34: =B34 -> 0 | S34: =VLOOKUP($B34,$R$3:$X$9,2,FALSE) -> #N/A | T34: =VLOOKUP($B34,$R$3:$X$9,3,FALSE) -> #N/A | U34: =VLOOKUP($B34,$R$3:$X$9,4,FALSE) -> #N/A | V34: =VLOOKUP($B34,$R$3:$X$9,5,FALSE) -> #N/A | W34: =VLOOKUP($B34,$R$3:$X$9,6,FALSE) -> #N/A | X34: =VLOOKUP($B34,$R$3:$X$9,7,FALSE) -> #N/A | Y34: =VLOOKUP($B34,$R$3:$Z$9,8,FALSE) -> #N/A | Z34: =VLOOKUP($B34,$R$3:$Z$9,9,FALSE) -> #N/A
R35: =B35 -> 0 | S35: =VLOOKUP($B35,$R$3:$X$9,2,FALSE) -> #N/A | T35: =VLOOKUP($B35,$R$3:$X$9,3,FALSE) -> #N/A | U35: =VLOOKUP($B35,$R$3:$X$9,4,FALSE) -> #N/A | V35: =VLOOKUP($B35,$R$3:$X$9,5,FALSE) -> #N/A | W35: =VLOOKUP($B35,$R$3:$X$9,6,FALSE) -> #N/A | X35: =VLOOKUP($B35,$R$3:$X$9,7,FALSE) -> #N/A | Y35: =VLOOKUP($B35,$R$3:$Z$9,8,FALSE) -> #N/A | Z35: =VLOOKUP($B35,$R$3:$Z$9,9,FALSE) -> #N/A
J36: Daily Brewing Plan
J37: Brand | K37: Brews Achieved | L37: Average Brews per day
J38: CARIB | L38: MTD | M38: YTD | N38: TARGET
J39: STAG | K39: 8 | L39: =AVEDEV('May 2nd-23rd'!J53,'May 2nd-23rd'!K53,'May 4th'!K51,'May 5th'!K47,'May 6th'!K54,K48) -> 2.5555556 | M39: =AVERAGE('[9]Jan30th-31st'!$L$47,L39,'[10]Feb 26th '!$L$39,'[11]Mar 31st'!$L$47,'[12]Apr 30th'!$L$46) -> 5.7185024 | N39: 9.2
J40: GUINN
J41: VITAMALT
J42: STARMALT
J43: MACKESON
J44: HURRICANE REEF- IPA
J45: HURRICANE REEF- APA
B46: AVERAGE | J46: HR- PILSNER
J47: CARIBE
J48: Total | K48: =SUM(K38:K47) -> 8
B49: Process: | C49: Fermentation/Filtration
B51: Brand | C51: Filt. Date | D51: FV Hls | E51: GFE/ Prim/ Vita Blend (Hls) | F51: SV Hls | G51: BBT Hls | H51: Loss (%) Ferm | I51: Loss (%) Filt | J51: Comments | K51: Throughput | L51: Process Loss (%) | M51: Filt. Operator
AB52: 43474 | AC52: 43475 | AD52: 43476 | AE52: 43477 | AF52: 43478 | AG52: 43479 | AH52: 43480 | AI52: 43481 | AJ52: 43482 | AK52: 43483 | AL52: 43484 | AM52: 43485 | AN52: 43486 | AO52: 43487 | AP52: 43488 | AQ52: 43489 | AR52: 43490 | AS52: 43491 | AT52: 43492 | AU52: 43493 | AV52: 43494 | AW52: 43495 | AX52: 43496
B53: =J39 -> STAG | C53: 46149 | D53: =[32]May_2026!$I$13 -> 404 | G53: =[32]May_2026!$I$17 -> 384.6 | J53: 2 SBF | K53: =[34]May_2026!$I$25 -> 0.44982456 | L53: =(((D53+E53)-G53)/(D53+E53))*100 -> 4.8019802 | M53: G. Mason | AB53: =[13]January_2019!L5 -> 0 | AC53: =[13]January_2019!M5 -> 0 | AD53: =[13]January_2019!N5 -> 0 | AE53: =[13]January_2019!O5 -> 0 | AF53: =[13]January_2019!P5 -> 0 | AG53: =[13]January_2019!Q5 -> 0 | AH53: =[13]January_2019!R5 -> 0 | AI53: =[13]January_2019!S5 -> 0 | ... AX53: =[13]January_2019!AH5 -> 0
AB54: =[13]January_2019!L6 -> 0 | AC54: =[13]January_2019!M6 -> 0 | AD54: =[13]January_2019!N6 -> 0 | AE54: =[13]January_2019!O6 -> 0 | AF54: =[13]January_2019!P6 -> 0 | AG54: =[13]January_2019!Q6 -> 0 | AH54: =[13]January_2019!R6 -> 0 | AI54: =[13]January_2019!S6 -> 0 | ... AX54: =[13]January_2019!AH6 -> 0
B55: =J39 -> STAG | C55: 46149 | D55: =[32]May_2026!$J$13 -> 185.7 | G55: =[32]May_2026!$J$17 -> 170 | J55: 1 SBF | K55: =[34]May_2026!$J$25 -> 0.29824561 | L55: =(((D55+E55)-G55)/(D55+E55))*100 -> 8.4544965 | M55: K. Hosten | AB55: =[13]January_2019!L7 -> 285.8 | AC55: =[13]January_2019!M7 -> 508.1 | AD55: =[13]January_2019!N7 -> 0 | AE55: =[13]January_2019!O7 -> 0 | AF55: =[13]January_2019!P7 -> 109.56667 | AG55: =[13]January_2019!Q7 -> 297.65 | AH55: =[13]January_2019!R7 -> 122.3 | AI55: =[13]January_2019!S7 -> 0 | ... AX55: =[13]January_2019!AH7 -> 0
J57: 1 SBF | L57: =(((D57+E57)-G57)/(D57+E57))*100 -> #DIV/0!
B64: Process Loss (Volume) | G64: Process Loss (Extract) | K64: Throughput
B65: Brand | C65: Actual | D65: MTD | E65: YTD | F65: Target | G65: Actual | H65: MTD | I65: YTD | J65: Target | L65: MTD | M65: YTD | N65: Target
B66: CARIB | D66: 5.8965425 | E66: 6.7643054 | F66: 4.8 | H66: 5.8326981 | I66: 6.4056669 | J66: 4.8 | L66: 0.87274854 | M66: 0.49274974 | N66: 1
B67: STAG | C67: =SUM(L53,L55) -> 13.256477 | D67: 5.9521791 | E67: 6.303827 | F67: 4.8 | G67: =AVERAGE([32]May_2026!$I$21:$J$21) -> 6.2534039 | H67: 5.6002539 | I67: 5.6036172 | J67: 4.8 | K67: =AVERAGE(K53,K55) -> 0.37403509 | L67: 0.37403509 | M67: 0.68732637 | N67: 1
B68: GUINN | E68: 12.380136 | F68: 5.5 | I68: 13.201587 | J68: 5.5 | M68: 0.2727383 | N68: 1
B69: VITAMALT | D69: 4.853257 | E69: 4.6518563 | F69: 3.3 | H69: 4.737253 | I69: 4.4089875 | J69: 3.3 | L69: 0.58298246 | M69: 0.74716374 | N69: 1
B70: APA | F70: 3.3 | J70: 3 | N70: 1
B71: MACKESON | E71: 5.1105651 | F71: 5.5 | I71: 7.913137 | J71: 5.5 | M71: 1.3550877 | N71: 1
B72: STARMALT | E72: 3.9654241 | F72: 3.3 | I72: 4.8236555 | J72: 3.3 | M72: 0.89457115 | N72: 1
B73: IPA | F73: 7.5 | J73: 7.5 | N73: 1
B74: HURRICANE REEF PILS | F74: 4.8 | J74: 4.8 | N74: 1
D75: 5.7354549 | E75: 6.5412327 | F75: 5.5 | H75: 5.5244551 | I75: 6.452337 | J75: 5.5 | L75: 0.60992203 | M75: 0.57355016 | N75: 1

Sheet May 8th -9th
S1: P.G. | U1: Hot Time | W1: Process Time | Y1: Cooling Time
B2: Brewing Department Daily Process Loss Report | S2: Lower | T2: Upper | U2: Lower | V2: Upper | W2: Lower | X2: Upper | Y2: Lower | Z2: Upper
R3: CARIB | S3: 11.6 | T3: 12 | U3: 0 | V3: 0.11805556 | W3: 0.22569444 | X3: 0.26388889 | Y3: 0 | Z3: 60 | AB3: HR- PISNER
B4: Date: | C4: 46153 | J4: LOT WORT COLOUR: | M4: Filter Sheets (Target 20 days) | R4: STAG | S4: 11.6 | T4: 12 | U4: 0 | V4: 0.11805556 | W4: 0.22569444 | X4: 0.26388889 | Y4: 0 | Z4: 60
M5: Double | N5: Single | R5: GUINNESS | S5: 17 | T5: 17.5 | U5: 0 | V5: 0.10763889 | W5: 0.24652778 | X5: 0.28472222 | Y5: 0 | Z5: 60
J6: MALT LOT: Lot #13 | L6: Sheet Day | R6: MACKESON | S6: 13.3 | T6: 13.5 | U6: 0 | V6: 0.12905093 | W6: 0.27430556 | X6: 0.30208333 | Y6: 0
R7: STARMALT | S7: 17 | T7: 17.4 | U7: 0 | V7: 0.13605324 | W7: 0.27430556 | X7: 0.30902778 | Y7: 0 | Z7: 85
B8: Brand | C8: Brew no. | D8: Kett. Hls | E8: Wort | F8: Cool Time(Mins) | G8: Cast. P.G. (Lab Result) | H8: Cast P.G. (Cellar Operator)-gravity | I8: Extr. Rec (77.9%) | J8: Theor. Extr. (77.5%) | K8: Boil Off /Vol. (4-6%) | L8: Boil Time | M8: Total Hot | N8: Brewing Time | O8: Operator | R8: Hurricane Reef | S8: 16.6 | T8: 17 | U8: 0 | V8: 0.12905093 | W8: 0.27430556 | X8: 0.30208333 | Y8: 0
E9: Meter (Hls) | F9: Target(< 60Mins) | M9: Time | R9: VITAMALT | S9: 14.2 | T9: 14.6 | U9: 0 | V9: 0.13905093 | W9: 0.26041667 | X9: 0.29513889 | Y9: 0 | Z9: 75
B10: CARIB | C10: =[4]Brewhouse!$A389 -> CA344 | D10: =[4]Brewhouse!$AF389 -> 52.4 | E10: =[4]Brewhouse!$AI389 -> 50.4 | F10: =[4]Brewhouse!$V389 -> 65 | G10: =[4]Brewhouse!AG389 -> 11.7 | H10: 11.7 | I10: =[4]Brewhouse!$AU389 -> 97.688669 | J10: =[4]Brewhouse!$AV389 -> 98.720875 | K10: =[4]Brewhouse!$Q389 -> 4.4731978 | L10: =[4]Brewhouse!$P389 -> 57 | M10: =[4]Brewhouse!$U389-[4]Brewhouse!$T389 -> 0.11875 | N10: =[4]Brewhouse!$Z389 -> 0.29027778 | O10: =[4]Brewhouse!$AX389 -> D. Gomaz | R10: =B10 -> CARIB | S10: =VLOOKUP($B10,$R$3:$X$9,2,FALSE) -> 11.6 | T10: =VLOOKUP($B10,$R$3:$X$9,3,FALSE) -> 12 | U10: =VLOOKUP($B10,$R$3:$X$9,4,FALSE) -> 0 | V10: =VLOOKUP($B10,$R$3:$X$9,5,FALSE) -> 0.11805556 | W10: =VLOOKUP($B10,$R$3:$X$9,6,FALSE) -> 0.22569444 | X10: =VLOOKUP($B10,$R$3:$X$9,7,FALSE) -> 0.26388889 | Y10: =VLOOKUP($B10,$R$3:$Z$9,8,FALSE) -> 0 | Z10: =VLOOKUP($B10,$R$3:$Z$9,9,FALSE) -> 60
B11: CARIB | C11: =[4]Brewhouse!$A390 -> CA345 | D11: =[4]Brewhouse!$AF390 -> 52.5 | E11: =[4]Brewhouse!$AI390 -> 50.6 | F11: =[4]Brewhouse!$V390 -> 60 | G11: =[4]Brewhouse!AG390 -> 11.7 | I11: =[4]Brewhouse!$AU390 -> 98.076322 | J11: =[4]Brewhouse!$AV390 -> 99.112624 | K11: =[4]Brewhouse!$Q390 -> 4.2883549 | L11: =[4]Brewhouse!$P390 -> 59 | M11: =[4]Brewhouse!$U390-[4]Brewhouse!$T390 -> 0.11458333 | N11: =[4]Brewhouse!$Z390 -> 0.27916667 | O11: =[4]Brewhouse!$AX390 -> R. Sookram | P11: Extra boil | R11: =B11 -> CARIB | S11: =VLOOKUP($B11,$R$3:$X$9,2,FALSE) -> 11.6 | T11: =VLOOKUP($B11,$R$3:$X$9,3,FALSE) -> 12 | U11: =VLOOKUP($B11,$R$3:$X$9,4,FALSE) -> 0 | V11: =VLOOKUP($B11,$R$3:$X$9,5,FALSE) -> 0.11805556 | W11: =VLOOKUP($B11,$R$3:$X$9,6,FALSE) -> 0.22569444 | X11: =VLOOKUP($B11,$R$3:$X$9,7,FALSE) -> 0.26388889 | Y11: =VLOOKUP($B11,$R$3:$Z$9,8,FALSE) -> 0 | Z11: =VLOOKUP($B11,$R$3:$Z$9,9,FALSE) -> 60
B12: CARIB | C12: =[4]Brewhouse!$A391 -> CA346 | D12: =[4]Brewhouse!$AF391 -> 52.2 | E12: =[4]Brewhouse!$AI391 -> 50.3 | F12: =[4]Brewhouse!$V391 -> 71 | G12: =[4]Brewhouse!AG391 -> 11.6 | H12: 11.9 | I12: =[4]Brewhouse!$AU391 -> 96.738088 | J12: =[4]Brewhouse!$AV391 -> 97.760182 | K12: =[4]Brewhouse!$Q391 -> 4.8428835 | L12: =[4]Brewhouse!$P391 -> 60 | M12: =[4]Brewhouse!$U391-[4]Brewhouse!$T391 -> 0.12847222 | N12: =[4]Brewhouse!$Z391 -> 0.28611111 | O12: =[4]Brewhouse!$AX391 -> R. Sookram | P12: Copper up pre-run tank | R12: =B12 -> CARIB | S12: =VLOOKUP($B12,$R$3:$X$9,2,FALSE) -> 11.6 | T12: =VLOOKUP($B12,$R$3:$X$9,3,FALSE) -> 12 | U12: =VLOOKUP($B12,$R$3:$X$9,4,FALSE) -> 0 | V12: =VLOOKUP($B12,$R$3:$X$9,5,FALSE) -> 0.11805556 | W12: =VLOOKUP($B12,$R$3:$X$9,6,FALSE) -> 0.22569444 | X12: =VLOOKUP($B12,$R$3:$X$9,7,FALSE) -> 0.26388889 | Y12: =VLOOKUP($B12,$R$3:$Z$9,8,FALSE) -> 0 | Z12: =VLOOKUP($B12,$R$3:$Z$9,9,FALSE) -> 60
B13: CARIB | C13: =[4]Brewhouse!$A392 -> CA347 | D13: =[4]Brewhouse!$AF392 -> 48 | E13: =[4]Brewhouse!$AI392 -> 46.1 | F13: =[4]Brewhouse!$V392 -> 61 | G13: =[4]Brewhouse!AG392 -> 11.7 | H13: 11.9 | I13: =[4]Brewhouse!$AU392 -> 89.576614 | J13: =[4]Brewhouse!$AV392 -> 90.522981 | K13: =[4]Brewhouse!$Q392 -> 12.444444 | L13: =[4]Brewhouse!$P392 -> 60 | M13: =[4]Brewhouse!$U392-[4]Brewhouse!$T392 -> 0.12430556 | N13: =[4]Brewhouse!$Z392 -> 0.29861111 | O13: =[4]Brewhouse!$AX392 -> R. Sookram | R13: =B13 -> CARIB | S13: =VLOOKUP($B13,$R$3:$X$9,2,FALSE) -> 11.6 | T13: =VLOOKUP($B13,$R$3:$X$9,3,FALSE) -> 12 | U13: =VLOOKUP($B13,$R$3:$X$9,4,FALSE) -> 0 | V13: =VLOOKUP($B13,$R$3:$X$9,5,FALSE) -> 0.11805556 | W13: =VLOOKUP($B13,$R$3:$X$9,6,FALSE) -> 0.22569444 | X13: =VLOOKUP($B13,$R$3:$X$9,7,FALSE) -> 0.26388889 | Y13: =VLOOKUP($B13,$R$3:$Z$9,8,FALSE) -> 0 | Z13: =VLOOKUP($B13,$R$3:$Z$9,9,FALSE) -> 60
B14: CARIB | C14: =[4]Brewhouse!$A393 -> CA348 | D14: =[4]Brewhouse!$AF393 -> 52.2 | E14: =[4]Brewhouse!$AI393 -> 51.5 | F14: =[4]Brewhouse!$V393 -> 56 | G14: =[4]Brewhouse!AG393 -> 11.6 | H14: 11.6 | I14: =[4]Brewhouse!$AU393 -> 99.045955 | J14: =[4]Brewhouse!$AV393 -> 100.09243 | K14: =[4]Brewhouse!$Q393 -> 4.6666667 | L14: =[4]Brewhouse!$P393 -> 60 | M14: =[4]Brewhouse!$U393-[4]Brewhouse!$T393 -> 0.12638889 | N14: =[4]Brewhouse!$Z393 -> 0.29791667 | O14: =[4]Brewhouse!$AX393 -> K. Benjamin | P14: 15mins extra boil | R14: =B14 -> CARIB | S14: =VLOOKUP($B14,$R$3:$X$9,2,FALSE) -> 11.6 | T14: =VLOOKUP($B14,$R$3:$X$9,3,FALSE) -> 12 | U14: =VLOOKUP($B14,$R$3:$X$9,4,FALSE) -> 0 | V14: =VLOOKUP($B14,$R$3:$X$9,5,FALSE) -> 0.11805556 | W14: =VLOOKUP($B14,$R$3:$X$9,6,FALSE) -> 0.22569444 | X14: =VLOOKUP($B14,$R$3:$X$9,7,FALSE) -> 0.26388889 | Y14: =VLOOKUP($B14,$R$3:$Z$9,8,FALSE) -> 0 | Z14: =VLOOKUP($B14,$R$3:$Z$9,9,FALSE) -> 60
B15: CARIB | C15: =[4]Brewhouse!$A394 -> CA349 | D15: =[4]Brewhouse!$AF394 -> 52.4 | E15: =[4]Brewhouse!$AI394 -> 50.6 | F15: =[4]Brewhouse!$V394 -> 173 | G15: =[4]Brewhouse!AG394 -> 11.6 | H15: 11.6 | I15: =[4]Brewhouse!$AU394 -> 97.073639 | J15: =[4]Brewhouse!$AV394 -> 98.099414 | K15: =[4]Brewhouse!$Q394 -> 4.2962963 | L15: =[4]Brewhouse!$P394 -> 60 | M15: =[4]Brewhouse!$U394-[4]Brewhouse!$T394 -> 0.19930556 | N15: =[4]Brewhouse!$Z394 -> 0.39791667 | O15: =[4]Brewhouse!$AX394 -> K. Benjamin | P15: brew kettle up in pre-run tank ( high temp while cooling) | R15: =B15 -> CARIB | S15: =VLOOKUP($B15,$R$3:$X$9,2,FALSE) -> 11.6 | T15: =VLOOKUP($B15,$R$3:$X$9,3,FALSE) -> 12 | U15: =VLOOKUP($B15,$R$3:$X$9,4,FALSE) -> 0 | V15: =VLOOKUP($B15,$R$3:$X$9,5,FALSE) -> 0.11805556 | W15: =VLOOKUP($B15,$R$3:$X$9,6,FALSE) -> 0.22569444 | X15: =VLOOKUP($B15,$R$3:$X$9,7,FALSE) -> 0.26388889 | Y15: =VLOOKUP($B15,$R$3:$Z$9,8,FALSE) -> 0 | Z15: =VLOOKUP($B15,$R$3:$Z$9,9,FALSE) -> 60
B16: CARIB | C16: =[4]Brewhouse!$A395 -> CA350 | D16: =[4]Brewhouse!$AF395 -> 52.9 | E16: =[4]Brewhouse!$AI395 -> 50.7 | F16: =[4]Brewhouse!$V395 -> 79 | G16: =[4]Brewhouse!AG395 -> 11.5 | H16: 11.5 | I16: =[4]Brewhouse!$AU395 -> 96.622409 | J16: =[4]Brewhouse!$AV395 -> 97.643281 | K16: =[4]Brewhouse!$Q395 -> 3.3703704 | L16: =[4]Brewhouse!$P395 -> 59 | M16: =[4]Brewhouse!$U395-[4]Brewhouse!$T395 -> 0.12013889 | N16: =[4]Brewhouse!$Z395 -> 0.37847222 | O16: =[4]Brewhouse!$AX395 -> K. Benjamin | P16: Copper up pre-run tank | R16: =B16 -> CARIB | S16: =VLOOKUP($B16,$R$3:$X$9,2,FALSE) -> 11.6 | T16: =VLOOKUP($B16,$R$3:$X$9,3,FALSE) -> 12 | U16: =VLOOKUP($B16,$R$3:$X$9,4,FALSE) -> 0 | V16: =VLOOKUP($B16,$R$3:$X$9,5,FALSE) -> 0.11805556 | W16: =VLOOKUP($B16,$R$3:$X$9,6,FALSE) -> 0.22569444 | X16: =VLOOKUP($B16,$R$3:$X$9,7,FALSE) -> 0.26388889 | Y16: =VLOOKUP($B16,$R$3:$Z$9,8,FALSE) -> 0 | Z16: =VLOOKUP($B16,$R$3:$Z$9,9,FALSE) -> 60
R17: =B17 -> 0 | S17: =VLOOKUP($B17,$R$3:$X$9,2,FALSE) -> #N/A | T17: =VLOOKUP($B17,$R$3:$X$9,3,FALSE) -> #N/A | U17: =VLOOKUP($B17,$R$3:$X$9,4,FALSE) -> #N/A | V17: =VLOOKUP($B17,$R$3:$X$9,5,FALSE) -> #N/A | W17: =VLOOKUP($B17,$R$3:$X$9,6,FALSE) -> #N/A | X17: =VLOOKUP($B17,$R$3:$X$9,7,FALSE) -> #N/A | Y17: =VLOOKUP($B17,$R$3:$Z$9,8,FALSE) -> #N/A | Z17: =VLOOKUP($B17,$R$3:$Z$9,9,FALSE) -> #N/A
B18: 46151 | R18: =B18 -> 46151 | S18: =VLOOKUP($B18,$R$3:$X$9,2,FALSE) -> #N/A | T18: =VLOOKUP($B18,$R$3:$X$9,3,FALSE) -> #N/A | U18: =VLOOKUP($B18,$R$3:$X$9,4,FALSE) -> #N/A | V18: =VLOOKUP($B18,$R$3:$X$9,5,FALSE) -> #N/A | W18: =VLOOKUP($B18,$R$3:$X$9,6,FALSE) -> #N/A | X18: =VLOOKUP($B18,$R$3:$X$9,7,FALSE) -> #N/A | Y18: =VLOOKUP($B18,$R$3:$Z$9,8,FALSE) -> #N/A | Z18: =VLOOKUP($B18,$R$3:$Z$9,9,FALSE) -> #N/A
B19: MACKESON | C19: =[7]Brewhouse!$A13 -> MK009 | D19: =[7]Brewhouse!$AF13 -> 51 | E19: =[7]Brewhouse!$AI13 -> 50.4 | F19: =[7]Brewhouse!$X13 -> 58 | G19: =[7]Brewhouse!$AG13 -> 13.4 | H19: 13.4 | I19: =[7]Brewhouse!$AT13 -> 90.128376 | J19: =[7]Brewhouse!$AU13 -> 90.979178 | K19: =[7]Brewhouse!$S13 -> 9.655615 | L19: =[7]Brewhouse!$R13 -> 113 | M19: =[7]Brewhouse!$W13-[7]Brewhouse!$V13 -> 0.25416667 | N19: =[7]Brewhouse!$AA13 -> 0.44444444 | O19: =[7]Brewhouse!$AX13 -> D. Gomaz | P19: Brew held in WK due to CIP issues in WHP/ WC | R19: =B19 -> MACKESON | S19: =VLOOKUP($B19,$R$3:$X$9,2,FALSE) -> 13.3 | T19: =VLOOKUP($B19,$R$3:$X$9,3,FALSE) -> 13.5 | U19: =VLOOKUP($B19,$R$3:$X$9,4,FALSE) -> 0 | V19: =VLOOKUP($B19,$R$3:$X$9,5,FALSE) -> 0.12905093 | W19: =VLOOKUP($B19,$R$3:$X$9,6,FALSE) -> 0.27430556 | X19: =VLOOKUP($B19,$R$3:$X$9,7,FALSE) -> 0.30208333 | Y19: =VLOOKUP($B19,$R$3:$Z$9,8,FALSE) -> 0 | Z19: =VLOOKUP($B19,$R$3:$Z$9,9,FALSE) -> 0
B20: MACKESON | C20: =[7]Brewhouse!$A14 -> MK010 | D20: =[7]Brewhouse!$AF14 -> 53.3 | E20: =[7]Brewhouse!$AI14 -> 50.3 | F20: =[7]Brewhouse!$X14 -> 71 | G20: =[7]Brewhouse!$AG14 -> 13.3 | H20: 13.3 | I20: =[7]Brewhouse!$AT14 -> 88.195976 | J20: =[7]Brewhouse!$AU14 -> 89.030288 | K20: =[7]Brewhouse!$S14 -> 5.5557932 | L20: =[7]Brewhouse!$R14 -> 74 | M20: =[7]Brewhouse!$W14-[7]Brewhouse!$V14 -> 0.13819444 | N20: =[7]Brewhouse!$AA14 -> 0.45625 | O20: =[7]Brewhouse!$AX14 -> D. Gomaz | P20: HLT pump needed to be switched back to production ( in use for CIP) | R20: =B20 -> MACKESON | S20: =VLOOKUP($B20,$R$3:$X$9,2,FALSE) -> 13.3 | T20: =VLOOKUP($B20,$R$3:$X$9,3,FALSE) -> 13.5 | U20: =VLOOKUP($B20,$R$3:$X$9,4,FALSE) -> 0 | V20: =VLOOKUP($B20,$R$3:$X$9,5,FALSE) -> 0.12905093 | W20: =VLOOKUP($B20,$R$3:$X$9,6,FALSE) -> 0.27430556 | X20: =VLOOKUP($B20,$R$3:$X$9,7,FALSE) -> 0.30208333 | Y20: =VLOOKUP($B20,$R$3:$Z$9,8,FALSE) -> 0 | Z20: =VLOOKUP($B20,$R$3:$Z$9,9,FALSE) -> 0
B21: MACKESON | C21: =[7]Brewhouse!$A15 -> MK011 | D21: =[7]Brewhouse!$AF15 -> 53 | E21: =[7]Brewhouse!$AI15 -> 50.4 | F21: =[7]Brewhouse!$X15 -> 69 | G21: =[7]Brewhouse!$AG15 -> 13.3 | H21: 13.3 | I21: =[7]Brewhouse!$AT15 -> 88.458193 | J21: =[7]Brewhouse!$AU15 -> 89.294842 | K21: =[7]Brewhouse!$S15 -> 6.0905526 | L21: =[7]Brewhouse!$R15 -> 72 | M21: =[7]Brewhouse!$W15-[7]Brewhouse!$V15 -> 0.10972222 | N21: =[7]Brewhouse!$AA15 -> 0.28888889 | O21: =[7]Brewhouse!$AX15 -> R. Sookram | R21: =B21 -> MACKESON | S21: =VLOOKUP($B21,$R$3:$X$9,2,FALSE) -> 13.3 | T21: =VLOOKUP($B21,$R$3:$X$9,3,FALSE) -> 13.5 | U21: =VLOOKUP($B21,$R$3:$X$9,4,FALSE) -> 0 | V21: =VLOOKUP($B21,$R$3:$X$9,5,FALSE) -> 0.12905093 | W21: =VLOOKUP($B21,$R$3:$X$9,6,FALSE) -> 0.27430556 | X21: =VLOOKUP($B21,$R$3:$X$9,7,FALSE) -> 0.30208333 | Y21: =VLOOKUP($B21,$R$3:$Z$9,8,FALSE) -> 0 | Z21: =VLOOKUP($B21,$R$3:$Z$9,9,FALSE) -> 0
B22: MACKESON | C22: =[7]Brewhouse!$A16 -> MK012 | D22: =[7]Brewhouse!$AF16 -> 54 | E22: =[7]Brewhouse!$AI16 -> 51.2 | F22: =[7]Brewhouse!$X16 -> 47 | G22: =[7]Brewhouse!$AG16 -> 13.2 | H22: 13.2 | I22: =[7]Brewhouse!$AT16 -> 89.068163 | J22: =[7]Brewhouse!$AU16 -> 89.910726 | K22: =[7]Brewhouse!$S16 -> 4.3080214 | L22: =[7]Brewhouse!$R16 -> 73 | M22: =[7]Brewhouse!$W16-[7]Brewhouse!$V16 -> 0.10833333 | N22: =[7]Brewhouse!$AA16 -> 0.26319444 | O22: =[7]Brewhouse!$AX16 -> R. Sookram | R22: =B22 -> MACKESON | S22: =VLOOKUP($B22,$R$3:$X$9,2,FALSE) -> 13.3 | T22: =VLOOKUP($B22,$R$3:$X$9,3,FALSE) -> 13.5 | U22: =VLOOKUP($B22,$R$3:$X$9,4,FALSE) -> 0 | V22: =VLOOKUP($B22,$R$3:$X$9,5,FALSE) -> 0.12905093 | W22: =VLOOKUP($B22,$R$3:$X$9,6,FALSE) -> 0.27430556 | X22: =VLOOKUP($B22,$R$3:$X$9,7,FALSE) -> 0.30208333 | Y22: =VLOOKUP($B22,$R$3:$Z$9,8,FALSE) -> 0 | Z22: =VLOOKUP($B22,$R$3:$Z$9,9,FALSE) -> 0
R23: =B23 -> 0 | S23: =VLOOKUP($B23,$R$3:$X$9,2,FALSE) -> #N/A | T23: =VLOOKUP($B23,$R$3:$X$9,3,FALSE) -> #N/A | U23: =VLOOKUP($B23,$R$3:$X$9,4,FALSE) -> #N/A | V23: =VLOOKUP($B23,$R$3:$X$9,5,FALSE) -> #N/A | W23: =VLOOKUP($B23,$R$3:$X$9,6,FALSE) -> #N/A | X23: =VLOOKUP($B23,$R$3:$X$9,7,FALSE) -> #N/A | Y23: =VLOOKUP($B23,$R$3:$Z$9,8,FALSE) -> #N/A | Z23: =VLOOKUP($B23,$R$3:$Z$9,9,FALSE) -> #N/A
R24: =B24 -> 0 | S24: =VLOOKUP($B24,$R$3:$X$9,2,FALSE) -> #N/A | T24: =VLOOKUP($B24,$R$3:$X$9,3,FALSE) -> #N/A | U24: =VLOOKUP($B24,$R$3:$X$9,4,FALSE) -> #N/A | V24: =VLOOKUP($B24,$R$3:$X$9,5,FALSE) -> #N/A | W24: =VLOOKUP($B24,$R$3:$X$9,6,FALSE) -> #N/A | X24: =VLOOKUP($B24,$R$3:$X$9,7,FALSE) -> #N/A | Y24: =VLOOKUP($B24,$R$3:$Z$9,8,FALSE) -> #N/A | Z24: =VLOOKUP($B24,$R$3:$Z$9,9,FALSE) -> #N/A
R25: =B25 -> 0 | S25: =VLOOKUP($B25,$R$3:$X$9,2,FALSE) -> #N/A | T25: =VLOOKUP($B25,$R$3:$X$9,3,FALSE) -> #N/A | U25: =VLOOKUP($B25,$R$3:$X$9,4,FALSE) -> #N/A | V25: =VLOOKUP($B25,$R$3:$X$9,5,FALSE) -> #N/A | W25: =VLOOKUP($B25,$R$3:$X$9,6,FALSE) -> #N/A | X25: =VLOOKUP($B25,$R$3:$X$9,7,FALSE) -> #N/A | Y25: =VLOOKUP($B25,$R$3:$Z$9,8,FALSE) -> #N/A | Z25: =VLOOKUP($B25,$R$3:$Z$9,9,FALSE) -> #N/A
R26: =B26 -> 0 | S26: =VLOOKUP($B26,$R$3:$X$9,2,FALSE) -> #N/A | T26: =VLOOKUP($B26,$R$3:$X$9,3,FALSE) -> #N/A | U26: =VLOOKUP($B26,$R$3:$X$9,4,FALSE) -> #N/A | V26: =VLOOKUP($B26,$R$3:$X$9,5,FALSE) -> #N/A | W26: =VLOOKUP($B26,$R$3:$X$9,6,FALSE) -> #N/A | X26: =VLOOKUP($B26,$R$3:$X$9,7,FALSE) -> #N/A | Y26: =VLOOKUP($B26,$R$3:$Z$9,8,FALSE) -> #N/A | Z26: =VLOOKUP($B26,$R$3:$Z$9,9,FALSE) -> #N/A
R27: =B27 -> 0 | S27: =VLOOKUP($B27,$R$3:$X$9,2,FALSE) -> #N/A | T27: =VLOOKUP($B27,$R$3:$X$9,3,FALSE) -> #N/A | U27: =VLOOKUP($B27,$R$3:$X$9,4,FALSE) -> #N/A | V27: =VLOOKUP($B27,$R$3:$X$9,5,FALSE) -> #N/A | W27: =VLOOKUP($B27,$R$3:$X$9,6,FALSE) -> #N/A | X27: =VLOOKUP($B27,$R$3:$X$9,7,FALSE) -> #N/A | Y27: =VLOOKUP($B27,$R$3:$Z$9,8,FALSE) -> #N/A | Z27: =VLOOKUP($B27,$R$3:$Z$9,9,FALSE) -> #N/A
R28: =B28 -> 0 | S28: =VLOOKUP($B28,$R$3:$X$9,2,FALSE) -> #N/A | T28: =VLOOKUP($B28,$R$3:$X$9,3,FALSE) -> #N/A | U28: =VLOOKUP($B28,$R$3:$X$9,4,FALSE) -> #N/A | V28: =VLOOKUP($B28,$R$3:$X$9,5,FALSE) -> #N/A | W28: =VLOOKUP($B28,$R$3:$X$9,6,FALSE) -> #N/A | X28: =VLOOKUP($B28,$R$3:$X$9,7,FALSE) -> #N/A | Y28: =VLOOKUP($B28,$R$3:$Z$9,8,FALSE) -> #N/A | Z28: =VLOOKUP($B28,$R$3:$Z$9,9,FALSE) -> #N/A
R29: =B29 -> 0 | S29: =VLOOKUP($B29,$R$3:$X$9,2,FALSE) -> #N/A | T29: =VLOOKUP($B29,$R$3:$X$9,3,FALSE) -> #N/A | U29: =VLOOKUP($B29,$R$3:$X$9,4,FALSE) -> #N/A | V29: =VLOOKUP($B29,$R$3:$X$9,5,FALSE) -> #N/A | W29: =VLOOKUP($B29,$R$3:$X$9,6,FALSE) -> #N/A | X29: =VLOOKUP($B29,$R$3:$X$9,7,FALSE) -> #N/A | Y29: =VLOOKUP($B29,$R$3:$Z$9,8,FALSE) -> #N/A | Z29: =VLOOKUP($B29,$R$3:$Z$9,9,FALSE) -> #N/A
B30: BRAND | D30: BBT P.G./ O.G | I30: Brand | K30: MTD No. of Brews | L30: MTD | M30: YTD | N30: Target | R30: =B30 -> BRAND | S30: =VLOOKUP($B30,$R$3:$X$9,2,FALSE) -> #N/A | T30: =VLOOKUP($B30,$R$3:$X$9,3,FALSE) -> #N/A | U30: =VLOOKUP($B30,$R$3:$X$9,4,FALSE) -> #N/A | V30: =VLOOKUP($B30,$R$3:$X$9,5,FALSE) -> #N/A | W30: =VLOOKUP($B30,$R$3:$X$9,6,FALSE) -> #N/A | X30: =VLOOKUP($B30,$R$3:$X$9,7,FALSE) -> #N/A | Y30: =VLOOKUP($B30,$R$3:$Z$9,8,FALSE) -> #N/A | Z30: =VLOOKUP($B30,$R$3:$Z$9,9,FALSE) -> #N/A
I31: CARIB | J31: =AVERAGE(I10:I16) -> 96.403099 | K31: =COUNTA([4]Brewhouse!$A$372:$A$387) -> 16 | L31: =AVERAGE([4]Brewhouse!$AU$372:$AU$387) -> 98.902892 | M31: =AVERAGE([4]Brewhouse!$AU$42:$AU$123,[4]Brewhouse!$AU$125:$AU$188,[4]Brewhouse!$AU$198:$AU$290,[4]Brewhouse!$AU$292:$AU$370,[4]Brewhouse!$AU$372:$AU$387) -> 98.047809 | N31: 98 | R31: =B31 -> 0 | S31: =VLOOKUP($B31,$R$3:$X$9,2,FALSE) -> #N/A | T31: =VLOOKUP($B31,$R$3:$X$9,3,FALSE) -> #N/A | U31: =VLOOKUP($B31,$R$3:$X$9,4,FALSE) -> #N/A | V31: =VLOOKUP($B31,$R$3:$X$9,5,FALSE) -> #N/A | W31: =VLOOKUP($B31,$R$3:$X$9,6,FALSE) -> #N/A | X31: =VLOOKUP($B31,$R$3:$X$9,7,FALSE) -> #N/A | Y31: =VLOOKUP($B31,$R$3:$Z$9,8,FALSE) -> #N/A | Z31: =VLOOKUP($B31,$R$3:$Z$9,9,FALSE) -> #N/A
I32: STAG | K32: =COUNTA([3]Brewhouse!$A$214:$A$229) -> 16 | L32: =AVERAGE([3]Brewhouse!$AS$214:$AS$229) -> 97.795659 | M32: =AVERAGE([3]Brewhouse!$AS$52:$AS$81,[3]Brewhouse!$AS$83:$AS$124,[3]Brewhouse!$AS$134:$AS$177,[3]Brewhouse!$AS$22:$AS$179,[3]Brewhouse!$AS$214:$AS$229) -> 97.938421 | N32: 98 | R32: =B32 -> 0 | S32: =VLOOKUP($B32,$R$3:$X$9,2,FALSE) -> #N/A | T32: =VLOOKUP($B32,$R$3:$X$9,3,FALSE) -> #N/A | U32: =VLOOKUP($B32,$R$3:$X$9,4,FALSE) -> #N/A | V32: =VLOOKUP($B32,$R$3:$X$9,5,FALSE) -> #N/A | W32: =VLOOKUP($B32,$R$3:$X$9,6,FALSE) -> #N/A | X32: =VLOOKUP($B32,$R$3:$X$9,7,FALSE) -> #N/A | Y32: =VLOOKUP($B32,$R$3:$Z$9,8,FALSE) -> #N/A | Z32: =VLOOKUP($B32,$R$3:$Z$9,9,FALSE) -> #N/A
I33: GUINNESS | M33: =AVERAGE([5]Brewhouse!$AU$16:$AU$23,[5]Brewhouse!$AU$25:$AU$32,[5]Brewhouse!$AU$34:$AU$41,[5]Brewhouse!$AU$43:$AU$55) -> 96.793457 | N33: 98 | R33: =B33 -> 0 | S33: =VLOOKUP($B33,$R$3:$X$9,2,FALSE) -> #N/A | T33: =VLOOKUP($B33,$R$3:$X$9,3,FALSE) -> #N/A | U33: =VLOOKUP($B33,$R$3:$X$9,4,FALSE) -> #N/A | V33: =VLOOKUP($B33,$R$3:$X$9,5,FALSE) -> #N/A | W33: =VLOOKUP($B33,$R$3:$X$9,6,FALSE) -> #N/A | X33: =VLOOKUP($B33,$R$3:$X$9,7,FALSE) -> #N/A | Y33: =VLOOKUP($B33,$R$3:$Z$9,8,FALSE) -> #N/A | Z33: =VLOOKUP($B33,$R$3:$Z$9,9,FALSE) -> #N/A
I34: VITAMALT | M34: =AVERAGE([6]Brewhouse!$AV$23:$AV$34,[6]Brewhouse!$AV$36,[6]Brewhouse!$AV$38:$AV$52,[6]Brewhouse!$AV$54:$AV$60) -> 97.437513 | N34: 98 | R34: =B34 -> 0 | S34: =VLOOKUP($B34,$R$3:$X$9,2,FALSE) -> #N/A | T34: =VLOOKUP($B34,$R$3:$X$9,3,FALSE) -> #N/A | U34: =VLOOKUP($B34,$R$3:$X$9,4,FALSE) -> #N/A | V34: =VLOOKUP($B34,$R$3:$X$9,5,FALSE) -> #N/A | W34: =VLOOKUP($B34,$R$3:$X$9,6,FALSE) -> #N/A | X34: =VLOOKUP($B34,$R$3:$X$9,7,FALSE) -> #N/A | Y34: =VLOOKUP($B34,$R$3:$Z$9,8,FALSE) -> #N/A | Z34: =VLOOKUP($B34,$R$3:$Z$9,9,FALSE) -> #N/A
I35: MAXIMALT | N35: 98 | R35: =B35 -> 0 | S35: =VLOOKUP($B35,$R$3:$X$9,2,FALSE) -> #N/A | T35: =VLOOKUP($B35,$R$3:$X$9,3,FALSE) -> #N/A | U35: =VLOOKUP($B35,$R$3:$X$9,4,FALSE) -> #N/A | V35: =VLOOKUP($B35,$R$3:$X$9,5,FALSE) -> #N/A | W35: =VLOOKUP($B35,$R$3:$X$9,6,FALSE) -> #N/A | X35: =VLOOKUP($B35,$R$3:$X$9,7,FALSE) -> #N/A | Y35: =VLOOKUP($B35,$R$3:$Z$9,8,FALSE) -> #N/A | Z35: =VLOOKUP($B35,$R$3:$Z$9,9,FALSE) -> #N/A
I36: MACKESON | J36: =AVERAGE(I19:I22) -> 88.962677 | K36: =COUNTA([7]Brewhouse!$A$13:$A$16) -> 4 | L36: =AVERAGE([7]Brewhouse!$AT$13:$AT$16) -> 88.962677 | M36: =AVERAGE([7]Brewhouse!$AT$4:$AT$11,[7]Brewhouse!$AT$13:$AT$16) -> 91.538375 | N36: 98 | R36: =B36 -> 0 | S36: =VLOOKUP($B36,$R$3:$X$9,2,FALSE) -> #N/A | T36: =VLOOKUP($B36,$R$3:$X$9,3,FALSE) -> #N/A | U36: =VLOOKUP($B36,$R$3:$X$9,4,FALSE) -> #N/A | V36: =VLOOKUP($B36,$R$3:$X$9,5,FALSE) -> #N/A | W36: =VLOOKUP($B36,$R$3:$X$9,6,FALSE) -> #N/A | X36: =VLOOKUP($B36,$R$3:$X$9,7,FALSE) -> #N/A | Y36: =VLOOKUP($B36,$R$3:$Z$9,8,FALSE) -> #N/A | Z36: =VLOOKUP($B36,$R$3:$Z$9,9,FALSE) -> #N/A
I37: STARMALT | M37: =AVERAGE([8]Brewhouse!$AY$5:$AY$14,[8]Brewhouse!$AY$16:$AY$23,[8]Brewhouse!$AY$42,[8]Brewhouse!$AY$44:$AY$51) -> 97.608428 | N37: 98 | R37: =B37 -> 0 | S37: =VLOOKUP($B37,$R$3:$X$9,2,FALSE) -> #N/A | T37: =VLOOKUP($B37,$R$3:$X$9,3,FALSE) -> #N/A | U37: =VLOOKUP($B37,$R$3:$X$9,4,FALSE) -> #N/A | V37: =VLOOKUP($B37,$R$3:$X$9,5,FALSE) -> #N/A | W37: =VLOOKUP($B37,$R$3:$X$9,6,FALSE) -> #N/A | X37: =VLOOKUP($B37,$R$3:$X$9,7,FALSE) -> #N/A | Y37: =VLOOKUP($B37,$R$3:$Z$9,8,FALSE) -> #N/A | Z37: =VLOOKUP($B37,$R$3:$Z$9,9,FALSE) -> #N/A
I38: HR- Pils | N38: 98 | R38: =B38 -> 0 | S38: =VLOOKUP($B38,$R$3:$X$9,2,FALSE) -> #N/A | T38: =VLOOKUP($B38,$R$3:$X$9,3,FALSE) -> #N/A | U38: =VLOOKUP($B38,$R$3:$X$9,4,FALSE) -> #N/A | V38: =VLOOKUP($B38,$R$3:$X$9,5,FALSE) -> #N/A | W38: =VLOOKUP($B38,$R$3:$X$9,6,FALSE) -> #N/A | X38: =VLOOKUP($B38,$R$3:$X$9,7,FALSE) -> #N/A | Y38: =VLOOKUP($B38,$R$3:$Z$9,8,FALSE) -> #N/A | Z38: =VLOOKUP($B38,$R$3:$Z$9,9,FALSE) -> #N/A
I39: HR- IPA | N39: 98 | R39: =B39 -> 0 | S39: =VLOOKUP($B39,$R$3:$X$9,2,FALSE) -> #N/A | T39: =VLOOKUP($B39,$R$3:$X$9,3,FALSE) -> #N/A | U39: =VLOOKUP($B39,$R$3:$X$9,4,FALSE) -> #N/A | V39: =VLOOKUP($B39,$R$3:$X$9,5,FALSE) -> #N/A | W39: =VLOOKUP($B39,$R$3:$X$9,6,FALSE) -> #N/A | X39: =VLOOKUP($B39,$R$3:$X$9,7,FALSE) -> #N/A | Y39: =VLOOKUP($B39,$R$3:$Z$9,8,FALSE) -> #N/A | Z39: =VLOOKUP($B39,$R$3:$Z$9,9,FALSE) -> #N/A
I40: HR- APA | N40: 98 | R40: =B40 -> 0 | S40: =VLOOKUP($B40,$R$3:$X$9,2,FALSE) -> #N/A | T40: =VLOOKUP($B40,$R$3:$X$9,3,FALSE) -> #N/A | U40: =VLOOKUP($B40,$R$3:$X$9,4,FALSE) -> #N/A | V40: =VLOOKUP($B40,$R$3:$X$9,5,FALSE) -> #N/A | W40: =VLOOKUP($B40,$R$3:$X$9,6,FALSE) -> #N/A | X40: =VLOOKUP($B40,$R$3:$X$9,7,FALSE) -> #N/A | Y40: =VLOOKUP($B40,$R$3:$Z$9,8,FALSE) -> #N/A | Z40: =VLOOKUP($B40,$R$3:$Z$9,9,FALSE) -> #N/A
K41: =SUM(K31:K40) -> 36 | L41: =((L31*K31)+(L32*K32)+(L33*K33)+(L34*K34)+(L35*K35)+(K38*L38)+(L36*K36)+(L37*K37)+(L40*K40))/(K41) -> 97.30632 | M41: =AVERAGE('[9]Jan30th-31st'!$L$42,L41) -> 97.567181 | N41: 98 | R41: =B41 -> 0 | S41: =VLOOKUP($B41,$R$3:$X$9,2,FALSE) -> #N/A | T41: =VLOOKUP($B41,$R$3:$X$9,3,FALSE) -> #N/A | U41: =VLOOKUP($B41,$R$3:$X$9,4,FALSE) -> #N/A | V41: =VLOOKUP($B41,$R$3:$X$9,5,FALSE) -> #N/A | W41: =VLOOKUP($B41,$R$3:$X$9,6,FALSE) -> #N/A | X41: =VLOOKUP($B41,$R$3:$X$9,7,FALSE) -> #N/A | Y41: =VLOOKUP($B41,$R$3:$Z$9,8,FALSE) -> #N/A | Z41: =VLOOKUP($B41,$R$3:$Z$9,9,FALSE) -> #N/A
R42: =B42 -> 0 | S42: =VLOOKUP($B42,$R$3:$X$9,2,FALSE) -> #N/A | T42: =VLOOKUP($B42,$R$3:$X$9,3,FALSE) -> #N/A | U42: =VLOOKUP($B42,$R$3:$X$9,4,FALSE) -> #N/A | V42: =VLOOKUP($B42,$R$3:$X$9,5,FALSE) -> #N/A | W42: =VLOOKUP($B42,$R$3:$X$9,6,FALSE) -> #N/A | X42: =VLOOKUP($B42,$R$3:$X$9,7,FALSE) -> #N/A | Y42: =VLOOKUP($B42,$R$3:$Z$9,8,FALSE) -> #N/A | Z42: =VLOOKUP($B42,$R$3:$Z$9,9,FALSE) -> #N/A
J43: Daily Brewing Plan
I44: Brand | J44: Brews Achieved (8th) | K44: Brews Achieved | L44: Average Brews per day
I45: CARIB | J45: 7 | L45: MTD | M45: YTD | N45: TARGET
I46: STAG | L46: =AVERAGE('May 2nd-23rd'!J53,'May 2nd-23rd'!K53,'May 4th'!K51,'May 5th'!K47,'May 6th'!K54,'May 7th'!K48,'May 8th -9th'!K55,J55) -> 5.375 | M46: =AVERAGE('[9]Jan30th-31st'!$L$47,L46,'[10]Feb 26th '!$L$39,'[11]Mar 31st'!$L$47,'[12]Apr 30th'!$L$46) -> 6.2823913 | N46: 9.2
I47: GUINN
I48: VITAMALT
I49: STARMALT
I50: MACKESON | K50: 4
I51: HURRICANE REEF- IPA
I52: HURRICANE REEF- APA
B53: AVERAGE | I53: HR- PILSNER
I54: CARIBE
I55: Total | J55: =SUM(J45:J54) -> 7 | K55: =SUM(K45:K54) -> 4
B56: Process: | C56: Fermentation/Filtration
B58: Brand | C58: Filt. Date | D58: FV Hls | E58: GFE/ Prim/ Vita Blend (Hls) | F58: SV Hls | G58: BBT Hls | H58: Loss (%) Ferm | I58: Loss (%) Filt | J58: Comments | K58: Throughput | L58: Process Loss (%) | M58: Filt. Operator
AB59: 43474 | AC59: 43475 | AD59: 43476 | AE59: 43477 | AF59: 43478 | AG59: 43479 | AH59: 43480 | AI59: 43481 | AJ59: 43482 | AK59: 43483 | AL59: 43484 | AM59: 43485 | AN59: 43486 | AO59: 43487 | AP59: 43488 | AQ59: 43489 | AR59: 43490 | AS59: 43491 | AT59: 43492 | AU59: 43493 | AV59: 43494 | AW59: 43495 | AX59: 43496
B60: =I33 -> GUINNESS | C60: 46150 | D60: =[32]May_2026!$K$23 -> 208 | E60: =SUM([33]GUINNESS!$S$6) -> 5.1 | G60: =[32]May_2026!$K$28 -> 195.3 | J60: 2 SBF | K60: =[34]May_2026!$K$32 -> 0.22842105 | L60: =(((D60+E60)-G60)/(D60+E60))*100 -> 8.352886 | M60: D. Emery | AB60: =[13]January_2019!L5 -> 0 | AC60: =[13]January_2019!M5 -> 0 | AD60: =[13]January_2019!N5 -> 0 | AE60: =[13]January_2019!O5 -> 0 | AF60: =[13]January_2019!P5 -> 0 | AG60: =[13]January_2019!Q5 -> 0 | AH60: =[13]January_2019!R5 -> 0 | AI60: =[13]January_2019!S5 -> 0 | ... AX60: =[13]January_2019!AH5 -> 0
AB61: =[13]January_2019!L6 -> 0 | AC61: =[13]January_2019!M6 -> 0 | AD61: =[13]January_2019!N6 -> 0 | AE61: =[13]January_2019!O6 -> 0 | AF61: =[13]January_2019!P6 -> 0 | AG61: =[13]January_2019!Q6 -> 0 | AH61: =[13]January_2019!R6 -> 0 | AI61: =[13]January_2019!S6 -> 0 | ... AX61: =[13]January_2019!AH6 -> 0
B62: =I33 -> GUINNESS | C62: 46151 | D62: =[32]May_2026!$L$23 -> 312.4 | E62: =SUM([33]GUINNESS!$S$10) -> 6.5 | G62: =[32]May_2026!$L$28 -> 285.8 | J62: 3 SBF | K62: =[34]May_2026!$L$32 -> 0.25070175 | L62: =(((D62+E62)-G62)/(D62+E62))*100 -> 10.379429 | M62: G. Mason | AB62: =[13]January_2019!L7 -> 285.8 | AC62: =[13]January_2019!M7 -> 508.1 | AD62: =[13]January_2019!N7 -> 0 | AE62: =[13]January_2019!O7 -> 0 | AF62: =[13]January_2019!P7 -> 109.56667 | AG62: =[13]January_2019!Q7 -> 297.65 | AH62: =[13]January_2019!R7 -> 122.3 | AI62: =[13]January_2019!S7 -> 0 | ... AX62: =[13]January_2019!AH7 -> 0
B64: =I31 -> CARIB | C64: 46151 | D64: =[32]May_2026!$L$3 -> 101.1 | G64: =[32]May_2026!$L$7 -> 91.2 | J64: 1 SBF | K64: =[34]May_2026!$L$18 -> 0.16 | L64: =(((D64+E64)-G64)/(D64+E64))*100 -> 9.7922849 | M64: G. Mason
B71: Process Loss (Volume) | G71: Process Loss (Extract) | K71: Throughput
B72: Brand | C72: Actual | D72: MTD | E72: YTD | F72: Target | G72: Actual | H72: MTD | I72: YTD | J72: Target | L72: MTD | M72: YTD | N72: Target
B73: CARIB | C73: =L64 -> 9.7922849 | D73: 6.4389359 | E73: 6.8096481 | F73: 4.8 | G73: =[32]May_2026!$L$11 -> 11.400526 | H73: 13.628456 | I73: 7.0327519 | J73: 4.8 | K73: =K64 -> 0.16 | L73: 0.63516569 | M73: 0.48626848 | N73: 1
B74: STAG | D74: 5.9521791 | E74: 6.303827 | F74: 4.8 | H74: 5.6002539 | I74: 5.6036172 | J74: 4.8 | L74: 0.37403509 | M74: 0.68732637 | N74: 1
B75: GUINN | C75: =AVERAGE(L60,L62) -> 9.3661576 | D75: 10.182228 | E75: 11.735537 | F75: 5.5 | G75: =AVERAGE([32]May_2026!$K$32:$L$32) -> 10.491495 | H75: 11.362029 | I75: 12.769539 | J75: 5.5 | K75: =AVERAGE(K60,K62) -> 0.2395614 | L75: 0.23824561 | M75: 0.26411513 | N75: 1
B76: VITAMALT | D76: 4.853257 | E76: 4.6518563 | F76: 3.3 | H76: 4.737253 | I76: 4.4089875 | J76: 3.3 | L76: 0.58298246 | M76: 0.74716374 | N76: 1
B77: APA | F77: 3.3 | J77: 3 | N77: 1
B78: MACKESON | E78: 5.1105651 | F78: 5.5 | I78: 7.913137 | J78: 5.5 | M78: 1.3550877 | N78: 1
B79: STARMALT | E79: 3.9654241 | F79: 3.3 | I79: 4.8236555 | J79: 3.3 | M79: 0.89457115 | N79: 1
B80: IPA | F80: 7.5 | J80: 7.5 | N80: 1
B81: HURRICANE REEF PILS | F81: 4.8 | J81: 4.8 | N81: 1
D82: 6.8510798 | E82: 6.6468935 | F82: 5.5 | H82: 10.209647 | I82: 6.8631303 | J82: 5.5 | L82: 0.47733593 | M82: 0.56163632 | N82: 1

Sheet May 11th
S1: P.G. | U1: Hot Time | W1: Process Time | Y1: Cooling Time
B2: Brewing Department Daily Process Loss Report | S2: Lower | T2: Upper | U2: Lower | V2: Upper | W2: Lower | X2: Upper | Y2: Lower | Z2: Upper
R3: CARIB | S3: 11.6 | T3: 12 | U3: 0 | V3: 0.11805556 | W3: 0.22569444 | X3: 0.26388889 | Y3: 0 | Z3: 60 | AB3: HR- PISNER
B4: Date: | C4: 46154 | J4: LOT WORT COLOUR: | M4: Filter Sheets (Target 20 days) | R4: STAG | S4: 11.6 | T4: 12 | U4: 0 | V4: 0.11805556 | W4: 0.22569444 | X4: 0.26388889 | Y4: 0 | Z4: 60
M5: Double | N5: Single | R5: GUINNESS | S5: 17 | T5: 17.5 | U5: 0 | V5: 0.10763889 | W5: 0.24652778 | X5: 0.28472222 | Y5: 0 | Z5: 60
J6: MALT LOT: Lot #13 | L6: Sheet Day | R6: MACKESON | S6: 13.3 | T6: 13.5 | U6: 0 | V6: 0.12905093 | W6: 0.27430556 | X6: 0.30208333 | Y6: 0
R7: STARMALT | S7: 17 | T7: 17.4 | U7: 0 | V7: 0.13605324 | W7: 0.27430556 | X7: 0.30902778 | Y7: 0 | Z7: 85
B8: Brand | C8: Brew no. | D8: Kett. Hls | E8: Wort | F8: Cool Time(Mins) | G8: Cast. P.G. (Lab Result) | H8: Cast P.G. (Cellar Operator)-gravity | I8: Extr. Rec (77.9%) | J8: Theor. Extr. (77.5%) | K8: Boil Off /Vol. (4-6%) | L8: Boil Time | M8: Total Hot | N8: Brewing Time | O8: Operator | R8: Hurricane Reef | S8: 16.6 | T8: 17 | U8: 0 | V8: 0.12905093 | W8: 0.27430556 | X8: 0.30208333 | Y8: 0
E9: Meter (Hls) | F9: Target(< 60Mins) | M9: Time | R9: VITAMALT | S9: 14.2 | T9: 14.6 | U9: 0 | V9: 0.13905093 | W9: 0.26041667 | X9: 0.29513889 | Y9: 0 | Z9: 75
B10: CARIB | C10: =[4]Brewhouse!$A396 -> CA351 | D10: =[4]Brewhouse!$AF396 -> 52.4 | E10: =[4]Brewhouse!$AI396 -> 49.9 | F10: =[4]Brewhouse!$V396 -> 60 | G10: =[4]Brewhouse!AG396 -> 11.6 | H10: 11.6 | I10: =[4]Brewhouse!$AU396 -> 95.968799 | J10: =[4]Brewhouse!$AV396 -> 96.982765 | K10: =[4]Brewhouse!$Q396 -> 4.4731978 | L10: =[4]Brewhouse!$P396 -> 61 | M10: =[4]Brewhouse!$U396-[4]Brewhouse!$T396 -> 0.12152778 | N10: =[4]Brewhouse!$Z396 -> 0.27083333 | O10: =[4]Brewhouse!$AX396 -> D. Gomaz | R10: =B10 -> CARIB | S10: =VLOOKUP($B10,$R$3:$X$9,2,FALSE) -> 11.6 | T10: =VLOOKUP($B10,$R$3:$X$9,3,FALSE) -> 12 | U10: =VLOOKUP($B10,$R$3:$X$9,4,FALSE) -> 0 | V10: =VLOOKUP($B10,$R$3:$X$9,5,FALSE) -> 0.11805556 | W10: =VLOOKUP($B10,$R$3:$X$9,6,FALSE) -> 0.22569444 | X10: =VLOOKUP($B10,$R$3:$X$9,7,FALSE) -> 0.26388889 | Y10: =VLOOKUP($B10,$R$3:$Z$9,8,FALSE) -> 0 | Z10: =VLOOKUP($B10,$R$3:$Z$9,9,FALSE) -> 60
B11: CARIB | C11: =[4]Brewhouse!$A397 -> CA352 | D11: =[4]Brewhouse!$AF397 -> 52.9 | E11: =[4]Brewhouse!$AI397 -> 50.05 | F11: =[4]Brewhouse!$V397 -> 64 | G11: =[4]Brewhouse!AG397 -> 11.7 | H11: 11.7 | I11: =[4]Brewhouse!$AU397 -> 97.010275 | J11: =[4]Brewhouse!$AV397 -> 98.035313 | K11: =[4]Brewhouse!$Q397 -> 3.3703704 | L11: =[4]Brewhouse!$P397 -> 60 | M11: =[4]Brewhouse!$U397-[4]Brewhouse!$T397 -> 0.11180556 | N11: =[4]Brewhouse!$Z397 -> 0.27708333 | O11: =[4]Brewhouse!$AX397 -> D. Gomaz | P11: copper up in pre-run tank | R11: =B11 -> CARIB | S11: =VLOOKUP($B11,$R$3:$X$9,2,FALSE) -> 11.6 | T11: =VLOOKUP($B11,$R$3:$X$9,3,FALSE) -> 12 | U11: =VLOOKUP($B11,$R$3:$X$9,4,FALSE) -> 0 | V11: =VLOOKUP($B11,$R$3:$X$9,5,FALSE) -> 0.11805556 | W11: =VLOOKUP($B11,$R$3:$X$9,6,FALSE) -> 0.22569444 | X11: =VLOOKUP($B11,$R$3:$X$9,7,FALSE) -> 0.26388889 | Y11: =VLOOKUP($B11,$R$3:$Z$9,8,FALSE) -> 0 | Z11: =VLOOKUP($B11,$R$3:$Z$9,9,FALSE) -> 60
B12: CARIB | C12: =[4]Brewhouse!$A398 -> CA353 | D12: =[4]Brewhouse!$AF398 -> 52.5 | E12: =[4]Brewhouse!$AI398 -> 50.6 | F12: =[4]Brewhouse!$V398 -> 52 | G12: =[4]Brewhouse!AG398 -> 11.6 | H12: 11.8 | I12: =[4]Brewhouse!$AU398 -> 97.315055 | J12: =[4]Brewhouse!$AV398 -> 98.343245 | K12: =[4]Brewhouse!$Q398 -> 4.2883549 | L12: =[4]Brewhouse!$P398 -> 57 | M12: =[4]Brewhouse!$U398-[4]Brewhouse!$T398 -> 0.10555556 | N12: =[4]Brewhouse!$Z398 -> 0.2875 | O12: =[4]Brewhouse!$AX398 -> D. Gomaz | P12: spent grain issues | R12: =B12 -> CARIB | S12: =VLOOKUP($B12,$R$3:$X$9,2,FALSE) -> 11.6 | T12: =VLOOKUP($B12,$R$3:$X$9,3,FALSE) -> 12 | U12: =VLOOKUP($B12,$R$3:$X$9,4,FALSE) -> 0 | V12: =VLOOKUP($B12,$R$3:$X$9,5,FALSE) -> 0.11805556 | W12: =VLOOKUP($B12,$R$3:$X$9,6,FALSE) -> 0.22569444 | X12: =VLOOKUP($B12,$R$3:$X$9,7,FALSE) -> 0.26388889 | Y12: =VLOOKUP($B12,$R$3:$Z$9,8,FALSE) -> 0 | Z12: =VLOOKUP($B12,$R$3:$Z$9,9,FALSE) -> 60
B13: CARIB | C13: =[4]Brewhouse!$A399 -> CA354 | D13: =[4]Brewhouse!$AF399 -> 52.5 | E13: =[4]Brewhouse!$AI399 -> 50.6 | F13: =[4]Brewhouse!$V399 -> 62 | G13: =[4]Brewhouse!AG399 -> 11.6 | H13: 11.6 | I13: =[4]Brewhouse!$AU399 -> 97.194197 | J13: =[4]Brewhouse!$AV398 -> 98.343245 | K13: =[4]Brewhouse!$Q399 -> 4.2883549 | L13: =[4]Brewhouse!$P399 -> 62 | M13: =[4]Brewhouse!$U399-[4]Brewhouse!$T399 -> 0.11041667 | N13: =[4]Brewhouse!$Z399 -> 0.27569444 | O13: =[4]Brewhouse!$AX399 -> D. Gomaz | R13: =B13 -> CARIB | S13: =VLOOKUP($B13,$R$3:$X$9,2,FALSE) -> 11.6 | T13: =VLOOKUP($B13,$R$3:$X$9,3,FALSE) -> 12 | U13: =VLOOKUP($B13,$R$3:$X$9,4,FALSE) -> 0 | V13: =VLOOKUP($B13,$R$3:$X$9,5,FALSE) -> 0.11805556 | W13: =VLOOKUP($B13,$R$3:$X$9,6,FALSE) -> 0.22569444 | X13: =VLOOKUP($B13,$R$3:$X$9,7,FALSE) -> 0.26388889 | Y13: =VLOOKUP($B13,$R$3:$Z$9,8,FALSE) -> 0 | Z13: =VLOOKUP($B13,$R$3:$Z$9,9,FALSE) -> 60
B14: CARIB | C14: =[4]Brewhouse!$A400 -> CA355 | D14: =[4]Brewhouse!$AF400 -> 52 | E14: =[4]Brewhouse!$AI400 -> 50.1 | F14: =[4]Brewhouse!$V400 -> 62 | G14: =[4]Brewhouse!AG400 -> 11.7 | I14: =[4]Brewhouse!$AU400 -> 97.107189 | J14: =[4]Brewhouse!$AV400 -> 98.133251 | K14: =[4]Brewhouse!$Q400 -> 5.2125693 | L14: =[4]Brewhouse!$P400 -> 57 | M14: =[4]Brewhouse!$U400-[4]Brewhouse!$T400 -> 0.11041667 | N14: =[4]Brewhouse!$Z400 -> 0.28819444 | O14: =[4]Brewhouse!$AX400 -> R. Sookram | P14: copper up delay slow heat up | R14: =B14 -> CARIB | S14: =VLOOKUP($B14,$R$3:$X$9,2,FALSE) -> 11.6 | T14: =VLOOKUP($B14,$R$3:$X$9,3,FALSE) -> 12 | U14: =VLOOKUP($B14,$R$3:$X$9,4,FALSE) -> 0 | V14: =VLOOKUP($B14,$R$3:$X$9,5,FALSE) -> 0.11805556 | W14: =VLOOKUP($B14,$R$3:$X$9,6,FALSE) -> 0.22569444 | X14: =VLOOKUP($B14,$R$3:$X$9,7,FALSE) -> 0.26388889 | Y14: =VLOOKUP($B14,$R$3:$Z$9,8,FALSE) -> 0 | Z14: =VLOOKUP($B14,$R$3:$Z$9,9,FALSE) -> 60
B15: CARIB | C15: =[4]Brewhouse!$A401 -> CA356 | D15: =[4]Brewhouse!$AF401 -> 52.5 | E15: =[4]Brewhouse!$AI401 -> 50.2 | F15: =[4]Brewhouse!$V401 -> 60 | G15: =[4]Brewhouse!AG401 -> 11.7 | H15: 11.8 | I15: =[4]Brewhouse!$AU401 -> 97.543298 | J15: =[4]Brewhouse!$AV401 -> 98.573832 | K15: =[4]Brewhouse!$Q401 -> 4.2883549 | L15: =[4]Brewhouse!$P401 -> 60 | M15: =[4]Brewhouse!$U401-[4]Brewhouse!$T401 -> 0.12361111 | N15: =[4]Brewhouse!$Z401 -> 0.3 | O15: =[4]Brewhouse!$AX401 -> R. Sookram | P15: copper up in pre-run tank | R15: =B15 -> CARIB | S15: =VLOOKUP($B15,$R$3:$X$9,2,FALSE) -> 11.6 | T15: =VLOOKUP($B15,$R$3:$X$9,3,FALSE) -> 12 | U15: =VLOOKUP($B15,$R$3:$X$9,4,FALSE) -> 0 | V15: =VLOOKUP($B15,$R$3:$X$9,5,FALSE) -> 0.11805556 | W15: =VLOOKUP($B15,$R$3:$X$9,6,FALSE) -> 0.22569444 | X15: =VLOOKUP($B15,$R$3:$X$9,7,FALSE) -> 0.26388889 | Y15: =VLOOKUP($B15,$R$3:$Z$9,8,FALSE) -> 0 | Z15: =VLOOKUP($B15,$R$3:$Z$9,9,FALSE) -> 60
B16: CARIB | C16: =[4]Brewhouse!$A402 -> CA357 | D16: =[4]Brewhouse!$AF402 -> 52.7 | E16: =[4]Brewhouse!$AI402 -> 50.8 | F16: =[4]Brewhouse!$V402 -> 55 | G16: =[4]Brewhouse!AG402 -> 11.8 | H16: 11.9 | I16: =[4]Brewhouse!$AU402 -> 99.596972 | J16: =[4]Brewhouse!$AV402 -> 100.6492 | K16: =[4]Brewhouse!$Q402 -> 3.7407407 | L16: =[4]Brewhouse!$P402 -> 60 | M16: =[4]Brewhouse!$U402-[4]Brewhouse!$T402 -> 0.12291667 | N16: =[4]Brewhouse!$Z402 -> 0.275 | O16: =[4]Brewhouse!$AX402 -> R. Sookram | R16: =B16 -> CARIB | S16: =VLOOKUP($B16,$R$3:$X$9,2,FALSE) -> 11.6 | T16: =VLOOKUP($B16,$R$3:$X$9,3,FALSE) -> 12 | U16: =VLOOKUP($B16,$R$3:$X$9,4,FALSE) -> 0 | V16: =VLOOKUP($B16,$R$3:$X$9,5,FALSE) -> 0.11805556 | W16: =VLOOKUP($B16,$R$3:$X$9,6,FALSE) -> 0.22569444 | X16: =VLOOKUP($B16,$R$3:$X$9,7,FALSE) -> 0.26388889 | Y16: =VLOOKUP($B16,$R$3:$Z$9,8,FALSE) -> 0 | Z16: =VLOOKUP($B16,$R$3:$Z$9,9,FALSE) -> 60
R17: =B17 -> 0 | S17: =VLOOKUP($B17,$R$3:$X$9,2,FALSE) -> #N/A | T17: =VLOOKUP($B17,$R$3:$X$9,3,FALSE) -> #N/A | U17: =VLOOKUP($B17,$R$3:$X$9,4,FALSE) -> #N/A | V17: =VLOOKUP($B17,$R$3:$X$9,5,FALSE) -> #N/A | W17: =VLOOKUP($B17,$R$3:$X$9,6,FALSE) -> #N/A | X17: =VLOOKUP($B17,$R$3:$X$9,7,FALSE) -> #N/A | Y17: =VLOOKUP($B17,$R$3:$Z$9,8,FALSE) -> #N/A | Z17: =VLOOKUP($B17,$R$3:$Z$9,9,FALSE) -> #N/A
R18: =B18 -> 0 | S18: =VLOOKUP($B18,$R$3:$X$9,2,FALSE) -> #N/A | T18: =VLOOKUP($B18,$R$3:$X$9,3,FALSE) -> #N/A | U18: =VLOOKUP($B18,$R$3:$X$9,4,FALSE) -> #N/A | V18: =VLOOKUP($B18,$R$3:$X$9,5,FALSE) -> #N/A | W18: =VLOOKUP($B18,$R$3:$X$9,6,FALSE) -> #N/A | X18: =VLOOKUP($B18,$R$3:$X$9,7,FALSE) -> #N/A | Y18: =VLOOKUP($B18,$R$3:$Z$9,8,FALSE) -> #N/A | Z18: =VLOOKUP($B18,$R$3:$Z$9,9,FALSE) -> #N/A
R19: =B19 -> 0 | S19: =VLOOKUP($B19,$R$3:$X$9,2,FALSE) -> #N/A | T19: =VLOOKUP($B19,$R$3:$X$9,3,FALSE) -> #N/A | U19: =VLOOKUP($B19,$R$3:$X$9,4,FALSE) -> #N/A | V19: =VLOOKUP($B19,$R$3:$X$9,5,FALSE) -> #N/A | W19: =VLOOKUP($B19,$R$3:$X$9,6,FALSE) -> #N/A | X19: =VLOOKUP($B19,$R$3:$X$9,7,FALSE) -> #N/A | Y19: =VLOOKUP($B19,$R$3:$Z$9,8,FALSE) -> #N/A | Z19: =VLOOKUP($B19,$R$3:$Z$9,9,FALSE) -> #N/A
R20: =B20 -> 0 | S20: =VLOOKUP($B20,$R$3:$X$9,2,FALSE) -> #N/A | T20: =VLOOKUP($B20,$R$3:$X$9,3,FALSE) -> #N/A | U20: =VLOOKUP($B20,$R$3:$X$9,4,FALSE) -> #N/A | V20: =VLOOKUP($B20,$R$3:$X$9,5,FALSE) -> #N/A | W20: =VLOOKUP($B20,$R$3:$X$9,6,FALSE) -> #N/A | X20: =VLOOKUP($B20,$R$3:$X$9,7,FALSE) -> #N/A | Y20: =VLOOKUP($B20,$R$3:$Z$9,8,FALSE) -> #N/A | Z20: =VLOOKUP($B20,$R$3:$Z$9,9,FALSE) -> #N/A
R21: =B21 -> 0 | S21: =VLOOKUP($B21,$R$3:$X$9,2,FALSE) -> #N/A | T21: =VLOOKUP($B21,$R$3:$X$9,3,FALSE) -> #N/A | U21: =VLOOKUP($B21,$R$3:$X$9,4,FALSE) -> #N/A | V21: =VLOOKUP($B21,$R$3:$X$9,5,FALSE) -> #N/A | W21: =VLOOKUP($B21,$R$3:$X$9,6,FALSE) -> #N/A | X21: =VLOOKUP($B21,$R$3:$X$9,7,FALSE) -> #N/A | Y21: =VLOOKUP($B21,$R$3:$Z$9,8,FALSE) -> #N/A | Z21: =VLOOKUP($B21,$R$3:$Z$9,9,FALSE) -> #N/A
R22: =B22 -> 0 | S22: =VLOOKUP($B22,$R$3:$X$9,2,FALSE) -> #N/A | T22: =VLOOKUP($B22,$R$3:$X$9,3,FALSE) -> #N/A | U22: =VLOOKUP($B22,$R$3:$X$9,4,FALSE) -> #N/A | V22: =VLOOKUP($B22,$R$3:$X$9,5,FALSE) -> #N/A | W22: =VLOOKUP($B22,$R$3:$X$9,6,FALSE) -> #N/A | X22: =VLOOKUP($B22,$R$3:$X$9,7,FALSE) -> #N/A | Y22: =VLOOKUP($B22,$R$3:$Z$9,8,FALSE) -> #N/A | Z22: =VLOOKUP($B22,$R$3:$Z$9,9,FALSE) -> #N/A
R23: =B23 -> 0 | S23: =VLOOKUP($B23,$R$3:$X$9,2,FALSE) -> #N/A | T23: =VLOOKUP($B23,$R$3:$X$9,3,FALSE) -> #N/A | U23: =VLOOKUP($B23,$R$3:$X$9,4,FALSE) -> #N/A | V23: =VLOOKUP($B23,$R$3:$X$9,5,FALSE) -> #N/A | W23: =VLOOKUP($B23,$R$3:$X$9,6,FALSE) -> #N/A | X23: =VLOOKUP($B23,$R$3:$X$9,7,FALSE) -> #N/A | Y23: =VLOOKUP($B23,$R$3:$Z$9,8,FALSE) -> #N/A | Z23: =VLOOKUP($B23,$R$3:$Z$9,9,FALSE) -> #N/A
R24: =B24 -> 0 | S24: =VLOOKUP($B24,$R$3:$X$9,2,FALSE) -> #N/A | T24: =VLOOKUP($B24,$R$3:$X$9,3,FALSE) -> #N/A | U24: =VLOOKUP($B24,$R$3:$X$9,4,FALSE) -> #N/A | V24: =VLOOKUP($B24,$R$3:$X$9,5,FALSE) -> #N/A | W24: =VLOOKUP($B24,$R$3:$X$9,6,FALSE) -> #N/A | X24: =VLOOKUP($B24,$R$3:$X$9,7,FALSE) -> #N/A | Y24: =VLOOKUP($B24,$R$3:$Z$9,8,FALSE) -> #N/A | Z24: =VLOOKUP($B24,$R$3:$Z$9,9,FALSE) -> #N/A
R25: =B25 -> 0 | S25: =VLOOKUP($B25,$R$3:$X$9,2,FALSE) -> #N/A | T25: =VLOOKUP($B25,$R$3:$X$9,3,FALSE) -> #N/A | U25: =VLOOKUP($B25,$R$3:$X$9,4,FALSE) -> #N/A | V25: =VLOOKUP($B25,$R$3:$X$9,5,FALSE) -> #N/A | W25: =VLOOKUP($B25,$R$3:$X$9,6,FALSE) -> #N/A | X25: =VLOOKUP($B25,$R$3:$X$9,7,FALSE) -> #N/A | Y25: =VLOOKUP($B25,$R$3:$Z$9,8,FALSE) -> #N/A | Z25: =VLOOKUP($B25,$R$3:$Z$9,9,FALSE) -> #N/A
B26: BRAND | D26: BBT P.G./ O.G | I26: Brand | K26: MTD No. of Brews | L26: MTD | M26: YTD | N26: Target | R26: =B26 -> BRAND | S26: =VLOOKUP($B26,$R$3:$X$9,2,FALSE) -> #N/A | T26: =VLOOKUP($B26,$R$3:$X$9,3,FALSE) -> #N/A | U26: =VLOOKUP($B26,$R$3:$X$9,4,FALSE) -> #N/A | V26: =VLOOKUP($B26,$R$3:$X$9,5,FALSE) -> #N/A | W26: =VLOOKUP($B26,$R$3:$X$9,6,FALSE) -> #N/A | X26: =VLOOKUP($B26,$R$3:$X$9,7,FALSE) -> #N/A | Y26: =VLOOKUP($B26,$R$3:$Z$9,8,FALSE) -> #N/A | Z26: =VLOOKUP($B26,$R$3:$Z$9,9,FALSE) -> #N/A
I27: CARIB | J27: =AVERAGE(I10:I16) -> 97.390826 | K27: =COUNTA([4]Brewhouse!$A$372:$A$402) -> 31 | L27: =AVERAGE([4]Brewhouse!$AU$372:$AU$402) -> 97.899591 | M27: =AVERAGE([4]Brewhouse!$AU$42:$AU$123,[4]Brewhouse!$AU$125:$AU$188,[4]Brewhouse!$AU$198:$AU$290,[4]Brewhouse!$AU$292:$AU$370,[4]Brewhouse!$AU$372:$AU$402) -> 97.995292 | N27: 98 | R27: =B27 -> 0 | S27: =VLOOKUP($B27,$R$3:$X$9,2,FALSE) -> #N/A | T27: =VLOOKUP($B27,$R$3:$X$9,3,FALSE) -> #N/A | U27: =VLOOKUP($B27,$R$3:$X$9,4,FALSE) -> #N/A | V27: =VLOOKUP($B27,$R$3:$X$9,5,FALSE) -> #N/A | W27: =VLOOKUP($B27,$R$3:$X$9,6,FALSE) -> #N/A | X27: =VLOOKUP($B27,$R$3:$X$9,7,FALSE) -> #N/A | Y27: =VLOOKUP($B27,$R$3:$Z$9,8,FALSE) -> #N/A | Z27: =VLOOKUP($B27,$R$3:$Z$9,9,FALSE) -> #N/A
I28: STAG | K28: =COUNTA([3]Brewhouse!$A$214:$A$229) -> 16 | L28: =AVERAGE([3]Brewhouse!$AS$214:$AS$229) -> 97.795659 | M28: =AVERAGE([3]Brewhouse!$AS$52:$AS$81,[3]Brewhouse!$AS$83:$AS$124,[3]Brewhouse!$AS$134:$AS$177,[3]Brewhouse!$AS$22:$AS$179,[3]Brewhouse!$AS$214:$AS$229) -> 97.938421 | N28: 98 | R28: =B28 -> 0 | S28: =VLOOKUP($B28,$R$3:$X$9,2,FALSE) -> #N/A | T28: =VLOOKUP($B28,$R$3:$X$9,3,FALSE) -> #N/A | U28: =VLOOKUP($B28,$R$3:$X$9,4,FALSE) -> #N/A | V28: =VLOOKUP($B28,$R$3:$X$9,5,FALSE) -> #N/A | W28: =VLOOKUP($B28,$R$3:$X$9,6,FALSE) -> #N/A | X28: =VLOOKUP($B28,$R$3:$X$9,7,FALSE) -> #N/A | Y28: =VLOOKUP($B28,$R$3:$Z$9,8,FALSE) -> #N/A | Z28: =VLOOKUP($B28,$R$3:$Z$9,9,FALSE) -> #N/A
I29: GUINNESS | M29: =AVERAGE([5]Brewhouse!$AU$16:$AU$23,[5]Brewhouse!$AU$25:$AU$32,[5]Brewhouse!$AU$34:$AU$41,[5]Brewhouse!$AU$43:$AU$55) -> 96.793457 | N29: 98 | R29: =B29 -> 0 | S29: =VLOOKUP($B29,$R$3:$X$9,2,FALSE) -> #N/A | T29: =VLOOKUP($B29,$R$3:$X$9,3,FALSE) -> #N/A | U29: =VLOOKUP($B29,$R$3:$X$9,4,FALSE) -> #N/A | V29: =VLOOKUP($B29,$R$3:$X$9,5,FALSE) -> #N/A | W29: =VLOOKUP($B29,$R$3:$X$9,6,FALSE) -> #N/A | X29: =VLOOKUP($B29,$R$3:$X$9,7,FALSE) -> #N/A | Y29: =VLOOKUP($B29,$R$3:$Z$9,8,FALSE) -> #N/A | Z29: =VLOOKUP($B29,$R$3:$Z$9,9,FALSE) -> #N/A
I30: VITAMALT | M30: =AVERAGE([6]Brewhouse!$AV$23:$AV$34,[6]Brewhouse!$AV$36,[6]Brewhouse!$AV$38:$AV$52,[6]Brewhouse!$AV$54:$AV$60) -> 97.437513 | N30: 98 | R30: =B30 -> 0 | S30: =VLOOKUP($B30,$R$3:$X$9,2,FALSE) -> #N/A | T30: =VLOOKUP($B30,$R$3:$X$9,3,FALSE) -> #N/A | U30: =VLOOKUP($B30,$R$3:$X$9,4,FALSE) -> #N/A | V30: =VLOOKUP($B30,$R$3:$X$9,5,FALSE) -> #N/A | W30: =VLOOKUP($B30,$R$3:$X$9,6,FALSE) -> #N/A | X30: =VLOOKUP($B30,$R$3:$X$9,7,FALSE) -> #N/A | Y30: =VLOOKUP($B30,$R$3:$Z$9,8,FALSE) -> #N/A | Z30: =VLOOKUP($B30,$R$3:$Z$9,9,FALSE) -> #N/A
I31: MAXIMALT | N31: 98 | R31: =B31 -> 0 | S31: =VLOOKUP($B31,$R$3:$X$9,2,FALSE) -> #N/A | T31: =VLOOKUP($B31,$R$3:$X$9,3,FALSE) -> #N/A | U31: =VLOOKUP($B31,$R$3:$X$9,4,FALSE) -> #N/A | V31: =VLOOKUP($B31,$R$3:$X$9,5,FALSE) -> #N/A | W31: =VLOOKUP($B31,$R$3:$X$9,6,FALSE) -> #N/A | X31: =VLOOKUP($B31,$R$3:$X$9,7,FALSE) -> #N/A | Y31: =VLOOKUP($B31,$R$3:$Z$9,8,FALSE) -> #N/A | Z31: =VLOOKUP($B31,$R$3:$Z$9,9,FALSE) -> #N/A
I32: MACKESON | K32: =COUNTA([7]Brewhouse!$A$13:$A$16) -> 4 | L32: =AVERAGE([7]Brewhouse!$AT$13:$AT$16) -> 88.962677 | M32: =AVERAGE([7]Brewhouse!$AT$4:$AT$11,[7]Brewhouse!$AT$13:$AT$16) -> 91.538375 | N32: 98 | R32: =B32 -> 0 | S32: =VLOOKUP($B32,$R$3:$X$9,2,FALSE) -> #N/A | T32: =VLOOKUP($B32,$R$3:$X$9,3,FALSE) -> #N/A | U32: =VLOOKUP($B32,$R$3:$X$9,4,FALSE) -> #N/A | V32: =VLOOKUP($B32,$R$3:$X$9,5,FALSE) -> #N/A | W32: =VLOOKUP($B32,$R$3:$X$9,6,FALSE) -> #N/A | X32: =VLOOKUP($B32,$R$3:$X$9,7,FALSE) -> #N/A | Y32: =VLOOKUP($B32,$R$3:$Z$9,8,FALSE) -> #N/A | Z32: =VLOOKUP($B32,$R$3:$Z$9,9,FALSE) -> #N/A
I33: STARMALT | M33: =AVERAGE([8]Brewhouse!$AY$5:$AY$14,[8]Brewhouse!$AY$16:$AY$23,[8]Brewhouse!$AY$42,[8]Brewhouse!$AY$44:$AY$51) -> 97.608428 | N33: 98 | R33: =B33 -> 0 | S33: =VLOOKUP($B33,$R$3:$X$9,2,FALSE) -> #N/A | T33: =VLOOKUP($B33,$R$3:$X$9,3,FALSE) -> #N/A | U33: =VLOOKUP($B33,$R$3:$X$9,4,FALSE) -> #N/A | V33: =VLOOKUP($B33,$R$3:$X$9,5,FALSE) -> #N/A | W33: =VLOOKUP($B33,$R$3:$X$9,6,FALSE) -> #N/A | X33: =VLOOKUP($B33,$R$3:$X$9,7,FALSE) -> #N/A | Y33: =VLOOKUP($B33,$R$3:$Z$9,8,FALSE) -> #N/A | Z33: =VLOOKUP($B33,$R$3:$Z$9,9,FALSE) -> #N/A
I34: HR- Pils | N34: 98 | R34: =B34 -> 0 | S34: =VLOOKUP($B34,$R$3:$X$9,2,FALSE) -> #N/A | T34: =VLOOKUP($B34,$R$3:$X$9,3,FALSE) -> #N/A | U34: =VLOOKUP($B34,$R$3:$X$9,4,FALSE) -> #N/A | V34: =VLOOKUP($B34,$R$3:$X$9,5,FALSE) -> #N/A | W34: =VLOOKUP($B34,$R$3:$X$9,6,FALSE) -> #N/A | X34: =VLOOKUP($B34,$R$3:$X$9,7,FALSE) -> #N/A | Y34: =VLOOKUP($B34,$R$3:$Z$9,8,FALSE) -> #N/A | Z34: =VLOOKUP($B34,$R$3:$Z$9,9,FALSE) -> #N/A
I35: HR- IPA | N35: 98 | R35: =B35 -> 0 | S35: =VLOOKUP($B35,$R$3:$X$9,2,FALSE) -> #N/A | T35: =VLOOKUP($B35,$R$3:$X$9,3,FALSE) -> #N/A | U35: =VLOOKUP($B35,$R$3:$X$9,4,FALSE) -> #N/A | V35: =VLOOKUP($B35,$R$3:$X$9,5,FALSE) -> #N/A | W35: =VLOOKUP($B35,$R$3:$X$9,6,FALSE) -> #N/A | X35: =VLOOKUP($B35,$R$3:$X$9,7,FALSE) -> #N/A | Y35: =VLOOKUP($B35,$R$3:$Z$9,8,FALSE) -> #N/A | Z35: =VLOOKUP($B35,$R$3:$Z$9,9,FALSE) -> #N/A
I36: HR- APA | N36: 98 | R36: =B36 -> 0 | S36: =VLOOKUP($B36,$R$3:$X$9,2,FALSE) -> #N/A | T36: =VLOOKUP($B36,$R$3:$X$9,3,FALSE) -> #N/A | U36: =VLOOKUP($B36,$R$3:$X$9,4,FALSE) -> #N/A | V36: =VLOOKUP($B36,$R$3:$X$9,5,FALSE) -> #N/A | W36: =VLOOKUP($B36,$R$3:$X$9,6,FALSE) -> #N/A | X36: =VLOOKUP($B36,$R$3:$X$9,7,FALSE) -> #N/A | Y36: =VLOOKUP($B36,$R$3:$Z$9,8,FALSE) -> #N/A | Z36: =VLOOKUP($B36,$R$3:$Z$9,9,FALSE) -> #N/A
K37: =SUM(K27:K36) -> 51 | L37: =((L27*K27)+(L28*K28)+(L29*K29)+(L30*K30)+(L31*K31)+(K34*L34)+(L32*K32)+(L33*K33)+(L36*K36))/(K37) -> 97.16605 | M37: =AVERAGE('[9]Jan30th-31st'!$L$42,L37) -> 97.497046 | N37: 98 | R37: =B37 -> 0 | S37: =VLOOKUP($B37,$R$3:$X$9,2,FALSE) -> #N/A | T37: =VLOOKUP($B37,$R$3:$X$9,3,FALSE) -> #N/A | U37: =VLOOKUP($B37,$R$3:$X$9,4,FALSE) -> #N/A | V37: =VLOOKUP($B37,$R$3:$X$9,5,FALSE) -> #N/A | W37: =VLOOKUP($B37,$R$3:$X$9,6,FALSE) -> #N/A | X37: =VLOOKUP($B37,$R$3:$X$9,7,FALSE) -> #N/A | Y37: =VLOOKUP($B37,$R$3:$Z$9,8,FALSE) -> #N/A | Z37: =VLOOKUP($B37,$R$3:$Z$9,9,FALSE) -> #N/A
R38: =B38 -> 0 | S38: =VLOOKUP($B38,$R$3:$X$9,2,FALSE) -> #N/A | T38: =VLOOKUP($B38,$R$3:$X$9,3,FALSE) -> #N/A | U38: =VLOOKUP($B38,$R$3:$X$9,4,FALSE) -> #N/A | V38: =VLOOKUP($B38,$R$3:$X$9,5,FALSE) -> #N/A | W38: =VLOOKUP($B38,$R$3:$X$9,6,FALSE) -> #N/A | X38: =VLOOKUP($B38,$R$3:$X$9,7,FALSE) -> #N/A | Y38: =VLOOKUP($B38,$R$3:$Z$9,8,FALSE) -> #N/A | Z38: =VLOOKUP($B38,$R$3:$Z$9,9,FALSE) -> #N/A
J39: Daily Brewing Plan
J40: Brand | K40: Brews Achieved | L40: Average Brews per day
J41: CARIB | K41: 7 | L41: MTD | M41: YTD | N41: TARGET
J42: STAG | L42: =AVERAGE('May 2nd-23rd'!J53,'May 2nd-23rd'!K53,'May 4th'!K51,'May 5th'!K47,'May 6th'!K54,'May 7th'!K48,'May 11th'!K51,'May 8th -9th'!K55,'May 8th -9th'!J55) -> 5.5555556 | M42: =AVERAGE('[9]Jan30th-31st'!$L$47,L42,'[10]Feb 26th '!$L$39,'[11]Mar 31st'!$L$47,'[12]Apr 30th'!$L$46) -> 6.3185024 | N42: 9.2
J43: GUINN
J44: VITAMALT
J45: STARMALT
J46: MACKESON
J47: HURRICANE REEF- IPA
J48: HURRICANE REEF- APA
B49: AVERAGE | J49: HR- PILSNER
J50: CARIBE
J51: Total | K51: =SUM(K41:K50) -> 7
B52: Process: | C52: Fermentation/Filtration
B54: Brand | C54: Filt. Date | D54: FV Hls | E54: GFE/ Prim/ Vita Blend (Hls) | F54: SV Hls | G54: BBT Hls | H54: Loss (%) Ferm | I54: Loss (%) Filt | J54: Comments | K54: Throughput | L54: Process Loss (%) | M54: Filt. Operator
AB55: 43474 | AC55: 43475 | AD55: 43476 | AE55: 43477 | AF55: 43478 | AG55: 43479 | AH55: 43480 | AI55: 43481 | AJ55: 43482 | AK55: 43483 | AL55: 43484 | AM55: 43485 | AN55: 43486 | AO55: 43487 | AP55: 43488 | AQ55: 43489 | AR55: 43490 | AS55: 43491 | AT55: 43492 | AU55: 43493 | AV55: 43494 | AW55: 43495 | AX55: 43496
B56: =I27 -> CARIB | C56: 46153 | D56: =[32]May_2026!$M$3 -> 102.8 | G56: =[32]May_2026!$M$7 -> 93.5 | J56: NO SBF | K56: =[34]May_2026!$M$18 -> 0.32807018 | L56: =(((D56+E56)-G56)/(D56+E56))*100 -> 9.0466926 | M56: D.Emery | AB56: =[13]January_2019!L5 -> 0 | AC56: =[13]January_2019!M5 -> 0 | AD56: =[13]January_2019!N5 -> 0 | AE56: =[13]January_2019!O5 -> 0 | AF56: =[13]January_2019!P5 -> 0 | AG56: =[13]January_2019!Q5 -> 0 | AH56: =[13]January_2019!R5 -> 0 | AI56: =[13]January_2019!S5 -> 0 | ... AX56: =[13]January_2019!AH5 -> 0
AB57: =[13]January_2019!L6 -> 0 | AC57: =[13]January_2019!M6 -> 0 | AD57: =[13]January_2019!N6 -> 0 | AE57: =[13]January_2019!O6 -> 0 | AF57: =[13]January_2019!P6 -> 0 | AG57: =[13]January_2019!Q6 -> 0 | AH57: =[13]January_2019!R6 -> 0 | AI57: =[13]January_2019!S6 -> 0 | ... AX57: =[13]January_2019!AH6 -> 0
B58: =I27 -> CARIB | C58: 46153 | D58: =[32]May_2026!$N$3 -> 501.6 | G58: =[32]May_2026!$N$7 -> 476.8 | J58: 5SBF | K58: =[34]May_2026!$N$18 -> 0.27883041 | L58: =(((D58+E58)-G58)/(D58+E58))*100 -> 4.9441786 | M58: D.Emery | AB58: =[13]January_2019!L7 -> 285.8 | AC58: =[13]January_2019!M7 -> 508.1 | AD58: =[13]January_2019!N7 -> 0 | AE58: =[13]January_2019!O7 -> 0 | AF58: =[13]January_2019!P7 -> 109.56667 | AG58: =[13]January_2019!Q7 -> 297.65 | AH58: =[13]January_2019!R7 -> 122.3 | AI58: =[13]January_2019!S7 -> 0 | ... AX58: =[13]January_2019!AH7 -> 0
B67: Process Loss (Volume) | G67: Process Loss (Extract) | K67: Throughput
B68: Brand | C68: Actual | D68: MTD | E68: YTD | F68: Target | G68: Actual | H68: MTD | I68: YTD | J68: Target | L68: MTD | M68: YTD | N68: Target
B69: CARIB | C69: =AVERAGE(L56,L58) -> 6.9954356 | D69: 6.0280579 | E69: 6.7343546 | F69: 4.8 | G69: =AVERAGE([32]May_2026!$M$11:$N$11) -> 7.9475587 | H69: 6.1737419 | I69: 6.4186889 | J69: 4.8 | K69: =AVERAGE(K56,K58) -> 0.30345029 | L69: 0.50247953 | M69: 0.47941368 | N69: 1
B70: STAG | D70: 5.9521791 | E70: 6.303827 | F70: 4.8 | H70: 5.6002539 | I70: 5.6036172 | J70: 4.8 | L70: 0.37403509 | M70: 0.68732637 | N70: 1
B71: GUINN | D71: 10.182228 | E71: 11.735537 | F71: 5.5 | H71: 11.362029 | I71: 12.769539 | J71: 5.5 | L71: 0.23824561 | M71: 0.26411513 | N71: 1
B72: VITAMALT | D72: 4.853257 | E72: 4.6518563 | F72: 3.3 | H72: 4.737253 | I72: 4.4089875 | J72: 3.3 | L72: 0.58298246 | M72: 0.74716374 | N72: 1
B73: APA | F73: 3.3 | J73: 3 | N73: 1
B74: MACKESON | E74: 5.1105651 | F74: 5.5 | I74: 7.913137 | J74: 5.5 | M74: 1.3550877 | N74: 1
B75: STARMALT | E75: 3.9654241 | F75: 3.3 | I75: 4.8236555 | J75: 3.3 | M75: 0.89457115 | N75: 1
B76: IPA | F76: 7.5 | J76: 7.5 | N76: 1
B77: HURRICANE REEF PILS | F77: 4.8 | J77: 4.8 | N77: 1
D78: 6.5608835 | E78: 6.6118796 | F78: 5.5 | H78: 7.0165465 | I78: 6.5710287 | J78: 5.5 | L78: 0.44572036 | M78: 0.55608393 | N78: 1

Sheet May 12th 
S1: P.G. | U1: Hot Time | W1: Process Time | Y1: Cooling Time
B2: Brewing Department Daily Process Loss Report | S2: Lower | T2: Upper | U2: Lower | V2: Upper | W2: Lower | X2: Upper | Y2: Lower | Z2: Upper
R3: CARIB | S3: 11.6 | T3: 12 | U3: 0 | V3: 0.11805556 | W3: 0.22569444 | X3: 0.26388889 | Y3: 0 | Z3: 60 | AB3: HR- PISNER
B4: Date: | C4: 46155 | J4: LOT WORT COLOUR: | M4: Filter Sheets (Target 20 days) | R4: STAG | S4: 11.6 | T4: 12 | U4: 0 | V4: 0.11805556 | W4: 0.22569444 | X4: 0.26388889 | Y4: 0 | Z4: 60
M5: Double | N5: Single | R5: GUINNESS | S5: 17 | T5: 17.5 | U5: 0 | V5: 0.10763889 | W5: 0.24652778 | X5: 0.28472222 | Y5: 0 | Z5: 60
J6: MALT LOT: Lot #13 | L6: Sheet Day | R6: MACKESON | S6: 13.3 | T6: 13.5 | U6: 0 | V6: 0.12905093 | W6: 0.27430556 | X6: 0.30208333 | Y6: 0
R7: STARMALT | S7: 17 | T7: 17.4 | U7: 0 | V7: 0.13605324 | W7: 0.27430556 | X7: 0.30902778 | Y7: 0 | Z7: 85
B8: Brand | C8: Brew no. | D8: Kett. Hls | E8: Wort | F8: Cool Time(Mins) | G8: Cast. P.G. (Lab Result) | H8: Cast P.G. (Cellar Operator)-gravity | I8: Extr. Rec (77.9%) | J8: Theor. Extr. (77.5%) | K8: Boil Off /Vol. (4-6%) | L8: Boil Time | M8: Total Hot | N8: Brewing Time | O8: Operator | R8: Hurricane Reef | S8: 16.6 | T8: 17 | U8: 0 | V8: 0.12905093 | W8: 0.27430556 | X8: 0.30208333 | Y8: 0
E9: Meter (Hls) | F9: Target(< 60Mins) | M9: Time | R9: VITAMALT | S9: 14.2 | T9: 14.6 | U9: 0 | V9: 0.13905093 | W9: 0.26041667 | X9: 0.29513889 | Y9: 0 | Z9: 75
B10: CARIB | C10: =[4]Brewhouse!$A403 -> CA358 | D10: =[4]Brewhouse!$AF403 -> 53 | E10: =[4]Brewhouse!$AI403 -> 50.4 | F10: =[4]Brewhouse!$V403 -> 61 | G10: =[4]Brewhouse!AG403 -> 11.8 | H10: 11.9 | I10: =[4]Brewhouse!$AU403 -> 98.567308 | J10: =[4]Brewhouse!$AV403 -> 99.608798 | K10: =[4]Brewhouse!$Q405 -> 9.1111111 | L10: =[4]Brewhouse!$P403 -> 61 | M10: =[4]Brewhouse!$U403-[4]Brewhouse!$T403 -> 0.13958333 | N10: =[4]Brewhouse!$Z403 -> 0.30208333 | O10: =[4]Brewhouse!$AX403 -> K. Benjamin | R10: =B10 -> CARIB | S10: =VLOOKUP($B10,$R$3:$X$9,2,FALSE) -> 11.6 | T10: =VLOOKUP($B10,$R$3:$X$9,3,FALSE) -> 12 | U10: =VLOOKUP($B10,$R$3:$X$9,4,FALSE) -> 0 | V10: =VLOOKUP($B10,$R$3:$X$9,5,FALSE) -> 0.11805556 | W10: =VLOOKUP($B10,$R$3:$X$9,6,FALSE) -> 0.22569444 | X10: =VLOOKUP($B10,$R$3:$X$9,7,FALSE) -> 0.26388889 | Y10: =VLOOKUP($B10,$R$3:$Z$9,8,FALSE) -> 0 | Z10: =VLOOKUP($B10,$R$3:$Z$9,9,FALSE) -> 60
R11: =B11 -> 0 | S11: =VLOOKUP($B11,$R$3:$X$9,2,FALSE) -> #N/A | T11: =VLOOKUP($B11,$R$3:$X$9,3,FALSE) -> #N/A | U11: =VLOOKUP($B11,$R$3:$X$9,4,FALSE) -> #N/A | V11: =VLOOKUP($B11,$R$3:$X$9,5,FALSE) -> #N/A | W11: =VLOOKUP($B11,$R$3:$X$9,6,FALSE) -> #N/A | X11: =VLOOKUP($B11,$R$3:$X$9,7,FALSE) -> #N/A | Y11: =VLOOKUP($B11,$R$3:$Z$9,8,FALSE) -> #N/A | Z11: =VLOOKUP($B11,$R$3:$Z$9,9,FALSE) -> #N/A
B12: VITAMALT | C12: =[6]Brewhouse!A62 -> VM036 | D12: =[6]Brewhouse!AE62 -> 50.1 | E12: =[6]Brewhouse!AJ62 -> 60.1 | F12: =[6]Brewhouse!X62 -> 101 | G12: =[6]Brewhouse!AH62 -> 11.2 | H12: 11.3 | I12: =[6]Brewhouse!AV62 -> 94.315097 | J12: =[6]Brewhouse!AW62 -> 94.524291 | K12: =[6]Brewhouse!S62 -> -20.439122 | L12: =[6]Brewhouse!R62 -> 58 | M12: =[6]Brewhouse!$W62-[6]Brewhouse!$V62 -> 0.16527778 | N12: =[6]Brewhouse!AB62 -> 0.32152778 | O12: =[6]Brewhouse!$AZ62 -> R.Sookram | R12: =B12 -> VITAMALT | S12: =VLOOKUP($B12,$R$3:$X$9,2,FALSE) -> 14.2 | T12: =VLOOKUP($B12,$R$3:$X$9,3,FALSE) -> 14.6 | U12: =VLOOKUP($B12,$R$3:$X$9,4,FALSE) -> 0 | V12: =VLOOKUP($B12,$R$3:$X$9,5,FALSE) -> 0.13905093 | W12: =VLOOKUP($B12,$R$3:$X$9,6,FALSE) -> 0.26041667 | X12: =VLOOKUP($B12,$R$3:$X$9,7,FALSE) -> 0.29513889 | Y12: =VLOOKUP($B12,$R$3:$Z$9,8,FALSE) -> 0 | Z12: =VLOOKUP($B12,$R$3:$Z$9,9,FALSE) -> 75
B13: VITAMALT | C13: =[6]Brewhouse!A63 -> VM037 | D13: =[6]Brewhouse!AE63 -> 50.1 | E13: =[6]Brewhouse!AJ63 -> 61.77 | F13: =[6]Brewhouse!X63 -> 142 | G13: =[6]Brewhouse!AH63 -> 11.9 | H13: 12.1 | I13: =[6]Brewhouse!AV63 -> 103.32629 | J13: =[6]Brewhouse!AW63 -> 103.55548 | L13: =[6]Brewhouse!R63 -> 57 | M13: =[6]Brewhouse!$W63-[6]Brewhouse!$V63 -> 0.20138889 | N13: =[6]Brewhouse!AB63 -> 0.37291667 | O13: =[6]Brewhouse!$AZ63 -> R.Sookram | R13: =B13 -> VITAMALT | S13: =VLOOKUP($B13,$R$3:$X$9,2,FALSE) -> 14.2 | T13: =VLOOKUP($B13,$R$3:$X$9,3,FALSE) -> 14.6 | U13: =VLOOKUP($B13,$R$3:$X$9,4,FALSE) -> 0 | V13: =VLOOKUP($B13,$R$3:$X$9,5,FALSE) -> 0.13905093 | W13: =VLOOKUP($B13,$R$3:$X$9,6,FALSE) -> 0.26041667 | X13: =VLOOKUP($B13,$R$3:$X$9,7,FALSE) -> 0.29513889 | Y13: =VLOOKUP($B13,$R$3:$Z$9,8,FALSE) -> 0 | Z13: =VLOOKUP($B13,$R$3:$Z$9,9,FALSE) -> 75
B14: VITAMALT | C14: =[6]Brewhouse!A64 -> VM038 | D14: =[6]Brewhouse!AE64 -> 50 | E14: =[6]Brewhouse!AJ64 -> 45.1 | F14: =[6]Brewhouse!X64 -> 82 | G14: =[6]Brewhouse!AH64 -> 14.7 | I14: =[6]Brewhouse!AV64 -> 94.325329 | J14: =[6]Brewhouse!AW64 -> 94.533668 | K14: =[6]Brewhouse!S64 -> 11.32 | L14: =[6]Brewhouse!R64 -> 57 | M14: =[6]Brewhouse!$W64-[6]Brewhouse!$V64 -> 0.14791667 | N14: =[6]Brewhouse!AB64 -> 0.82916667 | O14: =[6]Brewhouse!$AZ64 -> R.Sookram | R14: =B14 -> VITAMALT | S14: =VLOOKUP($B14,$R$3:$X$9,2,FALSE) -> 14.2 | T14: =VLOOKUP($B14,$R$3:$X$9,3,FALSE) -> 14.6 | U14: =VLOOKUP($B14,$R$3:$X$9,4,FALSE) -> 0 | V14: =VLOOKUP($B14,$R$3:$X$9,5,FALSE) -> 0.13905093 | W14: =VLOOKUP($B14,$R$3:$X$9,6,FALSE) -> 0.26041667 | X14: =VLOOKUP($B14,$R$3:$X$9,7,FALSE) -> 0.29513889 | Y14: =VLOOKUP($B14,$R$3:$Z$9,8,FALSE) -> 0 | Z14: =VLOOKUP($B14,$R$3:$Z$9,9,FALSE) -> 75
B15: VITAMALT | C15: =[6]Brewhouse!A65 -> VM039 | D15: =[6]Brewhouse!AE65 -> 47 | E15: =[6]Brewhouse!AJ65 -> 43.8 | F15: =[6]Brewhouse!X65 -> 79 | G15: =[6]Brewhouse!AH65 -> 15.9 | I15: =[6]Brewhouse!AV65 -> 99.559386 | J15: =[6]Brewhouse!AW65 -> 99.779285 | K15: =[6]Brewhouse!S65 -> 13.744681 | L15: =[6]Brewhouse!R65 -> 72 | M15: =[6]Brewhouse!$W65-[6]Brewhouse!$V65 -> 0.15138889 | N15: =[6]Brewhouse!AB65 -> 0.99513889 | O15: =[6]Brewhouse!$AZ65 -> R.Sookram | R15: =B15 -> VITAMALT | S15: =VLOOKUP($B15,$R$3:$X$9,2,FALSE) -> 14.2 | T15: =VLOOKUP($B15,$R$3:$X$9,3,FALSE) -> 14.6 | U15: =VLOOKUP($B15,$R$3:$X$9,4,FALSE) -> 0 | V15: =VLOOKUP($B15,$R$3:$X$9,5,FALSE) -> 0.13905093 | W15: =VLOOKUP($B15,$R$3:$X$9,6,FALSE) -> 0.26041667 | X15: =VLOOKUP($B15,$R$3:$X$9,7,FALSE) -> 0.29513889 | Y15: =VLOOKUP($B15,$R$3:$Z$9,8,FALSE) -> 0 | Z15: =VLOOKUP($B15,$R$3:$Z$9,9,FALSE) -> 75
R16: =B16 -> 0 | S16: =VLOOKUP($B16,$R$3:$X$9,2,FALSE) -> #N/A | T16: =VLOOKUP($B16,$R$3:$X$9,3,FALSE) -> #N/A | U16: =VLOOKUP($B16,$R$3:$X$9,4,FALSE) -> #N/A | V16: =VLOOKUP($B16,$R$3:$X$9,5,FALSE) -> #N/A | W16: =VLOOKUP($B16,$R$3:$X$9,6,FALSE) -> #N/A | X16: =VLOOKUP($B16,$R$3:$X$9,7,FALSE) -> #N/A | Y16: =VLOOKUP($B16,$R$3:$Z$9,8,FALSE) -> #N/A | Z16: =VLOOKUP($B16,$R$3:$Z$9,9,FALSE) -> #N/A
R17: =B17 -> 0 | S17: =VLOOKUP($B17,$R$3:$X$9,2,FALSE) -> #N/A | T17: =VLOOKUP($B17,$R$3:$X$9,3,FALSE) -> #N/A | U17: =VLOOKUP($B17,$R$3:$X$9,4,FALSE) -> #N/A | V17: =VLOOKUP($B17,$R$3:$X$9,5,FALSE) -> #N/A | W17: =VLOOKUP($B17,$R$3:$X$9,6,FALSE) -> #N/A | X17: =VLOOKUP($B17,$R$3:$X$9,7,FALSE) -> #N/A | Y17: =VLOOKUP($B17,$R$3:$Z$9,8,FALSE) -> #N/A | Z17: =VLOOKUP($B17,$R$3:$Z$9,9,FALSE) -> #N/A
R18: =B18 -> 0 | S18: =VLOOKUP($B18,$R$3:$X$9,2,FALSE) -> #N/A | T18: =VLOOKUP($B18,$R$3:$X$9,3,FALSE) -> #N/A | U18: =VLOOKUP($B18,$R$3:$X$9,4,FALSE) -> #N/A | V18: =VLOOKUP($B18,$R$3:$X$9,5,FALSE) -> #N/A | W18: =VLOOKUP($B18,$R$3:$X$9,6,FALSE) -> #N/A | X18: =VLOOKUP($B18,$R$3:$X$9,7,FALSE) -> #N/A | Y18: =VLOOKUP($B18,$R$3:$Z$9,8,FALSE) -> #N/A | Z18: =VLOOKUP($B18,$R$3:$Z$9,9,FALSE) -> #N/A
R19: =B19 -> 0 | S19: =VLOOKUP($B19,$R$3:$X$9,2,FALSE) -> #N/A | T19: =VLOOKUP($B19,$R$3:$X$9,3,FALSE) -> #N/A | U19: =VLOOKUP($B19,$R$3:$X$9,4,FALSE) -> #N/A | V19: =VLOOKUP($B19,$R$3:$X$9,5,FALSE) -> #N/A | W19: =VLOOKUP($B19,$R$3:$X$9,6,FALSE) -> #N/A | X19: =VLOOKUP($B19,$R$3:$X$9,7,FALSE) -> #N/A | Y19: =VLOOKUP($B19,$R$3:$Z$9,8,FALSE) -> #N/A | Z19: =VLOOKUP($B19,$R$3:$Z$9,9,FALSE) -> #N/A
R20: =B20 -> 0 | S20: =VLOOKUP($B20,$R$3:$X$9,2,FALSE) -> #N/A | T20: =VLOOKUP($B20,$R$3:$X$9,3,FALSE) -> #N/A | U20: =VLOOKUP($B20,$R$3:$X$9,4,FALSE) -> #N/A | V20: =VLOOKUP($B20,$R$3:$X$9,5,FALSE) -> #N/A | W20: =VLOOKUP($B20,$R$3:$X$9,6,FALSE) -> #N/A | X20: =VLOOKUP($B20,$R$3:$X$9,7,FALSE) -> #N/A | Y20: =VLOOKUP($B20,$R$3:$Z$9,8,FALSE) -> #N/A | Z20: =VLOOKUP($B20,$R$3:$Z$9,9,FALSE) -> #N/A
B21: BRAND | D21: BBT P.G./ O.G | I21: Brand | K21: MTD No. of Brews | L21: MTD | M21: YTD | N21: Target | R21: =B21 -> BRAND | S21: =VLOOKUP($B21,$R$3:$X$9,2,FALSE) -> #N/A | T21: =VLOOKUP($B21,$R$3:$X$9,3,FALSE) -> #N/A | U21: =VLOOKUP($B21,$R$3:$X$9,4,FALSE) -> #N/A | V21: =VLOOKUP($B21,$R$3:$X$9,5,FALSE) -> #N/A | W21: =VLOOKUP($B21,$R$3:$X$9,6,FALSE) -> #N/A | X21: =VLOOKUP($B21,$R$3:$X$9,7,FALSE) -> #N/A | Y21: =VLOOKUP($B21,$R$3:$Z$9,8,FALSE) -> #N/A | Z21: =VLOOKUP($B21,$R$3:$Z$9,9,FALSE) -> #N/A
I22: CARIB | J22: =I10 -> 98.567308 | K22: =COUNTA([4]Brewhouse!$A$372:$A$402) -> 31 | L22: =AVERAGE([4]Brewhouse!$AU$372:$AU$402) -> 97.899591 | M22: =AVERAGE([4]Brewhouse!$AU$42:$AU$123,[4]Brewhouse!$AU$125:$AU$188,[4]Brewhouse!$AU$198:$AU$290,[4]Brewhouse!$AU$292:$AU$370,[4]Brewhouse!$AU$372:$AU$402) -> 97.995292 | N22: 98 | R22: =B22 -> 0 | S22: =VLOOKUP($B22,$R$3:$X$9,2,FALSE) -> #N/A | T22: =VLOOKUP($B22,$R$3:$X$9,3,FALSE) -> #N/A | U22: =VLOOKUP($B22,$R$3:$X$9,4,FALSE) -> #N/A | V22: =VLOOKUP($B22,$R$3:$X$9,5,FALSE) -> #N/A | W22: =VLOOKUP($B22,$R$3:$X$9,6,FALSE) -> #N/A | X22: =VLOOKUP($B22,$R$3:$X$9,7,FALSE) -> #N/A | Y22: =VLOOKUP($B22,$R$3:$Z$9,8,FALSE) -> #N/A | Z22: =VLOOKUP($B22,$R$3:$Z$9,9,FALSE) -> #N/A
I23: STAG | K23: =COUNTA([3]Brewhouse!$A$214:$A$229) -> 16 | L23: =AVERAGE([3]Brewhouse!$AS$214:$AS$229) -> 97.795659 | M23: =AVERAGE([3]Brewhouse!$AS$52:$AS$81,[3]Brewhouse!$AS$83:$AS$124,[3]Brewhouse!$AS$134:$AS$177,[3]Brewhouse!$AS$22:$AS$179,[3]Brewhouse!$AS$214:$AS$229) -> 97.938421 | N23: 98 | R23: =B23 -> 0 | S23: =VLOOKUP($B23,$R$3:$X$9,2,FALSE) -> #N/A | T23: =VLOOKUP($B23,$R$3:$X$9,3,FALSE) -> #N/A | U23: =VLOOKUP($B23,$R$3:$X$9,4,FALSE) -> #N/A | V23: =VLOOKUP($B23,$R$3:$X$9,5,FALSE) -> #N/A | W23: =VLOOKUP($B23,$R$3:$X$9,6,FALSE) -> #N/A | X23: =VLOOKUP($B23,$R$3:$X$9,7,FALSE) -> #N/A | Y23: =VLOOKUP($B23,$R$3:$Z$9,8,FALSE) -> #N/A | Z23: =VLOOKUP($B23,$R$3:$Z$9,9,FALSE) -> #N/A
I24: GUINNESS | M24: =AVERAGE([5]Brewhouse!$AU$16:$AU$23,[5]Brewhouse!$AU$25:$AU$32,[5]Brewhouse!$AU$34:$AU$41,[5]Brewhouse!$AU$43:$AU$55) -> 96.793457 | N24: 98 | R24: =B24 -> 0 | S24: =VLOOKUP($B24,$R$3:$X$9,2,FALSE) -> #N/A | T24: =VLOOKUP($B24,$R$3:$X$9,3,FALSE) -> #N/A | U24: =VLOOKUP($B24,$R$3:$X$9,4,FALSE) -> #N/A | V24: =VLOOKUP($B24,$R$3:$X$9,5,FALSE) -> #N/A | W24: =VLOOKUP($B24,$R$3:$X$9,6,FALSE) -> #N/A | X24: =VLOOKUP($B24,$R$3:$X$9,7,FALSE) -> #N/A | Y24: =VLOOKUP($B24,$R$3:$Z$9,8,FALSE) -> #N/A | Z24: =VLOOKUP($B24,$R$3:$Z$9,9,FALSE) -> #N/A
I25: VITAMALT | J25: =AVERAGE(I12:I13) -> 98.820696 | K25: =COUNTA([6]Brewhouse!$A$62:$A$63) -> 2 | L25: =AVERAGE([6]Brewhouse!$AV$62:$AV$63) -> 98.820696 | M25: =AVERAGE([6]Brewhouse!$AV$23:$AV$34,[6]Brewhouse!$AV$36,[6]Brewhouse!$AV$38:$AV$52,[6]Brewhouse!$AV$54:$AV$60,[6]Brewhouse!$AV$62:$AV$63) -> 97.51228 | N25: 98 | R25: =B25 -> 0 | S25: =VLOOKUP($B25,$R$3:$X$9,2,FALSE) -> #N/A | T25: =VLOOKUP($B25,$R$3:$X$9,3,FALSE) -> #N/A | U25: =VLOOKUP($B25,$R$3:$X$9,4,FALSE) -> #N/A | V25: =VLOOKUP($B25,$R$3:$X$9,5,FALSE) -> #N/A | W25: =VLOOKUP($B25,$R$3:$X$9,6,FALSE) -> #N/A | X25: =VLOOKUP($B25,$R$3:$X$9,7,FALSE) -> #N/A | Y25: =VLOOKUP($B25,$R$3:$Z$9,8,FALSE) -> #N/A | Z25: =VLOOKUP($B25,$R$3:$Z$9,9,FALSE) -> #N/A
I26: MAXIMALT | N26: 98 | R26: =B26 -> 0 | S26: =VLOOKUP($B26,$R$3:$X$9,2,FALSE) -> #N/A | T26: =VLOOKUP($B26,$R$3:$X$9,3,FALSE) -> #N/A | U26: =VLOOKUP($B26,$R$3:$X$9,4,FALSE) -> #N/A | V26: =VLOOKUP($B26,$R$3:$X$9,5,FALSE) -> #N/A | W26: =VLOOKUP($B26,$R$3:$X$9,6,FALSE) -> #N/A | X26: =VLOOKUP($B26,$R$3:$X$9,7,FALSE) -> #N/A | Y26: =VLOOKUP($B26,$R$3:$Z$9,8,FALSE) -> #N/A | Z26: =VLOOKUP($B26,$R$3:$Z$9,9,FALSE) -> #N/A
I27: MACKESON | K27: =COUNTA([7]Brewhouse!$A$13:$A$16) -> 4 | L27: =AVERAGE([7]Brewhouse!$AT$13:$AT$16) -> 88.962677 | M27: =AVERAGE([7]Brewhouse!$AT$4:$AT$11,[7]Brewhouse!$AT$13:$AT$16) -> 91.538375 | N27: 98 | R27: =B27 -> 0 | S27: =VLOOKUP($B27,$R$3:$X$9,2,FALSE) -> #N/A | T27: =VLOOKUP($B27,$R$3:$X$9,3,FALSE) -> #N/A | U27: =VLOOKUP($B27,$R$3:$X$9,4,FALSE) -> #N/A | V27: =VLOOKUP($B27,$R$3:$X$9,5,FALSE) -> #N/A | W27: =VLOOKUP($B27,$R$3:$X$9,6,FALSE) -> #N/A | X27: =VLOOKUP($B27,$R$3:$X$9,7,FALSE) -> #N/A | Y27: =VLOOKUP($B27,$R$3:$Z$9,8,FALSE) -> #N/A | Z27: =VLOOKUP($B27,$R$3:$Z$9,9,FALSE) -> #N/A
I28: STARMALT | M28: =AVERAGE([8]Brewhouse!$AY$5:$AY$14,[8]Brewhouse!$AY$16:$AY$23,[8]Brewhouse!$AY$42,[8]Brewhouse!$AY$44:$AY$51) -> 97.608428 | N28: 98 | R28: =B28 -> 0 | S28: =VLOOKUP($B28,$R$3:$X$9,2,FALSE) -> #N/A | T28: =VLOOKUP($B28,$R$3:$X$9,3,FALSE) -> #N/A | U28: =VLOOKUP($B28,$R$3:$X$9,4,FALSE) -> #N/A | V28: =VLOOKUP($B28,$R$3:$X$9,5,FALSE) -> #N/A | W28: =VLOOKUP($B28,$R$3:$X$9,6,FALSE) -> #N/A | X28: =VLOOKUP($B28,$R$3:$X$9,7,FALSE) -> #N/A | Y28: =VLOOKUP($B28,$R$3:$Z$9,8,FALSE) -> #N/A | Z28: =VLOOKUP($B28,$R$3:$Z$9,9,FALSE) -> #N/A
I29: HR- Pils | N29: 98 | R29: =B29 -> 0 | S29: =VLOOKUP($B29,$R$3:$X$9,2,FALSE) -> #N/A | T29: =VLOOKUP($B29,$R$3:$X$9,3,FALSE) -> #N/A | U29: =VLOOKUP($B29,$R$3:$X$9,4,FALSE) -> #N/A | V29: =VLOOKUP($B29,$R$3:$X$9,5,FALSE) -> #N/A | W29: =VLOOKUP($B29,$R$3:$X$9,6,FALSE) -> #N/A | X29: =VLOOKUP($B29,$R$3:$X$9,7,FALSE) -> #N/A | Y29: =VLOOKUP($B29,$R$3:$Z$9,8,FALSE) -> #N/A | Z29: =VLOOKUP($B29,$R$3:$Z$9,9,FALSE) -> #N/A
I30: HR- IPA | N30: 98 | R30: =B30 -> 0 | S30: =VLOOKUP($B30,$R$3:$X$9,2,FALSE) -> #N/A | T30: =VLOOKUP($B30,$R$3:$X$9,3,FALSE) -> #N/A | U30: =VLOOKUP($B30,$R$3:$X$9,4,FALSE) -> #N/A | V30: =VLOOKUP($B30,$R$3:$X$9,5,FALSE) -> #N/A | W30: =VLOOKUP($B30,$R$3:$X$9,6,FALSE) -> #N/A | X30: =VLOOKUP($B30,$R$3:$X$9,7,FALSE) -> #N/A | Y30: =VLOOKUP($B30,$R$3:$Z$9,8,FALSE) -> #N/A | Z30: =VLOOKUP($B30,$R$3:$Z$9,9,FALSE) -> #N/A
I31: HR- APA | N31: 98 | R31: =B31 -> 0 | S31: =VLOOKUP($B31,$R$3:$X$9,2,FALSE) -> #N/A | T31: =VLOOKUP($B31,$R$3:$X$9,3,FALSE) -> #N/A | U31: =VLOOKUP($B31,$R$3:$X$9,4,FALSE) -> #N/A | V31: =VLOOKUP($B31,$R$3:$X$9,5,FALSE) -> #N/A | W31: =VLOOKUP($B31,$R$3:$X$9,6,FALSE) -> #N/A | X31: =VLOOKUP($B31,$R$3:$X$9,7,FALSE) -> #N/A | Y31: =VLOOKUP($B31,$R$3:$Z$9,8,FALSE) -> #N/A | Z31: =VLOOKUP($B31,$R$3:$Z$9,9,FALSE) -> #N/A
K32: =SUM(K22:K31) -> 53 | L32: =((L22*K22)+(L23*K23)+(L24*K24)+(L25*K25)+(L26*K26)+(K29*L29)+(L27*K27)+(L28*K28)+(L31*K31))/(K32) -> 97.22849 | M32: =AVERAGE('[9]Jan30th-31st'!$L$42,L32) -> 97.528266 | N32: 98 | R32: =B32 -> 0 | S32: =VLOOKUP($B32,$R$3:$X$9,2,FALSE) -> #N/A | T32: =VLOOKUP($B32,$R$3:$X$9,3,FALSE) -> #N/A | U32: =VLOOKUP($B32,$R$3:$X$9,4,FALSE) -> #N/A | V32: =VLOOKUP($B32,$R$3:$X$9,5,FALSE) -> #N/A | W32: =VLOOKUP($B32,$R$3:$X$9,6,FALSE) -> #N/A | X32: =VLOOKUP($B32,$R$3:$X$9,7,FALSE) -> #N/A | Y32: =VLOOKUP($B32,$R$3:$Z$9,8,FALSE) -> #N/A | Z32: =VLOOKUP($B32,$R$3:$Z$9,9,FALSE) -> #N/A
R33: =B33 -> 0 | S33: =VLOOKUP($B33,$R$3:$X$9,2,FALSE) -> #N/A | T33: =VLOOKUP($B33,$R$3:$X$9,3,FALSE) -> #N/A | U33: =VLOOKUP($B33,$R$3:$X$9,4,FALSE) -> #N/A | V33: =VLOOKUP($B33,$R$3:$X$9,5,FALSE) -> #N/A | W33: =VLOOKUP($B33,$R$3:$X$9,6,FALSE) -> #N/A | X33: =VLOOKUP($B33,$R$3:$X$9,7,FALSE) -> #N/A | Y33: =VLOOKUP($B33,$R$3:$Z$9,8,FALSE) -> #N/A | Z33: =VLOOKUP($B33,$R$3:$Z$9,9,FALSE) -> #N/A
J34: Daily Brewing Plan
J35: Brand | K35: Brews Achieved | L35: Average Brews per day
J36: CARIB | K36: 1 | L36: MTD | M36: YTD | N36: TARGET
J37: STAG | L37: =AVERAGE('May 2nd-23rd'!J53,'May 2nd-23rd'!K53,'May 4th'!K51,'May 5th'!K47,'May 6th'!K54,'May 7th'!K48,'May 12th '!K46,'May 8th -9th'!K55,'May 8th -9th'!J55,'May 11th'!K51) -> 5.5 | M37: =AVERAGE('[9]Jan30th-31st'!$L$47,L37,'[10]Feb 26th '!$L$39,'[11]Mar 31st'!$L$47,'[12]Apr 30th'!$L$46) -> 6.3073913 | N37: 9.2
J38: GUINN
J39: VITAMALT | K39: 4
J40: STARMALT
J41: MACKESON
J42: HURRICANE REEF- IPA
J43: HURRICANE REEF- APA
B44: AVERAGE | J44: HR- PILSNER
J45: CARIBE
J46: Total | K46: =SUM(K36:K45) -> 5
B47: Process: | C47: Fermentation/Filtration
B49: Brand | C49: Filt. Date | D49: FV Hls | E49: GFE/ Prim/ Vita Blend (Hls) | F49: SV Hls | G49: BBT Hls | H49: Loss (%) Ferm | I49: Loss (%) Filt | J49: Comments | K49: Throughput | L49: Process Loss (%) | M49: Filt. Operator
AB50: 43474 | AC50: 43475 | AD50: 43476 | AE50: 43477 | AF50: 43478 | AG50: 43479 | AH50: 43480 | AI50: 43481 | AJ50: 43482 | AK50: 43483 | AL50: 43484 | AM50: 43485 | AN50: 43486 | AO50: 43487 | AP50: 43488 | AQ50: 43489 | AR50: 43490 | AS50: 43491 | AT50: 43492 | AU50: 43493 | AV50: 43494 | AW50: 43495 | AX50: 43496
B51: =J37 -> STAG | C51: 46154 | D51: =[32]May_2026!$N$13 -> 398.6 | F51: =SUM([33]STAG!$L$27:$L$30,[33]STAG!$L$37:$L$40) -> 393.2 | G51: =[32]May_2026!$N$17 -> 390.1 | H51: =(D51-F51)/D51*100 -> 1.3547416 | I51: =((F51+E51)-G51)/(F51+E51)*100 -> 0.78840285 | J51: NO SBF | K51: =[34]May_2026!$N$25 -> 1.3687719 | L51: =(((D51+E51)-G51)/(D51+E51))*100 -> 2.1324636 | M51: J. Nelson | AB51: =[13]January_2019!L5 -> 0 | AC51: =[13]January_2019!M5 -> 0 | AD51: =[13]January_2019!N5 -> 0 | AE51: =[13]January_2019!O5 -> 0 | AF51: =[13]January_2019!P5 -> 0 | AG51: =[13]January_2019!Q5 -> 0 | AH51: =[13]January_2019!R5 -> 0 | AI51: =[13]January_2019!S5 -> 0 | ... AX51: =[13]January_2019!AH5 -> 0
AB52: =[13]January_2019!L6 -> 0 | AC52: =[13]January_2019!M6 -> 0 | AD52: =[13]January_2019!N6 -> 0 | AE52: =[13]January_2019!O6 -> 0 | AF52: =[13]January_2019!P6 -> 0 | AG52: =[13]January_2019!Q6 -> 0 | AH52: =[13]January_2019!R6 -> 0 | AI52: =[13]January_2019!S6 -> 0 | ... AX52: =[13]January_2019!AH6 -> 0
AB53: =[13]January_2019!L7 -> 285.8 | AC53: =[13]January_2019!M7 -> 508.1 | AD53: =[13]January_2019!N7 -> 0 | AE53: =[13]January_2019!O7 -> 0 | AF53: =[13]January_2019!P7 -> 109.56667 | AG53: =[13]January_2019!Q7 -> 297.65 | AH53: =[13]January_2019!R7 -> 122.3 | AI53: =[13]January_2019!S7 -> 0 | ... AX53: =[13]January_2019!AH7 -> 0
B62: Process Loss (Volume) | G62: Process Loss (Extract) | K62: Throughput
B63: Brand | C63: Actual | D63: MTD | E63: YTD | F63: Target | G63: Actual | H63: MTD | I63: YTD | J63: Target | L63: MTD | M63: YTD | N63: Target
B64: CARIB | D64: 6.0280579 | E64: 6.7343546 | F64: 4.8 | H64: 6.4186889 | I64: 6.1737419 | J64: 4.8 | L64: 0.50247953 | M64: 0.47941368 | N64: 1
B65: STAG | C65: =L51 -> 2.1324636 | D65: 5.3086761 | E65: 6.1722673 | F65: 4.8 | G65: =[32]May_2026!$N$21 -> 3.6393382 | H65: 5.6129104 | I65: 5.6770677 | J65: 4.8 | K65: =K51 -> 1.3687719 | L65: 0.52921053 | M65: 0.68704172 | N65: 1
B66: GUINN | D66: 10.182228 | E66: 11.735537 | F66: 5.5 | H66: 12.769539 | I66: 11.362029 | J66: 5.5 | L66: 0.23824561 | M66: 0.26411513 | N66: 1
B67: VITAMALT | D67: 4.853257 | E67: 4.6518563 | F67: 3.3 | H67: 4.4089875 | I67: 4.737253 | J67: 3.3 | L67: 0.58298246 | M67: 0.74716374 | N67: 1
B68: APA | F68: 3.3 | J68: 3 | N68: 1
B69: MACKESON | E69: 5.1105651 | F69: 5.5 | H69: 7.913137 | J69: 5.5 | M69: 1.3550877 | N69: 1
B70: STARMALT | E70: 3.9654241 | F70: 3.3 | H70: 4.8236555 | J70: 3.3 | M70: 0.89457115 | N70: 1
B71: IPA | F71: 7.5 | J71: 7.5 | N71: 1
B72: HURRICANE REEF PILS | F72: 4.8 | J72: 4.8 | N72: 1
D73: 6.2967113 | E73: 6.5706006 | F73: 5.5 | H73: 6.5597166 | I73: 6.8687354 | J73: 5.5 | L73: 0.48243815 | M73: 0.55878503 | N73: 1

Sheet May 13th
S1: P.G. | U1: Hot Time | W1: Process Time | Y1: Cooling Time
B2: Brewing Department Daily Process Loss Report | S2: Lower | T2: Upper | U2: Lower | V2: Upper | W2: Lower | X2: Upper | Y2: Lower | Z2: Upper
R3: CARIB | S3: 11.6 | T3: 12 | U3: 0 | V3: 0.11805556 | W3: 0.22569444 | X3: 0.26388889 | Y3: 0 | Z3: 60 | AB3: HR- PISNER
B4: Date: | C4: 46156 | J4: LOT WORT COLOUR: | M4: Filter Sheets (Target 20 days) | R4: STAG | S4: 11.6 | T4: 12 | U4: 0 | V4: 0.11805556 | W4: 0.22569444 | X4: 0.26388889 | Y4: 0 | Z4: 60
M5: Double | N5: Single | R5: GUINNESS | S5: 17 | T5: 17.5 | U5: 0 | V5: 0.10763889 | W5: 0.24652778 | X5: 0.28472222 | Y5: 0 | Z5: 60
J6: MALT LOT: Lot #13 | L6: Sheet Day | R6: MACKESON | S6: 13.3 | T6: 13.5 | U6: 0 | V6: 0.12905093 | W6: 0.27430556 | X6: 0.30208333 | Y6: 0
R7: STARMALT | S7: 17 | T7: 17.4 | U7: 0 | V7: 0.13605324 | W7: 0.27430556 | X7: 0.30902778 | Y7: 0 | Z7: 85
B8: Brand | C8: Brew no. | D8: Kett. Hls | E8: Wort | F8: Cool Time(Mins) | G8: Cast. P.G. (Lab Result) | H8: Cast P.G. (Cellar Operator)-gravity | I8: Extr. Rec (77.9%) | J8: Theor. Extr. (77.5%) | K8: Boil Off /Vol. (4-6%) | L8: Boil Time | M8: Total Hot | N8: Brewing Time | O8: Operator | R8: Hurricane Reef | S8: 16.6 | T8: 17 | U8: 0 | V8: 0.12905093 | W8: 0.27430556 | X8: 0.30208333 | Y8: 0
E9: Meter (Hls) | F9: Target(< 60Mins) | M9: Time | R9: VITAMALT | S9: 14.2 | T9: 14.6 | U9: 0 | V9: 0.13905093 | W9: 0.26041667 | X9: 0.29513889 | Y9: 0 | Z9: 75
B10: VITAMALT | C10: =[6]Brewhouse!A66 -> VM040 | D10: =[6]Brewhouse!AE66 -> 47 | E10: =[6]Brewhouse!AJ66 -> 44.6 | F10: =[6]Brewhouse!X66 -> 72 | G10: =[6]Brewhouse!AH66 -> 15.5 | I10: =[6]Brewhouse!AV66 -> 98.574518 | J10: =[6]Brewhouse!AW66 -> 98.79316 | K10: =[6]Brewhouse!S66 -> 11.191489 | L10: =[6]Brewhouse!R66 -> 58 | M10: =[6]Brewhouse!$W66-[6]Brewhouse!$V66 -> 0.13819444 | N10: =[6]Brewhouse!AB66 -> 0.30902778 | O10: =[6]Brewhouse!$AZ66 -> R.Sookram | R10: =B10 -> VITAMALT | S10: =VLOOKUP($B10,$R$3:$X$9,2,FALSE) -> 14.2 | T10: =VLOOKUP($B10,$R$3:$X$9,3,FALSE) -> 14.6 | U10: =VLOOKUP($B10,$R$3:$X$9,4,FALSE) -> 0 | V10: =VLOOKUP($B10,$R$3:$X$9,5,FALSE) -> 0.13905093 | W10: =VLOOKUP($B10,$R$3:$X$9,6,FALSE) -> 0.26041667 | X10: =VLOOKUP($B10,$R$3:$X$9,7,FALSE) -> 0.29513889 | Y10: =VLOOKUP($B10,$R$3:$Z$9,8,FALSE) -> 0 | Z10: =VLOOKUP($B10,$R$3:$Z$9,9,FALSE) -> 75
B11: VITAMALT | C11: =[6]Brewhouse!A67 -> VM041 | D11: =[6]Brewhouse!AE67 -> 47 | E11: =[6]Brewhouse!AJ67 -> 41.9 | F11: =[6]Brewhouse!X67 -> 75 | G11: =[6]Brewhouse!AH67 -> 16.4 | I11: =[6]Brewhouse!AV67 -> 98.349199 | J11: =[6]Brewhouse!AW67 -> 98.567341 | K11: =[6]Brewhouse!S67 -> 13.106383 | L11: =[6]Brewhouse!R67 -> 60 | M11: =[6]Brewhouse!$W67-[6]Brewhouse!$V67 -> 0.14652778 | N11: =[6]Brewhouse!AB67 -> 0.3 | O11: =[6]Brewhouse!$AZ67 -> R.Sookram | R11: =B11 -> VITAMALT | S11: =VLOOKUP($B11,$R$3:$X$9,2,FALSE) -> 14.2 | T11: =VLOOKUP($B11,$R$3:$X$9,3,FALSE) -> 14.6 | U11: =VLOOKUP($B11,$R$3:$X$9,4,FALSE) -> 0 | V11: =VLOOKUP($B11,$R$3:$X$9,5,FALSE) -> 0.13905093 | W11: =VLOOKUP($B11,$R$3:$X$9,6,FALSE) -> 0.26041667 | X11: =VLOOKUP($B11,$R$3:$X$9,7,FALSE) -> 0.29513889 | Y11: =VLOOKUP($B11,$R$3:$Z$9,8,FALSE) -> 0 | Z11: =VLOOKUP($B11,$R$3:$Z$9,9,FALSE) -> 75
B12: VITAMALT | C12: =[6]Brewhouse!A68 -> VM042 | D12: =[6]Brewhouse!AE68 -> 47 | E12: =[6]Brewhouse!AJ68 -> 45 | F12: =[6]Brewhouse!X68 -> 81 | G12: =[6]Brewhouse!AH68 -> 15.5 | I12: =[6]Brewhouse!AV68 -> 99.563421 | J12: =[6]Brewhouse!AW68 -> 99.783329 | K12: =[6]Brewhouse!S68 -> 6.7234043 | L12: =[6]Brewhouse!R68 -> 60 | M12: =[6]Brewhouse!$W68-[6]Brewhouse!$V68 -> 0.20347222 | N12: =[6]Brewhouse!AB68 -> 0.36875 | O12: =[6]Brewhouse!$AZ68 -> K. Benjamin | R12: =B12 -> VITAMALT | S12: =VLOOKUP($B12,$R$3:$X$9,2,FALSE) -> 14.2 | T12: =VLOOKUP($B12,$R$3:$X$9,3,FALSE) -> 14.6 | U12: =VLOOKUP($B12,$R$3:$X$9,4,FALSE) -> 0 | V12: =VLOOKUP($B12,$R$3:$X$9,5,FALSE) -> 0.13905093 | W12: =VLOOKUP($B12,$R$3:$X$9,6,FALSE) -> 0.26041667 | X12: =VLOOKUP($B12,$R$3:$X$9,7,FALSE) -> 0.29513889 | Y12: =VLOOKUP($B12,$R$3:$Z$9,8,FALSE) -> 0 | Z12: =VLOOKUP($B12,$R$3:$Z$9,9,FALSE) -> 75
R13: =B13 -> 0 | S13: =VLOOKUP($B13,$R$3:$X$9,2,FALSE) -> #N/A | T13: =VLOOKUP($B13,$R$3:$X$9,3,FALSE) -> #N/A | U13: =VLOOKUP($B13,$R$3:$X$9,4,FALSE) -> #N/A | V13: =VLOOKUP($B13,$R$3:$X$9,5,FALSE) -> #N/A | W13: =VLOOKUP($B13,$R$3:$X$9,6,FALSE) -> #N/A | X13: =VLOOKUP($B13,$R$3:$X$9,7,FALSE) -> #N/A | Y13: =VLOOKUP($B13,$R$3:$Z$9,8,FALSE) -> #N/A | Z13: =VLOOKUP($B13,$R$3:$Z$9,9,FALSE) -> #N/A
R14: =B14 -> 0 | S14: =VLOOKUP($B14,$R$3:$X$9,2,FALSE) -> #N/A | T14: =VLOOKUP($B14,$R$3:$X$9,3,FALSE) -> #N/A | U14: =VLOOKUP($B14,$R$3:$X$9,4,FALSE) -> #N/A | V14: =VLOOKUP($B14,$R$3:$X$9,5,FALSE) -> #N/A | W14: =VLOOKUP($B14,$R$3:$X$9,6,FALSE) -> #N/A | X14: =VLOOKUP($B14,$R$3:$X$9,7,FALSE) -> #N/A | Y14: =VLOOKUP($B14,$R$3:$Z$9,8,FALSE) -> #N/A | Z14: =VLOOKUP($B14,$R$3:$Z$9,9,FALSE) -> #N/A
R15: =B15 -> 0 | S15: =VLOOKUP($B15,$R$3:$X$9,2,FALSE) -> #N/A | T15: =VLOOKUP($B15,$R$3:$X$9,3,FALSE) -> #N/A | U15: =VLOOKUP($B15,$R$3:$X$9,4,FALSE) -> #N/A | V15: =VLOOKUP($B15,$R$3:$X$9,5,FALSE) -> #N/A | W15: =VLOOKUP($B15,$R$3:$X$9,6,FALSE) -> #N/A | X15: =VLOOKUP($B15,$R$3:$X$9,7,FALSE) -> #N/A | Y15: =VLOOKUP($B15,$R$3:$Z$9,8,FALSE) -> #N/A | Z15: =VLOOKUP($B15,$R$3:$Z$9,9,FALSE) -> #N/A
R16: =B16 -> 0 | S16: =VLOOKUP($B16,$R$3:$X$9,2,FALSE) -> #N/A | T16: =VLOOKUP($B16,$R$3:$X$9,3,FALSE) -> #N/A | U16: =VLOOKUP($B16,$R$3:$X$9,4,FALSE) -> #N/A | V16: =VLOOKUP($B16,$R$3:$X$9,5,FALSE) -> #N/A | W16: =VLOOKUP($B16,$R$3:$X$9,6,FALSE) -> #N/A | X16: =VLOOKUP($B16,$R$3:$X$9,7,FALSE) -> #N/A | Y16: =VLOOKUP($B16,$R$3:$Z$9,8,FALSE) -> #N/A | Z16: =VLOOKUP($B16,$R$3:$Z$9,9,FALSE) -> #N/A
R17: =B17 -> 0 | S17: =VLOOKUP($B17,$R$3:$X$9,2,FALSE) -> #N/A | T17: =VLOOKUP($B17,$R$3:$X$9,3,FALSE) -> #N/A | U17: =VLOOKUP($B17,$R$3:$X$9,4,FALSE) -> #N/A | V17: =VLOOKUP($B17,$R$3:$X$9,5,FALSE) -> #N/A | W17: =VLOOKUP($B17,$R$3:$X$9,6,FALSE) -> #N/A | X17: =VLOOKUP($B17,$R$3:$X$9,7,FALSE) -> #N/A | Y17: =VLOOKUP($B17,$R$3:$Z$9,8,FALSE) -> #N/A | Z17: =VLOOKUP($B17,$R$3:$Z$9,9,FALSE) -> #N/A
R18: =B18 -> 0 | S18: =VLOOKUP($B18,$R$3:$X$9,2,FALSE) -> #N/A | T18: =VLOOKUP($B18,$R$3:$X$9,3,FALSE) -> #N/A | U18: =VLOOKUP($B18,$R$3:$X$9,4,FALSE) -> #N/A | V18: =VLOOKUP($B18,$R$3:$X$9,5,FALSE) -> #N/A | W18: =VLOOKUP($B18,$R$3:$X$9,6,FALSE) -> #N/A | X18: =VLOOKUP($B18,$R$3:$X$9,7,FALSE) -> #N/A | Y18: =VLOOKUP($B18,$R$3:$Z$9,8,FALSE) -> #N/A | Z18: =VLOOKUP($B18,$R$3:$Z$9,9,FALSE) -> #N/A
R19: =B19 -> 0 | S19: =VLOOKUP($B19,$R$3:$X$9,2,FALSE) -> #N/A | T19: =VLOOKUP($B19,$R$3:$X$9,3,FALSE) -> #N/A | U19: =VLOOKUP($B19,$R$3:$X$9,4,FALSE) -> #N/A | V19: =VLOOKUP($B19,$R$3:$X$9,5,FALSE) -> #N/A | W19: =VLOOKUP($B19,$R$3:$X$9,6,FALSE) -> #N/A | X19: =VLOOKUP($B19,$R$3:$X$9,7,FALSE) -> #N/A | Y19: =VLOOKUP($B19,$R$3:$Z$9,8,FALSE) -> #N/A | Z19: =VLOOKUP($B19,$R$3:$Z$9,9,FALSE) -> #N/A
B20: BRAND | D20: BBT P.G./ O.G | I20: Brand | K20: MTD No. of Brews | L20: MTD | M20: YTD | N20: Target | R20: =B20 -> BRAND | S20: =VLOOKUP($B20,$R$3:$X$9,2,FALSE) -> #N/A | T20: =VLOOKUP($B20,$R$3:$X$9,3,FALSE) -> #N/A | U20: =VLOOKUP($B20,$R$3:$X$9,4,FALSE) -> #N/A | V20: =VLOOKUP($B20,$R$3:$X$9,5,FALSE) -> #N/A | W20: =VLOOKUP($B20,$R$3:$X$9,6,FALSE) -> #N/A | X20: =VLOOKUP($B20,$R$3:$X$9,7,FALSE) -> #N/A | Y20: =VLOOKUP($B20,$R$3:$Z$9,8,FALSE) -> #N/A | Z20: =VLOOKUP($B20,$R$3:$Z$9,9,FALSE) -> #N/A
I21: CARIB | K21: =COUNTA([4]Brewhouse!$A$372:$A$402) -> 31 | L21: =AVERAGE([4]Brewhouse!$AU$372:$AU$402) -> 97.899591 | M21: =AVERAGE([4]Brewhouse!$AU$42:$AU$123,[4]Brewhouse!$AU$125:$AU$188,[4]Brewhouse!$AU$198:$AU$290,[4]Brewhouse!$AU$292:$AU$370,[4]Brewhouse!$AU$372:$AU$402) -> 97.995292 | N21: 98 | R21: =B21 -> 0 | S21: =VLOOKUP($B21,$R$3:$X$9,2,FALSE) -> #N/A | T21: =VLOOKUP($B21,$R$3:$X$9,3,FALSE) -> #N/A | U21: =VLOOKUP($B21,$R$3:$X$9,4,FALSE) -> #N/A | V21: =VLOOKUP($B21,$R$3:$X$9,5,FALSE) -> #N/A | W21: =VLOOKUP($B21,$R$3:$X$9,6,FALSE) -> #N/A | X21: =VLOOKUP($B21,$R$3:$X$9,7,FALSE) -> #N/A | Y21: =VLOOKUP($B21,$R$3:$Z$9,8,FALSE) -> #N/A | Z21: =VLOOKUP($B21,$R$3:$Z$9,9,FALSE) -> #N/A
I22: STAG | K22: =COUNTA([3]Brewhouse!$A$214:$A$229) -> 16 | L22: =AVERAGE([3]Brewhouse!$AS$214:$AS$229) -> 97.795659 | M22: =AVERAGE([3]Brewhouse!$AS$52:$AS$81,[3]Brewhouse!$AS$83:$AS$124,[3]Brewhouse!$AS$134:$AS$177,[3]Brewhouse!$AS$22:$AS$179,[3]Brewhouse!$AS$214:$AS$229) -> 97.938421 | N22: 98 | R22: =B22 -> 0 | S22: =VLOOKUP($B22,$R$3:$X$9,2,FALSE) -> #N/A | T22: =VLOOKUP($B22,$R$3:$X$9,3,FALSE) -> #N/A | U22: =VLOOKUP($B22,$R$3:$X$9,4,FALSE) -> #N/A | V22: =VLOOKUP($B22,$R$3:$X$9,5,FALSE) -> #N/A | W22: =VLOOKUP($B22,$R$3:$X$9,6,FALSE) -> #N/A | X22: =VLOOKUP($B22,$R$3:$X$9,7,FALSE) -> #N/A | Y22: =VLOOKUP($B22,$R$3:$Z$9,8,FALSE) -> #N/A | Z22: =VLOOKUP($B22,$R$3:$Z$9,9,FALSE) -> #N/A
I23: GUINNESS | M23: =AVERAGE([5]Brewhouse!$AU$16:$AU$23,[5]Brewhouse!$AU$25:$AU$32,[5]Brewhouse!$AU$34:$AU$41,[5]Brewhouse!$AU$43:$AU$55) -> 96.793457 | N23: 98 | R23: =B23 -> 0 | S23: =VLOOKUP($B23,$R$3:$X$9,2,FALSE) -> #N/A | T23: =VLOOKUP($B23,$R$3:$X$9,3,FALSE) -> #N/A | U23: =VLOOKUP($B23,$R$3:$X$9,4,FALSE) -> #N/A | V23: =VLOOKUP($B23,$R$3:$X$9,5,FALSE) -> #N/A | W23: =VLOOKUP($B23,$R$3:$X$9,6,FALSE) -> #N/A | X23: =VLOOKUP($B23,$R$3:$X$9,7,FALSE) -> #N/A | Y23: =VLOOKUP($B23,$R$3:$Z$9,8,FALSE) -> #N/A | Z23: =VLOOKUP($B23,$R$3:$Z$9,9,FALSE) -> #N/A
