Workbook
Name ProductList: [1]November15!$R$3:$R$9
Name ProductList: [2]November15!$R$3:$R$9

Sheet Dec 18th
T1: P.G. | V1: Hot Time | X1: Process Time | Z1: Cooling Time
B2: Brewing Department Daily Process Loss Report | T2: Lower | U2: Upper | V2: Lower | W2: Upper | X2: Lower | Y2: Upper | Z2: Lower | AA2: Upper
S3: CARIB | T3: 11.6 | U3: 12 | V3: 0 | W3: 0.11805556 | X3: 0.17361111 | Y3: 0.21180556 | Z3: 0 | AA3: 60 | AC3: HR- PISNER
B4: Date: | C4: 45278 | J4: LOT WORT COLOUR: 3.4 | M4: Filter Sheets (Target 20 days) | S4: STAG | T4: 11.6 | U4: 12 | V4: 0 | W4: 0.11805556 | X4: 0.17361111 | Y4: 0.21180556 | Z4: 0 | AA4: 60
M5: Double | N5: Single | S5: GUINNESS | T5: 17 | U5: 17.5 | V5: 0 | W5: 0.10763889 | X5: 0.19444444 | Y5: 0.23263889 | Z5: 0 | AA5: 60
J6: MALT LOT: Lot 8 | L6: Sheet Day | S6: MACKESON | T6: 13.3 | U6: 13.5 | V6: 0 | W6: 0.12905093 | X6: 0.22222222 | Y6: 0.25347222 | Z6: 0
S7: STARMALT | T7: 17.1 | U7: 17.5 | V7: 0 | W7: 0.13605324 | X7: 0.20833333 | Y7: 0.24305556 | Z7: 0 | AA7: 60
B8: Brand | C8: Brew no. | D8: Kett. Hls | E8: Wort | F8: Cool Time(Mins) | G8: Cast. P.G. (Lab Result) | H8: Cast P.G. (Cellar Operator)-gravity | I8: Extr. Rec (79.1%) | J8: Theor. Extr. (77.5%) | K8: Boil Off /Vol. (4-6%) | L8: Boil Time | M8: Total Hot | N8: Brewing | P8: Comments | Q8: Actual Pilsen Malt | S8: Hurricane Reef | T8: 16.6 | U8: 17 | V8: 0 | W8: 0.12905093 | X8: 0.22222222 | Y8: 0.25347222 | Z8: 0
E9: Meter (Hls) | F9: Target(< 60Mins) | M9: Time | S9: VITAMALT | T9: 14.4 | U9: 14.6 | V9: 0 | W9: 0.13905093 | X9: 0.19097222 | Y9: 0.22569444 | Z9: 0 | AA9: 75
S10: =B10 -> 0 | T10: =VLOOKUP($B10,$S$3:$Y$9,2,FALSE) -> #N/A | U10: =VLOOKUP($B10,$S$3:$Y$9,3,FALSE) -> #N/A | V10: =VLOOKUP($B10,$S$3:$Y$9,4,FALSE) -> #N/A | W10: =VLOOKUP($B10,$S$3:$Y$9,5,FALSE) -> #N/A | X10: =VLOOKUP($B10,$S$3:$Y$9,6,FALSE) -> #N/A | Y10: =VLOOKUP($B10,$S$3:$Y$9,7,FALSE) -> #N/A | Z10: =VLOOKUP($B10,$S$3:$AA$9,8,FALSE) -> #N/A | AA10: =VLOOKUP($B10,$S$3:$AA$9,9,FALSE) -> #N/A
S11: =B11 -> 0 | T11: =VLOOKUP($B11,$S$3:$Y$9,2,FALSE) -> #N/A | U11: =VLOOKUP($B11,$S$3:$Y$9,3,FALSE) -> #N/A | V11: =VLOOKUP($B11,$S$3:$Y$9,4,FALSE) -> #N/A | W11: =VLOOKUP($B11,$S$3:$Y$9,5,FALSE) -> #N/A | X11: =VLOOKUP($B11,$S$3:$Y$9,6,FALSE) -> #N/A | Y11: =VLOOKUP($B11,$S$3:$Y$9,7,FALSE) -> #N/A | Z11: =VLOOKUP($B11,$S$3:$AA$9,8,FALSE) -> #N/A | AA11: =VLOOKUP($B11,$S$3:$AA$9,9,FALSE) -> #N/A
S12: =B12 -> 0 | T12: =VLOOKUP($B12,$S$3:$Y$9,2,FALSE) -> #N/A | U12: =VLOOKUP($B12,$S$3:$Y$9,3,FALSE) -> #N/A | V12: =VLOOKUP($B12,$S$3:$Y$9,4,FALSE) -> #N/A | W12: =VLOOKUP($B12,$S$3:$Y$9,5,FALSE) -> #N/A | X12: =VLOOKUP($B12,$S$3:$Y$9,6,FALSE) -> #N/A | Y12: =VLOOKUP($B12,$S$3:$Y$9,7,FALSE) -> #N/A | Z12: =VLOOKUP($B12,$S$3:$AA$9,8,FALSE) -> #N/A | AA12: =VLOOKUP($B12,$S$3:$AA$9,9,FALSE) -> #N/A
S13: =B13 -> 0 | T13: =VLOOKUP($B13,$S$3:$Y$9,2,FALSE) -> #N/A | U13: =VLOOKUP($B13,$S$3:$Y$9,3,FALSE) -> #N/A | V13: =VLOOKUP($B13,$S$3:$Y$9,4,FALSE) -> #N/A | W13: =VLOOKUP($B13,$S$3:$Y$9,5,FALSE) -> #N/A | X13: =VLOOKUP($B13,$S$3:$Y$9,6,FALSE) -> #N/A | Y13: =VLOOKUP($B13,$S$3:$Y$9,7,FALSE) -> #N/A | Z13: =VLOOKUP($B13,$S$3:$AA$9,8,FALSE) -> #N/A | AA13: =VLOOKUP($B13,$S$3:$AA$9,9,FALSE) -> #N/A
S14: =B14 -> 0 | T14: =VLOOKUP($B14,$S$3:$Y$9,2,FALSE) -> #N/A | U14: =VLOOKUP($B14,$S$3:$Y$9,3,FALSE) -> #N/A | V14: =VLOOKUP($B14,$S$3:$Y$9,4,FALSE) -> #N/A | W14: =VLOOKUP($B14,$S$3:$Y$9,5,FALSE) -> #N/A | X14: =VLOOKUP($B14,$S$3:$Y$9,6,FALSE) -> #N/A | Y14: =VLOOKUP($B14,$S$3:$Y$9,7,FALSE) -> #N/A | Z14: =VLOOKUP($B14,$S$3:$AA$9,8,FALSE) -> #N/A | AA14: =VLOOKUP($B14,$S$3:$AA$9,9,FALSE) -> #N/A
S15: =B15 -> 0 | T15: =VLOOKUP($B15,$S$3:$Y$9,2,FALSE) -> #N/A | U15: =VLOOKUP($B15,$S$3:$Y$9,3,FALSE) -> #N/A | V15: =VLOOKUP($B15,$S$3:$Y$9,4,FALSE) -> #N/A | W15: =VLOOKUP($B15,$S$3:$Y$9,5,FALSE) -> #N/A | X15: =VLOOKUP($B15,$S$3:$Y$9,6,FALSE) -> #N/A | Y15: =VLOOKUP($B15,$S$3:$Y$9,7,FALSE) -> #N/A | Z15: =VLOOKUP($B15,$S$3:$AA$9,8,FALSE) -> #N/A | AA15: =VLOOKUP($B15,$S$3:$AA$9,9,FALSE) -> #N/A
S16: =B16 -> 0 | T16: =VLOOKUP($B16,$S$3:$Y$9,2,FALSE) -> #N/A | U16: =VLOOKUP($B16,$S$3:$Y$9,3,FALSE) -> #N/A | V16: =VLOOKUP($B16,$S$3:$Y$9,4,FALSE) -> #N/A | W16: =VLOOKUP($B16,$S$3:$Y$9,5,FALSE) -> #N/A | X16: =VLOOKUP($B16,$S$3:$Y$9,6,FALSE) -> #N/A | Y16: =VLOOKUP($B16,$S$3:$Y$9,7,FALSE) -> #N/A | Z16: =VLOOKUP($B16,$S$3:$AA$9,8,FALSE) -> #N/A | AA16: =VLOOKUP($B16,$S$3:$AA$9,9,FALSE) -> #N/A
S17: =B17 -> 0 | T17: =VLOOKUP($B17,$S$3:$Y$9,2,FALSE) -> #N/A | U17: =VLOOKUP($B17,$S$3:$Y$9,3,FALSE) -> #N/A | V17: =VLOOKUP($B17,$S$3:$Y$9,4,FALSE) -> #N/A | W17: =VLOOKUP($B17,$S$3:$Y$9,5,FALSE) -> #N/A | X17: =VLOOKUP($B17,$S$3:$Y$9,6,FALSE) -> #N/A | Y17: =VLOOKUP($B17,$S$3:$Y$9,7,FALSE) -> #N/A | Z17: =VLOOKUP($B17,$S$3:$AA$9,8,FALSE) -> #N/A | AA17: =VLOOKUP($B17,$S$3:$AA$9,9,FALSE) -> #N/A
S18: =B18 -> 0 | T18: =VLOOKUP($B18,$S$3:$Y$9,2,FALSE) -> #N/A | U18: =VLOOKUP($B18,$S$3:$Y$9,3,FALSE) -> #N/A | V18: =VLOOKUP($B18,$S$3:$Y$9,4,FALSE) -> #N/A | W18: =VLOOKUP($B18,$S$3:$Y$9,5,FALSE) -> #N/A | X18: =VLOOKUP($B18,$S$3:$Y$9,6,FALSE) -> #N/A | Y18: =VLOOKUP($B18,$S$3:$Y$9,7,FALSE) -> #N/A | Z18: =VLOOKUP($B18,$S$3:$AA$9,8,FALSE) -> #N/A | AA18: =VLOOKUP($B18,$S$3:$AA$9,9,FALSE) -> #N/A
S19: =B19 -> 0 | T19: =VLOOKUP($B19,$S$3:$Y$9,2,FALSE) -> #N/A | U19: =VLOOKUP($B19,$S$3:$Y$9,3,FALSE) -> #N/A | V19: =VLOOKUP($B19,$S$3:$Y$9,4,FALSE) -> #N/A | W19: =VLOOKUP($B19,$S$3:$Y$9,5,FALSE) -> #N/A | X19: =VLOOKUP($B19,$S$3:$Y$9,6,FALSE) -> #N/A | Y19: =VLOOKUP($B19,$S$3:$Y$9,7,FALSE) -> #N/A | Z19: =VLOOKUP($B19,$S$3:$AA$9,8,FALSE) -> #N/A | AA19: =VLOOKUP($B19,$S$3:$AA$9,9,FALSE) -> #N/A
S20: =B20 -> 0 | T20: =VLOOKUP($B20,$S$3:$Y$9,2,FALSE) -> #N/A | U20: =VLOOKUP($B20,$S$3:$Y$9,3,FALSE) -> #N/A | V20: =VLOOKUP($B20,$S$3:$Y$9,4,FALSE) -> #N/A | W20: =VLOOKUP($B20,$S$3:$Y$9,5,FALSE) -> #N/A | X20: =VLOOKUP($B20,$S$3:$Y$9,6,FALSE) -> #N/A | Y20: =VLOOKUP($B20,$S$3:$Y$9,7,FALSE) -> #N/A | Z20: =VLOOKUP($B20,$S$3:$AA$9,8,FALSE) -> #N/A | AA20: =VLOOKUP($B20,$S$3:$AA$9,9,FALSE) -> #N/A
S21: =B21 -> 0 | T21: =VLOOKUP($B21,$S$3:$Y$9,2,FALSE) -> #N/A | U21: =VLOOKUP($B21,$S$3:$Y$9,3,FALSE) -> #N/A | V21: =VLOOKUP($B21,$S$3:$Y$9,4,FALSE) -> #N/A | W21: =VLOOKUP($B21,$S$3:$Y$9,5,FALSE) -> #N/A | X21: =VLOOKUP($B21,$S$3:$Y$9,6,FALSE) -> #N/A | Y21: =VLOOKUP($B21,$S$3:$Y$9,7,FALSE) -> #N/A | Z21: =VLOOKUP($B21,$S$3:$AA$9,8,FALSE) -> #N/A | AA21: =VLOOKUP($B21,$S$3:$AA$9,9,FALSE) -> #N/A
... S47: =B47 -> 0 | T47: =VLOOKUP($B47,$S$3:$Y$9,2,FALSE) -> #N/A | U47: =VLOOKUP($B47,$S$3:$Y$9,3,FALSE) -> #N/A | V47: =VLOOKUP($B47,$S$3:$Y$9,4,FALSE) -> #N/A | W47: =VLOOKUP($B47,$S$3:$Y$9,5,FALSE) -> #N/A | X47: =VLOOKUP($B47,$S$3:$Y$9,6,FALSE) -> #N/A | Y47: =VLOOKUP($B47,$S$3:$Y$9,7,FALSE) -> #N/A | Z47: =VLOOKUP($B47,$S$3:$AA$9,8,FALSE) -> #N/A | AA47: =VLOOKUP($B47,$S$3:$AA$9,9,FALSE) -> #N/A
I48: EXTRACT RECOVERY
B49: BRAND | D49: BBT P.G./ O.G | I49: Brand | J49: Actual | K49: MTD No. of Brews | L49: MTD | M49: YTD | N49: Target
B50: STAG | C50: 11.8 | D50: 11.73 | I50: CARIB | K50: =COUNTA([3]Brewhouse!$A$1596:$A$1619) -> 24 | L50: =AVERAGE([3]Brewhouse!$AU$1529,[3]Brewhouse!$AU$1531:$AU$1594,[3]Brewhouse!$AU$1596:$AU$1619) -> 98.205761 | M50: =AVERAGE([3]Brewhouse!$AU$849:$AU$924,[3]Brewhouse!$AU$926:$AU$971,[3]Brewhouse!$AU$973:$AU$1066,[3]Brewhouse!$AU$1068:$AU$1111,[3]Brewhouse!$AU$1113:$AU$1132,[3]Brewhouse!$AU$1134:$AU$1167,[3]Brewhouse!$AU$1169:$AU$1230,[3]Brewhouse!$AU$1232:$AU$1299,[3]Brewhouse!$AU$1301:$AU$1363,[3]Brewhouse!$AU$1365:$AU$1444,[3]Brewhouse!$AU$1446:$AU$1527,[3]Brewhouse!$AU$1529,[3]Brewhouse!$AU$1531:$AU$1594,[3]Brewhouse!$AU$1596:$AU$1619) -> 98.381806 | N50: 98
C51: 11.9 | I51: STAG | K51: =COUNTA([4]Brewhouse!$A$976:$A$1007) -> 32 | L51: =AVERAGE([4]Brewhouse!$AS$976:$AS$979,[4]Brewhouse!$AS$981:$AS$1007) -> 98.538567 | M51: =AVERAGE([4]Brewhouse!$AS$577:$AS$618,[4]Brewhouse!$AS$620:$AS$651,[4]Brewhouse!$AS$653:$AS$696,[4]Brewhouse!$AS$698:$AS$708,[4]Brewhouse!$AS$710:$AS$733,[4]Brewhouse!$AS$735:$AS$777,[4]Brewhouse!$AS$779:$AS$822,[4]Brewhouse!$AS$824:$AS$863,[4]Brewhouse!$AS$865:$AS$974,[4]Brewhouse!$AS$976:$AS$979,[4]Brewhouse!$AS$981:$AS$1007) -> 98.489671 | N51: 98
I52: GUINNESS | K52: =COUNTA([5]Brewhouse!$A$282:$A$289) -> 8 | L52: =AVERAGE([5]Brewhouse!$AU$269:$AU$279,[5]Brewhouse!$AU$282:$AU$289) -> 96.186177 | M52: =AVERAGE([5]Brewhouse!$AU$161:$AU$176,[5]Brewhouse!$AU$178:$AU$195,[5]Brewhouse!$AU$197:$AU$208,[5]Brewhouse!$AU$210:$AU$221,[5]Brewhouse!$AU$223:$AU$232,[5]Brewhouse!$AU$234:$AU$279,[5]Brewhouse!$AU$282:$AU$289) -> 96.64916 | N52: 98
I53: VITAMALT | K53: =COUNTA([6]Brewhouse!$A$158:$A$163) -> 6 | L53: =AVERAGE([6]Brewhouse!$AU$158:$AU$163) -> 94.60305 | M53: =AVERAGE([6]Brewhouse!$AU$91:$AU$101,[6]Brewhouse!$AU$103:$AU$112,[6]Brewhouse!$AU$114:$AU$123,[6]Brewhouse!$AU$125:$AU$134,[6]Brewhouse!$AU$136:$AU$145,[6]Brewhouse!$AU$147:$AU$156,[6]Brewhouse!$AU$158:$AU$163) -> 96.240014 | N53: 98
I54: MAXIMALT | N54: 98
I55: MACKESON | M55: =AVERAGE([7]Brewhouse!$AT$74:$AT$79) -> 93.959836 | N55: 98
I56: STARMALT | K56: =COUNTA([8]Brewhouse!$A$249:$A$254) -> 6 | L56: =AVERAGE([8]Brewhouse!$AY$249:$AY$254) -> 99.681996 | M56: =AVERAGE([8]Brewhouse!$AY$138:$AY$143,[8]Brewhouse!$AY$145:$AY$153,[8]Brewhouse!$AY$155,[8]Brewhouse!$AY$156:$AY$174,[8]Brewhouse!$AY$176:$AY$185,[8]Brewhouse!$AY$187:$AY$198,[8]Brewhouse!$AY$200:$AY$247,[8]Brewhouse!$AY$249:$AY$254) -> 98.774703 | N56: 98
I57: HR- P | M57: =AVERAGE([9]Brewhouse!$AW$13:$AW$14,[9]Brewhouse!$AW$16:$AW$17) -> 92.042628 | N57: 98
I58: Hurricane Reef | M58: =AVERAGE([9]Brewhouse!$AW$13:$AW$14) -> 88.376943 | N58: 98
K59: =SUM(K50:K58) -> 76 | L59: =((L50*K50)+(L51*K51)+(L52*K52)+(L53*K53)+(L54*K54)+(K57*L57)+(L55*K55)+(L56*K56)+(L58*K58))/(K59) -> 97.965422 | M59: =AVERAGE('[10]Closing- January 2023'!$L$42,'[11]Feb. 28th'!$L$42,'[12]March 31st'!$L$75,'[13]Apri 28th'!$L$51,L59) -> 98.06926 | N59: 98
J62: Daily Brewing Plan
J63: Brand | K63: Brews Achieved | L63: Average Brews per day
J64: CARIB | L64: MTD | M64: YTD | N64: TARGET
J65: STAG | K65: 5 | L65: =AVERAGE(#REF!,#REF!,K74,#REF!,#REF!,#REF!,#REF!,#REF!,#REF!,#REF!,#REF!) -> #REF! | M65: =AVERAGE(6,6,'[12]March 31st'!$L$80,'[14]June 30th '!$L$71,6,L65,'[15]July 31st'!$L$108,'[16]Aug 30th'!$L$124,7,[17]Oct.31st!$L$51) -> #REF! | N65: 9
J66: GUINN
J67: VITAMALT
J68: STARMALT
J69: MACKESON
J70: HURRICANE REEF- IPA
J71: HURRICANE REEF- APA
B72: AVERAGE | D72: =AVERAGE(D50:E71) -> 11.73 | J72: HR- PILSNER
J73: CARIBE
J74: Total | K74: =SUM(K64:K73) -> 5
B75: Process: | C75: Fermentation/Filtration
B77: Brand | C77: Filt. Date | D77: FV Hls | E77: GFE/ Prim/ Vita Blend (Hls) | F77: SV Hls | G77: BBT Hls | H77: Loss (%) Ferm | I77: Loss (%) Filt | J77: Comments | K77: Throughput | L77: Process Loss (%) | M77: Filt. Operator
U78: 43466 | V78: 43467 | W78: 43468 | X78: 43469 | Y78: 43470 | Z78: 43471 | AA78: 43472 | AB78: 43473 | AC78: 43474 | AD78: 43475 | AE78: 43476 | AF78: 43477 | AG78: 43478 | AH78: 43479 | AI78: 43480 | AJ78: 43481 | AK78: 43482 | AL78: 43483 | AM78: 43484 | AN78: 43485 | AO78: 43486 | AP78: 43487 | AQ78: 43488 | AR78: 43489 | AS78: 43490 | AT78: 43491 | AU78: 43492 | AV78: 43493 | AW78: 43494 | AX78: 43495 | AY78: 43496
B79: STAG | C79: 45278 | D79: =[18]December_2023!$U$13 -> 150.4 | G79: =[18]December_2023!$U$17 -> 120.8 | J79: NO BREAK | K79: =[19]December_2023!$U$25 -> 0.42385965 | L79: =(((D79+E79)-G79)/(D79+E79))*100 -> 19.680851 | M79: K.Hosten | T79: hls
T80: Throughput | U80: =[20]January_2019!D8 -> #DIV/0! | V80: =[20]January_2019!E8 -> 1.0319298 | W80: =[20]January_2019!F8 -> 1.7789474 | X80: =[20]January_2019!G8 -> 0.51929825 | Y80: =[20]January_2019!H8 -> #DIV/0! | Z80: =[20]January_2019!I8 -> #DIV/0! | AA80: =[20]January_2019!J8 -> 1.3652632 | AB80: =[20]January_2019!K8 -> #DIV/0! | ... AY80: =[20]January_2019!AH8 -> #DIV/0!
B87: Process Loss (Volume) | G87: Process Loss (Extract) | K87: Throughput
B88: Brand | C88: Actual | D88: MTD | E88: YTD | F88: Target | G88: Actual | H88: MTD | I88: YTD | J88: Target | K88: Actual | L88: MTD | M88: YTD | N88: Target
B89: CARIB | D89: 5.181332 | E89: 6.6038503 | F89: 4.8 | H89: 5.2502762 | I89: 6.9665258 | J89: 4.8 | L89: 0.70807018 | M89: 0.77999467 | N89: 1
B90: STAG | C90: =AVERAGE(L79,L81) -> 19.680851 | D90: 6.5498915 | E90: 6.1662321 | F90: 4.8 | G90: =[18]December_2023!$U$21 -> 19.680851 | H90: 6.3458282 | I90: 5.9138834 | J90: 4.8 | K90: =AVERAGE(K79,K81) -> 0.42385965 | L90: 0.66137427 | M90: 0.71942944 | N90: 1
B91: GUINN | D91: 8.4423676 | E91: 8.9890455 | F91: 5.5 | H91: 5.9624998 | I91: 8.6652309 | J91: 5.5 | L91: 0.51561404 | M91: 0.65035608 | N91: 1
B92: VITAMALT | D92: 3.597848 | E92: 2.9936807 | F92: 3.3 | H92: 6.098202 | I92: 3.3134543 | J92: 3.3 | L92: 0.50298246 | M92: 1.0625518 | N92: 1
B93: MAXIMALT | F93: 3.3 | J93: 3 | N93: 1
B94: MACKESON | E94: 6.4174306 | F94: =[21]May_2022!$M$43 -> 3.4878407 | I94: 7.0730655 | J94: 5.5 | M94: 1.0342105 | N94: 1
B95: STARMALT | D95: 2.7692803 | E95: 3.0589058 | F95: 3.3 | H95: 4.2179953 | I95: 4.9470953 | J95: 3.3 | L95: 1.0594737 | M95: 1.0223839 | N95: 1
B96: HURRICANE REEF | E96: 11.178248 | F96: 7.5 | I96: 14.59851 | J96: 7.5 | M96: 0.30947368 | N96: 1
D97: 5.3927001 | E97: 6.2517133 | F97: 4.5 | H97: 5.4965257 | I97: 6.527958 | J97: 4.5 | L97: 0.69682018 | M97: 0.78265038 | N97: 1
AD110: :

Sheet Nov.3rd
S1: P.G. | U1: Hot Time | W1: Process Time | Y1: Cooling Time
B2: Brewing Department Daily Process Loss Report | S2: Lower | T2: Upper | U2: Lower | V2: Upper | W2: Lower | X2: Upper | Y2: Lower | Z2: Upper
R3: CARIB | S3: 11.6 | T3: 12 | U3: 0 | V3: 0.11805556 | W3: 0.22569444 | X3: 0.26388889 | Y3: 0 | Z3: 60 | AB3: HR- PISNER
B4: Date: | C4: 45965 | J4: LOT WORT COLOUR: 3.3 | M4: Filter Sheets (Target 20 days) | R4: STAG | S4: 11.6 | T4: 12 | U4: 0 | V4: 0.11805556 | W4: 0.22569444 | X4: 0.26388889 | Y4: 0 | Z4: 60
M5: Double | N5: Single | R5: GUINNESS | S5: 17 | T5: 17.5 | U5: 0 | V5: 0.10763889 | W5: 0.24652778 | X5: 0.28472222 | Y5: 0 | Z5: 60
J6: MALT LOT: Lot #4 | L6: Sheet Day | R6: MACKESON | S6: 13.3 | T6: 13.5 | U6: 0 | V6: 0.12905093 | W6: 0.27430556 | X6: 0.30208333 | Y6: 0
R7: STARMALT | S7: 17 | T7: 17.4 | U7: 0 | V7: 0.13605324 | W7: 0.27430556 | X7: 0.30902778 | Y7: 0 | Z7: 85
B8: Brand | C8: Brew no. | D8: Kett. Hls | E8: Wort | F8: Cool Time(Mins) | G8: Cast. P.G. (Lab Result) | H8: Cast P.G. (Cellar Operator)-gravity | I8: Extr. Rec (77.9%) | J8: Theor. Extr. (77.5%) | K8: Boil Off /Vol. (4-6%) | L8: Boil Time | M8: Total Hot | N8: Brewing | O8: Operator | R8: Hurricane Reef | S8: 16.6 | T8: 17 | U8: 0 | V8: 0.12905093 | W8: 0.27430556 | X8: 0.30208333 | Y8: 0
E9: Meter (Hls) | F9: Target(< 60Mins) | M9: Time | R9: VITAMALT | S9: 14.2 | T9: 14.6 | U9: 0 | V9: 0.13905093 | W9: 0.26041667 | X9: 0.29513889 | Y9: 0 | Z9: 75
B10: STARMALT | C10: =[22]Brewhouse!$A94 -> SM081 | D10: =[22]Brewhouse!$AH94 -> 53.1 | E10: =[22]Brewhouse!$AM94 -> 49.1 | F10: =[22]Brewhouse!$Z94 -> 77 | G10: =[22]Brewhouse!$AK94 -> 17.2 | H10: 17.2 | I10: =[22]Brewhouse!$AY94 -> 92.893275 | J10: =[22]Brewhouse!$AZ94 -> 93.108341 | K10: =[22]Brewhouse!$U94 -> 12.015066 | L10: =[22]Brewhouse!$T94 -> 60 | M10: =[22]Brewhouse!$Y94-[22]Brewhouse!$X94 -> 0.1375 | N10: =[22]Brewhouse!$AD94 -> 0.29305556 | O10: =[22]Brewhouse!$BC94 -> R. Regis | R10: =B10 -> STARMALT | S10: =VLOOKUP($B10,$R$3:$X$9,2,FALSE) -> 17 | T10: =VLOOKUP($B10,$R$3:$X$9,3,FALSE) -> 17.4 | U10: =VLOOKUP($B10,$R$3:$X$9,4,FALSE) -> 0 | V10: =VLOOKUP($B10,$R$3:$X$9,5,FALSE) -> 0.13605324 | W10: =VLOOKUP($B10,$R$3:$X$9,6,FALSE) -> 0.27430556 | X10: =VLOOKUP($B10,$R$3:$X$9,7,FALSE) -> 0.30902778 | Y10: =VLOOKUP($B10,$R$3:$Z$9,8,FALSE) -> 0 | Z10: =VLOOKUP($B10,$R$3:$Z$9,9,FALSE) -> 85
B11: STARMALT | C11: =[22]Brewhouse!$A95 -> SM082 | D11: =[22]Brewhouse!$AH95 -> 50 | E11: =[22]Brewhouse!$AM95 -> 51.4 | F11: =[22]Brewhouse!$Z95 -> 79 | G11: =[22]Brewhouse!$AK95 -> 17.2 | H11: 17.4 | I11: =[22]Brewhouse!$AY95 -> 97.244691 | J11: =[22]Brewhouse!$AZ95 -> 97.469832 | K11: =[22]Brewhouse!$U95 -> 4.96 | L11: =[22]Brewhouse!$T95 -> 60 | M11: =[22]Brewhouse!$Y95-[22]Brewhouse!$X95 -> 0.14097222 | N11: =[22]Brewhouse!$AD95 -> 0.30555556 | O11: =[22]Brewhouse!$BC95 -> R. Regis | R11: =B11 -> STARMALT | S11: =VLOOKUP($B11,$R$3:$X$9,2,FALSE) -> 17 | T11: =VLOOKUP($B11,$R$3:$X$9,3,FALSE) -> 17.4 | U11: =VLOOKUP($B11,$R$3:$X$9,4,FALSE) -> 0 | V11: =VLOOKUP($B11,$R$3:$X$9,5,FALSE) -> 0.13605324 | W11: =VLOOKUP($B11,$R$3:$X$9,6,FALSE) -> 0.27430556 | X11: =VLOOKUP($B11,$R$3:$X$9,7,FALSE) -> 0.30902778 | Y11: =VLOOKUP($B11,$R$3:$Z$9,8,FALSE) -> 0 | Z11: =VLOOKUP($B11,$R$3:$Z$9,9,FALSE) -> 85
B12: STARMALT | C12: =[22]Brewhouse!$A96 -> SM083 | D12: =[22]Brewhouse!$AH96 -> 53.1 | E12: =[22]Brewhouse!$AM96 -> 49.2 | F12: =[22]Brewhouse!$Z96 -> 69 | G12: =[22]Brewhouse!$AK96 -> 17.2 | H12: 17.2 | I12: =[22]Brewhouse!$AY96 -> 93.231959 | J12: =[22]Brewhouse!$AZ96 -> 93.447409 | K12: =[22]Brewhouse!$U96 -> 10.320151 | L12: =[22]Brewhouse!$T96 -> 62 | M12: =[22]Brewhouse!$Y96-[22]Brewhouse!$X96 -> 0.13402778 | N12: =[22]Brewhouse!$AD96 -> 0.28125 | O12: =[22]Brewhouse!$BC96 -> R. Regis | R12: =B12 -> STARMALT | S12: =VLOOKUP($B12,$R$3:$X$9,2,FALSE) -> 17 | T12: =VLOOKUP($B12,$R$3:$X$9,3,FALSE) -> 17.4 | U12: =VLOOKUP($B12,$R$3:$X$9,4,FALSE) -> 0 | V12: =VLOOKUP($B12,$R$3:$X$9,5,FALSE) -> 0.13605324 | W12: =VLOOKUP($B12,$R$3:$X$9,6,FALSE) -> 0.27430556 | X12: =VLOOKUP($B12,$R$3:$X$9,7,FALSE) -> 0.30902778 | Y12: =VLOOKUP($B12,$R$3:$Z$9,8,FALSE) -> 0 | Z12: =VLOOKUP($B12,$R$3:$Z$9,9,FALSE) -> 85
B13: STARMALT | C13: =[22]Brewhouse!$A97 -> SM084 | D13: =[22]Brewhouse!$AH97 -> 53.1 | E13: =[22]Brewhouse!$AM97 -> 51.6 | F13: =[22]Brewhouse!$Z97 -> 80 | G13: =[22]Brewhouse!$AK97 -> 17.2 | I13: =[22]Brewhouse!$AY97 -> 97.937147 | J13: =[22]Brewhouse!$AZ97 -> 98.16305 | K13: =[22]Brewhouse!$U97 -> 9.7551789 | L13: =[22]Brewhouse!$T97 -> 58 | M13: =[22]Brewhouse!$Y97-[22]Brewhouse!$X97 -> 0.1375 | N13: =[22]Brewhouse!$AD97 -> 0.29375 | O13: =[22]Brewhouse!$BC97 -> R.Sookram | R13: =B13 -> STARMALT | S13: =VLOOKUP($B13,$R$3:$X$9,2,FALSE) -> 17 | T13: =VLOOKUP($B13,$R$3:$X$9,3,FALSE) -> 17.4 | U13: =VLOOKUP($B13,$R$3:$X$9,4,FALSE) -> 0 | V13: =VLOOKUP($B13,$R$3:$X$9,5,FALSE) -> 0.13605324 | W13: =VLOOKUP($B13,$R$3:$X$9,6,FALSE) -> 0.27430556 | X13: =VLOOKUP($B13,$R$3:$X$9,7,FALSE) -> 0.30902778 | Y13: =VLOOKUP($B13,$R$3:$Z$9,8,FALSE) -> 0 | Z13: =VLOOKUP($B13,$R$3:$Z$9,9,FALSE) -> 85
R14: =B14 -> 0 | S14: =VLOOKUP($B14,$R$3:$X$9,2,FALSE) -> #N/A | T14: =VLOOKUP($B14,$R$3:$X$9,3,FALSE) -> #N/A | U14: =VLOOKUP($B14,$R$3:$X$9,4,FALSE) -> #N/A | V14: =VLOOKUP($B14,$R$3:$X$9,5,FALSE) -> #N/A | W14: =VLOOKUP($B14,$R$3:$X$9,6,FALSE) -> #N/A | X14: =VLOOKUP($B14,$R$3:$X$9,7,FALSE) -> #N/A | Y14: =VLOOKUP($B14,$R$3:$Z$9,8,FALSE) -> #N/A | Z14: =VLOOKUP($B14,$R$3:$Z$9,9,FALSE) -> #N/A
B15: VITAMALT | C15: =[23]Brewhouse!A97 -> VM083 | D15: =[23]Brewhouse!AE97 -> 50 | E15: =[23]Brewhouse!AJ97 -> 48 | F15: =[23]Brewhouse!X97 -> 78 | G15: =[23]Brewhouse!AH97 -> 14.1 | H15: 14.1 | I15: =[23]Brewhouse!AV97 -> 96.384143 | J15: =[23]Brewhouse!AW97 -> 96.478843 | K15: =[23]Brewhouse!S97 -> 9.12 | L15: =[23]Brewhouse!R97 -> 60 | M15: =[23]Brewhouse!$W97-[23]Brewhouse!$V97 -> 0.14652778 | N15: =[23]Brewhouse!AB97 -> 0.29097222 | O15: =[23]Brewhouse!$AZ97 -> K. Benjamin | R15: =B15 -> VITAMALT | S15: =VLOOKUP($B15,$R$3:$X$9,2,FALSE) -> 14.2 | T15: =VLOOKUP($B15,$R$3:$X$9,3,FALSE) -> 14.6 | U15: =VLOOKUP($B15,$R$3:$X$9,4,FALSE) -> 0 | V15: =VLOOKUP($B15,$R$3:$X$9,5,FALSE) -> 0.13905093 | W15: =VLOOKUP($B15,$R$3:$X$9,6,FALSE) -> 0.26041667 | X15: =VLOOKUP($B15,$R$3:$X$9,7,FALSE) -> 0.29513889 | Y15: =VLOOKUP($B15,$R$3:$Z$9,8,FALSE) -> 0 | Z15: =VLOOKUP($B15,$R$3:$Z$9,9,FALSE) -> 75
B16: VITAMALT | C16: =[23]Brewhouse!A98 -> VM084 | D16: =[23]Brewhouse!AE98 -> 50 | E16: =[23]Brewhouse!AJ98 -> 48.5 | F16: =[23]Brewhouse!X98 -> 70 | G16: =[23]Brewhouse!AH98 -> 14.3 | H16: 14.3 | I16: =[23]Brewhouse!AV98 -> 98.724258 | J16: =[23]Brewhouse!AW98 -> 98.821671 | K16: =[23]Brewhouse!S98 -> 4.92 | L16: =[23]Brewhouse!R98 -> 57 | M16: =[23]Brewhouse!$W98-[23]Brewhouse!$V98 -> 0.12777778 | N16: =[23]Brewhouse!AB98 -> 0.26944444 | O16: =[23]Brewhouse!$AZ98 -> K. Benjamin | R16: =B16 -> VITAMALT | S16: =VLOOKUP($B16,$R$3:$X$9,2,FALSE) -> 14.2 | T16: =VLOOKUP($B16,$R$3:$X$9,3,FALSE) -> 14.6 | U16: =VLOOKUP($B16,$R$3:$X$9,4,FALSE) -> 0 | V16: =VLOOKUP($B16,$R$3:$X$9,5,FALSE) -> 0.13905093 | W16: =VLOOKUP($B16,$R$3:$X$9,6,FALSE) -> 0.26041667 | X16: =VLOOKUP($B16,$R$3:$X$9,7,FALSE) -> 0.29513889 | Y16: =VLOOKUP($B16,$R$3:$Z$9,8,FALSE) -> 0 | Z16: =VLOOKUP($B16,$R$3:$Z$9,9,FALSE) -> 75
R17: =B17 -> 0 | S17: =VLOOKUP($B17,$R$3:$X$9,2,FALSE) -> #N/A | T17: =VLOOKUP($B17,$R$3:$X$9,3,FALSE) -> #N/A | U17: =VLOOKUP($B17,$R$3:$X$9,4,FALSE) -> #N/A | V17: =VLOOKUP($B17,$R$3:$X$9,5,FALSE) -> #N/A | W17: =VLOOKUP($B17,$R$3:$X$9,6,FALSE) -> #N/A | X17: =VLOOKUP($B17,$R$3:$X$9,7,FALSE) -> #N/A | Y17: =VLOOKUP($B17,$R$3:$Z$9,8,FALSE) -> #N/A | Z17: =VLOOKUP($B17,$R$3:$Z$9,9,FALSE) -> #N/A
R18: =B18 -> 0 | S18: =VLOOKUP($B18,$R$3:$X$9,2,FALSE) -> #N/A | T18: =VLOOKUP($B18,$R$3:$X$9,3,FALSE) -> #N/A | U18: =VLOOKUP($B18,$R$3:$X$9,4,FALSE) -> #N/A | V18: =VLOOKUP($B18,$R$3:$X$9,5,FALSE) -> #N/A | W18: =VLOOKUP($B18,$R$3:$X$9,6,FALSE) -> #N/A | X18: =VLOOKUP($B18,$R$3:$X$9,7,FALSE) -> #N/A | Y18: =VLOOKUP($B18,$R$3:$Z$9,8,FALSE) -> #N/A | Z18: =VLOOKUP($B18,$R$3:$Z$9,9,FALSE) -> #N/A
R19: =B19 -> 0 | S19: =VLOOKUP($B19,$R$3:$X$9,2,FALSE) -> #N/A | T19: =VLOOKUP($B19,$R$3:$X$9,3,FALSE) -> #N/A | U19: =VLOOKUP($B19,$R$3:$X$9,4,FALSE) -> #N/A | V19: =VLOOKUP($B19,$R$3:$X$9,5,FALSE) -> #N/A | W19: =VLOOKUP($B19,$R$3:$X$9,6,FALSE) -> #N/A | X19: =VLOOKUP($B19,$R$3:$X$9,7,FALSE) -> #N/A | Y19: =VLOOKUP($B19,$R$3:$Z$9,8,FALSE) -> #N/A | Z19: =VLOOKUP($B19,$R$3:$Z$9,9,FALSE) -> #N/A
R20: =B20 -> 0 | S20: =VLOOKUP($B20,$R$3:$X$9,2,FALSE) -> #N/A | T20: =VLOOKUP($B20,$R$3:$X$9,3,FALSE) -> #N/A | U20: =VLOOKUP($B20,$R$3:$X$9,4,FALSE) -> #N/A | V20: =VLOOKUP($B20,$R$3:$X$9,5,FALSE) -> #N/A | W20: =VLOOKUP($B20,$R$3:$X$9,6,FALSE) -> #N/A | X20: =VLOOKUP($B20,$R$3:$X$9,7,FALSE) -> #N/A | Y20: =VLOOKUP($B20,$R$3:$Z$9,8,FALSE) -> #N/A | Z20: =VLOOKUP($B20,$R$3:$Z$9,9,FALSE) -> #N/A
R21: =B21 -> 0 | S21: =VLOOKUP($B21,$R$3:$X$9,2,FALSE) -> #N/A | T21: =VLOOKUP($B21,$R$3:$X$9,3,FALSE) -> #N/A | U21: =VLOOKUP($B21,$R$3:$X$9,4,FALSE) -> #N/A | V21: =VLOOKUP($B21,$R$3:$X$9,5,FALSE) -> #N/A | W21: =VLOOKUP($B21,$R$3:$X$9,6,FALSE) -> #N/A | X21: =VLOOKUP($B21,$R$3:$X$9,7,FALSE) -> #N/A | Y21: =VLOOKUP($B21,$R$3:$Z$9,8,FALSE) -> #N/A | Z21: =VLOOKUP($B21,$R$3:$Z$9,9,FALSE) -> #N/A
R22: =B22 -> 0 | S22: =VLOOKUP($B22,$R$3:$X$9,2,FALSE) -> #N/A | T22: =VLOOKUP($B22,$R$3:$X$9,3,FALSE) -> #N/A | U22: =VLOOKUP($B22,$R$3:$X$9,4,FALSE) -> #N/A | V22: =VLOOKUP($B22,$R$3:$X$9,5,FALSE) -> #N/A | W22: =VLOOKUP($B22,$R$3:$X$9,6,FALSE) -> #N/A | X22: =VLOOKUP($B22,$R$3:$X$9,7,FALSE) -> #N/A | Y22: =VLOOKUP($B22,$R$3:$Z$9,8,FALSE) -> #N/A | Z22: =VLOOKUP($B22,$R$3:$Z$9,9,FALSE) -> #N/A
R23: =B23 -> 0 | S23: =VLOOKUP($B23,$R$3:$X$9,2,FALSE) -> #N/A | T23: =VLOOKUP($B23,$R$3:$X$9,3,FALSE) -> #N/A | U23: =VLOOKUP($B23,$R$3:$X$9,4,FALSE) -> #N/A | V23: =VLOOKUP($B23,$R$3:$X$9,5,FALSE) -> #N/A | W23: =VLOOKUP($B23,$R$3:$X$9,6,FALSE) -> #N/A | X23: =VLOOKUP($B23,$R$3:$X$9,7,FALSE) -> #N/A | Y23: =VLOOKUP($B23,$R$3:$Z$9,8,FALSE) -> #N/A | Z23: =VLOOKUP($B23,$R$3:$Z$9,9,FALSE) -> #N/A
R24: =B24 -> 0 | S24: =VLOOKUP($B24,$R$3:$X$9,2,FALSE) -> #N/A | T24: =VLOOKUP($B24,$R$3:$X$9,3,FALSE) -> #N/A | U24: =VLOOKUP($B24,$R$3:$X$9,4,FALSE) -> #N/A | V24: =VLOOKUP($B24,$R$3:$X$9,5,FALSE) -> #N/A | W24: =VLOOKUP($B24,$R$3:$X$9,6,FALSE) -> #N/A | X24: =VLOOKUP($B24,$R$3:$X$9,7,FALSE) -> #N/A | Y24: =VLOOKUP($B24,$R$3:$Z$9,8,FALSE) -> #N/A | Z24: =VLOOKUP($B24,$R$3:$Z$9,9,FALSE) -> #N/A
R25: =B25 -> 0 | S25: =VLOOKUP($B25,$R$3:$X$9,2,FALSE) -> #N/A | T25: =VLOOKUP($B25,$R$3:$X$9,3,FALSE) -> #N/A | U25: =VLOOKUP($B25,$R$3:$X$9,4,FALSE) -> #N/A | V25: =VLOOKUP($B25,$R$3:$X$9,5,FALSE) -> #N/A | W25: =VLOOKUP($B25,$R$3:$X$9,6,FALSE) -> #N/A | X25: =VLOOKUP($B25,$R$3:$X$9,7,FALSE) -> #N/A | Y25: =VLOOKUP($B25,$R$3:$Z$9,8,FALSE) -> #N/A | Z25: =VLOOKUP($B25,$R$3:$Z$9,9,FALSE) -> #N/A
R26: =B26 -> 0 | S26: =VLOOKUP($B26,$R$3:$X$9,2,FALSE) -> #N/A | T26: =VLOOKUP($B26,$R$3:$X$9,3,FALSE) -> #N/A | U26: =VLOOKUP($B26,$R$3:$X$9,4,FALSE) -> #N/A | V26: =VLOOKUP($B26,$R$3:$X$9,5,FALSE) -> #N/A | W26: =VLOOKUP($B26,$R$3:$X$9,6,FALSE) -> #N/A | X26: =VLOOKUP($B26,$R$3:$X$9,7,FALSE) -> #N/A | Y26: =VLOOKUP($B26,$R$3:$Z$9,8,FALSE) -> #N/A | Z26: =VLOOKUP($B26,$R$3:$Z$9,9,FALSE) -> #N/A
B27: BRAND | D27: BBT P.G./ O.G | I27: Brand | K27: MTD No. of Brews | L27: MTD | M27: YTD | N27: Target | R27: =B27 -> BRAND | S27: =VLOOKUP($B27,$R$3:$X$9,2,FALSE) -> #N/A | T27: =VLOOKUP($B27,$R$3:$X$9,3,FALSE) -> #N/A | U27: =VLOOKUP($B27,$R$3:$X$9,4,FALSE) -> #N/A | V27: =VLOOKUP($B27,$R$3:$X$9,5,FALSE) -> #N/A | W27: =VLOOKUP($B27,$R$3:$X$9,6,FALSE) -> #N/A | X27: =VLOOKUP($B27,$R$3:$X$9,7,FALSE) -> #N/A | Y27: =VLOOKUP($B27,$R$3:$Z$9,8,FALSE) -> #N/A | Z27: =VLOOKUP($B27,$R$3:$Z$9,9,FALSE) -> #N/A
B28: =I28 -> CARIB | C28: {=[24]Process!$D$839:$D$846} -> 11.9 | D28: 11.87 | I28: CARIB | M28: =AVERAGE([24]Brewhouse!$AU$102:$AU$171,[24]Brewhouse!$AU$173:$AU$253,[24]Brewhouse!$AU$255:$AU$339,[24]Brewhouse!$AU$341:$AU$346,[24]Brewhouse!$AU$348,[24]Brewhouse!$AU$349:$AU$406,[24]Brewhouse!$AU$408:$AU$491,[24]Brewhouse!$AU$493:$AU$578,[24]Brewhouse!$AU$580:$AU$652,[24]Brewhouse!$AU$655:$AU$738,[24]Brewhouse!$A$740:$A$821,[24]Brewhouse!$AU$823:$AU$862,[25]Brewhouse!$AS$420:$AS$423,[24]Brewhouse!$AU$867:$AU$908) -> 97.713914 | N28: 98 | R28: =B28 -> CARIB | S28: =VLOOKUP($B28,$R$3:$X$9,2,FALSE) -> 11.6 | T28: =VLOOKUP($B28,$R$3:$X$9,3,FALSE) -> 12 | U28: =VLOOKUP($B28,$R$3:$X$9,4,FALSE) -> 0 | V28: =VLOOKUP($B28,$R$3:$X$9,5,FALSE) -> 0.11805556 | W28: =VLOOKUP($B28,$R$3:$X$9,6,FALSE) -> 0.22569444 | X28: =VLOOKUP($B28,$R$3:$X$9,7,FALSE) -> 0.26388889 | Y28: =VLOOKUP($B28,$R$3:$Z$9,8,FALSE) -> 0 | Z28: =VLOOKUP($B28,$R$3:$Z$9,9,FALSE) -> 60
C29: 11.6 | I29: STAG | M29: =AVERAGE([25]Brewhouse!$AS$15:$AS$64,[25]Brewhouse!$AS$66:$AS$103,[25]Brewhouse!$AS$105:$AS$140,[25]Brewhouse!$AS$142:$AS$193,[25]Brewhouse!$AS$195:$AS$240,[25]Brewhouse!$AS$242:$AS$273,[25]Brewhouse!$AS$275:$AS$322,[25]Brewhouse!$AS$324:$AS$359,[25]Brewhouse!$AS$361:$AS$397,[25]Brewhouse!$AS$399:$AS$443) -> 97.924881 | N29: 98 | R29: =B29 -> 0 | S29: =VLOOKUP($B29,$R$3:$X$9,2,FALSE) -> #N/A | T29: =VLOOKUP($B29,$R$3:$X$9,3,FALSE) -> #N/A | U29: =VLOOKUP($B29,$R$3:$X$9,4,FALSE) -> #N/A | V29: =VLOOKUP($B29,$R$3:$X$9,5,FALSE) -> #N/A | W29: =VLOOKUP($B29,$R$3:$X$9,6,FALSE) -> #N/A | X29: =VLOOKUP($B29,$R$3:$X$9,7,FALSE) -> #N/A | Y29: =VLOOKUP($B29,$R$3:$Z$9,8,FALSE) -> #N/A | Z29: =VLOOKUP($B29,$R$3:$Z$9,9,FALSE) -> #N/A
C30: 11.6 | D30: 11.75 | I30: GUINNESS | M30: =AVERAGE([26]Brewhouse!$AU$4:$AU$7,[26]Brewhouse!$AU$9:$AU$22,[26]Brewhouse!$AU$24:$AU$35,[26]Brewhouse!$AU$37:$AU$45,[26]Brewhouse!$AU$47:$AU$62,[26]Brewhouse!$AU$64:$AU$79,[26]Brewhouse!$AU$81:$AU$92,[26]Brewhouse!$AU$94:$AU$97,[26]Brewhouse!$AU$99:$AU$106) -> 96.648781 | N30: 98 | R30: =B30 -> 0 | S30: =VLOOKUP($B30,$R$3:$X$9,2,FALSE) -> #N/A | T30: =VLOOKUP($B30,$R$3:$X$9,3,FALSE) -> #N/A | U30: =VLOOKUP($B30,$R$3:$X$9,4,FALSE) -> #N/A | V30: =VLOOKUP($B30,$R$3:$X$9,5,FALSE) -> #N/A | W30: =VLOOKUP($B30,$R$3:$X$9,6,FALSE) -> #N/A | X30: =VLOOKUP($B30,$R$3:$X$9,7,FALSE) -> #N/A | Y30: =VLOOKUP($B30,$R$3:$Z$9,8,FALSE) -> #N/A | Z30: =VLOOKUP($B30,$R$3:$Z$9,9,FALSE) -> #N/A
C31: 11.9 | I31: VITAMALT | J31: =AVERAGE(I15:I16) -> 97.5542 | K31: =COUNTA([23]Brewhouse!$A$97:$A$98) -> 2 | L31: =AVERAGE([23]Brewhouse!$AV$97:$AV$98) -> 97.5542 | M31: =AVERAGE([23]Brewhouse!$AV$5:$AV$14,[23]Brewhouse!$AV$16:$AV$19,[23]Brewhouse!$AV$21:$AV$24,[23]Brewhouse!$AV$26:$AV$33,[23]Brewhouse!$AV$35:$AV$46,[23]Brewhouse!$AV$48:$AV$53,[23]Brewhouse!$AV$55:$AV$62,[23]Brewhouse!$AV$64:$AV$77,[23]Brewhouse!$AV$79:$AV$86,[23]Brewhouse!$AV$88:$AV$95,[23]Brewhouse!$AV$97:$AV$98) -> 98.239162 | N31: 98 | R31: =B31 -> 0 | S31: =VLOOKUP($B31,$R$3:$X$9,2,FALSE) -> #N/A | T31: =VLOOKUP($B31,$R$3:$X$9,3,FALSE) -> #N/A | U31: =VLOOKUP($B31,$R$3:$X$9,4,FALSE) -> #N/A | V31: =VLOOKUP($B31,$R$3:$X$9,5,FALSE) -> #N/A | W31: =VLOOKUP($B31,$R$3:$X$9,6,FALSE) -> #N/A | X31: =VLOOKUP($B31,$R$3:$X$9,7,FALSE) -> #N/A | Y31: =VLOOKUP($B31,$R$3:$Z$9,8,FALSE) -> #N/A | Z31: =VLOOKUP($B31,$R$3:$Z$9,9,FALSE) -> #N/A
C32: 11.8 | D32: 11.88 | I32: MAXIMALT | N32: 98 | R32: =B32 -> 0 | S32: =VLOOKUP($B32,$R$3:$X$9,2,FALSE) -> #N/A | T32: =VLOOKUP($B32,$R$3:$X$9,3,FALSE) -> #N/A | U32: =VLOOKUP($B32,$R$3:$X$9,4,FALSE) -> #N/A | V32: =VLOOKUP($B32,$R$3:$X$9,5,FALSE) -> #N/A | W32: =VLOOKUP($B32,$R$3:$X$9,6,FALSE) -> #N/A | X32: =VLOOKUP($B32,$R$3:$X$9,7,FALSE) -> #N/A | Y32: =VLOOKUP($B32,$R$3:$Z$9,8,FALSE) -> #N/A | Z32: =VLOOKUP($B32,$R$3:$Z$9,9,FALSE) -> #N/A
C33: 11.7 | I33: MACKESON | M33: =AVERAGE([27]Brewhouse!$AT$4:$AT$11,[27]Brewhouse!$AT$13:$AT$16,[27]Brewhouse!$AT$18:$AT$21,[27]Brewhouse!$AT$26,[27]Brewhouse!$AT$28:$AT$35) -> 94.794664 | N33: 98 | R33: =B33 -> 0 | S33: =VLOOKUP($B33,$R$3:$X$9,2,FALSE) -> #N/A | T33: =VLOOKUP($B33,$R$3:$X$9,3,FALSE) -> #N/A | U33: =VLOOKUP($B33,$R$3:$X$9,4,FALSE) -> #N/A | V33: =VLOOKUP($B33,$R$3:$X$9,5,FALSE) -> #N/A | W33: =VLOOKUP($B33,$R$3:$X$9,6,FALSE) -> #N/A | X33: =VLOOKUP($B33,$R$3:$X$9,7,FALSE) -> #N/A | Y33: =VLOOKUP($B33,$R$3:$Z$9,8,FALSE) -> #N/A | Z33: =VLOOKUP($B33,$R$3:$Z$9,9,FALSE) -> #N/A
C34: 11.6 | D34: 12 | I34: STARMALT | J34: =AVERAGE(I10:I13) -> 95.326768 | K34: =COUNTA([22]Brewhouse!$A$94:$A$97) -> 4 | L34: =AVERAGE([22]Brewhouse!$AY$94:$AY$97) -> 95.326768 | M34: =AVERAGE([22]Brewhouse!$AY$6:$AY$13,[22]Brewhouse!$AY$15:$AY$20,[22]Brewhouse!$AY$22:$AY$29,[22]Brewhouse!$AY$31:$AY$34,[22]Brewhouse!$AY$36:$AY$43,[22]Brewhouse!$AY$45:$AY$50, [22]Brewhouse!$AY$56:$AY$73,[22]Brewhouse!$AY$75:$AY$92,[22]Brewhouse!$AY$94:$AY$97) -> 97.370193 | N34: 98 | R34: =B34 -> 0 | S34: =VLOOKUP($B34,$R$3:$X$9,2,FALSE) -> #N/A | T34: =VLOOKUP($B34,$R$3:$X$9,3,FALSE) -> #N/A | U34: =VLOOKUP($B34,$R$3:$X$9,4,FALSE) -> #N/A | V34: =VLOOKUP($B34,$R$3:$X$9,5,FALSE) -> #N/A | W34: =VLOOKUP($B34,$R$3:$X$9,6,FALSE) -> #N/A | X34: =VLOOKUP($B34,$R$3:$X$9,7,FALSE) -> #N/A | Y34: =VLOOKUP($B34,$R$3:$Z$9,8,FALSE) -> #N/A | Z34: =VLOOKUP($B34,$R$3:$Z$9,9,FALSE) -> #N/A
C35: 11.9 | I35: HR- Pils | M35: =AVERAGE([28]Brewhouse!$AU$5:$AU$8,[28]Brewhouse!$AU$10:$AU$13,[22]Brewhouse!$AY$75:$AY$77) -> 94.749192 | N35: 98 | R35: =B35 -> 0 | S35: =VLOOKUP($B35,$R$3:$X$9,2,FALSE) -> #N/A | T35: =VLOOKUP($B35,$R$3:$X$9,3,FALSE) -> #N/A | U35: =VLOOKUP($B35,$R$3:$X$9,4,FALSE) -> #N/A | V35: =VLOOKUP($B35,$R$3:$X$9,5,FALSE) -> #N/A | W35: =VLOOKUP($B35,$R$3:$X$9,6,FALSE) -> #N/A | X35: =VLOOKUP($B35,$R$3:$X$9,7,FALSE) -> #N/A | Y35: =VLOOKUP($B35,$R$3:$Z$9,8,FALSE) -> #N/A | Z35: =VLOOKUP($B35,$R$3:$Z$9,9,FALSE) -> #N/A
C36: {=[24]Process!$D$863:$D$864} -> 11.7 | D36: 11.97 | I36: HR- IPA | M36: =AVERAGE([29]Brewhouse!$AW$26:$AW$27) -> 95.310681 | N36: 98 | R36: =B36 -> 0 | S36: =VLOOKUP($B36,$R$3:$X$9,2,FALSE) -> #N/A | T36: =VLOOKUP($B36,$R$3:$X$9,3,FALSE) -> #N/A | U36: =VLOOKUP($B36,$R$3:$X$9,4,FALSE) -> #N/A | V36: =VLOOKUP($B36,$R$3:$X$9,5,FALSE) -> #N/A | W36: =VLOOKUP($B36,$R$3:$X$9,6,FALSE) -> #N/A | X36: =VLOOKUP($B36,$R$3:$X$9,7,FALSE) -> #N/A | Y36: =VLOOKUP($B36,$R$3:$Z$9,8,FALSE) -> #N/A | Z36: =VLOOKUP($B36,$R$3:$Z$9,9,FALSE) -> #N/A
C37: 11.9 | I37: HR- APA | M37: =AVERAGE([30]Brewhouse!$AU$13:$AU$14) -> 97.110575 | N37: 98 | R37: =B37 -> 0 | S37: =VLOOKUP($B37,$R$3:$X$9,2,FALSE) -> #N/A | T37: =VLOOKUP($B37,$R$3:$X$9,3,FALSE) -> #N/A | U37: =VLOOKUP($B37,$R$3:$X$9,4,FALSE) -> #N/A | V37: =VLOOKUP($B37,$R$3:$X$9,5,FALSE) -> #N/A | W37: =VLOOKUP($B37,$R$3:$X$9,6,FALSE) -> #N/A | X37: =VLOOKUP($B37,$R$3:$X$9,7,FALSE) -> #N/A | Y37: =VLOOKUP($B37,$R$3:$Z$9,8,FALSE) -> #N/A | Z37: =VLOOKUP($B37,$R$3:$Z$9,9,FALSE) -> #N/A
K38: =SUM(K28:K37) -> 6 | L38: =((L28*K28)+(L29*K29)+(L30*K30)+(L31*K31)+(L32*K32)+(K35*L35)+(L33*K33)+(L34*K34)+(L37*K37))/(K38) -> 96.069245 | M38: =AVERAGE('[31]Jan 31st'!$L$65,'[32]Feb 28th'!$L$35,'[33]Mar. 31st'!$L$35,'[34]Apr. 30th'!$L$45,'[35]May 30th'!$L$37,'[36]June 30th'!$L$57,'[37]July 29th '!$L$44,'[38]Aug 29th'!$L$29,'[39]Sept 30th'!$L$35,L38) -> 97.424875 | N38: 98 | R38: =B38 -> 0 | S38: =VLOOKUP($B38,$R$3:$X$9,2,FALSE) -> #N/A | T38: =VLOOKUP($B38,$R$3:$X$9,3,FALSE) -> #N/A | U38: =VLOOKUP($B38,$R$3:$X$9,4,FALSE) -> #N/A | V38: =VLOOKUP($B38,$R$3:$X$9,5,FALSE) -> #N/A | W38: =VLOOKUP($B38,$R$3:$X$9,6,FALSE) -> #N/A | X38: =VLOOKUP($B38,$R$3:$X$9,7,FALSE) -> #N/A | Y38: =VLOOKUP($B38,$R$3:$Z$9,8,FALSE) -> #N/A | Z38: =VLOOKUP($B38,$R$3:$Z$9,9,FALSE) -> #N/A
R39: =B39 -> 0 | S39: =VLOOKUP($B39,$R$3:$X$9,2,FALSE) -> #N/A | T39: =VLOOKUP($B39,$R$3:$X$9,3,FALSE) -> #N/A | U39: =VLOOKUP($B39,$R$3:$X$9,4,FALSE) -> #N/A | V39: =VLOOKUP($B39,$R$3:$X$9,5,FALSE) -> #N/A | W39: =VLOOKUP($B39,$R$3:$X$9,6,FALSE) -> #N/A | X39: =VLOOKUP($B39,$R$3:$X$9,7,FALSE) -> #N/A | Y39: =VLOOKUP($B39,$R$3:$Z$9,8,FALSE) -> #N/A | Z39: =VLOOKUP($B39,$R$3:$Z$9,9,FALSE) -> #N/A
J40: Daily Brewing Plan
J41: Brand | K41: Brews Achieved | L41: Average Brews per day
J42: CARIB | L42: MTD | M42: YTD | N42: TARGET
J43: STAG | L43: =AVERAGE(Nov.3rd!K52) -> 6 | M43: =AVERAGE('[31]Jan 29th '!$M$70,'[32]Feb 28th'!$L$40,'[33]Mar. 31st'!$L$40,'[34]Apr. 30th'!$L$50,'[35]May 30th'!$L$42,'[36]June 30th'!$L$62,'[37]July 29th '!$L$49,'[38]Aug 29th'!$L$34,'[39]Sept 30th'!$L$40,[40]Oct.31st!$L$43,L43) -> 6.9666097 | N43: 9.2
J44: GUINN
J45: VITAMALT | K45: 2
J46: STARMALT | K46: 4
J47: MACKESON
J48: HURRICANE REEF- IPA
J49: HURRICANE REEF- APA
B50: AVERAGE | D50: =AVERAGE(D28:E49) -> 11.894 | J50: HR- PILSNER
C51: =[25]Process!D419 -> 11.9 | J51: CARIBE
J52: Total | K52: =SUM(K42:K51) -> 6
B53: Process: | C53: Fermentation/Filtration
B55: Brand | C55: Filt. Date | D55: FV Hls | E55: GFE/ Prim/ Vita Blend (Hls) | F55: SV Hls | G55: BBT Hls | H55: Loss (%) Ferm | I55: Loss (%) Filt | J55: Comments | K55: Throughput | L55: Process Loss (%) | M55: Filt. Operator
AB56: 43474 | AC56: 43475 | AD56: 43476 | AE56: 43477 | AF56: 43478 | AG56: 43479 | AH56: 43480 | AI56: 43481 | AJ56: 43482 | AK56: 43483 | AL56: 43484 | AM56: 43485 | AN56: 43486 | AO56: 43487 | AP56: 43488 | AQ56: 43489 | AR56: 43490 | AS56: 43491 | AT56: 43492 | AU56: 43493 | AV56: 43494 | AW56: 43495 | AX56: 43496
B57: =J42 -> CARIB | C57: 45964 | L57: =(((D57+E57)-G57)/(D57+E57))*100 -> #DIV/0! | M57: D. Emery | AB57: =[20]January_2019!L7 -> 285.8 | AC57: =[20]January_2019!M7 -> 508.1 | AD57: =[20]January_2019!N7 -> 0 | AE57: =[20]January_2019!O7 -> 0 | AF57: =[20]January_2019!P7 -> 109.56667 | AG57: =[20]January_2019!Q7 -> 297.65 | AH57: =[20]January_2019!R7 -> 122.3 | AI57: =[20]January_2019!S7 -> 0 | ... AX57: =[20]January_2019!AH7 -> 0
B66: Process Loss (Volume) | G66: Process Loss (Extract) | K66: Throughput
B67: Brand | C67: Actual | D67: MTD | E67: YTD | F67: Target | G67: Actual | H67: MTD | I67: YTD | J67: Target | K67: Actual | L67: MTD | M67: YTD | N67: Target
B68: CARIB | C68: =AVERAGE(L57,L59) -> #DIV/0! | D68: 5.5592149 | E68: 6.2382937 | F68: 4.8 | H68: 4.386962 | I68: 6.0182964 | J68: 4.8 | K68: =AVERAGE(K57,K59) -> #DIV/0! | L68: 0.74188621 | M68: 0.76957073 | N68: 1
B69: STAG | D69: 4.632164 | E69: 5.7588893 | F69: 4.8 | H69: 4.0639297 | I69: 5.4927705 | J69: 4.8 | L69: 0.74930453 | M69: 0.72027652 | N69: 1
B70: GUINN | D70: 10.13958 | E70: 11.570837 | F70: 5.5 | H70: 12.493185 | I70: 12.712244 | J70: 5.5 | L70: 0.51072165 | M70: 0.53293556 | N70: 1
B71: VITAMALT | D71: 5.1294698 | E71: 5.120601 | F71: 3.3 | H71: 4.5362488 | I71: 4.4829345 | J71: 3.3 | L71: 1.3498246 | M71: 0.84253374 | N71: 1
B72: APA | E72: 7.8373016 | F72: 3.3 | I72: 5.3377569 | J72: 3 | M72: 0.32596491 | N72: 1
B73: MACKESON | E73: 7.3129862 | F73: =[21]May_2022!$M$43 -> 3.4878407 | I73: 8.6614709 | J73: 5.5 | M73: 0.73160819 | N73: 1
B74: STARMALT | D74: 2.0782987 | E74: 2.8629318 | F74: 3.3 | H74: 3.455985 | I74: 4.347882 | J74: 3.3 | L74: 0.88859649 | M74: 0.85935681 | N74: 1
B75: IPA | E75: 11.483254 | F75: 7.5 | I75: 9.7934336 | J75: 7.5 | M75: 0.3245614 | N75: 1
B76: HURRICANE REEF PILS | E76: 7.2653645 | F76: 4.8 | I76: 8.1715311 | J76: 4.8 | M76: 0.51368421 | N76: 1
D77: 5.4003258 | E77: 6.2628042 | F77: 5.5 | H77: 5.1120457 | I77: 6.4058065 | J77: 5.5 | L77: 0.76227923 | M77: 0.73564864 | N77: 1

Sheet Nov 4th
S1: P.G. | U1: Hot Time | W1: Process Time | Y1: Cooling Time
B2: Brewing Department Daily Process Loss Report | S2: Lower | T2: Upper | U2: Lower | V2: Upper | W2: Lower | X2: Upper | Y2: Lower | Z2: Upper
R3: CARIB | S3: 11.6 | T3: 12 | U3: 0 | V3: 0.11805556 | W3: 0.22569444 | X3: 0.26388889 | Y3: 0 | Z3: 60 | AB3: HR- PISNER
B4: Date: | C4: 45966 | J4: LOT WORT COLOUR: 3.3 | M4: Filter Sheets (Target 20 days) | R4: STAG | S4: 11.6 | T4: 12 | U4: 0 | V4: 0.11805556 | W4: 0.22569444 | X4: 0.26388889 | Y4: 0 | Z4: 60
M5: Double | N5: Single | R5: GUINNESS | S5: 17 | T5: 17.5 | U5: 0 | V5: 0.10763889 | W5: 0.24652778 | X5: 0.28472222 | Y5: 0 | Z5: 60
J6: MALT LOT: Lot #4 | L6: Sheet Day | R6: MACKESON | S6: 13.3 | T6: 13.5 | U6: 0 | V6: 0.12905093 | W6: 0.27430556 | X6: 0.30208333 | Y6: 0
R7: STARMALT | S7: 17 | T7: 17.4 | U7: 0 | V7: 0.13605324 | W7: 0.27430556 | X7: 0.30902778 | Y7: 0 | Z7: 85
B8: Brand | C8: Brew no. | D8: Kett. Hls | E8: Wort | F8: Cool Time(Mins) | G8: Cast. P.G. (Lab Result) | H8: Cast P.G. (Cellar Operator)-gravity | I8: Extr. Rec (77.9%) | J8: Theor. Extr. (77.5%) | K8: Boil Off /Vol. (4-6%) | L8: Boil Time | M8: Total Hot | N8: Brewing | O8: Operator | R8: Hurricane Reef | S8: 16.6 | T8: 17 | U8: 0 | V8: 0.12905093 | W8: 0.27430556 | X8: 0.30208333 | Y8: 0
E9: Meter (Hls) | F9: Target(< 60Mins) | M9: Time | R9: VITAMALT | S9: 14.2 | T9: 14.6 | U9: 0 | V9: 0.13905093 | W9: 0.26041667 | X9: 0.29513889 | Y9: 0 | Z9: 75
B10: VITAMALT | C10: =[23]Brewhouse!A99 -> VM085 | D10: =[23]Brewhouse!AE99 -> 50 | E10: =[23]Brewhouse!AJ99 -> 47.7 | F10: =[23]Brewhouse!X99 -> 77 | G10: =[23]Brewhouse!AH99 -> 14.3 | H10: 14.3 | I10: =[23]Brewhouse!AV99 -> 97.19787 | J10: =[23]Brewhouse!AW99 -> 97.293369 | K10: =[23]Brewhouse!S99 -> 2.52 | L10: =[23]Brewhouse!R99 -> 57 | M10: =[23]Brewhouse!$W99-[23]Brewhouse!$V99 -> 0.14236111 | N10: =[23]Brewhouse!AB99 -> 0.28333333 | O10: =[23]Brewhouse!$AZ99 -> K. Benjamin | R10: =B10 -> VITAMALT | S10: =VLOOKUP($B10,$R$3:$X$9,2,FALSE) -> 14.2 | T10: =VLOOKUP($B10,$R$3:$X$9,3,FALSE) -> 14.6 | U10: =VLOOKUP($B10,$R$3:$X$9,4,FALSE) -> 0 | V10: =VLOOKUP($B10,$R$3:$X$9,5,FALSE) -> 0.13905093 | W10: =VLOOKUP($B10,$R$3:$X$9,6,FALSE) -> 0.26041667 | X10: =VLOOKUP($B10,$R$3:$X$9,7,FALSE) -> 0.29513889 | Y10: =VLOOKUP($B10,$R$3:$Z$9,8,FALSE) -> 0 | Z10: =VLOOKUP($B10,$R$3:$Z$9,9,FALSE) -> 75
B11: VITAMALT | C11: =[23]Brewhouse!A100 -> VM086 | D11: =[23]Brewhouse!AE100 -> 50.1 | E11: =[23]Brewhouse!AJ100 -> 47.4 | F11: =[23]Brewhouse!X100 -> 74 | G11: =[23]Brewhouse!AH100 -> 14.6 | H11: 14.5 | I11: =[23]Brewhouse!AV100 -> 98.865272 | J11: =[23]Brewhouse!AW100 -> 98.961994 | K11: =[23]Brewhouse!S100 -> 15.688623 | L11: =[23]Brewhouse!R100 -> 61 | M11: =[23]Brewhouse!$W100-[23]Brewhouse!$V100 -> 0.14791667 | N11: =[23]Brewhouse!AB100 -> 0.33680556 | O11: =[23]Brewhouse!$AZ100 -> R. Regis | R11: =B11 -> VITAMALT | S11: =VLOOKUP($B11,$R$3:$X$9,2,FALSE) -> 14.2 | T11: =VLOOKUP($B11,$R$3:$X$9,3,FALSE) -> 14.6 | U11: =VLOOKUP($B11,$R$3:$X$9,4,FALSE) -> 0 | V11: =VLOOKUP($B11,$R$3:$X$9,5,FALSE) -> 0.13905093 | W11: =VLOOKUP($B11,$R$3:$X$9,6,FALSE) -> 0.26041667 | X11: =VLOOKUP($B11,$R$3:$X$9,7,FALSE) -> 0.29513889 | Y11: =VLOOKUP($B11,$R$3:$Z$9,8,FALSE) -> 0 | Z11: =VLOOKUP($B11,$R$3:$Z$9,9,FALSE) -> 75
B12: VITAMALT | C12: =[23]Brewhouse!A101 -> VM087 | D12: =[23]Brewhouse!AE101 -> 50.1 | E12: =[23]Brewhouse!AJ101 -> 47.4 | F12: =[23]Brewhouse!X101 -> 84 | G12: =[23]Brewhouse!AH101 -> 14.5 | H12: 14 | I12: =[23]Brewhouse!AV101 -> 97.852052 | J12: =[23]Brewhouse!AW101 -> 97.949014 | K12: =[23]Brewhouse!S101 -> 6.3073852 | L12: =[23]Brewhouse!R101 -> 61 | M12: =[23]Brewhouse!$W101-[23]Brewhouse!$V101 -> 0.13680556 | N12: =[23]Brewhouse!AB101 -> 0.35 | O12: =[23]Brewhouse!$AZ101 -> R. Regis | R12: =B12 -> VITAMALT | S12: =VLOOKUP($B12,$R$3:$X$9,2,FALSE) -> 14.2 | T12: =VLOOKUP($B12,$R$3:$X$9,3,FALSE) -> 14.6 | U12: =VLOOKUP($B12,$R$3:$X$9,4,FALSE) -> 0 | V12: =VLOOKUP($B12,$R$3:$X$9,5,FALSE) -> 0.13905093 | W12: =VLOOKUP($B12,$R$3:$X$9,6,FALSE) -> 0.26041667 | X12: =VLOOKUP($B12,$R$3:$X$9,7,FALSE) -> 0.29513889 | Y12: =VLOOKUP($B12,$R$3:$Z$9,8,FALSE) -> 0 | Z12: =VLOOKUP($B12,$R$3:$Z$9,9,FALSE) -> 75
B13: VITAMALT | C13: =[23]Brewhouse!A102 -> VM088 | D13: =[23]Brewhouse!AE102 -> 50.1 | E13: =[23]Brewhouse!AJ102 -> 50.8 | F13: =[23]Brewhouse!X102 -> 92 | G13: =[23]Brewhouse!AH102 -> 14.2 | H13: 14.3 | I13: =[23]Brewhouse!AV102 -> 101.48069 | J13: =[23]Brewhouse!AW102 -> 101.58544 | K13: =[23]Brewhouse!S102 -> 5.9081836 | L13: =[23]Brewhouse!R102 -> 60 | M13: =[23]Brewhouse!$W102-[23]Brewhouse!$V102 -> 0.14236111 | N13: =[23]Brewhouse!AB102 -> 0.29375 | O13: =[23]Brewhouse!$AZ102 -> R. Regis | R13: =B13 -> VITAMALT | S13: =VLOOKUP($B13,$R$3:$X$9,2,FALSE) -> 14.2 | T13: =VLOOKUP($B13,$R$3:$X$9,3,FALSE) -> 14.6 | U13: =VLOOKUP($B13,$R$3:$X$9,4,FALSE) -> 0 | V13: =VLOOKUP($B13,$R$3:$X$9,5,FALSE) -> 0.13905093 | W13: =VLOOKUP($B13,$R$3:$X$9,6,FALSE) -> 0.26041667 | X13: =VLOOKUP($B13,$R$3:$X$9,7,FALSE) -> 0.29513889 | Y13: =VLOOKUP($B13,$R$3:$Z$9,8,FALSE) -> 0 | Z13: =VLOOKUP($B13,$R$3:$Z$9,9,FALSE) -> 75
B14: VITAMALT | C14: =[23]Brewhouse!A103 -> VM089 | D14: =[23]Brewhouse!AE103 -> 50.1 | E14: =[23]Brewhouse!AJ103 -> 50.8 | F14: =[23]Brewhouse!X103 -> 89 | G14: =[23]Brewhouse!AH103 -> 14.1 | H14: 14.2 | I14: =[23]Brewhouse!AV103 -> 101.36729 | J14: =[23]Brewhouse!AW103 -> 101.46943 | K14: =[23]Brewhouse!S103 -> 5.3093812 | L14: =[23]Brewhouse!R103 -> 58 | M14: =[23]Brewhouse!$W103-[23]Brewhouse!$V103 -> 0.13819444 | N14: =[23]Brewhouse!AB103 -> 0.27083333 | O14: =[23]Brewhouse!$AZ103 -> R.Sookram | R14: =B14 -> VITAMALT | S14: =VLOOKUP($B14,$R$3:$X$9,2,FALSE) -> 14.2 | T14: =VLOOKUP($B14,$R$3:$X$9,3,FALSE) -> 14.6 | U14: =VLOOKUP($B14,$R$3:$X$9,4,FALSE) -> 0 | V14: =VLOOKUP($B14,$R$3:$X$9,5,FALSE) -> 0.13905093 | W14: =VLOOKUP($B14,$R$3:$X$9,6,FALSE) -> 0.26041667 | X14: =VLOOKUP($B14,$R$3:$X$9,7,FALSE) -> 0.29513889 | Y14: =VLOOKUP($B14,$R$3:$Z$9,8,FALSE) -> 0 | Z14: =VLOOKUP($B14,$R$3:$Z$9,9,FALSE) -> 75
B15: VITAMALT | C15: =[23]Brewhouse!A104 -> VM090 | D15: =[23]Brewhouse!AE104 -> 53.1 | E15: =[23]Brewhouse!AJ104 -> 47.4 | F15: =[23]Brewhouse!X104 -> 84 | G15: =[23]Brewhouse!AH104 -> 14.2 | H15: 14.3 | I15: =[23]Brewhouse!AV104 -> 95.481526 | J15: =[23]Brewhouse!AW104 -> 95.576936 | K15: =[23]Brewhouse!S104 -> 13.107345 | L15: =[23]Brewhouse!R104 -> 58 | M15: =[23]Brewhouse!$W104-[23]Brewhouse!$V104 -> 0.13402778 | N15: =[23]Brewhouse!AB104 -> 0.26527778 | O15: =[23]Brewhouse!$AZ104 -> R.Sookram | R15: =B15 -> VITAMALT | S15: =VLOOKUP($B15,$R$3:$X$9,2,FALSE) -> 14.2 | T15: =VLOOKUP($B15,$R$3:$X$9,3,FALSE) -> 14.6 | U15: =VLOOKUP($B15,$R$3:$X$9,4,FALSE) -> 0 | V15: =VLOOKUP($B15,$R$3:$X$9,5,FALSE) -> 0.13905093 | W15: =VLOOKUP($B15,$R$3:$X$9,6,FALSE) -> 0.26041667 | X15: =VLOOKUP($B15,$R$3:$X$9,7,FALSE) -> 0.29513889 | Y15: =VLOOKUP($B15,$R$3:$Z$9,8,FALSE) -> 0 | Z15: =VLOOKUP($B15,$R$3:$Z$9,9,FALSE) -> 75
R16: =B16 -> 0 | S16: =VLOOKUP($B16,$R$3:$X$9,2,FALSE) -> #N/A | T16: =VLOOKUP($B16,$R$3:$X$9,3,FALSE) -> #N/A | U16: =VLOOKUP($B16,$R$3:$X$9,4,FALSE) -> #N/A | V16: =VLOOKUP($B16,$R$3:$X$9,5,FALSE) -> #N/A | W16: =VLOOKUP($B16,$R$3:$X$9,6,FALSE) -> #N/A | X16: =VLOOKUP($B16,$R$3:$X$9,7,FALSE) -> #N/A | Y16: =VLOOKUP($B16,$R$3:$Z$9,8,FALSE) -> #N/A | Z16: =VLOOKUP($B16,$R$3:$Z$9,9,FALSE) -> #N/A
R17: =B17 -> 0 | S17: =VLOOKUP($B17,$R$3:$X$9,2,FALSE) -> #N/A | T17: =VLOOKUP($B17,$R$3:$X$9,3,FALSE) -> #N/A | U17: =VLOOKUP($B17,$R$3:$X$9,4,FALSE) -> #N/A | V17: =VLOOKUP($B17,$R$3:$X$9,5,FALSE) -> #N/A | W17: =VLOOKUP($B17,$R$3:$X$9,6,FALSE) -> #N/A | X17: =VLOOKUP($B17,$R$3:$X$9,7,FALSE) -> #N/A | Y17: =VLOOKUP($B17,$R$3:$Z$9,8,FALSE) -> #N/A | Z17: =VLOOKUP($B17,$R$3:$Z$9,9,FALSE) -> #N/A
B18: CARIB | C18: =[24]Brewhouse!$A914 -> CA799 | D18: =[24]Brewhouse!$AF914 -> 52.6 | E18: =[24]Brewhouse!$AI914 -> 51.5 | F18: =[24]Brewhouse!$V914 -> 58 | G18: =[24]Brewhouse!AG914 -> 11.5 | H18: 11.5 | I18: =[24]Brewhouse!$AU914 -> 96.793515 | J18: =[24]Brewhouse!$AV914 -> 97.247486 | K18: =[24]Brewhouse!$Q914 -> 5.4990584 | L18: =[24]Brewhouse!$P914 -> 58 | M18: =[24]Brewhouse!$U914-[24]Brewhouse!$T914 -> 0.12569444 | N18: =[24]Brewhouse!$Z914 -> 0.25138889 | O18: =[24]Brewhouse!$AX914 -> R.Sookram | R18: =B18 -> CARIB | S18: =VLOOKUP($B18,$R$3:$X$9,2,FALSE) -> 11.6 | T18: =VLOOKUP($B18,$R$3:$X$9,3,FALSE) -> 12 | U18: =VLOOKUP($B18,$R$3:$X$9,4,FALSE) -> 0 | V18: =VLOOKUP($B18,$R$3:$X$9,5,FALSE) -> 0.11805556 | W18: =VLOOKUP($B18,$R$3:$X$9,6,FALSE) -> 0.22569444 | X18: =VLOOKUP($B18,$R$3:$X$9,7,FALSE) -> 0.26388889 | Y18: =VLOOKUP($B18,$R$3:$Z$9,8,FALSE) -> 0 | Z18: =VLOOKUP($B18,$R$3:$Z$9,9,FALSE) -> 60
B19: CARIB | C19: =[24]Brewhouse!$A915 -> CA800 | D19: =[24]Brewhouse!$AF915 -> 51.2 | E19: =[24]Brewhouse!$AI915 -> 50.1 | F19: =[24]Brewhouse!$V915 -> 52 | G19: =[24]Brewhouse!AG915 -> 11.9 | H19: 11.9 | I19: =[24]Brewhouse!$AU915 -> 98.573166 | J19: =[24]Brewhouse!$AV915 -> 99.03519 | K19: =[24]Brewhouse!$Q915 -> 4.754717 | L19: =[24]Brewhouse!$P915 -> 59 | M19: =[24]Brewhouse!$U915-[24]Brewhouse!$T915 -> 0.10416667 | N19: =[24]Brewhouse!$Z915 -> 0.25138889 | O19: =[24]Brewhouse!$AX915 -> K. Benjamin | R19: =B19 -> CARIB | S19: =VLOOKUP($B19,$R$3:$X$9,2,FALSE) -> 11.6 | T19: =VLOOKUP($B19,$R$3:$X$9,3,FALSE) -> 12 | U19: =VLOOKUP($B19,$R$3:$X$9,4,FALSE) -> 0 | V19: =VLOOKUP($B19,$R$3:$X$9,5,FALSE) -> 0.11805556 | W19: =VLOOKUP($B19,$R$3:$X$9,6,FALSE) -> 0.22569444 | X19: =VLOOKUP($B19,$R$3:$X$9,7,FALSE) -> 0.26388889 | Y19: =VLOOKUP($B19,$R$3:$Z$9,8,FALSE) -> 0 | Z19: =VLOOKUP($B19,$R$3:$Z$9,9,FALSE) -> 60
B20: CARIB | C20: =[24]Brewhouse!$A916 -> CA801 | D20: =[24]Brewhouse!$AF916 -> 53.5 | E20: =[24]Brewhouse!$AI916 -> 52.4 | F20: =[24]Brewhouse!$V916 -> 61 | G20: =[24]Brewhouse!AG916 -> 11.6 | H20: 11.7 | I20: =[24]Brewhouse!$AU916 -> 99.387081 | J20: =[24]Brewhouse!$AV916 -> 99.853215 | K20: =[24]Brewhouse!$Q916 -> 1.1698113 | L20: =[24]Brewhouse!$P916 -> 60 | M20: =[24]Brewhouse!$U916-[24]Brewhouse!$T916 -> 0.12083333 | N20: =[24]Brewhouse!$Z916 -> 0.26388889 | O20: =[24]Brewhouse!$AX916 -> K. Benjamin | R20: =B20 -> CARIB | S20: =VLOOKUP($B20,$R$3:$X$9,2,FALSE) -> 11.6 | T20: =VLOOKUP($B20,$R$3:$X$9,3,FALSE) -> 12 | U20: =VLOOKUP($B20,$R$3:$X$9,4,FALSE) -> 0 | V20: =VLOOKUP($B20,$R$3:$X$9,5,FALSE) -> 0.11805556 | W20: =VLOOKUP($B20,$R$3:$X$9,6,FALSE) -> 0.22569444 | X20: =VLOOKUP($B20,$R$3:$X$9,7,FALSE) -> 0.26388889 | Y20: =VLOOKUP($B20,$R$3:$Z$9,8,FALSE) -> 0 | Z20: =VLOOKUP($B20,$R$3:$Z$9,9,FALSE) -> 60
R21: =B21 -> 0 | S21: =VLOOKUP($B21,$R$3:$X$9,2,FALSE) -> #N/A | T21: =VLOOKUP($B21,$R$3:$X$9,3,FALSE) -> #N/A | U21: =VLOOKUP($B21,$R$3:$X$9,4,FALSE) -> #N/A | V21: =VLOOKUP($B21,$R$3:$X$9,5,FALSE) -> #N/A | W21: =VLOOKUP($B21,$R$3:$X$9,6,FALSE) -> #N/A | X21: =VLOOKUP($B21,$R$3:$X$9,7,FALSE) -> #N/A | Y21: =VLOOKUP($B21,$R$3:$Z$9,8,FALSE) -> #N/A | Z21: =VLOOKUP($B21,$R$3:$Z$9,9,FALSE) -> #N/A
R22: =B22 -> 0 | S22: =VLOOKUP($B22,$R$3:$X$9,2,FALSE) -> #N/A | T22: =VLOOKUP($B22,$R$3:$X$9,3,FALSE) -> #N/A | U22: =VLOOKUP($B22,$R$3:$X$9,4,FALSE) -> #N/A | V22: =VLOOKUP($B22,$R$3:$X$9,5,FALSE) -> #N/A | W22: =VLOOKUP($B22,$R$3:$X$9,6,FALSE) -> #N/A | X22: =VLOOKUP($B22,$R$3:$X$9,7,FALSE) -> #N/A | Y22: =VLOOKUP($B22,$R$3:$Z$9,8,FALSE) -> #N/A | Z22: =VLOOKUP($B22,$R$3:$Z$9,9,FALSE) -> #N/A
R23: =B23 -> 0 | S23: =VLOOKUP($B23,$R$3:$X$9,2,FALSE) -> #N/A | T23: =VLOOKUP($B23,$R$3:$X$9,3,FALSE) -> #N/A | U23: =VLOOKUP($B23,$R$3:$X$9,4,FALSE) -> #N/A | V23: =VLOOKUP($B23,$R$3:$X$9,5,FALSE) -> #N/A | W23: =VLOOKUP($B23,$R$3:$X$9,6,FALSE) -> #N/A | X23: =VLOOKUP($B23,$R$3:$X$9,7,FALSE) -> #N/A | Y23: =VLOOKUP($B23,$R$3:$Z$9,8,FALSE) -> #N/A | Z23: =VLOOKUP($B23,$R$3:$Z$9,9,FALSE) -> #N/A
R24: =B24 -> 0 | S24: =VLOOKUP($B24,$R$3:$X$9,2,FALSE) -> #N/A | T24: =VLOOKUP($B24,$R$3:$X$9,3,FALSE) -> #N/A | U24: =VLOOKUP($B24,$R$3:$X$9,4,FALSE) -> #N/A | V24: =VLOOKUP($B24,$R$3:$X$9,5,FALSE) -> #N/A | W24: =VLOOKUP($B24,$R$3:$X$9,6,FALSE) -> #N/A | X24: =VLOOKUP($B24,$R$3:$X$9,7,FALSE) -> #N/A | Y24: =VLOOKUP($B24,$R$3:$Z$9,8,FALSE) -> #N/A | Z24: =VLOOKUP($B24,$R$3:$Z$9,9,FALSE) -> #N/A
R25: =B25 -> 0 | S25: =VLOOKUP($B25,$R$3:$X$9,2,FALSE) -> #N/A | T25: =VLOOKUP($B25,$R$3:$X$9,3,FALSE) -> #N/A | U25: =VLOOKUP($B25,$R$3:$X$9,4,FALSE) -> #N/A | V25: =VLOOKUP($B25,$R$3:$X$9,5,FALSE) -> #N/A | W25: =VLOOKUP($B25,$R$3:$X$9,6,FALSE) -> #N/A | X25: =VLOOKUP($B25,$R$3:$X$9,7,FALSE) -> #N/A | Y25: =VLOOKUP($B25,$R$3:$Z$9,8,FALSE) -> #N/A | Z25: =VLOOKUP($B25,$R$3:$Z$9,9,FALSE) -> #N/A
R26: =B26 -> 0 | S26: =VLOOKUP($B26,$R$3:$X$9,2,FALSE) -> #N/A | T26: =VLOOKUP($B26,$R$3:$X$9,3,FALSE) -> #N/A | U26: =VLOOKUP($B26,$R$3:$X$9,4,FALSE) -> #N/A | V26: =VLOOKUP($B26,$R$3:$X$9,5,FALSE) -> #N/A | W26: =VLOOKUP($B26,$R$3:$X$9,6,FALSE) -> #N/A | X26: =VLOOKUP($B26,$R$3:$X$9,7,FALSE) -> #N/A | Y26: =VLOOKUP($B26,$R$3:$Z$9,8,FALSE) -> #N/A | Z26: =VLOOKUP($B26,$R$3:$Z$9,9,FALSE) -> #N/A
B27: BRAND | D27: BBT P.G./ O.G | I27: Brand | K27: MTD No. of Brews | L27: MTD | M27: YTD | N27: Target | R27: =B27 -> BRAND | S27: =VLOOKUP($B27,$R$3:$X$9,2,FALSE) -> #N/A | T27: =VLOOKUP($B27,$R$3:$X$9,3,FALSE) -> #N/A | U27: =VLOOKUP($B27,$R$3:$X$9,4,FALSE) -> #N/A | V27: =VLOOKUP($B27,$R$3:$X$9,5,FALSE) -> #N/A | W27: =VLOOKUP($B27,$R$3:$X$9,6,FALSE) -> #N/A | X27: =VLOOKUP($B27,$R$3:$X$9,7,FALSE) -> #N/A | Y27: =VLOOKUP($B27,$R$3:$Z$9,8,FALSE) -> #N/A | Z27: =VLOOKUP($B27,$R$3:$Z$9,9,FALSE) -> #N/A
B28: =I28 -> CARIB | C28: =[24]Process!$D$865 -> 12 | D28: 11.77 | I28: CARIB | J28: =AVERAGE(I18:I20) -> 98.251254 | K28: =COUNTA([24]Brewhouse!$A$914:$A$916) -> 3 | L28: =AVERAGE([24]Brewhouse!$AU$914:$AU$916) -> 98.251254 | M28: =AVERAGE([24]Brewhouse!$AU$102:$AU$171,[24]Brewhouse!$AU$173:$AU$253,[24]Brewhouse!$AU$255:$AU$339,[24]Brewhouse!$AU$341:$AU$346,[24]Brewhouse!$AU$348,[24]Brewhouse!$AU$349:$AU$406,[24]Brewhouse!$AU$408:$AU$491,[24]Brewhouse!$AU$493:$AU$578,[24]Brewhouse!$AU$580:$AU$652,[24]Brewhouse!$AU$655:$AU$738,[24]Brewhouse!$A$740:$A$821,[24]Brewhouse!$AU$823:$AU$862,[25]Brewhouse!$AS$420:$AS$423,[24]Brewhouse!$AU$867:$AU$912,[24]Brewhouse!$AU$914:$AU$916) -> 97.716575 | N28: 98 | R28: =B28 -> CARIB | S28: =VLOOKUP($B28,$R$3:$X$9,2,FALSE) -> 11.6 | T28: =VLOOKUP($B28,$R$3:$X$9,3,FALSE) -> 12 | U28: =VLOOKUP($B28,$R$3:$X$9,4,FALSE) -> 0 | V28: =VLOOKUP($B28,$R$3:$X$9,5,FALSE) -> 0.11805556 | W28: =VLOOKUP($B28,$R$3:$X$9,6,FALSE) -> 0.22569444 | X28: =VLOOKUP($B28,$R$3:$X$9,7,FALSE) -> 0.26388889 | Y28: =VLOOKUP($B28,$R$3:$Z$9,8,FALSE) -> 0 | Z28: =VLOOKUP($B28,$R$3:$Z$9,9,FALSE) -> 60
C29: =[24]Process!D867 -> 11.5 | I29: STAG | M29: =AVERAGE([25]Brewhouse!$AS$15:$AS$64,[25]Brewhouse!$AS$66:$AS$103,[25]Brewhouse!$AS$105:$AS$140,[25]Brewhouse!$AS$142:$AS$193,[25]Brewhouse!$AS$195:$AS$240,[25]Brewhouse!$AS$242:$AS$273,[25]Brewhouse!$AS$275:$AS$322,[25]Brewhouse!$AS$324:$AS$359,[25]Brewhouse!$AS$361:$AS$397,[25]Brewhouse!$AS$399:$AS$443) -> 97.924881 | N29: 98 | R29: =B29 -> 0 | S29: =VLOOKUP($B29,$R$3:$X$9,2,FALSE) -> #N/A | T29: =VLOOKUP($B29,$R$3:$X$9,3,FALSE) -> #N/A | U29: =VLOOKUP($B29,$R$3:$X$9,4,FALSE) -> #N/A | V29: =VLOOKUP($B29,$R$3:$X$9,5,FALSE) -> #N/A | W29: =VLOOKUP($B29,$R$3:$X$9,6,FALSE) -> #N/A | X29: =VLOOKUP($B29,$R$3:$X$9,7,FALSE) -> #N/A | Y29: =VLOOKUP($B29,$R$3:$Z$9,8,FALSE) -> #N/A | Z29: =VLOOKUP($B29,$R$3:$Z$9,9,FALSE) -> #N/A
C30: =[24]Process!D868 -> 11.6 | D30: 11.82 | I30: GUINNESS | M30: =AVERAGE([26]Brewhouse!$AU$4:$AU$7,[26]Brewhouse!$AU$9:$AU$22,[26]Brewhouse!$AU$24:$AU$35,[26]Brewhouse!$AU$37:$AU$45,[26]Brewhouse!$AU$47:$AU$62,[26]Brewhouse!$AU$64:$AU$79,[26]Brewhouse!$AU$81:$AU$92,[26]Brewhouse!$AU$94:$AU$97,[26]Brewhouse!$AU$99:$AU$106) -> 96.648781 | N30: 98 | R30: =B30 -> 0 | S30: =VLOOKUP($B30,$R$3:$X$9,2,FALSE) -> #N/A | T30: =VLOOKUP($B30,$R$3:$X$9,3,FALSE) -> #N/A | U30: =VLOOKUP($B30,$R$3:$X$9,4,FALSE) -> #N/A | V30: =VLOOKUP($B30,$R$3:$X$9,5,FALSE) -> #N/A | W30: =VLOOKUP($B30,$R$3:$X$9,6,FALSE) -> #N/A | X30: =VLOOKUP($B30,$R$3:$X$9,7,FALSE) -> #N/A | Y30: =VLOOKUP($B30,$R$3:$Z$9,8,FALSE) -> #N/A | Z30: =VLOOKUP($B30,$R$3:$Z$9,9,FALSE) -> #N/A
C31: =[24]Process!D869 -> 11.7 | I31: VITAMALT | J31: =AVERAGE(I10:I15) -> 98.707451 | K31: =COUNTA([23]Brewhouse!$A$97:$A$104) -> 8 | L31: =AVERAGE([23]Brewhouse!$AV$97:$AV$104) -> 98.419138 | M31: =AVERAGE([23]Brewhouse!$AV$5:$AV$14,[23]Brewhouse!$AV$16:$AV$19,[23]Brewhouse!$AV$21:$AV$24,[23]Brewhouse!$AV$26:$AV$33,[23]Brewhouse!$AV$35:$AV$46,[23]Brewhouse!$AV$48:$AV$53,[23]Brewhouse!$AV$55:$AV$62,[23]Brewhouse!$AV$64:$AV$77,[23]Brewhouse!$AV$79:$AV$86,[23]Brewhouse!$AV$88:$AV$95,[23]Brewhouse!$AV$97:$AV$104) -> 98.270381 | N31: 98 | R31: =B31 -> 0 | S31: =VLOOKUP($B31,$R$3:$X$9,2,FALSE) -> #N/A | T31: =VLOOKUP($B31,$R$3:$X$9,3,FALSE) -> #N/A | U31: =VLOOKUP($B31,$R$3:$X$9,4,FALSE) -> #N/A | V31: =VLOOKUP($B31,$R$3:$X$9,5,FALSE) -> #N/A | W31: =VLOOKUP($B31,$R$3:$X$9,6,FALSE) -> #N/A | X31: =VLOOKUP($B31,$R$3:$X$9,7,FALSE) -> #N/A | Y31: =VLOOKUP($B31,$R$3:$Z$9,8,FALSE) -> #N/A | Z31: =VLOOKUP($B31,$R$3:$Z$9,9,FALSE) -> #N/A
C32: =[24]Process!D870 -> 11.7 | D32: 11.81 | I32: MAXIMALT | N32: 98 | R32: =B32 -> 0 | S32: =VLOOKUP($B32,$R$3:$X$9,2,FALSE) -> #N/A | T32: =VLOOKUP($B32,$R$3:$X$9,3,FALSE) -> #N/A | U32: =VLOOKUP($B32,$R$3:$X$9,4,FALSE) -> #N/A | V32: =VLOOKUP($B32,$R$3:$X$9,5,FALSE) -> #N/A | W32: =VLOOKUP($B32,$R$3:$X$9,6,FALSE) -> #N/A | X32: =VLOOKUP($B32,$R$3:$X$9,7,FALSE) -> #N/A | Y32: =VLOOKUP($B32,$R$3:$Z$9,8,FALSE) -> #N/A | Z32: =VLOOKUP($B32,$R$3:$Z$9,9,FALSE) -> #N/A
I33: MACKESON | M33: =AVERAGE([27]Brewhouse!$AT$4:$AT$11,[27]Brewhouse!$AT$13:$AT$16,[27]Brewhouse!$AT$18:$AT$21,[27]Brewhouse!$AT$26,[27]Brewhouse!$AT$28:$AT$35) -> 94.794664 | N33: 98 | R33: =B33 -> 0 | S33: =VLOOKUP($B33,$R$3:$X$9,2,FALSE) -> #N/A | T33: =VLOOKUP($B33,$R$3:$X$9,3,FALSE) -> #N/A | U33: =VLOOKUP($B33,$R$3:$X$9,4,FALSE) -> #N/A | V33: =VLOOKUP($B33,$R$3:$X$9,5,FALSE) -> #N/A | W33: =VLOOKUP($B33,$R$3:$X$9,6,FALSE) -> #N/A | X33: =VLOOKUP($B33,$R$3:$X$9,7,FALSE) -> #N/A | Y33: =VLOOKUP($B33,$R$3:$Z$9,8,FALSE) -> #N/A | Z33: =VLOOKUP($B33,$R$3:$Z$9,9,FALSE) -> #N/A
I34: STARMALT | K34: =COUNTA([22]Brewhouse!$A$94:$A$97) -> 4 | L34: =AVERAGE([22]Brewhouse!$AY$94:$AY$97) -> 95.326768 | M34: =AVERAGE([22]Brewhouse!$AY$6:$AY$13,[22]Brewhouse!$AY$15:$AY$20,[22]Brewhouse!$AY$22:$AY$29,[22]Brewhouse!$AY$31:$AY$34,[22]Brewhouse!$AY$36:$AY$43,[22]Brewhouse!$AY$45:$AY$50, [22]Brewhouse!$AY$56:$AY$73,[22]Brewhouse!$AY$75:$AY$92,[22]Brewhouse!$AY$94:$AY$97) -> 97.370193 | N34: 98 | R34: =B34 -> 0 | S34: =VLOOKUP($B34,$R$3:$X$9,2,FALSE) -> #N/A | T34: =VLOOKUP($B34,$R$3:$X$9,3,FALSE) -> #N/A | U34: =VLOOKUP($B34,$R$3:$X$9,4,FALSE) -> #N/A | V34: =VLOOKUP($B34,$R$3:$X$9,5,FALSE) -> #N/A | W34: =VLOOKUP($B34,$R$3:$X$9,6,FALSE) -> #N/A | X34: =VLOOKUP($B34,$R$3:$X$9,7,FALSE) -> #N/A | Y34: =VLOOKUP($B34,$R$3:$Z$9,8,FALSE) -> #N/A | Z34: =VLOOKUP($B34,$R$3:$Z$9,9,FALSE) -> #N/A
I35: HR- Pils | M35: =AVERAGE([28]Brewhouse!$AU$5:$AU$8,[28]Brewhouse!$AU$10:$AU$13,[22]Brewhouse!$AY$75:$AY$77) -> 94.749192 | N35: 98 | R35: =B35 -> 0 | S35: =VLOOKUP($B35,$R$3:$X$9,2,FALSE) -> #N/A | T35: =VLOOKUP($B35,$R$3:$X$9,3,FALSE) -> #N/A | U35: =VLOOKUP($B35,$R$3:$X$9,4,FALSE) -> #N/A | V35: =VLOOKUP($B35,$R$3:$X$9,5,FALSE) -> #N/A | W35: =VLOOKUP($B35,$R$3:$X$9,6,FALSE) -> #N/A | X35: =VLOOKUP($B35,$R$3:$X$9,7,FALSE) -> #N/A | Y35: =VLOOKUP($B35,$R$3:$Z$9,8,FALSE) -> #N/A | Z35: =VLOOKUP($B35,$R$3:$Z$9,9,FALSE) -> #N/A
I36: HR- IPA | M36: =AVERAGE([29]Brewhouse!$AW$26:$AW$27) -> 95.310681 | N36: 98 | R36: =B36 -> 0 | S36: =VLOOKUP($B36,$R$3:$X$9,2,FALSE) -> #N/A | T36: =VLOOKUP($B36,$R$3:$X$9,3,FALSE) -> #N/A | U36: =VLOOKUP($B36,$R$3:$X$9,4,FALSE) -> #N/A | V36: =VLOOKUP($B36,$R$3:$X$9,5,FALSE) -> #N/A | W36: =VLOOKUP($B36,$R$3:$X$9,6,FALSE) -> #N/A | X36: =VLOOKUP($B36,$R$3:$X$9,7,FALSE) -> #N/A | Y36: =VLOOKUP($B36,$R$3:$Z$9,8,FALSE) -> #N/A | Z36: =VLOOKUP($B36,$R$3:$Z$9,9,FALSE) -> #N/A
I37: HR- APA | M37: =AVERAGE([30]Brewhouse!$AU$13:$AU$14) -> 97.110575 | N37: 98 | R37: =B37 -> 0 | S37: =VLOOKUP($B37,$R$3:$X$9,2,FALSE) -> #N/A | T37: =VLOOKUP($B37,$R$3:$X$9,3,FALSE) -> #N/A | U37: =VLOOKUP($B37,$R$3:$X$9,4,FALSE) -> #N/A | V37: =VLOOKUP($B37,$R$3:$X$9,5,FALSE) -> #N/A | W37: =VLOOKUP($B37,$R$3:$X$9,6,FALSE) -> #N/A | X37: =VLOOKUP($B37,$R$3:$X$9,7,FALSE) -> #N/A | Y37: =VLOOKUP($B37,$R$3:$Z$9,8,FALSE) -> #N/A | Z37: =VLOOKUP($B37,$R$3:$Z$9,9,FALSE) -> #N/A
K38: =SUM(K28:K37) -> 15 | L38: =((L28*K28)+(L29*K29)+(L30*K30)+(L31*K31)+(L32*K32)+(K35*L35)+(L33*K33)+(L34*K34)+(L37*K37))/(K38) -> 97.560929 | M38: =AVERAGE('[31]Jan 31st'!$L$65,'[32]Feb 28th'!$L$35,'[33]Mar. 31st'!$L$35,'[34]Apr. 30th'!$L$45,'[35]May 30th'!$L$37,'[36]June 30th'!$L$57,'[37]July 29th '!$L$44,'[38]Aug 29th'!$L$29,'[39]Sept 30th'!$L$35,L38) -> 97.574043 | N38: 98 | R38: =B38 -> 0 | S38: =VLOOKUP($B38,$R$3:$X$9,2,FALSE) -> #N/A | T38: =VLOOKUP($B38,$R$3:$X$9,3,FALSE) -> #N/A | U38: =VLOOKUP($B38,$R$3:$X$9,4,FALSE) -> #N/A | V38: =VLOOKUP($B38,$R$3:$X$9,5,FALSE) -> #N/A | W38: =VLOOKUP($B38,$R$3:$X$9,6,FALSE) -> #N/A | X38: =VLOOKUP($B38,$R$3:$X$9,7,FALSE) -> #N/A | Y38: =VLOOKUP($B38,$R$3:$Z$9,8,FALSE) -> #N/A | Z38: =VLOOKUP($B38,$R$3:$Z$9,9,FALSE) -> #N/A
R39: =B39 -> 0 | S39: =VLOOKUP($B39,$R$3:$X$9,2,FALSE) -> #N/A | T39: =VLOOKUP($B39,$R$3:$X$9,3,FALSE) -> #N/A | U39: =VLOOKUP($B39,$R$3:$X$9,4,FALSE) -> #N/A | V39: =VLOOKUP($B39,$R$3:$X$9,5,FALSE) -> #N/A | W39: =VLOOKUP($B39,$R$3:$X$9,6,FALSE) -> #N/A | X39: =VLOOKUP($B39,$R$3:$X$9,7,FALSE) -> #N/A | Y39: =VLOOKUP($B39,$R$3:$Z$9,8,FALSE) -> #N/A | Z39: =VLOOKUP($B39,$R$3:$Z$9,9,FALSE) -> #N/A
B40: =I34 -> STARMALT | C40: =[22]Process!D93 -> 17.2 | D40: 17.18 | J40: Daily Brewing Plan
C41: =[22]Process!D94 -> 17.2 | J41: Brand | K41: Brews Achieved | L41: Average Brews per day
C42: =[22]Process!D95 -> 17.2 | D42: 17.2 | J42: CARIB | K42: 3 | L42: MTD | M42: YTD | N42: TARGET
C43: =[22]Process!D96 -> 17.2 | J43: STAG | L43: =AVERAGE('Nov 4th'!K52,Nov.3rd!K52) -> 7.5 | M43: =AVERAGE('[31]Jan 29th '!$M$70,'[32]Feb 28th'!$L$40,'[33]Mar. 31st'!$L$40,'[34]Apr. 30th'!$L$50,'[35]May 30th'!$L$42,'[36]June 30th'!$L$62,'[37]July 29th '!$L$49,'[38]Aug 29th'!$L$34,'[39]Sept 30th'!$L$40,[40]Oct.31st!$L$43,L43) -> 7.1029733 | N43: 9.2
J44: GUINN
J45: VITAMALT | K45: 6
J46: STARMALT
J47: MACKESON
J48: HURRICANE REEF- IPA
J49: HURRICANE REEF- APA
B50: AVERAGE | D50: =AVERAGE(D28:E49) -> 13.956 | J50: HR- PILSNER
C51: =[25]Process!D419 -> 11.9 | J51: CARIBE
J52: Total | K52: =SUM(K42:K51) -> 9
B53: Process: | C53: Fermentation/Filtration
B55: Brand | C55: Filt. Date | D55: FV Hls | E55: GFE/ Prim/ Vita Blend (Hls) | F55: SV Hls | G55: BBT Hls | H55: Loss (%) Ferm | I55: Loss (%) Filt | J55: Comments | K55: Throughput | L55: Process Loss (%) | M55: Filt. Operator
AB56: 43474 | AC56: 43475 | AD56: 43476 | AE56: 43477 | AF56: 43478 | AG56: 43479 | AH56: 43480 | AI56: 43481 | AJ56: 43482 | AK56: 43483 | AL56: 43484 | AM56: 43485 | AN56: 43486 | AO56: 43487 | AP56: 43488 | AQ56: 43489 | AR56: 43490 | AS56: 43491 | AT56: 43492 | AU56: 43493 | AV56: 43494 | AW56: 43495 | AX56: 43496
B57: =J42 -> CARIB | C57: 45965 | D57: =[41]November_2025!$G$3 -> 261.5 | G57: =[41]November_2025!$G$7 -> 239.8 | J57: 2 SBF | K57: =[42]November_2025!$G$18 -> 0.28046784 | L57: =(((D57+E57)-G57)/(D57+E57))*100 -> 8.2982792 | M57: J. Charles | AB57: =[20]January_2019!L7 -> 285.8 | AC57: =[20]January_2019!M7 -> 508.1 | AD57: =[20]January_2019!N7 -> 0 | AE57: =[20]January_2019!O7 -> 0 | AF57: =[20]January_2019!P7 -> 109.56667 | AG57: =[20]January_2019!Q7 -> 297.65 | AH57: =[20]January_2019!R7 -> 122.3 | AI57: =[20]January_2019!S7 -> 0 | ... AX57: =[20]January_2019!AH7 -> 0
B59: =B74 -> STARMALT | C59: 45965 | D59: =[41]November_2025!$G$55 -> 201.3 | G59: =[41]November_2025!$G$59 -> #REF! | J59: NO SBF | K59: =[42]November_2025!$G$53 -> #REF! | L59: =(((D59+E59)-G59)/(D59+E59))*100 -> #REF! | M59: D. Emery
B66: Process Loss (Volume) | G66: Process Loss (Extract) | K66: Throughput
B67: Brand | C67: Actual | D67: MTD | E67: YTD | F67: Target | G67: Actual | H67: MTD | I67: YTD | J67: Target | K67: Actual | L67: MTD | M67: YTD | N67: Target
B68: CARIB | C68: =L57 -> 8.2982792 | D68: 5.6319231 | E68: 6.0605327 | F68: 4.8 | G68: =[41]November_2025!$G$11 -> 7.4734885 | H68: 7.4734885 | I68: 6.0781747 | J68: 4.8 | K68: =K57 -> 0.28046784 | L68: 0.28046784 | M68: 0.70199764 | N68: 1
B69: STAG | E69: 5.7508357 | F69: 4.8 | I69: 5.4723507 | J69: 4.8 | M69: 0.6457193 | N69: 1
B70: GUINN | E70: 11.019085 | F70: 5.5 | I70: 12.668713 | J70: 5.5 | M70: 0.49234992 | N70: 1
B71: VITAMALT | E71: 4.7048283 | F71: 3.3 | I71: 4.4829345 | J71: 3.3 | M71: 0.78235276 | N71: 1
B72: APA | E72: 7.8373016 | F72: 3.3 | I72: 5.3377569 | J72: 3 | M72: 0.32596491 | N72: 1
B73: MACKESON | E73: 6.8851328 | F73: =[21]May_2022!$M$43 -> 3.4878407 | I73: 8.6614709 | J73: 5.5 | M73: 0.73160819 | N73: 1
B74: STARMALT | C74: =L59 -> #REF! | D74: 2.6328862 | E74: 2.9297033 | F74: 3.3 | G74: =[41]November_2025!$G$63 -> #REF! | H74: 2.6328862 | I74: 4.2684292 | J74: 3.3 | K74: =K59 -> #REF! | L74: 0.6877193 | M74: 0.84660148 | N74: 1
B75: IPA | E75: 11.483254 | F75: 7.5 | I75: 9.7934336 | J75: 7.5 | M75: 0.3245614 | N75: 1
B76: HURRICANE REEF PILS | E76: 7.2653645 | F76: 4.8 | I76: 8.1715311 | J76: 4.8 | M76: 0.51368421 | N76: 1
D77: 4.9968441 | E77: 6.109942 | F77: 5.5 | H77: 4.8771397 | I77: 6.407601 | J77: 5.5 | L77: 0.48409357 | M77: 0.67598711 | N77: 1

Sheet Nov 5th
S1: P.G. | U1: Hot Time | W1: Process Time | Y1: Cooling Time
B2: Brewing Department Daily Process Loss Report | S2: Lower | T2: Upper | U2: Lower | V2: Upper | W2: Lower | X2: Upper | Y2: Lower | Z2: Upper
R3: CARIB | S3: 11.6 | T3: 12 | U3: 0 | V3: 0.11805556 | W3: 0.22569444 | X3: 0.26388889 | Y3: 0 | Z3: 60 | AB3: HR- PISNER
B4: Date: | C4: 45967 | J4: LOT WORT COLOUR: 3.3 | M4: Filter Sheets (Target 20 days) | R4: STAG | S4: 11.6 | T4: 12 | U4: 0 | V4: 0.11805556 | W4: 0.22569444 | X4: 0.26388889 | Y4: 0 | Z4: 60
M5: Double | N5: Single | R5: GUINNESS | S5: 17 | T5: 17.5 | U5: 0 | V5: 0.10763889 | W5: 0.24652778 | X5: 0.28472222 | Y5: 0 | Z5: 60
J6: MALT LOT: Lot #4 | L6: Sheet Day | R6: MACKESON | S6: 13.3 | T6: 13.5 | U6: 0 | V6: 0.12905093 | W6: 0.27430556 | X6: 0.30208333 | Y6: 0
R7: STARMALT | S7: 17 | T7: 17.4 | U7: 0 | V7: 0.13605324 | W7: 0.27430556 | X7: 0.30902778 | Y7: 0 | Z7: 85
B8: Brand | C8: Brew no. | D8: Kett. Hls | E8: Wort | F8: Cool Time(Mins) | G8: Cast. P.G. (Lab Result) | H8: Cast P.G. (Cellar Operator)-gravity | I8: Extr. Rec (77.9%) | J8: Theor. Extr. (77.5%) | K8: Boil Off /Vol. (4-6%) | L8: Boil Time | M8: Total Hot | N8: Brewing | O8: Operator | R8: Hurricane Reef | S8: 16.6 | T8: 17 | U8: 0 | V8: 0.12905093 | W8: 0.27430556 | X8: 0.30208333 | Y8: 0
E9: Meter (Hls) | F9: Target(< 60Mins) | M9: Time | R9: VITAMALT | S9: 14.2 | T9: 14.6 | U9: 0 | V9: 0.13905093 | W9: 0.26041667 | X9: 0.29513889 | Y9: 0 | Z9: 75
B10: CARIB | C10: =[24]Brewhouse!$A917 -> CA802 | D10: =[24]Brewhouse!$AF917 -> 51.6 | E10: =[24]Brewhouse!$AI917 -> 51.06 | F10: =[24]Brewhouse!$V917 -> 63 | G10: =[24]Brewhouse!AG917 -> 11.5 | H10: 11.4 | I10: =[24]Brewhouse!$AU917 -> 97.270715 | J10: =[24]Brewhouse!$AV917 -> 97.726524 | K10: =[24]Brewhouse!$Q917 -> 4 | L10: =[24]Brewhouse!$P917 -> 60 | M10: =[24]Brewhouse!$U917-[24]Brewhouse!$T917 -> 0.13263889 | N10: =[24]Brewhouse!$Z917 -> 0.25694444 | O10: =[24]Brewhouse!$AX917 -> K. Benjamin | R10: =B10 -> CARIB | S10: =VLOOKUP($B10,$R$3:$X$9,2,FALSE) -> 11.6 | T10: =VLOOKUP($B10,$R$3:$X$9,3,FALSE) -> 12 | U10: =VLOOKUP($B10,$R$3:$X$9,4,FALSE) -> 0 | V10: =VLOOKUP($B10,$R$3:$X$9,5,FALSE) -> 0.11805556 | W10: =VLOOKUP($B10,$R$3:$X$9,6,FALSE) -> 0.22569444 | X10: =VLOOKUP($B10,$R$3:$X$9,7,FALSE) -> 0.26388889 | Y10: =VLOOKUP($B10,$R$3:$Z$9,8,FALSE) -> 0 | Z10: =VLOOKUP($B10,$R$3:$Z$9,9,FALSE) -> 60
B11: CARIB | C11: =[24]Brewhouse!$A918 -> CA803 | D11: =[24]Brewhouse!$AF918 -> 52.7 | E11: =[24]Brewhouse!$AI918 -> 52 | F11: =[24]Brewhouse!$V918 -> 65 | G11: =[24]Brewhouse!AG918 -> 11.9 | H11: 11.8 | I11: =[24]Brewhouse!$AU918 -> 98.939207 | J11: =[24]Brewhouse!$AV918 -> 99.402872 | K11: =[24]Brewhouse!$Q918 -> 1.9245283 | L11: =[24]Brewhouse!$P918 -> 60 | M11: =[24]Brewhouse!$U918-[24]Brewhouse!$T918 -> 0.12986111 | N11: =[24]Brewhouse!$Z918 -> 0.25972222 | O11: =[24]Brewhouse!$AX918 -> K. Benjamin | R11: =B11 -> CARIB | S11: =VLOOKUP($B11,$R$3:$X$9,2,FALSE) -> 11.6 | T11: =VLOOKUP($B11,$R$3:$X$9,3,FALSE) -> 12 | U11: =VLOOKUP($B11,$R$3:$X$9,4,FALSE) -> 0 | V11: =VLOOKUP($B11,$R$3:$X$9,5,FALSE) -> 0.11805556 | W11: =VLOOKUP($B11,$R$3:$X$9,6,FALSE) -> 0.22569444 | X11: =VLOOKUP($B11,$R$3:$X$9,7,FALSE) -> 0.26388889 | Y11: =VLOOKUP($B11,$R$3:$Z$9,8,FALSE) -> 0 | Z11: =VLOOKUP($B11,$R$3:$Z$9,9,FALSE) -> 60
B12: CARIB | C12: =[24]Brewhouse!$A919 -> CA804 | D12: =[24]Brewhouse!$AF919 -> 53 | E12: =[24]Brewhouse!$AI919 -> 51.5 | F12: =[24]Brewhouse!$V919 -> 65 | G12: =[24]Brewhouse!AG919 -> 11.6 | H12: 11.6 | I12: =[24]Brewhouse!$AU919 -> 98.641911 | J12: =[24]Brewhouse!$AV919 -> 99.104257 | K12: =[24]Brewhouse!$Q919 -> 1.3584906 | L12: =[24]Brewhouse!$P919 -> 60 | M12: =[24]Brewhouse!$U919-[24]Brewhouse!$T919 -> 0.11180556 | N12: =[24]Brewhouse!$Z919 -> 0.26944444 | O12: =[24]Brewhouse!$AX919 -> R. Regis | R12: =B12 -> CARIB | S12: =VLOOKUP($B12,$R$3:$X$9,2,FALSE) -> 11.6 | T12: =VLOOKUP($B12,$R$3:$X$9,3,FALSE) -> 12 | U12: =VLOOKUP($B12,$R$3:$X$9,4,FALSE) -> 0 | V12: =VLOOKUP($B12,$R$3:$X$9,5,FALSE) -> 0.11805556 | W12: =VLOOKUP($B12,$R$3:$X$9,6,FALSE) -> 0.22569444 | X12: =VLOOKUP($B12,$R$3:$X$9,7,FALSE) -> 0.26388889 | Y12: =VLOOKUP($B12,$R$3:$Z$9,8,FALSE) -> 0 | Z12: =VLOOKUP($B12,$R$3:$Z$9,9,FALSE) -> 60
B13: CARIB | C13: =[24]Brewhouse!$A920 -> CA805 | D13: =[24]Brewhouse!$AF920 -> 50.9 | E13: =[24]Brewhouse!$AI920 -> 51.1 | F13: =[24]Brewhouse!$V920 -> 70 | G13: =[24]Brewhouse!AG920 -> 11.6 | H13: 11.6 | I13: =[24]Brewhouse!$AU920 -> 98.117301 | J13: =[24]Brewhouse!$AV920 -> 98.577115 | K13: =[24]Brewhouse!$Q920 -> 5.4990584 | L13: =[24]Brewhouse!$P920 -> 60 | M13: =[24]Brewhouse!$U920-[24]Brewhouse!$T920 -> 0.11805556 | N13: =[24]Brewhouse!$Z920 -> 0.25694444 | O13: =[24]Brewhouse!$AX920 -> R. Regis | R13: =B13 -> CARIB | S13: =VLOOKUP($B13,$R$3:$X$9,2,FALSE) -> 11.6 | T13: =VLOOKUP($B13,$R$3:$X$9,3,FALSE) -> 12 | U13: =VLOOKUP($B13,$R$3:$X$9,4,FALSE) -> 0 | V13: =VLOOKUP($B13,$R$3:$X$9,5,FALSE) -> 0.11805556 | W13: =VLOOKUP($B13,$R$3:$X$9,6,FALSE) -> 0.22569444 | X13: =VLOOKUP($B13,$R$3:$X$9,7,FALSE) -> 0.26388889 | Y13: =VLOOKUP($B13,$R$3:$Z$9,8,FALSE) -> 0 | Z13: =VLOOKUP($B13,$R$3:$Z$9,9,FALSE) -> 60
B14: CARIB | C14: =[24]Brewhouse!$A921 -> CA806 | D14: =[24]Brewhouse!$AF921 -> 51.7 | E14: =[24]Brewhouse!$AI921 -> 52.1 | F14: =[24]Brewhouse!$V921 -> 73 | G14: =[24]Brewhouse!AG921 -> 11.6 | H14: 11.7 | I14: =[24]Brewhouse!$AU921 -> 99.668457 | J14: =[24]Brewhouse!$AV921 -> 100.13565 | K14: =[24]Brewhouse!$Q921 -> 3.992467 | L14: =[24]Brewhouse!$P921 -> 60 | M14: =[24]Brewhouse!$U921-[24]Brewhouse!$T921 -> 0.12013889 | N14: =[24]Brewhouse!$Z921 -> 0.26527778 | O14: =[24]Brewhouse!$AX921 -> R. Regis | R14: =B14 -> CARIB | S14: =VLOOKUP($B14,$R$3:$X$9,2,FALSE) -> 11.6 | T14: =VLOOKUP($B14,$R$3:$X$9,3,FALSE) -> 12 | U14: =VLOOKUP($B14,$R$3:$X$9,4,FALSE) -> 0 | V14: =VLOOKUP($B14,$R$3:$X$9,5,FALSE) -> 0.11805556 | W14: =VLOOKUP($B14,$R$3:$X$9,6,FALSE) -> 0.22569444 | X14: =VLOOKUP($B14,$R$3:$X$9,7,FALSE) -> 0.26388889 | Y14: =VLOOKUP($B14,$R$3:$Z$9,8,FALSE) -> 0 | Z14: =VLOOKUP($B14,$R$3:$Z$9,9,FALSE) -> 60
B15: CARIB | C15: =[24]Brewhouse!$A922 -> CA807 | D15: =[24]Brewhouse!$AF922 -> 49.3 | E15: =[24]Brewhouse!$AI922 -> 47.2 | F15: =[24]Brewhouse!$V922 -> 68 | G15: =[24]Brewhouse!AG922 -> 11.9 | H15: 12 | I15: =[24]Brewhouse!$AU922 -> 92.753166 | J15: =[24]Brewhouse!$AV922 -> 93.187945 | K15: =[24]Brewhouse!$Q922 -> 8.5122411 | L15: =[24]Brewhouse!$P922 -> 61 | M15: =[24]Brewhouse!$U922-[24]Brewhouse!$T922 -> 0.11319444 | N15: =[24]Brewhouse!$Z922 -> 0.2375 | O15: =[24]Brewhouse!$AX922 -> R.Sookram | R15: =B15 -> CARIB | S15: =VLOOKUP($B15,$R$3:$X$9,2,FALSE) -> 11.6 | T15: =VLOOKUP($B15,$R$3:$X$9,3,FALSE) -> 12 | U15: =VLOOKUP($B15,$R$3:$X$9,4,FALSE) -> 0 | V15: =VLOOKUP($B15,$R$3:$X$9,5,FALSE) -> 0.11805556 | W15: =VLOOKUP($B15,$R$3:$X$9,6,FALSE) -> 0.22569444 | X15: =VLOOKUP($B15,$R$3:$X$9,7,FALSE) -> 0.26388889 | Y15: =VLOOKUP($B15,$R$3:$Z$9,8,FALSE) -> 0 | Z15: =VLOOKUP($B15,$R$3:$Z$9,9,FALSE) -> 60
B16: CARIB | C16: =[24]Brewhouse!$A923 -> CA808 | D16: =[24]Brewhouse!$AF923 -> 51 | E16: =[24]Brewhouse!$AI923 -> 49.2 | F16: =[24]Brewhouse!$V923 -> 62 | G16: =[24]Brewhouse!AG923 -> 11.8 | H16: 17 | I16: =[24]Brewhouse!$AU923 -> 95.829154 | J16: =[24]Brewhouse!$AV923 -> 96.278352 | K16: =[24]Brewhouse!$Q923 -> 5.3107345 | L16: =[24]Brewhouse!$P923 -> 58 | M16: =[24]Brewhouse!$U923-[24]Brewhouse!$T923 -> 0.10763889 | N16: =[24]Brewhouse!$Z923 -> 0.24513889 | O16: =[24]Brewhouse!$AX923 -> R.Sookram | R16: =B16 -> CARIB | S16: =VLOOKUP($B16,$R$3:$X$9,2,FALSE) -> 11.6 | T16: =VLOOKUP($B16,$R$3:$X$9,3,FALSE) -> 12 | U16: =VLOOKUP($B16,$R$3:$X$9,4,FALSE) -> 0 | V16: =VLOOKUP($B16,$R$3:$X$9,5,FALSE) -> 0.11805556 | W16: =VLOOKUP($B16,$R$3:$X$9,6,FALSE) -> 0.22569444 | X16: =VLOOKUP($B16,$R$3:$X$9,7,FALSE) -> 0.26388889 | Y16: =VLOOKUP($B16,$R$3:$Z$9,8,FALSE) -> 0 | Z16: =VLOOKUP($B16,$R$3:$Z$9,9,FALSE) -> 60
B17: CARIB | C17: =[24]Brewhouse!$A924 -> CA809 | D17: =[24]Brewhouse!$AF924 -> 51.2 | E17: =[24]Brewhouse!$AI924 -> 49.8 | F17: =[24]Brewhouse!$V924 -> 56 | G17: =[24]Brewhouse!AG924 -> 11.6 | H17: 11.8 | I17: =[24]Brewhouse!$AU924 -> 94.918437 | J17: =[24]Brewhouse!$AV924 -> 95.363472 | K17: =[24]Brewhouse!$Q924 -> 4.9340866 | L17: =[24]Brewhouse!$P924 -> 60 | M17: =[24]Brewhouse!$U924-[24]Brewhouse!$T924 -> 0.10208333 | N17: =[24]Brewhouse!$Z924 -> 0.24930556 | O17: =[24]Brewhouse!$AX924 -> R.Sookram | R17: =B17 -> CARIB | S17: =VLOOKUP($B17,$R$3:$X$9,2,FALSE) -> 11.6 | T17: =VLOOKUP($B17,$R$3:$X$9,3,FALSE) -> 12 | U17: =VLOOKUP($B17,$R$3:$X$9,4,FALSE) -> 0 | V17: =VLOOKUP($B17,$R$3:$X$9,5,FALSE) -> 0.11805556 | W17: =VLOOKUP($B17,$R$3:$X$9,6,FALSE) -> 0.22569444 | X17: =VLOOKUP($B17,$R$3:$X$9,7,FALSE) -> 0.26388889 | Y17: =VLOOKUP($B17,$R$3:$Z$9,8,FALSE) -> 0 | Z17: =VLOOKUP($B17,$R$3:$Z$9,9,FALSE) -> 60
B18: CARIB | C18: =[24]Brewhouse!$A925 -> CA810 | D18: =[24]Brewhouse!$AF925 -> 50.6 | E18: =[24]Brewhouse!$AI925 -> 51.3 | F18: =[24]Brewhouse!$V925 -> 59 | G18: =[24]Brewhouse!AG925 -> 12 | H18: 12 | I18: =[24]Brewhouse!$AU925 -> 101.20314 | J18: =[24]Brewhouse!$AV925 -> 101.67768 | K18: =[24]Brewhouse!$Q925 -> 7.0188679 | L18: =[24]Brewhouse!$P925 -> 59 | M18: =[24]Brewhouse!$U925-[24]Brewhouse!$T925 -> 0.11111111 | N18: =[24]Brewhouse!$Z925 -> 0.25416667 | O18: =[24]Brewhouse!$AX925 -> K. Benjamin | R18: =B18 -> CARIB | S18: =VLOOKUP($B18,$R$3:$X$9,2,FALSE) -> 11.6 | T18: =VLOOKUP($B18,$R$3:$X$9,3,FALSE) -> 12 | U18: =VLOOKUP($B18,$R$3:$X$9,4,FALSE) -> 0 | V18: =VLOOKUP($B18,$R$3:$X$9,5,FALSE) -> 0.11805556 | W18: =VLOOKUP($B18,$R$3:$X$9,6,FALSE) -> 0.22569444 | X18: =VLOOKUP($B18,$R$3:$X$9,7,FALSE) -> 0.26388889 | Y18: =VLOOKUP($B18,$R$3:$Z$9,8,FALSE) -> 0 | Z18: =VLOOKUP($B18,$R$3:$Z$9,9,FALSE) -> 60
B19: CARIB | C19: =[24]Brewhouse!$A926 -> CA811 | D19: =[24]Brewhouse!$AF926 -> 50.1 | E19: =[24]Brewhouse!$AI926 -> 49 | F19: =[24]Brewhouse!$V926 -> 60 | G19: =[24]Brewhouse!AG926 -> 11.7 | H19: 11.7 | I19: =[24]Brewhouse!$AU926 -> 94.010976 | J19: =[24]Brewhouse!$AV926 -> 94.451827 | K19: =[24]Brewhouse!$Q926 -> 6.8301887 | L19: =[24]Brewhouse!$P926 -> 59 | M19: =[24]Brewhouse!$U926-[24]Brewhouse!$T926 -> 0.11388889 | N19: =[24]Brewhouse!$Z926 -> 0.24444444 | O19: =[24]Brewhouse!$AX926 -> K. Benjamin | R19: =B19 -> CARIB | S19: =VLOOKUP($B19,$R$3:$X$9,2,FALSE) -> 11.6 | T19: =VLOOKUP($B19,$R$3:$X$9,3,FALSE) -> 12 | U19: =VLOOKUP($B19,$R$3:$X$9,4,FALSE) -> 0 | V19: =VLOOKUP($B19,$R$3:$X$9,5,FALSE) -> 0.11805556 | W19: =VLOOKUP($B19,$R$3:$X$9,6,FALSE) -> 0.22569444 | X19: =VLOOKUP($B19,$R$3:$X$9,7,FALSE) -> 0.26388889 | Y19: =VLOOKUP($B19,$R$3:$Z$9,8,FALSE) -> 0 | Z19: =VLOOKUP($B19,$R$3:$Z$9,9,FALSE) -> 60
R20: =B20 -> 0 | S20: =VLOOKUP($B20,$R$3:$X$9,2,FALSE) -> #N/A | T20: =VLOOKUP($B20,$R$3:$X$9,3,FALSE) -> #N/A | U20: =VLOOKUP($B20,$R$3:$X$9,4,FALSE) -> #N/A | V20: =VLOOKUP($B20,$R$3:$X$9,5,FALSE) -> #N/A | W20: =VLOOKUP($B20,$R$3:$X$9,6,FALSE) -> #N/A | X20: =VLOOKUP($B20,$R$3:$X$9,7,FALSE) -> #N/A | Y20: =VLOOKUP($B20,$R$3:$Z$9,8,FALSE) -> #N/A | Z20: =VLOOKUP($B20,$R$3:$Z$9,9,FALSE) -> #N/A
R21: =B21 -> 0 | S21: =VLOOKUP($B21,$R$3:$X$9,2,FALSE) -> #N/A | T21: =VLOOKUP($B21,$R$3:$X$9,3,FALSE) -> #N/A | U21: =VLOOKUP($B21,$R$3:$X$9,4,FALSE) -> #N/A | V21: =VLOOKUP($B21,$R$3:$X$9,5,FALSE) -> #N/A | W21: =VLOOKUP($B21,$R$3:$X$9,6,FALSE) -> #N/A | X21: =VLOOKUP($B21,$R$3:$X$9,7,FALSE) -> #N/A | Y21: =VLOOKUP($B21,$R$3:$Z$9,8,FALSE) -> #N/A | Z21: =VLOOKUP($B21,$R$3:$Z$9,9,FALSE) -> #N/A
R22: =B22 -> 0 | S22: =VLOOKUP($B22,$R$3:$X$9,2,FALSE) -> #N/A | T22: =VLOOKUP($B22,$R$3:$X$9,3,FALSE) -> #N/A | U22: =VLOOKUP($B22,$R$3:$X$9,4,FALSE) -> #N/A | V22: =VLOOKUP($B22,$R$3:$X$9,5,FALSE) -> #N/A | W22: =VLOOKUP($B22,$R$3:$X$9,6,FALSE) -> #N/A | X22: =VLOOKUP($B22,$R$3:$X$9,7,FALSE) -> #N/A | Y22: =VLOOKUP($B22,$R$3:$Z$9,8,FALSE) -> #N/A | Z22: =VLOOKUP($B22,$R$3:$Z$9,9,FALSE) -> #N/A
R23: =B23 -> 0 | S23: =VLOOKUP($B23,$R$3:$X$9,2,FALSE) -> #N/A | T23: =VLOOKUP($B23,$R$3:$X$9,3,FALSE) -> #N/A | U23: =VLOOKUP($B23,$R$3:$X$9,4,FALSE) -> #N/A | V23: =VLOOKUP($B23,$R$3:$X$9,5,FALSE) -> #N/A | W23: =VLOOKUP($B23,$R$3:$X$9,6,FALSE) -> #N/A | X23: =VLOOKUP($B23,$R$3:$X$9,7,FALSE) -> #N/A | Y23: =VLOOKUP($B23,$R$3:$Z$9,8,FALSE) -> #N/A | Z23: =VLOOKUP($B23,$R$3:$Z$9,9,FALSE) -> #N/A
R24: =B24 -> 0 | S24: =VLOOKUP($B24,$R$3:$X$9,2,FALSE) -> #N/A | T24: =VLOOKUP($B24,$R$3:$X$9,3,FALSE) -> #N/A | U24: =VLOOKUP($B24,$R$3:$X$9,4,FALSE) -> #N/A | V24: =VLOOKUP($B24,$R$3:$X$9,5,FALSE) -> #N/A | W24: =VLOOKUP($B24,$R$3:$X$9,6,FALSE) -> #N/A | X24: =VLOOKUP($B24,$R$3:$X$9,7,FALSE) -> #N/A | Y24: =VLOOKUP($B24,$R$3:$Z$9,8,FALSE) -> #N/A | Z24: =VLOOKUP($B24,$R$3:$Z$9,9,FALSE) -> #N/A
R25: =B25 -> 0 | S25: =VLOOKUP($B25,$R$3:$X$9,2,FALSE) -> #N/A | T25: =VLOOKUP($B25,$R$3:$X$9,3,FALSE) -> #N/A | U25: =VLOOKUP($B25,$R$3:$X$9,4,FALSE) -> #N/A | V25: =VLOOKUP($B25,$R$3:$X$9,5,FALSE) -> #N/A | W25: =VLOOKUP($B25,$R$3:$X$9,6,FALSE) -> #N/A | X25: =VLOOKUP($B25,$R$3:$X$9,7,FALSE) -> #N/A | Y25: =VLOOKUP($B25,$R$3:$Z$9,8,FALSE) -> #N/A | Z25: =VLOOKUP($B25,$R$3:$Z$9,9,FALSE) -> #N/A
B26: BRAND | D26: BBT P.G./ O.G | I26: Brand | K26: MTD No. of Brews | L26: MTD | M26: YTD | N26: Target | R26: =B26 -> BRAND | S26: =VLOOKUP($B26,$R$3:$X$9,2,FALSE) -> #N/A | T26: =VLOOKUP($B26,$R$3:$X$9,3,FALSE) -> #N/A | U26: =VLOOKUP($B26,$R$3:$X$9,4,FALSE) -> #N/A | V26: =VLOOKUP($B26,$R$3:$X$9,5,FALSE) -> #N/A | W26: =VLOOKUP($B26,$R$3:$X$9,6,FALSE) -> #N/A | X26: =VLOOKUP($B26,$R$3:$X$9,7,FALSE) -> #N/A | Y26: =VLOOKUP($B26,$R$3:$Z$9,8,FALSE) -> #N/A | Z26: =VLOOKUP($B26,$R$3:$Z$9,9,FALSE) -> #N/A
B27: =I28 -> STAG | C27: =[25]Process!D424 -> 11.8 | D27: 12.06 | I27: CARIB | J27: =AVERAGE(I10:I20) -> 97.135247 | K27: =COUNTA([24]Brewhouse!$A$914:$A$926) -> 13 | L27: =AVERAGE([24]Brewhouse!$AU$914:$AU$926) -> 97.392787 | M27: =AVERAGE([24]Brewhouse!$AU$102:$AU$171,[24]Brewhouse!$AU$173:$AU$253,[24]Brewhouse!$AU$255:$AU$339,[24]Brewhouse!$AU$341:$AU$346,[24]Brewhouse!$AU$348,[24]Brewhouse!$AU$349:$AU$406,[24]Brewhouse!$AU$408:$AU$491,[24]Brewhouse!$AU$493:$AU$578,[24]Brewhouse!$AU$580:$AU$652,[24]Brewhouse!$AU$655:$AU$738,[24]Brewhouse!$A$740:$A$821,[24]Brewhouse!$AU$823:$AU$862,[25]Brewhouse!$AS$420:$AS$423,[24]Brewhouse!$AU$867:$AU$912,[24]Brewhouse!$AU$914:$AU$926) -> 97.708622 | N27: 98 | R27: =B27 -> STAG | S27: =VLOOKUP($B27,$R$3:$X$9,2,FALSE) -> 11.6 | T27: =VLOOKUP($B27,$R$3:$X$9,3,FALSE) -> 12 | U27: =VLOOKUP($B27,$R$3:$X$9,4,FALSE) -> 0 | V27: =VLOOKUP($B27,$R$3:$X$9,5,FALSE) -> 0.11805556 | W27: =VLOOKUP($B27,$R$3:$X$9,6,FALSE) -> 0.22569444 | X27: =VLOOKUP($B27,$R$3:$X$9,7,FALSE) -> 0.26388889 | Y27: =VLOOKUP($B27,$R$3:$Z$9,8,FALSE) -> 0 | Z27: =VLOOKUP($B27,$R$3:$Z$9,9,FALSE) -> 60
C28: =[25]Process!D425 -> 11.9 | I28: STAG | M28: =AVERAGE([25]Brewhouse!$AS$15:$AS$64,[25]Brewhouse!$AS$66:$AS$103,[25]Brewhouse!$AS$105:$AS$140,[25]Brewhouse!$AS$142:$AS$193,[25]Brewhouse!$AS$195:$AS$240,[25]Brewhouse!$AS$242:$AS$273,[25]Brewhouse!$AS$275:$AS$322,[25]Brewhouse!$AS$324:$AS$359,[25]Brewhouse!$AS$361:$AS$397,[25]Brewhouse!$AS$399:$AS$443) -> 97.924881 | N28: 98 | R28: =B28 -> 0 | S28: =VLOOKUP($B28,$R$3:$X$9,2,FALSE) -> #N/A | T28: =VLOOKUP($B28,$R$3:$X$9,3,FALSE) -> #N/A | U28: =VLOOKUP($B28,$R$3:$X$9,4,FALSE) -> #N/A | V28: =VLOOKUP($B28,$R$3:$X$9,5,FALSE) -> #N/A | W28: =VLOOKUP($B28,$R$3:$X$9,6,FALSE) -> #N/A | X28: =VLOOKUP($B28,$R$3:$X$9,7,FALSE) -> #N/A | Y28: =VLOOKUP($B28,$R$3:$Z$9,8,FALSE) -> #N/A | Z28: =VLOOKUP($B28,$R$3:$Z$9,9,FALSE) -> #N/A
C29: =[25]Process!D426 -> 11.9 | D29: 11.92 | I29: GUINNESS | M29: =AVERAGE([26]Brewhouse!$AU$4:$AU$7,[26]Brewhouse!$AU$9:$AU$22,[26]Brewhouse!$AU$24:$AU$35,[26]Brewhouse!$AU$37:$AU$45,[26]Brewhouse!$AU$47:$AU$62,[26]Brewhouse!$AU$64:$AU$79,[26]Brewhouse!$AU$81:$AU$92,[26]Brewhouse!$AU$94:$AU$97,[26]Brewhouse!$AU$99:$AU$106) -> 96.648781 | N29: 98 | R29: =B29 -> 0 | S29: =VLOOKUP($B29,$R$3:$X$9,2,FALSE) -> #N/A | T29: =VLOOKUP($B29,$R$3:$X$9,3,FALSE) -> #N/A | U29: =VLOOKUP($B29,$R$3:$X$9,4,FALSE) -> #N/A | V29: =VLOOKUP($B29,$R$3:$X$9,5,FALSE) -> #N/A | W29: =VLOOKUP($B29,$R$3:$X$9,6,FALSE) -> #N/A | X29: =VLOOKUP($B29,$R$3:$X$9,7,FALSE) -> #N/A | Y29: =VLOOKUP($B29,$R$3:$Z$9,8,FALSE) -> #N/A | Z29: =VLOOKUP($B29,$R$3:$Z$9,9,FALSE) -> #N/A
C30: =[25]Process!D427 -> 11.8 | I30: VITAMALT | K30: =COUNTA([23]Brewhouse!$A$97:$A$104) -> 8 | L30: =AVERAGE([23]Brewhouse!$AV$97:$AV$104) -> 98.419138 | M30: =AVERAGE([23]Brewhouse!$AV$5:$AV$14,[23]Brewhouse!$AV$16:$AV$19,[23]Brewhouse!$AV$21:$AV$24,[23]Brewhouse!$AV$26:$AV$33,[23]Brewhouse!$AV$35:$AV$46,[23]Brewhouse!$AV$48:$AV$53,[23]Brewhouse!$AV$55:$AV$62,[23]Brewhouse!$AV$64:$AV$77,[23]Brewhouse!$AV$79:$AV$86,[23]Brewhouse!$AV$88:$AV$95,[23]Brewhouse!$AV$97:$AV$104) -> 98.270381 | N30: 98 | R30: =B30 -> 0 | S30: =VLOOKUP($B30,$R$3:$X$9,2,FALSE) -> #N/A | T30: =VLOOKUP($B30,$R$3:$X$9,3,FALSE) -> #N/A | U30: =VLOOKUP($B30,$R$3:$X$9,4,FALSE) -> #N/A | V30: =VLOOKUP($B30,$R$3:$X$9,5,FALSE) -> #N/A | W30: =VLOOKUP($B30,$R$3:$X$9,6,FALSE) -> #N/A | X30: =VLOOKUP($B30,$R$3:$X$9,7,FALSE) -> #N/A | Y30: =VLOOKUP($B30,$R$3:$Z$9,8,FALSE) -> #N/A | Z30: =VLOOKUP($B30,$R$3:$Z$9,9,FALSE) -> #N/A
C31: =[25]Process!D428 -> 11.8 | D31: 12.01 | I31: MAXIMALT | N31: 98 | R31: =B31 -> 0 | S31: =VLOOKUP($B31,$R$3:$X$9,2,FALSE) -> #N/A | T31: =VLOOKUP($B31,$R$3:$X$9,3,FALSE) -> #N/A | U31: =VLOOKUP($B31,$R$3:$X$9,4,FALSE) -> #N/A | V31: =VLOOKUP($B31,$R$3:$X$9,5,FALSE) -> #N/A | W31: =VLOOKUP($B31,$R$3:$X$9,6,FALSE) -> #N/A | X31: =VLOOKUP($B31,$R$3:$X$9,7,FALSE) -> #N/A | Y31: =VLOOKUP($B31,$R$3:$Z$9,8,FALSE) -> #N/A | Z31: =VLOOKUP($B31,$R$3:$Z$9,9,FALSE) -> #N/A
C32: =[25]Process!D429 -> 12.2 | I32: MACKESON | M32: =AVERAGE([27]Brewhouse!$AT$4:$AT$11,[27]Brewhouse!$AT$13:$AT$16,[27]Brewhouse!$AT$18:$AT$21,[27]Brewhouse!$AT$26,[27]Brewhouse!$AT$28:$AT$35) -> 94.794664 | N32: 98 | R32: =B32 -> 0 | S32: =VLOOKUP($B32,$R$3:$X$9,2,FALSE) -> #N/A | T32: =VLOOKUP($B32,$R$3:$X$9,3,FALSE) -> #N/A | U32: =VLOOKUP($B32,$R$3:$X$9,4,FALSE) -> #N/A | V32: =VLOOKUP($B32,$R$3:$X$9,5,FALSE) -> #N/A | W32: =VLOOKUP($B32,$R$3:$X$9,6,FALSE) -> #N/A | X32: =VLOOKUP($B32,$R$3:$X$9,7,FALSE) -> #N/A | Y32: =VLOOKUP($B32,$R$3:$Z$9,8,FALSE) -> #N/A | Z32: =VLOOKUP($B32,$R$3:$Z$9,9,FALSE) -> #N/A
C33: =[25]Process!D430 -> 12 | D33: 12 | I33: STARMALT | K33: =COUNTA([22]Brewhouse!$A$94:$A$97) -> 4 | L33: =AVERAGE([22]Brewhouse!$AY$94:$AY$97) -> 95.326768 | M33: =AVERAGE([22]Brewhouse!$AY$6:$AY$13,[22]Brewhouse!$AY$15:$AY$20,[22]Brewhouse!$AY$22:$AY$29,[22]Brewhouse!$AY$31:$AY$34,[22]Brewhouse!$AY$36:$AY$43,[22]Brewhouse!$AY$45:$AY$50, [22]Brewhouse!$AY$56:$AY$73,[22]Brewhouse!$AY$75:$AY$92,[22]Brewhouse!$AY$94:$AY$97) -> 97.370193 | N33: 98 | R33: =B33 -> 0 | S33: =VLOOKUP($B33,$R$3:$X$9,2,FALSE) -> #N/A | T33: =VLOOKUP($B33,$R$3:$X$9,3,FALSE) -> #N/A | U33: =VLOOKUP($B33,$R$3:$X$9,4,FALSE) -> #N/A | V33: =VLOOKUP($B33,$R$3:$X$9,5,FALSE) -> #N/A | W33: =VLOOKUP($B33,$R$3:$X$9,6,FALSE) -> #N/A | X33: =VLOOKUP($B33,$R$3:$X$9,7,FALSE) -> #N/A | Y33: =VLOOKUP($B33,$R$3:$Z$9,8,FALSE) -> #N/A | Z33: =VLOOKUP($B33,$R$3:$Z$9,9,FALSE) -> #N/A
C34: =[25]Process!D431 -> 11.7 | I34: HR- Pils | M34: =AVERAGE([28]Brewhouse!$AU$5:$AU$8,[28]Brewhouse!$AU$10:$AU$13,[22]Brewhouse!$AY$75:$AY$77) -> 94.749192 | N34: 98 | R34: =B34 -> 0 | S34: =VLOOKUP($B34,$R$3:$X$9,2,FALSE) -> #N/A | T34: =VLOOKUP($B34,$R$3:$X$9,3,FALSE) -> #N/A | U34: =VLOOKUP($B34,$R$3:$X$9,4,FALSE) -> #N/A | V34: =VLOOKUP($B34,$R$3:$X$9,5,FALSE) -> #N/A | W34: =VLOOKUP($B34,$R$3:$X$9,6,FALSE) -> #N/A | X34: =VLOOKUP($B34,$R$3:$X$9,7,FALSE) -> #N/A | Y34: =VLOOKUP($B34,$R$3:$Z$9,8,FALSE) -> #N/A | Z34: =VLOOKUP($B34,$R$3:$Z$9,9,FALSE) -> #N/A
C35: =[25]Process!D432 -> 11.8 | D35: 12.06 | I35: HR- IPA | M35: =AVERAGE([29]Brewhouse!$AW$26:$AW$27) -> 95.310681 | N35: 98 | R35: =B35 -> 0 | S35: =VLOOKUP($B35,$R$3:$X$9,2,FALSE) -> #N/A | T35: =VLOOKUP($B35,$R$3:$X$9,3,FALSE) -> #N/A | U35: =VLOOKUP($B35,$R$3:$X$9,4,FALSE) -> #N/A | V35: =VLOOKUP($B35,$R$3:$X$9,5,FALSE) -> #N/A | W35: =VLOOKUP($B35,$R$3:$X$9,6,FALSE) -> #N/A | X35: =VLOOKUP($B35,$R$3:$X$9,7,FALSE) -> #N/A | Y35: =VLOOKUP($B35,$R$3:$Z$9,8,FALSE) -> #N/A | Z35: =VLOOKUP($B35,$R$3:$Z$9,9,FALSE) -> #N/A
C36: =[25]Process!D433 -> 11.8 | I36: HR- APA | M36: =AVERAGE([30]Brewhouse!$AU$13:$AU$14) -> 97.110575 | N36: 98 | R36: =B36 -> 0 | S36: =VLOOKUP($B36,$R$3:$X$9,2,FALSE) -> #N/A | T36: =VLOOKUP($B36,$R$3:$X$9,3,FALSE) -> #N/A | U36: =VLOOKUP($B36,$R$3:$X$9,4,FALSE) -> #N/A | V36: =VLOOKUP($B36,$R$3:$X$9,5,FALSE) -> #N/A | W36: =VLOOKUP($B36,$R$3:$X$9,6,FALSE) -> #N/A | X36: =VLOOKUP($B36,$R$3:$X$9,7,FALSE) -> #N/A | Y36: =VLOOKUP($B36,$R$3:$Z$9,8,FALSE) -> #N/A | Z36: =VLOOKUP($B36,$R$3:$Z$9,9,FALSE) -> #N/A
C37: =[25]Process!D434 -> 12 | D37: 12.06 | K37: =SUM(K27:K36) -> 25 | L37: =((L27*K27)+(L28*K28)+(L29*K29)+(L30*K30)+(L31*K31)+(K34*L34)+(L32*K32)+(L33*K33)+(L36*K36))/(K37) -> 97.390656 | M37: =AVERAGE('[31]Jan 31st'!$L$65,'[32]Feb 28th'!$L$35,'[33]Mar. 31st'!$L$35,'[34]Apr. 30th'!$L$45,'[35]May 30th'!$L$37,'[36]June 30th'!$L$57,'[37]July 29th '!$L$44,'[38]Aug 29th'!$L$29,'[39]Sept 30th'!$L$35,L37) -> 97.557016 | N37: 98 | R37: =B37 -> 0 | S37: =VLOOKUP($B37,$R$3:$X$9,2,FALSE) -> #N/A | T37: =VLOOKUP($B37,$R$3:$X$9,3,FALSE) -> #N/A | U37: =VLOOKUP($B37,$R$3:$X$9,4,FALSE) -> #N/A | V37: =VLOOKUP($B37,$R$3:$X$9,5,FALSE) -> #N/A | W37: =VLOOKUP($B37,$R$3:$X$9,6,FALSE) -> #N/A | X37: =VLOOKUP($B37,$R$3:$X$9,7,FALSE) -> #N/A | Y37: =VLOOKUP($B37,$R$3:$Z$9,8,FALSE) -> #N/A | Z37: =VLOOKUP($B37,$R$3:$Z$9,9,FALSE) -> #N/A
C38: =[25]Process!D435 -> 11.7 | R38: =B38 -> 0 | S38: =VLOOKUP($B38,$R$3:$X$9,2,FALSE) -> #N/A | T38: =VLOOKUP($B38,$R$3:$X$9,3,FALSE) -> #N/A | U38: =VLOOKUP($B38,$R$3:$X$9,4,FALSE) -> #N/A | V38: =VLOOKUP($B38,$R$3:$X$9,5,FALSE) -> #N/A | W38: =VLOOKUP($B38,$R$3:$X$9,6,FALSE) -> #N/A | X38: =VLOOKUP($B38,$R$3:$X$9,7,FALSE) -> #N/A | Y38: =VLOOKUP($B38,$R$3:$Z$9,8,FALSE) -> #N/A | Z38: =VLOOKUP($B38,$R$3:$Z$9,9,FALSE) -> #N/A
J39: Daily Brewing Plan
J40: Brand | K40: Brews Achieved | L40: Average Brews per day
J41: CARIB | K41: 10 | L41: MTD | M41: YTD | N41: TARGET
J42: STAG | L42: =AVERAGE('Nov 5th'!K51,'Nov 4th'!K52,Nov.3rd!K52) -> 8.3333333 | M42: =AVERAGE('[31]Jan 29th '!$M$70,'[32]Feb 28th'!$L$40,'[33]Mar. 31st'!$L$40,'[34]Apr. 30th'!$L$50,'[35]May 30th'!$L$42,'[36]June 30th'!$L$62,'[37]July 29th '!$L$49,'[38]Aug 29th'!$L$34,'[39]Sept 30th'!$L$40,[40]Oct.31st!$L$43,L42) -> 7.1787309 | N42: 9.2
J43: GUINN
J44: VITAMALT
J45: STARMALT
J46: MACKESON
J47: HURRICANE REEF- IPA
J48: HURRICANE REEF- APA
B49: AVERAGE | J49: HR- PILSNER
J50: CARIBE
J51: Total | K51: =SUM(K41:K50) -> 10
B52: Process: | C52: Fermentation/Filtration
B54: Brand | C54: Filt. Date | D54: FV Hls | E54: GFE/ Prim/ Vita Blend (Hls) | F54: SV Hls | G54: BBT Hls | H54: Loss (%) Ferm | I54: Loss (%) Filt | J54: Comments | K54: Throughput | L54: Process Loss (%) | M54: Filt. Operator
AB55: 43474 | AC55: 43475 | AD55: 43476 | AE55: 43477 | AF55: 43478 | AG55: 43479 | AH55: 43480 | AI55: 43481 | AJ55: 43482 | AK55: 43483 | AL55: 43484 | AM55: 43485 | AN55: 43486 | AO55: 43487 | AP55: 43488 | AQ55: 43489 | AR55: 43490 | AS55: 43491 | AT55: 43492 | AU55: 43493 | AV55: 43494 | AW55: 43495 | AX55: 43496
B56: =J42 -> STAG | C56: 45966 | D56: =[41]November_2025!$H$13 -> 586.4 | F56: =SUM([43]STAG!$L$10:$L$21) -> 577.48544 | G56: =[41]November_2025!$H$17 -> 556.1 | J56: 3 SBF | K56: =[42]November_2025!$H$25 -> 0.48780702 | L56: =(((D56+E56)-G56)/(D56+E56))*100 -> 5.1671214 | M56: D. Emery | AB56: =[20]January_2019!L7 -> 285.8 | AC56: =[20]January_2019!M7 -> 508.1 | AD56: =[20]January_2019!N7 -> 0 | AE56: =[20]January_2019!O7 -> 0 | AF56: =[20]January_2019!P7 -> 109.56667 | AG56: =[20]January_2019!Q7 -> 297.65 | AH56: =[20]January_2019!R7 -> 122.3 | AI56: =[20]January_2019!S7 -> 0 | ... AX56: =[20]January_2019!AH7 -> 0
C58: 45966 | L58: =(((D58+E58)-G58)/(D58+E58))*100 -> #DIV/0!
B65: Process Loss (Volume) | G65: Process Loss (Extract) | K65: Throughput
B66: Brand | C66: Actual | D66: MTD | E66: YTD | F66: Target | G66: Actual | H66: MTD | I66: YTD | J66: Target | K66: Actual | L66: MTD | M66: YTD | N66: Target
B67: CARIB | D67: 5.6319231 | E67: 6.0605327 | F67: 4.8 | H67: 7.4734885 | I67: 6.0781747 | J67: 4.8 | L67: 0.28046784 | M67: 0.70199764 | N67: 1
B68: STAG | C68: =L56 -> 5.1671214 | D68: 5.1671214 | E68: 5.7344697 | F68: 4.8 | G68: =[41]November_2025!$H$21 -> 3.8690868 | H68: 3.8690868 | I68: 6.3491978 | J68: 4.8 | K68: =K56 -> 0.48780702 | L68: 0.48780702 | M68: 0.65340261 | N68: 1
B69: GUINN | E69: 11.019085 | F69: 5.5 | I69: 12.668713 | J69: 5.5 | M69: 0.49234992 | N69: 1
B70: VITAMALT | E70: 4.7048283 | F70: 3.3 | I70: 4.4829345 | J70: 3.3 | M70: 0.78235276 | N70: 1
B71: APA | E71: 7.8373016 | F71: 3.3 | I71: 5.3377569 | J71: 3 | M71: 0.32596491 | N71: 1
B72: MACKESON | E72: 6.8851328 | F72: =[21]May_2022!$M$43 -> 3.4878407 | I72: 8.6614709 | J72: 5.5 | M72: 0.73160819 | N72: 1
B73: STARMALT | D73: 2.6328862 | E73: 2.9297033 | F73: 3.3 | H73: 2.6328862 | I73: 4.2684292 | J73: 3.3 | L73: 0.6877193 | M73: 0.84660148 | N73: 1
B74: IPA | E74: 11.483254 | F74: 7.5 | I74: 9.7934336 | J74: 7.5 | M74: 0.3245614 | N74: 1
B75: HURRICANE REEF PILS | E75: 7.2653645 | F75: 4.8 | I75: 8.1715311 | J75: 4.8 | M75: 0.51368421 | N75: 1
D76: 5.0618087 | E76: 6.1027889 | F76: 5.5 | H76: 4.3594279 | I76: 6.6199915 | J76: 5.5 | L76: 0.48533138 | M76: 0.67806335 | N76: 1

Sheet Nov 6th 
S1: P.G. | U1: Hot Time | W1: Process Time | Y1: Cooling Time
B2: Brewing Department Daily Process Loss Report | S2: Lower | T2: Upper | U2: Lower | V2: Upper | W2: Lower | X2: Upper | Y2: Lower | Z2: Upper
R3: CARIB | S3: 11.6 | T3: 12 | U3: 0 | V3: 0.11805556 | W3: 0.22569444 | X3: 0.26388889 | Y3: 0 | Z3: 60 | AB3: HR- PISNER
B4: Date: | C4: 45968 | J4: LOT WORT COLOUR: 3.3 | M4: Filter Sheets (Target 20 days) | R4: STAG | S4: 11.6 | T4: 12 | U4: 0 | V4: 0.11805556 | W4: 0.22569444 | X4: 0.26388889 | Y4: 0 | Z4: 60
M5: Double | N5: Single | R5: GUINNESS | S5: 17 | T5: 17.5 | U5: 0 | V5: 0.10763889 | W5: 0.24652778 | X5: 0.28472222 | Y5: 0 | Z5: 60
J6: MALT LOT: Lot #4 | L6: Sheet Day | R6: MACKESON | S6: 13.3 | T6: 13.5 | U6: 0 | V6: 0.12905093 | W6: 0.27430556 | X6: 0.30208333 | Y6: 0
R7: STARMALT | S7: 17 | T7: 17.4 | U7: 0 | V7: 0.13605324 | W7: 0.27430556 | X7: 0.30902778 | Y7: 0 | Z7: 85
B8: Brand | C8: Brew no. | D8: Kett. Hls | E8: Wort | F8: Cool Time(Mins) | G8: Cast. P.G. (Lab Result) | H8: Cast P.G. (Cellar Operator)-gravity | I8: Extr. Rec (77.9%) | J8: Theor. Extr. (77.5%) | K8: Boil Off /Vol. (4-6%) | L8: Boil Time | M8: Total Hot | N8: Brewing | O8: Operator | R8: Hurricane Reef | S8: 16.6 | T8: 17 | U8: 0 | V8: 0.12905093 | W8: 0.27430556 | X8: 0.30208333 | Y8: 0
E9: Meter (Hls) | F9: Target(< 60Mins) | M9: Time | R9: VITAMALT | S9: 14.2 | T9: 14.6 | U9: 0 | V9: 0.13905093 | W9: 0.26041667 | X9: 0.29513889 | Y9: 0 | Z9: 75
B10: CARIB | C10: =[24]Brewhouse!$A927 -> CA812 | D10: =[24]Brewhouse!$AF927 -> 50.1 | E10: =[24]Brewhouse!$AI927 -> 50.1 | F10: =[24]Brewhouse!$V927 -> 60 | G10: =[24]Brewhouse!AG927 -> 11.7 | H10: 11.7 | I10: =[24]Brewhouse!$AU927 -> 96.712269 | J10: =[24]Brewhouse!$AV927 -> 97.165607 | K10: =[24]Brewhouse!$Q927 -> 6.8301887 | L10: =[24]Brewhouse!$P927 -> 60 | M10: =[24]Brewhouse!$U927-[24]Brewhouse!$T927 -> 0.1125 | N10: =[24]Brewhouse!$Z927 -> 0.24097222 | O10: =[24]Brewhouse!$AX927 -> K. Benjamin | R10: =B10 -> CARIB | S10: =VLOOKUP($B10,$R$3:$X$9,2,FALSE) -> 11.6 | T10: =VLOOKUP($B10,$R$3:$X$9,3,FALSE) -> 12 | U10: =VLOOKUP($B10,$R$3:$X$9,4,FALSE) -> 0 | V10: =VLOOKUP($B10,$R$3:$X$9,5,FALSE) -> 0.11805556 | W10: =VLOOKUP($B10,$R$3:$X$9,6,FALSE) -> 0.22569444 | X10: =VLOOKUP($B10,$R$3:$X$9,7,FALSE) -> 0.26388889 | Y10: =VLOOKUP($B10,$R$3:$Z$9,8,FALSE) -> 0 | Z10: =VLOOKUP($B10,$R$3:$Z$9,9,FALSE) -> 60
B11: CARIB | C11: =[24]Brewhouse!$A928 -> CA813 | D11: =[24]Brewhouse!$AF928 -> 52.2 | E11: =[24]Brewhouse!$AI928 -> 50.8 | F11: =[24]Brewhouse!$V928 -> 63 | G11: =[24]Brewhouse!AG928 -> 11.6 | H11: 11.7 | I11: =[24]Brewhouse!$AU928 -> 96.824429 | J11: =[24]Brewhouse!$AV928 -> 97.278402 | K11: =[24]Brewhouse!$Q928 -> 2.8679245 | L11: =[24]Brewhouse!$P928 -> 60 | M11: =[24]Brewhouse!$U928-[24]Brewhouse!$T928 -> 0.10972222 | N11: =[24]Brewhouse!$Z928 -> 0.25 | O11: =[24]Brewhouse!$AX928 -> R. Regis | R11: =B11 -> CARIB | S11: =VLOOKUP($B11,$R$3:$X$9,2,FALSE) -> 11.6 | T11: =VLOOKUP($B11,$R$3:$X$9,3,FALSE) -> 12 | U11: =VLOOKUP($B11,$R$3:$X$9,4,FALSE) -> 0 | V11: =VLOOKUP($B11,$R$3:$X$9,5,FALSE) -> 0.11805556 | W11: =VLOOKUP($B11,$R$3:$X$9,6,FALSE) -> 0.22569444 | X11: =VLOOKUP($B11,$R$3:$X$9,7,FALSE) -> 0.26388889 | Y11: =VLOOKUP($B11,$R$3:$Z$9,8,FALSE) -> 0 | Z11: =VLOOKUP($B11,$R$3:$Z$9,9,FALSE) -> 60
B12: CARIB | C12: =[24]Brewhouse!$A929 -> CA814 | D12: =[24]Brewhouse!$AF929 -> 49 | E12: =[24]Brewhouse!$AI929 -> 49.8 | F12: =[24]Brewhouse!$V929 -> 61 | G12: =[24]Brewhouse!AG929 -> 11.5 | H12: 11.7 | I12: =[24]Brewhouse!$AU929 -> 94.636544 | J12: =[24]Brewhouse!$AV929 -> 95.080081 | K12: =[24]Brewhouse!$Q929 -> 9.0772128 | L12: =[24]Brewhouse!$P929 -> 61 | M12: =[24]Brewhouse!$U929-[24]Brewhouse!$T929 -> 0.11527778 | N12: =[24]Brewhouse!$Z929 -> 0.28888889 | O12: =[24]Brewhouse!$AX929 -> R. Regis | P12: awaiting skip removal | R12: =B12 -> CARIB | S12: =VLOOKUP($B12,$R$3:$X$9,2,FALSE) -> 11.6 | T12: =VLOOKUP($B12,$R$3:$X$9,3,FALSE) -> 12 | U12: =VLOOKUP($B12,$R$3:$X$9,4,FALSE) -> 0 | V12: =VLOOKUP($B12,$R$3:$X$9,5,FALSE) -> 0.11805556 | W12: =VLOOKUP($B12,$R$3:$X$9,6,FALSE) -> 0.22569444 | X12: =VLOOKUP($B12,$R$3:$X$9,7,FALSE) -> 0.26388889 | Y12: =VLOOKUP($B12,$R$3:$Z$9,8,FALSE) -> 0 | Z12: =VLOOKUP($B12,$R$3:$Z$9,9,FALSE) -> 60
B13: CARIB | C13: =[24]Brewhouse!$A930 -> CA815 | D13: =[24]Brewhouse!$AF930 -> 49.9 | E13: =[24]Brewhouse!$AI930 -> 50.7 | F13: =[24]Brewhouse!$V930 -> 62 | G13: =[24]Brewhouse!AG930 -> 11.6 | H13: 11.5 | I13: =[24]Brewhouse!$AU930 -> 97.109609 | J13: =[24]Brewhouse!$AV930 -> 97.564773 | K13: =[24]Brewhouse!$Q930 -> 7.3822976 | L13: =[24]Brewhouse!$P930 -> 62 | M13: =[24]Brewhouse!$U930-[24]Brewhouse!$T930 -> 0.11597222 | N13: =[24]Brewhouse!$Z930 -> 0.26666667 | O13: =[24]Brewhouse!$AX930 -> R. Regis | R13: =B13 -> CARIB | S13: =VLOOKUP($B13,$R$3:$X$9,2,FALSE) -> 11.6 | T13: =VLOOKUP($B13,$R$3:$X$9,3,FALSE) -> 12 | U13: =VLOOKUP($B13,$R$3:$X$9,4,FALSE) -> 0 | V13: =VLOOKUP($B13,$R$3:$X$9,5,FALSE) -> 0.11805556 | W13: =VLOOKUP($B13,$R$3:$X$9,6,FALSE) -> 0.22569444 | X13: =VLOOKUP($B13,$R$3:$X$9,7,FALSE) -> 0.26388889 | Y13: =VLOOKUP($B13,$R$3:$Z$9,8,FALSE) -> 0 | Z13: =VLOOKUP($B13,$R$3:$Z$9,9,FALSE) -> 60
B14: CARIB | C14: =[24]Brewhouse!$A931 -> CA816 | D14: =[24]Brewhouse!$AF931 -> 52.5 | E14: =[24]Brewhouse!$AI931 -> 50.9 | F14: =[24]Brewhouse!$V931 -> 63 | G14: =[24]Brewhouse!AG931 -> 11.7 | H14: 11.8 | I14: =[24]Brewhouse!$AU931 -> 97.537123 | J14: =[24]Brewhouse!$AV931 -> 97.994545 | K14: =[24]Brewhouse!$Q931 -> 2.4858757 | L14: =[24]Brewhouse!$P931 -> 57 | M14: =[24]Brewhouse!$U931-[24]Brewhouse!$T931 -> 0.10486111 | N14: =[24]Brewhouse!$Z931 -> 0.25138889 | O14: =[24]Brewhouse!$AX931 -> R.Sookram | R14: =B14 -> CARIB | S14: =VLOOKUP($B14,$R$3:$X$9,2,FALSE) -> 11.6 | T14: =VLOOKUP($B14,$R$3:$X$9,3,FALSE) -> 12 | U14: =VLOOKUP($B14,$R$3:$X$9,4,FALSE) -> 0 | V14: =VLOOKUP($B14,$R$3:$X$9,5,FALSE) -> 0.11805556 | W14: =VLOOKUP($B14,$R$3:$X$9,6,FALSE) -> 0.22569444 | X14: =VLOOKUP($B14,$R$3:$X$9,7,FALSE) -> 0.26388889 | Y14: =VLOOKUP($B14,$R$3:$Z$9,8,FALSE) -> 0 | Z14: =VLOOKUP($B14,$R$3:$Z$9,9,FALSE) -> 60
B15: CARIB | C15: =[24]Brewhouse!$A932 -> CA817 | D15: =[24]Brewhouse!$AF932 -> 52.7 | E15: =[24]Brewhouse!$AI932 -> 50.8 | F15: =[24]Brewhouse!$V932 -> 71 | G15: =[24]Brewhouse!AG932 -> 11.7 | H15: 11.7 | I15: =[24]Brewhouse!$AU932 -> 97.345498 | J15: =[24]Brewhouse!$AV932 -> 97.802021 | K15: =[24]Brewhouse!$Q932 -> 2.1092279 | L15: =[24]Brewhouse!$P932 -> 57 | M15: =[24]Brewhouse!$U932-[24]Brewhouse!$T932 -> 0.11111111 | N15: =[24]Brewhouse!$Z932 -> 0.24166667 | O15: =[24]Brewhouse!$AX932 -> R.Sookram | R15: =B15 -> CARIB | S15: =VLOOKUP($B15,$R$3:$X$9,2,FALSE) -> 11.6 | T15: =VLOOKUP($B15,$R$3:$X$9,3,FALSE) -> 12 | U15: =VLOOKUP($B15,$R$3:$X$9,4,FALSE) -> 0 | V15: =VLOOKUP($B15,$R$3:$X$9,5,FALSE) -> 0.11805556 | W15: =VLOOKUP($B15,$R$3:$X$9,6,FALSE) -> 0.22569444 | X15: =VLOOKUP($B15,$R$3:$X$9,7,FALSE) -> 0.26388889 | Y15: =VLOOKUP($B15,$R$3:$Z$9,8,FALSE) -> 0 | Z15: =VLOOKUP($B15,$R$3:$Z$9,9,FALSE) -> 60
B16: CARIB | C16: =[24]Brewhouse!$A933 -> CA818 | D16: =[24]Brewhouse!$AF933 -> 52.7 | E16: =[24]Brewhouse!$AI933 -> 51.8 | F16: =[24]Brewhouse!$V933 -> 65 | G16: =[24]Brewhouse!AG933 -> 11.6 | H16: 11.6 | I16: =[24]Brewhouse!$AU933 -> 98.36896 | J16: =[24]Brewhouse!$AV933 -> 98.830284 | K16: =[24]Brewhouse!$Q933 -> 2.1092279 | L16: =[24]Brewhouse!$P933 -> 57 | M16: =[24]Brewhouse!$U933-[24]Brewhouse!$T933 -> 0.10625 | N16: =[24]Brewhouse!$Z933 -> 0.25277778 | O16: =[24]Brewhouse!$AX933 -> R.Sookram | R16: =B16 -> CARIB | S16: =VLOOKUP($B16,$R$3:$X$9,2,FALSE) -> 11.6 | T16: =VLOOKUP($B16,$R$3:$X$9,3,FALSE) -> 12 | U16: =VLOOKUP($B16,$R$3:$X$9,4,FALSE) -> 0 | V16: =VLOOKUP($B16,$R$3:$X$9,5,FALSE) -> 0.11805556 | W16: =VLOOKUP($B16,$R$3:$X$9,6,FALSE) -> 0.22569444 | X16: =VLOOKUP($B16,$R$3:$X$9,7,FALSE) -> 0.26388889 | Y16: =VLOOKUP($B16,$R$3:$Z$9,8,FALSE) -> 0 | Z16: =VLOOKUP($B16,$R$3:$Z$9,9,FALSE) -> 60
B17: CARIB | C17: =[24]Brewhouse!$A934 -> CA819 | D17: =[24]Brewhouse!$AF934 -> 49.7 | E17: =[24]Brewhouse!$AI934 -> 48.9 | F17: =[24]Brewhouse!$V934 -> 60 | G17: =[24]Brewhouse!AG934 -> 11.6 | H17: 11.5 | I17: =[24]Brewhouse!$AU934 -> 93.893073 | J17: =[24]Brewhouse!$AV934 -> 94.33309 | K17: =[24]Brewhouse!$Q934 -> 10.415094 | L17: =[24]Brewhouse!$P934 -> 60 | M17: =[24]Brewhouse!$U934-[24]Brewhouse!$T934 -> 0.1125 | N17: =[24]Brewhouse!$Z934 -> 0.23680556 | O17: =[24]Brewhouse!$AX934 -> K. Benjamin | R17: =B17 -> CARIB | S17: =VLOOKUP($B17,$R$3:$X$9,2,FALSE) -> 11.6 | T17: =VLOOKUP($B17,$R$3:$X$9,3,FALSE) -> 12 | U17: =VLOOKUP($B17,$R$3:$X$9,4,FALSE) -> 0 | V17: =VLOOKUP($B17,$R$3:$X$9,5,FALSE) -> 0.11805556 | W17: =VLOOKUP($B17,$R$3:$X$9,6,FALSE) -> 0.22569444 | X17: =VLOOKUP($B17,$R$3:$X$9,7,FALSE) -> 0.26388889 | Y17: =VLOOKUP($B17,$R$3:$Z$9,8,FALSE) -> 0 | Z17: =VLOOKUP($B17,$R$3:$Z$9,9,FALSE) -> 60
B18: CARIB | C18: =[24]Brewhouse!$A935 -> CA820 | D18: =[24]Brewhouse!$AF935 -> 52.2 | E18: =[24]Brewhouse!$AI935 -> 50.5 | F18: =[24]Brewhouse!$V935 -> 53 | G18: =[24]Brewhouse!AG935 -> 11.7 | H18: 11.6 | I18: =[24]Brewhouse!$AU935 -> 97.845287 | J18: =[24]Brewhouse!$AV935 -> 98.303825 | K18: =[24]Brewhouse!$Q935 -> 2.8679245 | L18: =[24]Brewhouse!$P935 -> 58 | M18: =[24]Brewhouse!$U935-[24]Brewhouse!$T935 -> 0.10763889 | N18: =[24]Brewhouse!$Z935 -> 0.24305556 | O18: =[24]Brewhouse!$AX935 -> K. Benjamin | R18: =B18 -> CARIB | S18: =VLOOKUP($B18,$R$3:$X$9,2,FALSE) -> 11.6 | T18: =VLOOKUP($B18,$R$3:$X$9,3,FALSE) -> 12 | U18: =VLOOKUP($B18,$R$3:$X$9,4,FALSE) -> 0 | V18: =VLOOKUP($B18,$R$3:$X$9,5,FALSE) -> 0.11805556 | W18: =VLOOKUP($B18,$R$3:$X$9,6,FALSE) -> 0.22569444 | X18: =VLOOKUP($B18,$R$3:$X$9,7,FALSE) -> 0.26388889 | Y18: =VLOOKUP($B18,$R$3:$Z$9,8,FALSE) -> 0 | Z18: =VLOOKUP($B18,$R$3:$Z$9,9,FALSE) -> 60
B19: 45968
B20: CARIB | C20: =[24]Brewhouse!$A936 -> CA821 | D20: =[24]Brewhouse!$AF936 -> 49.1 | E20: =[24]Brewhouse!$AI936 -> 49.8 | F20: =[24]Brewhouse!$V936 -> 56 | G20: =[24]Brewhouse!AG936 -> 11.8 | H20: 11.7 | I20: =[24]Brewhouse!$AU936 -> 96.997802 | J20: =[24]Brewhouse!$AV936 -> 97.452478 | K20: =[24]Brewhouse!$Q936 -> 8.7169811 | L20: =[24]Brewhouse!$P936 -> 60 | M20: =[24]Brewhouse!$U936-[24]Brewhouse!$T936 -> 0.11319444 | N20: =[24]Brewhouse!$Z936 -> 0.26111111 | O20: =[24]Brewhouse!$AX936 -> K. Benjamin | R20: =B20 -> CARIB | S20: =VLOOKUP($B20,$R$3:$X$9,2,FALSE) -> 11.6 | T20: =VLOOKUP($B20,$R$3:$X$9,3,FALSE) -> 12 | U20: =VLOOKUP($B20,$R$3:$X$9,4,FALSE) -> 0 | V20: =VLOOKUP($B20,$R$3:$X$9,5,FALSE) -> 0.11805556 | W20: =VLOOKUP($B20,$R$3:$X$9,6,FALSE) -> 0.22569444 | X20: =VLOOKUP($B20,$R$3:$X$9,7,FALSE) -> 0.26388889 | Y20: =VLOOKUP($B20,$R$3:$Z$9,8,FALSE) -> 0 | Z20: =VLOOKUP($B20,$R$3:$Z$9,9,FALSE) -> 60
R21: =B21 -> 0 | S21: =VLOOKUP($B21,$R$3:$X$9,2,FALSE) -> #N/A | T21: =VLOOKUP($B21,$R$3:$X$9,3,FALSE) -> #N/A | U21: =VLOOKUP($B21,$R$3:$X$9,4,FALSE) -> #N/A | V21: =VLOOKUP($B21,$R$3:$X$9,5,FALSE) -> #N/A | W21: =VLOOKUP($B21,$R$3:$X$9,6,FALSE) -> #N/A | X21: =VLOOKUP($B21,$R$3:$X$9,7,FALSE) -> #N/A | Y21: =VLOOKUP($B21,$R$3:$Z$9,8,FALSE) -> #N/A | Z21: =VLOOKUP($B21,$R$3:$Z$9,9,FALSE) -> #N/A
R22: =B22 -> 0 | S22: =VLOOKUP($B22,$R$3:$X$9,2,FALSE) -> #N/A | T22: =VLOOKUP($B22,$R$3:$X$9,3,FALSE) -> #N/A | U22: =VLOOKUP($B22,$R$3:$X$9,4,FALSE) -> #N/A | V22: =VLOOKUP($B22,$R$3:$X$9,5,FALSE) -> #N/A | W22: =VLOOKUP($B22,$R$3:$X$9,6,FALSE) -> #N/A | X22: =VLOOKUP($B22,$R$3:$X$9,7,FALSE) -> #N/A | Y22: =VLOOKUP($B22,$R$3:$Z$9,8,FALSE) -> #N/A | Z22: =VLOOKUP($B22,$R$3:$Z$9,9,FALSE) -> #N/A
R23: =B23 -> 0 | S23: =VLOOKUP($B23,$R$3:$X$9,2,FALSE) -> #N/A | T23: =VLOOKUP($B23,$R$3:$X$9,3,FALSE) -> #N/A | U23: =VLOOKUP($B23,$R$3:$X$9,4,FALSE) -> #N/A | V23: =VLOOKUP($B23,$R$3:$X$9,5,FALSE) -> #N/A | W23: =VLOOKUP($B23,$R$3:$X$9,6,FALSE) -> #N/A | X23: =VLOOKUP($B23,$R$3:$X$9,7,FALSE) -> #N/A | Y23: =VLOOKUP($B23,$R$3:$Z$9,8,FALSE) -> #N/A | Z23: =VLOOKUP($B23,$R$3:$Z$9,9,FALSE) -> #N/A
R24: =B24 -> 0 | S24: =VLOOKUP($B24,$R$3:$X$9,2,FALSE) -> #N/A | T24: =VLOOKUP($B24,$R$3:$X$9,3,FALSE) -> #N/A | U24: =VLOOKUP($B24,$R$3:$X$9,4,FALSE) -> #N/A | V24: =VLOOKUP($B24,$R$3:$X$9,5,FALSE) -> #N/A | W24: =VLOOKUP($B24,$R$3:$X$9,6,FALSE) -> #N/A | X24: =VLOOKUP($B24,$R$3:$X$9,7,FALSE) -> #N/A | Y24: =VLOOKUP($B24,$R$3:$Z$9,8,FALSE) -> #N/A | Z24: =VLOOKUP($B24,$R$3:$Z$9,9,FALSE) -> #N/A
R25: =B25 -> 0 | S25: =VLOOKUP($B25,$R$3:$X$9,2,FALSE) -> #N/A | T25: =VLOOKUP($B25,$R$3:$X$9,3,FALSE) -> #N/A | U25: =VLOOKUP($B25,$R$3:$X$9,4,FALSE) -> #N/A | V25: =VLOOKUP($B25,$R$3:$X$9,5,FALSE) -> #N/A | W25: =VLOOKUP($B25,$R$3:$X$9,6,FALSE) -> #N/A | X25: =VLOOKUP($B25,$R$3:$X$9,7,FALSE) -> #N/A | Y25: =VLOOKUP($B25,$R$3:$Z$9,8,FALSE) -> #N/A | Z25: =VLOOKUP($B25,$R$3:$Z$9,9,FALSE) -> #N/A
R26: =B26 -> 0 | S26: =VLOOKUP($B26,$R$3:$X$9,2,FALSE) -> #N/A | T26: =VLOOKUP($B26,$R$3:$X$9,3,FALSE) -> #N/A | U26: =VLOOKUP($B26,$R$3:$X$9,4,FALSE) -> #N/A | V26: =VLOOKUP($B26,$R$3:$X$9,5,FALSE) -> #N/A | W26: =VLOOKUP($B26,$R$3:$X$9,6,FALSE) -> #N/A | X26: =VLOOKUP($B26,$R$3:$X$9,7,FALSE) -> #N/A | Y26: =VLOOKUP($B26,$R$3:$Z$9,8,FALSE) -> #N/A | Z26: =VLOOKUP($B26,$R$3:$Z$9,9,FALSE) -> #N/A
B27: BRAND | D27: BBT P.G./ O.G | I27: Brand | K27: MTD No. of Brews | L27: MTD | M27: YTD | N27: Target | R27: =B27 -> BRAND | S27: =VLOOKUP($B27,$R$3:$X$9,2,FALSE) -> #N/A | T27: =VLOOKUP($B27,$R$3:$X$9,3,FALSE) -> #N/A | U27: =VLOOKUP($B27,$R$3:$X$9,4,FALSE) -> #N/A | V27: =VLOOKUP($B27,$R$3:$X$9,5,FALSE) -> #N/A | W27: =VLOOKUP($B27,$R$3:$X$9,6,FALSE) -> #N/A | X27: =VLOOKUP($B27,$R$3:$X$9,7,FALSE) -> #N/A | Y27: =VLOOKUP($B27,$R$3:$Z$9,8,FALSE) -> #N/A | Z27: =VLOOKUP($B27,$R$3:$Z$9,9,FALSE) -> #N/A
B28: =I31 -> VITAMALT | C28: {=[23]Process!$D$97:$D$104} -> 14.1 | D28: 16.28 | I28: CARIB | J28: =AVERAGE(I10:I18) -> 96.696977 | K28: =COUNTA([24]Brewhouse!$A$914:$A$935) -> 22 | L28: =AVERAGE([24]Brewhouse!$AU$914:$AU$935) -> 97.108137 | M28: =AVERAGE([24]Brewhouse!$AU$102:$AU$171,[24]Brewhouse!$AU$173:$AU$253,[24]Brewhouse!$AU$255:$AU$339,[24]Brewhouse!$AU$341:$AU$346,[24]Brewhouse!$AU$348,[24]Brewhouse!$AU$349:$AU$406,[24]Brewhouse!$AU$408:$AU$491,[24]Brewhouse!$AU$493:$AU$578,[24]Brewhouse!$AU$580:$AU$652,[24]Brewhouse!$AU$655:$AU$738,[24]Brewhouse!$A$740:$A$821,[24]Brewhouse!$AU$823:$AU$862,[25]Brewhouse!$AS$420:$AS$423,[24]Brewhouse!$AU$867:$AU$912,[24]Brewhouse!$AU$914:$AU$935) -> 97.696319 | N28: 98 | R28: =B28 -> VITAMALT | S28: =VLOOKUP($B28,$R$3:$X$9,2,FALSE) -> 14.2 | T28: =VLOOKUP($B28,$R$3:$X$9,3,FALSE) -> 14.6 | U28: =VLOOKUP($B28,$R$3:$X$9,4,FALSE) -> 0 | V28: =VLOOKUP($B28,$R$3:$X$9,5,FALSE) -> 0.13905093 | W28: =VLOOKUP($B28,$R$3:$X$9,6,FALSE) -> 0.26041667 | X28: =VLOOKUP($B28,$R$3:$X$9,7,FALSE) -> 0.29513889 | Y28: =VLOOKUP($B28,$R$3:$Z$9,8,FALSE) -> 0 | Z28: =VLOOKUP($B28,$R$3:$Z$9,9,FALSE) -> 75
C29: 14.3 | I29: STAG | M29: =AVERAGE([25]Brewhouse!$AS$15:$AS$64,[25]Brewhouse!$AS$66:$AS$103,[25]Brewhouse!$AS$105:$AS$140,[25]Brewhouse!$AS$142:$AS$193,[25]Brewhouse!$AS$195:$AS$240,[25]Brewhouse!$AS$242:$AS$273,[25]Brewhouse!$AS$275:$AS$322,[25]Brewhouse!$AS$324:$AS$359,[25]Brewhouse!$AS$361:$AS$397,[25]Brewhouse!$AS$399:$AS$443) -> 97.924881 | N29: 98 | R29: =B29 -> 0 | S29: =VLOOKUP($B29,$R$3:$X$9,2,FALSE) -> #N/A | T29: =VLOOKUP($B29,$R$3:$X$9,3,FALSE) -> #N/A | U29: =VLOOKUP($B29,$R$3:$X$9,4,FALSE) -> #N/A | V29: =VLOOKUP($B29,$R$3:$X$9,5,FALSE) -> #N/A | W29: =VLOOKUP($B29,$R$3:$X$9,6,FALSE) -> #N/A | X29: =VLOOKUP($B29,$R$3:$X$9,7,FALSE) -> #N/A | Y29: =VLOOKUP($B29,$R$3:$Z$9,8,FALSE) -> #N/A | Z29: =VLOOKUP($B29,$R$3:$Z$9,9,FALSE) -> #N/A
C30: 14.3 | D30: 16.13 | I30: GUINNESS | M30: =AVERAGE([26]Brewhouse!$AU$4:$AU$7,[26]Brewhouse!$AU$9:$AU$22,[26]Brewhouse!$AU$24:$AU$35,[26]Brewhouse!$AU$37:$AU$45,[26]Brewhouse!$AU$47:$AU$62,[26]Brewhouse!$AU$64:$AU$79,[26]Brewhouse!$AU$81:$AU$92,[26]Brewhouse!$AU$94:$AU$97,[26]Brewhouse!$AU$99:$AU$106) -> 96.648781 | N30: 98 | R30: =B30 -> 0 | S30: =VLOOKUP($B30,$R$3:$X$9,2,FALSE) -> #N/A | T30: =VLOOKUP($B30,$R$3:$X$9,3,FALSE) -> #N/A | U30: =VLOOKUP($B30,$R$3:$X$9,4,FALSE) -> #N/A | V30: =VLOOKUP($B30,$R$3:$X$9,5,FALSE) -> #N/A | W30: =VLOOKUP($B30,$R$3:$X$9,6,FALSE) -> #N/A | X30: =VLOOKUP($B30,$R$3:$X$9,7,FALSE) -> #N/A | Y30: =VLOOKUP($B30,$R$3:$Z$9,8,FALSE) -> #N/A | Z30: =VLOOKUP($B30,$R$3:$Z$9,9,FALSE) -> #N/A
C31: 14.6 | I31: VITAMALT | K31: =COUNTA([23]Brewhouse!$A$97:$A$104) -> 8 | L31: =AVERAGE([23]Brewhouse!$AV$97:$AV$104) -> 98.419138 | M31: =AVERAGE([23]Brewhouse!$AV$5:$AV$14,[23]Brewhouse!$AV$16:$AV$19,[23]Brewhouse!$AV$21:$AV$24,[23]Brewhouse!$AV$26:$AV$33,[23]Brewhouse!$AV$35:$AV$46,[23]Brewhouse!$AV$48:$AV$53,[23]Brewhouse!$AV$55:$AV$62,[23]Brewhouse!$AV$64:$AV$77,[23]Brewhouse!$AV$79:$AV$86,[23]Brewhouse!$AV$88:$AV$95,[23]Brewhouse!$AV$97:$AV$104) -> 98.270381 | N31: 98 | R31: =B31 -> 0 | S31: =VLOOKUP($B31,$R$3:$X$9,2,FALSE) -> #N/A | T31: =VLOOKUP($B31,$R$3:$X$9,3,FALSE) -> #N/A | U31: =VLOOKUP($B31,$R$3:$X$9,4,FALSE) -> #N/A | V31: =VLOOKUP($B31,$R$3:$X$9,5,FALSE) -> #N/A | W31: =VLOOKUP($B31,$R$3:$X$9,6,FALSE) -> #N/A | X31: =VLOOKUP($B31,$R$3:$X$9,7,FALSE) -> #N/A | Y31: =VLOOKUP($B31,$R$3:$Z$9,8,FALSE) -> #N/A | Z31: =VLOOKUP($B31,$R$3:$Z$9,9,FALSE) -> #N/A
C32: 14.5 | D32: 16.3 | I32: MAXIMALT | N32: 98 | R32: =B32 -> 0 | S32: =VLOOKUP($B32,$R$3:$X$9,2,FALSE) -> #N/A | T32: =VLOOKUP($B32,$R$3:$X$9,3,FALSE) -> #N/A | U32: =VLOOKUP($B32,$R$3:$X$9,4,FALSE) -> #N/A | V32: =VLOOKUP($B32,$R$3:$X$9,5,FALSE) -> #N/A | W32: =VLOOKUP($B32,$R$3:$X$9,6,FALSE) -> #N/A | X32: =VLOOKUP($B32,$R$3:$X$9,7,FALSE) -> #N/A | Y32: =VLOOKUP($B32,$R$3:$Z$9,8,FALSE) -> #N/A | Z32: =VLOOKUP($B32,$R$3:$Z$9,9,FALSE) -> #N/A
C33: 14.2 | I33: MACKESON | M33: =AVERAGE([27]Brewhouse!$AT$4:$AT$11,[27]Brewhouse!$AT$13:$AT$16,[27]Brewhouse!$AT$18:$AT$21,[27]Brewhouse!$AT$26,[27]Brewhouse!$AT$28:$AT$35) -> 94.794664 | N33: 98 | R33: =B33 -> 0 | S33: =VLOOKUP($B33,$R$3:$X$9,2,FALSE) -> #N/A | T33: =VLOOKUP($B33,$R$3:$X$9,3,FALSE) -> #N/A | U33: =VLOOKUP($B33,$R$3:$X$9,4,FALSE) -> #N/A | V33: =VLOOKUP($B33,$R$3:$X$9,5,FALSE) -> #N/A | W33: =VLOOKUP($B33,$R$3:$X$9,6,FALSE) -> #N/A | X33: =VLOOKUP($B33,$R$3:$X$9,7,FALSE) -> #N/A | Y33: =VLOOKUP($B33,$R$3:$Z$9,8,FALSE) -> #N/A | Z33: =VLOOKUP($B33,$R$3:$Z$9,9,FALSE) -> #N/A
C34: 14.1 | D34: 16.7 | I34: STARMALT | K34: =COUNTA([22]Brewhouse!$A$94:$A$97) -> 4 | L34: =AVERAGE([22]Brewhouse!$AY$94:$AY$97) -> 95.326768 | M34: =AVERAGE([22]Brewhouse!$AY$6:$AY$13,[22]Brewhouse!$AY$15:$AY$20,[22]Brewhouse!$AY$22:$AY$29,[22]Brewhouse!$AY$31:$AY$34,[22]Brewhouse!$AY$36:$AY$43,[22]Brewhouse!$AY$45:$AY$50, [22]Brewhouse!$AY$56:$AY$73,[22]Brewhouse!$AY$75:$AY$92,[22]Brewhouse!$AY$94:$AY$97) -> 97.370193 | N34: 98 | R34: =B34 -> 0 | S34: =VLOOKUP($B34,$R$3:$X$9,2,FALSE) -> #N/A | T34: =VLOOKUP($B34,$R$3:$X$9,3,FALSE) -> #N/A | U34: =VLOOKUP($B34,$R$3:$X$9,4,FALSE) -> #N/A | V34: =VLOOKUP($B34,$R$3:$X$9,5,FALSE) -> #N/A | W34: =VLOOKUP($B34,$R$3:$X$9,6,FALSE) -> #N/A | X34: =VLOOKUP($B34,$R$3:$X$9,7,FALSE) -> #N/A | Y34: =VLOOKUP($B34,$R$3:$Z$9,8,FALSE) -> #N/A | Z34: =VLOOKUP($B34,$R$3:$Z$9,9,FALSE) -> #N/A
C35: 14.2 | I35: HR- Pils | M35: =AVERAGE([28]Brewhouse!$AU$5:$AU$8,[28]Brewhouse!$AU$10:$AU$13,[22]Brewhouse!$AY$75:$AY$77) -> 94.749192 | N35: 98 | R35: =B35 -> 0 | S35: =VLOOKUP($B35,$R$3:$X$9,2,FALSE) -> #N/A | T35: =VLOOKUP($B35,$R$3:$X$9,3,FALSE) -> #N/A | U35: =VLOOKUP($B35,$R$3:$X$9,4,FALSE) -> #N/A | V35: =VLOOKUP($B35,$R$3:$X$9,5,FALSE) -> #N/A | W35: =VLOOKUP($B35,$R$3:$X$9,6,FALSE) -> #N/A | X35: =VLOOKUP($B35,$R$3:$X$9,7,FALSE) -> #N/A | Y35: =VLOOKUP($B35,$R$3:$Z$9,8,FALSE) -> #N/A | Z35: =VLOOKUP($B35,$R$3:$Z$9,9,FALSE) -> #N/A
I36: HR- IPA | M36: =AVERAGE([29]Brewhouse!$AW$26:$AW$27) -> 95.310681 | N36: 98 | R36: =B36 -> 0 | S36: =VLOOKUP($B36,$R$3:$X$9,2,FALSE) -> #N/A | T36: =VLOOKUP($B36,$R$3:$X$9,3,FALSE) -> #N/A | U36: =VLOOKUP($B36,$R$3:$X$9,4,FALSE) -> #N/A | V36: =VLOOKUP($B36,$R$3:$X$9,5,FALSE) -> #N/A | W36: =VLOOKUP($B36,$R$3:$X$9,6,FALSE) -> #N/A | X36: =VLOOKUP($B36,$R$3:$X$9,7,FALSE) -> #N/A | Y36: =VLOOKUP($B36,$R$3:$Z$9,8,FALSE) -> #N/A | Z36: =VLOOKUP($B36,$R$3:$Z$9,9,FALSE) -> #N/A
I37: HR- APA | M37: =AVERAGE([30]Brewhouse!$AU$13:$AU$14) -> 97.110575 | N37: 98 | R37: =B37 -> 0 | S37: =VLOOKUP($B37,$R$3:$X$9,2,FALSE) -> #N/A | T37: =VLOOKUP($B37,$R$3:$X$9,3,FALSE) -> #N/A | U37: =VLOOKUP($B37,$R$3:$X$9,4,FALSE) -> #N/A | V37: =VLOOKUP($B37,$R$3:$X$9,5,FALSE) -> #N/A | W37: =VLOOKUP($B37,$R$3:$X$9,6,FALSE) -> #N/A | X37: =VLOOKUP($B37,$R$3:$X$9,7,FALSE) -> #N/A | Y37: =VLOOKUP($B37,$R$3:$Z$9,8,FALSE) -> #N/A | Z37: =VLOOKUP($B37,$R$3:$Z$9,9,FALSE) -> #N/A
K38: =SUM(K28:K37) -> 34 | L38: =((L28*K28)+(L29*K29)+(L30*K30)+(L31*K31)+(L32*K32)+(K35*L35)+(L33*K33)+(L34*K34)+(L37*K37))/(K38) -> 97.207035 | M38: =AVERAGE('[31]Jan 31st'!$L$65,'[32]Feb 28th'!$L$35,'[33]Mar. 31st'!$L$35,'[34]Apr. 30th'!$L$45,'[35]May 30th'!$L$37,'[36]June 30th'!$L$57,'[37]July 29th '!$L$44,'[38]Aug 29th'!$L$29,'[39]Sept 30th'!$L$35,L38) -> 97.538654 | N38: 98 | R38: =B38 -> 0 | S38: =VLOOKUP($B38,$R$3:$X$9,2,FALSE) -> #N/A | T38: =VLOOKUP($B38,$R$3:$X$9,3,FALSE) -> #N/A | U38: =VLOOKUP($B38,$R$3:$X$9,4,FALSE) -> #N/A | V38: =VLOOKUP($B38,$R$3:$X$9,5,FALSE) -> #N/A | W38: =VLOOKUP($B38,$R$3:$X$9,6,FALSE) -> #N/A | X38: =VLOOKUP($B38,$R$3:$X$9,7,FALSE) -> #N/A | Y38: =VLOOKUP($B38,$R$3:$Z$9,8,FALSE) -> #N/A | Z38: =VLOOKUP($B38,$R$3:$Z$9,9,FALSE) -> #N/A
R39: =B39 -> 0 | S39: =VLOOKUP($B39,$R$3:$X$9,2,FALSE) -> #N/A | T39: =VLOOKUP($B39,$R$3:$X$9,3,FALSE) -> #N/A | U39: =VLOOKUP($B39,$R$3:$X$9,4,FALSE) -> #N/A | V39: =VLOOKUP($B39,$R$3:$X$9,5,FALSE) -> #N/A | W39: =VLOOKUP($B39,$R$3:$X$9,6,FALSE) -> #N/A | X39: =VLOOKUP($B39,$R$3:$X$9,7,FALSE) -> #N/A | Y39: =VLOOKUP($B39,$R$3:$Z$9,8,FALSE) -> #N/A | Z39: =VLOOKUP($B39,$R$3:$Z$9,9,FALSE) -> #N/A
J40: Daily Brewing Plan
J41: Brand | K41: Brews Achieved | L41: Average Brews per day
J42: CARIB | K42: =COUNTA(C10:C18) -> 9 | L42: MTD | M42: YTD | N42: TARGET
J43: STAG | L43: =AVERAGE('Nov 6th '!K52,'Nov 4th'!K52,'Nov 5th'!K51,Nov.3rd!K52) -> 8.5 | M43: =AVERAGE('[31]Jan 29th '!$M$70,'[32]Feb 28th'!$L$40,'[33]Mar. 31st'!$L$40,'[34]Apr. 30th'!$L$50,'[35]May 30th'!$L$42,'[36]June 30th'!$L$62,'[37]July 29th '!$L$49,'[38]Aug 29th'!$L$34,'[39]Sept 30th'!$L$40,[40]Oct.31st!$L$43,L43) -> 7.1938824 | N43: 9.2
J44: GUINN
J45: VITAMALT
J46: STARMALT
J47: MACKESON
J48: HURRICANE REEF- IPA
J49: HURRICANE REEF- APA
B50: AVERAGE | J50: HR- PILSNER
J51: CARIBE
J52: Total | K52: =SUM(K42:K51) -> 9
B53: Process: | C53: Fermentation/Filtration
B55: Brand | C55: Filt. Date | D55: FV Hls | E55: GFE/ Prim/ Vita Blend (Hls) | F55: SV Hls | G55: BBT Hls | H55: Loss (%) Ferm | I55: Loss (%) Filt | J55: Comments | K55: Throughput | L55: Process Loss (%) | M55: Filt. Operator
AB56: 43474 | AC56: 43475 | AD56: 43476 | AE56: 43477 | AF56: 43478 | AG56: 43479 | AH56: 43480 | AI56: 43481 | AJ56: 43482 | AK56: 43483 | AL56: 43484 | AM56: 43485 | AN56: 43486 | AO56: 43487 | AP56: 43488 | AQ56: 43489 | AR56: 43490 | AS56: 43491 | AT56: 43492 | AU56: 43493 | AV56: 43494 | AW56: 43495 | AX56: 43496
B57: =J45 -> VITAMALT | C57: 45967 | D57: =[41]November_2025!$I$65 -> 388 | E57: =SUM([43]VITAMALT!$J$6:$J$13) -> 16.4 | G57: =[41]November_2025!$I$70 -> 389.1 | J57: 1 SBF | K57: =[42]November_2025!$I$60 -> 0.68263158 | L57: =(((D57+E57)-G57)/(D57+E57))*100 -> 3.7833828 | M57: T. Charles | AB57: =[20]January_2019!L7 -> 285.8 | AC57: =[20]January_2019!M7 -> 508.1 | AD57: =[20]January_2019!N7 -> 0 | AE57: =[20]January_2019!O7 -> 0 | AF57: =[20]January_2019!P7 -> 109.56667 | AG57: =[20]January_2019!Q7 -> 297.65 | AH57: =[20]January_2019!R7 -> 122.3 | AI57: =[20]January_2019!S7 -> 0 | ... AX57: =[20]January_2019!AH7 -> 0
C59: 45966 | L59: =(((D59+E59)-G59)/(D59+E59))*100 -> #DIV/0!
B66: Process Loss (Volume) | G66: Process Loss (Extract) | K66: Throughput
B67: Brand | C67: Actual | D67: MTD | E67: YTD | F67: Target | G67: Actual | H67: MTD | I67: YTD | J67: Target | K67: Actual | L67: MTD | M67: YTD | N67: Target
B68: CARIB | D68: 5.6319231 | E68: 6.0605327 | F68: 4.8 | H68: 7.4734885 | I68: 6.0781747 | J68: 4.8 | L68: 0.28046784 | M68: 0.70199764 | N68: 1
B69: STAG | D69: 5.1671214 | E69: 5.7344697 | F69: 4.8 | H69: 3.8690868 | I69: 6.3491978 | J69: 4.8 | L69: 0.48780702 | M69: 0.65340261 | N69: 1
B70: GUINN | E70: 11.019085 | F70: 5.5 | I70: 12.668713 | J70: 5.5 | M70: 0.49234992 | N70: 1
B71: VITAMALT | C71: =L57 -> 3.7833828 | D71: 3.7833828 | E71: 4.6226457 | F71: 3.3 | G71: =[41]November_2025!$I$74 -> 3.7421886 | H71: 3.7421886 | I71: 4.4171318 | J71: 3.3 | K71: =K57 -> 0.68263158 | L71: 0.68263158 | M71: 0.83111216 | N71: 1
B72: APA | E72: 7.8373016 | F72: 3.3 | I72: 5.3377569 | J72: 3 | M72: 0.32596491 | N72: 1
B73: MACKESON | E73: 6.8851328 | F73: =[21]May_2022!$M$43 -> 3.4878407 | I73: 8.6614709 | J73: 5.5 | M73: 0.73160819 | N73: 1
B74: STARMALT | D74: 2.6328862 | E74: 2.9297033 | F74: 3.3 | H74: 2.6328862 | I74: 4.2684292 | J74: 3.3 | L74: 0.6877193 | M74: 0.84660148 | N74: 1
B75: IPA | E75: 11.483254 | F75: 7.5 | I75: 9.7934336 | J75: 7.5 | M75: 0.3245614 | N75: 1
B76: HURRICANE REEF PILS | E76: 7.2653645 | F76: 4.8 | I76: 8.1715311 | J76: 4.8 | M76: 0.51368421 | N76: 1
D77: 4.7955084 | E77: 6.0907166 | F77: 5.5 | H77: 4.1543946 | I77: 6.6005612 | J77: 5.5 | L77: 0.53465643 | M77: 0.68096881 | N77: 1

Sheet Nov 7th-8th
S1: P.G. | U1: Hot Time | W1: Process Time | Y1: Cooling Time
B2: Brewing Department Daily Process Loss Report | S2: Lower | T2: Upper | U2: Lower | V2: Upper | W2: Lower | X2: Upper | Y2: Lower | Z2: Upper
R3: CARIB | S3: 11.6 | T3: 12 | U3: 0 | V3: 0.11805556 | W3: 0.22569444 | X3: 0.26388889 | Y3: 0 | Z3: 60 | AB3: HR- PISNER
B4: Date: | C4: 45971 | J4: LOT WORT COLOUR: 3.3 | M4: Filter Sheets (Target 20 days) | R4: STAG | S4: 11.6 | T4: 12 | U4: 0 | V4: 0.11805556 | W4: 0.22569444 | X4: 0.26388889 | Y4: 0 | Z4: 60
M5: Double | N5: Single | R5: GUINNESS | S5: 17 | T5: 17.5 | U5: 0 | V5: 0.10763889 | W5: 0.24652778 | X5: 0.28472222 | Y5: 0 | Z5: 60
J6: MALT LOT: Lot #4 | L6: Sheet Day | R6: MACKESON | S6: 13.3 | T6: 13.5 | U6: 0 | V6: 0.12905093 | W6: 0.27430556 | X6: 0.30208333 | Y6: 0
R7: STARMALT | S7: 17 | T7: 17.4 | U7: 0 | V7: 0.13605324 | W7: 0.27430556 | X7: 0.30902778 | Y7: 0 | Z7: 85
B8: Brand | C8: Brew no. | D8: Kett. Hls | E8: Wort | F8: Cool Time(Mins) | G8: Cast. P.G. (Lab Result) | H8: Cast P.G. (Cellar Operator)-gravity | I8: Extr. Rec (77.9%) | J8: Theor. Extr. (77.5%) | K8: Boil Off /Vol. (4-6%) | L8: Boil Time | M8: Total Hot | N8: Brewing | O8: Operator | R8: Hurricane Reef | S8: 16.6 | T8: 17 | U8: 0 | V8: 0.12905093 | W8: 0.27430556 | X8: 0.30208333 | Y8: 0
E9: Meter (Hls) | F9: Target(< 60Mins) | M9: Time | R9: VITAMALT | S9: 14.2 | T9: 14.6 | U9: 0 | V9: 0.13905093 | W9: 0.26041667 | X9: 0.29513889 | Y9: 0 | Z9: 75
B10: CARIB | C10: =[24]Brewhouse!$A936 -> CA821 | D10: =[24]Brewhouse!$AF936 -> 49.1 | E10: =[24]Brewhouse!$AI936 -> 49.8 | F10: =[24]Brewhouse!$V936 -> 56 | G10: =[24]Brewhouse!AG936 -> 11.8 | H10: 11.8 | I10: =[24]Brewhouse!$AU936 -> 96.997802 | J10: =[24]Brewhouse!$AV936 -> 97.452478 | K10: =[24]Brewhouse!$Q936 -> 8.7169811 | L10: =[24]Brewhouse!$P936 -> 60 | M10: =[24]Brewhouse!$U936-[24]Brewhouse!$T936 -> 0.11319444 | N10: =[24]Brewhouse!$Z936 -> 0.26111111 | O10: =[24]Brewhouse!$AX936 -> K. Benjamin | R10: =B10 -> CARIB | S10: =VLOOKUP($B10,$R$3:$X$9,2,FALSE) -> 11.6 | T10: =VLOOKUP($B10,$R$3:$X$9,3,FALSE) -> 12 | U10: =VLOOKUP($B10,$R$3:$X$9,4,FALSE) -> 0 | V10: =VLOOKUP($B10,$R$3:$X$9,5,FALSE) -> 0.11805556 | W10: =VLOOKUP($B10,$R$3:$X$9,6,FALSE) -> 0.22569444 | X10: =VLOOKUP($B10,$R$3:$X$9,7,FALSE) -> 0.26388889 | Y10: =VLOOKUP($B10,$R$3:$Z$9,8,FALSE) -> 0 | Z10: =VLOOKUP($B10,$R$3:$Z$9,9,FALSE) -> 60
B11: CARIB | C11: =[24]Brewhouse!$A937 -> CA822 | D11: =[24]Brewhouse!$AF937 -> 53.2 | E11: =[24]Brewhouse!$AI937 -> 52.3 | F11: =[24]Brewhouse!$V937 -> 62 | G11: =[24]Brewhouse!AG937 -> 11.7 | H11: 11.7 | I11: =[24]Brewhouse!$AU937 -> 101.08338 | J11: =[24]Brewhouse!$AV937 -> 101.55717 | K11: =[24]Brewhouse!$Q937 -> 2.6792453 | L11: =[24]Brewhouse!$P937 -> 0 | M11: =[24]Brewhouse!$U937-[24]Brewhouse!$T937 -> 0.12430556 | N11: =[24]Brewhouse!$Z937 -> 0.27291667 | O11: =[24]Brewhouse!$AX937 -> K. Benjamin | R11: =B11 -> CARIB | S11: =VLOOKUP($B11,$R$3:$X$9,2,FALSE) -> 11.6 | T11: =VLOOKUP($B11,$R$3:$X$9,3,FALSE) -> 12 | U11: =VLOOKUP($B11,$R$3:$X$9,4,FALSE) -> 0 | V11: =VLOOKUP($B11,$R$3:$X$9,5,FALSE) -> 0.11805556 | W11: =VLOOKUP($B11,$R$3:$X$9,6,FALSE) -> 0.22569444 | X11: =VLOOKUP($B11,$R$3:$X$9,7,FALSE) -> 0.26388889 | Y11: =VLOOKUP($B11,$R$3:$Z$9,8,FALSE) -> 0 | Z11: =VLOOKUP($B11,$R$3:$Z$9,9,FALSE) -> 60
R12: =B12 -> 0 | S12: =VLOOKUP($B12,$R$3:$X$9,2,FALSE) -> #N/A | T12: =VLOOKUP($B12,$R$3:$X$9,3,FALSE) -> #N/A | U12: =VLOOKUP($B12,$R$3:$X$9,4,FALSE) -> #N/A | V12: =VLOOKUP($B12,$R$3:$X$9,5,FALSE) -> #N/A | W12: =VLOOKUP($B12,$R$3:$X$9,6,FALSE) -> #N/A | X12: =VLOOKUP($B12,$R$3:$X$9,7,FALSE) -> #N/A | Y12: =VLOOKUP($B12,$R$3:$Z$9,8,FALSE) -> #N/A | Z12: =VLOOKUP($B12,$R$3:$Z$9,9,FALSE) -> #N/A
B13: STAG | C13: =[25]Brewhouse!$A449 -> ST425 | D13: =[25]Brewhouse!$AD449 -> 55.1 | E13: =[25]Brewhouse!$AG449 -> 54.3 | F13: =[25]Brewhouse!$V449 -> 68 | G13: =[25]Brewhouse!$AE449 -> 12 | H13: 12 | I13: =[25]Brewhouse!$AS449 -> 109.14774 | J13: =[25]Brewhouse!$AT449 -> 109.57994 | K13: =[25]Brewhouse!$Q449 -> 14.077213 | L13: =[25]Brewhouse!$P449 -> 59 | M13: =[25]Brewhouse!$U449-[25]Brewhouse!$T449 -> 0.13125 | N13: =[25]Brewhouse!$AW449 -> 0.28472222 | O13: =[25]Brewhouse!$AV449 -> R. Regis | R13: =B13 -> STAG | S13: =VLOOKUP($B13,$R$3:$X$9,2,FALSE) -> 11.6 | T13: =VLOOKUP($B13,$R$3:$X$9,3,FALSE) -> 12 | U13: =VLOOKUP($B13,$R$3:$X$9,4,FALSE) -> 0 | V13: =VLOOKUP($B13,$R$3:$X$9,5,FALSE) -> 0.11805556 | W13: =VLOOKUP($B13,$R$3:$X$9,6,FALSE) -> 0.22569444 | X13: =VLOOKUP($B13,$R$3:$X$9,7,FALSE) -> 0.26388889 | Y13: =VLOOKUP($B13,$R$3:$Z$9,8,FALSE) -> 0 | Z13: =VLOOKUP($B13,$R$3:$Z$9,9,FALSE) -> 60
B14: STAG | C14: =[25]Brewhouse!$A450 -> ST426 | D14: =[25]Brewhouse!$AD450 -> 47.6 | E14: =[25]Brewhouse!$AG450 -> 48.1 | F14: =[25]Brewhouse!$V450 -> 60 | G14: =[25]Brewhouse!$AE450 -> 12 | H14: 12.3 | I14: =[25]Brewhouse!$AS450 -> 96.805862 | J14: =[25]Brewhouse!$AT450 -> 97.189075 | K14: =[25]Brewhouse!$Q450 -> 11.660269 | L14: =[25]Brewhouse!$P450 -> 60 | M14: =[25]Brewhouse!$U450-[25]Brewhouse!$T450 -> 0.10972222 | N14: =[25]Brewhouse!$AW450 -> 0.25069444 | O14: =[25]Brewhouse!$AV450 -> R. Regis | R14: =B14 -> STAG | S14: =VLOOKUP($B14,$R$3:$X$9,2,FALSE) -> 11.6 | T14: =VLOOKUP($B14,$R$3:$X$9,3,FALSE) -> 12 | U14: =VLOOKUP($B14,$R$3:$X$9,4,FALSE) -> 0 | V14: =VLOOKUP($B14,$R$3:$X$9,5,FALSE) -> 0.11805556 | W14: =VLOOKUP($B14,$R$3:$X$9,6,FALSE) -> 0.22569444 | X14: =VLOOKUP($B14,$R$3:$X$9,7,FALSE) -> 0.26388889 | Y14: =VLOOKUP($B14,$R$3:$Z$9,8,FALSE) -> 0 | Z14: =VLOOKUP($B14,$R$3:$Z$9,9,FALSE) -> 60
B15: STAG | C15: =[25]Brewhouse!$A451 -> ST427 | D15: =[25]Brewhouse!$AD451 -> 48.3 | E15: =[25]Brewhouse!$AG451 -> 48.4 | F15: =[25]Brewhouse!$V451 -> 55 | G15: =[25]Brewhouse!$AE451 -> 12 | H15: 12.2 | I15: =[25]Brewhouse!$AS451 -> 97.531365 | J15: =[25]Brewhouse!$AT451 -> 97.917324 | K15: =[25]Brewhouse!$Q451 -> 13.771593 | L15: =[25]Brewhouse!$P451 -> 58 | M15: =[25]Brewhouse!$U451-[25]Brewhouse!$T451 -> 0.10902778 | N15: =[25]Brewhouse!$AW451 -> 0.25277778 | O15: =[25]Brewhouse!$AV451 -> R.Sookram | R15: =B15 -> STAG | S15: =VLOOKUP($B15,$R$3:$X$9,2,FALSE) -> 11.6 | T15: =VLOOKUP($B15,$R$3:$X$9,3,FALSE) -> 12 | U15: =VLOOKUP($B15,$R$3:$X$9,4,FALSE) -> 0 | V15: =VLOOKUP($B15,$R$3:$X$9,5,FALSE) -> 0.11805556 | W15: =VLOOKUP($B15,$R$3:$X$9,6,FALSE) -> 0.22569444 | X15: =VLOOKUP($B15,$R$3:$X$9,7,FALSE) -> 0.26388889 | Y15: =VLOOKUP($B15,$R$3:$Z$9,8,FALSE) -> 0 | Z15: =VLOOKUP($B15,$R$3:$Z$9,9,FALSE) -> 60
B16: STAG | C16: =[25]Brewhouse!$A452 -> ST428 | D16: =[25]Brewhouse!$AD452 -> 49.4 | E16: =[25]Brewhouse!$AG452 -> 48.83 | F16: =[25]Brewhouse!$V452 -> 55 | G16: =[25]Brewhouse!$AE452 -> 11.8 | H16: 11.8 | I16: =[25]Brewhouse!$AS452 -> 96.916548 | J16: =[25]Brewhouse!$AT452 -> 97.299823 | K16: =[25]Brewhouse!$Q452 -> 11.276392 | L16: =[25]Brewhouse!$P452 -> 59 | M16: =[25]Brewhouse!$U452-[25]Brewhouse!$T452 -> 0.10902778 | N16: =[25]Brewhouse!$AW452 -> 0.24305556 | O16: =[25]Brewhouse!$AV452 -> R.Sookram | R16: =B16 -> STAG | S16: =VLOOKUP($B16,$R$3:$X$9,2,FALSE) -> 11.6 | T16: =VLOOKUP($B16,$R$3:$X$9,3,FALSE) -> 12 | U16: =VLOOKUP($B16,$R$3:$X$9,4,FALSE) -> 0 | V16: =VLOOKUP($B16,$R$3:$X$9,5,FALSE) -> 0.11805556 | W16: =VLOOKUP($B16,$R$3:$X$9,6,FALSE) -> 0.22569444 | X16: =VLOOKUP($B16,$R$3:$X$9,7,FALSE) -> 0.26388889 | Y16: =VLOOKUP($B16,$R$3:$Z$9,8,FALSE) -> 0 | Z16: =VLOOKUP($B16,$R$3:$Z$9,9,FALSE) -> 60
B17: STAG | C17: =[25]Brewhouse!$A453 -> ST429 | D17: =[25]Brewhouse!$AD453 -> 48.9 | E17: =[25]Brewhouse!$AG453 -> 49.6 | F17: =[25]Brewhouse!$V453 -> 57 | G17: =[25]Brewhouse!$AE453 -> 11.8 | H17: 11.8 | I17: =[25]Brewhouse!$AS453 -> 98.321654 | J17: =[25]Brewhouse!$AT453 -> 98.710613 | K17: =[25]Brewhouse!$Q453 -> 10.508637 | L17: =[25]Brewhouse!$P453 -> 56 | M17: =[25]Brewhouse!$U453-[25]Brewhouse!$T453 -> 0.023611111 | N17: =[25]Brewhouse!$AW453 -> 0.15416667 | O17: =[25]Brewhouse!$AV453 -> R.Sookram | R17: =B17 -> STAG | S17: =VLOOKUP($B17,$R$3:$X$9,2,FALSE) -> 11.6 | T17: =VLOOKUP($B17,$R$3:$X$9,3,FALSE) -> 12 | U17: =VLOOKUP($B17,$R$3:$X$9,4,FALSE) -> 0 | V17: =VLOOKUP($B17,$R$3:$X$9,5,FALSE) -> 0.11805556 | W17: =VLOOKUP($B17,$R$3:$X$9,6,FALSE) -> 0.22569444 | X17: =VLOOKUP($B17,$R$3:$X$9,7,FALSE) -> 0.26388889 | Y17: =VLOOKUP($B17,$R$3:$Z$9,8,FALSE) -> 0 | Z17: =VLOOKUP($B17,$R$3:$Z$9,9,FALSE) -> 60
B18: STAG | C18: =[25]Brewhouse!$A454 -> ST430 | D18: =[25]Brewhouse!$AD454 -> 48.4 | E18: =[25]Brewhouse!$AG454 -> 48.9 | F18: =[25]Brewhouse!$V454 -> 50 | G18: =[25]Brewhouse!$AE454 -> 12 | H18: 12 | I18: =[25]Brewhouse!$AS454 -> 98.662209 | J18: =[25]Brewhouse!$AT454 -> 99.052516 | K18: =[25]Brewhouse!$Q454 -> 12.836538 | L18: =[25]Brewhouse!$P454 -> 60 | M18: =[25]Brewhouse!$U454-[25]Brewhouse!$T454 -> 0.11180556 | N18: =[25]Brewhouse!$AW454 -> 0.24097222 | O18: =[25]Brewhouse!$AV454 -> K. Benjamin | R18: =B18 -> STAG | S18: =VLOOKUP($B18,$R$3:$X$9,2,FALSE) -> 11.6 | T18: =VLOOKUP($B18,$R$3:$X$9,3,FALSE) -> 12 | U18: =VLOOKUP($B18,$R$3:$X$9,4,FALSE) -> 0 | V18: =VLOOKUP($B18,$R$3:$X$9,5,FALSE) -> 0.11805556 | W18: =VLOOKUP($B18,$R$3:$X$9,6,FALSE) -> 0.22569444 | X18: =VLOOKUP($B18,$R$3:$X$9,7,FALSE) -> 0.26388889 | Y18: =VLOOKUP($B18,$R$3:$Z$9,8,FALSE) -> 0 | Z18: =VLOOKUP($B18,$R$3:$Z$9,9,FALSE) -> 60
B19: STAG | C19: =[25]Brewhouse!$A455 -> ST431 | D19: =[25]Brewhouse!$AD455 -> 47.5 | E19: =[25]Brewhouse!$AG455 -> 48.2 | F19: =[25]Brewhouse!$V455 -> 59 | G19: =[25]Brewhouse!$AE455 -> 11.8 | H19: 11.8 | I19: =[25]Brewhouse!$AS455 -> 95.546446 | J19: =[25]Brewhouse!$AT455 -> 95.924426 | K19: =[25]Brewhouse!$Q455 -> 12.451923 | L19: =[25]Brewhouse!$P455 -> 62 | M19: =[25]Brewhouse!$U455-[25]Brewhouse!$T455 -> 0.11458333 | N19: =[25]Brewhouse!$AW455 -> 0.24583333 | O19: =[25]Brewhouse!$AV455 -> K. Benjamin | R19: =B19 -> STAG | S19: =VLOOKUP($B19,$R$3:$X$9,2,FALSE) -> 11.6 | T19: =VLOOKUP($B19,$R$3:$X$9,3,FALSE) -> 12 | U19: =VLOOKUP($B19,$R$3:$X$9,4,FALSE) -> 0 | V19: =VLOOKUP($B19,$R$3:$X$9,5,FALSE) -> 0.11805556 | W19: =VLOOKUP($B19,$R$3:$X$9,6,FALSE) -> 0.22569444 | X19: =VLOOKUP($B19,$R$3:$X$9,7,FALSE) -> 0.26388889 | Y19: =VLOOKUP($B19,$R$3:$Z$9,8,FALSE) -> 0 | Z19: =VLOOKUP($B19,$R$3:$Z$9,9,FALSE) -> 60
B20: STAG | C20: =[25]Brewhouse!$A456 -> ST432 | D20: =[25]Brewhouse!$AD456 -> 48.9 | E20: =[25]Brewhouse!$AG456 -> 49.4 | F20: =[25]Brewhouse!$V456 -> 57 | G20: =[25]Brewhouse!$AE456 -> 11.9 | H20: 11.9 | I20: =[25]Brewhouse!$AS456 -> 98.79811 | J20: =[25]Brewhouse!$AT456 -> 99.188955 | K20: =[25]Brewhouse!$Q456 -> 10.528846 | L20: =[25]Brewhouse!$P456 -> 59 | M20: =[25]Brewhouse!$U456-[25]Brewhouse!$T456 -> 0.11527778 | N20: =[25]Brewhouse!$AW456 -> 0.24375 | O20: =[25]Brewhouse!$AV456 -> K. Benjamin | R20: =B20 -> STAG | S20: =VLOOKUP($B20,$R$3:$X$9,2,FALSE) -> 11.6 | T20: =VLOOKUP($B20,$R$3:$X$9,3,FALSE) -> 12 | U20: =VLOOKUP($B20,$R$3:$X$9,4,FALSE) -> 0 | V20: =VLOOKUP($B20,$R$3:$X$9,5,FALSE) -> 0.11805556 | W20: =VLOOKUP($B20,$R$3:$X$9,6,FALSE) -> 0.22569444 | X20: =VLOOKUP($B20,$R$3:$X$9,7,FALSE) -> 0.26388889 | Y20: =VLOOKUP($B20,$R$3:$Z$9,8,FALSE) -> 0 | Z20: =VLOOKUP($B20,$R$3:$Z$9,9,FALSE) -> 60
B21: 45969 | R21: =B21 -> 45969 | S21: =VLOOKUP($B21,$R$3:$X$9,2,FALSE) -> #N/A | T21: =VLOOKUP($B21,$R$3:$X$9,3,FALSE) -> #N/A | U21: =VLOOKUP($B21,$R$3:$X$9,4,FALSE) -> #N/A | V21: =VLOOKUP($B21,$R$3:$X$9,5,FALSE) -> #N/A | W21: =VLOOKUP($B21,$R$3:$X$9,6,FALSE) -> #N/A | X21: =VLOOKUP($B21,$R$3:$X$9,7,FALSE) -> #N/A | Y21: =VLOOKUP($B21,$R$3:$Z$9,8,FALSE) -> #N/A | Z21: =VLOOKUP($B21,$R$3:$Z$9,9,FALSE) -> #N/A
B22: STAG | C22: =[25]Brewhouse!$A457 -> ST433 | D22: =[25]Brewhouse!$AD457 -> 47.6 | E22: =[25]Brewhouse!$AG457 -> 47.2 | F22: =[25]Brewhouse!$V457 -> 61 | G22: =[25]Brewhouse!$AE457 -> 12 | H22: 12 | I22: =[25]Brewhouse!$AS457 -> 95.471136 | J22: =[25]Brewhouse!$AT457 -> 95.848571 | K22: =[25]Brewhouse!$Q457 -> 12.259615 | L22: =[25]Brewhouse!$P457 -> 63 | M22: =[25]Brewhouse!$U457-[25]Brewhouse!$T457 -> 0.11666667 | N22: =[25]Brewhouse!$AW457 -> 0.25277778 | O22: =[25]Brewhouse!$AV457 -> K. Benjamin | R22: =B22 -> STAG | S22: =VLOOKUP($B22,$R$3:$X$9,2,FALSE) -> 11.6 | T22: =VLOOKUP($B22,$R$3:$X$9,3,FALSE) -> 12 | U22: =VLOOKUP($B22,$R$3:$X$9,4,FALSE) -> 0 | V22: =VLOOKUP($B22,$R$3:$X$9,5,FALSE) -> 0.11805556 | W22: =VLOOKUP($B22,$R$3:$X$9,6,FALSE) -> 0.22569444 | X22: =VLOOKUP($B22,$R$3:$X$9,7,FALSE) -> 0.26388889 | Y22: =VLOOKUP($B22,$R$3:$Z$9,8,FALSE) -> 0 | Z22: =VLOOKUP($B22,$R$3:$Z$9,9,FALSE) -> 60
B23: STAG | C23: =[25]Brewhouse!$A458 -> ST434 | D23: =[25]Brewhouse!$AD458 -> 48.6 | E23: =[25]Brewhouse!$AG458 -> 49.3 | F23: =[25]Brewhouse!$V458 -> 60 | G23: =[25]Brewhouse!$AE458 -> 11.7 | H23: 11.7 | I23: =[25]Brewhouse!$AS458 -> 96.855818 | J23: =[25]Brewhouse!$AT458 -> 97.238979 | K23: =[25]Brewhouse!$Q458 -> 10.316699 | L23: =[25]Brewhouse!$P458 -> 58 | M23: =[25]Brewhouse!$U458-[25]Brewhouse!$T458 -> 0.1125 | N23: =[25]Brewhouse!$AW458 -> 0.24791667 | O23: =[25]Brewhouse!$AV458 -> R.Sookram | R23: =B23 -> STAG | S23: =VLOOKUP($B23,$R$3:$X$9,2,FALSE) -> 11.6 | T23: =VLOOKUP($B23,$R$3:$X$9,3,FALSE) -> 12 | U23: =VLOOKUP($B23,$R$3:$X$9,4,FALSE) -> 0 | V23: =VLOOKUP($B23,$R$3:$X$9,5,FALSE) -> 0.11805556 | W23: =VLOOKUP($B23,$R$3:$X$9,6,FALSE) -> 0.22569444 | X23: =VLOOKUP($B23,$R$3:$X$9,7,FALSE) -> 0.26388889 | Y23: =VLOOKUP($B23,$R$3:$Z$9,8,FALSE) -> 0 | Z23: =VLOOKUP($B23,$R$3:$Z$9,9,FALSE) -> 60
B24: STAG | C24: =[25]Brewhouse!$A459 -> ST435 | D24: =[25]Brewhouse!$AD459 -> 47.1 | E24: =[25]Brewhouse!$AG459 -> 47.6 | F24: =[25]Brewhouse!$V459 -> 56 | G24: =[25]Brewhouse!$AE459 -> 11.9 | H24: 11.9 | I24: =[25]Brewhouse!$AS459 -> 94.960555 | J24: =[25]Brewhouse!$AT459 -> 95.336464 | K24: =[25]Brewhouse!$Q459 -> 11.084453 | L24: =[25]Brewhouse!$P459 -> 56 | M24: =[25]Brewhouse!$U459-[25]Brewhouse!$T459 -> 0.10486111 | N24: =[25]Brewhouse!$AW459 -> 0.25972222 | O24: =[25]Brewhouse!$AV459 -> R.Sookram | R24: =B24 -> STAG | S24: =VLOOKUP($B24,$R$3:$X$9,2,FALSE) -> 11.6 | T24: =VLOOKUP($B24,$R$3:$X$9,3,FALSE) -> 12 | U24: =VLOOKUP($B24,$R$3:$X$9,4,FALSE) -> 0 | V24: =VLOOKUP($B24,$R$3:$X$9,5,FALSE) -> 0.11805556 | W24: =VLOOKUP($B24,$R$3:$X$9,6,FALSE) -> 0.22569444 | X24: =VLOOKUP($B24,$R$3:$X$9,7,FALSE) -> 0.26388889 | Y24: =VLOOKUP($B24,$R$3:$Z$9,8,FALSE) -> 0 | Z24: =VLOOKUP($B24,$R$3:$Z$9,9,FALSE) -> 60
B25: STAG | C25: =[25]Brewhouse!$A460 -> ST436 | D25: =[25]Brewhouse!$AD460 -> 50.5 | E25: =[25]Brewhouse!$AG460 -> 51.1 | F25: =[25]Brewhouse!$V460 -> 73 | G25: =[25]Brewhouse!$AE460 -> 11.8 | H25: 11.8 | I25: =[25]Brewhouse!$AS460 -> 100.79067 | J25: =[25]Brewhouse!$AT460 -> 101.18991 | K25: =[25]Brewhouse!$Q460 -> 9.9328215 | L25: =[25]Brewhouse!$P460 -> 59 | M25: =[25]Brewhouse!$U460-[25]Brewhouse!$T460 -> 0.12291667 | N25: =[25]Brewhouse!$AW460 -> 0.25763889 | O25: =[25]Brewhouse!$AV460 -> R.Sookram | R25: =B25 -> STAG | S25: =VLOOKUP($B25,$R$3:$X$9,2,FALSE) -> 11.6 | T25: =VLOOKUP($B25,$R$3:$X$9,3,FALSE) -> 12 | U25: =VLOOKUP($B25,$R$3:$X$9,4,FALSE) -> 0 | V25: =VLOOKUP($B25,$R$3:$X$9,5,FALSE) -> 0.11805556 | W25: =VLOOKUP($B25,$R$3:$X$9,6,FALSE) -> 0.22569444 | X25: =VLOOKUP($B25,$R$3:$X$9,7,FALSE) -> 0.26388889 | Y25: =VLOOKUP($B25,$R$3:$Z$9,8,FALSE) -> 0 | Z25: =VLOOKUP($B25,$R$3:$Z$9,9,FALSE) -> 60
R26: =B26 -> 0 | S26: =VLOOKUP($B26,$R$3:$X$9,2,FALSE) -> #N/A | T26: =VLOOKUP($B26,$R$3:$X$9,3,FALSE) -> #N/A | U26: =VLOOKUP($B26,$R$3:$X$9,4,FALSE) -> #N/A | V26: =VLOOKUP($B26,$R$3:$X$9,5,FALSE) -> #N/A | W26: =VLOOKUP($B26,$R$3:$X$9,6,FALSE) -> #N/A | X26: =VLOOKUP($B26,$R$3:$X$9,7,FALSE) -> #N/A | Y26: =VLOOKUP($B26,$R$3:$Z$9,8,FALSE) -> #N/A | Z26: =VLOOKUP($B26,$R$3:$Z$9,9,FALSE) -> #N/A
R27: =B27 -> 0 | S27: =VLOOKUP($B27,$R$3:$X$9,2,FALSE) -> #N/A | T27: =VLOOKUP($B27,$R$3:$X$9,3,FALSE) -> #N/A | U27: =VLOOKUP($B27,$R$3:$X$9,4,FALSE) -> #N/A | V27: =VLOOKUP($B27,$R$3:$X$9,5,FALSE) -> #N/A | W27: =VLOOKUP($B27,$R$3:$X$9,6,FALSE) -> #N/A | X27: =VLOOKUP($B27,$R$3:$X$9,7,FALSE) -> #N/A | Y27: =VLOOKUP($B27,$R$3:$Z$9,8,FALSE) -> #N/A | Z27: =VLOOKUP($B27,$R$3:$Z$9,9,FALSE) -> #N/A
R28: =B28 -> 0 | S28: =VLOOKUP($B28,$R$3:$X$9,2,FALSE) -> #N/A | T28: =VLOOKUP($B28,$R$3:$X$9,3,FALSE) -> #N/A | U28: =VLOOKUP($B28,$R$3:$X$9,4,FALSE) -> #N/A | V28: =VLOOKUP($B28,$R$3:$X$9,5,FALSE) -> #N/A | W28: =VLOOKUP($B28,$R$3:$X$9,6,FALSE) -> #N/A | X28: =VLOOKUP($B28,$R$3:$X$9,7,FALSE) -> #N/A | Y28: =VLOOKUP($B28,$R$3:$Z$9,8,FALSE) -> #N/A | Z28: =VLOOKUP($B28,$R$3:$Z$9,9,FALSE) -> #N/A
R29: =B29 -> 0 | S29: =VLOOKUP($B29,$R$3:$X$9,2,FALSE) -> #N/A | T29: =VLOOKUP($B29,$R$3:$X$9,3,FALSE) -> #N/A | U29: =VLOOKUP($B29,$R$3:$X$9,4,FALSE) -> #N/A | V29: =VLOOKUP($B29,$R$3:$X$9,5,FALSE) -> #N/A | W29: =VLOOKUP($B29,$R$3:$X$9,6,FALSE) -> #N/A | X29: =VLOOKUP($B29,$R$3:$X$9,7,FALSE) -> #N/A | Y29: =VLOOKUP($B29,$R$3:$Z$9,8,FALSE) -> #N/A | Z29: =VLOOKUP($B29,$R$3:$Z$9,9,FALSE) -> #N/A
B30: BRAND | D30: BBT P.G./ O.G | I30: Brand | K30: MTD No. of Brews | L30: MTD | M30: YTD | N30: Target | R30: =B30 -> BRAND | S30: =VLOOKUP($B30,$R$3:$X$9,2,FALSE) -> #N/A | T30: =VLOOKUP($B30,$R$3:$X$9,3,FALSE) -> #N/A | U30: =VLOOKUP($B30,$R$3:$X$9,4,FALSE) -> #N/A | V30: =VLOOKUP($B30,$R$3:$X$9,5,FALSE) -> #N/A | W30: =VLOOKUP($B30,$R$3:$X$9,6,FALSE) -> #N/A | X30: =VLOOKUP($B30,$R$3:$X$9,7,FALSE) -> #N/A | Y30: =VLOOKUP($B30,$R$3:$Z$9,8,FALSE) -> #N/A | Z30: =VLOOKUP($B30,$R$3:$Z$9,9,FALSE) -> #N/A
I31: CARIB | J31: =AVERAGE(I10:I11) -> 99.040593 | K31: =COUNTA([24]Brewhouse!$A$914:$A$937) -> 24 | L31: =AVERAGE([24]Brewhouse!$AU$914:$AU$937) -> 97.269175 | M31: =AVERAGE([24]Brewhouse!$AU$102:$AU$171,[24]Brewhouse!$AU$173:$AU$253,[24]Brewhouse!$AU$255:$AU$339,[24]Brewhouse!$AU$341:$AU$346,[24]Brewhouse!$AU$348,[24]Brewhouse!$AU$349:$AU$406,[24]Brewhouse!$AU$408:$AU$491,[24]Brewhouse!$AU$493:$AU$578,[24]Brewhouse!$AU$580:$AU$652,[24]Brewhouse!$AU$655:$AU$738,[24]Brewhouse!$A$740:$A$821,[24]Brewhouse!$AU$823:$AU$862,[25]Brewhouse!$AS$420:$AS$423,[24]Brewhouse!$AU$867:$AU$912,[24]Brewhouse!$AU$914:$AU$937) -> 97.699942 | N31: 98 | R31: =B31 -> 0 | S31: =VLOOKUP($B31,$R$3:$X$9,2,FALSE) -> #N/A | T31: =VLOOKUP($B31,$R$3:$X$9,3,FALSE) -> #N/A | U31: =VLOOKUP($B31,$R$3:$X$9,4,FALSE) -> #N/A | V31: =VLOOKUP($B31,$R$3:$X$9,5,FALSE) -> #N/A | W31: =VLOOKUP($B31,$R$3:$X$9,6,FALSE) -> #N/A | X31: =VLOOKUP($B31,$R$3:$X$9,7,FALSE) -> #N/A | Y31: =VLOOKUP($B31,$R$3:$Z$9,8,FALSE) -> #N/A | Z31: =VLOOKUP($B31,$R$3:$Z$9,9,FALSE) -> #N/A
I32: STAG | J32: =AVERAGE(I13:I19,I20:I25) -> 98.317342 | K32: =COUNTA([25]Brewhouse!$A$449:$A$460) -> 12 | L32: =AVERAGE([25]Brewhouse!$AS$449:$AS$460) -> 98.317342 | M32: =AVERAGE([25]Brewhouse!$AS$15:$AS$64,[25]Brewhouse!$AS$66:$AS$103,[25]Brewhouse!$AS$105:$AS$140,[25]Brewhouse!$AS$142:$AS$193,[25]Brewhouse!$AS$195:$AS$240,[25]Brewhouse!$AS$242:$AS$273,[25]Brewhouse!$AS$275:$AS$322,[25]Brewhouse!$AS$324:$AS$359,[25]Brewhouse!$AS$361:$AS$397,[25]Brewhouse!$AS$399:$AS$419,[25]Brewhouse!$AS$424:$AS$447,[25]Brewhouse!$AS$449:$AS$460) -> 97.937186 | N32: 98 | R32: =B32 -> 0 | S32: =VLOOKUP($B32,$R$3:$X$9,2,FALSE) -> #N/A | T32: =VLOOKUP($B32,$R$3:$X$9,3,FALSE) -> #N/A | U32: =VLOOKUP($B32,$R$3:$X$9,4,FALSE) -> #N/A | V32: =VLOOKUP($B32,$R$3:$X$9,5,FALSE) -> #N/A | W32: =VLOOKUP($B32,$R$3:$X$9,6,FALSE) -> #N/A | X32: =VLOOKUP($B32,$R$3:$X$9,7,FALSE) -> #N/A | Y32: =VLOOKUP($B32,$R$3:$Z$9,8,FALSE) -> #N/A | Z32: =VLOOKUP($B32,$R$3:$Z$9,9,FALSE) -> #N/A
I33: GUINNESS | M33: =AVERAGE([26]Brewhouse!$AU$4:$AU$7,[26]Brewhouse!$AU$9:$AU$22,[26]Brewhouse!$AU$24:$AU$35,[26]Brewhouse!$AU$37:$AU$45,[26]Brewhouse!$AU$47:$AU$62,[26]Brewhouse!$AU$64:$AU$79,[26]Brewhouse!$AU$81:$AU$92,[26]Brewhouse!$AU$94:$AU$97,[26]Brewhouse!$AU$99:$AU$106) -> 96.648781 | N33: 98 | R33: =B33 -> 0 | S33: =VLOOKUP($B33,$R$3:$X$9,2,FALSE) -> #N/A | T33: =VLOOKUP($B33,$R$3:$X$9,3,FALSE) -> #N/A | U33: =VLOOKUP($B33,$R$3:$X$9,4,FALSE) -> #N/A | V33: =VLOOKUP($B33,$R$3:$X$9,5,FALSE) -> #N/A | W33: =VLOOKUP($B33,$R$3:$X$9,6,FALSE) -> #N/A | X33: =VLOOKUP($B33,$R$3:$X$9,7,FALSE) -> #N/A | Y33: =VLOOKUP($B33,$R$3:$Z$9,8,FALSE) -> #N/A | Z33: =VLOOKUP($B33,$R$3:$Z$9,9,FALSE) -> #N/A
I34: VITAMALT | K34: =COUNTA([23]Brewhouse!$A$97:$A$104) -> 8 | L34: =AVERAGE([23]Brewhouse!$AV$97:$AV$104) -> 98.419138 | M34: =AVERAGE([23]Brewhouse!$AV$5:$AV$14,[23]Brewhouse!$AV$16:$AV$19,[23]Brewhouse!$AV$21:$AV$24,[23]Brewhouse!$AV$26:$AV$33,[23]Brewhouse!$AV$35:$AV$46,[23]Brewhouse!$AV$48:$AV$53,[23]Brewhouse!$AV$55:$AV$62,[23]Brewhouse!$AV$64:$AV$77,[23]Brewhouse!$AV$79:$AV$86,[23]Brewhouse!$AV$88:$AV$95,[23]Brewhouse!$AV$97:$AV$104) -> 98.270381 | N34: 98 | R34: =B34 -> 0 | S34: =VLOOKUP($B34,$R$3:$X$9,2,FALSE) -> #N/A | T34: =VLOOKUP($B34,$R$3:$X$9,3,FALSE) -> #N/A | U34: =VLOOKUP($B34,$R$3:$X$9,4,FALSE) -> #N/A | V34: =VLOOKUP($B34,$R$3:$X$9,5,FALSE) -> #N/A | W34: =VLOOKUP($B34,$R$3:$X$9,6,FALSE) -> #N/A | X34: =VLOOKUP($B34,$R$3:$X$9,7,FALSE) -> #N/A | Y34: =VLOOKUP($B34,$R$3:$Z$9,8,FALSE) -> #N/A | Z34: =VLOOKUP($B34,$R$3:$Z$9,9,FALSE) -> #N/A
I35: MAXIMALT | N35: 98 | R35: =B35 -> 0 | S35: =VLOOKUP($B35,$R$3:$X$9,2,FALSE) -> #N/A | T35: =VLOOKUP($B35,$R$3:$X$9,3,FALSE) -> #N/A | U35: =VLOOKUP($B35,$R$3:$X$9,4,FALSE) -> #N/A | V35: =VLOOKUP($B35,$R$3:$X$9,5,FALSE) -> #N/A | W35: =VLOOKUP($B35,$R$3:$X$9,6,FALSE) -> #N/A | X35: =VLOOKUP($B35,$R$3:$X$9,7,FALSE) -> #N/A | Y35: =VLOOKUP($B35,$R$3:$Z$9,8,FALSE) -> #N/A | Z35: =VLOOKUP($B35,$R$3:$Z$9,9,FALSE) -> #N/A
I36: MACKESON | M36: =AVERAGE([27]Brewhouse!$AT$4:$AT$11,[27]Brewhouse!$AT$13:$AT$16,[27]Brewhouse!$AT$18:$AT$21,[27]Brewhouse!$AT$26,[27]Brewhouse!$AT$28:$AT$35) -> 94.794664 | N36: 98 | R36: =B36 -> 0 | S36: =VLOOKUP($B36,$R$3:$X$9,2,FALSE) -> #N/A | T36: =VLOOKUP($B36,$R$3:$X$9,3,FALSE) -> #N/A | U36: =VLOOKUP($B36,$R$3:$X$9,4,FALSE) -> #N/A | V36: =VLOOKUP($B36,$R$3:$X$9,5,FALSE) -> #N/A | W36: =VLOOKUP($B36,$R$3:$X$9,6,FALSE) -> #N/A | X36: =VLOOKUP($B36,$R$3:$X$9,7,FALSE) -> #N/A | Y36: =VLOOKUP($B36,$R$3:$Z$9,8,FALSE) -> #N/A | Z36: =VLOOKUP($B36,$R$3:$Z$9,9,FALSE) -> #N/A
I37: STARMALT | K37: =COUNTA([22]Brewhouse!$A$94:$A$97) -> 4 | L37: =AVERAGE([22]Brewhouse!$AY$94:$AY$97) -> 95.326768 | M37: =AVERAGE([22]Brewhouse!$AY$6:$AY$13,[22]Brewhouse!$AY$15:$AY$20,[22]Brewhouse!$AY$22:$AY$29,[22]Brewhouse!$AY$31:$AY$34,[22]Brewhouse!$AY$36:$AY$43,[22]Brewhouse!$AY$45:$AY$50, [22]Brewhouse!$AY$56:$AY$73,[22]Brewhouse!$AY$75:$AY$92,[22]Brewhouse!$AY$94:$AY$97) -> 97.370193 | N37: 98 | R37: =B37 -> 0 | S37: =VLOOKUP($B37,$R$3:$X$9,2,FALSE) -> #N/A | T37: =VLOOKUP($B37,$R$3:$X$9,3,FALSE) -> #N/A | U37: =VLOOKUP($B37,$R$3:$X$9,4,FALSE) -> #N/A | V37: =VLOOKUP($B37,$R$3:$X$9,5,FALSE) -> #N/A | W37: =VLOOKUP($B37,$R$3:$X$9,6,FALSE) -> #N/A | X37: =VLOOKUP($B37,$R$3:$X$9,7,FALSE) -> #N/A | Y37: =VLOOKUP($B37,$R$3:$Z$9,8,FALSE) -> #N/A | Z37: =VLOOKUP($B37,$R$3:$Z$9,9,FALSE) -> #N/A
I38: HR- Pils | M38: =AVERAGE([28]Brewhouse!$AU$5:$AU$8,[28]Brewhouse!$AU$10:$AU$13,[22]Brewhouse!$AY$75:$AY$77) -> 94.749192 | N38: 98 | R38: =B38 -> 0 | S38: =VLOOKUP($B38,$R$3:$X$9,2,FALSE) -> #N/A | T38: =VLOOKUP($B38,$R$3:$X$9,3,FALSE) -> #N/A | U38: =VLOOKUP($B38,$R$3:$X$9,4,FALSE) -> #N/A | V38: =VLOOKUP($B38,$R$3:$X$9,5,FALSE) -> #N/A | W38: =VLOOKUP($B38,$R$3:$X$9,6,FALSE) -> #N/A | X38: =VLOOKUP($B38,$R$3:$X$9,7,FALSE) -> #N/A | Y38: =VLOOKUP($B38,$R$3:$Z$9,8,FALSE) -> #N/A | Z38: =VLOOKUP($B38,$R$3:$Z$9,9,FALSE) -> #N/A
I39: HR- IPA | M39: =AVERAGE([29]Brewhouse!$AW$26:$AW$27) -> 95.310681 | N39: 98 | R39: =B39 -> 0 | S39: =VLOOKUP($B39,$R$3:$X$9,2,FALSE) -> #N/A | T39: =VLOOKUP($B39,$R$3:$X$9,3,FALSE) -> #N/A | U39: =VLOOKUP($B39,$R$3:$X$9,4,FALSE) -> #N/A | V39: =VLOOKUP($B39,$R$3:$X$9,5,FALSE) -> #N/A | W39: =VLOOKUP($B39,$R$3:$X$9,6,FALSE) -> #N/A | X39: =VLOOKUP($B39,$R$3:$X$9,7,FALSE) -> #N/A | Y39: =VLOOKUP($B39,$R$3:$Z$9,8,FALSE) -> #N/A | Z39: =VLOOKUP($B39,$R$3:$Z$9,9,FALSE) -> #N/A
I40: HR- APA | M40: =AVERAGE([30]Brewhouse!$AU$13:$AU$14) -> 97.110575 | N40: 98 | R40: =B40 -> 0 | S40: =VLOOKUP($B40,$R$3:$X$9,2,FALSE) -> #N/A | T40: =VLOOKUP($B40,$R$3:$X$9,3,FALSE) -> #N/A | U40: =VLOOKUP($B40,$R$3:$X$9,4,FALSE) -> #N/A | V40: =VLOOKUP($B40,$R$3:$X$9,5,FALSE) -> #N/A | W40: =VLOOKUP($B40,$R$3:$X$9,6,FALSE) -> #N/A | X40: =VLOOKUP($B40,$R$3:$X$9,7,FALSE) -> #N/A | Y40: =VLOOKUP($B40,$R$3:$Z$9,8,FALSE) -> #N/A | Z40: =VLOOKUP($B40,$R$3:$Z$9,9,FALSE) -> #N/A
K41: =SUM(K31:K40) -> 48 | L41: =((L31*K31)+(L32*K32)+(L33*K33)+(L34*K34)+(L35*K35)+(K38*L38)+(L36*K36)+(L37*K37)+(L40*K40))/(K41) -> 97.56101 | M41: =AVERAGE('[31]Jan 31st'!$L$65,'[32]Feb 28th'!$L$35,'[33]Mar. 31st'!$L$35,'[34]Apr. 30th'!$L$45,'[35]May 30th'!$L$37,'[36]June 30th'!$L$57,'[37]July 29th '!$L$44,'[38]Aug 29th'!$L$29,'[39]Sept 30th'!$L$35,L41) -> 97.574051 | N41: 98 | R41: =B41 -> 0 | S41: =VLOOKUP($B41,$R$3:$X$9,2,FALSE) -> #N/A | T41: =VLOOKUP($B41,$R$3:$X$9,3,FALSE) -> #N/A | U41: =VLOOKUP($B41,$R$3:$X$9,4,FALSE) -> #N/A | V41: =VLOOKUP($B41,$R$3:$X$9,5,FALSE) -> #N/A | W41: =VLOOKUP($B41,$R$3:$X$9,6,FALSE) -> #N/A | X41: =VLOOKUP($B41,$R$3:$X$9,7,FALSE) -> #N/A | Y41: =VLOOKUP($B41,$R$3:$Z$9,8,FALSE) -> #N/A | Z41: =VLOOKUP($B41,$R$3:$Z$9,9,FALSE) -> #N/A
R42: =B42 -> 0 | S42: =VLOOKUP($B42,$R$3:$X$9,2,FALSE) -> #N/A | T42: =VLOOKUP($B42,$R$3:$X$9,3,FALSE) -> #N/A | U42: =VLOOKUP($B42,$R$3:$X$9,4,FALSE) -> #N/A | V42: =VLOOKUP($B42,$R$3:$X$9,5,FALSE) -> #N/A | W42: =VLOOKUP($B42,$R$3:$X$9,6,FALSE) -> #N/A | X42: =VLOOKUP($B42,$R$3:$X$9,7,FALSE) -> #N/A | Y42: =VLOOKUP($B42,$R$3:$Z$9,8,FALSE) -> #N/A | Z42: =VLOOKUP($B42,$R$3:$Z$9,9,FALSE) -> #N/A
J43: Daily Brewing Plan
I44: Brand | J44: Brews Achieved (7th) | K44: Brews Achieved | L44: Average Brews per day
I45: CARIB | J45: =COUNTA(B10:B11) -> 2 | L45: MTD | M45: YTD | N45: TARGET
I46: STAG | J46: 8 | K46: 4 | L46: =AVERAGE('Nov 7th-8th'!K55,'Nov 6th '!K52,'Nov 7th-8th'!J55,'Nov 4th'!K52,'Nov 5th'!K51,Nov.3rd!K52) -> 8 | M46: =AVERAGE('[31]Jan 29th '!$M$70,'[32]Feb 28th'!$L$40,'[33]Mar. 31st'!$L$40,'[34]Apr. 30th'!$L$50,'[35]May 30th'!$L$42,'[36]June 30th'!$L$62,'[37]July 29th '!$L$49,'[38]Aug 29th'!$L$34,'[39]Sept 30th'!$L$40,[40]Oct.31st!$L$43,L46) -> 7.1484278 | N46: 9.2
I47: GUINN
I48: VITAMALT
I49: STARMALT
I50: MACKESON
I51: HURRICANE REEF- IPA
I52: HURRICANE REEF- APA
B53: AVERAGE | I53: HR- PILSNER
I54: CARIBE
I55: Total | J55: =SUM(J45:J54) -> 10 | K55: =SUM(K45:K54) -> 4
B56: Process: | C56: Fermentation/Filtration
B58: Brand | C58: Filt. Date | D58: FV Hls | E58: GFE/ Prim/ Vita Blend (Hls) | F58: SV Hls | G58: BBT Hls | H58: Loss (%) Ferm | I58: Loss (%) Filt | J58: Comments | K58: Throughput | L58: Process Loss (%) | M58: Filt. Operator
AB59: 43474 | AC59: 43475 | AD59: 43476 | AE59: 43477 | AF59: 43478 | AG59: 43479 | AH59: 43480 | AI59: 43481 | AJ59: 43482 | AK59: 43483 | AL59: 43484 | AM59: 43485 | AN59: 43486 | AO59: 43487 | AP59: 43488 | AQ59: 43489 | AR59: 43490 | AS59: 43491 | AT59: 43492 | AU59: 43493 | AV59: 43494 | AW59: 43495 | AX59: 43496
L60: =(((D60+E60)-G60)/(D60+E60))*100 -> #DIV/0! | AB60: =[20]January_2019!L7 -> 285.8 | AC60: =[20]January_2019!M7 -> 508.1 | AD60: =[20]January_2019!N7 -> 0 | AE60: =[20]January_2019!O7 -> 0 | AF60: =[20]January_2019!P7 -> 109.56667 | AG60: =[20]January_2019!Q7 -> 297.65 | AH60: =[20]January_2019!R7 -> 122.3 | AI60: =[20]January_2019!S7 -> 0 | ... AX60: =[20]January_2019!AH7 -> 0
C62: 45966 | L62: =(((D62+E62)-G62)/(D62+E62))*100 -> #DIV/0!
B69: Process Loss (Volume) | G69: Process Loss (Extract) | K69: Throughput
B70: Brand | C70: Actual | D70: MTD | E70: YTD | F70: Target | G70: Actual | H70: MTD | I70: YTD | J70: Target | K70: Actual | L70: MTD | M70: YTD | N70: Target
B71: CARIB | D71: 5.6319231 | E71: 6.0605327 | F71: 4.8 | H71: 7.4734885 | I71: 6.0781747 | J71: 4.8 | L71: 0.28046784 | M71: 0.70199764 | N71: 1
B72: STAG | D72: 5.1671214 | E72: 5.7344697 | F72: 4.8 | H72: 3.8690868 | I72: 6.3491978 | J72: 4.8 | L72: 0.48780702 | M72: 0.65340261 | N72: 1
B73: GUINN | E73: 11.019085 | F73: 5.5 | I73: 12.668713 | J73: 5.5 | M73: 0.49234992 | N73: 1
B74: VITAMALT | D74: 3.7833828 | E74: 4.6226457 | F74: 3.3 | H74: 3.7421886 | I74: 4.4171318 | J74: 3.3 | L74: 0.68263158 | M74: 0.83111216 | N74: 1
B75: APA | E75: 7.8373016 | F75: 3.3 | I75: 5.3377569 | J75: 3 | M75: 0.32596491 | N75: 1
B76: MACKESON | E76: 6.8851328 | F76: =[21]May_2022!$M$43 -> 3.4878407 | I76: 8.6614709 | J76: 5.5 | M76: 0.73160819 | N76: 1
B77: STARMALT | D77: 2.6328862 | E77: 2.9297033 | F77: 3.3 | H77: 2.6328862 | I77: 4.2684292 | J77: 3.3 | L77: 0.6877193 | M77: 0.84660148 | N77: 1
B78: IPA | E78: 11.483254 | F78: 7.5 | I78: 9.7934336 | J78: 7.5 | M78: 0.3245614 | N78: 1
B79: HURRICANE REEF PILS | E79: 7.2653645 | F79: 4.8 | I79: 8.1715311 | J79: 4.8 | M79: 0.51368421 | N79: 1
D80: 4.7955084 | E80: 6.0907166 | F80: 5.5 | H80: 4.1543946 | I80: 6.6005612 | J80: 5.5 | L80: 0.53465643 | M80: 0.68096881 | N80: 1

Sheet Nov 10th
S1: P.G. | U1: Hot Time | W1: Process Time | Y1: Cooling Time
B2: Brewing Department Daily Process Loss Report | S2: Lower | T2: Upper | U2: Lower | V2: Upper | W2: Lower | X2: Upper | Y2: Lower | Z2: Upper
R3: CARIB | S3: 11.6 | T3: 12 | U3: 0 | V3: 0.11805556 | W3: 0.22569444 | X3: 0.26388889 | Y3: 0 | Z3: 60 | AB3: HR- PISNER
B4: Date: | C4: 45972 | J4: LOT WORT COLOUR: 3.3 | M4: Filter Sheets (Target 20 days) | R4: STAG | S4: 11.6 | T4: 12 | U4: 0 | V4: 0.11805556 | W4: 0.22569444 | X4: 0.26388889 | Y4: 0 | Z4: 60
M5: Double | N5: Single | R5: GUINNESS | S5: 17 | T5: 17.5 | U5: 0 | V5: 0.10763889 | W5: 0.24652778 | X5: 0.28472222 | Y5: 0 | Z5: 60
J6: MALT LOT: Lot #4 | L6: Sheet Day | R6: MACKESON | S6: 13.3 | T6: 13.5 | U6: 0 | V6: 0.12905093 | W6: 0.27430556 | X6: 0.30208333 | Y6: 0
R7: STARMALT | S7: 17 | T7: 17.4 | U7: 0 | V7: 0.13605324 | W7: 0.27430556 | X7: 0.30902778 | Y7: 0 | Z7: 85
B8: Brand | C8: Brew no. | D8: Kett. Hls | E8: Wort | F8: Cool Time(Mins) | G8: Cast. P.G. (Lab Result) | H8: Cast P.G. (Cellar Operator)-gravity | I8: Extr. Rec (77.9%) | J8: Theor. Extr. (77.5%) | K8: Boil Off /Vol. (4-6%) | L8: Boil Time | M8: Total Hot | N8: Brewing | O8: Operator | R8: Hurricane Reef | S8: 16.6 | T8: 17 | U8: 0 | V8: 0.12905093 | W8: 0.27430556 | X8: 0.30208333 | Y8: 0
E9: Meter (Hls) | F9: Target(< 60Mins) | M9: Time | R9: VITAMALT | S9: 14.2 | T9: 14.6 | U9: 0 | V9: 0.13905093 | W9: 0.26041667 | X9: 0.29513889 | Y9: 0 | Z9: 75
B10: CARIB | C10: =[24]Brewhouse!$A938 -> CA823 | D10: =[24]Brewhouse!$AF938 -> 49.9 | E10: =[24]Brewhouse!$AI938 -> 49.79 | F10: =[24]Brewhouse!$V938 -> 60 | G10: =[24]Brewhouse!AG938 -> 11.6 | H10: 11.4 | I10: =[24]Brewhouse!$AU938 -> 95.366616 | J10: =[24]Brewhouse!$AV938 -> 95.813611 | K10: =[24]Brewhouse!$Q938 -> 11.148776 | L10: =[24]Brewhouse!$P938 -> 61 | M10: =[24]Brewhouse!$U938-[24]Brewhouse!$T938 -> 0.11597222 | N10: =[24]Brewhouse!$Z938 -> 0.25347222 | O10: =[24]Brewhouse!$AX938 -> R.Sookram | R10: =B10 -> CARIB | S10: =VLOOKUP($B10,$R$3:$X$9,2,FALSE) -> 11.6 | T10: =VLOOKUP($B10,$R$3:$X$9,3,FALSE) -> 12 | U10: =VLOOKUP($B10,$R$3:$X$9,4,FALSE) -> 0 | V10: =VLOOKUP($B10,$R$3:$X$9,5,FALSE) -> 0.11805556 | W10: =VLOOKUP($B10,$R$3:$X$9,6,FALSE) -> 0.22569444 | X10: =VLOOKUP($B10,$R$3:$X$9,7,FALSE) -> 0.26388889 | Y10: =VLOOKUP($B10,$R$3:$Z$9,8,FALSE) -> 0 | Z10: =VLOOKUP($B10,$R$3:$Z$9,9,FALSE) -> 60
B11: CARIB | C11: =[24]Brewhouse!$A939 -> CA824 | D11: =[24]Brewhouse!$AF939 -> 48.8 | E11: =[24]Brewhouse!$AI939 -> 48.18 | F11: =[24]Brewhouse!$V939 -> 58 | G11: =[24]Brewhouse!AG939 -> 12 | H11: 12.1 | I11: =[24]Brewhouse!$AU939 -> 95.75092 | J11: =[24]Brewhouse!$AV939 -> 96.19968 | K11: =[24]Brewhouse!$Q939 -> 9.2830189 | L11: =[24]Brewhouse!$P939 -> 59 | M11: =[24]Brewhouse!$U939-[24]Brewhouse!$T939 -> 0.11736111 | N11: =[24]Brewhouse!$Z939 -> 0.25277778 | O11: =[24]Brewhouse!$AX939 -> K. Benjamin | R11: =B11 -> CARIB | S11: =VLOOKUP($B11,$R$3:$X$9,2,FALSE) -> 11.6 | T11: =VLOOKUP($B11,$R$3:$X$9,3,FALSE) -> 12 | U11: =VLOOKUP($B11,$R$3:$X$9,4,FALSE) -> 0 | V11: =VLOOKUP($B11,$R$3:$X$9,5,FALSE) -> 0.11805556 | W11: =VLOOKUP($B11,$R$3:$X$9,6,FALSE) -> 0.22569444 | X11: =VLOOKUP($B11,$R$3:$X$9,7,FALSE) -> 0.26388889 | Y11: =VLOOKUP($B11,$R$3:$Z$9,8,FALSE) -> 0 | Z11: =VLOOKUP($B11,$R$3:$Z$9,9,FALSE) -> 60
B12: CARIB | C12: =[24]Brewhouse!$A940 -> CA825 | D12: =[24]Brewhouse!$AF940 -> 52 | E12: =[24]Brewhouse!$AI940 -> 49.77 | F12: =[24]Brewhouse!$V940 -> 60 | G12: =[24]Brewhouse!AG940 -> 11.7 | H12: 11.7 | I12: =[24]Brewhouse!$AU940 -> 96.312048 | J12: =[24]Brewhouse!$AV940 -> 96.763438 | K12: =[24]Brewhouse!$Q940 -> 3.245283 | L12: =[24]Brewhouse!$P940 -> 60 | M12: =[24]Brewhouse!$U940-[24]Brewhouse!$T940 -> 0.12013889 | N12: =[24]Brewhouse!$Z940 -> 0.26458333 | O12: =[24]Brewhouse!$AX940 -> K. Benjamin | R12: =B12 -> CARIB | S12: =VLOOKUP($B12,$R$3:$X$9,2,FALSE) -> 11.6 | T12: =VLOOKUP($B12,$R$3:$X$9,3,FALSE) -> 12 | U12: =VLOOKUP($B12,$R$3:$X$9,4,FALSE) -> 0 | V12: =VLOOKUP($B12,$R$3:$X$9,5,FALSE) -> 0.11805556 | W12: =VLOOKUP($B12,$R$3:$X$9,6,FALSE) -> 0.22569444 | X12: =VLOOKUP($B12,$R$3:$X$9,7,FALSE) -> 0.26388889 | Y12: =VLOOKUP($B12,$R$3:$Z$9,8,FALSE) -> 0 | Z12: =VLOOKUP($B12,$R$3:$Z$9,9,FALSE) -> 60
B13: CARIB | C13: =[24]Brewhouse!$A941 -> CA826 | D13: =[24]Brewhouse!$AF941 -> 52.1 | E13: =[24]Brewhouse!$AI941 -> 50.2 | F13: =[24]Brewhouse!$V941 -> 61 | G13: =[24]Brewhouse!AG941 -> 11.8 | H13: 11.7 | I13: =[24]Brewhouse!$AU941 -> 97.776901 | J13: =[24]Brewhouse!$AV941 -> 98.235229 | K13: =[24]Brewhouse!$Q941 -> 3.0566038 | L13: =[24]Brewhouse!$P941 -> 61 | M13: =[24]Brewhouse!$U941-[24]Brewhouse!$T941 -> 0.11597222 | N13: =[24]Brewhouse!$Z941 -> 0.33402778 | O13: =[24]Brewhouse!$AX941 -> K. Benjamin | P13: spent grain removal issues + boiler shut off | R13: =B13 -> CARIB | S13: =VLOOKUP($B13,$R$3:$X$9,2,FALSE) -> 11.6 | T13: =VLOOKUP($B13,$R$3:$X$9,3,FALSE) -> 12 | U13: =VLOOKUP($B13,$R$3:$X$9,4,FALSE) -> 0 | V13: =VLOOKUP($B13,$R$3:$X$9,5,FALSE) -> 0.11805556 | W13: =VLOOKUP($B13,$R$3:$X$9,6,FALSE) -> 0.22569444 | X13: =VLOOKUP($B13,$R$3:$X$9,7,FALSE) -> 0.26388889 | Y13: =VLOOKUP($B13,$R$3:$Z$9,8,FALSE) -> 0 | Z13: =VLOOKUP($B13,$R$3:$Z$9,9,FALSE) -> 60
B14: CARIB | C14: =[24]Brewhouse!$A942 -> CA827 | D14: =[24]Brewhouse!$AF942 -> 52.2 | E14: =[24]Brewhouse!$AI942 -> 50.7 | F14: =[24]Brewhouse!$V942 -> 61 | G14: =[24]Brewhouse!AG942 -> 11.7 | H14: 11.8 | I14: =[24]Brewhouse!$AU942 -> 98.184142 | J14: =[24]Brewhouse!$AV942 -> 98.693147 | K14: =[24]Brewhouse!$Q942 -> 2.8679245 | L14: =[24]Brewhouse!$P942 -> 60 | M14: =[24]Brewhouse!$U942-[24]Brewhouse!$T942 -> 0.10555556 | N14: =[24]Brewhouse!$Z942 -> 0.31597222 | O14: =[24]Brewhouse!$AX942 -> R. Regis | P14: Boiler shut off | R14: =B14 -> CARIB | S14: =VLOOKUP($B14,$R$3:$X$9,2,FALSE) -> 11.6 | T14: =VLOOKUP($B14,$R$3:$X$9,3,FALSE) -> 12 | U14: =VLOOKUP($B14,$R$3:$X$9,4,FALSE) -> 0 | V14: =VLOOKUP($B14,$R$3:$X$9,5,FALSE) -> 0.11805556 | W14: =VLOOKUP($B14,$R$3:$X$9,6,FALSE) -> 0.22569444 | X14: =VLOOKUP($B14,$R$3:$X$9,7,FALSE) -> 0.26388889 | Y14: =VLOOKUP($B14,$R$3:$Z$9,8,FALSE) -> 0 | Z14: =VLOOKUP($B14,$R$3:$Z$9,9,FALSE) -> 60
B15: CARIB | C15: =[24]Brewhouse!$A943 -> CA828 | D15: =[24]Brewhouse!$AF943 -> 53.1 | E15: =[24]Brewhouse!$AI943 -> 51.6 | F15: =[24]Brewhouse!$V943 -> 61 | G15: =[24]Brewhouse!AG943 -> 11.6 | H15: 11.6 | I15: =[24]Brewhouse!$AU943 -> 98.180232 | J15: =[24]Brewhouse!$AV943 -> 98.689502 | K15: =[24]Brewhouse!$Q943 -> 1.3559322 | L15: =[24]Brewhouse!$P943 -> 61 | M15: =[24]Brewhouse!$U943-[24]Brewhouse!$T943 -> 0.10972222 | N15: =[24]Brewhouse!$Z943 -> 0.27430556 | O15: =[24]Brewhouse!$AX943 -> R. Regis | R15: =B15 -> CARIB | S15: =VLOOKUP($B15,$R$3:$X$9,2,FALSE) -> 11.6 | T15: =VLOOKUP($B15,$R$3:$X$9,3,FALSE) -> 12 | U15: =VLOOKUP($B15,$R$3:$X$9,4,FALSE) -> 0 | V15: =VLOOKUP($B15,$R$3:$X$9,5,FALSE) -> 0.11805556 | W15: =VLOOKUP($B15,$R$3:$X$9,6,FALSE) -> 0.22569444 | X15: =VLOOKUP($B15,$R$3:$X$9,7,FALSE) -> 0.26388889 | Y15: =VLOOKUP($B15,$R$3:$Z$9,8,FALSE) -> 0 | Z15: =VLOOKUP($B15,$R$3:$Z$9,9,FALSE) -> 60
B16: CARIB | C16: =[24]Brewhouse!$A944 -> CA829 | D16: =[24]Brewhouse!$AF944 -> 52.4 | E16: =[24]Brewhouse!$AI944 -> 51.4 | F16: =[24]Brewhouse!$V944 -> 65 | G16: =[24]Brewhouse!AG944 -> 11.8 | H16: 11.8 | I16: =[24]Brewhouse!$AU944 -> 100.0646 | J16: =[24]Brewhouse!$AV944 -> 100.58348 | K16: =[24]Brewhouse!$Q944 -> 2.6741996 | L16: =[24]Brewhouse!$P944 -> 60 | M16: =[24]Brewhouse!$U944-[24]Brewhouse!$T944 -> 0.11597222 | N16: =[24]Brewhouse!$Z944 -> 0.25625 | O16: =[24]Brewhouse!$AX944 -> R. Regis | R16: =B16 -> CARIB | S16: =VLOOKUP($B16,$R$3:$X$9,2,FALSE) -> 11.6 | T16: =VLOOKUP($B16,$R$3:$X$9,3,FALSE) -> 12 | U16: =VLOOKUP($B16,$R$3:$X$9,4,FALSE) -> 0 | V16: =VLOOKUP($B16,$R$3:$X$9,5,FALSE) -> 0.11805556 | W16: =VLOOKUP($B16,$R$3:$X$9,6,FALSE) -> 0.22569444 | X16: =VLOOKUP($B16,$R$3:$X$9,7,FALSE) -> 0.26388889 | Y16: =VLOOKUP($B16,$R$3:$Z$9,8,FALSE) -> 0 | Z16: =VLOOKUP($B16,$R$3:$Z$9,9,FALSE) -> 60
B17: CARIB | C17: =[24]Brewhouse!$A945 -> CA830 | E17: =[24]Brewhouse!$AI945 -> 50.26 | F17: =[24]Brewhouse!$V945 -> 58 | G17: =[24]Brewhouse!AG945 -> 11.6 | H17: 11.5 | I17: =[24]Brewhouse!$AU945 -> 96.100866 | J17: =[24]Brewhouse!$AV945 -> 96.599191 | L17: =[24]Brewhouse!$P945 -> 58 | M17: =[24]Brewhouse!$U945-[24]Brewhouse!$T945 -> 0.11388889 | N17: =[24]Brewhouse!$Z945 -> 0.24652778 | O17: =[24]Brewhouse!$AX945 -> R.Sookram | R17: =B17 -> CARIB | S17: =VLOOKUP($B17,$R$3:$X$9,2,FALSE) -> 11.6 | T17: =VLOOKUP($B17,$R$3:$X$9,3,FALSE) -> 12 | U17: =VLOOKUP($B17,$R$3:$X$9,4,FALSE) -> 0 | V17: =VLOOKUP($B17,$R$3:$X$9,5,FALSE) -> 0.11805556 | W17: =VLOOKUP($B17,$R$3:$X$9,6,FALSE) -> 0.22569444 | X17: =VLOOKUP($B17,$R$3:$X$9,7,FALSE) -> 0.26388889 | Y17: =VLOOKUP($B17,$R$3:$Z$9,8,FALSE) -> 0 | Z17: =VLOOKUP($B17,$R$3:$Z$9,9,FALSE) -> 60
R18: =B18 -> 0 | S18: =VLOOKUP($B18,$R$3:$X$9,2,FALSE) -> #N/A | T18: =VLOOKUP($B18,$R$3:$X$9,3,FALSE) -> #N/A | U18: =VLOOKUP($B18,$R$3:$X$9,4,FALSE) -> #N/A | V18: =VLOOKUP($B18,$R$3:$X$9,5,FALSE) -> #N/A | W18: =VLOOKUP($B18,$R$3:$X$9,6,FALSE) -> #N/A | X18: =VLOOKUP($B18,$R$3:$X$9,7,FALSE) -> #N/A | Y18: =VLOOKUP($B18,$R$3:$Z$9,8,FALSE) -> #N/A | Z18: =VLOOKUP($B18,$R$3:$Z$9,9,FALSE) -> #N/A
R19: =B19 -> 0 | S19: =VLOOKUP($B19,$R$3:$X$9,2,FALSE) -> #N/A | T19: =VLOOKUP($B19,$R$3:$X$9,3,FALSE) -> #N/A | U19: =VLOOKUP($B19,$R$3:$X$9,4,FALSE) -> #N/A | V19: =VLOOKUP($B19,$R$3:$X$9,5,FALSE) -> #N/A | W19: =VLOOKUP($B19,$R$3:$X$9,6,FALSE) -> #N/A | X19: =VLOOKUP($B19,$R$3:$X$9,7,FALSE) -> #N/A | Y19: =VLOOKUP($B19,$R$3:$Z$9,8,FALSE) -> #N/A | Z19: =VLOOKUP($B19,$R$3:$Z$9,9,FALSE) -> #N/A
R20: =B20 -> 0 | S20: =VLOOKUP($B20,$R$3:$X$9,2,FALSE) -> #N/A | T20: =VLOOKUP($B20,$R$3:$X$9,3,FALSE) -> #N/A | U20: =VLOOKUP($B20,$R$3:$X$9,4,FALSE) -> #N/A | V20: =VLOOKUP($B20,$R$3:$X$9,5,FALSE) -> #N/A | W20: =VLOOKUP($B20,$R$3:$X$9,6,FALSE) -> #N/A | X20: =VLOOKUP($B20,$R$3:$X$9,7,FALSE) -> #N/A | Y20: =VLOOKUP($B20,$R$3:$Z$9,8,FALSE) -> #N/A | Z20: =VLOOKUP($B20,$R$3:$Z$9,9,FALSE) -> #N/A
R21: =B21 -> 0 | S21: =VLOOKUP($B21,$R$3:$X$9,2,FALSE) -> #N/A | T21: =VLOOKUP($B21,$R$3:$X$9,3,FALSE) -> #N/A | U21: =VLOOKUP($B21,$R$3:$X$9,4,FALSE) -> #N/A | V21: =VLOOKUP($B21,$R$3:$X$9,5,FALSE) -> #N/A | W21: =VLOOKUP($B21,$R$3:$X$9,6,FALSE) -> #N/A | X21: =VLOOKUP($B21,$R$3:$X$9,7,FALSE) -> #N/A | Y21: =VLOOKUP($B21,$R$3:$Z$9,8,FALSE) -> #N/A | Z21: =VLOOKUP($B21,$R$3:$Z$9,9,FALSE) -> #N/A
R22: =B22 -> 0 | S22: =VLOOKUP($B22,$R$3:$X$9,2,FALSE) -> #N/A | T22: =VLOOKUP($B22,$R$3:$X$9,3,FALSE) -> #N/A | U22: =VLOOKUP($B22,$R$3:$X$9,4,FALSE) -> #N/A | V22: =VLOOKUP($B22,$R$3:$X$9,5,FALSE) -> #N/A | W22: =VLOOKUP($B22,$R$3:$X$9,6,FALSE) -> #N/A | X22: =VLOOKUP($B22,$R$3:$X$9,7,FALSE) -> #N/A | Y22: =VLOOKUP($B22,$R$3:$Z$9,8,FALSE) -> #N/A | Z22: =VLOOKUP($B22,$R$3:$Z$9,9,FALSE) -> #N/A
R23: =B23 -> 0 | S23: =VLOOKUP($B23,$R$3:$X$9,2,FALSE) -> #N/A | T23: =VLOOKUP($B23,$R$3:$X$9,3,FALSE) -> #N/A | U23: =VLOOKUP($B23,$R$3:$X$9,4,FALSE) -> #N/A | V23: =VLOOKUP($B23,$R$3:$X$9,5,FALSE) -> #N/A | W23: =VLOOKUP($B23,$R$3:$X$9,6,FALSE) -> #N/A | X23: =VLOOKUP($B23,$R$3:$X$9,7,FALSE) -> #N/A | Y23: =VLOOKUP($B23,$R$3:$Z$9,8,FALSE) -> #N/A | Z23: =VLOOKUP($B23,$R$3:$Z$9,9,FALSE) -> #N/A
R24: =B24 -> 0 | S24: =VLOOKUP($B24,$R$3:$X$9,2,FALSE) -> #N/A | T24: =VLOOKUP($B24,$R$3:$X$9,3,FALSE) -> #N/A | U24: =VLOOKUP($B24,$R$3:$X$9,4,FALSE) -> #N/A | V24: =VLOOKUP($B24,$R$3:$X$9,5,FALSE) -> #N/A | W24: =VLOOKUP($B24,$R$3:$X$9,6,FALSE) -> #N/A | X24: =VLOOKUP($B24,$R$3:$X$9,7,FALSE) -> #N/A | Y24: =VLOOKUP($B24,$R$3:$Z$9,8,FALSE) -> #N/A | Z24: =VLOOKUP($B24,$R$3:$Z$9,9,FALSE) -> #N/A
R25: =B25 -> 0 | S25: =VLOOKUP($B25,$R$3:$X$9,2,FALSE) -> #N/A | T25: =VLOOKUP($B25,$R$3:$X$9,3,FALSE) -> #N/A | U25: =VLOOKUP($B25,$R$3:$X$9,4,FALSE) -> #N/A | V25: =VLOOKUP($B25,$R$3:$X$9,5,FALSE) -> #N/A | W25: =VLOOKUP($B25,$R$3:$X$9,6,FALSE) -> #N/A | X25: =VLOOKUP($B25,$R$3:$X$9,7,FALSE) -> #N/A | Y25: =VLOOKUP($B25,$R$3:$Z$9,8,FALSE) -> #N/A | Z25: =VLOOKUP($B25,$R$3:$Z$9,9,FALSE) -> #N/A
R26: =B26 -> 0 | S26: =VLOOKUP($B26,$R$3:$X$9,2,FALSE) -> #N/A | T26: =VLOOKUP($B26,$R$3:$X$9,3,FALSE) -> #N/A | U26: =VLOOKUP($B26,$R$3:$X$9,4,FALSE) -> #N/A | V26: =VLOOKUP($B26,$R$3:$X$9,5,FALSE) -> #N/A | W26: =VLOOKUP($B26,$R$3:$X$9,6,FALSE) -> #N/A | X26: =VLOOKUP($B26,$R$3:$X$9,7,FALSE) -> #N/A | Y26: =VLOOKUP($B26,$R$3:$Z$9,8,FALSE) -> #N/A | Z26: =VLOOKUP($B26,$R$3:$Z$9,9,FALSE) -> #N/A
R27: =B27 -> 0 | S27: =VLOOKUP($B27,$R$3:$X$9,2,FALSE) -> #N/A | T27: =VLOOKUP($B27,$R$3:$X$9,3,FALSE) -> #N/A | U27: =VLOOKUP($B27,$R$3:$X$9,4,FALSE) -> #N/A | V27: =VLOOKUP($B27,$R$3:$X$9,5,FALSE) -> #N/A | W27: =VLOOKUP($B27,$R$3:$X$9,6,FALSE) -> #N/A | X27: =VLOOKUP($B27,$R$3:$X$9,7,FALSE) -> #N/A | Y27: =VLOOKUP($B27,$R$3:$Z$9,8,FALSE) -> #N/A | Z27: =VLOOKUP($B27,$R$3:$Z$9,9,FALSE) -> #N/A
B28: BRAND | D28: BBT P.G./ O.G | I28: Brand | K28: MTD No. of Brews | L28: MTD | M28: YTD | N28: Target | R28: =B28 -> BRAND | S28: =VLOOKUP($B28,$R$3:$X$9,2,FALSE) -> #N/A | T28: =VLOOKUP($B28,$R$3:$X$9,3,FALSE) -> #N/A | U28: =VLOOKUP($B28,$R$3:$X$9,4,FALSE) -> #N/A | V28: =VLOOKUP($B28,$R$3:$X$9,5,FALSE) -> #N/A | W28: =VLOOKUP($B28,$R$3:$X$9,6,FALSE) -> #N/A | X28: =VLOOKUP($B28,$R$3:$X$9,7,FALSE) -> #N/A | Y28: =VLOOKUP($B28,$R$3:$Z$9,8,FALSE) -> #N/A | Z28: =VLOOKUP($B28,$R$3:$Z$9,9,FALSE) -> #N/A
B29: =I31 -> GUINNESS | C29: {=[26]Process!$D$123:$D$126} -> 17.3 | D29: 17.45 | I29: CARIB | J29: =AVERAGE(I10:I17) -> 97.217041 | K29: =COUNTA([24]Brewhouse!$A$914:$A$945) -> 32 | L29: =AVERAGE([24]Brewhouse!$AU$914:$AU$945) -> 97.256142 | M29: =AVERAGE([24]Brewhouse!$AU$102:$AU$171,[24]Brewhouse!$AU$173:$AU$253,[24]Brewhouse!$AU$255:$AU$339,[24]Brewhouse!$AU$341:$AU$346,[24]Brewhouse!$AU$348,[24]Brewhouse!$AU$349:$AU$406,[24]Brewhouse!$AU$408:$AU$491,[24]Brewhouse!$AU$493:$AU$578,[24]Brewhouse!$AU$580:$AU$652,[24]Brewhouse!$AU$655:$AU$738,[24]Brewhouse!$A$740:$A$821,[24]Brewhouse!$AU$823:$AU$862,[25]Brewhouse!$AS$420:$AS$423,[24]Brewhouse!$AU$867:$AU$912,[24]Brewhouse!$AU$914:$AU$945) -> 97.694791 | N29: 98 | R29: =B29 -> GUINNESS | S29: =VLOOKUP($B29,$R$3:$X$9,2,FALSE) -> 17 | T29: =VLOOKUP($B29,$R$3:$X$9,3,FALSE) -> 17.5 | U29: =VLOOKUP($B29,$R$3:$X$9,4,FALSE) -> 0 | V29: =VLOOKUP($B29,$R$3:$X$9,5,FALSE) -> 0.10763889 | W29: =VLOOKUP($B29,$R$3:$X$9,6,FALSE) -> 0.24652778 | X29: =VLOOKUP($B29,$R$3:$X$9,7,FALSE) -> 0.28472222 | Y29: =VLOOKUP($B29,$R$3:$Z$9,8,FALSE) -> 0 | Z29: =VLOOKUP($B29,$R$3:$Z$9,9,FALSE) -> 60
C30: 17.4 | I30: STAG | K30: =COUNTA([25]Brewhouse!$A$449:$A$460) -> 12 | L30: =AVERAGE([25]Brewhouse!$AS$449:$AS$460) -> 98.317342 | M30: =AVERAGE([25]Brewhouse!$AS$15:$AS$64,[25]Brewhouse!$AS$66:$AS$103,[25]Brewhouse!$AS$105:$AS$140,[25]Brewhouse!$AS$142:$AS$193,[25]Brewhouse!$AS$195:$AS$240,[25]Brewhouse!$AS$242:$AS$273,[25]Brewhouse!$AS$275:$AS$322,[25]Brewhouse!$AS$324:$AS$359,[25]Brewhouse!$AS$361:$AS$397,[25]Brewhouse!$AS$399:$AS$419,[25]Brewhouse!$AS$424:$AS$447,[25]Brewhouse!$AS$449:$AS$460) -> 97.937186 | N30: 98 | R30: =B30 -> 0 | S30: =VLOOKUP($B30,$R$3:$X$9,2,FALSE) -> #N/A | T30: =VLOOKUP($B30,$R$3:$X$9,3,FALSE) -> #N/A | U30: =VLOOKUP($B30,$R$3:$X$9,4,FALSE) -> #N/A | V30: =VLOOKUP($B30,$R$3:$X$9,5,FALSE) -> #N/A | W30: =VLOOKUP($B30,$R$3:$X$9,6,FALSE) -> #N/A | X30: =VLOOKUP($B30,$R$3:$X$9,7,FALSE) -> #N/A | Y30: =VLOOKUP($B30,$R$3:$Z$9,8,FALSE) -> #N/A | Z30: =VLOOKUP($B30,$R$3:$Z$9,9,FALSE) -> #N/A
C31: 17.3 | D31: 17.5 | I31: GUINNESS | M31: =AVERAGE([26]Brewhouse!$AU$4:$AU$7,[26]Brewhouse!$AU$9:$AU$22,[26]Brewhouse!$AU$24:$AU$35,[26]Brewhouse!$AU$37:$AU$45,[26]Brewhouse!$AU$47:$AU$62,[26]Brewhouse!$AU$64:$AU$79,[26]Brewhouse!$AU$81:$AU$92,[26]Brewhouse!$AU$94:$AU$97,[26]Brewhouse!$AU$99:$AU$106) -> 96.648781 | N31: 98 | R31: =B31 -> 0 | S31: =VLOOKUP($B31,$R$3:$X$9,2,FALSE) -> #N/A | T31: =VLOOKUP($B31,$R$3:$X$9,3,FALSE) -> #N/A | U31: =VLOOKUP($B31,$R$3:$X$9,4,FALSE) -> #N/A | V31: =VLOOKUP($B31,$R$3:$X$9,5,FALSE) -> #N/A | W31: =VLOOKUP($B31,$R$3:$X$9,6,FALSE) -> #N/A | X31: =VLOOKUP($B31,$R$3:$X$9,7,FALSE) -> #N/A | Y31: =VLOOKUP($B31,$R$3:$Z$9,8,FALSE) -> #N/A | Z31: =VLOOKUP($B31,$R$3:$Z$9,9,FALSE) -> #N/A
C32: 16.8 | I32: VITAMALT | K32: =COUNTA([23]Brewhouse!$A$97:$A$104) -> 8 | L32: =AVERAGE([23]Brewhouse!$AV$97:$AV$104) -> 98.419138 | M32: =AVERAGE([23]Brewhouse!$AV$5:$AV$14,[23]Brewhouse!$AV$16:$AV$19,[23]Brewhouse!$AV$21:$AV$24,[23]Brewhouse!$AV$26:$AV$33,[23]Brewhouse!$AV$35:$AV$46,[23]Brewhouse!$AV$48:$AV$53,[23]Brewhouse!$AV$55:$AV$62,[23]Brewhouse!$AV$64:$AV$77,[23]Brewhouse!$AV$79:$AV$86,[23]Brewhouse!$AV$88:$AV$95,[23]Brewhouse!$AV$97:$AV$104) -> 98.270381 | N32: 98 | R32: =B32 -> 0 | S32: =VLOOKUP($B32,$R$3:$X$9,2,FALSE) -> #N/A | T32: =VLOOKUP($B32,$R$3:$X$9,3,FALSE) -> #N/A | U32: =VLOOKUP($B32,$R$3:$X$9,4,FALSE) -> #N/A | V32: =VLOOKUP($B32,$R$3:$X$9,5,FALSE) -> #N/A | W32: =VLOOKUP($B32,$R$3:$X$9,6,FALSE) -> #N/A | X32: =VLOOKUP($B32,$R$3:$X$9,7,FALSE) -> #N/A | Y32: =VLOOKUP($B32,$R$3:$Z$9,8,FALSE) -> #N/A | Z32: =VLOOKUP($B32,$R$3:$Z$9,9,FALSE) -> #N/A
I33: MAXIMALT | N33: 98 | R33: =B33 -> 0 | S33: =VLOOKUP($B33,$R$3:$X$9,2,FALSE) -> #N/A | T33: =VLOOKUP($B33,$R$3:$X$9,3,FALSE) -> #N/A | U33: =VLOOKUP($B33,$R$3:$X$9,4,FALSE) -> #N/A | V33: =VLOOKUP($B33,$R$3:$X$9,5,FALSE) -> #N/A | W33: =VLOOKUP($B33,$R$3:$X$9,6,FALSE) -> #N/A | X33: =VLOOKUP($B33,$R$3:$X$9,7,FALSE) -> #N/A | Y33: =VLOOKUP($B33,$R$3:$Z$9,8,FALSE) -> #N/A | Z33: =VLOOKUP($B33,$R$3:$Z$9,9,FALSE) -> #N/A
I34: MACKESON | M34: =AVERAGE([27]Brewhouse!$AT$4:$AT$11,[27]Brewhouse!$AT$13:$AT$16,[27]Brewhouse!$AT$18:$AT$21,[27]Brewhouse!$AT$26,[27]Brewhouse!$AT$28:$AT$35) -> 94.794664 | N34: 98 | R34: =B34 -> 0 | S34: =VLOOKUP($B34,$R$3:$X$9,2,FALSE) -> #N/A | T34: =VLOOKUP($B34,$R$3:$X$9,3,FALSE) -> #N/A | U34: =VLOOKUP($B34,$R$3:$X$9,4,FALSE) -> #N/A | V34: =VLOOKUP($B34,$R$3:$X$9,5,FALSE) -> #N/A | W34: =VLOOKUP($B34,$R$3:$X$9,6,FALSE) -> #N/A | X34: =VLOOKUP($B34,$R$3:$X$9,7,FALSE) -> #N/A | Y34: =VLOOKUP($B34,$R$3:$Z$9,8,FALSE) -> #N/A | Z34: =VLOOKUP($B34,$R$3:$Z$9,9,FALSE) -> #N/A
I35: STARMALT | K35: =COUNTA([22]Brewhouse!$A$94:$A$97) -> 4 | L35: =AVERAGE([22]Brewhouse!$AY$94:$AY$97) -> 95.326768 | M35: =AVERAGE([22]Brewhouse!$AY$6:$AY$13,[22]Brewhouse!$AY$15:$AY$20,[22]Brewhouse!$AY$22:$AY$29,[22]Brewhouse!$AY$31:$AY$34,[22]Brewhouse!$AY$36:$AY$43,[22]Brewhouse!$AY$45:$AY$50, [22]Brewhouse!$AY$56:$AY$73,[22]Brewhouse!$AY$75:$AY$92,[22]Brewhouse!$AY$94:$AY$97) -> 97.370193 | N35: 98 | R35: =B35 -> 0 | S35: =VLOOKUP($B35,$R$3:$X$9,2,FALSE) -> #N/A | T35: =VLOOKUP($B35,$R$3:$X$9,3,FALSE) -> #N/A | U35: =VLOOKUP($B35,$R$3:$X$9,4,FALSE) -> #N/A | V35: =VLOOKUP($B35,$R$3:$X$9,5,FALSE) -> #N/A | W35: =VLOOKUP($B35,$R$3:$X$9,6,FALSE) -> #N/A | X35: =VLOOKUP($B35,$R$3:$X$9,7,FALSE) -> #N/A | Y35: =VLOOKUP($B35,$R$3:$Z$9,8,FALSE) -> #N/A | Z35: =VLOOKUP($B35,$R$3:$Z$9,9,FALSE) -> #N/A
I36: HR- Pils | M36: =AVERAGE([28]Brewhouse!$AU$5:$AU$8,[28]Brewhouse!$AU$10:$AU$13,[22]Brewhouse!$AY$75:$AY$77) -> 94.749192 | N36: 98 | R36: =B36 -> 0 | S36: =VLOOKUP($B36,$R$3:$X$9,2,FALSE) -> #N/A | T36: =VLOOKUP($B36,$R$3:$X$9,3,FALSE) -> #N/A | U36: =VLOOKUP($B36,$R$3:$X$9,4,FALSE) -> #N/A | V36: =VLOOKUP($B36,$R$3:$X$9,5,FALSE) -> #N/A | W36: =VLOOKUP($B36,$R$3:$X$9,6,FALSE) -> #N/A | X36: =VLOOKUP($B36,$R$3:$X$9,7,FALSE) -> #N/A | Y36: =VLOOKUP($B36,$R$3:$Z$9,8,FALSE) -> #N/A | Z36: =VLOOKUP($B36,$R$3:$Z$9,9,FALSE) -> #N/A
I37: HR- IPA | M37: =AVERAGE([29]Brewhouse!$AW$26:$AW$27) -> 95.310681 | N37: 98 | R37: =B37 -> 0 | S37: =VLOOKUP($B37,$R$3:$X$9,2,FALSE) -> #N/A | T37: =VLOOKUP($B37,$R$3:$X$9,3,FALSE) -> #N/A | U37: =VLOOKUP($B37,$R$3:$X$9,4,FALSE) -> #N/A | V37: =VLOOKUP($B37,$R$3:$X$9,5,FALSE) -> #N/A | W37: =VLOOKUP($B37,$R$3:$X$9,6,FALSE) -> #N/A | X37: =VLOOKUP($B37,$R$3:$X$9,7,FALSE) -> #N/A | Y37: =VLOOKUP($B37,$R$3:$Z$9,8,FALSE) -> #N/A | Z37: =VLOOKUP($B37,$R$3:$Z$9,9,FALSE) -> #N/A
I38: HR- APA | M38: =AVERAGE([30]Brewhouse!$AU$13:$AU$14) -> 97.110575 | N38: 98 | R38: =B38 -> 0 | S38: =VLOOKUP($B38,$R$3:$X$9,2,FALSE) -> #N/A | T38: =VLOOKUP($B38,$R$3:$X$9,3,FALSE) -> #N/A | U38: =VLOOKUP($B38,$R$3:$X$9,4,FALSE) -> #N/A | V38: =VLOOKUP($B38,$R$3:$X$9,5,FALSE) -> #N/A | W38: =VLOOKUP($B38,$R$3:$X$9,6,FALSE) -> #N/A | X38: =VLOOKUP($B38,$R$3:$X$9,7,FALSE) -> #N/A | Y38: =VLOOKUP($B38,$R$3:$Z$9,8,FALSE) -> #N/A | Z38: =VLOOKUP($B38,$R$3:$Z$9,9,FALSE) -> #N/A
K39: =SUM(K29:K38) -> 56 | L39: =((L29*K29)+(L30*K30)+(L31*K31)+(L32*K32)+(L33*K33)+(K36*L36)+(L34*K34)+(L35*K35)+(L38*K38))/(K39) -> 97.511872 | M39: =AVERAGE('[31]Jan 31st'!$L$65,'[32]Feb 28th'!$L$35,'[33]Mar. 31st'!$L$35,'[34]Apr. 30th'!$L$45,'[35]May 30th'!$L$37,'[36]June 30th'!$L$57,'[37]July 29th '!$L$44,'[38]Aug 29th'!$L$29,'[39]Sept 30th'!$L$35,L39) -> 97.569137 | N39: 98 | R39: =B39 -> 0 | S39: =VLOOKUP($B39,$R$3:$X$9,2,FALSE) -> #N/A | T39: =VLOOKUP($B39,$R$3:$X$9,3,FALSE) -> #N/A | U39: =VLOOKUP($B39,$R$3:$X$9,4,FALSE) -> #N/A | V39: =VLOOKUP($B39,$R$3:$X$9,5,FALSE) -> #N/A | W39: =VLOOKUP($B39,$R$3:$X$9,6,FALSE) -> #N/A | X39: =VLOOKUP($B39,$R$3:$X$9,7,FALSE) -> #N/A | Y39: =VLOOKUP($B39,$R$3:$Z$9,8,FALSE) -> #N/A | Z39: =VLOOKUP($B39,$R$3:$Z$9,9,FALSE) -> #N/A
R40: =B40 -> 0 | S40: =VLOOKUP($B40,$R$3:$X$9,2,FALSE) -> #N/A | T40: =VLOOKUP($B40,$R$3:$X$9,3,FALSE) -> #N/A | U40: =VLOOKUP($B40,$R$3:$X$9,4,FALSE) -> #N/A | V40: =VLOOKUP($B40,$R$3:$X$9,5,FALSE) -> #N/A | W40: =VLOOKUP($B40,$R$3:$X$9,6,FALSE) -> #N/A | X40: =VLOOKUP($B40,$R$3:$X$9,7,FALSE) -> #N/A | Y40: =VLOOKUP($B40,$R$3:$Z$9,8,FALSE) -> #N/A | Z40: =VLOOKUP($B40,$R$3:$Z$9,9,FALSE) -> #N/A
B41: =I29 -> CARIB | C41: {=[24]Process!$D$872:$D$879} -> 11.8 | D41: 11.84 | J41: Daily Brewing Plan
C42: 11.8 | J42: Brand | K42: Brews Achieved | L42: Average Brews per day
C43: 11.7 | D43: 11.78 | J43: CARIB | K43: =COUNTA(B10:B17) -> 8 | L43: MTD | M43: YTD | N43: TARGET
C44: 11.8 | J44: STAG | L44: =AVERAGE('Nov 10th'!K53,'Nov 6th '!K52,'Nov 7th-8th'!J55,'Nov 7th-8th'!K55,'Nov 4th'!K52,'Nov 5th'!K51,Nov.3rd!K52) -> 8 | M44: =AVERAGE('[31]Jan 29th '!$M$70,'[32]Feb 28th'!$L$40,'[33]Mar. 31st'!$L$40,'[34]Apr. 30th'!$L$50,'[35]May 30th'!$L$42,'[36]June 30th'!$L$62,'[37]July 29th '!$L$49,'[38]Aug 29th'!$L$34,'[39]Sept 30th'!$L$40,[40]Oct.31st!$L$43,L44) -> 7.1484278 | N44: 9.2
C45: 11.7 | D45: 11.74 | J45: GUINN
C46: 11.6 | J46: VITAMALT
C47: 11.5 | D47: 11.76 | J47: STARMALT
C48: 11.7 | J48: MACKESON
C49: =[24]Process!$D$866 -> 11.7 | J49: HURRICANE REEF- IPA
J50: HURRICANE REEF- APA
B51: AVERAGE | J51: HR- PILSNER
J52: CARIBE
J53: Total | K53: =SUM(K43:K52) -> 8
B54: Process: | C54: Fermentation/Filtration
B56: Brand | C56: Filt. Date | D56: FV Hls | E56: GFE/ Prim/ Vita Blend (Hls) | F56: SV Hls | G56: BBT Hls | H56: Loss (%) Ferm | I56: Loss (%) Filt | J56: Comments | K56: Throughput | L56: Process Loss (%) | M56: Filt. Operator
AB57: 43474 | AC57: 43475 | AD57: 43476 | AE57: 43477 | AF57: 43478 | AG57: 43479 | AH57: 43480 | AI57: 43481 | AJ57: 43482 | AK57: 43483 | AL57: 43484 | AM57: 43485 | AN57: 43486 | AO57: 43487 | AP57: 43488 | AQ57: 43489 | AR57: 43490 | AS57: 43491 | AT57: 43492 | AU57: 43493 | AV57: 43494 | AW57: 43495 | AX57: 43496
B58: =I31 -> GUINNESS | C58: 45971 | D58: =[41]November_2025!$M$23 -> 184.2 | E58: =SUM([43]GUINNESS!$S$10) -> 4.6 | G58: =[41]November_2025!$M$28 -> 177 | J58: 1 SBF | K58: =[42]November_2025!$M$32 -> 0.31052632 | L58: =(((D58+E58)-G58)/(D58+E58))*100 -> 6.25 | M58: G. Mason | AB58: =[20]January_2019!L7 -> 285.8 | AC58: =[20]January_2019!M7 -> 508.1 | AD58: =[20]January_2019!N7 -> 0 | AE58: =[20]January_2019!O7 -> 0 | AF58: =[20]January_2019!P7 -> 109.56667 | AG58: =[20]January_2019!Q7 -> 297.65 | AH58: =[20]January_2019!R7 -> 122.3 | AI58: =[20]January_2019!S7 -> 0 | ... AX58: =[20]January_2019!AH7 -> 0
B60: =J43 -> CARIB | C60: 45971 | D60: =[41]November_2025!$M$3 -> 451.4 | G60: =[41]November_2025!$M$7 -> 396.5 | J60: 2SBF | K60: =[42]November_2025!$M$18 -> 0.69561404 | L60: =(((D60+E60)-G60)/(D60+E60))*100 -> 12.162162 | M60: T. Charles
B67: Process Loss (Volume) | G67: Process Loss (Extract) | K67: Throughput
B68: Brand | C68: Actual | D68: MTD | E68: YTD | F68: Target | G68: Actual | H68: MTD | I68: YTD | J68: Target | K68: Actual | L68: MTD | M68: YTD | N68: Target
B69: CARIB | C69: =L60 -> 12.162162 | D69: 8.0869493 | E69: 6.127863 | F69: 4.8 | G69: =[41]November_2025!$M$11 -> 11.587589 | H69: 10.078489 | I69: 6.1392031 | J69: 4.8 | K69: =K60 -> 0.69561404 | L69: 0.48804094 | M69: 0.70822007 | N69: 1
B70: STAG | D70: 5.1671214 | E70: 5.7344697 | F70: 4.8 | H70: 3.8690868 | I70: 6.3491978 | J70: 4.8 | L70: 0.48780702 | M70: 0.65340261 | N70: 1
B71: GUINN | C71: =L58 -> 6.25 | D71: 6.25 | E71: 10.839987 | F71: 5.5 | G71: =[41]November_2025!$M$32 -> 6.2847885 | H71: 6.2847885 | I71: 12.456668 | J71: 5.5 | K71: =K58 -> 0.31052632 | L71: 0.31052632 | M71: 0.50633096 | N71: 1
B72: VITAMALT | D72: 3.7833828 | E72: 4.6226457 | F72: 3.3 | H72: 3.7421886 | I72: 4.4171318 | J72: 3.3 | L72: 0.68263158 | M72: 0.83111216 | N72: 1
B73: APA | E73: 7.8373016 | F73: 3.3 | I73: 5.3377569 | J73: 3 | M73: 0.32596491 | N73: 1
B74: MACKESON | E74: 6.8851328 | F74: =[21]May_2022!$M$43 -> 3.4878407 | I74: 8.6614709 | J74: 5.5 | M74: 0.73160819 | N74: 1
B75: STARMALT | D75: 2.6328862 | E75: 2.9297033 | F75: 3.3 | H75: 2.6328862 | I75: 4.2684292 | J75: 3.3 | L75: 0.6877193 | M75: 0.84660148 | N75: 1
B76: IPA | E76: 11.483254 | F76: 7.5 | I76: 9.7934336 | J76: 7.5 | M76: 0.3245614 | N76: 1
B77: HURRICANE REEF PILS | E77: 7.2653645 | F77: 4.8 | I77: 8.1715311 | J77: 4.8 | M77: 0.51368421 | N77: 1
D78: 6.1899597 | E78: 6.1248098 | F78: 5.5 | H78: 5.7577728 | I78: 6.6256281 | J78: 5.5 | L78: 0.52412768 | M78: 0.68525122 | N78: 1

Sheet Nov 11th
S1: P.G. | U1: Hot Time | W1: Process Time | Y1: Cooling Time
B2: Brewing Department Daily Process Loss Report | S2: Lower | T2: Upper | U2: Lower | V2: Upper | W2: Lower | X2: Upper | Y2: Lower | Z2: Upper
R3: CARIB | S3: 11.6 | T3: 12 | U3: 0 | V3: 0.11805556 | W3: 0.22569444 | X3: 0.26388889 | Y3: 0 | Z3: 60 | AB3: HR- PISNER
B4: Date: | C4: 45973 | J4: LOT WORT COLOUR: 3.3 | M4: Filter Sheets (Target 20 days) | R4: STAG | S4: 11.6 | T4: 12 | U4: 0 | V4: 0.11805556 | W4: 0.22569444 | X4: 0.26388889 | Y4: 0 | Z4: 60
M5: Double | N5: Single | R5: GUINNESS | S5: 17 | T5: 17.5 | U5: 0 | V5: 0.10763889 | W5: 0.24652778 | X5: 0.28472222 | Y5: 0 | Z5: 60
J6: MALT LOT: Lot #4 | L6: Sheet Day | R6: MACKESON | S6: 13.3 | T6: 13.5 | U6: 0 | V6: 0.12905093 | W6: 0.27430556 | X6: 0.30208333 | Y6: 0
R7: STARMALT | S7: 17 | T7: 17.4 | U7: 0 | V7: 0.13605324 | W7: 0.27430556 | X7: 0.30902778 | Y7: 0 | Z7: 85
B8: Brand | C8: Brew no. | D8: Kett. Hls | E8: Wort | F8: Cool Time(Mins) | G8: Cast. P.G. (Lab Result) | H8: Cast P.G. (Cellar Operator)-gravity | I8: Extr. Rec (77.9%) | J8: Theor. Extr. (77.5%) | K8: Boil Off /Vol. (4-6%) | L8: Boil Time | M8: Total Hot | N8: Brewing | O8: Operator | R8: Hurricane Reef | S8: 16.6 | T8: 17 | U8: 0 | V8: 0.12905093 | W8: 0.27430556 | X8: 0.30208333 | Y8: 0
E9: Meter (Hls) | F9: Target(< 60Mins) | M9: Time | R9: VITAMALT | S9: 14.2 | T9: 14.6 | U9: 0 | V9: 0.13905093 | W9: 0.26041667 | X9: 0.29513889 | Y9: 0 | Z9: 75
B10: CARIB | C10: =[24]Brewhouse!$A946 -> CA831 | D10: =[24]Brewhouse!$AF946 -> 50.3 | E10: =[24]Brewhouse!$AI946 -> 49.9 | F10: =[24]Brewhouse!$V946 -> 61 | G10: =[24]Brewhouse!AG946 -> 11.65 | H10: 11.7 | I10: =[24]Brewhouse!$AU946 -> 95.690263 | J10: =[24]Brewhouse!$AV946 -> 96.186656 | K10: =[24]Brewhouse!$Q946 -> 7.3822976 | L10: =[24]Brewhouse!$P946 -> 59 | M10: =[24]Brewhouse!$U946-[24]Brewhouse!$T946 -> 0.10972222 | N10: =[24]Brewhouse!$Z946 -> 0.24583333 | O10: =[24]Brewhouse!$AX946 -> R. Regis | R10: =B10 -> CARIB | S10: =VLOOKUP($B10,$R$3:$X$9,2,FALSE) -> 11.6 | T10: =VLOOKUP($B10,$R$3:$X$9,3,FALSE) -> 12 | U10: =VLOOKUP($B10,$R$3:$X$9,4,FALSE) -> 0 | V10: =VLOOKUP($B10,$R$3:$X$9,5,FALSE) -> 0.11805556 | W10: =VLOOKUP($B10,$R$3:$X$9,6,FALSE) -> 0.22569444 | X10: =VLOOKUP($B10,$R$3:$X$9,7,FALSE) -> 0.26388889 | Y10: =VLOOKUP($B10,$R$3:$Z$9,8,FALSE) -> 0 | Z10: =VLOOKUP($B10,$R$3:$Z$9,9,FALSE) -> 60
B11: CARIB | C11: =[24]Brewhouse!$A947 -> CA832 | D11: =[24]Brewhouse!$AF947 -> 51.3 | E11: =[24]Brewhouse!$AI947 -> 49.13 | F11: =[24]Brewhouse!$V947 -> 60 | G11: =[24]Brewhouse!AG947 -> 11.6 | H11: 11.6 | I11: =[24]Brewhouse!$AU947 -> 93.824873 | J11: =[24]Brewhouse!$AV947 -> 94.311435 | K11: =[24]Brewhouse!$Q947 -> 4.7457627 | L11: =[24]Brewhouse!$P947 -> 61 | M11: =[24]Brewhouse!$U947-[24]Brewhouse!$T947 -> 0.11111111 | N11: =[24]Brewhouse!$Z947 -> 0.26180556 | O11: =[24]Brewhouse!$AX947 -> R. Regis | R11: =B11 -> CARIB | S11: =VLOOKUP($B11,$R$3:$X$9,2,FALSE) -> 11.6 | T11: =VLOOKUP($B11,$R$3:$X$9,3,FALSE) -> 12 | U11: =VLOOKUP($B11,$R$3:$X$9,4,FALSE) -> 0 | V11: =VLOOKUP($B11,$R$3:$X$9,5,FALSE) -> 0.11805556 | W11: =VLOOKUP($B11,$R$3:$X$9,6,FALSE) -> 0.22569444 | X11: =VLOOKUP($B11,$R$3:$X$9,7,FALSE) -> 0.26388889 | Y11: =VLOOKUP($B11,$R$3:$Z$9,8,FALSE) -> 0 | Z11: =VLOOKUP($B11,$R$3:$Z$9,9,FALSE) -> 60
B12: CARIB | C12: =[24]Brewhouse!$A948 -> CA833 | D12: =[24]Brewhouse!$AF948 -> 53.9 | E12: =[24]Brewhouse!$AI948 -> 51.2 | F12: =[24]Brewhouse!$V948 -> 63 | G12: =[24]Brewhouse!AG948 -> 11.8 | H12: 11.8 | I12: =[24]Brewhouse!$AU948 -> 100.91591 | J12: =[24]Brewhouse!$AV948 -> 101.43878 | K12: =[24]Brewhouse!$Q948 -> 0.41509434 | L12: =[24]Brewhouse!$P948 -> 60 | M12: =[24]Brewhouse!$U948-[24]Brewhouse!$T948 -> 0.14027778 | N12: =[24]Brewhouse!$Z948 -> 0.30069444 | O12: =[24]Brewhouse!$AX948 -> R. Regis | P12: 15mins extra boil | R12: =B12 -> CARIB | S12: =VLOOKUP($B12,$R$3:$X$9,2,FALSE) -> 11.6 | T12: =VLOOKUP($B12,$R$3:$X$9,3,FALSE) -> 12 | U12: =VLOOKUP($B12,$R$3:$X$9,4,FALSE) -> 0 | V12: =VLOOKUP($B12,$R$3:$X$9,5,FALSE) -> 0.11805556 | W12: =VLOOKUP($B12,$R$3:$X$9,6,FALSE) -> 0.22569444 | X12: =VLOOKUP($B12,$R$3:$X$9,7,FALSE) -> 0.26388889 | Y12: =VLOOKUP($B12,$R$3:$Z$9,8,FALSE) -> 0 | Z12: =VLOOKUP($B12,$R$3:$Z$9,9,FALSE) -> 60
B13: CARIB | C13: =[24]Brewhouse!$A949 -> CA834 | D13: =[24]Brewhouse!$AF949 -> 54.1 | E13: =[24]Brewhouse!$AI949 -> 51.6 | F13: =[24]Brewhouse!$V949 -> 69 | G13: =[24]Brewhouse!AG949 -> 11.5 | H13: 11.4 | I13: =[24]Brewhouse!$AU949 -> 96.697662 | J13: =[24]Brewhouse!$AV949 -> 97.199439 | K13: =[24]Brewhouse!$Q949 -> -0.52730697 | L13: =[24]Brewhouse!$P949 -> 58 | M13: =[24]Brewhouse!$U949-[24]Brewhouse!$T949 -> 0.10972222 | N13: =[24]Brewhouse!$Z949 -> 0.40763889 | O13: =[24]Brewhouse!$AX949 -> R.Sookram | P13: Issues with mash tun valve motor tripped | R13: =B13 -> CARIB | S13: =VLOOKUP($B13,$R$3:$X$9,2,FALSE) -> 11.6 | T13: =VLOOKUP($B13,$R$3:$X$9,3,FALSE) -> 12 | U13: =VLOOKUP($B13,$R$3:$X$9,4,FALSE) -> 0 | V13: =VLOOKUP($B13,$R$3:$X$9,5,FALSE) -> 0.11805556 | W13: =VLOOKUP($B13,$R$3:$X$9,6,FALSE) -> 0.22569444 | X13: =VLOOKUP($B13,$R$3:$X$9,7,FALSE) -> 0.26388889 | Y13: =VLOOKUP($B13,$R$3:$Z$9,8,FALSE) -> 0 | Z13: =VLOOKUP($B13,$R$3:$Z$9,9,FALSE) -> 60
R14: =B14 -> 0 | S14: =VLOOKUP($B14,$R$3:$X$9,2,FALSE) -> #N/A | T14: =VLOOKUP($B14,$R$3:$X$9,3,FALSE) -> #N/A | U14: =VLOOKUP($B14,$R$3:$X$9,4,FALSE) -> #N/A | V14: =VLOOKUP($B14,$R$3:$X$9,5,FALSE) -> #N/A | W14: =VLOOKUP($B14,$R$3:$X$9,6,FALSE) -> #N/A | X14: =VLOOKUP($B14,$R$3:$X$9,7,FALSE) -> #N/A | Y14: =VLOOKUP($B14,$R$3:$Z$9,8,FALSE) -> #N/A | Z14: =VLOOKUP($B14,$R$3:$Z$9,9,FALSE) -> #N/A
R15: =B15 -> 0 | S15: =VLOOKUP($B15,$R$3:$X$9,2,FALSE) -> #N/A | T15: =VLOOKUP($B15,$R$3:$X$9,3,FALSE) -> #N/A | U15: =VLOOKUP($B15,$R$3:$X$9,4,FALSE) -> #N/A | V15: =VLOOKUP($B15,$R$3:$X$9,5,FALSE) -> #N/A | W15: =VLOOKUP($B15,$R$3:$X$9,6,FALSE) -> #N/A | X15: =VLOOKUP($B15,$R$3:$X$9,7,FALSE) -> #N/A | Y15: =VLOOKUP($B15,$R$3:$Z$9,8,FALSE) -> #N/A | Z15: =VLOOKUP($B15,$R$3:$Z$9,9,FALSE) -> #N/A
R16: =B16 -> 0 | S16: =VLOOKUP($B16,$R$3:$X$9,2,FALSE) -> #N/A | T16: =VLOOKUP($B16,$R$3:$X$9,3,FALSE) -> #N/A | U16: =VLOOKUP($B16,$R$3:$X$9,4,FALSE) -> #N/A | V16: =VLOOKUP($B16,$R$3:$X$9,5,FALSE) -> #N/A | W16: =VLOOKUP($B16,$R$3:$X$9,6,FALSE) -> #N/A | X16: =VLOOKUP($B16,$R$3:$X$9,7,FALSE) -> #N/A | Y16: =VLOOKUP($B16,$R$3:$Z$9,8,FALSE) -> #N/A | Z16: =VLOOKUP($B16,$R$3:$Z$9,9,FALSE) -> #N/A
R17: =B17 -> 0 | S17: =VLOOKUP($B17,$R$3:$X$9,2,FALSE) -> #N/A | T17: =VLOOKUP($B17,$R$3:$X$9,3,FALSE) -> #N/A | U17: =VLOOKUP($B17,$R$3:$X$9,4,FALSE) -> #N/A | V17: =VLOOKUP($B17,$R$3:$X$9,5,FALSE) -> #N/A | W17: =VLOOKUP($B17,$R$3:$X$9,6,FALSE) -> #N/A | X17: =VLOOKUP($B17,$R$3:$X$9,7,FALSE) -> #N/A | Y17: =VLOOKUP($B17,$R$3:$Z$9,8,FALSE) -> #N/A | Z17: =VLOOKUP($B17,$R$3:$Z$9,9,FALSE) -> #N/A
R18: =B18 -> 0 | S18: =VLOOKUP($B18,$R$3:$X$9,2,FALSE) -> #N/A | T18: =VLOOKUP($B18,$R$3:$X$9,3,FALSE) -> #N/A | U18: =VLOOKUP($B18,$R$3:$X$9,4,FALSE) -> #N/A | V18: =VLOOKUP($B18,$R$3:$X$9,5,FALSE) -> #N/A | W18: =VLOOKUP($B18,$R$3:$X$9,6,FALSE) -> #N/A | X18: =VLOOKUP($B18,$R$3:$X$9,7,FALSE) -> #N/A | Y18: =VLOOKUP($B18,$R$3:$Z$9,8,FALSE) -> #N/A | Z18: =VLOOKUP($B18,$R$3:$Z$9,9,FALSE) -> #N/A
R19: =B19 -> 0 | S19: =VLOOKUP($B19,$R$3:$X$9,2,FALSE) -> #N/A | T19: =VLOOKUP($B19,$R$3:$X$9,3,FALSE) -> #N/A | U19: =VLOOKUP($B19,$R$3:$X$9,4,FALSE) -> #N/A | V19: =VLOOKUP($B19,$R$3:$X$9,5,FALSE) -> #N/A | W19: =VLOOKUP($B19,$R$3:$X$9,6,FALSE) -> #N/A | X19: =VLOOKUP($B19,$R$3:$X$9,7,FALSE) -> #N/A | Y19: =VLOOKUP($B19,$R$3:$Z$9,8,FALSE) -> #N/A | Z19: =VLOOKUP($B19,$R$3:$Z$9,9,FALSE) -> #N/A
R20: =B20 -> 0 | S20: =VLOOKUP($B20,$R$3:$X$9,2,FALSE) -> #N/A | T20: =VLOOKUP($B20,$R$3:$X$9,3,FALSE) -> #N/A | U20: =VLOOKUP($B20,$R$3:$X$9,4,FALSE) -> #N/A | V20: =VLOOKUP($B20,$R$3:$X$9,5,FALSE) -> #N/A | W20: =VLOOKUP($B20,$R$3:$X$9,6,FALSE) -> #N/A | X20: =VLOOKUP($B20,$R$3:$X$9,7,FALSE) -> #N/A | Y20: =VLOOKUP($B20,$R$3:$Z$9,8,FALSE) -> #N/A | Z20: =VLOOKUP($B20,$R$3:$Z$9,9,FALSE) -> #N/A
R21: =B21 -> 0 | S21: =VLOOKUP($B21,$R$3:$X$9,2,FALSE) -> #N/A | T21: =VLOOKUP($B21,$R$3:$X$9,3,FALSE) -> #N/A | U21: =VLOOKUP($B21,$R$3:$X$9,4,FALSE) -> #N/A | V21: =VLOOKUP($B21,$R$3:$X$9,5,FALSE) -> #N/A | W21: =VLOOKUP($B21,$R$3:$X$9,6,FALSE) -> #N/A | X21: =VLOOKUP($B21,$R$3:$X$9,7,FALSE) -> #N/A | Y21: =VLOOKUP($B21,$R$3:$Z$9,8,FALSE) -> #N/A | Z21: =VLOOKUP($B21,$R$3:$Z$9,9,FALSE) -> #N/A
R22: =B22 -> 0 | S22: =VLOOKUP($B22,$R$3:$X$9,2,FALSE) -> #N/A | T22: =VLOOKUP($B22,$R$3:$X$9,3,FALSE) -> #N/A | U22: =VLOOKUP($B22,$R$3:$X$9,4,FALSE) -> #N/A | V22: =VLOOKUP($B22,$R$3:$X$9,5,FALSE) -> #N/A | W22: =VLOOKUP($B22,$R$3:$X$9,6,FALSE) -> #N/A | X22: =VLOOKUP($B22,$R$3:$X$9,7,FALSE) -> #N/A | Y22: =VLOOKUP($B22,$R$3:$Z$9,8,FALSE) -> #N/A | Z22: =VLOOKUP($B22,$R$3:$Z$9,9,FALSE) -> #N/A
R23: =B23 -> 0 | S23: =VLOOKUP($B23,$R$3:$X$9,2,FALSE) -> #N/A | T23: =VLOOKUP($B23,$R$3:$X$9,3,FALSE) -> #N/A | U23: =VLOOKUP($B23,$R$3:$X$9,4,FALSE) -> #N/A | V23: =VLOOKUP($B23,$R$3:$X$9,5,FALSE) -> #N/A | W23: =VLOOKUP($B23,$R$3:$X$9,6,FALSE) -> #N/A | X23: =VLOOKUP($B23,$R$3:$X$9,7,FALSE) -> #N/A | Y23: =VLOOKUP($B23,$R$3:$Z$9,8,FALSE) -> #N/A | Z23: =VLOOKUP($B23,$R$3:$Z$9,9,FALSE) -> #N/A
R24: =B24 -> 0 | S24: =VLOOKUP($B24,$R$3:$X$9,2,FALSE) -> #N/A | T24: =VLOOKUP($B24,$R$3:$X$9,3,FALSE) -> #N/A | U24: =VLOOKUP($B24,$R$3:$X$9,4,FALSE) -> #N/A | V24: =VLOOKUP($B24,$R$3:$X$9,5,FALSE) -> #N/A | W24: =VLOOKUP($B24,$R$3:$X$9,6,FALSE) -> #N/A | X24: =VLOOKUP($B24,$R$3:$X$9,7,FALSE) -> #N/A | Y24: =VLOOKUP($B24,$R$3:$Z$9,8,FALSE) -> #N/A | Z24: =VLOOKUP($B24,$R$3:$Z$9,9,FALSE) -> #N/A
R25: =B25 -> 0 | S25: =VLOOKUP($B25,$R$3:$X$9,2,FALSE) -> #N/A | T25: =VLOOKUP($B25,$R$3:$X$9,3,FALSE) -> #N/A | U25: =VLOOKUP($B25,$R$3:$X$9,4,FALSE) -> #N/A | V25: =VLOOKUP($B25,$R$3:$X$9,5,FALSE) -> #N/A | W25: =VLOOKUP($B25,$R$3:$X$9,6,FALSE) -> #N/A | X25: =VLOOKUP($B25,$R$3:$X$9,7,FALSE) -> #N/A | Y25: =VLOOKUP($B25,$R$3:$Z$9,8,FALSE) -> #N/A | Z25: =VLOOKUP($B25,$R$3:$Z$9,9,FALSE) -> #N/A
B26: BRAND | D26: BBT P.G./ O.G | I26: Brand | K26: MTD No. of Brews | L26: MTD | M26: YTD | N26: Target | R26: =B26 -> BRAND | S26: =VLOOKUP($B26,$R$3:$X$9,2,FALSE) -> #N/A | T26: =VLOOKUP($B26,$R$3:$X$9,3,FALSE) -> #N/A | U26: =VLOOKUP($B26,$R$3:$X$9,4,FALSE) -> #N/A | V26: =VLOOKUP($B26,$R$3:$X$9,5,FALSE) -> #N/A | W26: =VLOOKUP($B26,$R$3:$X$9,6,FALSE) -> #N/A | X26: =VLOOKUP($B26,$R$3:$X$9,7,FALSE) -> #N/A | Y26: =VLOOKUP($B26,$R$3:$Z$9,8,FALSE) -> #N/A | Z26: =VLOOKUP($B26,$R$3:$Z$9,9,FALSE) -> #N/A
I27: CARIB | J27: =AVERAGE(I10:I13) -> 96.782178 | K27: =COUNTA([24]Brewhouse!$A$914:$A$949) -> 36 | L27: =AVERAGE([24]Brewhouse!$AU$914:$AU$949) -> 97.203479 | M27: =AVERAGE([24]Brewhouse!$AU$102:$AU$171,[24]Brewhouse!$AU$173:$AU$253,[24]Brewhouse!$AU$255:$AU$339,[24]Brewhouse!$AU$341:$AU$346,[24]Brewhouse!$AU$348,[24]Brewhouse!$AU$349:$AU$406,[24]Brewhouse!$AU$408:$AU$491,[24]Brewhouse!$AU$493:$AU$578,[24]Brewhouse!$AU$580:$AU$652,[24]Brewhouse!$AU$655:$AU$738,[24]Brewhouse!$A$740:$A$821,[24]Brewhouse!$AU$823:$AU$862,[25]Brewhouse!$AS$420:$AS$423,[24]Brewhouse!$AU$867:$AU$912,[24]Brewhouse!$AU$914:$AU$949) -> 97.68995 | N27: 98 | R27: =B27 -> 0 | S27: =VLOOKUP($B27,$R$3:$X$9,2,FALSE) -> #N/A | T27: =VLOOKUP($B27,$R$3:$X$9,3,FALSE) -> #N/A | U27: =VLOOKUP($B27,$R$3:$X$9,4,FALSE) -> #N/A | V27: =VLOOKUP($B27,$R$3:$X$9,5,FALSE) -> #N/A | W27: =VLOOKUP($B27,$R$3:$X$9,6,FALSE) -> #N/A | X27: =VLOOKUP($B27,$R$3:$X$9,7,FALSE) -> #N/A | Y27: =VLOOKUP($B27,$R$3:$Z$9,8,FALSE) -> #N/A | Z27: =VLOOKUP($B27,$R$3:$Z$9,9,FALSE) -> #N/A
I28: STAG | K28: =COUNTA([25]Brewhouse!$A$449:$A$460) -> 12 | L28: =AVERAGE([25]Brewhouse!$AS$449:$AS$460) -> 98.317342 | M28: =AVERAGE([25]Brewhouse!$AS$15:$AS$64,[25]Brewhouse!$AS$66:$AS$103,[25]Brewhouse!$AS$105:$AS$140,[25]Brewhouse!$AS$142:$AS$193,[25]Brewhouse!$AS$195:$AS$240,[25]Brewhouse!$AS$242:$AS$273,[25]Brewhouse!$AS$275:$AS$322,[25]Brewhouse!$AS$324:$AS$359,[25]Brewhouse!$AS$361:$AS$397,[25]Brewhouse!$AS$399:$AS$419,[25]Brewhouse!$AS$424:$AS$447,[25]Brewhouse!$AS$449:$AS$460) -> 97.937186 | N28: 98 | R28: =B28 -> 0 | S28: =VLOOKUP($B28,$R$3:$X$9,2,FALSE) -> #N/A | T28: =VLOOKUP($B28,$R$3:$X$9,3,FALSE) -> #N/A | U28: =VLOOKUP($B28,$R$3:$X$9,4,FALSE) -> #N/A | V28: =VLOOKUP($B28,$R$3:$X$9,5,FALSE) -> #N/A | W28: =VLOOKUP($B28,$R$3:$X$9,6,FALSE) -> #N/A | X28: =VLOOKUP($B28,$R$3:$X$9,7,FALSE) -> #N/A | Y28: =VLOOKUP($B28,$R$3:$Z$9,8,FALSE) -> #N/A | Z28: =VLOOKUP($B28,$R$3:$Z$9,9,FALSE) -> #N/A
I29: GUINNESS | M29: =AVERAGE([26]Brewhouse!$AU$4:$AU$7,[26]Brewhouse!$AU$9:$AU$22,[26]Brewhouse!$AU$24:$AU$35,[26]Brewhouse!$AU$37:$AU$45,[26]Brewhouse!$AU$47:$AU$62,[26]Brewhouse!$AU$64:$AU$79,[26]Brewhouse!$AU$81:$AU$92,[26]Brewhouse!$AU$94:$AU$97,[26]Brewhouse!$AU$99:$AU$106) -> 96.648781 | N29: 98 | R29: =B29 -> 0 | S29: =VLOOKUP($B29,$R$3:$X$9,2,FALSE) -> #N/A | T29: =VLOOKUP($B29,$R$3:$X$9,3,FALSE) -> #N/A | U29: =VLOOKUP($B29,$R$3:$X$9,4,FALSE) -> #N/A | V29: =VLOOKUP($B29,$R$3:$X$9,5,FALSE) -> #N/A | W29: =VLOOKUP($B29,$R$3:$X$9,6,FALSE) -> #N/A | X29: =VLOOKUP($B29,$R$3:$X$9,7,FALSE) -> #N/A | Y29: =VLOOKUP($B29,$R$3:$Z$9,8,FALSE) -> #N/A | Z29: =VLOOKUP($B29,$R$3:$Z$9,9,FALSE) -> #N/A
I30: VITAMALT | K30: =COUNTA([23]Brewhouse!$A$97:$A$104) -> 8 | L30: =AVERAGE([23]Brewhouse!$AV$97:$AV$104) -> 98.419138 | M30: =AVERAGE([23]Brewhouse!$AV$5:$AV$14,[23]Brewhouse!$AV$16:$AV$19,[23]Brewhouse!$AV$21:$AV$24,[23]Brewhouse!$AV$26:$AV$33,[23]Brewhouse!$AV$35:$AV$46,[23]Brewhouse!$AV$48:$AV$53,[23]Brewhouse!$AV$55:$AV$62,[23]Brewhouse!$AV$64:$AV$77,[23]Brewhouse!$AV$79:$AV$86,[23]Brewhouse!$AV$88:$AV$95,[23]Brewhouse!$AV$97:$AV$104) -> 98.270381 | N30: 98 | R30: =B30 -> 0 | S30: =VLOOKUP($B30,$R$3:$X$9,2,FALSE) -> #N/A | T30: =VLOOKUP($B30,$R$3:$X$9,3,FALSE) -> #N/A | U30: =VLOOKUP($B30,$R$3:$X$9,4,FALSE) -> #N/A | V30: =VLOOKUP($B30,$R$3:$X$9,5,FALSE) -> #N/A | W30: =VLOOKUP($B30,$R$3:$X$9,6,FALSE) -> #N/A | X30: =VLOOKUP($B30,$R$3:$X$9,7,FALSE) -> #N/A | Y30: =VLOOKUP($B30,$R$3:$Z$9,8,FALSE) -> #N/A | Z30: =VLOOKUP($B30,$R$3:$Z$9,9,FALSE) -> #N/A
I31: MAXIMALT | N31: 98 | R31: =B31 -> 0 | S31: =VLOOKUP($B31,$R$3:$X$9,2,FALSE) -> #N/A | T31: =VLOOKUP($B31,$R$3:$X$9,3,FALSE) -> #N/A | U31: =VLOOKUP($B31,$R$3:$X$9,4,FALSE) -> #N/A | V31: =VLOOKUP($B31,$R$3:$X$9,5,FALSE) -> #N/A | W31: =VLOOKUP($B31,$R$3:$X$9,6,FALSE) -> #N/A | X31: =VLOOKUP($B31,$R$3:$X$9,7,FALSE) -> #N/A | Y31: =VLOOKUP($B31,$R$3:$Z$9,8,FALSE) -> #N/A | Z31: =VLOOKUP($B31,$R$3:$Z$9,9,FALSE) -> #N/A
I32: MACKESON | M32: =AVERAGE([27]Brewhouse!$AT$4:$AT$11,[27]Brewhouse!$AT$13:$AT$16,[27]Brewhouse!$AT$18:$AT$21,[27]Brewhouse!$AT$26,[27]Brewhouse!$AT$28:$AT$35) -> 94.794664 | N32: 98 | R32: =B32 -> 0 | S32: =VLOOKUP($B32,$R$3:$X$9,2,FALSE) -> #N/A | T32: =VLOOKUP($B32,$R$3:$X$9,3,FALSE) -> #N/A | U32: =VLOOKUP($B32,$R$3:$X$9,4,FALSE) -> #N/A | V32: =VLOOKUP($B32,$R$3:$X$9,5,FALSE) -> #N/A | W32: =VLOOKUP($B32,$R$3:$X$9,6,FALSE) -> #N/A | X32: =VLOOKUP($B32,$R$3:$X$9,7,FALSE) -> #N/A | Y32: =VLOOKUP($B32,$R$3:$Z$9,8,FALSE) -> #N/A | Z32: =VLOOKUP($B32,$R$3:$Z$9,9,FALSE) -> #N/A
I33: STARMALT | K33: =COUNTA([22]Brewhouse!$A$94:$A$97) -> 4 | L33: =AVERAGE([22]Brewhouse!$AY$94:$AY$97) -> 95.326768 | M33: =AVERAGE([22]Brewhouse!$AY$6:$AY$13,[22]Brewhouse!$AY$15:$AY$20,[22]Brewhouse!$AY$22:$AY$29,[22]Brewhouse!$AY$31:$AY$34,[22]Brewhouse!$AY$36:$AY$43,[22]Brewhouse!$AY$45:$AY$50, [22]Brewhouse!$AY$56:$AY$73,[22]Brewhouse!$AY$75:$AY$92,[22]Brewhouse!$AY$94:$AY$97) -> 97.370193 | N33: 98 | R33: =B33 -> 0 | S33: =VLOOKUP($B33,$R$3:$X$9,2,FALSE) -> #N/A | T33: =VLOOKUP($B33,$R$3:$X$9,3,FALSE) -> #N/A | U33: =VLOOKUP($B33,$R$3:$X$9,4,FALSE) -> #N/A | V33: =VLOOKUP($B33,$R$3:$X$9,5,FALSE) -> #N/A | W33: =VLOOKUP($B33,$R$3:$X$9,6,FALSE) -> #N/A | X33: =VLOOKUP($B33,$R$3:$X$9,7,FALSE) -> #N/A | Y33: =VLOOKUP($B33,$R$3:$Z$9,8,FALSE) -> #N/A | Z33: =VLOOKUP($B33,$R$3:$Z$9,9,FALSE) -> #N/A
I34: HR- Pils | M34: =AVERAGE([28]Brewhouse!$AU$5:$AU$8,[28]Brewhouse!$AU$10:$AU$13,[22]Brewhouse!$AY$75:$AY$77) -> 94.749192 | N34: 98 | R34: =B34 -> 0 | S34: =VLOOKUP($B34,$R$3:$X$9,2,FALSE) -> #N/A | T34: =VLOOKUP($B34,$R$3:$X$9,3,FALSE) -> #N/A | U34: =VLOOKUP($B34,$R$3:$X$9,4,FALSE) -> #N/A | V34: =VLOOKUP($B34,$R$3:$X$9,5,FALSE) -> #N/A | W34: =VLOOKUP($B34,$R$3:$X$9,6,FALSE) -> #N/A | X34: =VLOOKUP($B34,$R$3:$X$9,7,FALSE) -> #N/A | Y34: =VLOOKUP($B34,$R$3:$Z$9,8,FALSE) -> #N/A | Z34: =VLOOKUP($B34,$R$3:$Z$9,9,FALSE) -> #N/A
I35: HR- IPA | M35: =AVERAGE([29]Brewhouse!$AW$26:$AW$27) -> 95.310681 | N35: 98 | R35: =B35 -> 0 | S35: =VLOOKUP($B35,$R$3:$X$9,2,FALSE) -> #N/A | T35: =VLOOKUP($B35,$R$3:$X$9,3,FALSE) -> #N/A | U35: =VLOOKUP($B35,$R$3:$X$9,4,FALSE) -> #N/A | V35: =VLOOKUP($B35,$R$3:$X$9,5,FALSE) -> #N/A | W35: =VLOOKUP($B35,$R$3:$X$9,6,FALSE) -> #N/A | X35: =VLOOKUP($B35,$R$3:$X$9,7,FALSE) -> #N/A | Y35: =VLOOKUP($B35,$R$3:$Z$9,8,FALSE) -> #N/A | Z35: =VLOOKUP($B35,$R$3:$Z$9,9,FALSE) -> #N/A
I36: HR- APA | M36: =AVERAGE([30]Brewhouse!$AU$13:$AU$14) -> 97.110575 | N36: 98 | R36: =B36 -> 0 | S36: =VLOOKUP($B36,$R$3:$X$9,2,FALSE) -> #N/A | T36: =VLOOKUP($B36,$R$3:$X$9,3,FALSE) -> #N/A | U36: =VLOOKUP($B36,$R$3:$X$9,4,FALSE) -> #N/A | V36: =VLOOKUP($B36,$R$3:$X$9,5,FALSE) -> #N/A | W36: =VLOOKUP($B36,$R$3:$X$9,6,FALSE) -> #N/A | X36: =VLOOKUP($B36,$R$3:$X$9,7,FALSE) -> #N/A | Y36: =VLOOKUP($B36,$R$3:$Z$9,8,FALSE) -> #N/A | Z36: =VLOOKUP($B36,$R$3:$Z$9,9,FALSE) -> #N/A
K37: =SUM(K27:K36) -> 60 | L37: =((L27*K27)+(L28*K28)+(L29*K29)+(L30*K30)+(L31*K31)+(K34*L34)+(L32*K32)+(L33*K33)+(L36*K36))/(K37) -> 97.463225 | M37: =AVERAGE('[31]Jan 31st'!$L$65,'[32]Feb 28th'!$L$35,'[33]Mar. 31st'!$L$35,'[34]Apr. 30th'!$L$45,'[35]May 30th'!$L$37,'[36]June 30th'!$L$57,'[37]July 29th '!$L$44,'[38]Aug 29th'!$L$29,'[39]Sept 30th'!$L$35,L37) -> 97.564273 | N37: 98 | R37: =B37 -> 0 | S37: =VLOOKUP($B37,$R$3:$X$9,2,FALSE) -> #N/A | T37: =VLOOKUP($B37,$R$3:$X$9,3,FALSE) -> #N/A | U37: =VLOOKUP($B37,$R$3:$X$9,4,FALSE) -> #N/A | V37: =VLOOKUP($B37,$R$3:$X$9,5,FALSE) -> #N/A | W37: =VLOOKUP($B37,$R$3:$X$9,6,FALSE) -> #N/A | X37: =VLOOKUP($B37,$R$3:$X$9,7,FALSE) -> #N/A | Y37: =VLOOKUP($B37,$R$3:$Z$9,8,FALSE) -> #N/A | Z37: =VLOOKUP($B37,$R$3:$Z$9,9,FALSE) -> #N/A
R38: =B38 -> 0 | S38: =VLOOKUP($B38,$R$3:$X$9,2,FALSE) -> #N/A | T38: =VLOOKUP($B38,$R$3:$X$9,3,FALSE) -> #N/A | U38: =VLOOKUP($B38,$R$3:$X$9,4,FALSE) -> #N/A | V38: =VLOOKUP($B38,$R$3:$X$9,5,FALSE) -> #N/A | W38: =VLOOKUP($B38,$R$3:$X$9,6,FALSE) -> #N/A | X38: =VLOOKUP($B38,$R$3:$X$9,7,FALSE) -> #N/A | Y38: =VLOOKUP($B38,$R$3:$Z$9,8,FALSE) -> #N/A | Z38: =VLOOKUP($B38,$R$3:$Z$9,9,FALSE) -> #N/A
J39: Daily Brewing Plan
J40: Brand | K40: Brews Achieved | L40: Average Brews per day
J41: CARIB | K41: 4 | L41: MTD | M41: YTD | N41: TARGET
J42: STAG | L42: =AVERAGE('Nov 11th'!K51,'Nov 10th'!K53,'Nov 6th '!K52,'Nov 7th-8th'!J55,'Nov 7th-8th'!K55,'Nov 4th'!K52,'Nov 5th'!K51,Nov.3rd!K52) -> 7.5 | M42: =AVERAGE('[31]Jan 29th '!$M$70,'[32]Feb 28th'!$L$40,'[33]Mar. 31st'!$L$40,'[34]Apr. 30th'!$L$50,'[35]May 30th'!$L$42,'[36]June 30th'!$L$62,'[37]July 29th '!$L$49,'[38]Aug 29th'!$L$34,'[39]Sept 30th'!$L$40,[40]Oct.31st!$L$43,L42) -> 7.1029733 | N42: 9.2
J43: GUINN
J44: VITAMALT
J45: STARMALT
J46: MACKESON
J47: HURRICANE REEF- IPA
J48: HURRICANE REEF- APA
B49: AVERAGE | J49: HR- PILSNER
J50: CARIBE
J51: Total | K51: =SUM(K41:K50) -> 4
B52: Process: | C52: Fermentation/Filtration
B54: Brand | C54: Filt. Date | D54: FV Hls | E54: GFE/ Prim/ Vita Blend (Hls) | F54: SV Hls | G54: BBT Hls | H54: Loss (%) Ferm | I54: Loss (%) Filt | J54: Comments | K54: Throughput | L54: Process Loss (%) | M54: Filt. Operator
AB55: 43474 | AC55: 43475 | AD55: 43476 | AE55: 43477 | AF55: 43478 | AG55: 43479 | AH55: 43480 | AI55: 43481 | AJ55: 43482 | AK55: 43483 | AL55: 43484 | AM55: 43485 | AN55: 43486 | AO55: 43487 | AP55: 43488 | AQ55: 43489 | AR55: 43490 | AS55: 43491 | AT55: 43492 | AU55: 43493 | AV55: 43494 | AW55: 43495 | AX55: 43496
L56: =(((D56+E56)-G56)/(D56+E56))*100 -> #DIV/0! | AB56: =[20]January_2019!L7 -> 285.8 | AC56: =[20]January_2019!M7 -> 508.1 | AD56: =[20]January_2019!N7 -> 0 | AE56: =[20]January_2019!O7 -> 0 | AF56: =[20]January_2019!P7 -> 109.56667 | AG56: =[20]January_2019!Q7 -> 297.65 | AH56: =[20]January_2019!R7 -> 122.3 | AI56: =[20]January_2019!S7 -> 0 | ... AX56: =[20]January_2019!AH7 -> 0
L58: =(((D58+E58)-G58)/(D58+E58))*100 -> #DIV/0!
B65: Process Loss (Volume) | G65: Process Loss (Extract) | K65: Throughput
B66: Brand | C66: Actual | D66: MTD | E66: YTD | F66: Target | G66: Actual | H66: MTD | I66: YTD | J66: Target | K66: Actual | L66: MTD | M66: YTD | N66: Target
B67: CARIB | D67: 8.0869493 | E67: 6.127863 | F67: 4.8 | H67: 10.078489 | I67: 6.1392031 | J67: 4.8 | L67: 0.48804094 | M67: 0.70822007 | N67: 1
B68: STAG | D68: 5.1671214 | E68: 5.7344697 | F68: 4.8 | H68: 3.8690868 | I68: 6.3491978 | J68: 4.8 | L68: 0.48780702 | M68: 0.65340261 | N68: 1
B69: GUINN | D69: 6.25 | E69: 10.839987 | F69: 5.5 | H69: 6.2847885 | I69: 12.456668 | J69: 5.5 | L69: 0.31052632 | M69: 0.50633096 | N69: 1
B70: VITAMALT | D70: 3.7833828 | E70: 4.6226457 | F70: 3.3 | H70: 3.7421886 | I70: 4.4171318 | J70: 3.3 | L70: 0.68263158 | M70: 0.83111216 | N70: 1
B71: APA | E71: 7.8373016 | F71: 3.3 | I71: 5.3377569 | J71: 3 | M71: 0.32596491 | N71: 1
B72: MACKESON | E72: 6.8851328 | F72: =[21]May_2022!$M$43 -> 3.4878407 | I72: 8.6614709 | J72: 5.5 | M72: 0.73160819 | N72: 1
B73: STARMALT | D73: 2.6328862 | E73: 2.9297033 | F73: 3.3 | H73: 2.6328862 | I73: 4.2684292 | J73: 3.3 | L73: 0.6877193 | M73: 0.84660148 | N73: 1
B74: IPA | E74: 11.483254 | F74: 7.5 | I74: 9.7934336 | J74: 7.5 | M74: 0.3245614 | N74: 1
B75: HURRICANE REEF PILS | E75: 7.2653645 | F75: 4.8 | I75: 8.1715311 | J75: 4.8 | M75: 0.51368421 | N75: 1
D76: 6.1899597 | E76: 6.1248098 | F76: 5.5 | H76: 5.7577728 | I76: 6.6256281 | J76: 5.5 | L76: 0.52412768 | M76: 0.68525122 | N76: 1

Sheet Nov 12th
S1: P.G. | U1: Hot Time | W1: Process Time | Y1: Cooling Time
B2: Brewing Department Daily Process Loss Report | S2: Lower | T2: Upper | U2: Lower | V2: Upper | W2: Lower | X2: Upper | Y2: Lower | Z2: Upper
R3: CARIB | S3: 11.6 | T3: 12 | U3: 0 | V3: 0.11805556 | W3: 0.22569444 | X3: 0.26388889 | Y3: 0 | Z3: 60 | AB3: HR- PISNER
B4: Date: | C4: 45974 | J4: LOT WORT COLOUR: 3.3 | M4: Filter Sheets (Target 20 days) | R4: STAG | S4: 11.6 | T4: 12 | U4: 0 | V4: 0.11805556 | W4: 0.22569444 | X4: 0.26388889 | Y4: 0 | Z4: 60
M5: Double | N5: Single | R5: GUINNESS | S5: 17 | T5: 17.5 | U5: 0 | V5: 0.10763889 | W5: 0.24652778 | X5: 0.28472222 | Y5: 0 | Z5: 60
J6: MALT LOT: Lot #4 | L6: Sheet Day | R6: MACKESON | S6: 13.3 | T6: 13.5 | U6: 0 | V6: 0.12905093 | W6: 0.27430556 | X6: 0.30208333 | Y6: 0
R7: STARMALT | S7: 17 | T7: 17.4 | U7: 0 | V7: 0.13605324 | W7: 0.27430556 | X7: 0.30902778 | Y7: 0 | Z7: 85
B8: Brand | C8: Brew no. | D8: Kett. Hls | E8: Wort | F8: Cool Time(Mins) | G8: Cast. P.G. (Lab Result) | H8: Cast P.G. (Cellar Operator)-gravity | I8: Extr. Rec (77.9%) | J8: Theor. Extr. (77.5%) | K8: Boil Off /Vol. (4-6%) | L8: Boil Time | M8: Total Hot | N8: Brewing | O8: Operator | R8: Hurricane Reef | S8: 16.6 | T8: 17 | U8: 0 | V8: 0.12905093 | W8: 0.27430556 | X8: 0.30208333 | Y8: 0
E9: Meter (Hls) | F9: Target(< 60Mins) | M9: Time | R9: VITAMALT | S9: 14.2 | T9: 14.6 | U9: 0 | V9: 0.13905093 | W9: 0.26041667 | X9: 0.29513889 | Y9: 0 | Z9: 75
B10: CARIB | C10: =[24]Brewhouse!$A950 -> CA835 | D10: =[24]Brewhouse!$AF950 -> 54.4 | E10: =[24]Brewhouse!$AI950 -> 52.1 | F10: =[24]Brewhouse!$V950 -> 57 | G10: =[24]Brewhouse!AG950 -> 12 | H10: 12 | I10: =[24]Brewhouse!$AU950 -> 103.36269 | J10: =[24]Brewhouse!$AV950 -> 103.89863 | K10: =[24]Brewhouse!$Q950 -> -0.33898305 | L10: =[24]Brewhouse!$P950 -> 58 | M10: =[24]Brewhouse!$U950-[24]Brewhouse!$T950 -> 0.13888889 | N10: =[24]Brewhouse!$Z950 -> 0.33263889 | O10: =[24]Brewhouse!$AX950 -> R.Sookram | P10: Extra boil for 15mins | R10: =B10 -> CARIB | S10: =VLOOKUP($B10,$R$3:$X$9,2,FALSE) -> 11.6 | T10: =VLOOKUP($B10,$R$3:$X$9,3,FALSE) -> 12 | U10: =VLOOKUP($B10,$R$3:$X$9,4,FALSE) -> 0 | V10: =VLOOKUP($B10,$R$3:$X$9,5,FALSE) -> 0.11805556 | W10: =VLOOKUP($B10,$R$3:$X$9,6,FALSE) -> 0.22569444 | X10: =VLOOKUP($B10,$R$3:$X$9,7,FALSE) -> 0.26388889 | Y10: =VLOOKUP($B10,$R$3:$Z$9,8,FALSE) -> 0 | Z10: =VLOOKUP($B10,$R$3:$Z$9,9,FALSE) -> 60
B11: CARIB | C11: =[24]Brewhouse!$A951 -> CA836 | D11: =[24]Brewhouse!$AF951 -> 54.8 | E11: =[24]Brewhouse!$AI951 -> 52.8 | F11: =[24]Brewhouse!$V951 -> 69 | G11: =[24]Brewhouse!AG951 -> 11.8 | H11: 11.8 | I11: =[24]Brewhouse!$AU951 -> 102.1621 | J11: =[24]Brewhouse!$AV951 -> 102.69207 | K11: =[24]Brewhouse!$Q951 -> 0.41509434 | L11: =[24]Brewhouse!$P951 -> 60 | M11: =[24]Brewhouse!$U951-[24]Brewhouse!$T951 -> 0.13611111 | N11: =[24]Brewhouse!$Z951 -> 0.34791667 | O11: =[24]Brewhouse!$AX951 -> K. Benjamin | P11: Brew copper up in pre-run tank | R11: =B11 -> CARIB | S11: =VLOOKUP($B11,$R$3:$X$9,2,FALSE) -> 11.6 | T11: =VLOOKUP($B11,$R$3:$X$9,3,FALSE) -> 12 | U11: =VLOOKUP($B11,$R$3:$X$9,4,FALSE) -> 0 | V11: =VLOOKUP($B11,$R$3:$X$9,5,FALSE) -> 0.11805556 | W11: =VLOOKUP($B11,$R$3:$X$9,6,FALSE) -> 0.22569444 | X11: =VLOOKUP($B11,$R$3:$X$9,7,FALSE) -> 0.26388889 | Y11: =VLOOKUP($B11,$R$3:$Z$9,8,FALSE) -> 0 | Z11: =VLOOKUP($B11,$R$3:$Z$9,9,FALSE) -> 60
B12: CARIB | C12: =[24]Brewhouse!$A952 -> CA837 | D12: =[24]Brewhouse!$AF952 -> 55 | E12: =[24]Brewhouse!$AI952 -> 52.5 | F12: =[24]Brewhouse!$V952 -> 67 | G12: =[24]Brewhouse!AG952 -> 11.7 | H12: 11.8 | I12: =[24]Brewhouse!$AU952 -> 101.17061 | J12: =[24]Brewhouse!$AV952 -> 101.69526 | K12: =[24]Brewhouse!$Q952 -> -2.6037736 | L12: =[24]Brewhouse!$P952 -> 60 | M12: =[24]Brewhouse!$U952-[24]Brewhouse!$T952 -> 0.12013889 | N12: =[24]Brewhouse!$Z952 -> 0.32847222 | O12: =[24]Brewhouse!$AX952 -> K. Benjamin | P12: Brew held up due to delay in previous brew | R12: =B12 -> CARIB | S12: =VLOOKUP($B12,$R$3:$X$9,2,FALSE) -> 11.6 | T12: =VLOOKUP($B12,$R$3:$X$9,3,FALSE) -> 12 | U12: =VLOOKUP($B12,$R$3:$X$9,4,FALSE) -> 0 | V12: =VLOOKUP($B12,$R$3:$X$9,5,FALSE) -> 0.11805556 | W12: =VLOOKUP($B12,$R$3:$X$9,6,FALSE) -> 0.22569444 | X12: =VLOOKUP($B12,$R$3:$X$9,7,FALSE) -> 0.26388889 | Y12: =VLOOKUP($B12,$R$3:$Z$9,8,FALSE) -> 0 | Z12: =VLOOKUP($B12,$R$3:$Z$9,9,FALSE) -> 60
B13: CARIB | C13: =[24]Brewhouse!$A953 -> CA838 | D13: =[24]Brewhouse!$AF953 -> 54.2 | E13: =[24]Brewhouse!$AI953 -> 52.4 | F13: =[24]Brewhouse!$V953 -> 66 | G13: =[24]Brewhouse!AG953 -> 11.8 | H13: 11.8 | I13: =[24]Brewhouse!$AU953 -> 102.51552 | J13: =[24]Brewhouse!$AV953 -> 103.04694 | K13: =[24]Brewhouse!$Q953 -> -0.90566038 | L13: =[24]Brewhouse!$P953 -> 59 | M13: =[24]Brewhouse!$U953-[24]Brewhouse!$T953 -> 0.14097222 | N13: =[24]Brewhouse!$Z953 -> 0.33402778 | O13: =[24]Brewhouse!$AX953 -> K. Benjamin | P13: Slow heat up in wort kettle +20mins extra boil | R13: =B13 -> CARIB | S13: =VLOOKUP($B13,$R$3:$X$9,2,FALSE) -> 11.6 | T13: =VLOOKUP($B13,$R$3:$X$9,3,FALSE) -> 12 | U13: =VLOOKUP($B13,$R$3:$X$9,4,FALSE) -> 0 | V13: =VLOOKUP($B13,$R$3:$X$9,5,FALSE) -> 0.11805556 | W13: =VLOOKUP($B13,$R$3:$X$9,6,FALSE) -> 0.22569444 | X13: =VLOOKUP($B13,$R$3:$X$9,7,FALSE) -> 0.26388889 | Y13: =VLOOKUP($B13,$R$3:$Z$9,8,FALSE) -> 0 | Z13: =VLOOKUP($B13,$R$3:$Z$9,9,FALSE) -> 60
R14: =B14 -> 0 | S14: =VLOOKUP($B14,$R$3:$X$9,2,FALSE) -> #N/A | T14: =VLOOKUP($B14,$R$3:$X$9,3,FALSE) -> #N/A | U14: =VLOOKUP($B14,$R$3:$X$9,4,FALSE) -> #N/A | V14: =VLOOKUP($B14,$R$3:$X$9,5,FALSE) -> #N/A | W14: =VLOOKUP($B14,$R$3:$X$9,6,FALSE) -> #N/A | X14: =VLOOKUP($B14,$R$3:$X$9,7,FALSE) -> #N/A | Y14: =VLOOKUP($B14,$R$3:$Z$9,8,FALSE) -> #N/A | Z14: =VLOOKUP($B14,$R$3:$Z$9,9,FALSE) -> #N/A
R15: =B15 -> 0 | S15: =VLOOKUP($B15,$R$3:$X$9,2,FALSE) -> #N/A | T15: =VLOOKUP($B15,$R$3:$X$9,3,FALSE) -> #N/A | U15: =VLOOKUP($B15,$R$3:$X$9,4,FALSE) -> #N/A | V15: =VLOOKUP($B15,$R$3:$X$9,5,FALSE) -> #N/A | W15: =VLOOKUP($B15,$R$3:$X$9,6,FALSE) -> #N/A | X15: =VLOOKUP($B15,$R$3:$X$9,7,FALSE) -> #N/A | Y15: =VLOOKUP($B15,$R$3:$Z$9,8,FALSE) -> #N/A | Z15: =VLOOKUP($B15,$R$3:$Z$9,9,FALSE) -> #N/A
R16: =B16 -> 0 | S16: =VLOOKUP($B16,$R$3:$X$9,2,FALSE) -> #N/A | T16: =VLOOKUP($B16,$R$3:$X$9,3,FALSE) -> #N/A | U16: =VLOOKUP($B16,$R$3:$X$9,4,FALSE) -> #N/A | V16: =VLOOKUP($B16,$R$3:$X$9,5,FALSE) -> #N/A | W16: =VLOOKUP($B16,$R$3:$X$9,6,FALSE) -> #N/A | X16: =VLOOKUP($B16,$R$3:$X$9,7,FALSE) -> #N/A | Y16: =VLOOKUP($B16,$R$3:$Z$9,8,FALSE) -> #N/A | Z16: =VLOOKUP($B16,$R$3:$Z$9,9,FALSE) -> #N/A
R17: =B17 -> 0 | S17: =VLOOKUP($B17,$R$3:$X$9,2,FALSE) -> #N/A | T17: =VLOOKUP($B17,$R$3:$X$9,3,FALSE) -> #N/A | U17: =VLOOKUP($B17,$R$3:$X$9,4,FALSE) -> #N/A | V17: =VLOOKUP($B17,$R$3:$X$9,5,FALSE) -> #N/A | W17: =VLOOKUP($B17,$R$3:$X$9,6,FALSE) -> #N/A | X17: =VLOOKUP($B17,$R$3:$X$9,7,FALSE) -> #N/A | Y17: =VLOOKUP($B17,$R$3:$Z$9,8,FALSE) -> #N/A | Z17: =VLOOKUP($B17,$R$3:$Z$9,9,FALSE) -> #N/A
R18: =B18 -> 0 | S18: =VLOOKUP($B18,$R$3:$X$9,2,FALSE) -> #N/A | T18: =VLOOKUP($B18,$R$3:$X$9,3,FALSE) -> #N/A | U18: =VLOOKUP($B18,$R$3:$X$9,4,FALSE) -> #N/A | V18: =VLOOKUP($B18,$R$3:$X$9,5,FALSE) -> #N/A | W18: =VLOOKUP($B18,$R$3:$X$9,6,FALSE) -> #N/A | X18: =VLOOKUP($B18,$R$3:$X$9,7,FALSE) -> #N/A | Y18: =VLOOKUP($B18,$R$3:$Z$9,8,FALSE) -> #N/A | Z18: =VLOOKUP($B18,$R$3:$Z$9,9,FALSE) -> #N/A
R19: =B19 -> 0 | S19: =VLOOKUP($B19,$R$3:$X$9,2,FALSE) -> #N/A | T19: =VLOOKUP($B19,$R$3:$X$9,3,FALSE) -> #N/A | U19: =VLOOKUP($B19,$R$3:$X$9,4,FALSE) -> #N/A | V19: =VLOOKUP($B19,$R$3:$X$9,5,FALSE) -> #N/A | W19: =VLOOKUP($B19,$R$3:$X$9,6,FALSE) -> #N/A | X19: =VLOOKUP($B19,$R$3:$X$9,7,FALSE) -> #N/A | Y19: =VLOOKUP($B19,$R$3:$Z$9,8,FALSE) -> #N/A | Z19: =VLOOKUP($B19,$R$3:$Z$9,9,FALSE) -> #N/A
R20: =B20 -> 0 | S20: =VLOOKUP($B20,$R$3:$X$9,2,FALSE) -> #N/A | T20: =VLOOKUP($B20,$R$3:$X$9,3,FALSE) -> #N/A | U20: =VLOOKUP($B20,$R$3:$X$9,4,FALSE) -> #N/A | V20: =VLOOKUP($B20,$R$3:$X$9,5,FALSE) -> #N/A | W20: =VLOOKUP($B20,$R$3:$X$9,6,FALSE) -> #N/A | X20: =VLOOKUP($B20,$R$3:$X$9,7,FALSE) -> #N/A | Y20: =VLOOKUP($B20,$R$3:$Z$9,8,FALSE) -> #N/A | Z20: =VLOOKUP($B20,$R$3:$Z$9,9,FALSE) -> #N/A
R21: =B21 -> 0 | S21: =VLOOKUP($B21,$R$3:$X$9,2,FALSE) -> #N/A | T21: =VLOOKUP($B21,$R$3:$X$9,3,FALSE) -> #N/A | U21: =VLOOKUP($B21,$R$3:$X$9,4,FALSE) -> #N/A | V21: =VLOOKUP($B21,$R$3:$X$9,5,FALSE) -> #N/A | W21: =VLOOKUP($B21,$R$3:$X$9,6,FALSE) -> #N/A | X21: =VLOOKUP($B21,$R$3:$X$9,7,FALSE) -> #N/A | Y21: =VLOOKUP($B21,$R$3:$Z$9,8,FALSE) -> #N/A | Z21: =VLOOKUP($B21,$R$3:$Z$9,9,FALSE) -> #N/A
B22: BRAND | D22: BBT P.G./ O.G | I22: Brand | K22: MTD No. of Brews | L22: MTD | M22: YTD | N22: Target | R22: =B22 -> BRAND | S22: =VLOOKUP($B22,$R$3:$X$9,2,FALSE) -> #N/A | T22: =VLOOKUP($B22,$R$3:$X$9,3,FALSE) -> #N/A | U22: =VLOOKUP($B22,$R$3:$X$9,4,FALSE) -> #N/A | V22: =VLOOKUP($B22,$R$3:$X$9,5,FALSE) -> #N/A | W22: =VLOOKUP($B22,$R$3:$X$9,6,FALSE) -> #N/A | X22: =VLOOKUP($B22,$R$3:$X$9,7,FALSE) -> #N/A | Y22: =VLOOKUP($B22,$R$3:$Z$9,8,FALSE) -> #N/A | Z22: =VLOOKUP($B22,$R$3:$Z$9,9,FALSE) -> #N/A
B23: =I23 -> CARIB | C23: {=[24]Process!$D$880:$D$887} -> 11.8 | D23: 11.6 | I23: CARIB | J23: =AVERAGE(I10:I13) -> 102.30273 | K23: =COUNTA([24]Brewhouse!$A$914:$A$953) -> 40 | L23: =AVERAGE([24]Brewhouse!$AU$914:$AU$953) -> 97.713404 | M23: =AVERAGE([24]Brewhouse!$AU$102:$AU$171,[24]Brewhouse!$AU$173:$AU$253,[24]Brewhouse!$AU$255:$AU$339,[24]Brewhouse!$AU$341:$AU$346,[24]Brewhouse!$AU$348,[24]Brewhouse!$AU$349:$AU$406,[24]Brewhouse!$AU$408:$AU$491,[24]Brewhouse!$AU$493:$AU$578,[24]Brewhouse!$AU$580:$AU$652,[24]Brewhouse!$AU$655:$AU$738,[24]Brewhouse!$A$740:$A$821,[24]Brewhouse!$AU$823:$AU$862,[25]Brewhouse!$AS$420:$AS$423,[24]Brewhouse!$AU$867:$AU$912,[24]Brewhouse!$AU$914:$AU$953) -> 97.714291 | N23: 98 | R23: =B23 -> CARIB | S23: =VLOOKUP($B23,$R$3:$X$9,2,FALSE) -> 11.6 | T23: =VLOOKUP($B23,$R$3:$X$9,3,FALSE) -> 12 | U23: =VLOOKUP($B23,$R$3:$X$9,4,FALSE) -> 0 | V23: =VLOOKUP($B23,$R$3:$X$9,5,FALSE) -> 0.11805556 | W23: =VLOOKUP($B23,$R$3:$X$9,6,FALSE) -> 0.22569444 | X23: =VLOOKUP($B23,$R$3:$X$9,7,FALSE) -> 0.26388889 | Y23: =VLOOKUP($B23,$R$3:$Z$9,8,FALSE) -> 0 | Z23: =VLOOKUP($B23,$R$3:$Z$9,9,FALSE) -> 60
C24: 11.5 | I24: STAG | K24: =COUNTA([25]Brewhouse!$A$449:$A$460) -> 12 | L24: =AVERAGE([25]Brewhouse!$AS$449:$AS$460) -> 98.317342 | M24: =AVERAGE([25]Brewhouse!$AS$15:$AS$64,[25]Brewhouse!$AS$66:$AS$103,[25]Brewhouse!$AS$105:$AS$140,[25]Brewhouse!$AS$142:$AS$193,[25]Brewhouse!$AS$195:$AS$240,[25]Brewhouse!$AS$242:$AS$273,[25]Brewhouse!$AS$275:$AS$322,[25]Brewhouse!$AS$324:$AS$359,[25]Brewhouse!$AS$361:$AS$397,[25]Brewhouse!$AS$399:$AS$419,[25]Brewhouse!$AS$424:$AS$447,[25]Brewhouse!$AS$449:$AS$460) -> 97.937186 | N24: 98 | R24: =B24 -> 0 | S24: =VLOOKUP($B24,$R$3:$X$9,2,FALSE) -> #N/A | T24: =VLOOKUP($B24,$R$3:$X$9,3,FALSE) -> #N/A | U24: =VLOOKUP($B24,$R$3:$X$9,4,FALSE) -> #N/A | V24: =VLOOKUP($B24,$R$3:$X$9,5,FALSE) -> #N/A | W24: =VLOOKUP($B24,$R$3:$X$9,6,FALSE) -> #N/A | X24: =VLOOKUP($B24,$R$3:$X$9,7,FALSE) -> #N/A | Y24: =VLOOKUP($B24,$R$3:$Z$9,8,FALSE) -> #N/A | Z24: =VLOOKUP($B24,$R$3:$Z$9,9,FALSE) -> #N/A
