Workbook
Name ProductList: [1]November15!$R$3:$R$9
Name ProductList: [2]November15!$R$3:$R$9

Sheet Dec 18th
T1: P.G. | V1: Hot Time | X1: Process Time | Z1: Cooling Time
B2: Brewing Department Daily Process Loss Report | T2: Lower | U2: Upper | V2: Lower | W2: Upper | X2: Lower | Y2: Upper | Z2: Lower | AA2: Upper
S3: CARIB | T3: 11.6 | U3: 12 | V3: 0 | W3: 0.11805556 | X3: 0.17361111 | Y3: 0.21180556 | Z3: 0 | AA3: 60 | AC3: HR- PISNER
B4: Date: | C4: 45278 | J4: LOT WORT COLOUR: 3.4 | M4: Filter Sheets (Target 20 days) | S4: STAG | T4: 11.6 | U4: 12 | V4: 0 | W4: 0.11805556 | X4: 0.17361111 | Y4: 0.21180556 | Z4: 0 | AA4: 60
M5: Double | N5: Single | S5: GUINNESS | T5: 17 | U5: 17.5 | V5: 0 | W5: 0.10763889 | X5: 0.19444444 | Y5: 0.23263889 | Z5: 0 | AA5: 60
J6: MALT LOT: Lot 8 | L6: Sheet Day | S6: MACKESON | T6: 13.3 | U6: 13.5 | V6: 0 | W6: 0.12905093 | X6: 0.22222222 | Y6: 0.25347222 | Z6: 0
S7: STARMALT | T7: 17.1 | U7: 17.5 | V7: 0 | W7: 0.13605324 | X7: 0.20833333 | Y7: 0.24305556 | Z7: 0 | AA7: 60
B8: Brand | C8: Brew no. | D8: Kett. Hls | E8: Wort | F8: Cool Time(Mins) | G8: Cast. P.G. (Lab Result) | H8: Cast P.G. (Cellar Operator)-gravity | I8: Extr. Rec (79.1%) | J8: Theor. Extr. (77.5%) | K8: Boil Off /Vol. (4-6%) | L8: Boil Time | M8: Total Hot | N8: Brewing | P8: Comments | Q8: Actual Pilsen Malt | S8: Hurricane Reef | T8: 16.6 | U8: 17 | V8: 0 | W8: 0.12905093 | X8: 0.22222222 | Y8: 0.25347222 | Z8: 0
E9: Meter (Hls) | F9: Target(< 60Mins) | M9: Time | S9: VITAMALT | T9: 14.4 | U9: 14.6 | V9: 0 | W9: 0.13905093 | X9: 0.19097222 | Y9: 0.22569444 | Z9: 0 | AA9: 75
S10: =B10 -> 0 | T10: =VLOOKUP($B10,$S$3:$Y$9,2,FALSE) -> #N/A | U10: =VLOOKUP($B10,$S$3:$Y$9,3,FALSE) -> #N/A | V10: =VLOOKUP($B10,$S$3:$Y$9,4,FALSE) -> #N/A | W10: =VLOOKUP($B10,$S$3:$Y$9,5,FALSE) -> #N/A | X10: =VLOOKUP($B10,$S$3:$Y$9,6,FALSE) -> #N/A | Y10: =VLOOKUP($B10,$S$3:$Y$9,7,FALSE) -> #N/A | Z10: =VLOOKUP($B10,$S$3:$AA$9,8,FALSE) -> #N/A | AA10: =VLOOKUP($B10,$S$3:$AA$9,9,FALSE) -> #N/A
S11: =B11 -> 0 | T11: =VLOOKUP($B11,$S$3:$Y$9,2,FALSE) -> #N/A | U11: =VLOOKUP($B11,$S$3:$Y$9,3,FALSE) -> #N/A | V11: =VLOOKUP($B11,$S$3:$Y$9,4,FALSE) -> #N/A | W11: =VLOOKUP($B11,$S$3:$Y$9,5,FALSE) -> #N/A | X11: =VLOOKUP($B11,$S$3:$Y$9,6,FALSE) -> #N/A | Y11: =VLOOKUP($B11,$S$3:$Y$9,7,FALSE) -> #N/A | Z11: =VLOOKUP($B11,$S$3:$AA$9,8,FALSE) -> #N/A | AA11: =VLOOKUP($B11,$S$3:$AA$9,9,FALSE) -> #N/A
S12: =B12 -> 0 | T12: =VLOOKUP($B12,$S$3:$Y$9,2,FALSE) -> #N/A | U12: =VLOOKUP($B12,$S$3:$Y$9,3,FALSE) -> #N/A | V12: =VLOOKUP($B12,$S$3:$Y$9,4,FALSE) -> #N/A | W12: =VLOOKUP($B12,$S$3:$Y$9,5,FALSE) -> #N/A | X12: =VLOOKUP($B12,$S$3:$Y$9,6,FALSE) -> #N/A | Y12: =VLOOKUP($B12,$S$3:$Y$9,7,FALSE) -> #N/A | Z12: =VLOOKUP($B12,$S$3:$AA$9,8,FALSE) -> #N/A | AA12: =VLOOKUP($B12,$S$3:$AA$9,9,FALSE) -> #N/A
S13: =B13 -> 0 | T13: =VLOOKUP($B13,$S$3:$Y$9,2,FALSE) -> #N/A | U13: =VLOOKUP($B13,$S$3:$Y$9,3,FALSE) -> #N/A | V13: =VLOOKUP($B13,$S$3:$Y$9,4,FALSE) -> #N/A | W13: =VLOOKUP($B13,$S$3:$Y$9,5,FALSE) -> #N/A | X13: =VLOOKUP($B13,$S$3:$Y$9,6,FALSE) -> #N/A | Y13: =VLOOKUP($B13,$S$3:$Y$9,7,FALSE) -> #N/A | Z13: =VLOOKUP($B13,$S$3:$AA$9,8,FALSE) -> #N/A | AA13: =VLOOKUP($B13,$S$3:$AA$9,9,FALSE) -> #N/A
S14: =B14 -> 0 | T14: =VLOOKUP($B14,$S$3:$Y$9,2,FALSE) -> #N/A | U14: =VLOOKUP($B14,$S$3:$Y$9,3,FALSE) -> #N/A | V14: =VLOOKUP($B14,$S$3:$Y$9,4,FALSE) -> #N/A | W14: =VLOOKUP($B14,$S$3:$Y$9,5,FALSE) -> #N/A | X14: =VLOOKUP($B14,$S$3:$Y$9,6,FALSE) -> #N/A | Y14: =VLOOKUP($B14,$S$3:$Y$9,7,FALSE) -> #N/A | Z14: =VLOOKUP($B14,$S$3:$AA$9,8,FALSE) -> #N/A | AA14: =VLOOKUP($B14,$S$3:$AA$9,9,FALSE) -> #N/A
S15: =B15 -> 0 | T15: =VLOOKUP($B15,$S$3:$Y$9,2,FALSE) -> #N/A | U15: =VLOOKUP($B15,$S$3:$Y$9,3,FALSE) -> #N/A | V15: =VLOOKUP($B15,$S$3:$Y$9,4,FALSE) -> #N/A | W15: =VLOOKUP($B15,$S$3:$Y$9,5,FALSE) -> #N/A | X15: =VLOOKUP($B15,$S$3:$Y$9,6,FALSE) -> #N/A | Y15: =VLOOKUP($B15,$S$3:$Y$9,7,FALSE) -> #N/A | Z15: =VLOOKUP($B15,$S$3:$AA$9,8,FALSE) -> #N/A | AA15: =VLOOKUP($B15,$S$3:$AA$9,9,FALSE) -> #N/A
S16: =B16 -> 0 | T16: =VLOOKUP($B16,$S$3:$Y$9,2,FALSE) -> #N/A | U16: =VLOOKUP($B16,$S$3:$Y$9,3,FALSE) -> #N/A | V16: =VLOOKUP($B16,$S$3:$Y$9,4,FALSE) -> #N/A | W16: =VLOOKUP($B16,$S$3:$Y$9,5,FALSE) -> #N/A | X16: =VLOOKUP($B16,$S$3:$Y$9,6,FALSE) -> #N/A | Y16: =VLOOKUP($B16,$S$3:$Y$9,7,FALSE) -> #N/A | Z16: =VLOOKUP($B16,$S$3:$AA$9,8,FALSE) -> #N/A | AA16: =VLOOKUP($B16,$S$3:$AA$9,9,FALSE) -> #N/A
S17: =B17 -> 0 | T17: =VLOOKUP($B17,$S$3:$Y$9,2,FALSE) -> #N/A | U17: =VLOOKUP($B17,$S$3:$Y$9,3,FALSE) -> #N/A | V17: =VLOOKUP($B17,$S$3:$Y$9,4,FALSE) -> #N/A | W17: =VLOOKUP($B17,$S$3:$Y$9,5,FALSE) -> #N/A | X17: =VLOOKUP($B17,$S$3:$Y$9,6,FALSE) -> #N/A | Y17: =VLOOKUP($B17,$S$3:$Y$9,7,FALSE) -> #N/A | Z17: =VLOOKUP($B17,$S$3:$AA$9,8,FALSE) -> #N/A | AA17: =VLOOKUP($B17,$S$3:$AA$9,9,FALSE) -> #N/A
S18: =B18 -> 0 | T18: =VLOOKUP($B18,$S$3:$Y$9,2,FALSE) -> #N/A | U18: =VLOOKUP($B18,$S$3:$Y$9,3,FALSE) -> #N/A | V18: =VLOOKUP($B18,$S$3:$Y$9,4,FALSE) -> #N/A | W18: =VLOOKUP($B18,$S$3:$Y$9,5,FALSE) -> #N/A | X18: =VLOOKUP($B18,$S$3:$Y$9,6,FALSE) -> #N/A | Y18: =VLOOKUP($B18,$S$3:$Y$9,7,FALSE) -> #N/A | Z18: =VLOOKUP($B18,$S$3:$AA$9,8,FALSE) -> #N/A | AA18: =VLOOKUP($B18,$S$3:$AA$9,9,FALSE) -> #N/A
S19: =B19 -> 0 | T19: =VLOOKUP($B19,$S$3:$Y$9,2,FALSE) -> #N/A | U19: =VLOOKUP($B19,$S$3:$Y$9,3,FALSE) -> #N/A | V19: =VLOOKUP($B19,$S$3:$Y$9,4,FALSE) -> #N/A | W19: =VLOOKUP($B19,$S$3:$Y$9,5,FALSE) -> #N/A | X19: =VLOOKUP($B19,$S$3:$Y$9,6,FALSE) -> #N/A | Y19: =VLOOKUP($B19,$S$3:$Y$9,7,FALSE) -> #N/A | Z19: =VLOOKUP($B19,$S$3:$AA$9,8,FALSE) -> #N/A | AA19: =VLOOKUP($B19,$S$3:$AA$9,9,FALSE) -> #N/A
S20: =B20 -> 0 | T20: =VLOOKUP($B20,$S$3:$Y$9,2,FALSE) -> #N/A | U20: =VLOOKUP($B20,$S$3:$Y$9,3,FALSE) -> #N/A | V20: =VLOOKUP($B20,$S$3:$Y$9,4,FALSE) -> #N/A | W20: =VLOOKUP($B20,$S$3:$Y$9,5,FALSE) -> #N/A | X20: =VLOOKUP($B20,$S$3:$Y$9,6,FALSE) -> #N/A | Y20: =VLOOKUP($B20,$S$3:$Y$9,7,FALSE) -> #N/A | Z20: =VLOOKUP($B20,$S$3:$AA$9,8,FALSE) -> #N/A | AA20: =VLOOKUP($B20,$S$3:$AA$9,9,FALSE) -> #N/A
S21: =B21 -> 0 | T21: =VLOOKUP($B21,$S$3:$Y$9,2,FALSE) -> #N/A | U21: =VLOOKUP($B21,$S$3:$Y$9,3,FALSE) -> #N/A | V21: =VLOOKUP($B21,$S$3:$Y$9,4,FALSE) -> #N/A | W21: =VLOOKUP($B21,$S$3:$Y$9,5,FALSE) -> #N/A | X21: =VLOOKUP($B21,$S$3:$Y$9,6,FALSE) -> #N/A | Y21: =VLOOKUP($B21,$S$3:$Y$9,7,FALSE) -> #N/A | Z21: =VLOOKUP($B21,$S$3:$AA$9,8,FALSE) -> #N/A | AA21: =VLOOKUP($B21,$S$3:$AA$9,9,FALSE) -> #N/A
... S47: =B47 -> 0 | T47: =VLOOKUP($B47,$S$3:$Y$9,2,FALSE) -> #N/A | U47: =VLOOKUP($B47,$S$3:$Y$9,3,FALSE) -> #N/A | V47: =VLOOKUP($B47,$S$3:$Y$9,4,FALSE) -> #N/A | W47: =VLOOKUP($B47,$S$3:$Y$9,5,FALSE) -> #N/A | X47: =VLOOKUP($B47,$S$3:$Y$9,6,FALSE) -> #N/A | Y47: =VLOOKUP($B47,$S$3:$Y$9,7,FALSE) -> #N/A | Z47: =VLOOKUP($B47,$S$3:$AA$9,8,FALSE) -> #N/A | AA47: =VLOOKUP($B47,$S$3:$AA$9,9,FALSE) -> #N/A
I48: EXTRACT RECOVERY
B49: BRAND | D49: BBT P.G./ O.G | I49: Brand | J49: Actual | K49: MTD No. of Brews | L49: MTD | M49: YTD | N49: Target
B50: STAG | C50: 11.8 | D50: 11.73 | I50: CARIB | K50: =COUNTA([3]Brewhouse!$A$1596:$A$1619) -> 24 | L50: =AVERAGE([3]Brewhouse!$AU$1529,[3]Brewhouse!$AU$1531:$AU$1594,[3]Brewhouse!$AU$1596:$AU$1619) -> 98.205761 | M50: =AVERAGE([3]Brewhouse!$AU$849:$AU$924,[3]Brewhouse!$AU$926:$AU$971,[3]Brewhouse!$AU$973:$AU$1066,[3]Brewhouse!$AU$1068:$AU$1111,[3]Brewhouse!$AU$1113:$AU$1132,[3]Brewhouse!$AU$1134:$AU$1167,[3]Brewhouse!$AU$1169:$AU$1230,[3]Brewhouse!$AU$1232:$AU$1299,[3]Brewhouse!$AU$1301:$AU$1363,[3]Brewhouse!$AU$1365:$AU$1444,[3]Brewhouse!$AU$1446:$AU$1527,[3]Brewhouse!$AU$1529,[3]Brewhouse!$AU$1531:$AU$1594,[3]Brewhouse!$AU$1596:$AU$1619) -> 98.381806 | N50: 98
C51: 11.9 | I51: STAG | K51: =COUNTA([4]Brewhouse!$A$976:$A$1007) -> 32 | L51: =AVERAGE([4]Brewhouse!$AS$976:$AS$979,[4]Brewhouse!$AS$981:$AS$1007) -> 98.538567 | M51: =AVERAGE([4]Brewhouse!$AS$577:$AS$618,[4]Brewhouse!$AS$620:$AS$651,[4]Brewhouse!$AS$653:$AS$696,[4]Brewhouse!$AS$698:$AS$708,[4]Brewhouse!$AS$710:$AS$733,[4]Brewhouse!$AS$735:$AS$777,[4]Brewhouse!$AS$779:$AS$822,[4]Brewhouse!$AS$824:$AS$863,[4]Brewhouse!$AS$865:$AS$974,[4]Brewhouse!$AS$976:$AS$979,[4]Brewhouse!$AS$981:$AS$1007) -> 98.489671 | N51: 98
I52: GUINNESS | K52: =COUNTA([5]Brewhouse!$A$282:$A$289) -> 8 | L52: =AVERAGE([5]Brewhouse!$AU$269:$AU$279,[5]Brewhouse!$AU$282:$AU$289) -> 96.186177 | M52: =AVERAGE([5]Brewhouse!$AU$161:$AU$176,[5]Brewhouse!$AU$178:$AU$195,[5]Brewhouse!$AU$197:$AU$208,[5]Brewhouse!$AU$210:$AU$221,[5]Brewhouse!$AU$223:$AU$232,[5]Brewhouse!$AU$234:$AU$279,[5]Brewhouse!$AU$282:$AU$289) -> 96.64916 | N52: 98
I53: VITAMALT | K53: =COUNTA([6]Brewhouse!$A$158:$A$163) -> 6 | L53: =AVERAGE([6]Brewhouse!$AU$158:$AU$163) -> 94.60305 | M53: =AVERAGE([6]Brewhouse!$AU$91:$AU$101,[6]Brewhouse!$AU$103:$AU$112,[6]Brewhouse!$AU$114:$AU$123,[6]Brewhouse!$AU$125:$AU$134,[6]Brewhouse!$AU$136:$AU$145,[6]Brewhouse!$AU$147:$AU$156,[6]Brewhouse!$AU$158:$AU$163) -> 96.240014 | N53: 98
I54: MAXIMALT | N54: 98
I55: MACKESON | M55: =AVERAGE([7]Brewhouse!$AT$74:$AT$79) -> 93.959836 | N55: 98
I56: STARMALT | K56: =COUNTA([8]Brewhouse!$A$249:$A$254) -> 6 | L56: =AVERAGE([8]Brewhouse!$AY$249:$AY$254) -> 99.681996 | M56: =AVERAGE([8]Brewhouse!$AY$138:$AY$143,[8]Brewhouse!$AY$145:$AY$153,[8]Brewhouse!$AY$155,[8]Brewhouse!$AY$156:$AY$174,[8]Brewhouse!$AY$176:$AY$185,[8]Brewhouse!$AY$187:$AY$198,[8]Brewhouse!$AY$200:$AY$247,[8]Brewhouse!$AY$249:$AY$254) -> 98.774703 | N56: 98
I57: HR- P | M57: =AVERAGE([9]Brewhouse!$AW$13:$AW$14,[9]Brewhouse!$AW$16:$AW$17) -> 92.042628 | N57: 98
I58: Hurricane Reef | M58: =AVERAGE([9]Brewhouse!$AW$13:$AW$14) -> 88.376943 | N58: 98
K59: =SUM(K50:K58) -> 76 | L59: =((L50*K50)+(L51*K51)+(L52*K52)+(L53*K53)+(L54*K54)+(K57*L57)+(L55*K55)+(L56*K56)+(L58*K58))/(K59) -> 97.965422 | M59: =AVERAGE('[10]Closing- January 2023'!$L$42,'[11]Feb. 28th'!$L$42,'[12]March 31st'!$L$75,'[13]Apri 28th'!$L$51,L59) -> 98.06926 | N59: 98
J62: Daily Brewing Plan
J63: Brand | K63: Brews Achieved | L63: Average Brews per day
J64: CARIB | L64: MTD | M64: YTD | N64: TARGET
J65: STAG | K65: 5 | L65: =AVERAGE(#REF!,#REF!,K74,#REF!,#REF!,#REF!,#REF!,#REF!,#REF!,#REF!,#REF!) -> #REF! | M65: =AVERAGE(6,6,'[12]March 31st'!$L$80,'[14]June 30th '!$L$71,6,L65,'[15]July 31st'!$L$108,'[16]Aug 30th'!$L$124,7,[17]Oct.31st!$L$51) -> #REF! | N65: 9
J66: GUINN
J67: VITAMALT
J68: STARMALT
J69: MACKESON
J70: HURRICANE REEF- IPA
J71: HURRICANE REEF- APA
B72: AVERAGE | D72: =AVERAGE(D50:E71) -> 11.73 | J72: HR- PILSNER
J73: CARIBE
J74: Total | K74: =SUM(K64:K73) -> 5
B75: Process: | C75: Fermentation/Filtration
B77: Brand | C77: Filt. Date | D77: FV Hls | E77: GFE/ Prim/ Vita Blend (Hls) | F77: SV Hls | G77: BBT Hls | H77: Loss (%) Ferm | I77: Loss (%) Filt | J77: Comments | K77: Throughput | L77: Process Loss (%) | M77: Filt. Operator
U78: 43466 | V78: 43467 | W78: 43468 | X78: 43469 | Y78: 43470 | Z78: 43471 | AA78: 43472 | AB78: 43473 | AC78: 43474 | AD78: 43475 | AE78: 43476 | AF78: 43477 | AG78: 43478 | AH78: 43479 | AI78: 43480 | AJ78: 43481 | AK78: 43482 | AL78: 43483 | AM78: 43484 | AN78: 43485 | AO78: 43486 | AP78: 43487 | AQ78: 43488 | AR78: 43489 | AS78: 43490 | AT78: 43491 | AU78: 43492 | AV78: 43493 | AW78: 43494 | AX78: 43495 | AY78: 43496
B79: STAG | C79: 45278 | D79: =[18]December_2023!$U$13 -> 150.4 | G79: =[18]December_2023!$U$17 -> 120.8 | J79: NO BREAK | K79: =[19]December_2023!$U$25 -> 0.42385965 | L79: =(((D79+E79)-G79)/(D79+E79))*100 -> 19.680851 | M79: K.Hosten | T79: hls
T80: Throughput | U80: =[20]January_2019!D8 -> #DIV/0! | V80: =[20]January_2019!E8 -> 1.0319298 | W80: =[20]January_2019!F8 -> 1.7789474 | X80: =[20]January_2019!G8 -> 0.51929825 | Y80: =[20]January_2019!H8 -> #DIV/0! | Z80: =[20]January_2019!I8 -> #DIV/0! | AA80: =[20]January_2019!J8 -> 1.3652632 | AB80: =[20]January_2019!K8 -> #DIV/0! | ... AY80: =[20]January_2019!AH8 -> #DIV/0!
B87: Process Loss (Volume) | G87: Process Loss (Extract) | K87: Throughput
B88: Brand | C88: Actual | D88: MTD | E88: YTD | F88: Target | G88: Actual | H88: MTD | I88: YTD | J88: Target | K88: Actual | L88: MTD | M88: YTD | N88: Target
B89: CARIB | D89: 5.181332 | E89: 6.6038503 | F89: 4.8 | H89: 5.2502762 | I89: 6.9665258 | J89: 4.8 | L89: 0.70807018 | M89: 0.77999467 | N89: 1
B90: STAG | C90: =AVERAGE(L79,L81) -> 19.680851 | D90: 6.5498915 | E90: 6.1662321 | F90: 4.8 | G90: =[18]December_2023!$U$21 -> 19.680851 | H90: 6.3458282 | I90: 5.9138834 | J90: 4.8 | K90: =AVERAGE(K79,K81) -> 0.42385965 | L90: 0.66137427 | M90: 0.71942944 | N90: 1
B91: GUINN | D91: 8.4423676 | E91: 8.9890455 | F91: 5.5 | H91: 5.9624998 | I91: 8.6652309 | J91: 5.5 | L91: 0.51561404 | M91: 0.65035608 | N91: 1
B92: VITAMALT | D92: 3.597848 | E92: 2.9936807 | F92: 3.3 | H92: 6.098202 | I92: 3.3134543 | J92: 3.3 | L92: 0.50298246 | M92: 1.0625518 | N92: 1
B93: MAXIMALT | F93: 3.3 | J93: 3 | N93: 1
B94: MACKESON | E94: 6.4174306 | F94: =[21]May_2022!$M$43 -> 3.4878407 | I94: 7.0730655 | J94: 5.5 | M94: 1.0342105 | N94: 1
B95: STARMALT | D95: 2.7692803 | E95: 3.0589058 | F95: 3.3 | H95: 4.2179953 | I95: 4.9470953 | J95: 3.3 | L95: 1.0594737 | M95: 1.0223839 | N95: 1
B96: HURRICANE REEF | E96: 11.178248 | F96: 7.5 | I96: 14.59851 | J96: 7.5 | M96: 0.30947368 | N96: 1
D97: 5.3927001 | E97: 6.2517133 | F97: 4.5 | H97: 5.4965257 | I97: 6.527958 | J97: 4.5 | L97: 0.69682018 | M97: 0.78265038 | N97: 1
AD110: :

Sheet Oct. 1st
S1: P.G. | U1: Hot Time | W1: Process Time | Y1: Cooling Time
B2: Brewing Department Daily Process Loss Report | S2: Lower | T2: Upper | U2: Lower | V2: Upper | W2: Lower | X2: Upper | Y2: Lower | Z2: Upper
R3: CARIB | S3: 11.6 | T3: 12 | U3: 0 | V3: 0.11805556 | W3: 0.22569444 | X3: 0.26388889 | Y3: 0 | Z3: 60 | AB3: HR- PISNER
B4: Date: | C4: 45932 | J4: LOT WORT COLOUR: 3.3 | M4: Filter Sheets (Target 20 days) | R4: STAG | S4: 11.6 | T4: 12 | U4: 0 | V4: 0.11805556 | W4: 0.22569444 | X4: 0.26388889 | Y4: 0 | Z4: 60
M5: Double | N5: Single | R5: GUINNESS | S5: 17 | T5: 17.5 | U5: 0 | V5: 0.10763889 | W5: 0.24652778 | X5: 0.28472222 | Y5: 0 | Z5: 60
J6: MALT LOT: Lot #3 | L6: Sheet Day | R6: MACKESON | S6: 13.3 | T6: 13.5 | U6: 0 | V6: 0.12905093 | W6: 0.27430556 | X6: 0.30208333 | Y6: 0
R7: STARMALT | S7: 17 | T7: 17.4 | U7: 0 | V7: 0.13605324 | W7: 0.27430556 | X7: 0.30902778 | Y7: 0 | Z7: 85
B8: Brand | C8: Brew no. | D8: Kett. Hls | E8: Wort | F8: Cool Time(Mins) | G8: Cast. P.G. (Lab Result) | H8: Cast P.G. (Cellar Operator)-gravity | I8: Extr. Rec (77.9%) | J8: Theor. Extr. (77.5%) | K8: Boil Off /Vol. (4-6%) | L8: Boil Time | M8: Total Hot | N8: Brewing | O8: Operator | R8: Hurricane Reef | S8: 16.6 | T8: 17 | U8: 0 | V8: 0.12905093 | W8: 0.27430556 | X8: 0.30208333 | Y8: 0
E9: Meter (Hls) | F9: Target(< 60Mins) | M9: Time | R9: VITAMALT | S9: 14.2 | T9: 14.6 | U9: 0 | V9: 0.13905093 | W9: 0.26041667 | X9: 0.29513889 | Y9: 0 | Z9: 75
B10: CARIB | C10: =[22]Brewhouse!$A823 -> CA713 | D10: =[22]Brewhouse!$AF823 -> 55.5 | E10: =[22]Brewhouse!$AI823 -> 49.8 | F10: =[22]Brewhouse!$V823 -> 69 | G10: =[22]Brewhouse!AG823 -> 11.9 | H10: 11.7 | I10: =[22]Brewhouse!$AU823 -> 96.671625 | J10: =[22]Brewhouse!$AV823 -> 98.32118 | K10: =[22]Brewhouse!$Q823 -> 5.2222222 | L10: =[22]Brewhouse!$P823 -> 57 | M10: =[22]Brewhouse!$U823-[22]Brewhouse!$T823 -> 0.12986111 | N10: =[22]Brewhouse!$Z823 -> 0.29444444 | O10: =[22]Brewhouse!$AX823 -> K.Benjamin | R10: =B10 -> CARIB | S10: =VLOOKUP($B10,$R$3:$X$9,2,FALSE) -> 11.6 | T10: =VLOOKUP($B10,$R$3:$X$9,3,FALSE) -> 12 | U10: =VLOOKUP($B10,$R$3:$X$9,4,FALSE) -> 0 | V10: =VLOOKUP($B10,$R$3:$X$9,5,FALSE) -> 0.11805556 | W10: =VLOOKUP($B10,$R$3:$X$9,6,FALSE) -> 0.22569444 | X10: =VLOOKUP($B10,$R$3:$X$9,7,FALSE) -> 0.26388889 | Y10: =VLOOKUP($B10,$R$3:$Z$9,8,FALSE) -> 0 | Z10: =VLOOKUP($B10,$R$3:$Z$9,9,FALSE) -> 60
B11: CARIB | C11: =[22]Brewhouse!$A824 -> CA714 | D11: =[22]Brewhouse!$AF824 -> 55.4 | E11: =[22]Brewhouse!$AI824 -> 50.2 | F11: =[22]Brewhouse!$V824 -> 61 | G11: =[22]Brewhouse!AG824 -> 11.7 | H11: 11.8 | I11: =[22]Brewhouse!$AU824 -> 96.677697 | J11: =[22]Brewhouse!$AV824 -> 98.326291 | K11: =[22]Brewhouse!$Q824 -> 4 | L11: =[22]Brewhouse!$P824 -> 62 | M11: =[22]Brewhouse!$U824-[22]Brewhouse!$T824 -> 0.11597222 | N11: =[22]Brewhouse!$Z824 -> 0.24652778 | O11: =[22]Brewhouse!$AX824 -> K.Benjamin | R11: =B11 -> CARIB | S11: =VLOOKUP($B11,$R$3:$X$9,2,FALSE) -> 11.6 | T11: =VLOOKUP($B11,$R$3:$X$9,3,FALSE) -> 12 | U11: =VLOOKUP($B11,$R$3:$X$9,4,FALSE) -> 0 | V11: =VLOOKUP($B11,$R$3:$X$9,5,FALSE) -> 0.11805556 | W11: =VLOOKUP($B11,$R$3:$X$9,6,FALSE) -> 0.22569444 | X11: =VLOOKUP($B11,$R$3:$X$9,7,FALSE) -> 0.26388889 | Y11: =VLOOKUP($B11,$R$3:$Z$9,8,FALSE) -> 0 | Z11: =VLOOKUP($B11,$R$3:$Z$9,9,FALSE) -> 60
B12: CARIB | C12: =[22]Brewhouse!$A825 -> CA715 | D12: =[22]Brewhouse!$AF825 -> 55.7 | E12: =[22]Brewhouse!$AI825 -> 50.5 | F12: =[22]Brewhouse!$V825 -> 60 | G12: =[22]Brewhouse!AG825 -> 11.7 | H12: 11.7 | I12: =[22]Brewhouse!$AU825 -> 96.53574 | J12: =[22]Brewhouse!$AV825 -> 98.182713 | K12: =[22]Brewhouse!$Q825 -> 2.1132075 | L12: =[22]Brewhouse!$P825 -> 59 | M12: =[22]Brewhouse!$U825-[22]Brewhouse!$T825 -> 0.10694444 | N12: =[22]Brewhouse!$Z825 -> 0.24791667 | O12: =[22]Brewhouse!$AX825 -> K.Benjamin | R12: =B12 -> CARIB | S12: =VLOOKUP($B12,$R$3:$X$9,2,FALSE) -> 11.6 | T12: =VLOOKUP($B12,$R$3:$X$9,3,FALSE) -> 12 | U12: =VLOOKUP($B12,$R$3:$X$9,4,FALSE) -> 0 | V12: =VLOOKUP($B12,$R$3:$X$9,5,FALSE) -> 0.11805556 | W12: =VLOOKUP($B12,$R$3:$X$9,6,FALSE) -> 0.22569444 | X12: =VLOOKUP($B12,$R$3:$X$9,7,FALSE) -> 0.26388889 | Y12: =VLOOKUP($B12,$R$3:$Z$9,8,FALSE) -> 0 | Z12: =VLOOKUP($B12,$R$3:$Z$9,9,FALSE) -> 60
B13: CARIB | C13: =[22]Brewhouse!$A826 -> CA716 | D13: =[22]Brewhouse!$AF826 -> 55.7 | E13: =[22]Brewhouse!$AI826 -> 51.1 | F13: =[22]Brewhouse!$V826 -> 71 | G13: =[22]Brewhouse!AG826 -> 11.9 | H13: 11.7 | I13: =[22]Brewhouse!$AU826 -> 99.073288 | J13: =[22]Brewhouse!$AV826 -> 100.76396 | K13: =[22]Brewhouse!$Q826 -> 0.79245283 | L13: =[22]Brewhouse!$P826 -> 60 | M13: =[22]Brewhouse!$U826-[22]Brewhouse!$T826 -> 0.11388889 | N13: =[22]Brewhouse!$Z826 -> 0.24791667 | O13: =[22]Brewhouse!$AX826 -> K.Benjamin | R13: =B13 -> CARIB | S13: =VLOOKUP($B13,$R$3:$X$9,2,FALSE) -> 11.6 | T13: =VLOOKUP($B13,$R$3:$X$9,3,FALSE) -> 12 | U13: =VLOOKUP($B13,$R$3:$X$9,4,FALSE) -> 0 | V13: =VLOOKUP($B13,$R$3:$X$9,5,FALSE) -> 0.11805556 | W13: =VLOOKUP($B13,$R$3:$X$9,6,FALSE) -> 0.22569444 | X13: =VLOOKUP($B13,$R$3:$X$9,7,FALSE) -> 0.26388889 | Y13: =VLOOKUP($B13,$R$3:$Z$9,8,FALSE) -> 0 | Z13: =VLOOKUP($B13,$R$3:$Z$9,9,FALSE) -> 60
B14: CARIB | C14: =[22]Brewhouse!$A827 -> CA717 | D14: =[22]Brewhouse!$AF827 -> 55.8 | E14: =[22]Brewhouse!$AI827 -> 51.9 | F14: =[22]Brewhouse!$V827 -> 69 | G14: =[22]Brewhouse!AG827 -> 11.4 | H14: 11.4 | I14: =[22]Brewhouse!$AU827 -> 96.893475 | J14: =[22]Brewhouse!$AV827 -> 98.546151 | K14: =[22]Brewhouse!$Q827 -> -0.33962264 | L14: =[22]Brewhouse!$P827 -> 60 | M14: =[22]Brewhouse!$U827-[22]Brewhouse!$T827 -> 0.11041667 | N14: =[22]Brewhouse!$Z827 -> 0.23819444 | O14: =[22]Brewhouse!$AX827 -> K.Benjamin | R14: =B14 -> CARIB | S14: =VLOOKUP($B14,$R$3:$X$9,2,FALSE) -> 11.6 | T14: =VLOOKUP($B14,$R$3:$X$9,3,FALSE) -> 12 | U14: =VLOOKUP($B14,$R$3:$X$9,4,FALSE) -> 0 | V14: =VLOOKUP($B14,$R$3:$X$9,5,FALSE) -> 0.11805556 | W14: =VLOOKUP($B14,$R$3:$X$9,6,FALSE) -> 0.22569444 | X14: =VLOOKUP($B14,$R$3:$X$9,7,FALSE) -> 0.26388889 | Y14: =VLOOKUP($B14,$R$3:$Z$9,8,FALSE) -> 0 | Z14: =VLOOKUP($B14,$R$3:$Z$9,9,FALSE) -> 60
B15: CARIB | C15: =[22]Brewhouse!$A828 -> CA718 | D15: =[22]Brewhouse!$AF828 -> 55.7 | E15: =[22]Brewhouse!$AI828 -> 51.1 | F15: =[22]Brewhouse!$V828 -> 62 | G15: =[22]Brewhouse!AG828 -> 11.7 | H15: 11.6 | I15: =[22]Brewhouse!$AU828 -> 97.6827 | J15: =[22]Brewhouse!$AV828 -> 99.34924 | K15: =[22]Brewhouse!$Q828 -> 2.8679245 | L15: =[22]Brewhouse!$P828 -> 60 | M15: =[22]Brewhouse!$U828-[22]Brewhouse!$T828 -> 0.11944444 | N15: =[22]Brewhouse!$Z828 -> 0.24861111 | O15: =[22]Brewhouse!$AX828 -> K.Benjamin | R15: =B15 -> CARIB | S15: =VLOOKUP($B15,$R$3:$X$9,2,FALSE) -> 11.6 | T15: =VLOOKUP($B15,$R$3:$X$9,3,FALSE) -> 12 | U15: =VLOOKUP($B15,$R$3:$X$9,4,FALSE) -> 0 | V15: =VLOOKUP($B15,$R$3:$X$9,5,FALSE) -> 0.11805556 | W15: =VLOOKUP($B15,$R$3:$X$9,6,FALSE) -> 0.22569444 | X15: =VLOOKUP($B15,$R$3:$X$9,7,FALSE) -> 0.26388889 | Y15: =VLOOKUP($B15,$R$3:$Z$9,8,FALSE) -> 0 | Z15: =VLOOKUP($B15,$R$3:$Z$9,9,FALSE) -> 60
B16: CARIB | C16: =[22]Brewhouse!$A829 -> CA719 | D16: =[22]Brewhouse!$AF829 -> 55.7 | E16: =[22]Brewhouse!$AI829 -> 51.8 | F16: =[22]Brewhouse!$V829 -> 74 | G16: =[22]Brewhouse!AG829 -> 11.7 | H16: 11.6 | I16: =[22]Brewhouse!$AU829 -> 99.511758 | J16: =[22]Brewhouse!$AV829 -> 101.20896 | K16: =[22]Brewhouse!$Q829 -> 1.9245283 | L16: =[22]Brewhouse!$P829 -> 60 | M16: =[22]Brewhouse!$U829-[22]Brewhouse!$T829 -> 0.12361111 | N16: =[22]Brewhouse!$Z829 -> 0.25555556 | O16: =[22]Brewhouse!$AX829 -> K.Benjamin | R16: =B16 -> CARIB | S16: =VLOOKUP($B16,$R$3:$X$9,2,FALSE) -> 11.6 | T16: =VLOOKUP($B16,$R$3:$X$9,3,FALSE) -> 12 | U16: =VLOOKUP($B16,$R$3:$X$9,4,FALSE) -> 0 | V16: =VLOOKUP($B16,$R$3:$X$9,5,FALSE) -> 0.11805556 | W16: =VLOOKUP($B16,$R$3:$X$9,6,FALSE) -> 0.22569444 | X16: =VLOOKUP($B16,$R$3:$X$9,7,FALSE) -> 0.26388889 | Y16: =VLOOKUP($B16,$R$3:$Z$9,8,FALSE) -> 0 | Z16: =VLOOKUP($B16,$R$3:$Z$9,9,FALSE) -> 60
B17: CARIB | C17: =[22]Brewhouse!$A830 -> CA720 | D17: =[22]Brewhouse!$AF830 -> 55.3 | E17: =[22]Brewhouse!$AI830 -> 52.5 | F17: =[22]Brewhouse!$V830 -> 83 | G17: =[22]Brewhouse!AG830 -> 11.6 | H17: 11.6 | I17: =[22]Brewhouse!$AU830 -> 99.94938 | J17: =[22]Brewhouse!$AV830 -> 101.65404 | K17: =[22]Brewhouse!$Q830 -> 1.7358491 | L17: =[22]Brewhouse!$P830 -> 60 | M17: =[22]Brewhouse!$U830-[22]Brewhouse!$T830 -> 0.12986111 | N17: =[22]Brewhouse!$Z830 -> 0.27083333 | O17: =[22]Brewhouse!$AX830 -> K.Benjamin | R17: =B17 -> CARIB | S17: =VLOOKUP($B17,$R$3:$X$9,2,FALSE) -> 11.6 | T17: =VLOOKUP($B17,$R$3:$X$9,3,FALSE) -> 12 | U17: =VLOOKUP($B17,$R$3:$X$9,4,FALSE) -> 0 | V17: =VLOOKUP($B17,$R$3:$X$9,5,FALSE) -> 0.11805556 | W17: =VLOOKUP($B17,$R$3:$X$9,6,FALSE) -> 0.22569444 | X17: =VLOOKUP($B17,$R$3:$X$9,7,FALSE) -> 0.26388889 | Y17: =VLOOKUP($B17,$R$3:$Z$9,8,FALSE) -> 0 | Z17: =VLOOKUP($B17,$R$3:$Z$9,9,FALSE) -> 60
B18: CARIB | C18: =[22]Brewhouse!$A831 -> CA721 | D18: =[22]Brewhouse!$AF831 -> 55.1 | E18: =[22]Brewhouse!$AI831 -> 46.7 | F18: =[22]Brewhouse!$V831 -> 72 | G18: =[22]Brewhouse!AG831 -> 12 | H18: 11.9 | I18: =[22]Brewhouse!$AU831 -> 92.135013 | J18: =[22]Brewhouse!$AV831 -> 93.706398 | K18: =[22]Brewhouse!$Q831 -> 4.7457627 | L18: =[22]Brewhouse!$P831 -> 58 | M18: =[22]Brewhouse!$U831-[22]Brewhouse!$T831 -> 0.12083333 | N18: =[22]Brewhouse!$Z831 -> 0.25138889 | O18: =[22]Brewhouse!$AX831 -> R.Sookram | R18: =B18 -> CARIB | S18: =VLOOKUP($B18,$R$3:$X$9,2,FALSE) -> 11.6 | T18: =VLOOKUP($B18,$R$3:$X$9,3,FALSE) -> 12 | U18: =VLOOKUP($B18,$R$3:$X$9,4,FALSE) -> 0 | V18: =VLOOKUP($B18,$R$3:$X$9,5,FALSE) -> 0.11805556 | W18: =VLOOKUP($B18,$R$3:$X$9,6,FALSE) -> 0.22569444 | X18: =VLOOKUP($B18,$R$3:$X$9,7,FALSE) -> 0.26388889 | Y18: =VLOOKUP($B18,$R$3:$Z$9,8,FALSE) -> 0 | Z18: =VLOOKUP($B18,$R$3:$Z$9,9,FALSE) -> 60
B19: CARIB | C19: =[22]Brewhouse!$A832 -> CA722 | D19: =[22]Brewhouse!$AF832 -> 55.6 | E19: =[22]Brewhouse!$AI832 -> 50 | F19: =[22]Brewhouse!$V832 -> 67 | G19: =[22]Brewhouse!AG832 -> 11.8 | H19: 11.7 | I19: =[22]Brewhouse!$AU832 -> 97.158609 | J19: =[22]Brewhouse!$AV832 -> 98.815403 | K19: =[22]Brewhouse!$Q832 -> 3.2391714 | L19: =[22]Brewhouse!$P832 -> 60 | M19: =[22]Brewhouse!$U832-[22]Brewhouse!$T832 -> 0.11319444 | N19: =[22]Brewhouse!$Z832 -> 0.2625 | O19: =[22]Brewhouse!$AX832 -> R.Sookram | R19: =B19 -> CARIB | S19: =VLOOKUP($B19,$R$3:$X$9,2,FALSE) -> 11.6 | T19: =VLOOKUP($B19,$R$3:$X$9,3,FALSE) -> 12 | U19: =VLOOKUP($B19,$R$3:$X$9,4,FALSE) -> 0 | V19: =VLOOKUP($B19,$R$3:$X$9,5,FALSE) -> 0.11805556 | W19: =VLOOKUP($B19,$R$3:$X$9,6,FALSE) -> 0.22569444 | X19: =VLOOKUP($B19,$R$3:$X$9,7,FALSE) -> 0.26388889 | Y19: =VLOOKUP($B19,$R$3:$Z$9,8,FALSE) -> 0 | Z19: =VLOOKUP($B19,$R$3:$Z$9,9,FALSE) -> 60
R20: =B20 -> 0 | S20: =VLOOKUP($B20,$R$3:$X$9,2,FALSE) -> #N/A | T20: =VLOOKUP($B20,$R$3:$X$9,3,FALSE) -> #N/A | U20: =VLOOKUP($B20,$R$3:$X$9,4,FALSE) -> #N/A | V20: =VLOOKUP($B20,$R$3:$X$9,5,FALSE) -> #N/A | W20: =VLOOKUP($B20,$R$3:$X$9,6,FALSE) -> #N/A | X20: =VLOOKUP($B20,$R$3:$X$9,7,FALSE) -> #N/A | Y20: =VLOOKUP($B20,$R$3:$Z$9,8,FALSE) -> #N/A | Z20: =VLOOKUP($B20,$R$3:$Z$9,9,FALSE) -> #N/A
R21: =B21 -> 0 | S21: =VLOOKUP($B21,$R$3:$X$9,2,FALSE) -> #N/A | T21: =VLOOKUP($B21,$R$3:$X$9,3,FALSE) -> #N/A | U21: =VLOOKUP($B21,$R$3:$X$9,4,FALSE) -> #N/A | V21: =VLOOKUP($B21,$R$3:$X$9,5,FALSE) -> #N/A | W21: =VLOOKUP($B21,$R$3:$X$9,6,FALSE) -> #N/A | X21: =VLOOKUP($B21,$R$3:$X$9,7,FALSE) -> #N/A | Y21: =VLOOKUP($B21,$R$3:$Z$9,8,FALSE) -> #N/A | Z21: =VLOOKUP($B21,$R$3:$Z$9,9,FALSE) -> #N/A
R22: =B22 -> 0 | S22: =VLOOKUP($B22,$R$3:$X$9,2,FALSE) -> #N/A | T22: =VLOOKUP($B22,$R$3:$X$9,3,FALSE) -> #N/A | U22: =VLOOKUP($B22,$R$3:$X$9,4,FALSE) -> #N/A | V22: =VLOOKUP($B22,$R$3:$X$9,5,FALSE) -> #N/A | W22: =VLOOKUP($B22,$R$3:$X$9,6,FALSE) -> #N/A | X22: =VLOOKUP($B22,$R$3:$X$9,7,FALSE) -> #N/A | Y22: =VLOOKUP($B22,$R$3:$Z$9,8,FALSE) -> #N/A | Z22: =VLOOKUP($B22,$R$3:$Z$9,9,FALSE) -> #N/A
R23: =B23 -> 0 | S23: =VLOOKUP($B23,$R$3:$X$9,2,FALSE) -> #N/A | T23: =VLOOKUP($B23,$R$3:$X$9,3,FALSE) -> #N/A | U23: =VLOOKUP($B23,$R$3:$X$9,4,FALSE) -> #N/A | V23: =VLOOKUP($B23,$R$3:$X$9,5,FALSE) -> #N/A | W23: =VLOOKUP($B23,$R$3:$X$9,6,FALSE) -> #N/A | X23: =VLOOKUP($B23,$R$3:$X$9,7,FALSE) -> #N/A | Y23: =VLOOKUP($B23,$R$3:$Z$9,8,FALSE) -> #N/A | Z23: =VLOOKUP($B23,$R$3:$Z$9,9,FALSE) -> #N/A
B24: BRAND | D24: BBT P.G./ O.G | I24: Brand | J24: Actual | K24: MTD No. of Brews | L24: MTD | M24: YTD | N24: Target | R24: =B24 -> BRAND | S24: =VLOOKUP($B24,$R$3:$X$9,2,FALSE) -> #N/A | T24: =VLOOKUP($B24,$R$3:$X$9,3,FALSE) -> #N/A | U24: =VLOOKUP($B24,$R$3:$X$9,4,FALSE) -> #N/A | V24: =VLOOKUP($B24,$R$3:$X$9,5,FALSE) -> #N/A | W24: =VLOOKUP($B24,$R$3:$X$9,6,FALSE) -> #N/A | X24: =VLOOKUP($B24,$R$3:$X$9,7,FALSE) -> #N/A | Y24: =VLOOKUP($B24,$R$3:$Z$9,8,FALSE) -> #N/A | Z24: =VLOOKUP($B24,$R$3:$Z$9,9,FALSE) -> #N/A
B25: =I26 -> STAG | C25: =[23]Process!D371 -> 11.5 | D25: 11.86 | I25: CARIB | J25: =AVERAGE(I10:I19) -> 97.228929 | K25: =COUNTA([22]Brewhouse!$A$823:$A$832) -> 10 | L25: =AVERAGE([22]Brewhouse!$AU$823:$AU$832) -> 97.228929 | M25: =AVERAGE([22]Brewhouse!$AU$102:$AU$171,[22]Brewhouse!$AU$173:$AU$253,[22]Brewhouse!$AU$255:$AU$339,[22]Brewhouse!$AU$341:$AU$346,[22]Brewhouse!$AU$348,[22]Brewhouse!$AU$349:$AU$406,[22]Brewhouse!$AU$408:$AU$491,[22]Brewhouse!$AU$493:$AU$578,[22]Brewhouse!$AU$580:$AU$652,[22]Brewhouse!$AU$655:$AU$738,[22]Brewhouse!$A$740:$A$821,[22]Brewhouse!$AU$823:$AU$832) -> 97.699765 | N25: 98 | R25: =B25 -> STAG | S25: =VLOOKUP($B25,$R$3:$X$9,2,FALSE) -> 11.6 | T25: =VLOOKUP($B25,$R$3:$X$9,3,FALSE) -> 12 | U25: =VLOOKUP($B25,$R$3:$X$9,4,FALSE) -> 0 | V25: =VLOOKUP($B25,$R$3:$X$9,5,FALSE) -> 0.11805556 | W25: =VLOOKUP($B25,$R$3:$X$9,6,FALSE) -> 0.22569444 | X25: =VLOOKUP($B25,$R$3:$X$9,7,FALSE) -> 0.26388889 | Y25: =VLOOKUP($B25,$R$3:$Z$9,8,FALSE) -> 0 | Z25: =VLOOKUP($B25,$R$3:$Z$9,9,FALSE) -> 60
C26: =[23]Process!D372 -> 11.9 | I26: STAG | M26: =AVERAGE([23]Brewhouse!$AS$15:$AS$64,[23]Brewhouse!$AS$66:$AS$103,[23]Brewhouse!$AS$105:$AS$140,[23]Brewhouse!$AS$142:$AS$193,[23]Brewhouse!$AS$195:$AS$240,[23]Brewhouse!$AS$242:$AS$273,[23]Brewhouse!$AS$275:$AS$322,[23]Brewhouse!$AS$324:$AS$359,[23]Brewhouse!$AS$361:$AS$397) -> 97.99635 | N26: 98 | R26: =B26 -> 0 | S26: =VLOOKUP($B26,$R$3:$X$9,2,FALSE) -> #N/A | T26: =VLOOKUP($B26,$R$3:$X$9,3,FALSE) -> #N/A | U26: =VLOOKUP($B26,$R$3:$X$9,4,FALSE) -> #N/A | V26: =VLOOKUP($B26,$R$3:$X$9,5,FALSE) -> #N/A | W26: =VLOOKUP($B26,$R$3:$X$9,6,FALSE) -> #N/A | X26: =VLOOKUP($B26,$R$3:$X$9,7,FALSE) -> #N/A | Y26: =VLOOKUP($B26,$R$3:$Z$9,8,FALSE) -> #N/A | Z26: =VLOOKUP($B26,$R$3:$Z$9,9,FALSE) -> #N/A
C27: =[23]Process!D373 -> 11.9 | D27: 11.86 | I27: GUINNESS | M27: =AVERAGE([24]Brewhouse!$AU$4:$AU$7,[24]Brewhouse!$AU$9:$AU$22,[24]Brewhouse!$AU$24:$AU$35,[24]Brewhouse!$AU$37:$AU$45,[24]Brewhouse!$AU$47:$AU$62,[24]Brewhouse!$AU$64:$AU$79,[24]Brewhouse!$AU$81:$AU$92,[24]Brewhouse!$AU$94:$AU$97) -> 96.8166 | N27: 98 | R27: =B27 -> 0 | S27: =VLOOKUP($B27,$R$3:$X$9,2,FALSE) -> #N/A | T27: =VLOOKUP($B27,$R$3:$X$9,3,FALSE) -> #N/A | U27: =VLOOKUP($B27,$R$3:$X$9,4,FALSE) -> #N/A | V27: =VLOOKUP($B27,$R$3:$X$9,5,FALSE) -> #N/A | W27: =VLOOKUP($B27,$R$3:$X$9,6,FALSE) -> #N/A | X27: =VLOOKUP($B27,$R$3:$X$9,7,FALSE) -> #N/A | Y27: =VLOOKUP($B27,$R$3:$Z$9,8,FALSE) -> #N/A | Z27: =VLOOKUP($B27,$R$3:$Z$9,9,FALSE) -> #N/A
C28: =[23]Process!D374 -> 11.9 | I28: VITAMALT | M28: =AVERAGE([25]Brewhouse!$AV$5:$AV$14,[25]Brewhouse!$AV$16:$AV$19,[25]Brewhouse!$AV$21:$AV$24,[25]Brewhouse!$AV$26:$AV$33,[25]Brewhouse!$AV$35:$AV$46,[25]Brewhouse!$AV$48:$AV$53,[25]Brewhouse!$AV$55:$AV$62,[25]Brewhouse!$AV$64:$AV$77,[25]Brewhouse!$AV$79:$AV$86) -> 98.293408 | N28: 98 | R28: =B28 -> 0 | S28: =VLOOKUP($B28,$R$3:$X$9,2,FALSE) -> #N/A | T28: =VLOOKUP($B28,$R$3:$X$9,3,FALSE) -> #N/A | U28: =VLOOKUP($B28,$R$3:$X$9,4,FALSE) -> #N/A | V28: =VLOOKUP($B28,$R$3:$X$9,5,FALSE) -> #N/A | W28: =VLOOKUP($B28,$R$3:$X$9,6,FALSE) -> #N/A | X28: =VLOOKUP($B28,$R$3:$X$9,7,FALSE) -> #N/A | Y28: =VLOOKUP($B28,$R$3:$Z$9,8,FALSE) -> #N/A | Z28: =VLOOKUP($B28,$R$3:$Z$9,9,FALSE) -> #N/A
C29: =[23]Process!D375 -> 11.6 | D29: 11.82 | I29: MAXIMALT | N29: 98 | R29: =B29 -> 0 | S29: =VLOOKUP($B29,$R$3:$X$9,2,FALSE) -> #N/A | T29: =VLOOKUP($B29,$R$3:$X$9,3,FALSE) -> #N/A | U29: =VLOOKUP($B29,$R$3:$X$9,4,FALSE) -> #N/A | V29: =VLOOKUP($B29,$R$3:$X$9,5,FALSE) -> #N/A | W29: =VLOOKUP($B29,$R$3:$X$9,6,FALSE) -> #N/A | X29: =VLOOKUP($B29,$R$3:$X$9,7,FALSE) -> #N/A | Y29: =VLOOKUP($B29,$R$3:$Z$9,8,FALSE) -> #N/A | Z29: =VLOOKUP($B29,$R$3:$Z$9,9,FALSE) -> #N/A
C30: =[23]Process!D376 -> 11.8 | I30: MACKESON | M30: =AVERAGE([26]Brewhouse!$AT$4:$AT$11,[26]Brewhouse!$AT$13:$AT$16,[26]Brewhouse!$AT$18:$AT$21,[26]Brewhouse!$AT$26,[26]Brewhouse!$AT$28:$AT$35) -> 94.794664 | N30: 98 | R30: =B30 -> 0 | S30: =VLOOKUP($B30,$R$3:$X$9,2,FALSE) -> #N/A | T30: =VLOOKUP($B30,$R$3:$X$9,3,FALSE) -> #N/A | U30: =VLOOKUP($B30,$R$3:$X$9,4,FALSE) -> #N/A | V30: =VLOOKUP($B30,$R$3:$X$9,5,FALSE) -> #N/A | W30: =VLOOKUP($B30,$R$3:$X$9,6,FALSE) -> #N/A | X30: =VLOOKUP($B30,$R$3:$X$9,7,FALSE) -> #N/A | Y30: =VLOOKUP($B30,$R$3:$Z$9,8,FALSE) -> #N/A | Z30: =VLOOKUP($B30,$R$3:$Z$9,9,FALSE) -> #N/A
C31: =[23]Process!D377 -> 12.1 | D31: 12.03 | I31: STARMALT | M31: =AVERAGE([27]Brewhouse!$AY$6:$AY$13,[27]Brewhouse!$AY$15:$AY$20,[27]Brewhouse!$AY$22:$AY$29,[27]Brewhouse!$AY$31:$AY$34,[27]Brewhouse!$AY$36:$AY$43,[27]Brewhouse!$AY$45:$AY$50, [27]Brewhouse!$AY$56:$AY$73,[27]Brewhouse!$AY$75:$AY$92) -> 97.477741 | N31: 98 | R31: =B31 -> 0 | S31: =VLOOKUP($B31,$R$3:$X$9,2,FALSE) -> #N/A | T31: =VLOOKUP($B31,$R$3:$X$9,3,FALSE) -> #N/A | U31: =VLOOKUP($B31,$R$3:$X$9,4,FALSE) -> #N/A | V31: =VLOOKUP($B31,$R$3:$X$9,5,FALSE) -> #N/A | W31: =VLOOKUP($B31,$R$3:$X$9,6,FALSE) -> #N/A | X31: =VLOOKUP($B31,$R$3:$X$9,7,FALSE) -> #N/A | Y31: =VLOOKUP($B31,$R$3:$Z$9,8,FALSE) -> #N/A | Z31: =VLOOKUP($B31,$R$3:$Z$9,9,FALSE) -> #N/A
C32: =[23]Process!D378 -> 11.9 | I32: HR- Pils | M32: =AVERAGE([28]Brewhouse!$AU$5:$AU$8,[28]Brewhouse!$AU$10:$AU$13,[27]Brewhouse!$AY$75:$AY$77) -> 94.749192 | N32: 98 | R32: =B32 -> 0 | S32: =VLOOKUP($B32,$R$3:$X$9,2,FALSE) -> #N/A | T32: =VLOOKUP($B32,$R$3:$X$9,3,FALSE) -> #N/A | U32: =VLOOKUP($B32,$R$3:$X$9,4,FALSE) -> #N/A | V32: =VLOOKUP($B32,$R$3:$X$9,5,FALSE) -> #N/A | W32: =VLOOKUP($B32,$R$3:$X$9,6,FALSE) -> #N/A | X32: =VLOOKUP($B32,$R$3:$X$9,7,FALSE) -> #N/A | Y32: =VLOOKUP($B32,$R$3:$Z$9,8,FALSE) -> #N/A | Z32: =VLOOKUP($B32,$R$3:$Z$9,9,FALSE) -> #N/A
C33: =[23]Process!D379 -> 11.6 | D33: 11.95 | I33: HR- IPA | M33: =AVERAGE([29]Brewhouse!$AW$26:$AW$27) -> 95.310681 | N33: 98 | R33: =B33 -> 0 | S33: =VLOOKUP($B33,$R$3:$X$9,2,FALSE) -> #N/A | T33: =VLOOKUP($B33,$R$3:$X$9,3,FALSE) -> #N/A | U33: =VLOOKUP($B33,$R$3:$X$9,4,FALSE) -> #N/A | V33: =VLOOKUP($B33,$R$3:$X$9,5,FALSE) -> #N/A | W33: =VLOOKUP($B33,$R$3:$X$9,6,FALSE) -> #N/A | X33: =VLOOKUP($B33,$R$3:$X$9,7,FALSE) -> #N/A | Y33: =VLOOKUP($B33,$R$3:$Z$9,8,FALSE) -> #N/A | Z33: =VLOOKUP($B33,$R$3:$Z$9,9,FALSE) -> #N/A
C34: =[23]Process!D380 -> 12 | I34: HR- APA | M34: =AVERAGE([30]Brewhouse!$AU$13:$AU$14) -> 97.110575 | N34: 98 | R34: =B34 -> 0 | S34: =VLOOKUP($B34,$R$3:$X$9,2,FALSE) -> #N/A | T34: =VLOOKUP($B34,$R$3:$X$9,3,FALSE) -> #N/A | U34: =VLOOKUP($B34,$R$3:$X$9,4,FALSE) -> #N/A | V34: =VLOOKUP($B34,$R$3:$X$9,5,FALSE) -> #N/A | W34: =VLOOKUP($B34,$R$3:$X$9,6,FALSE) -> #N/A | X34: =VLOOKUP($B34,$R$3:$X$9,7,FALSE) -> #N/A | Y34: =VLOOKUP($B34,$R$3:$Z$9,8,FALSE) -> #N/A | Z34: =VLOOKUP($B34,$R$3:$Z$9,9,FALSE) -> #N/A
K35: =SUM(K25:K34) -> 10 | L35: =((L25*K25)+(L26*K26)+(L27*K27)+(L28*K28)+(L29*K29)+(K32*L32)+(L30*K30)+(L31*K31)+(L34*K34))/(K35) -> 97.228929 | M35: =AVERAGE('[31]Jan 31st'!$L$65,'[32]Feb 28th'!$L$35,'[33]Mar. 31st'!$L$35,'[34]Apr. 30th'!$L$45,'[35]May 30th'!$L$37,'[36]June 30th'!$L$57,'[37]July 29th '!$L$44,'[38]Aug 29th'!$L$29,'[39]Sept 30th'!$L$35,L35) -> 97.540843 | N35: 98 | R35: =B35 -> 0 | S35: =VLOOKUP($B35,$R$3:$X$9,2,FALSE) -> #N/A | T35: =VLOOKUP($B35,$R$3:$X$9,3,FALSE) -> #N/A | U35: =VLOOKUP($B35,$R$3:$X$9,4,FALSE) -> #N/A | V35: =VLOOKUP($B35,$R$3:$X$9,5,FALSE) -> #N/A | W35: =VLOOKUP($B35,$R$3:$X$9,6,FALSE) -> #N/A | X35: =VLOOKUP($B35,$R$3:$X$9,7,FALSE) -> #N/A | Y35: =VLOOKUP($B35,$R$3:$Z$9,8,FALSE) -> #N/A | Z35: =VLOOKUP($B35,$R$3:$Z$9,9,FALSE) -> #N/A
R36: =B36 -> 0 | S36: =VLOOKUP($B36,$R$3:$X$9,2,FALSE) -> #N/A | T36: =VLOOKUP($B36,$R$3:$X$9,3,FALSE) -> #N/A | U36: =VLOOKUP($B36,$R$3:$X$9,4,FALSE) -> #N/A | V36: =VLOOKUP($B36,$R$3:$X$9,5,FALSE) -> #N/A | W36: =VLOOKUP($B36,$R$3:$X$9,6,FALSE) -> #N/A | X36: =VLOOKUP($B36,$R$3:$X$9,7,FALSE) -> #N/A | Y36: =VLOOKUP($B36,$R$3:$Z$9,8,FALSE) -> #N/A | Z36: =VLOOKUP($B36,$R$3:$Z$9,9,FALSE) -> #N/A
B37: =I25 -> CARIB | C37: =[22]Process!D784 -> 11.4 | D37: 11.77 | J37: Daily Brewing Plan
C38: =[22]Process!D785 -> 12.2 | J38: Brand | K38: Brews Achieved | L38: Average Brews per day
J39: CARIB | K39: 10 | L39: MTD | M39: YTD | N39: TARGET
J40: STAG | L40: =K49 -> 10 | M40: =AVERAGE('[31]Jan 29th '!$M$70,'[32]Feb 28th'!$L$40,'[33]Mar. 31st'!$L$40,'[34]Apr. 30th'!$L$50,'[35]May 30th'!$L$42,'[36]June 30th'!$L$62,'[37]July 29th '!$L$49,'[38]Aug 29th'!$L$34,'[39]Sept 30th'!$L$40,L40) -> 7.3061278 | N40: 9.2
J41: GUINN
J42: VITAMALT
J43: STARMALT
J44: MACKESON
J45: HURRICANE REEF- IPA
J46: HURRICANE REEF- APA
B47: AVERAGE | D47: =AVERAGE(D25:E46) -> 11.881667 | J47: HR- PILSNER
J48: CARIBE
J49: Total | K49: =SUM(K39:K48) -> 10
B50: Process: | C50: Fermentation/Filtration
B52: Brand | C52: Filt. Date | D52: FV Hls | E52: GFE/ Prim/ Vita Blend (Hls) | F52: SV Hls | G52: BBT Hls | H52: Loss (%) Ferm | I52: Loss (%) Filt | J52: Comments | K52: Throughput | L52: Process Loss (%) | M52: Filt. Operator
AB53: 43474 | AC53: 43475 | AD53: 43476 | AE53: 43477 | AF53: 43478 | AG53: 43479 | AH53: 43480 | AI53: 43481 | AJ53: 43482 | AK53: 43483 | AL53: 43484 | AM53: 43485 | AN53: 43486 | AO53: 43487 | AP53: 43488 | AQ53: 43489 | AR53: 43490 | AS53: 43491 | AT53: 43492 | AU53: 43493 | AV53: 43494 | AW53: 43495 | AX53: 43496
B54: =J40 -> STAG | C54: 45931 | D54: =[40]October_2025!$D$13 -> 495.6 | G54: =[40]October_2025!$D$17 -> 471.7 | J54: NO SBF | K54: =[41]October_2025!$D$25 -> 0.82754386 | L54: =(((D54+E54)-G54)/(D54+E54))*100 -> 4.8224374 | M54: D. Emery | AB54: =[20]January_2019!L7 -> 285.8 | AC54: =[20]January_2019!M7 -> 508.1 | AD54: =[20]January_2019!N7 -> 0 | AE54: =[20]January_2019!O7 -> 0 | AF54: =[20]January_2019!P7 -> 109.56667 | AG54: =[20]January_2019!Q7 -> 297.65 | AH54: =[20]January_2019!R7 -> 122.3 | AI54: =[20]January_2019!S7 -> 0 | ... AX54: =[20]January_2019!AH7 -> 0
B56: =J39 -> CARIB | C56: 45931 | D56: =[40]October_2025!$D$3 -> 52.9 | G56: =[40]October_2025!$D$7 -> 50.3 | J56: 1 SBF | K56: =[41]October_2025!$D$18 -> 0.17649123 | L56: =(((D56+E56)-G56)/(D56+E56))*100 -> 4.9149338 | M56: =M54 -> D. Emery
L58: =(((D58+E58)-G58)/(D58+E58))*100 -> #DIV/0!
B61: Process Loss (Volume) | G61: Process Loss (Extract) | K61: Throughput
B62: Brand | C62: Actual | D62: MTD | E62: YTD | F62: Target | G62: Actual | H62: MTD | I62: YTD | J62: Target | K62: Actual | L62: MTD | M62: YTD | N62: Target
B63: CARIB | C63: =L56 -> 4.9149338 | D63: 4.9149338 | E63: 6.2422655 | F63: 4.8 | G63: =[40]October_2025!$D$11 -> 1.3991835 | H63: 1.3991835 | I63: 6.2285616 | J63: 4.8 | K63: =K56 -> 0.17649123 | L63: 0.17649123 | N63: 1
B64: STAG | C64: =L54 -> 4.8224374 | D64: 4.8224374 | E64: 5.9960378 | F64: 4.8 | G64: =[40]October_2025!$D$21 -> 3.9753879 | H64: 4.0523924 | I64: 5.6513681 | J64: 4.8 | K64: =K54 -> 0.82754386 | L64: 0.82754386 | N64: 1
B65: GUINN | E65: 11.635872 | F65: 5.5 | I65: 12.740878 | J65: 5.5 | N65: 1
B66: VITAMALT | E66: 4.8132588 | F66: 3.3 | I66: 4.4772095 | J66: 3.3 | N66: 1
B67: APA | E67: 7.8373016 | F67: 3.3 | I67: 5.3377569 | J67: 3 | N67: 1
B68: MACKESON | E68: 7.145715 | F68: =[21]May_2022!$M$43 -> 3.4878407 | I68: 8.6614709 | J68: 5.5 | N68: 1
B69: STARMALT | E69: 3.0382638 | F69: 3.3 | I69: 4.4758841 | J69: 3.3 | N69: 1
B70: IPA | E70: 11.483254 | F70: 7.5 | I70: 9.7934336 | J70: 7.5 | N70: 1
B71: HURRICANE REEF PILS | E71: 7.2653645 | F71: 4.8 | I71: 8.1715311 | J71: 4.8 | N71: 1
D72: 4.8313582 | E72: 6.3259576 | F72: 5.5 | H72: 3.80514 | I72: 6.5635929 | J72: 5.5 | L72: 0.50201754 | N72: 1

Sheet Oct. 2nd
S1: P.G. | U1: Hot Time | W1: Process Time | Y1: Cooling Time
B2: Brewing Department Daily Process Loss Report | S2: Lower | T2: Upper | U2: Lower | V2: Upper | W2: Lower | X2: Upper | Y2: Lower | Z2: Upper
R3: CARIB | S3: 11.6 | T3: 12 | U3: 0 | V3: 0.11805556 | W3: 0.22569444 | X3: 0.26388889 | Y3: 0 | Z3: 60 | AB3: HR- PISNER
B4: Date: | C4: 45933 | J4: LOT WORT COLOUR: 3.3 | M4: Filter Sheets (Target 20 days) | R4: STAG | S4: 11.6 | T4: 12 | U4: 0 | V4: 0.11805556 | W4: 0.22569444 | X4: 0.26388889 | Y4: 0 | Z4: 60
M5: Double | N5: Single | R5: GUINNESS | S5: 17 | T5: 17.5 | U5: 0 | V5: 0.10763889 | W5: 0.24652778 | X5: 0.28472222 | Y5: 0 | Z5: 60
J6: MALT LOT: Lot #3 | L6: Sheet Day | R6: MACKESON | S6: 13.3 | T6: 13.5 | U6: 0 | V6: 0.12905093 | W6: 0.27430556 | X6: 0.30208333 | Y6: 0
R7: STARMALT | S7: 17 | T7: 17.4 | U7: 0 | V7: 0.13605324 | W7: 0.27430556 | X7: 0.30902778 | Y7: 0 | Z7: 85
B8: Brand | C8: Brew no. | D8: Kett. Hls | E8: Wort | F8: Cool Time(Mins) | G8: Cast. P.G. (Lab Result) | H8: Cast P.G. (Cellar Operator)-gravity | I8: Extr. Rec (77.9%) | J8: Theor. Extr. (77.5%) | K8: Boil Off /Vol. (4-6%) | L8: Boil Time | M8: Total Hot | N8: Brewing | O8: Operator | R8: Hurricane Reef | S8: 16.6 | T8: 17 | U8: 0 | V8: 0.12905093 | W8: 0.27430556 | X8: 0.30208333 | Y8: 0
E9: Meter (Hls) | F9: Target(< 60Mins) | M9: Time | R9: VITAMALT | S9: 14.2 | T9: 14.6 | U9: 0 | V9: 0.13905093 | W9: 0.26041667 | X9: 0.29513889 | Y9: 0 | Z9: 75
B10: CARIB | C10: =[22]Brewhouse!$A833 -> CA723 | D10: =[22]Brewhouse!$AF833 -> 50.3 | E10: =[22]Brewhouse!$AI833 -> 49.9 | F10: =[22]Brewhouse!$V833 -> 60 | G10: =[22]Brewhouse!AG833 -> 11.8 | H10: 11.8 | I10: =[22]Brewhouse!$AU833 -> 97.448637 | J10: =[22]Brewhouse!$AV833 -> 99.109832 | K10: =[22]Brewhouse!$Q833 -> 6.4528302 | L10: =[22]Brewhouse!$P833 -> 0 | M10: =[22]Brewhouse!$U833-[22]Brewhouse!$T833 -> 0.11666667 | N10: =[22]Brewhouse!$Z833 -> 0.25833333 | O10: =[22]Brewhouse!$AX833 -> R.Sookram | R10: =B10 -> CARIB | S10: =VLOOKUP($B10,$R$3:$X$9,2,FALSE) -> 11.6 | T10: =VLOOKUP($B10,$R$3:$X$9,3,FALSE) -> 12 | U10: =VLOOKUP($B10,$R$3:$X$9,4,FALSE) -> 0 | V10: =VLOOKUP($B10,$R$3:$X$9,5,FALSE) -> 0.11805556 | W10: =VLOOKUP($B10,$R$3:$X$9,6,FALSE) -> 0.22569444 | X10: =VLOOKUP($B10,$R$3:$X$9,7,FALSE) -> 0.26388889 | Y10: =VLOOKUP($B10,$R$3:$Z$9,8,FALSE) -> 0 | Z10: =VLOOKUP($B10,$R$3:$Z$9,9,FALSE) -> 60
B11: CARIB | C11: =[22]Brewhouse!$A834 -> CA724 | D11: =[22]Brewhouse!$AF834 -> 52.6 | E11: =[22]Brewhouse!$AI834 -> 50.8 | F11: =[22]Brewhouse!$V834 -> 55 | G11: =[22]Brewhouse!AG834 -> 11.6 | H11: 11.8 | I11: =[22]Brewhouse!$AU834 -> 96.712924 | J11: =[22]Brewhouse!$AV834 -> 98.362387 | K11: =[22]Brewhouse!$Q834 -> 2.1132075 | L11: =[22]Brewhouse!$P834 -> 60 | M11: =[22]Brewhouse!$U834-[22]Brewhouse!$T834 -> 0.11388889 | N11: =[22]Brewhouse!$Z834 -> 0.25208333 | O11: =[22]Brewhouse!$AX834 -> K.Benjamin | R11: =B11 -> CARIB | S11: =VLOOKUP($B11,$R$3:$X$9,2,FALSE) -> 11.6 | T11: =VLOOKUP($B11,$R$3:$X$9,3,FALSE) -> 12 | U11: =VLOOKUP($B11,$R$3:$X$9,4,FALSE) -> 0 | V11: =VLOOKUP($B11,$R$3:$X$9,5,FALSE) -> 0.11805556 | W11: =VLOOKUP($B11,$R$3:$X$9,6,FALSE) -> 0.22569444 | X11: =VLOOKUP($B11,$R$3:$X$9,7,FALSE) -> 0.26388889 | Y11: =VLOOKUP($B11,$R$3:$Z$9,8,FALSE) -> 0 | Z11: =VLOOKUP($B11,$R$3:$Z$9,9,FALSE) -> 60
B12: CARIB | C12: =[22]Brewhouse!$A835 -> CA725 | D12: =[22]Brewhouse!$AF835 -> 51.3 | E12: =[22]Brewhouse!$AI835 -> 50.4 | F12: =[22]Brewhouse!$V835 -> 61 | G12: =[22]Brewhouse!AG835 -> 11.6 | H12: 11.8 | I12: =[22]Brewhouse!$AU835 -> 96.309528 | J12: =[22]Brewhouse!$AV835 -> 97.951709 | K12: =[22]Brewhouse!$Q835 -> 4.5660377 | L12: =[22]Brewhouse!$P835 -> 61 | M12: =[22]Brewhouse!$U835-[22]Brewhouse!$T835 -> 0.12152778 | N12: =[22]Brewhouse!$Z835 -> 0.26180556 | O12: =[22]Brewhouse!$AX835 -> K.Benjamin | R12: =B12 -> CARIB | S12: =VLOOKUP($B12,$R$3:$X$9,2,FALSE) -> 11.6 | T12: =VLOOKUP($B12,$R$3:$X$9,3,FALSE) -> 12 | U12: =VLOOKUP($B12,$R$3:$X$9,4,FALSE) -> 0 | V12: =VLOOKUP($B12,$R$3:$X$9,5,FALSE) -> 0.11805556 | W12: =VLOOKUP($B12,$R$3:$X$9,6,FALSE) -> 0.22569444 | X12: =VLOOKUP($B12,$R$3:$X$9,7,FALSE) -> 0.26388889 | Y12: =VLOOKUP($B12,$R$3:$Z$9,8,FALSE) -> 0 | Z12: =VLOOKUP($B12,$R$3:$Z$9,9,FALSE) -> 60
B13: CARIB | C13: =[22]Brewhouse!$A836 -> CA726 | D13: =[22]Brewhouse!$AF836 -> 52.4 | E13: =[22]Brewhouse!$AI836 -> 51.5 | F13: =[22]Brewhouse!$V836 -> 71 | G13: =[22]Brewhouse!AG836 -> 11.7 | H13: 11.8 | I13: =[22]Brewhouse!$AU836 -> 99.949173 | J13: =[22]Brewhouse!$AV836 -> 101.65369 | K13: =[22]Brewhouse!$Q836 -> 2.490566 | L13: =[22]Brewhouse!$P836 -> 70 | M13: =[22]Brewhouse!$U836-[22]Brewhouse!$T836 -> 0.11388889 | N13: =[22]Brewhouse!$Z836 -> 0.26458333 | O13: =[22]Brewhouse!$AX836 -> K.Benjamin | P13: 10 mins extra boil | R13: =B13 -> CARIB | S13: =VLOOKUP($B13,$R$3:$X$9,2,FALSE) -> 11.6 | T13: =VLOOKUP($B13,$R$3:$X$9,3,FALSE) -> 12 | U13: =VLOOKUP($B13,$R$3:$X$9,4,FALSE) -> 0 | V13: =VLOOKUP($B13,$R$3:$X$9,5,FALSE) -> 0.11805556 | W13: =VLOOKUP($B13,$R$3:$X$9,6,FALSE) -> 0.22569444 | X13: =VLOOKUP($B13,$R$3:$X$9,7,FALSE) -> 0.26388889 | Y13: =VLOOKUP($B13,$R$3:$Z$9,8,FALSE) -> 0 | Z13: =VLOOKUP($B13,$R$3:$Z$9,9,FALSE) -> 60
B14: CARIB | C14: =[22]Brewhouse!$A837 -> CA727 | D14: =[22]Brewhouse!$AF837 -> 52 | E14: =[22]Brewhouse!$AI837 -> 50.5 | F14: =[22]Brewhouse!$V837 -> 69 | G14: =[22]Brewhouse!AG837 -> 11.6 | H14: 11.5 | I14: =[22]Brewhouse!$AU837 -> 96.620825 | J14: =[22]Brewhouse!$AV837 -> 98.26818 | K14: =[22]Brewhouse!$Q837 -> 3.4274953 | L14: =[22]Brewhouse!$P837 -> 60 | M14: =[22]Brewhouse!$U837-[22]Brewhouse!$T837 -> 0.11875 | N14: =[22]Brewhouse!$Z837 -> 0.30833333 | O14: =[22]Brewhouse!$AX837 -> R. Regis | P14: Skip came 1.5hrs late, hence delay in bre transfer to Lauter tun | R14: =B14 -> CARIB | S14: =VLOOKUP($B14,$R$3:$X$9,2,FALSE) -> 11.6 | T14: =VLOOKUP($B14,$R$3:$X$9,3,FALSE) -> 12 | U14: =VLOOKUP($B14,$R$3:$X$9,4,FALSE) -> 0 | V14: =VLOOKUP($B14,$R$3:$X$9,5,FALSE) -> 0.11805556 | W14: =VLOOKUP($B14,$R$3:$X$9,6,FALSE) -> 0.22569444 | X14: =VLOOKUP($B14,$R$3:$X$9,7,FALSE) -> 0.26388889 | Y14: =VLOOKUP($B14,$R$3:$Z$9,8,FALSE) -> 0 | Z14: =VLOOKUP($B14,$R$3:$Z$9,9,FALSE) -> 60
B15: CARIB | C15: =[22]Brewhouse!$A838 -> CA728 | D15: =[22]Brewhouse!$AF838 -> 53.3 | E15: =[22]Brewhouse!$AI838 -> 51.2 | F15: =[22]Brewhouse!$V838 -> 70 | G15: =[22]Brewhouse!AG838 -> 11.8 | H15: 11.9 | I15: =[22]Brewhouse!$AU838 -> 99.366945 | J15: =[22]Brewhouse!$AV838 -> 101.06154 | K15: =[22]Brewhouse!$Q838 -> 0.97928437 | L15: =[22]Brewhouse!$P838 -> 60 | M15: =[22]Brewhouse!$U838-[22]Brewhouse!$T838 -> 0.11666667 | N15: =[22]Brewhouse!$Z838 -> 0.26458333 | O15: =[22]Brewhouse!$AX838 -> R. Regis | R15: =B15 -> CARIB | S15: =VLOOKUP($B15,$R$3:$X$9,2,FALSE) -> 11.6 | T15: =VLOOKUP($B15,$R$3:$X$9,3,FALSE) -> 12 | U15: =VLOOKUP($B15,$R$3:$X$9,4,FALSE) -> 0 | V15: =VLOOKUP($B15,$R$3:$X$9,5,FALSE) -> 0.11805556 | W15: =VLOOKUP($B15,$R$3:$X$9,6,FALSE) -> 0.22569444 | X15: =VLOOKUP($B15,$R$3:$X$9,7,FALSE) -> 0.26388889 | Y15: =VLOOKUP($B15,$R$3:$Z$9,8,FALSE) -> 0 | Z15: =VLOOKUP($B15,$R$3:$Z$9,9,FALSE) -> 60
R16: =B16 -> 0 | S16: =VLOOKUP($B16,$R$3:$X$9,2,FALSE) -> #N/A | T16: =VLOOKUP($B16,$R$3:$X$9,3,FALSE) -> #N/A | U16: =VLOOKUP($B16,$R$3:$X$9,4,FALSE) -> #N/A | V16: =VLOOKUP($B16,$R$3:$X$9,5,FALSE) -> #N/A | W16: =VLOOKUP($B16,$R$3:$X$9,6,FALSE) -> #N/A | X16: =VLOOKUP($B16,$R$3:$X$9,7,FALSE) -> #N/A | Y16: =VLOOKUP($B16,$R$3:$Z$9,8,FALSE) -> #N/A | Z16: =VLOOKUP($B16,$R$3:$Z$9,9,FALSE) -> #N/A
B17: STAG | C17: =[23]Brewhouse!$A399 -> ST376 | D17: =[23]Brewhouse!$AD399 -> 47.5 | E17: =[23]Brewhouse!$AG399 -> 47.2 | F17: =[23]Brewhouse!$V399 -> 62 | G17: =[23]Brewhouse!$AE399 -> 11.8 | H17: 12.1 | I17: =[23]Brewhouse!$AS399 -> 92.950609 | J17: =[23]Brewhouse!$AT399 -> 94.287839 | K17: =[23]Brewhouse!$Q399 -> 13.605769 | L17: =[23]Brewhouse!$P399 -> 61 | M17: =[23]Brewhouse!$U399-[23]Brewhouse!$T399 -> 0.11458333 | N17: =[23]Brewhouse!$AW399 -> 0.25208333 | O17: =[23]Brewhouse!$AV399 -> R. Regis | R17: =B17 -> STAG | S17: =VLOOKUP($B17,$R$3:$X$9,2,FALSE) -> 11.6 | T17: =VLOOKUP($B17,$R$3:$X$9,3,FALSE) -> 12 | U17: =VLOOKUP($B17,$R$3:$X$9,4,FALSE) -> 0 | V17: =VLOOKUP($B17,$R$3:$X$9,5,FALSE) -> 0.11805556 | W17: =VLOOKUP($B17,$R$3:$X$9,6,FALSE) -> 0.22569444 | X17: =VLOOKUP($B17,$R$3:$X$9,7,FALSE) -> 0.26388889 | Y17: =VLOOKUP($B17,$R$3:$Z$9,8,FALSE) -> 0 | Z17: =VLOOKUP($B17,$R$3:$Z$9,9,FALSE) -> 60
B18: STAG | C18: =[23]Brewhouse!$A400 -> ST377 | D18: =[23]Brewhouse!$AD400 -> 47.3 | E18: =[23]Brewhouse!$AG400 -> 49 | F18: =[23]Brewhouse!$V400 -> 67 | G18: =[23]Brewhouse!$AE400 -> 12 | H18: 11.9 | I18: =[23]Brewhouse!$AS400 -> 98.215673 | J18: =[23]Brewhouse!$AT400 -> 99.628649 | K18: =[23]Brewhouse!$Q400 -> 13.387716 | L18: =[23]Brewhouse!$P400 -> 60 | M18: =[23]Brewhouse!$U400-[23]Brewhouse!$T400 -> 0.11805556 | N18: =[23]Brewhouse!$AW400 -> 0.25625 | O18: =[23]Brewhouse!$AV400 -> R.Sookram | R18: =B18 -> STAG | S18: =VLOOKUP($B18,$R$3:$X$9,2,FALSE) -> 11.6 | T18: =VLOOKUP($B18,$R$3:$X$9,3,FALSE) -> 12 | U18: =VLOOKUP($B18,$R$3:$X$9,4,FALSE) -> 0 | V18: =VLOOKUP($B18,$R$3:$X$9,5,FALSE) -> 0.11805556 | W18: =VLOOKUP($B18,$R$3:$X$9,6,FALSE) -> 0.22569444 | X18: =VLOOKUP($B18,$R$3:$X$9,7,FALSE) -> 0.26388889 | Y18: =VLOOKUP($B18,$R$3:$Z$9,8,FALSE) -> 0 | Z18: =VLOOKUP($B18,$R$3:$Z$9,9,FALSE) -> 60
B19: STAG | C19: =[23]Brewhouse!$A401 -> ST378 | D19: =[23]Brewhouse!$AD401 -> 48.7 | E19: =[23]Brewhouse!$AG401 -> 48.8 | F19: =[23]Brewhouse!$V401 -> 60 | G19: =[23]Brewhouse!$AE401 -> 11.9 | I19: =[23]Brewhouse!$AS401 -> 96.958135 | J19: =[23]Brewhouse!$AT401 -> 98.353019 | K19: =[23]Brewhouse!$Q401 -> 16.492395 | L19: =[23]Brewhouse!$P401 -> 57 | M19: =[23]Brewhouse!$U401-[23]Brewhouse!$T401 -> 0.13958333 | N19: =[23]Brewhouse!$AW401 -> 0.27986111 | O19: =[23]Brewhouse!$AV401 -> R.Sookram | R19: =B19 -> STAG | S19: =VLOOKUP($B19,$R$3:$X$9,2,FALSE) -> 11.6 | T19: =VLOOKUP($B19,$R$3:$X$9,3,FALSE) -> 12 | U19: =VLOOKUP($B19,$R$3:$X$9,4,FALSE) -> 0 | V19: =VLOOKUP($B19,$R$3:$X$9,5,FALSE) -> 0.11805556 | W19: =VLOOKUP($B19,$R$3:$X$9,6,FALSE) -> 0.22569444 | X19: =VLOOKUP($B19,$R$3:$X$9,7,FALSE) -> 0.26388889 | Y19: =VLOOKUP($B19,$R$3:$Z$9,8,FALSE) -> 0 | Z19: =VLOOKUP($B19,$R$3:$Z$9,9,FALSE) -> 60
R20: =B20 -> 0 | S20: =VLOOKUP($B20,$R$3:$X$9,2,FALSE) -> #N/A | T20: =VLOOKUP($B20,$R$3:$X$9,3,FALSE) -> #N/A | U20: =VLOOKUP($B20,$R$3:$X$9,4,FALSE) -> #N/A | V20: =VLOOKUP($B20,$R$3:$X$9,5,FALSE) -> #N/A | W20: =VLOOKUP($B20,$R$3:$X$9,6,FALSE) -> #N/A | X20: =VLOOKUP($B20,$R$3:$X$9,7,FALSE) -> #N/A | Y20: =VLOOKUP($B20,$R$3:$Z$9,8,FALSE) -> #N/A | Z20: =VLOOKUP($B20,$R$3:$Z$9,9,FALSE) -> #N/A
R21: =B21 -> 0 | S21: =VLOOKUP($B21,$R$3:$X$9,2,FALSE) -> #N/A | T21: =VLOOKUP($B21,$R$3:$X$9,3,FALSE) -> #N/A | U21: =VLOOKUP($B21,$R$3:$X$9,4,FALSE) -> #N/A | V21: =VLOOKUP($B21,$R$3:$X$9,5,FALSE) -> #N/A | W21: =VLOOKUP($B21,$R$3:$X$9,6,FALSE) -> #N/A | X21: =VLOOKUP($B21,$R$3:$X$9,7,FALSE) -> #N/A | Y21: =VLOOKUP($B21,$R$3:$Z$9,8,FALSE) -> #N/A | Z21: =VLOOKUP($B21,$R$3:$Z$9,9,FALSE) -> #N/A
R22: =B22 -> 0 | S22: =VLOOKUP($B22,$R$3:$X$9,2,FALSE) -> #N/A | T22: =VLOOKUP($B22,$R$3:$X$9,3,FALSE) -> #N/A | U22: =VLOOKUP($B22,$R$3:$X$9,4,FALSE) -> #N/A | V22: =VLOOKUP($B22,$R$3:$X$9,5,FALSE) -> #N/A | W22: =VLOOKUP($B22,$R$3:$X$9,6,FALSE) -> #N/A | X22: =VLOOKUP($B22,$R$3:$X$9,7,FALSE) -> #N/A | Y22: =VLOOKUP($B22,$R$3:$Z$9,8,FALSE) -> #N/A | Z22: =VLOOKUP($B22,$R$3:$Z$9,9,FALSE) -> #N/A
R23: =B23 -> 0 | S23: =VLOOKUP($B23,$R$3:$X$9,2,FALSE) -> #N/A | T23: =VLOOKUP($B23,$R$3:$X$9,3,FALSE) -> #N/A | U23: =VLOOKUP($B23,$R$3:$X$9,4,FALSE) -> #N/A | V23: =VLOOKUP($B23,$R$3:$X$9,5,FALSE) -> #N/A | W23: =VLOOKUP($B23,$R$3:$X$9,6,FALSE) -> #N/A | X23: =VLOOKUP($B23,$R$3:$X$9,7,FALSE) -> #N/A | Y23: =VLOOKUP($B23,$R$3:$Z$9,8,FALSE) -> #N/A | Z23: =VLOOKUP($B23,$R$3:$Z$9,9,FALSE) -> #N/A
R24: =B24 -> 0 | S24: =VLOOKUP($B24,$R$3:$X$9,2,FALSE) -> #N/A | T24: =VLOOKUP($B24,$R$3:$X$9,3,FALSE) -> #N/A | U24: =VLOOKUP($B24,$R$3:$X$9,4,FALSE) -> #N/A | V24: =VLOOKUP($B24,$R$3:$X$9,5,FALSE) -> #N/A | W24: =VLOOKUP($B24,$R$3:$X$9,6,FALSE) -> #N/A | X24: =VLOOKUP($B24,$R$3:$X$9,7,FALSE) -> #N/A | Y24: =VLOOKUP($B24,$R$3:$Z$9,8,FALSE) -> #N/A | Z24: =VLOOKUP($B24,$R$3:$Z$9,9,FALSE) -> #N/A
R25: =B25 -> 0 | S25: =VLOOKUP($B25,$R$3:$X$9,2,FALSE) -> #N/A | T25: =VLOOKUP($B25,$R$3:$X$9,3,FALSE) -> #N/A | U25: =VLOOKUP($B25,$R$3:$X$9,4,FALSE) -> #N/A | V25: =VLOOKUP($B25,$R$3:$X$9,5,FALSE) -> #N/A | W25: =VLOOKUP($B25,$R$3:$X$9,6,FALSE) -> #N/A | X25: =VLOOKUP($B25,$R$3:$X$9,7,FALSE) -> #N/A | Y25: =VLOOKUP($B25,$R$3:$Z$9,8,FALSE) -> #N/A | Z25: =VLOOKUP($B25,$R$3:$Z$9,9,FALSE) -> #N/A
B26: BRAND | D26: BBT P.G./ O.G | I26: Brand | J26: Actual | K26: MTD No. of Brews | L26: MTD | M26: YTD | N26: Target | R26: =B26 -> BRAND | S26: =VLOOKUP($B26,$R$3:$X$9,2,FALSE) -> #N/A | T26: =VLOOKUP($B26,$R$3:$X$9,3,FALSE) -> #N/A | U26: =VLOOKUP($B26,$R$3:$X$9,4,FALSE) -> #N/A | V26: =VLOOKUP($B26,$R$3:$X$9,5,FALSE) -> #N/A | W26: =VLOOKUP($B26,$R$3:$X$9,6,FALSE) -> #N/A | X26: =VLOOKUP($B26,$R$3:$X$9,7,FALSE) -> #N/A | Y26: =VLOOKUP($B26,$R$3:$Z$9,8,FALSE) -> #N/A | Z26: =VLOOKUP($B26,$R$3:$Z$9,9,FALSE) -> #N/A
B27: =I33 -> STARMALT | D27: 17.04 | I27: CARIB | J27: =AVERAGE(I10:I15) -> 97.734672 | K27: =COUNTA([22]Brewhouse!$A$823:$A$838) -> 16 | L27: =AVERAGE([22]Brewhouse!$AU$823:$AU$838) -> 97.418582 | M27: =AVERAGE([22]Brewhouse!$AU$102:$AU$171,[22]Brewhouse!$AU$173:$AU$253,[22]Brewhouse!$AU$255:$AU$339,[22]Brewhouse!$AU$341:$AU$346,[22]Brewhouse!$AU$348,[22]Brewhouse!$AU$349:$AU$406,[22]Brewhouse!$AU$408:$AU$491,[22]Brewhouse!$AU$493:$AU$578,[22]Brewhouse!$AU$580:$AU$652,[22]Brewhouse!$AU$655:$AU$738,[22]Brewhouse!$A$740:$A$821,[22]Brewhouse!$AU$823:$AU$838) -> 97.70009 | N27: 98 | R27: =B27 -> STARMALT | S27: =VLOOKUP($B27,$R$3:$X$9,2,FALSE) -> 17 | T27: =VLOOKUP($B27,$R$3:$X$9,3,FALSE) -> 17.4 | U27: =VLOOKUP($B27,$R$3:$X$9,4,FALSE) -> 0 | V27: =VLOOKUP($B27,$R$3:$X$9,5,FALSE) -> 0.13605324 | W27: =VLOOKUP($B27,$R$3:$X$9,6,FALSE) -> 0.27430556 | X27: =VLOOKUP($B27,$R$3:$X$9,7,FALSE) -> 0.30902778 | Y27: =VLOOKUP($B27,$R$3:$Z$9,8,FALSE) -> 0 | Z27: =VLOOKUP($B27,$R$3:$Z$9,9,FALSE) -> 85
I28: STAG | J28: =AVERAGE(I17:I19) -> 96.041472 | K28: =COUNTA([23]Brewhouse!$A$399:$A$401) -> 3 | L28: =AVERAGE([23]Brewhouse!$AS$399:$AS$401) -> 96.041472 | M28: =AVERAGE([23]Brewhouse!$AS$15:$AS$64,[23]Brewhouse!$AS$66:$AS$103,[23]Brewhouse!$AS$105:$AS$140,[23]Brewhouse!$AS$142:$AS$193,[23]Brewhouse!$AS$195:$AS$240,[23]Brewhouse!$AS$242:$AS$273,[23]Brewhouse!$AS$275:$AS$322,[23]Brewhouse!$AS$324:$AS$359,[23]Brewhouse!$AS$361:$AS$397,[23]Brewhouse!$AS$399:$AS$401) -> 97.980835 | N28: 98 | R28: =B28 -> 0 | S28: =VLOOKUP($B28,$R$3:$X$9,2,FALSE) -> #N/A | T28: =VLOOKUP($B28,$R$3:$X$9,3,FALSE) -> #N/A | U28: =VLOOKUP($B28,$R$3:$X$9,4,FALSE) -> #N/A | V28: =VLOOKUP($B28,$R$3:$X$9,5,FALSE) -> #N/A | W28: =VLOOKUP($B28,$R$3:$X$9,6,FALSE) -> #N/A | X28: =VLOOKUP($B28,$R$3:$X$9,7,FALSE) -> #N/A | Y28: =VLOOKUP($B28,$R$3:$Z$9,8,FALSE) -> #N/A | Z28: =VLOOKUP($B28,$R$3:$Z$9,9,FALSE) -> #N/A
D29: 17.04 | I29: GUINNESS | M29: =AVERAGE([24]Brewhouse!$AU$4:$AU$7,[24]Brewhouse!$AU$9:$AU$22,[24]Brewhouse!$AU$24:$AU$35,[24]Brewhouse!$AU$37:$AU$45,[24]Brewhouse!$AU$47:$AU$62,[24]Brewhouse!$AU$64:$AU$79,[24]Brewhouse!$AU$81:$AU$92,[24]Brewhouse!$AU$94:$AU$97) -> 96.8166 | N29: 98 | R29: =B29 -> 0 | S29: =VLOOKUP($B29,$R$3:$X$9,2,FALSE) -> #N/A | T29: =VLOOKUP($B29,$R$3:$X$9,3,FALSE) -> #N/A | U29: =VLOOKUP($B29,$R$3:$X$9,4,FALSE) -> #N/A | V29: =VLOOKUP($B29,$R$3:$X$9,5,FALSE) -> #N/A | W29: =VLOOKUP($B29,$R$3:$X$9,6,FALSE) -> #N/A | X29: =VLOOKUP($B29,$R$3:$X$9,7,FALSE) -> #N/A | Y29: =VLOOKUP($B29,$R$3:$Z$9,8,FALSE) -> #N/A | Z29: =VLOOKUP($B29,$R$3:$Z$9,9,FALSE) -> #N/A
I30: VITAMALT | M30: =AVERAGE([25]Brewhouse!$AV$5:$AV$14,[25]Brewhouse!$AV$16:$AV$19,[25]Brewhouse!$AV$21:$AV$24,[25]Brewhouse!$AV$26:$AV$33,[25]Brewhouse!$AV$35:$AV$46,[25]Brewhouse!$AV$48:$AV$53,[25]Brewhouse!$AV$55:$AV$62,[25]Brewhouse!$AV$64:$AV$77,[25]Brewhouse!$AV$79:$AV$86) -> 98.293408 | N30: 98 | R30: =B30 -> 0 | S30: =VLOOKUP($B30,$R$3:$X$9,2,FALSE) -> #N/A | T30: =VLOOKUP($B30,$R$3:$X$9,3,FALSE) -> #N/A | U30: =VLOOKUP($B30,$R$3:$X$9,4,FALSE) -> #N/A | V30: =VLOOKUP($B30,$R$3:$X$9,5,FALSE) -> #N/A | W30: =VLOOKUP($B30,$R$3:$X$9,6,FALSE) -> #N/A | X30: =VLOOKUP($B30,$R$3:$X$9,7,FALSE) -> #N/A | Y30: =VLOOKUP($B30,$R$3:$Z$9,8,FALSE) -> #N/A | Z30: =VLOOKUP($B30,$R$3:$Z$9,9,FALSE) -> #N/A
D31: 17.02 | I31: MAXIMALT | N31: 98 | R31: =B31 -> 0 | S31: =VLOOKUP($B31,$R$3:$X$9,2,FALSE) -> #N/A | T31: =VLOOKUP($B31,$R$3:$X$9,3,FALSE) -> #N/A | U31: =VLOOKUP($B31,$R$3:$X$9,4,FALSE) -> #N/A | V31: =VLOOKUP($B31,$R$3:$X$9,5,FALSE) -> #N/A | W31: =VLOOKUP($B31,$R$3:$X$9,6,FALSE) -> #N/A | X31: =VLOOKUP($B31,$R$3:$X$9,7,FALSE) -> #N/A | Y31: =VLOOKUP($B31,$R$3:$Z$9,8,FALSE) -> #N/A | Z31: =VLOOKUP($B31,$R$3:$Z$9,9,FALSE) -> #N/A
I32: MACKESON | M32: =AVERAGE([26]Brewhouse!$AT$4:$AT$11,[26]Brewhouse!$AT$13:$AT$16,[26]Brewhouse!$AT$18:$AT$21,[26]Brewhouse!$AT$26,[26]Brewhouse!$AT$28:$AT$35) -> 94.794664 | N32: 98 | R32: =B32 -> 0 | S32: =VLOOKUP($B32,$R$3:$X$9,2,FALSE) -> #N/A | T32: =VLOOKUP($B32,$R$3:$X$9,3,FALSE) -> #N/A | U32: =VLOOKUP($B32,$R$3:$X$9,4,FALSE) -> #N/A | V32: =VLOOKUP($B32,$R$3:$X$9,5,FALSE) -> #N/A | W32: =VLOOKUP($B32,$R$3:$X$9,6,FALSE) -> #N/A | X32: =VLOOKUP($B32,$R$3:$X$9,7,FALSE) -> #N/A | Y32: =VLOOKUP($B32,$R$3:$Z$9,8,FALSE) -> #N/A | Z32: =VLOOKUP($B32,$R$3:$Z$9,9,FALSE) -> #N/A
D33: 17.17 | I33: STARMALT | M33: =AVERAGE([27]Brewhouse!$AY$6:$AY$13,[27]Brewhouse!$AY$15:$AY$20,[27]Brewhouse!$AY$22:$AY$29,[27]Brewhouse!$AY$31:$AY$34,[27]Brewhouse!$AY$36:$AY$43,[27]Brewhouse!$AY$45:$AY$50, [27]Brewhouse!$AY$56:$AY$73,[27]Brewhouse!$AY$75:$AY$92) -> 97.477741 | N33: 98 | R33: =B33 -> 0 | S33: =VLOOKUP($B33,$R$3:$X$9,2,FALSE) -> #N/A | T33: =VLOOKUP($B33,$R$3:$X$9,3,FALSE) -> #N/A | U33: =VLOOKUP($B33,$R$3:$X$9,4,FALSE) -> #N/A | V33: =VLOOKUP($B33,$R$3:$X$9,5,FALSE) -> #N/A | W33: =VLOOKUP($B33,$R$3:$X$9,6,FALSE) -> #N/A | X33: =VLOOKUP($B33,$R$3:$X$9,7,FALSE) -> #N/A | Y33: =VLOOKUP($B33,$R$3:$Z$9,8,FALSE) -> #N/A | Z33: =VLOOKUP($B33,$R$3:$Z$9,9,FALSE) -> #N/A
I34: HR- Pils | M34: =AVERAGE([28]Brewhouse!$AU$5:$AU$8,[28]Brewhouse!$AU$10:$AU$13,[27]Brewhouse!$AY$75:$AY$77) -> 94.749192 | N34: 98 | R34: =B34 -> 0 | S34: =VLOOKUP($B34,$R$3:$X$9,2,FALSE) -> #N/A | T34: =VLOOKUP($B34,$R$3:$X$9,3,FALSE) -> #N/A | U34: =VLOOKUP($B34,$R$3:$X$9,4,FALSE) -> #N/A | V34: =VLOOKUP($B34,$R$3:$X$9,5,FALSE) -> #N/A | W34: =VLOOKUP($B34,$R$3:$X$9,6,FALSE) -> #N/A | X34: =VLOOKUP($B34,$R$3:$X$9,7,FALSE) -> #N/A | Y34: =VLOOKUP($B34,$R$3:$Z$9,8,FALSE) -> #N/A | Z34: =VLOOKUP($B34,$R$3:$Z$9,9,FALSE) -> #N/A
D35: 17.05 | I35: HR- IPA | M35: =AVERAGE([29]Brewhouse!$AW$26:$AW$27) -> 95.310681 | N35: 98 | R35: =B35 -> 0 | S35: =VLOOKUP($B35,$R$3:$X$9,2,FALSE) -> #N/A | T35: =VLOOKUP($B35,$R$3:$X$9,3,FALSE) -> #N/A | U35: =VLOOKUP($B35,$R$3:$X$9,4,FALSE) -> #N/A | V35: =VLOOKUP($B35,$R$3:$X$9,5,FALSE) -> #N/A | W35: =VLOOKUP($B35,$R$3:$X$9,6,FALSE) -> #N/A | X35: =VLOOKUP($B35,$R$3:$X$9,7,FALSE) -> #N/A | Y35: =VLOOKUP($B35,$R$3:$Z$9,8,FALSE) -> #N/A | Z35: =VLOOKUP($B35,$R$3:$Z$9,9,FALSE) -> #N/A
I36: HR- APA | M36: =AVERAGE([30]Brewhouse!$AU$13:$AU$14) -> 97.110575 | N36: 98 | R36: =B36 -> 0 | S36: =VLOOKUP($B36,$R$3:$X$9,2,FALSE) -> #N/A | T36: =VLOOKUP($B36,$R$3:$X$9,3,FALSE) -> #N/A | U36: =VLOOKUP($B36,$R$3:$X$9,4,FALSE) -> #N/A | V36: =VLOOKUP($B36,$R$3:$X$9,5,FALSE) -> #N/A | W36: =VLOOKUP($B36,$R$3:$X$9,6,FALSE) -> #N/A | X36: =VLOOKUP($B36,$R$3:$X$9,7,FALSE) -> #N/A | Y36: =VLOOKUP($B36,$R$3:$Z$9,8,FALSE) -> #N/A | Z36: =VLOOKUP($B36,$R$3:$Z$9,9,FALSE) -> #N/A
K37: =SUM(K27:K36) -> 19 | L37: =((L27*K27)+(L28*K28)+(L29*K29)+(L30*K30)+(L31*K31)+(K34*L34)+(L32*K32)+(L33*K33)+(L36*K36))/(K37) -> 97.201144 | M37: =AVERAGE('[31]Jan 31st'!$L$65,'[32]Feb 28th'!$L$35,'[33]Mar. 31st'!$L$35,'[34]Apr. 30th'!$L$45,'[35]May 30th'!$L$37,'[36]June 30th'!$L$57,'[37]July 29th '!$L$44,'[38]Aug 29th'!$L$29,'[39]Sept 30th'!$L$35,L37) -> 97.538065 | N37: 98 | R37: =B37 -> 0 | S37: =VLOOKUP($B37,$R$3:$X$9,2,FALSE) -> #N/A | T37: =VLOOKUP($B37,$R$3:$X$9,3,FALSE) -> #N/A | U37: =VLOOKUP($B37,$R$3:$X$9,4,FALSE) -> #N/A | V37: =VLOOKUP($B37,$R$3:$X$9,5,FALSE) -> #N/A | W37: =VLOOKUP($B37,$R$3:$X$9,6,FALSE) -> #N/A | X37: =VLOOKUP($B37,$R$3:$X$9,7,FALSE) -> #N/A | Y37: =VLOOKUP($B37,$R$3:$Z$9,8,FALSE) -> #N/A | Z37: =VLOOKUP($B37,$R$3:$Z$9,9,FALSE) -> #N/A
R38: =B38 -> 0 | S38: =VLOOKUP($B38,$R$3:$X$9,2,FALSE) -> #N/A | T38: =VLOOKUP($B38,$R$3:$X$9,3,FALSE) -> #N/A | U38: =VLOOKUP($B38,$R$3:$X$9,4,FALSE) -> #N/A | V38: =VLOOKUP($B38,$R$3:$X$9,5,FALSE) -> #N/A | W38: =VLOOKUP($B38,$R$3:$X$9,6,FALSE) -> #N/A | X38: =VLOOKUP($B38,$R$3:$X$9,7,FALSE) -> #N/A | Y38: =VLOOKUP($B38,$R$3:$Z$9,8,FALSE) -> #N/A | Z38: =VLOOKUP($B38,$R$3:$Z$9,9,FALSE) -> #N/A
B39: =I27 -> CARIB | C39: {=[22]Process!$D$766:$D$767} -> 12 | D39: 11.75 | J39: Daily Brewing Plan
C40: 11.9 | J40: Brand | K40: Brews Achieved | L40: Average Brews per day
C41: {=[22]Process!$D$782:$D$783} -> 11.6 | D41: 11.76 | J41: CARIB | K41: 6 | L41: MTD | M41: YTD | N41: TARGET
C42: 11.8 | J42: STAG | K42: 3 | L42: =AVERAGE('Oct. 1st'!K49,K51) -> 9.5 | M42: =AVERAGE('[31]Jan 29th '!$M$70,'[32]Feb 28th'!$L$40,'[33]Mar. 31st'!$L$40,'[34]Apr. 30th'!$L$50,'[35]May 30th'!$L$42,'[36]June 30th'!$L$62,'[37]July 29th '!$L$49,'[38]Aug 29th'!$L$34,'[39]Sept 30th'!$L$40,L42) -> 7.2561278 | N42: 9.2
C43: =[22]Process!$D$785 -> 12.2 | D43: 11.87 | J43: GUINN
J44: VITAMALT
J45: STARMALT
J46: MACKESON
J47: HURRICANE REEF- IPA
J48: HURRICANE REEF- APA
B49: AVERAGE | D49: =AVERAGE(D27:E48) -> 15.0875 | J49: HR- PILSNER
J50: CARIBE
J51: Total | K51: =SUM(K41:K50) -> 9
B52: Process: | C52: Fermentation/Filtration
B54: Brand | C54: Filt. Date | D54: FV Hls | E54: GFE/ Prim/ Vita Blend (Hls) | F54: SV Hls | G54: BBT Hls | H54: Loss (%) Ferm | I54: Loss (%) Filt | J54: Comments | K54: Throughput | L54: Process Loss (%) | M54: Filt. Operator
AB55: 43474 | AC55: 43475 | AD55: 43476 | AE55: 43477 | AF55: 43478 | AG55: 43479 | AH55: 43480 | AI55: 43481 | AJ55: 43482 | AK55: 43483 | AL55: 43484 | AM55: 43485 | AN55: 43486 | AO55: 43487 | AP55: 43488 | AQ55: 43489 | AR55: 43490 | AS55: 43491 | AT55: 43492 | AU55: 43493 | AV55: 43494 | AW55: 43495 | AX55: 43496
B56: =I33 -> STARMALT | C56: 45932 | D56: =[40]October_2025!$E$55 -> 517.25 | G56: =[40]October_2025!$E$59 -> 506.5 | J56: 1 SBF | K56: =[41]October_2025!$E$53 -> 0.88859649 | L56: =(((D56+E56)-G56)/(D56+E56))*100 -> 2.0782987 | M56: D. Emery | AB56: =[20]January_2019!L7 -> 285.8 | AC56: =[20]January_2019!M7 -> 508.1 | AD56: =[20]January_2019!N7 -> 0 | AE56: =[20]January_2019!O7 -> 0 | AF56: =[20]January_2019!P7 -> 109.56667 | AG56: =[20]January_2019!Q7 -> 297.65 | AH56: =[20]January_2019!R7 -> 122.3 | AI56: =[20]January_2019!S7 -> 0 | ... AX56: =[20]January_2019!AH7 -> 0
B58: =J41 -> CARIB | C58: 45932 | D58: =[40]October_2025!$E$3 -> 304.8 | G58: =[40]October_2025!$E$7 -> 292 | J58: 1 SBF- SV11 refiltered (50hls) | K58: =[41]October_2025!$E$18 -> 0.5122807 | L58: =(((D58+E58)-G58)/(D58+E58))*100 -> 4.1994751 | M58: G.Mason
L60: =(((D60+E60)-G60)/(D60+E60))*100 -> #DIV/0!
B63: Process Loss (Volume) | G63: Process Loss (Extract) | K63: Throughput
B64: Brand | C64: Actual | D64: MTD | E64: YTD | F64: Target | G64: Actual | H64: MTD | I64: YTD | J64: Target | K64: Actual | L64: MTD | M64: YTD | N64: Target
B65: CARIB | C65: =L58 -> 4.1994751 | D65: 6.7791113 | E65: 6.2422655 | F65: 4.8 | G65: =[40]October_2025!$E$11 -> 4.6611643 | H65: 6.7102887 | I65: 6.2396502 | J65: 4.8 | K65: =K58 -> 0.5122807 | L65: 0.29622807 | N65: 1
B66: STAG | D66: 4.8224374 | E66: 5.9960378 | F66: 4.8 | H66: 4.0523924 | I66: 5.6084803 | J66: 4.8 | L66: 0.82754386 | N66: 1
B67: GUINN | E67: 11.635872 | F67: 5.5 | I67: 12.740878 | J67: 5.5 | N67: 1
B68: VITAMALT | E68: 4.8132588 | F68: 3.3 | I68: 4.4772095 | J68: 3.3 | N68: 1
B69: APA | E69: 7.8373016 | F69: 3.3 | I69: 5.3377569 | J69: 3 | N69: 1
B70: MACKESON | E70: 7.145715 | F70: =[21]May_2022!$M$43 -> 3.4878407 | I70: 8.6614709 | J70: 5.5 | N70: 1
B71: STARMALT | C71: =L56 -> 2.0782987 | D71: 2.0782987 | E71: 3.0382638 | F71: 3.3 | G71: =[40]October_2025!$E$63 -> 3.455985 | H71: 3.455985 | I71: 4.347882 | J71: 3.3 | K71: =K56 -> 0.88859649 | L71: 0.88859649 | N71: 1
B72: IPA | E72: 11.483254 | F72: 7.5 | I72: 9.7934336 | J72: 7.5 | N72: 1
B73: HURRICANE REEF PILS | E73: 7.2653645 | F73: 4.8 | I73: 8.1715311 | J73: 4.8 | N73: 1
D74: 4.2046702 | E74: 6.3259576 | F74: 5.5 | H74: 4.2793197 | I74: 6.5157701 | J74: 5.5 | L74: 0.57714912 | N74: 1

Sheet Oct. 3rd
S1: P.G. | U1: Hot Time | W1: Process Time | Y1: Cooling Time
B2: Brewing Department Daily Process Loss Report | S2: Lower | T2: Upper | U2: Lower | V2: Upper | W2: Lower | X2: Upper | Y2: Lower | Z2: Upper
R3: CARIB | S3: 11.6 | T3: 12 | U3: 0 | V3: 0.11805556 | W3: 0.22569444 | X3: 0.26388889 | Y3: 0 | Z3: 60 | AB3: HR- PISNER
B4: Date: | C4: 45936 | J4: LOT WORT COLOUR: 3.3 | M4: Filter Sheets (Target 20 days) | R4: STAG | S4: 11.6 | T4: 12 | U4: 0 | V4: 0.11805556 | W4: 0.22569444 | X4: 0.26388889 | Y4: 0 | Z4: 60
M5: Double | N5: Single | R5: GUINNESS | S5: 17 | T5: 17.5 | U5: 0 | V5: 0.10763889 | W5: 0.24652778 | X5: 0.28472222 | Y5: 0 | Z5: 60
J6: MALT LOT: Lot #3 | L6: Sheet Day | R6: MACKESON | S6: 13.3 | T6: 13.5 | U6: 0 | V6: 0.12905093 | W6: 0.27430556 | X6: 0.30208333 | Y6: 0
R7: STARMALT | S7: 17 | T7: 17.4 | U7: 0 | V7: 0.13605324 | W7: 0.27430556 | X7: 0.30902778 | Y7: 0 | Z7: 85
B8: Brand | C8: Brew no. | D8: Kett. Hls | E8: Wort | F8: Cool Time(Mins) | G8: Cast. P.G. (Lab Result) | H8: Cast P.G. (Cellar Operator)-gravity | I8: Extr. Rec (77.9%) | J8: Theor. Extr. (77.5%) | K8: Boil Off /Vol. (4-6%) | L8: Boil Time | M8: Total Hot | N8: Brewing | O8: Operator | R8: Hurricane Reef | S8: 16.6 | T8: 17 | U8: 0 | V8: 0.12905093 | W8: 0.27430556 | X8: 0.30208333 | Y8: 0
E9: Meter (Hls) | F9: Target(< 60Mins) | M9: Time | R9: VITAMALT | S9: 14.2 | T9: 14.6 | U9: 0 | V9: 0.13905093 | W9: 0.26041667 | X9: 0.29513889 | Y9: 0 | Z9: 75
B10: STAG | C10: =[23]Brewhouse!$A402 -> ST379 | D10: =[23]Brewhouse!$AD402 -> 48.6 | E10: =[23]Brewhouse!$AG402 -> 48.3 | F10: =[23]Brewhouse!$V402 -> 54 | G10: =[23]Brewhouse!$AE402 -> 12 | H10: 11.9 | I10: =[23]Brewhouse!$AS402 -> 96.206841 | J10: =[23]Brewhouse!$AT402 -> 97.593188 | K10: =[23]Brewhouse!$Q402 -> 13.221154 | L10: =[23]Brewhouse!$P402 -> 58 | M10: =[23]Brewhouse!$U402-[23]Brewhouse!$T402 -> 0.10902778 | N10: =[23]Brewhouse!$AW402 -> 0.29513889 | O10: =[23]Brewhouse!$AV402 -> R.Sookram | R10: =B10 -> STAG | S10: =VLOOKUP($B10,$R$3:$X$9,2,FALSE) -> 11.6 | T10: =VLOOKUP($B10,$R$3:$X$9,3,FALSE) -> 12 | U10: =VLOOKUP($B10,$R$3:$X$9,4,FALSE) -> 0 | V10: =VLOOKUP($B10,$R$3:$X$9,5,FALSE) -> 0.11805556 | W10: =VLOOKUP($B10,$R$3:$X$9,6,FALSE) -> 0.22569444 | X10: =VLOOKUP($B10,$R$3:$X$9,7,FALSE) -> 0.26388889 | Y10: =VLOOKUP($B10,$R$3:$Z$9,8,FALSE) -> 0 | Z10: =VLOOKUP($B10,$R$3:$Z$9,9,FALSE) -> 60
B11: STAG | C11: =[23]Brewhouse!$A403 -> ST380 | D11: =[23]Brewhouse!$AD403 -> 50.4 | E11: =[23]Brewhouse!$AG403 -> 49.5 | F11: =[23]Brewhouse!$V403 -> 56 | G11: =[23]Brewhouse!$AE403 -> 11.9 | H11: 11.9 | I11: =[23]Brewhouse!$AS403 -> 98.472932 | J11: =[23]Brewhouse!$AT403 -> 99.88914 | K11: =[23]Brewhouse!$Q403 -> 9.1826923 | L11: =[23]Brewhouse!$P403 -> 62 | M11: =[23]Brewhouse!$U403-[23]Brewhouse!$T403 -> 0.11458333 | N11: =[23]Brewhouse!$AW403 -> 0.25069444 | O11: =[23]Brewhouse!$AV403 -> K. Benjamin | R11: =B11 -> STAG | S11: =VLOOKUP($B11,$R$3:$X$9,2,FALSE) -> 11.6 | T11: =VLOOKUP($B11,$R$3:$X$9,3,FALSE) -> 12 | U11: =VLOOKUP($B11,$R$3:$X$9,4,FALSE) -> 0 | V11: =VLOOKUP($B11,$R$3:$X$9,5,FALSE) -> 0.11805556 | W11: =VLOOKUP($B11,$R$3:$X$9,6,FALSE) -> 0.22569444 | X11: =VLOOKUP($B11,$R$3:$X$9,7,FALSE) -> 0.26388889 | Y11: =VLOOKUP($B11,$R$3:$Z$9,8,FALSE) -> 0 | Z11: =VLOOKUP($B11,$R$3:$Z$9,9,FALSE) -> 60
B12: STAG | C12: =[23]Brewhouse!$A404 -> ST381 | D12: =[23]Brewhouse!$AD404 -> 50.3 | E12: =[23]Brewhouse!$AG404 -> 50.1 | F12: =[23]Brewhouse!$V404 -> 63 | G12: =[23]Brewhouse!$AE404 -> 11.7 | H12: 11.8 | I12: =[23]Brewhouse!$AS404 -> 97.414067 | J12: =[23]Brewhouse!$AT404 -> 98.816893 | K12: =[23]Brewhouse!$Q404 -> 11.490385 | L12: =[23]Brewhouse!$P404 -> 59 | M12: =[23]Brewhouse!$U404-[23]Brewhouse!$T404 -> 0.11875 | N12: =[23]Brewhouse!$AW404 -> 0.25694444 | O12: =[23]Brewhouse!$AV404 -> K. Benjamin | R12: =B12 -> STAG | S12: =VLOOKUP($B12,$R$3:$X$9,2,FALSE) -> 11.6 | T12: =VLOOKUP($B12,$R$3:$X$9,3,FALSE) -> 12 | U12: =VLOOKUP($B12,$R$3:$X$9,4,FALSE) -> 0 | V12: =VLOOKUP($B12,$R$3:$X$9,5,FALSE) -> 0.11805556 | W12: =VLOOKUP($B12,$R$3:$X$9,6,FALSE) -> 0.22569444 | X12: =VLOOKUP($B12,$R$3:$X$9,7,FALSE) -> 0.26388889 | Y12: =VLOOKUP($B12,$R$3:$Z$9,8,FALSE) -> 0 | Z12: =VLOOKUP($B12,$R$3:$Z$9,9,FALSE) -> 60
B13: STAG | C13: =[23]Brewhouse!$A405 -> ST382 | D13: =[23]Brewhouse!$AD405 -> 48.5 | E13: =[23]Brewhouse!$AG405 -> 48.2 | F13: =[23]Brewhouse!$V405 -> 63 | G13: =[23]Brewhouse!$AE405 -> 12.2 | H13: 12.1 | I13: =[23]Brewhouse!$AS405 -> 98.057442 | J13: =[23]Brewhouse!$AT405 -> 99.469071 | K13: =[23]Brewhouse!$Q405 -> 11.875 | L13: =[23]Brewhouse!$P405 -> 60 | M13: =[23]Brewhouse!$U405-[23]Brewhouse!$T405 -> 0.11736111 | N13: =[23]Brewhouse!$AW405 -> 0.25763889 | O13: =[23]Brewhouse!$AV405 -> K. Benjamin | R13: =B13 -> STAG | S13: =VLOOKUP($B13,$R$3:$X$9,2,FALSE) -> 11.6 | T13: =VLOOKUP($B13,$R$3:$X$9,3,FALSE) -> 12 | U13: =VLOOKUP($B13,$R$3:$X$9,4,FALSE) -> 0 | V13: =VLOOKUP($B13,$R$3:$X$9,5,FALSE) -> 0.11805556 | W13: =VLOOKUP($B13,$R$3:$X$9,6,FALSE) -> 0.22569444 | X13: =VLOOKUP($B13,$R$3:$X$9,7,FALSE) -> 0.26388889 | Y13: =VLOOKUP($B13,$R$3:$Z$9,8,FALSE) -> 0 | Z13: =VLOOKUP($B13,$R$3:$Z$9,9,FALSE) -> 60
B14: STAG | C14: =[23]Brewhouse!$A406 -> ST383 | D14: =[23]Brewhouse!$AD406 -> 50.2 | E14: =[23]Brewhouse!$AG406 -> 49.9 | F14: =[23]Brewhouse!$V406 -> 64 | G14: =[23]Brewhouse!$AE406 -> 11.8 | H14: 11.8 | I14: =[23]Brewhouse!$AS406 -> 98.138683 | J14: =[23]Brewhouse!$AT406 -> 99.681423 | K14: =[23]Brewhouse!$Q406 -> 9.5673077 | L14: =[23]Brewhouse!$P406 -> 68 | M14: =[23]Brewhouse!$U406-[23]Brewhouse!$T406 -> 0.12083333 | N14: =[23]Brewhouse!$AW406 -> 0.25277778 | O14: =[23]Brewhouse!$AV406 -> R. Regis | R14: =B14 -> STAG | S14: =VLOOKUP($B14,$R$3:$X$9,2,FALSE) -> 11.6 | T14: =VLOOKUP($B14,$R$3:$X$9,3,FALSE) -> 12 | U14: =VLOOKUP($B14,$R$3:$X$9,4,FALSE) -> 0 | V14: =VLOOKUP($B14,$R$3:$X$9,5,FALSE) -> 0.11805556 | W14: =VLOOKUP($B14,$R$3:$X$9,6,FALSE) -> 0.22569444 | X14: =VLOOKUP($B14,$R$3:$X$9,7,FALSE) -> 0.26388889 | Y14: =VLOOKUP($B14,$R$3:$Z$9,8,FALSE) -> 0 | Z14: =VLOOKUP($B14,$R$3:$Z$9,9,FALSE) -> 60
B15: STAG | C15: =[23]Brewhouse!$A407 -> ST384 | D15: =[23]Brewhouse!$AD407 -> 46.9 | E15: =[23]Brewhouse!$AG407 -> 47.1 | F15: =[23]Brewhouse!$V407 -> 85 | G15: =[23]Brewhouse!$AE407 -> 11.9 | H15: 12 | I15: =[23]Brewhouse!$AS407 -> 99.745351 | J15: =[23]Brewhouse!$AT407 -> 101.41576 | K15: =[23]Brewhouse!$Q407 -> 10.129741 | L15: =[23]Brewhouse!$P407 -> 60 | M15: =[23]Brewhouse!$U407-[23]Brewhouse!$T407 -> 0.14166667 | N15: =[23]Brewhouse!$AW407 -> 0.29166667 | O15: =[23]Brewhouse!$AV407 -> R. Regis | R15: =B15 -> STAG | S15: =VLOOKUP($B15,$R$3:$X$9,2,FALSE) -> 11.6 | T15: =VLOOKUP($B15,$R$3:$X$9,3,FALSE) -> 12 | U15: =VLOOKUP($B15,$R$3:$X$9,4,FALSE) -> 0 | V15: =VLOOKUP($B15,$R$3:$X$9,5,FALSE) -> 0.11805556 | W15: =VLOOKUP($B15,$R$3:$X$9,6,FALSE) -> 0.22569444 | X15: =VLOOKUP($B15,$R$3:$X$9,7,FALSE) -> 0.26388889 | Y15: =VLOOKUP($B15,$R$3:$Z$9,8,FALSE) -> 0 | Z15: =VLOOKUP($B15,$R$3:$Z$9,9,FALSE) -> 60
R16: =B16 -> 0 | S16: =VLOOKUP($B16,$R$3:$X$9,2,FALSE) -> #N/A | T16: =VLOOKUP($B16,$R$3:$X$9,3,FALSE) -> #N/A | U16: =VLOOKUP($B16,$R$3:$X$9,4,FALSE) -> #N/A | V16: =VLOOKUP($B16,$R$3:$X$9,5,FALSE) -> #N/A | W16: =VLOOKUP($B16,$R$3:$X$9,6,FALSE) -> #N/A | X16: =VLOOKUP($B16,$R$3:$X$9,7,FALSE) -> #N/A | Y16: =VLOOKUP($B16,$R$3:$Z$9,8,FALSE) -> #N/A | Z16: =VLOOKUP($B16,$R$3:$Z$9,9,FALSE) -> #N/A
R17: =B17 -> 0 | S17: =VLOOKUP($B17,$R$3:$X$9,2,FALSE) -> #N/A | T17: =VLOOKUP($B17,$R$3:$X$9,3,FALSE) -> #N/A | U17: =VLOOKUP($B17,$R$3:$X$9,4,FALSE) -> #N/A | V17: =VLOOKUP($B17,$R$3:$X$9,5,FALSE) -> #N/A | W17: =VLOOKUP($B17,$R$3:$X$9,6,FALSE) -> #N/A | X17: =VLOOKUP($B17,$R$3:$X$9,7,FALSE) -> #N/A | Y17: =VLOOKUP($B17,$R$3:$Z$9,8,FALSE) -> #N/A | Z17: =VLOOKUP($B17,$R$3:$Z$9,9,FALSE) -> #N/A
R18: =B18 -> 0 | S18: =VLOOKUP($B18,$R$3:$X$9,2,FALSE) -> #N/A | T18: =VLOOKUP($B18,$R$3:$X$9,3,FALSE) -> #N/A | U18: =VLOOKUP($B18,$R$3:$X$9,4,FALSE) -> #N/A | V18: =VLOOKUP($B18,$R$3:$X$9,5,FALSE) -> #N/A | W18: =VLOOKUP($B18,$R$3:$X$9,6,FALSE) -> #N/A | X18: =VLOOKUP($B18,$R$3:$X$9,7,FALSE) -> #N/A | Y18: =VLOOKUP($B18,$R$3:$Z$9,8,FALSE) -> #N/A | Z18: =VLOOKUP($B18,$R$3:$Z$9,9,FALSE) -> #N/A
R19: =B19 -> 0 | S19: =VLOOKUP($B19,$R$3:$X$9,2,FALSE) -> #N/A | T19: =VLOOKUP($B19,$R$3:$X$9,3,FALSE) -> #N/A | U19: =VLOOKUP($B19,$R$3:$X$9,4,FALSE) -> #N/A | V19: =VLOOKUP($B19,$R$3:$X$9,5,FALSE) -> #N/A | W19: =VLOOKUP($B19,$R$3:$X$9,6,FALSE) -> #N/A | X19: =VLOOKUP($B19,$R$3:$X$9,7,FALSE) -> #N/A | Y19: =VLOOKUP($B19,$R$3:$Z$9,8,FALSE) -> #N/A | Z19: =VLOOKUP($B19,$R$3:$Z$9,9,FALSE) -> #N/A
R20: =B20 -> 0 | S20: =VLOOKUP($B20,$R$3:$X$9,2,FALSE) -> #N/A | T20: =VLOOKUP($B20,$R$3:$X$9,3,FALSE) -> #N/A | U20: =VLOOKUP($B20,$R$3:$X$9,4,FALSE) -> #N/A | V20: =VLOOKUP($B20,$R$3:$X$9,5,FALSE) -> #N/A | W20: =VLOOKUP($B20,$R$3:$X$9,6,FALSE) -> #N/A | X20: =VLOOKUP($B20,$R$3:$X$9,7,FALSE) -> #N/A | Y20: =VLOOKUP($B20,$R$3:$Z$9,8,FALSE) -> #N/A | Z20: =VLOOKUP($B20,$R$3:$Z$9,9,FALSE) -> #N/A
B21: BRAND | D21: BBT P.G./ O.G | I21: Brand | J21: Actual | K21: MTD No. of Brews | L21: MTD | M21: YTD | N21: Target | R21: =B21 -> BRAND | S21: =VLOOKUP($B21,$R$3:$X$9,2,FALSE) -> #N/A | T21: =VLOOKUP($B21,$R$3:$X$9,3,FALSE) -> #N/A | U21: =VLOOKUP($B21,$R$3:$X$9,4,FALSE) -> #N/A | V21: =VLOOKUP($B21,$R$3:$X$9,5,FALSE) -> #N/A | W21: =VLOOKUP($B21,$R$3:$X$9,6,FALSE) -> #N/A | X21: =VLOOKUP($B21,$R$3:$X$9,7,FALSE) -> #N/A | Y21: =VLOOKUP($B21,$R$3:$Z$9,8,FALSE) -> #N/A | Z21: =VLOOKUP($B21,$R$3:$Z$9,9,FALSE) -> #N/A
I22: CARIB | K22: =COUNTA([22]Brewhouse!$A$823:$A$838) -> 16 | L22: =AVERAGE([22]Brewhouse!$AU$823:$AU$838) -> 97.418582 | M22: =AVERAGE([22]Brewhouse!$AU$102:$AU$171,[22]Brewhouse!$AU$173:$AU$253,[22]Brewhouse!$AU$255:$AU$339,[22]Brewhouse!$AU$341:$AU$346,[22]Brewhouse!$AU$348,[22]Brewhouse!$AU$349:$AU$406,[22]Brewhouse!$AU$408:$AU$491,[22]Brewhouse!$AU$493:$AU$578,[22]Brewhouse!$AU$580:$AU$652,[22]Brewhouse!$AU$655:$AU$738,[22]Brewhouse!$A$740:$A$821,[22]Brewhouse!$AU$823:$AU$838) -> 97.70009 | N22: 98 | R22: =B22 -> 0 | S22: =VLOOKUP($B22,$R$3:$X$9,2,FALSE) -> #N/A | T22: =VLOOKUP($B22,$R$3:$X$9,3,FALSE) -> #N/A | U22: =VLOOKUP($B22,$R$3:$X$9,4,FALSE) -> #N/A | V22: =VLOOKUP($B22,$R$3:$X$9,5,FALSE) -> #N/A | W22: =VLOOKUP($B22,$R$3:$X$9,6,FALSE) -> #N/A | X22: =VLOOKUP($B22,$R$3:$X$9,7,FALSE) -> #N/A | Y22: =VLOOKUP($B22,$R$3:$Z$9,8,FALSE) -> #N/A | Z22: =VLOOKUP($B22,$R$3:$Z$9,9,FALSE) -> #N/A
I23: STAG | J23: =AVERAGE(I10:I15) -> 98.005886 | K23: =COUNTA([23]Brewhouse!$A$399:$A$407) -> 9 | L23: =AVERAGE([23]Brewhouse!$AS$399:$AS$407) -> 97.351081 | M23: =AVERAGE([23]Brewhouse!$AS$15:$AS$64,[23]Brewhouse!$AS$66:$AS$103,[23]Brewhouse!$AS$105:$AS$140,[23]Brewhouse!$AS$142:$AS$193,[23]Brewhouse!$AS$195:$AS$240,[23]Brewhouse!$AS$242:$AS$273,[23]Brewhouse!$AS$275:$AS$322,[23]Brewhouse!$AS$324:$AS$359,[23]Brewhouse!$AS$361:$AS$397,[23]Brewhouse!$AS$399:$AS$407) -> 97.981227 | N23: 98 | R23: =B23 -> 0 | S23: =VLOOKUP($B23,$R$3:$X$9,2,FALSE) -> #N/A | T23: =VLOOKUP($B23,$R$3:$X$9,3,FALSE) -> #N/A | U23: =VLOOKUP($B23,$R$3:$X$9,4,FALSE) -> #N/A | V23: =VLOOKUP($B23,$R$3:$X$9,5,FALSE) -> #N/A | W23: =VLOOKUP($B23,$R$3:$X$9,6,FALSE) -> #N/A | X23: =VLOOKUP($B23,$R$3:$X$9,7,FALSE) -> #N/A | Y23: =VLOOKUP($B23,$R$3:$Z$9,8,FALSE) -> #N/A | Z23: =VLOOKUP($B23,$R$3:$Z$9,9,FALSE) -> #N/A
I24: GUINNESS | M24: =AVERAGE([24]Brewhouse!$AU$4:$AU$7,[24]Brewhouse!$AU$9:$AU$22,[24]Brewhouse!$AU$24:$AU$35,[24]Brewhouse!$AU$37:$AU$45,[24]Brewhouse!$AU$47:$AU$62,[24]Brewhouse!$AU$64:$AU$79,[24]Brewhouse!$AU$81:$AU$92,[24]Brewhouse!$AU$94:$AU$97) -> 96.8166 | N24: 98 | R24: =B24 -> 0 | S24: =VLOOKUP($B24,$R$3:$X$9,2,FALSE) -> #N/A | T24: =VLOOKUP($B24,$R$3:$X$9,3,FALSE) -> #N/A | U24: =VLOOKUP($B24,$R$3:$X$9,4,FALSE) -> #N/A | V24: =VLOOKUP($B24,$R$3:$X$9,5,FALSE) -> #N/A | W24: =VLOOKUP($B24,$R$3:$X$9,6,FALSE) -> #N/A | X24: =VLOOKUP($B24,$R$3:$X$9,7,FALSE) -> #N/A | Y24: =VLOOKUP($B24,$R$3:$Z$9,8,FALSE) -> #N/A | Z24: =VLOOKUP($B24,$R$3:$Z$9,9,FALSE) -> #N/A
I25: VITAMALT | M25: =AVERAGE([25]Brewhouse!$AV$5:$AV$14,[25]Brewhouse!$AV$16:$AV$19,[25]Brewhouse!$AV$21:$AV$24,[25]Brewhouse!$AV$26:$AV$33,[25]Brewhouse!$AV$35:$AV$46,[25]Brewhouse!$AV$48:$AV$53,[25]Brewhouse!$AV$55:$AV$62,[25]Brewhouse!$AV$64:$AV$77,[25]Brewhouse!$AV$79:$AV$86) -> 98.293408 | N25: 98 | R25: =B25 -> 0 | S25: =VLOOKUP($B25,$R$3:$X$9,2,FALSE) -> #N/A | T25: =VLOOKUP($B25,$R$3:$X$9,3,FALSE) -> #N/A | U25: =VLOOKUP($B25,$R$3:$X$9,4,FALSE) -> #N/A | V25: =VLOOKUP($B25,$R$3:$X$9,5,FALSE) -> #N/A | W25: =VLOOKUP($B25,$R$3:$X$9,6,FALSE) -> #N/A | X25: =VLOOKUP($B25,$R$3:$X$9,7,FALSE) -> #N/A | Y25: =VLOOKUP($B25,$R$3:$Z$9,8,FALSE) -> #N/A | Z25: =VLOOKUP($B25,$R$3:$Z$9,9,FALSE) -> #N/A
I26: MAXIMALT | N26: 98 | R26: =B26 -> 0 | S26: =VLOOKUP($B26,$R$3:$X$9,2,FALSE) -> #N/A | T26: =VLOOKUP($B26,$R$3:$X$9,3,FALSE) -> #N/A | U26: =VLOOKUP($B26,$R$3:$X$9,4,FALSE) -> #N/A | V26: =VLOOKUP($B26,$R$3:$X$9,5,FALSE) -> #N/A | W26: =VLOOKUP($B26,$R$3:$X$9,6,FALSE) -> #N/A | X26: =VLOOKUP($B26,$R$3:$X$9,7,FALSE) -> #N/A | Y26: =VLOOKUP($B26,$R$3:$Z$9,8,FALSE) -> #N/A | Z26: =VLOOKUP($B26,$R$3:$Z$9,9,FALSE) -> #N/A
I27: MACKESON | M27: =AVERAGE([26]Brewhouse!$AT$4:$AT$11,[26]Brewhouse!$AT$13:$AT$16,[26]Brewhouse!$AT$18:$AT$21,[26]Brewhouse!$AT$26,[26]Brewhouse!$AT$28:$AT$35) -> 94.794664 | N27: 98 | R27: =B27 -> 0 | S27: =VLOOKUP($B27,$R$3:$X$9,2,FALSE) -> #N/A | T27: =VLOOKUP($B27,$R$3:$X$9,3,FALSE) -> #N/A | U27: =VLOOKUP($B27,$R$3:$X$9,4,FALSE) -> #N/A | V27: =VLOOKUP($B27,$R$3:$X$9,5,FALSE) -> #N/A | W27: =VLOOKUP($B27,$R$3:$X$9,6,FALSE) -> #N/A | X27: =VLOOKUP($B27,$R$3:$X$9,7,FALSE) -> #N/A | Y27: =VLOOKUP($B27,$R$3:$Z$9,8,FALSE) -> #N/A | Z27: =VLOOKUP($B27,$R$3:$Z$9,9,FALSE) -> #N/A
I28: STARMALT | M28: =AVERAGE([27]Brewhouse!$AY$6:$AY$13,[27]Brewhouse!$AY$15:$AY$20,[27]Brewhouse!$AY$22:$AY$29,[27]Brewhouse!$AY$31:$AY$34,[27]Brewhouse!$AY$36:$AY$43,[27]Brewhouse!$AY$45:$AY$50, [27]Brewhouse!$AY$56:$AY$73,[27]Brewhouse!$AY$75:$AY$92) -> 97.477741 | N28: 98 | R28: =B28 -> 0 | S28: =VLOOKUP($B28,$R$3:$X$9,2,FALSE) -> #N/A | T28: =VLOOKUP($B28,$R$3:$X$9,3,FALSE) -> #N/A | U28: =VLOOKUP($B28,$R$3:$X$9,4,FALSE) -> #N/A | V28: =VLOOKUP($B28,$R$3:$X$9,5,FALSE) -> #N/A | W28: =VLOOKUP($B28,$R$3:$X$9,6,FALSE) -> #N/A | X28: =VLOOKUP($B28,$R$3:$X$9,7,FALSE) -> #N/A | Y28: =VLOOKUP($B28,$R$3:$Z$9,8,FALSE) -> #N/A | Z28: =VLOOKUP($B28,$R$3:$Z$9,9,FALSE) -> #N/A
I29: HR- Pils | M29: =AVERAGE([28]Brewhouse!$AU$5:$AU$8,[28]Brewhouse!$AU$10:$AU$13,[27]Brewhouse!$AY$75:$AY$77) -> 94.749192 | N29: 98 | R29: =B29 -> 0 | S29: =VLOOKUP($B29,$R$3:$X$9,2,FALSE) -> #N/A | T29: =VLOOKUP($B29,$R$3:$X$9,3,FALSE) -> #N/A | U29: =VLOOKUP($B29,$R$3:$X$9,4,FALSE) -> #N/A | V29: =VLOOKUP($B29,$R$3:$X$9,5,FALSE) -> #N/A | W29: =VLOOKUP($B29,$R$3:$X$9,6,FALSE) -> #N/A | X29: =VLOOKUP($B29,$R$3:$X$9,7,FALSE) -> #N/A | Y29: =VLOOKUP($B29,$R$3:$Z$9,8,FALSE) -> #N/A | Z29: =VLOOKUP($B29,$R$3:$Z$9,9,FALSE) -> #N/A
I30: HR- IPA | M30: =AVERAGE([29]Brewhouse!$AW$26:$AW$27) -> 95.310681 | N30: 98 | R30: =B30 -> 0 | S30: =VLOOKUP($B30,$R$3:$X$9,2,FALSE) -> #N/A | T30: =VLOOKUP($B30,$R$3:$X$9,3,FALSE) -> #N/A | U30: =VLOOKUP($B30,$R$3:$X$9,4,FALSE) -> #N/A | V30: =VLOOKUP($B30,$R$3:$X$9,5,FALSE) -> #N/A | W30: =VLOOKUP($B30,$R$3:$X$9,6,FALSE) -> #N/A | X30: =VLOOKUP($B30,$R$3:$X$9,7,FALSE) -> #N/A | Y30: =VLOOKUP($B30,$R$3:$Z$9,8,FALSE) -> #N/A | Z30: =VLOOKUP($B30,$R$3:$Z$9,9,FALSE) -> #N/A
I31: HR- APA | M31: =AVERAGE([30]Brewhouse!$AU$13:$AU$14) -> 97.110575 | N31: 98 | R31: =B31 -> 0 | S31: =VLOOKUP($B31,$R$3:$X$9,2,FALSE) -> #N/A | T31: =VLOOKUP($B31,$R$3:$X$9,3,FALSE) -> #N/A | U31: =VLOOKUP($B31,$R$3:$X$9,4,FALSE) -> #N/A | V31: =VLOOKUP($B31,$R$3:$X$9,5,FALSE) -> #N/A | W31: =VLOOKUP($B31,$R$3:$X$9,6,FALSE) -> #N/A | X31: =VLOOKUP($B31,$R$3:$X$9,7,FALSE) -> #N/A | Y31: =VLOOKUP($B31,$R$3:$Z$9,8,FALSE) -> #N/A | Z31: =VLOOKUP($B31,$R$3:$Z$9,9,FALSE) -> #N/A
K32: =SUM(K22:K31) -> 25 | L32: =((L22*K22)+(L23*K23)+(L24*K24)+(L25*K25)+(L26*K26)+(K29*L29)+(L27*K27)+(L28*K28)+(L31*K31))/(K32) -> 97.394282 | M32: =AVERAGE('[31]Jan 31st'!$L$65,'[32]Feb 28th'!$L$35,'[33]Mar. 31st'!$L$35,'[34]Apr. 30th'!$L$45,'[35]May 30th'!$L$37,'[36]June 30th'!$L$57,'[37]July 29th '!$L$44,'[38]Aug 29th'!$L$29,'[39]Sept 30th'!$L$35,L32) -> 97.557378 | N32: 98 | R32: =B32 -> 0 | S32: =VLOOKUP($B32,$R$3:$X$9,2,FALSE) -> #N/A | T32: =VLOOKUP($B32,$R$3:$X$9,3,FALSE) -> #N/A | U32: =VLOOKUP($B32,$R$3:$X$9,4,FALSE) -> #N/A | V32: =VLOOKUP($B32,$R$3:$X$9,5,FALSE) -> #N/A | W32: =VLOOKUP($B32,$R$3:$X$9,6,FALSE) -> #N/A | X32: =VLOOKUP($B32,$R$3:$X$9,7,FALSE) -> #N/A | Y32: =VLOOKUP($B32,$R$3:$Z$9,8,FALSE) -> #N/A | Z32: =VLOOKUP($B32,$R$3:$Z$9,9,FALSE) -> #N/A
R33: =B33 -> 0 | S33: =VLOOKUP($B33,$R$3:$X$9,2,FALSE) -> #N/A | T33: =VLOOKUP($B33,$R$3:$X$9,3,FALSE) -> #N/A | U33: =VLOOKUP($B33,$R$3:$X$9,4,FALSE) -> #N/A | V33: =VLOOKUP($B33,$R$3:$X$9,5,FALSE) -> #N/A | W33: =VLOOKUP($B33,$R$3:$X$9,6,FALSE) -> #N/A | X33: =VLOOKUP($B33,$R$3:$X$9,7,FALSE) -> #N/A | Y33: =VLOOKUP($B33,$R$3:$Z$9,8,FALSE) -> #N/A | Z33: =VLOOKUP($B33,$R$3:$Z$9,9,FALSE) -> #N/A
J34: Daily Brewing Plan
J35: Brand | K35: Brews Achieved | L35: Average Brews per day
J36: CARIB | L36: MTD | M36: YTD | N36: TARGET
J37: STAG | K37: 6 | L37: =AVERAGE('Oct. 1st'!K49,,'Oct. 2nd'!K51,K46) -> 6.25 | M37: =AVERAGE('[31]Jan 29th '!$M$70,'[32]Feb 28th'!$L$40,'[33]Mar. 31st'!$L$40,'[34]Apr. 30th'!$L$50,'[35]May 30th'!$L$42,'[36]June 30th'!$L$62,'[37]July 29th '!$L$49,'[38]Aug 29th'!$L$34,'[39]Sept 30th'!$L$40,L37) -> 6.9311278 | N37: 9.2
J38: GUINN
J39: VITAMALT
J40: STARMALT
J41: MACKESON
J42: HURRICANE REEF- IPA
J43: HURRICANE REEF- APA
B44: AVERAGE | D44: =AVERAGE(D22:E43) -> #DIV/0! | J44: HR- PILSNER
J45: CARIBE
J46: Total | K46: =SUM(K36:K45) -> 6
B47: Process: | C47: Fermentation/Filtration
B49: Brand | C49: Filt. Date | D49: FV Hls | E49: GFE/ Prim/ Vita Blend (Hls) | F49: SV Hls | G49: BBT Hls | H49: Loss (%) Ferm | I49: Loss (%) Filt | J49: Comments | K49: Throughput | L49: Process Loss (%) | M49: Filt. Operator
AB50: 43474 | AC50: 43475 | AD50: 43476 | AE50: 43477 | AF50: 43478 | AG50: 43479 | AH50: 43480 | AI50: 43481 | AJ50: 43482 | AK50: 43483 | AL50: 43484 | AM50: 43485 | AN50: 43486 | AO50: 43487 | AP50: 43488 | AQ50: 43489 | AR50: 43490 | AS50: 43491 | AT50: 43492 | AU50: 43493 | AV50: 43494 | AW50: 43495 | AX50: 43496
L51: =(((D51+E51)-G51)/(D51+E51))*100 -> #DIV/0! | AB51: =[20]January_2019!L7 -> 285.8 | AC51: =[20]January_2019!M7 -> 508.1 | AD51: =[20]January_2019!N7 -> 0 | AE51: =[20]January_2019!O7 -> 0 | AF51: =[20]January_2019!P7 -> 109.56667 | AG51: =[20]January_2019!Q7 -> 297.65 | AH51: =[20]January_2019!R7 -> 122.3 | AI51: =[20]January_2019!S7 -> 0 | ... AX51: =[20]January_2019!AH7 -> 0
L53: =(((D53+E53)-G53)/(D53+E53))*100 -> #DIV/0!
L55: =(((D55+E55)-G55)/(D55+E55))*100 -> #DIV/0!
B58: Process Loss (Volume) | G58: Process Loss (Extract) | K58: Throughput
B59: Brand | C59: Actual | D59: MTD | E59: YTD | F59: Target | G59: Actual | H59: MTD | I59: YTD | J59: Target | K59: Actual | L59: MTD | M59: YTD | N59: Target
B60: CARIB | D60: 5.3043266 | E60: 6.3353243 | F60: 4.8 | H60: 4.8442646 | I60: 6.223717 | J60: 4.8 | L60: 0.29622807 | N60: 1
B61: STAG | D61: 4.8224374 | E61: 5.9054218 | F61: 4.8 | H61: 4.0523924 | I61: 5.6084803 | J61: 4.8 | L61: 0.82754386 | N61: 1
B62: GUINN | E62: 11.810347 | F62: 5.5 | I62: 12.740878 | J62: 5.5 | N62: 1
B63: VITAMALT | E63: 5.1192333 | F63: 3.3 | I63: 4.4772095 | J63: 3.3 | N63: 1
B64: APA | E64: 7.8373016 | F64: 3.3 | I64: 5.3377569 | J64: 3 | N64: 1
B65: MACKESON | E65: 7.3129862 | F65: =[21]May_2022!$M$43 -> 3.4878407 | I65: 8.6614709 | J65: 5.5 | N65: 1
B66: STARMALT | D66: 2.0782987 | E66: 2.8629318 | F66: 3.3 | H66: 3.455985 | I66: 4.347882 | J66: 3.3 | L66: 0.88859649 | N66: 1
B67: IPA | E67: 11.483254 | F67: 7.5 | I67: 9.7934336 | J67: 7.5 | N67: 1
B68: HURRICANE REEF PILS | E68: 7.2653645 | F68: 4.8 | I68: 8.1715311 | J68: 4.8 | N68: 1
D69: 3.9628679 | E69: 6.3363739 | F69: 5.5 | H69: 3.9111051 | I69: 6.5082696 | J69: 5.5 | L69: 0.57714912 | N69: 1

Sheet Oct. 6th
S1: P.G. | U1: Hot Time | W1: Process Time | Y1: Cooling Time
B2: Brewing Department Daily Process Loss Report | S2: Lower | T2: Upper | U2: Lower | V2: Upper | W2: Lower | X2: Upper | Y2: Lower | Z2: Upper
R3: CARIB | S3: 11.6 | T3: 12 | U3: 0 | V3: 0.11805556 | W3: 0.22569444 | X3: 0.26388889 | Y3: 0 | Z3: 60 | AB3: HR- PISNER
B4: Date: | C4: 45937 | J4: LOT WORT COLOUR: 3.3 | M4: Filter Sheets (Target 20 days) | R4: STAG | S4: 11.6 | T4: 12 | U4: 0 | V4: 0.11805556 | W4: 0.22569444 | X4: 0.26388889 | Y4: 0 | Z4: 60
M5: Double | N5: Single | R5: GUINNESS | S5: 17 | T5: 17.5 | U5: 0 | V5: 0.10763889 | W5: 0.24652778 | X5: 0.28472222 | Y5: 0 | Z5: 60
J6: MALT LOT: Lot #3 | L6: Sheet Day | R6: MACKESON | S6: 13.3 | T6: 13.5 | U6: 0 | V6: 0.12905093 | W6: 0.27430556 | X6: 0.30208333 | Y6: 0
R7: STARMALT | S7: 17 | T7: 17.4 | U7: 0 | V7: 0.13605324 | W7: 0.27430556 | X7: 0.30902778 | Y7: 0 | Z7: 85
B8: Brand | C8: Brew no. | D8: Kett. Hls | E8: Wort | F8: Cool Time(Mins) | G8: Cast. P.G. (Lab Result) | H8: Cast P.G. (Cellar Operator)-gravity | I8: Extr. Rec (77.9%) | J8: Theor. Extr. (77.5%) | K8: Boil Off /Vol. (4-6%) | L8: Boil Time | M8: Total Hot | N8: Brewing | O8: Operator | R8: Hurricane Reef | S8: 16.6 | T8: 17 | U8: 0 | V8: 0.12905093 | W8: 0.27430556 | X8: 0.30208333 | Y8: 0
E9: Meter (Hls) | F9: Target(< 60Mins) | M9: Time | R9: VITAMALT | S9: 14.2 | T9: 14.6 | U9: 0 | V9: 0.13905093 | W9: 0.26041667 | X9: 0.29513889 | Y9: 0 | Z9: 75
B10: CARIB | C10: =[22]Brewhouse!$A839 -> CA729 | D10: =[22]Brewhouse!$AF839 -> 50.7 | E10: =[22]Brewhouse!$AI839 -> 48.7 | F10: =[22]Brewhouse!$V839 -> 65 | G10: =[22]Brewhouse!AG839 -> 11.9 | H10: 11.9 | I10: =[22]Brewhouse!$AU839 -> 94.602939 | J10: =[22]Brewhouse!$AV839 -> 95.562199 | K10: =[22]Brewhouse!$Q839 -> 6.0526316 | L10: =[22]Brewhouse!$P839 -> 60 | M10: =[22]Brewhouse!$U839-[22]Brewhouse!$T839 -> 0.11527778 | N10: =[22]Brewhouse!$Z839 -> 0.26041667 | O10: =[22]Brewhouse!$AX839 -> R.Sookram | R10: =B10 -> CARIB | S10: =VLOOKUP($B10,$R$3:$X$9,2,FALSE) -> 11.6 | T10: =VLOOKUP($B10,$R$3:$X$9,3,FALSE) -> 12 | U10: =VLOOKUP($B10,$R$3:$X$9,4,FALSE) -> 0 | V10: =VLOOKUP($B10,$R$3:$X$9,5,FALSE) -> 0.11805556 | W10: =VLOOKUP($B10,$R$3:$X$9,6,FALSE) -> 0.22569444 | X10: =VLOOKUP($B10,$R$3:$X$9,7,FALSE) -> 0.26388889 | Y10: =VLOOKUP($B10,$R$3:$Z$9,8,FALSE) -> 0 | Z10: =VLOOKUP($B10,$R$3:$Z$9,9,FALSE) -> 60
B11: CARIB | C11: =[22]Brewhouse!$A840 -> CA730 | D11: =[22]Brewhouse!$AF840 -> 51 | E11: =[22]Brewhouse!$AI840 -> 49.3 | F11: =[22]Brewhouse!$V840 -> 64 | G11: =[22]Brewhouse!AG840 -> 11.6 | H11: 11.7 | I11: =[22]Brewhouse!$AU840 -> 93.219645 | J11: =[22]Brewhouse!$AV840 -> 95.104731 | K11: =[22]Brewhouse!$Q840 -> 7.6296296 | L11: =[22]Brewhouse!$P840 -> 57 | M11: =[22]Brewhouse!$U840-[22]Brewhouse!$T840 -> 0.11180556 | N11: =[22]Brewhouse!$Z840 -> 0.27291667 | O11: =[22]Brewhouse!$AX840 -> R.Sookram | P11: Extra time doing spent grain removal | R11: =B11 -> CARIB | S11: =VLOOKUP($B11,$R$3:$X$9,2,FALSE) -> 11.6 | T11: =VLOOKUP($B11,$R$3:$X$9,3,FALSE) -> 12 | U11: =VLOOKUP($B11,$R$3:$X$9,4,FALSE) -> 0 | V11: =VLOOKUP($B11,$R$3:$X$9,5,FALSE) -> 0.11805556 | W11: =VLOOKUP($B11,$R$3:$X$9,6,FALSE) -> 0.22569444 | X11: =VLOOKUP($B11,$R$3:$X$9,7,FALSE) -> 0.26388889 | Y11: =VLOOKUP($B11,$R$3:$Z$9,8,FALSE) -> 0 | Z11: =VLOOKUP($B11,$R$3:$Z$9,9,FALSE) -> 60
B12: CARIB | C12: =[22]Brewhouse!$A841 -> CA731 | D12: =[22]Brewhouse!$AF841 -> 52.3 | E12: =[22]Brewhouse!$AI841 -> 51.9 | F12: =[22]Brewhouse!$V841 -> 68 | G12: =[22]Brewhouse!AG841 -> 11.6 | H12: 11.7 | I12: =[22]Brewhouse!$AU841 -> 98.500881 | J12: =[22]Brewhouse!$AV841 -> 100.49228 | K12: =[22]Brewhouse!$Q841 -> 5.3107345 | L12: =[22]Brewhouse!$P841 -> 58 | M12: =[22]Brewhouse!$U841-[22]Brewhouse!$T841 -> 0.11319444 | N12: =[22]Brewhouse!$Z841 -> 0.24930556 | O12: =[22]Brewhouse!$AX841 -> R.Sookram | R12: =B12 -> CARIB | S12: =VLOOKUP($B12,$R$3:$X$9,2,FALSE) -> 11.6 | T12: =VLOOKUP($B12,$R$3:$X$9,3,FALSE) -> 12 | U12: =VLOOKUP($B12,$R$3:$X$9,4,FALSE) -> 0 | V12: =VLOOKUP($B12,$R$3:$X$9,5,FALSE) -> 0.11805556 | W12: =VLOOKUP($B12,$R$3:$X$9,6,FALSE) -> 0.22569444 | X12: =VLOOKUP($B12,$R$3:$X$9,7,FALSE) -> 0.26388889 | Y12: =VLOOKUP($B12,$R$3:$Z$9,8,FALSE) -> 0 | Z12: =VLOOKUP($B12,$R$3:$Z$9,9,FALSE) -> 60
B13: CARIB | C13: =[22]Brewhouse!$A842 -> CA732 | D13: =[22]Brewhouse!$AF842 -> 51.8 | E13: =[22]Brewhouse!$AI842 -> 50.1 | F13: =[22]Brewhouse!$V842 -> 56 | G13: =[22]Brewhouse!AG842 -> 11.9 | H13: 12 | I13: =[22]Brewhouse!$AU842 -> 97.673605 | J13: =[22]Brewhouse!$AV842 -> 99.648279 | K13: =[22]Brewhouse!$Q842 -> 3.8041431 | L13: =[22]Brewhouse!$P842 -> 57 | M13: =[22]Brewhouse!$U842-[22]Brewhouse!$T842 -> 0.10208333 | N13: =[22]Brewhouse!$Z842 -> 0.24513889 | O13: =[22]Brewhouse!$AX842 -> R.Sookram | R13: =B13 -> CARIB | S13: =VLOOKUP($B13,$R$3:$X$9,2,FALSE) -> 11.6 | T13: =VLOOKUP($B13,$R$3:$X$9,3,FALSE) -> 12 | U13: =VLOOKUP($B13,$R$3:$X$9,4,FALSE) -> 0 | V13: =VLOOKUP($B13,$R$3:$X$9,5,FALSE) -> 0.11805556 | W13: =VLOOKUP($B13,$R$3:$X$9,6,FALSE) -> 0.22569444 | X13: =VLOOKUP($B13,$R$3:$X$9,7,FALSE) -> 0.26388889 | Y13: =VLOOKUP($B13,$R$3:$Z$9,8,FALSE) -> 0 | Z13: =VLOOKUP($B13,$R$3:$Z$9,9,FALSE) -> 60
B14: CARIB | C14: =[22]Brewhouse!$A843 -> CA733 | D14: =[22]Brewhouse!$AF843 -> 52.4 | E14: =[22]Brewhouse!$AI843 -> 50.6 | F14: =[22]Brewhouse!$V843 -> 57 | G14: =[22]Brewhouse!AG843 -> 11.8 | H14: 11.8 | I14: =[22]Brewhouse!$AU843 -> 97.655732 | J14: =[22]Brewhouse!$AV843 -> 99.630205 | K14: =[22]Brewhouse!$Q843 -> 3.4274953 | L14: =[22]Brewhouse!$P843 -> 59 | M14: =[22]Brewhouse!$U843-[22]Brewhouse!$T843 -> 0.10902778 | N14: =[22]Brewhouse!$Z843 -> 0.24930556 | O14: =[22]Brewhouse!$AX843 -> K.Benjamin | R14: =B14 -> CARIB | S14: =VLOOKUP($B14,$R$3:$X$9,2,FALSE) -> 11.6 | T14: =VLOOKUP($B14,$R$3:$X$9,3,FALSE) -> 12 | U14: =VLOOKUP($B14,$R$3:$X$9,4,FALSE) -> 0 | V14: =VLOOKUP($B14,$R$3:$X$9,5,FALSE) -> 0.11805556 | W14: =VLOOKUP($B14,$R$3:$X$9,6,FALSE) -> 0.22569444 | X14: =VLOOKUP($B14,$R$3:$X$9,7,FALSE) -> 0.26388889 | Y14: =VLOOKUP($B14,$R$3:$Z$9,8,FALSE) -> 0 | Z14: =VLOOKUP($B14,$R$3:$Z$9,9,FALSE) -> 60
B15: CARIB | C15: =[22]Brewhouse!$A844 -> CA734 | D15: =[22]Brewhouse!$AF844 -> 51.6 | E15: =[22]Brewhouse!$AI844 -> 51.2 | F15: =[22]Brewhouse!$V844 -> 57 | G15: =[22]Brewhouse!AG844 -> 11.7 | H15: 11.8 | I15: =[22]Brewhouse!$AU844 -> 97.93287 | J15: =[22]Brewhouse!$AV844 -> 99.912946 | K15: =[22]Brewhouse!$Q844 -> 4 | L15: =[22]Brewhouse!$P844 -> 59 | M15: =[22]Brewhouse!$U844-[22]Brewhouse!$T844 -> 0.11180556 | N15: =[22]Brewhouse!$Z844 -> 0.25625 | O15: =[22]Brewhouse!$AX844 -> K.Benjamin | R15: =B15 -> CARIB | S15: =VLOOKUP($B15,$R$3:$X$9,2,FALSE) -> 11.6 | T15: =VLOOKUP($B15,$R$3:$X$9,3,FALSE) -> 12 | U15: =VLOOKUP($B15,$R$3:$X$9,4,FALSE) -> 0 | V15: =VLOOKUP($B15,$R$3:$X$9,5,FALSE) -> 0.11805556 | W15: =VLOOKUP($B15,$R$3:$X$9,6,FALSE) -> 0.22569444 | X15: =VLOOKUP($B15,$R$3:$X$9,7,FALSE) -> 0.26388889 | Y15: =VLOOKUP($B15,$R$3:$Z$9,8,FALSE) -> 0 | Z15: =VLOOKUP($B15,$R$3:$Z$9,9,FALSE) -> 60
B16: CARIB | C16: =[22]Brewhouse!$A845 -> CA735 | D16: =[22]Brewhouse!$AF845 -> 53.2 | E16: =[22]Brewhouse!$AI845 -> 50.9 | F16: =[22]Brewhouse!$V845 -> 66 | G16: =[22]Brewhouse!AG845 -> 11.6 | H16: 11.7 | I16: =[22]Brewhouse!$AU845 -> 96.48337 | J16: =[22]Brewhouse!$AV845 -> 98.43414 | K16: =[22]Brewhouse!$Q845 -> 0.98113208 | L16: =[22]Brewhouse!$P845 -> 60 | M16: =[22]Brewhouse!$U845-[22]Brewhouse!$T845 -> 0.11805556 | N16: =[22]Brewhouse!$Z845 -> 0.24861111 | O16: =[22]Brewhouse!$AX845 -> K.Benjamin | R16: =B16 -> CARIB | S16: =VLOOKUP($B16,$R$3:$X$9,2,FALSE) -> 11.6 | T16: =VLOOKUP($B16,$R$3:$X$9,3,FALSE) -> 12 | U16: =VLOOKUP($B16,$R$3:$X$9,4,FALSE) -> 0 | V16: =VLOOKUP($B16,$R$3:$X$9,5,FALSE) -> 0.11805556 | W16: =VLOOKUP($B16,$R$3:$X$9,6,FALSE) -> 0.22569444 | X16: =VLOOKUP($B16,$R$3:$X$9,7,FALSE) -> 0.26388889 | Y16: =VLOOKUP($B16,$R$3:$Z$9,8,FALSE) -> 0 | Z16: =VLOOKUP($B16,$R$3:$Z$9,9,FALSE) -> 60
B17: CARIB | C17: =[22]Brewhouse!$A846 -> CA736 | D17: =[22]Brewhouse!$AF846 -> 52.9 | E17: =[22]Brewhouse!$AI846 -> 52 | F17: =[22]Brewhouse!$V846 -> 70 | G17: =[22]Brewhouse!AG846 -> 11.9 | H17: 11.9 | I17: =[22]Brewhouse!$AU846 -> 101.37779 | J17: =[22]Brewhouse!$AV846 -> 103.42736 | K17: =[22]Brewhouse!$Q846 -> 3.245283 | L17: =[22]Brewhouse!$P846 -> 61 | M17: =[22]Brewhouse!$U846-[22]Brewhouse!$T846 -> 0.12222222 | N17: =[22]Brewhouse!$Z846 -> 0.25555556 | O17: =[22]Brewhouse!$AX846 -> K.Benjamin | R17: =B17 -> CARIB | S17: =VLOOKUP($B17,$R$3:$X$9,2,FALSE) -> 11.6 | T17: =VLOOKUP($B17,$R$3:$X$9,3,FALSE) -> 12 | U17: =VLOOKUP($B17,$R$3:$X$9,4,FALSE) -> 0 | V17: =VLOOKUP($B17,$R$3:$X$9,5,FALSE) -> 0.11805556 | W17: =VLOOKUP($B17,$R$3:$X$9,6,FALSE) -> 0.22569444 | X17: =VLOOKUP($B17,$R$3:$X$9,7,FALSE) -> 0.26388889 | Y17: =VLOOKUP($B17,$R$3:$Z$9,8,FALSE) -> 0 | Z17: =VLOOKUP($B17,$R$3:$Z$9,9,FALSE) -> 60
B18: CARIB | C18: =[22]Brewhouse!$A847 -> CA737 | D18: =[22]Brewhouse!$AF847 -> 53.4 | E18: =[22]Brewhouse!$AI847 -> 52.6 | F18: =[22]Brewhouse!$V847 -> 73 | G18: =[22]Brewhouse!AG847 -> 11.4 | H18: 11.8 | I18: =[22]Brewhouse!$AU847 -> 97.89596 | J18: =[22]Brewhouse!$AV847 -> 99.87529 | K18: =[22]Brewhouse!$Q847 -> 1.3584906 | L18: =[22]Brewhouse!$P847 -> 58 | M18: =[22]Brewhouse!$U847-[22]Brewhouse!$T847 -> 0.11458333 | N18: =[22]Brewhouse!$Z847 -> 0.24513889 | O18: =[22]Brewhouse!$AX847 -> K.Benjamin | R18: =B18 -> CARIB | S18: =VLOOKUP($B18,$R$3:$X$9,2,FALSE) -> 11.6 | T18: =VLOOKUP($B18,$R$3:$X$9,3,FALSE) -> 12 | U18: =VLOOKUP($B18,$R$3:$X$9,4,FALSE) -> 0 | V18: =VLOOKUP($B18,$R$3:$X$9,5,FALSE) -> 0.11805556 | W18: =VLOOKUP($B18,$R$3:$X$9,6,FALSE) -> 0.22569444 | X18: =VLOOKUP($B18,$R$3:$X$9,7,FALSE) -> 0.26388889 | Y18: =VLOOKUP($B18,$R$3:$Z$9,8,FALSE) -> 0 | Z18: =VLOOKUP($B18,$R$3:$Z$9,9,FALSE) -> 60
B19: CARIB | C19: =[22]Brewhouse!$A848 -> CA738 | D19: =[22]Brewhouse!$AF848 -> 52 | E19: =[22]Brewhouse!$AI848 -> 51.9 | F19: =[22]Brewhouse!$V848 -> 86 | G19: =[22]Brewhouse!AG848 -> 11.7 | H19: 11.7 | I19: =[22]Brewhouse!$AU848 -> 99.518242 | J19: =[22]Brewhouse!$AV848 -> 101.53005 | K19: =[22]Brewhouse!$Q848 -> 3.245283 | L19: =[22]Brewhouse!$P848 -> 70 | M19: =[22]Brewhouse!$U848-[22]Brewhouse!$T848 -> 0.088888889 | N19: =[22]Brewhouse!$Z848 -> 0.27916667 | O19: =[22]Brewhouse!$AX848 -> K.Benjamin | P19: 10mins extra boil | R19: =B19 -> CARIB | S19: =VLOOKUP($B19,$R$3:$X$9,2,FALSE) -> 11.6 | T19: =VLOOKUP($B19,$R$3:$X$9,3,FALSE) -> 12 | U19: =VLOOKUP($B19,$R$3:$X$9,4,FALSE) -> 0 | V19: =VLOOKUP($B19,$R$3:$X$9,5,FALSE) -> 0.11805556 | W19: =VLOOKUP($B19,$R$3:$X$9,6,FALSE) -> 0.22569444 | X19: =VLOOKUP($B19,$R$3:$X$9,7,FALSE) -> 0.26388889 | Y19: =VLOOKUP($B19,$R$3:$Z$9,8,FALSE) -> 0 | Z19: =VLOOKUP($B19,$R$3:$Z$9,9,FALSE) -> 60
R20: =B20 -> 0 | S20: =VLOOKUP($B20,$R$3:$X$9,2,FALSE) -> #N/A | T20: =VLOOKUP($B20,$R$3:$X$9,3,FALSE) -> #N/A | U20: =VLOOKUP($B20,$R$3:$X$9,4,FALSE) -> #N/A | V20: =VLOOKUP($B20,$R$3:$X$9,5,FALSE) -> #N/A | W20: =VLOOKUP($B20,$R$3:$X$9,6,FALSE) -> #N/A | X20: =VLOOKUP($B20,$R$3:$X$9,7,FALSE) -> #N/A | Y20: =VLOOKUP($B20,$R$3:$Z$9,8,FALSE) -> #N/A | Z20: =VLOOKUP($B20,$R$3:$Z$9,9,FALSE) -> #N/A
R21: =B21 -> 0 | S21: =VLOOKUP($B21,$R$3:$X$9,2,FALSE) -> #N/A | T21: =VLOOKUP($B21,$R$3:$X$9,3,FALSE) -> #N/A | U21: =VLOOKUP($B21,$R$3:$X$9,4,FALSE) -> #N/A | V21: =VLOOKUP($B21,$R$3:$X$9,5,FALSE) -> #N/A | W21: =VLOOKUP($B21,$R$3:$X$9,6,FALSE) -> #N/A | X21: =VLOOKUP($B21,$R$3:$X$9,7,FALSE) -> #N/A | Y21: =VLOOKUP($B21,$R$3:$Z$9,8,FALSE) -> #N/A | Z21: =VLOOKUP($B21,$R$3:$Z$9,9,FALSE) -> #N/A
R22: =B22 -> 0 | S22: =VLOOKUP($B22,$R$3:$X$9,2,FALSE) -> #N/A | T22: =VLOOKUP($B22,$R$3:$X$9,3,FALSE) -> #N/A | U22: =VLOOKUP($B22,$R$3:$X$9,4,FALSE) -> #N/A | V22: =VLOOKUP($B22,$R$3:$X$9,5,FALSE) -> #N/A | W22: =VLOOKUP($B22,$R$3:$X$9,6,FALSE) -> #N/A | X22: =VLOOKUP($B22,$R$3:$X$9,7,FALSE) -> #N/A | Y22: =VLOOKUP($B22,$R$3:$Z$9,8,FALSE) -> #N/A | Z22: =VLOOKUP($B22,$R$3:$Z$9,9,FALSE) -> #N/A
R23: =B23 -> 0 | S23: =VLOOKUP($B23,$R$3:$X$9,2,FALSE) -> #N/A | T23: =VLOOKUP($B23,$R$3:$X$9,3,FALSE) -> #N/A | U23: =VLOOKUP($B23,$R$3:$X$9,4,FALSE) -> #N/A | V23: =VLOOKUP($B23,$R$3:$X$9,5,FALSE) -> #N/A | W23: =VLOOKUP($B23,$R$3:$X$9,6,FALSE) -> #N/A | X23: =VLOOKUP($B23,$R$3:$X$9,7,FALSE) -> #N/A | Y23: =VLOOKUP($B23,$R$3:$Z$9,8,FALSE) -> #N/A | Z23: =VLOOKUP($B23,$R$3:$Z$9,9,FALSE) -> #N/A
R24: =B24 -> 0 | S24: =VLOOKUP($B24,$R$3:$X$9,2,FALSE) -> #N/A | T24: =VLOOKUP($B24,$R$3:$X$9,3,FALSE) -> #N/A | U24: =VLOOKUP($B24,$R$3:$X$9,4,FALSE) -> #N/A | V24: =VLOOKUP($B24,$R$3:$X$9,5,FALSE) -> #N/A | W24: =VLOOKUP($B24,$R$3:$X$9,6,FALSE) -> #N/A | X24: =VLOOKUP($B24,$R$3:$X$9,7,FALSE) -> #N/A | Y24: =VLOOKUP($B24,$R$3:$Z$9,8,FALSE) -> #N/A | Z24: =VLOOKUP($B24,$R$3:$Z$9,9,FALSE) -> #N/A
R25: =B25 -> 0 | S25: =VLOOKUP($B25,$R$3:$X$9,2,FALSE) -> #N/A | T25: =VLOOKUP($B25,$R$3:$X$9,3,FALSE) -> #N/A | U25: =VLOOKUP($B25,$R$3:$X$9,4,FALSE) -> #N/A | V25: =VLOOKUP($B25,$R$3:$X$9,5,FALSE) -> #N/A | W25: =VLOOKUP($B25,$R$3:$X$9,6,FALSE) -> #N/A | X25: =VLOOKUP($B25,$R$3:$X$9,7,FALSE) -> #N/A | Y25: =VLOOKUP($B25,$R$3:$Z$9,8,FALSE) -> #N/A | Z25: =VLOOKUP($B25,$R$3:$Z$9,9,FALSE) -> #N/A
R26: =B26 -> 0 | S26: =VLOOKUP($B26,$R$3:$X$9,2,FALSE) -> #N/A | T26: =VLOOKUP($B26,$R$3:$X$9,3,FALSE) -> #N/A | U26: =VLOOKUP($B26,$R$3:$X$9,4,FALSE) -> #N/A | V26: =VLOOKUP($B26,$R$3:$X$9,5,FALSE) -> #N/A | W26: =VLOOKUP($B26,$R$3:$X$9,6,FALSE) -> #N/A | X26: =VLOOKUP($B26,$R$3:$X$9,7,FALSE) -> #N/A | Y26: =VLOOKUP($B26,$R$3:$Z$9,8,FALSE) -> #N/A | Z26: =VLOOKUP($B26,$R$3:$Z$9,9,FALSE) -> #N/A
R27: =B27 -> 0 | S27: =VLOOKUP($B27,$R$3:$X$9,2,FALSE) -> #N/A | T27: =VLOOKUP($B27,$R$3:$X$9,3,FALSE) -> #N/A | U27: =VLOOKUP($B27,$R$3:$X$9,4,FALSE) -> #N/A | V27: =VLOOKUP($B27,$R$3:$X$9,5,FALSE) -> #N/A | W27: =VLOOKUP($B27,$R$3:$X$9,6,FALSE) -> #N/A | X27: =VLOOKUP($B27,$R$3:$X$9,7,FALSE) -> #N/A | Y27: =VLOOKUP($B27,$R$3:$Z$9,8,FALSE) -> #N/A | Z27: =VLOOKUP($B27,$R$3:$Z$9,9,FALSE) -> #N/A
R28: =B28 -> 0 | S28: =VLOOKUP($B28,$R$3:$X$9,2,FALSE) -> #N/A | T28: =VLOOKUP($B28,$R$3:$X$9,3,FALSE) -> #N/A | U28: =VLOOKUP($B28,$R$3:$X$9,4,FALSE) -> #N/A | V28: =VLOOKUP($B28,$R$3:$X$9,5,FALSE) -> #N/A | W28: =VLOOKUP($B28,$R$3:$X$9,6,FALSE) -> #N/A | X28: =VLOOKUP($B28,$R$3:$X$9,7,FALSE) -> #N/A | Y28: =VLOOKUP($B28,$R$3:$Z$9,8,FALSE) -> #N/A | Z28: =VLOOKUP($B28,$R$3:$Z$9,9,FALSE) -> #N/A
B29: BRAND | D29: BBT P.G./ O.G | I29: Brand | J29: Actual | K29: MTD No. of Brews | L29: MTD | M29: YTD | N29: Target | R29: =B29 -> BRAND | S29: =VLOOKUP($B29,$R$3:$X$9,2,FALSE) -> #N/A | T29: =VLOOKUP($B29,$R$3:$X$9,3,FALSE) -> #N/A | U29: =VLOOKUP($B29,$R$3:$X$9,4,FALSE) -> #N/A | V29: =VLOOKUP($B29,$R$3:$X$9,5,FALSE) -> #N/A | W29: =VLOOKUP($B29,$R$3:$X$9,6,FALSE) -> #N/A | X29: =VLOOKUP($B29,$R$3:$X$9,7,FALSE) -> #N/A | Y29: =VLOOKUP($B29,$R$3:$Z$9,8,FALSE) -> #N/A | Z29: =VLOOKUP($B29,$R$3:$Z$9,9,FALSE) -> #N/A
B30: =I31 -> STAG | C30: {=[23]Process!$D$381:$D$384} -> 11.8 | D30: 11.88 | I30: CARIB | J30: =AVERAGE(I10:I19) -> 97.486104 | K30: =COUNTA([22]Brewhouse!$A$823:$A$848) -> 26 | L30: =AVERAGE([22]Brewhouse!$AU$823:$AU$848) -> 97.444552 | M30: =AVERAGE([22]Brewhouse!$AU$102:$AU$171,[22]Brewhouse!$AU$173:$AU$253,[22]Brewhouse!$AU$255:$AU$339,[22]Brewhouse!$AU$341:$AU$346,[22]Brewhouse!$AU$348,[22]Brewhouse!$AU$349:$AU$406,[22]Brewhouse!$AU$408:$AU$491,[22]Brewhouse!$AU$493:$AU$578,[22]Brewhouse!$AU$580:$AU$652,[22]Brewhouse!$AU$655:$AU$738,[22]Brewhouse!$A$740:$A$821,[22]Brewhouse!$AU$823:$AU$848) -> 97.696818 | N30: 98 | R30: =B30 -> STAG | S30: =VLOOKUP($B30,$R$3:$X$9,2,FALSE) -> 11.6 | T30: =VLOOKUP($B30,$R$3:$X$9,3,FALSE) -> 12 | U30: =VLOOKUP($B30,$R$3:$X$9,4,FALSE) -> 0 | V30: =VLOOKUP($B30,$R$3:$X$9,5,FALSE) -> 0.11805556 | W30: =VLOOKUP($B30,$R$3:$X$9,6,FALSE) -> 0.22569444 | X30: =VLOOKUP($B30,$R$3:$X$9,7,FALSE) -> 0.26388889 | Y30: =VLOOKUP($B30,$R$3:$Z$9,8,FALSE) -> 0 | Z30: =VLOOKUP($B30,$R$3:$Z$9,9,FALSE) -> 60
C31: 11.6 | I31: STAG | K31: =COUNTA([23]Brewhouse!$A$399:$A$407) -> 9 | L31: =AVERAGE([23]Brewhouse!$AS$399:$AS$407) -> 97.351081 | M31: =AVERAGE([23]Brewhouse!$AS$15:$AS$64,[23]Brewhouse!$AS$66:$AS$103,[23]Brewhouse!$AS$105:$AS$140,[23]Brewhouse!$AS$142:$AS$193,[23]Brewhouse!$AS$195:$AS$240,[23]Brewhouse!$AS$242:$AS$273,[23]Brewhouse!$AS$275:$AS$322,[23]Brewhouse!$AS$324:$AS$359,[23]Brewhouse!$AS$361:$AS$397,[23]Brewhouse!$AS$399:$AS$407) -> 97.981227 | N31: 98 | R31: =B31 -> 0 | S31: =VLOOKUP($B31,$R$3:$X$9,2,FALSE) -> #N/A | T31: =VLOOKUP($B31,$R$3:$X$9,3,FALSE) -> #N/A | U31: =VLOOKUP($B31,$R$3:$X$9,4,FALSE) -> #N/A | V31: =VLOOKUP($B31,$R$3:$X$9,5,FALSE) -> #N/A | W31: =VLOOKUP($B31,$R$3:$X$9,6,FALSE) -> #N/A | X31: =VLOOKUP($B31,$R$3:$X$9,7,FALSE) -> #N/A | Y31: =VLOOKUP($B31,$R$3:$Z$9,8,FALSE) -> #N/A | Z31: =VLOOKUP($B31,$R$3:$Z$9,9,FALSE) -> #N/A
C32: 11.8 | D32: 11.8 | I32: GUINNESS | M32: =AVERAGE([24]Brewhouse!$AU$4:$AU$7,[24]Brewhouse!$AU$9:$AU$22,[24]Brewhouse!$AU$24:$AU$35,[24]Brewhouse!$AU$37:$AU$45,[24]Brewhouse!$AU$47:$AU$62,[24]Brewhouse!$AU$64:$AU$79,[24]Brewhouse!$AU$81:$AU$92,[24]Brewhouse!$AU$94:$AU$97) -> 96.8166 | N32: 98 | R32: =B32 -> 0 | S32: =VLOOKUP($B32,$R$3:$X$9,2,FALSE) -> #N/A | T32: =VLOOKUP($B32,$R$3:$X$9,3,FALSE) -> #N/A | U32: =VLOOKUP($B32,$R$3:$X$9,4,FALSE) -> #N/A | V32: =VLOOKUP($B32,$R$3:$X$9,5,FALSE) -> #N/A | W32: =VLOOKUP($B32,$R$3:$X$9,6,FALSE) -> #N/A | X32: =VLOOKUP($B32,$R$3:$X$9,7,FALSE) -> #N/A | Y32: =VLOOKUP($B32,$R$3:$Z$9,8,FALSE) -> #N/A | Z32: =VLOOKUP($B32,$R$3:$Z$9,9,FALSE) -> #N/A
C33: 11.7 | I33: VITAMALT | M33: =AVERAGE([25]Brewhouse!$AV$5:$AV$14,[25]Brewhouse!$AV$16:$AV$19,[25]Brewhouse!$AV$21:$AV$24,[25]Brewhouse!$AV$26:$AV$33,[25]Brewhouse!$AV$35:$AV$46,[25]Brewhouse!$AV$48:$AV$53,[25]Brewhouse!$AV$55:$AV$62,[25]Brewhouse!$AV$64:$AV$77,[25]Brewhouse!$AV$79:$AV$86) -> 98.293408 | N33: 98 | R33: =B33 -> 0 | S33: =VLOOKUP($B33,$R$3:$X$9,2,FALSE) -> #N/A | T33: =VLOOKUP($B33,$R$3:$X$9,3,FALSE) -> #N/A | U33: =VLOOKUP($B33,$R$3:$X$9,4,FALSE) -> #N/A | V33: =VLOOKUP($B33,$R$3:$X$9,5,FALSE) -> #N/A | W33: =VLOOKUP($B33,$R$3:$X$9,6,FALSE) -> #N/A | X33: =VLOOKUP($B33,$R$3:$X$9,7,FALSE) -> #N/A | Y33: =VLOOKUP($B33,$R$3:$Z$9,8,FALSE) -> #N/A | Z33: =VLOOKUP($B33,$R$3:$Z$9,9,FALSE) -> #N/A
I34: MAXIMALT | N34: 98 | R34: =B34 -> 0 | S34: =VLOOKUP($B34,$R$3:$X$9,2,FALSE) -> #N/A | T34: =VLOOKUP($B34,$R$3:$X$9,3,FALSE) -> #N/A | U34: =VLOOKUP($B34,$R$3:$X$9,4,FALSE) -> #N/A | V34: =VLOOKUP($B34,$R$3:$X$9,5,FALSE) -> #N/A | W34: =VLOOKUP($B34,$R$3:$X$9,6,FALSE) -> #N/A | X34: =VLOOKUP($B34,$R$3:$X$9,7,FALSE) -> #N/A | Y34: =VLOOKUP($B34,$R$3:$Z$9,8,FALSE) -> #N/A | Z34: =VLOOKUP($B34,$R$3:$Z$9,9,FALSE) -> #N/A
I35: MACKESON | M35: =AVERAGE([26]Brewhouse!$AT$4:$AT$11,[26]Brewhouse!$AT$13:$AT$16,[26]Brewhouse!$AT$18:$AT$21,[26]Brewhouse!$AT$26,[26]Brewhouse!$AT$28:$AT$35) -> 94.794664 | N35: 98 | R35: =B35 -> 0 | S35: =VLOOKUP($B35,$R$3:$X$9,2,FALSE) -> #N/A | T35: =VLOOKUP($B35,$R$3:$X$9,3,FALSE) -> #N/A | U35: =VLOOKUP($B35,$R$3:$X$9,4,FALSE) -> #N/A | V35: =VLOOKUP($B35,$R$3:$X$9,5,FALSE) -> #N/A | W35: =VLOOKUP($B35,$R$3:$X$9,6,FALSE) -> #N/A | X35: =VLOOKUP($B35,$R$3:$X$9,7,FALSE) -> #N/A | Y35: =VLOOKUP($B35,$R$3:$Z$9,8,FALSE) -> #N/A | Z35: =VLOOKUP($B35,$R$3:$Z$9,9,FALSE) -> #N/A
I36: STARMALT | M36: =AVERAGE([27]Brewhouse!$AY$6:$AY$13,[27]Brewhouse!$AY$15:$AY$20,[27]Brewhouse!$AY$22:$AY$29,[27]Brewhouse!$AY$31:$AY$34,[27]Brewhouse!$AY$36:$AY$43,[27]Brewhouse!$AY$45:$AY$50, [27]Brewhouse!$AY$56:$AY$73,[27]Brewhouse!$AY$75:$AY$92) -> 97.477741 | N36: 98 | R36: =B36 -> 0 | S36: =VLOOKUP($B36,$R$3:$X$9,2,FALSE) -> #N/A | T36: =VLOOKUP($B36,$R$3:$X$9,3,FALSE) -> #N/A | U36: =VLOOKUP($B36,$R$3:$X$9,4,FALSE) -> #N/A | V36: =VLOOKUP($B36,$R$3:$X$9,5,FALSE) -> #N/A | W36: =VLOOKUP($B36,$R$3:$X$9,6,FALSE) -> #N/A | X36: =VLOOKUP($B36,$R$3:$X$9,7,FALSE) -> #N/A | Y36: =VLOOKUP($B36,$R$3:$Z$9,8,FALSE) -> #N/A | Z36: =VLOOKUP($B36,$R$3:$Z$9,9,FALSE) -> #N/A
I37: HR- Pils | M37: =AVERAGE([28]Brewhouse!$AU$5:$AU$8,[28]Brewhouse!$AU$10:$AU$13,[27]Brewhouse!$AY$75:$AY$77) -> 94.749192 | N37: 98 | R37: =B37 -> 0 | S37: =VLOOKUP($B37,$R$3:$X$9,2,FALSE) -> #N/A | T37: =VLOOKUP($B37,$R$3:$X$9,3,FALSE) -> #N/A | U37: =VLOOKUP($B37,$R$3:$X$9,4,FALSE) -> #N/A | V37: =VLOOKUP($B37,$R$3:$X$9,5,FALSE) -> #N/A | W37: =VLOOKUP($B37,$R$3:$X$9,6,FALSE) -> #N/A | X37: =VLOOKUP($B37,$R$3:$X$9,7,FALSE) -> #N/A | Y37: =VLOOKUP($B37,$R$3:$Z$9,8,FALSE) -> #N/A | Z37: =VLOOKUP($B37,$R$3:$Z$9,9,FALSE) -> #N/A
I38: HR- IPA | M38: =AVERAGE([29]Brewhouse!$AW$26:$AW$27) -> 95.310681 | N38: 98 | R38: =B38 -> 0 | S38: =VLOOKUP($B38,$R$3:$X$9,2,FALSE) -> #N/A | T38: =VLOOKUP($B38,$R$3:$X$9,3,FALSE) -> #N/A | U38: =VLOOKUP($B38,$R$3:$X$9,4,FALSE) -> #N/A | V38: =VLOOKUP($B38,$R$3:$X$9,5,FALSE) -> #N/A | W38: =VLOOKUP($B38,$R$3:$X$9,6,FALSE) -> #N/A | X38: =VLOOKUP($B38,$R$3:$X$9,7,FALSE) -> #N/A | Y38: =VLOOKUP($B38,$R$3:$Z$9,8,FALSE) -> #N/A | Z38: =VLOOKUP($B38,$R$3:$Z$9,9,FALSE) -> #N/A
I39: HR- APA | M39: =AVERAGE([30]Brewhouse!$AU$13:$AU$14) -> 97.110575 | N39: 98 | R39: =B39 -> 0 | S39: =VLOOKUP($B39,$R$3:$X$9,2,FALSE) -> #N/A | T39: =VLOOKUP($B39,$R$3:$X$9,3,FALSE) -> #N/A | U39: =VLOOKUP($B39,$R$3:$X$9,4,FALSE) -> #N/A | V39: =VLOOKUP($B39,$R$3:$X$9,5,FALSE) -> #N/A | W39: =VLOOKUP($B39,$R$3:$X$9,6,FALSE) -> #N/A | X39: =VLOOKUP($B39,$R$3:$X$9,7,FALSE) -> #N/A | Y39: =VLOOKUP($B39,$R$3:$Z$9,8,FALSE) -> #N/A | Z39: =VLOOKUP($B39,$R$3:$Z$9,9,FALSE) -> #N/A
K40: =SUM(K30:K39) -> 35 | L40: =((L30*K30)+(L31*K31)+(L32*K32)+(L33*K33)+(L34*K34)+(K37*L37)+(L35*K35)+(L36*K36)+(L39*K39))/(K40) -> 97.420517 | M40: =AVERAGE('[31]Jan 31st'!$L$65,'[32]Feb 28th'!$L$35,'[33]Mar. 31st'!$L$35,'[34]Apr. 30th'!$L$45,'[35]May 30th'!$L$37,'[36]June 30th'!$L$57,'[37]July 29th '!$L$44,'[38]Aug 29th'!$L$29,'[39]Sept 30th'!$L$35,L40) -> 97.560002 | N40: 98 | R40: =B40 -> 0 | S40: =VLOOKUP($B40,$R$3:$X$9,2,FALSE) -> #N/A | T40: =VLOOKUP($B40,$R$3:$X$9,3,FALSE) -> #N/A | U40: =VLOOKUP($B40,$R$3:$X$9,4,FALSE) -> #N/A | V40: =VLOOKUP($B40,$R$3:$X$9,5,FALSE) -> #N/A | W40: =VLOOKUP($B40,$R$3:$X$9,6,FALSE) -> #N/A | X40: =VLOOKUP($B40,$R$3:$X$9,7,FALSE) -> #N/A | Y40: =VLOOKUP($B40,$R$3:$Z$9,8,FALSE) -> #N/A | Z40: =VLOOKUP($B40,$R$3:$Z$9,9,FALSE) -> #N/A
R41: =B41 -> 0 | S41: =VLOOKUP($B41,$R$3:$X$9,2,FALSE) -> #N/A | T41: =VLOOKUP($B41,$R$3:$X$9,3,FALSE) -> #N/A | U41: =VLOOKUP($B41,$R$3:$X$9,4,FALSE) -> #N/A | V41: =VLOOKUP($B41,$R$3:$X$9,5,FALSE) -> #N/A | W41: =VLOOKUP($B41,$R$3:$X$9,6,FALSE) -> #N/A | X41: =VLOOKUP($B41,$R$3:$X$9,7,FALSE) -> #N/A | Y41: =VLOOKUP($B41,$R$3:$Z$9,8,FALSE) -> #N/A | Z41: =VLOOKUP($B41,$R$3:$Z$9,9,FALSE) -> #N/A
B42: =I30 -> CARIB | C42: =[22]Process!D770 -> 11.7 | D42: 12.04 | J42: Daily Brewing Plan
C43: =[22]Process!D771 -> 11.8 | J43: Brand | K43: Brews Achieved | L43: Average Brews per day
C44: =[22]Process!D772 -> 11.7 | D44: 11.86 | J44: CARIB | K44: 10 | L44: MTD | M44: YTD | N44: TARGET
C45: =[22]Process!D773 -> 11.7 | J45: STAG | L45: =AVERAGE('Oct. 1st'!K49,,'Oct. 2nd'!K51,'Oct. 3rd'!K46,K54) -> 7 | M45: =AVERAGE('[31]Jan 29th '!$M$70,'[32]Feb 28th'!$L$40,'[33]Mar. 31st'!$L$40,'[34]Apr. 30th'!$L$50,'[35]May 30th'!$L$42,'[36]June 30th'!$L$62,'[37]July 29th '!$L$49,'[38]Aug 29th'!$L$34,'[39]Sept 30th'!$L$40,L45) -> 7.0061278 | N45: 9.2
J46: GUINN
J47: VITAMALT
J48: STARMALT
J49: MACKESON
J50: HURRICANE REEF- IPA
J51: HURRICANE REEF- APA
B52: AVERAGE | D52: =AVERAGE(D30:E51) -> 11.895 | J52: HR- PILSNER
J53: CARIBE
J54: Total | K54: =SUM(K44:K53) -> 10
B55: Process: | C55: Fermentation/Filtration
B57: Brand | C57: Filt. Date | D57: FV Hls | E57: GFE/ Prim/ Vita Blend (Hls) | F57: SV Hls | G57: BBT Hls | H57: Loss (%) Ferm | I57: Loss (%) Filt | J57: Comments | K57: Throughput | L57: Process Loss (%) | M57: Filt. Operator
AB58: 43474 | AC58: 43475 | AD58: 43476 | AE58: 43477 | AF58: 43478 | AG58: 43479 | AH58: 43480 | AI58: 43481 | AJ58: 43482 | AK58: 43483 | AL58: 43484 | AM58: 43485 | AN58: 43486 | AO58: 43487 | AP58: 43488 | AQ58: 43489 | AR58: 43490 | AS58: 43491 | AT58: 43492 | AU58: 43493 | AV58: 43494 | AW58: 43495 | AX58: 43496
B59: =B69 -> STAG | C59: 45936 | D59: =[40]October_2025!$I$13 -> 203.8 | F59: =SUM([42]STAG!$L$16:$L$19) -> 199.8 | G59: =[40]October_2025!$I$17 -> 192.8 | H59: =(D59-F59)/D59*100 -> 1.9627085 | I59: =((F59+E59)-G59)/(F59+E59)*100 -> 3.5035035 | J59: NO SBF | K59: =[41]October_2025!$I$25 -> 0.65210526 | L59: =(((D59+E59)-G59)/(D59+E59))*100 -> 5.3974485 | M59: K. Neptune | AB59: =[20]January_2019!L7 -> 285.8 | AC59: =[20]January_2019!M7 -> 508.1 | AD59: =[20]January_2019!N7 -> 0 | AE59: =[20]January_2019!O7 -> 0 | AF59: =[20]January_2019!P7 -> 109.56667 | AG59: =[20]January_2019!Q7 -> 297.65 | AH59: =[20]January_2019!R7 -> 122.3 | AI59: =[20]January_2019!S7 -> 0 | ... AX59: =[20]January_2019!AH7 -> 0
B61: =B68 -> CARIB | C61: 45936 | D61: =[40]October_2025!$I$3 -> 192.6 | G61: =[40]October_2025!$I$7 -> 178.9 | J61: 1 SBF | K61: =[41]October_2025!$I$18 -> 1.3042105 | L61: =(((D61+E61)-G61)/(D61+E61))*100 -> 7.113188 | M61: =M59 -> K. Neptune
L63: =(((D63+E63)-G63)/(D63+E63))*100 -> #DIV/0!
B66: Process Loss (Volume) | G66: Process Loss (Extract) | K66: Throughput
B67: Brand | C67: Actual | D67: MTD | E67: YTD | F67: Target | G67: Actual | H67: MTD | I67: YTD | J67: Target | K67: Actual | L67: MTD | M67: YTD | N67: Target
B68: CARIB | C68: =L61 -> 7.113188 | D68: 5.9331893 | E68: 6.3418902 | F68: 4.8 | G68: =[40]October_2025!$I$11 -> 5.2948491 | H68: 5.0019882 | I68: 6.2185222 | J68: 4.8 | K68: =K61 -> 1.3042105 | L68: 0.49153592 | M68: 0.76136175 | N68: 1
B69: STAG | C69: =L59 -> 5.3974485 | D69: 4.9899914 | E69: 5.898691 | F69: 4.8 | G69: =[40]October_2025!$I$21 -> 4.3943219 | H69: 4.1514556 | I69: 5.5953406 | J69: 4.8 | K69: =K59 -> 0.65210526 | L69: 0.76762435 | M69: 0.71798544 | N69: 1
B70: GUINN | E70: 11.810347 | F70: 5.5 | I70: 12.740878 | J70: 5.5 | M70: 0.53494558 | N70: 1
B71: VITAMALT | E71: 5.1192333 | F71: 3.3 | I71: 4.4772095 | J71: 3.3 | M71: 0.8002595 | N71: 1
B72: APA | E72: 7.8373016 | F72: 3.3 | I72: 5.3377569 | J72: 3 | M72: 0.32596491 | N72: 1
B73: MACKESON | E73: 7.3129862 | F73: =[21]May_2022!$M$43 -> 3.4878407 | I73: 8.6614709 | J73: 5.5 | M73: 0.73160819 | N73: 1
B74: STARMALT | D74: 2.0782987 | E74: 2.8629318 | F74: 3.3 | H74: 3.455985 | I74: 4.347882 | J74: 3.3 | L74: 0.88859649 | M74: 0.85935681 | N74: 1
B75: IPA | E75: 11.483254 | F75: 7.5 | I75: 9.7934336 | J75: 7.5 | M75: 0.3245614 | N75: 1
B76: HURRICANE REEF PILS | E76: 7.2653645 | F76: 4.8 | I76: 8.1715311 | J76: 4.8 | M76: 0.51368421 | N76: 1
D77: 4.4738362 | E77: 6.3361573 | F77: 5.5 | H77: 4.0911907 | I77: 6.499455 | J77: 5.5 | L77: 0.65480702 | M77: 0.72948681 | N77: 1

Sheet Oct.7th
S1: P.G. | U1: Hot Time | W1: Process Time | Y1: Cooling Time
B2: Brewing Department Daily Process Loss Report | S2: Lower | T2: Upper | U2: Lower | V2: Upper | W2: Lower | X2: Upper | Y2: Lower | Z2: Upper
R3: CARIB | S3: 11.6 | T3: 12 | U3: 0 | V3: 0.11805556 | W3: 0.22569444 | X3: 0.26388889 | Y3: 0 | Z3: 60 | AB3: HR- PISNER
B4: Date: | C4: 45938 | J4: LOT WORT COLOUR: 3.3 | M4: Filter Sheets (Target 20 days) | R4: STAG | S4: 11.6 | T4: 12 | U4: 0 | V4: 0.11805556 | W4: 0.22569444 | X4: 0.26388889 | Y4: 0 | Z4: 60
M5: Double | N5: Single | R5: GUINNESS | S5: 17 | T5: 17.5 | U5: 0 | V5: 0.10763889 | W5: 0.24652778 | X5: 0.28472222 | Y5: 0 | Z5: 60
J6: MALT LOT: Lot #3 | L6: Sheet Day | R6: MACKESON | S6: 13.3 | T6: 13.5 | U6: 0 | V6: 0.12905093 | W6: 0.27430556 | X6: 0.30208333 | Y6: 0
R7: STARMALT | S7: 17 | T7: 17.4 | U7: 0 | V7: 0.13605324 | W7: 0.27430556 | X7: 0.30902778 | Y7: 0 | Z7: 85
B8: Brand | C8: Brew no. | D8: Kett. Hls | E8: Wort | F8: Cool Time(Mins) | G8: Cast. P.G. (Lab Result) | H8: Cast P.G. (Cellar Operator)-gravity | I8: Extr. Rec (77.9%) | J8: Theor. Extr. (77.5%) | K8: Boil Off /Vol. (4-6%) | L8: Boil Time | M8: Total Hot | N8: Brewing | O8: Operator | R8: Hurricane Reef | S8: 16.6 | T8: 17 | U8: 0 | V8: 0.12905093 | W8: 0.27430556 | X8: 0.30208333 | Y8: 0
E9: Meter (Hls) | F9: Target(< 60Mins) | M9: Time | R9: VITAMALT | S9: 14.2 | T9: 14.6 | U9: 0 | V9: 0.13905093 | W9: 0.26041667 | X9: 0.29513889 | Y9: 0 | Z9: 75
B10: CARIB | C10: =[22]Brewhouse!$A849 -> CA739 | D10: =[22]Brewhouse!$AF849 -> 48.3 | E10: =[22]Brewhouse!$AI849 -> 47.8 | F10: =[22]Brewhouse!$V849 -> 60 | G10: =[22]Brewhouse!AG849 -> 11.9 | H10: 11.9 | I10: =[22]Brewhouse!$AU849 -> 93.421221 | J10: =[22]Brewhouse!$AV849 -> 95.309618 | K10: =[22]Brewhouse!$Q849 -> 10.39548 | L10: =[22]Brewhouse!$P849 -> 62 | M10: =[22]Brewhouse!$U849-[22]Brewhouse!$T849 -> 0.11041667 | N10: =[22]Brewhouse!$Z849 -> 0.2375 | O10: =[22]Brewhouse!$AX849 -> K.Benjamin | R10: =B10 -> CARIB | S10: =VLOOKUP($B10,$R$3:$X$9,2,FALSE) -> 11.6 | T10: =VLOOKUP($B10,$R$3:$X$9,3,FALSE) -> 12 | U10: =VLOOKUP($B10,$R$3:$X$9,4,FALSE) -> 0 | V10: =VLOOKUP($B10,$R$3:$X$9,5,FALSE) -> 0.11805556 | W10: =VLOOKUP($B10,$R$3:$X$9,6,FALSE) -> 0.22569444 | X10: =VLOOKUP($B10,$R$3:$X$9,7,FALSE) -> 0.26388889 | Y10: =VLOOKUP($B10,$R$3:$Z$9,8,FALSE) -> 0 | Z10: =VLOOKUP($B10,$R$3:$Z$9,9,FALSE) -> 60
B11: CARIB | C11: =[22]Brewhouse!$A850 -> CA740 | D11: =[22]Brewhouse!$AF850 -> 52.2 | E11: =[22]Brewhouse!$AI850 -> 51.8 | F11: =[22]Brewhouse!$V850 -> 60 | G11: =[22]Brewhouse!AG850 -> 11.6 | H11: 11.6 | I11: =[22]Brewhouse!$AU850 -> 98.678095 | J11: =[22]Brewhouse!$AV850 -> 100.67259 | K11: =[22]Brewhouse!$Q850 -> 4.7457627 | L11: =[22]Brewhouse!$P850 -> 57 | M11: =[22]Brewhouse!$U850-[22]Brewhouse!$T850 -> 0.10902778 | N11: =[22]Brewhouse!$Z850 -> 0.24722222 | O11: =[22]Brewhouse!$AX850 -> R.Sookram | R11: =B11 -> CARIB | S11: =VLOOKUP($B11,$R$3:$X$9,2,FALSE) -> 11.6 | T11: =VLOOKUP($B11,$R$3:$X$9,3,FALSE) -> 12 | U11: =VLOOKUP($B11,$R$3:$X$9,4,FALSE) -> 0 | V11: =VLOOKUP($B11,$R$3:$X$9,5,FALSE) -> 0.11805556 | W11: =VLOOKUP($B11,$R$3:$X$9,6,FALSE) -> 0.22569444 | X11: =VLOOKUP($B11,$R$3:$X$9,7,FALSE) -> 0.26388889 | Y11: =VLOOKUP($B11,$R$3:$Z$9,8,FALSE) -> 0 | Z11: =VLOOKUP($B11,$R$3:$Z$9,9,FALSE) -> 60
B12: CARIB | C12: =[22]Brewhouse!$A851 -> CA741 | D12: =[22]Brewhouse!$AF851 -> 52 | E12: =[22]Brewhouse!$AI851 -> 50.4 | F12: =[22]Brewhouse!$V851 -> 62 | G12: =[22]Brewhouse!AG851 -> 11.6 | H12: 11.9 | I12: =[22]Brewhouse!$AU851 -> 95.654035 | J12: =[22]Brewhouse!$AV851 -> 97.58788 | K12: =[22]Brewhouse!$Q851 -> 4.180791 | L12: =[22]Brewhouse!$P851 -> 51 | M12: =[22]Brewhouse!$U851-[22]Brewhouse!$T851 -> 0.10763889 | N12: =[22]Brewhouse!$Z851 -> 0.25486111 | O12: =[22]Brewhouse!$AX851 -> R.Sookram | R12: =B12 -> CARIB | S12: =VLOOKUP($B12,$R$3:$X$9,2,FALSE) -> 11.6 | T12: =VLOOKUP($B12,$R$3:$X$9,3,FALSE) -> 12 | U12: =VLOOKUP($B12,$R$3:$X$9,4,FALSE) -> 0 | V12: =VLOOKUP($B12,$R$3:$X$9,5,FALSE) -> 0.11805556 | W12: =VLOOKUP($B12,$R$3:$X$9,6,FALSE) -> 0.22569444 | X12: =VLOOKUP($B12,$R$3:$X$9,7,FALSE) -> 0.26388889 | Y12: =VLOOKUP($B12,$R$3:$Z$9,8,FALSE) -> 0 | Z12: =VLOOKUP($B12,$R$3:$Z$9,9,FALSE) -> 60
B13: CARIB | C13: =[22]Brewhouse!$A852 -> CA742 | D13: =[22]Brewhouse!$AF852 -> 52.2 | E13: =[22]Brewhouse!$AI852 -> 50.7 | F13: =[22]Brewhouse!$V852 -> 63 | G13: =[22]Brewhouse!AG852 -> 11.7 | I13: =[22]Brewhouse!$AU852 -> 97.338065 | J13: =[22]Brewhouse!$AV852 -> 99.305636 | K13: =[22]Brewhouse!$Q852 -> 3.0508475 | L13: =[22]Brewhouse!$P852 -> 59 | M13: =[22]Brewhouse!$U852-[22]Brewhouse!$T852 -> 0.10902778 | N13: =[22]Brewhouse!$Z852 -> 0.26180556 | O13: =[22]Brewhouse!$AX852 -> R.Sookram | R13: =B13 -> CARIB | S13: =VLOOKUP($B13,$R$3:$X$9,2,FALSE) -> 11.6 | T13: =VLOOKUP($B13,$R$3:$X$9,3,FALSE) -> 12 | U13: =VLOOKUP($B13,$R$3:$X$9,4,FALSE) -> 0 | V13: =VLOOKUP($B13,$R$3:$X$9,5,FALSE) -> 0.11805556 | W13: =VLOOKUP($B13,$R$3:$X$9,6,FALSE) -> 0.22569444 | X13: =VLOOKUP($B13,$R$3:$X$9,7,FALSE) -> 0.26388889 | Y13: =VLOOKUP($B13,$R$3:$Z$9,8,FALSE) -> 0 | Z13: =VLOOKUP($B13,$R$3:$Z$9,9,FALSE) -> 60
B14: CARIB | C14: =[22]Brewhouse!$A853 -> CA743 | D14: =[22]Brewhouse!$AF853 -> 57.3 | E14: =[22]Brewhouse!$AI853 -> 56.6 | F14: =[22]Brewhouse!$V853 -> 68 | G14: =[22]Brewhouse!AG853 -> 10.7 | I14: =[22]Brewhouse!$AU853 -> 99.103729 | J14: =[22]Brewhouse!$AV853 -> 101.10683 | K14: =[22]Brewhouse!$Q853 -> -1.4689266 | L14: =[22]Brewhouse!$P853 -> 60 | M14: =[22]Brewhouse!$U853-[22]Brewhouse!$T853 -> 0.11666667 | N14: =[22]Brewhouse!$Z853 -> 0.26805556 | O14: =[22]Brewhouse!$AX853 -> D. Gomez | R14: =B14 -> CARIB | S14: =VLOOKUP($B14,$R$3:$X$9,2,FALSE) -> 11.6 | T14: =VLOOKUP($B14,$R$3:$X$9,3,FALSE) -> 12 | U14: =VLOOKUP($B14,$R$3:$X$9,4,FALSE) -> 0 | V14: =VLOOKUP($B14,$R$3:$X$9,5,FALSE) -> 0.11805556 | W14: =VLOOKUP($B14,$R$3:$X$9,6,FALSE) -> 0.22569444 | X14: =VLOOKUP($B14,$R$3:$X$9,7,FALSE) -> 0.26388889 | Y14: =VLOOKUP($B14,$R$3:$Z$9,8,FALSE) -> 0 | Z14: =VLOOKUP($B14,$R$3:$Z$9,9,FALSE) -> 60
B15: CARIB | C15: =[22]Brewhouse!$A854 -> CA744 | D15: =[22]Brewhouse!$AF854 -> 52.1 | E15: =[22]Brewhouse!$AI854 -> 50.3 | F15: =[22]Brewhouse!$V854 -> 62 | G15: =[22]Brewhouse!AG854 -> 11.7 | I15: =[22]Brewhouse!$AU854 -> 96.570112 | J15: =[22]Brewhouse!$AV854 -> 98.52216 | K15: =[22]Brewhouse!$Q854 -> 3.0566038 | L15: =[22]Brewhouse!$P854 -> 60 | M15: =[22]Brewhouse!$U854-[22]Brewhouse!$T854 -> 0.12986111 | N15: =[22]Brewhouse!$Z854 -> 0.28680556 | O15: =[22]Brewhouse!$AX854 -> D. Gomez | P15: Extra boil (15mins) | R15: =B15 -> CARIB | S15: =VLOOKUP($B15,$R$3:$X$9,2,FALSE) -> 11.6 | T15: =VLOOKUP($B15,$R$3:$X$9,3,FALSE) -> 12 | U15: =VLOOKUP($B15,$R$3:$X$9,4,FALSE) -> 0 | V15: =VLOOKUP($B15,$R$3:$X$9,5,FALSE) -> 0.11805556 | W15: =VLOOKUP($B15,$R$3:$X$9,6,FALSE) -> 0.22569444 | X15: =VLOOKUP($B15,$R$3:$X$9,7,FALSE) -> 0.26388889 | Y15: =VLOOKUP($B15,$R$3:$Z$9,8,FALSE) -> 0 | Z15: =VLOOKUP($B15,$R$3:$Z$9,9,FALSE) -> 60
B16: CARIB | C16: =[22]Brewhouse!$A855 -> CA745 | D16: =[22]Brewhouse!$AF855 -> 50.7 | E16: =[22]Brewhouse!$AI855 -> 50 | F16: =[22]Brewhouse!$V855 -> 62 | G16: =[22]Brewhouse!AG855 -> 12.6 | H16: 12.5 | I16: =[22]Brewhouse!$AU855 -> 104.15306 | J16: =[22]Brewhouse!$AV855 -> 106.25787 | K16: =[22]Brewhouse!$Q855 -> 3.8846154 | L16: =[22]Brewhouse!$P855 -> 57 | M16: =[22]Brewhouse!$U855-[22]Brewhouse!$T855 -> 0.11597222 | N16: =[22]Brewhouse!$Z855 -> 0.29097222 | O16: =[22]Brewhouse!$AX855 -> D. Gomez | P16: Copper up in pre-run tank + extra boil | R16: =B16 -> CARIB | S16: =VLOOKUP($B16,$R$3:$X$9,2,FALSE) -> 11.6 | T16: =VLOOKUP($B16,$R$3:$X$9,3,FALSE) -> 12 | U16: =VLOOKUP($B16,$R$3:$X$9,4,FALSE) -> 0 | V16: =VLOOKUP($B16,$R$3:$X$9,5,FALSE) -> 0.11805556 | W16: =VLOOKUP($B16,$R$3:$X$9,6,FALSE) -> 0.22569444 | X16: =VLOOKUP($B16,$R$3:$X$9,7,FALSE) -> 0.26388889 | Y16: =VLOOKUP($B16,$R$3:$Z$9,8,FALSE) -> 0 | Z16: =VLOOKUP($B16,$R$3:$Z$9,9,FALSE) -> 60
B17: CARIB | C17: =[22]Brewhouse!$A856 -> CA746 | D17: =[22]Brewhouse!$AF856 -> 52.4 | E17: =[22]Brewhouse!$AI856 -> 50.8 | F17: =[22]Brewhouse!$V856 -> 66 | G17: =[22]Brewhouse!AG856 -> 11.8 | H17: 11.8 | I17: =[22]Brewhouse!$AU856 -> 98.652479 | J17: =[22]Brewhouse!$AV856 -> 100.64629 | K17: =[22]Brewhouse!$Q856 -> 0.61538462 | L17: =[22]Brewhouse!$P856 -> 60 | M17: =[22]Brewhouse!$U856-[22]Brewhouse!$T856 -> 0.10972222 | N17: =[22]Brewhouse!$Z856 -> 0.29791667 | O17: =[22]Brewhouse!$AX856 -> D. Gomez | P17: Copper up in pre-run tank | R17: =B17 -> CARIB | S17: =VLOOKUP($B17,$R$3:$X$9,2,FALSE) -> 11.6 | T17: =VLOOKUP($B17,$R$3:$X$9,3,FALSE) -> 12 | U17: =VLOOKUP($B17,$R$3:$X$9,4,FALSE) -> 0 | V17: =VLOOKUP($B17,$R$3:$X$9,5,FALSE) -> 0.11805556 | W17: =VLOOKUP($B17,$R$3:$X$9,6,FALSE) -> 0.22569444 | X17: =VLOOKUP($B17,$R$3:$X$9,7,FALSE) -> 0.26388889 | Y17: =VLOOKUP($B17,$R$3:$Z$9,8,FALSE) -> 0 | Z17: =VLOOKUP($B17,$R$3:$Z$9,9,FALSE) -> 60
R18: =B18 -> 0 | S18: =VLOOKUP($B18,$R$3:$X$9,2,FALSE) -> #N/A | T18: =VLOOKUP($B18,$R$3:$X$9,3,FALSE) -> #N/A | U18: =VLOOKUP($B18,$R$3:$X$9,4,FALSE) -> #N/A | V18: =VLOOKUP($B18,$R$3:$X$9,5,FALSE) -> #N/A | W18: =VLOOKUP($B18,$R$3:$X$9,6,FALSE) -> #N/A | X18: =VLOOKUP($B18,$R$3:$X$9,7,FALSE) -> #N/A | Y18: =VLOOKUP($B18,$R$3:$Z$9,8,FALSE) -> #N/A | Z18: =VLOOKUP($B18,$R$3:$Z$9,9,FALSE) -> #N/A
B19: STAG | C19: =[23]Brewhouse!$A408 -> ST385 | D19: =[23]Brewhouse!$AD408 -> 48.8 | E19: =[23]Brewhouse!$AG408 -> 48.7 | F19: =[23]Brewhouse!$V408 -> 62 | G19: =[23]Brewhouse!$AE408 -> 12 | H19: 12.1 | I19: =[23]Brewhouse!$AS408 -> 97.604361 | J19: =[23]Brewhouse!$AT408 -> 99.267758 | K19: =[23]Brewhouse!$Q408 -> 12.067308 | L19: =[23]Brewhouse!$P408 -> 60 | M19: =[23]Brewhouse!$U408-[23]Brewhouse!$T408 -> 0.11388889 | N19: =[23]Brewhouse!$AW408 -> 0.25069444 | O19: =[23]Brewhouse!$AV408 -> R. Regis | R19: =B19 -> STAG | S19: =VLOOKUP($B19,$R$3:$X$9,2,FALSE) -> 11.6 | T19: =VLOOKUP($B19,$R$3:$X$9,3,FALSE) -> 12 | U19: =VLOOKUP($B19,$R$3:$X$9,4,FALSE) -> 0 | V19: =VLOOKUP($B19,$R$3:$X$9,5,FALSE) -> 0.11805556 | W19: =VLOOKUP($B19,$R$3:$X$9,6,FALSE) -> 0.22569444 | X19: =VLOOKUP($B19,$R$3:$X$9,7,FALSE) -> 0.26388889 | Y19: =VLOOKUP($B19,$R$3:$Z$9,8,FALSE) -> 0 | Z19: =VLOOKUP($B19,$R$3:$Z$9,9,FALSE) -> 60
R20: =B20 -> 0 | S20: =VLOOKUP($B20,$R$3:$X$9,2,FALSE) -> #N/A | T20: =VLOOKUP($B20,$R$3:$X$9,3,FALSE) -> #N/A | U20: =VLOOKUP($B20,$R$3:$X$9,4,FALSE) -> #N/A | V20: =VLOOKUP($B20,$R$3:$X$9,5,FALSE) -> #N/A | W20: =VLOOKUP($B20,$R$3:$X$9,6,FALSE) -> #N/A | X20: =VLOOKUP($B20,$R$3:$X$9,7,FALSE) -> #N/A | Y20: =VLOOKUP($B20,$R$3:$Z$9,8,FALSE) -> #N/A | Z20: =VLOOKUP($B20,$R$3:$Z$9,9,FALSE) -> #N/A
R21: =B21 -> 0 | S21: =VLOOKUP($B21,$R$3:$X$9,2,FALSE) -> #N/A | T21: =VLOOKUP($B21,$R$3:$X$9,3,FALSE) -> #N/A | U21: =VLOOKUP($B21,$R$3:$X$9,4,FALSE) -> #N/A | V21: =VLOOKUP($B21,$R$3:$X$9,5,FALSE) -> #N/A | W21: =VLOOKUP($B21,$R$3:$X$9,6,FALSE) -> #N/A | X21: =VLOOKUP($B21,$R$3:$X$9,7,FALSE) -> #N/A | Y21: =VLOOKUP($B21,$R$3:$Z$9,8,FALSE) -> #N/A | Z21: =VLOOKUP($B21,$R$3:$Z$9,9,FALSE) -> #N/A
R22: =B22 -> 0 | S22: =VLOOKUP($B22,$R$3:$X$9,2,FALSE) -> #N/A | T22: =VLOOKUP($B22,$R$3:$X$9,3,FALSE) -> #N/A | U22: =VLOOKUP($B22,$R$3:$X$9,4,FALSE) -> #N/A | V22: =VLOOKUP($B22,$R$3:$X$9,5,FALSE) -> #N/A | W22: =VLOOKUP($B22,$R$3:$X$9,6,FALSE) -> #N/A | X22: =VLOOKUP($B22,$R$3:$X$9,7,FALSE) -> #N/A | Y22: =VLOOKUP($B22,$R$3:$Z$9,8,FALSE) -> #N/A | Z22: =VLOOKUP($B22,$R$3:$Z$9,9,FALSE) -> #N/A
R23: =B23 -> 0 | S23: =VLOOKUP($B23,$R$3:$X$9,2,FALSE) -> #N/A | T23: =VLOOKUP($B23,$R$3:$X$9,3,FALSE) -> #N/A | U23: =VLOOKUP($B23,$R$3:$X$9,4,FALSE) -> #N/A | V23: =VLOOKUP($B23,$R$3:$X$9,5,FALSE) -> #N/A | W23: =VLOOKUP($B23,$R$3:$X$9,6,FALSE) -> #N/A | X23: =VLOOKUP($B23,$R$3:$X$9,7,FALSE) -> #N/A | Y23: =VLOOKUP($B23,$R$3:$Z$9,8,FALSE) -> #N/A | Z23: =VLOOKUP($B23,$R$3:$Z$9,9,FALSE) -> #N/A
R24: =B24 -> 0 | S24: =VLOOKUP($B24,$R$3:$X$9,2,FALSE) -> #N/A | T24: =VLOOKUP($B24,$R$3:$X$9,3,FALSE) -> #N/A | U24: =VLOOKUP($B24,$R$3:$X$9,4,FALSE) -> #N/A | V24: =VLOOKUP($B24,$R$3:$X$9,5,FALSE) -> #N/A | W24: =VLOOKUP($B24,$R$3:$X$9,6,FALSE) -> #N/A | X24: =VLOOKUP($B24,$R$3:$X$9,7,FALSE) -> #N/A | Y24: =VLOOKUP($B24,$R$3:$Z$9,8,FALSE) -> #N/A | Z24: =VLOOKUP($B24,$R$3:$Z$9,9,FALSE) -> #N/A
B25: BRAND | D25: BBT P.G./ O.G | I25: Brand | J25: Actual | K25: MTD No. of Brews | L25: MTD | M25: YTD | N25: Target | R25: =B25 -> BRAND | S25: =VLOOKUP($B25,$R$3:$X$9,2,FALSE) -> #N/A | T25: =VLOOKUP($B25,$R$3:$X$9,3,FALSE) -> #N/A | U25: =VLOOKUP($B25,$R$3:$X$9,4,FALSE) -> #N/A | V25: =VLOOKUP($B25,$R$3:$X$9,5,FALSE) -> #N/A | W25: =VLOOKUP($B25,$R$3:$X$9,6,FALSE) -> #N/A | X25: =VLOOKUP($B25,$R$3:$X$9,7,FALSE) -> #N/A | Y25: =VLOOKUP($B25,$R$3:$Z$9,8,FALSE) -> #N/A | Z25: =VLOOKUP($B25,$R$3:$Z$9,9,FALSE) -> #N/A
B26: =I26 -> CARIB | C26: {=[22]Process!$D$774:$D$781} -> 11.6 | D26: 11.86 | I26: CARIB | J26: =AVERAGE(I10:I17) -> 97.946349 | K26: =COUNTA([22]Brewhouse!$A$823:$A$856) -> 34 | L26: =AVERAGE([22]Brewhouse!$AU$823:$AU$856) -> 97.562622 | M26: =AVERAGE([22]Brewhouse!$AU$102:$AU$171,[22]Brewhouse!$AU$173:$AU$253,[22]Brewhouse!$AU$255:$AU$339,[22]Brewhouse!$AU$341:$AU$346,[22]Brewhouse!$AU$348,[22]Brewhouse!$AU$349:$AU$406,[22]Brewhouse!$AU$408:$AU$491,[22]Brewhouse!$AU$493:$AU$578,[22]Brewhouse!$AU$580:$AU$652,[22]Brewhouse!$AU$655:$AU$738,[22]Brewhouse!$A$740:$A$821,[22]Brewhouse!$AU$823:$AU$856) -> 97.699833 | N26: 98 | R26: =B26 -> CARIB | S26: =VLOOKUP($B26,$R$3:$X$9,2,FALSE) -> 11.6 | T26: =VLOOKUP($B26,$R$3:$X$9,3,FALSE) -> 12 | U26: =VLOOKUP($B26,$R$3:$X$9,4,FALSE) -> 0 | V26: =VLOOKUP($B26,$R$3:$X$9,5,FALSE) -> 0.11805556 | W26: =VLOOKUP($B26,$R$3:$X$9,6,FALSE) -> 0.22569444 | X26: =VLOOKUP($B26,$R$3:$X$9,7,FALSE) -> 0.26388889 | Y26: =VLOOKUP($B26,$R$3:$Z$9,8,FALSE) -> 0 | Z26: =VLOOKUP($B26,$R$3:$Z$9,9,FALSE) -> 60
C27: 11.7 | I27: STAG | J27: =I19 -> 97.604361 | K27: =COUNTA([23]Brewhouse!$A$399:$A$408) -> 10 | L27: =AVERAGE([23]Brewhouse!$AS$399:$AS$408) -> 97.376409 | M27: =AVERAGE([23]Brewhouse!$AS$15:$AS$64,[23]Brewhouse!$AS$66:$AS$103,[23]Brewhouse!$AS$105:$AS$140,[23]Brewhouse!$AS$142:$AS$193,[23]Brewhouse!$AS$195:$AS$240,[23]Brewhouse!$AS$242:$AS$273,[23]Brewhouse!$AS$275:$AS$322,[23]Brewhouse!$AS$324:$AS$359,[23]Brewhouse!$AS$361:$AS$397,[23]Brewhouse!$AS$399:$AS$408) -> 97.980248 | N27: 98 | R27: =B27 -> 0 | S27: =VLOOKUP($B27,$R$3:$X$9,2,FALSE) -> #N/A | T27: =VLOOKUP($B27,$R$3:$X$9,3,FALSE) -> #N/A | U27: =VLOOKUP($B27,$R$3:$X$9,4,FALSE) -> #N/A | V27: =VLOOKUP($B27,$R$3:$X$9,5,FALSE) -> #N/A | W27: =VLOOKUP($B27,$R$3:$X$9,6,FALSE) -> #N/A | X27: =VLOOKUP($B27,$R$3:$X$9,7,FALSE) -> #N/A | Y27: =VLOOKUP($B27,$R$3:$Z$9,8,FALSE) -> #N/A | Z27: =VLOOKUP($B27,$R$3:$Z$9,9,FALSE) -> #N/A
C28: 11.8 | D28: 11.92 | I28: GUINNESS | M28: =AVERAGE([24]Brewhouse!$AU$4:$AU$7,[24]Brewhouse!$AU$9:$AU$22,[24]Brewhouse!$AU$24:$AU$35,[24]Brewhouse!$AU$37:$AU$45,[24]Brewhouse!$AU$47:$AU$62,[24]Brewhouse!$AU$64:$AU$79,[24]Brewhouse!$AU$81:$AU$92,[24]Brewhouse!$AU$94:$AU$97) -> 96.8166 | N28: 98 | R28: =B28 -> 0 | S28: =VLOOKUP($B28,$R$3:$X$9,2,FALSE) -> #N/A | T28: =VLOOKUP($B28,$R$3:$X$9,3,FALSE) -> #N/A | U28: =VLOOKUP($B28,$R$3:$X$9,4,FALSE) -> #N/A | V28: =VLOOKUP($B28,$R$3:$X$9,5,FALSE) -> #N/A | W28: =VLOOKUP($B28,$R$3:$X$9,6,FALSE) -> #N/A | X28: =VLOOKUP($B28,$R$3:$X$9,7,FALSE) -> #N/A | Y28: =VLOOKUP($B28,$R$3:$Z$9,8,FALSE) -> #N/A | Z28: =VLOOKUP($B28,$R$3:$Z$9,9,FALSE) -> #N/A
C29: 11.8 | I29: VITAMALT | M29: =AVERAGE([25]Brewhouse!$AV$5:$AV$14,[25]Brewhouse!$AV$16:$AV$19,[25]Brewhouse!$AV$21:$AV$24,[25]Brewhouse!$AV$26:$AV$33,[25]Brewhouse!$AV$35:$AV$46,[25]Brewhouse!$AV$48:$AV$53,[25]Brewhouse!$AV$55:$AV$62,[25]Brewhouse!$AV$64:$AV$77,[25]Brewhouse!$AV$79:$AV$86) -> 98.293408 | N29: 98 | R29: =B29 -> 0 | S29: =VLOOKUP($B29,$R$3:$X$9,2,FALSE) -> #N/A | T29: =VLOOKUP($B29,$R$3:$X$9,3,FALSE) -> #N/A | U29: =VLOOKUP($B29,$R$3:$X$9,4,FALSE) -> #N/A | V29: =VLOOKUP($B29,$R$3:$X$9,5,FALSE) -> #N/A | W29: =VLOOKUP($B29,$R$3:$X$9,6,FALSE) -> #N/A | X29: =VLOOKUP($B29,$R$3:$X$9,7,FALSE) -> #N/A | Y29: =VLOOKUP($B29,$R$3:$Z$9,8,FALSE) -> #N/A | Z29: =VLOOKUP($B29,$R$3:$Z$9,9,FALSE) -> #N/A
C30: 12 | D30: 11.93 | I30: MAXIMALT | N30: 98 | R30: =B30 -> 0 | S30: =VLOOKUP($B30,$R$3:$X$9,2,FALSE) -> #N/A | T30: =VLOOKUP($B30,$R$3:$X$9,3,FALSE) -> #N/A | U30: =VLOOKUP($B30,$R$3:$X$9,4,FALSE) -> #N/A | V30: =VLOOKUP($B30,$R$3:$X$9,5,FALSE) -> #N/A | W30: =VLOOKUP($B30,$R$3:$X$9,6,FALSE) -> #N/A | X30: =VLOOKUP($B30,$R$3:$X$9,7,FALSE) -> #N/A | Y30: =VLOOKUP($B30,$R$3:$Z$9,8,FALSE) -> #N/A | Z30: =VLOOKUP($B30,$R$3:$Z$9,9,FALSE) -> #N/A
C31: 11.7 | I31: MACKESON | M31: =AVERAGE([26]Brewhouse!$AT$4:$AT$11,[26]Brewhouse!$AT$13:$AT$16,[26]Brewhouse!$AT$18:$AT$21,[26]Brewhouse!$AT$26,[26]Brewhouse!$AT$28:$AT$35) -> 94.794664 | N31: 98 | R31: =B31 -> 0 | S31: =VLOOKUP($B31,$R$3:$X$9,2,FALSE) -> #N/A | T31: =VLOOKUP($B31,$R$3:$X$9,3,FALSE) -> #N/A | U31: =VLOOKUP($B31,$R$3:$X$9,4,FALSE) -> #N/A | V31: =VLOOKUP($B31,$R$3:$X$9,5,FALSE) -> #N/A | W31: =VLOOKUP($B31,$R$3:$X$9,6,FALSE) -> #N/A | X31: =VLOOKUP($B31,$R$3:$X$9,7,FALSE) -> #N/A | Y31: =VLOOKUP($B31,$R$3:$Z$9,8,FALSE) -> #N/A | Z31: =VLOOKUP($B31,$R$3:$Z$9,9,FALSE) -> #N/A
C32: 11.7 | D32: 11.94 | I32: STARMALT | M32: =AVERAGE([27]Brewhouse!$AY$6:$AY$13,[27]Brewhouse!$AY$15:$AY$20,[27]Brewhouse!$AY$22:$AY$29,[27]Brewhouse!$AY$31:$AY$34,[27]Brewhouse!$AY$36:$AY$43,[27]Brewhouse!$AY$45:$AY$50, [27]Brewhouse!$AY$56:$AY$73,[27]Brewhouse!$AY$75:$AY$92) -> 97.477741 | N32: 98 | R32: =B32 -> 0 | S32: =VLOOKUP($B32,$R$3:$X$9,2,FALSE) -> #N/A | T32: =VLOOKUP($B32,$R$3:$X$9,3,FALSE) -> #N/A | U32: =VLOOKUP($B32,$R$3:$X$9,4,FALSE) -> #N/A | V32: =VLOOKUP($B32,$R$3:$X$9,5,FALSE) -> #N/A | W32: =VLOOKUP($B32,$R$3:$X$9,6,FALSE) -> #N/A | X32: =VLOOKUP($B32,$R$3:$X$9,7,FALSE) -> #N/A | Y32: =VLOOKUP($B32,$R$3:$Z$9,8,FALSE) -> #N/A | Z32: =VLOOKUP($B32,$R$3:$Z$9,9,FALSE) -> #N/A
C33: 11.7 | I33: HR- Pils | M33: =AVERAGE([28]Brewhouse!$AU$5:$AU$8,[28]Brewhouse!$AU$10:$AU$13,[27]Brewhouse!$AY$75:$AY$77) -> 94.749192 | N33: 98 | R33: =B33 -> 0 | S33: =VLOOKUP($B33,$R$3:$X$9,2,FALSE) -> #N/A | T33: =VLOOKUP($B33,$R$3:$X$9,3,FALSE) -> #N/A | U33: =VLOOKUP($B33,$R$3:$X$9,4,FALSE) -> #N/A | V33: =VLOOKUP($B33,$R$3:$X$9,5,FALSE) -> #N/A | W33: =VLOOKUP($B33,$R$3:$X$9,6,FALSE) -> #N/A | X33: =VLOOKUP($B33,$R$3:$X$9,7,FALSE) -> #N/A | Y33: =VLOOKUP($B33,$R$3:$Z$9,8,FALSE) -> #N/A | Z33: =VLOOKUP($B33,$R$3:$Z$9,9,FALSE) -> #N/A
I34: HR- IPA | M34: =AVERAGE([29]Brewhouse!$AW$26:$AW$27) -> 95.310681 | N34: 98 | R34: =B34 -> 0 | S34: =VLOOKUP($B34,$R$3:$X$9,2,FALSE) -> #N/A | T34: =VLOOKUP($B34,$R$3:$X$9,3,FALSE) -> #N/A | U34: =VLOOKUP($B34,$R$3:$X$9,4,FALSE) -> #N/A | V34: =VLOOKUP($B34,$R$3:$X$9,5,FALSE) -> #N/A | W34: =VLOOKUP($B34,$R$3:$X$9,6,FALSE) -> #N/A | X34: =VLOOKUP($B34,$R$3:$X$9,7,FALSE) -> #N/A | Y34: =VLOOKUP($B34,$R$3:$Z$9,8,FALSE) -> #N/A | Z34: =VLOOKUP($B34,$R$3:$Z$9,9,FALSE) -> #N/A
I35: HR- APA | M35: =AVERAGE([30]Brewhouse!$AU$13:$AU$14) -> 97.110575 | N35: 98 | R35: =B35 -> 0 | S35: =VLOOKUP($B35,$R$3:$X$9,2,FALSE) -> #N/A | T35: =VLOOKUP($B35,$R$3:$X$9,3,FALSE) -> #N/A | U35: =VLOOKUP($B35,$R$3:$X$9,4,FALSE) -> #N/A | V35: =VLOOKUP($B35,$R$3:$X$9,5,FALSE) -> #N/A | W35: =VLOOKUP($B35,$R$3:$X$9,6,FALSE) -> #N/A | X35: =VLOOKUP($B35,$R$3:$X$9,7,FALSE) -> #N/A | Y35: =VLOOKUP($B35,$R$3:$Z$9,8,FALSE) -> #N/A | Z35: =VLOOKUP($B35,$R$3:$Z$9,9,FALSE) -> #N/A
K36: =SUM(K26:K35) -> 44 | L36: =((L26*K26)+(L27*K27)+(L28*K28)+(L29*K29)+(L30*K30)+(K33*L33)+(L31*K31)+(L32*K32)+(L35*K35))/(K36) -> 97.520301 | M36: =AVERAGE('[31]Jan 31st'!$L$65,'[32]Feb 28th'!$L$35,'[33]Mar. 31st'!$L$35,'[34]Apr. 30th'!$L$45,'[35]May 30th'!$L$37,'[36]June 30th'!$L$57,'[37]July 29th '!$L$44,'[38]Aug 29th'!$L$29,'[39]Sept 30th'!$L$35,L36) -> 97.56998 | N36: 98 | R36: =B36 -> 0 | S36: =VLOOKUP($B36,$R$3:$X$9,2,FALSE) -> #N/A | T36: =VLOOKUP($B36,$R$3:$X$9,3,FALSE) -> #N/A | U36: =VLOOKUP($B36,$R$3:$X$9,4,FALSE) -> #N/A | V36: =VLOOKUP($B36,$R$3:$X$9,5,FALSE) -> #N/A | W36: =VLOOKUP($B36,$R$3:$X$9,6,FALSE) -> #N/A | X36: =VLOOKUP($B36,$R$3:$X$9,7,FALSE) -> #N/A | Y36: =VLOOKUP($B36,$R$3:$Z$9,8,FALSE) -> #N/A | Z36: =VLOOKUP($B36,$R$3:$Z$9,9,FALSE) -> #N/A
R37: =B37 -> 0 | S37: =VLOOKUP($B37,$R$3:$X$9,2,FALSE) -> #N/A | T37: =VLOOKUP($B37,$R$3:$X$9,3,FALSE) -> #N/A | U37: =VLOOKUP($B37,$R$3:$X$9,4,FALSE) -> #N/A | V37: =VLOOKUP($B37,$R$3:$X$9,5,FALSE) -> #N/A | W37: =VLOOKUP($B37,$R$3:$X$9,6,FALSE) -> #N/A | X37: =VLOOKUP($B37,$R$3:$X$9,7,FALSE) -> #N/A | Y37: =VLOOKUP($B37,$R$3:$Z$9,8,FALSE) -> #N/A | Z37: =VLOOKUP($B37,$R$3:$Z$9,9,FALSE) -> #N/A
J38: Daily Brewing Plan
J39: Brand | K39: Brews Achieved | L39: Average Brews per day
J40: CARIB | K40: 8 | L40: MTD | M40: YTD | N40: TARGET
J41: STAG | K41: 1 | L41: =AVERAGE('Oct. 1st'!K49,,'Oct. 2nd'!K51,'Oct. 3rd'!K46,'Oct. 6th'!K54,K50) -> 7.3333333 | M41: =AVERAGE('[31]Jan 29th '!$M$70,'[32]Feb 28th'!$L$40,'[33]Mar. 31st'!$L$40,'[34]Apr. 30th'!$L$50,'[35]May 30th'!$L$42,'[36]June 30th'!$L$62,'[37]July 29th '!$L$49,'[38]Aug 29th'!$L$34,'[39]Sept 30th'!$L$40,L41) -> 7.0394611 | N41: 9.2
J42: GUINN
J43: VITAMALT
J44: STARMALT
J45: MACKESON
J46: HURRICANE REEF- IPA
J47: HURRICANE REEF- APA
B48: AVERAGE | D48: =AVERAGE(D26:E47) -> 11.9125 | J48: HR- PILSNER
J49: CARIBE
J50: Total | K50: =SUM(K40:K49) -> 9
B51: Process: | C51: Fermentation/Filtration
B53: Brand | C53: Filt. Date | D53: FV Hls | E53: GFE/ Prim/ Vita Blend (Hls) | F53: SV Hls | G53: BBT Hls | H53: Loss (%) Ferm | I53: Loss (%) Filt | J53: Comments | K53: Throughput | L53: Process Loss (%) | M53: Filt. Operator
AB54: 43474 | AC54: 43475 | AD54: 43476 | AE54: 43477 | AF54: 43478 | AG54: 43479 | AH54: 43480 | AI54: 43481 | AJ54: 43482 | AK54: 43483 | AL54: 43484 | AM54: 43485 | AN54: 43486 | AO54: 43487 | AP54: 43488 | AQ54: 43489 | AR54: 43490 | AS54: 43491 | AT54: 43492 | AU54: 43493 | AV54: 43494 | AW54: 43495 | AX54: 43496
B55: =J40 -> CARIB | C55: 45937 | D55: =[40]October_2025!$J$3 -> 400.5 | G55: =[40]October_2025!$J$7 -> 381.8 | J55: NO SBF | K55: =[41]October_2025!$J$18 -> 0.9545 | L55: =(((D55+E55)-G55)/(D55+E55))*100 -> 4.6691635 | M55: J.Nelson | AB55: =[20]January_2019!L7 -> 285.8 | AC55: =[20]January_2019!M7 -> 508.1 | AD55: =[20]January_2019!N7 -> 0 | AE55: =[20]January_2019!O7 -> 0 | AF55: =[20]January_2019!P7 -> 109.56667 | AG55: =[20]January_2019!Q7 -> 297.65 | AH55: =[20]January_2019!R7 -> 122.3 | AI55: =[20]January_2019!S7 -> 0 | ... AX55: =[20]January_2019!AH7 -> 0
L59: =(((D59+E59)-G59)/(D59+E59))*100 -> #DIV/0!
B62: Process Loss (Volume) | G62: Process Loss (Extract) | K62: Throughput
B63: Brand | C63: Actual | D63: MTD | E63: YTD | F63: Target | G63: Actual | H63: MTD | I63: YTD | J63: Target | K63: Actual | L63: MTD | M63: YTD | N63: Target
B64: CARIB | C64: =L55 -> 4.6691635 | D64: 5.4280583 | E64: 6.3177809 | F64: 4.8 | G64: =[40]October_2025!$J$11 -> 3.349437 | H64: 4.2640628 | I64: 6.1869451 | J64: 4.8 | K64: =K55 -> 0.9545 | L64: 0.65879609 | M64: 0.76418506 | N64: 1
B65: STAG | D65: 4.9899914 | E65: 5.898691 | F65: 4.8 | H65: 4.1514556 | I65: 5.5953406 | J65: 4.8 | L65: 0.76762435 | M65: 0.71798544 | N65: 1
B66: GUINN | E66: 11.810347 | F66: 5.5 | I66: 12.740878 | J66: 5.5 | M66: 0.53494558 | N66: 1
B67: VITAMALT | E67: 5.1192333 | F67: 3.3 | I67: 4.4772095 | J67: 3.3 | M67: 0.8002595 | N67: 1
B68: APA | E68: 7.8373016 | F68: 3.3 | I68: 5.3377569 | J68: 3 | M68: 0.32596491 | N68: 1
B69: MACKESON | E69: 7.3129862 | F69: =[21]May_2022!$M$43 -> 3.4878407 | I69: 8.6614709 | J69: 5.5 | M69: 0.73160819 | N69: 1
B70: STARMALT | D70: 2.0782987 | E70: 2.8629318 | F70: 3.3 | H70: 3.455985 | I70: 4.347882 | J70: 3.3 | L70: 0.88859649 | M70: 0.85935681 | N70: 1
B71: IPA | E71: 11.483254 | F71: 7.5 | I71: 9.7934336 | J71: 7.5 | M71: 0.3245614 | N71: 1
B72: HURRICANE REEF PILS | E72: 7.2653645 | F72: 4.8 | I72: 8.1715311 | J72: 4.8 | M72: 0.51368421 | N72: 1
D73: 4.5090925 | E73: 6.3239264 | F73: 5.5 | H73: 3.9662444 | I73: 6.4829884 | J73: 5.5 | L73: 0.72049315 | M73: 0.7310569 | N73: 1

Sheet Oct.8th
S1: P.G. | U1: Hot Time | W1: Process Time | Y1: Cooling Time
B2: Brewing Department Daily Process Loss Report | S2: Lower | T2: Upper | U2: Lower | V2: Upper | W2: Lower | X2: Upper | Y2: Lower | Z2: Upper
R3: CARIB | S3: 11.6 | T3: 12 | U3: 0 | V3: 0.11805556 | W3: 0.22569444 | X3: 0.26388889 | Y3: 0 | Z3: 60 | AB3: HR- PISNER
B4: Date: | C4: 45939 | J4: LOT WORT COLOUR: 3.3 | M4: Filter Sheets (Target 20 days) | R4: STAG | S4: 11.6 | T4: 12 | U4: 0 | V4: 0.11805556 | W4: 0.22569444 | X4: 0.26388889 | Y4: 0 | Z4: 60
M5: Double | N5: Single | R5: GUINNESS | S5: 17 | T5: 17.5 | U5: 0 | V5: 0.10763889 | W5: 0.24652778 | X5: 0.28472222 | Y5: 0 | Z5: 60
J6: MALT LOT: Lot #3 | L6: Sheet Day | R6: MACKESON | S6: 13.3 | T6: 13.5 | U6: 0 | V6: 0.12905093 | W6: 0.27430556 | X6: 0.30208333 | Y6: 0
R7: STARMALT | S7: 17 | T7: 17.4 | U7: 0 | V7: 0.13605324 | W7: 0.27430556 | X7: 0.30902778 | Y7: 0 | Z7: 85
B8: Brand | C8: Brew no. | D8: Kett. Hls | E8: Wort | F8: Cool Time(Mins) | G8: Cast. P.G. (Lab Result) | H8: Cast P.G. (Cellar Operator)-gravity | I8: Extr. Rec (77.9%) | J8: Theor. Extr. (77.5%) | K8: Boil Off /Vol. (4-6%) | L8: Boil Time | M8: Total Hot | N8: Brewing | O8: Operator | R8: Hurricane Reef | S8: 16.6 | T8: 17 | U8: 0 | V8: 0.12905093 | W8: 0.27430556 | X8: 0.30208333 | Y8: 0
E9: Meter (Hls) | F9: Target(< 60Mins) | M9: Time | R9: VITAMALT | S9: 14.2 | T9: 14.6 | U9: 0 | V9: 0.13905093 | W9: 0.26041667 | X9: 0.29513889 | Y9: 0 | Z9: 75
B10: STAG | C10: =[23]Brewhouse!$A409 -> ST386 | D10: =[23]Brewhouse!$AD409 -> 48.7 | E10: =[23]Brewhouse!$AG409 -> 49 | F10: =[23]Brewhouse!$V409 -> 57 | G10: =[23]Brewhouse!$AE409 -> 11.9 | H10: 12 | I10: =[23]Brewhouse!$AS409 -> 96.734512 | J10: =[23]Brewhouse!$AT409 -> 98.385805 | K10: =[23]Brewhouse!$Q409 -> 14.347409 | L10: =[23]Brewhouse!$P409 -> 60 | M10: =[23]Brewhouse!$U409-[23]Brewhouse!$T409 -> 0.11041667 | N10: =[23]Brewhouse!$AW409 -> 0.24305556 | O10: =[23]Brewhouse!$AV409 -> R. Regis | R10: =B10 -> STAG | S10: =VLOOKUP($B10,$R$3:$X$9,2,FALSE) -> 11.6 | T10: =VLOOKUP($B10,$R$3:$X$9,3,FALSE) -> 12 | U10: =VLOOKUP($B10,$R$3:$X$9,4,FALSE) -> 0 | V10: =VLOOKUP($B10,$R$3:$X$9,5,FALSE) -> 0.11805556 | W10: =VLOOKUP($B10,$R$3:$X$9,6,FALSE) -> 0.22569444 | X10: =VLOOKUP($B10,$R$3:$X$9,7,FALSE) -> 0.26388889 | Y10: =VLOOKUP($B10,$R$3:$Z$9,8,FALSE) -> 0 | Z10: =VLOOKUP($B10,$R$3:$Z$9,9,FALSE) -> 60
B11: STAG | C11: =[23]Brewhouse!$A410 -> ST387 | D11: =[23]Brewhouse!$AD410 -> 50.5 | E11: =[23]Brewhouse!$AG410 -> 50.8 | F11: =[23]Brewhouse!$V410 -> 62 | G11: =[23]Brewhouse!$AE410 -> 11.9 | H11: 12 | I11: =[23]Brewhouse!$AS410 -> 100.54046 | J11: =[23]Brewhouse!$AT410 -> 102.25559 | K11: =[23]Brewhouse!$Q410 -> 11.852207 | L11: =[23]Brewhouse!$P410 -> 61 | M11: =[23]Brewhouse!$U410-[23]Brewhouse!$T410 -> 0.1125 | N11: =[23]Brewhouse!$AW410 -> 0.25625 | O11: =[23]Brewhouse!$AV410 -> R.Sookram | R11: =B11 -> STAG | S11: =VLOOKUP($B11,$R$3:$X$9,2,FALSE) -> 11.6 | T11: =VLOOKUP($B11,$R$3:$X$9,3,FALSE) -> 12 | U11: =VLOOKUP($B11,$R$3:$X$9,4,FALSE) -> 0 | V11: =VLOOKUP($B11,$R$3:$X$9,5,FALSE) -> 0.11805556 | W11: =VLOOKUP($B11,$R$3:$X$9,6,FALSE) -> 0.22569444 | X11: =VLOOKUP($B11,$R$3:$X$9,7,FALSE) -> 0.26388889 | Y11: =VLOOKUP($B11,$R$3:$Z$9,8,FALSE) -> 0 | Z11: =VLOOKUP($B11,$R$3:$Z$9,9,FALSE) -> 60
B12: STAG | C12: =[23]Brewhouse!$A411 -> ST388 | D12: =[23]Brewhouse!$AD411 -> 51 | E12: =[23]Brewhouse!$AG411 -> 50.9 | F12: =[23]Brewhouse!$V411 -> 64 | G12: =[23]Brewhouse!$AE411 -> 12.1 | H12: 12.1 | I12: =[23]Brewhouse!$AS411 -> 102.38963 | J12: =[23]Brewhouse!$AT411 -> 104.13688 | K12: =[23]Brewhouse!$Q411 -> 11.682692 | L12: =[23]Brewhouse!$P411 -> 57 | M12: =[23]Brewhouse!$U411-[23]Brewhouse!$T411 -> 0.11805556 | N12: =[23]Brewhouse!$AW411 -> 0.24861111 | O12: =[23]Brewhouse!$AV411 -> R.Sookram | R12: =B12 -> STAG | S12: =VLOOKUP($B12,$R$3:$X$9,2,FALSE) -> 11.6 | T12: =VLOOKUP($B12,$R$3:$X$9,3,FALSE) -> 12 | U12: =VLOOKUP($B12,$R$3:$X$9,4,FALSE) -> 0 | V12: =VLOOKUP($B12,$R$3:$X$9,5,FALSE) -> 0.11805556 | W12: =VLOOKUP($B12,$R$3:$X$9,6,FALSE) -> 0.22569444 | X12: =VLOOKUP($B12,$R$3:$X$9,7,FALSE) -> 0.26388889 | Y12: =VLOOKUP($B12,$R$3:$Z$9,8,FALSE) -> 0 | Z12: =VLOOKUP($B12,$R$3:$Z$9,9,FALSE) -> 60
B13: STAG | C13: =[23]Brewhouse!$A412 -> ST389 | D13: =[23]Brewhouse!$AD412 -> 50.5 | E13: =[23]Brewhouse!$AG412 -> 50.4 | F13: =[23]Brewhouse!$V412 -> 62 | G13: =[23]Brewhouse!$AE412 -> 11.9 | H13: 11.9 | I13: =[23]Brewhouse!$AS412 -> 100.12684 | J13: =[23]Brewhouse!$AT412 -> 101.83323 | K13: =[23]Brewhouse!$Q412 -> 11.276392 | L13: =[23]Brewhouse!$P412 -> 59 | M13: =[23]Brewhouse!$U412-[23]Brewhouse!$T412 -> 0.11597222 | N13: =[23]Brewhouse!$AW412 -> 0.25555556 | O13: =[23]Brewhouse!$AV412 -> R.Sookram | R13: =B13 -> STAG | S13: =VLOOKUP($B13,$R$3:$X$9,2,FALSE) -> 11.6 | T13: =VLOOKUP($B13,$R$3:$X$9,3,FALSE) -> 12 | U13: =VLOOKUP($B13,$R$3:$X$9,4,FALSE) -> 0 | V13: =VLOOKUP($B13,$R$3:$X$9,5,FALSE) -> 0.11805556 | W13: =VLOOKUP($B13,$R$3:$X$9,6,FALSE) -> 0.22569444 | X13: =VLOOKUP($B13,$R$3:$X$9,7,FALSE) -> 0.26388889 | Y13: =VLOOKUP($B13,$R$3:$Z$9,8,FALSE) -> 0 | Z13: =VLOOKUP($B13,$R$3:$Z$9,9,FALSE) -> 60
B14: STAG | C14: =[23]Brewhouse!$A413 -> ST390 | D14: =[23]Brewhouse!$AD413 -> 48.5 | E14: =[23]Brewhouse!$AG413 -> 48.8 | F14: =[23]Brewhouse!$V413 -> 54 | G14: =[23]Brewhouse!$AE413 -> 11.8 | H14: 11.9 | I14: =[23]Brewhouse!$AS413 -> 95.728835 | J14: =[23]Brewhouse!$AT413 -> 97.361888 | K14: =[23]Brewhouse!$Q413 -> 12.8119 | L14: =[23]Brewhouse!$P413 -> 59 | M14: =[23]Brewhouse!$U413-[23]Brewhouse!$T413 -> 0.11111111 | N14: =[23]Brewhouse!$AW413 -> 0.25069444 | O14: =[23]Brewhouse!$AV413 -> R.Sookram | R14: =B14 -> STAG | S14: =VLOOKUP($B14,$R$3:$X$9,2,FALSE) -> 11.6 | T14: =VLOOKUP($B14,$R$3:$X$9,3,FALSE) -> 12 | U14: =VLOOKUP($B14,$R$3:$X$9,4,FALSE) -> 0 | V14: =VLOOKUP($B14,$R$3:$X$9,5,FALSE) -> 0.11805556 | W14: =VLOOKUP($B14,$R$3:$X$9,6,FALSE) -> 0.22569444 | X14: =VLOOKUP($B14,$R$3:$X$9,7,FALSE) -> 0.26388889 | Y14: =VLOOKUP($B14,$R$3:$Z$9,8,FALSE) -> 0 | Z14: =VLOOKUP($B14,$R$3:$Z$9,9,FALSE) -> 60
B15: STAG | C15: =[23]Brewhouse!$A414 -> ST391 | D15: =[23]Brewhouse!$AD414 -> 51.8 | E15: =[23]Brewhouse!$AG414 -> 50.8 | F15: =[23]Brewhouse!$V414 -> 57 | G15: =[23]Brewhouse!$AE414 -> 11.7 | H15: 11.8 | I15: =[23]Brewhouse!$AS414 -> 98.639697 | J15: =[23]Brewhouse!$AT414 -> 100.32296 | K15: =[23]Brewhouse!$Q414 -> 5.9134615 | L15: =[23]Brewhouse!$P414 -> 61 | M15: =[23]Brewhouse!$U414-[23]Brewhouse!$T414 -> 0.13472222 | N15: =[23]Brewhouse!$AW414 -> 0.27638889 | O15: =[23]Brewhouse!$AV414 -> K. Benjamin | P15: Sugar hopper down | R15: =B15 -> STAG | S15: =VLOOKUP($B15,$R$3:$X$9,2,FALSE) -> 11.6 | T15: =VLOOKUP($B15,$R$3:$X$9,3,FALSE) -> 12 | U15: =VLOOKUP($B15,$R$3:$X$9,4,FALSE) -> 0 | V15: =VLOOKUP($B15,$R$3:$X$9,5,FALSE) -> 0.11805556 | W15: =VLOOKUP($B15,$R$3:$X$9,6,FALSE) -> 0.22569444 | X15: =VLOOKUP($B15,$R$3:$X$9,7,FALSE) -> 0.26388889 | Y15: =VLOOKUP($B15,$R$3:$Z$9,8,FALSE) -> 0 | Z15: =VLOOKUP($B15,$R$3:$Z$9,9,FALSE) -> 60
B16: STAG | C16: =[23]Brewhouse!$A415 -> ST392 | D16: =[23]Brewhouse!$AD415 -> 50.6 | E16: =[23]Brewhouse!$AG415 -> 50.1 | F16: =[23]Brewhouse!$V415 -> 54 | G16: =[23]Brewhouse!$AE415 -> 11.7 | H16: 11.8 | I16: =[23]Brewhouse!$AS415 -> 97.402919 | J16: =[23]Brewhouse!$AT415 -> 99.064531 | K16: =[23]Brewhouse!$Q415 -> 4.1826923 | L16: =[23]Brewhouse!$P415 -> 61 | M16: =[23]Brewhouse!$U415-[23]Brewhouse!$T415 -> 0.11805556 | N16: =[23]Brewhouse!$AW415 -> 0.27777778 | O16: =[23]Brewhouse!$AV415 -> K. Benjamin | P16: Copper up in pre-run tank (issues with wort kettle ext valve) | R16: =B16 -> STAG | S16: =VLOOKUP($B16,$R$3:$X$9,2,FALSE) -> 11.6 | T16: =VLOOKUP($B16,$R$3:$X$9,3,FALSE) -> 12 | U16: =VLOOKUP($B16,$R$3:$X$9,4,FALSE) -> 0 | V16: =VLOOKUP($B16,$R$3:$X$9,5,FALSE) -> 0.11805556 | W16: =VLOOKUP($B16,$R$3:$X$9,6,FALSE) -> 0.22569444 | X16: =VLOOKUP($B16,$R$3:$X$9,7,FALSE) -> 0.26388889 | Y16: =VLOOKUP($B16,$R$3:$Z$9,8,FALSE) -> 0 | Z16: =VLOOKUP($B16,$R$3:$Z$9,9,FALSE) -> 60
B17: STAG | C17: =[23]Brewhouse!$A416 -> ST393 | D17: =[23]Brewhouse!$AD416 -> 49.1 | E17: =[23]Brewhouse!$AG416 -> 49 | F17: =[23]Brewhouse!$V416 -> 56 | G17: =[23]Brewhouse!$AE416 -> 12 | H17: 12 | I17: =[23]Brewhouse!$AS416 -> 97.834834 | J17: =[23]Brewhouse!$AT416 -> 99.503813 | K17: =[23]Brewhouse!$Q416 -> 11.490385 | L17: =[23]Brewhouse!$P416 -> 61 | M17: =[23]Brewhouse!$U416-[23]Brewhouse!$T416 -> 0.11805556 | N17: =[23]Brewhouse!$AW416 -> 0.24583333 | O17: =[23]Brewhouse!$AV416 -> K. Benjamin | R17: =B17 -> STAG | S17: =VLOOKUP($B17,$R$3:$X$9,2,FALSE) -> 11.6 | T17: =VLOOKUP($B17,$R$3:$X$9,3,FALSE) -> 12 | U17: =VLOOKUP($B17,$R$3:$X$9,4,FALSE) -> 0 | V17: =VLOOKUP($B17,$R$3:$X$9,5,FALSE) -> 0.11805556 | W17: =VLOOKUP($B17,$R$3:$X$9,6,FALSE) -> 0.22569444 | X17: =VLOOKUP($B17,$R$3:$X$9,7,FALSE) -> 0.26388889 | Y17: =VLOOKUP($B17,$R$3:$Z$9,8,FALSE) -> 0 | Z17: =VLOOKUP($B17,$R$3:$Z$9,9,FALSE) -> 60
B18: STAG | C18: =[23]Brewhouse!$A417 -> ST394 | D18: =[23]Brewhouse!$AD417 -> 51 | E18: =[23]Brewhouse!$AG417 -> 51.2 | F18: =[23]Brewhouse!$V417 -> 64 | G18: =[23]Brewhouse!$AE417 -> 11.8 | H18: 12 | I18: =[23]Brewhouse!$AS417 -> 100.56337 | J18: =[23]Brewhouse!$AT417 -> 102.27833 | K18: =[23]Brewhouse!$Q417 -> 5.9134615 | L18: =[23]Brewhouse!$P417 -> 60 | M18: =[23]Brewhouse!$U417-[23]Brewhouse!$T417 -> 0.11458333 | N18: =[23]Brewhouse!$AW417 -> 0.24583333 | O18: =[23]Brewhouse!$AV417 -> R. Regis | R18: =B18 -> STAG | S18: =VLOOKUP($B18,$R$3:$X$9,2,FALSE) -> 11.6 | T18: =VLOOKUP($B18,$R$3:$X$9,3,FALSE) -> 12 | U18: =VLOOKUP($B18,$R$3:$X$9,4,FALSE) -> 0 | V18: =VLOOKUP($B18,$R$3:$X$9,5,FALSE) -> 0.11805556 | W18: =VLOOKUP($B18,$R$3:$X$9,6,FALSE) -> 0.22569444 | X18: =VLOOKUP($B18,$R$3:$X$9,7,FALSE) -> 0.26388889 | Y18: =VLOOKUP($B18,$R$3:$Z$9,8,FALSE) -> 0 | Z18: =VLOOKUP($B18,$R$3:$Z$9,9,FALSE) -> 60
B19: STAG | C19: =[23]Brewhouse!$A418 -> ST395 | D19: =[23]Brewhouse!$AD418 -> 48.8 | E19: =[23]Brewhouse!$AG418 -> 49.3 | F19: =[23]Brewhouse!$V418 -> 60 | G19: =[23]Brewhouse!$AE418 -> 11.9 | H19: 12.1 | I19: =[23]Brewhouse!$AS418 -> 97.571743 | J19: =[23]Brewhouse!$AT418 -> 99.236234 | K19: =[23]Brewhouse!$Q418 -> 10.892514 | L19: =[23]Brewhouse!$P418 -> 60 | M19: =[23]Brewhouse!$U418-[23]Brewhouse!$T418 -> 0.11041667 | N19: =[23]Brewhouse!$AW418 -> 0.24652778 | O19: =[23]Brewhouse!$AV418 -> R. Regis | R19: =B19 -> STAG | S19: =VLOOKUP($B19,$R$3:$X$9,2,FALSE) -> 11.6 | T19: =VLOOKUP($B19,$R$3:$X$9,3,FALSE) -> 12 | U19: =VLOOKUP($B19,$R$3:$X$9,4,FALSE) -> 0 | V19: =VLOOKUP($B19,$R$3:$X$9,5,FALSE) -> 0.11805556 | W19: =VLOOKUP($B19,$R$3:$X$9,6,FALSE) -> 0.22569444 | X19: =VLOOKUP($B19,$R$3:$X$9,7,FALSE) -> 0.26388889 | Y19: =VLOOKUP($B19,$R$3:$Z$9,8,FALSE) -> 0 | Z19: =VLOOKUP($B19,$R$3:$Z$9,9,FALSE) -> 60
B20: STAG | C20: =[23]Brewhouse!$A419 -> ST396 | D20: =[23]Brewhouse!$AD419 -> 49.4 | E20: =[23]Brewhouse!$AG419 -> 49.8 | F20: =[23]Brewhouse!$V419 -> 60 | G20: =[23]Brewhouse!$AE419 -> 11.9 | H20: 12 | I20: =[23]Brewhouse!$AS419 -> 98.561314 | J20: =[23]Brewhouse!$AT419 -> 100.24269 | K20: =[23]Brewhouse!$Q419 -> 13.387716 | L20: =[23]Brewhouse!$P419 -> 60 | M20: =[23]Brewhouse!$U419-[23]Brewhouse!$T419 -> 0.13819444 | N20: =[23]Brewhouse!$AW419 -> 0.27638889 | O20: =[23]Brewhouse!$AV419 -> R. Regis | R20: =B20 -> STAG | S20: =VLOOKUP($B20,$R$3:$X$9,2,FALSE) -> 11.6 | T20: =VLOOKUP($B20,$R$3:$X$9,3,FALSE) -> 12 | U20: =VLOOKUP($B20,$R$3:$X$9,4,FALSE) -> 0 | V20: =VLOOKUP($B20,$R$3:$X$9,5,FALSE) -> 0.11805556 | W20: =VLOOKUP($B20,$R$3:$X$9,6,FALSE) -> 0.22569444 | X20: =VLOOKUP($B20,$R$3:$X$9,7,FALSE) -> 0.26388889 | Y20: =VLOOKUP($B20,$R$3:$Z$9,8,FALSE) -> 0 | Z20: =VLOOKUP($B20,$R$3:$Z$9,9,FALSE) -> 60
R21: =B21 -> 0 | S21: =VLOOKUP($B21,$R$3:$X$9,2,FALSE) -> #N/A | T21: =VLOOKUP($B21,$R$3:$X$9,3,FALSE) -> #N/A | U21: =VLOOKUP($B21,$R$3:$X$9,4,FALSE) -> #N/A | V21: =VLOOKUP($B21,$R$3:$X$9,5,FALSE) -> #N/A | W21: =VLOOKUP($B21,$R$3:$X$9,6,FALSE) -> #N/A | X21: =VLOOKUP($B21,$R$3:$X$9,7,FALSE) -> #N/A | Y21: =VLOOKUP($B21,$R$3:$Z$9,8,FALSE) -> #N/A | Z21: =VLOOKUP($B21,$R$3:$Z$9,9,FALSE) -> #N/A
R22: =B22 -> 0 | S22: =VLOOKUP($B22,$R$3:$X$9,2,FALSE) -> #N/A | T22: =VLOOKUP($B22,$R$3:$X$9,3,FALSE) -> #N/A | U22: =VLOOKUP($B22,$R$3:$X$9,4,FALSE) -> #N/A | V22: =VLOOKUP($B22,$R$3:$X$9,5,FALSE) -> #N/A | W22: =VLOOKUP($B22,$R$3:$X$9,6,FALSE) -> #N/A | X22: =VLOOKUP($B22,$R$3:$X$9,7,FALSE) -> #N/A | Y22: =VLOOKUP($B22,$R$3:$Z$9,8,FALSE) -> #N/A | Z22: =VLOOKUP($B22,$R$3:$Z$9,9,FALSE) -> #N/A
B23: BRAND | D23: BBT P.G./ O.G | I23: Brand | J23: Actual | K23: MTD No. of Brews | L23: MTD | M23: YTD | N23: Target | R23: =B23 -> BRAND | S23: =VLOOKUP($B23,$R$3:$X$9,2,FALSE) -> #N/A | T23: =VLOOKUP($B23,$R$3:$X$9,3,FALSE) -> #N/A | U23: =VLOOKUP($B23,$R$3:$X$9,4,FALSE) -> #N/A | V23: =VLOOKUP($B23,$R$3:$X$9,5,FALSE) -> #N/A | W23: =VLOOKUP($B23,$R$3:$X$9,6,FALSE) -> #N/A | X23: =VLOOKUP($B23,$R$3:$X$9,7,FALSE) -> #N/A | Y23: =VLOOKUP($B23,$R$3:$Z$9,8,FALSE) -> #N/A | Z23: =VLOOKUP($B23,$R$3:$Z$9,9,FALSE) -> #N/A
B24: =I26 -> GUINNESS | C24: {=[24]Process!$D$106:$D$109} -> 17.1 | D24: 17.56 | I24: CARIB | K24: =COUNTA([22]Brewhouse!$A$823:$A$856) -> 34 | L24: =AVERAGE([22]Brewhouse!$AU$823:$AU$856) -> 97.562622 | M24: =AVERAGE([22]Brewhouse!$AU$102:$AU$171,[22]Brewhouse!$AU$173:$AU$253,[22]Brewhouse!$AU$255:$AU$339,[22]Brewhouse!$AU$341:$AU$346,[22]Brewhouse!$AU$348,[22]Brewhouse!$AU$349:$AU$406,[22]Brewhouse!$AU$408:$AU$491,[22]Brewhouse!$AU$493:$AU$578,[22]Brewhouse!$AU$580:$AU$652,[22]Brewhouse!$AU$655:$AU$738,[22]Brewhouse!$A$740:$A$821,[22]Brewhouse!$AU$823:$AU$856) -> 97.699833 | N24: 98 | R24: =B24 -> GUINNESS | S24: =VLOOKUP($B24,$R$3:$X$9,2,FALSE) -> 17 | T24: =VLOOKUP($B24,$R$3:$X$9,3,FALSE) -> 17.5 | U24: =VLOOKUP($B24,$R$3:$X$9,4,FALSE) -> 0 | V24: =VLOOKUP($B24,$R$3:$X$9,5,FALSE) -> 0.10763889 | W24: =VLOOKUP($B24,$R$3:$X$9,6,FALSE) -> 0.24652778 | X24: =VLOOKUP($B24,$R$3:$X$9,7,FALSE) -> 0.28472222 | Y24: =VLOOKUP($B24,$R$3:$Z$9,8,FALSE) -> 0 | Z24: =VLOOKUP($B24,$R$3:$Z$9,9,FALSE) -> 60
C25: 17.4 | I25: STAG | J25: =AVERAGE(I10:I20) -> 98.735832 | K25: =COUNTA([23]Brewhouse!$A$399:$A$419) -> 21 | L25: =AVERAGE([23]Brewhouse!$AS$399:$AS$419) -> 98.088488 | M25: =AVERAGE([23]Brewhouse!$AS$15:$AS$64,[23]Brewhouse!$AS$66:$AS$103,[23]Brewhouse!$AS$105:$AS$140,[23]Brewhouse!$AS$142:$AS$193,[23]Brewhouse!$AS$195:$AS$240,[23]Brewhouse!$AS$242:$AS$273,[23]Brewhouse!$AS$275:$AS$322,[23]Brewhouse!$AS$324:$AS$359,[23]Brewhouse!$AS$361:$AS$397,[23]Brewhouse!$AS$399:$AS$419) -> 98.001236 | N25: 98 | R25: =B25 -> 0 | S25: =VLOOKUP($B25,$R$3:$X$9,2,FALSE) -> #N/A | T25: =VLOOKUP($B25,$R$3:$X$9,3,FALSE) -> #N/A | U25: =VLOOKUP($B25,$R$3:$X$9,4,FALSE) -> #N/A | V25: =VLOOKUP($B25,$R$3:$X$9,5,FALSE) -> #N/A | W25: =VLOOKUP($B25,$R$3:$X$9,6,FALSE) -> #N/A | X25: =VLOOKUP($B25,$R$3:$X$9,7,FALSE) -> #N/A | Y25: =VLOOKUP($B25,$R$3:$Z$9,8,FALSE) -> #N/A | Z25: =VLOOKUP($B25,$R$3:$Z$9,9,FALSE) -> #N/A
C26: 17.4 | D26: 17.41 | I26: GUINNESS | M26: =AVERAGE([24]Brewhouse!$AU$4:$AU$7,[24]Brewhouse!$AU$9:$AU$22,[24]Brewhouse!$AU$24:$AU$35,[24]Brewhouse!$AU$37:$AU$45,[24]Brewhouse!$AU$47:$AU$62,[24]Brewhouse!$AU$64:$AU$79,[24]Brewhouse!$AU$81:$AU$92,[24]Brewhouse!$AU$94:$AU$97) -> 96.8166 | N26: 98 | R26: =B26 -> 0 | S26: =VLOOKUP($B26,$R$3:$X$9,2,FALSE) -> #N/A | T26: =VLOOKUP($B26,$R$3:$X$9,3,FALSE) -> #N/A | U26: =VLOOKUP($B26,$R$3:$X$9,4,FALSE) -> #N/A | V26: =VLOOKUP($B26,$R$3:$X$9,5,FALSE) -> #N/A | W26: =VLOOKUP($B26,$R$3:$X$9,6,FALSE) -> #N/A | X26: =VLOOKUP($B26,$R$3:$X$9,7,FALSE) -> #N/A | Y26: =VLOOKUP($B26,$R$3:$Z$9,8,FALSE) -> #N/A | Z26: =VLOOKUP($B26,$R$3:$Z$9,9,FALSE) -> #N/A
C27: 17.1 | I27: VITAMALT | M27: =AVERAGE([25]Brewhouse!$AV$5:$AV$14,[25]Brewhouse!$AV$16:$AV$19,[25]Brewhouse!$AV$21:$AV$24,[25]Brewhouse!$AV$26:$AV$33,[25]Brewhouse!$AV$35:$AV$46,[25]Brewhouse!$AV$48:$AV$53,[25]Brewhouse!$AV$55:$AV$62,[25]Brewhouse!$AV$64:$AV$77,[25]Brewhouse!$AV$79:$AV$86) -> 98.293408 | N27: 98 | R27: =B27 -> 0 | S27: =VLOOKUP($B27,$R$3:$X$9,2,FALSE) -> #N/A | T27: =VLOOKUP($B27,$R$3:$X$9,3,FALSE) -> #N/A | U27: =VLOOKUP($B27,$R$3:$X$9,4,FALSE) -> #N/A | V27: =VLOOKUP($B27,$R$3:$X$9,5,FALSE) -> #N/A | W27: =VLOOKUP($B27,$R$3:$X$9,6,FALSE) -> #N/A | X27: =VLOOKUP($B27,$R$3:$X$9,7,FALSE) -> #N/A | Y27: =VLOOKUP($B27,$R$3:$Z$9,8,FALSE) -> #N/A | Z27: =VLOOKUP($B27,$R$3:$Z$9,9,FALSE) -> #N/A
I28: MAXIMALT | N28: 98 | R28: =B28 -> 0 | S28: =VLOOKUP($B28,$R$3:$X$9,2,FALSE) -> #N/A | T28: =VLOOKUP($B28,$R$3:$X$9,3,FALSE) -> #N/A | U28: =VLOOKUP($B28,$R$3:$X$9,4,FALSE) -> #N/A | V28: =VLOOKUP($B28,$R$3:$X$9,5,FALSE) -> #N/A | W28: =VLOOKUP($B28,$R$3:$X$9,6,FALSE) -> #N/A | X28: =VLOOKUP($B28,$R$3:$X$9,7,FALSE) -> #N/A | Y28: =VLOOKUP($B28,$R$3:$Z$9,8,FALSE) -> #N/A | Z28: =VLOOKUP($B28,$R$3:$Z$9,9,FALSE) -> #N/A
I29: MACKESON | M29: =AVERAGE([26]Brewhouse!$AT$4:$AT$11,[26]Brewhouse!$AT$13:$AT$16,[26]Brewhouse!$AT$18:$AT$21,[26]Brewhouse!$AT$26,[26]Brewhouse!$AT$28:$AT$35) -> 94.794664 | N29: 98 | R29: =B29 -> 0 | S29: =VLOOKUP($B29,$R$3:$X$9,2,FALSE) -> #N/A | T29: =VLOOKUP($B29,$R$3:$X$9,3,FALSE) -> #N/A | U29: =VLOOKUP($B29,$R$3:$X$9,4,FALSE) -> #N/A | V29: =VLOOKUP($B29,$R$3:$X$9,5,FALSE) -> #N/A | W29: =VLOOKUP($B29,$R$3:$X$9,6,FALSE) -> #N/A | X29: =VLOOKUP($B29,$R$3:$X$9,7,FALSE) -> #N/A | Y29: =VLOOKUP($B29,$R$3:$Z$9,8,FALSE) -> #N/A | Z29: =VLOOKUP($B29,$R$3:$Z$9,9,FALSE) -> #N/A
I30: STARMALT | M30: =AVERAGE([27]Brewhouse!$AY$6:$AY$13,[27]Brewhouse!$AY$15:$AY$20,[27]Brewhouse!$AY$22:$AY$29,[27]Brewhouse!$AY$31:$AY$34,[27]Brewhouse!$AY$36:$AY$43,[27]Brewhouse!$AY$45:$AY$50, [27]Brewhouse!$AY$56:$AY$73,[27]Brewhouse!$AY$75:$AY$92) -> 97.477741 | N30: 98 | R30: =B30 -> 0 | S30: =VLOOKUP($B30,$R$3:$X$9,2,FALSE) -> #N/A | T30: =VLOOKUP($B30,$R$3:$X$9,3,FALSE) -> #N/A | U30: =VLOOKUP($B30,$R$3:$X$9,4,FALSE) -> #N/A | V30: =VLOOKUP($B30,$R$3:$X$9,5,FALSE) -> #N/A | W30: =VLOOKUP($B30,$R$3:$X$9,6,FALSE) -> #N/A | X30: =VLOOKUP($B30,$R$3:$X$9,7,FALSE) -> #N/A | Y30: =VLOOKUP($B30,$R$3:$Z$9,8,FALSE) -> #N/A | Z30: =VLOOKUP($B30,$R$3:$Z$9,9,FALSE) -> #N/A
I31: HR- Pils | M31: =AVERAGE([28]Brewhouse!$AU$5:$AU$8,[28]Brewhouse!$AU$10:$AU$13,[27]Brewhouse!$AY$75:$AY$77) -> 94.749192 | N31: 98 | R31: =B31 -> 0 | S31: =VLOOKUP($B31,$R$3:$X$9,2,FALSE) -> #N/A | T31: =VLOOKUP($B31,$R$3:$X$9,3,FALSE) -> #N/A | U31: =VLOOKUP($B31,$R$3:$X$9,4,FALSE) -> #N/A | V31: =VLOOKUP($B31,$R$3:$X$9,5,FALSE) -> #N/A | W31: =VLOOKUP($B31,$R$3:$X$9,6,FALSE) -> #N/A | X31: =VLOOKUP($B31,$R$3:$X$9,7,FALSE) -> #N/A | Y31: =VLOOKUP($B31,$R$3:$Z$9,8,FALSE) -> #N/A | Z31: =VLOOKUP($B31,$R$3:$Z$9,9,FALSE) -> #N/A
I32: HR- IPA | M32: =AVERAGE([29]Brewhouse!$AW$26:$AW$27) -> 95.310681 | N32: 98 | R32: =B32 -> 0 | S32: =VLOOKUP($B32,$R$3:$X$9,2,FALSE) -> #N/A | T32: =VLOOKUP($B32,$R$3:$X$9,3,FALSE) -> #N/A | U32: =VLOOKUP($B32,$R$3:$X$9,4,FALSE) -> #N/A | V32: =VLOOKUP($B32,$R$3:$X$9,5,FALSE) -> #N/A | W32: =VLOOKUP($B32,$R$3:$X$9,6,FALSE) -> #N/A | X32: =VLOOKUP($B32,$R$3:$X$9,7,FALSE) -> #N/A | Y32: =VLOOKUP($B32,$R$3:$Z$9,8,FALSE) -> #N/A | Z32: =VLOOKUP($B32,$R$3:$Z$9,9,FALSE) -> #N/A
I33: HR- APA | M33: =AVERAGE([30]Brewhouse!$AU$13:$AU$14) -> 97.110575 | N33: 98 | R33: =B33 -> 0 | S33: =VLOOKUP($B33,$R$3:$X$9,2,FALSE) -> #N/A | T33: =VLOOKUP($B33,$R$3:$X$9,3,FALSE) -> #N/A | U33: =VLOOKUP($B33,$R$3:$X$9,4,FALSE) -> #N/A | V33: =VLOOKUP($B33,$R$3:$X$9,5,FALSE) -> #N/A | W33: =VLOOKUP($B33,$R$3:$X$9,6,FALSE) -> #N/A | X33: =VLOOKUP($B33,$R$3:$X$9,7,FALSE) -> #N/A | Y33: =VLOOKUP($B33,$R$3:$Z$9,8,FALSE) -> #N/A | Z33: =VLOOKUP($B33,$R$3:$Z$9,9,FALSE) -> #N/A
K34: =SUM(K24:K33) -> 55 | L34: =((L24*K24)+(L25*K25)+(L26*K26)+(L27*K27)+(L28*K28)+(K31*L31)+(L29*K29)+(L30*K30)+(L33*K33))/(K34) -> 97.763407 | M34: =AVERAGE('[31]Jan 31st'!$L$65,'[32]Feb 28th'!$L$35,'[33]Mar. 31st'!$L$35,'[34]Apr. 30th'!$L$45,'[35]May 30th'!$L$37,'[36]June 30th'!$L$57,'[37]July 29th '!$L$44,'[38]Aug 29th'!$L$29,'[39]Sept 30th'!$L$35,L34) -> 97.594291 | N34: 98 | R34: =B34 -> 0 | S34: =VLOOKUP($B34,$R$3:$X$9,2,FALSE) -> #N/A | T34: =VLOOKUP($B34,$R$3:$X$9,3,FALSE) -> #N/A | U34: =VLOOKUP($B34,$R$3:$X$9,4,FALSE) -> #N/A | V34: =VLOOKUP($B34,$R$3:$X$9,5,FALSE) -> #N/A | W34: =VLOOKUP($B34,$R$3:$X$9,6,FALSE) -> #N/A | X34: =VLOOKUP($B34,$R$3:$X$9,7,FALSE) -> #N/A | Y34: =VLOOKUP($B34,$R$3:$Z$9,8,FALSE) -> #N/A | Z34: =VLOOKUP($B34,$R$3:$Z$9,9,FALSE) -> #N/A
R35: =B35 -> 0 | S35: =VLOOKUP($B35,$R$3:$X$9,2,FALSE) -> #N/A | T35: =VLOOKUP($B35,$R$3:$X$9,3,FALSE) -> #N/A | U35: =VLOOKUP($B35,$R$3:$X$9,4,FALSE) -> #N/A | V35: =VLOOKUP($B35,$R$3:$X$9,5,FALSE) -> #N/A | W35: =VLOOKUP($B35,$R$3:$X$9,6,FALSE) -> #N/A | X35: =VLOOKUP($B35,$R$3:$X$9,7,FALSE) -> #N/A | Y35: =VLOOKUP($B35,$R$3:$Z$9,8,FALSE) -> #N/A | Z35: =VLOOKUP($B35,$R$3:$Z$9,9,FALSE) -> #N/A
J36: Daily Brewing Plan
J37: Brand | K37: Brews Achieved | L37: Average Brews per day
J38: CARIB | L38: MTD | M38: YTD | N38: TARGET
J39: STAG | K39: =COUNTA(B10:B20) -> 11 | L39: =AVERAGE('Oct. 1st'!K49,,'Oct. 2nd'!K51,'Oct. 3rd'!K46,'Oct. 6th'!K54,Oct.7th!K50,K48) -> 7.8571429 | M39: =AVERAGE('[31]Jan 29th '!$M$70,'[32]Feb 28th'!$L$40,'[33]Mar. 31st'!$L$40,'[34]Apr. 30th'!$L$50,'[35]May 30th'!$L$42,'[36]June 30th'!$L$62,'[37]July 29th '!$L$49,'[38]Aug 29th'!$L$34,'[39]Sept 30th'!$L$40,L39) -> 7.0918421 | N39: 9.2
J40: GUINN
J41: VITAMALT
J42: STARMALT
J43: MACKESON
J44: HURRICANE REEF- IPA
J45: HURRICANE REEF- APA
B46: AVERAGE | D46: =AVERAGE(D24:E45) -> 17.485 | J46: HR- PILSNER
J47: CARIBE
J48: Total | K48: =SUM(K38:K47) -> 11
B49: Process: | C49: Fermentation/Filtration
B51: Brand | C51: Filt. Date | D51: FV Hls | E51: GFE/ Prim/ Vita Blend (Hls) | F51: SV Hls | G51: BBT Hls | H51: Loss (%) Ferm | I51: Loss (%) Filt | J51: Comments | K51: Throughput | L51: Process Loss (%) | M51: Filt. Operator
AB52: 43474 | AC52: 43475 | AD52: 43476 | AE52: 43477 | AF52: 43478 | AG52: 43479 | AH52: 43480 | AI52: 43481 | AJ52: 43482 | AK52: 43483 | AL52: 43484 | AM52: 43485 | AN52: 43486 | AO52: 43487 | AP52: 43488 | AQ52: 43489 | AR52: 43490 | AS52: 43491 | AT52: 43492 | AU52: 43493 | AV52: 43494 | AW52: 43495 | AX52: 43496
B53: =I26 -> GUINNESS | C53: 45938 | D53: =[40]October_2025!$K$23 -> 203.4 | E53: =SUM([42]GUINNESS!$S$11) -> 9 | F53: =SUM([42]GUINNESS!$L$11:$L$14) -> 200 | G53: =[40]October_2025!$K$28 -> 186.9 | H53: =(D53-F53)/D53*100 -> 1.6715831 | I53: =((F53+E53)-G53)/(F53+E53)*100 -> 10.574163 | J53: NO SBF | K53: =[41]October_2025!$J$32 -> 0.9345 | L53: =(((D53+E53)-G53)/(D53+E53))*100 -> 12.00565 | M53: K. Neptune | AB53: =[20]January_2019!L7 -> 285.8 | AC53: =[20]January_2019!M7 -> 508.1 | AD53: =[20]January_2019!N7 -> 0 | AE53: =[20]January_2019!O7 -> 0 | AF53: =[20]January_2019!P7 -> 109.56667 | AG53: =[20]January_2019!Q7 -> 297.65 | AH53: =[20]January_2019!R7 -> 122.3 | AI53: =[20]January_2019!S7 -> 0 | ... AX53: =[20]January_2019!AH7 -> 0
L57: =(((D57+E57)-G57)/(D57+E57))*100 -> #DIV/0!
B60: Process Loss (Volume) | G60: Process Loss (Extract) | K60: Throughput
B61: Brand | C61: Actual | D61: MTD | E61: YTD | F61: Target | G61: Actual | H61: MTD | I61: YTD | J61: Target | K61: Actual | L61: MTD | M61: YTD | N61: Target
B62: CARIB | D62: 5.4280583 | E62: 6.3177809 | F62: 4.8 | H62: 4.2640628 | I62: 6.1869451 | J62: 4.8 | L62: 0.65879609 | M62: 0.76418506 | N62: 1
B63: STAG | D63: 4.9899914 | E63: 5.898691 | F63: 4.8 | H63: 4.1514556 | I63: 5.5953406 | J63: 4.8 | L63: 0.76762435 | M63: 0.71798544 | N63: 1
B64: GUINN | C64: =L53 -> 12.00565 | D64: 9.535334 | E64: 11.690789 | F64: 5.5 | G64: =[40]October_2025!$K$32 -> 13.488397 | H64: 9.7076284 | I64: 12.61701 | J64: 5.5 | K64: =K53 -> 0.9345 | L64: 0.9345 | M64: 0.54931805 | N64: 1
B65: VITAMALT | E65: 5.1192333 | F65: 3.3 | I65: 4.4772095 | J65: 3.3 | M65: 0.8002595 | N65: 1
B66: APA | E66: 7.8373016 | F66: 3.3 | I66: 5.3377569 | J66: 3 | M66: 0.32596491 | N66: 1
B67: MACKESON | E67: 7.3129862 | F67: =[21]May_2022!$M$43 -> 3.4878407 | I67: 8.6614709 | J67: 5.5 | M67: 0.73160819 | N67: 1
B68: STARMALT | D68: 2.0782987 | E68: 2.8629318 | F68: 3.3 | H68: 3.455985 | I68: 4.347882 | J68: 3.3 | L68: 0.88859649 | M68: 0.85935681 | N68: 1
B69: IPA | E69: 11.483254 | F69: 7.5 | I69: 9.7934336 | J69: 7.5 | M69: 0.3245614 | N69: 1
B70: HURRICANE REEF PILS | E70: 7.2653645 | F70: 4.8 | I70: 8.1715311 | J70: 4.8 | M70: 0.51368421 | N70: 1
D71: 4.9372281 | E71: 6.3360354 | F71: 5.5 | H71: 4.6389451 | I71: 6.4962151 | J71: 5.5 | L71: 0.74162963 | M71: 0.73176422 | N71: 1

Sheet Oct.9th
S1: P.G. | U1: Hot Time | W1: Process Time | Y1: Cooling Time
B2: Brewing Department Daily Process Loss Report | S2: Lower | T2: Upper | U2: Lower | V2: Upper | W2: Lower | X2: Upper | Y2: Lower | Z2: Upper
R3: CARIB | S3: 11.6 | T3: 12 | U3: 0 | V3: 0.11805556 | W3: 0.22569444 | X3: 0.26388889 | Y3: 0 | Z3: 60 | AB3: HR- PISNER
B4: Date: | C4: 45940 | J4: LOT WORT COLOUR: 3.3 | M4: Filter Sheets (Target 20 days) | R4: STAG | S4: 11.6 | T4: 12 | U4: 0 | V4: 0.11805556 | W4: 0.22569444 | X4: 0.26388889 | Y4: 0 | Z4: 60
M5: Double | N5: Single | R5: GUINNESS | S5: 17 | T5: 17.5 | U5: 0 | V5: 0.10763889 | W5: 0.24652778 | X5: 0.28472222 | Y5: 0 | Z5: 60
J6: MALT LOT: Lot #3 | L6: Sheet Day | R6: MACKESON | S6: 13.3 | T6: 13.5 | U6: 0 | V6: 0.12905093 | W6: 0.27430556 | X6: 0.30208333 | Y6: 0
R7: STARMALT | S7: 17 | T7: 17.4 | U7: 0 | V7: 0.13605324 | W7: 0.27430556 | X7: 0.30902778 | Y7: 0 | Z7: 85
B8: Brand | C8: Brew no. | D8: Kett. Hls | E8: Wort | F8: Cool Time(Mins) | G8: Cast. P.G. (Lab Result) | H8: Cast P.G. (Cellar Operator)-gravity | I8: Extr. Rec (77.9%) | J8: Theor. Extr. (77.5%) | K8: Boil Off /Vol. (4-6%) | L8: Boil Time | M8: Total Hot | N8: Brewing | O8: Operator | R8: Hurricane Reef | S8: 16.6 | T8: 17 | U8: 0 | V8: 0.12905093 | W8: 0.27430556 | X8: 0.30208333 | Y8: 0
E9: Meter (Hls) | F9: Target(< 60Mins) | M9: Time | R9: VITAMALT | S9: 14.2 | T9: 14.6 | U9: 0 | V9: 0.13905093 | W9: 0.26041667 | X9: 0.29513889 | Y9: 0 | Z9: 75
B10: CARIB | C10: =[22]Brewhouse!$A857 -> CA747 | D10: =[22]Brewhouse!$AF857 -> 51.2 | E10: =[22]Brewhouse!$AI857 -> 48.7 | F10: =[22]Brewhouse!$V857 -> 59 | G10: =[22]Brewhouse!AG857 -> 11.8 | I10: =[22]Brewhouse!$AU857 -> 94.339249 | J10: =[22]Brewhouse!$AV857 -> 96.246202 | K10: =[22]Brewhouse!$Q857 -> 4.9340866 | L10: =[22]Brewhouse!$P857 -> 60 | M10: =[22]Brewhouse!$U857-[22]Brewhouse!$T857 -> 0.1125 | N10: =[22]Brewhouse!$Z857 -> 0.25277778 | O10: =[22]Brewhouse!$AX857 -> R. Regis | R10: =B10 -> CARIB | S10: =VLOOKUP($B10,$R$3:$X$9,2,FALSE) -> 11.6 | T10: =VLOOKUP($B10,$R$3:$X$9,3,FALSE) -> 12 | U10: =VLOOKUP($B10,$R$3:$X$9,4,FALSE) -> 0 | V10: =VLOOKUP($B10,$R$3:$X$9,5,FALSE) -> 0.11805556 | W10: =VLOOKUP($B10,$R$3:$X$9,6,FALSE) -> 0.22569444 | X10: =VLOOKUP($B10,$R$3:$X$9,7,FALSE) -> 0.26388889 | Y10: =VLOOKUP($B10,$R$3:$Z$9,8,FALSE) -> 0 | Z10: =VLOOKUP($B10,$R$3:$Z$9,9,FALSE) -> 60
B11: CARIB | C11: =[22]Brewhouse!$A858 -> CA748 | D11: =[22]Brewhouse!$AF858 -> 52 | E11: =[22]Brewhouse!$AI858 -> 50.2 | F11: =[22]Brewhouse!$V858 -> 56 | G11: =[22]Brewhouse!AG858 -> 11.8 | H11: 11.9 | I11: =[22]Brewhouse!$AU858 -> 96.88375 | J11: =[22]Brewhouse!$AV858 -> 98.842615 | K11: =[22]Brewhouse!$Q858 -> 4.180791 | L11: =[22]Brewhouse!$P858 -> 57 | M11: =[22]Brewhouse!$U858-[22]Brewhouse!$T858 -> 0.10555556 | N11: =[22]Brewhouse!$Z858 -> 0.25138889 | O11: =[22]Brewhouse!$AX858 -> R.Sookram | R11: =B11 -> CARIB | S11: =VLOOKUP($B11,$R$3:$X$9,2,FALSE) -> 11.6 | T11: =VLOOKUP($B11,$R$3:$X$9,3,FALSE) -> 12 | U11: =VLOOKUP($B11,$R$3:$X$9,4,FALSE) -> 0 | V11: =VLOOKUP($B11,$R$3:$X$9,5,FALSE) -> 0.11805556 | W11: =VLOOKUP($B11,$R$3:$X$9,6,FALSE) -> 0.22569444 | X11: =VLOOKUP($B11,$R$3:$X$9,7,FALSE) -> 0.26388889 | Y11: =VLOOKUP($B11,$R$3:$Z$9,8,FALSE) -> 0 | Z11: =VLOOKUP($B11,$R$3:$Z$9,9,FALSE) -> 60
B12: CARIB | C12: =[22]Brewhouse!$A859 -> CA749 | D12: =[22]Brewhouse!$AF859 -> 52.4 | E12: =[22]Brewhouse!$AI859 -> 51.5 | F12: =[22]Brewhouse!$V859 -> 63 | G12: =[22]Brewhouse!AG859 -> 11.7 | H12: 11.8 | I12: =[22]Brewhouse!$AU859 -> 98.384875 | J12: =[22]Brewhouse!$AV859 -> 100.37425 | K12: =[22]Brewhouse!$Q859 -> 4.180791 | L12: =[22]Brewhouse!$P859 -> 66 | M12: =[22]Brewhouse!$U859-[22]Brewhouse!$T859 -> 0.12638889 | N12: =[22]Brewhouse!$Z859 -> 0.27152778 | O12: =[22]Brewhouse!$AX859 -> R.Sookram | R12: =B12 -> CARIB | S12: =VLOOKUP($B12,$R$3:$X$9,2,FALSE) -> 11.6 | T12: =VLOOKUP($B12,$R$3:$X$9,3,FALSE) -> 12 | U12: =VLOOKUP($B12,$R$3:$X$9,4,FALSE) -> 0 | V12: =VLOOKUP($B12,$R$3:$X$9,5,FALSE) -> 0.11805556 | W12: =VLOOKUP($B12,$R$3:$X$9,6,FALSE) -> 0.22569444 | X12: =VLOOKUP($B12,$R$3:$X$9,7,FALSE) -> 0.26388889 | Y12: =VLOOKUP($B12,$R$3:$Z$9,8,FALSE) -> 0 | Z12: =VLOOKUP($B12,$R$3:$Z$9,9,FALSE) -> 60
B13: CARIB | C13: =[22]Brewhouse!$A860 -> CA750 | D13: =[22]Brewhouse!$AF860 -> 51.9 | E13: =[22]Brewhouse!$AI860 -> 50 | F13: =[22]Brewhouse!$V860 -> 58 | G13: =[22]Brewhouse!AG860 -> 11.9 | H13: 11.88 | I13: =[22]Brewhouse!$AU860 -> 97.478647 | J13: =[22]Brewhouse!$AV860 -> 99.44938 | K13: =[22]Brewhouse!$Q860 -> 3.6158192 | L13: =[22]Brewhouse!$P860 -> 57 | M13: =[22]Brewhouse!$U860-[22]Brewhouse!$T860 -> 0.10763889 | N13: =[22]Brewhouse!$Z860 -> 0.26666667 | O13: =[22]Brewhouse!$AX860 -> R.Sookram | R13: =B13 -> CARIB | S13: =VLOOKUP($B13,$R$3:$X$9,2,FALSE) -> 11.6 | T13: =VLOOKUP($B13,$R$3:$X$9,3,FALSE) -> 12 | U13: =VLOOKUP($B13,$R$3:$X$9,4,FALSE) -> 0 | V13: =VLOOKUP($B13,$R$3:$X$9,5,FALSE) -> 0.11805556 | W13: =VLOOKUP($B13,$R$3:$X$9,6,FALSE) -> 0.22569444 | X13: =VLOOKUP($B13,$R$3:$X$9,7,FALSE) -> 0.26388889 | Y13: =VLOOKUP($B13,$R$3:$Z$9,8,FALSE) -> 0 | Z13: =VLOOKUP($B13,$R$3:$Z$9,9,FALSE) -> 60
B14: CARIB | C14: =[22]Brewhouse!$A861 -> CA751 | D14: =[22]Brewhouse!$AF861 -> 51.3 | E14: =[22]Brewhouse!$AI861 -> 50.5 | F14: =[22]Brewhouse!$V861 -> 59 | G14: =[22]Brewhouse!AG861 -> 11.6 | H14: 11.81 | I14: =[22]Brewhouse!$AU861 -> 96.201617 | J14: =[22]Brewhouse!$AV861 -> 98.146058 | K14: =[22]Brewhouse!$Q861 -> 4.5660377 | L14: =[22]Brewhouse!$P861 -> 60 | M14: =[22]Brewhouse!$U861-[22]Brewhouse!$T861 -> 0.21458333 | N14: =[22]Brewhouse!$Z861 -> 0.36666667 | O14: =[22]Brewhouse!$AX861 -> K.Benjamin | P14: 10mins extra boil | R14: =B14 -> CARIB | S14: =VLOOKUP($B14,$R$3:$X$9,2,FALSE) -> 11.6 | T14: =VLOOKUP($B14,$R$3:$X$9,3,FALSE) -> 12 | U14: =VLOOKUP($B14,$R$3:$X$9,4,FALSE) -> 0 | V14: =VLOOKUP($B14,$R$3:$X$9,5,FALSE) -> 0.11805556 | W14: =VLOOKUP($B14,$R$3:$X$9,6,FALSE) -> 0.22569444 | X14: =VLOOKUP($B14,$R$3:$X$9,7,FALSE) -> 0.26388889 | Y14: =VLOOKUP($B14,$R$3:$Z$9,8,FALSE) -> 0 | Z14: =VLOOKUP($B14,$R$3:$Z$9,9,FALSE) -> 60
B15: CARIB | C15: =[22]Brewhouse!$A862 -> CA752 | D15: =[22]Brewhouse!$AF862 -> 54.8 | E15: =[22]Brewhouse!$AI862 -> 52.8 | F15: =[22]Brewhouse!$V862 -> 58 | G15: =[22]Brewhouse!AG862 -> 11.9 | H15: 11.8 | I15: =[22]Brewhouse!$AU862 -> 103.19332 | J15: =[22]Brewhouse!$AV862 -> 105.27924 | K15: =[22]Brewhouse!$Q862 -> -0.52830189 | L15: =[22]Brewhouse!$P862 -> 60 | M15: =[22]Brewhouse!$U862-[22]Brewhouse!$T862 -> 0.12152778 | N15: =[22]Brewhouse!$Z862 -> 0.26736111 | O15: =[22]Brewhouse!$AX862 -> K.Benjamin | P15: 10mins extra boil | R15: =B15 -> CARIB | S15: =VLOOKUP($B15,$R$3:$X$9,2,FALSE) -> 11.6 | T15: =VLOOKUP($B15,$R$3:$X$9,3,FALSE) -> 12 | U15: =VLOOKUP($B15,$R$3:$X$9,4,FALSE) -> 0 | V15: =VLOOKUP($B15,$R$3:$X$9,5,FALSE) -> 0.11805556 | W15: =VLOOKUP($B15,$R$3:$X$9,6,FALSE) -> 0.22569444 | X15: =VLOOKUP($B15,$R$3:$X$9,7,FALSE) -> 0.26388889 | Y15: =VLOOKUP($B15,$R$3:$Z$9,8,FALSE) -> 0 | Z15: =VLOOKUP($B15,$R$3:$Z$9,9,FALSE) -> 60
R16: =B16 -> 0 | S16: =VLOOKUP($B16,$R$3:$X$9,2,FALSE) -> #N/A | T16: =VLOOKUP($B16,$R$3:$X$9,3,FALSE) -> #N/A | U16: =VLOOKUP($B16,$R$3:$X$9,4,FALSE) -> #N/A | V16: =VLOOKUP($B16,$R$3:$X$9,5,FALSE) -> #N/A | W16: =VLOOKUP($B16,$R$3:$X$9,6,FALSE) -> #N/A | X16: =VLOOKUP($B16,$R$3:$X$9,7,FALSE) -> #N/A | Y16: =VLOOKUP($B16,$R$3:$Z$9,8,FALSE) -> #N/A | Z16: =VLOOKUP($B16,$R$3:$Z$9,9,FALSE) -> #N/A
R17: =B17 -> 0 | S17: =VLOOKUP($B17,$R$3:$X$9,2,FALSE) -> #N/A | T17: =VLOOKUP($B17,$R$3:$X$9,3,FALSE) -> #N/A | U17: =VLOOKUP($B17,$R$3:$X$9,4,FALSE) -> #N/A | V17: =VLOOKUP($B17,$R$3:$X$9,5,FALSE) -> #N/A | W17: =VLOOKUP($B17,$R$3:$X$9,6,FALSE) -> #N/A | X17: =VLOOKUP($B17,$R$3:$X$9,7,FALSE) -> #N/A | Y17: =VLOOKUP($B17,$R$3:$Z$9,8,FALSE) -> #N/A | Z17: =VLOOKUP($B17,$R$3:$Z$9,9,FALSE) -> #N/A
R18: =B18 -> 0 | S18: =VLOOKUP($B18,$R$3:$X$9,2,FALSE) -> #N/A | T18: =VLOOKUP($B18,$R$3:$X$9,3,FALSE) -> #N/A | U18: =VLOOKUP($B18,$R$3:$X$9,4,FALSE) -> #N/A | V18: =VLOOKUP($B18,$R$3:$X$9,5,FALSE) -> #N/A | W18: =VLOOKUP($B18,$R$3:$X$9,6,FALSE) -> #N/A | X18: =VLOOKUP($B18,$R$3:$X$9,7,FALSE) -> #N/A | Y18: =VLOOKUP($B18,$R$3:$Z$9,8,FALSE) -> #N/A | Z18: =VLOOKUP($B18,$R$3:$Z$9,9,FALSE) -> #N/A
R19: =B19 -> 0 | S19: =VLOOKUP($B19,$R$3:$X$9,2,FALSE) -> #N/A | T19: =VLOOKUP($B19,$R$3:$X$9,3,FALSE) -> #N/A | U19: =VLOOKUP($B19,$R$3:$X$9,4,FALSE) -> #N/A | V19: =VLOOKUP($B19,$R$3:$X$9,5,FALSE) -> #N/A | W19: =VLOOKUP($B19,$R$3:$X$9,6,FALSE) -> #N/A | X19: =VLOOKUP($B19,$R$3:$X$9,7,FALSE) -> #N/A | Y19: =VLOOKUP($B19,$R$3:$Z$9,8,FALSE) -> #N/A | Z19: =VLOOKUP($B19,$R$3:$Z$9,9,FALSE) -> #N/A
R20: =B20 -> 0 | S20: =VLOOKUP($B20,$R$3:$X$9,2,FALSE) -> #N/A | T20: =VLOOKUP($B20,$R$3:$X$9,3,FALSE) -> #N/A | U20: =VLOOKUP($B20,$R$3:$X$9,4,FALSE) -> #N/A | V20: =VLOOKUP($B20,$R$3:$X$9,5,FALSE) -> #N/A | W20: =VLOOKUP($B20,$R$3:$X$9,6,FALSE) -> #N/A | X20: =VLOOKUP($B20,$R$3:$X$9,7,FALSE) -> #N/A | Y20: =VLOOKUP($B20,$R$3:$Z$9,8,FALSE) -> #N/A | Z20: =VLOOKUP($B20,$R$3:$Z$9,9,FALSE) -> #N/A
R21: =B21 -> 0 | S21: =VLOOKUP($B21,$R$3:$X$9,2,FALSE) -> #N/A | T21: =VLOOKUP($B21,$R$3:$X$9,3,FALSE) -> #N/A | U21: =VLOOKUP($B21,$R$3:$X$9,4,FALSE) -> #N/A | V21: =VLOOKUP($B21,$R$3:$X$9,5,FALSE) -> #N/A | W21: =VLOOKUP($B21,$R$3:$X$9,6,FALSE) -> #N/A | X21: =VLOOKUP($B21,$R$3:$X$9,7,FALSE) -> #N/A | Y21: =VLOOKUP($B21,$R$3:$Z$9,8,FALSE) -> #N/A | Z21: =VLOOKUP($B21,$R$3:$Z$9,9,FALSE) -> #N/A
R22: =B22 -> 0 | S22: =VLOOKUP($B22,$R$3:$X$9,2,FALSE) -> #N/A | T22: =VLOOKUP($B22,$R$3:$X$9,3,FALSE) -> #N/A | U22: =VLOOKUP($B22,$R$3:$X$9,4,FALSE) -> #N/A | V22: =VLOOKUP($B22,$R$3:$X$9,5,FALSE) -> #N/A | W22: =VLOOKUP($B22,$R$3:$X$9,6,FALSE) -> #N/A | X22: =VLOOKUP($B22,$R$3:$X$9,7,FALSE) -> #N/A | Y22: =VLOOKUP($B22,$R$3:$Z$9,8,FALSE) -> #N/A | Z22: =VLOOKUP($B22,$R$3:$Z$9,9,FALSE) -> #N/A
R23: =B23 -> 0 | S23: =VLOOKUP($B23,$R$3:$X$9,2,FALSE) -> #N/A | T23: =VLOOKUP($B23,$R$3:$X$9,3,FALSE) -> #N/A | U23: =VLOOKUP($B23,$R$3:$X$9,4,FALSE) -> #N/A | V23: =VLOOKUP($B23,$R$3:$X$9,5,FALSE) -> #N/A | W23: =VLOOKUP($B23,$R$3:$X$9,6,FALSE) -> #N/A | X23: =VLOOKUP($B23,$R$3:$X$9,7,FALSE) -> #N/A | Y23: =VLOOKUP($B23,$R$3:$Z$9,8,FALSE) -> #N/A | Z23: =VLOOKUP($B23,$R$3:$Z$9,9,FALSE) -> #N/A
B24: BRAND | D24: BBT P.G./ O.G | I24: Brand | J24: Actual | K24: MTD No. of Brews | L24: MTD | M24: YTD | N24: Target | R24: =B24 -> BRAND | S24: =VLOOKUP($B24,$R$3:$X$9,2,FALSE) -> #N/A | T24: =VLOOKUP($B24,$R$3:$X$9,3,FALSE) -> #N/A | U24: =VLOOKUP($B24,$R$3:$X$9,4,FALSE) -> #N/A | V24: =VLOOKUP($B24,$R$3:$X$9,5,FALSE) -> #N/A | W24: =VLOOKUP($B24,$R$3:$X$9,6,FALSE) -> #N/A | X24: =VLOOKUP($B24,$R$3:$X$9,7,FALSE) -> #N/A | Y24: =VLOOKUP($B24,$R$3:$Z$9,8,FALSE) -> #N/A | Z24: =VLOOKUP($B24,$R$3:$Z$9,9,FALSE) -> #N/A
I25: CARIB | J25: =AVERAGE(I10:I15) -> 97.746909 | K25: =COUNTA([22]Brewhouse!$A$823:$A$862) -> 40 | L25: =AVERAGE([22]Brewhouse!$AU$823:$AU$862) -> 97.590265 | M25: =AVERAGE([22]Brewhouse!$AU$102:$AU$171,[22]Brewhouse!$AU$173:$AU$253,[22]Brewhouse!$AU$255:$AU$339,[22]Brewhouse!$AU$341:$AU$346,[22]Brewhouse!$AU$348,[22]Brewhouse!$AU$349:$AU$406,[22]Brewhouse!$AU$408:$AU$491,[22]Brewhouse!$AU$493:$AU$578,[22]Brewhouse!$AU$580:$AU$652,[22]Brewhouse!$AU$655:$AU$738,[22]Brewhouse!$A$740:$A$821,[22]Brewhouse!$AU$823:$AU$862) -> 97.700256 | N25: 98 | R25: =B25 -> 0 | S25: =VLOOKUP($B25,$R$3:$X$9,2,FALSE) -> #N/A | T25: =VLOOKUP($B25,$R$3:$X$9,3,FALSE) -> #N/A | U25: =VLOOKUP($B25,$R$3:$X$9,4,FALSE) -> #N/A | V25: =VLOOKUP($B25,$R$3:$X$9,5,FALSE) -> #N/A | W25: =VLOOKUP($B25,$R$3:$X$9,6,FALSE) -> #N/A | X25: =VLOOKUP($B25,$R$3:$X$9,7,FALSE) -> #N/A | Y25: =VLOOKUP($B25,$R$3:$Z$9,8,FALSE) -> #N/A | Z25: =VLOOKUP($B25,$R$3:$Z$9,9,FALSE) -> #N/A
I26: STAG | K26: =COUNTA([23]Brewhouse!$A$399:$A$419) -> 21 | L26: =AVERAGE([23]Brewhouse!$AS$399:$AS$419) -> 98.088488 | M26: =AVERAGE([23]Brewhouse!$AS$15:$AS$64,[23]Brewhouse!$AS$66:$AS$103,[23]Brewhouse!$AS$105:$AS$140,[23]Brewhouse!$AS$142:$AS$193,[23]Brewhouse!$AS$195:$AS$240,[23]Brewhouse!$AS$242:$AS$273,[23]Brewhouse!$AS$275:$AS$322,[23]Brewhouse!$AS$324:$AS$359,[23]Brewhouse!$AS$361:$AS$397,[23]Brewhouse!$AS$399:$AS$419) -> 98.001236 | N26: 98 | R26: =B26 -> 0 | S26: =VLOOKUP($B26,$R$3:$X$9,2,FALSE) -> #N/A | T26: =VLOOKUP($B26,$R$3:$X$9,3,FALSE) -> #N/A | U26: =VLOOKUP($B26,$R$3:$X$9,4,FALSE) -> #N/A | V26: =VLOOKUP($B26,$R$3:$X$9,5,FALSE) -> #N/A | W26: =VLOOKUP($B26,$R$3:$X$9,6,FALSE) -> #N/A | X26: =VLOOKUP($B26,$R$3:$X$9,7,FALSE) -> #N/A | Y26: =VLOOKUP($B26,$R$3:$Z$9,8,FALSE) -> #N/A | Z26: =VLOOKUP($B26,$R$3:$Z$9,9,FALSE) -> #N/A
I27: GUINNESS | M27: =AVERAGE([24]Brewhouse!$AU$4:$AU$7,[24]Brewhouse!$AU$9:$AU$22,[24]Brewhouse!$AU$24:$AU$35,[24]Brewhouse!$AU$37:$AU$45,[24]Brewhouse!$AU$47:$AU$62,[24]Brewhouse!$AU$64:$AU$79,[24]Brewhouse!$AU$81:$AU$92,[24]Brewhouse!$AU$94:$AU$97) -> 96.8166 | N27: 98 | R27: =B27 -> 0 | S27: =VLOOKUP($B27,$R$3:$X$9,2,FALSE) -> #N/A | T27: =VLOOKUP($B27,$R$3:$X$9,3,FALSE) -> #N/A | U27: =VLOOKUP($B27,$R$3:$X$9,4,FALSE) -> #N/A | V27: =VLOOKUP($B27,$R$3:$X$9,5,FALSE) -> #N/A | W27: =VLOOKUP($B27,$R$3:$X$9,6,FALSE) -> #N/A | X27: =VLOOKUP($B27,$R$3:$X$9,7,FALSE) -> #N/A | Y27: =VLOOKUP($B27,$R$3:$Z$9,8,FALSE) -> #N/A | Z27: =VLOOKUP($B27,$R$3:$Z$9,9,FALSE) -> #N/A
I28: VITAMALT | M28: =AVERAGE([25]Brewhouse!$AV$5:$AV$14,[25]Brewhouse!$AV$16:$AV$19,[25]Brewhouse!$AV$21:$AV$24,[25]Brewhouse!$AV$26:$AV$33,[25]Brewhouse!$AV$35:$AV$46,[25]Brewhouse!$AV$48:$AV$53,[25]Brewhouse!$AV$55:$AV$62,[25]Brewhouse!$AV$64:$AV$77,[25]Brewhouse!$AV$79:$AV$86) -> 98.293408 | N28: 98 | R28: =B28 -> 0 | S28: =VLOOKUP($B28,$R$3:$X$9,2,FALSE) -> #N/A | T28: =VLOOKUP($B28,$R$3:$X$9,3,FALSE) -> #N/A | U28: =VLOOKUP($B28,$R$3:$X$9,4,FALSE) -> #N/A | V28: =VLOOKUP($B28,$R$3:$X$9,5,FALSE) -> #N/A | W28: =VLOOKUP($B28,$R$3:$X$9,6,FALSE) -> #N/A | X28: =VLOOKUP($B28,$R$3:$X$9,7,FALSE) -> #N/A | Y28: =VLOOKUP($B28,$R$3:$Z$9,8,FALSE) -> #N/A | Z28: =VLOOKUP($B28,$R$3:$Z$9,9,FALSE) -> #N/A
I29: MAXIMALT | N29: 98 | R29: =B29 -> 0 | S29: =VLOOKUP($B29,$R$3:$X$9,2,FALSE) -> #N/A | T29: =VLOOKUP($B29,$R$3:$X$9,3,FALSE) -> #N/A | U29: =VLOOKUP($B29,$R$3:$X$9,4,FALSE) -> #N/A | V29: =VLOOKUP($B29,$R$3:$X$9,5,FALSE) -> #N/A | W29: =VLOOKUP($B29,$R$3:$X$9,6,FALSE) -> #N/A | X29: =VLOOKUP($B29,$R$3:$X$9,7,FALSE) -> #N/A | Y29: =VLOOKUP($B29,$R$3:$Z$9,8,FALSE) -> #N/A | Z29: =VLOOKUP($B29,$R$3:$Z$9,9,FALSE) -> #N/A
I30: MACKESON | M30: =AVERAGE([26]Brewhouse!$AT$4:$AT$11,[26]Brewhouse!$AT$13:$AT$16,[26]Brewhouse!$AT$18:$AT$21,[26]Brewhouse!$AT$26,[26]Brewhouse!$AT$28:$AT$35) -> 94.794664 | N30: 98 | R30: =B30 -> 0 | S30: =VLOOKUP($B30,$R$3:$X$9,2,FALSE) -> #N/A | T30: =VLOOKUP($B30,$R$3:$X$9,3,FALSE) -> #N/A | U30: =VLOOKUP($B30,$R$3:$X$9,4,FALSE) -> #N/A | V30: =VLOOKUP($B30,$R$3:$X$9,5,FALSE) -> #N/A | W30: =VLOOKUP($B30,$R$3:$X$9,6,FALSE) -> #N/A | X30: =VLOOKUP($B30,$R$3:$X$9,7,FALSE) -> #N/A | Y30: =VLOOKUP($B30,$R$3:$Z$9,8,FALSE) -> #N/A | Z30: =VLOOKUP($B30,$R$3:$Z$9,9,FALSE) -> #N/A
I31: STARMALT | M31: =AVERAGE([27]Brewhouse!$AY$6:$AY$13,[27]Brewhouse!$AY$15:$AY$20,[27]Brewhouse!$AY$22:$AY$29,[27]Brewhouse!$AY$31:$AY$34,[27]Brewhouse!$AY$36:$AY$43,[27]Brewhouse!$AY$45:$AY$50, [27]Brewhouse!$AY$56:$AY$73,[27]Brewhouse!$AY$75:$AY$92) -> 97.477741 | N31: 98 | R31: =B31 -> 0 | S31: =VLOOKUP($B31,$R$3:$X$9,2,FALSE) -> #N/A | T31: =VLOOKUP($B31,$R$3:$X$9,3,FALSE) -> #N/A | U31: =VLOOKUP($B31,$R$3:$X$9,4,FALSE) -> #N/A | V31: =VLOOKUP($B31,$R$3:$X$9,5,FALSE) -> #N/A | W31: =VLOOKUP($B31,$R$3:$X$9,6,FALSE) -> #N/A | X31: =VLOOKUP($B31,$R$3:$X$9,7,FALSE) -> #N/A | Y31: =VLOOKUP($B31,$R$3:$Z$9,8,FALSE) -> #N/A | Z31: =VLOOKUP($B31,$R$3:$Z$9,9,FALSE) -> #N/A
I32: HR- Pils | M32: =AVERAGE([28]Brewhouse!$AU$5:$AU$8,[28]Brewhouse!$AU$10:$AU$13,[27]Brewhouse!$AY$75:$AY$77) -> 94.749192 | N32: 98 | R32: =B32 -> 0 | S32: =VLOOKUP($B32,$R$3:$X$9,2,FALSE) -> #N/A | T32: =VLOOKUP($B32,$R$3:$X$9,3,FALSE) -> #N/A | U32: =VLOOKUP($B32,$R$3:$X$9,4,FALSE) -> #N/A | V32: =VLOOKUP($B32,$R$3:$X$9,5,FALSE) -> #N/A | W32: =VLOOKUP($B32,$R$3:$X$9,6,FALSE) -> #N/A | X32: =VLOOKUP($B32,$R$3:$X$9,7,FALSE) -> #N/A | Y32: =VLOOKUP($B32,$R$3:$Z$9,8,FALSE) -> #N/A | Z32: =VLOOKUP($B32,$R$3:$Z$9,9,FALSE) -> #N/A
I33: HR- IPA | M33: =AVERAGE([29]Brewhouse!$AW$26:$AW$27) -> 95.310681 | N33: 98 | R33: =B33 -> 0 | S33: =VLOOKUP($B33,$R$3:$X$9,2,FALSE) -> #N/A | T33: =VLOOKUP($B33,$R$3:$X$9,3,FALSE) -> #N/A | U33: =VLOOKUP($B33,$R$3:$X$9,4,FALSE) -> #N/A | V33: =VLOOKUP($B33,$R$3:$X$9,5,FALSE) -> #N/A | W33: =VLOOKUP($B33,$R$3:$X$9,6,FALSE) -> #N/A | X33: =VLOOKUP($B33,$R$3:$X$9,7,FALSE) -> #N/A | Y33: =VLOOKUP($B33,$R$3:$Z$9,8,FALSE) -> #N/A | Z33: =VLOOKUP($B33,$R$3:$Z$9,9,FALSE) -> #N/A
I34: HR- APA | M34: =AVERAGE([30]Brewhouse!$AU$13:$AU$14) -> 97.110575 | N34: 98 | R34: =B34 -> 0 | S34: =VLOOKUP($B34,$R$3:$X$9,2,FALSE) -> #N/A | T34: =VLOOKUP($B34,$R$3:$X$9,3,FALSE) -> #N/A | U34: =VLOOKUP($B34,$R$3:$X$9,4,FALSE) -> #N/A | V34: =VLOOKUP($B34,$R$3:$X$9,5,FALSE) -> #N/A | W34: =VLOOKUP($B34,$R$3:$X$9,6,FALSE) -> #N/A | X34: =VLOOKUP($B34,$R$3:$X$9,7,FALSE) -> #N/A | Y34: =VLOOKUP($B34,$R$3:$Z$9,8,FALSE) -> #N/A | Z34: =VLOOKUP($B34,$R$3:$Z$9,9,FALSE) -> #N/A
K35: =SUM(K25:K34) -> 61 | L35: =((L25*K25)+(L26*K26)+(L27*K27)+(L28*K28)+(L29*K29)+(K32*L32)+(L30*K30)+(L31*K31)+(L34*K34))/(K35) -> 97.761784 | M35: =AVERAGE('[31]Jan 31st'!$L$65,'[32]Feb 28th'!$L$35,'[33]Mar. 31st'!$L$35,'[34]Apr. 30th'!$L$45,'[35]May 30th'!$L$37,'[36]June 30th'!$L$57,'[37]July 29th '!$L$44,'[38]Aug 29th'!$L$29,'[39]Sept 30th'!$L$35,L35) -> 97.594129 | N35: 98 | R35: =B35 -> 0 | S35: =VLOOKUP($B35,$R$3:$X$9,2,FALSE) -> #N/A | T35: =VLOOKUP($B35,$R$3:$X$9,3,FALSE) -> #N/A | U35: =VLOOKUP($B35,$R$3:$X$9,4,FALSE) -> #N/A | V35: =VLOOKUP($B35,$R$3:$X$9,5,FALSE) -> #N/A | W35: =VLOOKUP($B35,$R$3:$X$9,6,FALSE) -> #N/A | X35: =VLOOKUP($B35,$R$3:$X$9,7,FALSE) -> #N/A | Y35: =VLOOKUP($B35,$R$3:$Z$9,8,FALSE) -> #N/A | Z35: =VLOOKUP($B35,$R$3:$Z$9,9,FALSE) -> #N/A
R36: =B36 -> 0 | S36: =VLOOKUP($B36,$R$3:$X$9,2,FALSE) -> #N/A | T36: =VLOOKUP($B36,$R$3:$X$9,3,FALSE) -> #N/A | U36: =VLOOKUP($B36,$R$3:$X$9,4,FALSE) -> #N/A | V36: =VLOOKUP($B36,$R$3:$X$9,5,FALSE) -> #N/A | W36: =VLOOKUP($B36,$R$3:$X$9,6,FALSE) -> #N/A | X36: =VLOOKUP($B36,$R$3:$X$9,7,FALSE) -> #N/A | Y36: =VLOOKUP($B36,$R$3:$Z$9,8,FALSE) -> #N/A | Z36: =VLOOKUP($B36,$R$3:$Z$9,9,FALSE) -> #N/A
J37: Daily Brewing Plan
J38: Brand | K38: Brews Achieved | L38: Average Brews per day
J39: CARIB | K39: =COUNTA(B10:B15) -> 6 | L39: MTD | M39: YTD | N39: TARGET
J40: STAG | L40: =AVERAGE('Oct. 1st'!K49,,'Oct. 2nd'!K51,'Oct. 3rd'!K46,'Oct. 6th'!K54,Oct.7th!K50,Oct.8th!K48,K49) -> 7.625 | M40: =AVERAGE('[31]Jan 29th '!$M$70,'[32]Feb 28th'!$L$40,'[33]Mar. 31st'!$L$40,'[34]Apr. 30th'!$L$50,'[35]May 30th'!$L$42,'[36]June 30th'!$L$62,'[37]July 29th '!$L$49,'[38]Aug 29th'!$L$34,'[39]Sept 30th'!$L$40,L40) -> 7.0686278 | N40: 9.2
J41: GUINN
J42: VITAMALT
J43: STARMALT
J44: MACKESON
J45: HURRICANE REEF- IPA
J46: HURRICANE REEF- APA
B47: AVERAGE | D47: =AVERAGE(D25:E46) -> #DIV/0! | J47: HR- PILSNER
J48: CARIBE
J49: Total | K49: =SUM(K39:K48) -> 6
B50: Process: | C50: Fermentation/Filtration
B52: Brand | C52: Filt. Date | D52: FV Hls | E52: GFE/ Prim/ Vita Blend (Hls) | F52: SV Hls | G52: BBT Hls | H52: Loss (%) Ferm | I52: Loss (%) Filt | J52: Comments | K52: Throughput | L52: Process Loss (%) | M52: Filt. Operator
AB53: 43474 | AC53: 43475 | AD53: 43476 | AE53: 43477 | AF53: 43478 | AG53: 43479 | AH53: 43480 | AI53: 43481 | AJ53: 43482 | AK53: 43483 | AL53: 43484 | AM53: 43485 | AN53: 43486 | AO53: 43487 | AP53: 43488 | AQ53: 43489 | AR53: 43490 | AS53: 43491 | AT53: 43492 | AU53: 43493 | AV53: 43494 | AW53: 43495 | AX53: 43496
AB54: =[20]January_2019!L7 -> 285.8 | AC54: =[20]January_2019!M7 -> 508.1 | AD54: =[20]January_2019!N7 -> 0 | AE54: =[20]January_2019!O7 -> 0 | AF54: =[20]January_2019!P7 -> 109.56667 | AG54: =[20]January_2019!Q7 -> 297.65 | AH54: =[20]January_2019!R7 -> 122.3 | AI54: =[20]January_2019!S7 -> 0 | ... AX54: =[20]January_2019!AH7 -> 0
L58: =(((D58+E58)-G58)/(D58+E58))*100 -> #DIV/0!
B61: Process Loss (Volume) | G61: Process Loss (Extract) | K61: Throughput
B62: Brand | C62: Actual | D62: MTD | E62: YTD | F62: Target | G62: Actual | H62: MTD | I62: YTD | J62: Target | K62: Actual | L62: MTD | M62: YTD | N62: Target
B63: CARIB | D63: 5.4280583 | E63: 6.3177809 | F63: 4.8 | H63: 4.2640628 | I63: 6.1869451 | J63: 4.8 | L63: 0.65879609 | M63: 0.76418506 | N63: 1
B64: STAG | D64: 4.9899914 | E64: 5.898691 | F64: 4.8 | H64: 4.1514556 | I64: 5.5953406 | J64: 4.8 | L64: 0.76762435 | M64: 0.71798544 | N64: 1
B65: GUINN | D65: 9.535334 | E65: 11.690789 | F65: 5.5 | H65: 9.7076284 | I65: 12.61701 | J65: 5.5 | L65: 0.9345 | M65: 0.54931805 | N65: 1
B66: VITAMALT | E66: 5.1192333 | F66: 3.3 | I66: 4.4772095 | J66: 3.3 | M66: 0.8002595 | N66: 1
B67: APA | E67: 7.8373016 | F67: 3.3 | I67: 5.3377569 | J67: 3 | M67: 0.32596491 | N67: 1
B68: MACKESON | E68: 7.3129862 | F68: =[21]May_2022!$M$43 -> 3.4878407 | I68: 8.6614709 | J68: 5.5 | M68: 0.73160819 | N68: 1
B69: STARMALT | D69: 2.0782987 | E69: 2.8629318 | F69: 3.3 | H69: 3.455985 | I69: 4.347882 | J69: 3.3 | L69: 0.88859649 | M69: 0.85935681 | N69: 1
B70: IPA | E70: 11.483254 | F70: 7.5 | I70: 9.7934336 | J70: 7.5 | M70: 0.3245614 | N70: 1
B71: HURRICANE REEF PILS | E71: 7.2653645 | F71: 4.8 | I71: 8.1715311 | J71: 4.8 | M71: 0.51368421 | N71: 1
D72: 4.9372281 | E72: 6.3360354 | F72: 5.5 | H72: 4.6389451 | I72: 6.4962151 | J72: 5.5 | L72: 0.74162963 | M72: 0.73176422 | N72: 1

Sheet Oct.10th
S1: P.G. | U1: Hot Time | W1: Process Time | Y1: Cooling Time
B2: Brewing Department Daily Process Loss Report | S2: Lower | T2: Upper | U2: Lower | V2: Upper | W2: Lower | X2: Upper | Y2: Lower | Z2: Upper
R3: CARIB | S3: 11.6 | T3: 12 | U3: 0 | V3: 0.11805556 | W3: 0.22569444 | X3: 0.26388889 | Y3: 0 | Z3: 60 | AB3: HR- PISNER
B4: Date: | C4: 45943 | J4: LOT WORT COLOUR: 3.3 | M4: Filter Sheets (Target 20 days) | R4: STAG | S4: 11.6 | T4: 12 | U4: 0 | V4: 0.11805556 | W4: 0.22569444 | X4: 0.26388889 | Y4: 0 | Z4: 60
M5: Double | N5: Single | R5: GUINNESS | S5: 17 | T5: 17.5 | U5: 0 | V5: 0.10763889 | W5: 0.24652778 | X5: 0.28472222 | Y5: 0 | Z5: 60
J6: MALT LOT: Lot #3 | L6: Sheet Day | R6: MACKESON | S6: 13.3 | T6: 13.5 | U6: 0 | V6: 0.12905093 | W6: 0.27430556 | X6: 0.30208333 | Y6: 0
R7: STARMALT | S7: 17 | T7: 17.4 | U7: 0 | V7: 0.13605324 | W7: 0.27430556 | X7: 0.30902778 | Y7: 0 | Z7: 85
B8: Brand | C8: Brew no. | D8: Kett. Hls | E8: Wort | F8: Cool Time(Mins) | G8: Cast. P.G. (Lab Result) | H8: Cast P.G. (Cellar Operator)-gravity | I8: Extr. Rec (77.9%) | J8: Theor. Extr. (77.5%) | K8: Boil Off /Vol. (4-6%) | L8: Boil Time | M8: Total Hot | N8: Brewing | O8: Operator | R8: Hurricane Reef | S8: 16.6 | T8: 17 | U8: 0 | V8: 0.12905093 | W8: 0.27430556 | X8: 0.30208333 | Y8: 0
E9: Meter (Hls) | F9: Target(< 60Mins) | M9: Time | R9: VITAMALT | S9: 14.2 | T9: 14.6 | U9: 0 | V9: 0.13905093 | W9: 0.26041667 | X9: 0.29513889 | Y9: 0 | Z9: 75
R10: =B10 -> 0 | S10: =VLOOKUP($B10,$R$3:$X$9,2,FALSE) -> #N/A | T10: =VLOOKUP($B10,$R$3:$X$9,3,FALSE) -> #N/A | U10: =VLOOKUP($B10,$R$3:$X$9,4,FALSE) -> #N/A | V10: =VLOOKUP($B10,$R$3:$X$9,5,FALSE) -> #N/A | W10: =VLOOKUP($B10,$R$3:$X$9,6,FALSE) -> #N/A | X10: =VLOOKUP($B10,$R$3:$X$9,7,FALSE) -> #N/A | Y10: =VLOOKUP($B10,$R$3:$Z$9,8,FALSE) -> #N/A | Z10: =VLOOKUP($B10,$R$3:$Z$9,9,FALSE) -> #N/A
R11: =B11 -> 0 | S11: =VLOOKUP($B11,$R$3:$X$9,2,FALSE) -> #N/A | T11: =VLOOKUP($B11,$R$3:$X$9,3,FALSE) -> #N/A | U11: =VLOOKUP($B11,$R$3:$X$9,4,FALSE) -> #N/A | V11: =VLOOKUP($B11,$R$3:$X$9,5,FALSE) -> #N/A | W11: =VLOOKUP($B11,$R$3:$X$9,6,FALSE) -> #N/A | X11: =VLOOKUP($B11,$R$3:$X$9,7,FALSE) -> #N/A | Y11: =VLOOKUP($B11,$R$3:$Z$9,8,FALSE) -> #N/A | Z11: =VLOOKUP($B11,$R$3:$Z$9,9,FALSE) -> #N/A
R12: =B12 -> 0 | S12: =VLOOKUP($B12,$R$3:$X$9,2,FALSE) -> #N/A | T12: =VLOOKUP($B12,$R$3:$X$9,3,FALSE) -> #N/A | U12: =VLOOKUP($B12,$R$3:$X$9,4,FALSE) -> #N/A | V12: =VLOOKUP($B12,$R$3:$X$9,5,FALSE) -> #N/A | W12: =VLOOKUP($B12,$R$3:$X$9,6,FALSE) -> #N/A | X12: =VLOOKUP($B12,$R$3:$X$9,7,FALSE) -> #N/A | Y12: =VLOOKUP($B12,$R$3:$Z$9,8,FALSE) -> #N/A | Z12: =VLOOKUP($B12,$R$3:$Z$9,9,FALSE) -> #N/A
R13: =B13 -> 0 | S13: =VLOOKUP($B13,$R$3:$X$9,2,FALSE) -> #N/A | T13: =VLOOKUP($B13,$R$3:$X$9,3,FALSE) -> #N/A | U13: =VLOOKUP($B13,$R$3:$X$9,4,FALSE) -> #N/A | V13: =VLOOKUP($B13,$R$3:$X$9,5,FALSE) -> #N/A | W13: =VLOOKUP($B13,$R$3:$X$9,6,FALSE) -> #N/A | X13: =VLOOKUP($B13,$R$3:$X$9,7,FALSE) -> #N/A | Y13: =VLOOKUP($B13,$R$3:$Z$9,8,FALSE) -> #N/A | Z13: =VLOOKUP($B13,$R$3:$Z$9,9,FALSE) -> #N/A
R14: =B14 -> 0 | S14: =VLOOKUP($B14,$R$3:$X$9,2,FALSE) -> #N/A | T14: =VLOOKUP($B14,$R$3:$X$9,3,FALSE) -> #N/A | U14: =VLOOKUP($B14,$R$3:$X$9,4,FALSE) -> #N/A | V14: =VLOOKUP($B14,$R$3:$X$9,5,FALSE) -> #N/A | W14: =VLOOKUP($B14,$R$3:$X$9,6,FALSE) -> #N/A | X14: =VLOOKUP($B14,$R$3:$X$9,7,FALSE) -> #N/A | Y14: =VLOOKUP($B14,$R$3:$Z$9,8,FALSE) -> #N/A | Z14: =VLOOKUP($B14,$R$3:$Z$9,9,FALSE) -> #N/A
R15: =B15 -> 0 | S15: =VLOOKUP($B15,$R$3:$X$9,2,FALSE) -> #N/A | T15: =VLOOKUP($B15,$R$3:$X$9,3,FALSE) -> #N/A | U15: =VLOOKUP($B15,$R$3:$X$9,4,FALSE) -> #N/A | V15: =VLOOKUP($B15,$R$3:$X$9,5,FALSE) -> #N/A | W15: =VLOOKUP($B15,$R$3:$X$9,6,FALSE) -> #N/A | X15: =VLOOKUP($B15,$R$3:$X$9,7,FALSE) -> #N/A | Y15: =VLOOKUP($B15,$R$3:$Z$9,8,FALSE) -> #N/A | Z15: =VLOOKUP($B15,$R$3:$Z$9,9,FALSE) -> #N/A
R16: =B16 -> 0 | S16: =VLOOKUP($B16,$R$3:$X$9,2,FALSE) -> #N/A | T16: =VLOOKUP($B16,$R$3:$X$9,3,FALSE) -> #N/A | U16: =VLOOKUP($B16,$R$3:$X$9,4,FALSE) -> #N/A | V16: =VLOOKUP($B16,$R$3:$X$9,5,FALSE) -> #N/A | W16: =VLOOKUP($B16,$R$3:$X$9,6,FALSE) -> #N/A | X16: =VLOOKUP($B16,$R$3:$X$9,7,FALSE) -> #N/A | Y16: =VLOOKUP($B16,$R$3:$Z$9,8,FALSE) -> #N/A | Z16: =VLOOKUP($B16,$R$3:$Z$9,9,FALSE) -> #N/A
R17: =B17 -> 0 | S17: =VLOOKUP($B17,$R$3:$X$9,2,FALSE) -> #N/A | T17: =VLOOKUP($B17,$R$3:$X$9,3,FALSE) -> #N/A | U17: =VLOOKUP($B17,$R$3:$X$9,4,FALSE) -> #N/A | V17: =VLOOKUP($B17,$R$3:$X$9,5,FALSE) -> #N/A | W17: =VLOOKUP($B17,$R$3:$X$9,6,FALSE) -> #N/A | X17: =VLOOKUP($B17,$R$3:$X$9,7,FALSE) -> #N/A | Y17: =VLOOKUP($B17,$R$3:$Z$9,8,FALSE) -> #N/A | Z17: =VLOOKUP($B17,$R$3:$Z$9,9,FALSE) -> #N/A
R18: =B18 -> 0 | S18: =VLOOKUP($B18,$R$3:$X$9,2,FALSE) -> #N/A | T18: =VLOOKUP($B18,$R$3:$X$9,3,FALSE) -> #N/A | U18: =VLOOKUP($B18,$R$3:$X$9,4,FALSE) -> #N/A | V18: =VLOOKUP($B18,$R$3:$X$9,5,FALSE) -> #N/A | W18: =VLOOKUP($B18,$R$3:$X$9,6,FALSE) -> #N/A | X18: =VLOOKUP($B18,$R$3:$X$9,7,FALSE) -> #N/A | Y18: =VLOOKUP($B18,$R$3:$Z$9,8,FALSE) -> #N/A | Z18: =VLOOKUP($B18,$R$3:$Z$9,9,FALSE) -> #N/A
R19: =B19 -> 0 | S19: =VLOOKUP($B19,$R$3:$X$9,2,FALSE) -> #N/A | T19: =VLOOKUP($B19,$R$3:$X$9,3,FALSE) -> #N/A | U19: =VLOOKUP($B19,$R$3:$X$9,4,FALSE) -> #N/A | V19: =VLOOKUP($B19,$R$3:$X$9,5,FALSE) -> #N/A | W19: =VLOOKUP($B19,$R$3:$X$9,6,FALSE) -> #N/A | X19: =VLOOKUP($B19,$R$3:$X$9,7,FALSE) -> #N/A | Y19: =VLOOKUP($B19,$R$3:$Z$9,8,FALSE) -> #N/A | Z19: =VLOOKUP($B19,$R$3:$Z$9,9,FALSE) -> #N/A
R20: =B20 -> 0 | S20: =VLOOKUP($B20,$R$3:$X$9,2,FALSE) -> #N/A | T20: =VLOOKUP($B20,$R$3:$X$9,3,FALSE) -> #N/A | U20: =VLOOKUP($B20,$R$3:$X$9,4,FALSE) -> #N/A | V20: =VLOOKUP($B20,$R$3:$X$9,5,FALSE) -> #N/A | W20: =VLOOKUP($B20,$R$3:$X$9,6,FALSE) -> #N/A | X20: =VLOOKUP($B20,$R$3:$X$9,7,FALSE) -> #N/A | Y20: =VLOOKUP($B20,$R$3:$Z$9,8,FALSE) -> #N/A | Z20: =VLOOKUP($B20,$R$3:$Z$9,9,FALSE) -> #N/A
R21: =B21 -> 0 | S21: =VLOOKUP($B21,$R$3:$X$9,2,FALSE) -> #N/A | T21: =VLOOKUP($B21,$R$3:$X$9,3,FALSE) -> #N/A | U21: =VLOOKUP($B21,$R$3:$X$9,4,FALSE) -> #N/A | V21: =VLOOKUP($B21,$R$3:$X$9,5,FALSE) -> #N/A | W21: =VLOOKUP($B21,$R$3:$X$9,6,FALSE) -> #N/A | X21: =VLOOKUP($B21,$R$3:$X$9,7,FALSE) -> #N/A | Y21: =VLOOKUP($B21,$R$3:$Z$9,8,FALSE) -> #N/A | Z21: =VLOOKUP($B21,$R$3:$Z$9,9,FALSE) -> #N/A
... R23: =B23 -> 0 | S23: =VLOOKUP($B23,$R$3:$X$9,2,FALSE) -> #N/A | T23: =VLOOKUP($B23,$R$3:$X$9,3,FALSE) -> #N/A | U23: =VLOOKUP($B23,$R$3:$X$9,4,FALSE) -> #N/A | V23: =VLOOKUP($B23,$R$3:$X$9,5,FALSE) -> #N/A | W23: =VLOOKUP($B23,$R$3:$X$9,6,FALSE) -> #N/A | X23: =VLOOKUP($B23,$R$3:$X$9,7,FALSE) -> #N/A | Y23: =VLOOKUP($B23,$R$3:$Z$9,8,FALSE) -> #N/A | Z23: =VLOOKUP($B23,$R$3:$Z$9,9,FALSE) -> #N/A
B24: BRAND | D24: BBT P.G./ O.G | I24: Brand | J24: Actual | K24: MTD No. of Brews | L24: MTD | M24: YTD | N24: Target | R24: =B24 -> BRAND | S24: =VLOOKUP($B24,$R$3:$X$9,2,FALSE) -> #N/A | T24: =VLOOKUP($B24,$R$3:$X$9,3,FALSE) -> #N/A | U24: =VLOOKUP($B24,$R$3:$X$9,4,FALSE) -> #N/A | V24: =VLOOKUP($B24,$R$3:$X$9,5,FALSE) -> #N/A | W24: =VLOOKUP($B24,$R$3:$X$9,6,FALSE) -> #N/A | X24: =VLOOKUP($B24,$R$3:$X$9,7,FALSE) -> #N/A | Y24: =VLOOKUP($B24,$R$3:$Z$9,8,FALSE) -> #N/A | Z24: =VLOOKUP($B24,$R$3:$Z$9,9,FALSE) -> #N/A
B25: =I26 -> STAG | C25: {=[23]Process!$D$385:$D$392} -> 12 | D25: 11.6 | I25: CARIB | K25: =COUNTA([22]Brewhouse!$A$823:$A$862) -> 40 | L25: =AVERAGE([22]Brewhouse!$AU$823:$AU$862) -> 97.590265 | M25: =AVERAGE([22]Brewhouse!$AU$102:$AU$171,[22]Brewhouse!$AU$173:$AU$253,[22]Brewhouse!$AU$255:$AU$339,[22]Brewhouse!$AU$341:$AU$346,[22]Brewhouse!$AU$348,[22]Brewhouse!$AU$349:$AU$406,[22]Brewhouse!$AU$408:$AU$491,[22]Brewhouse!$AU$493:$AU$578,[22]Brewhouse!$AU$580:$AU$652,[22]Brewhouse!$AU$655:$AU$738,[22]Brewhouse!$A$740:$A$821,[22]Brewhouse!$AU$823:$AU$862) -> 97.700256 | N25: 98 | R25: =B25 -> STAG | S25: =VLOOKUP($B25,$R$3:$X$9,2,FALSE) -> 11.6 | T25: =VLOOKUP($B25,$R$3:$X$9,3,FALSE) -> 12 | U25: =VLOOKUP($B25,$R$3:$X$9,4,FALSE) -> 0 | V25: =VLOOKUP($B25,$R$3:$X$9,5,FALSE) -> 0.11805556 | W25: =VLOOKUP($B25,$R$3:$X$9,6,FALSE) -> 0.22569444 | X25: =VLOOKUP($B25,$R$3:$X$9,7,FALSE) -> 0.26388889 | Y25: =VLOOKUP($B25,$R$3:$Z$9,8,FALSE) -> 0 | Z25: =VLOOKUP($B25,$R$3:$Z$9,9,FALSE) -> 60
C26: 12 | I26: STAG | K26: =COUNTA([23]Brewhouse!$A$399:$A$419) -> 21 | L26: =AVERAGE([23]Brewhouse!$AS$399:$AS$419) -> 98.088488 | M26: =AVERAGE([23]Brewhouse!$AS$15:$AS$64,[23]Brewhouse!$AS$66:$AS$103,[23]Brewhouse!$AS$105:$AS$140,[23]Brewhouse!$AS$142:$AS$193,[23]Brewhouse!$AS$195:$AS$240,[23]Brewhouse!$AS$242:$AS$273,[23]Brewhouse!$AS$275:$AS$322,[23]Brewhouse!$AS$324:$AS$359,[23]Brewhouse!$AS$361:$AS$397,[23]Brewhouse!$AS$399:$AS$419) -> 98.001236 | N26: 98 | R26: =B26 -> 0 | S26: =VLOOKUP($B26,$R$3:$X$9,2,FALSE) -> #N/A | T26: =VLOOKUP($B26,$R$3:$X$9,3,FALSE) -> #N/A | U26: =VLOOKUP($B26,$R$3:$X$9,4,FALSE) -> #N/A | V26: =VLOOKUP($B26,$R$3:$X$9,5,FALSE) -> #N/A | W26: =VLOOKUP($B26,$R$3:$X$9,6,FALSE) -> #N/A | X26: =VLOOKUP($B26,$R$3:$X$9,7,FALSE) -> #N/A | Y26: =VLOOKUP($B26,$R$3:$Z$9,8,FALSE) -> #N/A | Z26: =VLOOKUP($B26,$R$3:$Z$9,9,FALSE) -> #N/A
C27: 12 | D27: 11.62 | I27: GUINNESS | M27: =AVERAGE([24]Brewhouse!$AU$4:$AU$7,[24]Brewhouse!$AU$9:$AU$22,[24]Brewhouse!$AU$24:$AU$35,[24]Brewhouse!$AU$37:$AU$45,[24]Brewhouse!$AU$47:$AU$62,[24]Brewhouse!$AU$64:$AU$79,[24]Brewhouse!$AU$81:$AU$92,[24]Brewhouse!$AU$94:$AU$97) -> 96.8166 | N27: 98 | R27: =B27 -> 0 | S27: =VLOOKUP($B27,$R$3:$X$9,2,FALSE) -> #N/A | T27: =VLOOKUP($B27,$R$3:$X$9,3,FALSE) -> #N/A | U27: =VLOOKUP($B27,$R$3:$X$9,4,FALSE) -> #N/A | V27: =VLOOKUP($B27,$R$3:$X$9,5,FALSE) -> #N/A | W27: =VLOOKUP($B27,$R$3:$X$9,6,FALSE) -> #N/A | X27: =VLOOKUP($B27,$R$3:$X$9,7,FALSE) -> #N/A | Y27: =VLOOKUP($B27,$R$3:$Z$9,8,FALSE) -> #N/A | Z27: =VLOOKUP($B27,$R$3:$Z$9,9,FALSE) -> #N/A
C28: 11.6 | I28: VITAMALT | M28: =AVERAGE([25]Brewhouse!$AV$5:$AV$14,[25]Brewhouse!$AV$16:$AV$19,[25]Brewhouse!$AV$21:$AV$24,[25]Brewhouse!$AV$26:$AV$33,[25]Brewhouse!$AV$35:$AV$46,[25]Brewhouse!$AV$48:$AV$53,[25]Brewhouse!$AV$55:$AV$62,[25]Brewhouse!$AV$64:$AV$77,[25]Brewhouse!$AV$79:$AV$86) -> 98.293408 | N28: 98 | R28: =B28 -> 0 | S28: =VLOOKUP($B28,$R$3:$X$9,2,FALSE) -> #N/A | T28: =VLOOKUP($B28,$R$3:$X$9,3,FALSE) -> #N/A | U28: =VLOOKUP($B28,$R$3:$X$9,4,FALSE) -> #N/A | V28: =VLOOKUP($B28,$R$3:$X$9,5,FALSE) -> #N/A | W28: =VLOOKUP($B28,$R$3:$X$9,6,FALSE) -> #N/A | X28: =VLOOKUP($B28,$R$3:$X$9,7,FALSE) -> #N/A | Y28: =VLOOKUP($B28,$R$3:$Z$9,8,FALSE) -> #N/A | Z28: =VLOOKUP($B28,$R$3:$Z$9,9,FALSE) -> #N/A
C29: 11.9 | D29: 11.6 | I29: MAXIMALT | N29: 98 | R29: =B29 -> 0 | S29: =VLOOKUP($B29,$R$3:$X$9,2,FALSE) -> #N/A | T29: =VLOOKUP($B29,$R$3:$X$9,3,FALSE) -> #N/A | U29: =VLOOKUP($B29,$R$3:$X$9,4,FALSE) -> #N/A | V29: =VLOOKUP($B29,$R$3:$X$9,5,FALSE) -> #N/A | W29: =VLOOKUP($B29,$R$3:$X$9,6,FALSE) -> #N/A | X29: =VLOOKUP($B29,$R$3:$X$9,7,FALSE) -> #N/A | Y29: =VLOOKUP($B29,$R$3:$Z$9,8,FALSE) -> #N/A | Z29: =VLOOKUP($B29,$R$3:$Z$9,9,FALSE) -> #N/A
C30: 12 | I30: MACKESON | M30: =AVERAGE([26]Brewhouse!$AT$4:$AT$11,[26]Brewhouse!$AT$13:$AT$16,[26]Brewhouse!$AT$18:$AT$21,[26]Brewhouse!$AT$26,[26]Brewhouse!$AT$28:$AT$35) -> 94.794664 | N30: 98 | R30: =B30 -> 0 | S30: =VLOOKUP($B30,$R$3:$X$9,2,FALSE) -> #N/A | T30: =VLOOKUP($B30,$R$3:$X$9,3,FALSE) -> #N/A | U30: =VLOOKUP($B30,$R$3:$X$9,4,FALSE) -> #N/A | V30: =VLOOKUP($B30,$R$3:$X$9,5,FALSE) -> #N/A | W30: =VLOOKUP($B30,$R$3:$X$9,6,FALSE) -> #N/A | X30: =VLOOKUP($B30,$R$3:$X$9,7,FALSE) -> #N/A | Y30: =VLOOKUP($B30,$R$3:$Z$9,8,FALSE) -> #N/A | Z30: =VLOOKUP($B30,$R$3:$Z$9,9,FALSE) -> #N/A
C31: 11.7 | D31: 11.75 | I31: STARMALT | M31: =AVERAGE([27]Brewhouse!$AY$6:$AY$13,[27]Brewhouse!$AY$15:$AY$20,[27]Brewhouse!$AY$22:$AY$29,[27]Brewhouse!$AY$31:$AY$34,[27]Brewhouse!$AY$36:$AY$43,[27]Brewhouse!$AY$45:$AY$50, [27]Brewhouse!$AY$56:$AY$73,[27]Brewhouse!$AY$75:$AY$92) -> 97.477741 | N31: 98 | R31: =B31 -> 0 | S31: =VLOOKUP($B31,$R$3:$X$9,2,FALSE) -> #N/A | T31: =VLOOKUP($B31,$R$3:$X$9,3,FALSE) -> #N/A | U31: =VLOOKUP($B31,$R$3:$X$9,4,FALSE) -> #N/A | V31: =VLOOKUP($B31,$R$3:$X$9,5,FALSE) -> #N/A | W31: =VLOOKUP($B31,$R$3:$X$9,6,FALSE) -> #N/A | X31: =VLOOKUP($B31,$R$3:$X$9,7,FALSE) -> #N/A | Y31: =VLOOKUP($B31,$R$3:$Z$9,8,FALSE) -> #N/A | Z31: =VLOOKUP($B31,$R$3:$Z$9,9,FALSE) -> #N/A
C32: 11.7 | I32: HR- Pils | M32: =AVERAGE([28]Brewhouse!$AU$5:$AU$8,[28]Brewhouse!$AU$10:$AU$13,[27]Brewhouse!$AY$75:$AY$77) -> 94.749192 | N32: 98 | R32: =B32 -> 0 | S32: =VLOOKUP($B32,$R$3:$X$9,2,FALSE) -> #N/A | T32: =VLOOKUP($B32,$R$3:$X$9,3,FALSE) -> #N/A | U32: =VLOOKUP($B32,$R$3:$X$9,4,FALSE) -> #N/A | V32: =VLOOKUP($B32,$R$3:$X$9,5,FALSE) -> #N/A | W32: =VLOOKUP($B32,$R$3:$X$9,6,FALSE) -> #N/A | X32: =VLOOKUP($B32,$R$3:$X$9,7,FALSE) -> #N/A | Y32: =VLOOKUP($B32,$R$3:$Z$9,8,FALSE) -> #N/A | Z32: =VLOOKUP($B32,$R$3:$Z$9,9,FALSE) -> #N/A
I33: HR- IPA | M33: =AVERAGE([29]Brewhouse!$AW$26:$AW$27) -> 95.310681 | N33: 98 | R33: =B33 -> 0 | S33: =VLOOKUP($B33,$R$3:$X$9,2,FALSE) -> #N/A | T33: =VLOOKUP($B33,$R$3:$X$9,3,FALSE) -> #N/A | U33: =VLOOKUP($B33,$R$3:$X$9,4,FALSE) -> #N/A | V33: =VLOOKUP($B33,$R$3:$X$9,5,FALSE) -> #N/A | W33: =VLOOKUP($B33,$R$3:$X$9,6,FALSE) -> #N/A | X33: =VLOOKUP($B33,$R$3:$X$9,7,FALSE) -> #N/A | Y33: =VLOOKUP($B33,$R$3:$Z$9,8,FALSE) -> #N/A | Z33: =VLOOKUP($B33,$R$3:$Z$9,9,FALSE) -> #N/A
I34: HR- APA | M34: =AVERAGE([30]Brewhouse!$AU$13:$AU$14) -> 97.110575 | N34: 98 | R34: =B34 -> 0 | S34: =VLOOKUP($B34,$R$3:$X$9,2,FALSE) -> #N/A | T34: =VLOOKUP($B34,$R$3:$X$9,3,FALSE) -> #N/A | U34: =VLOOKUP($B34,$R$3:$X$9,4,FALSE) -> #N/A | V34: =VLOOKUP($B34,$R$3:$X$9,5,FALSE) -> #N/A | W34: =VLOOKUP($B34,$R$3:$X$9,6,FALSE) -> #N/A | X34: =VLOOKUP($B34,$R$3:$X$9,7,FALSE) -> #N/A | Y34: =VLOOKUP($B34,$R$3:$Z$9,8,FALSE) -> #N/A | Z34: =VLOOKUP($B34,$R$3:$Z$9,9,FALSE) -> #N/A
K35: =SUM(K25:K34) -> 61 | L35: =((L25*K25)+(L26*K26)+(L27*K27)+(L28*K28)+(L29*K29)+(K32*L32)+(L30*K30)+(L31*K31)+(L34*K34))/(K35) -> 97.761784 | M35: =AVERAGE('[31]Jan 31st'!$L$65,'[32]Feb 28th'!$L$35,'[33]Mar. 31st'!$L$35,'[34]Apr. 30th'!$L$45,'[35]May 30th'!$L$37,'[36]June 30th'!$L$57,'[37]July 29th '!$L$44,'[38]Aug 29th'!$L$29,'[39]Sept 30th'!$L$35,L35) -> 97.594129 | N35: 98 | R35: =B35 -> 0 | S35: =VLOOKUP($B35,$R$3:$X$9,2,FALSE) -> #N/A | T35: =VLOOKUP($B35,$R$3:$X$9,3,FALSE) -> #N/A | U35: =VLOOKUP($B35,$R$3:$X$9,4,FALSE) -> #N/A | V35: =VLOOKUP($B35,$R$3:$X$9,5,FALSE) -> #N/A | W35: =VLOOKUP($B35,$R$3:$X$9,6,FALSE) -> #N/A | X35: =VLOOKUP($B35,$R$3:$X$9,7,FALSE) -> #N/A | Y35: =VLOOKUP($B35,$R$3:$Z$9,8,FALSE) -> #N/A | Z35: =VLOOKUP($B35,$R$3:$Z$9,9,FALSE) -> #N/A
R36: =B36 -> 0 | S36: =VLOOKUP($B36,$R$3:$X$9,2,FALSE) -> #N/A | T36: =VLOOKUP($B36,$R$3:$X$9,3,FALSE) -> #N/A | U36: =VLOOKUP($B36,$R$3:$X$9,4,FALSE) -> #N/A | V36: =VLOOKUP($B36,$R$3:$X$9,5,FALSE) -> #N/A | W36: =VLOOKUP($B36,$R$3:$X$9,6,FALSE) -> #N/A | X36: =VLOOKUP($B36,$R$3:$X$9,7,FALSE) -> #N/A | Y36: =VLOOKUP($B36,$R$3:$Z$9,8,FALSE) -> #N/A | Z36: =VLOOKUP($B36,$R$3:$Z$9,9,FALSE) -> #N/A
J37: Daily Brewing Plan
J38: Brand | K38: Brews Achieved | L38: Average Brews per day
J39: CARIB | L39: MTD | M39: YTD | N39: TARGET
J40: STAG | L40: =AVERAGE('Oct. 1st'!K49,,'Oct. 2nd'!K51,'Oct. 3rd'!K46,'Oct. 6th'!K54,Oct.7th!K50,Oct.8th!K48,Oct.9th!K49) -> 7.625 | M40: =AVERAGE('[31]Jan 29th '!$M$70,'[32]Feb 28th'!$L$40,'[33]Mar. 31st'!$L$40,'[34]Apr. 30th'!$L$50,'[35]May 30th'!$L$42,'[36]June 30th'!$L$62,'[37]July 29th '!$L$49,'[38]Aug 29th'!$L$34,'[39]Sept 30th'!$L$40,L40) -> 7.0686278 | N40: 9.2
J41: GUINN
J42: VITAMALT
J43: STARMALT
J44: MACKESON
J45: HURRICANE REEF- IPA
J46: HURRICANE REEF- APA
B47: AVERAGE | D47: =AVERAGE(D25:E46) -> 11.6425 | J47: HR- PILSNER
J48: CARIBE
J49: Total | K49: =SUM(K39:K48) -> 0
B50: Process: | C50: Fermentation/Filtration
B52: Brand | C52: Filt. Date | D52: FV Hls | E52: GFE/ Prim/ Vita Blend (Hls) | F52: SV Hls | G52: BBT Hls | H52: Loss (%) Ferm | I52: Loss (%) Filt | J52: Comments | K52: Throughput | L52: Process Loss (%) | M52: Filt. Operator
AB53: 43474 | AC53: 43475 | AD53: 43476 | AE53: 43477 | AF53: 43478 | AG53: 43479 | AH53: 43480 | AI53: 43481 | AJ53: 43482 | AK53: 43483 | AL53: 43484 | AM53: 43485 | AN53: 43486 | AO53: 43487 | AP53: 43488 | AQ53: 43489 | AR53: 43490 | AS53: 43491 | AT53: 43492 | AU53: 43493 | AV53: 43494 | AW53: 43495 | AX53: 43496
B54: =J40 -> STAG | C54: 45940 | D54: =[40]October_2025!$M$3 -> 0 | G54: =[40]October_2025!$M$7 -> 0 | J54: 1 SBF-Water added (10hls) | K54: =[41]October_2025!$M$25 -> 0.69192982 | L54: =(((D54+E54)-G54)/(D54+E54))*100 -> #DIV/0! | M54: K. Neptune | AB54: =[20]January_2019!L7 -> 285.8 | AC54: =[20]January_2019!M7 -> 508.1 | AD54: =[20]January_2019!N7 -> 0 | AE54: =[20]January_2019!O7 -> 0 | AF54: =[20]January_2019!P7 -> 109.56667 | AG54: =[20]January_2019!Q7 -> 297.65 | AH54: =[20]January_2019!R7 -> 122.3 | AI54: =[20]January_2019!S7 -> 0 | ... AX54: =[20]January_2019!AH7 -> 0
L58: =(((D58+E58)-G58)/(D58+E58))*100 -> #DIV/0!
B61: Process Loss (Volume) | G61: Process Loss (Extract) | K61: Throughput
B62: Brand | C62: Actual | D62: MTD | E62: YTD | F62: Target | G62: Actual | H62: MTD | I62: YTD | J62: Target | K62: Actual | L62: MTD | M62: YTD | N62: Target
B63: CARIB | D63: 5.4280583 | E63: 6.3177809 | F63: 4.8 | H63: 3.6734408 | I63: 6.1451991 | J63: 4.8 | L63: 0.65879609 | M63: 0.76418506 | N63: 1
B64: STAG | C64: =L54 -> #DIV/0! | D64: 3.3674028 | E64: 5.7631643 | F64: 4.8 | G64: =[40]October_2025!$M$11 -> 0 | H64: 4.1514556 | I64: 5.5953406 | J64: 4.8 | K64: =K54 -> 0.69192982 | L64: 0.73757131 | M64: 0.71798544 | N64: 1
B65: GUINN | D65: 9.535334 | E65: 11.690789 | F65: 5.5 | H65: 9.7076284 | I65: 12.61701 | J65: 5.5 | L65: 0.9345 | M65: 0.54931805 | N65: 1
B66: VITAMALT | E66: 5.1192333 | F66: 3.3 | I66: 4.4772095 | J66: 3.3 | M66: 0.8002595 | N66: 1
B67: APA | E67: 7.8373016 | F67: 3.3 | I67: 5.3377569 | J67: 3 | M67: 0.32596491 | N67: 1
B68: MACKESON | E68: 7.3129862 | F68: =[21]May_2022!$M$43 -> 3.4878407 | I68: 8.6614709 | J68: 5.5 | M68: 0.73160819 | N68: 1
B69: STARMALT | D69: 2.0782987 | E69: 2.8629318 | F69: 3.3 | H69: 3.455985 | I69: 4.347882 | J69: 3.3 | L69: 0.88859649 | M69: 0.85935681 | N69: 1
B70: IPA | E70: 11.483254 | F70: 7.5 | I70: 9.7934336 | J70: 7.5 | M70: 0.3245614 | N70: 1
B71: HURRICANE REEF PILS | E71: 7.2653645 | F71: 4.8 | I71: 8.1715311 | J71: 4.8 | M71: 0.51368421 | N71: 1
D72: 4.3145454 | E72: 6.2941498 | F72: 5.5 | H72: 4.3427697 | I72: 6.4747537 | J72: 5.5 | L72: 0.73549784 | M72: 0.73176422 | N72: 1

Sheet Oct.13th
S1: P.G. | U1: Hot Time | W1: Process Time | Y1: Cooling Time
B2: Brewing Department Daily Process Loss Report | S2: Lower | T2: Upper | U2: Lower | V2: Upper | W2: Lower | X2: Upper | Y2: Lower | Z2: Upper
R3: CARIB | S3: 11.6 | T3: 12 | U3: 0 | V3: 0.11805556 | W3: 0.22569444 | X3: 0.26388889 | Y3: 0 | Z3: 60 | AB3: HR- PISNER
B4: Date: | C4: 45944 | J4: LOT WORT COLOUR: 3.3 | M4: Filter Sheets (Target 20 days) | R4: STAG | S4: 11.6 | T4: 12 | U4: 0 | V4: 0.11805556 | W4: 0.22569444 | X4: 0.26388889 | Y4: 0 | Z4: 60
M5: Double | N5: Single | R5: GUINNESS | S5: 17 | T5: 17.5 | U5: 0 | V5: 0.10763889 | W5: 0.24652778 | X5: 0.28472222 | Y5: 0 | Z5: 60
J6: MALT LOT: Lot #3 | L6: Sheet Day | R6: MACKESON | S6: 13.3 | T6: 13.5 | U6: 0 | V6: 0.12905093 | W6: 0.27430556 | X6: 0.30208333 | Y6: 0
R7: STARMALT | S7: 17 | T7: 17.4 | U7: 0 | V7: 0.13605324 | W7: 0.27430556 | X7: 0.30902778 | Y7: 0 | Z7: 85
B8: Brand | C8: Brew no. | D8: Kett. Hls | E8: Wort | F8: Cool Time(Mins) | G8: Cast. P.G. (Lab Result) | H8: Cast P.G. (Cellar Operator)-gravity | I8: Extr. Rec (77.9%) | J8: Theor. Extr. (77.5%) | K8: Boil Off /Vol. (4-6%) | L8: Boil Time | M8: Total Hot | N8: Brewing | O8: Operator | R8: Hurricane Reef | S8: 16.6 | T8: 17 | U8: 0 | V8: 0.12905093 | W8: 0.27430556 | X8: 0.30208333 | Y8: 0
E9: Meter (Hls) | F9: Target(< 60Mins) | M9: Time | R9: VITAMALT | S9: 14.2 | T9: 14.6 | U9: 0 | V9: 0.13905093 | W9: 0.26041667 | X9: 0.29513889 | Y9: 0 | Z9: 75
B10: GUINNESS | C10: =[24]Brewhouse!$A99 -> GU088 | D10: =[24]Brewhouse!$AF99 -> 51.5 | E10: =[24]Brewhouse!$AI99 -> 49.3 | F10: =[24]Brewhouse!$V99 -> 62 | G10: =[24]Brewhouse!$AG99 -> 17.5 | H10: 17 | I10: =[24]Brewhouse!$AU99 -> 93.495309 | J10: =[24]Brewhouse!$AV99 -> 95.14637 | K10: =[24]Brewhouse!$R99 -> 12.740741 | L10: =[24]Brewhouse!$O99 -> 60 | M10: =[24]Brewhouse!$U99-[24]Brewhouse!$T99 -> 0.12013889 | N10: =[24]Brewhouse!$Z99 -> 0.25555556 | O10: =[24]Brewhouse!$AW99 -> R. Regis | R10: =B10 -> GUINNESS | S10: =VLOOKUP($B10,$R$3:$X$9,2,FALSE) -> 17 | T10: =VLOOKUP($B10,$R$3:$X$9,3,FALSE) -> 17.5 | U10: =VLOOKUP($B10,$R$3:$X$9,4,FALSE) -> 0 | V10: =VLOOKUP($B10,$R$3:$X$9,5,FALSE) -> 0.10763889 | W10: =VLOOKUP($B10,$R$3:$X$9,6,FALSE) -> 0.24652778 | X10: =VLOOKUP($B10,$R$3:$X$9,7,FALSE) -> 0.28472222 | Y10: =VLOOKUP($B10,$R$3:$Z$9,8,FALSE) -> 0 | Z10: =VLOOKUP($B10,$R$3:$Z$9,9,FALSE) -> 60
