Workbook
Name ProductList: [1]November15!$R$3:$R$9
Name ProductList: [2]November15!$R$3:$R$9

Sheet Dec 18th
T1: P.G. | V1: Hot Time | X1: Process Time | Z1: Cooling Time
B2: Brewing Department Daily Process Loss Report | T2: Lower | U2: Upper | V2: Lower | W2: Upper | X2: Lower | Y2: Upper | Z2: Lower | AA2: Upper
S3: CARIB | T3: 11.6 | U3: 12 | V3: 0 | W3: 0.11805556 | X3: 0.17361111 | Y3: 0.21180556 | Z3: 0 | AA3: 60 | AC3: HR- PISNER
B4: Date: | C4: 45278 | J4: LOT WORT COLOUR: 3.4 | M4: Filter Sheets (Target 20 days) | S4: STAG | T4: 11.6 | U4: 12 | V4: 0 | W4: 0.11805556 | X4: 0.17361111 | Y4: 0.21180556 | Z4: 0 | AA4: 60
M5: Double | N5: Single | S5: GUINNESS | T5: 17 | U5: 17.5 | V5: 0 | W5: 0.10763889 | X5: 0.19444444 | Y5: 0.23263889 | Z5: 0 | AA5: 60
J6: MALT LOT: Lot 8 | L6: Sheet Day | S6: MACKESON | T6: 13.3 | U6: 13.5 | V6: 0 | W6: 0.12905093 | X6: 0.22222222 | Y6: 0.25347222 | Z6: 0
S7: STARMALT | T7: 17.1 | U7: 17.5 | V7: 0 | W7: 0.13605324 | X7: 0.20833333 | Y7: 0.24305556 | Z7: 0 | AA7: 60
B8: Brand | C8: Brew no. | D8: Kett. Hls | E8: Wort | F8: Cool Time(Mins) | G8: Cast. P.G. (Lab Result) | H8: Cast P.G. (Cellar Operator)-gravity | I8: Extr. Rec (79.1%) | J8: Theor. Extr. (77.5%) | K8: Boil Off /Vol. (4-6%) | L8: Boil Time | M8: Total Hot | N8: Brewing | P8: Comments | Q8: Actual Pilsen Malt | S8: Hurricane Reef | T8: 16.6 | U8: 17 | V8: 0 | W8: 0.12905093 | X8: 0.22222222 | Y8: 0.25347222 | Z8: 0
E9: Meter (Hls) | F9: Target(< 60Mins) | M9: Time | S9: VITAMALT | T9: 14.4 | U9: 14.6 | V9: 0 | W9: 0.13905093 | X9: 0.19097222 | Y9: 0.22569444 | Z9: 0 | AA9: 75
S10: =B10 -> 0 | T10: =VLOOKUP($B10,$S$3:$Y$9,2,FALSE) -> #N/A | U10: =VLOOKUP($B10,$S$3:$Y$9,3,FALSE) -> #N/A | V10: =VLOOKUP($B10,$S$3:$Y$9,4,FALSE) -> #N/A | W10: =VLOOKUP($B10,$S$3:$Y$9,5,FALSE) -> #N/A | X10: =VLOOKUP($B10,$S$3:$Y$9,6,FALSE) -> #N/A | Y10: =VLOOKUP($B10,$S$3:$Y$9,7,FALSE) -> #N/A | Z10: =VLOOKUP($B10,$S$3:$AA$9,8,FALSE) -> #N/A | AA10: =VLOOKUP($B10,$S$3:$AA$9,9,FALSE) -> #N/A
S11: =B11 -> 0 | T11: =VLOOKUP($B11,$S$3:$Y$9,2,FALSE) -> #N/A | U11: =VLOOKUP($B11,$S$3:$Y$9,3,FALSE) -> #N/A | V11: =VLOOKUP($B11,$S$3:$Y$9,4,FALSE) -> #N/A | W11: =VLOOKUP($B11,$S$3:$Y$9,5,FALSE) -> #N/A | X11: =VLOOKUP($B11,$S$3:$Y$9,6,FALSE) -> #N/A | Y11: =VLOOKUP($B11,$S$3:$Y$9,7,FALSE) -> #N/A | Z11: =VLOOKUP($B11,$S$3:$AA$9,8,FALSE) -> #N/A | AA11: =VLOOKUP($B11,$S$3:$AA$9,9,FALSE) -> #N/A
S12: =B12 -> 0 | T12: =VLOOKUP($B12,$S$3:$Y$9,2,FALSE) -> #N/A | U12: =VLOOKUP($B12,$S$3:$Y$9,3,FALSE) -> #N/A | V12: =VLOOKUP($B12,$S$3:$Y$9,4,FALSE) -> #N/A | W12: =VLOOKUP($B12,$S$3:$Y$9,5,FALSE) -> #N/A | X12: =VLOOKUP($B12,$S$3:$Y$9,6,FALSE) -> #N/A | Y12: =VLOOKUP($B12,$S$3:$Y$9,7,FALSE) -> #N/A | Z12: =VLOOKUP($B12,$S$3:$AA$9,8,FALSE) -> #N/A | AA12: =VLOOKUP($B12,$S$3:$AA$9,9,FALSE) -> #N/A
S13: =B13 -> 0 | T13: =VLOOKUP($B13,$S$3:$Y$9,2,FALSE) -> #N/A | U13: =VLOOKUP($B13,$S$3:$Y$9,3,FALSE) -> #N/A | V13: =VLOOKUP($B13,$S$3:$Y$9,4,FALSE) -> #N/A | W13: =VLOOKUP($B13,$S$3:$Y$9,5,FALSE) -> #N/A | X13: =VLOOKUP($B13,$S$3:$Y$9,6,FALSE) -> #N/A | Y13: =VLOOKUP($B13,$S$3:$Y$9,7,FALSE) -> #N/A | Z13: =VLOOKUP($B13,$S$3:$AA$9,8,FALSE) -> #N/A | AA13: =VLOOKUP($B13,$S$3:$AA$9,9,FALSE) -> #N/A
S14: =B14 -> 0 | T14: =VLOOKUP($B14,$S$3:$Y$9,2,FALSE) -> #N/A | U14: =VLOOKUP($B14,$S$3:$Y$9,3,FALSE) -> #N/A | V14: =VLOOKUP($B14,$S$3:$Y$9,4,FALSE) -> #N/A | W14: =VLOOKUP($B14,$S$3:$Y$9,5,FALSE) -> #N/A | X14: =VLOOKUP($B14,$S$3:$Y$9,6,FALSE) -> #N/A | Y14: =VLOOKUP($B14,$S$3:$Y$9,7,FALSE) -> #N/A | Z14: =VLOOKUP($B14,$S$3:$AA$9,8,FALSE) -> #N/A | AA14: =VLOOKUP($B14,$S$3:$AA$9,9,FALSE) -> #N/A
S15: =B15 -> 0 | T15: =VLOOKUP($B15,$S$3:$Y$9,2,FALSE) -> #N/A | U15: =VLOOKUP($B15,$S$3:$Y$9,3,FALSE) -> #N/A | V15: =VLOOKUP($B15,$S$3:$Y$9,4,FALSE) -> #N/A | W15: =VLOOKUP($B15,$S$3:$Y$9,5,FALSE) -> #N/A | X15: =VLOOKUP($B15,$S$3:$Y$9,6,FALSE) -> #N/A | Y15: =VLOOKUP($B15,$S$3:$Y$9,7,FALSE) -> #N/A | Z15: =VLOOKUP($B15,$S$3:$AA$9,8,FALSE) -> #N/A | AA15: =VLOOKUP($B15,$S$3:$AA$9,9,FALSE) -> #N/A
S16: =B16 -> 0 | T16: =VLOOKUP($B16,$S$3:$Y$9,2,FALSE) -> #N/A | U16: =VLOOKUP($B16,$S$3:$Y$9,3,FALSE) -> #N/A | V16: =VLOOKUP($B16,$S$3:$Y$9,4,FALSE) -> #N/A | W16: =VLOOKUP($B16,$S$3:$Y$9,5,FALSE) -> #N/A | X16: =VLOOKUP($B16,$S$3:$Y$9,6,FALSE) -> #N/A | Y16: =VLOOKUP($B16,$S$3:$Y$9,7,FALSE) -> #N/A | Z16: =VLOOKUP($B16,$S$3:$AA$9,8,FALSE) -> #N/A | AA16: =VLOOKUP($B16,$S$3:$AA$9,9,FALSE) -> #N/A
S17: =B17 -> 0 | T17: =VLOOKUP($B17,$S$3:$Y$9,2,FALSE) -> #N/A | U17: =VLOOKUP($B17,$S$3:$Y$9,3,FALSE) -> #N/A | V17: =VLOOKUP($B17,$S$3:$Y$9,4,FALSE) -> #N/A | W17: =VLOOKUP($B17,$S$3:$Y$9,5,FALSE) -> #N/A | X17: =VLOOKUP($B17,$S$3:$Y$9,6,FALSE) -> #N/A | Y17: =VLOOKUP($B17,$S$3:$Y$9,7,FALSE) -> #N/A | Z17: =VLOOKUP($B17,$S$3:$AA$9,8,FALSE) -> #N/A | AA17: =VLOOKUP($B17,$S$3:$AA$9,9,FALSE) -> #N/A
S18: =B18 -> 0 | T18: =VLOOKUP($B18,$S$3:$Y$9,2,FALSE) -> #N/A | U18: =VLOOKUP($B18,$S$3:$Y$9,3,FALSE) -> #N/A | V18: =VLOOKUP($B18,$S$3:$Y$9,4,FALSE) -> #N/A | W18: =VLOOKUP($B18,$S$3:$Y$9,5,FALSE) -> #N/A | X18: =VLOOKUP($B18,$S$3:$Y$9,6,FALSE) -> #N/A | Y18: =VLOOKUP($B18,$S$3:$Y$9,7,FALSE) -> #N/A | Z18: =VLOOKUP($B18,$S$3:$AA$9,8,FALSE) -> #N/A | AA18: =VLOOKUP($B18,$S$3:$AA$9,9,FALSE) -> #N/A
S19: =B19 -> 0 | T19: =VLOOKUP($B19,$S$3:$Y$9,2,FALSE) -> #N/A | U19: =VLOOKUP($B19,$S$3:$Y$9,3,FALSE) -> #N/A | V19: =VLOOKUP($B19,$S$3:$Y$9,4,FALSE) -> #N/A | W19: =VLOOKUP($B19,$S$3:$Y$9,5,FALSE) -> #N/A | X19: =VLOOKUP($B19,$S$3:$Y$9,6,FALSE) -> #N/A | Y19: =VLOOKUP($B19,$S$3:$Y$9,7,FALSE) -> #N/A | Z19: =VLOOKUP($B19,$S$3:$AA$9,8,FALSE) -> #N/A | AA19: =VLOOKUP($B19,$S$3:$AA$9,9,FALSE) -> #N/A
S20: =B20 -> 0 | T20: =VLOOKUP($B20,$S$3:$Y$9,2,FALSE) -> #N/A | U20: =VLOOKUP($B20,$S$3:$Y$9,3,FALSE) -> #N/A | V20: =VLOOKUP($B20,$S$3:$Y$9,4,FALSE) -> #N/A | W20: =VLOOKUP($B20,$S$3:$Y$9,5,FALSE) -> #N/A | X20: =VLOOKUP($B20,$S$3:$Y$9,6,FALSE) -> #N/A | Y20: =VLOOKUP($B20,$S$3:$Y$9,7,FALSE) -> #N/A | Z20: =VLOOKUP($B20,$S$3:$AA$9,8,FALSE) -> #N/A | AA20: =VLOOKUP($B20,$S$3:$AA$9,9,FALSE) -> #N/A
S21: =B21 -> 0 | T21: =VLOOKUP($B21,$S$3:$Y$9,2,FALSE) -> #N/A | U21: =VLOOKUP($B21,$S$3:$Y$9,3,FALSE) -> #N/A | V21: =VLOOKUP($B21,$S$3:$Y$9,4,FALSE) -> #N/A | W21: =VLOOKUP($B21,$S$3:$Y$9,5,FALSE) -> #N/A | X21: =VLOOKUP($B21,$S$3:$Y$9,6,FALSE) -> #N/A | Y21: =VLOOKUP($B21,$S$3:$Y$9,7,FALSE) -> #N/A | Z21: =VLOOKUP($B21,$S$3:$AA$9,8,FALSE) -> #N/A | AA21: =VLOOKUP($B21,$S$3:$AA$9,9,FALSE) -> #N/A
... S47: =B47 -> 0 | T47: =VLOOKUP($B47,$S$3:$Y$9,2,FALSE) -> #N/A | U47: =VLOOKUP($B47,$S$3:$Y$9,3,FALSE) -> #N/A | V47: =VLOOKUP($B47,$S$3:$Y$9,4,FALSE) -> #N/A | W47: =VLOOKUP($B47,$S$3:$Y$9,5,FALSE) -> #N/A | X47: =VLOOKUP($B47,$S$3:$Y$9,6,FALSE) -> #N/A | Y47: =VLOOKUP($B47,$S$3:$Y$9,7,FALSE) -> #N/A | Z47: =VLOOKUP($B47,$S$3:$AA$9,8,FALSE) -> #N/A | AA47: =VLOOKUP($B47,$S$3:$AA$9,9,FALSE) -> #N/A
I48: EXTRACT RECOVERY
B49: BRAND | D49: BBT P.G./ O.G | I49: Brand | J49: Actual | K49: MTD No. of Brews | L49: MTD | M49: YTD | N49: Target
B50: STAG | C50: 11.8 | D50: 11.73 | I50: CARIB | K50: =COUNTA([22]Brewhouse!$A$1596:$A$1619) -> 24 | L50: =AVERAGE([22]Brewhouse!$AU$1529,[22]Brewhouse!$AU$1531:$AU$1594,[22]Brewhouse!$AU$1596:$AU$1619) -> 98.205761 | M50: =AVERAGE([22]Brewhouse!$AU$849:$AU$924,[22]Brewhouse!$AU$926:$AU$971,[22]Brewhouse!$AU$973:$AU$1066,[22]Brewhouse!$AU$1068:$AU$1111,[22]Brewhouse!$AU$1113:$AU$1132,[22]Brewhouse!$AU$1134:$AU$1167,[22]Brewhouse!$AU$1169:$AU$1230,[22]Brewhouse!$AU$1232:$AU$1299,[22]Brewhouse!$AU$1301:$AU$1363,[22]Brewhouse!$AU$1365:$AU$1444,[22]Brewhouse!$AU$1446:$AU$1527,[22]Brewhouse!$AU$1529,[22]Brewhouse!$AU$1531:$AU$1594,[22]Brewhouse!$AU$1596:$AU$1619) -> 98.381806 | N50: 98
C51: 11.9 | I51: STAG | K51: =COUNTA([23]Brewhouse!$A$976:$A$1007) -> 32 | L51: =AVERAGE([23]Brewhouse!$AS$976:$AS$979,[23]Brewhouse!$AS$981:$AS$1007) -> 98.538567 | M51: =AVERAGE([23]Brewhouse!$AS$577:$AS$618,[23]Brewhouse!$AS$620:$AS$651,[23]Brewhouse!$AS$653:$AS$696,[23]Brewhouse!$AS$698:$AS$708,[23]Brewhouse!$AS$710:$AS$733,[23]Brewhouse!$AS$735:$AS$777,[23]Brewhouse!$AS$779:$AS$822,[23]Brewhouse!$AS$824:$AS$863,[23]Brewhouse!$AS$865:$AS$974,[23]Brewhouse!$AS$976:$AS$979,[23]Brewhouse!$AS$981:$AS$1007) -> 98.489671 | N51: 98
I52: GUINNESS | K52: =COUNTA([24]Brewhouse!$A$282:$A$289) -> 8 | L52: =AVERAGE([24]Brewhouse!$AU$269:$AU$279,[24]Brewhouse!$AU$282:$AU$289) -> 96.186177 | M52: =AVERAGE([24]Brewhouse!$AU$161:$AU$176,[24]Brewhouse!$AU$178:$AU$195,[24]Brewhouse!$AU$197:$AU$208,[24]Brewhouse!$AU$210:$AU$221,[24]Brewhouse!$AU$223:$AU$232,[24]Brewhouse!$AU$234:$AU$279,[24]Brewhouse!$AU$282:$AU$289) -> 96.64916 | N52: 98
I53: VITAMALT | K53: =COUNTA([25]Brewhouse!$A$158:$A$163) -> 6 | L53: =AVERAGE([25]Brewhouse!$AU$158:$AU$163) -> 94.60305 | M53: =AVERAGE([25]Brewhouse!$AU$91:$AU$101,[25]Brewhouse!$AU$103:$AU$112,[25]Brewhouse!$AU$114:$AU$123,[25]Brewhouse!$AU$125:$AU$134,[25]Brewhouse!$AU$136:$AU$145,[25]Brewhouse!$AU$147:$AU$156,[25]Brewhouse!$AU$158:$AU$163) -> 96.240014 | N53: 98
I54: MAXIMALT | N54: 98
I55: MACKESON | M55: =AVERAGE([26]Brewhouse!$AT$74:$AT$79) -> 93.959836 | N55: 98
I56: STARMALT | K56: =COUNTA([27]Brewhouse!$A$249:$A$254) -> 6 | L56: =AVERAGE([27]Brewhouse!$AY$249:$AY$254) -> 99.681996 | M56: =AVERAGE([27]Brewhouse!$AY$138:$AY$143,[27]Brewhouse!$AY$145:$AY$153,[27]Brewhouse!$AY$155,[27]Brewhouse!$AY$156:$AY$174,[27]Brewhouse!$AY$176:$AY$185,[27]Brewhouse!$AY$187:$AY$198,[27]Brewhouse!$AY$200:$AY$247,[27]Brewhouse!$AY$249:$AY$254) -> 98.774703 | N56: 98
I57: HR- P | M57: =AVERAGE([28]Brewhouse!$AW$13:$AW$14,[28]Brewhouse!$AW$16:$AW$17) -> 92.042628 | N57: 98
I58: Hurricane Reef | M58: =AVERAGE([28]Brewhouse!$AW$13:$AW$14) -> 88.376943 | N58: 98
K59: =SUM(K50:K58) -> 76 | L59: =((L50*K50)+(L51*K51)+(L52*K52)+(L53*K53)+(L54*K54)+(K57*L57)+(L55*K55)+(L56*K56)+(L58*K58))/(K59) -> 97.965422 | M59: =AVERAGE('[29]Closing- January 2023'!$L$42,'[30]Feb. 28th'!$L$42,'[31]March 31st'!$L$75,'[32]Apri 28th'!$L$51,L59) -> 98.06926 | N59: 98
J62: Daily Brewing Plan
J63: Brand | K63: Brews Achieved | L63: Average Brews per day
J64: CARIB | L64: MTD | M64: YTD | N64: TARGET
J65: STAG | K65: 5 | L65: =AVERAGE(#REF!,#REF!,K74,#REF!,#REF!,#REF!,#REF!,#REF!,#REF!,#REF!,#REF!) -> #REF! | M65: =AVERAGE(6,6,'[31]March 31st'!$L$80,'[33]June 30th '!$L$71,6,L65,'[34]July 31st'!$L$108,'[35]Aug 30th'!$L$124,7,[36]Oct.31st!$L$51) -> #REF! | N65: 9
J66: GUINN
J67: VITAMALT
J68: STARMALT
J69: MACKESON
J70: HURRICANE REEF- IPA
J71: HURRICANE REEF- APA
B72: AVERAGE | D72: =AVERAGE(D50:E71) -> 11.73 | J72: HR- PILSNER
J73: CARIBE
J74: Total | K74: =SUM(K64:K73) -> 5
B75: Process: | C75: Fermentation/Filtration
B77: Brand | C77: Filt. Date | D77: FV Hls | E77: GFE/ Prim/ Vita Blend (Hls) | F77: SV Hls | G77: BBT Hls | H77: Loss (%) Ferm | I77: Loss (%) Filt | J77: Comments | K77: Throughput | L77: Process Loss (%) | M77: Filt. Operator
U78: 43466 | V78: 43467 | W78: 43468 | X78: 43469 | Y78: 43470 | Z78: 43471 | AA78: 43472 | AB78: 43473 | AC78: 43474 | AD78: 43475 | AE78: 43476 | AF78: 43477 | AG78: 43478 | AH78: 43479 | AI78: 43480 | AJ78: 43481 | AK78: 43482 | AL78: 43483 | AM78: 43484 | AN78: 43485 | AO78: 43486 | AP78: 43487 | AQ78: 43488 | AR78: 43489 | AS78: 43490 | AT78: 43491 | AU78: 43492 | AV78: 43493 | AW78: 43494 | AX78: 43495 | AY78: 43496
B79: STAG | C79: 45278 | D79: =[37]December_2023!$U$13 -> 150.4 | G79: =[37]December_2023!$U$17 -> 120.8 | J79: NO BREAK | K79: =[38]December_2023!$U$25 -> 0.42385965 | L79: =(((D79+E79)-G79)/(D79+E79))*100 -> 19.680851 | M79: K.Hosten | T79: hls
T80: Throughput | U80: =[21]January_2019!D8 -> #DIV/0! | V80: =[21]January_2019!E8 -> 1.0319298 | W80: =[21]January_2019!F8 -> 1.7789474 | X80: =[21]January_2019!G8 -> 0.51929825 | Y80: =[21]January_2019!H8 -> #DIV/0! | Z80: =[21]January_2019!I8 -> #DIV/0! | AA80: =[21]January_2019!J8 -> 1.3652632 | AB80: =[21]January_2019!K8 -> #DIV/0! | ... AY80: =[21]January_2019!AH8 -> #DIV/0!
B87: Process Loss (Volume) | G87: Process Loss (Extract) | K87: Throughput
B88: Brand | C88: Actual | D88: MTD | E88: YTD | F88: Target | G88: Actual | H88: MTD | I88: YTD | J88: Target | K88: Actual | L88: MTD | M88: YTD | N88: Target
B89: CARIB | D89: 5.181332 | E89: 6.6038503 | F89: 4.8 | H89: 5.2502762 | I89: 6.9665258 | J89: 4.8 | L89: 0.70807018 | M89: 0.77999467 | N89: 1
B90: STAG | C90: =AVERAGE(L79,L81) -> 19.680851 | D90: 6.5498915 | E90: 6.1662321 | F90: 4.8 | G90: =[37]December_2023!$U$21 -> 19.680851 | H90: 6.3458282 | I90: 5.9138834 | J90: 4.8 | K90: =AVERAGE(K79,K81) -> 0.42385965 | L90: 0.66137427 | M90: 0.71942944 | N90: 1
B91: GUINN | D91: 8.4423676 | E91: 8.9890455 | F91: 5.5 | H91: 5.9624998 | I91: 8.6652309 | J91: 5.5 | L91: 0.51561404 | M91: 0.65035608 | N91: 1
B92: VITAMALT | D92: 3.597848 | E92: 2.9936807 | F92: 3.3 | H92: 6.098202 | I92: 3.3134543 | J92: 3.3 | L92: 0.50298246 | M92: 1.0625518 | N92: 1
B93: MAXIMALT | F93: 3.3 | J93: 3 | N93: 1
B94: MACKESON | E94: 6.4174306 | F94: =[39]May_2022!$M$43 -> 3.4878407 | I94: 7.0730655 | J94: 5.5 | M94: 1.0342105 | N94: 1
B95: STARMALT | D95: 2.7692803 | E95: 3.0589058 | F95: 3.3 | H95: 4.2179953 | I95: 4.9470953 | J95: 3.3 | L95: 1.0594737 | M95: 1.0223839 | N95: 1
B96: HURRICANE REEF | E96: 11.178248 | F96: 7.5 | I96: 14.59851 | J96: 7.5 | M96: 0.30947368 | N96: 1
D97: 5.3927001 | E97: 6.2517133 | F97: 4.5 | H97: 5.4965257 | I97: 6.527958 | J97: 4.5 | L97: 0.69682018 | M97: 0.78265038 | N97: 1
AD110: :

Sheet Oct 1st
S1: P.G. | U1: Hot Time | W1: Process Time | Y1: Cooling Time
B2: Brewing Department Daily Process Loss Report | S2: Lower | T2: Upper | U2: Lower | V2: Upper | W2: Lower | X2: Upper | Y2: Lower | Z2: Upper
R3: CARIB | S3: 11.6 | T3: 12 | U3: 0 | V3: 0.11805556 | W3: 0.22569444 | X3: 0.26388889 | Y3: 0 | Z3: 60 | AB3: HR- PISNER
B4: Date: | C4: 46297 | J4: LOT WORT COLOUR: 3.4 | M4: Filter Sheets (Target 20 days) | R4: STAG | S4: 11.6 | T4: 12 | U4: 0 | V4: 0.11805556 | W4: 0.22569444 | X4: 0.26388889 | Y4: 0 | Z4: 60
M5: Double | N5: Single | R5: GUINNESS | S5: 17 | T5: 17.5 | U5: 0 | V5: 0.10763889 | W5: 0.24652778 | X5: 0.28472222 | Y5: 0 | Z5: 60
J6: MALT LOT: Lot #15 | L6: Sheet Day | R6: MACKESON | S6: 13.3 | T6: 13.5 | U6: 0 | V6: 0.12905093 | W6: 0.27430556 | X6: 0.30208333 | Y6: 0
R7: STARMALT | S7: 17 | T7: 17.4 | U7: 0 | V7: 0.13605324 | W7: 0.27430556 | X7: 0.30902778 | Y7: 0 | Z7: 85
B8: Brand | C8: Brew no. | D8: Kett. Hls | E8: Wort | F8: Cool Time(Mins) | G8: Cast. P.G. (Lab Result) | H8: Cast P.G. (Cellar Operator)-gravity | I8: Extr. Rec (78%) | J8: Theor. Extr. (77.5%) | K8: Boil Off /Vol. (4-6%) | L8: Boil Time | M8: Total Hot | N8: Brewing Time | O8: Operator | R8: Hurricane Reef | S8: 16.6 | T8: 17 | U8: 0 | V8: 0.12905093 | W8: 0.27430556 | X8: 0.30208333 | Y8: 0
E9: Meter (Hls) | F9: Target(< 60Mins) | M9: Time | R9: VITAMALT | S9: 14.2 | T9: 14.6 | U9: 0 | V9: 0.13905093 | W9: 0.26041667 | X9: 0.29513889 | Y9: 0 | Z9: 75
B10: STAG | C10: =[4]Brewhouse!$A390 -> ST331 | D10: =[4]Brewhouse!$AB390 -> 53.1 | E10: =[4]Brewhouse!$AG390 -> 49.3 | F10: =[4]Brewhouse!$V390 -> 65 | G10: =[4]Brewhouse!$AE390 -> 11.9 | H10: 12 | I10: =[4]Brewhouse!$AS390 -> 98.847024 | J10: =[4]Brewhouse!$AT390 -> 99.485548 | K10: =[4]Brewhouse!$Q390 -> 11.06403 | L10: =[4]Brewhouse!$P390 -> 57 | M10: =[4]Brewhouse!$U390-[4]Brewhouse!$T390 -> 0.12430556 | N10: =[4]Brewhouse!$AW390 -> 0.26597222 | O10: =[4]Brewhouse!$AV390 -> R. Regis | R10: =B10 -> STAG | S10: =VLOOKUP($B10,$R$3:$X$9,2,FALSE) -> 11.6 | T10: =VLOOKUP($B10,$R$3:$X$9,3,FALSE) -> 12 | U10: =VLOOKUP($B10,$R$3:$X$9,4,FALSE) -> 0 | V10: =VLOOKUP($B10,$R$3:$X$9,5,FALSE) -> 0.11805556 | W10: =VLOOKUP($B10,$R$3:$X$9,6,FALSE) -> 0.22569444 | X10: =VLOOKUP($B10,$R$3:$X$9,7,FALSE) -> 0.26388889 | Y10: =VLOOKUP($B10,$R$3:$Z$9,8,FALSE) -> 0 | Z10: =VLOOKUP($B10,$R$3:$Z$9,9,FALSE) -> 60
B11: STAG | C11: =[4]Brewhouse!$A391 -> ST332 | D11: =[4]Brewhouse!$AB391 -> 53.1 | E11: =[4]Brewhouse!$AG391 -> 50.4 | F11: =[4]Brewhouse!$V391 -> 60 | G11: =[4]Brewhouse!$AE391 -> 11.7 | H11: 11.8 | I11: =[4]Brewhouse!$AS391 -> 99.266868 | J11: =[4]Brewhouse!$AT391 -> 99.908104 | K11: =[4]Brewhouse!$Q391 -> 8.992467 | L11: =[4]Brewhouse!$P391 -> 57 | M11: =[4]Brewhouse!$U391-[4]Brewhouse!$T391 -> 0.11388889 | N11: =[4]Brewhouse!$AW391 -> 0.26111111 | O11: =[4]Brewhouse!$AV391 -> R. Regis | R11: =B11 -> STAG | S11: =VLOOKUP($B11,$R$3:$X$9,2,FALSE) -> 11.6 | T11: =VLOOKUP($B11,$R$3:$X$9,3,FALSE) -> 12 | U11: =VLOOKUP($B11,$R$3:$X$9,4,FALSE) -> 0 | V11: =VLOOKUP($B11,$R$3:$X$9,5,FALSE) -> 0.11805556 | W11: =VLOOKUP($B11,$R$3:$X$9,6,FALSE) -> 0.22569444 | X11: =VLOOKUP($B11,$R$3:$X$9,7,FALSE) -> 0.26388889 | Y11: =VLOOKUP($B11,$R$3:$Z$9,8,FALSE) -> 0 | Z11: =VLOOKUP($B11,$R$3:$Z$9,9,FALSE) -> 60
R12: =B12 -> 0 | S12: =VLOOKUP($B12,$R$3:$X$9,2,FALSE) -> #N/A | T12: =VLOOKUP($B12,$R$3:$X$9,3,FALSE) -> #N/A | U12: =VLOOKUP($B12,$R$3:$X$9,4,FALSE) -> #N/A | V12: =VLOOKUP($B12,$R$3:$X$9,5,FALSE) -> #N/A | W12: =VLOOKUP($B12,$R$3:$X$9,6,FALSE) -> #N/A | X12: =VLOOKUP($B12,$R$3:$X$9,7,FALSE) -> #N/A | Y12: =VLOOKUP($B12,$R$3:$Z$9,8,FALSE) -> #N/A | Z12: =VLOOKUP($B12,$R$3:$Z$9,9,FALSE) -> #N/A
B13: CARIB | C13: =[3]Brewhouse!$A789 -> CA739 | D13: =[3]Brewhouse!$AF789 -> 47.4 | E13: =[3]Brewhouse!$AI789 -> 47.9 | F13: =[3]Brewhouse!$V789 -> 55 | G13: =[3]Brewhouse!AG789 -> 11.8 | H13: 12.2 | I13: =[3]Brewhouse!$AU789 -> 94.056577 | J13: =[3]Brewhouse!$AV789 -> 94.785536 | K13: =[3]Brewhouse!$Q789 -> 15.037037 | L13: =[3]Brewhouse!$P789 -> 63 | M13: =[3]Brewhouse!$U789-[3]Brewhouse!$T789 -> 0.11180556 | N13: =[3]Brewhouse!$Z789 -> 0.24861111 | O13: =[3]Brewhouse!$AX789 -> R. Sookram | R13: =B13 -> CARIB | S13: =VLOOKUP($B13,$R$3:$X$9,2,FALSE) -> 11.6 | T13: =VLOOKUP($B13,$R$3:$X$9,3,FALSE) -> 12 | U13: =VLOOKUP($B13,$R$3:$X$9,4,FALSE) -> 0 | V13: =VLOOKUP($B13,$R$3:$X$9,5,FALSE) -> 0.11805556 | W13: =VLOOKUP($B13,$R$3:$X$9,6,FALSE) -> 0.22569444 | X13: =VLOOKUP($B13,$R$3:$X$9,7,FALSE) -> 0.26388889 | Y13: =VLOOKUP($B13,$R$3:$Z$9,8,FALSE) -> 0 | Z13: =VLOOKUP($B13,$R$3:$Z$9,9,FALSE) -> 60
B14: CARIB | C14: =[3]Brewhouse!$A790 -> CA740 | D14: =[3]Brewhouse!$AF790 -> 49.8 | E14: =[3]Brewhouse!$AI790 -> 50.3 | F14: =[3]Brewhouse!$V790 -> 55 | G14: =[3]Brewhouse!AG790 -> 11.9 | H14: 12.2 | I14: =[3]Brewhouse!$AU790 -> 99.034025 | J14: =[3]Brewhouse!$AV790 -> 99.801813 | K14: =[3]Brewhouse!$Q790 -> 12.074074 | L14: =[3]Brewhouse!$P790 -> 61 | M14: =[3]Brewhouse!$U790-[3]Brewhouse!$T790 -> 0.10972222 | N14: =[3]Brewhouse!$Z790 -> 0.24305556 | O14: =[3]Brewhouse!$AX790 -> K. Benjamin | R14: =B14 -> CARIB | S14: =VLOOKUP($B14,$R$3:$X$9,2,FALSE) -> 11.6 | T14: =VLOOKUP($B14,$R$3:$X$9,3,FALSE) -> 12 | U14: =VLOOKUP($B14,$R$3:$X$9,4,FALSE) -> 0 | V14: =VLOOKUP($B14,$R$3:$X$9,5,FALSE) -> 0.11805556 | W14: =VLOOKUP($B14,$R$3:$X$9,6,FALSE) -> 0.22569444 | X14: =VLOOKUP($B14,$R$3:$X$9,7,FALSE) -> 0.26388889 | Y14: =VLOOKUP($B14,$R$3:$Z$9,8,FALSE) -> 0 | Z14: =VLOOKUP($B14,$R$3:$Z$9,9,FALSE) -> 60
B15: CARIB | C15: =[3]Brewhouse!$A791 -> CA741 | D15: =[3]Brewhouse!$AF791 -> 48.5 | E15: =[3]Brewhouse!$AI791 -> 49.1 | F15: =[3]Brewhouse!$V791 -> 58 | G15: =[3]Brewhouse!AG791 -> 11.8 | H15: 11.9 | I15: =[3]Brewhouse!$AU791 -> 96.894772 | J15: =[3]Brewhouse!$AV791 -> 97.645528 | K15: =[3]Brewhouse!$Q791 -> 12.259259 | L15: =[3]Brewhouse!$P791 -> 60 | M15: =[3]Brewhouse!$U791-[3]Brewhouse!$T791 -> 0.1125 | N15: =[3]Brewhouse!$Z791 -> 0.24513889 | O15: =[3]Brewhouse!$AX791 -> K. Benjamin | R15: =B15 -> CARIB | S15: =VLOOKUP($B15,$R$3:$X$9,2,FALSE) -> 11.6 | T15: =VLOOKUP($B15,$R$3:$X$9,3,FALSE) -> 12 | U15: =VLOOKUP($B15,$R$3:$X$9,4,FALSE) -> 0 | V15: =VLOOKUP($B15,$R$3:$X$9,5,FALSE) -> 0.11805556 | W15: =VLOOKUP($B15,$R$3:$X$9,6,FALSE) -> 0.22569444 | X15: =VLOOKUP($B15,$R$3:$X$9,7,FALSE) -> 0.26388889 | Y15: =VLOOKUP($B15,$R$3:$Z$9,8,FALSE) -> 0 | Z15: =VLOOKUP($B15,$R$3:$Z$9,9,FALSE) -> 60
B16: CARIB | C16: =[3]Brewhouse!$A792 -> CA742 | D16: =[3]Brewhouse!$AF792 -> 51.2 | E16: =[3]Brewhouse!$AI792 -> 51.7 | F16: =[3]Brewhouse!$V792 -> 64 | G16: =[3]Brewhouse!AG792 -> 11.6 | H16: 12 | I16: =[3]Brewhouse!$AU792 -> 99.461063 | J16: =[3]Brewhouse!$AV792 -> 100.23201 | K16: =[3]Brewhouse!$Q792 -> 10.573013 | L16: =[3]Brewhouse!$P792 -> 60 | M16: =[3]Brewhouse!$U792-[3]Brewhouse!$T792 -> 0.11458333 | N16: =[3]Brewhouse!$Z792 -> 0.24236111 | O16: =[3]Brewhouse!$AX792 -> K. Benjamin | R16: =B16 -> CARIB | S16: =VLOOKUP($B16,$R$3:$X$9,2,FALSE) -> 11.6 | T16: =VLOOKUP($B16,$R$3:$X$9,3,FALSE) -> 12 | U16: =VLOOKUP($B16,$R$3:$X$9,4,FALSE) -> 0 | V16: =VLOOKUP($B16,$R$3:$X$9,5,FALSE) -> 0.11805556 | W16: =VLOOKUP($B16,$R$3:$X$9,6,FALSE) -> 0.22569444 | X16: =VLOOKUP($B16,$R$3:$X$9,7,FALSE) -> 0.26388889 | Y16: =VLOOKUP($B16,$R$3:$Z$9,8,FALSE) -> 0 | Z16: =VLOOKUP($B16,$R$3:$Z$9,9,FALSE) -> 60
B17: CARIB | C17: =[3]Brewhouse!$A793 -> CA743 | D17: =[3]Brewhouse!$AF793 -> 50.4 | E17: =[3]Brewhouse!$AI793 -> 50.3 | F17: =[3]Brewhouse!$V793 -> 59 | G17: =[3]Brewhouse!AG793 -> 11.7 | H17: 11.7 | I17: =[3]Brewhouse!$AU793 -> 98.01064 | J17: =[3]Brewhouse!$AV793 -> 98.770194 | K17: =[3]Brewhouse!$Q793 -> 10.38817 | L17: =[3]Brewhouse!$P793 -> 60 | O17: =[3]Brewhouse!$AX793 -> K. Benjamin | R17: =B17 -> CARIB | S17: =VLOOKUP($B17,$R$3:$X$9,2,FALSE) -> 11.6 | T17: =VLOOKUP($B17,$R$3:$X$9,3,FALSE) -> 12 | U17: =VLOOKUP($B17,$R$3:$X$9,4,FALSE) -> 0 | V17: =VLOOKUP($B17,$R$3:$X$9,5,FALSE) -> 0.11805556 | W17: =VLOOKUP($B17,$R$3:$X$9,6,FALSE) -> 0.22569444 | X17: =VLOOKUP($B17,$R$3:$X$9,7,FALSE) -> 0.26388889 | Y17: =VLOOKUP($B17,$R$3:$Z$9,8,FALSE) -> 0 | Z17: =VLOOKUP($B17,$R$3:$Z$9,9,FALSE) -> 60
R18: =B18 -> 0 | S18: =VLOOKUP($B18,$R$3:$X$9,2,FALSE) -> #N/A | T18: =VLOOKUP($B18,$R$3:$X$9,3,FALSE) -> #N/A | U18: =VLOOKUP($B18,$R$3:$X$9,4,FALSE) -> #N/A | V18: =VLOOKUP($B18,$R$3:$X$9,5,FALSE) -> #N/A | W18: =VLOOKUP($B18,$R$3:$X$9,6,FALSE) -> #N/A | X18: =VLOOKUP($B18,$R$3:$X$9,7,FALSE) -> #N/A | Y18: =VLOOKUP($B18,$R$3:$Z$9,8,FALSE) -> #N/A | Z18: =VLOOKUP($B18,$R$3:$Z$9,9,FALSE) -> #N/A
R19: =B19 -> 0 | S19: =VLOOKUP($B19,$R$3:$X$9,2,FALSE) -> #N/A | T19: =VLOOKUP($B19,$R$3:$X$9,3,FALSE) -> #N/A | U19: =VLOOKUP($B19,$R$3:$X$9,4,FALSE) -> #N/A | V19: =VLOOKUP($B19,$R$3:$X$9,5,FALSE) -> #N/A | W19: =VLOOKUP($B19,$R$3:$X$9,6,FALSE) -> #N/A | X19: =VLOOKUP($B19,$R$3:$X$9,7,FALSE) -> #N/A | Y19: =VLOOKUP($B19,$R$3:$Z$9,8,FALSE) -> #N/A | Z19: =VLOOKUP($B19,$R$3:$Z$9,9,FALSE) -> #N/A
R20: =B20 -> 0 | S20: =VLOOKUP($B20,$R$3:$X$9,2,FALSE) -> #N/A | T20: =VLOOKUP($B20,$R$3:$X$9,3,FALSE) -> #N/A | U20: =VLOOKUP($B20,$R$3:$X$9,4,FALSE) -> #N/A | V20: =VLOOKUP($B20,$R$3:$X$9,5,FALSE) -> #N/A | W20: =VLOOKUP($B20,$R$3:$X$9,6,FALSE) -> #N/A | X20: =VLOOKUP($B20,$R$3:$X$9,7,FALSE) -> #N/A | Y20: =VLOOKUP($B20,$R$3:$Z$9,8,FALSE) -> #N/A | Z20: =VLOOKUP($B20,$R$3:$Z$9,9,FALSE) -> #N/A
R21: =B21 -> 0 | S21: =VLOOKUP($B21,$R$3:$X$9,2,FALSE) -> #N/A | T21: =VLOOKUP($B21,$R$3:$X$9,3,FALSE) -> #N/A | U21: =VLOOKUP($B21,$R$3:$X$9,4,FALSE) -> #N/A | V21: =VLOOKUP($B21,$R$3:$X$9,5,FALSE) -> #N/A | W21: =VLOOKUP($B21,$R$3:$X$9,6,FALSE) -> #N/A | X21: =VLOOKUP($B21,$R$3:$X$9,7,FALSE) -> #N/A | Y21: =VLOOKUP($B21,$R$3:$Z$9,8,FALSE) -> #N/A | Z21: =VLOOKUP($B21,$R$3:$Z$9,9,FALSE) -> #N/A
R22: =B22 -> 0 | S22: =VLOOKUP($B22,$R$3:$X$9,2,FALSE) -> #N/A | T22: =VLOOKUP($B22,$R$3:$X$9,3,FALSE) -> #N/A | U22: =VLOOKUP($B22,$R$3:$X$9,4,FALSE) -> #N/A | V22: =VLOOKUP($B22,$R$3:$X$9,5,FALSE) -> #N/A | W22: =VLOOKUP($B22,$R$3:$X$9,6,FALSE) -> #N/A | X22: =VLOOKUP($B22,$R$3:$X$9,7,FALSE) -> #N/A | Y22: =VLOOKUP($B22,$R$3:$Z$9,8,FALSE) -> #N/A | Z22: =VLOOKUP($B22,$R$3:$Z$9,9,FALSE) -> #N/A
R23: =B23 -> 0 | S23: =VLOOKUP($B23,$R$3:$X$9,2,FALSE) -> #N/A | T23: =VLOOKUP($B23,$R$3:$X$9,3,FALSE) -> #N/A | U23: =VLOOKUP($B23,$R$3:$X$9,4,FALSE) -> #N/A | V23: =VLOOKUP($B23,$R$3:$X$9,5,FALSE) -> #N/A | W23: =VLOOKUP($B23,$R$3:$X$9,6,FALSE) -> #N/A | X23: =VLOOKUP($B23,$R$3:$X$9,7,FALSE) -> #N/A | Y23: =VLOOKUP($B23,$R$3:$Z$9,8,FALSE) -> #N/A | Z23: =VLOOKUP($B23,$R$3:$Z$9,9,FALSE) -> #N/A
R24: =B24 -> 0 | S24: =VLOOKUP($B24,$R$3:$X$9,2,FALSE) -> #N/A | T24: =VLOOKUP($B24,$R$3:$X$9,3,FALSE) -> #N/A | U24: =VLOOKUP($B24,$R$3:$X$9,4,FALSE) -> #N/A | V24: =VLOOKUP($B24,$R$3:$X$9,5,FALSE) -> #N/A | W24: =VLOOKUP($B24,$R$3:$X$9,6,FALSE) -> #N/A | X24: =VLOOKUP($B24,$R$3:$X$9,7,FALSE) -> #N/A | Y24: =VLOOKUP($B24,$R$3:$Z$9,8,FALSE) -> #N/A | Z24: =VLOOKUP($B24,$R$3:$Z$9,9,FALSE) -> #N/A
R25: =B25 -> 0 | S25: =VLOOKUP($B25,$R$3:$X$9,2,FALSE) -> #N/A | T25: =VLOOKUP($B25,$R$3:$X$9,3,FALSE) -> #N/A | U25: =VLOOKUP($B25,$R$3:$X$9,4,FALSE) -> #N/A | V25: =VLOOKUP($B25,$R$3:$X$9,5,FALSE) -> #N/A | W25: =VLOOKUP($B25,$R$3:$X$9,6,FALSE) -> #N/A | X25: =VLOOKUP($B25,$R$3:$X$9,7,FALSE) -> #N/A | Y25: =VLOOKUP($B25,$R$3:$Z$9,8,FALSE) -> #N/A | Z25: =VLOOKUP($B25,$R$3:$Z$9,9,FALSE) -> #N/A
R26: =B26 -> 0 | S26: =VLOOKUP($B26,$R$3:$X$9,2,FALSE) -> #N/A | T26: =VLOOKUP($B26,$R$3:$X$9,3,FALSE) -> #N/A | U26: =VLOOKUP($B26,$R$3:$X$9,4,FALSE) -> #N/A | V26: =VLOOKUP($B26,$R$3:$X$9,5,FALSE) -> #N/A | W26: =VLOOKUP($B26,$R$3:$X$9,6,FALSE) -> #N/A | X26: =VLOOKUP($B26,$R$3:$X$9,7,FALSE) -> #N/A | Y26: =VLOOKUP($B26,$R$3:$Z$9,8,FALSE) -> #N/A | Z26: =VLOOKUP($B26,$R$3:$Z$9,9,FALSE) -> #N/A
B27: BRAND | D27: BBT P.G./ O.G | I27: Brand | K27: MTD No. of Brews | L27: MTD | M27: YTD | N27: Target | R27: =B27 -> BRAND | S27: =VLOOKUP($B27,$R$3:$X$9,2,FALSE) -> #N/A | T27: =VLOOKUP($B27,$R$3:$X$9,3,FALSE) -> #N/A | U27: =VLOOKUP($B27,$R$3:$X$9,4,FALSE) -> #N/A | V27: =VLOOKUP($B27,$R$3:$X$9,5,FALSE) -> #N/A | W27: =VLOOKUP($B27,$R$3:$X$9,6,FALSE) -> #N/A | X27: =VLOOKUP($B27,$R$3:$X$9,7,FALSE) -> #N/A | Y27: =VLOOKUP($B27,$R$3:$Z$9,8,FALSE) -> #N/A | Z27: =VLOOKUP($B27,$R$3:$Z$9,9,FALSE) -> #N/A
I28: CARIB | J28: =AVERAGE(I13:I17) -> 97.491415 | K28: =COUNTA([3]Brewhouse!$A$789:$A$793) -> 5 | L28: =AVERAGE([3]Brewhouse!$AU$789:$AU$793) -> 97.491415 | M28: =AVERAGE([3]Brewhouse!$AU$42:$AU$123,[3]Brewhouse!$AU$125:$AU$188,[3]Brewhouse!$AU$198:$AU$290,[3]Brewhouse!$AU$292:$AU$370,[3]Brewhouse!$AU$372:$AU$439,[3]Brewhouse!$AU$441:$AU$497,[3]Brewhouse!$AU$499:$AU$519,[3]Brewhouse!$AU$521:$AU$593,[3]Brewhouse!$AU$595:$AU$694,[3]Brewhouse!$AU$696:$AU$787,[3]Brewhouse!$AU$789:$AU$793) -> 98.325659 | N28: 98 | R28: =B28 -> 0 | S28: =VLOOKUP($B28,$R$3:$X$9,2,FALSE) -> #N/A | T28: =VLOOKUP($B28,$R$3:$X$9,3,FALSE) -> #N/A | U28: =VLOOKUP($B28,$R$3:$X$9,4,FALSE) -> #N/A | V28: =VLOOKUP($B28,$R$3:$X$9,5,FALSE) -> #N/A | W28: =VLOOKUP($B28,$R$3:$X$9,6,FALSE) -> #N/A | X28: =VLOOKUP($B28,$R$3:$X$9,7,FALSE) -> #N/A | Y28: =VLOOKUP($B28,$R$3:$Z$9,8,FALSE) -> #N/A | Z28: =VLOOKUP($B28,$R$3:$Z$9,9,FALSE) -> #N/A
I29: STAG | J29: =AVERAGE(I10:I11) -> 99.056946 | K29: =COUNTA([4]Brewhouse!$A$390:$A$391) -> 2 | L29: =AVERAGE([4]Brewhouse!$AS$390:$AS$391) -> 99.056946 | M29: =AVERAGE([4]Brewhouse!$AS$52:$AS$81,[4]Brewhouse!$AS$83:$AS$124,[4]Brewhouse!$AS$134:$AS$177,[4]Brewhouse!$AS$22:$AS$179,[4]Brewhouse!$AS$214:$AS$249,[4]Brewhouse!$AS$252:$AS$293,[4]Brewhouse!$AS$295:$AS$325,[4]Brewhouse!$AS$327:$AS$361,[4]Brewhouse!$AS$363:$AS$388,[4]Brewhouse!$AS$390:$AS$391) -> 98.31123 | N29: 98 | R29: =B29 -> 0 | S29: =VLOOKUP($B29,$R$3:$X$9,2,FALSE) -> #N/A | T29: =VLOOKUP($B29,$R$3:$X$9,3,FALSE) -> #N/A | U29: =VLOOKUP($B29,$R$3:$X$9,4,FALSE) -> #N/A | V29: =VLOOKUP($B29,$R$3:$X$9,5,FALSE) -> #N/A | W29: =VLOOKUP($B29,$R$3:$X$9,6,FALSE) -> #N/A | X29: =VLOOKUP($B29,$R$3:$X$9,7,FALSE) -> #N/A | Y29: =VLOOKUP($B29,$R$3:$Z$9,8,FALSE) -> #N/A | Z29: =VLOOKUP($B29,$R$3:$Z$9,9,FALSE) -> #N/A
I30: GUINNESS | M30: =AVERAGE([5]Brewhouse!$AU$16:$AU$23,[5]Brewhouse!$AU$25:$AU$32,[5]Brewhouse!$AU$34:$AU$41,[5]Brewhouse!$AU$43:$AU$60,[5]Brewhouse!$AU$62:$AU$69,[5]Brewhouse!$AU$71:$AU$88,[5]Brewhouse!$AU$90:$AU$97,[5]Brewhouse!$AU$99:$AU$106) -> 96.498356 | N30: 98 | R30: =B30 -> 0 | S30: =VLOOKUP($B30,$R$3:$X$9,2,FALSE) -> #N/A | T30: =VLOOKUP($B30,$R$3:$X$9,3,FALSE) -> #N/A | U30: =VLOOKUP($B30,$R$3:$X$9,4,FALSE) -> #N/A | V30: =VLOOKUP($B30,$R$3:$X$9,5,FALSE) -> #N/A | W30: =VLOOKUP($B30,$R$3:$X$9,6,FALSE) -> #N/A | X30: =VLOOKUP($B30,$R$3:$X$9,7,FALSE) -> #N/A | Y30: =VLOOKUP($B30,$R$3:$Z$9,8,FALSE) -> #N/A | Z30: =VLOOKUP($B30,$R$3:$Z$9,9,FALSE) -> #N/A
I31: VITAMALT | M31: =AVERAGE([6]Brewhouse!$AV$23:$AV$34,[6]Brewhouse!$AV$36,[6]Brewhouse!$AV$38:$AV$52,[6]Brewhouse!$AV$54:$AV$60,[6]Brewhouse!$AV$62:$AV$69,[6]Brewhouse!$AV$71:$AV$78,[6]Brewhouse!$AV$80:$AV$87,[6]Brewhouse!$AV$89:$AV$96,[6]Brewhouse!$AV$98:$AV$105) -> 97.566635 | N31: 98 | R31: =B31 -> 0 | S31: =VLOOKUP($B31,$R$3:$X$9,2,FALSE) -> #N/A | T31: =VLOOKUP($B31,$R$3:$X$9,3,FALSE) -> #N/A | U31: =VLOOKUP($B31,$R$3:$X$9,4,FALSE) -> #N/A | V31: =VLOOKUP($B31,$R$3:$X$9,5,FALSE) -> #N/A | W31: =VLOOKUP($B31,$R$3:$X$9,6,FALSE) -> #N/A | X31: =VLOOKUP($B31,$R$3:$X$9,7,FALSE) -> #N/A | Y31: =VLOOKUP($B31,$R$3:$Z$9,8,FALSE) -> #N/A | Z31: =VLOOKUP($B31,$R$3:$Z$9,9,FALSE) -> #N/A
I32: MAXIMALT | N32: 98 | R32: =B32 -> 0 | S32: =VLOOKUP($B32,$R$3:$X$9,2,FALSE) -> #N/A | T32: =VLOOKUP($B32,$R$3:$X$9,3,FALSE) -> #N/A | U32: =VLOOKUP($B32,$R$3:$X$9,4,FALSE) -> #N/A | V32: =VLOOKUP($B32,$R$3:$X$9,5,FALSE) -> #N/A | W32: =VLOOKUP($B32,$R$3:$X$9,6,FALSE) -> #N/A | X32: =VLOOKUP($B32,$R$3:$X$9,7,FALSE) -> #N/A | Y32: =VLOOKUP($B32,$R$3:$Z$9,8,FALSE) -> #N/A | Z32: =VLOOKUP($B32,$R$3:$Z$9,9,FALSE) -> #N/A
I33: MACKESON | M33: =AVERAGE([7]Brewhouse!$AT$4:$AT$11,[7]Brewhouse!$AT$13:$AT$16,[7]Brewhouse!$AT$18:$AT$30) -> 93.222628 | N33: 98 | R33: =B33 -> 0 | S33: =VLOOKUP($B33,$R$3:$X$9,2,FALSE) -> #N/A | T33: =VLOOKUP($B33,$R$3:$X$9,3,FALSE) -> #N/A | U33: =VLOOKUP($B33,$R$3:$X$9,4,FALSE) -> #N/A | V33: =VLOOKUP($B33,$R$3:$X$9,5,FALSE) -> #N/A | W33: =VLOOKUP($B33,$R$3:$X$9,6,FALSE) -> #N/A | X33: =VLOOKUP($B33,$R$3:$X$9,7,FALSE) -> #N/A | Y33: =VLOOKUP($B33,$R$3:$Z$9,8,FALSE) -> #N/A | Z33: =VLOOKUP($B33,$R$3:$Z$9,9,FALSE) -> #N/A
I34: STARMALT | M34: =AVERAGE([8]Brewhouse!$AY$5:$AY$14,[8]Brewhouse!$AY$16:$AY$23,[8]Brewhouse!$AY$42,[8]Brewhouse!$AY$44:$AY$51,[8]Brewhouse!$AY$53:$AY$64,[8]Brewhouse!$AY$66:$AY$73,[8]Brewhouse!$AY$75:$AY$82,[8]Brewhouse!$AY$84:$AY$101,[8]Brewhouse!$AY$103:$AY$110) -> 97.792958 | N34: 98 | R34: =B34 -> 0 | S34: =VLOOKUP($B34,$R$3:$X$9,2,FALSE) -> #N/A | T34: =VLOOKUP($B34,$R$3:$X$9,3,FALSE) -> #N/A | U34: =VLOOKUP($B34,$R$3:$X$9,4,FALSE) -> #N/A | V34: =VLOOKUP($B34,$R$3:$X$9,5,FALSE) -> #N/A | W34: =VLOOKUP($B34,$R$3:$X$9,6,FALSE) -> #N/A | X34: =VLOOKUP($B34,$R$3:$X$9,7,FALSE) -> #N/A | Y34: =VLOOKUP($B34,$R$3:$Z$9,8,FALSE) -> #N/A | Z34: =VLOOKUP($B34,$R$3:$Z$9,9,FALSE) -> #N/A
I35: HR- Pils | N35: 98 | R35: =B35 -> 0 | S35: =VLOOKUP($B35,$R$3:$X$9,2,FALSE) -> #N/A | T35: =VLOOKUP($B35,$R$3:$X$9,3,FALSE) -> #N/A | U35: =VLOOKUP($B35,$R$3:$X$9,4,FALSE) -> #N/A | V35: =VLOOKUP($B35,$R$3:$X$9,5,FALSE) -> #N/A | W35: =VLOOKUP($B35,$R$3:$X$9,6,FALSE) -> #N/A | X35: =VLOOKUP($B35,$R$3:$X$9,7,FALSE) -> #N/A | Y35: =VLOOKUP($B35,$R$3:$Z$9,8,FALSE) -> #N/A | Z35: =VLOOKUP($B35,$R$3:$Z$9,9,FALSE) -> #N/A
I36: HR- IPA | N36: 98 | R36: =B36 -> 0 | S36: =VLOOKUP($B36,$R$3:$X$9,2,FALSE) -> #N/A | T36: =VLOOKUP($B36,$R$3:$X$9,3,FALSE) -> #N/A | U36: =VLOOKUP($B36,$R$3:$X$9,4,FALSE) -> #N/A | V36: =VLOOKUP($B36,$R$3:$X$9,5,FALSE) -> #N/A | W36: =VLOOKUP($B36,$R$3:$X$9,6,FALSE) -> #N/A | X36: =VLOOKUP($B36,$R$3:$X$9,7,FALSE) -> #N/A | Y36: =VLOOKUP($B36,$R$3:$Z$9,8,FALSE) -> #N/A | Z36: =VLOOKUP($B36,$R$3:$Z$9,9,FALSE) -> #N/A
I37: HR- APA | N37: 98 | R37: =B37 -> 0 | S37: =VLOOKUP($B37,$R$3:$X$9,2,FALSE) -> #N/A | T37: =VLOOKUP($B37,$R$3:$X$9,3,FALSE) -> #N/A | U37: =VLOOKUP($B37,$R$3:$X$9,4,FALSE) -> #N/A | V37: =VLOOKUP($B37,$R$3:$X$9,5,FALSE) -> #N/A | W37: =VLOOKUP($B37,$R$3:$X$9,6,FALSE) -> #N/A | X37: =VLOOKUP($B37,$R$3:$X$9,7,FALSE) -> #N/A | Y37: =VLOOKUP($B37,$R$3:$Z$9,8,FALSE) -> #N/A | Z37: =VLOOKUP($B37,$R$3:$Z$9,9,FALSE) -> #N/A
K38: =SUM(K28:K37) -> 7 | L38: =((L28*K28)+(L29*K29)+(L30*K30)+(L31*K31)+(L32*K32)+(K35*L35)+(L33*K33)+(L34*K34)+(L37*K37))/(K38) -> 97.93871 | M38: =AVERAGE('[9]Jan30th-31st'!$L$42,'[10]Feb 27th-28th'!$L$45,'[11]Mar 31st'!$L$42,'[12]Apr 30th'!$L$41,'[13]May 29th '!$L$35,'[14]June 30th'!$L$32,[15]July31st!$L$36,'[16]Aug 31st'!$L$32,L38) -> 97.977816 | N38: 98 | R38: =B38 -> 0 | S38: =VLOOKUP($B38,$R$3:$X$9,2,FALSE) -> #N/A | T38: =VLOOKUP($B38,$R$3:$X$9,3,FALSE) -> #N/A | U38: =VLOOKUP($B38,$R$3:$X$9,4,FALSE) -> #N/A | V38: =VLOOKUP($B38,$R$3:$X$9,5,FALSE) -> #N/A | W38: =VLOOKUP($B38,$R$3:$X$9,6,FALSE) -> #N/A | X38: =VLOOKUP($B38,$R$3:$X$9,7,FALSE) -> #N/A | Y38: =VLOOKUP($B38,$R$3:$Z$9,8,FALSE) -> #N/A | Z38: =VLOOKUP($B38,$R$3:$Z$9,9,FALSE) -> #N/A
R39: =B39 -> 0 | S39: =VLOOKUP($B39,$R$3:$X$9,2,FALSE) -> #N/A | T39: =VLOOKUP($B39,$R$3:$X$9,3,FALSE) -> #N/A | U39: =VLOOKUP($B39,$R$3:$X$9,4,FALSE) -> #N/A | V39: =VLOOKUP($B39,$R$3:$X$9,5,FALSE) -> #N/A | W39: =VLOOKUP($B39,$R$3:$X$9,6,FALSE) -> #N/A | X39: =VLOOKUP($B39,$R$3:$X$9,7,FALSE) -> #N/A | Y39: =VLOOKUP($B39,$R$3:$Z$9,8,FALSE) -> #N/A | Z39: =VLOOKUP($B39,$R$3:$Z$9,9,FALSE) -> #N/A
J40: Daily Brewing Plan
J41: Brand | L41: Average Brews per day
J42: CARIB | K42: 5 | L42: MTD | M42: YTD | N42: TARGET
J43: STAG | K43: 2 | L43: =AVERAGE(K52) -> 7 | M43: =AVERAGE('[9]Jan30th-31st'!$L$47,L43,'[10]Feb 26th '!$L$39,'[11]Mar 31st'!$L$47,'[12]Apr 30th'!$L$46,'[13]May 29th '!$L$40,'[14]June 30th'!$L$39,[15]July31st!$L$41,'[16]Aug 31st'!$L$37,'[18]Sept 30th'!$L$37) -> 6.5735341 | N43: 9.2
J44: GUINN
J45: VITAMALT
J46: STARMALT
J47: MACKESON
J48: HURRICANE REEF- IPA
J49: HURRICANE REEF- APA
B50: AVERAGE | J50: HR- PILSNER
J51: CARIBE
J52: Total | K52: =SUM(K42:K51) -> 7
B53: Process: | C53: Fermentation/Filtration
B55: Brand | C55: Filt. Date | D55: FV Hls | E55: GFE/ Prim/ Vita Blend (Hls) | F55: SV Hls | G55: BBT Hls | H55: Loss (%) Ferm | I55: Loss (%) Filt | J55: Comments | K55: Throughput | L55: Process Loss (%) | M55: Filt. Operator
AB56: 43474 | AC56: 43475 | AD56: 43476 | AE56: 43477 | AF56: 43478 | AG56: 43479 | AH56: 43480 | AI56: 43481 | AJ56: 43482 | AK56: 43483 | AL56: 43484 | AM56: 43485 | AN56: 43486 | AO56: 43487 | AP56: 43488 | AQ56: 43489 | AR56: 43490 | AS56: 43491 | AT56: 43492 | AU56: 43493 | AV56: 43494 | AW56: 43495 | AX56: 43496
B57: =J45 -> VITAMALT | C57: 46296 | D57: =[19]October_2026!$D$65 -> 383.05 | E57: =SUM([40]VITAMALT!$J$6:$J$13) -> 16.4 | G57: =[19]October_2026!$D$70 -> 389 | J57: NO BREAK | K57: =[20]October_2026!$D$60 -> 1.3649123 | L57: =(((D57+E57)-G57)/(D57+E57))*100 -> 2.6160971 | M57: R. Regis | AB57: =[21]January_2019!L5 -> 0 | AC57: =[21]January_2019!M5 -> 0 | AD57: =[21]January_2019!N5 -> 0 | AE57: =[21]January_2019!O5 -> 0 | AF57: =[21]January_2019!P5 -> 0 | AG57: =[21]January_2019!Q5 -> 0 | AH57: =[21]January_2019!R5 -> 0 | AI57: =[21]January_2019!S5 -> 0 | ... AX57: =[21]January_2019!AH5 -> 0
AB58: =[21]January_2019!L6 -> 0 | AC58: =[21]January_2019!M6 -> 0 | AD58: =[21]January_2019!N6 -> 0 | AE58: =[21]January_2019!O6 -> 0 | AF58: =[21]January_2019!P6 -> 0 | AG58: =[21]January_2019!Q6 -> 0 | AH58: =[21]January_2019!R6 -> 0 | AI58: =[21]January_2019!S6 -> 0 | ... AX58: =[21]January_2019!AH6 -> 0
B59: =J43 -> STAG | C59: 46287 | D59: =[19]September_2026!$Y$13 -> 190.7 | G59: =[19]September_2026!$Y$17 -> 184.3 | J59: NO SBF | K59: =[20]September_2026!$Y$25 -> 0.64666667 | L59: =(((D59+E59)-G59)/(D59+E59))*100 -> 3.3560566 | M59: K. Hosten | AB59: =[21]January_2019!L7 -> 285.8 | AC59: =[21]January_2019!M7 -> 508.1 | AD59: =[21]January_2019!N7 -> 0 | AE59: =[21]January_2019!O7 -> 0 | AF59: =[21]January_2019!P7 -> 109.56667 | AG59: =[21]January_2019!Q7 -> 297.65 | AH59: =[21]January_2019!R7 -> 122.3 | AI59: =[21]January_2019!S7 -> 0 | ... AX59: =[21]January_2019!AH7 -> 0
B68: Process Loss (Volume) | G68: Process Loss (Extract) | K68: Throughput
B69: Brand | C69: Actual | D69: MTD | E69: YTD | F69: Target | G69: Actual | H69: MTD | I69: YTD | J69: Target | K69: Actual | L69: MTD | M69: YTD | N69: Target
B70: CARIB | E70: 6.4321308 | F70: 4.8 | I70: 6.525711 | J70: 4.8 | M70: 0.53908627 | N70: 1
B71: STAG | E71: 6.0345294 | F71: 4.8 | I71: 5.9275659 | J71: 4.8 | M71: 0.68246525 | N71: 1
B72: GUINN | E72: 10.912863 | F72: 5.5 | I72: 11.819732 | J72: 5.5 | M72: 0.3537019 | N72: 1
B73: VITAMALT | C73: =L57 -> 2.6160971 | D73: 3.1167856 | E73: 4.8433373 | F73: 3.3 | G73: =[19]October_2026!$D$74 -> 4.0562064 | H73: 4.5494907 | I73: 4.8361029 | J73: 3.3 | K73: =K57 -> 1.3649123 | L73: 1.3578947 | M73: 0.77919298 | N73: 1
B74: APA | F74: 3.3 | J74: 3 | N74: 1
B75: MACKESON | E75: 6.3233966 | F75: 5.5 | I75: 7.9667553 | J75: 5.5 | M75: 0.58836257 | N75: 1
B76: STARMALT | E76: 3.9973372 | F76: 3.3 | I76: 5.1096184 | J76: 3.3 | M76: 0.8905713 | N76: 1
B77: IPA | F77: 7.5 | J77: 7.5 | N77: 1
B78: HURRICANE REEF PILS | F78: 4.8 | J78: 4.8 | N78: 1
D79: 3.1167856 | E79: 6.3623178 | F79: 5.5 | H79: 4.5494907 | I79: 6.6372733 | J79: 5.5 | L79: 1.3578947 | M79: 0.59559711 | N79: 1

Sheet Oct 2nd
S1: P.G. | U1: Hot Time | W1: Process Time | Y1: Cooling Time
B2: Brewing Department Daily Process Loss Report | S2: Lower | T2: Upper | U2: Lower | V2: Upper | W2: Lower | X2: Upper | Y2: Lower | Z2: Upper
R3: CARIB | S3: 11.6 | T3: 12 | U3: 0 | V3: 0.11805556 | W3: 0.22569444 | X3: 0.26388889 | Y3: 0 | Z3: 60 | AB3: HR- PISNER
B4: Date: | C4: 46300 | J4: LOT WORT COLOUR: 3.4 | M4: Filter Sheets (Target 20 days) | R4: STAG | S4: 11.6 | T4: 12 | U4: 0 | V4: 0.11805556 | W4: 0.22569444 | X4: 0.26388889 | Y4: 0 | Z4: 60
M5: Double | N5: Single | R5: GUINNESS | S5: 17 | T5: 17.5 | U5: 0 | V5: 0.10763889 | W5: 0.24652778 | X5: 0.28472222 | Y5: 0 | Z5: 60
J6: MALT LOT: Lot #15 | L6: Sheet Day | R6: MACKESON | S6: 13.3 | T6: 13.5 | U6: 0 | V6: 0.12905093 | W6: 0.27430556 | X6: 0.30208333 | Y6: 0
R7: STARMALT | S7: 17 | T7: 17.4 | U7: 0 | V7: 0.13605324 | W7: 0.27430556 | X7: 0.30902778 | Y7: 0 | Z7: 85
B8: Brand | C8: Brew no. | D8: Kett. Hls | E8: Wort | F8: Cool Time(Mins) | G8: Cast. P.G. (Lab Result) | H8: Cast P.G. (Cellar Operator)-gravity | I8: Extr. Rec (78%) | J8: Theor. Extr. (77.5%) | K8: Boil Off /Vol. (4-6%) | L8: Boil Time | M8: Total Hot | N8: Brewing Time | O8: Operator | R8: Hurricane Reef | S8: 16.6 | T8: 17 | U8: 0 | V8: 0.12905093 | W8: 0.27430556 | X8: 0.30208333 | Y8: 0
E9: Meter (Hls) | F9: Target(< 60Mins) | M9: Time | R9: VITAMALT | S9: 14.2 | T9: 14.6 | U9: 0 | V9: 0.13905093 | W9: 0.26041667 | X9: 0.29513889 | Y9: 0 | Z9: 75
B10: CARIB | C10: =[3]Brewhouse!$A794 -> CA744 | D10: =[3]Brewhouse!$AF794 -> 50.5 | E10: =[3]Brewhouse!$AI794 -> 51.1 | F10: =[3]Brewhouse!$V794 -> 64 | G10: =[3]Brewhouse!AG794 -> 11.7 | H10: 11.8 | I10: =[3]Brewhouse!$AU794 -> 99.322179 | J10: =[3]Brewhouse!$AV794 -> 100.092 | K10: =[3]Brewhouse!$Q794 -> 10.203327 | L10: =[3]Brewhouse!$P794 -> 59 | M10: =[3]Brewhouse!$U794-[3]Brewhouse!$T794 -> 0.11666667 | N10: =[3]Brewhouse!$Z794 -> 0.24722222 | O10: =[3]Brewhouse!$AX794 -> R. Sookram | R10: =B10 -> CARIB | S10: =VLOOKUP($B10,$R$3:$X$9,2,FALSE) -> 11.6 | T10: =VLOOKUP($B10,$R$3:$X$9,3,FALSE) -> 12 | U10: =VLOOKUP($B10,$R$3:$X$9,4,FALSE) -> 0 | V10: =VLOOKUP($B10,$R$3:$X$9,5,FALSE) -> 0.11805556 | W10: =VLOOKUP($B10,$R$3:$X$9,6,FALSE) -> 0.22569444 | X10: =VLOOKUP($B10,$R$3:$X$9,7,FALSE) -> 0.26388889 | Y10: =VLOOKUP($B10,$R$3:$Z$9,8,FALSE) -> 0 | Z10: =VLOOKUP($B10,$R$3:$Z$9,9,FALSE) -> 60
B11: CARIB | C11: =[3]Brewhouse!$A795 -> CA745 | D11: =[3]Brewhouse!$AF795 -> 49.7 | E11: =[3]Brewhouse!$AI795 -> 50.3 | F11: =[3]Brewhouse!$V795 -> 59 | G11: =[3]Brewhouse!AG795 -> 11.6 | H11: 12.1 | I11: =[3]Brewhouse!$AU795 -> 96.647864 | J11: =[3]Brewhouse!$AV795 -> 97.397054 | K11: =[3]Brewhouse!$Q795 -> 10.203327 | L11: =[3]Brewhouse!$P795 -> 59 | M11: =[3]Brewhouse!$U795-[3]Brewhouse!$T795 -> 0.11458333 | N11: =[3]Brewhouse!$Z795 -> 0.25208333 | O11: =[3]Brewhouse!$AX795 -> D. Gomaz | R11: =B11 -> CARIB | S11: =VLOOKUP($B11,$R$3:$X$9,2,FALSE) -> 11.6 | T11: =VLOOKUP($B11,$R$3:$X$9,3,FALSE) -> 12 | U11: =VLOOKUP($B11,$R$3:$X$9,4,FALSE) -> 0 | V11: =VLOOKUP($B11,$R$3:$X$9,5,FALSE) -> 0.11805556 | W11: =VLOOKUP($B11,$R$3:$X$9,6,FALSE) -> 0.22569444 | X11: =VLOOKUP($B11,$R$3:$X$9,7,FALSE) -> 0.26388889 | Y11: =VLOOKUP($B11,$R$3:$Z$9,8,FALSE) -> 0 | Z11: =VLOOKUP($B11,$R$3:$Z$9,9,FALSE) -> 60
B12: CARIB | C12: =[3]Brewhouse!$A796 -> CA746 | D12: =[3]Brewhouse!$AF796 -> 49.4 | E12: =[3]Brewhouse!$AI796 -> 49.8 | F12: =[3]Brewhouse!$V796 -> 60 | G12: =[3]Brewhouse!AG796 -> 11.8 | H12: 11.8 | I12: =[3]Brewhouse!$AU796 -> 99.393897 | J12: =[3]Brewhouse!$AV796 -> 100.16355 | K12: =[3]Brewhouse!$Q796 -> 10.018484 | L12: =[3]Brewhouse!$P796 -> 58 | M12: =[3]Brewhouse!$U796-[3]Brewhouse!$T796 -> 0.10972222 | N12: =[3]Brewhouse!$Z796 -> 0.25694444 | O12: =[3]Brewhouse!$AX796 -> D. Gomaz | R12: =B12 -> CARIB | S12: =VLOOKUP($B12,$R$3:$X$9,2,FALSE) -> 11.6 | T12: =VLOOKUP($B12,$R$3:$X$9,3,FALSE) -> 12 | U12: =VLOOKUP($B12,$R$3:$X$9,4,FALSE) -> 0 | V12: =VLOOKUP($B12,$R$3:$X$9,5,FALSE) -> 0.11805556 | W12: =VLOOKUP($B12,$R$3:$X$9,6,FALSE) -> 0.22569444 | X12: =VLOOKUP($B12,$R$3:$X$9,7,FALSE) -> 0.26388889 | Y12: =VLOOKUP($B12,$R$3:$Z$9,8,FALSE) -> 0 | Z12: =VLOOKUP($B12,$R$3:$Z$9,9,FALSE) -> 60
R13: =B13 -> 0 | S13: =VLOOKUP($B13,$R$3:$X$9,2,FALSE) -> #N/A | T13: =VLOOKUP($B13,$R$3:$X$9,3,FALSE) -> #N/A | U13: =VLOOKUP($B13,$R$3:$X$9,4,FALSE) -> #N/A | V13: =VLOOKUP($B13,$R$3:$X$9,5,FALSE) -> #N/A | W13: =VLOOKUP($B13,$R$3:$X$9,6,FALSE) -> #N/A | X13: =VLOOKUP($B13,$R$3:$X$9,7,FALSE) -> #N/A | Y13: =VLOOKUP($B13,$R$3:$Z$9,8,FALSE) -> #N/A | Z13: =VLOOKUP($B13,$R$3:$Z$9,9,FALSE) -> #N/A
R14: =B14 -> 0 | S14: =VLOOKUP($B14,$R$3:$X$9,2,FALSE) -> #N/A | T14: =VLOOKUP($B14,$R$3:$X$9,3,FALSE) -> #N/A | U14: =VLOOKUP($B14,$R$3:$X$9,4,FALSE) -> #N/A | V14: =VLOOKUP($B14,$R$3:$X$9,5,FALSE) -> #N/A | W14: =VLOOKUP($B14,$R$3:$X$9,6,FALSE) -> #N/A | X14: =VLOOKUP($B14,$R$3:$X$9,7,FALSE) -> #N/A | Y14: =VLOOKUP($B14,$R$3:$Z$9,8,FALSE) -> #N/A | Z14: =VLOOKUP($B14,$R$3:$Z$9,9,FALSE) -> #N/A
R15: =B15 -> 0 | S15: =VLOOKUP($B15,$R$3:$X$9,2,FALSE) -> #N/A | T15: =VLOOKUP($B15,$R$3:$X$9,3,FALSE) -> #N/A | U15: =VLOOKUP($B15,$R$3:$X$9,4,FALSE) -> #N/A | V15: =VLOOKUP($B15,$R$3:$X$9,5,FALSE) -> #N/A | W15: =VLOOKUP($B15,$R$3:$X$9,6,FALSE) -> #N/A | X15: =VLOOKUP($B15,$R$3:$X$9,7,FALSE) -> #N/A | Y15: =VLOOKUP($B15,$R$3:$Z$9,8,FALSE) -> #N/A | Z15: =VLOOKUP($B15,$R$3:$Z$9,9,FALSE) -> #N/A
R16: =B16 -> 0 | S16: =VLOOKUP($B16,$R$3:$X$9,2,FALSE) -> #N/A | T16: =VLOOKUP($B16,$R$3:$X$9,3,FALSE) -> #N/A | U16: =VLOOKUP($B16,$R$3:$X$9,4,FALSE) -> #N/A | V16: =VLOOKUP($B16,$R$3:$X$9,5,FALSE) -> #N/A | W16: =VLOOKUP($B16,$R$3:$X$9,6,FALSE) -> #N/A | X16: =VLOOKUP($B16,$R$3:$X$9,7,FALSE) -> #N/A | Y16: =VLOOKUP($B16,$R$3:$Z$9,8,FALSE) -> #N/A | Z16: =VLOOKUP($B16,$R$3:$Z$9,9,FALSE) -> #N/A
R17: =B17 -> 0 | S17: =VLOOKUP($B17,$R$3:$X$9,2,FALSE) -> #N/A | T17: =VLOOKUP($B17,$R$3:$X$9,3,FALSE) -> #N/A | U17: =VLOOKUP($B17,$R$3:$X$9,4,FALSE) -> #N/A | V17: =VLOOKUP($B17,$R$3:$X$9,5,FALSE) -> #N/A | W17: =VLOOKUP($B17,$R$3:$X$9,6,FALSE) -> #N/A | X17: =VLOOKUP($B17,$R$3:$X$9,7,FALSE) -> #N/A | Y17: =VLOOKUP($B17,$R$3:$Z$9,8,FALSE) -> #N/A | Z17: =VLOOKUP($B17,$R$3:$Z$9,9,FALSE) -> #N/A
R18: =B18 -> 0 | S18: =VLOOKUP($B18,$R$3:$X$9,2,FALSE) -> #N/A | T18: =VLOOKUP($B18,$R$3:$X$9,3,FALSE) -> #N/A | U18: =VLOOKUP($B18,$R$3:$X$9,4,FALSE) -> #N/A | V18: =VLOOKUP($B18,$R$3:$X$9,5,FALSE) -> #N/A | W18: =VLOOKUP($B18,$R$3:$X$9,6,FALSE) -> #N/A | X18: =VLOOKUP($B18,$R$3:$X$9,7,FALSE) -> #N/A | Y18: =VLOOKUP($B18,$R$3:$Z$9,8,FALSE) -> #N/A | Z18: =VLOOKUP($B18,$R$3:$Z$9,9,FALSE) -> #N/A
B19: BRAND | D19: BBT P.G./ O.G | I19: Brand | K19: MTD No. of Brews | L19: MTD | M19: YTD | N19: Target | R19: =B19 -> BRAND | S19: =VLOOKUP($B19,$R$3:$X$9,2,FALSE) -> #N/A | T19: =VLOOKUP($B19,$R$3:$X$9,3,FALSE) -> #N/A | U19: =VLOOKUP($B19,$R$3:$X$9,4,FALSE) -> #N/A | V19: =VLOOKUP($B19,$R$3:$X$9,5,FALSE) -> #N/A | W19: =VLOOKUP($B19,$R$3:$X$9,6,FALSE) -> #N/A | X19: =VLOOKUP($B19,$R$3:$X$9,7,FALSE) -> #N/A | Y19: =VLOOKUP($B19,$R$3:$Z$9,8,FALSE) -> #N/A | Z19: =VLOOKUP($B19,$R$3:$Z$9,9,FALSE) -> #N/A
I20: CARIB | J20: =AVERAGE(I10:I12) -> 98.454646 | K20: =COUNTA([3]Brewhouse!$A$789:$A$796) -> 8 | L20: =AVERAGE([3]Brewhouse!$AU$789:$AU$796) -> 97.852627 | M20: =AVERAGE([3]Brewhouse!$AU$42:$AU$123,[3]Brewhouse!$AU$125:$AU$188,[3]Brewhouse!$AU$198:$AU$290,[3]Brewhouse!$AU$292:$AU$370,[3]Brewhouse!$AU$372:$AU$439,[3]Brewhouse!$AU$441:$AU$497,[3]Brewhouse!$AU$499:$AU$519,[3]Brewhouse!$AU$521:$AU$593,[3]Brewhouse!$AU$595:$AU$694,[3]Brewhouse!$AU$696:$AU$787,[3]Brewhouse!$AU$789:$AU$796) -> 98.326185 | N20: 98 | R20: =B20 -> 0 | S20: =VLOOKUP($B20,$R$3:$X$9,2,FALSE) -> #N/A | T20: =VLOOKUP($B20,$R$3:$X$9,3,FALSE) -> #N/A | U20: =VLOOKUP($B20,$R$3:$X$9,4,FALSE) -> #N/A | V20: =VLOOKUP($B20,$R$3:$X$9,5,FALSE) -> #N/A | W20: =VLOOKUP($B20,$R$3:$X$9,6,FALSE) -> #N/A | X20: =VLOOKUP($B20,$R$3:$X$9,7,FALSE) -> #N/A | Y20: =VLOOKUP($B20,$R$3:$Z$9,8,FALSE) -> #N/A | Z20: =VLOOKUP($B20,$R$3:$Z$9,9,FALSE) -> #N/A
I21: STAG | K21: =COUNTA([4]Brewhouse!$A$390:$A$391) -> 2 | L21: =AVERAGE([4]Brewhouse!$AS$390:$AS$391) -> 99.056946 | M21: =AVERAGE([4]Brewhouse!$AS$52:$AS$81,[4]Brewhouse!$AS$83:$AS$124,[4]Brewhouse!$AS$134:$AS$177,[4]Brewhouse!$AS$22:$AS$179,[4]Brewhouse!$AS$214:$AS$249,[4]Brewhouse!$AS$252:$AS$293,[4]Brewhouse!$AS$295:$AS$325,[4]Brewhouse!$AS$327:$AS$361,[4]Brewhouse!$AS$363:$AS$388,[4]Brewhouse!$AS$390:$AS$391) -> 98.31123 | N21: 98 | R21: =B21 -> 0 | S21: =VLOOKUP($B21,$R$3:$X$9,2,FALSE) -> #N/A | T21: =VLOOKUP($B21,$R$3:$X$9,3,FALSE) -> #N/A | U21: =VLOOKUP($B21,$R$3:$X$9,4,FALSE) -> #N/A | V21: =VLOOKUP($B21,$R$3:$X$9,5,FALSE) -> #N/A | W21: =VLOOKUP($B21,$R$3:$X$9,6,FALSE) -> #N/A | X21: =VLOOKUP($B21,$R$3:$X$9,7,FALSE) -> #N/A | Y21: =VLOOKUP($B21,$R$3:$Z$9,8,FALSE) -> #N/A | Z21: =VLOOKUP($B21,$R$3:$Z$9,9,FALSE) -> #N/A
I22: GUINNESS | M22: =AVERAGE([5]Brewhouse!$AU$16:$AU$23,[5]Brewhouse!$AU$25:$AU$32,[5]Brewhouse!$AU$34:$AU$41,[5]Brewhouse!$AU$43:$AU$60,[5]Brewhouse!$AU$62:$AU$69,[5]Brewhouse!$AU$71:$AU$88,[5]Brewhouse!$AU$90:$AU$97,[5]Brewhouse!$AU$99:$AU$106) -> 96.498356 | N22: 98 | R22: =B22 -> 0 | S22: =VLOOKUP($B22,$R$3:$X$9,2,FALSE) -> #N/A | T22: =VLOOKUP($B22,$R$3:$X$9,3,FALSE) -> #N/A | U22: =VLOOKUP($B22,$R$3:$X$9,4,FALSE) -> #N/A | V22: =VLOOKUP($B22,$R$3:$X$9,5,FALSE) -> #N/A | W22: =VLOOKUP($B22,$R$3:$X$9,6,FALSE) -> #N/A | X22: =VLOOKUP($B22,$R$3:$X$9,7,FALSE) -> #N/A | Y22: =VLOOKUP($B22,$R$3:$Z$9,8,FALSE) -> #N/A | Z22: =VLOOKUP($B22,$R$3:$Z$9,9,FALSE) -> #N/A
I23: VITAMALT | M23: =AVERAGE([6]Brewhouse!$AV$23:$AV$34,[6]Brewhouse!$AV$36,[6]Brewhouse!$AV$38:$AV$52,[6]Brewhouse!$AV$54:$AV$60,[6]Brewhouse!$AV$62:$AV$69,[6]Brewhouse!$AV$71:$AV$78,[6]Brewhouse!$AV$80:$AV$87,[6]Brewhouse!$AV$89:$AV$96,[6]Brewhouse!$AV$98:$AV$105) -> 97.566635 | N23: 98 | R23: =B23 -> 0 | S23: =VLOOKUP($B23,$R$3:$X$9,2,FALSE) -> #N/A | T23: =VLOOKUP($B23,$R$3:$X$9,3,FALSE) -> #N/A | U23: =VLOOKUP($B23,$R$3:$X$9,4,FALSE) -> #N/A | V23: =VLOOKUP($B23,$R$3:$X$9,5,FALSE) -> #N/A | W23: =VLOOKUP($B23,$R$3:$X$9,6,FALSE) -> #N/A | X23: =VLOOKUP($B23,$R$3:$X$9,7,FALSE) -> #N/A | Y23: =VLOOKUP($B23,$R$3:$Z$9,8,FALSE) -> #N/A | Z23: =VLOOKUP($B23,$R$3:$Z$9,9,FALSE) -> #N/A
I24: MAXIMALT | N24: 98 | R24: =B24 -> 0 | S24: =VLOOKUP($B24,$R$3:$X$9,2,FALSE) -> #N/A | T24: =VLOOKUP($B24,$R$3:$X$9,3,FALSE) -> #N/A | U24: =VLOOKUP($B24,$R$3:$X$9,4,FALSE) -> #N/A | V24: =VLOOKUP($B24,$R$3:$X$9,5,FALSE) -> #N/A | W24: =VLOOKUP($B24,$R$3:$X$9,6,FALSE) -> #N/A | X24: =VLOOKUP($B24,$R$3:$X$9,7,FALSE) -> #N/A | Y24: =VLOOKUP($B24,$R$3:$Z$9,8,FALSE) -> #N/A | Z24: =VLOOKUP($B24,$R$3:$Z$9,9,FALSE) -> #N/A
I25: MACKESON | M25: =AVERAGE([7]Brewhouse!$AT$4:$AT$11,[7]Brewhouse!$AT$13:$AT$16,[7]Brewhouse!$AT$18:$AT$30) -> 93.222628 | N25: 98 | R25: =B25 -> 0 | S25: =VLOOKUP($B25,$R$3:$X$9,2,FALSE) -> #N/A | T25: =VLOOKUP($B25,$R$3:$X$9,3,FALSE) -> #N/A | U25: =VLOOKUP($B25,$R$3:$X$9,4,FALSE) -> #N/A | V25: =VLOOKUP($B25,$R$3:$X$9,5,FALSE) -> #N/A | W25: =VLOOKUP($B25,$R$3:$X$9,6,FALSE) -> #N/A | X25: =VLOOKUP($B25,$R$3:$X$9,7,FALSE) -> #N/A | Y25: =VLOOKUP($B25,$R$3:$Z$9,8,FALSE) -> #N/A | Z25: =VLOOKUP($B25,$R$3:$Z$9,9,FALSE) -> #N/A
I26: STARMALT | M26: =AVERAGE([8]Brewhouse!$AY$5:$AY$14,[8]Brewhouse!$AY$16:$AY$23,[8]Brewhouse!$AY$42,[8]Brewhouse!$AY$44:$AY$51,[8]Brewhouse!$AY$53:$AY$64,[8]Brewhouse!$AY$66:$AY$73,[8]Brewhouse!$AY$75:$AY$82,[8]Brewhouse!$AY$84:$AY$101,[8]Brewhouse!$AY$103:$AY$110) -> 97.792958 | N26: 98 | R26: =B26 -> 0 | S26: =VLOOKUP($B26,$R$3:$X$9,2,FALSE) -> #N/A | T26: =VLOOKUP($B26,$R$3:$X$9,3,FALSE) -> #N/A | U26: =VLOOKUP($B26,$R$3:$X$9,4,FALSE) -> #N/A | V26: =VLOOKUP($B26,$R$3:$X$9,5,FALSE) -> #N/A | W26: =VLOOKUP($B26,$R$3:$X$9,6,FALSE) -> #N/A | X26: =VLOOKUP($B26,$R$3:$X$9,7,FALSE) -> #N/A | Y26: =VLOOKUP($B26,$R$3:$Z$9,8,FALSE) -> #N/A | Z26: =VLOOKUP($B26,$R$3:$Z$9,9,FALSE) -> #N/A
I27: HR- Pils | N27: 98 | R27: =B27 -> 0 | S27: =VLOOKUP($B27,$R$3:$X$9,2,FALSE) -> #N/A | T27: =VLOOKUP($B27,$R$3:$X$9,3,FALSE) -> #N/A | U27: =VLOOKUP($B27,$R$3:$X$9,4,FALSE) -> #N/A | V27: =VLOOKUP($B27,$R$3:$X$9,5,FALSE) -> #N/A | W27: =VLOOKUP($B27,$R$3:$X$9,6,FALSE) -> #N/A | X27: =VLOOKUP($B27,$R$3:$X$9,7,FALSE) -> #N/A | Y27: =VLOOKUP($B27,$R$3:$Z$9,8,FALSE) -> #N/A | Z27: =VLOOKUP($B27,$R$3:$Z$9,9,FALSE) -> #N/A
I28: HR- IPA | N28: 98 | R28: =B28 -> 0 | S28: =VLOOKUP($B28,$R$3:$X$9,2,FALSE) -> #N/A | T28: =VLOOKUP($B28,$R$3:$X$9,3,FALSE) -> #N/A | U28: =VLOOKUP($B28,$R$3:$X$9,4,FALSE) -> #N/A | V28: =VLOOKUP($B28,$R$3:$X$9,5,FALSE) -> #N/A | W28: =VLOOKUP($B28,$R$3:$X$9,6,FALSE) -> #N/A | X28: =VLOOKUP($B28,$R$3:$X$9,7,FALSE) -> #N/A | Y28: =VLOOKUP($B28,$R$3:$Z$9,8,FALSE) -> #N/A | Z28: =VLOOKUP($B28,$R$3:$Z$9,9,FALSE) -> #N/A
I29: HR- APA | N29: 98 | R29: =B29 -> 0 | S29: =VLOOKUP($B29,$R$3:$X$9,2,FALSE) -> #N/A | T29: =VLOOKUP($B29,$R$3:$X$9,3,FALSE) -> #N/A | U29: =VLOOKUP($B29,$R$3:$X$9,4,FALSE) -> #N/A | V29: =VLOOKUP($B29,$R$3:$X$9,5,FALSE) -> #N/A | W29: =VLOOKUP($B29,$R$3:$X$9,6,FALSE) -> #N/A | X29: =VLOOKUP($B29,$R$3:$X$9,7,FALSE) -> #N/A | Y29: =VLOOKUP($B29,$R$3:$Z$9,8,FALSE) -> #N/A | Z29: =VLOOKUP($B29,$R$3:$Z$9,9,FALSE) -> #N/A
K30: =SUM(K20:K29) -> 10 | L30: =((L20*K20)+(L21*K21)+(L22*K22)+(L23*K23)+(L24*K24)+(K27*L27)+(L25*K25)+(L26*K26)+(L29*K29))/(K30) -> 98.093491 | M30: =AVERAGE('[9]Jan30th-31st'!$L$42,'[10]Feb 27th-28th'!$L$45,'[11]Mar 31st'!$L$42,'[12]Apr 30th'!$L$41,'[13]May 29th '!$L$35,'[14]June 30th'!$L$32,[15]July31st!$L$36,'[16]Aug 31st'!$L$32,L30) -> 97.997164 | N30: 98 | R30: =B30 -> 0 | S30: =VLOOKUP($B30,$R$3:$X$9,2,FALSE) -> #N/A | T30: =VLOOKUP($B30,$R$3:$X$9,3,FALSE) -> #N/A | U30: =VLOOKUP($B30,$R$3:$X$9,4,FALSE) -> #N/A | V30: =VLOOKUP($B30,$R$3:$X$9,5,FALSE) -> #N/A | W30: =VLOOKUP($B30,$R$3:$X$9,6,FALSE) -> #N/A | X30: =VLOOKUP($B30,$R$3:$X$9,7,FALSE) -> #N/A | Y30: =VLOOKUP($B30,$R$3:$Z$9,8,FALSE) -> #N/A | Z30: =VLOOKUP($B30,$R$3:$Z$9,9,FALSE) -> #N/A
R31: =B31 -> 0 | S31: =VLOOKUP($B31,$R$3:$X$9,2,FALSE) -> #N/A | T31: =VLOOKUP($B31,$R$3:$X$9,3,FALSE) -> #N/A | U31: =VLOOKUP($B31,$R$3:$X$9,4,FALSE) -> #N/A | V31: =VLOOKUP($B31,$R$3:$X$9,5,FALSE) -> #N/A | W31: =VLOOKUP($B31,$R$3:$X$9,6,FALSE) -> #N/A | X31: =VLOOKUP($B31,$R$3:$X$9,7,FALSE) -> #N/A | Y31: =VLOOKUP($B31,$R$3:$Z$9,8,FALSE) -> #N/A | Z31: =VLOOKUP($B31,$R$3:$Z$9,9,FALSE) -> #N/A
J32: Daily Brewing Plan
J33: Brand | L33: Average Brews per day
J34: CARIB | K34: 3 | L34: MTD | M34: YTD | N34: TARGET
J35: STAG | L35: =AVERAGE('Oct 1st'!K52,K44) -> 5 | M35: =AVERAGE('[9]Jan30th-31st'!$L$47,L35,'[10]Feb 26th '!$L$39,'[11]Mar 31st'!$L$47,'[12]Apr 30th'!$L$46,'[13]May 29th '!$L$40,'[14]June 30th'!$L$39,[15]July31st!$L$41,'[16]Aug 31st'!$L$37,'[18]Sept 30th'!$L$37) -> 6.3735341 | N35: 9.2
J36: GUINN
J37: VITAMALT
J38: STARMALT
J39: MACKESON
J40: HURRICANE REEF- IPA
J41: HURRICANE REEF- APA
B42: AVERAGE | J42: HR- PILSNER
J43: CARIBE
J44: Total | K44: =SUM(K34:K43) -> 3
B45: Process: | C45: Fermentation/Filtration
B47: Brand | C47: Filt. Date | D47: FV Hls | E47: GFE/ Prim/ Vita Blend (Hls) | F47: SV Hls | G47: BBT Hls | H47: Loss (%) Ferm | I47: Loss (%) Filt | J47: Comments | K47: Throughput | L47: Process Loss (%) | M47: Filt. Operator
AB48: 43474 | AC48: 43475 | AD48: 43476 | AE48: 43477 | AF48: 43478 | AG48: 43479 | AH48: 43480 | AI48: 43481 | AJ48: 43482 | AK48: 43483 | AL48: 43484 | AM48: 43485 | AN48: 43486 | AO48: 43487 | AP48: 43488 | AQ48: 43489 | AR48: 43490 | AS48: 43491 | AT48: 43492 | AU48: 43493 | AV48: 43494 | AW48: 43495 | AX48: 43496
B49: =J34 -> CARIB | C49: 46297 | D49: =[19]October_2026!$E$3 -> 178.8 | G49: =[19]October_2026!$E$7 -> 172.9 | J49: NO BREAK | K49: =[20]October_2026!$E$18 -> 0.60666667 | L49: =(((D49+E49)-G49)/(D49+E49))*100 -> 3.2997763 | M49: J. Nelson | AB49: =[21]January_2019!L5 -> 0 | AC49: =[21]January_2019!M5 -> 0 | AD49: =[21]January_2019!N5 -> 0 | AE49: =[21]January_2019!O5 -> 0 | AF49: =[21]January_2019!P5 -> 0 | AG49: =[21]January_2019!Q5 -> 0 | AH49: =[21]January_2019!R5 -> 0 | AI49: =[21]January_2019!S5 -> 0 | ... AX49: =[21]January_2019!AH5 -> 0
AB50: =[21]January_2019!L6 -> 0 | AC50: =[21]January_2019!M6 -> 0 | AD50: =[21]January_2019!N6 -> 0 | AE50: =[21]January_2019!O6 -> 0 | AF50: =[21]January_2019!P6 -> 0 | AG50: =[21]January_2019!Q6 -> 0 | AH50: =[21]January_2019!R6 -> 0 | AI50: =[21]January_2019!S6 -> 0 | ... AX50: =[21]January_2019!AH6 -> 0
B51: =J35 -> STAG | C51: 46287 | D51: =[19]September_2026!$Y$13 -> 190.7 | G51: =[19]September_2026!$Y$17 -> 184.3 | J51: NO SBF | K51: =[20]September_2026!$Y$25 -> 0.64666667 | L51: =(((D51+E51)-G51)/(D51+E51))*100 -> 3.3560566 | M51: K. Hosten | AB51: =[21]January_2019!L7 -> 285.8 | AC51: =[21]January_2019!M7 -> 508.1 | AD51: =[21]January_2019!N7 -> 0 | AE51: =[21]January_2019!O7 -> 0 | AF51: =[21]January_2019!P7 -> 109.56667 | AG51: =[21]January_2019!Q7 -> 297.65 | AH51: =[21]January_2019!R7 -> 122.3 | AI51: =[21]January_2019!S7 -> 0 | ... AX51: =[21]January_2019!AH7 -> 0
B60: Process Loss (Volume) | G60: Process Loss (Extract) | K60: Throughput
B61: Brand | C61: Actual | D61: MTD | E61: YTD | F61: Target | G61: Actual | H61: MTD | I61: YTD | J61: Target | K61: Actual | L61: MTD | M61: YTD | N61: Target
B62: CARIB | C62: =L49 -> 3.2997763 | D62: 5.1948052 | E62: 6.4282927 | F62: 4.8 | G62: =[19]October_2026!$E$11 -> 4.7276713 | H62: 6.5947178 | I62: 6.5259221 | J62: 4.8 | K62: =K49 -> 0.60666667 | L62: 0.35859649 | M62: 0.53908627 | N62: 1
B63: STAG | E63: 6.0345294 | F63: 4.8 | I63: 5.9275659 | J63: 4.8 | M63: 0.68246525 | N63: 1
B64: GUINN | E64: 10.912863 | F64: 5.5 | I64: 11.819732 | J64: 5.5 | M64: 0.3537019 | N64: 1
B65: VITAMALT | D65: 2.6160971 | E65: 4.8433373 | F65: 3.3 | H65: 4.0562064 | I65: 4.7835858 | J65: 3.3 | L65: 1.3649123 | M65: 0.77919298 | N65: 1
B66: APA | F66: 3.3 | J66: 3 | N66: 1
B67: MACKESON | E67: 6.3233966 | F67: 5.5 | I67: 7.9667553 | J67: 5.5 | M67: 0.58836257 | N67: 1
B68: STARMALT | E68: 3.9973372 | F68: 3.3 | I68: 5.1096184 | J68: 3.3 | M68: 0.8905713 | N68: 1
B69: IPA | F69: 7.5 | J69: 7.5 | N69: 1
B70: HURRICANE REEF PILS | F70: 4.8 | J70: 4.8 | N70: 1
D71: 3.1641203 | E71: 6.3623178 | F71: 5.5 | H71: 4.457332 | I71: 6.6333559 | J71: 5.5 | L71: 0.86175439 | M71: 0.59559711 | N71: 1

Sheet Oct 5th
S1: P.G. | U1: Hot Time | W1: Process Time | Y1: Cooling Time
B2: Brewing Department Daily Process Loss Report | S2: Lower | T2: Upper | U2: Lower | V2: Upper | W2: Lower | X2: Upper | Y2: Lower | Z2: Upper
R3: CARIB | S3: 11.6 | T3: 12 | U3: 0 | V3: 0.11805556 | W3: 0.22569444 | X3: 0.26388889 | Y3: 0 | Z3: 60 | AB3: HR- PISNER
B4: Date: | C4: 46301 | J4: LOT WORT COLOUR: 3.4 | M4: Filter Sheets (Target 20 days) | R4: STAG | S4: 11.6 | T4: 12 | U4: 0 | V4: 0.11805556 | W4: 0.22569444 | X4: 0.26388889 | Y4: 0 | Z4: 60
M5: Double | N5: Single | R5: GUINNESS | S5: 17 | T5: 17.5 | U5: 0 | V5: 0.10763889 | W5: 0.24652778 | X5: 0.28472222 | Y5: 0 | Z5: 60
J6: MALT LOT: Lot #15 | L6: Sheet Day | R6: MACKESON | S6: 13.3 | T6: 13.5 | U6: 0 | V6: 0.12905093 | W6: 0.27430556 | X6: 0.30208333 | Y6: 0
R7: STARMALT | S7: 17 | T7: 17.4 | U7: 0 | V7: 0.13605324 | W7: 0.27430556 | X7: 0.30902778 | Y7: 0 | Z7: 85
B8: Brand | C8: Brew no. | D8: Kett. Hls | E8: Wort | F8: Cool Time(Mins) | G8: Cast. P.G. (Lab Result) | H8: Cast P.G. (Cellar Operator)-gravity | I8: Extr. Rec (78%) | J8: Theor. Extr. (77.5%) | K8: Boil Off /Vol. (4-6%) | L8: Boil Time | M8: Total Hot | N8: Brewing Time | O8: Operator | R8: Hurricane Reef | S8: 16.6 | T8: 17 | U8: 0 | V8: 0.12905093 | W8: 0.27430556 | X8: 0.30208333 | Y8: 0
E9: Meter (Hls) | F9: Target(< 60Mins) | M9: Time | R9: VITAMALT | S9: 14.2 | T9: 14.6 | U9: 0 | V9: 0.13905093 | W9: 0.26041667 | X9: 0.29513889 | Y9: 0 | Z9: 75
B10: CARIB | C10: =[3]Brewhouse!$A797 -> CA747 | D10: =[3]Brewhouse!$AF797 -> 48.9 | E10: =[3]Brewhouse!$AI797 -> 49.1 | F10: =[3]Brewhouse!$V797 -> 61 | G10: =[3]Brewhouse!AG797 -> 11.6 | H10: 11.8 | I10: =[3]Brewhouse!$AU797 -> 94.225436 | J10: =[3]Brewhouse!$AV797 -> 94.955895 | K10: =[3]Brewhouse!$Q797 -> 12.421442 | L10: =[3]Brewhouse!$P797 -> 88 | M10: =[3]Brewhouse!$U797-[3]Brewhouse!$T797 -> 0.15277778 | N10: =[3]Brewhouse!$Z797 -> 0.32777778 | O10: =[3]Brewhouse!$AX797 -> D. Gomaz | R10: =B10 -> CARIB | S10: =VLOOKUP($B10,$R$3:$X$9,2,FALSE) -> 11.6 | T10: =VLOOKUP($B10,$R$3:$X$9,3,FALSE) -> 12 | U10: =VLOOKUP($B10,$R$3:$X$9,4,FALSE) -> 0 | V10: =VLOOKUP($B10,$R$3:$X$9,5,FALSE) -> 0.11805556 | W10: =VLOOKUP($B10,$R$3:$X$9,6,FALSE) -> 0.22569444 | X10: =VLOOKUP($B10,$R$3:$X$9,7,FALSE) -> 0.26388889 | Y10: =VLOOKUP($B10,$R$3:$Z$9,8,FALSE) -> 0 | Z10: =VLOOKUP($B10,$R$3:$Z$9,9,FALSE) -> 60
B11: CARIB | C11: =[3]Brewhouse!$A798 -> CA748 | D11: =[3]Brewhouse!$AF798 -> 49.2 | E11: =[3]Brewhouse!$AI798 -> 49.6 | F11: =[3]Brewhouse!$V798 -> 62 | G11: =[3]Brewhouse!AG798 -> 11.6 | H11: 12.1 | I11: =[3]Brewhouse!$AU798 -> 96.984706 | J11: =[3]Brewhouse!$AV798 -> 97.735804 | K11: =[3]Brewhouse!$Q798 -> 10.38817 | L11: =[3]Brewhouse!$P798 -> 60 | M11: =[3]Brewhouse!$U798-[3]Brewhouse!$T798 -> 0.11180556 | N11: =[3]Brewhouse!$Z798 -> 0.29236111 | O11: =[3]Brewhouse!$AX798 -> D. Gomaz | R11: =B11 -> CARIB | S11: =VLOOKUP($B11,$R$3:$X$9,2,FALSE) -> 11.6 | T11: =VLOOKUP($B11,$R$3:$X$9,3,FALSE) -> 12 | U11: =VLOOKUP($B11,$R$3:$X$9,4,FALSE) -> 0 | V11: =VLOOKUP($B11,$R$3:$X$9,5,FALSE) -> 0.11805556 | W11: =VLOOKUP($B11,$R$3:$X$9,6,FALSE) -> 0.22569444 | X11: =VLOOKUP($B11,$R$3:$X$9,7,FALSE) -> 0.26388889 | Y11: =VLOOKUP($B11,$R$3:$Z$9,8,FALSE) -> 0 | Z11: =VLOOKUP($B11,$R$3:$Z$9,9,FALSE) -> 60
B12: CARIB | C12: =[3]Brewhouse!$A799 -> CA749 | D12: =[3]Brewhouse!$AF799 -> 50.8 | E12: =[3]Brewhouse!$AI799 -> 51.8 | F12: =[3]Brewhouse!$V799 -> 58 | G12: =[3]Brewhouse!AG799 -> 11.7 | H12: 11.8 | I12: =[3]Brewhouse!$AU799 -> 100.30908 | J12: =[3]Brewhouse!$AV799 -> 101.0867 | K12: =[3]Brewhouse!$Q799 -> 10.018484 | L12: =[3]Brewhouse!$P799 -> 60 | M12: =[3]Brewhouse!$U799-[3]Brewhouse!$T799 -> 0.1125 | N12: =[3]Brewhouse!$Z799 -> 0.28680556 | O12: =[3]Brewhouse!$AX799 -> D. Gomaz | R12: =B12 -> CARIB | S12: =VLOOKUP($B12,$R$3:$X$9,2,FALSE) -> 11.6 | T12: =VLOOKUP($B12,$R$3:$X$9,3,FALSE) -> 12 | U12: =VLOOKUP($B12,$R$3:$X$9,4,FALSE) -> 0 | V12: =VLOOKUP($B12,$R$3:$X$9,5,FALSE) -> 0.11805556 | W12: =VLOOKUP($B12,$R$3:$X$9,6,FALSE) -> 0.22569444 | X12: =VLOOKUP($B12,$R$3:$X$9,7,FALSE) -> 0.26388889 | Y12: =VLOOKUP($B12,$R$3:$Z$9,8,FALSE) -> 0 | Z12: =VLOOKUP($B12,$R$3:$Z$9,9,FALSE) -> 60
B13: CARIB | C13: =[3]Brewhouse!$A800 -> CA750 | D13: =[3]Brewhouse!$AF800 -> 49.5 | E13: =[3]Brewhouse!$AI800 -> 49.8 | F13: =[3]Brewhouse!$V800 -> 62 | G13: =[3]Brewhouse!AG800 -> 11.9 | H13: 11.9 | I13: =[3]Brewhouse!$AU800 -> 98.292493 | J13: =[3]Brewhouse!$AV800 -> 99.054431 | K13: =[3]Brewhouse!$Q800 -> 9.8336414 | L13: =[3]Brewhouse!$P800 -> 60 | M13: =[3]Brewhouse!$U800-[3]Brewhouse!$T800 -> 0.10972222 | N13: =[3]Brewhouse!$Z800 -> 0.26111111 | O13: =[3]Brewhouse!$AX800 -> D. Gomaz | R13: =B13 -> CARIB | S13: =VLOOKUP($B13,$R$3:$X$9,2,FALSE) -> 11.6 | T13: =VLOOKUP($B13,$R$3:$X$9,3,FALSE) -> 12 | U13: =VLOOKUP($B13,$R$3:$X$9,4,FALSE) -> 0 | V13: =VLOOKUP($B13,$R$3:$X$9,5,FALSE) -> 0.11805556 | W13: =VLOOKUP($B13,$R$3:$X$9,6,FALSE) -> 0.22569444 | X13: =VLOOKUP($B13,$R$3:$X$9,7,FALSE) -> 0.26388889 | Y13: =VLOOKUP($B13,$R$3:$Z$9,8,FALSE) -> 0 | Z13: =VLOOKUP($B13,$R$3:$Z$9,9,FALSE) -> 60
B14: CARIB | C14: =[3]Brewhouse!$A801 -> CA751 | D14: =[3]Brewhouse!$AF801 -> 49.2 | E14: =[3]Brewhouse!$AI801 -> 49.6 | F14: =[3]Brewhouse!$V801 -> 61 | G14: =[3]Brewhouse!AG801 -> 12 | H14: 12 | I14: =[3]Brewhouse!$AU801 -> 98.762704 | J14: =[3]Brewhouse!$AV801 -> 99.528287 | K14: =[3]Brewhouse!$Q801 -> 10.222222 | L14: =[3]Brewhouse!$P801 -> 58 | M14: =[3]Brewhouse!$U801-[3]Brewhouse!$T801 -> 0.11111111 | N14: =[3]Brewhouse!$Z801 -> 0.3 | O14: =[3]Brewhouse!$AX801 -> D. Gomaz | R14: =B14 -> CARIB | S14: =VLOOKUP($B14,$R$3:$X$9,2,FALSE) -> 11.6 | T14: =VLOOKUP($B14,$R$3:$X$9,3,FALSE) -> 12 | U14: =VLOOKUP($B14,$R$3:$X$9,4,FALSE) -> 0 | V14: =VLOOKUP($B14,$R$3:$X$9,5,FALSE) -> 0.11805556 | W14: =VLOOKUP($B14,$R$3:$X$9,6,FALSE) -> 0.22569444 | X14: =VLOOKUP($B14,$R$3:$X$9,7,FALSE) -> 0.26388889 | Y14: =VLOOKUP($B14,$R$3:$Z$9,8,FALSE) -> 0 | Z14: =VLOOKUP($B14,$R$3:$Z$9,9,FALSE) -> 60
B15: CARIB | C15: =[3]Brewhouse!$A802 -> CA752 | D15: =[3]Brewhouse!$AF802 -> 48.8 | E15: =[3]Brewhouse!$AI802 -> 49.3 | F15: =[3]Brewhouse!$V802 -> 58 | G15: =[3]Brewhouse!AG802 -> 12 | H15: 12.1 | I15: =[3]Brewhouse!$AU802 -> 98.40914 | J15: =[3]Brewhouse!$AV802 -> 99.171883 | K15: =[3]Brewhouse!$Q802 -> 11.127542 | L15: =[3]Brewhouse!$P802 -> 58 | M15: =[3]Brewhouse!$U802-[3]Brewhouse!$T802 -> 0.10486111 | N15: =[3]Brewhouse!$Z802 -> 0.24375 | O15: =[3]Brewhouse!$AX802 -> R. Sookram | R15: =B15 -> CARIB | S15: =VLOOKUP($B15,$R$3:$X$9,2,FALSE) -> 11.6 | T15: =VLOOKUP($B15,$R$3:$X$9,3,FALSE) -> 12 | U15: =VLOOKUP($B15,$R$3:$X$9,4,FALSE) -> 0 | V15: =VLOOKUP($B15,$R$3:$X$9,5,FALSE) -> 0.11805556 | W15: =VLOOKUP($B15,$R$3:$X$9,6,FALSE) -> 0.22569444 | X15: =VLOOKUP($B15,$R$3:$X$9,7,FALSE) -> 0.26388889 | Y15: =VLOOKUP($B15,$R$3:$Z$9,8,FALSE) -> 0 | Z15: =VLOOKUP($B15,$R$3:$Z$9,9,FALSE) -> 60
B16: CARIB | C16: =[3]Brewhouse!$A803 -> CA753 | D16: =[3]Brewhouse!$AF803 -> 48.5 | E16: =[3]Brewhouse!$AI803 -> 49 | F16: =[3]Brewhouse!$V803 -> 62 | G16: =[3]Brewhouse!AG803 -> 11.8 | H16: 12.2 | I16: =[3]Brewhouse!$AU803 -> 95.977884 | J16: =[3]Brewhouse!$AV803 -> 96.721832 | K16: =[3]Brewhouse!$Q803 -> 11.68207 | L16: =[3]Brewhouse!$P803 -> 60 | M16: =[3]Brewhouse!$U803-[3]Brewhouse!$T803 -> 0.11388889 | N16: =[3]Brewhouse!$Z803 -> 0.27152778 | O16: =[3]Brewhouse!$AX803 -> R. Sookram | R16: =B16 -> CARIB | S16: =VLOOKUP($B16,$R$3:$X$9,2,FALSE) -> 11.6 | T16: =VLOOKUP($B16,$R$3:$X$9,3,FALSE) -> 12 | U16: =VLOOKUP($B16,$R$3:$X$9,4,FALSE) -> 0 | V16: =VLOOKUP($B16,$R$3:$X$9,5,FALSE) -> 0.11805556 | W16: =VLOOKUP($B16,$R$3:$X$9,6,FALSE) -> 0.22569444 | X16: =VLOOKUP($B16,$R$3:$X$9,7,FALSE) -> 0.26388889 | Y16: =VLOOKUP($B16,$R$3:$Z$9,8,FALSE) -> 0 | Z16: =VLOOKUP($B16,$R$3:$Z$9,9,FALSE) -> 60
B17: CARIB | C17: =[3]Brewhouse!$A804 -> CA754 | D17: =[3]Brewhouse!$AF804 -> 49.1 | E17: =[3]Brewhouse!$AI804 -> 49.6 | F17: =[3]Brewhouse!$V804 -> 58 | G17: =[3]Brewhouse!AG804 -> 12 | H17: 12.3 | I17: =[3]Brewhouse!$AU804 -> 98.27578 | J17: =[3]Brewhouse!$AV804 -> 99.037789 | K17: =[3]Brewhouse!$Q804 -> 10.407407 | L17: =[3]Brewhouse!$P804 -> 61 | M17: =[3]Brewhouse!$U804-[3]Brewhouse!$T804 -> 0.11736111 | N17: =[3]Brewhouse!$Z804 -> 0.28611111 | O17: =[3]Brewhouse!$AX804 -> R. Sookram | R17: =B17 -> CARIB | S17: =VLOOKUP($B17,$R$3:$X$9,2,FALSE) -> 11.6 | T17: =VLOOKUP($B17,$R$3:$X$9,3,FALSE) -> 12 | U17: =VLOOKUP($B17,$R$3:$X$9,4,FALSE) -> 0 | V17: =VLOOKUP($B17,$R$3:$X$9,5,FALSE) -> 0.11805556 | W17: =VLOOKUP($B17,$R$3:$X$9,6,FALSE) -> 0.22569444 | X17: =VLOOKUP($B17,$R$3:$X$9,7,FALSE) -> 0.26388889 | Y17: =VLOOKUP($B17,$R$3:$Z$9,8,FALSE) -> 0 | Z17: =VLOOKUP($B17,$R$3:$Z$9,9,FALSE) -> 60
R18: =B18 -> 0 | S18: =VLOOKUP($B18,$R$3:$X$9,2,FALSE) -> #N/A | T18: =VLOOKUP($B18,$R$3:$X$9,3,FALSE) -> #N/A | U18: =VLOOKUP($B18,$R$3:$X$9,4,FALSE) -> #N/A | V18: =VLOOKUP($B18,$R$3:$X$9,5,FALSE) -> #N/A | W18: =VLOOKUP($B18,$R$3:$X$9,6,FALSE) -> #N/A | X18: =VLOOKUP($B18,$R$3:$X$9,7,FALSE) -> #N/A | Y18: =VLOOKUP($B18,$R$3:$Z$9,8,FALSE) -> #N/A | Z18: =VLOOKUP($B18,$R$3:$Z$9,9,FALSE) -> #N/A
R19: =B19 -> 0 | S19: =VLOOKUP($B19,$R$3:$X$9,2,FALSE) -> #N/A | T19: =VLOOKUP($B19,$R$3:$X$9,3,FALSE) -> #N/A | U19: =VLOOKUP($B19,$R$3:$X$9,4,FALSE) -> #N/A | V19: =VLOOKUP($B19,$R$3:$X$9,5,FALSE) -> #N/A | W19: =VLOOKUP($B19,$R$3:$X$9,6,FALSE) -> #N/A | X19: =VLOOKUP($B19,$R$3:$X$9,7,FALSE) -> #N/A | Y19: =VLOOKUP($B19,$R$3:$Z$9,8,FALSE) -> #N/A | Z19: =VLOOKUP($B19,$R$3:$Z$9,9,FALSE) -> #N/A
R20: =B20 -> 0 | S20: =VLOOKUP($B20,$R$3:$X$9,2,FALSE) -> #N/A | T20: =VLOOKUP($B20,$R$3:$X$9,3,FALSE) -> #N/A | U20: =VLOOKUP($B20,$R$3:$X$9,4,FALSE) -> #N/A | V20: =VLOOKUP($B20,$R$3:$X$9,5,FALSE) -> #N/A | W20: =VLOOKUP($B20,$R$3:$X$9,6,FALSE) -> #N/A | X20: =VLOOKUP($B20,$R$3:$X$9,7,FALSE) -> #N/A | Y20: =VLOOKUP($B20,$R$3:$Z$9,8,FALSE) -> #N/A | Z20: =VLOOKUP($B20,$R$3:$Z$9,9,FALSE) -> #N/A
R21: =B21 -> 0 | S21: =VLOOKUP($B21,$R$3:$X$9,2,FALSE) -> #N/A | T21: =VLOOKUP($B21,$R$3:$X$9,3,FALSE) -> #N/A | U21: =VLOOKUP($B21,$R$3:$X$9,4,FALSE) -> #N/A | V21: =VLOOKUP($B21,$R$3:$X$9,5,FALSE) -> #N/A | W21: =VLOOKUP($B21,$R$3:$X$9,6,FALSE) -> #N/A | X21: =VLOOKUP($B21,$R$3:$X$9,7,FALSE) -> #N/A | Y21: =VLOOKUP($B21,$R$3:$Z$9,8,FALSE) -> #N/A | Z21: =VLOOKUP($B21,$R$3:$Z$9,9,FALSE) -> #N/A
R22: =B22 -> 0 | S22: =VLOOKUP($B22,$R$3:$X$9,2,FALSE) -> #N/A | T22: =VLOOKUP($B22,$R$3:$X$9,3,FALSE) -> #N/A | U22: =VLOOKUP($B22,$R$3:$X$9,4,FALSE) -> #N/A | V22: =VLOOKUP($B22,$R$3:$X$9,5,FALSE) -> #N/A | W22: =VLOOKUP($B22,$R$3:$X$9,6,FALSE) -> #N/A | X22: =VLOOKUP($B22,$R$3:$X$9,7,FALSE) -> #N/A | Y22: =VLOOKUP($B22,$R$3:$Z$9,8,FALSE) -> #N/A | Z22: =VLOOKUP($B22,$R$3:$Z$9,9,FALSE) -> #N/A
R23: =B23 -> 0 | S23: =VLOOKUP($B23,$R$3:$X$9,2,FALSE) -> #N/A | T23: =VLOOKUP($B23,$R$3:$X$9,3,FALSE) -> #N/A | U23: =VLOOKUP($B23,$R$3:$X$9,4,FALSE) -> #N/A | V23: =VLOOKUP($B23,$R$3:$X$9,5,FALSE) -> #N/A | W23: =VLOOKUP($B23,$R$3:$X$9,6,FALSE) -> #N/A | X23: =VLOOKUP($B23,$R$3:$X$9,7,FALSE) -> #N/A | Y23: =VLOOKUP($B23,$R$3:$Z$9,8,FALSE) -> #N/A | Z23: =VLOOKUP($B23,$R$3:$Z$9,9,FALSE) -> #N/A
R24: =B24 -> 0 | S24: =VLOOKUP($B24,$R$3:$X$9,2,FALSE) -> #N/A | T24: =VLOOKUP($B24,$R$3:$X$9,3,FALSE) -> #N/A | U24: =VLOOKUP($B24,$R$3:$X$9,4,FALSE) -> #N/A | V24: =VLOOKUP($B24,$R$3:$X$9,5,FALSE) -> #N/A | W24: =VLOOKUP($B24,$R$3:$X$9,6,FALSE) -> #N/A | X24: =VLOOKUP($B24,$R$3:$X$9,7,FALSE) -> #N/A | Y24: =VLOOKUP($B24,$R$3:$Z$9,8,FALSE) -> #N/A | Z24: =VLOOKUP($B24,$R$3:$Z$9,9,FALSE) -> #N/A
R25: =B25 -> 0 | S25: =VLOOKUP($B25,$R$3:$X$9,2,FALSE) -> #N/A | T25: =VLOOKUP($B25,$R$3:$X$9,3,FALSE) -> #N/A | U25: =VLOOKUP($B25,$R$3:$X$9,4,FALSE) -> #N/A | V25: =VLOOKUP($B25,$R$3:$X$9,5,FALSE) -> #N/A | W25: =VLOOKUP($B25,$R$3:$X$9,6,FALSE) -> #N/A | X25: =VLOOKUP($B25,$R$3:$X$9,7,FALSE) -> #N/A | Y25: =VLOOKUP($B25,$R$3:$Z$9,8,FALSE) -> #N/A | Z25: =VLOOKUP($B25,$R$3:$Z$9,9,FALSE) -> #N/A
B26: BRAND | D26: BBT P.G./ O.G | I26: Brand | K26: MTD No. of Brews | L26: MTD | M26: YTD | N26: Target | R26: =B26 -> BRAND | S26: =VLOOKUP($B26,$R$3:$X$9,2,FALSE) -> #N/A | T26: =VLOOKUP($B26,$R$3:$X$9,3,FALSE) -> #N/A | U26: =VLOOKUP($B26,$R$3:$X$9,4,FALSE) -> #N/A | V26: =VLOOKUP($B26,$R$3:$X$9,5,FALSE) -> #N/A | W26: =VLOOKUP($B26,$R$3:$X$9,6,FALSE) -> #N/A | X26: =VLOOKUP($B26,$R$3:$X$9,7,FALSE) -> #N/A | Y26: =VLOOKUP($B26,$R$3:$Z$9,8,FALSE) -> #N/A | Z26: =VLOOKUP($B26,$R$3:$Z$9,9,FALSE) -> #N/A
I27: CARIB | J27: =AVERAGE(I10:I17) -> 97.654653 | K27: =COUNTA([3]Brewhouse!$A$789:$A$804) -> 16 | L27: =AVERAGE([3]Brewhouse!$AU$789:$AU$804) -> 97.75364 | M27: =AVERAGE([3]Brewhouse!$AU$42:$AU$123,[3]Brewhouse!$AU$125:$AU$188,[3]Brewhouse!$AU$198:$AU$290,[3]Brewhouse!$AU$292:$AU$370,[3]Brewhouse!$AU$372:$AU$439,[3]Brewhouse!$AU$441:$AU$497,[3]Brewhouse!$AU$499:$AU$519,[3]Brewhouse!$AU$521:$AU$593,[3]Brewhouse!$AU$595:$AU$694,[3]Brewhouse!$AU$696:$AU$787,[3]Brewhouse!$AU$789:$AU$804) -> 98.318964 | N27: 98 | R27: =B27 -> 0 | S27: =VLOOKUP($B27,$R$3:$X$9,2,FALSE) -> #N/A | T27: =VLOOKUP($B27,$R$3:$X$9,3,FALSE) -> #N/A | U27: =VLOOKUP($B27,$R$3:$X$9,4,FALSE) -> #N/A | V27: =VLOOKUP($B27,$R$3:$X$9,5,FALSE) -> #N/A | W27: =VLOOKUP($B27,$R$3:$X$9,6,FALSE) -> #N/A | X27: =VLOOKUP($B27,$R$3:$X$9,7,FALSE) -> #N/A | Y27: =VLOOKUP($B27,$R$3:$Z$9,8,FALSE) -> #N/A | Z27: =VLOOKUP($B27,$R$3:$Z$9,9,FALSE) -> #N/A
I28: STAG | K28: =COUNTA([4]Brewhouse!$A$390:$A$391) -> 2 | L28: =AVERAGE([4]Brewhouse!$AS$390:$AS$391) -> 99.056946 | M28: =AVERAGE([4]Brewhouse!$AS$52:$AS$81,[4]Brewhouse!$AS$83:$AS$124,[4]Brewhouse!$AS$134:$AS$177,[4]Brewhouse!$AS$22:$AS$179,[4]Brewhouse!$AS$214:$AS$249,[4]Brewhouse!$AS$252:$AS$293,[4]Brewhouse!$AS$295:$AS$325,[4]Brewhouse!$AS$327:$AS$361,[4]Brewhouse!$AS$363:$AS$388,[4]Brewhouse!$AS$390:$AS$391) -> 98.31123 | N28: 98 | R28: =B28 -> 0 | S28: =VLOOKUP($B28,$R$3:$X$9,2,FALSE) -> #N/A | T28: =VLOOKUP($B28,$R$3:$X$9,3,FALSE) -> #N/A | U28: =VLOOKUP($B28,$R$3:$X$9,4,FALSE) -> #N/A | V28: =VLOOKUP($B28,$R$3:$X$9,5,FALSE) -> #N/A | W28: =VLOOKUP($B28,$R$3:$X$9,6,FALSE) -> #N/A | X28: =VLOOKUP($B28,$R$3:$X$9,7,FALSE) -> #N/A | Y28: =VLOOKUP($B28,$R$3:$Z$9,8,FALSE) -> #N/A | Z28: =VLOOKUP($B28,$R$3:$Z$9,9,FALSE) -> #N/A
I29: GUINNESS | M29: =AVERAGE([5]Brewhouse!$AU$16:$AU$23,[5]Brewhouse!$AU$25:$AU$32,[5]Brewhouse!$AU$34:$AU$41,[5]Brewhouse!$AU$43:$AU$60,[5]Brewhouse!$AU$62:$AU$69,[5]Brewhouse!$AU$71:$AU$88,[5]Brewhouse!$AU$90:$AU$97,[5]Brewhouse!$AU$99:$AU$106) -> 96.498356 | N29: 98 | R29: =B29 -> 0 | S29: =VLOOKUP($B29,$R$3:$X$9,2,FALSE) -> #N/A | T29: =VLOOKUP($B29,$R$3:$X$9,3,FALSE) -> #N/A | U29: =VLOOKUP($B29,$R$3:$X$9,4,FALSE) -> #N/A | V29: =VLOOKUP($B29,$R$3:$X$9,5,FALSE) -> #N/A | W29: =VLOOKUP($B29,$R$3:$X$9,6,FALSE) -> #N/A | X29: =VLOOKUP($B29,$R$3:$X$9,7,FALSE) -> #N/A | Y29: =VLOOKUP($B29,$R$3:$Z$9,8,FALSE) -> #N/A | Z29: =VLOOKUP($B29,$R$3:$Z$9,9,FALSE) -> #N/A
I30: VITAMALT | M30: =AVERAGE([6]Brewhouse!$AV$23:$AV$34,[6]Brewhouse!$AV$36,[6]Brewhouse!$AV$38:$AV$52,[6]Brewhouse!$AV$54:$AV$60,[6]Brewhouse!$AV$62:$AV$69,[6]Brewhouse!$AV$71:$AV$78,[6]Brewhouse!$AV$80:$AV$87,[6]Brewhouse!$AV$89:$AV$96,[6]Brewhouse!$AV$98:$AV$105) -> 97.566635 | N30: 98 | R30: =B30 -> 0 | S30: =VLOOKUP($B30,$R$3:$X$9,2,FALSE) -> #N/A | T30: =VLOOKUP($B30,$R$3:$X$9,3,FALSE) -> #N/A | U30: =VLOOKUP($B30,$R$3:$X$9,4,FALSE) -> #N/A | V30: =VLOOKUP($B30,$R$3:$X$9,5,FALSE) -> #N/A | W30: =VLOOKUP($B30,$R$3:$X$9,6,FALSE) -> #N/A | X30: =VLOOKUP($B30,$R$3:$X$9,7,FALSE) -> #N/A | Y30: =VLOOKUP($B30,$R$3:$Z$9,8,FALSE) -> #N/A | Z30: =VLOOKUP($B30,$R$3:$Z$9,9,FALSE) -> #N/A
I31: MAXIMALT | N31: 98 | R31: =B31 -> 0 | S31: =VLOOKUP($B31,$R$3:$X$9,2,FALSE) -> #N/A | T31: =VLOOKUP($B31,$R$3:$X$9,3,FALSE) -> #N/A | U31: =VLOOKUP($B31,$R$3:$X$9,4,FALSE) -> #N/A | V31: =VLOOKUP($B31,$R$3:$X$9,5,FALSE) -> #N/A | W31: =VLOOKUP($B31,$R$3:$X$9,6,FALSE) -> #N/A | X31: =VLOOKUP($B31,$R$3:$X$9,7,FALSE) -> #N/A | Y31: =VLOOKUP($B31,$R$3:$Z$9,8,FALSE) -> #N/A | Z31: =VLOOKUP($B31,$R$3:$Z$9,9,FALSE) -> #N/A
I32: MACKESON | M32: =AVERAGE([7]Brewhouse!$AT$4:$AT$11,[7]Brewhouse!$AT$13:$AT$16,[7]Brewhouse!$AT$18:$AT$30) -> 93.222628 | N32: 98 | R32: =B32 -> 0 | S32: =VLOOKUP($B32,$R$3:$X$9,2,FALSE) -> #N/A | T32: =VLOOKUP($B32,$R$3:$X$9,3,FALSE) -> #N/A | U32: =VLOOKUP($B32,$R$3:$X$9,4,FALSE) -> #N/A | V32: =VLOOKUP($B32,$R$3:$X$9,5,FALSE) -> #N/A | W32: =VLOOKUP($B32,$R$3:$X$9,6,FALSE) -> #N/A | X32: =VLOOKUP($B32,$R$3:$X$9,7,FALSE) -> #N/A | Y32: =VLOOKUP($B32,$R$3:$Z$9,8,FALSE) -> #N/A | Z32: =VLOOKUP($B32,$R$3:$Z$9,9,FALSE) -> #N/A
I33: STARMALT | M33: =AVERAGE([8]Brewhouse!$AY$5:$AY$14,[8]Brewhouse!$AY$16:$AY$23,[8]Brewhouse!$AY$42,[8]Brewhouse!$AY$44:$AY$51,[8]Brewhouse!$AY$53:$AY$64,[8]Brewhouse!$AY$66:$AY$73,[8]Brewhouse!$AY$75:$AY$82,[8]Brewhouse!$AY$84:$AY$101,[8]Brewhouse!$AY$103:$AY$110) -> 97.792958 | N33: 98 | R33: =B33 -> 0 | S33: =VLOOKUP($B33,$R$3:$X$9,2,FALSE) -> #N/A | T33: =VLOOKUP($B33,$R$3:$X$9,3,FALSE) -> #N/A | U33: =VLOOKUP($B33,$R$3:$X$9,4,FALSE) -> #N/A | V33: =VLOOKUP($B33,$R$3:$X$9,5,FALSE) -> #N/A | W33: =VLOOKUP($B33,$R$3:$X$9,6,FALSE) -> #N/A | X33: =VLOOKUP($B33,$R$3:$X$9,7,FALSE) -> #N/A | Y33: =VLOOKUP($B33,$R$3:$Z$9,8,FALSE) -> #N/A | Z33: =VLOOKUP($B33,$R$3:$Z$9,9,FALSE) -> #N/A
I34: HR- Pils | N34: 98 | R34: =B34 -> 0 | S34: =VLOOKUP($B34,$R$3:$X$9,2,FALSE) -> #N/A | T34: =VLOOKUP($B34,$R$3:$X$9,3,FALSE) -> #N/A | U34: =VLOOKUP($B34,$R$3:$X$9,4,FALSE) -> #N/A | V34: =VLOOKUP($B34,$R$3:$X$9,5,FALSE) -> #N/A | W34: =VLOOKUP($B34,$R$3:$X$9,6,FALSE) -> #N/A | X34: =VLOOKUP($B34,$R$3:$X$9,7,FALSE) -> #N/A | Y34: =VLOOKUP($B34,$R$3:$Z$9,8,FALSE) -> #N/A | Z34: =VLOOKUP($B34,$R$3:$Z$9,9,FALSE) -> #N/A
I35: HR- IPA | N35: 98 | R35: =B35 -> 0 | S35: =VLOOKUP($B35,$R$3:$X$9,2,FALSE) -> #N/A | T35: =VLOOKUP($B35,$R$3:$X$9,3,FALSE) -> #N/A | U35: =VLOOKUP($B35,$R$3:$X$9,4,FALSE) -> #N/A | V35: =VLOOKUP($B35,$R$3:$X$9,5,FALSE) -> #N/A | W35: =VLOOKUP($B35,$R$3:$X$9,6,FALSE) -> #N/A | X35: =VLOOKUP($B35,$R$3:$X$9,7,FALSE) -> #N/A | Y35: =VLOOKUP($B35,$R$3:$Z$9,8,FALSE) -> #N/A | Z35: =VLOOKUP($B35,$R$3:$Z$9,9,FALSE) -> #N/A
I36: HR- APA | N36: 98 | R36: =B36 -> 0 | S36: =VLOOKUP($B36,$R$3:$X$9,2,FALSE) -> #N/A | T36: =VLOOKUP($B36,$R$3:$X$9,3,FALSE) -> #N/A | U36: =VLOOKUP($B36,$R$3:$X$9,4,FALSE) -> #N/A | V36: =VLOOKUP($B36,$R$3:$X$9,5,FALSE) -> #N/A | W36: =VLOOKUP($B36,$R$3:$X$9,6,FALSE) -> #N/A | X36: =VLOOKUP($B36,$R$3:$X$9,7,FALSE) -> #N/A | Y36: =VLOOKUP($B36,$R$3:$Z$9,8,FALSE) -> #N/A | Z36: =VLOOKUP($B36,$R$3:$Z$9,9,FALSE) -> #N/A
K37: =SUM(K27:K36) -> 18 | L37: =((L27*K27)+(L28*K28)+(L29*K29)+(L30*K30)+(L31*K31)+(K34*L34)+(L32*K32)+(L33*K33)+(L36*K36))/(K37) -> 97.898452 | M37: =AVERAGE('[9]Jan30th-31st'!$L$42,'[10]Feb 27th-28th'!$L$45,'[11]Mar 31st'!$L$42,'[12]Apr 30th'!$L$41,'[13]May 29th '!$L$35,'[14]June 30th'!$L$32,[15]July31st!$L$36,'[16]Aug 31st'!$L$32,L37) -> 97.972784 | N37: 98 | R37: =B37 -> 0 | S37: =VLOOKUP($B37,$R$3:$X$9,2,FALSE) -> #N/A | T37: =VLOOKUP($B37,$R$3:$X$9,3,FALSE) -> #N/A | U37: =VLOOKUP($B37,$R$3:$X$9,4,FALSE) -> #N/A | V37: =VLOOKUP($B37,$R$3:$X$9,5,FALSE) -> #N/A | W37: =VLOOKUP($B37,$R$3:$X$9,6,FALSE) -> #N/A | X37: =VLOOKUP($B37,$R$3:$X$9,7,FALSE) -> #N/A | Y37: =VLOOKUP($B37,$R$3:$Z$9,8,FALSE) -> #N/A | Z37: =VLOOKUP($B37,$R$3:$Z$9,9,FALSE) -> #N/A
R38: =B38 -> 0 | S38: =VLOOKUP($B38,$R$3:$X$9,2,FALSE) -> #N/A | T38: =VLOOKUP($B38,$R$3:$X$9,3,FALSE) -> #N/A | U38: =VLOOKUP($B38,$R$3:$X$9,4,FALSE) -> #N/A | V38: =VLOOKUP($B38,$R$3:$X$9,5,FALSE) -> #N/A | W38: =VLOOKUP($B38,$R$3:$X$9,6,FALSE) -> #N/A | X38: =VLOOKUP($B38,$R$3:$X$9,7,FALSE) -> #N/A | Y38: =VLOOKUP($B38,$R$3:$Z$9,8,FALSE) -> #N/A | Z38: =VLOOKUP($B38,$R$3:$Z$9,9,FALSE) -> #N/A
J39: Daily Brewing Plan
J40: Brand | L40: Average Brews per day
J41: CARIB | K41: 8 | L41: MTD | M41: YTD | N41: TARGET
J42: STAG | L42: =AVERAGE('Oct 1st'!K52,'Oct 2nd'!K44,K51) -> 6 | M42: =AVERAGE('[9]Jan30th-31st'!$L$47,L42,'[10]Feb 26th '!$L$39,'[11]Mar 31st'!$L$47,'[12]Apr 30th'!$L$46,'[13]May 29th '!$L$40,'[14]June 30th'!$L$39,[15]July31st!$L$41,'[16]Aug 31st'!$L$37,'[18]Sept 30th'!$L$37) -> 6.4735341 | N42: 9.2
J43: GUINN
J44: VITAMALT
J45: STARMALT
J46: MACKESON
J47: HURRICANE REEF- IPA
J48: HURRICANE REEF- APA
B49: AVERAGE | J49: HR- PILSNER
J50: CARIBE
J51: Total | K51: =SUM(K41:K50) -> 8
B52: Process: | C52: Fermentation/Filtration
B54: Brand | C54: Filt. Date | D54: FV Hls | E54: GFE/ Prim/ Vita Blend (Hls) | F54: SV Hls | G54: BBT Hls | H54: Loss (%) Ferm | I54: Loss (%) Filt | J54: Comments | K54: Throughput | L54: Process Loss (%) | M54: Filt. Operator
AB55: 43474 | AC55: 43475 | AD55: 43476 | AE55: 43477 | AF55: 43478 | AG55: 43479 | AH55: 43480 | AI55: 43481 | AJ55: 43482 | AK55: 43483 | AL55: 43484 | AM55: 43485 | AN55: 43486 | AO55: 43487 | AP55: 43488 | AQ55: 43489 | AR55: 43490 | AS55: 43491 | AT55: 43492 | AU55: 43493 | AV55: 43494 | AW55: 43495 | AX55: 43496
B56: =J41 -> CARIB | C56: 46300 | D56: =[19]October_2026!$H$3 -> 324.9 | G56: =[19]October_2026!$H$7 -> 302.4 | J56: NO BREAK | K56: =[20]October_2026!$H$18 -> 1.0610526 | L56: =(((D56+E56)-G56)/(D56+E56))*100 -> 6.9252078 | M56: T. Chalres | AB56: =[21]January_2019!L5 -> 0 | AC56: =[21]January_2019!M5 -> 0 | AD56: =[21]January_2019!N5 -> 0 | AE56: =[21]January_2019!O5 -> 0 | AF56: =[21]January_2019!P5 -> 0 | AG56: =[21]January_2019!Q5 -> 0 | AH56: =[21]January_2019!R5 -> 0 | AI56: =[21]January_2019!S5 -> 0 | ... AX56: =[21]January_2019!AH5 -> 0
AB57: =[21]January_2019!L6 -> 0 | AC57: =[21]January_2019!M6 -> 0 | AD57: =[21]January_2019!N6 -> 0 | AE57: =[21]January_2019!O6 -> 0 | AF57: =[21]January_2019!P6 -> 0 | AG57: =[21]January_2019!Q6 -> 0 | AH57: =[21]January_2019!R6 -> 0 | AI57: =[21]January_2019!S6 -> 0 | ... AX57: =[21]January_2019!AH6 -> 0
B58: =J41 -> CARIB | C58: 46300 | D58: =[19]October_2026!$G$3 -> 198.2 | G58: =[19]October_2026!$G$7 -> 189.1 | J58: 1 BREAK | K58: =[20]October_2026!$G$18 -> 0.33175439 | L58: =(((D58+E58)-G58)/(D58+E58))*100 -> 4.5913219 | M58: D. Emery | AB58: =[21]January_2019!L7 -> 285.8 | AC58: =[21]January_2019!M7 -> 508.1 | AD58: =[21]January_2019!N7 -> 0 | AE58: =[21]January_2019!O7 -> 0 | AF58: =[21]January_2019!P7 -> 109.56667 | AG58: =[21]January_2019!Q7 -> 297.65 | AH58: =[21]January_2019!R7 -> 122.3 | AI58: =[21]January_2019!S7 -> 0 | ... AX58: =[21]January_2019!AH7 -> 0
B67: Process Loss (Volume) | G67: Process Loss (Extract) | K67: Throughput
B68: Brand | C68: Actual | D68: MTD | E68: YTD | F68: Target | G68: Actual | H68: MTD | I68: YTD | J68: Target | K68: Actual | L68: MTD | M68: YTD | N68: Target
B69: CARIB | C69: =AVERAGE(L56,L58) -> 5.7582648 | D69: 5.3426414 | E69: 6.4104965 | F69: 4.8 | G69: =AVERAGE([19]October_2026!$G$11:$H$11) -> 6.2105687 | H69: 6.157355 | I69: 6.5184572 | J69: 4.8 | K69: =AVERAGE(K56,K58) -> 0.69640351 | L69: 0.66649123 | M69: 0.53908627 | N69: 1
B70: STAG | E70: 6.0345294 | F70: 4.8 | I70: 5.9275659 | J70: 4.8 | M70: 0.68249291 | N70: 1
B71: GUINN | E71: 10.912863 | F71: 5.5 | I71: 11.797659 | J71: 5.5 | M71: 0.3537019 | N71: 1
B72: VITAMALT | D72: 2.6160971 | E72: 4.8433373 | F72: 3.3 | H72: 4.0562064 | I72: 4.7835858 | J72: 3.3 | L72: 1.3649123 | M72: 0.77919298 | N72: 1
B73: APA | F73: 3.3 | J73: 3 | N73: 1
B74: MACKESON | E74: 6.3233966 | F74: 5.5 | I74: 7.9667553 | J74: 5.5 | M74: 0.58836257 | N74: 1
B75: STARMALT | E75: 3.9973372 | F75: 3.3 | I75: 5.1096184 | J75: 3.3 | M75: 0.8905713 | N75: 1
B76: IPA | F76: 7.5 | J76: 7.5 | N76: 1
B77: HURRICANE REEF PILS | F77: 4.8 | J77: 4.8 | N77: 1
D78: 4.3537477 | E78: 6.3623178 | F78: 5.5 | H78: 5.2145325 | I78: 6.6268507 | J78: 5.5 | L78: 0.84109649 | M78: 0.59560327 | N78: 1

Sheet Oct 6th
S1: P.G. | U1: Hot Time | W1: Process Time | Y1: Cooling Time
B2: Brewing Department Daily Process Loss Report | S2: Lower | T2: Upper | U2: Lower | V2: Upper | W2: Lower | X2: Upper | Y2: Lower | Z2: Upper
R3: CARIB | S3: 11.6 | T3: 12 | U3: 0 | V3: 0.11805556 | W3: 0.22569444 | X3: 0.26388889 | Y3: 0 | Z3: 60 | AB3: HR- PISNER
B4: Date: | C4: 46302 | J4: LOT WORT COLOUR: 3.4 | M4: Filter Sheets (Target 20 days) | R4: STAG | S4: 11.6 | T4: 12 | U4: 0 | V4: 0.11805556 | W4: 0.22569444 | X4: 0.26388889 | Y4: 0 | Z4: 60
M5: Double | N5: Single | R5: GUINNESS | S5: 17 | T5: 17.5 | U5: 0 | V5: 0.10763889 | W5: 0.24652778 | X5: 0.28472222 | Y5: 0 | Z5: 60
J6: MALT LOT: Lot #15 | L6: Sheet Day | R6: MACKESON | S6: 13.3 | T6: 13.5 | U6: 0 | V6: 0.12905093 | W6: 0.27430556 | X6: 0.30208333 | Y6: 0
R7: STARMALT | S7: 17 | T7: 17.4 | U7: 0 | V7: 0.13605324 | W7: 0.27430556 | X7: 0.30902778 | Y7: 0 | Z7: 85
B8: Brand | C8: Brew no. | D8: Kett. Hls | E8: Wort | F8: Cool Time(Mins) | G8: Cast. P.G. (Lab Result) | H8: Cast P.G. (Cellar Operator)-gravity | I8: Extr. Rec (78%) | J8: Theor. Extr. (77.5%) | K8: Boil Off /Vol. (4-6%) | L8: Boil Time | M8: Total Hot | N8: Brewing Time | O8: Operator | R8: Hurricane Reef | S8: 16.6 | T8: 17 | U8: 0 | V8: 0.12905093 | W8: 0.27430556 | X8: 0.30208333 | Y8: 0
E9: Meter (Hls) | F9: Target(< 60Mins) | M9: Time | R9: VITAMALT | S9: 14.2 | T9: 14.6 | U9: 0 | V9: 0.13905093 | W9: 0.26041667 | X9: 0.29513889 | Y9: 0 | Z9: 75
B10: CARIB | C10: =[3]Brewhouse!$A805 -> CA755 | D10: =[3]Brewhouse!$AF805 -> 47 | E10: =[3]Brewhouse!$AI805 -> 48.3 | F10: =[3]Brewhouse!$V805 -> 60 | G10: =[3]Brewhouse!AG805 -> 11.9 | H10: 11.8 | I10: =[3]Brewhouse!$AU805 -> 95.339518 | J10: =[3]Brewhouse!$AV805 -> 96.189963 | K10: =[3]Brewhouse!$Q805 -> 14.296296 | L10: =[3]Brewhouse!$P805 -> 60 | M10: =[3]Brewhouse!$U805-[3]Brewhouse!$T805 -> 0.11875 | N10: =[3]Brewhouse!$Z805 -> 0.26666667 | O10: =[3]Brewhouse!$AX805 -> K. Benjamin | R10: =B10 -> CARIB | S10: =VLOOKUP($B10,$R$3:$X$9,2,FALSE) -> 11.6 | T10: =VLOOKUP($B10,$R$3:$X$9,3,FALSE) -> 12 | U10: =VLOOKUP($B10,$R$3:$X$9,4,FALSE) -> 0 | V10: =VLOOKUP($B10,$R$3:$X$9,5,FALSE) -> 0.11805556 | W10: =VLOOKUP($B10,$R$3:$X$9,6,FALSE) -> 0.22569444 | X10: =VLOOKUP($B10,$R$3:$X$9,7,FALSE) -> 0.26388889 | Y10: =VLOOKUP($B10,$R$3:$Z$9,8,FALSE) -> 0 | Z10: =VLOOKUP($B10,$R$3:$Z$9,9,FALSE) -> 60
B11: CARIB | C11: =[3]Brewhouse!$A806 -> CA756 | D11: =[3]Brewhouse!$AF806 -> 49.9 | E11: =[3]Brewhouse!$AI806 -> 50.4 | F11: =[3]Brewhouse!$V806 -> 63 | G11: =[3]Brewhouse!AG806 -> 11.6 | H11: 11.7 | I11: =[3]Brewhouse!$AU806 -> 96.968037 | J11: =[3]Brewhouse!$AV806 -> 97.832952 | K11: =[3]Brewhouse!$Q806 -> 9.0942699 | L11: =[3]Brewhouse!$P806 -> 57 | M11: =[3]Brewhouse!$U806-[3]Brewhouse!$T806 -> 0.11111111 | N11: =[3]Brewhouse!$Z806 -> 0.275 | O11: =[3]Brewhouse!$AX806 -> K. Benjamin | R11: =B11 -> CARIB | S11: =VLOOKUP($B11,$R$3:$X$9,2,FALSE) -> 11.6 | T11: =VLOOKUP($B11,$R$3:$X$9,3,FALSE) -> 12 | U11: =VLOOKUP($B11,$R$3:$X$9,4,FALSE) -> 0 | V11: =VLOOKUP($B11,$R$3:$X$9,5,FALSE) -> 0.11805556 | W11: =VLOOKUP($B11,$R$3:$X$9,6,FALSE) -> 0.22569444 | X11: =VLOOKUP($B11,$R$3:$X$9,7,FALSE) -> 0.26388889 | Y11: =VLOOKUP($B11,$R$3:$Z$9,8,FALSE) -> 0 | Z11: =VLOOKUP($B11,$R$3:$Z$9,9,FALSE) -> 60
B12: CARIB | C12: =[3]Brewhouse!$A807 -> CA757 | D12: =[3]Brewhouse!$AF807 -> 49.9 | E12: =[3]Brewhouse!$AI807 -> 50.4 | F12: =[3]Brewhouse!$V807 -> 61 | G12: =[3]Brewhouse!AG807 -> 11.8 | I12: =[3]Brewhouse!$AU807 -> 98.118954 | J12: =[3]Brewhouse!$AV807 -> 98.994421 | K12: =[3]Brewhouse!$Q807 -> 9.0942699 | L12: =[3]Brewhouse!$P807 -> 59 | M12: =[3]Brewhouse!$U807-[3]Brewhouse!$T807 -> 0.10625 | N12: =[3]Brewhouse!$Z807 -> 0.26388889 | O12: =[3]Brewhouse!$AX807 -> K. Benjamin | R12: =B12 -> CARIB | S12: =VLOOKUP($B12,$R$3:$X$9,2,FALSE) -> 11.6 | T12: =VLOOKUP($B12,$R$3:$X$9,3,FALSE) -> 12 | U12: =VLOOKUP($B12,$R$3:$X$9,4,FALSE) -> 0 | V12: =VLOOKUP($B12,$R$3:$X$9,5,FALSE) -> 0.11805556 | W12: =VLOOKUP($B12,$R$3:$X$9,6,FALSE) -> 0.22569444 | X12: =VLOOKUP($B12,$R$3:$X$9,7,FALSE) -> 0.26388889 | Y12: =VLOOKUP($B12,$R$3:$Z$9,8,FALSE) -> 0 | Z12: =VLOOKUP($B12,$R$3:$Z$9,9,FALSE) -> 60
B13: CARIB | C13: =[3]Brewhouse!$A808 -> CA758 | D13: =[3]Brewhouse!$AF808 -> 50.1 | E13: =[3]Brewhouse!$AI808 -> 50.7 | F13: =[3]Brewhouse!$V808 -> 61 | G13: =[3]Brewhouse!AG808 -> 11.6 | H13: 11.7 | I13: =[3]Brewhouse!$AU808 -> 97.303561 | J13: =[3]Brewhouse!$AV808 -> 98.171583 | K13: =[3]Brewhouse!$Q808 -> 8.7245841 | L13: =[3]Brewhouse!$P808 -> 59 | M13: =[3]Brewhouse!$U808-[3]Brewhouse!$T808 -> 0.11736111 | N13: =[3]Brewhouse!$Z808 -> 0.27847222 | O13: =[3]Brewhouse!$AX808 -> D. Gomaz | R13: =B13 -> CARIB | S13: =VLOOKUP($B13,$R$3:$X$9,2,FALSE) -> 11.6 | T13: =VLOOKUP($B13,$R$3:$X$9,3,FALSE) -> 12 | U13: =VLOOKUP($B13,$R$3:$X$9,4,FALSE) -> 0 | V13: =VLOOKUP($B13,$R$3:$X$9,5,FALSE) -> 0.11805556 | W13: =VLOOKUP($B13,$R$3:$X$9,6,FALSE) -> 0.22569444 | X13: =VLOOKUP($B13,$R$3:$X$9,7,FALSE) -> 0.26388889 | Y13: =VLOOKUP($B13,$R$3:$Z$9,8,FALSE) -> 0 | Z13: =VLOOKUP($B13,$R$3:$Z$9,9,FALSE) -> 60
R14: =B14 -> 0 | S14: =VLOOKUP($B14,$R$3:$X$9,2,FALSE) -> #N/A | T14: =VLOOKUP($B14,$R$3:$X$9,3,FALSE) -> #N/A | U14: =VLOOKUP($B14,$R$3:$X$9,4,FALSE) -> #N/A | V14: =VLOOKUP($B14,$R$3:$X$9,5,FALSE) -> #N/A | W14: =VLOOKUP($B14,$R$3:$X$9,6,FALSE) -> #N/A | X14: =VLOOKUP($B14,$R$3:$X$9,7,FALSE) -> #N/A | Y14: =VLOOKUP($B14,$R$3:$Z$9,8,FALSE) -> #N/A | Z14: =VLOOKUP($B14,$R$3:$Z$9,9,FALSE) -> #N/A
R15: =B15 -> 0 | S15: =VLOOKUP($B15,$R$3:$X$9,2,FALSE) -> #N/A | T15: =VLOOKUP($B15,$R$3:$X$9,3,FALSE) -> #N/A | U15: =VLOOKUP($B15,$R$3:$X$9,4,FALSE) -> #N/A | V15: =VLOOKUP($B15,$R$3:$X$9,5,FALSE) -> #N/A | W15: =VLOOKUP($B15,$R$3:$X$9,6,FALSE) -> #N/A | X15: =VLOOKUP($B15,$R$3:$X$9,7,FALSE) -> #N/A | Y15: =VLOOKUP($B15,$R$3:$Z$9,8,FALSE) -> #N/A | Z15: =VLOOKUP($B15,$R$3:$Z$9,9,FALSE) -> #N/A
B16: STAG | C16: =[4]Brewhouse!$A392 -> ST333 | D16: =[4]Brewhouse!$AB392 -> 53.2 | E16: =[4]Brewhouse!$AG392 -> 49.7 | F16: =[4]Brewhouse!$V392 -> 61 | G16: =[4]Brewhouse!$AE392 -> 11.6 | H16: 11.6 | I16: =[4]Brewhouse!$AS392 -> 96.764214 | J16: =[4]Brewhouse!$AT392 -> 97.389697 | K16: =[4]Brewhouse!$Q392 -> 11.983083 | L16: =[4]Brewhouse!$P392 -> 58 | M16: =[4]Brewhouse!$U392-[4]Brewhouse!$T392 -> 0.11180556 | N16: =[4]Brewhouse!$AW392 -> 0.27777778 | O16: =[4]Brewhouse!$AV392 -> R.Sookram | R16: =B16 -> STAG | S16: =VLOOKUP($B16,$R$3:$X$9,2,FALSE) -> 11.6 | T16: =VLOOKUP($B16,$R$3:$X$9,3,FALSE) -> 12 | U16: =VLOOKUP($B16,$R$3:$X$9,4,FALSE) -> 0 | V16: =VLOOKUP($B16,$R$3:$X$9,5,FALSE) -> 0.11805556 | W16: =VLOOKUP($B16,$R$3:$X$9,6,FALSE) -> 0.22569444 | X16: =VLOOKUP($B16,$R$3:$X$9,7,FALSE) -> 0.26388889 | Y16: =VLOOKUP($B16,$R$3:$Z$9,8,FALSE) -> 0 | Z16: =VLOOKUP($B16,$R$3:$Z$9,9,FALSE) -> 60
B17: STAG | C17: =[4]Brewhouse!$A393 -> ST334 | D17: =[4]Brewhouse!$AB393 -> 53 | E17: =[4]Brewhouse!$AG393 -> 49.7 | F17: =[4]Brewhouse!$V393 -> 61 | G17: =[4]Brewhouse!$AE393 -> 11.9 | H17: 11.9 | I17: =[4]Brewhouse!$AS393 -> 98.288601 | J17: =[4]Brewhouse!$AT393 -> 98.925798 | K17: =[4]Brewhouse!$Q393 -> 10.896226 | L17: =[4]Brewhouse!$P393 -> 58 | M17: =[4]Brewhouse!$U393-[4]Brewhouse!$T393 -> 0.11388889 | N17: =[4]Brewhouse!$AW393 -> 0.28263889 | O17: =[4]Brewhouse!$AV393 -> R.Sookram | R17: =B17 -> STAG | S17: =VLOOKUP($B17,$R$3:$X$9,2,FALSE) -> 11.6 | T17: =VLOOKUP($B17,$R$3:$X$9,3,FALSE) -> 12 | U17: =VLOOKUP($B17,$R$3:$X$9,4,FALSE) -> 0 | V17: =VLOOKUP($B17,$R$3:$X$9,5,FALSE) -> 0.11805556 | W17: =VLOOKUP($B17,$R$3:$X$9,6,FALSE) -> 0.22569444 | X17: =VLOOKUP($B17,$R$3:$X$9,7,FALSE) -> 0.26388889 | Y17: =VLOOKUP($B17,$R$3:$Z$9,8,FALSE) -> 0 | Z17: =VLOOKUP($B17,$R$3:$Z$9,9,FALSE) -> 60
B18: STAG | C18: =[4]Brewhouse!$A394 -> ST335 | D18: =[4]Brewhouse!$AB394 -> 53.1 | E18: =[4]Brewhouse!$AG394 -> 48.7 | F18: =[4]Brewhouse!$V394 -> 55 | G18: =[4]Brewhouse!$AE394 -> 11.8 | H18: 12.1 | I18: =[4]Brewhouse!$AS394 -> 97.025471 | J18: =[4]Brewhouse!$AT394 -> 97.651812 | K18: =[4]Brewhouse!$Q394 -> 10.875706 | L18: =[4]Brewhouse!$P394 -> 59 | M18: =[4]Brewhouse!$U394-[4]Brewhouse!$T394 -> 0.11736111 | N18: =[4]Brewhouse!$AW394 -> 0.29236111 | O18: =[4]Brewhouse!$AV394 -> R.Sookram | R18: =B18 -> STAG | S18: =VLOOKUP($B18,$R$3:$X$9,2,FALSE) -> 11.6 | T18: =VLOOKUP($B18,$R$3:$X$9,3,FALSE) -> 12 | U18: =VLOOKUP($B18,$R$3:$X$9,4,FALSE) -> 0 | V18: =VLOOKUP($B18,$R$3:$X$9,5,FALSE) -> 0.11805556 | W18: =VLOOKUP($B18,$R$3:$X$9,6,FALSE) -> 0.22569444 | X18: =VLOOKUP($B18,$R$3:$X$9,7,FALSE) -> 0.26388889 | Y18: =VLOOKUP($B18,$R$3:$Z$9,8,FALSE) -> 0 | Z18: =VLOOKUP($B18,$R$3:$Z$9,9,FALSE) -> 60
B19: STAG | C19: =[4]Brewhouse!$A395 -> ST336 | D19: =[4]Brewhouse!$AB395 -> 53 | E19: =[4]Brewhouse!$AG395 -> 49.2 | F19: =[4]Brewhouse!$V395 -> 59 | G19: =[4]Brewhouse!$AE395 -> 11.8 | H19: 12.1 | I19: =[4]Brewhouse!$AS395 -> 97.898131 | J19: =[4]Brewhouse!$AT395 -> 98.530316 | K19: =[4]Brewhouse!$Q395 -> 9.3867925 | L19: =[4]Brewhouse!$P395 -> 60 | M19: =[4]Brewhouse!$U395-[4]Brewhouse!$T395 -> 0.11458333 | N19: =[4]Brewhouse!$AW395 -> 0.2875 | O19: =[4]Brewhouse!$AV395 -> R.Sookram | R19: =B19 -> STAG | S19: =VLOOKUP($B19,$R$3:$X$9,2,FALSE) -> 11.6 | T19: =VLOOKUP($B19,$R$3:$X$9,3,FALSE) -> 12 | U19: =VLOOKUP($B19,$R$3:$X$9,4,FALSE) -> 0 | V19: =VLOOKUP($B19,$R$3:$X$9,5,FALSE) -> 0.11805556 | W19: =VLOOKUP($B19,$R$3:$X$9,6,FALSE) -> 0.22569444 | X19: =VLOOKUP($B19,$R$3:$X$9,7,FALSE) -> 0.26388889 | Y19: =VLOOKUP($B19,$R$3:$Z$9,8,FALSE) -> 0 | Z19: =VLOOKUP($B19,$R$3:$Z$9,9,FALSE) -> 60
B20: STAG | C20: =[4]Brewhouse!$A396 -> ST337 | D20: =[4]Brewhouse!$AB396 -> 53 | E20: =[4]Brewhouse!$AG396 -> 49.1 | F20: =[4]Brewhouse!$V396 -> 59 | G20: =[4]Brewhouse!$AE396 -> 11.7 | H20: 12.1 | I20: =[4]Brewhouse!$AS396 -> 96.950396 | J20: =[4]Brewhouse!$AT396 -> 97.576252 | K20: =[4]Brewhouse!$Q396 -> 9.3867925 | L20: =[4]Brewhouse!$P396 -> 60 | M20: =[4]Brewhouse!$U396-[4]Brewhouse!$T396 -> 0.1375 | N20: =[4]Brewhouse!$AW396 -> 0.30208333 | O20: =[4]Brewhouse!$AV396 -> R.Sookram | R20: =B20 -> STAG | S20: =VLOOKUP($B20,$R$3:$X$9,2,FALSE) -> 11.6 | T20: =VLOOKUP($B20,$R$3:$X$9,3,FALSE) -> 12 | U20: =VLOOKUP($B20,$R$3:$X$9,4,FALSE) -> 0 | V20: =VLOOKUP($B20,$R$3:$X$9,5,FALSE) -> 0.11805556 | W20: =VLOOKUP($B20,$R$3:$X$9,6,FALSE) -> 0.22569444 | X20: =VLOOKUP($B20,$R$3:$X$9,7,FALSE) -> 0.26388889 | Y20: =VLOOKUP($B20,$R$3:$Z$9,8,FALSE) -> 0 | Z20: =VLOOKUP($B20,$R$3:$Z$9,9,FALSE) -> 60
R21: =B21 -> 0 | S21: =VLOOKUP($B21,$R$3:$X$9,2,FALSE) -> #N/A | T21: =VLOOKUP($B21,$R$3:$X$9,3,FALSE) -> #N/A | U21: =VLOOKUP($B21,$R$3:$X$9,4,FALSE) -> #N/A | V21: =VLOOKUP($B21,$R$3:$X$9,5,FALSE) -> #N/A | W21: =VLOOKUP($B21,$R$3:$X$9,6,FALSE) -> #N/A | X21: =VLOOKUP($B21,$R$3:$X$9,7,FALSE) -> #N/A | Y21: =VLOOKUP($B21,$R$3:$Z$9,8,FALSE) -> #N/A | Z21: =VLOOKUP($B21,$R$3:$Z$9,9,FALSE) -> #N/A
R22: =B22 -> 0 | S22: =VLOOKUP($B22,$R$3:$X$9,2,FALSE) -> #N/A | T22: =VLOOKUP($B22,$R$3:$X$9,3,FALSE) -> #N/A | U22: =VLOOKUP($B22,$R$3:$X$9,4,FALSE) -> #N/A | V22: =VLOOKUP($B22,$R$3:$X$9,5,FALSE) -> #N/A | W22: =VLOOKUP($B22,$R$3:$X$9,6,FALSE) -> #N/A | X22: =VLOOKUP($B22,$R$3:$X$9,7,FALSE) -> #N/A | Y22: =VLOOKUP($B22,$R$3:$Z$9,8,FALSE) -> #N/A | Z22: =VLOOKUP($B22,$R$3:$Z$9,9,FALSE) -> #N/A
R23: =B23 -> 0 | S23: =VLOOKUP($B23,$R$3:$X$9,2,FALSE) -> #N/A | T23: =VLOOKUP($B23,$R$3:$X$9,3,FALSE) -> #N/A | U23: =VLOOKUP($B23,$R$3:$X$9,4,FALSE) -> #N/A | V23: =VLOOKUP($B23,$R$3:$X$9,5,FALSE) -> #N/A | W23: =VLOOKUP($B23,$R$3:$X$9,6,FALSE) -> #N/A | X23: =VLOOKUP($B23,$R$3:$X$9,7,FALSE) -> #N/A | Y23: =VLOOKUP($B23,$R$3:$Z$9,8,FALSE) -> #N/A | Z23: =VLOOKUP($B23,$R$3:$Z$9,9,FALSE) -> #N/A
R24: =B24 -> 0 | S24: =VLOOKUP($B24,$R$3:$X$9,2,FALSE) -> #N/A | T24: =VLOOKUP($B24,$R$3:$X$9,3,FALSE) -> #N/A | U24: =VLOOKUP($B24,$R$3:$X$9,4,FALSE) -> #N/A | V24: =VLOOKUP($B24,$R$3:$X$9,5,FALSE) -> #N/A | W24: =VLOOKUP($B24,$R$3:$X$9,6,FALSE) -> #N/A | X24: =VLOOKUP($B24,$R$3:$X$9,7,FALSE) -> #N/A | Y24: =VLOOKUP($B24,$R$3:$Z$9,8,FALSE) -> #N/A | Z24: =VLOOKUP($B24,$R$3:$Z$9,9,FALSE) -> #N/A
R25: =B25 -> 0 | S25: =VLOOKUP($B25,$R$3:$X$9,2,FALSE) -> #N/A | T25: =VLOOKUP($B25,$R$3:$X$9,3,FALSE) -> #N/A | U25: =VLOOKUP($B25,$R$3:$X$9,4,FALSE) -> #N/A | V25: =VLOOKUP($B25,$R$3:$X$9,5,FALSE) -> #N/A | W25: =VLOOKUP($B25,$R$3:$X$9,6,FALSE) -> #N/A | X25: =VLOOKUP($B25,$R$3:$X$9,7,FALSE) -> #N/A | Y25: =VLOOKUP($B25,$R$3:$Z$9,8,FALSE) -> #N/A | Z25: =VLOOKUP($B25,$R$3:$Z$9,9,FALSE) -> #N/A
R26: =B26 -> 0 | S26: =VLOOKUP($B26,$R$3:$X$9,2,FALSE) -> #N/A | T26: =VLOOKUP($B26,$R$3:$X$9,3,FALSE) -> #N/A | U26: =VLOOKUP($B26,$R$3:$X$9,4,FALSE) -> #N/A | V26: =VLOOKUP($B26,$R$3:$X$9,5,FALSE) -> #N/A | W26: =VLOOKUP($B26,$R$3:$X$9,6,FALSE) -> #N/A | X26: =VLOOKUP($B26,$R$3:$X$9,7,FALSE) -> #N/A | Y26: =VLOOKUP($B26,$R$3:$Z$9,8,FALSE) -> #N/A | Z26: =VLOOKUP($B26,$R$3:$Z$9,9,FALSE) -> #N/A
R27: =B27 -> 0 | S27: =VLOOKUP($B27,$R$3:$X$9,2,FALSE) -> #N/A | T27: =VLOOKUP($B27,$R$3:$X$9,3,FALSE) -> #N/A | U27: =VLOOKUP($B27,$R$3:$X$9,4,FALSE) -> #N/A | V27: =VLOOKUP($B27,$R$3:$X$9,5,FALSE) -> #N/A | W27: =VLOOKUP($B27,$R$3:$X$9,6,FALSE) -> #N/A | X27: =VLOOKUP($B27,$R$3:$X$9,7,FALSE) -> #N/A | Y27: =VLOOKUP($B27,$R$3:$Z$9,8,FALSE) -> #N/A | Z27: =VLOOKUP($B27,$R$3:$Z$9,9,FALSE) -> #N/A
R28: =B28 -> 0 | S28: =VLOOKUP($B28,$R$3:$X$9,2,FALSE) -> #N/A | T28: =VLOOKUP($B28,$R$3:$X$9,3,FALSE) -> #N/A | U28: =VLOOKUP($B28,$R$3:$X$9,4,FALSE) -> #N/A | V28: =VLOOKUP($B28,$R$3:$X$9,5,FALSE) -> #N/A | W28: =VLOOKUP($B28,$R$3:$X$9,6,FALSE) -> #N/A | X28: =VLOOKUP($B28,$R$3:$X$9,7,FALSE) -> #N/A | Y28: =VLOOKUP($B28,$R$3:$Z$9,8,FALSE) -> #N/A | Z28: =VLOOKUP($B28,$R$3:$Z$9,9,FALSE) -> #N/A
R29: =B29 -> 0 | S29: =VLOOKUP($B29,$R$3:$X$9,2,FALSE) -> #N/A | T29: =VLOOKUP($B29,$R$3:$X$9,3,FALSE) -> #N/A | U29: =VLOOKUP($B29,$R$3:$X$9,4,FALSE) -> #N/A | V29: =VLOOKUP($B29,$R$3:$X$9,5,FALSE) -> #N/A | W29: =VLOOKUP($B29,$R$3:$X$9,6,FALSE) -> #N/A | X29: =VLOOKUP($B29,$R$3:$X$9,7,FALSE) -> #N/A | Y29: =VLOOKUP($B29,$R$3:$Z$9,8,FALSE) -> #N/A | Z29: =VLOOKUP($B29,$R$3:$Z$9,9,FALSE) -> #N/A
R30: =B30 -> 0 | S30: =VLOOKUP($B30,$R$3:$X$9,2,FALSE) -> #N/A | T30: =VLOOKUP($B30,$R$3:$X$9,3,FALSE) -> #N/A | U30: =VLOOKUP($B30,$R$3:$X$9,4,FALSE) -> #N/A | V30: =VLOOKUP($B30,$R$3:$X$9,5,FALSE) -> #N/A | W30: =VLOOKUP($B30,$R$3:$X$9,6,FALSE) -> #N/A | X30: =VLOOKUP($B30,$R$3:$X$9,7,FALSE) -> #N/A | Y30: =VLOOKUP($B30,$R$3:$Z$9,8,FALSE) -> #N/A | Z30: =VLOOKUP($B30,$R$3:$Z$9,9,FALSE) -> #N/A
R31: =B31 -> 0 | S31: =VLOOKUP($B31,$R$3:$X$9,2,FALSE) -> #N/A | T31: =VLOOKUP($B31,$R$3:$X$9,3,FALSE) -> #N/A | U31: =VLOOKUP($B31,$R$3:$X$9,4,FALSE) -> #N/A | V31: =VLOOKUP($B31,$R$3:$X$9,5,FALSE) -> #N/A | W31: =VLOOKUP($B31,$R$3:$X$9,6,FALSE) -> #N/A | X31: =VLOOKUP($B31,$R$3:$X$9,7,FALSE) -> #N/A | Y31: =VLOOKUP($B31,$R$3:$Z$9,8,FALSE) -> #N/A | Z31: =VLOOKUP($B31,$R$3:$Z$9,9,FALSE) -> #N/A
R32: =B32 -> 0 | S32: =VLOOKUP($B32,$R$3:$X$9,2,FALSE) -> #N/A | T32: =VLOOKUP($B32,$R$3:$X$9,3,FALSE) -> #N/A | U32: =VLOOKUP($B32,$R$3:$X$9,4,FALSE) -> #N/A | V32: =VLOOKUP($B32,$R$3:$X$9,5,FALSE) -> #N/A | W32: =VLOOKUP($B32,$R$3:$X$9,6,FALSE) -> #N/A | X32: =VLOOKUP($B32,$R$3:$X$9,7,FALSE) -> #N/A | Y32: =VLOOKUP($B32,$R$3:$Z$9,8,FALSE) -> #N/A | Z32: =VLOOKUP($B32,$R$3:$Z$9,9,FALSE) -> #N/A
B33: BRAND | D33: BBT P.G./ O.G | I33: Brand | K33: MTD No. of Brews | L33: MTD | M33: YTD | N33: Target | R33: =B33 -> BRAND | S33: =VLOOKUP($B33,$R$3:$X$9,2,FALSE) -> #N/A | T33: =VLOOKUP($B33,$R$3:$X$9,3,FALSE) -> #N/A | U33: =VLOOKUP($B33,$R$3:$X$9,4,FALSE) -> #N/A | V33: =VLOOKUP($B33,$R$3:$X$9,5,FALSE) -> #N/A | W33: =VLOOKUP($B33,$R$3:$X$9,6,FALSE) -> #N/A | X33: =VLOOKUP($B33,$R$3:$X$9,7,FALSE) -> #N/A | Y33: =VLOOKUP($B33,$R$3:$Z$9,8,FALSE) -> #N/A | Z33: =VLOOKUP($B33,$R$3:$Z$9,9,FALSE) -> #N/A
I34: CARIB | J34: =AVERAGE(I10:I13) -> 96.932517 | K34: =COUNTA([3]Brewhouse!$A$789:$A$808) -> 20 | L34: =AVERAGE([3]Brewhouse!$AU$789:$AU$808) -> 97.589416 | M34: =AVERAGE([3]Brewhouse!$AU$42:$AU$123,[3]Brewhouse!$AU$125:$AU$188,[3]Brewhouse!$AU$198:$AU$290,[3]Brewhouse!$AU$292:$AU$370,[3]Brewhouse!$AU$372:$AU$439,[3]Brewhouse!$AU$441:$AU$497,[3]Brewhouse!$AU$499:$AU$519,[3]Brewhouse!$AU$521:$AU$593,[3]Brewhouse!$AU$595:$AU$694,[3]Brewhouse!$AU$696:$AU$787,[3]Brewhouse!$AU$789:$AU$808) -> 98.31155 | N34: 98 | R34: =B34 -> 0 | S34: =VLOOKUP($B34,$R$3:$X$9,2,FALSE) -> #N/A | T34: =VLOOKUP($B34,$R$3:$X$9,3,FALSE) -> #N/A | U34: =VLOOKUP($B34,$R$3:$X$9,4,FALSE) -> #N/A | V34: =VLOOKUP($B34,$R$3:$X$9,5,FALSE) -> #N/A | W34: =VLOOKUP($B34,$R$3:$X$9,6,FALSE) -> #N/A | X34: =VLOOKUP($B34,$R$3:$X$9,7,FALSE) -> #N/A | Y34: =VLOOKUP($B34,$R$3:$Z$9,8,FALSE) -> #N/A | Z34: =VLOOKUP($B34,$R$3:$Z$9,9,FALSE) -> #N/A
I35: STAG | J35: =AVERAGE(I16:I20) -> 97.385363 | K35: =COUNTA([4]Brewhouse!$A$390:$A$396) -> 7 | L35: =AVERAGE([4]Brewhouse!$AS$390:$AS$396) -> 97.862958 | M35: =AVERAGE([4]Brewhouse!$AS$52:$AS$81,[4]Brewhouse!$AS$83:$AS$124,[4]Brewhouse!$AS$134:$AS$177,[4]Brewhouse!$AS$22:$AS$179,[4]Brewhouse!$AS$214:$AS$249,[4]Brewhouse!$AS$252:$AS$293,[4]Brewhouse!$AS$295:$AS$325,[4]Brewhouse!$AS$327:$AS$361,[4]Brewhouse!$AS$363:$AS$388,[4]Brewhouse!$AS$390:$AS$396) -> 98.300965 | N35: 98 | R35: =B35 -> 0 | S35: =VLOOKUP($B35,$R$3:$X$9,2,FALSE) -> #N/A | T35: =VLOOKUP($B35,$R$3:$X$9,3,FALSE) -> #N/A | U35: =VLOOKUP($B35,$R$3:$X$9,4,FALSE) -> #N/A | V35: =VLOOKUP($B35,$R$3:$X$9,5,FALSE) -> #N/A | W35: =VLOOKUP($B35,$R$3:$X$9,6,FALSE) -> #N/A | X35: =VLOOKUP($B35,$R$3:$X$9,7,FALSE) -> #N/A | Y35: =VLOOKUP($B35,$R$3:$Z$9,8,FALSE) -> #N/A | Z35: =VLOOKUP($B35,$R$3:$Z$9,9,FALSE) -> #N/A
I36: GUINNESS | M36: =AVERAGE([5]Brewhouse!$AU$16:$AU$23,[5]Brewhouse!$AU$25:$AU$32,[5]Brewhouse!$AU$34:$AU$41,[5]Brewhouse!$AU$43:$AU$60,[5]Brewhouse!$AU$62:$AU$69,[5]Brewhouse!$AU$71:$AU$88,[5]Brewhouse!$AU$90:$AU$97,[5]Brewhouse!$AU$99:$AU$106) -> 96.498356 | N36: 98 | R36: =B36 -> 0 | S36: =VLOOKUP($B36,$R$3:$X$9,2,FALSE) -> #N/A | T36: =VLOOKUP($B36,$R$3:$X$9,3,FALSE) -> #N/A | U36: =VLOOKUP($B36,$R$3:$X$9,4,FALSE) -> #N/A | V36: =VLOOKUP($B36,$R$3:$X$9,5,FALSE) -> #N/A | W36: =VLOOKUP($B36,$R$3:$X$9,6,FALSE) -> #N/A | X36: =VLOOKUP($B36,$R$3:$X$9,7,FALSE) -> #N/A | Y36: =VLOOKUP($B36,$R$3:$Z$9,8,FALSE) -> #N/A | Z36: =VLOOKUP($B36,$R$3:$Z$9,9,FALSE) -> #N/A
I37: VITAMALT | M37: =AVERAGE([6]Brewhouse!$AV$23:$AV$34,[6]Brewhouse!$AV$36,[6]Brewhouse!$AV$38:$AV$52,[6]Brewhouse!$AV$54:$AV$60,[6]Brewhouse!$AV$62:$AV$69,[6]Brewhouse!$AV$71:$AV$78,[6]Brewhouse!$AV$80:$AV$87,[6]Brewhouse!$AV$89:$AV$96,[6]Brewhouse!$AV$98:$AV$105) -> 97.566635 | N37: 98 | R37: =B37 -> 0 | S37: =VLOOKUP($B37,$R$3:$X$9,2,FALSE) -> #N/A | T37: =VLOOKUP($B37,$R$3:$X$9,3,FALSE) -> #N/A | U37: =VLOOKUP($B37,$R$3:$X$9,4,FALSE) -> #N/A | V37: =VLOOKUP($B37,$R$3:$X$9,5,FALSE) -> #N/A | W37: =VLOOKUP($B37,$R$3:$X$9,6,FALSE) -> #N/A | X37: =VLOOKUP($B37,$R$3:$X$9,7,FALSE) -> #N/A | Y37: =VLOOKUP($B37,$R$3:$Z$9,8,FALSE) -> #N/A | Z37: =VLOOKUP($B37,$R$3:$Z$9,9,FALSE) -> #N/A
I38: MAXIMALT | N38: 98 | R38: =B38 -> 0 | S38: =VLOOKUP($B38,$R$3:$X$9,2,FALSE) -> #N/A | T38: =VLOOKUP($B38,$R$3:$X$9,3,FALSE) -> #N/A | U38: =VLOOKUP($B38,$R$3:$X$9,4,FALSE) -> #N/A | V38: =VLOOKUP($B38,$R$3:$X$9,5,FALSE) -> #N/A | W38: =VLOOKUP($B38,$R$3:$X$9,6,FALSE) -> #N/A | X38: =VLOOKUP($B38,$R$3:$X$9,7,FALSE) -> #N/A | Y38: =VLOOKUP($B38,$R$3:$Z$9,8,FALSE) -> #N/A | Z38: =VLOOKUP($B38,$R$3:$Z$9,9,FALSE) -> #N/A
I39: MACKESON | M39: =AVERAGE([7]Brewhouse!$AT$4:$AT$11,[7]Brewhouse!$AT$13:$AT$16,[7]Brewhouse!$AT$18:$AT$30) -> 93.222628 | N39: 98 | R39: =B39 -> 0 | S39: =VLOOKUP($B39,$R$3:$X$9,2,FALSE) -> #N/A | T39: =VLOOKUP($B39,$R$3:$X$9,3,FALSE) -> #N/A | U39: =VLOOKUP($B39,$R$3:$X$9,4,FALSE) -> #N/A | V39: =VLOOKUP($B39,$R$3:$X$9,5,FALSE) -> #N/A | W39: =VLOOKUP($B39,$R$3:$X$9,6,FALSE) -> #N/A | X39: =VLOOKUP($B39,$R$3:$X$9,7,FALSE) -> #N/A | Y39: =VLOOKUP($B39,$R$3:$Z$9,8,FALSE) -> #N/A | Z39: =VLOOKUP($B39,$R$3:$Z$9,9,FALSE) -> #N/A
I40: STARMALT | M40: =AVERAGE([8]Brewhouse!$AY$5:$AY$14,[8]Brewhouse!$AY$16:$AY$23,[8]Brewhouse!$AY$42,[8]Brewhouse!$AY$44:$AY$51,[8]Brewhouse!$AY$53:$AY$64,[8]Brewhouse!$AY$66:$AY$73,[8]Brewhouse!$AY$75:$AY$82,[8]Brewhouse!$AY$84:$AY$101,[8]Brewhouse!$AY$103:$AY$110) -> 97.792958 | N40: 98 | R40: =B40 -> 0 | S40: =VLOOKUP($B40,$R$3:$X$9,2,FALSE) -> #N/A | T40: =VLOOKUP($B40,$R$3:$X$9,3,FALSE) -> #N/A | U40: =VLOOKUP($B40,$R$3:$X$9,4,FALSE) -> #N/A | V40: =VLOOKUP($B40,$R$3:$X$9,5,FALSE) -> #N/A | W40: =VLOOKUP($B40,$R$3:$X$9,6,FALSE) -> #N/A | X40: =VLOOKUP($B40,$R$3:$X$9,7,FALSE) -> #N/A | Y40: =VLOOKUP($B40,$R$3:$Z$9,8,FALSE) -> #N/A | Z40: =VLOOKUP($B40,$R$3:$Z$9,9,FALSE) -> #N/A
I41: HR- Pils | N41: 98 | R41: =B41 -> 0 | S41: =VLOOKUP($B41,$R$3:$X$9,2,FALSE) -> #N/A | T41: =VLOOKUP($B41,$R$3:$X$9,3,FALSE) -> #N/A | U41: =VLOOKUP($B41,$R$3:$X$9,4,FALSE) -> #N/A | V41: =VLOOKUP($B41,$R$3:$X$9,5,FALSE) -> #N/A | W41: =VLOOKUP($B41,$R$3:$X$9,6,FALSE) -> #N/A | X41: =VLOOKUP($B41,$R$3:$X$9,7,FALSE) -> #N/A | Y41: =VLOOKUP($B41,$R$3:$Z$9,8,FALSE) -> #N/A | Z41: =VLOOKUP($B41,$R$3:$Z$9,9,FALSE) -> #N/A
I42: HR- IPA | N42: 98 | R42: =B42 -> 0 | S42: =VLOOKUP($B42,$R$3:$X$9,2,FALSE) -> #N/A | T42: =VLOOKUP($B42,$R$3:$X$9,3,FALSE) -> #N/A | U42: =VLOOKUP($B42,$R$3:$X$9,4,FALSE) -> #N/A | V42: =VLOOKUP($B42,$R$3:$X$9,5,FALSE) -> #N/A | W42: =VLOOKUP($B42,$R$3:$X$9,6,FALSE) -> #N/A | X42: =VLOOKUP($B42,$R$3:$X$9,7,FALSE) -> #N/A | Y42: =VLOOKUP($B42,$R$3:$Z$9,8,FALSE) -> #N/A | Z42: =VLOOKUP($B42,$R$3:$Z$9,9,FALSE) -> #N/A
I43: HR- APA | N43: 98 | R43: =B43 -> 0 | S43: =VLOOKUP($B43,$R$3:$X$9,2,FALSE) -> #N/A | T43: =VLOOKUP($B43,$R$3:$X$9,3,FALSE) -> #N/A | U43: =VLOOKUP($B43,$R$3:$X$9,4,FALSE) -> #N/A | V43: =VLOOKUP($B43,$R$3:$X$9,5,FALSE) -> #N/A | W43: =VLOOKUP($B43,$R$3:$X$9,6,FALSE) -> #N/A | X43: =VLOOKUP($B43,$R$3:$X$9,7,FALSE) -> #N/A | Y43: =VLOOKUP($B43,$R$3:$Z$9,8,FALSE) -> #N/A | Z43: =VLOOKUP($B43,$R$3:$Z$9,9,FALSE) -> #N/A
K44: =SUM(K34:K43) -> 27 | L44: =((L34*K34)+(L35*K35)+(L36*K36)+(L37*K37)+(L38*K38)+(K41*L41)+(L39*K39)+(L40*K40)+(L43*K43))/(K44) -> 97.660334 | M44: =AVERAGE('[9]Jan30th-31st'!$L$42,'[10]Feb 27th-28th'!$L$45,'[11]Mar 31st'!$L$42,'[12]Apr 30th'!$L$41,'[13]May 29th '!$L$35,'[14]June 30th'!$L$32,[15]July31st!$L$36,'[16]Aug 31st'!$L$32,L44) -> 97.943019 | N44: 98 | R44: =B44 -> 0 | S44: =VLOOKUP($B44,$R$3:$X$9,2,FALSE) -> #N/A | T44: =VLOOKUP($B44,$R$3:$X$9,3,FALSE) -> #N/A | U44: =VLOOKUP($B44,$R$3:$X$9,4,FALSE) -> #N/A | V44: =VLOOKUP($B44,$R$3:$X$9,5,FALSE) -> #N/A | W44: =VLOOKUP($B44,$R$3:$X$9,6,FALSE) -> #N/A | X44: =VLOOKUP($B44,$R$3:$X$9,7,FALSE) -> #N/A | Y44: =VLOOKUP($B44,$R$3:$Z$9,8,FALSE) -> #N/A | Z44: =VLOOKUP($B44,$R$3:$Z$9,9,FALSE) -> #N/A
R45: =B45 -> 0 | S45: =VLOOKUP($B45,$R$3:$X$9,2,FALSE) -> #N/A | T45: =VLOOKUP($B45,$R$3:$X$9,3,FALSE) -> #N/A | U45: =VLOOKUP($B45,$R$3:$X$9,4,FALSE) -> #N/A | V45: =VLOOKUP($B45,$R$3:$X$9,5,FALSE) -> #N/A | W45: =VLOOKUP($B45,$R$3:$X$9,6,FALSE) -> #N/A | X45: =VLOOKUP($B45,$R$3:$X$9,7,FALSE) -> #N/A | Y45: =VLOOKUP($B45,$R$3:$Z$9,8,FALSE) -> #N/A | Z45: =VLOOKUP($B45,$R$3:$Z$9,9,FALSE) -> #N/A
J46: Daily Brewing Plan
J47: Brand | L47: Average Brews per day
J48: CARIB | K48: 4 | L48: MTD | M48: YTD | N48: TARGET
J49: STAG | K49: 5 | L49: =AVERAGE('Oct 1st'!K52,'Oct 2nd'!K44,'Oct 5th'!K51,K58) -> 6.75 | M49: =AVERAGE('[9]Jan30th-31st'!$L$47,L49,'[10]Feb 26th '!$L$39,'[11]Mar 31st'!$L$47,'[12]Apr 30th'!$L$46,'[13]May 29th '!$L$40,'[14]June 30th'!$L$39,[15]July31st!$L$41,'[16]Aug 31st'!$L$37,'[18]Sept 30th'!$L$37) -> 6.5485341 | N49: 9.2
J50: GUINN
J51: VITAMALT
J52: STARMALT
J53: MACKESON
J54: HURRICANE REEF- IPA
J55: HURRICANE REEF- APA
B56: AVERAGE | J56: HR- PILSNER
J57: CARIBE
J58: Total | K58: =SUM(K48:K57) -> 9
B59: Process: | C59: Fermentation/Filtration
B61: Brand | C61: Filt. Date | D61: FV Hls | E61: GFE/ Prim/ Vita Blend (Hls) | F61: SV Hls | G61: BBT Hls | H61: Loss (%) Ferm | I61: Loss (%) Filt | J61: Comments | K61: Throughput | L61: Process Loss (%) | M61: Filt. Operator
AB62: 43474 | AC62: 43475 | AD62: 43476 | AE62: 43477 | AF62: 43478 | AG62: 43479 | AH62: 43480 | AI62: 43481 | AJ62: 43482 | AK62: 43483 | AL62: 43484 | AM62: 43485 | AN62: 43486 | AO62: 43487 | AP62: 43488 | AQ62: 43489 | AR62: 43490 | AS62: 43491 | AT62: 43492 | AU62: 43493 | AV62: 43494 | AW62: 43495 | AX62: 43496
B63: =J48 -> CARIB | C63: 46301 | D63: =[19]October_2026!$I$3 -> 399.7 | G63: =[19]October_2026!$I$7 -> 379.9 | J63: NO BREAK | K63: =[20]October_2026!$I$18 -> 1.3329825 | L63: =(((D63+E63)-G63)/(D63+E63))*100 -> 4.9537153 | AB63: =[21]January_2019!L5 -> 0 | AC63: =[21]January_2019!M5 -> 0 | AD63: =[21]January_2019!N5 -> 0 | AE63: =[21]January_2019!O5 -> 0 | AF63: =[21]January_2019!P5 -> 0 | AG63: =[21]January_2019!Q5 -> 0 | AH63: =[21]January_2019!R5 -> 0 | AI63: =[21]January_2019!S5 -> 0 | ... AX63: =[21]January_2019!AH5 -> 0
AB64: =[21]January_2019!L6 -> 0 | AC64: =[21]January_2019!M6 -> 0 | AD64: =[21]January_2019!N6 -> 0 | AE64: =[21]January_2019!O6 -> 0 | AF64: =[21]January_2019!P6 -> 0 | AG64: =[21]January_2019!Q6 -> 0 | AH64: =[21]January_2019!R6 -> 0 | AI64: =[21]January_2019!S6 -> 0 | ... AX64: =[21]January_2019!AH6 -> 0
B65: =J48 -> CARIB | C65: 46301 | J65: NO BREAK | L65: =(((D65+E65)-G65)/(D65+E65))*100 -> #DIV/0! | AB65: =[21]January_2019!L7 -> 285.8 | AC65: =[21]January_2019!M7 -> 508.1 | AD65: =[21]January_2019!N7 -> 0 | AE65: =[21]January_2019!O7 -> 0 | AF65: =[21]January_2019!P7 -> 109.56667 | AG65: =[21]January_2019!Q7 -> 297.65 | AH65: =[21]January_2019!R7 -> 122.3 | AI65: =[21]January_2019!S7 -> 0 | ... AX65: =[21]January_2019!AH7 -> 0
B74: Process Loss (Volume) | G74: Process Loss (Extract) | K74: Throughput
B75: Brand | C75: Actual | D75: MTD | E75: YTD | F75: Target | G75: Actual | H75: MTD | I75: YTD | J75: Target | K75: Actual | L75: MTD | M75: YTD | N75: Target
B76: CARIB | C76: =L63 -> 4.9537153 | D76: 5.2015251 | E76: 6.3942077 | F76: 4.8 | G76: =[19]October_2026!$I$11 -> 5.577993 | H76: 5.9479747 | I76: 6.508092 | J76: 4.8 | K76: =AVERAGE(K63) -> 1.3329825 | L76: 0.83311404 | M76: 0.54990997 | N76: 1
B77: STAG | E77: 6.0345294 | F77: 4.8 | I77: 5.9275659 | J77: 4.8 | M77: 0.68249291 | N77: 1
B78: GUINN | E78: 10.890215 | F78: 5.5 | I78: 11.797659 | J78: 5.5 | M78: 0.3537019 | N78: 1
B79: VITAMALT | D79: 2.6160971 | E79: 4.6053599 | F79: 3.3 | H79: 4.0562064 | I79: 4.7835858 | J79: 3.3 | L79: 1.3649123 | M79: 0.83244019 | N79: 1
B80: APA | F80: 3.3 | J80: 3 | N80: 1
B81: MACKESON | E81: 6.3233966 | F81: 5.5 | I81: 7.9667553 | J81: 5.5 | M81: 0.58836257 | N81: 1
B82: STARMALT | E82: 3.9973372 | F82: 3.3 | I82: 5.1096184 | J82: 3.3 | M82: 0.8905713 | N82: 1
B83: IPA | F83: 7.5 | J83: 7.5 | N83: 1
B84: HURRICANE REEF PILS | F84: 4.8 | J84: 4.8 | N84: 1
D85: 4.5135072 | E85: 6.3192809 | F85: 5.5 | H85: 5.3009614 | I85: 6.621228 | J85: 5.5 | L85: 0.93947368 | M85: 0.60442262 | N85: 1

Sheet Oct 7th
S1: P.G. | U1: Hot Time | W1: Process Time | Y1: Cooling Time
B2: Brewing Department Daily Process Loss Report | S2: Lower | T2: Upper | U2: Lower | V2: Upper | W2: Lower | X2: Upper | Y2: Lower | Z2: Upper
R3: CARIB | S3: 11.6 | T3: 12 | U3: 0 | V3: 0.11805556 | W3: 0.22569444 | X3: 0.26388889 | Y3: 0 | Z3: 60 | AB3: HR- PISNER
B4: Date: | C4: 46303 | J4: LOT WORT COLOUR: 3.4 | M4: Filter Sheets (Target 20 days) | R4: STAG | S4: 11.6 | T4: 12 | U4: 0 | V4: 0.11805556 | W4: 0.22569444 | X4: 0.26388889 | Y4: 0 | Z4: 60
M5: Double | N5: Single | R5: GUINNESS | S5: 17 | T5: 17.5 | U5: 0 | V5: 0.10763889 | W5: 0.24652778 | X5: 0.28472222 | Y5: 0 | Z5: 60
J6: MALT LOT: Lot #15 | L6: Sheet Day | R6: MACKESON | S6: 13.3 | T6: 13.5 | U6: 0 | V6: 0.12905093 | W6: 0.27430556 | X6: 0.30208333 | Y6: 0
R7: STARMALT | S7: 17 | T7: 17.4 | U7: 0 | V7: 0.13605324 | W7: 0.27430556 | X7: 0.30902778 | Y7: 0 | Z7: 85
B8: Brand | C8: Brew no. | D8: Kett. Hls | E8: Wort | F8: Cool Time(Mins) | G8: Cast. P.G. (Lab Result) | H8: Cast P.G. (Cellar Operator)-gravity | I8: Extr. Rec (78%) | J8: Theor. Extr. (77.5%) | K8: Boil Off /Vol. (4-6%) | L8: Boil Time | M8: Total Hot | N8: Brewing Time | O8: Operator | R8: Hurricane Reef | S8: 16.6 | T8: 17 | U8: 0 | V8: 0.12905093 | W8: 0.27430556 | X8: 0.30208333 | Y8: 0
E9: Meter (Hls) | F9: Target(< 60Mins) | M9: Time | R9: VITAMALT | S9: 14.2 | T9: 14.6 | U9: 0 | V9: 0.13905093 | W9: 0.26041667 | X9: 0.29513889 | Y9: 0 | Z9: 75
B10: STAG | C10: =[4]Brewhouse!$A397 -> ST338 | D10: =[4]Brewhouse!$AB397 -> 53 | E10: =[4]Brewhouse!$AG397 -> 48.8 | F10: =[4]Brewhouse!$V397 -> 60 | G10: =[4]Brewhouse!$AE397 -> 11.6 | H10: 11.7 | I10: =[4]Brewhouse!$AS397 -> 95.039327 | J10: =[4]Brewhouse!$AT397 -> 95.746072 | K10: =[4]Brewhouse!$Q397 -> 10.518868 | L10: =[4]Brewhouse!$P397 -> 60 | M10: =[4]Brewhouse!$U397-[4]Brewhouse!$T397 -> 0.11597222 | N10: =[4]Brewhouse!$AW397 -> 0.30277778 | O10: =[4]Brewhouse!$AV397 -> K. Benjamin | R10: =B10 -> STAG | S10: =VLOOKUP($B10,$R$3:$X$9,2,FALSE) -> 11.6 | T10: =VLOOKUP($B10,$R$3:$X$9,3,FALSE) -> 12 | U10: =VLOOKUP($B10,$R$3:$X$9,4,FALSE) -> 0 | V10: =VLOOKUP($B10,$R$3:$X$9,5,FALSE) -> 0.11805556 | W10: =VLOOKUP($B10,$R$3:$X$9,6,FALSE) -> 0.22569444 | X10: =VLOOKUP($B10,$R$3:$X$9,7,FALSE) -> 0.26388889 | Y10: =VLOOKUP($B10,$R$3:$Z$9,8,FALSE) -> 0 | Z10: =VLOOKUP($B10,$R$3:$Z$9,9,FALSE) -> 60
B11: STAG | C11: =[4]Brewhouse!$A398 -> ST339 | D11: =[4]Brewhouse!$AB398 -> 53.1 | E11: =[4]Brewhouse!$AG398 -> 50.4 | F11: =[4]Brewhouse!$V398 -> 62 | G11: =[4]Brewhouse!$AE398 -> 12 | H11: 12 | I11: =[4]Brewhouse!$AS398 -> 101.84679 | J11: =[4]Brewhouse!$AT398 -> 102.60391 | K11: =[4]Brewhouse!$Q398 -> 10.499058 | L11: =[4]Brewhouse!$P398 -> 61 | M11: =[4]Brewhouse!$U398-[4]Brewhouse!$T398 -> 0.12430556 | N11: =[4]Brewhouse!$AW398 -> 0.29027778 | O11: =[4]Brewhouse!$AV398 -> K. Benjamin | R11: =B11 -> STAG | S11: =VLOOKUP($B11,$R$3:$X$9,2,FALSE) -> 11.6 | T11: =VLOOKUP($B11,$R$3:$X$9,3,FALSE) -> 12 | U11: =VLOOKUP($B11,$R$3:$X$9,4,FALSE) -> 0 | V11: =VLOOKUP($B11,$R$3:$X$9,5,FALSE) -> 0.11805556 | W11: =VLOOKUP($B11,$R$3:$X$9,6,FALSE) -> 0.22569444 | X11: =VLOOKUP($B11,$R$3:$X$9,7,FALSE) -> 0.26388889 | Y11: =VLOOKUP($B11,$R$3:$Z$9,8,FALSE) -> 0 | Z11: =VLOOKUP($B11,$R$3:$Z$9,9,FALSE) -> 60
B12: STAG | C12: =[4]Brewhouse!$A399 -> ST340 | D12: =[4]Brewhouse!$AB399 -> 53.1 | E12: =[4]Brewhouse!$AG399 -> 48.6 | F12: =[4]Brewhouse!$V399 -> 69 | G12: =[4]Brewhouse!$AE399 -> 11.6 | H12: 12 | I12: =[4]Brewhouse!$AS399 -> 94.176294 | J12: =[4]Brewhouse!$AT399 -> 94.877542 | K12: =[4]Brewhouse!$Q399 -> 12.758945 | L12: =[4]Brewhouse!$P399 -> 61 | M12: =[4]Brewhouse!$U399-[4]Brewhouse!$T399 -> 0.12361111 | N12: =[4]Brewhouse!$AW399 -> 0.27569444 | O12: =[4]Brewhouse!$AV399 -> D.Gomaz | R12: =B12 -> STAG | S12: =VLOOKUP($B12,$R$3:$X$9,2,FALSE) -> 11.6 | T12: =VLOOKUP($B12,$R$3:$X$9,3,FALSE) -> 12 | U12: =VLOOKUP($B12,$R$3:$X$9,4,FALSE) -> 0 | V12: =VLOOKUP($B12,$R$3:$X$9,5,FALSE) -> 0.11805556 | W12: =VLOOKUP($B12,$R$3:$X$9,6,FALSE) -> 0.22569444 | X12: =VLOOKUP($B12,$R$3:$X$9,7,FALSE) -> 0.26388889 | Y12: =VLOOKUP($B12,$R$3:$Z$9,8,FALSE) -> 0 | Z12: =VLOOKUP($B12,$R$3:$Z$9,9,FALSE) -> 60
B13: STAG | C13: =[4]Brewhouse!$A400 -> ST341 | D13: =[4]Brewhouse!$AB400 -> 53.1 | E13: =[4]Brewhouse!$AG400 -> 50.4 | F13: =[4]Brewhouse!$V400 -> 64 | G13: =[4]Brewhouse!$AE400 -> 11.8 | H13: 11.8 | I13: =[4]Brewhouse!$AS400 -> 99.686452 | J13: =[4]Brewhouse!$AT400 -> 100.42824 | K13: =[4]Brewhouse!$Q400 -> 9.7457627 | L13: =[4]Brewhouse!$P400 -> 58 | M13: =[4]Brewhouse!$U400-[4]Brewhouse!$T400 -> 0.11666667 | N13: =[4]Brewhouse!$AW400 -> 0.26527778 | O13: =[4]Brewhouse!$AV400 -> D.Gomaz | R13: =B13 -> STAG | S13: =VLOOKUP($B13,$R$3:$X$9,2,FALSE) -> 11.6 | T13: =VLOOKUP($B13,$R$3:$X$9,3,FALSE) -> 12 | U13: =VLOOKUP($B13,$R$3:$X$9,4,FALSE) -> 0 | V13: =VLOOKUP($B13,$R$3:$X$9,5,FALSE) -> 0.11805556 | W13: =VLOOKUP($B13,$R$3:$X$9,6,FALSE) -> 0.22569444 | X13: =VLOOKUP($B13,$R$3:$X$9,7,FALSE) -> 0.26388889 | Y13: =VLOOKUP($B13,$R$3:$Z$9,8,FALSE) -> 0 | Z13: =VLOOKUP($B13,$R$3:$Z$9,9,FALSE) -> 60
B14: STAG | C14: =[4]Brewhouse!$A401 -> ST342 | D14: =[4]Brewhouse!$AB401 -> 53.1 | E14: =[4]Brewhouse!$AG401 -> 49.7 | F14: =[4]Brewhouse!$V401 -> 59 | G14: =[4]Brewhouse!$AE401 -> 12 | H14: 12 | I14: =[4]Brewhouse!$AS401 -> 100.05446 | J14: =[4]Brewhouse!$AT401 -> 100.79899 | K14: =[4]Brewhouse!$Q401 -> 10.122411 | L14: =[4]Brewhouse!$P401 -> 63 | M14: =[4]Brewhouse!$U401-[4]Brewhouse!$T401 -> 0.11458333 | N14: =[4]Brewhouse!$AW401 -> 0.25902778 | O14: =[4]Brewhouse!$AV401 -> D.Gomaz | R14: =B14 -> STAG | S14: =VLOOKUP($B14,$R$3:$X$9,2,FALSE) -> 11.6 | T14: =VLOOKUP($B14,$R$3:$X$9,3,FALSE) -> 12 | U14: =VLOOKUP($B14,$R$3:$X$9,4,FALSE) -> 0 | V14: =VLOOKUP($B14,$R$3:$X$9,5,FALSE) -> 0.11805556 | W14: =VLOOKUP($B14,$R$3:$X$9,6,FALSE) -> 0.22569444 | X14: =VLOOKUP($B14,$R$3:$X$9,7,FALSE) -> 0.26388889 | Y14: =VLOOKUP($B14,$R$3:$Z$9,8,FALSE) -> 0 | Z14: =VLOOKUP($B14,$R$3:$Z$9,9,FALSE) -> 60
B15: STAG | C15: =[4]Brewhouse!$A402 -> ST343 | D15: =[4]Brewhouse!$AB402 -> 53.1 | E15: =[4]Brewhouse!$AG402 -> 49.2 | F15: =[4]Brewhouse!$V402 -> 60 | G15: =[4]Brewhouse!$AE402 -> 11.7 | H15: 11.8 | I15: =[4]Brewhouse!$AS402 -> 97.299515 | J15: =[4]Brewhouse!$AT402 -> 98.021865 | K15: =[4]Brewhouse!$Q402 -> 9.5574388 | L15: =[4]Brewhouse!$P402 -> 58 | M15: =[4]Brewhouse!$U402-[4]Brewhouse!$T402 -> 0.10972222 | N15: =[4]Brewhouse!$AW402 -> 0.26111111 | O15: =[4]Brewhouse!$AV402 -> R.Sookram | R15: =B15 -> STAG | S15: =VLOOKUP($B15,$R$3:$X$9,2,FALSE) -> 11.6 | T15: =VLOOKUP($B15,$R$3:$X$9,3,FALSE) -> 12 | U15: =VLOOKUP($B15,$R$3:$X$9,4,FALSE) -> 0 | V15: =VLOOKUP($B15,$R$3:$X$9,5,FALSE) -> 0.11805556 | W15: =VLOOKUP($B15,$R$3:$X$9,6,FALSE) -> 0.22569444 | X15: =VLOOKUP($B15,$R$3:$X$9,7,FALSE) -> 0.26388889 | Y15: =VLOOKUP($B15,$R$3:$Z$9,8,FALSE) -> 0 | Z15: =VLOOKUP($B15,$R$3:$Z$9,9,FALSE) -> 60
B16: STAG | C16: =[4]Brewhouse!$A403 -> ST344 | D16: =[4]Brewhouse!$AB403 -> 53.1 | E16: =[4]Brewhouse!$AG403 -> 49.1 | F16: =[4]Brewhouse!$V403 -> 57 | G16: =[4]Brewhouse!$AE403 -> 11.7 | H16: 12.1 | I16: =[4]Brewhouse!$AS403 -> 96.734651 | J16: =[4]Brewhouse!$AT403 -> 97.453527 | K16: =[4]Brewhouse!$Q403 -> 10.310734 | L16: =[4]Brewhouse!$P403 -> 58 | M16: =[4]Brewhouse!$U403-[4]Brewhouse!$T403 -> 0.12152778 | N16: =[4]Brewhouse!$AW403 -> 0.27847222 | O16: =[4]Brewhouse!$AV403 -> R.Sookram | R16: =B16 -> STAG | S16: =VLOOKUP($B16,$R$3:$X$9,2,FALSE) -> 11.6 | T16: =VLOOKUP($B16,$R$3:$X$9,3,FALSE) -> 12 | U16: =VLOOKUP($B16,$R$3:$X$9,4,FALSE) -> 0 | V16: =VLOOKUP($B16,$R$3:$X$9,5,FALSE) -> 0.11805556 | W16: =VLOOKUP($B16,$R$3:$X$9,6,FALSE) -> 0.22569444 | X16: =VLOOKUP($B16,$R$3:$X$9,7,FALSE) -> 0.26388889 | Y16: =VLOOKUP($B16,$R$3:$Z$9,8,FALSE) -> 0 | Z16: =VLOOKUP($B16,$R$3:$Z$9,9,FALSE) -> 60
R17: =B17 -> 0 | S17: =VLOOKUP($B17,$R$3:$X$9,2,FALSE) -> #N/A | T17: =VLOOKUP($B17,$R$3:$X$9,3,FALSE) -> #N/A | U17: =VLOOKUP($B17,$R$3:$X$9,4,FALSE) -> #N/A | V17: =VLOOKUP($B17,$R$3:$X$9,5,FALSE) -> #N/A | W17: =VLOOKUP($B17,$R$3:$X$9,6,FALSE) -> #N/A | X17: =VLOOKUP($B17,$R$3:$X$9,7,FALSE) -> #N/A | Y17: =VLOOKUP($B17,$R$3:$Z$9,8,FALSE) -> #N/A | Z17: =VLOOKUP($B17,$R$3:$Z$9,9,FALSE) -> #N/A
R18: =B18 -> 0 | S18: =VLOOKUP($B18,$R$3:$X$9,2,FALSE) -> #N/A | T18: =VLOOKUP($B18,$R$3:$X$9,3,FALSE) -> #N/A | U18: =VLOOKUP($B18,$R$3:$X$9,4,FALSE) -> #N/A | V18: =VLOOKUP($B18,$R$3:$X$9,5,FALSE) -> #N/A | W18: =VLOOKUP($B18,$R$3:$X$9,6,FALSE) -> #N/A | X18: =VLOOKUP($B18,$R$3:$X$9,7,FALSE) -> #N/A | Y18: =VLOOKUP($B18,$R$3:$Z$9,8,FALSE) -> #N/A | Z18: =VLOOKUP($B18,$R$3:$Z$9,9,FALSE) -> #N/A
R19: =B19 -> 0 | S19: =VLOOKUP($B19,$R$3:$X$9,2,FALSE) -> #N/A | T19: =VLOOKUP($B19,$R$3:$X$9,3,FALSE) -> #N/A | U19: =VLOOKUP($B19,$R$3:$X$9,4,FALSE) -> #N/A | V19: =VLOOKUP($B19,$R$3:$X$9,5,FALSE) -> #N/A | W19: =VLOOKUP($B19,$R$3:$X$9,6,FALSE) -> #N/A | X19: =VLOOKUP($B19,$R$3:$X$9,7,FALSE) -> #N/A | Y19: =VLOOKUP($B19,$R$3:$Z$9,8,FALSE) -> #N/A | Z19: =VLOOKUP($B19,$R$3:$Z$9,9,FALSE) -> #N/A
R20: =B20 -> 0 | S20: =VLOOKUP($B20,$R$3:$X$9,2,FALSE) -> #N/A | T20: =VLOOKUP($B20,$R$3:$X$9,3,FALSE) -> #N/A | U20: =VLOOKUP($B20,$R$3:$X$9,4,FALSE) -> #N/A | V20: =VLOOKUP($B20,$R$3:$X$9,5,FALSE) -> #N/A | W20: =VLOOKUP($B20,$R$3:$X$9,6,FALSE) -> #N/A | X20: =VLOOKUP($B20,$R$3:$X$9,7,FALSE) -> #N/A | Y20: =VLOOKUP($B20,$R$3:$Z$9,8,FALSE) -> #N/A | Z20: =VLOOKUP($B20,$R$3:$Z$9,9,FALSE) -> #N/A
R21: =B21 -> 0 | S21: =VLOOKUP($B21,$R$3:$X$9,2,FALSE) -> #N/A | T21: =VLOOKUP($B21,$R$3:$X$9,3,FALSE) -> #N/A | U21: =VLOOKUP($B21,$R$3:$X$9,4,FALSE) -> #N/A | V21: =VLOOKUP($B21,$R$3:$X$9,5,FALSE) -> #N/A | W21: =VLOOKUP($B21,$R$3:$X$9,6,FALSE) -> #N/A | X21: =VLOOKUP($B21,$R$3:$X$9,7,FALSE) -> #N/A | Y21: =VLOOKUP($B21,$R$3:$Z$9,8,FALSE) -> #N/A | Z21: =VLOOKUP($B21,$R$3:$Z$9,9,FALSE) -> #N/A
B22: BRAND | D22: BBT P.G./ O.G | I22: Brand | K22: MTD No. of Brews | L22: MTD | M22: YTD | N22: Target | R22: =B22 -> BRAND | S22: =VLOOKUP($B22,$R$3:$X$9,2,FALSE) -> #N/A | T22: =VLOOKUP($B22,$R$3:$X$9,3,FALSE) -> #N/A | U22: =VLOOKUP($B22,$R$3:$X$9,4,FALSE) -> #N/A | V22: =VLOOKUP($B22,$R$3:$X$9,5,FALSE) -> #N/A | W22: =VLOOKUP($B22,$R$3:$X$9,6,FALSE) -> #N/A | X22: =VLOOKUP($B22,$R$3:$X$9,7,FALSE) -> #N/A | Y22: =VLOOKUP($B22,$R$3:$Z$9,8,FALSE) -> #N/A | Z22: =VLOOKUP($B22,$R$3:$Z$9,9,FALSE) -> #N/A
I23: CARIB | K23: =COUNTA([3]Brewhouse!$A$789:$A$808) -> 20 | L23: =AVERAGE([3]Brewhouse!$AU$789:$AU$808) -> 97.589416 | M23: =AVERAGE([3]Brewhouse!$AU$42:$AU$123,[3]Brewhouse!$AU$125:$AU$188,[3]Brewhouse!$AU$198:$AU$290,[3]Brewhouse!$AU$292:$AU$370,[3]Brewhouse!$AU$372:$AU$439,[3]Brewhouse!$AU$441:$AU$497,[3]Brewhouse!$AU$499:$AU$519,[3]Brewhouse!$AU$521:$AU$593,[3]Brewhouse!$AU$595:$AU$694,[3]Brewhouse!$AU$696:$AU$787,[3]Brewhouse!$AU$789:$AU$808) -> 98.31155 | N23: 98 | R23: =B23 -> 0 | S23: =VLOOKUP($B23,$R$3:$X$9,2,FALSE) -> #N/A | T23: =VLOOKUP($B23,$R$3:$X$9,3,FALSE) -> #N/A | U23: =VLOOKUP($B23,$R$3:$X$9,4,FALSE) -> #N/A | V23: =VLOOKUP($B23,$R$3:$X$9,5,FALSE) -> #N/A | W23: =VLOOKUP($B23,$R$3:$X$9,6,FALSE) -> #N/A | X23: =VLOOKUP($B23,$R$3:$X$9,7,FALSE) -> #N/A | Y23: =VLOOKUP($B23,$R$3:$Z$9,8,FALSE) -> #N/A | Z23: =VLOOKUP($B23,$R$3:$Z$9,9,FALSE) -> #N/A
I24: STAG | J24: =AVERAGE(I10:I16) -> 97.833928 | K24: =COUNTA([4]Brewhouse!$A$390:$A$403) -> 14 | L24: =AVERAGE([4]Brewhouse!$AS$390:$AS$403) -> 97.848443 | M24: =AVERAGE([4]Brewhouse!$AS$52:$AS$81,[4]Brewhouse!$AS$83:$AS$124,[4]Brewhouse!$AS$134:$AS$177,[4]Brewhouse!$AS$22:$AS$179,[4]Brewhouse!$AS$214:$AS$249,[4]Brewhouse!$AS$252:$AS$293,[4]Brewhouse!$AS$295:$AS$325,[4]Brewhouse!$AS$327:$AS$361,[4]Brewhouse!$AS$363:$AS$388,[4]Brewhouse!$AS$390:$AS$403) -> 98.293827 | N24: 98 | R24: =B24 -> 0 | S24: =VLOOKUP($B24,$R$3:$X$9,2,FALSE) -> #N/A | T24: =VLOOKUP($B24,$R$3:$X$9,3,FALSE) -> #N/A | U24: =VLOOKUP($B24,$R$3:$X$9,4,FALSE) -> #N/A | V24: =VLOOKUP($B24,$R$3:$X$9,5,FALSE) -> #N/A | W24: =VLOOKUP($B24,$R$3:$X$9,6,FALSE) -> #N/A | X24: =VLOOKUP($B24,$R$3:$X$9,7,FALSE) -> #N/A | Y24: =VLOOKUP($B24,$R$3:$Z$9,8,FALSE) -> #N/A | Z24: =VLOOKUP($B24,$R$3:$Z$9,9,FALSE) -> #N/A
I25: GUINNESS | M25: =AVERAGE([5]Brewhouse!$AU$16:$AU$23,[5]Brewhouse!$AU$25:$AU$32,[5]Brewhouse!$AU$34:$AU$41,[5]Brewhouse!$AU$43:$AU$60,[5]Brewhouse!$AU$62:$AU$69,[5]Brewhouse!$AU$71:$AU$88,[5]Brewhouse!$AU$90:$AU$97,[5]Brewhouse!$AU$99:$AU$106) -> 96.498356 | N25: 98 | R25: =B25 -> 0 | S25: =VLOOKUP($B25,$R$3:$X$9,2,FALSE) -> #N/A | T25: =VLOOKUP($B25,$R$3:$X$9,3,FALSE) -> #N/A | U25: =VLOOKUP($B25,$R$3:$X$9,4,FALSE) -> #N/A | V25: =VLOOKUP($B25,$R$3:$X$9,5,FALSE) -> #N/A | W25: =VLOOKUP($B25,$R$3:$X$9,6,FALSE) -> #N/A | X25: =VLOOKUP($B25,$R$3:$X$9,7,FALSE) -> #N/A | Y25: =VLOOKUP($B25,$R$3:$Z$9,8,FALSE) -> #N/A | Z25: =VLOOKUP($B25,$R$3:$Z$9,9,FALSE) -> #N/A
I26: VITAMALT | M26: =AVERAGE([6]Brewhouse!$AV$23:$AV$34,[6]Brewhouse!$AV$36,[6]Brewhouse!$AV$38:$AV$52,[6]Brewhouse!$AV$54:$AV$60,[6]Brewhouse!$AV$62:$AV$69,[6]Brewhouse!$AV$71:$AV$78,[6]Brewhouse!$AV$80:$AV$87,[6]Brewhouse!$AV$89:$AV$96,[6]Brewhouse!$AV$98:$AV$105) -> 97.566635 | N26: 98 | R26: =B26 -> 0 | S26: =VLOOKUP($B26,$R$3:$X$9,2,FALSE) -> #N/A | T26: =VLOOKUP($B26,$R$3:$X$9,3,FALSE) -> #N/A | U26: =VLOOKUP($B26,$R$3:$X$9,4,FALSE) -> #N/A | V26: =VLOOKUP($B26,$R$3:$X$9,5,FALSE) -> #N/A | W26: =VLOOKUP($B26,$R$3:$X$9,6,FALSE) -> #N/A | X26: =VLOOKUP($B26,$R$3:$X$9,7,FALSE) -> #N/A | Y26: =VLOOKUP($B26,$R$3:$Z$9,8,FALSE) -> #N/A | Z26: =VLOOKUP($B26,$R$3:$Z$9,9,FALSE) -> #N/A
I27: MAXIMALT | N27: 98 | R27: =B27 -> 0 | S27: =VLOOKUP($B27,$R$3:$X$9,2,FALSE) -> #N/A | T27: =VLOOKUP($B27,$R$3:$X$9,3,FALSE) -> #N/A | U27: =VLOOKUP($B27,$R$3:$X$9,4,FALSE) -> #N/A | V27: =VLOOKUP($B27,$R$3:$X$9,5,FALSE) -> #N/A | W27: =VLOOKUP($B27,$R$3:$X$9,6,FALSE) -> #N/A | X27: =VLOOKUP($B27,$R$3:$X$9,7,FALSE) -> #N/A | Y27: =VLOOKUP($B27,$R$3:$Z$9,8,FALSE) -> #N/A | Z27: =VLOOKUP($B27,$R$3:$Z$9,9,FALSE) -> #N/A
I28: MACKESON | M28: =AVERAGE([7]Brewhouse!$AT$4:$AT$11,[7]Brewhouse!$AT$13:$AT$16,[7]Brewhouse!$AT$18:$AT$30) -> 93.222628 | N28: 98 | R28: =B28 -> 0 | S28: =VLOOKUP($B28,$R$3:$X$9,2,FALSE) -> #N/A | T28: =VLOOKUP($B28,$R$3:$X$9,3,FALSE) -> #N/A | U28: =VLOOKUP($B28,$R$3:$X$9,4,FALSE) -> #N/A | V28: =VLOOKUP($B28,$R$3:$X$9,5,FALSE) -> #N/A | W28: =VLOOKUP($B28,$R$3:$X$9,6,FALSE) -> #N/A | X28: =VLOOKUP($B28,$R$3:$X$9,7,FALSE) -> #N/A | Y28: =VLOOKUP($B28,$R$3:$Z$9,8,FALSE) -> #N/A | Z28: =VLOOKUP($B28,$R$3:$Z$9,9,FALSE) -> #N/A
I29: STARMALT | M29: =AVERAGE([8]Brewhouse!$AY$5:$AY$14,[8]Brewhouse!$AY$16:$AY$23,[8]Brewhouse!$AY$42,[8]Brewhouse!$AY$44:$AY$51,[8]Brewhouse!$AY$53:$AY$64,[8]Brewhouse!$AY$66:$AY$73,[8]Brewhouse!$AY$75:$AY$82,[8]Brewhouse!$AY$84:$AY$101,[8]Brewhouse!$AY$103:$AY$110) -> 97.792958 | N29: 98 | R29: =B29 -> 0 | S29: =VLOOKUP($B29,$R$3:$X$9,2,FALSE) -> #N/A | T29: =VLOOKUP($B29,$R$3:$X$9,3,FALSE) -> #N/A | U29: =VLOOKUP($B29,$R$3:$X$9,4,FALSE) -> #N/A | V29: =VLOOKUP($B29,$R$3:$X$9,5,FALSE) -> #N/A | W29: =VLOOKUP($B29,$R$3:$X$9,6,FALSE) -> #N/A | X29: =VLOOKUP($B29,$R$3:$X$9,7,FALSE) -> #N/A | Y29: =VLOOKUP($B29,$R$3:$Z$9,8,FALSE) -> #N/A | Z29: =VLOOKUP($B29,$R$3:$Z$9,9,FALSE) -> #N/A
I30: HR- Pils | N30: 98 | R30: =B30 -> 0 | S30: =VLOOKUP($B30,$R$3:$X$9,2,FALSE) -> #N/A | T30: =VLOOKUP($B30,$R$3:$X$9,3,FALSE) -> #N/A | U30: =VLOOKUP($B30,$R$3:$X$9,4,FALSE) -> #N/A | V30: =VLOOKUP($B30,$R$3:$X$9,5,FALSE) -> #N/A | W30: =VLOOKUP($B30,$R$3:$X$9,6,FALSE) -> #N/A | X30: =VLOOKUP($B30,$R$3:$X$9,7,FALSE) -> #N/A | Y30: =VLOOKUP($B30,$R$3:$Z$9,8,FALSE) -> #N/A | Z30: =VLOOKUP($B30,$R$3:$Z$9,9,FALSE) -> #N/A
I31: HR- IPA | N31: 98 | R31: =B31 -> 0 | S31: =VLOOKUP($B31,$R$3:$X$9,2,FALSE) -> #N/A | T31: =VLOOKUP($B31,$R$3:$X$9,3,FALSE) -> #N/A | U31: =VLOOKUP($B31,$R$3:$X$9,4,FALSE) -> #N/A | V31: =VLOOKUP($B31,$R$3:$X$9,5,FALSE) -> #N/A | W31: =VLOOKUP($B31,$R$3:$X$9,6,FALSE) -> #N/A | X31: =VLOOKUP($B31,$R$3:$X$9,7,FALSE) -> #N/A | Y31: =VLOOKUP($B31,$R$3:$Z$9,8,FALSE) -> #N/A | Z31: =VLOOKUP($B31,$R$3:$Z$9,9,FALSE) -> #N/A
I32: HR- APA | N32: 98 | R32: =B32 -> 0 | S32: =VLOOKUP($B32,$R$3:$X$9,2,FALSE) -> #N/A | T32: =VLOOKUP($B32,$R$3:$X$9,3,FALSE) -> #N/A | U32: =VLOOKUP($B32,$R$3:$X$9,4,FALSE) -> #N/A | V32: =VLOOKUP($B32,$R$3:$X$9,5,FALSE) -> #N/A | W32: =VLOOKUP($B32,$R$3:$X$9,6,FALSE) -> #N/A | X32: =VLOOKUP($B32,$R$3:$X$9,7,FALSE) -> #N/A | Y32: =VLOOKUP($B32,$R$3:$Z$9,8,FALSE) -> #N/A | Z32: =VLOOKUP($B32,$R$3:$Z$9,9,FALSE) -> #N/A
K33: =SUM(K23:K32) -> 34 | L33: =((L23*K23)+(L24*K24)+(L25*K25)+(L26*K26)+(L27*K27)+(K30*L30)+(L28*K28)+(L29*K29)+(L32*K32))/(K33) -> 97.696074 | M33: =AVERAGE('[9]Jan30th-31st'!$L$42,'[10]Feb 27th-28th'!$L$45,'[11]Mar 31st'!$L$42,'[12]Apr 30th'!$L$41,'[13]May 29th '!$L$35,'[14]June 30th'!$L$32,[15]July31st!$L$36,'[16]Aug 31st'!$L$32,L33) -> 97.947486 | N33: 98 | R33: =B33 -> 0 | S33: =VLOOKUP($B33,$R$3:$X$9,2,FALSE) -> #N/A | T33: =VLOOKUP($B33,$R$3:$X$9,3,FALSE) -> #N/A | U33: =VLOOKUP($B33,$R$3:$X$9,4,FALSE) -> #N/A | V33: =VLOOKUP($B33,$R$3:$X$9,5,FALSE) -> #N/A | W33: =VLOOKUP($B33,$R$3:$X$9,6,FALSE) -> #N/A | X33: =VLOOKUP($B33,$R$3:$X$9,7,FALSE) -> #N/A | Y33: =VLOOKUP($B33,$R$3:$Z$9,8,FALSE) -> #N/A | Z33: =VLOOKUP($B33,$R$3:$Z$9,9,FALSE) -> #N/A
R34: =B34 -> 0 | S34: =VLOOKUP($B34,$R$3:$X$9,2,FALSE) -> #N/A | T34: =VLOOKUP($B34,$R$3:$X$9,3,FALSE) -> #N/A | U34: =VLOOKUP($B34,$R$3:$X$9,4,FALSE) -> #N/A | V34: =VLOOKUP($B34,$R$3:$X$9,5,FALSE) -> #N/A | W34: =VLOOKUP($B34,$R$3:$X$9,6,FALSE) -> #N/A | X34: =VLOOKUP($B34,$R$3:$X$9,7,FALSE) -> #N/A | Y34: =VLOOKUP($B34,$R$3:$Z$9,8,FALSE) -> #N/A | Z34: =VLOOKUP($B34,$R$3:$Z$9,9,FALSE) -> #N/A
J35: Daily Brewing Plan
J36: Brand | L36: Average Brews per day
J37: CARIB | L37: MTD | M37: YTD | N37: TARGET
J38: STAG | K38: 7 | L38: =AVERAGE('Oct 1st'!K52,'Oct 2nd'!K44,'Oct 5th'!K51,'Oct 6th'!K58,K47) -> 6.8 | M38: =AVERAGE('[9]Jan30th-31st'!$L$47,L38,'[10]Feb 26th '!$L$39,'[11]Mar 31st'!$L$47,'[12]Apr 30th'!$L$46,'[13]May 29th '!$L$40,'[14]June 30th'!$L$39,[15]July31st!$L$41,'[16]Aug 31st'!$L$37,'[18]Sept 30th'!$L$37) -> 6.5535341 | N38: 9.2
J39: GUINN
J40: VITAMALT
J41: STARMALT
J42: MACKESON
J43: HURRICANE REEF- IPA
J44: HURRICANE REEF- APA
B45: AVERAGE | J45: HR- PILSNER
J46: CARIBE
J47: Total | K47: =SUM(K37:K46) -> 7
B48: Process: | C48: Fermentation/Filtration
B50: Brand | C50: Filt. Date | D50: FV Hls | E50: GFE/ Prim/ Vita Blend (Hls) | F50: SV Hls | G50: BBT Hls | H50: Loss (%) Ferm | I50: Loss (%) Filt | J50: Comments | K50: Throughput | L50: Process Loss (%) | M50: Filt. Operator
AB51: 43474 | AC51: 43475 | AD51: 43476 | AE51: 43477 | AF51: 43478 | AG51: 43479 | AH51: 43480 | AI51: 43481 | AJ51: 43482 | AK51: 43483 | AL51: 43484 | AM51: 43485 | AN51: 43486 | AO51: 43487 | AP51: 43488 | AQ51: 43489 | AR51: 43490 | AS51: 43491 | AT51: 43492 | AU51: 43493 | AV51: 43494 | AW51: 43495 | AX51: 43496
B52: =J37 -> CARIB | C52: 46302 | D52: =[19]October_2026!$J$3 -> 102.7 | G52: =[19]October_2026!$J$7 -> 96.8 | J52: NO BREAK | K52: =[20]October_2026!$J$18 -> 0.33964912 | L52: =(((D52+E52)-G52)/(D52+E52))*100 -> 5.744888 | M52: J. Nelson | AB52: =[21]January_2019!L5 -> 0 | AC52: =[21]January_2019!M5 -> 0 | AD52: =[21]January_2019!N5 -> 0 | AE52: =[21]January_2019!O5 -> 0 | AF52: =[21]January_2019!P5 -> 0 | AG52: =[21]January_2019!Q5 -> 0 | AH52: =[21]January_2019!R5 -> 0 | AI52: =[21]January_2019!S5 -> 0 | ... AX52: =[21]January_2019!AH5 -> 0
AB53: =[21]January_2019!L6 -> 0 | AC53: =[21]January_2019!M6 -> 0 | AD53: =[21]January_2019!N6 -> 0 | AE53: =[21]January_2019!O6 -> 0 | AF53: =[21]January_2019!P6 -> 0 | AG53: =[21]January_2019!Q6 -> 0 | AH53: =[21]January_2019!R6 -> 0 | AI53: =[21]January_2019!S6 -> 0 | ... AX53: =[21]January_2019!AH6 -> 0
B54: =J37 -> CARIB | C54: 46301 | J54: NO BREAK | L54: =(((D54+E54)-G54)/(D54+E54))*100 -> #DIV/0! | AB54: =[21]January_2019!L7 -> 285.8 | AC54: =[21]January_2019!M7 -> 508.1 | AD54: =[21]January_2019!N7 -> 0 | AE54: =[21]January_2019!O7 -> 0 | AF54: =[21]January_2019!P7 -> 109.56667 | AG54: =[21]January_2019!Q7 -> 297.65 | AH54: =[21]January_2019!R7 -> 122.3 | AI54: =[21]January_2019!S7 -> 0 | ... AX54: =[21]January_2019!AH7 -> 0
B63: Process Loss (Volume) | G63: Process Loss (Extract) | K63: Throughput
B64: Brand | C64: Actual | D64: MTD | E64: YTD | F64: Target | G64: Actual | H64: MTD | I64: YTD | J64: Target | K64: Actual | L64: MTD | M64: YTD | N64: Target
B65: CARIB | C65: =L52 -> 5.744888 | D65: 5.2478618 | E65: 6.3923476 | F65: 4.8 | G65: =[19]October_2026!$J$11 -> 6.1252557 | H65: 5.9632753 | I65: 6.5069923 | J65: 4.8 | K65: =AVERAGE(K52) -> 0.33964912 | L65: 0.73442105 | M65: 0.5479926 | N65: 1
B66: STAG | E66: 6.0345294 | F66: 4.8 | I66: 5.9275659 | J66: 4.8 | M66: 0.68249291 | N66: 1
B67: GUINN | E67: 10.890215 | F67: 5.5 | I67: 11.797659 | J67: 5.5 | M67: 0.3537019 | N67: 1
B68: VITAMALT | D68: 2.6160971 | E68: 4.6053599 | F68: 3.3 | H68: 4.0562064 | I68: 4.7835858 | J68: 3.3 | L68: 1.3649123 | M68: 0.83244019 | N68: 1
B69: APA | F69: 3.3 | J69: 3 | N69: 1
B70: MACKESON | E70: 6.3233966 | F70: 5.5 | I70: 7.9667553 | J70: 5.5 | M70: 0.58836257 | N70: 1
B71: STARMALT | E71: 3.9973372 | F71: 3.3 | I71: 5.1096184 | J71: 3.3 | M71: 0.8905713 | N71: 1
B72: IPA | F72: 7.5 | J72: 7.5 | N72: 1
B73: HURRICANE REEF PILS | F73: 4.8 | J73: 4.8 | N73: 1
D74: 4.5923617 | E74: 6.3183993 | F74: 5.5 | H74: 5.3491958 | I74: 6.6205341 | J74: 5.5 | L74: 0.83950292 | M74: 0.60307141 | N74: 1

Sheet Oct 8th 
S1: P.G. | U1: Hot Time | W1: Process Time | Y1: Cooling Time
B2: Brewing Department Daily Process Loss Report | S2: Lower | T2: Upper | U2: Lower | V2: Upper | W2: Lower | X2: Upper | Y2: Lower | Z2: Upper
R3: CARIB | S3: 11.6 | T3: 12 | U3: 0 | V3: 0.11805556 | W3: 0.22569444 | X3: 0.26388889 | Y3: 0 | Z3: 60 | AB3: HR- PISNER
B4: Date: | C4: 46304 | J4: LOT WORT COLOUR: 3.4 | M4: Filter Sheets (Target 20 days) | R4: STAG | S4: 11.6 | T4: 12 | U4: 0 | V4: 0.11805556 | W4: 0.22569444 | X4: 0.26388889 | Y4: 0 | Z4: 60
M5: Double | N5: Single | R5: GUINNESS | S5: 17 | T5: 17.5 | U5: 0 | V5: 0.10763889 | W5: 0.24652778 | X5: 0.28472222 | Y5: 0 | Z5: 60
J6: MALT LOT: Lot #15 | L6: Sheet Day | R6: MACKESON | S6: 13.3 | T6: 13.5 | U6: 0 | V6: 0.12905093 | W6: 0.27430556 | X6: 0.30208333 | Y6: 0
R7: STARMALT | S7: 17 | T7: 17.4 | U7: 0 | V7: 0.13605324 | W7: 0.27430556 | X7: 0.30902778 | Y7: 0 | Z7: 85
B8: Brand | C8: Brew no. | D8: Kett. Hls | E8: Wort | F8: Cool Time(Mins) | G8: Cast. P.G. (Lab Result) | H8: Cast P.G. (Cellar Operator)-gravity | I8: Extr. Rec (78%) | J8: Theor. Extr. (77.5%) | K8: Boil Off /Vol. (4-6%) | L8: Boil Time | M8: Total Hot | N8: Brewing Time | O8: Operator | R8: Hurricane Reef | S8: 16.6 | T8: 17 | U8: 0 | V8: 0.12905093 | W8: 0.27430556 | X8: 0.30208333 | Y8: 0
E9: Meter (Hls) | F9: Target(< 60Mins) | M9: Time | R9: VITAMALT | S9: 14.2 | T9: 14.6 | U9: 0 | V9: 0.13905093 | W9: 0.26041667 | X9: 0.29513889 | Y9: 0 | Z9: 75
B10: STAG | C10: =[4]Brewhouse!$A404 -> ST345 | D10: =[4]Brewhouse!$AB404 -> 53.1 | E10: =[4]Brewhouse!$AG404 -> 49 | F10: =[4]Brewhouse!$V404 -> 59 | G10: =[4]Brewhouse!$AE404 -> 11.9 | H10: 11.9 | I10: =[4]Brewhouse!$AS404 -> 97.904074 | J10: =[4]Brewhouse!$AT404 -> 98.632363 | K10: =[4]Brewhouse!$Q404 -> 10.122411 | L10: =[4]Brewhouse!$P404 -> 60 | M10: =[4]Brewhouse!$U404-[4]Brewhouse!$T404 -> 0.11458333 | N10: =[4]Brewhouse!$AW404 -> 0.26041667 | O10: =[4]Brewhouse!$AV404 -> K. Benjamin | R10: =B10 -> STAG | S10: =VLOOKUP($B10,$R$3:$X$9,2,FALSE) -> 11.6 | T10: =VLOOKUP($B10,$R$3:$X$9,3,FALSE) -> 12 | U10: =VLOOKUP($B10,$R$3:$X$9,4,FALSE) -> 0 | V10: =VLOOKUP($B10,$R$3:$X$9,5,FALSE) -> 0.11805556 | W10: =VLOOKUP($B10,$R$3:$X$9,6,FALSE) -> 0.22569444 | X10: =VLOOKUP($B10,$R$3:$X$9,7,FALSE) -> 0.26388889 | Y10: =VLOOKUP($B10,$R$3:$Z$9,8,FALSE) -> 0 | Z10: =VLOOKUP($B10,$R$3:$Z$9,9,FALSE) -> 60
B11: STAG | C11: =[4]Brewhouse!$A405 -> ST346 | D11: =[4]Brewhouse!$AB405 -> 53.1 | E11: =[4]Brewhouse!$AG405 -> 50.1 | F11: =[4]Brewhouse!$V405 -> 59 | G11: =[4]Brewhouse!$AE405 -> 11.7 | H11: 11.8 | I11: =[4]Brewhouse!$AS405 -> 97.964086 | J11: =[4]Brewhouse!$AT405 -> 98.693538 | K11: =[4]Brewhouse!$Q405 -> 8.6158192 | L11: =[4]Brewhouse!$P405 -> 60 | M11: =[4]Brewhouse!$U405-[4]Brewhouse!$T405 -> 0.11180556 | N11: =[4]Brewhouse!$AW405 -> 0.25625 | O11: =[4]Brewhouse!$AV405 -> D.Gomaz | R11: =B11 -> STAG | S11: =VLOOKUP($B11,$R$3:$X$9,2,FALSE) -> 11.6 | T11: =VLOOKUP($B11,$R$3:$X$9,3,FALSE) -> 12 | U11: =VLOOKUP($B11,$R$3:$X$9,4,FALSE) -> 0 | V11: =VLOOKUP($B11,$R$3:$X$9,5,FALSE) -> 0.11805556 | W11: =VLOOKUP($B11,$R$3:$X$9,6,FALSE) -> 0.22569444 | X11: =VLOOKUP($B11,$R$3:$X$9,7,FALSE) -> 0.26388889 | Y11: =VLOOKUP($B11,$R$3:$Z$9,8,FALSE) -> 0 | Z11: =VLOOKUP($B11,$R$3:$Z$9,9,FALSE) -> 60
R12: =B12 -> 0 | S12: =VLOOKUP($B12,$R$3:$X$9,2,FALSE) -> #N/A | T12: =VLOOKUP($B12,$R$3:$X$9,3,FALSE) -> #N/A | U12: =VLOOKUP($B12,$R$3:$X$9,4,FALSE) -> #N/A | V12: =VLOOKUP($B12,$R$3:$X$9,5,FALSE) -> #N/A | W12: =VLOOKUP($B12,$R$3:$X$9,6,FALSE) -> #N/A | X12: =VLOOKUP($B12,$R$3:$X$9,7,FALSE) -> #N/A | Y12: =VLOOKUP($B12,$R$3:$Z$9,8,FALSE) -> #N/A | Z12: =VLOOKUP($B12,$R$3:$Z$9,9,FALSE) -> #N/A
B13: CARIB | C13: =[3]Brewhouse!$A809 -> CA759 | D13: =[3]Brewhouse!$AF809 -> 48.4 | E13: =[3]Brewhouse!$AI809 -> 48.6 | F13: =[3]Brewhouse!$V809 -> 59 | G13: =[3]Brewhouse!AG809 -> 11.7 | H13: 11.7 | I13: =[3]Brewhouse!$AU809 -> 94.23651 | J13: =[3]Brewhouse!$AV809 -> 95.077116 | K13: =[3]Brewhouse!$Q809 -> 13.160813 | L13: =[3]Brewhouse!$P809 -> 60 | M13: =[3]Brewhouse!$U809-[3]Brewhouse!$T809 -> 0.11944444 | N13: =[3]Brewhouse!$Z809 -> 0.25347222 | O13: =[3]Brewhouse!$AX809 -> D. Gomaz | R13: =B13 -> CARIB | S13: =VLOOKUP($B13,$R$3:$X$9,2,FALSE) -> 11.6 | T13: =VLOOKUP($B13,$R$3:$X$9,3,FALSE) -> 12 | U13: =VLOOKUP($B13,$R$3:$X$9,4,FALSE) -> 0 | V13: =VLOOKUP($B13,$R$3:$X$9,5,FALSE) -> 0.11805556 | W13: =VLOOKUP($B13,$R$3:$X$9,6,FALSE) -> 0.22569444 | X13: =VLOOKUP($B13,$R$3:$X$9,7,FALSE) -> 0.26388889 | Y13: =VLOOKUP($B13,$R$3:$Z$9,8,FALSE) -> 0 | Z13: =VLOOKUP($B13,$R$3:$Z$9,9,FALSE) -> 60
B14: CARIB | C14: =[3]Brewhouse!$A810 -> CA760 | D14: =[3]Brewhouse!$AF810 -> 48.3 | E14: =[3]Brewhouse!$AI810 -> 48.9 | F14: =[3]Brewhouse!$V810 -> 57 | G14: =[3]Brewhouse!AG810 -> 12 | H14: 12 | I14: =[3]Brewhouse!$AU810 -> 97.015702 | J14: =[3]Brewhouse!$AV810 -> 97.881269 | K14: =[3]Brewhouse!$Q810 -> 12.051756 | L14: =[3]Brewhouse!$P810 -> 60 | M14: =[3]Brewhouse!$U810-[3]Brewhouse!$T810 -> 0.10625 | N14: =[3]Brewhouse!$Z810 -> 0.25694444 | O14: =[3]Brewhouse!$AX810 -> D. Gomaz | R14: =B14 -> CARIB | S14: =VLOOKUP($B14,$R$3:$X$9,2,FALSE) -> 11.6 | T14: =VLOOKUP($B14,$R$3:$X$9,3,FALSE) -> 12 | U14: =VLOOKUP($B14,$R$3:$X$9,4,FALSE) -> 0 | V14: =VLOOKUP($B14,$R$3:$X$9,5,FALSE) -> 0.11805556 | W14: =VLOOKUP($B14,$R$3:$X$9,6,FALSE) -> 0.22569444 | X14: =VLOOKUP($B14,$R$3:$X$9,7,FALSE) -> 0.26388889 | Y14: =VLOOKUP($B14,$R$3:$Z$9,8,FALSE) -> 0 | Z14: =VLOOKUP($B14,$R$3:$Z$9,9,FALSE) -> 60
B15: CARIB | C15: =[3]Brewhouse!$A811 -> CA761 | D15: =[3]Brewhouse!$AF811 -> 48.8 | E15: =[3]Brewhouse!$AI811 -> 49.5 | F15: =[3]Brewhouse!$V811 -> 62 | G15: =[3]Brewhouse!AG811 -> 12 | H15: 11.7 | I15: =[3]Brewhouse!$AU811 -> 97.963974 | J15: =[3]Brewhouse!$AV811 -> 98.838116 | K15: =[3]Brewhouse!$Q811 -> 11.127542 | L15: =[3]Brewhouse!$P811 -> 60 | M15: =[3]Brewhouse!$U811-[3]Brewhouse!$T811 -> 0.11111111 | N15: =[3]Brewhouse!$Z811 -> 0.25833333 | O15: =[3]Brewhouse!$AX811 -> R. Sookram | R15: =B15 -> CARIB | S15: =VLOOKUP($B15,$R$3:$X$9,2,FALSE) -> 11.6 | T15: =VLOOKUP($B15,$R$3:$X$9,3,FALSE) -> 12 | U15: =VLOOKUP($B15,$R$3:$X$9,4,FALSE) -> 0 | V15: =VLOOKUP($B15,$R$3:$X$9,5,FALSE) -> 0.11805556 | W15: =VLOOKUP($B15,$R$3:$X$9,6,FALSE) -> 0.22569444 | X15: =VLOOKUP($B15,$R$3:$X$9,7,FALSE) -> 0.26388889 | Y15: =VLOOKUP($B15,$R$3:$Z$9,8,FALSE) -> 0 | Z15: =VLOOKUP($B15,$R$3:$Z$9,9,FALSE) -> 60
B16: CARIB | C16: =[3]Brewhouse!$A812 -> CA762 | D16: =[3]Brewhouse!$AF812 -> 48.8 | E16: =[3]Brewhouse!$AI812 -> 49.3 | F16: =[3]Brewhouse!$V812 -> 59 | G16: =[3]Brewhouse!AG812 -> 11.8 | H16: 12.3 | I16: =[3]Brewhouse!$AU812 -> 96.693477 | J16: =[3]Brewhouse!$AV812 -> 97.555886 | K16: =[3]Brewhouse!$Q812 -> 11.127542 | L16: =[3]Brewhouse!$P812 -> 60 | M16: =[3]Brewhouse!$U812-[3]Brewhouse!$T812 -> 0.10833333 | N16: =[3]Brewhouse!$Z812 -> 0.25208333 | O16: =[3]Brewhouse!$AX812 -> R. Sookram | R16: =B16 -> CARIB | S16: =VLOOKUP($B16,$R$3:$X$9,2,FALSE) -> 11.6 | T16: =VLOOKUP($B16,$R$3:$X$9,3,FALSE) -> 12 | U16: =VLOOKUP($B16,$R$3:$X$9,4,FALSE) -> 0 | V16: =VLOOKUP($B16,$R$3:$X$9,5,FALSE) -> 0.11805556 | W16: =VLOOKUP($B16,$R$3:$X$9,6,FALSE) -> 0.22569444 | X16: =VLOOKUP($B16,$R$3:$X$9,7,FALSE) -> 0.26388889 | Y16: =VLOOKUP($B16,$R$3:$Z$9,8,FALSE) -> 0 | Z16: =VLOOKUP($B16,$R$3:$Z$9,9,FALSE) -> 60
B17: CARIB | C17: =[3]Brewhouse!$A813 -> CA763 | D17: =[3]Brewhouse!$AF813 -> 49.7 | E17: =[3]Brewhouse!$AI813 -> 50.1 | F17: =[3]Brewhouse!$V813 -> 58 | G17: =[3]Brewhouse!AG813 -> 11.7 | H17: 12.3 | I17: =[3]Brewhouse!$AU813 -> 97.507855 | J17: =[3]Brewhouse!$AV813 -> 98.377469 | K17: =[3]Brewhouse!$Q813 -> 9.2962963 | L17: =[3]Brewhouse!$P813 -> 61 | M17: =[3]Brewhouse!$U813-[3]Brewhouse!$T813 -> 0.12222222 | N17: =[3]Brewhouse!$Z813 -> 0.26111111 | O17: =[3]Brewhouse!$AX813 -> R. Sookram | R17: =B17 -> CARIB | S17: =VLOOKUP($B17,$R$3:$X$9,2,FALSE) -> 11.6 | T17: =VLOOKUP($B17,$R$3:$X$9,3,FALSE) -> 12 | U17: =VLOOKUP($B17,$R$3:$X$9,4,FALSE) -> 0 | V17: =VLOOKUP($B17,$R$3:$X$9,5,FALSE) -> 0.11805556 | W17: =VLOOKUP($B17,$R$3:$X$9,6,FALSE) -> 0.22569444 | X17: =VLOOKUP($B17,$R$3:$X$9,7,FALSE) -> 0.26388889 | Y17: =VLOOKUP($B17,$R$3:$Z$9,8,FALSE) -> 0 | Z17: =VLOOKUP($B17,$R$3:$Z$9,9,FALSE) -> 60
R18: =B18 -> 0 | S18: =VLOOKUP($B18,$R$3:$X$9,2,FALSE) -> #N/A | T18: =VLOOKUP($B18,$R$3:$X$9,3,FALSE) -> #N/A | U18: =VLOOKUP($B18,$R$3:$X$9,4,FALSE) -> #N/A | V18: =VLOOKUP($B18,$R$3:$X$9,5,FALSE) -> #N/A | W18: =VLOOKUP($B18,$R$3:$X$9,6,FALSE) -> #N/A | X18: =VLOOKUP($B18,$R$3:$X$9,7,FALSE) -> #N/A | Y18: =VLOOKUP($B18,$R$3:$Z$9,8,FALSE) -> #N/A | Z18: =VLOOKUP($B18,$R$3:$Z$9,9,FALSE) -> #N/A
R19: =B19 -> 0 | S19: =VLOOKUP($B19,$R$3:$X$9,2,FALSE) -> #N/A | T19: =VLOOKUP($B19,$R$3:$X$9,3,FALSE) -> #N/A | U19: =VLOOKUP($B19,$R$3:$X$9,4,FALSE) -> #N/A | V19: =VLOOKUP($B19,$R$3:$X$9,5,FALSE) -> #N/A | W19: =VLOOKUP($B19,$R$3:$X$9,6,FALSE) -> #N/A | X19: =VLOOKUP($B19,$R$3:$X$9,7,FALSE) -> #N/A | Y19: =VLOOKUP($B19,$R$3:$Z$9,8,FALSE) -> #N/A | Z19: =VLOOKUP($B19,$R$3:$Z$9,9,FALSE) -> #N/A
R20: =B20 -> 0 | S20: =VLOOKUP($B20,$R$3:$X$9,2,FALSE) -> #N/A | T20: =VLOOKUP($B20,$R$3:$X$9,3,FALSE) -> #N/A | U20: =VLOOKUP($B20,$R$3:$X$9,4,FALSE) -> #N/A | V20: =VLOOKUP($B20,$R$3:$X$9,5,FALSE) -> #N/A | W20: =VLOOKUP($B20,$R$3:$X$9,6,FALSE) -> #N/A | X20: =VLOOKUP($B20,$R$3:$X$9,7,FALSE) -> #N/A | Y20: =VLOOKUP($B20,$R$3:$Z$9,8,FALSE) -> #N/A | Z20: =VLOOKUP($B20,$R$3:$Z$9,9,FALSE) -> #N/A
B21: BRAND | D21: BBT P.G./ O.G | I21: Brand | K21: MTD No. of Brews | L21: MTD | M21: YTD | N21: Target | R21: =B21 -> BRAND | S21: =VLOOKUP($B21,$R$3:$X$9,2,FALSE) -> #N/A | T21: =VLOOKUP($B21,$R$3:$X$9,3,FALSE) -> #N/A | U21: =VLOOKUP($B21,$R$3:$X$9,4,FALSE) -> #N/A | V21: =VLOOKUP($B21,$R$3:$X$9,5,FALSE) -> #N/A | W21: =VLOOKUP($B21,$R$3:$X$9,6,FALSE) -> #N/A | X21: =VLOOKUP($B21,$R$3:$X$9,7,FALSE) -> #N/A | Y21: =VLOOKUP($B21,$R$3:$Z$9,8,FALSE) -> #N/A | Z21: =VLOOKUP($B21,$R$3:$Z$9,9,FALSE) -> #N/A
I22: CARIB | J22: =AVERAGE(I13:I17) -> 96.683503 | K22: =COUNTA([3]Brewhouse!$A$789:$A$814) -> 26 | L22: =AVERAGE([3]Brewhouse!$AU$789:$AU$814) -> 97.457682 | M22: =AVERAGE([3]Brewhouse!$AU$42:$AU$123,[3]Brewhouse!$AU$125:$AU$188,[3]Brewhouse!$AU$198:$AU$290,[3]Brewhouse!$AU$292:$AU$370,[3]Brewhouse!$AU$372:$AU$439,[3]Brewhouse!$AU$441:$AU$497,[3]Brewhouse!$AU$499:$AU$519,[3]Brewhouse!$AU$521:$AU$593,[3]Brewhouse!$AU$595:$AU$694,[3]Brewhouse!$AU$696:$AU$787,[3]Brewhouse!$AU$789:$AU$814) -> 98.301261 | N22: 98 | R22: =B22 -> 0 | S22: =VLOOKUP($B22,$R$3:$X$9,2,FALSE) -> #N/A | T22: =VLOOKUP($B22,$R$3:$X$9,3,FALSE) -> #N/A | U22: =VLOOKUP($B22,$R$3:$X$9,4,FALSE) -> #N/A | V22: =VLOOKUP($B22,$R$3:$X$9,5,FALSE) -> #N/A | W22: =VLOOKUP($B22,$R$3:$X$9,6,FALSE) -> #N/A | X22: =VLOOKUP($B22,$R$3:$X$9,7,FALSE) -> #N/A | Y22: =VLOOKUP($B22,$R$3:$Z$9,8,FALSE) -> #N/A | Z22: =VLOOKUP($B22,$R$3:$Z$9,9,FALSE) -> #N/A
I23: STAG | J23: =AVERAGE(I10:I11) -> 97.93408 | K23: =COUNTA([4]Brewhouse!$A$390:$A$405) -> 16 | L23: =AVERAGE([4]Brewhouse!$AS$390:$AS$405) -> 97.859148 | M23: =AVERAGE([4]Brewhouse!$AS$52:$AS$81,[4]Brewhouse!$AS$83:$AS$124,[4]Brewhouse!$AS$134:$AS$177,[4]Brewhouse!$AS$22:$AS$179,[4]Brewhouse!$AS$214:$AS$249,[4]Brewhouse!$AS$252:$AS$293,[4]Brewhouse!$AS$295:$AS$325,[4]Brewhouse!$AS$327:$AS$361,[4]Brewhouse!$AS$363:$AS$388,[4]Brewhouse!$AS$390:$AS$405) -> 98.292263 | N23: 98 | R23: =B23 -> 0 | S23: =VLOOKUP($B23,$R$3:$X$9,2,FALSE) -> #N/A | T23: =VLOOKUP($B23,$R$3:$X$9,3,FALSE) -> #N/A | U23: =VLOOKUP($B23,$R$3:$X$9,4,FALSE) -> #N/A | V23: =VLOOKUP($B23,$R$3:$X$9,5,FALSE) -> #N/A | W23: =VLOOKUP($B23,$R$3:$X$9,6,FALSE) -> #N/A | X23: =VLOOKUP($B23,$R$3:$X$9,7,FALSE) -> #N/A | Y23: =VLOOKUP($B23,$R$3:$Z$9,8,FALSE) -> #N/A | Z23: =VLOOKUP($B23,$R$3:$Z$9,9,FALSE) -> #N/A
I24: GUINNESS | M24: =AVERAGE([5]Brewhouse!$AU$16:$AU$23,[5]Brewhouse!$AU$25:$AU$32,[5]Brewhouse!$AU$34:$AU$41,[5]Brewhouse!$AU$43:$AU$60,[5]Brewhouse!$AU$62:$AU$69,[5]Brewhouse!$AU$71:$AU$88,[5]Brewhouse!$AU$90:$AU$97,[5]Brewhouse!$AU$99:$AU$106) -> 96.498356 | N24: 98 | R24: =B24 -> 0 | S24: =VLOOKUP($B24,$R$3:$X$9,2,FALSE) -> #N/A | T24: =VLOOKUP($B24,$R$3:$X$9,3,FALSE) -> #N/A | U24: =VLOOKUP($B24,$R$3:$X$9,4,FALSE) -> #N/A | V24: =VLOOKUP($B24,$R$3:$X$9,5,FALSE) -> #N/A | W24: =VLOOKUP($B24,$R$3:$X$9,6,FALSE) -> #N/A | X24: =VLOOKUP($B24,$R$3:$X$9,7,FALSE) -> #N/A | Y24: =VLOOKUP($B24,$R$3:$Z$9,8,FALSE) -> #N/A | Z24: =VLOOKUP($B24,$R$3:$Z$9,9,FALSE) -> #N/A
I25: VITAMALT | M25: =AVERAGE([6]Brewhouse!$AV$23:$AV$34,[6]Brewhouse!$AV$36,[6]Brewhouse!$AV$38:$AV$52,[6]Brewhouse!$AV$54:$AV$60,[6]Brewhouse!$AV$62:$AV$69,[6]Brewhouse!$AV$71:$AV$78,[6]Brewhouse!$AV$80:$AV$87,[6]Brewhouse!$AV$89:$AV$96,[6]Brewhouse!$AV$98:$AV$105) -> 97.566635 | N25: 98 | R25: =B25 -> 0 | S25: =VLOOKUP($B25,$R$3:$X$9,2,FALSE) -> #N/A | T25: =VLOOKUP($B25,$R$3:$X$9,3,FALSE) -> #N/A | U25: =VLOOKUP($B25,$R$3:$X$9,4,FALSE) -> #N/A | V25: =VLOOKUP($B25,$R$3:$X$9,5,FALSE) -> #N/A | W25: =VLOOKUP($B25,$R$3:$X$9,6,FALSE) -> #N/A | X25: =VLOOKUP($B25,$R$3:$X$9,7,FALSE) -> #N/A | Y25: =VLOOKUP($B25,$R$3:$Z$9,8,FALSE) -> #N/A | Z25: =VLOOKUP($B25,$R$3:$Z$9,9,FALSE) -> #N/A
I26: MAXIMALT | N26: 98 | R26: =B26 -> 0 | S26: =VLOOKUP($B26,$R$3:$X$9,2,FALSE) -> #N/A | T26: =VLOOKUP($B26,$R$3:$X$9,3,FALSE) -> #N/A | U26: =VLOOKUP($B26,$R$3:$X$9,4,FALSE) -> #N/A | V26: =VLOOKUP($B26,$R$3:$X$9,5,FALSE) -> #N/A | W26: =VLOOKUP($B26,$R$3:$X$9,6,FALSE) -> #N/A | X26: =VLOOKUP($B26,$R$3:$X$9,7,FALSE) -> #N/A | Y26: =VLOOKUP($B26,$R$3:$Z$9,8,FALSE) -> #N/A | Z26: =VLOOKUP($B26,$R$3:$Z$9,9,FALSE) -> #N/A
I27: MACKESON | M27: =AVERAGE([7]Brewhouse!$AT$4:$AT$11,[7]Brewhouse!$AT$13:$AT$16,[7]Brewhouse!$AT$18:$AT$30) -> 93.222628 | N27: 98 | R27: =B27 -> 0 | S27: =VLOOKUP($B27,$R$3:$X$9,2,FALSE) -> #N/A | T27: =VLOOKUP($B27,$R$3:$X$9,3,FALSE) -> #N/A | U27: =VLOOKUP($B27,$R$3:$X$9,4,FALSE) -> #N/A | V27: =VLOOKUP($B27,$R$3:$X$9,5,FALSE) -> #N/A | W27: =VLOOKUP($B27,$R$3:$X$9,6,FALSE) -> #N/A | X27: =VLOOKUP($B27,$R$3:$X$9,7,FALSE) -> #N/A | Y27: =VLOOKUP($B27,$R$3:$Z$9,8,FALSE) -> #N/A | Z27: =VLOOKUP($B27,$R$3:$Z$9,9,FALSE) -> #N/A
I28: STARMALT | M28: =AVERAGE([8]Brewhouse!$AY$5:$AY$14,[8]Brewhouse!$AY$16:$AY$23,[8]Brewhouse!$AY$42,[8]Brewhouse!$AY$44:$AY$51,[8]Brewhouse!$AY$53:$AY$64,[8]Brewhouse!$AY$66:$AY$73,[8]Brewhouse!$AY$75:$AY$82,[8]Brewhouse!$AY$84:$AY$101,[8]Brewhouse!$AY$103:$AY$110) -> 97.792958 | N28: 98 | R28: =B28 -> 0 | S28: =VLOOKUP($B28,$R$3:$X$9,2,FALSE) -> #N/A | T28: =VLOOKUP($B28,$R$3:$X$9,3,FALSE) -> #N/A | U28: =VLOOKUP($B28,$R$3:$X$9,4,FALSE) -> #N/A | V28: =VLOOKUP($B28,$R$3:$X$9,5,FALSE) -> #N/A | W28: =VLOOKUP($B28,$R$3:$X$9,6,FALSE) -> #N/A | X28: =VLOOKUP($B28,$R$3:$X$9,7,FALSE) -> #N/A | Y28: =VLOOKUP($B28,$R$3:$Z$9,8,FALSE) -> #N/A | Z28: =VLOOKUP($B28,$R$3:$Z$9,9,FALSE) -> #N/A
I29: HR- Pils | N29: 98 | R29: =B29 -> 0 | S29: =VLOOKUP($B29,$R$3:$X$9,2,FALSE) -> #N/A | T29: =VLOOKUP($B29,$R$3:$X$9,3,FALSE) -> #N/A | U29: =VLOOKUP($B29,$R$3:$X$9,4,FALSE) -> #N/A | V29: =VLOOKUP($B29,$R$3:$X$9,5,FALSE) -> #N/A | W29: =VLOOKUP($B29,$R$3:$X$9,6,FALSE) -> #N/A | X29: =VLOOKUP($B29,$R$3:$X$9,7,FALSE) -> #N/A | Y29: =VLOOKUP($B29,$R$3:$Z$9,8,FALSE) -> #N/A | Z29: =VLOOKUP($B29,$R$3:$Z$9,9,FALSE) -> #N/A
I30: HR- IPA | N30: 98 | R30: =B30 -> 0 | S30: =VLOOKUP($B30,$R$3:$X$9,2,FALSE) -> #N/A | T30: =VLOOKUP($B30,$R$3:$X$9,3,FALSE) -> #N/A | U30: =VLOOKUP($B30,$R$3:$X$9,4,FALSE) -> #N/A | V30: =VLOOKUP($B30,$R$3:$X$9,5,FALSE) -> #N/A | W30: =VLOOKUP($B30,$R$3:$X$9,6,FALSE) -> #N/A | X30: =VLOOKUP($B30,$R$3:$X$9,7,FALSE) -> #N/A | Y30: =VLOOKUP($B30,$R$3:$Z$9,8,FALSE) -> #N/A | Z30: =VLOOKUP($B30,$R$3:$Z$9,9,FALSE) -> #N/A
I31: HR- APA | N31: 98 | R31: =B31 -> 0 | S31: =VLOOKUP($B31,$R$3:$X$9,2,FALSE) -> #N/A | T31: =VLOOKUP($B31,$R$3:$X$9,3,FALSE) -> #N/A | U31: =VLOOKUP($B31,$R$3:$X$9,4,FALSE) -> #N/A | V31: =VLOOKUP($B31,$R$3:$X$9,5,FALSE) -> #N/A | W31: =VLOOKUP($B31,$R$3:$X$9,6,FALSE) -> #N/A | X31: =VLOOKUP($B31,$R$3:$X$9,7,FALSE) -> #N/A | Y31: =VLOOKUP($B31,$R$3:$Z$9,8,FALSE) -> #N/A | Z31: =VLOOKUP($B31,$R$3:$Z$9,9,FALSE) -> #N/A
K32: =SUM(K22:K31) -> 42 | L32: =((L22*K22)+(L23*K23)+(L24*K24)+(L25*K25)+(L26*K26)+(K29*L29)+(L27*K27)+(L28*K28)+(L31*K31))/(K32) -> 97.610621 | M32: =AVERAGE('[9]Jan30th-31st'!$L$42,'[10]Feb 27th-28th'!$L$45,'[11]Mar 31st'!$L$42,'[12]Apr 30th'!$L$41,'[13]May 29th '!$L$35,'[14]June 30th'!$L$32,[15]July31st!$L$36,'[16]Aug 31st'!$L$32,L32) -> 97.936805 | N32: 98 | R32: =B32 -> 0 | S32: =VLOOKUP($B32,$R$3:$X$9,2,FALSE) -> #N/A | T32: =VLOOKUP($B32,$R$3:$X$9,3,FALSE) -> #N/A | U32: =VLOOKUP($B32,$R$3:$X$9,4,FALSE) -> #N/A | V32: =VLOOKUP($B32,$R$3:$X$9,5,FALSE) -> #N/A | W32: =VLOOKUP($B32,$R$3:$X$9,6,FALSE) -> #N/A | X32: =VLOOKUP($B32,$R$3:$X$9,7,FALSE) -> #N/A | Y32: =VLOOKUP($B32,$R$3:$Z$9,8,FALSE) -> #N/A | Z32: =VLOOKUP($B32,$R$3:$Z$9,9,FALSE) -> #N/A
R33: =B33 -> 0 | S33: =VLOOKUP($B33,$R$3:$X$9,2,FALSE) -> #N/A | T33: =VLOOKUP($B33,$R$3:$X$9,3,FALSE) -> #N/A | U33: =VLOOKUP($B33,$R$3:$X$9,4,FALSE) -> #N/A | V33: =VLOOKUP($B33,$R$3:$X$9,5,FALSE) -> #N/A | W33: =VLOOKUP($B33,$R$3:$X$9,6,FALSE) -> #N/A | X33: =VLOOKUP($B33,$R$3:$X$9,7,FALSE) -> #N/A | Y33: =VLOOKUP($B33,$R$3:$Z$9,8,FALSE) -> #N/A | Z33: =VLOOKUP($B33,$R$3:$Z$9,9,FALSE) -> #N/A
J34: Daily Brewing Plan
J35: Brand | L35: Average Brews per day
J36: CARIB | K36: 5 | L36: MTD | M36: YTD | N36: TARGET
J37: STAG | K37: 2 | L37: =AVERAGE('Oct 1st'!K52,'Oct 2nd'!K44,'Oct 5th'!K51,'Oct 6th'!K58,'Oct 7th'!K47,K46) -> 6.8333333 | M37: =AVERAGE('[9]Jan30th-31st'!$L$47,L37,'[10]Feb 26th '!$L$39,'[11]Mar 31st'!$L$47,'[12]Apr 30th'!$L$46,'[13]May 29th '!$L$40,'[14]June 30th'!$L$39,[15]July31st!$L$41,'[16]Aug 31st'!$L$37,'[18]Sept 30th'!$L$37) -> 6.5568675 | N37: 9.2
J38: GUINN
J39: VITAMALT
J40: STARMALT
J41: MACKESON
J42: HURRICANE REEF- IPA
J43: HURRICANE REEF- APA
B44: AVERAGE | J44: HR- PILSNER
J45: CARIBE
J46: Total | K46: =SUM(K36:K45) -> 7
B47: Process: | C47: Fermentation/Filtration
B49: Brand | C49: Filt. Date | D49: FV Hls | E49: GFE/ Prim/ Vita Blend (Hls) | F49: SV Hls | G49: BBT Hls | H49: Loss (%) Ferm | I49: Loss (%) Filt | J49: Comments | K49: Throughput | L49: Process Loss (%) | M49: Filt. Operator
AB50: 43474 | AC50: 43475 | AD50: 43476 | AE50: 43477 | AF50: 43478 | AG50: 43479 | AH50: 43480 | AI50: 43481 | AJ50: 43482 | AK50: 43483 | AL50: 43484 | AM50: 43485 | AN50: 43486 | AO50: 43487 | AP50: 43488 | AQ50: 43489 | AR50: 43490 | AS50: 43491 | AT50: 43492 | AU50: 43493 | AV50: 43494 | AW50: 43495 | AX50: 43496
B51: =J36 -> CARIB | C51: 46303 | D51: =[19]October_2026!$K$3 -> 302.4 | G51: =[19]October_2026!$K$7 -> 292.2 | J51: NO BREAK | K51: =[20]October_2026!$K$18 -> 1.0252632 | L51: =(((D51+E51)-G51)/(D51+E51))*100 -> 3.3730159 | M51: J. Nelson | AB51: =[21]January_2019!L5 -> 0 | AC51: =[21]January_2019!M5 -> 0 | AD51: =[21]January_2019!N5 -> 0 | AE51: =[21]January_2019!O5 -> 0 | AF51: =[21]January_2019!P5 -> 0 | AG51: =[21]January_2019!Q5 -> 0 | AH51: =[21]January_2019!R5 -> 0 | AI51: =[21]January_2019!S5 -> 0 | ... AX51: =[21]January_2019!AH5 -> 0
AB52: =[21]January_2019!L6 -> 0 | AC52: =[21]January_2019!M6 -> 0 | AD52: =[21]January_2019!N6 -> 0 | AE52: =[21]January_2019!O6 -> 0 | AF52: =[21]January_2019!P6 -> 0 | AG52: =[21]January_2019!Q6 -> 0 | AH52: =[21]January_2019!R6 -> 0 | AI52: =[21]January_2019!S6 -> 0 | ... AX52: =[21]January_2019!AH6 -> 0
B53: =J37 -> STAG | C53: 46303 | D53: =[19]October_2026!$K$13 -> 292 | G53: =[19]October_2026!$K$17 -> 278 | J53: NO BREAK | K53: =[20]October_2026!$K$25 -> 0.9754386 | L53: =(((D53+E53)-G53)/(D53+E53))*100 -> 4.7945205 | M53: T. Charles | AB53: =[21]January_2019!L7 -> 285.8 | AC53: =[21]January_2019!M7 -> 508.1 | AD53: =[21]January_2019!N7 -> 0 | AE53: =[21]January_2019!O7 -> 0 | AF53: =[21]January_2019!P7 -> 109.56667 | AG53: =[21]January_2019!Q7 -> 297.65 | AH53: =[21]January_2019!R7 -> 122.3 | AI53: =[21]January_2019!S7 -> 0 | ... AX53: =[21]January_2019!AH7 -> 0
B62: Process Loss (Volume) | G62: Process Loss (Extract) | K62: Throughput
B63: Brand | C63: Actual | D63: MTD | E63: YTD | F63: Target | G63: Actual | H63: MTD | I63: YTD | J63: Target | K63: Actual | L63: MTD | M63: YTD | N63: Target
B64: CARIB | C64: =L51 -> 3.3730159 | D64: 4.8715736 | E64: 6.367092 | F64: 4.8 | H64: 5.9632753 | I64: 6.5069923 | J64: 4.8 | K64: =AVERAGE(K51) -> 1.0252632 | L64: 0.78289474 | M64: 0.55230552 | N64: 1
B65: STAG | C65: =L53 -> 4.7945205 | D65: 4.7945205 | E65: 6.013146 | F65: 4.8 | I65: 5.9275659 | J65: 4.8 | K65: =K53 -> 0.9754386 | L65: 0.9754386 | M65: 0.68925973 | N65: 1
B66: GUINN | E66: 10.890215 | F66: 5.5 | I66: 11.797659 | J66: 5.5 | M66: 0.3537019 | N66: 1
B67: VITAMALT | D67: 2.6160971 | E67: 4.6053599 | F67: 3.3 | H67: 4.0562064 | I67: 4.7835858 | J67: 3.3 | L67: 1.3649123 | M67: 0.83244019 | N67: 1
B68: APA | F68: 3.3 | J68: 3 | N68: 1
B69: MACKESON | E69: 6.3233966 | F69: 5.5 | I69: 7.9667553 | J69: 5.5 | M69: 0.58836257 | N69: 1
B70: STARMALT | E70: 3.9973372 | F70: 3.3 | I70: 5.1096184 | J70: 3.3 | M70: 0.8905713 | N70: 1
B71: IPA | F71: 7.5 | J71: 7.5 | N71: 1
B72: HURRICANE REEF PILS | F72: 4.8 | J72: 4.8 | N72: 1
D73: 4.4514706 | E73: 6.2986129 | F73: 5.5 | H73: 5.3491958 | I73: 6.6205341 | J73: 5.5 | L73: 0.87971491 | M73: 0.6070853 | N73: 1

Sheet Oct 9th-10th
S1: P.G. | U1: Hot Time | W1: Process Time | Y1: Cooling Time
B2: Brewing Department Daily Process Loss Report | S2: Lower | T2: Upper | U2: Lower | V2: Upper | W2: Lower | X2: Upper | Y2: Lower | Z2: Upper
R3: CARIB | S3: 11.6 | T3: 12 | U3: 0 | V3: 0.11805556 | W3: 0.22569444 | X3: 0.26388889 | Y3: 0 | Z3: 60 | AB3: HR- PISNER
B4: Date: | C4: 46307 | J4: LOT WORT COLOUR: 3.4 | M4: Filter Sheets (Target 20 days) | R4: STAG | S4: 11.6 | T4: 12 | U4: 0 | V4: 0.11805556 | W4: 0.22569444 | X4: 0.26388889 | Y4: 0 | Z4: 60
M5: Double | N5: Single | R5: GUINNESS | S5: 17 | T5: 17.5 | U5: 0 | V5: 0.10763889 | W5: 0.24652778 | X5: 0.28472222 | Y5: 0 | Z5: 60
J6: MALT LOT: Lot #15 | L6: Sheet Day | R6: MACKESON | S6: 13.3 | T6: 13.5 | U6: 0 | V6: 0.12905093 | W6: 0.27430556 | X6: 0.30208333 | Y6: 0
R7: STARMALT | S7: 17 | T7: 17.4 | U7: 0 | V7: 0.13605324 | W7: 0.27430556 | X7: 0.30902778 | Y7: 0 | Z7: 85
B8: Brand | C8: Brew no. | D8: Kett. Hls | E8: Wort | F8: Cool Time(Mins) | G8: Cast. P.G. (Lab Result) | H8: Cast P.G. (Cellar Operator)-gravity | I8: Extr. Rec (78%) | J8: Theor. Extr. (77.5%) | K8: Boil Off /Vol. (4-6%) | L8: Boil Time | M8: Total Hot | N8: Brewing Time | O8: Operator | R8: Hurricane Reef | S8: 16.6 | T8: 17 | U8: 0 | V8: 0.12905093 | W8: 0.27430556 | X8: 0.30208333 | Y8: 0
E9: Meter (Hls) | F9: Target(< 60Mins) | M9: Time | R9: VITAMALT | S9: 14.2 | T9: 14.6 | U9: 0 | V9: 0.13905093 | W9: 0.26041667 | X9: 0.29513889 | Y9: 0 | Z9: 75
B10: CARIB | C10: =[3]Brewhouse!$A814 -> CA764 | D10: =[3]Brewhouse!$AF814 -> 49.1 | E10: =[3]Brewhouse!$AI814 -> 49.5 | F10: =[3]Brewhouse!$V814 -> 60 | G10: =[3]Brewhouse!AG814 -> 12 | H10: 12.1 | I10: =[3]Brewhouse!$AU814 -> 98.693894 | J10: =[3]Brewhouse!$AV814 -> 99.574203 | K10: =[3]Brewhouse!$Q814 -> 10.407407 | L10: =[3]Brewhouse!$P814 -> 62 | M10: =[3]Brewhouse!$U814-[3]Brewhouse!$T814 -> 0.11597222 | N10: =[3]Brewhouse!$Z814 -> 0.27222222 | O10: =[3]Brewhouse!$AX814 -> K. Benjamin | R10: =B10 -> CARIB | S10: =VLOOKUP($B10,$R$3:$X$9,2,FALSE) -> 11.6 | T10: =VLOOKUP($B10,$R$3:$X$9,3,FALSE) -> 12 | U10: =VLOOKUP($B10,$R$3:$X$9,4,FALSE) -> 0 | V10: =VLOOKUP($B10,$R$3:$X$9,5,FALSE) -> 0.11805556 | W10: =VLOOKUP($B10,$R$3:$X$9,6,FALSE) -> 0.22569444 | X10: =VLOOKUP($B10,$R$3:$X$9,7,FALSE) -> 0.26388889 | Y10: =VLOOKUP($B10,$R$3:$Z$9,8,FALSE) -> 0 | Z10: =VLOOKUP($B10,$R$3:$Z$9,9,FALSE) -> 60
B11: CARIB | C11: =[3]Brewhouse!$A815 -> CA765 | D11: =[3]Brewhouse!$AF815 -> 49.8 | E11: =[3]Brewhouse!$AI815 -> 50.1 | F11: =[3]Brewhouse!$V815 -> 63 | G11: =[3]Brewhouse!AG815 -> 11.8 | H11: 11.8 | I11: =[3]Brewhouse!$AU815 -> 98.262539 | J11: =[3]Brewhouse!$AV815 -> 99.138943 | K11: =[3]Brewhouse!$Q815 -> 9.1111111 | L11: =[3]Brewhouse!$P815 -> 59 | M11: =[3]Brewhouse!$U815-[3]Brewhouse!$T815 -> 0.12708333 | N11: =[3]Brewhouse!$Z815 -> 0.29097222 | O11: =[3]Brewhouse!$AX815 -> K. Benjamin | R11: =B11 -> CARIB | S11: =VLOOKUP($B11,$R$3:$X$9,2,FALSE) -> 11.6 | T11: =VLOOKUP($B11,$R$3:$X$9,3,FALSE) -> 12 | U11: =VLOOKUP($B11,$R$3:$X$9,4,FALSE) -> 0 | V11: =VLOOKUP($B11,$R$3:$X$9,5,FALSE) -> 0.11805556 | W11: =VLOOKUP($B11,$R$3:$X$9,6,FALSE) -> 0.22569444 | X11: =VLOOKUP($B11,$R$3:$X$9,7,FALSE) -> 0.26388889 | Y11: =VLOOKUP($B11,$R$3:$Z$9,8,FALSE) -> 0 | Z11: =VLOOKUP($B11,$R$3:$Z$9,9,FALSE) -> 60
B12: CARIB | C12: =[3]Brewhouse!$A816 -> CA766 | D12: =[3]Brewhouse!$AF816 -> 48.2 | E12: =[3]Brewhouse!$AI816 -> 49.9 | F12: =[3]Brewhouse!$V816 -> 63 | G12: =[3]Brewhouse!AG816 -> 11.7 | H12: 11.7 | I12: =[3]Brewhouse!$AU816 -> 97.239656 | J12: =[3]Brewhouse!$AV816 -> 98.106822 | K12: =[3]Brewhouse!$Q816 -> 12.074074 | L12: =[3]Brewhouse!$P816 -> 60 | M12: =[3]Brewhouse!$U816-[3]Brewhouse!$T816 -> 0.12291667 | N12: =[3]Brewhouse!$Z816 -> 0.29583333 | O12: =[3]Brewhouse!$AX816 -> K. Benjamin | R12: =B12 -> CARIB | S12: =VLOOKUP($B12,$R$3:$X$9,2,FALSE) -> 11.6 | T12: =VLOOKUP($B12,$R$3:$X$9,3,FALSE) -> 12 | U12: =VLOOKUP($B12,$R$3:$X$9,4,FALSE) -> 0 | V12: =VLOOKUP($B12,$R$3:$X$9,5,FALSE) -> 0.11805556 | W12: =VLOOKUP($B12,$R$3:$X$9,6,FALSE) -> 0.22569444 | X12: =VLOOKUP($B12,$R$3:$X$9,7,FALSE) -> 0.26388889 | Y12: =VLOOKUP($B12,$R$3:$Z$9,8,FALSE) -> 0 | Z12: =VLOOKUP($B12,$R$3:$Z$9,9,FALSE) -> 60
B13: CARIB | C13: =[3]Brewhouse!$A817 -> CA767 | D13: =[3]Brewhouse!$AF817 -> 42.7 | E13: =[3]Brewhouse!$AI817 -> 43.2 | F13: =[3]Brewhouse!$V817 -> 56 | G13: =[3]Brewhouse!AG817 -> 11.7 | H13: 11.8 | I13: =[3]Brewhouse!$AU817 -> 83.765787 | J13: =[3]Brewhouse!$AV817 -> 84.512992 | K13: =[3]Brewhouse!$Q817 -> 22.402957 | L13: =[3]Brewhouse!$P817 -> 60 | M13: =[3]Brewhouse!$U817-[3]Brewhouse!$T817 -> 0.11180556 | N13: =[3]Brewhouse!$Z817 -> 0.25486111 | O13: =[3]Brewhouse!$AX817 -> D. Gomaz | R13: =B13 -> CARIB | S13: =VLOOKUP($B13,$R$3:$X$9,2,FALSE) -> 11.6 | T13: =VLOOKUP($B13,$R$3:$X$9,3,FALSE) -> 12 | U13: =VLOOKUP($B13,$R$3:$X$9,4,FALSE) -> 0 | V13: =VLOOKUP($B13,$R$3:$X$9,5,FALSE) -> 0.11805556 | W13: =VLOOKUP($B13,$R$3:$X$9,6,FALSE) -> 0.22569444 | X13: =VLOOKUP($B13,$R$3:$X$9,7,FALSE) -> 0.26388889 | Y13: =VLOOKUP($B13,$R$3:$Z$9,8,FALSE) -> 0 | Z13: =VLOOKUP($B13,$R$3:$Z$9,9,FALSE) -> 60
B14: CARIB | C14: =[3]Brewhouse!$A818 -> CA768 | D14: =[3]Brewhouse!$AF818 -> 45.4 | E14: =[3]Brewhouse!$AI818 -> 50.1 | F14: =[3]Brewhouse!$V818 -> 56 | G14: =[3]Brewhouse!AG818 -> 12 | H14: 12 | I14: =[3]Brewhouse!$AU818 -> 99.766292 | J14: =[3]Brewhouse!$AV818 -> 100.65623 | K14: =[3]Brewhouse!$Q818 -> 17.4122 | L14: =[3]Brewhouse!$P818 -> 58 | M14: =[3]Brewhouse!$U818-[3]Brewhouse!$T818 -> 0.10763889 | N14: =[3]Brewhouse!$Z818 -> 0.29166667 | O14: =[3]Brewhouse!$AX818 -> D. Gomaz | R14: =B14 -> CARIB | S14: =VLOOKUP($B14,$R$3:$X$9,2,FALSE) -> 11.6 | T14: =VLOOKUP($B14,$R$3:$X$9,3,FALSE) -> 12 | U14: =VLOOKUP($B14,$R$3:$X$9,4,FALSE) -> 0 | V14: =VLOOKUP($B14,$R$3:$X$9,5,FALSE) -> 0.11805556 | W14: =VLOOKUP($B14,$R$3:$X$9,6,FALSE) -> 0.22569444 | X14: =VLOOKUP($B14,$R$3:$X$9,7,FALSE) -> 0.26388889 | Y14: =VLOOKUP($B14,$R$3:$Z$9,8,FALSE) -> 0 | Z14: =VLOOKUP($B14,$R$3:$Z$9,9,FALSE) -> 60
B15: CARIB | C15: =[3]Brewhouse!$A819 -> CA769 | D15: =[3]Brewhouse!$AF819 -> 50.3 | E15: =[3]Brewhouse!$AI819 -> 50.8 | F15: =[3]Brewhouse!$V819 -> 63 | G15: =[3]Brewhouse!AG819 -> 11.8 | H15: 11.9 | I15: =[3]Brewhouse!$AU819 -> 99.51174 | J15: =[3]Brewhouse!$AV819 -> 100.39934 | K15: =[3]Brewhouse!$Q819 -> 11.312384 | L15: =[3]Brewhouse!$P819 -> 58 | M15: =[3]Brewhouse!$U819-[3]Brewhouse!$T819 -> 0.11527778 | N15: =[3]Brewhouse!$Z819 -> 0.29791667 | O15: =[3]Brewhouse!$AX819 -> R. Sookram | R15: =B15 -> CARIB | S15: =VLOOKUP($B15,$R$3:$X$9,2,FALSE) -> 11.6 | T15: =VLOOKUP($B15,$R$3:$X$9,3,FALSE) -> 12 | U15: =VLOOKUP($B15,$R$3:$X$9,4,FALSE) -> 0 | V15: =VLOOKUP($B15,$R$3:$X$9,5,FALSE) -> 0.11805556 | W15: =VLOOKUP($B15,$R$3:$X$9,6,FALSE) -> 0.22569444 | X15: =VLOOKUP($B15,$R$3:$X$9,7,FALSE) -> 0.26388889 | Y15: =VLOOKUP($B15,$R$3:$Z$9,8,FALSE) -> 0 | Z15: =VLOOKUP($B15,$R$3:$Z$9,9,FALSE) -> 60
B16: CARIB | C16: =[3]Brewhouse!$A820 -> CA770 | D16: =[3]Brewhouse!$AF820 -> 49.5 | E16: =[3]Brewhouse!$AI820 -> 50.3 | F16: =[3]Brewhouse!$V820 -> 59 | G16: =[3]Brewhouse!AG820 -> 11.7 | H16: 11.7 | I16: =[3]Brewhouse!$AU820 -> 97.807901 | J16: =[3]Brewhouse!$AV820 -> 98.525 | K16: =[3]Brewhouse!$Q820 -> 9.8336414 | L16: =[3]Brewhouse!$P820 -> 60 | M16: =[3]Brewhouse!$U820-[3]Brewhouse!$T820 -> 0.11180556 | N16: =[3]Brewhouse!$Z820 -> 0.26597222 | O16: =[3]Brewhouse!$AX820 -> R. Sookram | R16: =B16 -> CARIB | S16: =VLOOKUP($B16,$R$3:$X$9,2,FALSE) -> 11.6 | T16: =VLOOKUP($B16,$R$3:$X$9,3,FALSE) -> 12 | U16: =VLOOKUP($B16,$R$3:$X$9,4,FALSE) -> 0 | V16: =VLOOKUP($B16,$R$3:$X$9,5,FALSE) -> 0.11805556 | W16: =VLOOKUP($B16,$R$3:$X$9,6,FALSE) -> 0.22569444 | X16: =VLOOKUP($B16,$R$3:$X$9,7,FALSE) -> 0.26388889 | Y16: =VLOOKUP($B16,$R$3:$Z$9,8,FALSE) -> 0 | Z16: =VLOOKUP($B16,$R$3:$Z$9,9,FALSE) -> 60
R17: =B17 -> 0 | S17: =VLOOKUP($B17,$R$3:$X$9,2,FALSE) -> #N/A | T17: =VLOOKUP($B17,$R$3:$X$9,3,FALSE) -> #N/A | U17: =VLOOKUP($B17,$R$3:$X$9,4,FALSE) -> #N/A | V17: =VLOOKUP($B17,$R$3:$X$9,5,FALSE) -> #N/A | W17: =VLOOKUP($B17,$R$3:$X$9,6,FALSE) -> #N/A | X17: =VLOOKUP($B17,$R$3:$X$9,7,FALSE) -> #N/A | Y17: =VLOOKUP($B17,$R$3:$Z$9,8,FALSE) -> #N/A | Z17: =VLOOKUP($B17,$R$3:$Z$9,9,FALSE) -> #N/A
R18: =B18 -> 0 | S18: =VLOOKUP($B18,$R$3:$X$9,2,FALSE) -> #N/A | T18: =VLOOKUP($B18,$R$3:$X$9,3,FALSE) -> #N/A | U18: =VLOOKUP($B18,$R$3:$X$9,4,FALSE) -> #N/A | V18: =VLOOKUP($B18,$R$3:$X$9,5,FALSE) -> #N/A | W18: =VLOOKUP($B18,$R$3:$X$9,6,FALSE) -> #N/A | X18: =VLOOKUP($B18,$R$3:$X$9,7,FALSE) -> #N/A | Y18: =VLOOKUP($B18,$R$3:$Z$9,8,FALSE) -> #N/A | Z18: =VLOOKUP($B18,$R$3:$Z$9,9,FALSE) -> #N/A
B19: 46305 | R19: =B19 -> 46305 | S19: =VLOOKUP($B19,$R$3:$X$9,2,FALSE) -> #N/A | T19: =VLOOKUP($B19,$R$3:$X$9,3,FALSE) -> #N/A | U19: =VLOOKUP($B19,$R$3:$X$9,4,FALSE) -> #N/A | V19: =VLOOKUP($B19,$R$3:$X$9,5,FALSE) -> #N/A | W19: =VLOOKUP($B19,$R$3:$X$9,6,FALSE) -> #N/A | X19: =VLOOKUP($B19,$R$3:$X$9,7,FALSE) -> #N/A | Y19: =VLOOKUP($B19,$R$3:$Z$9,8,FALSE) -> #N/A | Z19: =VLOOKUP($B19,$R$3:$Z$9,9,FALSE) -> #N/A
B20: GUINNESS | C20: =[5]Brewhouse!$A108 -> GU085 | D20: =[5]Brewhouse!$AF108 -> 51.5 | E20: =[5]Brewhouse!$AI108 -> 50.3 | F20: =[5]Brewhouse!$V108 -> 56 | G20: =[5]Brewhouse!$AG108 -> 16.7 | H20: 16.6 | I20: =[5]Brewhouse!$AU108 -> 91.975176 | J20: =[5]Brewhouse!$AV108 -> 92.43118 | K20: =[5]Brewhouse!$R108 -> 9.9642857 | L20: =[5]Brewhouse!$O108 -> 58 | M20: =[5]Brewhouse!$U108-[5]Brewhouse!$T108 -> 0.11388889 | N20: =[5]Brewhouse!$Z108 -> 0.27986111 | O20: =[5]Brewhouse!$AW108 -> R. Sookram | R20: =B20 -> GUINNESS | S20: =VLOOKUP($B20,$R$3:$X$9,2,FALSE) -> 17 | T20: =VLOOKUP($B20,$R$3:$X$9,3,FALSE) -> 17.5 | U20: =VLOOKUP($B20,$R$3:$X$9,4,FALSE) -> 0 | V20: =VLOOKUP($B20,$R$3:$X$9,5,FALSE) -> 0.10763889 | W20: =VLOOKUP($B20,$R$3:$X$9,6,FALSE) -> 0.24652778 | X20: =VLOOKUP($B20,$R$3:$X$9,7,FALSE) -> 0.28472222 | Y20: =VLOOKUP($B20,$R$3:$Z$9,8,FALSE) -> 0 | Z20: =VLOOKUP($B20,$R$3:$Z$9,9,FALSE) -> 60
B21: GUINNESS | C21: =[5]Brewhouse!$A109 -> GU086 | D21: =[5]Brewhouse!$AF109 -> 53 | E21: =[5]Brewhouse!$AI109 -> 51.6 | F21: =[5]Brewhouse!$V109 -> 79 | G21: =[5]Brewhouse!$AG109 -> 17 | H21: 17.5 | I21: =[5]Brewhouse!$AU109 -> 96.153491 | J21: =[5]Brewhouse!$AV109 -> 96.63021 | K21: =[5]Brewhouse!$R109 -> 7.2857143 | L21: =[5]Brewhouse!$O109 -> 55 | M21: =[5]Brewhouse!$U109-[5]Brewhouse!$T109 -> 0.14513889 | N21: =[5]Brewhouse!$Z109 -> 0.32083333 | O21: =[5]Brewhouse!$AW109 -> R. Sookram | R21: =B21 -> GUINNESS | S21: =VLOOKUP($B21,$R$3:$X$9,2,FALSE) -> 17 | T21: =VLOOKUP($B21,$R$3:$X$9,3,FALSE) -> 17.5 | U21: =VLOOKUP($B21,$R$3:$X$9,4,FALSE) -> 0 | V21: =VLOOKUP($B21,$R$3:$X$9,5,FALSE) -> 0.10763889 | W21: =VLOOKUP($B21,$R$3:$X$9,6,FALSE) -> 0.24652778 | X21: =VLOOKUP($B21,$R$3:$X$9,7,FALSE) -> 0.28472222 | Y21: =VLOOKUP($B21,$R$3:$Z$9,8,FALSE) -> 0 | Z21: =VLOOKUP($B21,$R$3:$Z$9,9,FALSE) -> 60
B22: GUINNESS | C22: =[5]Brewhouse!$A110 -> GU087 | D22: =[5]Brewhouse!$AF110 -> 54.6 | E22: =[5]Brewhouse!$AI110 -> 53.1 | F22: =[5]Brewhouse!$V110 -> 72 | G22: =[5]Brewhouse!$AG110 -> 17.6 | H22: 17.6 | I22: =[5]Brewhouse!$AU110 -> 102.79262 | J22: =[5]Brewhouse!$AV110 -> 103.30217 | K22: =[5]Brewhouse!$R110 -> 7.4509804 | L22: =[5]Brewhouse!$O110 -> 60 | M22: =[5]Brewhouse!$U110-[5]Brewhouse!$T110 -> 0.16319444 | N22: =[5]Brewhouse!$Z110 -> 0.33055556 | O22: =[5]Brewhouse!$AW110 -> R. Sookram | R22: =B22 -> GUINNESS | S22: =VLOOKUP($B22,$R$3:$X$9,2,FALSE) -> 17 | T22: =VLOOKUP($B22,$R$3:$X$9,3,FALSE) -> 17.5 | U22: =VLOOKUP($B22,$R$3:$X$9,4,FALSE) -> 0 | V22: =VLOOKUP($B22,$R$3:$X$9,5,FALSE) -> 0.10763889 | W22: =VLOOKUP($B22,$R$3:$X$9,6,FALSE) -> 0.24652778 | X22: =VLOOKUP($B22,$R$3:$X$9,7,FALSE) -> 0.28472222 | Y22: =VLOOKUP($B22,$R$3:$Z$9,8,FALSE) -> 0 | Z22: =VLOOKUP($B22,$R$3:$Z$9,9,FALSE) -> 60
B23: GUINNESS | C23: =[5]Brewhouse!$A111 -> GU088 | D23: =[5]Brewhouse!$AF111 -> 53.8 | E23: =[5]Brewhouse!$AI111 -> 52.2 | F23: =[5]Brewhouse!$V111 -> 81 | G23: =[5]Brewhouse!$AG111 -> 17.1 | H23: 17.4 | I23: =[5]Brewhouse!$AU111 -> 97.680095 | J23: =[5]Brewhouse!$AV111 -> 98.164638 | K23: =[5]Brewhouse!$R111 -> 5.8571429 | L23: =[5]Brewhouse!$O111 -> 59 | M23: =[5]Brewhouse!$U111-[5]Brewhouse!$T111 -> 0.14722222 | N23: =[5]Brewhouse!$Z111 -> 0.33055556 | O23: =[5]Brewhouse!$AW111 -> R. Sookram | R23: =B23 -> GUINNESS | S23: =VLOOKUP($B23,$R$3:$X$9,2,FALSE) -> 17 | T23: =VLOOKUP($B23,$R$3:$X$9,3,FALSE) -> 17.5 | U23: =VLOOKUP($B23,$R$3:$X$9,4,FALSE) -> 0 | V23: =VLOOKUP($B23,$R$3:$X$9,5,FALSE) -> 0.10763889 | W23: =VLOOKUP($B23,$R$3:$X$9,6,FALSE) -> 0.24652778 | X23: =VLOOKUP($B23,$R$3:$X$9,7,FALSE) -> 0.28472222 | Y23: =VLOOKUP($B23,$R$3:$Z$9,8,FALSE) -> 0 | Z23: =VLOOKUP($B23,$R$3:$Z$9,9,FALSE) -> 60
B24: GUINNESS | C24: =[5]Brewhouse!$A112 -> GU089 | D24: =[5]Brewhouse!$AF112 -> 54.1 | E24: =[5]Brewhouse!$AI112 -> 52.4 | F24: =[5]Brewhouse!$V112 -> 81 | G24: =[5]Brewhouse!$AG112 -> 17.3 | H24: 17.3 | I24: =[5]Brewhouse!$AU112 -> 98.815278 | J24: =[5]Brewhouse!$AV112 -> 99.305965 | K24: =[5]Brewhouse!$R112 -> 5.4901961 | L24: =[5]Brewhouse!$O112 -> 58 | M24: =[5]Brewhouse!$U112-[5]Brewhouse!$T112 -> 0.13263889 | N24: =[5]Brewhouse!$Z112 -> 0.31736111 | O24: =[5]Brewhouse!$AW112 -> D. Gomaz | R24: =B24 -> GUINNESS | S24: =VLOOKUP($B24,$R$3:$X$9,2,FALSE) -> 17 | T24: =VLOOKUP($B24,$R$3:$X$9,3,FALSE) -> 17.5 | U24: =VLOOKUP($B24,$R$3:$X$9,4,FALSE) -> 0 | V24: =VLOOKUP($B24,$R$3:$X$9,5,FALSE) -> 0.10763889 | W24: =VLOOKUP($B24,$R$3:$X$9,6,FALSE) -> 0.24652778 | X24: =VLOOKUP($B24,$R$3:$X$9,7,FALSE) -> 0.28472222 | Y24: =VLOOKUP($B24,$R$3:$Z$9,8,FALSE) -> 0 | Z24: =VLOOKUP($B24,$R$3:$Z$9,9,FALSE) -> 60
B25: GUINNESS | C25: =[5]Brewhouse!$A113 -> GU090 | D25: =[5]Brewhouse!$AF113 -> 53.5 | E25: =[5]Brewhouse!$AI113 -> 52 | F25: =[5]Brewhouse!$V113 -> 61 | G25: =[5]Brewhouse!$AG113 -> 17 | H25: 17 | I25: =[5]Brewhouse!$AU113 -> 96.74398 | J25: =[5]Brewhouse!$AV113 -> 97.223796 | K25: =[5]Brewhouse!$R113 -> 6.3928571 | L25: =[5]Brewhouse!$O113 -> 60 | M25: =[5]Brewhouse!$U113-[5]Brewhouse!$T113 -> 0.12986111 | N25: =[5]Brewhouse!$Z113 -> 0.30347222 | O25: =[5]Brewhouse!$AW113 -> D. Gomaz | R25: =B25 -> GUINNESS | S25: =VLOOKUP($B25,$R$3:$X$9,2,FALSE) -> 17 | T25: =VLOOKUP($B25,$R$3:$X$9,3,FALSE) -> 17.5 | U25: =VLOOKUP($B25,$R$3:$X$9,4,FALSE) -> 0 | V25: =VLOOKUP($B25,$R$3:$X$9,5,FALSE) -> 0.10763889 | W25: =VLOOKUP($B25,$R$3:$X$9,6,FALSE) -> 0.24652778 | X25: =VLOOKUP($B25,$R$3:$X$9,7,FALSE) -> 0.28472222 | Y25: =VLOOKUP($B25,$R$3:$Z$9,8,FALSE) -> 0 | Z25: =VLOOKUP($B25,$R$3:$Z$9,9,FALSE) -> 60
B26: GUINNESS | C26: =[5]Brewhouse!$A114 -> GU091 | D26: =[5]Brewhouse!$AF114 -> 53.7 | E26: =[5]Brewhouse!$AI114 -> 52.4 | F26: =[5]Brewhouse!$V114 -> 63 | G26: =[5]Brewhouse!$AG114 -> 17 | H26: 17.1 | I26: =[5]Brewhouse!$AU114 -> 97.332585 | J26: =[5]Brewhouse!$AV114 -> 97.815489 | K26: =[5]Brewhouse!$R114 -> 6.0357143 | L26: =[5]Brewhouse!$O114 -> 60 | M26: =[5]Brewhouse!$U114-[5]Brewhouse!$T114 -> 0.13819444 | N26: =[5]Brewhouse!$Z114 -> 0.30555556 | O26: =[5]Brewhouse!$AW114 -> D. Gomaz | R26: =B26 -> GUINNESS | S26: =VLOOKUP($B26,$R$3:$X$9,2,FALSE) -> 17 | T26: =VLOOKUP($B26,$R$3:$X$9,3,FALSE) -> 17.5 | U26: =VLOOKUP($B26,$R$3:$X$9,4,FALSE) -> 0 | V26: =VLOOKUP($B26,$R$3:$X$9,5,FALSE) -> 0.10763889 | W26: =VLOOKUP($B26,$R$3:$X$9,6,FALSE) -> 0.24652778 | X26: =VLOOKUP($B26,$R$3:$X$9,7,FALSE) -> 0.28472222 | Y26: =VLOOKUP($B26,$R$3:$Z$9,8,FALSE) -> 0 | Z26: =VLOOKUP($B26,$R$3:$Z$9,9,FALSE) -> 60
B27: GUINNESS | C27: =[5]Brewhouse!$A115 -> GU092 | D27: =[5]Brewhouse!$AF115 -> 53.7 | E27: =[5]Brewhouse!$AI115 -> 51.9 | F27: =[5]Brewhouse!$V115 -> 63 | G27: =[5]Brewhouse!$AG115 -> 17.1 | H27: 17.1 | I27: =[5]Brewhouse!$AU115 -> 97.429937 | J27: =[5]Brewhouse!$AV115 -> 97.9129 | K27: =[5]Brewhouse!$R115 -> 6.0357143 | L27: =[5]Brewhouse!$O115 -> 62 | M27: =[5]Brewhouse!$U115-[5]Brewhouse!$T115 -> 0.16666667 | N27: =[5]Brewhouse!$Z115 -> 0.32569444 | O27: =[5]Brewhouse!$AW115 -> K. Benjamin | R27: =B27 -> GUINNESS | S27: =VLOOKUP($B27,$R$3:$X$9,2,FALSE) -> 17 | T27: =VLOOKUP($B27,$R$3:$X$9,3,FALSE) -> 17.5 | U27: =VLOOKUP($B27,$R$3:$X$9,4,FALSE) -> 0 | V27: =VLOOKUP($B27,$R$3:$X$9,5,FALSE) -> 0.10763889 | W27: =VLOOKUP($B27,$R$3:$X$9,6,FALSE) -> 0.24652778 | X27: =VLOOKUP($B27,$R$3:$X$9,7,FALSE) -> 0.28472222 | Y27: =VLOOKUP($B27,$R$3:$Z$9,8,FALSE) -> 0 | Z27: =VLOOKUP($B27,$R$3:$Z$9,9,FALSE) -> 60
R28: =B28 -> 0 | S28: =VLOOKUP($B28,$R$3:$X$9,2,FALSE) -> #N/A | T28: =VLOOKUP($B28,$R$3:$X$9,3,FALSE) -> #N/A | U28: =VLOOKUP($B28,$R$3:$X$9,4,FALSE) -> #N/A | V28: =VLOOKUP($B28,$R$3:$X$9,5,FALSE) -> #N/A | W28: =VLOOKUP($B28,$R$3:$X$9,6,FALSE) -> #N/A | X28: =VLOOKUP($B28,$R$3:$X$9,7,FALSE) -> #N/A | Y28: =VLOOKUP($B28,$R$3:$Z$9,8,FALSE) -> #N/A | Z28: =VLOOKUP($B28,$R$3:$Z$9,9,FALSE) -> #N/A
R29: =B29 -> 0 | S29: =VLOOKUP($B29,$R$3:$X$9,2,FALSE) -> #N/A | T29: =VLOOKUP($B29,$R$3:$X$9,3,FALSE) -> #N/A | U29: =VLOOKUP($B29,$R$3:$X$9,4,FALSE) -> #N/A | V29: =VLOOKUP($B29,$R$3:$X$9,5,FALSE) -> #N/A | W29: =VLOOKUP($B29,$R$3:$X$9,6,FALSE) -> #N/A | X29: =VLOOKUP($B29,$R$3:$X$9,7,FALSE) -> #N/A | Y29: =VLOOKUP($B29,$R$3:$Z$9,8,FALSE) -> #N/A | Z29: =VLOOKUP($B29,$R$3:$Z$9,9,FALSE) -> #N/A
R30: =B30 -> 0 | S30: =VLOOKUP($B30,$R$3:$X$9,2,FALSE) -> #N/A | T30: =VLOOKUP($B30,$R$3:$X$9,3,FALSE) -> #N/A | U30: =VLOOKUP($B30,$R$3:$X$9,4,FALSE) -> #N/A | V30: =VLOOKUP($B30,$R$3:$X$9,5,FALSE) -> #N/A | W30: =VLOOKUP($B30,$R$3:$X$9,6,FALSE) -> #N/A | X30: =VLOOKUP($B30,$R$3:$X$9,7,FALSE) -> #N/A | Y30: =VLOOKUP($B30,$R$3:$Z$9,8,FALSE) -> #N/A | Z30: =VLOOKUP($B30,$R$3:$Z$9,9,FALSE) -> #N/A
R31: =B31 -> 0 | S31: =VLOOKUP($B31,$R$3:$X$9,2,FALSE) -> #N/A | T31: =VLOOKUP($B31,$R$3:$X$9,3,FALSE) -> #N/A | U31: =VLOOKUP($B31,$R$3:$X$9,4,FALSE) -> #N/A | V31: =VLOOKUP($B31,$R$3:$X$9,5,FALSE) -> #N/A | W31: =VLOOKUP($B31,$R$3:$X$9,6,FALSE) -> #N/A | X31: =VLOOKUP($B31,$R$3:$X$9,7,FALSE) -> #N/A | Y31: =VLOOKUP($B31,$R$3:$Z$9,8,FALSE) -> #N/A | Z31: =VLOOKUP($B31,$R$3:$Z$9,9,FALSE) -> #N/A
B32: BRAND | D32: BBT P.G./ O.G | I32: Brand | K32: MTD No. of Brews | L32: MTD | M32: YTD | N32: Target | R32: =B32 -> BRAND | S32: =VLOOKUP($B32,$R$3:$X$9,2,FALSE) -> #N/A | T32: =VLOOKUP($B32,$R$3:$X$9,3,FALSE) -> #N/A | U32: =VLOOKUP($B32,$R$3:$X$9,4,FALSE) -> #N/A | V32: =VLOOKUP($B32,$R$3:$X$9,5,FALSE) -> #N/A | W32: =VLOOKUP($B32,$R$3:$X$9,6,FALSE) -> #N/A | X32: =VLOOKUP($B32,$R$3:$X$9,7,FALSE) -> #N/A | Y32: =VLOOKUP($B32,$R$3:$Z$9,8,FALSE) -> #N/A | Z32: =VLOOKUP($B32,$R$3:$Z$9,9,FALSE) -> #N/A
I33: CARIB | J33: =AVERAGE(I10:I16) -> 96.435401 | K33: =COUNTA([3]Brewhouse!$A$789:$A$820) -> 32 | L33: =AVERAGE([3]Brewhouse!$AU$789:$AU$820) -> 97.195426 | M33: =AVERAGE([3]Brewhouse!$AU$42:$AU$123,[3]Brewhouse!$AU$125:$AU$188,[3]Brewhouse!$AU$198:$AU$290,[3]Brewhouse!$AU$292:$AU$370,[3]Brewhouse!$AU$372:$AU$439,[3]Brewhouse!$AU$441:$AU$497,[3]Brewhouse!$AU$499:$AU$519,[3]Brewhouse!$AU$521:$AU$593,[3]Brewhouse!$AU$595:$AU$694,[3]Brewhouse!$AU$696:$AU$787,[3]Brewhouse!$AU$789:$AU$820) -> 98.283559 | N33: 98 | R33: =B33 -> 0 | S33: =VLOOKUP($B33,$R$3:$X$9,2,FALSE) -> #N/A | T33: =VLOOKUP($B33,$R$3:$X$9,3,FALSE) -> #N/A | U33: =VLOOKUP($B33,$R$3:$X$9,4,FALSE) -> #N/A | V33: =VLOOKUP($B33,$R$3:$X$9,5,FALSE) -> #N/A | W33: =VLOOKUP($B33,$R$3:$X$9,6,FALSE) -> #N/A | X33: =VLOOKUP($B33,$R$3:$X$9,7,FALSE) -> #N/A | Y33: =VLOOKUP($B33,$R$3:$Z$9,8,FALSE) -> #N/A | Z33: =VLOOKUP($B33,$R$3:$Z$9,9,FALSE) -> #N/A
I34: STAG | K34: =COUNTA([4]Brewhouse!$A$390:$A$405) -> 16 | L34: =AVERAGE([4]Brewhouse!$AS$390:$AS$405) -> 97.859148 | M34: =AVERAGE([4]Brewhouse!$AS$52:$AS$81,[4]Brewhouse!$AS$83:$AS$124,[4]Brewhouse!$AS$134:$AS$177,[4]Brewhouse!$AS$22:$AS$179,[4]Brewhouse!$AS$214:$AS$249,[4]Brewhouse!$AS$252:$AS$293,[4]Brewhouse!$AS$295:$AS$325,[4]Brewhouse!$AS$327:$AS$361,[4]Brewhouse!$AS$363:$AS$388,[4]Brewhouse!$AS$390:$AS$405) -> 98.292263 | N34: 98 | R34: =B34 -> 0 | S34: =VLOOKUP($B34,$R$3:$X$9,2,FALSE) -> #N/A | T34: =VLOOKUP($B34,$R$3:$X$9,3,FALSE) -> #N/A | U34: =VLOOKUP($B34,$R$3:$X$9,4,FALSE) -> #N/A | V34: =VLOOKUP($B34,$R$3:$X$9,5,FALSE) -> #N/A | W34: =VLOOKUP($B34,$R$3:$X$9,6,FALSE) -> #N/A | X34: =VLOOKUP($B34,$R$3:$X$9,7,FALSE) -> #N/A | Y34: =VLOOKUP($B34,$R$3:$Z$9,8,FALSE) -> #N/A | Z34: =VLOOKUP($B34,$R$3:$Z$9,9,FALSE) -> #N/A
I35: GUINNESS | J35: =AVERAGE(I20:I27) -> 97.365395 | K35: =COUNTA([5]Brewhouse!$A$108:$A$115) -> 8 | L35: =AVERAGE([5]Brewhouse!$AU$108:$AU$115) -> 97.365395 | M35: =AVERAGE([5]Brewhouse!$AU$16:$AU$23,[5]Brewhouse!$AU$25:$AU$32,[5]Brewhouse!$AU$34:$AU$41,[5]Brewhouse!$AU$43:$AU$60,[5]Brewhouse!$AU$62:$AU$69,[5]Brewhouse!$AU$71:$AU$88,[5]Brewhouse!$AU$90:$AU$97,[5]Brewhouse!$AU$99:$AU$106,[5]Brewhouse!$AU$108:$AU$115) -> 96.573751 | N35: 98 | R35: =B35 -> 0 | S35: =VLOOKUP($B35,$R$3:$X$9,2,FALSE) -> #N/A | T35: =VLOOKUP($B35,$R$3:$X$9,3,FALSE) -> #N/A | U35: =VLOOKUP($B35,$R$3:$X$9,4,FALSE) -> #N/A | V35: =VLOOKUP($B35,$R$3:$X$9,5,FALSE) -> #N/A | W35: =VLOOKUP($B35,$R$3:$X$9,6,FALSE) -> #N/A | X35: =VLOOKUP($B35,$R$3:$X$9,7,FALSE) -> #N/A | Y35: =VLOOKUP($B35,$R$3:$Z$9,8,FALSE) -> #N/A | Z35: =VLOOKUP($B35,$R$3:$Z$9,9,FALSE) -> #N/A
I36: VITAMALT | M36: =AVERAGE([6]Brewhouse!$AV$23:$AV$34,[6]Brewhouse!$AV$36,[6]Brewhouse!$AV$38:$AV$52,[6]Brewhouse!$AV$54:$AV$60,[6]Brewhouse!$AV$62:$AV$69,[6]Brewhouse!$AV$71:$AV$78,[6]Brewhouse!$AV$80:$AV$87,[6]Brewhouse!$AV$89:$AV$96,[6]Brewhouse!$AV$98:$AV$105) -> 97.566635 | N36: 98 | R36: =B36 -> 0 | S36: =VLOOKUP($B36,$R$3:$X$9,2,FALSE) -> #N/A | T36: =VLOOKUP($B36,$R$3:$X$9,3,FALSE) -> #N/A | U36: =VLOOKUP($B36,$R$3:$X$9,4,FALSE) -> #N/A | V36: =VLOOKUP($B36,$R$3:$X$9,5,FALSE) -> #N/A | W36: =VLOOKUP($B36,$R$3:$X$9,6,FALSE) -> #N/A | X36: =VLOOKUP($B36,$R$3:$X$9,7,FALSE) -> #N/A | Y36: =VLOOKUP($B36,$R$3:$Z$9,8,FALSE) -> #N/A | Z36: =VLOOKUP($B36,$R$3:$Z$9,9,FALSE) -> #N/A
I37: MAXIMALT | N37: 98 | R37: =B37 -> 0 | S37: =VLOOKUP($B37,$R$3:$X$9,2,FALSE) -> #N/A | T37: =VLOOKUP($B37,$R$3:$X$9,3,FALSE) -> #N/A | U37: =VLOOKUP($B37,$R$3:$X$9,4,FALSE) -> #N/A | V37: =VLOOKUP($B37,$R$3:$X$9,5,FALSE) -> #N/A | W37: =VLOOKUP($B37,$R$3:$X$9,6,FALSE) -> #N/A | X37: =VLOOKUP($B37,$R$3:$X$9,7,FALSE) -> #N/A | Y37: =VLOOKUP($B37,$R$3:$Z$9,8,FALSE) -> #N/A | Z37: =VLOOKUP($B37,$R$3:$Z$9,9,FALSE) -> #N/A
I38: MACKESON | M38: =AVERAGE([7]Brewhouse!$AT$4:$AT$11,[7]Brewhouse!$AT$13:$AT$16,[7]Brewhouse!$AT$18:$AT$30) -> 93.222628 | N38: 98 | R38: =B38 -> 0 | S38: =VLOOKUP($B38,$R$3:$X$9,2,FALSE) -> #N/A | T38: =VLOOKUP($B38,$R$3:$X$9,3,FALSE) -> #N/A | U38: =VLOOKUP($B38,$R$3:$X$9,4,FALSE) -> #N/A | V38: =VLOOKUP($B38,$R$3:$X$9,5,FALSE) -> #N/A | W38: =VLOOKUP($B38,$R$3:$X$9,6,FALSE) -> #N/A | X38: =VLOOKUP($B38,$R$3:$X$9,7,FALSE) -> #N/A | Y38: =VLOOKUP($B38,$R$3:$Z$9,8,FALSE) -> #N/A | Z38: =VLOOKUP($B38,$R$3:$Z$9,9,FALSE) -> #N/A
I39: STARMALT | M39: =AVERAGE([8]Brewhouse!$AY$5:$AY$14,[8]Brewhouse!$AY$16:$AY$23,[8]Brewhouse!$AY$42,[8]Brewhouse!$AY$44:$AY$51,[8]Brewhouse!$AY$53:$AY$64,[8]Brewhouse!$AY$66:$AY$73,[8]Brewhouse!$AY$75:$AY$82,[8]Brewhouse!$AY$84:$AY$101,[8]Brewhouse!$AY$103:$AY$110) -> 97.792958 | N39: 98 | R39: =B39 -> 0 | S39: =VLOOKUP($B39,$R$3:$X$9,2,FALSE) -> #N/A | T39: =VLOOKUP($B39,$R$3:$X$9,3,FALSE) -> #N/A | U39: =VLOOKUP($B39,$R$3:$X$9,4,FALSE) -> #N/A | V39: =VLOOKUP($B39,$R$3:$X$9,5,FALSE) -> #N/A | W39: =VLOOKUP($B39,$R$3:$X$9,6,FALSE) -> #N/A | X39: =VLOOKUP($B39,$R$3:$X$9,7,FALSE) -> #N/A | Y39: =VLOOKUP($B39,$R$3:$Z$9,8,FALSE) -> #N/A | Z39: =VLOOKUP($B39,$R$3:$Z$9,9,FALSE) -> #N/A
I40: HR- Pils | N40: 98 | R40: =B40 -> 0 | S40: =VLOOKUP($B40,$R$3:$X$9,2,FALSE) -> #N/A | T40: =VLOOKUP($B40,$R$3:$X$9,3,FALSE) -> #N/A | U40: =VLOOKUP($B40,$R$3:$X$9,4,FALSE) -> #N/A | V40: =VLOOKUP($B40,$R$3:$X$9,5,FALSE) -> #N/A | W40: =VLOOKUP($B40,$R$3:$X$9,6,FALSE) -> #N/A | X40: =VLOOKUP($B40,$R$3:$X$9,7,FALSE) -> #N/A | Y40: =VLOOKUP($B40,$R$3:$Z$9,8,FALSE) -> #N/A | Z40: =VLOOKUP($B40,$R$3:$Z$9,9,FALSE) -> #N/A
I41: HR- IPA | N41: 98 | R41: =B41 -> 0 | S41: =VLOOKUP($B41,$R$3:$X$9,2,FALSE) -> #N/A | T41: =VLOOKUP($B41,$R$3:$X$9,3,FALSE) -> #N/A | U41: =VLOOKUP($B41,$R$3:$X$9,4,FALSE) -> #N/A | V41: =VLOOKUP($B41,$R$3:$X$9,5,FALSE) -> #N/A | W41: =VLOOKUP($B41,$R$3:$X$9,6,FALSE) -> #N/A | X41: =VLOOKUP($B41,$R$3:$X$9,7,FALSE) -> #N/A | Y41: =VLOOKUP($B41,$R$3:$Z$9,8,FALSE) -> #N/A | Z41: =VLOOKUP($B41,$R$3:$Z$9,9,FALSE) -> #N/A
I42: HR- APA | N42: 98 | R42: =B42 -> 0 | S42: =VLOOKUP($B42,$R$3:$X$9,2,FALSE) -> #N/A | T42: =VLOOKUP($B42,$R$3:$X$9,3,FALSE) -> #N/A | U42: =VLOOKUP($B42,$R$3:$X$9,4,FALSE) -> #N/A | V42: =VLOOKUP($B42,$R$3:$X$9,5,FALSE) -> #N/A | W42: =VLOOKUP($B42,$R$3:$X$9,6,FALSE) -> #N/A | X42: =VLOOKUP($B42,$R$3:$X$9,7,FALSE) -> #N/A | Y42: =VLOOKUP($B42,$R$3:$Z$9,8,FALSE) -> #N/A | Z42: =VLOOKUP($B42,$R$3:$Z$9,9,FALSE) -> #N/A
K43: =SUM(K33:K42) -> 56 | L43: =((L33*K33)+(L34*K34)+(L35*K35)+(L36*K36)+(L37*K37)+(K40*L40)+(L38*K38)+(L39*K39)+(L42*K42))/(K43) -> 97.409342 | M43: =AVERAGE('[9]Jan30th-31st'!$L$42,'[10]Feb 27th-28th'!$L$45,'[11]Mar 31st'!$L$42,'[12]Apr 30th'!$L$41,'[13]May 29th '!$L$35,'[14]June 30th'!$L$32,[15]July31st!$L$36,'[16]Aug 31st'!$L$32,L43) -> 97.911645 | N43: 98 | R43: =B43 -> 0 | S43: =VLOOKUP($B43,$R$3:$X$9,2,FALSE) -> #N/A | T43: =VLOOKUP($B43,$R$3:$X$9,3,FALSE) -> #N/A | U43: =VLOOKUP($B43,$R$3:$X$9,4,FALSE) -> #N/A | V43: =VLOOKUP($B43,$R$3:$X$9,5,FALSE) -> #N/A | W43: =VLOOKUP($B43,$R$3:$X$9,6,FALSE) -> #N/A | X43: =VLOOKUP($B43,$R$3:$X$9,7,FALSE) -> #N/A | Y43: =VLOOKUP($B43,$R$3:$Z$9,8,FALSE) -> #N/A | Z43: =VLOOKUP($B43,$R$3:$Z$9,9,FALSE) -> #N/A
R44: =B44 -> 0 | S44: =VLOOKUP($B44,$R$3:$X$9,2,FALSE) -> #N/A | T44: =VLOOKUP($B44,$R$3:$X$9,3,FALSE) -> #N/A | U44: =VLOOKUP($B44,$R$3:$X$9,4,FALSE) -> #N/A | V44: =VLOOKUP($B44,$R$3:$X$9,5,FALSE) -> #N/A | W44: =VLOOKUP($B44,$R$3:$X$9,6,FALSE) -> #N/A | X44: =VLOOKUP($B44,$R$3:$X$9,7,FALSE) -> #N/A | Y44: =VLOOKUP($B44,$R$3:$Z$9,8,FALSE) -> #N/A | Z44: =VLOOKUP($B44,$R$3:$Z$9,9,FALSE) -> #N/A
J45: Daily Brewing Plan
I46: Brand | J46: 9th | K46: 10th | L46: Average Brews per day
I47: CARIB | J47: 7 | L47: MTD | M47: YTD | N47: TARGET
I48: STAG | L48: =AVERAGE('Oct 1st'!K52,'Oct 2nd'!K44,'Oct 5th'!K51,'Oct 6th'!K58,'Oct 7th'!K47,'Oct 8th '!K46,'Oct 9th-10th'!J57,K57) -> 7 | M48: =AVERAGE('[9]Jan30th-31st'!$L$47,L48,'[10]Feb 26th '!$L$39,'[11]Mar 31st'!$L$47,'[12]Apr 30th'!$L$46,'[13]May 29th '!$L$40,'[14]June 30th'!$L$39,[15]July31st!$L$41,'[16]Aug 31st'!$L$37,'[18]Sept 30th'!$L$37) -> 6.5735341 | N48: 9.2
I49: GUINN | K49: 8
I50: VITAMALT
I51: STARMALT
I52: MACKESON
I53: HURRICANE REEF- IPA
I54: HURRICANE REEF- APA
B55: AVERAGE | I55: HR- PILSNER
I56: CARIBE
I57: Total | J57: =SUM(J47:J56) -> 7 | K57: =SUM(K47:K56) -> 8
B58: Process: | C58: Fermentation/Filtration
B60: Brand | C60: Filt. Date | D60: FV Hls | E60: GFE/ Prim/ Vita Blend (Hls) | F60: SV Hls | G60: BBT Hls | H60: Loss (%) Ferm | I60: Loss (%) Filt | J60: Comments | K60: Throughput | L60: Process Loss (%) | M60: Filt. Operator
AB61: 43474 | AC61: 43475 | AD61: 43476 | AE61: 43477 | AF61: 43478 | AG61: 43479 | AH61: 43480 | AI61: 43481 | AJ61: 43482 | AK61: 43483 | AL61: 43484 | AM61: 43485 | AN61: 43486 | AO61: 43487 | AP61: 43488 | AQ61: 43489 | AR61: 43490 | AS61: 43491 | AT61: 43492 | AU61: 43493 | AV61: 43494 | AW61: 43495 | AX61: 43496
B62: =I34 -> STAG | C62: 46304 | D62: =[19]October_2026!$L$13 -> 101.1 | G62: =[19]October_2026!$L$17 -> 95.2 | J62: NO BREAK | K62: =[20]October_2026!$L$25 -> 0.33403509 | L62: =(((D62+E62)-G62)/(D62+E62))*100 -> 5.8358061 | M62: J. Nelson | AB62: =[21]January_2019!L5 -> 0 | AC62: =[21]January_2019!M5 -> 0 | AD62: =[21]January_2019!N5 -> 0 | AE62: =[21]January_2019!O5 -> 0 | AF62: =[21]January_2019!P5 -> 0 | AG62: =[21]January_2019!Q5 -> 0 | AH62: =[21]January_2019!R5 -> 0 | AI62: =[21]January_2019!S5 -> 0 | ... AX62: =[21]January_2019!AH5 -> 0
AB63: =[21]January_2019!L6 -> 0 | AC63: =[21]January_2019!M6 -> 0 | AD63: =[21]January_2019!N6 -> 0 | AE63: =[21]January_2019!O6 -> 0 | AF63: =[21]January_2019!P6 -> 0 | AG63: =[21]January_2019!Q6 -> 0 | AH63: =[21]January_2019!R6 -> 0 | AI63: =[21]January_2019!S6 -> 0 | ... AX63: =[21]January_2019!AH6 -> 0
B64: =J48 -> 0 | C64: 46303 | D64: =[19]October_2026!$K$13 -> 292 | G64: =[19]October_2026!$K$17 -> 278 | J64: NO BREAK | K64: =[20]October_2026!$K$25 -> 0.9754386 | L64: =(((D64+E64)-G64)/(D64+E64))*100 -> 4.7945205 | M64: T. Charles | AB64: =[21]January_2019!L7 -> 285.8 | AC64: =[21]January_2019!M7 -> 508.1 | AD64: =[21]January_2019!N7 -> 0 | AE64: =[21]January_2019!O7 -> 0 | AF64: =[21]January_2019!P7 -> 109.56667 | AG64: =[21]January_2019!Q7 -> 297.65 | AH64: =[21]January_2019!R7 -> 122.3 | AI64: =[21]January_2019!S7 -> 0 | ... AX64: =[21]January_2019!AH7 -> 0
B73: Process Loss (Volume) | G73: Process Loss (Extract) | K73: Throughput
B74: Brand | C74: Actual | D74: MTD | E74: YTD | F74: Target | G74: Actual | H74: MTD | I74: YTD | J74: Target | K74: Actual | L74: MTD | M74: YTD | N74: Target
B75: CARIB | D75: 4.8715736 | E75: 6.367092 | F75: 4.8 | H75: 5.5174131 | I75: 6.4839783 | J75: 4.8 | L75: 0.78289474 | M75: 0.55230552 | N75: 1
B76: STAG | C76: =L62 -> 5.8358061 | D76: 5.0623251 | E76: 6.0120935 | F76: 4.8 | G76: =[19]October_2026!$L$21 -> 6.6677789 | H76: 5.676023 | I76: 5.9217471 | J76: 4.8 | K76: =K62 -> 0.33403509 | L76: 0.65473684 | M76: 0.68123957 | N76: 1
B77: GUINN | E77: 10.890215 | F77: 5.5 | I77: 11.797659 | J77: 5.5 | M77: 0.3537019 | N77: 1
B78: VITAMALT | D78: 2.6160971 | E78: 4.6053599 | F78: 3.3 | H78: 4.0562064 | I78: 4.7835858 | J78: 3.3 | L78: 1.3649123 | M78: 0.83244019 | N78: 1
B79: APA | F79: 3.3 | J79: 3 | N79: 1
B80: MACKESON | E80: 6.3233966 | F80: 5.5 | I80: 7.9667553 | J80: 5.5 | M80: 0.58836257 | N80: 1
B81: STARMALT | E81: 3.9973372 | F81: 3.3 | I81: 5.1096184 | J81: 3.3 | M81: 0.8905713 | N81: 1
B82: IPA | F82: 7.5 | J82: 7.5 | N82: 1
B83: HURRICANE REEF PILS | F83: 4.8 | J83: 4.8 | N83: 1
D84: 4.512341 | E84: 6.2979208 | F84: 5.5 | H84: 5.2060654 | I84: 6.6038486 | J84: 5.5 | L84: 0.81908382 | M84: 0.60571286 | N84: 1

Sheet Oct 12th
S1: P.G. | U1: Hot Time | W1: Process Time | Y1: Cooling Time
B2: Brewing Department Daily Process Loss Report | S2: Lower | T2: Upper | U2: Lower | V2: Upper | W2: Lower | X2: Upper | Y2: Lower | Z2: Upper
R3: CARIB | S3: 11.6 | T3: 12 | U3: 0 | V3: 0.11805556 | W3: 0.22569444 | X3: 0.26388889 | Y3: 0 | Z3: 60 | AB3: HR- PISNER
B4: Date: | C4: 46307 | J4: LOT WORT COLOUR: 3.4 | M4: Filter Sheets (Target 20 days) | R4: STAG | S4: 11.6 | T4: 12 | U4: 0 | V4: 0.11805556 | W4: 0.22569444 | X4: 0.26388889 | Y4: 0 | Z4: 60
M5: Double | N5: Single | R5: GUINNESS | S5: 17 | T5: 17.5 | U5: 0 | V5: 0.10763889 | W5: 0.24652778 | X5: 0.28472222 | Y5: 0 | Z5: 60
J6: MALT LOT: Lot #15 | L6: Sheet Day | R6: MACKESON | S6: 13.3 | T6: 13.5 | U6: 0 | V6: 0.12905093 | W6: 0.27430556 | X6: 0.30208333 | Y6: 0
R7: STARMALT | S7: 17 | T7: 17.4 | U7: 0 | V7: 0.13605324 | W7: 0.27430556 | X7: 0.30902778 | Y7: 0 | Z7: 85
B8: Brand | C8: Brew no. | D8: Kett. Hls | E8: Wort | F8: Cool Time(Mins) | G8: Cast. P.G. (Lab Result) | H8: Cast P.G. (Cellar Operator)-gravity | I8: Extr. Rec (78%) | J8: Theor. Extr. (77.5%) | K8: Boil Off /Vol. (4-6%) | L8: Boil Time | M8: Total Hot | N8: Brewing Time | O8: Operator | R8: Hurricane Reef | S8: 16.6 | T8: 17 | U8: 0 | V8: 0.12905093 | W8: 0.27430556 | X8: 0.30208333 | Y8: 0
E9: Meter (Hls) | F9: Target(< 60Mins) | M9: Time | R9: VITAMALT | S9: 14.2 | T9: 14.6 | U9: 0 | V9: 0.13905093 | W9: 0.26041667 | X9: 0.29513889 | Y9: 0 | Z9: 75
B10: STAG | C10: =[4]Brewhouse!$A406 -> ST347 | D10: =[4]Brewhouse!$AB406 -> 49 | E10: =[4]Brewhouse!$AG406 -> 45.8 | F10: =[4]Brewhouse!$V406 -> 53 | G10: =[4]Brewhouse!$AE406 -> 11.6 | H10: 11.8 | I10: =[4]Brewhouse!$AS406 -> 95.286968 | J10: =[4]Brewhouse!$AT406 -> 95.73922 | K10: =[4]Brewhouse!$Q406 -> 10.357143 | L10: =[4]Brewhouse!$P406 -> 59 | M10: =[4]Brewhouse!$U406-[4]Brewhouse!$T406 -> 0.13680556 | N10: =[4]Brewhouse!$AW406 -> 0.28611111 | O10: =[4]Brewhouse!$AV406 -> R.Sookram | R10: =B10 -> STAG | S10: =VLOOKUP($B10,$R$3:$X$9,2,FALSE) -> 11.6 | T10: =VLOOKUP($B10,$R$3:$X$9,3,FALSE) -> 12 | U10: =VLOOKUP($B10,$R$3:$X$9,4,FALSE) -> 0 | V10: =VLOOKUP($B10,$R$3:$X$9,5,FALSE) -> 0.11805556 | W10: =VLOOKUP($B10,$R$3:$X$9,6,FALSE) -> 0.22569444 | X10: =VLOOKUP($B10,$R$3:$X$9,7,FALSE) -> 0.26388889 | Y10: =VLOOKUP($B10,$R$3:$Z$9,8,FALSE) -> 0 | Z10: =VLOOKUP($B10,$R$3:$Z$9,9,FALSE) -> 60
R11: =B11 -> 0 | S11: =VLOOKUP($B11,$R$3:$X$9,2,FALSE) -> #N/A | T11: =VLOOKUP($B11,$R$3:$X$9,3,FALSE) -> #N/A | U11: =VLOOKUP($B11,$R$3:$X$9,4,FALSE) -> #N/A | V11: =VLOOKUP($B11,$R$3:$X$9,5,FALSE) -> #N/A | W11: =VLOOKUP($B11,$R$3:$X$9,6,FALSE) -> #N/A | X11: =VLOOKUP($B11,$R$3:$X$9,7,FALSE) -> #N/A | Y11: =VLOOKUP($B11,$R$3:$Z$9,8,FALSE) -> #N/A | Z11: =VLOOKUP($B11,$R$3:$Z$9,9,FALSE) -> #N/A
B12: STARMALT | C12: =[8]Brewhouse!$A112 -> SM099 | D12: =[8]Brewhouse!$AH112 -> 53 | E12: =[8]Brewhouse!$AM112 -> 51.1 | F12: =[8]Brewhouse!$Z112 -> 90 | G12: =[8]Brewhouse!$AK112 -> 17 | I12: =[8]Brewhouse!$AY112 -> 97.214272 | J12: =[8]Brewhouse!$AZ112 -> 97.481078 | K12: =[8]Brewhouse!$U112 -> 6.754717 | L12: =[8]Brewhouse!$T112 -> 60 | M12: =[8]Brewhouse!$Y112-[8]Brewhouse!$X112 -> 0.17291667 | N12: =[8]Brewhouse!$AD112 -> 0.33958333 | O12: =[8]Brewhouse!$BC112 -> D. Gomaz | R12: =B12 -> STARMALT | S12: =VLOOKUP($B12,$R$3:$X$9,2,FALSE) -> 17 | T12: =VLOOKUP($B12,$R$3:$X$9,3,FALSE) -> 17.4 | U12: =VLOOKUP($B12,$R$3:$X$9,4,FALSE) -> 0 | V12: =VLOOKUP($B12,$R$3:$X$9,5,FALSE) -> 0.13605324 | W12: =VLOOKUP($B12,$R$3:$X$9,6,FALSE) -> 0.27430556 | X12: =VLOOKUP($B12,$R$3:$X$9,7,FALSE) -> 0.30902778 | Y12: =VLOOKUP($B12,$R$3:$Z$9,8,FALSE) -> 0 | Z12: =VLOOKUP($B12,$R$3:$Z$9,9,FALSE) -> 85
B13: STARMALT | C13: =[8]Brewhouse!$A113 -> SM100 | D13: =[8]Brewhouse!$AH113 -> 53 | E13: =[8]Brewhouse!$AM113 -> 51.4 | F13: =[8]Brewhouse!$Z113 -> 69 | G13: =[8]Brewhouse!$AK113 -> 17.3 | I13: =[8]Brewhouse!$AY113 -> 98.86271 | J13: =[8]Brewhouse!$AZ113 -> 99.13668 | K13: =[8]Brewhouse!$U113 -> 7.8867925 | L13: =[8]Brewhouse!$T113 -> 61 | M13: =[8]Brewhouse!$Y113-[8]Brewhouse!$X113 -> 0.13819444 | N13: =[8]Brewhouse!$AD113 -> 0.32152778 | O13: =[8]Brewhouse!$BC113 -> D. Gomaz | R13: =B13 -> STARMALT | S13: =VLOOKUP($B13,$R$3:$X$9,2,FALSE) -> 17 | T13: =VLOOKUP($B13,$R$3:$X$9,3,FALSE) -> 17.4 | U13: =VLOOKUP($B13,$R$3:$X$9,4,FALSE) -> 0 | V13: =VLOOKUP($B13,$R$3:$X$9,5,FALSE) -> 0.13605324 | W13: =VLOOKUP($B13,$R$3:$X$9,6,FALSE) -> 0.27430556 | X13: =VLOOKUP($B13,$R$3:$X$9,7,FALSE) -> 0.30902778 | Y13: =VLOOKUP($B13,$R$3:$Z$9,8,FALSE) -> 0 | Z13: =VLOOKUP($B13,$R$3:$Z$9,9,FALSE) -> 85
B14: STARMALT | C14: =[8]Brewhouse!$A114 -> SM101 | D14: =[8]Brewhouse!$AH114 -> 53 | E14: =[8]Brewhouse!$AM114 -> 51.7 | F14: =[8]Brewhouse!$Z114 -> 70 | G14: =[8]Brewhouse!$AK114 -> 17.3 | I14: =[8]Brewhouse!$AY114 -> 99.43973 | J14: =[8]Brewhouse!$AZ114 -> 99.715299 | K14: =[8]Brewhouse!$U114 -> 4.1132075 | L14: =[8]Brewhouse!$T114 -> 57 | M14: =[8]Brewhouse!$Y114-[8]Brewhouse!$X114 -> 0.14861111 | N14: =[8]Brewhouse!$AD114 -> 0.34444444 | O14: =[8]Brewhouse!$BC114 -> D. Gomaz | R14: =B14 -> STARMALT | S14: =VLOOKUP($B14,$R$3:$X$9,2,FALSE) -> 17 | T14: =VLOOKUP($B14,$R$3:$X$9,3,FALSE) -> 17.4 | U14: =VLOOKUP($B14,$R$3:$X$9,4,FALSE) -> 0 | V14: =VLOOKUP($B14,$R$3:$X$9,5,FALSE) -> 0.13605324 | W14: =VLOOKUP($B14,$R$3:$X$9,6,FALSE) -> 0.27430556 | X14: =VLOOKUP($B14,$R$3:$X$9,7,FALSE) -> 0.30902778 | Y14: =VLOOKUP($B14,$R$3:$Z$9,8,FALSE) -> 0 | Z14: =VLOOKUP($B14,$R$3:$Z$9,9,FALSE) -> 85
B15: STARMALT | C15: =[8]Brewhouse!$A115 -> SM102 | D15: =[8]Brewhouse!$AH115 -> 53 | E15: =[8]Brewhouse!$AM115 -> 51 | F15: =[8]Brewhouse!$Z115 -> 67 | G15: =[8]Brewhouse!$AK115 -> 17.3 | I15: =[8]Brewhouse!$AY115 -> 98.013898 | J15: =[8]Brewhouse!$AZ115 -> 98.285775 | K15: =[8]Brewhouse!$U115 -> 7.3207547 | L15: =[8]Brewhouse!$T115 -> 60 | M15: =[8]Brewhouse!$Y115-[8]Brewhouse!$X115 -> 0.15625 | N15: =[8]Brewhouse!$AD115 -> 0.35694444 | O15: =[8]Brewhouse!$BC115 -> R.Sookram | R15: =B15 -> STARMALT | S15: =VLOOKUP($B15,$R$3:$X$9,2,FALSE) -> 17 | T15: =VLOOKUP($B15,$R$3:$X$9,3,FALSE) -> 17.4 | U15: =VLOOKUP($B15,$R$3:$X$9,4,FALSE) -> 0 | V15: =VLOOKUP($B15,$R$3:$X$9,5,FALSE) -> 0.13605324 | W15: =VLOOKUP($B15,$R$3:$X$9,6,FALSE) -> 0.27430556 | X15: =VLOOKUP($B15,$R$3:$X$9,7,FALSE) -> 0.30902778 | Y15: =VLOOKUP($B15,$R$3:$Z$9,8,FALSE) -> 0 | Z15: =VLOOKUP($B15,$R$3:$Z$9,9,FALSE) -> 85
B16: STARMALT | C16: =[8]Brewhouse!$A116 -> SM103 | D16: =[8]Brewhouse!$AH116 -> 53 | E16: =[8]Brewhouse!$AM116 -> 51.9 | F16: =[8]Brewhouse!$Z116 -> 65 | G16: =[8]Brewhouse!$AK116 -> 17.36 | I16: =[8]Brewhouse!$AY116 -> 95.022046 | J16: =[8]Brewhouse!$AZ116 -> 95.285373 | K16: =[8]Brewhouse!$U116 -> 5.0566038 | L16: =[8]Brewhouse!$T116 -> 60 | M16: =[8]Brewhouse!$Y116-[8]Brewhouse!$X116 -> 0.14861111 | N16: =[8]Brewhouse!$AD116 -> 0.39444444 | O16: =[8]Brewhouse!$BC116 -> R.Sookram | R16: =B16 -> STARMALT | S16: =VLOOKUP($B16,$R$3:$X$9,2,FALSE) -> 17 | T16: =VLOOKUP($B16,$R$3:$X$9,3,FALSE) -> 17.4 | U16: =VLOOKUP($B16,$R$3:$X$9,4,FALSE) -> 0 | V16: =VLOOKUP($B16,$R$3:$X$9,5,FALSE) -> 0.13605324 | W16: =VLOOKUP($B16,$R$3:$X$9,6,FALSE) -> 0.27430556 | X16: =VLOOKUP($B16,$R$3:$X$9,7,FALSE) -> 0.30902778 | Y16: =VLOOKUP($B16,$R$3:$Z$9,8,FALSE) -> 0 | Z16: =VLOOKUP($B16,$R$3:$Z$9,9,FALSE) -> 85
B17: STARMALT | C17: =[8]Brewhouse!$A117 -> SM104 | D17: =[8]Brewhouse!$AH117 -> 53 | E17: =[8]Brewhouse!$AM117 -> 51.9 | F17: =[8]Brewhouse!$Z117 -> 73 | G17: =[8]Brewhouse!$AK117 -> 17.4 | I17: =[8]Brewhouse!$AY117 -> 95.022046 | J17: =[8]Brewhouse!$AZ117 -> 95.285373 | K17: =[8]Brewhouse!$U117 -> 6.754717 | L17: =[8]Brewhouse!$T117 -> 60 | M17: =[8]Brewhouse!$Y117-[8]Brewhouse!$X117 -> 0.26458333 | N17: =[8]Brewhouse!$AD117 -> 0.42083333 | O17: =[8]Brewhouse!$BC117 -> R.Sookram | R17: =B17 -> STARMALT | S17: =VLOOKUP($B17,$R$3:$X$9,2,FALSE) -> 17 | T17: =VLOOKUP($B17,$R$3:$X$9,3,FALSE) -> 17.4 | U17: =VLOOKUP($B17,$R$3:$X$9,4,FALSE) -> 0 | V17: =VLOOKUP($B17,$R$3:$X$9,5,FALSE) -> 0.13605324 | W17: =VLOOKUP($B17,$R$3:$X$9,6,FALSE) -> 0.27430556 | X17: =VLOOKUP($B17,$R$3:$X$9,7,FALSE) -> 0.30902778 | Y17: =VLOOKUP($B17,$R$3:$Z$9,8,FALSE) -> 0 | Z17: =VLOOKUP($B17,$R$3:$Z$9,9,FALSE) -> 85
B18: STARMALT | C18: =[8]Brewhouse!$A118 -> SM105 | D18: =[8]Brewhouse!$AH118 -> 50 | E18: =[8]Brewhouse!$AM118 -> 49.3 | F18: =[8]Brewhouse!$Z118 -> 70 | G18: =[8]Brewhouse!$AK118 -> 17.4 | I18: =[8]Brewhouse!$AY118 -> 90.335017 | J18: =[8]Brewhouse!$AZ118 -> 90.585115 | K18: =[8]Brewhouse!$U118 -> 2.96 | L18: =[8]Brewhouse!$T118 -> 57 | M18: =[8]Brewhouse!$Y118-[8]Brewhouse!$X118 -> 0.15555556 | N18: =[8]Brewhouse!$AD118 -> 0.36180556 | O18: =[8]Brewhouse!$BC118 -> K. Benjamin | R18: =B18 -> STARMALT | S18: =VLOOKUP($B18,$R$3:$X$9,2,FALSE) -> 17 | T18: =VLOOKUP($B18,$R$3:$X$9,3,FALSE) -> 17.4 | U18: =VLOOKUP($B18,$R$3:$X$9,4,FALSE) -> 0 | V18: =VLOOKUP($B18,$R$3:$X$9,5,FALSE) -> 0.13605324 | W18: =VLOOKUP($B18,$R$3:$X$9,6,FALSE) -> 0.27430556 | X18: =VLOOKUP($B18,$R$3:$X$9,7,FALSE) -> 0.30902778 | Y18: =VLOOKUP($B18,$R$3:$Z$9,8,FALSE) -> 0 | Z18: =VLOOKUP($B18,$R$3:$Z$9,9,FALSE) -> 85
B19: STARMALT | C19: =[8]Brewhouse!$A119 -> SM106 | D19: =[8]Brewhouse!$AH119 -> 53 | E19: =[8]Brewhouse!$AM119 -> 55.3 | F19: =[8]Brewhouse!$Z119 -> 104 | G19: =[8]Brewhouse!$AK119 -> 17.4 | I19: =[8]Brewhouse!$AY119 -> 100.75694 | J19: =[8]Brewhouse!$AZ119 -> 101.03775 | K19: =[8]Brewhouse!$U119 -> -0.41509434 | L19: =[8]Brewhouse!$T119 -> 60 | M19: =[8]Brewhouse!$Y119-[8]Brewhouse!$X119 -> 0.17777778 | N19: =[8]Brewhouse!$AD119 -> 0.39027778 | O19: =[8]Brewhouse!$BC119 -> K. Benjamin | R19: =B19 -> STARMALT | S19: =VLOOKUP($B19,$R$3:$X$9,2,FALSE) -> 17 | T19: =VLOOKUP($B19,$R$3:$X$9,3,FALSE) -> 17.4 | U19: =VLOOKUP($B19,$R$3:$X$9,4,FALSE) -> 0 | V19: =VLOOKUP($B19,$R$3:$X$9,5,FALSE) -> 0.13605324 | W19: =VLOOKUP($B19,$R$3:$X$9,6,FALSE) -> 0.27430556 | X19: =VLOOKUP($B19,$R$3:$X$9,7,FALSE) -> 0.30902778 | Y19: =VLOOKUP($B19,$R$3:$Z$9,8,FALSE) -> 0 | Z19: =VLOOKUP($B19,$R$3:$Z$9,9,FALSE) -> 85
R20: =B20 -> 0 | S20: =VLOOKUP($B20,$R$3:$X$9,2,FALSE) -> #N/A | T20: =VLOOKUP($B20,$R$3:$X$9,3,FALSE) -> #N/A | U20: =VLOOKUP($B20,$R$3:$X$9,4,FALSE) -> #N/A | V20: =VLOOKUP($B20,$R$3:$X$9,5,FALSE) -> #N/A | W20: =VLOOKUP($B20,$R$3:$X$9,6,FALSE) -> #N/A | X20: =VLOOKUP($B20,$R$3:$X$9,7,FALSE) -> #N/A | Y20: =VLOOKUP($B20,$R$3:$Z$9,8,FALSE) -> #N/A | Z20: =VLOOKUP($B20,$R$3:$Z$9,9,FALSE) -> #N/A
R21: =B21 -> 0 | S21: =VLOOKUP($B21,$R$3:$X$9,2,FALSE) -> #N/A | T21: =VLOOKUP($B21,$R$3:$X$9,3,FALSE) -> #N/A | U21: =VLOOKUP($B21,$R$3:$X$9,4,FALSE) -> #N/A | V21: =VLOOKUP($B21,$R$3:$X$9,5,FALSE) -> #N/A | W21: =VLOOKUP($B21,$R$3:$X$9,6,FALSE) -> #N/A | X21: =VLOOKUP($B21,$R$3:$X$9,7,FALSE) -> #N/A | Y21: =VLOOKUP($B21,$R$3:$Z$9,8,FALSE) -> #N/A | Z21: =VLOOKUP($B21,$R$3:$Z$9,9,FALSE) -> #N/A
R22: =B22 -> 0 | S22: =VLOOKUP($B22,$R$3:$X$9,2,FALSE) -> #N/A | T22: =VLOOKUP($B22,$R$3:$X$9,3,FALSE) -> #N/A | U22: =VLOOKUP($B22,$R$3:$X$9,4,FALSE) -> #N/A | V22: =VLOOKUP($B22,$R$3:$X$9,5,FALSE) -> #N/A | W22: =VLOOKUP($B22,$R$3:$X$9,6,FALSE) -> #N/A | X22: =VLOOKUP($B22,$R$3:$X$9,7,FALSE) -> #N/A | Y22: =VLOOKUP($B22,$R$3:$Z$9,8,FALSE) -> #N/A | Z22: =VLOOKUP($B22,$R$3:$Z$9,9,FALSE) -> #N/A
R23: =B23 -> 0 | S23: =VLOOKUP($B23,$R$3:$X$9,2,FALSE) -> #N/A | T23: =VLOOKUP($B23,$R$3:$X$9,3,FALSE) -> #N/A | U23: =VLOOKUP($B23,$R$3:$X$9,4,FALSE) -> #N/A | V23: =VLOOKUP($B23,$R$3:$X$9,5,FALSE) -> #N/A | W23: =VLOOKUP($B23,$R$3:$X$9,6,FALSE) -> #N/A | X23: =VLOOKUP($B23,$R$3:$X$9,7,FALSE) -> #N/A | Y23: =VLOOKUP($B23,$R$3:$Z$9,8,FALSE) -> #N/A | Z23: =VLOOKUP($B23,$R$3:$Z$9,9,FALSE) -> #N/A
R24: =B24 -> 0 | S24: =VLOOKUP($B24,$R$3:$X$9,2,FALSE) -> #N/A | T24: =VLOOKUP($B24,$R$3:$X$9,3,FALSE) -> #N/A | U24: =VLOOKUP($B24,$R$3:$X$9,4,FALSE) -> #N/A | V24: =VLOOKUP($B24,$R$3:$X$9,5,FALSE) -> #N/A | W24: =VLOOKUP($B24,$R$3:$X$9,6,FALSE) -> #N/A | X24: =VLOOKUP($B24,$R$3:$X$9,7,FALSE) -> #N/A | Y24: =VLOOKUP($B24,$R$3:$Z$9,8,FALSE) -> #N/A | Z24: =VLOOKUP($B24,$R$3:$Z$9,9,FALSE) -> #N/A
B25: BRAND | D25: BBT P.G./ O.G | I25: Brand | K25: MTD No. of Brews | L25: MTD | M25: YTD | N25: Target | R25: =B25 -> BRAND | S25: =VLOOKUP($B25,$R$3:$X$9,2,FALSE) -> #N/A | T25: =VLOOKUP($B25,$R$3:$X$9,3,FALSE) -> #N/A | U25: =VLOOKUP($B25,$R$3:$X$9,4,FALSE) -> #N/A | V25: =VLOOKUP($B25,$R$3:$X$9,5,FALSE) -> #N/A | W25: =VLOOKUP($B25,$R$3:$X$9,6,FALSE) -> #N/A | X25: =VLOOKUP($B25,$R$3:$X$9,7,FALSE) -> #N/A | Y25: =VLOOKUP($B25,$R$3:$Z$9,8,FALSE) -> #N/A | Z25: =VLOOKUP($B25,$R$3:$Z$9,9,FALSE) -> #N/A
I26: CARIB | K26: =COUNTA([3]Brewhouse!$A$789:$A$820) -> 32 | L26: =AVERAGE([3]Brewhouse!$AU$789:$AU$820) -> 97.195426 | M26: =AVERAGE([3]Brewhouse!$AU$42:$AU$123,[3]Brewhouse!$AU$125:$AU$188,[3]Brewhouse!$AU$198:$AU$290,[3]Brewhouse!$AU$292:$AU$370,[3]Brewhouse!$AU$372:$AU$439,[3]Brewhouse!$AU$441:$AU$497,[3]Brewhouse!$AU$499:$AU$519,[3]Brewhouse!$AU$521:$AU$593,[3]Brewhouse!$AU$595:$AU$694,[3]Brewhouse!$AU$696:$AU$787,[3]Brewhouse!$AU$789:$AU$820) -> 98.283559 | N26: 98 | R26: =B26 -> 0 | S26: =VLOOKUP($B26,$R$3:$X$9,2,FALSE) -> #N/A | T26: =VLOOKUP($B26,$R$3:$X$9,3,FALSE) -> #N/A | U26: =VLOOKUP($B26,$R$3:$X$9,4,FALSE) -> #N/A | V26: =VLOOKUP($B26,$R$3:$X$9,5,FALSE) -> #N/A | W26: =VLOOKUP($B26,$R$3:$X$9,6,FALSE) -> #N/A | X26: =VLOOKUP($B26,$R$3:$X$9,7,FALSE) -> #N/A | Y26: =VLOOKUP($B26,$R$3:$Z$9,8,FALSE) -> #N/A | Z26: =VLOOKUP($B26,$R$3:$Z$9,9,FALSE) -> #N/A
I27: STAG | J27: =I10 -> 95.286968 | K27: =COUNTA([4]Brewhouse!$A$390:$A$406) -> 17 | L27: =AVERAGE([4]Brewhouse!$AS$390:$AS$406) -> 97.707843 | M27: =AVERAGE([4]Brewhouse!$AS$52:$AS$81,[4]Brewhouse!$AS$83:$AS$124,[4]Brewhouse!$AS$134:$AS$177,[4]Brewhouse!$AS$22:$AS$179,[4]Brewhouse!$AS$214:$AS$249,[4]Brewhouse!$AS$252:$AS$293,[4]Brewhouse!$AS$295:$AS$325,[4]Brewhouse!$AS$327:$AS$361,[4]Brewhouse!$AS$363:$AS$388,[4]Brewhouse!$AS$390:$AS$406) -> 98.285744 | N27: 98 | R27: =B27 -> 0 | S27: =VLOOKUP($B27,$R$3:$X$9,2,FALSE) -> #N/A | T27: =VLOOKUP($B27,$R$3:$X$9,3,FALSE) -> #N/A | U27: =VLOOKUP($B27,$R$3:$X$9,4,FALSE) -> #N/A | V27: =VLOOKUP($B27,$R$3:$X$9,5,FALSE) -> #N/A | W27: =VLOOKUP($B27,$R$3:$X$9,6,FALSE) -> #N/A | X27: =VLOOKUP($B27,$R$3:$X$9,7,FALSE) -> #N/A | Y27: =VLOOKUP($B27,$R$3:$Z$9,8,FALSE) -> #N/A | Z27: =VLOOKUP($B27,$R$3:$Z$9,9,FALSE) -> #N/A
I28: GUINNESS | K28: =COUNTA([5]Brewhouse!$A$108:$A$115) -> 8 | L28: =AVERAGE([5]Brewhouse!$AU$108:$AU$115) -> 97.365395 | M28: =AVERAGE([5]Brewhouse!$AU$16:$AU$23,[5]Brewhouse!$AU$25:$AU$32,[5]Brewhouse!$AU$34:$AU$41,[5]Brewhouse!$AU$43:$AU$60,[5]Brewhouse!$AU$62:$AU$69,[5]Brewhouse!$AU$71:$AU$88,[5]Brewhouse!$AU$90:$AU$97,[5]Brewhouse!$AU$99:$AU$106,[5]Brewhouse!$AU$108:$AU$115) -> 96.573751 | N28: 98 | R28: =B28 -> 0 | S28: =VLOOKUP($B28,$R$3:$X$9,2,FALSE) -> #N/A | T28: =VLOOKUP($B28,$R$3:$X$9,3,FALSE) -> #N/A | U28: =VLOOKUP($B28,$R$3:$X$9,4,FALSE) -> #N/A | V28: =VLOOKUP($B28,$R$3:$X$9,5,FALSE) -> #N/A | W28: =VLOOKUP($B28,$R$3:$X$9,6,FALSE) -> #N/A | X28: =VLOOKUP($B28,$R$3:$X$9,7,FALSE) -> #N/A | Y28: =VLOOKUP($B28,$R$3:$Z$9,8,FALSE) -> #N/A | Z28: =VLOOKUP($B28,$R$3:$Z$9,9,FALSE) -> #N/A
I29: VITAMALT | M29: =AVERAGE([6]Brewhouse!$AV$23:$AV$34,[6]Brewhouse!$AV$36,[6]Brewhouse!$AV$38:$AV$52,[6]Brewhouse!$AV$54:$AV$60,[6]Brewhouse!$AV$62:$AV$69,[6]Brewhouse!$AV$71:$AV$78,[6]Brewhouse!$AV$80:$AV$87,[6]Brewhouse!$AV$89:$AV$96,[6]Brewhouse!$AV$98:$AV$105) -> 97.566635 | N29: 98 | R29: =B29 -> 0 | S29: =VLOOKUP($B29,$R$3:$X$9,2,FALSE) -> #N/A | T29: =VLOOKUP($B29,$R$3:$X$9,3,FALSE) -> #N/A | U29: =VLOOKUP($B29,$R$3:$X$9,4,FALSE) -> #N/A | V29: =VLOOKUP($B29,$R$3:$X$9,5,FALSE) -> #N/A | W29: =VLOOKUP($B29,$R$3:$X$9,6,FALSE) -> #N/A | X29: =VLOOKUP($B29,$R$3:$X$9,7,FALSE) -> #N/A | Y29: =VLOOKUP($B29,$R$3:$Z$9,8,FALSE) -> #N/A | Z29: =VLOOKUP($B29,$R$3:$Z$9,9,FALSE) -> #N/A
I30: MAXIMALT | N30: 98 | R30: =B30 -> 0 | S30: =VLOOKUP($B30,$R$3:$X$9,2,FALSE) -> #N/A | T30: =VLOOKUP($B30,$R$3:$X$9,3,FALSE) -> #N/A | U30: =VLOOKUP($B30,$R$3:$X$9,4,FALSE) -> #N/A | V30: =VLOOKUP($B30,$R$3:$X$9,5,FALSE) -> #N/A | W30: =VLOOKUP($B30,$R$3:$X$9,6,FALSE) -> #N/A | X30: =VLOOKUP($B30,$R$3:$X$9,7,FALSE) -> #N/A | Y30: =VLOOKUP($B30,$R$3:$Z$9,8,FALSE) -> #N/A | Z30: =VLOOKUP($B30,$R$3:$Z$9,9,FALSE) -> #N/A
I31: MACKESON | M31: =AVERAGE([7]Brewhouse!$AT$4:$AT$11,[7]Brewhouse!$AT$13:$AT$16,[7]Brewhouse!$AT$18:$AT$30) -> 93.222628 | N31: 98 | R31: =B31 -> 0 | S31: =VLOOKUP($B31,$R$3:$X$9,2,FALSE) -> #N/A | T31: =VLOOKUP($B31,$R$3:$X$9,3,FALSE) -> #N/A | U31: =VLOOKUP($B31,$R$3:$X$9,4,FALSE) -> #N/A | V31: =VLOOKUP($B31,$R$3:$X$9,5,FALSE) -> #N/A | W31: =VLOOKUP($B31,$R$3:$X$9,6,FALSE) -> #N/A | X31: =VLOOKUP($B31,$R$3:$X$9,7,FALSE) -> #N/A | Y31: =VLOOKUP($B31,$R$3:$Z$9,8,FALSE) -> #N/A | Z31: =VLOOKUP($B31,$R$3:$Z$9,9,FALSE) -> #N/A
I32: STARMALT | M32: =AVERAGE([8]Brewhouse!$AY$5:$AY$14,[8]Brewhouse!$AY$16:$AY$23,[8]Brewhouse!$AY$42,[8]Brewhouse!$AY$44:$AY$51,[8]Brewhouse!$AY$53:$AY$64,[8]Brewhouse!$AY$66:$AY$73,[8]Brewhouse!$AY$75:$AY$82,[8]Brewhouse!$AY$84:$AY$101,[8]Brewhouse!$AY$103:$AY$110) -> 97.792958 | N32: 98 | R32: =B32 -> 0 | S32: =VLOOKUP($B32,$R$3:$X$9,2,FALSE) -> #N/A | T32: =VLOOKUP($B32,$R$3:$X$9,3,FALSE) -> #N/A | U32: =VLOOKUP($B32,$R$3:$X$9,4,FALSE) -> #N/A | V32: =VLOOKUP($B32,$R$3:$X$9,5,FALSE) -> #N/A | W32: =VLOOKUP($B32,$R$3:$X$9,6,FALSE) -> #N/A | X32: =VLOOKUP($B32,$R$3:$X$9,7,FALSE) -> #N/A | Y32: =VLOOKUP($B32,$R$3:$Z$9,8,FALSE) -> #N/A | Z32: =VLOOKUP($B32,$R$3:$Z$9,9,FALSE) -> #N/A
I33: HR- Pils | N33: 98 | R33: =B33 -> 0 | S33: =VLOOKUP($B33,$R$3:$X$9,2,FALSE) -> #N/A | T33: =VLOOKUP($B33,$R$3:$X$9,3,FALSE) -> #N/A | U33: =VLOOKUP($B33,$R$3:$X$9,4,FALSE) -> #N/A | V33: =VLOOKUP($B33,$R$3:$X$9,5,FALSE) -> #N/A | W33: =VLOOKUP($B33,$R$3:$X$9,6,FALSE) -> #N/A | X33: =VLOOKUP($B33,$R$3:$X$9,7,FALSE) -> #N/A | Y33: =VLOOKUP($B33,$R$3:$Z$9,8,FALSE) -> #N/A | Z33: =VLOOKUP($B33,$R$3:$Z$9,9,FALSE) -> #N/A
I34: HR- IPA | N34: 98 | R34: =B34 -> 0 | S34: =VLOOKUP($B34,$R$3:$X$9,2,FALSE) -> #N/A | T34: =VLOOKUP($B34,$R$3:$X$9,3,FALSE) -> #N/A | U34: =VLOOKUP($B34,$R$3:$X$9,4,FALSE) -> #N/A | V34: =VLOOKUP($B34,$R$3:$X$9,5,FALSE) -> #N/A | W34: =VLOOKUP($B34,$R$3:$X$9,6,FALSE) -> #N/A | X34: =VLOOKUP($B34,$R$3:$X$9,7,FALSE) -> #N/A | Y34: =VLOOKUP($B34,$R$3:$Z$9,8,FALSE) -> #N/A | Z34: =VLOOKUP($B34,$R$3:$Z$9,9,FALSE) -> #N/A
I35: HR- APA | N35: 98 | R35: =B35 -> 0 | S35: =VLOOKUP($B35,$R$3:$X$9,2,FALSE) -> #N/A | T35: =VLOOKUP($B35,$R$3:$X$9,3,FALSE) -> #N/A | U35: =VLOOKUP($B35,$R$3:$X$9,4,FALSE) -> #N/A | V35: =VLOOKUP($B35,$R$3:$X$9,5,FALSE) -> #N/A | W35: =VLOOKUP($B35,$R$3:$X$9,6,FALSE) -> #N/A | X35: =VLOOKUP($B35,$R$3:$X$9,7,FALSE) -> #N/A | Y35: =VLOOKUP($B35,$R$3:$Z$9,8,FALSE) -> #N/A | Z35: =VLOOKUP($B35,$R$3:$Z$9,9,FALSE) -> #N/A
K36: =SUM(K26:K35) -> 57 | L36: =((L26*K26)+(L27*K27)+(L28*K28)+(L29*K29)+(L30*K30)+(K33*L33)+(L31*K31)+(L32*K32)+(L35*K35))/(K36) -> 97.372107 | M36: =AVERAGE('[9]Jan30th-31st'!$L$42,'[10]Feb 27th-28th'!$L$45,'[11]Mar 31st'!$L$42,'[12]Apr 30th'!$L$41,'[13]May 29th '!$L$35,'[14]June 30th'!$L$32,[15]July31st!$L$36,'[16]Aug 31st'!$L$32,L36) -> 97.906991 | N36: 98 | R36: =B36 -> 0 | S36: =VLOOKUP($B36,$R$3:$X$9,2,FALSE) -> #N/A | T36: =VLOOKUP($B36,$R$3:$X$9,3,FALSE) -> #N/A | U36: =VLOOKUP($B36,$R$3:$X$9,4,FALSE) -> #N/A | V36: =VLOOKUP($B36,$R$3:$X$9,5,FALSE) -> #N/A | W36: =VLOOKUP($B36,$R$3:$X$9,6,FALSE) -> #N/A | X36: =VLOOKUP($B36,$R$3:$X$9,7,FALSE) -> #N/A | Y36: =VLOOKUP($B36,$R$3:$Z$9,8,FALSE) -> #N/A | Z36: =VLOOKUP($B36,$R$3:$Z$9,9,FALSE) -> #N/A
R37: =B37 -> 0 | S37: =VLOOKUP($B37,$R$3:$X$9,2,FALSE) -> #N/A | T37: =VLOOKUP($B37,$R$3:$X$9,3,FALSE) -> #N/A | U37: =VLOOKUP($B37,$R$3:$X$9,4,FALSE) -> #N/A | V37: =VLOOKUP($B37,$R$3:$X$9,5,FALSE) -> #N/A | W37: =VLOOKUP($B37,$R$3:$X$9,6,FALSE) -> #N/A | X37: =VLOOKUP($B37,$R$3:$X$9,7,FALSE) -> #N/A | Y37: =VLOOKUP($B37,$R$3:$Z$9,8,FALSE) -> #N/A | Z37: =VLOOKUP($B37,$R$3:$Z$9,9,FALSE) -> #N/A
J38: Daily Brewing Plan
J39: Brand | L39: Average Brews per day
J40: CARIB | L40: MTD | M40: YTD | N40: TARGET
J41: STAG | K41: 1 | L41: =AVERAGE('Oct 1st'!K52,'Oct 2nd'!K44,'Oct 5th'!K51,'Oct 6th'!K58,'Oct 7th'!K47,'Oct 8th '!K46,'Oct 9th-10th'!J57,'Oct 9th-10th'!K57,K50) -> 6.3333333 | M41: =AVERAGE('[9]Jan30th-31st'!$L$47,L41,'[10]Feb 26th '!$L$39,'[11]Mar 31st'!$L$47,'[12]Apr 30th'!$L$46,'[13]May 29th '!$L$40,'[14]June 30th'!$L$39,[15]July31st!$L$41,'[16]Aug 31st'!$L$37,'[18]Sept 30th'!$L$37) -> 6.5068675 | N41: 9.2
J42: GUINN
J43: VITAMALT
J44: STARMALT
J45: MACKESON
J46: HURRICANE REEF- IPA
J47: HURRICANE REEF- APA
B48: AVERAGE | J48: HR- PILSNER
J49: CARIBE
J50: Total | K50: =SUM(K40:K49) -> 1
B51: Process: | C51: Fermentation/Filtration
B53: Brand | C53: Filt. Date | D53: FV Hls | E53: GFE/ Prim/ Vita Blend (Hls) | F53: SV Hls | G53: BBT Hls | H53: Loss (%) Ferm | I53: Loss (%) Filt | J53: Comments | K53: Throughput | L53: Process Loss (%) | M53: Filt. Operator
AB54: 43474 | AC54: 43475 | AD54: 43476 | AE54: 43477 | AF54: 43478 | AG54: 43479 | AH54: 43480 | AI54: 43481 | AJ54: 43482 | AK54: 43483 | AL54: 43484 | AM54: 43485 | AN54: 43486 | AO54: 43487 | AP54: 43488 | AQ54: 43489 | AR54: 43490 | AS54: 43491 | AT54: 43492 | AU54: 43493 | AV54: 43494 | AW54: 43495 | AX54: 43496
B55: =I26 -> CARIB | C55: 46307 | D55: =[19]October_2026!$O$3 -> 405.7 | G55: =[19]October_2026!$O$7 -> 382.3 | J55: 1 BREAK | K55: =[20]October_2026!$O$18 -> 0.67070175 | L55: =(((D55+E55)-G55)/(D55+E55))*100 -> 5.7678087 | M55: R. Regis | AB55: =[21]January_2019!L5 -> 0 | AC55: =[21]January_2019!M5 -> 0 | AD55: =[21]January_2019!N5 -> 0 | AE55: =[21]January_2019!O5 -> 0 | AF55: =[21]January_2019!P5 -> 0 | AG55: =[21]January_2019!Q5 -> 0 | AH55: =[21]January_2019!R5 -> 0 | AI55: =[21]January_2019!S5 -> 0 | ... AX55: =[21]January_2019!AH5 -> 0
AB56: =[21]January_2019!L6 -> 0 | AC56: =[21]January_2019!M6 -> 0 | AD56: =[21]January_2019!N6 -> 0 | AE56: =[21]January_2019!O6 -> 0 | AF56: =[21]January_2019!P6 -> 0 | AG56: =[21]January_2019!Q6 -> 0 | AH56: =[21]January_2019!R6 -> 0 | AI56: =[21]January_2019!S6 -> 0 | ... AX56: =[21]January_2019!AH6 -> 0
