Workbook

Sheet Summary
A1: Maintenance compliance 2026 (from the monthly SCTCM reports)
A2: Each month sheet holds the figure reported on that month's SCTCM KPI scorecard. Blue figures are typed in from the reports; this summary is calculated from them.
A4: Month | B4: Sheet | C4: Compliance (month) | D4: Compliance (year to date) | E4: Budget | F4: Last year (month) | G4: YTD shown in the SCTCM report | H4: Source
A5: 46023 | B5: Jan PM | C5: ='Jan PM'!B7 -> 0.2703 | D5: =AVERAGE($C$5:C5) -> 0.2703 | E5: ='Jan PM'!C7 -> 0.7 | F5: – | G5: 0.27 | H5: CBG - SCTCM report January 2026 (Supply chain).pptx, slide 7
A6: 46054 | B6: Feb PM | C6: ='Feb PM'!B7 -> 0.55 | D6: =AVERAGE($C$5:C6) -> 0.41015 | E6: ='Feb PM'!C7 -> 0.7 | F6: – | G6: 0.41 | H6: CBG - SCTCM report February 2026 (Supply chain).pptx, slide 8
A7: 46082 | B7: Mar PM | C7: ='Mar PM'!B7 -> 0.32 | D7: =AVERAGE($C$5:C7) -> 0.3801 | E7: ='Mar PM'!C7 -> 0.7 | F7: – | G7: 0.38 | H7: CBG - SCTCM report March 2026 (Supply chain).pptx, slide 8
A8: 46113 | B8: Apr PM | C8: ='Apr PM'!B7 -> 0.19 | D8: =AVERAGE($C$5:C8) -> 0.332575 | E8: ='Apr PM'!C7 -> 0.7 | F8: 0.07 | G8: 0.333 | H8: CBG - SCTCM report April 2026 (Supply chain).pptx, slide 7
A9: 46143 | B9: May PM | C9: ='May PM'!B7 -> 0.21 | D9: =AVERAGE($C$5:C9) -> 0.30806 | E9: ='May PM'!C7 -> 0.7 | F9: 0.41 | G9: 0.308 | H9: CBG - SCTCM report May 2026 (Supply chain).pptx, slide 7
A10: 46174 | B10: Jun PM | C10: ='Jun PM'!B7 -> 0.01 | D10: =AVERAGE($C$5:C10) -> 0.25838333 | E10: ='Jun PM'!C7 -> 0.7 | F10: 0.25 | G10: 0.258 | H10: CBG - SCTCM report June 2026 (Supply chain).pptx, slide 7
A11: 46204 | B11: Jul PM | C11: ='Jul PM'!B7 -> 0.37 | D11: =AVERAGE($C$5:C11) -> 0.27432857 | E11: ='Jul PM'!C7 -> 0.7 | F11: 0.35 | G11: 0.274 | H11: CBG - SCTCM report July 2026 (Supply chain).pptx, slide 8
A12: 46235 | B12: Aug PM | C12: ='Aug PM'!B7 -> 0.54 | D12: =AVERAGE($C$5:C12) -> 0.3075375 | E12: ='Aug PM'!C7 -> 0.7 | F12: 0.36 | G12: 0.308 | H12: CBG - SCTCM report August 2026 (Supply chain).pptx, slide 7 (scorecard picture)
A14: Year to date is the average of the monthly figures, the same way the SCTCM reports calculate it (the "YTD shown" column is there to check against).
A15: August is also in Finished PM Compliance.xlsx as 53.7% (the same result before rounding); with both uploaded the dashboards may show either.

Sheet Jan PM
A1: PM'S PLANNED
A3: 46023
A6: EQUIPMENT | B6: % | C6: Budget
A7: % COMPLETION | B7: 0.2703 | C7: 0.7
A9: Overall planned maintenance completion for January 2026, as reported on the KPI scorecard of CBG - SCTCM report January 2026 (Supply chain). Figure by equipment is not in the report.

Sheet Feb PM
A1: PM'S PLANNED
A3: 46054
A6: EQUIPMENT | B6: % | C6: Budget
A7: % COMPLETION | B7: 0.55 | C7: 0.7
A9: Overall planned maintenance completion for February 2026, as reported on the KPI scorecard of CBG - SCTCM report February 2026 (Supply chain). Figure by equipment is not in the report.

Sheet Mar PM
A1: PM'S PLANNED
A3: 46082
A6: EQUIPMENT | B6: % | C6: Budget
A7: % COMPLETION | B7: 0.32 | C7: 0.7
A9: Overall planned maintenance completion for March 2026, as reported on the KPI scorecard of CBG - SCTCM report March 2026 (Supply chain). Figure by equipment is not in the report.

Sheet Apr PM
A1: PM'S PLANNED
A3: 46113
A6: EQUIPMENT | B6: % | C6: Budget
A7: % COMPLETION | B7: 0.19 | C7: 0.7
A9: Overall planned maintenance completion for April 2026, as reported on the KPI scorecard of CBG - SCTCM report April 2026 (Supply chain). Figure by equipment is not in the report.

Sheet May PM
A1: PM'S PLANNED
A3: 46143
A6: EQUIPMENT | B6: % | C6: Budget
A7: % COMPLETION | B7: 0.21 | C7: 0.7
A9: Overall planned maintenance completion for May 2026, as reported on the KPI scorecard of CBG - SCTCM report May 2026 (Supply chain). Figure by equipment is not in the report.

Sheet Jun PM
A1: PM'S PLANNED
A3: 46174
A6: EQUIPMENT | B6: % | C6: Budget
A7: % COMPLETION | B7: 0.01 | C7: 0.7
A9: Overall planned maintenance completion for June 2026, as reported on the KPI scorecard of CBG - SCTCM report June 2026 (Supply chain). Figure by equipment is not in the report.

Sheet Jul PM
A1: PM'S PLANNED
A3: 46204
A6: EQUIPMENT | B6: % | C6: Budget
A7: % COMPLETION | B7: 0.37 | C7: 0.7
A9: Overall planned maintenance completion for July 2026, as reported on the KPI scorecard of CBG - SCTCM report July 2026 (Supply chain). Figure by equipment is not in the report.

Sheet Aug PM
A1: PM'S PLANNED
A3: 46235
A6: EQUIPMENT | B6: % | C6: Budget
A7: % COMPLETION | B7: 0.54 | C7: 0.7
A9: Overall planned maintenance completion for August 2026, as reported on the KPI scorecard of CBG - SCTCM report August 2026 (Supply chain). Figure by equipment is not in the report.
