Workbook
Name ProductList: [1]November15!$R$3:$R$9
Name ProductList: [2]November15!$R$3:$R$9

Sheet Dec 18th
T1: P.G. | V1: Hot Time | X1: Process Time | Z1: Cooling Time
B2: Brewing Department Daily Process Loss Report | T2: Lower | U2: Upper | V2: Lower | W2: Upper | X2: Lower | Y2: Upper | Z2: Lower | AA2: Upper
S3: CARIB | T3: 11.6 | U3: 12 | V3: 0 | W3: 0.11805556 | X3: 0.17361111 | Y3: 0.21180556 | Z3: 0 | AA3: 60 | AC3: HR- PISNER
B4: Date: | C4: 45278 | J4: LOT WORT COLOUR: 3.4 | M4: Filter Sheets (Target 20 days) | S4: STAG | T4: 11.6 | U4: 12 | V4: 0 | W4: 0.11805556 | X4: 0.17361111 | Y4: 0.21180556 | Z4: 0 | AA4: 60
M5: Double | N5: Single | S5: GUINNESS | T5: 17 | U5: 17.5 | V5: 0 | W5: 0.10763889 | X5: 0.19444444 | Y5: 0.23263889 | Z5: 0 | AA5: 60
J6: MALT LOT: Lot 8 | L6: Sheet Day | S6: MACKESON | T6: 13.3 | U6: 13.5 | V6: 0 | W6: 0.12905093 | X6: 0.22222222 | Y6: 0.25347222 | Z6: 0
S7: STARMALT | T7: 17.1 | U7: 17.5 | V7: 0 | W7: 0.13605324 | X7: 0.20833333 | Y7: 0.24305556 | Z7: 0 | AA7: 60
B8: Brand | C8: Brew no. | D8: Kett. Hls | E8: Wort | F8: Cool Time(Mins) | G8: Cast. P.G. (Lab Result) | H8: Cast P.G. (Cellar Operator)-gravity | I8: Extr. Rec (79.1%) | J8: Theor. Extr. (77.5%) | K8: Boil Off /Vol. (4-6%) | L8: Boil Time | M8: Total Hot | N8: Brewing | P8: Comments | Q8: Actual Pilsen Malt | S8: Hurricane Reef | T8: 16.6 | U8: 17 | V8: 0 | W8: 0.12905093 | X8: 0.22222222 | Y8: 0.25347222 | Z8: 0
E9: Meter (Hls) | F9: Target(< 60Mins) | M9: Time | S9: VITAMALT | T9: 14.4 | U9: 14.6 | V9: 0 | W9: 0.13905093 | X9: 0.19097222 | Y9: 0.22569444 | Z9: 0 | AA9: 75
S10: =B10 -> 0 | T10: =VLOOKUP($B10,$S$3:$Y$9,2,FALSE) -> #N/A | U10: =VLOOKUP($B10,$S$3:$Y$9,3,FALSE) -> #N/A | V10: =VLOOKUP($B10,$S$3:$Y$9,4,FALSE) -> #N/A | W10: =VLOOKUP($B10,$S$3:$Y$9,5,FALSE) -> #N/A | X10: =VLOOKUP($B10,$S$3:$Y$9,6,FALSE) -> #N/A | Y10: =VLOOKUP($B10,$S$3:$Y$9,7,FALSE) -> #N/A | Z10: =VLOOKUP($B10,$S$3:$AA$9,8,FALSE) -> #N/A | AA10: =VLOOKUP($B10,$S$3:$AA$9,9,FALSE) -> #N/A
S11: =B11 -> 0 | T11: =VLOOKUP($B11,$S$3:$Y$9,2,FALSE) -> #N/A | U11: =VLOOKUP($B11,$S$3:$Y$9,3,FALSE) -> #N/A | V11: =VLOOKUP($B11,$S$3:$Y$9,4,FALSE) -> #N/A | W11: =VLOOKUP($B11,$S$3:$Y$9,5,FALSE) -> #N/A | X11: =VLOOKUP($B11,$S$3:$Y$9,6,FALSE) -> #N/A | Y11: =VLOOKUP($B11,$S$3:$Y$9,7,FALSE) -> #N/A | Z11: =VLOOKUP($B11,$S$3:$AA$9,8,FALSE) -> #N/A | AA11: =VLOOKUP($B11,$S$3:$AA$9,9,FALSE) -> #N/A
S12: =B12 -> 0 | T12: =VLOOKUP($B12,$S$3:$Y$9,2,FALSE) -> #N/A | U12: =VLOOKUP($B12,$S$3:$Y$9,3,FALSE) -> #N/A | V12: =VLOOKUP($B12,$S$3:$Y$9,4,FALSE) -> #N/A | W12: =VLOOKUP($B12,$S$3:$Y$9,5,FALSE) -> #N/A | X12: =VLOOKUP($B12,$S$3:$Y$9,6,FALSE) -> #N/A | Y12: =VLOOKUP($B12,$S$3:$Y$9,7,FALSE) -> #N/A | Z12: =VLOOKUP($B12,$S$3:$AA$9,8,FALSE) -> #N/A | AA12: =VLOOKUP($B12,$S$3:$AA$9,9,FALSE) -> #N/A
S13: =B13 -> 0 | T13: =VLOOKUP($B13,$S$3:$Y$9,2,FALSE) -> #N/A | U13: =VLOOKUP($B13,$S$3:$Y$9,3,FALSE) -> #N/A | V13: =VLOOKUP($B13,$S$3:$Y$9,4,FALSE) -> #N/A | W13: =VLOOKUP($B13,$S$3:$Y$9,5,FALSE) -> #N/A | X13: =VLOOKUP($B13,$S$3:$Y$9,6,FALSE) -> #N/A | Y13: =VLOOKUP($B13,$S$3:$Y$9,7,FALSE) -> #N/A | Z13: =VLOOKUP($B13,$S$3:$AA$9,8,FALSE) -> #N/A | AA13: =VLOOKUP($B13,$S$3:$AA$9,9,FALSE) -> #N/A
S14: =B14 -> 0 | T14: =VLOOKUP($B14,$S$3:$Y$9,2,FALSE) -> #N/A | U14: =VLOOKUP($B14,$S$3:$Y$9,3,FALSE) -> #N/A | V14: =VLOOKUP($B14,$S$3:$Y$9,4,FALSE) -> #N/A | W14: =VLOOKUP($B14,$S$3:$Y$9,5,FALSE) -> #N/A | X14: =VLOOKUP($B14,$S$3:$Y$9,6,FALSE) -> #N/A | Y14: =VLOOKUP($B14,$S$3:$Y$9,7,FALSE) -> #N/A | Z14: =VLOOKUP($B14,$S$3:$AA$9,8,FALSE) -> #N/A | AA14: =VLOOKUP($B14,$S$3:$AA$9,9,FALSE) -> #N/A
S15: =B15 -> 0 | T15: =VLOOKUP($B15,$S$3:$Y$9,2,FALSE) -> #N/A | U15: =VLOOKUP($B15,$S$3:$Y$9,3,FALSE) -> #N/A | V15: =VLOOKUP($B15,$S$3:$Y$9,4,FALSE) -> #N/A | W15: =VLOOKUP($B15,$S$3:$Y$9,5,FALSE) -> #N/A | X15: =VLOOKUP($B15,$S$3:$Y$9,6,FALSE) -> #N/A | Y15: =VLOOKUP($B15,$S$3:$Y$9,7,FALSE) -> #N/A | Z15: =VLOOKUP($B15,$S$3:$AA$9,8,FALSE) -> #N/A | AA15: =VLOOKUP($B15,$S$3:$AA$9,9,FALSE) -> #N/A
S16: =B16 -> 0 | T16: =VLOOKUP($B16,$S$3:$Y$9,2,FALSE) -> #N/A | U16: =VLOOKUP($B16,$S$3:$Y$9,3,FALSE) -> #N/A | V16: =VLOOKUP($B16,$S$3:$Y$9,4,FALSE) -> #N/A | W16: =VLOOKUP($B16,$S$3:$Y$9,5,FALSE) -> #N/A | X16: =VLOOKUP($B16,$S$3:$Y$9,6,FALSE) -> #N/A | Y16: =VLOOKUP($B16,$S$3:$Y$9,7,FALSE) -> #N/A | Z16: =VLOOKUP($B16,$S$3:$AA$9,8,FALSE) -> #N/A | AA16: =VLOOKUP($B16,$S$3:$AA$9,9,FALSE) -> #N/A
S17: =B17 -> 0 | T17: =VLOOKUP($B17,$S$3:$Y$9,2,FALSE) -> #N/A | U17: =VLOOKUP($B17,$S$3:$Y$9,3,FALSE) -> #N/A | V17: =VLOOKUP($B17,$S$3:$Y$9,4,FALSE) -> #N/A | W17: =VLOOKUP($B17,$S$3:$Y$9,5,FALSE) -> #N/A | X17: =VLOOKUP($B17,$S$3:$Y$9,6,FALSE) -> #N/A | Y17: =VLOOKUP($B17,$S$3:$Y$9,7,FALSE) -> #N/A | Z17: =VLOOKUP($B17,$S$3:$AA$9,8,FALSE) -> #N/A | AA17: =VLOOKUP($B17,$S$3:$AA$9,9,FALSE) -> #N/A
S18: =B18 -> 0 | T18: =VLOOKUP($B18,$S$3:$Y$9,2,FALSE) -> #N/A | U18: =VLOOKUP($B18,$S$3:$Y$9,3,FALSE) -> #N/A | V18: =VLOOKUP($B18,$S$3:$Y$9,4,FALSE) -> #N/A | W18: =VLOOKUP($B18,$S$3:$Y$9,5,FALSE) -> #N/A | X18: =VLOOKUP($B18,$S$3:$Y$9,6,FALSE) -> #N/A | Y18: =VLOOKUP($B18,$S$3:$Y$9,7,FALSE) -> #N/A | Z18: =VLOOKUP($B18,$S$3:$AA$9,8,FALSE) -> #N/A | AA18: =VLOOKUP($B18,$S$3:$AA$9,9,FALSE) -> #N/A
S19: =B19 -> 0 | T19: =VLOOKUP($B19,$S$3:$Y$9,2,FALSE) -> #N/A | U19: =VLOOKUP($B19,$S$3:$Y$9,3,FALSE) -> #N/A | V19: =VLOOKUP($B19,$S$3:$Y$9,4,FALSE) -> #N/A | W19: =VLOOKUP($B19,$S$3:$Y$9,5,FALSE) -> #N/A | X19: =VLOOKUP($B19,$S$3:$Y$9,6,FALSE) -> #N/A | Y19: =VLOOKUP($B19,$S$3:$Y$9,7,FALSE) -> #N/A | Z19: =VLOOKUP($B19,$S$3:$AA$9,8,FALSE) -> #N/A | AA19: =VLOOKUP($B19,$S$3:$AA$9,9,FALSE) -> #N/A
S20: =B20 -> 0 | T20: =VLOOKUP($B20,$S$3:$Y$9,2,FALSE) -> #N/A | U20: =VLOOKUP($B20,$S$3:$Y$9,3,FALSE) -> #N/A | V20: =VLOOKUP($B20,$S$3:$Y$9,4,FALSE) -> #N/A | W20: =VLOOKUP($B20,$S$3:$Y$9,5,FALSE) -> #N/A | X20: =VLOOKUP($B20,$S$3:$Y$9,6,FALSE) -> #N/A | Y20: =VLOOKUP($B20,$S$3:$Y$9,7,FALSE) -> #N/A | Z20: =VLOOKUP($B20,$S$3:$AA$9,8,FALSE) -> #N/A | AA20: =VLOOKUP($B20,$S$3:$AA$9,9,FALSE) -> #N/A
S21: =B21 -> 0 | T21: =VLOOKUP($B21,$S$3:$Y$9,2,FALSE) -> #N/A | U21: =VLOOKUP($B21,$S$3:$Y$9,3,FALSE) -> #N/A | V21: =VLOOKUP($B21,$S$3:$Y$9,4,FALSE) -> #N/A | W21: =VLOOKUP($B21,$S$3:$Y$9,5,FALSE) -> #N/A | X21: =VLOOKUP($B21,$S$3:$Y$9,6,FALSE) -> #N/A | Y21: =VLOOKUP($B21,$S$3:$Y$9,7,FALSE) -> #N/A | Z21: =VLOOKUP($B21,$S$3:$AA$9,8,FALSE) -> #N/A | AA21: =VLOOKUP($B21,$S$3:$AA$9,9,FALSE) -> #N/A
... S47: =B47 -> 0 | T47: =VLOOKUP($B47,$S$3:$Y$9,2,FALSE) -> #N/A | U47: =VLOOKUP($B47,$S$3:$Y$9,3,FALSE) -> #N/A | V47: =VLOOKUP($B47,$S$3:$Y$9,4,FALSE) -> #N/A | W47: =VLOOKUP($B47,$S$3:$Y$9,5,FALSE) -> #N/A | X47: =VLOOKUP($B47,$S$3:$Y$9,6,FALSE) -> #N/A | Y47: =VLOOKUP($B47,$S$3:$Y$9,7,FALSE) -> #N/A | Z47: =VLOOKUP($B47,$S$3:$AA$9,8,FALSE) -> #N/A | AA47: =VLOOKUP($B47,$S$3:$AA$9,9,FALSE) -> #N/A
I48: EXTRACT RECOVERY
B49: BRAND | D49: BBT P.G./ O.G | I49: Brand | J49: Actual | K49: MTD No. of Brews | L49: MTD | M49: YTD | N49: Target
B50: STAG | C50: 11.8 | D50: 11.73 | I50: CARIB | K50: =COUNTA([20]Brewhouse!$A$1596:$A$1619) -> 24 | L50: =AVERAGE([20]Brewhouse!$AU$1529,[20]Brewhouse!$AU$1531:$AU$1594,[20]Brewhouse!$AU$1596:$AU$1619) -> 98.205761 | M50: =AVERAGE([20]Brewhouse!$AU$849:$AU$924,[20]Brewhouse!$AU$926:$AU$971,[20]Brewhouse!$AU$973:$AU$1066,[20]Brewhouse!$AU$1068:$AU$1111,[20]Brewhouse!$AU$1113:$AU$1132,[20]Brewhouse!$AU$1134:$AU$1167,[20]Brewhouse!$AU$1169:$AU$1230,[20]Brewhouse!$AU$1232:$AU$1299,[20]Brewhouse!$AU$1301:$AU$1363,[20]Brewhouse!$AU$1365:$AU$1444,[20]Brewhouse!$AU$1446:$AU$1527,[20]Brewhouse!$AU$1529,[20]Brewhouse!$AU$1531:$AU$1594,[20]Brewhouse!$AU$1596:$AU$1619) -> 98.381806 | N50: 98
C51: 11.9 | I51: STAG | K51: =COUNTA([21]Brewhouse!$A$976:$A$1007) -> 32 | L51: =AVERAGE([21]Brewhouse!$AS$976:$AS$979,[21]Brewhouse!$AS$981:$AS$1007) -> 98.538567 | M51: =AVERAGE([21]Brewhouse!$AS$577:$AS$618,[21]Brewhouse!$AS$620:$AS$651,[21]Brewhouse!$AS$653:$AS$696,[21]Brewhouse!$AS$698:$AS$708,[21]Brewhouse!$AS$710:$AS$733,[21]Brewhouse!$AS$735:$AS$777,[21]Brewhouse!$AS$779:$AS$822,[21]Brewhouse!$AS$824:$AS$863,[21]Brewhouse!$AS$865:$AS$974,[21]Brewhouse!$AS$976:$AS$979,[21]Brewhouse!$AS$981:$AS$1007) -> 98.489671 | N51: 98
I52: GUINNESS | K52: =COUNTA([22]Brewhouse!$A$282:$A$289) -> 8 | L52: =AVERAGE([22]Brewhouse!$AU$269:$AU$279,[22]Brewhouse!$AU$282:$AU$289) -> 96.186177 | M52: =AVERAGE([22]Brewhouse!$AU$161:$AU$176,[22]Brewhouse!$AU$178:$AU$195,[22]Brewhouse!$AU$197:$AU$208,[22]Brewhouse!$AU$210:$AU$221,[22]Brewhouse!$AU$223:$AU$232,[22]Brewhouse!$AU$234:$AU$279,[22]Brewhouse!$AU$282:$AU$289) -> 96.64916 | N52: 98
I53: VITAMALT | K53: =COUNTA([23]Brewhouse!$A$158:$A$163) -> 6 | L53: =AVERAGE([23]Brewhouse!$AU$158:$AU$163) -> 94.60305 | M53: =AVERAGE([23]Brewhouse!$AU$91:$AU$101,[23]Brewhouse!$AU$103:$AU$112,[23]Brewhouse!$AU$114:$AU$123,[23]Brewhouse!$AU$125:$AU$134,[23]Brewhouse!$AU$136:$AU$145,[23]Brewhouse!$AU$147:$AU$156,[23]Brewhouse!$AU$158:$AU$163) -> 96.240014 | N53: 98
I54: MAXIMALT | N54: 98
I55: MACKESON | M55: =AVERAGE([24]Brewhouse!$AT$74:$AT$79) -> 93.959836 | N55: 98
I56: STARMALT | K56: =COUNTA([25]Brewhouse!$A$249:$A$254) -> 6 | L56: =AVERAGE([25]Brewhouse!$AY$249:$AY$254) -> 99.681996 | M56: =AVERAGE([25]Brewhouse!$AY$138:$AY$143,[25]Brewhouse!$AY$145:$AY$153,[25]Brewhouse!$AY$155,[25]Brewhouse!$AY$156:$AY$174,[25]Brewhouse!$AY$176:$AY$185,[25]Brewhouse!$AY$187:$AY$198,[25]Brewhouse!$AY$200:$AY$247,[25]Brewhouse!$AY$249:$AY$254) -> 98.774703 | N56: 98
I57: HR- P | M57: =AVERAGE([26]Brewhouse!$AW$13:$AW$14,[26]Brewhouse!$AW$16:$AW$17) -> 92.042628 | N57: 98
I58: Hurricane Reef | M58: =AVERAGE([26]Brewhouse!$AW$13:$AW$14) -> 88.376943 | N58: 98
K59: =SUM(K50:K58) -> 76 | L59: =((L50*K50)+(L51*K51)+(L52*K52)+(L53*K53)+(L54*K54)+(K57*L57)+(L55*K55)+(L56*K56)+(L58*K58))/(K59) -> 97.965422 | M59: =AVERAGE('[27]Closing- January 2023'!$L$42,'[28]Feb. 28th'!$L$42,'[29]March 31st'!$L$75,'[30]Apri 28th'!$L$51,L59) -> 98.06926 | N59: 98
J62: Daily Brewing Plan
J63: Brand | K63: Brews Achieved | L63: Average Brews per day
J64: CARIB | L64: MTD | M64: YTD | N64: TARGET
J65: STAG | K65: 5 | L65: =AVERAGE(#REF!,#REF!,K74,#REF!,#REF!,#REF!,#REF!,#REF!,#REF!,#REF!,#REF!) -> #REF! | M65: =AVERAGE(6,6,'[29]March 31st'!$L$80,'[31]June 30th '!$L$71,6,L65,'[32]July 31st'!$L$108,'[33]Aug 30th'!$L$124,7,[34]Oct.31st!$L$51) -> #REF! | N65: 9
J66: GUINN
J67: VITAMALT
J68: STARMALT
J69: MACKESON
J70: HURRICANE REEF- IPA
J71: HURRICANE REEF- APA
B72: AVERAGE | D72: =AVERAGE(D50:E71) -> 11.73 | J72: HR- PILSNER
J73: CARIBE
J74: Total | K74: =SUM(K64:K73) -> 5
B75: Process: | C75: Fermentation/Filtration
B77: Brand | C77: Filt. Date | D77: FV Hls | E77: GFE/ Prim/ Vita Blend (Hls) | F77: SV Hls | G77: BBT Hls | H77: Loss (%) Ferm | I77: Loss (%) Filt | J77: Comments | K77: Throughput | L77: Process Loss (%) | M77: Filt. Operator
U78: 43466 | V78: 43467 | W78: 43468 | X78: 43469 | Y78: 43470 | Z78: 43471 | AA78: 43472 | AB78: 43473 | AC78: 43474 | AD78: 43475 | AE78: 43476 | AF78: 43477 | AG78: 43478 | AH78: 43479 | AI78: 43480 | AJ78: 43481 | AK78: 43482 | AL78: 43483 | AM78: 43484 | AN78: 43485 | AO78: 43486 | AP78: 43487 | AQ78: 43488 | AR78: 43489 | AS78: 43490 | AT78: 43491 | AU78: 43492 | AV78: 43493 | AW78: 43494 | AX78: 43495 | AY78: 43496
B79: STAG | C79: 45278 | D79: =[35]December_2023!$U$13 -> 150.4 | G79: =[35]December_2023!$U$17 -> 120.8 | J79: NO BREAK | K79: =[36]December_2023!$U$25 -> 0.42385965 | L79: =(((D79+E79)-G79)/(D79+E79))*100 -> 19.680851 | M79: K.Hosten | T79: hls
T80: Throughput | U80: =[19]January_2019!D8 -> #DIV/0! | V80: =[19]January_2019!E8 -> 1.0319298 | W80: =[19]January_2019!F8 -> 1.7789474 | X80: =[19]January_2019!G8 -> 0.51929825 | Y80: =[19]January_2019!H8 -> #DIV/0! | Z80: =[19]January_2019!I8 -> #DIV/0! | AA80: =[19]January_2019!J8 -> 1.3652632 | AB80: =[19]January_2019!K8 -> #DIV/0! | ... AY80: =[19]January_2019!AH8 -> #DIV/0!
B87: Process Loss (Volume) | G87: Process Loss (Extract) | K87: Throughput
B88: Brand | C88: Actual | D88: MTD | E88: YTD | F88: Target | G88: Actual | H88: MTD | I88: YTD | J88: Target | K88: Actual | L88: MTD | M88: YTD | N88: Target
B89: CARIB | D89: 5.181332 | E89: 6.6038503 | F89: 4.8 | H89: 5.2502762 | I89: 6.9665258 | J89: 4.8 | L89: 0.70807018 | M89: 0.77999467 | N89: 1
B90: STAG | C90: =AVERAGE(L79,L81) -> 19.680851 | D90: 6.5498915 | E90: 6.1662321 | F90: 4.8 | G90: =[35]December_2023!$U$21 -> 19.680851 | H90: 6.3458282 | I90: 5.9138834 | J90: 4.8 | K90: =AVERAGE(K79,K81) -> 0.42385965 | L90: 0.66137427 | M90: 0.71942944 | N90: 1
B91: GUINN | D91: 8.4423676 | E91: 8.9890455 | F91: 5.5 | H91: 5.9624998 | I91: 8.6652309 | J91: 5.5 | L91: 0.51561404 | M91: 0.65035608 | N91: 1
B92: VITAMALT | D92: 3.597848 | E92: 2.9936807 | F92: 3.3 | H92: 6.098202 | I92: 3.3134543 | J92: 3.3 | L92: 0.50298246 | M92: 1.0625518 | N92: 1
B93: MAXIMALT | F93: 3.3 | J93: 3 | N93: 1
B94: MACKESON | E94: 6.4174306 | F94: =[37]May_2022!$M$43 -> 3.4878407 | I94: 7.0730655 | J94: 5.5 | M94: 1.0342105 | N94: 1
B95: STARMALT | D95: 2.7692803 | E95: 3.0589058 | F95: 3.3 | H95: 4.2179953 | I95: 4.9470953 | J95: 3.3 | L95: 1.0594737 | M95: 1.0223839 | N95: 1
B96: HURRICANE REEF | E96: 11.178248 | F96: 7.5 | I96: 14.59851 | J96: 7.5 | M96: 0.30947368 | N96: 1
D97: 5.3927001 | E97: 6.2517133 | F97: 4.5 | H97: 5.4965257 | I97: 6.527958 | J97: 4.5 | L97: 0.69682018 | M97: 0.78265038 | N97: 1
AD110: :

Sheet Sept 1st
S1: P.G. | U1: Hot Time | W1: Process Time | Y1: Cooling Time
B2: Brewing Department Daily Process Loss Report | S2: Lower | T2: Upper | U2: Lower | V2: Upper | W2: Lower | X2: Upper | Y2: Lower | Z2: Upper
R3: CARIB | S3: 11.6 | T3: 12 | U3: 0 | V3: 0.11805556 | W3: 0.22569444 | X3: 0.26388889 | Y3: 0 | Z3: 60 | AB3: HR- PISNER
B4: Date: | C4: 46267 | J4: LOT WORT COLOUR: 3.4 | M4: Filter Sheets (Target 20 days) | R4: STAG | S4: 11.6 | T4: 12 | U4: 0 | V4: 0.11805556 | W4: 0.22569444 | X4: 0.26388889 | Y4: 0 | Z4: 60
M5: Double | N5: Single | R5: GUINNESS | S5: 17 | T5: 17.5 | U5: 0 | V5: 0.10763889 | W5: 0.24652778 | X5: 0.28472222 | Y5: 0 | Z5: 60
J6: MALT LOT: Lot #15 | L6: Sheet Day | R6: MACKESON | S6: 13.3 | T6: 13.5 | U6: 0 | V6: 0.12905093 | W6: 0.27430556 | X6: 0.30208333 | Y6: 0
R7: STARMALT | S7: 17 | T7: 17.4 | U7: 0 | V7: 0.13605324 | W7: 0.27430556 | X7: 0.30902778 | Y7: 0 | Z7: 85
B8: Brand | C8: Brew no. | D8: Kett. Hls | E8: Wort | F8: Cool Time(Mins) | G8: Cast. P.G. (Lab Result) | H8: Cast P.G. (Cellar Operator)-gravity | I8: Extr. Rec (78%) | J8: Theor. Extr. (77.5%) | K8: Boil Off /Vol. (4-6%) | L8: Boil Time | M8: Total Hot | N8: Brewing Time | O8: Operator | R8: Hurricane Reef | S8: 16.6 | T8: 17 | U8: 0 | V8: 0.12905093 | W8: 0.27430556 | X8: 0.30208333 | Y8: 0
E9: Meter (Hls) | F9: Target(< 60Mins) | M9: Time | R9: VITAMALT | S9: 14.2 | T9: 14.6 | U9: 0 | V9: 0.13905093 | W9: 0.26041667 | X9: 0.29513889 | Y9: 0 | Z9: 75
B10: CARIB | C10: =[3]Brewhouse!$A696 -> CA647 | D10: =[3]Brewhouse!$AF696 -> 48.6 | E10: =[3]Brewhouse!$AI696 -> 49.2 | F10: =[3]Brewhouse!$V696 -> 61 | G10: =[3]Brewhouse!AG696 -> 11.8 | I10: =[3]Brewhouse!$AU696 -> 97.633608 | J10: =[3]Brewhouse!$AV696 -> 97.722345 | K10: =[3]Brewhouse!$Q696 -> 11.497227 | L10: =[3]Brewhouse!$P696 -> 60 | M10: =[3]Brewhouse!$U696-[3]Brewhouse!$T696 -> 0.13194444 | N10: =[3]Brewhouse!$Z696 -> 0.27222222 | O10: =[3]Brewhouse!$AX696 -> R. Sookram
B11: CARIB | C11: =[3]Brewhouse!$A697 -> CA648 | D11: =[3]Brewhouse!$AF697 -> 48.2 | E11: =[3]Brewhouse!$AI697 -> 49.1 | F11: =[3]Brewhouse!$V697 -> 64 | G11: =[3]Brewhouse!AG697 -> 12 | I11: =[3]Brewhouse!$AU697 -> 99.296131 | J11: =[3]Brewhouse!$AV697 -> 99.386372 | K11: =[3]Brewhouse!$Q697 -> 12.074074 | L11: =[3]Brewhouse!$P697 -> 58 | M11: =[3]Brewhouse!$U697-[3]Brewhouse!$T697 -> 0.13333333 | N11: =[3]Brewhouse!$Z697 -> 0.29375 | O11: =[3]Brewhouse!$AX697 -> R. Sookram
B12: CARIB | C12: =[3]Brewhouse!$A698 -> CA649 | D12: =[3]Brewhouse!$AF698 -> 41.7 | E12: =[3]Brewhouse!$AI698 -> 43 | F12: =[3]Brewhouse!$V698 -> 46 | G12: =[3]Brewhouse!AG698 -> 11.9 | I12: =[3]Brewhouse!$AU698 -> 98.221286 | J12: =[3]Brewhouse!$AV698 -> 98.309885 | K12: =[3]Brewhouse!$Q698 -> 16.537678 | L12: =[3]Brewhouse!$P698 -> 60 | M12: =[3]Brewhouse!$U698-[3]Brewhouse!$T698 -> 0.12083333 | N12: =[3]Brewhouse!$Z698 -> 0.26875 | O12: =[3]Brewhouse!$AX698 -> R. Regis
B13: CARIB | C13: =[3]Brewhouse!$A699 -> CA650 | D13: =[3]Brewhouse!$AF699 -> 48.1 | E13: =[3]Brewhouse!$AI699 -> 48.9 | F13: =[3]Brewhouse!$V699 -> 58 | G13: =[3]Brewhouse!AG699 -> 11.7 | I13: =[3]Brewhouse!$AU699 -> 96.173273 | J13: =[3]Brewhouse!$AV699 -> 96.260682 | K13: =[3]Brewhouse!$Q699 -> 12.421442 | L13: =[3]Brewhouse!$P699 -> 60 | M13: =[3]Brewhouse!$U699-[3]Brewhouse!$T699 -> 0.11041667 | N13: =[3]Brewhouse!$Z699 -> 0.43263889 | O13: =[3]Brewhouse!$AX699 -> R. Regis
B14: CARIB | C14: =[3]Brewhouse!$A700 -> CA651 | D14: =[3]Brewhouse!$AF700 -> 48.1 | E14: =[3]Brewhouse!$AI700 -> 49 | F14: =[3]Brewhouse!$V700 -> 60 | G14: =[3]Brewhouse!AG700 -> 11.7 | I14: =[3]Brewhouse!$AU700 -> 96.130104 | J14: =[3]Brewhouse!$AV700 -> 96.217485 | K14: =[3]Brewhouse!$Q700 -> 12.421442 | L14: =[3]Brewhouse!$P700 -> 60 | M14: =[3]Brewhouse!$U700-[3]Brewhouse!$T700 -> 0.10763889 | N14: =[3]Brewhouse!$Z700 -> 0.24166667 | O14: =[3]Brewhouse!$AX700 -> R. Regis
B15: CARIB | C15: =[3]Brewhouse!$A701 -> CA652 | D15: =[3]Brewhouse!$AF701 -> 50.3 | E15: =[3]Brewhouse!$AI701 -> 51.1 | F15: =[3]Brewhouse!$V701 -> 64 | G15: =[3]Brewhouse!AG701 -> 11.9 | I15: =[3]Brewhouse!$AU701 -> 102.43572 | J15: =[3]Brewhouse!$AV701 -> 102.52882 | K15: =[3]Brewhouse!$Q701 -> 8.3548983 | L15: =[3]Brewhouse!$P701 -> 57 | M15: =[3]Brewhouse!$U701-[3]Brewhouse!$T701 -> 0.12569444 | N15: =[3]Brewhouse!$Z701 -> 0.26180556 | O15: =[3]Brewhouse!$AX701 -> R. Regis
B16: CARIB | C16: =[3]Brewhouse!$A702 -> CA653 | D16: =[3]Brewhouse!$AF702 -> 48 | E16: =[3]Brewhouse!$AI702 -> 48.6 | F16: =[3]Brewhouse!$V702 -> 56 | G16: =[3]Brewhouse!AG702 -> 11.8 | I16: =[3]Brewhouse!$AU702 -> 96.684179 | J16: =[3]Brewhouse!$AV702 -> 96.772041 | K16: =[3]Brewhouse!$Q702 -> 12.606285 | L16: =[3]Brewhouse!$P702 -> 57 | M16: =[3]Brewhouse!$U702-[3]Brewhouse!$T702 -> 0.10347222 | N16: =[3]Brewhouse!$Z702 -> 0.25486111 | O16: =[3]Brewhouse!$AX702 -> R. Regis
R17: =B17 -> 0 | S17: =VLOOKUP($B17,$R$3:$X$9,2,FALSE) -> #N/A | T17: =VLOOKUP($B17,$R$3:$X$9,3,FALSE) -> #N/A | U17: =VLOOKUP($B17,$R$3:$X$9,4,FALSE) -> #N/A | V17: =VLOOKUP($B17,$R$3:$X$9,5,FALSE) -> #N/A | W17: =VLOOKUP($B17,$R$3:$X$9,6,FALSE) -> #N/A | X17: =VLOOKUP($B17,$R$3:$X$9,7,FALSE) -> #N/A | Y17: =VLOOKUP($B17,$R$3:$Z$9,8,FALSE) -> #N/A | Z17: =VLOOKUP($B17,$R$3:$Z$9,9,FALSE) -> #N/A
R18: =B18 -> 0 | S18: =VLOOKUP($B18,$R$3:$X$9,2,FALSE) -> #N/A | T18: =VLOOKUP($B18,$R$3:$X$9,3,FALSE) -> #N/A | U18: =VLOOKUP($B18,$R$3:$X$9,4,FALSE) -> #N/A | V18: =VLOOKUP($B18,$R$3:$X$9,5,FALSE) -> #N/A | W18: =VLOOKUP($B18,$R$3:$X$9,6,FALSE) -> #N/A | X18: =VLOOKUP($B18,$R$3:$X$9,7,FALSE) -> #N/A | Y18: =VLOOKUP($B18,$R$3:$Z$9,8,FALSE) -> #N/A | Z18: =VLOOKUP($B18,$R$3:$Z$9,9,FALSE) -> #N/A
R19: =B19 -> 0 | S19: =VLOOKUP($B19,$R$3:$X$9,2,FALSE) -> #N/A | T19: =VLOOKUP($B19,$R$3:$X$9,3,FALSE) -> #N/A | U19: =VLOOKUP($B19,$R$3:$X$9,4,FALSE) -> #N/A | V19: =VLOOKUP($B19,$R$3:$X$9,5,FALSE) -> #N/A | W19: =VLOOKUP($B19,$R$3:$X$9,6,FALSE) -> #N/A | X19: =VLOOKUP($B19,$R$3:$X$9,7,FALSE) -> #N/A | Y19: =VLOOKUP($B19,$R$3:$Z$9,8,FALSE) -> #N/A | Z19: =VLOOKUP($B19,$R$3:$Z$9,9,FALSE) -> #N/A
B20: BRAND | D20: BBT P.G./ O.G | I20: Brand | K20: MTD No. of Brews | L20: MTD | M20: YTD | N20: Target | R20: =B20 -> BRAND | S20: =VLOOKUP($B20,$R$3:$X$9,2,FALSE) -> #N/A | T20: =VLOOKUP($B20,$R$3:$X$9,3,FALSE) -> #N/A | U20: =VLOOKUP($B20,$R$3:$X$9,4,FALSE) -> #N/A | V20: =VLOOKUP($B20,$R$3:$X$9,5,FALSE) -> #N/A | W20: =VLOOKUP($B20,$R$3:$X$9,6,FALSE) -> #N/A | X20: =VLOOKUP($B20,$R$3:$X$9,7,FALSE) -> #N/A | Y20: =VLOOKUP($B20,$R$3:$Z$9,8,FALSE) -> #N/A | Z20: =VLOOKUP($B20,$R$3:$Z$9,9,FALSE) -> #N/A
I21: CARIB | J21: =AVERAGE(I10:I16) -> 98.082044 | K21: =COUNTA([3]Brewhouse!$A$696:$A$702) -> 7 | L21: =AVERAGE([3]Brewhouse!$AU$696:$AU$702) -> 98.082044 | M21: =AVERAGE([3]Brewhouse!$AU$42:$AU$123,[3]Brewhouse!$AU$125:$AU$188,[3]Brewhouse!$AU$198:$AU$290,[3]Brewhouse!$AU$292:$AU$370,[3]Brewhouse!$AU$372:$AU$439,[3]Brewhouse!$AU$441:$AU$497,[3]Brewhouse!$AU$499:$AU$519,[3]Brewhouse!$AU$521:$AU$593,[3]Brewhouse!$AU$595:$AU$703) -> 98.283439 | N21: 98 | R21: =B21 -> 0 | S21: =VLOOKUP($B21,$R$3:$X$9,2,FALSE) -> #N/A | T21: =VLOOKUP($B21,$R$3:$X$9,3,FALSE) -> #N/A | U21: =VLOOKUP($B21,$R$3:$X$9,4,FALSE) -> #N/A | V21: =VLOOKUP($B21,$R$3:$X$9,5,FALSE) -> #N/A | W21: =VLOOKUP($B21,$R$3:$X$9,6,FALSE) -> #N/A | X21: =VLOOKUP($B21,$R$3:$X$9,7,FALSE) -> #N/A | Y21: =VLOOKUP($B21,$R$3:$Z$9,8,FALSE) -> #N/A | Z21: =VLOOKUP($B21,$R$3:$Z$9,9,FALSE) -> #N/A
I22: STAG | M22: =AVERAGE([4]Brewhouse!$AS$52:$AS$81,[4]Brewhouse!$AS$83:$AS$124,[4]Brewhouse!$AS$134:$AS$177,[4]Brewhouse!$AS$22:$AS$179,[4]Brewhouse!$AS$214:$AS$249,[4]Brewhouse!$AS$252:$AS$293,[4]Brewhouse!$AS$295:$AS$325,[4]Brewhouse!$AS$327:$AS$361) -> 98.239656 | N22: 98 | R22: =B22 -> 0 | S22: =VLOOKUP($B22,$R$3:$X$9,2,FALSE) -> #N/A | T22: =VLOOKUP($B22,$R$3:$X$9,3,FALSE) -> #N/A | U22: =VLOOKUP($B22,$R$3:$X$9,4,FALSE) -> #N/A | V22: =VLOOKUP($B22,$R$3:$X$9,5,FALSE) -> #N/A | W22: =VLOOKUP($B22,$R$3:$X$9,6,FALSE) -> #N/A | X22: =VLOOKUP($B22,$R$3:$X$9,7,FALSE) -> #N/A | Y22: =VLOOKUP($B22,$R$3:$Z$9,8,FALSE) -> #N/A | Z22: =VLOOKUP($B22,$R$3:$Z$9,9,FALSE) -> #N/A
I23: GUINNESS | M23: =AVERAGE([5]Brewhouse!$AU$16:$AU$23,[5]Brewhouse!$AU$25:$AU$32,[5]Brewhouse!$AU$34:$AU$41,[5]Brewhouse!$AU$43:$AU$60,[5]Brewhouse!$AU$62:$AU$69,[5]Brewhouse!$AU$71:$AU$88,[5]Brewhouse!$AU$90:$AU$97) -> 96.502171 | N23: 98 | R23: =B23 -> 0 | S23: =VLOOKUP($B23,$R$3:$X$9,2,FALSE) -> #N/A | T23: =VLOOKUP($B23,$R$3:$X$9,3,FALSE) -> #N/A | U23: =VLOOKUP($B23,$R$3:$X$9,4,FALSE) -> #N/A | V23: =VLOOKUP($B23,$R$3:$X$9,5,FALSE) -> #N/A | W23: =VLOOKUP($B23,$R$3:$X$9,6,FALSE) -> #N/A | X23: =VLOOKUP($B23,$R$3:$X$9,7,FALSE) -> #N/A | Y23: =VLOOKUP($B23,$R$3:$Z$9,8,FALSE) -> #N/A | Z23: =VLOOKUP($B23,$R$3:$Z$9,9,FALSE) -> #N/A
I24: VITAMALT | M24: =AVERAGE([6]Brewhouse!$AV$23:$AV$34,[6]Brewhouse!$AV$36,[6]Brewhouse!$AV$38:$AV$52,[6]Brewhouse!$AV$54:$AV$60,[6]Brewhouse!$AV$62:$AV$69,[6]Brewhouse!$AV$71:$AV$78,[6]Brewhouse!$AV$80:$AV$87,[6]Brewhouse!$AV$89:$AV$96) -> 97.559547 | N24: 98 | R24: =B24 -> 0 | S24: =VLOOKUP($B24,$R$3:$X$9,2,FALSE) -> #N/A | T24: =VLOOKUP($B24,$R$3:$X$9,3,FALSE) -> #N/A | U24: =VLOOKUP($B24,$R$3:$X$9,4,FALSE) -> #N/A | V24: =VLOOKUP($B24,$R$3:$X$9,5,FALSE) -> #N/A | W24: =VLOOKUP($B24,$R$3:$X$9,6,FALSE) -> #N/A | X24: =VLOOKUP($B24,$R$3:$X$9,7,FALSE) -> #N/A | Y24: =VLOOKUP($B24,$R$3:$Z$9,8,FALSE) -> #N/A | Z24: =VLOOKUP($B24,$R$3:$Z$9,9,FALSE) -> #N/A
I25: MAXIMALT | N25: 98 | R25: =B25 -> 0 | S25: =VLOOKUP($B25,$R$3:$X$9,2,FALSE) -> #N/A | T25: =VLOOKUP($B25,$R$3:$X$9,3,FALSE) -> #N/A | U25: =VLOOKUP($B25,$R$3:$X$9,4,FALSE) -> #N/A | V25: =VLOOKUP($B25,$R$3:$X$9,5,FALSE) -> #N/A | W25: =VLOOKUP($B25,$R$3:$X$9,6,FALSE) -> #N/A | X25: =VLOOKUP($B25,$R$3:$X$9,7,FALSE) -> #N/A | Y25: =VLOOKUP($B25,$R$3:$Z$9,8,FALSE) -> #N/A | Z25: =VLOOKUP($B25,$R$3:$Z$9,9,FALSE) -> #N/A
I26: MACKESON | M26: =AVERAGE([7]Brewhouse!$AT$4:$AT$11,[7]Brewhouse!$AT$13:$AT$16,[7]Brewhouse!$AT$18:$AT$21) -> 91.832675 | N26: 98 | R26: =B26 -> 0 | S26: =VLOOKUP($B26,$R$3:$X$9,2,FALSE) -> #N/A | T26: =VLOOKUP($B26,$R$3:$X$9,3,FALSE) -> #N/A | U26: =VLOOKUP($B26,$R$3:$X$9,4,FALSE) -> #N/A | V26: =VLOOKUP($B26,$R$3:$X$9,5,FALSE) -> #N/A | W26: =VLOOKUP($B26,$R$3:$X$9,6,FALSE) -> #N/A | X26: =VLOOKUP($B26,$R$3:$X$9,7,FALSE) -> #N/A | Y26: =VLOOKUP($B26,$R$3:$Z$9,8,FALSE) -> #N/A | Z26: =VLOOKUP($B26,$R$3:$Z$9,9,FALSE) -> #N/A
I27: STARMALT | M27: =AVERAGE([8]Brewhouse!$AY$5:$AY$14,[8]Brewhouse!$AY$16:$AY$23,[8]Brewhouse!$AY$42,[8]Brewhouse!$AY$44:$AY$51,[8]Brewhouse!$AY$53:$AY$64,[8]Brewhouse!$AY$66:$AY$73,[8]Brewhouse!$AY$75:$AY$82,[8]Brewhouse!$AY$84:$AY$101) -> 97.78466 | N27: 98 | R27: =B27 -> 0 | S27: =VLOOKUP($B27,$R$3:$X$9,2,FALSE) -> #N/A | T27: =VLOOKUP($B27,$R$3:$X$9,3,FALSE) -> #N/A | U27: =VLOOKUP($B27,$R$3:$X$9,4,FALSE) -> #N/A | V27: =VLOOKUP($B27,$R$3:$X$9,5,FALSE) -> #N/A | W27: =VLOOKUP($B27,$R$3:$X$9,6,FALSE) -> #N/A | X27: =VLOOKUP($B27,$R$3:$X$9,7,FALSE) -> #N/A | Y27: =VLOOKUP($B27,$R$3:$Z$9,8,FALSE) -> #N/A | Z27: =VLOOKUP($B27,$R$3:$Z$9,9,FALSE) -> #N/A
I28: HR- Pils | N28: 98 | R28: =B28 -> 0 | S28: =VLOOKUP($B28,$R$3:$X$9,2,FALSE) -> #N/A | T28: =VLOOKUP($B28,$R$3:$X$9,3,FALSE) -> #N/A | U28: =VLOOKUP($B28,$R$3:$X$9,4,FALSE) -> #N/A | V28: =VLOOKUP($B28,$R$3:$X$9,5,FALSE) -> #N/A | W28: =VLOOKUP($B28,$R$3:$X$9,6,FALSE) -> #N/A | X28: =VLOOKUP($B28,$R$3:$X$9,7,FALSE) -> #N/A | Y28: =VLOOKUP($B28,$R$3:$Z$9,8,FALSE) -> #N/A | Z28: =VLOOKUP($B28,$R$3:$Z$9,9,FALSE) -> #N/A
I29: HR- IPA | N29: 98 | R29: =B29 -> 0 | S29: =VLOOKUP($B29,$R$3:$X$9,2,FALSE) -> #N/A | T29: =VLOOKUP($B29,$R$3:$X$9,3,FALSE) -> #N/A | U29: =VLOOKUP($B29,$R$3:$X$9,4,FALSE) -> #N/A | V29: =VLOOKUP($B29,$R$3:$X$9,5,FALSE) -> #N/A | W29: =VLOOKUP($B29,$R$3:$X$9,6,FALSE) -> #N/A | X29: =VLOOKUP($B29,$R$3:$X$9,7,FALSE) -> #N/A | Y29: =VLOOKUP($B29,$R$3:$Z$9,8,FALSE) -> #N/A | Z29: =VLOOKUP($B29,$R$3:$Z$9,9,FALSE) -> #N/A
I30: HR- APA | N30: 98 | R30: =B30 -> 0 | S30: =VLOOKUP($B30,$R$3:$X$9,2,FALSE) -> #N/A | T30: =VLOOKUP($B30,$R$3:$X$9,3,FALSE) -> #N/A | U30: =VLOOKUP($B30,$R$3:$X$9,4,FALSE) -> #N/A | V30: =VLOOKUP($B30,$R$3:$X$9,5,FALSE) -> #N/A | W30: =VLOOKUP($B30,$R$3:$X$9,6,FALSE) -> #N/A | X30: =VLOOKUP($B30,$R$3:$X$9,7,FALSE) -> #N/A | Y30: =VLOOKUP($B30,$R$3:$Z$9,8,FALSE) -> #N/A | Z30: =VLOOKUP($B30,$R$3:$Z$9,9,FALSE) -> #N/A
K31: =SUM(K21:K30) -> 7 | L31: =((L21*K21)+(L22*K22)+(L23*K23)+(L24*K24)+(L25*K25)+(K28*L28)+(L26*K26)+(L27*K27)+(L30*K30))/(K31) -> 98.082044 | M31: =AVERAGE('[9]Jan30th-31st'!$L$42,'[10]Feb 27th-28th'!$L$45,'[11]Mar 31st'!$L$42,'[12]Apr 30th'!$L$41,'[13]May 29th '!$L$35,'[14]June 30th'!$L$32,[15]July31st!$L$36,'[16]Aug 31st'!$L$32,L31) -> 97.995733 | N31: 98 | R31: =B31 -> 0 | S31: =VLOOKUP($B31,$R$3:$X$9,2,FALSE) -> #N/A | T31: =VLOOKUP($B31,$R$3:$X$9,3,FALSE) -> #N/A | U31: =VLOOKUP($B31,$R$3:$X$9,4,FALSE) -> #N/A | V31: =VLOOKUP($B31,$R$3:$X$9,5,FALSE) -> #N/A | W31: =VLOOKUP($B31,$R$3:$X$9,6,FALSE) -> #N/A | X31: =VLOOKUP($B31,$R$3:$X$9,7,FALSE) -> #N/A | Y31: =VLOOKUP($B31,$R$3:$Z$9,8,FALSE) -> #N/A | Z31: =VLOOKUP($B31,$R$3:$Z$9,9,FALSE) -> #N/A
R32: =B32 -> 0 | S32: =VLOOKUP($B32,$R$3:$X$9,2,FALSE) -> #N/A | T32: =VLOOKUP($B32,$R$3:$X$9,3,FALSE) -> #N/A | U32: =VLOOKUP($B32,$R$3:$X$9,4,FALSE) -> #N/A | V32: =VLOOKUP($B32,$R$3:$X$9,5,FALSE) -> #N/A | W32: =VLOOKUP($B32,$R$3:$X$9,6,FALSE) -> #N/A | X32: =VLOOKUP($B32,$R$3:$X$9,7,FALSE) -> #N/A | Y32: =VLOOKUP($B32,$R$3:$Z$9,8,FALSE) -> #N/A | Z32: =VLOOKUP($B32,$R$3:$Z$9,9,FALSE) -> #N/A
J33: Daily Brewing Plan
J34: Brand | L34: Average Brews per day
J35: CARIB | K35: 7 | L35: MTD | M35: YTD | N35: TARGET
J36: STAG | L36: =AVERAGE(K45) -> 7 | M36: =AVERAGE('[9]Jan30th-31st'!$L$47,L36,'[10]Feb 26th '!$L$39,'[11]Mar 31st'!$L$47,'[12]Apr 30th'!$L$46,'[13]May 29th '!$L$40,'[14]June 30th'!$L$39,[15]July31st!$L$41,'[16]Aug 31st'!$L$37) -> 6.515567 | N36: 9.2
J37: GUINN
J38: VITAMALT
J39: STARMALT
J40: MACKESON
J41: HURRICANE REEF- IPA
J42: HURRICANE REEF- APA
B43: AVERAGE | J43: HR- PILSNER
J44: CARIBE
J45: Total | K45: =SUM(K35:K44) -> 7
B46: Process: | C46: Fermentation/Filtration
B48: Brand | C48: Filt. Date | D48: FV Hls | E48: GFE/ Prim/ Vita Blend (Hls) | F48: SV Hls | G48: BBT Hls | H48: Loss (%) Ferm | I48: Loss (%) Filt | J48: Comments | K48: Throughput | L48: Process Loss (%) | M48: Filt. Operator
AB49: 43474 | AC49: 43475 | AD49: 43476 | AE49: 43477 | AF49: 43478 | AG49: 43479 | AH49: 43480 | AI49: 43481 | AJ49: 43482 | AK49: 43483 | AL49: 43484 | AM49: 43485 | AN49: 43486 | AO49: 43487 | AP49: 43488 | AQ49: 43489 | AR49: 43490 | AS49: 43491 | AT49: 43492 | AU49: 43493 | AV49: 43494 | AW49: 43495 | AX49: 43496
B50: =J35 -> CARIB | C50: 46266 | D50: =[17]September_2026!$D$3 -> 405.7 | G50: =[17]September_2026!$D$7 -> 376.2 | J50: 3 SBF | K50: =[18]September_2026!$D$18 -> 0.33 | L50: =(((D50+E50)-G50)/(D50+E50))*100 -> 7.2713828 | M50: K. Neptune | AB50: =[19]January_2019!L5 -> 0 | AC50: =[19]January_2019!M5 -> 0 | AD50: =[19]January_2019!N5 -> 0 | AE50: =[19]January_2019!O5 -> 0 | AF50: =[19]January_2019!P5 -> 0 | AG50: =[19]January_2019!Q5 -> 0 | AH50: =[19]January_2019!R5 -> 0 | AI50: =[19]January_2019!S5 -> 0 | ... AX50: =[19]January_2019!AH5 -> 0
AB51: =[19]January_2019!L6 -> 0 | AC51: =[19]January_2019!M6 -> 0 | AD51: =[19]January_2019!N6 -> 0 | AE51: =[19]January_2019!O6 -> 0 | AF51: =[19]January_2019!P6 -> 0 | AG51: =[19]January_2019!Q6 -> 0 | AH51: =[19]January_2019!R6 -> 0 | AI51: =[19]January_2019!S6 -> 0 | ... AX51: =[19]January_2019!AH6 -> 0
AB52: =[19]January_2019!L7 -> 285.8 | AC52: =[19]January_2019!M7 -> 508.1 | AD52: =[19]January_2019!N7 -> 0 | AE52: =[19]January_2019!O7 -> 0 | AF52: =[19]January_2019!P7 -> 109.56667 | AG52: =[19]January_2019!Q7 -> 297.65 | AH52: =[19]January_2019!R7 -> 122.3 | AI52: =[19]January_2019!S7 -> 0 | ... AX52: =[19]January_2019!AH7 -> 0
B61: Process Loss (Volume) | G61: Process Loss (Extract) | K61: Throughput
B62: Brand | C62: Actual | D62: MTD | E62: YTD | F62: Target | G62: Actual | H62: MTD | I62: YTD | J62: Target | L62: MTD | M62: YTD | N62: Target
B63: CARIB | C63: =L50 -> 7.2713828 | D63: 7.2713828 | E63: 6.5305768 | F63: 4.8 | G63: =[17]September_2026!$D$11 -> 6.7445157 | H63: 6.7445157 | I63: 6.6531065 | J63: 4.8 | K63: =K50 -> 0.33 | L63: 0.33 | M63: 0.52361633 | N63: 1
B64: STAG | E64: 5.7899438 | F64: 4.8 | I64: 5.9483337 | J64: 4.8 | M64: 0.6996979 | N64: 1
B65: GUINN | E65: 11.277593 | F65: 5.5 | I65: 11.857908 | J65: 5.5 | M65: 0.3537019 | N65: 1
B66: VITAMALT | E66: 4.8685538 | F66: 3.3 | I66: 4.8702525 | J66: 3.3 | M66: 0.77919298 | N66: 1
B67: APA | F67: 3.3 | J67: 3 | N67: 1
B68: MACKESON | E68: 6.0400198 | F68: 5.5 | I68: 8.2405788 | J68: 5.5 | M68: 0.78491228 | N68: 1
B69: STARMALT | E69: 3.6168923 | F69: 3.3 | I69: 5.009118 | J69: 3.3 | M69: 0.926423 | N69: 1
B70: IPA | F70: 7.5 | J70: 7.5 | N70: 1
B71: HURRICANE REEF PILS | F71: 4.8 | J71: 4.8 | L71: 0 | N71: 1
D72: 7.2713828 | E72: 6.3318075 | F72: 5.5 | H72: 6.7445157 | I72: 6.6937815 | J72: 5.5 | L72: 0.33 | M72: 0.59677829 | N72: 1

Sheet Sept 2nd
S1: P.G. | U1: Hot Time | W1: Process Time | Y1: Cooling Time
B2: Brewing Department Daily Process Loss Report | S2: Lower | T2: Upper | U2: Lower | V2: Upper | W2: Lower | X2: Upper | Y2: Lower | Z2: Upper
R3: CARIB | S3: 11.6 | T3: 12 | U3: 0 | V3: 0.11805556 | W3: 0.22569444 | X3: 0.26388889 | Y3: 0 | Z3: 60 | AB3: HR- PISNER
B4: Date: | C4: 46268 | J4: LOT WORT COLOUR: 3.4 | M4: Filter Sheets (Target 20 days) | R4: STAG | S4: 11.6 | T4: 12 | U4: 0 | V4: 0.11805556 | W4: 0.22569444 | X4: 0.26388889 | Y4: 0 | Z4: 60
M5: Double | N5: Single | R5: GUINNESS | S5: 17 | T5: 17.5 | U5: 0 | V5: 0.10763889 | W5: 0.24652778 | X5: 0.28472222 | Y5: 0 | Z5: 60
J6: MALT LOT: Lot #15 | L6: Sheet Day | R6: MACKESON | S6: 13.3 | T6: 13.5 | U6: 0 | V6: 0.12905093 | W6: 0.27430556 | X6: 0.30208333 | Y6: 0
R7: STARMALT | S7: 17 | T7: 17.4 | U7: 0 | V7: 0.13605324 | W7: 0.27430556 | X7: 0.30902778 | Y7: 0 | Z7: 85
B8: Brand | C8: Brew no. | D8: Kett. Hls | E8: Wort | F8: Cool Time(Mins) | G8: Cast. P.G. (Lab Result) | H8: Cast P.G. (Cellar Operator)-gravity | I8: Extr. Rec (78%) | J8: Theor. Extr. (77.5%) | K8: Boil Off /Vol. (4-6%) | L8: Boil Time | M8: Total Hot | N8: Brewing Time | O8: Operator | R8: Hurricane Reef | S8: 16.6 | T8: 17 | U8: 0 | V8: 0.12905093 | W8: 0.27430556 | X8: 0.30208333 | Y8: 0
E9: Meter (Hls) | F9: Target(< 60Mins) | M9: Time | R9: VITAMALT | S9: 14.2 | T9: 14.6 | U9: 0 | V9: 0.13905093 | W9: 0.26041667 | X9: 0.29513889 | Y9: 0 | Z9: 75
B10: CARIB | C10: =[3]Brewhouse!$A703 -> CA654 | D10: =[3]Brewhouse!$AF703 -> 49 | E10: =[3]Brewhouse!$AI703 -> 49.6 | F10: =[3]Brewhouse!$V703 -> 60 | G10: =[3]Brewhouse!AG703 -> 11.8 | I10: =[3]Brewhouse!$AU703 -> 98.126699 | J10: =[3]Brewhouse!$AV703 -> 98.886898 | K10: =[3]Brewhouse!$Q703 -> 11.497227 | L10: =[3]Brewhouse!$P703 -> 57 | M10: =[3]Brewhouse!$U703-[3]Brewhouse!$T703 -> 0.11041667 | N10: =[3]Brewhouse!$Z703 -> 0.25972222 | O10: =[3]Brewhouse!$AX703 -> R. Sookram | R10: =B10 -> CARIB | S10: =VLOOKUP($B10,$R$3:$X$9,2,FALSE) -> 11.6 | T10: =VLOOKUP($B10,$R$3:$X$9,3,FALSE) -> 12 | U10: =VLOOKUP($B10,$R$3:$X$9,4,FALSE) -> 0 | V10: =VLOOKUP($B10,$R$3:$X$9,5,FALSE) -> 0.11805556 | W10: =VLOOKUP($B10,$R$3:$X$9,6,FALSE) -> 0.22569444 | X10: =VLOOKUP($B10,$R$3:$X$9,7,FALSE) -> 0.26388889 | Y10: =VLOOKUP($B10,$R$3:$Z$9,8,FALSE) -> 0 | Z10: =VLOOKUP($B10,$R$3:$Z$9,9,FALSE) -> 60
B11: CARIB | C11: =[3]Brewhouse!$A704 -> CA655 | D11: =[3]Brewhouse!$AF704 -> 49.9 | E11: =[3]Brewhouse!$AI704 -> 50.7 | F11: =[3]Brewhouse!$V704 -> 63 | G11: =[3]Brewhouse!AG704 -> 11.7 | I11: =[3]Brewhouse!$AU704 -> 99.408786 | J11: =[3]Brewhouse!$AV704 -> 100.17892 | K11: =[3]Brewhouse!$Q704 -> 9.0942699 | L11: =[3]Brewhouse!$P704 -> 57 | M11: =[3]Brewhouse!$U704-[3]Brewhouse!$T704 -> 0.10972222 | N11: =[3]Brewhouse!$Z704 -> 0.25833333 | O11: =[3]Brewhouse!$AX704 -> D. Gomaz | R11: =B11 -> CARIB | S11: =VLOOKUP($B11,$R$3:$X$9,2,FALSE) -> 11.6 | T11: =VLOOKUP($B11,$R$3:$X$9,3,FALSE) -> 12 | U11: =VLOOKUP($B11,$R$3:$X$9,4,FALSE) -> 0 | V11: =VLOOKUP($B11,$R$3:$X$9,5,FALSE) -> 0.11805556 | W11: =VLOOKUP($B11,$R$3:$X$9,6,FALSE) -> 0.22569444 | X11: =VLOOKUP($B11,$R$3:$X$9,7,FALSE) -> 0.26388889 | Y11: =VLOOKUP($B11,$R$3:$Z$9,8,FALSE) -> 0 | Z11: =VLOOKUP($B11,$R$3:$Z$9,9,FALSE) -> 60
B12: CARIB | C12: =[3]Brewhouse!$A705 -> CA656 | D12: =[3]Brewhouse!$AF705 -> 48.7 | E12: =[3]Brewhouse!$AI705 -> 48.8 | F12: =[3]Brewhouse!$V705 -> 60 | G12: =[3]Brewhouse!AG705 -> 11.8 | I12: =[3]Brewhouse!$AU705 -> 96.54401 | J12: =[3]Brewhouse!$AV705 -> 97.291948 | K12: =[3]Brewhouse!$Q705 -> 12.791128 | L12: =[3]Brewhouse!$P705 -> 60 | M12: =[3]Brewhouse!$U705-[3]Brewhouse!$T705 -> 0.11041667 | N12: =[3]Brewhouse!$Z705 -> 0.25416667 | O12: =[3]Brewhouse!$AX705 -> D. Gomaz | R12: =B12 -> CARIB | S12: =VLOOKUP($B12,$R$3:$X$9,2,FALSE) -> 11.6 | T12: =VLOOKUP($B12,$R$3:$X$9,3,FALSE) -> 12 | U12: =VLOOKUP($B12,$R$3:$X$9,4,FALSE) -> 0 | V12: =VLOOKUP($B12,$R$3:$X$9,5,FALSE) -> 0.11805556 | W12: =VLOOKUP($B12,$R$3:$X$9,6,FALSE) -> 0.22569444 | X12: =VLOOKUP($B12,$R$3:$X$9,7,FALSE) -> 0.26388889 | Y12: =VLOOKUP($B12,$R$3:$Z$9,8,FALSE) -> 0 | Z12: =VLOOKUP($B12,$R$3:$Z$9,9,FALSE) -> 60
B13: CARIB | C13: =[3]Brewhouse!$A706 -> CA657 | D13: =[3]Brewhouse!$AF706 -> 50.6 | E13: =[3]Brewhouse!$AI706 -> 51.7 | F13: =[3]Brewhouse!$V706 -> 60 | G13: =[3]Brewhouse!AG706 -> 11.6 | I13: =[3]Brewhouse!$AU706 -> 98.726419 | J13: =[3]Brewhouse!$AV706 -> 99.491971 | K13: =[3]Brewhouse!$Q706 -> 7.8003697 | L13: =[3]Brewhouse!$P706 -> 59 | M13: =[3]Brewhouse!$U706-[3]Brewhouse!$T706 -> 0.10694444 | N13: =[3]Brewhouse!$Z706 -> 0.25277778 | O13: =[3]Brewhouse!$AX706 -> D. Gomaz | R13: =B13 -> CARIB | S13: =VLOOKUP($B13,$R$3:$X$9,2,FALSE) -> 11.6 | T13: =VLOOKUP($B13,$R$3:$X$9,3,FALSE) -> 12 | U13: =VLOOKUP($B13,$R$3:$X$9,4,FALSE) -> 0 | V13: =VLOOKUP($B13,$R$3:$X$9,5,FALSE) -> 0.11805556 | W13: =VLOOKUP($B13,$R$3:$X$9,6,FALSE) -> 0.22569444 | X13: =VLOOKUP($B13,$R$3:$X$9,7,FALSE) -> 0.26388889 | Y13: =VLOOKUP($B13,$R$3:$Z$9,8,FALSE) -> 0 | Z13: =VLOOKUP($B13,$R$3:$Z$9,9,FALSE) -> 60
B14: CARIB | C14: =[3]Brewhouse!$A707 -> CA658 | D14: =[3]Brewhouse!$AF707 -> 48.7 | E14: =[3]Brewhouse!$AI707 -> 48.3 | F14: =[3]Brewhouse!$V707 -> 55 | G14: =[3]Brewhouse!AG707 -> 11.9 | I14: =[3]Brewhouse!$AU707 -> 95.56863 | J14: =[3]Brewhouse!$AV707 -> 96.309357 | K14: =[3]Brewhouse!$Q707 -> 11.312384 | L14: =[3]Brewhouse!$P707 -> 61 | M14: =[3]Brewhouse!$U707-[3]Brewhouse!$T707 -> 0.10902778 | N14: =[3]Brewhouse!$Z707 -> 0.24236111 | O14: =[3]Brewhouse!$AX707 -> D. Gomaz | R14: =B14 -> CARIB | S14: =VLOOKUP($B14,$R$3:$X$9,2,FALSE) -> 11.6 | T14: =VLOOKUP($B14,$R$3:$X$9,3,FALSE) -> 12 | U14: =VLOOKUP($B14,$R$3:$X$9,4,FALSE) -> 0 | V14: =VLOOKUP($B14,$R$3:$X$9,5,FALSE) -> 0.11805556 | W14: =VLOOKUP($B14,$R$3:$X$9,6,FALSE) -> 0.22569444 | X14: =VLOOKUP($B14,$R$3:$X$9,7,FALSE) -> 0.26388889 | Y14: =VLOOKUP($B14,$R$3:$Z$9,8,FALSE) -> 0 | Z14: =VLOOKUP($B14,$R$3:$Z$9,9,FALSE) -> 60
B15: CARIB | C15: =[3]Brewhouse!$A708 -> CA659 | D15: =[3]Brewhouse!$AF708 -> 48.6 | E15: =[3]Brewhouse!$AI708 -> 49.7 | F15: =[3]Brewhouse!$V708 -> 60 | G15: =[3]Brewhouse!AG708 -> 11.6 | I15: =[3]Brewhouse!$AU708 -> 96.692705 | J15: =[3]Brewhouse!$AV708 -> 97.441745 | K15: =[3]Brewhouse!$Q708 -> 12.97597 | L15: =[3]Brewhouse!$P708 -> 62 | M15: =[3]Brewhouse!$U708-[3]Brewhouse!$T708 -> 0.11111111 | N15: =[3]Brewhouse!$Z708 -> 0.24583333 | O15: =[3]Brewhouse!$AX708 -> D. Gomaz | R15: =B15 -> CARIB | S15: =VLOOKUP($B15,$R$3:$X$9,2,FALSE) -> 11.6 | T15: =VLOOKUP($B15,$R$3:$X$9,3,FALSE) -> 12 | U15: =VLOOKUP($B15,$R$3:$X$9,4,FALSE) -> 0 | V15: =VLOOKUP($B15,$R$3:$X$9,5,FALSE) -> 0.11805556 | W15: =VLOOKUP($B15,$R$3:$X$9,6,FALSE) -> 0.22569444 | X15: =VLOOKUP($B15,$R$3:$X$9,7,FALSE) -> 0.26388889 | Y15: =VLOOKUP($B15,$R$3:$Z$9,8,FALSE) -> 0 | Z15: =VLOOKUP($B15,$R$3:$Z$9,9,FALSE) -> 60
B16: CARIB | C16: =[3]Brewhouse!$A709 -> CA660 | D16: =[3]Brewhouse!$AF709 -> 50.5 | E16: =[3]Brewhouse!$AI709 -> 50.1 | F16: =[3]Brewhouse!$V709 -> 58 | G16: =[3]Brewhouse!AG709 -> 12 | I16: =[3]Brewhouse!$AU709 -> 101.00946 | J16: =[3]Brewhouse!$AV709 -> 101.79194 | K16: =[3]Brewhouse!$Q709 -> 9.4639556 | L16: =[3]Brewhouse!$P709 -> 100 | M16: =[3]Brewhouse!$U709-[3]Brewhouse!$T709 -> 0.21597222 | N16: =[3]Brewhouse!$Z709 -> 0.36180556 | O16: =[3]Brewhouse!$AX709 -> R. Regis | P16: Wort kettle pump problems | R16: =B16 -> CARIB | S16: =VLOOKUP($B16,$R$3:$X$9,2,FALSE) -> 11.6 | T16: =VLOOKUP($B16,$R$3:$X$9,3,FALSE) -> 12 | U16: =VLOOKUP($B16,$R$3:$X$9,4,FALSE) -> 0 | V16: =VLOOKUP($B16,$R$3:$X$9,5,FALSE) -> 0.11805556 | W16: =VLOOKUP($B16,$R$3:$X$9,6,FALSE) -> 0.22569444 | X16: =VLOOKUP($B16,$R$3:$X$9,7,FALSE) -> 0.26388889 | Y16: =VLOOKUP($B16,$R$3:$Z$9,8,FALSE) -> 0 | Z16: =VLOOKUP($B16,$R$3:$Z$9,9,FALSE) -> 60
B17: CARIB | C17: =[3]Brewhouse!$A710 -> CA661 | D17: =[3]Brewhouse!$AF710 -> 48.8 | E17: =[3]Brewhouse!$AI710 -> 49.4 | F17: =[3]Brewhouse!$V710 -> 59 | G17: =[3]Brewhouse!AG710 -> 11.5 | I17: =[3]Brewhouse!$AU710 -> 95.23677 | J17: =[3]Brewhouse!$AV710 -> 95.974532 | K17: =[3]Brewhouse!$Q710 -> 10.962963 | L17: =[3]Brewhouse!$P710 -> 57 | M17: =[3]Brewhouse!$U710-[3]Brewhouse!$T710 -> 0.12986111 | N17: =[3]Brewhouse!$Z710 -> 0.49166667 | O17: =[3]Brewhouse!$AX710 -> R. Regis | P17: Wort kettle pump problems | R17: =B17 -> CARIB | S17: =VLOOKUP($B17,$R$3:$X$9,2,FALSE) -> 11.6 | T17: =VLOOKUP($B17,$R$3:$X$9,3,FALSE) -> 12 | U17: =VLOOKUP($B17,$R$3:$X$9,4,FALSE) -> 0 | V17: =VLOOKUP($B17,$R$3:$X$9,5,FALSE) -> 0.11805556 | W17: =VLOOKUP($B17,$R$3:$X$9,6,FALSE) -> 0.22569444 | X17: =VLOOKUP($B17,$R$3:$X$9,7,FALSE) -> 0.26388889 | Y17: =VLOOKUP($B17,$R$3:$Z$9,8,FALSE) -> 0 | Z17: =VLOOKUP($B17,$R$3:$Z$9,9,FALSE) -> 60
B18: CARIB | C18: =[3]Brewhouse!$A711 -> CA662 | D18: =[3]Brewhouse!$AF711 -> 48 | E18: =[3]Brewhouse!$AI711 -> 48.7 | F18: =[3]Brewhouse!$V711 -> 60 | G18: =[3]Brewhouse!AG711 -> 12 | I18: =[3]Brewhouse!$AU711 -> 97.941169 | J18: =[3]Brewhouse!$AV711 -> 98.699982 | K18: =[3]Brewhouse!$Q711 -> 12.444444 | L18: =[3]Brewhouse!$P711 -> 59 | M18: =[3]Brewhouse!$U711-[3]Brewhouse!$T711 -> 0.10486111 | N18: =[3]Brewhouse!$Z711 -> 0.51111111 | O18: =[3]Brewhouse!$AX711 -> R. Regis | R18: =B18 -> CARIB | S18: =VLOOKUP($B18,$R$3:$X$9,2,FALSE) -> 11.6 | T18: =VLOOKUP($B18,$R$3:$X$9,3,FALSE) -> 12 | U18: =VLOOKUP($B18,$R$3:$X$9,4,FALSE) -> 0 | V18: =VLOOKUP($B18,$R$3:$X$9,5,FALSE) -> 0.11805556 | W18: =VLOOKUP($B18,$R$3:$X$9,6,FALSE) -> 0.22569444 | X18: =VLOOKUP($B18,$R$3:$X$9,7,FALSE) -> 0.26388889 | Y18: =VLOOKUP($B18,$R$3:$Z$9,8,FALSE) -> 0 | Z18: =VLOOKUP($B18,$R$3:$Z$9,9,FALSE) -> 60
R19: =B19 -> 0 | S19: =VLOOKUP($B19,$R$3:$X$9,2,FALSE) -> #N/A | T19: =VLOOKUP($B19,$R$3:$X$9,3,FALSE) -> #N/A | U19: =VLOOKUP($B19,$R$3:$X$9,4,FALSE) -> #N/A | V19: =VLOOKUP($B19,$R$3:$X$9,5,FALSE) -> #N/A | W19: =VLOOKUP($B19,$R$3:$X$9,6,FALSE) -> #N/A | X19: =VLOOKUP($B19,$R$3:$X$9,7,FALSE) -> #N/A | Y19: =VLOOKUP($B19,$R$3:$Z$9,8,FALSE) -> #N/A | Z19: =VLOOKUP($B19,$R$3:$Z$9,9,FALSE) -> #N/A
R20: =B20 -> 0 | S20: =VLOOKUP($B20,$R$3:$X$9,2,FALSE) -> #N/A | T20: =VLOOKUP($B20,$R$3:$X$9,3,FALSE) -> #N/A | U20: =VLOOKUP($B20,$R$3:$X$9,4,FALSE) -> #N/A | V20: =VLOOKUP($B20,$R$3:$X$9,5,FALSE) -> #N/A | W20: =VLOOKUP($B20,$R$3:$X$9,6,FALSE) -> #N/A | X20: =VLOOKUP($B20,$R$3:$X$9,7,FALSE) -> #N/A | Y20: =VLOOKUP($B20,$R$3:$Z$9,8,FALSE) -> #N/A | Z20: =VLOOKUP($B20,$R$3:$Z$9,9,FALSE) -> #N/A
R21: =B21 -> 0 | S21: =VLOOKUP($B21,$R$3:$X$9,2,FALSE) -> #N/A | T21: =VLOOKUP($B21,$R$3:$X$9,3,FALSE) -> #N/A | U21: =VLOOKUP($B21,$R$3:$X$9,4,FALSE) -> #N/A | V21: =VLOOKUP($B21,$R$3:$X$9,5,FALSE) -> #N/A | W21: =VLOOKUP($B21,$R$3:$X$9,6,FALSE) -> #N/A | X21: =VLOOKUP($B21,$R$3:$X$9,7,FALSE) -> #N/A | Y21: =VLOOKUP($B21,$R$3:$Z$9,8,FALSE) -> #N/A | Z21: =VLOOKUP($B21,$R$3:$Z$9,9,FALSE) -> #N/A
B22: BRAND | D22: BBT P.G./ O.G | I22: Brand | K22: MTD No. of Brews | L22: MTD | M22: YTD | N22: Target | R22: =B22 -> BRAND | S22: =VLOOKUP($B22,$R$3:$X$9,2,FALSE) -> #N/A | T22: =VLOOKUP($B22,$R$3:$X$9,3,FALSE) -> #N/A | U22: =VLOOKUP($B22,$R$3:$X$9,4,FALSE) -> #N/A | V22: =VLOOKUP($B22,$R$3:$X$9,5,FALSE) -> #N/A | W22: =VLOOKUP($B22,$R$3:$X$9,6,FALSE) -> #N/A | X22: =VLOOKUP($B22,$R$3:$X$9,7,FALSE) -> #N/A | Y22: =VLOOKUP($B22,$R$3:$Z$9,8,FALSE) -> #N/A | Z22: =VLOOKUP($B22,$R$3:$Z$9,9,FALSE) -> #N/A
I23: CARIB | J23: =AVERAGE(I10:I17) -> 97.664186 | K23: =COUNTA([3]Brewhouse!$A$696:$A$711) -> 16 | L23: =AVERAGE([3]Brewhouse!$AU$696:$AU$711) -> 97.86431 | M23: =AVERAGE([3]Brewhouse!$AU$42:$AU$123,[3]Brewhouse!$AU$125:$AU$188,[3]Brewhouse!$AU$198:$AU$290,[3]Brewhouse!$AU$292:$AU$370,[3]Brewhouse!$AU$372:$AU$439,[3]Brewhouse!$AU$441:$AU$497,[3]Brewhouse!$AU$499:$AU$519,[3]Brewhouse!$AU$521:$AU$593,[3]Brewhouse!$AU$595:$AU$711) -> 98.275568 | N23: 98 | R23: =B23 -> 0 | S23: =VLOOKUP($B23,$R$3:$X$9,2,FALSE) -> #N/A | T23: =VLOOKUP($B23,$R$3:$X$9,3,FALSE) -> #N/A | U23: =VLOOKUP($B23,$R$3:$X$9,4,FALSE) -> #N/A | V23: =VLOOKUP($B23,$R$3:$X$9,5,FALSE) -> #N/A | W23: =VLOOKUP($B23,$R$3:$X$9,6,FALSE) -> #N/A | X23: =VLOOKUP($B23,$R$3:$X$9,7,FALSE) -> #N/A | Y23: =VLOOKUP($B23,$R$3:$Z$9,8,FALSE) -> #N/A | Z23: =VLOOKUP($B23,$R$3:$Z$9,9,FALSE) -> #N/A
I24: STAG | M24: =AVERAGE([4]Brewhouse!$AS$52:$AS$81,[4]Brewhouse!$AS$83:$AS$124,[4]Brewhouse!$AS$134:$AS$177,[4]Brewhouse!$AS$22:$AS$179,[4]Brewhouse!$AS$214:$AS$249,[4]Brewhouse!$AS$252:$AS$293,[4]Brewhouse!$AS$295:$AS$325,[4]Brewhouse!$AS$327:$AS$361) -> 98.239656 | N24: 98 | R24: =B24 -> 0 | S24: =VLOOKUP($B24,$R$3:$X$9,2,FALSE) -> #N/A | T24: =VLOOKUP($B24,$R$3:$X$9,3,FALSE) -> #N/A | U24: =VLOOKUP($B24,$R$3:$X$9,4,FALSE) -> #N/A | V24: =VLOOKUP($B24,$R$3:$X$9,5,FALSE) -> #N/A | W24: =VLOOKUP($B24,$R$3:$X$9,6,FALSE) -> #N/A | X24: =VLOOKUP($B24,$R$3:$X$9,7,FALSE) -> #N/A | Y24: =VLOOKUP($B24,$R$3:$Z$9,8,FALSE) -> #N/A | Z24: =VLOOKUP($B24,$R$3:$Z$9,9,FALSE) -> #N/A
I25: GUINNESS | M25: =AVERAGE([5]Brewhouse!$AU$16:$AU$23,[5]Brewhouse!$AU$25:$AU$32,[5]Brewhouse!$AU$34:$AU$41,[5]Brewhouse!$AU$43:$AU$60,[5]Brewhouse!$AU$62:$AU$69,[5]Brewhouse!$AU$71:$AU$88,[5]Brewhouse!$AU$90:$AU$97) -> 96.502171 | N25: 98 | R25: =B25 -> 0 | S25: =VLOOKUP($B25,$R$3:$X$9,2,FALSE) -> #N/A | T25: =VLOOKUP($B25,$R$3:$X$9,3,FALSE) -> #N/A | U25: =VLOOKUP($B25,$R$3:$X$9,4,FALSE) -> #N/A | V25: =VLOOKUP($B25,$R$3:$X$9,5,FALSE) -> #N/A | W25: =VLOOKUP($B25,$R$3:$X$9,6,FALSE) -> #N/A | X25: =VLOOKUP($B25,$R$3:$X$9,7,FALSE) -> #N/A | Y25: =VLOOKUP($B25,$R$3:$Z$9,8,FALSE) -> #N/A | Z25: =VLOOKUP($B25,$R$3:$Z$9,9,FALSE) -> #N/A
I26: VITAMALT | M26: =AVERAGE([6]Brewhouse!$AV$23:$AV$34,[6]Brewhouse!$AV$36,[6]Brewhouse!$AV$38:$AV$52,[6]Brewhouse!$AV$54:$AV$60,[6]Brewhouse!$AV$62:$AV$69,[6]Brewhouse!$AV$71:$AV$78,[6]Brewhouse!$AV$80:$AV$87,[6]Brewhouse!$AV$89:$AV$96) -> 97.559547 | N26: 98 | R26: =B26 -> 0 | S26: =VLOOKUP($B26,$R$3:$X$9,2,FALSE) -> #N/A | T26: =VLOOKUP($B26,$R$3:$X$9,3,FALSE) -> #N/A | U26: =VLOOKUP($B26,$R$3:$X$9,4,FALSE) -> #N/A | V26: =VLOOKUP($B26,$R$3:$X$9,5,FALSE) -> #N/A | W26: =VLOOKUP($B26,$R$3:$X$9,6,FALSE) -> #N/A | X26: =VLOOKUP($B26,$R$3:$X$9,7,FALSE) -> #N/A | Y26: =VLOOKUP($B26,$R$3:$Z$9,8,FALSE) -> #N/A | Z26: =VLOOKUP($B26,$R$3:$Z$9,9,FALSE) -> #N/A
I27: MAXIMALT | N27: 98 | R27: =B27 -> 0 | S27: =VLOOKUP($B27,$R$3:$X$9,2,FALSE) -> #N/A | T27: =VLOOKUP($B27,$R$3:$X$9,3,FALSE) -> #N/A | U27: =VLOOKUP($B27,$R$3:$X$9,4,FALSE) -> #N/A | V27: =VLOOKUP($B27,$R$3:$X$9,5,FALSE) -> #N/A | W27: =VLOOKUP($B27,$R$3:$X$9,6,FALSE) -> #N/A | X27: =VLOOKUP($B27,$R$3:$X$9,7,FALSE) -> #N/A | Y27: =VLOOKUP($B27,$R$3:$Z$9,8,FALSE) -> #N/A | Z27: =VLOOKUP($B27,$R$3:$Z$9,9,FALSE) -> #N/A
I28: MACKESON | M28: =AVERAGE([7]Brewhouse!$AT$4:$AT$11,[7]Brewhouse!$AT$13:$AT$16,[7]Brewhouse!$AT$18:$AT$21) -> 91.832675 | N28: 98 | R28: =B28 -> 0 | S28: =VLOOKUP($B28,$R$3:$X$9,2,FALSE) -> #N/A | T28: =VLOOKUP($B28,$R$3:$X$9,3,FALSE) -> #N/A | U28: =VLOOKUP($B28,$R$3:$X$9,4,FALSE) -> #N/A | V28: =VLOOKUP($B28,$R$3:$X$9,5,FALSE) -> #N/A | W28: =VLOOKUP($B28,$R$3:$X$9,6,FALSE) -> #N/A | X28: =VLOOKUP($B28,$R$3:$X$9,7,FALSE) -> #N/A | Y28: =VLOOKUP($B28,$R$3:$Z$9,8,FALSE) -> #N/A | Z28: =VLOOKUP($B28,$R$3:$Z$9,9,FALSE) -> #N/A
I29: STARMALT | M29: =AVERAGE([8]Brewhouse!$AY$5:$AY$14,[8]Brewhouse!$AY$16:$AY$23,[8]Brewhouse!$AY$42,[8]Brewhouse!$AY$44:$AY$51,[8]Brewhouse!$AY$53:$AY$64,[8]Brewhouse!$AY$66:$AY$73,[8]Brewhouse!$AY$75:$AY$82,[8]Brewhouse!$AY$84:$AY$101) -> 97.78466 | N29: 98 | R29: =B29 -> 0 | S29: =VLOOKUP($B29,$R$3:$X$9,2,FALSE) -> #N/A | T29: =VLOOKUP($B29,$R$3:$X$9,3,FALSE) -> #N/A | U29: =VLOOKUP($B29,$R$3:$X$9,4,FALSE) -> #N/A | V29: =VLOOKUP($B29,$R$3:$X$9,5,FALSE) -> #N/A | W29: =VLOOKUP($B29,$R$3:$X$9,6,FALSE) -> #N/A | X29: =VLOOKUP($B29,$R$3:$X$9,7,FALSE) -> #N/A | Y29: =VLOOKUP($B29,$R$3:$Z$9,8,FALSE) -> #N/A | Z29: =VLOOKUP($B29,$R$3:$Z$9,9,FALSE) -> #N/A
I30: HR- Pils | N30: 98 | R30: =B30 -> 0 | S30: =VLOOKUP($B30,$R$3:$X$9,2,FALSE) -> #N/A | T30: =VLOOKUP($B30,$R$3:$X$9,3,FALSE) -> #N/A | U30: =VLOOKUP($B30,$R$3:$X$9,4,FALSE) -> #N/A | V30: =VLOOKUP($B30,$R$3:$X$9,5,FALSE) -> #N/A | W30: =VLOOKUP($B30,$R$3:$X$9,6,FALSE) -> #N/A | X30: =VLOOKUP($B30,$R$3:$X$9,7,FALSE) -> #N/A | Y30: =VLOOKUP($B30,$R$3:$Z$9,8,FALSE) -> #N/A | Z30: =VLOOKUP($B30,$R$3:$Z$9,9,FALSE) -> #N/A
I31: HR- IPA | N31: 98 | R31: =B31 -> 0 | S31: =VLOOKUP($B31,$R$3:$X$9,2,FALSE) -> #N/A | T31: =VLOOKUP($B31,$R$3:$X$9,3,FALSE) -> #N/A | U31: =VLOOKUP($B31,$R$3:$X$9,4,FALSE) -> #N/A | V31: =VLOOKUP($B31,$R$3:$X$9,5,FALSE) -> #N/A | W31: =VLOOKUP($B31,$R$3:$X$9,6,FALSE) -> #N/A | X31: =VLOOKUP($B31,$R$3:$X$9,7,FALSE) -> #N/A | Y31: =VLOOKUP($B31,$R$3:$Z$9,8,FALSE) -> #N/A | Z31: =VLOOKUP($B31,$R$3:$Z$9,9,FALSE) -> #N/A
I32: HR- APA | N32: 98 | R32: =B32 -> 0 | S32: =VLOOKUP($B32,$R$3:$X$9,2,FALSE) -> #N/A | T32: =VLOOKUP($B32,$R$3:$X$9,3,FALSE) -> #N/A | U32: =VLOOKUP($B32,$R$3:$X$9,4,FALSE) -> #N/A | V32: =VLOOKUP($B32,$R$3:$X$9,5,FALSE) -> #N/A | W32: =VLOOKUP($B32,$R$3:$X$9,6,FALSE) -> #N/A | X32: =VLOOKUP($B32,$R$3:$X$9,7,FALSE) -> #N/A | Y32: =VLOOKUP($B32,$R$3:$Z$9,8,FALSE) -> #N/A | Z32: =VLOOKUP($B32,$R$3:$Z$9,9,FALSE) -> #N/A
K33: =SUM(K23:K32) -> 16 | L33: =((L23*K23)+(L24*K24)+(L25*K25)+(L26*K26)+(L27*K27)+(K30*L30)+(L28*K28)+(L29*K29)+(L32*K32))/(K33) -> 97.86431 | M33: =AVERAGE('[9]Jan30th-31st'!$L$42,'[10]Feb 27th-28th'!$L$45,'[11]Mar 31st'!$L$42,'[12]Apr 30th'!$L$41,'[13]May 29th '!$L$35,'[14]June 30th'!$L$32,[15]July31st!$L$36,'[16]Aug 31st'!$L$32,L33) -> 97.968516 | N33: 98 | R33: =B33 -> 0 | S33: =VLOOKUP($B33,$R$3:$X$9,2,FALSE) -> #N/A | T33: =VLOOKUP($B33,$R$3:$X$9,3,FALSE) -> #N/A | U33: =VLOOKUP($B33,$R$3:$X$9,4,FALSE) -> #N/A | V33: =VLOOKUP($B33,$R$3:$X$9,5,FALSE) -> #N/A | W33: =VLOOKUP($B33,$R$3:$X$9,6,FALSE) -> #N/A | X33: =VLOOKUP($B33,$R$3:$X$9,7,FALSE) -> #N/A | Y33: =VLOOKUP($B33,$R$3:$Z$9,8,FALSE) -> #N/A | Z33: =VLOOKUP($B33,$R$3:$Z$9,9,FALSE) -> #N/A
R34: =B34 -> 0 | S34: =VLOOKUP($B34,$R$3:$X$9,2,FALSE) -> #N/A | T34: =VLOOKUP($B34,$R$3:$X$9,3,FALSE) -> #N/A | U34: =VLOOKUP($B34,$R$3:$X$9,4,FALSE) -> #N/A | V34: =VLOOKUP($B34,$R$3:$X$9,5,FALSE) -> #N/A | W34: =VLOOKUP($B34,$R$3:$X$9,6,FALSE) -> #N/A | X34: =VLOOKUP($B34,$R$3:$X$9,7,FALSE) -> #N/A | Y34: =VLOOKUP($B34,$R$3:$Z$9,8,FALSE) -> #N/A | Z34: =VLOOKUP($B34,$R$3:$Z$9,9,FALSE) -> #N/A
J35: Daily Brewing Plan
J36: Brand | L36: Average Brews per day
J37: CARIB | K37: 9 | L37: MTD | M37: YTD | N37: TARGET
J38: STAG | L38: =AVERAGE('Sept 1st'!K45,K47) -> 8 | M38: =AVERAGE('[9]Jan30th-31st'!$L$47,L38,'[10]Feb 26th '!$L$39,'[11]Mar 31st'!$L$47,'[12]Apr 30th'!$L$46,'[13]May 29th '!$L$40,'[14]June 30th'!$L$39,[15]July31st!$L$41,'[16]Aug 31st'!$L$37) -> 6.6266782 | N38: 9.2
J39: GUINN
J40: VITAMALT
J41: STARMALT
J42: MACKESON
J43: HURRICANE REEF- IPA
J44: HURRICANE REEF- APA
B45: AVERAGE | J45: HR- PILSNER
J46: CARIBE
J47: Total | K47: =SUM(K37:K46) -> 9
B48: Process: | C48: Fermentation/Filtration
B50: Brand | C50: Filt. Date | D50: FV Hls | E50: GFE/ Prim/ Vita Blend (Hls) | F50: SV Hls | G50: BBT Hls | H50: Loss (%) Ferm | I50: Loss (%) Filt | J50: Comments | K50: Throughput | L50: Process Loss (%) | M50: Filt. Operator
AB51: 43474 | AC51: 43475 | AD51: 43476 | AE51: 43477 | AF51: 43478 | AG51: 43479 | AH51: 43480 | AI51: 43481 | AJ51: 43482 | AK51: 43483 | AL51: 43484 | AM51: 43485 | AN51: 43486 | AO51: 43487 | AP51: 43488 | AQ51: 43489 | AR51: 43490 | AS51: 43491 | AT51: 43492 | AU51: 43493 | AV51: 43494 | AW51: 43495 | AX51: 43496
B52: =J37 -> CARIB | C52: 46267 | D52: =[17]September_2026!$E$3 -> 400.4 | G52: =[17]September_2026!$E$7 -> 369.8 | J52: 4 SBF | L52: =(((D52+E52)-G52)/(D52+E52))*100 -> 7.6423576 | M52: K. Neptune | AB52: =[19]January_2019!L5 -> 0 | AC52: =[19]January_2019!M5 -> 0 | AD52: =[19]January_2019!N5 -> 0 | AE52: =[19]January_2019!O5 -> 0 | AF52: =[19]January_2019!P5 -> 0 | AG52: =[19]January_2019!Q5 -> 0 | AH52: =[19]January_2019!R5 -> 0 | AI52: =[19]January_2019!S5 -> 0 | ... AX52: =[19]January_2019!AH5 -> 0
AB53: =[19]January_2019!L6 -> 0 | AC53: =[19]January_2019!M6 -> 0 | AD53: =[19]January_2019!N6 -> 0 | AE53: =[19]January_2019!O6 -> 0 | AF53: =[19]January_2019!P6 -> 0 | AG53: =[19]January_2019!Q6 -> 0 | AH53: =[19]January_2019!R6 -> 0 | AI53: =[19]January_2019!S6 -> 0 | ... AX53: =[19]January_2019!AH6 -> 0
AB54: =[19]January_2019!L7 -> 285.8 | AC54: =[19]January_2019!M7 -> 508.1 | AD54: =[19]January_2019!N7 -> 0 | AE54: =[19]January_2019!O7 -> 0 | AF54: =[19]January_2019!P7 -> 109.56667 | AG54: =[19]January_2019!Q7 -> 297.65 | AH54: =[19]January_2019!R7 -> 122.3 | AI54: =[19]January_2019!S7 -> 0 | ... AX54: =[19]January_2019!AH7 -> 0
B63: Process Loss (Volume) | G63: Process Loss (Extract) | K63: Throughput
B64: Brand | C64: Actual | D64: MTD | E64: YTD | F64: Target | G64: Actual | H64: MTD | I64: YTD | J64: Target | L64: MTD | M64: YTD | N64: Target
B65: CARIB | C65: =L52 -> 7.6423576 | D65: 7.4556507 | E65: 6.5474778 | F65: 4.8 | H65: 6.7445157 | I65: 6.6531065 | J65: 4.8 | L65: 0.33 | M65: 0.52361633 | N65: 1
B66: STAG | E66: 5.7899438 | F66: 4.8 | I66: 5.9483337 | J66: 4.8 | M66: 0.6996979 | N66: 1
B67: GUINN | E67: 11.277593 | F67: 5.5 | I67: 11.857908 | J67: 5.5 | M67: 0.3537019 | N67: 1
B68: VITAMALT | E68: 4.8685538 | F68: 3.3 | I68: 4.8702525 | J68: 3.3 | M68: 0.77919298 | N68: 1
B69: APA | F69: 3.3 | J69: 3 | N69: 1
B70: MACKESON | E70: 6.0400198 | F70: 5.5 | I70: 8.2405788 | J70: 5.5 | M70: 0.78491228 | N70: 1
B71: STARMALT | E71: 3.6168923 | F71: 3.3 | I71: 5.009118 | J71: 3.3 | M71: 0.926423 | N71: 1
B72: IPA | F72: 7.5 | J72: 7.5 | N72: 1
B73: HURRICANE REEF PILS | F73: 4.8 | J73: 4.8 | L73: 0 | N73: 1
D74: 7.4556507 | E74: 6.342201 | F74: 5.5 | H74: 6.7445157 | I74: 6.6937815 | J74: 5.5 | L74: 0.33 | M74: 0.59677829 | N74: 1

Sheet Sept 3rd
S1: P.G. | U1: Hot Time | W1: Process Time | Y1: Cooling Time
B2: Brewing Department Daily Process Loss Report | S2: Lower | T2: Upper | U2: Lower | V2: Upper | W2: Lower | X2: Upper | Y2: Lower | Z2: Upper
R3: CARIB | S3: 11.6 | T3: 12 | U3: 0 | V3: 0.11805556 | W3: 0.22569444 | X3: 0.26388889 | Y3: 0 | Z3: 60 | AB3: HR- PISNER
B4: Date: | C4: 46268 | J4: LOT WORT COLOUR: 3.4 | M4: Filter Sheets (Target 20 days) | R4: STAG | S4: 11.6 | T4: 12 | U4: 0 | V4: 0.11805556 | W4: 0.22569444 | X4: 0.26388889 | Y4: 0 | Z4: 60
M5: Double | N5: Single | R5: GUINNESS | S5: 17 | T5: 17.5 | U5: 0 | V5: 0.10763889 | W5: 0.24652778 | X5: 0.28472222 | Y5: 0 | Z5: 60
J6: MALT LOT: Lot #15 | L6: Sheet Day | R6: MACKESON | S6: 13.3 | T6: 13.5 | U6: 0 | V6: 0.12905093 | W6: 0.27430556 | X6: 0.30208333 | Y6: 0
R7: STARMALT | S7: 17 | T7: 17.4 | U7: 0 | V7: 0.13605324 | W7: 0.27430556 | X7: 0.30902778 | Y7: 0 | Z7: 85
B8: Brand | C8: Brew no. | D8: Kett. Hls | E8: Wort | F8: Cool Time(Mins) | G8: Cast. P.G. (Lab Result) | H8: Cast P.G. (Cellar Operator)-gravity | I8: Extr. Rec (78%) | J8: Theor. Extr. (77.5%) | K8: Boil Off /Vol. (4-6%) | L8: Boil Time | M8: Total Hot | N8: Brewing Time | O8: Operator | R8: Hurricane Reef | S8: 16.6 | T8: 17 | U8: 0 | V8: 0.12905093 | W8: 0.27430556 | X8: 0.30208333 | Y8: 0
E9: Meter (Hls) | F9: Target(< 60Mins) | M9: Time | R9: VITAMALT | S9: 14.2 | T9: 14.6 | U9: 0 | V9: 0.13905093 | W9: 0.26041667 | X9: 0.29513889 | Y9: 0 | Z9: 75
B10: CARIB | C10: =[3]Brewhouse!$A712 -> CA663 | D10: =[3]Brewhouse!$AF712 -> 49.6 | E10: =[3]Brewhouse!$AI712 -> 50.3 | F10: =[3]Brewhouse!$V712 -> 63 | G10: =[3]Brewhouse!AG712 -> 11.7 | I10: =[3]Brewhouse!$AU712 -> 98.624495 | J10: =[3]Brewhouse!$AV712 -> 99.388551 | K10: =[3]Brewhouse!$Q712 -> 9.6487985 | L10: =[3]Brewhouse!$P712 -> 60 | M10: =[3]Brewhouse!$U712-[3]Brewhouse!$T712 -> 0.11597222 | N10: =[3]Brewhouse!$Z712 -> 0.26319444 | O10: =[3]Brewhouse!$AX712 -> R. Sookram | R10: =B10 -> CARIB | S10: =VLOOKUP($B10,$R$3:$X$9,2,FALSE) -> 11.6 | T10: =VLOOKUP($B10,$R$3:$X$9,3,FALSE) -> 12 | U10: =VLOOKUP($B10,$R$3:$X$9,4,FALSE) -> 0 | V10: =VLOOKUP($B10,$R$3:$X$9,5,FALSE) -> 0.11805556 | W10: =VLOOKUP($B10,$R$3:$X$9,6,FALSE) -> 0.22569444 | X10: =VLOOKUP($B10,$R$3:$X$9,7,FALSE) -> 0.26388889 | Y10: =VLOOKUP($B10,$R$3:$Z$9,8,FALSE) -> 0 | Z10: =VLOOKUP($B10,$R$3:$Z$9,9,FALSE) -> 60
B11: CARIB | C11: =[3]Brewhouse!$A713 -> CA664 | D11: =[3]Brewhouse!$AF713 -> 50.4 | E11: =[3]Brewhouse!$AI713 -> 51.1 | F11: =[3]Brewhouse!$V713 -> 63 | G11: =[3]Brewhouse!AG713 -> 11.6 | I11: =[3]Brewhouse!$AU713 -> 99.291912 | J11: =[3]Brewhouse!$AV713 -> 100.06114 | K11: =[3]Brewhouse!$Q713 -> 8.1700555 | L11: =[3]Brewhouse!$P713 -> 61 | M11: =[3]Brewhouse!$U713-[3]Brewhouse!$T713 -> 0.10833333 | N11: =[3]Brewhouse!$Z713 -> 0.26111111 | O11: =[3]Brewhouse!$AX713 -> D. Gomaz | R11: =B11 -> CARIB | S11: =VLOOKUP($B11,$R$3:$X$9,2,FALSE) -> 11.6 | T11: =VLOOKUP($B11,$R$3:$X$9,3,FALSE) -> 12 | U11: =VLOOKUP($B11,$R$3:$X$9,4,FALSE) -> 0 | V11: =VLOOKUP($B11,$R$3:$X$9,5,FALSE) -> 0.11805556 | W11: =VLOOKUP($B11,$R$3:$X$9,6,FALSE) -> 0.22569444 | X11: =VLOOKUP($B11,$R$3:$X$9,7,FALSE) -> 0.26388889 | Y11: =VLOOKUP($B11,$R$3:$Z$9,8,FALSE) -> 0 | Z11: =VLOOKUP($B11,$R$3:$Z$9,9,FALSE) -> 60
B12: CARIB | C12: =[3]Brewhouse!$A714 -> CA665 | D12: =[3]Brewhouse!$AF714 -> 51.4 | E12: =[3]Brewhouse!$AI714 -> 51.9 | F12: =[3]Brewhouse!$V714 -> 60 | G12: =[3]Brewhouse!AG714 -> 11.8 | I12: =[3]Brewhouse!$AU714 -> 102.67693 | J12: =[3]Brewhouse!$AV714 -> 103.47238 | K12: =[3]Brewhouse!$Q714 -> 6.3216266 | L12: =[3]Brewhouse!$P714 -> 62 | M12: =[3]Brewhouse!$U714-[3]Brewhouse!$T714 -> 0.125 | N12: =[3]Brewhouse!$Z714 -> 0.27986111 | O12: =[3]Brewhouse!$AX714 -> D. Gomaz | R12: =B12 -> CARIB | S12: =VLOOKUP($B12,$R$3:$X$9,2,FALSE) -> 11.6 | T12: =VLOOKUP($B12,$R$3:$X$9,3,FALSE) -> 12 | U12: =VLOOKUP($B12,$R$3:$X$9,4,FALSE) -> 0 | V12: =VLOOKUP($B12,$R$3:$X$9,5,FALSE) -> 0.11805556 | W12: =VLOOKUP($B12,$R$3:$X$9,6,FALSE) -> 0.22569444 | X12: =VLOOKUP($B12,$R$3:$X$9,7,FALSE) -> 0.26388889 | Y12: =VLOOKUP($B12,$R$3:$Z$9,8,FALSE) -> 0 | Z12: =VLOOKUP($B12,$R$3:$Z$9,9,FALSE) -> 60
B13: CARIB | C13: =[3]Brewhouse!$A715 -> CA666 | D13: =[3]Brewhouse!$AF715 -> 45.3 | E13: =[3]Brewhouse!$AI715 -> 46.2 | F13: =[3]Brewhouse!$V715 -> 57 | G13: =[3]Brewhouse!AG715 -> 11.7 | I13: =[3]Brewhouse!$AU715 -> 102.38451 | J13: =[3]Brewhouse!$AV715 -> 103.17215 | K13: =[3]Brewhouse!$Q715 -> 9.9393939 | L13: =[3]Brewhouse!$P715 -> 61 | M13: =[3]Brewhouse!$U715-[3]Brewhouse!$T715 -> 0.1125 | N13: =[3]Brewhouse!$Z715 -> 0.25694444 | O13: =[3]Brewhouse!$AX715 -> D. Gomaz | R13: =B13 -> CARIB | S13: =VLOOKUP($B13,$R$3:$X$9,2,FALSE) -> 11.6 | T13: =VLOOKUP($B13,$R$3:$X$9,3,FALSE) -> 12 | U13: =VLOOKUP($B13,$R$3:$X$9,4,FALSE) -> 0 | V13: =VLOOKUP($B13,$R$3:$X$9,5,FALSE) -> 0.11805556 | W13: =VLOOKUP($B13,$R$3:$X$9,6,FALSE) -> 0.22569444 | X13: =VLOOKUP($B13,$R$3:$X$9,7,FALSE) -> 0.26388889 | Y13: =VLOOKUP($B13,$R$3:$Z$9,8,FALSE) -> 0 | Z13: =VLOOKUP($B13,$R$3:$Z$9,9,FALSE) -> 60
R14: =B14 -> 0 | S14: =VLOOKUP($B14,$R$3:$X$9,2,FALSE) -> #N/A | T14: =VLOOKUP($B14,$R$3:$X$9,3,FALSE) -> #N/A | U14: =VLOOKUP($B14,$R$3:$X$9,4,FALSE) -> #N/A | V14: =VLOOKUP($B14,$R$3:$X$9,5,FALSE) -> #N/A | W14: =VLOOKUP($B14,$R$3:$X$9,6,FALSE) -> #N/A | X14: =VLOOKUP($B14,$R$3:$X$9,7,FALSE) -> #N/A | Y14: =VLOOKUP($B14,$R$3:$Z$9,8,FALSE) -> #N/A | Z14: =VLOOKUP($B14,$R$3:$Z$9,9,FALSE) -> #N/A
B15: MACKESON | C15: =[7]Brewhouse!$A23 -> MK017 | D15: =[7]Brewhouse!$AF23 -> 49.3 | E15: =[7]Brewhouse!$AI23 -> 48.1 | F15: =[7]Brewhouse!$X23 -> 53 | G15: =[7]Brewhouse!$AG23 -> 13 | I15: =[7]Brewhouse!$AT23 -> 91.951724 | J15: =[7]Brewhouse!$AU23 -> 92.579945 | K15: =[7]Brewhouse!$S23 -> 12.685918 | L15: =[7]Brewhouse!$R23 -> 111 | M15: =[7]Brewhouse!$W23-[7]Brewhouse!$V23 -> 0.14930556 | N15: =[7]Brewhouse!$AA23 -> 0.31666667 | O15: =[7]Brewhouse!$AX23 -> R.Regis | R15: =B15 -> MACKESON | S15: =VLOOKUP($B15,$R$3:$X$9,2,FALSE) -> 13.3 | T15: =VLOOKUP($B15,$R$3:$X$9,3,FALSE) -> 13.5 | U15: =VLOOKUP($B15,$R$3:$X$9,4,FALSE) -> 0 | V15: =VLOOKUP($B15,$R$3:$X$9,5,FALSE) -> 0.12905093 | W15: =VLOOKUP($B15,$R$3:$X$9,6,FALSE) -> 0.27430556 | X15: =VLOOKUP($B15,$R$3:$X$9,7,FALSE) -> 0.30208333 | Y15: =VLOOKUP($B15,$R$3:$Z$9,8,FALSE) -> 0 | Z15: =VLOOKUP($B15,$R$3:$Z$9,9,FALSE) -> 0
B16: MACKESON | C16: =[7]Brewhouse!$A24 -> MK018 | D16: =[7]Brewhouse!$AF24 -> 51.6 | E16: =[7]Brewhouse!$AI24 -> 51.1 | F16: =[7]Brewhouse!$X24 -> 62 | G16: =[7]Brewhouse!$AG24 -> 13.1 | I16: =[7]Brewhouse!$AT24 -> 96.150584 | J16: =[7]Brewhouse!$AU24 -> 96.807492 | K16: =[7]Brewhouse!$S24 -> 8.4228571 | L16: =[7]Brewhouse!$R24 -> 95 | M16: =[7]Brewhouse!$W24-[7]Brewhouse!$V24 -> 0.13888889 | N16: =[7]Brewhouse!$AA24 -> 0.35902778 | O16: =[7]Brewhouse!$AX24 -> R.Regis | R16: =B16 -> MACKESON | S16: =VLOOKUP($B16,$R$3:$X$9,2,FALSE) -> 13.3 | T16: =VLOOKUP($B16,$R$3:$X$9,3,FALSE) -> 13.5 | U16: =VLOOKUP($B16,$R$3:$X$9,4,FALSE) -> 0 | V16: =VLOOKUP($B16,$R$3:$X$9,5,FALSE) -> 0.12905093 | W16: =VLOOKUP($B16,$R$3:$X$9,6,FALSE) -> 0.27430556 | X16: =VLOOKUP($B16,$R$3:$X$9,7,FALSE) -> 0.30208333 | Y16: =VLOOKUP($B16,$R$3:$Z$9,8,FALSE) -> 0 | Z16: =VLOOKUP($B16,$R$3:$Z$9,9,FALSE) -> 0
B17: MACKESON | C17: =[7]Brewhouse!$A25 -> MK019 | D17: =[7]Brewhouse!$AF25 -> 51.1 | E17: =[7]Brewhouse!$AI25 -> 50.6 | F17: =[7]Brewhouse!$X25 -> 55 | G17: =[7]Brewhouse!$AG25 -> 13.3 | I17: =[7]Brewhouse!$AT25 -> 96.73092 | J17: =[7]Brewhouse!$AU25 -> 97.391793 | K17: =[7]Brewhouse!$S25 -> 9.3157143 | L17: =[7]Brewhouse!$R25 -> 80 | M17: =[7]Brewhouse!$W25-[7]Brewhouse!$V25 -> 0.14236111 | N17: =[7]Brewhouse!$AA25 -> 0.34375 | O17: =[7]Brewhouse!$AX25 -> R.Regis | R17: =B17 -> MACKESON | S17: =VLOOKUP($B17,$R$3:$X$9,2,FALSE) -> 13.3 | T17: =VLOOKUP($B17,$R$3:$X$9,3,FALSE) -> 13.5 | U17: =VLOOKUP($B17,$R$3:$X$9,4,FALSE) -> 0 | V17: =VLOOKUP($B17,$R$3:$X$9,5,FALSE) -> 0.12905093 | W17: =VLOOKUP($B17,$R$3:$X$9,6,FALSE) -> 0.27430556 | X17: =VLOOKUP($B17,$R$3:$X$9,7,FALSE) -> 0.30208333 | Y17: =VLOOKUP($B17,$R$3:$Z$9,8,FALSE) -> 0 | Z17: =VLOOKUP($B17,$R$3:$Z$9,9,FALSE) -> 0
R18: =B18 -> 0 | S18: =VLOOKUP($B18,$R$3:$X$9,2,FALSE) -> #N/A | T18: =VLOOKUP($B18,$R$3:$X$9,3,FALSE) -> #N/A | U18: =VLOOKUP($B18,$R$3:$X$9,4,FALSE) -> #N/A | V18: =VLOOKUP($B18,$R$3:$X$9,5,FALSE) -> #N/A | W18: =VLOOKUP($B18,$R$3:$X$9,6,FALSE) -> #N/A | X18: =VLOOKUP($B18,$R$3:$X$9,7,FALSE) -> #N/A | Y18: =VLOOKUP($B18,$R$3:$Z$9,8,FALSE) -> #N/A | Z18: =VLOOKUP($B18,$R$3:$Z$9,9,FALSE) -> #N/A
B19: BRAND | D19: BBT P.G./ O.G | I19: Brand | K19: MTD No. of Brews | L19: MTD | M19: YTD | N19: Target | R19: =B19 -> BRAND | S19: =VLOOKUP($B19,$R$3:$X$9,2,FALSE) -> #N/A | T19: =VLOOKUP($B19,$R$3:$X$9,3,FALSE) -> #N/A | U19: =VLOOKUP($B19,$R$3:$X$9,4,FALSE) -> #N/A | V19: =VLOOKUP($B19,$R$3:$X$9,5,FALSE) -> #N/A | W19: =VLOOKUP($B19,$R$3:$X$9,6,FALSE) -> #N/A | X19: =VLOOKUP($B19,$R$3:$X$9,7,FALSE) -> #N/A | Y19: =VLOOKUP($B19,$R$3:$Z$9,8,FALSE) -> #N/A | Z19: =VLOOKUP($B19,$R$3:$Z$9,9,FALSE) -> #N/A
I20: CARIB | J20: =AVERAGE(I10:I13) -> 100.74446 | K20: =COUNTA([3]Brewhouse!$A$696:$A$715) -> 20 | L20: =AVERAGE([3]Brewhouse!$AU$696:$AU$715) -> 98.44034 | M20: =AVERAGE([3]Brewhouse!$AU$42:$AU$123,[3]Brewhouse!$AU$125:$AU$188,[3]Brewhouse!$AU$198:$AU$290,[3]Brewhouse!$AU$292:$AU$370,[3]Brewhouse!$AU$372:$AU$439,[3]Brewhouse!$AU$441:$AU$497,[3]Brewhouse!$AU$499:$AU$519,[3]Brewhouse!$AU$521:$AU$593,[3]Brewhouse!$AU$595:$AU$715) -> 98.290599 | N20: 98 | R20: =B20 -> 0 | S20: =VLOOKUP($B20,$R$3:$X$9,2,FALSE) -> #N/A | T20: =VLOOKUP($B20,$R$3:$X$9,3,FALSE) -> #N/A | U20: =VLOOKUP($B20,$R$3:$X$9,4,FALSE) -> #N/A | V20: =VLOOKUP($B20,$R$3:$X$9,5,FALSE) -> #N/A | W20: =VLOOKUP($B20,$R$3:$X$9,6,FALSE) -> #N/A | X20: =VLOOKUP($B20,$R$3:$X$9,7,FALSE) -> #N/A | Y20: =VLOOKUP($B20,$R$3:$Z$9,8,FALSE) -> #N/A | Z20: =VLOOKUP($B20,$R$3:$Z$9,9,FALSE) -> #N/A
I21: STAG | M21: =AVERAGE([4]Brewhouse!$AS$52:$AS$81,[4]Brewhouse!$AS$83:$AS$124,[4]Brewhouse!$AS$134:$AS$177,[4]Brewhouse!$AS$22:$AS$179,[4]Brewhouse!$AS$214:$AS$249,[4]Brewhouse!$AS$252:$AS$293,[4]Brewhouse!$AS$295:$AS$325,[4]Brewhouse!$AS$327:$AS$361) -> 98.239656 | N21: 98 | R21: =B21 -> 0 | S21: =VLOOKUP($B21,$R$3:$X$9,2,FALSE) -> #N/A | T21: =VLOOKUP($B21,$R$3:$X$9,3,FALSE) -> #N/A | U21: =VLOOKUP($B21,$R$3:$X$9,4,FALSE) -> #N/A | V21: =VLOOKUP($B21,$R$3:$X$9,5,FALSE) -> #N/A | W21: =VLOOKUP($B21,$R$3:$X$9,6,FALSE) -> #N/A | X21: =VLOOKUP($B21,$R$3:$X$9,7,FALSE) -> #N/A | Y21: =VLOOKUP($B21,$R$3:$Z$9,8,FALSE) -> #N/A | Z21: =VLOOKUP($B21,$R$3:$Z$9,9,FALSE) -> #N/A
I22: GUINNESS | M22: =AVERAGE([5]Brewhouse!$AU$16:$AU$23,[5]Brewhouse!$AU$25:$AU$32,[5]Brewhouse!$AU$34:$AU$41,[5]Brewhouse!$AU$43:$AU$60,[5]Brewhouse!$AU$62:$AU$69,[5]Brewhouse!$AU$71:$AU$88,[5]Brewhouse!$AU$90:$AU$97) -> 96.502171 | N22: 98 | R22: =B22 -> 0 | S22: =VLOOKUP($B22,$R$3:$X$9,2,FALSE) -> #N/A | T22: =VLOOKUP($B22,$R$3:$X$9,3,FALSE) -> #N/A | U22: =VLOOKUP($B22,$R$3:$X$9,4,FALSE) -> #N/A | V22: =VLOOKUP($B22,$R$3:$X$9,5,FALSE) -> #N/A | W22: =VLOOKUP($B22,$R$3:$X$9,6,FALSE) -> #N/A | X22: =VLOOKUP($B22,$R$3:$X$9,7,FALSE) -> #N/A | Y22: =VLOOKUP($B22,$R$3:$Z$9,8,FALSE) -> #N/A | Z22: =VLOOKUP($B22,$R$3:$Z$9,9,FALSE) -> #N/A
I23: VITAMALT | M23: =AVERAGE([6]Brewhouse!$AV$23:$AV$34,[6]Brewhouse!$AV$36,[6]Brewhouse!$AV$38:$AV$52,[6]Brewhouse!$AV$54:$AV$60,[6]Brewhouse!$AV$62:$AV$69,[6]Brewhouse!$AV$71:$AV$78,[6]Brewhouse!$AV$80:$AV$87,[6]Brewhouse!$AV$89:$AV$96) -> 97.559547 | N23: 98 | R23: =B23 -> 0 | S23: =VLOOKUP($B23,$R$3:$X$9,2,FALSE) -> #N/A | T23: =VLOOKUP($B23,$R$3:$X$9,3,FALSE) -> #N/A | U23: =VLOOKUP($B23,$R$3:$X$9,4,FALSE) -> #N/A | V23: =VLOOKUP($B23,$R$3:$X$9,5,FALSE) -> #N/A | W23: =VLOOKUP($B23,$R$3:$X$9,6,FALSE) -> #N/A | X23: =VLOOKUP($B23,$R$3:$X$9,7,FALSE) -> #N/A | Y23: =VLOOKUP($B23,$R$3:$Z$9,8,FALSE) -> #N/A | Z23: =VLOOKUP($B23,$R$3:$Z$9,9,FALSE) -> #N/A
I24: MAXIMALT | N24: 98 | R24: =B24 -> 0 | S24: =VLOOKUP($B24,$R$3:$X$9,2,FALSE) -> #N/A | T24: =VLOOKUP($B24,$R$3:$X$9,3,FALSE) -> #N/A | U24: =VLOOKUP($B24,$R$3:$X$9,4,FALSE) -> #N/A | V24: =VLOOKUP($B24,$R$3:$X$9,5,FALSE) -> #N/A | W24: =VLOOKUP($B24,$R$3:$X$9,6,FALSE) -> #N/A | X24: =VLOOKUP($B24,$R$3:$X$9,7,FALSE) -> #N/A | Y24: =VLOOKUP($B24,$R$3:$Z$9,8,FALSE) -> #N/A | Z24: =VLOOKUP($B24,$R$3:$Z$9,9,FALSE) -> #N/A
I25: MACKESON | J25: =AVERAGE(I15:I17) -> 94.944409 | K25: =COUNTA([7]Brewhouse!$A$23:$A$25) -> 3 | L25: =AVERAGE([7]Brewhouse!$AT$23:$AT$25) -> 94.944409 | M25: =AVERAGE([7]Brewhouse!$AT$4:$AT$11,[7]Brewhouse!$AT$13:$AT$16,[7]Brewhouse!$AT$18:$AT$25) -> 92.34358 | N25: 98 | R25: =B25 -> 0 | S25: =VLOOKUP($B25,$R$3:$X$9,2,FALSE) -> #N/A | T25: =VLOOKUP($B25,$R$3:$X$9,3,FALSE) -> #N/A | U25: =VLOOKUP($B25,$R$3:$X$9,4,FALSE) -> #N/A | V25: =VLOOKUP($B25,$R$3:$X$9,5,FALSE) -> #N/A | W25: =VLOOKUP($B25,$R$3:$X$9,6,FALSE) -> #N/A | X25: =VLOOKUP($B25,$R$3:$X$9,7,FALSE) -> #N/A | Y25: =VLOOKUP($B25,$R$3:$Z$9,8,FALSE) -> #N/A | Z25: =VLOOKUP($B25,$R$3:$Z$9,9,FALSE) -> #N/A
I26: STARMALT | M26: =AVERAGE([8]Brewhouse!$AY$5:$AY$14,[8]Brewhouse!$AY$16:$AY$23,[8]Brewhouse!$AY$42,[8]Brewhouse!$AY$44:$AY$51,[8]Brewhouse!$AY$53:$AY$64,[8]Brewhouse!$AY$66:$AY$73,[8]Brewhouse!$AY$75:$AY$82,[8]Brewhouse!$AY$84:$AY$101) -> 97.78466 | N26: 98 | R26: =B26 -> 0 | S26: =VLOOKUP($B26,$R$3:$X$9,2,FALSE) -> #N/A | T26: =VLOOKUP($B26,$R$3:$X$9,3,FALSE) -> #N/A | U26: =VLOOKUP($B26,$R$3:$X$9,4,FALSE) -> #N/A | V26: =VLOOKUP($B26,$R$3:$X$9,5,FALSE) -> #N/A | W26: =VLOOKUP($B26,$R$3:$X$9,6,FALSE) -> #N/A | X26: =VLOOKUP($B26,$R$3:$X$9,7,FALSE) -> #N/A | Y26: =VLOOKUP($B26,$R$3:$Z$9,8,FALSE) -> #N/A | Z26: =VLOOKUP($B26,$R$3:$Z$9,9,FALSE) -> #N/A
I27: HR- Pils | N27: 98 | R27: =B27 -> 0 | S27: =VLOOKUP($B27,$R$3:$X$9,2,FALSE) -> #N/A | T27: =VLOOKUP($B27,$R$3:$X$9,3,FALSE) -> #N/A | U27: =VLOOKUP($B27,$R$3:$X$9,4,FALSE) -> #N/A | V27: =VLOOKUP($B27,$R$3:$X$9,5,FALSE) -> #N/A | W27: =VLOOKUP($B27,$R$3:$X$9,6,FALSE) -> #N/A | X27: =VLOOKUP($B27,$R$3:$X$9,7,FALSE) -> #N/A | Y27: =VLOOKUP($B27,$R$3:$Z$9,8,FALSE) -> #N/A | Z27: =VLOOKUP($B27,$R$3:$Z$9,9,FALSE) -> #N/A
I28: HR- IPA | N28: 98 | R28: =B28 -> 0 | S28: =VLOOKUP($B28,$R$3:$X$9,2,FALSE) -> #N/A | T28: =VLOOKUP($B28,$R$3:$X$9,3,FALSE) -> #N/A | U28: =VLOOKUP($B28,$R$3:$X$9,4,FALSE) -> #N/A | V28: =VLOOKUP($B28,$R$3:$X$9,5,FALSE) -> #N/A | W28: =VLOOKUP($B28,$R$3:$X$9,6,FALSE) -> #N/A | X28: =VLOOKUP($B28,$R$3:$X$9,7,FALSE) -> #N/A | Y28: =VLOOKUP($B28,$R$3:$Z$9,8,FALSE) -> #N/A | Z28: =VLOOKUP($B28,$R$3:$Z$9,9,FALSE) -> #N/A
I29: HR- APA | N29: 98 | R29: =B29 -> 0 | S29: =VLOOKUP($B29,$R$3:$X$9,2,FALSE) -> #N/A | T29: =VLOOKUP($B29,$R$3:$X$9,3,FALSE) -> #N/A | U29: =VLOOKUP($B29,$R$3:$X$9,4,FALSE) -> #N/A | V29: =VLOOKUP($B29,$R$3:$X$9,5,FALSE) -> #N/A | W29: =VLOOKUP($B29,$R$3:$X$9,6,FALSE) -> #N/A | X29: =VLOOKUP($B29,$R$3:$X$9,7,FALSE) -> #N/A | Y29: =VLOOKUP($B29,$R$3:$Z$9,8,FALSE) -> #N/A | Z29: =VLOOKUP($B29,$R$3:$Z$9,9,FALSE) -> #N/A
K30: =SUM(K20:K29) -> 23 | L30: =((L20*K20)+(L21*K21)+(L22*K22)+(L23*K23)+(L24*K24)+(K27*L27)+(L25*K25)+(L26*K26)+(L29*K29))/(K30) -> 97.984349 | M30: =AVERAGE('[9]Jan30th-31st'!$L$42,'[10]Feb 27th-28th'!$L$45,'[11]Mar 31st'!$L$42,'[12]Apr 30th'!$L$41,'[13]May 29th '!$L$35,'[14]June 30th'!$L$32,[15]July31st!$L$36,'[16]Aug 31st'!$L$32,L30) -> 97.983521 | N30: 98 | R30: =B30 -> 0 | S30: =VLOOKUP($B30,$R$3:$X$9,2,FALSE) -> #N/A | T30: =VLOOKUP($B30,$R$3:$X$9,3,FALSE) -> #N/A | U30: =VLOOKUP($B30,$R$3:$X$9,4,FALSE) -> #N/A | V30: =VLOOKUP($B30,$R$3:$X$9,5,FALSE) -> #N/A | W30: =VLOOKUP($B30,$R$3:$X$9,6,FALSE) -> #N/A | X30: =VLOOKUP($B30,$R$3:$X$9,7,FALSE) -> #N/A | Y30: =VLOOKUP($B30,$R$3:$Z$9,8,FALSE) -> #N/A | Z30: =VLOOKUP($B30,$R$3:$Z$9,9,FALSE) -> #N/A
R31: =B31 -> 0 | S31: =VLOOKUP($B31,$R$3:$X$9,2,FALSE) -> #N/A | T31: =VLOOKUP($B31,$R$3:$X$9,3,FALSE) -> #N/A | U31: =VLOOKUP($B31,$R$3:$X$9,4,FALSE) -> #N/A | V31: =VLOOKUP($B31,$R$3:$X$9,5,FALSE) -> #N/A | W31: =VLOOKUP($B31,$R$3:$X$9,6,FALSE) -> #N/A | X31: =VLOOKUP($B31,$R$3:$X$9,7,FALSE) -> #N/A | Y31: =VLOOKUP($B31,$R$3:$Z$9,8,FALSE) -> #N/A | Z31: =VLOOKUP($B31,$R$3:$Z$9,9,FALSE) -> #N/A
J32: Daily Brewing Plan
J33: Brand | L33: Average Brews per day
J34: CARIB | K34: 4 | L34: MTD | M34: YTD | N34: TARGET
J35: STAG | L35: =AVERAGE('Sept 1st'!K45,'Sept 2nd'!K47,K44) -> 7.6666667 | M35: =AVERAGE('[9]Jan30th-31st'!$L$47,L35,'[10]Feb 26th '!$L$39,'[11]Mar 31st'!$L$47,'[12]Apr 30th'!$L$46,'[13]May 29th '!$L$40,'[14]June 30th'!$L$39,[15]July31st!$L$41,'[16]Aug 31st'!$L$37) -> 6.5896411 | N35: 9.2
J36: GUINN
J37: VITAMALT
J38: STARMALT | K38: 3
J39: MACKESON
J40: HURRICANE REEF- IPA
J41: HURRICANE REEF- APA
B42: AVERAGE | J42: HR- PILSNER
J43: CARIBE
J44: Total | K44: =SUM(K34:K43) -> 7
B45: Process: | C45: Fermentation/Filtration
B47: Brand | C47: Filt. Date | D47: FV Hls | E47: GFE/ Prim/ Vita Blend (Hls) | F47: SV Hls | G47: BBT Hls | H47: Loss (%) Ferm | I47: Loss (%) Filt | J47: Comments | K47: Throughput | L47: Process Loss (%) | M47: Filt. Operator
AB48: 43474 | AC48: 43475 | AD48: 43476 | AE48: 43477 | AF48: 43478 | AG48: 43479 | AH48: 43480 | AI48: 43481 | AJ48: 43482 | AK48: 43483 | AL48: 43484 | AM48: 43485 | AN48: 43486 | AO48: 43487 | AP48: 43488 | AQ48: 43489 | AR48: 43490 | AS48: 43491 | AT48: 43492 | AU48: 43493 | AV48: 43494 | AW48: 43495 | AX48: 43496
B49: =J35 -> STAG | C49: 46268 | D49: =[17]September_2026!$F$13 -> 396 | G49: =[17]September_2026!$F$17 -> 361.8 | J49: 3 SBF | K49: =[18]September_2026!$F$25 -> 0.31736842 | L49: =(((D49+E49)-G49)/(D49+E49))*100 -> 8.6363636 | M49: D. Emery | AB49: =[19]January_2019!L5 -> 0 | AC49: =[19]January_2019!M5 -> 0 | AD49: =[19]January_2019!N5 -> 0 | AE49: =[19]January_2019!O5 -> 0 | AF49: =[19]January_2019!P5 -> 0 | AG49: =[19]January_2019!Q5 -> 0 | AH49: =[19]January_2019!R5 -> 0 | AI49: =[19]January_2019!S5 -> 0 | ... AX49: =[19]January_2019!AH5 -> 0
AB50: =[19]January_2019!L6 -> 0 | AC50: =[19]January_2019!M6 -> 0 | AD50: =[19]January_2019!N6 -> 0 | AE50: =[19]January_2019!O6 -> 0 | AF50: =[19]January_2019!P6 -> 0 | AG50: =[19]January_2019!Q6 -> 0 | AH50: =[19]January_2019!R6 -> 0 | AI50: =[19]January_2019!S6 -> 0 | ... AX50: =[19]January_2019!AH6 -> 0
AB51: =[19]January_2019!L7 -> 285.8 | AC51: =[19]January_2019!M7 -> 508.1 | AD51: =[19]January_2019!N7 -> 0 | AE51: =[19]January_2019!O7 -> 0 | AF51: =[19]January_2019!P7 -> 109.56667 | AG51: =[19]January_2019!Q7 -> 297.65 | AH51: =[19]January_2019!R7 -> 122.3 | AI51: =[19]January_2019!S7 -> 0 | ... AX51: =[19]January_2019!AH7 -> 0
B60: Process Loss (Volume) | G60: Process Loss (Extract) | K60: Throughput
B61: Brand | C61: Actual | D61: MTD | E61: YTD | F61: Target | G61: Actual | H61: MTD | I61: YTD | J61: Target | L61: MTD | M61: YTD | N61: Target
B62: CARIB | D62: 7.4556507 | E62: 6.5474778 | F62: 4.8 | H62: 7.1556037 | I62: 6.6650165 | J62: 4.8 | L62: 0.29475439 | M62: 0.52079649 | N62: 1
B63: STAG | C63: =L49 -> 8.6363636 | D63: 8.6363636 | E63: 5.8721053 | F63: 4.8 | G63: =[17]September_2026!$F$21 -> 7.5248839 | H63: 7.5248839 | I63: 5.9880522 | J63: 4.8 | K63: =K49 -> 0.31736842 | L63: 0.31736842 | M63: 0.68971318 | N63: 1
B64: GUINN | E64: 11.277593 | F64: 5.5 | I64: 11.857908 | J64: 5.5 | M64: 0.3537019 | N64: 1
B65: VITAMALT | E65: 4.8685538 | F65: 3.3 | I65: 4.8702525 | J65: 3.3 | M65: 0.77919298 | N65: 1
B66: APA | F66: 3.3 | J66: 3 | N66: 1
B67: MACKESON | E67: 6.0400198 | F67: 5.5 | I67: 8.2405788 | J67: 5.5 | M67: 0.78491228 | N67: 1
B68: STARMALT | E68: 3.6168923 | F68: 3.3 | I68: 5.009118 | J68: 3.3 | M68: 0.926423 | N68: 1
B69: IPA | F69: 7.5 | J69: 7.5 | N69: 1
B70: HURRICANE REEF PILS | F70: 4.8 | J70: 4.8 | N70: 1
D71: 7.8446053 | E71: 6.3600553 | F71: 5.5 | H71: 7.2769259 | I71: 6.7041929 | J71: 5.5 | L71: 0.3022924 | M71: 0.59317097 | N71: 1

Sheet Sept 4th
S1: P.G. | U1: Hot Time | W1: Process Time | Y1: Cooling Time
B2: Brewing Department Daily Process Loss Report | S2: Lower | T2: Upper | U2: Lower | V2: Upper | W2: Lower | X2: Upper | Y2: Lower | Z2: Upper
R3: CARIB | S3: 11.6 | T3: 12 | U3: 0 | V3: 0.11805556 | W3: 0.22569444 | X3: 0.26388889 | Y3: 0 | Z3: 60 | AB3: HR- PISNER
B4: Date: | C4: 46272 | J4: LOT WORT COLOUR: 3.4 | M4: Filter Sheets (Target 20 days) | R4: STAG | S4: 11.6 | T4: 12 | U4: 0 | V4: 0.11805556 | W4: 0.22569444 | X4: 0.26388889 | Y4: 0 | Z4: 60
M5: Double | N5: Single | R5: GUINNESS | S5: 17 | T5: 17.5 | U5: 0 | V5: 0.10763889 | W5: 0.24652778 | X5: 0.28472222 | Y5: 0 | Z5: 60
J6: MALT LOT: Lot #15 | L6: Sheet Day | R6: MACKESON | S6: 13.3 | T6: 13.5 | U6: 0 | V6: 0.12905093 | W6: 0.27430556 | X6: 0.30208333 | Y6: 0
R7: STARMALT | S7: 17 | T7: 17.4 | U7: 0 | V7: 0.13605324 | W7: 0.27430556 | X7: 0.30902778 | Y7: 0 | Z7: 85
B8: Brand | C8: Brew no. | D8: Kett. Hls | E8: Wort | F8: Cool Time(Mins) | G8: Cast. P.G. (Lab Result) | H8: Cast P.G. (Cellar Operator)-gravity | I8: Extr. Rec (78%) | J8: Theor. Extr. (77.5%) | K8: Boil Off /Vol. (4-6%) | L8: Boil Time | M8: Total Hot | N8: Brewing Time | O8: Operator | R8: Hurricane Reef | S8: 16.6 | T8: 17 | U8: 0 | V8: 0.12905093 | W8: 0.27430556 | X8: 0.30208333 | Y8: 0
E9: Meter (Hls) | F9: Target(< 60Mins) | M9: Time | R9: VITAMALT | S9: 14.2 | T9: 14.6 | U9: 0 | V9: 0.13905093 | W9: 0.26041667 | X9: 0.29513889 | Y9: 0 | Z9: 75
B10: MACKESON | C10: =[7]Brewhouse!$A26 -> MK020 | D10: =[7]Brewhouse!$AF26 -> 51.7 | E10: =[7]Brewhouse!$AI26 -> 51.1 | F10: =[7]Brewhouse!$X26 -> 49 | G10: =[7]Brewhouse!$AG26 -> 13.3 | H10: 13.5 | I10: =[7]Brewhouse!$AT26 -> 97.686759 | J10: =[7]Brewhouse!$AU26 -> 98.354162 | K10: =[7]Brewhouse!$S26 -> 8.4078431 | L10: =[7]Brewhouse!$R26 -> 75 | M10: =[7]Brewhouse!$W26-[7]Brewhouse!$V26 -> 0.12638889 | N10: =[7]Brewhouse!$AA26 -> 0.32361111 | O10: =[7]Brewhouse!$AX26 -> R. Sookram | R10: =B10 -> MACKESON | S10: =VLOOKUP($B10,$R$3:$X$9,2,FALSE) -> 13.3 | T10: =VLOOKUP($B10,$R$3:$X$9,3,FALSE) -> 13.5 | U10: =VLOOKUP($B10,$R$3:$X$9,4,FALSE) -> 0 | V10: =VLOOKUP($B10,$R$3:$X$9,5,FALSE) -> 0.12905093 | W10: =VLOOKUP($B10,$R$3:$X$9,6,FALSE) -> 0.27430556 | X10: =VLOOKUP($B10,$R$3:$X$9,7,FALSE) -> 0.30208333 | Y10: =VLOOKUP($B10,$R$3:$Z$9,8,FALSE) -> 0 | Z10: =VLOOKUP($B10,$R$3:$Z$9,9,FALSE) -> 0
B11: MACKESON | C11: =[7]Brewhouse!$A27 -> MK021 | D11: =[7]Brewhouse!$AF27 -> 50.6 | E11: =[7]Brewhouse!$AI27 -> 50.8 | F11: =[7]Brewhouse!$X27 -> 53 | G11: =[7]Brewhouse!$AG27 -> 13.3 | H11: 13.1 | I11: =[7]Brewhouse!$AT27 -> 97.217049 | J11: =[7]Brewhouse!$AU27 -> 97.881106 | K11: =[7]Brewhouse!$S27 -> 10.208571 | L11: =[7]Brewhouse!$R27 -> 75 | M11: =[7]Brewhouse!$W27-[7]Brewhouse!$V27 -> 0.14722222 | N11: =[7]Brewhouse!$AA27 -> 0.31388889 | O11: =[7]Brewhouse!$AX27 -> R. Sookram | R11: =B11 -> MACKESON | S11: =VLOOKUP($B11,$R$3:$X$9,2,FALSE) -> 13.3 | T11: =VLOOKUP($B11,$R$3:$X$9,3,FALSE) -> 13.5 | U11: =VLOOKUP($B11,$R$3:$X$9,4,FALSE) -> 0 | V11: =VLOOKUP($B11,$R$3:$X$9,5,FALSE) -> 0.12905093 | W11: =VLOOKUP($B11,$R$3:$X$9,6,FALSE) -> 0.27430556 | X11: =VLOOKUP($B11,$R$3:$X$9,7,FALSE) -> 0.30208333 | Y11: =VLOOKUP($B11,$R$3:$Z$9,8,FALSE) -> 0 | Z11: =VLOOKUP($B11,$R$3:$Z$9,9,FALSE) -> 0
B12: MACKESON | C12: =[7]Brewhouse!$A28 -> MK022 | D12: =[7]Brewhouse!$AF28 -> 50.4 | E12: =[7]Brewhouse!$AI28 -> 49.8 | F12: =[7]Brewhouse!$X28 -> 53 | G12: =[7]Brewhouse!$AG28 -> 13.3 | H12: 13.5 | I12: =[7]Brewhouse!$AT28 -> 95.303328 | J12: =[7]Brewhouse!$AU28 -> 95.954312 | K12: =[7]Brewhouse!$S28 -> 10.565714 | L12: =[7]Brewhouse!$R28 -> 79 | M12: =[7]Brewhouse!$W28-[7]Brewhouse!$V28 -> 0.15138889 | N12: =[7]Brewhouse!$AA28 -> 0.30972222 | O12: =[7]Brewhouse!$AX28 -> K.Benjamin | R12: =B12 -> MACKESON | S12: =VLOOKUP($B12,$R$3:$X$9,2,FALSE) -> 13.3 | T12: =VLOOKUP($B12,$R$3:$X$9,3,FALSE) -> 13.5 | U12: =VLOOKUP($B12,$R$3:$X$9,4,FALSE) -> 0 | V12: =VLOOKUP($B12,$R$3:$X$9,5,FALSE) -> 0.12905093 | W12: =VLOOKUP($B12,$R$3:$X$9,6,FALSE) -> 0.27430556 | X12: =VLOOKUP($B12,$R$3:$X$9,7,FALSE) -> 0.30208333 | Y12: =VLOOKUP($B12,$R$3:$Z$9,8,FALSE) -> 0 | Z12: =VLOOKUP($B12,$R$3:$Z$9,9,FALSE) -> 0
B13: MACKESON | C13: =[7]Brewhouse!$A29 -> MK023 | D13: =[7]Brewhouse!$AF29 -> 49.8 | E13: =[7]Brewhouse!$AI29 -> 49.3 | F13: =[7]Brewhouse!$X29 -> 47 | G13: =[7]Brewhouse!$AG29 -> 13.8 | H13: 13.7 | I13: =[7]Brewhouse!$AT29 -> 97.085382 | J13: =[7]Brewhouse!$AU29 -> 97.749905 | K13: =[7]Brewhouse!$S29 -> 8.702583 | L13: =[7]Brewhouse!$R29 -> 76 | M13: =[7]Brewhouse!$W29-[7]Brewhouse!$V29 -> 0.12361111 | N13: =[7]Brewhouse!$AA29 -> 0.30555556 | O13: =[7]Brewhouse!$AX29 -> K.Benjamin | R13: =B13 -> MACKESON | S13: =VLOOKUP($B13,$R$3:$X$9,2,FALSE) -> 13.3 | T13: =VLOOKUP($B13,$R$3:$X$9,3,FALSE) -> 13.5 | U13: =VLOOKUP($B13,$R$3:$X$9,4,FALSE) -> 0 | V13: =VLOOKUP($B13,$R$3:$X$9,5,FALSE) -> 0.12905093 | W13: =VLOOKUP($B13,$R$3:$X$9,6,FALSE) -> 0.27430556 | X13: =VLOOKUP($B13,$R$3:$X$9,7,FALSE) -> 0.30208333 | Y13: =VLOOKUP($B13,$R$3:$Z$9,8,FALSE) -> 0 | Z13: =VLOOKUP($B13,$R$3:$Z$9,9,FALSE) -> 0
B14: MACKESON | C14: =[7]Brewhouse!$A30 -> MK024 | D14: =[7]Brewhouse!$AF30 -> 50.2 | E14: =[7]Brewhouse!$AI30 -> 49.7 | F14: =[7]Brewhouse!$X30 -> 53 | G14: =[7]Brewhouse!$AG30 -> 13.5 | H14: 13.5 | I14: =[7]Brewhouse!$AT30 -> 96.401574 | J14: =[7]Brewhouse!$AU30 -> 97.060334 | K14: =[7]Brewhouse!$S30 -> 7.9645756 | L14: =[7]Brewhouse!$R30 -> 76 | M14: =[7]Brewhouse!$W30-[7]Brewhouse!$V30 -> 0.12152778 | N14: =[7]Brewhouse!$AA30 -> 0.27916667 | O14: =[7]Brewhouse!$AX30 -> R.Regis | R14: =B14 -> MACKESON | S14: =VLOOKUP($B14,$R$3:$X$9,2,FALSE) -> 13.3 | T14: =VLOOKUP($B14,$R$3:$X$9,3,FALSE) -> 13.5 | U14: =VLOOKUP($B14,$R$3:$X$9,4,FALSE) -> 0 | V14: =VLOOKUP($B14,$R$3:$X$9,5,FALSE) -> 0.12905093 | W14: =VLOOKUP($B14,$R$3:$X$9,6,FALSE) -> 0.27430556 | X14: =VLOOKUP($B14,$R$3:$X$9,7,FALSE) -> 0.30208333 | Y14: =VLOOKUP($B14,$R$3:$Z$9,8,FALSE) -> 0 | Z14: =VLOOKUP($B14,$R$3:$Z$9,9,FALSE) -> 0
R15: =B15 -> 0 | S15: =VLOOKUP($B15,$R$3:$X$9,2,FALSE) -> #N/A | T15: =VLOOKUP($B15,$R$3:$X$9,3,FALSE) -> #N/A | U15: =VLOOKUP($B15,$R$3:$X$9,4,FALSE) -> #N/A | V15: =VLOOKUP($B15,$R$3:$X$9,5,FALSE) -> #N/A | W15: =VLOOKUP($B15,$R$3:$X$9,6,FALSE) -> #N/A | X15: =VLOOKUP($B15,$R$3:$X$9,7,FALSE) -> #N/A | Y15: =VLOOKUP($B15,$R$3:$Z$9,8,FALSE) -> #N/A | Z15: =VLOOKUP($B15,$R$3:$Z$9,9,FALSE) -> #N/A
R16: =B16 -> 0 | S16: =VLOOKUP($B16,$R$3:$X$9,2,FALSE) -> #N/A | T16: =VLOOKUP($B16,$R$3:$X$9,3,FALSE) -> #N/A | U16: =VLOOKUP($B16,$R$3:$X$9,4,FALSE) -> #N/A | V16: =VLOOKUP($B16,$R$3:$X$9,5,FALSE) -> #N/A | W16: =VLOOKUP($B16,$R$3:$X$9,6,FALSE) -> #N/A | X16: =VLOOKUP($B16,$R$3:$X$9,7,FALSE) -> #N/A | Y16: =VLOOKUP($B16,$R$3:$Z$9,8,FALSE) -> #N/A | Z16: =VLOOKUP($B16,$R$3:$Z$9,9,FALSE) -> #N/A
R17: =B17 -> 0 | S17: =VLOOKUP($B17,$R$3:$X$9,2,FALSE) -> #N/A | T17: =VLOOKUP($B17,$R$3:$X$9,3,FALSE) -> #N/A | U17: =VLOOKUP($B17,$R$3:$X$9,4,FALSE) -> #N/A | V17: =VLOOKUP($B17,$R$3:$X$9,5,FALSE) -> #N/A | W17: =VLOOKUP($B17,$R$3:$X$9,6,FALSE) -> #N/A | X17: =VLOOKUP($B17,$R$3:$X$9,7,FALSE) -> #N/A | Y17: =VLOOKUP($B17,$R$3:$Z$9,8,FALSE) -> #N/A | Z17: =VLOOKUP($B17,$R$3:$Z$9,9,FALSE) -> #N/A
R18: =B18 -> 0 | S18: =VLOOKUP($B18,$R$3:$X$9,2,FALSE) -> #N/A | T18: =VLOOKUP($B18,$R$3:$X$9,3,FALSE) -> #N/A | U18: =VLOOKUP($B18,$R$3:$X$9,4,FALSE) -> #N/A | V18: =VLOOKUP($B18,$R$3:$X$9,5,FALSE) -> #N/A | W18: =VLOOKUP($B18,$R$3:$X$9,6,FALSE) -> #N/A | X18: =VLOOKUP($B18,$R$3:$X$9,7,FALSE) -> #N/A | Y18: =VLOOKUP($B18,$R$3:$Z$9,8,FALSE) -> #N/A | Z18: =VLOOKUP($B18,$R$3:$Z$9,9,FALSE) -> #N/A
R19: =B19 -> 0 | S19: =VLOOKUP($B19,$R$3:$X$9,2,FALSE) -> #N/A | T19: =VLOOKUP($B19,$R$3:$X$9,3,FALSE) -> #N/A | U19: =VLOOKUP($B19,$R$3:$X$9,4,FALSE) -> #N/A | V19: =VLOOKUP($B19,$R$3:$X$9,5,FALSE) -> #N/A | W19: =VLOOKUP($B19,$R$3:$X$9,6,FALSE) -> #N/A | X19: =VLOOKUP($B19,$R$3:$X$9,7,FALSE) -> #N/A | Y19: =VLOOKUP($B19,$R$3:$Z$9,8,FALSE) -> #N/A | Z19: =VLOOKUP($B19,$R$3:$Z$9,9,FALSE) -> #N/A
R20: =B20 -> 0 | S20: =VLOOKUP($B20,$R$3:$X$9,2,FALSE) -> #N/A | T20: =VLOOKUP($B20,$R$3:$X$9,3,FALSE) -> #N/A | U20: =VLOOKUP($B20,$R$3:$X$9,4,FALSE) -> #N/A | V20: =VLOOKUP($B20,$R$3:$X$9,5,FALSE) -> #N/A | W20: =VLOOKUP($B20,$R$3:$X$9,6,FALSE) -> #N/A | X20: =VLOOKUP($B20,$R$3:$X$9,7,FALSE) -> #N/A | Y20: =VLOOKUP($B20,$R$3:$Z$9,8,FALSE) -> #N/A | Z20: =VLOOKUP($B20,$R$3:$Z$9,9,FALSE) -> #N/A
B21: BRAND | D21: BBT P.G./ O.G | I21: Brand | K21: MTD No. of Brews | L21: MTD | M21: YTD | N21: Target | R21: =B21 -> BRAND | S21: =VLOOKUP($B21,$R$3:$X$9,2,FALSE) -> #N/A | T21: =VLOOKUP($B21,$R$3:$X$9,3,FALSE) -> #N/A | U21: =VLOOKUP($B21,$R$3:$X$9,4,FALSE) -> #N/A | V21: =VLOOKUP($B21,$R$3:$X$9,5,FALSE) -> #N/A | W21: =VLOOKUP($B21,$R$3:$X$9,6,FALSE) -> #N/A | X21: =VLOOKUP($B21,$R$3:$X$9,7,FALSE) -> #N/A | Y21: =VLOOKUP($B21,$R$3:$Z$9,8,FALSE) -> #N/A | Z21: =VLOOKUP($B21,$R$3:$Z$9,9,FALSE) -> #N/A
I22: CARIB | K22: =COUNTA([3]Brewhouse!$A$696:$A$715) -> 20 | L22: =AVERAGE([3]Brewhouse!$AU$696:$AU$715) -> 98.44034 | M22: =AVERAGE([3]Brewhouse!$AU$42:$AU$123,[3]Brewhouse!$AU$125:$AU$188,[3]Brewhouse!$AU$198:$AU$290,[3]Brewhouse!$AU$292:$AU$370,[3]Brewhouse!$AU$372:$AU$439,[3]Brewhouse!$AU$441:$AU$497,[3]Brewhouse!$AU$499:$AU$519,[3]Brewhouse!$AU$521:$AU$593,[3]Brewhouse!$AU$595:$AU$715) -> 98.290599 | N22: 98 | R22: =B22 -> 0 | S22: =VLOOKUP($B22,$R$3:$X$9,2,FALSE) -> #N/A | T22: =VLOOKUP($B22,$R$3:$X$9,3,FALSE) -> #N/A | U22: =VLOOKUP($B22,$R$3:$X$9,4,FALSE) -> #N/A | V22: =VLOOKUP($B22,$R$3:$X$9,5,FALSE) -> #N/A | W22: =VLOOKUP($B22,$R$3:$X$9,6,FALSE) -> #N/A | X22: =VLOOKUP($B22,$R$3:$X$9,7,FALSE) -> #N/A | Y22: =VLOOKUP($B22,$R$3:$Z$9,8,FALSE) -> #N/A | Z22: =VLOOKUP($B22,$R$3:$Z$9,9,FALSE) -> #N/A
I23: STAG | M23: =AVERAGE([4]Brewhouse!$AS$52:$AS$81,[4]Brewhouse!$AS$83:$AS$124,[4]Brewhouse!$AS$134:$AS$177,[4]Brewhouse!$AS$22:$AS$179,[4]Brewhouse!$AS$214:$AS$249,[4]Brewhouse!$AS$252:$AS$293,[4]Brewhouse!$AS$295:$AS$325,[4]Brewhouse!$AS$327:$AS$361) -> 98.239656 | N23: 98 | R23: =B23 -> 0 | S23: =VLOOKUP($B23,$R$3:$X$9,2,FALSE) -> #N/A | T23: =VLOOKUP($B23,$R$3:$X$9,3,FALSE) -> #N/A | U23: =VLOOKUP($B23,$R$3:$X$9,4,FALSE) -> #N/A | V23: =VLOOKUP($B23,$R$3:$X$9,5,FALSE) -> #N/A | W23: =VLOOKUP($B23,$R$3:$X$9,6,FALSE) -> #N/A | X23: =VLOOKUP($B23,$R$3:$X$9,7,FALSE) -> #N/A | Y23: =VLOOKUP($B23,$R$3:$Z$9,8,FALSE) -> #N/A | Z23: =VLOOKUP($B23,$R$3:$Z$9,9,FALSE) -> #N/A
I24: GUINNESS | M24: =AVERAGE([5]Brewhouse!$AU$16:$AU$23,[5]Brewhouse!$AU$25:$AU$32,[5]Brewhouse!$AU$34:$AU$41,[5]Brewhouse!$AU$43:$AU$60,[5]Brewhouse!$AU$62:$AU$69,[5]Brewhouse!$AU$71:$AU$88,[5]Brewhouse!$AU$90:$AU$97) -> 96.502171 | N24: 98 | R24: =B24 -> 0 | S24: =VLOOKUP($B24,$R$3:$X$9,2,FALSE) -> #N/A | T24: =VLOOKUP($B24,$R$3:$X$9,3,FALSE) -> #N/A | U24: =VLOOKUP($B24,$R$3:$X$9,4,FALSE) -> #N/A | V24: =VLOOKUP($B24,$R$3:$X$9,5,FALSE) -> #N/A | W24: =VLOOKUP($B24,$R$3:$X$9,6,FALSE) -> #N/A | X24: =VLOOKUP($B24,$R$3:$X$9,7,FALSE) -> #N/A | Y24: =VLOOKUP($B24,$R$3:$Z$9,8,FALSE) -> #N/A | Z24: =VLOOKUP($B24,$R$3:$Z$9,9,FALSE) -> #N/A
I25: VITAMALT | M25: =AVERAGE([6]Brewhouse!$AV$23:$AV$34,[6]Brewhouse!$AV$36,[6]Brewhouse!$AV$38:$AV$52,[6]Brewhouse!$AV$54:$AV$60,[6]Brewhouse!$AV$62:$AV$69,[6]Brewhouse!$AV$71:$AV$78,[6]Brewhouse!$AV$80:$AV$87,[6]Brewhouse!$AV$89:$AV$96) -> 97.559547 | N25: 98 | R25: =B25 -> 0 | S25: =VLOOKUP($B25,$R$3:$X$9,2,FALSE) -> #N/A | T25: =VLOOKUP($B25,$R$3:$X$9,3,FALSE) -> #N/A | U25: =VLOOKUP($B25,$R$3:$X$9,4,FALSE) -> #N/A | V25: =VLOOKUP($B25,$R$3:$X$9,5,FALSE) -> #N/A | W25: =VLOOKUP($B25,$R$3:$X$9,6,FALSE) -> #N/A | X25: =VLOOKUP($B25,$R$3:$X$9,7,FALSE) -> #N/A | Y25: =VLOOKUP($B25,$R$3:$Z$9,8,FALSE) -> #N/A | Z25: =VLOOKUP($B25,$R$3:$Z$9,9,FALSE) -> #N/A
I26: MAXIMALT | N26: 98 | R26: =B26 -> 0 | S26: =VLOOKUP($B26,$R$3:$X$9,2,FALSE) -> #N/A | T26: =VLOOKUP($B26,$R$3:$X$9,3,FALSE) -> #N/A | U26: =VLOOKUP($B26,$R$3:$X$9,4,FALSE) -> #N/A | V26: =VLOOKUP($B26,$R$3:$X$9,5,FALSE) -> #N/A | W26: =VLOOKUP($B26,$R$3:$X$9,6,FALSE) -> #N/A | X26: =VLOOKUP($B26,$R$3:$X$9,7,FALSE) -> #N/A | Y26: =VLOOKUP($B26,$R$3:$Z$9,8,FALSE) -> #N/A | Z26: =VLOOKUP($B26,$R$3:$Z$9,9,FALSE) -> #N/A
I27: MACKESON | J27: =AVERAGE(I10:I14) -> 96.738818 | K27: =COUNTA([7]Brewhouse!$A$23:$A$30) -> 8 | L27: =AVERAGE([7]Brewhouse!$AT$23:$AT$30) -> 96.065915 | M27: =AVERAGE([7]Brewhouse!$AT$4:$AT$11,[7]Brewhouse!$AT$13:$AT$16,[7]Brewhouse!$AT$18:$AT$30) -> 93.222628 | N27: 98 | R27: =B27 -> 0 | S27: =VLOOKUP($B27,$R$3:$X$9,2,FALSE) -> #N/A | T27: =VLOOKUP($B27,$R$3:$X$9,3,FALSE) -> #N/A | U27: =VLOOKUP($B27,$R$3:$X$9,4,FALSE) -> #N/A | V27: =VLOOKUP($B27,$R$3:$X$9,5,FALSE) -> #N/A | W27: =VLOOKUP($B27,$R$3:$X$9,6,FALSE) -> #N/A | X27: =VLOOKUP($B27,$R$3:$X$9,7,FALSE) -> #N/A | Y27: =VLOOKUP($B27,$R$3:$Z$9,8,FALSE) -> #N/A | Z27: =VLOOKUP($B27,$R$3:$Z$9,9,FALSE) -> #N/A
I28: STARMALT | M28: =AVERAGE([8]Brewhouse!$AY$5:$AY$14,[8]Brewhouse!$AY$16:$AY$23,[8]Brewhouse!$AY$42,[8]Brewhouse!$AY$44:$AY$51,[8]Brewhouse!$AY$53:$AY$64,[8]Brewhouse!$AY$66:$AY$73,[8]Brewhouse!$AY$75:$AY$82,[8]Brewhouse!$AY$84:$AY$101) -> 97.78466 | N28: 98 | R28: =B28 -> 0 | S28: =VLOOKUP($B28,$R$3:$X$9,2,FALSE) -> #N/A | T28: =VLOOKUP($B28,$R$3:$X$9,3,FALSE) -> #N/A | U28: =VLOOKUP($B28,$R$3:$X$9,4,FALSE) -> #N/A | V28: =VLOOKUP($B28,$R$3:$X$9,5,FALSE) -> #N/A | W28: =VLOOKUP($B28,$R$3:$X$9,6,FALSE) -> #N/A | X28: =VLOOKUP($B28,$R$3:$X$9,7,FALSE) -> #N/A | Y28: =VLOOKUP($B28,$R$3:$Z$9,8,FALSE) -> #N/A | Z28: =VLOOKUP($B28,$R$3:$Z$9,9,FALSE) -> #N/A
I29: HR- Pils | N29: 98 | R29: =B29 -> 0 | S29: =VLOOKUP($B29,$R$3:$X$9,2,FALSE) -> #N/A | T29: =VLOOKUP($B29,$R$3:$X$9,3,FALSE) -> #N/A | U29: =VLOOKUP($B29,$R$3:$X$9,4,FALSE) -> #N/A | V29: =VLOOKUP($B29,$R$3:$X$9,5,FALSE) -> #N/A | W29: =VLOOKUP($B29,$R$3:$X$9,6,FALSE) -> #N/A | X29: =VLOOKUP($B29,$R$3:$X$9,7,FALSE) -> #N/A | Y29: =VLOOKUP($B29,$R$3:$Z$9,8,FALSE) -> #N/A | Z29: =VLOOKUP($B29,$R$3:$Z$9,9,FALSE) -> #N/A
I30: HR- IPA | N30: 98 | R30: =B30 -> 0 | S30: =VLOOKUP($B30,$R$3:$X$9,2,FALSE) -> #N/A | T30: =VLOOKUP($B30,$R$3:$X$9,3,FALSE) -> #N/A | U30: =VLOOKUP($B30,$R$3:$X$9,4,FALSE) -> #N/A | V30: =VLOOKUP($B30,$R$3:$X$9,5,FALSE) -> #N/A | W30: =VLOOKUP($B30,$R$3:$X$9,6,FALSE) -> #N/A | X30: =VLOOKUP($B30,$R$3:$X$9,7,FALSE) -> #N/A | Y30: =VLOOKUP($B30,$R$3:$Z$9,8,FALSE) -> #N/A | Z30: =VLOOKUP($B30,$R$3:$Z$9,9,FALSE) -> #N/A
I31: HR- APA | N31: 98 | R31: =B31 -> 0 | S31: =VLOOKUP($B31,$R$3:$X$9,2,FALSE) -> #N/A | T31: =VLOOKUP($B31,$R$3:$X$9,3,FALSE) -> #N/A | U31: =VLOOKUP($B31,$R$3:$X$9,4,FALSE) -> #N/A | V31: =VLOOKUP($B31,$R$3:$X$9,5,FALSE) -> #N/A | W31: =VLOOKUP($B31,$R$3:$X$9,6,FALSE) -> #N/A | X31: =VLOOKUP($B31,$R$3:$X$9,7,FALSE) -> #N/A | Y31: =VLOOKUP($B31,$R$3:$Z$9,8,FALSE) -> #N/A | Z31: =VLOOKUP($B31,$R$3:$Z$9,9,FALSE) -> #N/A
K32: =SUM(K22:K31) -> 28 | L32: =((L22*K22)+(L23*K23)+(L24*K24)+(L25*K25)+(L26*K26)+(K29*L29)+(L27*K27)+(L28*K28)+(L31*K31))/(K32) -> 97.761933 | M32: =AVERAGE('[9]Jan30th-31st'!$L$42,'[10]Feb 27th-28th'!$L$45,'[11]Mar 31st'!$L$42,'[12]Apr 30th'!$L$41,'[13]May 29th '!$L$35,'[14]June 30th'!$L$32,[15]July31st!$L$36,'[16]Aug 31st'!$L$32,L32) -> 97.955719 | N32: 98 | R32: =B32 -> 0 | S32: =VLOOKUP($B32,$R$3:$X$9,2,FALSE) -> #N/A | T32: =VLOOKUP($B32,$R$3:$X$9,3,FALSE) -> #N/A | U32: =VLOOKUP($B32,$R$3:$X$9,4,FALSE) -> #N/A | V32: =VLOOKUP($B32,$R$3:$X$9,5,FALSE) -> #N/A | W32: =VLOOKUP($B32,$R$3:$X$9,6,FALSE) -> #N/A | X32: =VLOOKUP($B32,$R$3:$X$9,7,FALSE) -> #N/A | Y32: =VLOOKUP($B32,$R$3:$Z$9,8,FALSE) -> #N/A | Z32: =VLOOKUP($B32,$R$3:$Z$9,9,FALSE) -> #N/A
R33: =B33 -> 0 | S33: =VLOOKUP($B33,$R$3:$X$9,2,FALSE) -> #N/A | T33: =VLOOKUP($B33,$R$3:$X$9,3,FALSE) -> #N/A | U33: =VLOOKUP($B33,$R$3:$X$9,4,FALSE) -> #N/A | V33: =VLOOKUP($B33,$R$3:$X$9,5,FALSE) -> #N/A | W33: =VLOOKUP($B33,$R$3:$X$9,6,FALSE) -> #N/A | X33: =VLOOKUP($B33,$R$3:$X$9,7,FALSE) -> #N/A | Y33: =VLOOKUP($B33,$R$3:$Z$9,8,FALSE) -> #N/A | Z33: =VLOOKUP($B33,$R$3:$Z$9,9,FALSE) -> #N/A
J34: Daily Brewing Plan
J35: Brand | L35: Average Brews per day
J36: CARIB | L36: MTD | M36: YTD | N36: TARGET
J37: STAG | L37: =AVERAGE('Sept 1st'!K45,'Sept 2nd'!K47,'Sept 3rd'!K44,K46) -> 7 | M37: =AVERAGE('[9]Jan30th-31st'!$L$47,L37,'[10]Feb 26th '!$L$39,'[11]Mar 31st'!$L$47,'[12]Apr 30th'!$L$46,'[13]May 29th '!$L$40,'[14]June 30th'!$L$39,[15]July31st!$L$41,'[16]Aug 31st'!$L$37) -> 6.515567 | N37: 9.2
J38: GUINN
J39: VITAMALT
J40: STARMALT | K40: 5
J41: MACKESON
J42: HURRICANE REEF- IPA
J43: HURRICANE REEF- APA
B44: AVERAGE | J44: HR- PILSNER
J45: CARIBE
J46: Total | K46: =SUM(K36:K45) -> 5
B47: Process: | C47: Fermentation/Filtration
B49: Brand | C49: Filt. Date | D49: FV Hls | E49: GFE/ Prim/ Vita Blend (Hls) | F49: SV Hls | G49: BBT Hls | H49: Loss (%) Ferm | I49: Loss (%) Filt | J49: Comments | K49: Throughput | L49: Process Loss (%) | M49: Filt. Operator
AB50: 43474 | AC50: 43475 | AD50: 43476 | AE50: 43477 | AF50: 43478 | AG50: 43479 | AH50: 43480 | AI50: 43481 | AJ50: 43482 | AK50: 43483 | AL50: 43484 | AM50: 43485 | AN50: 43486 | AO50: 43487 | AP50: 43488 | AQ50: 43489 | AR50: 43490 | AS50: 43491 | AT50: 43492 | AU50: 43493 | AV50: 43494 | AW50: 43495 | AX50: 43496
L51: =(((D51+E51)-G51)/(D51+E51))*100 -> #DIV/0! | AB51: =[19]January_2019!L5 -> 0 | AC51: =[19]January_2019!M5 -> 0 | AD51: =[19]January_2019!N5 -> 0 | AE51: =[19]January_2019!O5 -> 0 | AF51: =[19]January_2019!P5 -> 0 | AG51: =[19]January_2019!Q5 -> 0 | AH51: =[19]January_2019!R5 -> 0 | AI51: =[19]January_2019!S5 -> 0 | ... AX51: =[19]January_2019!AH5 -> 0
AB52: =[19]January_2019!L6 -> 0 | AC52: =[19]January_2019!M6 -> 0 | AD52: =[19]January_2019!N6 -> 0 | AE52: =[19]January_2019!O6 -> 0 | AF52: =[19]January_2019!P6 -> 0 | AG52: =[19]January_2019!Q6 -> 0 | AH52: =[19]January_2019!R6 -> 0 | AI52: =[19]January_2019!S6 -> 0 | ... AX52: =[19]January_2019!AH6 -> 0
AB53: =[19]January_2019!L7 -> 285.8 | AC53: =[19]January_2019!M7 -> 508.1 | AD53: =[19]January_2019!N7 -> 0 | AE53: =[19]January_2019!O7 -> 0 | AF53: =[19]January_2019!P7 -> 109.56667 | AG53: =[19]January_2019!Q7 -> 297.65 | AH53: =[19]January_2019!R7 -> 122.3 | AI53: =[19]January_2019!S7 -> 0 | ... AX53: =[19]January_2019!AH7 -> 0
B62: Process Loss (Volume) | G62: Process Loss (Extract) | K62: Throughput
B63: Brand | C63: Actual | D63: MTD | E63: YTD | F63: Target | G63: Actual | H63: MTD | I63: YTD | J63: Target | L63: MTD | M63: YTD | N63: Target
B64: CARIB | D64: 7.4556507 | E64: 6.5474778 | F64: 4.8 | H64: 7.1556037 | I64: 6.6650165 | J64: 4.8 | L64: 0.29475439 | M64: 0.52079649 | N64: 1
B65: STAG | D65: 8.6363636 | E65: 5.8721053 | F65: 4.8 | H65: 7.5248839 | I65: 5.9880522 | J65: 4.8 | L65: 0.31736842 | M65: 0.68971318 | N65: 1
B66: GUINN | E66: 11.277593 | F66: 5.5 | I66: 11.857908 | J66: 5.5 | M66: 0.3537019 | N66: 1
B67: VITAMALT | E67: 4.8685538 | F67: 3.3 | I67: 4.8702525 | J67: 3.3 | M67: 0.77919298 | N67: 1
B68: APA | F68: 3.3 | J68: 3 | N68: 1
B69: MACKESON | E69: 6.0400198 | F69: 5.5 | I69: 8.2405788 | J69: 5.5 | M69: 0.78491228 | N69: 1
B70: STARMALT | E70: 3.6168923 | F70: 3.3 | I70: 5.009118 | J70: 3.3 | M70: 0.926423 | N70: 1
B71: IPA | F71: 7.5 | J71: 7.5 | N71: 1
B72: HURRICANE REEF PILS | F72: 4.8 | J72: 4.8 | N72: 1
D73: 7.8446053 | E73: 6.3600553 | F73: 5.5 | H73: 7.2769259 | I73: 6.7041929 | J73: 5.5 | L73: 0.3022924 | M73: 0.59317097 | N73: 1

Sheet Sept 7th
S1: P.G. | U1: Hot Time | W1: Process Time | Y1: Cooling Time
B2: Brewing Department Daily Process Loss Report | S2: Lower | T2: Upper | U2: Lower | V2: Upper | W2: Lower | X2: Upper | Y2: Lower | Z2: Upper
R3: CARIB | S3: 11.6 | T3: 12 | U3: 0 | V3: 0.11805556 | W3: 0.22569444 | X3: 0.26388889 | Y3: 0 | Z3: 60 | AB3: HR- PISNER
B4: Date: | C4: 46273 | J4: LOT WORT COLOUR: 3.4 | M4: Filter Sheets (Target 20 days) | R4: STAG | S4: 11.6 | T4: 12 | U4: 0 | V4: 0.11805556 | W4: 0.22569444 | X4: 0.26388889 | Y4: 0 | Z4: 60
M5: Double | N5: Single | R5: GUINNESS | S5: 17 | T5: 17.5 | U5: 0 | V5: 0.10763889 | W5: 0.24652778 | X5: 0.28472222 | Y5: 0 | Z5: 60
J6: MALT LOT: Lot #15 | L6: Sheet Day | R6: MACKESON | S6: 13.3 | T6: 13.5 | U6: 0 | V6: 0.12905093 | W6: 0.27430556 | X6: 0.30208333 | Y6: 0
R7: STARMALT | S7: 17 | T7: 17.4 | U7: 0 | V7: 0.13605324 | W7: 0.27430556 | X7: 0.30902778 | Y7: 0 | Z7: 85
B8: Brand | C8: Brew no. | D8: Kett. Hls | E8: Wort | F8: Cool Time(Mins) | G8: Cast. P.G. (Lab Result) | H8: Cast P.G. (Cellar Operator)-gravity | I8: Extr. Rec (78%) | J8: Theor. Extr. (77.5%) | K8: Boil Off /Vol. (4-6%) | L8: Boil Time | M8: Total Hot | N8: Brewing Time | O8: Operator | R8: Hurricane Reef | S8: 16.6 | T8: 17 | U8: 0 | V8: 0.12905093 | W8: 0.27430556 | X8: 0.30208333 | Y8: 0
E9: Meter (Hls) | F9: Target(< 60Mins) | M9: Time | R9: VITAMALT | S9: 14.2 | T9: 14.6 | U9: 0 | V9: 0.13905093 | W9: 0.26041667 | X9: 0.29513889 | Y9: 0 | Z9: 75
B10: STAG | C10: =[4]Brewhouse!$A363 -> ST305 | D10: =[4]Brewhouse!$AB363 -> 53.1 | E10: =[4]Brewhouse!$AG363 -> 48.1 | F10: =[4]Brewhouse!$V363 -> 60 | G10: =[4]Brewhouse!$AE363 -> 11.8 | H10: 11.9 | I10: =[4]Brewhouse!$AS363 -> 96.072469 | J10: =[4]Brewhouse!$AT363 -> 96.692243 | K10: =[4]Brewhouse!$Q363 -> 10.122411 | L10: =[4]Brewhouse!$P363 -> 61 | M10: =[4]Brewhouse!$U363-[4]Brewhouse!$T363 -> 0.13541667 | N10: =[4]Brewhouse!$AW363 -> 0.275 | O10: =[4]Brewhouse!$AV363 -> R. Regis | R10: =B10 -> STAG | S10: =VLOOKUP($B10,$R$3:$X$9,2,FALSE) -> 11.6 | T10: =VLOOKUP($B10,$R$3:$X$9,3,FALSE) -> 12 | U10: =VLOOKUP($B10,$R$3:$X$9,4,FALSE) -> 0 | V10: =VLOOKUP($B10,$R$3:$X$9,5,FALSE) -> 0.11805556 | W10: =VLOOKUP($B10,$R$3:$X$9,6,FALSE) -> 0.22569444 | X10: =VLOOKUP($B10,$R$3:$X$9,7,FALSE) -> 0.26388889 | Y10: =VLOOKUP($B10,$R$3:$Z$9,8,FALSE) -> 0 | Z10: =VLOOKUP($B10,$R$3:$Z$9,9,FALSE) -> 60
B11: STAG | C11: =[4]Brewhouse!$A364 -> ST306 | D11: =[4]Brewhouse!$AB364 -> 53 | E11: =[4]Brewhouse!$AG364 -> 49.2 | F11: =[4]Brewhouse!$V364 -> 61 | G11: =[4]Brewhouse!$AE364 -> 11.8 | H11: 11.8 | I11: =[4]Brewhouse!$AS364 -> 98.269552 | J11: =[4]Brewhouse!$AT364 -> 98.903501 | K11: =[4]Brewhouse!$Q364 -> 9.3867925 | L11: =[4]Brewhouse!$P364 -> 60 | M11: =[4]Brewhouse!$U364-[4]Brewhouse!$T364 -> 0.11736111 | N11: =[4]Brewhouse!$AW364 -> 0.28680556 | O11: =[4]Brewhouse!$AV364 -> R. Regis | R11: =B11 -> STAG | S11: =VLOOKUP($B11,$R$3:$X$9,2,FALSE) -> 11.6 | T11: =VLOOKUP($B11,$R$3:$X$9,3,FALSE) -> 12 | U11: =VLOOKUP($B11,$R$3:$X$9,4,FALSE) -> 0 | V11: =VLOOKUP($B11,$R$3:$X$9,5,FALSE) -> 0.11805556 | W11: =VLOOKUP($B11,$R$3:$X$9,6,FALSE) -> 0.22569444 | X11: =VLOOKUP($B11,$R$3:$X$9,7,FALSE) -> 0.26388889 | Y11: =VLOOKUP($B11,$R$3:$Z$9,8,FALSE) -> 0 | Z11: =VLOOKUP($B11,$R$3:$Z$9,9,FALSE) -> 60
B12: STAG | C12: =[4]Brewhouse!$A365 -> ST307 | D12: =[4]Brewhouse!$AB365 -> 53 | E12: =[4]Brewhouse!$AG365 -> 50.4 | F12: =[4]Brewhouse!$V365 -> 62 | G12: =[4]Brewhouse!$AE365 -> 11.8 | H12: 11.8 | I12: =[4]Brewhouse!$AS365 -> 99.989797 | J12: =[4]Brewhouse!$AT365 -> 101.31578 | K12: =[4]Brewhouse!$Q365 -> 8.6320755 | L12: =[4]Brewhouse!$P365 -> 59 | M12: =[4]Brewhouse!$U365-[4]Brewhouse!$T365 -> 0.12013889 | N12: =[4]Brewhouse!$AW365 -> 0.30625 | O12: =[4]Brewhouse!$AV365 -> R.Sookram | R12: =B12 -> STAG | S12: =VLOOKUP($B12,$R$3:$X$9,2,FALSE) -> 11.6 | T12: =VLOOKUP($B12,$R$3:$X$9,3,FALSE) -> 12 | U12: =VLOOKUP($B12,$R$3:$X$9,4,FALSE) -> 0 | V12: =VLOOKUP($B12,$R$3:$X$9,5,FALSE) -> 0.11805556 | W12: =VLOOKUP($B12,$R$3:$X$9,6,FALSE) -> 0.22569444 | X12: =VLOOKUP($B12,$R$3:$X$9,7,FALSE) -> 0.26388889 | Y12: =VLOOKUP($B12,$R$3:$Z$9,8,FALSE) -> 0 | Z12: =VLOOKUP($B12,$R$3:$Z$9,9,FALSE) -> 60
B13: STAG | C13: =[4]Brewhouse!$A366 -> ST308 | D13: =[4]Brewhouse!$AB366 -> 53 | E13: =[4]Brewhouse!$AG366 -> 49.7 | F13: =[4]Brewhouse!$V366 -> 54 | G13: =[4]Brewhouse!$AE366 -> 11.8 | H13: 11.8 | I13: =[4]Brewhouse!$AS366 -> 99.103261 | J13: =[4]Brewhouse!$AT366 -> 100.41572 | K13: =[4]Brewhouse!$Q366 -> 8.4433962 | L13: =[4]Brewhouse!$P366 -> 59 | M13: =[4]Brewhouse!$U366-[4]Brewhouse!$T366 -> 0.10833333 | N13: =[4]Brewhouse!$AW366 -> 0.29791667 | O13: =[4]Brewhouse!$AV366 -> R.Sookram | R13: =B13 -> STAG | S13: =VLOOKUP($B13,$R$3:$X$9,2,FALSE) -> 11.6 | T13: =VLOOKUP($B13,$R$3:$X$9,3,FALSE) -> 12 | U13: =VLOOKUP($B13,$R$3:$X$9,4,FALSE) -> 0 | V13: =VLOOKUP($B13,$R$3:$X$9,5,FALSE) -> 0.11805556 | W13: =VLOOKUP($B13,$R$3:$X$9,6,FALSE) -> 0.22569444 | X13: =VLOOKUP($B13,$R$3:$X$9,7,FALSE) -> 0.26388889 | Y13: =VLOOKUP($B13,$R$3:$Z$9,8,FALSE) -> 0 | Z13: =VLOOKUP($B13,$R$3:$Z$9,9,FALSE) -> 60
B14: STAG | C14: =[4]Brewhouse!$A367 -> ST309 | D14: =[4]Brewhouse!$AB367 -> 53 | E14: =[4]Brewhouse!$AG367 -> 49.8 | F14: =[4]Brewhouse!$V367 -> 56 | G14: =[4]Brewhouse!$AE367 -> 11.9 | H14: 11.9 | I14: =[4]Brewhouse!$AS367 -> 99.933359 | J14: =[4]Brewhouse!$AT367 -> 101.2577 | K14: =[4]Brewhouse!$Q367 -> 8.4433962 | L14: =[4]Brewhouse!$P367 -> 61 | M14: =[4]Brewhouse!$U367-[4]Brewhouse!$T367 -> 0.10902778 | N14: =[4]Brewhouse!$AW367 -> 0.24930556 | O14: =[4]Brewhouse!$AV367 -> R.Sookram | R14: =B14 -> STAG | S14: =VLOOKUP($B14,$R$3:$X$9,2,FALSE) -> 11.6 | T14: =VLOOKUP($B14,$R$3:$X$9,3,FALSE) -> 12 | U14: =VLOOKUP($B14,$R$3:$X$9,4,FALSE) -> 0 | V14: =VLOOKUP($B14,$R$3:$X$9,5,FALSE) -> 0.11805556 | W14: =VLOOKUP($B14,$R$3:$X$9,6,FALSE) -> 0.22569444 | X14: =VLOOKUP($B14,$R$3:$X$9,7,FALSE) -> 0.26388889 | Y14: =VLOOKUP($B14,$R$3:$Z$9,8,FALSE) -> 0 | Z14: =VLOOKUP($B14,$R$3:$Z$9,9,FALSE) -> 60
B15: STAG | C15: =[4]Brewhouse!$A368 -> ST310 | D15: =[4]Brewhouse!$AB368 -> 53 | E15: =[4]Brewhouse!$AG368 -> 51.3 | F15: =[4]Brewhouse!$V368 -> 59 | G15: =[4]Brewhouse!$AE368 -> 11.9 | H15: 11.9 | I15: =[4]Brewhouse!$AS368 -> 103.33715 | J15: =[4]Brewhouse!$AT368 -> 104.70521 | K15: =[4]Brewhouse!$Q368 -> 5.2358491 | L15: =[4]Brewhouse!$P368 -> 61 | M15: =[4]Brewhouse!$U368-[4]Brewhouse!$T368 -> 0.12291667 | N15: =[4]Brewhouse!$AW368 -> 0.27083333 | O15: =[4]Brewhouse!$AV368 -> K. Benjamin | R15: =B15 -> STAG | S15: =VLOOKUP($B15,$R$3:$X$9,2,FALSE) -> 11.6 | T15: =VLOOKUP($B15,$R$3:$X$9,3,FALSE) -> 12 | U15: =VLOOKUP($B15,$R$3:$X$9,4,FALSE) -> 0 | V15: =VLOOKUP($B15,$R$3:$X$9,5,FALSE) -> 0.11805556 | W15: =VLOOKUP($B15,$R$3:$X$9,6,FALSE) -> 0.22569444 | X15: =VLOOKUP($B15,$R$3:$X$9,7,FALSE) -> 0.26388889 | Y15: =VLOOKUP($B15,$R$3:$Z$9,8,FALSE) -> 0 | Z15: =VLOOKUP($B15,$R$3:$Z$9,9,FALSE) -> 60
B16: STAG | C16: =[4]Brewhouse!$A369 -> ST311 | D16: =[4]Brewhouse!$AB369 -> 53 | E16: =[4]Brewhouse!$AG369 -> 52.6 | F16: =[4]Brewhouse!$V369 -> 56 | G16: =[4]Brewhouse!$AE369 -> 11.7 | H16: 11.8 | I16: =[4]Brewhouse!$AS369 -> 103.81879 | J16: =[4]Brewhouse!$AT369 -> 105.19416 | K16: =[4]Brewhouse!$Q369 -> 5.2358491 | L16: =[4]Brewhouse!$P369 -> 60 | M16: =[4]Brewhouse!$U369-[4]Brewhouse!$T369 -> 0.13611111 | N16: =[4]Brewhouse!$AW369 -> 0.27916667 | O16: =[4]Brewhouse!$AV369 -> K. Benjamin | R16: =B16 -> STAG | S16: =VLOOKUP($B16,$R$3:$X$9,2,FALSE) -> 11.6 | T16: =VLOOKUP($B16,$R$3:$X$9,3,FALSE) -> 12 | U16: =VLOOKUP($B16,$R$3:$X$9,4,FALSE) -> 0 | V16: =VLOOKUP($B16,$R$3:$X$9,5,FALSE) -> 0.11805556 | W16: =VLOOKUP($B16,$R$3:$X$9,6,FALSE) -> 0.22569444 | X16: =VLOOKUP($B16,$R$3:$X$9,7,FALSE) -> 0.26388889 | Y16: =VLOOKUP($B16,$R$3:$Z$9,8,FALSE) -> 0 | Z16: =VLOOKUP($B16,$R$3:$Z$9,9,FALSE) -> 60
B17: STAG | C17: =[4]Brewhouse!$A370 -> ST312 | D17: =[4]Brewhouse!$AB370 -> 53 | E17: =[4]Brewhouse!$AG370 -> 50.2 | F17: =[4]Brewhouse!$V370 -> 60 | G17: =[4]Brewhouse!$AE370 -> 12 | H17: 12 | I17: =[4]Brewhouse!$AS370 -> 101.75531 | J17: =[4]Brewhouse!$AT370 -> 103.10335 | K17: =[4]Brewhouse!$Q370 -> 7.3113208 | L17: =[4]Brewhouse!$P370 -> 61 | M17: =[4]Brewhouse!$U370-[4]Brewhouse!$T370 -> 0.11875 | N17: =[4]Brewhouse!$AW370 -> 0.30625 | O17: =[4]Brewhouse!$AV370 -> K. Benjamin | R17: =B17 -> STAG | S17: =VLOOKUP($B17,$R$3:$X$9,2,FALSE) -> 11.6 | T17: =VLOOKUP($B17,$R$3:$X$9,3,FALSE) -> 12 | U17: =VLOOKUP($B17,$R$3:$X$9,4,FALSE) -> 0 | V17: =VLOOKUP($B17,$R$3:$X$9,5,FALSE) -> 0.11805556 | W17: =VLOOKUP($B17,$R$3:$X$9,6,FALSE) -> 0.22569444 | X17: =VLOOKUP($B17,$R$3:$X$9,7,FALSE) -> 0.26388889 | Y17: =VLOOKUP($B17,$R$3:$Z$9,8,FALSE) -> 0 | Z17: =VLOOKUP($B17,$R$3:$Z$9,9,FALSE) -> 60
B18: STAG | C18: =[4]Brewhouse!$A371 -> ST313 | D18: =[4]Brewhouse!$AB371 -> 53 | E18: =[4]Brewhouse!$AG371 -> 49.8 | F18: =[4]Brewhouse!$V371 -> 60 | G18: =[4]Brewhouse!$AE371 -> 11.8 | H18: 11.9 | I18: =[4]Brewhouse!$AS371 -> 99.050414 | J18: =[4]Brewhouse!$AT371 -> 100.36306 | K18: =[4]Brewhouse!$Q371 -> 8.254717 | L18: =[4]Brewhouse!$P371 -> 61 | M18: =[4]Brewhouse!$U371-[4]Brewhouse!$T371 -> 0.14791667 | N18: =[4]Brewhouse!$AW371 -> 0.36041667 | O18: =[4]Brewhouse!$AV371 -> K. Benjamin | R18: =B18 -> STAG | S18: =VLOOKUP($B18,$R$3:$X$9,2,FALSE) -> 11.6 | T18: =VLOOKUP($B18,$R$3:$X$9,3,FALSE) -> 12 | U18: =VLOOKUP($B18,$R$3:$X$9,4,FALSE) -> 0 | V18: =VLOOKUP($B18,$R$3:$X$9,5,FALSE) -> 0.11805556 | W18: =VLOOKUP($B18,$R$3:$X$9,6,FALSE) -> 0.22569444 | X18: =VLOOKUP($B18,$R$3:$X$9,7,FALSE) -> 0.26388889 | Y18: =VLOOKUP($B18,$R$3:$Z$9,8,FALSE) -> 0 | Z18: =VLOOKUP($B18,$R$3:$Z$9,9,FALSE) -> 60
R19: =B19 -> 0 | S19: =VLOOKUP($B19,$R$3:$X$9,2,FALSE) -> #N/A | T19: =VLOOKUP($B19,$R$3:$X$9,3,FALSE) -> #N/A | U19: =VLOOKUP($B19,$R$3:$X$9,4,FALSE) -> #N/A | V19: =VLOOKUP($B19,$R$3:$X$9,5,FALSE) -> #N/A | W19: =VLOOKUP($B19,$R$3:$X$9,6,FALSE) -> #N/A | X19: =VLOOKUP($B19,$R$3:$X$9,7,FALSE) -> #N/A | Y19: =VLOOKUP($B19,$R$3:$Z$9,8,FALSE) -> #N/A | Z19: =VLOOKUP($B19,$R$3:$Z$9,9,FALSE) -> #N/A
R20: =B20 -> 0 | S20: =VLOOKUP($B20,$R$3:$X$9,2,FALSE) -> #N/A | T20: =VLOOKUP($B20,$R$3:$X$9,3,FALSE) -> #N/A | U20: =VLOOKUP($B20,$R$3:$X$9,4,FALSE) -> #N/A | V20: =VLOOKUP($B20,$R$3:$X$9,5,FALSE) -> #N/A | W20: =VLOOKUP($B20,$R$3:$X$9,6,FALSE) -> #N/A | X20: =VLOOKUP($B20,$R$3:$X$9,7,FALSE) -> #N/A | Y20: =VLOOKUP($B20,$R$3:$Z$9,8,FALSE) -> #N/A | Z20: =VLOOKUP($B20,$R$3:$Z$9,9,FALSE) -> #N/A
R21: =B21 -> 0 | S21: =VLOOKUP($B21,$R$3:$X$9,2,FALSE) -> #N/A | T21: =VLOOKUP($B21,$R$3:$X$9,3,FALSE) -> #N/A | U21: =VLOOKUP($B21,$R$3:$X$9,4,FALSE) -> #N/A | V21: =VLOOKUP($B21,$R$3:$X$9,5,FALSE) -> #N/A | W21: =VLOOKUP($B21,$R$3:$X$9,6,FALSE) -> #N/A | X21: =VLOOKUP($B21,$R$3:$X$9,7,FALSE) -> #N/A | Y21: =VLOOKUP($B21,$R$3:$Z$9,8,FALSE) -> #N/A | Z21: =VLOOKUP($B21,$R$3:$Z$9,9,FALSE) -> #N/A
R22: =B22 -> 0 | S22: =VLOOKUP($B22,$R$3:$X$9,2,FALSE) -> #N/A | T22: =VLOOKUP($B22,$R$3:$X$9,3,FALSE) -> #N/A | U22: =VLOOKUP($B22,$R$3:$X$9,4,FALSE) -> #N/A | V22: =VLOOKUP($B22,$R$3:$X$9,5,FALSE) -> #N/A | W22: =VLOOKUP($B22,$R$3:$X$9,6,FALSE) -> #N/A | X22: =VLOOKUP($B22,$R$3:$X$9,7,FALSE) -> #N/A | Y22: =VLOOKUP($B22,$R$3:$Z$9,8,FALSE) -> #N/A | Z22: =VLOOKUP($B22,$R$3:$Z$9,9,FALSE) -> #N/A
B23: BRAND | D23: BBT P.G./ O.G | I23: Brand | K23: MTD No. of Brews | L23: MTD | M23: YTD | N23: Target | R23: =B23 -> BRAND | S23: =VLOOKUP($B23,$R$3:$X$9,2,FALSE) -> #N/A | T23: =VLOOKUP($B23,$R$3:$X$9,3,FALSE) -> #N/A | U23: =VLOOKUP($B23,$R$3:$X$9,4,FALSE) -> #N/A | V23: =VLOOKUP($B23,$R$3:$X$9,5,FALSE) -> #N/A | W23: =VLOOKUP($B23,$R$3:$X$9,6,FALSE) -> #N/A | X23: =VLOOKUP($B23,$R$3:$X$9,7,FALSE) -> #N/A | Y23: =VLOOKUP($B23,$R$3:$Z$9,8,FALSE) -> #N/A | Z23: =VLOOKUP($B23,$R$3:$Z$9,9,FALSE) -> #N/A
I24: CARIB | K24: =COUNTA([3]Brewhouse!$A$696:$A$715) -> 20 | L24: =AVERAGE([3]Brewhouse!$AU$696:$AU$715) -> 98.44034 | M24: =AVERAGE([3]Brewhouse!$AU$42:$AU$123,[3]Brewhouse!$AU$125:$AU$188,[3]Brewhouse!$AU$198:$AU$290,[3]Brewhouse!$AU$292:$AU$370,[3]Brewhouse!$AU$372:$AU$439,[3]Brewhouse!$AU$441:$AU$497,[3]Brewhouse!$AU$499:$AU$519,[3]Brewhouse!$AU$521:$AU$593,[3]Brewhouse!$AU$595:$AU$715) -> 98.290599 | N24: 98 | R24: =B24 -> 0 | S24: =VLOOKUP($B24,$R$3:$X$9,2,FALSE) -> #N/A | T24: =VLOOKUP($B24,$R$3:$X$9,3,FALSE) -> #N/A | U24: =VLOOKUP($B24,$R$3:$X$9,4,FALSE) -> #N/A | V24: =VLOOKUP($B24,$R$3:$X$9,5,FALSE) -> #N/A | W24: =VLOOKUP($B24,$R$3:$X$9,6,FALSE) -> #N/A | X24: =VLOOKUP($B24,$R$3:$X$9,7,FALSE) -> #N/A | Y24: =VLOOKUP($B24,$R$3:$Z$9,8,FALSE) -> #N/A | Z24: =VLOOKUP($B24,$R$3:$Z$9,9,FALSE) -> #N/A
I25: STAG | J25: =AVERAGE(I10:I18) -> 100.14779 | K25: =COUNTA([4]Brewhouse!$A$363:$A$371) -> 9 | L25: =AVERAGE([4]Brewhouse!$AS$363:$AS$371) -> 100.14779 | M25: =AVERAGE([4]Brewhouse!$AS$52:$AS$81,[4]Brewhouse!$AS$83:$AS$124,[4]Brewhouse!$AS$134:$AS$177,[4]Brewhouse!$AS$22:$AS$179,[4]Brewhouse!$AS$214:$AS$249,[4]Brewhouse!$AS$252:$AS$293,[4]Brewhouse!$AS$295:$AS$325,[4]Brewhouse!$AS$327:$AS$361,[4]Brewhouse!$AS$363:$AS$371) -> 98.279875 | N25: 98 | R25: =B25 -> 0 | S25: =VLOOKUP($B25,$R$3:$X$9,2,FALSE) -> #N/A | T25: =VLOOKUP($B25,$R$3:$X$9,3,FALSE) -> #N/A | U25: =VLOOKUP($B25,$R$3:$X$9,4,FALSE) -> #N/A | V25: =VLOOKUP($B25,$R$3:$X$9,5,FALSE) -> #N/A | W25: =VLOOKUP($B25,$R$3:$X$9,6,FALSE) -> #N/A | X25: =VLOOKUP($B25,$R$3:$X$9,7,FALSE) -> #N/A | Y25: =VLOOKUP($B25,$R$3:$Z$9,8,FALSE) -> #N/A | Z25: =VLOOKUP($B25,$R$3:$Z$9,9,FALSE) -> #N/A
I26: GUINNESS | M26: =AVERAGE([5]Brewhouse!$AU$16:$AU$23,[5]Brewhouse!$AU$25:$AU$32,[5]Brewhouse!$AU$34:$AU$41,[5]Brewhouse!$AU$43:$AU$60,[5]Brewhouse!$AU$62:$AU$69,[5]Brewhouse!$AU$71:$AU$88,[5]Brewhouse!$AU$90:$AU$97) -> 96.502171 | N26: 98 | R26: =B26 -> 0 | S26: =VLOOKUP($B26,$R$3:$X$9,2,FALSE) -> #N/A | T26: =VLOOKUP($B26,$R$3:$X$9,3,FALSE) -> #N/A | U26: =VLOOKUP($B26,$R$3:$X$9,4,FALSE) -> #N/A | V26: =VLOOKUP($B26,$R$3:$X$9,5,FALSE) -> #N/A | W26: =VLOOKUP($B26,$R$3:$X$9,6,FALSE) -> #N/A | X26: =VLOOKUP($B26,$R$3:$X$9,7,FALSE) -> #N/A | Y26: =VLOOKUP($B26,$R$3:$Z$9,8,FALSE) -> #N/A | Z26: =VLOOKUP($B26,$R$3:$Z$9,9,FALSE) -> #N/A
I27: VITAMALT | M27: =AVERAGE([6]Brewhouse!$AV$23:$AV$34,[6]Brewhouse!$AV$36,[6]Brewhouse!$AV$38:$AV$52,[6]Brewhouse!$AV$54:$AV$60,[6]Brewhouse!$AV$62:$AV$69,[6]Brewhouse!$AV$71:$AV$78,[6]Brewhouse!$AV$80:$AV$87,[6]Brewhouse!$AV$89:$AV$96) -> 97.559547 | N27: 98 | R27: =B27 -> 0 | S27: =VLOOKUP($B27,$R$3:$X$9,2,FALSE) -> #N/A | T27: =VLOOKUP($B27,$R$3:$X$9,3,FALSE) -> #N/A | U27: =VLOOKUP($B27,$R$3:$X$9,4,FALSE) -> #N/A | V27: =VLOOKUP($B27,$R$3:$X$9,5,FALSE) -> #N/A | W27: =VLOOKUP($B27,$R$3:$X$9,6,FALSE) -> #N/A | X27: =VLOOKUP($B27,$R$3:$X$9,7,FALSE) -> #N/A | Y27: =VLOOKUP($B27,$R$3:$Z$9,8,FALSE) -> #N/A | Z27: =VLOOKUP($B27,$R$3:$Z$9,9,FALSE) -> #N/A
I28: MAXIMALT | N28: 98 | R28: =B28 -> 0 | S28: =VLOOKUP($B28,$R$3:$X$9,2,FALSE) -> #N/A | T28: =VLOOKUP($B28,$R$3:$X$9,3,FALSE) -> #N/A | U28: =VLOOKUP($B28,$R$3:$X$9,4,FALSE) -> #N/A | V28: =VLOOKUP($B28,$R$3:$X$9,5,FALSE) -> #N/A | W28: =VLOOKUP($B28,$R$3:$X$9,6,FALSE) -> #N/A | X28: =VLOOKUP($B28,$R$3:$X$9,7,FALSE) -> #N/A | Y28: =VLOOKUP($B28,$R$3:$Z$9,8,FALSE) -> #N/A | Z28: =VLOOKUP($B28,$R$3:$Z$9,9,FALSE) -> #N/A
I29: MACKESON | K29: =COUNTA([7]Brewhouse!$A$23:$A$30) -> 8 | L29: =AVERAGE([7]Brewhouse!$AT$23:$AT$30) -> 96.065915 | M29: =AVERAGE([7]Brewhouse!$AT$4:$AT$11,[7]Brewhouse!$AT$13:$AT$16,[7]Brewhouse!$AT$18:$AT$30) -> 93.222628 | N29: 98 | R29: =B29 -> 0 | S29: =VLOOKUP($B29,$R$3:$X$9,2,FALSE) -> #N/A | T29: =VLOOKUP($B29,$R$3:$X$9,3,FALSE) -> #N/A | U29: =VLOOKUP($B29,$R$3:$X$9,4,FALSE) -> #N/A | V29: =VLOOKUP($B29,$R$3:$X$9,5,FALSE) -> #N/A | W29: =VLOOKUP($B29,$R$3:$X$9,6,FALSE) -> #N/A | X29: =VLOOKUP($B29,$R$3:$X$9,7,FALSE) -> #N/A | Y29: =VLOOKUP($B29,$R$3:$Z$9,8,FALSE) -> #N/A | Z29: =VLOOKUP($B29,$R$3:$Z$9,9,FALSE) -> #N/A
I30: STARMALT | M30: =AVERAGE([8]Brewhouse!$AY$5:$AY$14,[8]Brewhouse!$AY$16:$AY$23,[8]Brewhouse!$AY$42,[8]Brewhouse!$AY$44:$AY$51,[8]Brewhouse!$AY$53:$AY$64,[8]Brewhouse!$AY$66:$AY$73,[8]Brewhouse!$AY$75:$AY$82,[8]Brewhouse!$AY$84:$AY$101) -> 97.78466 | N30: 98 | R30: =B30 -> 0 | S30: =VLOOKUP($B30,$R$3:$X$9,2,FALSE) -> #N/A | T30: =VLOOKUP($B30,$R$3:$X$9,3,FALSE) -> #N/A | U30: =VLOOKUP($B30,$R$3:$X$9,4,FALSE) -> #N/A | V30: =VLOOKUP($B30,$R$3:$X$9,5,FALSE) -> #N/A | W30: =VLOOKUP($B30,$R$3:$X$9,6,FALSE) -> #N/A | X30: =VLOOKUP($B30,$R$3:$X$9,7,FALSE) -> #N/A | Y30: =VLOOKUP($B30,$R$3:$Z$9,8,FALSE) -> #N/A | Z30: =VLOOKUP($B30,$R$3:$Z$9,9,FALSE) -> #N/A
I31: HR- Pils | N31: 98 | R31: =B31 -> 0 | S31: =VLOOKUP($B31,$R$3:$X$9,2,FALSE) -> #N/A | T31: =VLOOKUP($B31,$R$3:$X$9,3,FALSE) -> #N/A | U31: =VLOOKUP($B31,$R$3:$X$9,4,FALSE) -> #N/A | V31: =VLOOKUP($B31,$R$3:$X$9,5,FALSE) -> #N/A | W31: =VLOOKUP($B31,$R$3:$X$9,6,FALSE) -> #N/A | X31: =VLOOKUP($B31,$R$3:$X$9,7,FALSE) -> #N/A | Y31: =VLOOKUP($B31,$R$3:$Z$9,8,FALSE) -> #N/A | Z31: =VLOOKUP($B31,$R$3:$Z$9,9,FALSE) -> #N/A
I32: HR- IPA | N32: 98 | R32: =B32 -> 0 | S32: =VLOOKUP($B32,$R$3:$X$9,2,FALSE) -> #N/A | T32: =VLOOKUP($B32,$R$3:$X$9,3,FALSE) -> #N/A | U32: =VLOOKUP($B32,$R$3:$X$9,4,FALSE) -> #N/A | V32: =VLOOKUP($B32,$R$3:$X$9,5,FALSE) -> #N/A | W32: =VLOOKUP($B32,$R$3:$X$9,6,FALSE) -> #N/A | X32: =VLOOKUP($B32,$R$3:$X$9,7,FALSE) -> #N/A | Y32: =VLOOKUP($B32,$R$3:$Z$9,8,FALSE) -> #N/A | Z32: =VLOOKUP($B32,$R$3:$Z$9,9,FALSE) -> #N/A
I33: HR- APA | N33: 98 | R33: =B33 -> 0 | S33: =VLOOKUP($B33,$R$3:$X$9,2,FALSE) -> #N/A | T33: =VLOOKUP($B33,$R$3:$X$9,3,FALSE) -> #N/A | U33: =VLOOKUP($B33,$R$3:$X$9,4,FALSE) -> #N/A | V33: =VLOOKUP($B33,$R$3:$X$9,5,FALSE) -> #N/A | W33: =VLOOKUP($B33,$R$3:$X$9,6,FALSE) -> #N/A | X33: =VLOOKUP($B33,$R$3:$X$9,7,FALSE) -> #N/A | Y33: =VLOOKUP($B33,$R$3:$Z$9,8,FALSE) -> #N/A | Z33: =VLOOKUP($B33,$R$3:$Z$9,9,FALSE) -> #N/A
K34: =SUM(K24:K33) -> 37 | L34: =((L24*K24)+(L25*K25)+(L26*K26)+(L27*K27)+(L28*K28)+(K31*L31)+(L29*K29)+(L30*K30)+(L33*K33))/(K34) -> 98.342276 | M34: =AVERAGE('[9]Jan30th-31st'!$L$42,'[10]Feb 27th-28th'!$L$45,'[11]Mar 31st'!$L$42,'[12]Apr 30th'!$L$41,'[13]May 29th '!$L$35,'[14]June 30th'!$L$32,[15]July31st!$L$36,'[16]Aug 31st'!$L$32,L34) -> 98.028262 | N34: 98 | R34: =B34 -> 0 | S34: =VLOOKUP($B34,$R$3:$X$9,2,FALSE) -> #N/A | T34: =VLOOKUP($B34,$R$3:$X$9,3,FALSE) -> #N/A | U34: =VLOOKUP($B34,$R$3:$X$9,4,FALSE) -> #N/A | V34: =VLOOKUP($B34,$R$3:$X$9,5,FALSE) -> #N/A | W34: =VLOOKUP($B34,$R$3:$X$9,6,FALSE) -> #N/A | X34: =VLOOKUP($B34,$R$3:$X$9,7,FALSE) -> #N/A | Y34: =VLOOKUP($B34,$R$3:$Z$9,8,FALSE) -> #N/A | Z34: =VLOOKUP($B34,$R$3:$Z$9,9,FALSE) -> #N/A
R35: =B35 -> 0 | S35: =VLOOKUP($B35,$R$3:$X$9,2,FALSE) -> #N/A | T35: =VLOOKUP($B35,$R$3:$X$9,3,FALSE) -> #N/A | U35: =VLOOKUP($B35,$R$3:$X$9,4,FALSE) -> #N/A | V35: =VLOOKUP($B35,$R$3:$X$9,5,FALSE) -> #N/A | W35: =VLOOKUP($B35,$R$3:$X$9,6,FALSE) -> #N/A | X35: =VLOOKUP($B35,$R$3:$X$9,7,FALSE) -> #N/A | Y35: =VLOOKUP($B35,$R$3:$Z$9,8,FALSE) -> #N/A | Z35: =VLOOKUP($B35,$R$3:$Z$9,9,FALSE) -> #N/A
J36: Daily Brewing Plan
J37: Brand | L37: Average Brews per day
J38: CARIB | L38: MTD | M38: YTD | N38: TARGET
J39: STAG | K39: 9 | L39: =AVERAGE('Sept 1st'!K45,'Sept 2nd'!K47,'Sept 3rd'!K44,K48) -> 8 | M39: =AVERAGE('[9]Jan30th-31st'!$L$47,L39,'[10]Feb 26th '!$L$39,'[11]Mar 31st'!$L$47,'[12]Apr 30th'!$L$46,'[13]May 29th '!$L$40,'[14]June 30th'!$L$39,[15]July31st!$L$41,'[16]Aug 31st'!$L$37) -> 6.6266782 | N39: 9.2
J40: GUINN
J41: VITAMALT
J42: STARMALT
J43: MACKESON
J44: HURRICANE REEF- IPA
J45: HURRICANE REEF- APA
B46: AVERAGE | J46: HR- PILSNER
J47: CARIBE
J48: Total | K48: =SUM(K38:K47) -> 9
B49: Process: | C49: Fermentation/Filtration
B51: Brand | C51: Filt. Date | D51: FV Hls | E51: GFE/ Prim/ Vita Blend (Hls) | F51: SV Hls | G51: BBT Hls | H51: Loss (%) Ferm | I51: Loss (%) Filt | J51: Comments | K51: Throughput | L51: Process Loss (%) | M51: Filt. Operator
AB52: 43474 | AC52: 43475 | AD52: 43476 | AE52: 43477 | AF52: 43478 | AG52: 43479 | AH52: 43480 | AI52: 43481 | AJ52: 43482 | AK52: 43483 | AL52: 43484 | AM52: 43485 | AN52: 43486 | AO52: 43487 | AP52: 43488 | AQ52: 43489 | AR52: 43490 | AS52: 43491 | AT52: 43492 | AU52: 43493 | AV52: 43494 | AW52: 43495 | AX52: 43496
B53: =J38 -> CARIB | C53: 46272 | D53: =[17]September_2026!$J$3 -> 405.6 | G53: =[17]September_2026!$J$7 -> 380.1 | J53: NO SBF | K53: =[18]September_2026!$J$18 -> 1.3336842 | L53: =(((D53+E53)-G53)/(D53+E53))*100 -> 6.2869822 | M53: T.Charles | AB53: =[19]January_2019!L5 -> 0 | AC53: =[19]January_2019!M5 -> 0 | AD53: =[19]January_2019!N5 -> 0 | AE53: =[19]January_2019!O5 -> 0 | AF53: =[19]January_2019!P5 -> 0 | AG53: =[19]January_2019!Q5 -> 0 | AH53: =[19]January_2019!R5 -> 0 | AI53: =[19]January_2019!S5 -> 0 | ... AX53: =[19]January_2019!AH5 -> 0
AB54: =[19]January_2019!L6 -> 0 | AC54: =[19]January_2019!M6 -> 0 | AD54: =[19]January_2019!N6 -> 0 | AE54: =[19]January_2019!O6 -> 0 | AF54: =[19]January_2019!P6 -> 0 | AG54: =[19]January_2019!Q6 -> 0 | AH54: =[19]January_2019!R6 -> 0 | AI54: =[19]January_2019!S6 -> 0 | ... AX54: =[19]January_2019!AH6 -> 0
AB55: =[19]January_2019!L7 -> 285.8 | AC55: =[19]January_2019!M7 -> 508.1 | AD55: =[19]January_2019!N7 -> 0 | AE55: =[19]January_2019!O7 -> 0 | AF55: =[19]January_2019!P7 -> 109.56667 | AG55: =[19]January_2019!Q7 -> 297.65 | AH55: =[19]January_2019!R7 -> 122.3 | AI55: =[19]January_2019!S7 -> 0 | ... AX55: =[19]January_2019!AH7 -> 0
B64: Process Loss (Volume) | G64: Process Loss (Extract) | K64: Throughput
B65: Brand | C65: Actual | D65: MTD | E65: YTD | F65: Target | G65: Actual | H65: MTD | I65: YTD | J65: Target | L65: MTD | M65: YTD | N65: Target
B66: CARIB | C66: =L53 -> 6.2869822 | D66: 7.0644549 | E66: 6.5435272 | F66: 4.8 | G66: =[17]September_2026!$J$11 -> 5.4475334 | H66: 6.5869192 | I66: 6.6493737 | J66: 4.8 | K66: =K53 -> 1.3336842 | L66: 0.64106433 | M66: 0.52938388 | N66: 1
B67: STAG | D67: 8.6363636 | E67: 5.8721053 | F67: 4.8 | H67: 7.5248839 | I67: 5.9880522 | J67: 4.8 | L67: 0.31736842 | M67: 0.68971318 | N67: 1
B68: GUINN | E68: 11.277593 | F68: 5.5 | I68: 11.857908 | J68: 5.5 | M68: 0.3537019 | N68: 1
B69: VITAMALT | E69: 4.8685538 | F69: 3.3 | I69: 4.8702525 | J69: 3.3 | M69: 0.77919298 | N69: 1
B70: APA | F70: 3.3 | J70: 3 | N70: 1
B71: MACKESON | E71: 6.0400198 | F71: 5.5 | I71: 8.2405788 | J71: 5.5 | M71: 0.78491228 | N71: 1
B72: STARMALT | E72: 3.6168923 | F72: 3.3 | I72: 5.009118 | J72: 3.3 | M72: 0.926423 | N72: 1
B73: IPA | F73: 7.5 | J73: 7.5 | N73: 1
B74: HURRICANE REEF PILS | F74: 4.8 | J74: 4.8 | N74: 1
D75: 7.451639 | E75: 6.3594774 | F75: 5.5 | H75: 6.8177241 | I75: 6.6964944 | J75: 5.5 | L75: 0.56014035 | M75: 0.59747747 | N75: 1

Sheet Sept 8th
S1: P.G. | U1: Hot Time | W1: Process Time | Y1: Cooling Time
B2: Brewing Department Daily Process Loss Report | S2: Lower | T2: Upper | U2: Lower | V2: Upper | W2: Lower | X2: Upper | Y2: Lower | Z2: Upper
R3: CARIB | S3: 11.6 | T3: 12 | U3: 0 | V3: 0.11805556 | W3: 0.22569444 | X3: 0.26388889 | Y3: 0 | Z3: 60 | AB3: HR- PISNER
B4: Date: | C4: 46274 | J4: LOT WORT COLOUR: 3.4 | M4: Filter Sheets (Target 20 days) | R4: STAG | S4: 11.6 | T4: 12 | U4: 0 | V4: 0.11805556 | W4: 0.22569444 | X4: 0.26388889 | Y4: 0 | Z4: 60
M5: Double | N5: Single | R5: GUINNESS | S5: 17 | T5: 17.5 | U5: 0 | V5: 0.10763889 | W5: 0.24652778 | X5: 0.28472222 | Y5: 0 | Z5: 60
J6: MALT LOT: Lot #15 | L6: Sheet Day | R6: MACKESON | S6: 13.3 | T6: 13.5 | U6: 0 | V6: 0.12905093 | W6: 0.27430556 | X6: 0.30208333 | Y6: 0
R7: STARMALT | S7: 17 | T7: 17.4 | U7: 0 | V7: 0.13605324 | W7: 0.27430556 | X7: 0.30902778 | Y7: 0 | Z7: 85
B8: Brand | C8: Brew no. | D8: Kett. Hls | E8: Wort | F8: Cool Time(Mins) | G8: Cast. P.G. (Lab Result) | H8: Cast P.G. (Cellar Operator)-gravity | I8: Extr. Rec (78%) | J8: Theor. Extr. (77.5%) | K8: Boil Off /Vol. (4-6%) | L8: Boil Time | M8: Total Hot | N8: Brewing Time | O8: Operator | R8: Hurricane Reef | S8: 16.6 | T8: 17 | U8: 0 | V8: 0.12905093 | W8: 0.27430556 | X8: 0.30208333 | Y8: 0
E9: Meter (Hls) | F9: Target(< 60Mins) | M9: Time | R9: VITAMALT | S9: 14.2 | T9: 14.6 | U9: 0 | V9: 0.13905093 | W9: 0.26041667 | X9: 0.29513889 | Y9: 0 | Z9: 75
B10: STAG | C10: =[4]Brewhouse!$A372 -> ST314 | D10: =[4]Brewhouse!$AB372 -> 53 | E10: =[4]Brewhouse!$AG372 -> 51.6 | F10: =[4]Brewhouse!$V372 -> 54 | G10: =[4]Brewhouse!$AE372 -> 11.9 | H10: 11.9 | I10: =[4]Brewhouse!$AS372 -> 103.67709 | J10: =[4]Brewhouse!$AT372 -> 105.05058 | K10: =[4]Brewhouse!$Q372 -> 6.745283 | L10: =[4]Brewhouse!$P372 -> 61 | M10: =[4]Brewhouse!$U372-[4]Brewhouse!$T372 -> 0.12083333 | N10: =[4]Brewhouse!$AW372 -> 0.34652778 | O10: =[4]Brewhouse!$AV372 -> R. Regis | R10: =B10 -> STAG | S10: =VLOOKUP($B10,$R$3:$X$9,2,FALSE) -> 11.6 | T10: =VLOOKUP($B10,$R$3:$X$9,3,FALSE) -> 12 | U10: =VLOOKUP($B10,$R$3:$X$9,4,FALSE) -> 0 | V10: =VLOOKUP($B10,$R$3:$X$9,5,FALSE) -> 0.11805556 | W10: =VLOOKUP($B10,$R$3:$X$9,6,FALSE) -> 0.22569444 | X10: =VLOOKUP($B10,$R$3:$X$9,7,FALSE) -> 0.26388889 | Y10: =VLOOKUP($B10,$R$3:$Z$9,8,FALSE) -> 0 | Z10: =VLOOKUP($B10,$R$3:$Z$9,9,FALSE) -> 60
R11: =B11 -> 0 | S11: =VLOOKUP($B11,$R$3:$X$9,2,FALSE) -> #N/A | T11: =VLOOKUP($B11,$R$3:$X$9,3,FALSE) -> #N/A | U11: =VLOOKUP($B11,$R$3:$X$9,4,FALSE) -> #N/A | V11: =VLOOKUP($B11,$R$3:$X$9,5,FALSE) -> #N/A | W11: =VLOOKUP($B11,$R$3:$X$9,6,FALSE) -> #N/A | X11: =VLOOKUP($B11,$R$3:$X$9,7,FALSE) -> #N/A | Y11: =VLOOKUP($B11,$R$3:$Z$9,8,FALSE) -> #N/A | Z11: =VLOOKUP($B11,$R$3:$Z$9,9,FALSE) -> #N/A
B12: CARIB | C12: =[3]Brewhouse!$A716 -> CA667 | D12: =[3]Brewhouse!$AF716 -> 49.4 | E12: =[3]Brewhouse!$AI716 -> 51.6 | F12: =[3]Brewhouse!$V716 -> 60 | G12: =[3]Brewhouse!AG716 -> 11.4 | H12: 11.5 | I12: =[3]Brewhouse!$AU716 -> 97.406889 | J12: =[3]Brewhouse!$AV716 -> 98.958333 | K12: =[3]Brewhouse!$Q716 -> 10.018484 | L12: =[3]Brewhouse!$P716 -> 61 | M12: =[3]Brewhouse!$U716-[3]Brewhouse!$T716 -> 0.12222222 | N12: =[3]Brewhouse!$Z716 -> 0.27986111 | O12: =[3]Brewhouse!$AX716 -> R. Sookram | R12: =B12 -> CARIB | S12: =VLOOKUP($B12,$R$3:$X$9,2,FALSE) -> 11.6 | T12: =VLOOKUP($B12,$R$3:$X$9,3,FALSE) -> 12 | U12: =VLOOKUP($B12,$R$3:$X$9,4,FALSE) -> 0 | V12: =VLOOKUP($B12,$R$3:$X$9,5,FALSE) -> 0.11805556 | W12: =VLOOKUP($B12,$R$3:$X$9,6,FALSE) -> 0.22569444 | X12: =VLOOKUP($B12,$R$3:$X$9,7,FALSE) -> 0.26388889 | Y12: =VLOOKUP($B12,$R$3:$Z$9,8,FALSE) -> 0 | Z12: =VLOOKUP($B12,$R$3:$Z$9,9,FALSE) -> 60
B13: CARIB | C13: =[3]Brewhouse!$A717 -> CA668 | D13: =[3]Brewhouse!$AF717 -> 49.1 | E13: =[3]Brewhouse!$AI717 -> 49.5 | F13: =[3]Brewhouse!$V717 -> 54 | G13: =[3]Brewhouse!AG717 -> 12 | H13: 12.2 | I13: =[3]Brewhouse!$AU717 -> 98.502058 | J13: =[3]Brewhouse!$AV717 -> 100.07105 | K13: =[3]Brewhouse!$Q717 -> 10.407407 | L13: =[3]Brewhouse!$P717 -> 60 | M13: =[3]Brewhouse!$U717-[3]Brewhouse!$T717 -> 0.11180556 | N13: =[3]Brewhouse!$Z717 -> 0.3 | O13: =[3]Brewhouse!$AX717 -> R. Sookram | R13: =B13 -> CARIB | S13: =VLOOKUP($B13,$R$3:$X$9,2,FALSE) -> 11.6 | T13: =VLOOKUP($B13,$R$3:$X$9,3,FALSE) -> 12 | U13: =VLOOKUP($B13,$R$3:$X$9,4,FALSE) -> 0 | V13: =VLOOKUP($B13,$R$3:$X$9,5,FALSE) -> 0.11805556 | W13: =VLOOKUP($B13,$R$3:$X$9,6,FALSE) -> 0.22569444 | X13: =VLOOKUP($B13,$R$3:$X$9,7,FALSE) -> 0.26388889 | Y13: =VLOOKUP($B13,$R$3:$Z$9,8,FALSE) -> 0 | Z13: =VLOOKUP($B13,$R$3:$Z$9,9,FALSE) -> 60
B14: CARIB | C14: =[3]Brewhouse!$A718 -> CA669 | D14: =[3]Brewhouse!$AF718 -> 49 | E14: =[3]Brewhouse!$AI718 -> 49.6 | F14: =[3]Brewhouse!$V718 -> 57 | G14: =[3]Brewhouse!AG718 -> 11.7 | H14: 11.8 | I14: =[3]Brewhouse!$AU718 -> 98.317226 | J14: =[3]Brewhouse!$AV718 -> 99.881352 | K14: =[3]Brewhouse!$Q718 -> 12.074074 | L14: =[3]Brewhouse!$P718 -> 60 | M14: =[3]Brewhouse!$U718-[3]Brewhouse!$T718 -> 0.11458333 | N14: =[3]Brewhouse!$Z718 -> 0.25138889 | O14: =[3]Brewhouse!$AX718 -> K. Benjamin | R14: =B14 -> CARIB | S14: =VLOOKUP($B14,$R$3:$X$9,2,FALSE) -> 11.6 | T14: =VLOOKUP($B14,$R$3:$X$9,3,FALSE) -> 12 | U14: =VLOOKUP($B14,$R$3:$X$9,4,FALSE) -> 0 | V14: =VLOOKUP($B14,$R$3:$X$9,5,FALSE) -> 0.11805556 | W14: =VLOOKUP($B14,$R$3:$X$9,6,FALSE) -> 0.22569444 | X14: =VLOOKUP($B14,$R$3:$X$9,7,FALSE) -> 0.26388889 | Y14: =VLOOKUP($B14,$R$3:$Z$9,8,FALSE) -> 0 | Z14: =VLOOKUP($B14,$R$3:$Z$9,9,FALSE) -> 60
B15: CARIB | C15: =[3]Brewhouse!$A719 -> CA670 | D15: =[3]Brewhouse!$AF719 -> 50.7 | E15: =[3]Brewhouse!$AI719 -> 51.3 | F15: =[3]Brewhouse!$V719 -> 58 | G15: =[3]Brewhouse!AG719 -> 11.7 | H15: 11.9 | I15: =[3]Brewhouse!$AU719 -> 101.29884 | J15: =[3]Brewhouse!$AV719 -> 102.91074 | K15: =[3]Brewhouse!$Q719 -> 8.9259259 | L15: =[3]Brewhouse!$P719 -> 60 | M15: =[3]Brewhouse!$U719-[3]Brewhouse!$T719 -> 0.1125 | N15: =[3]Brewhouse!$Z719 -> 0.26111111 | O15: =[3]Brewhouse!$AX719 -> K. Benjamin | R15: =B15 -> CARIB | S15: =VLOOKUP($B15,$R$3:$X$9,2,FALSE) -> 11.6 | T15: =VLOOKUP($B15,$R$3:$X$9,3,FALSE) -> 12 | U15: =VLOOKUP($B15,$R$3:$X$9,4,FALSE) -> 0 | V15: =VLOOKUP($B15,$R$3:$X$9,5,FALSE) -> 0.11805556 | W15: =VLOOKUP($B15,$R$3:$X$9,6,FALSE) -> 0.22569444 | X15: =VLOOKUP($B15,$R$3:$X$9,7,FALSE) -> 0.26388889 | Y15: =VLOOKUP($B15,$R$3:$Z$9,8,FALSE) -> 0 | Z15: =VLOOKUP($B15,$R$3:$Z$9,9,FALSE) -> 60
B16: CARIB | C16: =[3]Brewhouse!$A720 -> CA671 | D16: =[3]Brewhouse!$AF720 -> 49.7 | E16: =[3]Brewhouse!$AI720 -> 50.3 | F16: =[3]Brewhouse!$V720 -> 58 | G16: =[3]Brewhouse!AG720 -> 11.8 | H16: 11.8 | I16: =[3]Brewhouse!$AU720 -> 100.09021 | J16: =[3]Brewhouse!$AV720 -> 101.68298 | K16: =[3]Brewhouse!$Q720 -> 10.757856 | L16: =[3]Brewhouse!$P720 -> 60 | M16: =[3]Brewhouse!$U720-[3]Brewhouse!$T720 -> 0.11666667 | N16: =[3]Brewhouse!$Z720 -> 0.27847222 | O16: =[3]Brewhouse!$AX720 -> K. Benjamin | R16: =B16 -> CARIB | S16: =VLOOKUP($B16,$R$3:$X$9,2,FALSE) -> 11.6 | T16: =VLOOKUP($B16,$R$3:$X$9,3,FALSE) -> 12 | U16: =VLOOKUP($B16,$R$3:$X$9,4,FALSE) -> 0 | V16: =VLOOKUP($B16,$R$3:$X$9,5,FALSE) -> 0.11805556 | W16: =VLOOKUP($B16,$R$3:$X$9,6,FALSE) -> 0.22569444 | X16: =VLOOKUP($B16,$R$3:$X$9,7,FALSE) -> 0.26388889 | Y16: =VLOOKUP($B16,$R$3:$Z$9,8,FALSE) -> 0 | Z16: =VLOOKUP($B16,$R$3:$Z$9,9,FALSE) -> 60
B18: 46274
B19: CARIB | C19: =[3]Brewhouse!$A721 -> CA672 | D19: =[3]Brewhouse!$AF721 -> 50.2 | E19: =[3]Brewhouse!$AI721 -> 50.7 | F19: =[3]Brewhouse!$V721 -> 60 | G19: =[3]Brewhouse!AG721 -> 11.7 | H19: 11.9 | I19: =[3]Brewhouse!$AU721 -> 99.733387 | J19: =[3]Brewhouse!$AV721 -> 101.3207 | K19: =[3]Brewhouse!$Q721 -> 8.7245841 | L19: =[3]Brewhouse!$P721 -> 60 | M19: =[3]Brewhouse!$U721-[3]Brewhouse!$T721 -> 0.079861111 | N19: =[3]Brewhouse!$Z721 -> 0.23055556 | O19: =[3]Brewhouse!$AX721 -> R. Regis | R19: =B19 -> CARIB | S19: =VLOOKUP($B19,$R$3:$X$9,2,FALSE) -> 11.6 | T19: =VLOOKUP($B19,$R$3:$X$9,3,FALSE) -> 12 | U19: =VLOOKUP($B19,$R$3:$X$9,4,FALSE) -> 0 | V19: =VLOOKUP($B19,$R$3:$X$9,5,FALSE) -> 0.11805556 | W19: =VLOOKUP($B19,$R$3:$X$9,6,FALSE) -> 0.22569444 | X19: =VLOOKUP($B19,$R$3:$X$9,7,FALSE) -> 0.26388889 | Y19: =VLOOKUP($B19,$R$3:$Z$9,8,FALSE) -> 0 | Z19: =VLOOKUP($B19,$R$3:$Z$9,9,FALSE) -> 60
R20: =B20 -> 0 | S20: =VLOOKUP($B20,$R$3:$X$9,2,FALSE) -> #N/A | T20: =VLOOKUP($B20,$R$3:$X$9,3,FALSE) -> #N/A | U20: =VLOOKUP($B20,$R$3:$X$9,4,FALSE) -> #N/A | V20: =VLOOKUP($B20,$R$3:$X$9,5,FALSE) -> #N/A | W20: =VLOOKUP($B20,$R$3:$X$9,6,FALSE) -> #N/A | X20: =VLOOKUP($B20,$R$3:$X$9,7,FALSE) -> #N/A | Y20: =VLOOKUP($B20,$R$3:$Z$9,8,FALSE) -> #N/A | Z20: =VLOOKUP($B20,$R$3:$Z$9,9,FALSE) -> #N/A
R21: =B21 -> 0 | S21: =VLOOKUP($B21,$R$3:$X$9,2,FALSE) -> #N/A | T21: =VLOOKUP($B21,$R$3:$X$9,3,FALSE) -> #N/A | U21: =VLOOKUP($B21,$R$3:$X$9,4,FALSE) -> #N/A | V21: =VLOOKUP($B21,$R$3:$X$9,5,FALSE) -> #N/A | W21: =VLOOKUP($B21,$R$3:$X$9,6,FALSE) -> #N/A | X21: =VLOOKUP($B21,$R$3:$X$9,7,FALSE) -> #N/A | Y21: =VLOOKUP($B21,$R$3:$Z$9,8,FALSE) -> #N/A | Z21: =VLOOKUP($B21,$R$3:$Z$9,9,FALSE) -> #N/A
R22: =B22 -> 0 | S22: =VLOOKUP($B22,$R$3:$X$9,2,FALSE) -> #N/A | T22: =VLOOKUP($B22,$R$3:$X$9,3,FALSE) -> #N/A | U22: =VLOOKUP($B22,$R$3:$X$9,4,FALSE) -> #N/A | V22: =VLOOKUP($B22,$R$3:$X$9,5,FALSE) -> #N/A | W22: =VLOOKUP($B22,$R$3:$X$9,6,FALSE) -> #N/A | X22: =VLOOKUP($B22,$R$3:$X$9,7,FALSE) -> #N/A | Y22: =VLOOKUP($B22,$R$3:$Z$9,8,FALSE) -> #N/A | Z22: =VLOOKUP($B22,$R$3:$Z$9,9,FALSE) -> #N/A
B23: BRAND | D23: BBT P.G./ O.G | I23: Brand | K23: MTD No. of Brews | L23: MTD | M23: YTD | N23: Target | R23: =B23 -> BRAND | S23: =VLOOKUP($B23,$R$3:$X$9,2,FALSE) -> #N/A | T23: =VLOOKUP($B23,$R$3:$X$9,3,FALSE) -> #N/A | U23: =VLOOKUP($B23,$R$3:$X$9,4,FALSE) -> #N/A | V23: =VLOOKUP($B23,$R$3:$X$9,5,FALSE) -> #N/A | W23: =VLOOKUP($B23,$R$3:$X$9,6,FALSE) -> #N/A | X23: =VLOOKUP($B23,$R$3:$X$9,7,FALSE) -> #N/A | Y23: =VLOOKUP($B23,$R$3:$Z$9,8,FALSE) -> #N/A | Z23: =VLOOKUP($B23,$R$3:$Z$9,9,FALSE) -> #N/A
I24: CARIB | J24: =AVERAGE(I12:I16) -> 99.123045 | K24: =COUNTA([3]Brewhouse!$A$696:$A$721) -> 26 | L24: =AVERAGE([3]Brewhouse!$AU$696:$AU$721) -> 98.621362 | M24: =AVERAGE([3]Brewhouse!$AU$42:$AU$123,[3]Brewhouse!$AU$125:$AU$188,[3]Brewhouse!$AU$198:$AU$290,[3]Brewhouse!$AU$292:$AU$370,[3]Brewhouse!$AU$372:$AU$439,[3]Brewhouse!$AU$441:$AU$497,[3]Brewhouse!$AU$499:$AU$519,[3]Brewhouse!$AU$521:$AU$593,[3]Brewhouse!$AU$595:$AU$721) -> 98.299053 | N24: 98 | R24: =B24 -> 0 | S24: =VLOOKUP($B24,$R$3:$X$9,2,FALSE) -> #N/A | T24: =VLOOKUP($B24,$R$3:$X$9,3,FALSE) -> #N/A | U24: =VLOOKUP($B24,$R$3:$X$9,4,FALSE) -> #N/A | V24: =VLOOKUP($B24,$R$3:$X$9,5,FALSE) -> #N/A | W24: =VLOOKUP($B24,$R$3:$X$9,6,FALSE) -> #N/A | X24: =VLOOKUP($B24,$R$3:$X$9,7,FALSE) -> #N/A | Y24: =VLOOKUP($B24,$R$3:$Z$9,8,FALSE) -> #N/A | Z24: =VLOOKUP($B24,$R$3:$Z$9,9,FALSE) -> #N/A
I25: STAG | J25: =I10 -> 103.67709 | K25: =COUNTA([4]Brewhouse!$A$363:$A$372) -> 10 | L25: =AVERAGE([4]Brewhouse!$AS$363:$AS$372) -> 100.50072 | M25: =AVERAGE([4]Brewhouse!$AS$52:$AS$81,[4]Brewhouse!$AS$83:$AS$124,[4]Brewhouse!$AS$134:$AS$177,[4]Brewhouse!$AS$22:$AS$179,[4]Brewhouse!$AS$214:$AS$249,[4]Brewhouse!$AS$252:$AS$293,[4]Brewhouse!$AS$295:$AS$325,[4]Brewhouse!$AS$327:$AS$361,[4]Brewhouse!$AS$363:$AS$372) -> 98.292485 | N25: 98 | R25: =B25 -> 0 | S25: =VLOOKUP($B25,$R$3:$X$9,2,FALSE) -> #N/A | T25: =VLOOKUP($B25,$R$3:$X$9,3,FALSE) -> #N/A | U25: =VLOOKUP($B25,$R$3:$X$9,4,FALSE) -> #N/A | V25: =VLOOKUP($B25,$R$3:$X$9,5,FALSE) -> #N/A | W25: =VLOOKUP($B25,$R$3:$X$9,6,FALSE) -> #N/A | X25: =VLOOKUP($B25,$R$3:$X$9,7,FALSE) -> #N/A | Y25: =VLOOKUP($B25,$R$3:$Z$9,8,FALSE) -> #N/A | Z25: =VLOOKUP($B25,$R$3:$Z$9,9,FALSE) -> #N/A
I26: GUINNESS | M26: =AVERAGE([5]Brewhouse!$AU$16:$AU$23,[5]Brewhouse!$AU$25:$AU$32,[5]Brewhouse!$AU$34:$AU$41,[5]Brewhouse!$AU$43:$AU$60,[5]Brewhouse!$AU$62:$AU$69,[5]Brewhouse!$AU$71:$AU$88,[5]Brewhouse!$AU$90:$AU$97) -> 96.502171 | N26: 98 | R26: =B26 -> 0 | S26: =VLOOKUP($B26,$R$3:$X$9,2,FALSE) -> #N/A | T26: =VLOOKUP($B26,$R$3:$X$9,3,FALSE) -> #N/A | U26: =VLOOKUP($B26,$R$3:$X$9,4,FALSE) -> #N/A | V26: =VLOOKUP($B26,$R$3:$X$9,5,FALSE) -> #N/A | W26: =VLOOKUP($B26,$R$3:$X$9,6,FALSE) -> #N/A | X26: =VLOOKUP($B26,$R$3:$X$9,7,FALSE) -> #N/A | Y26: =VLOOKUP($B26,$R$3:$Z$9,8,FALSE) -> #N/A | Z26: =VLOOKUP($B26,$R$3:$Z$9,9,FALSE) -> #N/A
I27: VITAMALT | M27: =AVERAGE([6]Brewhouse!$AV$23:$AV$34,[6]Brewhouse!$AV$36,[6]Brewhouse!$AV$38:$AV$52,[6]Brewhouse!$AV$54:$AV$60,[6]Brewhouse!$AV$62:$AV$69,[6]Brewhouse!$AV$71:$AV$78,[6]Brewhouse!$AV$80:$AV$87,[6]Brewhouse!$AV$89:$AV$96) -> 97.559547 | N27: 98 | R27: =B27 -> 0 | S27: =VLOOKUP($B27,$R$3:$X$9,2,FALSE) -> #N/A | T27: =VLOOKUP($B27,$R$3:$X$9,3,FALSE) -> #N/A | U27: =VLOOKUP($B27,$R$3:$X$9,4,FALSE) -> #N/A | V27: =VLOOKUP($B27,$R$3:$X$9,5,FALSE) -> #N/A | W27: =VLOOKUP($B27,$R$3:$X$9,6,FALSE) -> #N/A | X27: =VLOOKUP($B27,$R$3:$X$9,7,FALSE) -> #N/A | Y27: =VLOOKUP($B27,$R$3:$Z$9,8,FALSE) -> #N/A | Z27: =VLOOKUP($B27,$R$3:$Z$9,9,FALSE) -> #N/A
I28: MAXIMALT | N28: 98 | R28: =B28 -> 0 | S28: =VLOOKUP($B28,$R$3:$X$9,2,FALSE) -> #N/A | T28: =VLOOKUP($B28,$R$3:$X$9,3,FALSE) -> #N/A | U28: =VLOOKUP($B28,$R$3:$X$9,4,FALSE) -> #N/A | V28: =VLOOKUP($B28,$R$3:$X$9,5,FALSE) -> #N/A | W28: =VLOOKUP($B28,$R$3:$X$9,6,FALSE) -> #N/A | X28: =VLOOKUP($B28,$R$3:$X$9,7,FALSE) -> #N/A | Y28: =VLOOKUP($B28,$R$3:$Z$9,8,FALSE) -> #N/A | Z28: =VLOOKUP($B28,$R$3:$Z$9,9,FALSE) -> #N/A
I29: MACKESON | K29: =COUNTA([7]Brewhouse!$A$23:$A$30) -> 8 | L29: =AVERAGE([7]Brewhouse!$AT$23:$AT$30) -> 96.065915 | M29: =AVERAGE([7]Brewhouse!$AT$4:$AT$11,[7]Brewhouse!$AT$13:$AT$16,[7]Brewhouse!$AT$18:$AT$30) -> 93.222628 | N29: 98 | R29: =B29 -> 0 | S29: =VLOOKUP($B29,$R$3:$X$9,2,FALSE) -> #N/A | T29: =VLOOKUP($B29,$R$3:$X$9,3,FALSE) -> #N/A | U29: =VLOOKUP($B29,$R$3:$X$9,4,FALSE) -> #N/A | V29: =VLOOKUP($B29,$R$3:$X$9,5,FALSE) -> #N/A | W29: =VLOOKUP($B29,$R$3:$X$9,6,FALSE) -> #N/A | X29: =VLOOKUP($B29,$R$3:$X$9,7,FALSE) -> #N/A | Y29: =VLOOKUP($B29,$R$3:$Z$9,8,FALSE) -> #N/A | Z29: =VLOOKUP($B29,$R$3:$Z$9,9,FALSE) -> #N/A
I30: STARMALT | M30: =AVERAGE([8]Brewhouse!$AY$5:$AY$14,[8]Brewhouse!$AY$16:$AY$23,[8]Brewhouse!$AY$42,[8]Brewhouse!$AY$44:$AY$51,[8]Brewhouse!$AY$53:$AY$64,[8]Brewhouse!$AY$66:$AY$73,[8]Brewhouse!$AY$75:$AY$82,[8]Brewhouse!$AY$84:$AY$101) -> 97.78466 | N30: 98 | R30: =B30 -> 0 | S30: =VLOOKUP($B30,$R$3:$X$9,2,FALSE) -> #N/A | T30: =VLOOKUP($B30,$R$3:$X$9,3,FALSE) -> #N/A | U30: =VLOOKUP($B30,$R$3:$X$9,4,FALSE) -> #N/A | V30: =VLOOKUP($B30,$R$3:$X$9,5,FALSE) -> #N/A | W30: =VLOOKUP($B30,$R$3:$X$9,6,FALSE) -> #N/A | X30: =VLOOKUP($B30,$R$3:$X$9,7,FALSE) -> #N/A | Y30: =VLOOKUP($B30,$R$3:$Z$9,8,FALSE) -> #N/A | Z30: =VLOOKUP($B30,$R$3:$Z$9,9,FALSE) -> #N/A
I31: HR- Pils | N31: 98 | R31: =B31 -> 0 | S31: =VLOOKUP($B31,$R$3:$X$9,2,FALSE) -> #N/A | T31: =VLOOKUP($B31,$R$3:$X$9,3,FALSE) -> #N/A | U31: =VLOOKUP($B31,$R$3:$X$9,4,FALSE) -> #N/A | V31: =VLOOKUP($B31,$R$3:$X$9,5,FALSE) -> #N/A | W31: =VLOOKUP($B31,$R$3:$X$9,6,FALSE) -> #N/A | X31: =VLOOKUP($B31,$R$3:$X$9,7,FALSE) -> #N/A | Y31: =VLOOKUP($B31,$R$3:$Z$9,8,FALSE) -> #N/A | Z31: =VLOOKUP($B31,$R$3:$Z$9,9,FALSE) -> #N/A
I32: HR- IPA | N32: 98 | R32: =B32 -> 0 | S32: =VLOOKUP($B32,$R$3:$X$9,2,FALSE) -> #N/A | T32: =VLOOKUP($B32,$R$3:$X$9,3,FALSE) -> #N/A | U32: =VLOOKUP($B32,$R$3:$X$9,4,FALSE) -> #N/A | V32: =VLOOKUP($B32,$R$3:$X$9,5,FALSE) -> #N/A | W32: =VLOOKUP($B32,$R$3:$X$9,6,FALSE) -> #N/A | X32: =VLOOKUP($B32,$R$3:$X$9,7,FALSE) -> #N/A | Y32: =VLOOKUP($B32,$R$3:$Z$9,8,FALSE) -> #N/A | Z32: =VLOOKUP($B32,$R$3:$Z$9,9,FALSE) -> #N/A
I33: HR- APA | N33: 98 | R33: =B33 -> 0 | S33: =VLOOKUP($B33,$R$3:$X$9,2,FALSE) -> #N/A | T33: =VLOOKUP($B33,$R$3:$X$9,3,FALSE) -> #N/A | U33: =VLOOKUP($B33,$R$3:$X$9,4,FALSE) -> #N/A | V33: =VLOOKUP($B33,$R$3:$X$9,5,FALSE) -> #N/A | W33: =VLOOKUP($B33,$R$3:$X$9,6,FALSE) -> #N/A | X33: =VLOOKUP($B33,$R$3:$X$9,7,FALSE) -> #N/A | Y33: =VLOOKUP($B33,$R$3:$Z$9,8,FALSE) -> #N/A | Z33: =VLOOKUP($B33,$R$3:$Z$9,9,FALSE) -> #N/A
K34: =SUM(K24:K33) -> 44 | L34: =((L24*K24)+(L25*K25)+(L26*K26)+(L27*K27)+(L28*K28)+(K31*L31)+(L29*K29)+(L30*K30)+(L33*K33))/(K34) -> 98.583862 | M34: =AVERAGE('[9]Jan30th-31st'!$L$42,'[10]Feb 27th-28th'!$L$45,'[11]Mar 31st'!$L$42,'[12]Apr 30th'!$L$41,'[13]May 29th '!$L$35,'[14]June 30th'!$L$32,[15]July31st!$L$36,'[16]Aug 31st'!$L$32,L34) -> 98.05846 | N34: 98 | R34: =B34 -> 0 | S34: =VLOOKUP($B34,$R$3:$X$9,2,FALSE) -> #N/A | T34: =VLOOKUP($B34,$R$3:$X$9,3,FALSE) -> #N/A | U34: =VLOOKUP($B34,$R$3:$X$9,4,FALSE) -> #N/A | V34: =VLOOKUP($B34,$R$3:$X$9,5,FALSE) -> #N/A | W34: =VLOOKUP($B34,$R$3:$X$9,6,FALSE) -> #N/A | X34: =VLOOKUP($B34,$R$3:$X$9,7,FALSE) -> #N/A | Y34: =VLOOKUP($B34,$R$3:$Z$9,8,FALSE) -> #N/A | Z34: =VLOOKUP($B34,$R$3:$Z$9,9,FALSE) -> #N/A
R35: =B35 -> 0 | S35: =VLOOKUP($B35,$R$3:$X$9,2,FALSE) -> #N/A | T35: =VLOOKUP($B35,$R$3:$X$9,3,FALSE) -> #N/A | U35: =VLOOKUP($B35,$R$3:$X$9,4,FALSE) -> #N/A | V35: =VLOOKUP($B35,$R$3:$X$9,5,FALSE) -> #N/A | W35: =VLOOKUP($B35,$R$3:$X$9,6,FALSE) -> #N/A | X35: =VLOOKUP($B35,$R$3:$X$9,7,FALSE) -> #N/A | Y35: =VLOOKUP($B35,$R$3:$Z$9,8,FALSE) -> #N/A | Z35: =VLOOKUP($B35,$R$3:$Z$9,9,FALSE) -> #N/A
J36: Daily Brewing Plan
J37: Brand | L37: Average Brews per day
J38: CARIB | K38: 5 | L38: MTD | M38: YTD | N38: TARGET
J39: STAG | K39: 1 | L39: =AVERAGE('Sept 1st'!K45,'Sept 2nd'!K47,'Sept 3rd'!K44,'Sept 4th'!K46,'Sept 7th'!K48,K48) -> 7.1666667 | M39: =AVERAGE('[9]Jan30th-31st'!$L$47,L39,'[10]Feb 26th '!$L$39,'[11]Mar 31st'!$L$47,'[12]Apr 30th'!$L$46,'[13]May 29th '!$L$40,'[14]June 30th'!$L$39,[15]July31st!$L$41,'[16]Aug 31st'!$L$37) -> 6.5340856 | N39: 9.2
J40: GUINN
J41: VITAMALT
J42: STARMALT
J43: MACKESON
J44: HURRICANE REEF- IPA
J45: HURRICANE REEF- APA
B46: AVERAGE | J46: HR- PILSNER
J47: CARIBE
J48: Total | K48: =SUM(K38:K47) -> 6
B49: Process: | C49: Fermentation/Filtration
B51: Brand | C51: Filt. Date | D51: FV Hls | E51: GFE/ Prim/ Vita Blend (Hls) | F51: SV Hls | G51: BBT Hls | H51: Loss (%) Ferm | I51: Loss (%) Filt | J51: Comments | K51: Throughput | L51: Process Loss (%) | M51: Filt. Operator
AB52: 43474 | AC52: 43475 | AD52: 43476 | AE52: 43477 | AF52: 43478 | AG52: 43479 | AH52: 43480 | AI52: 43481 | AJ52: 43482 | AK52: 43483 | AL52: 43484 | AM52: 43485 | AN52: 43486 | AO52: 43487 | AP52: 43488 | AQ52: 43489 | AR52: 43490 | AS52: 43491 | AT52: 43492 | AU52: 43493 | AV52: 43494 | AW52: 43495 | AX52: 43496
B53: =J38 -> CARIB | C53: 46273 | D53: =[17]September_2026!$K$3 -> 202.6 | G53: =[17]September_2026!$K$7 -> 188 | J53: NO SBF | K53: =[18]September_2026!$K$18 -> 0.65964912 | L53: =(((D53+E53)-G53)/(D53+E53))*100 -> 7.2063179 | M53: T.Charles | AB53: =[19]January_2019!L5 -> 0 | AC53: =[19]January_2019!M5 -> 0 | AD53: =[19]January_2019!N5 -> 0 | AE53: =[19]January_2019!O5 -> 0 | AF53: =[19]January_2019!P5 -> 0 | AG53: =[19]January_2019!Q5 -> 0 | AH53: =[19]January_2019!R5 -> 0 | AI53: =[19]January_2019!S5 -> 0 | ... AX53: =[19]January_2019!AH5 -> 0
AB54: =[19]January_2019!L6 -> 0 | AC54: =[19]January_2019!M6 -> 0 | AD54: =[19]January_2019!N6 -> 0 | AE54: =[19]January_2019!O6 -> 0 | AF54: =[19]January_2019!P6 -> 0 | AG54: =[19]January_2019!Q6 -> 0 | AH54: =[19]January_2019!R6 -> 0 | AI54: =[19]January_2019!S6 -> 0 | ... AX54: =[19]January_2019!AH6 -> 0
AB55: =[19]January_2019!L7 -> 285.8 | AC55: =[19]January_2019!M7 -> 508.1 | AD55: =[19]January_2019!N7 -> 0 | AE55: =[19]January_2019!O7 -> 0 | AF55: =[19]January_2019!P7 -> 109.56667 | AG55: =[19]January_2019!Q7 -> 297.65 | AH55: =[19]January_2019!R7 -> 122.3 | AI55: =[19]January_2019!S7 -> 0 | ... AX55: =[19]January_2019!AH7 -> 0
B64: Process Loss (Volume) | G64: Process Loss (Extract) | K64: Throughput
B65: Brand | C65: Actual | D65: MTD | E65: YTD | F65: Target | G65: Actual | H65: MTD | I65: YTD | J65: Target | L65: MTD | M65: YTD | N65: Target
B66: CARIB | C66: =L53 -> 7.2063179 | D66: 7.0847769 | E66: 6.5485103 | F66: 4.8 | G66: =[17]September_2026!$K$11 -> 6.3824837 | H66: 6.5575447 | I66: 6.6476566 | J66: 4.8 | K66: =K53 -> 0.65964912 | L66: 0.64571053 | M66: 0.53074562 | N66: 1
B67: STAG | D67: 8.6363636 | E67: 5.8721053 | F67: 4.8 | H67: 7.5248839 | I67: 5.9880522 | J67: 4.8 | L67: 0.31736842 | M67: 0.68971318 | N67: 1
B68: GUINN | E68: 11.277593 | F68: 5.5 | I68: 11.857908 | J68: 5.5 | M68: 0.3537019 | N68: 1
B69: VITAMALT | E69: 4.8685538 | F69: 3.3 | I69: 4.8702525 | J69: 3.3 | M69: 0.77919298 | N69: 1
B70: APA | F70: 3.3 | J70: 3 | N70: 1
B71: MACKESON | E71: 6.0400198 | F71: 5.5 | I71: 8.2405788 | J71: 5.5 | M71: 0.78491228 | N71: 1
B72: STARMALT | E72: 3.6168923 | F72: 3.3 | I72: 5.009118 | J72: 3.3 | M72: 0.926423 | N72: 1
B73: IPA | F73: 7.5 | J73: 7.5 | N73: 1
B74: HURRICANE REEF PILS | F74: 4.8 | J74: 4.8 | N74: 1
D75: 7.4241838 | E75: 6.3628094 | F75: 5.5 | H75: 6.7688469 | I75: 6.6955279 | J75: 5.5 | L75: 0.58004211 | M75: 0.59783695 | N75: 1

Sheet Sept 9th
S1: P.G. | U1: Hot Time | W1: Process Time | Y1: Cooling Time
B2: Brewing Department Daily Process Loss Report | S2: Lower | T2: Upper | U2: Lower | V2: Upper | W2: Lower | X2: Upper | Y2: Lower | Z2: Upper
R3: CARIB | S3: 11.6 | T3: 12 | U3: 0 | V3: 0.11805556 | W3: 0.22569444 | X3: 0.26388889 | Y3: 0 | Z3: 60 | AB3: HR- PISNER
B4: Date: | C4: 46275 | J4: LOT WORT COLOUR: 3.4 | M4: Filter Sheets (Target 20 days) | R4: STAG | S4: 11.6 | T4: 12 | U4: 0 | V4: 0.11805556 | W4: 0.22569444 | X4: 0.26388889 | Y4: 0 | Z4: 60
M5: Double | N5: Single | R5: GUINNESS | S5: 17 | T5: 17.5 | U5: 0 | V5: 0.10763889 | W5: 0.24652778 | X5: 0.28472222 | Y5: 0 | Z5: 60
J6: MALT LOT: Lot #15 | L6: Sheet Day | R6: MACKESON | S6: 13.3 | T6: 13.5 | U6: 0 | V6: 0.12905093 | W6: 0.27430556 | X6: 0.30208333 | Y6: 0
R7: STARMALT | S7: 17 | T7: 17.4 | U7: 0 | V7: 0.13605324 | W7: 0.27430556 | X7: 0.30902778 | Y7: 0 | Z7: 85
B8: Brand | C8: Brew no. | D8: Kett. Hls | E8: Wort | F8: Cool Time(Mins) | G8: Cast. P.G. (Lab Result) | H8: Cast P.G. (Cellar Operator)-gravity | I8: Extr. Rec (78%) | J8: Theor. Extr. (77.5%) | K8: Boil Off /Vol. (4-6%) | L8: Boil Time | M8: Total Hot | N8: Brewing Time | O8: Operator | R8: Hurricane Reef | S8: 16.6 | T8: 17 | U8: 0 | V8: 0.12905093 | W8: 0.27430556 | X8: 0.30208333 | Y8: 0
E9: Meter (Hls) | F9: Target(< 60Mins) | M9: Time | R9: VITAMALT | S9: 14.2 | T9: 14.6 | U9: 0 | V9: 0.13905093 | W9: 0.26041667 | X9: 0.29513889 | Y9: 0 | Z9: 75
B10: CARIB | C10: =[3]Brewhouse!$A721 -> CA672 | D10: =[3]Brewhouse!$AF721 -> 50.2 | E10: =[3]Brewhouse!$AI721 -> 50.7 | F10: =[3]Brewhouse!$V721 -> 60 | G10: =[3]Brewhouse!AG721 -> 11.7 | H10: 11.9 | I10: =[3]Brewhouse!$AU721 -> 99.733387 | J10: =[3]Brewhouse!$AV721 -> 101.3207 | K10: =[3]Brewhouse!$Q721 -> 8.7245841 | L10: =[3]Brewhouse!$P721 -> 60 | M10: =[3]Brewhouse!$U721-[3]Brewhouse!$T721 -> 0.079861111 | N10: =[3]Brewhouse!$Z721 -> 0.23055556 | O10: =[3]Brewhouse!$AX721 -> R. Regis | R10: =B10 -> CARIB | S10: =VLOOKUP($B10,$R$3:$X$9,2,FALSE) -> 11.6 | T10: =VLOOKUP($B10,$R$3:$X$9,3,FALSE) -> 12 | U10: =VLOOKUP($B10,$R$3:$X$9,4,FALSE) -> 0 | V10: =VLOOKUP($B10,$R$3:$X$9,5,FALSE) -> 0.11805556 | W10: =VLOOKUP($B10,$R$3:$X$9,6,FALSE) -> 0.22569444 | X10: =VLOOKUP($B10,$R$3:$X$9,7,FALSE) -> 0.26388889 | Y10: =VLOOKUP($B10,$R$3:$Z$9,8,FALSE) -> 0 | Z10: =VLOOKUP($B10,$R$3:$Z$9,9,FALSE) -> 60
B11: CARIB | C11: =[3]Brewhouse!$A722 -> CA673 | D11: =[3]Brewhouse!$AF722 -> 49.9 | E11: =[3]Brewhouse!$AI722 -> 50.5 | F11: =[3]Brewhouse!$V722 -> 64 | G11: =[3]Brewhouse!AG722 -> 11.6 | H11: 11.9 | I11: =[3]Brewhouse!$AU722 -> 98.197548 | J11: =[3]Brewhouse!$AV722 -> 99.760633 | K11: =[3]Brewhouse!$Q722 -> 9.0942699 | L11: =[3]Brewhouse!$P722 -> 58 | M11: =[3]Brewhouse!$U722-[3]Brewhouse!$T722 -> 0.11388889 | N11: =[3]Brewhouse!$Z722 -> 0.27638889 | O11: =[3]Brewhouse!$AX722 -> R. Regis | R11: =B11 -> CARIB | S11: =VLOOKUP($B11,$R$3:$X$9,2,FALSE) -> 11.6 | T11: =VLOOKUP($B11,$R$3:$X$9,3,FALSE) -> 12 | U11: =VLOOKUP($B11,$R$3:$X$9,4,FALSE) -> 0 | V11: =VLOOKUP($B11,$R$3:$X$9,5,FALSE) -> 0.11805556 | W11: =VLOOKUP($B11,$R$3:$X$9,6,FALSE) -> 0.22569444 | X11: =VLOOKUP($B11,$R$3:$X$9,7,FALSE) -> 0.26388889 | Y11: =VLOOKUP($B11,$R$3:$Z$9,8,FALSE) -> 0 | Z11: =VLOOKUP($B11,$R$3:$Z$9,9,FALSE) -> 60
B12: CARIB | C12: =[3]Brewhouse!$A723 -> CA674 | D12: =[3]Brewhouse!$AF723 -> 49.9 | E12: =[3]Brewhouse!$AI723 -> 51 | F12: =[3]Brewhouse!$V723 -> 62 | G12: =[3]Brewhouse!AG723 -> 11.8 | H12: 11.8 | I12: =[3]Brewhouse!$AU723 -> 101.48312 | J12: =[3]Brewhouse!$AV723 -> 103.09806 | K12: =[3]Brewhouse!$Q723 -> 9.0942699 | L12: =[3]Brewhouse!$P723 -> 57 | M12: =[3]Brewhouse!$U723-[3]Brewhouse!$T723 -> 0.1125 | N12: =[3]Brewhouse!$Z723 -> 0.28958333 | O12: =[3]Brewhouse!$AX723 -> R. Sookram | R12: =B12 -> CARIB | S12: =VLOOKUP($B12,$R$3:$X$9,2,FALSE) -> 11.6 | T12: =VLOOKUP($B12,$R$3:$X$9,3,FALSE) -> 12 | U12: =VLOOKUP($B12,$R$3:$X$9,4,FALSE) -> 0 | V12: =VLOOKUP($B12,$R$3:$X$9,5,FALSE) -> 0.11805556 | W12: =VLOOKUP($B12,$R$3:$X$9,6,FALSE) -> 0.22569444 | X12: =VLOOKUP($B12,$R$3:$X$9,7,FALSE) -> 0.26388889 | Y12: =VLOOKUP($B12,$R$3:$Z$9,8,FALSE) -> 0 | Z12: =VLOOKUP($B12,$R$3:$Z$9,9,FALSE) -> 60
B13: CARIB | C13: =[3]Brewhouse!$A724 -> CA675 | D13: =[3]Brewhouse!$AF724 -> 48.8 | E13: =[3]Brewhouse!$AI724 -> 50.8 | F13: =[3]Brewhouse!$V724 -> 62 | G13: =[3]Brewhouse!AG724 -> 11.6 | H13: 11.8 | I13: =[3]Brewhouse!$AU724 -> 99.282976 | J13: =[3]Brewhouse!$AV724 -> 100.8629 | K13: =[3]Brewhouse!$Q724 -> 9.8518519 | L13: =[3]Brewhouse!$P724 -> 57 | M13: =[3]Brewhouse!$U724-[3]Brewhouse!$T724 -> 0.125 | N13: =[3]Brewhouse!$Z724 -> 0.28333333 | O13: =[3]Brewhouse!$AX724 -> R. Sookram | R13: =B13 -> CARIB | S13: =VLOOKUP($B13,$R$3:$X$9,2,FALSE) -> 11.6 | T13: =VLOOKUP($B13,$R$3:$X$9,3,FALSE) -> 12 | U13: =VLOOKUP($B13,$R$3:$X$9,4,FALSE) -> 0 | V13: =VLOOKUP($B13,$R$3:$X$9,5,FALSE) -> 0.11805556 | W13: =VLOOKUP($B13,$R$3:$X$9,6,FALSE) -> 0.22569444 | X13: =VLOOKUP($B13,$R$3:$X$9,7,FALSE) -> 0.26388889 | Y13: =VLOOKUP($B13,$R$3:$Z$9,8,FALSE) -> 0 | Z13: =VLOOKUP($B13,$R$3:$Z$9,9,FALSE) -> 60
B14: CARIB | C14: =[3]Brewhouse!$A725 -> CA676 | D14: =[3]Brewhouse!$AF725 -> 47.6 | E14: =[3]Brewhouse!$AI725 -> 49.8 | F14: =[3]Brewhouse!$V725 -> 60 | G14: =[3]Brewhouse!AG725 -> 11.6 | I14: =[3]Brewhouse!$AU725 -> 97.081866 | J14: =[3]Brewhouse!$AV725 -> 98.626981 | K14: =[3]Brewhouse!$Q725 -> 13.185185 | L14: =[3]Brewhouse!$P725 -> 59 | M14: =[3]Brewhouse!$U725-[3]Brewhouse!$T725 -> 0.11041667 | N14: =[3]Brewhouse!$Z725 -> 0.30069444 | O14: =[3]Brewhouse!$AX725 -> R. Sookram | R14: =B14 -> CARIB | S14: =VLOOKUP($B14,$R$3:$X$9,2,FALSE) -> 11.6 | T14: =VLOOKUP($B14,$R$3:$X$9,3,FALSE) -> 12 | U14: =VLOOKUP($B14,$R$3:$X$9,4,FALSE) -> 0 | V14: =VLOOKUP($B14,$R$3:$X$9,5,FALSE) -> 0.11805556 | W14: =VLOOKUP($B14,$R$3:$X$9,6,FALSE) -> 0.22569444 | X14: =VLOOKUP($B14,$R$3:$X$9,7,FALSE) -> 0.26388889 | Y14: =VLOOKUP($B14,$R$3:$Z$9,8,FALSE) -> 0 | Z14: =VLOOKUP($B14,$R$3:$Z$9,9,FALSE) -> 60
B15: CARIB | C15: =[3]Brewhouse!$A726 -> CA677 | D15: =[3]Brewhouse!$AF726 -> 49.4 | E15: =[3]Brewhouse!$AI726 -> 50 | F15: =[3]Brewhouse!$V726 -> 58 | G15: =[3]Brewhouse!AG726 -> 11.8 | H15: 11.9 | I15: =[3]Brewhouse!$AU726 -> 98.865119 | J15: =[3]Brewhouse!$AV726 -> 100.43894 | K15: =[3]Brewhouse!$Q726 -> 9.8518519 | L15: =[3]Brewhouse!$P726 -> 59 | M15: =[3]Brewhouse!$U726-[3]Brewhouse!$T726 -> 0.11180556 | N15: =[3]Brewhouse!$Z726 -> 0.29236111 | O15: =[3]Brewhouse!$AX726 -> R. Sookram | R15: =B15 -> CARIB | S15: =VLOOKUP($B15,$R$3:$X$9,2,FALSE) -> 11.6 | T15: =VLOOKUP($B15,$R$3:$X$9,3,FALSE) -> 12 | U15: =VLOOKUP($B15,$R$3:$X$9,4,FALSE) -> 0 | V15: =VLOOKUP($B15,$R$3:$X$9,5,FALSE) -> 0.11805556 | W15: =VLOOKUP($B15,$R$3:$X$9,6,FALSE) -> 0.22569444 | X15: =VLOOKUP($B15,$R$3:$X$9,7,FALSE) -> 0.26388889 | Y15: =VLOOKUP($B15,$R$3:$Z$9,8,FALSE) -> 0 | Z15: =VLOOKUP($B15,$R$3:$Z$9,9,FALSE) -> 60
B16: CARIB | C16: =[3]Brewhouse!$A727 -> CA678 | D16: =[3]Brewhouse!$AF727 -> 49.2 | E16: =[3]Brewhouse!$AI727 -> 49.8 | F16: =[3]Brewhouse!$V727 -> 57 | G16: =[3]Brewhouse!AG727 -> 11.6 | H16: 11.8 | I16: =[3]Brewhouse!$AU727 -> 96.958974 | J16: =[3]Brewhouse!$AV727 -> 98.502239 | K16: =[3]Brewhouse!$Q727 -> 10.38817 | L16: =[3]Brewhouse!$P727 -> 59 | M16: =[3]Brewhouse!$U727-[3]Brewhouse!$T727 -> 0.11041667 | N16: =[3]Brewhouse!$Z727 -> 0.26666667 | O16: =[3]Brewhouse!$AX727 -> R. Sookram | R16: =B16 -> CARIB | S16: =VLOOKUP($B16,$R$3:$X$9,2,FALSE) -> 11.6 | T16: =VLOOKUP($B16,$R$3:$X$9,3,FALSE) -> 12 | U16: =VLOOKUP($B16,$R$3:$X$9,4,FALSE) -> 0 | V16: =VLOOKUP($B16,$R$3:$X$9,5,FALSE) -> 0.11805556 | W16: =VLOOKUP($B16,$R$3:$X$9,6,FALSE) -> 0.22569444 | X16: =VLOOKUP($B16,$R$3:$X$9,7,FALSE) -> 0.26388889 | Y16: =VLOOKUP($B16,$R$3:$Z$9,8,FALSE) -> 0 | Z16: =VLOOKUP($B16,$R$3:$Z$9,9,FALSE) -> 60
R17: =B17 -> 0 | S17: =VLOOKUP($B17,$R$3:$X$9,2,FALSE) -> #N/A | T17: =VLOOKUP($B17,$R$3:$X$9,3,FALSE) -> #N/A | U17: =VLOOKUP($B17,$R$3:$X$9,4,FALSE) -> #N/A | V17: =VLOOKUP($B17,$R$3:$X$9,5,FALSE) -> #N/A | W17: =VLOOKUP($B17,$R$3:$X$9,6,FALSE) -> #N/A | X17: =VLOOKUP($B17,$R$3:$X$9,7,FALSE) -> #N/A | Y17: =VLOOKUP($B17,$R$3:$Z$9,8,FALSE) -> #N/A | Z17: =VLOOKUP($B17,$R$3:$Z$9,9,FALSE) -> #N/A
R18: =B18 -> 0 | S18: =VLOOKUP($B18,$R$3:$X$9,2,FALSE) -> #N/A | T18: =VLOOKUP($B18,$R$3:$X$9,3,FALSE) -> #N/A | U18: =VLOOKUP($B18,$R$3:$X$9,4,FALSE) -> #N/A | V18: =VLOOKUP($B18,$R$3:$X$9,5,FALSE) -> #N/A | W18: =VLOOKUP($B18,$R$3:$X$9,6,FALSE) -> #N/A | X18: =VLOOKUP($B18,$R$3:$X$9,7,FALSE) -> #N/A | Y18: =VLOOKUP($B18,$R$3:$Z$9,8,FALSE) -> #N/A | Z18: =VLOOKUP($B18,$R$3:$Z$9,9,FALSE) -> #N/A
R19: =B19 -> 0 | S19: =VLOOKUP($B19,$R$3:$X$9,2,FALSE) -> #N/A | T19: =VLOOKUP($B19,$R$3:$X$9,3,FALSE) -> #N/A | U19: =VLOOKUP($B19,$R$3:$X$9,4,FALSE) -> #N/A | V19: =VLOOKUP($B19,$R$3:$X$9,5,FALSE) -> #N/A | W19: =VLOOKUP($B19,$R$3:$X$9,6,FALSE) -> #N/A | X19: =VLOOKUP($B19,$R$3:$X$9,7,FALSE) -> #N/A | Y19: =VLOOKUP($B19,$R$3:$Z$9,8,FALSE) -> #N/A | Z19: =VLOOKUP($B19,$R$3:$Z$9,9,FALSE) -> #N/A
R20: =B20 -> 0 | S20: =VLOOKUP($B20,$R$3:$X$9,2,FALSE) -> #N/A | T20: =VLOOKUP($B20,$R$3:$X$9,3,FALSE) -> #N/A | U20: =VLOOKUP($B20,$R$3:$X$9,4,FALSE) -> #N/A | V20: =VLOOKUP($B20,$R$3:$X$9,5,FALSE) -> #N/A | W20: =VLOOKUP($B20,$R$3:$X$9,6,FALSE) -> #N/A | X20: =VLOOKUP($B20,$R$3:$X$9,7,FALSE) -> #N/A | Y20: =VLOOKUP($B20,$R$3:$Z$9,8,FALSE) -> #N/A | Z20: =VLOOKUP($B20,$R$3:$Z$9,9,FALSE) -> #N/A
R21: =B21 -> 0 | S21: =VLOOKUP($B21,$R$3:$X$9,2,FALSE) -> #N/A | T21: =VLOOKUP($B21,$R$3:$X$9,3,FALSE) -> #N/A | U21: =VLOOKUP($B21,$R$3:$X$9,4,FALSE) -> #N/A | V21: =VLOOKUP($B21,$R$3:$X$9,5,FALSE) -> #N/A | W21: =VLOOKUP($B21,$R$3:$X$9,6,FALSE) -> #N/A | X21: =VLOOKUP($B21,$R$3:$X$9,7,FALSE) -> #N/A | Y21: =VLOOKUP($B21,$R$3:$Z$9,8,FALSE) -> #N/A | Z21: =VLOOKUP($B21,$R$3:$Z$9,9,FALSE) -> #N/A
R22: =B22 -> 0 | S22: =VLOOKUP($B22,$R$3:$X$9,2,FALSE) -> #N/A | T22: =VLOOKUP($B22,$R$3:$X$9,3,FALSE) -> #N/A | U22: =VLOOKUP($B22,$R$3:$X$9,4,FALSE) -> #N/A | V22: =VLOOKUP($B22,$R$3:$X$9,5,FALSE) -> #N/A | W22: =VLOOKUP($B22,$R$3:$X$9,6,FALSE) -> #N/A | X22: =VLOOKUP($B22,$R$3:$X$9,7,FALSE) -> #N/A | Y22: =VLOOKUP($B22,$R$3:$Z$9,8,FALSE) -> #N/A | Z22: =VLOOKUP($B22,$R$3:$Z$9,9,FALSE) -> #N/A
R23: =B23 -> 0 | S23: =VLOOKUP($B23,$R$3:$X$9,2,FALSE) -> #N/A | T23: =VLOOKUP($B23,$R$3:$X$9,3,FALSE) -> #N/A | U23: =VLOOKUP($B23,$R$3:$X$9,4,FALSE) -> #N/A | V23: =VLOOKUP($B23,$R$3:$X$9,5,FALSE) -> #N/A | W23: =VLOOKUP($B23,$R$3:$X$9,6,FALSE) -> #N/A | X23: =VLOOKUP($B23,$R$3:$X$9,7,FALSE) -> #N/A | Y23: =VLOOKUP($B23,$R$3:$Z$9,8,FALSE) -> #N/A | Z23: =VLOOKUP($B23,$R$3:$Z$9,9,FALSE) -> #N/A
R24: =B24 -> 0 | S24: =VLOOKUP($B24,$R$3:$X$9,2,FALSE) -> #N/A | T24: =VLOOKUP($B24,$R$3:$X$9,3,FALSE) -> #N/A | U24: =VLOOKUP($B24,$R$3:$X$9,4,FALSE) -> #N/A | V24: =VLOOKUP($B24,$R$3:$X$9,5,FALSE) -> #N/A | W24: =VLOOKUP($B24,$R$3:$X$9,6,FALSE) -> #N/A | X24: =VLOOKUP($B24,$R$3:$X$9,7,FALSE) -> #N/A | Y24: =VLOOKUP($B24,$R$3:$Z$9,8,FALSE) -> #N/A | Z24: =VLOOKUP($B24,$R$3:$Z$9,9,FALSE) -> #N/A
B25: BRAND | D25: BBT P.G./ O.G | I25: Brand | K25: MTD No. of Brews | L25: MTD | M25: YTD | N25: Target | R25: =B25 -> BRAND | S25: =VLOOKUP($B25,$R$3:$X$9,2,FALSE) -> #N/A | T25: =VLOOKUP($B25,$R$3:$X$9,3,FALSE) -> #N/A | U25: =VLOOKUP($B25,$R$3:$X$9,4,FALSE) -> #N/A | V25: =VLOOKUP($B25,$R$3:$X$9,5,FALSE) -> #N/A | W25: =VLOOKUP($B25,$R$3:$X$9,6,FALSE) -> #N/A | X25: =VLOOKUP($B25,$R$3:$X$9,7,FALSE) -> #N/A | Y25: =VLOOKUP($B25,$R$3:$Z$9,8,FALSE) -> #N/A | Z25: =VLOOKUP($B25,$R$3:$Z$9,9,FALSE) -> #N/A
I26: CARIB | J26: =AVERAGE(I10:I16) -> 98.800427 | K26: =COUNTA([3]Brewhouse!$A$696:$A$727) -> 32 | L26: =AVERAGE([3]Brewhouse!$AU$696:$AU$727) -> 98.625782 | M26: =AVERAGE([3]Brewhouse!$AU$42:$AU$123,[3]Brewhouse!$AU$125:$AU$188,[3]Brewhouse!$AU$198:$AU$290,[3]Brewhouse!$AU$292:$AU$370,[3]Brewhouse!$AU$372:$AU$439,[3]Brewhouse!$AU$441:$AU$497,[3]Brewhouse!$AU$499:$AU$519,[3]Brewhouse!$AU$521:$AU$593,[3]Brewhouse!$AU$595:$AU$727) -> 98.302155 | N26: 98 | R26: =B26 -> 0 | S26: =VLOOKUP($B26,$R$3:$X$9,2,FALSE) -> #N/A | T26: =VLOOKUP($B26,$R$3:$X$9,3,FALSE) -> #N/A | U26: =VLOOKUP($B26,$R$3:$X$9,4,FALSE) -> #N/A | V26: =VLOOKUP($B26,$R$3:$X$9,5,FALSE) -> #N/A | W26: =VLOOKUP($B26,$R$3:$X$9,6,FALSE) -> #N/A | X26: =VLOOKUP($B26,$R$3:$X$9,7,FALSE) -> #N/A | Y26: =VLOOKUP($B26,$R$3:$Z$9,8,FALSE) -> #N/A | Z26: =VLOOKUP($B26,$R$3:$Z$9,9,FALSE) -> #N/A
I27: STAG | K27: =COUNTA([4]Brewhouse!$A$363:$A$372) -> 10 | L27: =AVERAGE([4]Brewhouse!$AS$363:$AS$372) -> 100.50072 | M27: =AVERAGE([4]Brewhouse!$AS$52:$AS$81,[4]Brewhouse!$AS$83:$AS$124,[4]Brewhouse!$AS$134:$AS$177,[4]Brewhouse!$AS$22:$AS$179,[4]Brewhouse!$AS$214:$AS$249,[4]Brewhouse!$AS$252:$AS$293,[4]Brewhouse!$AS$295:$AS$325,[4]Brewhouse!$AS$327:$AS$361,[4]Brewhouse!$AS$363:$AS$372) -> 98.292485 | N27: 98 | R27: =B27 -> 0 | S27: =VLOOKUP($B27,$R$3:$X$9,2,FALSE) -> #N/A | T27: =VLOOKUP($B27,$R$3:$X$9,3,FALSE) -> #N/A | U27: =VLOOKUP($B27,$R$3:$X$9,4,FALSE) -> #N/A | V27: =VLOOKUP($B27,$R$3:$X$9,5,FALSE) -> #N/A | W27: =VLOOKUP($B27,$R$3:$X$9,6,FALSE) -> #N/A | X27: =VLOOKUP($B27,$R$3:$X$9,7,FALSE) -> #N/A | Y27: =VLOOKUP($B27,$R$3:$Z$9,8,FALSE) -> #N/A | Z27: =VLOOKUP($B27,$R$3:$Z$9,9,FALSE) -> #N/A
I28: GUINNESS | M28: =AVERAGE([5]Brewhouse!$AU$16:$AU$23,[5]Brewhouse!$AU$25:$AU$32,[5]Brewhouse!$AU$34:$AU$41,[5]Brewhouse!$AU$43:$AU$60,[5]Brewhouse!$AU$62:$AU$69,[5]Brewhouse!$AU$71:$AU$88,[5]Brewhouse!$AU$90:$AU$97) -> 96.502171 | N28: 98 | R28: =B28 -> 0 | S28: =VLOOKUP($B28,$R$3:$X$9,2,FALSE) -> #N/A | T28: =VLOOKUP($B28,$R$3:$X$9,3,FALSE) -> #N/A | U28: =VLOOKUP($B28,$R$3:$X$9,4,FALSE) -> #N/A | V28: =VLOOKUP($B28,$R$3:$X$9,5,FALSE) -> #N/A | W28: =VLOOKUP($B28,$R$3:$X$9,6,FALSE) -> #N/A | X28: =VLOOKUP($B28,$R$3:$X$9,7,FALSE) -> #N/A | Y28: =VLOOKUP($B28,$R$3:$Z$9,8,FALSE) -> #N/A | Z28: =VLOOKUP($B28,$R$3:$Z$9,9,FALSE) -> #N/A
I29: VITAMALT | M29: =AVERAGE([6]Brewhouse!$AV$23:$AV$34,[6]Brewhouse!$AV$36,[6]Brewhouse!$AV$38:$AV$52,[6]Brewhouse!$AV$54:$AV$60,[6]Brewhouse!$AV$62:$AV$69,[6]Brewhouse!$AV$71:$AV$78,[6]Brewhouse!$AV$80:$AV$87,[6]Brewhouse!$AV$89:$AV$96) -> 97.559547 | N29: 98 | R29: =B29 -> 0 | S29: =VLOOKUP($B29,$R$3:$X$9,2,FALSE) -> #N/A | T29: =VLOOKUP($B29,$R$3:$X$9,3,FALSE) -> #N/A | U29: =VLOOKUP($B29,$R$3:$X$9,4,FALSE) -> #N/A | V29: =VLOOKUP($B29,$R$3:$X$9,5,FALSE) -> #N/A | W29: =VLOOKUP($B29,$R$3:$X$9,6,FALSE) -> #N/A | X29: =VLOOKUP($B29,$R$3:$X$9,7,FALSE) -> #N/A | Y29: =VLOOKUP($B29,$R$3:$Z$9,8,FALSE) -> #N/A | Z29: =VLOOKUP($B29,$R$3:$Z$9,9,FALSE) -> #N/A
I30: MAXIMALT | N30: 98 | R30: =B30 -> 0 | S30: =VLOOKUP($B30,$R$3:$X$9,2,FALSE) -> #N/A | T30: =VLOOKUP($B30,$R$3:$X$9,3,FALSE) -> #N/A | U30: =VLOOKUP($B30,$R$3:$X$9,4,FALSE) -> #N/A | V30: =VLOOKUP($B30,$R$3:$X$9,5,FALSE) -> #N/A | W30: =VLOOKUP($B30,$R$3:$X$9,6,FALSE) -> #N/A | X30: =VLOOKUP($B30,$R$3:$X$9,7,FALSE) -> #N/A | Y30: =VLOOKUP($B30,$R$3:$Z$9,8,FALSE) -> #N/A | Z30: =VLOOKUP($B30,$R$3:$Z$9,9,FALSE) -> #N/A
I31: MACKESON | K31: =COUNTA([7]Brewhouse!$A$23:$A$30) -> 8 | L31: =AVERAGE([7]Brewhouse!$AT$23:$AT$30) -> 96.065915 | M31: =AVERAGE([7]Brewhouse!$AT$4:$AT$11,[7]Brewhouse!$AT$13:$AT$16,[7]Brewhouse!$AT$18:$AT$30) -> 93.222628 | N31: 98 | R31: =B31 -> 0 | S31: =VLOOKUP($B31,$R$3:$X$9,2,FALSE) -> #N/A | T31: =VLOOKUP($B31,$R$3:$X$9,3,FALSE) -> #N/A | U31: =VLOOKUP($B31,$R$3:$X$9,4,FALSE) -> #N/A | V31: =VLOOKUP($B31,$R$3:$X$9,5,FALSE) -> #N/A | W31: =VLOOKUP($B31,$R$3:$X$9,6,FALSE) -> #N/A | X31: =VLOOKUP($B31,$R$3:$X$9,7,FALSE) -> #N/A | Y31: =VLOOKUP($B31,$R$3:$Z$9,8,FALSE) -> #N/A | Z31: =VLOOKUP($B31,$R$3:$Z$9,9,FALSE) -> #N/A
I32: STARMALT | M32: =AVERAGE([8]Brewhouse!$AY$5:$AY$14,[8]Brewhouse!$AY$16:$AY$23,[8]Brewhouse!$AY$42,[8]Brewhouse!$AY$44:$AY$51,[8]Brewhouse!$AY$53:$AY$64,[8]Brewhouse!$AY$66:$AY$73,[8]Brewhouse!$AY$75:$AY$82,[8]Brewhouse!$AY$84:$AY$101) -> 97.78466 | N32: 98 | R32: =B32 -> 0 | S32: =VLOOKUP($B32,$R$3:$X$9,2,FALSE) -> #N/A | T32: =VLOOKUP($B32,$R$3:$X$9,3,FALSE) -> #N/A | U32: =VLOOKUP($B32,$R$3:$X$9,4,FALSE) -> #N/A | V32: =VLOOKUP($B32,$R$3:$X$9,5,FALSE) -> #N/A | W32: =VLOOKUP($B32,$R$3:$X$9,6,FALSE) -> #N/A | X32: =VLOOKUP($B32,$R$3:$X$9,7,FALSE) -> #N/A | Y32: =VLOOKUP($B32,$R$3:$Z$9,8,FALSE) -> #N/A | Z32: =VLOOKUP($B32,$R$3:$Z$9,9,FALSE) -> #N/A
I33: HR- Pils | N33: 98 | R33: =B33 -> 0 | S33: =VLOOKUP($B33,$R$3:$X$9,2,FALSE) -> #N/A | T33: =VLOOKUP($B33,$R$3:$X$9,3,FALSE) -> #N/A | U33: =VLOOKUP($B33,$R$3:$X$9,4,FALSE) -> #N/A | V33: =VLOOKUP($B33,$R$3:$X$9,5,FALSE) -> #N/A | W33: =VLOOKUP($B33,$R$3:$X$9,6,FALSE) -> #N/A | X33: =VLOOKUP($B33,$R$3:$X$9,7,FALSE) -> #N/A | Y33: =VLOOKUP($B33,$R$3:$Z$9,8,FALSE) -> #N/A | Z33: =VLOOKUP($B33,$R$3:$Z$9,9,FALSE) -> #N/A
I34: HR- IPA | N34: 98 | R34: =B34 -> 0 | S34: =VLOOKUP($B34,$R$3:$X$9,2,FALSE) -> #N/A | T34: =VLOOKUP($B34,$R$3:$X$9,3,FALSE) -> #N/A | U34: =VLOOKUP($B34,$R$3:$X$9,4,FALSE) -> #N/A | V34: =VLOOKUP($B34,$R$3:$X$9,5,FALSE) -> #N/A | W34: =VLOOKUP($B34,$R$3:$X$9,6,FALSE) -> #N/A | X34: =VLOOKUP($B34,$R$3:$X$9,7,FALSE) -> #N/A | Y34: =VLOOKUP($B34,$R$3:$Z$9,8,FALSE) -> #N/A | Z34: =VLOOKUP($B34,$R$3:$Z$9,9,FALSE) -> #N/A
I35: HR- APA | N35: 98 | R35: =B35 -> 0 | S35: =VLOOKUP($B35,$R$3:$X$9,2,FALSE) -> #N/A | T35: =VLOOKUP($B35,$R$3:$X$9,3,FALSE) -> #N/A | U35: =VLOOKUP($B35,$R$3:$X$9,4,FALSE) -> #N/A | V35: =VLOOKUP($B35,$R$3:$X$9,5,FALSE) -> #N/A | W35: =VLOOKUP($B35,$R$3:$X$9,6,FALSE) -> #N/A | X35: =VLOOKUP($B35,$R$3:$X$9,7,FALSE) -> #N/A | Y35: =VLOOKUP($B35,$R$3:$Z$9,8,FALSE) -> #N/A | Z35: =VLOOKUP($B35,$R$3:$Z$9,9,FALSE) -> #N/A
K36: =SUM(K26:K35) -> 50 | L36: =((L26*K26)+(L27*K27)+(L28*K28)+(L29*K29)+(L30*K30)+(K33*L33)+(L31*K31)+(L32*K32)+(L35*K35))/(K36) -> 98.59119 | M36: =AVERAGE('[9]Jan30th-31st'!$L$42,'[10]Feb 27th-28th'!$L$45,'[11]Mar 31st'!$L$42,'[12]Apr 30th'!$L$41,'[13]May 29th '!$L$35,'[14]June 30th'!$L$32,[15]July31st!$L$36,'[16]Aug 31st'!$L$32,L36) -> 98.059376 | N36: 98 | R36: =B36 -> 0 | S36: =VLOOKUP($B36,$R$3:$X$9,2,FALSE) -> #N/A | T36: =VLOOKUP($B36,$R$3:$X$9,3,FALSE) -> #N/A | U36: =VLOOKUP($B36,$R$3:$X$9,4,FALSE) -> #N/A | V36: =VLOOKUP($B36,$R$3:$X$9,5,FALSE) -> #N/A | W36: =VLOOKUP($B36,$R$3:$X$9,6,FALSE) -> #N/A | X36: =VLOOKUP($B36,$R$3:$X$9,7,FALSE) -> #N/A | Y36: =VLOOKUP($B36,$R$3:$Z$9,8,FALSE) -> #N/A | Z36: =VLOOKUP($B36,$R$3:$Z$9,9,FALSE) -> #N/A
R37: =B37 -> 0 | S37: =VLOOKUP($B37,$R$3:$X$9,2,FALSE) -> #N/A | T37: =VLOOKUP($B37,$R$3:$X$9,3,FALSE) -> #N/A | U37: =VLOOKUP($B37,$R$3:$X$9,4,FALSE) -> #N/A | V37: =VLOOKUP($B37,$R$3:$X$9,5,FALSE) -> #N/A | W37: =VLOOKUP($B37,$R$3:$X$9,6,FALSE) -> #N/A | X37: =VLOOKUP($B37,$R$3:$X$9,7,FALSE) -> #N/A | Y37: =VLOOKUP($B37,$R$3:$Z$9,8,FALSE) -> #N/A | Z37: =VLOOKUP($B37,$R$3:$Z$9,9,FALSE) -> #N/A
J38: Daily Brewing Plan
J39: Brand | L39: Average Brews per day
J40: CARIB | K40: 7 | L40: MTD | M40: YTD | N40: TARGET
J41: STAG | L41: =AVERAGE('Sept 1st'!K45,'Sept 2nd'!K47,'Sept 3rd'!K44,'Sept 4th'!K46,'Sept 7th'!K48,'Sept 8th'!K48,K50) -> 7.1428571 | M41: =AVERAGE('[9]Jan30th-31st'!$L$47,L41,'[10]Feb 26th '!$L$39,'[11]Mar 31st'!$L$47,'[12]Apr 30th'!$L$46,'[13]May 29th '!$L$40,'[14]June 30th'!$L$39,[15]July31st!$L$41,'[16]Aug 31st'!$L$37) -> 6.5314401 | N41: 9.2
J42: GUINN
J43: VITAMALT
J44: STARMALT
J45: MACKESON
J46: HURRICANE REEF- IPA
J47: HURRICANE REEF- APA
B48: AVERAGE | J48: HR- PILSNER
J49: CARIBE
J50: Total | K50: =SUM(K40:K49) -> 7
B51: Process: | C51: Fermentation/Filtration
B53: Brand | C53: Filt. Date | D53: FV Hls | E53: GFE/ Prim/ Vita Blend (Hls) | F53: SV Hls | G53: BBT Hls | H53: Loss (%) Ferm | I53: Loss (%) Filt | J53: Comments | K53: Throughput | L53: Process Loss (%) | M53: Filt. Operator
AB54: 43474 | AC54: 43475 | AD54: 43476 | AE54: 43477 | AF54: 43478 | AG54: 43479 | AH54: 43480 | AI54: 43481 | AJ54: 43482 | AK54: 43483 | AL54: 43484 | AM54: 43485 | AN54: 43486 | AO54: 43487 | AP54: 43488 | AQ54: 43489 | AR54: 43490 | AS54: 43491 | AT54: 43492 | AU54: 43493 | AV54: 43494 | AW54: 43495 | AX54: 43496
B55: =J40 -> CARIB | C55: 46274 | D55: =[17]September_2026!$L$3 -> 201.2 | G55: =[17]September_2026!$L$7 -> 193.2 | J55: NO SBF | K55: =[18]September_2026!$L$18 -> 0.67789474 | L55: =(((D55+E55)-G55)/(D55+E55))*100 -> 3.9761431 | M55: K. Hosten | AB55: =[19]January_2019!L5 -> 0 | AC55: =[19]January_2019!M5 -> 0 | AD55: =[19]January_2019!N5 -> 0 | AE55: =[19]January_2019!O5 -> 0 | AF55: =[19]January_2019!P5 -> 0 | AG55: =[19]January_2019!Q5 -> 0 | AH55: =[19]January_2019!R5 -> 0 | AI55: =[19]January_2019!S5 -> 0 | ... AX55: =[19]January_2019!AH5 -> 0
AB56: =[19]January_2019!L6 -> 0 | AC56: =[19]January_2019!M6 -> 0 | AD56: =[19]January_2019!N6 -> 0 | AE56: =[19]January_2019!O6 -> 0 | AF56: =[19]January_2019!P6 -> 0 | AG56: =[19]January_2019!Q6 -> 0 | AH56: =[19]January_2019!R6 -> 0 | AI56: =[19]January_2019!S6 -> 0 | ... AX56: =[19]January_2019!AH6 -> 0
B57: =B55 -> CARIB | C57: 46274 | D57: =[17]September_2026!$I$3 -> 289.77 | G57: =[17]September_2026!$I$7 -> 261.1 | J57: NO SBF | K57: =[18]September_2026!$I$18 -> 0.91614035 | L57: =(((D57+E57)-G57)/(D57+E57))*100 -> 9.8940539 | M57: D. Emery | AB57: =[19]January_2019!L7 -> 285.8 | AC57: =[19]January_2019!M7 -> 508.1 | AD57: =[19]January_2019!N7 -> 0 | AE57: =[19]January_2019!O7 -> 0 | AF57: =[19]January_2019!P7 -> 109.56667 | AG57: =[19]January_2019!Q7 -> 297.65 | AH57: =[19]January_2019!R7 -> 122.3 | AI57: =[19]January_2019!S7 -> 0 | ... AX57: =[19]January_2019!AH7 -> 0
B66: Process Loss (Volume) | G66: Process Loss (Extract) | K66: Throughput
B67: Brand | C67: Actual | D67: MTD | E67: YTD | F67: Target | G67: Actual | H67: MTD | I67: YTD | J67: Target | L67: MTD | M67: YTD | N67: Target
B68: CARIB | C68: =AVERAGE(L55,L57) -> 6.9350985 | D68: 6.4472271 | E68: 6.5138721 | F68: 4.8 | G68: =AVERAGE([17]September_2026!$I$11,[17]September_2026!$L$11) -> 6.1483261 | H68: 5.8950679 | I68: 6.6073233 | J68: 4.8 | K68: =AVERAGE(K55,K57) -> 0.79701754 | L68: 0.6961462 | M68: 0.53619862 | N68: 1
B69: STAG | D69: 8.6363636 | E69: 5.8721053 | F69: 4.8 | H69: 7.5248839 | I69: 5.9880522 | J69: 4.8 | L69: 0.31736842 | M69: 0.68971318 | N69: 1
B70: GUINN | E70: 11.277593 | F70: 5.5 | I70: 11.857908 | J70: 5.5 | M70: 0.3537019 | N70: 1
B71: VITAMALT | E71: 4.8685538 | F71: 3.3 | I71: 4.8702525 | J71: 3.3 | M71: 0.77919298 | N71: 1
B72: APA | F72: 3.3 | J72: 3 | N72: 1
B73: MACKESON | E73: 6.0400198 | F73: 5.5 | I73: 8.2405788 | J73: 5.5 | M73: 0.78491228 | N73: 1
B74: STARMALT | E74: 3.6168923 | F74: 3.3 | I74: 5.009118 | J74: 3.3 | M74: 0.926423 | N74: 1
B75: IPA | F75: 7.5 | J75: 7.5 | N75: 1
B76: HURRICANE REEF PILS | F76: 4.8 | J76: 4.8 | N76: 1
D77: 6.8264028 | E77: 6.3462317 | F77: 5.5 | H77: 6.1772842 | I77: 6.6757419 | J77: 5.5 | L77: 0.64203509 | M77: 0.60011392 | N77: 1

Sheet Sept 10th
S1: P.G. | U1: Hot Time | W1: Process Time | Y1: Cooling Time
B2: Brewing Department Daily Process Loss Report | S2: Lower | T2: Upper | U2: Lower | V2: Upper | W2: Lower | X2: Upper | Y2: Lower | Z2: Upper
R3: CARIB | S3: 11.6 | T3: 12 | U3: 0 | V3: 0.11805556 | W3: 0.22569444 | X3: 0.26388889 | Y3: 0 | Z3: 60 | AB3: HR- PISNER
B4: Date: | C4: 46276 | J4: LOT WORT COLOUR: 3.4 | M4: Filter Sheets (Target 20 days) | R4: STAG | S4: 11.6 | T4: 12 | U4: 0 | V4: 0.11805556 | W4: 0.22569444 | X4: 0.26388889 | Y4: 0 | Z4: 60
M5: Double | N5: Single | R5: GUINNESS | S5: 17 | T5: 17.5 | U5: 0 | V5: 0.10763889 | W5: 0.24652778 | X5: 0.28472222 | Y5: 0 | Z5: 60
J6: MALT LOT: Lot #15 | L6: Sheet Day | R6: MACKESON | S6: 13.3 | T6: 13.5 | U6: 0 | V6: 0.12905093 | W6: 0.27430556 | X6: 0.30208333 | Y6: 0
R7: STARMALT | S7: 17 | T7: 17.4 | U7: 0 | V7: 0.13605324 | W7: 0.27430556 | X7: 0.30902778 | Y7: 0 | Z7: 85
B8: Brand | C8: Brew no. | D8: Kett. Hls | E8: Wort | F8: Cool Time(Mins) | G8: Cast. P.G. (Lab Result) | H8: Cast P.G. (Cellar Operator)-gravity | I8: Extr. Rec (78%) | J8: Theor. Extr. (77.5%) | K8: Boil Off /Vol. (4-6%) | L8: Boil Time | M8: Total Hot | N8: Brewing Time | O8: Operator | R8: Hurricane Reef | S8: 16.6 | T8: 17 | U8: 0 | V8: 0.12905093 | W8: 0.27430556 | X8: 0.30208333 | Y8: 0
E9: Meter (Hls) | F9: Target(< 60Mins) | M9: Time | R9: VITAMALT | S9: 14.2 | T9: 14.6 | U9: 0 | V9: 0.13905093 | W9: 0.26041667 | X9: 0.29513889 | Y9: 0 | Z9: 75
B10: CARIB | C10: =[3]Brewhouse!$A728 -> CA679 | D10: =[3]Brewhouse!$AF728 -> 49.5 | E10: =[3]Brewhouse!$AI728 -> 50.1 | F10: =[3]Brewhouse!$V728 -> 60 | G10: =[3]Brewhouse!AG728 -> 11.7 | H10: 11.7 | I10: =[3]Brewhouse!$AU728 -> 98.553111 | J10: =[3]Brewhouse!$AV728 -> 100.12164 | K10: =[3]Brewhouse!$Q728 -> 10.573013 | L10: =[3]Brewhouse!$P728 -> 60 | M10: =[3]Brewhouse!$U728-[3]Brewhouse!$T728 -> 0.13125 | N10: =[3]Brewhouse!$Z728 -> 0.27777778 | O10: =[3]Brewhouse!$AX728 -> R. Regis | R10: =B10 -> CARIB | S10: =VLOOKUP($B10,$R$3:$X$9,2,FALSE) -> 11.6 | T10: =VLOOKUP($B10,$R$3:$X$9,3,FALSE) -> 12 | U10: =VLOOKUP($B10,$R$3:$X$9,4,FALSE) -> 0 | V10: =VLOOKUP($B10,$R$3:$X$9,5,FALSE) -> 0.11805556 | W10: =VLOOKUP($B10,$R$3:$X$9,6,FALSE) -> 0.22569444 | X10: =VLOOKUP($B10,$R$3:$X$9,7,FALSE) -> 0.26388889 | Y10: =VLOOKUP($B10,$R$3:$Z$9,8,FALSE) -> 0 | Z10: =VLOOKUP($B10,$R$3:$Z$9,9,FALSE) -> 60
B11: CARIB | C11: =[3]Brewhouse!$A729 -> CA680 | D11: =[3]Brewhouse!$AF729 -> 49.6 | E11: =[3]Brewhouse!$AI729 -> 50.2 | F11: =[3]Brewhouse!$V729 -> 62 | G11: =[3]Brewhouse!AG729 -> 11.7 | H11: 11.8 | I11: =[3]Brewhouse!$AU729 -> 99.126741 | J11: =[3]Brewhouse!$AV729 -> 100.70407 | K11: =[3]Brewhouse!$Q729 -> 9.6487985 | L11: =[3]Brewhouse!$P729 -> 61 | M11: =[3]Brewhouse!$U729-[3]Brewhouse!$T729 -> 0.11597222 | N11: =[3]Brewhouse!$Z729 -> 0.27222222 | O11: =[3]Brewhouse!$AX729 -> R. Regis | R11: =B11 -> CARIB | S11: =VLOOKUP($B11,$R$3:$X$9,2,FALSE) -> 11.6 | T11: =VLOOKUP($B11,$R$3:$X$9,3,FALSE) -> 12 | U11: =VLOOKUP($B11,$R$3:$X$9,4,FALSE) -> 0 | V11: =VLOOKUP($B11,$R$3:$X$9,5,FALSE) -> 0.11805556 | W11: =VLOOKUP($B11,$R$3:$X$9,6,FALSE) -> 0.22569444 | X11: =VLOOKUP($B11,$R$3:$X$9,7,FALSE) -> 0.26388889 | Y11: =VLOOKUP($B11,$R$3:$Z$9,8,FALSE) -> 0 | Z11: =VLOOKUP($B11,$R$3:$Z$9,9,FALSE) -> 60
B12: CARIB | C12: =[3]Brewhouse!$A730 -> CA681 | D12: =[3]Brewhouse!$AF730 -> 49.1 | E12: =[3]Brewhouse!$AI730 -> 51.2 | F12: =[3]Brewhouse!$V730 -> 64 | G12: =[3]Brewhouse!AG730 -> 11.3 | H12: 11.3 | I12: =[3]Brewhouse!$AU730 -> 97.093447 | J12: =[3]Brewhouse!$AV730 -> 98.638746 | K12: =[3]Brewhouse!$Q730 -> 10.407407 | L12: =[3]Brewhouse!$P730 -> 60 | M12: =[3]Brewhouse!$U730-[3]Brewhouse!$T730 -> 0.12291667 | N12: =[3]Brewhouse!$Z730 -> 0.27361111 | O12: =[3]Brewhouse!$AX730 -> R. Regis | R12: =B12 -> CARIB | S12: =VLOOKUP($B12,$R$3:$X$9,2,FALSE) -> 11.6 | T12: =VLOOKUP($B12,$R$3:$X$9,3,FALSE) -> 12 | U12: =VLOOKUP($B12,$R$3:$X$9,4,FALSE) -> 0 | V12: =VLOOKUP($B12,$R$3:$X$9,5,FALSE) -> 0.11805556 | W12: =VLOOKUP($B12,$R$3:$X$9,6,FALSE) -> 0.22569444 | X12: =VLOOKUP($B12,$R$3:$X$9,7,FALSE) -> 0.26388889 | Y12: =VLOOKUP($B12,$R$3:$Z$9,8,FALSE) -> 0 | Z12: =VLOOKUP($B12,$R$3:$Z$9,9,FALSE) -> 60
B13: CARIB | C13: =[3]Brewhouse!$A731 -> CA682 | D13: =[3]Brewhouse!$AF731 -> 50.8 | E13: =[3]Brewhouse!$AI731 -> 51.4 | F13: =[3]Brewhouse!$V731 -> 63 | G13: =[3]Brewhouse!AG731 -> 12.5 | H13: 12.3 | I13: =[3]Brewhouse!$AU731 -> 108.52324 | J13: =[3]Brewhouse!$AV731 -> 110.25034 | K13: =[3]Brewhouse!$Q731 -> 7.2592593 | L13: =[3]Brewhouse!$P731 -> 60 | M13: =[3]Brewhouse!$U731-[3]Brewhouse!$T731 -> 0.13541667 | N13: =[3]Brewhouse!$Z731 -> 0.29861111 | O13: =[3]Brewhouse!$AX731 -> K. Benjamin | R13: =B13 -> CARIB | S13: =VLOOKUP($B13,$R$3:$X$9,2,FALSE) -> 11.6 | T13: =VLOOKUP($B13,$R$3:$X$9,3,FALSE) -> 12 | U13: =VLOOKUP($B13,$R$3:$X$9,4,FALSE) -> 0 | V13: =VLOOKUP($B13,$R$3:$X$9,5,FALSE) -> 0.11805556 | W13: =VLOOKUP($B13,$R$3:$X$9,6,FALSE) -> 0.22569444 | X13: =VLOOKUP($B13,$R$3:$X$9,7,FALSE) -> 0.26388889 | Y13: =VLOOKUP($B13,$R$3:$Z$9,8,FALSE) -> 0 | Z13: =VLOOKUP($B13,$R$3:$Z$9,9,FALSE) -> 60
B14: CARIB | C14: =[3]Brewhouse!$A732 -> CA683 | D14: =[3]Brewhouse!$AF732 -> 48.5 | E14: =[3]Brewhouse!$AI732 -> 49.4 | F14: =[3]Brewhouse!$V732 -> 60 | G14: =[3]Brewhouse!AG732 -> 11.6 | H14: 11.7 | I14: =[3]Brewhouse!$AU732 -> 96.180188 | J14: =[3]Brewhouse!$AV732 -> 97.711056 | K14: =[3]Brewhouse!$Q732 -> 11.518519 | L14: =[3]Brewhouse!$P732 -> 61 | M14: =[3]Brewhouse!$U732-[3]Brewhouse!$T732 -> 0.12361111 | N14: =[3]Brewhouse!$Z732 -> 0.26111111 | O14: =[3]Brewhouse!$AX732 -> K. Benjamin | R14: =B14 -> CARIB | S14: =VLOOKUP($B14,$R$3:$X$9,2,FALSE) -> 11.6 | T14: =VLOOKUP($B14,$R$3:$X$9,3,FALSE) -> 12 | U14: =VLOOKUP($B14,$R$3:$X$9,4,FALSE) -> 0 | V14: =VLOOKUP($B14,$R$3:$X$9,5,FALSE) -> 0.11805556 | W14: =VLOOKUP($B14,$R$3:$X$9,6,FALSE) -> 0.22569444 | X14: =VLOOKUP($B14,$R$3:$X$9,7,FALSE) -> 0.26388889 | Y14: =VLOOKUP($B14,$R$3:$Z$9,8,FALSE) -> 0 | Z14: =VLOOKUP($B14,$R$3:$Z$9,9,FALSE) -> 60
B15: CARIB | C15: =[3]Brewhouse!$A733 -> CA684 | D15: =[3]Brewhouse!$AF733 -> 48.8 | E15: =[3]Brewhouse!$AI733 -> 49.3 | F15: =[3]Brewhouse!$V733 -> 57 | G15: =[3]Brewhouse!AG733 -> 11.7 | H15: 11.7 | I15: =[3]Brewhouse!$AU733 -> 97.102482 | J15: =[3]Brewhouse!$AV733 -> 98.647818 | K15: =[3]Brewhouse!$Q733 -> 11.127542 | L15: =[3]Brewhouse!$P733 -> 61 | M15: =[3]Brewhouse!$U733-[3]Brewhouse!$T733 -> 0.11458333 | N15: =[3]Brewhouse!$Z733 -> 0.27986111 | O15: =[3]Brewhouse!$AX733 -> K. Benjamin | R15: =B15 -> CARIB | S15: =VLOOKUP($B15,$R$3:$X$9,2,FALSE) -> 11.6 | T15: =VLOOKUP($B15,$R$3:$X$9,3,FALSE) -> 12 | U15: =VLOOKUP($B15,$R$3:$X$9,4,FALSE) -> 0 | V15: =VLOOKUP($B15,$R$3:$X$9,5,FALSE) -> 0.11805556 | W15: =VLOOKUP($B15,$R$3:$X$9,6,FALSE) -> 0.22569444 | X15: =VLOOKUP($B15,$R$3:$X$9,7,FALSE) -> 0.26388889 | Y15: =VLOOKUP($B15,$R$3:$Z$9,8,FALSE) -> 0 | Z15: =VLOOKUP($B15,$R$3:$Z$9,9,FALSE) -> 60
B16: 46276
B17: CARIB | C17: =[3]Brewhouse!$A734 -> CA685 | D17: =[3]Brewhouse!$AF734 -> 49.1 | E17: =[3]Brewhouse!$AI734 -> 49.4 | F17: =[3]Brewhouse!$V734 -> 56 | G17: =[3]Brewhouse!AG734 -> 11.8 | H17: 11.8 | I17: =[3]Brewhouse!$AU734 -> 98.174582 | J17: =[3]Brewhouse!$AV734 -> 99.736981 | K17: =[3]Brewhouse!$Q734 -> 10.573013 | L17: =[3]Brewhouse!$P734 -> 59 | M17: =[3]Brewhouse!$U734-[3]Brewhouse!$T734 -> 0.11736111 | N17: =[3]Brewhouse!$Z734 -> 0.27708333 | O17: =[3]Brewhouse!$AX734 -> R. Regis | R17: =B17 -> CARIB | S17: =VLOOKUP($B17,$R$3:$X$9,2,FALSE) -> 11.6 | T17: =VLOOKUP($B17,$R$3:$X$9,3,FALSE) -> 12 | U17: =VLOOKUP($B17,$R$3:$X$9,4,FALSE) -> 0 | V17: =VLOOKUP($B17,$R$3:$X$9,5,FALSE) -> 0.11805556 | W17: =VLOOKUP($B17,$R$3:$X$9,6,FALSE) -> 0.22569444 | X17: =VLOOKUP($B17,$R$3:$X$9,7,FALSE) -> 0.26388889 | Y17: =VLOOKUP($B17,$R$3:$Z$9,8,FALSE) -> 0 | Z17: =VLOOKUP($B17,$R$3:$Z$9,9,FALSE) -> 60
R18: =B18 -> 0 | S18: =VLOOKUP($B18,$R$3:$X$9,2,FALSE) -> #N/A | T18: =VLOOKUP($B18,$R$3:$X$9,3,FALSE) -> #N/A | U18: =VLOOKUP($B18,$R$3:$X$9,4,FALSE) -> #N/A | V18: =VLOOKUP($B18,$R$3:$X$9,5,FALSE) -> #N/A | W18: =VLOOKUP($B18,$R$3:$X$9,6,FALSE) -> #N/A | X18: =VLOOKUP($B18,$R$3:$X$9,7,FALSE) -> #N/A | Y18: =VLOOKUP($B18,$R$3:$Z$9,8,FALSE) -> #N/A | Z18: =VLOOKUP($B18,$R$3:$Z$9,9,FALSE) -> #N/A
R19: =B19 -> 0 | S19: =VLOOKUP($B19,$R$3:$X$9,2,FALSE) -> #N/A | T19: =VLOOKUP($B19,$R$3:$X$9,3,FALSE) -> #N/A | U19: =VLOOKUP($B19,$R$3:$X$9,4,FALSE) -> #N/A | V19: =VLOOKUP($B19,$R$3:$X$9,5,FALSE) -> #N/A | W19: =VLOOKUP($B19,$R$3:$X$9,6,FALSE) -> #N/A | X19: =VLOOKUP($B19,$R$3:$X$9,7,FALSE) -> #N/A | Y19: =VLOOKUP($B19,$R$3:$Z$9,8,FALSE) -> #N/A | Z19: =VLOOKUP($B19,$R$3:$Z$9,9,FALSE) -> #N/A
R20: =B20 -> 0 | S20: =VLOOKUP($B20,$R$3:$X$9,2,FALSE) -> #N/A | T20: =VLOOKUP($B20,$R$3:$X$9,3,FALSE) -> #N/A | U20: =VLOOKUP($B20,$R$3:$X$9,4,FALSE) -> #N/A | V20: =VLOOKUP($B20,$R$3:$X$9,5,FALSE) -> #N/A | W20: =VLOOKUP($B20,$R$3:$X$9,6,FALSE) -> #N/A | X20: =VLOOKUP($B20,$R$3:$X$9,7,FALSE) -> #N/A | Y20: =VLOOKUP($B20,$R$3:$Z$9,8,FALSE) -> #N/A | Z20: =VLOOKUP($B20,$R$3:$Z$9,9,FALSE) -> #N/A
R21: =B21 -> 0 | S21: =VLOOKUP($B21,$R$3:$X$9,2,FALSE) -> #N/A | T21: =VLOOKUP($B21,$R$3:$X$9,3,FALSE) -> #N/A | U21: =VLOOKUP($B21,$R$3:$X$9,4,FALSE) -> #N/A | V21: =VLOOKUP($B21,$R$3:$X$9,5,FALSE) -> #N/A | W21: =VLOOKUP($B21,$R$3:$X$9,6,FALSE) -> #N/A | X21: =VLOOKUP($B21,$R$3:$X$9,7,FALSE) -> #N/A | Y21: =VLOOKUP($B21,$R$3:$Z$9,8,FALSE) -> #N/A | Z21: =VLOOKUP($B21,$R$3:$Z$9,9,FALSE) -> #N/A
R22: =B22 -> 0 | S22: =VLOOKUP($B22,$R$3:$X$9,2,FALSE) -> #N/A | T22: =VLOOKUP($B22,$R$3:$X$9,3,FALSE) -> #N/A | U22: =VLOOKUP($B22,$R$3:$X$9,4,FALSE) -> #N/A | V22: =VLOOKUP($B22,$R$3:$X$9,5,FALSE) -> #N/A | W22: =VLOOKUP($B22,$R$3:$X$9,6,FALSE) -> #N/A | X22: =VLOOKUP($B22,$R$3:$X$9,7,FALSE) -> #N/A | Y22: =VLOOKUP($B22,$R$3:$Z$9,8,FALSE) -> #N/A | Z22: =VLOOKUP($B22,$R$3:$Z$9,9,FALSE) -> #N/A
R23: =B23 -> 0 | S23: =VLOOKUP($B23,$R$3:$X$9,2,FALSE) -> #N/A | T23: =VLOOKUP($B23,$R$3:$X$9,3,FALSE) -> #N/A | U23: =VLOOKUP($B23,$R$3:$X$9,4,FALSE) -> #N/A | V23: =VLOOKUP($B23,$R$3:$X$9,5,FALSE) -> #N/A | W23: =VLOOKUP($B23,$R$3:$X$9,6,FALSE) -> #N/A | X23: =VLOOKUP($B23,$R$3:$X$9,7,FALSE) -> #N/A | Y23: =VLOOKUP($B23,$R$3:$Z$9,8,FALSE) -> #N/A | Z23: =VLOOKUP($B23,$R$3:$Z$9,9,FALSE) -> #N/A
B24: BRAND | D24: BBT P.G./ O.G | I24: Brand | K24: MTD No. of Brews | L24: MTD | M24: YTD | N24: Target | R24: =B24 -> BRAND | S24: =VLOOKUP($B24,$R$3:$X$9,2,FALSE) -> #N/A | T24: =VLOOKUP($B24,$R$3:$X$9,3,FALSE) -> #N/A | U24: =VLOOKUP($B24,$R$3:$X$9,4,FALSE) -> #N/A | V24: =VLOOKUP($B24,$R$3:$X$9,5,FALSE) -> #N/A | W24: =VLOOKUP($B24,$R$3:$X$9,6,FALSE) -> #N/A | X24: =VLOOKUP($B24,$R$3:$X$9,7,FALSE) -> #N/A | Y24: =VLOOKUP($B24,$R$3:$Z$9,8,FALSE) -> #N/A | Z24: =VLOOKUP($B24,$R$3:$Z$9,9,FALSE) -> #N/A
I25: CARIB | J25: =AVERAGE(I10:I17) -> 99.250542 | K25: =COUNTA([3]Brewhouse!$A$696:$A$734) -> 39 | L25: =AVERAGE([3]Brewhouse!$AU$696:$AU$734) -> 98.737918 | M25: =AVERAGE([3]Brewhouse!$AU$42:$AU$123,[3]Brewhouse!$AU$125:$AU$188,[3]Brewhouse!$AU$198:$AU$290,[3]Brewhouse!$AU$292:$AU$370,[3]Brewhouse!$AU$372:$AU$439,[3]Brewhouse!$AU$441:$AU$497,[3]Brewhouse!$AU$499:$AU$519,[3]Brewhouse!$AU$521:$AU$593,[3]Brewhouse!$AU$595:$AU$734) -> 98.311976 | N25: 98 | R25: =B25 -> 0 | S25: =VLOOKUP($B25,$R$3:$X$9,2,FALSE) -> #N/A | T25: =VLOOKUP($B25,$R$3:$X$9,3,FALSE) -> #N/A | U25: =VLOOKUP($B25,$R$3:$X$9,4,FALSE) -> #N/A | V25: =VLOOKUP($B25,$R$3:$X$9,5,FALSE) -> #N/A | W25: =VLOOKUP($B25,$R$3:$X$9,6,FALSE) -> #N/A | X25: =VLOOKUP($B25,$R$3:$X$9,7,FALSE) -> #N/A | Y25: =VLOOKUP($B25,$R$3:$Z$9,8,FALSE) -> #N/A | Z25: =VLOOKUP($B25,$R$3:$Z$9,9,FALSE) -> #N/A
I26: STAG | K26: =COUNTA([4]Brewhouse!$A$363:$A$372) -> 10 | L26: =AVERAGE([4]Brewhouse!$AS$363:$AS$372) -> 100.50072 | M26: =AVERAGE([4]Brewhouse!$AS$52:$AS$81,[4]Brewhouse!$AS$83:$AS$124,[4]Brewhouse!$AS$134:$AS$177,[4]Brewhouse!$AS$22:$AS$179,[4]Brewhouse!$AS$214:$AS$249,[4]Brewhouse!$AS$252:$AS$293,[4]Brewhouse!$AS$295:$AS$325,[4]Brewhouse!$AS$327:$AS$361,[4]Brewhouse!$AS$363:$AS$372) -> 98.292485 | N26: 98 | R26: =B26 -> 0 | S26: =VLOOKUP($B26,$R$3:$X$9,2,FALSE) -> #N/A | T26: =VLOOKUP($B26,$R$3:$X$9,3,FALSE) -> #N/A | U26: =VLOOKUP($B26,$R$3:$X$9,4,FALSE) -> #N/A | V26: =VLOOKUP($B26,$R$3:$X$9,5,FALSE) -> #N/A | W26: =VLOOKUP($B26,$R$3:$X$9,6,FALSE) -> #N/A | X26: =VLOOKUP($B26,$R$3:$X$9,7,FALSE) -> #N/A | Y26: =VLOOKUP($B26,$R$3:$Z$9,8,FALSE) -> #N/A | Z26: =VLOOKUP($B26,$R$3:$Z$9,9,FALSE) -> #N/A
I27: GUINNESS | M27: =AVERAGE([5]Brewhouse!$AU$16:$AU$23,[5]Brewhouse!$AU$25:$AU$32,[5]Brewhouse!$AU$34:$AU$41,[5]Brewhouse!$AU$43:$AU$60,[5]Brewhouse!$AU$62:$AU$69,[5]Brewhouse!$AU$71:$AU$88,[5]Brewhouse!$AU$90:$AU$97) -> 96.502171 | N27: 98 | R27: =B27 -> 0 | S27: =VLOOKUP($B27,$R$3:$X$9,2,FALSE) -> #N/A | T27: =VLOOKUP($B27,$R$3:$X$9,3,FALSE) -> #N/A | U27: =VLOOKUP($B27,$R$3:$X$9,4,FALSE) -> #N/A | V27: =VLOOKUP($B27,$R$3:$X$9,5,FALSE) -> #N/A | W27: =VLOOKUP($B27,$R$3:$X$9,6,FALSE) -> #N/A | X27: =VLOOKUP($B27,$R$3:$X$9,7,FALSE) -> #N/A | Y27: =VLOOKUP($B27,$R$3:$Z$9,8,FALSE) -> #N/A | Z27: =VLOOKUP($B27,$R$3:$Z$9,9,FALSE) -> #N/A
I28: VITAMALT | M28: =AVERAGE([6]Brewhouse!$AV$23:$AV$34,[6]Brewhouse!$AV$36,[6]Brewhouse!$AV$38:$AV$52,[6]Brewhouse!$AV$54:$AV$60,[6]Brewhouse!$AV$62:$AV$69,[6]Brewhouse!$AV$71:$AV$78,[6]Brewhouse!$AV$80:$AV$87,[6]Brewhouse!$AV$89:$AV$96) -> 97.559547 | N28: 98 | R28: =B28 -> 0 | S28: =VLOOKUP($B28,$R$3:$X$9,2,FALSE) -> #N/A | T28: =VLOOKUP($B28,$R$3:$X$9,3,FALSE) -> #N/A | U28: =VLOOKUP($B28,$R$3:$X$9,4,FALSE) -> #N/A | V28: =VLOOKUP($B28,$R$3:$X$9,5,FALSE) -> #N/A | W28: =VLOOKUP($B28,$R$3:$X$9,6,FALSE) -> #N/A | X28: =VLOOKUP($B28,$R$3:$X$9,7,FALSE) -> #N/A | Y28: =VLOOKUP($B28,$R$3:$Z$9,8,FALSE) -> #N/A | Z28: =VLOOKUP($B28,$R$3:$Z$9,9,FALSE) -> #N/A
I29: MAXIMALT | N29: 98 | R29: =B29 -> 0 | S29: =VLOOKUP($B29,$R$3:$X$9,2,FALSE) -> #N/A | T29: =VLOOKUP($B29,$R$3:$X$9,3,FALSE) -> #N/A | U29: =VLOOKUP($B29,$R$3:$X$9,4,FALSE) -> #N/A | V29: =VLOOKUP($B29,$R$3:$X$9,5,FALSE) -> #N/A | W29: =VLOOKUP($B29,$R$3:$X$9,6,FALSE) -> #N/A | X29: =VLOOKUP($B29,$R$3:$X$9,7,FALSE) -> #N/A | Y29: =VLOOKUP($B29,$R$3:$Z$9,8,FALSE) -> #N/A | Z29: =VLOOKUP($B29,$R$3:$Z$9,9,FALSE) -> #N/A
I30: MACKESON | K30: =COUNTA([7]Brewhouse!$A$23:$A$30) -> 8 | L30: =AVERAGE([7]Brewhouse!$AT$23:$AT$30) -> 96.065915 | M30: =AVERAGE([7]Brewhouse!$AT$4:$AT$11,[7]Brewhouse!$AT$13:$AT$16,[7]Brewhouse!$AT$18:$AT$30) -> 93.222628 | N30: 98 | R30: =B30 -> 0 | S30: =VLOOKUP($B30,$R$3:$X$9,2,FALSE) -> #N/A | T30: =VLOOKUP($B30,$R$3:$X$9,3,FALSE) -> #N/A | U30: =VLOOKUP($B30,$R$3:$X$9,4,FALSE) -> #N/A | V30: =VLOOKUP($B30,$R$3:$X$9,5,FALSE) -> #N/A | W30: =VLOOKUP($B30,$R$3:$X$9,6,FALSE) -> #N/A | X30: =VLOOKUP($B30,$R$3:$X$9,7,FALSE) -> #N/A | Y30: =VLOOKUP($B30,$R$3:$Z$9,8,FALSE) -> #N/A | Z30: =VLOOKUP($B30,$R$3:$Z$9,9,FALSE) -> #N/A
I31: STARMALT | M31: =AVERAGE([8]Brewhouse!$AY$5:$AY$14,[8]Brewhouse!$AY$16:$AY$23,[8]Brewhouse!$AY$42,[8]Brewhouse!$AY$44:$AY$51,[8]Brewhouse!$AY$53:$AY$64,[8]Brewhouse!$AY$66:$AY$73,[8]Brewhouse!$AY$75:$AY$82,[8]Brewhouse!$AY$84:$AY$101) -> 97.78466 | N31: 98 | R31: =B31 -> 0 | S31: =VLOOKUP($B31,$R$3:$X$9,2,FALSE) -> #N/A | T31: =VLOOKUP($B31,$R$3:$X$9,3,FALSE) -> #N/A | U31: =VLOOKUP($B31,$R$3:$X$9,4,FALSE) -> #N/A | V31: =VLOOKUP($B31,$R$3:$X$9,5,FALSE) -> #N/A | W31: =VLOOKUP($B31,$R$3:$X$9,6,FALSE) -> #N/A | X31: =VLOOKUP($B31,$R$3:$X$9,7,FALSE) -> #N/A | Y31: =VLOOKUP($B31,$R$3:$Z$9,8,FALSE) -> #N/A | Z31: =VLOOKUP($B31,$R$3:$Z$9,9,FALSE) -> #N/A
I32: HR- Pils | N32: 98 | R32: =B32 -> 0 | S32: =VLOOKUP($B32,$R$3:$X$9,2,FALSE) -> #N/A | T32: =VLOOKUP($B32,$R$3:$X$9,3,FALSE) -> #N/A | U32: =VLOOKUP($B32,$R$3:$X$9,4,FALSE) -> #N/A | V32: =VLOOKUP($B32,$R$3:$X$9,5,FALSE) -> #N/A | W32: =VLOOKUP($B32,$R$3:$X$9,6,FALSE) -> #N/A | X32: =VLOOKUP($B32,$R$3:$X$9,7,FALSE) -> #N/A | Y32: =VLOOKUP($B32,$R$3:$Z$9,8,FALSE) -> #N/A | Z32: =VLOOKUP($B32,$R$3:$Z$9,9,FALSE) -> #N/A
I33: HR- IPA | N33: 98 | R33: =B33 -> 0 | S33: =VLOOKUP($B33,$R$3:$X$9,2,FALSE) -> #N/A | T33: =VLOOKUP($B33,$R$3:$X$9,3,FALSE) -> #N/A | U33: =VLOOKUP($B33,$R$3:$X$9,4,FALSE) -> #N/A | V33: =VLOOKUP($B33,$R$3:$X$9,5,FALSE) -> #N/A | W33: =VLOOKUP($B33,$R$3:$X$9,6,FALSE) -> #N/A | X33: =VLOOKUP($B33,$R$3:$X$9,7,FALSE) -> #N/A | Y33: =VLOOKUP($B33,$R$3:$Z$9,8,FALSE) -> #N/A | Z33: =VLOOKUP($B33,$R$3:$Z$9,9,FALSE) -> #N/A
I34: HR- APA | N34: 98 | R34: =B34 -> 0 | S34: =VLOOKUP($B34,$R$3:$X$9,2,FALSE) -> #N/A | T34: =VLOOKUP($B34,$R$3:$X$9,3,FALSE) -> #N/A | U34: =VLOOKUP($B34,$R$3:$X$9,4,FALSE) -> #N/A | V34: =VLOOKUP($B34,$R$3:$X$9,5,FALSE) -> #N/A | W34: =VLOOKUP($B34,$R$3:$X$9,6,FALSE) -> #N/A | X34: =VLOOKUP($B34,$R$3:$X$9,7,FALSE) -> #N/A | Y34: =VLOOKUP($B34,$R$3:$Z$9,8,FALSE) -> #N/A | Z34: =VLOOKUP($B34,$R$3:$Z$9,9,FALSE) -> #N/A
K35: =SUM(K25:K34) -> 57 | L35: =((L25*K25)+(L26*K26)+(L27*K27)+(L28*K28)+(L29*K29)+(K32*L32)+(L30*K30)+(L31*K31)+(L34*K34))/(K35) -> 98.672163 | M35: =AVERAGE('[9]Jan30th-31st'!$L$42,'[10]Feb 27th-28th'!$L$45,'[11]Mar 31st'!$L$42,'[12]Apr 30th'!$L$41,'[13]May 29th '!$L$35,'[14]June 30th'!$L$32,[15]July31st!$L$36,'[16]Aug 31st'!$L$32,L35) -> 98.069498 | N35: 98 | R35: =B35 -> 0 | S35: =VLOOKUP($B35,$R$3:$X$9,2,FALSE) -> #N/A | T35: =VLOOKUP($B35,$R$3:$X$9,3,FALSE) -> #N/A | U35: =VLOOKUP($B35,$R$3:$X$9,4,FALSE) -> #N/A | V35: =VLOOKUP($B35,$R$3:$X$9,5,FALSE) -> #N/A | W35: =VLOOKUP($B35,$R$3:$X$9,6,FALSE) -> #N/A | X35: =VLOOKUP($B35,$R$3:$X$9,7,FALSE) -> #N/A | Y35: =VLOOKUP($B35,$R$3:$Z$9,8,FALSE) -> #N/A | Z35: =VLOOKUP($B35,$R$3:$Z$9,9,FALSE) -> #N/A
R36: =B36 -> 0 | S36: =VLOOKUP($B36,$R$3:$X$9,2,FALSE) -> #N/A | T36: =VLOOKUP($B36,$R$3:$X$9,3,FALSE) -> #N/A | U36: =VLOOKUP($B36,$R$3:$X$9,4,FALSE) -> #N/A | V36: =VLOOKUP($B36,$R$3:$X$9,5,FALSE) -> #N/A | W36: =VLOOKUP($B36,$R$3:$X$9,6,FALSE) -> #N/A | X36: =VLOOKUP($B36,$R$3:$X$9,7,FALSE) -> #N/A | Y36: =VLOOKUP($B36,$R$3:$Z$9,8,FALSE) -> #N/A | Z36: =VLOOKUP($B36,$R$3:$Z$9,9,FALSE) -> #N/A
J37: Daily Brewing Plan
J38: Brand | L38: Average Brews per day
J39: CARIB | K39: 6 | L39: MTD | M39: YTD | N39: TARGET
J40: STAG | L40: =AVERAGE('Sept 1st'!K45,'Sept 2nd'!K47,'Sept 3rd'!K44,'Sept 4th'!K46,'Sept 7th'!K48,'Sept 8th'!K48,'Sept 9th'!K50,K49) -> 7 | M40: =AVERAGE('[9]Jan30th-31st'!$L$47,L40,'[10]Feb 26th '!$L$39,'[11]Mar 31st'!$L$47,'[12]Apr 30th'!$L$46,'[13]May 29th '!$L$40,'[14]June 30th'!$L$39,[15]July31st!$L$41,'[16]Aug 31st'!$L$37) -> 6.515567 | N40: 9.2
J41: GUINN
J42: VITAMALT
J43: STARMALT
J44: MACKESON
J45: HURRICANE REEF- IPA
J46: HURRICANE REEF- APA
B47: AVERAGE | J47: HR- PILSNER
J48: CARIBE
J49: Total | K49: =SUM(K39:K48) -> 6
B50: Process: | C50: Fermentation/Filtration
B52: Brand | C52: Filt. Date | D52: FV Hls | E52: GFE/ Prim/ Vita Blend (Hls) | F52: SV Hls | G52: BBT Hls | H52: Loss (%) Ferm | I52: Loss (%) Filt | J52: Comments | K52: Throughput | L52: Process Loss (%) | M52: Filt. Operator
AB53: 43474 | AC53: 43475 | AD53: 43476 | AE53: 43477 | AF53: 43478 | AG53: 43479 | AH53: 43480 | AI53: 43481 | AJ53: 43482 | AK53: 43483 | AL53: 43484 | AM53: 43485 | AN53: 43486 | AO53: 43487 | AP53: 43488 | AQ53: 43489 | AR53: 43490 | AS53: 43491 | AT53: 43492 | AU53: 43493 | AV53: 43494 | AW53: 43495 | AX53: 43496
B54: =J39 -> CARIB | C54: 46275 | D54: =[17]September_2026!$M$3 -> 117.1 | G54: =[17]September_2026!$M$7 -> 109 | J54: 1 SBF | K54: =[18]September_2026!$M$18 -> 0.19122807 | L54: =(((D54+E54)-G54)/(D54+E54))*100 -> 6.9171648 | M54: D. Emery | AB54: =[19]January_2019!L5 -> 0 | AC54: =[19]January_2019!M5 -> 0 | AD54: =[19]January_2019!N5 -> 0 | AE54: =[19]January_2019!O5 -> 0 | AF54: =[19]January_2019!P5 -> 0 | AG54: =[19]January_2019!Q5 -> 0 | AH54: =[19]January_2019!R5 -> 0 | AI54: =[19]January_2019!S5 -> 0 | ... AX54: =[19]January_2019!AH5 -> 0
AB55: =[19]January_2019!L6 -> 0 | AC55: =[19]January_2019!M6 -> 0 | AD55: =[19]January_2019!N6 -> 0 | AE55: =[19]January_2019!O6 -> 0 | AF55: =[19]January_2019!P6 -> 0 | AG55: =[19]January_2019!Q6 -> 0 | AH55: =[19]January_2019!R6 -> 0 | AI55: =[19]January_2019!S6 -> 0 | ... AX55: =[19]January_2019!AH6 -> 0
AB56: =[19]January_2019!L7 -> 285.8 | AC56: =[19]January_2019!M7 -> 508.1 | AD56: =[19]January_2019!N7 -> 0 | AE56: =[19]January_2019!O7 -> 0 | AF56: =[19]January_2019!P7 -> 109.56667 | AG56: =[19]January_2019!Q7 -> 297.65 | AH56: =[19]January_2019!R7 -> 122.3 | AI56: =[19]January_2019!S7 -> 0 | ... AX56: =[19]January_2019!AH7 -> 0
B65: Process Loss (Volume) | G65: Process Loss (Extract) | K65: Throughput
B66: Brand | C66: Actual | D66: MTD | E66: YTD | F66: Target | G66: Actual | H66: MTD | I66: YTD | J66: Target | L66: MTD | M66: YTD | N66: Target
B67: CARIB | C67: =AVERAGE(L54,L56) -> 6.9171648 | D67: 7.1683223 | E67: 6.5664759 | F67: 4.8 | G67: =[17]September_2026!$M$11 -> 7.2894962 | H67: 6.6712242 | I67: 6.6530949 | J67: 4.8 | K67: =AVERAGE(K54,K56) -> 0.19122807 | L67: 0.62401504 | M67: 0.53270208 | N67: 1
B68: STAG | D68: 8.6363636 | E68: 5.8721053 | F68: 4.8 | H68: 7.5248839 | I68: 5.9880522 | J68: 4.8 | L68: 0.31736842 | M68: 0.68971318 | N68: 1
B69: GUINN | E69: 11.277593 | F69: 5.5 | I69: 11.857908 | J69: 5.5 | M69: 0.3537019 | N69: 1
B70: VITAMALT | E70: 4.8685538 | F70: 3.3 | I70: 4.8702525 | J70: 3.3 | M70: 0.77919298 | N70: 1
B71: APA | F71: 3.3 | J71: 3 | N71: 1
B72: MACKESON | E72: 6.0400198 | F72: 5.5 | I72: 8.2405788 | J72: 5.5 | M72: 0.78491228 | N72: 1
B73: STARMALT | E73: 3.6168923 | F73: 3.3 | I73: 5.009118 | J73: 3.3 | M73: 0.926423 | N73: 1
B74: IPA | F74: 7.5 | J74: 7.5 | N74: 1
B75: HURRICANE REEF PILS | F75: 4.8 | J75: 4.8 | N75: 1
D76: 7.4087092 | E76: 6.3744787 | F76: 5.5 | H76: 6.8108806 | I76: 6.6977197 | J76: 5.5 | L76: 0.58568421 | M76: 0.59779007 | N76: 1

Sheet Sept 11th 
S1: P.G. | U1: Hot Time | W1: Process Time | Y1: Cooling Time
B2: Brewing Department Daily Process Loss Report | S2: Lower | T2: Upper | U2: Lower | V2: Upper | W2: Lower | X2: Upper | Y2: Lower | Z2: Upper
R3: CARIB | S3: 11.6 | T3: 12 | U3: 0 | V3: 0.11805556 | W3: 0.22569444 | X3: 0.26388889 | Y3: 0 | Z3: 60 | AB3: HR- PISNER
B4: Date: | C4: 46279 | J4: LOT WORT COLOUR: 3.4 | M4: Filter Sheets (Target 20 days) | R4: STAG | S4: 11.6 | T4: 12 | U4: 0 | V4: 0.11805556 | W4: 0.22569444 | X4: 0.26388889 | Y4: 0 | Z4: 60
M5: Double | N5: Single | R5: GUINNESS | S5: 17 | T5: 17.5 | U5: 0 | V5: 0.10763889 | W5: 0.24652778 | X5: 0.28472222 | Y5: 0 | Z5: 60
J6: MALT LOT: Lot #15 | L6: Sheet Day | R6: MACKESON | S6: 13.3 | T6: 13.5 | U6: 0 | V6: 0.12905093 | W6: 0.27430556 | X6: 0.30208333 | Y6: 0
R7: STARMALT | S7: 17 | T7: 17.4 | U7: 0 | V7: 0.13605324 | W7: 0.27430556 | X7: 0.30902778 | Y7: 0 | Z7: 85
B8: Brand | C8: Brew no. | D8: Kett. Hls | E8: Wort | F8: Cool Time(Mins) | G8: Cast. P.G. (Lab Result) | H8: Cast P.G. (Cellar Operator)-gravity | I8: Extr. Rec (78%) | J8: Theor. Extr. (77.5%) | K8: Boil Off /Vol. (4-6%) | L8: Boil Time | M8: Total Hot | N8: Brewing Time | O8: Operator | R8: Hurricane Reef | S8: 16.6 | T8: 17 | U8: 0 | V8: 0.12905093 | W8: 0.27430556 | X8: 0.30208333 | Y8: 0
E9: Meter (Hls) | F9: Target(< 60Mins) | M9: Time | R9: VITAMALT | S9: 14.2 | T9: 14.6 | U9: 0 | V9: 0.13905093 | W9: 0.26041667 | X9: 0.29513889 | Y9: 0 | Z9: 75
B10: CARIB | C10: =[3]Brewhouse!$A734 -> CA685 | D10: =[3]Brewhouse!$AF734 -> 49.1 | E10: =[3]Brewhouse!$AI734 -> 49.4 | F10: =[3]Brewhouse!$V734 -> 56 | G10: =[3]Brewhouse!AG734 -> 11.8 | H10: 11.8 | I10: =[3]Brewhouse!$AU734 -> 98.174582 | J10: =[3]Brewhouse!$AV734 -> 99.736981 | K10: =[3]Brewhouse!$Q734 -> 10.573013 | L10: =[3]Brewhouse!$P734 -> 59 | M10: =[3]Brewhouse!$U734-[3]Brewhouse!$T734 -> 0.11736111 | N10: =[3]Brewhouse!$Z734 -> 0.27708333 | O10: =[3]Brewhouse!$AX734 -> R. Regis | R10: =B10 -> CARIB | S10: =VLOOKUP($B10,$R$3:$X$9,2,FALSE) -> 11.6 | T10: =VLOOKUP($B10,$R$3:$X$9,3,FALSE) -> 12 | U10: =VLOOKUP($B10,$R$3:$X$9,4,FALSE) -> 0 | V10: =VLOOKUP($B10,$R$3:$X$9,5,FALSE) -> 0.11805556 | W10: =VLOOKUP($B10,$R$3:$X$9,6,FALSE) -> 0.22569444 | X10: =VLOOKUP($B10,$R$3:$X$9,7,FALSE) -> 0.26388889 | Y10: =VLOOKUP($B10,$R$3:$Z$9,8,FALSE) -> 0 | Z10: =VLOOKUP($B10,$R$3:$Z$9,9,FALSE) -> 60
B11: CARIB | C11: =[3]Brewhouse!$A735 -> CA686 | D11: =[3]Brewhouse!$AF735 -> 50.3 | E11: =[3]Brewhouse!$AI735 -> 50.7 | F11: =[3]Brewhouse!$V735 -> 63 | G11: =[3]Brewhouse!AG735 -> 11.5 | H11: 11.6 | I11: =[3]Brewhouse!$AU735 -> 98.188228 | J11: =[3]Brewhouse!$AV735 -> 99.750735 | K11: =[3]Brewhouse!$Q735 -> 8.3548983 | L11: =[3]Brewhouse!$P735 -> 62 | M11: =[3]Brewhouse!$U735-[3]Brewhouse!$T735 -> 0.14166667 | N11: =[3]Brewhouse!$Z735 -> 0.29652778 | O11: =[3]Brewhouse!$AX735 -> R. Regis | R11: =B11 -> CARIB | S11: =VLOOKUP($B11,$R$3:$X$9,2,FALSE) -> 11.6 | T11: =VLOOKUP($B11,$R$3:$X$9,3,FALSE) -> 12 | U11: =VLOOKUP($B11,$R$3:$X$9,4,FALSE) -> 0 | V11: =VLOOKUP($B11,$R$3:$X$9,5,FALSE) -> 0.11805556 | W11: =VLOOKUP($B11,$R$3:$X$9,6,FALSE) -> 0.22569444 | X11: =VLOOKUP($B11,$R$3:$X$9,7,FALSE) -> 0.26388889 | Y11: =VLOOKUP($B11,$R$3:$Z$9,8,FALSE) -> 0 | Z11: =VLOOKUP($B11,$R$3:$Z$9,9,FALSE) -> 60
B12: CARIB | C12: =[3]Brewhouse!$A736 -> CA687 | D12: =[3]Brewhouse!$AF736 -> 49.9 | E12: =[3]Brewhouse!$AI736 -> 50.3 | F12: =[3]Brewhouse!$V736 -> 63 | G12: =[3]Brewhouse!AG736 -> 11.8 | H12: 11.8 | I12: =[3]Brewhouse!$AU736 -> 99.836489 | J12: =[3]Brewhouse!$AV736 -> 101.42544 | K12: =[3]Brewhouse!$Q736 -> 9.0942699 | L12: =[3]Brewhouse!$P736 -> 58 | M12: =[3]Brewhouse!$U736-[3]Brewhouse!$T736 -> 0.12569444 | N12: =[3]Brewhouse!$Z736 -> 0.28333333 | O12: =[3]Brewhouse!$AX736 -> R. Sookram | R12: =B12 -> CARIB | S12: =VLOOKUP($B12,$R$3:$X$9,2,FALSE) -> 11.6 | T12: =VLOOKUP($B12,$R$3:$X$9,3,FALSE) -> 12 | U12: =VLOOKUP($B12,$R$3:$X$9,4,FALSE) -> 0 | V12: =VLOOKUP($B12,$R$3:$X$9,5,FALSE) -> 0.11805556 | W12: =VLOOKUP($B12,$R$3:$X$9,6,FALSE) -> 0.22569444 | X12: =VLOOKUP($B12,$R$3:$X$9,7,FALSE) -> 0.26388889 | Y12: =VLOOKUP($B12,$R$3:$Z$9,8,FALSE) -> 0 | Z12: =VLOOKUP($B12,$R$3:$Z$9,9,FALSE) -> 60
B13: CARIB | C13: =[3]Brewhouse!$A737 -> CA688 | D13: =[3]Brewhouse!$AF737 -> 48.5 | E13: =[3]Brewhouse!$AI737 -> 47.7 | F13: =[3]Brewhouse!$V737 -> 58 | G13: =[3]Brewhouse!AG737 -> 11.9 | H13: 11.8 | I13: =[3]Brewhouse!$AU737 -> 96.129105 | J13: =[3]Brewhouse!$AV737 -> 97.658527 | K13: =[3]Brewhouse!$Q737 -> 11.518519 | L13: =[3]Brewhouse!$P737 -> 64 | M13: =[3]Brewhouse!$U737-[3]Brewhouse!$T737 -> 0.12083333 | N13: =[3]Brewhouse!$Z737 -> 0.26805556 | O13: =[3]Brewhouse!$AX737 -> R. Sookram | R13: =B13 -> CARIB | S13: =VLOOKUP($B13,$R$3:$X$9,2,FALSE) -> 11.6 | T13: =VLOOKUP($B13,$R$3:$X$9,3,FALSE) -> 12 | U13: =VLOOKUP($B13,$R$3:$X$9,4,FALSE) -> 0 | V13: =VLOOKUP($B13,$R$3:$X$9,5,FALSE) -> 0.11805556 | W13: =VLOOKUP($B13,$R$3:$X$9,6,FALSE) -> 0.22569444 | X13: =VLOOKUP($B13,$R$3:$X$9,7,FALSE) -> 0.26388889 | Y13: =VLOOKUP($B13,$R$3:$Z$9,8,FALSE) -> 0 | Z13: =VLOOKUP($B13,$R$3:$Z$9,9,FALSE) -> 60
B14: CARIB | C14: =[3]Brewhouse!$A738 -> CA689 | D14: =[3]Brewhouse!$AF738 -> 49.1 | E14: =[3]Brewhouse!$AI738 -> 50.9 | F14: =[3]Brewhouse!$V738 -> 63 | G14: =[3]Brewhouse!AG738 -> 11.6 | H14: 11.6 | I14: =[3]Brewhouse!$AU738 -> 96.773122 | J14: =[3]Brewhouse!$AV738 -> 98.315387 | K14: =[3]Brewhouse!$Q738 -> 10.407407 | L14: =[3]Brewhouse!$P738 -> 58 | M14: =[3]Brewhouse!$U738-[3]Brewhouse!$T738 -> 0.12569444 | N14: =[3]Brewhouse!$Z738 -> 0.2625 | O14: =[3]Brewhouse!$AX738 -> R. Sookram | R14: =B14 -> CARIB | S14: =VLOOKUP($B14,$R$3:$X$9,2,FALSE) -> 11.6 | T14: =VLOOKUP($B14,$R$3:$X$9,3,FALSE) -> 12 | U14: =VLOOKUP($B14,$R$3:$X$9,4,FALSE) -> 0 | V14: =VLOOKUP($B14,$R$3:$X$9,5,FALSE) -> 0.11805556 | W14: =VLOOKUP($B14,$R$3:$X$9,6,FALSE) -> 0.22569444 | X14: =VLOOKUP($B14,$R$3:$X$9,7,FALSE) -> 0.26388889 | Y14: =VLOOKUP($B14,$R$3:$Z$9,8,FALSE) -> 0 | Z14: =VLOOKUP($B14,$R$3:$Z$9,9,FALSE) -> 60
B15: CARIB | C15: =[3]Brewhouse!$A739 -> CA690 | D15: =[3]Brewhouse!$AF739 -> 50.5 | E15: =[3]Brewhouse!$AI739 -> 52 | F15: =[3]Brewhouse!$V739 -> 58 | G15: =[3]Brewhouse!AG739 -> 11.4 | H15: 11.4 | I15: =[3]Brewhouse!$AU739 -> 100.67902 | J15: =[3]Brewhouse!$AV739 -> 102.28039 | K15: =[3]Brewhouse!$Q739 -> 7.8148148 | L15: =[3]Brewhouse!$P739 -> 60 | M15: =[3]Brewhouse!$U739-[3]Brewhouse!$T739 -> 0.12083333 | N15: =[3]Brewhouse!$Z739 -> 0.2625 | O15: =[3]Brewhouse!$AX739 -> K. Benjamin | R15: =B15 -> CARIB | S15: =VLOOKUP($B15,$R$3:$X$9,2,FALSE) -> 11.6 | T15: =VLOOKUP($B15,$R$3:$X$9,3,FALSE) -> 12 | U15: =VLOOKUP($B15,$R$3:$X$9,4,FALSE) -> 0 | V15: =VLOOKUP($B15,$R$3:$X$9,5,FALSE) -> 0.11805556 | W15: =VLOOKUP($B15,$R$3:$X$9,6,FALSE) -> 0.22569444 | X15: =VLOOKUP($B15,$R$3:$X$9,7,FALSE) -> 0.26388889 | Y15: =VLOOKUP($B15,$R$3:$Z$9,8,FALSE) -> 0 | Z15: =VLOOKUP($B15,$R$3:$Z$9,9,FALSE) -> 60
R16: =B16 -> 0 | S16: =VLOOKUP($B16,$R$3:$X$9,2,FALSE) -> #N/A | T16: =VLOOKUP($B16,$R$3:$X$9,3,FALSE) -> #N/A | U16: =VLOOKUP($B16,$R$3:$X$9,4,FALSE) -> #N/A | V16: =VLOOKUP($B16,$R$3:$X$9,5,FALSE) -> #N/A | W16: =VLOOKUP($B16,$R$3:$X$9,6,FALSE) -> #N/A | X16: =VLOOKUP($B16,$R$3:$X$9,7,FALSE) -> #N/A | Y16: =VLOOKUP($B16,$R$3:$Z$9,8,FALSE) -> #N/A | Z16: =VLOOKUP($B16,$R$3:$Z$9,9,FALSE) -> #N/A
R17: =B17 -> 0 | S17: =VLOOKUP($B17,$R$3:$X$9,2,FALSE) -> #N/A | T17: =VLOOKUP($B17,$R$3:$X$9,3,FALSE) -> #N/A | U17: =VLOOKUP($B17,$R$3:$X$9,4,FALSE) -> #N/A | V17: =VLOOKUP($B17,$R$3:$X$9,5,FALSE) -> #N/A | W17: =VLOOKUP($B17,$R$3:$X$9,6,FALSE) -> #N/A | X17: =VLOOKUP($B17,$R$3:$X$9,7,FALSE) -> #N/A | Y17: =VLOOKUP($B17,$R$3:$Z$9,8,FALSE) -> #N/A | Z17: =VLOOKUP($B17,$R$3:$Z$9,9,FALSE) -> #N/A
R18: =B18 -> 0 | S18: =VLOOKUP($B18,$R$3:$X$9,2,FALSE) -> #N/A | T18: =VLOOKUP($B18,$R$3:$X$9,3,FALSE) -> #N/A | U18: =VLOOKUP($B18,$R$3:$X$9,4,FALSE) -> #N/A | V18: =VLOOKUP($B18,$R$3:$X$9,5,FALSE) -> #N/A | W18: =VLOOKUP($B18,$R$3:$X$9,6,FALSE) -> #N/A | X18: =VLOOKUP($B18,$R$3:$X$9,7,FALSE) -> #N/A | Y18: =VLOOKUP($B18,$R$3:$Z$9,8,FALSE) -> #N/A | Z18: =VLOOKUP($B18,$R$3:$Z$9,9,FALSE) -> #N/A
R19: =B19 -> 0 | S19: =VLOOKUP($B19,$R$3:$X$9,2,FALSE) -> #N/A | T19: =VLOOKUP($B19,$R$3:$X$9,3,FALSE) -> #N/A | U19: =VLOOKUP($B19,$R$3:$X$9,4,FALSE) -> #N/A | V19: =VLOOKUP($B19,$R$3:$X$9,5,FALSE) -> #N/A | W19: =VLOOKUP($B19,$R$3:$X$9,6,FALSE) -> #N/A | X19: =VLOOKUP($B19,$R$3:$X$9,7,FALSE) -> #N/A | Y19: =VLOOKUP($B19,$R$3:$Z$9,8,FALSE) -> #N/A | Z19: =VLOOKUP($B19,$R$3:$Z$9,9,FALSE) -> #N/A
B20: BRAND | D20: BBT P.G./ O.G | I20: Brand | K20: MTD No. of Brews | L20: MTD | M20: YTD | N20: Target | R20: =B20 -> BRAND | S20: =VLOOKUP($B20,$R$3:$X$9,2,FALSE) -> #N/A | T20: =VLOOKUP($B20,$R$3:$X$9,3,FALSE) -> #N/A | U20: =VLOOKUP($B20,$R$3:$X$9,4,FALSE) -> #N/A | V20: =VLOOKUP($B20,$R$3:$X$9,5,FALSE) -> #N/A | W20: =VLOOKUP($B20,$R$3:$X$9,6,FALSE) -> #N/A | X20: =VLOOKUP($B20,$R$3:$X$9,7,FALSE) -> #N/A | Y20: =VLOOKUP($B20,$R$3:$Z$9,8,FALSE) -> #N/A | Z20: =VLOOKUP($B20,$R$3:$Z$9,9,FALSE) -> #N/A
I21: CARIB | J21: =AVERAGE(I10:I15) -> 98.296758 | K21: =COUNTA([3]Brewhouse!$A$696:$A$739) -> 44 | L21: =AVERAGE([3]Brewhouse!$AU$696:$AU$739) -> 98.690563 | M21: =AVERAGE([3]Brewhouse!$AU$42:$AU$123,[3]Brewhouse!$AU$125:$AU$188,[3]Brewhouse!$AU$198:$AU$290,[3]Brewhouse!$AU$292:$AU$370,[3]Brewhouse!$AU$372:$AU$439,[3]Brewhouse!$AU$441:$AU$497,[3]Brewhouse!$AU$499:$AU$519,[3]Brewhouse!$AU$521:$AU$593,[3]Brewhouse!$AU$595:$AU$739) -> 98.312044 | N21: 98 | R21: =B21 -> 0 | S21: =VLOOKUP($B21,$R$3:$X$9,2,FALSE) -> #N/A | T21: =VLOOKUP($B21,$R$3:$X$9,3,FALSE) -> #N/A | U21: =VLOOKUP($B21,$R$3:$X$9,4,FALSE) -> #N/A | V21: =VLOOKUP($B21,$R$3:$X$9,5,FALSE) -> #N/A | W21: =VLOOKUP($B21,$R$3:$X$9,6,FALSE) -> #N/A | X21: =VLOOKUP($B21,$R$3:$X$9,7,FALSE) -> #N/A | Y21: =VLOOKUP($B21,$R$3:$Z$9,8,FALSE) -> #N/A | Z21: =VLOOKUP($B21,$R$3:$Z$9,9,FALSE) -> #N/A
I22: STAG | K22: =COUNTA([4]Brewhouse!$A$363:$A$372) -> 10 | L22: =AVERAGE([4]Brewhouse!$AS$363:$AS$372) -> 100.50072 | M22: =AVERAGE([4]Brewhouse!$AS$52:$AS$81,[4]Brewhouse!$AS$83:$AS$124,[4]Brewhouse!$AS$134:$AS$177,[4]Brewhouse!$AS$22:$AS$179,[4]Brewhouse!$AS$214:$AS$249,[4]Brewhouse!$AS$252:$AS$293,[4]Brewhouse!$AS$295:$AS$325,[4]Brewhouse!$AS$327:$AS$361,[4]Brewhouse!$AS$363:$AS$372) -> 98.292485 | N22: 98 | R22: =B22 -> 0 | S22: =VLOOKUP($B22,$R$3:$X$9,2,FALSE) -> #N/A | T22: =VLOOKUP($B22,$R$3:$X$9,3,FALSE) -> #N/A | U22: =VLOOKUP($B22,$R$3:$X$9,4,FALSE) -> #N/A | V22: =VLOOKUP($B22,$R$3:$X$9,5,FALSE) -> #N/A | W22: =VLOOKUP($B22,$R$3:$X$9,6,FALSE) -> #N/A | X22: =VLOOKUP($B22,$R$3:$X$9,7,FALSE) -> #N/A | Y22: =VLOOKUP($B22,$R$3:$Z$9,8,FALSE) -> #N/A | Z22: =VLOOKUP($B22,$R$3:$Z$9,9,FALSE) -> #N/A
I23: GUINNESS | M23: =AVERAGE([5]Brewhouse!$AU$16:$AU$23,[5]Brewhouse!$AU$25:$AU$32,[5]Brewhouse!$AU$34:$AU$41,[5]Brewhouse!$AU$43:$AU$60,[5]Brewhouse!$AU$62:$AU$69,[5]Brewhouse!$AU$71:$AU$88,[5]Brewhouse!$AU$90:$AU$97) -> 96.502171 | N23: 98 | R23: =B23 -> 0 | S23: =VLOOKUP($B23,$R$3:$X$9,2,FALSE) -> #N/A | T23: =VLOOKUP($B23,$R$3:$X$9,3,FALSE) -> #N/A | U23: =VLOOKUP($B23,$R$3:$X$9,4,FALSE) -> #N/A | V23: =VLOOKUP($B23,$R$3:$X$9,5,FALSE) -> #N/A | W23: =VLOOKUP($B23,$R$3:$X$9,6,FALSE) -> #N/A | X23: =VLOOKUP($B23,$R$3:$X$9,7,FALSE) -> #N/A | Y23: =VLOOKUP($B23,$R$3:$Z$9,8,FALSE) -> #N/A | Z23: =VLOOKUP($B23,$R$3:$Z$9,9,FALSE) -> #N/A
I24: VITAMALT | M24: =AVERAGE([6]Brewhouse!$AV$23:$AV$34,[6]Brewhouse!$AV$36,[6]Brewhouse!$AV$38:$AV$52,[6]Brewhouse!$AV$54:$AV$60,[6]Brewhouse!$AV$62:$AV$69,[6]Brewhouse!$AV$71:$AV$78,[6]Brewhouse!$AV$80:$AV$87,[6]Brewhouse!$AV$89:$AV$96) -> 97.559547 | N24: 98 | R24: =B24 -> 0 | S24: =VLOOKUP($B24,$R$3:$X$9,2,FALSE) -> #N/A | T24: =VLOOKUP($B24,$R$3:$X$9,3,FALSE) -> #N/A | U24: =VLOOKUP($B24,$R$3:$X$9,4,FALSE) -> #N/A | V24: =VLOOKUP($B24,$R$3:$X$9,5,FALSE) -> #N/A | W24: =VLOOKUP($B24,$R$3:$X$9,6,FALSE) -> #N/A | X24: =VLOOKUP($B24,$R$3:$X$9,7,FALSE) -> #N/A | Y24: =VLOOKUP($B24,$R$3:$Z$9,8,FALSE) -> #N/A | Z24: =VLOOKUP($B24,$R$3:$Z$9,9,FALSE) -> #N/A
I25: MAXIMALT | N25: 98 | R25: =B25 -> 0 | S25: =VLOOKUP($B25,$R$3:$X$9,2,FALSE) -> #N/A | T25: =VLOOKUP($B25,$R$3:$X$9,3,FALSE) -> #N/A | U25: =VLOOKUP($B25,$R$3:$X$9,4,FALSE) -> #N/A | V25: =VLOOKUP($B25,$R$3:$X$9,5,FALSE) -> #N/A | W25: =VLOOKUP($B25,$R$3:$X$9,6,FALSE) -> #N/A | X25: =VLOOKUP($B25,$R$3:$X$9,7,FALSE) -> #N/A | Y25: =VLOOKUP($B25,$R$3:$Z$9,8,FALSE) -> #N/A | Z25: =VLOOKUP($B25,$R$3:$Z$9,9,FALSE) -> #N/A
I26: MACKESON | K26: =COUNTA([7]Brewhouse!$A$23:$A$30) -> 8 | L26: =AVERAGE([7]Brewhouse!$AT$23:$AT$30) -> 96.065915 | M26: =AVERAGE([7]Brewhouse!$AT$4:$AT$11,[7]Brewhouse!$AT$13:$AT$16,[7]Brewhouse!$AT$18:$AT$30) -> 93.222628 | N26: 98 | R26: =B26 -> 0 | S26: =VLOOKUP($B26,$R$3:$X$9,2,FALSE) -> #N/A | T26: =VLOOKUP($B26,$R$3:$X$9,3,FALSE) -> #N/A | U26: =VLOOKUP($B26,$R$3:$X$9,4,FALSE) -> #N/A | V26: =VLOOKUP($B26,$R$3:$X$9,5,FALSE) -> #N/A | W26: =VLOOKUP($B26,$R$3:$X$9,6,FALSE) -> #N/A | X26: =VLOOKUP($B26,$R$3:$X$9,7,FALSE) -> #N/A | Y26: =VLOOKUP($B26,$R$3:$Z$9,8,FALSE) -> #N/A | Z26: =VLOOKUP($B26,$R$3:$Z$9,9,FALSE) -> #N/A
I27: STARMALT | M27: =AVERAGE([8]Brewhouse!$AY$5:$AY$14,[8]Brewhouse!$AY$16:$AY$23,[8]Brewhouse!$AY$42,[8]Brewhouse!$AY$44:$AY$51,[8]Brewhouse!$AY$53:$AY$64,[8]Brewhouse!$AY$66:$AY$73,[8]Brewhouse!$AY$75:$AY$82,[8]Brewhouse!$AY$84:$AY$101) -> 97.78466 | N27: 98 | R27: =B27 -> 0 | S27: =VLOOKUP($B27,$R$3:$X$9,2,FALSE) -> #N/A | T27: =VLOOKUP($B27,$R$3:$X$9,3,FALSE) -> #N/A | U27: =VLOOKUP($B27,$R$3:$X$9,4,FALSE) -> #N/A | V27: =VLOOKUP($B27,$R$3:$X$9,5,FALSE) -> #N/A | W27: =VLOOKUP($B27,$R$3:$X$9,6,FALSE) -> #N/A | X27: =VLOOKUP($B27,$R$3:$X$9,7,FALSE) -> #N/A | Y27: =VLOOKUP($B27,$R$3:$Z$9,8,FALSE) -> #N/A | Z27: =VLOOKUP($B27,$R$3:$Z$9,9,FALSE) -> #N/A
I28: HR- Pils | N28: 98 | R28: =B28 -> 0 | S28: =VLOOKUP($B28,$R$3:$X$9,2,FALSE) -> #N/A | T28: =VLOOKUP($B28,$R$3:$X$9,3,FALSE) -> #N/A | U28: =VLOOKUP($B28,$R$3:$X$9,4,FALSE) -> #N/A | V28: =VLOOKUP($B28,$R$3:$X$9,5,FALSE) -> #N/A | W28: =VLOOKUP($B28,$R$3:$X$9,6,FALSE) -> #N/A | X28: =VLOOKUP($B28,$R$3:$X$9,7,FALSE) -> #N/A | Y28: =VLOOKUP($B28,$R$3:$Z$9,8,FALSE) -> #N/A | Z28: =VLOOKUP($B28,$R$3:$Z$9,9,FALSE) -> #N/A
I29: HR- IPA | N29: 98 | R29: =B29 -> 0 | S29: =VLOOKUP($B29,$R$3:$X$9,2,FALSE) -> #N/A | T29: =VLOOKUP($B29,$R$3:$X$9,3,FALSE) -> #N/A | U29: =VLOOKUP($B29,$R$3:$X$9,4,FALSE) -> #N/A | V29: =VLOOKUP($B29,$R$3:$X$9,5,FALSE) -> #N/A | W29: =VLOOKUP($B29,$R$3:$X$9,6,FALSE) -> #N/A | X29: =VLOOKUP($B29,$R$3:$X$9,7,FALSE) -> #N/A | Y29: =VLOOKUP($B29,$R$3:$Z$9,8,FALSE) -> #N/A | Z29: =VLOOKUP($B29,$R$3:$Z$9,9,FALSE) -> #N/A
I30: HR- APA | N30: 98 | R30: =B30 -> 0 | S30: =VLOOKUP($B30,$R$3:$X$9,2,FALSE) -> #N/A | T30: =VLOOKUP($B30,$R$3:$X$9,3,FALSE) -> #N/A | U30: =VLOOKUP($B30,$R$3:$X$9,4,FALSE) -> #N/A | V30: =VLOOKUP($B30,$R$3:$X$9,5,FALSE) -> #N/A | W30: =VLOOKUP($B30,$R$3:$X$9,6,FALSE) -> #N/A | X30: =VLOOKUP($B30,$R$3:$X$9,7,FALSE) -> #N/A | Y30: =VLOOKUP($B30,$R$3:$Z$9,8,FALSE) -> #N/A | Z30: =VLOOKUP($B30,$R$3:$Z$9,9,FALSE) -> #N/A
K31: =SUM(K21:K30) -> 62 | L31: =((L21*K21)+(L22*K22)+(L23*K23)+(L24*K24)+(L25*K25)+(K28*L28)+(L26*K26)+(L27*K27)+(L30*K30))/(K31) -> 98.643859 | M31: =AVERAGE('[9]Jan30th-31st'!$L$42,'[10]Feb 27th-28th'!$L$45,'[11]Mar 31st'!$L$42,'[12]Apr 30th'!$L$41,'[13]May 29th '!$L$35,'[14]June 30th'!$L$32,[15]July31st!$L$36,'[16]Aug 31st'!$L$32,L31) -> 98.06596 | N31: 98 | R31: =B31 -> 0 | S31: =VLOOKUP($B31,$R$3:$X$9,2,FALSE) -> #N/A | T31: =VLOOKUP($B31,$R$3:$X$9,3,FALSE) -> #N/A | U31: =VLOOKUP($B31,$R$3:$X$9,4,FALSE) -> #N/A | V31: =VLOOKUP($B31,$R$3:$X$9,5,FALSE) -> #N/A | W31: =VLOOKUP($B31,$R$3:$X$9,6,FALSE) -> #N/A | X31: =VLOOKUP($B31,$R$3:$X$9,7,FALSE) -> #N/A | Y31: =VLOOKUP($B31,$R$3:$Z$9,8,FALSE) -> #N/A | Z31: =VLOOKUP($B31,$R$3:$Z$9,9,FALSE) -> #N/A
R32: =B32 -> 0 | S32: =VLOOKUP($B32,$R$3:$X$9,2,FALSE) -> #N/A | T32: =VLOOKUP($B32,$R$3:$X$9,3,FALSE) -> #N/A | U32: =VLOOKUP($B32,$R$3:$X$9,4,FALSE) -> #N/A | V32: =VLOOKUP($B32,$R$3:$X$9,5,FALSE) -> #N/A | W32: =VLOOKUP($B32,$R$3:$X$9,6,FALSE) -> #N/A | X32: =VLOOKUP($B32,$R$3:$X$9,7,FALSE) -> #N/A | Y32: =VLOOKUP($B32,$R$3:$Z$9,8,FALSE) -> #N/A | Z32: =VLOOKUP($B32,$R$3:$Z$9,9,FALSE) -> #N/A
J33: Daily Brewing Plan
J34: Brand | L34: Average Brews per day
J35: CARIB | K35: 6 | L35: MTD | M35: YTD | N35: TARGET
J36: STAG | L36: =AVERAGE('Sept 1st'!K45,'Sept 2nd'!K47,'Sept 3rd'!K44,'Sept 4th'!K46,'Sept 7th'!K48,'Sept 8th'!K48,'Sept 9th'!K50,'Sept 10th'!K49,K45) -> 6.8888889 | M36: =AVERAGE('[9]Jan30th-31st'!$L$47,L36,'[10]Feb 26th '!$L$39,'[11]Mar 31st'!$L$47,'[12]Apr 30th'!$L$46,'[13]May 29th '!$L$40,'[14]June 30th'!$L$39,[15]July31st!$L$41,'[16]Aug 31st'!$L$37) -> 6.5032214 | N36: 9.2
J37: GUINN
J38: VITAMALT
J39: STARMALT
J40: MACKESON
J41: HURRICANE REEF- IPA
J42: HURRICANE REEF- APA
B43: AVERAGE | J43: HR- PILSNER
J44: CARIBE
J45: Total | K45: =SUM(K35:K44) -> 6
B46: Process: | C46: Fermentation/Filtration
B48: Brand | C48: Filt. Date | D48: FV Hls | E48: GFE/ Prim/ Vita Blend (Hls) | F48: SV Hls | G48: BBT Hls | H48: Loss (%) Ferm | I48: Loss (%) Filt | J48: Comments | K48: Throughput | L48: Process Loss (%) | M48: Filt. Operator
AB49: 43474 | AC49: 43475 | AD49: 43476 | AE49: 43477 | AF49: 43478 | AG49: 43479 | AH49: 43480 | AI49: 43481 | AJ49: 43482 | AK49: 43483 | AL49: 43484 | AM49: 43485 | AN49: 43486 | AO49: 43487 | AP49: 43488 | AQ49: 43489 | AR49: 43490 | AS49: 43491 | AT49: 43492 | AU49: 43493 | AV49: 43494 | AW49: 43495 | AX49: 43496
B50: =J40 -> MACKESON | C50: 46276 | D50: =[17]September_2026!$N$34 -> 199.6 | E50: =SUM([7]Process!$Y$27:$Y$30) -> 3.8 | G50: =[17]September_2026!$N$39 -> 193 | J50: NO BREAK | K50: =[18]September_2026!$N$39 -> 0.67719298 | L50: =(((D50+E50)-G50)/(D50+E50))*100 -> 5.1130777 | M50: K. Hosten | AB50: =[19]January_2019!L5 -> 0 | AC50: =[19]January_2019!M5 -> 0 | AD50: =[19]January_2019!N5 -> 0 | AE50: =[19]January_2019!O5 -> 0 | AF50: =[19]January_2019!P5 -> 0 | AG50: =[19]January_2019!Q5 -> 0 | AH50: =[19]January_2019!R5 -> 0 | AI50: =[19]January_2019!S5 -> 0 | ... AX50: =[19]January_2019!AH5 -> 0
AB51: =[19]January_2019!L6 -> 0 | AC51: =[19]January_2019!M6 -> 0 | AD51: =[19]January_2019!N6 -> 0 | AE51: =[19]January_2019!O6 -> 0 | AF51: =[19]January_2019!P6 -> 0 | AG51: =[19]January_2019!Q6 -> 0 | AH51: =[19]January_2019!R6 -> 0 | AI51: =[19]January_2019!S6 -> 0 | ... AX51: =[19]January_2019!AH6 -> 0
B52: =J40 -> MACKESON | C52: 46276 | D52: =[17]September_2026!$O$34 -> 99.2 | E52: =[38]MACKESON!$S$7 -> 1.9 | G52: =[17]September_2026!$O$39 -> 97 | J52: NO SBF | K52: =[18]September_2026!$O$39 -> 0.34035088 | L52: =(((D52+E52)-G52)/(D52+E52))*100 -> 4.0553907 | M52: G. Mason | AB52: =[19]January_2019!L7 -> 285.8 | AC52: =[19]January_2019!M7 -> 508.1 | AD52: =[19]January_2019!N7 -> 0 | AE52: =[19]January_2019!O7 -> 0 | AF52: =[19]January_2019!P7 -> 109.56667 | AG52: =[19]January_2019!Q7 -> 297.65 | AH52: =[19]January_2019!R7 -> 122.3 | AI52: =[19]January_2019!S7 -> 0 | ... AX52: =[19]January_2019!AH7 -> 0
B61: Process Loss (Volume) | G61: Process Loss (Extract) | K61: Throughput
B62: Brand | C62: Actual | D62: MTD | E62: YTD | F62: Target | G62: Actual | H62: MTD | I62: YTD | J62: Target | L62: MTD | M62: YTD | N62: Target
B63: CARIB | D63: 7.1683223 | E63: 6.5664759 | F63: 4.8 | H63: 6.6712242 | I63: 6.6530949 | J63: 4.8 | L63: 0.62401504 | M63: 0.53270208 | N63: 1
B64: STAG | D64: 8.6363636 | E64: 5.8721053 | F64: 4.8 | H64: 7.5248839 | I64: 5.9880522 | J64: 4.8 | L64: 0.31736842 | M64: 0.68971318 | N64: 1
B65: GUINN | E65: 11.277593 | F65: 5.5 | I65: 11.857908 | J65: 5.5 | M65: 0.3537019 | N65: 1
B66: VITAMALT | E66: 4.8685538 | F66: 3.3 | I66: 4.8702525 | J66: 3.3 | M66: 0.77919298 | N66: 1
B67: APA | F67: 3.3 | J67: 3 | N67: 1
B68: MACKESON | C68: =AVERAGE(L50,L52) -> 4.5842342 | D68: 6.8855673 | E68: 6.3233966 | F68: 5.5 | G68: =AVERAGE([17]September_2026!$N$43:$O$43) -> 5.2526771 | H68: 7.4264333 | I68: 7.9667553 | J68: 5.5 | K68: =AVERAGE(K50,K52) -> 0.50877193 | L68: 0.39181287 | M68: 0.58836257 | N68: 1
B69: STARMALT | E69: 3.6168923 | F69: 3.3 | I69: 5.009118 | J69: 3.3 | M69: 0.926423 | N69: 1
B70: IPA | F70: 7.5 | J70: 7.5 | N70: 1
B71: HURRICANE REEF PILS | F71: 4.8 | J71: 4.8 | N71: 1
D72: 7.3331753 | E72: 6.3784509 | F72: 5.5 | H72: 6.9168836 | I72: 6.7031758 | J72: 5.5 | L72: 0.53281021 | M72: 0.59433702 | N72: 1

Sheet Sept 14th
S1: P.G. | U1: Hot Time | W1: Process Time | Y1: Cooling Time
B2: Brewing Department Daily Process Loss Report | S2: Lower | T2: Upper | U2: Lower | V2: Upper | W2: Lower | X2: Upper | Y2: Lower | Z2: Upper
R3: CARIB | S3: 11.6 | T3: 12 | U3: 0 | V3: 0.11805556 | W3: 0.22569444 | X3: 0.26388889 | Y3: 0 | Z3: 60 | AB3: HR- PISNER
B4: Date: | C4: 46280 | J4: LOT WORT COLOUR: 3.4 | M4: Filter Sheets (Target 20 days) | R4: STAG | S4: 11.6 | T4: 12 | U4: 0 | V4: 0.11805556 | W4: 0.22569444 | X4: 0.26388889 | Y4: 0 | Z4: 60
M5: Double | N5: Single | R5: GUINNESS | S5: 17 | T5: 17.5 | U5: 0 | V5: 0.10763889 | W5: 0.24652778 | X5: 0.28472222 | Y5: 0 | Z5: 60
J6: MALT LOT: Lot #15 | L6: Sheet Day | R6: MACKESON | S6: 13.3 | T6: 13.5 | U6: 0 | V6: 0.12905093 | W6: 0.27430556 | X6: 0.30208333 | Y6: 0
