Workbook

Sheet Entries September 2026
B1: ENTRIES FOR DAILY CONS. MONITOR | O1: =B1 -> ENTRIES FOR DAILY CONS. MONITOR
O2: Service 227.3 cubic meters (2273 Hls)Filtered 189.3 cubic meters(1893 Hls)
D3: FUEL | J3: ELECT. | L3: CO2 | O3: WATER | AG3: CO2 Scrubber (m3) | AH3: Supply to Washdown Area (m3) | AI3: Supply to RUs (m3) | AJ3: Steam Mass Flow Meter | AL3: CO2 TANKS' READING
B4: Boilers tot. | C4: Boiler 1. AUTO FLAME CONTROL | D4: Gen. meter | E4: Tank level | F4: Boiler 1 | G4: Boiler 2 | H4: Gen | I4: Meter1 | J4: Meter 2 | K4: Gen Meter | L4: Consumption (BBT SECTION) (kg) | M4: Consumption (Totalizer Flowmeter) | N4: Consumption (Filler) (kg) | O4: Nawasa Meter (m3) | P4: Annandale Supply (m3) | Q4: Service Supply to Plant (m3) | R4: Cellars/Filtration (m3) | S4: Brewhouse Meter (m3) | T4: Cellars/Process Areas (m3) | U4: Pasteuriser (m3) | V4: Water Plant-Nawasa Annadale (m3) | W4: Water Plant-Well # 1 (m3) | X4: CIP Process | Y4: Bottle Washer | Z4: Boiler | AA4: Permeate #1 | AB4: Permeate #2 | AC4: Bottle Filler (m3) | AD4: RO # 1 Totaliser (m3) | AE4: RO # 2 Totaliser (m3) | AF4: Recovered Water (m3) | AL4: Tank "C" | AM4: Tank "A" | AN4: Tank "B" | AO4: Mobile Tanker
A5: DATE | B5: (liters) | C5: (liters) | D5: (Imp. gals) | E5: (inches) | F5: Hrs | G5: Hrs | H5: Hrs. | I5: (Kwhr) | J5: (Kwhr) | K5: (Kwhr) | M5: (kg) | X5: (m3) | Y5: (m3) | Z5: (m3) | AL5: inH2O | AM5: (Kg.) | AN5: (Kg.) | AO5: (pounds)
A6: 1 | B6: 8451450 | C6: 1598841.8 | E6: 64 | F6: 10809.2 | G6: 68225 | I6: 1690601 | K6: 468000 | L6: 75099.65 | M6: 591678.5 | N6: 80405.01 | O6: 248483 | P6: 81270 | Q6: 984412 | S6: 94074 | U6: 472 | V6: 1361581 | X6: 48114 | Y6: 68647 | Z6: 15262 | AA6: 97122 | AC6: 6383 | AD6: 263787 | AJ6: 7372523.6
A7: 2 | B7: 8454730 | C7: 1601851.8 | E7: 64 | F7: 10829.8 | G7: 68225 | I7: 1699336 | K7: 468000 | L7: 76062.98 | M7: 594407.13 | N7: 80699.27 | O7: 248725 | P7: 81511 | Q7: 984729 | S7: 94206 | U7: 475 | V7: 1361862 | X7: 48193 | Y7: 68788 | Z7: 15285 | AA7: 97122 | AC7: 6405 | AD7: 263787 | AJ7: 7372523.6
A8: 3 | B8: 8458270 | C8: 1605358.1 | E8: 64 | F8: 10851.1 | G8: 68225 | I8: 1707774 | K8: 468000 | L8: 76830.15 | M8: 597280.56 | N8: 81006.42 | O8: 248957 | P8: 81781 | Q8: 984967 | S8: 94386 | U8: 476 | V8: 1362117 | X8: 48232 | Y8: 68912 | Z8: 15304 | AA8: 97122 | AC8: 6430 | AD8: 263787 | AJ8: 7372523.6
A9: 4 | B9: 8461730 | C9: 1608732.6 | E9: 64 | F9: 10872.2 | G9: 68225 | I9: 1716468 | K9: 468000 | L9: 77107.94 | M9: 599486.5 | N9: 81273.88 | O9: 249127 | P9: 81969 | Q9: 985226 | S9: 94521 | U9: 479 | V9: 1362314 | X9: 48287 | Y9: 69029 | Z9: 15325 | AA9: 97122 | AC9: 6452 | AD9: 263787 | AJ9: 7372523.6
A10: 5 | B10: 8463770 | C10: 1610468.1 | E10: 64 | F10: 10887.5 | G10: 68225 | I10: 1722147 | K10: 468000 | L10: 77240.23 | M10: 599800.17 | N10: 81317.18 | O10: 249488 | P10: 82064 | Q10: 985418 | S10: 94668 | U10: 480 | V10: 1362414 | X10: 48374 | Y10: 69050 | Z10: 15337 | AA10: 97122 | AC10: 6460 | AD10: 263787 | AJ10: 7372523.6
A11: 6 | B11: 8463770 | C11: 1610468.1 | E11: 64 | F11: 10887.5 | G11: 68225 | I11: 1725532 | K11: 468000 | L11: 77240.23 | M11: 599800.17 | N11: 81317.18 | O11: 249488 | P11: 82064 | Q11: 985418 | S11: 94668 | U11: 480 | V11: 1362414 | X11: 48374 | Y11: 69050 | Z11: 15337 | AA11: 97122 | AC11: 6460 | AD11: 263787 | AJ11: 7372523.6
A12: 7 | B12: 8463770 | C12: 1610468.1 | E12: 64 | F12: 10887.5 | G12: 68225 | I12: 1728329 | K12: 468000 | L12: 77240.23 | M12: 599800.17 | N12: 81317.18 | O12: 249488 | P12: 82064 | Q12: 985454 | S12: 94668 | U12: 480 | V12: 1362414 | X12: 48374 | Y12: 69050 | Z12: 15337 | AA12: 97122 | AC12: 6460 | AD12: 263787 | AJ12: 7372523.6
A13: 8 | B13: 8466080 | C13: 1612773 | E13: 64 | F13: 10906 | G13: 68225 | I13: 1733368 | K13: 468000 | L13: 77353.86 | M13: 600252.75 | N13: 81317.18 | O13: 249557 | P13: 82219 | Q13: 985580 | S13: 94853 | U13: 480 | V13: 1362577 | X13: 48424 | Y13: 69080 | Z13: 15353 | AA13: 97122 | AC13: 6461 | AD13: 263787 | AJ13: 7372560.3
A14: 9 | B14: 8469430 | C14: 1615652.8 | E14: 64 | F14: 10926.8 | G14: 68225 | I14: 1740022 | K14: 468000 | L14: 77579.32 | M14: 601691.56 | N14: 81459.57 | O14: 249784 | P14: 82357 | Q14: 985799 | S14: 94968 | U14: 498 | V14: 1362721 | X14: 48451 | Y14: 69164 | Z14: 15386 | AA14: 97122 | AC14: 6476 | AD14: 263787 | AJ14: 7372742.3
A15: 10 | B15: 8473280 | C15: 1619466.3 | E15: 64 | F15: 10947.3 | G15: 68225 | I15: 1748396 | K15: 468000 | L15: 78014.52 | M15: 603510.36 | N15: 81682.48 | O15: 250033 | P15: 82595 | Q15: 986009 | S15: 95164 | U15: 500 | V15: 1362952 | X15: 48487 | Y15: 69265 | Z15: 15413 | AA15: 97122 | AC15: 6492 | AD15: 263787 | AJ15: 7372742.3
A16: 11 | B16: 8476240 | C16: 1622183.7 | E16: 64 | F16: 10969.9 | G16: 68225 | I16: 1754904 | K16: 468000 | L16: 78552.14 | M16: 605507.13 | N16: 81901.91 | O16: 250114 | P16: 82855 | Q16: 986195 | S16: 95268 | U16: 506 | V16: 1363258 | X16: 48504 | Y16: 69356 | Z16: 15431 | AA16: 97122 | AC16: 6508 | AD16: 263787 | AJ16: 7372742.3
A17: 12 | B17: 8479070 | C17: 1624864.1 | E17: 64 | F17: 10988 | G17: 68225 | I17: 1761592 | K17: 468000 | L17: 79300.41 | M17: 607085.1 | N17: 82065.23 | O17: 250167 | P17: 83104 | Q17: 986368 | S17: 95409 | U17: 508 | V17: 1363506 | X17: 48533 | Y17: 69425 | Z17: 15448 | AA17: 97122 | AC17: 6521 | AD17: 263787 | AJ17: 7372742.3
... A33: 28 | B33: 8511380 | C33: 1654716.8 | E33: 64 | F33: 11198.7 | G33: 68225 | I33: 1857893 | K33: 468000 | L33: 85114.1 | M33: 626088.9 | N33: 84125.63 | O33: 252574 | P33: 85125 | Q33: 988880 | S33: 96713 | U33: 533 | V33: 1365415 | X33: 48987 | Y33: 70503 | Z33: 15645 | AA33: 97122 | AC33: 6703 | AD33: 263787 | AJ33: 7383496
A34: 29
A35: 30
A36: 31
A37: 1

Sheet Utility Analysis September 2026
J2: GRENADA BREWERIES LIMITED
J3: UTILITY ANALYSIS
A5: MONTH: | I5: 39295
A7: DATE | D7: ELECTRICITY GRENLEC | E7: Solar System CARIB | F7: % (Solar/Total Usage) | G7: CARIB GENSET | H7: ELECTRICITY TOTAL | I7: WATER | J7: FUEL | K7: CO2 | L7: PRODUCTION - HL | Q7: UTILITY RATIOS
B8: METER 1 | C8: METER 2 | Q8: Elect | R8: Water | S8: Fuel | T8: CO2
G9: USAGE (kwh) | H9: USAGE (kwh) | I9: USAGE (Hl) | J9: USAGE (l) | K9: USAGE (Kg.) | L9: BREWED | M9: BOTTLED | N9: KEGS | O9: OTHER | P9: TOTAL | Q9: KWH/Hl | R9: Hl/hl | S9: Litres/hl | T9: kg./Hl
A10: 1 | B10: =IF('Entries September 2026'!I7<'Entries September 2026'!I6,"0",(IF('Entries September 2026'!I7>='Entries September 2026'!I6,'Entries September 2026'!I7-'Entries September 2026'!I6,(999999-'Entries September 2026'!I6)+'Entries September 2026'!I7+1))) -> 8735 | C10: =IF('Entries September 2026'!J7<='Entries September 2026'!J6,"0",IF('Entries September 2026'!J7>='Entries September 2026'!J6,'Entries September 2026'!J7-'Entries September 2026'!J6,(999999-'Entries September 2026'!J6)+'Entries September 2026'!J7+1)) -> 0 | D10: =B10+C10 -> 8735 | E10: 1374.6 | F10: =IF((E10+D10)=0,"0",E10/(D10+E10)) -> 0.13596977 | G10: =IF('Entries September 2026'!K7<'Entries September 2026'!K6,"0",IF('Entries September 2026'!K7>='Entries September 2026'!K6,'Entries September 2026'!K7-'Entries September 2026'!K6,(999999-'Entries September 2026'!K6)+'Entries September 2026'!K7+1)) -> 0 | H10: =D10+G10+E10 -> 10109.6 | I10: ='Water '!Z7*10 -> 4830 | J10: =IF('Entries September 2026'!B7-'Entries September 2026'!B6<1,"0",'Entries September 2026'!B7-'Entries September 2026'!B6) -> 3280 | K10: ='CO2'!E7 -> 2700 | L10: =+'PROD.FIG. '!F5 -> 0 | M10: =+'PROD.FIG. '!C5 -> 0 | N10: =+'PROD.FIG. '!D5 -> 0 | O10: =+'PROD.FIG. '!E5 -> 0 | P10: {=TRANSPOSE('Daily KPIs'!B9:AF9)} -> 493.416 | Q10: =IF(P10=0,0,H10/P10) -> 20.488999 | R10: =IF(Q10=0,0,I10/P10) -> 9.7889002 | S10: =IF(R10=0,0,J10/P10) -> 6.6475347 | T10: =IF(S10=0,0,K10/P10) -> 5.472056
A11: 2 | B11: =IF('Entries September 2026'!I8<'Entries September 2026'!I7,"0",(IF('Entries September 2026'!I8>='Entries September 2026'!I7,'Entries September 2026'!I8-'Entries September 2026'!I7,(999999-'Entries September 2026'!I7)+'Entries September 2026'!I8+1))) -> 8438 | C11: =IF('Entries September 2026'!J8<='Entries September 2026'!J7,"0",IF('Entries September 2026'!J8>='Entries September 2026'!J7,'Entries September 2026'!J8-'Entries September 2026'!J7,(999999-'Entries September 2026'!J7)+'Entries September 2026'!J8+1)) -> 0 | D11: =B11+C11 -> 8438 | E11: 1635.3 | F11: =IF((E11+D11)=0,"0",E11/(D11+E11)) -> 0.16234005 | G11: =IF('Entries September 2026'!K8<'Entries September 2026'!K7,"0",IF('Entries September 2026'!K8>='Entries September 2026'!K7,'Entries September 2026'!K8-'Entries September 2026'!K7,(999999-'Entries September 2026'!K7)+'Entries September 2026'!K8+1)) -> 0 | H11: =D11+G11+E11 -> 10073.3 | I11: ='Water '!Z8*10 -> 5020 | J11: =IF('Entries September 2026'!B8-'Entries September 2026'!B7<1,"0",'Entries September 2026'!B8-'Entries September 2026'!B7) -> 3540 | K11: ='CO2'!E8 -> 2900 | L11: =+'PROD.FIG. '!F6 -> 0 | M11: =+'PROD.FIG. '!C6 -> 0 | N11: =+'PROD.FIG. '!D6 -> 0 | O11: =+'PROD.FIG. '!E6 -> 0 | P11: 519.42 | Q11: =IF(P11=0,0,H11/P11) -> 19.393362 | R11: =IF(Q11=0,0,I11/P11) -> 9.6646259 | S11: =IF(R11=0,0,J11/P11) -> 6.815294 | T11: =IF(S11=0,0,K11/P11) -> 5.5831504
A12: 3 | B12: =IF('Entries September 2026'!I9<'Entries September 2026'!I8,"0",(IF('Entries September 2026'!I9>='Entries September 2026'!I8,'Entries September 2026'!I9-'Entries September 2026'!I8,(999999-'Entries September 2026'!I8)+'Entries September 2026'!I9+1))) -> 8694 | C12: =IF('Entries September 2026'!J9<='Entries September 2026'!J8,"0",IF('Entries September 2026'!J9>='Entries September 2026'!J8,'Entries September 2026'!J9-'Entries September 2026'!J8,(999999-'Entries September 2026'!J8)+'Entries September 2026'!J9+1)) -> 0 | D12: =B12+C12 -> 8694 | E12: 1611.6 | F12: =IF((E12+D12)=0,"0",E12/(D12+E12)) -> 0.156381 | G12: =IF('Entries September 2026'!K9<'Entries September 2026'!K8,"0",IF('Entries September 2026'!K9>='Entries September 2026'!K8,'Entries September 2026'!K9-'Entries September 2026'!K8,(999999-'Entries September 2026'!K8)+'Entries September 2026'!K9+1)) -> 0 | H12: =D12+G12+E12 -> 10305.6 | I12: ='Water '!Z9*10 -> 3580 | J12: =IF('Entries September 2026'!B9-'Entries September 2026'!B8<1,"0",'Entries September 2026'!B9-'Entries September 2026'!B8) -> 3460 | K12: ='CO2'!E9 -> 2100 | L12: =+'PROD.FIG. '!F7 -> 0 | M12: =+'PROD.FIG. '!C7 -> 0 | N12: =+'PROD.FIG. '!D7 -> 0 | O12: =+'PROD.FIG. '!E7 -> 0 | P12: 447.678 | Q12: =IF(P12=0,0,H12/P12) -> 23.020117 | R12: =IF(Q12=0,0,I12/P12) -> 7.9968191 | S12: =IF(R12=0,0,J12/P12) -> 7.7287693 | T12: =IF(S12=0,0,K12/P12) -> 4.6908716
A13: 4 | B13: =IF('Entries September 2026'!I10<'Entries September 2026'!I9,"0",(IF('Entries September 2026'!I10>='Entries September 2026'!I9,'Entries September 2026'!I10-'Entries September 2026'!I9,(999999-'Entries September 2026'!I9)+'Entries September 2026'!I10+1))) -> 5679 | C13: =IF('Entries September 2026'!J10<='Entries September 2026'!J9,"0",IF('Entries September 2026'!J10>='Entries September 2026'!J9,'Entries September 2026'!J10-'Entries September 2026'!J9,(999999-'Entries September 2026'!J9)+'Entries September 2026'!J10+1)) -> 0 | D13: =B13+C13 -> 5679 | E13: 1542 | F13: =IF((E13+D13)=0,"0",E13/(D13+E13)) -> 0.21354383 | G13: =IF('Entries September 2026'!K10<'Entries September 2026'!K9,"0",IF('Entries September 2026'!K10>='Entries September 2026'!K9,'Entries September 2026'!K10-'Entries September 2026'!K9,(999999-'Entries September 2026'!K9)+'Entries September 2026'!K10+1)) -> 0 | H13: =D13+G13+E13 -> 7221 | I13: ='Water '!Z10*10 -> 4560 | J13: =IF('Entries September 2026'!B10-'Entries September 2026'!B9<1,"0",'Entries September 2026'!B10-'Entries September 2026'!B9) -> 2040 | K13: ='CO2'!E10 -> 1100 | L13: =+'PROD.FIG. '!F8 -> 0 | M13: =+'PROD.FIG. '!C8 -> 0 | N13: =+'PROD.FIG. '!D8 -> 0 | O13: =+'PROD.FIG. '!E8 -> 0 | P13: 96.294 | Q13: =IF(P13=0,0,H13/P13) -> 74.989096 | R13: =IF(Q13=0,0,I13/P13) -> 47.354975 | S13: =IF(R13=0,0,J13/P13) -> 21.185121 | T13: =IF(S13=0,0,K13/P13) -> 11.423349
A14: 5 | B14: =IF('Entries September 2026'!I11<'Entries September 2026'!I10,"0",(IF('Entries September 2026'!I11>='Entries September 2026'!I10,'Entries September 2026'!I11-'Entries September 2026'!I10,(999999-'Entries September 2026'!I10)+'Entries September 2026'!I11+1))) -> 3385 | C14: =IF('Entries September 2026'!J11<='Entries September 2026'!J10,"0",IF('Entries September 2026'!J11>='Entries September 2026'!J10,'Entries September 2026'!J11-'Entries September 2026'!J10,(999999-'Entries September 2026'!J10)+'Entries September 2026'!J11+1)) -> 0 | D14: =B14+C14 -> 3385 | E14: 1552.4 | F14: =IF((E14+D14)=0,"0",E14/(D14+E14)) -> 0.31441649 | G14: =IF('Entries September 2026'!K11<'Entries September 2026'!K10,"0",IF('Entries September 2026'!K11>='Entries September 2026'!K10,'Entries September 2026'!K11-'Entries September 2026'!K10,(999999-'Entries September 2026'!K10)+'Entries September 2026'!K11+1)) -> 0 | H14: =D14+G14+E14 -> 4937.4 | I14: ='Water '!Z11*10 -> 0 | J14: =IF('Entries September 2026'!B11-'Entries September 2026'!B10<1,"0",'Entries September 2026'!B11-'Entries September 2026'!B10) -> 0 | K14: ='CO2'!E11 -> -2400 | L14: =+'PROD.FIG. '!F9 -> 0 | M14: =+'PROD.FIG. '!C9 -> 0 | N14: =+'PROD.FIG. '!D9 -> 0 | O14: =+'PROD.FIG. '!E9 -> 0 | P14: 0 | Q14: =IF(P14=0,0,H14/P14) -> 0 | R14: =IF(Q14=0,0,I14/P14) -> 0 | S14: =IF(R14=0,0,J14/P14) -> 0 | T14: =IF(S14=0,0,K14/P14) -> 0
A15: 6 | B15: =IF('Entries September 2026'!I12<'Entries September 2026'!I11,"0",(IF('Entries September 2026'!I12>='Entries September 2026'!I11,'Entries September 2026'!I12-'Entries September 2026'!I11,(999999-'Entries September 2026'!I11)+'Entries September 2026'!I12+1))) -> 2797 | C15: =IF('Entries September 2026'!J12<='Entries September 2026'!J11,"0",IF('Entries September 2026'!J12>='Entries September 2026'!J11,'Entries September 2026'!J12-'Entries September 2026'!J11,(999999-'Entries September 2026'!J11)+'Entries September 2026'!J12+1)) -> 0 | D15: =B15+C15 -> 2797 | E15: 1574.3 | F15: =IF((E15+D15)=0,"0",E15/(D15+E15)) -> 0.36014458 | G15: =IF('Entries September 2026'!K12<'Entries September 2026'!K11,"0",IF('Entries September 2026'!K12>='Entries September 2026'!K11,'Entries September 2026'!K12-'Entries September 2026'!K11,(999999-'Entries September 2026'!K11)+'Entries September 2026'!K12+1)) -> 0 | H15: =D15+G15+E15 -> 4371.3 | I15: ='Water '!Z12*10 -> 0 | J15: =IF('Entries September 2026'!B12-'Entries September 2026'!B11<1,"0",'Entries September 2026'!B12-'Entries September 2026'!B11) -> 0 | K15: ='CO2'!E12 -> 0 | L15: =+'PROD.FIG. '!F10 -> 0 | M15: =+'PROD.FIG. '!C10 -> 0 | N15: =+'PROD.FIG. '!D10 -> 0 | O15: =+'PROD.FIG. '!E10 -> 0 | P15: 0 | Q15: =IF(P15=0,0,H15/P15) -> 0 | R15: =IF(Q15=0,0,I15/P15) -> 0 | S15: =IF(R15=0,0,J15/P15) -> 0 | T15: =IF(S15=0,0,K15/P15) -> 0
A16: 7 | B16: =IF('Entries September 2026'!I13<'Entries September 2026'!I12,"0",(IF('Entries September 2026'!I13>='Entries September 2026'!I12,'Entries September 2026'!I13-'Entries September 2026'!I12,(999999-'Entries September 2026'!I12)+'Entries September 2026'!I13+1))) -> 5039 | C16: =IF('Entries September 2026'!J13<='Entries September 2026'!J12,"0",IF('Entries September 2026'!J13>='Entries September 2026'!J12,'Entries September 2026'!J13-'Entries September 2026'!J12,(999999-'Entries September 2026'!J12)+'Entries September 2026'!J13+1)) -> 0 | D16: =B16+C16 -> 5039 | E16: 1506.9 | F16: =IF((E16+D16)=0,"0",E16/(D16+E16)) -> 0.23020517 | G16: =IF('Entries September 2026'!K13<'Entries September 2026'!K12,"0",IF('Entries September 2026'!K13>='Entries September 2026'!K12,'Entries September 2026'!K13-'Entries September 2026'!K12,(999999-'Entries September 2026'!K12)+'Entries September 2026'!K13+1)) -> 0 | H16: =D16+G16+E16 -> 6545.9 | I16: ='Water '!Z13*10 -> 2240 | J16: =IF('Entries September 2026'!B13-'Entries September 2026'!B12<1,"0",'Entries September 2026'!B13-'Entries September 2026'!B12) -> 2310 | K16: ='CO2'!E13 -> 700 | L16: =+'PROD.FIG. '!F11 -> 0 | M16: =+'PROD.FIG. '!C11 -> 0 | N16: =+'PROD.FIG. '!D11 -> 0 | O16: =+'PROD.FIG. '!E11 -> 0 | P16: 0 | Q16: =IF(P16=0,0,H16/P16) -> 0 | R16: =IF(Q16=0,0,I16/P16) -> 0 | S16: =IF(R16=0,0,J16/P16) -> 0 | T16: =IF(S16=0,0,K16/P16) -> 0
A17: 8 | B17: =IF('Entries September 2026'!I14<'Entries September 2026'!I13,"0",(IF('Entries September 2026'!I14>='Entries September 2026'!I13,'Entries September 2026'!I14-'Entries September 2026'!I13,(999999-'Entries September 2026'!I13)+'Entries September 2026'!I14+1))) -> 6654 | C17: =IF('Entries September 2026'!J14<='Entries September 2026'!J13,"0",IF('Entries September 2026'!J14>='Entries September 2026'!J13,'Entries September 2026'!J14-'Entries September 2026'!J13,(999999-'Entries September 2026'!J13)+'Entries September 2026'!J14+1)) -> 0 | D17: =B17+C17 -> 6654 | E17: 1558.3 | F17: =IF((E17+D17)=0,"0",E17/(D17+E17)) -> 0.18975196 | G17: =IF('Entries September 2026'!K14<'Entries September 2026'!K13,"0",IF('Entries September 2026'!K14>='Entries September 2026'!K13,'Entries September 2026'!K14-'Entries September 2026'!K13,(999999-'Entries September 2026'!K13)+'Entries September 2026'!K14+1)) -> 0 | H17: =D17+G17+E17 -> 8212.3 | I17: ='Water '!Z14*10 -> 3650 | J17: =IF('Entries September 2026'!B14-'Entries September 2026'!B13<1,"0",'Entries September 2026'!B14-'Entries September 2026'!B13) -> 3350 | K17: ='CO2'!E14 -> 1900 | L17: =+'PROD.FIG. '!F12 -> 0 | M17: =+'PROD.FIG. '!C12 -> 0 | N17: =+'PROD.FIG. '!D12 -> 0 | O17: =+'PROD.FIG. '!E12 -> 0 | P17: 261.492 | Q17: =IF(P17=0,0,H17/P17) -> 31.40555 | R17: =IF(Q17=0,0,I17/P17) -> 13.958362 | S17: =IF(R17=0,0,J17/P17) -> 12.811099 | T17: =IF(S17=0,0,K17/P17) -> 7.2659967
A18: 9 | B18: =IF('Entries September 2026'!I15<'Entries September 2026'!I14,"0",(IF('Entries September 2026'!I15>='Entries September 2026'!I14,'Entries September 2026'!I15-'Entries September 2026'!I14,(999999-'Entries September 2026'!I14)+'Entries September 2026'!I15+1))) -> 8374 | C18: =IF('Entries September 2026'!J15<='Entries September 2026'!J14,"0",IF('Entries September 2026'!J15>='Entries September 2026'!J14,'Entries September 2026'!J15-'Entries September 2026'!J14,(999999-'Entries September 2026'!J14)+'Entries September 2026'!J15+1)) -> 0 | D18: =B18+C18 -> 8374 | E18: 1042.7 | F18: =IF((E18+D18)=0,"0",E18/(D18+E18)) -> 0.11072881 | G18: =IF('Entries September 2026'!K15<'Entries September 2026'!K14,"0",IF('Entries September 2026'!K15>='Entries September 2026'!K14,'Entries September 2026'!K15-'Entries September 2026'!K14,(999999-'Entries September 2026'!K14)+'Entries September 2026'!K15+1)) -> 0 | H18: =D18+G18+E18 -> 9416.7 | I18: ='Water '!Z15*10 -> 4870 | J18: =IF('Entries September 2026'!B15-'Entries September 2026'!B14<1,"0",'Entries September 2026'!B15-'Entries September 2026'!B14) -> 3850 | K18: ='CO2'!E15 -> 1900 | L18: =+'PROD.FIG. '!F13 -> 0 | M18: =+'PROD.FIG. '!C13 -> 0 | N18: =+'PROD.FIG. '!D13 -> 0 | O18: =+'PROD.FIG. '!E13 -> 0 | P18: 401.61 | Q18: =IF(P18=0,0,H18/P18) -> 23.447374 | R18: =IF(Q18=0,0,I18/P18) -> 12.126192 | S18: =IF(R18=0,0,J18/P18) -> 9.5864147 | T18: =IF(S18=0,0,K18/P18) -> 4.7309579
A19: 10 | B19: =IF('Entries September 2026'!I16<'Entries September 2026'!I15,"0",(IF('Entries September 2026'!I16>='Entries September 2026'!I15,'Entries September 2026'!I16-'Entries September 2026'!I15,(999999-'Entries September 2026'!I15)+'Entries September 2026'!I16+1))) -> 6508 | C19: =IF('Entries September 2026'!J16<='Entries September 2026'!J15,"0",IF('Entries September 2026'!J16>='Entries September 2026'!J15,'Entries September 2026'!J16-'Entries September 2026'!J15,(999999-'Entries September 2026'!J15)+'Entries September 2026'!J16+1)) -> 0 | D19: =B19+C19 -> 6508 | E19: 539.6 | F19: =IF((E19+D19)=0,"0",E19/(D19+E19)) -> 0.076565072 | G19: =IF('Entries September 2026'!K16<'Entries September 2026'!K15,"0",IF('Entries September 2026'!K16>='Entries September 2026'!K15,'Entries September 2026'!K16-'Entries September 2026'!K15,(999999-'Entries September 2026'!K15)+'Entries September 2026'!K16+1)) -> 0 | H19: =D19+G19+E19 -> 7047.6 | I19: ='Water '!Z16*10 -> 3410 | J19: =IF('Entries September 2026'!B16-'Entries September 2026'!B15<1,"0",'Entries September 2026'!B16-'Entries September 2026'!B15) -> 2960 | K19: ='CO2'!E16 -> 2500 | L19: =+'PROD.FIG. '!F14 -> 0 | M19: =+'PROD.FIG. '!C14 -> 0 | N19: =+'PROD.FIG. '!D14 -> 0 | O19: =+'PROD.FIG. '!E14 -> 0 | P19: 402.864 | Q19: =IF(P19=0,0,H19/P19) -> 17.493745 | R19: =IF(Q19=0,0,I19/P19) -> 8.4643949 | S19: =IF(R19=0,0,J19/P19) -> 7.3473927 | T19: =IF(S19=0,0,K19/P19) -> 6.2055681
A20: 11 | B20: =IF('Entries September 2026'!I17<'Entries September 2026'!I16,"0",(IF('Entries September 2026'!I17>='Entries September 2026'!I16,'Entries September 2026'!I17-'Entries September 2026'!I16,(999999-'Entries September 2026'!I16)+'Entries September 2026'!I17+1))) -> 6688 | C20: =IF('Entries September 2026'!J17<='Entries September 2026'!J16,"0",IF('Entries September 2026'!J17>='Entries September 2026'!J16,'Entries September 2026'!J17-'Entries September 2026'!J16,(999999-'Entries September 2026'!J16)+'Entries September 2026'!J17+1)) -> 0 | D20: =B20+C20 -> 6688 | E20: 1365.4 | F20: =IF((E20+D20)=0,"0",E20/(D20+E20)) -> 0.1695433 | G20: =IF('Entries September 2026'!K17<'Entries September 2026'!K16,"0",IF('Entries September 2026'!K17>='Entries September 2026'!K16,'Entries September 2026'!K17-'Entries September 2026'!K16,(999999-'Entries September 2026'!K16)+'Entries September 2026'!K17+1)) -> 0 | H20: =D20+G20+E20 -> 8053.4 | I20: ='Water '!Z17*10 -> 3020 | J20: =IF('Entries September 2026'!B17-'Entries September 2026'!B16<1,"0",'Entries September 2026'!B17-'Entries September 2026'!B16) -> 2830 | K20: ='CO2'!E17 -> 1600 | L20: =+'PROD.FIG. '!F15 -> 0 | M20: =+'PROD.FIG. '!C15 -> 0 | N20: =+'PROD.FIG. '!D15 -> 0 | O20: =+'PROD.FIG. '!E15 -> 0 | P20: 266.244 | Q20: =IF(P20=0,0,H20/P20) -> 30.248193 | R20: =IF(Q20=0,0,I20/P20) -> 11.342979 | S20: =IF(R20=0,0,J20/P20) -> 10.629348 | T20: =IF(S20=0,0,K20/P20) -> 6.0095251
A21: 12 | B21: =IF('Entries September 2026'!I18<'Entries September 2026'!I17,"0",(IF('Entries September 2026'!I18>='Entries September 2026'!I17,'Entries September 2026'!I18-'Entries September 2026'!I17,(999999-'Entries September 2026'!I17)+'Entries September 2026'!I18+1))) -> 3127 | C21: =IF('Entries September 2026'!J18<='Entries September 2026'!J17,"0",IF('Entries September 2026'!J18>='Entries September 2026'!J17,'Entries September 2026'!J18-'Entries September 2026'!J17,(999999-'Entries September 2026'!J17)+'Entries September 2026'!J18+1)) -> 0 | D21: =B21+C21 -> 3127 | E21: 1012.4 | F21: =IF((E21+D21)=0,"0",E21/(D21+E21)) -> 0.24457651 | G21: =IF('Entries September 2026'!K18<'Entries September 2026'!K17,"0",IF('Entries September 2026'!K18>='Entries September 2026'!K17,'Entries September 2026'!K18-'Entries September 2026'!K17,(999999-'Entries September 2026'!K17)+'Entries September 2026'!K18+1)) -> 0 | H21: =D21+G21+E21 -> 4139.4 | I21: ='Water '!Z18*10 -> 1660 | J21: =IF('Entries September 2026'!B18-'Entries September 2026'!B17<1,"0",'Entries September 2026'!B18-'Entries September 2026'!B17) -> 230 | K21: ='CO2'!E18 -> 0 | L21: =+'PROD.FIG. '!F16 -> 0 | M21: =+'PROD.FIG. '!C16 -> 0 | N21: =+'PROD.FIG. '!D16 -> 0 | O21: =+'PROD.FIG. '!E16 -> 0 | P21: 0 | Q21: =IF(P21=0,0,H21/P21) -> 0 | R21: =IF(Q21=0,0,I21/P21) -> 0 | S21: =IF(R21=0,0,J21/P21) -> 0 | T21: =IF(S21=0,0,K21/P21) -> 0
A22: 13 | B22: =IF('Entries September 2026'!I19<'Entries September 2026'!I18,"0",(IF('Entries September 2026'!I19>='Entries September 2026'!I18,'Entries September 2026'!I19-'Entries September 2026'!I18,(999999-'Entries September 2026'!I18)+'Entries September 2026'!I19+1))) -> 4203 | C22: =IF('Entries September 2026'!J19<='Entries September 2026'!J18,"0",IF('Entries September 2026'!J19>='Entries September 2026'!J18,'Entries September 2026'!J19-'Entries September 2026'!J18,(999999-'Entries September 2026'!J18)+'Entries September 2026'!J19+1)) -> 0 | D22: =B22+C22 -> 4203 | E22: 439 | F22: =IF((E22+D22)=0,"0",E22/(D22+E22)) -> 0.094571305 | G22: =IF('Entries September 2026'!K19<'Entries September 2026'!K18,"0",IF('Entries September 2026'!K19>='Entries September 2026'!K18,'Entries September 2026'!K19-'Entries September 2026'!K18,(999999-'Entries September 2026'!K18)+'Entries September 2026'!K19+1)) -> 0 | H22: =D22+G22+E22 -> 4642 | I22: ='Water '!Z19*10 -> 0 | J22: =IF('Entries September 2026'!B19-'Entries September 2026'!B18<1,"0",'Entries September 2026'!B19-'Entries September 2026'!B18) -> 850 | K22: ='CO2'!E19 -> 0 | L22: =+'PROD.FIG. '!F17 -> 0 | M22: =+'PROD.FIG. '!C17 -> 0 | N22: =+'PROD.FIG. '!D17 -> 0 | O22: =+'PROD.FIG. '!E17 -> 0 | P22: 0 | Q22: =IF(P22=0,0,H22/P22) -> 0 | R22: =IF(Q22=0,0,I22/P22) -> 0 | S22: =IF(R22=0,0,J22/P22) -> 0 | T22: =IF(S22=0,0,K22/P22) -> 0
... A37: 28 | B37: =IF('Entries September 2026'!I34<'Entries September 2026'!I33,"0",(IF('Entries September 2026'!I34>='Entries September 2026'!I33,'Entries September 2026'!I34-'Entries September 2026'!I33,(999999-'Entries September 2026'!I33)+'Entries September 2026'!I34+1))) -> 0 | C37: =IF('Entries September 2026'!J34<='Entries September 2026'!J33,"0",IF('Entries September 2026'!J34>='Entries September 2026'!J33,'Entries September 2026'!J34-'Entries September 2026'!J33,(999999-'Entries September 2026'!J33)+'Entries September 2026'!J34+1)) -> 0 | D37: =B37+C37 -> 0 | E37: 1396.2 | F37: =IF((E37+D37)=0,"0",E37/(D37+E37)) -> 1 | G37: =IF('Entries September 2026'!K34<'Entries September 2026'!K33,"0",IF('Entries September 2026'!K34>='Entries September 2026'!K33,'Entries September 2026'!K34-'Entries September 2026'!K33,(999999-'Entries September 2026'!K33)+'Entries September 2026'!K34+1)) -> 0 | H37: =D37+G37+E37 -> 1396.2 | I37: ='Water '!Z34*10 -> 0 | J37: =IF('Entries September 2026'!B34-'Entries September 2026'!B33<1,"0",'Entries September 2026'!B34-'Entries September 2026'!B33) -> 0 | K37: ='CO2'!E34 -> 1300 | L37: =+'PROD.FIG. '!F32 -> 0 | M37: =+'PROD.FIG. '!C32 -> 0 | N37: =+'PROD.FIG. '!D32 -> 0 | O37: =+'PROD.FIG. '!E32 -> 0 | P37: 258.72 | Q37: =IF(P37=0,0,H37/P37) -> 5.3965677 | R37: =IF(Q37=0,0,I37/P37) -> 0 | S37: =IF(R37=0,0,J37/P37) -> 0 | T37: =IF(S37=0,0,K37/P37) -> 0
A38: 29 | B38: =IF('Entries September 2026'!I35<'Entries September 2026'!I34,"0",(IF('Entries September 2026'!I35>='Entries September 2026'!I34,'Entries September 2026'!I35-'Entries September 2026'!I34,(999999-'Entries September 2026'!I34)+'Entries September 2026'!I35+1))) -> 0 | C38: =IF('Entries September 2026'!J35<='Entries September 2026'!J34,"0",IF('Entries September 2026'!J35>='Entries September 2026'!J34,'Entries September 2026'!J35-'Entries September 2026'!J34,(999999-'Entries September 2026'!J34)+'Entries September 2026'!J35+1)) -> 0 | D38: =B38+C38 -> 0 | F38: =IF((E38+D38)=0,"0",E38/(D38+E38)) -> 0 | G38: =IF('Entries September 2026'!K35<'Entries September 2026'!K34,"0",IF('Entries September 2026'!K35>='Entries September 2026'!K34,'Entries September 2026'!K35-'Entries September 2026'!K34,(999999-'Entries September 2026'!K34)+'Entries September 2026'!K35+1)) -> 0 | H38: =IF('Entries September 2026'!L35<'Entries September 2026'!L34,"0",IF('Entries September 2026'!L35>='Entries September 2026'!L34,'Entries September 2026'!L35-'Entries September 2026'!L34,(999999-'Entries September 2026'!L34)+'Entries September 2026'!L35+1)) -> 0 | I38: =IF('Entries September 2026'!M35<'Entries September 2026'!M34,"0",IF('Entries September 2026'!M35>='Entries September 2026'!M34,'Entries September 2026'!M35-'Entries September 2026'!M34,(999999-'Entries September 2026'!M34)+'Entries September 2026'!M35+1)) -> 0 | J38: =IF('Entries September 2026'!N35<'Entries September 2026'!N34,"0",IF('Entries September 2026'!N35>='Entries September 2026'!N34,'Entries September 2026'!N35-'Entries September 2026'!N34,(999999-'Entries September 2026'!N34)+'Entries September 2026'!N35+1)) -> 0 | K38: =IF('Entries September 2026'!O35<'Entries September 2026'!O34,"0",IF('Entries September 2026'!O35>='Entries September 2026'!O34,'Entries September 2026'!O35-'Entries September 2026'!O34,(999999-'Entries September 2026'!O34)+'Entries September 2026'!O35+1)) -> 0 | L38: =IF('Entries September 2026'!P35<'Entries September 2026'!P34,"0",IF('Entries September 2026'!P35>='Entries September 2026'!P34,'Entries September 2026'!P35-'Entries September 2026'!P34,(999999-'Entries September 2026'!P34)+'Entries September 2026'!P35+1)) -> 0 | M38: =IF('Entries September 2026'!Q35<'Entries September 2026'!Q34,"0",IF('Entries September 2026'!Q35>='Entries September 2026'!Q34,'Entries September 2026'!Q35-'Entries September 2026'!Q34,(999999-'Entries September 2026'!Q34)+'Entries September 2026'!Q35+1)) -> 0 | N38: =+'PROD.FIG. '!D33 -> 0 | O38: =+'PROD.FIG. '!E33 -> 0 | P38: 0 | Q38: =IF(P38=0,0,H38/P38) -> 0 | R38: =IF(Q38=0,0,I38/P38) -> 0 | S38: =IF(R38=0,0,J38/P38) -> 0 | T38: =IF(S38=0,0,K38/P38) -> 0
A39: 30 | B39: =IF('Entries September 2026'!I36<'Entries September 2026'!I35,"0",(IF('Entries September 2026'!I36>='Entries September 2026'!I35,'Entries September 2026'!I36-'Entries September 2026'!I35,(999999-'Entries September 2026'!I35)+'Entries September 2026'!I36+1))) -> 0 | C39: =IF('Entries September 2026'!J36<='Entries September 2026'!J35,"0",IF('Entries September 2026'!J36>='Entries September 2026'!J35,'Entries September 2026'!J36-'Entries September 2026'!J35,(999999-'Entries September 2026'!J35)+'Entries September 2026'!J36+1)) -> 0 | D39: =B39+C39 -> 0 | F39: =IF((E39+D39)=0,"0",E39/(D39+E39)) -> 0 | G39: =IF('Entries September 2026'!K36<'Entries September 2026'!K35,"0",IF('Entries September 2026'!K36>='Entries September 2026'!K35,'Entries September 2026'!K36-'Entries September 2026'!K35,(999999-'Entries September 2026'!K35)+'Entries September 2026'!K36+1)) -> 0 | H39: =D39+G39+E39 -> 0 | I39: ='Water '!Z36*10 -> 0 | J39: =IF('Entries September 2026'!B36-'Entries September 2026'!B35<1,"0",'Entries September 2026'!B36-'Entries September 2026'!B35) -> 0 | K39: ='CO2'!E36 -> 0 | L39: =+'PROD.FIG. '!F34 -> 0 | M39: =+'PROD.FIG. '!C34 -> 0 | N39: =+'PROD.FIG. '!D34 -> 0 | O39: =+'PROD.FIG. '!E34 -> 0 | P39: 0 | Q39: =IF(P39=0,0,H39/P39) -> 0 | R39: =IF(Q39=0,0,I39/P39) -> 0 | S39: =IF(R39=0,0,J39/P39) -> 0 | T39: =IF(S39=0,0,K39/P39) -> 0
A40: 31 | B40: =IF('Entries September 2026'!I37<'Entries September 2026'!I36,"0",(IF('Entries September 2026'!I37>='Entries September 2026'!I36,'Entries September 2026'!I37-'Entries September 2026'!I36,(999999-'Entries September 2026'!I36)+'Entries September 2026'!I37+1))) -> 0 | C40: =IF('Entries September 2026'!J37<='Entries September 2026'!J36,"0",IF('Entries September 2026'!J37>='Entries September 2026'!J36,'Entries September 2026'!J37-'Entries September 2026'!J36,(999999-'Entries September 2026'!J36)+'Entries September 2026'!J37+1)) -> 0 | D40: =B40+C40 -> 0 | F40: =IF((E40+D40)=0,"0",E40/(D40+E40)) -> 0 | G40: =IF('Entries September 2026'!K37<'Entries September 2026'!K36,"0",IF('Entries September 2026'!K37>='Entries September 2026'!K36,'Entries September 2026'!K37-'Entries September 2026'!K36,(999999-'Entries September 2026'!K36)+'Entries September 2026'!K37+1)) -> 0 | H40: =D40+G40+E40 -> 0 | I40: ='Water '!Z37*10 -> 0 | J40: =IF('Entries September 2026'!B37-'Entries September 2026'!B36<1,"0",'Entries September 2026'!B37-'Entries September 2026'!B36) -> 0 | K40: ='CO2'!E37 -> 0 | P40: 0 | Q40: =IF(P40=0,0,H40/P40) -> 0 | R40: =IF(Q40=0,0,I40/P40) -> 0 | S40: =IF(R40=0,0,J40/P40) -> 0 | T40: =IF(S40=0,0,K40/P40) -> 0
Q41: MTD
D42: Kwhr | G42: Kwhr | H42: Kwhr | I42: Hl | J42: L | K42: kg. | L42: hl | M42: hl | N42: hl | O42: hl | P42: hl | Q42: Elect | R42: Water | S42: Fuel | T42: CO2
A43: Total | D43: =SUM(D10:D40) -> 167292 | E43: =SUM(E10:E40) -> 37573.6 | F43: =IF((E43+D43)=0,"0",E43/(D43+E43)) -> 0.1834061 | G43: =SUM(G10:G40) -> 0 | H43: =SUM(H10:H40) -> 204865.6 | I43: =SUM(I10:I40) -> 79460 | J43: =SUM(J10:J40) -> 59930 | K43: =SUM(K10:K40) -> 35700 | L43: =SUM(L10:L40) -> 0 | M43: =SUM(M10:M40) -> 0 | N43: =SUM(N10:N40) -> 0 | ... P43: =SUM(P10:P40) -> 6666.462 | Q43: KWH/Hl | R43: Hl/hl | S43: Litres/hl | T43: kg./Hl
D44: TOTAL | E44: =D43+E43 -> 204865.6 | Q44: =IF(P43=0,0,H43/P43) -> 30.730783 | R44: =IF(Q44=0,0,I43/P43) -> 11.919366 | S44: =IF(R44=0,0,J43/P43) -> 8.989776 | T44: =IF(S44=0,0,K43/P43) -> 5.3551644

Sheet Sheet2

Sheet Steam Mass Flow 
A3: DATE | B3: Steam Mass Flow Reading
A5: 1 | B5: =IF('Entries September 2026'!AJ7-'Entries September 2026'!AJ6<1,"0",'Entries September 2026'!AJ7-'Entries September 2026'!AJ6) -> 0
A6: 2 | B6: =IF('Entries September 2026'!AJ8-'Entries September 2026'!AJ7<1,"0",'Entries September 2026'!AJ8-'Entries September 2026'!AJ7) -> 0
A7: 3 | B7: =IF('Entries September 2026'!AJ9-'Entries September 2026'!AJ8<1,"0",'Entries September 2026'!AJ9-'Entries September 2026'!AJ8) -> 0
A8: 4 | B8: =IF('Entries September 2026'!AJ10-'Entries September 2026'!AJ9<1,"0",'Entries September 2026'!AJ10-'Entries September 2026'!AJ9) -> 0
A9: 5 | B9: =IF('Entries September 2026'!AJ11-'Entries September 2026'!AJ10<1,"0",'Entries September 2026'!AJ11-'Entries September 2026'!AJ10) -> 0
A10: 6 | B10: =IF('Entries September 2026'!AJ12-'Entries September 2026'!AJ11<1,"0",'Entries September 2026'!AJ12-'Entries September 2026'!AJ11) -> 0
A11: 7 | B11: =IF('Entries September 2026'!AJ13-'Entries September 2026'!AJ12<1,"0",'Entries September 2026'!AJ13-'Entries September 2026'!AJ12) -> 36.736
A12: 8 | B12: =IF('Entries September 2026'!AJ14-'Entries September 2026'!AJ13<1,"0",'Entries September 2026'!AJ14-'Entries September 2026'!AJ13) -> 181.974
A13: 9 | B13: =IF('Entries September 2026'!AJ15-'Entries September 2026'!AJ14<1,"0",'Entries September 2026'!AJ15-'Entries September 2026'!AJ14) -> 0
A14: 10 | B14: =IF('Entries September 2026'!AJ16-'Entries September 2026'!AJ15<1,"0",'Entries September 2026'!AJ16-'Entries September 2026'!AJ15) -> 0
A15: 11 | B15: =IF('Entries September 2026'!AJ17-'Entries September 2026'!AJ16<1,"0",'Entries September 2026'!AJ17-'Entries September 2026'!AJ16) -> 0
A16: 12 | B16: =IF('Entries September 2026'!AJ18-'Entries September 2026'!AJ17<1,"0",'Entries September 2026'!AJ18-'Entries September 2026'!AJ17) -> 0
... A35: 31 | B35: =IF('Entries September 2026'!AJ37-'Entries September 2026'!AJ36<1,"0",'Entries September 2026'!AJ37-'Entries September 2026'!AJ36) -> 0
B36: =SUM(B5:B35) -> 10972.435

Sheet Fuel 
A1: DAILY FUEL CONSUMPTION FOR SEPTEMBER 2026
M2: KPI WITH ORIGINAL METER | N2: KPI WITH AUTO FLAME METER
A4: DATE | B4: Boiler 1 | C4: Boiler 1 | D4: Boiler 1. (AF Control) | E4: Boiler 2 | F4: Boiler 2 | G4: Gen. | H4: Gen | I4: Boiler 1 | J4: Gen. | K4: Daily cons. | L4: Total Prod.(HL) | M4: Fuel(Litres/HL) | N4: Fuel(Litres/HL) | O4: DIFERENCE (LTS)
B5: Cons ( l ) | C5: Hrs | D5: Cons ( l ) | E5: Cons ( l ) | F5: Hrs | G5: Cons ( l ) | H5: Hrs | I5: cons (l/hr) | J5: Cons.(l/hr) | K5: (litres)
A7: 1 | B7: =IF('Entries September 2026'!B7-'Entries September 2026'!B6<1,"0",'Entries September 2026'!B7-'Entries September 2026'!B6) -> 3280 | C7: =IF('Entries September 2026'!F7-'Entries September 2026'!F6<1,"0",'Entries September 2026'!F7-'Entries September 2026'!F6) -> 20.6 | D7: =IF('Entries September 2026'!C7-'Entries September 2026'!C6<1,"0",'Entries September 2026'!C7-'Entries September 2026'!C6) -> 3010 | E7: =IF(F7=0,"0", D7/F7) -> 0 | F7: =IF('Entries September 2026'!G7-'Entries September 2026'!G6<1,"0",'Entries September 2026'!G7-'Entries September 2026'!G6) -> 0 | I7: =IF(C7=0,"0", B7/(C7)) -> 159.2233 | J7: =IF(H7=0,"0", G7/H7) -> 0 | K7: =B7+E7+G7 -> 3280 | L7: {=IF(TRANSPOSE('Daily KPIs'!B9:AF9)=0,"0",TRANSPOSE('Daily KPIs'!B9:AF9))} -> 493.416 | M7: =IF(L7=0,"0",(K7/L7)) -> 6.6475347 | N7: =IF(L7=0,"0",(D7/L7)) -> 6.1003291 | O7: =B7-D7 -> 270
A8: 2 | B8: =IF('Entries September 2026'!B8-'Entries September 2026'!B7<1,"0",'Entries September 2026'!B8-'Entries September 2026'!B7) -> 3540 | C8: =IF('Entries September 2026'!F8-'Entries September 2026'!F7<1,"0",'Entries September 2026'!F8-'Entries September 2026'!F7) -> 21.3 | D8: =IF('Entries September 2026'!C8-'Entries September 2026'!C7<1,"0",'Entries September 2026'!C8-'Entries September 2026'!C7) -> 3506.3 | E8: =IF(F8=0,"0", D8/F8) -> 0 | F8: =IF('Entries September 2026'!G8-'Entries September 2026'!G7<1,"0",'Entries September 2026'!G8-'Entries September 2026'!G7) -> 0 | I8: =IF(C8=0,"0", B8/(C8)) -> 166.19718 | J8: =IF(H8=0,"0", G8/H8) -> 0 | K8: =B8+E8+G8 -> 3540 | L8: 519.42 | M8: =IF(L8=0,"0",(K8/L8)) -> 6.815294 | N8: =IF(L8=0,"0",(D8/L8)) -> 6.7504139 | O8: =B8-D8 -> 33.7
A9: 3 | B9: =IF('Entries September 2026'!B9-'Entries September 2026'!B8<1,"0",'Entries September 2026'!B9-'Entries September 2026'!B8) -> 3460 | C9: =IF('Entries September 2026'!F9-'Entries September 2026'!F8<1,"0",'Entries September 2026'!F9-'Entries September 2026'!F8) -> 21.1 | D9: =IF('Entries September 2026'!C9-'Entries September 2026'!C8<1,"0",'Entries September 2026'!C9-'Entries September 2026'!C8) -> 3374.5 | E9: =IF(F9=0,"0", D9/F9) -> 0 | F9: =IF('Entries September 2026'!G9-'Entries September 2026'!G8<1,"0",'Entries September 2026'!G9-'Entries September 2026'!G8) -> 0 | I9: =IF(C9=0,"0", B9/(C9)) -> 163.98104 | J9: =IF(H9=0,"0", G9/H9) -> 0 | K9: =B9+E9+G9 -> 3460 | L9: 447.678 | M9: =IF(L9=0,"0",(K9/L9)) -> 7.7287693 | N9: =IF(L9=0,"0",(D9/L9)) -> 7.5377839 | O9: =B9-D9 -> 85.5
A10: 4 | B10: =IF('Entries September 2026'!B10-'Entries September 2026'!B9<1,"0",'Entries September 2026'!B10-'Entries September 2026'!B9) -> 2040 | C10: =IF('Entries September 2026'!F10-'Entries September 2026'!F9<1,"0",'Entries September 2026'!F10-'Entries September 2026'!F9) -> 15.3 | D10: =IF('Entries September 2026'!C10-'Entries September 2026'!C9<1,"0",'Entries September 2026'!C10-'Entries September 2026'!C9) -> 1735.5 | E10: =IF(F10=0,"0", D10/F10) -> 0 | F10: =IF('Entries September 2026'!G10-'Entries September 2026'!G9<1,"0",'Entries September 2026'!G10-'Entries September 2026'!G9) -> 0 | I10: =IF(C10=0,"0", B10/(C10)) -> 133.33333 | J10: =IF(H10=0,"0", G10/H10) -> 0 | K10: =B10+E10+G10 -> 2040 | L10: 96.294 | M10: =IF(L10=0,"0",(K10/L10)) -> 21.185121 | N10: =IF(L10=0,"0",(D10/L10)) -> 18.02293 | O10: =B10-D10 -> 304.5
A11: 5 | B11: =IF('Entries September 2026'!B11-'Entries September 2026'!B10<1,"0",'Entries September 2026'!B11-'Entries September 2026'!B10) -> 0 | C11: =IF('Entries September 2026'!F11-'Entries September 2026'!F10<1,"0",'Entries September 2026'!F11-'Entries September 2026'!F10) -> 0 | D11: =IF('Entries September 2026'!C11-'Entries September 2026'!C10<1,"0",'Entries September 2026'!C11-'Entries September 2026'!C10) -> 0 | E11: =IF(F11=0,"0", D11/F11) -> 0 | F11: =IF('Entries September 2026'!G11-'Entries September 2026'!G10<1,"0",'Entries September 2026'!G11-'Entries September 2026'!G10) -> 0 | I11: =IF(C11=0,"0", B11/(C11)) -> 0 | J11: =IF(H11=0,"0", G11/H11) -> 0 | K11: =B11+E11+G11 -> 0 | L11: 0 | M11: =IF(L11=0,"0",(K11/L11)) -> 0 | N11: =IF(L11=0,"0",(D11/L11)) -> 0 | O11: =B11-D11 -> 0
A12: 6 | B12: =IF('Entries September 2026'!B12-'Entries September 2026'!B11<1,"0",'Entries September 2026'!B12-'Entries September 2026'!B11) -> 0 | C12: =IF('Entries September 2026'!F12-'Entries September 2026'!F11<1,"0",'Entries September 2026'!F12-'Entries September 2026'!F11) -> 0 | D12: =IF('Entries September 2026'!C12-'Entries September 2026'!C11<1,"0",'Entries September 2026'!C12-'Entries September 2026'!C11) -> 0 | E12: =IF(F12=0,"0", D12/F12) -> 0 | F12: =IF('Entries September 2026'!G12-'Entries September 2026'!G11<1,"0",'Entries September 2026'!G12-'Entries September 2026'!G11) -> 0 | I12: =IF(C12=0,"0", B12/(C12)) -> 0 | J12: =IF(H12=0,"0", G12/H12) -> 0 | K12: =B12+E12+G12 -> 0 | L12: 0 | M12: =IF(L12=0,"0",(K12/L12)) -> 0 | N12: =IF(L12=0,"0",(D12/L12)) -> 0 | O12: =B12-D12 -> 0
A13: 7 | B13: =IF('Entries September 2026'!B13-'Entries September 2026'!B12<1,"0",'Entries September 2026'!B13-'Entries September 2026'!B12) -> 2310 | C13: =IF('Entries September 2026'!F13-'Entries September 2026'!F12<1,"0",'Entries September 2026'!F13-'Entries September 2026'!F12) -> 18.5 | D13: =IF('Entries September 2026'!C13-'Entries September 2026'!C12<1,"0",'Entries September 2026'!C13-'Entries September 2026'!C12) -> 2304.9 | E13: =IF(F13=0,"0", D13/F13) -> 0 | F13: =IF('Entries September 2026'!G13-'Entries September 2026'!G12<1,"0",'Entries September 2026'!G13-'Entries September 2026'!G12) -> 0 | I13: =IF(C13=0,"0", B13/(C13)) -> 124.86486 | J13: =IF(H13=0,"0", G13/H13) -> 0 | K13: =B13+E13+G13 -> 2310 | L13: 0 | M13: =IF(L13=0,"0",(K13/L13)) -> 0 | N13: =IF(L13=0,"0",(D13/L13)) -> 0 | O13: =B13-D13 -> 5.1
A14: 8 | B14: =IF('Entries September 2026'!B14-'Entries September 2026'!B13<1,"0",'Entries September 2026'!B14-'Entries September 2026'!B13) -> 3350 | C14: =IF('Entries September 2026'!F14-'Entries September 2026'!F13<1,"0",'Entries September 2026'!F14-'Entries September 2026'!F13) -> 20.8 | D14: =IF('Entries September 2026'!C14-'Entries September 2026'!C13<1,"0",'Entries September 2026'!C14-'Entries September 2026'!C13) -> 2879.8 | E14: =IF(F14=0,"0", D14/F14) -> 0 | F14: =IF('Entries September 2026'!G14-'Entries September 2026'!G13<1,"0",'Entries September 2026'!G14-'Entries September 2026'!G13) -> 0 | I14: =IF(C14=0,"0", B14/(C14)) -> 161.05769 | J14: =IF(H14=0,"0", G14/H14) -> 0 | K14: =B14+E14+G14 -> 3350 | L14: 261.492 | M14: =IF(L14=0,"0",(K14/L14)) -> 12.811099 | N14: =IF(L14=0,"0",(D14/L14)) -> 11.012956 | O14: =B14-D14 -> 470.2
A15: 9 | B15: =IF('Entries September 2026'!B15-'Entries September 2026'!B14<1,"0",'Entries September 2026'!B15-'Entries September 2026'!B14) -> 3850 | C15: =IF('Entries September 2026'!F15-'Entries September 2026'!F14<1,"0",'Entries September 2026'!F15-'Entries September 2026'!F14) -> 20.5 | D15: =IF('Entries September 2026'!C15-'Entries September 2026'!C14<1,"0",'Entries September 2026'!C15-'Entries September 2026'!C14) -> 3813.5 | E15: =IF(F15=0,"0", D15/F15) -> 0 | F15: =IF('Entries September 2026'!G15-'Entries September 2026'!G14<1,"0",'Entries September 2026'!G15-'Entries September 2026'!G14) -> 0 | I15: =IF(C15=0,"0", B15/(C15)) -> 187.80488 | J15: =IF(H15=0,"0", G15/H15) -> 0 | K15: =B15+E15+G15 -> 3850 | L15: 401.61 | M15: =IF(L15=0,"0",(K15/L15)) -> 9.5864147 | N15: =IF(L15=0,"0",(D15/L15)) -> 9.4955305 | O15: =B15-D15 -> 36.5
A16: 10 | B16: =IF('Entries September 2026'!B16-'Entries September 2026'!B15<1,"0",'Entries September 2026'!B16-'Entries September 2026'!B15) -> 2960 | C16: =IF('Entries September 2026'!F16-'Entries September 2026'!F15<1,"0",'Entries September 2026'!F16-'Entries September 2026'!F15) -> 22.6 | D16: =IF('Entries September 2026'!C16-'Entries September 2026'!C15<1,"0",'Entries September 2026'!C16-'Entries September 2026'!C15) -> 2717.4 | E16: =IF(F16=0,"0", D16/F16) -> 0 | F16: =IF('Entries September 2026'!G16-'Entries September 2026'!G15<1,"0",'Entries September 2026'!G16-'Entries September 2026'!G15) -> 0 | I16: =IF(C16=0,"0", B16/(C16)) -> 130.97345 | J16: =IF(H16=0,"0", G16/H16) -> 0 | K16: =B16+E16+G16 -> 2960 | L16: 402.864 | M16: =IF(L16=0,"0",(K16/L16)) -> 7.3473927 | N16: =IF(L16=0,"0",(D16/L16)) -> 6.7452043 | O16: =B16-D16 -> 242.6
A17: 11 | B17: =IF('Entries September 2026'!B17-'Entries September 2026'!B16<1,"0",'Entries September 2026'!B17-'Entries September 2026'!B16) -> 2830 | C17: =IF('Entries September 2026'!F17-'Entries September 2026'!F16<1,"0",'Entries September 2026'!F17-'Entries September 2026'!F16) -> 18.1 | D17: =IF('Entries September 2026'!C17-'Entries September 2026'!C16<1,"0",'Entries September 2026'!C17-'Entries September 2026'!C16) -> 2680.4 | E17: =IF(F17=0,"0", D17/F17) -> 0 | F17: =IF('Entries September 2026'!G17-'Entries September 2026'!G16<1,"0",'Entries September 2026'!G17-'Entries September 2026'!G16) -> 0 | I17: =IF(C17=0,"0", B17/(C17)) -> 156.35359 | J17: =IF(H17=0,"0", G17/H17) -> 0 | K17: =B17+E17+G17 -> 2830 | L17: 266.244 | M17: =IF(L17=0,"0",(K17/L17)) -> 10.629348 | N17: =IF(L17=0,"0",(D17/L17)) -> 10.067457 | O17: =B17-D17 -> 149.6
A18: 12 | B18: =IF('Entries September 2026'!B18-'Entries September 2026'!B17<1,"0",'Entries September 2026'!B18-'Entries September 2026'!B17) -> 230 | C18: =IF('Entries September 2026'!F18-'Entries September 2026'!F17<1,"0",'Entries September 2026'!F18-'Entries September 2026'!F17) -> 1.5 | D18: =IF('Entries September 2026'!C18-'Entries September 2026'!C17<1,"0",'Entries September 2026'!C18-'Entries September 2026'!C17) -> 223.7 | E18: =IF(F18=0,"0", D18/F18) -> 0 | F18: =IF('Entries September 2026'!G18-'Entries September 2026'!G17<1,"0",'Entries September 2026'!G18-'Entries September 2026'!G17) -> 0 | I18: =IF(C18=0,"0", B18/(C18)) -> 153.33333 | J18: =IF(H18=0,"0", G18/H18) -> 0 | K18: =B18+E18+G18 -> 230 | L18: 0 | M18: =IF(L18=0,"0",(K18/L18)) -> 0 | N18: =IF(L18=0,"0",(D18/L18)) -> 0 | O18: =B18-D18 -> 6.3
A19: 13 | B19: =IF('Entries September 2026'!B19-'Entries September 2026'!B18<1,"0",'Entries September 2026'!B19-'Entries September 2026'!B18) -> 850 | C19: =IF('Entries September 2026'!F19-'Entries September 2026'!F18<1,"0",'Entries September 2026'!F19-'Entries September 2026'!F18) -> 5.3 | D19: =IF('Entries September 2026'!C19-'Entries September 2026'!C18<1,"0",'Entries September 2026'!C19-'Entries September 2026'!C18) -> 809.4 | E19: =IF(F19=0,"0", D19/F19) -> 0 | F19: =IF('Entries September 2026'!G19-'Entries September 2026'!G18<1,"0",'Entries September 2026'!G19-'Entries September 2026'!G18) -> 0 | I19: =IF(C19=0,"0", B19/(C19)) -> 160.37736 | J19: =IF(H19=0,"0", G19/H19) -> 0 | K19: =B19+E19+G19 -> 850 | L19: 0 | M19: =IF(L19=0,"0",(K19/L19)) -> 0 | N19: =IF(L19=0,"0",(D19/L19)) -> 0 | O19: =B19-D19 -> 40.6
A20: 14 | B20: =IF('Entries September 2026'!B20-'Entries September 2026'!B19<1,"0",'Entries September 2026'!B20-'Entries September 2026'!B19) -> 3430 | C20: =IF('Entries September 2026'!F20-'Entries September 2026'!F19<1,"0",'Entries September 2026'!F20-'Entries September 2026'!F19) -> 21.6 | D20: =IF('Entries September 2026'!C20-'Entries September 2026'!C19<1,"0",'Entries September 2026'!C20-'Entries September 2026'!C19) -> 3379.4 | E20: =IF(F20=0,"0", D20/F20) -> 0 | F20: =IF('Entries September 2026'!G20-'Entries September 2026'!G19<1,"0",'Entries September 2026'!G20-'Entries September 2026'!G19) -> 0 | I20: =IF(C20=0,"0", B20/(C20)) -> 158.7963 | J20: =IF(H20=0,"0", G20/H20) -> 0 | K20: =B20+E20+G20 -> 3430 | L20: 497.904 | M20: =IF(L20=0,"0",(K20/L20)) -> 6.8888782 | N20: =IF(L20=0,"0",(D20/L20)) -> 6.7872522 | O20: =B20-D20 -> 50.6
A21: 15 | B21: =IF('Entries September 2026'!B21-'Entries September 2026'!B20<1,"0",'Entries September 2026'!B21-'Entries September 2026'!B20) -> 3640 | C21: =IF('Entries September 2026'!F21-'Entries September 2026'!F20<1,"0",'Entries September 2026'!F21-'Entries September 2026'!F20) -> 22.2 | D21: =IF('Entries September 2026'!C21-'Entries September 2026'!C20<1,"0",'Entries September 2026'!C21-'Entries September 2026'!C20) -> 3368.8 | E21: =IF(F21=0,"0", D21/F21) -> 0 | F21: =IF('Entries September 2026'!G21-'Entries September 2026'!G20<1,"0",'Entries September 2026'!G21-'Entries September 2026'!G20) -> 0 | I21: =IF(C21=0,"0", B21/(C21)) -> 163.96396 | J21: =IF(H21=0,"0", G21/H21) -> 0 | K21: =B21+E21+G21 -> 3640 | L21: 602.91 | M21: =IF(L21=0,"0",(K21/L21)) -> 6.0373853 | N21: =IF(L21=0,"0",(D21/L21)) -> 5.587567 | O21: =B21-D21 -> 271.2
A22: 16 | B22: =IF('Entries September 2026'!B22-'Entries September 2026'!B21<1,"0",'Entries September 2026'!B22-'Entries September 2026'!B21) -> 3050 | C22: =IF('Entries September 2026'!F22-'Entries September 2026'!F21<1,"0",'Entries September 2026'!F22-'Entries September 2026'!F21) -> 20.5 | D22: =IF('Entries September 2026'!C22-'Entries September 2026'!C21<1,"0",'Entries September 2026'!C22-'Entries September 2026'!C21) -> 2717.4 | E22: =IF(F22=0,"0", D22/F22) -> 0 | F22: =IF('Entries September 2026'!G22-'Entries September 2026'!G21<1,"0",'Entries September 2026'!G22-'Entries September 2026'!G21) -> 0 | I22: =IF(C22=0,"0", B22/(C22)) -> 148.78049 | J22: =IF(H22=0,"0", G22/H22) -> 0 | K22: =B22+E22+G22 -> 3050 | L22: 243.342 | M22: =IF(L22=0,"0",(K22/L22)) -> 12.5338 | N22: =IF(L22=0,"0",(D22/L22)) -> 11.167 | O22: =B22-D22 -> 332.6
A23: 17 | B23: =IF('Entries September 2026'!B23-'Entries September 2026'!B22<1,"0",'Entries September 2026'!B23-'Entries September 2026'!B22) -> 3500 | C23: =IF('Entries September 2026'!F23-'Entries September 2026'!F22<1,"0",'Entries September 2026'!F23-'Entries September 2026'!F22) -> 21.7 | D23: =IF('Entries September 2026'!C23-'Entries September 2026'!C22<1,"0",'Entries September 2026'!C23-'Entries September 2026'!C22) -> 3314.7 | E23: =IF(F23=0,"0", D23/F23) -> 0 | F23: =IF('Entries September 2026'!G23-'Entries September 2026'!G22<1,"0",'Entries September 2026'!G23-'Entries September 2026'!G22) -> 0 | I23: =IF(C23=0,"0", B23/(C23)) -> 161.29032 | J23: =IF(H23=0,"0", G23/H23) -> 0 | K23: =B23+E23+G23 -> 3500 | L23: 290.202 | M23: =IF(L23=0,"0",(K23/L23)) -> 12.060565 | N23: =IF(L23=0,"0",(D23/L23)) -> 11.422044 | O23: =B23-D23 -> 185.3
A24: 18 | B24: =IF('Entries September 2026'!B24-'Entries September 2026'!B23<1,"0",'Entries September 2026'!B24-'Entries September 2026'!B23) -> 2650 | C24: =IF('Entries September 2026'!F24-'Entries September 2026'!F23<1,"0",'Entries September 2026'!F24-'Entries September 2026'!F23) -> 17.9 | D24: =IF('Entries September 2026'!C24-'Entries September 2026'!C23<1,"0",'Entries September 2026'!C24-'Entries September 2026'!C23) -> 2318.1 | E24: =IF(F24=0,"0", D24/F24) -> 0 | F24: =IF('Entries September 2026'!G24-'Entries September 2026'!G23<1,"0",'Entries September 2026'!G24-'Entries September 2026'!G23) -> 0 | I24: =IF(C24=0,"0", B24/(C24)) -> 148.04469 | J24: =IF(H24=0,"0", G24/H24) -> 0 | K24: =B24+E24+G24 -> 2650 | L24: 440.814 | M24: =IF(L24=0,"0",(K24/L24)) -> 6.0116058 | N24: =IF(L24=0,"0",(D24/L24)) -> 5.2586805 | O24: =B24-D24 -> 331.9
A25: 19 | B25: =IF('Entries September 2026'!B25-'Entries September 2026'!B24<1,"0",'Entries September 2026'!B25-'Entries September 2026'!B24) -> 300 | C25: =IF('Entries September 2026'!F25-'Entries September 2026'!F24<1,"0",'Entries September 2026'!F25-'Entries September 2026'!F24) -> 1.9 | D25: =IF('Entries September 2026'!C25-'Entries September 2026'!C24<1,"0",'Entries September 2026'!C25-'Entries September 2026'!C24) -> 318.2 | E25: =IF(F25=0,"0", D25/F25) -> 0 | F25: =IF('Entries September 2026'!G25-'Entries September 2026'!G24<1,"0",'Entries September 2026'!G25-'Entries September 2026'!G24) -> 0 | I25: =IF(C25=0,"0", B25/(C25)) -> 157.89474 | J25: =IF(H25=0,"0", G25/H25) -> 0 | K25: =B25+E25+G25 -> 300 | L25: 0 | M25: =IF(L25=0,"0",(K25/L25)) -> 0 | N25: =IF(L25=0,"0",(D25/L25)) -> 0 | O25: =B25-D25 -> -18.2
A26: 20 | B26: =IF('Entries September 2026'!B26-'Entries September 2026'!B25<1,"0",'Entries September 2026'!B26-'Entries September 2026'!B25) -> 140 | C26: =IF('Entries September 2026'!F26-'Entries September 2026'!F25<1,"0",'Entries September 2026'!F26-'Entries September 2026'!F25) -> 0 | D26: =IF('Entries September 2026'!C26-'Entries September 2026'!C25<1,"0",'Entries September 2026'!C26-'Entries September 2026'!C25) -> 146.3 | E26: =IF(F26=0,"0", D26/F26) -> 0 | F26: =IF('Entries September 2026'!G26-'Entries September 2026'!G25<1,"0",'Entries September 2026'!G26-'Entries September 2026'!G25) -> 0 | I26: =IF(C26=0,"0", B26/(C26)) -> 0 | J26: =IF(H26=0,"0", G26/H26) -> 0 | K26: =B26+E26+G26 -> 140 | L26: 0 | M26: =IF(L26=0,"0",(K26/L26)) -> 0 | N26: =IF(L26=0,"0",(D26/L26)) -> 0 | O26: =B26-D26 -> -6.3
A27: 21 | B27: =IF('Entries September 2026'!B27-'Entries September 2026'!B26<1,"0",'Entries September 2026'!B27-'Entries September 2026'!B26) -> 3110 | C27: =IF('Entries September 2026'!F27-'Entries September 2026'!F26<1,"0",'Entries September 2026'!F27-'Entries September 2026'!F26) -> 19.1 | D27: =IF('Entries September 2026'!C27-'Entries September 2026'!C26<1,"0",'Entries September 2026'!C27-'Entries September 2026'!C26) -> 3161 | E27: =IF(F27=0,"0", D27/F27) -> 0 | F27: =IF('Entries September 2026'!G27-'Entries September 2026'!G26<1,"0",'Entries September 2026'!G27-'Entries September 2026'!G26) -> 0 | I27: =IF(C27=0,"0", B27/(C27)) -> 162.82723 | J27: =IF(H27=0,"0", G27/H27) -> 0 | K27: =B27+E27+G27 -> 3110 | L27: 179.916 | M27: =IF(L27=0,"0",(K27/L27)) -> 17.285845 | N27: =IF(L27=0,"0",(D27/L27)) -> 17.56931 | O27: =B27-D27 -> -51
A28: 22 | B28: =IF('Entries September 2026'!B28-'Entries September 2026'!B27<1,"0",'Entries September 2026'!B28-'Entries September 2026'!B27) -> 2820 | C28: =IF('Entries September 2026'!F28-'Entries September 2026'!F27<1,"0",'Entries September 2026'!F28-'Entries September 2026'!F27) -> 18.7 | D28: =IF('Entries September 2026'!C28-'Entries September 2026'!C27<1,"0",'Entries September 2026'!C28-'Entries September 2026'!C27) -> 2558.2 | E28: =IF(F28=0,"0", D28/F28) -> 0 | F28: =IF('Entries September 2026'!G28-'Entries September 2026'!G27<1,"0",'Entries September 2026'!G28-'Entries September 2026'!G27) -> 0 | I28: =IF(C28=0,"0", B28/(C28)) -> 150.80214 | J28: =IF(H28=0,"0", G28/H28) -> 0 | K28: =B28+E28+G28 -> 2820 | L28: 365.508 | M28: =IF(L28=0,"0",(K28/L28)) -> 7.7152894 | N28: =IF(L28=0,"0",(D28/L28)) -> 6.999026 | O28: =B28-D28 -> 261.8
A29: 23 | B29: =IF('Entries September 2026'!B29-'Entries September 2026'!B28<1,"0",'Entries September 2026'!B29-'Entries September 2026'!B28) -> 3070 | C29: =IF('Entries September 2026'!F29-'Entries September 2026'!F28<1,"0",'Entries September 2026'!F29-'Entries September 2026'!F28) -> 20.3 | D29: =IF('Entries September 2026'!C29-'Entries September 2026'!C28<1,"0",'Entries September 2026'!C29-'Entries September 2026'!C28) -> 2850.4 | E29: =IF(F29=0,"0", D29/F29) -> 0 | F29: =IF('Entries September 2026'!G29-'Entries September 2026'!G28<1,"0",'Entries September 2026'!G29-'Entries September 2026'!G28) -> 0 | I29: =IF(C29=0,"0", B29/(C29)) -> 151.23153 | J29: =IF(H29=0,"0", G29/H29) -> 0 | K29: =B29+E29+G29 -> 3070 | L29: 280.17 | M29: =IF(L29=0,"0",(K29/L29)) -> 10.957633 | N29: =IF(L29=0,"0",(D29/L29)) -> 10.173823 | O29: =B29-D29 -> 219.6
A30: 24 | B30: =IF('Entries September 2026'!B30-'Entries September 2026'!B29<1,"0",'Entries September 2026'!B30-'Entries September 2026'!B29) -> 2920 | C30: =IF('Entries September 2026'!F30-'Entries September 2026'!F29<1,"0",'Entries September 2026'!F30-'Entries September 2026'!F29) -> 20.4 | D30: =IF('Entries September 2026'!C30-'Entries September 2026'!C29<1,"0",'Entries September 2026'!C30-'Entries September 2026'!C29) -> 2483.7 | E30: =IF(F30=0,"0", D30/F30) -> 0 | F30: =IF('Entries September 2026'!G30-'Entries September 2026'!G29<1,"0",'Entries September 2026'!G30-'Entries September 2026'!G29) -> 0 | I30: =IF(C30=0,"0", B30/(C30)) -> 143.13725 | J30: =IF(H30=0,"0", G30/H30) -> 0 | K30: =B30+E30+G30 -> 2920 | L30: 354.948 | M30: =IF(L30=0,"0",(K30/L30)) -> 8.2265571 | N30: =IF(L30=0,"0",(D30/L30)) -> 6.997363 | O30: =B30-D30 -> 436.3
A31: 25 | B31: =IF('Entries September 2026'!B31-'Entries September 2026'!B30<1,"0",'Entries September 2026'!B31-'Entries September 2026'!B30) -> 2370 | C31: =IF('Entries September 2026'!F31-'Entries September 2026'!F30<1,"0",'Entries September 2026'!F31-'Entries September 2026'!F30) -> 17.6 | D31: =IF('Entries September 2026'!C31-'Entries September 2026'!C30<1,"0",'Entries September 2026'!C31-'Entries September 2026'!C30) -> 1926.1 | E31: =IF(F31=0,"0", D31/F31) -> 0 | F31: =IF('Entries September 2026'!G31-'Entries September 2026'!G30<1,"0",'Entries September 2026'!G31-'Entries September 2026'!G30) -> 0 | I31: =IF(C31=0,"0", B31/(C31)) -> 134.65909 | J31: =IF(H31=0,"0", G31/H31) -> 0 | K31: =B31+E31+G31 -> 2370 | L31: 263.01 | M31: =IF(L31=0,"0",(K31/L31)) -> 9.0110642 | N31: =IF(L31=0,"0",(D31/L31)) -> 7.3232957 | O31: =B31-D31 -> 443.9
A32: 26 | B32: =IF('Entries September 2026'!B32-'Entries September 2026'!B31<1,"0",'Entries September 2026'!B32-'Entries September 2026'!B31) -> 100 | C32: =IF('Entries September 2026'!F32-'Entries September 2026'!F31<1,"0",'Entries September 2026'!F32-'Entries September 2026'!F31) -> 0 | D32: =IF('Entries September 2026'!C32-'Entries September 2026'!C31<1,"0",'Entries September 2026'!C32-'Entries September 2026'!C31) -> 128.1 | E32: =IF(F32=0,"0", D32/F32) -> 0 | F32: =IF('Entries September 2026'!G32-'Entries September 2026'!G31<1,"0",'Entries September 2026'!G32-'Entries September 2026'!G31) -> 0 | I32: =IF(C32=0,"0", B32/(C32)) -> 0 | J32: =IF(H32=0,"0", G32/H32) -> 0 | K32: =B32+E32+G32 -> 100 | L32: 0 | M32: =IF(L32=0,"0",(K32/L32)) -> 0 | N32: =IF(L32=0,"0",(D32/L32)) -> 0 | O32: =B32-D32 -> -28.1
A33: 27 | B33: =IF('Entries September 2026'!B33-'Entries September 2026'!B32<1,"0",'Entries September 2026'!B33-'Entries September 2026'!B32) -> 130 | C33: =IF('Entries September 2026'!F33-'Entries September 2026'!F32<1,"0",'Entries September 2026'!F33-'Entries September 2026'!F32) -> 0 | D33: =IF('Entries September 2026'!C33-'Entries September 2026'!C32<1,"0",'Entries September 2026'!C33-'Entries September 2026'!C32) -> 149.2 | E33: =IF(F33=0,"0", D33/F33) -> 0 | F33: =IF('Entries September 2026'!G33-'Entries September 2026'!G32<1,"0",'Entries September 2026'!G33-'Entries September 2026'!G32) -> 0 | I33: =IF(C33=0,"0", B33/(C33)) -> 0 | J33: =IF(H33=0,"0", G33/H33) -> 0 | K33: =B33+E33+G33 -> 130 | L33: 0 | M33: =IF(L33=0,"0",(K33/L33)) -> 0 | N33: =IF(L33=0,"0",(D33/L33)) -> 0 | O33: =B33-D33 -> -19.2
A34: 28 | B34: =IF('Entries September 2026'!B34-'Entries September 2026'!B33<1,"0",'Entries September 2026'!B34-'Entries September 2026'!B33) -> 0 | C34: =IF('Entries September 2026'!F34-'Entries September 2026'!F33<1,"0",'Entries September 2026'!F34-'Entries September 2026'!F33) -> 0 | D34: =IF('Entries September 2026'!C34-'Entries September 2026'!C33<1,"0",'Entries September 2026'!C34-'Entries September 2026'!C33) -> 0 | E34: =IF(F34=0,"0", D34/F34) -> 0 | F34: =IF('Entries September 2026'!G34-'Entries September 2026'!G33<1,"0",'Entries September 2026'!G34-'Entries September 2026'!G33) -> 0 | I34: =IF(C34=0,"0", B34/(C34)) -> 0 | J34: =IF(H34=0,"0", G34/H34) -> 0 | K34: =B34+E34+G34 -> 0 | L34: 258.72 | M34: =IF(L34=0,"0",(K34/L34)) -> 0 | N34: =IF(L34=0,"0",(D34/L34)) -> 0 | O34: =B34-D34 -> 0
A35: 29 | B35: =IF('Entries September 2026'!B35-'Entries September 2026'!B34<1,"0",'Entries September 2026'!B35-'Entries September 2026'!B34) -> 0 | C35: =IF('Entries September 2026'!F35-'Entries September 2026'!F34<1,"0",'Entries September 2026'!F35-'Entries September 2026'!F34) -> 0 | D35: =IF('Entries September 2026'!C35-'Entries September 2026'!C34<1,"0",'Entries September 2026'!C35-'Entries September 2026'!C34) -> 0 | E35: =IF(F35=0,"0", D35/F35) -> 0 | F35: =IF('Entries September 2026'!G35-'Entries September 2026'!G34<1,"0",'Entries September 2026'!G35-'Entries September 2026'!G34) -> 0 | I35: =IF(C35=0,"0", B35/(C35)) -> 0 | J35: =IF(H35=0,"0", G35/H35) -> 0 | K35: =B35+E35+G35 -> 0 | L35: 0 | M35: =IF(L35=0,"0",(K35/L35)) -> 0 | N35: =IF(L35=0,"0",(D35/L35)) -> 0 | O35: =B35-D35 -> 0
A36: 30 | B36: =IF('Entries September 2026'!B36-'Entries September 2026'!B35<1,"0",'Entries September 2026'!B36-'Entries September 2026'!B35) -> 0 | C36: =IF('Entries September 2026'!F36-'Entries September 2026'!F35<1,"0",'Entries September 2026'!F36-'Entries September 2026'!F35) -> 0 | D36: =IF('Entries September 2026'!C36-'Entries September 2026'!C35<1,"0",'Entries September 2026'!C36-'Entries September 2026'!C35) -> 0 | E36: =IF(F36=0,"0", D36/F36) -> 0 | F36: =IF('Entries September 2026'!G36-'Entries September 2026'!G35<1,"0",'Entries September 2026'!G36-'Entries September 2026'!G35) -> 0 | I36: =IF(C36=0,"0", B36/(C36)) -> 0 | J36: =IF(H36=0,"0", G36/H36) -> 0 | K36: =B36+E36+G36 -> 0 | L36: 0 | M36: =IF(L36=0,"0",(K36/L36)) -> 0 | N36: =IF(L36=0,"0",(D36/L36)) -> 0 | O36: =B36-D36 -> 0
A37: 31 | B37: =IF('Entries September 2026'!B37-'Entries September 2026'!B36<1,"0",'Entries September 2026'!B37-'Entries September 2026'!B36) -> 0 | C37: =IF('Entries September 2026'!F37-'Entries September 2026'!F36<1,"0",'Entries September 2026'!F37-'Entries September 2026'!F36) -> 0 | D37: =IF('Entries September 2026'!C37-'Entries September 2026'!C36<1,"0",'Entries September 2026'!C37-'Entries September 2026'!C36) -> 0 | E37: =IF(F37=0,"0", D37/F37) -> 0 | F37: =IF('Entries September 2026'!G37-'Entries September 2026'!G36<1,"0",'Entries September 2026'!G37-'Entries September 2026'!G36) -> 0 | I37: =IF(C37=0,"0", B37/(C37)) -> 0 | J37: =IF(H37=0,"0", G37/H37) -> 0 | K37: =B37+E37+G37 -> 0 | L37: 0 | M37: =IF(L37=0,"0",(K37/L37)) -> 0 | N37: =IF(L37=0,"0",(D37/L37)) -> 0 | O37: =B37-D37 -> 0
B38: =SUM(B7:B37) -> 59930 | C38: =SUM(C7:C37) -> 387.5 | D38: =SUM(D7:D37) -> 55875 | F38: =SUM(F7:F37) -> 0 | G38: =SUM(G7:G37) -> 0 | H38: =SUM(H7:H37) -> 0 | I38: =B38/C38 -> 154.65806 | K38: =SUM(K7:K37) -> 59930 | L38: =SUM(L7:L37) -> 6666.462 | M38: =IF(L38=0,"0",(K38/L38)) -> 8.989776 | N38: =IF(L38=0,"0",(D38/L38)) -> 8.3815073
A39: AVE. | B39: =AVERAGE(B7:B37) -> 2397.2 | C39: =AVERAGE(C7:C37) -> 17.613636 | I39: cons (l/hr)

Sheet Water 
B4: DATE | C4: Well Supply (m3) | D4: Nawasa Supply (m3) | E4: Annanale Supply (m3) | F4: RO Water Plant Nawasa (m3) | G4: Service Water Received (m3) | H4: Service Water Supply to Plant (m3) | I4: CO2 Scrubber (m3) | J4: Brewhouse / Old Pepsi Area (m3) | K4: Filtration/Cellars (m3) | L4: Cellars/Process Area (m3) | M4: Pasteuriser (m3) | R4: Permeate Produced (m3) | S4: Plant Cons. USAGE (Hl.) | U4: Bottle Filler (m3) | X4: Rus (m3) | Y4: Washdown Area (m3) | Z4: TOTAL SUPPLY (M3) | AA4: Total Prod.(HL) | AB4: Water KPI (Hl/Hl)
N5: CIP Process (m3) | O5: Bottles Washer (m3) | P5: Bottles Filler (m3) | Q5: Boiler Supply (m3) | T5: ∑ Service Water to Processes | V5: Water into RO #1 (m3) | W5: Water into RO #2 (m3)
B6: -
B7: 1 | C7: =IF('Entries September 2026'!W7-'Entries September 2026'!W6<1,"0",'Entries September 2026'!W7-'Entries September 2026'!W6) -> 0 | D7: =IF('Entries September 2026'!O7-'Entries September 2026'!O6<1,"0",'Entries September 2026'!O7-'Entries September 2026'!O6) -> 242 | E7: =IF('Entries September 2026'!P7-'Entries September 2026'!P6<1,"0",'Entries September 2026'!P7-'Entries September 2026'!P6) -> 241 | F7: =IF('Entries September 2026'!V7-'Entries September 2026'!V6<1,"0",'Entries September 2026'!V7-'Entries September 2026'!V6) -> 281 | G7: =(D7+E7)-F7 -> 202 | H7: =IF('Entries September 2026'!Q7-'Entries September 2026'!Q6<1,0,'Entries September 2026'!Q7-'Entries September 2026'!Q6) -> 317 | I7: =IF('Entries September 2026'!AG7-'Entries September 2026'!AG6<1,0,'Entries September 2026'!AG7-'Entries September 2026'!AG6) -> 0 | J7: =IF('Entries September 2026'!S7-'Entries September 2026'!S6<1,"0",'Entries September 2026'!S7-'Entries September 2026'!S6) -> 132 | K7: =IF('Entries September 2026'!R7-'Entries September 2026'!R6<1,"0",'Entries September 2026'!R7-'Entries September 2026'!R6) -> 0 | L7: =IF('Entries September 2026'!T7-'Entries September 2026'!T6<1,"0",'Entries September 2026'!T7-'Entries September 2026'!T6) -> 0 | M7: =IF('Entries September 2026'!U7-'Entries September 2026'!U6<1,"0",'Entries September 2026'!U7-'Entries September 2026'!U6) -> 3 | N7: =IF('Entries September 2026'!X7-'Entries September 2026'!X6<1,"0",'Entries September 2026'!X7-'Entries September 2026'!X6) -> 79 | O7: =IF('Entries September 2026'!Y7-'Entries September 2026'!Y6<1,"0",'Entries September 2026'!Y7-'Entries September 2026'!Y6) -> 141 | P7: =IF('Entries September 2026'!AC7-'Entries September 2026'!AC6<1,"0",'Entries September 2026'!AC7-'Entries September 2026'!AC6) -> 22 | Q7: =IF('Entries September 2026'!Z7-'Entries September 2026'!Z6<1,"0",'Entries September 2026'!Z7-'Entries September 2026'!Z6) -> 23 | R7: =IF(('Entries September 2026'!AA7-'Entries September 2026'!AA6)+('Entries September 2026'!AB7-'Entries September 2026'!AB6)<1,"0",('Entries September 2026'!AA7-'Entries September 2026'!AA6)+('Entries September 2026'!AB7-'Entries September 2026'!AB6)) -> 0 | S7: =(R7+G7)*10 -> 2020 | T7: =O7+N7+M7+L7 -> 223 | U7: =IF('Entries September 2026'!AC7-'Entries September 2026'!AC6<1,"0",'Entries September 2026'!AC7-'Entries September 2026'!AC6) -> 22 | V7: =IF('Entries September 2026'!AD7-'Entries September 2026'!AD6<1,"0",'Entries September 2026'!AD7-'Entries September 2026'!AD6) -> 0 | W7: =IF('Entries September 2026'!AE7-'Entries September 2026'!AE6<1,"0",'Entries September 2026'!AE7-'Entries September 2026'!AE6) -> 0 | X7: =IF('Entries September 2026'!AI7-'Entries September 2026'!AI6<1,"0",'Entries September 2026'!AI7-'Entries September 2026'!AI6) -> 0 | Y7: =IF('Entries September 2026'!AH7-'Entries September 2026'!AH6<1,"0",'Entries September 2026'!AH7-'Entries September 2026'!AH6) -> 0 | Z7: =C7+D7+E7 -> 483 | AA7: {=IF(TRANSPOSE('Daily KPIs'!B9:AF9)=0,"0",TRANSPOSE('Daily KPIs'!B9:AF9))} -> 493.416 | AB7: =IF(AA7=0,"0",(Z7*10/AA7)) -> 9.7889002
B8: 2 | C8: =IF('Entries September 2026'!W8-'Entries September 2026'!W7<1,"0",'Entries September 2026'!W8-'Entries September 2026'!W7) -> 0 | D8: =IF('Entries September 2026'!O8-'Entries September 2026'!O7<1,"0",'Entries September 2026'!O8-'Entries September 2026'!O7) -> 232 | E8: =IF('Entries September 2026'!P8-'Entries September 2026'!P7<1,"0",'Entries September 2026'!P8-'Entries September 2026'!P7) -> 270 | F8: =IF('Entries September 2026'!V8-'Entries September 2026'!V7<1,"0",'Entries September 2026'!V8-'Entries September 2026'!V7) -> 255 | G8: =(D8+E8)-F8 -> 247 | H8: =IF('Entries September 2026'!Q8-'Entries September 2026'!Q7<1,0,'Entries September 2026'!Q8-'Entries September 2026'!Q7) -> 238 | I8: =IF('Entries September 2026'!AG8-'Entries September 2026'!AG7<1,0,'Entries September 2026'!AG8-'Entries September 2026'!AG7) -> 0 | J8: =IF('Entries September 2026'!S8-'Entries September 2026'!S7<1,"0",'Entries September 2026'!S8-'Entries September 2026'!S7) -> 180 | K8: =IF('Entries September 2026'!R8-'Entries September 2026'!R7<1,"0",'Entries September 2026'!R8-'Entries September 2026'!R7) -> 0 | L8: =IF('Entries September 2026'!T8-'Entries September 2026'!T7<1,"0",'Entries September 2026'!T8-'Entries September 2026'!T7) -> 0 | M8: =IF('Entries September 2026'!U8-'Entries September 2026'!U7<1,"0",'Entries September 2026'!U8-'Entries September 2026'!U7) -> 1 | N8: =IF('Entries September 2026'!X8-'Entries September 2026'!X7<1,"0",'Entries September 2026'!X8-'Entries September 2026'!X7) -> 39 | O8: =IF('Entries September 2026'!Y8-'Entries September 2026'!Y7<1,"0",'Entries September 2026'!Y8-'Entries September 2026'!Y7) -> 124 | P8: =IF('Entries September 2026'!AC8-'Entries September 2026'!AC7<1,"0",'Entries September 2026'!AC8-'Entries September 2026'!AC7) -> 25 | Q8: =IF('Entries September 2026'!Z8-'Entries September 2026'!Z7<1,"0",'Entries September 2026'!Z8-'Entries September 2026'!Z7) -> 19 | R8: =IF(('Entries September 2026'!AA8-'Entries September 2026'!AA7)+('Entries September 2026'!AB8-'Entries September 2026'!AB7)<1,"0",('Entries September 2026'!AA8-'Entries September 2026'!AA7)+('Entries September 2026'!AB8-'Entries September 2026'!AB7)) -> 0 | S8: =(R8+G8)*10 -> 2470 | T8: =O8+N8+M8+L8 -> 164 | U8: =IF('Entries September 2026'!AC8-'Entries September 2026'!AC7<1,"0",'Entries September 2026'!AC8-'Entries September 2026'!AC7) -> 25 | V8: =IF('Entries September 2026'!AD8-'Entries September 2026'!AD7<1,"0",'Entries September 2026'!AD8-'Entries September 2026'!AD7) -> 0 | W8: =IF('Entries September 2026'!AE8-'Entries September 2026'!AE7<1,"0",'Entries September 2026'!AE8-'Entries September 2026'!AE7) -> 0 | X8: =IF('Entries September 2026'!AI8-'Entries September 2026'!AI7<1,"0",'Entries September 2026'!AI8-'Entries September 2026'!AI7) -> 0 | Y8: =IF('Entries September 2026'!AH8-'Entries September 2026'!AH7<1,"0",'Entries September 2026'!AH8-'Entries September 2026'!AH7) -> 0 | Z8: =C8+D8+E8 -> 502 | AA8: 519.42 | AB8: =IF(AA8=0,"0",(Z8*10/AA8)) -> 9.6646259
B9: 3 | C9: =IF('Entries September 2026'!W9-'Entries September 2026'!W8<1,"0",'Entries September 2026'!W9-'Entries September 2026'!W8) -> 0 | D9: =IF('Entries September 2026'!O9-'Entries September 2026'!O8<1,"0",'Entries September 2026'!O9-'Entries September 2026'!O8) -> 170 | E9: =IF('Entries September 2026'!P9-'Entries September 2026'!P8<1,"0",'Entries September 2026'!P9-'Entries September 2026'!P8) -> 188 | F9: =IF('Entries September 2026'!V9-'Entries September 2026'!V8<1,"0",'Entries September 2026'!V9-'Entries September 2026'!V8) -> 197 | G9: =(D9+E9)-F9 -> 161 | H9: =IF('Entries September 2026'!Q9-'Entries September 2026'!Q8<1,0,'Entries September 2026'!Q9-'Entries September 2026'!Q8) -> 259 | I9: =IF('Entries September 2026'!AG9-'Entries September 2026'!AG8<1,0,'Entries September 2026'!AG9-'Entries September 2026'!AG8) -> 0 | J9: =IF('Entries September 2026'!S9-'Entries September 2026'!S8<1,"0",'Entries September 2026'!S9-'Entries September 2026'!S8) -> 135 | K9: =IF('Entries September 2026'!R9-'Entries September 2026'!R8<1,"0",'Entries September 2026'!R9-'Entries September 2026'!R8) -> 0 | L9: =IF('Entries September 2026'!T9-'Entries September 2026'!T8<1,"0",'Entries September 2026'!T9-'Entries September 2026'!T8) -> 0 | M9: =IF('Entries September 2026'!U9-'Entries September 2026'!U8<1,"0",'Entries September 2026'!U9-'Entries September 2026'!U8) -> 3 | N9: =IF('Entries September 2026'!X9-'Entries September 2026'!X8<1,"0",'Entries September 2026'!X9-'Entries September 2026'!X8) -> 55 | O9: =IF('Entries September 2026'!Y9-'Entries September 2026'!Y8<1,"0",'Entries September 2026'!Y9-'Entries September 2026'!Y8) -> 117 | P9: =IF('Entries September 2026'!AC9-'Entries September 2026'!AC8<1,"0",'Entries September 2026'!AC9-'Entries September 2026'!AC8) -> 22 | Q9: =IF('Entries September 2026'!Z9-'Entries September 2026'!Z8<1,"0",'Entries September 2026'!Z9-'Entries September 2026'!Z8) -> 21 | R9: =IF(('Entries September 2026'!AA9-'Entries September 2026'!AA8)+('Entries September 2026'!AB9-'Entries September 2026'!AB8)<1,"0",('Entries September 2026'!AA9-'Entries September 2026'!AA8)+('Entries September 2026'!AB9-'Entries September 2026'!AB8)) -> 0 | S9: =(R9+G9)*10 -> 1610 | T9: =O9+N9+M9+L9 -> 175 | U9: =IF('Entries September 2026'!AC9-'Entries September 2026'!AC8<1,"0",'Entries September 2026'!AC9-'Entries September 2026'!AC8) -> 22 | V9: =IF('Entries September 2026'!AD9-'Entries September 2026'!AD8<1,"0",'Entries September 2026'!AD9-'Entries September 2026'!AD8) -> 0 | W9: =IF('Entries September 2026'!AE9-'Entries September 2026'!AE8<1,"0",'Entries September 2026'!AE9-'Entries September 2026'!AE8) -> 0 | X9: =IF('Entries September 2026'!AI9-'Entries September 2026'!AI8<1,"0",'Entries September 2026'!AI9-'Entries September 2026'!AI8) -> 0 | Y9: =IF('Entries September 2026'!AH9-'Entries September 2026'!AH8<1,"0",'Entries September 2026'!AH9-'Entries September 2026'!AH8) -> 0 | Z9: =C9+D9+E9 -> 358 | AA9: 447.678 | AB9: =IF(AA9=0,"0",(Z9*10/AA9)) -> 7.9968191
B10: 4 | C10: =IF('Entries September 2026'!W10-'Entries September 2026'!W9<1,"0",'Entries September 2026'!W10-'Entries September 2026'!W9) -> 0 | D10: =IF('Entries September 2026'!O10-'Entries September 2026'!O9<1,"0",'Entries September 2026'!O10-'Entries September 2026'!O9) -> 361 | E10: =IF('Entries September 2026'!P10-'Entries September 2026'!P9<1,"0",'Entries September 2026'!P10-'Entries September 2026'!P9) -> 95 | F10: =IF('Entries September 2026'!V10-'Entries September 2026'!V9<1,"0",'Entries September 2026'!V10-'Entries September 2026'!V9) -> 100 | G10: =(D10+E10)-F10 -> 356 | H10: =IF('Entries September 2026'!Q10-'Entries September 2026'!Q9<1,0,'Entries September 2026'!Q10-'Entries September 2026'!Q9) -> 192 | I10: =IF('Entries September 2026'!AG10-'Entries September 2026'!AG9<1,0,'Entries September 2026'!AG10-'Entries September 2026'!AG9) -> 0 | J10: =IF('Entries September 2026'!S10-'Entries September 2026'!S9<1,"0",'Entries September 2026'!S10-'Entries September 2026'!S9) -> 147 | K10: =IF('Entries September 2026'!R10-'Entries September 2026'!R9<1,"0",'Entries September 2026'!R10-'Entries September 2026'!R9) -> 0 | L10: =IF('Entries September 2026'!T10-'Entries September 2026'!T9<1,"0",'Entries September 2026'!T10-'Entries September 2026'!T9) -> 0 | M10: =IF('Entries September 2026'!U10-'Entries September 2026'!U9<1,"0",'Entries September 2026'!U10-'Entries September 2026'!U9) -> 1 | N10: =IF('Entries September 2026'!X10-'Entries September 2026'!X9<1,"0",'Entries September 2026'!X10-'Entries September 2026'!X9) -> 87 | O10: =IF('Entries September 2026'!Y10-'Entries September 2026'!Y9<1,"0",'Entries September 2026'!Y10-'Entries September 2026'!Y9) -> 21 | P10: =IF('Entries September 2026'!AC10-'Entries September 2026'!AC9<1,"0",'Entries September 2026'!AC10-'Entries September 2026'!AC9) -> 8 | Q10: =IF('Entries September 2026'!Z10-'Entries September 2026'!Z9<1,"0",'Entries September 2026'!Z10-'Entries September 2026'!Z9) -> 12 | R10: =IF(('Entries September 2026'!AA10-'Entries September 2026'!AA9)+('Entries September 2026'!AB10-'Entries September 2026'!AB9)<1,"0",('Entries September 2026'!AA10-'Entries September 2026'!AA9)+('Entries September 2026'!AB10-'Entries September 2026'!AB9)) -> 0 | S10: =(R10+G10)*10 -> 3560 | T10: =O10+N10+M10+L10 -> 109 | U10: =IF('Entries September 2026'!AC10-'Entries September 2026'!AC9<1,"0",'Entries September 2026'!AC10-'Entries September 2026'!AC9) -> 8 | V10: =IF('Entries September 2026'!AD10-'Entries September 2026'!AD9<1,"0",'Entries September 2026'!AD10-'Entries September 2026'!AD9) -> 0 | W10: =IF('Entries September 2026'!AE10-'Entries September 2026'!AE9<1,"0",'Entries September 2026'!AE10-'Entries September 2026'!AE9) -> 0 | X10: =IF('Entries September 2026'!AI10-'Entries September 2026'!AI9<1,"0",'Entries September 2026'!AI10-'Entries September 2026'!AI9) -> 0 | Y10: =IF('Entries September 2026'!AH10-'Entries September 2026'!AH9<1,"0",'Entries September 2026'!AH10-'Entries September 2026'!AH9) -> 0 | Z10: =C10+D10+E10 -> 456 | AA10: 96.294 | AB10: =IF(AA10=0,"0",(Z10*10/AA10)) -> 47.354975
B11: 5 | C11: =IF('Entries September 2026'!W11-'Entries September 2026'!W10<1,"0",'Entries September 2026'!W11-'Entries September 2026'!W10) -> 0 | D11: =IF('Entries September 2026'!O11-'Entries September 2026'!O10<1,"0",'Entries September 2026'!O11-'Entries September 2026'!O10) -> 0 | E11: =IF('Entries September 2026'!P11-'Entries September 2026'!P10<1,"0",'Entries September 2026'!P11-'Entries September 2026'!P10) -> 0 | F11: =IF('Entries September 2026'!V11-'Entries September 2026'!V10<1,"0",'Entries September 2026'!V11-'Entries September 2026'!V10) -> 0 | G11: =(D11+E11)-F11 -> 0 | H11: =IF('Entries September 2026'!Q11-'Entries September 2026'!Q10<1,0,'Entries September 2026'!Q11-'Entries September 2026'!Q10) -> 0 | I11: =IF('Entries September 2026'!AG11-'Entries September 2026'!AG10<1,0,'Entries September 2026'!AG11-'Entries September 2026'!AG10) -> 0 | J11: =IF('Entries September 2026'!S11-'Entries September 2026'!S10<1,"0",'Entries September 2026'!S11-'Entries September 2026'!S10) -> 0 | K11: =IF('Entries September 2026'!R11-'Entries September 2026'!R10<1,"0",'Entries September 2026'!R11-'Entries September 2026'!R10) -> 0 | L11: =IF('Entries September 2026'!T11-'Entries September 2026'!T10<1,"0",'Entries September 2026'!T11-'Entries September 2026'!T10) -> 0 | M11: =IF('Entries September 2026'!U11-'Entries September 2026'!U10<1,"0",'Entries September 2026'!U11-'Entries September 2026'!U10) -> 0 | N11: =IF('Entries September 2026'!X11-'Entries September 2026'!X10<1,"0",'Entries September 2026'!X11-'Entries September 2026'!X10) -> 0 | O11: =IF('Entries September 2026'!Y11-'Entries September 2026'!Y10<1,"0",'Entries September 2026'!Y11-'Entries September 2026'!Y10) -> 0 | P11: =IF('Entries September 2026'!AC11-'Entries September 2026'!AC10<1,"0",'Entries September 2026'!AC11-'Entries September 2026'!AC10) -> 0 | Q11: =IF('Entries September 2026'!Z11-'Entries September 2026'!Z10<1,"0",'Entries September 2026'!Z11-'Entries September 2026'!Z10) -> 0 | R11: =IF(('Entries September 2026'!AA11-'Entries September 2026'!AA10)+('Entries September 2026'!AB11-'Entries September 2026'!AB10)<1,"0",('Entries September 2026'!AA11-'Entries September 2026'!AA10)+('Entries September 2026'!AB11-'Entries September 2026'!AB10)) -> 0 | S11: =(R11+G11)*10 -> 0 | T11: =O11+N11+M11+L11 -> 0 | U11: =IF('Entries September 2026'!AC11-'Entries September 2026'!AC10<1,"0",'Entries September 2026'!AC11-'Entries September 2026'!AC10) -> 0 | V11: =IF('Entries September 2026'!AD11-'Entries September 2026'!AD10<1,"0",'Entries September 2026'!AD11-'Entries September 2026'!AD10) -> 0 | W11: =IF('Entries September 2026'!AE11-'Entries September 2026'!AE10<1,"0",'Entries September 2026'!AE11-'Entries September 2026'!AE10) -> 0 | X11: =IF('Entries September 2026'!AI11-'Entries September 2026'!AI10<1,"0",'Entries September 2026'!AI11-'Entries September 2026'!AI10) -> 0 | Y11: =IF('Entries September 2026'!AH11-'Entries September 2026'!AH10<1,"0",'Entries September 2026'!AH11-'Entries September 2026'!AH10) -> 0 | Z11: =C11+D11+E11 -> 0 | AA11: 0 | AB11: =IF(AA11=0,"0",(Z11*10/AA11)) -> 0
B12: 6 | C12: =IF('Entries September 2026'!W12-'Entries September 2026'!W11<1,"0",'Entries September 2026'!W12-'Entries September 2026'!W11) -> 0 | D12: =IF('Entries September 2026'!O12-'Entries September 2026'!O11<1,"0",'Entries September 2026'!O12-'Entries September 2026'!O11) -> 0 | E12: =IF('Entries September 2026'!P12-'Entries September 2026'!P11<1,"0",'Entries September 2026'!P12-'Entries September 2026'!P11) -> 0 | F12: =IF('Entries September 2026'!V12-'Entries September 2026'!V11<1,"0",'Entries September 2026'!V12-'Entries September 2026'!V11) -> 0 | G12: =(D12+E12)-F12 -> 0 | H12: =IF('Entries September 2026'!Q12-'Entries September 2026'!Q11<1,0,'Entries September 2026'!Q12-'Entries September 2026'!Q11) -> 36 | I12: =IF('Entries September 2026'!AG12-'Entries September 2026'!AG11<1,0,'Entries September 2026'!AG12-'Entries September 2026'!AG11) -> 0 | J12: =IF('Entries September 2026'!S12-'Entries September 2026'!S11<1,"0",'Entries September 2026'!S12-'Entries September 2026'!S11) -> 0 | K12: =IF('Entries September 2026'!R12-'Entries September 2026'!R11<1,"0",'Entries September 2026'!R12-'Entries September 2026'!R11) -> 0 | L12: =IF('Entries September 2026'!T12-'Entries September 2026'!T11<1,"0",'Entries September 2026'!T12-'Entries September 2026'!T11) -> 0 | M12: =IF('Entries September 2026'!U12-'Entries September 2026'!U11<1,"0",'Entries September 2026'!U12-'Entries September 2026'!U11) -> 0 | N12: =IF('Entries September 2026'!X12-'Entries September 2026'!X11<1,"0",'Entries September 2026'!X12-'Entries September 2026'!X11) -> 0 | O12: =IF('Entries September 2026'!Y12-'Entries September 2026'!Y11<1,"0",'Entries September 2026'!Y12-'Entries September 2026'!Y11) -> 0 | P12: =IF('Entries September 2026'!AC12-'Entries September 2026'!AC11<1,"0",'Entries September 2026'!AC12-'Entries September 2026'!AC11) -> 0 | Q12: =IF('Entries September 2026'!Z12-'Entries September 2026'!Z11<1,"0",'Entries September 2026'!Z12-'Entries September 2026'!Z11) -> 0 | R12: =IF(('Entries September 2026'!AA12-'Entries September 2026'!AA11)+('Entries September 2026'!AB12-'Entries September 2026'!AB11)<1,"0",('Entries September 2026'!AA12-'Entries September 2026'!AA11)+('Entries September 2026'!AB12-'Entries September 2026'!AB11)) -> 0 | S12: =(R12+G12)*10 -> 0 | T12: =O12+N12+M12+L12 -> 0 | U12: =IF('Entries September 2026'!AC12-'Entries September 2026'!AC11<1,"0",'Entries September 2026'!AC12-'Entries September 2026'!AC11) -> 0 | V12: =IF('Entries September 2026'!AD12-'Entries September 2026'!AD11<1,"0",'Entries September 2026'!AD12-'Entries September 2026'!AD11) -> 0 | W12: =IF('Entries September 2026'!AE12-'Entries September 2026'!AE11<1,"0",'Entries September 2026'!AE12-'Entries September 2026'!AE11) -> 0 | X12: =IF('Entries September 2026'!AI12-'Entries September 2026'!AI11<1,"0",'Entries September 2026'!AI12-'Entries September 2026'!AI11) -> 0 | Y12: =IF('Entries September 2026'!AH12-'Entries September 2026'!AH11<1,"0",'Entries September 2026'!AH12-'Entries September 2026'!AH11) -> 0 | Z12: =C12+D12+E12 -> 0 | AA12: 0 | AB12: =IF(AA12=0,"0",(Z12*10/AA12)) -> 0
B13: 7 | C13: =IF('Entries September 2026'!W13-'Entries September 2026'!W12<1,"0",'Entries September 2026'!W13-'Entries September 2026'!W12) -> 0 | D13: =IF('Entries September 2026'!O13-'Entries September 2026'!O12<1,"0",'Entries September 2026'!O13-'Entries September 2026'!O12) -> 69 | E13: =IF('Entries September 2026'!P13-'Entries September 2026'!P12<1,"0",'Entries September 2026'!P13-'Entries September 2026'!P12) -> 155 | F13: =IF('Entries September 2026'!V13-'Entries September 2026'!V12<1,"0",'Entries September 2026'!V13-'Entries September 2026'!V12) -> 163 | G13: =(D13+E13)-F13 -> 61 | H13: =IF('Entries September 2026'!Q13-'Entries September 2026'!Q12<1,0,'Entries September 2026'!Q13-'Entries September 2026'!Q12) -> 126 | I13: =IF('Entries September 2026'!AG13-'Entries September 2026'!AG12<1,0,'Entries September 2026'!AG13-'Entries September 2026'!AG12) -> 0 | J13: =IF('Entries September 2026'!S13-'Entries September 2026'!S12<1,"0",'Entries September 2026'!S13-'Entries September 2026'!S12) -> 185 | K13: =IF('Entries September 2026'!R13-'Entries September 2026'!R12<1,"0",'Entries September 2026'!R13-'Entries September 2026'!R12) -> 0 | L13: =IF('Entries September 2026'!T13-'Entries September 2026'!T12<1,"0",'Entries September 2026'!T13-'Entries September 2026'!T12) -> 0 | M13: =IF('Entries September 2026'!U13-'Entries September 2026'!U12<1,"0",'Entries September 2026'!U13-'Entries September 2026'!U12) -> 0 | N13: =IF('Entries September 2026'!X13-'Entries September 2026'!X12<1,"0",'Entries September 2026'!X13-'Entries September 2026'!X12) -> 50 | O13: =IF('Entries September 2026'!Y13-'Entries September 2026'!Y12<1,"0",'Entries September 2026'!Y13-'Entries September 2026'!Y12) -> 30 | P13: =IF('Entries September 2026'!AC13-'Entries September 2026'!AC12<1,"0",'Entries September 2026'!AC13-'Entries September 2026'!AC12) -> 1 | Q13: =IF('Entries September 2026'!Z13-'Entries September 2026'!Z12<1,"0",'Entries September 2026'!Z13-'Entries September 2026'!Z12) -> 16 | R13: =IF(('Entries September 2026'!AA13-'Entries September 2026'!AA12)+('Entries September 2026'!AB13-'Entries September 2026'!AB12)<1,"0",('Entries September 2026'!AA13-'Entries September 2026'!AA12)+('Entries September 2026'!AB13-'Entries September 2026'!AB12)) -> 0 | S13: =(R13+G13)*10 -> 610 | T13: =O13+N13+M13+L13 -> 80 | U13: =IF('Entries September 2026'!AC13-'Entries September 2026'!AC12<1,"0",'Entries September 2026'!AC13-'Entries September 2026'!AC12) -> 1 | V13: =IF('Entries September 2026'!AD13-'Entries September 2026'!AD12<1,"0",'Entries September 2026'!AD13-'Entries September 2026'!AD12) -> 0 | W13: =IF('Entries September 2026'!AE13-'Entries September 2026'!AE12<1,"0",'Entries September 2026'!AE13-'Entries September 2026'!AE12) -> 0 | X13: =IF('Entries September 2026'!AI13-'Entries September 2026'!AI12<1,"0",'Entries September 2026'!AI13-'Entries September 2026'!AI12) -> 0 | Y13: =IF('Entries September 2026'!AH13-'Entries September 2026'!AH12<1,"0",'Entries September 2026'!AH13-'Entries September 2026'!AH12) -> 0 | Z13: =C13+D13+E13 -> 224 | AA13: 0 | AB13: =IF(AA13=0,"0",(Z13*10/AA13)) -> 0
B14: 8 | C14: =IF('Entries September 2026'!W14-'Entries September 2026'!W13<1,"0",'Entries September 2026'!W14-'Entries September 2026'!W13) -> 0 | D14: =IF('Entries September 2026'!O14-'Entries September 2026'!O13<1,"0",'Entries September 2026'!O14-'Entries September 2026'!O13) -> 227 | E14: =IF('Entries September 2026'!P14-'Entries September 2026'!P13<1,"0",'Entries September 2026'!P14-'Entries September 2026'!P13) -> 138 | F14: =IF('Entries September 2026'!V14-'Entries September 2026'!V13<1,"0",'Entries September 2026'!V14-'Entries September 2026'!V13) -> 144 | G14: =(D14+E14)-F14 -> 221 | H14: =IF('Entries September 2026'!Q14-'Entries September 2026'!Q13<1,0,'Entries September 2026'!Q14-'Entries September 2026'!Q13) -> 219 | I14: =IF('Entries September 2026'!AG14-'Entries September 2026'!AG13<1,0,'Entries September 2026'!AG14-'Entries September 2026'!AG13) -> 0 | J14: =IF('Entries September 2026'!S14-'Entries September 2026'!S13<1,"0",'Entries September 2026'!S14-'Entries September 2026'!S13) -> 115 | K14: =IF('Entries September 2026'!R14-'Entries September 2026'!R13<1,"0",'Entries September 2026'!R14-'Entries September 2026'!R13) -> 0 | L14: =IF('Entries September 2026'!T14-'Entries September 2026'!T13<1,"0",'Entries September 2026'!T14-'Entries September 2026'!T13) -> 0 | M14: =IF('Entries September 2026'!U14-'Entries September 2026'!U13<1,"0",'Entries September 2026'!U14-'Entries September 2026'!U13) -> 18 | N14: =IF('Entries September 2026'!X14-'Entries September 2026'!X13<1,"0",'Entries September 2026'!X14-'Entries September 2026'!X13) -> 27 | O14: =IF('Entries September 2026'!Y14-'Entries September 2026'!Y13<1,"0",'Entries September 2026'!Y14-'Entries September 2026'!Y13) -> 84 | P14: =IF('Entries September 2026'!AC14-'Entries September 2026'!AC13<1,"0",'Entries September 2026'!AC14-'Entries September 2026'!AC13) -> 15 | Q14: =IF('Entries September 2026'!Z14-'Entries September 2026'!Z13<1,"0",'Entries September 2026'!Z14-'Entries September 2026'!Z13) -> 33 | R14: =IF(('Entries September 2026'!AA14-'Entries September 2026'!AA13)+('Entries September 2026'!AB14-'Entries September 2026'!AB13)<1,"0",('Entries September 2026'!AA14-'Entries September 2026'!AA13)+('Entries September 2026'!AB14-'Entries September 2026'!AB13)) -> 0 | S14: =(R14+G14)*10 -> 2210 | T14: =O14+N14+M14+L14 -> 129 | U14: =IF('Entries September 2026'!AC14-'Entries September 2026'!AC13<1,"0",'Entries September 2026'!AC14-'Entries September 2026'!AC13) -> 15 | V14: =IF('Entries September 2026'!AD14-'Entries September 2026'!AD13<1,"0",'Entries September 2026'!AD14-'Entries September 2026'!AD13) -> 0 | W14: =IF('Entries September 2026'!AE14-'Entries September 2026'!AE13<1,"0",'Entries September 2026'!AE14-'Entries September 2026'!AE13) -> 0 | X14: =IF('Entries September 2026'!AI14-'Entries September 2026'!AI13<1,"0",'Entries September 2026'!AI14-'Entries September 2026'!AI13) -> 0 | Y14: =IF('Entries September 2026'!AH14-'Entries September 2026'!AH13<1,"0",'Entries September 2026'!AH14-'Entries September 2026'!AH13) -> 0 | Z14: =C14+D14+E14 -> 365 | AA14: 261.492 | AB14: =IF(AA14=0,"0",(Z14*10/AA14)) -> 13.958362
B15: 9 | C15: =IF('Entries September 2026'!W15-'Entries September 2026'!W14<1,"0",'Entries September 2026'!W15-'Entries September 2026'!W14) -> 0 | D15: =IF('Entries September 2026'!O15-'Entries September 2026'!O14<1,"0",'Entries September 2026'!O15-'Entries September 2026'!O14) -> 249 | E15: =IF('Entries September 2026'!P15-'Entries September 2026'!P14<1,"0",'Entries September 2026'!P15-'Entries September 2026'!P14) -> 238 | F15: =IF('Entries September 2026'!V15-'Entries September 2026'!V14<1,"0",'Entries September 2026'!V15-'Entries September 2026'!V14) -> 231 | G15: =(D15+E15)-F15 -> 256 | H15: =IF('Entries September 2026'!Q15-'Entries September 2026'!Q14<1,0,'Entries September 2026'!Q15-'Entries September 2026'!Q14) -> 210 | I15: =IF('Entries September 2026'!AG15-'Entries September 2026'!AG14<1,0,'Entries September 2026'!AG15-'Entries September 2026'!AG14) -> 0 | J15: =IF('Entries September 2026'!S15-'Entries September 2026'!S14<1,"0",'Entries September 2026'!S15-'Entries September 2026'!S14) -> 196 | K15: =IF('Entries September 2026'!R15-'Entries September 2026'!R14<1,"0",'Entries September 2026'!R15-'Entries September 2026'!R14) -> 0 | L15: =IF('Entries September 2026'!T15-'Entries September 2026'!T14<1,"0",'Entries September 2026'!T15-'Entries September 2026'!T14) -> 0 | M15: =IF('Entries September 2026'!U15-'Entries September 2026'!U14<1,"0",'Entries September 2026'!U15-'Entries September 2026'!U14) -> 2 | N15: =IF('Entries September 2026'!X15-'Entries September 2026'!X14<1,"0",'Entries September 2026'!X15-'Entries September 2026'!X14) -> 36 | O15: =IF('Entries September 2026'!Y15-'Entries September 2026'!Y14<1,"0",'Entries September 2026'!Y15-'Entries September 2026'!Y14) -> 101 | P15: =IF('Entries September 2026'!AC15-'Entries September 2026'!AC14<1,"0",'Entries September 2026'!AC15-'Entries September 2026'!AC14) -> 16 | Q15: =IF('Entries September 2026'!Z15-'Entries September 2026'!Z14<1,"0",'Entries September 2026'!Z15-'Entries September 2026'!Z14) -> 27 | R15: =IF(('Entries September 2026'!AA15-'Entries September 2026'!AA14)+('Entries September 2026'!AB15-'Entries September 2026'!AB14)<1,"0",('Entries September 2026'!AA15-'Entries September 2026'!AA14)+('Entries September 2026'!AB15-'Entries September 2026'!AB14)) -> 0 | S15: =(R15+G15)*10 -> 2560 | T15: =O15+N15+M15+L15 -> 139 | U15: =IF('Entries September 2026'!AC15-'Entries September 2026'!AC14<1,"0",'Entries September 2026'!AC15-'Entries September 2026'!AC14) -> 16 | V15: =IF('Entries September 2026'!AD15-'Entries September 2026'!AD14<1,"0",'Entries September 2026'!AD15-'Entries September 2026'!AD14) -> 0 | W15: =IF('Entries September 2026'!AE15-'Entries September 2026'!AE14<1,"0",'Entries September 2026'!AE15-'Entries September 2026'!AE14) -> 0 | X15: =IF('Entries September 2026'!AI15-'Entries September 2026'!AI14<1,"0",'Entries September 2026'!AI15-'Entries September 2026'!AI14) -> 0 | Y15: =IF('Entries September 2026'!AH15-'Entries September 2026'!AH14<1,"0",'Entries September 2026'!AH15-'Entries September 2026'!AH14) -> 0 | Z15: =C15+D15+E15 -> 487 | AA15: 401.61 | AB15: =IF(AA15=0,"0",(Z15*10/AA15)) -> 12.126192
B16: 10 | C16: =IF('Entries September 2026'!W16-'Entries September 2026'!W15<1,"0",'Entries September 2026'!W16-'Entries September 2026'!W15) -> 0 | D16: =IF('Entries September 2026'!O16-'Entries September 2026'!O15<1,"0",'Entries September 2026'!O16-'Entries September 2026'!O15) -> 81 | E16: =IF('Entries September 2026'!P16-'Entries September 2026'!P15<1,"0",'Entries September 2026'!P16-'Entries September 2026'!P15) -> 260 | F16: =IF('Entries September 2026'!V16-'Entries September 2026'!V15<1,"0",'Entries September 2026'!V16-'Entries September 2026'!V15) -> 306 | G16: =(D16+E16)-F16 -> 35 | H16: =IF('Entries September 2026'!Q16-'Entries September 2026'!Q15<1,0,'Entries September 2026'!Q16-'Entries September 2026'!Q15) -> 186 | I16: =IF('Entries September 2026'!AG16-'Entries September 2026'!AG15<1,0,'Entries September 2026'!AG16-'Entries September 2026'!AG15) -> 0 | J16: =IF('Entries September 2026'!S16-'Entries September 2026'!S15<1,"0",'Entries September 2026'!S16-'Entries September 2026'!S15) -> 104 | K16: =IF('Entries September 2026'!R16-'Entries September 2026'!R15<1,"0",'Entries September 2026'!R16-'Entries September 2026'!R15) -> 0 | L16: =IF('Entries September 2026'!T16-'Entries September 2026'!T15<1,"0",'Entries September 2026'!T16-'Entries September 2026'!T15) -> 0 | M16: =IF('Entries September 2026'!U16-'Entries September 2026'!U15<1,"0",'Entries September 2026'!U16-'Entries September 2026'!U15) -> 6 | N16: =IF('Entries September 2026'!X16-'Entries September 2026'!X15<1,"0",'Entries September 2026'!X16-'Entries September 2026'!X15) -> 17 | O16: =IF('Entries September 2026'!Y16-'Entries September 2026'!Y15<1,"0",'Entries September 2026'!Y16-'Entries September 2026'!Y15) -> 91 | P16: =IF('Entries September 2026'!AC16-'Entries September 2026'!AC15<1,"0",'Entries September 2026'!AC16-'Entries September 2026'!AC15) -> 16 | Q16: =IF('Entries September 2026'!Z16-'Entries September 2026'!Z15<1,"0",'Entries September 2026'!Z16-'Entries September 2026'!Z15) -> 18 | R16: =IF(('Entries September 2026'!AA16-'Entries September 2026'!AA15)+('Entries September 2026'!AB16-'Entries September 2026'!AB15)<1,"0",('Entries September 2026'!AA16-'Entries September 2026'!AA15)+('Entries September 2026'!AB16-'Entries September 2026'!AB15)) -> 0 | S16: =(R16+G16)*10 -> 350 | T16: =O16+N16+M16+L16 -> 114 | U16: =IF('Entries September 2026'!AC16-'Entries September 2026'!AC15<1,"0",'Entries September 2026'!AC16-'Entries September 2026'!AC15) -> 16 | V16: =IF('Entries September 2026'!AD16-'Entries September 2026'!AD15<1,"0",'Entries September 2026'!AD16-'Entries September 2026'!AD15) -> 0 | W16: =IF('Entries September 2026'!AE16-'Entries September 2026'!AE15<1,"0",'Entries September 2026'!AE16-'Entries September 2026'!AE15) -> 0 | X16: =IF('Entries September 2026'!AI16-'Entries September 2026'!AI15<1,"0",'Entries September 2026'!AI16-'Entries September 2026'!AI15) -> 0 | Y16: =IF('Entries September 2026'!AH16-'Entries September 2026'!AH15<1,"0",'Entries September 2026'!AH16-'Entries September 2026'!AH15) -> 0 | Z16: =C16+D16+E16 -> 341 | AA16: 402.864 | AB16: =IF(AA16=0,"0",(Z16*10/AA16)) -> 8.4643949
B17: 11 | C17: =IF('Entries September 2026'!W17-'Entries September 2026'!W16<1,"0",'Entries September 2026'!W17-'Entries September 2026'!W16) -> 0 | D17: =IF('Entries September 2026'!O17-'Entries September 2026'!O16<1,"0",'Entries September 2026'!O17-'Entries September 2026'!O16) -> 53 | E17: =IF('Entries September 2026'!P17-'Entries September 2026'!P16<1,"0",'Entries September 2026'!P17-'Entries September 2026'!P16) -> 249 | F17: =IF('Entries September 2026'!V17-'Entries September 2026'!V16<1,"0",'Entries September 2026'!V17-'Entries September 2026'!V16) -> 248 | G17: =(D17+E17)-F17 -> 54 | H17: =IF('Entries September 2026'!Q17-'Entries September 2026'!Q16<1,0,'Entries September 2026'!Q17-'Entries September 2026'!Q16) -> 173 | I17: =IF('Entries September 2026'!AG17-'Entries September 2026'!AG16<1,0,'Entries September 2026'!AG17-'Entries September 2026'!AG16) -> 0 | J17: =IF('Entries September 2026'!S17-'Entries September 2026'!S16<1,"0",'Entries September 2026'!S17-'Entries September 2026'!S16) -> 141 | K17: =IF('Entries September 2026'!R17-'Entries September 2026'!R16<1,"0",'Entries September 2026'!R17-'Entries September 2026'!R16) -> 0 | L17: =IF('Entries September 2026'!T17-'Entries September 2026'!T16<1,"0",'Entries September 2026'!T17-'Entries September 2026'!T16) -> 0 | M17: =IF('Entries September 2026'!U17-'Entries September 2026'!U16<1,"0",'Entries September 2026'!U17-'Entries September 2026'!U16) -> 2 | N17: =IF('Entries September 2026'!X17-'Entries September 2026'!X16<1,"0",'Entries September 2026'!X17-'Entries September 2026'!X16) -> 29 | O17: =IF('Entries September 2026'!Y17-'Entries September 2026'!Y16<1,"0",'Entries September 2026'!Y17-'Entries September 2026'!Y16) -> 69 | P17: =IF('Entries September 2026'!AC17-'Entries September 2026'!AC16<1,"0",'Entries September 2026'!AC17-'Entries September 2026'!AC16) -> 13 | Q17: =IF('Entries September 2026'!Z17-'Entries September 2026'!Z16<1,"0",'Entries September 2026'!Z17-'Entries September 2026'!Z16) -> 17 | R17: =IF(('Entries September 2026'!AA17-'Entries September 2026'!AA16)+('Entries September 2026'!AB17-'Entries September 2026'!AB16)<1,"0",('Entries September 2026'!AA17-'Entries September 2026'!AA16)+('Entries September 2026'!AB17-'Entries September 2026'!AB16)) -> 0 | S17: =(R17+G17)*10 -> 540 | T17: =O17+N17+M17+L17 -> 100 | U17: =IF('Entries September 2026'!AC17-'Entries September 2026'!AC16<1,"0",'Entries September 2026'!AC17-'Entries September 2026'!AC16) -> 13 | V17: =IF('Entries September 2026'!AD17-'Entries September 2026'!AD16<1,"0",'Entries September 2026'!AD17-'Entries September 2026'!AD16) -> 0 | W17: =IF('Entries September 2026'!AE17-'Entries September 2026'!AE16<1,"0",'Entries September 2026'!AE17-'Entries September 2026'!AE16) -> 0 | X17: =IF('Entries September 2026'!AI17-'Entries September 2026'!AI16<1,"0",'Entries September 2026'!AI17-'Entries September 2026'!AI16) -> 0 | Y17: =IF('Entries September 2026'!AH17-'Entries September 2026'!AH16<1,"0",'Entries September 2026'!AH17-'Entries September 2026'!AH16) -> 0 | Z17: =C17+D17+E17 -> 302 | AA17: 266.244 | AB17: =IF(AA17=0,"0",(Z17*10/AA17)) -> 11.342979
B18: 12 | C18: =IF('Entries September 2026'!W18-'Entries September 2026'!W17<1,"0",'Entries September 2026'!W18-'Entries September 2026'!W17) -> 0 | D18: =IF('Entries September 2026'!O18-'Entries September 2026'!O17<1,"0",'Entries September 2026'!O18-'Entries September 2026'!O17) -> 41 | E18: =IF('Entries September 2026'!P18-'Entries September 2026'!P17<1,"0",'Entries September 2026'!P18-'Entries September 2026'!P17) -> 125 | F18: =IF('Entries September 2026'!V18-'Entries September 2026'!V17<1,"0",'Entries September 2026'!V18-'Entries September 2026'!V17) -> 131 | G18: =(D18+E18)-F18 -> 35 | H18: =IF('Entries September 2026'!Q18-'Entries September 2026'!Q17<1,0,'Entries September 2026'!Q18-'Entries September 2026'!Q17) -> 81 | I18: =IF('Entries September 2026'!AG18-'Entries September 2026'!AG17<1,0,'Entries September 2026'!AG18-'Entries September 2026'!AG17) -> 0 | J18: =IF('Entries September 2026'!S18-'Entries September 2026'!S17<1,"0",'Entries September 2026'!S18-'Entries September 2026'!S17) -> 0 | K18: =IF('Entries September 2026'!R18-'Entries September 2026'!R17<1,"0",'Entries September 2026'!R18-'Entries September 2026'!R17) -> 0 | L18: =IF('Entries September 2026'!T18-'Entries September 2026'!T17<1,"0",'Entries September 2026'!T18-'Entries September 2026'!T17) -> 0 | M18: =IF('Entries September 2026'!U18-'Entries September 2026'!U17<1,"0",'Entries September 2026'!U18-'Entries September 2026'!U17) -> 0 | N18: =IF('Entries September 2026'!X18-'Entries September 2026'!X17<1,"0",'Entries September 2026'!X18-'Entries September 2026'!X17) -> 0 | O18: =IF('Entries September 2026'!Y18-'Entries September 2026'!Y17<1,"0",'Entries September 2026'!Y18-'Entries September 2026'!Y17) -> 31 | P18: =IF('Entries September 2026'!AC18-'Entries September 2026'!AC17<1,"0",'Entries September 2026'!AC18-'Entries September 2026'!AC17) -> 2 | Q18: =IF('Entries September 2026'!Z18-'Entries September 2026'!Z17<1,"0",'Entries September 2026'!Z18-'Entries September 2026'!Z17) -> 3 | R18: =IF(('Entries September 2026'!AA18-'Entries September 2026'!AA17)+('Entries September 2026'!AB18-'Entries September 2026'!AB17)<1,"0",('Entries September 2026'!AA18-'Entries September 2026'!AA17)+('Entries September 2026'!AB18-'Entries September 2026'!AB17)) -> 0 | S18: =(R18+G18)*10 -> 350 | T18: =O18+N18+M18+L18 -> 31 | U18: =IF('Entries September 2026'!AC18-'Entries September 2026'!AC17<1,"0",'Entries September 2026'!AC18-'Entries September 2026'!AC17) -> 2 | V18: =IF('Entries September 2026'!AD18-'Entries September 2026'!AD17<1,"0",'Entries September 2026'!AD18-'Entries September 2026'!AD17) -> 0 | W18: =IF('Entries September 2026'!AE18-'Entries September 2026'!AE17<1,"0",'Entries September 2026'!AE18-'Entries September 2026'!AE17) -> 0 | X18: =IF('Entries September 2026'!AI18-'Entries September 2026'!AI17<1,"0",'Entries September 2026'!AI18-'Entries September 2026'!AI17) -> 0 | Y18: =IF('Entries September 2026'!AH18-'Entries September 2026'!AH17<1,"0",'Entries September 2026'!AH18-'Entries September 2026'!AH17) -> 0 | Z18: =C18+D18+E18 -> 166 | AA18: 0 | AB18: =IF(AA18=0,"0",(Z18*10/AA18)) -> 0
B19: 13 | C19: =IF('Entries September 2026'!W19-'Entries September 2026'!W18<1,"0",'Entries September 2026'!W19-'Entries September 2026'!W18) -> 0 | D19: =IF('Entries September 2026'!O19-'Entries September 2026'!O18<1,"0",'Entries September 2026'!O19-'Entries September 2026'!O18) -> 0 | E19: =IF('Entries September 2026'!P19-'Entries September 2026'!P18<1,"0",'Entries September 2026'!P19-'Entries September 2026'!P18) -> 0 | F19: =IF('Entries September 2026'!V19-'Entries September 2026'!V18<1,"0",'Entries September 2026'!V19-'Entries September 2026'!V18) -> 0 | G19: =(D19+E19)-F19 -> 0 | H19: =IF('Entries September 2026'!Q19-'Entries September 2026'!Q18<1,0,'Entries September 2026'!Q19-'Entries September 2026'!Q18) -> 0 | I19: =IF('Entries September 2026'!AG19-'Entries September 2026'!AG18<1,0,'Entries September 2026'!AG19-'Entries September 2026'!AG18) -> 0 | J19: =IF('Entries September 2026'!S19-'Entries September 2026'!S18<1,"0",'Entries September 2026'!S19-'Entries September 2026'!S18) -> 0 | K19: =IF('Entries September 2026'!R19-'Entries September 2026'!R18<1,"0",'Entries September 2026'!R19-'Entries September 2026'!R18) -> 0 | L19: =IF('Entries September 2026'!T19-'Entries September 2026'!T18<1,"0",'Entries September 2026'!T19-'Entries September 2026'!T18) -> 0 | M19: =IF('Entries September 2026'!U19-'Entries September 2026'!U18<1,"0",'Entries September 2026'!U19-'Entries September 2026'!U18) -> 0 | N19: =IF('Entries September 2026'!X19-'Entries September 2026'!X18<1,"0",'Entries September 2026'!X19-'Entries September 2026'!X18) -> 0 | O19: =IF('Entries September 2026'!Y19-'Entries September 2026'!Y18<1,"0",'Entries September 2026'!Y19-'Entries September 2026'!Y18) -> 0 | P19: =IF('Entries September 2026'!AC19-'Entries September 2026'!AC18<1,"0",'Entries September 2026'!AC19-'Entries September 2026'!AC18) -> 0 | Q19: =IF('Entries September 2026'!Z19-'Entries September 2026'!Z18<1,"0",'Entries September 2026'!Z19-'Entries September 2026'!Z18) -> 2 | R19: =IF(('Entries September 2026'!AA19-'Entries September 2026'!AA18)+('Entries September 2026'!AB19-'Entries September 2026'!AB18)<1,"0",('Entries September 2026'!AA19-'Entries September 2026'!AA18)+('Entries September 2026'!AB19-'Entries September 2026'!AB18)) -> 0 | S19: =(R19+G19)*10 -> 0 | T19: =O19+N19+M19+L19 -> 0 | U19: =IF('Entries September 2026'!AC19-'Entries September 2026'!AC18<1,"0",'Entries September 2026'!AC19-'Entries September 2026'!AC18) -> 0 | V19: =IF('Entries September 2026'!AD19-'Entries September 2026'!AD18<1,"0",'Entries September 2026'!AD19-'Entries September 2026'!AD18) -> 0 | W19: =IF('Entries September 2026'!AE19-'Entries September 2026'!AE18<1,"0",'Entries September 2026'!AE19-'Entries September 2026'!AE18) -> 0 | X19: =IF('Entries September 2026'!AI19-'Entries September 2026'!AI18<1,"0",'Entries September 2026'!AI19-'Entries September 2026'!AI18) -> 0 | Y19: =IF('Entries September 2026'!AH19-'Entries September 2026'!AH18<1,"0",'Entries September 2026'!AH19-'Entries September 2026'!AH18) -> 0 | Z19: =C19+D19+E19 -> 0 | AA19: 0 | AB19: =IF(AA19=0,"0",(Z19*10/AA19)) -> 0
B20: 14 | C20: =IF('Entries September 2026'!W20-'Entries September 2026'!W19<1,"0",'Entries September 2026'!W20-'Entries September 2026'!W19) -> 0 | D20: =IF('Entries September 2026'!O20-'Entries September 2026'!O19<1,"0",'Entries September 2026'!O20-'Entries September 2026'!O19) -> 254 | E20: =IF('Entries September 2026'!P20-'Entries September 2026'!P19<1,"0",'Entries September 2026'!P20-'Entries September 2026'!P19) -> 132 | F20: =IF('Entries September 2026'!V20-'Entries September 2026'!V19<1,"0",'Entries September 2026'!V20-'Entries September 2026'!V19) -> 139 | G20: =(D20+E20)-F20 -> 247 | H20: =IF('Entries September 2026'!Q20-'Entries September 2026'!Q19<1,0,'Entries September 2026'!Q20-'Entries September 2026'!Q19) -> 327 | I20: =IF('Entries September 2026'!AG20-'Entries September 2026'!AG19<1,0,'Entries September 2026'!AG20-'Entries September 2026'!AG19) -> 0 | J20: =IF('Entries September 2026'!S20-'Entries September 2026'!S19<1,"0",'Entries September 2026'!S20-'Entries September 2026'!S19) -> 87 | K20: =IF('Entries September 2026'!R20-'Entries September 2026'!R19<1,"0",'Entries September 2026'!R20-'Entries September 2026'!R19) -> 0 | L20: =IF('Entries September 2026'!T20-'Entries September 2026'!T19<1,"0",'Entries September 2026'!T20-'Entries September 2026'!T19) -> 0 | M20: =IF('Entries September 2026'!U20-'Entries September 2026'!U19<1,"0",'Entries September 2026'!U20-'Entries September 2026'!U19) -> 5 | N20: =IF('Entries September 2026'!X20-'Entries September 2026'!X19<1,"0",'Entries September 2026'!X20-'Entries September 2026'!X19) -> 81 | O20: =IF('Entries September 2026'!Y20-'Entries September 2026'!Y19<1,"0",'Entries September 2026'!Y20-'Entries September 2026'!Y19) -> 148 | P20: =IF('Entries September 2026'!AC20-'Entries September 2026'!AC19<1,"0",'Entries September 2026'!AC20-'Entries September 2026'!AC19) -> 24 | Q20: =IF('Entries September 2026'!Z20-'Entries September 2026'!Z19<1,"0",'Entries September 2026'!Z20-'Entries September 2026'!Z19) -> 19 | R20: =IF(('Entries September 2026'!AA20-'Entries September 2026'!AA19)+('Entries September 2026'!AB20-'Entries September 2026'!AB19)<1,"0",('Entries September 2026'!AA20-'Entries September 2026'!AA19)+('Entries September 2026'!AB20-'Entries September 2026'!AB19)) -> 0 | S20: =(R20+G20)*10 -> 2470 | T20: =O20+N20+M20+L20 -> 234 | U20: =IF('Entries September 2026'!AC20-'Entries September 2026'!AC19<1,"0",'Entries September 2026'!AC20-'Entries September 2026'!AC19) -> 24 | V20: =IF('Entries September 2026'!AD20-'Entries September 2026'!AD19<1,"0",'Entries September 2026'!AD20-'Entries September 2026'!AD19) -> 0 | W20: =IF('Entries September 2026'!AE20-'Entries September 2026'!AE19<1,"0",'Entries September 2026'!AE20-'Entries September 2026'!AE19) -> 0 | X20: =IF('Entries September 2026'!AI20-'Entries September 2026'!AI19<1,"0",'Entries September 2026'!AI20-'Entries September 2026'!AI19) -> 0 | Y20: =IF('Entries September 2026'!AH20-'Entries September 2026'!AH19<1,"0",'Entries September 2026'!AH20-'Entries September 2026'!AH19) -> 0 | Z20: =C20+D20+E20 -> 386 | AA20: 497.904 | AB20: =IF(AA20=0,"0",(Z20*10/AA20)) -> 7.7524985
B21: 15 | C21: =IF('Entries September 2026'!W21-'Entries September 2026'!W20<1,"0",'Entries September 2026'!W21-'Entries September 2026'!W20) -> 0 | D21: =IF('Entries September 2026'!O21-'Entries September 2026'!O20<1,"0",'Entries September 2026'!O21-'Entries September 2026'!O20) -> 331 | E21: =IF('Entries September 2026'!P21-'Entries September 2026'!P20<1,"0",'Entries September 2026'!P21-'Entries September 2026'!P20) -> 138 | F21: =IF('Entries September 2026'!V21-'Entries September 2026'!V20<1,"0",'Entries September 2026'!V21-'Entries September 2026'!V20) -> 145 | G21: =(D21+E21)-F21 -> 324 | H21: =IF('Entries September 2026'!Q21-'Entries September 2026'!Q20<1,0,'Entries September 2026'!Q21-'Entries September 2026'!Q20) -> 270 | I21: =IF('Entries September 2026'!AG21-'Entries September 2026'!AG20<1,0,'Entries September 2026'!AG21-'Entries September 2026'!AG20) -> 0 | J21: =IF('Entries September 2026'!S21-'Entries September 2026'!S20<1,"0",'Entries September 2026'!S21-'Entries September 2026'!S20) -> 147 | K21: =IF('Entries September 2026'!R21-'Entries September 2026'!R20<1,"0",'Entries September 2026'!R21-'Entries September 2026'!R20) -> 0 | L21: =IF('Entries September 2026'!T21-'Entries September 2026'!T20<1,"0",'Entries September 2026'!T21-'Entries September 2026'!T20) -> 0 | M21: =IF('Entries September 2026'!U21-'Entries September 2026'!U20<1,"0",'Entries September 2026'!U21-'Entries September 2026'!U20) -> 8 | N21: =IF('Entries September 2026'!X21-'Entries September 2026'!X20<1,"0",'Entries September 2026'!X21-'Entries September 2026'!X20) -> 31 | O21: =IF('Entries September 2026'!Y21-'Entries September 2026'!Y20<1,"0",'Entries September 2026'!Y21-'Entries September 2026'!Y20) -> 126 | P21: =IF('Entries September 2026'!AC21-'Entries September 2026'!AC20<1,"0",'Entries September 2026'!AC21-'Entries September 2026'!AC20) -> 29 | Q21: =IF('Entries September 2026'!Z21-'Entries September 2026'!Z20<1,"0",'Entries September 2026'!Z21-'Entries September 2026'!Z20) -> 25 | R21: =IF(('Entries September 2026'!AA21-'Entries September 2026'!AA20)+('Entries September 2026'!AB21-'Entries September 2026'!AB20)<1,"0",('Entries September 2026'!AA21-'Entries September 2026'!AA20)+('Entries September 2026'!AB21-'Entries September 2026'!AB20)) -> 0 | S21: =(R21+G21)*10 -> 3240 | T21: =O21+N21+M21+L21 -> 165 | U21: =IF('Entries September 2026'!AC21-'Entries September 2026'!AC20<1,"0",'Entries September 2026'!AC21-'Entries September 2026'!AC20) -> 29 | V21: =IF('Entries September 2026'!AD21-'Entries September 2026'!AD20<1,"0",'Entries September 2026'!AD21-'Entries September 2026'!AD20) -> 0 | W21: =IF('Entries September 2026'!AE21-'Entries September 2026'!AE20<1,"0",'Entries September 2026'!AE21-'Entries September 2026'!AE20) -> 0 | X21: =IF('Entries September 2026'!AI21-'Entries September 2026'!AI20<1,"0",'Entries September 2026'!AI21-'Entries September 2026'!AI20) -> 0 | Y21: =IF('Entries September 2026'!AH21-'Entries September 2026'!AH20<1,"0",'Entries September 2026'!AH21-'Entries September 2026'!AH20) -> 0 | Z21: =C21+D21+E21 -> 469 | AA21: 602.91 | AB21: =IF(AA21=0,"0",(Z21*10/AA21)) -> 7.7789388
B22: 16 | C22: =IF('Entries September 2026'!W22-'Entries September 2026'!W21<1,"0",'Entries September 2026'!W22-'Entries September 2026'!W21) -> 0 | D22: =IF('Entries September 2026'!O22-'Entries September 2026'!O21<1,"0",'Entries September 2026'!O22-'Entries September 2026'!O21) -> 382 | E22: =IF('Entries September 2026'!P22-'Entries September 2026'!P21<1,"0",'Entries September 2026'!P22-'Entries September 2026'!P21) -> 177 | F22: =IF('Entries September 2026'!V22-'Entries September 2026'!V21<1,"0",'Entries September 2026'!V22-'Entries September 2026'!V21) -> 166 | G22: =(D22+E22)-F22 -> 393 | H22: =IF('Entries September 2026'!Q22-'Entries September 2026'!Q21<1,0,'Entries September 2026'!Q22-'Entries September 2026'!Q21) -> 212 | I22: =IF('Entries September 2026'!AG22-'Entries September 2026'!AG21<1,0,'Entries September 2026'!AG22-'Entries September 2026'!AG21) -> 0 | J22: =IF('Entries September 2026'!S22-'Entries September 2026'!S21<1,"0",'Entries September 2026'!S22-'Entries September 2026'!S21) -> 181 | K22: =IF('Entries September 2026'!R22-'Entries September 2026'!R21<1,"0",'Entries September 2026'!R22-'Entries September 2026'!R21) -> 0 | L22: =IF('Entries September 2026'!T22-'Entries September 2026'!T21<1,"0",'Entries September 2026'!T22-'Entries September 2026'!T21) -> 0 | M22: =IF('Entries September 2026'!U22-'Entries September 2026'!U21<1,"0",'Entries September 2026'!U22-'Entries September 2026'!U21) -> 1 | N22: =IF('Entries September 2026'!X22-'Entries September 2026'!X21<1,"0",'Entries September 2026'!X22-'Entries September 2026'!X21) -> 33 | O22: =IF('Entries September 2026'!Y22-'Entries September 2026'!Y21<1,"0",'Entries September 2026'!Y22-'Entries September 2026'!Y21) -> 85 | P22: =IF('Entries September 2026'!AC22-'Entries September 2026'!AC21<1,"0",'Entries September 2026'!AC22-'Entries September 2026'!AC21) -> 12 | Q22: =IF('Entries September 2026'!Z22-'Entries September 2026'!Z21<1,"0",'Entries September 2026'!Z22-'Entries September 2026'!Z21) -> 20 | R22: =IF(('Entries September 2026'!AA22-'Entries September 2026'!AA21)+('Entries September 2026'!AB22-'Entries September 2026'!AB21)<1,"0",('Entries September 2026'!AA22-'Entries September 2026'!AA21)+('Entries September 2026'!AB22-'Entries September 2026'!AB21)) -> 0 | S22: =(R22+G22)*10 -> 3930 | T22: =O22+N22+M22+L22 -> 119 | U22: =IF('Entries September 2026'!AC22-'Entries September 2026'!AC21<1,"0",'Entries September 2026'!AC22-'Entries September 2026'!AC21) -> 12 | V22: =IF('Entries September 2026'!AD22-'Entries September 2026'!AD21<1,"0",'Entries September 2026'!AD22-'Entries September 2026'!AD21) -> 0 | W22: =IF('Entries September 2026'!AE22-'Entries September 2026'!AE21<1,"0",'Entries September 2026'!AE22-'Entries September 2026'!AE21) -> 0 | X22: =IF('Entries September 2026'!AI22-'Entries September 2026'!AI21<1,"0",'Entries September 2026'!AI22-'Entries September 2026'!AI21) -> 0 | Y22: =IF('Entries September 2026'!AH22-'Entries September 2026'!AH21<1,"0",'Entries September 2026'!AH22-'Entries September 2026'!AH21) -> 0 | Z22: =C22+D22+E22 -> 559 | AA22: 243.342 | AB22: =IF(AA22=0,"0",(Z22*10/AA22)) -> 22.971785
B23: 17 | C23: =IF('Entries September 2026'!W23-'Entries September 2026'!W22<1,"0",'Entries September 2026'!W23-'Entries September 2026'!W22) -> 0 | D23: =IF('Entries September 2026'!O23-'Entries September 2026'!O22<1,"0",'Entries September 2026'!O23-'Entries September 2026'!O22) -> 138 | E23: =IF('Entries September 2026'!P23-'Entries September 2026'!P22<1,"0",'Entries September 2026'!P23-'Entries September 2026'!P22) -> 294 | F23: =IF('Entries September 2026'!V23-'Entries September 2026'!V22<1,"0",'Entries September 2026'!V23-'Entries September 2026'!V22) -> 301 | G23: =(D23+E23)-F23 -> 131 | H23: =IF('Entries September 2026'!Q23-'Entries September 2026'!Q22<1,0,'Entries September 2026'!Q23-'Entries September 2026'!Q22) -> 240 | I23: =IF('Entries September 2026'!AG23-'Entries September 2026'!AG22<1,0,'Entries September 2026'!AG23-'Entries September 2026'!AG22) -> 0 | J23: =IF('Entries September 2026'!S23-'Entries September 2026'!S22<1,"0",'Entries September 2026'!S23-'Entries September 2026'!S22) -> 148 | K23: =IF('Entries September 2026'!R23-'Entries September 2026'!R22<1,"0",'Entries September 2026'!R23-'Entries September 2026'!R22) -> 0 | L23: =IF('Entries September 2026'!T23-'Entries September 2026'!T22<1,"0",'Entries September 2026'!T23-'Entries September 2026'!T22) -> 0 | M23: =IF('Entries September 2026'!U23-'Entries September 2026'!U22<1,"0",'Entries September 2026'!U23-'Entries September 2026'!U22) -> 3 | N23: =IF('Entries September 2026'!X23-'Entries September 2026'!X22<1,"0",'Entries September 2026'!X23-'Entries September 2026'!X22) -> 58 | O23: =IF('Entries September 2026'!Y23-'Entries September 2026'!Y22<1,"0",'Entries September 2026'!Y23-'Entries September 2026'!Y22) -> 104 | P23: =IF('Entries September 2026'!AC23-'Entries September 2026'!AC22<1,"0",'Entries September 2026'!AC23-'Entries September 2026'!AC22) -> 23 | Q23: =IF('Entries September 2026'!Z23-'Entries September 2026'!Z22<1,"0",'Entries September 2026'!Z23-'Entries September 2026'!Z22) -> 20 | R23: =IF(('Entries September 2026'!AA23-'Entries September 2026'!AA22)+('Entries September 2026'!AB23-'Entries September 2026'!AB22)<1,"0",('Entries September 2026'!AA23-'Entries September 2026'!AA22)+('Entries September 2026'!AB23-'Entries September 2026'!AB22)) -> 0 | S23: =(R23+G23)*10 -> 1310 | T23: =O23+N23+M23+L23 -> 165 | U23: =IF('Entries September 2026'!AC23-'Entries September 2026'!AC22<1,"0",'Entries September 2026'!AC23-'Entries September 2026'!AC22) -> 23 | V23: =IF('Entries September 2026'!AD23-'Entries September 2026'!AD22<1,"0",'Entries September 2026'!AD23-'Entries September 2026'!AD22) -> 0 | W23: =IF('Entries September 2026'!AE23-'Entries September 2026'!AE22<1,"0",'Entries September 2026'!AE23-'Entries September 2026'!AE22) -> 0 | X23: =IF('Entries September 2026'!AI23-'Entries September 2026'!AI22<1,"0",'Entries September 2026'!AI23-'Entries September 2026'!AI22) -> 0 | Y23: =IF('Entries September 2026'!AH23-'Entries September 2026'!AH22<1,"0",'Entries September 2026'!AH23-'Entries September 2026'!AH22) -> 0 | Z23: =C23+D23+E23 -> 432 | AA23: 290.202 | AB23: =IF(AA23=0,"0",(Z23*10/AA23)) -> 14.886183
B24: 18 | C24: =IF('Entries September 2026'!W24-'Entries September 2026'!W23<1,"0",'Entries September 2026'!W24-'Entries September 2026'!W23) -> 0 | D24: =IF('Entries September 2026'!O24-'Entries September 2026'!O23<1,"0",'Entries September 2026'!O24-'Entries September 2026'!O23) -> 527 | E24: =IF('Entries September 2026'!P24-'Entries September 2026'!P23<1,"0",'Entries September 2026'!P24-'Entries September 2026'!P23) -> 264 | F24: =IF('Entries September 2026'!V24-'Entries September 2026'!V23<1,"0",'Entries September 2026'!V24-'Entries September 2026'!V23) -> 200 | G24: =(D24+E24)-F24 -> 591 | H24: =IF('Entries September 2026'!Q24-'Entries September 2026'!Q23<1,0,'Entries September 2026'!Q24-'Entries September 2026'!Q23) -> 234 | I24: =IF('Entries September 2026'!AG24-'Entries September 2026'!AG23<1,0,'Entries September 2026'!AG24-'Entries September 2026'!AG23) -> 0 | J24: =IF('Entries September 2026'!S24-'Entries September 2026'!S23<1,"0",'Entries September 2026'!S24-'Entries September 2026'!S23) -> 100 | K24: =IF('Entries September 2026'!R24-'Entries September 2026'!R23<1,"0",'Entries September 2026'!R24-'Entries September 2026'!R23) -> 0 | L24: =IF('Entries September 2026'!T24-'Entries September 2026'!T23<1,"0",'Entries September 2026'!T24-'Entries September 2026'!T23) -> 0 | M24: =IF('Entries September 2026'!U24-'Entries September 2026'!U23<1,"0",'Entries September 2026'!U24-'Entries September 2026'!U23) -> 1 | N24: =IF('Entries September 2026'!X24-'Entries September 2026'!X23<1,"0",'Entries September 2026'!X24-'Entries September 2026'!X23) -> 26 | O24: =IF('Entries September 2026'!Y24-'Entries September 2026'!Y23<1,"0",'Entries September 2026'!Y24-'Entries September 2026'!Y23) -> 111 | P24: =IF('Entries September 2026'!AC24-'Entries September 2026'!AC23<1,"0",'Entries September 2026'!AC24-'Entries September 2026'!AC23) -> 18 | Q24: =IF('Entries September 2026'!Z24-'Entries September 2026'!Z23<1,"0",'Entries September 2026'!Z24-'Entries September 2026'!Z23) -> 15 | R24: =IF(('Entries September 2026'!AA24-'Entries September 2026'!AA23)+('Entries September 2026'!AB24-'Entries September 2026'!AB23)<1,"0",('Entries September 2026'!AA24-'Entries September 2026'!AA23)+('Entries September 2026'!AB24-'Entries September 2026'!AB23)) -> 0 | S24: =(R24+G24)*10 -> 5910 | T24: =O24+N24+M24+L24 -> 138 | U24: =IF('Entries September 2026'!AC24-'Entries September 2026'!AC23<1,"0",'Entries September 2026'!AC24-'Entries September 2026'!AC23) -> 18 | V24: =IF('Entries September 2026'!AD24-'Entries September 2026'!AD23<1,"0",'Entries September 2026'!AD24-'Entries September 2026'!AD23) -> 0 | W24: =IF('Entries September 2026'!AE24-'Entries September 2026'!AE23<1,"0",'Entries September 2026'!AE24-'Entries September 2026'!AE23) -> 0 | X24: =IF('Entries September 2026'!AI24-'Entries September 2026'!AI23<1,"0",'Entries September 2026'!AI24-'Entries September 2026'!AI23) -> 0 | Y24: =IF('Entries September 2026'!AH24-'Entries September 2026'!AH23<1,"0",'Entries September 2026'!AH24-'Entries September 2026'!AH23) -> 0 | Z24: =C24+D24+E24 -> 791 | AA24: 440.814 | AB24: =IF(AA24=0,"0",(Z24*10/AA24)) -> 17.944076
B25: 19 | C25: =IF('Entries September 2026'!W25-'Entries September 2026'!W24<1,"0",'Entries September 2026'!W25-'Entries September 2026'!W24) -> 0 | D25: =IF('Entries September 2026'!O25-'Entries September 2026'!O24<1,"0",'Entries September 2026'!O25-'Entries September 2026'!O24) -> 4 | E25: =IF('Entries September 2026'!P25-'Entries September 2026'!P24<1,"0",'Entries September 2026'!P25-'Entries September 2026'!P24) -> 0 | F25: =IF('Entries September 2026'!V25-'Entries September 2026'!V24<1,"0",'Entries September 2026'!V25-'Entries September 2026'!V24) -> 0 | G25: =(D25+E25)-F25 -> 4 | H25: =IF('Entries September 2026'!Q25-'Entries September 2026'!Q24<1,0,'Entries September 2026'!Q25-'Entries September 2026'!Q24) -> 48 | I25: =IF('Entries September 2026'!AG25-'Entries September 2026'!AG24<1,0,'Entries September 2026'!AG25-'Entries September 2026'!AG24) -> 0 | J25: =IF('Entries September 2026'!S25-'Entries September 2026'!S24<1,"0",'Entries September 2026'!S25-'Entries September 2026'!S24) -> 0 | K25: =IF('Entries September 2026'!R25-'Entries September 2026'!R24<1,"0",'Entries September 2026'!R25-'Entries September 2026'!R24) -> 0 | L25: =IF('Entries September 2026'!T25-'Entries September 2026'!T24<1,"0",'Entries September 2026'!T25-'Entries September 2026'!T24) -> 0 | M25: =IF('Entries September 2026'!U25-'Entries September 2026'!U24<1,"0",'Entries September 2026'!U25-'Entries September 2026'!U24) -> 0 | N25: =IF('Entries September 2026'!X25-'Entries September 2026'!X24<1,"0",'Entries September 2026'!X25-'Entries September 2026'!X24) -> 0 | O25: =IF('Entries September 2026'!Y25-'Entries September 2026'!Y24<1,"0",'Entries September 2026'!Y25-'Entries September 2026'!Y24) -> 8 | P25: =IF('Entries September 2026'!AC25-'Entries September 2026'!AC24<1,"0",'Entries September 2026'!AC25-'Entries September 2026'!AC24) -> 7 | Q25: =IF('Entries September 2026'!Z25-'Entries September 2026'!Z24<1,"0",'Entries September 2026'!Z25-'Entries September 2026'!Z24) -> 3 | R25: =IF(('Entries September 2026'!AA25-'Entries September 2026'!AA24)+('Entries September 2026'!AB25-'Entries September 2026'!AB24)<1,"0",('Entries September 2026'!AA25-'Entries September 2026'!AA24)+('Entries September 2026'!AB25-'Entries September 2026'!AB24)) -> 0 | S25: =(R25+G25)*10 -> 40 | T25: =O25+N25+M25+L25 -> 8 | U25: =IF('Entries September 2026'!AC25-'Entries September 2026'!AC24<1,"0",'Entries September 2026'!AC25-'Entries September 2026'!AC24) -> 7 | V25: =IF('Entries September 2026'!AD25-'Entries September 2026'!AD24<1,"0",'Entries September 2026'!AD25-'Entries September 2026'!AD24) -> 0 | W25: =IF('Entries September 2026'!AE25-'Entries September 2026'!AE24<1,"0",'Entries September 2026'!AE25-'Entries September 2026'!AE24) -> 0 | X25: =IF('Entries September 2026'!AI25-'Entries September 2026'!AI24<1,"0",'Entries September 2026'!AI25-'Entries September 2026'!AI24) -> 0 | Y25: =IF('Entries September 2026'!AH25-'Entries September 2026'!AH24<1,"0",'Entries September 2026'!AH25-'Entries September 2026'!AH24) -> 0 | Z25: =C25+D25+E25 -> 4 | AA25: 0 | AB25: =IF(AA25=0,"0",(Z25*10/AA25)) -> 0
B26: 20 | C26: =IF('Entries September 2026'!W26-'Entries September 2026'!W25<1,"0",'Entries September 2026'!W26-'Entries September 2026'!W25) -> 0 | D26: =IF('Entries September 2026'!O26-'Entries September 2026'!O25<1,"0",'Entries September 2026'!O26-'Entries September 2026'!O25) -> 0 | E26: =IF('Entries September 2026'!P26-'Entries September 2026'!P25<1,"0",'Entries September 2026'!P26-'Entries September 2026'!P25) -> 0 | F26: =IF('Entries September 2026'!V26-'Entries September 2026'!V25<1,"0",'Entries September 2026'!V26-'Entries September 2026'!V25) -> 0 | G26: =(D26+E26)-F26 -> 0 | H26: =IF('Entries September 2026'!Q26-'Entries September 2026'!Q25<1,0,'Entries September 2026'!Q26-'Entries September 2026'!Q25) -> 73 | I26: =IF('Entries September 2026'!AG26-'Entries September 2026'!AG25<1,0,'Entries September 2026'!AG26-'Entries September 2026'!AG25) -> 0 | J26: =IF('Entries September 2026'!S26-'Entries September 2026'!S25<1,"0",'Entries September 2026'!S26-'Entries September 2026'!S25) -> 0 | K26: =IF('Entries September 2026'!R26-'Entries September 2026'!R25<1,"0",'Entries September 2026'!R26-'Entries September 2026'!R25) -> 0 | L26: =IF('Entries September 2026'!T26-'Entries September 2026'!T25<1,"0",'Entries September 2026'!T26-'Entries September 2026'!T25) -> 0 | M26: =IF('Entries September 2026'!U26-'Entries September 2026'!U25<1,"0",'Entries September 2026'!U26-'Entries September 2026'!U25) -> 0 | N26: =IF('Entries September 2026'!X26-'Entries September 2026'!X25<1,"0",'Entries September 2026'!X26-'Entries September 2026'!X25) -> 0 | O26: =IF('Entries September 2026'!Y26-'Entries September 2026'!Y25<1,"0",'Entries September 2026'!Y26-'Entries September 2026'!Y25) -> 43 | P26: =IF('Entries September 2026'!AC26-'Entries September 2026'!AC25<1,"0",'Entries September 2026'!AC26-'Entries September 2026'!AC25) -> 2 | Q26: =IF('Entries September 2026'!Z26-'Entries September 2026'!Z25<1,"0",'Entries September 2026'!Z26-'Entries September 2026'!Z25) -> 0 | R26: =IF(('Entries September 2026'!AA26-'Entries September 2026'!AA25)+('Entries September 2026'!AB26-'Entries September 2026'!AB25)<1,"0",('Entries September 2026'!AA26-'Entries September 2026'!AA25)+('Entries September 2026'!AB26-'Entries September 2026'!AB25)) -> 0 | S26: =(R26+G26)*10 -> 0 | T26: =O26+N26+M26+L26 -> 43 | U26: =IF('Entries September 2026'!AC26-'Entries September 2026'!AC25<1,"0",'Entries September 2026'!AC26-'Entries September 2026'!AC25) -> 2 | V26: =IF('Entries September 2026'!AD26-'Entries September 2026'!AD25<1,"0",'Entries September 2026'!AD26-'Entries September 2026'!AD25) -> 0 | W26: =IF('Entries September 2026'!AE26-'Entries September 2026'!AE25<1,"0",'Entries September 2026'!AE26-'Entries September 2026'!AE25) -> 0 | X26: =IF('Entries September 2026'!AI26-'Entries September 2026'!AI25<1,"0",'Entries September 2026'!AI26-'Entries September 2026'!AI25) -> 0 | Y26: =IF('Entries September 2026'!AH26-'Entries September 2026'!AH25<1,"0",'Entries September 2026'!AH26-'Entries September 2026'!AH25) -> 0 | Z26: =C26+D26+E26 -> 0 | AA26: 0 | AB26: =IF(AA26=0,"0",(Z26*10/AA26)) -> 0
B27: 21 | C27: =IF('Entries September 2026'!W27-'Entries September 2026'!W26<1,"0",'Entries September 2026'!W27-'Entries September 2026'!W26) -> 0 | D27: =IF('Entries September 2026'!O27-'Entries September 2026'!O26<1,"0",'Entries September 2026'!O27-'Entries September 2026'!O26) -> 208 | E27: =IF('Entries September 2026'!P27-'Entries September 2026'!P26<1,"0",'Entries September 2026'!P27-'Entries September 2026'!P26) -> 133 | F27: =IF('Entries September 2026'!V27-'Entries September 2026'!V26<1,"0",'Entries September 2026'!V27-'Entries September 2026'!V26) -> 139 | G27: =(D27+E27)-F27 -> 202 | H27: =IF('Entries September 2026'!Q27-'Entries September 2026'!Q26<1,0,'Entries September 2026'!Q27-'Entries September 2026'!Q26) -> 193 | I27: =IF('Entries September 2026'!AG27-'Entries September 2026'!AG26<1,0,'Entries September 2026'!AG27-'Entries September 2026'!AG26) -> 0 | J27: =IF('Entries September 2026'!S27-'Entries September 2026'!S26<1,"0",'Entries September 2026'!S27-'Entries September 2026'!S26) -> 158 | K27: =IF('Entries September 2026'!R27-'Entries September 2026'!R26<1,"0",'Entries September 2026'!R27-'Entries September 2026'!R26) -> 0 | L27: =IF('Entries September 2026'!T27-'Entries September 2026'!T26<1,"0",'Entries September 2026'!T27-'Entries September 2026'!T26) -> 0 | M27: =IF('Entries September 2026'!U27-'Entries September 2026'!U26<1,"0",'Entries September 2026'!U27-'Entries September 2026'!U26) -> 1 | N27: =IF('Entries September 2026'!X27-'Entries September 2026'!X26<1,"0",'Entries September 2026'!X27-'Entries September 2026'!X26) -> 72 | O27: =IF('Entries September 2026'!Y27-'Entries September 2026'!Y26<1,"0",'Entries September 2026'!Y27-'Entries September 2026'!Y26) -> 67 | P27: =IF('Entries September 2026'!AC27-'Entries September 2026'!AC26<1,"0",'Entries September 2026'!AC27-'Entries September 2026'!AC26) -> 7 | Q27: =IF('Entries September 2026'!Z27-'Entries September 2026'!Z26<1,"0",'Entries September 2026'!Z27-'Entries September 2026'!Z26) -> 19 | R27: =IF(('Entries September 2026'!AA27-'Entries September 2026'!AA26)+('Entries September 2026'!AB27-'Entries September 2026'!AB26)<1,"0",('Entries September 2026'!AA27-'Entries September 2026'!AA26)+('Entries September 2026'!AB27-'Entries September 2026'!AB26)) -> 0 | S27: =(R27+G27)*10 -> 2020 | T27: =O27+N27+M27+L27 -> 140 | U27: =IF('Entries September 2026'!AC27-'Entries September 2026'!AC26<1,"0",'Entries September 2026'!AC27-'Entries September 2026'!AC26) -> 7 | V27: =IF('Entries September 2026'!AD27-'Entries September 2026'!AD26<1,"0",'Entries September 2026'!AD27-'Entries September 2026'!AD26) -> 0 | W27: =IF('Entries September 2026'!AE27-'Entries September 2026'!AE26<1,"0",'Entries September 2026'!AE27-'Entries September 2026'!AE26) -> 0 | X27: =IF('Entries September 2026'!AI27-'Entries September 2026'!AI26<1,"0",'Entries September 2026'!AI27-'Entries September 2026'!AI26) -> 0 | Y27: =IF('Entries September 2026'!AH27-'Entries September 2026'!AH26<1,"0",'Entries September 2026'!AH27-'Entries September 2026'!AH26) -> 0 | Z27: =C27+D27+E27 -> 341 | AA27: 179.916 | AB27: =IF(AA27=0,"0",(Z27*10/AA27)) -> 18.953289
B28: 22 | C28: =IF('Entries September 2026'!W28-'Entries September 2026'!W27<1,"0",'Entries September 2026'!W28-'Entries September 2026'!W27) -> 0 | D28: =IF('Entries September 2026'!O28-'Entries September 2026'!O27<1,"0",'Entries September 2026'!O28-'Entries September 2026'!O27) -> 135 | E28: =IF('Entries September 2026'!P28-'Entries September 2026'!P27<1,"0",'Entries September 2026'!P28-'Entries September 2026'!P27) -> 174 | F28: =IF('Entries September 2026'!V28-'Entries September 2026'!V27<1,"0",'Entries September 2026'!V28-'Entries September 2026'!V27) -> 184 | G28: =(D28+E28)-F28 -> 125 | H28: =IF('Entries September 2026'!Q28-'Entries September 2026'!Q27<1,0,'Entries September 2026'!Q28-'Entries September 2026'!Q27) -> 222 | I28: =IF('Entries September 2026'!AG28-'Entries September 2026'!AG27<1,0,'Entries September 2026'!AG28-'Entries September 2026'!AG27) -> 0 | J28: =IF('Entries September 2026'!S28-'Entries September 2026'!S27<1,"0",'Entries September 2026'!S28-'Entries September 2026'!S27) -> 94 | K28: =IF('Entries September 2026'!R28-'Entries September 2026'!R27<1,"0",'Entries September 2026'!R28-'Entries September 2026'!R27) -> 0 | L28: =IF('Entries September 2026'!T28-'Entries September 2026'!T27<1,"0",'Entries September 2026'!T28-'Entries September 2026'!T27) -> 0 | M28: =IF('Entries September 2026'!U28-'Entries September 2026'!U27<1,"0",'Entries September 2026'!U28-'Entries September 2026'!U27) -> 1 | N28: =IF('Entries September 2026'!X28-'Entries September 2026'!X27<1,"0",'Entries September 2026'!X28-'Entries September 2026'!X27) -> 41 | O28: =IF('Entries September 2026'!Y28-'Entries September 2026'!Y27<1,"0",'Entries September 2026'!Y28-'Entries September 2026'!Y27) -> 101 | P28: =IF('Entries September 2026'!AC28-'Entries September 2026'!AC27<1,"0",'Entries September 2026'!AC28-'Entries September 2026'!AC27) -> 25 | Q28: =IF('Entries September 2026'!Z28-'Entries September 2026'!Z27<1,"0",'Entries September 2026'!Z28-'Entries September 2026'!Z27) -> 17 | R28: =IF(('Entries September 2026'!AA28-'Entries September 2026'!AA27)+('Entries September 2026'!AB28-'Entries September 2026'!AB27)<1,"0",('Entries September 2026'!AA28-'Entries September 2026'!AA27)+('Entries September 2026'!AB28-'Entries September 2026'!AB27)) -> 0 | S28: =(R28+G28)*10 -> 1250 | T28: =O28+N28+M28+L28 -> 143 | U28: =IF('Entries September 2026'!AC28-'Entries September 2026'!AC27<1,"0",'Entries September 2026'!AC28-'Entries September 2026'!AC27) -> 25 | V28: =IF('Entries September 2026'!AD28-'Entries September 2026'!AD27<1,"0",'Entries September 2026'!AD28-'Entries September 2026'!AD27) -> 0 | W28: =IF('Entries September 2026'!AE28-'Entries September 2026'!AE27<1,"0",'Entries September 2026'!AE28-'Entries September 2026'!AE27) -> 0 | X28: =IF('Entries September 2026'!AI28-'Entries September 2026'!AI27<1,"0",'Entries September 2026'!AI28-'Entries September 2026'!AI27) -> 0 | Y28: =IF('Entries September 2026'!AH28-'Entries September 2026'!AH27<1,"0",'Entries September 2026'!AH28-'Entries September 2026'!AH27) -> 0 | Z28: =C28+D28+E28 -> 309 | AA28: 365.508 | AB28: =IF(AA28=0,"0",(Z28*10/AA28)) -> 8.4539873
B29: 23 | C29: =IF('Entries September 2026'!W29-'Entries September 2026'!W28<1,"0",'Entries September 2026'!W29-'Entries September 2026'!W28) -> 0 | D29: =IF('Entries September 2026'!O29-'Entries September 2026'!O28<1,"0",'Entries September 2026'!O29-'Entries September 2026'!O28) -> 62 | E29: =IF('Entries September 2026'!P29-'Entries September 2026'!P28<1,"0",'Entries September 2026'!P29-'Entries September 2026'!P28) -> 167 | F29: =IF('Entries September 2026'!V29-'Entries September 2026'!V28<1,"0",'Entries September 2026'!V29-'Entries September 2026'!V28) -> 78 | G29: =(D29+E29)-F29 -> 151 | H29: =IF('Entries September 2026'!Q29-'Entries September 2026'!Q28<1,0,'Entries September 2026'!Q29-'Entries September 2026'!Q28) -> 197 | I29: =IF('Entries September 2026'!AG29-'Entries September 2026'!AG28<1,0,'Entries September 2026'!AG29-'Entries September 2026'!AG28) -> 0 | J29: =IF('Entries September 2026'!S29-'Entries September 2026'!S28<1,"0",'Entries September 2026'!S29-'Entries September 2026'!S28) -> 168 | K29: =IF('Entries September 2026'!R29-'Entries September 2026'!R28<1,"0",'Entries September 2026'!R29-'Entries September 2026'!R28) -> 0 | L29: =IF('Entries September 2026'!T29-'Entries September 2026'!T28<1,"0",'Entries September 2026'!T29-'Entries September 2026'!T28) -> 0 | M29: =IF('Entries September 2026'!U29-'Entries September 2026'!U28<1,"0",'Entries September 2026'!U29-'Entries September 2026'!U28) -> 1 | N29: =IF('Entries September 2026'!X29-'Entries September 2026'!X28<1,"0",'Entries September 2026'!X29-'Entries September 2026'!X28) -> 56 | O29: =IF('Entries September 2026'!Y29-'Entries September 2026'!Y28<1,"0",'Entries September 2026'!Y29-'Entries September 2026'!Y28) -> 77 | P29: =IF('Entries September 2026'!AC29-'Entries September 2026'!AC28<1,"0",'Entries September 2026'!AC29-'Entries September 2026'!AC28) -> 5 | Q29: =IF('Entries September 2026'!Z29-'Entries September 2026'!Z28<1,"0",'Entries September 2026'!Z29-'Entries September 2026'!Z28) -> 15 | R29: =IF(('Entries September 2026'!AA29-'Entries September 2026'!AA28)+('Entries September 2026'!AB29-'Entries September 2026'!AB28)<1,"0",('Entries September 2026'!AA29-'Entries September 2026'!AA28)+('Entries September 2026'!AB29-'Entries September 2026'!AB28)) -> 0 | S29: =(R29+G29)*10 -> 1510 | T29: =O29+N29+M29+L29 -> 134 | U29: =IF('Entries September 2026'!AC29-'Entries September 2026'!AC28<1,"0",'Entries September 2026'!AC29-'Entries September 2026'!AC28) -> 5 | V29: =IF('Entries September 2026'!AD29-'Entries September 2026'!AD28<1,"0",'Entries September 2026'!AD29-'Entries September 2026'!AD28) -> 0 | W29: =IF('Entries September 2026'!AE29-'Entries September 2026'!AE28<1,"0",'Entries September 2026'!AE29-'Entries September 2026'!AE28) -> 0 | X29: =IF('Entries September 2026'!AI29-'Entries September 2026'!AI28<1,"0",'Entries September 2026'!AI29-'Entries September 2026'!AI28) -> 0 | Y29: =IF('Entries September 2026'!AH29-'Entries September 2026'!AH28<1,"0",'Entries September 2026'!AH29-'Entries September 2026'!AH28) -> 0 | Z29: =C29+D29+E29 -> 229 | AA29: 280.17 | AB29: =IF(AA29=0,"0",(Z29*10/AA29)) -> 8.1736089
B30: 24 | C30: =IF('Entries September 2026'!W30-'Entries September 2026'!W29<1,"0",'Entries September 2026'!W30-'Entries September 2026'!W29) -> 0 | D30: =IF('Entries September 2026'!O30-'Entries September 2026'!O29<1,"0",'Entries September 2026'!O30-'Entries September 2026'!O29) -> 212 | E30: =IF('Entries September 2026'!P30-'Entries September 2026'!P29<1,"0",'Entries September 2026'!P30-'Entries September 2026'!P29) -> 158 | F30: =IF('Entries September 2026'!V30-'Entries September 2026'!V29<1,"0",'Entries September 2026'!V30-'Entries September 2026'!V29) -> 154 | G30: =(D30+E30)-F30 -> 216 | H30: =IF('Entries September 2026'!Q30-'Entries September 2026'!Q29<1,0,'Entries September 2026'!Q30-'Entries September 2026'!Q29) -> 170 | I30: =IF('Entries September 2026'!AG30-'Entries September 2026'!AG29<1,0,'Entries September 2026'!AG30-'Entries September 2026'!AG29) -> 0 | J30: =IF('Entries September 2026'!S30-'Entries September 2026'!S29<1,"0",'Entries September 2026'!S30-'Entries September 2026'!S29) -> 148 | K30: =IF('Entries September 2026'!R30-'Entries September 2026'!R29<1,"0",'Entries September 2026'!R30-'Entries September 2026'!R29) -> 0 | L30: =IF('Entries September 2026'!T30-'Entries September 2026'!T29<1,"0",'Entries September 2026'!T30-'Entries September 2026'!T29) -> 0 | M30: =IF('Entries September 2026'!U30-'Entries September 2026'!U29<1,"0",'Entries September 2026'!U30-'Entries September 2026'!U29) -> 3 | N30: =IF('Entries September 2026'!X30-'Entries September 2026'!X29<1,"0",'Entries September 2026'!X30-'Entries September 2026'!X29) -> 16 | O30: =IF('Entries September 2026'!Y30-'Entries September 2026'!Y29<1,"0",'Entries September 2026'!Y30-'Entries September 2026'!Y29) -> 80 | P30: =IF('Entries September 2026'!AC30-'Entries September 2026'!AC29<1,"0",'Entries September 2026'!AC30-'Entries September 2026'!AC29) -> 15 | Q30: =IF('Entries September 2026'!Z30-'Entries September 2026'!Z29<1,"0",'Entries September 2026'!Z30-'Entries September 2026'!Z29) -> 16 | R30: =IF(('Entries September 2026'!AA30-'Entries September 2026'!AA29)+('Entries September 2026'!AB30-'Entries September 2026'!AB29)<1,"0",('Entries September 2026'!AA30-'Entries September 2026'!AA29)+('Entries September 2026'!AB30-'Entries September 2026'!AB29)) -> 0 | S30: =(R30+G30)*10 -> 2160 | T30: =O30+N30+M30+L30 -> 99 | U30: =IF('Entries September 2026'!AC30-'Entries September 2026'!AC29<1,"0",'Entries September 2026'!AC30-'Entries September 2026'!AC29) -> 15 | V30: =IF('Entries September 2026'!AD30-'Entries September 2026'!AD29<1,"0",'Entries September 2026'!AD30-'Entries September 2026'!AD29) -> 0 | W30: =IF('Entries September 2026'!AE30-'Entries September 2026'!AE29<1,"0",'Entries September 2026'!AE30-'Entries September 2026'!AE29) -> 0 | X30: =IF('Entries September 2026'!AI30-'Entries September 2026'!AI29<1,"0",'Entries September 2026'!AI30-'Entries September 2026'!AI29) -> 0 | Y30: =IF('Entries September 2026'!AH30-'Entries September 2026'!AH29<1,"0",'Entries September 2026'!AH30-'Entries September 2026'!AH29) -> 0 | Z30: =C30+D30+E30 -> 370 | AA30: 354.948 | AB30: =IF(AA30=0,"0",(Z30*10/AA30)) -> 10.424062
B31: 25 | C31: =IF('Entries September 2026'!W31-'Entries September 2026'!W30<1,"0",'Entries September 2026'!W31-'Entries September 2026'!W30) -> 0 | D31: =IF('Entries September 2026'!O31-'Entries September 2026'!O30<1,"0",'Entries September 2026'!O31-'Entries September 2026'!O30) -> 104 | E31: =IF('Entries September 2026'!P31-'Entries September 2026'!P30<1,"0",'Entries September 2026'!P31-'Entries September 2026'!P30) -> 223 | F31: =IF('Entries September 2026'!V31-'Entries September 2026'!V30<1,"0",'Entries September 2026'!V31-'Entries September 2026'!V30) -> 234 | G31: =(D31+E31)-F31 -> 93 | H31: =IF('Entries September 2026'!Q31-'Entries September 2026'!Q30<1,0,'Entries September 2026'!Q31-'Entries September 2026'!Q30) -> 163 | I31: =IF('Entries September 2026'!AG31-'Entries September 2026'!AG30<1,0,'Entries September 2026'!AG31-'Entries September 2026'!AG30) -> 0 | J31: =IF('Entries September 2026'!S31-'Entries September 2026'!S30<1,"0",'Entries September 2026'!S31-'Entries September 2026'!S30) -> 73 | K31: =IF('Entries September 2026'!R31-'Entries September 2026'!R30<1,"0",'Entries September 2026'!R31-'Entries September 2026'!R30) -> 0 | L31: =IF('Entries September 2026'!T31-'Entries September 2026'!T30<1,"0",'Entries September 2026'!T31-'Entries September 2026'!T30) -> 0 | M31: =IF('Entries September 2026'!U31-'Entries September 2026'!U30<1,"0",'Entries September 2026'!U31-'Entries September 2026'!U30) -> 1 | N31: =IF('Entries September 2026'!X31-'Entries September 2026'!X30<1,"0",'Entries September 2026'!X31-'Entries September 2026'!X30) -> 40 | O31: =IF('Entries September 2026'!Y31-'Entries September 2026'!Y30<1,"0",'Entries September 2026'!Y31-'Entries September 2026'!Y30) -> 66 | P31: =IF('Entries September 2026'!AC31-'Entries September 2026'!AC30<1,"0",'Entries September 2026'!AC31-'Entries September 2026'!AC30) -> 12 | Q31: =IF('Entries September 2026'!Z31-'Entries September 2026'!Z30<1,"0",'Entries September 2026'!Z31-'Entries September 2026'!Z30) -> 23 | R31: =IF(('Entries September 2026'!AA31-'Entries September 2026'!AA30)+('Entries September 2026'!AB31-'Entries September 2026'!AB30)<1,"0",('Entries September 2026'!AA31-'Entries September 2026'!AA30)+('Entries September 2026'!AB31-'Entries September 2026'!AB30)) -> 0 | S31: =(R31+G31)*10 -> 930 | T31: =O31+N31+M31+L31 -> 107 | U31: =IF('Entries September 2026'!AC31-'Entries September 2026'!AC30<1,"0",'Entries September 2026'!AC31-'Entries September 2026'!AC30) -> 12 | V31: =IF('Entries September 2026'!AD31-'Entries September 2026'!AD30<1,"0",'Entries September 2026'!AD31-'Entries September 2026'!AD30) -> 0 | W31: =IF('Entries September 2026'!AE31-'Entries September 2026'!AE30<1,"0",'Entries September 2026'!AE31-'Entries September 2026'!AE30) -> 0 | X31: =IF('Entries September 2026'!AI31-'Entries September 2026'!AI30<1,"0",'Entries September 2026'!AI31-'Entries September 2026'!AI30) -> 0 | Y31: =IF('Entries September 2026'!AH31-'Entries September 2026'!AH30<1,"0",'Entries September 2026'!AH31-'Entries September 2026'!AH30) -> 0 | Z31: =C31+D31+E31 -> 327 | AA31: 263.01 | AB31: =IF(AA31=0,"0",(Z31*10/AA31)) -> 12.432987
B32: 26 | C32: =IF('Entries September 2026'!W32-'Entries September 2026'!W31<1,"0",'Entries September 2026'!W32-'Entries September 2026'!W31) -> 0 | D32: =IF('Entries September 2026'!O32-'Entries September 2026'!O31<1,"0",'Entries September 2026'!O32-'Entries September 2026'!O31) -> 2 | E32: =IF('Entries September 2026'!P32-'Entries September 2026'!P31<1,"0",'Entries September 2026'!P32-'Entries September 2026'!P31) -> 36 | F32: =IF('Entries September 2026'!V32-'Entries September 2026'!V31<1,"0",'Entries September 2026'!V32-'Entries September 2026'!V31) -> 38 | G32: =(D32+E32)-F32 -> 0 | H32: =IF('Entries September 2026'!Q32-'Entries September 2026'!Q31<1,0,'Entries September 2026'!Q32-'Entries September 2026'!Q31) -> 68 | I32: =IF('Entries September 2026'!AG32-'Entries September 2026'!AG31<1,0,'Entries September 2026'!AG32-'Entries September 2026'!AG31) -> 0 | J32: =IF('Entries September 2026'!S32-'Entries September 2026'!S31<1,"0",'Entries September 2026'!S32-'Entries September 2026'!S31) -> 0 | K32: =IF('Entries September 2026'!R32-'Entries September 2026'!R31<1,"0",'Entries September 2026'!R32-'Entries September 2026'!R31) -> 0 | L32: =IF('Entries September 2026'!T32-'Entries September 2026'!T31<1,"0",'Entries September 2026'!T32-'Entries September 2026'!T31) -> 0 | M32: =IF('Entries September 2026'!U32-'Entries September 2026'!U31<1,"0",'Entries September 2026'!U32-'Entries September 2026'!U31) -> 0 | N32: =IF('Entries September 2026'!X32-'Entries September 2026'!X31<1,"0",'Entries September 2026'!X32-'Entries September 2026'!X31) -> 0 | O32: =IF('Entries September 2026'!Y32-'Entries September 2026'!Y31<1,"0",'Entries September 2026'!Y32-'Entries September 2026'!Y31) -> 0 | P32: =IF('Entries September 2026'!AC32-'Entries September 2026'!AC31<1,"0",'Entries September 2026'!AC32-'Entries September 2026'!AC31) -> 0 | Q32: =IF('Entries September 2026'!Z32-'Entries September 2026'!Z31<1,"0",'Entries September 2026'!Z32-'Entries September 2026'!Z31) -> 0 | R32: =IF(('Entries September 2026'!AA32-'Entries September 2026'!AA31)+('Entries September 2026'!AB32-'Entries September 2026'!AB31)<1,"0",('Entries September 2026'!AA32-'Entries September 2026'!AA31)+('Entries September 2026'!AB32-'Entries September 2026'!AB31)) -> 0 | S32: =(R32+G32)*10 -> 0 | T32: =O32+N32+M32+L32 -> 0 | U32: =IF('Entries September 2026'!AC32-'Entries September 2026'!AC31<1,"0",'Entries September 2026'!AC32-'Entries September 2026'!AC31) -> 0 | V32: =IF('Entries September 2026'!AD32-'Entries September 2026'!AD31<1,"0",'Entries September 2026'!AD32-'Entries September 2026'!AD31) -> 0 | W32: =IF('Entries September 2026'!AE32-'Entries September 2026'!AE31<1,"0",'Entries September 2026'!AE32-'Entries September 2026'!AE31) -> 0 | X32: =IF('Entries September 2026'!AI32-'Entries September 2026'!AI31<1,"0",'Entries September 2026'!AI32-'Entries September 2026'!AI31) -> 0 | Y32: =IF('Entries September 2026'!AH32-'Entries September 2026'!AH31<1,"0",'Entries September 2026'!AH32-'Entries September 2026'!AH31) -> 0 | Z32: =C32+D32+E32 -> 38 | AA32: 0 | AB32: =IF(AA32=0,"0",(Z32*10/AA32)) -> 0
B33: 27 | C33: =IF('Entries September 2026'!W33-'Entries September 2026'!W32<1,"0",'Entries September 2026'!W33-'Entries September 2026'!W32) -> 0 | D33: =IF('Entries September 2026'!O33-'Entries September 2026'!O32<1,"0",'Entries September 2026'!O33-'Entries September 2026'!O32) -> 7 | E33: =IF('Entries September 2026'!P33-'Entries September 2026'!P32<1,"0",'Entries September 2026'!P33-'Entries September 2026'!P32) -> 0 | F33: =IF('Entries September 2026'!V33-'Entries September 2026'!V32<1,"0",'Entries September 2026'!V33-'Entries September 2026'!V32) -> 0 | G33: =(D33+E33)-F33 -> 7 | H33: =IF('Entries September 2026'!Q33-'Entries September 2026'!Q32<1,0,'Entries September 2026'!Q33-'Entries September 2026'!Q32) -> 14 | I33: =IF('Entries September 2026'!AG33-'Entries September 2026'!AG32<1,0,'Entries September 2026'!AG33-'Entries September 2026'!AG32) -> 0 | J33: =IF('Entries September 2026'!S33-'Entries September 2026'!S32<1,"0",'Entries September 2026'!S33-'Entries September 2026'!S32) -> 0 | K33: =IF('Entries September 2026'!R33-'Entries September 2026'!R32<1,"0",'Entries September 2026'!R33-'Entries September 2026'!R32) -> 0 | L33: =IF('Entries September 2026'!T33-'Entries September 2026'!T32<1,"0",'Entries September 2026'!T33-'Entries September 2026'!T32) -> 0 | M33: =IF('Entries September 2026'!U33-'Entries September 2026'!U32<1,"0",'Entries September 2026'!U33-'Entries September 2026'!U32) -> 0 | N33: =IF('Entries September 2026'!X33-'Entries September 2026'!X32<1,"0",'Entries September 2026'!X33-'Entries September 2026'!X32) -> 0 | O33: =IF('Entries September 2026'!Y33-'Entries September 2026'!Y32<1,"0",'Entries September 2026'!Y33-'Entries September 2026'!Y32) -> 31 | P33: =IF('Entries September 2026'!AC33-'Entries September 2026'!AC32<1,"0",'Entries September 2026'!AC33-'Entries September 2026'!AC32) -> 1 | Q33: =IF('Entries September 2026'!Z33-'Entries September 2026'!Z32<1,"0",'Entries September 2026'!Z33-'Entries September 2026'!Z32) -> 0 | R33: =IF(('Entries September 2026'!AA33-'Entries September 2026'!AA32)+('Entries September 2026'!AB33-'Entries September 2026'!AB32)<1,"0",('Entries September 2026'!AA33-'Entries September 2026'!AA32)+('Entries September 2026'!AB33-'Entries September 2026'!AB32)) -> 0 | S33: =(R33+G33)*10 -> 70 | T33: =O33+N33+M33+L33 -> 31 | U33: =IF('Entries September 2026'!AC33-'Entries September 2026'!AC32<1,"0",'Entries September 2026'!AC33-'Entries September 2026'!AC32) -> 1 | V33: =IF('Entries September 2026'!AD33-'Entries September 2026'!AD32<1,"0",'Entries September 2026'!AD33-'Entries September 2026'!AD32) -> 0 | W33: =IF('Entries September 2026'!AE33-'Entries September 2026'!AE32<1,"0",'Entries September 2026'!AE33-'Entries September 2026'!AE32) -> 0 | X33: =IF('Entries September 2026'!AI33-'Entries September 2026'!AI32<1,"0",'Entries September 2026'!AI33-'Entries September 2026'!AI32) -> 0 | Y33: =IF('Entries September 2026'!AH33-'Entries September 2026'!AH32<1,"0",'Entries September 2026'!AH33-'Entries September 2026'!AH32) -> 0 | Z33: =C33+D33+E33 -> 7 | AA33: 0 | AB33: =IF(AA33=0,"0",(Z33*10/AA33)) -> 0
B34: 28 | C34: =IF('Entries September 2026'!W34-'Entries September 2026'!W33<1,"0",'Entries September 2026'!W34-'Entries September 2026'!W33) -> 0 | D34: =IF('Entries September 2026'!O34-'Entries September 2026'!O33<1,"0",'Entries September 2026'!O34-'Entries September 2026'!O33) -> 0 | E34: =IF('Entries September 2026'!P34-'Entries September 2026'!P33<1,"0",'Entries September 2026'!P34-'Entries September 2026'!P33) -> 0 | F34: =IF('Entries September 2026'!V34-'Entries September 2026'!V33<1,"0",'Entries September 2026'!V34-'Entries September 2026'!V33) -> 0 | G34: =(D34+E34)-F34 -> 0 | H34: =IF('Entries September 2026'!Q34-'Entries September 2026'!Q33<1,0,'Entries September 2026'!Q34-'Entries September 2026'!Q33) -> 0 | I34: =IF('Entries September 2026'!AG34-'Entries September 2026'!AG33<1,0,'Entries September 2026'!AG34-'Entries September 2026'!AG33) -> 0 | J34: =IF('Entries September 2026'!S34-'Entries September 2026'!S33<1,"0",'Entries September 2026'!S34-'Entries September 2026'!S33) -> 0 | K34: =IF('Entries September 2026'!R34-'Entries September 2026'!R33<1,"0",'Entries September 2026'!R34-'Entries September 2026'!R33) -> 0 | L34: =IF('Entries September 2026'!T34-'Entries September 2026'!T33<1,"0",'Entries September 2026'!T34-'Entries September 2026'!T33) -> 0 | M34: =IF('Entries September 2026'!U34-'Entries September 2026'!U33<1,"0",'Entries September 2026'!U34-'Entries September 2026'!U33) -> 0 | N34: =IF('Entries September 2026'!X34-'Entries September 2026'!X33<1,"0",'Entries September 2026'!X34-'Entries September 2026'!X33) -> 0 | O34: =IF('Entries September 2026'!Y34-'Entries September 2026'!Y33<1,"0",'Entries September 2026'!Y34-'Entries September 2026'!Y33) -> 0 | P34: =IF('Entries September 2026'!AC34-'Entries September 2026'!AC33<1,"0",'Entries September 2026'!AC34-'Entries September 2026'!AC33) -> 0 | Q34: =IF('Entries September 2026'!Z34-'Entries September 2026'!Z33<1,"0",'Entries September 2026'!Z34-'Entries September 2026'!Z33) -> 0 | R34: =IF(('Entries September 2026'!AA34-'Entries September 2026'!AA33)+('Entries September 2026'!AB34-'Entries September 2026'!AB33)<1,"0",('Entries September 2026'!AA34-'Entries September 2026'!AA33)+('Entries September 2026'!AB34-'Entries September 2026'!AB33)) -> 0 | S34: =(R34+G34)*10 -> 0 | T34: =O34+N34+M34+L34 -> 0 | U34: =IF('Entries September 2026'!AC34-'Entries September 2026'!AC33<1,"0",'Entries September 2026'!AC34-'Entries September 2026'!AC33) -> 0 | V34: =IF('Entries September 2026'!AD34-'Entries September 2026'!AD33<1,"0",'Entries September 2026'!AD34-'Entries September 2026'!AD33) -> 0 | W34: =IF('Entries September 2026'!AE34-'Entries September 2026'!AE33<1,"0",'Entries September 2026'!AE34-'Entries September 2026'!AE33) -> 0 | X34: =IF('Entries September 2026'!AI34-'Entries September 2026'!AI33<1,"0",'Entries September 2026'!AI34-'Entries September 2026'!AI33) -> 0 | Y34: =IF('Entries September 2026'!AH34-'Entries September 2026'!AH33<1,"0",'Entries September 2026'!AH34-'Entries September 2026'!AH33) -> 0 | Z34: =C34+D34+E34 -> 0 | AA34: 258.72 | AB34: =IF(AA34=0,"0",(Z34*10/AA34)) -> 0
B35: 29 | C35: =IF('Entries September 2026'!W35-'Entries September 2026'!W34<1,"0",'Entries September 2026'!W35-'Entries September 2026'!W34) -> 0 | D35: =IF('Entries September 2026'!O35-'Entries September 2026'!O34<1,"0",'Entries September 2026'!O35-'Entries September 2026'!O34) -> 0 | E35: =IF('Entries September 2026'!P35-'Entries September 2026'!P34<1,"0",'Entries September 2026'!P35-'Entries September 2026'!P34) -> 0 | F35: =IF('Entries September 2026'!V35-'Entries September 2026'!V34<1,"0",'Entries September 2026'!V35-'Entries September 2026'!V34) -> 0 | G35: =(D35+E35)-F35 -> 0 | H35: =IF('Entries September 2026'!Q35-'Entries September 2026'!Q34<1,0,'Entries September 2026'!Q35-'Entries September 2026'!Q34) -> 0 | I35: =IF('Entries September 2026'!AG35-'Entries September 2026'!AG34<1,0,'Entries September 2026'!AG35-'Entries September 2026'!AG34) -> 0 | J35: =IF('Entries September 2026'!S35-'Entries September 2026'!S34<1,"0",'Entries September 2026'!S35-'Entries September 2026'!S34) -> 0 | K35: =IF('Entries September 2026'!R35-'Entries September 2026'!R34<1,"0",'Entries September 2026'!R35-'Entries September 2026'!R34) -> 0 | L35: =IF('Entries September 2026'!T35-'Entries September 2026'!T34<1,"0",'Entries September 2026'!T35-'Entries September 2026'!T34) -> 0 | M35: =IF('Entries September 2026'!U35-'Entries September 2026'!U34<1,"0",'Entries September 2026'!U35-'Entries September 2026'!U34) -> 0 | N35: =IF('Entries September 2026'!X35-'Entries September 2026'!X34<1,"0",'Entries September 2026'!X35-'Entries September 2026'!X34) -> 0 | O35: =IF('Entries September 2026'!Y35-'Entries September 2026'!Y34<1,"0",'Entries September 2026'!Y35-'Entries September 2026'!Y34) -> 0 | P35: =IF('Entries September 2026'!AC35-'Entries September 2026'!AC34<1,"0",'Entries September 2026'!AC35-'Entries September 2026'!AC34) -> 0 | Q35: =IF('Entries September 2026'!Z35-'Entries September 2026'!Z34<1,"0",'Entries September 2026'!Z35-'Entries September 2026'!Z34) -> 0 | R35: =IF(('Entries September 2026'!AA35-'Entries September 2026'!AA34)+('Entries September 2026'!AB35-'Entries September 2026'!AB34)<1,"0",('Entries September 2026'!AA35-'Entries September 2026'!AA34)+('Entries September 2026'!AB35-'Entries September 2026'!AB34)) -> 0 | S35: =(R35+G35)*10 -> 0 | T35: =O35+N35+M35+L35 -> 0 | U35: =IF('Entries September 2026'!AC35-'Entries September 2026'!AC34<1,"0",'Entries September 2026'!AC35-'Entries September 2026'!AC34) -> 0 | V35: =IF('Entries September 2026'!AD35-'Entries September 2026'!AD34<1,"0",'Entries September 2026'!AD35-'Entries September 2026'!AD34) -> 0 | W35: =IF('Entries September 2026'!AE35-'Entries September 2026'!AE34<1,"0",'Entries September 2026'!AE35-'Entries September 2026'!AE34) -> 0 | X35: =IF('Entries September 2026'!AI35-'Entries September 2026'!AI34<1,"0",'Entries September 2026'!AI35-'Entries September 2026'!AI34) -> 0 | Y35: =IF('Entries September 2026'!AH35-'Entries September 2026'!AH34<1,"0",'Entries September 2026'!AH35-'Entries September 2026'!AH34) -> 0 | Z35: =C35+D35+E35 -> 0 | AA35: 0 | AB35: =IF(AA35=0,"0",(Z35*10/AA35)) -> 0
B36: 30 | C36: =IF('Entries September 2026'!W36-'Entries September 2026'!W35<1,"0",'Entries September 2026'!W36-'Entries September 2026'!W35) -> 0 | D36: =IF('Entries September 2026'!O36-'Entries September 2026'!O35<1,"0",'Entries September 2026'!O36-'Entries September 2026'!O35) -> 0 | E36: =IF('Entries September 2026'!P36-'Entries September 2026'!P35<1,"0",'Entries September 2026'!P36-'Entries September 2026'!P35) -> 0 | F36: =IF('Entries September 2026'!V36-'Entries September 2026'!V35<1,"0",'Entries September 2026'!V36-'Entries September 2026'!V35) -> 0 | G36: =(D36+E36)-F36 -> 0 | H36: =IF('Entries September 2026'!Q36-'Entries September 2026'!Q35<1,0,'Entries September 2026'!Q36-'Entries September 2026'!Q35) -> 0 | I36: =IF('Entries September 2026'!AG36-'Entries September 2026'!AG35<1,0,'Entries September 2026'!AG36-'Entries September 2026'!AG35) -> 0 | J36: =IF('Entries September 2026'!S36-'Entries September 2026'!S35<1,"0",'Entries September 2026'!S36-'Entries September 2026'!S35) -> 0 | K36: =IF('Entries September 2026'!R36-'Entries September 2026'!R35<1,"0",'Entries September 2026'!R36-'Entries September 2026'!R35) -> 0 | L36: =IF('Entries September 2026'!T36-'Entries September 2026'!T35<1,"0",'Entries September 2026'!T36-'Entries September 2026'!T35) -> 0 | M36: =IF('Entries September 2026'!U36-'Entries September 2026'!U35<1,"0",'Entries September 2026'!U36-'Entries September 2026'!U35) -> 0 | N36: =IF('Entries September 2026'!X36-'Entries September 2026'!X35<1,"0",'Entries September 2026'!X36-'Entries September 2026'!X35) -> 0 | O36: =IF('Entries September 2026'!Y36-'Entries September 2026'!Y35<1,"0",'Entries September 2026'!Y36-'Entries September 2026'!Y35) -> 0 | P36: =IF('Entries September 2026'!AC36-'Entries September 2026'!AC35<1,"0",'Entries September 2026'!AC36-'Entries September 2026'!AC35) -> 0 | Q36: =IF('Entries September 2026'!Z36-'Entries September 2026'!Z35<1,"0",'Entries September 2026'!Z36-'Entries September 2026'!Z35) -> 0 | R36: =IF(('Entries September 2026'!AA36-'Entries September 2026'!AA35)+('Entries September 2026'!AB36-'Entries September 2026'!AB35)<1,"0",('Entries September 2026'!AA36-'Entries September 2026'!AA35)+('Entries September 2026'!AB36-'Entries September 2026'!AB35)) -> 0 | S36: =(R36+G36)*10 -> 0 | T36: =O36+N36+M36+L36 -> 0 | U36: =IF('Entries September 2026'!AC36-'Entries September 2026'!AC35<1,"0",'Entries September 2026'!AC36-'Entries September 2026'!AC35) -> 0 | V36: =IF('Entries September 2026'!AD36-'Entries September 2026'!AD35<1,"0",'Entries September 2026'!AD36-'Entries September 2026'!AD35) -> 0 | W36: =IF('Entries September 2026'!AE36-'Entries September 2026'!AE35<1,"0",'Entries September 2026'!AE36-'Entries September 2026'!AE35) -> 0 | X36: =IF('Entries September 2026'!AI36-'Entries September 2026'!AI35<1,"0",'Entries September 2026'!AI36-'Entries September 2026'!AI35) -> 0 | Y36: =IF('Entries September 2026'!AH36-'Entries September 2026'!AH35<1,"0",'Entries September 2026'!AH36-'Entries September 2026'!AH35) -> 0 | Z36: =C36+D36+E36 -> 0 | AA36: 0 | AB36: =IF(AA36=0,"0",(Z36*10/AA36)) -> 0
B37: 31 | C37: =IF('Entries September 2026'!W37-'Entries September 2026'!W36<1,"0",'Entries September 2026'!W37-'Entries September 2026'!W36) -> 0 | D37: =IF('Entries September 2026'!O37-'Entries September 2026'!O36<1,"0",'Entries September 2026'!O37-'Entries September 2026'!O36) -> 0 | E37: =IF('Entries September 2026'!P37-'Entries September 2026'!P36<1,"0",'Entries September 2026'!P37-'Entries September 2026'!P36) -> 0 | F37: =IF('Entries September 2026'!V37-'Entries September 2026'!V36<1,"0",'Entries September 2026'!V37-'Entries September 2026'!V36) -> 0 | G37: =(D37+E37)-F37 -> 0 | J37: =IF('Entries September 2026'!S37-'Entries September 2026'!S36<1,"0",'Entries September 2026'!S37-'Entries September 2026'!S36) -> 0 | K37: =IF('Entries September 2026'!R37-'Entries September 2026'!R36<1,"0",'Entries September 2026'!R37-'Entries September 2026'!R36) -> 0 | L37: =IF('Entries September 2026'!T37-'Entries September 2026'!T36<1,"0",'Entries September 2026'!T37-'Entries September 2026'!T36) -> 0 | M37: =IF('Entries September 2026'!U37-'Entries September 2026'!U36<1,"0",'Entries September 2026'!U37-'Entries September 2026'!U36) -> 0 | N37: =IF('Entries September 2026'!X37-'Entries September 2026'!X36<1,"0",'Entries September 2026'!X37-'Entries September 2026'!X36) -> 0 | O37: =IF('Entries September 2026'!Y37-'Entries September 2026'!Y36<1,"0",'Entries September 2026'!Y37-'Entries September 2026'!Y36) -> 0 | P37: =IF('Entries September 2026'!AC37-'Entries September 2026'!AC36<1,"0",'Entries September 2026'!AC37-'Entries September 2026'!AC36) -> 0 | Q37: =IF('Entries September 2026'!Z37-'Entries September 2026'!Z36<1,"0",'Entries September 2026'!Z37-'Entries September 2026'!Z36) -> 0 | R37: =IF(('Entries September 2026'!AA37-'Entries September 2026'!AA36)+('Entries September 2026'!AB37-'Entries September 2026'!AB36)<1,"0",('Entries September 2026'!AA37-'Entries September 2026'!AA36)+('Entries September 2026'!AB37-'Entries September 2026'!AB36)) -> 0 | S37: =(R37+G37)*10 -> 0 | U37: =IF('Entries September 2026'!AC37-'Entries September 2026'!AC36<1,"0",'Entries September 2026'!AC37-'Entries September 2026'!AC36) -> 0 | V37: =IF('Entries September 2026'!AD37-'Entries September 2026'!AD36<1,"0",'Entries September 2026'!AD37-'Entries September 2026'!AD36) -> 0 | W37: =IF('Entries September 2026'!AE37-'Entries September 2026'!AE36<1,"0",'Entries September 2026'!AE37-'Entries September 2026'!AE36) -> 0 | X37: =IF('Entries September 2026'!AI37-'Entries September 2026'!AI36<1,"0",'Entries September 2026'!AI37-'Entries September 2026'!AI36) -> 0 | Y37: =IF('Entries September 2026'!AH37-'Entries September 2026'!AH36<1,"0",'Entries September 2026'!AH37-'Entries September 2026'!AH36) -> 0 | Z37: =C37+D37+E37 -> 0 | AA37: 0
A38: MTD | B38: total | C38: =SUM(C7:C37) -> 0 | D38: =SUM(D7:D37) -> 4091 | E38: =SUM(E7:E37) -> 3855 | F38: =SUM(F7:F37) -> 3834 | G38: =SUM(G7:G37) -> 4112 | H38: =SUM(H7:H37) -> 4468 | J38: =SUM(J7:J37) -> 2639 | L38: =SUM(L7:L37) -> 0 | M38: =SUM(M7:M37) -> 61 | N38: =SUM(N7:N37) -> 873 | O38: =SUM(O7:O37) -> 1856 | P38: =SUM(P7:P37) -> 320 | Q38: =SUM(Q7:Q37) -> 383 | R38: =SUM(R7:R34) -> 0 | S38: =SUM(S7:S37) -> 41120 | T38: =SUM(T7:T37) -> 2790 | U38: =SUM(U7:U37) -> 320 | V38: =SUM(V7:V37) -> 0 | Z38: =SUM(Z7:Z37) -> 7946 | AA38: =SUM(AA7:AA37) -> 6666.462 | AB38: =IF(AA38=0,"0",(Z38*10/AA38)) -> 11.919366 | AC38: 10.2 | AD38: =AB38/AC38*100 -> 116.85653
B40: Gals. | D40: =D38*220 -> 900020
B41: NAWASA Cost/gal | D41: 0.01581
B43: Proxy NAWASA water Cost | D43: =+D41*D40 -> 14229.316
B44: Add basic charge | D44: 278.97
D45: =SUM(D43:D44) -> 14508.286
B47: Proxy sewage charge (2/3) | D47: =+D45*2/3 -> 9672.1908
B49: Proxy MTD NAWASA cost | D49: =SUM(D47,D45) -> 24180.477

Sheet Elec.SEPTEMBER 2026
A1: DAILY ELECTRICITY CONSUMPTION FOR SEPTEMBER 2026
A4: DATE | B4: Grenlec | C4: In -house | D4: Solar System | E4: Total Cons. (KW-HR) | F4: Total Prod.(HL) | G4: KPI. Elect (KW-H/Hl)
B5: In-feed (Kwhr) | C5: Gen. (Kwhr) | D5: Gen. (Kwhr)
A7: 1 | B7: ='Utility Analysis September 2026'!D10 -> 8735 | C7: ='Utility Analysis September 2026'!G10 -> 0 | D7: ='Utility Analysis September 2026'!E10 -> 1374.6 | E7: =B7+D7 -> 10109.6 | F7: ='PROD.FIG. '!H5 -> 493.416 | G7: =IF(F7=0,"0",(E7/F7)) -> 20.488999
A8: 2 | B8: ='Utility Analysis September 2026'!D11 -> 8438 | C8: ='Utility Analysis September 2026'!G11 -> 0 | D8: ='Utility Analysis September 2026'!E11 -> 1635.3 | E8: =B8+D8 -> 10073.3 | F8: ='PROD.FIG. '!H6 -> 519.42 | G8: =IF(F8=0,"0",(E8/F8)) -> 19.393362
A9: 3 | B9: ='Utility Analysis September 2026'!D12 -> 8694 | C9: ='Utility Analysis September 2026'!G12 -> 0 | D9: ='Utility Analysis September 2026'!E12 -> 1611.6 | E9: =B9+D9 -> 10305.6 | F9: ='PROD.FIG. '!H7 -> 447.678 | G9: =IF(F9=0,"0",(E9/F9)) -> 23.020117
A10: 4 | B10: ='Utility Analysis September 2026'!D13 -> 5679 | C10: ='Utility Analysis September 2026'!G13 -> 0 | D10: ='Utility Analysis September 2026'!E13 -> 1542 | E10: =B10+D10 -> 7221 | F10: ='PROD.FIG. '!H8 -> 96.294 | G10: =IF(F10=0,"0",(E10/F10)) -> 74.989096
A11: 5 | B11: ='Utility Analysis September 2026'!D14 -> 3385 | C11: ='Utility Analysis September 2026'!G14 -> 0 | D11: ='Utility Analysis September 2026'!E14 -> 1552.4 | E11: =B11+D11 -> 4937.4 | F11: ='PROD.FIG. '!H9 -> 0 | G11: =IF(F11=0,"0",(E11/F11)) -> 0
A12: 6 | B12: ='Utility Analysis September 2026'!D15 -> 2797 | C12: ='Utility Analysis September 2026'!G15 -> 0 | D12: ='Utility Analysis September 2026'!E15 -> 1574.3 | E12: =B12+D12 -> 4371.3 | F12: ='PROD.FIG. '!H10 -> 0 | G12: =IF(F12=0,"0",(E12/F12)) -> 0
A13: 7 | B13: ='Utility Analysis September 2026'!D16 -> 5039 | C13: ='Utility Analysis September 2026'!G16 -> 0 | D13: ='Utility Analysis September 2026'!E16 -> 1506.9 | E13: =B13+D13 -> 6545.9 | F13: ='PROD.FIG. '!H11 -> 0 | G13: =IF(F13=0,"0",(E13/F13)) -> 0
A14: 8 | B14: ='Utility Analysis September 2026'!D17 -> 6654 | C14: ='Utility Analysis September 2026'!G17 -> 0 | D14: ='Utility Analysis September 2026'!E17 -> 1558.3 | E14: =B14+D14 -> 8212.3 | F14: ='PROD.FIG. '!H12 -> 261.492 | G14: =IF(F14=0,"0",(E14/F14)) -> 31.40555
A15: 9 | B15: ='Utility Analysis September 2026'!D18 -> 8374 | C15: ='Utility Analysis September 2026'!G18 -> 0 | D15: ='Utility Analysis September 2026'!E18 -> 1042.7 | E15: =B15+D15 -> 9416.7 | F15: ='PROD.FIG. '!H13 -> 401.61 | G15: =IF(F15=0,"0",(E15/F15)) -> 23.447374
A16: 10 | B16: ='Utility Analysis September 2026'!D19 -> 6508 | C16: ='Utility Analysis September 2026'!G19 -> 0 | D16: ='Utility Analysis September 2026'!E19 -> 539.6 | E16: =B16+D16 -> 7047.6 | F16: ='PROD.FIG. '!H14 -> 402.864 | G16: =IF(F16=0,"0",(E16/F16)) -> 17.493745
A17: 11 | B17: ='Utility Analysis September 2026'!D20 -> 6688 | C17: ='Utility Analysis September 2026'!G20 -> 0 | D17: ='Utility Analysis September 2026'!E20 -> 1365.4 | E17: =B17+D17 -> 8053.4 | F17: ='PROD.FIG. '!H15 -> 266.244 | G17: =IF(F17=0,"0",(E17/F17)) -> 30.248193
A18: 12 | B18: ='Utility Analysis September 2026'!D21 -> 3127 | C18: ='Utility Analysis September 2026'!G21 -> 0 | D18: ='Utility Analysis September 2026'!E21 -> 1012.4 | E18: =B18+D18 -> 4139.4 | F18: ='PROD.FIG. '!H16 -> 0 | G18: =IF(F18=0,"0",(E18/F18)) -> 0
... A36: 30 | B36: ='Utility Analysis September 2026'!D39 -> 0 | C36: ='Utility Analysis September 2026'!G39 -> 0 | D36: ='Utility Analysis September 2026'!E39 -> 0 | E36: =B36+D36 -> 0 | F36: ='PROD.FIG. '!H34 -> 0 | G36: =IF(F36=0,"0",(E36/F36)) -> 0
A37: 31 | B37: ='Utility Analysis September 2026'!D40 -> 0 | C37: ='Utility Analysis September 2026'!G40 -> 0 | D37: ='Utility Analysis September 2026'!E40 -> 0 | E37: =B37+C37 -> 0 | F37: ='PROD.FIG. '!H35 -> 0 | I37: %
A38: MTD | B38: =SUM(B7:B37) -> 167292 | C38: =SUM(C7:C37) -> 0 | D38: =SUM(D7:D37) -> 37573.6 | E38: =SUM(E7:E37) -> 204865.6 | F38: =SUM(F7:F37) -> 6666.462 | G38: =IF(F38=0,"0",(E38/F38)) -> 30.730783 | H38: 22 | I38: =G38/H38*100 -> 139.68538
H39: TARGET

Sheet PROD.FIG. 
A1: PRODUCTION FOR SEPTEMBER 2026
B3: DATE
B4: - | C4: BOTTLED (Hl) | D4: KEGS (Hl) | E4: OTHER (Filtered) | F4: Brewed | G4: Transferred | H4: TOTAL ( Hls)
A5: Tuesday | B5: 1 | H5: {=IF(TRANSPOSE('Daily KPIs'!B9:AF9)=0,"0",TRANSPOSE('Daily KPIs'!B9:AF9))} -> 493.416
A6: Wednesday | B6: 2 | H6: 519.42
A7: Thursday | B7: 3 | H7: 447.678
A8: Friday | B8: 4 | H8: 96.294
A9: Saturday | B9: 5 | H9: 0
A10: Sunday | B10: 6 | H10: 0
A11: Monday | B11: 7 | H11: 0
A12: Tuesday | B12: 8 | H12: 261.492
A13: Wednesday | B13: 9 | H13: 401.61
A14: Thursday | B14: 10 | H14: 402.864
A15: Friday | B15: 11 | H15: 266.244
A16: Saturday | B16: 12 | H16: 0
A17: Sunday | B17: 13 | H17: 0
A18: Monday | B18: 14 | H18: 497.904
A19: Tuesday | B19: 15 | H19: 602.91
A20: Wednesday | B20: 16 | H20: 243.342
A21: Thursday | B21: 17 | H21: 290.202
A22: Friday | B22: 18 | H22: 440.814
A23: Saturday | B23: 19 | H23: 0
A24: Sunday | B24: 20 | H24: 0
A25: Monday | B25: 21 | H25: 179.916
A26: Tuesday | B26: 22 | H26: 365.508
A27: Wednesday | B27: 23 | H27: 280.17
A28: Thursday | B28: 24 | H28: 354.948
A29: Friday | B29: 25 | H29: 263.01
A30: Saturday | B30: 26 | H30: 0
A31: Sunday | B31: 27 | H31: 0
A32: Monday | B32: 28 | H32: 258.72
A33: Tuesday | B33: 29 | H33: 0
A34: Wednesday | B34: 30 | H34: 0
B35: 31 | H35: 0
G36: TOTAL | H36: =SUM(H5:H35) -> 6666.462
C39: =SUM(C5:C36) -> 0

Sheet CO2
A3: CO2 Daily Consumption for SEPTEMBER 2026 | I3: TANK C
G4: FILLER | I4: TAYLOR WHARTON CALIBRATION TANK | Q4: NOT READY
A5: DATE | B5: FILLER Cons. (Kg.) | C5: BMF Cons. (Kg.) | D5: CO2 (kg.) (Ex. Vap'r Flowmeter) | E5: CO2 (kg.) (Ex. Vap'r Calculation) | F5: Total Prod.(HL) | G5: CO2 ( Kg./HL) | I5: inH2O | J5: LBS_CO2 | K5: KG_CO2 | M5: READING Today (inH2O) | Q5: DATE | R5: TANK C | T5: TANK A | U5: TANK B | V5: INPUTS MOBILE(kg) | W5: STOCK (KG) | X5: TOTAL CONSUMPTION (KG)
I6: 10 | J6: 722 | K6: =J6/2.204623 -> 327.49363 | N6: POUNDS | O6: KG | R6: READING 00:30 hrs (inH2O) | S6: QUANTITY (KG) | T6: QUANTITY (KG) | U6: QUANTITY (KG)
A7: 1 | B7: =IF('Entries September 2026'!N7-'Entries September 2026'!N6<1,"0",'Entries September 2026'!N7-'Entries September 2026'!N6) -> 294.26 | C7: =IF('Entries September 2026'!L7-'Entries September 2026'!L6<1,"0",'Entries September 2026'!L7-'Entries September 2026'!L6) -> 963.33 | D7: =IF('Entries September 2026'!M7-'Entries September 2026'!M6<1,"0",'Entries September 2026'!M7-'Entries September 2026'!M6) -> 2728.63 | E7: {=TRANSPOSE('Daily KPIs'!B74:AF74)} -> 2700 | F7: {=TRANSPOSE('Daily KPIs'!B9:AF9)} -> 493.416 | G7: =IF(F7=0,"0",(E7/F7)) -> 5.472056 | I7: 20 | J7: 2857 | K7: =J7/2.204623 -> 1295.9132 | M7: 75 | N7: =O7*2.204623 -> 12436 | O7: {=IF(COUNTIF(I6:I40,M7),_xlfn.XLOOKUP(M7,I6:I40,K6:K40),_xlfn.LET(_xlpm.x, M7,_xlpm.lo, MAX(_xlfn._xlws.FILTER(I6:I40, I6:I40 <= _xlpm.x)),_xlpm.hi, MIN(_xlfn._xlws.FILTER(I6:I40, I6:I40 >= _xlpm.x)),_xlpm.ylo, INDEX(K6:K40, MATCH(_xlpm.lo, I6:I40, 0)),_xlpm.yhi, INDEX(K6:K40, MATCH(_xlpm.hi, I6:I40, 0)),_xlpm.ylo + (_xlpm.x - _xlpm.lo) * (_xlpm.yhi - _xlpm.ylo) / (_xlpm.hi - _xlpm.lo) ))} -> 5640.8737 | Q7: 45870 | R7: ='Entries September 2026'!AL6 -> 0 | S7: {=IF(R7=0,0,IF(COUNTIF($I$6:$I$40,R7),_xlfn.XLOOKUP(R7,$I$6:$I$40,$K$6:$K$40),_xlfn.LET(_xlpm.x, R7,_xlpm.lo, MAX(_xlfn._xlws.FILTER($I$6:$I$40, $I$6:$I$40 <= _xlpm.x)),_xlpm.hi, MIN(_xlfn._xlws.FILTER($I$6:$I$40, $I$6:$I$40 >= _xlpm.x)),_xlpm.ylo, INDEX($K$6:$K$40, MATCH(_xlpm.lo, $I$6:$I$40, 0)),_xlpm.yhi, INDEX($K$6:$K$40, MATCH(_xlpm.hi, $I$6:$I$40, 0)),_xlpm.ylo + (_xlpm.x - _xlpm.lo) * (_xlpm.yhi - _xlpm.ylo) / (_xlpm.hi - _xlpm.lo) )))} -> 0 | T7: ='Entries September 2026'!#REF! -> #REF! | U7: ='Entries September 2026'!#REF! -> #REF! | V7: ='Entries September 2026'!#REF!/2.204623 -> #REF! | W7: =S7+T7+U7+V7 -> #REF!
A8: 2 | B8: =IF('Entries September 2026'!N8-'Entries September 2026'!N7<1,"0",'Entries September 2026'!N8-'Entries September 2026'!N7) -> 307.15 | C8: =IF('Entries September 2026'!L8-'Entries September 2026'!L7<1,"0",'Entries September 2026'!L8-'Entries September 2026'!L7) -> 767.17 | D8: =IF('Entries September 2026'!M8-'Entries September 2026'!M7<1,"0",'Entries September 2026'!M8-'Entries September 2026'!M7) -> 2873.43 | E8: 2900 | F8: 519.42 | G8: =IF(F8=0,"0",(E8/F8)) -> 5.5831504 | I8: 30 | J8: 4344 | K8: =J8/2.204623 -> 1970.4049 | N8: 12436 | O8: =N8/2.204 -> 5642.4682 | Q8: 45871 | R8: ='Entries September 2026'!AL7 -> 0 | S8: {=IF(R8=0,0,IF(COUNTIF($I$6:$I$40,R8),_xlfn.XLOOKUP(R8,$I$6:$I$40,$K$6:$K$40),_xlfn.LET(_xlpm.x, R8,_xlpm.lo, MAX(_xlfn._xlws.FILTER($I$6:$I$40, $I$6:$I$40 <= _xlpm.x)),_xlpm.hi, MIN(_xlfn._xlws.FILTER($I$6:$I$40, $I$6:$I$40 >= _xlpm.x)),_xlpm.ylo, INDEX($K$6:$K$40, MATCH(_xlpm.lo, $I$6:$I$40, 0)),_xlpm.yhi, INDEX($K$6:$K$40, MATCH(_xlpm.hi, $I$6:$I$40, 0)),_xlpm.ylo + (_xlpm.x - _xlpm.lo) * (_xlpm.yhi - _xlpm.ylo) / (_xlpm.hi - _xlpm.lo) )))} -> 0 | T8: ='Entries September 2026'!AM6 -> 0 | U8: ='Entries September 2026'!AN6 -> 0 | V8: ='Entries September 2026'!AO6/2.204623 -> 0 | W8: =S8+T8+U8+V8 -> 0 | X8: =IF(W9-W8<0,W8-W9,W9-W8) -> 0
A9: 3 | B9: =IF('Entries September 2026'!N9-'Entries September 2026'!N8<1,"0",'Entries September 2026'!N9-'Entries September 2026'!N8) -> 267.46 | C9: =IF('Entries September 2026'!L9-'Entries September 2026'!L8<1,"0",'Entries September 2026'!L9-'Entries September 2026'!L8) -> 277.79 | D9: =IF('Entries September 2026'!M9-'Entries September 2026'!M8<1,"0",'Entries September 2026'!M9-'Entries September 2026'!M8) -> 2205.94 | E9: 2100 | F9: 447.678 | G9: =IF(F9=0,"0",(E9/F9)) -> 4.6908716 | I9: 40 | J9: 6143 | K9: =J9/2.204623 -> 2786.4175 | O9: =O8/2150 -> 2.6244038 | Q9: 45872 | R9: ='Entries September 2026'!AL8 -> 0 | S9: {=IF(R9=0,0,IF(COUNTIF($I$6:$I$40,R9),_xlfn.XLOOKUP(R9,$I$6:$I$40,$K$6:$K$40),_xlfn.LET(_xlpm.x, R9,_xlpm.lo, MAX(_xlfn._xlws.FILTER($I$6:$I$40, $I$6:$I$40 <= _xlpm.x)),_xlpm.hi, MIN(_xlfn._xlws.FILTER($I$6:$I$40, $I$6:$I$40 >= _xlpm.x)),_xlpm.ylo, INDEX($K$6:$K$40, MATCH(_xlpm.lo, $I$6:$I$40, 0)),_xlpm.yhi, INDEX($K$6:$K$40, MATCH(_xlpm.hi, $I$6:$I$40, 0)),_xlpm.ylo + (_xlpm.x - _xlpm.lo) * (_xlpm.yhi - _xlpm.ylo) / (_xlpm.hi - _xlpm.lo) )))} -> 0 | T9: ='Entries September 2026'!AM7 -> 0 | U9: ='Entries September 2026'!AN7 -> 0 | V9: ='Entries September 2026'!AO7/2.204623 -> 0 | W9: =S9+T9+U9+V9 -> 0 | X9: =IF(W10-W9<0,W9-W10,W10-W9) -> 0
A10: 4 | B10: =IF('Entries September 2026'!N10-'Entries September 2026'!N9<1,"0",'Entries September 2026'!N10-'Entries September 2026'!N9) -> 43.3 | C10: =IF('Entries September 2026'!L10-'Entries September 2026'!L9<1,"0",'Entries September 2026'!L10-'Entries September 2026'!L9) -> 132.29 | D10: =IF('Entries September 2026'!M10-'Entries September 2026'!M9<1,"0",'Entries September 2026'!M10-'Entries September 2026'!M9) -> 313.67 | E10: 1100 | F10: 96.294 | G10: =IF(F10=0,"0",(E10/F10)) -> 11.423349 | I10: 50 | J10: 7941 | K10: =J10/2.204623 -> 3601.9764 | Q10: 45873 | R10: ='Entries September 2026'!AL9 -> 0 | S10: {=IF(R10=0,0,IF(COUNTIF($I$6:$I$40,R10),_xlfn.XLOOKUP(R10,$I$6:$I$40,$K$6:$K$40),_xlfn.LET(_xlpm.x, R10,_xlpm.lo, MAX(_xlfn._xlws.FILTER($I$6:$I$40, $I$6:$I$40 <= _xlpm.x)),_xlpm.hi, MIN(_xlfn._xlws.FILTER($I$6:$I$40, $I$6:$I$40 >= _xlpm.x)),_xlpm.ylo, INDEX($K$6:$K$40, MATCH(_xlpm.lo, $I$6:$I$40, 0)),_xlpm.yhi, INDEX($K$6:$K$40, MATCH(_xlpm.hi, $I$6:$I$40, 0)),_xlpm.ylo + (_xlpm.x - _xlpm.lo) * (_xlpm.yhi - _xlpm.ylo) / (_xlpm.hi - _xlpm.lo) )))} -> 0 | T10: ='Entries September 2026'!AM8 -> 0 | U10: ='Entries September 2026'!AN8 -> 0 | V10: ='Entries September 2026'!AO8/2.204623 -> 0 | W10: =S10+T10+U10+V10 -> 0 | X10: =IF(W11-W10<0,W10-W11,W11-W10) -> 0
A11: 5 | B11: =IF('Entries September 2026'!N11-'Entries September 2026'!N10<1,"0",'Entries September 2026'!N11-'Entries September 2026'!N10) -> 0 | C11: =IF('Entries September 2026'!L11-'Entries September 2026'!L10<1,"0",'Entries September 2026'!L11-'Entries September 2026'!L10) -> 0 | D11: =IF('Entries September 2026'!M11-'Entries September 2026'!M10<1,"0",'Entries September 2026'!M11-'Entries September 2026'!M10) -> 0 | E11: -2400 | F11: 0 | G11: =IF(F11=0,"0",(E11/F11)) -> 0 | I11: 60 | J11: 9739 | K11: =J11/2.204623 -> 4417.5353 | Q11: 45874 | R11: ='Entries September 2026'!AL10 -> 0 | S11: {=IF(R11=0,0,IF(COUNTIF($I$6:$I$40,R11),_xlfn.XLOOKUP(R11,$I$6:$I$40,$K$6:$K$40),_xlfn.LET(_xlpm.x, R11,_xlpm.lo, MAX(_xlfn._xlws.FILTER($I$6:$I$40, $I$6:$I$40 <= _xlpm.x)),_xlpm.hi, MIN(_xlfn._xlws.FILTER($I$6:$I$40, $I$6:$I$40 >= _xlpm.x)),_xlpm.ylo, INDEX($K$6:$K$40, MATCH(_xlpm.lo, $I$6:$I$40, 0)),_xlpm.yhi, INDEX($K$6:$K$40, MATCH(_xlpm.hi, $I$6:$I$40, 0)),_xlpm.ylo + (_xlpm.x - _xlpm.lo) * (_xlpm.yhi - _xlpm.ylo) / (_xlpm.hi - _xlpm.lo) )))} -> 0 | T11: ='Entries September 2026'!AM9 -> 0 | U11: ='Entries September 2026'!AN9 -> 0 | V11: ='Entries September 2026'!AO9/2.204623 -> 0 | W11: =S11+T11+U11+V11 -> 0 | X11: =IF(W12-W11<0,W11-W12,W12-W11) -> 0
A12: 6 | B12: =IF('Entries September 2026'!N12-'Entries September 2026'!N11<1,"0",'Entries September 2026'!N12-'Entries September 2026'!N11) -> 0 | C12: =IF('Entries September 2026'!L12-'Entries September 2026'!L11<1,"0",'Entries September 2026'!L12-'Entries September 2026'!L11) -> 0 | D12: =IF('Entries September 2026'!M12-'Entries September 2026'!M11<1,"0",'Entries September 2026'!M12-'Entries September 2026'!M11) -> 0 | E12: 0 | F12: 0 | G12: =IF(F12=0,"0",(E12/F12)) -> 0 | I12: 70 | J12: 11537 | K12: =J12/2.204623 -> 5233.0943 | Q12: 45875 | R12: ='Entries September 2026'!AL11 -> 0 | S12: {=IF(R12=0,0,IF(COUNTIF($I$6:$I$40,R12),_xlfn.XLOOKUP(R12,$I$6:$I$40,$K$6:$K$40),_xlfn.LET(_xlpm.x, R12,_xlpm.lo, MAX(_xlfn._xlws.FILTER($I$6:$I$40, $I$6:$I$40 <= _xlpm.x)),_xlpm.hi, MIN(_xlfn._xlws.FILTER($I$6:$I$40, $I$6:$I$40 >= _xlpm.x)),_xlpm.ylo, INDEX($K$6:$K$40, MATCH(_xlpm.lo, $I$6:$I$40, 0)),_xlpm.yhi, INDEX($K$6:$K$40, MATCH(_xlpm.hi, $I$6:$I$40, 0)),_xlpm.ylo + (_xlpm.x - _xlpm.lo) * (_xlpm.yhi - _xlpm.ylo) / (_xlpm.hi - _xlpm.lo) )))} -> 0 | T12: ='Entries September 2026'!AM10 -> 0 | U12: ='Entries September 2026'!AN10 -> 0 | V12: ='Entries September 2026'!AO10/2.204623 -> 0 | W12: =S12+T12+U12+V12 -> 0 | X12: =IF(W13-W12<0,W12-W13,W13-W12) -> 0
A13: 7 | B13: =IF('Entries September 2026'!N13-'Entries September 2026'!N12<1,"0",'Entries September 2026'!N13-'Entries September 2026'!N12) -> 0 | C13: =IF('Entries September 2026'!L13-'Entries September 2026'!L12<1,"0",'Entries September 2026'!L13-'Entries September 2026'!L12) -> 113.63 | D13: =IF('Entries September 2026'!M13-'Entries September 2026'!M12<1,"0",'Entries September 2026'!M13-'Entries September 2026'!M12) -> 452.58 | E13: 700 | F13: 0 | G13: =IF(F13=0,"0",(E13/F13)) -> 0 | I13: 80 | J13: 13335 | K13: =J13/2.204623 -> 6048.6532 | Q13: 45876 | R13: ='Entries September 2026'!AL12 -> 0 | S13: {=IF(R13=0,0,IF(COUNTIF($I$6:$I$40,R13),_xlfn.XLOOKUP(R13,$I$6:$I$40,$K$6:$K$40),_xlfn.LET(_xlpm.x, R13,_xlpm.lo, MAX(_xlfn._xlws.FILTER($I$6:$I$40, $I$6:$I$40 <= _xlpm.x)),_xlpm.hi, MIN(_xlfn._xlws.FILTER($I$6:$I$40, $I$6:$I$40 >= _xlpm.x)),_xlpm.ylo, INDEX($K$6:$K$40, MATCH(_xlpm.lo, $I$6:$I$40, 0)),_xlpm.yhi, INDEX($K$6:$K$40, MATCH(_xlpm.hi, $I$6:$I$40, 0)),_xlpm.ylo + (_xlpm.x - _xlpm.lo) * (_xlpm.yhi - _xlpm.ylo) / (_xlpm.hi - _xlpm.lo) )))} -> 0 | T13: ='Entries September 2026'!AM11 -> 0 | U13: ='Entries September 2026'!AN11 -> 0 | V13: ='Entries September 2026'!AO11/2.204623 -> 0 | W13: =S13+T13+U13+V13 -> 0
A14: 8 | B14: =IF('Entries September 2026'!N14-'Entries September 2026'!N13<1,"0",'Entries September 2026'!N14-'Entries September 2026'!N13) -> 142.39 | C14: =IF('Entries September 2026'!L14-'Entries September 2026'!L13<1,"0",'Entries September 2026'!L14-'Entries September 2026'!L13) -> 225.46 | D14: =IF('Entries September 2026'!M14-'Entries September 2026'!M13<1,"0",'Entries September 2026'!M14-'Entries September 2026'!M13) -> 1438.81 | E14: 1900 | F14: 261.492 | G14: =IF(F14=0,"0",(E14/F14)) -> 7.2659967 | I14: 90 | J14: 15134 | K14: =J14/2.204623 -> 6864.6658 | Q14: 45877 | R14: ='Entries September 2026'!AL13 -> 0 | S14: {=IF(R14=0,0,IF(COUNTIF($I$6:$I$40,R14),_xlfn.XLOOKUP(R14,$I$6:$I$40,$K$6:$K$40),_xlfn.LET(_xlpm.x, R14,_xlpm.lo, MAX(_xlfn._xlws.FILTER($I$6:$I$40, $I$6:$I$40 <= _xlpm.x)),_xlpm.hi, MIN(_xlfn._xlws.FILTER($I$6:$I$40, $I$6:$I$40 >= _xlpm.x)),_xlpm.ylo, INDEX($K$6:$K$40, MATCH(_xlpm.lo, $I$6:$I$40, 0)),_xlpm.yhi, INDEX($K$6:$K$40, MATCH(_xlpm.hi, $I$6:$I$40, 0)),_xlpm.ylo + (_xlpm.x - _xlpm.lo) * (_xlpm.yhi - _xlpm.ylo) / (_xlpm.hi - _xlpm.lo) )))} -> 0 | T14: ='Entries September 2026'!AM12 -> 0 | U14: ='Entries September 2026'!AN12 -> 0 | V14: ='Entries September 2026'!AO12/2.204623 -> 0 | W14: =S14+T14+U14+V14 -> 0 | X14: =W14-S15 -> 0
A15: 9 | B15: =IF('Entries September 2026'!N15-'Entries September 2026'!N14<1,"0",'Entries September 2026'!N15-'Entries September 2026'!N14) -> 222.91 | C15: =IF('Entries September 2026'!L15-'Entries September 2026'!L14<1,"0",'Entries September 2026'!L15-'Entries September 2026'!L14) -> 435.2 | D15: =IF('Entries September 2026'!M15-'Entries September 2026'!M14<1,"0",'Entries September 2026'!M15-'Entries September 2026'!M14) -> 1818.8 | E15: 1900 | F15: 401.61 | G15: =IF(F15=0,"0",(E15/F15)) -> 4.7309579 | I15: 100 | J15: 16932 | K15: =J15/2.204623 -> 7680.2247 | Q15: 45878 | R15: ='Entries September 2026'!AL14 -> 0 | S15: {=IF(R15=0,0,IF(COUNTIF($I$6:$I$40,R15),_xlfn.XLOOKUP(R15,$I$6:$I$40,$K$6:$K$40),_xlfn.LET(_xlpm.x, R15,_xlpm.lo, MAX(_xlfn._xlws.FILTER($I$6:$I$40, $I$6:$I$40 <= _xlpm.x)),_xlpm.hi, MIN(_xlfn._xlws.FILTER($I$6:$I$40, $I$6:$I$40 >= _xlpm.x)),_xlpm.ylo, INDEX($K$6:$K$40, MATCH(_xlpm.lo, $I$6:$I$40, 0)),_xlpm.yhi, INDEX($K$6:$K$40, MATCH(_xlpm.hi, $I$6:$I$40, 0)),_xlpm.ylo + (_xlpm.x - _xlpm.lo) * (_xlpm.yhi - _xlpm.ylo) / (_xlpm.hi - _xlpm.lo) )))} -> 0 | T15: ='Entries September 2026'!AM13 -> 0 | U15: ='Entries September 2026'!AN13 -> 0 | V15: ='Entries September 2026'!AO13/2.204623 -> 0 | W15: =S15+T15+U15+V15 -> 0
A16: 10 | B16: =IF('Entries September 2026'!N16-'Entries September 2026'!N15<1,"0",'Entries September 2026'!N16-'Entries September 2026'!N15) -> 219.43 | C16: =IF('Entries September 2026'!L16-'Entries September 2026'!L15<1,"0",'Entries September 2026'!L16-'Entries September 2026'!L15) -> 537.62 | D16: =IF('Entries September 2026'!M16-'Entries September 2026'!M15<1,"0",'Entries September 2026'!M16-'Entries September 2026'!M15) -> 1996.77 | E16: 2500 | F16: 402.864 | G16: =IF(F16=0,"0",(E16/F16)) -> 6.2055681 | I16: 110 | J16: 18730 | K16: =J16/2.204623 -> 8495.7836 | Q16: 45879 | R16: ='Entries September 2026'!AL15 -> 0 | S16: {=IF(R16=0,0,IF(COUNTIF($I$6:$I$40,R16),_xlfn.XLOOKUP(R16,$I$6:$I$40,$K$6:$K$40),_xlfn.LET(_xlpm.x, R16,_xlpm.lo, MAX(_xlfn._xlws.FILTER($I$6:$I$40, $I$6:$I$40 <= _xlpm.x)),_xlpm.hi, MIN(_xlfn._xlws.FILTER($I$6:$I$40, $I$6:$I$40 >= _xlpm.x)),_xlpm.ylo, INDEX($K$6:$K$40, MATCH(_xlpm.lo, $I$6:$I$40, 0)),_xlpm.yhi, INDEX($K$6:$K$40, MATCH(_xlpm.hi, $I$6:$I$40, 0)),_xlpm.ylo + (_xlpm.x - _xlpm.lo) * (_xlpm.yhi - _xlpm.ylo) / (_xlpm.hi - _xlpm.lo) )))} -> 0 | T16: ='Entries September 2026'!AM14 -> 0 | U16: ='Entries September 2026'!AN14 -> 0 | V16: ='Entries September 2026'!AO14/2.204623 -> 0 | W16: =S16+T16+U16+V16 -> 0 | X16: =IF(W17-W16<0,W16-W17,W17-W16) -> 0
A17: 11 | B17: =IF('Entries September 2026'!N17-'Entries September 2026'!N16<1,"0",'Entries September 2026'!N17-'Entries September 2026'!N16) -> 163.32 | C17: =IF('Entries September 2026'!L17-'Entries September 2026'!L16<1,"0",'Entries September 2026'!L17-'Entries September 2026'!L16) -> 748.27 | D17: =IF('Entries September 2026'!M17-'Entries September 2026'!M16<1,"0",'Entries September 2026'!M17-'Entries September 2026'!M16) -> 1577.97 | E17: 1600 | F17: 266.244 | G17: =IF(F17=0,"0",(E17/F17)) -> 6.0095251 | I17: 120 | J17: 20528 | K17: =J17/2.204623 -> 9311.3426 | Q17: 45880 | R17: ='Entries September 2026'!AL16 -> 0 | S17: {=IF(R17=0,0,IF(COUNTIF($I$6:$I$40,R17),_xlfn.XLOOKUP(R17,$I$6:$I$40,$K$6:$K$40),_xlfn.LET(_xlpm.x, R17,_xlpm.lo, MAX(_xlfn._xlws.FILTER($I$6:$I$40, $I$6:$I$40 <= _xlpm.x)),_xlpm.hi, MIN(_xlfn._xlws.FILTER($I$6:$I$40, $I$6:$I$40 >= _xlpm.x)),_xlpm.ylo, INDEX($K$6:$K$40, MATCH(_xlpm.lo, $I$6:$I$40, 0)),_xlpm.yhi, INDEX($K$6:$K$40, MATCH(_xlpm.hi, $I$6:$I$40, 0)),_xlpm.ylo + (_xlpm.x - _xlpm.lo) * (_xlpm.yhi - _xlpm.ylo) / (_xlpm.hi - _xlpm.lo) )))} -> 0 | T17: ='Entries September 2026'!AM15 -> 0 | U17: ='Entries September 2026'!AN15 -> 0 | V17: ='Entries September 2026'!AO15/2.204623 -> 0 | W17: =S17+T17+U17+V17 -> 0 | X17: =IF(W18-W17<0,W17-W18,W18-W17) -> 0
A18: 12 | B18: =IF('Entries September 2026'!N18-'Entries September 2026'!N17<1,"0",'Entries September 2026'!N18-'Entries September 2026'!N17) -> 0 | C18: =IF('Entries September 2026'!L18-'Entries September 2026'!L17<1,"0",'Entries September 2026'!L18-'Entries September 2026'!L17) -> 0 | D18: =IF('Entries September 2026'!M18-'Entries September 2026'!M17<1,"0",'Entries September 2026'!M18-'Entries September 2026'!M17) -> 2.46 | E18: 0 | F18: 0 | G18: =IF(F18=0,"0",(E18/F18)) -> 0 | I18: 130 | J18: 22326 | K18: =J18/2.204623 -> 10126.902 | Q18: 45881 | R18: ='Entries September 2026'!AL17 -> 0 | S18: {=IF(R18=0,0,IF(COUNTIF($I$6:$I$40,R18),_xlfn.XLOOKUP(R18,$I$6:$I$40,$K$6:$K$40),_xlfn.LET(_xlpm.x, R18,_xlpm.lo, MAX(_xlfn._xlws.FILTER($I$6:$I$40, $I$6:$I$40 <= _xlpm.x)),_xlpm.hi, MIN(_xlfn._xlws.FILTER($I$6:$I$40, $I$6:$I$40 >= _xlpm.x)),_xlpm.ylo, INDEX($K$6:$K$40, MATCH(_xlpm.lo, $I$6:$I$40, 0)),_xlpm.yhi, INDEX($K$6:$K$40, MATCH(_xlpm.hi, $I$6:$I$40, 0)),_xlpm.ylo + (_xlpm.x - _xlpm.lo) * (_xlpm.yhi - _xlpm.ylo) / (_xlpm.hi - _xlpm.lo) )))} -> 0 | T18: ='Entries September 2026'!AM16 -> 0 | U18: ='Entries September 2026'!AN16 -> 0 | V18: ='Entries September 2026'!AO16/2.204623 -> 0 | W18: =S18+T18+U18+V18 -> 0 | X18: =IF(W19-W18<0,W18-W19,W19-W18) -> 0
A19: 13 | B19: =IF('Entries September 2026'!N19-'Entries September 2026'!N18<1,"0",'Entries September 2026'!N19-'Entries September 2026'!N18) -> 0 | C19: =IF('Entries September 2026'!L19-'Entries September 2026'!L18<1,"0",'Entries September 2026'!L19-'Entries September 2026'!L18) -> 0 | D19: =IF('Entries September 2026'!M19-'Entries September 2026'!M18<1,"0",'Entries September 2026'!M19-'Entries September 2026'!M18) -> 0 | E19: 0 | F19: 0 | G19: =IF(F19=0,"0",(E19/F19)) -> 0 | I19: 140 | J19: 24125 | K19: =J19/2.204623 -> 10942.914 | Q19: 45882 | R19: ='Entries September 2026'!AL18 -> 0 | S19: {=IF(R19=0,0,IF(COUNTIF($I$6:$I$40,R19),_xlfn.XLOOKUP(R19,$I$6:$I$40,$K$6:$K$40),_xlfn.LET(_xlpm.x, R19,_xlpm.lo, MAX(_xlfn._xlws.FILTER($I$6:$I$40, $I$6:$I$40 <= _xlpm.x)),_xlpm.hi, MIN(_xlfn._xlws.FILTER($I$6:$I$40, $I$6:$I$40 >= _xlpm.x)),_xlpm.ylo, INDEX($K$6:$K$40, MATCH(_xlpm.lo, $I$6:$I$40, 0)),_xlpm.yhi, INDEX($K$6:$K$40, MATCH(_xlpm.hi, $I$6:$I$40, 0)),_xlpm.ylo + (_xlpm.x - _xlpm.lo) * (_xlpm.yhi - _xlpm.ylo) / (_xlpm.hi - _xlpm.lo) )))} -> 0 | T19: ='Entries September 2026'!AM17 -> 0 | U19: ='Entries September 2026'!AN17 -> 0 | V19: ='Entries September 2026'!AO17/2.204623 -> 0 | W19: =S19+T19+U19+V19 -> 0 | X19: =IF(W20-W19<0,W19-W20,W20-W19) -> 0
A20: 14 | B20: =IF('Entries September 2026'!N20-'Entries September 2026'!N19<1,"0",'Entries September 2026'!N20-'Entries September 2026'!N19) -> 271.54 | C20: =IF('Entries September 2026'!L20-'Entries September 2026'!L19<1,"0",'Entries September 2026'!L20-'Entries September 2026'!L19) -> 649.37 | D20: =IF('Entries September 2026'!M20-'Entries September 2026'!M19<1,"0",'Entries September 2026'!M20-'Entries September 2026'!M19) -> 2088.69 | E20: 1700 | F20: 497.904 | G20: =IF(F20=0,"0",(E20/F20)) -> 3.4143128 | I20: 150 | J20: 25923 | K20: =J20/2.204623 -> 11758.473 | Q20: 45883 | R20: ='Entries September 2026'!AL19 -> 0 | S20: {=IF(R20=0,0,IF(COUNTIF($I$6:$I$40,R20),_xlfn.XLOOKUP(R20,$I$6:$I$40,$K$6:$K$40),_xlfn.LET(_xlpm.x, R20,_xlpm.lo, MAX(_xlfn._xlws.FILTER($I$6:$I$40, $I$6:$I$40 <= _xlpm.x)),_xlpm.hi, MIN(_xlfn._xlws.FILTER($I$6:$I$40, $I$6:$I$40 >= _xlpm.x)),_xlpm.ylo, INDEX($K$6:$K$40, MATCH(_xlpm.lo, $I$6:$I$40, 0)),_xlpm.yhi, INDEX($K$6:$K$40, MATCH(_xlpm.hi, $I$6:$I$40, 0)),_xlpm.ylo + (_xlpm.x - _xlpm.lo) * (_xlpm.yhi - _xlpm.ylo) / (_xlpm.hi - _xlpm.lo) )))} -> 0 | T20: ='Entries September 2026'!AM18 -> 0 | U20: ='Entries September 2026'!AN18 -> 0 | V20: ='Entries September 2026'!AO18/2.204623 -> 0 | W20: =S20+T20+U20+V20 -> 0 | X20: =IF(W21-W20<0,W20-W21,W21-W20) -> 0
A21: 15 | B21: =IF('Entries September 2026'!N21-'Entries September 2026'!N20<1,"0",'Entries September 2026'!N21-'Entries September 2026'!N20) -> 369.8 | C21: =IF('Entries September 2026'!L21-'Entries September 2026'!L20<1,"0",'Entries September 2026'!L21-'Entries September 2026'!L20) -> 873.26 | D21: =IF('Entries September 2026'!M21-'Entries September 2026'!M20<1,"0",'Entries September 2026'!M21-'Entries September 2026'!M20) -> 3814.19 | E21: 3200 | F21: 602.91 | G21: =IF(F21=0,"0",(E21/F21)) -> 5.3075915 | I21: 160 | J21: 27721 | K21: =J21/2.204623 -> 12574.032 | Q21: 45884 | R21: ='Entries September 2026'!AL20 -> 0 | S21: {=IF(R21=0,0,IF(COUNTIF($I$6:$I$40,R21),_xlfn.XLOOKUP(R21,$I$6:$I$40,$K$6:$K$40),_xlfn.LET(_xlpm.x, R21,_xlpm.lo, MAX(_xlfn._xlws.FILTER($I$6:$I$40, $I$6:$I$40 <= _xlpm.x)),_xlpm.hi, MIN(_xlfn._xlws.FILTER($I$6:$I$40, $I$6:$I$40 >= _xlpm.x)),_xlpm.ylo, INDEX($K$6:$K$40, MATCH(_xlpm.lo, $I$6:$I$40, 0)),_xlpm.yhi, INDEX($K$6:$K$40, MATCH(_xlpm.hi, $I$6:$I$40, 0)),_xlpm.ylo + (_xlpm.x - _xlpm.lo) * (_xlpm.yhi - _xlpm.ylo) / (_xlpm.hi - _xlpm.lo) )))} -> 0 | T21: ='Entries September 2026'!AM19 -> 0 | U21: ='Entries September 2026'!AN19 -> 0 | V21: ='Entries September 2026'!AO19/2.204623 -> 0 | W21: =S21+T21+U21+V21 -> 0 | X21: =IF(W22-W21<0,W21-W22,W22-W21) -> 0
A22: 16 | B22: =IF('Entries September 2026'!N22-'Entries September 2026'!N21<1,"0",'Entries September 2026'!N22-'Entries September 2026'!N21) -> 139.28 | C22: =IF('Entries September 2026'!L22-'Entries September 2026'!L21<1,"0",'Entries September 2026'!L22-'Entries September 2026'!L21) -> 678.38 | D22: =IF('Entries September 2026'!M22-'Entries September 2026'!M21<1,"0",'Entries September 2026'!M22-'Entries September 2026'!M21) -> 1659.94 | E22: 1700 | F22: 243.342 | G22: =IF(F22=0,"0",(E22/F22)) -> 6.9860526 | I22: 170 | J22: 29519 | K22: =J22/2.204623 -> 13389.591 | Q22: 45885 | R22: ='Entries September 2026'!AL21 -> 0 | S22: {=IF(R22=0,0,IF(COUNTIF($I$6:$I$40,R22),_xlfn.XLOOKUP(R22,$I$6:$I$40,$K$6:$K$40),_xlfn.LET(_xlpm.x, R22,_xlpm.lo, MAX(_xlfn._xlws.FILTER($I$6:$I$40, $I$6:$I$40 <= _xlpm.x)),_xlpm.hi, MIN(_xlfn._xlws.FILTER($I$6:$I$40, $I$6:$I$40 >= _xlpm.x)),_xlpm.ylo, INDEX($K$6:$K$40, MATCH(_xlpm.lo, $I$6:$I$40, 0)),_xlpm.yhi, INDEX($K$6:$K$40, MATCH(_xlpm.hi, $I$6:$I$40, 0)),_xlpm.ylo + (_xlpm.x - _xlpm.lo) * (_xlpm.yhi - _xlpm.ylo) / (_xlpm.hi - _xlpm.lo) )))} -> 0 | T22: ='Entries September 2026'!AM20 -> 0 | U22: ='Entries September 2026'!AN20 -> 0 | V22: ='Entries September 2026'!AO20/2.204623 -> 0 | W22: =S22+T22+U22+V22 -> 0 | X22: =IF(W23-W22<0,W22-W23,W23-W22) -> 0
A23: 17 | B23: =IF('Entries September 2026'!N23-'Entries September 2026'!N22<1,"0",'Entries September 2026'!N23-'Entries September 2026'!N22) -> 180.15 | C23: =IF('Entries September 2026'!L23-'Entries September 2026'!L22<1,"0",'Entries September 2026'!L23-'Entries September 2026'!L22) -> 1046.59 | D23: =IF('Entries September 2026'!M23-'Entries September 2026'!M22<1,"0",'Entries September 2026'!M23-'Entries September 2026'!M22) -> 2393.37 | E23: 2400 | F23: 290.202 | G23: =IF(F23=0,"0",(E23/F23)) -> 8.2701015 | I23: 180 | J23: 31317 | K23: =J23/2.204623 -> 14205.15 | Q23: 45886 | R23: ='Entries September 2026'!AL22 -> 0 | S23: {=IF(R23=0,0,IF(COUNTIF($I$6:$I$40,R23),_xlfn.XLOOKUP(R23,$I$6:$I$40,$K$6:$K$40),_xlfn.LET(_xlpm.x, R23,_xlpm.lo, MAX(_xlfn._xlws.FILTER($I$6:$I$40, $I$6:$I$40 <= _xlpm.x)),_xlpm.hi, MIN(_xlfn._xlws.FILTER($I$6:$I$40, $I$6:$I$40 >= _xlpm.x)),_xlpm.ylo, INDEX($K$6:$K$40, MATCH(_xlpm.lo, $I$6:$I$40, 0)),_xlpm.yhi, INDEX($K$6:$K$40, MATCH(_xlpm.hi, $I$6:$I$40, 0)),_xlpm.ylo + (_xlpm.x - _xlpm.lo) * (_xlpm.yhi - _xlpm.ylo) / (_xlpm.hi - _xlpm.lo) )))} -> 0 | T23: ='Entries September 2026'!AM21 -> 0 | U23: ='Entries September 2026'!AN21 -> 0 | V23: ='Entries September 2026'!AO21/2.204623 -> 0 | W23: =S23+T23+U23+V23 -> 0 | X23: =IF(W24-W23<0,W23-W24,W24-W23) -> 0
A24: 18 | B24: =IF('Entries September 2026'!N24-'Entries September 2026'!N23<1,"0",'Entries September 2026'!N24-'Entries September 2026'!N23) -> 263.9 | C24: =IF('Entries September 2026'!L24-'Entries September 2026'!L23<1,"0",'Entries September 2026'!L24-'Entries September 2026'!L23) -> 868.07 | D24: =IF('Entries September 2026'!M24-'Entries September 2026'!M23<1,"0",'Entries September 2026'!M24-'Entries September 2026'!M23) -> 2201.56 | E24: 2000 | F24: 440.814 | G24: =IF(F24=0,"0",(E24/F24)) -> 4.537061 | I24: 190 | J24: 33116 | K24: =J24/2.204623 -> 15021.162 | Q24: 45887 | R24: ='Entries September 2026'!AL23 -> 0 | S24: {=IF(R24=0,0,IF(COUNTIF($I$6:$I$40,R24),_xlfn.XLOOKUP(R24,$I$6:$I$40,$K$6:$K$40),_xlfn.LET(_xlpm.x, R24,_xlpm.lo, MAX(_xlfn._xlws.FILTER($I$6:$I$40, $I$6:$I$40 <= _xlpm.x)),_xlpm.hi, MIN(_xlfn._xlws.FILTER($I$6:$I$40, $I$6:$I$40 >= _xlpm.x)),_xlpm.ylo, INDEX($K$6:$K$40, MATCH(_xlpm.lo, $I$6:$I$40, 0)),_xlpm.yhi, INDEX($K$6:$K$40, MATCH(_xlpm.hi, $I$6:$I$40, 0)),_xlpm.ylo + (_xlpm.x - _xlpm.lo) * (_xlpm.yhi - _xlpm.ylo) / (_xlpm.hi - _xlpm.lo) )))} -> 0 | T24: ='Entries September 2026'!AM22 -> 0 | U24: ='Entries September 2026'!AN22 -> 0 | V24: ='Entries September 2026'!AO22/2.204623 -> 0 | W24: =S24+T24+U24+V24 -> 0 | X24: =IF(W25-W24<0,W24-W25,W25-W24) -> 0
A25: 19 | B25: =IF('Entries September 2026'!N25-'Entries September 2026'!N24<1,"0",'Entries September 2026'!N25-'Entries September 2026'!N24) -> 0 | C25: =IF('Entries September 2026'!L25-'Entries September 2026'!L24<1,"0",'Entries September 2026'!L25-'Entries September 2026'!L24) -> 0 | D25: =IF('Entries September 2026'!M25-'Entries September 2026'!M24<1,"0",'Entries September 2026'!M25-'Entries September 2026'!M24) -> 0 | E25: 0 | F25: 0 | G25: =IF(F25=0,"0",(E25/F25)) -> 0 | I25: 200 | J25: 34914 | K25: =J25/2.204623 -> 15836.721 | Q25: 45888 | R25: ='Entries September 2026'!AL24 -> 0 | S25: {=IF(R25=0,0,IF(COUNTIF($I$6:$I$40,R25),_xlfn.XLOOKUP(R25,$I$6:$I$40,$K$6:$K$40),_xlfn.LET(_xlpm.x, R25,_xlpm.lo, MAX(_xlfn._xlws.FILTER($I$6:$I$40, $I$6:$I$40 <= _xlpm.x)),_xlpm.hi, MIN(_xlfn._xlws.FILTER($I$6:$I$40, $I$6:$I$40 >= _xlpm.x)),_xlpm.ylo, INDEX($K$6:$K$40, MATCH(_xlpm.lo, $I$6:$I$40, 0)),_xlpm.yhi, INDEX($K$6:$K$40, MATCH(_xlpm.hi, $I$6:$I$40, 0)),_xlpm.ylo + (_xlpm.x - _xlpm.lo) * (_xlpm.yhi - _xlpm.ylo) / (_xlpm.hi - _xlpm.lo) )))} -> 0 | T25: ='Entries September 2026'!AM23 -> 0 | U25: ='Entries September 2026'!AN23 -> 0 | V25: ='Entries September 2026'!AO23/2.204623 -> 0 | W25: =S25+T25+U25+V25 -> 0 | X25: =IF(W26-W25<0,W25-W26,W26-W25) -> 0
A26: 20 | B26: =IF('Entries September 2026'!N26-'Entries September 2026'!N25<1,"0",'Entries September 2026'!N26-'Entries September 2026'!N25) -> 0 | C26: =IF('Entries September 2026'!L26-'Entries September 2026'!L25<1,"0",'Entries September 2026'!L26-'Entries September 2026'!L25) -> 0 | D26: =IF('Entries September 2026'!M26-'Entries September 2026'!M25<1,"0",'Entries September 2026'!M26-'Entries September 2026'!M25) -> 1.9 | E26: 0 | F26: 0 | G26: =IF(F26=0,"0",(E26/F26)) -> 0 | I26: 210 | J26: 36712 | K26: =J26/2.204623 -> 16652.28 | Q26: 45889 | R26: ='Entries September 2026'!AL25 -> 0 | S26: {=IF(R26=0,0,IF(COUNTIF($I$6:$I$40,R26),_xlfn.XLOOKUP(R26,$I$6:$I$40,$K$6:$K$40),_xlfn.LET(_xlpm.x, R26,_xlpm.lo, MAX(_xlfn._xlws.FILTER($I$6:$I$40, $I$6:$I$40 <= _xlpm.x)),_xlpm.hi, MIN(_xlfn._xlws.FILTER($I$6:$I$40, $I$6:$I$40 >= _xlpm.x)),_xlpm.ylo, INDEX($K$6:$K$40, MATCH(_xlpm.lo, $I$6:$I$40, 0)),_xlpm.yhi, INDEX($K$6:$K$40, MATCH(_xlpm.hi, $I$6:$I$40, 0)),_xlpm.ylo + (_xlpm.x - _xlpm.lo) * (_xlpm.yhi - _xlpm.ylo) / (_xlpm.hi - _xlpm.lo) )))} -> 0 | T26: ='Entries September 2026'!AM24 -> 0 | U26: ='Entries September 2026'!AN24 -> 0 | V26: ='Entries September 2026'!AO24/2.204623 -> 0 | W26: =S26+T26+U26+V26 -> 0 | X26: =IF(W27-W26<0,W26-W27,W27-W26) -> 0
A27: 21 | B27: =IF('Entries September 2026'!N27-'Entries September 2026'!N26<1,"0",'Entries September 2026'!N27-'Entries September 2026'!N26) -> 97.88 | C27: =IF('Entries September 2026'!L27-'Entries September 2026'!L26<1,"0",'Entries September 2026'!L27-'Entries September 2026'!L26) -> 179.99 | D27: =IF('Entries September 2026'!M27-'Entries September 2026'!M26<1,"0",'Entries September 2026'!M27-'Entries September 2026'!M26) -> 875.25 | E27: 900 | F27: 179.916 | G27: =IF(F27=0,"0",(E27/F27)) -> 5.0023344 | I27: 220 | J27: 38510 | K27: =J27/2.204623 -> 17467.839 | Q27: 45890 | R27: ='Entries September 2026'!AL26 -> 0 | S27: {=IF(R27=0,0,IF(COUNTIF($I$6:$I$40,R27),_xlfn.XLOOKUP(R27,$I$6:$I$40,$K$6:$K$40),_xlfn.LET(_xlpm.x, R27,_xlpm.lo, MAX(_xlfn._xlws.FILTER($I$6:$I$40, $I$6:$I$40 <= _xlpm.x)),_xlpm.hi, MIN(_xlfn._xlws.FILTER($I$6:$I$40, $I$6:$I$40 >= _xlpm.x)),_xlpm.ylo, INDEX($K$6:$K$40, MATCH(_xlpm.lo, $I$6:$I$40, 0)),_xlpm.yhi, INDEX($K$6:$K$40, MATCH(_xlpm.hi, $I$6:$I$40, 0)),_xlpm.ylo + (_xlpm.x - _xlpm.lo) * (_xlpm.yhi - _xlpm.ylo) / (_xlpm.hi - _xlpm.lo) )))} -> 0 | T27: ='Entries September 2026'!AM25 -> 0 | U27: ='Entries September 2026'!AN25 -> 0 | V27: ='Entries September 2026'!AO25/2.204623 -> 0 | W27: =S27+T27+U27+V27 -> 0 | X27: =IF(W28-W27<0,W27-W28,W28-W27) -> 0
... A36: 30 | B36: =IF('Entries September 2026'!N36-'Entries September 2026'!N35<1,"0",'Entries September 2026'!N36-'Entries September 2026'!N35) -> 0 | C36: =IF('Entries September 2026'!L36-'Entries September 2026'!L35<1,"0",'Entries September 2026'!L36-'Entries September 2026'!L35) -> 0 | D36: =IF('Entries September 2026'!M36-'Entries September 2026'!M35<1,"0",'Entries September 2026'!M36-'Entries September 2026'!M35) -> 0 | E36: 0 | F36: 0 | G36: =IF(F36=0,"0",(E36/F36)) -> 0 | I36: 310 | J36: 54694 | K36: =J36/2.204623 -> 24808.777 | Q36: 45899 | R36: ='Entries September 2026'!AL35 -> 0 | S36: {=IF(R36=0,0,IF(COUNTIF($I$6:$I$40,R36),_xlfn.XLOOKUP(R36,$I$6:$I$40,$K$6:$K$40),_xlfn.LET(_xlpm.x, R36,_xlpm.lo, MAX(_xlfn._xlws.FILTER($I$6:$I$40, $I$6:$I$40 <= _xlpm.x)),_xlpm.hi, MIN(_xlfn._xlws.FILTER($I$6:$I$40, $I$6:$I$40 >= _xlpm.x)),_xlpm.ylo, INDEX($K$6:$K$40, MATCH(_xlpm.lo, $I$6:$I$40, 0)),_xlpm.yhi, INDEX($K$6:$K$40, MATCH(_xlpm.hi, $I$6:$I$40, 0)),_xlpm.ylo + (_xlpm.x - _xlpm.lo) * (_xlpm.yhi - _xlpm.ylo) / (_xlpm.hi - _xlpm.lo) )))} -> 0 | T36: ='Entries September 2026'!AM34 -> 0 | U36: ='Entries September 2026'!AN34 -> 0 | V36: ='Entries September 2026'!AO34/2.204623 -> 0 | W36: =S36+T36+U36+V36 -> 0 | X36: =IF(W37-W36<0,W36-W37,W37-W36) -> 0
A37: 31 | B37: =IF('Entries September 2026'!N37-'Entries September 2026'!N36<1,"0",'Entries September 2026'!N37-'Entries September 2026'!N36) -> 0 | C37: =IF('Entries September 2026'!L37-'Entries September 2026'!L36<1,"0",'Entries September 2026'!L37-'Entries September 2026'!L36) -> 0 | D37: =IF('Entries September 2026'!M37-'Entries September 2026'!M36<1,"0",'Entries September 2026'!M37-'Entries September 2026'!M36) -> 0 | E37: 0 | F37: 0 | G37: =IF(F37=0,"0",(E37/F37)) -> 0 | H37: TARGET | I37: 320 | J37: 56492 | K37: =J37/2.204623 -> 25624.336 | Q37: 45900 | R37: ='Entries September 2026'!AL36 -> 0 | S37: {=IF(R37=0,0,IF(COUNTIF($I$6:$I$40,R37),_xlfn.XLOOKUP(R37,$I$6:$I$40,$K$6:$K$40),_xlfn.LET(_xlpm.x, R37,_xlpm.lo, MAX(_xlfn._xlws.FILTER($I$6:$I$40, $I$6:$I$40 <= _xlpm.x)),_xlpm.hi, MIN(_xlfn._xlws.FILTER($I$6:$I$40, $I$6:$I$40 >= _xlpm.x)),_xlpm.ylo, INDEX($K$6:$K$40, MATCH(_xlpm.lo, $I$6:$I$40, 0)),_xlpm.yhi, INDEX($K$6:$K$40, MATCH(_xlpm.hi, $I$6:$I$40, 0)),_xlpm.ylo + (_xlpm.x - _xlpm.lo) * (_xlpm.yhi - _xlpm.ylo) / (_xlpm.hi - _xlpm.lo) )))} -> 0 | T37: ='Entries September 2026'!AM35 -> 0 | U37: ='Entries September 2026'!AN35 -> 0 | V37: ='Entries September 2026'!AO35/2.204623 -> 0 | W37: =S37+T37+U37+V37 -> 0 | X37: =IF(W38-W37<0,W37-W38,W38-W37) -> 0
A38: MTD | B38: =SUM(B7:B37) -> 3720.62 | C38: =SUM(C7:C37) -> 10013.78 | D38: =SUM(D7:D37) -> 34409.65 | E38: =SUM(E7:E37) -> 35700 | F38: =SUM(F7:F37) -> 6666.462 | G38: =IF(F38=0,"0",(E38/F38)) -> 5.3551644 | H38: 5 | I38: 330 | J38: 58290 | K38: =J38/2.204623 -> 26439.895 | Q38: 45901 | R38: ='Entries September 2026'!AL37 -> 0 | S38: {=IF(R38=0,0,IF(COUNTIF($I$6:$I$40,R38),_xlfn.XLOOKUP(R38,$I$6:$I$40,$K$6:$K$40),_xlfn.LET(_xlpm.x, R38,_xlpm.lo, MAX(_xlfn._xlws.FILTER($I$6:$I$40, $I$6:$I$40 <= _xlpm.x)),_xlpm.hi, MIN(_xlfn._xlws.FILTER($I$6:$I$40, $I$6:$I$40 >= _xlpm.x)),_xlpm.ylo, INDEX($K$6:$K$40, MATCH(_xlpm.lo, $I$6:$I$40, 0)),_xlpm.yhi, INDEX($K$6:$K$40, MATCH(_xlpm.hi, $I$6:$I$40, 0)),_xlpm.ylo + (_xlpm.x - _xlpm.lo) * (_xlpm.yhi - _xlpm.ylo) / (_xlpm.hi - _xlpm.lo) )))} -> 0 | T38: ='Entries September 2026'!AM36 -> 0 | U38: ='Entries September 2026'!AN36 -> 0 | V38: ='Entries September 2026'!AO36/2.204623 -> 0 | W38: =S38+T38+U38+V38 -> 0 | X38: =IF(W39-W38<0,W38-W39,W39-W38) -> 0
I39: 340 | J39: 60089 | K39: =J39/2.204623 -> 27255.907 | R39: ='Entries September 2026'!AL38 -> 0 | S39: {=IF(R39=0,0,IF(COUNTIF($I$6:$I$40,R39),_xlfn.XLOOKUP(R39,$I$6:$I$40,$K$6:$K$40),_xlfn.LET(_xlpm.x, R39,_xlpm.lo, MAX(_xlfn._xlws.FILTER($I$6:$I$40, $I$6:$I$40 <= _xlpm.x)),_xlpm.hi, MIN(_xlfn._xlws.FILTER($I$6:$I$40, $I$6:$I$40 >= _xlpm.x)),_xlpm.ylo, INDEX($K$6:$K$40, MATCH(_xlpm.lo, $I$6:$I$40, 0)),_xlpm.yhi, INDEX($K$6:$K$40, MATCH(_xlpm.hi, $I$6:$I$40, 0)),_xlpm.ylo + (_xlpm.x - _xlpm.lo) * (_xlpm.yhi - _xlpm.ylo) / (_xlpm.hi - _xlpm.lo) )))} -> 0 | T39: ='Entries September 2026'!AM37 -> 0 | U39: ='Entries September 2026'!AN37 -> 0 | V39: ='Entries September 2026'!AO37/2.204623 -> 0 | W39: =S39+T39+U39+V39 -> 0
I40: 350 | J40: 60537 | K40: =J40/2.204623 -> 27459.117 | W40: TOTAL | X40: =SUM(X8:X38) -> #VALUE!

Sheet Daily KPIs CO2
A3: Utilities Daily Consumption
Y4: 1364
A5: 46266
B6: 1 | C6: 2 | D6: 3 | E6: 4 | F6: 5 | G6: 6 | H6: 7 | I6: 8 | J6: 9 | K6: 10 | L6: 11 | M6: 12 | N6: 13 | O6: 14 | P6: 15 | Q6: 16 | R6: 17 | S6: 18 | T6: 19 | U6: 20 | V6: 21 | W6: 22 | X6: 23 | Y6: 24 | Z6: 25 | AA6: 26 | AB6: 27 | AC6: 28 | AD6: 29 | AE6: 30 | AF6: 31 | AH6: Monthly Target
A7: Days | B7: Sun | C7: Mon | D7: Tue | E7: Wed | F7: Thu | G7: Fri | H7: Sat | I7: Sun | J7: Mon | K7: Tue | L7: Wed | M7: Thu | N7: Fri | O7: Sat | P7: Sun | Q7: Mon | R7: Tue | S7: Wed | T7: Thu | U7: Fri | V7: Sat | W7: Sun | X7: Mon | Y7: Tue | Z7: Wed | AA7: Thu | AB7: Fri | AC7: Sat | AD7: Sun | AE7: Mon | AF7: Tue | AG7: Total | AI7: Diff.
A8: Cases Produced | C8: ='Daily KPIs'!C8 -> 7870 | D8: ='Daily KPIs'!D8 -> 6783 | E8: ='Daily KPIs'!E8 -> 1459 | F8: ='Daily KPIs'!F8 -> 0 | G8: ='Daily KPIs'!G8 -> 0 | H8: ='Daily KPIs'!H8 -> 0 | I8: ='Daily KPIs'!I8 -> 3962 | J8: ='Daily KPIs'!J8 -> 6085 | ... AC8: ='Daily KPIs'!AC8 -> 3920 | AF8: ='Daily KPIs'!AD8 -> 0 | AG8: =SUM($B8:AF8) -> 93531 | AH8: 96325 | AI8: =AG8-AH8 -> -2794
A9: HL produced | B9: ='Daily KPIs'!B9 -> 493.416 | C9: ='Daily KPIs'!C9 -> 519.42 | D9: ='Daily KPIs'!D9 -> 447.678 | E9: ='Daily KPIs'!E9 -> 96.294 | F9: ='Daily KPIs'!F9 -> 0 | G9: ='Daily KPIs'!G9 -> 0 | H9: ='Daily KPIs'!H9 -> 0 | I9: ='Daily KPIs'!I9 -> 261.492 | ... AC9: ='Daily KPIs'!AC9 -> 258.72 | AF9: ='Daily KPIs'!AD9 -> 0 | AG9: =SUM($B9:AF9) -> 6666.462
A10: Product Type | B10: ='Daily KPIs'!B10 -> ST/CBex. | C10: ='Daily KPIs'!C10 -> CB | D10: ='Daily KPIs'!D10 -> CB/ST | E10: ='Daily KPIs'!E10 -> GO | F10: ='Daily KPIs'!F10 -> 0 | G10: ='Daily KPIs'!G10 -> 0 | H10: ='Daily KPIs'!I10 -> CB | I10: ='Daily KPIs'!J10 -> CB | J10: ='Daily KPIs'!J10 -> CB | K10: ='Daily KPIs'!K10 -> CB | L10: ='Daily KPIs'!L10 -> CB/MK | M10: ='Daily KPIs'!M10 -> 0 | N10: ='Daily KPIs'!N10 -> 0 | O10: ='Daily KPIs'!O10 -> MK/ST | P10: ='Daily KPIs'!P10 -> ST/CB | Q10: ='Daily KPIs'!Q10 -> CB/Cbe | ... Y10: ='Daily KPIs'!Y10 -> CBex | AA10: ='Daily KPIs'!AA10 -> 0 | AB10: ='Daily KPIs'!AB10 -> 0 | AC10: ='Daily KPIs'!AC10 -> GN | AF10: ='Daily KPIs'!AD10 -> 0
A13: Water (m3)
A14: Area | B14: 1 | C14: 2 | D14: 3 | E14: 4 | F14: 5 | G14: 6 | H14: 7 | I14: 8 | J14: 9 | K14: 10 | L14: 11 | M14: 12 | N14: 13 | O14: 14 | P14: 15 | Q14: 16 | R14: 17 | S14: 18 | T14: 19 | U14: 20 | V14: 21 | W14: 22 | X14: 23 | Y14: 24 | Z14: 25 | AA14: 26 | AB14: 27 | AC14: 28 | AD14: 29 | AE14: 30 | AF14: 31 | AG14: MTD
