Workbook
Name ProductList: [1]November15!$R$3:$R$9
Name ProductList: [2]November15!$R$3:$R$9

Sheet Dec 18th
T1: P.G. | V1: Hot Time | X1: Process Time | Z1: Cooling Time
B2: Brewing Department Daily Process Loss Report | T2: Lower | U2: Upper | V2: Lower | W2: Upper | X2: Lower | Y2: Upper | Z2: Lower | AA2: Upper
S3: CARIB | T3: 11.6 | U3: 12 | V3: 0 | W3: 0.11805556 | X3: 0.17361111 | Y3: 0.21180556 | Z3: 0 | AA3: 60 | AC3: HR- PISNER
B4: Date: | C4: 45278 | J4: LOT WORT COLOUR: 3.4 | M4: Filter Sheets (Target 20 days) | S4: STAG | T4: 11.6 | U4: 12 | V4: 0 | W4: 0.11805556 | X4: 0.17361111 | Y4: 0.21180556 | Z4: 0 | AA4: 60
M5: Double | N5: Single | S5: GUINNESS | T5: 17 | U5: 17.5 | V5: 0 | W5: 0.10763889 | X5: 0.19444444 | Y5: 0.23263889 | Z5: 0 | AA5: 60
J6: MALT LOT: Lot 8 | L6: Sheet Day | S6: MACKESON | T6: 13.3 | U6: 13.5 | V6: 0 | W6: 0.12905093 | X6: 0.22222222 | Y6: 0.25347222 | Z6: 0
S7: STARMALT | T7: 17.1 | U7: 17.5 | V7: 0 | W7: 0.13605324 | X7: 0.20833333 | Y7: 0.24305556 | Z7: 0 | AA7: 60
B8: Brand | C8: Brew no. | D8: Kett. Hls | E8: Wort | F8: Cool Time(Mins) | G8: Cast. P.G. (Lab Result) | H8: Cast P.G. (Cellar Operator)-gravity | I8: Extr. Rec (79.1%) | J8: Theor. Extr. (77.5%) | K8: Boil Off /Vol. (4-6%) | L8: Boil Time | M8: Total Hot | N8: Brewing | P8: Comments | Q8: Actual Pilsen Malt | S8: Hurricane Reef | T8: 16.6 | U8: 17 | V8: 0 | W8: 0.12905093 | X8: 0.22222222 | Y8: 0.25347222 | Z8: 0
E9: Meter (Hls) | F9: Target(< 60Mins) | M9: Time | S9: VITAMALT | T9: 14.4 | U9: 14.6 | V9: 0 | W9: 0.13905093 | X9: 0.19097222 | Y9: 0.22569444 | Z9: 0 | AA9: 75
S10: =B10 -> 0 | T10: =VLOOKUP($B10,$S$3:$Y$9,2,FALSE) -> #N/A | U10: =VLOOKUP($B10,$S$3:$Y$9,3,FALSE) -> #N/A | V10: =VLOOKUP($B10,$S$3:$Y$9,4,FALSE) -> #N/A | W10: =VLOOKUP($B10,$S$3:$Y$9,5,FALSE) -> #N/A | X10: =VLOOKUP($B10,$S$3:$Y$9,6,FALSE) -> #N/A | Y10: =VLOOKUP($B10,$S$3:$Y$9,7,FALSE) -> #N/A | Z10: =VLOOKUP($B10,$S$3:$AA$9,8,FALSE) -> #N/A | AA10: =VLOOKUP($B10,$S$3:$AA$9,9,FALSE) -> #N/A
S11: =B11 -> 0 | T11: =VLOOKUP($B11,$S$3:$Y$9,2,FALSE) -> #N/A | U11: =VLOOKUP($B11,$S$3:$Y$9,3,FALSE) -> #N/A | V11: =VLOOKUP($B11,$S$3:$Y$9,4,FALSE) -> #N/A | W11: =VLOOKUP($B11,$S$3:$Y$9,5,FALSE) -> #N/A | X11: =VLOOKUP($B11,$S$3:$Y$9,6,FALSE) -> #N/A | Y11: =VLOOKUP($B11,$S$3:$Y$9,7,FALSE) -> #N/A | Z11: =VLOOKUP($B11,$S$3:$AA$9,8,FALSE) -> #N/A | AA11: =VLOOKUP($B11,$S$3:$AA$9,9,FALSE) -> #N/A
S12: =B12 -> 0 | T12: =VLOOKUP($B12,$S$3:$Y$9,2,FALSE) -> #N/A | U12: =VLOOKUP($B12,$S$3:$Y$9,3,FALSE) -> #N/A | V12: =VLOOKUP($B12,$S$3:$Y$9,4,FALSE) -> #N/A | W12: =VLOOKUP($B12,$S$3:$Y$9,5,FALSE) -> #N/A | X12: =VLOOKUP($B12,$S$3:$Y$9,6,FALSE) -> #N/A | Y12: =VLOOKUP($B12,$S$3:$Y$9,7,FALSE) -> #N/A | Z12: =VLOOKUP($B12,$S$3:$AA$9,8,FALSE) -> #N/A | AA12: =VLOOKUP($B12,$S$3:$AA$9,9,FALSE) -> #N/A
S13: =B13 -> 0 | T13: =VLOOKUP($B13,$S$3:$Y$9,2,FALSE) -> #N/A | U13: =VLOOKUP($B13,$S$3:$Y$9,3,FALSE) -> #N/A | V13: =VLOOKUP($B13,$S$3:$Y$9,4,FALSE) -> #N/A | W13: =VLOOKUP($B13,$S$3:$Y$9,5,FALSE) -> #N/A | X13: =VLOOKUP($B13,$S$3:$Y$9,6,FALSE) -> #N/A | Y13: =VLOOKUP($B13,$S$3:$Y$9,7,FALSE) -> #N/A | Z13: =VLOOKUP($B13,$S$3:$AA$9,8,FALSE) -> #N/A | AA13: =VLOOKUP($B13,$S$3:$AA$9,9,FALSE) -> #N/A
S14: =B14 -> 0 | T14: =VLOOKUP($B14,$S$3:$Y$9,2,FALSE) -> #N/A | U14: =VLOOKUP($B14,$S$3:$Y$9,3,FALSE) -> #N/A | V14: =VLOOKUP($B14,$S$3:$Y$9,4,FALSE) -> #N/A | W14: =VLOOKUP($B14,$S$3:$Y$9,5,FALSE) -> #N/A | X14: =VLOOKUP($B14,$S$3:$Y$9,6,FALSE) -> #N/A | Y14: =VLOOKUP($B14,$S$3:$Y$9,7,FALSE) -> #N/A | Z14: =VLOOKUP($B14,$S$3:$AA$9,8,FALSE) -> #N/A | AA14: =VLOOKUP($B14,$S$3:$AA$9,9,FALSE) -> #N/A
S15: =B15 -> 0 | T15: =VLOOKUP($B15,$S$3:$Y$9,2,FALSE) -> #N/A | U15: =VLOOKUP($B15,$S$3:$Y$9,3,FALSE) -> #N/A | V15: =VLOOKUP($B15,$S$3:$Y$9,4,FALSE) -> #N/A | W15: =VLOOKUP($B15,$S$3:$Y$9,5,FALSE) -> #N/A | X15: =VLOOKUP($B15,$S$3:$Y$9,6,FALSE) -> #N/A | Y15: =VLOOKUP($B15,$S$3:$Y$9,7,FALSE) -> #N/A | Z15: =VLOOKUP($B15,$S$3:$AA$9,8,FALSE) -> #N/A | AA15: =VLOOKUP($B15,$S$3:$AA$9,9,FALSE) -> #N/A
S16: =B16 -> 0 | T16: =VLOOKUP($B16,$S$3:$Y$9,2,FALSE) -> #N/A | U16: =VLOOKUP($B16,$S$3:$Y$9,3,FALSE) -> #N/A | V16: =VLOOKUP($B16,$S$3:$Y$9,4,FALSE) -> #N/A | W16: =VLOOKUP($B16,$S$3:$Y$9,5,FALSE) -> #N/A | X16: =VLOOKUP($B16,$S$3:$Y$9,6,FALSE) -> #N/A | Y16: =VLOOKUP($B16,$S$3:$Y$9,7,FALSE) -> #N/A | Z16: =VLOOKUP($B16,$S$3:$AA$9,8,FALSE) -> #N/A | AA16: =VLOOKUP($B16,$S$3:$AA$9,9,FALSE) -> #N/A
S17: =B17 -> 0 | T17: =VLOOKUP($B17,$S$3:$Y$9,2,FALSE) -> #N/A | U17: =VLOOKUP($B17,$S$3:$Y$9,3,FALSE) -> #N/A | V17: =VLOOKUP($B17,$S$3:$Y$9,4,FALSE) -> #N/A | W17: =VLOOKUP($B17,$S$3:$Y$9,5,FALSE) -> #N/A | X17: =VLOOKUP($B17,$S$3:$Y$9,6,FALSE) -> #N/A | Y17: =VLOOKUP($B17,$S$3:$Y$9,7,FALSE) -> #N/A | Z17: =VLOOKUP($B17,$S$3:$AA$9,8,FALSE) -> #N/A | AA17: =VLOOKUP($B17,$S$3:$AA$9,9,FALSE) -> #N/A
S18: =B18 -> 0 | T18: =VLOOKUP($B18,$S$3:$Y$9,2,FALSE) -> #N/A | U18: =VLOOKUP($B18,$S$3:$Y$9,3,FALSE) -> #N/A | V18: =VLOOKUP($B18,$S$3:$Y$9,4,FALSE) -> #N/A | W18: =VLOOKUP($B18,$S$3:$Y$9,5,FALSE) -> #N/A | X18: =VLOOKUP($B18,$S$3:$Y$9,6,FALSE) -> #N/A | Y18: =VLOOKUP($B18,$S$3:$Y$9,7,FALSE) -> #N/A | Z18: =VLOOKUP($B18,$S$3:$AA$9,8,FALSE) -> #N/A | AA18: =VLOOKUP($B18,$S$3:$AA$9,9,FALSE) -> #N/A
S19: =B19 -> 0 | T19: =VLOOKUP($B19,$S$3:$Y$9,2,FALSE) -> #N/A | U19: =VLOOKUP($B19,$S$3:$Y$9,3,FALSE) -> #N/A | V19: =VLOOKUP($B19,$S$3:$Y$9,4,FALSE) -> #N/A | W19: =VLOOKUP($B19,$S$3:$Y$9,5,FALSE) -> #N/A | X19: =VLOOKUP($B19,$S$3:$Y$9,6,FALSE) -> #N/A | Y19: =VLOOKUP($B19,$S$3:$Y$9,7,FALSE) -> #N/A | Z19: =VLOOKUP($B19,$S$3:$AA$9,8,FALSE) -> #N/A | AA19: =VLOOKUP($B19,$S$3:$AA$9,9,FALSE) -> #N/A
S20: =B20 -> 0 | T20: =VLOOKUP($B20,$S$3:$Y$9,2,FALSE) -> #N/A | U20: =VLOOKUP($B20,$S$3:$Y$9,3,FALSE) -> #N/A | V20: =VLOOKUP($B20,$S$3:$Y$9,4,FALSE) -> #N/A | W20: =VLOOKUP($B20,$S$3:$Y$9,5,FALSE) -> #N/A | X20: =VLOOKUP($B20,$S$3:$Y$9,6,FALSE) -> #N/A | Y20: =VLOOKUP($B20,$S$3:$Y$9,7,FALSE) -> #N/A | Z20: =VLOOKUP($B20,$S$3:$AA$9,8,FALSE) -> #N/A | AA20: =VLOOKUP($B20,$S$3:$AA$9,9,FALSE) -> #N/A
S21: =B21 -> 0 | T21: =VLOOKUP($B21,$S$3:$Y$9,2,FALSE) -> #N/A | U21: =VLOOKUP($B21,$S$3:$Y$9,3,FALSE) -> #N/A | V21: =VLOOKUP($B21,$S$3:$Y$9,4,FALSE) -> #N/A | W21: =VLOOKUP($B21,$S$3:$Y$9,5,FALSE) -> #N/A | X21: =VLOOKUP($B21,$S$3:$Y$9,6,FALSE) -> #N/A | Y21: =VLOOKUP($B21,$S$3:$Y$9,7,FALSE) -> #N/A | Z21: =VLOOKUP($B21,$S$3:$AA$9,8,FALSE) -> #N/A | AA21: =VLOOKUP($B21,$S$3:$AA$9,9,FALSE) -> #N/A
... S47: =B47 -> 0 | T47: =VLOOKUP($B47,$S$3:$Y$9,2,FALSE) -> #N/A | U47: =VLOOKUP($B47,$S$3:$Y$9,3,FALSE) -> #N/A | V47: =VLOOKUP($B47,$S$3:$Y$9,4,FALSE) -> #N/A | W47: =VLOOKUP($B47,$S$3:$Y$9,5,FALSE) -> #N/A | X47: =VLOOKUP($B47,$S$3:$Y$9,6,FALSE) -> #N/A | Y47: =VLOOKUP($B47,$S$3:$Y$9,7,FALSE) -> #N/A | Z47: =VLOOKUP($B47,$S$3:$AA$9,8,FALSE) -> #N/A | AA47: =VLOOKUP($B47,$S$3:$AA$9,9,FALSE) -> #N/A
I48: EXTRACT RECOVERY
B49: BRAND | D49: BBT P.G./ O.G | I49: Brand | J49: Actual | K49: MTD No. of Brews | L49: MTD | M49: YTD | N49: Target
B50: STAG | C50: 11.8 | D50: 11.73 | I50: CARIB | K50: =COUNTA([3]Brewhouse!$A$1596:$A$1619) -> 24 | L50: =AVERAGE([3]Brewhouse!$AU$1529,[3]Brewhouse!$AU$1531:$AU$1594,[3]Brewhouse!$AU$1596:$AU$1619) -> 98.205761 | M50: =AVERAGE([3]Brewhouse!$AU$849:$AU$924,[3]Brewhouse!$AU$926:$AU$971,[3]Brewhouse!$AU$973:$AU$1066,[3]Brewhouse!$AU$1068:$AU$1111,[3]Brewhouse!$AU$1113:$AU$1132,[3]Brewhouse!$AU$1134:$AU$1167,[3]Brewhouse!$AU$1169:$AU$1230,[3]Brewhouse!$AU$1232:$AU$1299,[3]Brewhouse!$AU$1301:$AU$1363,[3]Brewhouse!$AU$1365:$AU$1444,[3]Brewhouse!$AU$1446:$AU$1527,[3]Brewhouse!$AU$1529,[3]Brewhouse!$AU$1531:$AU$1594,[3]Brewhouse!$AU$1596:$AU$1619) -> 98.381806 | N50: 98
C51: 11.9 | I51: STAG | K51: =COUNTA([4]Brewhouse!$A$976:$A$1007) -> 32 | L51: =AVERAGE([4]Brewhouse!$AS$976:$AS$979,[4]Brewhouse!$AS$981:$AS$1007) -> 98.538567 | M51: =AVERAGE([4]Brewhouse!$AS$577:$AS$618,[4]Brewhouse!$AS$620:$AS$651,[4]Brewhouse!$AS$653:$AS$696,[4]Brewhouse!$AS$698:$AS$708,[4]Brewhouse!$AS$710:$AS$733,[4]Brewhouse!$AS$735:$AS$777,[4]Brewhouse!$AS$779:$AS$822,[4]Brewhouse!$AS$824:$AS$863,[4]Brewhouse!$AS$865:$AS$974,[4]Brewhouse!$AS$976:$AS$979,[4]Brewhouse!$AS$981:$AS$1007) -> 98.489671 | N51: 98
I52: GUINNESS | K52: =COUNTA([5]Brewhouse!$A$282:$A$289) -> 8 | L52: =AVERAGE([5]Brewhouse!$AU$269:$AU$279,[5]Brewhouse!$AU$282:$AU$289) -> 96.186177 | M52: =AVERAGE([5]Brewhouse!$AU$161:$AU$176,[5]Brewhouse!$AU$178:$AU$195,[5]Brewhouse!$AU$197:$AU$208,[5]Brewhouse!$AU$210:$AU$221,[5]Brewhouse!$AU$223:$AU$232,[5]Brewhouse!$AU$234:$AU$279,[5]Brewhouse!$AU$282:$AU$289) -> 96.64916 | N52: 98
I53: VITAMALT | K53: =COUNTA([6]Brewhouse!$A$158:$A$163) -> 6 | L53: =AVERAGE([6]Brewhouse!$AU$158:$AU$163) -> 94.60305 | M53: =AVERAGE([6]Brewhouse!$AU$91:$AU$101,[6]Brewhouse!$AU$103:$AU$112,[6]Brewhouse!$AU$114:$AU$123,[6]Brewhouse!$AU$125:$AU$134,[6]Brewhouse!$AU$136:$AU$145,[6]Brewhouse!$AU$147:$AU$156,[6]Brewhouse!$AU$158:$AU$163) -> 96.240014 | N53: 98
I54: MAXIMALT | N54: 98
I55: MACKESON | M55: =AVERAGE([7]Brewhouse!$AT$74:$AT$79) -> 93.959836 | N55: 98
I56: STARMALT | K56: =COUNTA([8]Brewhouse!$A$249:$A$254) -> 6 | L56: =AVERAGE([8]Brewhouse!$AY$249:$AY$254) -> 99.681996 | M56: =AVERAGE([8]Brewhouse!$AY$138:$AY$143,[8]Brewhouse!$AY$145:$AY$153,[8]Brewhouse!$AY$155,[8]Brewhouse!$AY$156:$AY$174,[8]Brewhouse!$AY$176:$AY$185,[8]Brewhouse!$AY$187:$AY$198,[8]Brewhouse!$AY$200:$AY$247,[8]Brewhouse!$AY$249:$AY$254) -> 98.774703 | N56: 98
I57: HR- P | M57: =AVERAGE([9]Brewhouse!$AW$13:$AW$14,[9]Brewhouse!$AW$16:$AW$17) -> 92.042628 | N57: 98
I58: Hurricane Reef | M58: =AVERAGE([9]Brewhouse!$AW$13:$AW$14) -> 88.376943 | N58: 98
K59: =SUM(K50:K58) -> 76 | L59: =((L50*K50)+(L51*K51)+(L52*K52)+(L53*K53)+(L54*K54)+(K57*L57)+(L55*K55)+(L56*K56)+(L58*K58))/(K59) -> 97.965422 | M59: =AVERAGE('[10]Closing- January 2023'!$L$42,'[11]Feb. 28th'!$L$42,'[12]March 31st'!$L$75,'[13]Apri 28th'!$L$51,L59) -> 98.06926 | N59: 98
J62: Daily Brewing Plan
J63: Brand | K63: Brews Achieved | L63: Average Brews per day
J64: CARIB | L64: MTD | M64: YTD | N64: TARGET
J65: STAG | K65: 5 | L65: =AVERAGE(#REF!,#REF!,K74,#REF!,#REF!,#REF!,#REF!,#REF!,#REF!,#REF!,#REF!) -> #REF! | M65: =AVERAGE(6,6,'[12]March 31st'!$L$80,'[14]June 30th '!$L$71,6,L65,'[15]July 31st'!$L$108,'[16]Aug 30th'!$L$124,7,[17]Oct.31st!$L$51) -> #REF! | N65: 9
J66: GUINN
J67: VITAMALT
J68: STARMALT
J69: MACKESON
J70: HURRICANE REEF- IPA
J71: HURRICANE REEF- APA
B72: AVERAGE | D72: =AVERAGE(D50:E71) -> 11.73 | J72: HR- PILSNER
J73: CARIBE
J74: Total | K74: =SUM(K64:K73) -> 5
B75: Process: | C75: Fermentation/Filtration
B77: Brand | C77: Filt. Date | D77: FV Hls | E77: GFE/ Prim/ Vita Blend (Hls) | F77: SV Hls | G77: BBT Hls | H77: Loss (%) Ferm | I77: Loss (%) Filt | J77: Comments | K77: Throughput | L77: Process Loss (%) | M77: Filt. Operator
U78: 43466 | V78: 43467 | W78: 43468 | X78: 43469 | Y78: 43470 | Z78: 43471 | AA78: 43472 | AB78: 43473 | AC78: 43474 | AD78: 43475 | AE78: 43476 | AF78: 43477 | AG78: 43478 | AH78: 43479 | AI78: 43480 | AJ78: 43481 | AK78: 43482 | AL78: 43483 | AM78: 43484 | AN78: 43485 | AO78: 43486 | AP78: 43487 | AQ78: 43488 | AR78: 43489 | AS78: 43490 | AT78: 43491 | AU78: 43492 | AV78: 43493 | AW78: 43494 | AX78: 43495 | AY78: 43496
B79: STAG | C79: 45278 | D79: =[18]December_2023!$U$13 -> 150.4 | G79: =[18]December_2023!$U$17 -> 120.8 | J79: NO BREAK | K79: =[19]December_2023!$U$25 -> 0.42385965 | L79: =(((D79+E79)-G79)/(D79+E79))*100 -> 19.680851 | M79: K.Hosten | T79: hls
T80: Throughput | U80: =[20]January_2019!D8 -> #DIV/0! | V80: =[20]January_2019!E8 -> 1.0319298 | W80: =[20]January_2019!F8 -> 1.7789474 | X80: =[20]January_2019!G8 -> 0.51929825 | Y80: =[20]January_2019!H8 -> #DIV/0! | Z80: =[20]January_2019!I8 -> #DIV/0! | AA80: =[20]January_2019!J8 -> 1.3652632 | AB80: =[20]January_2019!K8 -> #DIV/0! | ... AY80: =[20]January_2019!AH8 -> #DIV/0!
B87: Process Loss (Volume) | G87: Process Loss (Extract) | K87: Throughput
B88: Brand | C88: Actual | D88: MTD | E88: YTD | F88: Target | G88: Actual | H88: MTD | I88: YTD | J88: Target | K88: Actual | L88: MTD | M88: YTD | N88: Target
B89: CARIB | D89: 5.181332 | E89: 6.6038503 | F89: 4.8 | H89: 5.2502762 | I89: 6.9665258 | J89: 4.8 | L89: 0.70807018 | M89: 0.77999467 | N89: 1
B90: STAG | C90: =AVERAGE(L79,L81) -> 19.680851 | D90: 6.5498915 | E90: 6.1662321 | F90: 4.8 | G90: =[18]December_2023!$U$21 -> 19.680851 | H90: 6.3458282 | I90: 5.9138834 | J90: 4.8 | K90: =AVERAGE(K79,K81) -> 0.42385965 | L90: 0.66137427 | M90: 0.71942944 | N90: 1
B91: GUINN | D91: 8.4423676 | E91: 8.9890455 | F91: 5.5 | H91: 5.9624998 | I91: 8.6652309 | J91: 5.5 | L91: 0.51561404 | M91: 0.65035608 | N91: 1
B92: VITAMALT | D92: 3.597848 | E92: 2.9936807 | F92: 3.3 | H92: 6.098202 | I92: 3.3134543 | J92: 3.3 | L92: 0.50298246 | M92: 1.0625518 | N92: 1
B93: MAXIMALT | F93: 3.3 | J93: 3 | N93: 1
B94: MACKESON | E94: 6.4174306 | F94: =[21]May_2022!$M$43 -> 3.4878407 | I94: 7.0730655 | J94: 5.5 | M94: 1.0342105 | N94: 1
B95: STARMALT | D95: 2.7692803 | E95: 3.0589058 | F95: 3.3 | H95: 4.2179953 | I95: 4.9470953 | J95: 3.3 | L95: 1.0594737 | M95: 1.0223839 | N95: 1
B96: HURRICANE REEF | E96: 11.178248 | F96: 7.5 | I96: 14.59851 | J96: 7.5 | M96: 0.30947368 | N96: 1
D97: 5.3927001 | E97: 6.2517133 | F97: 4.5 | H97: 5.4965257 | I97: 6.527958 | J97: 4.5 | L97: 0.69682018 | M97: 0.78265038 | N97: 1
AD110: :

Sheet Sept 1st
S1: P.G. | U1: Hot Time | W1: Process Time | Y1: Cooling Time
B2: Brewing Department Daily Process Loss Report | S2: Lower | T2: Upper | U2: Lower | V2: Upper | W2: Lower | X2: Upper | Y2: Lower | Z2: Upper
R3: CARIB | S3: 11.6 | T3: 12 | U3: 0 | V3: 0.11805556 | W3: 0.22569444 | X3: 0.26388889 | Y3: 0 | Z3: 60 | AB3: HR- PISNER
B4: Date: | C4: 45902 | J4: LOT WORT COLOUR: 3.5 | M4: Filter Sheets (Target 20 days) | R4: STAG | S4: 11.6 | T4: 12 | U4: 0 | V4: 0.11805556 | W4: 0.22569444 | X4: 0.26388889 | Y4: 0 | Z4: 60
M5: Double | N5: Single | R5: GUINNESS | S5: 17 | T5: 17.5 | U5: 0 | V5: 0.10763889 | W5: 0.24652778 | X5: 0.28472222 | Y5: 0 | Z5: 60
J6: MALT LOT: Lot #44 | L6: Sheet Day | R6: MACKESON | S6: 13.3 | T6: 13.5 | U6: 0 | V6: 0.12905093 | W6: 0.27430556 | X6: 0.30208333 | Y6: 0
R7: STARMALT | S7: 17 | T7: 17.4 | U7: 0 | V7: 0.13605324 | W7: 0.27430556 | X7: 0.30902778 | Y7: 0 | Z7: 85
B8: Brand | C8: Brew no. | D8: Kett. Hls | E8: Wort | F8: Cool Time(Mins) | G8: Cast. P.G. (Lab Result) | H8: Cast P.G. (Cellar Operator)-gravity | I8: Extr. Rec (77.9%) | J8: Theor. Extr. (77.5%) | K8: Boil Off /Vol. (4-6%) | L8: Boil Time | M8: Total Hot | N8: Brewing | O8: Operator | R8: Hurricane Reef | S8: 16.6 | T8: 17 | U8: 0 | V8: 0.12905093 | W8: 0.27430556 | X8: 0.30208333 | Y8: 0
E9: Meter (Hls) | F9: Target(< 60Mins) | M9: Time | R9: VITAMALT | S9: 14.2 | T9: 14.6 | U9: 0 | V9: 0.13905093 | W9: 0.26041667 | X9: 0.29513889 | Y9: 0 | Z9: 75
B10: CARIB | C10: =[22]Brewhouse!$A740 -> CA631 | D10: =[22]Brewhouse!$AF740 -> 48.2 | E10: =[22]Brewhouse!$AI740 -> 48.8 | F10: =[22]Brewhouse!$V740 -> 60 | G10: =[22]Brewhouse!AG740 -> 11.6 | I10: =[22]Brewhouse!$AU740 -> 95.362732 | J10: =[22]Brewhouse!$AV740 -> 97.566418 | K10: =[22]Brewhouse!$Q740 -> 10.415094 | L10: =[22]Brewhouse!$P740 -> 59 | M10: =[22]Brewhouse!$U740-[22]Brewhouse!$T740 -> 0.12013889 | N10: =[22]Brewhouse!$Z740 -> 0.24791667 | O10: =[22]Brewhouse!$AX740 -> K.Benjamin | R10: =B10 -> CARIB | S10: =VLOOKUP($B10,$R$3:$X$9,2,FALSE) -> 11.6 | T10: =VLOOKUP($B10,$R$3:$X$9,3,FALSE) -> 12 | U10: =VLOOKUP($B10,$R$3:$X$9,4,FALSE) -> 0 | V10: =VLOOKUP($B10,$R$3:$X$9,5,FALSE) -> 0.11805556 | W10: =VLOOKUP($B10,$R$3:$X$9,6,FALSE) -> 0.22569444 | X10: =VLOOKUP($B10,$R$3:$X$9,7,FALSE) -> 0.26388889 | Y10: =VLOOKUP($B10,$R$3:$Z$9,8,FALSE) -> 0 | Z10: =VLOOKUP($B10,$R$3:$Z$9,9,FALSE) -> 60
B11: CARIB | C11: =[22]Brewhouse!$A741 -> CA632 | D11: =[22]Brewhouse!$AF741 -> 51.8 | E11: =[22]Brewhouse!$AI741 -> 51.4 | F11: =[22]Brewhouse!$V741 -> 62 | G11: =[22]Brewhouse!AG741 -> 11.9 | I11: =[22]Brewhouse!$AU741 -> 99.363543 | J11: =[22]Brewhouse!$AV741 -> 101.66356 | K11: =[22]Brewhouse!$Q741 -> 3.6226415 | L11: =[22]Brewhouse!$P741 -> 61 | M11: =[22]Brewhouse!$U741-[22]Brewhouse!$T741 -> 0.10694444 | N11: =[22]Brewhouse!$Z741 -> 0.25 | O11: =[22]Brewhouse!$AX741 -> R. Regis | R11: =B11 -> CARIB | S11: =VLOOKUP($B11,$R$3:$X$9,2,FALSE) -> 11.6 | T11: =VLOOKUP($B11,$R$3:$X$9,3,FALSE) -> 12 | U11: =VLOOKUP($B11,$R$3:$X$9,4,FALSE) -> 0 | V11: =VLOOKUP($B11,$R$3:$X$9,5,FALSE) -> 0.11805556 | W11: =VLOOKUP($B11,$R$3:$X$9,6,FALSE) -> 0.22569444 | X11: =VLOOKUP($B11,$R$3:$X$9,7,FALSE) -> 0.26388889 | Y11: =VLOOKUP($B11,$R$3:$Z$9,8,FALSE) -> 0 | Z11: =VLOOKUP($B11,$R$3:$Z$9,9,FALSE) -> 60
B12: CARIB | C12: =[22]Brewhouse!$A742 -> CA633 | D12: =[22]Brewhouse!$AF742 -> 53.6 | E12: =[22]Brewhouse!$AI742 -> 52.8 | F12: =[22]Brewhouse!$V742 -> 57 | G12: =[22]Brewhouse!AG742 -> 11.8 | I12: =[22]Brewhouse!$AU742 -> 101.9218 | J12: =[22]Brewhouse!$AV742 -> 104.28026 | K12: =[22]Brewhouse!$Q742 -> 2.6792453 | L12: =[22]Brewhouse!$P742 -> 59 | M12: =[22]Brewhouse!$U742-[22]Brewhouse!$T742 -> 0.10694444 | N12: =[22]Brewhouse!$Z742 -> 0.24861111 | O12: =[22]Brewhouse!$AX742 -> R. Regis | R12: =B12 -> CARIB | S12: =VLOOKUP($B12,$R$3:$X$9,2,FALSE) -> 11.6 | T12: =VLOOKUP($B12,$R$3:$X$9,3,FALSE) -> 12 | U12: =VLOOKUP($B12,$R$3:$X$9,4,FALSE) -> 0 | V12: =VLOOKUP($B12,$R$3:$X$9,5,FALSE) -> 0.11805556 | W12: =VLOOKUP($B12,$R$3:$X$9,6,FALSE) -> 0.22569444 | X12: =VLOOKUP($B12,$R$3:$X$9,7,FALSE) -> 0.26388889 | Y12: =VLOOKUP($B12,$R$3:$Z$9,8,FALSE) -> 0 | Z12: =VLOOKUP($B12,$R$3:$Z$9,9,FALSE) -> 60
B13: CARIB | C13: =[22]Brewhouse!$A743 -> CA634 | D13: =[22]Brewhouse!$AF743 -> 52.8 | E13: =[22]Brewhouse!$AI743 -> 51.4 | F13: =[22]Brewhouse!$V743 -> 62 | G13: =[22]Brewhouse!AG743 -> 11.8 | I13: =[22]Brewhouse!$AU743 -> 102.52919 | J13: =[22]Brewhouse!$AV743 -> 104.8982 | K13: =[22]Brewhouse!$Q743 -> 2.490566 | L13: =[22]Brewhouse!$P743 -> 60 | M13: =[22]Brewhouse!$U743-[22]Brewhouse!$T743 -> 0.10833333 | N13: =[22]Brewhouse!$Z743 -> 0.24097222 | O13: =[22]Brewhouse!$AX743 -> R. Regis | R13: =B13 -> CARIB | S13: =VLOOKUP($B13,$R$3:$X$9,2,FALSE) -> 11.6 | T13: =VLOOKUP($B13,$R$3:$X$9,3,FALSE) -> 12 | U13: =VLOOKUP($B13,$R$3:$X$9,4,FALSE) -> 0 | V13: =VLOOKUP($B13,$R$3:$X$9,5,FALSE) -> 0.11805556 | W13: =VLOOKUP($B13,$R$3:$X$9,6,FALSE) -> 0.22569444 | X13: =VLOOKUP($B13,$R$3:$X$9,7,FALSE) -> 0.26388889 | Y13: =VLOOKUP($B13,$R$3:$Z$9,8,FALSE) -> 0 | Z13: =VLOOKUP($B13,$R$3:$Z$9,9,FALSE) -> 60
B14: CARIB | C14: =[22]Brewhouse!$A744 -> CA635 | D14: =[22]Brewhouse!$AF744 -> 52.3 | E14: =[22]Brewhouse!$AI744 -> 50.4 | F14: =[22]Brewhouse!$V744 -> 63 | G14: =[22]Brewhouse!AG744 -> 11.8 | I14: =[22]Brewhouse!$AU744 -> 97.168341 | J14: =[22]Brewhouse!$AV744 -> 99.416931 | K14: =[22]Brewhouse!$Q744 -> 2.6792453 | L14: =[22]Brewhouse!$P744 -> 61 | M14: =[22]Brewhouse!$U744-[22]Brewhouse!$T744 -> 0.024305556 | N14: =[22]Brewhouse!$Z744 -> 0.24722222 | O14: =[22]Brewhouse!$AX744 -> R. Regis | R14: =B14 -> CARIB | S14: =VLOOKUP($B14,$R$3:$X$9,2,FALSE) -> 11.6 | T14: =VLOOKUP($B14,$R$3:$X$9,3,FALSE) -> 12 | U14: =VLOOKUP($B14,$R$3:$X$9,4,FALSE) -> 0 | V14: =VLOOKUP($B14,$R$3:$X$9,5,FALSE) -> 0.11805556 | W14: =VLOOKUP($B14,$R$3:$X$9,6,FALSE) -> 0.22569444 | X14: =VLOOKUP($B14,$R$3:$X$9,7,FALSE) -> 0.26388889 | Y14: =VLOOKUP($B14,$R$3:$Z$9,8,FALSE) -> 0 | Z14: =VLOOKUP($B14,$R$3:$Z$9,9,FALSE) -> 60
B15: CARIB | C15: =[22]Brewhouse!$A745 -> CA636 | D15: =[22]Brewhouse!$AF745 -> 52.8 | E15: =[22]Brewhouse!$AI745 -> 51.4 | F15: =[22]Brewhouse!$V745 -> 58 | G15: =[22]Brewhouse!AG745 -> 11.6 | I15: =[22]Brewhouse!$AU745 -> 96.849171 | J15: =[22]Brewhouse!$AV745 -> 99.090865 | K15: =[22]Brewhouse!$Q745 -> 3.5555556 | L15: =[22]Brewhouse!$P745 -> 57 | M15: =[22]Brewhouse!$U745-[22]Brewhouse!$T745 -> 0.10277778 | N15: =[22]Brewhouse!$Z745 -> 0.24236111 | O15: =[22]Brewhouse!$AX745 -> R.Sookram | R15: =B15 -> CARIB | S15: =VLOOKUP($B15,$R$3:$X$9,2,FALSE) -> 11.6 | T15: =VLOOKUP($B15,$R$3:$X$9,3,FALSE) -> 12 | U15: =VLOOKUP($B15,$R$3:$X$9,4,FALSE) -> 0 | V15: =VLOOKUP($B15,$R$3:$X$9,5,FALSE) -> 0.11805556 | W15: =VLOOKUP($B15,$R$3:$X$9,6,FALSE) -> 0.22569444 | X15: =VLOOKUP($B15,$R$3:$X$9,7,FALSE) -> 0.26388889 | Y15: =VLOOKUP($B15,$R$3:$Z$9,8,FALSE) -> 0 | Z15: =VLOOKUP($B15,$R$3:$Z$9,9,FALSE) -> 60
R16: =B16 -> 0 | S16: =VLOOKUP($B16,$R$3:$X$9,2,FALSE) -> #N/A | T16: =VLOOKUP($B16,$R$3:$X$9,3,FALSE) -> #N/A | U16: =VLOOKUP($B16,$R$3:$X$9,4,FALSE) -> #N/A | V16: =VLOOKUP($B16,$R$3:$X$9,5,FALSE) -> #N/A | W16: =VLOOKUP($B16,$R$3:$X$9,6,FALSE) -> #N/A | X16: =VLOOKUP($B16,$R$3:$X$9,7,FALSE) -> #N/A | Y16: =VLOOKUP($B16,$R$3:$Z$9,8,FALSE) -> #N/A | Z16: =VLOOKUP($B16,$R$3:$Z$9,9,FALSE) -> #N/A
B17: STARMALT | C17: =[23]Brewhouse!$A75 -> SM063 | D17: =[23]Brewhouse!$AH75 -> 53 | E17: =[23]Brewhouse!$AM75 -> 49.5 | F17: =[23]Brewhouse!$Z75 -> 65 | G17: =[23]Brewhouse!$AK75 -> 17.1 | I17: =[23]Brewhouse!$AY75 -> 92.872717 | J17: =[23]Brewhouse!$AZ75 -> 93.905774 | K17: =[23]Brewhouse!$U75 -> 8.0754717 | L17: =[23]Brewhouse!$T75 -> 60 | M17: =[23]Brewhouse!$Y75-[23]Brewhouse!$X75 -> 0.12916667 | N17: =[23]Brewhouse!$AD75 -> 0.27708333 | O17: =[23]Brewhouse!$BC75 -> R.Sookram | R17: =B17 -> STARMALT | S17: =VLOOKUP($B17,$R$3:$X$9,2,FALSE) -> 17 | T17: =VLOOKUP($B17,$R$3:$X$9,3,FALSE) -> 17.4 | U17: =VLOOKUP($B17,$R$3:$X$9,4,FALSE) -> 0 | V17: =VLOOKUP($B17,$R$3:$X$9,5,FALSE) -> 0.13605324 | W17: =VLOOKUP($B17,$R$3:$X$9,6,FALSE) -> 0.27430556 | X17: =VLOOKUP($B17,$R$3:$X$9,7,FALSE) -> 0.30902778 | Y17: =VLOOKUP($B17,$R$3:$Z$9,8,FALSE) -> 0 | Z17: =VLOOKUP($B17,$R$3:$Z$9,9,FALSE) -> 85
B18: STARMALT | C18: =[23]Brewhouse!$A76 -> SM064 | D18: =[23]Brewhouse!$AH76 -> 53 | E18: =[23]Brewhouse!$AM76 -> 51.7 | F18: =[23]Brewhouse!$Z76 -> 64 | G18: =[23]Brewhouse!$AK76 -> 17.2 | I18: =[23]Brewhouse!$AY76 -> 97.504936 | J18: =[23]Brewhouse!$AZ76 -> 98.590541 | K18: =[23]Brewhouse!$U76 -> 7.3207547 | L18: =[23]Brewhouse!$T76 -> 62 | M18: =[23]Brewhouse!$Y76-[23]Brewhouse!$X76 -> 0.12777778 | N18: =[23]Brewhouse!$AD76 -> 0.28125 | O18: =[23]Brewhouse!$BC76 -> K. Benjamin | R18: =B18 -> STARMALT | S18: =VLOOKUP($B18,$R$3:$X$9,2,FALSE) -> 17 | T18: =VLOOKUP($B18,$R$3:$X$9,3,FALSE) -> 17.4 | U18: =VLOOKUP($B18,$R$3:$X$9,4,FALSE) -> 0 | V18: =VLOOKUP($B18,$R$3:$X$9,5,FALSE) -> 0.13605324 | W18: =VLOOKUP($B18,$R$3:$X$9,6,FALSE) -> 0.27430556 | X18: =VLOOKUP($B18,$R$3:$X$9,7,FALSE) -> 0.30902778 | Y18: =VLOOKUP($B18,$R$3:$Z$9,8,FALSE) -> 0 | Z18: =VLOOKUP($B18,$R$3:$Z$9,9,FALSE) -> 85
B19: STARMALT | C19: =[23]Brewhouse!$A77 -> SM065 | D19: =[23]Brewhouse!$AH77 -> 53 | E19: =[23]Brewhouse!$AM77 -> 51.9 | F19: =[23]Brewhouse!$Z77 -> 70 | G19: =[23]Brewhouse!$AK77 -> 17.2 | I19: =[23]Brewhouse!$AY77 -> 97.882131 | J19: =[23]Brewhouse!$AZ77 -> 98.971936 | K19: =[23]Brewhouse!$U77 -> 6 | L19: =[23]Brewhouse!$T77 -> 61 | M19: =[23]Brewhouse!$Y77-[23]Brewhouse!$X77 -> 0.12708333 | N19: =[23]Brewhouse!$AD77 -> 0.275 | O19: =[23]Brewhouse!$BC77 -> K. Benjamin | R19: =B19 -> STARMALT | S19: =VLOOKUP($B19,$R$3:$X$9,2,FALSE) -> 17 | T19: =VLOOKUP($B19,$R$3:$X$9,3,FALSE) -> 17.4 | U19: =VLOOKUP($B19,$R$3:$X$9,4,FALSE) -> 0 | V19: =VLOOKUP($B19,$R$3:$X$9,5,FALSE) -> 0.13605324 | W19: =VLOOKUP($B19,$R$3:$X$9,6,FALSE) -> 0.27430556 | X19: =VLOOKUP($B19,$R$3:$X$9,7,FALSE) -> 0.30902778 | Y19: =VLOOKUP($B19,$R$3:$Z$9,8,FALSE) -> 0 | Z19: =VLOOKUP($B19,$R$3:$Z$9,9,FALSE) -> 85
R20: =B20 -> 0 | S20: =VLOOKUP($B20,$R$3:$X$9,2,FALSE) -> #N/A | T20: =VLOOKUP($B20,$R$3:$X$9,3,FALSE) -> #N/A | U20: =VLOOKUP($B20,$R$3:$X$9,4,FALSE) -> #N/A | V20: =VLOOKUP($B20,$R$3:$X$9,5,FALSE) -> #N/A | W20: =VLOOKUP($B20,$R$3:$X$9,6,FALSE) -> #N/A | X20: =VLOOKUP($B20,$R$3:$X$9,7,FALSE) -> #N/A | Y20: =VLOOKUP($B20,$R$3:$Z$9,8,FALSE) -> #N/A | Z20: =VLOOKUP($B20,$R$3:$Z$9,9,FALSE) -> #N/A
R21: =B21 -> 0 | S21: =VLOOKUP($B21,$R$3:$X$9,2,FALSE) -> #N/A | T21: =VLOOKUP($B21,$R$3:$X$9,3,FALSE) -> #N/A | U21: =VLOOKUP($B21,$R$3:$X$9,4,FALSE) -> #N/A | V21: =VLOOKUP($B21,$R$3:$X$9,5,FALSE) -> #N/A | W21: =VLOOKUP($B21,$R$3:$X$9,6,FALSE) -> #N/A | X21: =VLOOKUP($B21,$R$3:$X$9,7,FALSE) -> #N/A | Y21: =VLOOKUP($B21,$R$3:$Z$9,8,FALSE) -> #N/A | Z21: =VLOOKUP($B21,$R$3:$Z$9,9,FALSE) -> #N/A
R22: =B22 -> 0 | S22: =VLOOKUP($B22,$R$3:$X$9,2,FALSE) -> #N/A | T22: =VLOOKUP($B22,$R$3:$X$9,3,FALSE) -> #N/A | U22: =VLOOKUP($B22,$R$3:$X$9,4,FALSE) -> #N/A | V22: =VLOOKUP($B22,$R$3:$X$9,5,FALSE) -> #N/A | W22: =VLOOKUP($B22,$R$3:$X$9,6,FALSE) -> #N/A | X22: =VLOOKUP($B22,$R$3:$X$9,7,FALSE) -> #N/A | Y22: =VLOOKUP($B22,$R$3:$Z$9,8,FALSE) -> #N/A | Z22: =VLOOKUP($B22,$R$3:$Z$9,9,FALSE) -> #N/A
R23: =B23 -> 0 | S23: =VLOOKUP($B23,$R$3:$X$9,2,FALSE) -> #N/A | T23: =VLOOKUP($B23,$R$3:$X$9,3,FALSE) -> #N/A | U23: =VLOOKUP($B23,$R$3:$X$9,4,FALSE) -> #N/A | V23: =VLOOKUP($B23,$R$3:$X$9,5,FALSE) -> #N/A | W23: =VLOOKUP($B23,$R$3:$X$9,6,FALSE) -> #N/A | X23: =VLOOKUP($B23,$R$3:$X$9,7,FALSE) -> #N/A | Y23: =VLOOKUP($B23,$R$3:$Z$9,8,FALSE) -> #N/A | Z23: =VLOOKUP($B23,$R$3:$Z$9,9,FALSE) -> #N/A
R24: =B24 -> 0 | S24: =VLOOKUP($B24,$R$3:$X$9,2,FALSE) -> #N/A | T24: =VLOOKUP($B24,$R$3:$X$9,3,FALSE) -> #N/A | U24: =VLOOKUP($B24,$R$3:$X$9,4,FALSE) -> #N/A | V24: =VLOOKUP($B24,$R$3:$X$9,5,FALSE) -> #N/A | W24: =VLOOKUP($B24,$R$3:$X$9,6,FALSE) -> #N/A | X24: =VLOOKUP($B24,$R$3:$X$9,7,FALSE) -> #N/A | Y24: =VLOOKUP($B24,$R$3:$Z$9,8,FALSE) -> #N/A | Z24: =VLOOKUP($B24,$R$3:$Z$9,9,FALSE) -> #N/A
R25: =B25 -> 0 | S25: =VLOOKUP($B25,$R$3:$X$9,2,FALSE) -> #N/A | T25: =VLOOKUP($B25,$R$3:$X$9,3,FALSE) -> #N/A | U25: =VLOOKUP($B25,$R$3:$X$9,4,FALSE) -> #N/A | V25: =VLOOKUP($B25,$R$3:$X$9,5,FALSE) -> #N/A | W25: =VLOOKUP($B25,$R$3:$X$9,6,FALSE) -> #N/A | X25: =VLOOKUP($B25,$R$3:$X$9,7,FALSE) -> #N/A | Y25: =VLOOKUP($B25,$R$3:$Z$9,8,FALSE) -> #N/A | Z25: =VLOOKUP($B25,$R$3:$Z$9,9,FALSE) -> #N/A
R26: =B26 -> 0 | S26: =VLOOKUP($B26,$R$3:$X$9,2,FALSE) -> #N/A | T26: =VLOOKUP($B26,$R$3:$X$9,3,FALSE) -> #N/A | U26: =VLOOKUP($B26,$R$3:$X$9,4,FALSE) -> #N/A | V26: =VLOOKUP($B26,$R$3:$X$9,5,FALSE) -> #N/A | W26: =VLOOKUP($B26,$R$3:$X$9,6,FALSE) -> #N/A | X26: =VLOOKUP($B26,$R$3:$X$9,7,FALSE) -> #N/A | Y26: =VLOOKUP($B26,$R$3:$Z$9,8,FALSE) -> #N/A | Z26: =VLOOKUP($B26,$R$3:$Z$9,9,FALSE) -> #N/A
R27: =B27 -> 0 | S27: =VLOOKUP($B27,$R$3:$X$9,2,FALSE) -> #N/A | T27: =VLOOKUP($B27,$R$3:$X$9,3,FALSE) -> #N/A | U27: =VLOOKUP($B27,$R$3:$X$9,4,FALSE) -> #N/A | V27: =VLOOKUP($B27,$R$3:$X$9,5,FALSE) -> #N/A | W27: =VLOOKUP($B27,$R$3:$X$9,6,FALSE) -> #N/A | X27: =VLOOKUP($B27,$R$3:$X$9,7,FALSE) -> #N/A | Y27: =VLOOKUP($B27,$R$3:$Z$9,8,FALSE) -> #N/A | Z27: =VLOOKUP($B27,$R$3:$Z$9,9,FALSE) -> #N/A
B28: BRAND | D28: BBT P.G./ O.G | I28: Brand | J28: Actual | K28: MTD No. of Brews | L28: MTD | M28: YTD | N28: Target | R28: =B28 -> BRAND | S28: =VLOOKUP($B28,$R$3:$X$9,2,FALSE) -> #N/A | T28: =VLOOKUP($B28,$R$3:$X$9,3,FALSE) -> #N/A | U28: =VLOOKUP($B28,$R$3:$X$9,4,FALSE) -> #N/A | V28: =VLOOKUP($B28,$R$3:$X$9,5,FALSE) -> #N/A | W28: =VLOOKUP($B28,$R$3:$X$9,6,FALSE) -> #N/A | X28: =VLOOKUP($B28,$R$3:$X$9,7,FALSE) -> #N/A | Y28: =VLOOKUP($B28,$R$3:$Z$9,8,FALSE) -> #N/A | Z28: =VLOOKUP($B28,$R$3:$Z$9,9,FALSE) -> #N/A
I29: CARIB | J29: =AVERAGE(I10:I15) -> 98.865796 | K29: =COUNTA([22]Brewhouse!$A$740:$A$745) -> 6 | L29: =AVERAGE([22]Brewhouse!$AU$740:$AU$745) -> 98.865796 | M29: =AVERAGE([22]Brewhouse!$AU$102:$AU$171,[22]Brewhouse!$AU$173:$AU$253,[22]Brewhouse!$AU$255:$AU$339,[22]Brewhouse!$AU$341:$AU$346,[22]Brewhouse!$AU$348,[22]Brewhouse!$AU$349:$AU$406,[22]Brewhouse!$AU$408:$AU$491,[22]Brewhouse!$AU$493:$AU$578,[22]Brewhouse!$AU$580:$AU$652,[22]Brewhouse!$AU$655:$AU$745) -> 97.716623 | N29: 98 | R29: =B29 -> 0 | S29: =VLOOKUP($B29,$R$3:$X$9,2,FALSE) -> #N/A | T29: =VLOOKUP($B29,$R$3:$X$9,3,FALSE) -> #N/A | U29: =VLOOKUP($B29,$R$3:$X$9,4,FALSE) -> #N/A | V29: =VLOOKUP($B29,$R$3:$X$9,5,FALSE) -> #N/A | W29: =VLOOKUP($B29,$R$3:$X$9,6,FALSE) -> #N/A | X29: =VLOOKUP($B29,$R$3:$X$9,7,FALSE) -> #N/A | Y29: =VLOOKUP($B29,$R$3:$Z$9,8,FALSE) -> #N/A | Z29: =VLOOKUP($B29,$R$3:$Z$9,9,FALSE) -> #N/A
I30: STAG | M30: =AVERAGE([24]Brewhouse!$AS$15:$AS$64,[24]Brewhouse!$AS$66:$AS$103,[24]Brewhouse!$AS$105:$AS$140,[24]Brewhouse!$AS$142:$AS$193,[24]Brewhouse!$AS$195:$AS$240,[24]Brewhouse!$AS$242:$AS$273,[24]Brewhouse!$AS$275:$AS$322,[24]Brewhouse!$AS$324:$AS$359) -> 98.06549 | N30: 98 | R30: =B30 -> 0 | S30: =VLOOKUP($B30,$R$3:$X$9,2,FALSE) -> #N/A | T30: =VLOOKUP($B30,$R$3:$X$9,3,FALSE) -> #N/A | U30: =VLOOKUP($B30,$R$3:$X$9,4,FALSE) -> #N/A | V30: =VLOOKUP($B30,$R$3:$X$9,5,FALSE) -> #N/A | W30: =VLOOKUP($B30,$R$3:$X$9,6,FALSE) -> #N/A | X30: =VLOOKUP($B30,$R$3:$X$9,7,FALSE) -> #N/A | Y30: =VLOOKUP($B30,$R$3:$Z$9,8,FALSE) -> #N/A | Z30: =VLOOKUP($B30,$R$3:$Z$9,9,FALSE) -> #N/A
I31: GUINNESS | M31: =AVERAGE([25]Brewhouse!$AU$4:$AU$7,[25]Brewhouse!$AU$9:$AU$22,[25]Brewhouse!$AU$24:$AU$35,[25]Brewhouse!$AU$37:$AU$45,[25]Brewhouse!$AU$47:$AU$62,[25]Brewhouse!$AU$64:$AU$79,[25]Brewhouse!$AU$81:$AU$92) -> 96.938185 | N31: 98 | R31: =B31 -> 0 | S31: =VLOOKUP($B31,$R$3:$X$9,2,FALSE) -> #N/A | T31: =VLOOKUP($B31,$R$3:$X$9,3,FALSE) -> #N/A | U31: =VLOOKUP($B31,$R$3:$X$9,4,FALSE) -> #N/A | V31: =VLOOKUP($B31,$R$3:$X$9,5,FALSE) -> #N/A | W31: =VLOOKUP($B31,$R$3:$X$9,6,FALSE) -> #N/A | X31: =VLOOKUP($B31,$R$3:$X$9,7,FALSE) -> #N/A | Y31: =VLOOKUP($B31,$R$3:$Z$9,8,FALSE) -> #N/A | Z31: =VLOOKUP($B31,$R$3:$Z$9,9,FALSE) -> #N/A
I32: VITAMALT | M32: =AVERAGE([26]Brewhouse!$AV$5:$AV$14,[26]Brewhouse!$AV$16:$AV$19,[26]Brewhouse!$AV$21:$AV$24,[26]Brewhouse!$AV$26:$AV$33,[26]Brewhouse!$AV$35:$AV$46,[26]Brewhouse!$AV$48:$AV$53,[26]Brewhouse!$AV$55:$AV$62,[26]Brewhouse!$AV$64:$AV$77) -> 98.521411 | N32: 98 | R32: =B32 -> 0 | S32: =VLOOKUP($B32,$R$3:$X$9,2,FALSE) -> #N/A | T32: =VLOOKUP($B32,$R$3:$X$9,3,FALSE) -> #N/A | U32: =VLOOKUP($B32,$R$3:$X$9,4,FALSE) -> #N/A | V32: =VLOOKUP($B32,$R$3:$X$9,5,FALSE) -> #N/A | W32: =VLOOKUP($B32,$R$3:$X$9,6,FALSE) -> #N/A | X32: =VLOOKUP($B32,$R$3:$X$9,7,FALSE) -> #N/A | Y32: =VLOOKUP($B32,$R$3:$Z$9,8,FALSE) -> #N/A | Z32: =VLOOKUP($B32,$R$3:$Z$9,9,FALSE) -> #N/A
I33: MAXIMALT | N33: 98 | R33: =B33 -> 0 | S33: =VLOOKUP($B33,$R$3:$X$9,2,FALSE) -> #N/A | T33: =VLOOKUP($B33,$R$3:$X$9,3,FALSE) -> #N/A | U33: =VLOOKUP($B33,$R$3:$X$9,4,FALSE) -> #N/A | V33: =VLOOKUP($B33,$R$3:$X$9,5,FALSE) -> #N/A | W33: =VLOOKUP($B33,$R$3:$X$9,6,FALSE) -> #N/A | X33: =VLOOKUP($B33,$R$3:$X$9,7,FALSE) -> #N/A | Y33: =VLOOKUP($B33,$R$3:$Z$9,8,FALSE) -> #N/A | Z33: =VLOOKUP($B33,$R$3:$Z$9,9,FALSE) -> #N/A
I34: MACKESON | M34: =AVERAGE([27]Brewhouse!$AT$4:$AT$11,[27]Brewhouse!$AT$13:$AT$16,[27]Brewhouse!$AT$18:$AT$21,[27]Brewhouse!$AT$26) -> 94.588058 | N34: 98
I35: STARMALT | J35: =AVERAGE(I17:I19) -> 96.086595 | K35: =COUNTA([23]Brewhouse!$A$75:$A$77) -> 3 | L35: =AVERAGE([23]Brewhouse!$AY$75:$AY$77) -> 96.086595 | M35: =AVERAGE([23]Brewhouse!$AY$6:$AY$13,[23]Brewhouse!$AY$15:$AY$20,[23]Brewhouse!$AY$22:$AY$29,[23]Brewhouse!$AY$31:$AY$34,[23]Brewhouse!$AY$36:$AY$43,[23]Brewhouse!$AY$45:$AY$50, [23]Brewhouse!$AY$56:$AY$73,[23]Brewhouse!$AY$75:$AY$77) -> 97.30094 | N35: 98
I36: HR- Pils | M36: =AVERAGE([28]Brewhouse!$AU$5:$AU$8,[28]Brewhouse!$AU$10:$AU$13,[23]Brewhouse!$AY$75:$AY$77) -> 94.749192 | N36: 98
I37: HR- IPA | M37: =AVERAGE([29]Brewhouse!$AW$26:$AW$27) -> 95.310681 | N37: 98
I38: HR- APA | M38: =AVERAGE([30]Brewhouse!$AU$13:$AU$14) -> 97.110575 | N38: 98
K39: =SUM(K29:K38) -> 9 | L39: =((L29*K29)+(L30*K30)+(L31*K31)+(L32*K32)+(L33*K33)+(K36*L36)+(L34*K34)+(L35*K35)+(L38*K38))/(K39) -> 97.939395 | M39: =AVERAGE('[31]Jan 31st'!$L$65,'[32]Feb 28th'!$L$35,'[33]Mar. 31st'!$L$35,'[34]Apr. 30th'!$L$45,'[35]May 30th'!$L$37,'[36]June 30th'!$L$57,L39) -> 97.698758 | N39: 98
J41: Daily Brewing Plan
J42: Brand | K42: Brews Achieved | L42: Average Brews per day
J43: CARIB | K43: =COUNTA(B10:B15) -> 6 | L43: MTD | M43: YTD | N43: TARGET
J44: STAG | L44: =AVERAGE(K53) -> 9 | M44: =AVERAGE('[31]Jan 29th '!$M$70,'[32]Feb 28th'!$L$40,'[33]Mar. 31st'!$L$40,'[34]Apr. 30th'!$L$50,'[35]May 30th'!$L$42,'[36]June 30th'!$L$62,'[37]July 29th '!$L$49,'[38]Aug 29th'!$L$34,L44) -> 7.1814118 | N44: 9.2
J45: GUINN
J46: VITAMALT
J47: STARMALT | K47: 3
J48: MACKESON
J49: HURRICANE REEF- IPA
J50: HURRICANE REEF- APA
B51: AVERAGE | D51: =AVERAGE(D29:E50) -> #DIV/0! | J51: HR- PILSNER
J52: CARIBE
J53: Total | K53: =SUM(K43:K52) -> 9
B54: Process: | C54: Fermentation/Filtration
B56: Brand | C56: Filt. Date | D56: FV Hls | E56: GFE/ Prim/ Vita Blend (Hls) | F56: SV Hls | G56: BBT Hls | H56: Loss (%) Ferm | I56: Loss (%) Filt | J56: Comments | K56: Throughput | L56: Process Loss (%) | M56: Filt. Operator
AB57: 43474 | AC57: 43475 | AD57: 43476 | AE57: 43477 | AF57: 43478 | AG57: 43479 | AH57: 43480 | AI57: 43481 | AJ57: 43482 | AK57: 43483 | AL57: 43484 | AM57: 43485 | AN57: 43486 | AO57: 43487 | AP57: 43488 | AQ57: 43489 | AR57: 43490 | AS57: 43491 | AT57: 43492 | AU57: 43493 | AV57: 43494 | AW57: 43495 | AX57: 43496
B58: =J44 -> STAG | C58: 45901 | D58: =[39]September_2025!$D$13 -> 500 | G58: =[39]September_2025!$D$17 -> 461.5 | J58: 1 BREAK | K58: =[40]September_2025!$D$25 -> 0.80964912 | L58: =(((D58+E58)-G58)/(D58+E58))*100 -> 7.7 | M58: G. Mason | AB58: =[20]January_2019!L7 -> 285.8 | AC58: =[20]January_2019!M7 -> 508.1 | AD58: =[20]January_2019!N7 -> 0 | AE58: =[20]January_2019!O7 -> 0 | AF58: =[20]January_2019!P7 -> 109.56667 | AG58: =[20]January_2019!Q7 -> 297.65 | AH58: =[20]January_2019!R7 -> 122.3 | AI58: =[20]January_2019!S7 -> 0 | ... AX58: =[20]January_2019!AH7 -> 0
J62: NO SBF | L62: =(((D62+E62)-G62)/(D62+E62))*100 -> #DIV/0!
B65: Process Loss (Volume) | G65: Process Loss (Extract) | K65: Throughput
B66: Brand | C66: Actual | D66: MTD | E66: YTD | F66: Target | G66: Actual | H66: MTD | I66: YTD | J66: Target | K66: Actual | L66: MTD | M66: YTD | N66: Target
B67: CARIB | F67: 4.8 | J67: 4.8 | N67: 1
B68: STAG | C68: =L58 -> 7.7 | F68: 4.8 | G68: =[39]September_2025!$D$21 -> 9.1791667 | J68: 4.8 | K68: =K58 -> 0.80964912 | N68: 1
B69: GUINN | F69: 5.5 | J69: 5.5 | N69: 1
B70: VITAMALT | F70: 3.3 | J70: 3.3 | N70: 1
B71: APA | F71: 3.3 | J71: 3 | N71: 1
B72: MACKESON | F72: =[21]May_2022!$M$43 -> 3.4878407 | J72: 5.5 | N72: 1
B73: STARMALT | F73: 3.3 | J73: 3.3 | N73: 1
B74: IPA | F74: 7.5 | J74: 7.5 | N74: 1
B75: HURRICANE REEF PILS | F75: 4.8 | J75: 4.8 | N75: 1
F76: 5.5 | J76: 5.5 | N76: 1

Sheet Sept 2nd
S1: P.G. | U1: Hot Time | W1: Process Time | Y1: Cooling Time
B2: Brewing Department Daily Process Loss Report | S2: Lower | T2: Upper | U2: Lower | V2: Upper | W2: Lower | X2: Upper | Y2: Lower | Z2: Upper
R3: CARIB | S3: 11.6 | T3: 12 | U3: 0 | V3: 0.11805556 | W3: 0.22569444 | X3: 0.26388889 | Y3: 0 | Z3: 60 | AB3: HR- PISNER
B4: Date: | C4: 45903 | J4: LOT WORT COLOUR: 3.5 | M4: Filter Sheets (Target 20 days) | R4: STAG | S4: 11.6 | T4: 12 | U4: 0 | V4: 0.11805556 | W4: 0.22569444 | X4: 0.26388889 | Y4: 0 | Z4: 60
M5: Double | N5: Single | R5: GUINNESS | S5: 17 | T5: 17.5 | U5: 0 | V5: 0.10763889 | W5: 0.24652778 | X5: 0.28472222 | Y5: 0 | Z5: 60
J6: MALT LOT: Lot #44 | L6: Sheet Day | R6: MACKESON | S6: 13.3 | T6: 13.5 | U6: 0 | V6: 0.12905093 | W6: 0.27430556 | X6: 0.30208333 | Y6: 0
R7: STARMALT | S7: 17 | T7: 17.4 | U7: 0 | V7: 0.13605324 | W7: 0.27430556 | X7: 0.30902778 | Y7: 0 | Z7: 85
B8: Brand | C8: Brew no. | D8: Kett. Hls | E8: Wort | F8: Cool Time(Mins) | G8: Cast. P.G. (Lab Result) | H8: Cast P.G. (Cellar Operator)-gravity | I8: Extr. Rec (77.9%) | J8: Theor. Extr. (77.5%) | K8: Boil Off /Vol. (4-6%) | L8: Boil Time | M8: Total Hot | N8: Brewing | O8: Operator | R8: Hurricane Reef | S8: 16.6 | T8: 17 | U8: 0 | V8: 0.12905093 | W8: 0.27430556 | X8: 0.30208333 | Y8: 0
E9: Meter (Hls) | F9: Target(< 60Mins) | M9: Time | R9: VITAMALT | S9: 14.2 | T9: 14.6 | U9: 0 | V9: 0.13905093 | W9: 0.26041667 | X9: 0.29513889 | Y9: 0 | Z9: 75
B10: STARMALT | C10: =[23]Brewhouse!$A78 -> SM066 | D10: =[23]Brewhouse!$AH78 -> 53 | E10: =[23]Brewhouse!$AM78 -> 51.9 | F10: =[23]Brewhouse!$Z78 -> 73 | G10: =[23]Brewhouse!$AK78 -> 17.2 | I10: =[23]Brewhouse!$AY78 -> 97.485149 | J10: =[23]Brewhouse!$AZ78 -> 98.575621 | K10: =[23]Brewhouse!$U78 -> 5.6226415 | L10: =[23]Brewhouse!$T78 -> 60 | M10: =[23]Brewhouse!$Y78-[23]Brewhouse!$X78 -> 0.13055556 | N10: =[23]Brewhouse!$AD78 -> 0.27916667 | O10: =[23]Brewhouse!$BC78 -> K. Benjamin | R10: =B10 -> STARMALT | S10: =VLOOKUP($B10,$R$3:$X$9,2,FALSE) -> 17 | T10: =VLOOKUP($B10,$R$3:$X$9,3,FALSE) -> 17.4 | U10: =VLOOKUP($B10,$R$3:$X$9,4,FALSE) -> 0 | V10: =VLOOKUP($B10,$R$3:$X$9,5,FALSE) -> 0.13605324 | W10: =VLOOKUP($B10,$R$3:$X$9,6,FALSE) -> 0.27430556 | X10: =VLOOKUP($B10,$R$3:$X$9,7,FALSE) -> 0.30902778 | Y10: =VLOOKUP($B10,$R$3:$Z$9,8,FALSE) -> 0 | Z10: =VLOOKUP($B10,$R$3:$Z$9,9,FALSE) -> 85
B11: STARMALT | C11: =[23]Brewhouse!$A79 -> SM067 | D11: =[23]Brewhouse!$AH79 -> 53 | E11: =[23]Brewhouse!$AM79 -> 52 | F11: =[23]Brewhouse!$Z79 -> 67 | G11: =[23]Brewhouse!$AK79 -> 17.6 | I11: =[23]Brewhouse!$AY79 -> 99.793676 | J11: =[23]Brewhouse!$AZ79 -> 100.91411 | K11: =[23]Brewhouse!$U79 -> 15.433962 | L11: =[23]Brewhouse!$T79 -> 62 | M11: =[23]Brewhouse!$Y79-[23]Brewhouse!$X79 -> 0.20625 | N11: =[23]Brewhouse!$AD79 -> 0.36319444 | O11: =[23]Brewhouse!$BC79 -> K. Benjamin | R11: =B11 -> STARMALT | S11: =VLOOKUP($B11,$R$3:$X$9,2,FALSE) -> 17 | T11: =VLOOKUP($B11,$R$3:$X$9,3,FALSE) -> 17.4 | U11: =VLOOKUP($B11,$R$3:$X$9,4,FALSE) -> 0 | V11: =VLOOKUP($B11,$R$3:$X$9,5,FALSE) -> 0.13605324 | W11: =VLOOKUP($B11,$R$3:$X$9,6,FALSE) -> 0.27430556 | X11: =VLOOKUP($B11,$R$3:$X$9,7,FALSE) -> 0.30902778 | Y11: =VLOOKUP($B11,$R$3:$Z$9,8,FALSE) -> 0 | Z11: =VLOOKUP($B11,$R$3:$Z$9,9,FALSE) -> 85
B12: STARMALT | C12: =[23]Brewhouse!$A80 -> SM068 | D12: =[23]Brewhouse!$AH80 -> 53.1 | E12: =[23]Brewhouse!$AM80 -> 53.4 | F12: =[23]Brewhouse!$Z80 -> 71 | G12: =[23]Brewhouse!$AK80 -> 16.9 | I12: =[23]Brewhouse!$AY80 -> 98.208221 | J12: =[23]Brewhouse!$AZ80 -> 99.309836 | K12: =[23]Brewhouse!$U80 -> 5.4237288 | L12: =[23]Brewhouse!$T80 -> 59 | M12: =[23]Brewhouse!$Y80-[23]Brewhouse!$X80 -> 0.13194444 | N12: =[23]Brewhouse!$AD80 -> 0.4125 | O12: =[23]Brewhouse!$BC80 -> R. Regis | R12: =B12 -> STARMALT | S12: =VLOOKUP($B12,$R$3:$X$9,2,FALSE) -> 17 | T12: =VLOOKUP($B12,$R$3:$X$9,3,FALSE) -> 17.4 | U12: =VLOOKUP($B12,$R$3:$X$9,4,FALSE) -> 0 | V12: =VLOOKUP($B12,$R$3:$X$9,5,FALSE) -> 0.13605324 | W12: =VLOOKUP($B12,$R$3:$X$9,6,FALSE) -> 0.27430556 | X12: =VLOOKUP($B12,$R$3:$X$9,7,FALSE) -> 0.30902778 | Y12: =VLOOKUP($B12,$R$3:$Z$9,8,FALSE) -> 0 | Z12: =VLOOKUP($B12,$R$3:$Z$9,9,FALSE) -> 85
B13: STARMALT | C13: =[23]Brewhouse!$A81 -> SM069 | D13: =[23]Brewhouse!$AH81 -> 53.1 | E13: =[23]Brewhouse!$AM81 -> 53.4 | F13: =[23]Brewhouse!$Z81 -> 65 | G13: =[23]Brewhouse!$AK81 -> 17.2 | I13: =[23]Brewhouse!$AY81 -> 100.22135 | J13: =[23]Brewhouse!$AZ81 -> 101.34346 | K13: =[23]Brewhouse!$U81 -> 4.1054614 | L13: =[23]Brewhouse!$T81 -> 70 | M13: =[23]Brewhouse!$Y81-[23]Brewhouse!$X81 -> 0.15208333 | N13: =[23]Brewhouse!$AD81 -> 0.31597222 | O13: =[23]Brewhouse!$BC81 -> R. Regis | R13: =B13 -> STARMALT | S13: =VLOOKUP($B13,$R$3:$X$9,2,FALSE) -> 17 | T13: =VLOOKUP($B13,$R$3:$X$9,3,FALSE) -> 17.4 | U13: =VLOOKUP($B13,$R$3:$X$9,4,FALSE) -> 0 | V13: =VLOOKUP($B13,$R$3:$X$9,5,FALSE) -> 0.13605324 | W13: =VLOOKUP($B13,$R$3:$X$9,6,FALSE) -> 0.27430556 | X13: =VLOOKUP($B13,$R$3:$X$9,7,FALSE) -> 0.30902778 | Y13: =VLOOKUP($B13,$R$3:$Z$9,8,FALSE) -> 0 | Z13: =VLOOKUP($B13,$R$3:$Z$9,9,FALSE) -> 85
B14: STARMALT | C14: =[23]Brewhouse!$A82 -> SM070 | D14: =[23]Brewhouse!$AH82 -> 53.1 | E14: =[23]Brewhouse!$AM82 -> 52.5 | F14: =[23]Brewhouse!$Z82 -> 80 | G14: =[23]Brewhouse!$AK82 -> 17.1 | I14: =[23]Brewhouse!$AY82 -> 97.942529 | J14: =[23]Brewhouse!$AZ82 -> 99.039134 | K14: =[23]Brewhouse!$U82 -> 4.2937853 | L14: =[23]Brewhouse!$T82 -> 69 | M14: =[23]Brewhouse!$Y82-[23]Brewhouse!$X82 -> 0.14375 | N14: =[23]Brewhouse!$AD82 -> 0.31944444 | O14: =[23]Brewhouse!$BC82 -> R.Sookram | R14: =B14 -> STARMALT | S14: =VLOOKUP($B14,$R$3:$X$9,2,FALSE) -> 17 | T14: =VLOOKUP($B14,$R$3:$X$9,3,FALSE) -> 17.4 | U14: =VLOOKUP($B14,$R$3:$X$9,4,FALSE) -> 0 | V14: =VLOOKUP($B14,$R$3:$X$9,5,FALSE) -> 0.13605324 | W14: =VLOOKUP($B14,$R$3:$X$9,6,FALSE) -> 0.27430556 | X14: =VLOOKUP($B14,$R$3:$X$9,7,FALSE) -> 0.30902778 | Y14: =VLOOKUP($B14,$R$3:$Z$9,8,FALSE) -> 0 | Z14: =VLOOKUP($B14,$R$3:$Z$9,9,FALSE) -> 85
R15: =B15 -> 0 | S15: =VLOOKUP($B15,$R$3:$X$9,2,FALSE) -> #N/A | T15: =VLOOKUP($B15,$R$3:$X$9,3,FALSE) -> #N/A | U15: =VLOOKUP($B15,$R$3:$X$9,4,FALSE) -> #N/A | V15: =VLOOKUP($B15,$R$3:$X$9,5,FALSE) -> #N/A | W15: =VLOOKUP($B15,$R$3:$X$9,6,FALSE) -> #N/A | X15: =VLOOKUP($B15,$R$3:$X$9,7,FALSE) -> #N/A | Y15: =VLOOKUP($B15,$R$3:$Z$9,8,FALSE) -> #N/A | Z15: =VLOOKUP($B15,$R$3:$Z$9,9,FALSE) -> #N/A
B16: CARIB | C16: =[22]Brewhouse!$A746 -> CA637 | D16: =[22]Brewhouse!$AF746 -> 50.9 | E16: =[22]Brewhouse!$AI746 -> 48.7 | F16: =[22]Brewhouse!$V746 -> 49 | G16: =[22]Brewhouse!AG746 -> 11.8 | I16: =[22]Brewhouse!$AU746 -> 93.373778 | J16: =[22]Brewhouse!$AV746 -> 95.445671 | K16: =[22]Brewhouse!$Q746 -> 9.2962963 | L16: =[22]Brewhouse!$P746 -> 60 | M16: =[22]Brewhouse!$U746-[22]Brewhouse!$T746 -> 0.10347222 | N16: =[22]Brewhouse!$Z746 -> 0.23263889 | O16: =[22]Brewhouse!$AX746 -> R.Sookram | R16: =B16 -> CARIB | S16: =VLOOKUP($B16,$R$3:$X$9,2,FALSE) -> 11.6 | T16: =VLOOKUP($B16,$R$3:$X$9,3,FALSE) -> 12 | U16: =VLOOKUP($B16,$R$3:$X$9,4,FALSE) -> 0 | V16: =VLOOKUP($B16,$R$3:$X$9,5,FALSE) -> 0.11805556 | W16: =VLOOKUP($B16,$R$3:$X$9,6,FALSE) -> 0.22569444 | X16: =VLOOKUP($B16,$R$3:$X$9,7,FALSE) -> 0.26388889 | Y16: =VLOOKUP($B16,$R$3:$Z$9,8,FALSE) -> 0 | Z16: =VLOOKUP($B16,$R$3:$Z$9,9,FALSE) -> 60
B17: CARIB | C17: =[22]Brewhouse!$A747 -> CA638 | D17: =[22]Brewhouse!$AF747 -> 52.4 | E17: =[22]Brewhouse!$AI747 -> 49.7 | F17: =[22]Brewhouse!$V747 -> 52 | G17: =[22]Brewhouse!AG747 -> 11.9 | I17: =[22]Brewhouse!$AU747 -> 95.786153 | J17: =[22]Brewhouse!$AV747 -> 97.912271 | K17: =[22]Brewhouse!$Q747 -> 5.6981132 | L17: =[22]Brewhouse!$P747 -> 60 | M17: =[22]Brewhouse!$U747-[22]Brewhouse!$T747 -> 0.10763889 | N17: =[22]Brewhouse!$Z747 -> 0.23888889 | O17: =[22]Brewhouse!$AX747 -> K.Benjamin | R17: =B17 -> CARIB | S17: =VLOOKUP($B17,$R$3:$X$9,2,FALSE) -> 11.6 | T17: =VLOOKUP($B17,$R$3:$X$9,3,FALSE) -> 12 | U17: =VLOOKUP($B17,$R$3:$X$9,4,FALSE) -> 0 | V17: =VLOOKUP($B17,$R$3:$X$9,5,FALSE) -> 0.11805556 | W17: =VLOOKUP($B17,$R$3:$X$9,6,FALSE) -> 0.22569444 | X17: =VLOOKUP($B17,$R$3:$X$9,7,FALSE) -> 0.26388889 | Y17: =VLOOKUP($B17,$R$3:$Z$9,8,FALSE) -> 0 | Z17: =VLOOKUP($B17,$R$3:$Z$9,9,FALSE) -> 60
B18: CARIB | C18: =[22]Brewhouse!$A748 -> CA639 | D18: =[22]Brewhouse!$AF748 -> 52.3 | E18: =[22]Brewhouse!$AI748 -> 50.7 | F18: =[22]Brewhouse!$V748 -> 53 | G18: =[22]Brewhouse!AG748 -> 11.9 | I18: =[22]Brewhouse!$AU748 -> 98.495905 | J18: =[22]Brewhouse!$AV748 -> 100.77534 | K18: =[22]Brewhouse!$Q748 -> 3.6226415 | L18: =[22]Brewhouse!$P748 -> 60 | M18: =[22]Brewhouse!$U748-[22]Brewhouse!$T748 -> 0.10486111 | N18: =[22]Brewhouse!$Z748 -> 0.24305556 | O18: =[22]Brewhouse!$AX748 -> K.Benjamin | R18: =B18 -> CARIB | S18: =VLOOKUP($B18,$R$3:$X$9,2,FALSE) -> 11.6 | T18: =VLOOKUP($B18,$R$3:$X$9,3,FALSE) -> 12 | U18: =VLOOKUP($B18,$R$3:$X$9,4,FALSE) -> 0 | V18: =VLOOKUP($B18,$R$3:$X$9,5,FALSE) -> 0.11805556 | W18: =VLOOKUP($B18,$R$3:$X$9,6,FALSE) -> 0.22569444 | X18: =VLOOKUP($B18,$R$3:$X$9,7,FALSE) -> 0.26388889 | Y18: =VLOOKUP($B18,$R$3:$Z$9,8,FALSE) -> 0 | Z18: =VLOOKUP($B18,$R$3:$Z$9,9,FALSE) -> 60
R19: =B19 -> 0 | S19: =VLOOKUP($B19,$R$3:$X$9,2,FALSE) -> #N/A | T19: =VLOOKUP($B19,$R$3:$X$9,3,FALSE) -> #N/A | U19: =VLOOKUP($B19,$R$3:$X$9,4,FALSE) -> #N/A | V19: =VLOOKUP($B19,$R$3:$X$9,5,FALSE) -> #N/A | W19: =VLOOKUP($B19,$R$3:$X$9,6,FALSE) -> #N/A | X19: =VLOOKUP($B19,$R$3:$X$9,7,FALSE) -> #N/A | Y19: =VLOOKUP($B19,$R$3:$Z$9,8,FALSE) -> #N/A | Z19: =VLOOKUP($B19,$R$3:$Z$9,9,FALSE) -> #N/A
R20: =B20 -> 0 | S20: =VLOOKUP($B20,$R$3:$X$9,2,FALSE) -> #N/A | T20: =VLOOKUP($B20,$R$3:$X$9,3,FALSE) -> #N/A | U20: =VLOOKUP($B20,$R$3:$X$9,4,FALSE) -> #N/A | V20: =VLOOKUP($B20,$R$3:$X$9,5,FALSE) -> #N/A | W20: =VLOOKUP($B20,$R$3:$X$9,6,FALSE) -> #N/A | X20: =VLOOKUP($B20,$R$3:$X$9,7,FALSE) -> #N/A | Y20: =VLOOKUP($B20,$R$3:$Z$9,8,FALSE) -> #N/A | Z20: =VLOOKUP($B20,$R$3:$Z$9,9,FALSE) -> #N/A
R21: =B21 -> 0 | S21: =VLOOKUP($B21,$R$3:$X$9,2,FALSE) -> #N/A | T21: =VLOOKUP($B21,$R$3:$X$9,3,FALSE) -> #N/A | U21: =VLOOKUP($B21,$R$3:$X$9,4,FALSE) -> #N/A | V21: =VLOOKUP($B21,$R$3:$X$9,5,FALSE) -> #N/A | W21: =VLOOKUP($B21,$R$3:$X$9,6,FALSE) -> #N/A | X21: =VLOOKUP($B21,$R$3:$X$9,7,FALSE) -> #N/A | Y21: =VLOOKUP($B21,$R$3:$Z$9,8,FALSE) -> #N/A | Z21: =VLOOKUP($B21,$R$3:$Z$9,9,FALSE) -> #N/A
R22: =B22 -> 0 | S22: =VLOOKUP($B22,$R$3:$X$9,2,FALSE) -> #N/A | T22: =VLOOKUP($B22,$R$3:$X$9,3,FALSE) -> #N/A | U22: =VLOOKUP($B22,$R$3:$X$9,4,FALSE) -> #N/A | V22: =VLOOKUP($B22,$R$3:$X$9,5,FALSE) -> #N/A | W22: =VLOOKUP($B22,$R$3:$X$9,6,FALSE) -> #N/A | X22: =VLOOKUP($B22,$R$3:$X$9,7,FALSE) -> #N/A | Y22: =VLOOKUP($B22,$R$3:$Z$9,8,FALSE) -> #N/A | Z22: =VLOOKUP($B22,$R$3:$Z$9,9,FALSE) -> #N/A
R23: =B23 -> 0 | S23: =VLOOKUP($B23,$R$3:$X$9,2,FALSE) -> #N/A | T23: =VLOOKUP($B23,$R$3:$X$9,3,FALSE) -> #N/A | U23: =VLOOKUP($B23,$R$3:$X$9,4,FALSE) -> #N/A | V23: =VLOOKUP($B23,$R$3:$X$9,5,FALSE) -> #N/A | W23: =VLOOKUP($B23,$R$3:$X$9,6,FALSE) -> #N/A | X23: =VLOOKUP($B23,$R$3:$X$9,7,FALSE) -> #N/A | Y23: =VLOOKUP($B23,$R$3:$Z$9,8,FALSE) -> #N/A | Z23: =VLOOKUP($B23,$R$3:$Z$9,9,FALSE) -> #N/A
R24: =B24 -> 0 | S24: =VLOOKUP($B24,$R$3:$X$9,2,FALSE) -> #N/A | T24: =VLOOKUP($B24,$R$3:$X$9,3,FALSE) -> #N/A | U24: =VLOOKUP($B24,$R$3:$X$9,4,FALSE) -> #N/A | V24: =VLOOKUP($B24,$R$3:$X$9,5,FALSE) -> #N/A | W24: =VLOOKUP($B24,$R$3:$X$9,6,FALSE) -> #N/A | X24: =VLOOKUP($B24,$R$3:$X$9,7,FALSE) -> #N/A | Y24: =VLOOKUP($B24,$R$3:$Z$9,8,FALSE) -> #N/A | Z24: =VLOOKUP($B24,$R$3:$Z$9,9,FALSE) -> #N/A
R25: =B25 -> 0 | S25: =VLOOKUP($B25,$R$3:$X$9,2,FALSE) -> #N/A | T25: =VLOOKUP($B25,$R$3:$X$9,3,FALSE) -> #N/A | U25: =VLOOKUP($B25,$R$3:$X$9,4,FALSE) -> #N/A | V25: =VLOOKUP($B25,$R$3:$X$9,5,FALSE) -> #N/A | W25: =VLOOKUP($B25,$R$3:$X$9,6,FALSE) -> #N/A | X25: =VLOOKUP($B25,$R$3:$X$9,7,FALSE) -> #N/A | Y25: =VLOOKUP($B25,$R$3:$Z$9,8,FALSE) -> #N/A | Z25: =VLOOKUP($B25,$R$3:$Z$9,9,FALSE) -> #N/A
B26: BRAND | D26: BBT P.G./ O.G | I26: Brand | J26: Actual | K26: MTD No. of Brews | L26: MTD | M26: YTD | N26: Target | R26: =B26 -> BRAND | S26: =VLOOKUP($B26,$R$3:$X$9,2,FALSE) -> #N/A | T26: =VLOOKUP($B26,$R$3:$X$9,3,FALSE) -> #N/A | U26: =VLOOKUP($B26,$R$3:$X$9,4,FALSE) -> #N/A | V26: =VLOOKUP($B26,$R$3:$X$9,5,FALSE) -> #N/A | W26: =VLOOKUP($B26,$R$3:$X$9,6,FALSE) -> #N/A | X26: =VLOOKUP($B26,$R$3:$X$9,7,FALSE) -> #N/A | Y26: =VLOOKUP($B26,$R$3:$Z$9,8,FALSE) -> #N/A | Z26: =VLOOKUP($B26,$R$3:$Z$9,9,FALSE) -> #N/A
B27: =J41 -> CARIB | I27: CARIB | J27: =AVERAGE(I16:I18) -> 95.885279 | K27: =COUNTA([22]Brewhouse!$A$740:$A$748) -> 9 | L27: =AVERAGE([22]Brewhouse!$AU$740:$AU$748) -> 97.87229 | M27: =AVERAGE([22]Brewhouse!$AU$102:$AU$171,[22]Brewhouse!$AU$173:$AU$253,[22]Brewhouse!$AU$255:$AU$339,[22]Brewhouse!$AU$341:$AU$346,[22]Brewhouse!$AU$348,[22]Brewhouse!$AU$349:$AU$406,[22]Brewhouse!$AU$408:$AU$491,[22]Brewhouse!$AU$493:$AU$578,[22]Brewhouse!$AU$580:$AU$652,[22]Brewhouse!$AU$655:$AU$748) -> 97.708011 | N27: 98 | R27: =B27 -> CARIB | S27: =VLOOKUP($B27,$R$3:$X$9,2,FALSE) -> 11.6 | T27: =VLOOKUP($B27,$R$3:$X$9,3,FALSE) -> 12 | U27: =VLOOKUP($B27,$R$3:$X$9,4,FALSE) -> 0 | V27: =VLOOKUP($B27,$R$3:$X$9,5,FALSE) -> 0.11805556 | W27: =VLOOKUP($B27,$R$3:$X$9,6,FALSE) -> 0.22569444 | X27: =VLOOKUP($B27,$R$3:$X$9,7,FALSE) -> 0.26388889 | Y27: =VLOOKUP($B27,$R$3:$Z$9,8,FALSE) -> 0 | Z27: =VLOOKUP($B27,$R$3:$Z$9,9,FALSE) -> 60
I28: STAG | M28: =AVERAGE([24]Brewhouse!$AS$15:$AS$64,[24]Brewhouse!$AS$66:$AS$103,[24]Brewhouse!$AS$105:$AS$140,[24]Brewhouse!$AS$142:$AS$193,[24]Brewhouse!$AS$195:$AS$240,[24]Brewhouse!$AS$242:$AS$273,[24]Brewhouse!$AS$275:$AS$322,[24]Brewhouse!$AS$324:$AS$359) -> 98.06549 | N28: 98 | R28: =B28 -> 0 | S28: =VLOOKUP($B28,$R$3:$X$9,2,FALSE) -> #N/A | T28: =VLOOKUP($B28,$R$3:$X$9,3,FALSE) -> #N/A | U28: =VLOOKUP($B28,$R$3:$X$9,4,FALSE) -> #N/A | V28: =VLOOKUP($B28,$R$3:$X$9,5,FALSE) -> #N/A | W28: =VLOOKUP($B28,$R$3:$X$9,6,FALSE) -> #N/A | X28: =VLOOKUP($B28,$R$3:$X$9,7,FALSE) -> #N/A | Y28: =VLOOKUP($B28,$R$3:$Z$9,8,FALSE) -> #N/A | Z28: =VLOOKUP($B28,$R$3:$Z$9,9,FALSE) -> #N/A
I29: GUINNESS | M29: =AVERAGE([25]Brewhouse!$AU$4:$AU$7,[25]Brewhouse!$AU$9:$AU$22,[25]Brewhouse!$AU$24:$AU$35,[25]Brewhouse!$AU$37:$AU$45,[25]Brewhouse!$AU$47:$AU$62,[25]Brewhouse!$AU$64:$AU$79,[25]Brewhouse!$AU$81:$AU$92) -> 96.938185 | N29: 98 | R29: =B29 -> 0 | S29: =VLOOKUP($B29,$R$3:$X$9,2,FALSE) -> #N/A | T29: =VLOOKUP($B29,$R$3:$X$9,3,FALSE) -> #N/A | U29: =VLOOKUP($B29,$R$3:$X$9,4,FALSE) -> #N/A | V29: =VLOOKUP($B29,$R$3:$X$9,5,FALSE) -> #N/A | W29: =VLOOKUP($B29,$R$3:$X$9,6,FALSE) -> #N/A | X29: =VLOOKUP($B29,$R$3:$X$9,7,FALSE) -> #N/A | Y29: =VLOOKUP($B29,$R$3:$Z$9,8,FALSE) -> #N/A | Z29: =VLOOKUP($B29,$R$3:$Z$9,9,FALSE) -> #N/A
I30: VITAMALT | M30: =AVERAGE([26]Brewhouse!$AV$5:$AV$14,[26]Brewhouse!$AV$16:$AV$19,[26]Brewhouse!$AV$21:$AV$24,[26]Brewhouse!$AV$26:$AV$33,[26]Brewhouse!$AV$35:$AV$46,[26]Brewhouse!$AV$48:$AV$53,[26]Brewhouse!$AV$55:$AV$62,[26]Brewhouse!$AV$64:$AV$77) -> 98.521411 | N30: 98 | R30: =B30 -> 0 | S30: =VLOOKUP($B30,$R$3:$X$9,2,FALSE) -> #N/A | T30: =VLOOKUP($B30,$R$3:$X$9,3,FALSE) -> #N/A | U30: =VLOOKUP($B30,$R$3:$X$9,4,FALSE) -> #N/A | V30: =VLOOKUP($B30,$R$3:$X$9,5,FALSE) -> #N/A | W30: =VLOOKUP($B30,$R$3:$X$9,6,FALSE) -> #N/A | X30: =VLOOKUP($B30,$R$3:$X$9,7,FALSE) -> #N/A | Y30: =VLOOKUP($B30,$R$3:$Z$9,8,FALSE) -> #N/A | Z30: =VLOOKUP($B30,$R$3:$Z$9,9,FALSE) -> #N/A
I31: MAXIMALT | N31: 98 | R31: =B31 -> 0 | S31: =VLOOKUP($B31,$R$3:$X$9,2,FALSE) -> #N/A | T31: =VLOOKUP($B31,$R$3:$X$9,3,FALSE) -> #N/A | U31: =VLOOKUP($B31,$R$3:$X$9,4,FALSE) -> #N/A | V31: =VLOOKUP($B31,$R$3:$X$9,5,FALSE) -> #N/A | W31: =VLOOKUP($B31,$R$3:$X$9,6,FALSE) -> #N/A | X31: =VLOOKUP($B31,$R$3:$X$9,7,FALSE) -> #N/A | Y31: =VLOOKUP($B31,$R$3:$Z$9,8,FALSE) -> #N/A | Z31: =VLOOKUP($B31,$R$3:$Z$9,9,FALSE) -> #N/A
I32: MACKESON | M32: =AVERAGE([27]Brewhouse!$AT$4:$AT$11,[27]Brewhouse!$AT$13:$AT$16,[27]Brewhouse!$AT$18:$AT$21,[27]Brewhouse!$AT$26) -> 94.588058 | N32: 98
I33: STARMALT | J33: =AVERAGE(I10:I14) -> 98.730184 | K33: =COUNTA([23]Brewhouse!$A$75:$A$82) -> 8 | L33: =AVERAGE([23]Brewhouse!$AY$75:$AY$82) -> 97.738838 | M33: =AVERAGE([23]Brewhouse!$AY$6:$AY$13,[23]Brewhouse!$AY$15:$AY$20,[23]Brewhouse!$AY$22:$AY$29,[23]Brewhouse!$AY$31:$AY$34,[23]Brewhouse!$AY$36:$AY$43,[23]Brewhouse!$AY$45:$AY$50, [23]Brewhouse!$AY$56:$AY$73,[23]Brewhouse!$AY$75:$AY$82) -> 97.409216 | N33: 98
I34: HR- Pils | M34: =AVERAGE([28]Brewhouse!$AU$5:$AU$8,[28]Brewhouse!$AU$10:$AU$13,[23]Brewhouse!$AY$75:$AY$77) -> 94.749192 | N34: 98
I35: HR- IPA | M35: =AVERAGE([29]Brewhouse!$AW$26:$AW$27) -> 95.310681 | N35: 98
I36: HR- APA | M36: =AVERAGE([30]Brewhouse!$AU$13:$AU$14) -> 97.110575 | N36: 98
K37: =SUM(K27:K36) -> 17 | L37: =((L27*K27)+(L28*K28)+(L29*K29)+(L30*K30)+(L31*K31)+(K34*L34)+(L32*K32)+(L33*K33)+(L36*K36))/(K37) -> 97.809489 | M37: =AVERAGE('[31]Jan 31st'!$L$65,'[32]Feb 28th'!$L$35,'[33]Mar. 31st'!$L$35,'[34]Apr. 30th'!$L$45,'[35]May 30th'!$L$37,'[36]June 30th'!$L$57,L37) -> 97.6802 | N37: 98
J39: Daily Brewing Plan
J40: Brand | K40: Brews Achieved | L40: Average Brews per day
J41: CARIB | K41: 5 | L41: MTD | M41: YTD | N41: TARGET
J42: STAG | L42: =AVERAGE('Sept 1st'!K53,K51) -> 8.5 | M42: =AVERAGE('[31]Jan 29th '!$M$70,'[32]Feb 28th'!$L$40,'[33]Mar. 31st'!$L$40,'[34]Apr. 30th'!$L$50,'[35]May 30th'!$L$42,'[36]June 30th'!$L$62,'[37]July 29th '!$L$49,'[38]Aug 29th'!$L$34,L42) -> 7.1258563 | N42: 9.2
J43: GUINN
J44: VITAMALT | K44: 3
J45: STARMALT
J46: MACKESON
J47: HURRICANE REEF- IPA
J48: HURRICANE REEF- APA
B49: AVERAGE | D49: =AVERAGE(D27:E48) -> #DIV/0! | J49: HR- PILSNER
J50: CARIBE
J51: Total | K51: =SUM(K41:K50) -> 8
B52: Process: | C52: Fermentation/Filtration
B54: Brand | C54: Filt. Date | D54: FV Hls | E54: GFE/ Prim/ Vita Blend (Hls) | F54: SV Hls | G54: BBT Hls | H54: Loss (%) Ferm | I54: Loss (%) Filt | J54: Comments | K54: Throughput | L54: Process Loss (%) | M54: Filt. Operator
AB55: 43474 | AC55: 43475 | AD55: 43476 | AE55: 43477 | AF55: 43478 | AG55: 43479 | AH55: 43480 | AI55: 43481 | AJ55: 43482 | AK55: 43483 | AL55: 43484 | AM55: 43485 | AN55: 43486 | AO55: 43487 | AP55: 43488 | AQ55: 43489 | AR55: 43490 | AS55: 43491 | AT55: 43492 | AU55: 43493 | AV55: 43494 | AW55: 43495 | AX55: 43496
B56: =J41 -> CARIB | C56: 45902 | D56: =[39]September_2025!$E$3 -> 414 | G56: =[39]September_2025!$E$7 -> 395.5 | J56: 1 BREAK | K56: =[40]September_2025!$E$18 -> 0.69385965 | L56: =(((D56+E56)-G56)/(D56+E56))*100 -> 4.468599 | M56: G. Mason | AB56: =[20]January_2019!L7 -> 285.8 | AC56: =[20]January_2019!M7 -> 508.1 | AD56: =[20]January_2019!N7 -> 0 | AE56: =[20]January_2019!O7 -> 0 | AF56: =[20]January_2019!P7 -> 109.56667 | AG56: =[20]January_2019!Q7 -> 297.65 | AH56: =[20]January_2019!R7 -> 122.3 | AI56: =[20]January_2019!S7 -> 0 | ... AX56: =[20]January_2019!AH7 -> 0
J60: NO SBF | L60: =(((D60+E60)-G60)/(D60+E60))*100 -> #DIV/0!
B63: Process Loss (Volume) | G63: Process Loss (Extract) | K63: Throughput
B64: Brand | C64: Actual | D64: MTD | E64: YTD | F64: Target | G64: Actual | H64: MTD | I64: YTD | J64: Target | K64: Actual | L64: MTD | M64: YTD | N64: Target
B65: CARIB | C65: =L56 -> 4.468599 | F65: 4.8 | G65: =[39]September_2025!$E$11 -> 5.3257323 | J65: 4.8 | K65: =K56 -> 0.69385965 | N65: 1
B66: STAG | F66: 4.8 | J66: 4.8 | N66: 1
B67: GUINN | F67: 5.5 | J67: 5.5 | N67: 1
B68: VITAMALT | F68: 3.3 | J68: 3.3 | N68: 1
B69: APA | F69: 3.3 | J69: 3 | N69: 1
B70: MACKESON | F70: =[21]May_2022!$M$43 -> 3.4878407 | J70: 5.5 | N70: 1
B71: STARMALT | F71: 3.3 | J71: 3.3 | N71: 1
B72: IPA | F72: 7.5 | J72: 7.5 | N72: 1
B73: HURRICANE REEF PILS | F73: 4.8 | J73: 4.8 | N73: 1
F74: 5.5 | J74: 5.5 | N74: 1

Sheet Sept 3rd
S1: P.G. | U1: Hot Time | W1: Process Time | Y1: Cooling Time
B2: Brewing Department Daily Process Loss Report | S2: Lower | T2: Upper | U2: Lower | V2: Upper | W2: Lower | X2: Upper | Y2: Lower | Z2: Upper
R3: CARIB | S3: 11.6 | T3: 12 | U3: 0 | V3: 0.11805556 | W3: 0.22569444 | X3: 0.26388889 | Y3: 0 | Z3: 60 | AB3: HR- PISNER
B4: Date: | C4: 45904 | J4: LOT WORT COLOUR: 3.5 | M4: Filter Sheets (Target 20 days) | R4: STAG | S4: 11.6 | T4: 12 | U4: 0 | V4: 0.11805556 | W4: 0.22569444 | X4: 0.26388889 | Y4: 0 | Z4: 60
M5: Double | N5: Single | R5: GUINNESS | S5: 17 | T5: 17.5 | U5: 0 | V5: 0.10763889 | W5: 0.24652778 | X5: 0.28472222 | Y5: 0 | Z5: 60
J6: MALT LOT: Lot #44 | L6: Sheet Day | R6: MACKESON | S6: 13.3 | T6: 13.5 | U6: 0 | V6: 0.12905093 | W6: 0.27430556 | X6: 0.30208333 | Y6: 0
R7: STARMALT | S7: 17 | T7: 17.4 | U7: 0 | V7: 0.13605324 | W7: 0.27430556 | X7: 0.30902778 | Y7: 0 | Z7: 85
B8: Brand | C8: Brew no. | D8: Kett. Hls | E8: Wort | F8: Cool Time(Mins) | G8: Cast. P.G. (Lab Result) | H8: Cast P.G. (Cellar Operator)-gravity | I8: Extr. Rec (77.9%) | J8: Theor. Extr. (77.5%) | K8: Boil Off /Vol. (4-6%) | L8: Boil Time | M8: Total Hot | N8: Brewing | O8: Operator | R8: Hurricane Reef | S8: 16.6 | T8: 17 | U8: 0 | V8: 0.12905093 | W8: 0.27430556 | X8: 0.30208333 | Y8: 0
E9: Meter (Hls) | F9: Target(< 60Mins) | M9: Time | R9: VITAMALT | S9: 14.2 | T9: 14.6 | U9: 0 | V9: 0.13905093 | W9: 0.26041667 | X9: 0.29513889 | Y9: 0 | Z9: 75
B10: CARIB | C10: =[22]Brewhouse!$A749 -> CA640 | D10: =[22]Brewhouse!$AF749 -> 49.7 | E10: =[22]Brewhouse!$AI749 -> 49.7 | F10: =[22]Brewhouse!$V749 -> 57 | G10: =[22]Brewhouse!AG749 -> 11.9 | I10: =[22]Brewhouse!$AU749 -> 96.91328 | J10: =[22]Brewhouse!$AV749 -> 99.155721 | K10: =[22]Brewhouse!$Q749 -> 7.5849057 | L10: =[22]Brewhouse!$P749 -> 60 | M10: =[22]Brewhouse!$U749-[22]Brewhouse!$T749 -> 0.11805556 | N10: =[22]Brewhouse!$Z749 -> 0.24652778 | O10: =[22]Brewhouse!$AX749 -> K.Benjamin | R10: =B10 -> CARIB | S10: =VLOOKUP($B10,$R$3:$X$9,2,FALSE) -> 11.6 | T10: =VLOOKUP($B10,$R$3:$X$9,3,FALSE) -> 12 | U10: =VLOOKUP($B10,$R$3:$X$9,4,FALSE) -> 0 | V10: =VLOOKUP($B10,$R$3:$X$9,5,FALSE) -> 0.11805556 | W10: =VLOOKUP($B10,$R$3:$X$9,6,FALSE) -> 0.22569444 | X10: =VLOOKUP($B10,$R$3:$X$9,7,FALSE) -> 0.26388889 | Y10: =VLOOKUP($B10,$R$3:$Z$9,8,FALSE) -> 0 | Z10: =VLOOKUP($B10,$R$3:$Z$9,9,FALSE) -> 60
B11: CARIB | C11: =[22]Brewhouse!$A750 -> CA641 | D11: =[22]Brewhouse!$AF750 -> 50.6 | E11: =[22]Brewhouse!$AI750 -> 48.9 | F11: =[22]Brewhouse!$V750 -> 58 | G11: =[22]Brewhouse!AG750 -> 11.7 | I11: =[22]Brewhouse!$AU750 -> 92.692854 | J11: =[22]Brewhouse!$AV750 -> 94.750088 | K11: =[22]Brewhouse!$Q750 -> 6.0640301 | L11: =[22]Brewhouse!$P750 -> 60 | M11: =[22]Brewhouse!$U750-[22]Brewhouse!$T750 -> 0.11388889 | N11: =[22]Brewhouse!$Z750 -> 0.25 | O11: =[22]Brewhouse!$AX750 -> R. Regis | R11: =B11 -> CARIB | S11: =VLOOKUP($B11,$R$3:$X$9,2,FALSE) -> 11.6 | T11: =VLOOKUP($B11,$R$3:$X$9,3,FALSE) -> 12 | U11: =VLOOKUP($B11,$R$3:$X$9,4,FALSE) -> 0 | V11: =VLOOKUP($B11,$R$3:$X$9,5,FALSE) -> 0.11805556 | W11: =VLOOKUP($B11,$R$3:$X$9,6,FALSE) -> 0.22569444 | X11: =VLOOKUP($B11,$R$3:$X$9,7,FALSE) -> 0.26388889 | Y11: =VLOOKUP($B11,$R$3:$Z$9,8,FALSE) -> 0 | Z11: =VLOOKUP($B11,$R$3:$Z$9,9,FALSE) -> 60
B12: CARIB | C12: =[22]Brewhouse!$A751 -> CA642 | D12: =[22]Brewhouse!$AF751 -> 53.5 | E12: =[22]Brewhouse!$AI751 -> 52.7 | F12: =[22]Brewhouse!$V751 -> 65 | G12: =[22]Brewhouse!AG751 -> 11.6 | I12: =[22]Brewhouse!$AU751 -> 98.754509 | J12: =[22]Brewhouse!$AV751 -> 100.94675 | K12: =[22]Brewhouse!$Q751 -> 2.2975518 | L12: =[22]Brewhouse!$P751 -> 60 | M12: =[22]Brewhouse!$U751-[22]Brewhouse!$T751 -> 0.1125 | N12: =[22]Brewhouse!$Z751 -> 0.24375 | O12: =[22]Brewhouse!$AX751 -> R. Regis | R12: =B12 -> CARIB | S12: =VLOOKUP($B12,$R$3:$X$9,2,FALSE) -> 11.6 | T12: =VLOOKUP($B12,$R$3:$X$9,3,FALSE) -> 12 | U12: =VLOOKUP($B12,$R$3:$X$9,4,FALSE) -> 0 | V12: =VLOOKUP($B12,$R$3:$X$9,5,FALSE) -> 0.11805556 | W12: =VLOOKUP($B12,$R$3:$X$9,6,FALSE) -> 0.22569444 | X12: =VLOOKUP($B12,$R$3:$X$9,7,FALSE) -> 0.26388889 | Y12: =VLOOKUP($B12,$R$3:$Z$9,8,FALSE) -> 0 | Z12: =VLOOKUP($B12,$R$3:$Z$9,9,FALSE) -> 60
B13: CARIB | C13: =[22]Brewhouse!$A752 -> CA643 | D13: =[22]Brewhouse!$AF752 -> 52.4 | E13: =[22]Brewhouse!$AI752 -> 50.4 | F13: =[22]Brewhouse!$V752 -> 64 | G13: =[22]Brewhouse!AG752 -> 11.9 | I13: =[22]Brewhouse!$AU752 -> 96.897137 | J13: =[22]Brewhouse!$AV752 -> 99.048382 | K13: =[22]Brewhouse!$Q752 -> 2.490566 | L13: =[22]Brewhouse!$P752 -> 60 | M13: =[22]Brewhouse!$U752-[22]Brewhouse!$T752 -> 0.11180556 | N13: =[22]Brewhouse!$Z752 -> 0.25625 | O13: =[22]Brewhouse!$AX752 -> R. Regis | R13: =B13 -> CARIB | S13: =VLOOKUP($B13,$R$3:$X$9,2,FALSE) -> 11.6 | T13: =VLOOKUP($B13,$R$3:$X$9,3,FALSE) -> 12 | U13: =VLOOKUP($B13,$R$3:$X$9,4,FALSE) -> 0 | V13: =VLOOKUP($B13,$R$3:$X$9,5,FALSE) -> 0.11805556 | W13: =VLOOKUP($B13,$R$3:$X$9,6,FALSE) -> 0.22569444 | X13: =VLOOKUP($B13,$R$3:$X$9,7,FALSE) -> 0.26388889 | Y13: =VLOOKUP($B13,$R$3:$Z$9,8,FALSE) -> 0 | Z13: =VLOOKUP($B13,$R$3:$Z$9,9,FALSE) -> 60
B14: CARIB | C14: =[22]Brewhouse!$A753 -> CA644 | D14: =[22]Brewhouse!$AF753 -> 53.3 | E14: =[22]Brewhouse!$AI753 -> 51.9 | F14: =[22]Brewhouse!$V753 -> 62 | G14: =[22]Brewhouse!AG753 -> 11.7 | I14: =[22]Brewhouse!$AU753 -> 98.379533 | J14: =[22]Brewhouse!$AV753 -> 100.56298 | K14: =[22]Brewhouse!$Q753 -> 1.5471698 | L14: =[22]Brewhouse!$P753 -> 57 | M14: =[22]Brewhouse!$U753-[22]Brewhouse!$T753 -> 0.10902778 | N14: =[22]Brewhouse!$Z753 -> 0.26041667 | O14: =[22]Brewhouse!$AX753 -> R. Regis | R14: =B14 -> CARIB | S14: =VLOOKUP($B14,$R$3:$X$9,2,FALSE) -> 11.6 | T14: =VLOOKUP($B14,$R$3:$X$9,3,FALSE) -> 12 | U14: =VLOOKUP($B14,$R$3:$X$9,4,FALSE) -> 0 | V14: =VLOOKUP($B14,$R$3:$X$9,5,FALSE) -> 0.11805556 | W14: =VLOOKUP($B14,$R$3:$X$9,6,FALSE) -> 0.22569444 | X14: =VLOOKUP($B14,$R$3:$X$9,7,FALSE) -> 0.26388889 | Y14: =VLOOKUP($B14,$R$3:$Z$9,8,FALSE) -> 0 | Z14: =VLOOKUP($B14,$R$3:$Z$9,9,FALSE) -> 60
B15: CARIB | C15: =[22]Brewhouse!$A754 -> CA645 | D15: =[22]Brewhouse!$AF754 -> 53 | E15: =[22]Brewhouse!$AI754 -> 51.1 | F15: =[22]Brewhouse!$V754 -> 63 | G15: =[22]Brewhouse!AG754 -> 11.6 | I15: =[22]Brewhouse!$AU754 -> 96.881645 | J15: =[22]Brewhouse!$AV754 -> 99.123478 | K15: =[22]Brewhouse!$Q754 -> 3.1851852 | L15: =[22]Brewhouse!$P754 -> 57 | M15: =[22]Brewhouse!$U754-[22]Brewhouse!$T754 -> 0.10069444 | N15: =[22]Brewhouse!$Z754 -> 0.24791667 | O15: =[22]Brewhouse!$AX754 -> R.Sookram | R15: =B15 -> CARIB | S15: =VLOOKUP($B15,$R$3:$X$9,2,FALSE) -> 11.6 | T15: =VLOOKUP($B15,$R$3:$X$9,3,FALSE) -> 12 | U15: =VLOOKUP($B15,$R$3:$X$9,4,FALSE) -> 0 | V15: =VLOOKUP($B15,$R$3:$X$9,5,FALSE) -> 0.11805556 | W15: =VLOOKUP($B15,$R$3:$X$9,6,FALSE) -> 0.22569444 | X15: =VLOOKUP($B15,$R$3:$X$9,7,FALSE) -> 0.26388889 | Y15: =VLOOKUP($B15,$R$3:$Z$9,8,FALSE) -> 0 | Z15: =VLOOKUP($B15,$R$3:$Z$9,9,FALSE) -> 60
B16: CARIB | C16: =[22]Brewhouse!$A755 -> CA646 | D16: =[22]Brewhouse!$AF755 -> 53.3 | E16: =[22]Brewhouse!$AI755 -> 51.6 | F16: =[22]Brewhouse!$V755 -> 71 | G16: =[22]Brewhouse!AG755 -> 11.6 | I16: =[22]Brewhouse!$AU755 -> 97.829607 | J16: =[22]Brewhouse!$AV755 -> 100.09338 | K16: =[22]Brewhouse!$Q755 -> 2.6296296 | L16: =[22]Brewhouse!$P755 -> 58 | M16: =[22]Brewhouse!$U755-[22]Brewhouse!$T755 -> 0.10833333 | N16: =[22]Brewhouse!$Z755 -> 0.25833333 | O16: =[22]Brewhouse!$AX755 -> R.Sookram | R16: =B16 -> CARIB | S16: =VLOOKUP($B16,$R$3:$X$9,2,FALSE) -> 11.6 | T16: =VLOOKUP($B16,$R$3:$X$9,3,FALSE) -> 12 | U16: =VLOOKUP($B16,$R$3:$X$9,4,FALSE) -> 0 | V16: =VLOOKUP($B16,$R$3:$X$9,5,FALSE) -> 0.11805556 | W16: =VLOOKUP($B16,$R$3:$X$9,6,FALSE) -> 0.22569444 | X16: =VLOOKUP($B16,$R$3:$X$9,7,FALSE) -> 0.26388889 | Y16: =VLOOKUP($B16,$R$3:$Z$9,8,FALSE) -> 0 | Z16: =VLOOKUP($B16,$R$3:$Z$9,9,FALSE) -> 60
B17: CARIB | C17: =[22]Brewhouse!$A756 -> CA647 | D17: =[22]Brewhouse!$AF756 -> 53.8 | E17: =[22]Brewhouse!$AI756 -> 52 | F17: =[22]Brewhouse!$V756 -> 57 | G17: =[22]Brewhouse!AG756 -> 11.9 | I17: =[22]Brewhouse!$AU756 -> 101.3982 | J17: =[22]Brewhouse!$AV756 -> 103.74442 | K17: =[22]Brewhouse!$Q756 -> 2.4444444 | L17: =[22]Brewhouse!$P756 -> 58 | M17: =[22]Brewhouse!$U756-[22]Brewhouse!$T756 -> 0.10416667 | N17: =[22]Brewhouse!$Z756 -> 0.25069444 | O17: =[22]Brewhouse!$AX756 -> R.Sookram | R17: =B17 -> CARIB | S17: =VLOOKUP($B17,$R$3:$X$9,2,FALSE) -> 11.6 | T17: =VLOOKUP($B17,$R$3:$X$9,3,FALSE) -> 12 | U17: =VLOOKUP($B17,$R$3:$X$9,4,FALSE) -> 0 | V17: =VLOOKUP($B17,$R$3:$X$9,5,FALSE) -> 0.11805556 | W17: =VLOOKUP($B17,$R$3:$X$9,6,FALSE) -> 0.22569444 | X17: =VLOOKUP($B17,$R$3:$X$9,7,FALSE) -> 0.26388889 | Y17: =VLOOKUP($B17,$R$3:$Z$9,8,FALSE) -> 0 | Z17: =VLOOKUP($B17,$R$3:$Z$9,9,FALSE) -> 60
B18: CARIB | C18: =[22]Brewhouse!$A757 -> CA648 | D18: =[22]Brewhouse!$AF757 -> 52 | E18: =[22]Brewhouse!$AI757 -> 51 | F18: =[22]Brewhouse!$V757 -> 58 | G18: =[22]Brewhouse!AG757 -> 11.8 | I18: =[22]Brewhouse!$AU757 -> 98.447189 | J18: =[22]Brewhouse!$AV757 -> 100.72525 | K18: =[22]Brewhouse!$Q757 -> 3.245283 | L18: =[22]Brewhouse!$P757 -> 63 | M18: =[22]Brewhouse!$U757-[22]Brewhouse!$T757 -> 0.11944444 | N18: =[22]Brewhouse!$Z757 -> 0.2625 | O18: =[22]Brewhouse!$AX757 -> K.Benjamin | R18: =B18 -> CARIB | S18: =VLOOKUP($B18,$R$3:$X$9,2,FALSE) -> 11.6 | T18: =VLOOKUP($B18,$R$3:$X$9,3,FALSE) -> 12 | U18: =VLOOKUP($B18,$R$3:$X$9,4,FALSE) -> 0 | V18: =VLOOKUP($B18,$R$3:$X$9,5,FALSE) -> 0.11805556 | W18: =VLOOKUP($B18,$R$3:$X$9,6,FALSE) -> 0.22569444 | X18: =VLOOKUP($B18,$R$3:$X$9,7,FALSE) -> 0.26388889 | Y18: =VLOOKUP($B18,$R$3:$Z$9,8,FALSE) -> 0 | Z18: =VLOOKUP($B18,$R$3:$Z$9,9,FALSE) -> 60
B19: CARIB | C19: =[22]Brewhouse!$A758 -> CA649 | D19: =[22]Brewhouse!$AF758 -> 52.7 | E19: =[22]Brewhouse!$AI758 -> 49.8 | F19: =[22]Brewhouse!$V758 -> 55 | G19: =[22]Brewhouse!AG758 -> 11.7 | I19: =[22]Brewhouse!$AU758 -> 94.631693 | J19: =[22]Brewhouse!$AV758 -> 96.731498 | K19: =[22]Brewhouse!$Q758 -> 1.9245283 | L19: =[22]Brewhouse!$P758 -> 59 | M19: =[22]Brewhouse!$U758-[22]Brewhouse!$T758 -> 0.10833333 | N19: =[22]Brewhouse!$Z758 -> 0.25 | O19: =[22]Brewhouse!$AX758 -> K.Benjamin | R19: =B19 -> CARIB | S19: =VLOOKUP($B19,$R$3:$X$9,2,FALSE) -> 11.6 | T19: =VLOOKUP($B19,$R$3:$X$9,3,FALSE) -> 12 | U19: =VLOOKUP($B19,$R$3:$X$9,4,FALSE) -> 0 | V19: =VLOOKUP($B19,$R$3:$X$9,5,FALSE) -> 0.11805556 | W19: =VLOOKUP($B19,$R$3:$X$9,6,FALSE) -> 0.22569444 | X19: =VLOOKUP($B19,$R$3:$X$9,7,FALSE) -> 0.26388889 | Y19: =VLOOKUP($B19,$R$3:$Z$9,8,FALSE) -> 0 | Z19: =VLOOKUP($B19,$R$3:$Z$9,9,FALSE) -> 60
R20: =B20 -> 0 | S20: =VLOOKUP($B20,$R$3:$X$9,2,FALSE) -> #N/A | T20: =VLOOKUP($B20,$R$3:$X$9,3,FALSE) -> #N/A | U20: =VLOOKUP($B20,$R$3:$X$9,4,FALSE) -> #N/A | V20: =VLOOKUP($B20,$R$3:$X$9,5,FALSE) -> #N/A | W20: =VLOOKUP($B20,$R$3:$X$9,6,FALSE) -> #N/A | X20: =VLOOKUP($B20,$R$3:$X$9,7,FALSE) -> #N/A | Y20: =VLOOKUP($B20,$R$3:$Z$9,8,FALSE) -> #N/A | Z20: =VLOOKUP($B20,$R$3:$Z$9,9,FALSE) -> #N/A
R21: =B21 -> 0 | S21: =VLOOKUP($B21,$R$3:$X$9,2,FALSE) -> #N/A | T21: =VLOOKUP($B21,$R$3:$X$9,3,FALSE) -> #N/A | U21: =VLOOKUP($B21,$R$3:$X$9,4,FALSE) -> #N/A | V21: =VLOOKUP($B21,$R$3:$X$9,5,FALSE) -> #N/A | W21: =VLOOKUP($B21,$R$3:$X$9,6,FALSE) -> #N/A | X21: =VLOOKUP($B21,$R$3:$X$9,7,FALSE) -> #N/A | Y21: =VLOOKUP($B21,$R$3:$Z$9,8,FALSE) -> #N/A | Z21: =VLOOKUP($B21,$R$3:$Z$9,9,FALSE) -> #N/A
R22: =B22 -> 0 | S22: =VLOOKUP($B22,$R$3:$X$9,2,FALSE) -> #N/A | T22: =VLOOKUP($B22,$R$3:$X$9,3,FALSE) -> #N/A | U22: =VLOOKUP($B22,$R$3:$X$9,4,FALSE) -> #N/A | V22: =VLOOKUP($B22,$R$3:$X$9,5,FALSE) -> #N/A | W22: =VLOOKUP($B22,$R$3:$X$9,6,FALSE) -> #N/A | X22: =VLOOKUP($B22,$R$3:$X$9,7,FALSE) -> #N/A | Y22: =VLOOKUP($B22,$R$3:$Z$9,8,FALSE) -> #N/A | Z22: =VLOOKUP($B22,$R$3:$Z$9,9,FALSE) -> #N/A
R23: =B23 -> 0 | S23: =VLOOKUP($B23,$R$3:$X$9,2,FALSE) -> #N/A | T23: =VLOOKUP($B23,$R$3:$X$9,3,FALSE) -> #N/A | U23: =VLOOKUP($B23,$R$3:$X$9,4,FALSE) -> #N/A | V23: =VLOOKUP($B23,$R$3:$X$9,5,FALSE) -> #N/A | W23: =VLOOKUP($B23,$R$3:$X$9,6,FALSE) -> #N/A | X23: =VLOOKUP($B23,$R$3:$X$9,7,FALSE) -> #N/A | Y23: =VLOOKUP($B23,$R$3:$Z$9,8,FALSE) -> #N/A | Z23: =VLOOKUP($B23,$R$3:$Z$9,9,FALSE) -> #N/A
R24: =B24 -> 0 | S24: =VLOOKUP($B24,$R$3:$X$9,2,FALSE) -> #N/A | T24: =VLOOKUP($B24,$R$3:$X$9,3,FALSE) -> #N/A | U24: =VLOOKUP($B24,$R$3:$X$9,4,FALSE) -> #N/A | V24: =VLOOKUP($B24,$R$3:$X$9,5,FALSE) -> #N/A | W24: =VLOOKUP($B24,$R$3:$X$9,6,FALSE) -> #N/A | X24: =VLOOKUP($B24,$R$3:$X$9,7,FALSE) -> #N/A | Y24: =VLOOKUP($B24,$R$3:$Z$9,8,FALSE) -> #N/A | Z24: =VLOOKUP($B24,$R$3:$Z$9,9,FALSE) -> #N/A
R25: =B25 -> 0 | S25: =VLOOKUP($B25,$R$3:$X$9,2,FALSE) -> #N/A | T25: =VLOOKUP($B25,$R$3:$X$9,3,FALSE) -> #N/A | U25: =VLOOKUP($B25,$R$3:$X$9,4,FALSE) -> #N/A | V25: =VLOOKUP($B25,$R$3:$X$9,5,FALSE) -> #N/A | W25: =VLOOKUP($B25,$R$3:$X$9,6,FALSE) -> #N/A | X25: =VLOOKUP($B25,$R$3:$X$9,7,FALSE) -> #N/A | Y25: =VLOOKUP($B25,$R$3:$Z$9,8,FALSE) -> #N/A | Z25: =VLOOKUP($B25,$R$3:$Z$9,9,FALSE) -> #N/A
R26: =B26 -> 0 | S26: =VLOOKUP($B26,$R$3:$X$9,2,FALSE) -> #N/A | T26: =VLOOKUP($B26,$R$3:$X$9,3,FALSE) -> #N/A | U26: =VLOOKUP($B26,$R$3:$X$9,4,FALSE) -> #N/A | V26: =VLOOKUP($B26,$R$3:$X$9,5,FALSE) -> #N/A | W26: =VLOOKUP($B26,$R$3:$X$9,6,FALSE) -> #N/A | X26: =VLOOKUP($B26,$R$3:$X$9,7,FALSE) -> #N/A | Y26: =VLOOKUP($B26,$R$3:$Z$9,8,FALSE) -> #N/A | Z26: =VLOOKUP($B26,$R$3:$Z$9,9,FALSE) -> #N/A
B27: BRAND | D27: BBT P.G./ O.G | I27: Brand | J27: Actual | K27: MTD No. of Brews | L27: MTD | M27: YTD | N27: Target | R27: =B27 -> BRAND | S27: =VLOOKUP($B27,$R$3:$X$9,2,FALSE) -> #N/A | T27: =VLOOKUP($B27,$R$3:$X$9,3,FALSE) -> #N/A | U27: =VLOOKUP($B27,$R$3:$X$9,4,FALSE) -> #N/A | V27: =VLOOKUP($B27,$R$3:$X$9,5,FALSE) -> #N/A | W27: =VLOOKUP($B27,$R$3:$X$9,6,FALSE) -> #N/A | X27: =VLOOKUP($B27,$R$3:$X$9,7,FALSE) -> #N/A | Y27: =VLOOKUP($B27,$R$3:$Z$9,8,FALSE) -> #N/A | Z27: =VLOOKUP($B27,$R$3:$Z$9,9,FALSE) -> #N/A
B28: =I34 -> STARMALT | I28: CARIB | J28: =AVERAGE(I10:I19) -> 97.282565 | K28: =COUNTA([22]Brewhouse!$A$740:$A$758) -> 19 | L28: =AVERAGE([22]Brewhouse!$AU$740:$AU$758) -> 97.561908 | M28: =AVERAGE([22]Brewhouse!$AU$102:$AU$171,[22]Brewhouse!$AU$173:$AU$253,[22]Brewhouse!$AU$255:$AU$339,[22]Brewhouse!$AU$341:$AU$346,[22]Brewhouse!$AU$348,[22]Brewhouse!$AU$349:$AU$406,[22]Brewhouse!$AU$408:$AU$491,[22]Brewhouse!$AU$493:$AU$578,[22]Brewhouse!$AU$580:$AU$652,[22]Brewhouse!$AU$655:$AU$758) -> 97.701446 | N28: 98 | R28: =B28 -> STARMALT | S28: =VLOOKUP($B28,$R$3:$X$9,2,FALSE) -> 17 | T28: =VLOOKUP($B28,$R$3:$X$9,3,FALSE) -> 17.4 | U28: =VLOOKUP($B28,$R$3:$X$9,4,FALSE) -> 0 | V28: =VLOOKUP($B28,$R$3:$X$9,5,FALSE) -> 0.13605324 | W28: =VLOOKUP($B28,$R$3:$X$9,6,FALSE) -> 0.27430556 | X28: =VLOOKUP($B28,$R$3:$X$9,7,FALSE) -> 0.30902778 | Y28: =VLOOKUP($B28,$R$3:$Z$9,8,FALSE) -> 0 | Z28: =VLOOKUP($B28,$R$3:$Z$9,9,FALSE) -> 85
I29: STAG | M29: =AVERAGE([24]Brewhouse!$AS$15:$AS$64,[24]Brewhouse!$AS$66:$AS$103,[24]Brewhouse!$AS$105:$AS$140,[24]Brewhouse!$AS$142:$AS$193,[24]Brewhouse!$AS$195:$AS$240,[24]Brewhouse!$AS$242:$AS$273,[24]Brewhouse!$AS$275:$AS$322,[24]Brewhouse!$AS$324:$AS$359) -> 98.06549 | N29: 98 | R29: =B29 -> 0 | S29: =VLOOKUP($B29,$R$3:$X$9,2,FALSE) -> #N/A | T29: =VLOOKUP($B29,$R$3:$X$9,3,FALSE) -> #N/A | U29: =VLOOKUP($B29,$R$3:$X$9,4,FALSE) -> #N/A | V29: =VLOOKUP($B29,$R$3:$X$9,5,FALSE) -> #N/A | W29: =VLOOKUP($B29,$R$3:$X$9,6,FALSE) -> #N/A | X29: =VLOOKUP($B29,$R$3:$X$9,7,FALSE) -> #N/A | Y29: =VLOOKUP($B29,$R$3:$Z$9,8,FALSE) -> #N/A | Z29: =VLOOKUP($B29,$R$3:$Z$9,9,FALSE) -> #N/A
I30: GUINNESS | M30: =AVERAGE([25]Brewhouse!$AU$4:$AU$7,[25]Brewhouse!$AU$9:$AU$22,[25]Brewhouse!$AU$24:$AU$35,[25]Brewhouse!$AU$37:$AU$45,[25]Brewhouse!$AU$47:$AU$62,[25]Brewhouse!$AU$64:$AU$79,[25]Brewhouse!$AU$81:$AU$92) -> 96.938185 | N30: 98 | R30: =B30 -> 0 | S30: =VLOOKUP($B30,$R$3:$X$9,2,FALSE) -> #N/A | T30: =VLOOKUP($B30,$R$3:$X$9,3,FALSE) -> #N/A | U30: =VLOOKUP($B30,$R$3:$X$9,4,FALSE) -> #N/A | V30: =VLOOKUP($B30,$R$3:$X$9,5,FALSE) -> #N/A | W30: =VLOOKUP($B30,$R$3:$X$9,6,FALSE) -> #N/A | X30: =VLOOKUP($B30,$R$3:$X$9,7,FALSE) -> #N/A | Y30: =VLOOKUP($B30,$R$3:$Z$9,8,FALSE) -> #N/A | Z30: =VLOOKUP($B30,$R$3:$Z$9,9,FALSE) -> #N/A
I31: VITAMALT | M31: =AVERAGE([26]Brewhouse!$AV$5:$AV$14,[26]Brewhouse!$AV$16:$AV$19,[26]Brewhouse!$AV$21:$AV$24,[26]Brewhouse!$AV$26:$AV$33,[26]Brewhouse!$AV$35:$AV$46,[26]Brewhouse!$AV$48:$AV$53,[26]Brewhouse!$AV$55:$AV$62,[26]Brewhouse!$AV$64:$AV$77) -> 98.521411 | N31: 98 | R31: =B31 -> 0 | S31: =VLOOKUP($B31,$R$3:$X$9,2,FALSE) -> #N/A | T31: =VLOOKUP($B31,$R$3:$X$9,3,FALSE) -> #N/A | U31: =VLOOKUP($B31,$R$3:$X$9,4,FALSE) -> #N/A | V31: =VLOOKUP($B31,$R$3:$X$9,5,FALSE) -> #N/A | W31: =VLOOKUP($B31,$R$3:$X$9,6,FALSE) -> #N/A | X31: =VLOOKUP($B31,$R$3:$X$9,7,FALSE) -> #N/A | Y31: =VLOOKUP($B31,$R$3:$Z$9,8,FALSE) -> #N/A | Z31: =VLOOKUP($B31,$R$3:$Z$9,9,FALSE) -> #N/A
I32: MAXIMALT | N32: 98 | R32: =B32 -> 0 | S32: =VLOOKUP($B32,$R$3:$X$9,2,FALSE) -> #N/A | T32: =VLOOKUP($B32,$R$3:$X$9,3,FALSE) -> #N/A | U32: =VLOOKUP($B32,$R$3:$X$9,4,FALSE) -> #N/A | V32: =VLOOKUP($B32,$R$3:$X$9,5,FALSE) -> #N/A | W32: =VLOOKUP($B32,$R$3:$X$9,6,FALSE) -> #N/A | X32: =VLOOKUP($B32,$R$3:$X$9,7,FALSE) -> #N/A | Y32: =VLOOKUP($B32,$R$3:$Z$9,8,FALSE) -> #N/A | Z32: =VLOOKUP($B32,$R$3:$Z$9,9,FALSE) -> #N/A
I33: MACKESON | M33: =AVERAGE([27]Brewhouse!$AT$4:$AT$11,[27]Brewhouse!$AT$13:$AT$16,[27]Brewhouse!$AT$18:$AT$21,[27]Brewhouse!$AT$26) -> 94.588058 | N33: 98
I34: STARMALT | K34: =COUNTA([23]Brewhouse!$A$75:$A$82) -> 8 | L34: =AVERAGE([23]Brewhouse!$AY$75:$AY$82) -> 97.738838 | M34: =AVERAGE([23]Brewhouse!$AY$6:$AY$13,[23]Brewhouse!$AY$15:$AY$20,[23]Brewhouse!$AY$22:$AY$29,[23]Brewhouse!$AY$31:$AY$34,[23]Brewhouse!$AY$36:$AY$43,[23]Brewhouse!$AY$45:$AY$50, [23]Brewhouse!$AY$56:$AY$73,[23]Brewhouse!$AY$75:$AY$82) -> 97.409216 | N34: 98
I35: HR- Pils | M35: =AVERAGE([28]Brewhouse!$AU$5:$AU$8,[28]Brewhouse!$AU$10:$AU$13,[23]Brewhouse!$AY$75:$AY$77) -> 94.749192 | N35: 98
I36: HR- IPA | M36: =AVERAGE([29]Brewhouse!$AW$26:$AW$27) -> 95.310681 | N36: 98
I37: HR- APA | M37: =AVERAGE([30]Brewhouse!$AU$13:$AU$14) -> 97.110575 | N37: 98
K38: =SUM(K28:K37) -> 27 | L38: =((L28*K28)+(L29*K29)+(L30*K30)+(L31*K31)+(L32*K32)+(K35*L35)+(L33*K33)+(L34*K34)+(L37*K37))/(K38) -> 97.614332 | M38: =AVERAGE('[31]Jan 31st'!$L$65,'[32]Feb 28th'!$L$35,'[33]Mar. 31st'!$L$35,'[34]Apr. 30th'!$L$45,'[35]May 30th'!$L$37,'[36]June 30th'!$L$57,L38) -> 97.65232 | N38: 98
J40: Daily Brewing Plan
J41: Brand | K41: Brews Achieved | L41: Average Brews per day
J42: CARIB | K42: 10 | L42: MTD | M42: YTD | N42: TARGET
J43: STAG | L43: =AVERAGE('Sept 1st'!K53,'Sept 2nd'!K51,K52) -> 9 | M43: =AVERAGE('[31]Jan 29th '!$M$70,'[32]Feb 28th'!$L$40,'[33]Mar. 31st'!$L$40,'[34]Apr. 30th'!$L$50,'[35]May 30th'!$L$42,'[36]June 30th'!$L$62,'[37]July 29th '!$L$49,'[38]Aug 29th'!$L$34,L43) -> 7.1814118 | N43: 9.2
J44: GUINN
J45: VITAMALT
J46: STARMALT
J47: MACKESON
J48: HURRICANE REEF- IPA
J49: HURRICANE REEF- APA
B50: AVERAGE | D50: =AVERAGE(D28:E49) -> #DIV/0! | J50: HR- PILSNER
J51: CARIBE
J52: Total | K52: =SUM(K42:K51) -> 10
B53: Process: | C53: Fermentation/Filtration
B55: Brand | C55: Filt. Date | D55: FV Hls | E55: GFE/ Prim/ Vita Blend (Hls) | F55: SV Hls | G55: BBT Hls | H55: Loss (%) Ferm | I55: Loss (%) Filt | J55: Comments | K55: Throughput | L55: Process Loss (%) | M55: Filt. Operator
AB56: 43474 | AC56: 43475 | AD56: 43476 | AE56: 43477 | AF56: 43478 | AG56: 43479 | AH56: 43480 | AI56: 43481 | AJ56: 43482 | AK56: 43483 | AL56: 43484 | AM56: 43485 | AN56: 43486 | AO56: 43487 | AP56: 43488 | AQ56: 43489 | AR56: 43490 | AS56: 43491 | AT56: 43492 | AU56: 43493 | AV56: 43494 | AW56: 43495 | AX56: 43496
B57: =J46 -> STARMALT | C57: 45903 | D57: =[39]September_2025!$F$55 -> 416.3 | G57: =[39]September_2025!$F$59 -> 402.3 | J57: NO BREAK | K57: =[40]September_2025!$F$53 -> 1.4115789 | L57: =(((D57+E57)-G57)/(D57+E57))*100 -> 3.3629594 | M57: G. Mason | AB57: =[20]January_2019!L7 -> 285.8 | AC57: =[20]January_2019!M7 -> 508.1 | AD57: =[20]January_2019!N7 -> 0 | AE57: =[20]January_2019!O7 -> 0 | AF57: =[20]January_2019!P7 -> 109.56667 | AG57: =[20]January_2019!Q7 -> 297.65 | AH57: =[20]January_2019!R7 -> 122.3 | AI57: =[20]January_2019!S7 -> 0 | ... AX57: =[20]January_2019!AH7 -> 0
J61: NO SBF | L61: =(((D61+E61)-G61)/(D61+E61))*100 -> #DIV/0!
B64: Process Loss (Volume) | G64: Process Loss (Extract) | K64: Throughput
B65: Brand | C65: Actual | D65: MTD | E65: YTD | F65: Target | G65: Actual | H65: MTD | I65: YTD | J65: Target | K65: Actual | L65: MTD | M65: YTD | N65: Target
B66: CARIB | F66: 4.8 | J66: 4.8 | N66: 1
B67: STAG | F67: 4.8 | J67: 4.8 | N67: 1
B68: GUINN | F68: 5.5 | J68: 5.5 | N68: 1
B69: VITAMALT | F69: 3.3 | J69: 3.3 | N69: 1
B70: APA | F70: 3.3 | J70: 3 | N70: 1
B71: MACKESON | F71: =[21]May_2022!$M$43 -> 3.4878407 | J71: 5.5 | N71: 1
B72: STARMALT | C72: =L57 -> 3.3629594 | F72: 3.3 | G72: =[39]September_2025!$F$63 -> 4.3098656 | J72: 3.3 | K72: =K57 -> 1.4115789 | N72: 1
B73: IPA | F73: 7.5 | J73: 7.5 | N73: 1
B74: HURRICANE REEF PILS | F74: 4.8 | J74: 4.8 | N74: 1
F75: 5.5 | J75: 5.5 | N75: 1

Sheet Sept 4th
S1: P.G. | U1: Hot Time | W1: Process Time | Y1: Cooling Time
B2: Brewing Department Daily Process Loss Report | S2: Lower | T2: Upper | U2: Lower | V2: Upper | W2: Lower | X2: Upper | Y2: Lower | Z2: Upper
R3: CARIB | S3: 11.6 | T3: 12 | U3: 0 | V3: 0.11805556 | W3: 0.22569444 | X3: 0.26388889 | Y3: 0 | Z3: 60 | AB3: HR- PISNER
B4: Date: | C4: 45905 | J4: LOT WORT COLOUR: 3.5 | M4: Filter Sheets (Target 20 days) | R4: STAG | S4: 11.6 | T4: 12 | U4: 0 | V4: 0.11805556 | W4: 0.22569444 | X4: 0.26388889 | Y4: 0 | Z4: 60
M5: Double | N5: Single | R5: GUINNESS | S5: 17 | T5: 17.5 | U5: 0 | V5: 0.10763889 | W5: 0.24652778 | X5: 0.28472222 | Y5: 0 | Z5: 60
J6: MALT LOT: Lot #44 | L6: Sheet Day | R6: MACKESON | S6: 13.3 | T6: 13.5 | U6: 0 | V6: 0.12905093 | W6: 0.27430556 | X6: 0.30208333 | Y6: 0
R7: STARMALT | S7: 17 | T7: 17.4 | U7: 0 | V7: 0.13605324 | W7: 0.27430556 | X7: 0.30902778 | Y7: 0 | Z7: 85
B8: Brand | C8: Brew no. | D8: Kett. Hls | E8: Wort | F8: Cool Time(Mins) | G8: Cast. P.G. (Lab Result) | H8: Cast P.G. (Cellar Operator)-gravity | I8: Extr. Rec (77.9%) | J8: Theor. Extr. (77.5%) | K8: Boil Off /Vol. (4-6%) | L8: Boil Time | M8: Total Hot | N8: Brewing | O8: Operator | R8: Hurricane Reef | S8: 16.6 | T8: 17 | U8: 0 | V8: 0.12905093 | W8: 0.27430556 | X8: 0.30208333 | Y8: 0
E9: Meter (Hls) | F9: Target(< 60Mins) | M9: Time | R9: VITAMALT | S9: 14.2 | T9: 14.6 | U9: 0 | V9: 0.13905093 | W9: 0.26041667 | X9: 0.29513889 | Y9: 0 | Z9: 75
B10: CARIB | C10: =[22]Brewhouse!$A759 -> CA650 | D10: =[22]Brewhouse!$AF759 -> 52.2 | E10: =[22]Brewhouse!$AI759 -> 51.3 | F10: =[22]Brewhouse!$V759 -> 64 | G10: =[22]Brewhouse!AG759 -> 11.7 | I10: =[22]Brewhouse!$AU759 -> 97.72308 | J10: =[22]Brewhouse!$AV759 -> 99.891004 | K10: =[22]Brewhouse!$Q759 -> 2.8679245 | L10: =[22]Brewhouse!$P759 -> 60 | M10: =[22]Brewhouse!$U759-[22]Brewhouse!$T759 -> 0.11180556 | N10: =[22]Brewhouse!$Z759 -> 0.24236111 | O10: =[22]Brewhouse!$AX759 -> K.Benjamin | R10: =B10 -> CARIB | S10: =VLOOKUP($B10,$R$3:$X$9,2,FALSE) -> 11.6 | T10: =VLOOKUP($B10,$R$3:$X$9,3,FALSE) -> 12 | U10: =VLOOKUP($B10,$R$3:$X$9,4,FALSE) -> 0 | V10: =VLOOKUP($B10,$R$3:$X$9,5,FALSE) -> 0.11805556 | W10: =VLOOKUP($B10,$R$3:$X$9,6,FALSE) -> 0.22569444 | X10: =VLOOKUP($B10,$R$3:$X$9,7,FALSE) -> 0.26388889 | Y10: =VLOOKUP($B10,$R$3:$Z$9,8,FALSE) -> 0 | Z10: =VLOOKUP($B10,$R$3:$Z$9,9,FALSE) -> 60
B11: CARIB | C11: =[22]Brewhouse!$A760 -> CA651 | D11: =[22]Brewhouse!$AF760 -> 53.5 | E11: =[22]Brewhouse!$AI760 -> 51.7 | F11: =[22]Brewhouse!$V760 -> 62 | G11: =[22]Brewhouse!AG760 -> 11.6 | I11: =[22]Brewhouse!$AU760 -> 97.599252 | J11: =[22]Brewhouse!$AV760 -> 99.764429 | K11: =[22]Brewhouse!$Q760 -> 0.60263653 | L11: =[22]Brewhouse!$P760 -> 61 | M11: =[22]Brewhouse!$U760-[22]Brewhouse!$T760 -> 0.10972222 | N11: =[22]Brewhouse!$Z760 -> 0.25555556 | O11: =[22]Brewhouse!$AX760 -> R. Regis | R11: =B11 -> CARIB | S11: =VLOOKUP($B11,$R$3:$X$9,2,FALSE) -> 11.6 | T11: =VLOOKUP($B11,$R$3:$X$9,3,FALSE) -> 12 | U11: =VLOOKUP($B11,$R$3:$X$9,4,FALSE) -> 0 | V11: =VLOOKUP($B11,$R$3:$X$9,5,FALSE) -> 0.11805556 | W11: =VLOOKUP($B11,$R$3:$X$9,6,FALSE) -> 0.22569444 | X11: =VLOOKUP($B11,$R$3:$X$9,7,FALSE) -> 0.26388889 | Y11: =VLOOKUP($B11,$R$3:$Z$9,8,FALSE) -> 0 | Z11: =VLOOKUP($B11,$R$3:$Z$9,9,FALSE) -> 60
B12: CARIB | C12: =[22]Brewhouse!$A761 -> CA652 | D12: =[22]Brewhouse!$AF761 -> 53.2 | E12: =[22]Brewhouse!$AI761 -> 51.3 | F12: =[22]Brewhouse!$V761 -> 63 | G12: =[22]Brewhouse!AG761 -> 11.7 | I12: =[22]Brewhouse!$AU761 -> 97.482046 | J12: =[22]Brewhouse!$AV761 -> 99.645098 | K12: =[22]Brewhouse!$Q761 -> 1.1676083 | L12: =[22]Brewhouse!$P761 -> 61 | M12: =[22]Brewhouse!$U761-[22]Brewhouse!$T761 -> 0.11319444 | N12: =[22]Brewhouse!$Z761 -> 0.27569444 | O12: =[22]Brewhouse!$AX761 -> R. Regis | R12: =B12 -> CARIB | S12: =VLOOKUP($B12,$R$3:$X$9,2,FALSE) -> 11.6 | T12: =VLOOKUP($B12,$R$3:$X$9,3,FALSE) -> 12 | U12: =VLOOKUP($B12,$R$3:$X$9,4,FALSE) -> 0 | V12: =VLOOKUP($B12,$R$3:$X$9,5,FALSE) -> 0.11805556 | W12: =VLOOKUP($B12,$R$3:$X$9,6,FALSE) -> 0.22569444 | X12: =VLOOKUP($B12,$R$3:$X$9,7,FALSE) -> 0.26388889 | Y12: =VLOOKUP($B12,$R$3:$Z$9,8,FALSE) -> 0 | Z12: =VLOOKUP($B12,$R$3:$Z$9,9,FALSE) -> 60
B13: CARIB | C13: =[22]Brewhouse!$A762 -> CA653 | D13: =[22]Brewhouse!$AF762 -> 53.8 | E13: =[22]Brewhouse!$AI762 -> 52.2 | F13: =[22]Brewhouse!$V762 -> 66 | G13: =[22]Brewhouse!AG762 -> 12 | I13: =[22]Brewhouse!$AU762 -> 102.68753 | J13: =[22]Brewhouse!$AV762 -> 105.06358 | K13: =[22]Brewhouse!$Q762 -> 0.037664783 | L13: =[22]Brewhouse!$P762 -> 58 | M13: =[22]Brewhouse!$U762-[22]Brewhouse!$T762 -> 0.10347222 | N13: =[22]Brewhouse!$Z762 -> 0.26597222 | O13: =[22]Brewhouse!$AX762 -> R.Sookram | P13: Long heat up | R13: =B13 -> CARIB | S13: =VLOOKUP($B13,$R$3:$X$9,2,FALSE) -> 11.6 | T13: =VLOOKUP($B13,$R$3:$X$9,3,FALSE) -> 12 | U13: =VLOOKUP($B13,$R$3:$X$9,4,FALSE) -> 0 | V13: =VLOOKUP($B13,$R$3:$X$9,5,FALSE) -> 0.11805556 | W13: =VLOOKUP($B13,$R$3:$X$9,6,FALSE) -> 0.22569444 | X13: =VLOOKUP($B13,$R$3:$X$9,7,FALSE) -> 0.26388889 | Y13: =VLOOKUP($B13,$R$3:$Z$9,8,FALSE) -> 0 | Z13: =VLOOKUP($B13,$R$3:$Z$9,9,FALSE) -> 60
B14: CARIB | C14: =[22]Brewhouse!$A763 -> CA654 | D14: =[22]Brewhouse!$AF763 -> 54.5 | E14: =[22]Brewhouse!$AI763 -> 51.3 | F14: =[22]Brewhouse!$V763 -> 62 | G14: =[22]Brewhouse!AG763 -> 11.9 | I14: =[22]Brewhouse!$AU763 -> 99.785125 | J14: =[22]Brewhouse!$AV763 -> 102.09427 | K14: =[22]Brewhouse!$Q763 -> -0.52830189 | L14: =[22]Brewhouse!$P763 -> 58 | M14: =[22]Brewhouse!$U763-[22]Brewhouse!$T763 -> 0.10486111 | N14: =[22]Brewhouse!$Z763 -> 0.25416667 | O14: =[22]Brewhouse!$AX763 -> R.Sookram | R14: =B14 -> CARIB | S14: =VLOOKUP($B14,$R$3:$X$9,2,FALSE) -> 11.6 | T14: =VLOOKUP($B14,$R$3:$X$9,3,FALSE) -> 12 | U14: =VLOOKUP($B14,$R$3:$X$9,4,FALSE) -> 0 | V14: =VLOOKUP($B14,$R$3:$X$9,5,FALSE) -> 0.11805556 | W14: =VLOOKUP($B14,$R$3:$X$9,6,FALSE) -> 0.22569444 | X14: =VLOOKUP($B14,$R$3:$X$9,7,FALSE) -> 0.26388889 | Y14: =VLOOKUP($B14,$R$3:$Z$9,8,FALSE) -> 0 | Z14: =VLOOKUP($B14,$R$3:$Z$9,9,FALSE) -> 60
B15: CARIB | C15: =[22]Brewhouse!$A764 -> CA655 | D15: =[22]Brewhouse!$AF764 -> 55 | E15: =[22]Brewhouse!$AI764 -> 53.4 | F15: =[22]Brewhouse!$V764 -> 66 | G15: =[22]Brewhouse!AG764 -> 11.4 | I15: =[22]Brewhouse!$AU764 -> 99.651997 | J15: =[22]Brewhouse!$AV764 -> 101.95768 | K15: =[22]Brewhouse!$Q764 -> -0.52730697 | L15: =[22]Brewhouse!$P764 -> 58 | M15: =[22]Brewhouse!$U764-[22]Brewhouse!$T764 -> 0.10763889 | N15: =[22]Brewhouse!$Z764 -> 0.25763889 | O15: =[22]Brewhouse!$AX764 -> R.Sookram | R15: =B15 -> CARIB | S15: =VLOOKUP($B15,$R$3:$X$9,2,FALSE) -> 11.6 | T15: =VLOOKUP($B15,$R$3:$X$9,3,FALSE) -> 12 | U15: =VLOOKUP($B15,$R$3:$X$9,4,FALSE) -> 0 | V15: =VLOOKUP($B15,$R$3:$X$9,5,FALSE) -> 0.11805556 | W15: =VLOOKUP($B15,$R$3:$X$9,6,FALSE) -> 0.22569444 | X15: =VLOOKUP($B15,$R$3:$X$9,7,FALSE) -> 0.26388889 | Y15: =VLOOKUP($B15,$R$3:$Z$9,8,FALSE) -> 0 | Z15: =VLOOKUP($B15,$R$3:$Z$9,9,FALSE) -> 60
B16: CARIB | C16: =[22]Brewhouse!$A765 -> CA656 | D16: =[22]Brewhouse!$AF765 -> 53.4 | E16: =[22]Brewhouse!$AI765 -> 52.5 | F16: =[22]Brewhouse!$V765 -> 67 | G16: =[22]Brewhouse!AG765 -> 11.8 | I16: =[22]Brewhouse!$AU765 -> 101.34269 | J16: =[22]Brewhouse!$AV765 -> 103.68776 | K16: =[22]Brewhouse!$Q765 -> 0.60377358 | L16: =[22]Brewhouse!$P765 -> 58 | M16: =[22]Brewhouse!$U765-[22]Brewhouse!$T765 -> 0.10277778 | N16: =[22]Brewhouse!$Z765 -> 0.25486111 | O16: =[22]Brewhouse!$AX765 -> R.Sookram | R16: =B16 -> CARIB | S16: =VLOOKUP($B16,$R$3:$X$9,2,FALSE) -> 11.6 | T16: =VLOOKUP($B16,$R$3:$X$9,3,FALSE) -> 12 | U16: =VLOOKUP($B16,$R$3:$X$9,4,FALSE) -> 0 | V16: =VLOOKUP($B16,$R$3:$X$9,5,FALSE) -> 0.11805556 | W16: =VLOOKUP($B16,$R$3:$X$9,6,FALSE) -> 0.22569444 | X16: =VLOOKUP($B16,$R$3:$X$9,7,FALSE) -> 0.26388889 | Y16: =VLOOKUP($B16,$R$3:$Z$9,8,FALSE) -> 0 | Z16: =VLOOKUP($B16,$R$3:$Z$9,9,FALSE) -> 60
R17: =B17 -> 0 | S17: =VLOOKUP($B17,$R$3:$X$9,2,FALSE) -> #N/A | T17: =VLOOKUP($B17,$R$3:$X$9,3,FALSE) -> #N/A | U17: =VLOOKUP($B17,$R$3:$X$9,4,FALSE) -> #N/A | V17: =VLOOKUP($B17,$R$3:$X$9,5,FALSE) -> #N/A | W17: =VLOOKUP($B17,$R$3:$X$9,6,FALSE) -> #N/A | X17: =VLOOKUP($B17,$R$3:$X$9,7,FALSE) -> #N/A | Y17: =VLOOKUP($B17,$R$3:$Z$9,8,FALSE) -> #N/A | Z17: =VLOOKUP($B17,$R$3:$Z$9,9,FALSE) -> #N/A
R18: =B18 -> 0 | S18: =VLOOKUP($B18,$R$3:$X$9,2,FALSE) -> #N/A | T18: =VLOOKUP($B18,$R$3:$X$9,3,FALSE) -> #N/A | U18: =VLOOKUP($B18,$R$3:$X$9,4,FALSE) -> #N/A | V18: =VLOOKUP($B18,$R$3:$X$9,5,FALSE) -> #N/A | W18: =VLOOKUP($B18,$R$3:$X$9,6,FALSE) -> #N/A | X18: =VLOOKUP($B18,$R$3:$X$9,7,FALSE) -> #N/A | Y18: =VLOOKUP($B18,$R$3:$Z$9,8,FALSE) -> #N/A | Z18: =VLOOKUP($B18,$R$3:$Z$9,9,FALSE) -> #N/A
B19: STAG | C19: =[24]Brewhouse!$A361 -> ST339 | D19: =[24]Brewhouse!$AD361 -> 48 | E19: =[24]Brewhouse!$AG361 -> 47.7 | F19: =[24]Brewhouse!$V361 -> 53 | G19: =[24]Brewhouse!$AE361 -> 12 | I19: =[24]Brewhouse!$AS361 -> 97.124158 | J19: =[24]Brewhouse!$AT361 -> 98.972144 | K19: =[24]Brewhouse!$Q361 -> 12.884615 | L19: =[24]Brewhouse!$P361 -> 59 | M19: =[24]Brewhouse!$U361-[24]Brewhouse!$T361 -> 0.11458333 | N19: =[24]Brewhouse!$AW361 -> 0.25069444 | O19: =[24]Brewhouse!$AV361 -> R.Sookram | R19: =B19 -> STAG | S19: =VLOOKUP($B19,$R$3:$X$9,2,FALSE) -> 11.6 | T19: =VLOOKUP($B19,$R$3:$X$9,3,FALSE) -> 12 | U19: =VLOOKUP($B19,$R$3:$X$9,4,FALSE) -> 0 | V19: =VLOOKUP($B19,$R$3:$X$9,5,FALSE) -> 0.11805556 | W19: =VLOOKUP($B19,$R$3:$X$9,6,FALSE) -> 0.22569444 | X19: =VLOOKUP($B19,$R$3:$X$9,7,FALSE) -> 0.26388889 | Y19: =VLOOKUP($B19,$R$3:$Z$9,8,FALSE) -> 0 | Z19: =VLOOKUP($B19,$R$3:$Z$9,9,FALSE) -> 60
B20: STAG | C20: =[24]Brewhouse!$A362 -> ST340 | D20: =[24]Brewhouse!$AD362 -> 48.3 | E20: =[24]Brewhouse!$AG362 -> 48.9 | F20: =[24]Brewhouse!$V362 -> 72 | G20: =[24]Brewhouse!$AE362 -> 11.9 | I20: =[24]Brewhouse!$AS362 -> 96.949049 | J20: =[24]Brewhouse!$AT362 -> 98.802475 | K20: =[24]Brewhouse!$Q362 -> 11.923077 | L20: =[24]Brewhouse!$P362 -> 60 | M20: =[24]Brewhouse!$U362-[24]Brewhouse!$T362 -> 0.12708333 | N20: =[24]Brewhouse!$AW362 -> 0.25763889 | O20: =[24]Brewhouse!$AV362 -> K. Benjamin | R20: =B20 -> STAG | S20: =VLOOKUP($B20,$R$3:$X$9,2,FALSE) -> 11.6 | T20: =VLOOKUP($B20,$R$3:$X$9,3,FALSE) -> 12 | U20: =VLOOKUP($B20,$R$3:$X$9,4,FALSE) -> 0 | V20: =VLOOKUP($B20,$R$3:$X$9,5,FALSE) -> 0.11805556 | W20: =VLOOKUP($B20,$R$3:$X$9,6,FALSE) -> 0.22569444 | X20: =VLOOKUP($B20,$R$3:$X$9,7,FALSE) -> 0.26388889 | Y20: =VLOOKUP($B20,$R$3:$Z$9,8,FALSE) -> 0 | Z20: =VLOOKUP($B20,$R$3:$Z$9,9,FALSE) -> 60
B21: STAG | C21: =[24]Brewhouse!$A363 -> ST341 | D21: =[24]Brewhouse!$AD363 -> 48.6 | E21: =[24]Brewhouse!$AG363 -> 49 | F21: =[24]Brewhouse!$V363 -> 55 | G21: =[24]Brewhouse!$AE363 -> 12 | I21: =[24]Brewhouse!$AS363 -> 98.005638 | J21: =[24]Brewhouse!$AT363 -> 99.879263 | K21: =[24]Brewhouse!$Q363 -> 11.923077 | L21: =[24]Brewhouse!$P363 -> 57 | M21: =[24]Brewhouse!$U363-[24]Brewhouse!$T363 -> 0.12013889 | N21: =[24]Brewhouse!$AW363 -> 0.24791667 | O21: =[24]Brewhouse!$AV363 -> K. Benjamin | R21: =B21 -> STAG | S21: =VLOOKUP($B21,$R$3:$X$9,2,FALSE) -> 11.6 | T21: =VLOOKUP($B21,$R$3:$X$9,3,FALSE) -> 12 | U21: =VLOOKUP($B21,$R$3:$X$9,4,FALSE) -> 0 | V21: =VLOOKUP($B21,$R$3:$X$9,5,FALSE) -> 0.11805556 | W21: =VLOOKUP($B21,$R$3:$X$9,6,FALSE) -> 0.22569444 | X21: =VLOOKUP($B21,$R$3:$X$9,7,FALSE) -> 0.26388889 | Y21: =VLOOKUP($B21,$R$3:$Z$9,8,FALSE) -> 0 | Z21: =VLOOKUP($B21,$R$3:$Z$9,9,FALSE) -> 60
R22: =B22 -> 0 | S22: =VLOOKUP($B22,$R$3:$X$9,2,FALSE) -> #N/A | T22: =VLOOKUP($B22,$R$3:$X$9,3,FALSE) -> #N/A | U22: =VLOOKUP($B22,$R$3:$X$9,4,FALSE) -> #N/A | V22: =VLOOKUP($B22,$R$3:$X$9,5,FALSE) -> #N/A | W22: =VLOOKUP($B22,$R$3:$X$9,6,FALSE) -> #N/A | X22: =VLOOKUP($B22,$R$3:$X$9,7,FALSE) -> #N/A | Y22: =VLOOKUP($B22,$R$3:$Z$9,8,FALSE) -> #N/A | Z22: =VLOOKUP($B22,$R$3:$Z$9,9,FALSE) -> #N/A
R23: =B23 -> 0 | S23: =VLOOKUP($B23,$R$3:$X$9,2,FALSE) -> #N/A | T23: =VLOOKUP($B23,$R$3:$X$9,3,FALSE) -> #N/A | U23: =VLOOKUP($B23,$R$3:$X$9,4,FALSE) -> #N/A | V23: =VLOOKUP($B23,$R$3:$X$9,5,FALSE) -> #N/A | W23: =VLOOKUP($B23,$R$3:$X$9,6,FALSE) -> #N/A | X23: =VLOOKUP($B23,$R$3:$X$9,7,FALSE) -> #N/A | Y23: =VLOOKUP($B23,$R$3:$Z$9,8,FALSE) -> #N/A | Z23: =VLOOKUP($B23,$R$3:$Z$9,9,FALSE) -> #N/A
R24: =B24 -> 0 | S24: =VLOOKUP($B24,$R$3:$X$9,2,FALSE) -> #N/A | T24: =VLOOKUP($B24,$R$3:$X$9,3,FALSE) -> #N/A | U24: =VLOOKUP($B24,$R$3:$X$9,4,FALSE) -> #N/A | V24: =VLOOKUP($B24,$R$3:$X$9,5,FALSE) -> #N/A | W24: =VLOOKUP($B24,$R$3:$X$9,6,FALSE) -> #N/A | X24: =VLOOKUP($B24,$R$3:$X$9,7,FALSE) -> #N/A | Y24: =VLOOKUP($B24,$R$3:$Z$9,8,FALSE) -> #N/A | Z24: =VLOOKUP($B24,$R$3:$Z$9,9,FALSE) -> #N/A
R25: =B25 -> 0 | S25: =VLOOKUP($B25,$R$3:$X$9,2,FALSE) -> #N/A | T25: =VLOOKUP($B25,$R$3:$X$9,3,FALSE) -> #N/A | U25: =VLOOKUP($B25,$R$3:$X$9,4,FALSE) -> #N/A | V25: =VLOOKUP($B25,$R$3:$X$9,5,FALSE) -> #N/A | W25: =VLOOKUP($B25,$R$3:$X$9,6,FALSE) -> #N/A | X25: =VLOOKUP($B25,$R$3:$X$9,7,FALSE) -> #N/A | Y25: =VLOOKUP($B25,$R$3:$Z$9,8,FALSE) -> #N/A | Z25: =VLOOKUP($B25,$R$3:$Z$9,9,FALSE) -> #N/A
R26: =B26 -> 0 | S26: =VLOOKUP($B26,$R$3:$X$9,2,FALSE) -> #N/A | T26: =VLOOKUP($B26,$R$3:$X$9,3,FALSE) -> #N/A | U26: =VLOOKUP($B26,$R$3:$X$9,4,FALSE) -> #N/A | V26: =VLOOKUP($B26,$R$3:$X$9,5,FALSE) -> #N/A | W26: =VLOOKUP($B26,$R$3:$X$9,6,FALSE) -> #N/A | X26: =VLOOKUP($B26,$R$3:$X$9,7,FALSE) -> #N/A | Y26: =VLOOKUP($B26,$R$3:$Z$9,8,FALSE) -> #N/A | Z26: =VLOOKUP($B26,$R$3:$Z$9,9,FALSE) -> #N/A
R27: =B27 -> 0 | S27: =VLOOKUP($B27,$R$3:$X$9,2,FALSE) -> #N/A | T27: =VLOOKUP($B27,$R$3:$X$9,3,FALSE) -> #N/A | U27: =VLOOKUP($B27,$R$3:$X$9,4,FALSE) -> #N/A | V27: =VLOOKUP($B27,$R$3:$X$9,5,FALSE) -> #N/A | W27: =VLOOKUP($B27,$R$3:$X$9,6,FALSE) -> #N/A | X27: =VLOOKUP($B27,$R$3:$X$9,7,FALSE) -> #N/A | Y27: =VLOOKUP($B27,$R$3:$Z$9,8,FALSE) -> #N/A | Z27: =VLOOKUP($B27,$R$3:$Z$9,9,FALSE) -> #N/A
R28: =B28 -> 0 | S28: =VLOOKUP($B28,$R$3:$X$9,2,FALSE) -> #N/A | T28: =VLOOKUP($B28,$R$3:$X$9,3,FALSE) -> #N/A | U28: =VLOOKUP($B28,$R$3:$X$9,4,FALSE) -> #N/A | V28: =VLOOKUP($B28,$R$3:$X$9,5,FALSE) -> #N/A | W28: =VLOOKUP($B28,$R$3:$X$9,6,FALSE) -> #N/A | X28: =VLOOKUP($B28,$R$3:$X$9,7,FALSE) -> #N/A | Y28: =VLOOKUP($B28,$R$3:$Z$9,8,FALSE) -> #N/A | Z28: =VLOOKUP($B28,$R$3:$Z$9,9,FALSE) -> #N/A
R29: =B29 -> 0 | S29: =VLOOKUP($B29,$R$3:$X$9,2,FALSE) -> #N/A | T29: =VLOOKUP($B29,$R$3:$X$9,3,FALSE) -> #N/A | U29: =VLOOKUP($B29,$R$3:$X$9,4,FALSE) -> #N/A | V29: =VLOOKUP($B29,$R$3:$X$9,5,FALSE) -> #N/A | W29: =VLOOKUP($B29,$R$3:$X$9,6,FALSE) -> #N/A | X29: =VLOOKUP($B29,$R$3:$X$9,7,FALSE) -> #N/A | Y29: =VLOOKUP($B29,$R$3:$Z$9,8,FALSE) -> #N/A | Z29: =VLOOKUP($B29,$R$3:$Z$9,9,FALSE) -> #N/A
R30: =B30 -> 0 | S30: =VLOOKUP($B30,$R$3:$X$9,2,FALSE) -> #N/A | T30: =VLOOKUP($B30,$R$3:$X$9,3,FALSE) -> #N/A | U30: =VLOOKUP($B30,$R$3:$X$9,4,FALSE) -> #N/A | V30: =VLOOKUP($B30,$R$3:$X$9,5,FALSE) -> #N/A | W30: =VLOOKUP($B30,$R$3:$X$9,6,FALSE) -> #N/A | X30: =VLOOKUP($B30,$R$3:$X$9,7,FALSE) -> #N/A | Y30: =VLOOKUP($B30,$R$3:$Z$9,8,FALSE) -> #N/A | Z30: =VLOOKUP($B30,$R$3:$Z$9,9,FALSE) -> #N/A
R31: =B31 -> 0 | S31: =VLOOKUP($B31,$R$3:$X$9,2,FALSE) -> #N/A | T31: =VLOOKUP($B31,$R$3:$X$9,3,FALSE) -> #N/A | U31: =VLOOKUP($B31,$R$3:$X$9,4,FALSE) -> #N/A | V31: =VLOOKUP($B31,$R$3:$X$9,5,FALSE) -> #N/A | W31: =VLOOKUP($B31,$R$3:$X$9,6,FALSE) -> #N/A | X31: =VLOOKUP($B31,$R$3:$X$9,7,FALSE) -> #N/A | Y31: =VLOOKUP($B31,$R$3:$Z$9,8,FALSE) -> #N/A | Z31: =VLOOKUP($B31,$R$3:$Z$9,9,FALSE) -> #N/A
R32: =B32 -> 0 | S32: =VLOOKUP($B32,$R$3:$X$9,2,FALSE) -> #N/A | T32: =VLOOKUP($B32,$R$3:$X$9,3,FALSE) -> #N/A | U32: =VLOOKUP($B32,$R$3:$X$9,4,FALSE) -> #N/A | V32: =VLOOKUP($B32,$R$3:$X$9,5,FALSE) -> #N/A | W32: =VLOOKUP($B32,$R$3:$X$9,6,FALSE) -> #N/A | X32: =VLOOKUP($B32,$R$3:$X$9,7,FALSE) -> #N/A | Y32: =VLOOKUP($B32,$R$3:$Z$9,8,FALSE) -> #N/A | Z32: =VLOOKUP($B32,$R$3:$Z$9,9,FALSE) -> #N/A
R33: =B33 -> 0 | S33: =VLOOKUP($B33,$R$3:$X$9,2,FALSE) -> #N/A | T33: =VLOOKUP($B33,$R$3:$X$9,3,FALSE) -> #N/A | U33: =VLOOKUP($B33,$R$3:$X$9,4,FALSE) -> #N/A | V33: =VLOOKUP($B33,$R$3:$X$9,5,FALSE) -> #N/A | W33: =VLOOKUP($B33,$R$3:$X$9,6,FALSE) -> #N/A | X33: =VLOOKUP($B33,$R$3:$X$9,7,FALSE) -> #N/A | Y33: =VLOOKUP($B33,$R$3:$Z$9,8,FALSE) -> #N/A | Z33: =VLOOKUP($B33,$R$3:$Z$9,9,FALSE) -> #N/A
... R35: =B35 -> 0 | S35: =VLOOKUP($B35,$R$3:$X$9,2,FALSE) -> #N/A | T35: =VLOOKUP($B35,$R$3:$X$9,3,FALSE) -> #N/A | U35: =VLOOKUP($B35,$R$3:$X$9,4,FALSE) -> #N/A | V35: =VLOOKUP($B35,$R$3:$X$9,5,FALSE) -> #N/A | W35: =VLOOKUP($B35,$R$3:$X$9,6,FALSE) -> #N/A | X35: =VLOOKUP($B35,$R$3:$X$9,7,FALSE) -> #N/A | Y35: =VLOOKUP($B35,$R$3:$Z$9,8,FALSE) -> #N/A | Z35: =VLOOKUP($B35,$R$3:$Z$9,9,FALSE) -> #N/A
B36: BRAND | D36: BBT P.G./ O.G | I36: Brand | J36: Actual | K36: MTD No. of Brews | L36: MTD | M36: YTD | N36: Target | R36: =B36 -> BRAND | S36: =VLOOKUP($B36,$R$3:$X$9,2,FALSE) -> #N/A | T36: =VLOOKUP($B36,$R$3:$X$9,3,FALSE) -> #N/A | U36: =VLOOKUP($B36,$R$3:$X$9,4,FALSE) -> #N/A | V36: =VLOOKUP($B36,$R$3:$X$9,5,FALSE) -> #N/A | W36: =VLOOKUP($B36,$R$3:$X$9,6,FALSE) -> #N/A | X36: =VLOOKUP($B36,$R$3:$X$9,7,FALSE) -> #N/A | Y36: =VLOOKUP($B36,$R$3:$Z$9,8,FALSE) -> #N/A | Z36: =VLOOKUP($B36,$R$3:$Z$9,9,FALSE) -> #N/A
I37: CARIB | J37: =AVERAGE(I10:I16) -> 99.467389 | K37: =COUNTA([22]Brewhouse!$A$740:$A$758) -> 19 | L37: =AVERAGE([22]Brewhouse!$AU$740:$AU$758) -> 97.561908 | M37: =AVERAGE([22]Brewhouse!$AU$102:$AU$171,[22]Brewhouse!$AU$173:$AU$253,[22]Brewhouse!$AU$255:$AU$339,[22]Brewhouse!$AU$341:$AU$346,[22]Brewhouse!$AU$348,[22]Brewhouse!$AU$349:$AU$406,[22]Brewhouse!$AU$408:$AU$491,[22]Brewhouse!$AU$493:$AU$578,[22]Brewhouse!$AU$580:$AU$652,[22]Brewhouse!$AU$655:$AU$758) -> 97.701446 | N37: 98 | R37: =B37 -> 0 | S37: =VLOOKUP($B37,$R$3:$X$9,2,FALSE) -> #N/A | T37: =VLOOKUP($B37,$R$3:$X$9,3,FALSE) -> #N/A | U37: =VLOOKUP($B37,$R$3:$X$9,4,FALSE) -> #N/A | V37: =VLOOKUP($B37,$R$3:$X$9,5,FALSE) -> #N/A | W37: =VLOOKUP($B37,$R$3:$X$9,6,FALSE) -> #N/A | X37: =VLOOKUP($B37,$R$3:$X$9,7,FALSE) -> #N/A | Y37: =VLOOKUP($B37,$R$3:$Z$9,8,FALSE) -> #N/A | Z37: =VLOOKUP($B37,$R$3:$Z$9,9,FALSE) -> #N/A
I38: STAG | J38: =AVERAGE(I19:I21) -> 97.359615 | K38: =COUNTA([24]Brewhouse!$A$361:$A$363) -> 3 | L38: =AVERAGE([24]Brewhouse!$AS$361:$AS$363) -> 97.359615 | M38: =AVERAGE([24]Brewhouse!$AS$15:$AS$64,[24]Brewhouse!$AS$66:$AS$103,[24]Brewhouse!$AS$105:$AS$140,[24]Brewhouse!$AS$142:$AS$193,[24]Brewhouse!$AS$195:$AS$240,[24]Brewhouse!$AS$242:$AS$273,[24]Brewhouse!$AS$275:$AS$322,[24]Brewhouse!$AS$324:$AS$359,[24]Brewhouse!$AS$361:$AS$363) -> 98.05928 | N38: 98 | R38: =B38 -> 0 | S38: =VLOOKUP($B38,$R$3:$X$9,2,FALSE) -> #N/A | T38: =VLOOKUP($B38,$R$3:$X$9,3,FALSE) -> #N/A | U38: =VLOOKUP($B38,$R$3:$X$9,4,FALSE) -> #N/A | V38: =VLOOKUP($B38,$R$3:$X$9,5,FALSE) -> #N/A | W38: =VLOOKUP($B38,$R$3:$X$9,6,FALSE) -> #N/A | X38: =VLOOKUP($B38,$R$3:$X$9,7,FALSE) -> #N/A | Y38: =VLOOKUP($B38,$R$3:$Z$9,8,FALSE) -> #N/A | Z38: =VLOOKUP($B38,$R$3:$Z$9,9,FALSE) -> #N/A
I39: GUINNESS | M39: =AVERAGE([25]Brewhouse!$AU$4:$AU$7,[25]Brewhouse!$AU$9:$AU$22,[25]Brewhouse!$AU$24:$AU$35,[25]Brewhouse!$AU$37:$AU$45,[25]Brewhouse!$AU$47:$AU$62,[25]Brewhouse!$AU$64:$AU$79,[25]Brewhouse!$AU$81:$AU$92) -> 96.938185 | N39: 98 | R39: =B39 -> 0 | S39: =VLOOKUP($B39,$R$3:$X$9,2,FALSE) -> #N/A | T39: =VLOOKUP($B39,$R$3:$X$9,3,FALSE) -> #N/A | U39: =VLOOKUP($B39,$R$3:$X$9,4,FALSE) -> #N/A | V39: =VLOOKUP($B39,$R$3:$X$9,5,FALSE) -> #N/A | W39: =VLOOKUP($B39,$R$3:$X$9,6,FALSE) -> #N/A | X39: =VLOOKUP($B39,$R$3:$X$9,7,FALSE) -> #N/A | Y39: =VLOOKUP($B39,$R$3:$Z$9,8,FALSE) -> #N/A | Z39: =VLOOKUP($B39,$R$3:$Z$9,9,FALSE) -> #N/A
I40: VITAMALT | M40: =AVERAGE([26]Brewhouse!$AV$5:$AV$14,[26]Brewhouse!$AV$16:$AV$19,[26]Brewhouse!$AV$21:$AV$24,[26]Brewhouse!$AV$26:$AV$33,[26]Brewhouse!$AV$35:$AV$46,[26]Brewhouse!$AV$48:$AV$53,[26]Brewhouse!$AV$55:$AV$62,[26]Brewhouse!$AV$64:$AV$77) -> 98.521411 | N40: 98 | R40: =B40 -> 0 | S40: =VLOOKUP($B40,$R$3:$X$9,2,FALSE) -> #N/A | T40: =VLOOKUP($B40,$R$3:$X$9,3,FALSE) -> #N/A | U40: =VLOOKUP($B40,$R$3:$X$9,4,FALSE) -> #N/A | V40: =VLOOKUP($B40,$R$3:$X$9,5,FALSE) -> #N/A | W40: =VLOOKUP($B40,$R$3:$X$9,6,FALSE) -> #N/A | X40: =VLOOKUP($B40,$R$3:$X$9,7,FALSE) -> #N/A | Y40: =VLOOKUP($B40,$R$3:$Z$9,8,FALSE) -> #N/A | Z40: =VLOOKUP($B40,$R$3:$Z$9,9,FALSE) -> #N/A
I41: MAXIMALT | N41: 98 | R41: =B41 -> 0 | S41: =VLOOKUP($B41,$R$3:$X$9,2,FALSE) -> #N/A | T41: =VLOOKUP($B41,$R$3:$X$9,3,FALSE) -> #N/A | U41: =VLOOKUP($B41,$R$3:$X$9,4,FALSE) -> #N/A | V41: =VLOOKUP($B41,$R$3:$X$9,5,FALSE) -> #N/A | W41: =VLOOKUP($B41,$R$3:$X$9,6,FALSE) -> #N/A | X41: =VLOOKUP($B41,$R$3:$X$9,7,FALSE) -> #N/A | Y41: =VLOOKUP($B41,$R$3:$Z$9,8,FALSE) -> #N/A | Z41: =VLOOKUP($B41,$R$3:$Z$9,9,FALSE) -> #N/A
I42: MACKESON | M42: =AVERAGE([27]Brewhouse!$AT$4:$AT$11,[27]Brewhouse!$AT$13:$AT$16,[27]Brewhouse!$AT$18:$AT$21,[27]Brewhouse!$AT$26) -> 94.588058 | N42: 98
I43: STARMALT | K43: =COUNTA([23]Brewhouse!$A$75:$A$82) -> 8 | L43: =AVERAGE([23]Brewhouse!$AY$75:$AY$82) -> 97.738838 | M43: =AVERAGE([23]Brewhouse!$AY$6:$AY$13,[23]Brewhouse!$AY$15:$AY$20,[23]Brewhouse!$AY$22:$AY$29,[23]Brewhouse!$AY$31:$AY$34,[23]Brewhouse!$AY$36:$AY$43,[23]Brewhouse!$AY$45:$AY$50, [23]Brewhouse!$AY$56:$AY$73,[23]Brewhouse!$AY$75:$AY$82) -> 97.409216 | N43: 98
I44: HR- Pils | M44: =AVERAGE([28]Brewhouse!$AU$5:$AU$8,[28]Brewhouse!$AU$10:$AU$13,[23]Brewhouse!$AY$75:$AY$77) -> 94.749192 | N44: 98
I45: HR- IPA | M45: =AVERAGE([29]Brewhouse!$AW$26:$AW$27) -> 95.310681 | N45: 98
I46: HR- APA | M46: =AVERAGE([30]Brewhouse!$AU$13:$AU$14) -> 97.110575 | N46: 98
K47: =SUM(K37:K46) -> 30 | L47: =((L37*K37)+(L38*K38)+(L39*K39)+(L40*K40)+(L41*K41)+(K44*L44)+(L42*K42)+(L43*K43)+(L46*K46))/(K47) -> 97.58886 | M47: =AVERAGE('[31]Jan 31st'!$L$65,'[32]Feb 28th'!$L$35,'[33]Mar. 31st'!$L$35,'[34]Apr. 30th'!$L$45,'[35]May 30th'!$L$37,'[36]June 30th'!$L$57,L47) -> 97.648682 | N47: 98
J49: Daily Brewing Plan
J50: Brand | K50: Brews Achieved | L50: Average Brews per day
J51: CARIB | K51: 7 | L51: MTD | M51: YTD | N51: TARGET
J52: STAG | K52: 3 | L52: =AVERAGE('Sept 1st'!K53,'Sept 2nd'!K51,'Sept 3rd'!K52,K61) -> 9.25 | M52: =AVERAGE('[31]Jan 29th '!$M$70,'[32]Feb 28th'!$L$40,'[33]Mar. 31st'!$L$40,'[34]Apr. 30th'!$L$50,'[35]May 30th'!$L$42,'[36]June 30th'!$L$62,'[37]July 29th '!$L$49,'[38]Aug 29th'!$L$34,L52) -> 7.2091896 | N52: 9.2
J53: GUINN
J54: VITAMALT
J55: STARMALT
J56: MACKESON
J57: HURRICANE REEF- IPA
J58: HURRICANE REEF- APA
B59: AVERAGE | D59: =AVERAGE(D37:E58) -> #DIV/0! | J59: HR- PILSNER
J60: CARIBE
J61: Total | K61: =SUM(K51:K60) -> 10
B62: Process: | C62: Fermentation/Filtration
B64: Brand | C64: Filt. Date | D64: FV Hls | E64: GFE/ Prim/ Vita Blend (Hls) | F64: SV Hls | G64: BBT Hls | H64: Loss (%) Ferm | I64: Loss (%) Filt | J64: Comments | K64: Throughput | L64: Process Loss (%) | M64: Filt. Operator
AB65: 43474 | AC65: 43475 | AD65: 43476 | AE65: 43477 | AF65: 43478 | AG65: 43479 | AH65: 43480 | AI65: 43481 | AJ65: 43482 | AK65: 43483 | AL65: 43484 | AM65: 43485 | AN65: 43486 | AO65: 43487 | AP65: 43488 | AQ65: 43489 | AR65: 43490 | AS65: 43491 | AT65: 43492 | AU65: 43493 | AV65: 43494 | AW65: 43495 | AX65: 43496
AB66: =[20]January_2019!L7 -> 285.8 | AC66: =[20]January_2019!M7 -> 508.1 | AD66: =[20]January_2019!N7 -> 0 | AE66: =[20]January_2019!O7 -> 0 | AF66: =[20]January_2019!P7 -> 109.56667 | AG66: =[20]January_2019!Q7 -> 297.65 | AH66: =[20]January_2019!R7 -> 122.3 | AI66: =[20]January_2019!S7 -> 0 | ... AX66: =[20]January_2019!AH7 -> 0
J70: NO SBF | L70: =(((D70+E70)-G70)/(D70+E70))*100 -> #DIV/0!
B73: Process Loss (Volume) | G73: Process Loss (Extract) | K73: Throughput
B74: Brand | C74: Actual | D74: MTD | E74: YTD | F74: Target | G74: Actual | H74: MTD | I74: YTD | J74: Target | K74: Actual | L74: MTD | M74: YTD | N74: Target
B75: CARIB | F75: 4.8 | J75: 4.8 | N75: 1
B76: STAG | F76: 4.8 | J76: 4.8 | N76: 1
B77: GUINN | F77: 5.5 | J77: 5.5 | N77: 1
B78: VITAMALT | F78: 3.3 | J78: 3.3 | N78: 1
B79: APA | F79: 3.3 | J79: 3 | N79: 1
B80: MACKESON | F80: =[21]May_2022!$M$43 -> 3.4878407 | J80: 5.5 | N80: 1
B81: STARMALT | F81: 3.3 | J81: 3.3 | N81: 1
B82: IPA | F82: 7.5 | J82: 7.5 | N82: 1
B83: HURRICANE REEF PILS | F83: 4.8 | J83: 4.8 | N83: 1
F84: 5.5 | J84: 5.5 | N84: 1

Sheet Sept 5th 
S1: P.G. | U1: Hot Time | W1: Process Time | Y1: Cooling Time
B2: Brewing Department Daily Process Loss Report | S2: Lower | T2: Upper | U2: Lower | V2: Upper | W2: Lower | X2: Upper | Y2: Lower | Z2: Upper
R3: CARIB | S3: 11.6 | T3: 12 | U3: 0 | V3: 0.11805556 | W3: 0.22569444 | X3: 0.26388889 | Y3: 0 | Z3: 60 | AB3: HR- PISNER
B4: Date: | C4: 45908 | J4: LOT WORT COLOUR: 3.5 | M4: Filter Sheets (Target 20 days) | R4: STAG | S4: 11.6 | T4: 12 | U4: 0 | V4: 0.11805556 | W4: 0.22569444 | X4: 0.26388889 | Y4: 0 | Z4: 60
M5: Double | N5: Single | R5: GUINNESS | S5: 17 | T5: 17.5 | U5: 0 | V5: 0.10763889 | W5: 0.24652778 | X5: 0.28472222 | Y5: 0 | Z5: 60
J6: MALT LOT: Lot #44 | L6: Sheet Day | R6: MACKESON | S6: 13.3 | T6: 13.5 | U6: 0 | V6: 0.12905093 | W6: 0.27430556 | X6: 0.30208333 | Y6: 0
R7: STARMALT | S7: 17 | T7: 17.4 | U7: 0 | V7: 0.13605324 | W7: 0.27430556 | X7: 0.30902778 | Y7: 0 | Z7: 85
B8: Brand | C8: Brew no. | D8: Kett. Hls | E8: Wort | F8: Cool Time(Mins) | G8: Cast. P.G. (Lab Result) | H8: Cast P.G. (Cellar Operator)-gravity | I8: Extr. Rec (77.9%) | J8: Theor. Extr. (77.5%) | K8: Boil Off /Vol. (4-6%) | L8: Boil Time | M8: Total Hot | N8: Brewing | O8: Operator | R8: Hurricane Reef | S8: 16.6 | T8: 17 | U8: 0 | V8: 0.12905093 | W8: 0.27430556 | X8: 0.30208333 | Y8: 0
E9: Meter (Hls) | F9: Target(< 60Mins) | M9: Time | R9: VITAMALT | S9: 14.2 | T9: 14.6 | U9: 0 | V9: 0.13905093 | W9: 0.26041667 | X9: 0.29513889 | Y9: 0 | Z9: 75
B10: STAG | C10: =[24]Brewhouse!$A364 -> ST342 | D10: =[24]Brewhouse!$AD364 -> 48.4 | E10: =[24]Brewhouse!$AG364 -> 50 | F10: =[24]Brewhouse!$V364 -> 85 | G10: =[24]Brewhouse!$AE364 -> 11.8 | I10: =[24]Brewhouse!$AS364 -> 98.378408 | J10: =[24]Brewhouse!$AT364 -> 100.25853 | K10: =[24]Brewhouse!$Q364 -> 13.076923 | L10: =[24]Brewhouse!$P364 -> 60 | M10: =[24]Brewhouse!$U364-[24]Brewhouse!$T364 -> 0.17361111 | N10: =[24]Brewhouse!$AW364 -> 0.3 | O10: =[24]Brewhouse!$AV364 -> K. Benjamin | R10: =B10 -> STAG | S10: =VLOOKUP($B10,$R$3:$X$9,2,FALSE) -> 11.6 | T10: =VLOOKUP($B10,$R$3:$X$9,3,FALSE) -> 12 | U10: =VLOOKUP($B10,$R$3:$X$9,4,FALSE) -> 0 | V10: =VLOOKUP($B10,$R$3:$X$9,5,FALSE) -> 0.11805556 | W10: =VLOOKUP($B10,$R$3:$X$9,6,FALSE) -> 0.22569444 | X10: =VLOOKUP($B10,$R$3:$X$9,7,FALSE) -> 0.26388889 | Y10: =VLOOKUP($B10,$R$3:$Z$9,8,FALSE) -> 0 | Z10: =VLOOKUP($B10,$R$3:$Z$9,9,FALSE) -> 60
B11: STAG | C11: =[24]Brewhouse!$A365 -> ST343 | D11: =[24]Brewhouse!$AD365 -> 47.1 | E11: =[24]Brewhouse!$AG365 -> 47.7 | F11: =[24]Brewhouse!$V365 -> 60 | G11: =[24]Brewhouse!$AE365 -> 12 | I11: =[24]Brewhouse!$AS365 -> 96.134556 | J11: =[24]Brewhouse!$AT365 -> 97.968721 | K11: =[24]Brewhouse!$Q365 -> 14.038462 | L11: =[24]Brewhouse!$P365 -> 60 | M11: =[24]Brewhouse!$U365-[24]Brewhouse!$T365 -> 0.13819444 | N11: =[24]Brewhouse!$AW365 -> 0.29375 | O11: =[24]Brewhouse!$AV365 -> K. Benjamin | P11: Waiting to transfer to Whirlpool | R11: =B11 -> STAG | S11: =VLOOKUP($B11,$R$3:$X$9,2,FALSE) -> 11.6 | T11: =VLOOKUP($B11,$R$3:$X$9,3,FALSE) -> 12 | U11: =VLOOKUP($B11,$R$3:$X$9,4,FALSE) -> 0 | V11: =VLOOKUP($B11,$R$3:$X$9,5,FALSE) -> 0.11805556 | W11: =VLOOKUP($B11,$R$3:$X$9,6,FALSE) -> 0.22569444 | X11: =VLOOKUP($B11,$R$3:$X$9,7,FALSE) -> 0.26388889 | Y11: =VLOOKUP($B11,$R$3:$Z$9,8,FALSE) -> 0 | Z11: =VLOOKUP($B11,$R$3:$Z$9,9,FALSE) -> 60
B12: STAG | C12: =[24]Brewhouse!$A366 -> ST344 | D12: =[24]Brewhouse!$AD366 -> 47.9 | E12: =[24]Brewhouse!$AG366 -> 48.5 | F12: =[24]Brewhouse!$V366 -> 64 | G12: =[24]Brewhouse!$AE366 -> 11.9 | I12: =[24]Brewhouse!$AS366 -> 96.156009 | J12: =[24]Brewhouse!$AT366 -> 97.994274 | K12: =[24]Brewhouse!$Q366 -> 13.269231 | L12: =[24]Brewhouse!$P366 -> 60 | M12: =[24]Brewhouse!$U366-[24]Brewhouse!$T366 -> 0.11597222 | N12: =[24]Brewhouse!$AW366 -> 0.29375 | O12: =[24]Brewhouse!$AV366 -> R. Regis | P12: Held back to avoid backups | R12: =B12 -> STAG | S12: =VLOOKUP($B12,$R$3:$X$9,2,FALSE) -> 11.6 | T12: =VLOOKUP($B12,$R$3:$X$9,3,FALSE) -> 12 | U12: =VLOOKUP($B12,$R$3:$X$9,4,FALSE) -> 0 | V12: =VLOOKUP($B12,$R$3:$X$9,5,FALSE) -> 0.11805556 | W12: =VLOOKUP($B12,$R$3:$X$9,6,FALSE) -> 0.22569444 | X12: =VLOOKUP($B12,$R$3:$X$9,7,FALSE) -> 0.26388889 | Y12: =VLOOKUP($B12,$R$3:$Z$9,8,FALSE) -> 0 | Z12: =VLOOKUP($B12,$R$3:$Z$9,9,FALSE) -> 60
B13: STAG | C13: =[24]Brewhouse!$A367 -> ST345 | D13: =[24]Brewhouse!$AD367 -> 47.4 | E13: =[24]Brewhouse!$AG367 -> 48.2 | F13: =[24]Brewhouse!$V367 -> 58 | G13: =[24]Brewhouse!$AE367 -> 11.9 | I13: =[24]Brewhouse!$AS367 -> 95.682169 | J13: =[24]Brewhouse!$AT367 -> 97.510767 | K13: =[24]Brewhouse!$Q367 -> 13.461538 | L13: =[24]Brewhouse!$P367 -> 60 | M13: =[24]Brewhouse!$U367-[24]Brewhouse!$T367 -> 0.10833333 | N13: =[24]Brewhouse!$AW367 -> 0.23333333 | O13: =[24]Brewhouse!$AV367 -> R. Regis | R13: =B13 -> STAG | S13: =VLOOKUP($B13,$R$3:$X$9,2,FALSE) -> 11.6 | T13: =VLOOKUP($B13,$R$3:$X$9,3,FALSE) -> 12 | U13: =VLOOKUP($B13,$R$3:$X$9,4,FALSE) -> 0 | V13: =VLOOKUP($B13,$R$3:$X$9,5,FALSE) -> 0.11805556 | W13: =VLOOKUP($B13,$R$3:$X$9,6,FALSE) -> 0.22569444 | X13: =VLOOKUP($B13,$R$3:$X$9,7,FALSE) -> 0.26388889 | Y13: =VLOOKUP($B13,$R$3:$Z$9,8,FALSE) -> 0 | Z13: =VLOOKUP($B13,$R$3:$Z$9,9,FALSE) -> 60
B14: STAG | C14: =[24]Brewhouse!$A368 -> ST346 | D14: =[24]Brewhouse!$AD368 -> 48.2 | E14: =[24]Brewhouse!$AG368 -> 48.6 | F14: =[24]Brewhouse!$V368 -> 64 | G14: =[24]Brewhouse!$AE368 -> 12.2 | I14: =[24]Brewhouse!$AS368 -> 98.783379 | J14: =[24]Brewhouse!$AT368 -> 100.6725 | K14: =[24]Brewhouse!$Q368 -> 12.692308 | L14: =[24]Brewhouse!$P368 -> 59 | M14: =[24]Brewhouse!$U368-[24]Brewhouse!$T368 -> 0.11319444 | N14: =[24]Brewhouse!$AW368 -> 0.24305556 | O14: =[24]Brewhouse!$AV368 -> R.Sookram | R14: =B14 -> STAG | S14: =VLOOKUP($B14,$R$3:$X$9,2,FALSE) -> 11.6 | T14: =VLOOKUP($B14,$R$3:$X$9,3,FALSE) -> 12 | U14: =VLOOKUP($B14,$R$3:$X$9,4,FALSE) -> 0 | V14: =VLOOKUP($B14,$R$3:$X$9,5,FALSE) -> 0.11805556 | W14: =VLOOKUP($B14,$R$3:$X$9,6,FALSE) -> 0.22569444 | X14: =VLOOKUP($B14,$R$3:$X$9,7,FALSE) -> 0.26388889 | Y14: =VLOOKUP($B14,$R$3:$Z$9,8,FALSE) -> 0 | Z14: =VLOOKUP($B14,$R$3:$Z$9,9,FALSE) -> 60
B15: STAG | C15: =[24]Brewhouse!$A369 -> ST347 | D15: =[24]Brewhouse!$AD369 -> 49.7 | E15: =[24]Brewhouse!$AG369 -> 50.3 | F15: =[24]Brewhouse!$V369 -> 67 | G15: =[24]Brewhouse!$AE369 -> 11.9 | I15: =[24]Brewhouse!$AS369 -> 99.598796 | J15: =[24]Brewhouse!$AT369 -> 101.50351 | K15: =[24]Brewhouse!$Q369 -> 10.769231 | L15: =[24]Brewhouse!$P369 -> 58 | M15: =[24]Brewhouse!$U369-[24]Brewhouse!$T369 -> 0.1125 | N15: =[24]Brewhouse!$AW369 -> 0.24444444 | O15: =[24]Brewhouse!$AV369 -> R.Sookram | R15: =B15 -> STAG | S15: =VLOOKUP($B15,$R$3:$X$9,2,FALSE) -> 11.6 | T15: =VLOOKUP($B15,$R$3:$X$9,3,FALSE) -> 12 | U15: =VLOOKUP($B15,$R$3:$X$9,4,FALSE) -> 0 | V15: =VLOOKUP($B15,$R$3:$X$9,5,FALSE) -> 0.11805556 | W15: =VLOOKUP($B15,$R$3:$X$9,6,FALSE) -> 0.22569444 | X15: =VLOOKUP($B15,$R$3:$X$9,7,FALSE) -> 0.26388889 | Y15: =VLOOKUP($B15,$R$3:$Z$9,8,FALSE) -> 0 | Z15: =VLOOKUP($B15,$R$3:$Z$9,9,FALSE) -> 60
B16: STAG | C16: =[24]Brewhouse!$A370 -> ST348 | D16: =[24]Brewhouse!$AD370 -> 47.9 | E16: =[24]Brewhouse!$AG370 -> 49.2 | F16: =[24]Brewhouse!$V370 -> 62 | G16: =[24]Brewhouse!$AE370 -> 11.8 | I16: =[24]Brewhouse!$AS370 -> 96.927021 | J16: =[24]Brewhouse!$AT370 -> 98.778792 | K16: =[24]Brewhouse!$Q370 -> 13.269231 | L16: =[24]Brewhouse!$P370 -> 58 | M16: =[24]Brewhouse!$U370-[24]Brewhouse!$T370 -> 0.11041667 | N16: =[24]Brewhouse!$AW370 -> 0.24097222 | O16: =[24]Brewhouse!$AV370 -> R.Sookram | R16: =B16 -> STAG | S16: =VLOOKUP($B16,$R$3:$X$9,2,FALSE) -> 11.6 | T16: =VLOOKUP($B16,$R$3:$X$9,3,FALSE) -> 12 | U16: =VLOOKUP($B16,$R$3:$X$9,4,FALSE) -> 0 | V16: =VLOOKUP($B16,$R$3:$X$9,5,FALSE) -> 0.11805556 | W16: =VLOOKUP($B16,$R$3:$X$9,6,FALSE) -> 0.22569444 | X16: =VLOOKUP($B16,$R$3:$X$9,7,FALSE) -> 0.26388889 | Y16: =VLOOKUP($B16,$R$3:$Z$9,8,FALSE) -> 0 | Z16: =VLOOKUP($B16,$R$3:$Z$9,9,FALSE) -> 60
R17: =B17 -> 0 | S17: =VLOOKUP($B17,$R$3:$X$9,2,FALSE) -> #N/A | T17: =VLOOKUP($B17,$R$3:$X$9,3,FALSE) -> #N/A | U17: =VLOOKUP($B17,$R$3:$X$9,4,FALSE) -> #N/A | V17: =VLOOKUP($B17,$R$3:$X$9,5,FALSE) -> #N/A | W17: =VLOOKUP($B17,$R$3:$X$9,6,FALSE) -> #N/A | X17: =VLOOKUP($B17,$R$3:$X$9,7,FALSE) -> #N/A | Y17: =VLOOKUP($B17,$R$3:$Z$9,8,FALSE) -> #N/A | Z17: =VLOOKUP($B17,$R$3:$Z$9,9,FALSE) -> #N/A
R18: =B18 -> 0 | S18: =VLOOKUP($B18,$R$3:$X$9,2,FALSE) -> #N/A | T18: =VLOOKUP($B18,$R$3:$X$9,3,FALSE) -> #N/A | U18: =VLOOKUP($B18,$R$3:$X$9,4,FALSE) -> #N/A | V18: =VLOOKUP($B18,$R$3:$X$9,5,FALSE) -> #N/A | W18: =VLOOKUP($B18,$R$3:$X$9,6,FALSE) -> #N/A | X18: =VLOOKUP($B18,$R$3:$X$9,7,FALSE) -> #N/A | Y18: =VLOOKUP($B18,$R$3:$Z$9,8,FALSE) -> #N/A | Z18: =VLOOKUP($B18,$R$3:$Z$9,9,FALSE) -> #N/A
R19: =B19 -> 0 | S19: =VLOOKUP($B19,$R$3:$X$9,2,FALSE) -> #N/A | T19: =VLOOKUP($B19,$R$3:$X$9,3,FALSE) -> #N/A | U19: =VLOOKUP($B19,$R$3:$X$9,4,FALSE) -> #N/A | V19: =VLOOKUP($B19,$R$3:$X$9,5,FALSE) -> #N/A | W19: =VLOOKUP($B19,$R$3:$X$9,6,FALSE) -> #N/A | X19: =VLOOKUP($B19,$R$3:$X$9,7,FALSE) -> #N/A | Y19: =VLOOKUP($B19,$R$3:$Z$9,8,FALSE) -> #N/A | Z19: =VLOOKUP($B19,$R$3:$Z$9,9,FALSE) -> #N/A
R20: =B20 -> 0 | S20: =VLOOKUP($B20,$R$3:$X$9,2,FALSE) -> #N/A | T20: =VLOOKUP($B20,$R$3:$X$9,3,FALSE) -> #N/A | U20: =VLOOKUP($B20,$R$3:$X$9,4,FALSE) -> #N/A | V20: =VLOOKUP($B20,$R$3:$X$9,5,FALSE) -> #N/A | W20: =VLOOKUP($B20,$R$3:$X$9,6,FALSE) -> #N/A | X20: =VLOOKUP($B20,$R$3:$X$9,7,FALSE) -> #N/A | Y20: =VLOOKUP($B20,$R$3:$Z$9,8,FALSE) -> #N/A | Z20: =VLOOKUP($B20,$R$3:$Z$9,9,FALSE) -> #N/A
R21: =B21 -> 0 | S21: =VLOOKUP($B21,$R$3:$X$9,2,FALSE) -> #N/A | T21: =VLOOKUP($B21,$R$3:$X$9,3,FALSE) -> #N/A | U21: =VLOOKUP($B21,$R$3:$X$9,4,FALSE) -> #N/A | V21: =VLOOKUP($B21,$R$3:$X$9,5,FALSE) -> #N/A | W21: =VLOOKUP($B21,$R$3:$X$9,6,FALSE) -> #N/A | X21: =VLOOKUP($B21,$R$3:$X$9,7,FALSE) -> #N/A | Y21: =VLOOKUP($B21,$R$3:$Z$9,8,FALSE) -> #N/A | Z21: =VLOOKUP($B21,$R$3:$Z$9,9,FALSE) -> #N/A
R22: =B22 -> 0 | S22: =VLOOKUP($B22,$R$3:$X$9,2,FALSE) -> #N/A | T22: =VLOOKUP($B22,$R$3:$X$9,3,FALSE) -> #N/A | U22: =VLOOKUP($B22,$R$3:$X$9,4,FALSE) -> #N/A | V22: =VLOOKUP($B22,$R$3:$X$9,5,FALSE) -> #N/A | W22: =VLOOKUP($B22,$R$3:$X$9,6,FALSE) -> #N/A | X22: =VLOOKUP($B22,$R$3:$X$9,7,FALSE) -> #N/A | Y22: =VLOOKUP($B22,$R$3:$Z$9,8,FALSE) -> #N/A | Z22: =VLOOKUP($B22,$R$3:$Z$9,9,FALSE) -> #N/A
R23: =B23 -> 0 | S23: =VLOOKUP($B23,$R$3:$X$9,2,FALSE) -> #N/A | T23: =VLOOKUP($B23,$R$3:$X$9,3,FALSE) -> #N/A | U23: =VLOOKUP($B23,$R$3:$X$9,4,FALSE) -> #N/A | V23: =VLOOKUP($B23,$R$3:$X$9,5,FALSE) -> #N/A | W23: =VLOOKUP($B23,$R$3:$X$9,6,FALSE) -> #N/A | X23: =VLOOKUP($B23,$R$3:$X$9,7,FALSE) -> #N/A | Y23: =VLOOKUP($B23,$R$3:$Z$9,8,FALSE) -> #N/A | Z23: =VLOOKUP($B23,$R$3:$Z$9,9,FALSE) -> #N/A
B24: BRAND | D24: BBT P.G./ O.G | I24: Brand | J24: Actual | K24: MTD No. of Brews | L24: MTD | M24: YTD | N24: Target | R24: =B24 -> BRAND | S24: =VLOOKUP($B24,$R$3:$X$9,2,FALSE) -> #N/A | T24: =VLOOKUP($B24,$R$3:$X$9,3,FALSE) -> #N/A | U24: =VLOOKUP($B24,$R$3:$X$9,4,FALSE) -> #N/A | V24: =VLOOKUP($B24,$R$3:$X$9,5,FALSE) -> #N/A | W24: =VLOOKUP($B24,$R$3:$X$9,6,FALSE) -> #N/A | X24: =VLOOKUP($B24,$R$3:$X$9,7,FALSE) -> #N/A | Y24: =VLOOKUP($B24,$R$3:$Z$9,8,FALSE) -> #N/A | Z24: =VLOOKUP($B24,$R$3:$Z$9,9,FALSE) -> #N/A
B25: =I25 -> CARIB | I25: CARIB | K25: =COUNTA([22]Brewhouse!$A$740:$A$758) -> 19 | L25: =AVERAGE([22]Brewhouse!$AU$740:$AU$758) -> 97.561908 | M25: =AVERAGE([22]Brewhouse!$AU$102:$AU$171,[22]Brewhouse!$AU$173:$AU$253,[22]Brewhouse!$AU$255:$AU$339,[22]Brewhouse!$AU$341:$AU$346,[22]Brewhouse!$AU$348,[22]Brewhouse!$AU$349:$AU$406,[22]Brewhouse!$AU$408:$AU$491,[22]Brewhouse!$AU$493:$AU$578,[22]Brewhouse!$AU$580:$AU$652,[22]Brewhouse!$AU$655:$AU$758) -> 97.701446 | N25: 98 | R25: =B25 -> CARIB | S25: =VLOOKUP($B25,$R$3:$X$9,2,FALSE) -> 11.6 | T25: =VLOOKUP($B25,$R$3:$X$9,3,FALSE) -> 12 | U25: =VLOOKUP($B25,$R$3:$X$9,4,FALSE) -> 0 | V25: =VLOOKUP($B25,$R$3:$X$9,5,FALSE) -> 0.11805556 | W25: =VLOOKUP($B25,$R$3:$X$9,6,FALSE) -> 0.22569444 | X25: =VLOOKUP($B25,$R$3:$X$9,7,FALSE) -> 0.26388889 | Y25: =VLOOKUP($B25,$R$3:$Z$9,8,FALSE) -> 0 | Z25: =VLOOKUP($B25,$R$3:$Z$9,9,FALSE) -> 60
I26: STAG | J26: =AVERAGE(I10:I16) -> 97.380048 | K26: =COUNTA([24]Brewhouse!$A$361:$A$370) -> 10 | L26: =AVERAGE([24]Brewhouse!$AS$361:$AS$370) -> 97.373918 | M26: =AVERAGE([24]Brewhouse!$AS$15:$AS$64,[24]Brewhouse!$AS$66:$AS$103,[24]Brewhouse!$AS$105:$AS$140,[24]Brewhouse!$AS$142:$AS$193,[24]Brewhouse!$AS$195:$AS$240,[24]Brewhouse!$AS$242:$AS$273,[24]Brewhouse!$AS$275:$AS$322,[24]Brewhouse!$AS$324:$AS$359,[24]Brewhouse!$AS$361:$AS$370) -> 98.045617 | N26: 98 | R26: =B26 -> 0 | S26: =VLOOKUP($B26,$R$3:$X$9,2,FALSE) -> #N/A | T26: =VLOOKUP($B26,$R$3:$X$9,3,FALSE) -> #N/A | U26: =VLOOKUP($B26,$R$3:$X$9,4,FALSE) -> #N/A | V26: =VLOOKUP($B26,$R$3:$X$9,5,FALSE) -> #N/A | W26: =VLOOKUP($B26,$R$3:$X$9,6,FALSE) -> #N/A | X26: =VLOOKUP($B26,$R$3:$X$9,7,FALSE) -> #N/A | Y26: =VLOOKUP($B26,$R$3:$Z$9,8,FALSE) -> #N/A | Z26: =VLOOKUP($B26,$R$3:$Z$9,9,FALSE) -> #N/A
I27: GUINNESS | M27: =AVERAGE([25]Brewhouse!$AU$4:$AU$7,[25]Brewhouse!$AU$9:$AU$22,[25]Brewhouse!$AU$24:$AU$35,[25]Brewhouse!$AU$37:$AU$45,[25]Brewhouse!$AU$47:$AU$62,[25]Brewhouse!$AU$64:$AU$79,[25]Brewhouse!$AU$81:$AU$92) -> 96.938185 | N27: 98 | R27: =B27 -> 0 | S27: =VLOOKUP($B27,$R$3:$X$9,2,FALSE) -> #N/A | T27: =VLOOKUP($B27,$R$3:$X$9,3,FALSE) -> #N/A | U27: =VLOOKUP($B27,$R$3:$X$9,4,FALSE) -> #N/A | V27: =VLOOKUP($B27,$R$3:$X$9,5,FALSE) -> #N/A | W27: =VLOOKUP($B27,$R$3:$X$9,6,FALSE) -> #N/A | X27: =VLOOKUP($B27,$R$3:$X$9,7,FALSE) -> #N/A | Y27: =VLOOKUP($B27,$R$3:$Z$9,8,FALSE) -> #N/A | Z27: =VLOOKUP($B27,$R$3:$Z$9,9,FALSE) -> #N/A
I28: VITAMALT | M28: =AVERAGE([26]Brewhouse!$AV$5:$AV$14,[26]Brewhouse!$AV$16:$AV$19,[26]Brewhouse!$AV$21:$AV$24,[26]Brewhouse!$AV$26:$AV$33,[26]Brewhouse!$AV$35:$AV$46,[26]Brewhouse!$AV$48:$AV$53,[26]Brewhouse!$AV$55:$AV$62,[26]Brewhouse!$AV$64:$AV$77) -> 98.521411 | N28: 98 | R28: =B28 -> 0 | S28: =VLOOKUP($B28,$R$3:$X$9,2,FALSE) -> #N/A | T28: =VLOOKUP($B28,$R$3:$X$9,3,FALSE) -> #N/A | U28: =VLOOKUP($B28,$R$3:$X$9,4,FALSE) -> #N/A | V28: =VLOOKUP($B28,$R$3:$X$9,5,FALSE) -> #N/A | W28: =VLOOKUP($B28,$R$3:$X$9,6,FALSE) -> #N/A | X28: =VLOOKUP($B28,$R$3:$X$9,7,FALSE) -> #N/A | Y28: =VLOOKUP($B28,$R$3:$Z$9,8,FALSE) -> #N/A | Z28: =VLOOKUP($B28,$R$3:$Z$9,9,FALSE) -> #N/A
I29: MAXIMALT | N29: 98 | R29: =B29 -> 0 | S29: =VLOOKUP($B29,$R$3:$X$9,2,FALSE) -> #N/A | T29: =VLOOKUP($B29,$R$3:$X$9,3,FALSE) -> #N/A | U29: =VLOOKUP($B29,$R$3:$X$9,4,FALSE) -> #N/A | V29: =VLOOKUP($B29,$R$3:$X$9,5,FALSE) -> #N/A | W29: =VLOOKUP($B29,$R$3:$X$9,6,FALSE) -> #N/A | X29: =VLOOKUP($B29,$R$3:$X$9,7,FALSE) -> #N/A | Y29: =VLOOKUP($B29,$R$3:$Z$9,8,FALSE) -> #N/A | Z29: =VLOOKUP($B29,$R$3:$Z$9,9,FALSE) -> #N/A
I30: MACKESON | M30: =AVERAGE([27]Brewhouse!$AT$4:$AT$11,[27]Brewhouse!$AT$13:$AT$16,[27]Brewhouse!$AT$18:$AT$21,[27]Brewhouse!$AT$26) -> 94.588058 | N30: 98
I31: STARMALT | K31: =COUNTA([23]Brewhouse!$A$75:$A$82) -> 8 | L31: =AVERAGE([23]Brewhouse!$AY$75:$AY$82) -> 97.738838 | M31: =AVERAGE([23]Brewhouse!$AY$6:$AY$13,[23]Brewhouse!$AY$15:$AY$20,[23]Brewhouse!$AY$22:$AY$29,[23]Brewhouse!$AY$31:$AY$34,[23]Brewhouse!$AY$36:$AY$43,[23]Brewhouse!$AY$45:$AY$50, [23]Brewhouse!$AY$56:$AY$73,[23]Brewhouse!$AY$75:$AY$82) -> 97.409216 | N31: 98
I32: HR- Pils | M32: =AVERAGE([28]Brewhouse!$AU$5:$AU$8,[28]Brewhouse!$AU$10:$AU$13,[23]Brewhouse!$AY$75:$AY$77) -> 94.749192 | N32: 98
I33: HR- IPA | M33: =AVERAGE([29]Brewhouse!$AW$26:$AW$27) -> 95.310681 | N33: 98
I34: HR- APA | M34: =AVERAGE([30]Brewhouse!$AU$13:$AU$14) -> 97.110575 | N34: 98
K35: =SUM(K25:K34) -> 37 | L35: =((L25*K25)+(L26*K26)+(L27*K27)+(L28*K28)+(L29*K29)+(K32*L32)+(L30*K30)+(L31*K31)+(L34*K34))/(K35) -> 97.549355 | M35: =AVERAGE('[31]Jan 31st'!$L$65,'[32]Feb 28th'!$L$35,'[33]Mar. 31st'!$L$35,'[34]Apr. 30th'!$L$45,'[35]May 30th'!$L$37,'[36]June 30th'!$L$57,L35) -> 97.643038 | N35: 98
J37: Daily Brewing Plan
J38: Brand | K38: Brews Achieved | L38: Average Brews per day
J39: CARIB | L39: MTD | M39: YTD | N39: TARGET
J40: STAG | K40: 7 | L40: =AVERAGE('Sept 1st'!K53,'Sept 2nd'!K51,'Sept 3rd'!K52,'Sept 4th'!K61,K49) -> 8.8 | M40: =AVERAGE('[31]Jan 29th '!$M$70,'[32]Feb 28th'!$L$40,'[33]Mar. 31st'!$L$40,'[34]Apr. 30th'!$L$50,'[35]May 30th'!$L$42,'[36]June 30th'!$L$62,'[37]July 29th '!$L$49,'[38]Aug 29th'!$L$34,L40) -> 7.1591896 | N40: 9.2
J41: GUINN
J42: VITAMALT
J43: STARMALT
J44: MACKESON
J45: HURRICANE REEF- IPA
J46: HURRICANE REEF- APA
B47: AVERAGE | D47: =AVERAGE(D25:E46) -> #DIV/0! | J47: HR- PILSNER
J48: CARIBE
J49: Total | K49: =SUM(K39:K48) -> 7
B50: Process: | C50: Fermentation/Filtration
B52: Brand | C52: Filt. Date | D52: FV Hls | E52: GFE/ Prim/ Vita Blend (Hls) | F52: SV Hls | G52: BBT Hls | H52: Loss (%) Ferm | I52: Loss (%) Filt | J52: Comments | K52: Throughput | L52: Process Loss (%) | M52: Filt. Operator
AB53: 43474 | AC53: 43475 | AD53: 43476 | AE53: 43477 | AF53: 43478 | AG53: 43479 | AH53: 43480 | AI53: 43481 | AJ53: 43482 | AK53: 43483 | AL53: 43484 | AM53: 43485 | AN53: 43486 | AO53: 43487 | AP53: 43488 | AQ53: 43489 | AR53: 43490 | AS53: 43491 | AT53: 43492 | AU53: 43493 | AV53: 43494 | AW53: 43495 | AX53: 43496
B54: =J39 -> CARIB | C54: 45905 | D54: =[39]September_2025!$H$3 -> 403.7 | G54: =[39]September_2025!$H$7 -> 388.7 | J54: NO BREAK | K54: =[40]September_2025!$H$18 -> 1.3638596 | L54: =(((D54+E54)-G54)/(D54+E54))*100 -> 3.7156304 | M54: J. Nelson | AB54: =[20]January_2019!L7 -> 285.8 | AC54: =[20]January_2019!M7 -> 508.1 | AD54: =[20]January_2019!N7 -> 0 | AE54: =[20]January_2019!O7 -> 0 | AF54: =[20]January_2019!P7 -> 109.56667 | AG54: =[20]January_2019!Q7 -> 297.65 | AH54: =[20]January_2019!R7 -> 122.3 | AI54: =[20]January_2019!S7 -> 0 | ... AX54: =[20]January_2019!AH7 -> 0
J58: NO SBF | L58: =(((D58+E58)-G58)/(D58+E58))*100 -> #DIV/0!
B61: Process Loss (Volume) | G61: Process Loss (Extract) | K61: Throughput
B62: Brand | C62: Actual | D62: MTD | E62: YTD | F62: Target | G62: Actual | H62: MTD | I62: YTD | J62: Target | K62: Actual | L62: MTD | M62: YTD | N62: Target
B63: CARIB | C63: =L54 -> 3.7156304 | F63: 4.8 | G63: =[39]September_2025!$H$11 -> 4.9721964 | J63: 4.8 | K63: =K54 -> 1.3638596 | N63: 1
B64: STAG | F64: 4.8 | J64: 4.8 | N64: 1
B65: GUINN | F65: 5.5 | J65: 5.5 | N65: 1
B66: VITAMALT | F66: 3.3 | J66: 3.3 | N66: 1
B67: APA | F67: 3.3 | J67: 3 | N67: 1
B68: MACKESON | F68: =[21]May_2022!$M$43 -> 3.4878407 | J68: 5.5 | N68: 1
B69: STARMALT | F69: 3.3 | J69: 3.3 | N69: 1
B70: IPA | F70: 7.5 | J70: 7.5 | N70: 1
B71: HURRICANE REEF PILS | F71: 4.8 | J71: 4.8 | N71: 1
F72: 5.5 | J72: 5.5 | N72: 1

Sheet Sept 8th
S1: P.G. | U1: Hot Time | W1: Process Time | Y1: Cooling Time
B2: Brewing Department Daily Process Loss Report | S2: Lower | T2: Upper | U2: Lower | V2: Upper | W2: Lower | X2: Upper | Y2: Lower | Z2: Upper
R3: CARIB | S3: 11.6 | T3: 12 | U3: 0 | V3: 0.11805556 | W3: 0.22569444 | X3: 0.26388889 | Y3: 0 | Z3: 60 | AB3: HR- PISNER
B4: Date: | C4: 45909 | J4: LOT WORT COLOUR: 3.5 | M4: Filter Sheets (Target 20 days) | R4: STAG | S4: 11.6 | T4: 12 | U4: 0 | V4: 0.11805556 | W4: 0.22569444 | X4: 0.26388889 | Y4: 0 | Z4: 60
M5: Double | N5: Single | R5: GUINNESS | S5: 17 | T5: 17.5 | U5: 0 | V5: 0.10763889 | W5: 0.24652778 | X5: 0.28472222 | Y5: 0 | Z5: 60
J6: MALT LOT: Lot #44 | L6: Sheet Day | R6: MACKESON | S6: 13.3 | T6: 13.5 | U6: 0 | V6: 0.12905093 | W6: 0.27430556 | X6: 0.30208333 | Y6: 0
R7: STARMALT | S7: 17 | T7: 17.4 | U7: 0 | V7: 0.13605324 | W7: 0.27430556 | X7: 0.30902778 | Y7: 0 | Z7: 85
B8: Brand | C8: Brew no. | D8: Kett. Hls | E8: Wort | F8: Cool Time(Mins) | G8: Cast. P.G. (Lab Result) | H8: Cast P.G. (Cellar Operator)-gravity | I8: Extr. Rec (77.9%) | J8: Theor. Extr. (77.5%) | K8: Boil Off /Vol. (4-6%) | L8: Boil Time | M8: Total Hot | N8: Brewing | O8: Operator | R8: Hurricane Reef | S8: 16.6 | T8: 17 | U8: 0 | V8: 0.12905093 | W8: 0.27430556 | X8: 0.30208333 | Y8: 0
E9: Meter (Hls) | F9: Target(< 60Mins) | M9: Time | R9: VITAMALT | S9: 14.2 | T9: 14.6 | U9: 0 | V9: 0.13905093 | W9: 0.26041667 | X9: 0.29513889 | Y9: 0 | Z9: 75
B10: VITAMALT | C10: =[26]Brewhouse!A79 -> VM067 | D10: =[26]Brewhouse!AE79 -> 50 | E10: =[26]Brewhouse!AJ79 -> 45.1 | F10: =[26]Brewhouse!X79 -> 80 | G10: =[26]Brewhouse!AH79 -> 14.6 | I10: =[26]Brewhouse!AV79 -> 93.416867 | J10: =[26]Brewhouse!AW79 -> 93.864941 | K10: =[26]Brewhouse!S79 -> 12.12 | L10: =[26]Brewhouse!R79 -> 59 | M10: =[26]Brewhouse!$W79-[26]Brewhouse!$V79 -> 0.17013889 | N10: =[26]Brewhouse!AB79 -> 0.29861111 | O10: =[26]Brewhouse!$AZ79 -> R.Sookram | R10: =B10 -> VITAMALT | S10: =VLOOKUP($B10,$R$3:$X$9,2,FALSE) -> 14.2 | T10: =VLOOKUP($B10,$R$3:$X$9,3,FALSE) -> 14.6 | U10: =VLOOKUP($B10,$R$3:$X$9,4,FALSE) -> 0 | V10: =VLOOKUP($B10,$R$3:$X$9,5,FALSE) -> 0.13905093 | W10: =VLOOKUP($B10,$R$3:$X$9,6,FALSE) -> 0.26041667 | X10: =VLOOKUP($B10,$R$3:$X$9,7,FALSE) -> 0.29513889 | Y10: =VLOOKUP($B10,$R$3:$Z$9,8,FALSE) -> 0 | Z10: =VLOOKUP($B10,$R$3:$Z$9,9,FALSE) -> 75
B11: VITAMALT | C11: =[26]Brewhouse!A80 -> VM068 | D11: =[26]Brewhouse!AE80 -> 50 | E11: =[26]Brewhouse!AJ80 -> 47.6 | F11: =[26]Brewhouse!X80 -> 85 | G11: =[26]Brewhouse!AH80 -> 14.5 | I11: =[26]Brewhouse!AV80 -> 97.892759 | J11: =[26]Brewhouse!AW80 -> 98.362301 | K11: =[26]Brewhouse!S80 -> 10.32 | L11: =[26]Brewhouse!R80 -> 58 | M11: =[26]Brewhouse!$W80-[26]Brewhouse!$V80 -> 0.14444444 | N11: =[26]Brewhouse!AB80 -> 0.27847222 | O11: =[26]Brewhouse!$AZ80 -> K. Benjamin | R11: =B11 -> VITAMALT | S11: =VLOOKUP($B11,$R$3:$X$9,2,FALSE) -> 14.2 | T11: =VLOOKUP($B11,$R$3:$X$9,3,FALSE) -> 14.6 | U11: =VLOOKUP($B11,$R$3:$X$9,4,FALSE) -> 0 | V11: =VLOOKUP($B11,$R$3:$X$9,5,FALSE) -> 0.13905093 | W11: =VLOOKUP($B11,$R$3:$X$9,6,FALSE) -> 0.26041667 | X11: =VLOOKUP($B11,$R$3:$X$9,7,FALSE) -> 0.29513889 | Y11: =VLOOKUP($B11,$R$3:$Z$9,8,FALSE) -> 0 | Z11: =VLOOKUP($B11,$R$3:$Z$9,9,FALSE) -> 75
B12: VITAMALT | C12: =[26]Brewhouse!A81 -> VM069 | D12: =[26]Brewhouse!AE81 -> 50.1 | E12: =[26]Brewhouse!AJ81 -> 46.5 | F12: =[26]Brewhouse!X81 -> 84 | G12: =[26]Brewhouse!AH81 -> 14.5 | I12: =[26]Brewhouse!AV81 -> 95.630531 | J12: =[26]Brewhouse!AW81 -> 96.089223 | K12: =[26]Brewhouse!S81 -> 8.7025948 | L12: =[26]Brewhouse!R81 -> 60 | M12: =[26]Brewhouse!$W81-[26]Brewhouse!$V81 -> 0.14305556 | N12: =[26]Brewhouse!AB81 -> 0.29027778 | O12: =[26]Brewhouse!$AZ81 -> R. Regis | R12: =B12 -> VITAMALT | S12: =VLOOKUP($B12,$R$3:$X$9,2,FALSE) -> 14.2 | T12: =VLOOKUP($B12,$R$3:$X$9,3,FALSE) -> 14.6 | U12: =VLOOKUP($B12,$R$3:$X$9,4,FALSE) -> 0 | V12: =VLOOKUP($B12,$R$3:$X$9,5,FALSE) -> 0.13905093 | W12: =VLOOKUP($B12,$R$3:$X$9,6,FALSE) -> 0.26041667 | X12: =VLOOKUP($B12,$R$3:$X$9,7,FALSE) -> 0.29513889 | Y12: =VLOOKUP($B12,$R$3:$Z$9,8,FALSE) -> 0 | Z12: =VLOOKUP($B12,$R$3:$Z$9,9,FALSE) -> 75
B13: VITAMALT | C13: =[26]Brewhouse!A82 -> VM070 | D13: =[26]Brewhouse!AE82 -> 50 | E13: =[26]Brewhouse!AJ82 -> 47.2 | F13: =[26]Brewhouse!X82 -> 85 | G13: =[26]Brewhouse!AH82 -> 14.6 | I13: =[26]Brewhouse!AV82 -> 97.766655 | J13: =[26]Brewhouse!AW82 -> 98.235592 | K13: =[26]Brewhouse!S82 -> 7.12 | L13: =[26]Brewhouse!R82 -> 59 | M13: =[26]Brewhouse!$W82-[26]Brewhouse!$V82 -> 0.14097222 | N13: =[26]Brewhouse!AB82 -> 0.29027778 | O13: =[26]Brewhouse!$AZ82 -> R. Regis | R13: =B13 -> VITAMALT | S13: =VLOOKUP($B13,$R$3:$X$9,2,FALSE) -> 14.2 | T13: =VLOOKUP($B13,$R$3:$X$9,3,FALSE) -> 14.6 | U13: =VLOOKUP($B13,$R$3:$X$9,4,FALSE) -> 0 | V13: =VLOOKUP($B13,$R$3:$X$9,5,FALSE) -> 0.13905093 | W13: =VLOOKUP($B13,$R$3:$X$9,6,FALSE) -> 0.26041667 | X13: =VLOOKUP($B13,$R$3:$X$9,7,FALSE) -> 0.29513889 | Y13: =VLOOKUP($B13,$R$3:$Z$9,8,FALSE) -> 0 | Z13: =VLOOKUP($B13,$R$3:$Z$9,9,FALSE) -> 75
B14: VITAMALT | C14: =[26]Brewhouse!A83 -> VM071 | D14: =[26]Brewhouse!AE83 -> 50 | E14: =[26]Brewhouse!AJ83 -> 46.9 | F14: =[26]Brewhouse!X83 -> 83 | G14: =[26]Brewhouse!AH83 -> 14.8 | I14: =[26]Brewhouse!AV83 -> 98.52945 | J14: =[26]Brewhouse!AW83 -> 99.002047 | K14: =[26]Brewhouse!S83 -> 16.92 | L14: =[26]Brewhouse!R83 -> 61 | M14: =[26]Brewhouse!$W83-[26]Brewhouse!$V83 -> 0.21180556 | N14: =[26]Brewhouse!AB83 -> 0.35833333 | O14: =[26]Brewhouse!$AZ83 -> R. Regis | P14: Sugar hopper issues | R14: =B14 -> VITAMALT | S14: =VLOOKUP($B14,$R$3:$X$9,2,FALSE) -> 14.2 | T14: =VLOOKUP($B14,$R$3:$X$9,3,FALSE) -> 14.6 | U14: =VLOOKUP($B14,$R$3:$X$9,4,FALSE) -> 0 | V14: =VLOOKUP($B14,$R$3:$X$9,5,FALSE) -> 0.13905093 | W14: =VLOOKUP($B14,$R$3:$X$9,6,FALSE) -> 0.26041667 | X14: =VLOOKUP($B14,$R$3:$X$9,7,FALSE) -> 0.29513889 | Y14: =VLOOKUP($B14,$R$3:$Z$9,8,FALSE) -> 0 | Z14: =VLOOKUP($B14,$R$3:$Z$9,9,FALSE) -> 75
B15: VITAMALT | C15: =[26]Brewhouse!A84 -> VM072 | D15: =[26]Brewhouse!AE84 -> 50 | E15: =[26]Brewhouse!AJ84 -> 47.9 | F15: =[26]Brewhouse!X84 -> 85 | G15: =[26]Brewhouse!AH84 -> 13.8 | I15: =[26]Brewhouse!AV84 -> 93.497493 | J15: =[26]Brewhouse!AW84 -> 93.945954 | K15: =[26]Brewhouse!S84 -> 5.92 | L15: =[26]Brewhouse!R84 -> 60 | M15: =[26]Brewhouse!$W84-[26]Brewhouse!$V84 -> 0.13680556 | N15: =[26]Brewhouse!AB84 -> 0.35347222 | O15: =[26]Brewhouse!$AZ84 -> R.Sookram | P15: Copper up in pre run tank | R15: =B15 -> VITAMALT | S15: =VLOOKUP($B15,$R$3:$X$9,2,FALSE) -> 14.2 | T15: =VLOOKUP($B15,$R$3:$X$9,3,FALSE) -> 14.6 | U15: =VLOOKUP($B15,$R$3:$X$9,4,FALSE) -> 0 | V15: =VLOOKUP($B15,$R$3:$X$9,5,FALSE) -> 0.13905093 | W15: =VLOOKUP($B15,$R$3:$X$9,6,FALSE) -> 0.26041667 | X15: =VLOOKUP($B15,$R$3:$X$9,7,FALSE) -> 0.29513889 | Y15: =VLOOKUP($B15,$R$3:$Z$9,8,FALSE) -> 0 | Z15: =VLOOKUP($B15,$R$3:$Z$9,9,FALSE) -> 75
B16: VITAMALT | C16: =[26]Brewhouse!A85 -> VM073 | D16: =[26]Brewhouse!AE85 -> 50 | E16: =[26]Brewhouse!AJ85 -> 47.2 | F16: =[26]Brewhouse!X85 -> 85 | G16: =[26]Brewhouse!AH85 -> 14.6 | I16: =[26]Brewhouse!AV85 -> 97.870869 | J16: =[26]Brewhouse!AW85 -> 98.338324 | K16: =[26]Brewhouse!S85 -> 6.72 | L16: =[26]Brewhouse!R85 -> 60 | M16: =[26]Brewhouse!$W85-[26]Brewhouse!$V85 -> 0.1375 | N16: =[26]Brewhouse!AB85 -> 0.34027778 | O16: =[26]Brewhouse!$AZ85 -> R.Sookram | P16: Copper up in pre run tank | R16: =B16 -> VITAMALT | S16: =VLOOKUP($B16,$R$3:$X$9,2,FALSE) -> 14.2 | T16: =VLOOKUP($B16,$R$3:$X$9,3,FALSE) -> 14.6 | U16: =VLOOKUP($B16,$R$3:$X$9,4,FALSE) -> 0 | V16: =VLOOKUP($B16,$R$3:$X$9,5,FALSE) -> 0.13905093 | W16: =VLOOKUP($B16,$R$3:$X$9,6,FALSE) -> 0.26041667 | X16: =VLOOKUP($B16,$R$3:$X$9,7,FALSE) -> 0.29513889 | Y16: =VLOOKUP($B16,$R$3:$Z$9,8,FALSE) -> 0 | Z16: =VLOOKUP($B16,$R$3:$Z$9,9,FALSE) -> 75
R17: =B17 -> 0 | S17: =VLOOKUP($B17,$R$3:$X$9,2,FALSE) -> #N/A | T17: =VLOOKUP($B17,$R$3:$X$9,3,FALSE) -> #N/A | U17: =VLOOKUP($B17,$R$3:$X$9,4,FALSE) -> #N/A | V17: =VLOOKUP($B17,$R$3:$X$9,5,FALSE) -> #N/A | W17: =VLOOKUP($B17,$R$3:$X$9,6,FALSE) -> #N/A | X17: =VLOOKUP($B17,$R$3:$X$9,7,FALSE) -> #N/A | Y17: =VLOOKUP($B17,$R$3:$Z$9,8,FALSE) -> #N/A | Z17: =VLOOKUP($B17,$R$3:$Z$9,9,FALSE) -> #N/A
R18: =B18 -> 0 | S18: =VLOOKUP($B18,$R$3:$X$9,2,FALSE) -> #N/A | T18: =VLOOKUP($B18,$R$3:$X$9,3,FALSE) -> #N/A | U18: =VLOOKUP($B18,$R$3:$X$9,4,FALSE) -> #N/A | V18: =VLOOKUP($B18,$R$3:$X$9,5,FALSE) -> #N/A | W18: =VLOOKUP($B18,$R$3:$X$9,6,FALSE) -> #N/A | X18: =VLOOKUP($B18,$R$3:$X$9,7,FALSE) -> #N/A | Y18: =VLOOKUP($B18,$R$3:$Z$9,8,FALSE) -> #N/A | Z18: =VLOOKUP($B18,$R$3:$Z$9,9,FALSE) -> #N/A
R19: =B19 -> 0 | S19: =VLOOKUP($B19,$R$3:$X$9,2,FALSE) -> #N/A | T19: =VLOOKUP($B19,$R$3:$X$9,3,FALSE) -> #N/A | U19: =VLOOKUP($B19,$R$3:$X$9,4,FALSE) -> #N/A | V19: =VLOOKUP($B19,$R$3:$X$9,5,FALSE) -> #N/A | W19: =VLOOKUP($B19,$R$3:$X$9,6,FALSE) -> #N/A | X19: =VLOOKUP($B19,$R$3:$X$9,7,FALSE) -> #N/A | Y19: =VLOOKUP($B19,$R$3:$Z$9,8,FALSE) -> #N/A | Z19: =VLOOKUP($B19,$R$3:$Z$9,9,FALSE) -> #N/A
R20: =B20 -> 0 | S20: =VLOOKUP($B20,$R$3:$X$9,2,FALSE) -> #N/A | T20: =VLOOKUP($B20,$R$3:$X$9,3,FALSE) -> #N/A | U20: =VLOOKUP($B20,$R$3:$X$9,4,FALSE) -> #N/A | V20: =VLOOKUP($B20,$R$3:$X$9,5,FALSE) -> #N/A | W20: =VLOOKUP($B20,$R$3:$X$9,6,FALSE) -> #N/A | X20: =VLOOKUP($B20,$R$3:$X$9,7,FALSE) -> #N/A | Y20: =VLOOKUP($B20,$R$3:$Z$9,8,FALSE) -> #N/A | Z20: =VLOOKUP($B20,$R$3:$Z$9,9,FALSE) -> #N/A
R21: =B21 -> 0 | S21: =VLOOKUP($B21,$R$3:$X$9,2,FALSE) -> #N/A | T21: =VLOOKUP($B21,$R$3:$X$9,3,FALSE) -> #N/A | U21: =VLOOKUP($B21,$R$3:$X$9,4,FALSE) -> #N/A | V21: =VLOOKUP($B21,$R$3:$X$9,5,FALSE) -> #N/A | W21: =VLOOKUP($B21,$R$3:$X$9,6,FALSE) -> #N/A | X21: =VLOOKUP($B21,$R$3:$X$9,7,FALSE) -> #N/A | Y21: =VLOOKUP($B21,$R$3:$Z$9,8,FALSE) -> #N/A | Z21: =VLOOKUP($B21,$R$3:$Z$9,9,FALSE) -> #N/A
R22: =B22 -> 0 | S22: =VLOOKUP($B22,$R$3:$X$9,2,FALSE) -> #N/A | T22: =VLOOKUP($B22,$R$3:$X$9,3,FALSE) -> #N/A | U22: =VLOOKUP($B22,$R$3:$X$9,4,FALSE) -> #N/A | V22: =VLOOKUP($B22,$R$3:$X$9,5,FALSE) -> #N/A | W22: =VLOOKUP($B22,$R$3:$X$9,6,FALSE) -> #N/A | X22: =VLOOKUP($B22,$R$3:$X$9,7,FALSE) -> #N/A | Y22: =VLOOKUP($B22,$R$3:$Z$9,8,FALSE) -> #N/A | Z22: =VLOOKUP($B22,$R$3:$Z$9,9,FALSE) -> #N/A
R23: =B23 -> 0 | S23: =VLOOKUP($B23,$R$3:$X$9,2,FALSE) -> #N/A | T23: =VLOOKUP($B23,$R$3:$X$9,3,FALSE) -> #N/A | U23: =VLOOKUP($B23,$R$3:$X$9,4,FALSE) -> #N/A | V23: =VLOOKUP($B23,$R$3:$X$9,5,FALSE) -> #N/A | W23: =VLOOKUP($B23,$R$3:$X$9,6,FALSE) -> #N/A | X23: =VLOOKUP($B23,$R$3:$X$9,7,FALSE) -> #N/A | Y23: =VLOOKUP($B23,$R$3:$Z$9,8,FALSE) -> #N/A | Z23: =VLOOKUP($B23,$R$3:$Z$9,9,FALSE) -> #N/A
R24: =B24 -> 0 | S24: =VLOOKUP($B24,$R$3:$X$9,2,FALSE) -> #N/A | T24: =VLOOKUP($B24,$R$3:$X$9,3,FALSE) -> #N/A | U24: =VLOOKUP($B24,$R$3:$X$9,4,FALSE) -> #N/A | V24: =VLOOKUP($B24,$R$3:$X$9,5,FALSE) -> #N/A | W24: =VLOOKUP($B24,$R$3:$X$9,6,FALSE) -> #N/A | X24: =VLOOKUP($B24,$R$3:$X$9,7,FALSE) -> #N/A | Y24: =VLOOKUP($B24,$R$3:$Z$9,8,FALSE) -> #N/A | Z24: =VLOOKUP($B24,$R$3:$Z$9,9,FALSE) -> #N/A
R25: =B25 -> 0 | S25: =VLOOKUP($B25,$R$3:$X$9,2,FALSE) -> #N/A | T25: =VLOOKUP($B25,$R$3:$X$9,3,FALSE) -> #N/A | U25: =VLOOKUP($B25,$R$3:$X$9,4,FALSE) -> #N/A | V25: =VLOOKUP($B25,$R$3:$X$9,5,FALSE) -> #N/A | W25: =VLOOKUP($B25,$R$3:$X$9,6,FALSE) -> #N/A | X25: =VLOOKUP($B25,$R$3:$X$9,7,FALSE) -> #N/A | Y25: =VLOOKUP($B25,$R$3:$Z$9,8,FALSE) -> #N/A | Z25: =VLOOKUP($B25,$R$3:$Z$9,9,FALSE) -> #N/A
B26: BRAND | D26: BBT P.G./ O.G | I26: Brand | J26: Actual | K26: MTD No. of Brews | L26: MTD | M26: YTD | N26: Target | R26: =B26 -> BRAND | S26: =VLOOKUP($B26,$R$3:$X$9,2,FALSE) -> #N/A | T26: =VLOOKUP($B26,$R$3:$X$9,3,FALSE) -> #N/A | U26: =VLOOKUP($B26,$R$3:$X$9,4,FALSE) -> #N/A | V26: =VLOOKUP($B26,$R$3:$X$9,5,FALSE) -> #N/A | W26: =VLOOKUP($B26,$R$3:$X$9,6,FALSE) -> #N/A | X26: =VLOOKUP($B26,$R$3:$X$9,7,FALSE) -> #N/A | Y26: =VLOOKUP($B26,$R$3:$Z$9,8,FALSE) -> #N/A | Z26: =VLOOKUP($B26,$R$3:$Z$9,9,FALSE) -> #N/A
B27: =I27 -> CARIB | I27: CARIB | K27: =COUNTA([22]Brewhouse!$A$740:$A$758) -> 19 | L27: =AVERAGE([22]Brewhouse!$AU$740:$AU$758) -> 97.561908 | M27: =AVERAGE([22]Brewhouse!$AU$102:$AU$171,[22]Brewhouse!$AU$173:$AU$253,[22]Brewhouse!$AU$255:$AU$339,[22]Brewhouse!$AU$341:$AU$346,[22]Brewhouse!$AU$348,[22]Brewhouse!$AU$349:$AU$406,[22]Brewhouse!$AU$408:$AU$491,[22]Brewhouse!$AU$493:$AU$578,[22]Brewhouse!$AU$580:$AU$652,[22]Brewhouse!$AU$655:$AU$758) -> 97.701446 | N27: 98 | R27: =B27 -> CARIB | S27: =VLOOKUP($B27,$R$3:$X$9,2,FALSE) -> 11.6 | T27: =VLOOKUP($B27,$R$3:$X$9,3,FALSE) -> 12 | U27: =VLOOKUP($B27,$R$3:$X$9,4,FALSE) -> 0 | V27: =VLOOKUP($B27,$R$3:$X$9,5,FALSE) -> 0.11805556 | W27: =VLOOKUP($B27,$R$3:$X$9,6,FALSE) -> 0.22569444 | X27: =VLOOKUP($B27,$R$3:$X$9,7,FALSE) -> 0.26388889 | Y27: =VLOOKUP($B27,$R$3:$Z$9,8,FALSE) -> 0 | Z27: =VLOOKUP($B27,$R$3:$Z$9,9,FALSE) -> 60
I28: STAG | K28: =COUNTA([24]Brewhouse!$A$361:$A$370) -> 10 | L28: =AVERAGE([24]Brewhouse!$AS$361:$AS$370) -> 97.373918 | M28: =AVERAGE([24]Brewhouse!$AS$15:$AS$64,[24]Brewhouse!$AS$66:$AS$103,[24]Brewhouse!$AS$105:$AS$140,[24]Brewhouse!$AS$142:$AS$193,[24]Brewhouse!$AS$195:$AS$240,[24]Brewhouse!$AS$242:$AS$273,[24]Brewhouse!$AS$275:$AS$322,[24]Brewhouse!$AS$324:$AS$359,[24]Brewhouse!$AS$361:$AS$370) -> 98.045617 | N28: 98 | R28: =B28 -> 0 | S28: =VLOOKUP($B28,$R$3:$X$9,2,FALSE) -> #N/A | T28: =VLOOKUP($B28,$R$3:$X$9,3,FALSE) -> #N/A | U28: =VLOOKUP($B28,$R$3:$X$9,4,FALSE) -> #N/A | V28: =VLOOKUP($B28,$R$3:$X$9,5,FALSE) -> #N/A | W28: =VLOOKUP($B28,$R$3:$X$9,6,FALSE) -> #N/A | X28: =VLOOKUP($B28,$R$3:$X$9,7,FALSE) -> #N/A | Y28: =VLOOKUP($B28,$R$3:$Z$9,8,FALSE) -> #N/A | Z28: =VLOOKUP($B28,$R$3:$Z$9,9,FALSE) -> #N/A
I29: GUINNESS | M29: =AVERAGE([25]Brewhouse!$AU$4:$AU$7,[25]Brewhouse!$AU$9:$AU$22,[25]Brewhouse!$AU$24:$AU$35,[25]Brewhouse!$AU$37:$AU$45,[25]Brewhouse!$AU$47:$AU$62,[25]Brewhouse!$AU$64:$AU$79,[25]Brewhouse!$AU$81:$AU$92) -> 96.938185 | N29: 98 | R29: =B29 -> 0 | S29: =VLOOKUP($B29,$R$3:$X$9,2,FALSE) -> #N/A | T29: =VLOOKUP($B29,$R$3:$X$9,3,FALSE) -> #N/A | U29: =VLOOKUP($B29,$R$3:$X$9,4,FALSE) -> #N/A | V29: =VLOOKUP($B29,$R$3:$X$9,5,FALSE) -> #N/A | W29: =VLOOKUP($B29,$R$3:$X$9,6,FALSE) -> #N/A | X29: =VLOOKUP($B29,$R$3:$X$9,7,FALSE) -> #N/A | Y29: =VLOOKUP($B29,$R$3:$Z$9,8,FALSE) -> #N/A | Z29: =VLOOKUP($B29,$R$3:$Z$9,9,FALSE) -> #N/A
I30: VITAMALT | J30: =AVERAGE(I10:I16) -> 96.372089 | K30: =COUNTA([26]Brewhouse!$A$79:$A$85) -> 7 | L30: =AVERAGE([26]Brewhouse!$AV$79:$AV$85) -> 96.372089 | M30: =AVERAGE([26]Brewhouse!$AV$5:$AV$14,[26]Brewhouse!$AV$16:$AV$19,[26]Brewhouse!$AV$21:$AV$24,[26]Brewhouse!$AV$26:$AV$33,[26]Brewhouse!$AV$35:$AV$46,[26]Brewhouse!$AV$48:$AV$53,[26]Brewhouse!$AV$55:$AV$62,[26]Brewhouse!$AV$64:$AV$77,[26]Brewhouse!$AV$79:$AV$85) -> 98.315311 | N30: 98 | R30: =B30 -> 0 | S30: =VLOOKUP($B30,$R$3:$X$9,2,FALSE) -> #N/A | T30: =VLOOKUP($B30,$R$3:$X$9,3,FALSE) -> #N/A | U30: =VLOOKUP($B30,$R$3:$X$9,4,FALSE) -> #N/A | V30: =VLOOKUP($B30,$R$3:$X$9,5,FALSE) -> #N/A | W30: =VLOOKUP($B30,$R$3:$X$9,6,FALSE) -> #N/A | X30: =VLOOKUP($B30,$R$3:$X$9,7,FALSE) -> #N/A | Y30: =VLOOKUP($B30,$R$3:$Z$9,8,FALSE) -> #N/A | Z30: =VLOOKUP($B30,$R$3:$Z$9,9,FALSE) -> #N/A
I31: MAXIMALT | N31: 98 | R31: =B31 -> 0 | S31: =VLOOKUP($B31,$R$3:$X$9,2,FALSE) -> #N/A | T31: =VLOOKUP($B31,$R$3:$X$9,3,FALSE) -> #N/A | U31: =VLOOKUP($B31,$R$3:$X$9,4,FALSE) -> #N/A | V31: =VLOOKUP($B31,$R$3:$X$9,5,FALSE) -> #N/A | W31: =VLOOKUP($B31,$R$3:$X$9,6,FALSE) -> #N/A | X31: =VLOOKUP($B31,$R$3:$X$9,7,FALSE) -> #N/A | Y31: =VLOOKUP($B31,$R$3:$Z$9,8,FALSE) -> #N/A | Z31: =VLOOKUP($B31,$R$3:$Z$9,9,FALSE) -> #N/A
I32: MACKESON | M32: =AVERAGE([27]Brewhouse!$AT$4:$AT$11,[27]Brewhouse!$AT$13:$AT$16,[27]Brewhouse!$AT$18:$AT$21,[27]Brewhouse!$AT$26) -> 94.588058 | N32: 98
I33: STARMALT | K33: =COUNTA([23]Brewhouse!$A$75:$A$82) -> 8 | L33: =AVERAGE([23]Brewhouse!$AY$75:$AY$82) -> 97.738838 | M33: =AVERAGE([23]Brewhouse!$AY$6:$AY$13,[23]Brewhouse!$AY$15:$AY$20,[23]Brewhouse!$AY$22:$AY$29,[23]Brewhouse!$AY$31:$AY$34,[23]Brewhouse!$AY$36:$AY$43,[23]Brewhouse!$AY$45:$AY$50, [23]Brewhouse!$AY$56:$AY$73,[23]Brewhouse!$AY$75:$AY$82) -> 97.409216 | N33: 98
I34: HR- Pils | M34: =AVERAGE([28]Brewhouse!$AU$5:$AU$8,[28]Brewhouse!$AU$10:$AU$13,[23]Brewhouse!$AY$75:$AY$77) -> 94.749192 | N34: 98
I35: HR- IPA | M35: =AVERAGE([29]Brewhouse!$AW$26:$AW$27) -> 95.310681 | N35: 98
I36: HR- APA | M36: =AVERAGE([30]Brewhouse!$AU$13:$AU$14) -> 97.110575 | N36: 98
K37: =SUM(K27:K36) -> 44 | L37: =((L27*K27)+(L28*K28)+(L29*K29)+(L30*K30)+(L31*K31)+(K34*L34)+(L32*K32)+(L33*K33)+(L36*K36))/(K37) -> 97.362063 | M37: =AVERAGE('[31]Jan 31st'!$L$65,'[32]Feb 28th'!$L$35,'[33]Mar. 31st'!$L$35,'[34]Apr. 30th'!$L$45,'[35]May 30th'!$L$37,'[36]June 30th'!$L$57,L37) -> 97.616282 | N37: 98
J39: Daily Brewing Plan
J40: Brand | K40: Brews Achieved | L40: Average Brews per day
J41: CARIB | L41: MTD | M41: YTD | N41: TARGET
J42: STAG | L42: =AVERAGE('Sept 1st'!K53,'Sept 2nd'!K51,'Sept 3rd'!K52,'Sept 4th'!K61,'Sept 5th '!K49,K51) -> 8.5 | M42: =AVERAGE('[31]Jan 29th '!$M$70,'[32]Feb 28th'!$L$40,'[33]Mar. 31st'!$L$40,'[34]Apr. 30th'!$L$50,'[35]May 30th'!$L$42,'[36]June 30th'!$L$62,'[37]July 29th '!$L$49,'[38]Aug 29th'!$L$34,L42) -> 7.1258563 | N42: 9.2
J43: GUINN
J44: VITAMALT | K44: 7
J45: STARMALT
J46: MACKESON
J47: HURRICANE REEF- IPA
J48: HURRICANE REEF- APA
B49: AVERAGE | D49: =AVERAGE(D27:E48) -> #DIV/0! | J49: HR- PILSNER
J50: CARIBE
J51: Total | K51: =SUM(K41:K50) -> 7
B52: Process: | C52: Fermentation/Filtration
B54: Brand | C54: Filt. Date | D54: FV Hls | E54: GFE/ Prim/ Vita Blend (Hls) | F54: SV Hls | G54: BBT Hls | H54: Loss (%) Ferm | I54: Loss (%) Filt | J54: Comments | K54: Throughput | L54: Process Loss (%) | M54: Filt. Operator
AB55: 43474 | AC55: 43475 | AD55: 43476 | AE55: 43477 | AF55: 43478 | AG55: 43479 | AH55: 43480 | AI55: 43481 | AJ55: 43482 | AK55: 43483 | AL55: 43484 | AM55: 43485 | AN55: 43486 | AO55: 43487 | AP55: 43488 | AQ55: 43489 | AR55: 43490 | AS55: 43491 | AT55: 43492 | AU55: 43493 | AV55: 43494 | AW55: 43495 | AX55: 43496
B56: =I27 -> CARIB | C56: 45908 | D56: =[39]September_2025!$K$3 -> 410 | G56: =[39]September_2025!$K$7 -> 386.7 | J56: 4 BREAKS | K56: =[40]September_2025!$K$18 -> 0.27136842 | L56: =(((D56+E56)-G56)/(D56+E56))*100 -> 5.6829268 | M56: G. Mason | AB56: =[20]January_2019!L7 -> 285.8 | AC56: =[20]January_2019!M7 -> 508.1 | AD56: =[20]January_2019!N7 -> 0 | AE56: =[20]January_2019!O7 -> 0 | AF56: =[20]January_2019!P7 -> 109.56667 | AG56: =[20]January_2019!Q7 -> 297.65 | AH56: =[20]January_2019!R7 -> 122.3 | AI56: =[20]January_2019!S7 -> 0 | ... AX56: =[20]January_2019!AH7 -> 0
J60: NO SBF | L60: =(((D60+E60)-G60)/(D60+E60))*100 -> #DIV/0!
B63: Process Loss (Volume) | G63: Process Loss (Extract) | K63: Throughput
B64: Brand | C64: Actual | D64: MTD | E64: YTD | F64: Target | G64: Actual | H64: MTD | I64: YTD | J64: Target | K64: Actual | L64: MTD | M64: YTD | N64: Target
B65: CARIB | C65: =L56 -> 5.6829268 | F65: 4.8 | G65: =[39]September_2025!$K$11 -> 6.9875568 | J65: 4.8 | K65: =K56 -> 0.27136842 | N65: 1
B66: STAG | F66: 4.8 | J66: 4.8 | N66: 1
B67: GUINN | F67: 5.5 | J67: 5.5 | N67: 1
B68: VITAMALT | F68: 3.3 | J68: 3.3 | N68: 1
B69: APA | F69: 3.3 | J69: 3 | N69: 1
B70: MACKESON | F70: =[21]May_2022!$M$43 -> 3.4878407 | J70: 5.5 | N70: 1
B71: STARMALT | F71: 3.3 | J71: 3.3 | N71: 1
B72: IPA | F72: 7.5 | J72: 7.5 | N72: 1
B73: HURRICANE REEF PILS | F73: 4.8 | J73: 4.8 | N73: 1
F74: 5.5 | J74: 5.5 | N74: 1

Sheet Sept 9th
S1: P.G. | U1: Hot Time | W1: Process Time | Y1: Cooling Time
B2: Brewing Department Daily Process Loss Report | S2: Lower | T2: Upper | U2: Lower | V2: Upper | W2: Lower | X2: Upper | Y2: Lower | Z2: Upper
R3: CARIB | S3: 11.6 | T3: 12 | U3: 0 | V3: 0.11805556 | W3: 0.22569444 | X3: 0.26388889 | Y3: 0 | Z3: 60 | AB3: HR- PISNER
B4: Date: | C4: 45910 | J4: LOT WORT COLOUR: 3.5 | M4: Filter Sheets (Target 20 days) | R4: STAG | S4: 11.6 | T4: 12 | U4: 0 | V4: 0.11805556 | W4: 0.22569444 | X4: 0.26388889 | Y4: 0 | Z4: 60
M5: Double | N5: Single | R5: GUINNESS | S5: 17 | T5: 17.5 | U5: 0 | V5: 0.10763889 | W5: 0.24652778 | X5: 0.28472222 | Y5: 0 | Z5: 60
J6: MALT LOT: Lot #44 | L6: Sheet Day | R6: MACKESON | S6: 13.3 | T6: 13.5 | U6: 0 | V6: 0.12905093 | W6: 0.27430556 | X6: 0.30208333 | Y6: 0
R7: STARMALT | S7: 17 | T7: 17.4 | U7: 0 | V7: 0.13605324 | W7: 0.27430556 | X7: 0.30902778 | Y7: 0 | Z7: 85
B8: Brand | C8: Brew no. | D8: Kett. Hls | E8: Wort | F8: Cool Time(Mins) | G8: Cast. P.G. (Lab Result) | H8: Cast P.G. (Cellar Operator)-gravity | I8: Extr. Rec (77.9%) | J8: Theor. Extr. (77.5%) | K8: Boil Off /Vol. (4-6%) | L8: Boil Time | M8: Total Hot | N8: Brewing | O8: Operator | R8: Hurricane Reef | S8: 16.6 | T8: 17 | U8: 0 | V8: 0.12905093 | W8: 0.27430556 | X8: 0.30208333 | Y8: 0
E9: Meter (Hls) | F9: Target(< 60Mins) | M9: Time | R9: VITAMALT | S9: 14.2 | T9: 14.6 | U9: 0 | V9: 0.13905093 | W9: 0.26041667 | X9: 0.29513889 | Y9: 0 | Z9: 75
B10: VITAMALT | C10: =[26]Brewhouse!A86 -> VM074 | D10: =[26]Brewhouse!AE86 -> 50 | E10: =[26]Brewhouse!AJ86 -> 48.8 | F10: =[26]Brewhouse!X86 -> 89 | G10: =[26]Brewhouse!AH86 -> 14 | I10: =[26]Brewhouse!AV86 -> 96.694501 | J10: =[26]Brewhouse!AW86 -> 97.158296 | K10: =[26]Brewhouse!S86 -> 6.52 | L10: =[26]Brewhouse!R86 -> 58 | M10: =[26]Brewhouse!$W86-[26]Brewhouse!$V86 -> 0.13472222 | N10: =[26]Brewhouse!AB86 -> 0.31527778 | O10: =[26]Brewhouse!$AZ86 -> D. Gomaz | P10: Copper up in pre run tank | R10: =B10 -> VITAMALT | S10: =VLOOKUP($B10,$R$3:$X$9,2,FALSE) -> 14.2 | T10: =VLOOKUP($B10,$R$3:$X$9,3,FALSE) -> 14.6 | U10: =VLOOKUP($B10,$R$3:$X$9,4,FALSE) -> 0 | V10: =VLOOKUP($B10,$R$3:$X$9,5,FALSE) -> 0.13905093 | W10: =VLOOKUP($B10,$R$3:$X$9,6,FALSE) -> 0.26041667 | X10: =VLOOKUP($B10,$R$3:$X$9,7,FALSE) -> 0.29513889 | Y10: =VLOOKUP($B10,$R$3:$Z$9,8,FALSE) -> 0 | Z10: =VLOOKUP($B10,$R$3:$Z$9,9,FALSE) -> 75
R11: =B11 -> 0 | S11: =VLOOKUP($B11,$R$3:$X$9,2,FALSE) -> #N/A | T11: =VLOOKUP($B11,$R$3:$X$9,3,FALSE) -> #N/A | U11: =VLOOKUP($B11,$R$3:$X$9,4,FALSE) -> #N/A | V11: =VLOOKUP($B11,$R$3:$X$9,5,FALSE) -> #N/A | W11: =VLOOKUP($B11,$R$3:$X$9,6,FALSE) -> #N/A | X11: =VLOOKUP($B11,$R$3:$X$9,7,FALSE) -> #N/A | Y11: =VLOOKUP($B11,$R$3:$Z$9,8,FALSE) -> #N/A | Z11: =VLOOKUP($B11,$R$3:$Z$9,9,FALSE) -> #N/A
B12: CARIB | C12: =[22]Brewhouse!$A766 -> CA657 | D12: =[22]Brewhouse!$AF766 -> 49.7 | E12: =[22]Brewhouse!$AI766 -> 47.5 | F12: =[22]Brewhouse!$V766 -> 55 | G12: =[22]Brewhouse!AG766 -> 12 | I12: =[22]Brewhouse!$AU766 -> 93.620316 | J12: =[22]Brewhouse!$AV766 -> 95.695839 | K12: =[22]Brewhouse!$Q766 -> 7.5849057 | L12: =[22]Brewhouse!$P766 -> 61 | M12: =[22]Brewhouse!$U766-[22]Brewhouse!$T766 -> 0.10555556 | N12: =[22]Brewhouse!$Z766 -> 0.23194444 | O12: =[22]Brewhouse!$AX766 -> K.Benjamin | R12: =B12 -> CARIB | S12: =VLOOKUP($B12,$R$3:$X$9,2,FALSE) -> 11.6 | T12: =VLOOKUP($B12,$R$3:$X$9,3,FALSE) -> 12 | U12: =VLOOKUP($B12,$R$3:$X$9,4,FALSE) -> 0 | V12: =VLOOKUP($B12,$R$3:$X$9,5,FALSE) -> 0.11805556 | W12: =VLOOKUP($B12,$R$3:$X$9,6,FALSE) -> 0.22569444 | X12: =VLOOKUP($B12,$R$3:$X$9,7,FALSE) -> 0.26388889 | Y12: =VLOOKUP($B12,$R$3:$Z$9,8,FALSE) -> 0 | Z12: =VLOOKUP($B12,$R$3:$Z$9,9,FALSE) -> 60
B13: CARIB | C13: =[22]Brewhouse!$A767 -> CA658 | D13: =[22]Brewhouse!$AF767 -> 48.3 | E13: =[22]Brewhouse!$AI767 -> 48.9 | F13: =[22]Brewhouse!$V767 -> 51 | G13: =[22]Brewhouse!AG767 -> 11.9 | I13: =[22]Brewhouse!$AU767 -> 95.654704 | J13: =[22]Brewhouse!$AV767 -> 97.775091 | K13: =[22]Brewhouse!$Q767 -> 10.226415 | L13: =[22]Brewhouse!$P767 -> 61 | M13: =[22]Brewhouse!$U767-[22]Brewhouse!$T767 -> 0.10902778 | N13: =[22]Brewhouse!$Z767 -> 0.24166667 | O13: =[22]Brewhouse!$AX767 -> K.Benjamin | R13: =B13 -> CARIB | S13: =VLOOKUP($B13,$R$3:$X$9,2,FALSE) -> 11.6 | T13: =VLOOKUP($B13,$R$3:$X$9,3,FALSE) -> 12 | U13: =VLOOKUP($B13,$R$3:$X$9,4,FALSE) -> 0 | V13: =VLOOKUP($B13,$R$3:$X$9,5,FALSE) -> 0.11805556 | W13: =VLOOKUP($B13,$R$3:$X$9,6,FALSE) -> 0.22569444 | X13: =VLOOKUP($B13,$R$3:$X$9,7,FALSE) -> 0.26388889 | Y13: =VLOOKUP($B13,$R$3:$Z$9,8,FALSE) -> 0 | Z13: =VLOOKUP($B13,$R$3:$Z$9,9,FALSE) -> 60
B14: CARIB | C14: =[22]Brewhouse!$A768 -> CA659 | D14: =[22]Brewhouse!$AF768 -> 51.7 | E14: =[22]Brewhouse!$AI768 -> 49.7 | F14: =[22]Brewhouse!$V768 -> 53 | G14: =[22]Brewhouse!AG768 -> 11.7 | I14: =[22]Brewhouse!$AU768 -> 95.740465 | J14: =[22]Brewhouse!$AV768 -> 97.862277 | K14: =[22]Brewhouse!$Q768 -> 3.8113208 | L14: =[22]Brewhouse!$P768 -> 59 | M14: =[22]Brewhouse!$U768-[22]Brewhouse!$T768 -> 0.097916667 | N14: =[22]Brewhouse!$Z768 -> 0.2375 | O14: =[22]Brewhouse!$AX768 -> K.Benjamin | R14: =B14 -> CARIB | S14: =VLOOKUP($B14,$R$3:$X$9,2,FALSE) -> 11.6 | T14: =VLOOKUP($B14,$R$3:$X$9,3,FALSE) -> 12 | U14: =VLOOKUP($B14,$R$3:$X$9,4,FALSE) -> 0 | V14: =VLOOKUP($B14,$R$3:$X$9,5,FALSE) -> 0.11805556 | W14: =VLOOKUP($B14,$R$3:$X$9,6,FALSE) -> 0.22569444 | X14: =VLOOKUP($B14,$R$3:$X$9,7,FALSE) -> 0.26388889 | Y14: =VLOOKUP($B14,$R$3:$Z$9,8,FALSE) -> 0 | Z14: =VLOOKUP($B14,$R$3:$Z$9,9,FALSE) -> 60
B15: CARIB | C15: =[22]Brewhouse!$A769 -> CA660 | D15: =[22]Brewhouse!$AF769 -> 52 | E15: =[22]Brewhouse!$AI769 -> 50.1 | F15: =[22]Brewhouse!$V769 -> 53 | G15: =[22]Brewhouse!AG769 -> 11.7 | I15: =[22]Brewhouse!$AU769 -> 96.270295 | J15: =[22]Brewhouse!$AV769 -> 98.404329 | K15: =[22]Brewhouse!$Q769 -> 3.245283 | L15: =[22]Brewhouse!$P769 -> 60 | M15: =[22]Brewhouse!$U769-[22]Brewhouse!$T769 -> 0.10625 | N15: =[22]Brewhouse!$Z769 -> 0.24444444 | O15: =[22]Brewhouse!$AX769 -> K.Benjamin | R15: =B15 -> CARIB | S15: =VLOOKUP($B15,$R$3:$X$9,2,FALSE) -> 11.6 | T15: =VLOOKUP($B15,$R$3:$X$9,3,FALSE) -> 12 | U15: =VLOOKUP($B15,$R$3:$X$9,4,FALSE) -> 0 | V15: =VLOOKUP($B15,$R$3:$X$9,5,FALSE) -> 0.11805556 | W15: =VLOOKUP($B15,$R$3:$X$9,6,FALSE) -> 0.22569444 | X15: =VLOOKUP($B15,$R$3:$X$9,7,FALSE) -> 0.26388889 | Y15: =VLOOKUP($B15,$R$3:$Z$9,8,FALSE) -> 0 | Z15: =VLOOKUP($B15,$R$3:$Z$9,9,FALSE) -> 60
B16: CARIB | C16: =[22]Brewhouse!$A770 -> CA661 | D16: =[22]Brewhouse!$AF770 -> 52.2 | E16: =[22]Brewhouse!$AI770 -> 50.5 | F16: =[22]Brewhouse!$V770 -> 63 | G16: =[22]Brewhouse!AG770 -> 11.7 | I16: =[22]Brewhouse!$AU770 -> 98.198081 | J16: =[22]Brewhouse!$AV770 -> 100.46873 | K16: =[22]Brewhouse!$Q770 -> 2.8679245 | L16: =[22]Brewhouse!$P770 -> 60 | M16: =[22]Brewhouse!$U770-[22]Brewhouse!$T770 -> 0.1125 | N16: =[22]Brewhouse!$Z770 -> 0.25902778 | O16: =[22]Brewhouse!$AX770 -> R. Regis | R16: =B16 -> CARIB | S16: =VLOOKUP($B16,$R$3:$X$9,2,FALSE) -> 11.6 | T16: =VLOOKUP($B16,$R$3:$X$9,3,FALSE) -> 12 | U16: =VLOOKUP($B16,$R$3:$X$9,4,FALSE) -> 0 | V16: =VLOOKUP($B16,$R$3:$X$9,5,FALSE) -> 0.11805556 | W16: =VLOOKUP($B16,$R$3:$X$9,6,FALSE) -> 0.22569444 | X16: =VLOOKUP($B16,$R$3:$X$9,7,FALSE) -> 0.26388889 | Y16: =VLOOKUP($B16,$R$3:$Z$9,8,FALSE) -> 0 | Z16: =VLOOKUP($B16,$R$3:$Z$9,9,FALSE) -> 60
B17: CARIB | C17: =[22]Brewhouse!$A771 -> CA662 | D17: =[22]Brewhouse!$AF771 -> 49.9 | E17: =[22]Brewhouse!$AI771 -> 49.9 | F17: =[22]Brewhouse!$V771 -> 55 | G17: =[22]Brewhouse!AG771 -> 11.8 | I17: =[22]Brewhouse!$AU771 -> 98.151832 | J17: =[22]Brewhouse!$AV771 -> 100.42115 | K17: =[22]Brewhouse!$Q771 -> 7.2075472 | L17: =[22]Brewhouse!$P771 -> 60 | M17: =[22]Brewhouse!$U771-[22]Brewhouse!$T771 -> 0.10833333 | N17: =[22]Brewhouse!$Z771 -> 0.24444444 | O17: =[22]Brewhouse!$AX771 -> R. Regis | R17: =B17 -> CARIB | S17: =VLOOKUP($B17,$R$3:$X$9,2,FALSE) -> 11.6 | T17: =VLOOKUP($B17,$R$3:$X$9,3,FALSE) -> 12 | U17: =VLOOKUP($B17,$R$3:$X$9,4,FALSE) -> 0 | V17: =VLOOKUP($B17,$R$3:$X$9,5,FALSE) -> 0.11805556 | W17: =VLOOKUP($B17,$R$3:$X$9,6,FALSE) -> 0.22569444 | X17: =VLOOKUP($B17,$R$3:$X$9,7,FALSE) -> 0.26388889 | Y17: =VLOOKUP($B17,$R$3:$Z$9,8,FALSE) -> 0 | Z17: =VLOOKUP($B17,$R$3:$Z$9,9,FALSE) -> 60
B18: CARIB | C18: =[22]Brewhouse!$A772 -> CA663 | D18: =[22]Brewhouse!$AF772 -> 50.6 | E18: =[22]Brewhouse!$AI772 -> 47.7 | F18: =[22]Brewhouse!$V772 -> 151 | G18: =[22]Brewhouse!AG772 -> 11.7 | I18: =[22]Brewhouse!$AU772 -> 92.519916 | J18: =[22]Brewhouse!$AV772 -> 94.659507 | K18: =[22]Brewhouse!$Q772 -> 5.8867925 | L18: =[22]Brewhouse!$P772 -> 60 | M18: =[22]Brewhouse!$U772-[22]Brewhouse!$T772 -> 0.17222222 | N18: =[22]Brewhouse!$Z772 -> 0.30763889 | O18: =[22]Brewhouse!$AX772 -> R. Regis | R18: =B18 -> CARIB | S18: =VLOOKUP($B18,$R$3:$X$9,2,FALSE) -> 11.6 | T18: =VLOOKUP($B18,$R$3:$X$9,3,FALSE) -> 12 | U18: =VLOOKUP($B18,$R$3:$X$9,4,FALSE) -> 0 | V18: =VLOOKUP($B18,$R$3:$X$9,5,FALSE) -> 0.11805556 | W18: =VLOOKUP($B18,$R$3:$X$9,6,FALSE) -> 0.22569444 | X18: =VLOOKUP($B18,$R$3:$X$9,7,FALSE) -> 0.26388889 | Y18: =VLOOKUP($B18,$R$3:$Z$9,8,FALSE) -> 0 | Z18: =VLOOKUP($B18,$R$3:$Z$9,9,FALSE) -> 60
B19: CARIB | C19: =[22]Brewhouse!$A773 -> CA664 | D19: =[22]Brewhouse!$AF773 -> 52 | E19: =[22]Brewhouse!$AI773 -> 51.5 | F19: =[22]Brewhouse!$V773 -> 64 | G19: =[22]Brewhouse!AG773 -> 11.7 | I19: =[22]Brewhouse!$AU773 -> 99.63962 | J19: =[22]Brewhouse!$AV773 -> 101.94412 | K19: =[22]Brewhouse!$Q773 -> 3.4274953 | L19: =[22]Brewhouse!$P773 -> 57 | M19: =[22]Brewhouse!$U773-[22]Brewhouse!$T773 -> 0.12638889 | N19: =[22]Brewhouse!$Z773 -> 0.26180556 | O19: =[22]Brewhouse!$AX773 -> D. Gomez | R19: =B19 -> CARIB | S19: =VLOOKUP($B19,$R$3:$X$9,2,FALSE) -> 11.6 | T19: =VLOOKUP($B19,$R$3:$X$9,3,FALSE) -> 12 | U19: =VLOOKUP($B19,$R$3:$X$9,4,FALSE) -> 0 | V19: =VLOOKUP($B19,$R$3:$X$9,5,FALSE) -> 0.11805556 | W19: =VLOOKUP($B19,$R$3:$X$9,6,FALSE) -> 0.22569444 | X19: =VLOOKUP($B19,$R$3:$X$9,7,FALSE) -> 0.26388889 | Y19: =VLOOKUP($B19,$R$3:$Z$9,8,FALSE) -> 0 | Z19: =VLOOKUP($B19,$R$3:$Z$9,9,FALSE) -> 60
R20: =B20 -> 0 | S20: =VLOOKUP($B20,$R$3:$X$9,2,FALSE) -> #N/A | T20: =VLOOKUP($B20,$R$3:$X$9,3,FALSE) -> #N/A | U20: =VLOOKUP($B20,$R$3:$X$9,4,FALSE) -> #N/A | V20: =VLOOKUP($B20,$R$3:$X$9,5,FALSE) -> #N/A | W20: =VLOOKUP($B20,$R$3:$X$9,6,FALSE) -> #N/A | X20: =VLOOKUP($B20,$R$3:$X$9,7,FALSE) -> #N/A | Y20: =VLOOKUP($B20,$R$3:$Z$9,8,FALSE) -> #N/A | Z20: =VLOOKUP($B20,$R$3:$Z$9,9,FALSE) -> #N/A
R21: =B21 -> 0 | S21: =VLOOKUP($B21,$R$3:$X$9,2,FALSE) -> #N/A | T21: =VLOOKUP($B21,$R$3:$X$9,3,FALSE) -> #N/A | U21: =VLOOKUP($B21,$R$3:$X$9,4,FALSE) -> #N/A | V21: =VLOOKUP($B21,$R$3:$X$9,5,FALSE) -> #N/A | W21: =VLOOKUP($B21,$R$3:$X$9,6,FALSE) -> #N/A | X21: =VLOOKUP($B21,$R$3:$X$9,7,FALSE) -> #N/A | Y21: =VLOOKUP($B21,$R$3:$Z$9,8,FALSE) -> #N/A | Z21: =VLOOKUP($B21,$R$3:$Z$9,9,FALSE) -> #N/A
R22: =B22 -> 0 | S22: =VLOOKUP($B22,$R$3:$X$9,2,FALSE) -> #N/A | T22: =VLOOKUP($B22,$R$3:$X$9,3,FALSE) -> #N/A | U22: =VLOOKUP($B22,$R$3:$X$9,4,FALSE) -> #N/A | V22: =VLOOKUP($B22,$R$3:$X$9,5,FALSE) -> #N/A | W22: =VLOOKUP($B22,$R$3:$X$9,6,FALSE) -> #N/A | X22: =VLOOKUP($B22,$R$3:$X$9,7,FALSE) -> #N/A | Y22: =VLOOKUP($B22,$R$3:$Z$9,8,FALSE) -> #N/A | Z22: =VLOOKUP($B22,$R$3:$Z$9,9,FALSE) -> #N/A
R23: =B23 -> 0 | S23: =VLOOKUP($B23,$R$3:$X$9,2,FALSE) -> #N/A | T23: =VLOOKUP($B23,$R$3:$X$9,3,FALSE) -> #N/A | U23: =VLOOKUP($B23,$R$3:$X$9,4,FALSE) -> #N/A | V23: =VLOOKUP($B23,$R$3:$X$9,5,FALSE) -> #N/A | W23: =VLOOKUP($B23,$R$3:$X$9,6,FALSE) -> #N/A | X23: =VLOOKUP($B23,$R$3:$X$9,7,FALSE) -> #N/A | Y23: =VLOOKUP($B23,$R$3:$Z$9,8,FALSE) -> #N/A | Z23: =VLOOKUP($B23,$R$3:$Z$9,9,FALSE) -> #N/A
R24: =B24 -> 0 | S24: =VLOOKUP($B24,$R$3:$X$9,2,FALSE) -> #N/A | T24: =VLOOKUP($B24,$R$3:$X$9,3,FALSE) -> #N/A | U24: =VLOOKUP($B24,$R$3:$X$9,4,FALSE) -> #N/A | V24: =VLOOKUP($B24,$R$3:$X$9,5,FALSE) -> #N/A | W24: =VLOOKUP($B24,$R$3:$X$9,6,FALSE) -> #N/A | X24: =VLOOKUP($B24,$R$3:$X$9,7,FALSE) -> #N/A | Y24: =VLOOKUP($B24,$R$3:$Z$9,8,FALSE) -> #N/A | Z24: =VLOOKUP($B24,$R$3:$Z$9,9,FALSE) -> #N/A
R25: =B25 -> 0 | S25: =VLOOKUP($B25,$R$3:$X$9,2,FALSE) -> #N/A | T25: =VLOOKUP($B25,$R$3:$X$9,3,FALSE) -> #N/A | U25: =VLOOKUP($B25,$R$3:$X$9,4,FALSE) -> #N/A | V25: =VLOOKUP($B25,$R$3:$X$9,5,FALSE) -> #N/A | W25: =VLOOKUP($B25,$R$3:$X$9,6,FALSE) -> #N/A | X25: =VLOOKUP($B25,$R$3:$X$9,7,FALSE) -> #N/A | Y25: =VLOOKUP($B25,$R$3:$Z$9,8,FALSE) -> #N/A | Z25: =VLOOKUP($B25,$R$3:$Z$9,9,FALSE) -> #N/A
B26: BRAND | D26: BBT P.G./ O.G | I26: Brand | J26: Actual | K26: MTD No. of Brews | L26: MTD | M26: YTD | N26: Target | R26: =B26 -> BRAND | S26: =VLOOKUP($B26,$R$3:$X$9,2,FALSE) -> #N/A | T26: =VLOOKUP($B26,$R$3:$X$9,3,FALSE) -> #N/A | U26: =VLOOKUP($B26,$R$3:$X$9,4,FALSE) -> #N/A | V26: =VLOOKUP($B26,$R$3:$X$9,5,FALSE) -> #N/A | W26: =VLOOKUP($B26,$R$3:$X$9,6,FALSE) -> #N/A | X26: =VLOOKUP($B26,$R$3:$X$9,7,FALSE) -> #N/A | Y26: =VLOOKUP($B26,$R$3:$Z$9,8,FALSE) -> #N/A | Z26: =VLOOKUP($B26,$R$3:$Z$9,9,FALSE) -> #N/A
B27: =I27 -> CARIB | I27: CARIB | J27: =AVERAGE(I12:I19) -> 96.224404 | K27: =COUNTA([22]Brewhouse!$A$740:$A$758) -> 19 | L27: =AVERAGE([22]Brewhouse!$AU$740:$AU$758) -> 97.561908 | M27: =AVERAGE([22]Brewhouse!$AU$102:$AU$171,[22]Brewhouse!$AU$173:$AU$253,[22]Brewhouse!$AU$255:$AU$339,[22]Brewhouse!$AU$341:$AU$346,[22]Brewhouse!$AU$348,[22]Brewhouse!$AU$349:$AU$406,[22]Brewhouse!$AU$408:$AU$491,[22]Brewhouse!$AU$493:$AU$578,[22]Brewhouse!$AU$580:$AU$652,[22]Brewhouse!$AU$655:$AU$758) -> 97.701446 | N27: 98 | R27: =B27 -> CARIB | S27: =VLOOKUP($B27,$R$3:$X$9,2,FALSE) -> 11.6 | T27: =VLOOKUP($B27,$R$3:$X$9,3,FALSE) -> 12 | U27: =VLOOKUP($B27,$R$3:$X$9,4,FALSE) -> 0 | V27: =VLOOKUP($B27,$R$3:$X$9,5,FALSE) -> 0.11805556 | W27: =VLOOKUP($B27,$R$3:$X$9,6,FALSE) -> 0.22569444 | X27: =VLOOKUP($B27,$R$3:$X$9,7,FALSE) -> 0.26388889 | Y27: =VLOOKUP($B27,$R$3:$Z$9,8,FALSE) -> 0 | Z27: =VLOOKUP($B27,$R$3:$Z$9,9,FALSE) -> 60
I28: STAG | K28: =COUNTA([24]Brewhouse!$A$361:$A$370) -> 10 | L28: =AVERAGE([24]Brewhouse!$AS$361:$AS$370) -> 97.373918 | M28: =AVERAGE([24]Brewhouse!$AS$15:$AS$64,[24]Brewhouse!$AS$66:$AS$103,[24]Brewhouse!$AS$105:$AS$140,[24]Brewhouse!$AS$142:$AS$193,[24]Brewhouse!$AS$195:$AS$240,[24]Brewhouse!$AS$242:$AS$273,[24]Brewhouse!$AS$275:$AS$322,[24]Brewhouse!$AS$324:$AS$359,[24]Brewhouse!$AS$361:$AS$370) -> 98.045617 | N28: 98 | R28: =B28 -> 0 | S28: =VLOOKUP($B28,$R$3:$X$9,2,FALSE) -> #N/A | T28: =VLOOKUP($B28,$R$3:$X$9,3,FALSE) -> #N/A | U28: =VLOOKUP($B28,$R$3:$X$9,4,FALSE) -> #N/A | V28: =VLOOKUP($B28,$R$3:$X$9,5,FALSE) -> #N/A | W28: =VLOOKUP($B28,$R$3:$X$9,6,FALSE) -> #N/A | X28: =VLOOKUP($B28,$R$3:$X$9,7,FALSE) -> #N/A | Y28: =VLOOKUP($B28,$R$3:$Z$9,8,FALSE) -> #N/A | Z28: =VLOOKUP($B28,$R$3:$Z$9,9,FALSE) -> #N/A
I29: GUINNESS | M29: =AVERAGE([25]Brewhouse!$AU$4:$AU$7,[25]Brewhouse!$AU$9:$AU$22,[25]Brewhouse!$AU$24:$AU$35,[25]Brewhouse!$AU$37:$AU$45,[25]Brewhouse!$AU$47:$AU$62,[25]Brewhouse!$AU$64:$AU$79,[25]Brewhouse!$AU$81:$AU$92) -> 96.938185 | N29: 98 | R29: =B29 -> 0 | S29: =VLOOKUP($B29,$R$3:$X$9,2,FALSE) -> #N/A | T29: =VLOOKUP($B29,$R$3:$X$9,3,FALSE) -> #N/A | U29: =VLOOKUP($B29,$R$3:$X$9,4,FALSE) -> #N/A | V29: =VLOOKUP($B29,$R$3:$X$9,5,FALSE) -> #N/A | W29: =VLOOKUP($B29,$R$3:$X$9,6,FALSE) -> #N/A | X29: =VLOOKUP($B29,$R$3:$X$9,7,FALSE) -> #N/A | Y29: =VLOOKUP($B29,$R$3:$Z$9,8,FALSE) -> #N/A | Z29: =VLOOKUP($B29,$R$3:$Z$9,9,FALSE) -> #N/A
I30: VITAMALT | J30: =AVERAGE(I10) -> 96.694501 | K30: =COUNTA([26]Brewhouse!$A$79:$A$86) -> 8 | L30: =AVERAGE([26]Brewhouse!$AV$79:$AV$86) -> 96.412391 | M30: =AVERAGE([26]Brewhouse!$AV$5:$AV$14,[26]Brewhouse!$AV$16:$AV$19,[26]Brewhouse!$AV$21:$AV$24,[26]Brewhouse!$AV$26:$AV$33,[26]Brewhouse!$AV$35:$AV$46,[26]Brewhouse!$AV$48:$AV$53,[26]Brewhouse!$AV$55:$AV$62,[26]Brewhouse!$AV$64:$AV$77,[26]Brewhouse!$AV$79:$AV$86) -> 98.293408 | N30: 98 | R30: =B30 -> 0 | S30: =VLOOKUP($B30,$R$3:$X$9,2,FALSE) -> #N/A | T30: =VLOOKUP($B30,$R$3:$X$9,3,FALSE) -> #N/A | U30: =VLOOKUP($B30,$R$3:$X$9,4,FALSE) -> #N/A | V30: =VLOOKUP($B30,$R$3:$X$9,5,FALSE) -> #N/A | W30: =VLOOKUP($B30,$R$3:$X$9,6,FALSE) -> #N/A | X30: =VLOOKUP($B30,$R$3:$X$9,7,FALSE) -> #N/A | Y30: =VLOOKUP($B30,$R$3:$Z$9,8,FALSE) -> #N/A | Z30: =VLOOKUP($B30,$R$3:$Z$9,9,FALSE) -> #N/A
I31: MAXIMALT | N31: 98 | R31: =B31 -> 0 | S31: =VLOOKUP($B31,$R$3:$X$9,2,FALSE) -> #N/A | T31: =VLOOKUP($B31,$R$3:$X$9,3,FALSE) -> #N/A | U31: =VLOOKUP($B31,$R$3:$X$9,4,FALSE) -> #N/A | V31: =VLOOKUP($B31,$R$3:$X$9,5,FALSE) -> #N/A | W31: =VLOOKUP($B31,$R$3:$X$9,6,FALSE) -> #N/A | X31: =VLOOKUP($B31,$R$3:$X$9,7,FALSE) -> #N/A | Y31: =VLOOKUP($B31,$R$3:$Z$9,8,FALSE) -> #N/A | Z31: =VLOOKUP($B31,$R$3:$Z$9,9,FALSE) -> #N/A
I32: MACKESON | M32: =AVERAGE([27]Brewhouse!$AT$4:$AT$11,[27]Brewhouse!$AT$13:$AT$16,[27]Brewhouse!$AT$18:$AT$21,[27]Brewhouse!$AT$26) -> 94.588058 | N32: 98 | R32: =B32 -> 0 | S32: =VLOOKUP($B32,$R$3:$X$9,2,FALSE) -> #N/A | T32: =VLOOKUP($B32,$R$3:$X$9,3,FALSE) -> #N/A | U32: =VLOOKUP($B32,$R$3:$X$9,4,FALSE) -> #N/A | V32: =VLOOKUP($B32,$R$3:$X$9,5,FALSE) -> #N/A | W32: =VLOOKUP($B32,$R$3:$X$9,6,FALSE) -> #N/A | X32: =VLOOKUP($B32,$R$3:$X$9,7,FALSE) -> #N/A | Y32: =VLOOKUP($B32,$R$3:$Z$9,8,FALSE) -> #N/A | Z32: =VLOOKUP($B32,$R$3:$Z$9,9,FALSE) -> #N/A
I33: STARMALT | K33: =COUNTA([23]Brewhouse!$A$75:$A$82) -> 8 | L33: =AVERAGE([23]Brewhouse!$AY$75:$AY$82) -> 97.738838 | M33: =AVERAGE([23]Brewhouse!$AY$6:$AY$13,[23]Brewhouse!$AY$15:$AY$20,[23]Brewhouse!$AY$22:$AY$29,[23]Brewhouse!$AY$31:$AY$34,[23]Brewhouse!$AY$36:$AY$43,[23]Brewhouse!$AY$45:$AY$50, [23]Brewhouse!$AY$56:$AY$73,[23]Brewhouse!$AY$75:$AY$82) -> 97.409216 | N33: 98 | R33: =B33 -> 0 | S33: =VLOOKUP($B33,$R$3:$X$9,2,FALSE) -> #N/A | T33: =VLOOKUP($B33,$R$3:$X$9,3,FALSE) -> #N/A | U33: =VLOOKUP($B33,$R$3:$X$9,4,FALSE) -> #N/A | V33: =VLOOKUP($B33,$R$3:$X$9,5,FALSE) -> #N/A | W33: =VLOOKUP($B33,$R$3:$X$9,6,FALSE) -> #N/A | X33: =VLOOKUP($B33,$R$3:$X$9,7,FALSE) -> #N/A | Y33: =VLOOKUP($B33,$R$3:$Z$9,8,FALSE) -> #N/A | Z33: =VLOOKUP($B33,$R$3:$Z$9,9,FALSE) -> #N/A
I34: HR- Pils | M34: =AVERAGE([28]Brewhouse!$AU$5:$AU$8,[28]Brewhouse!$AU$10:$AU$13,[23]Brewhouse!$AY$75:$AY$77) -> 94.749192 | N34: 98 | R34: =B34 -> 0 | S34: =VLOOKUP($B34,$R$3:$X$9,2,FALSE) -> #N/A | T34: =VLOOKUP($B34,$R$3:$X$9,3,FALSE) -> #N/A | U34: =VLOOKUP($B34,$R$3:$X$9,4,FALSE) -> #N/A | V34: =VLOOKUP($B34,$R$3:$X$9,5,FALSE) -> #N/A | W34: =VLOOKUP($B34,$R$3:$X$9,6,FALSE) -> #N/A | X34: =VLOOKUP($B34,$R$3:$X$9,7,FALSE) -> #N/A | Y34: =VLOOKUP($B34,$R$3:$Z$9,8,FALSE) -> #N/A | Z34: =VLOOKUP($B34,$R$3:$Z$9,9,FALSE) -> #N/A
I35: HR- IPA | M35: =AVERAGE([29]Brewhouse!$AW$26:$AW$27) -> 95.310681 | N35: 98 | R35: =B35 -> 0 | S35: =VLOOKUP($B35,$R$3:$X$9,2,FALSE) -> #N/A | T35: =VLOOKUP($B35,$R$3:$X$9,3,FALSE) -> #N/A | U35: =VLOOKUP($B35,$R$3:$X$9,4,FALSE) -> #N/A | V35: =VLOOKUP($B35,$R$3:$X$9,5,FALSE) -> #N/A | W35: =VLOOKUP($B35,$R$3:$X$9,6,FALSE) -> #N/A | X35: =VLOOKUP($B35,$R$3:$X$9,7,FALSE) -> #N/A | Y35: =VLOOKUP($B35,$R$3:$Z$9,8,FALSE) -> #N/A | Z35: =VLOOKUP($B35,$R$3:$Z$9,9,FALSE) -> #N/A
I36: HR- APA | M36: =AVERAGE([30]Brewhouse!$AU$13:$AU$14) -> 97.110575 | N36: 98 | R36: =B36 -> 0 | S36: =VLOOKUP($B36,$R$3:$X$9,2,FALSE) -> #N/A | T36: =VLOOKUP($B36,$R$3:$X$9,3,FALSE) -> #N/A | U36: =VLOOKUP($B36,$R$3:$X$9,4,FALSE) -> #N/A | V36: =VLOOKUP($B36,$R$3:$X$9,5,FALSE) -> #N/A | W36: =VLOOKUP($B36,$R$3:$X$9,6,FALSE) -> #N/A | X36: =VLOOKUP($B36,$R$3:$X$9,7,FALSE) -> #N/A | Y36: =VLOOKUP($B36,$R$3:$Z$9,8,FALSE) -> #N/A | Z36: =VLOOKUP($B36,$R$3:$Z$9,9,FALSE) -> #N/A
K37: =SUM(K27:K36) -> 45 | L37: =((L27*K27)+(L28*K28)+(L29*K29)+(L30*K30)+(L31*K31)+(K34*L34)+(L32*K32)+(L33*K33)+(L36*K36))/(K37) -> 97.347228 | M37: =AVERAGE('[31]Jan 31st'!$L$65,'[32]Feb 28th'!$L$35,'[33]Mar. 31st'!$L$35,'[34]Apr. 30th'!$L$45,'[35]May 30th'!$L$37,'[36]June 30th'!$L$57,L37) -> 97.614163 | N37: 98 | R37: =B37 -> 0 | S37: =VLOOKUP($B37,$R$3:$X$9,2,FALSE) -> #N/A | T37: =VLOOKUP($B37,$R$3:$X$9,3,FALSE) -> #N/A | U37: =VLOOKUP($B37,$R$3:$X$9,4,FALSE) -> #N/A | V37: =VLOOKUP($B37,$R$3:$X$9,5,FALSE) -> #N/A | W37: =VLOOKUP($B37,$R$3:$X$9,6,FALSE) -> #N/A | X37: =VLOOKUP($B37,$R$3:$X$9,7,FALSE) -> #N/A | Y37: =VLOOKUP($B37,$R$3:$Z$9,8,FALSE) -> #N/A | Z37: =VLOOKUP($B37,$R$3:$Z$9,9,FALSE) -> #N/A
R38: =B38 -> 0 | S38: =VLOOKUP($B38,$R$3:$X$9,2,FALSE) -> #N/A | T38: =VLOOKUP($B38,$R$3:$X$9,3,FALSE) -> #N/A | U38: =VLOOKUP($B38,$R$3:$X$9,4,FALSE) -> #N/A | V38: =VLOOKUP($B38,$R$3:$X$9,5,FALSE) -> #N/A | W38: =VLOOKUP($B38,$R$3:$X$9,6,FALSE) -> #N/A | X38: =VLOOKUP($B38,$R$3:$X$9,7,FALSE) -> #N/A | Y38: =VLOOKUP($B38,$R$3:$Z$9,8,FALSE) -> #N/A | Z38: =VLOOKUP($B38,$R$3:$Z$9,9,FALSE) -> #N/A
J39: Daily Brewing Plan | R39: =B39 -> 0 | S39: =VLOOKUP($B39,$R$3:$X$9,2,FALSE) -> #N/A | T39: =VLOOKUP($B39,$R$3:$X$9,3,FALSE) -> #N/A | U39: =VLOOKUP($B39,$R$3:$X$9,4,FALSE) -> #N/A | V39: =VLOOKUP($B39,$R$3:$X$9,5,FALSE) -> #N/A | W39: =VLOOKUP($B39,$R$3:$X$9,6,FALSE) -> #N/A | X39: =VLOOKUP($B39,$R$3:$X$9,7,FALSE) -> #N/A | Y39: =VLOOKUP($B39,$R$3:$Z$9,8,FALSE) -> #N/A | Z39: =VLOOKUP($B39,$R$3:$Z$9,9,FALSE) -> #N/A
J40: Brand | K40: Brews Achieved | L40: Average Brews per day | R40: =B40 -> 0 | S40: =VLOOKUP($B40,$R$3:$X$9,2,FALSE) -> #N/A | T40: =VLOOKUP($B40,$R$3:$X$9,3,FALSE) -> #N/A | U40: =VLOOKUP($B40,$R$3:$X$9,4,FALSE) -> #N/A | V40: =VLOOKUP($B40,$R$3:$X$9,5,FALSE) -> #N/A | W40: =VLOOKUP($B40,$R$3:$X$9,6,FALSE) -> #N/A | X40: =VLOOKUP($B40,$R$3:$X$9,7,FALSE) -> #N/A | Y40: =VLOOKUP($B40,$R$3:$Z$9,8,FALSE) -> #N/A | Z40: =VLOOKUP($B40,$R$3:$Z$9,9,FALSE) -> #N/A
J41: CARIB | K41: 8 | L41: MTD | M41: YTD | N41: TARGET | R41: =B41 -> 0 | S41: =VLOOKUP($B41,$R$3:$X$9,2,FALSE) -> #N/A | T41: =VLOOKUP($B41,$R$3:$X$9,3,FALSE) -> #N/A | U41: =VLOOKUP($B41,$R$3:$X$9,4,FALSE) -> #N/A | V41: =VLOOKUP($B41,$R$3:$X$9,5,FALSE) -> #N/A | W41: =VLOOKUP($B41,$R$3:$X$9,6,FALSE) -> #N/A | X41: =VLOOKUP($B41,$R$3:$X$9,7,FALSE) -> #N/A | Y41: =VLOOKUP($B41,$R$3:$Z$9,8,FALSE) -> #N/A | Z41: =VLOOKUP($B41,$R$3:$Z$9,9,FALSE) -> #N/A
J42: STAG | L42: =AVERAGE('Sept 1st'!K53,'Sept 2nd'!K51,'Sept 3rd'!K52,'Sept 4th'!K61,'Sept 5th '!K49,'Sept 8th'!K51,K51) -> 8.5714286 | M42: =AVERAGE('[31]Jan 29th '!$M$70,'[32]Feb 28th'!$L$40,'[33]Mar. 31st'!$L$40,'[34]Apr. 30th'!$L$50,'[35]May 30th'!$L$42,'[36]June 30th'!$L$62,'[37]July 29th '!$L$49,'[38]Aug 29th'!$L$34,L42) -> 7.1337928 | N42: 9.2 | R42: =B42 -> 0 | S42: =VLOOKUP($B42,$R$3:$X$9,2,FALSE) -> #N/A | T42: =VLOOKUP($B42,$R$3:$X$9,3,FALSE) -> #N/A | U42: =VLOOKUP($B42,$R$3:$X$9,4,FALSE) -> #N/A | V42: =VLOOKUP($B42,$R$3:$X$9,5,FALSE) -> #N/A | W42: =VLOOKUP($B42,$R$3:$X$9,6,FALSE) -> #N/A | X42: =VLOOKUP($B42,$R$3:$X$9,7,FALSE) -> #N/A | Y42: =VLOOKUP($B42,$R$3:$Z$9,8,FALSE) -> #N/A | Z42: =VLOOKUP($B42,$R$3:$Z$9,9,FALSE) -> #N/A
J43: GUINN | R43: =B43 -> 0 | S43: =VLOOKUP($B43,$R$3:$X$9,2,FALSE) -> #N/A | T43: =VLOOKUP($B43,$R$3:$X$9,3,FALSE) -> #N/A | U43: =VLOOKUP($B43,$R$3:$X$9,4,FALSE) -> #N/A | V43: =VLOOKUP($B43,$R$3:$X$9,5,FALSE) -> #N/A | W43: =VLOOKUP($B43,$R$3:$X$9,6,FALSE) -> #N/A | X43: =VLOOKUP($B43,$R$3:$X$9,7,FALSE) -> #N/A | Y43: =VLOOKUP($B43,$R$3:$Z$9,8,FALSE) -> #N/A | Z43: =VLOOKUP($B43,$R$3:$Z$9,9,FALSE) -> #N/A
J44: VITAMALT | K44: 1 | R44: =B44 -> 0 | S44: =VLOOKUP($B44,$R$3:$X$9,2,FALSE) -> #N/A | T44: =VLOOKUP($B44,$R$3:$X$9,3,FALSE) -> #N/A | U44: =VLOOKUP($B44,$R$3:$X$9,4,FALSE) -> #N/A | V44: =VLOOKUP($B44,$R$3:$X$9,5,FALSE) -> #N/A | W44: =VLOOKUP($B44,$R$3:$X$9,6,FALSE) -> #N/A | X44: =VLOOKUP($B44,$R$3:$X$9,7,FALSE) -> #N/A | Y44: =VLOOKUP($B44,$R$3:$Z$9,8,FALSE) -> #N/A | Z44: =VLOOKUP($B44,$R$3:$Z$9,9,FALSE) -> #N/A
J45: STARMALT | R45: =B45 -> 0 | S45: =VLOOKUP($B45,$R$3:$X$9,2,FALSE) -> #N/A | T45: =VLOOKUP($B45,$R$3:$X$9,3,FALSE) -> #N/A | U45: =VLOOKUP($B45,$R$3:$X$9,4,FALSE) -> #N/A | V45: =VLOOKUP($B45,$R$3:$X$9,5,FALSE) -> #N/A | W45: =VLOOKUP($B45,$R$3:$X$9,6,FALSE) -> #N/A | X45: =VLOOKUP($B45,$R$3:$X$9,7,FALSE) -> #N/A | Y45: =VLOOKUP($B45,$R$3:$Z$9,8,FALSE) -> #N/A | Z45: =VLOOKUP($B45,$R$3:$Z$9,9,FALSE) -> #N/A
J46: MACKESON | R46: =B46 -> 0 | S46: =VLOOKUP($B46,$R$3:$X$9,2,FALSE) -> #N/A | T46: =VLOOKUP($B46,$R$3:$X$9,3,FALSE) -> #N/A | U46: =VLOOKUP($B46,$R$3:$X$9,4,FALSE) -> #N/A | V46: =VLOOKUP($B46,$R$3:$X$9,5,FALSE) -> #N/A | W46: =VLOOKUP($B46,$R$3:$X$9,6,FALSE) -> #N/A | X46: =VLOOKUP($B46,$R$3:$X$9,7,FALSE) -> #N/A | Y46: =VLOOKUP($B46,$R$3:$Z$9,8,FALSE) -> #N/A | Z46: =VLOOKUP($B46,$R$3:$Z$9,9,FALSE) -> #N/A
J47: HURRICANE REEF- IPA
J48: HURRICANE REEF- APA
B49: AVERAGE | D49: =AVERAGE(D27:E48) -> #DIV/0! | J49: HR- PILSNER
J50: CARIBE
J51: Total | K51: =SUM(K41:K50) -> 9
B52: Process: | C52: Fermentation/Filtration
B54: Brand | C54: Filt. Date | D54: FV Hls | E54: GFE/ Prim/ Vita Blend (Hls) | F54: SV Hls | G54: BBT Hls | H54: Loss (%) Ferm | I54: Loss (%) Filt | J54: Comments | K54: Throughput | L54: Process Loss (%) | M54: Filt. Operator
AB55: 43474 | AC55: 43475 | AD55: 43476 | AE55: 43477 | AF55: 43478 | AG55: 43479 | AH55: 43480 | AI55: 43481 | AJ55: 43482 | AK55: 43483 | AL55: 43484 | AM55: 43485 | AN55: 43486 | AO55: 43487 | AP55: 43488 | AQ55: 43489 | AR55: 43490 | AS55: 43491 | AT55: 43492 | AU55: 43493 | AV55: 43494 | AW55: 43495 | AX55: 43496
B56: =I27 -> CARIB | C56: 45909 | D56: =[39]September_2025!$L$3 -> 408.5 | G56: =[39]September_2025!$L$7 -> 388.3 | J56: 1 BREAK | K56: =[40]September_2025!$L$18 -> 0.68122807 | L56: =(((D56+E56)-G56)/(D56+E56))*100 -> 4.9449204 | M56: K. Neptune | AB56: =[20]January_2019!L7 -> 285.8 | AC56: =[20]January_2019!M7 -> 508.1 | AD56: =[20]January_2019!N7 -> 0 | AE56: =[20]January_2019!O7 -> 0 | AF56: =[20]January_2019!P7 -> 109.56667 | AG56: =[20]January_2019!Q7 -> 297.65 | AH56: =[20]January_2019!R7 -> 122.3 | AI56: =[20]January_2019!S7 -> 0 | ... AX56: =[20]January_2019!AH7 -> 0
J60: NO SBF | L60: =(((D60+E60)-G60)/(D60+E60))*100 -> #DIV/0!
B63: Process Loss (Volume) | G63: Process Loss (Extract) | K63: Throughput
B64: Brand | C64: Actual | D64: MTD | E64: YTD | F64: Target | G64: Actual | H64: MTD | I64: YTD | J64: Target | K64: Actual | L64: MTD | M64: YTD | N64: Target
B65: CARIB | C65: =L56 -> 4.9449204 | F65: 4.8 | G65: =[39]September_2025!$L$11 -> 6.0277285 | J65: 4.8 | K65: =K56 -> 0.68122807 | N65: 1
B66: STAG | F66: 4.8 | J66: 4.8 | N66: 1
B67: GUINN | F67: 5.5 | J67: 5.5 | N67: 1
B68: VITAMALT | F68: 3.3 | J68: 3.3 | N68: 1
B69: APA | F69: 3.3 | J69: 3 | N69: 1
B70: MACKESON | F70: =[21]May_2022!$M$43 -> 3.4878407 | J70: 5.5 | N70: 1
B71: STARMALT | F71: 3.3 | J71: 3.3 | N71: 1
B72: IPA | F72: 7.5 | J72: 7.5 | N72: 1
B73: HURRICANE REEF PILS | F73: 4.8 | J73: 4.8 | N73: 1
F74: 5.5 | J74: 5.5 | N74: 1

Sheet Sept 10th
S1: P.G. | U1: Hot Time | W1: Process Time | Y1: Cooling Time
B2: Brewing Department Daily Process Loss Report | S2: Lower | T2: Upper | U2: Lower | V2: Upper | W2: Lower | X2: Upper | Y2: Lower | Z2: Upper
R3: CARIB | S3: 11.6 | T3: 12 | U3: 0 | V3: 0.11805556 | W3: 0.22569444 | X3: 0.26388889 | Y3: 0 | Z3: 60 | AB3: HR- PISNER
B4: Date: | C4: 45911 | J4: LOT WORT COLOUR: 3.5 | M4: Filter Sheets (Target 20 days) | R4: STAG | S4: 11.6 | T4: 12 | U4: 0 | V4: 0.11805556 | W4: 0.22569444 | X4: 0.26388889 | Y4: 0 | Z4: 60
M5: Double | N5: Single | R5: GUINNESS | S5: 17 | T5: 17.5 | U5: 0 | V5: 0.10763889 | W5: 0.24652778 | X5: 0.28472222 | Y5: 0 | Z5: 60
J6: MALT LOT: Lot #44 | L6: Sheet Day | R6: MACKESON | S6: 13.3 | T6: 13.5 | U6: 0 | V6: 0.12905093 | W6: 0.27430556 | X6: 0.30208333 | Y6: 0
R7: STARMALT | S7: 17 | T7: 17.4 | U7: 0 | V7: 0.13605324 | W7: 0.27430556 | X7: 0.30902778 | Y7: 0 | Z7: 85
B8: Brand | C8: Brew no. | D8: Kett. Hls | E8: Wort | F8: Cool Time(Mins) | G8: Cast. P.G. (Lab Result) | H8: Cast P.G. (Cellar Operator)-gravity | I8: Extr. Rec (77.9%) | J8: Theor. Extr. (77.5%) | K8: Boil Off /Vol. (4-6%) | L8: Boil Time | M8: Total Hot | N8: Brewing | O8: Operator | R8: Hurricane Reef | S8: 16.6 | T8: 17 | U8: 0 | V8: 0.12905093 | W8: 0.27430556 | X8: 0.30208333 | Y8: 0
E9: Meter (Hls) | F9: Target(< 60Mins) | M9: Time | R9: VITAMALT | S9: 14.2 | T9: 14.6 | U9: 0 | V9: 0.13905093 | W9: 0.26041667 | X9: 0.29513889 | Y9: 0 | Z9: 75
B10: CARIB | C10: =[22]Brewhouse!$A774 -> CA665 | D10: =[22]Brewhouse!$AF774 -> 50.1 | E10: =[22]Brewhouse!$AI774 -> 48.3 | F10: =[22]Brewhouse!$V774 -> 49 | G10: =[22]Brewhouse!AG774 -> 11.6 | I10: =[22]Brewhouse!$AU774 -> 92.206691 | J10: =[22]Brewhouse!$AV774 -> 94.250187 | K10: =[22]Brewhouse!$Q774 -> 7.0056497 | L10: =[22]Brewhouse!$P774 -> 61 | M10: =[22]Brewhouse!$U774-[22]Brewhouse!$T774 -> 0.1125 | N10: =[22]Brewhouse!$Z774 -> 0.24027778 | O10: =[22]Brewhouse!$AX774 -> K.Benjamin | R10: =B10 -> CARIB | S10: =VLOOKUP($B10,$R$3:$X$9,2,FALSE) -> 11.6 | T10: =VLOOKUP($B10,$R$3:$X$9,3,FALSE) -> 12 | U10: =VLOOKUP($B10,$R$3:$X$9,4,FALSE) -> 0 | V10: =VLOOKUP($B10,$R$3:$X$9,5,FALSE) -> 0.11805556 | W10: =VLOOKUP($B10,$R$3:$X$9,6,FALSE) -> 0.22569444 | X10: =VLOOKUP($B10,$R$3:$X$9,7,FALSE) -> 0.26388889 | Y10: =VLOOKUP($B10,$R$3:$Z$9,8,FALSE) -> 0 | Z10: =VLOOKUP($B10,$R$3:$Z$9,9,FALSE) -> 60
B11: CARIB | C11: =[22]Brewhouse!$A775 -> CA666 | D11: =[22]Brewhouse!$AF775 -> 48.3 | E11: =[22]Brewhouse!$AI775 -> 48.9 | F11: =[22]Brewhouse!$V775 -> 55 | G11: =[22]Brewhouse!AG775 -> 11.7 | I11: =[22]Brewhouse!$AU775 -> 94.317288 | J11: =[22]Brewhouse!$AV775 -> 96.407323 | K11: =[22]Brewhouse!$Q775 -> 10.226415 | L11: =[22]Brewhouse!$P775 -> 60 | M11: =[22]Brewhouse!$U775-[22]Brewhouse!$T775 -> 0.10625 | N11: =[22]Brewhouse!$Z775 -> 0.24027778 | O11: =[22]Brewhouse!$AX775 -> K.Benjamin | R11: =B11 -> CARIB | S11: =VLOOKUP($B11,$R$3:$X$9,2,FALSE) -> 11.6 | T11: =VLOOKUP($B11,$R$3:$X$9,3,FALSE) -> 12 | U11: =VLOOKUP($B11,$R$3:$X$9,4,FALSE) -> 0 | V11: =VLOOKUP($B11,$R$3:$X$9,5,FALSE) -> 0.11805556 | W11: =VLOOKUP($B11,$R$3:$X$9,6,FALSE) -> 0.22569444 | X11: =VLOOKUP($B11,$R$3:$X$9,7,FALSE) -> 0.26388889 | Y11: =VLOOKUP($B11,$R$3:$Z$9,8,FALSE) -> 0 | Z11: =VLOOKUP($B11,$R$3:$Z$9,9,FALSE) -> 60
B12: CARIB | C12: =[22]Brewhouse!$A776 -> CA667 | D12: =[22]Brewhouse!$AF776 -> 48.9 | E12: =[22]Brewhouse!$AI776 -> 50.2 | F12: =[22]Brewhouse!$V776 -> 57 | G12: =[22]Brewhouse!AG776 -> 11.8 | I12: =[22]Brewhouse!$AU776 -> 97.818015 | J12: =[22]Brewhouse!$AV776 -> 99.985379 | K12: =[22]Brewhouse!$Q776 -> 10.777778 | L12: =[22]Brewhouse!$P776 -> 62 | M12: =[22]Brewhouse!$U776-[22]Brewhouse!$T776 -> 0.11875 | N12: =[22]Brewhouse!$Z776 -> 0.25347222 | O12: =[22]Brewhouse!$AX776 -> K.Benjamin | R12: =B12 -> CARIB | S12: =VLOOKUP($B12,$R$3:$X$9,2,FALSE) -> 11.6 | T12: =VLOOKUP($B12,$R$3:$X$9,3,FALSE) -> 12 | U12: =VLOOKUP($B12,$R$3:$X$9,4,FALSE) -> 0 | V12: =VLOOKUP($B12,$R$3:$X$9,5,FALSE) -> 0.11805556 | W12: =VLOOKUP($B12,$R$3:$X$9,6,FALSE) -> 0.22569444 | X12: =VLOOKUP($B12,$R$3:$X$9,7,FALSE) -> 0.26388889 | Y12: =VLOOKUP($B12,$R$3:$Z$9,8,FALSE) -> 0 | Z12: =VLOOKUP($B12,$R$3:$Z$9,9,FALSE) -> 60
B13: CARIB | C13: =[22]Brewhouse!$A777 -> CA668 | D13: =[22]Brewhouse!$AF777 -> 49.6 | E13: =[22]Brewhouse!$AI777 -> 49.8 | F13: =[22]Brewhouse!$V777 -> 58 | G13: =[22]Brewhouse!AG777 -> 11.8 | I13: =[22]Brewhouse!$AU777 -> 96.795951 | J13: =[22]Brewhouse!$AV777 -> 98.941154 | K13: =[22]Brewhouse!$Q777 -> 9.4814815 | L13: =[22]Brewhouse!$P777 -> 61 | M13: =[22]Brewhouse!$U777-[22]Brewhouse!$T777 -> 0.10902778 | N13: =[22]Brewhouse!$Z777 -> 0.24930556 | O13: =[22]Brewhouse!$AX777 -> K.Benjamin | R13: =B13 -> CARIB | S13: =VLOOKUP($B13,$R$3:$X$9,2,FALSE) -> 11.6 | T13: =VLOOKUP($B13,$R$3:$X$9,3,FALSE) -> 12 | U13: =VLOOKUP($B13,$R$3:$X$9,4,FALSE) -> 0 | V13: =VLOOKUP($B13,$R$3:$X$9,5,FALSE) -> 0.11805556 | W13: =VLOOKUP($B13,$R$3:$X$9,6,FALSE) -> 0.22569444 | X13: =VLOOKUP($B13,$R$3:$X$9,7,FALSE) -> 0.26388889 | Y13: =VLOOKUP($B13,$R$3:$Z$9,8,FALSE) -> 0 | Z13: =VLOOKUP($B13,$R$3:$Z$9,9,FALSE) -> 60
B14: CARIB | C14: =[22]Brewhouse!$A778 -> CA669 | D14: =[22]Brewhouse!$AF778 -> 52.8 | E14: =[22]Brewhouse!$AI778 -> 50.9 | F14: =[22]Brewhouse!$V778 -> 61 | G14: =[22]Brewhouse!AG778 -> 12 | I14: =[22]Brewhouse!$AU778 -> 98.121694 | J14: =[22]Brewhouse!$AV778 -> 100.3013 | K14: =[22]Brewhouse!$Q778 -> 3.5555556 | L14: =[22]Brewhouse!$P778 -> 75 | M14: =[22]Brewhouse!$U778-[22]Brewhouse!$T778 -> 0.12847222 | N14: =[22]Brewhouse!$Z778 -> 0.27013889 | O14: =[22]Brewhouse!$AX778 -> R. Regis | P14: 15mins extra boil | R14: =B14 -> CARIB | S14: =VLOOKUP($B14,$R$3:$X$9,2,FALSE) -> 11.6 | T14: =VLOOKUP($B14,$R$3:$X$9,3,FALSE) -> 12 | U14: =VLOOKUP($B14,$R$3:$X$9,4,FALSE) -> 0 | V14: =VLOOKUP($B14,$R$3:$X$9,5,FALSE) -> 0.11805556 | W14: =VLOOKUP($B14,$R$3:$X$9,6,FALSE) -> 0.22569444 | X14: =VLOOKUP($B14,$R$3:$X$9,7,FALSE) -> 0.26388889 | Y14: =VLOOKUP($B14,$R$3:$Z$9,8,FALSE) -> 0 | Z14: =VLOOKUP($B14,$R$3:$Z$9,9,FALSE) -> 60
B15: CARIB | C15: =[22]Brewhouse!$A779 -> CA670 | D15: =[22]Brewhouse!$AF779 -> 52 | E15: =[22]Brewhouse!$AI779 -> 51.5 | F15: =[22]Brewhouse!$V779 -> 60 | G15: =[22]Brewhouse!AG779 -> 11.7 | I15: =[22]Brewhouse!$AU779 -> 98.526186 | J15: =[22]Brewhouse!$AV779 -> 100.80607 | K15: =[22]Brewhouse!$Q779 -> 3.3013436 | L15: =[22]Brewhouse!$P779 -> 61 | M15: =[22]Brewhouse!$U779-[22]Brewhouse!$T779 -> 0.19583333 | N15: =[22]Brewhouse!$Z779 -> 0.25972222 | O15: =[22]Brewhouse!$AX779 -> R. Regis | R15: =B15 -> CARIB | S15: =VLOOKUP($B15,$R$3:$X$9,2,FALSE) -> 11.6 | T15: =VLOOKUP($B15,$R$3:$X$9,3,FALSE) -> 12 | U15: =VLOOKUP($B15,$R$3:$X$9,4,FALSE) -> 0 | V15: =VLOOKUP($B15,$R$3:$X$9,5,FALSE) -> 0.11805556 | W15: =VLOOKUP($B15,$R$3:$X$9,6,FALSE) -> 0.22569444 | X15: =VLOOKUP($B15,$R$3:$X$9,7,FALSE) -> 0.26388889 | Y15: =VLOOKUP($B15,$R$3:$Z$9,8,FALSE) -> 0 | Z15: =VLOOKUP($B15,$R$3:$Z$9,9,FALSE) -> 60
B16: CARIB | C16: =[22]Brewhouse!$A780 -> CA671 | D16: =[22]Brewhouse!$AF780 -> 52.9 | E16: =[22]Brewhouse!$AI780 -> 49.3 | F16: =[22]Brewhouse!$V780 -> 65 | G16: =[22]Brewhouse!AG780 -> 11.7 | I16: =[22]Brewhouse!$AU780 -> 94.434553 | J16: =[22]Brewhouse!$AV780 -> 96.61964 | K16: =[22]Brewhouse!$Q780 -> 0.038314176 | L16: =[22]Brewhouse!$P780 -> 60 | M16: =[22]Brewhouse!$U780-[22]Brewhouse!$T780 -> 0.11597222 | N16: =[22]Brewhouse!$Z780 -> 0.27152778 | O16: =[22]Brewhouse!$AX780 -> R. Regis | R16: =B16 -> CARIB | S16: =VLOOKUP($B16,$R$3:$X$9,2,FALSE) -> 11.6 | T16: =VLOOKUP($B16,$R$3:$X$9,3,FALSE) -> 12 | U16: =VLOOKUP($B16,$R$3:$X$9,4,FALSE) -> 0 | V16: =VLOOKUP($B16,$R$3:$X$9,5,FALSE) -> 0.11805556 | W16: =VLOOKUP($B16,$R$3:$X$9,6,FALSE) -> 0.22569444 | X16: =VLOOKUP($B16,$R$3:$X$9,7,FALSE) -> 0.26388889 | Y16: =VLOOKUP($B16,$R$3:$Z$9,8,FALSE) -> 0 | Z16: =VLOOKUP($B16,$R$3:$Z$9,9,FALSE) -> 60
B17: CARIB | C17: =[22]Brewhouse!$A781 -> CA672 | D17: =[22]Brewhouse!$AF781 -> 53 | E17: =[22]Brewhouse!$AI781 -> 51.6 | F17: =[22]Brewhouse!$V781 -> 62 | G17: =[22]Brewhouse!AG781 -> 11.7 | I17: =[22]Brewhouse!$AU781 -> 98.472967 | J17: =[22]Brewhouse!$AV781 -> 100.75187 | K17: =[22]Brewhouse!$Q781 -> 1.3584906 | L17: =[22]Brewhouse!$P781 -> 59 | M17: =[22]Brewhouse!$U781-[22]Brewhouse!$T781 -> 0.10694444 | N17: =[22]Brewhouse!$Z781 -> 0.25694444 | O17: =[22]Brewhouse!$AX781 -> R.Sookram | R17: =B17 -> CARIB | S17: =VLOOKUP($B17,$R$3:$X$9,2,FALSE) -> 11.6 | T17: =VLOOKUP($B17,$R$3:$X$9,3,FALSE) -> 12 | U17: =VLOOKUP($B17,$R$3:$X$9,4,FALSE) -> 0 | V17: =VLOOKUP($B17,$R$3:$X$9,5,FALSE) -> 0.11805556 | W17: =VLOOKUP($B17,$R$3:$X$9,6,FALSE) -> 0.22569444 | X17: =VLOOKUP($B17,$R$3:$X$9,7,FALSE) -> 0.26388889 | Y17: =VLOOKUP($B17,$R$3:$Z$9,8,FALSE) -> 0 | Z17: =VLOOKUP($B17,$R$3:$Z$9,9,FALSE) -> 60
B18: CARIB | C18: =[22]Brewhouse!$A782 -> CA673 | D18: =[22]Brewhouse!$AF782 -> 52.2 | E18: =[22]Brewhouse!$AI782 -> 51.2 | F18: =[22]Brewhouse!$V782 -> 63 | G18: =[22]Brewhouse!AG782 -> 11.6 | I18: =[22]Brewhouse!$AU782 -> 96.179723 | J18: =[22]Brewhouse!$AV782 -> 98.314344 | K18: =[22]Brewhouse!$Q782 -> 6.1481481 | L18: =[22]Brewhouse!$P782 -> 58 | M18: =[22]Brewhouse!$U782-[22]Brewhouse!$T782 -> 0.11388889 | N18: =[22]Brewhouse!$Z782 -> 0.24583333 | O18: =[22]Brewhouse!$AX782 -> R.Sookram | R18: =B18 -> CARIB | S18: =VLOOKUP($B18,$R$3:$X$9,2,FALSE) -> 11.6 | T18: =VLOOKUP($B18,$R$3:$X$9,3,FALSE) -> 12 | U18: =VLOOKUP($B18,$R$3:$X$9,4,FALSE) -> 0 | V18: =VLOOKUP($B18,$R$3:$X$9,5,FALSE) -> 0.11805556 | W18: =VLOOKUP($B18,$R$3:$X$9,6,FALSE) -> 0.22569444 | X18: =VLOOKUP($B18,$R$3:$X$9,7,FALSE) -> 0.26388889 | Y18: =VLOOKUP($B18,$R$3:$Z$9,8,FALSE) -> 0 | Z18: =VLOOKUP($B18,$R$3:$Z$9,9,FALSE) -> 60
R19: =B19 -> 0 | S19: =VLOOKUP($B19,$R$3:$X$9,2,FALSE) -> #N/A | T19: =VLOOKUP($B19,$R$3:$X$9,3,FALSE) -> #N/A | U19: =VLOOKUP($B19,$R$3:$X$9,4,FALSE) -> #N/A | V19: =VLOOKUP($B19,$R$3:$X$9,5,FALSE) -> #N/A | W19: =VLOOKUP($B19,$R$3:$X$9,6,FALSE) -> #N/A | X19: =VLOOKUP($B19,$R$3:$X$9,7,FALSE) -> #N/A | Y19: =VLOOKUP($B19,$R$3:$Z$9,8,FALSE) -> #N/A | Z19: =VLOOKUP($B19,$R$3:$Z$9,9,FALSE) -> #N/A
R20: =B20 -> 0 | S20: =VLOOKUP($B20,$R$3:$X$9,2,FALSE) -> #N/A | T20: =VLOOKUP($B20,$R$3:$X$9,3,FALSE) -> #N/A | U20: =VLOOKUP($B20,$R$3:$X$9,4,FALSE) -> #N/A | V20: =VLOOKUP($B20,$R$3:$X$9,5,FALSE) -> #N/A | W20: =VLOOKUP($B20,$R$3:$X$9,6,FALSE) -> #N/A | X20: =VLOOKUP($B20,$R$3:$X$9,7,FALSE) -> #N/A | Y20: =VLOOKUP($B20,$R$3:$Z$9,8,FALSE) -> #N/A | Z20: =VLOOKUP($B20,$R$3:$Z$9,9,FALSE) -> #N/A
R21: =B21 -> 0 | S21: =VLOOKUP($B21,$R$3:$X$9,2,FALSE) -> #N/A | T21: =VLOOKUP($B21,$R$3:$X$9,3,FALSE) -> #N/A | U21: =VLOOKUP($B21,$R$3:$X$9,4,FALSE) -> #N/A | V21: =VLOOKUP($B21,$R$3:$X$9,5,FALSE) -> #N/A | W21: =VLOOKUP($B21,$R$3:$X$9,6,FALSE) -> #N/A | X21: =VLOOKUP($B21,$R$3:$X$9,7,FALSE) -> #N/A | Y21: =VLOOKUP($B21,$R$3:$Z$9,8,FALSE) -> #N/A | Z21: =VLOOKUP($B21,$R$3:$Z$9,9,FALSE) -> #N/A
R22: =B22 -> 0 | S22: =VLOOKUP($B22,$R$3:$X$9,2,FALSE) -> #N/A | T22: =VLOOKUP($B22,$R$3:$X$9,3,FALSE) -> #N/A | U22: =VLOOKUP($B22,$R$3:$X$9,4,FALSE) -> #N/A | V22: =VLOOKUP($B22,$R$3:$X$9,5,FALSE) -> #N/A | W22: =VLOOKUP($B22,$R$3:$X$9,6,FALSE) -> #N/A | X22: =VLOOKUP($B22,$R$3:$X$9,7,FALSE) -> #N/A | Y22: =VLOOKUP($B22,$R$3:$Z$9,8,FALSE) -> #N/A | Z22: =VLOOKUP($B22,$R$3:$Z$9,9,FALSE) -> #N/A
R23: =B23 -> 0 | S23: =VLOOKUP($B23,$R$3:$X$9,2,FALSE) -> #N/A | T23: =VLOOKUP($B23,$R$3:$X$9,3,FALSE) -> #N/A | U23: =VLOOKUP($B23,$R$3:$X$9,4,FALSE) -> #N/A | V23: =VLOOKUP($B23,$R$3:$X$9,5,FALSE) -> #N/A | W23: =VLOOKUP($B23,$R$3:$X$9,6,FALSE) -> #N/A | X23: =VLOOKUP($B23,$R$3:$X$9,7,FALSE) -> #N/A | Y23: =VLOOKUP($B23,$R$3:$Z$9,8,FALSE) -> #N/A | Z23: =VLOOKUP($B23,$R$3:$Z$9,9,FALSE) -> #N/A
R24: =B24 -> 0 | S24: =VLOOKUP($B24,$R$3:$X$9,2,FALSE) -> #N/A | T24: =VLOOKUP($B24,$R$3:$X$9,3,FALSE) -> #N/A | U24: =VLOOKUP($B24,$R$3:$X$9,4,FALSE) -> #N/A | V24: =VLOOKUP($B24,$R$3:$X$9,5,FALSE) -> #N/A | W24: =VLOOKUP($B24,$R$3:$X$9,6,FALSE) -> #N/A | X24: =VLOOKUP($B24,$R$3:$X$9,7,FALSE) -> #N/A | Y24: =VLOOKUP($B24,$R$3:$Z$9,8,FALSE) -> #N/A | Z24: =VLOOKUP($B24,$R$3:$Z$9,9,FALSE) -> #N/A
R25: =B25 -> 0 | S25: =VLOOKUP($B25,$R$3:$X$9,2,FALSE) -> #N/A | T25: =VLOOKUP($B25,$R$3:$X$9,3,FALSE) -> #N/A | U25: =VLOOKUP($B25,$R$3:$X$9,4,FALSE) -> #N/A | V25: =VLOOKUP($B25,$R$3:$X$9,5,FALSE) -> #N/A | W25: =VLOOKUP($B25,$R$3:$X$9,6,FALSE) -> #N/A | X25: =VLOOKUP($B25,$R$3:$X$9,7,FALSE) -> #N/A | Y25: =VLOOKUP($B25,$R$3:$Z$9,8,FALSE) -> #N/A | Z25: =VLOOKUP($B25,$R$3:$Z$9,9,FALSE) -> #N/A
R26: =B26 -> 0 | S26: =VLOOKUP($B26,$R$3:$X$9,2,FALSE) -> #N/A | T26: =VLOOKUP($B26,$R$3:$X$9,3,FALSE) -> #N/A | U26: =VLOOKUP($B26,$R$3:$X$9,4,FALSE) -> #N/A | V26: =VLOOKUP($B26,$R$3:$X$9,5,FALSE) -> #N/A | W26: =VLOOKUP($B26,$R$3:$X$9,6,FALSE) -> #N/A | X26: =VLOOKUP($B26,$R$3:$X$9,7,FALSE) -> #N/A | Y26: =VLOOKUP($B26,$R$3:$Z$9,8,FALSE) -> #N/A | Z26: =VLOOKUP($B26,$R$3:$Z$9,9,FALSE) -> #N/A
R27: =B27 -> 0 | S27: =VLOOKUP($B27,$R$3:$X$9,2,FALSE) -> #N/A | T27: =VLOOKUP($B27,$R$3:$X$9,3,FALSE) -> #N/A | U27: =VLOOKUP($B27,$R$3:$X$9,4,FALSE) -> #N/A | V27: =VLOOKUP($B27,$R$3:$X$9,5,FALSE) -> #N/A | W27: =VLOOKUP($B27,$R$3:$X$9,6,FALSE) -> #N/A | X27: =VLOOKUP($B27,$R$3:$X$9,7,FALSE) -> #N/A | Y27: =VLOOKUP($B27,$R$3:$Z$9,8,FALSE) -> #N/A | Z27: =VLOOKUP($B27,$R$3:$Z$9,9,FALSE) -> #N/A
R28: =B28 -> 0 | S28: =VLOOKUP($B28,$R$3:$X$9,2,FALSE) -> #N/A | T28: =VLOOKUP($B28,$R$3:$X$9,3,FALSE) -> #N/A | U28: =VLOOKUP($B28,$R$3:$X$9,4,FALSE) -> #N/A | V28: =VLOOKUP($B28,$R$3:$X$9,5,FALSE) -> #N/A | W28: =VLOOKUP($B28,$R$3:$X$9,6,FALSE) -> #N/A | X28: =VLOOKUP($B28,$R$3:$X$9,7,FALSE) -> #N/A | Y28: =VLOOKUP($B28,$R$3:$Z$9,8,FALSE) -> #N/A | Z28: =VLOOKUP($B28,$R$3:$Z$9,9,FALSE) -> #N/A
R29: =B29 -> 0 | S29: =VLOOKUP($B29,$R$3:$X$9,2,FALSE) -> #N/A | T29: =VLOOKUP($B29,$R$3:$X$9,3,FALSE) -> #N/A | U29: =VLOOKUP($B29,$R$3:$X$9,4,FALSE) -> #N/A | V29: =VLOOKUP($B29,$R$3:$X$9,5,FALSE) -> #N/A | W29: =VLOOKUP($B29,$R$3:$X$9,6,FALSE) -> #N/A | X29: =VLOOKUP($B29,$R$3:$X$9,7,FALSE) -> #N/A | Y29: =VLOOKUP($B29,$R$3:$Z$9,8,FALSE) -> #N/A | Z29: =VLOOKUP($B29,$R$3:$Z$9,9,FALSE) -> #N/A
R30: =B30 -> 0 | S30: =VLOOKUP($B30,$R$3:$X$9,2,FALSE) -> #N/A | T30: =VLOOKUP($B30,$R$3:$X$9,3,FALSE) -> #N/A | U30: =VLOOKUP($B30,$R$3:$X$9,4,FALSE) -> #N/A | V30: =VLOOKUP($B30,$R$3:$X$9,5,FALSE) -> #N/A | W30: =VLOOKUP($B30,$R$3:$X$9,6,FALSE) -> #N/A | X30: =VLOOKUP($B30,$R$3:$X$9,7,FALSE) -> #N/A | Y30: =VLOOKUP($B30,$R$3:$Z$9,8,FALSE) -> #N/A | Z30: =VLOOKUP($B30,$R$3:$Z$9,9,FALSE) -> #N/A
... R33: =B33 -> 0 | S33: =VLOOKUP($B33,$R$3:$X$9,2,FALSE) -> #N/A | T33: =VLOOKUP($B33,$R$3:$X$9,3,FALSE) -> #N/A | U33: =VLOOKUP($B33,$R$3:$X$9,4,FALSE) -> #N/A | V33: =VLOOKUP($B33,$R$3:$X$9,5,FALSE) -> #N/A | W33: =VLOOKUP($B33,$R$3:$X$9,6,FALSE) -> #N/A | X33: =VLOOKUP($B33,$R$3:$X$9,7,FALSE) -> #N/A | Y33: =VLOOKUP($B33,$R$3:$Z$9,8,FALSE) -> #N/A | Z33: =VLOOKUP($B33,$R$3:$Z$9,9,FALSE) -> #N/A
B34: BRAND | D34: BBT P.G./ O.G | I34: Brand | J34: Actual | K34: MTD No. of Brews | L34: MTD | M34: YTD | N34: Target | R34: =B34 -> BRAND | S34: =VLOOKUP($B34,$R$3:$X$9,2,FALSE) -> #N/A | T34: =VLOOKUP($B34,$R$3:$X$9,3,FALSE) -> #N/A | U34: =VLOOKUP($B34,$R$3:$X$9,4,FALSE) -> #N/A | V34: =VLOOKUP($B34,$R$3:$X$9,5,FALSE) -> #N/A | W34: =VLOOKUP($B34,$R$3:$X$9,6,FALSE) -> #N/A | X34: =VLOOKUP($B34,$R$3:$X$9,7,FALSE) -> #N/A | Y34: =VLOOKUP($B34,$R$3:$Z$9,8,FALSE) -> #N/A | Z34: =VLOOKUP($B34,$R$3:$Z$9,9,FALSE) -> #N/A
B35: =J51 -> GUINN | I35: CARIB | J35: =AVERAGE(I10:I18) -> 96.31923 | K35: =COUNTA([22]Brewhouse!$A$740:$A$782) -> 43 | L35: =AVERAGE([22]Brewhouse!$AU$740:$AU$782) -> 97.363169 | M35: =AVERAGE([22]Brewhouse!$AU$102:$AU$171,[22]Brewhouse!$AU$173:$AU$253,[22]Brewhouse!$AU$255:$AU$339,[22]Brewhouse!$AU$341:$AU$346,[22]Brewhouse!$AU$348,[22]Brewhouse!$AU$349:$AU$406,[22]Brewhouse!$AU$408:$AU$491,[22]Brewhouse!$AU$493:$AU$578,[22]Brewhouse!$AU$580:$AU$652,[22]Brewhouse!$AU$655:$AU$782) -> 97.683745 | N35: 98 | R35: =B35 -> GUINN | S35: =VLOOKUP($B35,$R$3:$X$9,2,FALSE) -> #N/A | T35: =VLOOKUP($B35,$R$3:$X$9,3,FALSE) -> #N/A | U35: =VLOOKUP($B35,$R$3:$X$9,4,FALSE) -> #N/A | V35: =VLOOKUP($B35,$R$3:$X$9,5,FALSE) -> #N/A | W35: =VLOOKUP($B35,$R$3:$X$9,6,FALSE) -> #N/A | X35: =VLOOKUP($B35,$R$3:$X$9,7,FALSE) -> #N/A | Y35: =VLOOKUP($B35,$R$3:$Z$9,8,FALSE) -> #N/A | Z35: =VLOOKUP($B35,$R$3:$Z$9,9,FALSE) -> #N/A
I36: STAG | K36: =COUNTA([24]Brewhouse!$A$361:$A$370) -> 10 | L36: =AVERAGE([24]Brewhouse!$AS$361:$AS$370) -> 97.373918 | M36: =AVERAGE([24]Brewhouse!$AS$15:$AS$64,[24]Brewhouse!$AS$66:$AS$103,[24]Brewhouse!$AS$105:$AS$140,[24]Brewhouse!$AS$142:$AS$193,[24]Brewhouse!$AS$195:$AS$240,[24]Brewhouse!$AS$242:$AS$273,[24]Brewhouse!$AS$275:$AS$322,[24]Brewhouse!$AS$324:$AS$359,[24]Brewhouse!$AS$361:$AS$370) -> 98.045617 | N36: 98 | R36: =B36 -> 0 | S36: =VLOOKUP($B36,$R$3:$X$9,2,FALSE) -> #N/A | T36: =VLOOKUP($B36,$R$3:$X$9,3,FALSE) -> #N/A | U36: =VLOOKUP($B36,$R$3:$X$9,4,FALSE) -> #N/A | V36: =VLOOKUP($B36,$R$3:$X$9,5,FALSE) -> #N/A | W36: =VLOOKUP($B36,$R$3:$X$9,6,FALSE) -> #N/A | X36: =VLOOKUP($B36,$R$3:$X$9,7,FALSE) -> #N/A | Y36: =VLOOKUP($B36,$R$3:$Z$9,8,FALSE) -> #N/A | Z36: =VLOOKUP($B36,$R$3:$Z$9,9,FALSE) -> #N/A
I37: GUINNESS | M37: =AVERAGE([25]Brewhouse!$AU$4:$AU$7,[25]Brewhouse!$AU$9:$AU$22,[25]Brewhouse!$AU$24:$AU$35,[25]Brewhouse!$AU$37:$AU$45,[25]Brewhouse!$AU$47:$AU$62,[25]Brewhouse!$AU$64:$AU$79,[25]Brewhouse!$AU$81:$AU$92) -> 96.938185 | N37: 98 | R37: =B37 -> 0 | S37: =VLOOKUP($B37,$R$3:$X$9,2,FALSE) -> #N/A | T37: =VLOOKUP($B37,$R$3:$X$9,3,FALSE) -> #N/A | U37: =VLOOKUP($B37,$R$3:$X$9,4,FALSE) -> #N/A | V37: =VLOOKUP($B37,$R$3:$X$9,5,FALSE) -> #N/A | W37: =VLOOKUP($B37,$R$3:$X$9,6,FALSE) -> #N/A | X37: =VLOOKUP($B37,$R$3:$X$9,7,FALSE) -> #N/A | Y37: =VLOOKUP($B37,$R$3:$Z$9,8,FALSE) -> #N/A | Z37: =VLOOKUP($B37,$R$3:$Z$9,9,FALSE) -> #N/A
I38: VITAMALT | K38: =COUNTA([26]Brewhouse!$A$79:$A$86) -> 8 | L38: =AVERAGE([26]Brewhouse!$AV$79:$AV$86) -> 96.412391 | M38: =AVERAGE([26]Brewhouse!$AV$5:$AV$14,[26]Brewhouse!$AV$16:$AV$19,[26]Brewhouse!$AV$21:$AV$24,[26]Brewhouse!$AV$26:$AV$33,[26]Brewhouse!$AV$35:$AV$46,[26]Brewhouse!$AV$48:$AV$53,[26]Brewhouse!$AV$55:$AV$62,[26]Brewhouse!$AV$64:$AV$77,[26]Brewhouse!$AV$79:$AV$86) -> 98.293408 | N38: 98 | R38: =B38 -> 0 | S38: =VLOOKUP($B38,$R$3:$X$9,2,FALSE) -> #N/A | T38: =VLOOKUP($B38,$R$3:$X$9,3,FALSE) -> #N/A | U38: =VLOOKUP($B38,$R$3:$X$9,4,FALSE) -> #N/A | V38: =VLOOKUP($B38,$R$3:$X$9,5,FALSE) -> #N/A | W38: =VLOOKUP($B38,$R$3:$X$9,6,FALSE) -> #N/A | X38: =VLOOKUP($B38,$R$3:$X$9,7,FALSE) -> #N/A | Y38: =VLOOKUP($B38,$R$3:$Z$9,8,FALSE) -> #N/A | Z38: =VLOOKUP($B38,$R$3:$Z$9,9,FALSE) -> #N/A
I39: MAXIMALT | N39: 98 | R39: =B39 -> 0 | S39: =VLOOKUP($B39,$R$3:$X$9,2,FALSE) -> #N/A | T39: =VLOOKUP($B39,$R$3:$X$9,3,FALSE) -> #N/A | U39: =VLOOKUP($B39,$R$3:$X$9,4,FALSE) -> #N/A | V39: =VLOOKUP($B39,$R$3:$X$9,5,FALSE) -> #N/A | W39: =VLOOKUP($B39,$R$3:$X$9,6,FALSE) -> #N/A | X39: =VLOOKUP($B39,$R$3:$X$9,7,FALSE) -> #N/A | Y39: =VLOOKUP($B39,$R$3:$Z$9,8,FALSE) -> #N/A | Z39: =VLOOKUP($B39,$R$3:$Z$9,9,FALSE) -> #N/A
I40: MACKESON | M40: =AVERAGE([27]Brewhouse!$AT$4:$AT$11,[27]Brewhouse!$AT$13:$AT$16,[27]Brewhouse!$AT$18:$AT$21,[27]Brewhouse!$AT$26) -> 94.588058 | N40: 98 | R40: =B40 -> 0 | S40: =VLOOKUP($B40,$R$3:$X$9,2,FALSE) -> #N/A | T40: =VLOOKUP($B40,$R$3:$X$9,3,FALSE) -> #N/A | U40: =VLOOKUP($B40,$R$3:$X$9,4,FALSE) -> #N/A | V40: =VLOOKUP($B40,$R$3:$X$9,5,FALSE) -> #N/A | W40: =VLOOKUP($B40,$R$3:$X$9,6,FALSE) -> #N/A | X40: =VLOOKUP($B40,$R$3:$X$9,7,FALSE) -> #N/A | Y40: =VLOOKUP($B40,$R$3:$Z$9,8,FALSE) -> #N/A | Z40: =VLOOKUP($B40,$R$3:$Z$9,9,FALSE) -> #N/A
I41: STARMALT | K41: =COUNTA([23]Brewhouse!$A$75:$A$82) -> 8 | L41: =AVERAGE([23]Brewhouse!$AY$75:$AY$82) -> 97.738838 | M41: =AVERAGE([23]Brewhouse!$AY$6:$AY$13,[23]Brewhouse!$AY$15:$AY$20,[23]Brewhouse!$AY$22:$AY$29,[23]Brewhouse!$AY$31:$AY$34,[23]Brewhouse!$AY$36:$AY$43,[23]Brewhouse!$AY$45:$AY$50, [23]Brewhouse!$AY$56:$AY$73,[23]Brewhouse!$AY$75:$AY$82) -> 97.409216 | N41: 98 | R41: =B41 -> 0 | S41: =VLOOKUP($B41,$R$3:$X$9,2,FALSE) -> #N/A | T41: =VLOOKUP($B41,$R$3:$X$9,3,FALSE) -> #N/A | U41: =VLOOKUP($B41,$R$3:$X$9,4,FALSE) -> #N/A | V41: =VLOOKUP($B41,$R$3:$X$9,5,FALSE) -> #N/A | W41: =VLOOKUP($B41,$R$3:$X$9,6,FALSE) -> #N/A | X41: =VLOOKUP($B41,$R$3:$X$9,7,FALSE) -> #N/A | Y41: =VLOOKUP($B41,$R$3:$Z$9,8,FALSE) -> #N/A | Z41: =VLOOKUP($B41,$R$3:$Z$9,9,FALSE) -> #N/A
I42: HR- Pils | M42: =AVERAGE([28]Brewhouse!$AU$5:$AU$8,[28]Brewhouse!$AU$10:$AU$13,[23]Brewhouse!$AY$75:$AY$77) -> 94.749192 | N42: 98 | R42: =B42 -> 0 | S42: =VLOOKUP($B42,$R$3:$X$9,2,FALSE) -> #N/A | T42: =VLOOKUP($B42,$R$3:$X$9,3,FALSE) -> #N/A | U42: =VLOOKUP($B42,$R$3:$X$9,4,FALSE) -> #N/A | V42: =VLOOKUP($B42,$R$3:$X$9,5,FALSE) -> #N/A | W42: =VLOOKUP($B42,$R$3:$X$9,6,FALSE) -> #N/A | X42: =VLOOKUP($B42,$R$3:$X$9,7,FALSE) -> #N/A | Y42: =VLOOKUP($B42,$R$3:$Z$9,8,FALSE) -> #N/A | Z42: =VLOOKUP($B42,$R$3:$Z$9,9,FALSE) -> #N/A
I43: HR- IPA | M43: =AVERAGE([29]Brewhouse!$AW$26:$AW$27) -> 95.310681 | N43: 98 | R43: =B43 -> 0 | S43: =VLOOKUP($B43,$R$3:$X$9,2,FALSE) -> #N/A | T43: =VLOOKUP($B43,$R$3:$X$9,3,FALSE) -> #N/A | U43: =VLOOKUP($B43,$R$3:$X$9,4,FALSE) -> #N/A | V43: =VLOOKUP($B43,$R$3:$X$9,5,FALSE) -> #N/A | W43: =VLOOKUP($B43,$R$3:$X$9,6,FALSE) -> #N/A | X43: =VLOOKUP($B43,$R$3:$X$9,7,FALSE) -> #N/A | Y43: =VLOOKUP($B43,$R$3:$Z$9,8,FALSE) -> #N/A | Z43: =VLOOKUP($B43,$R$3:$Z$9,9,FALSE) -> #N/A
I44: HR- APA | M44: =AVERAGE([30]Brewhouse!$AU$13:$AU$14) -> 97.110575 | N44: 98 | R44: =B44 -> 0 | S44: =VLOOKUP($B44,$R$3:$X$9,2,FALSE) -> #N/A | T44: =VLOOKUP($B44,$R$3:$X$9,3,FALSE) -> #N/A | U44: =VLOOKUP($B44,$R$3:$X$9,4,FALSE) -> #N/A | V44: =VLOOKUP($B44,$R$3:$X$9,5,FALSE) -> #N/A | W44: =VLOOKUP($B44,$R$3:$X$9,6,FALSE) -> #N/A | X44: =VLOOKUP($B44,$R$3:$X$9,7,FALSE) -> #N/A | Y44: =VLOOKUP($B44,$R$3:$Z$9,8,FALSE) -> #N/A | Z44: =VLOOKUP($B44,$R$3:$Z$9,9,FALSE) -> #N/A
K45: =SUM(K35:K44) -> 69 | L45: =((L35*K35)+(L36*K36)+(L37*K37)+(L38*K38)+(L39*K39)+(K42*L42)+(L40*K40)+(L41*K41)+(L44*K44))/(K45) -> 97.298048 | M45: =AVERAGE('[31]Jan 31st'!$L$65,'[32]Feb 28th'!$L$35,'[33]Mar. 31st'!$L$35,'[34]Apr. 30th'!$L$45,'[35]May 30th'!$L$37,'[36]June 30th'!$L$57,L45) -> 97.607137 | N45: 98 | R45: =B45 -> 0 | S45: =VLOOKUP($B45,$R$3:$X$9,2,FALSE) -> #N/A | T45: =VLOOKUP($B45,$R$3:$X$9,3,FALSE) -> #N/A | U45: =VLOOKUP($B45,$R$3:$X$9,4,FALSE) -> #N/A | V45: =VLOOKUP($B45,$R$3:$X$9,5,FALSE) -> #N/A | W45: =VLOOKUP($B45,$R$3:$X$9,6,FALSE) -> #N/A | X45: =VLOOKUP($B45,$R$3:$X$9,7,FALSE) -> #N/A | Y45: =VLOOKUP($B45,$R$3:$Z$9,8,FALSE) -> #N/A | Z45: =VLOOKUP($B45,$R$3:$Z$9,9,FALSE) -> #N/A
R46: =B46 -> 0 | S46: =VLOOKUP($B46,$R$3:$X$9,2,FALSE) -> #N/A | T46: =VLOOKUP($B46,$R$3:$X$9,3,FALSE) -> #N/A | U46: =VLOOKUP($B46,$R$3:$X$9,4,FALSE) -> #N/A | V46: =VLOOKUP($B46,$R$3:$X$9,5,FALSE) -> #N/A | W46: =VLOOKUP($B46,$R$3:$X$9,6,FALSE) -> #N/A | X46: =VLOOKUP($B46,$R$3:$X$9,7,FALSE) -> #N/A | Y46: =VLOOKUP($B46,$R$3:$Z$9,8,FALSE) -> #N/A | Z46: =VLOOKUP($B46,$R$3:$Z$9,9,FALSE) -> #N/A
J47: Daily Brewing Plan | R47: =B47 -> 0 | S47: =VLOOKUP($B47,$R$3:$X$9,2,FALSE) -> #N/A | T47: =VLOOKUP($B47,$R$3:$X$9,3,FALSE) -> #N/A | U47: =VLOOKUP($B47,$R$3:$X$9,4,FALSE) -> #N/A | V47: =VLOOKUP($B47,$R$3:$X$9,5,FALSE) -> #N/A | W47: =VLOOKUP($B47,$R$3:$X$9,6,FALSE) -> #N/A | X47: =VLOOKUP($B47,$R$3:$X$9,7,FALSE) -> #N/A | Y47: =VLOOKUP($B47,$R$3:$Z$9,8,FALSE) -> #N/A | Z47: =VLOOKUP($B47,$R$3:$Z$9,9,FALSE) -> #N/A
J48: Brand | K48: Brews Achieved | L48: Average Brews per day | R48: =B48 -> 0 | S48: =VLOOKUP($B48,$R$3:$X$9,2,FALSE) -> #N/A | T48: =VLOOKUP($B48,$R$3:$X$9,3,FALSE) -> #N/A | U48: =VLOOKUP($B48,$R$3:$X$9,4,FALSE) -> #N/A | V48: =VLOOKUP($B48,$R$3:$X$9,5,FALSE) -> #N/A | W48: =VLOOKUP($B48,$R$3:$X$9,6,FALSE) -> #N/A | X48: =VLOOKUP($B48,$R$3:$X$9,7,FALSE) -> #N/A | Y48: =VLOOKUP($B48,$R$3:$Z$9,8,FALSE) -> #N/A | Z48: =VLOOKUP($B48,$R$3:$Z$9,9,FALSE) -> #N/A
J49: CARIB | K49: 9 | L49: MTD | M49: YTD | N49: TARGET | R49: =B49 -> 0 | S49: =VLOOKUP($B49,$R$3:$X$9,2,FALSE) -> #N/A | T49: =VLOOKUP($B49,$R$3:$X$9,3,FALSE) -> #N/A | U49: =VLOOKUP($B49,$R$3:$X$9,4,FALSE) -> #N/A | V49: =VLOOKUP($B49,$R$3:$X$9,5,FALSE) -> #N/A | W49: =VLOOKUP($B49,$R$3:$X$9,6,FALSE) -> #N/A | X49: =VLOOKUP($B49,$R$3:$X$9,7,FALSE) -> #N/A | Y49: =VLOOKUP($B49,$R$3:$Z$9,8,FALSE) -> #N/A | Z49: =VLOOKUP($B49,$R$3:$Z$9,9,FALSE) -> #N/A
J50: STAG | L50: =AVERAGE('Sept 1st'!K53,'Sept 2nd'!K51,'Sept 3rd'!K52,'Sept 4th'!K61,'Sept 5th '!K49,'Sept 8th'!K51,'Sept 9th'!K51,K59) -> 8.625 | M50: =AVERAGE('[31]Jan 29th '!$M$70,'[32]Feb 28th'!$L$40,'[33]Mar. 31st'!$L$40,'[34]Apr. 30th'!$L$50,'[35]May 30th'!$L$42,'[36]June 30th'!$L$62,'[37]July 29th '!$L$49,'[38]Aug 29th'!$L$34,L50) -> 7.1397451 | N50: 9.2 | R50: =B50 -> 0 | S50: =VLOOKUP($B50,$R$3:$X$9,2,FALSE) -> #N/A | T50: =VLOOKUP($B50,$R$3:$X$9,3,FALSE) -> #N/A | U50: =VLOOKUP($B50,$R$3:$X$9,4,FALSE) -> #N/A | V50: =VLOOKUP($B50,$R$3:$X$9,5,FALSE) -> #N/A | W50: =VLOOKUP($B50,$R$3:$X$9,6,FALSE) -> #N/A | X50: =VLOOKUP($B50,$R$3:$X$9,7,FALSE) -> #N/A | Y50: =VLOOKUP($B50,$R$3:$Z$9,8,FALSE) -> #N/A | Z50: =VLOOKUP($B50,$R$3:$Z$9,9,FALSE) -> #N/A
J51: GUINN | R51: =B51 -> 0 | S51: =VLOOKUP($B51,$R$3:$X$9,2,FALSE) -> #N/A | T51: =VLOOKUP($B51,$R$3:$X$9,3,FALSE) -> #N/A | U51: =VLOOKUP($B51,$R$3:$X$9,4,FALSE) -> #N/A | V51: =VLOOKUP($B51,$R$3:$X$9,5,FALSE) -> #N/A | W51: =VLOOKUP($B51,$R$3:$X$9,6,FALSE) -> #N/A | X51: =VLOOKUP($B51,$R$3:$X$9,7,FALSE) -> #N/A | Y51: =VLOOKUP($B51,$R$3:$Z$9,8,FALSE) -> #N/A | Z51: =VLOOKUP($B51,$R$3:$Z$9,9,FALSE) -> #N/A
J52: VITAMALT | R52: =B52 -> 0 | S52: =VLOOKUP($B52,$R$3:$X$9,2,FALSE) -> #N/A | T52: =VLOOKUP($B52,$R$3:$X$9,3,FALSE) -> #N/A | U52: =VLOOKUP($B52,$R$3:$X$9,4,FALSE) -> #N/A | V52: =VLOOKUP($B52,$R$3:$X$9,5,FALSE) -> #N/A | W52: =VLOOKUP($B52,$R$3:$X$9,6,FALSE) -> #N/A | X52: =VLOOKUP($B52,$R$3:$X$9,7,FALSE) -> #N/A | Y52: =VLOOKUP($B52,$R$3:$Z$9,8,FALSE) -> #N/A | Z52: =VLOOKUP($B52,$R$3:$Z$9,9,FALSE) -> #N/A
J53: STARMALT | R53: =B53 -> 0 | S53: =VLOOKUP($B53,$R$3:$X$9,2,FALSE) -> #N/A | T53: =VLOOKUP($B53,$R$3:$X$9,3,FALSE) -> #N/A | U53: =VLOOKUP($B53,$R$3:$X$9,4,FALSE) -> #N/A | V53: =VLOOKUP($B53,$R$3:$X$9,5,FALSE) -> #N/A | W53: =VLOOKUP($B53,$R$3:$X$9,6,FALSE) -> #N/A | X53: =VLOOKUP($B53,$R$3:$X$9,7,FALSE) -> #N/A | Y53: =VLOOKUP($B53,$R$3:$Z$9,8,FALSE) -> #N/A | Z53: =VLOOKUP($B53,$R$3:$Z$9,9,FALSE) -> #N/A
J54: MACKESON | R54: =B54 -> 0 | S54: =VLOOKUP($B54,$R$3:$X$9,2,FALSE) -> #N/A | T54: =VLOOKUP($B54,$R$3:$X$9,3,FALSE) -> #N/A | U54: =VLOOKUP($B54,$R$3:$X$9,4,FALSE) -> #N/A | V54: =VLOOKUP($B54,$R$3:$X$9,5,FALSE) -> #N/A | W54: =VLOOKUP($B54,$R$3:$X$9,6,FALSE) -> #N/A | X54: =VLOOKUP($B54,$R$3:$X$9,7,FALSE) -> #N/A | Y54: =VLOOKUP($B54,$R$3:$Z$9,8,FALSE) -> #N/A | Z54: =VLOOKUP($B54,$R$3:$Z$9,9,FALSE) -> #N/A
J55: HURRICANE REEF- IPA
J56: HURRICANE REEF- APA
B57: AVERAGE | D57: =AVERAGE(D35:E56) -> #DIV/0! | J57: HR- PILSNER
J58: CARIBE
J59: Total | K59: =SUM(K49:K58) -> 9
B60: Process: | C60: Fermentation/Filtration
B62: Brand | C62: Filt. Date | D62: FV Hls | E62: GFE/ Prim/ Vita Blend (Hls) | F62: SV Hls | G62: BBT Hls | H62: Loss (%) Ferm | I62: Loss (%) Filt | J62: Comments | K62: Throughput | L62: Process Loss (%) | M62: Filt. Operator
AB63: 43474 | AC63: 43475 | AD63: 43476 | AE63: 43477 | AF63: 43478 | AG63: 43479 | AH63: 43480 | AI63: 43481 | AJ63: 43482 | AK63: 43483 | AL63: 43484 | AM63: 43485 | AN63: 43486 | AO63: 43487 | AP63: 43488 | AQ63: 43489 | AR63: 43490 | AS63: 43491 | AT63: 43492 | AU63: 43493 | AV63: 43494 | AW63: 43495 | AX63: 43496
B64: =J51 -> GUINN | C64: 45910 | D64: =[39]September_2025!$M$23 -> 205.7 | E64: =[41]GUINNESS!$S$23 -> 4.1 | G64: =[39]September_2025!$M$28 -> 190.6 | J64: NO BREAK | K64: =[40]September_2025!$M$32 -> 0.66877193 | L64: =(((D64+E64)-G64)/(D64+E64))*100 -> 9.1515729 | M64: K. Neptune | AB64: =[20]January_2019!L7 -> 285.8 | AC64: =[20]January_2019!M7 -> 508.1 | AD64: =[20]January_2019!N7 -> 0 | AE64: =[20]January_2019!O7 -> 0 | AF64: =[20]January_2019!P7 -> 109.56667 | AG64: =[20]January_2019!Q7 -> 297.65 | AH64: =[20]January_2019!R7 -> 122.3 | AI64: =[20]January_2019!S7 -> 0 | ... AX64: =[20]January_2019!AH7 -> 0
J68: NO SBF | L68: =(((D68+E68)-G68)/(D68+E68))*100 -> #DIV/0!
B71: Process Loss (Volume) | G71: Process Loss (Extract) | K71: Throughput
B72: Brand | C72: Actual | D72: MTD | E72: YTD | F72: Target | G72: Actual | H72: MTD | I72: YTD | J72: Target | K72: Actual | L72: MTD | M72: YTD | N72: Target
B73: CARIB | F73: 4.8 | J73: 4.8 | N73: 1
B74: STAG | F74: 4.8 | J74: 4.8 | N74: 1
B75: GUINN | C75: =L64 -> 9.1515729 | F75: 5.5 | G75: =[39]September_2025!$M$32 -> 10.488363 | J75: 5.5 | K75: =K64 -> 0.66877193 | N75: 1
B76: VITAMALT | F76: 3.3 | J76: 3.3 | N76: 1
B77: APA | F77: 3.3 | J77: 3 | N77: 1
B78: MACKESON | F78: =[21]May_2022!$M$43 -> 3.4878407 | J78: 5.5 | N78: 1
B79: STARMALT | F79: 3.3 | J79: 3.3 | N79: 1
B80: IPA | F80: 7.5 | J80: 7.5 | N80: 1
B81: HURRICANE REEF PILS | F81: 4.8 | J81: 4.8 | N81: 1
F82: 5.5 | J82: 5.5 | N82: 1

Sheet Sept 11th
S1: P.G. | U1: Hot Time | W1: Process Time | Y1: Cooling Time
B2: Brewing Department Daily Process Loss Report | S2: Lower | T2: Upper | U2: Lower | V2: Upper | W2: Lower | X2: Upper | Y2: Lower | Z2: Upper
R3: CARIB | S3: 11.6 | T3: 12 | U3: 0 | V3: 0.11805556 | W3: 0.22569444 | X3: 0.26388889 | Y3: 0 | Z3: 60 | AB3: HR- PISNER
B4: Date: | C4: 45912 | J4: LOT WORT COLOUR: 3.5 | M4: Filter Sheets (Target 20 days) | R4: STAG | S4: 11.6 | T4: 12 | U4: 0 | V4: 0.11805556 | W4: 0.22569444 | X4: 0.26388889 | Y4: 0 | Z4: 60
M5: Double | N5: Single | R5: GUINNESS | S5: 17 | T5: 17.5 | U5: 0 | V5: 0.10763889 | W5: 0.24652778 | X5: 0.28472222 | Y5: 0 | Z5: 60
J6: MALT LOT: Lot #44 | L6: Sheet Day | R6: MACKESON | S6: 13.3 | T6: 13.5 | U6: 0 | V6: 0.12905093 | W6: 0.27430556 | X6: 0.30208333 | Y6: 0
R7: STARMALT | S7: 17 | T7: 17.4 | U7: 0 | V7: 0.13605324 | W7: 0.27430556 | X7: 0.30902778 | Y7: 0 | Z7: 85
B8: Brand | C8: Brew no. | D8: Kett. Hls | E8: Wort | F8: Cool Time(Mins) | G8: Cast. P.G. (Lab Result) | H8: Cast P.G. (Cellar Operator)-gravity | I8: Extr. Rec (77.9%) | J8: Theor. Extr. (77.5%) | K8: Boil Off /Vol. (4-6%) | L8: Boil Time | M8: Total Hot | N8: Brewing | O8: Operator | R8: Hurricane Reef | S8: 16.6 | T8: 17 | U8: 0 | V8: 0.12905093 | W8: 0.27430556 | X8: 0.30208333 | Y8: 0
E9: Meter (Hls) | F9: Target(< 60Mins) | M9: Time | R9: VITAMALT | S9: 14.2 | T9: 14.6 | U9: 0 | V9: 0.13905093 | W9: 0.26041667 | X9: 0.29513889 | Y9: 0 | Z9: 75
B10: CARIB | C10: =[22]Brewhouse!$A783 -> CA674 | D10: =[22]Brewhouse!$AF783 -> 52.2 | E10: =[22]Brewhouse!$AI783 -> 50.4 | F10: =[22]Brewhouse!$V783 -> 57 | G10: =[22]Brewhouse!AG783 -> 11.8 | I10: =[22]Brewhouse!$AU783 -> 97.409933 | J10: =[22]Brewhouse!$AV783 -> 99.663867 | K10: =[22]Brewhouse!$Q783 -> 4.6666667 | L10: =[22]Brewhouse!$P783 -> 56 | M10: =[22]Brewhouse!$U783-[22]Brewhouse!$T783 -> 0.10138889 | N10: =[22]Brewhouse!$Z783 -> 0.25 | O10: =[22]Brewhouse!$AX783 -> R.Sookram | R10: =B10 -> CARIB | S10: =VLOOKUP($B10,$R$3:$X$9,2,FALSE) -> 11.6 | T10: =VLOOKUP($B10,$R$3:$X$9,3,FALSE) -> 12 | U10: =VLOOKUP($B10,$R$3:$X$9,4,FALSE) -> 0 | V10: =VLOOKUP($B10,$R$3:$X$9,5,FALSE) -> 0.11805556 | W10: =VLOOKUP($B10,$R$3:$X$9,6,FALSE) -> 0.22569444 | X10: =VLOOKUP($B10,$R$3:$X$9,7,FALSE) -> 0.26388889 | Y10: =VLOOKUP($B10,$R$3:$Z$9,8,FALSE) -> 0 | Z10: =VLOOKUP($B10,$R$3:$Z$9,9,FALSE) -> 60
B11: CARIB | C11: =[22]Brewhouse!$A784 -> CA675 | D11: =[22]Brewhouse!$AF784 -> 54.9 | E11: =[22]Brewhouse!$AI784 -> 52.9 | F11: =[22]Brewhouse!$V784 -> 59 | G11: =[22]Brewhouse!AG784 -> 11.4 | I11: =[22]Brewhouse!$AU784 -> 98.596202 | J11: =[22]Brewhouse!$AV784 -> 100.87758 | K11: =[22]Brewhouse!$Q784 -> -0.33333333 | L11: =[22]Brewhouse!$P784 -> 60 | M11: =[22]Brewhouse!$U784-[22]Brewhouse!$T784 -> 0.11597222 | N11: =[22]Brewhouse!$Z784 -> 0.25208333 | O11: =[22]Brewhouse!$AX784 -> K.Benjamin | R11: =B11 -> CARIB | S11: =VLOOKUP($B11,$R$3:$X$9,2,FALSE) -> 11.6 | T11: =VLOOKUP($B11,$R$3:$X$9,3,FALSE) -> 12 | U11: =VLOOKUP($B11,$R$3:$X$9,4,FALSE) -> 0 | V11: =VLOOKUP($B11,$R$3:$X$9,5,FALSE) -> 0.11805556 | W11: =VLOOKUP($B11,$R$3:$X$9,6,FALSE) -> 0.22569444 | X11: =VLOOKUP($B11,$R$3:$X$9,7,FALSE) -> 0.26388889 | Y11: =VLOOKUP($B11,$R$3:$Z$9,8,FALSE) -> 0 | Z11: =VLOOKUP($B11,$R$3:$Z$9,9,FALSE) -> 60
B12: CARIB | C12: =[22]Brewhouse!$A785 -> CA676 | D12: =[22]Brewhouse!$AF785 -> 51 | E12: =[22]Brewhouse!$AI785 -> 51.4 | F12: =[22]Brewhouse!$V785 -> 57 | G12: =[22]Brewhouse!AG785 -> 12.2 | I12: =[22]Brewhouse!$AU785 -> 102.88487 | J12: =[22]Brewhouse!$AV785 -> 105.26549 | K12: =[22]Brewhouse!$Q785 -> 6.8888889 | L12: =[22]Brewhouse!$P785 -> 61 | M12: =[22]Brewhouse!$U785-[22]Brewhouse!$T785 -> 0.11875 | N12: =[22]Brewhouse!$Z785 -> 0.275 | O12: =[22]Brewhouse!$AX785 -> K.Benjamin | R12: =B12 -> CARIB | S12: =VLOOKUP($B12,$R$3:$X$9,2,FALSE) -> 11.6 | T12: =VLOOKUP($B12,$R$3:$X$9,3,FALSE) -> 12 | U12: =VLOOKUP($B12,$R$3:$X$9,4,FALSE) -> 0 | V12: =VLOOKUP($B12,$R$3:$X$9,5,FALSE) -> 0.11805556 | W12: =VLOOKUP($B12,$R$3:$X$9,6,FALSE) -> 0.22569444 | X12: =VLOOKUP($B12,$R$3:$X$9,7,FALSE) -> 0.26388889 | Y12: =VLOOKUP($B12,$R$3:$Z$9,8,FALSE) -> 0 | Z12: =VLOOKUP($B12,$R$3:$Z$9,9,FALSE) -> 60
B14: STAG | C14: =[24]Brewhouse!$A371 -> ST349 | D14: =[24]Brewhouse!$AD371 -> 51.4 | E14: =[24]Brewhouse!$AG371 -> 50.8 | F14: =[24]Brewhouse!$V371 -> 60 | G14: =[24]Brewhouse!$AE371 -> 11.5 | I14: =[24]Brewhouse!$AS371 -> 97.234327 | J14: =[24]Brewhouse!$AT371 -> 99.094439 | K14: =[24]Brewhouse!$Q371 -> 2.8846154 | L14: =[24]Brewhouse!$P371 -> 51 | M14: =[24]Brewhouse!$U371-[24]Brewhouse!$T371 -> 0.11180556 | N14: =[24]Brewhouse!$AW371 -> 0.23888889 | O14: =[24]Brewhouse!$AV371 -> K. Benjamin | R14: =B14 -> STAG | S14: =VLOOKUP($B14,$R$3:$X$9,2,FALSE) -> 11.6 | T14: =VLOOKUP($B14,$R$3:$X$9,3,FALSE) -> 12 | U14: =VLOOKUP($B14,$R$3:$X$9,4,FALSE) -> 0 | V14: =VLOOKUP($B14,$R$3:$X$9,5,FALSE) -> 0.11805556 | W14: =VLOOKUP($B14,$R$3:$X$9,6,FALSE) -> 0.22569444 | X14: =VLOOKUP($B14,$R$3:$X$9,7,FALSE) -> 0.26388889 | Y14: =VLOOKUP($B14,$R$3:$Z$9,8,FALSE) -> 0 | Z14: =VLOOKUP($B14,$R$3:$Z$9,9,FALSE) -> 60
B15: STAG | C15: =[24]Brewhouse!$A372 -> ST350 | D15: =[24]Brewhouse!$AD372 -> 50.1 | E15: =[24]Brewhouse!$AG372 -> 49.6 | F15: =[24]Brewhouse!$V372 -> 61 | G15: =[24]Brewhouse!$AE372 -> 11.9 | I15: =[24]Brewhouse!$AS372 -> 98.088904 | J15: =[24]Brewhouse!$AT372 -> 99.965364 | K15: =[24]Brewhouse!$Q372 -> 5.5662188 | L15: =[24]Brewhouse!$P372 -> 59 | M15: =[24]Brewhouse!$U372-[24]Brewhouse!$T372 -> 0.10763889 | N15: =[24]Brewhouse!$AW372 -> 0.24652778 | O15: =[24]Brewhouse!$AV372 -> R. Regis | R15: =B15 -> STAG | S15: =VLOOKUP($B15,$R$3:$X$9,2,FALSE) -> 11.6 | T15: =VLOOKUP($B15,$R$3:$X$9,3,FALSE) -> 12 | U15: =VLOOKUP($B15,$R$3:$X$9,4,FALSE) -> 0 | V15: =VLOOKUP($B15,$R$3:$X$9,5,FALSE) -> 0.11805556 | W15: =VLOOKUP($B15,$R$3:$X$9,6,FALSE) -> 0.22569444 | X15: =VLOOKUP($B15,$R$3:$X$9,7,FALSE) -> 0.26388889 | Y15: =VLOOKUP($B15,$R$3:$Z$9,8,FALSE) -> 0 | Z15: =VLOOKUP($B15,$R$3:$Z$9,9,FALSE) -> 60
B16: STAG | C16: =[24]Brewhouse!$A373 -> ST351 | D16: =[24]Brewhouse!$AD373 -> 50.3 | E16: =[24]Brewhouse!$AG373 -> 49.7 | F16: =[24]Brewhouse!$V373 -> 58 | G16: =[24]Brewhouse!$AE373 -> 11.9 | I16: =[24]Brewhouse!$AS373 -> 98.286664 | J16: =[24]Brewhouse!$AT373 -> 100.16691 | K16: =[24]Brewhouse!$Q373 -> 5.1823417 | L16: =[24]Brewhouse!$P373 -> 60 | M16: =[24]Brewhouse!$U373-[24]Brewhouse!$T373 -> 0.10625 | N16: =[24]Brewhouse!$AW373 -> 0.25069444 | O16: =[24]Brewhouse!$AV373 -> R. Regis | R16: =B16 -> STAG | S16: =VLOOKUP($B16,$R$3:$X$9,2,FALSE) -> 11.6 | T16: =VLOOKUP($B16,$R$3:$X$9,3,FALSE) -> 12 | U16: =VLOOKUP($B16,$R$3:$X$9,4,FALSE) -> 0 | V16: =VLOOKUP($B16,$R$3:$X$9,5,FALSE) -> 0.11805556 | W16: =VLOOKUP($B16,$R$3:$X$9,6,FALSE) -> 0.22569444 | X16: =VLOOKUP($B16,$R$3:$X$9,7,FALSE) -> 0.26388889 | Y16: =VLOOKUP($B16,$R$3:$Z$9,8,FALSE) -> 0 | Z16: =VLOOKUP($B16,$R$3:$Z$9,9,FALSE) -> 60
