Workbook

Sheet Entries September'25
B1: ENTRIES FOR DAILY CONS. MONITOR | O1: =B1 -> ENTRIES FOR DAILY CONS. MONITOR
C2: old | F2: old | O2: Service 227.3 cubic meters (2273 Hls)Filtered 189.3 cubic meters(1893 Hls)
D3: FUEL | J3: ELECT. | L3: CO2 | O3: WATER | AG3: CO2 Scrubber (m3) | AH3: Supply to Washdown Area (m3) | AI3: Supply to RUs (m3) | AJ3: Steam Mass Flow Meter | AL3: CO2 TANKS' READING
B4: Boilers tot. | C4: Boiler 1 | D4: Gen. meter | E4: Tank level | F4: Boiler 1 | G4: Boiler 2 | H4: Gen | I4: Meter1 | J4: Meter 2 | K4: Gen Meter | L4: Consumption (BMF) (kg) | M4: Consumption (Totalizer Flowmeter) | N4: Consumption (Filler) (kg) | O4: Nawasa Meter (m3) | P4: Annandale Supply (m3) | Q4: Service Supply to Plant (m3) | R4: Cellars/Filtration (m3) | S4: Brewhouse Meter (m3) | T4: Cellars/Process Areas (m3) | U4: Pasteuriser (m3) | V4: Water Plant-Nawasa Annadale (m3) | W4: Water Plant-Well # 1 (m3) | X4: CIP Process | Y4: Bottle Washer | Z4: Boiler | AA4: Permeate #1 | AB4: Permeate #2 | AC4: Bottle Filler (m3) | AD4: RO # 1 Totaliser (m3) | AE4: RO # 2 Totaliser (m3) | AF4: Recovered Water (m3) | AL4: Tank "C" | AM4: Tank "A" | AN4: Tank "B" | AO4: Mobile Tanker
A5: DATE | B5: (liters) | C5: (liters) | D5: (Imp. gals) | E5: (inches) | F5: Hrs | G5: Hrs | H5: Hrs. | I5: (Kwhr) | J5: (Kwhr) | K5: (Kwhr) | M5: (kg) | X5: (m3) | Y5: (m3) | Z5: (m3) | AL5: inH2O | AM5: (Kg.) | AN5: (Kg.) | AO5: (pounds)
A6: 1 | B6: 7621570 | E6: 64 | F6: 5453.8 | G6: 68225 | I6: 7478 | J6: 535202 | K6: 468000 | L6: 227.79 | M6: 60838.97 | N6: 9964.36 | O6: 193319 | P6: 33963 | Q6: 919465 | S6: 55371 | U6: 21155 | V6: 1312021 | X6: 37047 | Y6: 41306 | Z6: 9181 | AA6: 97122 | AC6: 743 | AD6: 260127 | AJ6: 7297992.7
A7: 2 | B7: 7624590 | E7: 64 | F7: 5472.8 | G7: 68225 | I7: 11905 | J7: 539254 | K7: 468000 | L7: 227.79 | M7: 63352.87 | N7: 10246.66 | O7: 193765 | P7: 34207 | Q7: 919717 | S7: 55537 | U7: 21161 | V7: 1312247 | X7: 37133 | Y7: 41384 | Z7: 9192 | AA7: 97122 | AC7: 769 | AD7: 260127 | AJ7: 7298375.3 | AL7: 220 | AM7: 0 | AN7: 0
A8: 3 | B8: 7627550 | E8: 64 | F8: 5493.2 | G8: 68225 | I8: 16674 | J8: 543617 | K8: 468000 | L8: 227.79 | M8: 65344.93 | N8: 10493.58 | O8: 193861 | P8: 34344 | Q8: 919959 | S8: 55745 | U8: 21170 | V8: 1312390 | X8: 37205 | Y8: 41454 | Z8: 9215 | AA8: 97122 | AC8: 787 | AD8: 260127 | AJ8: 7298375.3 | AL8: 220 | AM8: 0 | AN8: 0
A9: 4 | B9: 7630460 | E9: 64 | F9: 5512.9 | G9: 68225 | I9: 20831 | J9: 547421 | K9: 468000 | L9: 227.79 | M9: 67011.84 | N9: 10740.68 | O9: 194068 | P9: 34519 | Q9: 920129 | S9: 55910 | U9: 21178 | V9: 1312395 | X9: 37227 | Y9: 41522 | Z9: 9230 | AA9: 97122 | AC9: 807 | AD9: 260127 | AJ9: 7298375.3 | AL9: 190 | AM9: 0 | AN9: 0
A10: 5 | B10: 7633640 | E10: 64 | F10: 5532.3 | G10: 68225 | I10: 25153 | J10: 551375 | K10: 468000 | L10: 227.79 | M10: 68434.22 | N10: 11009.6 | O10: 194139 | P10: 34809 | Q10: 920352 | S10: 56090 | U10: 21186 | V10: 1312874 | X10: 37295 | Y10: 41597 | Z10: 9249 | AA10: 97122 | AC10: 826 | AD10: 260127 | AJ10: 7298375.3 | AM10: 0 | AN10: 0
A11: 6 | B11: 7636470 | E11: 64 | F11: 5550.4 | G11: 68225 | I11: 29416 | J11: 555275 | K11: 468000 | L11: 227.79 | M11: 69950.75 | N11: 11226 | O11: 194221 | P11: 35063 | Q11: 920530 | S11: 56297 | U11: 21191 | V11: 1313146 | X11: 37347 | Y11: 41656 | Z11: 9264 | AA11: 97122 | AC11: 841 | AD11: 260160 | AJ11: 7298375.3 | AM11: 0 | AN11: 0
A12: 7 | B12: 7636760 | E12: 64 | F12: 5552.7 | G12: 68225 | I12: 32164 | J12: 557786 | K12: 468000 | L12: 227.79 | M12: 69950.75 | N12: 11226 | O12: 194221 | P12: 35152 | Q12: 920613 | S12: 56297 | U12: 21191 | V12: 1313239 | X12: 37347 | Y12: 41696 | Z12: 9265 | AA12: 97122 | AC12: 841 | AD12: 260160 | AJ12: 7298375.3 | AL12: 160 | AM12: 0 | AN12: 0
A13: 8 | B13: 7636930 | E13: 64 | F13: 5553.3 | G13: 68225 | I13: 34795 | J13: 560192 | K13: 468000 | L13: 227.79 | M13: 69950.75 | N13: 11226 | O13: 194221 | P13: 35152 | Q13: 920613 | S13: 56297 | U13: 21191 | V13: 1313239 | X13: 37347 | Y13: 41696 | Z13: 9267 | AA13: 97122 | AC13: 841 | AD13: 260160 | AJ13: 7298375.3 | AL13: 140 | AM13: 0 | AN13: 0 | AO13: =2.204623*19100 -> 42108.299
A14: 9 | B14: 7640320 | E14: 64 | F14: 5573.6 | G14: 68225 | I14: 38973 | J14: 564017 | K14: 468000 | L14: 227.79 | M14: 71384.99 | N14: 11454.92 | O14: 194403 | P14: 35297 | Q14: 920779 | S14: 56488 | U14: 21206 | V14: 1313391 | X14: 37359 | Y14: 41760 | Z14: 9285 | AA14: 97122 | AC14: 856 | AD14: 260160 | AJ14: 7299271.8 | AL14: 140 | AM14: 0 | AN14: 0 | AO14: 21974
A15: 10 | B15: 7643380 | E15: 64 | F15: 5593.6 | G15: 68225 | I15: 43584 | J15: 568243 | K15: 468000 | L15: 227.79 | M15: 73336.36 | N15: 11755.98 | O15: 194736 | P15: 35349 | Q15: 920985 | S15: 56699 | U15: 21216 | V15: 1313445 | X15: 37389 | Y15: 41835 | Z15: 9299 | AA15: 97122 | AC15: 875 | AD15: 260160 | AJ15: 7299271.8 | AL15: 130 | AM15: 11400 | AN15: 4560
A16: 11 | B16: 7646190 | E16: 64 | F16: 5611.3 | G16: 68225 | I16: 48177 | J16: 572447 | K16: 468000 | L16: 227.79 | M16: 74844.41 | N16: 12008.01 | O16: 194919 | P16: 35458 | Q16: 921189 | S16: 56888 | U16: 21225 | V16: 1313560 | X16: 37438 | Y16: 41905 | Z16: 9312 | AA16: 97122 | AC16: 893 | AD16: 260160 | AJ16: 7299271.8
A17: 12 | B17: 7648560 | E17: 64 | F17: 5629.3 | G17: 68225 | I17: 51936 | J17: 575885 | K17: 468000 | L17: 227.79 | M17: 75116.63 | N17: 12093.9 | O17: 194973 | P17: 35689 | Q17: 921287 | S17: 57052 | U17: 21231 | V17: 1313802 | X17: 37468 | Y17: 41926 | Z17: 9322 | AA17: 97122 | AC17: 898 | AD17: 260160 | AJ17: 7299271.8
A18: 13 | B18: 7649900 | E18: 64 | F18: 5629.3 | G18: 68225 | I18: 55698 | J18: 579318 | K18: 468000 | L18: 227.79 | M18: 75518.24 | N18: 12120.96 | O18: 194973 | P18: 35769 | Q18: 921368 | S18: 57102 | U18: 21235 | V18: 1313886 | X18: 37480 | Y18: 41949 | Z18: 9329 | AA18: 97122 | AC18: 902 | AD18: 260160 | AJ18: 7299413.2
A19: 14 | B19: 7649900 | E19: 64 | F19: 5629.3 | G19: 68225 | I19: 58519 | J19: 581890 | K19: 468000 | L19: 227.79 | M19: 75518.24 | N19: 12120.96 | O19: 194973 | P19: 35845 | Q19: 921390 | S19: 57102 | U19: 21235 | V19: 1313966 | X19: 37480 | Y19: 41953 | Z19: 9329 | AA19: 97122 | AC19: 902 | AD19: 260160 | AJ19: 7299413.2
A20: 15 | B20: 7650850 | E20: 64 | F20: 5644.1 | G20: 68225 | I20: 61384 | J20: 584507 | K20: 468000 | L20: 227.79 | M20: 75518.24 | N20: 12124.1 | O20: 194973 | P20: 35913 | Q20: 921464 | S20: 57108 | U20: 21235 | V20: 1314040 | X20: 37484 | Y20: 41982 | Z20: 9331 | AA20: 97122 | AC20: 919 | AD20: 260160 | AJ20: 7299413.2
A21: 16 | B21: 7653990 | E21: 64 | F21: 5664.1 | G21: 68225 | I21: 66125 | J21: 588852 | K21: 468000 | L21: 227.79 | M21: 77738.36 | N21: 12526.18 | O21: 195222 | P21: 36016 | Q21: 921713 | S21: 57208 | U21: 21250 | V21: 1314209 | X21: 37530 | Y21: 42082 | Z21: 9352 | AA21: 97122 | AC21: 945 | AD21: 260160 | AJ21: 7299446.6
A22: 17 | B22: 7656270 | E22: 64 | F22: 5680.3 | G22: 68225 | I22: 70120 | J22: 592512 | K22: 468000 | L22: 227.79 | M22: 80081.15 | N22: 12881.28 | O22: 195424 | P22: 36201 | Q22: 921914 | S22: 57327 | U22: 21261 | V22: 1314340 | X22: 37567 | Y22: 42166 | Z22: 9364 | AA22: 97122 | AC22: 965 | AD22: 260160 | AJ22: 7299446.6
A23: 18 | B23: 7659460 | E23: 64 | F23: 5700.9 | G23: 68225 | I23: 74799 | J23: 596805 | K23: 468000 | L23: 227.79 | M23: 82454.88 | N23: 13310.16 | O23: 195535 | P23: 36388 | Q23: 922154 | S23: 57476 | U23: 21275 | V23: 1314536 | X23: 37599 | Y23: 42265 | Z23: 9381 | AA23: 97122 | AC23: 994 | AD23: 260160 | AJ23: 7299446.6
A24: 19 | B24: 7663070 | E24: 64 | F24: 5721.3 | G24: 68225 | I24: 79826 | J24: 601416 | K24: 468000 | L24: 321.6 | M24: 85808.84 | N24: 13907.03 | O24: 195744 | P24: 36622 | Q24: 922445 | S24: 57638 | U24: 21288 | V24: 1314772 | X24: 37656 | Y24: 42393 | Z24: 9403 | AA24: 97122 | AC24: 1026 | AD24: 260160 | AJ24: 7299446.6
A25: 20 | B25: 7665980 | E25: 64 | F25: 5739.5 | G25: 68225 | I25: 84348 | J25: 605558 | K25: 468000 | L25: 426.44 | M25: 88685.08 | N25: 14322.87 | O25: 195942 | P25: 36847 | Q25: 922655 | S25: 57806 | U25: 21297 | V25: 1315015 | X25: 37695 | Y25: 42482 | Z25: 9418 | AA25: 97122 | AC25: 1050 | AD25: 260160 | AJ25: 7299446.6
A26: 21 | B26: 7665980 | E26: 64 | F26: 5739.5 | G26: 68225 | I26: 87376 | J26: 608310 | K26: 468000 | L26: 426.44 | M26: 88685.08 | N26: 14322.87 | O26: 195942 | P26: 36847 | Q26: 922692 | S26: 57806 | U26: 21299 | V26: 1315015 | X26: 37695 | Y26: 42488 | Z26: 9421 | AA26: 97122 | AC26: 1050 | AD26: 260160 | AJ26: 7305318.8
A27: 22 | B27: 7667310 | E27: 64 | F27: 5746.2 | G27: 68225 | I27: 89902 | J27: 610606 | K27: 468000 | L27: 426.44 | M27: 88686.95 | N27: 14322.93 | O27: 196016 | P27: 36892 | Q27: 922715 | S27: 57807 | U27: 21300 | V27: 1315067 | X27: 37695 | Y27: 42513 | Z27: 9428 | AA27: 97122 | AC27: 1064 | AD27: 260160 | AJ27: 7305440
... A36: 1 | B36: 7688000 | E36: 64 | F36: 5885.9 | G36: 68225 | I36: 126545 | J36: 644115 | K36: 468000 | L36: 698.99 | M36: 100759.27 | N36: 16327.16 | O36: 197585 | P36: 37910 | Q36: 924266 | S36: 58897 | U36: 21369 | V36: 1316136 | X36: 38049 | Y36: 43045 | Z36: 9523 | AA36: 97122 | AC36: 1208 | AD36: 260317 | AJ36: 7305590.9
A37: 2

Sheet Utility Analysis September'25 
H2: GRENADA BREWERIES LIMITED
H3: UTILITY ANALYSIS
A5: MONTH: | G5: 39295
A7: DATE | D7: ELECTRICITY GRENLEC | E7: CARIB GENSET | F7: ELECTRICITY TOTAL | G7: WATER | H7: FUEL | I7: CO2 | J7: PRODUCTION - HL | O7: UTILITY RATIOS
B8: METER 1 | C8: METER 2 | O8: Elect | P8: Water | Q8: Fuel | R8: CO2
D9: USAGE (kwh) | E9: USAGE (kwh) | F9: USAGE (kwh) | G9: USAGE (Hl) | H9: USAGE (l) | I9: USAGE (Kg.) | J9: BREWED | K9: BOTTLED | L9: KEGS | M9: OTHER | N9: TOTAL | O9: KWH/Hl | P9: Hl/hl | Q9: Litres/hl | R9: kg./Hl
A10: 1 | B10: =IF('Entries September''25'!I7<'Entries September''25'!I6,"0",IF('Entries September''25'!I7>='Entries September''25'!I6,'Entries September''25'!I7-'Entries September''25'!I6,(999999-'Entries September''25'!I6)+'Entries September''25'!I7+1)) -> 4427 | C10: =IF('Entries September''25'!J7<'Entries September''25'!J6,"0",IF('Entries September''25'!J7>='Entries September''25'!J6,'Entries September''25'!J7-'Entries September''25'!J6,(999999-'Entries September''25'!J6)+'Entries September''25'!J7+1)) -> 4052 | D10: =B10+C10 -> 8479 | E10: =IF('Entries September''25'!K7<'Entries September''25'!K6,"0",IF('Entries September''25'!K7>='Entries September''25'!K6,'Entries September''25'!K7-'Entries September''25'!K6,(999999-'Entries September''25'!K6)+'Entries September''25'!K7+1)) -> 0 | F10: =D10+E10 -> 8479 | G10: ='Water '!Z7*10 -> 6900 | H10: =IF('Entries September''25'!B7-'Entries September''25'!B6<1,"0",'Entries September''25'!B7-'Entries September''25'!B6) -> 3020 | I10: ='CO2'!E7 -> 2400 | J10: =+'PROD.FIG. '!F5 -> 0 | K10: =+'PROD.FIG. '!C5 -> 0 | L10: =+'PROD.FIG. '!D5 -> 0 | M10: =+'PROD.FIG. '!E5 -> 0 | N10: {=TRANSPOSE('Daily KPIs'!B9:AF9)} -> 390.852 | O10: =IF(N10=0,0,F10/N10) -> 21.693633 | P10: =IF(O10=0,0,G10/N10) -> 17.653741 | Q10: =IF(P10=0,0,H10/N10) -> 7.7267099 | R10: =IF(Q10=0,0,I10/N10) -> 6.1404317
A11: 2 | B11: =IF('Entries September''25'!I8<'Entries September''25'!I7,"0",IF('Entries September''25'!I8>='Entries September''25'!I7,'Entries September''25'!I8-'Entries September''25'!I7,(999999-'Entries September''25'!I7)+'Entries September''25'!I8+1)) -> 4769 | C11: =IF('Entries September''25'!J8<'Entries September''25'!J7,"0",IF('Entries September''25'!J8>='Entries September''25'!J7,'Entries September''25'!J8-'Entries September''25'!J7,(999999-'Entries September''25'!J7)+'Entries September''25'!J8+1)) -> 4363 | D11: =B11+C11 -> 9132 | E11: =IF('Entries September''25'!K8<'Entries September''25'!K7,"0",IF('Entries September''25'!K8>='Entries September''25'!K7,'Entries September''25'!K8-'Entries September''25'!K7,(999999-'Entries September''25'!K7)+'Entries September''25'!K8+1)) -> 0 | F11: =D11+E11 -> 9132 | G11: ='Water '!Z8*10 -> 2330 | H11: =IF('Entries September''25'!B8-'Entries September''25'!B7<1,"0",'Entries September''25'!B8-'Entries September''25'!B7) -> 2960 | I11: ='CO2'!E8 -> 2000 | J11: =+'PROD.FIG. '!F6 -> 0 | K11: =+'PROD.FIG. '!C6 -> 0 | L11: =+'PROD.FIG. '!D6 -> 0 | M11: =+'PROD.FIG. '!E6 -> 0 | N11: 311.388 | O11: =IF(N11=0,0,F11/N11) -> 29.326756 | P11: =IF(O11=0,0,G11/N11) -> 7.4826262 | Q11: =IF(P11=0,0,H11/N11) -> 9.5058255 | R11: =IF(Q11=0,0,I11/N11) -> 6.4228551
A12: 3 | B12: =IF('Entries September''25'!I9<'Entries September''25'!I8,"0",IF('Entries September''25'!I9>='Entries September''25'!I8,'Entries September''25'!I9-'Entries September''25'!I8,(999999-'Entries September''25'!I8)+'Entries September''25'!I9+1)) -> 4157 | C12: =IF('Entries September''25'!J9<'Entries September''25'!J8,"0",IF('Entries September''25'!J9>='Entries September''25'!J8,'Entries September''25'!J9-'Entries September''25'!J8,(999999-'Entries September''25'!J8)+'Entries September''25'!J9+1)) -> 3804 | D12: =B12+C12 -> 7961 | E12: =IF('Entries September''25'!K9<'Entries September''25'!K8,"0",IF('Entries September''25'!K9>='Entries September''25'!K8,'Entries September''25'!K9-'Entries September''25'!K8,(999999-'Entries September''25'!K8)+'Entries September''25'!K9+1)) -> 0 | F12: =D12+E12 -> 7961 | G12: ='Water '!Z9*10 -> 3820 | H12: =IF('Entries September''25'!B9-'Entries September''25'!B8<1,"0",'Entries September''25'!B9-'Entries September''25'!B8) -> 2910 | I12: ='CO2'!E9 -> 1800 | J12: =+'PROD.FIG. '!F7 -> 0 | K12: =+'PROD.FIG. '!C7 -> 0 | L12: =+'PROD.FIG. '!D7 -> 0 | M12: =+'PROD.FIG. '!E7 -> 0 | N12: 297.858 | O12: =IF(N12=0,0,F12/N12) -> 26.727501 | P12: =IF(O12=0,0,G12/N12) -> 12.824903 | Q12: =IF(P12=0,0,H12/N12) -> 9.7697561 | R12: =IF(Q12=0,0,I12/N12) -> 6.0431481
A13: 4 | B13: =IF('Entries September''25'!I10<'Entries September''25'!I9,"0",IF('Entries September''25'!I10>='Entries September''25'!I9,'Entries September''25'!I10-'Entries September''25'!I9,(999999-'Entries September''25'!I9)+'Entries September''25'!I10+1)) -> 4322 | C13: =IF('Entries September''25'!J10<'Entries September''25'!J9,"0",IF('Entries September''25'!J10>='Entries September''25'!J9,'Entries September''25'!J10-'Entries September''25'!J9,(999999-'Entries September''25'!J9)+'Entries September''25'!J10+1)) -> 3954 | D13: =B13+C13 -> 8276 | E13: =IF('Entries September''25'!K10<'Entries September''25'!K9,"0",IF('Entries September''25'!K10>='Entries September''25'!K9,'Entries September''25'!K10-'Entries September''25'!K9,(999999-'Entries September''25'!K9)+'Entries September''25'!K10+1)) -> 0 | F13: =D13+E13 -> 8276 | G13: ='Water '!Z10*10 -> 3610 | H13: =IF('Entries September''25'!B10-'Entries September''25'!B9<1,"0",'Entries September''25'!B10-'Entries September''25'!B9) -> 3180 | I13: ='CO2'!E10 -> 1400 | J13: =+'PROD.FIG. '!F8 -> 0 | K13: =+'PROD.FIG. '!C8 -> 0 | L13: =+'PROD.FIG. '!D8 -> 0 | M13: =+'PROD.FIG. '!E8 -> 0 | N13: 392.106 | O13: =IF(N13=0,0,F13/N13) -> 21.106538 | P13: =IF(O13=0,0,G13/N13) -> 9.2066941 | Q13: =IF(P13=0,0,H13/N13) -> 8.1100519 | R13: =IF(Q13=0,0,I13/N13) -> 3.5704631
A14: 5 | B14: =IF('Entries September''25'!I11<'Entries September''25'!I10,"0",IF('Entries September''25'!I11>='Entries September''25'!I10,'Entries September''25'!I11-'Entries September''25'!I10,(999999-'Entries September''25'!I10)+'Entries September''25'!I11+1)) -> 4263 | C14: =IF('Entries September''25'!J11<'Entries September''25'!J10,"0",IF('Entries September''25'!J11>='Entries September''25'!J10,'Entries September''25'!J11-'Entries September''25'!J10,(999999-'Entries September''25'!J10)+'Entries September''25'!J11+1)) -> 3900 | D14: =B14+C14 -> 8163 | E14: =IF('Entries September''25'!K11<'Entries September''25'!K10,"0",IF('Entries September''25'!K11>='Entries September''25'!K10,'Entries September''25'!K11-'Entries September''25'!K10,(999999-'Entries September''25'!K10)+'Entries September''25'!K11+1)) -> 0 | F14: =D14+E14 -> 8163 | G14: ='Water '!Z11*10 -> 3360 | H14: =IF('Entries September''25'!B11-'Entries September''25'!B10<1,"0",'Entries September''25'!B11-'Entries September''25'!B10) -> 2830 | I14: ='CO2'!E11 -> 1500 | J14: =+'PROD.FIG. '!F9 -> 0 | K14: =+'PROD.FIG. '!C9 -> 0 | L14: =+'PROD.FIG. '!D9 -> 0 | M14: =+'PROD.FIG. '!E9 -> 0 | N14: 274.494 | O14: =IF(N14=0,0,F14/N14) -> 29.738355 | P14: =IF(O14=0,0,G14/N14) -> 12.240705 | Q14: =IF(P14=0,0,H14/N14) -> 10.309879 | R14: =IF(Q14=0,0,I14/N14) -> 5.4646003
A15: 6 | B15: =IF('Entries September''25'!I12<'Entries September''25'!I11,"0",IF('Entries September''25'!I12>='Entries September''25'!I11,'Entries September''25'!I12-'Entries September''25'!I11,(999999-'Entries September''25'!I11)+'Entries September''25'!I12+1)) -> 2748 | C15: =IF('Entries September''25'!J12<'Entries September''25'!J11,"0",IF('Entries September''25'!J12>='Entries September''25'!J11,'Entries September''25'!J12-'Entries September''25'!J11,(999999-'Entries September''25'!J11)+'Entries September''25'!J12+1)) -> 2511 | D15: =B15+C15 -> 5259 | E15: =IF('Entries September''25'!K12<'Entries September''25'!K11,"0",IF('Entries September''25'!K12>='Entries September''25'!K11,'Entries September''25'!K12-'Entries September''25'!K11,(999999-'Entries September''25'!K11)+'Entries September''25'!K12+1)) -> 0 | F15: =D15+E15 -> 5259 | G15: ='Water '!Z12*10 -> 890 | H15: =IF('Entries September''25'!B12-'Entries September''25'!B11<1,"0",'Entries September''25'!B12-'Entries September''25'!B11) -> 290 | I15: ='CO2'!E12 -> 0 | J15: =+'PROD.FIG. '!F10 -> 0 | K15: =+'PROD.FIG. '!C10 -> 0 | L15: =+'PROD.FIG. '!D10 -> 0 | M15: =+'PROD.FIG. '!E10 -> 0 | N15: 0 | O15: =IF(N15=0,0,F15/N15) -> 0 | P15: =IF(O15=0,0,G15/N15) -> 0 | Q15: =IF(P15=0,0,H15/N15) -> 0 | R15: =IF(Q15=0,0,I15/N15) -> 0
A16: 7 | B16: =IF('Entries September''25'!I13<'Entries September''25'!I12,"0",IF('Entries September''25'!I13>='Entries September''25'!I12,'Entries September''25'!I13-'Entries September''25'!I12,(999999-'Entries September''25'!I12)+'Entries September''25'!I13+1)) -> 2631 | C16: =IF('Entries September''25'!J13<'Entries September''25'!J12,"0",IF('Entries September''25'!J13>='Entries September''25'!J12,'Entries September''25'!J13-'Entries September''25'!J12,(999999-'Entries September''25'!J12)+'Entries September''25'!J13+1)) -> 2406 | D16: =B16+C16 -> 5037 | E16: =IF('Entries September''25'!K13<'Entries September''25'!K12,"0",IF('Entries September''25'!K13>='Entries September''25'!K12,'Entries September''25'!K13-'Entries September''25'!K12,(999999-'Entries September''25'!K12)+'Entries September''25'!K13+1)) -> 0 | F16: =D16+E16 -> 5037 | G16: ='Water '!Z13*10 -> 0 | H16: =IF('Entries September''25'!B13-'Entries September''25'!B12<1,"0",'Entries September''25'!B13-'Entries September''25'!B12) -> 170 | I16: ='CO2'!E13 -> 3000 | J16: =+'PROD.FIG. '!F11 -> 0 | K16: =+'PROD.FIG. '!C11 -> 0 | L16: =+'PROD.FIG. '!D11 -> 0 | M16: =+'PROD.FIG. '!E11 -> 0 | N16: 0 | O16: =IF(N16=0,0,F16/N16) -> 0 | P16: =IF(O16=0,0,G16/N16) -> 0 | Q16: =IF(P16=0,0,H16/N16) -> 0 | R16: =IF(Q16=0,0,I16/N16) -> 0
A17: 8 | B17: =IF('Entries September''25'!I14<'Entries September''25'!I13,"0",IF('Entries September''25'!I14>='Entries September''25'!I13,'Entries September''25'!I14-'Entries September''25'!I13,(999999-'Entries September''25'!I13)+'Entries September''25'!I14+1)) -> 4178 | C17: =IF('Entries September''25'!J14<'Entries September''25'!J13,"0",IF('Entries September''25'!J14>='Entries September''25'!J13,'Entries September''25'!J14-'Entries September''25'!J13,(999999-'Entries September''25'!J13)+'Entries September''25'!J14+1)) -> 3825 | D17: =B17+C17 -> 8003 | E17: =IF('Entries September''25'!K14<'Entries September''25'!K13,"0",IF('Entries September''25'!K14>='Entries September''25'!K13,'Entries September''25'!K14-'Entries September''25'!K13,(999999-'Entries September''25'!K13)+'Entries September''25'!K14+1)) -> 0 | F17: =D17+E17 -> 8003 | G17: ='Water '!Z14*10 -> 3270 | H17: =IF('Entries September''25'!B14-'Entries September''25'!B13<1,"0",'Entries September''25'!B14-'Entries September''25'!B13) -> 3390 | I17: ='CO2'!E14 -> 1600 | J17: =+'PROD.FIG. '!F12 -> 0 | K17: =+'PROD.FIG. '!C12 -> 0 | L17: =+'PROD.FIG. '!D12 -> 0 | M17: =+'PROD.FIG. '!E12 -> 0 | N17: 306.372 | O17: =IF(N17=0,0,F17/N17) -> 26.121839 | P17: =IF(O17=0,0,G17/N17) -> 10.673299 | Q17: =IF(P17=0,0,H17/N17) -> 11.06498 | R17: =IF(Q17=0,0,I17/N17) -> 5.2224094
A18: 9 | B18: =IF('Entries September''25'!I15<'Entries September''25'!I14,"0",IF('Entries September''25'!I15>='Entries September''25'!I14,'Entries September''25'!I15-'Entries September''25'!I14,(999999-'Entries September''25'!I14)+'Entries September''25'!I15+1)) -> 4611 | C18: =IF('Entries September''25'!J15<'Entries September''25'!J14,"0",IF('Entries September''25'!J15>='Entries September''25'!J14,'Entries September''25'!J15-'Entries September''25'!J14,(999999-'Entries September''25'!J14)+'Entries September''25'!J15+1)) -> 4226 | D18: =B18+C18 -> 8837 | E18: =IF('Entries September''25'!K15<'Entries September''25'!K14,"0",IF('Entries September''25'!K15>='Entries September''25'!K14,'Entries September''25'!K15-'Entries September''25'!K14,(999999-'Entries September''25'!K14)+'Entries September''25'!K15+1)) -> 0 | F18: =D18+E18 -> 8837 | G18: ='Water '!Z15*10 -> 3850 | H18: =IF('Entries September''25'!B15-'Entries September''25'!B14<1,"0",'Entries September''25'!B15-'Entries September''25'!B14) -> 3060 | I18: ='CO2'!E15 -> 1400 | J18: =+'PROD.FIG. '!F13 -> 0 | K18: =+'PROD.FIG. '!C13 -> 0 | L18: =+'PROD.FIG. '!D13 -> 0 | M18: =+'PROD.FIG. '!E13 -> 0 | N18: 360.096 | O18: =IF(N18=0,0,F18/N18) -> 24.540678 | P18: =IF(O18=0,0,G18/N18) -> 10.691593 | Q18: =IF(P18=0,0,H18/N18) -> 8.4977339 | R18: =IF(Q18=0,0,I18/N18) -> 3.8878521
A19: 10 | B19: =IF('Entries September''25'!I16<'Entries September''25'!I15,"0",IF('Entries September''25'!I16>='Entries September''25'!I15,'Entries September''25'!I16-'Entries September''25'!I15,(999999-'Entries September''25'!I15)+'Entries September''25'!I16+1)) -> 4593 | C19: =IF('Entries September''25'!J16<'Entries September''25'!J15,"0",IF('Entries September''25'!J16>='Entries September''25'!J15,'Entries September''25'!J16-'Entries September''25'!J15,(999999-'Entries September''25'!J15)+'Entries September''25'!J16+1)) -> 4204 | D19: =B19+C19 -> 8797 | E19: =IF('Entries September''25'!K16<'Entries September''25'!K15,"0",IF('Entries September''25'!K16>='Entries September''25'!K15,'Entries September''25'!K16-'Entries September''25'!K15,(999999-'Entries September''25'!K15)+'Entries September''25'!K16+1)) -> 0 | F19: =D19+E19 -> 8797 | G19: ='Water '!Z16*10 -> 2920 | H19: =IF('Entries September''25'!B16-'Entries September''25'!B15<1,"0",'Entries September''25'!B16-'Entries September''25'!B15) -> 2810 | I19: ='CO2'!E16 -> 1100 | J19: =+'PROD.FIG. '!F14 -> 0 | K19: =+'PROD.FIG. '!C14 -> 0 | L19: =+'PROD.FIG. '!D14 -> 0 | M19: =+'PROD.FIG. '!E14 -> 0 | N19: 320.826 | O19: =IF(N19=0,0,F19/N19) -> 27.419848 | P19: =IF(O19=0,0,G19/N19) -> 9.1015067 | Q19: =IF(P19=0,0,H19/N19) -> 8.7586418 | R19: =IF(Q19=0,0,I19/N19) -> 3.4286498
A20: 11 | B20: =IF('Entries September''25'!I17<'Entries September''25'!I16,"0",IF('Entries September''25'!I17>='Entries September''25'!I16,'Entries September''25'!I17-'Entries September''25'!I16,(999999-'Entries September''25'!I16)+'Entries September''25'!I17+1)) -> 3759 | C20: =IF('Entries September''25'!J17<'Entries September''25'!J16,"0",IF('Entries September''25'!J17>='Entries September''25'!J16,'Entries September''25'!J17-'Entries September''25'!J16,(999999-'Entries September''25'!J16)+'Entries September''25'!J17+1)) -> 3438 | D20: =B20+C20 -> 7197 | E20: =IF('Entries September''25'!K17<'Entries September''25'!K16,"0",IF('Entries September''25'!K17>='Entries September''25'!K16,'Entries September''25'!K17-'Entries September''25'!K16,(999999-'Entries September''25'!K16)+'Entries September''25'!K17+1)) -> 0 | F20: =D20+E20 -> 7197 | G20: ='Water '!Z17*10 -> 2850 | H20: =IF('Entries September''25'!B17-'Entries September''25'!B16<1,"0",'Entries September''25'!B17-'Entries September''25'!B16) -> 2370 | I20: ='CO2'!E17 -> 0 | J20: =+'PROD.FIG. '!F15 -> 0 | K20: =+'PROD.FIG. '!C15 -> 0 | L20: =+'PROD.FIG. '!D15 -> 0 | M20: =+'PROD.FIG. '!E15 -> 0 | N20: 5.676 | O20: =IF(N20=0,0,F20/N20) -> 1267.9704 | P20: =IF(O20=0,0,G20/N20) -> 502.11416 | Q20: =IF(P20=0,0,H20/N20) -> 417.54757 | R20: =IF(Q20=0,0,I20/N20) -> 0
A21: 12 | B21: =IF('Entries September''25'!I18<'Entries September''25'!I17,"0",IF('Entries September''25'!I18>='Entries September''25'!I17,'Entries September''25'!I18-'Entries September''25'!I17,(999999-'Entries September''25'!I17)+'Entries September''25'!I18+1)) -> 3762 | C21: =IF('Entries September''25'!J18<'Entries September''25'!J17,"0",IF('Entries September''25'!J18>='Entries September''25'!J17,'Entries September''25'!J18-'Entries September''25'!J17,(999999-'Entries September''25'!J17)+'Entries September''25'!J18+1)) -> 3433 | D21: =B21+C21 -> 7195 | E21: =IF('Entries September''25'!K18<'Entries September''25'!K17,"0",IF('Entries September''25'!K18>='Entries September''25'!K17,'Entries September''25'!K18-'Entries September''25'!K17,(999999-'Entries September''25'!K17)+'Entries September''25'!K18+1)) -> 0 | F21: =D21+E21 -> 7195 | G21: ='Water '!Z18*10 -> 800 | H21: =IF('Entries September''25'!B18-'Entries September''25'!B17<1,"0",'Entries September''25'!B18-'Entries September''25'!B17) -> 1340 | I21: ='CO2'!E18 -> 300 | J21: =+'PROD.FIG. '!F16 -> 0 | K21: =+'PROD.FIG. '!C16 -> 0 | L21: =+'PROD.FIG. '!D16 -> 0 | M21: =+'PROD.FIG. '!E16 -> 0 | N21: 64.878 | O21: =IF(N21=0,0,F21/N21) -> 110.90046 | P21: =IF(O21=0,0,G21/N21) -> 12.330836 | Q21: =IF(P21=0,0,H21/N21) -> 20.654151 | R21: =IF(Q21=0,0,I21/N21) -> 4.6240636
A22: 13 | B22: =IF('Entries September''25'!I19<'Entries September''25'!I18,"0",IF('Entries September''25'!I19>='Entries September''25'!I18,'Entries September''25'!I19-'Entries September''25'!I18,(999999-'Entries September''25'!I18)+'Entries September''25'!I19+1)) -> 2821 | C22: =IF('Entries September''25'!J19<'Entries September''25'!J18,"0",IF('Entries September''25'!J19>='Entries September''25'!J18,'Entries September''25'!J19-'Entries September''25'!J18,(999999-'Entries September''25'!J18)+'Entries September''25'!J19+1)) -> 2572 | D22: =B22+C22 -> 5393 | E22: =IF('Entries September''25'!K19<'Entries September''25'!K18,"0",IF('Entries September''25'!K19>='Entries September''25'!K18,'Entries September''25'!K19-'Entries September''25'!K18,(999999-'Entries September''25'!K18)+'Entries September''25'!K19+1)) -> 0 | F22: =D22+E22 -> 5393 | G22: ='Water '!Z19*10 -> 760 | H22: =IF('Entries September''25'!B19-'Entries September''25'!B18<1,"0",'Entries September''25'!B19-'Entries September''25'!B18) -> 0 | I22: ='CO2'!E19 -> 0 | J22: =+'PROD.FIG. '!F17 -> 0 | K22: =+'PROD.FIG. '!C17 -> 0 | L22: =+'PROD.FIG. '!D17 -> 0 | M22: =+'PROD.FIG. '!E17 -> 0 | N22: 0 | O22: =IF(N22=0,0,F22/N22) -> 0 | P22: =IF(O22=0,0,G22/N22) -> 0 | Q22: =IF(P22=0,0,H22/N22) -> 0 | R22: =IF(Q22=0,0,I22/N22) -> 0
... A39: 30 | B39: =IF('Entries September''25'!I36<'Entries September''25'!I35,"0",IF('Entries September''25'!I36>='Entries September''25'!I35,'Entries September''25'!I36-'Entries September''25'!I35,(999999-'Entries September''25'!I35)+'Entries September''25'!I36+1)) -> 4769 | C39: =IF('Entries September''25'!J36<'Entries September''25'!J35,"0",IF('Entries September''25'!J36>='Entries September''25'!J35,'Entries September''25'!J36-'Entries September''25'!J35,(999999-'Entries September''25'!J35)+'Entries September''25'!J36+1)) -> 4362 | D39: =B39+C39 -> 9131 | E39: =IF('Entries September''25'!K36<'Entries September''25'!K35,"0",IF('Entries September''25'!K36>='Entries September''25'!K35,'Entries September''25'!K36-'Entries September''25'!K35,(999999-'Entries September''25'!K35)+'Entries September''25'!K36+1)) -> 0 | F39: =D39+E39 -> 9131 | G39: ='Water '!Z36*10 -> 3690 | H39: =IF('Entries September''25'!B36-'Entries September''25'!B35<1,"0",'Entries September''25'!B36-'Entries September''25'!B35) -> 3180 | I39: ='CO2'!E36 -> 1300 | J39: =+'PROD.FIG. '!F34 -> 0 | K39: =+'PROD.FIG. '!C34 -> 0 | L39: =+'PROD.FIG. '!D34 -> 0 | M39: =+'PROD.FIG. '!E34 -> 0 | N39: 198.528 | O39: =IF(N39=0,0,F39/N39) -> 45.993512 | P39: =IF(O39=0,0,G39/N39) -> 18.586799 | Q39: =IF(P39=0,0,H39/N39) -> 16.017892 | R39: =IF(Q39=0,0,I39/N39) -> 6.5481947
A40: 1 | B40: =IF('Entries September''25'!I37<'Entries September''25'!I36,"0",IF('Entries September''25'!I37>='Entries September''25'!I36,'Entries September''25'!I37-'Entries September''25'!I36,(999999-'Entries September''25'!I36)+'Entries September''25'!I37+1)) -> 0 | C40: =IF('Entries September''25'!J37<'Entries September''25'!J36,"0",IF('Entries September''25'!J37>='Entries September''25'!J36,'Entries September''25'!J37-'Entries September''25'!J36,(999999-'Entries September''25'!J36)+'Entries September''25'!J37+1)) -> 0 | D40: =B40+C40 -> 0 | E40: =IF('Entries September''25'!K37<'Entries September''25'!K36,"0",IF('Entries September''25'!K37>='Entries September''25'!K36,'Entries September''25'!K37-'Entries September''25'!K36,(999999-'Entries September''25'!K36)+'Entries September''25'!K37+1)) -> 0 | F40: =D40+E40 -> 0 | G40: ='Water '!Z37*10 -> 0 | H40: =IF('Entries September''25'!B37-'Entries September''25'!B36<1,"0",'Entries September''25'!B37-'Entries September''25'!B36) -> 0 | I40: ='CO2'!E37 -> 0 | N40: 0 | O40: =IF(N40=0,0,F40/N40) -> 0 | P40: =IF(O40=0,0,G40/N40) -> 0 | Q40: =IF(P40=0,0,H40/N40) -> 0 | R40: =IF(Q40=0,0,I40/N40) -> 0
O41: MTD
D42: Kwhr | E42: Kwhr | F42: Kwhr | G42: Hl | H42: L | I42: kg. | J42: hl | K42: hl | L42: hl | M42: hl | N42: hl | O42: Elect | P42: Water | Q42: Fuel | R42: CO2
A43: Total | D43: =SUM(D10:D40) -> 227980 | E43: =SUM(E10:E40) -> 0 | F43: =SUM(F10:F40) -> 227980 | G43: =SUM(G10:G40) -> 82130 | H43: =SUM(H10:H40) -> 66430 | I43: =SUM(I10:I40) -> 44700 | J43: =SUM(J10:J40) -> 0 | K43: =SUM(K10:K40) -> 0 | ... N43: =SUM(N10:N40) -> 7491.0012 | O43: KWH/Hl | P43: Hl/hl | Q43: Litres/hl | R43: kg./Hl
O44: =IF(N43=0,0,F43/N43) -> 30.433849 | P44: =IF(O44=0,0,G43/N43) -> 10.963821 | Q44: =IF(P44=0,0,H43/N43) -> 8.8679735 | R44: =IF(Q44=0,0,I43/N43) -> 5.9671596

Sheet Steam Mass Flow 
A3: DATE | B3: Steam Mass Flow Reading
A5: 1 | B5: =IF('Entries September''25'!AJ7-'Entries September''25'!AJ6<1,"0",'Entries September''25'!AJ7-'Entries September''25'!AJ6) -> 382.655
A6: 2 | B6: =IF('Entries September''25'!AJ8-'Entries September''25'!AJ7<1,"0",'Entries September''25'!AJ8-'Entries September''25'!AJ7) -> 0
A7: 3 | B7: =IF('Entries September''25'!AJ9-'Entries September''25'!AJ8<1,"0",'Entries September''25'!AJ9-'Entries September''25'!AJ8) -> 0
A8: 4 | B8: =IF('Entries September''25'!AJ10-'Entries September''25'!AJ9<1,"0",'Entries September''25'!AJ10-'Entries September''25'!AJ9) -> 0
A9: 5 | B9: =IF('Entries September''25'!AJ11-'Entries September''25'!AJ10<1,"0",'Entries September''25'!AJ11-'Entries September''25'!AJ10) -> 0
A10: 6 | B10: =IF('Entries September''25'!AJ12-'Entries September''25'!AJ11<1,"0",'Entries September''25'!AJ12-'Entries September''25'!AJ11) -> 0
A11: 7 | B11: =IF('Entries September''25'!AJ13-'Entries September''25'!AJ12<1,"0",'Entries September''25'!AJ13-'Entries September''25'!AJ12) -> 0
A12: 8 | B12: =IF('Entries September''25'!AJ14-'Entries September''25'!AJ13<1,"0",'Entries September''25'!AJ14-'Entries September''25'!AJ13) -> 896.424
A13: 9 | B13: =IF('Entries September''25'!AJ15-'Entries September''25'!AJ14<1,"0",'Entries September''25'!AJ15-'Entries September''25'!AJ14) -> 0
A14: 10 | B14: =IF('Entries September''25'!AJ16-'Entries September''25'!AJ15<1,"0",'Entries September''25'!AJ16-'Entries September''25'!AJ15) -> 0
A15: 11 | B15: =IF('Entries September''25'!AJ17-'Entries September''25'!AJ16<1,"0",'Entries September''25'!AJ17-'Entries September''25'!AJ16) -> 0
A16: 12 | B16: =IF('Entries September''25'!AJ18-'Entries September''25'!AJ17<1,"0",'Entries September''25'!AJ18-'Entries September''25'!AJ17) -> 141.445
... A34: 30 | B34: =IF('Entries September''25'!AJ36-'Entries September''25'!AJ35<1,"0",'Entries September''25'!AJ36-'Entries September''25'!AJ35) -> 0
A35: 1
B36: =SUM(B5:B35) -> 7598.212

Sheet Fuel 
A1: DAILY FUEL CONSUMPTION FOR SEPTEMBER 2025
A4: DATE | B4: Boiler 1 | C4: Boiler 1 | D4: Boiler 2 | E4: Boiler 2 | F4: Gen. | G4: Gen | H4: Boiler 1 sp. | I4: Boiler 2 sp. | J4: Gen. sp | K4: Daily cons. | L4: Total Prod.(HL) | M4: Fuel(Litres/HL)
B5: Cons ( l ) | C5: Hrs | D5: Cons ( l ) | E5: Hrs | F5: Cons ( l ) | G5: Hrs | H5: cons (l/hr) | I5: cons (l/hr) | J5: Cons.(l/hr) | K5: (litres)
A7: 1 | B7: =IF('Entries September''25'!B7-'Entries September''25'!B6<1,"0",'Entries September''25'!B7-'Entries September''25'!B6) -> 3020 | C7: =IF('Entries September''25'!F7-'Entries September''25'!F6<1,"0",'Entries September''25'!F7-'Entries September''25'!F6) -> 19 | D7: =IF('Entries September''25'!C6=0,0,+'Entries September''25'!C6-'Entries September''25'!#REF!) -> 0 | E7: =IF('Entries September''25'!G7-'Entries September''25'!G6<1,"0",'Entries September''25'!G7-'Entries September''25'!G6) -> 0 | H7: =IF(C7+E7=0,"0", B7/(C7+E7)) -> 158.94737 | I7: =IF(E7=0,"0", D7/E7) -> 0 | J7: =IF(G7=0,"0", F7/G7) -> 0 | K7: =B7+D7+F7 -> 3020 | L7: {=IF(TRANSPOSE('Daily KPIs'!B9:AF9)=0,"0",TRANSPOSE('Daily KPIs'!B9:AF9))} -> 390.852 | M7: =IF(L7=0,"0",(K7/L7)) -> 7.7267099
A8: 2 | B8: =IF('Entries September''25'!B8-'Entries September''25'!B7<1,"0",'Entries September''25'!B8-'Entries September''25'!B7) -> 2960 | C8: =IF('Entries September''25'!F8-'Entries September''25'!F7<1,"0",'Entries September''25'!F8-'Entries September''25'!F7) -> 20.4 | D8: =IF('Entries September''25'!C7=0,0,+'Entries September''25'!C7-'Entries September''25'!C6) -> 0 | E8: =IF('Entries September''25'!G8-'Entries September''25'!G7<1,"0",'Entries September''25'!G8-'Entries September''25'!G7) -> 0 | H8: =IF(C8+E8=0,"0", B8/(C8+E8)) -> 145.09804 | I8: =IF(E8=0,"0", D8/E8) -> 0 | J8: =IF(G8=0,"0", F8/G8) -> 0 | K8: =B8+D8+F8 -> 2960 | L8: 311.388 | M8: =IF(L8=0,"0",(K8/L8)) -> 9.5058255
A9: 3 | B9: =IF('Entries September''25'!B9-'Entries September''25'!B8<1,"0",'Entries September''25'!B9-'Entries September''25'!B8) -> 2910 | C9: =IF('Entries September''25'!F9-'Entries September''25'!F8<1,"0",'Entries September''25'!F9-'Entries September''25'!F8) -> 19.7 | D9: =IF('Entries September''25'!C8=0,0,+'Entries September''25'!C8-'Entries September''25'!C7) -> 0 | E9: =IF('Entries September''25'!G9-'Entries September''25'!G8<1,"0",'Entries September''25'!G9-'Entries September''25'!G8) -> 0 | H9: =IF(C9+E9=0,"0", B9/(C9+E9)) -> 147.71574 | I9: =IF(E9=0,"0", D9/E9) -> 0 | J9: =IF(G9=0,"0", F9/G9) -> 0 | K9: =B9+D9+F9 -> 2910 | L9: 297.858 | M9: =IF(L9=0,"0",(K9/L9)) -> 9.7697561
A10: 4 | B10: =IF('Entries September''25'!B10-'Entries September''25'!B9<1,"0",'Entries September''25'!B10-'Entries September''25'!B9) -> 3180 | C10: =IF('Entries September''25'!F10-'Entries September''25'!F9<1,"0",'Entries September''25'!F10-'Entries September''25'!F9) -> 19.4 | D10: =IF('Entries September''25'!C11=0,0,+'Entries September''25'!C11-'Entries September''25'!C8) -> 0 | E10: =IF('Entries September''25'!G10-'Entries September''25'!G9<1,"0",'Entries September''25'!G10-'Entries September''25'!G9) -> 0 | H10: =IF(C10+E10=0,"0", B10/(C10+E10)) -> 163.91753 | I10: =IF(E10=0,"0", D10/E10) -> 0 | J10: =IF(G10=0,"0", F10/G10) -> 0 | K10: =B10+D10+F10 -> 3180 | L10: 392.106 | M10: =IF(L10=0,"0",(K10/L10)) -> 8.1100519
A11: 5 | B11: =IF('Entries September''25'!B11-'Entries September''25'!B10<1,"0",'Entries September''25'!B11-'Entries September''25'!B10) -> 2830 | C11: =IF('Entries September''25'!F11-'Entries September''25'!F10<1,"0",'Entries September''25'!F11-'Entries September''25'!F10) -> 18.1 | D11: =IF('Entries September''25'!C10=0,0,+'Entries September''25'!C10-'Entries September''25'!C11) -> 0 | E11: =IF('Entries September''25'!G11-'Entries September''25'!G10<1,"0",'Entries September''25'!G11-'Entries September''25'!G10) -> 0 | H11: =IF(C11+E11=0,"0", B11/(C11+E11)) -> 156.35359 | I11: =IF(E11=0,"0", D11/E11) -> 0 | J11: =IF(G11=0,"0", F11/G11) -> 0 | K11: =B11+D11+F11 -> 2830 | L11: 274.494 | M11: =IF(L11=0,"0",(K11/L11)) -> 10.309879
A12: 6 | B12: =IF('Entries September''25'!B12-'Entries September''25'!B11<1,"0",'Entries September''25'!B12-'Entries September''25'!B11) -> 290 | C12: =IF('Entries September''25'!F12-'Entries September''25'!F11<1,"0",'Entries September''25'!F12-'Entries September''25'!F11) -> 2.3 | D12: =IF('Entries September''25'!C12=0,0,+'Entries September''25'!C12-'Entries September''25'!C10) -> 0 | E12: =IF('Entries September''25'!G12-'Entries September''25'!G11<1,"0",'Entries September''25'!G12-'Entries September''25'!G11) -> 0 | H12: =IF(C12+E12=0,"0", B12/(C12+E12)) -> 126.08696 | I12: =IF(E12=0,"0", D12/E12) -> 0 | J12: =IF(G12=0,"0", F12/G12) -> 0 | K12: =B12+D12+F12 -> 290 | L12: 0 | M12: =IF(L12=0,"0",(K12/L12)) -> 0
A13: 7 | B13: =IF('Entries September''25'!B13-'Entries September''25'!B12<1,"0",'Entries September''25'!B13-'Entries September''25'!B12) -> 170 | C13: =IF('Entries September''25'!F13-'Entries September''25'!F12<1,"0",'Entries September''25'!F13-'Entries September''25'!F12) -> 0 | D13: =IF('Entries September''25'!C13=0,0,+'Entries September''25'!C13-'Entries September''25'!C11) -> 0 | E13: =IF('Entries September''25'!G13-'Entries September''25'!G12<1,"0",'Entries September''25'!G13-'Entries September''25'!G12) -> 0 | H13: =IF(C13+E13=0,"0", B13/(C13+E13)) -> 0 | I13: =IF(E13=0,"0", D13/E13) -> 0 | J13: =IF(G13=0,"0", F13/G13) -> 0 | K13: =B13+D13+F13 -> 170 | L13: 0 | M13: =IF(L13=0,"0",(K13/L13)) -> 0
A14: 8 | B14: =IF('Entries September''25'!B14-'Entries September''25'!B13<1,"0",'Entries September''25'!B14-'Entries September''25'!B13) -> 3390 | C14: =IF('Entries September''25'!F14-'Entries September''25'!F13<1,"0",'Entries September''25'!F14-'Entries September''25'!F13) -> 20.3 | D14: =IF('Entries September''25'!C13=0,0,+'Entries September''25'!C13-'Entries September''25'!#REF!) -> 0 | E14: =IF('Entries September''25'!G14-'Entries September''25'!G13<1,"0",'Entries September''25'!G14-'Entries September''25'!G13) -> 0 | H14: =IF(C14+E14=0,"0", B14/(C14+E14)) -> 166.99507 | I14: =IF(E14=0,"0", D14/E14) -> 0 | J14: =IF(G14=0,"0", F14/G14) -> 0 | K14: =B14+D14+F14 -> 3390 | L14: 306.372 | M14: =IF(L14=0,"0",(K14/L14)) -> 11.06498
A15: 9 | B15: =IF('Entries September''25'!B15-'Entries September''25'!B14<1,"0",'Entries September''25'!B15-'Entries September''25'!B14) -> 3060 | C15: =IF('Entries September''25'!F15-'Entries September''25'!F14<1,"0",'Entries September''25'!F15-'Entries September''25'!F14) -> 20 | D15: =IF('Entries September''25'!C14=0,0,+'Entries September''25'!C14-'Entries September''25'!C13) -> 0 | E15: =IF('Entries September''25'!G15-'Entries September''25'!G14<1,"0",'Entries September''25'!G15-'Entries September''25'!G14) -> 0 | H15: =IF(C15+E15=0,"0", B15/(C15+E15)) -> 153 | I15: =IF(E15=0,"0", D15/E15) -> 0 | J15: =IF(G15=0,"0", F15/G15) -> 0 | K15: =B15+D15+F15 -> 3060 | L15: 360.096 | M15: =IF(L15=0,"0",(K15/L15)) -> 8.4977339
A16: 10 | B16: =IF('Entries September''25'!B16-'Entries September''25'!B15<1,"0",'Entries September''25'!B16-'Entries September''25'!B15) -> 2810 | C16: =IF('Entries September''25'!F16-'Entries September''25'!F15<1,"0",'Entries September''25'!F16-'Entries September''25'!F15) -> 17.7 | D16: =IF('Entries September''25'!C15=0,0,+'Entries September''25'!C15-'Entries September''25'!C14) -> 0 | E16: =IF('Entries September''25'!G16-'Entries September''25'!G15<1,"0",'Entries September''25'!G16-'Entries September''25'!G15) -> 0 | H16: =IF(C16+E16=0,"0", B16/(C16+E16)) -> 158.75706 | I16: =IF(E16=0,"0", D16/E16) -> 0 | J16: =IF(G16=0,"0", F16/G16) -> 0 | K16: =B16+D16+F16 -> 2810 | L16: 320.826 | M16: =IF(L16=0,"0",(K16/L16)) -> 8.7586418
A17: 11 | B17: =IF('Entries September''25'!B17-'Entries September''25'!B16<1,"0",'Entries September''25'!B17-'Entries September''25'!B16) -> 2370 | C17: =IF('Entries September''25'!F17-'Entries September''25'!F16<1,"0",'Entries September''25'!F17-'Entries September''25'!F16) -> 18 | D17: =IF('Entries September''25'!C16=0,0,+'Entries September''25'!C16-'Entries September''25'!C15) -> 0 | E17: =IF('Entries September''25'!G17-'Entries September''25'!G16<1,"0",'Entries September''25'!G17-'Entries September''25'!G16) -> 0 | H17: =IF(C17+E17=0,"0", B17/(C17+E17)) -> 131.66667 | I17: =IF(E17=0,"0", D17/E17) -> 0 | J17: =IF(G17=0,"0", F17/G17) -> 0 | K17: =B17+D17+F17 -> 2370 | L17: 5.676 | M17: =IF(L17=0,"0",(K17/L17)) -> 417.54757
A18: 12 | B18: =IF('Entries September''25'!B18-'Entries September''25'!B17<1,"0",'Entries September''25'!B18-'Entries September''25'!B17) -> 1340 | C18: =IF('Entries September''25'!F18-'Entries September''25'!F17<1,"0",'Entries September''25'!F18-'Entries September''25'!F17) -> 0 | D18: =IF('Entries September''25'!C17=0,0,+'Entries September''25'!C17-'Entries September''25'!C16) -> 0 | E18: =IF('Entries September''25'!G18-'Entries September''25'!G17<1,"0",'Entries September''25'!G18-'Entries September''25'!G17) -> 0 | H18: =IF(C18+E18=0,"0", B18/(C18+E18)) -> 0 | I18: =IF(E18=0,"0", D18/E18) -> 0 | J18: =IF(G18=0,"0", F18/G18) -> 0 | K18: =B18+D18+F18 -> 1340 | L18: 64.878 | M18: =IF(L18=0,"0",(K18/L18)) -> 20.654151
A19: 13 | B19: =IF('Entries September''25'!B19-'Entries September''25'!B18<1,"0",'Entries September''25'!B19-'Entries September''25'!B18) -> 0 | C19: =IF('Entries September''25'!F19-'Entries September''25'!F18<1,"0",'Entries September''25'!F19-'Entries September''25'!F18) -> 0 | D19: =IF('Entries September''25'!C18=0,0,+'Entries September''25'!C18-'Entries September''25'!C17) -> 0 | E19: =IF('Entries September''25'!G19-'Entries September''25'!G18<1,"0",'Entries September''25'!G19-'Entries September''25'!G18) -> 0 | H19: =IF(C19+E19=0,"0", B19/(C19+E19)) -> 0 | I19: =IF(E19=0,"0", D19/E19) -> 0 | J19: =IF(G19=0,"0", F19/G19) -> 0 | K19: =B19+D19+F19 -> 0 | L19: 0 | M19: =IF(L19=0,"0",(K19/L19)) -> 0
A20: 14 | B20: =IF('Entries September''25'!B20-'Entries September''25'!B19<1,"0",'Entries September''25'!B20-'Entries September''25'!B19) -> 950 | C20: =IF('Entries September''25'!F20-'Entries September''25'!F19<1,"0",'Entries September''25'!F20-'Entries September''25'!F19) -> 14.8 | D20: =IF('Entries September''25'!C19=0,0,+'Entries September''25'!C19-'Entries September''25'!C18) -> 0 | E20: =IF('Entries September''25'!G20-'Entries September''25'!G19<1,"0",'Entries September''25'!G20-'Entries September''25'!G19) -> 0 | H20: =IF(C20+E20=0,"0", B20/(C20+E20)) -> 64.189189 | I20: =IF(E20=0,"0", D20/E20) -> 0 | J20: =IF(G20=0,"0", F20/G20) -> 0 | K20: =B20+D20+F20 -> 950 | L20: 0 | M20: =IF(L20=0,"0",(K20/L20)) -> 0
A21: 15 | B21: =IF('Entries September''25'!B21-'Entries September''25'!B20<1,"0",'Entries September''25'!B21-'Entries September''25'!B20) -> 3140 | C21: =IF('Entries September''25'!F21-'Entries September''25'!F20<1,"0",'Entries September''25'!F21-'Entries September''25'!F20) -> 20 | D21: =IF('Entries September''25'!C20=0,0,+'Entries September''25'!C20-'Entries September''25'!C19) -> 0 | E21: =IF('Entries September''25'!G21-'Entries September''25'!G20<1,"0",'Entries September''25'!G21-'Entries September''25'!G20) -> 0 | H21: =IF(C21+E21=0,"0", B21/(C21+E21)) -> 157 | I21: =IF(E21=0,"0", D21/E21) -> 0 | J21: =IF(G21=0,"0", F21/G21) -> 0 | K21: =B21+D21+F21 -> 3140 | L21: 518.4312 | M21: =IF(L21=0,"0",(K21/L21)) -> 6.0567342
A22: 16 | B22: =IF('Entries September''25'!B22-'Entries September''25'!B21<1,"0",'Entries September''25'!B22-'Entries September''25'!B21) -> 2280 | C22: =IF('Entries September''25'!F22-'Entries September''25'!F21<1,"0",'Entries September''25'!F22-'Entries September''25'!F21) -> 16.2 | D22: =IF('Entries September''25'!C21=0,0,+'Entries September''25'!C21-'Entries September''25'!C20) -> 0 | E22: =IF('Entries September''25'!G22-'Entries September''25'!G21<1,"0",'Entries September''25'!G22-'Entries September''25'!G21) -> 0 | H22: =IF(C22+E22=0,"0", B22/(C22+E22)) -> 140.74074 | I22: =IF(E22=0,"0", D22/E22) -> 0 | J22: =IF(G22=0,"0", F22/G22) -> 0 | K22: =B22+D22+F22 -> 2280 | L22: 442.332 | M22: =IF(L22=0,"0",(K22/L22)) -> 5.1544993
A23: 17 | B23: =IF('Entries September''25'!B23-'Entries September''25'!B22<1,"0",'Entries September''25'!B23-'Entries September''25'!B22) -> 3190 | C23: =IF('Entries September''25'!F23-'Entries September''25'!F22<1,"0",'Entries September''25'!F23-'Entries September''25'!F22) -> 20.6 | D23: =IF('Entries September''25'!C22=0,0,+'Entries September''25'!C22-'Entries September''25'!C21) -> 0 | E23: =IF('Entries September''25'!G23-'Entries September''25'!G22<1,"0",'Entries September''25'!G23-'Entries September''25'!G22) -> 0 | H23: =IF(C23+E23=0,"0", B23/(C23+E23)) -> 154.85437 | I23: =IF(E23=0,"0", D23/E23) -> 0 | J23: =IF(G23=0,"0", F23/G23) -> 0 | K23: =B23+D23+F23 -> 3190 | L23: 439.758 | M23: =IF(L23=0,"0",(K23/L23)) -> 7.2539897
A24: 18 | B24: =IF('Entries September''25'!B24-'Entries September''25'!B23<1,"0",'Entries September''25'!B24-'Entries September''25'!B23) -> 3610 | C24: =IF('Entries September''25'!F24-'Entries September''25'!F23<1,"0",'Entries September''25'!F24-'Entries September''25'!F23) -> 20.4 | D24: =IF('Entries September''25'!C23=0,0,+'Entries September''25'!C23-'Entries September''25'!C22) -> 0 | E24: =IF('Entries September''25'!G24-'Entries September''25'!G23<1,"0",'Entries September''25'!G24-'Entries September''25'!G23) -> 0 | H24: =IF(C24+E24=0,"0", B24/(C24+E24)) -> 176.96078 | I24: =IF(E24=0,"0", D24/E24) -> 0 | J24: =IF(G24=0,"0", F24/G24) -> 0 | K24: =B24+D24+F24 -> 3610 | L24: 814.044 | M24: =IF(L24=0,"0",(K24/L24)) -> 4.4346497
A25: 19 | B25: =IF('Entries September''25'!B25-'Entries September''25'!B24<1,"0",'Entries September''25'!B25-'Entries September''25'!B24) -> 2910 | C25: =IF('Entries September''25'!F25-'Entries September''25'!F24<1,"0",'Entries September''25'!F25-'Entries September''25'!F24) -> 18.2 | D25: =IF('Entries September''25'!C24=0,0,+'Entries September''25'!C24-'Entries September''25'!C23) -> 0 | E25: =IF('Entries September''25'!G25-'Entries September''25'!G24<1,"0",'Entries September''25'!G25-'Entries September''25'!G24) -> 0 | H25: =IF(C25+E25=0,"0", B25/(C25+E25)) -> 159.89011 | I25: =IF(E25=0,"0", D25/E25) -> 0 | J25: =IF(G25=0,"0", F25/G25) -> 0 | K25: =B25+D25+F25 -> 2910 | L25: 524.37 | M25: =IF(L25=0,"0",(K25/L25)) -> 5.5495166
A26: 20 | B26: =IF('Entries September''25'!B26-'Entries September''25'!B25<1,"0",'Entries September''25'!B26-'Entries September''25'!B25) -> 0 | C26: =IF('Entries September''25'!F26-'Entries September''25'!F25<1,"0",'Entries September''25'!F26-'Entries September''25'!F25) -> 0 | D26: =IF('Entries September''25'!C25=0,0,+'Entries September''25'!C25-'Entries September''25'!C24) -> 0 | E26: =IF('Entries September''25'!G26-'Entries September''25'!G25<1,"0",'Entries September''25'!G26-'Entries September''25'!G25) -> 0 | H26: =IF(C26+E26=0,"0", B26/(C26+E26)) -> 0 | I26: =IF(E26=0,"0", D26/E26) -> 0 | J26: =IF(G26=0,"0", F26/G26) -> 0 | K26: =B26+D26+F26 -> 0 | L26: 0 | M26: =IF(L26=0,"0",(K26/L26)) -> 0
A27: 21 | B27: =IF('Entries September''25'!B27-'Entries September''25'!B26<1,"0",'Entries September''25'!B27-'Entries September''25'!B26) -> 1330 | C27: =IF('Entries September''25'!F27-'Entries September''25'!F26<1,"0",'Entries September''25'!F27-'Entries September''25'!F26) -> 6.7 | D27: =IF('Entries September''25'!C26=0,0,+'Entries September''25'!C26-'Entries September''25'!C25) -> 0 | E27: =IF('Entries September''25'!G27-'Entries September''25'!G26<1,"0",'Entries September''25'!G27-'Entries September''25'!G26) -> 0 | H27: =IF(C27+E27=0,"0", B27/(C27+E27)) -> 198.50746 | I27: =IF(E27=0,"0", D27/E27) -> 0 | J27: =IF(G27=0,"0", F27/G27) -> 0 | K27: =B27+D27+F27 -> 1330 | L27: 0 | M27: =IF(L27=0,"0",(K27/L27)) -> 0
A28: 22 | B28: =IF('Entries September''25'!B28-'Entries September''25'!B27<1,"0",'Entries September''25'!B28-'Entries September''25'!B27) -> 2910 | C28: =IF('Entries September''25'!F28-'Entries September''25'!F27<1,"0",'Entries September''25'!F28-'Entries September''25'!F27) -> 18.8 | D28: =IF('Entries September''25'!C27=0,0,+'Entries September''25'!C27-'Entries September''25'!C26) -> 0 | E28: =IF('Entries September''25'!G28-'Entries September''25'!G27<1,"0",'Entries September''25'!G28-'Entries September''25'!G27) -> 0 | H28: =IF(C28+E28=0,"0", B28/(C28+E28)) -> 154.78723 | I28: =IF(E28=0,"0", D28/E28) -> 0 | J28: =IF(G28=0,"0", F28/G28) -> 0 | K28: =B28+D28+F28 -> 2910 | L28: 349.47 | M28: =IF(L28=0,"0",(K28/L28)) -> 8.326895
A29: 23 | B29: =IF('Entries September''25'!B29-'Entries September''25'!B28<1,"0",'Entries September''25'!B29-'Entries September''25'!B28) -> 3220 | C29: =IF('Entries September''25'!F29-'Entries September''25'!F28<1,"0",'Entries September''25'!F29-'Entries September''25'!F28) -> 20.8 | D29: =IF('Entries September''25'!C28=0,0,+'Entries September''25'!C28-'Entries September''25'!C27) -> 0 | E29: =IF('Entries September''25'!G29-'Entries September''25'!G28<1,"0",'Entries September''25'!G29-'Entries September''25'!G28) -> 0 | H29: =IF(C29+E29=0,"0", B29/(C29+E29)) -> 154.80769 | I29: =IF(E29=0,"0", D29/E29) -> 0 | J29: =IF(G29=0,"0", F29/G29) -> 0 | K29: =B29+D29+F29 -> 3220 | L29: 484.242 | M29: =IF(L29=0,"0",(K29/L29)) -> 6.6495678
A30: 24 | B30: =IF('Entries September''25'!B30-'Entries September''25'!B29<1,"0",'Entries September''25'!B30-'Entries September''25'!B29) -> 1540 | C30: =IF('Entries September''25'!F30-'Entries September''25'!F29<1,"0",'Entries September''25'!F30-'Entries September''25'!F29) -> 13.4 | D30: =IF('Entries September''25'!C29=0,0,+'Entries September''25'!C29-'Entries September''25'!C28) -> 0 | E30: =IF('Entries September''25'!G30-'Entries September''25'!G29<1,"0",'Entries September''25'!G30-'Entries September''25'!G29) -> 0 | H30: =IF(C30+E30=0,"0", B30/(C30+E30)) -> 114.92537 | I30: =IF(E30=0,"0", D30/E30) -> 0 | J30: =IF(G30=0,"0", F30/G30) -> 0 | K30: =B30+D30+F30 -> 1540 | L30: 0 | M30: =IF(L30=0,"0",(K30/L30)) -> 0
A31: 25 | B31: =IF('Entries September''25'!B31-'Entries September''25'!B30<1,"0",'Entries September''25'!B31-'Entries September''25'!B30) -> 3110 | C31: =IF('Entries September''25'!F31-'Entries September''25'!F30<1,"0",'Entries September''25'!F31-'Entries September''25'!F30) -> 20.2 | D31: =IF('Entries September''25'!C30=0,0,+'Entries September''25'!C30-'Entries September''25'!C29) -> 0 | E31: =IF('Entries September''25'!G31-'Entries September''25'!G30<1,"0",'Entries September''25'!G31-'Entries September''25'!G30) -> 0 | H31: =IF(C31+E31=0,"0", B31/(C31+E31)) -> 153.9604 | I31: =IF(E31=0,"0", D31/E31) -> 0 | J31: =IF(G31=0,"0", F31/G31) -> 0 | K31: =B31+D31+F31 -> 3110 | L31: 282.942 | M31: =IF(L31=0,"0",(K31/L31)) -> 10.991652
A32: 26 | B32: =IF('Entries September''25'!B32-'Entries September''25'!B31<1,"0",'Entries September''25'!B32-'Entries September''25'!B31) -> 2810 | C32: =IF('Entries September''25'!F32-'Entries September''25'!F31<1,"0",'Entries September''25'!F32-'Entries September''25'!F31) -> 18.5 | D32: =IF('Entries September''25'!C31=0,0,+'Entries September''25'!C31-'Entries September''25'!C30) -> 0 | E32: =IF('Entries September''25'!G32-'Entries September''25'!G31<1,"0",'Entries September''25'!G32-'Entries September''25'!G31) -> 0 | H32: =IF(C32+E32=0,"0", B32/(C32+E32)) -> 151.89189 | I32: =IF(E32=0,"0", D32/E32) -> 0 | J32: =IF(G32=0,"0", F32/G32) -> 0 | K32: =B32+D32+F32 -> 2810 | L32: 523.248 | M32: =IF(L32=0,"0",(K32/L32)) -> 5.3703024
A33: 27 | B33: =IF('Entries September''25'!B33-'Entries September''25'!B32<1,"0",'Entries September''25'!B33-'Entries September''25'!B32) -> 690 | C33: =IF('Entries September''25'!F33-'Entries September''25'!F32<1,"0",'Entries September''25'!F33-'Entries September''25'!F32) -> 4.6 | D33: =IF('Entries September''25'!C32=0,0,+'Entries September''25'!C32-'Entries September''25'!C31) -> 0 | E33: =IF('Entries September''25'!G33-'Entries September''25'!G32<1,"0",'Entries September''25'!G33-'Entries September''25'!G32) -> 0 | H33: =IF(C33+E33=0,"0", B33/(C33+E33)) -> 150 | I33: =IF(E33=0,"0", D33/E33) -> 0 | J33: =IF(G33=0,"0", F33/G33) -> 0 | K33: =B33+D33+F33 -> 690 | L33: 0 | M33: =IF(L33=0,"0",(K33/L33)) -> 0
A34: 28 | B34: =IF('Entries September''25'!B34-'Entries September''25'!B33<1,"0",'Entries September''25'!B34-'Entries September''25'!B33) -> 740 | C34: =IF('Entries September''25'!F34-'Entries September''25'!F33<1,"0",'Entries September''25'!F34-'Entries September''25'!F33) -> 5.1 | D34: =IF('Entries September''25'!C33=0,0,+'Entries September''25'!C33-'Entries September''25'!C32) -> 0 | E34: =IF('Entries September''25'!G34-'Entries September''25'!G33<1,"0",'Entries September''25'!G34-'Entries September''25'!G33) -> 0 | H34: =IF(C34+E34=0,"0", B34/(C34+E34)) -> 145.09804 | I34: =IF(E34=0,"0", D34/E34) -> 0 | J34: =IF(G34=0,"0", F34/G34) -> 0 | K34: =B34+D34+F34 -> 740 | L34: 0 | M34: =IF(L34=0,"0",(K34/L34)) -> 0
A35: 29 | B35: =IF('Entries September''25'!B35-'Entries September''25'!B34<1,"0",'Entries September''25'!B35-'Entries September''25'!B34) -> 2490 | C35: =IF('Entries September''25'!F35-'Entries September''25'!F34<1,"0",'Entries September''25'!F35-'Entries September''25'!F34) -> 17.5 | E35: =IF('Entries September''25'!G35-'Entries September''25'!G34<1,"0",'Entries September''25'!G35-'Entries September''25'!G34) -> 0 | H35: =IF(C35+E35=0,"0", B35/(C35+E35)) -> 142.28571 | I35: =IF(E35=0,"0", D35/E35) -> 0 | J35: =IF(G35=0,"0", F35/G35) -> 0 | K35: =B35+D35+F35 -> 2490 | L35: 189.09 | M35: =IF(L35=0,"0",(K35/L35)) -> 13.168333
A36: 30 | B36: =IF('Entries September''25'!B36-'Entries September''25'!B35<1,"0",'Entries September''25'!B36-'Entries September''25'!B35) -> 3180 | C36: =IF('Entries September''25'!F36-'Entries September''25'!F35<1,"0",'Entries September''25'!F36-'Entries September''25'!F35) -> 20.8 | E36: =IF('Entries September''25'!G36-'Entries September''25'!G35<1,"0",'Entries September''25'!G36-'Entries September''25'!G35) -> 0 | H36: =IF(C36+E36=0,"0", B36/(C36+E36)) -> 152.88462 | I36: =IF(E36=0,"0", D36/E36) -> 0 | J36: =IF(G36=0,"0", F36/G36) -> 0 | K36: =B36+D36+F36 -> 3180 | L36: 198.528 | M36: =IF(L36=0,"0",(K36/L36)) -> 16.017892
A37: 1 | B37: =IF('Entries September''25'!B37-'Entries September''25'!B36<1,"0",'Entries September''25'!B37-'Entries September''25'!B36) -> 0 | C37: =IF('Entries September''25'!F37-'Entries September''25'!F36<1,"0",'Entries September''25'!F37-'Entries September''25'!F36) -> 0 | E37: =IF('Entries September''25'!G37-'Entries September''25'!G36<1,"0",'Entries September''25'!G37-'Entries September''25'!G36) -> 0 | H37: =IF(C37+E37=0,"0", B37/(C37+E37)) -> 0 | I37: =IF(E37=0,"0", D37/E37) -> 0 | J37: =IF(G37=0,"0", F37/G37) -> 0 | K37: =B37+D37+F37 -> 0 | L37: 0
A38: MTD | B38: =SUM(B7:B37) -> 66430 | C38: =SUM(C7:C37) -> 431.5 | D38: =SUM(D7:D34) -> 0 | E38: =SUM(E7:E34) -> 0 | H38: =IF(C38+E38=0,"0", B38/(C38+E38)) -> 153.95133 | K38: =SUM(K7:K37) -> 66430 | L38: =SUM(L7:L37) -> 7491.0012 | M38: =IF(L38=0,"0",(K38/L38)) -> 8.8679735 | N38: 7.2 | O38: =M38/N38*100 -> 123.1663
A39: AVE. | B39: =AVERAGE(B7:B37) -> 2372.5 | C39: =AVERAGE(C7:C37) -> 16.596154 | H39: cons (l/hr)

Sheet Water 
B4: DATE | C4: Well Supply (m3) | D4: Nawasa Supply (m3) | E4: Annanale Supply (m3) | F4: RO Water Plant Nawasa (m3) | G4: Service Water Received (m3) | H4: Service Water Supply to Plant (m3) | I4: CO2 Scrubber (m3) | J4: Brewhouse / Old Pepsi Area (m3) | K4: Filtration/Cellars (m3) | L4: Cellars/Process Area (m3) | M4: Pasteuriser (m3) | R4: Permeate Produced (m3) | S4: Plant Cons. USAGE (Hl.) | U4: Bottle Filler (m3) | X4: Rus (m3) | Y4: Washdown Area (m3) | Z4: TOTAL SUPPLY (M3) | AA4: Total Prod.(HL) | AB4: Water KPI (Hl/Hl)
N5: CIP Process (m3) | O5: Bottles Washer (m3) | P5: Bottles Filler (m3) | Q5: Boiler Supply (m3) | T5: ∑ Service Water to Processes | V5: Water into RO #1 (m3) | W5: Water into RO #2 (m3)
B6: -
B7: 1 | C7: =IF('Entries September''25'!W7-'Entries September''25'!W6<1,"0",'Entries September''25'!W7-'Entries September''25'!W6) -> 0 | D7: =IF('Entries September''25'!O7-'Entries September''25'!O6<1,"0",'Entries September''25'!O7-'Entries September''25'!O6) -> 446 | E7: =IF('Entries September''25'!P7-'Entries September''25'!P6<1,"0",'Entries September''25'!P7-'Entries September''25'!P6) -> 244 | F7: =IF('Entries September''25'!V7-'Entries September''25'!V6<1,"0",'Entries September''25'!V7-'Entries September''25'!V6) -> 226 | G7: =(D7+E7)-F7 -> 464 | H7: =IF('Entries September''25'!Q7-'Entries September''25'!Q6<1,0,'Entries September''25'!Q7-'Entries September''25'!Q6) -> 252 | I7: =IF('Entries September''25'!AG7-'Entries September''25'!AG6<1,0,'Entries September''25'!AG7-'Entries September''25'!AG6) -> 0 | J7: =IF('Entries September''25'!S7-'Entries September''25'!S6<1,"0",'Entries September''25'!S7-'Entries September''25'!S6) -> 166 | K7: =IF('Entries September''25'!R7-'Entries September''25'!R6<1,"0",'Entries September''25'!R7-'Entries September''25'!R6) -> 0 | L7: =IF('Entries September''25'!T7-'Entries September''25'!T6<1,"0",'Entries September''25'!T7-'Entries September''25'!T6) -> 0 | M7: =IF('Entries September''25'!U7-'Entries September''25'!U6<1,"0",'Entries September''25'!U7-'Entries September''25'!U6) -> 6 | N7: =IF('Entries September''25'!X7-'Entries September''25'!X6<1,"0",'Entries September''25'!X7-'Entries September''25'!X6) -> 86 | O7: =IF('Entries September''25'!Y7-'Entries September''25'!Y6<1,"0",'Entries September''25'!Y7-'Entries September''25'!Y6) -> 78 | P7: =IF('Entries September''25'!AC7-'Entries September''25'!AC6<1,"0",'Entries September''25'!AC7-'Entries September''25'!AC6) -> 26 | Q7: =IF('Entries September''25'!Z7-'Entries September''25'!Z6<1,"0",'Entries September''25'!Z7-'Entries September''25'!Z6) -> 11 | R7: =IF(('Entries September''25'!AA7-'Entries September''25'!AA6)+('Entries September''25'!AB7-'Entries September''25'!AB6)<1,"0",('Entries September''25'!AA7-'Entries September''25'!AA6)+('Entries September''25'!AB7-'Entries September''25'!AB6)) -> 0 | S7: =(R7+G7)*10 -> 4640 | T7: =O7+N7+M7+L7 -> 170 | U7: =IF('Entries September''25'!AC7-'Entries September''25'!AC6<1,"0",'Entries September''25'!AC7-'Entries September''25'!AC6) -> 26 | V7: =IF('Entries September''25'!AD7-'Entries September''25'!AD6<1,"0",'Entries September''25'!AD7-'Entries September''25'!AD6) -> 0 | W7: =IF('Entries September''25'!AE7-'Entries September''25'!AE6<1,"0",'Entries September''25'!AE7-'Entries September''25'!AE6) -> 0 | X7: =IF('Entries September''25'!AI7-'Entries September''25'!AI6<1,"0",'Entries September''25'!AI7-'Entries September''25'!AI6) -> 0 | Y7: =IF('Entries September''25'!AH7-'Entries September''25'!AH6<1,"0",'Entries September''25'!AH7-'Entries September''25'!AH6) -> 0 | Z7: =C7+D7+E7 -> 690 | AA7: {=IF(TRANSPOSE('Daily KPIs'!B9:AF9)=0,"0",TRANSPOSE('Daily KPIs'!B9:AF9))} -> 390.852 | AB7: =IF(AA7=0,"0",(Z7*10/AA7)) -> 17.653741
B8: 2 | C8: =IF('Entries September''25'!W8-'Entries September''25'!W7<1,"0",'Entries September''25'!W8-'Entries September''25'!W7) -> 0 | D8: =IF('Entries September''25'!O8-'Entries September''25'!O7<1,"0",'Entries September''25'!O8-'Entries September''25'!O7) -> 96 | E8: =IF('Entries September''25'!P8-'Entries September''25'!P7<1,"0",'Entries September''25'!P8-'Entries September''25'!P7) -> 137 | F8: =IF('Entries September''25'!V8-'Entries September''25'!V7<1,"0",'Entries September''25'!V8-'Entries September''25'!V7) -> 143 | G8: =(D8+E8)-F8 -> 90 | H8: =IF('Entries September''25'!Q8-'Entries September''25'!Q7<1,0,'Entries September''25'!Q8-'Entries September''25'!Q7) -> 242 | I8: =IF('Entries September''25'!AG8-'Entries September''25'!AG7<1,0,'Entries September''25'!AG8-'Entries September''25'!AG7) -> 0 | J8: =IF('Entries September''25'!S8-'Entries September''25'!S7<1,"0",'Entries September''25'!S8-'Entries September''25'!S7) -> 208 | K8: =IF('Entries September''25'!R8-'Entries September''25'!R7<1,"0",'Entries September''25'!R8-'Entries September''25'!R7) -> 0 | L8: =IF('Entries September''25'!T8-'Entries September''25'!T7<1,"0",'Entries September''25'!T8-'Entries September''25'!T7) -> 0 | M8: =IF('Entries September''25'!U8-'Entries September''25'!U7<1,"0",'Entries September''25'!U8-'Entries September''25'!U7) -> 9 | N8: =IF('Entries September''25'!X8-'Entries September''25'!X7<1,"0",'Entries September''25'!X8-'Entries September''25'!X7) -> 72 | O8: =IF('Entries September''25'!Y8-'Entries September''25'!Y7<1,"0",'Entries September''25'!Y8-'Entries September''25'!Y7) -> 70 | P8: =IF('Entries September''25'!AC8-'Entries September''25'!AC7<1,"0",'Entries September''25'!AC8-'Entries September''25'!AC7) -> 18 | Q8: =IF('Entries September''25'!Z8-'Entries September''25'!Z7<1,"0",'Entries September''25'!Z8-'Entries September''25'!Z7) -> 23 | R8: =IF(('Entries September''25'!AA8-'Entries September''25'!AA7)+('Entries September''25'!AB8-'Entries September''25'!AB7)<1,"0",('Entries September''25'!AA8-'Entries September''25'!AA7)+('Entries September''25'!AB8-'Entries September''25'!AB7)) -> 0 | S8: =(R8+G8)*10 -> 900 | T8: =O8+N8+M8+L8 -> 151 | U8: =IF('Entries September''25'!AC8-'Entries September''25'!AC7<1,"0",'Entries September''25'!AC8-'Entries September''25'!AC7) -> 18 | V8: =IF('Entries September''25'!AD8-'Entries September''25'!AD7<1,"0",'Entries September''25'!AD8-'Entries September''25'!AD7) -> 0 | W8: =IF('Entries September''25'!AE8-'Entries September''25'!AE7<1,"0",'Entries September''25'!AE8-'Entries September''25'!AE7) -> 0 | X8: =IF('Entries September''25'!AI8-'Entries September''25'!AI7<1,"0",'Entries September''25'!AI8-'Entries September''25'!AI7) -> 0 | Y8: =IF('Entries September''25'!AH8-'Entries September''25'!AH7<1,"0",'Entries September''25'!AH8-'Entries September''25'!AH7) -> 0 | Z8: =C8+D8+E8 -> 233 | AA8: 311.388 | AB8: =IF(AA8=0,"0",(Z8*10/AA8)) -> 7.4826262
B9: 3 | C9: =IF('Entries September''25'!W9-'Entries September''25'!W8<1,"0",'Entries September''25'!W9-'Entries September''25'!W8) -> 0 | D9: =IF('Entries September''25'!O9-'Entries September''25'!O8<1,"0",'Entries September''25'!O9-'Entries September''25'!O8) -> 207 | E9: =IF('Entries September''25'!P9-'Entries September''25'!P8<1,"0",'Entries September''25'!P9-'Entries September''25'!P8) -> 175 | F9: =IF('Entries September''25'!V9-'Entries September''25'!V8<1,"0",'Entries September''25'!V9-'Entries September''25'!V8) -> 5 | G9: =(D9+E9)-F9 -> 377 | H9: =IF('Entries September''25'!Q9-'Entries September''25'!Q8<1,0,'Entries September''25'!Q9-'Entries September''25'!Q8) -> 170 | I9: =IF('Entries September''25'!AG9-'Entries September''25'!AG8<1,0,'Entries September''25'!AG9-'Entries September''25'!AG8) -> 0 | J9: =IF('Entries September''25'!S9-'Entries September''25'!S8<1,"0",'Entries September''25'!S9-'Entries September''25'!S8) -> 165 | K9: =IF('Entries September''25'!R9-'Entries September''25'!R8<1,"0",'Entries September''25'!R9-'Entries September''25'!R8) -> 0 | L9: =IF('Entries September''25'!T9-'Entries September''25'!T8<1,"0",'Entries September''25'!T9-'Entries September''25'!T8) -> 0 | M9: =IF('Entries September''25'!U9-'Entries September''25'!U8<1,"0",'Entries September''25'!U9-'Entries September''25'!U8) -> 8 | N9: =IF('Entries September''25'!X9-'Entries September''25'!X8<1,"0",'Entries September''25'!X9-'Entries September''25'!X8) -> 22 | O9: =IF('Entries September''25'!Y9-'Entries September''25'!Y8<1,"0",'Entries September''25'!Y9-'Entries September''25'!Y8) -> 68 | P9: =IF('Entries September''25'!AC9-'Entries September''25'!AC8<1,"0",'Entries September''25'!AC9-'Entries September''25'!AC8) -> 20 | Q9: =IF('Entries September''25'!Z9-'Entries September''25'!Z8<1,"0",'Entries September''25'!Z9-'Entries September''25'!Z8) -> 15 | R9: =IF(('Entries September''25'!AA9-'Entries September''25'!AA8)+('Entries September''25'!AB9-'Entries September''25'!AB8)<1,"0",('Entries September''25'!AA9-'Entries September''25'!AA8)+('Entries September''25'!AB9-'Entries September''25'!AB8)) -> 0 | S9: =(R9+G9)*10 -> 3770 | T9: =O9+N9+M9+L9 -> 98 | U9: =IF('Entries September''25'!AC9-'Entries September''25'!AC8<1,"0",'Entries September''25'!AC9-'Entries September''25'!AC8) -> 20 | V9: =IF('Entries September''25'!AD9-'Entries September''25'!AD8<1,"0",'Entries September''25'!AD9-'Entries September''25'!AD8) -> 0 | W9: =IF('Entries September''25'!AE9-'Entries September''25'!AE8<1,"0",'Entries September''25'!AE9-'Entries September''25'!AE8) -> 0 | X9: =IF('Entries September''25'!AI9-'Entries September''25'!AI8<1,"0",'Entries September''25'!AI9-'Entries September''25'!AI8) -> 0 | Y9: =IF('Entries September''25'!AH9-'Entries September''25'!AH8<1,"0",'Entries September''25'!AH9-'Entries September''25'!AH8) -> 0 | Z9: =C9+D9+E9 -> 382 | AA9: 297.858 | AB9: =IF(AA9=0,"0",(Z9*10/AA9)) -> 12.824903
B10: 4 | C10: =IF('Entries September''25'!W10-'Entries September''25'!W9<1,"0",'Entries September''25'!W10-'Entries September''25'!W9) -> 0 | D10: =IF('Entries September''25'!O10-'Entries September''25'!O9<1,"0",'Entries September''25'!O10-'Entries September''25'!O9) -> 71 | E10: =IF('Entries September''25'!P10-'Entries September''25'!P9<1,"0",'Entries September''25'!P10-'Entries September''25'!P9) -> 290 | F10: =IF('Entries September''25'!V10-'Entries September''25'!V9<1,"0",'Entries September''25'!V10-'Entries September''25'!V9) -> 479 | G10: =(D10+E10)-F10 -> -118 | H10: =IF('Entries September''25'!Q10-'Entries September''25'!Q9<1,0,'Entries September''25'!Q10-'Entries September''25'!Q9) -> 223 | I10: =IF('Entries September''25'!AG10-'Entries September''25'!AG9<1,0,'Entries September''25'!AG10-'Entries September''25'!AG9) -> 0 | J10: =IF('Entries September''25'!S10-'Entries September''25'!S9<1,"0",'Entries September''25'!S10-'Entries September''25'!S9) -> 180 | K10: =IF('Entries September''25'!R10-'Entries September''25'!R9<1,"0",'Entries September''25'!R10-'Entries September''25'!R9) -> 0 | L10: =IF('Entries September''25'!T10-'Entries September''25'!T9<1,"0",'Entries September''25'!T10-'Entries September''25'!T9) -> 0 | M10: =IF('Entries September''25'!U10-'Entries September''25'!U9<1,"0",'Entries September''25'!U10-'Entries September''25'!U9) -> 8 | N10: =IF('Entries September''25'!X10-'Entries September''25'!X9<1,"0",'Entries September''25'!X10-'Entries September''25'!X9) -> 68 | O10: =IF('Entries September''25'!Y10-'Entries September''25'!Y9<1,"0",'Entries September''25'!Y10-'Entries September''25'!Y9) -> 75 | P10: =IF('Entries September''25'!AC10-'Entries September''25'!AC9<1,"0",'Entries September''25'!AC10-'Entries September''25'!AC9) -> 19 | Q10: =IF('Entries September''25'!Z10-'Entries September''25'!Z9<1,"0",'Entries September''25'!Z10-'Entries September''25'!Z9) -> 19 | R10: =IF(('Entries September''25'!AA10-'Entries September''25'!AA9)+('Entries September''25'!AB10-'Entries September''25'!AB9)<1,"0",('Entries September''25'!AA10-'Entries September''25'!AA9)+('Entries September''25'!AB10-'Entries September''25'!AB9)) -> 0 | S10: =(R10+G10)*10 -> -1180 | T10: =O10+N10+M10+L10 -> 151 | U10: =IF('Entries September''25'!AC10-'Entries September''25'!AC9<1,"0",'Entries September''25'!AC10-'Entries September''25'!AC9) -> 19 | V10: =IF('Entries September''25'!AD10-'Entries September''25'!AD9<1,"0",'Entries September''25'!AD10-'Entries September''25'!AD9) -> 0 | W10: =IF('Entries September''25'!AE10-'Entries September''25'!AE9<1,"0",'Entries September''25'!AE10-'Entries September''25'!AE9) -> 0 | X10: =IF('Entries September''25'!AI10-'Entries September''25'!AI9<1,"0",'Entries September''25'!AI10-'Entries September''25'!AI9) -> 0 | Y10: =IF('Entries September''25'!AH10-'Entries September''25'!AH9<1,"0",'Entries September''25'!AH10-'Entries September''25'!AH9) -> 0 | Z10: =C10+D10+E10 -> 361 | AA10: 392.106 | AB10: =IF(AA10=0,"0",(Z10*10/AA10)) -> 9.2066941
B11: 5 | C11: =IF('Entries September''25'!W11-'Entries September''25'!W10<1,"0",'Entries September''25'!W11-'Entries September''25'!W10) -> 0 | D11: =IF('Entries September''25'!O11-'Entries September''25'!O10<1,"0",'Entries September''25'!O11-'Entries September''25'!O10) -> 82 | E11: =IF('Entries September''25'!P11-'Entries September''25'!P10<1,"0",'Entries September''25'!P11-'Entries September''25'!P10) -> 254 | F11: =IF('Entries September''25'!V11-'Entries September''25'!V10<1,"0",'Entries September''25'!V11-'Entries September''25'!V10) -> 272 | G11: =(D11+E11)-F11 -> 64 | H11: =IF('Entries September''25'!Q11-'Entries September''25'!Q10<1,0,'Entries September''25'!Q11-'Entries September''25'!Q10) -> 178 | I11: =IF('Entries September''25'!AG11-'Entries September''25'!AG10<1,0,'Entries September''25'!AG11-'Entries September''25'!AG10) -> 0 | J11: =IF('Entries September''25'!S11-'Entries September''25'!S10<1,"0",'Entries September''25'!S11-'Entries September''25'!S10) -> 207 | K11: =IF('Entries September''25'!R11-'Entries September''25'!R10<1,"0",'Entries September''25'!R11-'Entries September''25'!R10) -> 0 | L11: =IF('Entries September''25'!T11-'Entries September''25'!T10<1,"0",'Entries September''25'!T11-'Entries September''25'!T10) -> 0 | M11: =IF('Entries September''25'!U11-'Entries September''25'!U10<1,"0",'Entries September''25'!U11-'Entries September''25'!U10) -> 5 | N11: =IF('Entries September''25'!X11-'Entries September''25'!X10<1,"0",'Entries September''25'!X11-'Entries September''25'!X10) -> 52 | O11: =IF('Entries September''25'!Y11-'Entries September''25'!Y10<1,"0",'Entries September''25'!Y11-'Entries September''25'!Y10) -> 59 | P11: =IF('Entries September''25'!AC11-'Entries September''25'!AC10<1,"0",'Entries September''25'!AC11-'Entries September''25'!AC10) -> 15 | Q11: =IF('Entries September''25'!Z11-'Entries September''25'!Z10<1,"0",'Entries September''25'!Z11-'Entries September''25'!Z10) -> 15 | R11: =IF(('Entries September''25'!AA11-'Entries September''25'!AA10)+('Entries September''25'!AB11-'Entries September''25'!AB10)<1,"0",('Entries September''25'!AA11-'Entries September''25'!AA10)+('Entries September''25'!AB11-'Entries September''25'!AB10)) -> 0 | S11: =(R11+G11)*10 -> 640 | T11: =O11+N11+M11+L11 -> 116 | U11: =IF('Entries September''25'!AC11-'Entries September''25'!AC10<1,"0",'Entries September''25'!AC11-'Entries September''25'!AC10) -> 15 | V11: =IF('Entries September''25'!AD11-'Entries September''25'!AD10<1,"0",'Entries September''25'!AD11-'Entries September''25'!AD10) -> 33 | W11: =IF('Entries September''25'!AE11-'Entries September''25'!AE10<1,"0",'Entries September''25'!AE11-'Entries September''25'!AE10) -> 0 | X11: =IF('Entries September''25'!AI11-'Entries September''25'!AI10<1,"0",'Entries September''25'!AI11-'Entries September''25'!AI10) -> 0 | Y11: =IF('Entries September''25'!AH11-'Entries September''25'!AH10<1,"0",'Entries September''25'!AH11-'Entries September''25'!AH10) -> 0 | Z11: =C11+D11+E11 -> 336 | AA11: 274.494 | AB11: =IF(AA11=0,"0",(Z11*10/AA11)) -> 12.240705
B12: 6 | C12: =IF('Entries September''25'!W12-'Entries September''25'!W11<1,"0",'Entries September''25'!W12-'Entries September''25'!W11) -> 0 | D12: =IF('Entries September''25'!O12-'Entries September''25'!O11<1,"0",'Entries September''25'!O12-'Entries September''25'!O11) -> 0 | E12: =IF('Entries September''25'!P12-'Entries September''25'!P11<1,"0",'Entries September''25'!P12-'Entries September''25'!P11) -> 89 | F12: =IF('Entries September''25'!V12-'Entries September''25'!V11<1,"0",'Entries September''25'!V12-'Entries September''25'!V11) -> 93 | G12: =(D12+E12)-F12 -> -4 | H12: =IF('Entries September''25'!Q12-'Entries September''25'!Q11<1,0,'Entries September''25'!Q12-'Entries September''25'!Q11) -> 83 | I12: =IF('Entries September''25'!AG12-'Entries September''25'!AG11<1,0,'Entries September''25'!AG12-'Entries September''25'!AG11) -> 0 | J12: =IF('Entries September''25'!S12-'Entries September''25'!S11<1,"0",'Entries September''25'!S12-'Entries September''25'!S11) -> 0 | K12: =IF('Entries September''25'!R12-'Entries September''25'!R11<1,"0",'Entries September''25'!R12-'Entries September''25'!R11) -> 0 | L12: =IF('Entries September''25'!T12-'Entries September''25'!T11<1,"0",'Entries September''25'!T12-'Entries September''25'!T11) -> 0 | M12: =IF('Entries September''25'!U12-'Entries September''25'!U11<1,"0",'Entries September''25'!U12-'Entries September''25'!U11) -> 0 | N12: =IF('Entries September''25'!X12-'Entries September''25'!X11<1,"0",'Entries September''25'!X12-'Entries September''25'!X11) -> 0 | O12: =IF('Entries September''25'!Y12-'Entries September''25'!Y11<1,"0",'Entries September''25'!Y12-'Entries September''25'!Y11) -> 40 | P12: =IF('Entries September''25'!AC12-'Entries September''25'!AC11<1,"0",'Entries September''25'!AC12-'Entries September''25'!AC11) -> 0 | Q12: =IF('Entries September''25'!Z12-'Entries September''25'!Z11<1,"0",'Entries September''25'!Z12-'Entries September''25'!Z11) -> 1 | R12: =IF(('Entries September''25'!AA12-'Entries September''25'!AA11)+('Entries September''25'!AB12-'Entries September''25'!AB11)<1,"0",('Entries September''25'!AA12-'Entries September''25'!AA11)+('Entries September''25'!AB12-'Entries September''25'!AB11)) -> 0 | S12: =(R12+G12)*10 -> -40 | T12: =O12+N12+M12+L12 -> 40 | U12: =IF('Entries September''25'!AC12-'Entries September''25'!AC11<1,"0",'Entries September''25'!AC12-'Entries September''25'!AC11) -> 0 | V12: =IF('Entries September''25'!AD12-'Entries September''25'!AD11<1,"0",'Entries September''25'!AD12-'Entries September''25'!AD11) -> 0 | W12: =IF('Entries September''25'!AE12-'Entries September''25'!AE11<1,"0",'Entries September''25'!AE12-'Entries September''25'!AE11) -> 0 | X12: =IF('Entries September''25'!AI12-'Entries September''25'!AI11<1,"0",'Entries September''25'!AI12-'Entries September''25'!AI11) -> 0 | Y12: =IF('Entries September''25'!AH12-'Entries September''25'!AH11<1,"0",'Entries September''25'!AH12-'Entries September''25'!AH11) -> 0 | Z12: =C12+D12+E12 -> 89 | AA12: 0 | AB12: =IF(AA12=0,"0",(Z12*10/AA12)) -> 0
B13: 7 | C13: =IF('Entries September''25'!W13-'Entries September''25'!W12<1,"0",'Entries September''25'!W13-'Entries September''25'!W12) -> 0 | D13: =IF('Entries September''25'!O13-'Entries September''25'!O12<1,"0",'Entries September''25'!O13-'Entries September''25'!O12) -> 0 | E13: =IF('Entries September''25'!P13-'Entries September''25'!P12<1,"0",'Entries September''25'!P13-'Entries September''25'!P12) -> 0 | F13: =IF('Entries September''25'!V13-'Entries September''25'!V12<1,"0",'Entries September''25'!V13-'Entries September''25'!V12) -> 0 | G13: =(D13+E13)-F13 -> 0 | H13: =IF('Entries September''25'!Q13-'Entries September''25'!Q12<1,0,'Entries September''25'!Q13-'Entries September''25'!Q12) -> 0 | I13: =IF('Entries September''25'!AG13-'Entries September''25'!AG12<1,0,'Entries September''25'!AG13-'Entries September''25'!AG12) -> 0 | J13: =IF('Entries September''25'!S13-'Entries September''25'!S12<1,"0",'Entries September''25'!S13-'Entries September''25'!S12) -> 0 | K13: =IF('Entries September''25'!R13-'Entries September''25'!R12<1,"0",'Entries September''25'!R13-'Entries September''25'!R12) -> 0 | L13: =IF('Entries September''25'!T13-'Entries September''25'!T12<1,"0",'Entries September''25'!T13-'Entries September''25'!T12) -> 0 | M13: =IF('Entries September''25'!U13-'Entries September''25'!U12<1,"0",'Entries September''25'!U13-'Entries September''25'!U12) -> 0 | N13: =IF('Entries September''25'!X13-'Entries September''25'!X12<1,"0",'Entries September''25'!X13-'Entries September''25'!X12) -> 0 | O13: =IF('Entries September''25'!Y13-'Entries September''25'!Y12<1,"0",'Entries September''25'!Y13-'Entries September''25'!Y12) -> 0 | P13: =IF('Entries September''25'!AC13-'Entries September''25'!AC12<1,"0",'Entries September''25'!AC13-'Entries September''25'!AC12) -> 0 | Q13: =IF('Entries September''25'!Z13-'Entries September''25'!Z12<1,"0",'Entries September''25'!Z13-'Entries September''25'!Z12) -> 2 | R13: =IF(('Entries September''25'!AA13-'Entries September''25'!AA12)+('Entries September''25'!AB13-'Entries September''25'!AB12)<1,"0",('Entries September''25'!AA13-'Entries September''25'!AA12)+('Entries September''25'!AB13-'Entries September''25'!AB12)) -> 0 | S13: =(R13+G13)*10 -> 0 | T13: =O13+N13+M13+L13 -> 0 | U13: =IF('Entries September''25'!AC13-'Entries September''25'!AC12<1,"0",'Entries September''25'!AC13-'Entries September''25'!AC12) -> 0 | V13: =IF('Entries September''25'!AD13-'Entries September''25'!AD12<1,"0",'Entries September''25'!AD13-'Entries September''25'!AD12) -> 0 | W13: =IF('Entries September''25'!AE13-'Entries September''25'!AE12<1,"0",'Entries September''25'!AE13-'Entries September''25'!AE12) -> 0 | X13: =IF('Entries September''25'!AI13-'Entries September''25'!AI12<1,"0",'Entries September''25'!AI13-'Entries September''25'!AI12) -> 0 | Y13: =IF('Entries September''25'!AH13-'Entries September''25'!AH12<1,"0",'Entries September''25'!AH13-'Entries September''25'!AH12) -> 0 | Z13: =C13+D13+E13 -> 0 | AA13: 0 | AB13: =IF(AA13=0,"0",(Z13*10/AA13)) -> 0
B14: 8 | C14: =IF('Entries September''25'!W14-'Entries September''25'!W13<1,"0",'Entries September''25'!W14-'Entries September''25'!W13) -> 0 | D14: =IF('Entries September''25'!O14-'Entries September''25'!O13<1,"0",'Entries September''25'!O14-'Entries September''25'!O13) -> 182 | E14: =IF('Entries September''25'!P14-'Entries September''25'!P13<1,"0",'Entries September''25'!P14-'Entries September''25'!P13) -> 145 | F14: =IF('Entries September''25'!V14-'Entries September''25'!V13<1,"0",'Entries September''25'!V14-'Entries September''25'!V13) -> 152 | G14: =(D14+E14)-F14 -> 175 | H14: =IF('Entries September''25'!Q14-'Entries September''25'!Q13<1,0,'Entries September''25'!Q14-'Entries September''25'!Q13) -> 166 | I14: =IF('Entries September''25'!AG14-'Entries September''25'!AG13<1,0,'Entries September''25'!AG14-'Entries September''25'!AG13) -> 0 | J14: =IF('Entries September''25'!S14-'Entries September''25'!S13<1,"0",'Entries September''25'!S14-'Entries September''25'!S13) -> 191 | K14: =IF('Entries September''25'!R14-'Entries September''25'!R13<1,"0",'Entries September''25'!R14-'Entries September''25'!R13) -> 0 | L14: =IF('Entries September''25'!T14-'Entries September''25'!T13<1,"0",'Entries September''25'!T14-'Entries September''25'!T13) -> 0 | M14: =IF('Entries September''25'!U14-'Entries September''25'!U13<1,"0",'Entries September''25'!U14-'Entries September''25'!U13) -> 15 | N14: =IF('Entries September''25'!X14-'Entries September''25'!X13<1,"0",'Entries September''25'!X14-'Entries September''25'!X13) -> 12 | O14: =IF('Entries September''25'!Y14-'Entries September''25'!Y13<1,"0",'Entries September''25'!Y14-'Entries September''25'!Y13) -> 64 | P14: =IF('Entries September''25'!AC14-'Entries September''25'!AC13<1,"0",'Entries September''25'!AC14-'Entries September''25'!AC13) -> 15 | Q14: =IF('Entries September''25'!Z14-'Entries September''25'!Z13<1,"0",'Entries September''25'!Z14-'Entries September''25'!Z13) -> 18 | R14: =IF(('Entries September''25'!AA14-'Entries September''25'!AA13)+('Entries September''25'!AB14-'Entries September''25'!AB13)<1,"0",('Entries September''25'!AA14-'Entries September''25'!AA13)+('Entries September''25'!AB14-'Entries September''25'!AB13)) -> 0 | S14: =(R14+G14)*10 -> 1750 | T14: =O14+N14+M14+L14 -> 91 | U14: =IF('Entries September''25'!AC14-'Entries September''25'!AC13<1,"0",'Entries September''25'!AC14-'Entries September''25'!AC13) -> 15 | V14: =IF('Entries September''25'!AD14-'Entries September''25'!AD13<1,"0",'Entries September''25'!AD14-'Entries September''25'!AD13) -> 0 | W14: =IF('Entries September''25'!AE14-'Entries September''25'!AE13<1,"0",'Entries September''25'!AE14-'Entries September''25'!AE13) -> 0 | X14: =IF('Entries September''25'!AI14-'Entries September''25'!AI13<1,"0",'Entries September''25'!AI14-'Entries September''25'!AI13) -> 0 | Y14: =IF('Entries September''25'!AH14-'Entries September''25'!AH13<1,"0",'Entries September''25'!AH14-'Entries September''25'!AH13) -> 0 | Z14: =C14+D14+E14 -> 327 | AA14: 306.372 | AB14: =IF(AA14=0,"0",(Z14*10/AA14)) -> 10.673299
B15: 9 | C15: =IF('Entries September''25'!W15-'Entries September''25'!W14<1,"0",'Entries September''25'!W15-'Entries September''25'!W14) -> 0 | D15: =IF('Entries September''25'!O15-'Entries September''25'!O14<1,"0",'Entries September''25'!O15-'Entries September''25'!O14) -> 333 | E15: =IF('Entries September''25'!P15-'Entries September''25'!P14<1,"0",'Entries September''25'!P15-'Entries September''25'!P14) -> 52 | F15: =IF('Entries September''25'!V15-'Entries September''25'!V14<1,"0",'Entries September''25'!V15-'Entries September''25'!V14) -> 54 | G15: =(D15+E15)-F15 -> 331 | H15: =IF('Entries September''25'!Q15-'Entries September''25'!Q14<1,0,'Entries September''25'!Q15-'Entries September''25'!Q14) -> 206 | I15: =IF('Entries September''25'!AG15-'Entries September''25'!AG14<1,0,'Entries September''25'!AG15-'Entries September''25'!AG14) -> 0 | J15: =IF('Entries September''25'!S15-'Entries September''25'!S14<1,"0",'Entries September''25'!S15-'Entries September''25'!S14) -> 211 | K15: =IF('Entries September''25'!R15-'Entries September''25'!R14<1,"0",'Entries September''25'!R15-'Entries September''25'!R14) -> 0 | L15: =IF('Entries September''25'!T15-'Entries September''25'!T14<1,"0",'Entries September''25'!T15-'Entries September''25'!T14) -> 0 | M15: =IF('Entries September''25'!U15-'Entries September''25'!U14<1,"0",'Entries September''25'!U15-'Entries September''25'!U14) -> 10 | N15: =IF('Entries September''25'!X15-'Entries September''25'!X14<1,"0",'Entries September''25'!X15-'Entries September''25'!X14) -> 30 | O15: =IF('Entries September''25'!Y15-'Entries September''25'!Y14<1,"0",'Entries September''25'!Y15-'Entries September''25'!Y14) -> 75 | P15: =IF('Entries September''25'!AC15-'Entries September''25'!AC14<1,"0",'Entries September''25'!AC15-'Entries September''25'!AC14) -> 19 | Q15: =IF('Entries September''25'!Z15-'Entries September''25'!Z14<1,"0",'Entries September''25'!Z15-'Entries September''25'!Z14) -> 14 | R15: =IF(('Entries September''25'!AA15-'Entries September''25'!AA14)+('Entries September''25'!AB15-'Entries September''25'!AB14)<1,"0",('Entries September''25'!AA15-'Entries September''25'!AA14)+('Entries September''25'!AB15-'Entries September''25'!AB14)) -> 0 | S15: =(R15+G15)*10 -> 3310 | T15: =O15+N15+M15+L15 -> 115 | U15: =IF('Entries September''25'!AC15-'Entries September''25'!AC14<1,"0",'Entries September''25'!AC15-'Entries September''25'!AC14) -> 19 | V15: =IF('Entries September''25'!AD15-'Entries September''25'!AD14<1,"0",'Entries September''25'!AD15-'Entries September''25'!AD14) -> 0 | W15: =IF('Entries September''25'!AE15-'Entries September''25'!AE14<1,"0",'Entries September''25'!AE15-'Entries September''25'!AE14) -> 0 | X15: =IF('Entries September''25'!AI15-'Entries September''25'!AI14<1,"0",'Entries September''25'!AI15-'Entries September''25'!AI14) -> 0 | Y15: =IF('Entries September''25'!AH15-'Entries September''25'!AH14<1,"0",'Entries September''25'!AH15-'Entries September''25'!AH14) -> 0 | Z15: =C15+D15+E15 -> 385 | AA15: 360.096 | AB15: =IF(AA15=0,"0",(Z15*10/AA15)) -> 10.691593
B16: 10 | C16: =IF('Entries September''25'!W16-'Entries September''25'!W15<1,"0",'Entries September''25'!W16-'Entries September''25'!W15) -> 0 | D16: =IF('Entries September''25'!O16-'Entries September''25'!O15<1,"0",'Entries September''25'!O16-'Entries September''25'!O15) -> 183 | E16: =IF('Entries September''25'!P16-'Entries September''25'!P15<1,"0",'Entries September''25'!P16-'Entries September''25'!P15) -> 109 | F16: =IF('Entries September''25'!V16-'Entries September''25'!V15<1,"0",'Entries September''25'!V16-'Entries September''25'!V15) -> 115 | G16: =(D16+E16)-F16 -> 177 | H16: =IF('Entries September''25'!Q16-'Entries September''25'!Q15<1,0,'Entries September''25'!Q16-'Entries September''25'!Q15) -> 204 | I16: =IF('Entries September''25'!AG16-'Entries September''25'!AG15<1,0,'Entries September''25'!AG16-'Entries September''25'!AG15) -> 0 | J16: =IF('Entries September''25'!S16-'Entries September''25'!S15<1,"0",'Entries September''25'!S16-'Entries September''25'!S15) -> 189 | K16: =IF('Entries September''25'!R16-'Entries September''25'!R15<1,"0",'Entries September''25'!R16-'Entries September''25'!R15) -> 0 | L16: =IF('Entries September''25'!T16-'Entries September''25'!T15<1,"0",'Entries September''25'!T16-'Entries September''25'!T15) -> 0 | M16: =IF('Entries September''25'!U16-'Entries September''25'!U15<1,"0",'Entries September''25'!U16-'Entries September''25'!U15) -> 9 | N16: =IF('Entries September''25'!X16-'Entries September''25'!X15<1,"0",'Entries September''25'!X16-'Entries September''25'!X15) -> 49 | O16: =IF('Entries September''25'!Y16-'Entries September''25'!Y15<1,"0",'Entries September''25'!Y16-'Entries September''25'!Y15) -> 70 | P16: =IF('Entries September''25'!AC16-'Entries September''25'!AC15<1,"0",'Entries September''25'!AC16-'Entries September''25'!AC15) -> 18 | Q16: =IF('Entries September''25'!Z16-'Entries September''25'!Z15<1,"0",'Entries September''25'!Z16-'Entries September''25'!Z15) -> 13 | R16: =IF(('Entries September''25'!AA16-'Entries September''25'!AA15)+('Entries September''25'!AB16-'Entries September''25'!AB15)<1,"0",('Entries September''25'!AA16-'Entries September''25'!AA15)+('Entries September''25'!AB16-'Entries September''25'!AB15)) -> 0 | S16: =(R16+G16)*10 -> 1770 | T16: =O16+N16+M16+L16 -> 128 | U16: =IF('Entries September''25'!AC16-'Entries September''25'!AC15<1,"0",'Entries September''25'!AC16-'Entries September''25'!AC15) -> 18 | V16: =IF('Entries September''25'!AD16-'Entries September''25'!AD15<1,"0",'Entries September''25'!AD16-'Entries September''25'!AD15) -> 0 | W16: =IF('Entries September''25'!AE16-'Entries September''25'!AE15<1,"0",'Entries September''25'!AE16-'Entries September''25'!AE15) -> 0 | X16: =IF('Entries September''25'!AI16-'Entries September''25'!AI15<1,"0",'Entries September''25'!AI16-'Entries September''25'!AI15) -> 0 | Y16: =IF('Entries September''25'!AH16-'Entries September''25'!AH15<1,"0",'Entries September''25'!AH16-'Entries September''25'!AH15) -> 0 | Z16: =C16+D16+E16 -> 292 | AA16: 320.826 | AB16: =IF(AA16=0,"0",(Z16*10/AA16)) -> 9.1015067
B17: 11 | C17: =IF('Entries September''25'!W17-'Entries September''25'!W16<1,"0",'Entries September''25'!W17-'Entries September''25'!W16) -> 0 | D17: =IF('Entries September''25'!O17-'Entries September''25'!O16<1,"0",'Entries September''25'!O17-'Entries September''25'!O16) -> 54 | E17: =IF('Entries September''25'!P17-'Entries September''25'!P16<1,"0",'Entries September''25'!P17-'Entries September''25'!P16) -> 231 | F17: =IF('Entries September''25'!V17-'Entries September''25'!V16<1,"0",'Entries September''25'!V17-'Entries September''25'!V16) -> 242 | G17: =(D17+E17)-F17 -> 43 | H17: =IF('Entries September''25'!Q17-'Entries September''25'!Q16<1,0,'Entries September''25'!Q17-'Entries September''25'!Q16) -> 98 | I17: =IF('Entries September''25'!AG17-'Entries September''25'!AG16<1,0,'Entries September''25'!AG17-'Entries September''25'!AG16) -> 0 | J17: =IF('Entries September''25'!S17-'Entries September''25'!S16<1,"0",'Entries September''25'!S17-'Entries September''25'!S16) -> 164 | K17: =IF('Entries September''25'!R17-'Entries September''25'!R16<1,"0",'Entries September''25'!R17-'Entries September''25'!R16) -> 0 | L17: =IF('Entries September''25'!T17-'Entries September''25'!T16<1,"0",'Entries September''25'!T17-'Entries September''25'!T16) -> 0 | M17: =IF('Entries September''25'!U17-'Entries September''25'!U16<1,"0",'Entries September''25'!U17-'Entries September''25'!U16) -> 6 | N17: =IF('Entries September''25'!X17-'Entries September''25'!X16<1,"0",'Entries September''25'!X17-'Entries September''25'!X16) -> 30 | O17: =IF('Entries September''25'!Y17-'Entries September''25'!Y16<1,"0",'Entries September''25'!Y17-'Entries September''25'!Y16) -> 21 | P17: =IF('Entries September''25'!AC17-'Entries September''25'!AC16<1,"0",'Entries September''25'!AC17-'Entries September''25'!AC16) -> 5 | Q17: =IF('Entries September''25'!Z17-'Entries September''25'!Z16<1,"0",'Entries September''25'!Z17-'Entries September''25'!Z16) -> 10 | R17: =IF(('Entries September''25'!AA17-'Entries September''25'!AA16)+('Entries September''25'!AB17-'Entries September''25'!AB16)<1,"0",('Entries September''25'!AA17-'Entries September''25'!AA16)+('Entries September''25'!AB17-'Entries September''25'!AB16)) -> 0 | S17: =(R17+G17)*10 -> 430 | T17: =O17+N17+M17+L17 -> 57 | U17: =IF('Entries September''25'!AC17-'Entries September''25'!AC16<1,"0",'Entries September''25'!AC17-'Entries September''25'!AC16) -> 5 | V17: =IF('Entries September''25'!AD17-'Entries September''25'!AD16<1,"0",'Entries September''25'!AD17-'Entries September''25'!AD16) -> 0 | W17: =IF('Entries September''25'!AE17-'Entries September''25'!AE16<1,"0",'Entries September''25'!AE17-'Entries September''25'!AE16) -> 0 | X17: =IF('Entries September''25'!AI17-'Entries September''25'!AI16<1,"0",'Entries September''25'!AI17-'Entries September''25'!AI16) -> 0 | Y17: =IF('Entries September''25'!AH17-'Entries September''25'!AH16<1,"0",'Entries September''25'!AH17-'Entries September''25'!AH16) -> 0 | Z17: =C17+D17+E17 -> 285 | AA17: 5.676 | AB17: =IF(AA17=0,"0",(Z17*10/AA17)) -> 502.11416
B18: 12 | C18: =IF('Entries September''25'!W18-'Entries September''25'!W17<1,"0",'Entries September''25'!W18-'Entries September''25'!W17) -> 0 | D18: =IF('Entries September''25'!O18-'Entries September''25'!O17<1,"0",'Entries September''25'!O18-'Entries September''25'!O17) -> 0 | E18: =IF('Entries September''25'!P18-'Entries September''25'!P17<1,"0",'Entries September''25'!P18-'Entries September''25'!P17) -> 80 | F18: =IF('Entries September''25'!V18-'Entries September''25'!V17<1,"0",'Entries September''25'!V18-'Entries September''25'!V17) -> 84 | G18: =(D18+E18)-F18 -> -4 | H18: =IF('Entries September''25'!Q18-'Entries September''25'!Q17<1,0,'Entries September''25'!Q18-'Entries September''25'!Q17) -> 81 | I18: =IF('Entries September''25'!AG18-'Entries September''25'!AG17<1,0,'Entries September''25'!AG18-'Entries September''25'!AG17) -> 0 | J18: =IF('Entries September''25'!S18-'Entries September''25'!S17<1,"0",'Entries September''25'!S18-'Entries September''25'!S17) -> 50 | K18: =IF('Entries September''25'!R18-'Entries September''25'!R17<1,"0",'Entries September''25'!R18-'Entries September''25'!R17) -> 0 | L18: =IF('Entries September''25'!T18-'Entries September''25'!T17<1,"0",'Entries September''25'!T18-'Entries September''25'!T17) -> 0 | M18: =IF('Entries September''25'!U18-'Entries September''25'!U17<1,"0",'Entries September''25'!U18-'Entries September''25'!U17) -> 4 | N18: =IF('Entries September''25'!X18-'Entries September''25'!X17<1,"0",'Entries September''25'!X18-'Entries September''25'!X17) -> 12 | O18: =IF('Entries September''25'!Y18-'Entries September''25'!Y17<1,"0",'Entries September''25'!Y18-'Entries September''25'!Y17) -> 23 | P18: =IF('Entries September''25'!AC18-'Entries September''25'!AC17<1,"0",'Entries September''25'!AC18-'Entries September''25'!AC17) -> 4 | Q18: =IF('Entries September''25'!Z18-'Entries September''25'!Z17<1,"0",'Entries September''25'!Z18-'Entries September''25'!Z17) -> 7 | R18: =IF(('Entries September''25'!AA18-'Entries September''25'!AA17)+('Entries September''25'!AB18-'Entries September''25'!AB17)<1,"0",('Entries September''25'!AA18-'Entries September''25'!AA17)+('Entries September''25'!AB18-'Entries September''25'!AB17)) -> 0 | S18: =(R18+G18)*10 -> -40 | T18: =O18+N18+M18+L18 -> 39 | U18: =IF('Entries September''25'!AC18-'Entries September''25'!AC17<1,"0",'Entries September''25'!AC18-'Entries September''25'!AC17) -> 4 | V18: =IF('Entries September''25'!AD18-'Entries September''25'!AD17<1,"0",'Entries September''25'!AD18-'Entries September''25'!AD17) -> 0 | W18: =IF('Entries September''25'!AE18-'Entries September''25'!AE17<1,"0",'Entries September''25'!AE18-'Entries September''25'!AE17) -> 0 | X18: =IF('Entries September''25'!AI18-'Entries September''25'!AI17<1,"0",'Entries September''25'!AI18-'Entries September''25'!AI17) -> 0 | Y18: =IF('Entries September''25'!AH18-'Entries September''25'!AH17<1,"0",'Entries September''25'!AH18-'Entries September''25'!AH17) -> 0 | Z18: =C18+D18+E18 -> 80 | AA18: 64.878 | AB18: =IF(AA18=0,"0",(Z18*10/AA18)) -> 12.330836
B19: 13 | C19: =IF('Entries September''25'!W19-'Entries September''25'!W18<1,"0",'Entries September''25'!W19-'Entries September''25'!W18) -> 0 | D19: =IF('Entries September''25'!O19-'Entries September''25'!O18<1,"0",'Entries September''25'!O19-'Entries September''25'!O18) -> 0 | E19: =IF('Entries September''25'!P19-'Entries September''25'!P18<1,"0",'Entries September''25'!P19-'Entries September''25'!P18) -> 76 | F19: =IF('Entries September''25'!V19-'Entries September''25'!V18<1,"0",'Entries September''25'!V19-'Entries September''25'!V18) -> 80 | G19: =(D19+E19)-F19 -> -4 | H19: =IF('Entries September''25'!Q19-'Entries September''25'!Q18<1,0,'Entries September''25'!Q19-'Entries September''25'!Q18) -> 22 | I19: =IF('Entries September''25'!AG19-'Entries September''25'!AG18<1,0,'Entries September''25'!AG19-'Entries September''25'!AG18) -> 0 | J19: =IF('Entries September''25'!S19-'Entries September''25'!S18<1,"0",'Entries September''25'!S19-'Entries September''25'!S18) -> 0 | K19: =IF('Entries September''25'!R19-'Entries September''25'!R18<1,"0",'Entries September''25'!R19-'Entries September''25'!R18) -> 0 | L19: =IF('Entries September''25'!T19-'Entries September''25'!T18<1,"0",'Entries September''25'!T19-'Entries September''25'!T18) -> 0 | M19: =IF('Entries September''25'!U19-'Entries September''25'!U18<1,"0",'Entries September''25'!U19-'Entries September''25'!U18) -> 0 | N19: =IF('Entries September''25'!X19-'Entries September''25'!X18<1,"0",'Entries September''25'!X19-'Entries September''25'!X18) -> 0 | O19: =IF('Entries September''25'!Y19-'Entries September''25'!Y18<1,"0",'Entries September''25'!Y19-'Entries September''25'!Y18) -> 4 | P19: =IF('Entries September''25'!AC19-'Entries September''25'!AC18<1,"0",'Entries September''25'!AC19-'Entries September''25'!AC18) -> 0 | Q19: =IF('Entries September''25'!Z19-'Entries September''25'!Z18<1,"0",'Entries September''25'!Z19-'Entries September''25'!Z18) -> 0 | R19: =IF(('Entries September''25'!AA19-'Entries September''25'!AA18)+('Entries September''25'!AB19-'Entries September''25'!AB18)<1,"0",('Entries September''25'!AA19-'Entries September''25'!AA18)+('Entries September''25'!AB19-'Entries September''25'!AB18)) -> 0 | S19: =(R19+G19)*10 -> -40 | T19: =O19+N19+M19+L19 -> 4 | U19: =IF('Entries September''25'!AC19-'Entries September''25'!AC18<1,"0",'Entries September''25'!AC19-'Entries September''25'!AC18) -> 0 | V19: =IF('Entries September''25'!AD19-'Entries September''25'!AD18<1,"0",'Entries September''25'!AD19-'Entries September''25'!AD18) -> 0 | W19: =IF('Entries September''25'!AE19-'Entries September''25'!AE18<1,"0",'Entries September''25'!AE19-'Entries September''25'!AE18) -> 0 | X19: =IF('Entries September''25'!AI19-'Entries September''25'!AI18<1,"0",'Entries September''25'!AI19-'Entries September''25'!AI18) -> 0 | Y19: =IF('Entries September''25'!AH19-'Entries September''25'!AH18<1,"0",'Entries September''25'!AH19-'Entries September''25'!AH18) -> 0 | Z19: =C19+D19+E19 -> 76 | AA19: 0 | AB19: =IF(AA19=0,"0",(Z19*10/AA19)) -> 0
B20: 14 | C20: =IF('Entries September''25'!W20-'Entries September''25'!W19<1,"0",'Entries September''25'!W20-'Entries September''25'!W19) -> 0 | D20: =IF('Entries September''25'!O20-'Entries September''25'!O19<1,"0",'Entries September''25'!O20-'Entries September''25'!O19) -> 0 | E20: =IF('Entries September''25'!P20-'Entries September''25'!P19<1,"0",'Entries September''25'!P20-'Entries September''25'!P19) -> 68 | F20: =IF('Entries September''25'!V20-'Entries September''25'!V19<1,"0",'Entries September''25'!V20-'Entries September''25'!V19) -> 74 | G20: =(D20+E20)-F20 -> -6 | H20: =IF('Entries September''25'!Q20-'Entries September''25'!Q19<1,0,'Entries September''25'!Q20-'Entries September''25'!Q19) -> 74 | I20: =IF('Entries September''25'!AG20-'Entries September''25'!AG19<1,0,'Entries September''25'!AG20-'Entries September''25'!AG19) -> 0 | J20: =IF('Entries September''25'!S20-'Entries September''25'!S19<1,"0",'Entries September''25'!S20-'Entries September''25'!S19) -> 6 | K20: =IF('Entries September''25'!R20-'Entries September''25'!R19<1,"0",'Entries September''25'!R20-'Entries September''25'!R19) -> 0 | L20: =IF('Entries September''25'!T20-'Entries September''25'!T19<1,"0",'Entries September''25'!T20-'Entries September''25'!T19) -> 0 | M20: =IF('Entries September''25'!U20-'Entries September''25'!U19<1,"0",'Entries September''25'!U20-'Entries September''25'!U19) -> 0 | N20: =IF('Entries September''25'!X20-'Entries September''25'!X19<1,"0",'Entries September''25'!X20-'Entries September''25'!X19) -> 4 | O20: =IF('Entries September''25'!Y20-'Entries September''25'!Y19<1,"0",'Entries September''25'!Y20-'Entries September''25'!Y19) -> 29 | P20: =IF('Entries September''25'!AC20-'Entries September''25'!AC19<1,"0",'Entries September''25'!AC20-'Entries September''25'!AC19) -> 17 | Q20: =IF('Entries September''25'!Z20-'Entries September''25'!Z19<1,"0",'Entries September''25'!Z20-'Entries September''25'!Z19) -> 2 | R20: =IF(('Entries September''25'!AA20-'Entries September''25'!AA19)+('Entries September''25'!AB20-'Entries September''25'!AB19)<1,"0",('Entries September''25'!AA20-'Entries September''25'!AA19)+('Entries September''25'!AB20-'Entries September''25'!AB19)) -> 0 | S20: =(R20+G20)*10 -> -60 | T20: =O20+N20+M20+L20 -> 33 | U20: =IF('Entries September''25'!AC20-'Entries September''25'!AC19<1,"0",'Entries September''25'!AC20-'Entries September''25'!AC19) -> 17 | V20: =IF('Entries September''25'!AD20-'Entries September''25'!AD19<1,"0",'Entries September''25'!AD20-'Entries September''25'!AD19) -> 0 | W20: =IF('Entries September''25'!AE20-'Entries September''25'!AE19<1,"0",'Entries September''25'!AE20-'Entries September''25'!AE19) -> 0 | X20: =IF('Entries September''25'!AI20-'Entries September''25'!AI19<1,"0",'Entries September''25'!AI20-'Entries September''25'!AI19) -> 0 | Y20: =IF('Entries September''25'!AH20-'Entries September''25'!AH19<1,"0",'Entries September''25'!AH20-'Entries September''25'!AH19) -> 0 | Z20: =C20+D20+E20 -> 68 | AA20: 0 | AB20: =IF(AA20=0,"0",(Z20*10/AA20)) -> 0
B21: 15 | C21: =IF('Entries September''25'!W21-'Entries September''25'!W20<1,"0",'Entries September''25'!W21-'Entries September''25'!W20) -> 0 | D21: =IF('Entries September''25'!O21-'Entries September''25'!O20<1,"0",'Entries September''25'!O21-'Entries September''25'!O20) -> 249 | E21: =IF('Entries September''25'!P21-'Entries September''25'!P20<1,"0",'Entries September''25'!P21-'Entries September''25'!P20) -> 103 | F21: =IF('Entries September''25'!V21-'Entries September''25'!V20<1,"0",'Entries September''25'!V21-'Entries September''25'!V20) -> 169 | G21: =(D21+E21)-F21 -> 183 | H21: =IF('Entries September''25'!Q21-'Entries September''25'!Q20<1,0,'Entries September''25'!Q21-'Entries September''25'!Q20) -> 249 | I21: =IF('Entries September''25'!AG21-'Entries September''25'!AG20<1,0,'Entries September''25'!AG21-'Entries September''25'!AG20) -> 0 | J21: =IF('Entries September''25'!S21-'Entries September''25'!S20<1,"0",'Entries September''25'!S21-'Entries September''25'!S20) -> 100 | K21: =IF('Entries September''25'!R21-'Entries September''25'!R20<1,"0",'Entries September''25'!R21-'Entries September''25'!R20) -> 0 | L21: =IF('Entries September''25'!T21-'Entries September''25'!T20<1,"0",'Entries September''25'!T21-'Entries September''25'!T20) -> 0 | M21: =IF('Entries September''25'!U21-'Entries September''25'!U20<1,"0",'Entries September''25'!U21-'Entries September''25'!U20) -> 15 | N21: =IF('Entries September''25'!X21-'Entries September''25'!X20<1,"0",'Entries September''25'!X21-'Entries September''25'!X20) -> 46 | O21: =IF('Entries September''25'!Y21-'Entries September''25'!Y20<1,"0",'Entries September''25'!Y21-'Entries September''25'!Y20) -> 100 | P21: =IF('Entries September''25'!AC21-'Entries September''25'!AC20<1,"0",'Entries September''25'!AC21-'Entries September''25'!AC20) -> 26 | Q21: =IF('Entries September''25'!Z21-'Entries September''25'!Z20<1,"0",'Entries September''25'!Z21-'Entries September''25'!Z20) -> 21 | R21: =IF(('Entries September''25'!AA21-'Entries September''25'!AA20)+('Entries September''25'!AB21-'Entries September''25'!AB20)<1,"0",('Entries September''25'!AA21-'Entries September''25'!AA20)+('Entries September''25'!AB21-'Entries September''25'!AB20)) -> 0 | S21: =(R21+G21)*10 -> 1830 | T21: =O21+N21+M21+L21 -> 161 | U21: =IF('Entries September''25'!AC21-'Entries September''25'!AC20<1,"0",'Entries September''25'!AC21-'Entries September''25'!AC20) -> 26 | V21: =IF('Entries September''25'!AD21-'Entries September''25'!AD20<1,"0",'Entries September''25'!AD21-'Entries September''25'!AD20) -> 0 | W21: =IF('Entries September''25'!AE21-'Entries September''25'!AE20<1,"0",'Entries September''25'!AE21-'Entries September''25'!AE20) -> 0 | X21: =IF('Entries September''25'!AI21-'Entries September''25'!AI20<1,"0",'Entries September''25'!AI21-'Entries September''25'!AI20) -> 0 | Y21: =IF('Entries September''25'!AH21-'Entries September''25'!AH20<1,"0",'Entries September''25'!AH21-'Entries September''25'!AH20) -> 0 | Z21: =C21+D21+E21 -> 352 | AA21: 518.4312 | AB21: =IF(AA21=0,"0",(Z21*10/AA21)) -> 6.7897148
B22: 16 | C22: =IF('Entries September''25'!W22-'Entries September''25'!W21<1,"0",'Entries September''25'!W22-'Entries September''25'!W21) -> 0 | D22: =IF('Entries September''25'!O22-'Entries September''25'!O21<1,"0",'Entries September''25'!O22-'Entries September''25'!O21) -> 202 | E22: =IF('Entries September''25'!P22-'Entries September''25'!P21<1,"0",'Entries September''25'!P22-'Entries September''25'!P21) -> 185 | F22: =IF('Entries September''25'!V22-'Entries September''25'!V21<1,"0",'Entries September''25'!V22-'Entries September''25'!V21) -> 131 | G22: =(D22+E22)-F22 -> 256 | H22: =IF('Entries September''25'!Q22-'Entries September''25'!Q21<1,0,'Entries September''25'!Q22-'Entries September''25'!Q21) -> 201 | I22: =IF('Entries September''25'!AG22-'Entries September''25'!AG21<1,0,'Entries September''25'!AG22-'Entries September''25'!AG21) -> 0 | J22: =IF('Entries September''25'!S22-'Entries September''25'!S21<1,"0",'Entries September''25'!S22-'Entries September''25'!S21) -> 119 | K22: =IF('Entries September''25'!R22-'Entries September''25'!R21<1,"0",'Entries September''25'!R22-'Entries September''25'!R21) -> 0 | L22: =IF('Entries September''25'!T22-'Entries September''25'!T21<1,"0",'Entries September''25'!T22-'Entries September''25'!T21) -> 0 | M22: =IF('Entries September''25'!U22-'Entries September''25'!U21<1,"0",'Entries September''25'!U22-'Entries September''25'!U21) -> 11 | N22: =IF('Entries September''25'!X22-'Entries September''25'!X21<1,"0",'Entries September''25'!X22-'Entries September''25'!X21) -> 37 | O22: =IF('Entries September''25'!Y22-'Entries September''25'!Y21<1,"0",'Entries September''25'!Y22-'Entries September''25'!Y21) -> 84 | P22: =IF('Entries September''25'!AC22-'Entries September''25'!AC21<1,"0",'Entries September''25'!AC22-'Entries September''25'!AC21) -> 20 | Q22: =IF('Entries September''25'!Z22-'Entries September''25'!Z21<1,"0",'Entries September''25'!Z22-'Entries September''25'!Z21) -> 12 | R22: =IF(('Entries September''25'!AA22-'Entries September''25'!AA21)+('Entries September''25'!AB22-'Entries September''25'!AB21)<1,"0",('Entries September''25'!AA22-'Entries September''25'!AA21)+('Entries September''25'!AB22-'Entries September''25'!AB21)) -> 0 | S22: =(R22+G22)*10 -> 2560 | T22: =O22+N22+M22+L22 -> 132 | U22: =IF('Entries September''25'!AC22-'Entries September''25'!AC21<1,"0",'Entries September''25'!AC22-'Entries September''25'!AC21) -> 20 | V22: =IF('Entries September''25'!AD22-'Entries September''25'!AD21<1,"0",'Entries September''25'!AD22-'Entries September''25'!AD21) -> 0 | W22: =IF('Entries September''25'!AE22-'Entries September''25'!AE21<1,"0",'Entries September''25'!AE22-'Entries September''25'!AE21) -> 0 | X22: =IF('Entries September''25'!AI22-'Entries September''25'!AI21<1,"0",'Entries September''25'!AI22-'Entries September''25'!AI21) -> 0 | Y22: =IF('Entries September''25'!AH22-'Entries September''25'!AH21<1,"0",'Entries September''25'!AH22-'Entries September''25'!AH21) -> 0 | Z22: =C22+D22+E22 -> 387 | AA22: 442.332 | AB22: =IF(AA22=0,"0",(Z22*10/AA22)) -> 8.7490844
B23: 17 | C23: =IF('Entries September''25'!W23-'Entries September''25'!W22<1,"0",'Entries September''25'!W23-'Entries September''25'!W22) -> 0 | D23: =IF('Entries September''25'!O23-'Entries September''25'!O22<1,"0",'Entries September''25'!O23-'Entries September''25'!O22) -> 111 | E23: =IF('Entries September''25'!P23-'Entries September''25'!P22<1,"0",'Entries September''25'!P23-'Entries September''25'!P22) -> 187 | F23: =IF('Entries September''25'!V23-'Entries September''25'!V22<1,"0",'Entries September''25'!V23-'Entries September''25'!V22) -> 196 | G23: =(D23+E23)-F23 -> 102 | H23: =IF('Entries September''25'!Q23-'Entries September''25'!Q22<1,0,'Entries September''25'!Q23-'Entries September''25'!Q22) -> 240 | I23: =IF('Entries September''25'!AG23-'Entries September''25'!AG22<1,0,'Entries September''25'!AG23-'Entries September''25'!AG22) -> 0 | J23: =IF('Entries September''25'!S23-'Entries September''25'!S22<1,"0",'Entries September''25'!S23-'Entries September''25'!S22) -> 149 | K23: =IF('Entries September''25'!R23-'Entries September''25'!R22<1,"0",'Entries September''25'!R23-'Entries September''25'!R22) -> 0 | L23: =IF('Entries September''25'!T23-'Entries September''25'!T22<1,"0",'Entries September''25'!T23-'Entries September''25'!T22) -> 0 | M23: =IF('Entries September''25'!U23-'Entries September''25'!U22<1,"0",'Entries September''25'!U23-'Entries September''25'!U22) -> 14 | N23: =IF('Entries September''25'!X23-'Entries September''25'!X22<1,"0",'Entries September''25'!X23-'Entries September''25'!X22) -> 32 | O23: =IF('Entries September''25'!Y23-'Entries September''25'!Y22<1,"0",'Entries September''25'!Y23-'Entries September''25'!Y22) -> 99 | P23: =IF('Entries September''25'!AC23-'Entries September''25'!AC22<1,"0",'Entries September''25'!AC23-'Entries September''25'!AC22) -> 29 | Q23: =IF('Entries September''25'!Z23-'Entries September''25'!Z22<1,"0",'Entries September''25'!Z23-'Entries September''25'!Z22) -> 17 | R23: =IF(('Entries September''25'!AA23-'Entries September''25'!AA22)+('Entries September''25'!AB23-'Entries September''25'!AB22)<1,"0",('Entries September''25'!AA23-'Entries September''25'!AA22)+('Entries September''25'!AB23-'Entries September''25'!AB22)) -> 0 | S23: =(R23+G23)*10 -> 1020 | T23: =O23+N23+M23+L23 -> 145 | U23: =IF('Entries September''25'!AC23-'Entries September''25'!AC22<1,"0",'Entries September''25'!AC23-'Entries September''25'!AC22) -> 29 | V23: =IF('Entries September''25'!AD23-'Entries September''25'!AD22<1,"0",'Entries September''25'!AD23-'Entries September''25'!AD22) -> 0 | W23: =IF('Entries September''25'!AE23-'Entries September''25'!AE22<1,"0",'Entries September''25'!AE23-'Entries September''25'!AE22) -> 0 | X23: =IF('Entries September''25'!AI23-'Entries September''25'!AI22<1,"0",'Entries September''25'!AI23-'Entries September''25'!AI22) -> 0 | Y23: =IF('Entries September''25'!AH23-'Entries September''25'!AH22<1,"0",'Entries September''25'!AH23-'Entries September''25'!AH22) -> 0 | Z23: =C23+D23+E23 -> 298 | AA23: 439.758 | AB23: =IF(AA23=0,"0",(Z23*10/AA23)) -> 6.7764543
B24: 18 | C24: =IF('Entries September''25'!W24-'Entries September''25'!W23<1,"0",'Entries September''25'!W24-'Entries September''25'!W23) -> 0 | D24: =IF('Entries September''25'!O24-'Entries September''25'!O23<1,"0",'Entries September''25'!O24-'Entries September''25'!O23) -> 209 | E24: =IF('Entries September''25'!P24-'Entries September''25'!P23<1,"0",'Entries September''25'!P24-'Entries September''25'!P23) -> 234 | F24: =IF('Entries September''25'!V24-'Entries September''25'!V23<1,"0",'Entries September''25'!V24-'Entries September''25'!V23) -> 236 | G24: =(D24+E24)-F24 -> 207 | H24: =IF('Entries September''25'!Q24-'Entries September''25'!Q23<1,0,'Entries September''25'!Q24-'Entries September''25'!Q23) -> 291 | I24: =IF('Entries September''25'!AG24-'Entries September''25'!AG23<1,0,'Entries September''25'!AG24-'Entries September''25'!AG23) -> 0 | J24: =IF('Entries September''25'!S24-'Entries September''25'!S23<1,"0",'Entries September''25'!S24-'Entries September''25'!S23) -> 162 | K24: =IF('Entries September''25'!R24-'Entries September''25'!R23<1,"0",'Entries September''25'!R24-'Entries September''25'!R23) -> 0 | L24: =IF('Entries September''25'!T24-'Entries September''25'!T23<1,"0",'Entries September''25'!T24-'Entries September''25'!T23) -> 0 | M24: =IF('Entries September''25'!U24-'Entries September''25'!U23<1,"0",'Entries September''25'!U24-'Entries September''25'!U23) -> 13 | N24: =IF('Entries September''25'!X24-'Entries September''25'!X23<1,"0",'Entries September''25'!X24-'Entries September''25'!X23) -> 57 | O24: =IF('Entries September''25'!Y24-'Entries September''25'!Y23<1,"0",'Entries September''25'!Y24-'Entries September''25'!Y23) -> 128 | P24: =IF('Entries September''25'!AC24-'Entries September''25'!AC23<1,"0",'Entries September''25'!AC24-'Entries September''25'!AC23) -> 32 | Q24: =IF('Entries September''25'!Z24-'Entries September''25'!Z23<1,"0",'Entries September''25'!Z24-'Entries September''25'!Z23) -> 22 | R24: =IF(('Entries September''25'!AA24-'Entries September''25'!AA23)+('Entries September''25'!AB24-'Entries September''25'!AB23)<1,"0",('Entries September''25'!AA24-'Entries September''25'!AA23)+('Entries September''25'!AB24-'Entries September''25'!AB23)) -> 0 | S24: =(R24+G24)*10 -> 2070 | T24: =O24+N24+M24+L24 -> 198 | U24: =IF('Entries September''25'!AC24-'Entries September''25'!AC23<1,"0",'Entries September''25'!AC24-'Entries September''25'!AC23) -> 32 | V24: =IF('Entries September''25'!AD24-'Entries September''25'!AD23<1,"0",'Entries September''25'!AD24-'Entries September''25'!AD23) -> 0 | W24: =IF('Entries September''25'!AE24-'Entries September''25'!AE23<1,"0",'Entries September''25'!AE24-'Entries September''25'!AE23) -> 0 | X24: =IF('Entries September''25'!AI24-'Entries September''25'!AI23<1,"0",'Entries September''25'!AI24-'Entries September''25'!AI23) -> 0 | Y24: =IF('Entries September''25'!AH24-'Entries September''25'!AH23<1,"0",'Entries September''25'!AH24-'Entries September''25'!AH23) -> 0 | Z24: =C24+D24+E24 -> 443 | AA24: 814.044 | AB24: =IF(AA24=0,"0",(Z24*10/AA24)) -> 5.4419663
B25: 19 | C25: =IF('Entries September''25'!W25-'Entries September''25'!W24<1,"0",'Entries September''25'!W25-'Entries September''25'!W24) -> 0 | D25: =IF('Entries September''25'!O25-'Entries September''25'!O24<1,"0",'Entries September''25'!O25-'Entries September''25'!O24) -> 198 | E25: =IF('Entries September''25'!P25-'Entries September''25'!P24<1,"0",'Entries September''25'!P25-'Entries September''25'!P24) -> 225 | F25: =IF('Entries September''25'!V25-'Entries September''25'!V24<1,"0",'Entries September''25'!V25-'Entries September''25'!V24) -> 243 | G25: =(D25+E25)-F25 -> 180 | H25: =IF('Entries September''25'!Q25-'Entries September''25'!Q24<1,0,'Entries September''25'!Q25-'Entries September''25'!Q24) -> 210 | I25: =IF('Entries September''25'!AG25-'Entries September''25'!AG24<1,0,'Entries September''25'!AG25-'Entries September''25'!AG24) -> 0 | J25: =IF('Entries September''25'!S25-'Entries September''25'!S24<1,"0",'Entries September''25'!S25-'Entries September''25'!S24) -> 168 | K25: =IF('Entries September''25'!R25-'Entries September''25'!R24<1,"0",'Entries September''25'!R25-'Entries September''25'!R24) -> 0 | L25: =IF('Entries September''25'!T25-'Entries September''25'!T24<1,"0",'Entries September''25'!T25-'Entries September''25'!T24) -> 0 | M25: =IF('Entries September''25'!U25-'Entries September''25'!U24<1,"0",'Entries September''25'!U25-'Entries September''25'!U24) -> 9 | N25: =IF('Entries September''25'!X25-'Entries September''25'!X24<1,"0",'Entries September''25'!X25-'Entries September''25'!X24) -> 39 | O25: =IF('Entries September''25'!Y25-'Entries September''25'!Y24<1,"0",'Entries September''25'!Y25-'Entries September''25'!Y24) -> 89 | P25: =IF('Entries September''25'!AC25-'Entries September''25'!AC24<1,"0",'Entries September''25'!AC25-'Entries September''25'!AC24) -> 24 | Q25: =IF('Entries September''25'!Z25-'Entries September''25'!Z24<1,"0",'Entries September''25'!Z25-'Entries September''25'!Z24) -> 15 | R25: =IF(('Entries September''25'!AA25-'Entries September''25'!AA24)+('Entries September''25'!AB25-'Entries September''25'!AB24)<1,"0",('Entries September''25'!AA25-'Entries September''25'!AA24)+('Entries September''25'!AB25-'Entries September''25'!AB24)) -> 0 | S25: =(R25+G25)*10 -> 1800 | T25: =O25+N25+M25+L25 -> 137 | U25: =IF('Entries September''25'!AC25-'Entries September''25'!AC24<1,"0",'Entries September''25'!AC25-'Entries September''25'!AC24) -> 24 | V25: =IF('Entries September''25'!AD25-'Entries September''25'!AD24<1,"0",'Entries September''25'!AD25-'Entries September''25'!AD24) -> 0 | W25: =IF('Entries September''25'!AE25-'Entries September''25'!AE24<1,"0",'Entries September''25'!AE25-'Entries September''25'!AE24) -> 0 | X25: =IF('Entries September''25'!AI25-'Entries September''25'!AI24<1,"0",'Entries September''25'!AI25-'Entries September''25'!AI24) -> 0 | Y25: =IF('Entries September''25'!AH25-'Entries September''25'!AH24<1,"0",'Entries September''25'!AH25-'Entries September''25'!AH24) -> 0 | Z25: =C25+D25+E25 -> 423 | AA25: 524.37 | AB25: =IF(AA25=0,"0",(Z25*10/AA25)) -> 8.066823
B26: 20 | C26: =IF('Entries September''25'!W26-'Entries September''25'!W25<1,"0",'Entries September''25'!W26-'Entries September''25'!W25) -> 0 | D26: =IF('Entries September''25'!O26-'Entries September''25'!O25<1,"0",'Entries September''25'!O26-'Entries September''25'!O25) -> 0 | E26: =IF('Entries September''25'!P26-'Entries September''25'!P25<1,"0",'Entries September''25'!P26-'Entries September''25'!P25) -> 0 | F26: =IF('Entries September''25'!V26-'Entries September''25'!V25<1,"0",'Entries September''25'!V26-'Entries September''25'!V25) -> 0 | G26: =(D26+E26)-F26 -> 0 | H26: =IF('Entries September''25'!Q26-'Entries September''25'!Q25<1,0,'Entries September''25'!Q26-'Entries September''25'!Q25) -> 37 | I26: =IF('Entries September''25'!AG26-'Entries September''25'!AG25<1,0,'Entries September''25'!AG26-'Entries September''25'!AG25) -> 0 | J26: =IF('Entries September''25'!S26-'Entries September''25'!S25<1,"0",'Entries September''25'!S26-'Entries September''25'!S25) -> 0 | K26: =IF('Entries September''25'!R26-'Entries September''25'!R25<1,"0",'Entries September''25'!R26-'Entries September''25'!R25) -> 0 | L26: =IF('Entries September''25'!T26-'Entries September''25'!T25<1,"0",'Entries September''25'!T26-'Entries September''25'!T25) -> 0 | M26: =IF('Entries September''25'!U26-'Entries September''25'!U25<1,"0",'Entries September''25'!U26-'Entries September''25'!U25) -> 2 | N26: =IF('Entries September''25'!X26-'Entries September''25'!X25<1,"0",'Entries September''25'!X26-'Entries September''25'!X25) -> 0 | O26: =IF('Entries September''25'!Y26-'Entries September''25'!Y25<1,"0",'Entries September''25'!Y26-'Entries September''25'!Y25) -> 6 | P26: =IF('Entries September''25'!AC26-'Entries September''25'!AC25<1,"0",'Entries September''25'!AC26-'Entries September''25'!AC25) -> 0 | Q26: =IF('Entries September''25'!Z26-'Entries September''25'!Z25<1,"0",'Entries September''25'!Z26-'Entries September''25'!Z25) -> 3 | R26: =IF(('Entries September''25'!AA26-'Entries September''25'!AA25)+('Entries September''25'!AB26-'Entries September''25'!AB25)<1,"0",('Entries September''25'!AA26-'Entries September''25'!AA25)+('Entries September''25'!AB26-'Entries September''25'!AB25)) -> 0 | S26: =(R26+G26)*10 -> 0 | T26: =O26+N26+M26+L26 -> 8 | U26: =IF('Entries September''25'!AC26-'Entries September''25'!AC25<1,"0",'Entries September''25'!AC26-'Entries September''25'!AC25) -> 0 | V26: =IF('Entries September''25'!AD26-'Entries September''25'!AD25<1,"0",'Entries September''25'!AD26-'Entries September''25'!AD25) -> 0 | W26: =IF('Entries September''25'!AE26-'Entries September''25'!AE25<1,"0",'Entries September''25'!AE26-'Entries September''25'!AE25) -> 0 | X26: =IF('Entries September''25'!AI26-'Entries September''25'!AI25<1,"0",'Entries September''25'!AI26-'Entries September''25'!AI25) -> 0 | Y26: =IF('Entries September''25'!AH26-'Entries September''25'!AH25<1,"0",'Entries September''25'!AH26-'Entries September''25'!AH25) -> 0 | Z26: =C26+D26+E26 -> 0 | AA26: 0 | AB26: =IF(AA26=0,"0",(Z26*10/AA26)) -> 0
B27: 21 | C27: =IF('Entries September''25'!W27-'Entries September''25'!W26<1,"0",'Entries September''25'!W27-'Entries September''25'!W26) -> 0 | D27: =IF('Entries September''25'!O27-'Entries September''25'!O26<1,"0",'Entries September''25'!O27-'Entries September''25'!O26) -> 74 | E27: =IF('Entries September''25'!P27-'Entries September''25'!P26<1,"0",'Entries September''25'!P27-'Entries September''25'!P26) -> 45 | F27: =IF('Entries September''25'!V27-'Entries September''25'!V26<1,"0",'Entries September''25'!V27-'Entries September''25'!V26) -> 52 | G27: =(D27+E27)-F27 -> 67 | H27: =IF('Entries September''25'!Q27-'Entries September''25'!Q26<1,0,'Entries September''25'!Q27-'Entries September''25'!Q26) -> 23 | I27: =IF('Entries September''25'!AG27-'Entries September''25'!AG26<1,0,'Entries September''25'!AG27-'Entries September''25'!AG26) -> 0 | J27: =IF('Entries September''25'!S27-'Entries September''25'!S26<1,"0",'Entries September''25'!S27-'Entries September''25'!S26) -> 1 | K27: =IF('Entries September''25'!R27-'Entries September''25'!R26<1,"0",'Entries September''25'!R27-'Entries September''25'!R26) -> 0 | L27: =IF('Entries September''25'!T27-'Entries September''25'!T26<1,"0",'Entries September''25'!T27-'Entries September''25'!T26) -> 0 | M27: =IF('Entries September''25'!U27-'Entries September''25'!U26<1,"0",'Entries September''25'!U27-'Entries September''25'!U26) -> 1 | N27: =IF('Entries September''25'!X27-'Entries September''25'!X26<1,"0",'Entries September''25'!X27-'Entries September''25'!X26) -> 0 | O27: =IF('Entries September''25'!Y27-'Entries September''25'!Y26<1,"0",'Entries September''25'!Y27-'Entries September''25'!Y26) -> 25 | P27: =IF('Entries September''25'!AC27-'Entries September''25'!AC26<1,"0",'Entries September''25'!AC27-'Entries September''25'!AC26) -> 14 | Q27: =IF('Entries September''25'!Z27-'Entries September''25'!Z26<1,"0",'Entries September''25'!Z27-'Entries September''25'!Z26) -> 7 | R27: =IF(('Entries September''25'!AA27-'Entries September''25'!AA26)+('Entries September''25'!AB27-'Entries September''25'!AB26)<1,"0",('Entries September''25'!AA27-'Entries September''25'!AA26)+('Entries September''25'!AB27-'Entries September''25'!AB26)) -> 0 | S27: =(R27+G27)*10 -> 670 | T27: =O27+N27+M27+L27 -> 26 | U27: =IF('Entries September''25'!AC27-'Entries September''25'!AC26<1,"0",'Entries September''25'!AC27-'Entries September''25'!AC26) -> 14 | V27: =IF('Entries September''25'!AD27-'Entries September''25'!AD26<1,"0",'Entries September''25'!AD27-'Entries September''25'!AD26) -> 0 | W27: =IF('Entries September''25'!AE27-'Entries September''25'!AE26<1,"0",'Entries September''25'!AE27-'Entries September''25'!AE26) -> 0 | X27: =IF('Entries September''25'!AI27-'Entries September''25'!AI26<1,"0",'Entries September''25'!AI27-'Entries September''25'!AI26) -> 0 | Y27: =IF('Entries September''25'!AH27-'Entries September''25'!AH26<1,"0",'Entries September''25'!AH27-'Entries September''25'!AH26) -> 0 | Z27: =C27+D27+E27 -> 119 | AA27: 0 | AB27: =IF(AA27=0,"0",(Z27*10/AA27)) -> 0
B28: 22 | C28: =IF('Entries September''25'!W28-'Entries September''25'!W27<1,"0",'Entries September''25'!W28-'Entries September''25'!W27) -> 0 | D28: =IF('Entries September''25'!O28-'Entries September''25'!O27<1,"0",'Entries September''25'!O28-'Entries September''25'!O27) -> 199 | E28: =IF('Entries September''25'!P28-'Entries September''25'!P27<1,"0",'Entries September''25'!P28-'Entries September''25'!P27) -> 136 | F28: =IF('Entries September''25'!V28-'Entries September''25'!V27<1,"0",'Entries September''25'!V28-'Entries September''25'!V27) -> 142 | G28: =(D28+E28)-F28 -> 193 | H28: =IF('Entries September''25'!Q28-'Entries September''25'!Q27<1,0,'Entries September''25'!Q28-'Entries September''25'!Q27) -> 267 | I28: =IF('Entries September''25'!AG28-'Entries September''25'!AG27<1,0,'Entries September''25'!AG28-'Entries September''25'!AG27) -> 0 | J28: =IF('Entries September''25'!S28-'Entries September''25'!S27<1,"0",'Entries September''25'!S28-'Entries September''25'!S27) -> 131 | K28: =IF('Entries September''25'!R28-'Entries September''25'!R27<1,"0",'Entries September''25'!R28-'Entries September''25'!R27) -> 0 | L28: =IF('Entries September''25'!T28-'Entries September''25'!T27<1,"0",'Entries September''25'!T28-'Entries September''25'!T27) -> 0 | M28: =IF('Entries September''25'!U28-'Entries September''25'!U27<1,"0",'Entries September''25'!U28-'Entries September''25'!U27) -> 10 | N28: =IF('Entries September''25'!X28-'Entries September''25'!X27<1,"0",'Entries September''25'!X28-'Entries September''25'!X27) -> 42 | O28: =IF('Entries September''25'!Y28-'Entries September''25'!Y27<1,"0",'Entries September''25'!Y28-'Entries September''25'!Y27) -> 87 | P28: =IF('Entries September''25'!AC28-'Entries September''25'!AC27<1,"0",'Entries September''25'!AC28-'Entries September''25'!AC27) -> 0 | Q28: =IF('Entries September''25'!Z28-'Entries September''25'!Z27<1,"0",'Entries September''25'!Z28-'Entries September''25'!Z27) -> 17 | R28: =IF(('Entries September''25'!AA28-'Entries September''25'!AA27)+('Entries September''25'!AB28-'Entries September''25'!AB27)<1,"0",('Entries September''25'!AA28-'Entries September''25'!AA27)+('Entries September''25'!AB28-'Entries September''25'!AB27)) -> 0 | S28: =(R28+G28)*10 -> 1930 | T28: =O28+N28+M28+L28 -> 139 | U28: =IF('Entries September''25'!AC28-'Entries September''25'!AC27<1,"0",'Entries September''25'!AC28-'Entries September''25'!AC27) -> 0 | V28: =IF('Entries September''25'!AD28-'Entries September''25'!AD27<1,"0",'Entries September''25'!AD28-'Entries September''25'!AD27) -> 0 | W28: =IF('Entries September''25'!AE28-'Entries September''25'!AE27<1,"0",'Entries September''25'!AE28-'Entries September''25'!AE27) -> 0 | X28: =IF('Entries September''25'!AI28-'Entries September''25'!AI27<1,"0",'Entries September''25'!AI28-'Entries September''25'!AI27) -> 0 | Y28: =IF('Entries September''25'!AH28-'Entries September''25'!AH27<1,"0",'Entries September''25'!AH28-'Entries September''25'!AH27) -> 0 | Z28: =C28+D28+E28 -> 335 | AA28: 349.47 | AB28: =IF(AA28=0,"0",(Z28*10/AA28)) -> 9.5859444
B29: 23 | C29: =IF('Entries September''25'!W29-'Entries September''25'!W28<1,"0",'Entries September''25'!W29-'Entries September''25'!W28) -> 0 | D29: =IF('Entries September''25'!O29-'Entries September''25'!O28<1,"0",'Entries September''25'!O29-'Entries September''25'!O28) -> 396 | E29: =IF('Entries September''25'!P29-'Entries September''25'!P28<1,"0",'Entries September''25'!P29-'Entries September''25'!P28) -> 57 | F29: =IF('Entries September''25'!V29-'Entries September''25'!V28<1,"0",'Entries September''25'!V29-'Entries September''25'!V28) -> 59 | G29: =(D29+E29)-F29 -> 394 | H29: =IF('Entries September''25'!Q29-'Entries September''25'!Q28<1,0,'Entries September''25'!Q29-'Entries September''25'!Q28) -> 259 | I29: =IF('Entries September''25'!AG29-'Entries September''25'!AG28<1,0,'Entries September''25'!AG29-'Entries September''25'!AG28) -> 0 | J29: =IF('Entries September''25'!S29-'Entries September''25'!S28<1,"0",'Entries September''25'!S29-'Entries September''25'!S28) -> 192 | K29: =IF('Entries September''25'!R29-'Entries September''25'!R28<1,"0",'Entries September''25'!R29-'Entries September''25'!R28) -> 0 | L29: =IF('Entries September''25'!T29-'Entries September''25'!T28<1,"0",'Entries September''25'!T29-'Entries September''25'!T28) -> 0 | M29: =IF('Entries September''25'!U29-'Entries September''25'!U28<1,"0",'Entries September''25'!U29-'Entries September''25'!U28) -> 11 | N29: =IF('Entries September''25'!X29-'Entries September''25'!X28<1,"0",'Entries September''25'!X29-'Entries September''25'!X28) -> 65 | O29: =IF('Entries September''25'!Y29-'Entries September''25'!Y28<1,"0",'Entries September''25'!Y29-'Entries September''25'!Y28) -> 95 | P29: =IF('Entries September''25'!AC29-'Entries September''25'!AC28<1,"0",'Entries September''25'!AC29-'Entries September''25'!AC28) -> 48 | Q29: =IF('Entries September''25'!Z29-'Entries September''25'!Z28<1,"0",'Entries September''25'!Z29-'Entries September''25'!Z28) -> 13 | R29: =IF(('Entries September''25'!AA29-'Entries September''25'!AA28)+('Entries September''25'!AB29-'Entries September''25'!AB28)<1,"0",('Entries September''25'!AA29-'Entries September''25'!AA28)+('Entries September''25'!AB29-'Entries September''25'!AB28)) -> 0 | S29: =(R29+G29)*10 -> 3940 | T29: =O29+N29+M29+L29 -> 171 | U29: =IF('Entries September''25'!AC29-'Entries September''25'!AC28<1,"0",'Entries September''25'!AC29-'Entries September''25'!AC28) -> 48 | V29: =IF('Entries September''25'!AD29-'Entries September''25'!AD28<1,"0",'Entries September''25'!AD29-'Entries September''25'!AD28) -> 0 | W29: =IF('Entries September''25'!AE29-'Entries September''25'!AE28<1,"0",'Entries September''25'!AE29-'Entries September''25'!AE28) -> 0 | X29: =IF('Entries September''25'!AI29-'Entries September''25'!AI28<1,"0",'Entries September''25'!AI29-'Entries September''25'!AI28) -> 0 | Y29: =IF('Entries September''25'!AH29-'Entries September''25'!AH28<1,"0",'Entries September''25'!AH29-'Entries September''25'!AH28) -> 0 | Z29: =C29+D29+E29 -> 453 | AA29: 484.242 | AB29: =IF(AA29=0,"0",(Z29*10/AA29)) -> 9.3548267
B30: 24 | C30: =IF('Entries September''25'!W30-'Entries September''25'!W29<1,"0",'Entries September''25'!W30-'Entries September''25'!W29) -> 0 | D30: =IF('Entries September''25'!O30-'Entries September''25'!O29<1,"0",'Entries September''25'!O30-'Entries September''25'!O29) -> 102 | E30: =IF('Entries September''25'!P30-'Entries September''25'!P29<1,"0",'Entries September''25'!P30-'Entries September''25'!P29) -> 121 | F30: =IF('Entries September''25'!V30-'Entries September''25'!V29<1,"0",'Entries September''25'!V30-'Entries September''25'!V29) -> 130 | G30: =(D30+E30)-F30 -> 93 | H30: =IF('Entries September''25'!Q30-'Entries September''25'!Q29<1,0,'Entries September''25'!Q30-'Entries September''25'!Q29) -> 102 | I30: =IF('Entries September''25'!AG30-'Entries September''25'!AG29<1,0,'Entries September''25'!AG30-'Entries September''25'!AG29) -> 0 | J30: =IF('Entries September''25'!S30-'Entries September''25'!S29<1,"0",'Entries September''25'!S30-'Entries September''25'!S29) -> 163 | K30: =IF('Entries September''25'!R30-'Entries September''25'!R29<1,"0",'Entries September''25'!R30-'Entries September''25'!R29) -> 0 | L30: =IF('Entries September''25'!T30-'Entries September''25'!T29<1,"0",'Entries September''25'!T30-'Entries September''25'!T29) -> 0 | M30: =IF('Entries September''25'!U30-'Entries September''25'!U29<1,"0",'Entries September''25'!U30-'Entries September''25'!U29) -> 0 | N30: =IF('Entries September''25'!X30-'Entries September''25'!X29<1,"0",'Entries September''25'!X30-'Entries September''25'!X29) -> 57 | O30: =IF('Entries September''25'!Y30-'Entries September''25'!Y29<1,"0",'Entries September''25'!Y30-'Entries September''25'!Y29) -> 1 | P30: =IF('Entries September''25'!AC30-'Entries September''25'!AC29<1,"0",'Entries September''25'!AC30-'Entries September''25'!AC29) -> 2 | Q30: =IF('Entries September''25'!Z30-'Entries September''25'!Z29<1,"0",'Entries September''25'!Z30-'Entries September''25'!Z29) -> 5 | R30: =IF(('Entries September''25'!AA30-'Entries September''25'!AA29)+('Entries September''25'!AB30-'Entries September''25'!AB29)<1,"0",('Entries September''25'!AA30-'Entries September''25'!AA29)+('Entries September''25'!AB30-'Entries September''25'!AB29)) -> 0 | S30: =(R30+G30)*10 -> 930 | T30: =O30+N30+M30+L30 -> 58 | U30: =IF('Entries September''25'!AC30-'Entries September''25'!AC29<1,"0",'Entries September''25'!AC30-'Entries September''25'!AC29) -> 2 | V30: =IF('Entries September''25'!AD30-'Entries September''25'!AD29<1,"0",'Entries September''25'!AD30-'Entries September''25'!AD29) -> 0 | W30: =IF('Entries September''25'!AE30-'Entries September''25'!AE29<1,"0",'Entries September''25'!AE30-'Entries September''25'!AE29) -> 0 | X30: =IF('Entries September''25'!AI30-'Entries September''25'!AI29<1,"0",'Entries September''25'!AI30-'Entries September''25'!AI29) -> 0 | Y30: =IF('Entries September''25'!AH30-'Entries September''25'!AH29<1,"0",'Entries September''25'!AH30-'Entries September''25'!AH29) -> 0 | Z30: =C30+D30+E30 -> 223 | AA30: 0 | AB30: =IF(AA30=0,"0",(Z30*10/AA30)) -> 0
B31: 25 | C31: =IF('Entries September''25'!W31-'Entries September''25'!W30<1,"0",'Entries September''25'!W31-'Entries September''25'!W30) -> 0 | D31: =IF('Entries September''25'!O31-'Entries September''25'!O30<1,"0",'Entries September''25'!O31-'Entries September''25'!O30) -> 251 | E31: =IF('Entries September''25'!P31-'Entries September''25'!P30<1,"0",'Entries September''25'!P31-'Entries September''25'!P30) -> 129 | F31: =IF('Entries September''25'!V31-'Entries September''25'!V30<1,"0",'Entries September''25'!V31-'Entries September''25'!V30) -> 132 | G31: =(D31+E31)-F31 -> 248 | H31: =IF('Entries September''25'!Q31-'Entries September''25'!Q30<1,0,'Entries September''25'!Q31-'Entries September''25'!Q30) -> 196 | I31: =IF('Entries September''25'!AG31-'Entries September''25'!AG30<1,0,'Entries September''25'!AG31-'Entries September''25'!AG30) -> 0 | J31: =IF('Entries September''25'!S31-'Entries September''25'!S30<1,"0",'Entries September''25'!S31-'Entries September''25'!S30) -> 179 | K31: =IF('Entries September''25'!R31-'Entries September''25'!R30<1,"0",'Entries September''25'!R31-'Entries September''25'!R30) -> 0 | L31: =IF('Entries September''25'!T31-'Entries September''25'!T30<1,"0",'Entries September''25'!T31-'Entries September''25'!T30) -> 0 | M31: =IF('Entries September''25'!U31-'Entries September''25'!U30<1,"0",'Entries September''25'!U31-'Entries September''25'!U30) -> 6 | N31: =IF('Entries September''25'!X31-'Entries September''25'!X30<1,"0",'Entries September''25'!X31-'Entries September''25'!X30) -> 45 | O31: =IF('Entries September''25'!Y31-'Entries September''25'!Y30<1,"0",'Entries September''25'!Y31-'Entries September''25'!Y30) -> 77 | P31: =IF('Entries September''25'!AC31-'Entries September''25'!AC30<1,"0",'Entries September''25'!AC31-'Entries September''25'!AC30) -> 18 | Q31: =IF('Entries September''25'!Z31-'Entries September''25'!Z30<1,"0",'Entries September''25'!Z31-'Entries September''25'!Z30) -> 13 | R31: =IF(('Entries September''25'!AA31-'Entries September''25'!AA30)+('Entries September''25'!AB31-'Entries September''25'!AB30)<1,"0",('Entries September''25'!AA31-'Entries September''25'!AA30)+('Entries September''25'!AB31-'Entries September''25'!AB30)) -> 0 | S31: =(R31+G31)*10 -> 2480 | T31: =O31+N31+M31+L31 -> 128 | U31: =IF('Entries September''25'!AC31-'Entries September''25'!AC30<1,"0",'Entries September''25'!AC31-'Entries September''25'!AC30) -> 18 | V31: =IF('Entries September''25'!AD31-'Entries September''25'!AD30<1,"0",'Entries September''25'!AD31-'Entries September''25'!AD30) -> 30 | W31: =IF('Entries September''25'!AE31-'Entries September''25'!AE30<1,"0",'Entries September''25'!AE31-'Entries September''25'!AE30) -> 0 | X31: =IF('Entries September''25'!AI31-'Entries September''25'!AI30<1,"0",'Entries September''25'!AI31-'Entries September''25'!AI30) -> 0 | Y31: =IF('Entries September''25'!AH31-'Entries September''25'!AH30<1,"0",'Entries September''25'!AH31-'Entries September''25'!AH30) -> 0 | Z31: =C31+D31+E31 -> 380 | AA31: 282.942 | AB31: =IF(AA31=0,"0",(Z31*10/AA31)) -> 13.430314
B32: 26 | C32: =IF('Entries September''25'!W32-'Entries September''25'!W31<1,"0",'Entries September''25'!W32-'Entries September''25'!W31) -> 0 | D32: =IF('Entries September''25'!O32-'Entries September''25'!O31<1,"0",'Entries September''25'!O32-'Entries September''25'!O31) -> 141 | E32: =IF('Entries September''25'!P32-'Entries September''25'!P31<1,"0",'Entries September''25'!P32-'Entries September''25'!P31) -> 183 | F32: =IF('Entries September''25'!V32-'Entries September''25'!V31<1,"0",'Entries September''25'!V32-'Entries September''25'!V31) -> 193 | G32: =(D32+E32)-F32 -> 131 | H32: =IF('Entries September''25'!Q32-'Entries September''25'!Q31<1,0,'Entries September''25'!Q32-'Entries September''25'!Q31) -> 240 | I32: =IF('Entries September''25'!AG32-'Entries September''25'!AG31<1,0,'Entries September''25'!AG32-'Entries September''25'!AG31) -> 0 | J32: =IF('Entries September''25'!S32-'Entries September''25'!S31<1,"0",'Entries September''25'!S32-'Entries September''25'!S31) -> 113 | K32: =IF('Entries September''25'!R32-'Entries September''25'!R31<1,"0",'Entries September''25'!R32-'Entries September''25'!R31) -> 0 | L32: =IF('Entries September''25'!T32-'Entries September''25'!T31<1,"0",'Entries September''25'!T32-'Entries September''25'!T31) -> 0 | M32: =IF('Entries September''25'!U32-'Entries September''25'!U31<1,"0",'Entries September''25'!U32-'Entries September''25'!U31) -> 6 | N32: =IF('Entries September''25'!X32-'Entries September''25'!X31<1,"0",'Entries September''25'!X32-'Entries September''25'!X31) -> 51 | O32: =IF('Entries September''25'!Y32-'Entries September''25'!Y31<1,"0",'Entries September''25'!Y32-'Entries September''25'!Y31) -> 99 | P32: =IF('Entries September''25'!AC32-'Entries September''25'!AC31<1,"0",'Entries September''25'!AC32-'Entries September''25'!AC31) -> 26 | Q32: =IF('Entries September''25'!Z32-'Entries September''25'!Z31<1,"0",'Entries September''25'!Z32-'Entries September''25'!Z31) -> 15 | R32: =IF(('Entries September''25'!AA32-'Entries September''25'!AA31)+('Entries September''25'!AB32-'Entries September''25'!AB31)<1,"0",('Entries September''25'!AA32-'Entries September''25'!AA31)+('Entries September''25'!AB32-'Entries September''25'!AB31)) -> 0 | S32: =(R32+G32)*10 -> 1310 | T32: =O32+N32+M32+L32 -> 156 | U32: =IF('Entries September''25'!AC32-'Entries September''25'!AC31<1,"0",'Entries September''25'!AC32-'Entries September''25'!AC31) -> 26 | V32: =IF('Entries September''25'!AD32-'Entries September''25'!AD31<1,"0",'Entries September''25'!AD32-'Entries September''25'!AD31) -> 69 | W32: =IF('Entries September''25'!AE32-'Entries September''25'!AE31<1,"0",'Entries September''25'!AE32-'Entries September''25'!AE31) -> 0 | X32: =IF('Entries September''25'!AI32-'Entries September''25'!AI31<1,"0",'Entries September''25'!AI32-'Entries September''25'!AI31) -> 0 | Y32: =IF('Entries September''25'!AH32-'Entries September''25'!AH31<1,"0",'Entries September''25'!AH32-'Entries September''25'!AH31) -> 0 | Z32: =C32+D32+E32 -> 324 | AA32: 523.248 | AB32: =IF(AA32=0,"0",(Z32*10/AA32)) -> 6.1920925
B33: 27 | C33: =IF('Entries September''25'!W33-'Entries September''25'!W32<1,"0",'Entries September''25'!W33-'Entries September''25'!W32) -> 0 | D33: =IF('Entries September''25'!O33-'Entries September''25'!O32<1,"0",'Entries September''25'!O33-'Entries September''25'!O32) -> 0 | E33: =IF('Entries September''25'!P33-'Entries September''25'!P32<1,"0",'Entries September''25'!P33-'Entries September''25'!P32) -> 147 | F33: =IF('Entries September''25'!V33-'Entries September''25'!V32<1,"0",'Entries September''25'!V33-'Entries September''25'!V32) -> 154 | G33: =(D33+E33)-F33 -> -7 | H33: =IF('Entries September''25'!Q33-'Entries September''25'!Q32<1,0,'Entries September''25'!Q33-'Entries September''25'!Q32) -> 68 | I33: =IF('Entries September''25'!AG33-'Entries September''25'!AG32<1,0,'Entries September''25'!AG33-'Entries September''25'!AG32) -> 0 | J33: =IF('Entries September''25'!S33-'Entries September''25'!S32<1,"0",'Entries September''25'!S33-'Entries September''25'!S32) -> 35 | K33: =IF('Entries September''25'!R33-'Entries September''25'!R32<1,"0",'Entries September''25'!R33-'Entries September''25'!R32) -> 0 | L33: =IF('Entries September''25'!T33-'Entries September''25'!T32<1,"0",'Entries September''25'!T33-'Entries September''25'!T32) -> 0 | M33: =IF('Entries September''25'!U33-'Entries September''25'!U32<1,"0",'Entries September''25'!U33-'Entries September''25'!U32) -> 5 | N33: =IF('Entries September''25'!X33-'Entries September''25'!X32<1,"0",'Entries September''25'!X33-'Entries September''25'!X32) -> 0 | O33: =IF('Entries September''25'!Y33-'Entries September''25'!Y32<1,"0",'Entries September''25'!Y33-'Entries September''25'!Y32) -> 30 | P33: =IF('Entries September''25'!AC33-'Entries September''25'!AC32<1,"0",'Entries September''25'!AC33-'Entries September''25'!AC32) -> 1 | Q33: =IF('Entries September''25'!Z33-'Entries September''25'!Z32<1,"0",'Entries September''25'!Z33-'Entries September''25'!Z32) -> 1 | R33: =IF(('Entries September''25'!AA33-'Entries September''25'!AA32)+('Entries September''25'!AB33-'Entries September''25'!AB32)<1,"0",('Entries September''25'!AA33-'Entries September''25'!AA32)+('Entries September''25'!AB33-'Entries September''25'!AB32)) -> 0 | S33: =(R33+G33)*10 -> -70 | T33: =O33+N33+M33+L33 -> 35 | U33: =IF('Entries September''25'!AC33-'Entries September''25'!AC32<1,"0",'Entries September''25'!AC33-'Entries September''25'!AC32) -> 1 | V33: =IF('Entries September''25'!AD33-'Entries September''25'!AD32<1,"0",'Entries September''25'!AD33-'Entries September''25'!AD32) -> 0 | W33: =IF('Entries September''25'!AE33-'Entries September''25'!AE32<1,"0",'Entries September''25'!AE33-'Entries September''25'!AE32) -> 0 | X33: =IF('Entries September''25'!AI33-'Entries September''25'!AI32<1,"0",'Entries September''25'!AI33-'Entries September''25'!AI32) -> 0 | Y33: =IF('Entries September''25'!AH33-'Entries September''25'!AH32<1,"0",'Entries September''25'!AH33-'Entries September''25'!AH32) -> 0 | Z33: =C33+D33+E33 -> 147 | AA33: 0 | AB33: =IF(AA33=0,"0",(Z33*10/AA33)) -> 0
B34: 28 | C34: =IF('Entries September''25'!W34-'Entries September''25'!W33<1,"0",'Entries September''25'!W34-'Entries September''25'!W33) -> 0 | D34: =IF('Entries September''25'!O34-'Entries September''25'!O33<1,"0",'Entries September''25'!O34-'Entries September''25'!O33) -> 0 | E34: =IF('Entries September''25'!P34-'Entries September''25'!P33<1,"0",'Entries September''25'!P34-'Entries September''25'!P33) -> 0 | F34: =IF('Entries September''25'!V34-'Entries September''25'!V33<1,"0",'Entries September''25'!V34-'Entries September''25'!V33) -> 0 | G34: =(D34+E34)-F34 -> 0 | H34: =IF('Entries September''25'!Q34-'Entries September''25'!Q33<1,0,'Entries September''25'!Q34-'Entries September''25'!Q33) -> 19 | I34: =IF('Entries September''25'!AG34-'Entries September''25'!AG33<1,0,'Entries September''25'!AG34-'Entries September''25'!AG33) -> 0 | J34: =IF('Entries September''25'!S34-'Entries September''25'!S33<1,"0",'Entries September''25'!S34-'Entries September''25'!S33) -> 1 | K34: =IF('Entries September''25'!R34-'Entries September''25'!R33<1,"0",'Entries September''25'!R34-'Entries September''25'!R33) -> 0 | L34: =IF('Entries September''25'!T34-'Entries September''25'!T33<1,"0",'Entries September''25'!T34-'Entries September''25'!T33) -> 0 | M34: =IF('Entries September''25'!U34-'Entries September''25'!U33<1,"0",'Entries September''25'!U34-'Entries September''25'!U33) -> 0 | N34: =IF('Entries September''25'!X34-'Entries September''25'!X33<1,"0",'Entries September''25'!X34-'Entries September''25'!X33) -> 0 | O34: =IF('Entries September''25'!Y34-'Entries September''25'!Y33<1,"0",'Entries September''25'!Y34-'Entries September''25'!Y33) -> 1 | P34: =IF('Entries September''25'!AC34-'Entries September''25'!AC33<1,"0",'Entries September''25'!AC34-'Entries September''25'!AC33) -> 0 | Q34: =IF('Entries September''25'!Z34-'Entries September''25'!Z33<1,"0",'Entries September''25'!Z34-'Entries September''25'!Z33) -> 2 | R34: =IF(('Entries September''25'!AA34-'Entries September''25'!AA33)+('Entries September''25'!AB34-'Entries September''25'!AB33)<1,"0",('Entries September''25'!AA34-'Entries September''25'!AA33)+('Entries September''25'!AB34-'Entries September''25'!AB33)) -> 0 | S34: =(R34+G34)*10 -> 0 | T34: =O34+N34+M34+L34 -> 1 | U34: =IF('Entries September''25'!AC34-'Entries September''25'!AC33<1,"0",'Entries September''25'!AC34-'Entries September''25'!AC33) -> 0 | V34: =IF('Entries September''25'!AD34-'Entries September''25'!AD33<1,"0",'Entries September''25'!AD34-'Entries September''25'!AD33) -> 0 | W34: =IF('Entries September''25'!AE34-'Entries September''25'!AE33<1,"0",'Entries September''25'!AE34-'Entries September''25'!AE33) -> 0 | X34: =IF('Entries September''25'!AI34-'Entries September''25'!AI33<1,"0",'Entries September''25'!AI34-'Entries September''25'!AI33) -> 0 | Y34: =IF('Entries September''25'!AH34-'Entries September''25'!AH33<1,"0",'Entries September''25'!AH34-'Entries September''25'!AH33) -> 0 | Z34: =C34+D34+E34 -> 0 | AA34: 0 | AB34: =IF(AA34=0,"0",(Z34*10/AA34)) -> 0
B35: 29 | C35: =IF('Entries September''25'!W35-'Entries September''25'!W34<1,"0",'Entries September''25'!W35-'Entries September''25'!W34) -> 0 | D35: =IF('Entries September''25'!O35-'Entries September''25'!O34<1,"0",'Entries September''25'!O35-'Entries September''25'!O34) -> 295 | E35: =IF('Entries September''25'!P35-'Entries September''25'!P34<1,"0",'Entries September''25'!P35-'Entries September''25'!P34) -> 61 | F35: =IF('Entries September''25'!V35-'Entries September''25'!V34<1,"0",'Entries September''25'!V35-'Entries September''25'!V34) -> 65 | G35: =(D35+E35)-F35 -> 291 | H35: =IF('Entries September''25'!Q35-'Entries September''25'!Q34<1,0,'Entries September''25'!Q35-'Entries September''25'!Q34) -> 200 | I35: =IF('Entries September''25'!AG35-'Entries September''25'!AG34<1,0,'Entries September''25'!AG35-'Entries September''25'!AG34) -> 0 | J35: =IF('Entries September''25'!S35-'Entries September''25'!S34<1,"0",'Entries September''25'!S35-'Entries September''25'!S34) -> 43 | K35: =IF('Entries September''25'!R35-'Entries September''25'!R34<1,"0",'Entries September''25'!R35-'Entries September''25'!R34) -> 0 | L35: =IF('Entries September''25'!T35-'Entries September''25'!T34<1,"0",'Entries September''25'!T35-'Entries September''25'!T34) -> 0 | M35: =IF('Entries September''25'!U35-'Entries September''25'!U34<1,"0",'Entries September''25'!U35-'Entries September''25'!U34) -> 24 | N35: =IF('Entries September''25'!X35-'Entries September''25'!X34<1,"0",'Entries September''25'!X35-'Entries September''25'!X34) -> 48 | O35: =IF('Entries September''25'!Y35-'Entries September''25'!Y34<1,"0",'Entries September''25'!Y35-'Entries September''25'!Y34) -> 70 | P35: =IF('Entries September''25'!AC35-'Entries September''25'!AC34<1,"0",'Entries September''25'!AC35-'Entries September''25'!AC34) -> 21 | Q35: =IF('Entries September''25'!Z35-'Entries September''25'!Z34<1,"0",'Entries September''25'!Z35-'Entries September''25'!Z34) -> 15 | R35: =IF(('Entries September''25'!AA35-'Entries September''25'!AA34)+('Entries September''25'!AB35-'Entries September''25'!AB34)<1,"0",('Entries September''25'!AA35-'Entries September''25'!AA34)+('Entries September''25'!AB35-'Entries September''25'!AB34)) -> 0 | S35: =(R35+G35)*10 -> 2910 | T35: =O35+N35+M35+L35 -> 142 | U35: =IF('Entries September''25'!AC35-'Entries September''25'!AC34<1,"0",'Entries September''25'!AC35-'Entries September''25'!AC34) -> 21 | V35: =IF('Entries September''25'!AD35-'Entries September''25'!AD34<1,"0",'Entries September''25'!AD35-'Entries September''25'!AD34) -> 58 | W35: =IF('Entries September''25'!AE35-'Entries September''25'!AE34<1,"0",'Entries September''25'!AE35-'Entries September''25'!AE34) -> 0 | X35: =IF('Entries September''25'!AI35-'Entries September''25'!AI34<1,"0",'Entries September''25'!AI35-'Entries September''25'!AI34) -> 0 | Y35: =IF('Entries September''25'!AH35-'Entries September''25'!AH34<1,"0",'Entries September''25'!AH35-'Entries September''25'!AH34) -> 0 | Z35: =C35+D35+E35 -> 356 | AA35: 189.09 | AB35: =IF(AA35=0,"0",(Z35*10/AA35)) -> 18.827014
B36: 30 | C36: =IF('Entries September''25'!W36-'Entries September''25'!W35<1,"0",'Entries September''25'!W36-'Entries September''25'!W35) -> 0 | D36: =IF('Entries September''25'!O36-'Entries September''25'!O35<1,"0",'Entries September''25'!O36-'Entries September''25'!O35) -> 185 | E36: =IF('Entries September''25'!P36-'Entries September''25'!P35<1,"0",'Entries September''25'!P36-'Entries September''25'!P35) -> 184 | F36: =IF('Entries September''25'!V36-'Entries September''25'!V35<1,"0",'Entries September''25'!V36-'Entries September''25'!V35) -> 194 | G36: =(D36+E36)-F36 -> 175 | H36: =IF('Entries September''25'!Q36-'Entries September''25'!Q35<1,0,'Entries September''25'!Q36-'Entries September''25'!Q35) -> 200 | I36: =IF('Entries September''25'!AG36-'Entries September''25'!AG35<1,0,'Entries September''25'!AG36-'Entries September''25'!AG35) -> 0 | J36: =IF('Entries September''25'!S36-'Entries September''25'!S35<1,"0",'Entries September''25'!S36-'Entries September''25'!S35) -> 233 | K36: =IF('Entries September''25'!R36-'Entries September''25'!R35<1,"0",'Entries September''25'!R36-'Entries September''25'!R35) -> 0 | L36: =IF('Entries September''25'!T36-'Entries September''25'!T35<1,"0",'Entries September''25'!T36-'Entries September''25'!T35) -> 0 | M36: =IF('Entries September''25'!U36-'Entries September''25'!U35<1,"0",'Entries September''25'!U36-'Entries September''25'!U35) -> 7 | N36: =IF('Entries September''25'!X36-'Entries September''25'!X35<1,"0",'Entries September''25'!X36-'Entries September''25'!X35) -> 46 | O36: =IF('Entries September''25'!Y36-'Entries September''25'!Y35<1,"0",'Entries September''25'!Y36-'Entries September''25'!Y35) -> 72 | P36: =IF('Entries September''25'!AC36-'Entries September''25'!AC35<1,"0",'Entries September''25'!AC36-'Entries September''25'!AC35) -> 28 | Q36: =IF('Entries September''25'!Z36-'Entries September''25'!Z35<1,"0",'Entries September''25'!Z36-'Entries September''25'!Z35) -> 14 | R36: =IF(('Entries September''25'!AA36-'Entries September''25'!AA35)+('Entries September''25'!AB36-'Entries September''25'!AB35)<1,"0",('Entries September''25'!AA36-'Entries September''25'!AA35)+('Entries September''25'!AB36-'Entries September''25'!AB35)) -> 0 | S36: =(R36+G36)*10 -> 1750 | T36: =O36+N36+M36+L36 -> 125 | U36: =IF('Entries September''25'!AC36-'Entries September''25'!AC35<1,"0",'Entries September''25'!AC36-'Entries September''25'!AC35) -> 28 | V36: =IF('Entries September''25'!AD36-'Entries September''25'!AD35<1,"0",'Entries September''25'!AD36-'Entries September''25'!AD35) -> 0 | W36: =IF('Entries September''25'!AE36-'Entries September''25'!AE35<1,"0",'Entries September''25'!AE36-'Entries September''25'!AE35) -> 0 | X36: =IF('Entries September''25'!AI36-'Entries September''25'!AI35<1,"0",'Entries September''25'!AI36-'Entries September''25'!AI35) -> 0 | Y36: =IF('Entries September''25'!AH36-'Entries September''25'!AH35<1,"0",'Entries September''25'!AH36-'Entries September''25'!AH35) -> 0 | Z36: =C36+D36+E36 -> 369 | AA36: 198.528 | AB36: =IF(AA36=0,"0",(Z36*10/AA36)) -> 18.586799
B37: 1 | C37: =IF('Entries September''25'!W37-'Entries September''25'!W36<1,"0",'Entries September''25'!W37-'Entries September''25'!W36) -> 0 | D37: =IF('Entries September''25'!O37-'Entries September''25'!O36<1,"0",'Entries September''25'!O37-'Entries September''25'!O36) -> 0 | E37: =IF('Entries September''25'!P37-'Entries September''25'!P36<1,"0",'Entries September''25'!P37-'Entries September''25'!P36) -> 0 | F37: =IF('Entries September''25'!V37-'Entries September''25'!V36<1,"0",'Entries September''25'!V37-'Entries September''25'!V36) -> 0 | G37: =(D37+E37)-F37 -> 0 | J37: =IF('Entries September''25'!S37-'Entries September''25'!S36<1,"0",'Entries September''25'!S37-'Entries September''25'!S36) -> 0 | K37: =IF('Entries September''25'!R37-'Entries September''25'!R36<1,"0",'Entries September''25'!R37-'Entries September''25'!R36) -> 0 | L37: =IF('Entries September''25'!T37-'Entries September''25'!T36<1,"0",'Entries September''25'!T37-'Entries September''25'!T36) -> 0 | M37: =IF('Entries September''25'!U37-'Entries September''25'!U36<1,"0",'Entries September''25'!U37-'Entries September''25'!U36) -> 0 | N37: =IF('Entries September''25'!X37-'Entries September''25'!X36<1,"0",'Entries September''25'!X37-'Entries September''25'!X36) -> 0 | O37: =IF('Entries September''25'!Y37-'Entries September''25'!Y36<1,"0",'Entries September''25'!Y37-'Entries September''25'!Y36) -> 0 | P37: =IF('Entries September''25'!AC37-'Entries September''25'!AC36<1,"0",'Entries September''25'!AC37-'Entries September''25'!AC36) -> 0 | Q37: =IF('Entries September''25'!Z37-'Entries September''25'!Z36<1,"0",'Entries September''25'!Z37-'Entries September''25'!Z36) -> 0 | R37: =IF(('Entries September''25'!AA37-'Entries September''25'!AA36)+('Entries September''25'!AB37-'Entries September''25'!AB36)<1,"0",('Entries September''25'!AA37-'Entries September''25'!AA36)+('Entries September''25'!AB37-'Entries September''25'!AB36)) -> 0 | S37: =(R37+G37)*10 -> 0 | U37: =IF('Entries September''25'!AC37-'Entries September''25'!AC36<1,"0",'Entries September''25'!AC37-'Entries September''25'!AC36) -> 0 | V37: =IF('Entries September''25'!AD37-'Entries September''25'!AD36<1,"0",'Entries September''25'!AD37-'Entries September''25'!AD36) -> 0 | W37: =IF('Entries September''25'!AE37-'Entries September''25'!AE36<1,"0",'Entries September''25'!AE37-'Entries September''25'!AE36) -> 0 | X37: =IF('Entries September''25'!AI37-'Entries September''25'!AI36<1,"0",'Entries September''25'!AI37-'Entries September''25'!AI36) -> 0 | Y37: =IF('Entries September''25'!AH37-'Entries September''25'!AH36<1,"0",'Entries September''25'!AH37-'Entries September''25'!AH36) -> 0 | Z37: =C37+D37+E37 -> 0 | AA37: 0
A38: MTD | B38: total | C38: =SUM(C7:C37) -> 0 | D38: =SUM(D7:D37) -> 4266 | E38: =SUM(E7:E37) -> 3947 | F38: =SUM(F7:F37) -> 4115 | G38: =SUM(G7:G37) -> 4098 | H38: =SUM(H7:H37) -> 4801 | J38: =SUM(J7:J37) -> 3526 | L38: =SUM(L7:L37) -> 0 | M38: =SUM(M7:M37) -> 214 | N38: =SUM(N7:N37) -> 1002 | O38: =SUM(O7:O37) -> 1739 | P38: =SUM(P7:P37) -> 465 | Q38: =SUM(Q7:Q37) -> 342 | R38: =SUM(R7:R34) -> 0 | S38: =SUM(S7:S37) -> 40980 | T38: =SUM(T7:T37) -> 2955 | U38: =SUM(U7:U37) -> 465 | V38: =SUM(V7:V37) -> 190 | Z38: =SUM(Z7:Z37) -> 8213 | AA38: =SUM(AA7:AA37) -> 7491.0012 | AB38: =IF(AA38=0,"0",(Z38*10/AA38)) -> 10.963821 | AC38: 10.2 | AD38: =AB38/AC38*100 -> 107.48845
B40: Gals. | D40: =D38*220 -> 938520
B41: NAWASA Cost/gal | D41: 0.01581
B43: Proxy NAWASA water Cost | D43: =+D41*D40 -> 14838.001
B44: Add basic charge | D44: 278.97
D45: =SUM(D43:D44) -> 15116.971
B47: Proxy sewage charge (2/3) | D47: =+D45*2/3 -> 10077.981
B49: Proxy MTD NAWASA cost | D49: =SUM(D47,D45) -> 25194.952

Sheet Elec.September'25
A1: DAILY ELECTRICITY CONSUMPTION FOR SEPTEMBER 2025
A4: DATE | B4: Grenlec | C4: In -house | D4: Total Cons. (KW-HR) | E4: Total Prod.(HL) | F4: KPI. Elect (KW-H/Hl)
B5: In-feed (Kwhr) | C5: Gen. (Kwhr)
A7: 1 | B7: ='Utility Analysis September''25 '!D10 -> 8479 | C7: ='Utility Analysis September''25 '!E10 -> 0 | D7: =B7+C7 -> 8479 | E7: ='PROD.FIG. '!H5 -> 390.852 | F7: =IF(E7=0,"0",(D7/E7)) -> 21.693633
A8: 2 | B8: ='Utility Analysis September''25 '!D11 -> 9132 | C8: ='Utility Analysis September''25 '!E11 -> 0 | D8: =B8+C8 -> 9132 | E8: ='PROD.FIG. '!H6 -> 311.388 | F8: =IF(E8=0,"0",(D8/E8)) -> 29.326756
A9: 3 | B9: ='Utility Analysis September''25 '!D12 -> 7961 | C9: ='Utility Analysis September''25 '!E12 -> 0 | D9: =B9+C9 -> 7961 | E9: ='PROD.FIG. '!H7 -> 297.858 | F9: =IF(E9=0,"0",(D9/E9)) -> 26.727501
A10: 4 | B10: ='Utility Analysis September''25 '!D13 -> 8276 | D10: =B10+C10 -> 8276 | E10: ='PROD.FIG. '!H8 -> 392.106 | F10: =IF(E10=0,"0",(D10/E10)) -> 21.106538
A11: 5 | B11: ='Utility Analysis September''25 '!D14 -> 8163 | C11: ='Utility Analysis September''25 '!E14 -> 0 | D11: =B11+C11 -> 8163 | E11: ='PROD.FIG. '!H9 -> 274.494 | F11: =IF(E11=0,"0",(D11/E11)) -> 29.738355
A12: 6 | B12: ='Utility Analysis September''25 '!D15 -> 5259 | C12: ='Utility Analysis September''25 '!E15 -> 0 | D12: =B12+C12 -> 5259 | E12: ='PROD.FIG. '!H10 -> 0 | F12: =IF(E12=0,"0",(D12/E12)) -> 0
A13: 7 | B13: ='Utility Analysis September''25 '!D16 -> 5037 | C13: ='Utility Analysis September''25 '!E16 -> 0 | D13: =B13+C13 -> 5037 | E13: ='PROD.FIG. '!H11 -> 0 | F13: =IF(E13=0,"0",(D13/E13)) -> 0
A14: 8 | B14: ='Utility Analysis September''25 '!D17 -> 8003 | C14: ='Utility Analysis September''25 '!E17 -> 0 | D14: =B14+C14 -> 8003 | E14: ='PROD.FIG. '!H12 -> 306.372 | F14: =IF(E14=0,"0",(D14/E14)) -> 26.121839
A15: 9 | B15: ='Utility Analysis September''25 '!D18 -> 8837 | C15: ='Utility Analysis September''25 '!E18 -> 0 | D15: =B15+C15 -> 8837 | E15: ='PROD.FIG. '!H13 -> 360.096 | F15: =IF(E15=0,"0",(D15/E15)) -> 24.540678
A16: 10 | B16: ='Utility Analysis September''25 '!D19 -> 8797 | C16: ='Utility Analysis September''25 '!E19 -> 0 | D16: =B16+C16 -> 8797 | E16: ='PROD.FIG. '!H14 -> 320.826 | F16: =IF(E16=0,"0",(D16/E16)) -> 27.419848
A17: 11 | B17: ='Utility Analysis September''25 '!D20 -> 7197 | C17: ='Utility Analysis September''25 '!E20 -> 0 | D17: =B17+C17 -> 7197 | E17: ='PROD.FIG. '!H15 -> 5.676 | F17: =IF(E17=0,"0",(D17/E17)) -> 1267.9704
A18: 12 | B18: ='Utility Analysis September''25 '!D21 -> 7195 | C18: ='Utility Analysis September''25 '!E21 -> 0 | D18: =B18+C18 -> 7195 | E18: ='PROD.FIG. '!H16 -> 64.878 | F18: =IF(E18=0,"0",(D18/E18)) -> 110.90046
A19: 13 | B19: ='Utility Analysis September''25 '!D22 -> 5393 | C19: ='Utility Analysis September''25 '!E22 -> 0 | D19: =B19+C19 -> 5393 | E19: ='PROD.FIG. '!H17 -> 0 | F19: =IF(E19=0,"0",(D19/E19)) -> 0
A20: 14 | B20: ='Utility Analysis September''25 '!D23 -> 5482 | C20: ='Utility Analysis September''25 '!E23 -> 0 | D20: =B20+C20 -> 5482 | E20: ='PROD.FIG. '!H18 -> 0 | F20: =IF(E20=0,"0",(D20/E20)) -> 0
A21: 15 | B21: ='Utility Analysis September''25 '!D24 -> 9086 | C21: ='Utility Analysis September''25 '!E24 -> 0 | D21: =B21+C21 -> 9086 | E21: ='PROD.FIG. '!H19 -> 518.4312 | F21: =IF(E21=0,"0",(D21/E21)) -> 17.525951
A22: 16 | B22: ='Utility Analysis September''25 '!D25 -> 7655 | C22: ='Utility Analysis September''25 '!E25 -> 0 | D22: =B22+C22 -> 7655 | E22: ='PROD.FIG. '!H20 -> 442.332 | F22: =IF(E22=0,"0",(D22/E22)) -> 17.306005
... A36: 30 | B36: ='Utility Analysis September''25 '!D39 -> 9131 | C36: ='Utility Analysis September''25 '!E39 -> 0 | D36: =B36+C36 -> 9131 | E36: ='PROD.FIG. '!H34 -> 198.528 | F36: =IF(E36=0,"0",(D36/E36)) -> 45.993512
A37: 1 | B37: ='Utility Analysis September''25 '!D40 -> 0 | D37: =B37+C37 -> 0 | H37: %
A38: MTD | B38: =SUM(B7:B37) -> 227980 | C38: =SUM(C7:C37) -> 0 | D38: =SUM(D7:D37) -> 227980 | E38: =SUM(E7:E37) -> 7491.0012 | F38: =IF(E38=0,"0",(D38/E38)) -> 30.433849 | G38: 22 | H38: =F38/G38*100 -> 138.33568
G39: TARGET

Sheet PROD.FIG. 
A1: PRODUCTION FOR SEPTEMBER 2025
B3: DATE
B4: - | C4: BOTTLED (Hl) | D4: KEGS (Hl) | E4: OTHER (Filtered) | F4: Brewed | G4: Transferred | H4: TOTAL ( Hls)
A5: Monday | B5: 1 | H5: {=IF(TRANSPOSE('Daily KPIs'!B9:AF9)=0,"0",TRANSPOSE('Daily KPIs'!B9:AF9))} -> 390.852
A6: Tuesday | B6: 2 | H6: 311.388
A7: Wednesday | B7: 3 | H7: 297.858
A8: Thursday | B8: 4 | H8: 392.106
A9: Friday | B9: 5 | H9: 274.494
A10: Saturday | B10: 6 | H10: 0
A11: Sunday | B11: 7 | H11: 0
A12: Monday | B12: 8 | H12: 306.372
A13: Tuesday | B13: 9 | H13: 360.096
A14: Wednesday | B14: 10 | H14: 320.826
A15: Thursday | B15: 11 | H15: 5.676
A16: Friday | B16: 12 | H16: 64.878
A17: Saturday | B17: 13 | H17: 0
A18: Sunday | B18: 14 | H18: 0
A19: Monday | B19: 15 | H19: 518.4312
A20: Tuesday | B20: 16 | H20: 442.332
A21: Wednesday | B21: 17 | H21: 439.758
A22: Thursday | B22: 18 | H22: 814.044
A23: Friday | B23: 19 | H23: 524.37
A24: Saturday | B24: 20 | H24: 0
A25: Sunday | B25: 21 | H25: 0
A26: Monday | B26: 22 | H26: 349.47
A27: Tuesday | B27: 23 | H27: 484.242
A28: Wednesday | B28: 24 | H28: 0
A29: Thursday | B29: 25 | H29: 282.942
A30: Friday | B30: 26 | H30: 523.248
A31: Saturday | B31: 27 | H31: 0
A32: Sunday | B32: 28 | H32: 0
A33: Monday | B33: 29 | H33: 189.09
A34: Tuesday | B34: 30 | H34: 198.528
A35: Wednesday | B35: 1 | H35: 0
G36: TOTAL | H36: =SUM(H5:H35) -> 7491.0012
C39: =SUM(C5:C36) -> 0

Sheet CO2
A3: CO2 Daily Consumption for SEPTEMBER 2025 | I3: TANK C
G4: FILLER | I4: TAYLOR WHARTON CALIBRATION TANK | Q4: NOT READY
A5: DATE | B5: FILLER Cons. (Kg.) | C5: BMF Cons. (Kg.) | D5: CO2 (kg.) (Ex. Vap'r Flowmeter) | E5: CO2 (kg.) (Ex. Vap'r Calculation) | F5: Total Prod.(HL) | G5: CO2 ( Kg./HL) | I5: inH2O | J5: LBS_CO2 | K5: KG_CO2 | M5: READING Today (inH2O) | Q5: DATE | R5: TANK C | T5: TANK A | U5: TANK B | V5: INPUTS MOBILE(kg) | W5: STOCK (KG) | X5: TOTAL CONSUMPTION (KG)
I6: 10 | J6: 722 | K6: =J6/2.204623 -> 327.49363 | N6: POUNDS | O6: KG | R6: READING 00:30 hrs (inH2O) | S6: QUANTITY (KG) | T6: QUANTITY (KG) | U6: QUANTITY (KG)
A7: 1 | B7: =IF('Entries September''25'!N7-'Entries September''25'!N6<1,"0",'Entries September''25'!N7-'Entries September''25'!N6) -> 282.3 | C7: =IF('Entries September''25'!L7-'Entries September''25'!L6<1,"0",'Entries September''25'!L7-'Entries September''25'!L6) -> 0 | D7: =IF('Entries September''25'!M7-'Entries September''25'!M6<1,"0",'Entries September''25'!M7-'Entries September''25'!M6) -> 2513.9 | E7: {=TRANSPOSE('Daily KPIs'!B74:AF74)} -> 2400 | F7: {=TRANSPOSE('Daily KPIs'!B9:AF9)} -> 390.852 | G7: =IF(F7=0,"0",(E7/F7)) -> 6.1404317 | I7: 20 | J7: 2857 | K7: =J7/2.204623 -> 1295.9132 | M7: 200 | N7: =O7*2.204623 -> 34914 | O7: {=IF(COUNTIF(I6:I40,M7),_xlfn.XLOOKUP(M7,I6:I40,K6:K40),_xlfn.LET(_xlpm.x, M7,_xlpm.lo, MAX(_xlfn._xlws.FILTER(I6:I40, I6:I40 <= _xlpm.x)),_xlpm.hi, MIN(_xlfn._xlws.FILTER(I6:I40, I6:I40 >= _xlpm.x)),_xlpm.ylo, INDEX(K6:K40, MATCH(_xlpm.lo, I6:I40, 0)),_xlpm.yhi, INDEX(K6:K40, MATCH(_xlpm.hi, I6:I40, 0)),_xlpm.ylo + (_xlpm.x - _xlpm.lo) * (_xlpm.yhi - _xlpm.ylo) / (_xlpm.hi - _xlpm.lo) ))} -> 15836.721 | Q7: 45870 | R7: ='Entries September''25'!AL6 -> 0 | S7: {=IF(R7=0,0,IF(COUNTIF($I$6:$I$40,R7),_xlfn.XLOOKUP(R7,$I$6:$I$40,$K$6:$K$40),_xlfn.LET(_xlpm.x, R7,_xlpm.lo, MAX(_xlfn._xlws.FILTER($I$6:$I$40, $I$6:$I$40 <= _xlpm.x)),_xlpm.hi, MIN(_xlfn._xlws.FILTER($I$6:$I$40, $I$6:$I$40 >= _xlpm.x)),_xlpm.ylo, INDEX($K$6:$K$40, MATCH(_xlpm.lo, $I$6:$I$40, 0)),_xlpm.yhi, INDEX($K$6:$K$40, MATCH(_xlpm.hi, $I$6:$I$40, 0)),_xlpm.ylo + (_xlpm.x - _xlpm.lo) * (_xlpm.yhi - _xlpm.ylo) / (_xlpm.hi - _xlpm.lo) )))} -> 0 | T7: ='Entries September''25'!#REF! -> #REF! | U7: ='Entries September''25'!#REF! -> #REF! | V7: ='Entries September''25'!#REF!/2.204623 -> #REF! | W7: =S7+T7+U7+V7 -> #REF!
A8: 2 | B8: =IF('Entries September''25'!N8-'Entries September''25'!N7<1,"0",'Entries September''25'!N8-'Entries September''25'!N7) -> 246.92 | C8: =IF('Entries September''25'!L8-'Entries September''25'!L7<1,"0",'Entries September''25'!L8-'Entries September''25'!L7) -> 0 | D8: =IF('Entries September''25'!M8-'Entries September''25'!M7<1,"0",'Entries September''25'!M8-'Entries September''25'!M7) -> 1992.06 | E8: 2000 | F8: 311.388 | G8: =IF(F8=0,"0",(E8/F8)) -> 6.4228551 | I8: 30 | J8: 4344 | K8: =J8/2.204623 -> 1970.4049 | Q8: 45871 | R8: ='Entries September''25'!AL7 -> 220 | S8: {=IF(R8=0,0,IF(COUNTIF($I$6:$I$40,R8),_xlfn.XLOOKUP(R8,$I$6:$I$40,$K$6:$K$40),_xlfn.LET(_xlpm.x, R8,_xlpm.lo, MAX(_xlfn._xlws.FILTER($I$6:$I$40, $I$6:$I$40 <= _xlpm.x)),_xlpm.hi, MIN(_xlfn._xlws.FILTER($I$6:$I$40, $I$6:$I$40 >= _xlpm.x)),_xlpm.ylo, INDEX($K$6:$K$40, MATCH(_xlpm.lo, $I$6:$I$40, 0)),_xlpm.yhi, INDEX($K$6:$K$40, MATCH(_xlpm.hi, $I$6:$I$40, 0)),_xlpm.ylo + (_xlpm.x - _xlpm.lo) * (_xlpm.yhi - _xlpm.ylo) / (_xlpm.hi - _xlpm.lo) )))} -> 17467.839 | T8: ='Entries September''25'!AM6 -> 0 | U8: ='Entries September''25'!AN6 -> 0 | V8: ='Entries September''25'!AO6/2.204623 -> 0 | W8: =S8+T8+U8+V8 -> 17467.839 | X8: =IF(W9-W8<0,W8-W9,W9-W8) -> 0
A9: 3 | B9: =IF('Entries September''25'!N9-'Entries September''25'!N8<1,"0",'Entries September''25'!N9-'Entries September''25'!N8) -> 247.1 | C9: =IF('Entries September''25'!L9-'Entries September''25'!L8<1,"0",'Entries September''25'!L9-'Entries September''25'!L8) -> 0 | D9: =IF('Entries September''25'!M9-'Entries September''25'!M8<1,"0",'Entries September''25'!M9-'Entries September''25'!M8) -> 1666.91 | E9: 1800 | F9: 297.858 | G9: =IF(F9=0,"0",(E9/F9)) -> 6.0431481 | I9: 40 | J9: 6143 | K9: =J9/2.204623 -> 2786.4175 | Q9: 45872 | R9: ='Entries September''25'!AL8 -> 220 | S9: {=IF(R9=0,0,IF(COUNTIF($I$6:$I$40,R9),_xlfn.XLOOKUP(R9,$I$6:$I$40,$K$6:$K$40),_xlfn.LET(_xlpm.x, R9,_xlpm.lo, MAX(_xlfn._xlws.FILTER($I$6:$I$40, $I$6:$I$40 <= _xlpm.x)),_xlpm.hi, MIN(_xlfn._xlws.FILTER($I$6:$I$40, $I$6:$I$40 >= _xlpm.x)),_xlpm.ylo, INDEX($K$6:$K$40, MATCH(_xlpm.lo, $I$6:$I$40, 0)),_xlpm.yhi, INDEX($K$6:$K$40, MATCH(_xlpm.hi, $I$6:$I$40, 0)),_xlpm.ylo + (_xlpm.x - _xlpm.lo) * (_xlpm.yhi - _xlpm.ylo) / (_xlpm.hi - _xlpm.lo) )))} -> 17467.839 | T9: ='Entries September''25'!AM7 -> 0 | U9: ='Entries September''25'!AN7 -> 0 | V9: ='Entries September''25'!AO7/2.204623 -> 0 | W9: =S9+T9+U9+V9 -> 17467.839 | X9: =IF(W10-W9<0,W9-W10,W10-W9) -> 2446.6768
A10: 4 | B10: =IF('Entries September''25'!N10-'Entries September''25'!N9<1,"0",'Entries September''25'!N10-'Entries September''25'!N9) -> 268.92 | C10: =IF('Entries September''25'!L10-'Entries September''25'!L9<1,"0",'Entries September''25'!L10-'Entries September''25'!L9) -> 0 | D10: =IF('Entries September''25'!M10-'Entries September''25'!M9<1,"0",'Entries September''25'!M10-'Entries September''25'!M9) -> 1422.38 | E10: 1400 | F10: 392.106 | G10: =IF(F10=0,"0",(E10/F10)) -> 3.5704631 | I10: 50 | J10: 7941 | K10: =J10/2.204623 -> 3601.9764 | Q10: 45873 | R10: ='Entries September''25'!AL9 -> 190 | S10: {=IF(R10=0,0,IF(COUNTIF($I$6:$I$40,R10),_xlfn.XLOOKUP(R10,$I$6:$I$40,$K$6:$K$40),_xlfn.LET(_xlpm.x, R10,_xlpm.lo, MAX(_xlfn._xlws.FILTER($I$6:$I$40, $I$6:$I$40 <= _xlpm.x)),_xlpm.hi, MIN(_xlfn._xlws.FILTER($I$6:$I$40, $I$6:$I$40 >= _xlpm.x)),_xlpm.ylo, INDEX($K$6:$K$40, MATCH(_xlpm.lo, $I$6:$I$40, 0)),_xlpm.yhi, INDEX($K$6:$K$40, MATCH(_xlpm.hi, $I$6:$I$40, 0)),_xlpm.ylo + (_xlpm.x - _xlpm.lo) * (_xlpm.yhi - _xlpm.ylo) / (_xlpm.hi - _xlpm.lo) )))} -> 15021.162 | T10: ='Entries September''25'!AM8 -> 0 | U10: ='Entries September''25'!AN8 -> 0 | V10: ='Entries September''25'!AO8/2.204623 -> 0 | W10: =S10+T10+U10+V10 -> 15021.162 | X10: =IF(W11-W10<0,W10-W11,W11-W10) -> 15021.162
A11: 5 | B11: =IF('Entries September''25'!N11-'Entries September''25'!N10<1,"0",'Entries September''25'!N11-'Entries September''25'!N10) -> 216.4 | C11: =IF('Entries September''25'!L11-'Entries September''25'!L10<1,"0",'Entries September''25'!L11-'Entries September''25'!L10) -> 0 | D11: =IF('Entries September''25'!M11-'Entries September''25'!M10<1,"0",'Entries September''25'!M11-'Entries September''25'!M10) -> 1516.53 | E11: 1500 | F11: 274.494 | G11: =IF(F11=0,"0",(E11/F11)) -> 5.4646003 | I11: 60 | J11: 9739 | K11: =J11/2.204623 -> 4417.5353 | Q11: 45874 | R11: ='Entries September''25'!AL10 -> 0 | S11: {=IF(R11=0,0,IF(COUNTIF($I$6:$I$40,R11),_xlfn.XLOOKUP(R11,$I$6:$I$40,$K$6:$K$40),_xlfn.LET(_xlpm.x, R11,_xlpm.lo, MAX(_xlfn._xlws.FILTER($I$6:$I$40, $I$6:$I$40 <= _xlpm.x)),_xlpm.hi, MIN(_xlfn._xlws.FILTER($I$6:$I$40, $I$6:$I$40 >= _xlpm.x)),_xlpm.ylo, INDEX($K$6:$K$40, MATCH(_xlpm.lo, $I$6:$I$40, 0)),_xlpm.yhi, INDEX($K$6:$K$40, MATCH(_xlpm.hi, $I$6:$I$40, 0)),_xlpm.ylo + (_xlpm.x - _xlpm.lo) * (_xlpm.yhi - _xlpm.ylo) / (_xlpm.hi - _xlpm.lo) )))} -> 0 | T11: ='Entries September''25'!AM9 -> 0 | U11: ='Entries September''25'!AN9 -> 0 | V11: ='Entries September''25'!AO9/2.204623 -> 0 | W11: =S11+T11+U11+V11 -> 0 | X11: =IF(W12-W11<0,W11-W12,W12-W11) -> 0
A12: 6 | B12: =IF('Entries September''25'!N12-'Entries September''25'!N11<1,"0",'Entries September''25'!N12-'Entries September''25'!N11) -> 0 | C12: =IF('Entries September''25'!L12-'Entries September''25'!L11<1,"0",'Entries September''25'!L12-'Entries September''25'!L11) -> 0 | D12: =IF('Entries September''25'!M12-'Entries September''25'!M11<1,"0",'Entries September''25'!M12-'Entries September''25'!M11) -> 0 | E12: 0 | F12: 0 | G12: =IF(F12=0,"0",(E12/F12)) -> 0 | I12: 70 | J12: 11537 | K12: =J12/2.204623 -> 5233.0943 | Q12: 45875 | R12: ='Entries September''25'!AL11 -> 0 | S12: {=IF(R12=0,0,IF(COUNTIF($I$6:$I$40,R12),_xlfn.XLOOKUP(R12,$I$6:$I$40,$K$6:$K$40),_xlfn.LET(_xlpm.x, R12,_xlpm.lo, MAX(_xlfn._xlws.FILTER($I$6:$I$40, $I$6:$I$40 <= _xlpm.x)),_xlpm.hi, MIN(_xlfn._xlws.FILTER($I$6:$I$40, $I$6:$I$40 >= _xlpm.x)),_xlpm.ylo, INDEX($K$6:$K$40, MATCH(_xlpm.lo, $I$6:$I$40, 0)),_xlpm.yhi, INDEX($K$6:$K$40, MATCH(_xlpm.hi, $I$6:$I$40, 0)),_xlpm.ylo + (_xlpm.x - _xlpm.lo) * (_xlpm.yhi - _xlpm.ylo) / (_xlpm.hi - _xlpm.lo) )))} -> 0 | T12: ='Entries September''25'!AM10 -> 0 | U12: ='Entries September''25'!AN10 -> 0 | V12: ='Entries September''25'!AO10/2.204623 -> 0 | W12: =S12+T12+U12+V12 -> 0 | X12: =IF(W13-W12<0,W12-W13,W13-W12) -> 12574.032
A13: 7 | B13: =IF('Entries September''25'!N13-'Entries September''25'!N12<1,"0",'Entries September''25'!N13-'Entries September''25'!N12) -> 0 | C13: =IF('Entries September''25'!L13-'Entries September''25'!L12<1,"0",'Entries September''25'!L13-'Entries September''25'!L12) -> 0 | D13: =IF('Entries September''25'!M13-'Entries September''25'!M12<1,"0",'Entries September''25'!M13-'Entries September''25'!M12) -> 0 | E13: 3000 | F13: 0 | G13: =IF(F13=0,"0",(E13/F13)) -> 0 | I13: 80 | J13: 13335 | K13: =J13/2.204623 -> 6048.6532 | Q13: 45876 | R13: ='Entries September''25'!AL12 -> 160 | S13: {=IF(R13=0,0,IF(COUNTIF($I$6:$I$40,R13),_xlfn.XLOOKUP(R13,$I$6:$I$40,$K$6:$K$40),_xlfn.LET(_xlpm.x, R13,_xlpm.lo, MAX(_xlfn._xlws.FILTER($I$6:$I$40, $I$6:$I$40 <= _xlpm.x)),_xlpm.hi, MIN(_xlfn._xlws.FILTER($I$6:$I$40, $I$6:$I$40 >= _xlpm.x)),_xlpm.ylo, INDEX($K$6:$K$40, MATCH(_xlpm.lo, $I$6:$I$40, 0)),_xlpm.yhi, INDEX($K$6:$K$40, MATCH(_xlpm.hi, $I$6:$I$40, 0)),_xlpm.ylo + (_xlpm.x - _xlpm.lo) * (_xlpm.yhi - _xlpm.ylo) / (_xlpm.hi - _xlpm.lo) )))} -> 12574.032 | T13: ='Entries September''25'!AM11 -> 0 | U13: ='Entries September''25'!AN11 -> 0 | V13: ='Entries September''25'!AO11/2.204623 -> 0 | W13: =S13+T13+U13+V13 -> 12574.032
A14: 8 | B14: =IF('Entries September''25'!N14-'Entries September''25'!N13<1,"0",'Entries September''25'!N14-'Entries September''25'!N13) -> 228.92 | C14: =IF('Entries September''25'!L14-'Entries September''25'!L13<1,"0",'Entries September''25'!L14-'Entries September''25'!L13) -> 0 | D14: =IF('Entries September''25'!M14-'Entries September''25'!M13<1,"0",'Entries September''25'!M14-'Entries September''25'!M13) -> 1434.24 | E14: 1600 | F14: 306.372 | G14: =IF(F14=0,"0",(E14/F14)) -> 5.2224094 | I14: 90 | J14: 15134 | K14: =J14/2.204623 -> 6864.6658 | Q14: 45877 | R14: ='Entries September''25'!AL13 -> 140 | S14: {=IF(R14=0,0,IF(COUNTIF($I$6:$I$40,R14),_xlfn.XLOOKUP(R14,$I$6:$I$40,$K$6:$K$40),_xlfn.LET(_xlpm.x, R14,_xlpm.lo, MAX(_xlfn._xlws.FILTER($I$6:$I$40, $I$6:$I$40 <= _xlpm.x)),_xlpm.hi, MIN(_xlfn._xlws.FILTER($I$6:$I$40, $I$6:$I$40 >= _xlpm.x)),_xlpm.ylo, INDEX($K$6:$K$40, MATCH(_xlpm.lo, $I$6:$I$40, 0)),_xlpm.yhi, INDEX($K$6:$K$40, MATCH(_xlpm.hi, $I$6:$I$40, 0)),_xlpm.ylo + (_xlpm.x - _xlpm.lo) * (_xlpm.yhi - _xlpm.ylo) / (_xlpm.hi - _xlpm.lo) )))} -> 10942.914 | T14: ='Entries September''25'!AM12 -> 0 | U14: ='Entries September''25'!AN12 -> 0 | V14: ='Entries September''25'!AO12/2.204623 -> 0 | W14: =S14+T14+U14+V14 -> 10942.914 | X14: =W14-S15 -> 0
A15: 9 | B15: =IF('Entries September''25'!N15-'Entries September''25'!N14<1,"0",'Entries September''25'!N15-'Entries September''25'!N14) -> 301.06 | C15: =IF('Entries September''25'!L15-'Entries September''25'!L14<1,"0",'Entries September''25'!L15-'Entries September''25'!L14) -> 0 | D15: =IF('Entries September''25'!M15-'Entries September''25'!M14<1,"0",'Entries September''25'!M15-'Entries September''25'!M14) -> 1951.37 | E15: 1400 | F15: 360.096 | G15: =IF(F15=0,"0",(E15/F15)) -> 3.8878521 | I15: 100 | J15: 16932 | K15: =J15/2.204623 -> 7680.2247 | Q15: 45878 | R15: ='Entries September''25'!AL14 -> 140 | S15: {=IF(R15=0,0,IF(COUNTIF($I$6:$I$40,R15),_xlfn.XLOOKUP(R15,$I$6:$I$40,$K$6:$K$40),_xlfn.LET(_xlpm.x, R15,_xlpm.lo, MAX(_xlfn._xlws.FILTER($I$6:$I$40, $I$6:$I$40 <= _xlpm.x)),_xlpm.hi, MIN(_xlfn._xlws.FILTER($I$6:$I$40, $I$6:$I$40 >= _xlpm.x)),_xlpm.ylo, INDEX($K$6:$K$40, MATCH(_xlpm.lo, $I$6:$I$40, 0)),_xlpm.yhi, INDEX($K$6:$K$40, MATCH(_xlpm.hi, $I$6:$I$40, 0)),_xlpm.ylo + (_xlpm.x - _xlpm.lo) * (_xlpm.yhi - _xlpm.ylo) / (_xlpm.hi - _xlpm.lo) )))} -> 10942.914 | T15: ='Entries September''25'!AM13 -> 0 | U15: ='Entries September''25'!AN13 -> 0 | V15: ='Entries September''25'!AO13/2.204623 -> 19100 | W15: =S15+T15+U15+V15 -> 30042.914
A16: 10 | B16: =IF('Entries September''25'!N16-'Entries September''25'!N15<1,"0",'Entries September''25'!N16-'Entries September''25'!N15) -> 252.03 | C16: =IF('Entries September''25'!L16-'Entries September''25'!L15<1,"0",'Entries September''25'!L16-'Entries September''25'!L15) -> 0 | D16: =IF('Entries September''25'!M16-'Entries September''25'!M15<1,"0",'Entries September''25'!M16-'Entries September''25'!M15) -> 1508.05 | E16: 1100 | F16: 320.826 | G16: =IF(F16=0,"0",(E16/F16)) -> 3.4286498 | I16: 110 | J16: 18730 | K16: =J16/2.204623 -> 8495.7836 | Q16: 45879 | R16: ='Entries September''25'!AL15 -> 130 | S16: {=IF(R16=0,0,IF(COUNTIF($I$6:$I$40,R16),_xlfn.XLOOKUP(R16,$I$6:$I$40,$K$6:$K$40),_xlfn.LET(_xlpm.x, R16,_xlpm.lo, MAX(_xlfn._xlws.FILTER($I$6:$I$40, $I$6:$I$40 <= _xlpm.x)),_xlpm.hi, MIN(_xlfn._xlws.FILTER($I$6:$I$40, $I$6:$I$40 >= _xlpm.x)),_xlpm.ylo, INDEX($K$6:$K$40, MATCH(_xlpm.lo, $I$6:$I$40, 0)),_xlpm.yhi, INDEX($K$6:$K$40, MATCH(_xlpm.hi, $I$6:$I$40, 0)),_xlpm.ylo + (_xlpm.x - _xlpm.lo) * (_xlpm.yhi - _xlpm.ylo) / (_xlpm.hi - _xlpm.lo) )))} -> 10126.902 | T16: ='Entries September''25'!AM14 -> 0 | U16: ='Entries September''25'!AN14 -> 0 | V16: ='Entries September''25'!AO14/2.204623 -> 9967.237 | W16: =S16+T16+U16+V16 -> 20094.139 | X16: =IF(W17-W16<0,W16-W17,W17-W16) -> 4134.1385
A17: 11 | B17: =IF('Entries September''25'!N17-'Entries September''25'!N16<1,"0",'Entries September''25'!N17-'Entries September''25'!N16) -> 85.89 | C17: =IF('Entries September''25'!L17-'Entries September''25'!L16<1,"0",'Entries September''25'!L17-'Entries September''25'!L16) -> 0 | D17: =IF('Entries September''25'!M17-'Entries September''25'!M16<1,"0",'Entries September''25'!M17-'Entries September''25'!M16) -> 272.22 | E17: 0 | F17: 5.676 | G17: =IF(F17=0,"0",(E17/F17)) -> 0 | I17: 120 | J17: 20528 | K17: =J17/2.204623 -> 9311.3426 | Q17: 45880 | R17: ='Entries September''25'!AL16 -> 0 | S17: {=IF(R17=0,0,IF(COUNTIF($I$6:$I$40,R17),_xlfn.XLOOKUP(R17,$I$6:$I$40,$K$6:$K$40),_xlfn.LET(_xlpm.x, R17,_xlpm.lo, MAX(_xlfn._xlws.FILTER($I$6:$I$40, $I$6:$I$40 <= _xlpm.x)),_xlpm.hi, MIN(_xlfn._xlws.FILTER($I$6:$I$40, $I$6:$I$40 >= _xlpm.x)),_xlpm.ylo, INDEX($K$6:$K$40, MATCH(_xlpm.lo, $I$6:$I$40, 0)),_xlpm.yhi, INDEX($K$6:$K$40, MATCH(_xlpm.hi, $I$6:$I$40, 0)),_xlpm.ylo + (_xlpm.x - _xlpm.lo) * (_xlpm.yhi - _xlpm.ylo) / (_xlpm.hi - _xlpm.lo) )))} -> 0 | T17: ='Entries September''25'!AM15 -> 11400 | U17: ='Entries September''25'!AN15 -> 4560 | V17: ='Entries September''25'!AO15/2.204623 -> 0 | W17: =S17+T17+U17+V17 -> 15960 | X17: =IF(W18-W17<0,W17-W18,W18-W17) -> 15960
A18: 12 | B18: =IF('Entries September''25'!N18-'Entries September''25'!N17<1,"0",'Entries September''25'!N18-'Entries September''25'!N17) -> 27.06 | C18: =IF('Entries September''25'!L18-'Entries September''25'!L17<1,"0",'Entries September''25'!L18-'Entries September''25'!L17) -> 0 | D18: =IF('Entries September''25'!M18-'Entries September''25'!M17<1,"0",'Entries September''25'!M18-'Entries September''25'!M17) -> 401.61 | E18: 300 | F18: 64.878 | G18: =IF(F18=0,"0",(E18/F18)) -> 4.6240636 | I18: 130 | J18: 22326 | K18: =J18/2.204623 -> 10126.902 | Q18: 45881 | R18: ='Entries September''25'!AL17 -> 0 | S18: {=IF(R18=0,0,IF(COUNTIF($I$6:$I$40,R18),_xlfn.XLOOKUP(R18,$I$6:$I$40,$K$6:$K$40),_xlfn.LET(_xlpm.x, R18,_xlpm.lo, MAX(_xlfn._xlws.FILTER($I$6:$I$40, $I$6:$I$40 <= _xlpm.x)),_xlpm.hi, MIN(_xlfn._xlws.FILTER($I$6:$I$40, $I$6:$I$40 >= _xlpm.x)),_xlpm.ylo, INDEX($K$6:$K$40, MATCH(_xlpm.lo, $I$6:$I$40, 0)),_xlpm.yhi, INDEX($K$6:$K$40, MATCH(_xlpm.hi, $I$6:$I$40, 0)),_xlpm.ylo + (_xlpm.x - _xlpm.lo) * (_xlpm.yhi - _xlpm.ylo) / (_xlpm.hi - _xlpm.lo) )))} -> 0 | T18: ='Entries September''25'!AM16 -> 0 | U18: ='Entries September''25'!AN16 -> 0 | V18: ='Entries September''25'!AO16/2.204623 -> 0 | W18: =S18+T18+U18+V18 -> 0 | X18: =IF(W19-W18<0,W18-W19,W19-W18) -> 0
A19: 13 | B19: =IF('Entries September''25'!N19-'Entries September''25'!N18<1,"0",'Entries September''25'!N19-'Entries September''25'!N18) -> 0 | C19: =IF('Entries September''25'!L19-'Entries September''25'!L18<1,"0",'Entries September''25'!L19-'Entries September''25'!L18) -> 0 | D19: =IF('Entries September''25'!M19-'Entries September''25'!M18<1,"0",'Entries September''25'!M19-'Entries September''25'!M18) -> 0 | E19: 0 | F19: 0 | G19: =IF(F19=0,"0",(E19/F19)) -> 0 | I19: 140 | J19: 24125 | K19: =J19/2.204623 -> 10942.914 | Q19: 45882 | R19: ='Entries September''25'!AL18 -> 0 | S19: {=IF(R19=0,0,IF(COUNTIF($I$6:$I$40,R19),_xlfn.XLOOKUP(R19,$I$6:$I$40,$K$6:$K$40),_xlfn.LET(_xlpm.x, R19,_xlpm.lo, MAX(_xlfn._xlws.FILTER($I$6:$I$40, $I$6:$I$40 <= _xlpm.x)),_xlpm.hi, MIN(_xlfn._xlws.FILTER($I$6:$I$40, $I$6:$I$40 >= _xlpm.x)),_xlpm.ylo, INDEX($K$6:$K$40, MATCH(_xlpm.lo, $I$6:$I$40, 0)),_xlpm.yhi, INDEX($K$6:$K$40, MATCH(_xlpm.hi, $I$6:$I$40, 0)),_xlpm.ylo + (_xlpm.x - _xlpm.lo) * (_xlpm.yhi - _xlpm.ylo) / (_xlpm.hi - _xlpm.lo) )))} -> 0 | T19: ='Entries September''25'!AM17 -> 0 | U19: ='Entries September''25'!AN17 -> 0 | V19: ='Entries September''25'!AO17/2.204623 -> 0 | W19: =S19+T19+U19+V19 -> 0 | X19: =IF(W20-W19<0,W19-W20,W20-W19) -> 0
A20: 14 | B20: =IF('Entries September''25'!N20-'Entries September''25'!N19<1,"0",'Entries September''25'!N20-'Entries September''25'!N19) -> 3.14 | C20: =IF('Entries September''25'!L20-'Entries September''25'!L19<1,"0",'Entries September''25'!L20-'Entries September''25'!L19) -> 0 | D20: =IF('Entries September''25'!M20-'Entries September''25'!M19<1,"0",'Entries September''25'!M20-'Entries September''25'!M19) -> 0 | E20: 1800 | F20: 0 | G20: =IF(F20=0,"0",(E20/F20)) -> 0 | I20: 150 | J20: 25923 | K20: =J20/2.204623 -> 11758.473 | Q20: 45883 | R20: ='Entries September''25'!AL19 -> 0 | S20: {=IF(R20=0,0,IF(COUNTIF($I$6:$I$40,R20),_xlfn.XLOOKUP(R20,$I$6:$I$40,$K$6:$K$40),_xlfn.LET(_xlpm.x, R20,_xlpm.lo, MAX(_xlfn._xlws.FILTER($I$6:$I$40, $I$6:$I$40 <= _xlpm.x)),_xlpm.hi, MIN(_xlfn._xlws.FILTER($I$6:$I$40, $I$6:$I$40 >= _xlpm.x)),_xlpm.ylo, INDEX($K$6:$K$40, MATCH(_xlpm.lo, $I$6:$I$40, 0)),_xlpm.yhi, INDEX($K$6:$K$40, MATCH(_xlpm.hi, $I$6:$I$40, 0)),_xlpm.ylo + (_xlpm.x - _xlpm.lo) * (_xlpm.yhi - _xlpm.ylo) / (_xlpm.hi - _xlpm.lo) )))} -> 0 | T20: ='Entries September''25'!AM18 -> 0 | U20: ='Entries September''25'!AN18 -> 0 | V20: ='Entries September''25'!AO18/2.204623 -> 0 | W20: =S20+T20+U20+V20 -> 0 | X20: =IF(W21-W20<0,W20-W21,W21-W20) -> 0
A21: 15 | B21: =IF('Entries September''25'!N21-'Entries September''25'!N20<1,"0",'Entries September''25'!N21-'Entries September''25'!N20) -> 402.08 | C21: =IF('Entries September''25'!L21-'Entries September''25'!L20<1,"0",'Entries September''25'!L21-'Entries September''25'!L20) -> 0 | D21: =IF('Entries September''25'!M21-'Entries September''25'!M20<1,"0",'Entries September''25'!M21-'Entries September''25'!M20) -> 2220.12 | E21: 2200 | F21: 518.4312 | G21: =IF(F21=0,"0",(E21/F21)) -> 4.2435718 | I21: 160 | J21: 27721 | K21: =J21/2.204623 -> 12574.032 | Q21: 45884 | R21: ='Entries September''25'!AL20 -> 0 | S21: {=IF(R21=0,0,IF(COUNTIF($I$6:$I$40,R21),_xlfn.XLOOKUP(R21,$I$6:$I$40,$K$6:$K$40),_xlfn.LET(_xlpm.x, R21,_xlpm.lo, MAX(_xlfn._xlws.FILTER($I$6:$I$40, $I$6:$I$40 <= _xlpm.x)),_xlpm.hi, MIN(_xlfn._xlws.FILTER($I$6:$I$40, $I$6:$I$40 >= _xlpm.x)),_xlpm.ylo, INDEX($K$6:$K$40, MATCH(_xlpm.lo, $I$6:$I$40, 0)),_xlpm.yhi, INDEX($K$6:$K$40, MATCH(_xlpm.hi, $I$6:$I$40, 0)),_xlpm.ylo + (_xlpm.x - _xlpm.lo) * (_xlpm.yhi - _xlpm.ylo) / (_xlpm.hi - _xlpm.lo) )))} -> 0 | T21: ='Entries September''25'!AM19 -> 0 | U21: ='Entries September''25'!AN19 -> 0 | V21: ='Entries September''25'!AO19/2.204623 -> 0 | W21: =S21+T21+U21+V21 -> 0 | X21: =IF(W22-W21<0,W21-W22,W22-W21) -> 0
A22: 16 | B22: =IF('Entries September''25'!N22-'Entries September''25'!N21<1,"0",'Entries September''25'!N22-'Entries September''25'!N21) -> 355.1 | C22: =IF('Entries September''25'!L22-'Entries September''25'!L21<1,"0",'Entries September''25'!L22-'Entries September''25'!L21) -> 0 | D22: =IF('Entries September''25'!M22-'Entries September''25'!M21<1,"0",'Entries September''25'!M22-'Entries September''25'!M21) -> 2342.79 | E22: 2300 | F22: 442.332 | G22: =IF(F22=0,"0",(E22/F22)) -> 5.1997142 | I22: 170 | J22: 29519 | K22: =J22/2.204623 -> 13389.591 | Q22: 45885 | R22: ='Entries September''25'!AL21 -> 0 | S22: {=IF(R22=0,0,IF(COUNTIF($I$6:$I$40,R22),_xlfn.XLOOKUP(R22,$I$6:$I$40,$K$6:$K$40),_xlfn.LET(_xlpm.x, R22,_xlpm.lo, MAX(_xlfn._xlws.FILTER($I$6:$I$40, $I$6:$I$40 <= _xlpm.x)),_xlpm.hi, MIN(_xlfn._xlws.FILTER($I$6:$I$40, $I$6:$I$40 >= _xlpm.x)),_xlpm.ylo, INDEX($K$6:$K$40, MATCH(_xlpm.lo, $I$6:$I$40, 0)),_xlpm.yhi, INDEX($K$6:$K$40, MATCH(_xlpm.hi, $I$6:$I$40, 0)),_xlpm.ylo + (_xlpm.x - _xlpm.lo) * (_xlpm.yhi - _xlpm.ylo) / (_xlpm.hi - _xlpm.lo) )))} -> 0 | T22: ='Entries September''25'!AM20 -> 0 | U22: ='Entries September''25'!AN20 -> 0 | V22: ='Entries September''25'!AO20/2.204623 -> 0 | W22: =S22+T22+U22+V22 -> 0 | X22: =IF(W23-W22<0,W22-W23,W23-W22) -> 0
A23: 17 | B23: =IF('Entries September''25'!N23-'Entries September''25'!N22<1,"0",'Entries September''25'!N23-'Entries September''25'!N22) -> 428.88 | C23: =IF('Entries September''25'!L23-'Entries September''25'!L22<1,"0",'Entries September''25'!L23-'Entries September''25'!L22) -> 0 | D23: =IF('Entries September''25'!M23-'Entries September''25'!M22<1,"0",'Entries September''25'!M23-'Entries September''25'!M22) -> 2373.73 | E23: 3000 | F23: 439.758 | G23: =IF(F23=0,"0",(E23/F23)) -> 6.8219339 | I23: 180 | J23: 31317 | K23: =J23/2.204623 -> 14205.15 | Q23: 45886 | R23: ='Entries September''25'!AL22 -> 0 | S23: {=IF(R23=0,0,IF(COUNTIF($I$6:$I$40,R23),_xlfn.XLOOKUP(R23,$I$6:$I$40,$K$6:$K$40),_xlfn.LET(_xlpm.x, R23,_xlpm.lo, MAX(_xlfn._xlws.FILTER($I$6:$I$40, $I$6:$I$40 <= _xlpm.x)),_xlpm.hi, MIN(_xlfn._xlws.FILTER($I$6:$I$40, $I$6:$I$40 >= _xlpm.x)),_xlpm.ylo, INDEX($K$6:$K$40, MATCH(_xlpm.lo, $I$6:$I$40, 0)),_xlpm.yhi, INDEX($K$6:$K$40, MATCH(_xlpm.hi, $I$6:$I$40, 0)),_xlpm.ylo + (_xlpm.x - _xlpm.lo) * (_xlpm.yhi - _xlpm.ylo) / (_xlpm.hi - _xlpm.lo) )))} -> 0 | T23: ='Entries September''25'!AM21 -> 0 | U23: ='Entries September''25'!AN21 -> 0 | V23: ='Entries September''25'!AO21/2.204623 -> 0 | W23: =S23+T23+U23+V23 -> 0 | X23: =IF(W24-W23<0,W23-W24,W24-W23) -> 0
A24: 18 | B24: =IF('Entries September''25'!N24-'Entries September''25'!N23<1,"0",'Entries September''25'!N24-'Entries September''25'!N23) -> 596.87 | C24: =IF('Entries September''25'!L24-'Entries September''25'!L23<1,"0",'Entries September''25'!L24-'Entries September''25'!L23) -> 93.81 | D24: =IF('Entries September''25'!M24-'Entries September''25'!M23<1,"0",'Entries September''25'!M24-'Entries September''25'!M23) -> 3353.96 | E24: 2400 | F24: 814.044 | G24: =IF(F24=0,"0",(E24/F24)) -> 2.9482436 | I24: 190 | J24: 33116 | K24: =J24/2.204623 -> 15021.162 | Q24: 45887 | R24: ='Entries September''25'!AL23 -> 0 | S24: {=IF(R24=0,0,IF(COUNTIF($I$6:$I$40,R24),_xlfn.XLOOKUP(R24,$I$6:$I$40,$K$6:$K$40),_xlfn.LET(_xlpm.x, R24,_xlpm.lo, MAX(_xlfn._xlws.FILTER($I$6:$I$40, $I$6:$I$40 <= _xlpm.x)),_xlpm.hi, MIN(_xlfn._xlws.FILTER($I$6:$I$40, $I$6:$I$40 >= _xlpm.x)),_xlpm.ylo, INDEX($K$6:$K$40, MATCH(_xlpm.lo, $I$6:$I$40, 0)),_xlpm.yhi, INDEX($K$6:$K$40, MATCH(_xlpm.hi, $I$6:$I$40, 0)),_xlpm.ylo + (_xlpm.x - _xlpm.lo) * (_xlpm.yhi - _xlpm.ylo) / (_xlpm.hi - _xlpm.lo) )))} -> 0 | T24: ='Entries September''25'!AM22 -> 0 | U24: ='Entries September''25'!AN22 -> 0 | V24: ='Entries September''25'!AO22/2.204623 -> 0 | W24: =S24+T24+U24+V24 -> 0 | X24: =IF(W25-W24<0,W24-W25,W25-W24) -> 0
A25: 19 | B25: =IF('Entries September''25'!N25-'Entries September''25'!N24<1,"0",'Entries September''25'!N25-'Entries September''25'!N24) -> 415.84 | C25: =IF('Entries September''25'!L25-'Entries September''25'!L24<1,"0",'Entries September''25'!L25-'Entries September''25'!L24) -> 104.84 | D25: =IF('Entries September''25'!M25-'Entries September''25'!M24<1,"0",'Entries September''25'!M25-'Entries September''25'!M24) -> 2876.24 | E25: 3300 | F25: 524.37 | G25: =IF(F25=0,"0",(E25/F25)) -> 6.2932662 | I25: 200 | J25: 34914 | K25: =J25/2.204623 -> 15836.721 | Q25: 45888 | R25: ='Entries September''25'!AL24 -> 0 | S25: {=IF(R25=0,0,IF(COUNTIF($I$6:$I$40,R25),_xlfn.XLOOKUP(R25,$I$6:$I$40,$K$6:$K$40),_xlfn.LET(_xlpm.x, R25,_xlpm.lo, MAX(_xlfn._xlws.FILTER($I$6:$I$40, $I$6:$I$40 <= _xlpm.x)),_xlpm.hi, MIN(_xlfn._xlws.FILTER($I$6:$I$40, $I$6:$I$40 >= _xlpm.x)),_xlpm.ylo, INDEX($K$6:$K$40, MATCH(_xlpm.lo, $I$6:$I$40, 0)),_xlpm.yhi, INDEX($K$6:$K$40, MATCH(_xlpm.hi, $I$6:$I$40, 0)),_xlpm.ylo + (_xlpm.x - _xlpm.lo) * (_xlpm.yhi - _xlpm.ylo) / (_xlpm.hi - _xlpm.lo) )))} -> 0 | T25: ='Entries September''25'!AM23 -> 0 | U25: ='Entries September''25'!AN23 -> 0 | V25: ='Entries September''25'!AO23/2.204623 -> 0 | W25: =S25+T25+U25+V25 -> 0 | X25: =IF(W26-W25<0,W25-W26,W26-W25) -> 0
A26: 20 | B26: =IF('Entries September''25'!N26-'Entries September''25'!N25<1,"0",'Entries September''25'!N26-'Entries September''25'!N25) -> 0 | C26: =IF('Entries September''25'!L26-'Entries September''25'!L25<1,"0",'Entries September''25'!L26-'Entries September''25'!L25) -> 0 | D26: =IF('Entries September''25'!M26-'Entries September''25'!M25<1,"0",'Entries September''25'!M26-'Entries September''25'!M25) -> 0 | E26: 0 | F26: 0 | G26: =IF(F26=0,"0",(E26/F26)) -> 0 | I26: 210 | J26: 36712 | K26: =J26/2.204623 -> 16652.28 | Q26: 45889 | R26: ='Entries September''25'!AL25 -> 0 | S26: {=IF(R26=0,0,IF(COUNTIF($I$6:$I$40,R26),_xlfn.XLOOKUP(R26,$I$6:$I$40,$K$6:$K$40),_xlfn.LET(_xlpm.x, R26,_xlpm.lo, MAX(_xlfn._xlws.FILTER($I$6:$I$40, $I$6:$I$40 <= _xlpm.x)),_xlpm.hi, MIN(_xlfn._xlws.FILTER($I$6:$I$40, $I$6:$I$40 >= _xlpm.x)),_xlpm.ylo, INDEX($K$6:$K$40, MATCH(_xlpm.lo, $I$6:$I$40, 0)),_xlpm.yhi, INDEX($K$6:$K$40, MATCH(_xlpm.hi, $I$6:$I$40, 0)),_xlpm.ylo + (_xlpm.x - _xlpm.lo) * (_xlpm.yhi - _xlpm.ylo) / (_xlpm.hi - _xlpm.lo) )))} -> 0 | T26: ='Entries September''25'!AM24 -> 0 | U26: ='Entries September''25'!AN24 -> 0 | V26: ='Entries September''25'!AO24/2.204623 -> 0 | W26: =S26+T26+U26+V26 -> 0 | X26: =IF(W27-W26<0,W26-W27,W27-W26) -> 0
A27: 21 | B27: =IF('Entries September''25'!N27-'Entries September''25'!N26<1,"0",'Entries September''25'!N27-'Entries September''25'!N26) -> 0 | C27: =IF('Entries September''25'!L27-'Entries September''25'!L26<1,"0",'Entries September''25'!L27-'Entries September''25'!L26) -> 0 | D27: =IF('Entries September''25'!M27-'Entries September''25'!M26<1,"0",'Entries September''25'!M27-'Entries September''25'!M26) -> 1.87 | E27: 0 | F27: 0 | G27: =IF(F27=0,"0",(E27/F27)) -> 0 | I27: 220 | J27: 38510 | K27: =J27/2.204623 -> 17467.839 | Q27: 45890 | R27: ='Entries September''25'!AL26 -> 0 | S27: {=IF(R27=0,0,IF(COUNTIF($I$6:$I$40,R27),_xlfn.XLOOKUP(R27,$I$6:$I$40,$K$6:$K$40),_xlfn.LET(_xlpm.x, R27,_xlpm.lo, MAX(_xlfn._xlws.FILTER($I$6:$I$40, $I$6:$I$40 <= _xlpm.x)),_xlpm.hi, MIN(_xlfn._xlws.FILTER($I$6:$I$40, $I$6:$I$40 >= _xlpm.x)),_xlpm.ylo, INDEX($K$6:$K$40, MATCH(_xlpm.lo, $I$6:$I$40, 0)),_xlpm.yhi, INDEX($K$6:$K$40, MATCH(_xlpm.hi, $I$6:$I$40, 0)),_xlpm.ylo + (_xlpm.x - _xlpm.lo) * (_xlpm.yhi - _xlpm.ylo) / (_xlpm.hi - _xlpm.lo) )))} -> 0 | T27: ='Entries September''25'!AM25 -> 0 | U27: ='Entries September''25'!AN25 -> 0 | V27: ='Entries September''25'!AO25/2.204623 -> 0 | W27: =S27+T27+U27+V27 -> 0 | X27: =IF(W28-W27<0,W27-W28,W28-W27) -> 0
... A36: 30 | B36: =IF('Entries September''25'!N36-'Entries September''25'!N35<1,"0",'Entries September''25'!N36-'Entries September''25'!N35) -> 325.63 | C36: =IF('Entries September''25'!L36-'Entries September''25'!L35<1,"0",'Entries September''25'!L36-'Entries September''25'!L35) -> 20.49 | D36: =IF('Entries September''25'!M36-'Entries September''25'!M35<1,"0",'Entries September''25'!M36-'Entries September''25'!M35) -> 1362.19 | E36: 1300 | F36: 198.528 | G36: =IF(F36=0,"0",(E36/F36)) -> 6.5481947 | I36: 310 | J36: 54694 | K36: =J36/2.204623 -> 24808.777 | Q36: 45899 | R36: ='Entries September''25'!AL35 -> 0 | S36: {=IF(R36=0,0,IF(COUNTIF($I$6:$I$40,R36),_xlfn.XLOOKUP(R36,$I$6:$I$40,$K$6:$K$40),_xlfn.LET(_xlpm.x, R36,_xlpm.lo, MAX(_xlfn._xlws.FILTER($I$6:$I$40, $I$6:$I$40 <= _xlpm.x)),_xlpm.hi, MIN(_xlfn._xlws.FILTER($I$6:$I$40, $I$6:$I$40 >= _xlpm.x)),_xlpm.ylo, INDEX($K$6:$K$40, MATCH(_xlpm.lo, $I$6:$I$40, 0)),_xlpm.yhi, INDEX($K$6:$K$40, MATCH(_xlpm.hi, $I$6:$I$40, 0)),_xlpm.ylo + (_xlpm.x - _xlpm.lo) * (_xlpm.yhi - _xlpm.ylo) / (_xlpm.hi - _xlpm.lo) )))} -> 0 | T36: ='Entries September''25'!AM34 -> 0 | U36: ='Entries September''25'!AN34 -> 0 | V36: ='Entries September''25'!AO34/2.204623 -> 0 | W36: =S36+T36+U36+V36 -> 0 | X36: =IF(W37-W36<0,W36-W37,W37-W36) -> 0
A37: 31 | B37: =IF('Entries September''25'!N37-'Entries September''25'!N36<1,"0",'Entries September''25'!N37-'Entries September''25'!N36) -> 0 | C37: =IF('Entries September''25'!L37-'Entries September''25'!L36<1,"0",'Entries September''25'!L37-'Entries September''25'!L36) -> 0 | D37: =IF('Entries September''25'!M37-'Entries September''25'!M36<1,"0",'Entries September''25'!M37-'Entries September''25'!M36) -> 0 | E37: 0 | F37: 0 | G37: =IF(F37=0,"0",(E37/F37)) -> 0 | H37: TARGET | I37: 320 | J37: 56492 | K37: =J37/2.204623 -> 25624.336 | Q37: 45900 | R37: ='Entries September''25'!AL36 -> 0 | S37: {=IF(R37=0,0,IF(COUNTIF($I$6:$I$40,R37),_xlfn.XLOOKUP(R37,$I$6:$I$40,$K$6:$K$40),_xlfn.LET(_xlpm.x, R37,_xlpm.lo, MAX(_xlfn._xlws.FILTER($I$6:$I$40, $I$6:$I$40 <= _xlpm.x)),_xlpm.hi, MIN(_xlfn._xlws.FILTER($I$6:$I$40, $I$6:$I$40 >= _xlpm.x)),_xlpm.ylo, INDEX($K$6:$K$40, MATCH(_xlpm.lo, $I$6:$I$40, 0)),_xlpm.yhi, INDEX($K$6:$K$40, MATCH(_xlpm.hi, $I$6:$I$40, 0)),_xlpm.ylo + (_xlpm.x - _xlpm.lo) * (_xlpm.yhi - _xlpm.ylo) / (_xlpm.hi - _xlpm.lo) )))} -> 0 | T37: ='Entries September''25'!AM35 -> 0 | U37: ='Entries September''25'!AN35 -> 0 | V37: ='Entries September''25'!AO35/2.204623 -> 0 | W37: =S37+T37+U37+V37 -> 0 | X37: =IF(W38-W37<0,W37-W38,W38-W37) -> 0
A38: MTD | B38: =SUM(B7:B37) -> 6362.74 | C38: =SUM(C7:C37) -> 471.2 | D38: =SUM(D7:D37) -> 39920.3 | E38: =SUM(E7:E37) -> 44700 | F38: =SUM(F7:F37) -> 7491.0012 | G38: =IF(F38=0,"0",(E38/F38)) -> 5.9671596 | H38: 5 | I38: 330 | J38: 58290 | K38: =J38/2.204623 -> 26439.895 | Q38: 45901 | R38: ='Entries September''25'!AL37 -> 0 | S38: {=IF(R38=0,0,IF(COUNTIF($I$6:$I$40,R38),_xlfn.XLOOKUP(R38,$I$6:$I$40,$K$6:$K$40),_xlfn.LET(_xlpm.x, R38,_xlpm.lo, MAX(_xlfn._xlws.FILTER($I$6:$I$40, $I$6:$I$40 <= _xlpm.x)),_xlpm.hi, MIN(_xlfn._xlws.FILTER($I$6:$I$40, $I$6:$I$40 >= _xlpm.x)),_xlpm.ylo, INDEX($K$6:$K$40, MATCH(_xlpm.lo, $I$6:$I$40, 0)),_xlpm.yhi, INDEX($K$6:$K$40, MATCH(_xlpm.hi, $I$6:$I$40, 0)),_xlpm.ylo + (_xlpm.x - _xlpm.lo) * (_xlpm.yhi - _xlpm.ylo) / (_xlpm.hi - _xlpm.lo) )))} -> 0 | T38: ='Entries September''25'!AM36 -> 0 | U38: ='Entries September''25'!AN36 -> 0 | V38: ='Entries September''25'!AO36/2.204623 -> 0 | W38: =S38+T38+U38+V38 -> 0 | X38: =IF(W39-W38<0,W38-W39,W39-W38) -> 0
I39: 340 | J39: 60089 | K39: =J39/2.204623 -> 27255.907 | R39: ='Entries September''25'!AL38 -> 0 | S39: {=IF(R39=0,0,IF(COUNTIF($I$6:$I$40,R39),_xlfn.XLOOKUP(R39,$I$6:$I$40,$K$6:$K$40),_xlfn.LET(_xlpm.x, R39,_xlpm.lo, MAX(_xlfn._xlws.FILTER($I$6:$I$40, $I$6:$I$40 <= _xlpm.x)),_xlpm.hi, MIN(_xlfn._xlws.FILTER($I$6:$I$40, $I$6:$I$40 >= _xlpm.x)),_xlpm.ylo, INDEX($K$6:$K$40, MATCH(_xlpm.lo, $I$6:$I$40, 0)),_xlpm.yhi, INDEX($K$6:$K$40, MATCH(_xlpm.hi, $I$6:$I$40, 0)),_xlpm.ylo + (_xlpm.x - _xlpm.lo) * (_xlpm.yhi - _xlpm.ylo) / (_xlpm.hi - _xlpm.lo) )))} -> 0 | T39: ='Entries September''25'!AM37 -> 0 | U39: ='Entries September''25'!AN37 -> 0 | V39: ='Entries September''25'!AO37/2.204623 -> 0 | W39: =S39+T39+U39+V39 -> 0
I40: 350 | J40: 60537 | K40: =J40/2.204623 -> 27459.117 | W40: TOTAL | X40: =SUM(X8:X38) -> 50136.01

Sheet Daily KPIs CO2
A3: Utilities Daily Consumption
Y4: 1364
A5: 45901
B6: 1 | C6: 2 | D6: 3 | E6: 4 | F6: 5 | G6: 6 | H6: 7 | I6: 8 | J6: 9 | K6: 10 | L6: 11 | M6: 12 | N6: 13 | O6: 14 | P6: 15 | Q6: 16 | R6: 17 | S6: 18 | T6: 19 | U6: 20 | V6: 21 | W6: 22 | X6: 23 | Y6: 24 | Z6: 25 | AA6: 26 | AB6: 27 | AC6: 28 | AD6: 29 | AE6: 30 | AH6: Monthly Target
A7: Days | B7: Mon | C7: Tue | D7: Wed | E7: Thu | F7: Fri | G7: Sat | H7: Sun | I7: Mon | J7: Tue | K7: Wed | L7: Thu | M7: Fri | N7: Sat | O7: Sun | P7: Mon | Q7: Tue | R7: Wed | S7: Thu | T7: Fri | U7: Sat | V7: Sun | W7: Mon | X7: Tue | Y7: Wed | Z7: Thu | AA7: Fri | AB7: Sat | AC7: Sun | AD7: Mon | AE7: Tue | AG7: Total | AI7: Diff.
A8: Cases Produced | C8: ='Daily KPIs'!C8 -> 4718 | D8: ='Daily KPIs'!D8 -> 4513 | E8: ='Daily KPIs'!E8 -> 5941 | F8: ='Daily KPIs'!F8 -> 4159 | G8: ='Daily KPIs'!G8 -> 0 | H8: ='Daily KPIs'!H8 -> 0 | I8: ='Daily KPIs'!I8 -> 4642 | J8: ='Daily KPIs'!J8 -> 5456 | ... AC8: ='Daily KPIs'!AC8 -> 0 | AF8: ='Daily KPIs'!AD8 -> 2865 | AG8: =SUM($B8:AF8) -> 104181 | AH8: 96325 | AI8: =AG8-AH8 -> 7856
A9: HL produced | B9: ='Daily KPIs'!B9 -> 390.852 | C9: ='Daily KPIs'!C9 -> 311.388 | D9: ='Daily KPIs'!D9 -> 297.858 | E9: ='Daily KPIs'!E9 -> 392.106 | F9: ='Daily KPIs'!F9 -> 274.494 | G9: ='Daily KPIs'!G9 -> 0 | H9: ='Daily KPIs'!H9 -> 0 | I9: ='Daily KPIs'!I9 -> 306.372 | ... AC9: ='Daily KPIs'!AC9 -> 0 | AF9: ='Daily KPIs'!AD9 -> 189.09 | AG9: =SUM($B9:AF9) -> 7292.4732
A10: Product Type | B10: ='Daily KPIs'!B10 -> CB/ST | C10: ='Daily KPIs'!C10 -> ST/CB | D10: ='Daily KPIs'!D10 -> CB | E10: ='Daily KPIs'!E10 -> SM | F10: ='Daily KPIs'!F10 -> CB | G10: ='Daily KPIs'!G10 -> 0 | H10: ='Daily KPIs'!I10 -> CB | I10: ='Daily KPIs'!J10 -> CB | J10: ='Daily KPIs'!J10 -> CB | K10: ='Daily KPIs'!K10 -> CB/GN | L10: ='Daily KPIs'!L10 -> GN | M10: ='Daily KPIs'!M10 -> GN | N10: ='Daily KPIs'!N10 -> 0 | O10: ='Daily KPIs'!O10 -> 0 | P10: ='Daily KPIs'!P10 -> VM/ ST | Q10: ='Daily KPIs'!Q10 -> ST | ... Y10: ='Daily KPIs'!Y10 -> 0 | AA10: ='Daily KPIs'!AA10 -> MK/CB | AB10: ='Daily KPIs'!AB10 -> 0 | AC10: ='Daily KPIs'!AC10 -> 0 | AF10: ='Daily KPIs'!AD10 -> CB
A13: Water (m3)
A14: Area | B14: 1 | C14: 2 | D14: 3 | E14: 4 | F14: 5 | G14: 6 | H14: 7 | I14: 8 | J14: 9 | K14: 10 | L14: 11 | M14: 12 | N14: 13 | O14: 14 | P14: 15 | Q14: 16 | R14: 17 | S14: 18 | T14: 19 | U14: 20 | V14: 21 | W14: 22 | X14: 23 | Y14: 24 | Z14: 25 | AA14: 26 | AB14: 27 | AC14: 28 | AD14: 29 | AE14: 30 | AF14: 31 | AG14: MTD
A15: Well Supply (from filtered water) | B15: =+'Water '!$C7 -> 0 | C15: =+'Water '!$C8 -> 0 | D15: =+'Water '!$C9 -> 0 | E15: =+'Water '!$C10 -> 0 | F15: =+'Water '!$C11 -> 0 | G15: =+'Water '!$C12 -> 0 | H15: =+'Water '!$C13 -> 0 | I15: =+'Water '!$C14 -> 0 | J15: =+'Water '!$C15 -> 0 | K15: =+'Water '!$C16 -> 0 | L15: =+'Water '!$C17 -> 0 | M15: =+'Water '!$C18 -> 0 | N15: =+'Water '!$C18 -> 0 | O15: =+'Water '!$C20 -> 0 | P15: =+'Water '!$C21 -> 0 | Q15: =+'Water '!$C22 -> 0 | R15: =+'Water '!$C23 -> 0 | S15: =+'Water '!$C24 -> 0 | T15: =+'Water '!$C25 -> 0 | U15: =+'Water '!$C26 -> 0 | V15: =+'Water '!$C27 -> 0 | W15: =+'Water '!$C28 -> 0 | X15: =+'Water '!$C29 -> 0 | Y15: =+'Water '!$C30 -> 0 | Z15: =+'Water '!$C31 -> 0 | AA15: =+'Water '!$C32 -> 0 | AB15: =+'Water '!$C33 -> 0 | AC15: =+'Water '!$C34 -> 0 | AD15: =+'Water '!$C31 -> 0 | AE15: =+'Water '!$C32 -> 0 | AF15: =+'Water '!$C33 -> 0 | AG15: =SUM($B15:AF15) -> 0
A16: Nawasa Supply | B16: =+'Water '!$D7 -> 446 | C16: =+'Water '!$D8 -> 96 | D16: =+'Water '!$D9 -> 207 | E16: =+'Water '!$D10 -> 71 | F16: =+'Water '!$D11 -> 82 | G16: =+'Water '!$D12 -> 0 | H16: =+'Water '!$D13 -> 0 | I16: =+'Water '!$D14 -> 182 | J16: =+'Water '!$D15 -> 333 | K16: =+'Water '!$D16 -> 183 | L16: =+'Water '!$D17 -> 54 | M16: =+'Water '!$D18 -> 0 | N16: =+'Water '!$D19 -> 0 | O16: =+'Water '!$D20 -> 0 | P16: =+'Water '!$D21 -> 249 | Q16: =+'Water '!$D22 -> 202 | R16: =+'Water '!$D23 -> 111 | S16: =+'Water '!$D24 -> 209 | T16: =+'Water '!$D25 -> 198 | U16: =+'Water '!$D26 -> 0 | V16: =+'Water '!$D27 -> 74 | W16: =+'Water '!$D28 -> 199 | X16: =+'Water '!$D29 -> 396 | Y16: =+'Water '!$D30 -> 102 | Z16: =+'Water '!$D31 -> 251 | AA16: =+'Water '!$D32 -> 141 | AB16: =+'Water '!$D33 -> 0 | AC16: =+'Water '!$D34 -> 0 | AD16: =+'Water '!$D31 -> 251 | AE16: =+'Water '!$D32 -> 141 | AF16: =+'Water '!$D33 -> 0 | AG16: =SUM($B16:AF16) -> 4178
A17: Annanale Supply | B17: =+'Water '!$E7 -> 244 | C17: =+'Water '!$E8 -> 137 | D17: =+'Water '!$E9 -> 175 | E17: =+'Water '!$E10 -> 290 | F17: =+'Water '!$E11 -> 254 | G17: =+'Water '!$E12 -> 89 | H17: =+'Water '!$E13 -> 0 | I17: =+'Water '!$E14 -> 145 | J17: =+'Water '!$E15 -> 52 | K17: =+'Water '!$E16 -> 109 | L17: =+'Water '!$E17 -> 231 | M17: =+'Water '!$E18 -> 80 | N17: =+'Water '!$E19 -> 76 | O17: =+'Water '!$E20 -> 68 | P17: =+'Water '!$E21 -> 103 | Q17: =+'Water '!$E22 -> 185 | R17: =+'Water '!$E23 -> 187 | S17: =+'Water '!$E24 -> 234 | T17: =+'Water '!$E25 -> 225 | U17: =+'Water '!$E26 -> 0 | V17: =+'Water '!$E27 -> 45 | W17: =+'Water '!$E28 -> 136 | X17: =+'Water '!$E29 -> 57 | Y17: =+'Water '!$E30 -> 121 | Z17: =+'Water '!$E31 -> 129 | AA17: =+'Water '!$E32 -> 183 | AB17: =+'Water '!$E33 -> 147 | AC17: =+'Water '!$E34 -> 0 | AD17: =+'Water '!$E31 -> 129 | AE17: =+'Water '!$E32 -> 183 | AF17: =+'Water '!$E33 -> 147 | AG17: =SUM($B17:AF17) -> 4161
A18: Total Water Supply | B18: =SUM(B15:B17) -> 690 | C18: =SUM(C15:C17) -> 233 | D18: =SUM(D15:D17) -> 382 | E18: =SUM(E15:E17) -> 361 | F18: =SUM(F15:F17) -> 336 | G18: =SUM(G15:G17) -> 89 | H18: =SUM(H15:H17) -> 0 | I18: =SUM(I15:I17) -> 327 | ... AF18: =SUM(AF15:AF17) -> 147 | AG18: =SUM($B18:AF18) -> 8339
AG20: =SUM($B20:AF20) -> 0
A21: Theoretical permeate | B21: =0.73*(B96+B15) -> 164.98 | C21: =0.73*(C96+C15) -> 104.39 | D21: =0.73*(D96+D15) -> 3.65 | E21: =0.73*(E96+E15) -> 349.67 | F21: =0.73*(F96+F15) -> 198.56 | G21: =0.73*(G96+G15) -> 67.89 | H21: =0.73*(H96+H15) -> 0 | I21: =0.73*(I96+I15) -> 110.96 | ... AF21: =0.73*(AF96+AF15) -> 47.45 | AG21: =SUM($B21:AF21) -> 2794.44 | AH21: =AG24+AG37+AG28 -> 8313 | AJ21: =(AH21*10)/AG9 -> 11.399425
E22: =0.73*(E97+E16) -> 51.83
A23: Permeate Produced | B23: ='Water '!R7 -> 0 | C23: ='Water '!R8 -> 0 | D23: ='Water '!R9 -> 0 | E23: ='Water '!R10 -> 0 | F23: ='Water '!R11 -> 0 | G23: ='Water '!R12 -> 0 | H23: ='Water '!R13 -> 0 | I23: ='Water '!R14 -> 0 | J23: ='Water '!R15 -> 0 | K23: ='Water '!R16 -> 0 | L23: ='Water '!R17 -> 0 | M23: ='Water '!R18 -> 0 | N23: ='Water '!R19 -> 0 | O23: ='Water '!R20 -> 0 | P23: ='Water '!R21 -> 0 | Q23: ='Water '!R22 -> 0 | R23: ='Water '!R23 -> 0 | S23: ='Water '!R24 -> 0 | T23: ='Water '!R25 -> 0 | U23: ='Water '!R26 -> 0 | V23: ='Water '!R27 -> 0 | W23: ='Water '!R28 -> 0 | X23: ='Water '!R29 -> 0 | Y23: ='Water '!R30 -> 0 | Z23: ='Water '!R31 -> 0 | AA23: ='Water '!R32 -> 0 | AB23: ='Water '!R33 -> 0 | AC23: ='Water '!R34 -> 0 | AD23: ='Water '!V31 -> 30 | AE23: ='Water '!V32 -> 69 | AF23: ='Water '!V33 -> 0 | AG23: =SUM($B23:AF23) -> 99
A24: Service Water Plant Supply | B24: ='Water '!H7 -> 252 | C24: ='Water '!H8 -> 242 | D24: ='Water '!H9 -> 170 | E24: ='Water '!H10 -> 223 | F24: ='Water '!H11 -> 178 | G24: ='Water '!H12 -> 83 | H24: ='Water '!H13 -> 0 | I24: ='Water '!H14 -> 166 | J24: ='Water '!H15 -> 206 | K24: ='Water '!H16 -> 204 | L24: ='Water '!H17 -> 98 | M24: ='Water '!H18 -> 81 | N24: ='Water '!H19 -> 22 | O24: ='Water '!H20 -> 74 | P24: ='Water '!H21 -> 249 | Q24: ='Water '!H22 -> 201 | R24: ='Water '!H23 -> 240 | S24: ='Water '!H24 -> 291 | T24: ='Water '!H25 -> 210 | U24: ='Water '!H26 -> 37 | V24: ='Water '!H27 -> 23 | W24: ='Water '!H28 -> 267 | X24: ='Water '!H29 -> 259 | Y24: ='Water '!H30 -> 102 | Z24: ='Water '!H31 -> 196 | AA24: ='Water '!H32 -> 240 | AB24: ='Water '!H33 -> 68 | AC24: ='Water '!H34 -> 19 | AD24: ='Water '!L31 -> 0 | AE24: ='Water '!L32 -> 0 | AF24: ='Water '!L33 -> 0 | AG24: =SUM($B24:AF24) -> 4401
A25: Water consumption | B25: =SUM(B23:B24) -> 252 | C25: =SUM(C23:C24) -> 242 | D25: =SUM(D23:D24) -> 170 | E25: =SUM(E23:E24) -> 223 | F25: =SUM(F23:F24) -> 178 | G25: =SUM(G23:G24) -> 83 | H25: =SUM(H23:H24) -> 0 | I25: =SUM(I23:I24) -> 166 | ... AF25: =SUM(AF23:AF24) -> 0 | AG25: =SUM($B25:AF25) -> 4500
B26: =IF(B$9=0,"",+(B25*10)/B$9) -> 6.4474533 | C26: =IF(C$9=0,"",+(C25*10)/C$9) -> 7.7716547 | D26: =IF(D$9=0,"",+(D25*10)/D$9) -> 5.7074176 | E26: =IF(E$9=0,"",+(E25*10)/E$9) -> 5.6872376 | F26: =IF(F$9=0,"",+(F25*10)/F$9) -> 6.484659 | G26: =IF(G$9=0,"",+(G25*10)/G$9) | H26: =IF(H$9=0,"",+(H25*10)/H$9) | I26: =IF(I$9=0,"",+(I25*10)/I$9) -> 5.4182497 | ... AF26: =IF(AF$9=0,"",+(AF25*10)/AF$9) -> 0
A27: Water Consumption detail | AG27: =SUM($B27:AF27) -> 0
A28: Brewhouse / Old Pepsi Area | B28: =+'Water '!$J7 -> 166 | C28: =+'Water '!$J8 -> 208 | D28: =+'Water '!$J9 -> 165 | E28: =+'Water '!$J10 -> 180 | F28: =+'Water '!$J11 -> 207 | G28: =+'Water '!$J12 -> 0 | H28: =+'Water '!$J13 -> 0 | I28: =+'Water '!$J14 -> 191 | J28: =+'Water '!$J15 -> 211 | K28: =+'Water '!$J16 -> 189 | L28: =+'Water '!$J17 -> 164 | M28: =+'Water '!$J18 -> 50 | N28: =+'Water '!$J19 -> 0 | O28: =+'Water '!$J20 -> 6 | P28: =+'Water '!$J21 -> 100 | Q28: =+'Water '!$J22 -> 119 | R28: =+'Water '!$J23 -> 149 | S28: =+'Water '!$J24 -> 162 | T28: =+'Water '!$J25 -> 168 | U28: =+'Water '!$J26 -> 0 | V28: =+'Water '!$J27 -> 1 | W28: =+'Water '!$J28 -> 131 | X28: =+'Water '!$J29 -> 192 | Y28: =+'Water '!$J30 -> 163 | Z28: =+'Water '!$J31 -> 179 | AA28: =+'Water '!$J32 -> 113 | AB28: =+'Water '!$J33 -> 35 | AC28: =+'Water '!$J34 -> 1 | AD28: =+'Water '!$J31 -> 179 | AE28: =+'Water '!$J32 -> 113 | AF28: =+'Water '!$J33 -> 35 | AG28: =SUM($B28:AF28) -> 3577
A29: Spent Grains/Wash-down Areas | B29: ='Water '!X7 -> 0 | C29: ='Water '!X8 -> 0 | D29: ='Water '!X9 -> 0 | E29: ='Water '!X10 -> 0 | F29: ='Water '!X11 -> 0 | G29: ='Water '!X12 -> 0 | H29: ='Water '!X13 -> 0 | I29: ='Water '!X14 -> 0 | J29: ='Water '!X15 -> 0 | K29: ='Water '!X16 -> 0 | L29: ='Water '!X17 -> 0 | M29: ='Water '!X18 -> 0 | N29: ='Water '!X19 -> 0 | O29: ='Water '!X20 -> 0 | P29: ='Water '!X21 -> 0 | Q29: ='Water '!X22 -> 0 | R29: ='Water '!X23 -> 0 | S29: ='Water '!X24 -> 0 | T29: ='Water '!X25 -> 0 | U29: ='Water '!X26 -> 0 | V29: ='Water '!X27 -> 0 | W29: ='Water '!X28 -> 0 | X29: ='Water '!X29 -> 0 | Y29: ='Water '!X30 -> 0 | Z29: ='Water '!X31 -> 0 | AA29: ='Water '!X32 -> 0 | AB29: ='Water '!X33 -> 0 | AC29: ='Water '!X34 -> 0 | AD29: ='Water '!AB31 -> 13.430314 | AE29: ='Water '!AB32 -> 6.1920925 | AF29: ='Water '!AB33 -> 0 | AG29: =SUM($B29:AF29) -> 19.622407
A30: Whirlpool
A31: Filtration/Cellars | B31: =+'Water '!$K7 -> 0 | C31: =+'Water '!$K8 -> 0 | D31: =+'Water '!$K9 -> 0 | E31: =+'Water '!$K10 -> 0 | F31: =+'Water '!$K11 -> 0 | G31: =+'Water '!$K12 -> 0 | H31: =+'Water '!$K13 -> 0 | I31: =+'Water '!$K14 -> 0 | J31: =+'Water '!$K15 -> 0 | K31: =+'Water '!$K16 -> 0 | L31: =+'Water '!$K17 -> 0 | M31: =+'Water '!$K18 -> 0 | N31: =+'Water '!$K19 -> 0 | O31: =+'Water '!$K19 -> 0 | P31: =+'Water '!$K19 -> 0 | Q31: =+'Water '!$K22 -> 0 | R31: =+'Water '!$K22 -> 0 | S31: =+'Water '!$K22 -> 0 | T31: =+'Water '!$K25 -> 0 | U31: =+'Water '!$K26 -> 0 | V31: =+'Water '!$K27 -> 0 | W31: =+'Water '!$K28 -> 0 | X31: =+'Water '!$K29 -> 0 | Y31: =+'Water '!$K30 -> 0 | Z31: =+'Water '!$K31 -> 0 | AA31: =+'Water '!$K32 -> 0 | AB31: =+'Water '!$K33 -> 0 | AC31: =+'Water '!$K34 -> 0 | AD31: =+'Water '!$K31 -> 0 | AE31: =+'Water '!$K32 -> 0 | AF31: =+'Water '!$K33 -> 0 | AG31: =SUM($B31:AF31) -> 0
